00:00.491  blend            | Read blend: "/Users/dean/Documents/MORI/mechanical/mori_assembly_animation.blend"
00:00.831  render           | Rendering animation (frames 1..1296)
00:00.843  render           | Rendering frame 1
00:00.843  render           | Start rendering: MORI_Assembly_Animation, 视图层
00:00.843  render           | Engine: EEVEE
00:00.983  render           | Fra: 1 | Rendering 1 / 32 samples
Blender 5.2.1 LTS (hash 9e2066aef7ef built 2026-08-25 01:35:57)
Scene switch for render: 'MORI_Assembly_Animation' in file: '/Users/dean/Documents/MORI/mechanical/mori_assembly_animation.blend'
00:01.023  render           | Fra: 1 | Rendering 25 / 32 samples
00:01.033  render           | Fra: 1 | Rendering 32 / 32 samples
00:01.080  render           | Video append frame 1
00:01.080  render           | Time: 00:00.23 (Saving: 00:00.04)
00:01.080  render           | Rendering frame 2
00:01.080  render           | Start rendering: MORI_Assembly_Animation, 视图层
00:01.080  render           | Engine: EEVEE
00:01.116  render           | Fra: 2 | Rendering 1 / 32 samples
00:01.204  render           | Fra: 2 | Rendering 25 / 32 samples
00:01.232  render           | Fra: 2 | Rendering 32 / 32 samples
00:01.256  render           | Video append frame 2
00:01.256  render           | Time: 00:00.17 (Saving: 00:00.01)
00:01.256  render           | Rendering frame 3
00:01.257  render           | Start rendering: MORI_Assembly_Animation, 视图层
00:01.257  render           | Engine: EEVEE
00:01.297  render           | Fra: 3 | Rendering 1 / 32 samples
00:01.395  render           | Fra: 3 | Rendering 25 / 32 samples
00:01.425  render           | Fra: 3 | Rendering 32 / 32 samples
00:01.441  render           | Video append frame 3
00:01.441  render           | Time: 00:00.18 (Saving: 00:00.01)
00:01.441  render           | Rendering frame 4
00:01.441  render           | Start rendering: MORI_Assembly_Animation, 视图层
00:01.441  render           | Engine: EEVEE
00:01.480  render           | Fra: 4 | Rendering 1 / 32 samples
00:01.608  render           | Fra: 4 | Rendering 25 / 32 samples
00:01.647  render           | Fra: 4 | Rendering 32 / 32 samples
00:01.673  render           | Video append frame 4
00:01.673  render           | Time: 00:00.23 (Saving: 00:00.02)
00:01.673  render           | Rendering frame 5
00:01.673  render           | Start rendering: MORI_Assembly_Animation, 视图层
00:01.673  render           | Engine: EEVEE
00:01.720  render           | Fra: 5 | Rendering 1 / 32 samples
00:01.826  render           | Fra: 5 | Rendering 25 / 32 samples
00:01.851  render           | Fra: 5 | Rendering 32 / 32 samples
00:01.881  render           | Video append frame 5
00:01.881  render           | Time: 00:00.20 (Saving: 00:00.02)
00:01.881  render           | Rendering frame 6
00:01.881  render           | Start rendering: MORI_Assembly_Animation, 视图层
00:01.881  render           | Engine: EEVEE
00:01.915  render           | Fra: 6 | Rendering 1 / 32 samples
00:02.052  render           | Fra: 6 | Rendering 25 / 32 samples
00:02.093  render           | Fra: 6 | Rendering 32 / 32 samples
00:02.120  render           | Video append frame 6
00:02.121  render           | Time: 00:00.23 (Saving: 00:00.01)
00:02.121  render           | Rendering frame 7
00:02.121  render           | Start rendering: MORI_Assembly_Animation, 视图层
00:02.121  render           | Engine: EEVEE
00:02.157  render           | Fra: 7 | Rendering 1 / 32 samples
00:02.295  render           | Fra: 7 | Rendering 25 / 32 samples
00:02.334  render           | Fra: 7 | Rendering 32 / 32 samples
00:02.361  render           | Video append frame 7
00:02.361  render           | Time: 00:00.24 (Saving: 00:00.02)
00:02.361  render           | Rendering frame 8
00:02.362  render           | Start rendering: MORI_Assembly_Animation, 视图层
00:02.362  render           | Engine: EEVEE
00:02.403  render           | Fra: 8 | Rendering 1 / 32 samples
00:02.541  render           | Fra: 8 | Rendering 25 / 32 samples
00:02.580  render           | Fra: 8 | Rendering 32 / 32 samples
00:02.598  render           | Video append frame 8
00:02.598  render           | Time: 00:00.23 (Saving: 00:00.01)
00:02.598  render           | Rendering frame 9
00:02.598  render           | Start rendering: MORI_Assembly_Animation, 视图层
00:02.598  render           | Engine: EEVEE
00:02.637  render           | Fra: 9 | Rendering 1 / 32 samples
00:02.774  render           | Fra: 9 | Rendering 25 / 32 samples
00:02.815  render           | Fra: 9 | Rendering 32 / 32 samples
00:02.826  render           | Video append frame 9
00:02.826  render           | Time: 00:00.22 (Saving: 00:00.00)
00:02.826  render           | Rendering frame 10
00:02.826  render           | Start rendering: MORI_Assembly_Animation, 视图层
00:02.826  render           | Engine: EEVEE
00:02.871  render           | Fra: 10 | Rendering 1 / 32 samples
00:03.009  render           | Fra: 10 | Rendering 25 / 32 samples
00:03.048  render           | Fra: 10 | Rendering 32 / 32 samples
00:03.068  render           | Video append frame 10
00:03.068  render           | Time: 00:00.24 (Saving: 00:00.01)
00:03.068  render           | Rendering frame 11
00:03.068  render           | Start rendering: MORI_Assembly_Animation, 视图层
00:03.068  render           | Engine: EEVEE
00:03.110  render           | Fra: 11 | Rendering 1 / 32 samples
00:03.247  render           | Fra: 11 | Rendering 25 / 32 samples
00:03.286  render           | Fra: 11 | Rendering 32 / 32 samples
00:03.322  render           | Video append frame 11
00:03.322  render           | Time: 00:00.25 (Saving: 00:00.02)
00:03.322  render           | Rendering frame 12
00:03.322  render           | Start rendering: MORI_Assembly_Animation, 视图层
00:03.322  render           | Engine: EEVEE
00:03.362  render           | Fra: 12 | Rendering 1 / 32 samples
00:03.499  render           | Fra: 12 | Rendering 25 / 32 samples
00:03.538  render           | Fra: 12 | Rendering 32 / 32 samples
00:03.572  render           | Video append frame 12
00:03.572  render           | Time: 00:00.24 (Saving: 00:00.02)
00:03.572  render           | Rendering frame 13
00:03.572  render           | Start rendering: MORI_Assembly_Animation, 视图层
00:03.572  render           | Engine: EEVEE
00:03.612  render           | Fra: 13 | Rendering 1 / 32 samples
00:03.749  render           | Fra: 13 | Rendering 25 / 32 samples
00:03.787  render           | Fra: 13 | Rendering 32 / 32 samples
00:03.808  render           | Video append frame 13
00:03.808  render           | Time: 00:00.23 (Saving: 00:00.01)
00:03.808  render           | Rendering frame 14
00:03.808  render           | Start rendering: MORI_Assembly_Animation, 视图层
00:03.808  render           | Engine: EEVEE
00:03.849  render           | Fra: 14 | Rendering 1 / 32 samples
00:03.986  render           | Fra: 14 | Rendering 25 / 32 samples
00:04.026  render           | Fra: 14 | Rendering 32 / 32 samples
00:04.054  render           | Video append frame 14
00:04.054  render           | Time: 00:00.24 (Saving: 00:00.01)
00:04.054  render           | Rendering frame 15
00:04.054  render           | Start rendering: MORI_Assembly_Animation, 视图层
00:04.055  render           | Engine: EEVEE
00:04.097  render           | Fra: 15 | Rendering 1 / 32 samples
00:04.237  render           | Fra: 15 | Rendering 25 / 32 samples
00:04.278  render           | Fra: 15 | Rendering 32 / 32 samples
00:04.286  render           | Video append frame 15
00:04.286  render           | Time: 00:00.23 (Saving: 00:00.00)
00:04.286  render           | Rendering frame 16
00:04.286  render           | Start rendering: MORI_Assembly_Animation, 视图层
00:04.286  render           | Engine: EEVEE
00:04.324  render           | Fra: 16 | Rendering 1 / 32 samples
00:04.465  render           | Fra: 16 | Rendering 25 / 32 samples
00:04.508  render           | Fra: 16 | Rendering 32 / 32 samples
00:04.517  render           | Video append frame 16
00:04.517  render           | Time: 00:00.23 (Saving: 00:00.00)
00:04.517  render           | Rendering frame 17
00:04.517  render           | Start rendering: MORI_Assembly_Animation, 视图层
00:04.517  render           | Engine: EEVEE
00:04.554  render           | Fra: 17 | Rendering 1 / 32 samples
00:04.701  render           | Fra: 17 | Rendering 25 / 32 samples
00:04.745  render           | Fra: 17 | Rendering 32 / 32 samples
00:04.756  render           | Video append frame 17
00:04.756  render           | Time: 00:00.23 (Saving: 00:00.00)
00:04.756  render           | Rendering frame 18
00:04.756  render           | Start rendering: MORI_Assembly_Animation, 视图层
00:04.756  render           | Engine: EEVEE
00:04.793  render           | Fra: 18 | Rendering 1 / 32 samples
00:04.939  render           | Fra: 18 | Rendering 25 / 32 samples
00:04.982  render           | Fra: 18 | Rendering 32 / 32 samples
00:04.991  render           | Video append frame 18
00:04.991  render           | Time: 00:00.23 (Saving: 00:00.00)
00:04.991  render           | Rendering frame 19
00:04.991  render           | Start rendering: MORI_Assembly_Animation, 视图层
00:04.991  render           | Engine: EEVEE
00:05.028  render           | Fra: 19 | Rendering 1 / 32 samples
00:05.172  render           | Fra: 19 | Rendering 25 / 32 samples
00:05.212  render           | Fra: 19 | Rendering 32 / 32 samples
00:05.220  render           | Video append frame 19
00:05.220  render           | Time: 00:00.22 (Saving: 00:00.00)
00:05.220  render           | Rendering frame 20
00:05.221  render           | Start rendering: MORI_Assembly_Animation, 视图层
00:05.221  render           | Engine: EEVEE
00:05.258  render           | Fra: 20 | Rendering 1 / 32 samples
00:05.395  render           | Fra: 20 | Rendering 25 / 32 samples
00:05.434  render           | Fra: 20 | Rendering 32 / 32 samples
00:05.444  render           | Video append frame 20
00:05.444  render           | Time: 00:00.22 (Saving: 00:00.00)
00:05.444  render           | Rendering frame 21
00:05.444  render           | Start rendering: MORI_Assembly_Animation, 视图层
00:05.444  render           | Engine: EEVEE
00:05.480  render           | Fra: 21 | Rendering 1 / 32 samples
00:05.616  render           | Fra: 21 | Rendering 25 / 32 samples
00:05.657  render           | Fra: 21 | Rendering 32 / 32 samples
00:05.665  render           | Video append frame 21
00:05.665  render           | Time: 00:00.22 (Saving: 00:00.00)
00:05.665  render           | Rendering frame 22
00:05.665  render           | Start rendering: MORI_Assembly_Animation, 视图层
00:05.665  render           | Engine: EEVEE
00:05.698  render           | Fra: 22 | Rendering 1 / 32 samples
00:05.833  render           | Fra: 22 | Rendering 25 / 32 samples
00:05.872  render           | Fra: 22 | Rendering 32 / 32 samples
00:05.881  render           | Video append frame 22
00:05.881  render           | Time: 00:00.21 (Saving: 00:00.00)
00:05.881  render           | Rendering frame 23
00:05.881  render           | Start rendering: MORI_Assembly_Animation, 视图层
00:05.881  render           | Engine: EEVEE
00:05.915  render           | Fra: 23 | Rendering 1 / 32 samples
00:06.049  render           | Fra: 23 | Rendering 25 / 32 samples
00:06.087  render           | Fra: 23 | Rendering 32 / 32 samples
00:06.096  render           | Video append frame 23
00:06.096  render           | Time: 00:00.21 (Saving: 00:00.00)
00:06.096  render           | Rendering frame 24
00:06.096  render           | Start rendering: MORI_Assembly_Animation, 视图层
00:06.096  render           | Engine: EEVEE
00:06.129  render           | Fra: 24 | Rendering 1 / 32 samples
00:06.263  render           | Fra: 24 | Rendering 25 / 32 samples
00:06.302  render           | Fra: 24 | Rendering 32 / 32 samples
00:06.310  render           | Video append frame 24
00:06.310  render           | Time: 00:00.21 (Saving: 00:00.00)
00:06.310  render           | Rendering frame 25
00:06.310  render           | Start rendering: MORI_Assembly_Animation, 视图层
00:06.310  render           | Engine: EEVEE
00:06.342  render           | Fra: 25 | Rendering 1 / 32 samples
00:06.476  render           | Fra: 25 | Rendering 25 / 32 samples
00:06.515  render           | Fra: 25 | Rendering 32 / 32 samples
00:06.523  render           | Video append frame 25
00:06.523  render           | Time: 00:00.21 (Saving: 00:00.00)
00:06.523  render           | Rendering frame 26
00:06.523  render           | Start rendering: MORI_Assembly_Animation, 视图层
00:06.523  render           | Engine: EEVEE
00:06.557  render           | Fra: 26 | Rendering 1 / 32 samples
00:06.692  render           | Fra: 26 | Rendering 25 / 32 samples
00:06.731  render           | Fra: 26 | Rendering 32 / 32 samples
00:06.742  render           | Video append frame 26
00:06.742  render           | Time: 00:00.21 (Saving: 00:00.00)
00:06.742  render           | Rendering frame 27
00:06.742  render           | Start rendering: MORI_Assembly_Animation, 视图层
00:06.742  render           | Engine: EEVEE
00:06.776  render           | Fra: 27 | Rendering 1 / 32 samples
00:06.910  render           | Fra: 27 | Rendering 25 / 32 samples
00:06.949  render           | Fra: 27 | Rendering 32 / 32 samples
00:06.966  render           | Video append frame 27
00:06.966  render           | Time: 00:00.22 (Saving: 00:00.01)
00:06.966  render           | Rendering frame 28
00:06.966  render           | Start rendering: MORI_Assembly_Animation, 视图层
00:06.966  render           | Engine: EEVEE
00:07.003  render           | Fra: 28 | Rendering 1 / 32 samples
00:07.137  render           | Fra: 28 | Rendering 25 / 32 samples
00:07.177  render           | Fra: 28 | Rendering 32 / 32 samples
00:07.196  render           | Video append frame 28
00:07.196  render           | Time: 00:00.23 (Saving: 00:00.01)
00:07.196  render           | Rendering frame 29
00:07.197  render           | Start rendering: MORI_Assembly_Animation, 视图层
00:07.197  render           | Engine: EEVEE
00:07.237  render           | Fra: 29 | Rendering 1 / 32 samples
00:07.370  render           | Fra: 29 | Rendering 25 / 32 samples
00:07.410  render           | Fra: 29 | Rendering 32 / 32 samples
00:07.429  render           | Video append frame 29
00:07.429  render           | Time: 00:00.23 (Saving: 00:00.01)
00:07.429  render           | Rendering frame 30
00:07.429  render           | Start rendering: MORI_Assembly_Animation, 视图层
00:07.429  render           | Engine: EEVEE
00:07.468  render           | Fra: 30 | Rendering 1 / 32 samples
00:07.603  render           | Fra: 30 | Rendering 25 / 32 samples
00:07.644  render           | Fra: 30 | Rendering 32 / 32 samples
00:07.661  render           | Video append frame 30
00:07.661  render           | Time: 00:00.23 (Saving: 00:00.01)
00:07.661  render           | Rendering frame 31
00:07.661  render           | Start rendering: MORI_Assembly_Animation, 视图层
00:07.661  render           | Engine: EEVEE
00:07.700  render           | Fra: 31 | Rendering 1 / 32 samples
00:07.837  render           | Fra: 31 | Rendering 25 / 32 samples
00:07.877  render           | Fra: 31 | Rendering 32 / 32 samples
00:07.890  render           | Video append frame 31
00:07.890  render           | Time: 00:00.22 (Saving: 00:00.00)
00:07.890  render           | Rendering frame 32
00:07.890  render           | Start rendering: MORI_Assembly_Animation, 视图层
00:07.890  render           | Engine: EEVEE
00:07.928  render           | Fra: 32 | Rendering 1 / 32 samples
00:08.065  render           | Fra: 32 | Rendering 25 / 32 samples
00:08.103  render           | Fra: 32 | Rendering 32 / 32 samples
00:08.126  render           | Video append frame 32
00:08.126  render           | Time: 00:00.23 (Saving: 00:00.01)
00:08.126  render           | Rendering frame 33
00:08.126  render           | Start rendering: MORI_Assembly_Animation, 视图层
00:08.126  render           | Engine: EEVEE
00:08.165  render           | Fra: 33 | Rendering 1 / 32 samples
00:08.298  render           | Fra: 33 | Rendering 25 / 32 samples
00:08.338  render           | Fra: 33 | Rendering 32 / 32 samples
00:08.365  render           | Video append frame 33
00:08.365  render           | Time: 00:00.23 (Saving: 00:00.02)
00:08.365  render           | Rendering frame 34
00:08.365  render           | Start rendering: MORI_Assembly_Animation, 视图层
00:08.365  render           | Engine: EEVEE
00:08.402  render           | Fra: 34 | Rendering 1 / 32 samples
00:08.544  render           | Fra: 34 | Rendering 25 / 32 samples
00:08.582  render           | Fra: 34 | Rendering 32 / 32 samples
00:08.614  render           | Video append frame 34
00:08.614  render           | Time: 00:00.24 (Saving: 00:00.01)
00:08.614  render           | Rendering frame 35
00:08.614  render           | Start rendering: MORI_Assembly_Animation, 视图层
00:08.614  render           | Engine: EEVEE
00:08.653  render           | Fra: 35 | Rendering 1 / 32 samples
00:08.798  render           | Fra: 35 | Rendering 25 / 32 samples
00:08.842  render           | Fra: 35 | Rendering 32 / 32 samples
00:08.850  render           | Video append frame 35
00:08.850  render           | Time: 00:00.23 (Saving: 00:00.00)
00:08.850  render           | Rendering frame 36
00:08.851  render           | Start rendering: MORI_Assembly_Animation, 视图层
00:08.851  render           | Engine: EEVEE
00:08.892  render           | Fra: 36 | Rendering 1 / 32 samples
00:09.035  render           | Fra: 36 | Rendering 25 / 32 samples
00:09.077  render           | Fra: 36 | Rendering 32 / 32 samples
00:09.085  render           | Video append frame 36
00:09.085  render           | Time: 00:00.23 (Saving: 00:00.00)
00:09.085  render           | Rendering frame 37
00:09.085  render           | Start rendering: MORI_Assembly_Animation, 视图层
00:09.085  render           | Engine: EEVEE
00:09.124  render           | Fra: 37 | Rendering 1 / 32 samples
00:09.263  render           | Fra: 37 | Rendering 25 / 32 samples
00:09.303  render           | Fra: 37 | Rendering 32 / 32 samples
00:09.310  render           | Video append frame 37
00:09.310  render           | Time: 00:00.22 (Saving: 00:00.00)
00:09.310  render           | Rendering frame 38
00:09.311  render           | Start rendering: MORI_Assembly_Animation, 视图层
00:09.311  render           | Engine: EEVEE
00:09.346  render           | Fra: 38 | Rendering 1 / 32 samples
00:09.486  render           | Fra: 38 | Rendering 25 / 32 samples
00:09.527  render           | Fra: 38 | Rendering 32 / 32 samples
00:09.536  render           | Video append frame 38
00:09.536  render           | Time: 00:00.22 (Saving: 00:00.00)
00:09.536  render           | Rendering frame 39
00:09.536  render           | Start rendering: MORI_Assembly_Animation, 视图层
00:09.536  render           | Engine: EEVEE
00:09.574  render           | Fra: 39 | Rendering 1 / 32 samples
00:09.712  render           | Fra: 39 | Rendering 25 / 32 samples
00:09.753  render           | Fra: 39 | Rendering 32 / 32 samples
00:09.761  render           | Video append frame 39
00:09.761  render           | Time: 00:00.22 (Saving: 00:00.00)
00:09.761  render           | Rendering frame 40
00:09.761  render           | Start rendering: MORI_Assembly_Animation, 视图层
00:09.761  render           | Engine: EEVEE
00:09.798  render           | Fra: 40 | Rendering 1 / 32 samples
00:09.935  render           | Fra: 40 | Rendering 25 / 32 samples
00:09.976  render           | Fra: 40 | Rendering 32 / 32 samples
00:09.987  render           | Video append frame 40
00:09.987  render           | Time: 00:00.22 (Saving: 00:00.00)
00:09.987  render           | Rendering frame 41
00:09.987  render           | Start rendering: MORI_Assembly_Animation, 视图层
00:09.987  render           | Engine: EEVEE
00:10.030  render           | Fra: 41 | Rendering 1 / 32 samples
00:10.171  render           | Fra: 41 | Rendering 25 / 32 samples
00:10.212  render           | Fra: 41 | Rendering 32 / 32 samples
00:10.220  render           | Video append frame 41
00:10.220  render           | Time: 00:00.23 (Saving: 00:00.00)
00:10.220  render           | Rendering frame 42
00:10.221  render           | Start rendering: MORI_Assembly_Animation, 视图层
00:10.221  render           | Engine: EEVEE
00:10.263  render           | Fra: 42 | Rendering 1 / 32 samples
00:10.408  render           | Fra: 42 | Rendering 25 / 32 samples
00:10.447  render           | Fra: 42 | Rendering 32 / 32 samples
00:10.455  render           | Video append frame 42
00:10.455  render           | Time: 00:00.23 (Saving: 00:00.00)
00:10.455  render           | Rendering frame 43
00:10.455  render           | Start rendering: MORI_Assembly_Animation, 视图层
00:10.455  render           | Engine: EEVEE
00:10.498  render           | Fra: 43 | Rendering 1 / 32 samples
00:10.635  render           | Fra: 43 | Rendering 25 / 32 samples
00:10.675  render           | Fra: 43 | Rendering 32 / 32 samples
00:10.685  render           | Video append frame 43
00:10.685  render           | Time: 00:00.23 (Saving: 00:00.00)
00:10.685  render           | Rendering frame 44
00:10.685  render           | Start rendering: MORI_Assembly_Animation, 视图层
00:10.685  render           | Engine: EEVEE
00:10.721  render           | Fra: 44 | Rendering 1 / 32 samples
00:10.857  render           | Fra: 44 | Rendering 25 / 32 samples
00:10.896  render           | Fra: 44 | Rendering 32 / 32 samples
00:10.921  render           | Video append frame 44
00:10.921  render           | Time: 00:00.23 (Saving: 00:00.02)
00:10.921  render           | Rendering frame 45
00:10.921  render           | Start rendering: MORI_Assembly_Animation, 视图层
00:10.921  render           | Engine: EEVEE
00:10.952  render           | Fra: 45 | Rendering 1 / 32 samples
00:11.087  render           | Fra: 45 | Rendering 25 / 32 samples
00:11.127  render           | Fra: 45 | Rendering 32 / 32 samples
00:11.145  render           | Video append frame 45
00:11.145  render           | Time: 00:00.22 (Saving: 00:00.00)
00:11.145  render           | Rendering frame 46
00:11.146  render           | Start rendering: MORI_Assembly_Animation, 视图层
00:11.146  render           | Engine: EEVEE
00:11.185  render           | Fra: 46 | Rendering 1 / 32 samples
00:11.321  render           | Fra: 46 | Rendering 25 / 32 samples
00:11.360  render           | Fra: 46 | Rendering 32 / 32 samples
00:11.386  render           | Video append frame 46
00:11.386  render           | Time: 00:00.24 (Saving: 00:00.01)
00:11.386  render           | Rendering frame 47
00:11.386  render           | Start rendering: MORI_Assembly_Animation, 视图层
00:11.386  render           | Engine: EEVEE
00:11.425  render           | Fra: 47 | Rendering 1 / 32 samples
00:11.560  render           | Fra: 47 | Rendering 25 / 32 samples
00:11.598  render           | Fra: 47 | Rendering 32 / 32 samples
00:11.630  render           | Video append frame 47
00:11.630  render           | Time: 00:00.24 (Saving: 00:00.02)
00:11.630  render           | Rendering frame 48
00:11.630  render           | Start rendering: MORI_Assembly_Animation, 视图层
00:11.630  render           | Engine: EEVEE
00:11.670  render           | Fra: 48 | Rendering 1 / 32 samples
00:11.804  render           | Fra: 48 | Rendering 25 / 32 samples
00:11.843  render           | Fra: 48 | Rendering 32 / 32 samples
00:11.882  render           | Video append frame 48
00:11.882  render           | Time: 00:00.25 (Saving: 00:00.02)
00:11.882  render           | Rendering frame 49
00:11.882  render           | Start rendering: MORI_Assembly_Animation, 视图层
00:11.882  render           | Engine: EEVEE
00:11.965  render           | Fra: 49 | Rendering 1 / 32 samples
00:12.138  render           | Fra: 49 | Rendering 25 / 32 samples
00:12.186  render           | Fra: 49 | Rendering 32 / 32 samples
00:12.212  render           | Video append frame 49
00:12.212  render           | Time: 00:00.32 (Saving: 00:00.02)
00:12.212  render           | Rendering frame 50
00:12.212  render           | Start rendering: MORI_Assembly_Animation, 视图层
00:12.212  render           | Engine: EEVEE
00:12.254  render           | Fra: 50 | Rendering 1 / 32 samples
00:12.407  render           | Fra: 50 | Rendering 25 / 32 samples
00:12.447  render           | Fra: 50 | Rendering 32 / 32 samples
00:12.462  render           | Video append frame 50
00:12.462  render           | Time: 00:00.24 (Saving: 00:00.01)
00:12.462  render           | Rendering frame 51
00:12.462  render           | Start rendering: MORI_Assembly_Animation, 视图层
00:12.462  render           | Engine: EEVEE
00:12.504  render           | Fra: 51 | Rendering 1 / 32 samples
00:12.643  render           | Fra: 51 | Rendering 25 / 32 samples
00:12.682  render           | Fra: 51 | Rendering 32 / 32 samples
00:12.707  render           | Video append frame 51
00:12.707  render           | Time: 00:00.24 (Saving: 00:00.01)
00:12.707  render           | Rendering frame 52
00:12.707  render           | Start rendering: MORI_Assembly_Animation, 视图层
00:12.707  render           | Engine: EEVEE
00:12.746  render           | Fra: 52 | Rendering 1 / 32 samples
00:12.884  render           | Fra: 52 | Rendering 25 / 32 samples
00:12.925  render           | Fra: 52 | Rendering 32 / 32 samples
00:12.968  render           | Video append frame 52
00:12.968  render           | Time: 00:00.26 (Saving: 00:00.03)
00:12.968  render           | Rendering frame 53
00:12.969  render           | Start rendering: MORI_Assembly_Animation, 视图层
00:12.969  render           | Engine: EEVEE
00:13.014  render           | Fra: 53 | Rendering 1 / 32 samples
00:13.161  render           | Fra: 53 | Rendering 25 / 32 samples
00:13.202  render           | Fra: 53 | Rendering 32 / 32 samples
00:13.228  render           | Video append frame 53
00:13.228  render           | Time: 00:00.25 (Saving: 00:00.02)
00:13.228  render           | Rendering frame 54
00:13.228  render           | Start rendering: MORI_Assembly_Animation, 视图层
00:13.228  render           | Engine: EEVEE
00:13.269  render           | Fra: 54 | Rendering 1 / 32 samples
00:13.424  render           | Fra: 54 | Rendering 25 / 32 samples
00:13.467  render           | Fra: 54 | Rendering 32 / 32 samples
00:13.481  render           | Video append frame 54
00:13.481  render           | Time: 00:00.25 (Saving: 00:00.01)
00:13.481  render           | Rendering frame 55
00:13.481  render           | Start rendering: MORI_Assembly_Animation, 视图层
00:13.481  render           | Engine: EEVEE
00:13.524  render           | Fra: 55 | Rendering 1 / 32 samples
00:13.681  render           | Fra: 55 | Rendering 25 / 32 samples
00:13.725  render           | Fra: 55 | Rendering 32 / 32 samples
00:13.736  render           | Video append frame 55
00:13.736  render           | Time: 00:00.25 (Saving: 00:00.00)
00:13.736  render           | Rendering frame 56
00:13.736  render           | Start rendering: MORI_Assembly_Animation, 视图层
00:13.736  render           | Engine: EEVEE
00:13.779  render           | Fra: 56 | Rendering 1 / 32 samples
00:13.932  render           | Fra: 56 | Rendering 25 / 32 samples
00:13.974  render           | Fra: 56 | Rendering 32 / 32 samples
00:13.982  render           | Video append frame 56
00:13.982  render           | Time: 00:00.24 (Saving: 00:00.00)
00:13.982  render           | Rendering frame 57
00:13.982  render           | Start rendering: MORI_Assembly_Animation, 视图层
00:13.982  render           | Engine: EEVEE
00:14.028  render           | Fra: 57 | Rendering 1 / 32 samples
00:14.180  render           | Fra: 57 | Rendering 25 / 32 samples
00:14.224  render           | Fra: 57 | Rendering 32 / 32 samples
00:14.234  render           | Video append frame 57
00:14.234  render           | Time: 00:00.25 (Saving: 00:00.00)
00:14.234  render           | Rendering frame 58
00:14.234  render           | Start rendering: MORI_Assembly_Animation, 视图层
00:14.234  render           | Engine: EEVEE
00:14.277  render           | Fra: 58 | Rendering 1 / 32 samples
00:14.428  render           | Fra: 58 | Rendering 25 / 32 samples
00:14.473  render           | Fra: 58 | Rendering 32 / 32 samples
00:14.481  render           | Video append frame 58
00:14.481  render           | Time: 00:00.24 (Saving: 00:00.00)
00:14.481  render           | Rendering frame 59
00:14.481  render           | Start rendering: MORI_Assembly_Animation, 视图层
00:14.481  render           | Engine: EEVEE
00:14.525  render           | Fra: 59 | Rendering 1 / 32 samples
00:14.675  render           | Fra: 59 | Rendering 25 / 32 samples
00:14.720  render           | Fra: 59 | Rendering 32 / 32 samples
00:14.728  render           | Video append frame 59
00:14.728  render           | Time: 00:00.24 (Saving: 00:00.00)
00:14.728  render           | Rendering frame 60
00:14.729  render           | Start rendering: MORI_Assembly_Animation, 视图层
00:14.729  render           | Engine: EEVEE
00:14.771  render           | Fra: 60 | Rendering 1 / 32 samples
00:14.920  render           | Fra: 60 | Rendering 25 / 32 samples
00:14.966  render           | Fra: 60 | Rendering 32 / 32 samples
00:14.975  render           | Video append frame 60
00:14.975  render           | Time: 00:00.24 (Saving: 00:00.00)
00:14.975  render           | Rendering frame 61
00:14.975  render           | Start rendering: MORI_Assembly_Animation, 视图层
00:14.975  render           | Engine: EEVEE
00:15.013  render           | Fra: 61 | Rendering 1 / 32 samples
00:15.166  render           | Fra: 61 | Rendering 25 / 32 samples
00:15.209  render           | Fra: 61 | Rendering 32 / 32 samples
00:15.218  render           | Video append frame 61
00:15.218  render           | Time: 00:00.24 (Saving: 00:00.00)
00:15.218  render           | Rendering frame 62
00:15.218  render           | Start rendering: MORI_Assembly_Animation, 视图层
00:15.218  render           | Engine: EEVEE
00:15.256  render           | Fra: 62 | Rendering 1 / 32 samples
00:15.403  render           | Fra: 62 | Rendering 25 / 32 samples
00:15.448  render           | Fra: 62 | Rendering 32 / 32 samples
00:15.457  render           | Video append frame 62
00:15.457  render           | Time: 00:00.23 (Saving: 00:00.00)
00:15.457  render           | Rendering frame 63
00:15.457  render           | Start rendering: MORI_Assembly_Animation, 视图层
00:15.457  render           | Engine: EEVEE
00:15.500  render           | Fra: 63 | Rendering 1 / 32 samples
00:15.649  render           | Fra: 63 | Rendering 25 / 32 samples
00:15.688  render           | Fra: 63 | Rendering 32 / 32 samples
00:15.698  render           | Video append frame 63
00:15.698  render           | Time: 00:00.24 (Saving: 00:00.00)
00:15.698  render           | Rendering frame 64
00:15.698  render           | Start rendering: MORI_Assembly_Animation, 视图层
00:15.698  render           | Engine: EEVEE
00:15.728  render           | Fra: 64 | Rendering 1 / 32 samples
00:15.865  render           | Fra: 64 | Rendering 25 / 32 samples
00:15.905  render           | Fra: 64 | Rendering 32 / 32 samples
00:15.914  render           | Video append frame 64
00:15.914  render           | Time: 00:00.21 (Saving: 00:00.00)
00:15.914  render           | Rendering frame 65
00:15.914  render           | Start rendering: MORI_Assembly_Animation, 视图层
00:15.914  render           | Engine: EEVEE
00:15.950  render           | Fra: 65 | Rendering 1 / 32 samples
00:16.092  render           | Fra: 65 | Rendering 25 / 32 samples
00:16.130  render           | Fra: 65 | Rendering 32 / 32 samples
00:16.163  render           | Video append frame 65
00:16.163  render           | Time: 00:00.24 (Saving: 00:00.02)
00:16.163  render           | Rendering frame 66
00:16.164  render           | Start rendering: MORI_Assembly_Animation, 视图层
00:16.164  render           | Engine: EEVEE
00:16.198  render           | Fra: 66 | Rendering 1 / 32 samples
00:16.331  render           | Fra: 66 | Rendering 25 / 32 samples
00:16.368  render           | Fra: 66 | Rendering 32 / 32 samples
00:16.393  render           | Video append frame 66
00:16.393  render           | Time: 00:00.22 (Saving: 00:00.02)
00:16.393  render           | Rendering frame 67
00:16.393  render           | Start rendering: MORI_Assembly_Animation, 视图层
00:16.393  render           | Engine: EEVEE
00:16.430  render           | Fra: 67 | Rendering 1 / 32 samples
00:16.569  render           | Fra: 67 | Rendering 25 / 32 samples
00:16.609  render           | Fra: 67 | Rendering 32 / 32 samples
00:16.640  render           | Video append frame 67
00:16.640  render           | Time: 00:00.24 (Saving: 00:00.01)
00:16.640  render           | Rendering frame 68
00:16.640  render           | Start rendering: MORI_Assembly_Animation, 视图层
00:16.640  render           | Engine: EEVEE
00:16.681  render           | Fra: 68 | Rendering 1 / 32 samples
00:16.827  render           | Fra: 68 | Rendering 25 / 32 samples
00:16.867  render           | Fra: 68 | Rendering 32 / 32 samples
00:16.886  render           | Video append frame 68
00:16.886  render           | Time: 00:00.24 (Saving: 00:00.01)
00:16.886  render           | Rendering frame 69
00:16.886  render           | Start rendering: MORI_Assembly_Animation, 视图层
00:16.886  render           | Engine: EEVEE
00:16.926  render           | Fra: 69 | Rendering 1 / 32 samples
00:17.071  render           | Fra: 69 | Rendering 25 / 32 samples
00:17.111  render           | Fra: 69 | Rendering 32 / 32 samples
00:17.137  render           | Video append frame 69
00:17.137  render           | Time: 00:00.25 (Saving: 00:00.02)
00:17.137  render           | Rendering frame 70
00:17.137  render           | Start rendering: MORI_Assembly_Animation, 视图层
00:17.137  render           | Engine: EEVEE
00:17.177  render           | Fra: 70 | Rendering 1 / 32 samples
00:17.314  render           | Fra: 70 | Rendering 25 / 32 samples
00:17.354  render           | Fra: 70 | Rendering 32 / 32 samples
00:17.385  render           | Video append frame 70
00:17.385  render           | Time: 00:00.24 (Saving: 00:00.02)
00:17.385  render           | Rendering frame 71
00:17.385  render           | Start rendering: MORI_Assembly_Animation, 视图层
00:17.385  render           | Engine: EEVEE
00:17.427  render           | Fra: 71 | Rendering 1 / 32 samples
00:17.566  render           | Fra: 71 | Rendering 25 / 32 samples
00:17.606  render           | Fra: 71 | Rendering 32 / 32 samples
00:17.640  render           | Video append frame 71
00:17.640  render           | Time: 00:00.25 (Saving: 00:00.02)
00:17.640  render           | Rendering frame 72
00:17.640  render           | Start rendering: MORI_Assembly_Animation, 视图层
00:17.640  render           | Engine: EEVEE
00:17.680  render           | Fra: 72 | Rendering 1 / 32 samples
00:17.818  render           | Fra: 72 | Rendering 25 / 32 samples
00:17.859  render           | Fra: 72 | Rendering 32 / 32 samples
00:17.896  render           | Video append frame 72
00:17.896  render           | Time: 00:00.25 (Saving: 00:00.02)
00:17.896  render           | Rendering frame 73
00:17.896  render           | Start rendering: MORI_Assembly_Animation, 视图层
00:17.896  render           | Engine: EEVEE
00:17.938  render           | Fra: 73 | Rendering 1 / 32 samples
00:18.089  render           | Fra: 73 | Rendering 25 / 32 samples
00:18.133  render           | Fra: 73 | Rendering 32 / 32 samples
00:18.143  render           | Video append frame 73
00:18.143  render           | Time: 00:00.24 (Saving: 00:00.00)
00:18.143  render           | Rendering frame 74
00:18.143  render           | Start rendering: MORI_Assembly_Animation, 视图层
00:18.143  render           | Engine: EEVEE
00:18.191  render           | Fra: 74 | Rendering 1 / 32 samples
00:18.345  render           | Fra: 74 | Rendering 25 / 32 samples
00:18.388  render           | Fra: 74 | Rendering 32 / 32 samples
00:18.397  render           | Video append frame 74
00:18.397  render           | Time: 00:00.25 (Saving: 00:00.00)
00:18.397  render           | Rendering frame 75
00:18.397  render           | Start rendering: MORI_Assembly_Animation, 视图层
00:18.397  render           | Engine: EEVEE
00:18.440  render           | Fra: 75 | Rendering 1 / 32 samples
00:18.597  render           | Fra: 75 | Rendering 25 / 32 samples
00:18.641  render           | Fra: 75 | Rendering 32 / 32 samples
00:18.650  render           | Video append frame 75
00:18.650  render           | Time: 00:00.25 (Saving: 00:00.00)
00:18.650  render           | Rendering frame 76
00:18.650  render           | Start rendering: MORI_Assembly_Animation, 视图层
00:18.650  render           | Engine: EEVEE
00:18.693  render           | Fra: 76 | Rendering 1 / 32 samples
00:18.851  render           | Fra: 76 | Rendering 25 / 32 samples
00:18.897  render           | Fra: 76 | Rendering 32 / 32 samples
00:18.906  render           | Video append frame 76
00:18.906  render           | Time: 00:00.25 (Saving: 00:00.00)
00:18.906  render           | Rendering frame 77
00:18.906  render           | Start rendering: MORI_Assembly_Animation, 视图层
00:18.906  render           | Engine: EEVEE
00:18.948  render           | Fra: 77 | Rendering 1 / 32 samples
00:19.115  render           | Fra: 77 | Rendering 25 / 32 samples
00:19.163  render           | Fra: 77 | Rendering 32 / 32 samples
00:19.172  render           | Video append frame 77
00:19.172  render           | Time: 00:00.26 (Saving: 00:00.00)
00:19.172  render           | Rendering frame 78
00:19.172  render           | Start rendering: MORI_Assembly_Animation, 视图层
00:19.172  render           | Engine: EEVEE
00:19.217  render           | Fra: 78 | Rendering 1 / 32 samples
00:19.387  render           | Fra: 78 | Rendering 25 / 32 samples
00:19.435  render           | Fra: 78 | Rendering 32 / 32 samples
00:19.444  render           | Video append frame 78
00:19.444  render           | Time: 00:00.27 (Saving: 00:00.00)
00:19.444  render           | Rendering frame 79
00:19.444  render           | Start rendering: MORI_Assembly_Animation, 视图层
00:19.444  render           | Engine: EEVEE
00:19.485  render           | Fra: 79 | Rendering 1 / 32 samples
00:19.661  render           | Fra: 79 | Rendering 25 / 32 samples
00:19.711  render           | Fra: 79 | Rendering 32 / 32 samples
00:19.721  render           | Video append frame 79
00:19.721  render           | Time: 00:00.27 (Saving: 00:00.00)
00:19.721  render           | Rendering frame 80
00:19.721  render           | Start rendering: MORI_Assembly_Animation, 视图层
00:19.721  render           | Engine: EEVEE
00:19.757  render           | Fra: 80 | Rendering 1 / 32 samples
00:19.924  render           | Fra: 80 | Rendering 25 / 32 samples
00:19.970  render           | Fra: 80 | Rendering 32 / 32 samples
00:19.991  render           | Video append frame 80
00:19.991  render           | Time: 00:00.27 (Saving: 00:00.01)
00:19.991  render           | Rendering frame 81
00:19.991  render           | Start rendering: MORI_Assembly_Animation, 视图层
00:19.991  render           | Engine: EEVEE
00:20.028  render           | Fra: 81 | Rendering 1 / 32 samples
00:20.193  render           | Fra: 81 | Rendering 25 / 32 samples
00:20.242  render           | Fra: 81 | Rendering 32 / 32 samples
00:20.284  render           | Video append frame 81
00:20.284  render           | Time: 00:00.29 (Saving: 00:00.03)
00:20.284  render           | Rendering frame 82
00:20.285  render           | Start rendering: MORI_Assembly_Animation, 视图层
00:20.285  render           | Engine: EEVEE
00:20.328  render           | Fra: 82 | Rendering 1 / 32 samples
00:20.511  render           | Fra: 82 | Rendering 25 / 32 samples
00:20.564  render           | Fra: 82 | Rendering 32 / 32 samples
00:20.592  render           | Video append frame 82
00:20.592  render           | Time: 00:00.30 (Saving: 00:00.01)
00:20.592  render           | Rendering frame 83
00:20.592  render           | Start rendering: MORI_Assembly_Animation, 视图层
00:20.592  render           | Engine: EEVEE
00:20.634  render           | Fra: 83 | Rendering 1 / 32 samples
00:20.803  render           | Fra: 83 | Rendering 25 / 32 samples
00:20.850  render           | Fra: 83 | Rendering 32 / 32 samples
00:20.876  render           | Video append frame 83
00:20.876  render           | Time: 00:00.28 (Saving: 00:00.02)
00:20.876  render           | Rendering frame 84
00:20.876  render           | Start rendering: MORI_Assembly_Animation, 视图层
00:20.876  render           | Engine: EEVEE
00:20.911  render           | Fra: 84 | Rendering 1 / 32 samples
00:21.067  render           | Fra: 84 | Rendering 25 / 32 samples
00:21.113  render           | Fra: 84 | Rendering 32 / 32 samples
00:21.148  render           | Video append frame 84
00:21.148  render           | Time: 00:00.27 (Saving: 00:00.02)
00:21.148  render           | Rendering frame 85
00:21.148  render           | Start rendering: MORI_Assembly_Animation, 视图层
00:21.148  render           | Engine: EEVEE
00:21.191  render           | Fra: 85 | Rendering 1 / 32 samples
00:21.336  render           | Fra: 85 | Rendering 25 / 32 samples
00:21.377  render           | Fra: 85 | Rendering 32 / 32 samples
00:21.414  render           | Video append frame 85
00:21.414  render           | Time: 00:00.26 (Saving: 00:00.02)
00:21.414  render           | Rendering frame 86
00:21.414  render           | Start rendering: MORI_Assembly_Animation, 视图层
00:21.414  render           | Engine: EEVEE
00:21.457  render           | Fra: 86 | Rendering 1 / 32 samples
00:21.603  render           | Fra: 86 | Rendering 25 / 32 samples
00:21.645  render           | Fra: 86 | Rendering 32 / 32 samples
00:21.681  render           | Video append frame 86
00:21.681  render           | Time: 00:00.26 (Saving: 00:00.03)
00:21.681  render           | Rendering frame 87
00:21.681  render           | Start rendering: MORI_Assembly_Animation, 视图层
00:21.681  render           | Engine: EEVEE
00:21.724  render           | Fra: 87 | Rendering 1 / 32 samples
00:21.866  render           | Fra: 87 | Rendering 25 / 32 samples
00:21.908  render           | Fra: 87 | Rendering 32 / 32 samples
00:21.938  render           | Video append frame 87
00:21.938  render           | Time: 00:00.25 (Saving: 00:00.02)
00:21.938  render           | Rendering frame 88
00:21.938  render           | Start rendering: MORI_Assembly_Animation, 视图层
00:21.938  render           | Engine: EEVEE
00:21.978  render           | Fra: 88 | Rendering 1 / 32 samples
00:22.127  render           | Fra: 88 | Rendering 25 / 32 samples
00:22.171  render           | Fra: 88 | Rendering 32 / 32 samples
00:22.206  render           | Video append frame 88
00:22.206  render           | Time: 00:00.26 (Saving: 00:00.02)
00:22.206  render           | Rendering frame 89
00:22.207  render           | Start rendering: MORI_Assembly_Animation, 视图层
00:22.207  render           | Engine: EEVEE
00:22.249  render           | Fra: 89 | Rendering 1 / 32 samples
00:22.415  render           | Fra: 89 | Rendering 25 / 32 samples
00:22.464  render           | Fra: 89 | Rendering 32 / 32 samples
00:22.495  render           | Video append frame 89
00:22.495  render           | Time: 00:00.28 (Saving: 00:00.02)
00:22.495  render           | Rendering frame 90
00:22.495  render           | Start rendering: MORI_Assembly_Animation, 视图层
00:22.495  render           | Engine: EEVEE
00:22.532  render           | Fra: 90 | Rendering 1 / 32 samples
00:22.712  render           | Fra: 90 | Rendering 25 / 32 samples
00:22.764  render           | Fra: 90 | Rendering 32 / 32 samples
00:22.773  render           | Video append frame 90
00:22.773  render           | Time: 00:00.27 (Saving: 00:00.00)
00:22.773  render           | Rendering frame 91
00:22.773  render           | Start rendering: MORI_Assembly_Animation, 视图层
00:22.773  render           | Engine: EEVEE
00:22.817  render           | Fra: 91 | Rendering 1 / 32 samples
00:22.992  render           | Fra: 91 | Rendering 25 / 32 samples
00:23.039  render           | Fra: 91 | Rendering 32 / 32 samples
00:23.047  render           | Video append frame 91
00:23.047  render           | Time: 00:00.27 (Saving: 00:00.00)
00:23.047  render           | Rendering frame 92
00:23.048  render           | Start rendering: MORI_Assembly_Animation, 视图层
00:23.048  render           | Engine: EEVEE
00:23.091  render           | Fra: 92 | Rendering 1 / 32 samples
00:23.259  render           | Fra: 92 | Rendering 25 / 32 samples
00:23.308  render           | Fra: 92 | Rendering 32 / 32 samples
00:23.316  render           | Video append frame 92
00:23.316  render           | Time: 00:00.26 (Saving: 00:00.00)
00:23.316  render           | Rendering frame 93
00:23.316  render           | Start rendering: MORI_Assembly_Animation, 视图层
00:23.316  render           | Engine: EEVEE
00:23.356  render           | Fra: 93 | Rendering 1 / 32 samples
00:23.525  render           | Fra: 93 | Rendering 25 / 32 samples
00:23.575  render           | Fra: 93 | Rendering 32 / 32 samples
00:23.583  render           | Video append frame 93
00:23.583  render           | Time: 00:00.26 (Saving: 00:00.00)
00:23.583  render           | Rendering frame 94
00:23.584  render           | Start rendering: MORI_Assembly_Animation, 视图层
00:23.584  render           | Engine: EEVEE
00:23.625  render           | Fra: 94 | Rendering 1 / 32 samples
00:23.792  render           | Fra: 94 | Rendering 25 / 32 samples
00:23.841  render           | Fra: 94 | Rendering 32 / 32 samples
00:23.849  render           | Video append frame 94
00:23.849  render           | Time: 00:00.26 (Saving: 00:00.00)
00:23.849  render           | Rendering frame 95
00:23.849  render           | Start rendering: MORI_Assembly_Animation, 视图层
00:23.849  render           | Engine: EEVEE
00:23.890  render           | Fra: 95 | Rendering 1 / 32 samples
00:24.059  render           | Fra: 95 | Rendering 25 / 32 samples
00:24.109  render           | Fra: 95 | Rendering 32 / 32 samples
00:24.117  render           | Video append frame 95
00:24.117  render           | Time: 00:00.26 (Saving: 00:00.00)
00:24.117  render           | Rendering frame 96
00:24.117  render           | Start rendering: MORI_Assembly_Animation, 视图层
00:24.117  render           | Engine: EEVEE
00:24.158  render           | Fra: 96 | Rendering 1 / 32 samples
00:24.325  render           | Fra: 96 | Rendering 25 / 32 samples
00:24.374  render           | Fra: 96 | Rendering 32 / 32 samples
00:24.383  render           | Video append frame 96
00:24.383  render           | Time: 00:00.26 (Saving: 00:00.00)
00:24.383  render           | Rendering frame 97
00:24.383  render           | Start rendering: MORI_Assembly_Animation, 视图层
00:24.383  render           | Engine: EEVEE
00:24.424  render           | Fra: 97 | Rendering 1 / 32 samples
00:24.589  render           | Fra: 97 | Rendering 25 / 32 samples
00:24.637  render           | Fra: 97 | Rendering 32 / 32 samples
00:24.645  render           | Video append frame 97
00:24.645  render           | Time: 00:00.26 (Saving: 00:00.00)
00:24.645  render           | Rendering frame 98
00:24.645  render           | Start rendering: MORI_Assembly_Animation, 视图层
00:24.645  render           | Engine: EEVEE
00:24.681  render           | Fra: 98 | Rendering 1 / 32 samples
00:24.841  render           | Fra: 98 | Rendering 25 / 32 samples
00:24.883  render           | Fra: 98 | Rendering 32 / 32 samples
00:24.890  render           | Video append frame 98
00:24.890  render           | Time: 00:00.24 (Saving: 00:00.00)
00:24.890  render           | Rendering frame 99
00:24.890  render           | Start rendering: MORI_Assembly_Animation, 视图层
00:24.890  render           | Engine: EEVEE
00:24.925  render           | Fra: 99 | Rendering 1 / 32 samples
00:25.063  render           | Fra: 99 | Rendering 25 / 32 samples
00:25.102  render           | Fra: 99 | Rendering 32 / 32 samples
00:25.111  render           | Video append frame 99
00:25.111  render           | Time: 00:00.22 (Saving: 00:00.00)
00:25.111  render           | Rendering frame 100
00:25.111  render           | Start rendering: MORI_Assembly_Animation, 视图层
00:25.111  render           | Engine: EEVEE
00:25.142  render           | Fra: 100 | Rendering 1 / 32 samples
00:25.277  render           | Fra: 100 | Rendering 25 / 32 samples
00:25.316  render           | Fra: 100 | Rendering 32 / 32 samples
00:25.328  render           | Video append frame 100
00:25.328  render           | Time: 00:00.21 (Saving: 00:00.00)
00:25.328  render           | Rendering frame 101
00:25.328  render           | Start rendering: MORI_Assembly_Animation, 视图层
00:25.328  render           | Engine: EEVEE
00:25.364  render           | Fra: 101 | Rendering 1 / 32 samples
00:25.506  render           | Fra: 101 | Rendering 25 / 32 samples
00:25.545  render           | Fra: 101 | Rendering 32 / 32 samples
00:25.572  render           | Video append frame 101
00:25.572  render           | Time: 00:00.24 (Saving: 00:00.02)
00:25.572  render           | Rendering frame 102
00:25.572  render           | Start rendering: MORI_Assembly_Animation, 视图层
00:25.572  render           | Engine: EEVEE
00:25.607  render           | Fra: 102 | Rendering 1 / 32 samples
00:25.745  render           | Fra: 102 | Rendering 25 / 32 samples
00:25.785  render           | Fra: 102 | Rendering 32 / 32 samples
00:25.811  render           | Video append frame 102
00:25.811  render           | Time: 00:00.23 (Saving: 00:00.02)
00:25.811  render           | Rendering frame 103
00:25.811  render           | Start rendering: MORI_Assembly_Animation, 视图层
00:25.811  render           | Engine: EEVEE
00:25.847  render           | Fra: 103 | Rendering 1 / 32 samples
00:25.985  render           | Fra: 103 | Rendering 25 / 32 samples
00:26.026  render           | Fra: 103 | Rendering 32 / 32 samples
00:26.044  render           | Video append frame 103
00:26.044  render           | Time: 00:00.23 (Saving: 00:00.01)
00:26.044  render           | Rendering frame 104
00:26.044  render           | Start rendering: MORI_Assembly_Animation, 视图层
00:26.044  render           | Engine: EEVEE
00:26.084  render           | Fra: 104 | Rendering 1 / 32 samples
00:26.224  render           | Fra: 104 | Rendering 25 / 32 samples
00:26.264  render           | Fra: 104 | Rendering 32 / 32 samples
00:26.291  render           | Video append frame 104
00:26.291  render           | Time: 00:00.24 (Saving: 00:00.02)
00:26.291  render           | Rendering frame 105
00:26.291  render           | Start rendering: MORI_Assembly_Animation, 视图层
00:26.291  render           | Engine: EEVEE
00:26.330  render           | Fra: 105 | Rendering 1 / 32 samples
00:26.470  render           | Fra: 105 | Rendering 25 / 32 samples
00:26.510  render           | Fra: 105 | Rendering 32 / 32 samples
00:26.534  render           | Video append frame 105
00:26.534  render           | Time: 00:00.24 (Saving: 00:00.02)
00:26.534  render           | Rendering frame 106
00:26.534  render           | Start rendering: MORI_Assembly_Animation, 视图层
00:26.534  render           | Engine: EEVEE
00:26.574  render           | Fra: 106 | Rendering 1 / 32 samples
00:26.714  render           | Fra: 106 | Rendering 25 / 32 samples
00:26.754  render           | Fra: 106 | Rendering 32 / 32 samples
00:26.782  render           | Video append frame 106
00:26.782  render           | Time: 00:00.24 (Saving: 00:00.01)
00:26.782  render           | Rendering frame 107
00:26.782  render           | Start rendering: MORI_Assembly_Animation, 视图层
00:26.782  render           | Engine: EEVEE
00:26.820  render           | Fra: 107 | Rendering 1 / 32 samples
00:26.964  render           | Fra: 107 | Rendering 25 / 32 samples
00:27.003  render           | Fra: 107 | Rendering 32 / 32 samples
00:27.030  render           | Video append frame 107
00:27.030  render           | Time: 00:00.24 (Saving: 00:00.02)
00:27.030  render           | Rendering frame 108
00:27.030  render           | Start rendering: MORI_Assembly_Animation, 视图层
00:27.030  render           | Engine: EEVEE
00:27.069  render           | Fra: 108 | Rendering 1 / 32 samples
00:27.212  render           | Fra: 108 | Rendering 25 / 32 samples
00:27.252  render           | Fra: 108 | Rendering 32 / 32 samples
00:27.273  render           | Video append frame 108
00:27.273  render           | Time: 00:00.24 (Saving: 00:00.01)
00:27.273  render           | Rendering frame 109
00:27.273  render           | Start rendering: MORI_Assembly_Animation, 视图层
00:27.273  render           | Engine: EEVEE
00:27.311  render           | Fra: 109 | Rendering 1 / 32 samples
00:27.452  render           | Fra: 109 | Rendering 25 / 32 samples
00:27.493  render           | Fra: 109 | Rendering 32 / 32 samples
00:27.510  render           | Video append frame 109
00:27.510  render           | Time: 00:00.23 (Saving: 00:00.00)
00:27.510  render           | Rendering frame 110
00:27.510  render           | Start rendering: MORI_Assembly_Animation, 视图层
00:27.510  render           | Engine: EEVEE
00:27.549  render           | Fra: 110 | Rendering 1 / 32 samples
00:27.693  render           | Fra: 110 | Rendering 25 / 32 samples
00:27.733  render           | Fra: 110 | Rendering 32 / 32 samples
00:27.742  render           | Video append frame 110
00:27.742  render           | Time: 00:00.23 (Saving: 00:00.00)
00:27.742  render           | Rendering frame 111
00:27.742  render           | Start rendering: MORI_Assembly_Animation, 视图层
00:27.742  render           | Engine: EEVEE
00:27.779  render           | Fra: 111 | Rendering 1 / 32 samples
00:27.927  render           | Fra: 111 | Rendering 25 / 32 samples
00:27.968  render           | Fra: 111 | Rendering 32 / 32 samples
00:27.977  render           | Video append frame 111
00:27.977  render           | Time: 00:00.23 (Saving: 00:00.00)
00:27.977  render           | Rendering frame 112
00:27.977  render           | Start rendering: MORI_Assembly_Animation, 视图层
00:27.977  render           | Engine: EEVEE
00:28.016  render           | Fra: 112 | Rendering 1 / 32 samples
00:28.167  render           | Fra: 112 | Rendering 25 / 32 samples
00:28.211  render           | Fra: 112 | Rendering 32 / 32 samples
00:28.219  render           | Video append frame 112
00:28.219  render           | Time: 00:00.24 (Saving: 00:00.00)
00:28.219  render           | Rendering frame 113
00:28.219  render           | Start rendering: MORI_Assembly_Animation, 视图层
00:28.219  render           | Engine: EEVEE
00:28.256  render           | Fra: 113 | Rendering 1 / 32 samples
00:28.407  render           | Fra: 113 | Rendering 25 / 32 samples
00:28.451  render           | Fra: 113 | Rendering 32 / 32 samples
00:28.459  render           | Video append frame 113
00:28.459  render           | Time: 00:00.24 (Saving: 00:00.00)
00:28.459  render           | Rendering frame 114
00:28.459  render           | Start rendering: MORI_Assembly_Animation, 视图层
00:28.459  render           | Engine: EEVEE
00:28.501  render           | Fra: 114 | Rendering 1 / 32 samples
00:28.652  render           | Fra: 114 | Rendering 25 / 32 samples
00:28.698  render           | Fra: 114 | Rendering 32 / 32 samples
00:28.707  render           | Video append frame 114
00:28.707  render           | Time: 00:00.24 (Saving: 00:00.00)
00:28.707  render           | Rendering frame 115
00:28.707  render           | Start rendering: MORI_Assembly_Animation, 视图层
00:28.707  render           | Engine: EEVEE
00:28.753  render           | Fra: 115 | Rendering 1 / 32 samples
00:28.904  render           | Fra: 115 | Rendering 25 / 32 samples
00:28.949  render           | Fra: 115 | Rendering 32 / 32 samples
00:28.960  render           | Video append frame 115
00:28.960  render           | Time: 00:00.25 (Saving: 00:00.00)
00:28.960  render           | Rendering frame 116
00:28.960  render           | Start rendering: MORI_Assembly_Animation, 视图层
00:28.960  render           | Engine: EEVEE
00:29.000  render           | Fra: 116 | Rendering 1 / 32 samples
00:29.154  render           | Fra: 116 | Rendering 25 / 32 samples
00:29.198  render           | Fra: 116 | Rendering 32 / 32 samples
00:29.207  render           | Video append frame 116
00:29.207  render           | Time: 00:00.24 (Saving: 00:00.00)
00:29.207  render           | Rendering frame 117
00:29.207  render           | Start rendering: MORI_Assembly_Animation, 视图层
00:29.207  render           | Engine: EEVEE
00:29.248  render           | Fra: 117 | Rendering 1 / 32 samples
00:29.399  render           | Fra: 117 | Rendering 25 / 32 samples
00:29.441  render           | Fra: 117 | Rendering 32 / 32 samples
00:29.450  render           | Video append frame 117
00:29.450  render           | Time: 00:00.24 (Saving: 00:00.00)
00:29.450  render           | Rendering frame 118
00:29.450  render           | Start rendering: MORI_Assembly_Animation, 视图层
00:29.450  render           | Engine: EEVEE
00:29.493  render           | Fra: 118 | Rendering 1 / 32 samples
00:29.641  render           | Fra: 118 | Rendering 25 / 32 samples
00:29.685  render           | Fra: 118 | Rendering 32 / 32 samples
00:29.693  render           | Video append frame 118
00:29.693  render           | Time: 00:00.24 (Saving: 00:00.00)
00:29.693  render           | Rendering frame 119
00:29.694  render           | Start rendering: MORI_Assembly_Animation, 视图层
00:29.694  render           | Engine: EEVEE
00:29.733  render           | Fra: 119 | Rendering 1 / 32 samples
00:29.883  render           | Fra: 119 | Rendering 25 / 32 samples
00:29.926  render           | Fra: 119 | Rendering 32 / 32 samples
00:29.954  render           | Video append frame 119
00:29.954  render           | Time: 00:00.26 (Saving: 00:00.01)
00:29.954  render           | Rendering frame 120
00:29.954  render           | Start rendering: MORI_Assembly_Animation, 视图层
00:29.954  render           | Engine: EEVEE
00:29.989  render           | Fra: 120 | Rendering 1 / 32 samples
00:30.135  render           | Fra: 120 | Rendering 25 / 32 samples
00:30.179  render           | Fra: 120 | Rendering 32 / 32 samples
00:30.210  render           | Video append frame 120
00:30.210  render           | Time: 00:00.25 (Saving: 00:00.01)
00:30.210  render           | Rendering frame 121
00:30.211  render           | Start rendering: MORI_Assembly_Animation, 视图层
00:30.211  render           | Engine: EEVEE
00:30.245  render           | Fra: 121 | Rendering 1 / 32 samples
00:30.394  render           | Fra: 121 | Rendering 25 / 32 samples
00:30.437  render           | Fra: 121 | Rendering 32 / 32 samples
00:30.466  render           | Video append frame 121
00:30.466  render           | Time: 00:00.25 (Saving: 00:00.02)
00:30.466  render           | Rendering frame 122
00:30.466  render           | Start rendering: MORI_Assembly_Animation, 视图层
00:30.466  render           | Engine: EEVEE
00:30.508  render           | Fra: 122 | Rendering 1 / 32 samples
00:30.657  render           | Fra: 122 | Rendering 25 / 32 samples
00:30.702  render           | Fra: 122 | Rendering 32 / 32 samples
00:30.728  render           | Video append frame 122
00:30.728  render           | Time: 00:00.26 (Saving: 00:00.02)
00:30.728  render           | Rendering frame 123
00:30.728  render           | Start rendering: MORI_Assembly_Animation, 视图层
00:30.728  render           | Engine: EEVEE
00:30.773  render           | Fra: 123 | Rendering 1 / 32 samples
00:30.926  render           | Fra: 123 | Rendering 25 / 32 samples
00:30.970  render           | Fra: 123 | Rendering 32 / 32 samples
00:30.995  render           | Video append frame 123
00:30.995  render           | Time: 00:00.26 (Saving: 00:00.01)
00:30.995  render           | Rendering frame 124
00:30.995  render           | Start rendering: MORI_Assembly_Animation, 视图层
00:30.995  render           | Engine: EEVEE
00:31.039  render           | Fra: 124 | Rendering 1 / 32 samples
00:31.203  render           | Fra: 124 | Rendering 25 / 32 samples
00:31.250  render           | Fra: 124 | Rendering 32 / 32 samples
00:31.280  render           | Video append frame 124
00:31.280  render           | Time: 00:00.28 (Saving: 00:00.01)
00:31.280  render           | Rendering frame 125
00:31.280  render           | Start rendering: MORI_Assembly_Animation, 视图层
00:31.280  render           | Engine: EEVEE
00:31.325  render           | Fra: 125 | Rendering 1 / 32 samples
00:31.498  render           | Fra: 125 | Rendering 25 / 32 samples
00:31.549  render           | Fra: 125 | Rendering 32 / 32 samples
00:31.582  render           | Video append frame 125
00:31.582  render           | Time: 00:00.30 (Saving: 00:00.03)
00:31.582  render           | Rendering frame 126
00:31.582  render           | Start rendering: MORI_Assembly_Animation, 视图层
00:31.582  render           | Engine: EEVEE
00:31.625  render           | Fra: 126 | Rendering 1 / 32 samples
00:31.797  render           | Fra: 126 | Rendering 25 / 32 samples
00:31.847  render           | Fra: 126 | Rendering 32 / 32 samples
00:31.859  render           | Video append frame 126
00:31.859  render           | Time: 00:00.27 (Saving: 00:00.00)
00:31.859  render           | Rendering frame 127
00:31.860  render           | Start rendering: MORI_Assembly_Animation, 视图层
00:31.860  render           | Engine: EEVEE
00:31.908  render           | Fra: 127 | Rendering 1 / 32 samples
00:32.078  render           | Fra: 127 | Rendering 25 / 32 samples
00:32.127  render           | Fra: 127 | Rendering 32 / 32 samples
00:32.137  render           | Video append frame 127
00:32.137  render           | Time: 00:00.27 (Saving: 00:00.00)
00:32.137  render           | Rendering frame 128
00:32.137  render           | Start rendering: MORI_Assembly_Animation, 视图层
00:32.137  render           | Engine: EEVEE
00:32.186  render           | Fra: 128 | Rendering 1 / 32 samples
00:32.357  render           | Fra: 128 | Rendering 25 / 32 samples
00:32.407  render           | Fra: 128 | Rendering 32 / 32 samples
00:32.416  render           | Video append frame 128
00:32.416  render           | Time: 00:00.27 (Saving: 00:00.00)
00:32.416  render           | Rendering frame 129
00:32.416  render           | Start rendering: MORI_Assembly_Animation, 视图层
00:32.416  render           | Engine: EEVEE
00:32.462  render           | Fra: 129 | Rendering 1 / 32 samples
00:32.631  render           | Fra: 129 | Rendering 25 / 32 samples
00:32.676  render           | Fra: 129 | Rendering 32 / 32 samples
00:32.684  render           | Video append frame 129
00:32.684  render           | Time: 00:00.26 (Saving: 00:00.00)
00:32.684  render           | Rendering frame 130
00:32.684  render           | Start rendering: MORI_Assembly_Animation, 视图层
00:32.684  render           | Engine: EEVEE
00:32.732  render           | Fra: 130 | Rendering 1 / 32 samples
00:32.877  render           | Fra: 130 | Rendering 25 / 32 samples
00:32.917  render           | Fra: 130 | Rendering 32 / 32 samples
00:32.926  render           | Video append frame 130
00:32.926  render           | Time: 00:00.24 (Saving: 00:00.00)
00:32.926  render           | Rendering frame 131
00:32.926  render           | Start rendering: MORI_Assembly_Animation, 视图层
00:32.926  render           | Engine: EEVEE
00:32.969  render           | Fra: 131 | Rendering 1 / 32 samples
00:33.102  render           | Fra: 131 | Rendering 25 / 32 samples
00:33.142  render           | Fra: 131 | Rendering 32 / 32 samples
00:33.151  render           | Video append frame 131
00:33.151  render           | Time: 00:00.22 (Saving: 00:00.00)
00:33.151  render           | Rendering frame 132
00:33.151  render           | Start rendering: MORI_Assembly_Animation, 视图层
00:33.151  render           | Engine: EEVEE
00:33.190  render           | Fra: 132 | Rendering 1 / 32 samples
00:33.326  render           | Fra: 132 | Rendering 25 / 32 samples
00:33.365  render           | Fra: 132 | Rendering 32 / 32 samples
00:33.373  render           | Video append frame 132
00:33.373  render           | Time: 00:00.22 (Saving: 00:00.00)
00:33.373  render           | Rendering frame 133
00:33.373  render           | Start rendering: MORI_Assembly_Animation, 视图层
00:33.373  render           | Engine: EEVEE
00:33.413  render           | Fra: 133 | Rendering 1 / 32 samples
00:33.554  render           | Fra: 133 | Rendering 25 / 32 samples
00:33.593  render           | Fra: 133 | Rendering 32 / 32 samples
00:33.600  render           | Video append frame 133
00:33.600  render           | Time: 00:00.22 (Saving: 00:00.00)
00:33.600  render           | Rendering frame 134
00:33.600  render           | Start rendering: MORI_Assembly_Animation, 视图层
00:33.600  render           | Engine: EEVEE
00:33.637  render           | Fra: 134 | Rendering 1 / 32 samples
00:33.770  render           | Fra: 134 | Rendering 25 / 32 samples
00:33.808  render           | Fra: 134 | Rendering 32 / 32 samples
00:33.816  render           | Video append frame 134
00:33.816  render           | Time: 00:00.21 (Saving: 00:00.00)
00:33.816  render           | Rendering frame 135
00:33.816  render           | Start rendering: MORI_Assembly_Animation, 视图层
00:33.816  render           | Engine: EEVEE
00:33.852  render           | Fra: 135 | Rendering 1 / 32 samples
00:33.986  render           | Fra: 135 | Rendering 25 / 32 samples
00:34.025  render           | Fra: 135 | Rendering 32 / 32 samples
00:34.033  render           | Video append frame 135
00:34.033  render           | Time: 00:00.21 (Saving: 00:00.00)
00:34.033  render           | Rendering frame 136
00:34.033  render           | Start rendering: MORI_Assembly_Animation, 视图层
00:34.033  render           | Engine: EEVEE
00:34.073  render           | Fra: 136 | Rendering 1 / 32 samples
00:34.209  render           | Fra: 136 | Rendering 25 / 32 samples
00:34.249  render           | Fra: 136 | Rendering 32 / 32 samples
00:34.267  render           | Video append frame 136
00:34.267  render           | Time: 00:00.23 (Saving: 00:00.00)
00:34.267  render           | Rendering frame 137
00:34.267  render           | Start rendering: MORI_Assembly_Animation, 视图层
00:34.267  render           | Engine: EEVEE
00:34.303  render           | Fra: 137 | Rendering 1 / 32 samples
00:34.437  render           | Fra: 137 | Rendering 25 / 32 samples
00:34.478  render           | Fra: 137 | Rendering 32 / 32 samples
00:34.503  render           | Video append frame 137
00:34.503  render           | Time: 00:00.23 (Saving: 00:00.02)
00:34.503  render           | Rendering frame 138
00:34.503  render           | Start rendering: MORI_Assembly_Animation, 视图层
00:34.503  render           | Engine: EEVEE
00:34.539  render           | Fra: 138 | Rendering 1 / 32 samples
00:34.679  render           | Fra: 138 | Rendering 25 / 32 samples
00:34.719  render           | Fra: 138 | Rendering 32 / 32 samples
00:34.749  render           | Video append frame 138
00:34.749  render           | Time: 00:00.24 (Saving: 00:00.01)
00:34.749  render           | Rendering frame 139
00:34.749  render           | Start rendering: MORI_Assembly_Animation, 视图层
00:34.749  render           | Engine: EEVEE
00:34.790  render           | Fra: 139 | Rendering 1 / 32 samples
00:34.944  render           | Fra: 139 | Rendering 25 / 32 samples
00:34.987  render           | Fra: 139 | Rendering 32 / 32 samples
00:35.029  render           | Video append frame 139
00:35.029  render           | Time: 00:00.27 (Saving: 00:00.03)
00:35.029  render           | Rendering frame 140
00:35.029  render           | Start rendering: MORI_Assembly_Animation, 视图层
00:35.029  render           | Engine: EEVEE
00:35.073  render           | Fra: 140 | Rendering 1 / 32 samples
00:35.245  render           | Fra: 140 | Rendering 25 / 32 samples
00:35.295  render           | Fra: 140 | Rendering 32 / 32 samples
00:35.328  render           | Video append frame 140
00:35.328  render           | Time: 00:00.29 (Saving: 00:00.02)
00:35.328  render           | Rendering frame 141
00:35.328  render           | Start rendering: MORI_Assembly_Animation, 视图层
00:35.328  render           | Engine: EEVEE
00:35.369  render           | Fra: 141 | Rendering 1 / 32 samples
00:35.558  render           | Fra: 141 | Rendering 25 / 32 samples
00:35.613  render           | Fra: 141 | Rendering 32 / 32 samples
00:35.647  render           | Video append frame 141
00:35.647  render           | Time: 00:00.31 (Saving: 00:00.02)
00:35.647  render           | Rendering frame 142
00:35.647  render           | Start rendering: MORI_Assembly_Animation, 视图层
00:35.647  render           | Engine: EEVEE
00:35.692  render           | Fra: 142 | Rendering 1 / 32 samples
00:35.876  render           | Fra: 142 | Rendering 25 / 32 samples
00:35.925  render           | Fra: 142 | Rendering 32 / 32 samples
00:35.955  render           | Video append frame 142
00:35.955  render           | Time: 00:00.30 (Saving: 00:00.02)
00:35.955  render           | Rendering frame 143
00:35.955  render           | Start rendering: MORI_Assembly_Animation, 视图层
00:35.955  render           | Engine: EEVEE
00:35.999  render           | Fra: 143 | Rendering 1 / 32 samples
00:36.169  render           | Fra: 143 | Rendering 25 / 32 samples
00:36.219  render           | Fra: 143 | Rendering 32 / 32 samples
00:36.238  render           | Video append frame 143
00:36.238  render           | Time: 00:00.28 (Saving: 00:00.01)
00:36.239  render           | Rendering frame 144
00:36.239  render           | Start rendering: MORI_Assembly_Animation, 视图层
00:36.239  render           | Engine: EEVEE
00:36.283  render           | Fra: 144 | Rendering 1 / 32 samples
00:36.454  render           | Fra: 144 | Rendering 25 / 32 samples
00:36.504  render           | Fra: 144 | Rendering 32 / 32 samples
00:36.523  render           | Video append frame 144
00:36.523  render           | Time: 00:00.28 (Saving: 00:00.01)
00:36.523  render           | Rendering frame 145
00:36.523  render           | Start rendering: MORI_Assembly_Animation, 视图层
00:36.523  render           | Engine: EEVEE
00:36.569  render           | Fra: 145 | Rendering 1 / 32 samples
00:36.736  render           | Fra: 145 | Rendering 25 / 32 samples
00:36.784  render           | Fra: 145 | Rendering 32 / 32 samples
00:36.809  render           | Video append frame 145
00:36.809  render           | Time: 00:00.28 (Saving: 00:00.02)
00:36.809  render           | Rendering frame 146
00:36.809  render           | Start rendering: MORI_Assembly_Animation, 视图层
00:36.809  render           | Engine: EEVEE
00:36.853  render           | Fra: 146 | Rendering 1 / 32 samples
00:37.021  render           | Fra: 146 | Rendering 25 / 32 samples
00:37.070  render           | Fra: 146 | Rendering 32 / 32 samples
00:37.108  render           | Video append frame 146
00:37.108  render           | Time: 00:00.29 (Saving: 00:00.02)
00:37.108  render           | Rendering frame 147
00:37.108  render           | Start rendering: MORI_Assembly_Animation, 视图层
00:37.108  render           | Engine: EEVEE
00:37.151  render           | Fra: 147 | Rendering 1 / 32 samples
00:37.326  render           | Fra: 147 | Rendering 25 / 32 samples
00:37.374  render           | Fra: 147 | Rendering 32 / 32 samples
00:37.397  render           | Video append frame 147
00:37.397  render           | Time: 00:00.28 (Saving: 00:00.01)
00:37.397  render           | Rendering frame 148
00:37.397  render           | Start rendering: MORI_Assembly_Animation, 视图层
00:37.397  render           | Engine: EEVEE
00:37.440  render           | Fra: 148 | Rendering 1 / 32 samples
00:37.609  render           | Fra: 148 | Rendering 25 / 32 samples
00:37.658  render           | Fra: 148 | Rendering 32 / 32 samples
00:37.678  render           | Video append frame 148
00:37.678  render           | Time: 00:00.28 (Saving: 00:00.01)
00:37.678  render           | Rendering frame 149
00:37.678  render           | Start rendering: MORI_Assembly_Animation, 视图层
00:37.678  render           | Engine: EEVEE
00:37.718  render           | Fra: 149 | Rendering 1 / 32 samples
00:37.886  render           | Fra: 149 | Rendering 25 / 32 samples
00:37.935  render           | Fra: 149 | Rendering 32 / 32 samples
00:37.963  render           | Video append frame 149
00:37.963  render           | Time: 00:00.28 (Saving: 00:00.02)
00:37.963  render           | Rendering frame 150
00:37.963  render           | Start rendering: MORI_Assembly_Animation, 视图层
00:37.963  render           | Engine: EEVEE
00:38.006  render           | Fra: 150 | Rendering 1 / 32 samples
00:38.175  render           | Fra: 150 | Rendering 25 / 32 samples
00:38.225  render           | Fra: 150 | Rendering 32 / 32 samples
00:38.255  render           | Video append frame 150
00:38.255  render           | Time: 00:00.29 (Saving: 00:00.02)
00:38.255  render           | Rendering frame 151
00:38.255  render           | Start rendering: MORI_Assembly_Animation, 视图层
00:38.255  render           | Engine: EEVEE
00:38.298  render           | Fra: 151 | Rendering 1 / 32 samples
00:38.477  render           | Fra: 151 | Rendering 25 / 32 samples
00:38.528  render           | Fra: 151 | Rendering 32 / 32 samples
00:38.564  render           | Video append frame 151
00:38.564  render           | Time: 00:00.30 (Saving: 00:00.03)
00:38.564  render           | Rendering frame 152
00:38.564  render           | Start rendering: MORI_Assembly_Animation, 视图层
00:38.564  render           | Engine: EEVEE
00:38.608  render           | Fra: 152 | Rendering 1 / 32 samples
00:38.785  render           | Fra: 152 | Rendering 25 / 32 samples
00:38.837  render           | Fra: 152 | Rendering 32 / 32 samples
00:38.867  render           | Video append frame 152
00:38.867  render           | Time: 00:00.30 (Saving: 00:00.01)
00:38.867  render           | Rendering frame 153
00:38.867  render           | Start rendering: MORI_Assembly_Animation, 视图层
00:38.867  render           | Engine: EEVEE
00:38.909  render           | Fra: 153 | Rendering 1 / 32 samples
00:39.084  render           | Fra: 153 | Rendering 25 / 32 samples
00:39.134  render           | Fra: 153 | Rendering 32 / 32 samples
00:39.161  render           | Video append frame 153
00:39.162  render           | Time: 00:00.29 (Saving: 00:00.01)
00:39.162  render           | Rendering frame 154
00:39.162  render           | Start rendering: MORI_Assembly_Animation, 视图层
00:39.162  render           | Engine: EEVEE
00:39.202  render           | Fra: 154 | Rendering 1 / 32 samples
00:39.375  render           | Fra: 154 | Rendering 25 / 32 samples
00:39.424  render           | Fra: 154 | Rendering 32 / 32 samples
00:39.447  render           | Video append frame 154
00:39.447  render           | Time: 00:00.28 (Saving: 00:00.02)
00:39.447  render           | Rendering frame 155
00:39.447  render           | Start rendering: MORI_Assembly_Animation, 视图层
00:39.447  render           | Engine: EEVEE
00:39.490  render           | Fra: 155 | Rendering 1 / 32 samples
00:39.660  render           | Fra: 155 | Rendering 25 / 32 samples
00:39.708  render           | Fra: 155 | Rendering 32 / 32 samples
00:39.739  render           | Video append frame 155
00:39.739  render           | Time: 00:00.29 (Saving: 00:00.02)
00:39.739  render           | Rendering frame 156
00:39.739  render           | Start rendering: MORI_Assembly_Animation, 视图层
00:39.739  render           | Engine: EEVEE
00:39.779  render           | Fra: 156 | Rendering 1 / 32 samples
00:39.947  render           | Fra: 156 | Rendering 25 / 32 samples
00:39.995  render           | Fra: 156 | Rendering 32 / 32 samples
00:40.004  render           | Video append frame 156
00:40.004  render           | Time: 00:00.26 (Saving: 00:00.00)
00:40.004  render           | Rendering frame 157
00:40.004  render           | Start rendering: MORI_Assembly_Animation, 视图层
00:40.004  render           | Engine: EEVEE
00:40.045  render           | Fra: 157 | Rendering 1 / 32 samples
00:40.216  render           | Fra: 157 | Rendering 25 / 32 samples
00:40.266  render           | Fra: 157 | Rendering 32 / 32 samples
00:40.275  render           | Video append frame 157
00:40.275  render           | Time: 00:00.27 (Saving: 00:00.00)
00:40.275  render           | Rendering frame 158
00:40.275  render           | Start rendering: MORI_Assembly_Animation, 视图层
00:40.275  render           | Engine: EEVEE
00:40.317  render           | Fra: 158 | Rendering 1 / 32 samples
00:40.493  render           | Fra: 158 | Rendering 25 / 32 samples
00:40.544  render           | Fra: 158 | Rendering 32 / 32 samples
00:40.552  render           | Video append frame 158
00:40.552  render           | Time: 00:00.27 (Saving: 00:00.00)
00:40.552  render           | Rendering frame 159
00:40.552  render           | Start rendering: MORI_Assembly_Animation, 视图层
00:40.553  render           | Engine: EEVEE
00:40.593  render           | Fra: 159 | Rendering 1 / 32 samples
00:40.765  render           | Fra: 159 | Rendering 25 / 32 samples
00:40.813  render           | Fra: 159 | Rendering 32 / 32 samples
00:40.822  render           | Video append frame 159
00:40.822  render           | Time: 00:00.26 (Saving: 00:00.00)
00:40.822  render           | Rendering frame 160
00:40.822  render           | Start rendering: MORI_Assembly_Animation, 视图层
00:40.822  render           | Engine: EEVEE
00:40.866  render           | Fra: 160 | Rendering 1 / 32 samples
00:41.038  render           | Fra: 160 | Rendering 25 / 32 samples
00:41.087  render           | Fra: 160 | Rendering 32 / 32 samples
00:41.096  render           | Video append frame 160
00:41.096  render           | Time: 00:00.27 (Saving: 00:00.00)
00:41.096  render           | Rendering frame 161
00:41.096  render           | Start rendering: MORI_Assembly_Animation, 视图层
00:41.096  render           | Engine: EEVEE
00:41.140  render           | Fra: 161 | Rendering 1 / 32 samples
00:41.305  render           | Fra: 161 | Rendering 25 / 32 samples
00:41.353  render           | Fra: 161 | Rendering 32 / 32 samples
00:41.363  render           | Video append frame 161
00:41.363  render           | Time: 00:00.26 (Saving: 00:00.00)
00:41.363  render           | Rendering frame 162
00:41.363  render           | Start rendering: MORI_Assembly_Animation, 视图层
00:41.363  render           | Engine: EEVEE
00:41.399  render           | Fra: 162 | Rendering 1 / 32 samples
00:41.569  render           | Fra: 162 | Rendering 25 / 32 samples
00:41.617  render           | Fra: 162 | Rendering 32 / 32 samples
00:41.626  render           | Video append frame 162
00:41.626  render           | Time: 00:00.26 (Saving: 00:00.00)
00:41.626  render           | Rendering frame 163
00:41.626  render           | Start rendering: MORI_Assembly_Animation, 视图层
00:41.627  render           | Engine: EEVEE
00:41.666  render           | Fra: 163 | Rendering 1 / 32 samples
00:41.828  render           | Fra: 163 | Rendering 25 / 32 samples
00:41.877  render           | Fra: 163 | Rendering 32 / 32 samples
00:41.884  render           | Video append frame 163
00:41.885  render           | Time: 00:00.25 (Saving: 00:00.00)
00:41.885  render           | Rendering frame 164
00:41.885  render           | Start rendering: MORI_Assembly_Animation, 视图层
00:41.885  render           | Engine: EEVEE
00:41.921  render           | Fra: 164 | Rendering 1 / 32 samples
00:42.085  render           | Fra: 164 | Rendering 25 / 32 samples
00:42.133  render           | Fra: 164 | Rendering 32 / 32 samples
00:42.142  render           | Video append frame 164
00:42.142  render           | Time: 00:00.25 (Saving: 00:00.00)
00:42.142  render           | Rendering frame 165
00:42.142  render           | Start rendering: MORI_Assembly_Animation, 视图层
00:42.142  render           | Engine: EEVEE
00:42.187  render           | Fra: 165 | Rendering 1 / 32 samples
00:42.353  render           | Fra: 165 | Rendering 25 / 32 samples
00:42.399  render           | Fra: 165 | Rendering 32 / 32 samples
00:42.422  render           | Video append frame 165
00:42.422  render           | Time: 00:00.27 (Saving: 00:00.01)
00:42.422  render           | Rendering frame 166
00:42.422  render           | Start rendering: MORI_Assembly_Animation, 视图层
00:42.422  render           | Engine: EEVEE
00:42.458  render           | Fra: 166 | Rendering 1 / 32 samples
00:42.624  render           | Fra: 166 | Rendering 25 / 32 samples
00:42.673  render           | Fra: 166 | Rendering 32 / 32 samples
00:42.700  render           | Video append frame 166
00:42.700  render           | Time: 00:00.27 (Saving: 00:00.02)
00:42.700  render           | Rendering frame 167
00:42.700  render           | Start rendering: MORI_Assembly_Animation, 视图层
00:42.700  render           | Engine: EEVEE
00:42.740  render           | Fra: 167 | Rendering 1 / 32 samples
00:42.911  render           | Fra: 167 | Rendering 25 / 32 samples
00:42.961  render           | Fra: 167 | Rendering 32 / 32 samples
00:42.986  render           | Video append frame 167
00:42.986  render           | Time: 00:00.28 (Saving: 00:00.01)
00:42.986  render           | Rendering frame 168
00:42.986  render           | Start rendering: MORI_Assembly_Animation, 视图层
00:42.986  render           | Engine: EEVEE
00:43.028  render           | Fra: 168 | Rendering 1 / 32 samples
00:43.209  render           | Fra: 168 | Rendering 25 / 32 samples
00:43.259  render           | Fra: 168 | Rendering 32 / 32 samples
00:43.270  render           | Video append frame 168
00:43.270  render           | Time: 00:00.28 (Saving: 00:00.00)
00:43.270  render           | Rendering frame 169
00:43.270  render           | Start rendering: MORI_Assembly_Animation, 视图层
00:43.270  render           | Engine: EEVEE
00:43.310  render           | Fra: 169 | Rendering 1 / 32 samples
00:43.480  render           | Fra: 169 | Rendering 25 / 32 samples
00:43.527  render           | Fra: 169 | Rendering 32 / 32 samples
00:43.551  render           | Video append frame 169
00:43.551  render           | Time: 00:00.28 (Saving: 00:00.02)
00:43.551  render           | Rendering frame 170
00:43.552  render           | Start rendering: MORI_Assembly_Animation, 视图层
00:43.552  render           | Engine: EEVEE
00:43.592  render           | Fra: 170 | Rendering 1 / 32 samples
00:43.760  render           | Fra: 170 | Rendering 25 / 32 samples
00:43.810  render           | Fra: 170 | Rendering 32 / 32 samples
00:43.846  render           | Video append frame 170
00:43.846  render           | Time: 00:00.29 (Saving: 00:00.02)
00:43.846  render           | Rendering frame 171
00:43.847  render           | Start rendering: MORI_Assembly_Animation, 视图层
00:43.847  render           | Engine: EEVEE
00:43.885  render           | Fra: 171 | Rendering 1 / 32 samples
00:44.064  render           | Fra: 171 | Rendering 25 / 32 samples
00:44.115  render           | Fra: 171 | Rendering 32 / 32 samples
00:44.152  render           | Video append frame 171
00:44.152  render           | Time: 00:00.30 (Saving: 00:00.02)
00:44.152  render           | Rendering frame 172
00:44.152  render           | Start rendering: MORI_Assembly_Animation, 视图层
00:44.152  render           | Engine: EEVEE
00:44.194  render           | Fra: 172 | Rendering 1 / 32 samples
00:44.367  render           | Fra: 172 | Rendering 25 / 32 samples
00:44.417  render           | Fra: 172 | Rendering 32 / 32 samples
00:44.434  render           | Video append frame 172
00:44.435  render           | Time: 00:00.28 (Saving: 00:00.01)
00:44.435  render           | Rendering frame 173
00:44.435  render           | Start rendering: MORI_Assembly_Animation, 视图层
00:44.435  render           | Engine: EEVEE
00:44.476  render           | Fra: 173 | Rendering 1 / 32 samples
00:44.649  render           | Fra: 173 | Rendering 25 / 32 samples
00:44.695  render           | Fra: 173 | Rendering 32 / 32 samples
00:44.704  render           | Video append frame 173
00:44.704  render           | Time: 00:00.26 (Saving: 00:00.00)
00:44.704  render           | Rendering frame 174
00:44.704  render           | Start rendering: MORI_Assembly_Animation, 视图层
00:44.704  render           | Engine: EEVEE
00:44.742  render           | Fra: 174 | Rendering 1 / 32 samples
00:44.900  render           | Fra: 174 | Rendering 25 / 32 samples
00:44.946  render           | Fra: 174 | Rendering 32 / 32 samples
00:44.955  render           | Video append frame 174
00:44.955  render           | Time: 00:00.25 (Saving: 00:00.00)
00:44.955  render           | Rendering frame 175
00:44.955  render           | Start rendering: MORI_Assembly_Animation, 视图层
00:44.955  render           | Engine: EEVEE
00:44.991  render           | Fra: 175 | Rendering 1 / 32 samples
00:45.135  render           | Fra: 175 | Rendering 25 / 32 samples
00:45.176  render           | Fra: 175 | Rendering 32 / 32 samples
00:45.185  render           | Video append frame 175
00:45.185  render           | Time: 00:00.23 (Saving: 00:00.00)
00:45.185  render           | Rendering frame 176
00:45.185  render           | Start rendering: MORI_Assembly_Animation, 视图层
00:45.185  render           | Engine: EEVEE
00:45.222  render           | Fra: 176 | Rendering 1 / 32 samples
00:45.363  render           | Fra: 176 | Rendering 25 / 32 samples
00:45.403  render           | Fra: 176 | Rendering 32 / 32 samples
00:45.411  render           | Video append frame 176
00:45.411  render           | Time: 00:00.22 (Saving: 00:00.00)
00:45.411  render           | Rendering frame 177
00:45.412  render           | Start rendering: MORI_Assembly_Animation, 视图层
00:45.412  render           | Engine: EEVEE
00:45.452  render           | Fra: 177 | Rendering 1 / 32 samples
00:45.597  render           | Fra: 177 | Rendering 25 / 32 samples
00:45.638  render           | Fra: 177 | Rendering 32 / 32 samples
00:45.647  render           | Video append frame 177
00:45.648  render           | Time: 00:00.23 (Saving: 00:00.00)
00:45.648  render           | Rendering frame 178
00:45.648  render           | Start rendering: MORI_Assembly_Animation, 视图层
00:45.648  render           | Engine: EEVEE
00:45.690  render           | Fra: 178 | Rendering 1 / 32 samples
00:45.829  render           | Fra: 178 | Rendering 25 / 32 samples
00:45.869  render           | Fra: 178 | Rendering 32 / 32 samples
00:45.878  render           | Video append frame 178
00:45.878  render           | Time: 00:00.23 (Saving: 00:00.00)
00:45.878  render           | Rendering frame 179
00:45.878  render           | Start rendering: MORI_Assembly_Animation, 视图层
00:45.878  render           | Engine: EEVEE
00:45.919  render           | Fra: 179 | Rendering 1 / 32 samples
00:46.061  render           | Fra: 179 | Rendering 25 / 32 samples
00:46.101  render           | Fra: 179 | Rendering 32 / 32 samples
00:46.113  render           | Video append frame 179
00:46.113  render           | Time: 00:00.23 (Saving: 00:00.00)
00:46.113  render           | Rendering frame 180
00:46.113  render           | Start rendering: MORI_Assembly_Animation, 视图层
00:46.113  render           | Engine: EEVEE
00:46.158  render           | Fra: 180 | Rendering 1 / 32 samples
00:46.298  render           | Fra: 180 | Rendering 25 / 32 samples
00:46.338  render           | Fra: 180 | Rendering 32 / 32 samples
00:46.346  render           | Video append frame 180
00:46.346  render           | Time: 00:00.23 (Saving: 00:00.00)
00:46.346  render           | Rendering frame 181
00:46.346  render           | Start rendering: MORI_Assembly_Animation, 视图层
00:46.346  render           | Engine: EEVEE
00:46.382  render           | Fra: 181 | Rendering 1 / 32 samples
00:46.520  render           | Fra: 181 | Rendering 25 / 32 samples
00:46.560  render           | Fra: 181 | Rendering 32 / 32 samples
00:46.568  render           | Video append frame 181
00:46.568  render           | Time: 00:00.22 (Saving: 00:00.00)
00:46.568  render           | Rendering frame 182
00:46.568  render           | Start rendering: MORI_Assembly_Animation, 视图层
00:46.568  render           | Engine: EEVEE
00:46.606  render           | Fra: 182 | Rendering 1 / 32 samples
00:46.742  render           | Fra: 182 | Rendering 25 / 32 samples
00:46.780  render           | Fra: 182 | Rendering 32 / 32 samples
00:46.797  render           | Video append frame 182
00:46.797  render           | Time: 00:00.22 (Saving: 00:00.01)
00:46.797  render           | Rendering frame 183
00:46.797  render           | Start rendering: MORI_Assembly_Animation, 视图层
00:46.797  render           | Engine: EEVEE
00:46.832  render           | Fra: 183 | Rendering 1 / 32 samples
00:46.969  render           | Fra: 183 | Rendering 25 / 32 samples
00:47.010  render           | Fra: 183 | Rendering 32 / 32 samples
00:47.034  render           | Video append frame 183
00:47.034  render           | Time: 00:00.23 (Saving: 00:00.02)
00:47.034  render           | Rendering frame 184
00:47.034  render           | Start rendering: MORI_Assembly_Animation, 视图层
00:47.034  render           | Engine: EEVEE
00:47.073  render           | Fra: 184 | Rendering 1 / 32 samples
00:47.212  render           | Fra: 184 | Rendering 25 / 32 samples
00:47.251  render           | Fra: 184 | Rendering 32 / 32 samples
00:47.273  render           | Video append frame 184
00:47.273  render           | Time: 00:00.23 (Saving: 00:00.01)
00:47.273  render           | Rendering frame 185
00:47.273  render           | Start rendering: MORI_Assembly_Animation, 视图层
00:47.273  render           | Engine: EEVEE
00:47.313  render           | Fra: 185 | Rendering 1 / 32 samples
00:47.467  render           | Fra: 185 | Rendering 25 / 32 samples
00:47.511  render           | Fra: 185 | Rendering 32 / 32 samples
00:47.540  render           | Video append frame 185
00:47.540  render           | Time: 00:00.26 (Saving: 00:00.02)
00:47.540  render           | Rendering frame 186
00:47.540  render           | Start rendering: MORI_Assembly_Animation, 视图层
00:47.540  render           | Engine: EEVEE
00:47.583  render           | Fra: 186 | Rendering 1 / 32 samples
00:47.738  render           | Fra: 186 | Rendering 25 / 32 samples
00:47.783  render           | Fra: 186 | Rendering 32 / 32 samples
00:47.799  render           | Video append frame 186
00:47.799  render           | Time: 00:00.25 (Saving: 00:00.01)
00:47.799  render           | Rendering frame 187
00:47.799  render           | Start rendering: MORI_Assembly_Animation, 视图层
00:47.799  render           | Engine: EEVEE
00:47.863  render           | Fra: 187 | Rendering 1 / 32 samples
00:48.018  render           | Fra: 187 | Rendering 25 / 32 samples
00:48.065  render           | Fra: 187 | Rendering 32 / 32 samples
00:48.094  render           | Video append frame 187
00:48.094  render           | Time: 00:00.29 (Saving: 00:00.01)
00:48.094  render           | Rendering frame 188
00:48.094  render           | Start rendering: MORI_Assembly_Animation, 视图层
00:48.094  render           | Engine: EEVEE
00:48.140  render           | Fra: 188 | Rendering 1 / 32 samples
00:48.310  render           | Fra: 188 | Rendering 25 / 32 samples
00:48.359  render           | Fra: 188 | Rendering 32 / 32 samples
00:48.386  render           | Video append frame 188
00:48.386  render           | Time: 00:00.29 (Saving: 00:00.02)
00:48.386  render           | Rendering frame 189
00:48.386  render           | Start rendering: MORI_Assembly_Animation, 视图层
00:48.386  render           | Engine: EEVEE
00:48.432  render           | Fra: 189 | Rendering 1 / 32 samples
00:48.617  render           | Fra: 189 | Rendering 25 / 32 samples
00:48.667  render           | Fra: 189 | Rendering 32 / 32 samples
00:48.693  render           | Video append frame 189
00:48.693  render           | Time: 00:00.30 (Saving: 00:00.02)
00:48.693  render           | Rendering frame 190
00:48.694  render           | Start rendering: MORI_Assembly_Animation, 视图层
00:48.694  render           | Engine: EEVEE
00:48.742  render           | Fra: 190 | Rendering 1 / 32 samples
00:48.913  render           | Fra: 190 | Rendering 25 / 32 samples
00:48.960  render           | Fra: 190 | Rendering 32 / 32 samples
00:48.971  render           | Video append frame 190
00:48.971  render           | Time: 00:00.27 (Saving: 00:00.00)
00:48.971  render           | Rendering frame 191
00:48.971  render           | Start rendering: MORI_Assembly_Animation, 视图层
00:48.971  render           | Engine: EEVEE
00:49.016  render           | Fra: 191 | Rendering 1 / 32 samples
00:49.153  render           | Fra: 191 | Rendering 25 / 32 samples
00:49.192  render           | Fra: 191 | Rendering 32 / 32 samples
00:49.202  render           | Video append frame 191
00:49.202  render           | Time: 00:00.23 (Saving: 00:00.00)
00:49.202  render           | Rendering frame 192
00:49.202  render           | Start rendering: MORI_Assembly_Animation, 视图层
00:49.202  render           | Engine: EEVEE
00:49.245  render           | Fra: 192 | Rendering 1 / 32 samples
00:49.382  render           | Fra: 192 | Rendering 25 / 32 samples
00:49.421  render           | Fra: 192 | Rendering 32 / 32 samples
00:49.430  render           | Video append frame 192
00:49.430  render           | Time: 00:00.22 (Saving: 00:00.00)
00:49.430  render           | Rendering frame 193
00:49.430  render           | Start rendering: MORI_Assembly_Animation, 视图层
00:49.430  render           | Engine: EEVEE
00:49.477  render           | Fra: 193 | Rendering 1 / 32 samples
00:49.616  render           | Fra: 193 | Rendering 25 / 32 samples
00:49.654  render           | Fra: 193 | Rendering 32 / 32 samples
00:49.663  render           | Video append frame 193
00:49.663  render           | Time: 00:00.23 (Saving: 00:00.00)
00:49.663  render           | Rendering frame 194
00:49.663  render           | Start rendering: MORI_Assembly_Animation, 视图层
00:49.663  render           | Engine: EEVEE
00:49.704  render           | Fra: 194 | Rendering 1 / 32 samples
00:49.843  render           | Fra: 194 | Rendering 25 / 32 samples
00:49.883  render           | Fra: 194 | Rendering 32 / 32 samples
00:49.891  render           | Video append frame 194
00:49.891  render           | Time: 00:00.22 (Saving: 00:00.00)
00:49.891  render           | Rendering frame 195
00:49.891  render           | Start rendering: MORI_Assembly_Animation, 视图层
00:49.891  render           | Engine: EEVEE
00:49.933  render           | Fra: 195 | Rendering 1 / 32 samples
00:50.075  render           | Fra: 195 | Rendering 25 / 32 samples
00:50.115  render           | Fra: 195 | Rendering 32 / 32 samples
00:50.123  render           | Video append frame 195
00:50.123  render           | Time: 00:00.23 (Saving: 00:00.00)
00:50.123  render           | Rendering frame 196
00:50.123  render           | Start rendering: MORI_Assembly_Animation, 视图层
00:50.123  render           | Engine: EEVEE
00:50.165  render           | Fra: 196 | Rendering 1 / 32 samples
00:50.307  render           | Fra: 196 | Rendering 25 / 32 samples
00:50.347  render           | Fra: 196 | Rendering 32 / 32 samples
00:50.355  render           | Video append frame 196
00:50.355  render           | Time: 00:00.23 (Saving: 00:00.00)
00:50.355  render           | Rendering frame 197
00:50.355  render           | Start rendering: MORI_Assembly_Animation, 视图层
00:50.355  render           | Engine: EEVEE
00:50.401  render           | Fra: 197 | Rendering 1 / 32 samples
00:50.542  render           | Fra: 197 | Rendering 25 / 32 samples
00:50.582  render           | Fra: 197 | Rendering 32 / 32 samples
00:50.591  render           | Video append frame 197
00:50.591  render           | Time: 00:00.23 (Saving: 00:00.00)
00:50.591  render           | Rendering frame 198
00:50.591  render           | Start rendering: MORI_Assembly_Animation, 视图层
00:50.591  render           | Engine: EEVEE
00:50.630  render           | Fra: 198 | Rendering 1 / 32 samples
00:50.766  render           | Fra: 198 | Rendering 25 / 32 samples
00:50.806  render           | Fra: 198 | Rendering 32 / 32 samples
00:50.815  render           | Video append frame 198
00:50.815  render           | Time: 00:00.22 (Saving: 00:00.00)
00:50.815  render           | Rendering frame 199
00:50.815  render           | Start rendering: MORI_Assembly_Animation, 视图层
00:50.815  render           | Engine: EEVEE
00:50.854  render           | Fra: 199 | Rendering 1 / 32 samples
00:50.990  render           | Fra: 199 | Rendering 25 / 32 samples
00:51.029  render           | Fra: 199 | Rendering 32 / 32 samples
00:51.036  render           | Video append frame 199
00:51.036  render           | Time: 00:00.22 (Saving: 00:00.00)
00:51.036  render           | Rendering frame 200
00:51.037  render           | Start rendering: MORI_Assembly_Animation, 视图层
00:51.037  render           | Engine: EEVEE
00:51.076  render           | Fra: 200 | Rendering 1 / 32 samples
00:51.214  render           | Fra: 200 | Rendering 25 / 32 samples
00:51.255  render           | Fra: 200 | Rendering 32 / 32 samples
00:51.274  render           | Video append frame 200
00:51.274  render           | Time: 00:00.23 (Saving: 00:00.01)
00:51.274  render           | Rendering frame 201
00:51.274  render           | Start rendering: MORI_Assembly_Animation, 视图层
00:51.274  render           | Engine: EEVEE
00:51.314  render           | Fra: 201 | Rendering 1 / 32 samples
00:51.452  render           | Fra: 201 | Rendering 25 / 32 samples
00:51.493  render           | Fra: 201 | Rendering 32 / 32 samples
00:51.522  render           | Video append frame 201
00:51.522  render           | Time: 00:00.24 (Saving: 00:00.02)
00:51.522  render           | Rendering frame 202
00:51.522  render           | Start rendering: MORI_Assembly_Animation, 视图层
00:51.522  render           | Engine: EEVEE
00:51.565  render           | Fra: 202 | Rendering 1 / 32 samples
00:51.715  render           | Fra: 202 | Rendering 25 / 32 samples
00:51.757  render           | Fra: 202 | Rendering 32 / 32 samples
00:51.785  render           | Video append frame 202
00:51.785  render           | Time: 00:00.26 (Saving: 00:00.02)
00:51.785  render           | Rendering frame 203
00:51.785  render           | Start rendering: MORI_Assembly_Animation, 视图层
00:51.785  render           | Engine: EEVEE
00:51.830  render           | Fra: 203 | Rendering 1 / 32 samples
00:51.973  render           | Fra: 203 | Rendering 25 / 32 samples
00:52.014  render           | Fra: 203 | Rendering 32 / 32 samples
00:52.051  render           | Video append frame 203
00:52.051  render           | Time: 00:00.26 (Saving: 00:00.03)
00:52.052  render           | Rendering frame 204
00:52.052  render           | Start rendering: MORI_Assembly_Animation, 视图层
00:52.052  render           | Engine: EEVEE
00:52.099  render           | Fra: 204 | Rendering 1 / 32 samples
00:52.243  render           | Fra: 204 | Rendering 25 / 32 samples
00:52.283  render           | Fra: 204 | Rendering 32 / 32 samples
00:52.311  render           | Video append frame 204
00:52.311  render           | Time: 00:00.25 (Saving: 00:00.02)
00:52.311  render           | Rendering frame 205
00:52.311  render           | Start rendering: MORI_Assembly_Animation, 视图层
00:52.311  render           | Engine: EEVEE
00:52.360  render           | Fra: 205 | Rendering 1 / 32 samples
00:52.504  render           | Fra: 205 | Rendering 25 / 32 samples
00:52.545  render           | Fra: 205 | Rendering 32 / 32 samples
00:52.580  render           | Video append frame 205
00:52.580  render           | Time: 00:00.26 (Saving: 00:00.02)
00:52.580  render           | Rendering frame 206
00:52.580  render           | Start rendering: MORI_Assembly_Animation, 视图层
00:52.580  render           | Engine: EEVEE
00:52.626  render           | Fra: 206 | Rendering 1 / 32 samples
00:52.768  render           | Fra: 206 | Rendering 25 / 32 samples
00:52.809  render           | Fra: 206 | Rendering 32 / 32 samples
00:52.845  render           | Video append frame 206
00:52.845  render           | Time: 00:00.26 (Saving: 00:00.02)
00:52.845  render           | Rendering frame 207
00:52.845  render           | Start rendering: MORI_Assembly_Animation, 视图层
00:52.845  render           | Engine: EEVEE
00:52.892  render           | Fra: 207 | Rendering 1 / 32 samples
00:53.031  render           | Fra: 207 | Rendering 25 / 32 samples
00:53.070  render           | Fra: 207 | Rendering 32 / 32 samples
00:53.106  render           | Video append frame 207
00:53.106  render           | Time: 00:00.26 (Saving: 00:00.03)
00:53.106  render           | Rendering frame 208
00:53.106  render           | Start rendering: MORI_Assembly_Animation, 视图层
00:53.106  render           | Engine: EEVEE
00:53.153  render           | Fra: 208 | Rendering 1 / 32 samples
00:53.293  render           | Fra: 208 | Rendering 25 / 32 samples
00:53.332  render           | Fra: 208 | Rendering 32 / 32 samples
00:53.348  render           | Video append frame 208
00:53.348  render           | Time: 00:00.24 (Saving: 00:00.01)
00:53.349  render           | Rendering frame 209
00:53.349  render           | Start rendering: MORI_Assembly_Animation, 视图层
00:53.349  render           | Engine: EEVEE
00:53.393  render           | Fra: 209 | Rendering 1 / 32 samples
00:53.536  render           | Fra: 209 | Rendering 25 / 32 samples
00:53.576  render           | Fra: 209 | Rendering 32 / 32 samples
00:53.609  render           | Video append frame 209
00:53.609  render           | Time: 00:00.26 (Saving: 00:00.02)
00:53.609  render           | Rendering frame 210
00:53.609  render           | Start rendering: MORI_Assembly_Animation, 视图层
00:53.609  render           | Engine: EEVEE
00:53.657  render           | Fra: 210 | Rendering 1 / 32 samples
00:53.798  render           | Fra: 210 | Rendering 25 / 32 samples
00:53.837  render           | Fra: 210 | Rendering 32 / 32 samples
00:53.867  render           | Video append frame 210
00:53.867  render           | Time: 00:00.25 (Saving: 00:00.01)
00:53.867  render           | Rendering frame 211
00:53.867  render           | Start rendering: MORI_Assembly_Animation, 视图层
00:53.867  render           | Engine: EEVEE
00:53.910  render           | Fra: 211 | Rendering 1 / 32 samples
00:54.060  render           | Fra: 211 | Rendering 25 / 32 samples
00:54.101  render           | Fra: 211 | Rendering 32 / 32 samples
00:54.123  render           | Video append frame 211
00:54.123  render           | Time: 00:00.25 (Saving: 00:00.01)
00:54.123  render           | Rendering frame 212
00:54.123  render           | Start rendering: MORI_Assembly_Animation, 视图层
00:54.123  render           | Engine: EEVEE
00:54.165  render           | Fra: 212 | Rendering 1 / 32 samples
00:54.309  render           | Fra: 212 | Rendering 25 / 32 samples
00:54.348  render           | Fra: 212 | Rendering 32 / 32 samples
00:54.369  render           | Video append frame 212
00:54.369  render           | Time: 00:00.24 (Saving: 00:00.01)
00:54.369  render           | Rendering frame 213
00:54.369  render           | Start rendering: MORI_Assembly_Animation, 视图层
00:54.369  render           | Engine: EEVEE
00:54.411  render           | Fra: 213 | Rendering 1 / 32 samples
00:54.550  render           | Fra: 213 | Rendering 25 / 32 samples
00:54.591  render           | Fra: 213 | Rendering 32 / 32 samples
00:54.622  render           | Video append frame 213
00:54.622  render           | Time: 00:00.25 (Saving: 00:00.02)
00:54.622  render           | Rendering frame 214
00:54.622  render           | Start rendering: MORI_Assembly_Animation, 视图层
00:54.622  render           | Engine: EEVEE
00:54.663  render           | Fra: 214 | Rendering 1 / 32 samples
00:54.804  render           | Fra: 214 | Rendering 25 / 32 samples
00:54.845  render           | Fra: 214 | Rendering 32 / 32 samples
00:54.867  render           | Video append frame 214
00:54.867  render           | Time: 00:00.24 (Saving: 00:00.01)
00:54.867  render           | Rendering frame 215
00:54.867  render           | Start rendering: MORI_Assembly_Animation, 视图层
00:54.867  render           | Engine: EEVEE
00:54.910  render           | Fra: 215 | Rendering 1 / 32 samples
00:55.052  render           | Fra: 215 | Rendering 25 / 32 samples
00:55.092  render           | Fra: 215 | Rendering 32 / 32 samples
00:55.128  render           | Video append frame 215
00:55.128  render           | Time: 00:00.26 (Saving: 00:00.02)
00:55.128  render           | Rendering frame 216
00:55.128  render           | Start rendering: MORI_Assembly_Animation, 视图层
00:55.128  render           | Engine: EEVEE
00:55.170  render           | Fra: 216 | Rendering 1 / 32 samples
00:55.310  render           | Fra: 216 | Rendering 25 / 32 samples
00:55.351  render           | Fra: 216 | Rendering 32 / 32 samples
00:55.379  render           | Video append frame 216
00:55.379  render           | Time: 00:00.25 (Saving: 00:00.02)
00:55.379  render           | Rendering frame 217
00:55.379  render           | Start rendering: MORI_Assembly_Animation, 视图层
00:55.379  render           | Engine: EEVEE
00:55.420  render           | Fra: 217 | Rendering 1 / 32 samples
00:55.564  render           | Fra: 217 | Rendering 25 / 32 samples
00:55.604  render           | Fra: 217 | Rendering 32 / 32 samples
00:55.632  render           | Video append frame 217
00:55.632  render           | Time: 00:00.25 (Saving: 00:00.01)
00:55.632  render           | Rendering frame 218
00:55.632  render           | Start rendering: MORI_Assembly_Animation, 视图层
00:55.632  render           | Engine: EEVEE
00:55.675  render           | Fra: 218 | Rendering 1 / 32 samples
00:55.817  render           | Fra: 218 | Rendering 25 / 32 samples
00:55.859  render           | Fra: 218 | Rendering 32 / 32 samples
00:55.891  render           | Video append frame 218
00:55.891  render           | Time: 00:00.25 (Saving: 00:00.02)
00:55.891  render           | Rendering frame 219
00:55.891  render           | Start rendering: MORI_Assembly_Animation, 视图层
00:55.891  render           | Engine: EEVEE
00:55.934  render           | Fra: 219 | Rendering 1 / 32 samples
00:56.074  render           | Fra: 219 | Rendering 25 / 32 samples
00:56.114  render           | Fra: 219 | Rendering 32 / 32 samples
00:56.146  render           | Video append frame 219
00:56.146  render           | Time: 00:00.25 (Saving: 00:00.02)
00:56.146  render           | Rendering frame 220
00:56.146  render           | Start rendering: MORI_Assembly_Animation, 视图层
00:56.146  render           | Engine: EEVEE
00:56.188  render           | Fra: 220 | Rendering 1 / 32 samples
00:56.327  render           | Fra: 220 | Rendering 25 / 32 samples
00:56.367  render           | Fra: 220 | Rendering 32 / 32 samples
00:56.399  render           | Video append frame 220
00:56.399  render           | Time: 00:00.25 (Saving: 00:00.02)
00:56.399  render           | Rendering frame 221
00:56.399  render           | Start rendering: MORI_Assembly_Animation, 视图层
00:56.399  render           | Engine: EEVEE
00:56.443  render           | Fra: 221 | Rendering 1 / 32 samples
00:56.587  render           | Fra: 221 | Rendering 25 / 32 samples
00:56.628  render           | Fra: 221 | Rendering 32 / 32 samples
00:56.656  render           | Video append frame 221
00:56.656  render           | Time: 00:00.25 (Saving: 00:00.02)
00:56.656  render           | Rendering frame 222
00:56.656  render           | Start rendering: MORI_Assembly_Animation, 视图层
00:56.656  render           | Engine: EEVEE
00:56.696  render           | Fra: 222 | Rendering 1 / 32 samples
00:56.836  render           | Fra: 222 | Rendering 25 / 32 samples
00:56.877  render           | Fra: 222 | Rendering 32 / 32 samples
00:56.906  render           | Video append frame 222
00:56.906  render           | Time: 00:00.25 (Saving: 00:00.02)
00:56.906  render           | Rendering frame 223
00:56.906  render           | Start rendering: MORI_Assembly_Animation, 视图层
00:56.906  render           | Engine: EEVEE
00:56.948  render           | Fra: 223 | Rendering 1 / 32 samples
00:57.090  render           | Fra: 223 | Rendering 25 / 32 samples
00:57.131  render           | Fra: 223 | Rendering 32 / 32 samples
00:57.141  render           | Video append frame 223
00:57.141  render           | Time: 00:00.23 (Saving: 00:00.00)
00:57.141  render           | Rendering frame 224
00:57.141  render           | Start rendering: MORI_Assembly_Animation, 视图层
00:57.141  render           | Engine: EEVEE
00:57.187  render           | Fra: 224 | Rendering 1 / 32 samples
00:57.326  render           | Fra: 224 | Rendering 25 / 32 samples
00:57.366  render           | Fra: 224 | Rendering 32 / 32 samples
00:57.374  render           | Video append frame 224
00:57.374  render           | Time: 00:00.23 (Saving: 00:00.00)
00:57.374  render           | Rendering frame 225
00:57.374  render           | Start rendering: MORI_Assembly_Animation, 视图层
00:57.374  render           | Engine: EEVEE
00:57.419  render           | Fra: 225 | Rendering 1 / 32 samples
00:57.566  render           | Fra: 225 | Rendering 25 / 32 samples
00:57.606  render           | Fra: 225 | Rendering 32 / 32 samples
00:57.615  render           | Video append frame 225
00:57.615  render           | Time: 00:00.24 (Saving: 00:00.00)
00:57.615  render           | Rendering frame 226
00:57.615  render           | Start rendering: MORI_Assembly_Animation, 视图层
00:57.615  render           | Engine: EEVEE
00:57.658  render           | Fra: 226 | Rendering 1 / 32 samples
00:57.798  render           | Fra: 226 | Rendering 25 / 32 samples
00:57.840  render           | Fra: 226 | Rendering 32 / 32 samples
00:57.851  render           | Video append frame 226
00:57.851  render           | Time: 00:00.23 (Saving: 00:00.00)
00:57.851  render           | Rendering frame 227
00:57.851  render           | Start rendering: MORI_Assembly_Animation, 视图层
00:57.851  render           | Engine: EEVEE
00:57.898  render           | Fra: 227 | Rendering 1 / 32 samples
00:58.044  render           | Fra: 227 | Rendering 25 / 32 samples
00:58.085  render           | Fra: 227 | Rendering 32 / 32 samples
00:58.095  render           | Video append frame 227
00:58.095  render           | Time: 00:00.24 (Saving: 00:00.00)
00:58.095  render           | Rendering frame 228
00:58.095  render           | Start rendering: MORI_Assembly_Animation, 视图层
00:58.095  render           | Engine: EEVEE
00:58.143  render           | Fra: 228 | Rendering 1 / 32 samples
00:58.284  render           | Fra: 228 | Rendering 25 / 32 samples
00:58.326  render           | Fra: 228 | Rendering 32 / 32 samples
00:58.335  render           | Video append frame 228
00:58.335  render           | Time: 00:00.24 (Saving: 00:00.00)
00:58.335  render           | Rendering frame 229
00:58.335  render           | Start rendering: MORI_Assembly_Animation, 视图层
00:58.335  render           | Engine: EEVEE
00:58.379  render           | Fra: 229 | Rendering 1 / 32 samples
00:58.518  render           | Fra: 229 | Rendering 25 / 32 samples
00:58.561  render           | Fra: 229 | Rendering 32 / 32 samples
00:58.573  render           | Video append frame 229
00:58.573  render           | Time: 00:00.23 (Saving: 00:00.00)
00:58.573  render           | Rendering frame 230
00:58.573  render           | Start rendering: MORI_Assembly_Animation, 视图层
00:58.573  render           | Engine: EEVEE
00:58.628  render           | Fra: 230 | Rendering 1 / 32 samples
00:58.768  render           | Fra: 230 | Rendering 25 / 32 samples
00:58.811  render           | Fra: 230 | Rendering 32 / 32 samples
00:58.819  render           | Video append frame 230
00:58.819  render           | Time: 00:00.24 (Saving: 00:00.00)
00:58.819  render           | Rendering frame 231
00:58.819  render           | Start rendering: MORI_Assembly_Animation, 视图层
00:58.819  render           | Engine: EEVEE
00:58.862  render           | Fra: 231 | Rendering 1 / 32 samples
00:59.000  render           | Fra: 231 | Rendering 25 / 32 samples
00:59.040  render           | Fra: 231 | Rendering 32 / 32 samples
00:59.048  render           | Video append frame 231
00:59.048  render           | Time: 00:00.22 (Saving: 00:00.00)
00:59.048  render           | Rendering frame 232
00:59.048  render           | Start rendering: MORI_Assembly_Animation, 视图层
00:59.048  render           | Engine: EEVEE
00:59.088  render           | Fra: 232 | Rendering 1 / 32 samples
00:59.223  render           | Fra: 232 | Rendering 25 / 32 samples
00:59.262  render           | Fra: 232 | Rendering 32 / 32 samples
00:59.271  render           | Video append frame 232
00:59.271  render           | Time: 00:00.22 (Saving: 00:00.00)
00:59.271  render           | Rendering frame 233
00:59.271  render           | Start rendering: MORI_Assembly_Animation, 视图层
00:59.271  render           | Engine: EEVEE
00:59.315  render           | Fra: 233 | Rendering 1 / 32 samples
00:59.453  render           | Fra: 233 | Rendering 25 / 32 samples
00:59.492  render           | Fra: 233 | Rendering 32 / 32 samples
00:59.501  render           | Video append frame 233
00:59.501  render           | Time: 00:00.22 (Saving: 00:00.00)
00:59.501  render           | Rendering frame 234
00:59.501  render           | Start rendering: MORI_Assembly_Animation, 视图层
00:59.501  render           | Engine: EEVEE
00:59.535  render           | Fra: 234 | Rendering 1 / 32 samples
00:59.669  render           | Fra: 234 | Rendering 25 / 32 samples
00:59.710  render           | Fra: 234 | Rendering 32 / 32 samples
00:59.720  render           | Video append frame 234
00:59.720  render           | Time: 00:00.21 (Saving: 00:00.00)
00:59.720  render           | Rendering frame 235
00:59.720  render           | Start rendering: MORI_Assembly_Animation, 视图层
00:59.720  render           | Engine: EEVEE
00:59.751  render           | Fra: 235 | Rendering 1 / 32 samples
00:59.886  render           | Fra: 235 | Rendering 25 / 32 samples
00:59.927  render           | Fra: 235 | Rendering 32 / 32 samples
00:59.935  render           | Video append frame 235
00:59.935  render           | Time: 00:00.21 (Saving: 00:00.00)
00:59.935  render           | Rendering frame 236
00:59.935  render           | Start rendering: MORI_Assembly_Animation, 视图层
00:59.935  render           | Engine: EEVEE
00:59.969  render           | Fra: 236 | Rendering 1 / 32 samples
01:00.104  render           | Fra: 236 | Rendering 25 / 32 samples
01:00.143  render           | Fra: 236 | Rendering 32 / 32 samples
01:00.151  render           | Video append frame 236
01:00.151  render           | Time: 00:00.21 (Saving: 00:00.00)
01:00.151  render           | Rendering frame 237
01:00.151  render           | Start rendering: MORI_Assembly_Animation, 视图层
01:00.151  render           | Engine: EEVEE
01:00.187  render           | Fra: 237 | Rendering 1 / 32 samples
01:00.320  render           | Fra: 237 | Rendering 25 / 32 samples
01:00.360  render           | Fra: 237 | Rendering 32 / 32 samples
01:00.368  render           | Video append frame 237
01:00.368  render           | Time: 00:00.21 (Saving: 00:00.00)
01:00.368  render           | Rendering frame 238
01:00.369  render           | Start rendering: MORI_Assembly_Animation, 视图层
01:00.369  render           | Engine: EEVEE
01:00.404  render           | Fra: 238 | Rendering 1 / 32 samples
01:00.544  render           | Fra: 238 | Rendering 25 / 32 samples
01:00.583  render           | Fra: 238 | Rendering 32 / 32 samples
01:00.591  render           | Video append frame 238
01:00.591  render           | Time: 00:00.22 (Saving: 00:00.00)
01:00.591  render           | Rendering frame 239
01:00.591  render           | Start rendering: MORI_Assembly_Animation, 视图层
01:00.591  render           | Engine: EEVEE
01:00.629  render           | Fra: 239 | Rendering 1 / 32 samples
01:00.765  render           | Fra: 239 | Rendering 25 / 32 samples
01:00.802  render           | Fra: 239 | Rendering 32 / 32 samples
01:00.811  render           | Video append frame 239
01:00.811  render           | Time: 00:00.21 (Saving: 00:00.00)
01:00.811  render           | Rendering frame 240
01:00.811  render           | Start rendering: MORI_Assembly_Animation, 视图层
01:00.811  render           | Engine: EEVEE
01:00.848  render           | Fra: 240 | Rendering 1 / 32 samples
01:00.982  render           | Fra: 240 | Rendering 25 / 32 samples
01:01.019  render           | Fra: 240 | Rendering 32 / 32 samples
01:01.028  render           | Video append frame 240
01:01.028  render           | Time: 00:00.21 (Saving: 00:00.00)
01:01.028  render           | Rendering frame 241
01:01.028  render           | Start rendering: MORI_Assembly_Animation, 视图层
01:01.028  render           | Engine: EEVEE
01:01.062  render           | Fra: 241 | Rendering 1 / 32 samples
01:01.197  render           | Fra: 241 | Rendering 25 / 32 samples
01:01.235  render           | Fra: 241 | Rendering 32 / 32 samples
01:01.244  render           | Video append frame 241
01:01.244  render           | Time: 00:00.21 (Saving: 00:00.00)
01:01.244  render           | Rendering frame 242
01:01.244  render           | Start rendering: MORI_Assembly_Animation, 视图层
01:01.244  render           | Engine: EEVEE
01:01.281  render           | Fra: 242 | Rendering 1 / 32 samples
01:01.415  render           | Fra: 242 | Rendering 25 / 32 samples
01:01.453  render           | Fra: 242 | Rendering 32 / 32 samples
01:01.462  render           | Video append frame 242
01:01.462  render           | Time: 00:00.21 (Saving: 00:00.00)
01:01.462  render           | Rendering frame 243
01:01.462  render           | Start rendering: MORI_Assembly_Animation, 视图层
01:01.462  render           | Engine: EEVEE
01:01.501  render           | Fra: 243 | Rendering 1 / 32 samples
01:01.642  render           | Fra: 243 | Rendering 25 / 32 samples
01:01.682  render           | Fra: 243 | Rendering 32 / 32 samples
01:01.690  render           | Video append frame 243
01:01.690  render           | Time: 00:00.22 (Saving: 00:00.00)
01:01.690  render           | Rendering frame 244
01:01.690  render           | Start rendering: MORI_Assembly_Animation, 视图层
01:01.690  render           | Engine: EEVEE
01:01.727  render           | Fra: 244 | Rendering 1 / 32 samples
01:01.865  render           | Fra: 244 | Rendering 25 / 32 samples
01:01.906  render           | Fra: 244 | Rendering 32 / 32 samples
01:01.915  render           | Video append frame 244
01:01.915  render           | Time: 00:00.22 (Saving: 00:00.00)
01:01.915  render           | Rendering frame 245
01:01.915  render           | Start rendering: MORI_Assembly_Animation, 视图层
01:01.915  render           | Engine: EEVEE
01:01.952  render           | Fra: 245 | Rendering 1 / 32 samples
01:02.093  render           | Fra: 245 | Rendering 25 / 32 samples
01:02.132  render           | Fra: 245 | Rendering 32 / 32 samples
01:02.141  render           | Video append frame 245
01:02.141  render           | Time: 00:00.22 (Saving: 00:00.00)
01:02.141  render           | Rendering frame 246
01:02.141  render           | Start rendering: MORI_Assembly_Animation, 视图层
01:02.141  render           | Engine: EEVEE
01:02.179  render           | Fra: 246 | Rendering 1 / 32 samples
01:02.319  render           | Fra: 246 | Rendering 25 / 32 samples
01:02.360  render           | Fra: 246 | Rendering 32 / 32 samples
01:02.369  render           | Video append frame 246
01:02.369  render           | Time: 00:00.22 (Saving: 00:00.00)
01:02.369  render           | Rendering frame 247
01:02.369  render           | Start rendering: MORI_Assembly_Animation, 视图层
01:02.369  render           | Engine: EEVEE
01:02.409  render           | Fra: 247 | Rendering 1 / 32 samples
01:02.550  render           | Fra: 247 | Rendering 25 / 32 samples
01:02.591  render           | Fra: 247 | Rendering 32 / 32 samples
01:02.601  render           | Video append frame 247
01:02.601  render           | Time: 00:00.23 (Saving: 00:00.00)
01:02.601  render           | Rendering frame 248
01:02.601  render           | Start rendering: MORI_Assembly_Animation, 视图层
01:02.601  render           | Engine: EEVEE
01:02.642  render           | Fra: 248 | Rendering 1 / 32 samples
01:02.790  render           | Fra: 248 | Rendering 25 / 32 samples
01:02.831  render           | Fra: 248 | Rendering 32 / 32 samples
01:02.840  render           | Video append frame 248
01:02.840  render           | Time: 00:00.23 (Saving: 00:00.00)
01:02.840  render           | Rendering frame 249
01:02.840  render           | Start rendering: MORI_Assembly_Animation, 视图层
01:02.840  render           | Engine: EEVEE
01:02.881  render           | Fra: 249 | Rendering 1 / 32 samples
01:03.024  render           | Fra: 249 | Rendering 25 / 32 samples
01:03.066  render           | Fra: 249 | Rendering 32 / 32 samples
01:03.075  render           | Video append frame 249
01:03.075  render           | Time: 00:00.23 (Saving: 00:00.00)
01:03.075  render           | Rendering frame 250
01:03.075  render           | Start rendering: MORI_Assembly_Animation, 视图层
01:03.075  render           | Engine: EEVEE
01:03.118  render           | Fra: 250 | Rendering 1 / 32 samples
01:03.260  render           | Fra: 250 | Rendering 25 / 32 samples
01:03.301  render           | Fra: 250 | Rendering 32 / 32 samples
01:03.330  render           | Video append frame 250
01:03.330  render           | Time: 00:00.25 (Saving: 00:00.01)
01:03.330  render           | Rendering frame 251
01:03.330  render           | Start rendering: MORI_Assembly_Animation, 视图层
01:03.330  render           | Engine: EEVEE
01:03.370  render           | Fra: 251 | Rendering 1 / 32 samples
01:03.515  render           | Fra: 251 | Rendering 25 / 32 samples
01:03.556  render           | Fra: 251 | Rendering 32 / 32 samples
01:03.565  render           | Video append frame 251
01:03.565  render           | Time: 00:00.23 (Saving: 00:00.00)
01:03.565  render           | Rendering frame 252
01:03.565  render           | Start rendering: MORI_Assembly_Animation, 视图层
01:03.565  render           | Engine: EEVEE
01:03.603  render           | Fra: 252 | Rendering 1 / 32 samples
01:03.744  render           | Fra: 252 | Rendering 25 / 32 samples
01:03.783  render           | Fra: 252 | Rendering 32 / 32 samples
01:03.792  render           | Video append frame 252
01:03.792  render           | Time: 00:00.22 (Saving: 00:00.00)
01:03.792  render           | Rendering frame 253
01:03.793  render           | Start rendering: MORI_Assembly_Animation, 视图层
01:03.793  render           | Engine: EEVEE
01:03.833  render           | Fra: 253 | Rendering 1 / 32 samples
01:03.977  render           | Fra: 253 | Rendering 25 / 32 samples
01:04.017  render           | Fra: 253 | Rendering 32 / 32 samples
01:04.026  render           | Video append frame 253
01:04.026  render           | Time: 00:00.23 (Saving: 00:00.00)
01:04.026  render           | Rendering frame 254
01:04.026  render           | Start rendering: MORI_Assembly_Animation, 视图层
01:04.026  render           | Engine: EEVEE
01:04.065  render           | Fra: 254 | Rendering 1 / 32 samples
01:04.203  render           | Fra: 254 | Rendering 25 / 32 samples
01:04.245  render           | Fra: 254 | Rendering 32 / 32 samples
01:04.253  render           | Video append frame 254
01:04.253  render           | Time: 00:00.22 (Saving: 00:00.00)
01:04.253  render           | Rendering frame 255
01:04.253  render           | Start rendering: MORI_Assembly_Animation, 视图层
01:04.253  render           | Engine: EEVEE
01:04.291  render           | Fra: 255 | Rendering 1 / 32 samples
01:04.432  render           | Fra: 255 | Rendering 25 / 32 samples
01:04.475  render           | Fra: 255 | Rendering 32 / 32 samples
01:04.484  render           | Video append frame 255
01:04.484  render           | Time: 00:00.23 (Saving: 00:00.00)
01:04.484  render           | Rendering frame 256
01:04.484  render           | Start rendering: MORI_Assembly_Animation, 视图层
01:04.484  render           | Engine: EEVEE
01:04.525  render           | Fra: 256 | Rendering 1 / 32 samples
01:04.667  render           | Fra: 256 | Rendering 25 / 32 samples
01:04.708  render           | Fra: 256 | Rendering 32 / 32 samples
01:04.717  render           | Video append frame 256
01:04.717  render           | Time: 00:00.23 (Saving: 00:00.00)
01:04.717  render           | Rendering frame 257
01:04.718  render           | Start rendering: MORI_Assembly_Animation, 视图层
01:04.718  render           | Engine: EEVEE
01:04.760  render           | Fra: 257 | Rendering 1 / 32 samples
01:04.901  render           | Fra: 257 | Rendering 25 / 32 samples
01:04.943  render           | Fra: 257 | Rendering 32 / 32 samples
01:04.953  render           | Video append frame 257
01:04.953  render           | Time: 00:00.23 (Saving: 00:00.00)
01:04.953  render           | Rendering frame 258
01:04.953  render           | Start rendering: MORI_Assembly_Animation, 视图层
01:04.953  render           | Engine: EEVEE
01:04.993  render           | Fra: 258 | Rendering 1 / 32 samples
01:05.132  render           | Fra: 258 | Rendering 25 / 32 samples
01:05.174  render           | Fra: 258 | Rendering 32 / 32 samples
01:05.183  render           | Video append frame 258
01:05.183  render           | Time: 00:00.23 (Saving: 00:00.00)
01:05.183  render           | Rendering frame 259
01:05.183  render           | Start rendering: MORI_Assembly_Animation, 视图层
01:05.183  render           | Engine: EEVEE
01:05.227  render           | Fra: 259 | Rendering 1 / 32 samples
01:05.367  render           | Fra: 259 | Rendering 25 / 32 samples
01:05.408  render           | Fra: 259 | Rendering 32 / 32 samples
01:05.418  render           | Video append frame 259
01:05.418  render           | Time: 00:00.23 (Saving: 00:00.00)
01:05.418  render           | Rendering frame 260
01:05.418  render           | Start rendering: MORI_Assembly_Animation, 视图层
01:05.418  render           | Engine: EEVEE
01:05.456  render           | Fra: 260 | Rendering 1 / 32 samples
01:05.598  render           | Fra: 260 | Rendering 25 / 32 samples
01:05.640  render           | Fra: 260 | Rendering 32 / 32 samples
01:05.649  render           | Video append frame 260
01:05.649  render           | Time: 00:00.23 (Saving: 00:00.00)
01:05.649  render           | Rendering frame 261
01:05.649  render           | Start rendering: MORI_Assembly_Animation, 视图层
01:05.649  render           | Engine: EEVEE
01:05.690  render           | Fra: 261 | Rendering 1 / 32 samples
01:05.831  render           | Fra: 261 | Rendering 25 / 32 samples
01:05.870  render           | Fra: 261 | Rendering 32 / 32 samples
01:05.886  render           | Video append frame 261
01:05.886  render           | Time: 00:00.23 (Saving: 00:00.01)
01:05.886  render           | Rendering frame 262
01:05.886  render           | Start rendering: MORI_Assembly_Animation, 视图层
01:05.886  render           | Engine: EEVEE
01:05.923  render           | Fra: 262 | Rendering 1 / 32 samples
01:06.063  render           | Fra: 262 | Rendering 25 / 32 samples
01:06.103  render           | Fra: 262 | Rendering 32 / 32 samples
01:06.112  render           | Video append frame 262
01:06.112  render           | Time: 00:00.22 (Saving: 00:00.00)
01:06.112  render           | Rendering frame 263
01:06.112  render           | Start rendering: MORI_Assembly_Animation, 视图层
01:06.112  render           | Engine: EEVEE
01:06.151  render           | Fra: 263 | Rendering 1 / 32 samples
01:06.291  render           | Fra: 263 | Rendering 25 / 32 samples
01:06.330  render           | Fra: 263 | Rendering 32 / 32 samples
01:06.353  render           | Video append frame 263
01:06.353  render           | Time: 00:00.24 (Saving: 00:00.02)
01:06.353  render           | Rendering frame 264
01:06.353  render           | Start rendering: MORI_Assembly_Animation, 视图层
01:06.353  render           | Engine: EEVEE
01:06.395  render           | Fra: 264 | Rendering 1 / 32 samples
01:06.536  render           | Fra: 264 | Rendering 25 / 32 samples
01:06.577  render           | Fra: 264 | Rendering 32 / 32 samples
01:06.585  render           | Video append frame 264
01:06.585  render           | Time: 00:00.23 (Saving: 00:00.00)
01:06.585  render           | Rendering frame 265
01:06.585  render           | Start rendering: MORI_Assembly_Animation, 视图层
01:06.585  render           | Engine: EEVEE
01:06.625  render           | Fra: 265 | Rendering 1 / 32 samples
01:06.766  render           | Fra: 265 | Rendering 25 / 32 samples
01:06.808  render           | Fra: 265 | Rendering 32 / 32 samples
01:06.817  render           | Video append frame 265
01:06.817  render           | Time: 00:00.23 (Saving: 00:00.00)
01:06.817  render           | Rendering frame 266
01:06.817  render           | Start rendering: MORI_Assembly_Animation, 视图层
01:06.817  render           | Engine: EEVEE
01:06.857  render           | Fra: 266 | Rendering 1 / 32 samples
01:06.997  render           | Fra: 266 | Rendering 25 / 32 samples
01:07.037  render           | Fra: 266 | Rendering 32 / 32 samples
01:07.069  render           | Video append frame 266
01:07.069  render           | Time: 00:00.25 (Saving: 00:00.02)
01:07.069  render           | Rendering frame 267
01:07.069  render           | Start rendering: MORI_Assembly_Animation, 视图层
01:07.069  render           | Engine: EEVEE
01:07.109  render           | Fra: 267 | Rendering 1 / 32 samples
01:07.249  render           | Fra: 267 | Rendering 25 / 32 samples
01:07.290  render           | Fra: 267 | Rendering 32 / 32 samples
01:07.298  render           | Video append frame 267
01:07.298  render           | Time: 00:00.22 (Saving: 00:00.00)
01:07.298  render           | Rendering frame 268
01:07.298  render           | Start rendering: MORI_Assembly_Animation, 视图层
01:07.298  render           | Engine: EEVEE
01:07.337  render           | Fra: 268 | Rendering 1 / 32 samples
01:07.476  render           | Fra: 268 | Rendering 25 / 32 samples
01:07.516  render           | Fra: 268 | Rendering 32 / 32 samples
01:07.524  render           | Video append frame 268
01:07.524  render           | Time: 00:00.22 (Saving: 00:00.00)
01:07.524  render           | Rendering frame 269
01:07.524  render           | Start rendering: MORI_Assembly_Animation, 视图层
01:07.524  render           | Engine: EEVEE
01:07.563  render           | Fra: 269 | Rendering 1 / 32 samples
01:07.704  render           | Fra: 269 | Rendering 25 / 32 samples
01:07.746  render           | Fra: 269 | Rendering 32 / 32 samples
01:07.768  render           | Video append frame 269
01:07.768  render           | Time: 00:00.24 (Saving: 00:00.01)
01:07.768  render           | Rendering frame 270
01:07.768  render           | Start rendering: MORI_Assembly_Animation, 视图层
01:07.768  render           | Engine: EEVEE
01:07.806  render           | Fra: 270 | Rendering 1 / 32 samples
01:07.948  render           | Fra: 270 | Rendering 25 / 32 samples
01:07.988  render           | Fra: 270 | Rendering 32 / 32 samples
01:07.997  render           | Video append frame 270
01:07.997  render           | Time: 00:00.22 (Saving: 00:00.00)
01:07.997  render           | Rendering frame 271
01:07.998  render           | Start rendering: MORI_Assembly_Animation, 视图层
01:07.998  render           | Engine: EEVEE
01:08.043  render           | Fra: 271 | Rendering 1 / 32 samples
01:08.199  render           | Fra: 271 | Rendering 25 / 32 samples
01:08.244  render           | Fra: 271 | Rendering 32 / 32 samples
01:08.253  render           | Video append frame 271
01:08.253  render           | Time: 00:00.25 (Saving: 00:00.00)
01:08.253  render           | Rendering frame 272
01:08.253  render           | Start rendering: MORI_Assembly_Animation, 视图层
01:08.254  render           | Engine: EEVEE
01:08.292  render           | Fra: 272 | Rendering 1 / 32 samples
01:08.435  render           | Fra: 272 | Rendering 25 / 32 samples
01:08.476  render           | Fra: 272 | Rendering 32 / 32 samples
01:08.509  render           | Video append frame 272
01:08.509  render           | Time: 00:00.25 (Saving: 00:00.02)
01:08.509  render           | Rendering frame 273
01:08.509  render           | Start rendering: MORI_Assembly_Animation, 视图层
01:08.509  render           | Engine: EEVEE
01:08.549  render           | Fra: 273 | Rendering 1 / 32 samples
01:08.690  render           | Fra: 273 | Rendering 25 / 32 samples
01:08.733  render           | Fra: 273 | Rendering 32 / 32 samples
01:08.742  render           | Video append frame 273
01:08.742  render           | Time: 00:00.23 (Saving: 00:00.00)
01:08.742  render           | Rendering frame 274
01:08.742  render           | Start rendering: MORI_Assembly_Animation, 视图层
01:08.742  render           | Engine: EEVEE
01:08.782  render           | Fra: 274 | Rendering 1 / 32 samples
01:08.928  render           | Fra: 274 | Rendering 25 / 32 samples
01:08.967  render           | Fra: 274 | Rendering 32 / 32 samples
01:08.975  render           | Video append frame 274
01:08.975  render           | Time: 00:00.23 (Saving: 00:00.00)
01:08.975  render           | Rendering frame 275
01:08.975  render           | Start rendering: MORI_Assembly_Animation, 视图层
01:08.975  render           | Engine: EEVEE
01:09.015  render           | Fra: 275 | Rendering 1 / 32 samples
01:09.146  render           | Fra: 275 | Rendering 25 / 32 samples
01:09.183  render           | Fra: 275 | Rendering 32 / 32 samples
01:09.192  render           | Video append frame 275
01:09.192  render           | Time: 00:00.21 (Saving: 00:00.00)
01:09.192  render           | Rendering frame 276
01:09.192  render           | Start rendering: MORI_Assembly_Animation, 视图层
01:09.192  render           | Engine: EEVEE
01:09.229  render           | Fra: 276 | Rendering 1 / 32 samples
01:09.364  render           | Fra: 276 | Rendering 25 / 32 samples
01:09.403  render           | Fra: 276 | Rendering 32 / 32 samples
01:09.412  render           | Video append frame 276
01:09.412  render           | Time: 00:00.21 (Saving: 00:00.00)
01:09.412  render           | Rendering frame 277
01:09.412  render           | Start rendering: MORI_Assembly_Animation, 视图层
01:09.412  render           | Engine: EEVEE
01:09.452  render           | Fra: 277 | Rendering 1 / 32 samples
01:09.591  render           | Fra: 277 | Rendering 25 / 32 samples
01:09.630  render           | Fra: 277 | Rendering 32 / 32 samples
01:09.654  render           | Video append frame 277
01:09.654  render           | Time: 00:00.24 (Saving: 00:00.02)
01:09.654  render           | Rendering frame 278
01:09.654  render           | Start rendering: MORI_Assembly_Animation, 视图层
01:09.654  render           | Engine: EEVEE
01:09.694  render           | Fra: 278 | Rendering 1 / 32 samples
01:09.834  render           | Fra: 278 | Rendering 25 / 32 samples
01:09.875  render           | Fra: 278 | Rendering 32 / 32 samples
01:09.884  render           | Video append frame 278
01:09.884  render           | Time: 00:00.23 (Saving: 00:00.00)
01:09.884  render           | Rendering frame 279
01:09.884  render           | Start rendering: MORI_Assembly_Animation, 视图层
01:09.884  render           | Engine: EEVEE
01:09.924  render           | Fra: 279 | Rendering 1 / 32 samples
01:10.064  render           | Fra: 279 | Rendering 25 / 32 samples
01:10.104  render           | Fra: 279 | Rendering 32 / 32 samples
01:10.115  render           | Video append frame 279
01:10.115  render           | Time: 00:00.23 (Saving: 00:00.00)
01:10.115  render           | Rendering frame 280
01:10.115  render           | Start rendering: MORI_Assembly_Animation, 视图层
01:10.115  render           | Engine: EEVEE
01:10.159  render           | Fra: 280 | Rendering 1 / 32 samples
01:10.302  render           | Fra: 280 | Rendering 25 / 32 samples
01:10.344  render           | Fra: 280 | Rendering 32 / 32 samples
01:10.353  render           | Video append frame 280
01:10.353  render           | Time: 00:00.23 (Saving: 00:00.00)
01:10.353  render           | Rendering frame 281
01:10.353  render           | Start rendering: MORI_Assembly_Animation, 视图层
01:10.353  render           | Engine: EEVEE
01:10.393  render           | Fra: 281 | Rendering 1 / 32 samples
01:10.535  render           | Fra: 281 | Rendering 25 / 32 samples
01:10.576  render           | Fra: 281 | Rendering 32 / 32 samples
01:10.585  render           | Video append frame 281
01:10.585  render           | Time: 00:00.23 (Saving: 00:00.00)
01:10.585  render           | Rendering frame 282
01:10.585  render           | Start rendering: MORI_Assembly_Animation, 视图层
01:10.585  render           | Engine: EEVEE
01:10.626  render           | Fra: 282 | Rendering 1 / 32 samples
01:10.766  render           | Fra: 282 | Rendering 25 / 32 samples
01:10.804  render           | Fra: 282 | Rendering 32 / 32 samples
01:10.813  render           | Video append frame 282
01:10.813  render           | Time: 00:00.22 (Saving: 00:00.00)
01:10.813  render           | Rendering frame 283
01:10.813  render           | Start rendering: MORI_Assembly_Animation, 视图层
01:10.813  render           | Engine: EEVEE
01:10.848  render           | Fra: 283 | Rendering 1 / 32 samples
01:10.978  render           | Fra: 283 | Rendering 25 / 32 samples
01:11.016  render           | Fra: 283 | Rendering 32 / 32 samples
01:11.025  render           | Video append frame 283
01:11.025  render           | Time: 00:00.21 (Saving: 00:00.00)
01:11.025  render           | Rendering frame 284
01:11.025  render           | Start rendering: MORI_Assembly_Animation, 视图层
01:11.025  render           | Engine: EEVEE
01:11.064  render           | Fra: 284 | Rendering 1 / 32 samples
01:11.196  render           | Fra: 284 | Rendering 25 / 32 samples
01:11.235  render           | Fra: 284 | Rendering 32 / 32 samples
01:11.257  render           | Video append frame 284
01:11.257  render           | Time: 00:00.23 (Saving: 00:00.01)
01:11.257  render           | Rendering frame 285
01:11.257  render           | Start rendering: MORI_Assembly_Animation, 视图层
01:11.257  render           | Engine: EEVEE
01:11.293  render           | Fra: 285 | Rendering 1 / 32 samples
01:11.430  render           | Fra: 285 | Rendering 25 / 32 samples
01:11.468  render           | Fra: 285 | Rendering 32 / 32 samples
01:11.477  render           | Video append frame 285
01:11.477  render           | Time: 00:00.22 (Saving: 00:00.00)
01:11.477  render           | Rendering frame 286
01:11.477  render           | Start rendering: MORI_Assembly_Animation, 视图层
01:11.477  render           | Engine: EEVEE
01:11.517  render           | Fra: 286 | Rendering 1 / 32 samples
01:11.647  render           | Fra: 286 | Rendering 25 / 32 samples
01:11.684  render           | Fra: 286 | Rendering 32 / 32 samples
01:11.693  render           | Video append frame 286
01:11.693  render           | Time: 00:00.21 (Saving: 00:00.00)
01:11.693  render           | Rendering frame 287
01:11.693  render           | Start rendering: MORI_Assembly_Animation, 视图层
01:11.693  render           | Engine: EEVEE
01:11.730  render           | Fra: 287 | Rendering 1 / 32 samples
01:11.862  render           | Fra: 287 | Rendering 25 / 32 samples
01:11.899  render           | Fra: 287 | Rendering 32 / 32 samples
01:11.909  render           | Video append frame 287
01:11.909  render           | Time: 00:00.21 (Saving: 00:00.00)
01:11.909  render           | Rendering frame 288
01:11.909  render           | Start rendering: MORI_Assembly_Animation, 视图层
01:11.909  render           | Engine: EEVEE
01:11.951  render           | Fra: 288 | Rendering 1 / 32 samples
01:12.087  render           | Fra: 288 | Rendering 25 / 32 samples
01:12.125  render           | Fra: 288 | Rendering 32 / 32 samples
01:12.135  render           | Video append frame 288
01:12.135  render           | Time: 00:00.22 (Saving: 00:00.00)
01:12.135  render           | Rendering frame 289
01:12.135  render           | Start rendering: MORI_Assembly_Animation, 视图层
01:12.135  render           | Engine: EEVEE
01:12.175  render           | Fra: 289 | Rendering 1 / 32 samples
01:12.311  render           | Fra: 289 | Rendering 25 / 32 samples
01:12.348  render           | Fra: 289 | Rendering 32 / 32 samples
01:12.357  render           | Video append frame 289
01:12.358  render           | Time: 00:00.22 (Saving: 00:00.00)
01:12.358  render           | Rendering frame 290
01:12.358  render           | Start rendering: MORI_Assembly_Animation, 视图层
01:12.358  render           | Engine: EEVEE
01:12.397  render           | Fra: 290 | Rendering 1 / 32 samples
01:12.535  render           | Fra: 290 | Rendering 25 / 32 samples
01:12.575  render           | Fra: 290 | Rendering 32 / 32 samples
01:12.584  render           | Video append frame 290
01:12.584  render           | Time: 00:00.22 (Saving: 00:00.00)
01:12.584  render           | Rendering frame 291
01:12.584  render           | Start rendering: MORI_Assembly_Animation, 视图层
01:12.584  render           | Engine: EEVEE
01:12.624  render           | Fra: 291 | Rendering 1 / 32 samples
01:12.765  render           | Fra: 291 | Rendering 25 / 32 samples
01:12.805  render           | Fra: 291 | Rendering 32 / 32 samples
01:12.815  render           | Video append frame 291
01:12.815  render           | Time: 00:00.23 (Saving: 00:00.00)
01:12.815  render           | Rendering frame 292
01:12.815  render           | Start rendering: MORI_Assembly_Animation, 视图层
01:12.815  render           | Engine: EEVEE
01:12.856  render           | Fra: 292 | Rendering 1 / 32 samples
01:12.999  render           | Fra: 292 | Rendering 25 / 32 samples
01:13.041  render           | Fra: 292 | Rendering 32 / 32 samples
01:13.055  render           | Video append frame 292
01:13.055  render           | Time: 00:00.23 (Saving: 00:00.01)
01:13.055  render           | Rendering frame 293
01:13.055  render           | Start rendering: MORI_Assembly_Animation, 视图层
01:13.055  render           | Engine: EEVEE
01:13.093  render           | Fra: 293 | Rendering 1 / 32 samples
01:13.233  render           | Fra: 293 | Rendering 25 / 32 samples
01:13.273  render           | Fra: 293 | Rendering 32 / 32 samples
01:13.281  render           | Video append frame 293
01:13.281  render           | Time: 00:00.22 (Saving: 00:00.00)
01:13.281  render           | Rendering frame 294
01:13.281  render           | Start rendering: MORI_Assembly_Animation, 视图层
01:13.281  render           | Engine: EEVEE
01:13.321  render           | Fra: 294 | Rendering 1 / 32 samples
01:13.460  render           | Fra: 294 | Rendering 25 / 32 samples
01:13.503  render           | Fra: 294 | Rendering 32 / 32 samples
01:13.514  render           | Video append frame 294
01:13.514  render           | Time: 00:00.23 (Saving: 00:00.00)
01:13.514  render           | Rendering frame 295
01:13.514  render           | Start rendering: MORI_Assembly_Animation, 视图层
01:13.514  render           | Engine: EEVEE
01:13.556  render           | Fra: 295 | Rendering 1 / 32 samples
01:13.700  render           | Fra: 295 | Rendering 25 / 32 samples
01:13.743  render           | Fra: 295 | Rendering 32 / 32 samples
01:13.751  render           | Video append frame 295
01:13.751  render           | Time: 00:00.23 (Saving: 00:00.00)
01:13.751  render           | Rendering frame 296
01:13.751  render           | Start rendering: MORI_Assembly_Animation, 视图层
01:13.751  render           | Engine: EEVEE
01:13.791  render           | Fra: 296 | Rendering 1 / 32 samples
01:13.931  render           | Fra: 296 | Rendering 25 / 32 samples
01:13.971  render           | Fra: 296 | Rendering 32 / 32 samples
01:13.981  render           | Video append frame 296
01:13.981  render           | Time: 00:00.22 (Saving: 00:00.00)
01:13.981  render           | Rendering frame 297
01:13.981  render           | Start rendering: MORI_Assembly_Animation, 视图层
01:13.981  render           | Engine: EEVEE
01:14.024  render           | Fra: 297 | Rendering 1 / 32 samples
01:14.164  render           | Fra: 297 | Rendering 25 / 32 samples
01:14.204  render           | Fra: 297 | Rendering 32 / 32 samples
01:14.214  render           | Video append frame 297
01:14.214  render           | Time: 00:00.23 (Saving: 00:00.00)
01:14.214  render           | Rendering frame 298
01:14.214  render           | Start rendering: MORI_Assembly_Animation, 视图层
01:14.214  render           | Engine: EEVEE
01:14.253  render           | Fra: 298 | Rendering 1 / 32 samples
01:14.400  render           | Fra: 298 | Rendering 25 / 32 samples
01:14.443  render           | Fra: 298 | Rendering 32 / 32 samples
01:14.454  render           | Video append frame 298
01:14.454  render           | Time: 00:00.23 (Saving: 00:00.00)
01:14.454  render           | Rendering frame 299
01:14.454  render           | Start rendering: MORI_Assembly_Animation, 视图层
01:14.454  render           | Engine: EEVEE
01:14.494  render           | Fra: 299 | Rendering 1 / 32 samples
01:14.633  render           | Fra: 299 | Rendering 25 / 32 samples
01:14.673  render           | Fra: 299 | Rendering 32 / 32 samples
01:14.697  render           | Video append frame 299
01:14.697  render           | Time: 00:00.24 (Saving: 00:00.01)
01:14.697  render           | Rendering frame 300
01:14.697  render           | Start rendering: MORI_Assembly_Animation, 视图层
01:14.697  render           | Engine: EEVEE
01:14.740  render           | Fra: 300 | Rendering 1 / 32 samples
01:14.877  render           | Fra: 300 | Rendering 25 / 32 samples
01:14.917  render           | Fra: 300 | Rendering 32 / 32 samples
01:14.926  render           | Video append frame 300
01:14.926  render           | Time: 00:00.22 (Saving: 00:00.00)
01:14.926  render           | Rendering frame 301
01:14.926  render           | Start rendering: MORI_Assembly_Animation, 视图层
01:14.926  render           | Engine: EEVEE
01:14.965  render           | Fra: 301 | Rendering 1 / 32 samples
01:15.096  render           | Fra: 301 | Rendering 25 / 32 samples
01:15.134  render           | Fra: 301 | Rendering 32 / 32 samples
01:15.142  render           | Video append frame 301
01:15.142  render           | Time: 00:00.21 (Saving: 00:00.00)
01:15.142  render           | Rendering frame 302
01:15.142  render           | Start rendering: MORI_Assembly_Animation, 视图层
01:15.142  render           | Engine: EEVEE
01:15.182  render           | Fra: 302 | Rendering 1 / 32 samples
01:15.318  render           | Fra: 302 | Rendering 25 / 32 samples
01:15.360  render           | Fra: 302 | Rendering 32 / 32 samples
01:15.369  render           | Video append frame 302
01:15.369  render           | Time: 00:00.22 (Saving: 00:00.00)
01:15.369  render           | Rendering frame 303
01:15.369  render           | Start rendering: MORI_Assembly_Animation, 视图层
01:15.369  render           | Engine: EEVEE
01:15.405  render           | Fra: 303 | Rendering 1 / 32 samples
01:15.542  render           | Fra: 303 | Rendering 25 / 32 samples
01:15.580  render           | Fra: 303 | Rendering 32 / 32 samples
01:15.590  render           | Video append frame 303
01:15.590  render           | Time: 00:00.22 (Saving: 00:00.00)
01:15.590  render           | Rendering frame 304
01:15.590  render           | Start rendering: MORI_Assembly_Animation, 视图层
01:15.590  render           | Engine: EEVEE
01:15.633  render           | Fra: 304 | Rendering 1 / 32 samples
01:15.774  render           | Fra: 304 | Rendering 25 / 32 samples
01:15.813  render           | Fra: 304 | Rendering 32 / 32 samples
01:15.838  render           | Video append frame 304
01:15.838  render           | Time: 00:00.24 (Saving: 00:00.02)
01:15.838  render           | Rendering frame 305
01:15.838  render           | Start rendering: MORI_Assembly_Animation, 视图层
01:15.838  render           | Engine: EEVEE
01:15.880  render           | Fra: 305 | Rendering 1 / 32 samples
01:16.045  render           | Fra: 305 | Rendering 25 / 32 samples
01:16.094  render           | Fra: 305 | Rendering 32 / 32 samples
01:16.103  render           | Video append frame 305
01:16.103  render           | Time: 00:00.26 (Saving: 00:00.00)
01:16.103  render           | Rendering frame 306
01:16.104  render           | Start rendering: MORI_Assembly_Animation, 视图层
01:16.104  render           | Engine: EEVEE
01:16.143  render           | Fra: 306 | Rendering 1 / 32 samples
01:16.305  render           | Fra: 306 | Rendering 25 / 32 samples
01:16.352  render           | Fra: 306 | Rendering 32 / 32 samples
01:16.363  render           | Video append frame 306
01:16.363  render           | Time: 00:00.25 (Saving: 00:00.00)
01:16.363  render           | Rendering frame 307
01:16.364  render           | Start rendering: MORI_Assembly_Animation, 视图层
01:16.364  render           | Engine: EEVEE
01:16.407  render           | Fra: 307 | Rendering 1 / 32 samples
01:16.569  render           | Fra: 307 | Rendering 25 / 32 samples
01:16.612  render           | Fra: 307 | Rendering 32 / 32 samples
01:16.621  render           | Video append frame 307
01:16.621  render           | Time: 00:00.25 (Saving: 00:00.00)
01:16.621  render           | Rendering frame 308
01:16.621  render           | Start rendering: MORI_Assembly_Animation, 视图层
01:16.621  render           | Engine: EEVEE
01:16.659  render           | Fra: 308 | Rendering 1 / 32 samples
01:16.801  render           | Fra: 308 | Rendering 25 / 32 samples
01:16.843  render           | Fra: 308 | Rendering 32 / 32 samples
01:16.853  render           | Video append frame 308
01:16.853  render           | Time: 00:00.23 (Saving: 00:00.00)
01:16.853  render           | Rendering frame 309
01:16.853  render           | Start rendering: MORI_Assembly_Animation, 视图层
01:16.853  render           | Engine: EEVEE
01:16.892  render           | Fra: 309 | Rendering 1 / 32 samples
01:17.030  render           | Fra: 309 | Rendering 25 / 32 samples
01:17.070  render           | Fra: 309 | Rendering 32 / 32 samples
01:17.080  render           | Video append frame 309
01:17.080  render           | Time: 00:00.22 (Saving: 00:00.00)
01:17.080  render           | Rendering frame 310
01:17.080  render           | Start rendering: MORI_Assembly_Animation, 视图层
01:17.080  render           | Engine: EEVEE
01:17.121  render           | Fra: 310 | Rendering 1 / 32 samples
01:17.260  render           | Fra: 310 | Rendering 25 / 32 samples
01:17.299  render           | Fra: 310 | Rendering 32 / 32 samples
01:17.308  render           | Video append frame 310
01:17.308  render           | Time: 00:00.22 (Saving: 00:00.00)
01:17.308  render           | Rendering frame 311
01:17.308  render           | Start rendering: MORI_Assembly_Animation, 视图层
01:17.308  render           | Engine: EEVEE
01:17.347  render           | Fra: 311 | Rendering 1 / 32 samples
01:17.485  render           | Fra: 311 | Rendering 25 / 32 samples
01:17.527  render           | Fra: 311 | Rendering 32 / 32 samples
01:17.536  render           | Video append frame 311
01:17.536  render           | Time: 00:00.22 (Saving: 00:00.00)
01:17.536  render           | Rendering frame 312
01:17.536  render           | Start rendering: MORI_Assembly_Animation, 视图层
01:17.536  render           | Engine: EEVEE
01:17.575  render           | Fra: 312 | Rendering 1 / 32 samples
01:17.714  render           | Fra: 312 | Rendering 25 / 32 samples
01:17.753  render           | Fra: 312 | Rendering 32 / 32 samples
01:17.767  render           | Video append frame 312
01:17.767  render           | Time: 00:00.23 (Saving: 00:00.01)
01:17.767  render           | Rendering frame 313
01:17.767  render           | Start rendering: MORI_Assembly_Animation, 视图层
01:17.767  render           | Engine: EEVEE
01:17.806  render           | Fra: 313 | Rendering 1 / 32 samples
01:17.946  render           | Fra: 313 | Rendering 25 / 32 samples
01:17.985  render           | Fra: 313 | Rendering 32 / 32 samples
01:17.995  render           | Video append frame 313
01:17.995  render           | Time: 00:00.22 (Saving: 00:00.00)
01:17.995  render           | Rendering frame 314
01:17.995  render           | Start rendering: MORI_Assembly_Animation, 视图层
01:17.995  render           | Engine: EEVEE
01:18.035  render           | Fra: 314 | Rendering 1 / 32 samples
01:18.175  render           | Fra: 314 | Rendering 25 / 32 samples
01:18.215  render           | Fra: 314 | Rendering 32 / 32 samples
01:18.224  render           | Video append frame 314
01:18.224  render           | Time: 00:00.22 (Saving: 00:00.00)
01:18.224  render           | Rendering frame 315
01:18.224  render           | Start rendering: MORI_Assembly_Animation, 视图层
01:18.224  render           | Engine: EEVEE
01:18.264  render           | Fra: 315 | Rendering 1 / 32 samples
01:18.398  render           | Fra: 315 | Rendering 25 / 32 samples
01:18.436  render           | Fra: 315 | Rendering 32 / 32 samples
01:18.445  render           | Video append frame 315
01:18.445  render           | Time: 00:00.22 (Saving: 00:00.00)
01:18.445  render           | Rendering frame 316
01:18.445  render           | Start rendering: MORI_Assembly_Animation, 视图层
01:18.445  render           | Engine: EEVEE
01:18.484  render           | Fra: 316 | Rendering 1 / 32 samples
01:18.620  render           | Fra: 316 | Rendering 25 / 32 samples
01:18.658  render           | Fra: 316 | Rendering 32 / 32 samples
01:18.666  render           | Video append frame 316
01:18.666  render           | Time: 00:00.22 (Saving: 00:00.00)
01:18.666  render           | Rendering frame 317
01:18.666  render           | Start rendering: MORI_Assembly_Animation, 视图层
01:18.666  render           | Engine: EEVEE
01:18.706  render           | Fra: 317 | Rendering 1 / 32 samples
01:18.839  render           | Fra: 317 | Rendering 25 / 32 samples
01:18.876  render           | Fra: 317 | Rendering 32 / 32 samples
01:18.905  render           | Video append frame 317
01:18.905  render           | Time: 00:00.23 (Saving: 00:00.01)
01:18.905  render           | Rendering frame 318
01:18.905  render           | Start rendering: MORI_Assembly_Animation, 视图层
01:18.905  render           | Engine: EEVEE
01:18.942  render           | Fra: 318 | Rendering 1 / 32 samples
01:19.075  render           | Fra: 318 | Rendering 25 / 32 samples
01:19.113  render           | Fra: 318 | Rendering 32 / 32 samples
01:19.122  render           | Video append frame 318
01:19.122  render           | Time: 00:00.21 (Saving: 00:00.00)
01:19.122  render           | Rendering frame 319
01:19.123  render           | Start rendering: MORI_Assembly_Animation, 视图层
01:19.123  render           | Engine: EEVEE
01:19.161  render           | Fra: 319 | Rendering 1 / 32 samples
01:19.296  render           | Fra: 319 | Rendering 25 / 32 samples
01:19.336  render           | Fra: 319 | Rendering 32 / 32 samples
01:19.345  render           | Video append frame 319
01:19.345  render           | Time: 00:00.22 (Saving: 00:00.00)
01:19.345  render           | Rendering frame 320
01:19.345  render           | Start rendering: MORI_Assembly_Animation, 视图层
01:19.345  render           | Engine: EEVEE
01:19.384  render           | Fra: 320 | Rendering 1 / 32 samples
01:19.524  render           | Fra: 320 | Rendering 25 / 32 samples
01:19.564  render           | Fra: 320 | Rendering 32 / 32 samples
01:19.572  render           | Video append frame 320
01:19.572  render           | Time: 00:00.22 (Saving: 00:00.00)
01:19.572  render           | Rendering frame 321
01:19.572  render           | Start rendering: MORI_Assembly_Animation, 视图层
01:19.572  render           | Engine: EEVEE
01:19.611  render           | Fra: 321 | Rendering 1 / 32 samples
01:19.750  render           | Fra: 321 | Rendering 25 / 32 samples
01:19.792  render           | Fra: 321 | Rendering 32 / 32 samples
01:19.801  render           | Video append frame 321
01:19.801  render           | Time: 00:00.22 (Saving: 00:00.00)
01:19.801  render           | Rendering frame 322
01:19.801  render           | Start rendering: MORI_Assembly_Animation, 视图层
01:19.801  render           | Engine: EEVEE
01:19.841  render           | Fra: 322 | Rendering 1 / 32 samples
01:19.980  render           | Fra: 322 | Rendering 25 / 32 samples
01:20.020  render           | Fra: 322 | Rendering 32 / 32 samples
01:20.034  render           | Video append frame 322
01:20.034  render           | Time: 00:00.23 (Saving: 00:00.01)
01:20.034  render           | Rendering frame 323
01:20.034  render           | Start rendering: MORI_Assembly_Animation, 视图层
01:20.034  render           | Engine: EEVEE
01:20.073  render           | Fra: 323 | Rendering 1 / 32 samples
01:20.212  render           | Fra: 323 | Rendering 25 / 32 samples
01:20.252  render           | Fra: 323 | Rendering 32 / 32 samples
01:20.261  render           | Video append frame 323
01:20.261  render           | Time: 00:00.22 (Saving: 00:00.00)
01:20.261  render           | Rendering frame 324
01:20.261  render           | Start rendering: MORI_Assembly_Animation, 视图层
01:20.261  render           | Engine: EEVEE
01:20.299  render           | Fra: 324 | Rendering 1 / 32 samples
01:20.439  render           | Fra: 324 | Rendering 25 / 32 samples
01:20.484  render           | Fra: 324 | Rendering 32 / 32 samples
01:20.494  render           | Video append frame 324
01:20.494  render           | Time: 00:00.23 (Saving: 00:00.00)
01:20.494  render           | Rendering frame 325
01:20.494  render           | Start rendering: MORI_Assembly_Animation, 视图层
01:20.494  render           | Engine: EEVEE
01:20.538  render           | Fra: 325 | Rendering 1 / 32 samples
01:20.677  render           | Fra: 325 | Rendering 25 / 32 samples
01:20.717  render           | Fra: 325 | Rendering 32 / 32 samples
01:20.726  render           | Video append frame 325
01:20.726  render           | Time: 00:00.23 (Saving: 00:00.00)
01:20.726  render           | Rendering frame 326
01:20.726  render           | Start rendering: MORI_Assembly_Animation, 视图层
01:20.726  render           | Engine: EEVEE
01:20.765  render           | Fra: 326 | Rendering 1 / 32 samples
01:20.903  render           | Fra: 326 | Rendering 25 / 32 samples
01:20.944  render           | Fra: 326 | Rendering 32 / 32 samples
01:20.953  render           | Video append frame 326
01:20.953  render           | Time: 00:00.22 (Saving: 00:00.00)
01:20.954  render           | Rendering frame 327
01:20.954  render           | Start rendering: MORI_Assembly_Animation, 视图层
01:20.954  render           | Engine: EEVEE
01:20.995  render           | Fra: 327 | Rendering 1 / 32 samples
01:21.138  render           | Fra: 327 | Rendering 25 / 32 samples
01:21.178  render           | Fra: 327 | Rendering 32 / 32 samples
01:21.190  render           | Video append frame 327
01:21.190  render           | Time: 00:00.23 (Saving: 00:00.00)
01:21.190  render           | Rendering frame 328
01:21.191  render           | Start rendering: MORI_Assembly_Animation, 视图层
01:21.191  render           | Engine: EEVEE
01:21.231  render           | Fra: 328 | Rendering 1 / 32 samples
01:21.374  render           | Fra: 328 | Rendering 25 / 32 samples
01:21.414  render           | Fra: 328 | Rendering 32 / 32 samples
01:21.423  render           | Video append frame 328
01:21.423  render           | Time: 00:00.23 (Saving: 00:00.00)
01:21.423  render           | Rendering frame 329
01:21.423  render           | Start rendering: MORI_Assembly_Animation, 视图层
01:21.423  render           | Engine: EEVEE
01:21.461  render           | Fra: 329 | Rendering 1 / 32 samples
01:21.603  render           | Fra: 329 | Rendering 25 / 32 samples
01:21.643  render           | Fra: 329 | Rendering 32 / 32 samples
01:21.652  render           | Video append frame 329
01:21.653  render           | Time: 00:00.22 (Saving: 00:00.00)
01:21.653  render           | Rendering frame 330
01:21.653  render           | Start rendering: MORI_Assembly_Animation, 视图层
01:21.653  render           | Engine: EEVEE
01:21.694  render           | Fra: 330 | Rendering 1 / 32 samples
01:21.833  render           | Fra: 330 | Rendering 25 / 32 samples
01:21.874  render           | Fra: 330 | Rendering 32 / 32 samples
01:21.883  render           | Video append frame 330
01:21.883  render           | Time: 00:00.23 (Saving: 00:00.00)
01:21.883  render           | Rendering frame 331
01:21.883  render           | Start rendering: MORI_Assembly_Animation, 视图层
01:21.883  render           | Engine: EEVEE
01:21.931  render           | Fra: 331 | Rendering 1 / 32 samples
01:22.065  render           | Fra: 331 | Rendering 25 / 32 samples
01:22.107  render           | Fra: 331 | Rendering 32 / 32 samples
01:22.117  render           | Video append frame 331
01:22.117  render           | Time: 00:00.23 (Saving: 00:00.00)
01:22.117  render           | Rendering frame 332
01:22.117  render           | Start rendering: MORI_Assembly_Animation, 视图层
01:22.117  render           | Engine: EEVEE
01:22.158  render           | Fra: 332 | Rendering 1 / 32 samples
01:22.299  render           | Fra: 332 | Rendering 25 / 32 samples
01:22.339  render           | Fra: 332 | Rendering 32 / 32 samples
01:22.356  render           | Video append frame 332
01:22.356  render           | Time: 00:00.23 (Saving: 00:00.01)
01:22.356  render           | Rendering frame 333
01:22.356  render           | Start rendering: MORI_Assembly_Animation, 视图层
01:22.356  render           | Engine: EEVEE
01:22.395  render           | Fra: 333 | Rendering 1 / 32 samples
01:22.537  render           | Fra: 333 | Rendering 25 / 32 samples
01:22.579  render           | Fra: 333 | Rendering 32 / 32 samples
01:22.587  render           | Video append frame 333
01:22.587  render           | Time: 00:00.23 (Saving: 00:00.00)
01:22.587  render           | Rendering frame 334
01:22.588  render           | Start rendering: MORI_Assembly_Animation, 视图层
01:22.588  render           | Engine: EEVEE
01:22.629  render           | Fra: 334 | Rendering 1 / 32 samples
01:22.766  render           | Fra: 334 | Rendering 25 / 32 samples
01:22.807  render           | Fra: 334 | Rendering 32 / 32 samples
01:22.816  render           | Video append frame 334
01:22.816  render           | Time: 00:00.22 (Saving: 00:00.00)
01:22.816  render           | Rendering frame 335
01:22.816  render           | Start rendering: MORI_Assembly_Animation, 视图层
01:22.816  render           | Engine: EEVEE
01:22.859  render           | Fra: 335 | Rendering 1 / 32 samples
01:22.994  render           | Fra: 335 | Rendering 25 / 32 samples
01:23.032  render           | Fra: 335 | Rendering 32 / 32 samples
01:23.041  render           | Video append frame 335
01:23.041  render           | Time: 00:00.22 (Saving: 00:00.00)
01:23.041  render           | Rendering frame 336
01:23.041  render           | Start rendering: MORI_Assembly_Animation, 视图层
01:23.041  render           | Engine: EEVEE
01:23.081  render           | Fra: 336 | Rendering 1 / 32 samples
01:23.215  render           | Fra: 336 | Rendering 25 / 32 samples
01:23.255  render           | Fra: 336 | Rendering 32 / 32 samples
01:23.264  render           | Video append frame 336
01:23.264  render           | Time: 00:00.22 (Saving: 00:00.00)
01:23.264  render           | Rendering frame 337
01:23.264  render           | Start rendering: MORI_Assembly_Animation, 视图层
01:23.264  render           | Engine: EEVEE
01:23.307  render           | Fra: 337 | Rendering 1 / 32 samples
01:23.447  render           | Fra: 337 | Rendering 25 / 32 samples
01:23.487  render           | Fra: 337 | Rendering 32 / 32 samples
01:23.514  render           | Video append frame 337
01:23.514  render           | Time: 00:00.24 (Saving: 00:00.02)
01:23.514  render           | Rendering frame 338
01:23.514  render           | Start rendering: MORI_Assembly_Animation, 视图层
01:23.514  render           | Engine: EEVEE
01:23.552  render           | Fra: 338 | Rendering 1 / 32 samples
01:23.693  render           | Fra: 338 | Rendering 25 / 32 samples
01:23.732  render           | Fra: 338 | Rendering 32 / 32 samples
01:23.741  render           | Video append frame 338
01:23.741  render           | Time: 00:00.22 (Saving: 00:00.00)
01:23.741  render           | Rendering frame 339
01:23.741  render           | Start rendering: MORI_Assembly_Animation, 视图层
01:23.741  render           | Engine: EEVEE
01:23.784  render           | Fra: 339 | Rendering 1 / 32 samples
01:23.919  render           | Fra: 339 | Rendering 25 / 32 samples
01:23.961  render           | Fra: 339 | Rendering 32 / 32 samples
01:23.970  render           | Video append frame 339
01:23.970  render           | Time: 00:00.22 (Saving: 00:00.00)
01:23.970  render           | Rendering frame 340
01:23.970  render           | Start rendering: MORI_Assembly_Animation, 视图层
01:23.970  render           | Engine: EEVEE
01:24.012  render           | Fra: 340 | Rendering 1 / 32 samples
01:24.153  render           | Fra: 340 | Rendering 25 / 32 samples
01:24.193  render           | Fra: 340 | Rendering 32 / 32 samples
01:24.202  render           | Video append frame 340
01:24.202  render           | Time: 00:00.23 (Saving: 00:00.00)
01:24.202  render           | Rendering frame 341
01:24.202  render           | Start rendering: MORI_Assembly_Animation, 视图层
01:24.202  render           | Engine: EEVEE
01:24.244  render           | Fra: 341 | Rendering 1 / 32 samples
01:24.382  render           | Fra: 341 | Rendering 25 / 32 samples
01:24.423  render           | Fra: 341 | Rendering 32 / 32 samples
01:24.432  render           | Video append frame 341
01:24.432  render           | Time: 00:00.23 (Saving: 00:00.00)
01:24.433  render           | Rendering frame 342
01:24.433  render           | Start rendering: MORI_Assembly_Animation, 视图层
01:24.433  render           | Engine: EEVEE
01:24.477  render           | Fra: 342 | Rendering 1 / 32 samples
01:24.618  render           | Fra: 342 | Rendering 25 / 32 samples
01:24.659  render           | Fra: 342 | Rendering 32 / 32 samples
01:24.668  render           | Video append frame 342
01:24.668  render           | Time: 00:00.23 (Saving: 00:00.00)
01:24.668  render           | Rendering frame 343
01:24.668  render           | Start rendering: MORI_Assembly_Animation, 视图层
01:24.668  render           | Engine: EEVEE
01:24.708  render           | Fra: 343 | Rendering 1 / 32 samples
01:24.848  render           | Fra: 343 | Rendering 25 / 32 samples
01:24.888  render           | Fra: 343 | Rendering 32 / 32 samples
01:24.897  render           | Video append frame 343
01:24.898  render           | Time: 00:00.22 (Saving: 00:00.00)
01:24.898  render           | Rendering frame 344
01:24.898  render           | Start rendering: MORI_Assembly_Animation, 视图层
01:24.898  render           | Engine: EEVEE
01:24.940  render           | Fra: 344 | Rendering 1 / 32 samples
01:25.082  render           | Fra: 344 | Rendering 25 / 32 samples
01:25.122  render           | Fra: 344 | Rendering 32 / 32 samples
01:25.154  render           | Video append frame 344
01:25.154  render           | Time: 00:00.25 (Saving: 00:00.02)
01:25.154  render           | Rendering frame 345
01:25.154  render           | Start rendering: MORI_Assembly_Animation, 视图层
01:25.154  render           | Engine: EEVEE
01:25.195  render           | Fra: 345 | Rendering 1 / 32 samples
01:25.341  render           | Fra: 345 | Rendering 25 / 32 samples
01:25.382  render           | Fra: 345 | Rendering 32 / 32 samples
01:25.391  render           | Video append frame 345
01:25.391  render           | Time: 00:00.23 (Saving: 00:00.00)
01:25.391  render           | Rendering frame 346
01:25.391  render           | Start rendering: MORI_Assembly_Animation, 视图层
01:25.391  render           | Engine: EEVEE
01:25.432  render           | Fra: 346 | Rendering 1 / 32 samples
01:25.576  render           | Fra: 346 | Rendering 25 / 32 samples
01:25.616  render           | Fra: 346 | Rendering 32 / 32 samples
01:25.635  render           | Video append frame 346
01:25.635  render           | Time: 00:00.24 (Saving: 00:00.01)
01:25.635  render           | Rendering frame 347
01:25.636  render           | Start rendering: MORI_Assembly_Animation, 视图层
01:25.636  render           | Engine: EEVEE
01:25.677  render           | Fra: 347 | Rendering 1 / 32 samples
01:25.817  render           | Fra: 347 | Rendering 25 / 32 samples
01:25.859  render           | Fra: 347 | Rendering 32 / 32 samples
01:25.869  render           | Video append frame 347
01:25.869  render           | Time: 00:00.23 (Saving: 00:00.00)
01:25.869  render           | Rendering frame 348
01:25.869  render           | Start rendering: MORI_Assembly_Animation, 视图层
01:25.870  render           | Engine: EEVEE
01:25.914  render           | Fra: 348 | Rendering 1 / 32 samples
01:26.055  render           | Fra: 348 | Rendering 25 / 32 samples
01:26.099  render           | Fra: 348 | Rendering 32 / 32 samples
01:26.127  render           | Video append frame 348
01:26.127  render           | Time: 00:00.25 (Saving: 00:00.02)
01:26.127  render           | Rendering frame 349
01:26.127  render           | Start rendering: MORI_Assembly_Animation, 视图层
01:26.127  render           | Engine: EEVEE
01:26.168  render           | Fra: 349 | Rendering 1 / 32 samples
01:26.311  render           | Fra: 349 | Rendering 25 / 32 samples
01:26.351  render           | Fra: 349 | Rendering 32 / 32 samples
01:26.360  render           | Video append frame 349
01:26.360  render           | Time: 00:00.23 (Saving: 00:00.00)
01:26.360  render           | Rendering frame 350
01:26.360  render           | Start rendering: MORI_Assembly_Animation, 视图层
01:26.360  render           | Engine: EEVEE
01:26.402  render           | Fra: 350 | Rendering 1 / 32 samples
01:26.540  render           | Fra: 350 | Rendering 25 / 32 samples
01:26.582  render           | Fra: 350 | Rendering 32 / 32 samples
01:26.592  render           | Video append frame 350
01:26.593  render           | Time: 00:00.23 (Saving: 00:00.00)
01:26.593  render           | Rendering frame 351
01:26.593  render           | Start rendering: MORI_Assembly_Animation, 视图层
01:26.593  render           | Engine: EEVEE
01:26.639  render           | Fra: 351 | Rendering 1 / 32 samples
01:26.782  render           | Fra: 351 | Rendering 25 / 32 samples
01:26.824  render           | Fra: 351 | Rendering 32 / 32 samples
01:26.833  render           | Video append frame 351
01:26.833  render           | Time: 00:00.23 (Saving: 00:00.00)
01:26.833  render           | Rendering frame 352
01:26.833  render           | Start rendering: MORI_Assembly_Animation, 视图层
01:26.833  render           | Engine: EEVEE
01:26.876  render           | Fra: 352 | Rendering 1 / 32 samples
01:27.016  render           | Fra: 352 | Rendering 25 / 32 samples
01:27.057  render           | Fra: 352 | Rendering 32 / 32 samples
01:27.067  render           | Video append frame 352
01:27.067  render           | Time: 00:00.23 (Saving: 00:00.00)
01:27.067  render           | Rendering frame 353
01:27.067  render           | Start rendering: MORI_Assembly_Animation, 视图层
01:27.067  render           | Engine: EEVEE
01:27.108  render           | Fra: 353 | Rendering 1 / 32 samples
01:27.248  render           | Fra: 353 | Rendering 25 / 32 samples
01:27.289  render           | Fra: 353 | Rendering 32 / 32 samples
01:27.314  render           | Video append frame 353
01:27.314  render           | Time: 00:00.24 (Saving: 00:00.02)
01:27.314  render           | Rendering frame 354
01:27.314  render           | Start rendering: MORI_Assembly_Animation, 视图层
01:27.314  render           | Engine: EEVEE
01:27.355  render           | Fra: 354 | Rendering 1 / 32 samples
01:27.497  render           | Fra: 354 | Rendering 25 / 32 samples
01:27.537  render           | Fra: 354 | Rendering 32 / 32 samples
01:27.547  render           | Video append frame 354
01:27.547  render           | Time: 00:00.23 (Saving: 00:00.00)
01:27.547  render           | Rendering frame 355
01:27.547  render           | Start rendering: MORI_Assembly_Animation, 视图层
01:27.547  render           | Engine: EEVEE
01:27.587  render           | Fra: 355 | Rendering 1 / 32 samples
01:27.726  render           | Fra: 355 | Rendering 25 / 32 samples
01:27.765  render           | Fra: 355 | Rendering 32 / 32 samples
01:27.774  render           | Video append frame 355
01:27.774  render           | Time: 00:00.22 (Saving: 00:00.00)
01:27.774  render           | Rendering frame 356
01:27.774  render           | Start rendering: MORI_Assembly_Animation, 视图层
01:27.774  render           | Engine: EEVEE
01:27.815  render           | Fra: 356 | Rendering 1 / 32 samples
01:27.957  render           | Fra: 356 | Rendering 25 / 32 samples
01:27.997  render           | Fra: 356 | Rendering 32 / 32 samples
01:28.006  render           | Video append frame 356
01:28.006  render           | Time: 00:00.23 (Saving: 00:00.00)
01:28.006  render           | Rendering frame 357
01:28.006  render           | Start rendering: MORI_Assembly_Animation, 视图层
01:28.006  render           | Engine: EEVEE
01:28.045  render           | Fra: 357 | Rendering 1 / 32 samples
01:28.183  render           | Fra: 357 | Rendering 25 / 32 samples
01:28.224  render           | Fra: 357 | Rendering 32 / 32 samples
01:28.233  render           | Video append frame 357
01:28.233  render           | Time: 00:00.22 (Saving: 00:00.00)
01:28.233  render           | Rendering frame 358
01:28.233  render           | Start rendering: MORI_Assembly_Animation, 视图层
01:28.233  render           | Engine: EEVEE
01:28.275  render           | Fra: 358 | Rendering 1 / 32 samples
01:28.415  render           | Fra: 358 | Rendering 25 / 32 samples
01:28.456  render           | Fra: 358 | Rendering 32 / 32 samples
01:28.467  render           | Video append frame 358
01:28.467  render           | Time: 00:00.23 (Saving: 00:00.00)
01:28.467  render           | Rendering frame 359
01:28.467  render           | Start rendering: MORI_Assembly_Animation, 视图层
01:28.467  render           | Engine: EEVEE
01:28.511  render           | Fra: 359 | Rendering 1 / 32 samples
01:28.650  render           | Fra: 359 | Rendering 25 / 32 samples
01:28.690  render           | Fra: 359 | Rendering 32 / 32 samples
01:28.699  render           | Video append frame 359
01:28.699  render           | Time: 00:00.23 (Saving: 00:00.00)
01:28.699  render           | Rendering frame 360
01:28.699  render           | Start rendering: MORI_Assembly_Animation, 视图层
01:28.699  render           | Engine: EEVEE
01:28.737  render           | Fra: 360 | Rendering 1 / 32 samples
01:28.869  render           | Fra: 360 | Rendering 25 / 32 samples
01:28.907  render           | Fra: 360 | Rendering 32 / 32 samples
01:28.917  render           | Video append frame 360
01:28.917  render           | Time: 00:00.21 (Saving: 00:00.00)
01:28.917  render           | Rendering frame 361
01:28.917  render           | Start rendering: MORI_Assembly_Animation, 视图层
01:28.917  render           | Engine: EEVEE
01:28.961  render           | Fra: 361 | Rendering 1 / 32 samples
01:29.093  render           | Fra: 361 | Rendering 25 / 32 samples
01:29.130  render           | Fra: 361 | Rendering 32 / 32 samples
01:29.139  render           | Video append frame 361
01:29.139  render           | Time: 00:00.22 (Saving: 00:00.00)
01:29.139  render           | Rendering frame 362
01:29.139  render           | Start rendering: MORI_Assembly_Animation, 视图层
01:29.139  render           | Engine: EEVEE
01:29.175  render           | Fra: 362 | Rendering 1 / 32 samples
01:29.308  render           | Fra: 362 | Rendering 25 / 32 samples
01:29.346  render           | Fra: 362 | Rendering 32 / 32 samples
01:29.356  render           | Video append frame 362
01:29.356  render           | Time: 00:00.21 (Saving: 00:00.00)
01:29.356  render           | Rendering frame 363
01:29.356  render           | Start rendering: MORI_Assembly_Animation, 视图层
01:29.356  render           | Engine: EEVEE
01:29.399  render           | Fra: 363 | Rendering 1 / 32 samples
01:29.539  render           | Fra: 363 | Rendering 25 / 32 samples
01:29.577  render           | Fra: 363 | Rendering 32 / 32 samples
01:29.586  render           | Video append frame 363
01:29.586  render           | Time: 00:00.23 (Saving: 00:00.00)
01:29.586  render           | Rendering frame 364
01:29.586  render           | Start rendering: MORI_Assembly_Animation, 视图层
01:29.586  render           | Engine: EEVEE
01:29.629  render           | Fra: 364 | Rendering 1 / 32 samples
01:29.763  render           | Fra: 364 | Rendering 25 / 32 samples
01:29.801  render           | Fra: 364 | Rendering 32 / 32 samples
01:29.810  render           | Video append frame 364
01:29.811  render           | Time: 00:00.22 (Saving: 00:00.00)
01:29.811  render           | Rendering frame 365
01:29.811  render           | Start rendering: MORI_Assembly_Animation, 视图层
01:29.811  render           | Engine: EEVEE
01:29.855  render           | Fra: 365 | Rendering 1 / 32 samples
01:29.997  render           | Fra: 365 | Rendering 25 / 32 samples
01:30.037  render           | Fra: 365 | Rendering 32 / 32 samples
01:30.046  render           | Video append frame 365
01:30.046  render           | Time: 00:00.23 (Saving: 00:00.00)
01:30.046  render           | Rendering frame 366
01:30.046  render           | Start rendering: MORI_Assembly_Animation, 视图层
01:30.046  render           | Engine: EEVEE
01:30.083  render           | Fra: 366 | Rendering 1 / 32 samples
01:30.220  render           | Fra: 366 | Rendering 25 / 32 samples
01:30.261  render           | Fra: 366 | Rendering 32 / 32 samples
01:30.275  render           | Video append frame 366
01:30.275  render           | Time: 00:00.22 (Saving: 00:00.01)
01:30.275  render           | Rendering frame 367
01:30.276  render           | Start rendering: MORI_Assembly_Animation, 视图层
01:30.276  render           | Engine: EEVEE
01:30.314  render           | Fra: 367 | Rendering 1 / 32 samples
01:30.453  render           | Fra: 367 | Rendering 25 / 32 samples
01:30.494  render           | Fra: 367 | Rendering 32 / 32 samples
01:30.503  render           | Video append frame 367
01:30.503  render           | Time: 00:00.22 (Saving: 00:00.00)
01:30.503  render           | Rendering frame 368
01:30.503  render           | Start rendering: MORI_Assembly_Animation, 视图层
01:30.503  render           | Engine: EEVEE
01:30.544  render           | Fra: 368 | Rendering 1 / 32 samples
01:30.684  render           | Fra: 368 | Rendering 25 / 32 samples
01:30.725  render           | Fra: 368 | Rendering 32 / 32 samples
01:30.752  render           | Video append frame 368
01:30.752  render           | Time: 00:00.24 (Saving: 00:00.02)
01:30.752  render           | Rendering frame 369
01:30.752  render           | Start rendering: MORI_Assembly_Animation, 视图层
01:30.752  render           | Engine: EEVEE
01:30.792  render           | Fra: 369 | Rendering 1 / 32 samples
01:30.932  render           | Fra: 369 | Rendering 25 / 32 samples
01:30.973  render           | Fra: 369 | Rendering 32 / 32 samples
01:30.982  render           | Video append frame 369
01:30.982  render           | Time: 00:00.22 (Saving: 00:00.00)
01:30.982  render           | Rendering frame 370
01:30.982  render           | Start rendering: MORI_Assembly_Animation, 视图层
01:30.982  render           | Engine: EEVEE
01:31.025  render           | Fra: 370 | Rendering 1 / 32 samples
01:31.163  render           | Fra: 370 | Rendering 25 / 32 samples
01:31.204  render           | Fra: 370 | Rendering 32 / 32 samples
01:31.214  render           | Video append frame 370
01:31.214  render           | Time: 00:00.23 (Saving: 00:00.00)
01:31.214  render           | Rendering frame 371
01:31.214  render           | Start rendering: MORI_Assembly_Animation, 视图层
01:31.214  render           | Engine: EEVEE
01:31.251  render           | Fra: 371 | Rendering 1 / 32 samples
01:31.392  render           | Fra: 371 | Rendering 25 / 32 samples
01:31.432  render           | Fra: 371 | Rendering 32 / 32 samples
01:31.441  render           | Video append frame 371
01:31.441  render           | Time: 00:00.22 (Saving: 00:00.00)
01:31.441  render           | Rendering frame 372
01:31.441  render           | Start rendering: MORI_Assembly_Animation, 视图层
01:31.441  render           | Engine: EEVEE
01:31.482  render           | Fra: 372 | Rendering 1 / 32 samples
01:31.620  render           | Fra: 372 | Rendering 25 / 32 samples
01:31.660  render           | Fra: 372 | Rendering 32 / 32 samples
01:31.670  render           | Video append frame 372
01:31.670  render           | Time: 00:00.22 (Saving: 00:00.00)
01:31.670  render           | Rendering frame 373
01:31.670  render           | Start rendering: MORI_Assembly_Animation, 视图层
01:31.670  render           | Engine: EEVEE
01:31.712  render           | Fra: 373 | Rendering 1 / 32 samples
01:31.852  render           | Fra: 373 | Rendering 25 / 32 samples
01:31.895  render           | Fra: 373 | Rendering 32 / 32 samples
01:31.928  render           | Video append frame 373
01:31.928  render           | Time: 00:00.25 (Saving: 00:00.02)
01:31.928  render           | Rendering frame 374
01:31.929  render           | Start rendering: MORI_Assembly_Animation, 视图层
01:31.929  render           | Engine: EEVEE
01:31.969  render           | Fra: 374 | Rendering 1 / 32 samples
01:32.110  render           | Fra: 374 | Rendering 25 / 32 samples
01:32.153  render           | Fra: 374 | Rendering 32 / 32 samples
01:32.163  render           | Video append frame 374
01:32.163  render           | Time: 00:00.23 (Saving: 00:00.00)
01:32.163  render           | Rendering frame 375
01:32.163  render           | Start rendering: MORI_Assembly_Animation, 视图层
01:32.163  render           | Engine: EEVEE
01:32.204  render           | Fra: 375 | Rendering 1 / 32 samples
01:32.343  render           | Fra: 375 | Rendering 25 / 32 samples
01:32.384  render           | Fra: 375 | Rendering 32 / 32 samples
01:32.393  render           | Video append frame 375
01:32.393  render           | Time: 00:00.22 (Saving: 00:00.00)
01:32.393  render           | Rendering frame 376
01:32.393  render           | Start rendering: MORI_Assembly_Animation, 视图层
01:32.393  render           | Engine: EEVEE
01:32.435  render           | Fra: 376 | Rendering 1 / 32 samples
01:32.582  render           | Fra: 376 | Rendering 25 / 32 samples
01:32.624  render           | Fra: 376 | Rendering 32 / 32 samples
01:32.633  render           | Video append frame 376
01:32.633  render           | Time: 00:00.24 (Saving: 00:00.00)
01:32.633  render           | Rendering frame 377
01:32.634  render           | Start rendering: MORI_Assembly_Animation, 视图层
01:32.634  render           | Engine: EEVEE
01:32.676  render           | Fra: 377 | Rendering 1 / 32 samples
01:32.817  render           | Fra: 377 | Rendering 25 / 32 samples
01:32.859  render           | Fra: 377 | Rendering 32 / 32 samples
01:32.869  render           | Video append frame 377
01:32.869  render           | Time: 00:00.23 (Saving: 00:00.00)
01:32.869  render           | Rendering frame 378
01:32.869  render           | Start rendering: MORI_Assembly_Animation, 视图层
01:32.869  render           | Engine: EEVEE
01:32.911  render           | Fra: 378 | Rendering 1 / 32 samples
01:33.055  render           | Fra: 378 | Rendering 25 / 32 samples
01:33.096  render           | Fra: 378 | Rendering 32 / 32 samples
01:33.106  render           | Video append frame 378
01:33.106  render           | Time: 00:00.23 (Saving: 00:00.00)
01:33.106  render           | Rendering frame 379
01:33.106  render           | Start rendering: MORI_Assembly_Animation, 视图层
01:33.106  render           | Engine: EEVEE
01:33.147  render           | Fra: 379 | Rendering 1 / 32 samples
01:33.297  render           | Fra: 379 | Rendering 25 / 32 samples
01:33.337  render           | Fra: 379 | Rendering 32 / 32 samples
01:33.346  render           | Video append frame 379
01:33.346  render           | Time: 00:00.24 (Saving: 00:00.00)
01:33.346  render           | Rendering frame 380
01:33.346  render           | Start rendering: MORI_Assembly_Animation, 视图层
01:33.346  render           | Engine: EEVEE
01:33.387  render           | Fra: 380 | Rendering 1 / 32 samples
01:33.531  render           | Fra: 380 | Rendering 25 / 32 samples
01:33.571  render           | Fra: 380 | Rendering 32 / 32 samples
01:33.582  render           | Video append frame 380
01:33.582  render           | Time: 00:00.23 (Saving: 00:00.00)
01:33.582  render           | Rendering frame 381
01:33.582  render           | Start rendering: MORI_Assembly_Animation, 视图层
01:33.582  render           | Engine: EEVEE
01:33.626  render           | Fra: 381 | Rendering 1 / 32 samples
01:33.770  render           | Fra: 381 | Rendering 25 / 32 samples
01:33.810  render           | Fra: 381 | Rendering 32 / 32 samples
01:33.820  render           | Video append frame 381
01:33.820  render           | Time: 00:00.23 (Saving: 00:00.00)
01:33.820  render           | Rendering frame 382
01:33.820  render           | Start rendering: MORI_Assembly_Animation, 视图层
01:33.820  render           | Engine: EEVEE
01:33.859  render           | Fra: 382 | Rendering 1 / 32 samples
01:33.999  render           | Fra: 382 | Rendering 25 / 32 samples
01:34.041  render           | Fra: 382 | Rendering 32 / 32 samples
01:34.051  render           | Video append frame 382
01:34.051  render           | Time: 00:00.23 (Saving: 00:00.00)
01:34.051  render           | Rendering frame 383
01:34.051  render           | Start rendering: MORI_Assembly_Animation, 视图层
01:34.051  render           | Engine: EEVEE
01:34.092  render           | Fra: 383 | Rendering 1 / 32 samples
01:34.234  render           | Fra: 383 | Rendering 25 / 32 samples
01:34.275  render           | Fra: 383 | Rendering 32 / 32 samples
01:34.293  render           | Video append frame 383
01:34.293  render           | Time: 00:00.24 (Saving: 00:00.01)
01:34.293  render           | Rendering frame 384
01:34.293  render           | Start rendering: MORI_Assembly_Animation, 视图层
01:34.293  render           | Engine: EEVEE
01:34.330  render           | Fra: 384 | Rendering 1 / 32 samples
01:34.469  render           | Fra: 384 | Rendering 25 / 32 samples
01:34.509  render           | Fra: 384 | Rendering 32 / 32 samples
01:34.518  render           | Video append frame 384
01:34.518  render           | Time: 00:00.22 (Saving: 00:00.00)
01:34.518  render           | Rendering frame 385
01:34.518  render           | Start rendering: MORI_Assembly_Animation, 视图层
01:34.518  render           | Engine: EEVEE
01:34.559  render           | Fra: 385 | Rendering 1 / 32 samples
01:34.700  render           | Fra: 385 | Rendering 25 / 32 samples
01:34.740  render           | Fra: 385 | Rendering 32 / 32 samples
01:34.761  render           | Video append frame 385
01:34.761  render           | Time: 00:00.24 (Saving: 00:00.01)
01:34.761  render           | Rendering frame 386
01:34.761  render           | Start rendering: MORI_Assembly_Animation, 视图层
01:34.761  render           | Engine: EEVEE
01:34.802  render           | Fra: 386 | Rendering 1 / 32 samples
01:34.947  render           | Fra: 386 | Rendering 25 / 32 samples
01:34.987  render           | Fra: 386 | Rendering 32 / 32 samples
01:34.997  render           | Video append frame 386
01:34.997  render           | Time: 00:00.23 (Saving: 00:00.00)
01:34.997  render           | Rendering frame 387
01:34.997  render           | Start rendering: MORI_Assembly_Animation, 视图层
01:34.997  render           | Engine: EEVEE
01:35.037  render           | Fra: 387 | Rendering 1 / 32 samples
01:35.178  render           | Fra: 387 | Rendering 25 / 32 samples
01:35.218  render           | Fra: 387 | Rendering 32 / 32 samples
01:35.229  render           | Video append frame 387
01:35.229  render           | Time: 00:00.23 (Saving: 00:00.00)
01:35.229  render           | Rendering frame 388
01:35.229  render           | Start rendering: MORI_Assembly_Animation, 视图层
01:35.229  render           | Engine: EEVEE
01:35.273  render           | Fra: 388 | Rendering 1 / 32 samples
01:35.414  render           | Fra: 388 | Rendering 25 / 32 samples
01:35.453  render           | Fra: 388 | Rendering 32 / 32 samples
01:35.463  render           | Video append frame 388
01:35.463  render           | Time: 00:00.23 (Saving: 00:00.00)
01:35.463  render           | Rendering frame 389
01:35.464  render           | Start rendering: MORI_Assembly_Animation, 视图层
01:35.464  render           | Engine: EEVEE
01:35.503  render           | Fra: 389 | Rendering 1 / 32 samples
01:35.643  render           | Fra: 389 | Rendering 25 / 32 samples
01:35.684  render           | Fra: 389 | Rendering 32 / 32 samples
01:35.693  render           | Video append frame 389
01:35.693  render           | Time: 00:00.22 (Saving: 00:00.00)
01:35.693  render           | Rendering frame 390
01:35.693  render           | Start rendering: MORI_Assembly_Animation, 视图层
01:35.693  render           | Engine: EEVEE
01:35.736  render           | Fra: 390 | Rendering 1 / 32 samples
01:35.877  render           | Fra: 390 | Rendering 25 / 32 samples
01:35.915  render           | Fra: 390 | Rendering 32 / 32 samples
01:35.934  render           | Video append frame 390
01:35.934  render           | Time: 00:00.24 (Saving: 00:00.01)
01:35.934  render           | Rendering frame 391
01:35.934  render           | Start rendering: MORI_Assembly_Animation, 视图层
01:35.934  render           | Engine: EEVEE
01:35.978  render           | Fra: 391 | Rendering 1 / 32 samples
01:36.121  render           | Fra: 391 | Rendering 25 / 32 samples
01:36.159  render           | Fra: 391 | Rendering 32 / 32 samples
01:36.167  render           | Video append frame 391
01:36.167  render           | Time: 00:00.23 (Saving: 00:00.00)
01:36.167  render           | Rendering frame 392
01:36.167  render           | Start rendering: MORI_Assembly_Animation, 视图层
01:36.167  render           | Engine: EEVEE
01:36.208  render           | Fra: 392 | Rendering 1 / 32 samples
01:36.347  render           | Fra: 392 | Rendering 25 / 32 samples
01:36.387  render           | Fra: 392 | Rendering 32 / 32 samples
01:36.397  render           | Video append frame 392
01:36.397  render           | Time: 00:00.23 (Saving: 00:00.00)
01:36.397  render           | Rendering frame 393
01:36.398  render           | Start rendering: MORI_Assembly_Animation, 视图层
01:36.398  render           | Engine: EEVEE
01:36.441  render           | Fra: 393 | Rendering 1 / 32 samples
01:36.582  render           | Fra: 393 | Rendering 25 / 32 samples
01:36.624  render           | Fra: 393 | Rendering 32 / 32 samples
01:36.634  render           | Video append frame 393
01:36.634  render           | Time: 00:00.23 (Saving: 00:00.00)
01:36.634  render           | Rendering frame 394
01:36.634  render           | Start rendering: MORI_Assembly_Animation, 视图层
01:36.634  render           | Engine: EEVEE
01:36.675  render           | Fra: 394 | Rendering 1 / 32 samples
01:36.809  render           | Fra: 394 | Rendering 25 / 32 samples
01:36.848  render           | Fra: 394 | Rendering 32 / 32 samples
01:36.858  render           | Video append frame 394
01:36.858  render           | Time: 00:00.22 (Saving: 00:00.00)
01:36.858  render           | Rendering frame 395
01:36.858  render           | Start rendering: MORI_Assembly_Animation, 视图层
01:36.858  render           | Engine: EEVEE
01:36.902  render           | Fra: 395 | Rendering 1 / 32 samples
01:37.038  render           | Fra: 395 | Rendering 25 / 32 samples
01:37.077  render           | Fra: 395 | Rendering 32 / 32 samples
01:37.086  render           | Video append frame 395
01:37.086  render           | Time: 00:00.22 (Saving: 00:00.00)
01:37.086  render           | Rendering frame 396
01:37.086  render           | Start rendering: MORI_Assembly_Animation, 视图层
01:37.086  render           | Engine: EEVEE
01:37.127  render           | Fra: 396 | Rendering 1 / 32 samples
01:37.265  render           | Fra: 396 | Rendering 25 / 32 samples
01:37.306  render           | Fra: 396 | Rendering 32 / 32 samples
01:37.315  render           | Video append frame 396
01:37.315  render           | Time: 00:00.22 (Saving: 00:00.00)
01:37.315  render           | Rendering frame 397
01:37.316  render           | Start rendering: MORI_Assembly_Animation, 视图层
01:37.316  render           | Engine: EEVEE
01:37.358  render           | Fra: 397 | Rendering 1 / 32 samples
01:37.502  render           | Fra: 397 | Rendering 25 / 32 samples
01:37.543  render           | Fra: 397 | Rendering 32 / 32 samples
01:37.572  render           | Video append frame 397
01:37.572  render           | Time: 00:00.25 (Saving: 00:00.02)
01:37.572  render           | Rendering frame 398
01:37.572  render           | Start rendering: MORI_Assembly_Animation, 视图层
01:37.572  render           | Engine: EEVEE
01:37.612  render           | Fra: 398 | Rendering 1 / 32 samples
01:37.765  render           | Fra: 398 | Rendering 25 / 32 samples
01:37.809  render           | Fra: 398 | Rendering 32 / 32 samples
01:37.818  render           | Video append frame 398
01:37.818  render           | Time: 00:00.24 (Saving: 00:00.00)
01:37.818  render           | Rendering frame 399
01:37.818  render           | Start rendering: MORI_Assembly_Animation, 视图层
01:37.818  render           | Engine: EEVEE
01:37.861  render           | Fra: 399 | Rendering 1 / 32 samples
01:38.014  render           | Fra: 399 | Rendering 25 / 32 samples
01:38.057  render           | Fra: 399 | Rendering 32 / 32 samples
01:38.066  render           | Video append frame 399
01:38.066  render           | Time: 00:00.24 (Saving: 00:00.00)
01:38.066  render           | Rendering frame 400
01:38.066  render           | Start rendering: MORI_Assembly_Animation, 视图层
01:38.066  render           | Engine: EEVEE
01:38.108  render           | Fra: 400 | Rendering 1 / 32 samples
01:38.250  render           | Fra: 400 | Rendering 25 / 32 samples
01:38.291  render           | Fra: 400 | Rendering 32 / 32 samples
01:38.300  render           | Video append frame 400
01:38.300  render           | Time: 00:00.23 (Saving: 00:00.00)
01:38.300  render           | Rendering frame 401
01:38.300  render           | Start rendering: MORI_Assembly_Animation, 视图层
01:38.300  render           | Engine: EEVEE
01:38.341  render           | Fra: 401 | Rendering 1 / 32 samples
01:38.477  render           | Fra: 401 | Rendering 25 / 32 samples
01:38.514  render           | Fra: 401 | Rendering 32 / 32 samples
01:38.523  render           | Video append frame 401
01:38.523  render           | Time: 00:00.22 (Saving: 00:00.00)
01:38.523  render           | Rendering frame 402
01:38.523  render           | Start rendering: MORI_Assembly_Animation, 视图层
01:38.523  render           | Engine: EEVEE
01:38.563  render           | Fra: 402 | Rendering 1 / 32 samples
01:38.701  render           | Fra: 402 | Rendering 25 / 32 samples
01:38.742  render           | Fra: 402 | Rendering 32 / 32 samples
01:38.771  render           | Video append frame 402
01:38.771  render           | Time: 00:00.24 (Saving: 00:00.02)
01:38.771  render           | Rendering frame 403
01:38.771  render           | Start rendering: MORI_Assembly_Animation, 视图层
01:38.771  render           | Engine: EEVEE
01:38.810  render           | Fra: 403 | Rendering 1 / 32 samples
01:38.951  render           | Fra: 403 | Rendering 25 / 32 samples
01:38.992  render           | Fra: 403 | Rendering 32 / 32 samples
01:39.002  render           | Video append frame 403
01:39.002  render           | Time: 00:00.23 (Saving: 00:00.00)
01:39.002  render           | Rendering frame 404
01:39.002  render           | Start rendering: MORI_Assembly_Animation, 视图层
01:39.002  render           | Engine: EEVEE
01:39.043  render           | Fra: 404 | Rendering 1 / 32 samples
01:39.185  render           | Fra: 404 | Rendering 25 / 32 samples
01:39.226  render           | Fra: 404 | Rendering 32 / 32 samples
01:39.235  render           | Video append frame 404
01:39.235  render           | Time: 00:00.23 (Saving: 00:00.00)
01:39.235  render           | Rendering frame 405
01:39.235  render           | Start rendering: MORI_Assembly_Animation, 视图层
01:39.235  render           | Engine: EEVEE
01:39.277  render           | Fra: 405 | Rendering 1 / 32 samples
01:39.417  render           | Fra: 405 | Rendering 25 / 32 samples
01:39.459  render           | Fra: 405 | Rendering 32 / 32 samples
01:39.469  render           | Video append frame 405
01:39.469  render           | Time: 00:00.23 (Saving: 00:00.00)
01:39.469  render           | Rendering frame 406
01:39.469  render           | Start rendering: MORI_Assembly_Animation, 视图层
01:39.469  render           | Engine: EEVEE
01:39.507  render           | Fra: 406 | Rendering 1 / 32 samples
01:39.649  render           | Fra: 406 | Rendering 25 / 32 samples
01:39.691  render           | Fra: 406 | Rendering 32 / 32 samples
01:39.700  render           | Video append frame 406
01:39.700  render           | Time: 00:00.23 (Saving: 00:00.00)
01:39.700  render           | Rendering frame 407
01:39.700  render           | Start rendering: MORI_Assembly_Animation, 视图层
01:39.700  render           | Engine: EEVEE
01:39.742  render           | Fra: 407 | Rendering 1 / 32 samples
01:39.884  render           | Fra: 407 | Rendering 25 / 32 samples
01:39.924  render           | Fra: 407 | Rendering 32 / 32 samples
01:39.949  render           | Video append frame 407
01:39.949  render           | Time: 00:00.24 (Saving: 00:00.01)
01:39.949  render           | Rendering frame 408
01:39.949  render           | Start rendering: MORI_Assembly_Animation, 视图层
01:39.949  render           | Engine: EEVEE
01:39.992  render           | Fra: 408 | Rendering 1 / 32 samples
01:40.131  render           | Fra: 408 | Rendering 25 / 32 samples
01:40.172  render           | Fra: 408 | Rendering 32 / 32 samples
01:40.181  render           | Video append frame 408
01:40.181  render           | Time: 00:00.23 (Saving: 00:00.00)
01:40.181  render           | Rendering frame 409
01:40.181  render           | Start rendering: MORI_Assembly_Animation, 视图层
01:40.181  render           | Engine: EEVEE
01:40.222  render           | Fra: 409 | Rendering 1 / 32 samples
01:40.364  render           | Fra: 409 | Rendering 25 / 32 samples
01:40.403  render           | Fra: 409 | Rendering 32 / 32 samples
01:40.413  render           | Video append frame 409
01:40.413  render           | Time: 00:00.23 (Saving: 00:00.00)
01:40.413  render           | Rendering frame 410
01:40.413  render           | Start rendering: MORI_Assembly_Animation, 视图层
01:40.413  render           | Engine: EEVEE
01:40.457  render           | Fra: 410 | Rendering 1 / 32 samples
01:40.600  render           | Fra: 410 | Rendering 25 / 32 samples
01:40.641  render           | Fra: 410 | Rendering 32 / 32 samples
01:40.649  render           | Video append frame 410
01:40.649  render           | Time: 00:00.23 (Saving: 00:00.00)
01:40.649  render           | Rendering frame 411
01:40.650  render           | Start rendering: MORI_Assembly_Animation, 视图层
01:40.650  render           | Engine: EEVEE
01:40.692  render           | Fra: 411 | Rendering 1 / 32 samples
01:40.832  render           | Fra: 411 | Rendering 25 / 32 samples
01:40.875  render           | Fra: 411 | Rendering 32 / 32 samples
01:40.885  render           | Video append frame 411
01:40.885  render           | Time: 00:00.23 (Saving: 00:00.00)
01:40.885  render           | Rendering frame 412
01:40.885  render           | Start rendering: MORI_Assembly_Animation, 视图层
01:40.885  render           | Engine: EEVEE
01:40.925  render           | Fra: 412 | Rendering 1 / 32 samples
01:41.066  render           | Fra: 412 | Rendering 25 / 32 samples
01:41.107  render           | Fra: 412 | Rendering 32 / 32 samples
01:41.131  render           | Video append frame 412
01:41.131  render           | Time: 00:00.24 (Saving: 00:00.01)
01:41.131  render           | Rendering frame 413
01:41.132  render           | Start rendering: MORI_Assembly_Animation, 视图层
01:41.132  render           | Engine: EEVEE
01:41.170  render           | Fra: 413 | Rendering 1 / 32 samples
01:41.313  render           | Fra: 413 | Rendering 25 / 32 samples
01:41.354  render           | Fra: 413 | Rendering 32 / 32 samples
01:41.364  render           | Video append frame 413
01:41.364  render           | Time: 00:00.23 (Saving: 00:00.00)
01:41.364  render           | Rendering frame 414
01:41.364  render           | Start rendering: MORI_Assembly_Animation, 视图层
01:41.364  render           | Engine: EEVEE
01:41.407  render           | Fra: 414 | Rendering 1 / 32 samples
01:41.550  render           | Fra: 414 | Rendering 25 / 32 samples
01:41.592  render           | Fra: 414 | Rendering 32 / 32 samples
01:41.602  render           | Video append frame 414
01:41.602  render           | Time: 00:00.23 (Saving: 00:00.00)
01:41.602  render           | Rendering frame 415
01:41.602  render           | Start rendering: MORI_Assembly_Animation, 视图层
01:41.602  render           | Engine: EEVEE
01:41.653  render           | Fra: 415 | Rendering 1 / 32 samples
01:41.799  render           | Fra: 415 | Rendering 25 / 32 samples
01:41.840  render           | Fra: 415 | Rendering 32 / 32 samples
01:41.849  render           | Video append frame 415
01:41.849  render           | Time: 00:00.24 (Saving: 00:00.00)
01:41.849  render           | Rendering frame 416
01:41.849  render           | Start rendering: MORI_Assembly_Animation, 视图层
01:41.849  render           | Engine: EEVEE
01:41.892  render           | Fra: 416 | Rendering 1 / 32 samples
01:42.036  render           | Fra: 416 | Rendering 25 / 32 samples
01:42.078  render           | Fra: 416 | Rendering 32 / 32 samples
01:42.087  render           | Video append frame 416
01:42.087  render           | Time: 00:00.23 (Saving: 00:00.00)
01:42.087  render           | Rendering frame 417
01:42.087  render           | Start rendering: MORI_Assembly_Animation, 视图层
01:42.087  render           | Engine: EEVEE
01:42.131  render           | Fra: 417 | Rendering 1 / 32 samples
01:42.269  render           | Fra: 417 | Rendering 25 / 32 samples
01:42.308  render           | Fra: 417 | Rendering 32 / 32 samples
01:42.332  render           | Video append frame 417
01:42.332  render           | Time: 00:00.24 (Saving: 00:00.01)
01:42.332  render           | Rendering frame 418
01:42.332  render           | Start rendering: MORI_Assembly_Animation, 视图层
01:42.332  render           | Engine: EEVEE
01:42.373  render           | Fra: 418 | Rendering 1 / 32 samples
01:42.508  render           | Fra: 418 | Rendering 25 / 32 samples
01:42.547  render           | Fra: 418 | Rendering 32 / 32 samples
01:42.555  render           | Video append frame 418
01:42.555  render           | Time: 00:00.22 (Saving: 00:00.00)
01:42.555  render           | Rendering frame 419
01:42.555  render           | Start rendering: MORI_Assembly_Animation, 视图层
01:42.556  render           | Engine: EEVEE
01:42.598  render           | Fra: 419 | Rendering 1 / 32 samples
01:42.731  render           | Fra: 419 | Rendering 25 / 32 samples
01:42.769  render           | Fra: 419 | Rendering 32 / 32 samples
01:42.788  render           | Video append frame 419
01:42.788  render           | Time: 00:00.23 (Saving: 00:00.01)
01:42.788  render           | Rendering frame 420
01:42.788  render           | Start rendering: MORI_Assembly_Animation, 视图层
01:42.788  render           | Engine: EEVEE
01:42.848  render           | Fra: 420 | Rendering 1 / 32 samples
01:42.992  render           | Fra: 420 | Rendering 25 / 32 samples
01:43.032  render           | Fra: 420 | Rendering 32 / 32 samples
01:43.042  render           | Video append frame 420
01:43.042  render           | Time: 00:00.25 (Saving: 00:00.00)
01:43.042  render           | Rendering frame 421
01:43.042  render           | Start rendering: MORI_Assembly_Animation, 视图层
01:43.042  render           | Engine: EEVEE
01:43.084  render           | Fra: 421 | Rendering 1 / 32 samples
01:43.220  render           | Fra: 421 | Rendering 25 / 32 samples
01:43.260  render           | Fra: 421 | Rendering 32 / 32 samples
01:43.270  render           | Video append frame 421
01:43.270  render           | Time: 00:00.22 (Saving: 00:00.00)
01:43.270  render           | Rendering frame 422
01:43.270  render           | Start rendering: MORI_Assembly_Animation, 视图层
01:43.270  render           | Engine: EEVEE
01:43.316  render           | Fra: 422 | Rendering 1 / 32 samples
01:43.458  render           | Fra: 422 | Rendering 25 / 32 samples
01:43.498  render           | Fra: 422 | Rendering 32 / 32 samples
01:43.508  render           | Video append frame 422
01:43.508  render           | Time: 00:00.23 (Saving: 00:00.00)
01:43.508  render           | Rendering frame 423
01:43.508  render           | Start rendering: MORI_Assembly_Animation, 视图层
01:43.508  render           | Engine: EEVEE
01:43.550  render           | Fra: 423 | Rendering 1 / 32 samples
01:43.687  render           | Fra: 423 | Rendering 25 / 32 samples
01:43.727  render           | Fra: 423 | Rendering 32 / 32 samples
01:43.738  render           | Video append frame 423
01:43.738  render           | Time: 00:00.23 (Saving: 00:00.00)
01:43.738  render           | Rendering frame 424
01:43.738  render           | Start rendering: MORI_Assembly_Animation, 视图层
01:43.738  render           | Engine: EEVEE
01:43.785  render           | Fra: 424 | Rendering 1 / 32 samples
01:43.922  render           | Fra: 424 | Rendering 25 / 32 samples
01:43.961  render           | Fra: 424 | Rendering 32 / 32 samples
01:43.970  render           | Video append frame 424
01:43.970  render           | Time: 00:00.23 (Saving: 00:00.00)
01:43.970  render           | Rendering frame 425
01:43.970  render           | Start rendering: MORI_Assembly_Animation, 视图层
01:43.970  render           | Engine: EEVEE
01:44.014  render           | Fra: 425 | Rendering 1 / 32 samples
01:44.154  render           | Fra: 425 | Rendering 25 / 32 samples
01:44.192  render           | Fra: 425 | Rendering 32 / 32 samples
01:44.202  render           | Video append frame 425
01:44.202  render           | Time: 00:00.23 (Saving: 00:00.00)
01:44.202  render           | Rendering frame 426
01:44.202  render           | Start rendering: MORI_Assembly_Animation, 视图层
01:44.202  render           | Engine: EEVEE
01:44.248  render           | Fra: 426 | Rendering 1 / 32 samples
01:44.387  render           | Fra: 426 | Rendering 25 / 32 samples
01:44.430  render           | Fra: 426 | Rendering 32 / 32 samples
01:44.440  render           | Video append frame 426
01:44.440  render           | Time: 00:00.23 (Saving: 00:00.00)
01:44.440  render           | Rendering frame 427
01:44.440  render           | Start rendering: MORI_Assembly_Animation, 视图层
01:44.440  render           | Engine: EEVEE
01:44.487  render           | Fra: 427 | Rendering 1 / 32 samples
01:44.627  render           | Fra: 427 | Rendering 25 / 32 samples
01:44.668  render           | Fra: 427 | Rendering 32 / 32 samples
01:44.680  render           | Video append frame 427
01:44.680  render           | Time: 00:00.23 (Saving: 00:00.00)
01:44.680  render           | Rendering frame 428
01:44.680  render           | Start rendering: MORI_Assembly_Animation, 视图层
01:44.680  render           | Engine: EEVEE
01:44.729  render           | Fra: 428 | Rendering 1 / 32 samples
01:44.884  render           | Fra: 428 | Rendering 25 / 32 samples
01:44.932  render           | Fra: 428 | Rendering 32 / 32 samples
01:44.942  render           | Video append frame 428
01:44.942  render           | Time: 00:00.26 (Saving: 00:00.00)
01:44.942  render           | Rendering frame 429
01:44.942  render           | Start rendering: MORI_Assembly_Animation, 视图层
01:44.942  render           | Engine: EEVEE
01:44.987  render           | Fra: 429 | Rendering 1 / 32 samples
01:45.146  render           | Fra: 429 | Rendering 25 / 32 samples
01:45.191  render           | Fra: 429 | Rendering 32 / 32 samples
01:45.202  render           | Video append frame 429
01:45.202  render           | Time: 00:00.25 (Saving: 00:00.00)
01:45.202  render           | Rendering frame 430
01:45.202  render           | Start rendering: MORI_Assembly_Animation, 视图层
01:45.202  render           | Engine: EEVEE
01:45.249  render           | Fra: 430 | Rendering 1 / 32 samples
01:45.407  render           | Fra: 430 | Rendering 25 / 32 samples
01:45.450  render           | Fra: 430 | Rendering 32 / 32 samples
01:45.472  render           | Video append frame 430
01:45.472  render           | Time: 00:00.27 (Saving: 00:00.01)
01:45.472  render           | Rendering frame 431
01:45.472  render           | Start rendering: MORI_Assembly_Animation, 视图层
01:45.472  render           | Engine: EEVEE
01:45.518  render           | Fra: 431 | Rendering 1 / 32 samples
01:45.662  render           | Fra: 431 | Rendering 25 / 32 samples
01:45.703  render           | Fra: 431 | Rendering 32 / 32 samples
01:45.713  render           | Video append frame 431
01:45.713  render           | Time: 00:00.24 (Saving: 00:00.00)
01:45.713  render           | Rendering frame 432
01:45.713  render           | Start rendering: MORI_Assembly_Animation, 视图层
01:45.713  render           | Engine: EEVEE
01:45.757  render           | Fra: 432 | Rendering 1 / 32 samples
01:45.891  render           | Fra: 432 | Rendering 25 / 32 samples
01:45.930  render           | Fra: 432 | Rendering 32 / 32 samples
01:45.940  render           | Video append frame 432
01:45.940  render           | Time: 00:00.22 (Saving: 00:00.00)
01:45.940  render           | Rendering frame 433
01:45.940  render           | Start rendering: MORI_Assembly_Animation, 视图层
01:45.940  render           | Engine: EEVEE
01:45.984  render           | Fra: 433 | Rendering 1 / 32 samples
01:46.120  render           | Fra: 433 | Rendering 25 / 32 samples
01:46.158  render           | Fra: 433 | Rendering 32 / 32 samples
01:46.167  render           | Video append frame 433
01:46.167  render           | Time: 00:00.22 (Saving: 00:00.00)
01:46.167  render           | Rendering frame 434
01:46.167  render           | Start rendering: MORI_Assembly_Animation, 视图层
01:46.167  render           | Engine: EEVEE
01:46.210  render           | Fra: 434 | Rendering 1 / 32 samples
01:46.347  render           | Fra: 434 | Rendering 25 / 32 samples
01:46.386  render           | Fra: 434 | Rendering 32 / 32 samples
01:46.397  render           | Video append frame 434
01:46.397  render           | Time: 00:00.22 (Saving: 00:00.00)
01:46.397  render           | Rendering frame 435
01:46.397  render           | Start rendering: MORI_Assembly_Animation, 视图层
01:46.397  render           | Engine: EEVEE
01:46.444  render           | Fra: 435 | Rendering 1 / 32 samples
01:46.581  render           | Fra: 435 | Rendering 25 / 32 samples
01:46.620  render           | Fra: 435 | Rendering 32 / 32 samples
01:46.630  render           | Video append frame 435
01:46.630  render           | Time: 00:00.23 (Saving: 00:00.00)
01:46.630  render           | Rendering frame 436
01:46.630  render           | Start rendering: MORI_Assembly_Animation, 视图层
01:46.630  render           | Engine: EEVEE
01:46.672  render           | Fra: 436 | Rendering 1 / 32 samples
01:46.810  render           | Fra: 436 | Rendering 25 / 32 samples
01:46.849  render           | Fra: 436 | Rendering 32 / 32 samples
01:46.859  render           | Video append frame 436
01:46.859  render           | Time: 00:00.22 (Saving: 00:00.00)
01:46.859  render           | Rendering frame 437
01:46.859  render           | Start rendering: MORI_Assembly_Animation, 视图层
01:46.859  render           | Engine: EEVEE
01:46.906  render           | Fra: 437 | Rendering 1 / 32 samples
01:47.048  render           | Fra: 437 | Rendering 25 / 32 samples
01:47.086  render           | Fra: 437 | Rendering 32 / 32 samples
01:47.120  render           | Video append frame 437
01:47.120  render           | Time: 00:00.26 (Saving: 00:00.02)
01:47.120  render           | Rendering frame 438
01:47.120  render           | Start rendering: MORI_Assembly_Animation, 视图层
01:47.120  render           | Engine: EEVEE
01:47.166  render           | Fra: 438 | Rendering 1 / 32 samples
01:47.311  render           | Fra: 438 | Rendering 25 / 32 samples
01:47.353  render           | Fra: 438 | Rendering 32 / 32 samples
01:47.362  render           | Video append frame 438
01:47.362  render           | Time: 00:00.24 (Saving: 00:00.00)
01:47.362  render           | Rendering frame 439
01:47.363  render           | Start rendering: MORI_Assembly_Animation, 视图层
01:47.363  render           | Engine: EEVEE
01:47.405  render           | Fra: 439 | Rendering 1 / 32 samples
01:47.547  render           | Fra: 439 | Rendering 25 / 32 samples
01:47.588  render           | Fra: 439 | Rendering 32 / 32 samples
01:47.599  render           | Video append frame 439
01:47.599  render           | Time: 00:00.23 (Saving: 00:00.00)
01:47.599  render           | Rendering frame 440
01:47.599  render           | Start rendering: MORI_Assembly_Animation, 视图层
01:47.599  render           | Engine: EEVEE
01:47.647  render           | Fra: 440 | Rendering 1 / 32 samples
01:47.794  render           | Fra: 440 | Rendering 25 / 32 samples
01:47.837  render           | Fra: 440 | Rendering 32 / 32 samples
01:47.847  render           | Video append frame 440
01:47.847  render           | Time: 00:00.24 (Saving: 00:00.00)
01:47.847  render           | Rendering frame 441
01:47.847  render           | Start rendering: MORI_Assembly_Animation, 视图层
01:47.847  render           | Engine: EEVEE
01:47.889  render           | Fra: 441 | Rendering 1 / 32 samples
01:48.031  render           | Fra: 441 | Rendering 25 / 32 samples
01:48.073  render           | Fra: 441 | Rendering 32 / 32 samples
01:48.083  render           | Video append frame 441
01:48.083  render           | Time: 00:00.23 (Saving: 00:00.00)
01:48.083  render           | Rendering frame 442
01:48.083  render           | Start rendering: MORI_Assembly_Animation, 视图层
01:48.083  render           | Engine: EEVEE
01:48.127  render           | Fra: 442 | Rendering 1 / 32 samples
01:48.278  render           | Fra: 442 | Rendering 25 / 32 samples
01:48.319  render           | Fra: 442 | Rendering 32 / 32 samples
01:48.337  render           | Video append frame 442
01:48.337  render           | Time: 00:00.25 (Saving: 00:00.01)
01:48.337  render           | Rendering frame 443
01:48.337  render           | Start rendering: MORI_Assembly_Animation, 视图层
01:48.337  render           | Engine: EEVEE
01:48.381  render           | Fra: 443 | Rendering 1 / 32 samples
01:48.532  render           | Fra: 443 | Rendering 25 / 32 samples
01:48.575  render           | Fra: 443 | Rendering 32 / 32 samples
01:48.585  render           | Video append frame 443
01:48.585  render           | Time: 00:00.24 (Saving: 00:00.00)
01:48.585  render           | Rendering frame 444
01:48.585  render           | Start rendering: MORI_Assembly_Animation, 视图层
01:48.585  render           | Engine: EEVEE
01:48.629  render           | Fra: 444 | Rendering 1 / 32 samples
01:48.779  render           | Fra: 444 | Rendering 25 / 32 samples
01:48.822  render           | Fra: 444 | Rendering 32 / 32 samples
01:48.832  render           | Video append frame 444
01:48.832  render           | Time: 00:00.24 (Saving: 00:00.00)
01:48.832  render           | Rendering frame 445
01:48.832  render           | Start rendering: MORI_Assembly_Animation, 视图层
01:48.832  render           | Engine: EEVEE
01:48.877  render           | Fra: 445 | Rendering 1 / 32 samples
01:49.028  render           | Fra: 445 | Rendering 25 / 32 samples
01:49.070  render           | Fra: 445 | Rendering 32 / 32 samples
01:49.080  render           | Video append frame 445
01:49.080  render           | Time: 00:00.24 (Saving: 00:00.00)
01:49.080  render           | Rendering frame 446
01:49.080  render           | Start rendering: MORI_Assembly_Animation, 视图层
01:49.080  render           | Engine: EEVEE
01:49.125  render           | Fra: 446 | Rendering 1 / 32 samples
01:49.275  render           | Fra: 446 | Rendering 25 / 32 samples
01:49.319  render           | Fra: 446 | Rendering 32 / 32 samples
01:49.330  render           | Video append frame 446
01:49.330  render           | Time: 00:00.25 (Saving: 00:00.00)
01:49.330  render           | Rendering frame 447
01:49.330  render           | Start rendering: MORI_Assembly_Animation, 视图层
01:49.330  render           | Engine: EEVEE
01:49.375  render           | Fra: 447 | Rendering 1 / 32 samples
01:49.532  render           | Fra: 447 | Rendering 25 / 32 samples
01:49.575  render           | Fra: 447 | Rendering 32 / 32 samples
01:49.596  render           | Video append frame 447
01:49.596  render           | Time: 00:00.26 (Saving: 00:00.01)
01:49.596  render           | Rendering frame 448
01:49.596  render           | Start rendering: MORI_Assembly_Animation, 视图层
01:49.596  render           | Engine: EEVEE
01:49.683  render           | Fra: 448 | Rendering 1 / 32 samples
01:49.867  render           | Fra: 448 | Rendering 25 / 32 samples
01:49.915  render           | Fra: 448 | Rendering 32 / 32 samples
01:49.926  render           | Video append frame 448
01:49.926  render           | Time: 00:00.33 (Saving: 00:00.00)
01:49.926  render           | Rendering frame 449
01:49.927  render           | Start rendering: MORI_Assembly_Animation, 视图层
01:49.927  render           | Engine: EEVEE
01:49.977  render           | Fra: 449 | Rendering 1 / 32 samples
01:50.133  render           | Fra: 449 | Rendering 25 / 32 samples
01:50.176  render           | Fra: 449 | Rendering 32 / 32 samples
01:50.186  render           | Video append frame 449
01:50.186  render           | Time: 00:00.25 (Saving: 00:00.00)
01:50.186  render           | Rendering frame 450
01:50.187  render           | Start rendering: MORI_Assembly_Animation, 视图层
01:50.187  render           | Engine: EEVEE
01:50.234  render           | Fra: 450 | Rendering 1 / 32 samples
01:50.378  render           | Fra: 450 | Rendering 25 / 32 samples
01:50.418  render           | Fra: 450 | Rendering 32 / 32 samples
01:50.449  render           | Video append frame 450
01:50.449  render           | Time: 00:00.26 (Saving: 00:00.01)
01:50.449  render           | Rendering frame 451
01:50.449  render           | Start rendering: MORI_Assembly_Animation, 视图层
01:50.449  render           | Engine: EEVEE
01:50.499  render           | Fra: 451 | Rendering 1 / 32 samples
01:50.645  render           | Fra: 451 | Rendering 25 / 32 samples
01:50.685  render           | Fra: 451 | Rendering 32 / 32 samples
01:50.696  render           | Video append frame 451
01:50.696  render           | Time: 00:00.24 (Saving: 00:00.00)
01:50.696  render           | Rendering frame 452
01:50.696  render           | Start rendering: MORI_Assembly_Animation, 视图层
01:50.696  render           | Engine: EEVEE
01:50.745  render           | Fra: 452 | Rendering 1 / 32 samples
01:50.886  render           | Fra: 452 | Rendering 25 / 32 samples
01:50.927  render           | Fra: 452 | Rendering 32 / 32 samples
01:50.937  render           | Video append frame 452
01:50.937  render           | Time: 00:00.24 (Saving: 00:00.00)
01:50.937  render           | Rendering frame 453
01:50.938  render           | Start rendering: MORI_Assembly_Animation, 视图层
01:50.938  render           | Engine: EEVEE
01:50.990  render           | Fra: 453 | Rendering 1 / 32 samples
01:51.130  render           | Fra: 453 | Rendering 25 / 32 samples
01:51.174  render           | Fra: 453 | Rendering 32 / 32 samples
01:51.183  render           | Video append frame 453
01:51.183  render           | Time: 00:00.24 (Saving: 00:00.00)
01:51.183  render           | Rendering frame 454
01:51.184  render           | Start rendering: MORI_Assembly_Animation, 视图层
01:51.184  render           | Engine: EEVEE
01:51.235  render           | Fra: 454 | Rendering 1 / 32 samples
01:51.376  render           | Fra: 454 | Rendering 25 / 32 samples
01:51.416  render           | Fra: 454 | Rendering 32 / 32 samples
01:51.427  render           | Video append frame 454
01:51.427  render           | Time: 00:00.24 (Saving: 00:00.00)
01:51.427  render           | Rendering frame 455
01:51.428  render           | Start rendering: MORI_Assembly_Animation, 视图层
01:51.428  render           | Engine: EEVEE
01:51.481  render           | Fra: 455 | Rendering 1 / 32 samples
01:51.625  render           | Fra: 455 | Rendering 25 / 32 samples
01:51.666  render           | Fra: 455 | Rendering 32 / 32 samples
01:51.676  render           | Video append frame 455
01:51.677  render           | Time: 00:00.24 (Saving: 00:00.00)
01:51.677  render           | Rendering frame 456
01:51.677  render           | Start rendering: MORI_Assembly_Animation, 视图层
01:51.677  render           | Engine: EEVEE
01:51.730  render           | Fra: 456 | Rendering 1 / 32 samples
01:51.870  render           | Fra: 456 | Rendering 25 / 32 samples
01:51.912  render           | Fra: 456 | Rendering 32 / 32 samples
01:51.923  render           | Video append frame 456
01:51.923  render           | Time: 00:00.24 (Saving: 00:00.00)
01:51.923  render           | Rendering frame 457
01:51.923  render           | Start rendering: MORI_Assembly_Animation, 视图层
01:51.923  render           | Engine: EEVEE
01:51.976  render           | Fra: 457 | Rendering 1 / 32 samples
01:52.118  render           | Fra: 457 | Rendering 25 / 32 samples
01:52.159  render           | Fra: 457 | Rendering 32 / 32 samples
01:52.169  render           | Video append frame 457
01:52.169  render           | Time: 00:00.24 (Saving: 00:00.00)
01:52.170  render           | Rendering frame 458
01:52.170  render           | Start rendering: MORI_Assembly_Animation, 视图层
01:52.170  render           | Engine: EEVEE
01:52.220  render           | Fra: 458 | Rendering 1 / 32 samples
01:52.361  render           | Fra: 458 | Rendering 25 / 32 samples
01:52.402  render           | Fra: 458 | Rendering 32 / 32 samples
01:52.413  render           | Video append frame 458
01:52.413  render           | Time: 00:00.24 (Saving: 00:00.00)
01:52.413  render           | Rendering frame 459
01:52.414  render           | Start rendering: MORI_Assembly_Animation, 视图层
01:52.414  render           | Engine: EEVEE
01:52.469  render           | Fra: 459 | Rendering 1 / 32 samples
01:52.617  render           | Fra: 459 | Rendering 25 / 32 samples
01:52.660  render           | Fra: 459 | Rendering 32 / 32 samples
01:52.672  render           | Video append frame 459
01:52.672  render           | Time: 00:00.25 (Saving: 00:00.00)
01:52.672  render           | Rendering frame 460
01:52.672  render           | Start rendering: MORI_Assembly_Animation, 视图层
01:52.672  render           | Engine: EEVEE
01:52.729  render           | Fra: 460 | Rendering 1 / 32 samples
01:52.872  render           | Fra: 460 | Rendering 25 / 32 samples
01:52.913  render           | Fra: 460 | Rendering 32 / 32 samples
01:52.923  render           | Video append frame 460
01:52.923  render           | Time: 00:00.25 (Saving: 00:00.00)
01:52.923  render           | Rendering frame 461
01:52.923  render           | Start rendering: MORI_Assembly_Animation, 视图层
01:52.923  render           | Engine: EEVEE
01:52.980  render           | Fra: 461 | Rendering 1 / 32 samples
01:53.125  render           | Fra: 461 | Rendering 25 / 32 samples
01:53.166  render           | Fra: 461 | Rendering 32 / 32 samples
01:53.176  render           | Video append frame 461
01:53.176  render           | Time: 00:00.25 (Saving: 00:00.00)
01:53.176  render           | Rendering frame 462
01:53.176  render           | Start rendering: MORI_Assembly_Animation, 视图层
01:53.176  render           | Engine: EEVEE
01:53.231  render           | Fra: 462 | Rendering 1 / 32 samples
01:53.373  render           | Fra: 462 | Rendering 25 / 32 samples
01:53.414  render           | Fra: 462 | Rendering 32 / 32 samples
01:53.424  render           | Video append frame 462
01:53.424  render           | Time: 00:00.24 (Saving: 00:00.00)
01:53.424  render           | Rendering frame 463
01:53.425  render           | Start rendering: MORI_Assembly_Animation, 视图层
01:53.425  render           | Engine: EEVEE
01:53.479  render           | Fra: 463 | Rendering 1 / 32 samples
01:53.627  render           | Fra: 463 | Rendering 25 / 32 samples
01:53.668  render           | Fra: 463 | Rendering 32 / 32 samples
01:53.678  render           | Video append frame 463
01:53.678  render           | Time: 00:00.25 (Saving: 00:00.00)
01:53.678  render           | Rendering frame 464
01:53.678  render           | Start rendering: MORI_Assembly_Animation, 视图层
01:53.678  render           | Engine: EEVEE
01:53.735  render           | Fra: 464 | Rendering 1 / 32 samples
01:53.875  render           | Fra: 464 | Rendering 25 / 32 samples
01:53.916  render           | Fra: 464 | Rendering 32 / 32 samples
01:53.928  render           | Video append frame 464
01:53.928  render           | Time: 00:00.24 (Saving: 00:00.00)
01:53.928  render           | Rendering frame 465
01:53.928  render           | Start rendering: MORI_Assembly_Animation, 视图层
01:53.928  render           | Engine: EEVEE
01:53.984  render           | Fra: 465 | Rendering 1 / 32 samples
01:54.130  render           | Fra: 465 | Rendering 25 / 32 samples
01:54.174  render           | Fra: 465 | Rendering 32 / 32 samples
01:54.185  render           | Video append frame 465
01:54.185  render           | Time: 00:00.25 (Saving: 00:00.00)
01:54.185  render           | Rendering frame 466
01:54.185  render           | Start rendering: MORI_Assembly_Animation, 视图层
01:54.185  render           | Engine: EEVEE
01:54.238  render           | Fra: 466 | Rendering 1 / 32 samples
01:54.381  render           | Fra: 466 | Rendering 25 / 32 samples
01:54.423  render           | Fra: 466 | Rendering 32 / 32 samples
01:54.433  render           | Video append frame 466
01:54.433  render           | Time: 00:00.24 (Saving: 00:00.00)
01:54.433  render           | Rendering frame 467
01:54.434  render           | Start rendering: MORI_Assembly_Animation, 视图层
01:54.434  render           | Engine: EEVEE
01:54.487  render           | Fra: 467 | Rendering 1 / 32 samples
01:54.649  render           | Fra: 467 | Rendering 25 / 32 samples
01:54.696  render           | Fra: 467 | Rendering 32 / 32 samples
01:54.707  render           | Video append frame 467
01:54.707  render           | Time: 00:00.27 (Saving: 00:00.00)
01:54.707  render           | Rendering frame 468
01:54.707  render           | Start rendering: MORI_Assembly_Animation, 视图层
01:54.707  render           | Engine: EEVEE
01:54.757  render           | Fra: 468 | Rendering 1 / 32 samples
01:54.913  render           | Fra: 468 | Rendering 25 / 32 samples
01:54.959  render           | Fra: 468 | Rendering 32 / 32 samples
01:54.970  render           | Video append frame 468
01:54.970  render           | Time: 00:00.26 (Saving: 00:00.00)
01:54.970  render           | Rendering frame 469
01:54.970  render           | Start rendering: MORI_Assembly_Animation, 视图层
01:54.970  render           | Engine: EEVEE
01:55.023  render           | Fra: 469 | Rendering 1 / 32 samples
01:55.184  render           | Fra: 469 | Rendering 25 / 32 samples
01:55.229  render           | Fra: 469 | Rendering 32 / 32 samples
01:55.241  render           | Video append frame 469
01:55.241  render           | Time: 00:00.27 (Saving: 00:00.00)
01:55.241  render           | Rendering frame 470
01:55.241  render           | Start rendering: MORI_Assembly_Animation, 视图层
01:55.241  render           | Engine: EEVEE
01:55.295  render           | Fra: 470 | Rendering 1 / 32 samples
01:55.456  render           | Fra: 470 | Rendering 25 / 32 samples
01:55.502  render           | Fra: 470 | Rendering 32 / 32 samples
01:55.513  render           | Video append frame 470
01:55.513  render           | Time: 00:00.27 (Saving: 00:00.00)
01:55.513  render           | Rendering frame 471
01:55.513  render           | Start rendering: MORI_Assembly_Animation, 视图层
01:55.513  render           | Engine: EEVEE
01:55.565  render           | Fra: 471 | Rendering 1 / 32 samples
01:55.722  render           | Fra: 471 | Rendering 25 / 32 samples
01:55.769  render           | Fra: 471 | Rendering 32 / 32 samples
01:55.780  render           | Video append frame 471
01:55.780  render           | Time: 00:00.26 (Saving: 00:00.00)
01:55.780  render           | Rendering frame 472
01:55.780  render           | Start rendering: MORI_Assembly_Animation, 视图层
01:55.780  render           | Engine: EEVEE
01:55.833  render           | Fra: 472 | Rendering 1 / 32 samples
01:55.995  render           | Fra: 472 | Rendering 25 / 32 samples
01:56.042  render           | Fra: 472 | Rendering 32 / 32 samples
01:56.066  render           | Video append frame 472
01:56.066  render           | Time: 00:00.28 (Saving: 00:00.01)
01:56.066  render           | Rendering frame 473
01:56.066  render           | Start rendering: MORI_Assembly_Animation, 视图层
01:56.066  render           | Engine: EEVEE
01:56.117  render           | Fra: 473 | Rendering 1 / 32 samples
01:56.278  render           | Fra: 473 | Rendering 25 / 32 samples
01:56.325  render           | Fra: 473 | Rendering 32 / 32 samples
01:56.335  render           | Video append frame 473
01:56.335  render           | Time: 00:00.26 (Saving: 00:00.00)
01:56.335  render           | Rendering frame 474
01:56.335  render           | Start rendering: MORI_Assembly_Animation, 视图层
01:56.335  render           | Engine: EEVEE
01:56.386  render           | Fra: 474 | Rendering 1 / 32 samples
01:56.554  render           | Fra: 474 | Rendering 25 / 32 samples
01:56.601  render           | Fra: 474 | Rendering 32 / 32 samples
01:56.610  render           | Video append frame 474
01:56.610  render           | Time: 00:00.27 (Saving: 00:00.00)
01:56.610  render           | Rendering frame 475
01:56.610  render           | Start rendering: MORI_Assembly_Animation, 视图层
01:56.610  render           | Engine: EEVEE
01:56.663  render           | Fra: 475 | Rendering 1 / 32 samples
01:56.824  render           | Fra: 475 | Rendering 25 / 32 samples
01:56.871  render           | Fra: 475 | Rendering 32 / 32 samples
01:56.883  render           | Video append frame 475
01:56.883  render           | Time: 00:00.27 (Saving: 00:00.00)
01:56.883  render           | Rendering frame 476
01:56.883  render           | Start rendering: MORI_Assembly_Animation, 视图层
01:56.883  render           | Engine: EEVEE
01:56.936  render           | Fra: 476 | Rendering 1 / 32 samples
01:57.095  render           | Fra: 476 | Rendering 25 / 32 samples
01:57.142  render           | Fra: 476 | Rendering 32 / 32 samples
01:57.152  render           | Video append frame 476
01:57.152  render           | Time: 00:00.26 (Saving: 00:00.00)
01:57.152  render           | Rendering frame 477
01:57.152  render           | Start rendering: MORI_Assembly_Animation, 视图层
01:57.152  render           | Engine: EEVEE
01:57.203  render           | Fra: 477 | Rendering 1 / 32 samples
01:57.361  render           | Fra: 477 | Rendering 25 / 32 samples
01:57.408  render           | Fra: 477 | Rendering 32 / 32 samples
01:57.418  render           | Video append frame 477
01:57.418  render           | Time: 00:00.26 (Saving: 00:00.00)
01:57.418  render           | Rendering frame 478
01:57.418  render           | Start rendering: MORI_Assembly_Animation, 视图层
01:57.418  render           | Engine: EEVEE
01:57.470  render           | Fra: 478 | Rendering 1 / 32 samples
01:57.629  render           | Fra: 478 | Rendering 25 / 32 samples
01:57.675  render           | Fra: 478 | Rendering 32 / 32 samples
01:57.686  render           | Video append frame 478
01:57.686  render           | Time: 00:00.26 (Saving: 00:00.00)
01:57.686  render           | Rendering frame 479
01:57.687  render           | Start rendering: MORI_Assembly_Animation, 视图层
01:57.687  render           | Engine: EEVEE
01:57.744  render           | Fra: 479 | Rendering 1 / 32 samples
01:57.906  render           | Fra: 479 | Rendering 25 / 32 samples
01:57.953  render           | Fra: 479 | Rendering 32 / 32 samples
01:57.965  render           | Video append frame 479
01:57.965  render           | Time: 00:00.27 (Saving: 00:00.00)
01:57.965  render           | Rendering frame 480
01:57.965  render           | Start rendering: MORI_Assembly_Animation, 视图层
01:57.965  render           | Engine: EEVEE
01:58.028  render           | Fra: 480 | Rendering 1 / 32 samples
01:58.185  render           | Fra: 480 | Rendering 25 / 32 samples
01:58.231  render           | Fra: 480 | Rendering 32 / 32 samples
01:58.241  render           | Video append frame 480
01:58.241  render           | Time: 00:00.27 (Saving: 00:00.00)
01:58.241  render           | Rendering frame 481
01:58.242  render           | Start rendering: MORI_Assembly_Animation, 视图层
01:58.242  render           | Engine: EEVEE
01:58.305  render           | Fra: 481 | Rendering 1 / 32 samples
01:58.475  render           | Fra: 481 | Rendering 25 / 32 samples
01:58.526  render           | Fra: 481 | Rendering 32 / 32 samples
01:58.547  render           | Video append frame 481
01:58.547  render           | Time: 00:00.30 (Saving: 00:00.01)
01:58.547  render           | Rendering frame 482
01:58.547  render           | Start rendering: MORI_Assembly_Animation, 视图层
01:58.547  render           | Engine: EEVEE
01:58.595  render           | Fra: 482 | Rendering 1 / 32 samples
01:58.773  render           | Fra: 482 | Rendering 25 / 32 samples
01:58.822  render           | Fra: 482 | Rendering 32 / 32 samples
01:58.833  render           | Video append frame 482
01:58.833  render           | Time: 00:00.28 (Saving: 00:00.00)
01:58.833  render           | Rendering frame 483
01:58.833  render           | Start rendering: MORI_Assembly_Animation, 视图层
01:58.833  render           | Engine: EEVEE
01:58.885  render           | Fra: 483 | Rendering 1 / 32 samples
01:59.056  render           | Fra: 483 | Rendering 25 / 32 samples
01:59.107  render           | Fra: 483 | Rendering 32 / 32 samples
01:59.118  render           | Video append frame 483
01:59.118  render           | Time: 00:00.28 (Saving: 00:00.00)
01:59.118  render           | Rendering frame 484
01:59.118  render           | Start rendering: MORI_Assembly_Animation, 视图层
01:59.118  render           | Engine: EEVEE
01:59.170  render           | Fra: 484 | Rendering 1 / 32 samples
01:59.342  render           | Fra: 484 | Rendering 25 / 32 samples
01:59.391  render           | Fra: 484 | Rendering 32 / 32 samples
01:59.410  render           | Video append frame 484
01:59.410  render           | Time: 00:00.29 (Saving: 00:00.01)
01:59.410  render           | Rendering frame 485
01:59.410  render           | Start rendering: MORI_Assembly_Animation, 视图层
01:59.410  render           | Engine: EEVEE
01:59.459  render           | Fra: 485 | Rendering 1 / 32 samples
01:59.635  render           | Fra: 485 | Rendering 25 / 32 samples
01:59.687  render           | Fra: 485 | Rendering 32 / 32 samples
01:59.698  render           | Video append frame 485
01:59.698  render           | Time: 00:00.28 (Saving: 00:00.00)
01:59.698  render           | Rendering frame 486
01:59.699  render           | Start rendering: MORI_Assembly_Animation, 视图层
01:59.699  render           | Engine: EEVEE
01:59.751  render           | Fra: 486 | Rendering 1 / 32 samples
01:59.925  render           | Fra: 486 | Rendering 25 / 32 samples
01:59.973  render           | Fra: 486 | Rendering 32 / 32 samples
01:59.985  render           | Video append frame 486
01:59.985  render           | Time: 00:00.28 (Saving: 00:00.00)
01:59.985  render           | Rendering frame 487
01:59.985  render           | Start rendering: MORI_Assembly_Animation, 视图层
01:59.985  render           | Engine: EEVEE
02:00.036  render           | Fra: 487 | Rendering 1 / 32 samples
02:00.208  render           | Fra: 487 | Rendering 25 / 32 samples
02:00.258  render           | Fra: 487 | Rendering 32 / 32 samples
02:00.280  render           | Video append frame 487
02:00.280  render           | Time: 00:00.29 (Saving: 00:00.01)
02:00.280  render           | Rendering frame 488
02:00.280  render           | Start rendering: MORI_Assembly_Animation, 视图层
02:00.280  render           | Engine: EEVEE
02:00.328  render           | Fra: 488 | Rendering 1 / 32 samples
02:00.493  render           | Fra: 488 | Rendering 25 / 32 samples
02:00.541  render           | Fra: 488 | Rendering 32 / 32 samples
02:00.550  render           | Video append frame 488
02:00.550  render           | Time: 00:00.26 (Saving: 00:00.00)
02:00.550  render           | Rendering frame 489
02:00.550  render           | Start rendering: MORI_Assembly_Animation, 视图层
02:00.550  render           | Engine: EEVEE
02:00.605  render           | Fra: 489 | Rendering 1 / 32 samples
02:00.763  render           | Fra: 489 | Rendering 25 / 32 samples
02:00.809  render           | Fra: 489 | Rendering 32 / 32 samples
02:00.820  render           | Video append frame 489
02:00.820  render           | Time: 00:00.26 (Saving: 00:00.00)
02:00.820  render           | Rendering frame 490
02:00.820  render           | Start rendering: MORI_Assembly_Animation, 视图层
02:00.820  render           | Engine: EEVEE
02:00.875  render           | Fra: 490 | Rendering 1 / 32 samples
02:01.037  render           | Fra: 490 | Rendering 25 / 32 samples
02:01.084  render           | Fra: 490 | Rendering 32 / 32 samples
02:01.094  render           | Video append frame 490
02:01.095  render           | Time: 00:00.27 (Saving: 00:00.00)
02:01.095  render           | Rendering frame 491
02:01.095  render           | Start rendering: MORI_Assembly_Animation, 视图层
02:01.095  render           | Engine: EEVEE
02:01.145  render           | Fra: 491 | Rendering 1 / 32 samples
02:01.306  render           | Fra: 491 | Rendering 25 / 32 samples
02:01.354  render           | Fra: 491 | Rendering 32 / 32 samples
02:01.373  render           | Video append frame 491
02:01.373  render           | Time: 00:00.27 (Saving: 00:00.01)
02:01.373  render           | Rendering frame 492
02:01.373  render           | Start rendering: MORI_Assembly_Animation, 视图层
02:01.373  render           | Engine: EEVEE
02:01.436  render           | Fra: 492 | Rendering 1 / 32 samples
02:01.604  render           | Fra: 492 | Rendering 25 / 32 samples
02:01.652  render           | Fra: 492 | Rendering 32 / 32 samples
02:01.681  render           | Video append frame 492
02:01.681  render           | Time: 00:00.30 (Saving: 00:00.02)
02:01.681  render           | Rendering frame 493
02:01.681  render           | Start rendering: MORI_Assembly_Animation, 视图层
02:01.681  render           | Engine: EEVEE
02:01.740  render           | Fra: 493 | Rendering 1 / 32 samples
02:01.905  render           | Fra: 493 | Rendering 25 / 32 samples
02:01.952  render           | Fra: 493 | Rendering 32 / 32 samples
02:01.966  render           | Video append frame 493
02:01.966  render           | Time: 00:00.28 (Saving: 00:00.00)
02:01.966  render           | Rendering frame 494
02:01.966  render           | Start rendering: MORI_Assembly_Animation, 视图层
02:01.966  render           | Engine: EEVEE
02:02.024  render           | Fra: 494 | Rendering 1 / 32 samples
02:02.190  render           | Fra: 494 | Rendering 25 / 32 samples
02:02.237  render           | Fra: 494 | Rendering 32 / 32 samples
02:02.249  render           | Video append frame 494
02:02.249  render           | Time: 00:00.28 (Saving: 00:00.00)
02:02.249  render           | Rendering frame 495
02:02.249  render           | Start rendering: MORI_Assembly_Animation, 视图层
02:02.249  render           | Engine: EEVEE
02:02.303  render           | Fra: 495 | Rendering 1 / 32 samples
02:02.468  render           | Fra: 495 | Rendering 25 / 32 samples
02:02.516  render           | Fra: 495 | Rendering 32 / 32 samples
02:02.528  render           | Video append frame 495
02:02.528  render           | Time: 00:00.27 (Saving: 00:00.00)
02:02.528  render           | Rendering frame 496
02:02.528  render           | Start rendering: MORI_Assembly_Animation, 视图层
02:02.528  render           | Engine: EEVEE
02:02.583  render           | Fra: 496 | Rendering 1 / 32 samples
02:02.745  render           | Fra: 496 | Rendering 25 / 32 samples
02:02.793  render           | Fra: 496 | Rendering 32 / 32 samples
02:02.805  render           | Video append frame 496
02:02.805  render           | Time: 00:00.27 (Saving: 00:00.00)
02:02.805  render           | Rendering frame 497
02:02.805  render           | Start rendering: MORI_Assembly_Animation, 视图层
02:02.805  render           | Engine: EEVEE
02:02.862  render           | Fra: 497 | Rendering 1 / 32 samples
02:03.025  render           | Fra: 497 | Rendering 25 / 32 samples
02:03.072  render           | Fra: 497 | Rendering 32 / 32 samples
02:03.102  render           | Video append frame 497
02:03.103  render           | Time: 00:00.29 (Saving: 00:00.02)
02:03.103  render           | Rendering frame 498
02:03.103  render           | Start rendering: MORI_Assembly_Animation, 视图层
02:03.103  render           | Engine: EEVEE
02:03.158  render           | Fra: 498 | Rendering 1 / 32 samples
02:03.321  render           | Fra: 498 | Rendering 25 / 32 samples
02:03.368  render           | Fra: 498 | Rendering 32 / 32 samples
02:03.379  render           | Video append frame 498
02:03.379  render           | Time: 00:00.27 (Saving: 00:00.00)
02:03.379  render           | Rendering frame 499
02:03.380  render           | Start rendering: MORI_Assembly_Animation, 视图层
02:03.380  render           | Engine: EEVEE
02:03.432  render           | Fra: 499 | Rendering 1 / 32 samples
02:03.595  render           | Fra: 499 | Rendering 25 / 32 samples
02:03.642  render           | Fra: 499 | Rendering 32 / 32 samples
02:03.652  render           | Video append frame 499
02:03.652  render           | Time: 00:00.27 (Saving: 00:00.00)
02:03.652  render           | Rendering frame 500
02:03.652  render           | Start rendering: MORI_Assembly_Animation, 视图层
02:03.652  render           | Engine: EEVEE
02:03.706  render           | Fra: 500 | Rendering 1 / 32 samples
02:03.869  render           | Fra: 500 | Rendering 25 / 32 samples
02:03.917  render           | Fra: 500 | Rendering 32 / 32 samples
02:03.950  render           | Video append frame 500
02:03.950  render           | Time: 00:00.29 (Saving: 00:00.02)
02:03.950  render           | Rendering frame 501
02:03.950  render           | Start rendering: MORI_Assembly_Animation, 视图层
02:03.950  render           | Engine: EEVEE
02:04.004  render           | Fra: 501 | Rendering 1 / 32 samples
02:04.171  render           | Fra: 501 | Rendering 25 / 32 samples
02:04.218  render           | Fra: 501 | Rendering 32 / 32 samples
02:04.229  render           | Video append frame 501
02:04.229  render           | Time: 00:00.27 (Saving: 00:00.00)
02:04.229  render           | Rendering frame 502
02:04.230  render           | Start rendering: MORI_Assembly_Animation, 视图层
02:04.230  render           | Engine: EEVEE
02:04.282  render           | Fra: 502 | Rendering 1 / 32 samples
02:04.445  render           | Fra: 502 | Rendering 25 / 32 samples
02:04.492  render           | Fra: 502 | Rendering 32 / 32 samples
02:04.503  render           | Video append frame 502
02:04.503  render           | Time: 00:00.27 (Saving: 00:00.00)
02:04.503  render           | Rendering frame 503
02:04.503  render           | Start rendering: MORI_Assembly_Animation, 视图层
02:04.503  render           | Engine: EEVEE
02:04.556  render           | Fra: 503 | Rendering 1 / 32 samples
02:04.722  render           | Fra: 503 | Rendering 25 / 32 samples
02:04.769  render           | Fra: 503 | Rendering 32 / 32 samples
02:04.820  render           | Video append frame 503
02:04.820  render           | Time: 00:00.31 (Saving: 00:00.03)
02:04.820  render           | Rendering frame 504
02:04.820  render           | Start rendering: MORI_Assembly_Animation, 视图层
02:04.820  render           | Engine: EEVEE
02:04.870  render           | Fra: 504 | Rendering 1 / 32 samples
02:05.036  render           | Fra: 504 | Rendering 25 / 32 samples
02:05.084  render           | Fra: 504 | Rendering 32 / 32 samples
02:05.098  render           | Video append frame 504
02:05.098  render           | Time: 00:00.27 (Saving: 00:00.00)
02:05.098  render           | Rendering frame 505
02:05.098  render           | Start rendering: MORI_Assembly_Animation, 视图层
02:05.098  render           | Engine: EEVEE
02:05.153  render           | Fra: 505 | Rendering 1 / 32 samples
02:05.321  render           | Fra: 505 | Rendering 25 / 32 samples
02:05.368  render           | Fra: 505 | Rendering 32 / 32 samples
02:05.381  render           | Video append frame 505
02:05.381  render           | Time: 00:00.28 (Saving: 00:00.00)
02:05.381  render           | Rendering frame 506
02:05.381  render           | Start rendering: MORI_Assembly_Animation, 视图层
02:05.381  render           | Engine: EEVEE
02:05.438  render           | Fra: 506 | Rendering 1 / 32 samples
02:05.606  render           | Fra: 506 | Rendering 25 / 32 samples
02:05.654  render           | Fra: 506 | Rendering 32 / 32 samples
02:05.666  render           | Video append frame 506
02:05.666  render           | Time: 00:00.28 (Saving: 00:00.00)
02:05.666  render           | Rendering frame 507
02:05.666  render           | Start rendering: MORI_Assembly_Animation, 视图层
02:05.666  render           | Engine: EEVEE
02:05.722  render           | Fra: 507 | Rendering 1 / 32 samples
02:05.886  render           | Fra: 507 | Rendering 25 / 32 samples
02:05.933  render           | Fra: 507 | Rendering 32 / 32 samples
02:05.945  render           | Video append frame 507
02:05.945  render           | Time: 00:00.27 (Saving: 00:00.00)
02:05.945  render           | Rendering frame 508
02:05.945  render           | Start rendering: MORI_Assembly_Animation, 视图层
02:05.945  render           | Engine: EEVEE
02:06.002  render           | Fra: 508 | Rendering 1 / 32 samples
02:06.168  render           | Fra: 508 | Rendering 25 / 32 samples
02:06.216  render           | Fra: 508 | Rendering 32 / 32 samples
02:06.228  render           | Video append frame 508
02:06.228  render           | Time: 00:00.28 (Saving: 00:00.00)
02:06.228  render           | Rendering frame 509
02:06.229  render           | Start rendering: MORI_Assembly_Animation, 视图层
02:06.229  render           | Engine: EEVEE
02:06.285  render           | Fra: 509 | Rendering 1 / 32 samples
02:06.447  render           | Fra: 509 | Rendering 25 / 32 samples
02:06.494  render           | Fra: 509 | Rendering 32 / 32 samples
02:06.507  render           | Video append frame 509
02:06.507  render           | Time: 00:00.27 (Saving: 00:00.00)
02:06.508  render           | Rendering frame 510
02:06.508  render           | Start rendering: MORI_Assembly_Animation, 视图层
02:06.508  render           | Engine: EEVEE
02:06.565  render           | Fra: 510 | Rendering 1 / 32 samples
02:06.733  render           | Fra: 510 | Rendering 25 / 32 samples
02:06.781  render           | Fra: 510 | Rendering 32 / 32 samples
02:06.795  render           | Video append frame 510
02:06.795  render           | Time: 00:00.28 (Saving: 00:00.00)
02:06.795  render           | Rendering frame 511
02:06.795  render           | Start rendering: MORI_Assembly_Animation, 视图层
02:06.795  render           | Engine: EEVEE
02:06.854  render           | Fra: 511 | Rendering 1 / 32 samples
02:07.017  render           | Fra: 511 | Rendering 25 / 32 samples
02:07.064  render           | Fra: 511 | Rendering 32 / 32 samples
02:07.077  render           | Video append frame 511
02:07.077  render           | Time: 00:00.28 (Saving: 00:00.00)
02:07.077  render           | Rendering frame 512
02:07.077  render           | Start rendering: MORI_Assembly_Animation, 视图层
02:07.077  render           | Engine: EEVEE
02:07.134  render           | Fra: 512 | Rendering 1 / 32 samples
02:07.297  render           | Fra: 512 | Rendering 25 / 32 samples
02:07.345  render           | Fra: 512 | Rendering 32 / 32 samples
02:07.358  render           | Video append frame 512
02:07.358  render           | Time: 00:00.28 (Saving: 00:00.00)
02:07.358  render           | Rendering frame 513
02:07.358  render           | Start rendering: MORI_Assembly_Animation, 视图层
02:07.358  render           | Engine: EEVEE
02:07.415  render           | Fra: 513 | Rendering 1 / 32 samples
02:07.578  render           | Fra: 513 | Rendering 25 / 32 samples
02:07.626  render           | Fra: 513 | Rendering 32 / 32 samples
02:07.652  render           | Video append frame 513
02:07.652  render           | Time: 00:00.29 (Saving: 00:00.02)
02:07.652  render           | Rendering frame 514
02:07.652  render           | Start rendering: MORI_Assembly_Animation, 视图层
02:07.652  render           | Engine: EEVEE
02:07.711  render           | Fra: 514 | Rendering 1 / 32 samples
02:07.886  render           | Fra: 514 | Rendering 25 / 32 samples
02:07.936  render           | Fra: 514 | Rendering 32 / 32 samples
02:07.949  render           | Video append frame 514
02:07.949  render           | Time: 00:00.29 (Saving: 00:00.00)
02:07.949  render           | Rendering frame 515
02:07.949  render           | Start rendering: MORI_Assembly_Animation, 视图层
02:07.949  render           | Engine: EEVEE
02:08.009  render           | Fra: 515 | Rendering 1 / 32 samples
02:08.181  render           | Fra: 515 | Rendering 25 / 32 samples
02:08.231  render           | Fra: 515 | Rendering 32 / 32 samples
02:08.256  render           | Video append frame 515
02:08.257  render           | Time: 00:00.30 (Saving: 00:00.02)
02:08.257  render           | Rendering frame 516
02:08.257  render           | Start rendering: MORI_Assembly_Animation, 视图层
02:08.257  render           | Engine: EEVEE
02:08.315  render           | Fra: 516 | Rendering 1 / 32 samples
02:08.490  render           | Fra: 516 | Rendering 25 / 32 samples
02:08.543  render           | Fra: 516 | Rendering 32 / 32 samples
02:08.554  render           | Video append frame 516
02:08.554  render           | Time: 00:00.29 (Saving: 00:00.00)
02:08.554  render           | Rendering frame 517
02:08.554  render           | Start rendering: MORI_Assembly_Animation, 视图层
02:08.554  render           | Engine: EEVEE
02:08.614  render           | Fra: 517 | Rendering 1 / 32 samples
02:08.788  render           | Fra: 517 | Rendering 25 / 32 samples
02:08.835  render           | Fra: 517 | Rendering 32 / 32 samples
02:08.847  render           | Video append frame 517
02:08.847  render           | Time: 00:00.29 (Saving: 00:00.00)
02:08.847  render           | Rendering frame 518
02:08.847  render           | Start rendering: MORI_Assembly_Animation, 视图层
02:08.847  render           | Engine: EEVEE
02:08.899  render           | Fra: 518 | Rendering 1 / 32 samples
02:09.062  render           | Fra: 518 | Rendering 25 / 32 samples
02:09.110  render           | Fra: 518 | Rendering 32 / 32 samples
02:09.125  render           | Video append frame 518
02:09.125  render           | Time: 00:00.27 (Saving: 00:00.01)
02:09.125  render           | Rendering frame 519
02:09.125  render           | Start rendering: MORI_Assembly_Animation, 视图层
02:09.125  render           | Engine: EEVEE
02:09.175  render           | Fra: 519 | Rendering 1 / 32 samples
02:09.338  render           | Fra: 519 | Rendering 25 / 32 samples
02:09.385  render           | Fra: 519 | Rendering 32 / 32 samples
02:09.395  render           | Video append frame 519
02:09.395  render           | Time: 00:00.27 (Saving: 00:00.00)
02:09.395  render           | Rendering frame 520
02:09.396  render           | Start rendering: MORI_Assembly_Animation, 视图层
02:09.396  render           | Engine: EEVEE
02:09.451  render           | Fra: 520 | Rendering 1 / 32 samples
02:09.614  render           | Fra: 520 | Rendering 25 / 32 samples
02:09.661  render           | Fra: 520 | Rendering 32 / 32 samples
02:09.672  render           | Video append frame 520
02:09.672  render           | Time: 00:00.27 (Saving: 00:00.00)
02:09.672  render           | Rendering frame 521
02:09.672  render           | Start rendering: MORI_Assembly_Animation, 视图层
02:09.672  render           | Engine: EEVEE
02:09.726  render           | Fra: 521 | Rendering 1 / 32 samples
02:09.887  render           | Fra: 521 | Rendering 25 / 32 samples
02:09.935  render           | Fra: 521 | Rendering 32 / 32 samples
02:09.945  render           | Video append frame 521
02:09.945  render           | Time: 00:00.27 (Saving: 00:00.00)
02:09.945  render           | Rendering frame 522
02:09.945  render           | Start rendering: MORI_Assembly_Animation, 视图层
02:09.945  render           | Engine: EEVEE
02:09.993  render           | Fra: 522 | Rendering 1 / 32 samples
02:10.155  render           | Fra: 522 | Rendering 25 / 32 samples
02:10.202  render           | Fra: 522 | Rendering 32 / 32 samples
02:10.213  render           | Video append frame 522
02:10.213  render           | Time: 00:00.26 (Saving: 00:00.00)
02:10.213  render           | Rendering frame 523
02:10.213  render           | Start rendering: MORI_Assembly_Animation, 视图层
02:10.213  render           | Engine: EEVEE
02:10.266  render           | Fra: 523 | Rendering 1 / 32 samples
02:10.427  render           | Fra: 523 | Rendering 25 / 32 samples
02:10.473  render           | Fra: 523 | Rendering 32 / 32 samples
02:10.484  render           | Video append frame 523
02:10.484  render           | Time: 00:00.27 (Saving: 00:00.00)
02:10.484  render           | Rendering frame 524
02:10.484  render           | Start rendering: MORI_Assembly_Animation, 视图层
02:10.484  render           | Engine: EEVEE
02:10.536  render           | Fra: 524 | Rendering 1 / 32 samples
02:10.699  render           | Fra: 524 | Rendering 25 / 32 samples
02:10.746  render           | Fra: 524 | Rendering 32 / 32 samples
02:10.757  render           | Video append frame 524
02:10.757  render           | Time: 00:00.27 (Saving: 00:00.00)
02:10.757  render           | Rendering frame 525
02:10.757  render           | Start rendering: MORI_Assembly_Animation, 视图层
02:10.757  render           | Engine: EEVEE
02:10.811  render           | Fra: 525 | Rendering 1 / 32 samples
02:10.971  render           | Fra: 525 | Rendering 25 / 32 samples
02:11.018  render           | Fra: 525 | Rendering 32 / 32 samples
02:11.029  render           | Video append frame 525
02:11.029  render           | Time: 00:00.27 (Saving: 00:00.00)
02:11.029  render           | Rendering frame 526
02:11.029  render           | Start rendering: MORI_Assembly_Animation, 视图层
02:11.029  render           | Engine: EEVEE
02:11.084  render           | Fra: 526 | Rendering 1 / 32 samples
02:11.247  render           | Fra: 526 | Rendering 25 / 32 samples
02:11.294  render           | Fra: 526 | Rendering 32 / 32 samples
02:11.321  render           | Video append frame 526
02:11.321  render           | Time: 00:00.29 (Saving: 00:00.01)
02:11.322  render           | Rendering frame 527
02:11.322  render           | Start rendering: MORI_Assembly_Animation, 视图层
02:11.322  render           | Engine: EEVEE
02:11.373  render           | Fra: 527 | Rendering 1 / 32 samples
02:11.535  render           | Fra: 527 | Rendering 25 / 32 samples
02:11.582  render           | Fra: 527 | Rendering 32 / 32 samples
02:11.592  render           | Video append frame 527
02:11.592  render           | Time: 00:00.27 (Saving: 00:00.00)
02:11.592  render           | Rendering frame 528
02:11.592  render           | Start rendering: MORI_Assembly_Animation, 视图层
02:11.592  render           | Engine: EEVEE
02:11.643  render           | Fra: 528 | Rendering 1 / 32 samples
02:11.804  render           | Fra: 528 | Rendering 25 / 32 samples
02:11.851  render           | Fra: 528 | Rendering 32 / 32 samples
02:11.862  render           | Video append frame 528
02:11.862  render           | Time: 00:00.27 (Saving: 00:00.00)
02:11.862  render           | Rendering frame 529
02:11.862  render           | Start rendering: MORI_Assembly_Animation, 视图层
02:11.862  render           | Engine: EEVEE
02:11.916  render           | Fra: 529 | Rendering 1 / 32 samples
02:12.079  render           | Fra: 529 | Rendering 25 / 32 samples
02:12.124  render           | Fra: 529 | Rendering 32 / 32 samples
02:12.137  render           | Video append frame 529
02:12.137  render           | Time: 00:00.27 (Saving: 00:00.00)
02:12.137  render           | Rendering frame 530
02:12.137  render           | Start rendering: MORI_Assembly_Animation, 视图层
02:12.137  render           | Engine: EEVEE
02:12.186  render           | Fra: 530 | Rendering 1 / 32 samples
02:12.348  render           | Fra: 530 | Rendering 25 / 32 samples
02:12.395  render           | Fra: 530 | Rendering 32 / 32 samples
02:12.406  render           | Video append frame 530
02:12.406  render           | Time: 00:00.26 (Saving: 00:00.00)
02:12.406  render           | Rendering frame 531
02:12.406  render           | Start rendering: MORI_Assembly_Animation, 视图层
02:12.406  render           | Engine: EEVEE
02:12.462  render           | Fra: 531 | Rendering 1 / 32 samples
02:12.624  render           | Fra: 531 | Rendering 25 / 32 samples
02:12.672  render           | Fra: 531 | Rendering 32 / 32 samples
02:12.683  render           | Video append frame 531
02:12.683  render           | Time: 00:00.27 (Saving: 00:00.00)
02:12.683  render           | Rendering frame 532
02:12.683  render           | Start rendering: MORI_Assembly_Animation, 视图层
02:12.683  render           | Engine: EEVEE
02:12.737  render           | Fra: 532 | Rendering 1 / 32 samples
02:12.900  render           | Fra: 532 | Rendering 25 / 32 samples
02:12.947  render           | Fra: 532 | Rendering 32 / 32 samples
02:12.956  render           | Video append frame 532
02:12.957  render           | Time: 00:00.27 (Saving: 00:00.00)
02:12.957  render           | Rendering frame 533
02:12.957  render           | Start rendering: MORI_Assembly_Animation, 视图层
02:12.957  render           | Engine: EEVEE
02:13.012  render           | Fra: 533 | Rendering 1 / 32 samples
02:13.174  render           | Fra: 533 | Rendering 25 / 32 samples
02:13.221  render           | Fra: 533 | Rendering 32 / 32 samples
02:13.232  render           | Video append frame 533
02:13.233  render           | Time: 00:00.27 (Saving: 00:00.00)
02:13.233  render           | Rendering frame 534
02:13.233  render           | Start rendering: MORI_Assembly_Animation, 视图层
02:13.233  render           | Engine: EEVEE
02:13.290  render           | Fra: 534 | Rendering 1 / 32 samples
02:13.452  render           | Fra: 534 | Rendering 25 / 32 samples
02:13.498  render           | Fra: 534 | Rendering 32 / 32 samples
02:13.508  render           | Video append frame 534
02:13.508  render           | Time: 00:00.27 (Saving: 00:00.00)
02:13.508  render           | Rendering frame 535
02:13.509  render           | Start rendering: MORI_Assembly_Animation, 视图层
02:13.509  render           | Engine: EEVEE
02:13.563  render           | Fra: 535 | Rendering 1 / 32 samples
02:13.726  render           | Fra: 535 | Rendering 25 / 32 samples
02:13.773  render           | Fra: 535 | Rendering 32 / 32 samples
02:13.784  render           | Video append frame 535
02:13.784  render           | Time: 00:00.27 (Saving: 00:00.00)
02:13.784  render           | Rendering frame 536
02:13.784  render           | Start rendering: MORI_Assembly_Animation, 视图层
02:13.784  render           | Engine: EEVEE
02:13.837  render           | Fra: 536 | Rendering 1 / 32 samples
02:13.997  render           | Fra: 536 | Rendering 25 / 32 samples
02:14.045  render           | Fra: 536 | Rendering 32 / 32 samples
02:14.055  render           | Video append frame 536
02:14.055  render           | Time: 00:00.27 (Saving: 00:00.00)
02:14.055  render           | Rendering frame 537
02:14.055  render           | Start rendering: MORI_Assembly_Animation, 视图层
02:14.055  render           | Engine: EEVEE
02:14.112  render           | Fra: 537 | Rendering 1 / 32 samples
02:14.274  render           | Fra: 537 | Rendering 25 / 32 samples
02:14.321  render           | Fra: 537 | Rendering 32 / 32 samples
02:14.332  render           | Video append frame 537
02:14.332  render           | Time: 00:00.27 (Saving: 00:00.00)
02:14.332  render           | Rendering frame 538
02:14.332  render           | Start rendering: MORI_Assembly_Animation, 视图层
02:14.332  render           | Engine: EEVEE
02:14.383  render           | Fra: 538 | Rendering 1 / 32 samples
02:14.545  render           | Fra: 538 | Rendering 25 / 32 samples
02:14.593  render           | Fra: 538 | Rendering 32 / 32 samples
02:14.604  render           | Video append frame 538
02:14.604  render           | Time: 00:00.27 (Saving: 00:00.00)
02:14.604  render           | Rendering frame 539
02:14.604  render           | Start rendering: MORI_Assembly_Animation, 视图层
02:14.604  render           | Engine: EEVEE
02:14.660  render           | Fra: 539 | Rendering 1 / 32 samples
02:14.825  render           | Fra: 539 | Rendering 25 / 32 samples
02:14.872  render           | Fra: 539 | Rendering 32 / 32 samples
02:14.882  render           | Video append frame 539
02:14.882  render           | Time: 00:00.27 (Saving: 00:00.00)
02:14.882  render           | Rendering frame 540
02:14.882  render           | Start rendering: MORI_Assembly_Animation, 视图层
02:14.882  render           | Engine: EEVEE
02:14.935  render           | Fra: 540 | Rendering 1 / 32 samples
02:15.095  render           | Fra: 540 | Rendering 25 / 32 samples
02:15.141  render           | Fra: 540 | Rendering 32 / 32 samples
02:15.151  render           | Video append frame 540
02:15.151  render           | Time: 00:00.26 (Saving: 00:00.00)
02:15.151  render           | Rendering frame 541
02:15.151  render           | Start rendering: MORI_Assembly_Animation, 视图层
02:15.151  render           | Engine: EEVEE
02:15.197  render           | Fra: 541 | Rendering 1 / 32 samples
02:15.356  render           | Fra: 541 | Rendering 25 / 32 samples
02:15.402  render           | Fra: 541 | Rendering 32 / 32 samples
02:15.412  render           | Video append frame 541
02:15.412  render           | Time: 00:00.26 (Saving: 00:00.00)
02:15.412  render           | Rendering frame 542
02:15.412  render           | Start rendering: MORI_Assembly_Animation, 视图层
02:15.412  render           | Engine: EEVEE
02:15.457  render           | Fra: 542 | Rendering 1 / 32 samples
02:15.614  render           | Fra: 542 | Rendering 25 / 32 samples
02:15.660  render           | Fra: 542 | Rendering 32 / 32 samples
02:15.669  render           | Video append frame 542
02:15.669  render           | Time: 00:00.25 (Saving: 00:00.00)
02:15.669  render           | Rendering frame 543
02:15.669  render           | Start rendering: MORI_Assembly_Animation, 视图层
02:15.669  render           | Engine: EEVEE
02:15.714  render           | Fra: 543 | Rendering 1 / 32 samples
02:15.873  render           | Fra: 543 | Rendering 25 / 32 samples
02:15.919  render           | Fra: 543 | Rendering 32 / 32 samples
02:15.929  render           | Video append frame 543
02:15.929  render           | Time: 00:00.25 (Saving: 00:00.00)
02:15.929  render           | Rendering frame 544
02:15.929  render           | Start rendering: MORI_Assembly_Animation, 视图层
02:15.929  render           | Engine: EEVEE
02:15.972  render           | Fra: 544 | Rendering 1 / 32 samples
02:16.127  render           | Fra: 544 | Rendering 25 / 32 samples
02:16.173  render           | Fra: 544 | Rendering 32 / 32 samples
02:16.182  render           | Video append frame 544
02:16.182  render           | Time: 00:00.25 (Saving: 00:00.00)
02:16.182  render           | Rendering frame 545
02:16.182  render           | Start rendering: MORI_Assembly_Animation, 视图层
02:16.182  render           | Engine: EEVEE
02:16.224  render           | Fra: 545 | Rendering 1 / 32 samples
02:16.381  render           | Fra: 545 | Rendering 25 / 32 samples
02:16.427  render           | Fra: 545 | Rendering 32 / 32 samples
02:16.454  render           | Video append frame 545
02:16.454  render           | Time: 00:00.27 (Saving: 00:00.02)
02:16.454  render           | Rendering frame 546
02:16.454  render           | Start rendering: MORI_Assembly_Animation, 视图层
02:16.454  render           | Engine: EEVEE
02:16.503  render           | Fra: 546 | Rendering 1 / 32 samples
02:16.664  render           | Fra: 546 | Rendering 25 / 32 samples
02:16.709  render           | Fra: 546 | Rendering 32 / 32 samples
02:16.726  render           | Video append frame 546
02:16.726  render           | Time: 00:00.27 (Saving: 00:00.01)
02:16.726  render           | Rendering frame 547
02:16.726  render           | Start rendering: MORI_Assembly_Animation, 视图层
02:16.726  render           | Engine: EEVEE
02:16.817  render           | Fra: 547 | Rendering 1 / 32 samples
02:16.987  render           | Fra: 547 | Rendering 25 / 32 samples
02:17.035  render           | Fra: 547 | Rendering 32 / 32 samples
02:17.070  render           | Video append frame 547
02:17.070  render           | Time: 00:00.34 (Saving: 00:00.02)
02:17.070  render           | Rendering frame 548
02:17.070  render           | Start rendering: MORI_Assembly_Animation, 视图层
02:17.070  render           | Engine: EEVEE
02:17.136  render           | Fra: 548 | Rendering 1 / 32 samples
02:17.308  render           | Fra: 548 | Rendering 25 / 32 samples
02:17.358  render           | Fra: 548 | Rendering 32 / 32 samples
02:17.389  render           | Video append frame 548
02:17.389  render           | Time: 00:00.31 (Saving: 00:00.02)
02:17.390  render           | Rendering frame 549
02:17.390  render           | Start rendering: MORI_Assembly_Animation, 视图层
02:17.390  render           | Engine: EEVEE
02:17.456  render           | Fra: 549 | Rendering 1 / 32 samples
02:17.631  render           | Fra: 549 | Rendering 25 / 32 samples
02:17.681  render           | Fra: 549 | Rendering 32 / 32 samples
02:17.706  render           | Video append frame 549
02:17.706  render           | Time: 00:00.31 (Saving: 00:00.01)
02:17.706  render           | Rendering frame 550
02:17.707  render           | Start rendering: MORI_Assembly_Animation, 视图层
02:17.707  render           | Engine: EEVEE
02:17.770  render           | Fra: 550 | Rendering 1 / 32 samples
02:17.946  render           | Fra: 550 | Rendering 25 / 32 samples
02:17.995  render           | Fra: 550 | Rendering 32 / 32 samples
02:18.021  render           | Video append frame 550
02:18.021  render           | Time: 00:00.31 (Saving: 00:00.01)
02:18.021  render           | Rendering frame 551
02:18.022  render           | Start rendering: MORI_Assembly_Animation, 视图层
02:18.022  render           | Engine: EEVEE
02:18.081  render           | Fra: 551 | Rendering 1 / 32 samples
02:18.251  render           | Fra: 551 | Rendering 25 / 32 samples
02:18.299  render           | Fra: 551 | Rendering 32 / 32 samples
02:18.326  render           | Video append frame 551
02:18.326  render           | Time: 00:00.30 (Saving: 00:00.02)
02:18.326  render           | Rendering frame 552
02:18.327  render           | Start rendering: MORI_Assembly_Animation, 视图层
02:18.327  render           | Engine: EEVEE
02:18.383  render           | Fra: 552 | Rendering 1 / 32 samples
02:18.548  render           | Fra: 552 | Rendering 25 / 32 samples
02:18.595  render           | Fra: 552 | Rendering 32 / 32 samples
02:18.627  render           | Video append frame 552
02:18.627  render           | Time: 00:00.30 (Saving: 00:00.02)
02:18.627  render           | Rendering frame 553
02:18.627  render           | Start rendering: MORI_Assembly_Animation, 视图层
02:18.627  render           | Engine: EEVEE
02:18.679  render           | Fra: 553 | Rendering 1 / 32 samples
02:18.842  render           | Fra: 553 | Rendering 25 / 32 samples
02:18.890  render           | Fra: 553 | Rendering 32 / 32 samples
02:18.931  render           | Video append frame 553
02:18.931  render           | Time: 00:00.30 (Saving: 00:00.03)
02:18.931  render           | Rendering frame 554
02:18.931  render           | Start rendering: MORI_Assembly_Animation, 视图层
02:18.931  render           | Engine: EEVEE
02:18.990  render           | Fra: 554 | Rendering 1 / 32 samples
02:19.165  render           | Fra: 554 | Rendering 25 / 32 samples
02:19.215  render           | Fra: 554 | Rendering 32 / 32 samples
02:19.247  render           | Video append frame 554
02:19.247  render           | Time: 00:00.31 (Saving: 00:00.01)
02:19.247  render           | Rendering frame 555
02:19.247  render           | Start rendering: MORI_Assembly_Animation, 视图层
02:19.247  render           | Engine: EEVEE
02:19.306  render           | Fra: 555 | Rendering 1 / 32 samples
02:19.481  render           | Fra: 555 | Rendering 25 / 32 samples
02:19.534  render           | Fra: 555 | Rendering 32 / 32 samples
02:19.548  render           | Video append frame 555
02:19.548  render           | Time: 00:00.30 (Saving: 00:00.00)
02:19.548  render           | Rendering frame 556
02:19.548  render           | Start rendering: MORI_Assembly_Animation, 视图层
02:19.548  render           | Engine: EEVEE
02:19.632  render           | Fra: 556 | Rendering 1 / 32 samples
02:19.815  render           | Fra: 556 | Rendering 25 / 32 samples
02:19.866  render           | Fra: 556 | Rendering 32 / 32 samples
02:19.877  render           | Video append frame 556
02:19.877  render           | Time: 00:00.32 (Saving: 00:00.00)
02:19.877  render           | Rendering frame 557
02:19.877  render           | Start rendering: MORI_Assembly_Animation, 视图层
02:19.877  render           | Engine: EEVEE
02:19.935  render           | Fra: 557 | Rendering 1 / 32 samples
02:20.110  render           | Fra: 557 | Rendering 25 / 32 samples
02:20.160  render           | Fra: 557 | Rendering 32 / 32 samples
02:20.174  render           | Video append frame 557
02:20.174  render           | Time: 00:00.29 (Saving: 00:00.00)
02:20.174  render           | Rendering frame 558
02:20.174  render           | Start rendering: MORI_Assembly_Animation, 视图层
02:20.174  render           | Engine: EEVEE
02:20.233  render           | Fra: 558 | Rendering 1 / 32 samples
02:20.410  render           | Fra: 558 | Rendering 25 / 32 samples
02:20.460  render           | Fra: 558 | Rendering 32 / 32 samples
02:20.472  render           | Video append frame 558
02:20.473  render           | Time: 00:00.29 (Saving: 00:00.00)
02:20.473  render           | Rendering frame 559
02:20.473  render           | Start rendering: MORI_Assembly_Animation, 视图层
02:20.473  render           | Engine: EEVEE
02:20.533  render           | Fra: 559 | Rendering 1 / 32 samples
02:20.708  render           | Fra: 559 | Rendering 25 / 32 samples
02:20.756  render           | Fra: 559 | Rendering 32 / 32 samples
02:20.767  render           | Video append frame 559
02:20.767  render           | Time: 00:00.29 (Saving: 00:00.00)
02:20.767  render           | Rendering frame 560
02:20.767  render           | Start rendering: MORI_Assembly_Animation, 视图层
02:20.767  render           | Engine: EEVEE
02:20.821  render           | Fra: 560 | Rendering 1 / 32 samples
02:20.997  render           | Fra: 560 | Rendering 25 / 32 samples
02:21.048  render           | Fra: 560 | Rendering 32 / 32 samples
02:21.058  render           | Video append frame 560
02:21.058  render           | Time: 00:00.29 (Saving: 00:00.00)
02:21.058  render           | Rendering frame 561
02:21.058  render           | Start rendering: MORI_Assembly_Animation, 视图层
02:21.058  render           | Engine: EEVEE
02:21.117  render           | Fra: 561 | Rendering 1 / 32 samples
02:21.286  render           | Fra: 561 | Rendering 25 / 32 samples
02:21.334  render           | Fra: 561 | Rendering 32 / 32 samples
02:21.347  render           | Video append frame 561
02:21.347  render           | Time: 00:00.28 (Saving: 00:00.00)
02:21.347  render           | Rendering frame 562
02:21.347  render           | Start rendering: MORI_Assembly_Animation, 视图层
02:21.347  render           | Engine: EEVEE
02:21.406  render           | Fra: 562 | Rendering 1 / 32 samples
02:21.565  render           | Fra: 562 | Rendering 25 / 32 samples
02:21.604  render           | Fra: 562 | Rendering 32 / 32 samples
02:21.616  render           | Video append frame 562
02:21.616  render           | Time: 00:00.26 (Saving: 00:00.00)
02:21.616  render           | Rendering frame 563
02:21.616  render           | Start rendering: MORI_Assembly_Animation, 视图层
02:21.616  render           | Engine: EEVEE
02:21.668  render           | Fra: 563 | Rendering 1 / 32 samples
02:21.808  render           | Fra: 563 | Rendering 25 / 32 samples
02:21.849  render           | Fra: 563 | Rendering 32 / 32 samples
02:21.861  render           | Video append frame 563
02:21.861  render           | Time: 00:00.24 (Saving: 00:00.00)
02:21.861  render           | Rendering frame 564
02:21.862  render           | Start rendering: MORI_Assembly_Animation, 视图层
02:21.862  render           | Engine: EEVEE
02:21.924  render           | Fra: 564 | Rendering 1 / 32 samples
02:22.064  render           | Fra: 564 | Rendering 25 / 32 samples
02:22.105  render           | Fra: 564 | Rendering 32 / 32 samples
02:22.126  render           | Video append frame 564
02:22.126  render           | Time: 00:00.26 (Saving: 00:00.01)
02:22.126  render           | Rendering frame 565
02:22.126  render           | Start rendering: MORI_Assembly_Animation, 视图层
02:22.126  render           | Engine: EEVEE
02:22.188  render           | Fra: 565 | Rendering 1 / 32 samples
02:22.336  render           | Fra: 565 | Rendering 25 / 32 samples
02:22.378  render           | Fra: 565 | Rendering 32 / 32 samples
02:22.405  render           | Video append frame 565
02:22.405  render           | Time: 00:00.27 (Saving: 00:00.01)
02:22.405  render           | Rendering frame 566
02:22.405  render           | Start rendering: MORI_Assembly_Animation, 视图层
02:22.406  render           | Engine: EEVEE
02:22.466  render           | Fra: 566 | Rendering 1 / 32 samples
02:22.606  render           | Fra: 566 | Rendering 25 / 32 samples
02:22.648  render           | Fra: 566 | Rendering 32 / 32 samples
02:22.663  render           | Video append frame 566
02:22.663  render           | Time: 00:00.25 (Saving: 00:00.00)
02:22.663  render           | Rendering frame 567
02:22.663  render           | Start rendering: MORI_Assembly_Animation, 视图层
02:22.663  render           | Engine: EEVEE
02:22.735  render           | Fra: 567 | Rendering 1 / 32 samples
02:22.889  render           | Fra: 567 | Rendering 25 / 32 samples
02:22.935  render           | Fra: 567 | Rendering 32 / 32 samples
02:22.948  render           | Video append frame 567
02:22.948  render           | Time: 00:00.28 (Saving: 00:00.00)
02:22.948  render           | Rendering frame 568
02:22.948  render           | Start rendering: MORI_Assembly_Animation, 视图层
02:22.948  render           | Engine: EEVEE
02:23.011  render           | Fra: 568 | Rendering 1 / 32 samples
02:23.165  render           | Fra: 568 | Rendering 25 / 32 samples
02:23.211  render           | Fra: 568 | Rendering 32 / 32 samples
02:23.223  render           | Video append frame 568
02:23.223  render           | Time: 00:00.27 (Saving: 00:00.00)
02:23.223  render           | Rendering frame 569
02:23.223  render           | Start rendering: MORI_Assembly_Animation, 视图层
02:23.223  render           | Engine: EEVEE
02:23.282  render           | Fra: 569 | Rendering 1 / 32 samples
02:23.433  render           | Fra: 569 | Rendering 25 / 32 samples
02:23.479  render           | Fra: 569 | Rendering 32 / 32 samples
02:23.508  render           | Video append frame 569
02:23.508  render           | Time: 00:00.28 (Saving: 00:00.02)
02:23.508  render           | Rendering frame 570
02:23.508  render           | Start rendering: MORI_Assembly_Animation, 视图层
02:23.508  render           | Engine: EEVEE
02:23.560  render           | Fra: 570 | Rendering 1 / 32 samples
02:23.716  render           | Fra: 570 | Rendering 25 / 32 samples
02:23.762  render           | Fra: 570 | Rendering 32 / 32 samples
02:23.798  render           | Video append frame 570
02:23.798  render           | Time: 00:00.28 (Saving: 00:00.02)
02:23.798  render           | Rendering frame 571
02:23.799  render           | Start rendering: MORI_Assembly_Animation, 视图层
02:23.799  render           | Engine: EEVEE
02:23.858  render           | Fra: 571 | Rendering 1 / 32 samples
02:24.021  render           | Fra: 571 | Rendering 25 / 32 samples
02:24.067  render           | Fra: 571 | Rendering 32 / 32 samples
02:24.106  render           | Video append frame 571
02:24.106  render           | Time: 00:00.30 (Saving: 00:00.02)
02:24.106  render           | Rendering frame 572
02:24.106  render           | Start rendering: MORI_Assembly_Animation, 视图层
02:24.106  render           | Engine: EEVEE
02:24.165  render           | Fra: 572 | Rendering 1 / 32 samples
02:24.336  render           | Fra: 572 | Rendering 25 / 32 samples
02:24.386  render           | Fra: 572 | Rendering 32 / 32 samples
02:24.424  render           | Video append frame 572
02:24.424  render           | Time: 00:00.31 (Saving: 00:00.02)
02:24.424  render           | Rendering frame 573
02:24.424  render           | Start rendering: MORI_Assembly_Animation, 视图层
02:24.424  render           | Engine: EEVEE
02:24.480  render           | Fra: 573 | Rendering 1 / 32 samples
02:24.653  render           | Fra: 573 | Rendering 25 / 32 samples
02:24.703  render           | Fra: 573 | Rendering 32 / 32 samples
02:24.738  render           | Video append frame 573
02:24.739  render           | Time: 00:00.31 (Saving: 00:00.02)
02:24.739  render           | Rendering frame 574
02:24.739  render           | Start rendering: MORI_Assembly_Animation, 视图层
02:24.739  render           | Engine: EEVEE
02:24.800  render           | Fra: 574 | Rendering 1 / 32 samples
02:24.971  render           | Fra: 574 | Rendering 25 / 32 samples
02:25.021  render           | Fra: 574 | Rendering 32 / 32 samples
02:25.045  render           | Video append frame 574
02:25.045  render           | Time: 00:00.30 (Saving: 00:00.01)
02:25.045  render           | Rendering frame 575
02:25.045  render           | Start rendering: MORI_Assembly_Animation, 视图层
02:25.045  render           | Engine: EEVEE
02:25.112  render           | Fra: 575 | Rendering 1 / 32 samples
02:25.284  render           | Fra: 575 | Rendering 25 / 32 samples
02:25.333  render           | Fra: 575 | Rendering 32 / 32 samples
02:25.366  render           | Video append frame 575
02:25.366  render           | Time: 00:00.32 (Saving: 00:00.02)
02:25.366  render           | Rendering frame 576
02:25.366  render           | Start rendering: MORI_Assembly_Animation, 视图层
02:25.366  render           | Engine: EEVEE
02:25.427  render           | Fra: 576 | Rendering 1 / 32 samples
02:25.607  render           | Fra: 576 | Rendering 25 / 32 samples
02:25.657  render           | Fra: 576 | Rendering 32 / 32 samples
02:25.695  render           | Video append frame 576
02:25.695  render           | Time: 00:00.32 (Saving: 00:00.02)
02:25.695  render           | Rendering frame 577
02:25.695  render           | Start rendering: MORI_Assembly_Animation, 视图层
02:25.695  render           | Engine: EEVEE
02:25.751  render           | Fra: 577 | Rendering 1 / 32 samples
02:25.926  render           | Fra: 577 | Rendering 25 / 32 samples
02:25.975  render           | Fra: 577 | Rendering 32 / 32 samples
02:26.010  render           | Video append frame 577
02:26.010  render           | Time: 00:00.31 (Saving: 00:00.02)
02:26.010  render           | Rendering frame 578
02:26.010  render           | Start rendering: MORI_Assembly_Animation, 视图层
02:26.010  render           | Engine: EEVEE
02:26.067  render           | Fra: 578 | Rendering 1 / 32 samples
02:26.242  render           | Fra: 578 | Rendering 25 / 32 samples
02:26.291  render           | Fra: 578 | Rendering 32 / 32 samples
02:26.332  render           | Video append frame 578
02:26.332  render           | Time: 00:00.32 (Saving: 00:00.02)
02:26.332  render           | Rendering frame 579
02:26.332  render           | Start rendering: MORI_Assembly_Animation, 视图层
02:26.332  render           | Engine: EEVEE
02:26.390  render           | Fra: 579 | Rendering 1 / 32 samples
02:26.567  render           | Fra: 579 | Rendering 25 / 32 samples
02:26.617  render           | Fra: 579 | Rendering 32 / 32 samples
02:26.644  render           | Video append frame 579
02:26.644  render           | Time: 00:00.31 (Saving: 00:00.01)
02:26.644  render           | Rendering frame 580
02:26.644  render           | Start rendering: MORI_Assembly_Animation, 视图层
02:26.644  render           | Engine: EEVEE
02:26.700  render           | Fra: 580 | Rendering 1 / 32 samples
02:26.873  render           | Fra: 580 | Rendering 25 / 32 samples
02:26.921  render           | Fra: 580 | Rendering 32 / 32 samples
02:26.947  render           | Video append frame 580
02:26.947  render           | Time: 00:00.30 (Saving: 00:00.01)
02:26.947  render           | Rendering frame 581
02:26.947  render           | Start rendering: MORI_Assembly_Animation, 视图层
02:26.947  render           | Engine: EEVEE
02:27.002  render           | Fra: 581 | Rendering 1 / 32 samples
02:27.165  render           | Fra: 581 | Rendering 25 / 32 samples
02:27.211  render           | Fra: 581 | Rendering 32 / 32 samples
02:27.243  render           | Video append frame 581
02:27.243  render           | Time: 00:00.29 (Saving: 00:00.02)
02:27.243  render           | Rendering frame 582
02:27.243  render           | Start rendering: MORI_Assembly_Animation, 视图层
02:27.243  render           | Engine: EEVEE
02:27.301  render           | Fra: 582 | Rendering 1 / 32 samples
02:27.468  render           | Fra: 582 | Rendering 25 / 32 samples
02:27.516  render           | Fra: 582 | Rendering 32 / 32 samples
02:27.529  render           | Video append frame 582
02:27.529  render           | Time: 00:00.28 (Saving: 00:00.00)
02:27.529  render           | Rendering frame 583
02:27.529  render           | Start rendering: MORI_Assembly_Animation, 视图层
02:27.529  render           | Engine: EEVEE
02:27.584  render           | Fra: 583 | Rendering 1 / 32 samples
02:27.749  render           | Fra: 583 | Rendering 25 / 32 samples
02:27.796  render           | Fra: 583 | Rendering 32 / 32 samples
02:27.807  render           | Video append frame 583
02:27.807  render           | Time: 00:00.27 (Saving: 00:00.00)
02:27.807  render           | Rendering frame 584
02:27.807  render           | Start rendering: MORI_Assembly_Animation, 视图层
02:27.807  render           | Engine: EEVEE
02:27.859  render           | Fra: 584 | Rendering 1 / 32 samples
02:28.022  render           | Fra: 584 | Rendering 25 / 32 samples
02:28.069  render           | Fra: 584 | Rendering 32 / 32 samples
02:28.088  render           | Video append frame 584
02:28.088  render           | Time: 00:00.28 (Saving: 00:00.00)
02:28.088  render           | Rendering frame 585
02:28.088  render           | Start rendering: MORI_Assembly_Animation, 视图层
02:28.088  render           | Engine: EEVEE
02:28.139  render           | Fra: 585 | Rendering 1 / 32 samples
02:28.301  render           | Fra: 585 | Rendering 25 / 32 samples
02:28.349  render           | Fra: 585 | Rendering 32 / 32 samples
02:28.360  render           | Video append frame 585
02:28.361  render           | Time: 00:00.27 (Saving: 00:00.00)
02:28.361  render           | Rendering frame 586
02:28.361  render           | Start rendering: MORI_Assembly_Animation, 视图层
02:28.361  render           | Engine: EEVEE
02:28.413  render           | Fra: 586 | Rendering 1 / 32 samples
02:28.575  render           | Fra: 586 | Rendering 25 / 32 samples
02:28.622  render           | Fra: 586 | Rendering 32 / 32 samples
02:28.632  render           | Video append frame 586
02:28.632  render           | Time: 00:00.27 (Saving: 00:00.00)
02:28.632  render           | Rendering frame 587
02:28.632  render           | Start rendering: MORI_Assembly_Animation, 视图层
02:28.632  render           | Engine: EEVEE
02:28.683  render           | Fra: 587 | Rendering 1 / 32 samples
02:28.847  render           | Fra: 587 | Rendering 25 / 32 samples
02:28.899  render           | Fra: 587 | Rendering 32 / 32 samples
02:28.909  render           | Video append frame 587
02:28.909  render           | Time: 00:00.27 (Saving: 00:00.00)
02:28.909  render           | Rendering frame 588
02:28.909  render           | Start rendering: MORI_Assembly_Animation, 视图层
02:28.909  render           | Engine: EEVEE
02:28.962  render           | Fra: 588 | Rendering 1 / 32 samples
02:29.126  render           | Fra: 588 | Rendering 25 / 32 samples
02:29.175  render           | Fra: 588 | Rendering 32 / 32 samples
02:29.185  render           | Video append frame 588
02:29.185  render           | Time: 00:00.27 (Saving: 00:00.00)
02:29.185  render           | Rendering frame 589
02:29.185  render           | Start rendering: MORI_Assembly_Animation, 视图层
02:29.185  render           | Engine: EEVEE
02:29.247  render           | Fra: 589 | Rendering 1 / 32 samples
02:29.412  render           | Fra: 589 | Rendering 25 / 32 samples
02:29.459  render           | Fra: 589 | Rendering 32 / 32 samples
02:29.470  render           | Video append frame 589
02:29.470  render           | Time: 00:00.28 (Saving: 00:00.00)
02:29.470  render           | Rendering frame 590
02:29.470  render           | Start rendering: MORI_Assembly_Animation, 视图层
02:29.470  render           | Engine: EEVEE
02:29.523  render           | Fra: 590 | Rendering 1 / 32 samples
02:29.690  render           | Fra: 590 | Rendering 25 / 32 samples
02:29.737  render           | Fra: 590 | Rendering 32 / 32 samples
02:29.749  render           | Video append frame 590
02:29.749  render           | Time: 00:00.27 (Saving: 00:00.00)
02:29.749  render           | Rendering frame 591
02:29.749  render           | Start rendering: MORI_Assembly_Animation, 视图层
02:29.749  render           | Engine: EEVEE
02:29.802  render           | Fra: 591 | Rendering 1 / 32 samples
02:29.970  render           | Fra: 591 | Rendering 25 / 32 samples
02:30.018  render           | Fra: 591 | Rendering 32 / 32 samples
02:30.030  render           | Video append frame 591
02:30.030  render           | Time: 00:00.28 (Saving: 00:00.00)
02:30.030  render           | Rendering frame 592
02:30.030  render           | Start rendering: MORI_Assembly_Animation, 视图层
02:30.030  render           | Engine: EEVEE
02:30.081  render           | Fra: 592 | Rendering 1 / 32 samples
02:30.247  render           | Fra: 592 | Rendering 25 / 32 samples
02:30.295  render           | Fra: 592 | Rendering 32 / 32 samples
02:30.333  render           | Video append frame 592
02:30.333  render           | Time: 00:00.30 (Saving: 00:00.02)
02:30.333  render           | Rendering frame 593
02:30.333  render           | Start rendering: MORI_Assembly_Animation, 视图层
02:30.333  render           | Engine: EEVEE
02:30.384  render           | Fra: 593 | Rendering 1 / 32 samples
02:30.548  render           | Fra: 593 | Rendering 25 / 32 samples
02:30.595  render           | Fra: 593 | Rendering 32 / 32 samples
02:30.617  render           | Video append frame 593
02:30.617  render           | Time: 00:00.28 (Saving: 00:00.01)
02:30.617  render           | Rendering frame 594
02:30.617  render           | Start rendering: MORI_Assembly_Animation, 视图层
02:30.617  render           | Engine: EEVEE
02:30.676  render           | Fra: 594 | Rendering 1 / 32 samples
02:30.840  render           | Fra: 594 | Rendering 25 / 32 samples
02:30.888  render           | Fra: 594 | Rendering 32 / 32 samples
02:30.927  render           | Video append frame 594
02:30.927  render           | Time: 00:00.31 (Saving: 00:00.02)
02:30.927  render           | Rendering frame 595
02:30.927  render           | Start rendering: MORI_Assembly_Animation, 视图层
02:30.927  render           | Engine: EEVEE
02:30.991  render           | Fra: 595 | Rendering 1 / 32 samples
02:31.165  render           | Fra: 595 | Rendering 25 / 32 samples
02:31.215  render           | Fra: 595 | Rendering 32 / 32 samples
02:31.239  render           | Video append frame 595
02:31.239  render           | Time: 00:00.31 (Saving: 00:00.01)
02:31.239  render           | Rendering frame 596
02:31.239  render           | Start rendering: MORI_Assembly_Animation, 视图层
02:31.239  render           | Engine: EEVEE
02:31.301  render           | Fra: 596 | Rendering 1 / 32 samples
02:31.478  render           | Fra: 596 | Rendering 25 / 32 samples
02:31.527  render           | Fra: 596 | Rendering 32 / 32 samples
02:31.555  render           | Video append frame 596
02:31.555  render           | Time: 00:00.31 (Saving: 00:00.02)
02:31.555  render           | Rendering frame 597
02:31.555  render           | Start rendering: MORI_Assembly_Animation, 视图层
02:31.555  render           | Engine: EEVEE
02:31.615  render           | Fra: 597 | Rendering 1 / 32 samples
02:31.789  render           | Fra: 597 | Rendering 25 / 32 samples
02:31.837  render           | Fra: 597 | Rendering 32 / 32 samples
02:31.877  render           | Video append frame 597
02:31.877  render           | Time: 00:00.32 (Saving: 00:00.02)
02:31.877  render           | Rendering frame 598
02:31.877  render           | Start rendering: MORI_Assembly_Animation, 视图层
02:31.877  render           | Engine: EEVEE
02:31.937  render           | Fra: 598 | Rendering 1 / 32 samples
02:32.111  render           | Fra: 598 | Rendering 25 / 32 samples
02:32.159  render           | Fra: 598 | Rendering 32 / 32 samples
02:32.202  render           | Video append frame 598
02:32.202  render           | Time: 00:00.32 (Saving: 00:00.03)
02:32.202  render           | Rendering frame 599
02:32.202  render           | Start rendering: MORI_Assembly_Animation, 视图层
02:32.202  render           | Engine: EEVEE
02:32.262  render           | Fra: 599 | Rendering 1 / 32 samples
02:32.437  render           | Fra: 599 | Rendering 25 / 32 samples
02:32.486  render           | Fra: 599 | Rendering 32 / 32 samples
02:32.524  render           | Video append frame 599
02:32.524  render           | Time: 00:00.32 (Saving: 00:00.02)
02:32.525  render           | Rendering frame 600
02:32.525  render           | Start rendering: MORI_Assembly_Animation, 视图层
02:32.525  render           | Engine: EEVEE
02:32.583  render           | Fra: 600 | Rendering 1 / 32 samples
02:32.760  render           | Fra: 600 | Rendering 25 / 32 samples
02:32.810  render           | Fra: 600 | Rendering 32 / 32 samples
02:32.834  render           | Video append frame 600
02:32.834  render           | Time: 00:00.30 (Saving: 00:00.01)
02:32.834  render           | Rendering frame 601
02:32.834  render           | Start rendering: MORI_Assembly_Animation, 视图层
02:32.834  render           | Engine: EEVEE
02:32.892  render           | Fra: 601 | Rendering 1 / 32 samples
02:33.064  render           | Fra: 601 | Rendering 25 / 32 samples
02:33.112  render           | Fra: 601 | Rendering 32 / 32 samples
02:33.138  render           | Video append frame 601
02:33.138  render           | Time: 00:00.30 (Saving: 00:00.01)
02:33.138  render           | Rendering frame 602
02:33.138  render           | Start rendering: MORI_Assembly_Animation, 视图层
02:33.138  render           | Engine: EEVEE
02:33.194  render           | Fra: 602 | Rendering 1 / 32 samples
02:33.362  render           | Fra: 602 | Rendering 25 / 32 samples
02:33.410  render           | Fra: 602 | Rendering 32 / 32 samples
02:33.430  render           | Video append frame 602
02:33.430  render           | Time: 00:00.29 (Saving: 00:00.01)
02:33.430  render           | Rendering frame 603
02:33.430  render           | Start rendering: MORI_Assembly_Animation, 视图层
02:33.430  render           | Engine: EEVEE
02:33.489  render           | Fra: 603 | Rendering 1 / 32 samples
02:33.654  render           | Fra: 603 | Rendering 25 / 32 samples
02:33.702  render           | Fra: 603 | Rendering 32 / 32 samples
02:33.740  render           | Video append frame 603
02:33.740  render           | Time: 00:00.30 (Saving: 00:00.03)
02:33.740  render           | Rendering frame 604
02:33.740  render           | Start rendering: MORI_Assembly_Animation, 视图层
02:33.740  render           | Engine: EEVEE
02:33.792  render           | Fra: 604 | Rendering 1 / 32 samples
02:33.956  render           | Fra: 604 | Rendering 25 / 32 samples
02:34.004  render           | Fra: 604 | Rendering 32 / 32 samples
02:34.024  render           | Video append frame 604
02:34.024  render           | Time: 00:00.28 (Saving: 00:00.01)
02:34.024  render           | Rendering frame 605
02:34.024  render           | Start rendering: MORI_Assembly_Animation, 视图层
02:34.024  render           | Engine: EEVEE
02:34.081  render           | Fra: 605 | Rendering 1 / 32 samples
02:34.245  render           | Fra: 605 | Rendering 25 / 32 samples
02:34.292  render           | Fra: 605 | Rendering 32 / 32 samples
02:34.325  render           | Video append frame 605
02:34.325  render           | Time: 00:00.30 (Saving: 00:00.02)
02:34.325  render           | Rendering frame 606
02:34.325  render           | Start rendering: MORI_Assembly_Animation, 视图层
02:34.325  render           | Engine: EEVEE
02:34.382  render           | Fra: 606 | Rendering 1 / 32 samples
02:34.546  render           | Fra: 606 | Rendering 25 / 32 samples
02:34.594  render           | Fra: 606 | Rendering 32 / 32 samples
02:34.629  render           | Video append frame 606
02:34.629  render           | Time: 00:00.30 (Saving: 00:00.02)
02:34.629  render           | Rendering frame 607
02:34.629  render           | Start rendering: MORI_Assembly_Animation, 视图层
02:34.629  render           | Engine: EEVEE
02:34.685  render           | Fra: 607 | Rendering 1 / 32 samples
02:34.849  render           | Fra: 607 | Rendering 25 / 32 samples
02:34.897  render           | Fra: 607 | Rendering 32 / 32 samples
02:34.928  render           | Video append frame 607
02:34.928  render           | Time: 00:00.29 (Saving: 00:00.02)
02:34.928  render           | Rendering frame 608
02:34.928  render           | Start rendering: MORI_Assembly_Animation, 视图层
02:34.928  render           | Engine: EEVEE
02:34.986  render           | Fra: 608 | Rendering 1 / 32 samples
02:35.150  render           | Fra: 608 | Rendering 25 / 32 samples
02:35.198  render           | Fra: 608 | Rendering 32 / 32 samples
02:35.229  render           | Video append frame 608
02:35.229  render           | Time: 00:00.30 (Saving: 00:00.02)
02:35.229  render           | Rendering frame 609
02:35.230  render           | Start rendering: MORI_Assembly_Animation, 视图层
02:35.230  render           | Engine: EEVEE
02:35.284  render           | Fra: 609 | Rendering 1 / 32 samples
02:35.451  render           | Fra: 609 | Rendering 25 / 32 samples
02:35.499  render           | Fra: 609 | Rendering 32 / 32 samples
02:35.510  render           | Video append frame 609
02:35.510  render           | Time: 00:00.28 (Saving: 00:00.00)
02:35.510  render           | Rendering frame 610
02:35.510  render           | Start rendering: MORI_Assembly_Animation, 视图层
02:35.510  render           | Engine: EEVEE
02:35.565  render           | Fra: 610 | Rendering 1 / 32 samples
02:35.728  render           | Fra: 610 | Rendering 25 / 32 samples
02:35.774  render           | Fra: 610 | Rendering 32 / 32 samples
02:35.785  render           | Video append frame 610
02:35.785  render           | Time: 00:00.27 (Saving: 00:00.00)
02:35.785  render           | Rendering frame 611
02:35.785  render           | Start rendering: MORI_Assembly_Animation, 视图层
02:35.785  render           | Engine: EEVEE
02:35.837  render           | Fra: 611 | Rendering 1 / 32 samples
02:36.002  render           | Fra: 611 | Rendering 25 / 32 samples
02:36.049  render           | Fra: 611 | Rendering 32 / 32 samples
02:36.059  render           | Video append frame 611
02:36.059  render           | Time: 00:00.27 (Saving: 00:00.00)
02:36.059  render           | Rendering frame 612
02:36.059  render           | Start rendering: MORI_Assembly_Animation, 视图层
02:36.059  render           | Engine: EEVEE
02:36.107  render           | Fra: 612 | Rendering 1 / 32 samples
02:36.270  render           | Fra: 612 | Rendering 25 / 32 samples
02:36.317  render           | Fra: 612 | Rendering 32 / 32 samples
02:36.327  render           | Video append frame 612
02:36.327  render           | Time: 00:00.26 (Saving: 00:00.00)
02:36.327  render           | Rendering frame 613
02:36.328  render           | Start rendering: MORI_Assembly_Animation, 视图层
02:36.328  render           | Engine: EEVEE
02:36.386  render           | Fra: 613 | Rendering 1 / 32 samples
02:36.529  render           | Fra: 613 | Rendering 25 / 32 samples
02:36.570  render           | Fra: 613 | Rendering 32 / 32 samples
02:36.581  render           | Video append frame 613
02:36.581  render           | Time: 00:00.25 (Saving: 00:00.00)
02:36.581  render           | Rendering frame 614
02:36.581  render           | Start rendering: MORI_Assembly_Animation, 视图层
02:36.581  render           | Engine: EEVEE
02:36.630  render           | Fra: 614 | Rendering 1 / 32 samples
02:36.777  render           | Fra: 614 | Rendering 25 / 32 samples
02:36.825  render           | Fra: 614 | Rendering 32 / 32 samples
02:36.836  render           | Video append frame 614
02:36.836  render           | Time: 00:00.25 (Saving: 00:00.00)
02:36.836  render           | Rendering frame 615
02:36.836  render           | Start rendering: MORI_Assembly_Animation, 视图层
02:36.836  render           | Engine: EEVEE
02:36.886  render           | Fra: 615 | Rendering 1 / 32 samples
02:37.039  render           | Fra: 615 | Rendering 25 / 32 samples
02:37.081  render           | Fra: 615 | Rendering 32 / 32 samples
02:37.093  render           | Video append frame 615
02:37.093  render           | Time: 00:00.25 (Saving: 00:00.00)
02:37.093  render           | Rendering frame 616
02:37.093  render           | Start rendering: MORI_Assembly_Animation, 视图层
02:37.093  render           | Engine: EEVEE
02:37.207  render           | Fra: 616 | Rendering 1 / 32 samples
02:37.378  render           | Fra: 616 | Rendering 25 / 32 samples
02:37.425  render           | Fra: 616 | Rendering 32 / 32 samples
02:37.436  render           | Video append frame 616
02:37.436  render           | Time: 00:00.34 (Saving: 00:00.00)
02:37.436  render           | Rendering frame 617
02:37.436  render           | Start rendering: MORI_Assembly_Animation, 视图层
02:37.436  render           | Engine: EEVEE
02:37.487  render           | Fra: 617 | Rendering 1 / 32 samples
02:37.653  render           | Fra: 617 | Rendering 25 / 32 samples
02:37.702  render           | Fra: 617 | Rendering 32 / 32 samples
02:37.714  render           | Video append frame 617
02:37.714  render           | Time: 00:00.27 (Saving: 00:00.00)
02:37.714  render           | Rendering frame 618
02:37.714  render           | Start rendering: MORI_Assembly_Animation, 视图层
02:37.714  render           | Engine: EEVEE
02:37.775  render           | Fra: 618 | Rendering 1 / 32 samples
02:37.942  render           | Fra: 618 | Rendering 25 / 32 samples
02:37.989  render           | Fra: 618 | Rendering 32 / 32 samples
02:38.000  render           | Video append frame 618
02:38.000  render           | Time: 00:00.28 (Saving: 00:00.00)
02:38.001  render           | Rendering frame 619
02:38.001  render           | Start rendering: MORI_Assembly_Animation, 视图层
02:38.001  render           | Engine: EEVEE
02:38.060  render           | Fra: 619 | Rendering 1 / 32 samples
02:38.226  render           | Fra: 619 | Rendering 25 / 32 samples
02:38.274  render           | Fra: 619 | Rendering 32 / 32 samples
02:38.284  render           | Video append frame 619
02:38.284  render           | Time: 00:00.28 (Saving: 00:00.00)
02:38.284  render           | Rendering frame 620
02:38.284  render           | Start rendering: MORI_Assembly_Animation, 视图层
02:38.284  render           | Engine: EEVEE
02:38.335  render           | Fra: 620 | Rendering 1 / 32 samples
02:38.497  render           | Fra: 620 | Rendering 25 / 32 samples
02:38.544  render           | Fra: 620 | Rendering 32 / 32 samples
02:38.571  render           | Video append frame 620
02:38.571  render           | Time: 00:00.28 (Saving: 00:00.01)
02:38.571  render           | Rendering frame 621
02:38.571  render           | Start rendering: MORI_Assembly_Animation, 视图层
02:38.571  render           | Engine: EEVEE
02:38.630  render           | Fra: 621 | Rendering 1 / 32 samples
02:38.791  render           | Fra: 621 | Rendering 25 / 32 samples
02:38.838  render           | Fra: 621 | Rendering 32 / 32 samples
02:38.861  render           | Video append frame 621
02:38.861  render           | Time: 00:00.29 (Saving: 00:00.01)
02:38.861  render           | Rendering frame 622
02:38.861  render           | Start rendering: MORI_Assembly_Animation, 视图层
02:38.861  render           | Engine: EEVEE
02:38.918  render           | Fra: 622 | Rendering 1 / 32 samples
02:39.085  render           | Fra: 622 | Rendering 25 / 32 samples
02:39.131  render           | Fra: 622 | Rendering 32 / 32 samples
02:39.172  render           | Video append frame 622
02:39.172  render           | Time: 00:00.31 (Saving: 00:00.03)
02:39.172  render           | Rendering frame 623
02:39.172  render           | Start rendering: MORI_Assembly_Animation, 视图层
02:39.172  render           | Engine: EEVEE
02:39.229  render           | Fra: 623 | Rendering 1 / 32 samples
02:39.394  render           | Fra: 623 | Rendering 25 / 32 samples
02:39.442  render           | Fra: 623 | Rendering 32 / 32 samples
02:39.476  render           | Video append frame 623
02:39.476  render           | Time: 00:00.30 (Saving: 00:00.02)
02:39.476  render           | Rendering frame 624
02:39.477  render           | Start rendering: MORI_Assembly_Animation, 视图层
02:39.477  render           | Engine: EEVEE
02:39.533  render           | Fra: 624 | Rendering 1 / 32 samples
02:39.697  render           | Fra: 624 | Rendering 25 / 32 samples
02:39.745  render           | Fra: 624 | Rendering 32 / 32 samples
02:39.775  render           | Video append frame 624
02:39.775  render           | Time: 00:00.29 (Saving: 00:00.02)
02:39.775  render           | Rendering frame 625
02:39.775  render           | Start rendering: MORI_Assembly_Animation, 视图层
02:39.775  render           | Engine: EEVEE
02:39.827  render           | Fra: 625 | Rendering 1 / 32 samples
02:39.992  render           | Fra: 625 | Rendering 25 / 32 samples
02:40.040  render           | Fra: 625 | Rendering 32 / 32 samples
02:40.067  render           | Video append frame 625
02:40.067  render           | Time: 00:00.29 (Saving: 00:00.02)
02:40.067  render           | Rendering frame 626
02:40.067  render           | Start rendering: MORI_Assembly_Animation, 视图层
02:40.067  render           | Engine: EEVEE
02:40.124  render           | Fra: 626 | Rendering 1 / 32 samples
02:40.298  render           | Fra: 626 | Rendering 25 / 32 samples
02:40.348  render           | Fra: 626 | Rendering 32 / 32 samples
02:40.375  render           | Video append frame 626
02:40.375  render           | Time: 00:00.30 (Saving: 00:00.02)
02:40.375  render           | Rendering frame 627
02:40.375  render           | Start rendering: MORI_Assembly_Animation, 视图层
02:40.375  render           | Engine: EEVEE
02:40.432  render           | Fra: 627 | Rendering 1 / 32 samples
02:40.611  render           | Fra: 627 | Rendering 25 / 32 samples
02:40.661  render           | Fra: 627 | Rendering 32 / 32 samples
02:40.688  render           | Video append frame 627
02:40.688  render           | Time: 00:00.31 (Saving: 00:00.02)
02:40.688  render           | Rendering frame 628
02:40.689  render           | Start rendering: MORI_Assembly_Animation, 视图层
02:40.689  render           | Engine: EEVEE
02:40.744  render           | Fra: 628 | Rendering 1 / 32 samples
02:40.923  render           | Fra: 628 | Rendering 25 / 32 samples
02:40.973  render           | Fra: 628 | Rendering 32 / 32 samples
02:40.989  render           | Video append frame 628
02:40.989  render           | Time: 00:00.30 (Saving: 00:00.01)
02:40.989  render           | Rendering frame 629
02:40.989  render           | Start rendering: MORI_Assembly_Animation, 视图层
02:40.989  render           | Engine: EEVEE
02:41.048  render           | Fra: 629 | Rendering 1 / 32 samples
02:41.221  render           | Fra: 629 | Rendering 25 / 32 samples
02:41.270  render           | Fra: 629 | Rendering 32 / 32 samples
02:41.283  render           | Video append frame 629
02:41.283  render           | Time: 00:00.29 (Saving: 00:00.00)
02:41.283  render           | Rendering frame 630
02:41.283  render           | Start rendering: MORI_Assembly_Animation, 视图层
02:41.283  render           | Engine: EEVEE
02:41.339  render           | Fra: 630 | Rendering 1 / 32 samples
02:41.503  render           | Fra: 630 | Rendering 25 / 32 samples
02:41.549  render           | Fra: 630 | Rendering 32 / 32 samples
02:41.560  render           | Video append frame 630
02:41.560  render           | Time: 00:00.27 (Saving: 00:00.00)
02:41.560  render           | Rendering frame 631
02:41.560  render           | Start rendering: MORI_Assembly_Animation, 视图层
02:41.560  render           | Engine: EEVEE
02:41.610  render           | Fra: 631 | Rendering 1 / 32 samples
02:41.771  render           | Fra: 631 | Rendering 25 / 32 samples
02:41.821  render           | Fra: 631 | Rendering 32 / 32 samples
02:41.831  render           | Video append frame 631
02:41.831  render           | Time: 00:00.27 (Saving: 00:00.00)
02:41.831  render           | Rendering frame 632
02:41.831  render           | Start rendering: MORI_Assembly_Animation, 视图层
02:41.831  render           | Engine: EEVEE
02:41.880  render           | Fra: 632 | Rendering 1 / 32 samples
02:42.042  render           | Fra: 632 | Rendering 25 / 32 samples
02:42.089  render           | Fra: 632 | Rendering 32 / 32 samples
02:42.099  render           | Video append frame 632
02:42.099  render           | Time: 00:00.26 (Saving: 00:00.00)
02:42.099  render           | Rendering frame 633
02:42.099  render           | Start rendering: MORI_Assembly_Animation, 视图层
02:42.099  render           | Engine: EEVEE
02:42.148  render           | Fra: 633 | Rendering 1 / 32 samples
02:42.316  render           | Fra: 633 | Rendering 25 / 32 samples
02:42.363  render           | Fra: 633 | Rendering 32 / 32 samples
02:42.372  render           | Video append frame 633
02:42.372  render           | Time: 00:00.27 (Saving: 00:00.00)
02:42.372  render           | Rendering frame 634
02:42.372  render           | Start rendering: MORI_Assembly_Animation, 视图层
02:42.372  render           | Engine: EEVEE
02:42.419  render           | Fra: 634 | Rendering 1 / 32 samples
02:42.585  render           | Fra: 634 | Rendering 25 / 32 samples
02:42.633  render           | Fra: 634 | Rendering 32 / 32 samples
02:42.642  render           | Video append frame 634
02:42.642  render           | Time: 00:00.26 (Saving: 00:00.00)
02:42.642  render           | Rendering frame 635
02:42.642  render           | Start rendering: MORI_Assembly_Animation, 视图层
02:42.642  render           | Engine: EEVEE
02:42.694  render           | Fra: 635 | Rendering 1 / 32 samples
02:42.859  render           | Fra: 635 | Rendering 25 / 32 samples
02:42.908  render           | Fra: 635 | Rendering 32 / 32 samples
02:42.920  render           | Video append frame 635
02:42.920  render           | Time: 00:00.27 (Saving: 00:00.00)
02:42.920  render           | Rendering frame 636
02:42.920  render           | Start rendering: MORI_Assembly_Animation, 视图层
02:42.921  render           | Engine: EEVEE
02:42.975  render           | Fra: 636 | Rendering 1 / 32 samples
02:43.143  render           | Fra: 636 | Rendering 25 / 32 samples
02:43.190  render           | Fra: 636 | Rendering 32 / 32 samples
02:43.201  render           | Video append frame 636
02:43.201  render           | Time: 00:00.28 (Saving: 00:00.00)
02:43.201  render           | Rendering frame 637
02:43.201  render           | Start rendering: MORI_Assembly_Animation, 视图层
02:43.201  render           | Engine: EEVEE
02:43.263  render           | Fra: 637 | Rendering 1 / 32 samples
02:43.428  render           | Fra: 637 | Rendering 25 / 32 samples
02:43.476  render           | Fra: 637 | Rendering 32 / 32 samples
02:43.486  render           | Video append frame 637
02:43.486  render           | Time: 00:00.28 (Saving: 00:00.00)
02:43.486  render           | Rendering frame 638
02:43.486  render           | Start rendering: MORI_Assembly_Animation, 视图层
02:43.486  render           | Engine: EEVEE
02:43.563  render           | Fra: 638 | Rendering 1 / 32 samples
02:43.730  render           | Fra: 638 | Rendering 25 / 32 samples
02:43.778  render           | Fra: 638 | Rendering 32 / 32 samples
02:43.788  render           | Video append frame 638
02:43.788  render           | Time: 00:00.30 (Saving: 00:00.00)
02:43.788  render           | Rendering frame 639
02:43.789  render           | Start rendering: MORI_Assembly_Animation, 视图层
02:43.789  render           | Engine: EEVEE
02:43.849  render           | Fra: 639 | Rendering 1 / 32 samples
02:44.017  render           | Fra: 639 | Rendering 25 / 32 samples
02:44.064  render           | Fra: 639 | Rendering 32 / 32 samples
02:44.088  render           | Video append frame 639
02:44.088  render           | Time: 00:00.29 (Saving: 00:00.01)
02:44.088  render           | Rendering frame 640
02:44.088  render           | Start rendering: MORI_Assembly_Animation, 视图层
02:44.088  render           | Engine: EEVEE
02:44.140  render           | Fra: 640 | Rendering 1 / 32 samples
02:44.303  render           | Fra: 640 | Rendering 25 / 32 samples
02:44.348  render           | Fra: 640 | Rendering 32 / 32 samples
02:44.378  render           | Video append frame 640
02:44.378  render           | Time: 00:00.28 (Saving: 00:00.01)
02:44.378  render           | Rendering frame 641
02:44.378  render           | Start rendering: MORI_Assembly_Animation, 视图层
02:44.378  render           | Engine: EEVEE
02:44.433  render           | Fra: 641 | Rendering 1 / 32 samples
02:44.597  render           | Fra: 641 | Rendering 25 / 32 samples
02:44.645  render           | Fra: 641 | Rendering 32 / 32 samples
02:44.675  render           | Video append frame 641
02:44.675  render           | Time: 00:00.29 (Saving: 00:00.02)
02:44.675  render           | Rendering frame 642
02:44.675  render           | Start rendering: MORI_Assembly_Animation, 视图层
02:44.675  render           | Engine: EEVEE
02:44.733  render           | Fra: 642 | Rendering 1 / 32 samples
02:44.912  render           | Fra: 642 | Rendering 25 / 32 samples
02:44.964  render           | Fra: 642 | Rendering 32 / 32 samples
02:44.998  render           | Video append frame 642
02:44.998  render           | Time: 00:00.32 (Saving: 00:00.01)
02:44.998  render           | Rendering frame 643
02:44.998  render           | Start rendering: MORI_Assembly_Animation, 视图层
02:44.998  render           | Engine: EEVEE
02:45.056  render           | Fra: 643 | Rendering 1 / 32 samples
02:45.234  render           | Fra: 643 | Rendering 25 / 32 samples
02:45.286  render           | Fra: 643 | Rendering 32 / 32 samples
02:45.335  render           | Video append frame 643
02:45.335  render           | Time: 00:00.33 (Saving: 00:00.03)
02:45.335  render           | Rendering frame 644
02:45.335  render           | Start rendering: MORI_Assembly_Animation, 视图层
02:45.335  render           | Engine: EEVEE
02:45.393  render           | Fra: 644 | Rendering 1 / 32 samples
02:45.572  render           | Fra: 644 | Rendering 25 / 32 samples
02:45.623  render           | Fra: 644 | Rendering 32 / 32 samples
02:45.659  render           | Video append frame 644
02:45.659  render           | Time: 00:00.32 (Saving: 00:00.02)
02:45.659  render           | Rendering frame 645
02:45.659  render           | Start rendering: MORI_Assembly_Animation, 视图层
02:45.659  render           | Engine: EEVEE
02:45.718  render           | Fra: 645 | Rendering 1 / 32 samples
02:45.893  render           | Fra: 645 | Rendering 25 / 32 samples
02:45.945  render           | Fra: 645 | Rendering 32 / 32 samples
02:45.975  render           | Video append frame 645
02:45.975  render           | Time: 00:00.31 (Saving: 00:00.02)
02:45.975  render           | Rendering frame 646
02:45.975  render           | Start rendering: MORI_Assembly_Animation, 视图层
02:45.975  render           | Engine: EEVEE
02:46.032  render           | Fra: 646 | Rendering 1 / 32 samples
02:46.205  render           | Fra: 646 | Rendering 25 / 32 samples
02:46.257  render           | Fra: 646 | Rendering 32 / 32 samples
02:46.291  render           | Video append frame 646
02:46.291  render           | Time: 00:00.31 (Saving: 00:00.02)
02:46.291  render           | Rendering frame 647
02:46.291  render           | Start rendering: MORI_Assembly_Animation, 视图层
02:46.291  render           | Engine: EEVEE
02:46.347  render           | Fra: 647 | Rendering 1 / 32 samples
02:46.524  render           | Fra: 647 | Rendering 25 / 32 samples
02:46.575  render           | Fra: 647 | Rendering 32 / 32 samples
02:46.613  render           | Video append frame 647
02:46.613  render           | Time: 00:00.32 (Saving: 00:00.02)
02:46.613  render           | Rendering frame 648
02:46.613  render           | Start rendering: MORI_Assembly_Animation, 视图层
02:46.613  render           | Engine: EEVEE
02:46.669  render           | Fra: 648 | Rendering 1 / 32 samples
02:46.847  render           | Fra: 648 | Rendering 25 / 32 samples
02:46.897  render           | Fra: 648 | Rendering 32 / 32 samples
02:46.936  render           | Video append frame 648
02:46.936  render           | Time: 00:00.32 (Saving: 00:00.02)
02:46.936  render           | Rendering frame 649
02:46.936  render           | Start rendering: MORI_Assembly_Animation, 视图层
02:46.936  render           | Engine: EEVEE
02:46.993  render           | Fra: 649 | Rendering 1 / 32 samples
02:47.171  render           | Fra: 649 | Rendering 25 / 32 samples
02:47.220  render           | Fra: 649 | Rendering 32 / 32 samples
02:47.248  render           | Video append frame 649
02:47.248  render           | Time: 00:00.31 (Saving: 00:00.02)
02:47.248  render           | Rendering frame 650
02:47.248  render           | Start rendering: MORI_Assembly_Animation, 视图层
02:47.248  render           | Engine: EEVEE
02:47.302  render           | Fra: 650 | Rendering 1 / 32 samples
02:47.480  render           | Fra: 650 | Rendering 25 / 32 samples
02:47.531  render           | Fra: 650 | Rendering 32 / 32 samples
02:47.575  render           | Video append frame 650
02:47.575  render           | Time: 00:00.32 (Saving: 00:00.02)
02:47.575  render           | Rendering frame 651
02:47.575  render           | Start rendering: MORI_Assembly_Animation, 视图层
02:47.575  render           | Engine: EEVEE
02:47.628  render           | Fra: 651 | Rendering 1 / 32 samples
02:47.810  render           | Fra: 651 | Rendering 25 / 32 samples
02:47.861  render           | Fra: 651 | Rendering 32 / 32 samples
02:47.889  render           | Video append frame 651
02:47.889  render           | Time: 00:00.31 (Saving: 00:00.02)
02:47.889  render           | Rendering frame 652
02:47.889  render           | Start rendering: MORI_Assembly_Animation, 视图层
02:47.889  render           | Engine: EEVEE
02:47.945  render           | Fra: 652 | Rendering 1 / 32 samples
02:48.120  render           | Fra: 652 | Rendering 25 / 32 samples
02:48.171  render           | Fra: 652 | Rendering 32 / 32 samples
02:48.212  render           | Video append frame 652
02:48.212  render           | Time: 00:00.32 (Saving: 00:00.03)
02:48.212  render           | Rendering frame 653
02:48.212  render           | Start rendering: MORI_Assembly_Animation, 视图层
02:48.212  render           | Engine: EEVEE
02:48.267  render           | Fra: 653 | Rendering 1 / 32 samples
02:48.439  render           | Fra: 653 | Rendering 25 / 32 samples
02:48.490  render           | Fra: 653 | Rendering 32 / 32 samples
02:48.522  render           | Video append frame 653
02:48.522  render           | Time: 00:00.30 (Saving: 00:00.02)
02:48.522  render           | Rendering frame 654
02:48.522  render           | Start rendering: MORI_Assembly_Animation, 视图层
02:48.522  render           | Engine: EEVEE
02:48.577  render           | Fra: 654 | Rendering 1 / 32 samples
02:48.750  render           | Fra: 654 | Rendering 25 / 32 samples
02:48.800  render           | Fra: 654 | Rendering 32 / 32 samples
02:48.837  render           | Video append frame 654
02:48.837  render           | Time: 00:00.31 (Saving: 00:00.02)
02:48.837  render           | Rendering frame 655
02:48.837  render           | Start rendering: MORI_Assembly_Animation, 视图层
02:48.837  render           | Engine: EEVEE
02:48.896  render           | Fra: 655 | Rendering 1 / 32 samples
02:49.072  render           | Fra: 655 | Rendering 25 / 32 samples
02:49.124  render           | Fra: 655 | Rendering 32 / 32 samples
02:49.153  render           | Video append frame 655
02:49.153  render           | Time: 00:00.31 (Saving: 00:00.01)
02:49.153  render           | Rendering frame 656
02:49.153  render           | Start rendering: MORI_Assembly_Animation, 视图层
02:49.153  render           | Engine: EEVEE
02:49.210  render           | Fra: 656 | Rendering 1 / 32 samples
02:49.384  render           | Fra: 656 | Rendering 25 / 32 samples
02:49.432  render           | Fra: 656 | Rendering 32 / 32 samples
02:49.449  render           | Video append frame 656
02:49.449  render           | Time: 00:00.29 (Saving: 00:00.01)
02:49.449  render           | Rendering frame 657
02:49.449  render           | Start rendering: MORI_Assembly_Animation, 视图层
02:49.449  render           | Engine: EEVEE
02:49.508  render           | Fra: 657 | Rendering 1 / 32 samples
02:49.682  render           | Fra: 657 | Rendering 25 / 32 samples
02:49.732  render           | Fra: 657 | Rendering 32 / 32 samples
02:49.756  render           | Video append frame 657
02:49.756  render           | Time: 00:00.30 (Saving: 00:00.01)
02:49.756  render           | Rendering frame 658
02:49.756  render           | Start rendering: MORI_Assembly_Animation, 视图层
02:49.756  render           | Engine: EEVEE
02:49.813  render           | Fra: 658 | Rendering 1 / 32 samples
02:49.984  render           | Fra: 658 | Rendering 25 / 32 samples
02:50.036  render           | Fra: 658 | Rendering 32 / 32 samples
02:50.075  render           | Video append frame 658
02:50.075  render           | Time: 00:00.31 (Saving: 00:00.02)
02:50.075  render           | Rendering frame 659
02:50.076  render           | Start rendering: MORI_Assembly_Animation, 视图层
02:50.076  render           | Engine: EEVEE
02:50.128  render           | Fra: 659 | Rendering 1 / 32 samples
02:50.303  render           | Fra: 659 | Rendering 25 / 32 samples
02:50.354  render           | Fra: 659 | Rendering 32 / 32 samples
02:50.397  render           | Video append frame 659
02:50.397  render           | Time: 00:00.32 (Saving: 00:00.03)
02:50.397  render           | Rendering frame 660
02:50.397  render           | Start rendering: MORI_Assembly_Animation, 视图层
02:50.397  render           | Engine: EEVEE
02:50.454  render           | Fra: 660 | Rendering 1 / 32 samples
02:50.632  render           | Fra: 660 | Rendering 25 / 32 samples
02:50.682  render           | Fra: 660 | Rendering 32 / 32 samples
02:50.709  render           | Video append frame 660
02:50.709  render           | Time: 00:00.31 (Saving: 00:00.02)
02:50.709  render           | Rendering frame 661
02:50.709  render           | Start rendering: MORI_Assembly_Animation, 视图层
02:50.709  render           | Engine: EEVEE
02:50.768  render           | Fra: 661 | Rendering 1 / 32 samples
02:50.944  render           | Fra: 661 | Rendering 25 / 32 samples
02:50.996  render           | Fra: 661 | Rendering 32 / 32 samples
02:51.048  render           | Video append frame 661
02:51.048  render           | Time: 00:00.33 (Saving: 00:00.04)
02:51.048  render           | Rendering frame 662
02:51.048  render           | Start rendering: MORI_Assembly_Animation, 视图层
02:51.048  render           | Engine: EEVEE
02:51.107  render           | Fra: 662 | Rendering 1 / 32 samples
02:51.280  render           | Fra: 662 | Rendering 25 / 32 samples
02:51.330  render           | Fra: 662 | Rendering 32 / 32 samples
02:51.374  render           | Video append frame 662
02:51.374  render           | Time: 00:00.32 (Saving: 00:00.03)
02:51.374  render           | Rendering frame 663
02:51.374  render           | Start rendering: MORI_Assembly_Animation, 视图层
02:51.374  render           | Engine: EEVEE
02:51.431  render           | Fra: 663 | Rendering 1 / 32 samples
02:51.609  render           | Fra: 663 | Rendering 25 / 32 samples
02:51.658  render           | Fra: 663 | Rendering 32 / 32 samples
02:51.712  render           | Video append frame 663
02:51.712  render           | Time: 00:00.33 (Saving: 00:00.04)
02:51.712  render           | Rendering frame 664
02:51.712  render           | Start rendering: MORI_Assembly_Animation, 视图层
02:51.712  render           | Engine: EEVEE
02:51.768  render           | Fra: 664 | Rendering 1 / 32 samples
02:51.944  render           | Fra: 664 | Rendering 25 / 32 samples
02:51.993  render           | Fra: 664 | Rendering 32 / 32 samples
02:52.034  render           | Video append frame 664
02:52.034  render           | Time: 00:00.32 (Saving: 00:00.02)
02:52.034  render           | Rendering frame 665
02:52.034  render           | Start rendering: MORI_Assembly_Animation, 视图层
02:52.034  render           | Engine: EEVEE
02:52.089  render           | Fra: 665 | Rendering 1 / 32 samples
02:52.265  render           | Fra: 665 | Rendering 25 / 32 samples
02:52.318  render           | Fra: 665 | Rendering 32 / 32 samples
02:52.331  render           | Video append frame 665
02:52.332  render           | Time: 00:00.29 (Saving: 00:00.00)
02:52.332  render           | Rendering frame 666
02:52.332  render           | Start rendering: MORI_Assembly_Animation, 视图层
02:52.332  render           | Engine: EEVEE
02:52.384  render           | Fra: 666 | Rendering 1 / 32 samples
02:52.570  render           | Fra: 666 | Rendering 25 / 32 samples
02:52.623  render           | Fra: 666 | Rendering 32 / 32 samples
02:52.633  render           | Video append frame 666
02:52.633  render           | Time: 00:00.30 (Saving: 00:00.00)
02:52.633  render           | Rendering frame 667
02:52.633  render           | Start rendering: MORI_Assembly_Animation, 视图层
02:52.633  render           | Engine: EEVEE
02:52.682  render           | Fra: 667 | Rendering 1 / 32 samples
02:52.857  render           | Fra: 667 | Rendering 25 / 32 samples
02:52.909  render           | Fra: 667 | Rendering 32 / 32 samples
02:52.919  render           | Video append frame 667
02:52.919  render           | Time: 00:00.28 (Saving: 00:00.00)
02:52.919  render           | Rendering frame 668
02:52.919  render           | Start rendering: MORI_Assembly_Animation, 视图层
02:52.919  render           | Engine: EEVEE
02:52.967  render           | Fra: 668 | Rendering 1 / 32 samples
02:53.140  render           | Fra: 668 | Rendering 25 / 32 samples
02:53.192  render           | Fra: 668 | Rendering 32 / 32 samples
02:53.201  render           | Video append frame 668
02:53.201  render           | Time: 00:00.28 (Saving: 00:00.00)
02:53.201  render           | Rendering frame 669
02:53.201  render           | Start rendering: MORI_Assembly_Animation, 视图层
02:53.201  render           | Engine: EEVEE
02:53.251  render           | Fra: 669 | Rendering 1 / 32 samples
02:53.426  render           | Fra: 669 | Rendering 25 / 32 samples
02:53.476  render           | Fra: 669 | Rendering 32 / 32 samples
02:53.485  render           | Video append frame 669
02:53.485  render           | Time: 00:00.28 (Saving: 00:00.00)
02:53.485  render           | Rendering frame 670
02:53.485  render           | Start rendering: MORI_Assembly_Animation, 视图层
02:53.485  render           | Engine: EEVEE
02:53.536  render           | Fra: 670 | Rendering 1 / 32 samples
02:53.713  render           | Fra: 670 | Rendering 25 / 32 samples
02:53.764  render           | Fra: 670 | Rendering 32 / 32 samples
02:53.774  render           | Video append frame 670
02:53.774  render           | Time: 00:00.28 (Saving: 00:00.00)
02:53.774  render           | Rendering frame 671
02:53.774  render           | Start rendering: MORI_Assembly_Animation, 视图层
02:53.774  render           | Engine: EEVEE
02:53.824  render           | Fra: 671 | Rendering 1 / 32 samples
02:54.001  render           | Fra: 671 | Rendering 25 / 32 samples
02:54.052  render           | Fra: 671 | Rendering 32 / 32 samples
02:54.064  render           | Video append frame 671
02:54.064  render           | Time: 00:00.29 (Saving: 00:00.00)
02:54.064  render           | Rendering frame 672
02:54.064  render           | Start rendering: MORI_Assembly_Animation, 视图层
02:54.064  render           | Engine: EEVEE
02:54.139  render           | Fra: 672 | Rendering 1 / 32 samples
02:54.317  render           | Fra: 672 | Rendering 25 / 32 samples
02:54.369  render           | Fra: 672 | Rendering 32 / 32 samples
02:54.380  render           | Video append frame 672
02:54.380  render           | Time: 00:00.31 (Saving: 00:00.00)
02:54.380  render           | Rendering frame 673
02:54.381  render           | Start rendering: MORI_Assembly_Animation, 视图层
02:54.381  render           | Engine: EEVEE
02:54.439  render           | Fra: 673 | Rendering 1 / 32 samples
02:54.619  render           | Fra: 673 | Rendering 25 / 32 samples
02:54.671  render           | Fra: 673 | Rendering 32 / 32 samples
02:54.682  render           | Video append frame 673
02:54.682  render           | Time: 00:00.30 (Saving: 00:00.00)
02:54.683  render           | Rendering frame 674
02:54.683  render           | Start rendering: MORI_Assembly_Animation, 视图层
02:54.683  render           | Engine: EEVEE
02:54.737  render           | Fra: 674 | Rendering 1 / 32 samples
02:54.914  render           | Fra: 674 | Rendering 25 / 32 samples
02:54.966  render           | Fra: 674 | Rendering 32 / 32 samples
02:54.982  render           | Video append frame 674
02:54.982  render           | Time: 00:00.29 (Saving: 00:00.01)
02:54.982  render           | Rendering frame 675
02:54.982  render           | Start rendering: MORI_Assembly_Animation, 视图层
02:54.982  render           | Engine: EEVEE
02:55.052  render           | Fra: 675 | Rendering 1 / 32 samples
02:55.228  render           | Fra: 675 | Rendering 25 / 32 samples
02:55.277  render           | Fra: 675 | Rendering 32 / 32 samples
02:55.287  render           | Video append frame 675
02:55.287  render           | Time: 00:00.30 (Saving: 00:00.00)
02:55.287  render           | Rendering frame 676
02:55.287  render           | Start rendering: MORI_Assembly_Animation, 视图层
02:55.287  render           | Engine: EEVEE
02:55.334  render           | Fra: 676 | Rendering 1 / 32 samples
02:55.503  render           | Fra: 676 | Rendering 25 / 32 samples
02:55.551  render           | Fra: 676 | Rendering 32 / 32 samples
02:55.561  render           | Video append frame 676
02:55.561  render           | Time: 00:00.27 (Saving: 00:00.00)
02:55.561  render           | Rendering frame 677
02:55.561  render           | Start rendering: MORI_Assembly_Animation, 视图层
02:55.561  render           | Engine: EEVEE
02:55.607  render           | Fra: 677 | Rendering 1 / 32 samples
02:55.778  render           | Fra: 677 | Rendering 25 / 32 samples
02:55.825  render           | Fra: 677 | Rendering 32 / 32 samples
02:55.835  render           | Video append frame 677
02:55.835  render           | Time: 00:00.27 (Saving: 00:00.00)
02:55.835  render           | Rendering frame 678
02:55.835  render           | Start rendering: MORI_Assembly_Animation, 视图层
02:55.835  render           | Engine: EEVEE
02:55.878  render           | Fra: 678 | Rendering 1 / 32 samples
02:56.050  render           | Fra: 678 | Rendering 25 / 32 samples
02:56.098  render           | Fra: 678 | Rendering 32 / 32 samples
02:56.107  render           | Video append frame 678
02:56.107  render           | Time: 00:00.27 (Saving: 00:00.00)
02:56.107  render           | Rendering frame 679
02:56.107  render           | Start rendering: MORI_Assembly_Animation, 视图层
02:56.107  render           | Engine: EEVEE
02:56.150  render           | Fra: 679 | Rendering 1 / 32 samples
02:56.319  render           | Fra: 679 | Rendering 25 / 32 samples
02:56.369  render           | Fra: 679 | Rendering 32 / 32 samples
02:56.379  render           | Video append frame 679
02:56.379  render           | Time: 00:00.27 (Saving: 00:00.00)
02:56.379  render           | Rendering frame 680
02:56.379  render           | Start rendering: MORI_Assembly_Animation, 视图层
02:56.379  render           | Engine: EEVEE
02:56.424  render           | Fra: 680 | Rendering 1 / 32 samples
02:56.590  render           | Fra: 680 | Rendering 25 / 32 samples
02:56.640  render           | Fra: 680 | Rendering 32 / 32 samples
02:56.649  render           | Video append frame 680
02:56.649  render           | Time: 00:00.26 (Saving: 00:00.00)
02:56.649  render           | Rendering frame 681
02:56.649  render           | Start rendering: MORI_Assembly_Animation, 视图层
02:56.649  render           | Engine: EEVEE
02:56.693  render           | Fra: 681 | Rendering 1 / 32 samples
02:56.859  render           | Fra: 681 | Rendering 25 / 32 samples
02:56.907  render           | Fra: 681 | Rendering 32 / 32 samples
02:56.917  render           | Video append frame 681
02:56.917  render           | Time: 00:00.26 (Saving: 00:00.00)
02:56.917  render           | Rendering frame 682
02:56.917  render           | Start rendering: MORI_Assembly_Animation, 视图层
02:56.917  render           | Engine: EEVEE
02:56.962  render           | Fra: 682 | Rendering 1 / 32 samples
02:57.129  render           | Fra: 682 | Rendering 25 / 32 samples
02:57.179  render           | Fra: 682 | Rendering 32 / 32 samples
02:57.188  render           | Video append frame 682
02:57.188  render           | Time: 00:00.27 (Saving: 00:00.00)
02:57.188  render           | Rendering frame 683
02:57.188  render           | Start rendering: MORI_Assembly_Animation, 视图层
02:57.188  render           | Engine: EEVEE
02:57.233  render           | Fra: 683 | Rendering 1 / 32 samples
02:57.399  render           | Fra: 683 | Rendering 25 / 32 samples
02:57.449  render           | Fra: 683 | Rendering 32 / 32 samples
02:57.458  render           | Video append frame 683
02:57.458  render           | Time: 00:00.26 (Saving: 00:00.00)
02:57.458  render           | Rendering frame 684
02:57.459  render           | Start rendering: MORI_Assembly_Animation, 视图层
02:57.459  render           | Engine: EEVEE
02:57.505  render           | Fra: 684 | Rendering 1 / 32 samples
02:57.670  render           | Fra: 684 | Rendering 25 / 32 samples
02:57.719  render           | Fra: 684 | Rendering 32 / 32 samples
02:57.730  render           | Video append frame 684
02:57.730  render           | Time: 00:00.27 (Saving: 00:00.00)
02:57.730  render           | Rendering frame 685
02:57.730  render           | Start rendering: MORI_Assembly_Animation, 视图层
02:57.730  render           | Engine: EEVEE
02:57.779  render           | Fra: 685 | Rendering 1 / 32 samples
02:57.948  render           | Fra: 685 | Rendering 25 / 32 samples
02:57.997  render           | Fra: 685 | Rendering 32 / 32 samples
02:58.008  render           | Video append frame 685
02:58.008  render           | Time: 00:00.27 (Saving: 00:00.00)
02:58.008  render           | Rendering frame 686
02:58.008  render           | Start rendering: MORI_Assembly_Animation, 视图层
02:58.008  render           | Engine: EEVEE
02:58.057  render           | Fra: 686 | Rendering 1 / 32 samples
02:58.230  render           | Fra: 686 | Rendering 25 / 32 samples
02:58.282  render           | Fra: 686 | Rendering 32 / 32 samples
02:58.292  render           | Video append frame 686
02:58.292  render           | Time: 00:00.28 (Saving: 00:00.00)
02:58.292  render           | Rendering frame 687
02:58.292  render           | Start rendering: MORI_Assembly_Animation, 视图层
02:58.292  render           | Engine: EEVEE
02:58.337  render           | Fra: 687 | Rendering 1 / 32 samples
02:58.504  render           | Fra: 687 | Rendering 25 / 32 samples
02:58.551  render           | Fra: 687 | Rendering 32 / 32 samples
02:58.561  render           | Video append frame 687
02:58.561  render           | Time: 00:00.26 (Saving: 00:00.00)
02:58.561  render           | Rendering frame 688
02:58.562  render           | Start rendering: MORI_Assembly_Animation, 视图层
02:58.562  render           | Engine: EEVEE
02:58.608  render           | Fra: 688 | Rendering 1 / 32 samples
02:58.774  render           | Fra: 688 | Rendering 25 / 32 samples
02:58.822  render           | Fra: 688 | Rendering 32 / 32 samples
02:58.831  render           | Video append frame 688
02:58.831  render           | Time: 00:00.26 (Saving: 00:00.00)
02:58.831  render           | Rendering frame 689
02:58.832  render           | Start rendering: MORI_Assembly_Animation, 视图层
02:58.832  render           | Engine: EEVEE
02:58.876  render           | Fra: 689 | Rendering 1 / 32 samples
02:59.046  render           | Fra: 689 | Rendering 25 / 32 samples
02:59.094  render           | Fra: 689 | Rendering 32 / 32 samples
02:59.104  render           | Video append frame 689
02:59.104  render           | Time: 00:00.27 (Saving: 00:00.00)
02:59.105  render           | Rendering frame 690
02:59.105  render           | Start rendering: MORI_Assembly_Animation, 视图层
02:59.105  render           | Engine: EEVEE
02:59.149  render           | Fra: 690 | Rendering 1 / 32 samples
02:59.318  render           | Fra: 690 | Rendering 25 / 32 samples
02:59.366  render           | Fra: 690 | Rendering 32 / 32 samples
02:59.376  render           | Video append frame 690
02:59.376  render           | Time: 00:00.27 (Saving: 00:00.00)
02:59.376  render           | Rendering frame 691
02:59.376  render           | Start rendering: MORI_Assembly_Animation, 视图层
02:59.376  render           | Engine: EEVEE
02:59.431  render           | Fra: 691 | Rendering 1 / 32 samples
02:59.595  render           | Fra: 691 | Rendering 25 / 32 samples
02:59.642  render           | Fra: 691 | Rendering 32 / 32 samples
02:59.655  render           | Video append frame 691
02:59.655  render           | Time: 00:00.27 (Saving: 00:00.00)
02:59.655  render           | Rendering frame 692
02:59.655  render           | Start rendering: MORI_Assembly_Animation, 视图层
02:59.655  render           | Engine: EEVEE
02:59.705  render           | Fra: 692 | Rendering 1 / 32 samples
02:59.863  render           | Fra: 692 | Rendering 25 / 32 samples
02:59.910  render           | Fra: 692 | Rendering 32 / 32 samples
02:59.924  render           | Video append frame 692
02:59.924  render           | Time: 00:00.26 (Saving: 00:00.00)
02:59.924  render           | Rendering frame 693
02:59.924  render           | Start rendering: MORI_Assembly_Animation, 视图层
02:59.924  render           | Engine: EEVEE
02:59.974  render           | Fra: 693 | Rendering 1 / 32 samples
03:00.134  render           | Fra: 693 | Rendering 25 / 32 samples
03:00.189  render           | Fra: 693 | Rendering 32 / 32 samples
03:00.206  render           | Video append frame 693
03:00.206  render           | Time: 00:00.28 (Saving: 00:00.01)
03:00.206  render           | Rendering frame 694
03:00.207  render           | Start rendering: MORI_Assembly_Animation, 视图层
03:00.207  render           | Engine: EEVEE
03:00.259  render           | Fra: 694 | Rendering 1 / 32 samples
03:00.414  render           | Fra: 694 | Rendering 25 / 32 samples
03:00.460  render           | Fra: 694 | Rendering 32 / 32 samples
03:00.480  render           | Video append frame 694
03:00.480  render           | Time: 00:00.27 (Saving: 00:00.01)
03:00.480  render           | Rendering frame 695
03:00.480  render           | Start rendering: MORI_Assembly_Animation, 视图层
03:00.480  render           | Engine: EEVEE
03:00.532  render           | Fra: 695 | Rendering 1 / 32 samples
03:00.694  render           | Fra: 695 | Rendering 25 / 32 samples
03:00.743  render           | Fra: 695 | Rendering 32 / 32 samples
03:00.757  render           | Video append frame 695
03:00.757  render           | Time: 00:00.27 (Saving: 00:00.00)
03:00.757  render           | Rendering frame 696
03:00.757  render           | Start rendering: MORI_Assembly_Animation, 视图层
03:00.757  render           | Engine: EEVEE
03:00.809  render           | Fra: 696 | Rendering 1 / 32 samples
03:00.974  render           | Fra: 696 | Rendering 25 / 32 samples
03:01.024  render           | Fra: 696 | Rendering 32 / 32 samples
03:01.042  render           | Video append frame 696
03:01.042  render           | Time: 00:00.28 (Saving: 00:00.01)
03:01.042  render           | Rendering frame 697
03:01.043  render           | Start rendering: MORI_Assembly_Animation, 视图层
03:01.043  render           | Engine: EEVEE
03:01.099  render           | Fra: 697 | Rendering 1 / 32 samples
03:01.265  render           | Fra: 697 | Rendering 25 / 32 samples
03:01.316  render           | Fra: 697 | Rendering 32 / 32 samples
03:01.332  render           | Video append frame 697
03:01.332  render           | Time: 00:00.28 (Saving: 00:00.00)
03:01.332  render           | Rendering frame 698
03:01.332  render           | Start rendering: MORI_Assembly_Animation, 视图层
03:01.332  render           | Engine: EEVEE
03:01.382  render           | Fra: 698 | Rendering 1 / 32 samples
03:01.548  render           | Fra: 698 | Rendering 25 / 32 samples
03:01.600  render           | Fra: 698 | Rendering 32 / 32 samples
03:01.618  render           | Video append frame 698
03:01.618  render           | Time: 00:00.28 (Saving: 00:00.00)
03:01.618  render           | Rendering frame 699
03:01.618  render           | Start rendering: MORI_Assembly_Animation, 视图层
03:01.618  render           | Engine: EEVEE
03:01.668  render           | Fra: 699 | Rendering 1 / 32 samples
03:01.837  render           | Fra: 699 | Rendering 25 / 32 samples
03:01.891  render           | Fra: 699 | Rendering 32 / 32 samples
03:01.911  render           | Video append frame 699
03:01.911  render           | Time: 00:00.29 (Saving: 00:00.01)
03:01.911  render           | Rendering frame 700
03:01.911  render           | Start rendering: MORI_Assembly_Animation, 视图层
03:01.911  render           | Engine: EEVEE
03:01.967  render           | Fra: 700 | Rendering 1 / 32 samples
03:02.136  render           | Fra: 700 | Rendering 25 / 32 samples
03:02.191  render           | Fra: 700 | Rendering 32 / 32 samples
03:02.211  render           | Video append frame 700
03:02.211  render           | Time: 00:00.30 (Saving: 00:00.01)
03:02.211  render           | Rendering frame 701
03:02.212  render           | Start rendering: MORI_Assembly_Animation, 视图层
03:02.212  render           | Engine: EEVEE
03:02.268  render           | Fra: 701 | Rendering 1 / 32 samples
03:02.442  render           | Fra: 701 | Rendering 25 / 32 samples
03:02.494  render           | Fra: 701 | Rendering 32 / 32 samples
03:02.516  render           | Video append frame 701
03:02.516  render           | Time: 00:00.30 (Saving: 00:00.01)
03:02.516  render           | Rendering frame 702
03:02.516  render           | Start rendering: MORI_Assembly_Animation, 视图层
03:02.516  render           | Engine: EEVEE
03:02.574  render           | Fra: 702 | Rendering 1 / 32 samples
03:02.746  render           | Fra: 702 | Rendering 25 / 32 samples
03:02.793  render           | Fra: 702 | Rendering 32 / 32 samples
03:02.807  render           | Video append frame 702
03:02.807  render           | Time: 00:00.29 (Saving: 00:00.00)
03:02.807  render           | Rendering frame 703
03:02.807  render           | Start rendering: MORI_Assembly_Animation, 视图层
03:02.807  render           | Engine: EEVEE
03:02.861  render           | Fra: 703 | Rendering 1 / 32 samples
03:03.030  render           | Fra: 703 | Rendering 25 / 32 samples
03:03.081  render           | Fra: 703 | Rendering 32 / 32 samples
03:03.100  render           | Video append frame 703
03:03.100  render           | Time: 00:00.29 (Saving: 00:00.01)
03:03.100  render           | Rendering frame 704
03:03.101  render           | Start rendering: MORI_Assembly_Animation, 视图层
03:03.101  render           | Engine: EEVEE
03:03.154  render           | Fra: 704 | Rendering 1 / 32 samples
03:03.315  render           | Fra: 704 | Rendering 25 / 32 samples
03:03.366  render           | Fra: 704 | Rendering 32 / 32 samples
03:03.384  render           | Video append frame 704
03:03.384  render           | Time: 00:00.28 (Saving: 00:00.01)
03:03.384  render           | Rendering frame 705
03:03.384  render           | Start rendering: MORI_Assembly_Animation, 视图层
03:03.384  render           | Engine: EEVEE
03:03.436  render           | Fra: 705 | Rendering 1 / 32 samples
03:03.595  render           | Fra: 705 | Rendering 25 / 32 samples
03:03.643  render           | Fra: 705 | Rendering 32 / 32 samples
03:03.659  render           | Video append frame 705
03:03.659  render           | Time: 00:00.27 (Saving: 00:00.01)
03:03.659  render           | Rendering frame 706
03:03.660  render           | Start rendering: MORI_Assembly_Animation, 视图层
03:03.660  render           | Engine: EEVEE
03:03.712  render           | Fra: 706 | Rendering 1 / 32 samples
03:03.868  render           | Fra: 706 | Rendering 25 / 32 samples
03:03.916  render           | Fra: 706 | Rendering 32 / 32 samples
03:03.930  render           | Video append frame 706
03:03.930  render           | Time: 00:00.26 (Saving: 00:00.00)
03:03.930  render           | Rendering frame 707
03:03.930  render           | Start rendering: MORI_Assembly_Animation, 视图层
03:03.930  render           | Engine: EEVEE
03:03.981  render           | Fra: 707 | Rendering 1 / 32 samples
03:04.136  render           | Fra: 707 | Rendering 25 / 32 samples
03:04.184  render           | Fra: 707 | Rendering 32 / 32 samples
03:04.203  render           | Video append frame 707
03:04.203  render           | Time: 00:00.27 (Saving: 00:00.01)
03:04.203  render           | Rendering frame 708
03:04.204  render           | Start rendering: MORI_Assembly_Animation, 视图层
03:04.204  render           | Engine: EEVEE
03:04.255  render           | Fra: 708 | Rendering 1 / 32 samples
03:04.427  render           | Fra: 708 | Rendering 25 / 32 samples
03:04.483  render           | Fra: 708 | Rendering 32 / 32 samples
03:04.504  render           | Video append frame 708
03:04.504  render           | Time: 00:00.30 (Saving: 00:00.01)
03:04.504  render           | Rendering frame 709
03:04.505  render           | Start rendering: MORI_Assembly_Animation, 视图层
03:04.505  render           | Engine: EEVEE
03:04.560  render           | Fra: 709 | Rendering 1 / 32 samples
03:04.761  render           | Fra: 709 | Rendering 25 / 32 samples
03:04.818  render           | Fra: 709 | Rendering 32 / 32 samples
03:04.843  render           | Video append frame 709
03:04.843  render           | Time: 00:00.33 (Saving: 00:00.01)
03:04.843  render           | Rendering frame 710
03:04.844  render           | Start rendering: MORI_Assembly_Animation, 视图层
03:04.844  render           | Engine: EEVEE
03:04.900  render           | Fra: 710 | Rendering 1 / 32 samples
03:05.085  render           | Fra: 710 | Rendering 25 / 32 samples
03:05.142  render           | Fra: 710 | Rendering 32 / 32 samples
03:05.165  render           | Video append frame 710
03:05.165  render           | Time: 00:00.32 (Saving: 00:00.01)
03:05.165  render           | Rendering frame 711
03:05.165  render           | Start rendering: MORI_Assembly_Animation, 视图层
03:05.165  render           | Engine: EEVEE
03:05.221  render           | Fra: 711 | Rendering 1 / 32 samples
03:05.402  render           | Fra: 711 | Rendering 25 / 32 samples
03:05.457  render           | Fra: 711 | Rendering 32 / 32 samples
03:05.479  render           | Video append frame 711
03:05.479  render           | Time: 00:00.31 (Saving: 00:00.01)
03:05.479  render           | Rendering frame 712
03:05.479  render           | Start rendering: MORI_Assembly_Animation, 视图层
03:05.479  render           | Engine: EEVEE
03:05.540  render           | Fra: 712 | Rendering 1 / 32 samples
03:05.712  render           | Fra: 712 | Rendering 25 / 32 samples
03:05.763  render           | Fra: 712 | Rendering 32 / 32 samples
03:05.780  render           | Video append frame 712
03:05.780  render           | Time: 00:00.30 (Saving: 00:00.01)
03:05.780  render           | Rendering frame 713
03:05.780  render           | Start rendering: MORI_Assembly_Animation, 视图层
03:05.781  render           | Engine: EEVEE
03:05.832  render           | Fra: 713 | Rendering 1 / 32 samples
03:06.010  render           | Fra: 713 | Rendering 25 / 32 samples
03:06.065  render           | Fra: 713 | Rendering 32 / 32 samples
03:06.089  render           | Video append frame 713
03:06.089  render           | Time: 00:00.30 (Saving: 00:00.01)
03:06.089  render           | Rendering frame 714
03:06.089  render           | Start rendering: MORI_Assembly_Animation, 视图层
03:06.089  render           | Engine: EEVEE
03:06.142  render           | Fra: 714 | Rendering 1 / 32 samples
03:06.317  render           | Fra: 714 | Rendering 25 / 32 samples
03:06.375  render           | Fra: 714 | Rendering 32 / 32 samples
03:06.397  render           | Video append frame 714
03:06.397  render           | Time: 00:00.30 (Saving: 00:00.01)
03:06.397  render           | Rendering frame 715
03:06.398  render           | Start rendering: MORI_Assembly_Animation, 视图层
03:06.398  render           | Engine: EEVEE
03:06.458  render           | Fra: 715 | Rendering 1 / 32 samples
03:06.635  render           | Fra: 715 | Rendering 25 / 32 samples
03:06.690  render           | Fra: 715 | Rendering 32 / 32 samples
03:06.713  render           | Video append frame 715
03:06.714  render           | Time: 00:00.31 (Saving: 00:00.01)
03:06.714  render           | Rendering frame 716
03:06.714  render           | Start rendering: MORI_Assembly_Animation, 视图层
03:06.714  render           | Engine: EEVEE
03:06.770  render           | Fra: 716 | Rendering 1 / 32 samples
03:06.952  render           | Fra: 716 | Rendering 25 / 32 samples
03:07.006  render           | Fra: 716 | Rendering 32 / 32 samples
03:07.026  render           | Video append frame 716
03:07.026  render           | Time: 00:00.31 (Saving: 00:00.01)
03:07.026  render           | Rendering frame 717
03:07.026  render           | Start rendering: MORI_Assembly_Animation, 视图层
03:07.026  render           | Engine: EEVEE
03:07.082  render           | Fra: 717 | Rendering 1 / 32 samples
03:07.260  render           | Fra: 717 | Rendering 25 / 32 samples
03:07.311  render           | Fra: 717 | Rendering 32 / 32 samples
03:07.333  render           | Video append frame 717
03:07.334  render           | Time: 00:00.30 (Saving: 00:00.01)
03:07.334  render           | Rendering frame 718
03:07.334  render           | Start rendering: MORI_Assembly_Animation, 视图层
03:07.334  render           | Engine: EEVEE
03:07.391  render           | Fra: 718 | Rendering 1 / 32 samples
03:07.561  render           | Fra: 718 | Rendering 25 / 32 samples
03:07.615  render           | Fra: 718 | Rendering 32 / 32 samples
03:07.635  render           | Video append frame 718
03:07.635  render           | Time: 00:00.30 (Saving: 00:00.01)
03:07.635  render           | Rendering frame 719
03:07.635  render           | Start rendering: MORI_Assembly_Animation, 视图层
03:07.635  render           | Engine: EEVEE
03:07.693  render           | Fra: 719 | Rendering 1 / 32 samples
03:07.858  render           | Fra: 719 | Rendering 25 / 32 samples
03:07.909  render           | Fra: 719 | Rendering 32 / 32 samples
03:07.922  render           | Video append frame 719
03:07.922  render           | Time: 00:00.28 (Saving: 00:00.00)
03:07.922  render           | Rendering frame 720
03:07.922  render           | Start rendering: MORI_Assembly_Animation, 视图层
03:07.922  render           | Engine: EEVEE
03:07.975  render           | Fra: 720 | Rendering 1 / 32 samples
03:08.143  render           | Fra: 720 | Rendering 25 / 32 samples
03:08.195  render           | Fra: 720 | Rendering 32 / 32 samples
03:08.214  render           | Video append frame 720
03:08.214  render           | Time: 00:00.29 (Saving: 00:00.01)
03:08.214  render           | Rendering frame 721
03:08.214  render           | Start rendering: MORI_Assembly_Animation, 视图层
03:08.214  render           | Engine: EEVEE
03:08.265  render           | Fra: 721 | Rendering 1 / 32 samples
03:08.430  render           | Fra: 721 | Rendering 25 / 32 samples
03:08.485  render           | Fra: 721 | Rendering 32 / 32 samples
03:08.507  render           | Video append frame 721
03:08.507  render           | Time: 00:00.29 (Saving: 00:00.01)
03:08.507  render           | Rendering frame 722
03:08.507  render           | Start rendering: MORI_Assembly_Animation, 视图层
03:08.507  render           | Engine: EEVEE
03:08.562  render           | Fra: 722 | Rendering 1 / 32 samples
03:08.733  render           | Fra: 722 | Rendering 25 / 32 samples
03:08.785  render           | Fra: 722 | Rendering 32 / 32 samples
03:08.803  render           | Video append frame 722
03:08.803  render           | Time: 00:00.29 (Saving: 00:00.00)
03:08.803  render           | Rendering frame 723
03:08.803  render           | Start rendering: MORI_Assembly_Animation, 视图层
03:08.803  render           | Engine: EEVEE
03:08.856  render           | Fra: 723 | Rendering 1 / 32 samples
03:09.026  render           | Fra: 723 | Rendering 25 / 32 samples
03:09.080  render           | Fra: 723 | Rendering 32 / 32 samples
03:09.104  render           | Video append frame 723
03:09.104  render           | Time: 00:00.30 (Saving: 00:00.01)
03:09.104  render           | Rendering frame 724
03:09.105  render           | Start rendering: MORI_Assembly_Animation, 视图层
03:09.105  render           | Engine: EEVEE
03:09.156  render           | Fra: 724 | Rendering 1 / 32 samples
03:09.326  render           | Fra: 724 | Rendering 25 / 32 samples
03:09.378  render           | Fra: 724 | Rendering 32 / 32 samples
03:09.401  render           | Video append frame 724
03:09.401  render           | Time: 00:00.29 (Saving: 00:00.01)
03:09.401  render           | Rendering frame 725
03:09.401  render           | Start rendering: MORI_Assembly_Animation, 视图层
03:09.401  render           | Engine: EEVEE
03:09.460  render           | Fra: 725 | Rendering 1 / 32 samples
03:09.628  render           | Fra: 725 | Rendering 25 / 32 samples
03:09.680  render           | Fra: 725 | Rendering 32 / 32 samples
03:09.699  render           | Video append frame 725
03:09.699  render           | Time: 00:00.29 (Saving: 00:00.01)
03:09.699  render           | Rendering frame 726
03:09.699  render           | Start rendering: MORI_Assembly_Animation, 视图层
03:09.699  render           | Engine: EEVEE
03:09.754  render           | Fra: 726 | Rendering 1 / 32 samples
03:09.917  render           | Fra: 726 | Rendering 25 / 32 samples
03:09.967  render           | Fra: 726 | Rendering 32 / 32 samples
03:09.986  render           | Video append frame 726
03:09.986  render           | Time: 00:00.28 (Saving: 00:00.01)
03:09.986  render           | Rendering frame 727
03:09.987  render           | Start rendering: MORI_Assembly_Animation, 视图层
03:09.987  render           | Engine: EEVEE
03:10.042  render           | Fra: 727 | Rendering 1 / 32 samples
03:10.208  render           | Fra: 727 | Rendering 25 / 32 samples
03:10.262  render           | Fra: 727 | Rendering 32 / 32 samples
03:10.283  render           | Video append frame 727
03:10.283  render           | Time: 00:00.29 (Saving: 00:00.01)
03:10.283  render           | Rendering frame 728
03:10.284  render           | Start rendering: MORI_Assembly_Animation, 视图层
03:10.284  render           | Engine: EEVEE
03:10.338  render           | Fra: 728 | Rendering 1 / 32 samples
03:10.510  render           | Fra: 728 | Rendering 25 / 32 samples
03:10.562  render           | Fra: 728 | Rendering 32 / 32 samples
03:10.583  render           | Video append frame 728
03:10.583  render           | Time: 00:00.29 (Saving: 00:00.01)
03:10.583  render           | Rendering frame 729
03:10.583  render           | Start rendering: MORI_Assembly_Animation, 视图层
03:10.583  render           | Engine: EEVEE
03:10.639  render           | Fra: 729 | Rendering 1 / 32 samples
03:10.813  render           | Fra: 729 | Rendering 25 / 32 samples
03:10.865  render           | Fra: 729 | Rendering 32 / 32 samples
03:10.880  render           | Video append frame 729
03:10.880  render           | Time: 00:00.29 (Saving: 00:00.00)
03:10.880  render           | Rendering frame 730
03:10.881  render           | Start rendering: MORI_Assembly_Animation, 视图层
03:10.881  render           | Engine: EEVEE
03:10.936  render           | Fra: 730 | Rendering 1 / 32 samples
03:11.098  render           | Fra: 730 | Rendering 25 / 32 samples
03:11.148  render           | Fra: 730 | Rendering 32 / 32 samples
03:11.167  render           | Video append frame 730
03:11.167  render           | Time: 00:00.28 (Saving: 00:00.01)
03:11.167  render           | Rendering frame 731
03:11.168  render           | Start rendering: MORI_Assembly_Animation, 视图层
03:11.168  render           | Engine: EEVEE
03:11.223  render           | Fra: 731 | Rendering 1 / 32 samples
03:11.382  render           | Fra: 731 | Rendering 25 / 32 samples
03:11.434  render           | Fra: 731 | Rendering 32 / 32 samples
03:11.453  render           | Video append frame 731
03:11.453  render           | Time: 00:00.28 (Saving: 00:00.01)
03:11.453  render           | Rendering frame 732
03:11.453  render           | Start rendering: MORI_Assembly_Animation, 视图层
03:11.453  render           | Engine: EEVEE
03:11.503  render           | Fra: 732 | Rendering 1 / 32 samples
03:11.664  render           | Fra: 732 | Rendering 25 / 32 samples
03:11.710  render           | Fra: 732 | Rendering 32 / 32 samples
03:11.724  render           | Video append frame 732
03:11.724  render           | Time: 00:00.27 (Saving: 00:00.00)
03:11.724  render           | Rendering frame 733
03:11.725  render           | Start rendering: MORI_Assembly_Animation, 视图层
03:11.725  render           | Engine: EEVEE
03:11.777  render           | Fra: 733 | Rendering 1 / 32 samples
03:11.937  render           | Fra: 733 | Rendering 25 / 32 samples
03:11.983  render           | Fra: 733 | Rendering 32 / 32 samples
03:11.996  render           | Video append frame 733
03:11.996  render           | Time: 00:00.27 (Saving: 00:00.00)
03:11.996  render           | Rendering frame 734
03:11.996  render           | Start rendering: MORI_Assembly_Animation, 视图层
03:11.996  render           | Engine: EEVEE
03:12.047  render           | Fra: 734 | Rendering 1 / 32 samples
03:12.205  render           | Fra: 734 | Rendering 25 / 32 samples
03:12.250  render           | Fra: 734 | Rendering 32 / 32 samples
03:12.261  render           | Video append frame 734
03:12.261  render           | Time: 00:00.26 (Saving: 00:00.00)
03:12.261  render           | Rendering frame 735
03:12.261  render           | Start rendering: MORI_Assembly_Animation, 视图层
03:12.261  render           | Engine: EEVEE
03:12.311  render           | Fra: 735 | Rendering 1 / 32 samples
03:12.471  render           | Fra: 735 | Rendering 25 / 32 samples
03:12.520  render           | Fra: 735 | Rendering 32 / 32 samples
03:12.535  render           | Video append frame 735
03:12.535  render           | Time: 00:00.27 (Saving: 00:00.00)
03:12.535  render           | Rendering frame 736
03:12.535  render           | Start rendering: MORI_Assembly_Animation, 视图层
03:12.535  render           | Engine: EEVEE
03:12.588  render           | Fra: 736 | Rendering 1 / 32 samples
03:12.757  render           | Fra: 736 | Rendering 25 / 32 samples
03:12.808  render           | Fra: 736 | Rendering 32 / 32 samples
03:12.825  render           | Video append frame 736
03:12.825  render           | Time: 00:00.28 (Saving: 00:00.01)
03:12.825  render           | Rendering frame 737
03:12.825  render           | Start rendering: MORI_Assembly_Animation, 视图层
03:12.825  render           | Engine: EEVEE
03:12.880  render           | Fra: 737 | Rendering 1 / 32 samples
03:13.066  render           | Fra: 737 | Rendering 25 / 32 samples
03:13.121  render           | Fra: 737 | Rendering 32 / 32 samples
03:13.146  render           | Video append frame 737
03:13.146  render           | Time: 00:00.32 (Saving: 00:00.01)
03:13.146  render           | Rendering frame 738
03:13.146  render           | Start rendering: MORI_Assembly_Animation, 视图层
03:13.146  render           | Engine: EEVEE
03:13.201  render           | Fra: 738 | Rendering 1 / 32 samples
03:13.384  render           | Fra: 738 | Rendering 25 / 32 samples
03:13.444  render           | Fra: 738 | Rendering 32 / 32 samples
03:13.468  render           | Video append frame 738
03:13.468  render           | Time: 00:00.32 (Saving: 00:00.01)
03:13.468  render           | Rendering frame 739
03:13.468  render           | Start rendering: MORI_Assembly_Animation, 视图层
03:13.468  render           | Engine: EEVEE
03:13.525  render           | Fra: 739 | Rendering 1 / 32 samples
03:13.708  render           | Fra: 739 | Rendering 25 / 32 samples
03:13.764  render           | Fra: 739 | Rendering 32 / 32 samples
03:13.785  render           | Video append frame 739
03:13.785  render           | Time: 00:00.31 (Saving: 00:00.01)
03:13.785  render           | Rendering frame 740
03:13.785  render           | Start rendering: MORI_Assembly_Animation, 视图层
03:13.785  render           | Engine: EEVEE
03:13.842  render           | Fra: 740 | Rendering 1 / 32 samples
03:14.017  render           | Fra: 740 | Rendering 25 / 32 samples
03:14.074  render           | Fra: 740 | Rendering 32 / 32 samples
03:14.096  render           | Video append frame 740
03:14.096  render           | Time: 00:00.31 (Saving: 00:00.01)
03:14.096  render           | Rendering frame 741
03:14.096  render           | Start rendering: MORI_Assembly_Animation, 视图层
03:14.096  render           | Engine: EEVEE
03:14.149  render           | Fra: 741 | Rendering 1 / 32 samples
03:14.332  render           | Fra: 741 | Rendering 25 / 32 samples
03:14.389  render           | Fra: 741 | Rendering 32 / 32 samples
03:14.409  render           | Video append frame 741
03:14.409  render           | Time: 00:00.31 (Saving: 00:00.01)
03:14.409  render           | Rendering frame 742
03:14.410  render           | Start rendering: MORI_Assembly_Animation, 视图层
03:14.410  render           | Engine: EEVEE
03:14.465  render           | Fra: 742 | Rendering 1 / 32 samples
03:14.650  render           | Fra: 742 | Rendering 25 / 32 samples
03:14.708  render           | Fra: 742 | Rendering 32 / 32 samples
03:14.724  render           | Video append frame 742
03:14.724  render           | Time: 00:00.31 (Saving: 00:00.00)
03:14.724  render           | Rendering frame 743
03:14.725  render           | Start rendering: MORI_Assembly_Animation, 视图层
03:14.725  render           | Engine: EEVEE
03:14.780  render           | Fra: 743 | Rendering 1 / 32 samples
03:14.958  render           | Fra: 743 | Rendering 25 / 32 samples
03:15.014  render           | Fra: 743 | Rendering 32 / 32 samples
03:15.030  render           | Video append frame 743
03:15.031  render           | Time: 00:00.30 (Saving: 00:00.01)
03:15.031  render           | Rendering frame 744
03:15.031  render           | Start rendering: MORI_Assembly_Animation, 视图层
03:15.031  render           | Engine: EEVEE
03:15.083  render           | Fra: 744 | Rendering 1 / 32 samples
03:15.258  render           | Fra: 744 | Rendering 25 / 32 samples
03:15.313  render           | Fra: 744 | Rendering 32 / 32 samples
03:15.333  render           | Video append frame 744
03:15.333  render           | Time: 00:00.30 (Saving: 00:00.01)
03:15.333  render           | Rendering frame 745
03:15.333  render           | Start rendering: MORI_Assembly_Animation, 视图层
03:15.333  render           | Engine: EEVEE
03:15.388  render           | Fra: 745 | Rendering 1 / 32 samples
03:15.568  render           | Fra: 745 | Rendering 25 / 32 samples
03:15.623  render           | Fra: 745 | Rendering 32 / 32 samples
03:15.644  render           | Video append frame 745
03:15.644  render           | Time: 00:00.31 (Saving: 00:00.01)
03:15.644  render           | Rendering frame 746
03:15.644  render           | Start rendering: MORI_Assembly_Animation, 视图层
03:15.644  render           | Engine: EEVEE
03:15.701  render           | Fra: 746 | Rendering 1 / 32 samples
03:15.879  render           | Fra: 746 | Rendering 25 / 32 samples
03:15.932  render           | Fra: 746 | Rendering 32 / 32 samples
03:15.948  render           | Video append frame 746
03:15.948  render           | Time: 00:00.30 (Saving: 00:00.01)
03:15.948  render           | Rendering frame 747
03:15.948  render           | Start rendering: MORI_Assembly_Animation, 视图层
03:15.948  render           | Engine: EEVEE
03:16.001  render           | Fra: 747 | Rendering 1 / 32 samples
03:16.168  render           | Fra: 747 | Rendering 25 / 32 samples
03:16.217  render           | Fra: 747 | Rendering 32 / 32 samples
03:16.234  render           | Video append frame 747
03:16.234  render           | Time: 00:00.28 (Saving: 00:00.01)
03:16.234  render           | Rendering frame 748
03:16.234  render           | Start rendering: MORI_Assembly_Animation, 视图层
03:16.234  render           | Engine: EEVEE
03:16.285  render           | Fra: 748 | Rendering 1 / 32 samples
03:16.448  render           | Fra: 748 | Rendering 25 / 32 samples
03:16.499  render           | Fra: 748 | Rendering 32 / 32 samples
03:16.517  render           | Video append frame 748
03:16.518  render           | Time: 00:00.28 (Saving: 00:00.01)
03:16.518  render           | Rendering frame 749
03:16.518  render           | Start rendering: MORI_Assembly_Animation, 视图层
03:16.518  render           | Engine: EEVEE
03:16.572  render           | Fra: 749 | Rendering 1 / 32 samples
03:16.743  render           | Fra: 749 | Rendering 25 / 32 samples
03:16.795  render           | Fra: 749 | Rendering 32 / 32 samples
03:16.813  render           | Video append frame 749
03:16.813  render           | Time: 00:00.29 (Saving: 00:00.01)
03:16.813  render           | Rendering frame 750
03:16.813  render           | Start rendering: MORI_Assembly_Animation, 视图层
03:16.813  render           | Engine: EEVEE
03:16.866  render           | Fra: 750 | Rendering 1 / 32 samples
03:17.030  render           | Fra: 750 | Rendering 25 / 32 samples
03:17.081  render           | Fra: 750 | Rendering 32 / 32 samples
03:17.101  render           | Video append frame 750
03:17.101  render           | Time: 00:00.28 (Saving: 00:00.01)
03:17.101  render           | Rendering frame 751
03:17.101  render           | Start rendering: MORI_Assembly_Animation, 视图层
03:17.101  render           | Engine: EEVEE
03:17.162  render           | Fra: 751 | Rendering 1 / 32 samples
03:17.324  render           | Fra: 751 | Rendering 25 / 32 samples
03:17.374  render           | Fra: 751 | Rendering 32 / 32 samples
03:17.393  render           | Video append frame 751
03:17.393  render           | Time: 00:00.29 (Saving: 00:00.01)
03:17.393  render           | Rendering frame 752
03:17.393  render           | Start rendering: MORI_Assembly_Animation, 视图层
03:17.393  render           | Engine: EEVEE
03:17.449  render           | Fra: 752 | Rendering 1 / 32 samples
03:17.622  render           | Fra: 752 | Rendering 25 / 32 samples
03:17.676  render           | Fra: 752 | Rendering 32 / 32 samples
03:17.694  render           | Video append frame 752
03:17.695  render           | Time: 00:00.30 (Saving: 00:00.01)
03:17.695  render           | Rendering frame 753
03:17.695  render           | Start rendering: MORI_Assembly_Animation, 视图层
03:17.695  render           | Engine: EEVEE
03:17.748  render           | Fra: 753 | Rendering 1 / 32 samples
03:17.913  render           | Fra: 753 | Rendering 25 / 32 samples
03:17.961  render           | Fra: 753 | Rendering 32 / 32 samples
03:17.980  render           | Video append frame 753
03:17.980  render           | Time: 00:00.28 (Saving: 00:00.01)
03:17.980  render           | Rendering frame 754
03:17.981  render           | Start rendering: MORI_Assembly_Animation, 视图层
03:17.981  render           | Engine: EEVEE
03:18.035  render           | Fra: 754 | Rendering 1 / 32 samples
03:18.198  render           | Fra: 754 | Rendering 25 / 32 samples
03:18.246  render           | Fra: 754 | Rendering 32 / 32 samples
03:18.267  render           | Video append frame 754
03:18.267  render           | Time: 00:00.28 (Saving: 00:00.01)
03:18.267  render           | Rendering frame 755
03:18.267  render           | Start rendering: MORI_Assembly_Animation, 视图层
03:18.267  render           | Engine: EEVEE
03:18.322  render           | Fra: 755 | Rendering 1 / 32 samples
03:18.483  render           | Fra: 755 | Rendering 25 / 32 samples
03:18.535  render           | Fra: 755 | Rendering 32 / 32 samples
03:18.555  render           | Video append frame 755
03:18.555  render           | Time: 00:00.28 (Saving: 00:00.01)
03:18.555  render           | Rendering frame 756
03:18.555  render           | Start rendering: MORI_Assembly_Animation, 视图层
03:18.555  render           | Engine: EEVEE
03:18.604  render           | Fra: 756 | Rendering 1 / 32 samples
03:18.776  render           | Fra: 756 | Rendering 25 / 32 samples
03:18.832  render           | Fra: 756 | Rendering 32 / 32 samples
03:18.849  render           | Video append frame 756
03:18.849  render           | Time: 00:00.29 (Saving: 00:00.01)
03:18.849  render           | Rendering frame 757
03:18.850  render           | Start rendering: MORI_Assembly_Animation, 视图层
03:18.850  render           | Engine: EEVEE
03:18.907  render           | Fra: 757 | Rendering 1 / 32 samples
03:19.076  render           | Fra: 757 | Rendering 25 / 32 samples
03:19.127  render           | Fra: 757 | Rendering 32 / 32 samples
03:19.146  render           | Video append frame 757
03:19.146  render           | Time: 00:00.29 (Saving: 00:00.01)
03:19.146  render           | Rendering frame 758
03:19.147  render           | Start rendering: MORI_Assembly_Animation, 视图层
03:19.147  render           | Engine: EEVEE
03:19.199  render           | Fra: 758 | Rendering 1 / 32 samples
03:19.362  render           | Fra: 758 | Rendering 25 / 32 samples
03:19.412  render           | Fra: 758 | Rendering 32 / 32 samples
03:19.434  render           | Video append frame 758
03:19.434  render           | Time: 00:00.28 (Saving: 00:00.01)
03:19.434  render           | Rendering frame 759
03:19.434  render           | Start rendering: MORI_Assembly_Animation, 视图层
03:19.434  render           | Engine: EEVEE
03:19.488  render           | Fra: 759 | Rendering 1 / 32 samples
03:19.660  render           | Fra: 759 | Rendering 25 / 32 samples
03:19.716  render           | Fra: 759 | Rendering 32 / 32 samples
03:19.733  render           | Video append frame 759
03:19.733  render           | Time: 00:00.29 (Saving: 00:00.01)
03:19.733  render           | Rendering frame 760
03:19.733  render           | Start rendering: MORI_Assembly_Animation, 视图层
03:19.733  render           | Engine: EEVEE
03:19.784  render           | Fra: 760 | Rendering 1 / 32 samples
03:19.959  render           | Fra: 760 | Rendering 25 / 32 samples
03:20.009  render           | Fra: 760 | Rendering 32 / 32 samples
03:20.026  render           | Video append frame 760
03:20.026  render           | Time: 00:00.29 (Saving: 00:00.01)
03:20.026  render           | Rendering frame 761
03:20.026  render           | Start rendering: MORI_Assembly_Animation, 视图层
03:20.026  render           | Engine: EEVEE
03:20.078  render           | Fra: 761 | Rendering 1 / 32 samples
03:20.241  render           | Fra: 761 | Rendering 25 / 32 samples
03:20.294  render           | Fra: 761 | Rendering 32 / 32 samples
03:20.315  render           | Video append frame 761
03:20.315  render           | Time: 00:00.28 (Saving: 00:00.01)
03:20.315  render           | Rendering frame 762
03:20.315  render           | Start rendering: MORI_Assembly_Animation, 视图层
03:20.315  render           | Engine: EEVEE
03:20.369  render           | Fra: 762 | Rendering 1 / 32 samples
03:20.533  render           | Fra: 762 | Rendering 25 / 32 samples
03:20.586  render           | Fra: 762 | Rendering 32 / 32 samples
03:20.608  render           | Video append frame 762
03:20.608  render           | Time: 00:00.29 (Saving: 00:00.01)
03:20.608  render           | Rendering frame 763
03:20.608  render           | Start rendering: MORI_Assembly_Animation, 视图层
03:20.608  render           | Engine: EEVEE
03:20.664  render           | Fra: 763 | Rendering 1 / 32 samples
03:20.827  render           | Fra: 763 | Rendering 25 / 32 samples
03:20.878  render           | Fra: 763 | Rendering 32 / 32 samples
03:20.897  render           | Video append frame 763
03:20.897  render           | Time: 00:00.28 (Saving: 00:00.01)
03:20.897  render           | Rendering frame 764
03:20.897  render           | Start rendering: MORI_Assembly_Animation, 视图层
03:20.897  render           | Engine: EEVEE
03:20.950  render           | Fra: 764 | Rendering 1 / 32 samples
03:21.114  render           | Fra: 764 | Rendering 25 / 32 samples
03:21.162  render           | Fra: 764 | Rendering 32 / 32 samples
03:21.175  render           | Video append frame 764
03:21.175  render           | Time: 00:00.27 (Saving: 00:00.00)
03:21.175  render           | Rendering frame 765
03:21.176  render           | Start rendering: MORI_Assembly_Animation, 视图层
03:21.176  render           | Engine: EEVEE
03:21.226  render           | Fra: 765 | Rendering 1 / 32 samples
03:21.387  render           | Fra: 765 | Rendering 25 / 32 samples
03:21.434  render           | Fra: 765 | Rendering 32 / 32 samples
03:21.454  render           | Video append frame 765
03:21.454  render           | Time: 00:00.27 (Saving: 00:00.01)
03:21.454  render           | Rendering frame 766
03:21.454  render           | Start rendering: MORI_Assembly_Animation, 视图层
03:21.454  render           | Engine: EEVEE
03:21.508  render           | Fra: 766 | Rendering 1 / 32 samples
03:21.672  render           | Fra: 766 | Rendering 25 / 32 samples
03:21.721  render           | Fra: 766 | Rendering 32 / 32 samples
03:21.737  render           | Video append frame 766
03:21.737  render           | Time: 00:00.28 (Saving: 00:00.01)
03:21.737  render           | Rendering frame 767
03:21.738  render           | Start rendering: MORI_Assembly_Animation, 视图层
03:21.738  render           | Engine: EEVEE
03:21.791  render           | Fra: 767 | Rendering 1 / 32 samples
03:21.957  render           | Fra: 767 | Rendering 25 / 32 samples
03:22.008  render           | Fra: 767 | Rendering 32 / 32 samples
03:22.031  render           | Video append frame 767
03:22.031  render           | Time: 00:00.29 (Saving: 00:00.01)
03:22.031  render           | Rendering frame 768
03:22.031  render           | Start rendering: MORI_Assembly_Animation, 视图层
03:22.031  render           | Engine: EEVEE
03:22.085  render           | Fra: 768 | Rendering 1 / 32 samples
03:22.259  render           | Fra: 768 | Rendering 25 / 32 samples
03:22.315  render           | Fra: 768 | Rendering 32 / 32 samples
03:22.335  render           | Video append frame 768
03:22.335  render           | Time: 00:00.30 (Saving: 00:00.01)
03:22.335  render           | Rendering frame 769
03:22.335  render           | Start rendering: MORI_Assembly_Animation, 视图层
03:22.335  render           | Engine: EEVEE
03:22.392  render           | Fra: 769 | Rendering 1 / 32 samples
03:22.567  render           | Fra: 769 | Rendering 25 / 32 samples
03:22.621  render           | Fra: 769 | Rendering 32 / 32 samples
03:22.643  render           | Video append frame 769
03:22.643  render           | Time: 00:00.30 (Saving: 00:00.01)
03:22.643  render           | Rendering frame 770
03:22.643  render           | Start rendering: MORI_Assembly_Animation, 视图层
03:22.644  render           | Engine: EEVEE
03:22.697  render           | Fra: 770 | Rendering 1 / 32 samples
03:22.863  render           | Fra: 770 | Rendering 25 / 32 samples
03:22.918  render           | Fra: 770 | Rendering 32 / 32 samples
03:22.933  render           | Video append frame 770
03:22.933  render           | Time: 00:00.28 (Saving: 00:00.00)
03:22.933  render           | Rendering frame 771
03:22.933  render           | Start rendering: MORI_Assembly_Animation, 视图层
03:22.933  render           | Engine: EEVEE
03:22.985  render           | Fra: 771 | Rendering 1 / 32 samples
03:23.149  render           | Fra: 771 | Rendering 25 / 32 samples
03:23.196  render           | Fra: 771 | Rendering 32 / 32 samples
03:23.214  render           | Video append frame 771
03:23.214  render           | Time: 00:00.28 (Saving: 00:00.01)
03:23.214  render           | Rendering frame 772
03:23.214  render           | Start rendering: MORI_Assembly_Animation, 视图层
03:23.214  render           | Engine: EEVEE
03:23.266  render           | Fra: 772 | Rendering 1 / 32 samples
03:23.429  render           | Fra: 772 | Rendering 25 / 32 samples
03:23.475  render           | Fra: 772 | Rendering 32 / 32 samples
03:23.491  render           | Video append frame 772
03:23.491  render           | Time: 00:00.27 (Saving: 00:00.01)
03:23.491  render           | Rendering frame 773
03:23.491  render           | Start rendering: MORI_Assembly_Animation, 视图层
03:23.491  render           | Engine: EEVEE
03:23.544  render           | Fra: 773 | Rendering 1 / 32 samples
03:23.705  render           | Fra: 773 | Rendering 25 / 32 samples
03:23.752  render           | Fra: 773 | Rendering 32 / 32 samples
03:23.769  render           | Video append frame 773
03:23.769  render           | Time: 00:00.27 (Saving: 00:00.01)
03:23.769  render           | Rendering frame 774
03:23.769  render           | Start rendering: MORI_Assembly_Animation, 视图层
03:23.769  render           | Engine: EEVEE
03:23.819  render           | Fra: 774 | Rendering 1 / 32 samples
03:23.989  render           | Fra: 774 | Rendering 25 / 32 samples
03:24.041  render           | Fra: 774 | Rendering 32 / 32 samples
03:24.061  render           | Video append frame 774
03:24.061  render           | Time: 00:00.29 (Saving: 00:00.01)
03:24.061  render           | Rendering frame 775
03:24.061  render           | Start rendering: MORI_Assembly_Animation, 视图层
03:24.061  render           | Engine: EEVEE
03:24.115  render           | Fra: 775 | Rendering 1 / 32 samples
03:24.279  render           | Fra: 775 | Rendering 25 / 32 samples
03:24.331  render           | Fra: 775 | Rendering 32 / 32 samples
03:24.350  render           | Video append frame 775
03:24.350  render           | Time: 00:00.28 (Saving: 00:00.01)
03:24.350  render           | Rendering frame 776
03:24.350  render           | Start rendering: MORI_Assembly_Animation, 视图层
03:24.350  render           | Engine: EEVEE
03:24.407  render           | Fra: 776 | Rendering 1 / 32 samples
03:24.582  render           | Fra: 776 | Rendering 25 / 32 samples
03:24.632  render           | Fra: 776 | Rendering 32 / 32 samples
03:24.642  render           | Video append frame 776
03:24.642  render           | Time: 00:00.29 (Saving: 00:00.00)
03:24.642  render           | Rendering frame 777
03:24.642  render           | Start rendering: MORI_Assembly_Animation, 视图层
03:24.642  render           | Engine: EEVEE
03:24.705  render           | Fra: 777 | Rendering 1 / 32 samples
03:24.879  render           | Fra: 777 | Rendering 25 / 32 samples
03:24.925  render           | Fra: 777 | Rendering 32 / 32 samples
03:24.934  render           | Video append frame 777
03:24.934  render           | Time: 00:00.29 (Saving: 00:00.00)
03:24.934  render           | Rendering frame 778
03:24.934  render           | Start rendering: MORI_Assembly_Animation, 视图层
03:24.934  render           | Engine: EEVEE
03:24.980  render           | Fra: 778 | Rendering 1 / 32 samples
03:25.140  render           | Fra: 778 | Rendering 25 / 32 samples
03:25.186  render           | Fra: 778 | Rendering 32 / 32 samples
03:25.196  render           | Video append frame 778
03:25.196  render           | Time: 00:00.26 (Saving: 00:00.00)
03:25.196  render           | Rendering frame 779
03:25.196  render           | Start rendering: MORI_Assembly_Animation, 视图层
03:25.196  render           | Engine: EEVEE
03:25.240  render           | Fra: 779 | Rendering 1 / 32 samples
03:25.399  render           | Fra: 779 | Rendering 25 / 32 samples
03:25.444  render           | Fra: 779 | Rendering 32 / 32 samples
03:25.454  render           | Video append frame 779
03:25.454  render           | Time: 00:00.25 (Saving: 00:00.00)
03:25.454  render           | Rendering frame 780
03:25.454  render           | Start rendering: MORI_Assembly_Animation, 视图层
03:25.454  render           | Engine: EEVEE
03:25.497  render           | Fra: 780 | Rendering 1 / 32 samples
03:25.656  render           | Fra: 780 | Rendering 25 / 32 samples
03:25.702  render           | Fra: 780 | Rendering 32 / 32 samples
03:25.712  render           | Video append frame 780
03:25.712  render           | Time: 00:00.25 (Saving: 00:00.00)
03:25.712  render           | Rendering frame 781
03:25.712  render           | Start rendering: MORI_Assembly_Animation, 视图层
03:25.712  render           | Engine: EEVEE
03:25.757  render           | Fra: 781 | Rendering 1 / 32 samples
03:25.916  render           | Fra: 781 | Rendering 25 / 32 samples
03:25.962  render           | Fra: 781 | Rendering 32 / 32 samples
03:25.971  render           | Video append frame 781
03:25.971  render           | Time: 00:00.25 (Saving: 00:00.00)
03:25.971  render           | Rendering frame 782
03:25.971  render           | Start rendering: MORI_Assembly_Animation, 视图层
03:25.971  render           | Engine: EEVEE
03:26.017  render           | Fra: 782 | Rendering 1 / 32 samples
03:26.174  render           | Fra: 782 | Rendering 25 / 32 samples
03:26.220  render           | Fra: 782 | Rendering 32 / 32 samples
03:26.230  render           | Video append frame 782
03:26.230  render           | Time: 00:00.25 (Saving: 00:00.00)
03:26.230  render           | Rendering frame 783
03:26.230  render           | Start rendering: MORI_Assembly_Animation, 视图层
03:26.230  render           | Engine: EEVEE
03:26.274  render           | Fra: 783 | Rendering 1 / 32 samples
03:26.432  render           | Fra: 783 | Rendering 25 / 32 samples
03:26.478  render           | Fra: 783 | Rendering 32 / 32 samples
03:26.487  render           | Video append frame 783
03:26.487  render           | Time: 00:00.25 (Saving: 00:00.00)
03:26.487  render           | Rendering frame 784
03:26.487  render           | Start rendering: MORI_Assembly_Animation, 视图层
03:26.487  render           | Engine: EEVEE
03:26.547  render           | Fra: 784 | Rendering 1 / 32 samples
03:26.706  render           | Fra: 784 | Rendering 25 / 32 samples
03:26.752  render           | Fra: 784 | Rendering 32 / 32 samples
03:26.762  render           | Video append frame 784
03:26.762  render           | Time: 00:00.27 (Saving: 00:00.00)
03:26.762  render           | Rendering frame 785
03:26.762  render           | Start rendering: MORI_Assembly_Animation, 视图层
03:26.762  render           | Engine: EEVEE
03:26.819  render           | Fra: 785 | Rendering 1 / 32 samples
03:26.976  render           | Fra: 785 | Rendering 25 / 32 samples
03:27.021  render           | Fra: 785 | Rendering 32 / 32 samples
03:27.030  render           | Video append frame 785
03:27.030  render           | Time: 00:00.26 (Saving: 00:00.00)
03:27.030  render           | Rendering frame 786
03:27.030  render           | Start rendering: MORI_Assembly_Animation, 视图层
03:27.030  render           | Engine: EEVEE
03:27.073  render           | Fra: 786 | Rendering 1 / 32 samples
03:27.227  render           | Fra: 786 | Rendering 25 / 32 samples
03:27.273  render           | Fra: 786 | Rendering 32 / 32 samples
03:27.282  render           | Video append frame 786
03:27.282  render           | Time: 00:00.25 (Saving: 00:00.00)
03:27.282  render           | Rendering frame 787
03:27.282  render           | Start rendering: MORI_Assembly_Animation, 视图层
03:27.282  render           | Engine: EEVEE
03:27.329  render           | Fra: 787 | Rendering 1 / 32 samples
03:27.484  render           | Fra: 787 | Rendering 25 / 32 samples
03:27.530  render           | Fra: 787 | Rendering 32 / 32 samples
03:27.539  render           | Video append frame 787
03:27.539  render           | Time: 00:00.25 (Saving: 00:00.00)
03:27.539  render           | Rendering frame 788
03:27.539  render           | Start rendering: MORI_Assembly_Animation, 视图层
03:27.539  render           | Engine: EEVEE
03:27.586  render           | Fra: 788 | Rendering 1 / 32 samples
03:27.741  render           | Fra: 788 | Rendering 25 / 32 samples
03:27.787  render           | Fra: 788 | Rendering 32 / 32 samples
03:27.797  render           | Video append frame 788
03:27.797  render           | Time: 00:00.25 (Saving: 00:00.00)
03:27.797  render           | Rendering frame 789
03:27.797  render           | Start rendering: MORI_Assembly_Animation, 视图层
03:27.797  render           | Engine: EEVEE
03:27.842  render           | Fra: 789 | Rendering 1 / 32 samples
03:27.997  render           | Fra: 789 | Rendering 25 / 32 samples
03:28.043  render           | Fra: 789 | Rendering 32 / 32 samples
03:28.052  render           | Video append frame 789
03:28.052  render           | Time: 00:00.25 (Saving: 00:00.00)
03:28.052  render           | Rendering frame 790
03:28.053  render           | Start rendering: MORI_Assembly_Animation, 视图层
03:28.053  render           | Engine: EEVEE
03:28.097  render           | Fra: 790 | Rendering 1 / 32 samples
03:28.253  render           | Fra: 790 | Rendering 25 / 32 samples
03:28.299  render           | Fra: 790 | Rendering 32 / 32 samples
03:28.308  render           | Video append frame 790
03:28.308  render           | Time: 00:00.25 (Saving: 00:00.00)
03:28.308  render           | Rendering frame 791
03:28.308  render           | Start rendering: MORI_Assembly_Animation, 视图层
03:28.308  render           | Engine: EEVEE
03:28.351  render           | Fra: 791 | Rendering 1 / 32 samples
03:28.507  render           | Fra: 791 | Rendering 25 / 32 samples
03:28.553  render           | Fra: 791 | Rendering 32 / 32 samples
03:28.563  render           | Video append frame 791
03:28.563  render           | Time: 00:00.25 (Saving: 00:00.00)
03:28.563  render           | Rendering frame 792
03:28.563  render           | Start rendering: MORI_Assembly_Animation, 视图层
03:28.563  render           | Engine: EEVEE
03:28.605  render           | Fra: 792 | Rendering 1 / 32 samples
03:28.759  render           | Fra: 792 | Rendering 25 / 32 samples
03:28.802  render           | Fra: 792 | Rendering 32 / 32 samples
03:28.811  render           | Video append frame 792
03:28.811  render           | Time: 00:00.24 (Saving: 00:00.00)
03:28.811  render           | Rendering frame 793
03:28.811  render           | Start rendering: MORI_Assembly_Animation, 视图层
03:28.811  render           | Engine: EEVEE
03:28.853  render           | Fra: 793 | Rendering 1 / 32 samples
03:29.002  render           | Fra: 793 | Rendering 25 / 32 samples
03:29.046  render           | Fra: 793 | Rendering 32 / 32 samples
03:29.055  render           | Video append frame 793
03:29.055  render           | Time: 00:00.24 (Saving: 00:00.00)
03:29.055  render           | Rendering frame 794
03:29.055  render           | Start rendering: MORI_Assembly_Animation, 视图层
03:29.055  render           | Engine: EEVEE
03:29.097  render           | Fra: 794 | Rendering 1 / 32 samples
03:29.237  render           | Fra: 794 | Rendering 25 / 32 samples
03:29.278  render           | Fra: 794 | Rendering 32 / 32 samples
03:29.287  render           | Video append frame 794
03:29.287  render           | Time: 00:00.23 (Saving: 00:00.00)
03:29.287  render           | Rendering frame 795
03:29.287  render           | Start rendering: MORI_Assembly_Animation, 视图层
03:29.287  render           | Engine: EEVEE
03:29.330  render           | Fra: 795 | Rendering 1 / 32 samples
03:29.473  render           | Fra: 795 | Rendering 25 / 32 samples
03:29.512  render           | Fra: 795 | Rendering 32 / 32 samples
03:29.521  render           | Video append frame 795
03:29.521  render           | Time: 00:00.23 (Saving: 00:00.00)
03:29.521  render           | Rendering frame 796
03:29.521  render           | Start rendering: MORI_Assembly_Animation, 视图层
03:29.521  render           | Engine: EEVEE
03:29.562  render           | Fra: 796 | Rendering 1 / 32 samples
03:29.702  render           | Fra: 796 | Rendering 25 / 32 samples
03:29.744  render           | Fra: 796 | Rendering 32 / 32 samples
03:29.753  render           | Video append frame 796
03:29.753  render           | Time: 00:00.23 (Saving: 00:00.00)
03:29.753  render           | Rendering frame 797
03:29.753  render           | Start rendering: MORI_Assembly_Animation, 视图层
03:29.753  render           | Engine: EEVEE
03:29.797  render           | Fra: 797 | Rendering 1 / 32 samples
03:29.941  render           | Fra: 797 | Rendering 25 / 32 samples
03:29.984  render           | Fra: 797 | Rendering 32 / 32 samples
03:29.993  render           | Video append frame 797
03:29.993  render           | Time: 00:00.23 (Saving: 00:00.00)
03:29.993  render           | Rendering frame 798
03:29.993  render           | Start rendering: MORI_Assembly_Animation, 视图层
03:29.993  render           | Engine: EEVEE
03:30.036  render           | Fra: 798 | Rendering 1 / 32 samples
03:30.186  render           | Fra: 798 | Rendering 25 / 32 samples
03:30.230  render           | Fra: 798 | Rendering 32 / 32 samples
03:30.239  render           | Video append frame 798
03:30.239  render           | Time: 00:00.24 (Saving: 00:00.00)
03:30.239  render           | Rendering frame 799
03:30.239  render           | Start rendering: MORI_Assembly_Animation, 视图层
03:30.239  render           | Engine: EEVEE
03:30.282  render           | Fra: 799 | Rendering 1 / 32 samples
03:30.426  render           | Fra: 799 | Rendering 25 / 32 samples
03:30.471  render           | Fra: 799 | Rendering 32 / 32 samples
03:30.480  render           | Video append frame 799
03:30.480  render           | Time: 00:00.24 (Saving: 00:00.00)
03:30.480  render           | Rendering frame 800
03:30.480  render           | Start rendering: MORI_Assembly_Animation, 视图层
03:30.480  render           | Engine: EEVEE
03:30.523  render           | Fra: 800 | Rendering 1 / 32 samples
03:30.670  render           | Fra: 800 | Rendering 25 / 32 samples
03:30.713  render           | Fra: 800 | Rendering 32 / 32 samples
03:30.722  render           | Video append frame 800
03:30.722  render           | Time: 00:00.24 (Saving: 00:00.00)
03:30.722  render           | Rendering frame 801
03:30.722  render           | Start rendering: MORI_Assembly_Animation, 视图层
03:30.722  render           | Engine: EEVEE
03:30.766  render           | Fra: 801 | Rendering 1 / 32 samples
03:30.915  render           | Fra: 801 | Rendering 25 / 32 samples
03:30.959  render           | Fra: 801 | Rendering 32 / 32 samples
03:30.968  render           | Video append frame 801
03:30.968  render           | Time: 00:00.24 (Saving: 00:00.00)
03:30.968  render           | Rendering frame 802
03:30.968  render           | Start rendering: MORI_Assembly_Animation, 视图层
03:30.968  render           | Engine: EEVEE
03:31.013  render           | Fra: 802 | Rendering 1 / 32 samples
03:31.166  render           | Fra: 802 | Rendering 25 / 32 samples
03:31.210  render           | Fra: 802 | Rendering 32 / 32 samples
03:31.219  render           | Video append frame 802
03:31.219  render           | Time: 00:00.25 (Saving: 00:00.00)
03:31.219  render           | Rendering frame 803
03:31.219  render           | Start rendering: MORI_Assembly_Animation, 视图层
03:31.219  render           | Engine: EEVEE
03:31.264  render           | Fra: 803 | Rendering 1 / 32 samples
03:31.413  render           | Fra: 803 | Rendering 25 / 32 samples
03:31.456  render           | Fra: 803 | Rendering 32 / 32 samples
03:31.465  render           | Video append frame 803
03:31.465  render           | Time: 00:00.24 (Saving: 00:00.00)
03:31.465  render           | Rendering frame 804
03:31.465  render           | Start rendering: MORI_Assembly_Animation, 视图层
03:31.465  render           | Engine: EEVEE
03:31.508  render           | Fra: 804 | Rendering 1 / 32 samples
03:31.654  render           | Fra: 804 | Rendering 25 / 32 samples
03:31.698  render           | Fra: 804 | Rendering 32 / 32 samples
03:31.707  render           | Video append frame 804
03:31.707  render           | Time: 00:00.24 (Saving: 00:00.00)
03:31.707  render           | Rendering frame 805
03:31.707  render           | Start rendering: MORI_Assembly_Animation, 视图层
03:31.707  render           | Engine: EEVEE
03:31.750  render           | Fra: 805 | Rendering 1 / 32 samples
03:31.894  render           | Fra: 805 | Rendering 25 / 32 samples
03:31.939  render           | Fra: 805 | Rendering 32 / 32 samples
03:31.948  render           | Video append frame 805
03:31.948  render           | Time: 00:00.24 (Saving: 00:00.00)
03:31.948  render           | Rendering frame 806
03:31.949  render           | Start rendering: MORI_Assembly_Animation, 视图层
03:31.949  render           | Engine: EEVEE
03:31.993  render           | Fra: 806 | Rendering 1 / 32 samples
03:32.139  render           | Fra: 806 | Rendering 25 / 32 samples
03:32.181  render           | Fra: 806 | Rendering 32 / 32 samples
03:32.190  render           | Video append frame 806
03:32.190  render           | Time: 00:00.24 (Saving: 00:00.00)
03:32.190  render           | Rendering frame 807
03:32.190  render           | Start rendering: MORI_Assembly_Animation, 视图层
03:32.190  render           | Engine: EEVEE
03:32.232  render           | Fra: 807 | Rendering 1 / 32 samples
03:32.377  render           | Fra: 807 | Rendering 25 / 32 samples
03:32.422  render           | Fra: 807 | Rendering 32 / 32 samples
03:32.431  render           | Video append frame 807
03:32.431  render           | Time: 00:00.24 (Saving: 00:00.00)
03:32.431  render           | Rendering frame 808
03:32.431  render           | Start rendering: MORI_Assembly_Animation, 视图层
03:32.431  render           | Engine: EEVEE
03:32.474  render           | Fra: 808 | Rendering 1 / 32 samples
03:32.620  render           | Fra: 808 | Rendering 25 / 32 samples
03:32.662  render           | Fra: 808 | Rendering 32 / 32 samples
03:32.671  render           | Video append frame 808
03:32.671  render           | Time: 00:00.23 (Saving: 00:00.00)
03:32.671  render           | Rendering frame 809
03:32.671  render           | Start rendering: MORI_Assembly_Animation, 视图层
03:32.671  render           | Engine: EEVEE
03:32.713  render           | Fra: 809 | Rendering 1 / 32 samples
03:32.856  render           | Fra: 809 | Rendering 25 / 32 samples
03:32.899  render           | Fra: 809 | Rendering 32 / 32 samples
03:32.908  render           | Video append frame 809
03:32.908  render           | Time: 00:00.23 (Saving: 00:00.00)
03:32.908  render           | Rendering frame 810
03:32.908  render           | Start rendering: MORI_Assembly_Animation, 视图层
03:32.908  render           | Engine: EEVEE
03:32.950  render           | Fra: 810 | Rendering 1 / 32 samples
03:33.093  render           | Fra: 810 | Rendering 25 / 32 samples
03:33.136  render           | Fra: 810 | Rendering 32 / 32 samples
03:33.145  render           | Video append frame 810
03:33.145  render           | Time: 00:00.23 (Saving: 00:00.00)
03:33.145  render           | Rendering frame 811
03:33.146  render           | Start rendering: MORI_Assembly_Animation, 视图层
03:33.146  render           | Engine: EEVEE
03:33.189  render           | Fra: 811 | Rendering 1 / 32 samples
03:33.333  render           | Fra: 811 | Rendering 25 / 32 samples
03:33.374  render           | Fra: 811 | Rendering 32 / 32 samples
03:33.382  render           | Video append frame 811
03:33.382  render           | Time: 00:00.23 (Saving: 00:00.00)
03:33.382  render           | Rendering frame 812
03:33.383  render           | Start rendering: MORI_Assembly_Animation, 视图层
03:33.383  render           | Engine: EEVEE
03:33.425  render           | Fra: 812 | Rendering 1 / 32 samples
03:33.557  render           | Fra: 812 | Rendering 25 / 32 samples
03:33.596  render           | Fra: 812 | Rendering 32 / 32 samples
03:33.604  render           | Video append frame 812
03:33.604  render           | Time: 00:00.22 (Saving: 00:00.00)
03:33.604  render           | Rendering frame 813
03:33.604  render           | Start rendering: MORI_Assembly_Animation, 视图层
03:33.604  render           | Engine: EEVEE
03:33.644  render           | Fra: 813 | Rendering 1 / 32 samples
03:33.773  render           | Fra: 813 | Rendering 25 / 32 samples
03:33.811  render           | Fra: 813 | Rendering 32 / 32 samples
03:33.820  render           | Video append frame 813
03:33.820  render           | Time: 00:00.21 (Saving: 00:00.00)
03:33.820  render           | Rendering frame 814
03:33.820  render           | Start rendering: MORI_Assembly_Animation, 视图层
03:33.820  render           | Engine: EEVEE
03:33.864  render           | Fra: 814 | Rendering 1 / 32 samples
03:33.995  render           | Fra: 814 | Rendering 25 / 32 samples
03:34.034  render           | Fra: 814 | Rendering 32 / 32 samples
03:34.043  render           | Video append frame 814
03:34.043  render           | Time: 00:00.22 (Saving: 00:00.00)
03:34.043  render           | Rendering frame 815
03:34.043  render           | Start rendering: MORI_Assembly_Animation, 视图层
03:34.043  render           | Engine: EEVEE
03:34.085  render           | Fra: 815 | Rendering 1 / 32 samples
03:34.218  render           | Fra: 815 | Rendering 25 / 32 samples
03:34.255  render           | Fra: 815 | Rendering 32 / 32 samples
03:34.264  render           | Video append frame 815
03:34.264  render           | Time: 00:00.22 (Saving: 00:00.00)
03:34.264  render           | Rendering frame 816
03:34.264  render           | Start rendering: MORI_Assembly_Animation, 视图层
03:34.264  render           | Engine: EEVEE
03:34.310  render           | Fra: 816 | Rendering 1 / 32 samples
03:34.440  render           | Fra: 816 | Rendering 25 / 32 samples
03:34.479  render           | Fra: 816 | Rendering 32 / 32 samples
03:34.488  render           | Video append frame 816
03:34.488  render           | Time: 00:00.22 (Saving: 00:00.00)
03:34.488  render           | Rendering frame 817
03:34.488  render           | Start rendering: MORI_Assembly_Animation, 视图层
03:34.488  render           | Engine: EEVEE
03:34.539  render           | Fra: 817 | Rendering 1 / 32 samples
03:34.667  render           | Fra: 817 | Rendering 25 / 32 samples
03:34.707  render           | Fra: 817 | Rendering 32 / 32 samples
03:34.716  render           | Video append frame 817
03:34.716  render           | Time: 00:00.22 (Saving: 00:00.00)
03:34.716  render           | Rendering frame 818
03:34.716  render           | Start rendering: MORI_Assembly_Animation, 视图层
03:34.716  render           | Engine: EEVEE
03:34.762  render           | Fra: 818 | Rendering 1 / 32 samples
03:34.896  render           | Fra: 818 | Rendering 25 / 32 samples
03:34.938  render           | Fra: 818 | Rendering 32 / 32 samples
03:34.947  render           | Video append frame 818
03:34.947  render           | Time: 00:00.23 (Saving: 00:00.00)
03:34.947  render           | Rendering frame 819
03:34.947  render           | Start rendering: MORI_Assembly_Animation, 视图层
03:34.947  render           | Engine: EEVEE
03:35.017  render           | Fra: 819 | Rendering 1 / 32 samples
03:35.179  render           | Fra: 819 | Rendering 25 / 32 samples
03:35.226  render           | Fra: 819 | Rendering 32 / 32 samples
03:35.236  render           | Video append frame 819
03:35.236  render           | Time: 00:00.28 (Saving: 00:00.00)
03:35.236  render           | Rendering frame 820
03:35.236  render           | Start rendering: MORI_Assembly_Animation, 视图层
03:35.236  render           | Engine: EEVEE
03:35.286  render           | Fra: 820 | Rendering 1 / 32 samples
03:35.447  render           | Fra: 820 | Rendering 25 / 32 samples
03:35.493  render           | Fra: 820 | Rendering 32 / 32 samples
03:35.502  render           | Video append frame 820
03:35.502  render           | Time: 00:00.26 (Saving: 00:00.00)
03:35.502  render           | Rendering frame 821
03:35.502  render           | Start rendering: MORI_Assembly_Animation, 视图层
03:35.502  render           | Engine: EEVEE
03:35.549  render           | Fra: 821 | Rendering 1 / 32 samples
03:35.709  render           | Fra: 821 | Rendering 25 / 32 samples
03:35.755  render           | Fra: 821 | Rendering 32 / 32 samples
03:35.765  render           | Video append frame 821
03:35.765  render           | Time: 00:00.26 (Saving: 00:00.00)
03:35.765  render           | Rendering frame 822
03:35.765  render           | Start rendering: MORI_Assembly_Animation, 视图层
03:35.765  render           | Engine: EEVEE
03:35.812  render           | Fra: 822 | Rendering 1 / 32 samples
03:35.972  render           | Fra: 822 | Rendering 25 / 32 samples
03:36.018  render           | Fra: 822 | Rendering 32 / 32 samples
03:36.027  render           | Video append frame 822
03:36.027  render           | Time: 00:00.26 (Saving: 00:00.00)
03:36.027  render           | Rendering frame 823
03:36.027  render           | Start rendering: MORI_Assembly_Animation, 视图层
03:36.027  render           | Engine: EEVEE
03:36.076  render           | Fra: 823 | Rendering 1 / 32 samples
03:36.231  render           | Fra: 823 | Rendering 25 / 32 samples
03:36.274  render           | Fra: 823 | Rendering 32 / 32 samples
03:36.283  render           | Video append frame 823
03:36.283  render           | Time: 00:00.25 (Saving: 00:00.00)
03:36.283  render           | Rendering frame 824
03:36.284  render           | Start rendering: MORI_Assembly_Animation, 视图层
03:36.284  render           | Engine: EEVEE
03:36.338  render           | Fra: 824 | Rendering 1 / 32 samples
03:36.495  render           | Fra: 824 | Rendering 25 / 32 samples
03:36.542  render           | Fra: 824 | Rendering 32 / 32 samples
03:36.551  render           | Video append frame 824
03:36.551  render           | Time: 00:00.26 (Saving: 00:00.00)
03:36.551  render           | Rendering frame 825
03:36.551  render           | Start rendering: MORI_Assembly_Animation, 视图层
03:36.551  render           | Engine: EEVEE
03:36.598  render           | Fra: 825 | Rendering 1 / 32 samples
03:36.752  render           | Fra: 825 | Rendering 25 / 32 samples
03:36.797  render           | Fra: 825 | Rendering 32 / 32 samples
03:36.806  render           | Video append frame 825
03:36.806  render           | Time: 00:00.25 (Saving: 00:00.00)
03:36.806  render           | Rendering frame 826
03:36.807  render           | Start rendering: MORI_Assembly_Animation, 视图层
03:36.807  render           | Engine: EEVEE
03:36.861  render           | Fra: 826 | Rendering 1 / 32 samples
03:37.018  render           | Fra: 826 | Rendering 25 / 32 samples
03:37.064  render           | Fra: 826 | Rendering 32 / 32 samples
03:37.074  render           | Video append frame 826
03:37.074  render           | Time: 00:00.26 (Saving: 00:00.00)
03:37.074  render           | Rendering frame 827
03:37.074  render           | Start rendering: MORI_Assembly_Animation, 视图层
03:37.074  render           | Engine: EEVEE
03:37.120  render           | Fra: 827 | Rendering 1 / 32 samples
03:37.276  render           | Fra: 827 | Rendering 25 / 32 samples
03:37.322  render           | Fra: 827 | Rendering 32 / 32 samples
03:37.332  render           | Video append frame 827
03:37.332  render           | Time: 00:00.25 (Saving: 00:00.00)
03:37.332  render           | Rendering frame 828
03:37.332  render           | Start rendering: MORI_Assembly_Animation, 视图层
03:37.332  render           | Engine: EEVEE
03:37.379  render           | Fra: 828 | Rendering 1 / 32 samples
03:37.539  render           | Fra: 828 | Rendering 25 / 32 samples
03:37.585  render           | Fra: 828 | Rendering 32 / 32 samples
03:37.594  render           | Video append frame 828
03:37.594  render           | Time: 00:00.26 (Saving: 00:00.00)
03:37.594  render           | Rendering frame 829
03:37.594  render           | Start rendering: MORI_Assembly_Animation, 视图层
03:37.594  render           | Engine: EEVEE
03:37.645  render           | Fra: 829 | Rendering 1 / 32 samples
03:37.805  render           | Fra: 829 | Rendering 25 / 32 samples
03:37.850  render           | Fra: 829 | Rendering 32 / 32 samples
03:37.859  render           | Video append frame 829
03:37.859  render           | Time: 00:00.26 (Saving: 00:00.00)
03:37.859  render           | Rendering frame 830
03:37.859  render           | Start rendering: MORI_Assembly_Animation, 视图层
03:37.859  render           | Engine: EEVEE
03:37.915  render           | Fra: 830 | Rendering 1 / 32 samples
03:38.074  render           | Fra: 830 | Rendering 25 / 32 samples
03:38.120  render           | Fra: 830 | Rendering 32 / 32 samples
03:38.130  render           | Video append frame 830
03:38.130  render           | Time: 00:00.27 (Saving: 00:00.00)
03:38.130  render           | Rendering frame 831
03:38.130  render           | Start rendering: MORI_Assembly_Animation, 视图层
03:38.130  render           | Engine: EEVEE
03:38.179  render           | Fra: 831 | Rendering 1 / 32 samples
03:38.339  render           | Fra: 831 | Rendering 25 / 32 samples
03:38.384  render           | Fra: 831 | Rendering 32 / 32 samples
03:38.394  render           | Video append frame 831
03:38.394  render           | Time: 00:00.26 (Saving: 00:00.00)
03:38.394  render           | Rendering frame 832
03:38.394  render           | Start rendering: MORI_Assembly_Animation, 视图层
03:38.394  render           | Engine: EEVEE
03:38.444  render           | Fra: 832 | Rendering 1 / 32 samples
03:38.604  render           | Fra: 832 | Rendering 25 / 32 samples
03:38.650  render           | Fra: 832 | Rendering 32 / 32 samples
03:38.660  render           | Video append frame 832
03:38.660  render           | Time: 00:00.26 (Saving: 00:00.00)
03:38.660  render           | Rendering frame 833
03:38.660  render           | Start rendering: MORI_Assembly_Animation, 视图层
03:38.660  render           | Engine: EEVEE
03:38.710  render           | Fra: 833 | Rendering 1 / 32 samples
03:38.870  render           | Fra: 833 | Rendering 25 / 32 samples
03:38.916  render           | Fra: 833 | Rendering 32 / 32 samples
03:38.926  render           | Video append frame 833
03:38.926  render           | Time: 00:00.26 (Saving: 00:00.00)
03:38.926  render           | Rendering frame 834
03:38.926  render           | Start rendering: MORI_Assembly_Animation, 视图层
03:38.926  render           | Engine: EEVEE
03:38.977  render           | Fra: 834 | Rendering 1 / 32 samples
03:39.137  render           | Fra: 834 | Rendering 25 / 32 samples
03:39.184  render           | Fra: 834 | Rendering 32 / 32 samples
03:39.194  render           | Video append frame 834
03:39.194  render           | Time: 00:00.26 (Saving: 00:00.00)
03:39.194  render           | Rendering frame 835
03:39.194  render           | Start rendering: MORI_Assembly_Animation, 视图层
03:39.194  render           | Engine: EEVEE
03:39.245  render           | Fra: 835 | Rendering 1 / 32 samples
03:39.404  render           | Fra: 835 | Rendering 25 / 32 samples
03:39.450  render           | Fra: 835 | Rendering 32 / 32 samples
03:39.460  render           | Video append frame 835
03:39.460  render           | Time: 00:00.26 (Saving: 00:00.00)
03:39.460  render           | Rendering frame 836
03:39.460  render           | Start rendering: MORI_Assembly_Animation, 视图层
03:39.460  render           | Engine: EEVEE
03:39.508  render           | Fra: 836 | Rendering 1 / 32 samples
03:39.664  render           | Fra: 836 | Rendering 25 / 32 samples
03:39.709  render           | Fra: 836 | Rendering 32 / 32 samples
03:39.718  render           | Video append frame 836
03:39.718  render           | Time: 00:00.25 (Saving: 00:00.00)
03:39.718  render           | Rendering frame 837
03:39.719  render           | Start rendering: MORI_Assembly_Animation, 视图层
03:39.719  render           | Engine: EEVEE
03:39.768  render           | Fra: 837 | Rendering 1 / 32 samples
03:39.922  render           | Fra: 837 | Rendering 25 / 32 samples
03:39.965  render           | Fra: 837 | Rendering 32 / 32 samples
03:39.974  render           | Video append frame 837
03:39.974  render           | Time: 00:00.25 (Saving: 00:00.00)
03:39.974  render           | Rendering frame 838
03:39.974  render           | Start rendering: MORI_Assembly_Animation, 视图层
03:39.974  render           | Engine: EEVEE
03:40.025  render           | Fra: 838 | Rendering 1 / 32 samples
03:40.168  render           | Fra: 838 | Rendering 25 / 32 samples
03:40.209  render           | Fra: 838 | Rendering 32 / 32 samples
03:40.218  render           | Video append frame 838
03:40.218  render           | Time: 00:00.24 (Saving: 00:00.00)
03:40.218  render           | Rendering frame 839
03:40.218  render           | Start rendering: MORI_Assembly_Animation, 视图层
03:40.218  render           | Engine: EEVEE
03:40.267  render           | Fra: 839 | Rendering 1 / 32 samples
03:40.406  render           | Fra: 839 | Rendering 25 / 32 samples
03:40.446  render           | Fra: 839 | Rendering 32 / 32 samples
03:40.456  render           | Video append frame 839
03:40.456  render           | Time: 00:00.23 (Saving: 00:00.00)
03:40.456  render           | Rendering frame 840
03:40.456  render           | Start rendering: MORI_Assembly_Animation, 视图层
03:40.456  render           | Engine: EEVEE
03:40.503  render           | Fra: 840 | Rendering 1 / 32 samples
03:40.643  render           | Fra: 840 | Rendering 25 / 32 samples
03:40.684  render           | Fra: 840 | Rendering 32 / 32 samples
03:40.693  render           | Video append frame 840
03:40.693  render           | Time: 00:00.23 (Saving: 00:00.00)
03:40.693  render           | Rendering frame 841
03:40.693  render           | Start rendering: MORI_Assembly_Animation, 视图层
03:40.693  render           | Engine: EEVEE
03:40.742  render           | Fra: 841 | Rendering 1 / 32 samples
03:40.883  render           | Fra: 841 | Rendering 25 / 32 samples
03:40.924  render           | Fra: 841 | Rendering 32 / 32 samples
03:40.934  render           | Video append frame 841
03:40.934  render           | Time: 00:00.24 (Saving: 00:00.00)
03:40.934  render           | Rendering frame 842
03:40.934  render           | Start rendering: MORI_Assembly_Animation, 视图层
03:40.934  render           | Engine: EEVEE
03:40.982  render           | Fra: 842 | Rendering 1 / 32 samples
03:41.122  render           | Fra: 842 | Rendering 25 / 32 samples
03:41.162  render           | Fra: 842 | Rendering 32 / 32 samples
03:41.172  render           | Video append frame 842
03:41.172  render           | Time: 00:00.23 (Saving: 00:00.00)
03:41.172  render           | Rendering frame 843
03:41.172  render           | Start rendering: MORI_Assembly_Animation, 视图层
03:41.172  render           | Engine: EEVEE
03:41.222  render           | Fra: 843 | Rendering 1 / 32 samples
03:41.363  render           | Fra: 843 | Rendering 25 / 32 samples
03:41.402  render           | Fra: 843 | Rendering 32 / 32 samples
03:41.412  render           | Video append frame 843
03:41.412  render           | Time: 00:00.24 (Saving: 00:00.00)
03:41.412  render           | Rendering frame 844
03:41.412  render           | Start rendering: MORI_Assembly_Animation, 视图层
03:41.412  render           | Engine: EEVEE
03:41.462  render           | Fra: 844 | Rendering 1 / 32 samples
03:41.601  render           | Fra: 844 | Rendering 25 / 32 samples
03:41.641  render           | Fra: 844 | Rendering 32 / 32 samples
03:41.650  render           | Video append frame 844
03:41.650  render           | Time: 00:00.23 (Saving: 00:00.00)
03:41.650  render           | Rendering frame 845
03:41.650  render           | Start rendering: MORI_Assembly_Animation, 视图层
03:41.650  render           | Engine: EEVEE
03:41.699  render           | Fra: 845 | Rendering 1 / 32 samples
03:41.841  render           | Fra: 845 | Rendering 25 / 32 samples
03:41.881  render           | Fra: 845 | Rendering 32 / 32 samples
03:41.890  render           | Video append frame 845
03:41.890  render           | Time: 00:00.24 (Saving: 00:00.00)
03:41.891  render           | Rendering frame 846
03:41.891  render           | Start rendering: MORI_Assembly_Animation, 视图层
03:41.891  render           | Engine: EEVEE
03:41.938  render           | Fra: 846 | Rendering 1 / 32 samples
03:42.077  render           | Fra: 846 | Rendering 25 / 32 samples
03:42.118  render           | Fra: 846 | Rendering 32 / 32 samples
03:42.128  render           | Video append frame 846
03:42.128  render           | Time: 00:00.23 (Saving: 00:00.00)
03:42.128  render           | Rendering frame 847
03:42.128  render           | Start rendering: MORI_Assembly_Animation, 视图层
03:42.128  render           | Engine: EEVEE
03:42.185  render           | Fra: 847 | Rendering 1 / 32 samples
03:42.332  render           | Fra: 847 | Rendering 25 / 32 samples
03:42.371  render           | Fra: 847 | Rendering 32 / 32 samples
03:42.380  render           | Video append frame 847
03:42.380  render           | Time: 00:00.25 (Saving: 00:00.00)
03:42.380  render           | Rendering frame 848
03:42.380  render           | Start rendering: MORI_Assembly_Animation, 视图层
03:42.380  render           | Engine: EEVEE
03:42.428  render           | Fra: 848 | Rendering 1 / 32 samples
03:42.568  render           | Fra: 848 | Rendering 25 / 32 samples
03:42.607  render           | Fra: 848 | Rendering 32 / 32 samples
03:42.616  render           | Video append frame 848
03:42.616  render           | Time: 00:00.23 (Saving: 00:00.00)
03:42.616  render           | Rendering frame 849
03:42.616  render           | Start rendering: MORI_Assembly_Animation, 视图层
03:42.616  render           | Engine: EEVEE
03:42.664  render           | Fra: 849 | Rendering 1 / 32 samples
03:42.807  render           | Fra: 849 | Rendering 25 / 32 samples
03:42.846  render           | Fra: 849 | Rendering 32 / 32 samples
03:42.856  render           | Video append frame 849
03:42.856  render           | Time: 00:00.23 (Saving: 00:00.00)
03:42.856  render           | Rendering frame 850
03:42.856  render           | Start rendering: MORI_Assembly_Animation, 视图层
03:42.856  render           | Engine: EEVEE
03:42.904  render           | Fra: 850 | Rendering 1 / 32 samples
03:43.046  render           | Fra: 850 | Rendering 25 / 32 samples
03:43.085  render           | Fra: 850 | Rendering 32 / 32 samples
03:43.095  render           | Video append frame 850
03:43.096  render           | Time: 00:00.23 (Saving: 00:00.00)
03:43.096  render           | Rendering frame 851
03:43.096  render           | Start rendering: MORI_Assembly_Animation, 视图层
03:43.096  render           | Engine: EEVEE
03:43.144  render           | Fra: 851 | Rendering 1 / 32 samples
03:43.284  render           | Fra: 851 | Rendering 25 / 32 samples
03:43.324  render           | Fra: 851 | Rendering 32 / 32 samples
03:43.333  render           | Video append frame 851
03:43.333  render           | Time: 00:00.23 (Saving: 00:00.00)
03:43.333  render           | Rendering frame 852
03:43.333  render           | Start rendering: MORI_Assembly_Animation, 视图层
03:43.333  render           | Engine: EEVEE
03:43.381  render           | Fra: 852 | Rendering 1 / 32 samples
03:43.519  render           | Fra: 852 | Rendering 25 / 32 samples
03:43.559  render           | Fra: 852 | Rendering 32 / 32 samples
03:43.568  render           | Video append frame 852
03:43.568  render           | Time: 00:00.23 (Saving: 00:00.00)
03:43.568  render           | Rendering frame 853
03:43.568  render           | Start rendering: MORI_Assembly_Animation, 视图层
03:43.568  render           | Engine: EEVEE
03:43.615  render           | Fra: 853 | Rendering 1 / 32 samples
03:43.754  render           | Fra: 853 | Rendering 25 / 32 samples
03:43.792  render           | Fra: 853 | Rendering 32 / 32 samples
03:43.801  render           | Video append frame 853
03:43.801  render           | Time: 00:00.23 (Saving: 00:00.00)
03:43.801  render           | Rendering frame 854
03:43.801  render           | Start rendering: MORI_Assembly_Animation, 视图层
03:43.801  render           | Engine: EEVEE
03:43.849  render           | Fra: 854 | Rendering 1 / 32 samples
03:43.990  render           | Fra: 854 | Rendering 25 / 32 samples
03:44.030  render           | Fra: 854 | Rendering 32 / 32 samples
03:44.039  render           | Video append frame 854
03:44.040  render           | Time: 00:00.23 (Saving: 00:00.00)
03:44.040  render           | Rendering frame 855
03:44.040  render           | Start rendering: MORI_Assembly_Animation, 视图层
03:44.040  render           | Engine: EEVEE
03:44.088  render           | Fra: 855 | Rendering 1 / 32 samples
03:44.230  render           | Fra: 855 | Rendering 25 / 32 samples
03:44.268  render           | Fra: 855 | Rendering 32 / 32 samples
03:44.277  render           | Video append frame 855
03:44.277  render           | Time: 00:00.23 (Saving: 00:00.00)
03:44.277  render           | Rendering frame 856
03:44.277  render           | Start rendering: MORI_Assembly_Animation, 视图层
03:44.277  render           | Engine: EEVEE
03:44.326  render           | Fra: 856 | Rendering 1 / 32 samples
03:44.470  render           | Fra: 856 | Rendering 25 / 32 samples
03:44.511  render           | Fra: 856 | Rendering 32 / 32 samples
03:44.521  render           | Video append frame 856
03:44.521  render           | Time: 00:00.24 (Saving: 00:00.00)
03:44.521  render           | Rendering frame 857
03:44.521  render           | Start rendering: MORI_Assembly_Animation, 视图层
03:44.521  render           | Engine: EEVEE
03:44.569  render           | Fra: 857 | Rendering 1 / 32 samples
03:44.707  render           | Fra: 857 | Rendering 25 / 32 samples
03:44.746  render           | Fra: 857 | Rendering 32 / 32 samples
03:44.756  render           | Video append frame 857
03:44.756  render           | Time: 00:00.23 (Saving: 00:00.00)
03:44.756  render           | Rendering frame 858
03:44.756  render           | Start rendering: MORI_Assembly_Animation, 视图层
03:44.756  render           | Engine: EEVEE
03:44.805  render           | Fra: 858 | Rendering 1 / 32 samples
03:44.944  render           | Fra: 858 | Rendering 25 / 32 samples
03:44.984  render           | Fra: 858 | Rendering 32 / 32 samples
03:44.993  render           | Video append frame 858
03:44.993  render           | Time: 00:00.23 (Saving: 00:00.00)
03:44.993  render           | Rendering frame 859
03:44.993  render           | Start rendering: MORI_Assembly_Animation, 视图层
03:44.993  render           | Engine: EEVEE
03:45.040  render           | Fra: 859 | Rendering 1 / 32 samples
03:45.179  render           | Fra: 859 | Rendering 25 / 32 samples
03:45.218  render           | Fra: 859 | Rendering 32 / 32 samples
03:45.228  render           | Video append frame 859
03:45.228  render           | Time: 00:00.23 (Saving: 00:00.00)
03:45.228  render           | Rendering frame 860
03:45.228  render           | Start rendering: MORI_Assembly_Animation, 视图层
03:45.228  render           | Engine: EEVEE
03:45.275  render           | Fra: 860 | Rendering 1 / 32 samples
03:45.415  render           | Fra: 860 | Rendering 25 / 32 samples
03:45.454  render           | Fra: 860 | Rendering 32 / 32 samples
03:45.464  render           | Video append frame 860
03:45.464  render           | Time: 00:00.23 (Saving: 00:00.00)
03:45.464  render           | Rendering frame 861
03:45.464  render           | Start rendering: MORI_Assembly_Animation, 视图层
03:45.464  render           | Engine: EEVEE
03:45.511  render           | Fra: 861 | Rendering 1 / 32 samples
03:45.651  render           | Fra: 861 | Rendering 25 / 32 samples
03:45.691  render           | Fra: 861 | Rendering 32 / 32 samples
03:45.701  render           | Video append frame 861
03:45.701  render           | Time: 00:00.23 (Saving: 00:00.00)
03:45.701  render           | Rendering frame 862
03:45.701  render           | Start rendering: MORI_Assembly_Animation, 视图层
03:45.701  render           | Engine: EEVEE
03:45.749  render           | Fra: 862 | Rendering 1 / 32 samples
03:45.890  render           | Fra: 862 | Rendering 25 / 32 samples
03:45.929  render           | Fra: 862 | Rendering 32 / 32 samples
03:45.938  render           | Video append frame 862
03:45.938  render           | Time: 00:00.23 (Saving: 00:00.00)
03:45.938  render           | Rendering frame 863
03:45.938  render           | Start rendering: MORI_Assembly_Animation, 视图层
03:45.938  render           | Engine: EEVEE
03:45.987  render           | Fra: 863 | Rendering 1 / 32 samples
03:46.125  render           | Fra: 863 | Rendering 25 / 32 samples
03:46.165  render           | Fra: 863 | Rendering 32 / 32 samples
03:46.175  render           | Video append frame 863
03:46.175  render           | Time: 00:00.23 (Saving: 00:00.00)
03:46.175  render           | Rendering frame 864
03:46.175  render           | Start rendering: MORI_Assembly_Animation, 视图层
03:46.175  render           | Engine: EEVEE
03:46.222  render           | Fra: 864 | Rendering 1 / 32 samples
03:46.364  render           | Fra: 864 | Rendering 25 / 32 samples
03:46.401  render           | Fra: 864 | Rendering 32 / 32 samples
03:46.411  render           | Video append frame 864
03:46.411  render           | Time: 00:00.23 (Saving: 00:00.00)
03:46.411  render           | Rendering frame 865
03:46.411  render           | Start rendering: MORI_Assembly_Animation, 视图层
03:46.411  render           | Engine: EEVEE
03:46.465  render           | Fra: 865 | Rendering 1 / 32 samples
03:46.601  render           | Fra: 865 | Rendering 25 / 32 samples
03:46.640  render           | Fra: 865 | Rendering 32 / 32 samples
03:46.650  render           | Video append frame 865
03:46.650  render           | Time: 00:00.23 (Saving: 00:00.00)
03:46.650  render           | Rendering frame 866
03:46.650  render           | Start rendering: MORI_Assembly_Animation, 视图层
03:46.650  render           | Engine: EEVEE
03:46.699  render           | Fra: 866 | Rendering 1 / 32 samples
03:46.836  render           | Fra: 866 | Rendering 25 / 32 samples
03:46.875  render           | Fra: 866 | Rendering 32 / 32 samples
03:46.884  render           | Video append frame 866
03:46.884  render           | Time: 00:00.23 (Saving: 00:00.00)
03:46.884  render           | Rendering frame 867
03:46.884  render           | Start rendering: MORI_Assembly_Animation, 视图层
03:46.884  render           | Engine: EEVEE
03:46.933  render           | Fra: 867 | Rendering 1 / 32 samples
03:47.074  render           | Fra: 867 | Rendering 25 / 32 samples
03:47.113  render           | Fra: 867 | Rendering 32 / 32 samples
03:47.123  render           | Video append frame 867
03:47.123  render           | Time: 00:00.23 (Saving: 00:00.00)
03:47.123  render           | Rendering frame 868
03:47.123  render           | Start rendering: MORI_Assembly_Animation, 视图层
03:47.123  render           | Engine: EEVEE
03:47.173  render           | Fra: 868 | Rendering 1 / 32 samples
03:47.314  render           | Fra: 868 | Rendering 25 / 32 samples
03:47.357  render           | Fra: 868 | Rendering 32 / 32 samples
03:47.367  render           | Video append frame 868
03:47.367  render           | Time: 00:00.24 (Saving: 00:00.00)
03:47.367  render           | Rendering frame 869
03:47.367  render           | Start rendering: MORI_Assembly_Animation, 视图层
03:47.367  render           | Engine: EEVEE
03:47.415  render           | Fra: 869 | Rendering 1 / 32 samples
03:47.552  render           | Fra: 869 | Rendering 25 / 32 samples
03:47.591  render           | Fra: 869 | Rendering 32 / 32 samples
03:47.601  render           | Video append frame 869
03:47.601  render           | Time: 00:00.23 (Saving: 00:00.00)
03:47.601  render           | Rendering frame 870
03:47.601  render           | Start rendering: MORI_Assembly_Animation, 视图层
03:47.601  render           | Engine: EEVEE
03:47.647  render           | Fra: 870 | Rendering 1 / 32 samples
03:47.785  render           | Fra: 870 | Rendering 25 / 32 samples
03:47.824  render           | Fra: 870 | Rendering 32 / 32 samples
03:47.834  render           | Video append frame 870
03:47.834  render           | Time: 00:00.23 (Saving: 00:00.00)
03:47.834  render           | Rendering frame 871
03:47.835  render           | Start rendering: MORI_Assembly_Animation, 视图层
03:47.835  render           | Engine: EEVEE
03:47.883  render           | Fra: 871 | Rendering 1 / 32 samples
03:48.028  render           | Fra: 871 | Rendering 25 / 32 samples
03:48.067  render           | Fra: 871 | Rendering 32 / 32 samples
03:48.076  render           | Video append frame 871
03:48.076  render           | Time: 00:00.24 (Saving: 00:00.00)
03:48.076  render           | Rendering frame 872
03:48.077  render           | Start rendering: MORI_Assembly_Animation, 视图层
03:48.077  render           | Engine: EEVEE
03:48.125  render           | Fra: 872 | Rendering 1 / 32 samples
03:48.265  render           | Fra: 872 | Rendering 25 / 32 samples
03:48.303  render           | Fra: 872 | Rendering 32 / 32 samples
03:48.313  render           | Video append frame 872
03:48.313  render           | Time: 00:00.23 (Saving: 00:00.00)
03:48.313  render           | Rendering frame 873
03:48.314  render           | Start rendering: MORI_Assembly_Animation, 视图层
03:48.314  render           | Engine: EEVEE
03:48.363  render           | Fra: 873 | Rendering 1 / 32 samples
03:48.501  render           | Fra: 873 | Rendering 25 / 32 samples
03:48.541  render           | Fra: 873 | Rendering 32 / 32 samples
03:48.551  render           | Video append frame 873
03:48.551  render           | Time: 00:00.23 (Saving: 00:00.00)
03:48.551  render           | Rendering frame 874
03:48.552  render           | Start rendering: MORI_Assembly_Animation, 视图层
03:48.552  render           | Engine: EEVEE
03:48.603  render           | Fra: 874 | Rendering 1 / 32 samples
03:48.746  render           | Fra: 874 | Rendering 25 / 32 samples
03:48.785  render           | Fra: 874 | Rendering 32 / 32 samples
03:48.795  render           | Video append frame 874
03:48.795  render           | Time: 00:00.24 (Saving: 00:00.00)
03:48.795  render           | Rendering frame 875
03:48.795  render           | Start rendering: MORI_Assembly_Animation, 视图层
03:48.795  render           | Engine: EEVEE
03:48.847  render           | Fra: 875 | Rendering 1 / 32 samples
03:48.986  render           | Fra: 875 | Rendering 25 / 32 samples
03:49.024  render           | Fra: 875 | Rendering 32 / 32 samples
03:49.033  render           | Video append frame 875
03:49.033  render           | Time: 00:00.23 (Saving: 00:00.00)
03:49.033  render           | Rendering frame 876
03:49.033  render           | Start rendering: MORI_Assembly_Animation, 视图层
03:49.033  render           | Engine: EEVEE
03:49.082  render           | Fra: 876 | Rendering 1 / 32 samples
03:49.220  render           | Fra: 876 | Rendering 25 / 32 samples
03:49.260  render           | Fra: 876 | Rendering 32 / 32 samples
03:49.269  render           | Video append frame 876
03:49.269  render           | Time: 00:00.23 (Saving: 00:00.00)
03:49.269  render           | Rendering frame 877
03:49.269  render           | Start rendering: MORI_Assembly_Animation, 视图层
03:49.269  render           | Engine: EEVEE
03:49.318  render           | Fra: 877 | Rendering 1 / 32 samples
03:49.460  render           | Fra: 877 | Rendering 25 / 32 samples
03:49.499  render           | Fra: 877 | Rendering 32 / 32 samples
03:49.508  render           | Video append frame 877
03:49.508  render           | Time: 00:00.23 (Saving: 00:00.00)
03:49.508  render           | Rendering frame 878
03:49.508  render           | Start rendering: MORI_Assembly_Animation, 视图层
03:49.508  render           | Engine: EEVEE
03:49.558  render           | Fra: 878 | Rendering 1 / 32 samples
03:49.697  render           | Fra: 878 | Rendering 25 / 32 samples
03:49.737  render           | Fra: 878 | Rendering 32 / 32 samples
03:49.747  render           | Video append frame 878
03:49.747  render           | Time: 00:00.23 (Saving: 00:00.00)
03:49.747  render           | Rendering frame 879
03:49.747  render           | Start rendering: MORI_Assembly_Animation, 视图层
03:49.747  render           | Engine: EEVEE
03:49.794  render           | Fra: 879 | Rendering 1 / 32 samples
03:49.936  render           | Fra: 879 | Rendering 25 / 32 samples
03:49.976  render           | Fra: 879 | Rendering 32 / 32 samples
03:49.986  render           | Video append frame 879
03:49.986  render           | Time: 00:00.23 (Saving: 00:00.00)
03:49.986  render           | Rendering frame 880
03:49.986  render           | Start rendering: MORI_Assembly_Animation, 视图层
03:49.986  render           | Engine: EEVEE
03:50.035  render           | Fra: 880 | Rendering 1 / 32 samples
03:50.176  render           | Fra: 880 | Rendering 25 / 32 samples
03:50.214  render           | Fra: 880 | Rendering 32 / 32 samples
03:50.223  render           | Video append frame 880
03:50.223  render           | Time: 00:00.23 (Saving: 00:00.00)
03:50.223  render           | Rendering frame 881
03:50.223  render           | Start rendering: MORI_Assembly_Animation, 视图层
03:50.223  render           | Engine: EEVEE
03:50.272  render           | Fra: 881 | Rendering 1 / 32 samples
03:50.413  render           | Fra: 881 | Rendering 25 / 32 samples
03:50.451  render           | Fra: 881 | Rendering 32 / 32 samples
03:50.462  render           | Video append frame 881
03:50.462  render           | Time: 00:00.23 (Saving: 00:00.00)
03:50.462  render           | Rendering frame 882
03:50.462  render           | Start rendering: MORI_Assembly_Animation, 视图层
03:50.462  render           | Engine: EEVEE
03:50.513  render           | Fra: 882 | Rendering 1 / 32 samples
03:50.658  render           | Fra: 882 | Rendering 25 / 32 samples
03:50.696  render           | Fra: 882 | Rendering 32 / 32 samples
03:50.706  render           | Video append frame 882
03:50.706  render           | Time: 00:00.24 (Saving: 00:00.00)
03:50.706  render           | Rendering frame 883
03:50.706  render           | Start rendering: MORI_Assembly_Animation, 视图层
03:50.706  render           | Engine: EEVEE
03:50.754  render           | Fra: 883 | Rendering 1 / 32 samples
03:50.896  render           | Fra: 883 | Rendering 25 / 32 samples
03:50.938  render           | Fra: 883 | Rendering 32 / 32 samples
03:50.947  render           | Video append frame 883
03:50.948  render           | Time: 00:00.24 (Saving: 00:00.00)
03:50.948  render           | Rendering frame 884
03:50.948  render           | Start rendering: MORI_Assembly_Animation, 视图层
03:50.948  render           | Engine: EEVEE
03:50.995  render           | Fra: 884 | Rendering 1 / 32 samples
03:51.138  render           | Fra: 884 | Rendering 25 / 32 samples
03:51.177  render           | Fra: 884 | Rendering 32 / 32 samples
03:51.187  render           | Video append frame 884
03:51.187  render           | Time: 00:00.23 (Saving: 00:00.00)
03:51.187  render           | Rendering frame 885
03:51.187  render           | Start rendering: MORI_Assembly_Animation, 视图层
03:51.187  render           | Engine: EEVEE
03:51.236  render           | Fra: 885 | Rendering 1 / 32 samples
03:51.383  render           | Fra: 885 | Rendering 25 / 32 samples
03:51.425  render           | Fra: 885 | Rendering 32 / 32 samples
03:51.435  render           | Video append frame 885
03:51.435  render           | Time: 00:00.24 (Saving: 00:00.00)
03:51.435  render           | Rendering frame 886
03:51.435  render           | Start rendering: MORI_Assembly_Animation, 视图层
03:51.435  render           | Engine: EEVEE
03:51.480  render           | Fra: 886 | Rendering 1 / 32 samples
03:51.615  render           | Fra: 886 | Rendering 25 / 32 samples
03:51.657  render           | Fra: 886 | Rendering 32 / 32 samples
03:51.667  render           | Video append frame 886
03:51.667  render           | Time: 00:00.23 (Saving: 00:00.00)
03:51.667  render           | Rendering frame 887
03:51.667  render           | Start rendering: MORI_Assembly_Animation, 视图层
03:51.667  render           | Engine: EEVEE
03:51.715  render           | Fra: 887 | Rendering 1 / 32 samples
03:51.851  render           | Fra: 887 | Rendering 25 / 32 samples
03:51.893  render           | Fra: 887 | Rendering 32 / 32 samples
03:51.903  render           | Video append frame 887
03:51.903  render           | Time: 00:00.23 (Saving: 00:00.00)
03:51.903  render           | Rendering frame 888
03:51.903  render           | Start rendering: MORI_Assembly_Animation, 视图层
03:51.903  render           | Engine: EEVEE
03:51.952  render           | Fra: 888 | Rendering 1 / 32 samples
03:52.088  render           | Fra: 888 | Rendering 25 / 32 samples
03:52.129  render           | Fra: 888 | Rendering 32 / 32 samples
03:52.139  render           | Video append frame 888
03:52.139  render           | Time: 00:00.23 (Saving: 00:00.00)
03:52.139  render           | Rendering frame 889
03:52.139  render           | Start rendering: MORI_Assembly_Animation, 视图层
03:52.139  render           | Engine: EEVEE
03:52.189  render           | Fra: 889 | Rendering 1 / 32 samples
03:52.330  render           | Fra: 889 | Rendering 25 / 32 samples
03:52.367  render           | Fra: 889 | Rendering 32 / 32 samples
03:52.377  render           | Video append frame 889
03:52.377  render           | Time: 00:00.23 (Saving: 00:00.00)
03:52.377  render           | Rendering frame 890
03:52.377  render           | Start rendering: MORI_Assembly_Animation, 视图层
03:52.377  render           | Engine: EEVEE
03:52.423  render           | Fra: 890 | Rendering 1 / 32 samples
03:52.563  render           | Fra: 890 | Rendering 25 / 32 samples
03:52.603  render           | Fra: 890 | Rendering 32 / 32 samples
03:52.613  render           | Video append frame 890
03:52.613  render           | Time: 00:00.23 (Saving: 00:00.00)
03:52.613  render           | Rendering frame 891
03:52.613  render           | Start rendering: MORI_Assembly_Animation, 视图层
03:52.613  render           | Engine: EEVEE
03:52.659  render           | Fra: 891 | Rendering 1 / 32 samples
03:52.801  render           | Fra: 891 | Rendering 25 / 32 samples
03:52.841  render           | Fra: 891 | Rendering 32 / 32 samples
03:52.851  render           | Video append frame 891
03:52.851  render           | Time: 00:00.23 (Saving: 00:00.00)
03:52.851  render           | Rendering frame 892
03:52.851  render           | Start rendering: MORI_Assembly_Animation, 视图层
03:52.851  render           | Engine: EEVEE
03:52.898  render           | Fra: 892 | Rendering 1 / 32 samples
03:53.037  render           | Fra: 892 | Rendering 25 / 32 samples
03:53.075  render           | Fra: 892 | Rendering 32 / 32 samples
03:53.084  render           | Video append frame 892
03:53.084  render           | Time: 00:00.23 (Saving: 00:00.00)
03:53.084  render           | Rendering frame 893
03:53.084  render           | Start rendering: MORI_Assembly_Animation, 视图层
03:53.084  render           | Engine: EEVEE
03:53.132  render           | Fra: 893 | Rendering 1 / 32 samples
03:53.269  render           | Fra: 893 | Rendering 25 / 32 samples
03:53.308  render           | Fra: 893 | Rendering 32 / 32 samples
03:53.317  render           | Video append frame 893
03:53.317  render           | Time: 00:00.23 (Saving: 00:00.00)
03:53.317  render           | Rendering frame 894
03:53.317  render           | Start rendering: MORI_Assembly_Animation, 视图层
03:53.317  render           | Engine: EEVEE
03:53.365  render           | Fra: 894 | Rendering 1 / 32 samples
03:53.502  render           | Fra: 894 | Rendering 25 / 32 samples
03:53.543  render           | Fra: 894 | Rendering 32 / 32 samples
03:53.552  render           | Video append frame 894
03:53.552  render           | Time: 00:00.23 (Saving: 00:00.00)
03:53.552  render           | Rendering frame 895
03:53.553  render           | Start rendering: MORI_Assembly_Animation, 视图层
03:53.553  render           | Engine: EEVEE
03:53.607  render           | Fra: 895 | Rendering 1 / 32 samples
03:53.746  render           | Fra: 895 | Rendering 25 / 32 samples
03:53.785  render           | Fra: 895 | Rendering 32 / 32 samples
03:53.796  render           | Video append frame 895
03:53.796  render           | Time: 00:00.24 (Saving: 00:00.00)
03:53.796  render           | Rendering frame 896
03:53.796  render           | Start rendering: MORI_Assembly_Animation, 视图层
03:53.796  render           | Engine: EEVEE
03:53.847  render           | Fra: 896 | Rendering 1 / 32 samples
03:53.988  render           | Fra: 896 | Rendering 25 / 32 samples
03:54.027  render           | Fra: 896 | Rendering 32 / 32 samples
03:54.037  render           | Video append frame 896
03:54.037  render           | Time: 00:00.24 (Saving: 00:00.00)
03:54.037  render           | Rendering frame 897
03:54.037  render           | Start rendering: MORI_Assembly_Animation, 视图层
03:54.037  render           | Engine: EEVEE
03:54.089  render           | Fra: 897 | Rendering 1 / 32 samples
03:54.229  render           | Fra: 897 | Rendering 25 / 32 samples
03:54.269  render           | Fra: 897 | Rendering 32 / 32 samples
03:54.278  render           | Video append frame 897
03:54.278  render           | Time: 00:00.24 (Saving: 00:00.00)
03:54.278  render           | Rendering frame 898
03:54.278  render           | Start rendering: MORI_Assembly_Animation, 视图层
03:54.278  render           | Engine: EEVEE
03:54.325  render           | Fra: 898 | Rendering 1 / 32 samples
03:54.465  render           | Fra: 898 | Rendering 25 / 32 samples
03:54.506  render           | Fra: 898 | Rendering 32 / 32 samples
03:54.515  render           | Video append frame 898
03:54.515  render           | Time: 00:00.23 (Saving: 00:00.00)
03:54.515  render           | Rendering frame 899
03:54.515  render           | Start rendering: MORI_Assembly_Animation, 视图层
03:54.515  render           | Engine: EEVEE
03:54.562  render           | Fra: 899 | Rendering 1 / 32 samples
03:54.702  render           | Fra: 899 | Rendering 25 / 32 samples
03:54.744  render           | Fra: 899 | Rendering 32 / 32 samples
03:54.754  render           | Video append frame 899
03:54.754  render           | Time: 00:00.23 (Saving: 00:00.00)
03:54.754  render           | Rendering frame 900
03:54.754  render           | Start rendering: MORI_Assembly_Animation, 视图层
03:54.754  render           | Engine: EEVEE
03:54.800  render           | Fra: 900 | Rendering 1 / 32 samples
03:54.941  render           | Fra: 900 | Rendering 25 / 32 samples
03:54.981  render           | Fra: 900 | Rendering 32 / 32 samples
03:54.991  render           | Video append frame 900
03:54.991  render           | Time: 00:00.23 (Saving: 00:00.00)
03:54.991  render           | Rendering frame 901
03:54.992  render           | Start rendering: MORI_Assembly_Animation, 视图层
03:54.992  render           | Engine: EEVEE
03:55.041  render           | Fra: 901 | Rendering 1 / 32 samples
03:55.185  render           | Fra: 901 | Rendering 25 / 32 samples
03:55.227  render           | Fra: 901 | Rendering 32 / 32 samples
03:55.237  render           | Video append frame 901
03:55.237  render           | Time: 00:00.24 (Saving: 00:00.00)
03:55.237  render           | Rendering frame 902
03:55.237  render           | Start rendering: MORI_Assembly_Animation, 视图层
03:55.237  render           | Engine: EEVEE
03:55.286  render           | Fra: 902 | Rendering 1 / 32 samples
03:55.435  render           | Fra: 902 | Rendering 25 / 32 samples
03:55.474  render           | Fra: 902 | Rendering 32 / 32 samples
03:55.484  render           | Video append frame 902
03:55.484  render           | Time: 00:00.24 (Saving: 00:00.00)
03:55.484  render           | Rendering frame 903
03:55.484  render           | Start rendering: MORI_Assembly_Animation, 视图层
03:55.484  render           | Engine: EEVEE
03:55.533  render           | Fra: 903 | Rendering 1 / 32 samples
03:55.674  render           | Fra: 903 | Rendering 25 / 32 samples
03:55.713  render           | Fra: 903 | Rendering 32 / 32 samples
03:55.723  render           | Video append frame 903
03:55.723  render           | Time: 00:00.23 (Saving: 00:00.00)
03:55.723  render           | Rendering frame 904
03:55.723  render           | Start rendering: MORI_Assembly_Animation, 视图层
03:55.723  render           | Engine: EEVEE
03:55.770  render           | Fra: 904 | Rendering 1 / 32 samples
03:55.915  render           | Fra: 904 | Rendering 25 / 32 samples
03:55.959  render           | Fra: 904 | Rendering 32 / 32 samples
03:55.969  render           | Video append frame 904
03:55.969  render           | Time: 00:00.24 (Saving: 00:00.00)
03:55.969  render           | Rendering frame 905
03:55.969  render           | Start rendering: MORI_Assembly_Animation, 视图层
03:55.969  render           | Engine: EEVEE
03:56.014  render           | Fra: 905 | Rendering 1 / 32 samples
03:56.153  render           | Fra: 905 | Rendering 25 / 32 samples
03:56.194  render           | Fra: 905 | Rendering 32 / 32 samples
03:56.205  render           | Video append frame 905
03:56.205  render           | Time: 00:00.23 (Saving: 00:00.00)
03:56.205  render           | Rendering frame 906
03:56.205  render           | Start rendering: MORI_Assembly_Animation, 视图层
03:56.205  render           | Engine: EEVEE
03:56.252  render           | Fra: 906 | Rendering 1 / 32 samples
03:56.392  render           | Fra: 906 | Rendering 25 / 32 samples
03:56.432  render           | Fra: 906 | Rendering 32 / 32 samples
03:56.441  render           | Video append frame 906
03:56.441  render           | Time: 00:00.23 (Saving: 00:00.00)
03:56.441  render           | Rendering frame 907
03:56.441  render           | Start rendering: MORI_Assembly_Animation, 视图层
03:56.441  render           | Engine: EEVEE
03:56.490  render           | Fra: 907 | Rendering 1 / 32 samples
03:56.630  render           | Fra: 907 | Rendering 25 / 32 samples
03:56.672  render           | Fra: 907 | Rendering 32 / 32 samples
03:56.682  render           | Video append frame 907
03:56.682  render           | Time: 00:00.24 (Saving: 00:00.00)
03:56.682  render           | Rendering frame 908
03:56.682  render           | Start rendering: MORI_Assembly_Animation, 视图层
03:56.682  render           | Engine: EEVEE
03:56.730  render           | Fra: 908 | Rendering 1 / 32 samples
03:56.872  render           | Fra: 908 | Rendering 25 / 32 samples
03:56.912  render           | Fra: 908 | Rendering 32 / 32 samples
03:56.923  render           | Video append frame 908
03:56.923  render           | Time: 00:00.24 (Saving: 00:00.00)
03:56.923  render           | Rendering frame 909
03:56.923  render           | Start rendering: MORI_Assembly_Animation, 视图层
03:56.923  render           | Engine: EEVEE
03:56.974  render           | Fra: 909 | Rendering 1 / 32 samples
03:57.132  render           | Fra: 909 | Rendering 25 / 32 samples
03:57.179  render           | Fra: 909 | Rendering 32 / 32 samples
03:57.189  render           | Video append frame 909
03:57.189  render           | Time: 00:00.26 (Saving: 00:00.00)
03:57.189  render           | Rendering frame 910
03:57.189  render           | Start rendering: MORI_Assembly_Animation, 视图层
03:57.189  render           | Engine: EEVEE
03:57.240  render           | Fra: 910 | Rendering 1 / 32 samples
03:57.400  render           | Fra: 910 | Rendering 25 / 32 samples
03:57.447  render           | Fra: 910 | Rendering 32 / 32 samples
03:57.456  render           | Video append frame 910
03:57.457  render           | Time: 00:00.26 (Saving: 00:00.00)
03:57.457  render           | Rendering frame 911
03:57.457  render           | Start rendering: MORI_Assembly_Animation, 视图层
03:57.457  render           | Engine: EEVEE
03:57.504  render           | Fra: 911 | Rendering 1 / 32 samples
03:57.663  render           | Fra: 911 | Rendering 25 / 32 samples
03:57.710  render           | Fra: 911 | Rendering 32 / 32 samples
03:57.722  render           | Video append frame 911
03:57.722  render           | Time: 00:00.26 (Saving: 00:00.00)
03:57.722  render           | Rendering frame 912
03:57.722  render           | Start rendering: MORI_Assembly_Animation, 视图层
03:57.722  render           | Engine: EEVEE
03:57.773  render           | Fra: 912 | Rendering 1 / 32 samples
03:57.934  render           | Fra: 912 | Rendering 25 / 32 samples
03:57.982  render           | Fra: 912 | Rendering 32 / 32 samples
03:57.992  render           | Video append frame 912
03:57.992  render           | Time: 00:00.26 (Saving: 00:00.00)
03:57.992  render           | Rendering frame 913
03:57.992  render           | Start rendering: MORI_Assembly_Animation, 视图层
03:57.992  render           | Engine: EEVEE
03:58.047  render           | Fra: 913 | Rendering 1 / 32 samples
03:58.209  render           | Fra: 913 | Rendering 25 / 32 samples
03:58.255  render           | Fra: 913 | Rendering 32 / 32 samples
03:58.265  render           | Video append frame 913
03:58.265  render           | Time: 00:00.27 (Saving: 00:00.00)
03:58.265  render           | Rendering frame 914
03:58.265  render           | Start rendering: MORI_Assembly_Animation, 视图层
03:58.265  render           | Engine: EEVEE
03:58.316  render           | Fra: 914 | Rendering 1 / 32 samples
03:58.477  render           | Fra: 914 | Rendering 25 / 32 samples
03:58.524  render           | Fra: 914 | Rendering 32 / 32 samples
03:58.534  render           | Video append frame 914
03:58.534  render           | Time: 00:00.26 (Saving: 00:00.00)
03:58.534  render           | Rendering frame 915
03:58.534  render           | Start rendering: MORI_Assembly_Animation, 视图层
03:58.534  render           | Engine: EEVEE
03:58.579  render           | Fra: 915 | Rendering 1 / 32 samples
03:58.740  render           | Fra: 915 | Rendering 25 / 32 samples
03:58.786  render           | Fra: 915 | Rendering 32 / 32 samples
03:58.796  render           | Video append frame 915
03:58.796  render           | Time: 00:00.26 (Saving: 00:00.00)
03:58.796  render           | Rendering frame 916
03:58.796  render           | Start rendering: MORI_Assembly_Animation, 视图层
03:58.796  render           | Engine: EEVEE
03:58.851  render           | Fra: 916 | Rendering 1 / 32 samples
03:59.104  render           | Fra: 916 | Rendering 25 / 32 samples
03:59.174  render           | Fra: 916 | Rendering 32 / 32 samples
03:59.183  render           | Video append frame 916
03:59.183  render           | Time: 00:00.38 (Saving: 00:00.00)
03:59.183  render           | Rendering frame 917
03:59.184  render           | Start rendering: MORI_Assembly_Animation, 视图层
03:59.184  render           | Engine: EEVEE
03:59.236  render           | Fra: 917 | Rendering 1 / 32 samples
03:59.513  render           | Fra: 917 | Rendering 25 / 32 samples
03:59.592  render           | Fra: 917 | Rendering 32 / 32 samples
03:59.602  render           | Video append frame 917
03:59.602  render           | Time: 00:00.41 (Saving: 00:00.00)
03:59.602  render           | Rendering frame 918
03:59.602  render           | Start rendering: MORI_Assembly_Animation, 视图层
03:59.602  render           | Engine: EEVEE
03:59.655  render           | Fra: 918 | Rendering 1 / 32 samples
03:59.933  render           | Fra: 918 | Rendering 25 / 32 samples
04:00.013  render           | Fra: 918 | Rendering 32 / 32 samples
04:00.025  render           | Video append frame 918
04:00.025  render           | Time: 00:00.42 (Saving: 00:00.00)
04:00.025  render           | Rendering frame 919
04:00.025  render           | Start rendering: MORI_Assembly_Animation, 视图层
04:00.025  render           | Engine: EEVEE
04:00.076  render           | Fra: 919 | Rendering 1 / 32 samples
04:00.352  render           | Fra: 919 | Rendering 25 / 32 samples
04:00.431  render           | Fra: 919 | Rendering 32 / 32 samples
04:00.442  render           | Video append frame 919
04:00.442  render           | Time: 00:00.41 (Saving: 00:00.00)
04:00.442  render           | Rendering frame 920
04:00.442  render           | Start rendering: MORI_Assembly_Animation, 视图层
04:00.442  render           | Engine: EEVEE
04:00.495  render           | Fra: 920 | Rendering 1 / 32 samples
04:00.775  render           | Fra: 920 | Rendering 25 / 32 samples
04:00.856  render           | Fra: 920 | Rendering 32 / 32 samples
04:00.867  render           | Video append frame 920
04:00.867  render           | Time: 00:00.42 (Saving: 00:00.00)
04:00.867  render           | Rendering frame 921
04:00.868  render           | Start rendering: MORI_Assembly_Animation, 视图层
04:00.868  render           | Engine: EEVEE
04:00.918  render           | Fra: 921 | Rendering 1 / 32 samples
04:01.195  render           | Fra: 921 | Rendering 25 / 32 samples
04:01.275  render           | Fra: 921 | Rendering 32 / 32 samples
04:01.286  render           | Video append frame 921
04:01.286  render           | Time: 00:00.41 (Saving: 00:00.00)
04:01.286  render           | Rendering frame 922
04:01.286  render           | Start rendering: MORI_Assembly_Animation, 视图层
04:01.286  render           | Engine: EEVEE
04:01.340  render           | Fra: 922 | Rendering 1 / 32 samples
04:01.618  render           | Fra: 922 | Rendering 25 / 32 samples
04:01.714  render           | Fra: 922 | Rendering 32 / 32 samples
04:01.727  render           | Video append frame 922
04:01.727  render           | Time: 00:00.44 (Saving: 00:00.00)
04:01.727  render           | Rendering frame 923
04:01.728  render           | Start rendering: MORI_Assembly_Animation, 视图层
04:01.728  render           | Engine: EEVEE
04:01.782  render           | Fra: 923 | Rendering 1 / 32 samples
04:02.062  render           | Fra: 923 | Rendering 25 / 32 samples
04:02.144  render           | Fra: 923 | Rendering 32 / 32 samples
04:02.156  render           | Video append frame 923
04:02.156  render           | Time: 00:00.42 (Saving: 00:00.00)
04:02.156  render           | Rendering frame 924
04:02.156  render           | Start rendering: MORI_Assembly_Animation, 视图层
04:02.156  render           | Engine: EEVEE
04:02.211  render           | Fra: 924 | Rendering 1 / 32 samples
04:02.497  render           | Fra: 924 | Rendering 25 / 32 samples
04:02.580  render           | Fra: 924 | Rendering 32 / 32 samples
04:02.595  render           | Video append frame 924
04:02.595  render           | Time: 00:00.43 (Saving: 00:00.00)
04:02.595  render           | Rendering frame 925
04:02.595  render           | Start rendering: MORI_Assembly_Animation, 视图层
04:02.595  render           | Engine: EEVEE
04:02.652  render           | Fra: 925 | Rendering 1 / 32 samples
04:02.941  render           | Fra: 925 | Rendering 25 / 32 samples
04:03.024  render           | Fra: 925 | Rendering 32 / 32 samples
04:03.036  render           | Video append frame 925
04:03.036  render           | Time: 00:00.44 (Saving: 00:00.00)
04:03.036  render           | Rendering frame 926
04:03.036  render           | Start rendering: MORI_Assembly_Animation, 视图层
04:03.036  render           | Engine: EEVEE
04:03.090  render           | Fra: 926 | Rendering 1 / 32 samples
04:03.377  render           | Fra: 926 | Rendering 25 / 32 samples
04:03.460  render           | Fra: 926 | Rendering 32 / 32 samples
04:03.471  render           | Video append frame 926
04:03.471  render           | Time: 00:00.43 (Saving: 00:00.00)
04:03.471  render           | Rendering frame 927
04:03.471  render           | Start rendering: MORI_Assembly_Animation, 视图层
04:03.471  render           | Engine: EEVEE
04:03.526  render           | Fra: 927 | Rendering 1 / 32 samples
04:03.815  render           | Fra: 927 | Rendering 25 / 32 samples
04:03.898  render           | Fra: 927 | Rendering 32 / 32 samples
04:03.908  render           | Video append frame 927
04:03.908  render           | Time: 00:00.43 (Saving: 00:00.00)
04:03.908  render           | Rendering frame 928
04:03.908  render           | Start rendering: MORI_Assembly_Animation, 视图层
04:03.908  render           | Engine: EEVEE
04:03.961  render           | Fra: 928 | Rendering 1 / 32 samples
04:04.247  render           | Fra: 928 | Rendering 25 / 32 samples
04:04.330  render           | Fra: 928 | Rendering 32 / 32 samples
04:04.340  render           | Video append frame 928
04:04.340  render           | Time: 00:00.43 (Saving: 00:00.00)
04:04.340  render           | Rendering frame 929
04:04.340  render           | Start rendering: MORI_Assembly_Animation, 视图层
04:04.340  render           | Engine: EEVEE
04:04.392  render           | Fra: 929 | Rendering 1 / 32 samples
04:04.679  render           | Fra: 929 | Rendering 25 / 32 samples
04:04.761  render           | Fra: 929 | Rendering 32 / 32 samples
04:04.772  render           | Video append frame 929
04:04.773  render           | Time: 00:00.43 (Saving: 00:00.00)
04:04.773  render           | Rendering frame 930
04:04.773  render           | Start rendering: MORI_Assembly_Animation, 视图层
04:04.773  render           | Engine: EEVEE
04:04.826  render           | Fra: 930 | Rendering 1 / 32 samples
04:05.111  render           | Fra: 930 | Rendering 25 / 32 samples
04:05.194  render           | Fra: 930 | Rendering 32 / 32 samples
04:05.204  render           | Video append frame 930
04:05.204  render           | Time: 00:00.43 (Saving: 00:00.00)
04:05.204  render           | Rendering frame 931
04:05.205  render           | Start rendering: MORI_Assembly_Animation, 视图层
04:05.205  render           | Engine: EEVEE
04:05.254  render           | Fra: 931 | Rendering 1 / 32 samples
04:05.539  render           | Fra: 931 | Rendering 25 / 32 samples
04:05.622  render           | Fra: 931 | Rendering 32 / 32 samples
04:05.633  render           | Video append frame 931
04:05.633  render           | Time: 00:00.42 (Saving: 00:00.00)
04:05.633  render           | Rendering frame 932
04:05.633  render           | Start rendering: MORI_Assembly_Animation, 视图层
04:05.633  render           | Engine: EEVEE
04:05.684  render           | Fra: 932 | Rendering 1 / 32 samples
04:05.970  render           | Fra: 932 | Rendering 25 / 32 samples
04:06.053  render           | Fra: 932 | Rendering 32 / 32 samples
04:06.065  render           | Video append frame 932
04:06.065  render           | Time: 00:00.43 (Saving: 00:00.00)
04:06.065  render           | Rendering frame 933
04:06.065  render           | Start rendering: MORI_Assembly_Animation, 视图层
04:06.065  render           | Engine: EEVEE
04:06.116  render           | Fra: 933 | Rendering 1 / 32 samples
04:06.399  render           | Fra: 933 | Rendering 25 / 32 samples
04:06.482  render           | Fra: 933 | Rendering 32 / 32 samples
04:06.493  render           | Video append frame 933
04:06.493  render           | Time: 00:00.42 (Saving: 00:00.00)
04:06.493  render           | Rendering frame 934
04:06.493  render           | Start rendering: MORI_Assembly_Animation, 视图层
04:06.493  render           | Engine: EEVEE
04:06.547  render           | Fra: 934 | Rendering 1 / 32 samples
04:06.834  render           | Fra: 934 | Rendering 25 / 32 samples
04:06.917  render           | Fra: 934 | Rendering 32 / 32 samples
04:06.928  render           | Video append frame 934
04:06.928  render           | Time: 00:00.43 (Saving: 00:00.00)
04:06.928  render           | Rendering frame 935
04:06.928  render           | Start rendering: MORI_Assembly_Animation, 视图层
04:06.928  render           | Engine: EEVEE
04:06.983  render           | Fra: 935 | Rendering 1 / 32 samples
04:07.268  render           | Fra: 935 | Rendering 25 / 32 samples
04:07.352  render           | Fra: 935 | Rendering 32 / 32 samples
04:07.363  render           | Video append frame 935
04:07.363  render           | Time: 00:00.43 (Saving: 00:00.00)
04:07.363  render           | Rendering frame 936
04:07.363  render           | Start rendering: MORI_Assembly_Animation, 视图层
04:07.363  render           | Engine: EEVEE
04:07.417  render           | Fra: 936 | Rendering 1 / 32 samples
04:07.705  render           | Fra: 936 | Rendering 25 / 32 samples
04:07.787  render           | Fra: 936 | Rendering 32 / 32 samples
04:07.799  render           | Video append frame 936
04:07.799  render           | Time: 00:00.43 (Saving: 00:00.00)
04:07.799  render           | Rendering frame 937
04:07.799  render           | Start rendering: MORI_Assembly_Animation, 视图层
04:07.799  render           | Engine: EEVEE
04:07.850  render           | Fra: 937 | Rendering 1 / 32 samples
04:08.139  render           | Fra: 937 | Rendering 25 / 32 samples
04:08.222  render           | Fra: 937 | Rendering 32 / 32 samples
04:08.233  render           | Video append frame 937
04:08.233  render           | Time: 00:00.43 (Saving: 00:00.00)
04:08.233  render           | Rendering frame 938
04:08.233  render           | Start rendering: MORI_Assembly_Animation, 视图层
04:08.233  render           | Engine: EEVEE
04:08.284  render           | Fra: 938 | Rendering 1 / 32 samples
04:08.570  render           | Fra: 938 | Rendering 25 / 32 samples
04:08.653  render           | Fra: 938 | Rendering 32 / 32 samples
04:08.664  render           | Video append frame 938
04:08.664  render           | Time: 00:00.43 (Saving: 00:00.00)
04:08.664  render           | Rendering frame 939
04:08.664  render           | Start rendering: MORI_Assembly_Animation, 视图层
04:08.664  render           | Engine: EEVEE
04:08.716  render           | Fra: 939 | Rendering 1 / 32 samples
04:09.003  render           | Fra: 939 | Rendering 25 / 32 samples
04:09.086  render           | Fra: 939 | Rendering 32 / 32 samples
04:09.098  render           | Video append frame 939
04:09.098  render           | Time: 00:00.43 (Saving: 00:00.00)
04:09.098  render           | Rendering frame 940
04:09.098  render           | Start rendering: MORI_Assembly_Animation, 视图层
04:09.098  render           | Engine: EEVEE
04:09.150  render           | Fra: 940 | Rendering 1 / 32 samples
04:09.435  render           | Fra: 940 | Rendering 25 / 32 samples
04:09.518  render           | Fra: 940 | Rendering 32 / 32 samples
04:09.529  render           | Video append frame 940
04:09.529  render           | Time: 00:00.43 (Saving: 00:00.00)
04:09.529  render           | Rendering frame 941
04:09.530  render           | Start rendering: MORI_Assembly_Animation, 视图层
04:09.530  render           | Engine: EEVEE
04:09.580  render           | Fra: 941 | Rendering 1 / 32 samples
04:09.871  render           | Fra: 941 | Rendering 25 / 32 samples
04:09.955  render           | Fra: 941 | Rendering 32 / 32 samples
04:09.966  render           | Video append frame 941
04:09.966  render           | Time: 00:00.43 (Saving: 00:00.00)
04:09.966  render           | Rendering frame 942
04:09.967  render           | Start rendering: MORI_Assembly_Animation, 视图层
04:09.967  render           | Engine: EEVEE
04:10.018  render           | Fra: 942 | Rendering 1 / 32 samples
04:10.310  render           | Fra: 942 | Rendering 25 / 32 samples
04:10.393  render           | Fra: 942 | Rendering 32 / 32 samples
04:10.403  render           | Video append frame 942
04:10.403  render           | Time: 00:00.43 (Saving: 00:00.00)
04:10.403  render           | Rendering frame 943
04:10.403  render           | Start rendering: MORI_Assembly_Animation, 视图层
04:10.403  render           | Engine: EEVEE
04:10.453  render           | Fra: 943 | Rendering 1 / 32 samples
04:10.744  render           | Fra: 943 | Rendering 25 / 32 samples
04:10.827  render           | Fra: 943 | Rendering 32 / 32 samples
04:10.838  render           | Video append frame 943
04:10.838  render           | Time: 00:00.43 (Saving: 00:00.00)
04:10.838  render           | Rendering frame 944
04:10.838  render           | Start rendering: MORI_Assembly_Animation, 视图层
04:10.838  render           | Engine: EEVEE
04:10.891  render           | Fra: 944 | Rendering 1 / 32 samples
04:11.183  render           | Fra: 944 | Rendering 25 / 32 samples
04:11.267  render           | Fra: 944 | Rendering 32 / 32 samples
04:11.278  render           | Video append frame 944
04:11.278  render           | Time: 00:00.44 (Saving: 00:00.00)
04:11.278  render           | Rendering frame 945
04:11.279  render           | Start rendering: MORI_Assembly_Animation, 视图层
04:11.279  render           | Engine: EEVEE
04:11.331  render           | Fra: 945 | Rendering 1 / 32 samples
04:11.619  render           | Fra: 945 | Rendering 25 / 32 samples
04:11.702  render           | Fra: 945 | Rendering 32 / 32 samples
04:11.713  render           | Video append frame 945
04:11.713  render           | Time: 00:00.43 (Saving: 00:00.00)
04:11.713  render           | Rendering frame 946
04:11.713  render           | Start rendering: MORI_Assembly_Animation, 视图层
04:11.713  render           | Engine: EEVEE
04:11.767  render           | Fra: 946 | Rendering 1 / 32 samples
04:12.060  render           | Fra: 946 | Rendering 25 / 32 samples
04:12.144  render           | Fra: 946 | Rendering 32 / 32 samples
04:12.155  render           | Video append frame 946
04:12.155  render           | Time: 00:00.44 (Saving: 00:00.00)
04:12.155  render           | Rendering frame 947
04:12.155  render           | Start rendering: MORI_Assembly_Animation, 视图层
04:12.155  render           | Engine: EEVEE
04:12.209  render           | Fra: 947 | Rendering 1 / 32 samples
04:12.504  render           | Fra: 947 | Rendering 25 / 32 samples
04:12.588  render           | Fra: 947 | Rendering 32 / 32 samples
04:12.599  render           | Video append frame 947
04:12.599  render           | Time: 00:00.44 (Saving: 00:00.00)
04:12.599  render           | Rendering frame 948
04:12.599  render           | Start rendering: MORI_Assembly_Animation, 视图层
04:12.599  render           | Engine: EEVEE
04:12.649  render           | Fra: 948 | Rendering 1 / 32 samples
04:12.941  render           | Fra: 948 | Rendering 25 / 32 samples
04:13.027  render           | Fra: 948 | Rendering 32 / 32 samples
04:13.040  render           | Video append frame 948
04:13.040  render           | Time: 00:00.44 (Saving: 00:00.00)
04:13.040  render           | Rendering frame 949
04:13.040  render           | Start rendering: MORI_Assembly_Animation, 视图层
04:13.040  render           | Engine: EEVEE
04:13.094  render           | Fra: 949 | Rendering 1 / 32 samples
04:13.383  render           | Fra: 949 | Rendering 25 / 32 samples
04:13.467  render           | Fra: 949 | Rendering 32 / 32 samples
04:13.477  render           | Video append frame 949
04:13.477  render           | Time: 00:00.43 (Saving: 00:00.00)
04:13.477  render           | Rendering frame 950
04:13.478  render           | Start rendering: MORI_Assembly_Animation, 视图层
04:13.478  render           | Engine: EEVEE
04:13.535  render           | Fra: 950 | Rendering 1 / 32 samples
04:13.830  render           | Fra: 950 | Rendering 25 / 32 samples
04:13.913  render           | Fra: 950 | Rendering 32 / 32 samples
04:13.924  render           | Video append frame 950
04:13.924  render           | Time: 00:00.44 (Saving: 00:00.00)
04:13.924  render           | Rendering frame 951
04:13.924  render           | Start rendering: MORI_Assembly_Animation, 视图层
04:13.924  render           | Engine: EEVEE
04:13.976  render           | Fra: 951 | Rendering 1 / 32 samples
04:14.266  render           | Fra: 951 | Rendering 25 / 32 samples
04:14.349  render           | Fra: 951 | Rendering 32 / 32 samples
04:14.360  render           | Video append frame 951
04:14.360  render           | Time: 00:00.43 (Saving: 00:00.00)
04:14.360  render           | Rendering frame 952
04:14.360  render           | Start rendering: MORI_Assembly_Animation, 视图层
04:14.360  render           | Engine: EEVEE
04:14.416  render           | Fra: 952 | Rendering 1 / 32 samples
04:14.708  render           | Fra: 952 | Rendering 25 / 32 samples
04:14.792  render           | Fra: 952 | Rendering 32 / 32 samples
04:14.803  render           | Video append frame 952
04:14.803  render           | Time: 00:00.44 (Saving: 00:00.00)
04:14.803  render           | Rendering frame 953
04:14.803  render           | Start rendering: MORI_Assembly_Animation, 视图层
04:14.803  render           | Engine: EEVEE
04:14.858  render           | Fra: 953 | Rendering 1 / 32 samples
04:15.156  render           | Fra: 953 | Rendering 25 / 32 samples
04:15.243  render           | Fra: 953 | Rendering 32 / 32 samples
04:15.254  render           | Video append frame 953
04:15.254  render           | Time: 00:00.45 (Saving: 00:00.00)
04:15.254  render           | Rendering frame 954
04:15.254  render           | Start rendering: MORI_Assembly_Animation, 视图层
04:15.254  render           | Engine: EEVEE
04:15.313  render           | Fra: 954 | Rendering 1 / 32 samples
04:15.606  render           | Fra: 954 | Rendering 25 / 32 samples
04:15.689  render           | Fra: 954 | Rendering 32 / 32 samples
04:15.700  render           | Video append frame 954
04:15.700  render           | Time: 00:00.44 (Saving: 00:00.00)
04:15.700  render           | Rendering frame 955
04:15.700  render           | Start rendering: MORI_Assembly_Animation, 视图层
04:15.700  render           | Engine: EEVEE
04:15.755  render           | Fra: 955 | Rendering 1 / 32 samples
04:16.048  render           | Fra: 955 | Rendering 25 / 32 samples
04:16.131  render           | Fra: 955 | Rendering 32 / 32 samples
04:16.141  render           | Video append frame 955
04:16.141  render           | Time: 00:00.44 (Saving: 00:00.00)
04:16.141  render           | Rendering frame 956
04:16.141  render           | Start rendering: MORI_Assembly_Animation, 视图层
04:16.141  render           | Engine: EEVEE
04:16.197  render           | Fra: 956 | Rendering 1 / 32 samples
04:16.512  render           | Fra: 956 | Rendering 25 / 32 samples
04:16.600  render           | Fra: 956 | Rendering 32 / 32 samples
04:16.611  render           | Video append frame 956
04:16.611  render           | Time: 00:00.47 (Saving: 00:00.00)
04:16.611  render           | Rendering frame 957
04:16.612  render           | Start rendering: MORI_Assembly_Animation, 视图层
04:16.612  render           | Engine: EEVEE
04:16.664  render           | Fra: 957 | Rendering 1 / 32 samples
04:16.973  render           | Fra: 957 | Rendering 25 / 32 samples
04:17.062  render           | Fra: 957 | Rendering 32 / 32 samples
04:17.073  render           | Video append frame 957
04:17.073  render           | Time: 00:00.46 (Saving: 00:00.00)
04:17.073  render           | Rendering frame 958
04:17.073  render           | Start rendering: MORI_Assembly_Animation, 视图层
04:17.073  render           | Engine: EEVEE
04:17.127  render           | Fra: 958 | Rendering 1 / 32 samples
04:17.436  render           | Fra: 958 | Rendering 25 / 32 samples
04:17.526  render           | Fra: 958 | Rendering 32 / 32 samples
04:17.536  render           | Video append frame 958
04:17.536  render           | Time: 00:00.46 (Saving: 00:00.00)
04:17.536  render           | Rendering frame 959
04:17.536  render           | Start rendering: MORI_Assembly_Animation, 视图层
04:17.536  render           | Engine: EEVEE
04:17.589  render           | Fra: 959 | Rendering 1 / 32 samples
04:17.898  render           | Fra: 959 | Rendering 25 / 32 samples
04:17.987  render           | Fra: 959 | Rendering 32 / 32 samples
04:17.998  render           | Video append frame 959
04:17.998  render           | Time: 00:00.46 (Saving: 00:00.00)
04:17.998  render           | Rendering frame 960
04:17.999  render           | Start rendering: MORI_Assembly_Animation, 视图层
04:17.999  render           | Engine: EEVEE
04:18.053  render           | Fra: 960 | Rendering 1 / 32 samples
04:18.364  render           | Fra: 960 | Rendering 25 / 32 samples
04:18.453  render           | Fra: 960 | Rendering 32 / 32 samples
04:18.464  render           | Video append frame 960
04:18.464  render           | Time: 00:00.46 (Saving: 00:00.00)
04:18.464  render           | Rendering frame 961
04:18.464  render           | Start rendering: MORI_Assembly_Animation, 视图层
04:18.464  render           | Engine: EEVEE
04:18.516  render           | Fra: 961 | Rendering 1 / 32 samples
04:18.826  render           | Fra: 961 | Rendering 25 / 32 samples
04:18.914  render           | Fra: 961 | Rendering 32 / 32 samples
04:18.924  render           | Video append frame 961
04:18.924  render           | Time: 00:00.45 (Saving: 00:00.00)
04:18.924  render           | Rendering frame 962
04:18.924  render           | Start rendering: MORI_Assembly_Animation, 视图层
04:18.924  render           | Engine: EEVEE
04:18.980  render           | Fra: 962 | Rendering 1 / 32 samples
04:19.292  render           | Fra: 962 | Rendering 25 / 32 samples
04:19.381  render           | Fra: 962 | Rendering 32 / 32 samples
04:19.391  render           | Video append frame 962
04:19.391  render           | Time: 00:00.46 (Saving: 00:00.00)
04:19.391  render           | Rendering frame 963
04:19.392  render           | Start rendering: MORI_Assembly_Animation, 视图层
04:19.392  render           | Engine: EEVEE
04:19.446  render           | Fra: 963 | Rendering 1 / 32 samples
04:19.754  render           | Fra: 963 | Rendering 25 / 32 samples
04:19.843  render           | Fra: 963 | Rendering 32 / 32 samples
04:19.854  render           | Video append frame 963
04:19.854  render           | Time: 00:00.46 (Saving: 00:00.00)
04:19.854  render           | Rendering frame 964
04:19.854  render           | Start rendering: MORI_Assembly_Animation, 视图层
04:19.854  render           | Engine: EEVEE
04:19.907  render           | Fra: 964 | Rendering 1 / 32 samples
04:20.217  render           | Fra: 964 | Rendering 25 / 32 samples
04:20.306  render           | Fra: 964 | Rendering 32 / 32 samples
04:20.317  render           | Video append frame 964
04:20.317  render           | Time: 00:00.46 (Saving: 00:00.00)
04:20.317  render           | Rendering frame 965
04:20.317  render           | Start rendering: MORI_Assembly_Animation, 视图层
04:20.317  render           | Engine: EEVEE
04:20.369  render           | Fra: 965 | Rendering 1 / 32 samples
04:20.678  render           | Fra: 965 | Rendering 25 / 32 samples
04:20.766  render           | Fra: 965 | Rendering 32 / 32 samples
04:20.776  render           | Video append frame 965
04:20.777  render           | Time: 00:00.45 (Saving: 00:00.00)
04:20.777  render           | Rendering frame 966
04:20.777  render           | Start rendering: MORI_Assembly_Animation, 视图层
04:20.777  render           | Engine: EEVEE
04:20.827  render           | Fra: 966 | Rendering 1 / 32 samples
04:21.136  render           | Fra: 966 | Rendering 25 / 32 samples
04:21.226  render           | Fra: 966 | Rendering 32 / 32 samples
04:21.236  render           | Video append frame 966
04:21.236  render           | Time: 00:00.45 (Saving: 00:00.00)
04:21.236  render           | Rendering frame 967
04:21.236  render           | Start rendering: MORI_Assembly_Animation, 视图层
04:21.236  render           | Engine: EEVEE
04:21.286  render           | Fra: 967 | Rendering 1 / 32 samples
04:21.593  render           | Fra: 967 | Rendering 25 / 32 samples
04:21.682  render           | Fra: 967 | Rendering 32 / 32 samples
04:21.693  render           | Video append frame 967
04:21.693  render           | Time: 00:00.45 (Saving: 00:00.00)
04:21.693  render           | Rendering frame 968
04:21.693  render           | Start rendering: MORI_Assembly_Animation, 视图层
04:21.693  render           | Engine: EEVEE
04:21.743  render           | Fra: 968 | Rendering 1 / 32 samples
04:22.052  render           | Fra: 968 | Rendering 25 / 32 samples
04:22.142  render           | Fra: 968 | Rendering 32 / 32 samples
04:22.153  render           | Video append frame 968
04:22.154  render           | Time: 00:00.46 (Saving: 00:00.00)
04:22.154  render           | Rendering frame 969
04:22.154  render           | Start rendering: MORI_Assembly_Animation, 视图层
04:22.154  render           | Engine: EEVEE
04:22.205  render           | Fra: 969 | Rendering 1 / 32 samples
04:22.514  render           | Fra: 969 | Rendering 25 / 32 samples
04:22.602  render           | Fra: 969 | Rendering 32 / 32 samples
04:22.612  render           | Video append frame 969
04:22.612  render           | Time: 00:00.45 (Saving: 00:00.00)
04:22.612  render           | Rendering frame 970
04:22.612  render           | Start rendering: MORI_Assembly_Animation, 视图层
04:22.612  render           | Engine: EEVEE
04:22.665  render           | Fra: 970 | Rendering 1 / 32 samples
04:22.977  render           | Fra: 970 | Rendering 25 / 32 samples
04:23.068  render           | Fra: 970 | Rendering 32 / 32 samples
04:23.078  render           | Video append frame 970
04:23.078  render           | Time: 00:00.46 (Saving: 00:00.00)
04:23.078  render           | Rendering frame 971
04:23.078  render           | Start rendering: MORI_Assembly_Animation, 视图层
04:23.078  render           | Engine: EEVEE
04:23.131  render           | Fra: 971 | Rendering 1 / 32 samples
04:23.443  render           | Fra: 971 | Rendering 25 / 32 samples
04:23.531  render           | Fra: 971 | Rendering 32 / 32 samples
04:23.541  render           | Video append frame 971
04:23.541  render           | Time: 00:00.46 (Saving: 00:00.00)
04:23.541  render           | Rendering frame 972
04:23.541  render           | Start rendering: MORI_Assembly_Animation, 视图层
04:23.541  render           | Engine: EEVEE
04:23.595  render           | Fra: 972 | Rendering 1 / 32 samples
04:23.905  render           | Fra: 972 | Rendering 25 / 32 samples
04:23.995  render           | Fra: 972 | Rendering 32 / 32 samples
04:24.006  render           | Video append frame 972
04:24.006  render           | Time: 00:00.46 (Saving: 00:00.00)
04:24.006  render           | Rendering frame 973
04:24.006  render           | Start rendering: MORI_Assembly_Animation, 视图层
04:24.006  render           | Engine: EEVEE
04:24.051  render           | Fra: 973 | Rendering 1 / 32 samples
04:24.133  render           | Fra: 973 | Rendering 25 / 32 samples
04:24.153  render           | Fra: 973 | Rendering 32 / 32 samples
04:24.163  render           | Video append frame 973
04:24.163  render           | Time: 00:00.15 (Saving: 00:00.00)
04:24.163  render           | Rendering frame 974
04:24.163  render           | Start rendering: MORI_Assembly_Animation, 视图层
04:24.163  render           | Engine: EEVEE
04:24.206  render           | Fra: 974 | Rendering 1 / 32 samples
04:24.330  render           | Fra: 974 | Rendering 25 / 32 samples
04:24.365  render           | Fra: 974 | Rendering 32 / 32 samples
04:24.375  render           | Video append frame 974
04:24.375  render           | Time: 00:00.21 (Saving: 00:00.00)
04:24.375  render           | Rendering frame 975
04:24.375  render           | Start rendering: MORI_Assembly_Animation, 视图层
04:24.375  render           | Engine: EEVEE
04:24.415  render           | Fra: 975 | Rendering 1 / 32 samples
04:24.539  render           | Fra: 975 | Rendering 25 / 32 samples
04:24.570  render           | Fra: 975 | Rendering 32 / 32 samples
04:24.580  render           | Video append frame 975
04:24.580  render           | Time: 00:00.20 (Saving: 00:00.00)
04:24.580  render           | Rendering frame 976
04:24.580  render           | Start rendering: MORI_Assembly_Animation, 视图层
04:24.580  render           | Engine: EEVEE
04:24.623  render           | Fra: 976 | Rendering 1 / 32 samples
04:24.747  render           | Fra: 976 | Rendering 25 / 32 samples
04:24.782  render           | Fra: 976 | Rendering 32 / 32 samples
04:24.792  render           | Video append frame 976
04:24.792  render           | Time: 00:00.21 (Saving: 00:00.00)
04:24.792  render           | Rendering frame 977
04:24.792  render           | Start rendering: MORI_Assembly_Animation, 视图层
04:24.792  render           | Engine: EEVEE
04:24.833  render           | Fra: 977 | Rendering 1 / 32 samples
04:24.959  render           | Fra: 977 | Rendering 25 / 32 samples
04:24.995  render           | Fra: 977 | Rendering 32 / 32 samples
04:25.004  render           | Video append frame 977
04:25.004  render           | Time: 00:00.21 (Saving: 00:00.00)
04:25.004  render           | Rendering frame 978
04:25.004  render           | Start rendering: MORI_Assembly_Animation, 视图层
04:25.004  render           | Engine: EEVEE
04:25.043  render           | Fra: 978 | Rendering 1 / 32 samples
04:25.167  render           | Fra: 978 | Rendering 25 / 32 samples
04:25.204  render           | Fra: 978 | Rendering 32 / 32 samples
04:25.213  render           | Video append frame 978
04:25.213  render           | Time: 00:00.20 (Saving: 00:00.00)
04:25.213  render           | Rendering frame 979
04:25.213  render           | Start rendering: MORI_Assembly_Animation, 视图层
04:25.213  render           | Engine: EEVEE
04:25.249  render           | Fra: 979 | Rendering 1 / 32 samples
04:25.376  render           | Fra: 979 | Rendering 25 / 32 samples
04:25.413  render           | Fra: 979 | Rendering 32 / 32 samples
04:25.422  render           | Video append frame 979
04:25.422  render           | Time: 00:00.20 (Saving: 00:00.00)
04:25.422  render           | Rendering frame 980
04:25.422  render           | Start rendering: MORI_Assembly_Animation, 视图层
04:25.422  render           | Engine: EEVEE
04:25.459  render           | Fra: 980 | Rendering 1 / 32 samples
04:25.590  render           | Fra: 980 | Rendering 25 / 32 samples
04:25.629  render           | Fra: 980 | Rendering 32 / 32 samples
04:25.639  render           | Video append frame 980
04:25.639  render           | Time: 00:00.21 (Saving: 00:00.00)
04:25.639  render           | Rendering frame 981
04:25.639  render           | Start rendering: MORI_Assembly_Animation, 视图层
04:25.639  render           | Engine: EEVEE
04:25.677  render           | Fra: 981 | Rendering 1 / 32 samples
04:25.807  render           | Fra: 981 | Rendering 25 / 32 samples
04:25.846  render           | Fra: 981 | Rendering 32 / 32 samples
04:25.855  render           | Video append frame 981
04:25.855  render           | Time: 00:00.21 (Saving: 00:00.00)
04:25.855  render           | Rendering frame 982
04:25.856  render           | Start rendering: MORI_Assembly_Animation, 视图层
04:25.856  render           | Engine: EEVEE
04:25.891  render           | Fra: 982 | Rendering 1 / 32 samples
04:26.018  render           | Fra: 982 | Rendering 25 / 32 samples
04:26.057  render           | Fra: 982 | Rendering 32 / 32 samples
04:26.067  render           | Video append frame 982
04:26.067  render           | Time: 00:00.21 (Saving: 00:00.00)
04:26.067  render           | Rendering frame 983
04:26.067  render           | Start rendering: MORI_Assembly_Animation, 视图层
04:26.067  render           | Engine: EEVEE
04:26.103  render           | Fra: 983 | Rendering 1 / 32 samples
04:26.232  render           | Fra: 983 | Rendering 25 / 32 samples
04:26.269  render           | Fra: 983 | Rendering 32 / 32 samples
04:26.279  render           | Video append frame 983
04:26.279  render           | Time: 00:00.21 (Saving: 00:00.00)
04:26.279  render           | Rendering frame 984
04:26.279  render           | Start rendering: MORI_Assembly_Animation, 视图层
04:26.279  render           | Engine: EEVEE
04:26.315  render           | Fra: 984 | Rendering 1 / 32 samples
04:26.443  render           | Fra: 984 | Rendering 25 / 32 samples
04:26.481  render           | Fra: 984 | Rendering 32 / 32 samples
04:26.490  render           | Video append frame 984
04:26.490  render           | Time: 00:00.21 (Saving: 00:00.00)
04:26.490  render           | Rendering frame 985
04:26.490  render           | Start rendering: MORI_Assembly_Animation, 视图层
04:26.490  render           | Engine: EEVEE
04:26.527  render           | Fra: 985 | Rendering 1 / 32 samples
04:26.657  render           | Fra: 985 | Rendering 25 / 32 samples
04:26.696  render           | Fra: 985 | Rendering 32 / 32 samples
04:26.704  render           | Video append frame 985
04:26.704  render           | Time: 00:00.21 (Saving: 00:00.00)
04:26.704  render           | Rendering frame 986
04:26.705  render           | Start rendering: MORI_Assembly_Animation, 视图层
04:26.705  render           | Engine: EEVEE
04:26.741  render           | Fra: 986 | Rendering 1 / 32 samples
04:26.873  render           | Fra: 986 | Rendering 25 / 32 samples
04:26.911  render           | Fra: 986 | Rendering 32 / 32 samples
04:26.921  render           | Video append frame 986
04:26.921  render           | Time: 00:00.21 (Saving: 00:00.00)
04:26.921  render           | Rendering frame 987
04:26.921  render           | Start rendering: MORI_Assembly_Animation, 视图层
04:26.921  render           | Engine: EEVEE
04:26.959  render           | Fra: 987 | Rendering 1 / 32 samples
04:27.088  render           | Fra: 987 | Rendering 25 / 32 samples
04:27.126  render           | Fra: 987 | Rendering 32 / 32 samples
04:27.135  render           | Video append frame 987
04:27.135  render           | Time: 00:00.21 (Saving: 00:00.00)
04:27.135  render           | Rendering frame 988
04:27.135  render           | Start rendering: MORI_Assembly_Animation, 视图层
04:27.135  render           | Engine: EEVEE
04:27.174  render           | Fra: 988 | Rendering 1 / 32 samples
04:27.302  render           | Fra: 988 | Rendering 25 / 32 samples
04:27.338  render           | Fra: 988 | Rendering 32 / 32 samples
04:27.348  render           | Video append frame 988
04:27.348  render           | Time: 00:00.21 (Saving: 00:00.00)
04:27.348  render           | Rendering frame 989
04:27.348  render           | Start rendering: MORI_Assembly_Animation, 视图层
04:27.348  render           | Engine: EEVEE
04:27.387  render           | Fra: 989 | Rendering 1 / 32 samples
04:27.514  render           | Fra: 989 | Rendering 25 / 32 samples
04:27.550  render           | Fra: 989 | Rendering 32 / 32 samples
04:27.560  render           | Video append frame 989
04:27.560  render           | Time: 00:00.21 (Saving: 00:00.00)
04:27.560  render           | Rendering frame 990
04:27.560  render           | Start rendering: MORI_Assembly_Animation, 视图层
04:27.560  render           | Engine: EEVEE
04:27.599  render           | Fra: 990 | Rendering 1 / 32 samples
04:27.726  render           | Fra: 990 | Rendering 25 / 32 samples
04:27.762  render           | Fra: 990 | Rendering 32 / 32 samples
04:27.771  render           | Video append frame 990
04:27.771  render           | Time: 00:00.21 (Saving: 00:00.00)
04:27.771  render           | Rendering frame 991
04:27.771  render           | Start rendering: MORI_Assembly_Animation, 视图层
04:27.771  render           | Engine: EEVEE
04:27.808  render           | Fra: 991 | Rendering 1 / 32 samples
04:27.934  render           | Fra: 991 | Rendering 25 / 32 samples
04:27.975  render           | Fra: 991 | Rendering 32 / 32 samples
04:27.983  render           | Video append frame 991
04:27.983  render           | Time: 00:00.21 (Saving: 00:00.00)
04:27.983  render           | Rendering frame 992
04:27.983  render           | Start rendering: MORI_Assembly_Animation, 视图层
04:27.983  render           | Engine: EEVEE
04:28.023  render           | Fra: 992 | Rendering 1 / 32 samples
04:28.152  render           | Fra: 992 | Rendering 25 / 32 samples
04:28.191  render           | Fra: 992 | Rendering 32 / 32 samples
04:28.200  render           | Video append frame 992
04:28.200  render           | Time: 00:00.21 (Saving: 00:00.00)
04:28.200  render           | Rendering frame 993
04:28.200  render           | Start rendering: MORI_Assembly_Animation, 视图层
04:28.200  render           | Engine: EEVEE
04:28.239  render           | Fra: 993 | Rendering 1 / 32 samples
04:28.365  render           | Fra: 993 | Rendering 25 / 32 samples
04:28.402  render           | Fra: 993 | Rendering 32 / 32 samples
04:28.411  render           | Video append frame 993
04:28.411  render           | Time: 00:00.21 (Saving: 00:00.00)
04:28.411  render           | Rendering frame 994
04:28.411  render           | Start rendering: MORI_Assembly_Animation, 视图层
04:28.411  render           | Engine: EEVEE
04:28.449  render           | Fra: 994 | Rendering 1 / 32 samples
04:28.576  render           | Fra: 994 | Rendering 25 / 32 samples
04:28.613  render           | Fra: 994 | Rendering 32 / 32 samples
04:28.621  render           | Video append frame 994
04:28.621  render           | Time: 00:00.20 (Saving: 00:00.00)
04:28.621  render           | Rendering frame 995
04:28.621  render           | Start rendering: MORI_Assembly_Animation, 视图层
04:28.621  render           | Engine: EEVEE
04:28.658  render           | Fra: 995 | Rendering 1 / 32 samples
04:28.753  render           | Fra: 995 | Rendering 25 / 32 samples
04:28.780  render           | Fra: 995 | Rendering 32 / 32 samples
04:28.790  render           | Video append frame 995
04:28.790  render           | Time: 00:00.16 (Saving: 00:00.00)
04:28.790  render           | Rendering frame 996
04:28.790  render           | Start rendering: MORI_Assembly_Animation, 视图层
04:28.790  render           | Engine: EEVEE
04:28.827  render           | Fra: 996 | Rendering 1 / 32 samples
04:28.964  render           | Fra: 996 | Rendering 25 / 32 samples
04:29.002  render           | Fra: 996 | Rendering 32 / 32 samples
04:29.011  render           | Video append frame 996
04:29.011  render           | Time: 00:00.22 (Saving: 00:00.00)
04:29.011  render           | Rendering frame 997
04:29.011  render           | Start rendering: MORI_Assembly_Animation, 视图层
04:29.011  render           | Engine: EEVEE
04:29.053  render           | Fra: 997 | Rendering 1 / 32 samples
04:29.187  render           | Fra: 997 | Rendering 25 / 32 samples
04:29.227  render           | Fra: 997 | Rendering 32 / 32 samples
04:29.237  render           | Video append frame 997
04:29.237  render           | Time: 00:00.22 (Saving: 00:00.00)
04:29.237  render           | Rendering frame 998
04:29.237  render           | Start rendering: MORI_Assembly_Animation, 视图层
04:29.237  render           | Engine: EEVEE
04:29.274  render           | Fra: 998 | Rendering 1 / 32 samples
04:29.410  render           | Fra: 998 | Rendering 25 / 32 samples
04:29.448  render           | Fra: 998 | Rendering 32 / 32 samples
04:29.458  render           | Video append frame 998
04:29.458  render           | Time: 00:00.22 (Saving: 00:00.00)
04:29.458  render           | Rendering frame 999
04:29.458  render           | Start rendering: MORI_Assembly_Animation, 视图层
04:29.458  render           | Engine: EEVEE
04:29.497  render           | Fra: 999 | Rendering 1 / 32 samples
04:29.632  render           | Fra: 999 | Rendering 25 / 32 samples
04:29.670  render           | Fra: 999 | Rendering 32 / 32 samples
04:29.680  render           | Video append frame 999
04:29.680  render           | Time: 00:00.22 (Saving: 00:00.00)
04:29.680  render           | Rendering frame 1000
04:29.680  render           | Start rendering: MORI_Assembly_Animation, 视图层
04:29.680  render           | Engine: EEVEE
04:29.720  render           | Fra: 1000 | Rendering 1 / 32 samples
04:29.852  render           | Fra: 1000 | Rendering 25 / 32 samples
04:29.890  render           | Fra: 1000 | Rendering 32 / 32 samples
04:29.898  render           | Video append frame 1000
04:29.898  render           | Time: 00:00.21 (Saving: 00:00.00)
04:29.898  render           | Rendering frame 1001
04:29.899  render           | Start rendering: MORI_Assembly_Animation, 视图层
04:29.899  render           | Engine: EEVEE
04:29.937  render           | Fra: 1001 | Rendering 1 / 32 samples
04:30.062  render           | Fra: 1001 | Rendering 25 / 32 samples
04:30.099  render           | Fra: 1001 | Rendering 32 / 32 samples
04:30.108  render           | Video append frame 1001
04:30.108  render           | Time: 00:00.20 (Saving: 00:00.00)
04:30.108  render           | Rendering frame 1002
04:30.108  render           | Start rendering: MORI_Assembly_Animation, 视图层
04:30.108  render           | Engine: EEVEE
04:30.149  render           | Fra: 1002 | Rendering 1 / 32 samples
04:30.277  render           | Fra: 1002 | Rendering 25 / 32 samples
04:30.313  render           | Fra: 1002 | Rendering 32 / 32 samples
04:30.324  render           | Video append frame 1002
04:30.324  render           | Time: 00:00.21 (Saving: 00:00.00)
04:30.324  render           | Rendering frame 1003
04:30.324  render           | Start rendering: MORI_Assembly_Animation, 视图层
04:30.324  render           | Engine: EEVEE
04:30.363  render           | Fra: 1003 | Rendering 1 / 32 samples
04:30.491  render           | Fra: 1003 | Rendering 25 / 32 samples
04:30.527  render           | Fra: 1003 | Rendering 32 / 32 samples
04:30.536  render           | Video append frame 1003
04:30.536  render           | Time: 00:00.21 (Saving: 00:00.00)
04:30.536  render           | Rendering frame 1004
04:30.536  render           | Start rendering: MORI_Assembly_Animation, 视图层
04:30.536  render           | Engine: EEVEE
04:30.576  render           | Fra: 1004 | Rendering 1 / 32 samples
04:30.703  render           | Fra: 1004 | Rendering 25 / 32 samples
04:30.739  render           | Fra: 1004 | Rendering 32 / 32 samples
04:30.748  render           | Video append frame 1004
04:30.748  render           | Time: 00:00.21 (Saving: 00:00.00)
04:30.748  render           | Rendering frame 1005
04:30.749  render           | Start rendering: MORI_Assembly_Animation, 视图层
04:30.749  render           | Engine: EEVEE
04:30.785  render           | Fra: 1005 | Rendering 1 / 32 samples
04:30.913  render           | Fra: 1005 | Rendering 25 / 32 samples
04:30.950  render           | Fra: 1005 | Rendering 32 / 32 samples
04:30.960  render           | Video append frame 1005
04:30.960  render           | Time: 00:00.21 (Saving: 00:00.00)
04:30.960  render           | Rendering frame 1006
04:30.960  render           | Start rendering: MORI_Assembly_Animation, 视图层
04:30.960  render           | Engine: EEVEE
04:30.998  render           | Fra: 1006 | Rendering 1 / 32 samples
04:31.124  render           | Fra: 1006 | Rendering 25 / 32 samples
04:31.161  render           | Fra: 1006 | Rendering 32 / 32 samples
04:31.169  render           | Video append frame 1006
04:31.169  render           | Time: 00:00.20 (Saving: 00:00.00)
04:31.169  render           | Rendering frame 1007
04:31.170  render           | Start rendering: MORI_Assembly_Animation, 视图层
04:31.170  render           | Engine: EEVEE
04:31.208  render           | Fra: 1007 | Rendering 1 / 32 samples
04:31.335  render           | Fra: 1007 | Rendering 25 / 32 samples
04:31.373  render           | Fra: 1007 | Rendering 32 / 32 samples
04:31.382  render           | Video append frame 1007
04:31.382  render           | Time: 00:00.21 (Saving: 00:00.00)
04:31.382  render           | Rendering frame 1008
04:31.382  render           | Start rendering: MORI_Assembly_Animation, 视图层
04:31.382  render           | Engine: EEVEE
04:31.422  render           | Fra: 1008 | Rendering 1 / 32 samples
04:31.549  render           | Fra: 1008 | Rendering 25 / 32 samples
04:31.585  render           | Fra: 1008 | Rendering 32 / 32 samples
04:31.594  render           | Video append frame 1008
04:31.594  render           | Time: 00:00.21 (Saving: 00:00.00)
04:31.594  render           | Rendering frame 1009
04:31.594  render           | Start rendering: MORI_Assembly_Animation, 视图层
04:31.594  render           | Engine: EEVEE
04:31.632  render           | Fra: 1009 | Rendering 1 / 32 samples
04:31.758  render           | Fra: 1009 | Rendering 25 / 32 samples
04:31.794  render           | Fra: 1009 | Rendering 32 / 32 samples
04:31.803  render           | Video append frame 1009
04:31.803  render           | Time: 00:00.20 (Saving: 00:00.00)
04:31.803  render           | Rendering frame 1010
04:31.804  render           | Start rendering: MORI_Assembly_Animation, 视图层
04:31.804  render           | Engine: EEVEE
04:31.842  render           | Fra: 1010 | Rendering 1 / 32 samples
04:31.968  render           | Fra: 1010 | Rendering 25 / 32 samples
04:32.004  render           | Fra: 1010 | Rendering 32 / 32 samples
04:32.013  render           | Video append frame 1010
04:32.013  render           | Time: 00:00.20 (Saving: 00:00.00)
04:32.013  render           | Rendering frame 1011
04:32.014  render           | Start rendering: MORI_Assembly_Animation, 视图层
04:32.014  render           | Engine: EEVEE
04:32.052  render           | Fra: 1011 | Rendering 1 / 32 samples
04:32.180  render           | Fra: 1011 | Rendering 25 / 32 samples
04:32.216  render           | Fra: 1011 | Rendering 32 / 32 samples
04:32.225  render           | Video append frame 1011
04:32.225  render           | Time: 00:00.21 (Saving: 00:00.00)
04:32.225  render           | Rendering frame 1012
04:32.225  render           | Start rendering: MORI_Assembly_Animation, 视图层
04:32.225  render           | Engine: EEVEE
04:32.263  render           | Fra: 1012 | Rendering 1 / 32 samples
04:32.390  render           | Fra: 1012 | Rendering 25 / 32 samples
04:32.426  render           | Fra: 1012 | Rendering 32 / 32 samples
04:32.435  render           | Video append frame 1012
04:32.435  render           | Time: 00:00.21 (Saving: 00:00.00)
04:32.435  render           | Rendering frame 1013
04:32.435  render           | Start rendering: MORI_Assembly_Animation, 视图层
04:32.435  render           | Engine: EEVEE
04:32.473  render           | Fra: 1013 | Rendering 1 / 32 samples
04:32.603  render           | Fra: 1013 | Rendering 25 / 32 samples
04:32.641  render           | Fra: 1013 | Rendering 32 / 32 samples
04:32.651  render           | Video append frame 1013
04:32.651  render           | Time: 00:00.21 (Saving: 00:00.00)
04:32.651  render           | Rendering frame 1014
04:32.651  render           | Start rendering: MORI_Assembly_Animation, 视图层
04:32.651  render           | Engine: EEVEE
04:32.691  render           | Fra: 1014 | Rendering 1 / 32 samples
04:32.819  render           | Fra: 1014 | Rendering 25 / 32 samples
04:32.855  render           | Fra: 1014 | Rendering 32 / 32 samples
04:32.865  render           | Video append frame 1014
04:32.865  render           | Time: 00:00.21 (Saving: 00:00.00)
04:32.865  render           | Rendering frame 1015
04:32.865  render           | Start rendering: MORI_Assembly_Animation, 视图层
04:32.865  render           | Engine: EEVEE
04:32.903  render           | Fra: 1015 | Rendering 1 / 32 samples
04:33.031  render           | Fra: 1015 | Rendering 25 / 32 samples
04:33.069  render           | Fra: 1015 | Rendering 32 / 32 samples
04:33.079  render           | Video append frame 1015
04:33.079  render           | Time: 00:00.21 (Saving: 00:00.00)
04:33.079  render           | Rendering frame 1016
04:33.079  render           | Start rendering: MORI_Assembly_Animation, 视图层
04:33.079  render           | Engine: EEVEE
04:33.115  render           | Fra: 1016 | Rendering 1 / 32 samples
04:33.243  render           | Fra: 1016 | Rendering 25 / 32 samples
04:33.279  render           | Fra: 1016 | Rendering 32 / 32 samples
04:33.288  render           | Video append frame 1016
04:33.288  render           | Time: 00:00.20 (Saving: 00:00.00)
04:33.288  render           | Rendering frame 1017
04:33.288  render           | Start rendering: MORI_Assembly_Animation, 视图层
04:33.288  render           | Engine: EEVEE
04:33.327  render           | Fra: 1017 | Rendering 1 / 32 samples
04:33.453  render           | Fra: 1017 | Rendering 25 / 32 samples
04:33.491  render           | Fra: 1017 | Rendering 32 / 32 samples
04:33.499  render           | Video append frame 1017
04:33.499  render           | Time: 00:00.21 (Saving: 00:00.00)
04:33.499  render           | Rendering frame 1018
04:33.499  render           | Start rendering: MORI_Assembly_Animation, 视图层
04:33.500  render           | Engine: EEVEE
04:33.536  render           | Fra: 1018 | Rendering 1 / 32 samples
04:33.662  render           | Fra: 1018 | Rendering 25 / 32 samples
04:33.699  render           | Fra: 1018 | Rendering 32 / 32 samples
04:33.707  render           | Video append frame 1018
04:33.707  render           | Time: 00:00.20 (Saving: 00:00.00)
04:33.707  render           | Rendering frame 1019
04:33.707  render           | Start rendering: MORI_Assembly_Animation, 视图层
04:33.707  render           | Engine: EEVEE
04:33.746  render           | Fra: 1019 | Rendering 1 / 32 samples
04:33.873  render           | Fra: 1019 | Rendering 25 / 32 samples
04:33.910  render           | Fra: 1019 | Rendering 32 / 32 samples
04:33.918  render           | Video append frame 1019
04:33.918  render           | Time: 00:00.21 (Saving: 00:00.00)
04:33.918  render           | Rendering frame 1020
04:33.918  render           | Start rendering: MORI_Assembly_Animation, 视图层
04:33.919  render           | Engine: EEVEE
04:33.957  render           | Fra: 1020 | Rendering 1 / 32 samples
04:34.084  render           | Fra: 1020 | Rendering 25 / 32 samples
04:34.121  render           | Fra: 1020 | Rendering 32 / 32 samples
04:34.130  render           | Video append frame 1020
04:34.130  render           | Time: 00:00.21 (Saving: 00:00.00)
04:34.130  render           | Rendering frame 1021
04:34.130  render           | Start rendering: MORI_Assembly_Animation, 视图层
04:34.130  render           | Engine: EEVEE
04:34.169  render           | Fra: 1021 | Rendering 1 / 32 samples
04:34.295  render           | Fra: 1021 | Rendering 25 / 32 samples
04:34.331  render           | Fra: 1021 | Rendering 32 / 32 samples
04:34.340  render           | Video append frame 1021
04:34.340  render           | Time: 00:00.21 (Saving: 00:00.00)
04:34.340  render           | Rendering frame 1022
04:34.340  render           | Start rendering: MORI_Assembly_Animation, 视图层
04:34.340  render           | Engine: EEVEE
04:34.381  render           | Fra: 1022 | Rendering 1 / 32 samples
04:34.508  render           | Fra: 1022 | Rendering 25 / 32 samples
04:34.545  render           | Fra: 1022 | Rendering 32 / 32 samples
04:34.554  render           | Video append frame 1022
04:34.555  render           | Time: 00:00.21 (Saving: 00:00.00)
04:34.555  render           | Rendering frame 1023
04:34.555  render           | Start rendering: MORI_Assembly_Animation, 视图层
04:34.555  render           | Engine: EEVEE
04:34.591  render           | Fra: 1023 | Rendering 1 / 32 samples
04:34.720  render           | Fra: 1023 | Rendering 25 / 32 samples
04:34.756  render           | Fra: 1023 | Rendering 32 / 32 samples
04:34.766  render           | Video append frame 1023
04:34.766  render           | Time: 00:00.21 (Saving: 00:00.00)
04:34.766  render           | Rendering frame 1024
04:34.766  render           | Start rendering: MORI_Assembly_Animation, 视图层
04:34.766  render           | Engine: EEVEE
04:34.810  render           | Fra: 1024 | Rendering 1 / 32 samples
04:34.938  render           | Fra: 1024 | Rendering 25 / 32 samples
04:34.975  render           | Fra: 1024 | Rendering 32 / 32 samples
04:34.983  render           | Video append frame 1024
04:34.983  render           | Time: 00:00.21 (Saving: 00:00.00)
04:34.983  render           | Rendering frame 1025
04:34.983  render           | Start rendering: MORI_Assembly_Animation, 视图层
04:34.983  render           | Engine: EEVEE
04:35.023  render           | Fra: 1025 | Rendering 1 / 32 samples
04:35.149  render           | Fra: 1025 | Rendering 25 / 32 samples
04:35.186  render           | Fra: 1025 | Rendering 32 / 32 samples
04:35.196  render           | Video append frame 1025
04:35.196  render           | Time: 00:00.21 (Saving: 00:00.00)
04:35.196  render           | Rendering frame 1026
04:35.196  render           | Start rendering: MORI_Assembly_Animation, 视图层
04:35.196  render           | Engine: EEVEE
04:35.234  render           | Fra: 1026 | Rendering 1 / 32 samples
04:35.360  render           | Fra: 1026 | Rendering 25 / 32 samples
04:35.397  render           | Fra: 1026 | Rendering 32 / 32 samples
04:35.405  render           | Video append frame 1026
04:35.405  render           | Time: 00:00.20 (Saving: 00:00.00)
04:35.405  render           | Rendering frame 1027
04:35.405  render           | Start rendering: MORI_Assembly_Animation, 视图层
04:35.406  render           | Engine: EEVEE
04:35.441  render           | Fra: 1027 | Rendering 1 / 32 samples
04:35.568  render           | Fra: 1027 | Rendering 25 / 32 samples
04:35.605  render           | Fra: 1027 | Rendering 32 / 32 samples
04:35.613  render           | Video append frame 1027
04:35.614  render           | Time: 00:00.20 (Saving: 00:00.00)
04:35.614  render           | Rendering frame 1028
04:35.614  render           | Start rendering: MORI_Assembly_Animation, 视图层
04:35.614  render           | Engine: EEVEE
04:35.653  render           | Fra: 1028 | Rendering 1 / 32 samples
04:35.781  render           | Fra: 1028 | Rendering 25 / 32 samples
04:35.817  render           | Fra: 1028 | Rendering 32 / 32 samples
04:35.825  render           | Video append frame 1028
04:35.825  render           | Time: 00:00.21 (Saving: 00:00.00)
04:35.825  render           | Rendering frame 1029
04:35.826  render           | Start rendering: MORI_Assembly_Animation, 视图层
04:35.826  render           | Engine: EEVEE
04:35.865  render           | Fra: 1029 | Rendering 1 / 32 samples
04:35.991  render           | Fra: 1029 | Rendering 25 / 32 samples
04:36.027  render           | Fra: 1029 | Rendering 32 / 32 samples
04:36.036  render           | Video append frame 1029
04:36.036  render           | Time: 00:00.21 (Saving: 00:00.00)
04:36.036  render           | Rendering frame 1030
04:36.036  render           | Start rendering: MORI_Assembly_Animation, 视图层
04:36.037  render           | Engine: EEVEE
04:36.077  render           | Fra: 1030 | Rendering 1 / 32 samples
04:36.204  render           | Fra: 1030 | Rendering 25 / 32 samples
04:36.241  render           | Fra: 1030 | Rendering 32 / 32 samples
04:36.250  render           | Video append frame 1030
04:36.250  render           | Time: 00:00.21 (Saving: 00:00.00)
04:36.250  render           | Rendering frame 1031
04:36.250  render           | Start rendering: MORI_Assembly_Animation, 视图层
04:36.250  render           | Engine: EEVEE
04:36.289  render           | Fra: 1031 | Rendering 1 / 32 samples
04:36.415  render           | Fra: 1031 | Rendering 25 / 32 samples
04:36.452  render           | Fra: 1031 | Rendering 32 / 32 samples
04:36.461  render           | Video append frame 1031
04:36.461  render           | Time: 00:00.21 (Saving: 00:00.00)
04:36.461  render           | Rendering frame 1032
04:36.461  render           | Start rendering: MORI_Assembly_Animation, 视图层
04:36.461  render           | Engine: EEVEE
04:36.503  render           | Fra: 1032 | Rendering 1 / 32 samples
04:36.630  render           | Fra: 1032 | Rendering 25 / 32 samples
04:36.667  render           | Fra: 1032 | Rendering 32 / 32 samples
04:36.676  render           | Video append frame 1032
04:36.676  render           | Time: 00:00.21 (Saving: 00:00.00)
04:36.676  render           | Rendering frame 1033
04:36.676  render           | Start rendering: MORI_Assembly_Animation, 视图层
04:36.676  render           | Engine: EEVEE
04:36.719  render           | Fra: 1033 | Rendering 1 / 32 samples
04:36.849  render           | Fra: 1033 | Rendering 25 / 32 samples
04:36.886  render           | Fra: 1033 | Rendering 32 / 32 samples
04:36.898  render           | Video append frame 1033
04:36.898  render           | Time: 00:00.22 (Saving: 00:00.00)
04:36.898  render           | Rendering frame 1034
04:36.898  render           | Start rendering: MORI_Assembly_Animation, 视图层
04:36.898  render           | Engine: EEVEE
04:36.941  render           | Fra: 1034 | Rendering 1 / 32 samples
04:37.080  render           | Fra: 1034 | Rendering 25 / 32 samples
04:37.117  render           | Fra: 1034 | Rendering 32 / 32 samples
04:37.126  render           | Video append frame 1034
04:37.126  render           | Time: 00:00.22 (Saving: 00:00.00)
04:37.126  render           | Rendering frame 1035
04:37.126  render           | Start rendering: MORI_Assembly_Animation, 视图层
04:37.127  render           | Engine: EEVEE
04:37.172  render           | Fra: 1035 | Rendering 1 / 32 samples
04:37.300  render           | Fra: 1035 | Rendering 25 / 32 samples
04:37.340  render           | Fra: 1035 | Rendering 32 / 32 samples
04:37.349  render           | Video append frame 1035
04:37.349  render           | Time: 00:00.22 (Saving: 00:00.00)
04:37.349  render           | Rendering frame 1036
04:37.349  render           | Start rendering: MORI_Assembly_Animation, 视图层
04:37.349  render           | Engine: EEVEE
04:37.394  render           | Fra: 1036 | Rendering 1 / 32 samples
04:37.524  render           | Fra: 1036 | Rendering 25 / 32 samples
04:37.563  render           | Fra: 1036 | Rendering 32 / 32 samples
04:37.572  render           | Video append frame 1036
04:37.572  render           | Time: 00:00.22 (Saving: 00:00.00)
04:37.572  render           | Rendering frame 1037
04:37.572  render           | Start rendering: MORI_Assembly_Animation, 视图层
04:37.572  render           | Engine: EEVEE
04:37.612  render           | Fra: 1037 | Rendering 1 / 32 samples
04:37.742  render           | Fra: 1037 | Rendering 25 / 32 samples
04:37.779  render           | Fra: 1037 | Rendering 32 / 32 samples
04:37.789  render           | Video append frame 1037
04:37.789  render           | Time: 00:00.21 (Saving: 00:00.00)
04:37.789  render           | Rendering frame 1038
04:37.789  render           | Start rendering: MORI_Assembly_Animation, 视图层
04:37.789  render           | Engine: EEVEE
04:37.829  render           | Fra: 1038 | Rendering 1 / 32 samples
04:37.957  render           | Fra: 1038 | Rendering 25 / 32 samples
04:37.994  render           | Fra: 1038 | Rendering 32 / 32 samples
04:38.003  render           | Video append frame 1038
04:38.003  render           | Time: 00:00.21 (Saving: 00:00.00)
04:38.003  render           | Rendering frame 1039
04:38.003  render           | Start rendering: MORI_Assembly_Animation, 视图层
04:38.003  render           | Engine: EEVEE
04:38.044  render           | Fra: 1039 | Rendering 1 / 32 samples
04:38.172  render           | Fra: 1039 | Rendering 25 / 32 samples
04:38.209  render           | Fra: 1039 | Rendering 32 / 32 samples
04:38.218  render           | Video append frame 1039
04:38.218  render           | Time: 00:00.21 (Saving: 00:00.00)
04:38.218  render           | Rendering frame 1040
04:38.218  render           | Start rendering: MORI_Assembly_Animation, 视图层
04:38.218  render           | Engine: EEVEE
04:38.258  render           | Fra: 1040 | Rendering 1 / 32 samples
04:38.391  render           | Fra: 1040 | Rendering 25 / 32 samples
04:38.430  render           | Fra: 1040 | Rendering 32 / 32 samples
04:38.439  render           | Video append frame 1040
04:38.439  render           | Time: 00:00.22 (Saving: 00:00.00)
04:38.439  render           | Rendering frame 1041
04:38.439  render           | Start rendering: MORI_Assembly_Animation, 视图层
04:38.439  render           | Engine: EEVEE
04:38.481  render           | Fra: 1041 | Rendering 1 / 32 samples
04:38.612  render           | Fra: 1041 | Rendering 25 / 32 samples
04:38.649  render           | Fra: 1041 | Rendering 32 / 32 samples
04:38.658  render           | Video append frame 1041
04:38.658  render           | Time: 00:00.21 (Saving: 00:00.00)
04:38.658  render           | Rendering frame 1042
04:38.658  render           | Start rendering: MORI_Assembly_Animation, 视图层
04:38.658  render           | Engine: EEVEE
04:38.702  render           | Fra: 1042 | Rendering 1 / 32 samples
04:38.833  render           | Fra: 1042 | Rendering 25 / 32 samples
04:38.874  render           | Fra: 1042 | Rendering 32 / 32 samples
04:38.883  render           | Video append frame 1042
04:38.883  render           | Time: 00:00.22 (Saving: 00:00.00)
04:38.883  render           | Rendering frame 1043
04:38.883  render           | Start rendering: MORI_Assembly_Animation, 视图层
04:38.883  render           | Engine: EEVEE
04:38.930  render           | Fra: 1043 | Rendering 1 / 32 samples
04:39.063  render           | Fra: 1043 | Rendering 25 / 32 samples
04:39.101  render           | Fra: 1043 | Rendering 32 / 32 samples
04:39.111  render           | Video append frame 1043
04:39.111  render           | Time: 00:00.22 (Saving: 00:00.00)
04:39.111  render           | Rendering frame 1044
04:39.111  render           | Start rendering: MORI_Assembly_Animation, 视图层
04:39.111  render           | Engine: EEVEE
04:39.159  render           | Fra: 1044 | Rendering 1 / 32 samples
04:39.296  render           | Fra: 1044 | Rendering 25 / 32 samples
04:39.335  render           | Fra: 1044 | Rendering 32 / 32 samples
04:39.345  render           | Video append frame 1044
04:39.345  render           | Time: 00:00.23 (Saving: 00:00.00)
04:39.345  render           | Rendering frame 1045
04:39.345  render           | Start rendering: MORI_Assembly_Animation, 视图层
04:39.345  render           | Engine: EEVEE
04:39.397  render           | Fra: 1045 | Rendering 1 / 32 samples
04:39.536  render           | Fra: 1045 | Rendering 25 / 32 samples
04:39.576  render           | Fra: 1045 | Rendering 32 / 32 samples
04:39.585  render           | Video append frame 1045
04:39.585  render           | Time: 00:00.23 (Saving: 00:00.00)
04:39.585  render           | Rendering frame 1046
04:39.585  render           | Start rendering: MORI_Assembly_Animation, 视图层
04:39.585  render           | Engine: EEVEE
04:39.629  render           | Fra: 1046 | Rendering 1 / 32 samples
04:39.764  render           | Fra: 1046 | Rendering 25 / 32 samples
04:39.803  render           | Fra: 1046 | Rendering 32 / 32 samples
04:39.813  render           | Video append frame 1046
04:39.813  render           | Time: 00:00.22 (Saving: 00:00.00)
04:39.813  render           | Rendering frame 1047
04:39.813  render           | Start rendering: MORI_Assembly_Animation, 视图层
04:39.813  render           | Engine: EEVEE
04:39.851  render           | Fra: 1047 | Rendering 1 / 32 samples
04:39.986  render           | Fra: 1047 | Rendering 25 / 32 samples
04:40.025  render           | Fra: 1047 | Rendering 32 / 32 samples
04:40.035  render           | Video append frame 1047
04:40.035  render           | Time: 00:00.22 (Saving: 00:00.00)
04:40.035  render           | Rendering frame 1048
04:40.035  render           | Start rendering: MORI_Assembly_Animation, 视图层
04:40.035  render           | Engine: EEVEE
04:40.074  render           | Fra: 1048 | Rendering 1 / 32 samples
04:40.210  render           | Fra: 1048 | Rendering 25 / 32 samples
04:40.249  render           | Fra: 1048 | Rendering 32 / 32 samples
04:40.258  render           | Video append frame 1048
04:40.258  render           | Time: 00:00.22 (Saving: 00:00.00)
04:40.258  render           | Rendering frame 1049
04:40.258  render           | Start rendering: MORI_Assembly_Animation, 视图层
04:40.258  render           | Engine: EEVEE
04:40.303  render           | Fra: 1049 | Rendering 1 / 32 samples
04:40.441  render           | Fra: 1049 | Rendering 25 / 32 samples
04:40.480  render           | Fra: 1049 | Rendering 32 / 32 samples
04:40.488  render           | Video append frame 1049
04:40.488  render           | Time: 00:00.23 (Saving: 00:00.00)
04:40.488  render           | Rendering frame 1050
04:40.488  render           | Start rendering: MORI_Assembly_Animation, 视图层
04:40.488  render           | Engine: EEVEE
04:40.530  render           | Fra: 1050 | Rendering 1 / 32 samples
04:40.667  render           | Fra: 1050 | Rendering 25 / 32 samples
04:40.708  render           | Fra: 1050 | Rendering 32 / 32 samples
04:40.717  render           | Video append frame 1050
04:40.717  render           | Time: 00:00.22 (Saving: 00:00.00)
04:40.717  render           | Rendering frame 1051
04:40.717  render           | Start rendering: MORI_Assembly_Animation, 视图层
04:40.717  render           | Engine: EEVEE
04:40.763  render           | Fra: 1051 | Rendering 1 / 32 samples
04:40.898  render           | Fra: 1051 | Rendering 25 / 32 samples
04:40.935  render           | Fra: 1051 | Rendering 32 / 32 samples
04:40.944  render           | Video append frame 1051
04:40.944  render           | Time: 00:00.22 (Saving: 00:00.00)
04:40.945  render           | Rendering frame 1052
04:40.945  render           | Start rendering: MORI_Assembly_Animation, 视图层
04:40.945  render           | Engine: EEVEE
04:40.985  render           | Fra: 1052 | Rendering 1 / 32 samples
04:41.119  render           | Fra: 1052 | Rendering 25 / 32 samples
04:41.159  render           | Fra: 1052 | Rendering 32 / 32 samples
04:41.168  render           | Video append frame 1052
04:41.168  render           | Time: 00:00.22 (Saving: 00:00.00)
04:41.168  render           | Rendering frame 1053
04:41.169  render           | Start rendering: MORI_Assembly_Animation, 视图层
04:41.169  render           | Engine: EEVEE
04:41.215  render           | Fra: 1053 | Rendering 1 / 32 samples
04:41.349  render           | Fra: 1053 | Rendering 25 / 32 samples
04:41.388  render           | Fra: 1053 | Rendering 32 / 32 samples
04:41.398  render           | Video append frame 1053
04:41.398  render           | Time: 00:00.22 (Saving: 00:00.00)
04:41.398  render           | Rendering frame 1054
04:41.398  render           | Start rendering: MORI_Assembly_Animation, 视图层
04:41.398  render           | Engine: EEVEE
04:41.446  render           | Fra: 1054 | Rendering 1 / 32 samples
04:41.581  render           | Fra: 1054 | Rendering 25 / 32 samples
04:41.619  render           | Fra: 1054 | Rendering 32 / 32 samples
04:41.628  render           | Video append frame 1054
04:41.628  render           | Time: 00:00.23 (Saving: 00:00.00)
04:41.628  render           | Rendering frame 1055
04:41.628  render           | Start rendering: MORI_Assembly_Animation, 视图层
04:41.628  render           | Engine: EEVEE
04:41.676  render           | Fra: 1055 | Rendering 1 / 32 samples
04:41.806  render           | Fra: 1055 | Rendering 25 / 32 samples
04:41.843  render           | Fra: 1055 | Rendering 32 / 32 samples
04:41.852  render           | Video append frame 1055
04:41.852  render           | Time: 00:00.22 (Saving: 00:00.00)
04:41.852  render           | Rendering frame 1056
04:41.852  render           | Start rendering: MORI_Assembly_Animation, 视图层
04:41.852  render           | Engine: EEVEE
04:41.896  render           | Fra: 1056 | Rendering 1 / 32 samples
04:42.026  render           | Fra: 1056 | Rendering 25 / 32 samples
04:42.063  render           | Fra: 1056 | Rendering 32 / 32 samples
04:42.073  render           | Video append frame 1056
04:42.073  render           | Time: 00:00.22 (Saving: 00:00.00)
04:42.073  render           | Rendering frame 1057
04:42.073  render           | Start rendering: MORI_Assembly_Animation, 视图层
04:42.073  render           | Engine: EEVEE
04:42.136  render           | Fra: 1057 | Rendering 1 / 32 samples
04:42.484  render           | Fra: 1057 | Rendering 25 / 32 samples
04:42.576  render           | Fra: 1057 | Rendering 32 / 32 samples
04:42.586  render           | Video append frame 1057
04:42.586  render           | Time: 00:00.51 (Saving: 00:00.00)
04:42.586  render           | Rendering frame 1058
04:42.586  render           | Start rendering: MORI_Assembly_Animation, 视图层
04:42.586  render           | Engine: EEVEE
04:42.644  render           | Fra: 1058 | Rendering 1 / 32 samples
04:42.965  render           | Fra: 1058 | Rendering 25 / 32 samples
04:43.061  render           | Fra: 1058 | Rendering 32 / 32 samples
04:43.072  render           | Video append frame 1058
04:43.072  render           | Time: 00:00.48 (Saving: 00:00.00)
04:43.072  render           | Rendering frame 1059
04:43.072  render           | Start rendering: MORI_Assembly_Animation, 视图层
04:43.072  render           | Engine: EEVEE
04:43.131  render           | Fra: 1059 | Rendering 1 / 32 samples
04:43.451  render           | Fra: 1059 | Rendering 25 / 32 samples
04:43.548  render           | Fra: 1059 | Rendering 32 / 32 samples
04:43.560  render           | Video append frame 1059
04:43.560  render           | Time: 00:00.48 (Saving: 00:00.00)
04:43.560  render           | Rendering frame 1060
04:43.560  render           | Start rendering: MORI_Assembly_Animation, 视图层
04:43.560  render           | Engine: EEVEE
04:43.621  render           | Fra: 1060 | Rendering 1 / 32 samples
04:43.945  render           | Fra: 1060 | Rendering 25 / 32 samples
04:44.047  render           | Fra: 1060 | Rendering 32 / 32 samples
04:44.060  render           | Video append frame 1060
04:44.061  render           | Time: 00:00.50 (Saving: 00:00.00)
04:44.061  render           | Rendering frame 1061
04:44.061  render           | Start rendering: MORI_Assembly_Animation, 视图层
04:44.061  render           | Engine: EEVEE
04:44.124  render           | Fra: 1061 | Rendering 1 / 32 samples
04:44.451  render           | Fra: 1061 | Rendering 25 / 32 samples
04:44.546  render           | Fra: 1061 | Rendering 32 / 32 samples
04:44.560  render           | Video append frame 1061
04:44.560  render           | Time: 00:00.49 (Saving: 00:00.00)
04:44.560  render           | Rendering frame 1062
04:44.560  render           | Start rendering: MORI_Assembly_Animation, 视图层
04:44.560  render           | Engine: EEVEE
04:44.625  render           | Fra: 1062 | Rendering 1 / 32 samples
04:44.971  render           | Fra: 1062 | Rendering 25 / 32 samples
04:45.069  render           | Fra: 1062 | Rendering 32 / 32 samples
04:45.082  render           | Video append frame 1062
04:45.082  render           | Time: 00:00.52 (Saving: 00:00.00)
04:45.082  render           | Rendering frame 1063
04:45.082  render           | Start rendering: MORI_Assembly_Animation, 视图层
04:45.082  render           | Engine: EEVEE
04:45.147  render           | Fra: 1063 | Rendering 1 / 32 samples
04:45.487  render           | Fra: 1063 | Rendering 25 / 32 samples
04:45.587  render           | Fra: 1063 | Rendering 32 / 32 samples
04:45.607  render           | Video append frame 1063
04:45.607  render           | Time: 00:00.52 (Saving: 00:00.01)
04:45.608  render           | Rendering frame 1064
04:45.608  render           | Start rendering: MORI_Assembly_Animation, 视图层
04:45.608  render           | Engine: EEVEE
04:45.680  render           | Fra: 1064 | Rendering 1 / 32 samples
04:46.041  render           | Fra: 1064 | Rendering 25 / 32 samples
04:46.151  render           | Fra: 1064 | Rendering 32 / 32 samples
04:46.213  render           | Video append frame 1064
04:46.213  render           | Time: 00:00.60 (Saving: 00:00.05)
04:46.213  render           | Rendering frame 1065
04:46.214  render           | Start rendering: MORI_Assembly_Animation, 视图层
04:46.214  render           | Engine: EEVEE
04:46.279  render           | Fra: 1065 | Rendering 1 / 32 samples
04:46.643  render           | Fra: 1065 | Rendering 25 / 32 samples
04:46.759  render           | Fra: 1065 | Rendering 32 / 32 samples
04:46.828  render           | Video append frame 1065
04:46.828  render           | Time: 00:00.61 (Saving: 00:00.05)
04:46.828  render           | Rendering frame 1066
04:46.828  render           | Start rendering: MORI_Assembly_Animation, 视图层
04:46.828  render           | Engine: EEVEE
04:46.913  render           | Fra: 1066 | Rendering 1 / 32 samples
04:47.260  render           | Fra: 1066 | Rendering 25 / 32 samples
04:47.362  render           | Fra: 1066 | Rendering 32 / 32 samples
04:47.379  render           | Video append frame 1066
04:47.379  render           | Time: 00:00.55 (Saving: 00:00.01)
04:47.380  render           | Rendering frame 1067
04:47.380  render           | Start rendering: MORI_Assembly_Animation, 视图层
04:47.380  render           | Engine: EEVEE
04:47.451  render           | Fra: 1067 | Rendering 1 / 32 samples
04:47.777  render           | Fra: 1067 | Rendering 25 / 32 samples
04:47.878  render           | Fra: 1067 | Rendering 32 / 32 samples
04:47.894  render           | Video append frame 1067
04:47.894  render           | Time: 00:00.51 (Saving: 00:00.01)
04:47.894  render           | Rendering frame 1068
04:47.894  render           | Start rendering: MORI_Assembly_Animation, 视图层
04:47.894  render           | Engine: EEVEE
04:47.957  render           | Fra: 1068 | Rendering 1 / 32 samples
04:48.295  render           | Fra: 1068 | Rendering 25 / 32 samples
04:48.397  render           | Fra: 1068 | Rendering 32 / 32 samples
04:48.440  render           | Video append frame 1068
04:48.440  render           | Time: 00:00.54 (Saving: 00:00.02)
04:48.440  render           | Rendering frame 1069
04:48.440  render           | Start rendering: MORI_Assembly_Animation, 视图层
04:48.440  render           | Engine: EEVEE
04:48.509  render           | Fra: 1069 | Rendering 1 / 32 samples
04:48.851  render           | Fra: 1069 | Rendering 25 / 32 samples
04:48.952  render           | Fra: 1069 | Rendering 32 / 32 samples
04:48.975  render           | Video append frame 1069
04:48.975  render           | Time: 00:00.53 (Saving: 00:00.01)
04:48.975  render           | Rendering frame 1070
04:48.975  render           | Start rendering: MORI_Assembly_Animation, 视图层
04:48.975  render           | Engine: EEVEE
04:49.051  render           | Fra: 1070 | Rendering 1 / 32 samples
04:49.386  render           | Fra: 1070 | Rendering 25 / 32 samples
04:49.485  render           | Fra: 1070 | Rendering 32 / 32 samples
04:49.502  render           | Video append frame 1070
04:49.502  render           | Time: 00:00.52 (Saving: 00:00.01)
04:49.502  render           | Rendering frame 1071
04:49.503  render           | Start rendering: MORI_Assembly_Animation, 视图层
04:49.503  render           | Engine: EEVEE
04:49.568  render           | Fra: 1071 | Rendering 1 / 32 samples
04:49.921  render           | Fra: 1071 | Rendering 25 / 32 samples
04:50.024  render           | Fra: 1071 | Rendering 32 / 32 samples
04:50.039  render           | Video append frame 1071
04:50.039  render           | Time: 00:00.53 (Saving: 00:00.01)
04:50.039  render           | Rendering frame 1072
04:50.039  render           | Start rendering: MORI_Assembly_Animation, 视图层
04:50.039  render           | Engine: EEVEE
04:50.104  render           | Fra: 1072 | Rendering 1 / 32 samples
04:50.457  render           | Fra: 1072 | Rendering 25 / 32 samples
04:50.561  render           | Fra: 1072 | Rendering 32 / 32 samples
04:50.577  render           | Video append frame 1072
04:50.577  render           | Time: 00:00.53 (Saving: 00:00.01)
04:50.577  render           | Rendering frame 1073
04:50.577  render           | Start rendering: MORI_Assembly_Animation, 视图层
04:50.577  render           | Engine: EEVEE
04:50.643  render           | Fra: 1073 | Rendering 1 / 32 samples
04:50.989  render           | Fra: 1073 | Rendering 25 / 32 samples
04:51.090  render           | Fra: 1073 | Rendering 32 / 32 samples
04:51.103  render           | Video append frame 1073
04:51.104  render           | Time: 00:00.52 (Saving: 00:00.00)
04:51.104  render           | Rendering frame 1074
04:51.104  render           | Start rendering: MORI_Assembly_Animation, 视图层
04:51.104  render           | Engine: EEVEE
04:51.166  render           | Fra: 1074 | Rendering 1 / 32 samples
04:51.505  render           | Fra: 1074 | Rendering 25 / 32 samples
04:51.609  render           | Fra: 1074 | Rendering 32 / 32 samples
04:51.623  render           | Video append frame 1074
04:51.623  render           | Time: 00:00.51 (Saving: 00:00.00)
04:51.623  render           | Rendering frame 1075
04:51.623  render           | Start rendering: MORI_Assembly_Animation, 视图层
04:51.623  render           | Engine: EEVEE
04:51.688  render           | Fra: 1075 | Rendering 1 / 32 samples
04:52.028  render           | Fra: 1075 | Rendering 25 / 32 samples
04:52.134  render           | Fra: 1075 | Rendering 32 / 32 samples
04:52.149  render           | Video append frame 1075
04:52.149  render           | Time: 00:00.52 (Saving: 00:00.00)
04:52.149  render           | Rendering frame 1076
04:52.149  render           | Start rendering: MORI_Assembly_Animation, 视图层
04:52.149  render           | Engine: EEVEE
04:52.221  render           | Fra: 1076 | Rendering 1 / 32 samples
04:52.565  render           | Fra: 1076 | Rendering 25 / 32 samples
04:52.663  render           | Fra: 1076 | Rendering 32 / 32 samples
04:52.677  render           | Video append frame 1076
04:52.677  render           | Time: 00:00.52 (Saving: 00:00.00)
04:52.677  render           | Rendering frame 1077
04:52.677  render           | Start rendering: MORI_Assembly_Animation, 视图层
04:52.677  render           | Engine: EEVEE
04:52.738  render           | Fra: 1077 | Rendering 1 / 32 samples
04:53.090  render           | Fra: 1077 | Rendering 25 / 32 samples
04:53.194  render           | Fra: 1077 | Rendering 32 / 32 samples
04:53.208  render           | Video append frame 1077
04:53.208  render           | Time: 00:00.53 (Saving: 00:00.00)
04:53.208  render           | Rendering frame 1078
04:53.208  render           | Start rendering: MORI_Assembly_Animation, 视图层
04:53.208  render           | Engine: EEVEE
04:53.274  render           | Fra: 1078 | Rendering 1 / 32 samples
04:53.627  render           | Fra: 1078 | Rendering 25 / 32 samples
04:53.735  render           | Fra: 1078 | Rendering 32 / 32 samples
04:53.750  render           | Video append frame 1078
04:53.750  render           | Time: 00:00.54 (Saving: 00:00.00)
04:53.750  render           | Rendering frame 1079
04:53.750  render           | Start rendering: MORI_Assembly_Animation, 视图层
04:53.751  render           | Engine: EEVEE
04:53.812  render           | Fra: 1079 | Rendering 1 / 32 samples
04:54.168  render           | Fra: 1079 | Rendering 25 / 32 samples
04:54.275  render           | Fra: 1079 | Rendering 32 / 32 samples
04:54.290  render           | Video append frame 1079
04:54.290  render           | Time: 00:00.53 (Saving: 00:00.00)
04:54.290  render           | Rendering frame 1080
04:54.290  render           | Start rendering: MORI_Assembly_Animation, 视图层
04:54.290  render           | Engine: EEVEE
04:54.357  render           | Fra: 1080 | Rendering 1 / 32 samples
04:54.713  render           | Fra: 1080 | Rendering 25 / 32 samples
04:54.819  render           | Fra: 1080 | Rendering 32 / 32 samples
04:54.833  render           | Video append frame 1080
04:54.833  render           | Time: 00:00.54 (Saving: 00:00.00)
04:54.833  render           | Rendering frame 1081
04:54.833  render           | Start rendering: MORI_Assembly_Animation, 视图层
04:54.833  render           | Engine: EEVEE
04:54.898  render           | Fra: 1081 | Rendering 1 / 32 samples
04:55.249  render           | Fra: 1081 | Rendering 25 / 32 samples
04:55.351  render           | Fra: 1081 | Rendering 32 / 32 samples
04:55.366  render           | Video append frame 1081
04:55.367  render           | Time: 00:00.53 (Saving: 00:00.01)
04:55.367  render           | Rendering frame 1082
04:55.367  render           | Start rendering: MORI_Assembly_Animation, 视图层
04:55.367  render           | Engine: EEVEE
04:55.434  render           | Fra: 1082 | Rendering 1 / 32 samples
04:55.794  render           | Fra: 1082 | Rendering 25 / 32 samples
04:55.900  render           | Fra: 1082 | Rendering 32 / 32 samples
04:55.914  render           | Video append frame 1082
04:55.914  render           | Time: 00:00.54 (Saving: 00:00.00)
04:55.914  render           | Rendering frame 1083
04:55.914  render           | Start rendering: MORI_Assembly_Animation, 视图层
04:55.914  render           | Engine: EEVEE
04:55.977  render           | Fra: 1083 | Rendering 1 / 32 samples
04:56.333  render           | Fra: 1083 | Rendering 25 / 32 samples
04:56.440  render           | Fra: 1083 | Rendering 32 / 32 samples
04:56.453  render           | Video append frame 1083
04:56.453  render           | Time: 00:00.53 (Saving: 00:00.00)
04:56.453  render           | Rendering frame 1084
04:56.454  render           | Start rendering: MORI_Assembly_Animation, 视图层
04:56.454  render           | Engine: EEVEE
04:56.517  render           | Fra: 1084 | Rendering 1 / 32 samples
04:56.876  render           | Fra: 1084 | Rendering 25 / 32 samples
04:56.982  render           | Fra: 1084 | Rendering 32 / 32 samples
04:56.996  render           | Video append frame 1084
04:56.996  render           | Time: 00:00.54 (Saving: 00:00.00)
04:56.996  render           | Rendering frame 1085
04:56.996  render           | Start rendering: MORI_Assembly_Animation, 视图层
04:56.996  render           | Engine: EEVEE
04:57.059  render           | Fra: 1085 | Rendering 1 / 32 samples
04:57.410  render           | Fra: 1085 | Rendering 25 / 32 samples
04:57.516  render           | Fra: 1085 | Rendering 32 / 32 samples
04:57.531  render           | Video append frame 1085
04:57.531  render           | Time: 00:00.53 (Saving: 00:00.00)
04:57.531  render           | Rendering frame 1086
04:57.531  render           | Start rendering: MORI_Assembly_Animation, 视图层
04:57.531  render           | Engine: EEVEE
04:57.604  render           | Fra: 1086 | Rendering 1 / 32 samples
04:57.976  render           | Fra: 1086 | Rendering 25 / 32 samples
04:58.088  render           | Fra: 1086 | Rendering 32 / 32 samples
04:58.107  render           | Video append frame 1086
04:58.107  render           | Time: 00:00.57 (Saving: 00:00.01)
04:58.107  render           | Rendering frame 1087
04:58.108  render           | Start rendering: MORI_Assembly_Animation, 视图层
04:58.108  render           | Engine: EEVEE
04:58.192  render           | Fra: 1087 | Rendering 1 / 32 samples
04:58.572  render           | Fra: 1087 | Rendering 25 / 32 samples
04:58.676  render           | Fra: 1087 | Rendering 32 / 32 samples
04:58.693  render           | Video append frame 1087
04:58.693  render           | Time: 00:00.58 (Saving: 00:00.01)
04:58.693  render           | Rendering frame 1088
04:58.693  render           | Start rendering: MORI_Assembly_Animation, 视图层
04:58.693  render           | Engine: EEVEE
04:58.760  render           | Fra: 1088 | Rendering 1 / 32 samples
04:59.113  render           | Fra: 1088 | Rendering 25 / 32 samples
04:59.218  render           | Fra: 1088 | Rendering 32 / 32 samples
04:59.233  render           | Video append frame 1088
04:59.233  render           | Time: 00:00.54 (Saving: 00:00.00)
04:59.233  render           | Rendering frame 1089
04:59.233  render           | Start rendering: MORI_Assembly_Animation, 视图层
04:59.233  render           | Engine: EEVEE
04:59.303  render           | Fra: 1089 | Rendering 1 / 32 samples
04:59.652  render           | Fra: 1089 | Rendering 25 / 32 samples
04:59.761  render           | Fra: 1089 | Rendering 32 / 32 samples
04:59.776  render           | Video append frame 1089
04:59.776  render           | Time: 00:00.54 (Saving: 00:00.00)
04:59.776  render           | Rendering frame 1090
04:59.776  render           | Start rendering: MORI_Assembly_Animation, 视图层
04:59.776  render           | Engine: EEVEE
04:59.838  render           | Fra: 1090 | Rendering 1 / 32 samples
05:00.174  render           | Fra: 1090 | Rendering 25 / 32 samples
05:00.275  render           | Fra: 1090 | Rendering 32 / 32 samples
05:00.289  render           | Video append frame 1090
05:00.289  render           | Time: 00:00.51 (Saving: 00:00.00)
05:00.289  render           | Rendering frame 1091
05:00.289  render           | Start rendering: MORI_Assembly_Animation, 视图层
05:00.289  render           | Engine: EEVEE
05:00.359  render           | Fra: 1091 | Rendering 1 / 32 samples
05:00.711  render           | Fra: 1091 | Rendering 25 / 32 samples
05:00.818  render           | Fra: 1091 | Rendering 32 / 32 samples
05:00.834  render           | Video append frame 1091
05:00.834  render           | Time: 00:00.54 (Saving: 00:00.01)
05:00.834  render           | Rendering frame 1092
05:00.834  render           | Start rendering: MORI_Assembly_Animation, 视图层
05:00.834  render           | Engine: EEVEE
05:00.904  render           | Fra: 1092 | Rendering 1 / 32 samples
05:01.258  render           | Fra: 1092 | Rendering 25 / 32 samples
05:01.367  render           | Fra: 1092 | Rendering 32 / 32 samples
05:01.382  render           | Video append frame 1092
05:01.382  render           | Time: 00:00.54 (Saving: 00:00.00)
05:01.382  render           | Rendering frame 1093
05:01.382  render           | Start rendering: MORI_Assembly_Animation, 视图层
05:01.382  render           | Engine: EEVEE
05:01.462  render           | Fra: 1093 | Rendering 1 / 32 samples
05:01.805  render           | Fra: 1093 | Rendering 25 / 32 samples
05:01.903  render           | Fra: 1093 | Rendering 32 / 32 samples
05:01.918  render           | Video append frame 1093
05:01.918  render           | Time: 00:00.53 (Saving: 00:00.00)
05:01.918  render           | Rendering frame 1094
05:01.918  render           | Start rendering: MORI_Assembly_Animation, 视图层
05:01.918  render           | Engine: EEVEE
05:01.985  render           | Fra: 1094 | Rendering 1 / 32 samples
05:02.322  render           | Fra: 1094 | Rendering 25 / 32 samples
05:02.424  render           | Fra: 1094 | Rendering 32 / 32 samples
05:02.437  render           | Video append frame 1094
05:02.437  render           | Time: 00:00.51 (Saving: 00:00.00)
05:02.437  render           | Rendering frame 1095
05:02.438  render           | Start rendering: MORI_Assembly_Animation, 视图层
05:02.438  render           | Engine: EEVEE
05:02.504  render           | Fra: 1095 | Rendering 1 / 32 samples
05:02.836  render           | Fra: 1095 | Rendering 25 / 32 samples
05:02.935  render           | Fra: 1095 | Rendering 32 / 32 samples
05:02.950  render           | Video append frame 1095
05:02.950  render           | Time: 00:00.51 (Saving: 00:00.00)
05:02.950  render           | Rendering frame 1096
05:02.950  render           | Start rendering: MORI_Assembly_Animation, 视图层
05:02.950  render           | Engine: EEVEE
05:03.013  render           | Fra: 1096 | Rendering 1 / 32 samples
05:03.374  render           | Fra: 1096 | Rendering 25 / 32 samples
05:03.479  render           | Fra: 1096 | Rendering 32 / 32 samples
05:03.493  render           | Video append frame 1096
05:03.493  render           | Time: 00:00.54 (Saving: 00:00.00)
05:03.493  render           | Rendering frame 1097
05:03.493  render           | Start rendering: MORI_Assembly_Animation, 视图层
05:03.493  render           | Engine: EEVEE
05:03.558  render           | Fra: 1097 | Rendering 1 / 32 samples
05:03.895  render           | Fra: 1097 | Rendering 25 / 32 samples
05:04.001  render           | Fra: 1097 | Rendering 32 / 32 samples
05:04.015  render           | Video append frame 1097
05:04.015  render           | Time: 00:00.52 (Saving: 00:00.00)
05:04.015  render           | Rendering frame 1098
05:04.015  render           | Start rendering: MORI_Assembly_Animation, 视图层
05:04.015  render           | Engine: EEVEE
05:04.079  render           | Fra: 1098 | Rendering 1 / 32 samples
05:04.431  render           | Fra: 1098 | Rendering 25 / 32 samples
05:04.536  render           | Fra: 1098 | Rendering 32 / 32 samples
05:04.550  render           | Video append frame 1098
05:04.550  render           | Time: 00:00.53 (Saving: 00:00.00)
05:04.550  render           | Rendering frame 1099
05:04.550  render           | Start rendering: MORI_Assembly_Animation, 视图层
05:04.550  render           | Engine: EEVEE
05:04.617  render           | Fra: 1099 | Rendering 1 / 32 samples
05:04.976  render           | Fra: 1099 | Rendering 25 / 32 samples
05:05.081  render           | Fra: 1099 | Rendering 32 / 32 samples
05:05.095  render           | Video append frame 1099
05:05.096  render           | Time: 00:00.54 (Saving: 00:00.01)
05:05.096  render           | Rendering frame 1100
05:05.096  render           | Start rendering: MORI_Assembly_Animation, 视图层
05:05.096  render           | Engine: EEVEE
05:05.159  render           | Fra: 1100 | Rendering 1 / 32 samples
05:05.524  render           | Fra: 1100 | Rendering 25 / 32 samples
05:05.633  render           | Fra: 1100 | Rendering 32 / 32 samples
05:05.649  render           | Video append frame 1100
05:05.649  render           | Time: 00:00.55 (Saving: 00:00.01)
05:05.649  render           | Rendering frame 1101
05:05.650  render           | Start rendering: MORI_Assembly_Animation, 视图层
05:05.650  render           | Engine: EEVEE
05:05.725  render           | Fra: 1101 | Rendering 1 / 32 samples
05:06.080  render           | Fra: 1101 | Rendering 25 / 32 samples
05:06.185  render           | Fra: 1101 | Rendering 32 / 32 samples
05:06.199  render           | Video append frame 1101
05:06.199  render           | Time: 00:00.54 (Saving: 00:00.00)
05:06.199  render           | Rendering frame 1102
05:06.200  render           | Start rendering: MORI_Assembly_Animation, 视图层
05:06.200  render           | Engine: EEVEE
05:06.272  render           | Fra: 1102 | Rendering 1 / 32 samples
05:06.626  render           | Fra: 1102 | Rendering 25 / 32 samples
05:06.727  render           | Fra: 1102 | Rendering 32 / 32 samples
05:06.741  render           | Video append frame 1102
05:06.741  render           | Time: 00:00.54 (Saving: 00:00.00)
05:06.741  render           | Rendering frame 1103
05:06.741  render           | Start rendering: MORI_Assembly_Animation, 视图层
05:06.741  render           | Engine: EEVEE
05:06.809  render           | Fra: 1103 | Rendering 1 / 32 samples
05:07.142  render           | Fra: 1103 | Rendering 25 / 32 samples
05:07.243  render           | Fra: 1103 | Rendering 32 / 32 samples
05:07.258  render           | Video append frame 1103
05:07.258  render           | Time: 00:00.51 (Saving: 00:00.00)
05:07.258  render           | Rendering frame 1104
05:07.258  render           | Start rendering: MORI_Assembly_Animation, 视图层
05:07.258  render           | Engine: EEVEE
05:07.323  render           | Fra: 1104 | Rendering 1 / 32 samples
05:07.658  render           | Fra: 1104 | Rendering 25 / 32 samples
05:07.754  render           | Fra: 1104 | Rendering 32 / 32 samples
05:07.768  render           | Video append frame 1104
05:07.768  render           | Time: 00:00.50 (Saving: 00:00.00)
05:07.768  render           | Rendering frame 1105
05:07.768  render           | Start rendering: MORI_Assembly_Animation, 视图层
05:07.768  render           | Engine: EEVEE
05:07.833  render           | Fra: 1105 | Rendering 1 / 32 samples
05:08.169  render           | Fra: 1105 | Rendering 25 / 32 samples
05:08.274  render           | Fra: 1105 | Rendering 32 / 32 samples
05:08.287  render           | Video append frame 1105
05:08.287  render           | Time: 00:00.51 (Saving: 00:00.00)
05:08.287  render           | Rendering frame 1106
05:08.287  render           | Start rendering: MORI_Assembly_Animation, 视图层
05:08.287  render           | Engine: EEVEE
05:08.355  render           | Fra: 1106 | Rendering 1 / 32 samples
05:08.714  render           | Fra: 1106 | Rendering 25 / 32 samples
05:08.821  render           | Fra: 1106 | Rendering 32 / 32 samples
05:08.835  render           | Video append frame 1106
05:08.835  render           | Time: 00:00.54 (Saving: 00:00.01)
05:08.835  render           | Rendering frame 1107
05:08.835  render           | Start rendering: MORI_Assembly_Animation, 视图层
05:08.835  render           | Engine: EEVEE
05:08.900  render           | Fra: 1107 | Rendering 1 / 32 samples
05:09.251  render           | Fra: 1107 | Rendering 25 / 32 samples
05:09.357  render           | Fra: 1107 | Rendering 32 / 32 samples
05:09.370  render           | Video append frame 1107
05:09.370  render           | Time: 00:00.53 (Saving: 00:00.00)
05:09.370  render           | Rendering frame 1108
05:09.370  render           | Start rendering: MORI_Assembly_Animation, 视图层
05:09.371  render           | Engine: EEVEE
05:09.436  render           | Fra: 1108 | Rendering 1 / 32 samples
05:09.793  render           | Fra: 1108 | Rendering 25 / 32 samples
05:09.899  render           | Fra: 1108 | Rendering 32 / 32 samples
05:09.912  render           | Video append frame 1108
05:09.912  render           | Time: 00:00.54 (Saving: 00:00.00)
05:09.912  render           | Rendering frame 1109
05:09.913  render           | Start rendering: MORI_Assembly_Animation, 视图层
05:09.913  render           | Engine: EEVEE
05:09.985  render           | Fra: 1109 | Rendering 1 / 32 samples
05:10.337  render           | Fra: 1109 | Rendering 25 / 32 samples
05:10.441  render           | Fra: 1109 | Rendering 32 / 32 samples
05:10.454  render           | Video append frame 1109
05:10.455  render           | Time: 00:00.54 (Saving: 00:00.00)
05:10.455  render           | Rendering frame 1110
05:10.455  render           | Start rendering: MORI_Assembly_Animation, 视图层
05:10.455  render           | Engine: EEVEE
05:10.523  render           | Fra: 1110 | Rendering 1 / 32 samples
05:10.876  render           | Fra: 1110 | Rendering 25 / 32 samples
05:10.982  render           | Fra: 1110 | Rendering 32 / 32 samples
05:10.996  render           | Video append frame 1110
05:10.996  render           | Time: 00:00.54 (Saving: 00:00.00)
05:10.996  render           | Rendering frame 1111
05:10.997  render           | Start rendering: MORI_Assembly_Animation, 视图层
05:10.997  render           | Engine: EEVEE
05:11.066  render           | Fra: 1111 | Rendering 1 / 32 samples
05:11.421  render           | Fra: 1111 | Rendering 25 / 32 samples
05:11.525  render           | Fra: 1111 | Rendering 32 / 32 samples
05:11.539  render           | Video append frame 1111
05:11.539  render           | Time: 00:00.54 (Saving: 00:00.00)
05:11.539  render           | Rendering frame 1112
05:11.539  render           | Start rendering: MORI_Assembly_Animation, 视图层
05:11.539  render           | Engine: EEVEE
05:11.609  render           | Fra: 1112 | Rendering 1 / 32 samples
05:11.959  render           | Fra: 1112 | Rendering 25 / 32 samples
05:12.060  render           | Fra: 1112 | Rendering 32 / 32 samples
05:12.074  render           | Video append frame 1112
05:12.074  render           | Time: 00:00.53 (Saving: 00:00.00)
05:12.074  render           | Rendering frame 1113
05:12.074  render           | Start rendering: MORI_Assembly_Animation, 视图层
05:12.074  render           | Engine: EEVEE
05:12.141  render           | Fra: 1113 | Rendering 1 / 32 samples
05:12.479  render           | Fra: 1113 | Rendering 25 / 32 samples
05:12.587  render           | Fra: 1113 | Rendering 32 / 32 samples
05:12.601  render           | Video append frame 1113
05:12.601  render           | Time: 00:00.52 (Saving: 00:00.00)
05:12.601  render           | Rendering frame 1114
05:12.602  render           | Start rendering: MORI_Assembly_Animation, 视图层
05:12.602  render           | Engine: EEVEE
05:12.670  render           | Fra: 1114 | Rendering 1 / 32 samples
05:13.033  render           | Fra: 1114 | Rendering 25 / 32 samples
05:13.141  render           | Fra: 1114 | Rendering 32 / 32 samples
05:13.155  render           | Video append frame 1114
05:13.155  render           | Time: 00:00.55 (Saving: 00:00.00)
05:13.155  render           | Rendering frame 1115
05:13.156  render           | Start rendering: MORI_Assembly_Animation, 视图层
05:13.156  render           | Engine: EEVEE
05:13.228  render           | Fra: 1115 | Rendering 1 / 32 samples
05:13.579  render           | Fra: 1115 | Rendering 25 / 32 samples
05:13.678  render           | Fra: 1115 | Rendering 32 / 32 samples
05:13.691  render           | Video append frame 1115
05:13.691  render           | Time: 00:00.53 (Saving: 00:00.00)
05:13.691  render           | Rendering frame 1116
05:13.691  render           | Start rendering: MORI_Assembly_Animation, 视图层
05:13.691  render           | Engine: EEVEE
05:13.755  render           | Fra: 1116 | Rendering 1 / 32 samples
05:14.093  render           | Fra: 1116 | Rendering 25 / 32 samples
05:14.198  render           | Fra: 1116 | Rendering 32 / 32 samples
05:14.211  render           | Video append frame 1116
05:14.211  render           | Time: 00:00.52 (Saving: 00:00.00)
05:14.211  render           | Rendering frame 1117
05:14.211  render           | Start rendering: MORI_Assembly_Animation, 视图层
05:14.211  render           | Engine: EEVEE
05:14.283  render           | Fra: 1117 | Rendering 1 / 32 samples
05:14.615  render           | Fra: 1117 | Rendering 25 / 32 samples
05:14.714  render           | Fra: 1117 | Rendering 32 / 32 samples
05:14.727  render           | Video append frame 1117
05:14.727  render           | Time: 00:00.51 (Saving: 00:00.00)
05:14.727  render           | Rendering frame 1118
05:14.728  render           | Start rendering: MORI_Assembly_Animation, 视图层
05:14.728  render           | Engine: EEVEE
05:14.790  render           | Fra: 1118 | Rendering 1 / 32 samples
05:15.119  render           | Fra: 1118 | Rendering 25 / 32 samples
05:15.220  render           | Fra: 1118 | Rendering 32 / 32 samples
05:15.237  render           | Video append frame 1118
05:15.237  render           | Time: 00:00.50 (Saving: 00:00.01)
05:15.237  render           | Rendering frame 1119
05:15.237  render           | Start rendering: MORI_Assembly_Animation, 视图层
05:15.237  render           | Engine: EEVEE
05:15.309  render           | Fra: 1119 | Rendering 1 / 32 samples
05:15.678  render           | Fra: 1119 | Rendering 25 / 32 samples
05:15.793  render           | Fra: 1119 | Rendering 32 / 32 samples
05:15.864  render           | Video append frame 1119
05:15.864  render           | Time: 00:00.62 (Saving: 00:00.05)
05:15.864  render           | Rendering frame 1120
05:15.864  render           | Start rendering: MORI_Assembly_Animation, 视图层
05:15.864  render           | Engine: EEVEE
05:15.943  render           | Fra: 1120 | Rendering 1 / 32 samples
05:16.281  render           | Fra: 1120 | Rendering 25 / 32 samples
05:16.380  render           | Fra: 1120 | Rendering 32 / 32 samples
05:16.398  render           | Video append frame 1120
05:16.398  render           | Time: 00:00.53 (Saving: 00:00.01)
05:16.398  render           | Rendering frame 1121
05:16.399  render           | Start rendering: MORI_Assembly_Animation, 视图层
05:16.399  render           | Engine: EEVEE
05:16.472  render           | Fra: 1121 | Rendering 1 / 32 samples
05:16.809  render           | Fra: 1121 | Rendering 25 / 32 samples
05:16.907  render           | Fra: 1121 | Rendering 32 / 32 samples
05:16.921  render           | Video append frame 1121
05:16.921  render           | Time: 00:00.52 (Saving: 00:00.00)
05:16.921  render           | Rendering frame 1122
05:16.921  render           | Start rendering: MORI_Assembly_Animation, 视图层
05:16.921  render           | Engine: EEVEE
05:16.990  render           | Fra: 1122 | Rendering 1 / 32 samples
05:17.324  render           | Fra: 1122 | Rendering 25 / 32 samples
05:17.424  render           | Fra: 1122 | Rendering 32 / 32 samples
05:17.437  render           | Video append frame 1122
05:17.437  render           | Time: 00:00.51 (Saving: 00:00.00)
05:17.437  render           | Rendering frame 1123
05:17.438  render           | Start rendering: MORI_Assembly_Animation, 视图层
05:17.438  render           | Engine: EEVEE
05:17.516  render           | Fra: 1123 | Rendering 1 / 32 samples
05:17.849  render           | Fra: 1123 | Rendering 25 / 32 samples
05:17.944  render           | Fra: 1123 | Rendering 32 / 32 samples
05:17.956  render           | Video append frame 1123
05:17.956  render           | Time: 00:00.51 (Saving: 00:00.00)
05:17.956  render           | Rendering frame 1124
05:17.956  render           | Start rendering: MORI_Assembly_Animation, 视图层
05:17.956  render           | Engine: EEVEE
05:18.018  render           | Fra: 1124 | Rendering 1 / 32 samples
05:18.351  render           | Fra: 1124 | Rendering 25 / 32 samples
05:18.449  render           | Fra: 1124 | Rendering 32 / 32 samples
05:18.462  render           | Video append frame 1124
05:18.462  render           | Time: 00:00.50 (Saving: 00:00.00)
05:18.462  render           | Rendering frame 1125
05:18.462  render           | Start rendering: MORI_Assembly_Animation, 视图层
05:18.462  render           | Engine: EEVEE
05:18.526  render           | Fra: 1125 | Rendering 1 / 32 samples
05:18.857  render           | Fra: 1125 | Rendering 25 / 32 samples
05:18.957  render           | Fra: 1125 | Rendering 32 / 32 samples
05:18.969  render           | Video append frame 1125
05:18.969  render           | Time: 00:00.50 (Saving: 00:00.00)
05:18.969  render           | Rendering frame 1126
05:18.970  render           | Start rendering: MORI_Assembly_Animation, 视图层
05:18.970  render           | Engine: EEVEE
05:19.033  render           | Fra: 1126 | Rendering 1 / 32 samples
05:19.365  render           | Fra: 1126 | Rendering 25 / 32 samples
05:19.465  render           | Fra: 1126 | Rendering 32 / 32 samples
05:19.479  render           | Video append frame 1126
05:19.479  render           | Time: 00:00.50 (Saving: 00:00.00)
05:19.479  render           | Rendering frame 1127
05:19.479  render           | Start rendering: MORI_Assembly_Animation, 视图层
05:19.479  render           | Engine: EEVEE
05:19.542  render           | Fra: 1127 | Rendering 1 / 32 samples
05:19.878  render           | Fra: 1127 | Rendering 25 / 32 samples
05:19.978  render           | Fra: 1127 | Rendering 32 / 32 samples
05:19.992  render           | Video append frame 1127
05:19.992  render           | Time: 00:00.51 (Saving: 00:00.00)
05:19.992  render           | Rendering frame 1128
05:19.992  render           | Start rendering: MORI_Assembly_Animation, 视图层
05:19.992  render           | Engine: EEVEE
05:20.055  render           | Fra: 1128 | Rendering 1 / 32 samples
05:20.397  render           | Fra: 1128 | Rendering 25 / 32 samples
05:20.497  render           | Fra: 1128 | Rendering 32 / 32 samples
05:20.511  render           | Video append frame 1128
05:20.511  render           | Time: 00:00.51 (Saving: 00:00.00)
05:20.511  render           | Rendering frame 1129
05:20.511  render           | Start rendering: MORI_Assembly_Animation, 视图层
05:20.511  render           | Engine: EEVEE
05:20.581  render           | Fra: 1129 | Rendering 1 / 32 samples
05:20.925  render           | Fra: 1129 | Rendering 25 / 32 samples
05:21.025  render           | Fra: 1129 | Rendering 32 / 32 samples
05:21.039  render           | Video append frame 1129
05:21.039  render           | Time: 00:00.52 (Saving: 00:00.00)
05:21.039  render           | Rendering frame 1130
05:21.040  render           | Start rendering: MORI_Assembly_Animation, 视图层
05:21.040  render           | Engine: EEVEE
05:21.108  render           | Fra: 1130 | Rendering 1 / 32 samples
05:21.466  render           | Fra: 1130 | Rendering 25 / 32 samples
05:21.577  render           | Fra: 1130 | Rendering 32 / 32 samples
05:21.695  render           | Video append frame 1130
05:21.695  render           | Time: 00:00.65 (Saving: 00:00.11)
05:21.695  render           | Rendering frame 1131
05:21.696  render           | Start rendering: MORI_Assembly_Animation, 视图层
05:21.696  render           | Engine: EEVEE
05:21.764  render           | Fra: 1131 | Rendering 1 / 32 samples
05:22.126  render           | Fra: 1131 | Rendering 25 / 32 samples
05:22.232  render           | Fra: 1131 | Rendering 32 / 32 samples
05:22.258  render           | Video append frame 1131
05:22.259  render           | Time: 00:00.56 (Saving: 00:00.02)
05:22.259  render           | Rendering frame 1132
05:22.259  render           | Start rendering: MORI_Assembly_Animation, 视图层
05:22.259  render           | Engine: EEVEE
05:22.343  render           | Fra: 1132 | Rendering 1 / 32 samples
05:22.709  render           | Fra: 1132 | Rendering 25 / 32 samples
05:22.817  render           | Fra: 1132 | Rendering 32 / 32 samples
05:22.832  render           | Video append frame 1132
05:22.832  render           | Time: 00:00.57 (Saving: 00:00.00)
05:22.832  render           | Rendering frame 1133
05:22.832  render           | Start rendering: MORI_Assembly_Animation, 视图层
05:22.832  render           | Engine: EEVEE
05:22.912  render           | Fra: 1133 | Rendering 1 / 32 samples
05:23.274  render           | Fra: 1133 | Rendering 25 / 32 samples
05:23.379  render           | Fra: 1133 | Rendering 32 / 32 samples
05:23.393  render           | Video append frame 1133
05:23.393  render           | Time: 00:00.56 (Saving: 00:00.00)
05:23.393  render           | Rendering frame 1134
05:23.394  render           | Start rendering: MORI_Assembly_Animation, 视图层
05:23.394  render           | Engine: EEVEE
05:23.464  render           | Fra: 1134 | Rendering 1 / 32 samples
05:23.798  render           | Fra: 1134 | Rendering 25 / 32 samples
05:23.899  render           | Fra: 1134 | Rendering 32 / 32 samples
05:23.913  render           | Video append frame 1134
05:23.913  render           | Time: 00:00.51 (Saving: 00:00.00)
05:23.913  render           | Rendering frame 1135
05:23.913  render           | Start rendering: MORI_Assembly_Animation, 视图层
05:23.913  render           | Engine: EEVEE
05:23.979  render           | Fra: 1135 | Rendering 1 / 32 samples
05:24.315  render           | Fra: 1135 | Rendering 25 / 32 samples
05:24.419  render           | Fra: 1135 | Rendering 32 / 32 samples
05:24.433  render           | Video append frame 1135
05:24.433  render           | Time: 00:00.52 (Saving: 00:00.00)
05:24.433  render           | Rendering frame 1136
05:24.433  render           | Start rendering: MORI_Assembly_Animation, 视图层
05:24.433  render           | Engine: EEVEE
05:24.502  render           | Fra: 1136 | Rendering 1 / 32 samples
05:24.833  render           | Fra: 1136 | Rendering 25 / 32 samples
05:24.936  render           | Fra: 1136 | Rendering 32 / 32 samples
05:24.957  render           | Video append frame 1136
05:24.957  render           | Time: 00:00.52 (Saving: 00:00.01)
05:24.957  render           | Rendering frame 1137
05:24.957  render           | Start rendering: MORI_Assembly_Animation, 视图层
05:24.957  render           | Engine: EEVEE
05:25.065  render           | Fra: 1137 | Rendering 1 / 32 samples
05:25.430  render           | Fra: 1137 | Rendering 25 / 32 samples
05:25.536  render           | Fra: 1137 | Rendering 32 / 32 samples
05:25.595  render           | Video append frame 1137
05:25.595  render           | Time: 00:00.63 (Saving: 00:00.03)
05:25.595  render           | Rendering frame 1138
05:25.595  render           | Start rendering: MORI_Assembly_Animation, 视图层
05:25.595  render           | Engine: EEVEE
05:25.721  render           | Fra: 1138 | Rendering 1 / 32 samples
05:26.155  render           | Fra: 1138 | Rendering 25 / 32 samples
05:26.312  render           | Fra: 1138 | Rendering 32 / 32 samples
05:26.376  render           | Video append frame 1138
05:26.376  render           | Time: 00:00.78 (Saving: 00:00.04)
05:26.376  render           | Rendering frame 1139
05:26.376  render           | Start rendering: MORI_Assembly_Animation, 视图层
05:26.377  render           | Engine: EEVEE
05:26.505  render           | Fra: 1139 | Rendering 1 / 32 samples
05:26.898  render           | Fra: 1139 | Rendering 25 / 32 samples
05:27.012  render           | Fra: 1139 | Rendering 32 / 32 samples
05:27.034  render           | Video append frame 1139
05:27.034  render           | Time: 00:00.65 (Saving: 00:00.01)
05:27.034  render           | Rendering frame 1140
05:27.034  render           | Start rendering: MORI_Assembly_Animation, 视图层
05:27.034  render           | Engine: EEVEE
05:27.125  render           | Fra: 1140 | Rendering 1 / 32 samples
05:27.457  render           | Fra: 1140 | Rendering 25 / 32 samples
05:27.552  render           | Fra: 1140 | Rendering 32 / 32 samples
05:27.570  render           | Video append frame 1140
05:27.570  render           | Time: 00:00.53 (Saving: 00:00.01)
05:27.570  render           | Rendering frame 1141
05:27.570  render           | Start rendering: MORI_Assembly_Animation, 视图层
05:27.570  render           | Engine: EEVEE
05:27.654  render           | Fra: 1141 | Rendering 1 / 32 samples
05:27.984  render           | Fra: 1141 | Rendering 25 / 32 samples
05:28.078  render           | Fra: 1141 | Rendering 32 / 32 samples
05:28.094  render           | Video append frame 1141
05:28.094  render           | Time: 00:00.52 (Saving: 00:00.01)
05:28.094  render           | Rendering frame 1142
05:28.094  render           | Start rendering: MORI_Assembly_Animation, 视图层
05:28.094  render           | Engine: EEVEE
05:28.166  render           | Fra: 1142 | Rendering 1 / 32 samples
05:28.509  render           | Fra: 1142 | Rendering 25 / 32 samples
05:28.617  render           | Fra: 1142 | Rendering 32 / 32 samples
05:28.638  render           | Video append frame 1142
05:28.638  render           | Time: 00:00.54 (Saving: 00:00.01)
05:28.638  render           | Rendering frame 1143
05:28.638  render           | Start rendering: MORI_Assembly_Animation, 视图层
05:28.638  render           | Engine: EEVEE
05:28.729  render           | Fra: 1143 | Rendering 1 / 32 samples
05:29.083  render           | Fra: 1143 | Rendering 25 / 32 samples
05:29.188  render           | Fra: 1143 | Rendering 32 / 32 samples
05:29.207  render           | Video append frame 1143
05:29.207  render           | Time: 00:00.56 (Saving: 00:00.01)
05:29.207  render           | Rendering frame 1144
05:29.207  render           | Start rendering: MORI_Assembly_Animation, 视图层
05:29.207  render           | Engine: EEVEE
05:29.289  render           | Fra: 1144 | Rendering 1 / 32 samples
05:29.711  render           | Fra: 1144 | Rendering 25 / 32 samples
05:29.814  render           | Fra: 1144 | Rendering 32 / 32 samples
05:29.837  render           | Video append frame 1144
05:29.837  render           | Time: 00:00.62 (Saving: 00:00.01)
05:29.837  render           | Rendering frame 1145
05:29.837  render           | Start rendering: MORI_Assembly_Animation, 视图层
05:29.837  render           | Engine: EEVEE
05:29.926  render           | Fra: 1145 | Rendering 1 / 32 samples
05:30.282  render           | Fra: 1145 | Rendering 25 / 32 samples
05:30.383  render           | Fra: 1145 | Rendering 32 / 32 samples
05:30.406  render           | Video append frame 1145
05:30.406  render           | Time: 00:00.56 (Saving: 00:00.01)
05:30.406  render           | Rendering frame 1146
05:30.407  render           | Start rendering: MORI_Assembly_Animation, 视图层
05:30.407  render           | Engine: EEVEE
05:30.499  render           | Fra: 1146 | Rendering 1 / 32 samples
05:30.858  render           | Fra: 1146 | Rendering 25 / 32 samples
05:30.959  render           | Fra: 1146 | Rendering 32 / 32 samples
05:30.981  render           | Video append frame 1146
05:30.981  render           | Time: 00:00.57 (Saving: 00:00.01)
05:30.981  render           | Rendering frame 1147
05:30.981  render           | Start rendering: MORI_Assembly_Animation, 视图层
05:30.981  render           | Engine: EEVEE
05:31.079  render           | Fra: 1147 | Rendering 1 / 32 samples
05:31.461  render           | Fra: 1147 | Rendering 25 / 32 samples
05:31.575  render           | Fra: 1147 | Rendering 32 / 32 samples
05:31.611  render           | Video append frame 1147
05:31.611  render           | Time: 00:00.62 (Saving: 00:00.02)
05:31.611  render           | Rendering frame 1148
05:31.611  render           | Start rendering: MORI_Assembly_Animation, 视图层
05:31.611  render           | Engine: EEVEE
05:31.693  render           | Fra: 1148 | Rendering 1 / 32 samples
05:32.044  render           | Fra: 1148 | Rendering 25 / 32 samples
05:32.148  render           | Fra: 1148 | Rendering 32 / 32 samples
05:32.174  render           | Video append frame 1148
05:32.174  render           | Time: 00:00.56 (Saving: 00:00.01)
05:32.174  render           | Rendering frame 1149
05:32.174  render           | Start rendering: MORI_Assembly_Animation, 视图层
05:32.174  render           | Engine: EEVEE
05:32.396  render           | Fra: 1149 | Rendering 1 / 32 samples
05:32.768  render           | Fra: 1149 | Rendering 25 / 32 samples
05:32.885  render           | Fra: 1149 | Rendering 32 / 32 samples
05:32.924  render           | Video append frame 1149
05:32.924  render           | Time: 00:00.75 (Saving: 00:00.02)
05:32.924  render           | Rendering frame 1150
05:32.925  render           | Start rendering: MORI_Assembly_Animation, 视图层
05:32.925  render           | Engine: EEVEE
05:33.007  render           | Fra: 1150 | Rendering 1 / 32 samples
05:33.421  render           | Fra: 1150 | Rendering 25 / 32 samples
05:33.554  render           | Fra: 1150 | Rendering 32 / 32 samples
05:33.738  render           | Video append frame 1150
05:33.738  render           | Time: 00:00.81 (Saving: 00:00.16)
05:33.738  render           | Rendering frame 1151
05:33.738  render           | Start rendering: MORI_Assembly_Animation, 视图层
05:33.738  render           | Engine: EEVEE
05:33.834  render           | Fra: 1151 | Rendering 1 / 32 samples
05:34.251  render           | Fra: 1151 | Rendering 25 / 32 samples
05:34.389  render           | Fra: 1151 | Rendering 32 / 32 samples
05:34.457  render           | Video append frame 1151
05:34.457  render           | Time: 00:00.71 (Saving: 00:00.04)
05:34.457  render           | Rendering frame 1152
05:34.457  render           | Start rendering: MORI_Assembly_Animation, 视图层
05:34.457  render           | Engine: EEVEE
05:34.611  render           | Fra: 1152 | Rendering 1 / 32 samples
05:35.074  render           | Fra: 1152 | Rendering 25 / 32 samples
05:35.237  render           | Fra: 1152 | Rendering 32 / 32 samples
05:35.267  render           | Video append frame 1152
05:35.267  render           | Time: 00:00.80 (Saving: 00:00.02)
05:35.267  render           | Rendering frame 1153
05:35.267  render           | Start rendering: MORI_Assembly_Animation, 视图层
05:35.267  render           | Engine: EEVEE
05:35.372  render           | Fra: 1153 | Rendering 1 / 32 samples
05:35.746  render           | Fra: 1153 | Rendering 25 / 32 samples
05:35.852  render           | Fra: 1153 | Rendering 32 / 32 samples
05:35.875  render           | Video append frame 1153
05:35.875  render           | Time: 00:00.60 (Saving: 00:00.01)
05:35.875  render           | Rendering frame 1154
05:35.875  render           | Start rendering: MORI_Assembly_Animation, 视图层
05:35.875  render           | Engine: EEVEE
05:35.954  render           | Fra: 1154 | Rendering 1 / 32 samples
05:36.299  render           | Fra: 1154 | Rendering 25 / 32 samples
05:36.403  render           | Fra: 1154 | Rendering 32 / 32 samples
05:36.421  render           | Video append frame 1154
05:36.421  render           | Time: 00:00.54 (Saving: 00:00.01)
05:36.421  render           | Rendering frame 1155
05:36.421  render           | Start rendering: MORI_Assembly_Animation, 视图层
05:36.421  render           | Engine: EEVEE
05:36.496  render           | Fra: 1155 | Rendering 1 / 32 samples
05:36.833  render           | Fra: 1155 | Rendering 25 / 32 samples
05:36.932  render           | Fra: 1155 | Rendering 32 / 32 samples
05:36.946  render           | Video append frame 1155
05:36.946  render           | Time: 00:00.52 (Saving: 00:00.00)
05:36.946  render           | Rendering frame 1156
05:36.947  render           | Start rendering: MORI_Assembly_Animation, 视图层
05:36.947  render           | Engine: EEVEE
05:37.017  render           | Fra: 1156 | Rendering 1 / 32 samples
05:37.350  render           | Fra: 1156 | Rendering 25 / 32 samples
05:37.448  render           | Fra: 1156 | Rendering 32 / 32 samples
05:37.463  render           | Video append frame 1156
05:37.463  render           | Time: 00:00.51 (Saving: 00:00.00)
05:37.463  render           | Rendering frame 1157
05:37.463  render           | Start rendering: MORI_Assembly_Animation, 视图层
05:37.463  render           | Engine: EEVEE
05:37.528  render           | Fra: 1157 | Rendering 1 / 32 samples
05:37.860  render           | Fra: 1157 | Rendering 25 / 32 samples
05:37.958  render           | Fra: 1157 | Rendering 32 / 32 samples
05:37.973  render           | Video append frame 1157
05:37.973  render           | Time: 00:00.50 (Saving: 00:00.00)
05:37.973  render           | Rendering frame 1158
05:37.973  render           | Start rendering: MORI_Assembly_Animation, 视图层
05:37.973  render           | Engine: EEVEE
05:38.036  render           | Fra: 1158 | Rendering 1 / 32 samples
05:38.374  render           | Fra: 1158 | Rendering 25 / 32 samples
05:38.475  render           | Fra: 1158 | Rendering 32 / 32 samples
05:38.494  render           | Video append frame 1158
05:38.494  render           | Time: 00:00.52 (Saving: 00:00.01)
05:38.494  render           | Rendering frame 1159
05:38.494  render           | Start rendering: MORI_Assembly_Animation, 视图层
05:38.494  render           | Engine: EEVEE
05:38.581  render           | Fra: 1159 | Rendering 1 / 32 samples
05:38.928  render           | Fra: 1159 | Rendering 25 / 32 samples
05:39.032  render           | Fra: 1159 | Rendering 32 / 32 samples
05:39.053  render           | Video append frame 1159
05:39.053  render           | Time: 00:00.55 (Saving: 00:00.01)
05:39.053  render           | Rendering frame 1160
05:39.053  render           | Start rendering: MORI_Assembly_Animation, 视图层
05:39.053  render           | Engine: EEVEE
05:39.133  render           | Fra: 1160 | Rendering 1 / 32 samples
05:39.481  render           | Fra: 1160 | Rendering 25 / 32 samples
05:39.584  render           | Fra: 1160 | Rendering 32 / 32 samples
05:39.603  render           | Video append frame 1160
05:39.603  render           | Time: 00:00.54 (Saving: 00:00.01)
05:39.603  render           | Rendering frame 1161
05:39.603  render           | Start rendering: MORI_Assembly_Animation, 视图层
05:39.603  render           | Engine: EEVEE
05:39.685  render           | Fra: 1161 | Rendering 1 / 32 samples
05:40.025  render           | Fra: 1161 | Rendering 25 / 32 samples
05:40.125  render           | Fra: 1161 | Rendering 32 / 32 samples
05:40.145  render           | Video append frame 1161
05:40.145  render           | Time: 00:00.54 (Saving: 00:00.01)
05:40.145  render           | Rendering frame 1162
05:40.145  render           | Start rendering: MORI_Assembly_Animation, 视图层
05:40.145  render           | Engine: EEVEE
05:40.220  render           | Fra: 1162 | Rendering 1 / 32 samples
05:40.597  render           | Fra: 1162 | Rendering 25 / 32 samples
05:40.699  render           | Fra: 1162 | Rendering 32 / 32 samples
05:40.719  render           | Video append frame 1162
05:40.719  render           | Time: 00:00.57 (Saving: 00:00.01)
05:40.719  render           | Rendering frame 1163
05:40.720  render           | Start rendering: MORI_Assembly_Animation, 视图层
05:40.720  render           | Engine: EEVEE
05:40.796  render           | Fra: 1163 | Rendering 1 / 32 samples
05:41.165  render           | Fra: 1163 | Rendering 25 / 32 samples
05:41.315  render           | Fra: 1163 | Rendering 32 / 32 samples
05:41.338  render           | Video append frame 1163
05:41.339  render           | Time: 00:00.61 (Saving: 00:00.01)
05:41.339  render           | Rendering frame 1164
05:41.339  render           | Start rendering: MORI_Assembly_Animation, 视图层
05:41.339  render           | Engine: EEVEE
05:41.419  render           | Fra: 1164 | Rendering 1 / 32 samples
05:41.877  render           | Fra: 1164 | Rendering 25 / 32 samples
05:41.992  render           | Fra: 1164 | Rendering 32 / 32 samples
05:42.017  render           | Video append frame 1164
05:42.017  render           | Time: 00:00.67 (Saving: 00:00.01)
05:42.017  render           | Rendering frame 1165
05:42.017  render           | Start rendering: MORI_Assembly_Animation, 视图层
05:42.017  render           | Engine: EEVEE
05:42.099  render           | Fra: 1165 | Rendering 1 / 32 samples
05:42.460  render           | Fra: 1165 | Rendering 25 / 32 samples
05:42.569  render           | Fra: 1165 | Rendering 32 / 32 samples
05:42.597  render           | Video append frame 1165
05:42.597  render           | Time: 00:00.57 (Saving: 00:00.01)
05:42.597  render           | Rendering frame 1166
05:42.597  render           | Start rendering: MORI_Assembly_Animation, 视图层
05:42.597  render           | Engine: EEVEE
05:42.682  render           | Fra: 1166 | Rendering 1 / 32 samples
05:43.042  render           | Fra: 1166 | Rendering 25 / 32 samples
05:43.147  render           | Fra: 1166 | Rendering 32 / 32 samples
05:43.165  render           | Video append frame 1166
05:43.165  render           | Time: 00:00.56 (Saving: 00:00.01)
05:43.165  render           | Rendering frame 1167
05:43.165  render           | Start rendering: MORI_Assembly_Animation, 视图层
05:43.165  render           | Engine: EEVEE
05:43.245  render           | Fra: 1167 | Rendering 1 / 32 samples
05:43.583  render           | Fra: 1167 | Rendering 25 / 32 samples
05:43.681  render           | Fra: 1167 | Rendering 32 / 32 samples
05:43.696  render           | Video append frame 1167
05:43.696  render           | Time: 00:00.53 (Saving: 00:00.01)
05:43.696  render           | Rendering frame 1168
05:43.696  render           | Start rendering: MORI_Assembly_Animation, 视图层
05:43.696  render           | Engine: EEVEE
05:43.765  render           | Fra: 1168 | Rendering 1 / 32 samples
05:44.202  render           | Fra: 1168 | Rendering 25 / 32 samples
05:44.323  render           | Fra: 1168 | Rendering 32 / 32 samples
05:44.337  render           | Video append frame 1168
05:44.337  render           | Time: 00:00.64 (Saving: 00:00.00)
05:44.337  render           | Rendering frame 1169
05:44.337  render           | Start rendering: MORI_Assembly_Animation, 视图层
05:44.337  render           | Engine: EEVEE
05:44.406  render           | Fra: 1169 | Rendering 1 / 32 samples
05:44.749  render           | Fra: 1169 | Rendering 25 / 32 samples
05:44.848  render           | Fra: 1169 | Rendering 32 / 32 samples
05:44.865  render           | Video append frame 1169
05:44.865  render           | Time: 00:00.52 (Saving: 00:00.01)
05:44.865  render           | Rendering frame 1170
05:44.865  render           | Start rendering: MORI_Assembly_Animation, 视图层
05:44.865  render           | Engine: EEVEE
05:44.929  render           | Fra: 1170 | Rendering 1 / 32 samples
05:45.254  render           | Fra: 1170 | Rendering 25 / 32 samples
05:45.354  render           | Fra: 1170 | Rendering 32 / 32 samples
05:45.368  render           | Video append frame 1170
05:45.368  render           | Time: 00:00.50 (Saving: 00:00.00)
05:45.368  render           | Rendering frame 1171
05:45.368  render           | Start rendering: MORI_Assembly_Animation, 视图层
05:45.368  render           | Engine: EEVEE
05:45.435  render           | Fra: 1171 | Rendering 1 / 32 samples
05:45.766  render           | Fra: 1171 | Rendering 25 / 32 samples
05:45.865  render           | Fra: 1171 | Rendering 32 / 32 samples
05:45.879  render           | Video append frame 1171
05:45.879  render           | Time: 00:00.51 (Saving: 00:00.00)
05:45.879  render           | Rendering frame 1172
05:45.879  render           | Start rendering: MORI_Assembly_Animation, 视图层
05:45.879  render           | Engine: EEVEE
05:45.942  render           | Fra: 1172 | Rendering 1 / 32 samples
05:46.274  render           | Fra: 1172 | Rendering 25 / 32 samples
05:46.374  render           | Fra: 1172 | Rendering 32 / 32 samples
05:46.389  render           | Video append frame 1172
05:46.389  render           | Time: 00:00.50 (Saving: 00:00.01)
05:46.389  render           | Rendering frame 1173
05:46.389  render           | Start rendering: MORI_Assembly_Animation, 视图层
05:46.389  render           | Engine: EEVEE
05:46.462  render           | Fra: 1173 | Rendering 1 / 32 samples
05:46.795  render           | Fra: 1173 | Rendering 25 / 32 samples
05:46.895  render           | Fra: 1173 | Rendering 32 / 32 samples
05:46.909  render           | Video append frame 1173
05:46.909  render           | Time: 00:00.51 (Saving: 00:00.00)
05:46.909  render           | Rendering frame 1174
05:46.909  render           | Start rendering: MORI_Assembly_Animation, 视图层
05:46.909  render           | Engine: EEVEE
05:46.978  render           | Fra: 1174 | Rendering 1 / 32 samples
05:47.317  render           | Fra: 1174 | Rendering 25 / 32 samples
05:47.417  render           | Fra: 1174 | Rendering 32 / 32 samples
05:47.432  render           | Video append frame 1174
05:47.432  render           | Time: 00:00.52 (Saving: 00:00.00)
05:47.432  render           | Rendering frame 1175
05:47.432  render           | Start rendering: MORI_Assembly_Animation, 视图层
05:47.432  render           | Engine: EEVEE
05:47.498  render           | Fra: 1175 | Rendering 1 / 32 samples
05:47.833  render           | Fra: 1175 | Rendering 25 / 32 samples
05:47.934  render           | Fra: 1175 | Rendering 32 / 32 samples
05:47.948  render           | Video append frame 1175
05:47.948  render           | Time: 00:00.51 (Saving: 00:00.00)
05:47.948  render           | Rendering frame 1176
05:47.948  render           | Start rendering: MORI_Assembly_Animation, 视图层
05:47.948  render           | Engine: EEVEE
05:48.020  render           | Fra: 1176 | Rendering 1 / 32 samples
05:48.353  render           | Fra: 1176 | Rendering 25 / 32 samples
05:48.454  render           | Fra: 1176 | Rendering 32 / 32 samples
05:48.467  render           | Video append frame 1176
05:48.467  render           | Time: 00:00.51 (Saving: 00:00.00)
05:48.467  render           | Rendering frame 1177
05:48.467  render           | Start rendering: MORI_Assembly_Animation, 视图层
05:48.467  render           | Engine: EEVEE
05:48.533  render           | Fra: 1177 | Rendering 1 / 32 samples
05:48.866  render           | Fra: 1177 | Rendering 25 / 32 samples
05:48.965  render           | Fra: 1177 | Rendering 32 / 32 samples
05:48.979  render           | Video append frame 1177
05:48.979  render           | Time: 00:00.51 (Saving: 00:00.00)
05:48.979  render           | Rendering frame 1178
05:48.979  render           | Start rendering: MORI_Assembly_Animation, 视图层
05:48.979  render           | Engine: EEVEE
05:49.047  render           | Fra: 1178 | Rendering 1 / 32 samples
05:49.384  render           | Fra: 1178 | Rendering 25 / 32 samples
05:49.483  render           | Fra: 1178 | Rendering 32 / 32 samples
05:49.499  render           | Video append frame 1178
05:49.499  render           | Time: 00:00.51 (Saving: 00:00.01)
05:49.499  render           | Rendering frame 1179
05:49.499  render           | Start rendering: MORI_Assembly_Animation, 视图层
05:49.499  render           | Engine: EEVEE
05:49.569  render           | Fra: 1179 | Rendering 1 / 32 samples
05:49.900  render           | Fra: 1179 | Rendering 25 / 32 samples
05:50.001  render           | Fra: 1179 | Rendering 32 / 32 samples
05:50.019  render           | Video append frame 1179
05:50.019  render           | Time: 00:00.51 (Saving: 00:00.01)
05:50.019  render           | Rendering frame 1180
05:50.019  render           | Start rendering: MORI_Assembly_Animation, 视图层
05:50.019  render           | Engine: EEVEE
05:50.088  render           | Fra: 1180 | Rendering 1 / 32 samples
05:50.418  render           | Fra: 1180 | Rendering 25 / 32 samples
05:50.517  render           | Fra: 1180 | Rendering 32 / 32 samples
05:50.530  render           | Video append frame 1180
05:50.530  render           | Time: 00:00.51 (Saving: 00:00.00)
05:50.530  render           | Rendering frame 1181
05:50.530  render           | Start rendering: MORI_Assembly_Animation, 视图层
05:50.530  render           | Engine: EEVEE
05:50.593  render           | Fra: 1181 | Rendering 1 / 32 samples
05:50.919  render           | Fra: 1181 | Rendering 25 / 32 samples
05:51.018  render           | Fra: 1181 | Rendering 32 / 32 samples
05:51.030  render           | Video append frame 1181
05:51.031  render           | Time: 00:00.50 (Saving: 00:00.00)
05:51.031  render           | Rendering frame 1182
05:51.031  render           | Start rendering: MORI_Assembly_Animation, 视图层
05:51.031  render           | Engine: EEVEE
05:51.099  render           | Fra: 1182 | Rendering 1 / 32 samples
05:51.438  render           | Fra: 1182 | Rendering 25 / 32 samples
05:51.537  render           | Fra: 1182 | Rendering 32 / 32 samples
05:51.552  render           | Video append frame 1182
05:51.552  render           | Time: 00:00.52 (Saving: 00:00.00)
05:51.552  render           | Rendering frame 1183
05:51.552  render           | Start rendering: MORI_Assembly_Animation, 视图层
05:51.552  render           | Engine: EEVEE
05:51.622  render           | Fra: 1183 | Rendering 1 / 32 samples
05:51.956  render           | Fra: 1183 | Rendering 25 / 32 samples
05:52.056  render           | Fra: 1183 | Rendering 32 / 32 samples
05:52.070  render           | Video append frame 1183
05:52.070  render           | Time: 00:00.51 (Saving: 00:00.00)
05:52.070  render           | Rendering frame 1184
05:52.071  render           | Start rendering: MORI_Assembly_Animation, 视图层
05:52.071  render           | Engine: EEVEE
05:52.137  render           | Fra: 1184 | Rendering 1 / 32 samples
05:52.472  render           | Fra: 1184 | Rendering 25 / 32 samples
05:52.573  render           | Fra: 1184 | Rendering 32 / 32 samples
05:52.586  render           | Video append frame 1184
05:52.586  render           | Time: 00:00.51 (Saving: 00:00.00)
05:52.586  render           | Rendering frame 1185
05:52.587  render           | Start rendering: MORI_Assembly_Animation, 视图层
05:52.587  render           | Engine: EEVEE
05:52.653  render           | Fra: 1185 | Rendering 1 / 32 samples
05:52.985  render           | Fra: 1185 | Rendering 25 / 32 samples
05:53.085  render           | Fra: 1185 | Rendering 32 / 32 samples
05:53.100  render           | Video append frame 1185
05:53.100  render           | Time: 00:00.51 (Saving: 00:00.00)
05:53.100  render           | Rendering frame 1186
05:53.100  render           | Start rendering: MORI_Assembly_Animation, 视图层
05:53.100  render           | Engine: EEVEE
05:53.161  render           | Fra: 1186 | Rendering 1 / 32 samples
05:53.489  render           | Fra: 1186 | Rendering 25 / 32 samples
05:53.590  render           | Fra: 1186 | Rendering 32 / 32 samples
05:53.607  render           | Video append frame 1186
05:53.607  render           | Time: 00:00.50 (Saving: 00:00.00)
05:53.607  render           | Rendering frame 1187
05:53.607  render           | Start rendering: MORI_Assembly_Animation, 视图层
05:53.607  render           | Engine: EEVEE
05:53.671  render           | Fra: 1187 | Rendering 1 / 32 samples
05:54.001  render           | Fra: 1187 | Rendering 25 / 32 samples
05:54.101  render           | Fra: 1187 | Rendering 32 / 32 samples
05:54.114  render           | Video append frame 1187
05:54.114  render           | Time: 00:00.50 (Saving: 00:00.00)
05:54.114  render           | Rendering frame 1188
05:54.114  render           | Start rendering: MORI_Assembly_Animation, 视图层
05:54.114  render           | Engine: EEVEE
05:54.176  render           | Fra: 1188 | Rendering 1 / 32 samples
05:54.510  render           | Fra: 1188 | Rendering 25 / 32 samples
05:54.611  render           | Fra: 1188 | Rendering 32 / 32 samples
05:54.626  render           | Video append frame 1188
05:54.626  render           | Time: 00:00.51 (Saving: 00:00.01)
05:54.626  render           | Rendering frame 1189
05:54.627  render           | Start rendering: MORI_Assembly_Animation, 视图层
05:54.627  render           | Engine: EEVEE
05:54.696  render           | Fra: 1189 | Rendering 1 / 32 samples
05:55.030  render           | Fra: 1189 | Rendering 25 / 32 samples
05:55.131  render           | Fra: 1189 | Rendering 32 / 32 samples
05:55.147  render           | Video append frame 1189
05:55.147  render           | Time: 00:00.52 (Saving: 00:00.01)
05:55.147  render           | Rendering frame 1190
05:55.147  render           | Start rendering: MORI_Assembly_Animation, 视图层
05:55.147  render           | Engine: EEVEE
05:55.345  render           | Fra: 1190 | Rendering 1 / 32 samples
05:55.688  render           | Fra: 1190 | Rendering 25 / 32 samples
05:55.789  render           | Fra: 1190 | Rendering 32 / 32 samples
05:55.808  render           | Video append frame 1190
05:55.808  render           | Time: 00:00.66 (Saving: 00:00.01)
05:55.808  render           | Rendering frame 1191
05:55.808  render           | Start rendering: MORI_Assembly_Animation, 视图层
05:55.808  render           | Engine: EEVEE
05:55.882  render           | Fra: 1191 | Rendering 1 / 32 samples
05:56.230  render           | Fra: 1191 | Rendering 25 / 32 samples
05:56.334  render           | Fra: 1191 | Rendering 32 / 32 samples
05:56.347  render           | Video append frame 1191
05:56.347  render           | Time: 00:00.53 (Saving: 00:00.00)
05:56.347  render           | Rendering frame 1192
05:56.347  render           | Start rendering: MORI_Assembly_Animation, 视图层
05:56.347  render           | Engine: EEVEE
05:56.413  render           | Fra: 1192 | Rendering 1 / 32 samples
05:56.754  render           | Fra: 1192 | Rendering 25 / 32 samples
05:56.854  render           | Fra: 1192 | Rendering 32 / 32 samples
05:56.867  render           | Video append frame 1192
05:56.868  render           | Time: 00:00.52 (Saving: 00:00.00)
05:56.868  render           | Rendering frame 1193
05:56.868  render           | Start rendering: MORI_Assembly_Animation, 视图层
05:56.868  render           | Engine: EEVEE
05:56.937  render           | Fra: 1193 | Rendering 1 / 32 samples
05:57.324  render           | Fra: 1193 | Rendering 25 / 32 samples
05:57.425  render           | Fra: 1193 | Rendering 32 / 32 samples
05:57.438  render           | Video append frame 1193
05:57.438  render           | Time: 00:00.57 (Saving: 00:00.00)
05:57.438  render           | Rendering frame 1194
05:57.438  render           | Start rendering: MORI_Assembly_Animation, 视图层
05:57.438  render           | Engine: EEVEE
05:57.511  render           | Fra: 1194 | Rendering 1 / 32 samples
05:57.956  render           | Fra: 1194 | Rendering 25 / 32 samples
05:58.061  render           | Fra: 1194 | Rendering 32 / 32 samples
05:58.079  render           | Video append frame 1194
05:58.079  render           | Time: 00:00.64 (Saving: 00:00.01)
05:58.079  render           | Rendering frame 1195
05:58.080  render           | Start rendering: MORI_Assembly_Animation, 视图层
05:58.080  render           | Engine: EEVEE
05:58.162  render           | Fra: 1195 | Rendering 1 / 32 samples
05:58.597  render           | Fra: 1195 | Rendering 25 / 32 samples
05:58.700  render           | Fra: 1195 | Rendering 32 / 32 samples
05:58.720  render           | Video append frame 1195
05:58.720  render           | Time: 00:00.64 (Saving: 00:00.01)
05:58.720  render           | Rendering frame 1196
05:58.720  render           | Start rendering: MORI_Assembly_Animation, 视图层
05:58.720  render           | Engine: EEVEE
05:58.810  render           | Fra: 1196 | Rendering 1 / 32 samples
05:59.175  render           | Fra: 1196 | Rendering 25 / 32 samples
05:59.276  render           | Fra: 1196 | Rendering 32 / 32 samples
05:59.293  render           | Video append frame 1196
05:59.293  render           | Time: 00:00.57 (Saving: 00:00.01)
05:59.293  render           | Rendering frame 1197
05:59.293  render           | Start rendering: MORI_Assembly_Animation, 视图层
05:59.293  render           | Engine: EEVEE
05:59.366  render           | Fra: 1197 | Rendering 1 / 32 samples
05:59.690  render           | Fra: 1197 | Rendering 25 / 32 samples
05:59.790  render           | Fra: 1197 | Rendering 32 / 32 samples
05:59.804  render           | Video append frame 1197
05:59.804  render           | Time: 00:00.51 (Saving: 00:00.00)
05:59.804  render           | Rendering frame 1198
05:59.804  render           | Start rendering: MORI_Assembly_Animation, 视图层
05:59.804  render           | Engine: EEVEE
05:59.870  render           | Fra: 1198 | Rendering 1 / 32 samples
06:00.199  render           | Fra: 1198 | Rendering 25 / 32 samples
06:00.299  render           | Fra: 1198 | Rendering 32 / 32 samples
06:00.312  render           | Video append frame 1198
06:00.312  render           | Time: 00:00.50 (Saving: 00:00.00)
06:00.312  render           | Rendering frame 1199
06:00.312  render           | Start rendering: MORI_Assembly_Animation, 视图层
06:00.312  render           | Engine: EEVEE
06:00.377  render           | Fra: 1199 | Rendering 1 / 32 samples
06:00.707  render           | Fra: 1199 | Rendering 25 / 32 samples
06:00.807  render           | Fra: 1199 | Rendering 32 / 32 samples
06:00.820  render           | Video append frame 1199
06:00.821  render           | Time: 00:00.50 (Saving: 00:00.00)
06:00.821  render           | Rendering frame 1200
06:00.821  render           | Start rendering: MORI_Assembly_Animation, 视图层
06:00.821  render           | Engine: EEVEE
06:00.884  render           | Fra: 1200 | Rendering 1 / 32 samples
06:01.216  render           | Fra: 1200 | Rendering 25 / 32 samples
06:01.361  render           | Fra: 1200 | Rendering 32 / 32 samples
06:01.377  render           | Video append frame 1200
06:01.377  render           | Time: 00:00.55 (Saving: 00:00.01)
06:01.377  render           | Rendering frame 1201
06:01.377  render           | Start rendering: MORI_Assembly_Animation, 视图层
06:01.377  render           | Engine: EEVEE
06:01.463  render           | Fra: 1201 | Rendering 1 / 32 samples
06:01.893  render           | Fra: 1201 | Rendering 25 / 32 samples
06:02.015  render           | Fra: 1201 | Rendering 32 / 32 samples
06:02.030  render           | Video append frame 1201
06:02.030  render           | Time: 00:00.65 (Saving: 00:00.00)
06:02.030  render           | Rendering frame 1202
06:02.030  render           | Start rendering: MORI_Assembly_Animation, 视图层
06:02.030  render           | Engine: EEVEE
06:02.120  render           | Fra: 1202 | Rendering 1 / 32 samples
06:02.479  render           | Fra: 1202 | Rendering 25 / 32 samples
06:02.581  render           | Fra: 1202 | Rendering 32 / 32 samples
06:02.600  render           | Video append frame 1202
06:02.600  render           | Time: 00:00.56 (Saving: 00:00.01)
06:02.600  render           | Rendering frame 1203
06:02.600  render           | Start rendering: MORI_Assembly_Animation, 视图层
06:02.600  render           | Engine: EEVEE
06:02.671  render           | Fra: 1203 | Rendering 1 / 32 samples
06:02.999  render           | Fra: 1203 | Rendering 25 / 32 samples
06:03.098  render           | Fra: 1203 | Rendering 32 / 32 samples
06:03.114  render           | Video append frame 1203
06:03.114  render           | Time: 00:00.51 (Saving: 00:00.01)
06:03.114  render           | Rendering frame 1204
06:03.114  render           | Start rendering: MORI_Assembly_Animation, 视图层
06:03.114  render           | Engine: EEVEE
06:03.183  render           | Fra: 1204 | Rendering 1 / 32 samples
06:03.507  render           | Fra: 1204 | Rendering 25 / 32 samples
06:03.607  render           | Fra: 1204 | Rendering 32 / 32 samples
06:03.622  render           | Video append frame 1204
06:03.622  render           | Time: 00:00.50 (Saving: 00:00.01)
06:03.622  render           | Rendering frame 1205
06:03.622  render           | Start rendering: MORI_Assembly_Animation, 视图层
06:03.622  render           | Engine: EEVEE
06:03.685  render           | Fra: 1205 | Rendering 1 / 32 samples
06:04.040  render           | Fra: 1205 | Rendering 25 / 32 samples
06:04.145  render           | Fra: 1205 | Rendering 32 / 32 samples
06:04.162  render           | Video append frame 1205
06:04.162  render           | Time: 00:00.54 (Saving: 00:00.01)
06:04.162  render           | Rendering frame 1206
06:04.162  render           | Start rendering: MORI_Assembly_Animation, 视图层
06:04.162  render           | Engine: EEVEE
06:04.229  render           | Fra: 1206 | Rendering 1 / 32 samples
06:04.581  render           | Fra: 1206 | Rendering 25 / 32 samples
06:04.694  render           | Fra: 1206 | Rendering 32 / 32 samples
06:04.732  render           | Video append frame 1206
06:04.732  render           | Time: 00:00.57 (Saving: 00:00.03)
06:04.733  render           | Rendering frame 1207
06:04.733  render           | Start rendering: MORI_Assembly_Animation, 视图层
06:04.733  render           | Engine: EEVEE
06:04.816  render           | Fra: 1207 | Rendering 1 / 32 samples
06:05.168  render           | Fra: 1207 | Rendering 25 / 32 samples
06:05.321  render           | Fra: 1207 | Rendering 32 / 32 samples
06:05.336  render           | Video append frame 1207
06:05.336  render           | Time: 00:00.60 (Saving: 00:00.00)
06:05.336  render           | Rendering frame 1208
06:05.336  render           | Start rendering: MORI_Assembly_Animation, 视图层
06:05.336  render           | Engine: EEVEE
06:05.421  render           | Fra: 1208 | Rendering 1 / 32 samples
06:05.750  render           | Fra: 1208 | Rendering 25 / 32 samples
06:05.844  render           | Fra: 1208 | Rendering 32 / 32 samples
06:05.859  render           | Video append frame 1208
06:05.859  render           | Time: 00:00.52 (Saving: 00:00.01)
06:05.859  render           | Rendering frame 1209
06:05.859  render           | Start rendering: MORI_Assembly_Animation, 视图层
06:05.859  render           | Engine: EEVEE
06:05.926  render           | Fra: 1209 | Rendering 1 / 32 samples
06:06.255  render           | Fra: 1209 | Rendering 25 / 32 samples
06:06.356  render           | Fra: 1209 | Rendering 32 / 32 samples
06:06.370  render           | Video append frame 1209
06:06.370  render           | Time: 00:00.51 (Saving: 00:00.00)
06:06.370  render           | Rendering frame 1210
06:06.370  render           | Start rendering: MORI_Assembly_Animation, 视图层
06:06.370  render           | Engine: EEVEE
06:06.431  render           | Fra: 1210 | Rendering 1 / 32 samples
06:06.758  render           | Fra: 1210 | Rendering 25 / 32 samples
06:06.856  render           | Fra: 1210 | Rendering 32 / 32 samples
06:06.870  render           | Video append frame 1210
06:06.871  render           | Time: 00:00.50 (Saving: 00:00.00)
06:06.871  render           | Rendering frame 1211
06:06.871  render           | Start rendering: MORI_Assembly_Animation, 视图层
06:06.871  render           | Engine: EEVEE
06:06.933  render           | Fra: 1211 | Rendering 1 / 32 samples
06:07.256  render           | Fra: 1211 | Rendering 25 / 32 samples
06:07.354  render           | Fra: 1211 | Rendering 32 / 32 samples
06:07.368  render           | Video append frame 1211
06:07.368  render           | Time: 00:00.49 (Saving: 00:00.00)
06:07.368  render           | Rendering frame 1212
06:07.368  render           | Start rendering: MORI_Assembly_Animation, 视图层
06:07.368  render           | Engine: EEVEE
06:07.430  render           | Fra: 1212 | Rendering 1 / 32 samples
06:07.758  render           | Fra: 1212 | Rendering 25 / 32 samples
06:07.857  render           | Fra: 1212 | Rendering 32 / 32 samples
06:07.871  render           | Video append frame 1212
06:07.871  render           | Time: 00:00.50 (Saving: 00:00.00)
06:07.871  render           | Rendering frame 1213
06:07.872  render           | Start rendering: MORI_Assembly_Animation, 视图层
06:07.872  render           | Engine: EEVEE
06:07.933  render           | Fra: 1213 | Rendering 1 / 32 samples
06:08.259  render           | Fra: 1213 | Rendering 25 / 32 samples
06:08.358  render           | Fra: 1213 | Rendering 32 / 32 samples
06:08.371  render           | Video append frame 1213
06:08.371  render           | Time: 00:00.49 (Saving: 00:00.00)
06:08.371  render           | Rendering frame 1214
06:08.371  render           | Start rendering: MORI_Assembly_Animation, 视图层
06:08.371  render           | Engine: EEVEE
06:08.430  render           | Fra: 1214 | Rendering 1 / 32 samples
06:08.757  render           | Fra: 1214 | Rendering 25 / 32 samples
06:08.857  render           | Fra: 1214 | Rendering 32 / 32 samples
06:08.870  render           | Video append frame 1214
06:08.870  render           | Time: 00:00.49 (Saving: 00:00.00)
06:08.870  render           | Rendering frame 1215
06:08.870  render           | Start rendering: MORI_Assembly_Animation, 视图层
06:08.870  render           | Engine: EEVEE
06:08.932  render           | Fra: 1215 | Rendering 1 / 32 samples
06:09.264  render           | Fra: 1215 | Rendering 25 / 32 samples
06:09.363  render           | Fra: 1215 | Rendering 32 / 32 samples
06:09.376  render           | Video append frame 1215
06:09.376  render           | Time: 00:00.50 (Saving: 00:00.00)
06:09.376  render           | Rendering frame 1216
06:09.376  render           | Start rendering: MORI_Assembly_Animation, 视图层
06:09.376  render           | Engine: EEVEE
06:09.434  render           | Fra: 1216 | Rendering 1 / 32 samples
06:09.767  render           | Fra: 1216 | Rendering 25 / 32 samples
06:09.866  render           | Fra: 1216 | Rendering 32 / 32 samples
06:09.879  render           | Video append frame 1216
06:09.879  render           | Time: 00:00.50 (Saving: 00:00.00)
06:09.879  render           | Rendering frame 1217
06:09.879  render           | Start rendering: MORI_Assembly_Animation, 视图层
06:09.879  render           | Engine: EEVEE
06:09.940  render           | Fra: 1217 | Rendering 1 / 32 samples
06:10.272  render           | Fra: 1217 | Rendering 25 / 32 samples
06:10.374  render           | Fra: 1217 | Rendering 32 / 32 samples
06:10.388  render           | Video append frame 1217
06:10.388  render           | Time: 00:00.50 (Saving: 00:00.00)
06:10.388  render           | Rendering frame 1218
06:10.388  render           | Start rendering: MORI_Assembly_Animation, 视图层
06:10.388  render           | Engine: EEVEE
06:10.453  render           | Fra: 1218 | Rendering 1 / 32 samples
06:10.786  render           | Fra: 1218 | Rendering 25 / 32 samples
06:10.886  render           | Fra: 1218 | Rendering 32 / 32 samples
06:10.899  render           | Video append frame 1218
06:10.899  render           | Time: 00:00.51 (Saving: 00:00.00)
06:10.899  render           | Rendering frame 1219
06:10.900  render           | Start rendering: MORI_Assembly_Animation, 视图层
06:10.900  render           | Engine: EEVEE
06:10.959  render           | Fra: 1219 | Rendering 1 / 32 samples
06:11.288  render           | Fra: 1219 | Rendering 25 / 32 samples
06:11.388  render           | Fra: 1219 | Rendering 32 / 32 samples
06:11.402  render           | Video append frame 1219
06:11.403  render           | Time: 00:00.50 (Saving: 00:00.00)
06:11.403  render           | Rendering frame 1220
06:11.403  render           | Start rendering: MORI_Assembly_Animation, 视图层
06:11.403  render           | Engine: EEVEE
06:11.467  render           | Fra: 1220 | Rendering 1 / 32 samples
06:11.805  render           | Fra: 1220 | Rendering 25 / 32 samples
06:11.905  render           | Fra: 1220 | Rendering 32 / 32 samples
06:11.918  render           | Video append frame 1220
06:11.918  render           | Time: 00:00.51 (Saving: 00:00.00)
06:11.918  render           | Rendering frame 1221
06:11.918  render           | Start rendering: MORI_Assembly_Animation, 视图层
06:11.918  render           | Engine: EEVEE
06:11.980  render           | Fra: 1221 | Rendering 1 / 32 samples
06:12.309  render           | Fra: 1221 | Rendering 25 / 32 samples
06:12.409  render           | Fra: 1221 | Rendering 32 / 32 samples
06:12.422  render           | Video append frame 1221
06:12.422  render           | Time: 00:00.50 (Saving: 00:00.00)
06:12.422  render           | Rendering frame 1222
06:12.422  render           | Start rendering: MORI_Assembly_Animation, 视图层
06:12.422  render           | Engine: EEVEE
06:12.484  render           | Fra: 1222 | Rendering 1 / 32 samples
06:12.812  render           | Fra: 1222 | Rendering 25 / 32 samples
06:12.913  render           | Fra: 1222 | Rendering 32 / 32 samples
06:12.925  render           | Video append frame 1222
06:12.925  render           | Time: 00:00.50 (Saving: 00:00.00)
06:12.925  render           | Rendering frame 1223
06:12.926  render           | Start rendering: MORI_Assembly_Animation, 视图层
06:12.926  render           | Engine: EEVEE
06:12.989  render           | Fra: 1223 | Rendering 1 / 32 samples
06:13.321  render           | Fra: 1223 | Rendering 25 / 32 samples
06:13.422  render           | Fra: 1223 | Rendering 32 / 32 samples
06:13.436  render           | Video append frame 1223
06:13.436  render           | Time: 00:00.51 (Saving: 00:00.00)
06:13.436  render           | Rendering frame 1224
06:13.436  render           | Start rendering: MORI_Assembly_Animation, 视图层
06:13.436  render           | Engine: EEVEE
06:13.501  render           | Fra: 1224 | Rendering 1 / 32 samples
06:13.831  render           | Fra: 1224 | Rendering 25 / 32 samples
06:13.931  render           | Fra: 1224 | Rendering 32 / 32 samples
06:13.944  render           | Video append frame 1224
06:13.944  render           | Time: 00:00.50 (Saving: 00:00.00)
06:13.944  render           | Rendering frame 1225
06:13.944  render           | Start rendering: MORI_Assembly_Animation, 视图层
06:13.944  render           | Engine: EEVEE
06:14.006  render           | Fra: 1225 | Rendering 1 / 32 samples
06:14.339  render           | Fra: 1225 | Rendering 25 / 32 samples
06:14.437  render           | Fra: 1225 | Rendering 32 / 32 samples
06:14.450  render           | Video append frame 1225
06:14.450  render           | Time: 00:00.50 (Saving: 00:00.00)
06:14.450  render           | Rendering frame 1226
06:14.450  render           | Start rendering: MORI_Assembly_Animation, 视图层
06:14.450  render           | Engine: EEVEE
06:14.511  render           | Fra: 1226 | Rendering 1 / 32 samples
06:14.839  render           | Fra: 1226 | Rendering 25 / 32 samples
06:14.938  render           | Fra: 1226 | Rendering 32 / 32 samples
06:14.951  render           | Video append frame 1226
06:14.951  render           | Time: 00:00.50 (Saving: 00:00.00)
06:14.951  render           | Rendering frame 1227
06:14.951  render           | Start rendering: MORI_Assembly_Animation, 视图层
06:14.951  render           | Engine: EEVEE
06:15.014  render           | Fra: 1227 | Rendering 1 / 32 samples
06:15.341  render           | Fra: 1227 | Rendering 25 / 32 samples
06:15.442  render           | Fra: 1227 | Rendering 32 / 32 samples
06:15.454  render           | Video append frame 1227
06:15.454  render           | Time: 00:00.50 (Saving: 00:00.00)
06:15.454  render           | Rendering frame 1228
06:15.454  render           | Start rendering: MORI_Assembly_Animation, 视图层
06:15.454  render           | Engine: EEVEE
06:15.517  render           | Fra: 1228 | Rendering 1 / 32 samples
06:15.844  render           | Fra: 1228 | Rendering 25 / 32 samples
06:15.943  render           | Fra: 1228 | Rendering 32 / 32 samples
06:15.956  render           | Video append frame 1228
06:15.956  render           | Time: 00:00.50 (Saving: 00:00.00)
06:15.956  render           | Rendering frame 1229
06:15.956  render           | Start rendering: MORI_Assembly_Animation, 视图层
06:15.956  render           | Engine: EEVEE
06:16.019  render           | Fra: 1229 | Rendering 1 / 32 samples
06:16.353  render           | Fra: 1229 | Rendering 25 / 32 samples
06:16.455  render           | Fra: 1229 | Rendering 32 / 32 samples
06:16.469  render           | Video append frame 1229
06:16.470  render           | Time: 00:00.51 (Saving: 00:00.00)
06:16.470  render           | Rendering frame 1230
06:16.470  render           | Start rendering: MORI_Assembly_Animation, 视图层
06:16.470  render           | Engine: EEVEE
06:16.532  render           | Fra: 1230 | Rendering 1 / 32 samples
06:16.862  render           | Fra: 1230 | Rendering 25 / 32 samples
06:16.961  render           | Fra: 1230 | Rendering 32 / 32 samples
06:16.974  render           | Video append frame 1230
06:16.974  render           | Time: 00:00.50 (Saving: 00:00.00)
06:16.974  render           | Rendering frame 1231
06:16.974  render           | Start rendering: MORI_Assembly_Animation, 视图层
06:16.974  render           | Engine: EEVEE
06:17.034  render           | Fra: 1231 | Rendering 1 / 32 samples
06:17.368  render           | Fra: 1231 | Rendering 25 / 32 samples
06:17.468  render           | Fra: 1231 | Rendering 32 / 32 samples
06:17.482  render           | Video append frame 1231
06:17.482  render           | Time: 00:00.50 (Saving: 00:00.00)
06:17.482  render           | Rendering frame 1232
06:17.482  render           | Start rendering: MORI_Assembly_Animation, 视图层
06:17.482  render           | Engine: EEVEE
06:17.543  render           | Fra: 1232 | Rendering 1 / 32 samples
06:17.872  render           | Fra: 1232 | Rendering 25 / 32 samples
06:17.972  render           | Fra: 1232 | Rendering 32 / 32 samples
06:17.986  render           | Video append frame 1232
06:17.986  render           | Time: 00:00.50 (Saving: 00:00.00)
06:17.986  render           | Rendering frame 1233
06:17.986  render           | Start rendering: MORI_Assembly_Animation, 视图层
06:17.987  render           | Engine: EEVEE
06:18.049  render           | Fra: 1233 | Rendering 1 / 32 samples
06:18.375  render           | Fra: 1233 | Rendering 25 / 32 samples
06:18.475  render           | Fra: 1233 | Rendering 32 / 32 samples
06:18.487  render           | Video append frame 1233
06:18.487  render           | Time: 00:00.50 (Saving: 00:00.00)
06:18.487  render           | Rendering frame 1234
06:18.488  render           | Start rendering: MORI_Assembly_Animation, 视图层
06:18.488  render           | Engine: EEVEE
06:18.548  render           | Fra: 1234 | Rendering 1 / 32 samples
06:18.874  render           | Fra: 1234 | Rendering 25 / 32 samples
06:18.973  render           | Fra: 1234 | Rendering 32 / 32 samples
06:18.986  render           | Video append frame 1234
06:18.986  render           | Time: 00:00.49 (Saving: 00:00.00)
06:18.986  render           | Rendering frame 1235
06:18.986  render           | Start rendering: MORI_Assembly_Animation, 视图层
06:18.986  render           | Engine: EEVEE
06:19.047  render           | Fra: 1235 | Rendering 1 / 32 samples
06:19.379  render           | Fra: 1235 | Rendering 25 / 32 samples
06:19.477  render           | Fra: 1235 | Rendering 32 / 32 samples
06:19.490  render           | Video append frame 1235
06:19.490  render           | Time: 00:00.50 (Saving: 00:00.00)
06:19.490  render           | Rendering frame 1236
06:19.490  render           | Start rendering: MORI_Assembly_Animation, 视图层
06:19.490  render           | Engine: EEVEE
06:19.548  render           | Fra: 1236 | Rendering 1 / 32 samples
06:19.873  render           | Fra: 1236 | Rendering 25 / 32 samples
06:19.969  render           | Fra: 1236 | Rendering 32 / 32 samples
06:19.980  render           | Video append frame 1236
06:19.980  render           | Time: 00:00.48 (Saving: 00:00.00)
06:19.980  render           | Rendering frame 1237
06:19.980  render           | Start rendering: MORI_Assembly_Animation, 视图层
06:19.980  render           | Engine: EEVEE
06:20.031  render           | Fra: 1237 | Rendering 1 / 32 samples
06:20.353  render           | Fra: 1237 | Rendering 25 / 32 samples
06:20.450  render           | Fra: 1237 | Rendering 32 / 32 samples
06:20.459  render           | Video append frame 1237
06:20.459  render           | Time: 00:00.47 (Saving: 00:00.00)
06:20.459  render           | Rendering frame 1238
06:20.460  render           | Start rendering: MORI_Assembly_Animation, 视图层
06:20.460  render           | Engine: EEVEE
06:20.508  render           | Fra: 1238 | Rendering 1 / 32 samples
06:20.852  render           | Fra: 1238 | Rendering 25 / 32 samples
06:20.963  render           | Fra: 1238 | Rendering 32 / 32 samples
06:20.973  render           | Video append frame 1238
06:20.973  render           | Time: 00:00.51 (Saving: 00:00.00)
06:20.973  render           | Rendering frame 1239
06:20.973  render           | Start rendering: MORI_Assembly_Animation, 视图层
06:20.973  render           | Engine: EEVEE
06:21.023  render           | Fra: 1239 | Rendering 1 / 32 samples
06:21.358  render           | Fra: 1239 | Rendering 25 / 32 samples
06:21.454  render           | Fra: 1239 | Rendering 32 / 32 samples
06:21.474  render           | Video append frame 1239
06:21.474  render           | Time: 00:00.50 (Saving: 00:00.01)
06:21.474  render           | Rendering frame 1240
06:21.474  render           | Start rendering: MORI_Assembly_Animation, 视图层
06:21.475  render           | Engine: EEVEE
06:21.530  render           | Fra: 1240 | Rendering 1 / 32 samples
06:21.851  render           | Fra: 1240 | Rendering 25 / 32 samples
06:21.947  render           | Fra: 1240 | Rendering 32 / 32 samples
06:21.969  render           | Video append frame 1240
06:21.969  render           | Time: 00:00.49 (Saving: 00:00.01)
06:21.969  render           | Rendering frame 1241
06:21.969  render           | Start rendering: MORI_Assembly_Animation, 视图层
06:21.969  render           | Engine: EEVEE
06:22.028  render           | Fra: 1241 | Rendering 1 / 32 samples
06:22.358  render           | Fra: 1241 | Rendering 25 / 32 samples
06:22.454  render           | Fra: 1241 | Rendering 32 / 32 samples
06:22.475  render           | Video append frame 1241
06:22.475  render           | Time: 00:00.50 (Saving: 00:00.01)
06:22.475  render           | Rendering frame 1242
06:22.476  render           | Start rendering: MORI_Assembly_Animation, 视图层
06:22.476  render           | Engine: EEVEE
06:22.534  render           | Fra: 1242 | Rendering 1 / 32 samples
06:22.876  render           | Fra: 1242 | Rendering 25 / 32 samples
06:22.973  render           | Fra: 1242 | Rendering 32 / 32 samples
06:22.993  render           | Video append frame 1242
06:22.993  render           | Time: 00:00.51 (Saving: 00:00.01)
06:22.993  render           | Rendering frame 1243
06:22.993  render           | Start rendering: MORI_Assembly_Animation, 视图层
06:22.993  render           | Engine: EEVEE
06:23.049  render           | Fra: 1243 | Rendering 1 / 32 samples
06:23.369  render           | Fra: 1243 | Rendering 25 / 32 samples
06:23.461  render           | Fra: 1243 | Rendering 32 / 32 samples
06:23.474  render           | Video append frame 1243
06:23.474  render           | Time: 00:00.48 (Saving: 00:00.00)
06:23.474  render           | Rendering frame 1244
06:23.474  render           | Start rendering: MORI_Assembly_Animation, 视图层
06:23.474  render           | Engine: EEVEE
06:23.531  render           | Fra: 1244 | Rendering 1 / 32 samples
06:23.859  render           | Fra: 1244 | Rendering 25 / 32 samples
06:23.956  render           | Fra: 1244 | Rendering 32 / 32 samples
06:23.978  render           | Video append frame 1244
06:23.978  render           | Time: 00:00.50 (Saving: 00:00.01)
06:23.978  render           | Rendering frame 1245
06:23.978  render           | Start rendering: MORI_Assembly_Animation, 视图层
06:23.978  render           | Engine: EEVEE
06:24.036  render           | Fra: 1245 | Rendering 1 / 32 samples
06:24.359  render           | Fra: 1245 | Rendering 25 / 32 samples
06:24.457  render           | Fra: 1245 | Rendering 32 / 32 samples
06:24.467  render           | Video append frame 1245
06:24.467  render           | Time: 00:00.48 (Saving: 00:00.00)
06:24.467  render           | Rendering frame 1246
06:24.467  render           | Start rendering: MORI_Assembly_Animation, 视图层
06:24.467  render           | Engine: EEVEE
06:24.515  render           | Fra: 1246 | Rendering 1 / 32 samples
06:24.852  render           | Fra: 1246 | Rendering 25 / 32 samples
06:24.949  render           | Fra: 1246 | Rendering 32 / 32 samples
06:24.961  render           | Video append frame 1246
06:24.961  render           | Time: 00:00.49 (Saving: 00:00.00)
06:24.961  render           | Rendering frame 1247
06:24.961  render           | Start rendering: MORI_Assembly_Animation, 视图层
06:24.961  render           | Engine: EEVEE
06:25.014  render           | Fra: 1247 | Rendering 1 / 32 samples
06:25.348  render           | Fra: 1247 | Rendering 25 / 32 samples
06:25.444  render           | Fra: 1247 | Rendering 32 / 32 samples
06:25.465  render           | Video append frame 1247
06:25.465  render           | Time: 00:00.50 (Saving: 00:00.01)
06:25.465  render           | Rendering frame 1248
06:25.465  render           | Start rendering: MORI_Assembly_Animation, 视图层
06:25.465  render           | Engine: EEVEE
06:25.521  render           | Fra: 1248 | Rendering 1 / 32 samples
06:25.850  render           | Fra: 1248 | Rendering 25 / 32 samples
06:25.941  render           | Fra: 1248 | Rendering 32 / 32 samples
06:25.953  render           | Video append frame 1248
06:25.953  render           | Time: 00:00.48 (Saving: 00:00.00)
06:25.953  render           | Rendering frame 1249
06:25.953  render           | Start rendering: MORI_Assembly_Animation, 视图层
06:25.953  render           | Engine: EEVEE
06:26.008  render           | Fra: 1249 | Rendering 1 / 32 samples
06:26.337  render           | Fra: 1249 | Rendering 25 / 32 samples
06:26.433  render           | Fra: 1249 | Rendering 32 / 32 samples
06:26.452  render           | Video append frame 1249
06:26.452  render           | Time: 00:00.49 (Saving: 00:00.01)
06:26.452  render           | Rendering frame 1250
06:26.452  render           | Start rendering: MORI_Assembly_Animation, 视图层
06:26.452  render           | Engine: EEVEE
06:26.507  render           | Fra: 1250 | Rendering 1 / 32 samples
06:26.834  render           | Fra: 1250 | Rendering 25 / 32 samples
06:26.932  render           | Fra: 1250 | Rendering 32 / 32 samples
06:26.953  render           | Video append frame 1250
06:26.953  render           | Time: 00:00.50 (Saving: 00:00.01)
06:26.953  render           | Rendering frame 1251
06:26.954  render           | Start rendering: MORI_Assembly_Animation, 视图层
06:26.954  render           | Engine: EEVEE
06:27.010  render           | Fra: 1251 | Rendering 1 / 32 samples
06:27.327  render           | Fra: 1251 | Rendering 25 / 32 samples
06:27.416  render           | Fra: 1251 | Rendering 32 / 32 samples
06:27.425  render           | Video append frame 1251
06:27.425  render           | Time: 00:00.47 (Saving: 00:00.00)
06:27.425  render           | Rendering frame 1252
06:27.426  render           | Start rendering: MORI_Assembly_Animation, 视图层
06:27.426  render           | Engine: EEVEE
06:27.472  render           | Fra: 1252 | Rendering 1 / 32 samples
06:27.787  render           | Fra: 1252 | Rendering 25 / 32 samples
06:27.876  render           | Fra: 1252 | Rendering 32 / 32 samples
06:27.886  render           | Video append frame 1252
06:27.886  render           | Time: 00:00.46 (Saving: 00:00.00)
06:27.886  render           | Rendering frame 1253
06:27.886  render           | Start rendering: MORI_Assembly_Animation, 视图层
06:27.886  render           | Engine: EEVEE
06:27.931  render           | Fra: 1253 | Rendering 1 / 32 samples
06:28.250  render           | Fra: 1253 | Rendering 25 / 32 samples
06:28.344  render           | Fra: 1253 | Rendering 32 / 32 samples
06:28.354  render           | Video append frame 1253
06:28.354  render           | Time: 00:00.46 (Saving: 00:00.00)
06:28.354  render           | Rendering frame 1254
06:28.354  render           | Start rendering: MORI_Assembly_Animation, 视图层
06:28.354  render           | Engine: EEVEE
06:28.405  render           | Fra: 1254 | Rendering 1 / 32 samples
06:28.746  render           | Fra: 1254 | Rendering 25 / 32 samples
06:28.850  render           | Fra: 1254 | Rendering 32 / 32 samples
06:28.860  render           | Video append frame 1254
06:28.860  render           | Time: 00:00.50 (Saving: 00:00.00)
06:28.860  render           | Rendering frame 1255
06:28.860  render           | Start rendering: MORI_Assembly_Animation, 视图层
06:28.860  render           | Engine: EEVEE
06:28.912  render           | Fra: 1255 | Rendering 1 / 32 samples
06:29.239  render           | Fra: 1255 | Rendering 25 / 32 samples
06:29.330  render           | Fra: 1255 | Rendering 32 / 32 samples
06:29.339  render           | Video append frame 1255
06:29.340  render           | Time: 00:00.47 (Saving: 00:00.00)
06:29.340  render           | Rendering frame 1256
06:29.340  render           | Start rendering: MORI_Assembly_Animation, 视图层
06:29.340  render           | Engine: EEVEE
06:29.387  render           | Fra: 1256 | Rendering 1 / 32 samples
06:29.709  render           | Fra: 1256 | Rendering 25 / 32 samples
06:29.803  render           | Fra: 1256 | Rendering 32 / 32 samples
06:29.812  render           | Video append frame 1256
06:29.812  render           | Time: 00:00.47 (Saving: 00:00.00)
06:29.812  render           | Rendering frame 1257
06:29.812  render           | Start rendering: MORI_Assembly_Animation, 视图层
06:29.812  render           | Engine: EEVEE
06:29.858  render           | Fra: 1257 | Rendering 1 / 32 samples
06:30.196  render           | Fra: 1257 | Rendering 25 / 32 samples
06:30.293  render           | Fra: 1257 | Rendering 32 / 32 samples
06:30.303  render           | Video append frame 1257
06:30.303  render           | Time: 00:00.49 (Saving: 00:00.00)
06:30.303  render           | Rendering frame 1258
06:30.303  render           | Start rendering: MORI_Assembly_Animation, 视图层
06:30.303  render           | Engine: EEVEE
06:30.349  render           | Fra: 1258 | Rendering 1 / 32 samples
06:30.679  render           | Fra: 1258 | Rendering 25 / 32 samples
06:30.778  render           | Fra: 1258 | Rendering 32 / 32 samples
06:30.789  render           | Video append frame 1258
06:30.789  render           | Time: 00:00.48 (Saving: 00:00.00)
06:30.789  render           | Rendering frame 1259
06:30.789  render           | Start rendering: MORI_Assembly_Animation, 视图层
06:30.789  render           | Engine: EEVEE
06:30.844  render           | Fra: 1259 | Rendering 1 / 32 samples
06:31.177  render           | Fra: 1259 | Rendering 25 / 32 samples
06:31.276  render           | Fra: 1259 | Rendering 32 / 32 samples
06:31.287  render           | Video append frame 1259
06:31.287  render           | Time: 00:00.49 (Saving: 00:00.00)
06:31.287  render           | Rendering frame 1260
06:31.287  render           | Start rendering: MORI_Assembly_Animation, 视图层
06:31.287  render           | Engine: EEVEE
06:31.339  render           | Fra: 1260 | Rendering 1 / 32 samples
06:31.678  render           | Fra: 1260 | Rendering 25 / 32 samples
06:31.793  render           | Fra: 1260 | Rendering 32 / 32 samples
06:31.803  render           | Video append frame 1260
06:31.803  render           | Time: 00:00.51 (Saving: 00:00.00)
06:31.803  render           | Rendering frame 1261
06:31.804  render           | Start rendering: MORI_Assembly_Animation, 视图层
06:31.804  render           | Engine: EEVEE
06:31.850  render           | Fra: 1261 | Rendering 1 / 32 samples
06:32.179  render           | Fra: 1261 | Rendering 25 / 32 samples
06:32.276  render           | Fra: 1261 | Rendering 32 / 32 samples
06:32.285  render           | Video append frame 1261
06:32.285  render           | Time: 00:00.48 (Saving: 00:00.00)
06:32.285  render           | Rendering frame 1262
06:32.286  render           | Start rendering: MORI_Assembly_Animation, 视图层
06:32.286  render           | Engine: EEVEE
06:32.328  render           | Fra: 1262 | Rendering 1 / 32 samples
06:32.661  render           | Fra: 1262 | Rendering 25 / 32 samples
06:32.760  render           | Fra: 1262 | Rendering 32 / 32 samples
06:32.769  render           | Video append frame 1262
06:32.769  render           | Time: 00:00.48 (Saving: 00:00.00)
06:32.769  render           | Rendering frame 1263
06:32.770  render           | Start rendering: MORI_Assembly_Animation, 视图层
06:32.770  render           | Engine: EEVEE
06:32.816  render           | Fra: 1263 | Rendering 1 / 32 samples
06:33.150  render           | Fra: 1263 | Rendering 25 / 32 samples
06:33.249  render           | Fra: 1263 | Rendering 32 / 32 samples
06:33.261  render           | Video append frame 1263
06:33.261  render           | Time: 00:00.49 (Saving: 00:00.00)
06:33.261  render           | Rendering frame 1264
06:33.261  render           | Start rendering: MORI_Assembly_Animation, 视图层
06:33.261  render           | Engine: EEVEE
06:33.315  render           | Fra: 1264 | Rendering 1 / 32 samples
06:33.644  render           | Fra: 1264 | Rendering 25 / 32 samples
06:33.747  render           | Fra: 1264 | Rendering 32 / 32 samples
06:33.756  render           | Video append frame 1264
06:33.756  render           | Time: 00:00.49 (Saving: 00:00.00)
06:33.756  render           | Rendering frame 1265
06:33.756  render           | Start rendering: MORI_Assembly_Animation, 视图层
06:33.756  render           | Engine: EEVEE
06:33.806  render           | Fra: 1265 | Rendering 1 / 32 samples
06:34.133  render           | Fra: 1265 | Rendering 25 / 32 samples
06:34.231  render           | Fra: 1265 | Rendering 32 / 32 samples
06:34.241  render           | Video append frame 1265
06:34.241  render           | Time: 00:00.48 (Saving: 00:00.00)
06:34.241  render           | Rendering frame 1266
06:34.241  render           | Start rendering: MORI_Assembly_Animation, 视图层
06:34.241  render           | Engine: EEVEE
06:34.290  render           | Fra: 1266 | Rendering 1 / 32 samples
06:34.624  render           | Fra: 1266 | Rendering 25 / 32 samples
06:34.733  render           | Fra: 1266 | Rendering 32 / 32 samples
06:34.743  render           | Video append frame 1266
06:34.743  render           | Time: 00:00.50 (Saving: 00:00.00)
06:34.743  render           | Rendering frame 1267
06:34.743  render           | Start rendering: MORI_Assembly_Animation, 视图层
06:34.743  render           | Engine: EEVEE
06:34.789  render           | Fra: 1267 | Rendering 1 / 32 samples
06:35.121  render           | Fra: 1267 | Rendering 25 / 32 samples
06:35.223  render           | Fra: 1267 | Rendering 32 / 32 samples
06:35.232  render           | Video append frame 1267
06:35.232  render           | Time: 00:00.48 (Saving: 00:00.00)
06:35.232  render           | Rendering frame 1268
06:35.232  render           | Start rendering: MORI_Assembly_Animation, 视图层
06:35.232  render           | Engine: EEVEE
06:35.280  render           | Fra: 1268 | Rendering 1 / 32 samples
06:35.607  render           | Fra: 1268 | Rendering 25 / 32 samples
06:35.705  render           | Fra: 1268 | Rendering 32 / 32 samples
06:35.714  render           | Video append frame 1268
06:35.714  render           | Time: 00:00.48 (Saving: 00:00.00)
06:35.714  render           | Rendering frame 1269
06:35.714  render           | Start rendering: MORI_Assembly_Animation, 视图层
06:35.714  render           | Engine: EEVEE
06:35.762  render           | Fra: 1269 | Rendering 1 / 32 samples
06:36.094  render           | Fra: 1269 | Rendering 25 / 32 samples
06:36.192  render           | Fra: 1269 | Rendering 32 / 32 samples
06:36.202  render           | Video append frame 1269
06:36.202  render           | Time: 00:00.48 (Saving: 00:00.00)
06:36.202  render           | Rendering frame 1270
06:36.202  render           | Start rendering: MORI_Assembly_Animation, 视图层
06:36.202  render           | Engine: EEVEE
06:36.253  render           | Fra: 1270 | Rendering 1 / 32 samples
06:36.586  render           | Fra: 1270 | Rendering 25 / 32 samples
06:36.682  render           | Fra: 1270 | Rendering 32 / 32 samples
06:36.695  render           | Video append frame 1270
06:36.695  render           | Time: 00:00.49 (Saving: 00:00.00)
06:36.695  render           | Rendering frame 1271
06:36.695  render           | Start rendering: MORI_Assembly_Animation, 视图层
06:36.695  render           | Engine: EEVEE
06:36.749  render           | Fra: 1271 | Rendering 1 / 32 samples
06:37.074  render           | Fra: 1271 | Rendering 25 / 32 samples
06:37.167  render           | Fra: 1271 | Rendering 32 / 32 samples
06:37.176  render           | Video append frame 1271
06:37.176  render           | Time: 00:00.48 (Saving: 00:00.00)
06:37.176  render           | Rendering frame 1272
06:37.177  render           | Start rendering: MORI_Assembly_Animation, 视图层
06:37.177  render           | Engine: EEVEE
06:37.224  render           | Fra: 1272 | Rendering 1 / 32 samples
06:37.550  render           | Fra: 1272 | Rendering 25 / 32 samples
06:37.645  render           | Fra: 1272 | Rendering 32 / 32 samples
06:37.655  render           | Video append frame 1272
06:37.655  render           | Time: 00:00.47 (Saving: 00:00.00)
06:37.655  render           | Rendering frame 1273
06:37.655  render           | Start rendering: MORI_Assembly_Animation, 视图层
06:37.655  render           | Engine: EEVEE
06:37.707  render           | Fra: 1273 | Rendering 1 / 32 samples
06:38.027  render           | Fra: 1273 | Rendering 25 / 32 samples
06:38.123  render           | Fra: 1273 | Rendering 32 / 32 samples
06:38.132  render           | Video append frame 1273
06:38.132  render           | Time: 00:00.47 (Saving: 00:00.00)
06:38.132  render           | Rendering frame 1274
06:38.132  render           | Start rendering: MORI_Assembly_Animation, 视图层
06:38.132  render           | Engine: EEVEE
06:38.176  render           | Fra: 1274 | Rendering 1 / 32 samples
06:38.502  render           | Fra: 1274 | Rendering 25 / 32 samples
06:38.600  render           | Fra: 1274 | Rendering 32 / 32 samples
06:38.609  render           | Video append frame 1274
06:38.609  render           | Time: 00:00.47 (Saving: 00:00.00)
06:38.609  render           | Rendering frame 1275
06:38.609  render           | Start rendering: MORI_Assembly_Animation, 视图层
06:38.609  render           | Engine: EEVEE
06:38.653  render           | Fra: 1275 | Rendering 1 / 32 samples
06:38.984  render           | Fra: 1275 | Rendering 25 / 32 samples
06:39.080  render           | Fra: 1275 | Rendering 32 / 32 samples
06:39.089  render           | Video append frame 1275
06:39.089  render           | Time: 00:00.47 (Saving: 00:00.00)
06:39.089  render           | Rendering frame 1276
06:39.089  render           | Start rendering: MORI_Assembly_Animation, 视图层
06:39.089  render           | Engine: EEVEE
06:39.135  render           | Fra: 1276 | Rendering 1 / 32 samples
06:39.464  render           | Fra: 1276 | Rendering 25 / 32 samples
06:39.561  render           | Fra: 1276 | Rendering 32 / 32 samples
06:39.570  render           | Video append frame 1276
06:39.570  render           | Time: 00:00.48 (Saving: 00:00.00)
06:39.570  render           | Rendering frame 1277
06:39.570  render           | Start rendering: MORI_Assembly_Animation, 视图层
06:39.570  render           | Engine: EEVEE
06:39.615  render           | Fra: 1277 | Rendering 1 / 32 samples
06:39.943  render           | Fra: 1277 | Rendering 25 / 32 samples
06:40.040  render           | Fra: 1277 | Rendering 32 / 32 samples
06:40.049  render           | Video append frame 1277
06:40.049  render           | Time: 00:00.47 (Saving: 00:00.00)
06:40.049  render           | Rendering frame 1278
06:40.049  render           | Start rendering: MORI_Assembly_Animation, 视图层
06:40.049  render           | Engine: EEVEE
06:40.094  render           | Fra: 1278 | Rendering 1 / 32 samples
06:40.425  render           | Fra: 1278 | Rendering 25 / 32 samples
06:40.522  render           | Fra: 1278 | Rendering 32 / 32 samples
06:40.532  render           | Video append frame 1278
06:40.532  render           | Time: 00:00.48 (Saving: 00:00.00)
06:40.532  render           | Rendering frame 1279
06:40.532  render           | Start rendering: MORI_Assembly_Animation, 视图层
06:40.532  render           | Engine: EEVEE
06:40.578  render           | Fra: 1279 | Rendering 1 / 32 samples
06:40.934  render           | Fra: 1279 | Rendering 25 / 32 samples
06:41.028  render           | Fra: 1279 | Rendering 32 / 32 samples
06:41.037  render           | Video append frame 1279
06:41.037  render           | Time: 00:00.50 (Saving: 00:00.00)
06:41.037  render           | Rendering frame 1280
06:41.037  render           | Start rendering: MORI_Assembly_Animation, 视图层
06:41.037  render           | Engine: EEVEE
06:41.084  render           | Fra: 1280 | Rendering 1 / 32 samples
06:41.403  render           | Fra: 1280 | Rendering 25 / 32 samples
06:41.498  render           | Fra: 1280 | Rendering 32 / 32 samples
06:41.507  render           | Video append frame 1280
06:41.507  render           | Time: 00:00.46 (Saving: 00:00.00)
06:41.507  render           | Rendering frame 1281
06:41.507  render           | Start rendering: MORI_Assembly_Animation, 视图层
06:41.507  render           | Engine: EEVEE
06:41.553  render           | Fra: 1281 | Rendering 1 / 32 samples
06:41.881  render           | Fra: 1281 | Rendering 25 / 32 samples
06:41.980  render           | Fra: 1281 | Rendering 32 / 32 samples
06:41.990  render           | Video append frame 1281
06:41.990  render           | Time: 00:00.48 (Saving: 00:00.00)
06:41.990  render           | Rendering frame 1282
06:41.990  render           | Start rendering: MORI_Assembly_Animation, 视图层
06:41.990  render           | Engine: EEVEE
06:42.041  render           | Fra: 1282 | Rendering 1 / 32 samples
06:42.374  render           | Fra: 1282 | Rendering 25 / 32 samples
06:42.470  render           | Fra: 1282 | Rendering 32 / 32 samples
06:42.483  render           | Video append frame 1282
06:42.483  render           | Time: 00:00.49 (Saving: 00:00.00)
06:42.483  render           | Rendering frame 1283
06:42.483  render           | Start rendering: MORI_Assembly_Animation, 视图层
06:42.483  render           | Engine: EEVEE
06:42.538  render           | Fra: 1283 | Rendering 1 / 32 samples
06:42.875  render           | Fra: 1283 | Rendering 25 / 32 samples
06:42.971  render           | Fra: 1283 | Rendering 32 / 32 samples
06:42.992  render           | Video append frame 1283
06:42.992  render           | Time: 00:00.50 (Saving: 00:00.01)
06:42.992  render           | Rendering frame 1284
06:42.993  render           | Start rendering: MORI_Assembly_Animation, 视图层
06:42.993  render           | Engine: EEVEE
06:43.051  render           | Fra: 1284 | Rendering 1 / 32 samples
06:43.378  render           | Fra: 1284 | Rendering 25 / 32 samples
06:43.474  render           | Fra: 1284 | Rendering 32 / 32 samples
06:43.492  render           | Video append frame 1284
06:43.492  render           | Time: 00:00.49 (Saving: 00:00.01)
06:43.492  render           | Rendering frame 1285
06:43.492  render           | Start rendering: MORI_Assembly_Animation, 视图层
06:43.492  render           | Engine: EEVEE
06:43.546  render           | Fra: 1285 | Rendering 1 / 32 samples
06:43.889  render           | Fra: 1285 | Rendering 25 / 32 samples
06:43.990  render           | Fra: 1285 | Rendering 32 / 32 samples
06:44.001  render           | Video append frame 1285
06:44.002  render           | Time: 00:00.50 (Saving: 00:00.00)
06:44.002  render           | Rendering frame 1286
06:44.002  render           | Start rendering: MORI_Assembly_Animation, 视图层
06:44.002  render           | Engine: EEVEE
06:44.054  render           | Fra: 1286 | Rendering 1 / 32 samples
06:44.381  render           | Fra: 1286 | Rendering 25 / 32 samples
06:44.480  render           | Fra: 1286 | Rendering 32 / 32 samples
06:44.502  render           | Video append frame 1286
06:44.502  render           | Time: 00:00.49 (Saving: 00:00.01)
06:44.502  render           | Rendering frame 1287
06:44.502  render           | Start rendering: MORI_Assembly_Animation, 视图层
06:44.502  render           | Engine: EEVEE
06:44.560  render           | Fra: 1287 | Rendering 1 / 32 samples
06:44.889  render           | Fra: 1287 | Rendering 25 / 32 samples
06:44.987  render           | Fra: 1287 | Rendering 32 / 32 samples
06:45.008  render           | Video append frame 1287
06:45.008  render           | Time: 00:00.50 (Saving: 00:00.01)
06:45.008  render           | Rendering frame 1288
06:45.009  render           | Start rendering: MORI_Assembly_Animation, 视图层
06:45.009  render           | Engine: EEVEE
06:45.065  render           | Fra: 1288 | Rendering 1 / 32 samples
06:45.392  render           | Fra: 1288 | Rendering 25 / 32 samples
06:45.491  render           | Fra: 1288 | Rendering 32 / 32 samples
06:45.513  render           | Video append frame 1288
06:45.513  render           | Time: 00:00.50 (Saving: 00:00.01)
06:45.513  render           | Rendering frame 1289
06:45.513  render           | Start rendering: MORI_Assembly_Animation, 视图层
06:45.513  render           | Engine: EEVEE
06:45.568  render           | Fra: 1289 | Rendering 1 / 32 samples
06:45.891  render           | Fra: 1289 | Rendering 25 / 32 samples
06:45.984  render           | Fra: 1289 | Rendering 32 / 32 samples
06:45.997  render           | Video append frame 1289
06:45.997  render           | Time: 00:00.48 (Saving: 00:00.00)
06:45.997  render           | Rendering frame 1290
06:45.997  render           | Start rendering: MORI_Assembly_Animation, 视图层
06:45.997  render           | Engine: EEVEE
06:46.056  render           | Fra: 1290 | Rendering 1 / 32 samples
06:46.378  render           | Fra: 1290 | Rendering 25 / 32 samples
06:46.471  render           | Fra: 1290 | Rendering 32 / 32 samples
06:46.485  render           | Video append frame 1290
06:46.485  render           | Time: 00:00.48 (Saving: 00:00.00)
06:46.485  render           | Rendering frame 1291
06:46.485  render           | Start rendering: MORI_Assembly_Animation, 视图层
06:46.485  render           | Engine: EEVEE
06:46.542  render           | Fra: 1291 | Rendering 1 / 32 samples
06:46.874  render           | Fra: 1291 | Rendering 25 / 32 samples
06:46.970  render           | Fra: 1291 | Rendering 32 / 32 samples
06:46.980  render           | Video append frame 1291
06:46.980  render           | Time: 00:00.49 (Saving: 00:00.00)
06:46.980  render           | Rendering frame 1292
06:46.980  render           | Start rendering: MORI_Assembly_Animation, 视图层
06:46.980  render           | Engine: EEVEE
06:47.027  render           | Fra: 1292 | Rendering 1 / 32 samples
06:47.362  render           | Fra: 1292 | Rendering 25 / 32 samples
06:47.460  render           | Fra: 1292 | Rendering 32 / 32 samples
06:47.481  render           | Video append frame 1292
06:47.481  render           | Time: 00:00.50 (Saving: 00:00.01)
06:47.481  render           | Rendering frame 1293
06:47.481  render           | Start rendering: MORI_Assembly_Animation, 视图层
06:47.481  render           | Engine: EEVEE
06:47.538  render           | Fra: 1293 | Rendering 1 / 32 samples
06:47.867  render           | Fra: 1293 | Rendering 25 / 32 samples
06:47.966  render           | Fra: 1293 | Rendering 32 / 32 samples
06:47.988  render           | Video append frame 1293
06:47.988  render           | Time: 00:00.50 (Saving: 00:00.01)
06:47.988  render           | Rendering frame 1294
06:47.988  render           | Start rendering: MORI_Assembly_Animation, 视图层
06:47.988  render           | Engine: EEVEE
06:48.045  render           | Fra: 1294 | Rendering 1 / 32 samples
06:48.374  render           | Fra: 1294 | Rendering 25 / 32 samples
06:48.470  render           | Fra: 1294 | Rendering 32 / 32 samples
06:48.490  render           | Video append frame 1294
06:48.490  render           | Time: 00:00.50 (Saving: 00:00.01)
06:48.490  render           | Rendering frame 1295
06:48.490  render           | Start rendering: MORI_Assembly_Animation, 视图层
06:48.490  render           | Engine: EEVEE
06:48.546  render           | Fra: 1295 | Rendering 1 / 32 samples
06:48.879  render           | Fra: 1295 | Rendering 25 / 32 samples
06:48.977  render           | Fra: 1295 | Rendering 32 / 32 samples
06:48.998  render           | Video append frame 1295
06:48.998  render           | Time: 00:00.50 (Saving: 00:00.01)
06:48.998  render           | Rendering frame 1296
06:48.998  render           | Start rendering: MORI_Assembly_Animation, 视图层
06:48.998  render           | Engine: EEVEE
06:49.054  render           | Fra: 1296 | Rendering 1 / 32 samples
06:49.375  render           | Fra: 1296 | Rendering 25 / 32 samples
06:49.467  render           | Fra: 1296 | Rendering 32 / 32 samples
06:49.477  render           | Video append frame 1296
06:49.477  render           | Time: 00:00.47 (Saving: 00:00.00)

Blender quit
