00:00.488  blend            | Read blend: "/Users/dean/Documents/MORI/mechanical/mori_assembly_animation.blend"
00:01.393  render           | Rendering animation (frames 1..1404)
00:01.408  render           | Rendering frame 1
00:01.408  render           | Start rendering: MORI_Assembly_Animation, 视图层
00:01.408  render           | Engine: EEVEE
00:01.651  render           | Fra: 1 | Rendering 1 / 32 samples
Blender 5.2.1 LTS (hash 9e2066aef7ef built 2026-08-25 01:35:57)
Scene switch for render: 'MORI_Assembly_Animation' in file: '/Users/dean/Documents/MORI/mechanical/mori_assembly_animation.blend'
00:01.719  render           | Fra: 1 | Rendering 25 / 32 samples
00:01.732  render           | Fra: 1 | Rendering 32 / 32 samples
00:01.781  render           | Video append frame 1
00:01.781  render           | Time: 00:00.37 (Saving: 00:00.04)
00:01.781  render           | Rendering frame 2
00:01.781  render           | Start rendering: MORI_Assembly_Animation, 视图层
00:01.781  render           | Engine: EEVEE
00:01.815  render           | Fra: 2 | Rendering 1 / 32 samples
00:01.953  render           | Fra: 2 | Rendering 25 / 32 samples
00:01.996  render           | Fra: 2 | Rendering 32 / 32 samples
00:02.015  render           | Video append frame 2
00:02.015  render           | Time: 00:00.23 (Saving: 00:00.01)
00:02.015  render           | Rendering frame 3
00:02.015  render           | Start rendering: MORI_Assembly_Animation, 视图层
00:02.015  render           | Engine: EEVEE
00:02.048  render           | Fra: 3 | Rendering 1 / 32 samples
00:02.191  render           | Fra: 3 | Rendering 25 / 32 samples
00:02.232  render           | Fra: 3 | Rendering 32 / 32 samples
00:02.245  render           | Video append frame 3
00:02.245  render           | Time: 00:00.22 (Saving: 00:00.01)
00:02.245  render           | Rendering frame 4
00:02.245  render           | Start rendering: MORI_Assembly_Animation, 视图层
00:02.245  render           | Engine: EEVEE
00:02.281  render           | Fra: 4 | Rendering 1 / 32 samples
00:02.425  render           | Fra: 4 | Rendering 25 / 32 samples
00:02.466  render           | Fra: 4 | Rendering 32 / 32 samples
00:02.494  render           | Video append frame 4
00:02.494  render           | Time: 00:00.24 (Saving: 00:00.02)
00:02.494  render           | Rendering frame 5
00:02.494  render           | Start rendering: MORI_Assembly_Animation, 视图层
00:02.494  render           | Engine: EEVEE
00:02.532  render           | Fra: 5 | Rendering 1 / 32 samples
00:02.603  render           | Fra: 5 | Rendering 25 / 32 samples
00:02.624  render           | Fra: 5 | Rendering 32 / 32 samples
00:02.650  render           | Video append frame 5
00:02.651  render           | Time: 00:00.15 (Saving: 00:00.02)
00:02.651  render           | Rendering frame 6
00:02.651  render           | Start rendering: MORI_Assembly_Animation, 视图层
00:02.651  render           | Engine: EEVEE
00:02.688  render           | Fra: 6 | Rendering 1 / 32 samples
00:02.843  render           | Fra: 6 | Rendering 25 / 32 samples
00:02.886  render           | Fra: 6 | Rendering 32 / 32 samples
00:02.923  render           | Video append frame 6
00:02.923  render           | Time: 00:00.27 (Saving: 00:00.02)
00:02.923  render           | Rendering frame 7
00:02.923  render           | Start rendering: MORI_Assembly_Animation, 视图层
00:02.923  render           | Engine: EEVEE
00:02.961  render           | Fra: 7 | Rendering 1 / 32 samples
00:03.115  render           | Fra: 7 | Rendering 25 / 32 samples
00:03.157  render           | Fra: 7 | Rendering 32 / 32 samples
00:03.172  render           | Video append frame 7
00:03.172  render           | Time: 00:00.24 (Saving: 00:00.01)
00:03.172  render           | Rendering frame 8
00:03.172  render           | Start rendering: MORI_Assembly_Animation, 视图层
00:03.172  render           | Engine: EEVEE
00:03.211  render           | Fra: 8 | Rendering 1 / 32 samples
00:03.355  render           | Fra: 8 | Rendering 25 / 32 samples
00:03.396  render           | Fra: 8 | Rendering 32 / 32 samples
00:03.419  render           | Video append frame 8
00:03.419  render           | Time: 00:00.24 (Saving: 00:00.02)
00:03.419  render           | Rendering frame 9
00:03.419  render           | Start rendering: MORI_Assembly_Animation, 视图层
00:03.419  render           | Engine: EEVEE
00:03.457  render           | Fra: 9 | Rendering 1 / 32 samples
00:03.594  render           | Fra: 9 | Rendering 25 / 32 samples
00:03.632  render           | Fra: 9 | Rendering 32 / 32 samples
00:03.671  render           | Video append frame 9
00:03.671  render           | Time: 00:00.25 (Saving: 00:00.02)
00:03.671  render           | Rendering frame 10
00:03.671  render           | Start rendering: MORI_Assembly_Animation, 视图层
00:03.671  render           | Engine: EEVEE
00:03.712  render           | Fra: 10 | Rendering 1 / 32 samples
00:03.845  render           | Fra: 10 | Rendering 25 / 32 samples
00:03.881  render           | Fra: 10 | Rendering 32 / 32 samples
00:03.923  render           | Video append frame 10
00:03.923  render           | Time: 00:00.25 (Saving: 00:00.03)
00:03.923  render           | Rendering frame 11
00:03.923  render           | Start rendering: MORI_Assembly_Animation, 视图层
00:03.923  render           | Engine: EEVEE
00:03.963  render           | Fra: 11 | Rendering 1 / 32 samples
00:04.103  render           | Fra: 11 | Rendering 25 / 32 samples
00:04.140  render           | Fra: 11 | Rendering 32 / 32 samples
00:04.152  render           | Video append frame 11
00:04.152  render           | Time: 00:00.22 (Saving: 00:00.00)
00:04.152  render           | Rendering frame 12
00:04.152  render           | Start rendering: MORI_Assembly_Animation, 视图层
00:04.152  render           | Engine: EEVEE
00:04.193  render           | Fra: 12 | Rendering 1 / 32 samples
00:04.330  render           | Fra: 12 | Rendering 25 / 32 samples
00:04.370  render           | Fra: 12 | Rendering 32 / 32 samples
00:04.385  render           | Video append frame 12
00:04.385  render           | Time: 00:00.23 (Saving: 00:00.00)
00:04.385  render           | Rendering frame 13
00:04.385  render           | Start rendering: MORI_Assembly_Animation, 视图层
00:04.385  render           | Engine: EEVEE
00:04.427  render           | Fra: 13 | Rendering 1 / 32 samples
00:04.557  render           | Fra: 13 | Rendering 25 / 32 samples
00:04.594  render           | Fra: 13 | Rendering 32 / 32 samples
00:04.616  render           | Video append frame 13
00:04.616  render           | Time: 00:00.23 (Saving: 00:00.01)
00:04.616  render           | Rendering frame 14
00:04.616  render           | Start rendering: MORI_Assembly_Animation, 视图层
00:04.616  render           | Engine: EEVEE
00:04.659  render           | Fra: 14 | Rendering 1 / 32 samples
00:04.791  render           | Fra: 14 | Rendering 25 / 32 samples
00:04.830  render           | Fra: 14 | Rendering 32 / 32 samples
00:04.872  render           | Video append frame 14
00:04.872  render           | Time: 00:00.25 (Saving: 00:00.03)
00:04.872  render           | Rendering frame 15
00:04.872  render           | Start rendering: MORI_Assembly_Animation, 视图层
00:04.872  render           | Engine: EEVEE
00:04.914  render           | Fra: 15 | Rendering 1 / 32 samples
00:05.047  render           | Fra: 15 | Rendering 25 / 32 samples
00:05.085  render           | Fra: 15 | Rendering 32 / 32 samples
00:05.107  render           | Video append frame 15
00:05.107  render           | Time: 00:00.23 (Saving: 00:00.01)
00:05.107  render           | Rendering frame 16
00:05.107  render           | Start rendering: MORI_Assembly_Animation, 视图层
00:05.107  render           | Engine: EEVEE
00:05.148  render           | Fra: 16 | Rendering 1 / 32 samples
00:05.294  render           | Fra: 16 | Rendering 25 / 32 samples
00:05.334  render           | Fra: 16 | Rendering 32 / 32 samples
00:05.357  render           | Video append frame 16
00:05.357  render           | Time: 00:00.25 (Saving: 00:00.01)
00:05.357  render           | Rendering frame 17
00:05.358  render           | Start rendering: MORI_Assembly_Animation, 视图层
00:05.358  render           | Engine: EEVEE
00:05.400  render           | Fra: 17 | Rendering 1 / 32 samples
00:05.541  render           | Fra: 17 | Rendering 25 / 32 samples
00:05.581  render           | Fra: 17 | Rendering 32 / 32 samples
00:05.624  render           | Video append frame 17
00:05.624  render           | Time: 00:00.26 (Saving: 00:00.03)
00:05.624  render           | Rendering frame 18
00:05.624  render           | Start rendering: MORI_Assembly_Animation, 视图层
00:05.624  render           | Engine: EEVEE
00:05.667  render           | Fra: 18 | Rendering 1 / 32 samples
00:05.807  render           | Fra: 18 | Rendering 25 / 32 samples
00:05.847  render           | Fra: 18 | Rendering 32 / 32 samples
00:05.885  render           | Video append frame 18
00:05.885  render           | Time: 00:00.26 (Saving: 00:00.02)
00:05.885  render           | Rendering frame 19
00:05.885  render           | Start rendering: MORI_Assembly_Animation, 视图层
00:05.885  render           | Engine: EEVEE
00:05.925  render           | Fra: 19 | Rendering 1 / 32 samples
00:06.078  render           | Fra: 19 | Rendering 25 / 32 samples
00:06.120  render           | Fra: 19 | Rendering 32 / 32 samples
00:06.152  render           | Video append frame 19
00:06.152  render           | Time: 00:00.26 (Saving: 00:00.01)
00:06.152  render           | Rendering frame 20
00:06.152  render           | Start rendering: MORI_Assembly_Animation, 视图层
00:06.152  render           | Engine: EEVEE
00:06.194  render           | Fra: 20 | Rendering 1 / 32 samples
00:06.365  render           | Fra: 20 | Rendering 25 / 32 samples
00:06.412  render           | Fra: 20 | Rendering 32 / 32 samples
00:06.444  render           | Video append frame 20
00:06.444  render           | Time: 00:00.29 (Saving: 00:00.02)
00:06.444  render           | Rendering frame 21
00:06.444  render           | Start rendering: MORI_Assembly_Animation, 视图层
00:06.444  render           | Engine: EEVEE
00:06.489  render           | Fra: 21 | Rendering 1 / 32 samples
00:06.655  render           | Fra: 21 | Rendering 25 / 32 samples
00:06.700  render           | Fra: 21 | Rendering 32 / 32 samples
00:06.725  render           | Video append frame 21
00:06.725  render           | Time: 00:00.28 (Saving: 00:00.01)
00:06.725  render           | Rendering frame 22
00:06.725  render           | Start rendering: MORI_Assembly_Animation, 视图层
00:06.725  render           | Engine: EEVEE
00:06.766  render           | Fra: 22 | Rendering 1 / 32 samples
00:06.917  render           | Fra: 22 | Rendering 25 / 32 samples
00:06.956  render           | Fra: 22 | Rendering 32 / 32 samples
00:06.980  render           | Video append frame 22
00:06.980  render           | Time: 00:00.25 (Saving: 00:00.01)
00:06.980  render           | Rendering frame 23
00:06.980  render           | Start rendering: MORI_Assembly_Animation, 视图层
00:06.980  render           | Engine: EEVEE
00:07.023  render           | Fra: 23 | Rendering 1 / 32 samples
00:07.162  render           | Fra: 23 | Rendering 25 / 32 samples
00:07.199  render           | Fra: 23 | Rendering 32 / 32 samples
00:07.236  render           | Video append frame 23
00:07.236  render           | Time: 00:00.25 (Saving: 00:00.02)
00:07.236  render           | Rendering frame 24
00:07.236  render           | Start rendering: MORI_Assembly_Animation, 视图层
00:07.236  render           | Engine: EEVEE
00:07.274  render           | Fra: 24 | Rendering 1 / 32 samples
00:07.407  render           | Fra: 24 | Rendering 25 / 32 samples
00:07.444  render           | Fra: 24 | Rendering 32 / 32 samples
00:07.487  render           | Video append frame 24
00:07.487  render           | Time: 00:00.25 (Saving: 00:00.03)
00:07.487  render           | Rendering frame 25
00:07.487  render           | Start rendering: MORI_Assembly_Animation, 视图层
00:07.487  render           | Engine: EEVEE
00:07.526  render           | Fra: 25 | Rendering 1 / 32 samples
00:07.656  render           | Fra: 25 | Rendering 25 / 32 samples
00:07.693  render           | Fra: 25 | Rendering 32 / 32 samples
00:07.716  render           | Video append frame 25
00:07.716  render           | Time: 00:00.22 (Saving: 00:00.01)
00:07.716  render           | Rendering frame 26
00:07.716  render           | Start rendering: MORI_Assembly_Animation, 视图层
00:07.716  render           | Engine: EEVEE
00:07.755  render           | Fra: 26 | Rendering 1 / 32 samples
00:07.883  render           | Fra: 26 | Rendering 25 / 32 samples
00:07.920  render           | Fra: 26 | Rendering 32 / 32 samples
00:07.952  render           | Video append frame 26
00:07.952  render           | Time: 00:00.23 (Saving: 00:00.02)
00:07.952  render           | Rendering frame 27
00:07.952  render           | Start rendering: MORI_Assembly_Animation, 视图层
00:07.952  render           | Engine: EEVEE
00:07.987  render           | Fra: 27 | Rendering 1 / 32 samples
00:08.115  render           | Fra: 27 | Rendering 25 / 32 samples
00:08.151  render           | Fra: 27 | Rendering 32 / 32 samples
00:08.180  render           | Video append frame 27
00:08.180  render           | Time: 00:00.22 (Saving: 00:00.02)
00:08.180  render           | Rendering frame 28
00:08.180  render           | Start rendering: MORI_Assembly_Animation, 视图层
00:08.180  render           | Engine: EEVEE
00:08.216  render           | Fra: 28 | Rendering 1 / 32 samples
00:08.344  render           | Fra: 28 | Rendering 25 / 32 samples
00:08.381  render           | Fra: 28 | Rendering 32 / 32 samples
00:08.425  render           | Video append frame 28
00:08.425  render           | Time: 00:00.24 (Saving: 00:00.03)
00:08.425  render           | Rendering frame 29
00:08.426  render           | Start rendering: MORI_Assembly_Animation, 视图层
00:08.426  render           | Engine: EEVEE
00:08.462  render           | Fra: 29 | Rendering 1 / 32 samples
00:08.590  render           | Fra: 29 | Rendering 25 / 32 samples
00:08.627  render           | Fra: 29 | Rendering 32 / 32 samples
00:08.667  render           | Video append frame 29
00:08.667  render           | Time: 00:00.24 (Saving: 00:00.02)
00:08.667  render           | Rendering frame 30
00:08.667  render           | Start rendering: MORI_Assembly_Animation, 视图层
00:08.667  render           | Engine: EEVEE
00:08.703  render           | Fra: 30 | Rendering 1 / 32 samples
00:08.831  render           | Fra: 30 | Rendering 25 / 32 samples
00:08.869  render           | Fra: 30 | Rendering 32 / 32 samples
00:08.895  render           | Video append frame 30
00:08.895  render           | Time: 00:00.22 (Saving: 00:00.01)
00:08.895  render           | Rendering frame 31
00:08.895  render           | Start rendering: MORI_Assembly_Animation, 视图层
00:08.895  render           | Engine: EEVEE
00:08.932  render           | Fra: 31 | Rendering 1 / 32 samples
00:09.059  render           | Fra: 31 | Rendering 25 / 32 samples
00:09.097  render           | Fra: 31 | Rendering 32 / 32 samples
00:09.132  render           | Video append frame 31
00:09.132  render           | Time: 00:00.23 (Saving: 00:00.03)
00:09.132  render           | Rendering frame 32
00:09.132  render           | Start rendering: MORI_Assembly_Animation, 视图层
00:09.132  render           | Engine: EEVEE
00:09.168  render           | Fra: 32 | Rendering 1 / 32 samples
00:09.294  render           | Fra: 32 | Rendering 25 / 32 samples
00:09.330  render           | Fra: 32 | Rendering 32 / 32 samples
00:09.360  render           | Video append frame 32
00:09.360  render           | Time: 00:00.22 (Saving: 00:00.01)
00:09.360  render           | Rendering frame 33
00:09.360  render           | Start rendering: MORI_Assembly_Animation, 视图层
00:09.360  render           | Engine: EEVEE
00:09.397  render           | Fra: 33 | Rendering 1 / 32 samples
00:09.524  render           | Fra: 33 | Rendering 25 / 32 samples
00:09.561  render           | Fra: 33 | Rendering 32 / 32 samples
00:09.600  render           | Video append frame 33
00:09.600  render           | Time: 00:00.23 (Saving: 00:00.02)
00:09.600  render           | Rendering frame 34
00:09.600  render           | Start rendering: MORI_Assembly_Animation, 视图层
00:09.600  render           | Engine: EEVEE
00:09.637  render           | Fra: 34 | Rendering 1 / 32 samples
00:09.767  render           | Fra: 34 | Rendering 25 / 32 samples
00:09.804  render           | Fra: 34 | Rendering 32 / 32 samples
00:09.829  render           | Video append frame 34
00:09.829  render           | Time: 00:00.22 (Saving: 00:00.02)
00:09.829  render           | Rendering frame 35
00:09.829  render           | Start rendering: MORI_Assembly_Animation, 视图层
00:09.829  render           | Engine: EEVEE
00:09.866  render           | Fra: 35 | Rendering 1 / 32 samples
00:09.997  render           | Fra: 35 | Rendering 25 / 32 samples
00:10.034  render           | Fra: 35 | Rendering 32 / 32 samples
00:10.066  render           | Video append frame 35
00:10.066  render           | Time: 00:00.23 (Saving: 00:00.02)
00:10.066  render           | Rendering frame 36
00:10.067  render           | Start rendering: MORI_Assembly_Animation, 视图层
00:10.067  render           | Engine: EEVEE
00:10.100  render           | Fra: 36 | Rendering 1 / 32 samples
00:10.229  render           | Fra: 36 | Rendering 25 / 32 samples
00:10.265  render           | Fra: 36 | Rendering 32 / 32 samples
00:10.306  render           | Video append frame 36
00:10.306  render           | Time: 00:00.23 (Saving: 00:00.02)
00:10.306  render           | Rendering frame 37
00:10.306  render           | Start rendering: MORI_Assembly_Animation, 视图层
00:10.306  render           | Engine: EEVEE
00:10.345  render           | Fra: 37 | Rendering 1 / 32 samples
00:10.473  render           | Fra: 37 | Rendering 25 / 32 samples
00:10.510  render           | Fra: 37 | Rendering 32 / 32 samples
00:10.527  render           | Video append frame 37
00:10.527  render           | Time: 00:00.22 (Saving: 00:00.01)
00:10.527  render           | Rendering frame 38
00:10.527  render           | Start rendering: MORI_Assembly_Animation, 视图层
00:10.527  render           | Engine: EEVEE
00:10.565  render           | Fra: 38 | Rendering 1 / 32 samples
00:10.692  render           | Fra: 38 | Rendering 25 / 32 samples
00:10.730  render           | Fra: 38 | Rendering 32 / 32 samples
00:10.753  render           | Video append frame 38
00:10.753  render           | Time: 00:00.22 (Saving: 00:00.01)
00:10.753  render           | Rendering frame 39
00:10.753  render           | Start rendering: MORI_Assembly_Animation, 视图层
00:10.753  render           | Engine: EEVEE
00:10.791  render           | Fra: 39 | Rendering 1 / 32 samples
00:10.920  render           | Fra: 39 | Rendering 25 / 32 samples
00:10.957  render           | Fra: 39 | Rendering 32 / 32 samples
00:10.977  render           | Video append frame 39
00:10.977  render           | Time: 00:00.22 (Saving: 00:00.01)
00:10.977  render           | Rendering frame 40
00:10.978  render           | Start rendering: MORI_Assembly_Animation, 视图层
00:10.978  render           | Engine: EEVEE
00:11.015  render           | Fra: 40 | Rendering 1 / 32 samples
00:11.144  render           | Fra: 40 | Rendering 25 / 32 samples
00:11.182  render           | Fra: 40 | Rendering 32 / 32 samples
00:11.205  render           | Video append frame 40
00:11.205  render           | Time: 00:00.22 (Saving: 00:00.01)
00:11.205  render           | Rendering frame 41
00:11.205  render           | Start rendering: MORI_Assembly_Animation, 视图层
00:11.205  render           | Engine: EEVEE
00:11.244  render           | Fra: 41 | Rendering 1 / 32 samples
00:11.374  render           | Fra: 41 | Rendering 25 / 32 samples
00:11.411  render           | Fra: 41 | Rendering 32 / 32 samples
00:11.439  render           | Video append frame 41
00:11.439  render           | Time: 00:00.23 (Saving: 00:00.01)
00:11.439  render           | Rendering frame 42
00:11.439  render           | Start rendering: MORI_Assembly_Animation, 视图层
00:11.439  render           | Engine: EEVEE
00:11.478  render           | Fra: 42 | Rendering 1 / 32 samples
00:11.606  render           | Fra: 42 | Rendering 25 / 32 samples
00:11.644  render           | Fra: 42 | Rendering 32 / 32 samples
00:11.691  render           | Video append frame 42
00:11.691  render           | Time: 00:00.25 (Saving: 00:00.03)
00:11.691  render           | Rendering frame 43
00:11.691  render           | Start rendering: MORI_Assembly_Animation, 视图层
00:11.691  render           | Engine: EEVEE
00:11.731  render           | Fra: 43 | Rendering 1 / 32 samples
00:11.868  render           | Fra: 43 | Rendering 25 / 32 samples
00:11.907  render           | Fra: 43 | Rendering 32 / 32 samples
00:11.945  render           | Video append frame 43
00:11.945  render           | Time: 00:00.25 (Saving: 00:00.02)
00:11.945  render           | Rendering frame 44
00:11.945  render           | Start rendering: MORI_Assembly_Animation, 视图层
00:11.945  render           | Engine: EEVEE
00:11.985  render           | Fra: 44 | Rendering 1 / 32 samples
00:12.142  render           | Fra: 44 | Rendering 25 / 32 samples
00:12.187  render           | Fra: 44 | Rendering 32 / 32 samples
00:12.227  render           | Video append frame 44
00:12.227  render           | Time: 00:00.28 (Saving: 00:00.02)
00:12.227  render           | Rendering frame 45
00:12.227  render           | Start rendering: MORI_Assembly_Animation, 视图层
00:12.227  render           | Engine: EEVEE
00:12.267  render           | Fra: 45 | Rendering 1 / 32 samples
00:12.435  render           | Fra: 45 | Rendering 25 / 32 samples
00:12.479  render           | Fra: 45 | Rendering 32 / 32 samples
00:12.517  render           | Video append frame 45
00:12.517  render           | Time: 00:00.28 (Saving: 00:00.02)
00:12.517  render           | Rendering frame 46
00:12.517  render           | Start rendering: MORI_Assembly_Animation, 视图层
00:12.517  render           | Engine: EEVEE
00:12.551  render           | Fra: 46 | Rendering 1 / 32 samples
00:12.713  render           | Fra: 46 | Rendering 25 / 32 samples
00:12.756  render           | Fra: 46 | Rendering 32 / 32 samples
00:12.799  render           | Video append frame 46
00:12.799  render           | Time: 00:00.28 (Saving: 00:00.03)
00:12.799  render           | Rendering frame 47
00:12.799  render           | Start rendering: MORI_Assembly_Animation, 视图层
00:12.799  render           | Engine: EEVEE
00:12.838  render           | Fra: 47 | Rendering 1 / 32 samples
00:12.996  render           | Fra: 47 | Rendering 25 / 32 samples
00:13.037  render           | Fra: 47 | Rendering 32 / 32 samples
00:13.068  render           | Video append frame 47
00:13.068  render           | Time: 00:00.26 (Saving: 00:00.02)
00:13.068  render           | Rendering frame 48
00:13.068  render           | Start rendering: MORI_Assembly_Animation, 视图层
00:13.068  render           | Engine: EEVEE
00:13.109  render           | Fra: 48 | Rendering 1 / 32 samples
00:13.261  render           | Fra: 48 | Rendering 25 / 32 samples
00:13.302  render           | Fra: 48 | Rendering 32 / 32 samples
00:13.343  render           | Video append frame 48
00:13.343  render           | Time: 00:00.27 (Saving: 00:00.03)
00:13.343  render           | Rendering frame 49
00:13.343  render           | Start rendering: MORI_Assembly_Animation, 视图层
00:13.343  render           | Engine: EEVEE
00:13.415  render           | Fra: 49 | Rendering 1 / 32 samples
00:13.615  render           | Fra: 49 | Rendering 25 / 32 samples
00:13.671  render           | Fra: 49 | Rendering 32 / 32 samples
00:13.688  render           | Video append frame 49
00:13.688  render           | Time: 00:00.34 (Saving: 00:00.01)
00:13.688  render           | Rendering frame 50
00:13.688  render           | Start rendering: MORI_Assembly_Animation, 视图层
00:13.688  render           | Engine: EEVEE
00:13.737  render           | Fra: 50 | Rendering 1 / 32 samples
00:13.928  render           | Fra: 50 | Rendering 25 / 32 samples
00:13.981  render           | Fra: 50 | Rendering 32 / 32 samples
00:13.995  render           | Video append frame 50
00:13.995  render           | Time: 00:00.30 (Saving: 00:00.00)
00:13.995  render           | Rendering frame 51
00:13.995  render           | Start rendering: MORI_Assembly_Animation, 视图层
00:13.995  render           | Engine: EEVEE
00:14.032  render           | Fra: 51 | Rendering 1 / 32 samples
00:14.221  render           | Fra: 51 | Rendering 25 / 32 samples
00:14.276  render           | Fra: 51 | Rendering 32 / 32 samples
00:14.287  render           | Video append frame 51
00:14.287  render           | Time: 00:00.29 (Saving: 00:00.00)
00:14.287  render           | Rendering frame 52
00:14.287  render           | Start rendering: MORI_Assembly_Animation, 视图层
00:14.287  render           | Engine: EEVEE
00:14.326  render           | Fra: 52 | Rendering 1 / 32 samples
00:14.517  render           | Fra: 52 | Rendering 25 / 32 samples
00:14.572  render           | Fra: 52 | Rendering 32 / 32 samples
00:14.583  render           | Video append frame 52
00:14.583  render           | Time: 00:00.29 (Saving: 00:00.00)
00:14.583  render           | Rendering frame 53
00:14.583  render           | Start rendering: MORI_Assembly_Animation, 视图层
00:14.583  render           | Engine: EEVEE
00:14.621  render           | Fra: 53 | Rendering 1 / 32 samples
00:14.811  render           | Fra: 53 | Rendering 25 / 32 samples
00:14.865  render           | Fra: 53 | Rendering 32 / 32 samples
00:14.876  render           | Video append frame 53
00:14.876  render           | Time: 00:00.29 (Saving: 00:00.00)
00:14.876  render           | Rendering frame 54
00:14.877  render           | Start rendering: MORI_Assembly_Animation, 视图层
00:14.877  render           | Engine: EEVEE
00:14.919  render           | Fra: 54 | Rendering 1 / 32 samples
00:15.101  render           | Fra: 54 | Rendering 25 / 32 samples
00:15.150  render           | Fra: 54 | Rendering 32 / 32 samples
00:15.161  render           | Video append frame 54
00:15.161  render           | Time: 00:00.28 (Saving: 00:00.00)
00:15.161  render           | Rendering frame 55
00:15.161  render           | Start rendering: MORI_Assembly_Animation, 视图层
00:15.161  render           | Engine: EEVEE
00:15.202  render           | Fra: 55 | Rendering 1 / 32 samples
00:15.372  render           | Fra: 55 | Rendering 25 / 32 samples
00:15.422  render           | Fra: 55 | Rendering 32 / 32 samples
00:15.432  render           | Video append frame 55
00:15.432  render           | Time: 00:00.27 (Saving: 00:00.00)
00:15.432  render           | Rendering frame 56
00:15.432  render           | Start rendering: MORI_Assembly_Animation, 视图层
00:15.432  render           | Engine: EEVEE
00:15.475  render           | Fra: 56 | Rendering 1 / 32 samples
00:15.645  render           | Fra: 56 | Rendering 25 / 32 samples
00:15.693  render           | Fra: 56 | Rendering 32 / 32 samples
00:15.705  render           | Video append frame 56
00:15.705  render           | Time: 00:00.27 (Saving: 00:00.00)
00:15.705  render           | Rendering frame 57
00:15.705  render           | Start rendering: MORI_Assembly_Animation, 视图层
00:15.705  render           | Engine: EEVEE
00:15.746  render           | Fra: 57 | Rendering 1 / 32 samples
00:15.913  render           | Fra: 57 | Rendering 25 / 32 samples
00:15.962  render           | Fra: 57 | Rendering 32 / 32 samples
00:15.974  render           | Video append frame 57
00:15.974  render           | Time: 00:00.26 (Saving: 00:00.00)
00:15.974  render           | Rendering frame 58
00:15.974  render           | Start rendering: MORI_Assembly_Animation, 视图层
00:15.974  render           | Engine: EEVEE
00:16.015  render           | Fra: 58 | Rendering 1 / 32 samples
00:16.186  render           | Fra: 58 | Rendering 25 / 32 samples
00:16.234  render           | Fra: 58 | Rendering 32 / 32 samples
00:16.247  render           | Video append frame 58
00:16.247  render           | Time: 00:00.27 (Saving: 00:00.00)
00:16.247  render           | Rendering frame 59
00:16.248  render           | Start rendering: MORI_Assembly_Animation, 视图层
00:16.248  render           | Engine: EEVEE
00:16.296  render           | Fra: 59 | Rendering 1 / 32 samples
00:16.465  render           | Fra: 59 | Rendering 25 / 32 samples
00:16.514  render           | Fra: 59 | Rendering 32 / 32 samples
00:16.536  render           | Video append frame 59
00:16.536  render           | Time: 00:00.28 (Saving: 00:00.01)
00:16.536  render           | Rendering frame 60
00:16.536  render           | Start rendering: MORI_Assembly_Animation, 视图层
00:16.536  render           | Engine: EEVEE
00:16.575  render           | Fra: 60 | Rendering 1 / 32 samples
00:16.742  render           | Fra: 60 | Rendering 25 / 32 samples
00:16.791  render           | Fra: 60 | Rendering 32 / 32 samples
00:16.841  render           | Video append frame 60
00:16.841  render           | Time: 00:00.30 (Saving: 00:00.03)
00:16.841  render           | Rendering frame 61
00:16.841  render           | Start rendering: MORI_Assembly_Animation, 视图层
00:16.841  render           | Engine: EEVEE
00:16.879  render           | Fra: 61 | Rendering 1 / 32 samples
00:17.056  render           | Fra: 61 | Rendering 25 / 32 samples
00:17.105  render           | Fra: 61 | Rendering 32 / 32 samples
00:17.145  render           | Video append frame 61
00:17.145  render           | Time: 00:00.30 (Saving: 00:00.02)
00:17.145  render           | Rendering frame 62
00:17.145  render           | Start rendering: MORI_Assembly_Animation, 视图层
00:17.145  render           | Engine: EEVEE
00:17.185  render           | Fra: 62 | Rendering 1 / 32 samples
00:17.355  render           | Fra: 62 | Rendering 25 / 32 samples
00:17.402  render           | Fra: 62 | Rendering 32 / 32 samples
00:17.423  render           | Video append frame 62
00:17.423  render           | Time: 00:00.27 (Saving: 00:00.01)
00:17.423  render           | Rendering frame 63
00:17.423  render           | Start rendering: MORI_Assembly_Animation, 视图层
00:17.423  render           | Engine: EEVEE
00:17.462  render           | Fra: 63 | Rendering 1 / 32 samples
00:17.628  render           | Fra: 63 | Rendering 25 / 32 samples
00:17.675  render           | Fra: 63 | Rendering 32 / 32 samples
00:17.694  render           | Video append frame 63
00:17.694  render           | Time: 00:00.27 (Saving: 00:00.01)
00:17.694  render           | Rendering frame 64
00:17.694  render           | Start rendering: MORI_Assembly_Animation, 视图层
00:17.694  render           | Engine: EEVEE
00:17.733  render           | Fra: 64 | Rendering 1 / 32 samples
00:17.902  render           | Fra: 64 | Rendering 25 / 32 samples
00:17.949  render           | Fra: 64 | Rendering 32 / 32 samples
00:17.979  render           | Video append frame 64
00:17.979  render           | Time: 00:00.28 (Saving: 00:00.01)
00:17.979  render           | Rendering frame 65
00:17.979  render           | Start rendering: MORI_Assembly_Animation, 视图层
00:17.979  render           | Engine: EEVEE
00:18.019  render           | Fra: 65 | Rendering 1 / 32 samples
00:18.196  render           | Fra: 65 | Rendering 25 / 32 samples
00:18.246  render           | Fra: 65 | Rendering 32 / 32 samples
00:18.285  render           | Video append frame 65
00:18.285  render           | Time: 00:00.30 (Saving: 00:00.02)
00:18.285  render           | Rendering frame 66
00:18.285  render           | Start rendering: MORI_Assembly_Animation, 视图层
00:18.285  render           | Engine: EEVEE
00:18.324  render           | Fra: 66 | Rendering 1 / 32 samples
00:18.496  render           | Fra: 66 | Rendering 25 / 32 samples
00:18.544  render           | Fra: 66 | Rendering 32 / 32 samples
00:18.574  render           | Video append frame 66
00:18.574  render           | Time: 00:00.28 (Saving: 00:00.01)
00:18.574  render           | Rendering frame 67
00:18.574  render           | Start rendering: MORI_Assembly_Animation, 视图层
00:18.574  render           | Engine: EEVEE
00:18.614  render           | Fra: 67 | Rendering 1 / 32 samples
00:18.781  render           | Fra: 67 | Rendering 25 / 32 samples
00:18.830  render           | Fra: 67 | Rendering 32 / 32 samples
00:18.868  render           | Video append frame 67
00:18.868  render           | Time: 00:00.29 (Saving: 00:00.02)
00:18.868  render           | Rendering frame 68
00:18.868  render           | Start rendering: MORI_Assembly_Animation, 视图层
00:18.868  render           | Engine: EEVEE
00:18.902  render           | Fra: 68 | Rendering 1 / 32 samples
00:19.068  render           | Fra: 68 | Rendering 25 / 32 samples
00:19.117  render           | Fra: 68 | Rendering 32 / 32 samples
00:19.152  render           | Video append frame 68
00:19.152  render           | Time: 00:00.28 (Saving: 00:00.02)
00:19.152  render           | Rendering frame 69
00:19.152  render           | Start rendering: MORI_Assembly_Animation, 视图层
00:19.152  render           | Engine: EEVEE
00:19.188  render           | Fra: 69 | Rendering 1 / 32 samples
00:19.363  render           | Fra: 69 | Rendering 25 / 32 samples
00:19.412  render           | Fra: 69 | Rendering 32 / 32 samples
00:19.439  render           | Video append frame 69
00:19.439  render           | Time: 00:00.28 (Saving: 00:00.01)
00:19.439  render           | Rendering frame 70
00:19.439  render           | Start rendering: MORI_Assembly_Animation, 视图层
00:19.439  render           | Engine: EEVEE
00:19.482  render           | Fra: 70 | Rendering 1 / 32 samples
00:19.649  render           | Fra: 70 | Rendering 25 / 32 samples
00:19.697  render           | Fra: 70 | Rendering 32 / 32 samples
00:19.744  render           | Video append frame 70
00:19.744  render           | Time: 00:00.30 (Saving: 00:00.03)
00:19.744  render           | Rendering frame 71
00:19.744  render           | Start rendering: MORI_Assembly_Animation, 视图层
00:19.744  render           | Engine: EEVEE
00:19.781  render           | Fra: 71 | Rendering 1 / 32 samples
00:19.947  render           | Fra: 71 | Rendering 25 / 32 samples
00:19.995  render           | Fra: 71 | Rendering 32 / 32 samples
00:20.011  render           | Video append frame 71
00:20.011  render           | Time: 00:00.26 (Saving: 00:00.00)
00:20.011  render           | Rendering frame 72
00:20.011  render           | Start rendering: MORI_Assembly_Animation, 视图层
00:20.011  render           | Engine: EEVEE
00:20.050  render           | Fra: 72 | Rendering 1 / 32 samples
00:20.214  render           | Fra: 72 | Rendering 25 / 32 samples
00:20.262  render           | Fra: 72 | Rendering 32 / 32 samples
00:20.304  render           | Video append frame 72
00:20.304  render           | Time: 00:00.29 (Saving: 00:00.02)
00:20.304  render           | Rendering frame 73
00:20.304  render           | Start rendering: MORI_Assembly_Animation, 视图层
00:20.304  render           | Engine: EEVEE
00:20.345  render           | Fra: 73 | Rendering 1 / 32 samples
00:20.517  render           | Fra: 73 | Rendering 25 / 32 samples
00:20.566  render           | Fra: 73 | Rendering 32 / 32 samples
00:20.599  render           | Video append frame 73
00:20.599  render           | Time: 00:00.29 (Saving: 00:00.02)
00:20.599  render           | Rendering frame 74
00:20.599  render           | Start rendering: MORI_Assembly_Animation, 视图层
00:20.599  render           | Engine: EEVEE
00:20.637  render           | Fra: 74 | Rendering 1 / 32 samples
00:20.806  render           | Fra: 74 | Rendering 25 / 32 samples
00:20.854  render           | Fra: 74 | Rendering 32 / 32 samples
00:20.893  render           | Video append frame 74
00:20.893  render           | Time: 00:00.29 (Saving: 00:00.02)
00:20.893  render           | Rendering frame 75
00:20.893  render           | Start rendering: MORI_Assembly_Animation, 视图层
00:20.893  render           | Engine: EEVEE
00:20.926  render           | Fra: 75 | Rendering 1 / 32 samples
00:21.096  render           | Fra: 75 | Rendering 25 / 32 samples
00:21.145  render           | Fra: 75 | Rendering 32 / 32 samples
00:21.190  render           | Video append frame 75
00:21.190  render           | Time: 00:00.29 (Saving: 00:00.03)
00:21.190  render           | Rendering frame 76
00:21.190  render           | Start rendering: MORI_Assembly_Animation, 视图层
00:21.190  render           | Engine: EEVEE
00:21.227  render           | Fra: 76 | Rendering 1 / 32 samples
00:21.407  render           | Fra: 76 | Rendering 25 / 32 samples
00:21.459  render           | Fra: 76 | Rendering 32 / 32 samples
00:21.489  render           | Video append frame 76
00:21.489  render           | Time: 00:00.29 (Saving: 00:00.01)
00:21.489  render           | Rendering frame 77
00:21.490  render           | Start rendering: MORI_Assembly_Animation, 视图层
00:21.490  render           | Engine: EEVEE
00:21.528  render           | Fra: 77 | Rendering 1 / 32 samples
00:21.699  render           | Fra: 77 | Rendering 25 / 32 samples
00:21.747  render           | Fra: 77 | Rendering 32 / 32 samples
00:21.787  render           | Video append frame 77
00:21.788  render           | Time: 00:00.29 (Saving: 00:00.02)
00:21.788  render           | Rendering frame 78
00:21.788  render           | Start rendering: MORI_Assembly_Animation, 视图层
00:21.788  render           | Engine: EEVEE
00:21.828  render           | Fra: 78 | Rendering 1 / 32 samples
00:21.998  render           | Fra: 78 | Rendering 25 / 32 samples
00:22.046  render           | Fra: 78 | Rendering 32 / 32 samples
00:22.067  render           | Video append frame 78
00:22.067  render           | Time: 00:00.27 (Saving: 00:00.01)
00:22.067  render           | Rendering frame 79
00:22.067  render           | Start rendering: MORI_Assembly_Animation, 视图层
00:22.067  render           | Engine: EEVEE
00:22.106  render           | Fra: 79 | Rendering 1 / 32 samples
00:22.275  render           | Fra: 79 | Rendering 25 / 32 samples
00:22.325  render           | Fra: 79 | Rendering 32 / 32 samples
00:22.349  render           | Video append frame 79
00:22.349  render           | Time: 00:00.28 (Saving: 00:00.01)
00:22.349  render           | Rendering frame 80
00:22.349  render           | Start rendering: MORI_Assembly_Animation, 视图层
00:22.349  render           | Engine: EEVEE
00:22.389  render           | Fra: 80 | Rendering 1 / 32 samples
00:22.558  render           | Fra: 80 | Rendering 25 / 32 samples
00:22.608  render           | Fra: 80 | Rendering 32 / 32 samples
00:22.653  render           | Video append frame 80
00:22.653  render           | Time: 00:00.30 (Saving: 00:00.03)
00:22.653  render           | Rendering frame 81
00:22.653  render           | Start rendering: MORI_Assembly_Animation, 视图层
00:22.653  render           | Engine: EEVEE
00:22.690  render           | Fra: 81 | Rendering 1 / 32 samples
00:22.871  render           | Fra: 81 | Rendering 25 / 32 samples
00:22.923  render           | Fra: 81 | Rendering 32 / 32 samples
00:22.941  render           | Video append frame 81
00:22.941  render           | Time: 00:00.28 (Saving: 00:00.01)
00:22.941  render           | Rendering frame 82
00:22.941  render           | Start rendering: MORI_Assembly_Animation, 视图层
00:22.941  render           | Engine: EEVEE
00:22.986  render           | Fra: 82 | Rendering 1 / 32 samples
00:23.162  render           | Fra: 82 | Rendering 25 / 32 samples
00:23.211  render           | Fra: 82 | Rendering 32 / 32 samples
00:23.229  render           | Video append frame 82
00:23.229  render           | Time: 00:00.28 (Saving: 00:00.01)
00:23.229  render           | Rendering frame 83
00:23.229  render           | Start rendering: MORI_Assembly_Animation, 视图层
00:23.229  render           | Engine: EEVEE
00:23.280  render           | Fra: 83 | Rendering 1 / 32 samples
00:23.455  render           | Fra: 83 | Rendering 25 / 32 samples
00:23.504  render           | Fra: 83 | Rendering 32 / 32 samples
00:23.519  render           | Video append frame 83
00:23.519  render           | Time: 00:00.28 (Saving: 00:00.00)
00:23.519  render           | Rendering frame 84
00:23.519  render           | Start rendering: MORI_Assembly_Animation, 视图层
00:23.519  render           | Engine: EEVEE
00:23.563  render           | Fra: 84 | Rendering 1 / 32 samples
00:23.735  render           | Fra: 84 | Rendering 25 / 32 samples
00:23.786  render           | Fra: 84 | Rendering 32 / 32 samples
00:23.796  render           | Video append frame 84
00:23.796  render           | Time: 00:00.27 (Saving: 00:00.00)
00:23.796  render           | Rendering frame 85
00:23.797  render           | Start rendering: MORI_Assembly_Animation, 视图层
00:23.797  render           | Engine: EEVEE
00:23.836  render           | Fra: 85 | Rendering 1 / 32 samples
00:24.006  render           | Fra: 85 | Rendering 25 / 32 samples
00:24.057  render           | Fra: 85 | Rendering 32 / 32 samples
00:24.069  render           | Video append frame 85
00:24.069  render           | Time: 00:00.27 (Saving: 00:00.00)
00:24.069  render           | Rendering frame 86
00:24.069  render           | Start rendering: MORI_Assembly_Animation, 视图层
00:24.069  render           | Engine: EEVEE
00:24.108  render           | Fra: 86 | Rendering 1 / 32 samples
00:24.279  render           | Fra: 86 | Rendering 25 / 32 samples
00:24.329  render           | Fra: 86 | Rendering 32 / 32 samples
00:24.341  render           | Video append frame 86
00:24.341  render           | Time: 00:00.27 (Saving: 00:00.00)
00:24.341  render           | Rendering frame 87
00:24.341  render           | Start rendering: MORI_Assembly_Animation, 视图层
00:24.341  render           | Engine: EEVEE
00:24.383  render           | Fra: 87 | Rendering 1 / 32 samples
00:24.555  render           | Fra: 87 | Rendering 25 / 32 samples
00:24.604  render           | Fra: 87 | Rendering 32 / 32 samples
00:24.618  render           | Video append frame 87
00:24.618  render           | Time: 00:00.27 (Saving: 00:00.01)
00:24.618  render           | Rendering frame 88
00:24.618  render           | Start rendering: MORI_Assembly_Animation, 视图层
00:24.618  render           | Engine: EEVEE
00:24.662  render           | Fra: 88 | Rendering 1 / 32 samples
00:24.833  render           | Fra: 88 | Rendering 25 / 32 samples
00:24.883  render           | Fra: 88 | Rendering 32 / 32 samples
00:24.903  render           | Video append frame 88
00:24.903  render           | Time: 00:00.28 (Saving: 00:00.01)
00:24.903  render           | Rendering frame 89
00:24.903  render           | Start rendering: MORI_Assembly_Animation, 视图层
00:24.903  render           | Engine: EEVEE
00:24.941  render           | Fra: 89 | Rendering 1 / 32 samples
00:25.114  render           | Fra: 89 | Rendering 25 / 32 samples
00:25.162  render           | Fra: 89 | Rendering 32 / 32 samples
00:25.173  render           | Video append frame 89
00:25.173  render           | Time: 00:00.26 (Saving: 00:00.00)
00:25.173  render           | Rendering frame 90
00:25.173  render           | Start rendering: MORI_Assembly_Animation, 视图层
00:25.173  render           | Engine: EEVEE
00:25.217  render           | Fra: 90 | Rendering 1 / 32 samples
00:25.390  render           | Fra: 90 | Rendering 25 / 32 samples
00:25.440  render           | Fra: 90 | Rendering 32 / 32 samples
00:25.452  render           | Video append frame 90
00:25.452  render           | Time: 00:00.27 (Saving: 00:00.00)
00:25.452  render           | Rendering frame 91
00:25.452  render           | Start rendering: MORI_Assembly_Animation, 视图层
00:25.452  render           | Engine: EEVEE
00:25.494  render           | Fra: 91 | Rendering 1 / 32 samples
00:25.668  render           | Fra: 91 | Rendering 25 / 32 samples
00:25.718  render           | Fra: 91 | Rendering 32 / 32 samples
00:25.730  render           | Video append frame 91
00:25.730  render           | Time: 00:00.27 (Saving: 00:00.00)
00:25.730  render           | Rendering frame 92
00:25.730  render           | Start rendering: MORI_Assembly_Animation, 视图层
00:25.730  render           | Engine: EEVEE
00:25.772  render           | Fra: 92 | Rendering 1 / 32 samples
00:25.948  render           | Fra: 92 | Rendering 25 / 32 samples
00:25.998  render           | Fra: 92 | Rendering 32 / 32 samples
00:26.009  render           | Video append frame 92
00:26.009  render           | Time: 00:00.27 (Saving: 00:00.00)
00:26.009  render           | Rendering frame 93
00:26.009  render           | Start rendering: MORI_Assembly_Animation, 视图层
00:26.009  render           | Engine: EEVEE
00:26.055  render           | Fra: 93 | Rendering 1 / 32 samples
00:26.229  render           | Fra: 93 | Rendering 25 / 32 samples
00:26.277  render           | Fra: 93 | Rendering 32 / 32 samples
00:26.295  render           | Video append frame 93
00:26.295  render           | Time: 00:00.28 (Saving: 00:00.01)
00:26.295  render           | Rendering frame 94
00:26.295  render           | Start rendering: MORI_Assembly_Animation, 视图层
00:26.295  render           | Engine: EEVEE
00:26.340  render           | Fra: 94 | Rendering 1 / 32 samples
00:26.513  render           | Fra: 94 | Rendering 25 / 32 samples
00:26.564  render           | Fra: 94 | Rendering 32 / 32 samples
00:26.576  render           | Video append frame 94
00:26.577  render           | Time: 00:00.28 (Saving: 00:00.01)
00:26.577  render           | Rendering frame 95
00:26.577  render           | Start rendering: MORI_Assembly_Animation, 视图层
00:26.578  render           | Engine: EEVEE
00:26.627  render           | Fra: 95 | Rendering 1 / 32 samples
00:26.800  render           | Fra: 95 | Rendering 25 / 32 samples
00:26.850  render           | Fra: 95 | Rendering 32 / 32 samples
00:26.864  render           | Video append frame 95
00:26.864  render           | Time: 00:00.28 (Saving: 00:00.00)
00:26.864  render           | Rendering frame 96
00:26.864  render           | Start rendering: MORI_Assembly_Animation, 视图层
00:26.864  render           | Engine: EEVEE
00:26.907  render           | Fra: 96 | Rendering 1 / 32 samples
00:27.080  render           | Fra: 96 | Rendering 25 / 32 samples
00:27.130  render           | Fra: 96 | Rendering 32 / 32 samples
00:27.140  render           | Video append frame 96
00:27.140  render           | Time: 00:00.27 (Saving: 00:00.00)
00:27.140  render           | Rendering frame 97
00:27.140  render           | Start rendering: MORI_Assembly_Animation, 视图层
00:27.140  render           | Engine: EEVEE
00:27.176  render           | Fra: 97 | Rendering 1 / 32 samples
00:27.344  render           | Fra: 97 | Rendering 25 / 32 samples
00:27.393  render           | Fra: 97 | Rendering 32 / 32 samples
00:27.402  render           | Video append frame 97
00:27.402  render           | Time: 00:00.26 (Saving: 00:00.00)
00:27.402  render           | Rendering frame 98
00:27.402  render           | Start rendering: MORI_Assembly_Animation, 视图层
00:27.402  render           | Engine: EEVEE
00:27.441  render           | Fra: 98 | Rendering 1 / 32 samples
00:27.610  render           | Fra: 98 | Rendering 25 / 32 samples
00:27.656  render           | Fra: 98 | Rendering 32 / 32 samples
00:27.665  render           | Video append frame 98
00:27.665  render           | Time: 00:00.26 (Saving: 00:00.00)
00:27.665  render           | Rendering frame 99
00:27.666  render           | Start rendering: MORI_Assembly_Animation, 视图层
00:27.666  render           | Engine: EEVEE
00:27.699  render           | Fra: 99 | Rendering 1 / 32 samples
00:27.859  render           | Fra: 99 | Rendering 25 / 32 samples
00:27.906  render           | Fra: 99 | Rendering 32 / 32 samples
00:27.915  render           | Video append frame 99
00:27.915  render           | Time: 00:00.24 (Saving: 00:00.00)
00:27.915  render           | Rendering frame 100
00:27.915  render           | Start rendering: MORI_Assembly_Animation, 视图层
00:27.915  render           | Engine: EEVEE
00:27.946  render           | Fra: 100 | Rendering 1 / 32 samples
00:28.106  render           | Fra: 100 | Rendering 25 / 32 samples
00:28.153  render           | Fra: 100 | Rendering 32 / 32 samples
00:28.162  render           | Video append frame 100
00:28.162  render           | Time: 00:00.24 (Saving: 00:00.00)
00:28.162  render           | Rendering frame 101
00:28.162  render           | Start rendering: MORI_Assembly_Animation, 视图层
00:28.162  render           | Engine: EEVEE
00:28.194  render           | Fra: 101 | Rendering 1 / 32 samples
00:28.355  render           | Fra: 101 | Rendering 25 / 32 samples
00:28.403  render           | Fra: 101 | Rendering 32 / 32 samples
00:28.411  render           | Video append frame 101
00:28.411  render           | Time: 00:00.24 (Saving: 00:00.00)
00:28.411  render           | Rendering frame 102
00:28.411  render           | Start rendering: MORI_Assembly_Animation, 视图层
00:28.411  render           | Engine: EEVEE
00:28.444  render           | Fra: 102 | Rendering 1 / 32 samples
00:28.606  render           | Fra: 102 | Rendering 25 / 32 samples
00:28.653  render           | Fra: 102 | Rendering 32 / 32 samples
00:28.681  render           | Video append frame 102
00:28.681  render           | Time: 00:00.26 (Saving: 00:00.02)
00:28.681  render           | Rendering frame 103
00:28.681  render           | Start rendering: MORI_Assembly_Animation, 视图层
00:28.681  render           | Engine: EEVEE
00:28.712  render           | Fra: 103 | Rendering 1 / 32 samples
00:28.879  render           | Fra: 103 | Rendering 25 / 32 samples
00:28.928  render           | Fra: 103 | Rendering 32 / 32 samples
00:28.963  render           | Video append frame 103
00:28.963  render           | Time: 00:00.28 (Saving: 00:00.03)
00:28.963  render           | Rendering frame 104
00:28.963  render           | Start rendering: MORI_Assembly_Animation, 视图层
00:28.963  render           | Engine: EEVEE
00:28.996  render           | Fra: 104 | Rendering 1 / 32 samples
00:29.172  render           | Fra: 104 | Rendering 25 / 32 samples
00:29.223  render           | Fra: 104 | Rendering 32 / 32 samples
00:29.243  render           | Video append frame 104
00:29.243  render           | Time: 00:00.27 (Saving: 00:00.00)
00:29.243  render           | Rendering frame 105
00:29.243  render           | Start rendering: MORI_Assembly_Animation, 视图层
00:29.243  render           | Engine: EEVEE
00:29.280  render           | Fra: 105 | Rendering 1 / 32 samples
00:29.447  render           | Fra: 105 | Rendering 25 / 32 samples
00:29.495  render           | Fra: 105 | Rendering 32 / 32 samples
00:29.519  render           | Video append frame 105
00:29.519  render           | Time: 00:00.27 (Saving: 00:00.01)
00:29.519  render           | Rendering frame 106
00:29.519  render           | Start rendering: MORI_Assembly_Animation, 视图层
00:29.519  render           | Engine: EEVEE
00:29.554  render           | Fra: 106 | Rendering 1 / 32 samples
00:29.720  render           | Fra: 106 | Rendering 25 / 32 samples
00:29.767  render           | Fra: 106 | Rendering 32 / 32 samples
00:29.787  render           | Video append frame 106
00:29.787  render           | Time: 00:00.26 (Saving: 00:00.01)
00:29.787  render           | Rendering frame 107
00:29.788  render           | Start rendering: MORI_Assembly_Animation, 视图层
00:29.788  render           | Engine: EEVEE
00:29.821  render           | Fra: 107 | Rendering 1 / 32 samples
00:29.988  render           | Fra: 107 | Rendering 25 / 32 samples
00:30.036  render           | Fra: 107 | Rendering 32 / 32 samples
00:30.067  render           | Video append frame 107
00:30.067  render           | Time: 00:00.27 (Saving: 00:00.02)
00:30.067  render           | Rendering frame 108
00:30.067  render           | Start rendering: MORI_Assembly_Animation, 视图层
00:30.067  render           | Engine: EEVEE
00:30.102  render           | Fra: 108 | Rendering 1 / 32 samples
00:30.269  render           | Fra: 108 | Rendering 25 / 32 samples
00:30.319  render           | Fra: 108 | Rendering 32 / 32 samples
00:30.328  render           | Video append frame 108
00:30.328  render           | Time: 00:00.26 (Saving: 00:00.00)
00:30.328  render           | Rendering frame 109
00:30.328  render           | Start rendering: MORI_Assembly_Animation, 视图层
00:30.328  render           | Engine: EEVEE
00:30.366  render           | Fra: 109 | Rendering 1 / 32 samples
00:30.534  render           | Fra: 109 | Rendering 25 / 32 samples
00:30.583  render           | Fra: 109 | Rendering 32 / 32 samples
00:30.591  render           | Video append frame 109
00:30.591  render           | Time: 00:00.26 (Saving: 00:00.00)
00:30.591  render           | Rendering frame 110
00:30.591  render           | Start rendering: MORI_Assembly_Animation, 视图层
00:30.591  render           | Engine: EEVEE
00:30.631  render           | Fra: 110 | Rendering 1 / 32 samples
00:30.802  render           | Fra: 110 | Rendering 25 / 32 samples
00:30.853  render           | Fra: 110 | Rendering 32 / 32 samples
00:30.862  render           | Video append frame 110
00:30.862  render           | Time: 00:00.27 (Saving: 00:00.00)
00:30.862  render           | Rendering frame 111
00:30.862  render           | Start rendering: MORI_Assembly_Animation, 视图层
00:30.862  render           | Engine: EEVEE
00:30.899  render           | Fra: 111 | Rendering 1 / 32 samples
00:31.068  render           | Fra: 111 | Rendering 25 / 32 samples
00:31.118  render           | Fra: 111 | Rendering 32 / 32 samples
00:31.127  render           | Video append frame 111
00:31.127  render           | Time: 00:00.26 (Saving: 00:00.00)
00:31.127  render           | Rendering frame 112
00:31.127  render           | Start rendering: MORI_Assembly_Animation, 视图层
00:31.127  render           | Engine: EEVEE
00:31.163  render           | Fra: 112 | Rendering 1 / 32 samples
00:31.334  render           | Fra: 112 | Rendering 25 / 32 samples
00:31.383  render           | Fra: 112 | Rendering 32 / 32 samples
00:31.392  render           | Video append frame 112
00:31.392  render           | Time: 00:00.26 (Saving: 00:00.00)
00:31.392  render           | Rendering frame 113
00:31.392  render           | Start rendering: MORI_Assembly_Animation, 视图层
00:31.392  render           | Engine: EEVEE
00:31.429  render           | Fra: 113 | Rendering 1 / 32 samples
00:31.595  render           | Fra: 113 | Rendering 25 / 32 samples
00:31.641  render           | Fra: 113 | Rendering 32 / 32 samples
00:31.649  render           | Video append frame 113
00:31.649  render           | Time: 00:00.25 (Saving: 00:00.00)
00:31.649  render           | Rendering frame 114
00:31.650  render           | Start rendering: MORI_Assembly_Animation, 视图层
00:31.650  render           | Engine: EEVEE
00:31.687  render           | Fra: 114 | Rendering 1 / 32 samples
00:31.848  render           | Fra: 114 | Rendering 25 / 32 samples
00:31.895  render           | Fra: 114 | Rendering 32 / 32 samples
00:31.904  render           | Video append frame 114
00:31.904  render           | Time: 00:00.25 (Saving: 00:00.00)
00:31.904  render           | Rendering frame 115
00:31.904  render           | Start rendering: MORI_Assembly_Animation, 视图层
00:31.904  render           | Engine: EEVEE
00:31.944  render           | Fra: 115 | Rendering 1 / 32 samples
00:32.104  render           | Fra: 115 | Rendering 25 / 32 samples
00:32.152  render           | Fra: 115 | Rendering 32 / 32 samples
00:32.160  render           | Video append frame 115
00:32.160  render           | Time: 00:00.25 (Saving: 00:00.00)
00:32.160  render           | Rendering frame 116
00:32.160  render           | Start rendering: MORI_Assembly_Animation, 视图层
00:32.160  render           | Engine: EEVEE
00:32.195  render           | Fra: 116 | Rendering 1 / 32 samples
00:32.355  render           | Fra: 116 | Rendering 25 / 32 samples
00:32.402  render           | Fra: 116 | Rendering 32 / 32 samples
00:32.411  render           | Video append frame 116
00:32.411  render           | Time: 00:00.25 (Saving: 00:00.00)
00:32.411  render           | Rendering frame 117
00:32.411  render           | Start rendering: MORI_Assembly_Animation, 视图层
00:32.411  render           | Engine: EEVEE
00:32.444  render           | Fra: 117 | Rendering 1 / 32 samples
00:32.614  render           | Fra: 117 | Rendering 25 / 32 samples
00:32.664  render           | Fra: 117 | Rendering 32 / 32 samples
00:32.674  render           | Video append frame 117
00:32.674  render           | Time: 00:00.26 (Saving: 00:00.00)
00:32.674  render           | Rendering frame 118
00:32.674  render           | Start rendering: MORI_Assembly_Animation, 视图层
00:32.674  render           | Engine: EEVEE
00:32.711  render           | Fra: 118 | Rendering 1 / 32 samples
00:32.882  render           | Fra: 118 | Rendering 25 / 32 samples
00:32.932  render           | Fra: 118 | Rendering 32 / 32 samples
00:32.941  render           | Video append frame 118
00:32.941  render           | Time: 00:00.26 (Saving: 00:00.00)
00:32.941  render           | Rendering frame 119
00:32.941  render           | Start rendering: MORI_Assembly_Animation, 视图层
00:32.941  render           | Engine: EEVEE
00:32.975  render           | Fra: 119 | Rendering 1 / 32 samples
00:33.142  render           | Fra: 119 | Rendering 25 / 32 samples
00:33.191  render           | Fra: 119 | Rendering 32 / 32 samples
00:33.199  render           | Video append frame 119
00:33.199  render           | Time: 00:00.25 (Saving: 00:00.00)
00:33.200  render           | Rendering frame 120
00:33.200  render           | Start rendering: MORI_Assembly_Animation, 视图层
00:33.200  render           | Engine: EEVEE
00:33.233  render           | Fra: 120 | Rendering 1 / 32 samples
00:33.399  render           | Fra: 120 | Rendering 25 / 32 samples
00:33.448  render           | Fra: 120 | Rendering 32 / 32 samples
00:33.457  render           | Video append frame 120
00:33.457  render           | Time: 00:00.25 (Saving: 00:00.00)
00:33.457  render           | Rendering frame 121
00:33.457  render           | Start rendering: MORI_Assembly_Animation, 视图层
00:33.457  render           | Engine: EEVEE
00:33.490  render           | Fra: 121 | Rendering 1 / 32 samples
00:33.656  render           | Fra: 121 | Rendering 25 / 32 samples
00:33.704  render           | Fra: 121 | Rendering 32 / 32 samples
00:33.723  render           | Video append frame 121
00:33.723  render           | Time: 00:00.26 (Saving: 00:00.01)
00:33.723  render           | Rendering frame 122
00:33.723  render           | Start rendering: MORI_Assembly_Animation, 视图层
00:33.723  render           | Engine: EEVEE
00:33.759  render           | Fra: 122 | Rendering 1 / 32 samples
00:33.923  render           | Fra: 122 | Rendering 25 / 32 samples
00:33.972  render           | Fra: 122 | Rendering 32 / 32 samples
00:34.005  render           | Video append frame 122
00:34.005  render           | Time: 00:00.28 (Saving: 00:00.02)
00:34.005  render           | Rendering frame 123
00:34.005  render           | Start rendering: MORI_Assembly_Animation, 视图层
00:34.005  render           | Engine: EEVEE
00:34.040  render           | Fra: 123 | Rendering 1 / 32 samples
00:34.206  render           | Fra: 123 | Rendering 25 / 32 samples
00:34.255  render           | Fra: 123 | Rendering 32 / 32 samples
00:34.279  render           | Video append frame 123
00:34.279  render           | Time: 00:00.27 (Saving: 00:00.02)
00:34.280  render           | Rendering frame 124
00:34.280  render           | Start rendering: MORI_Assembly_Animation, 视图层
00:34.280  render           | Engine: EEVEE
00:34.316  render           | Fra: 124 | Rendering 1 / 32 samples
00:34.480  render           | Fra: 124 | Rendering 25 / 32 samples
00:34.530  render           | Fra: 124 | Rendering 32 / 32 samples
00:34.547  render           | Video append frame 124
00:34.547  render           | Time: 00:00.26 (Saving: 00:00.01)
00:34.547  render           | Rendering frame 125
00:34.548  render           | Start rendering: MORI_Assembly_Animation, 视图层
00:34.548  render           | Engine: EEVEE
00:34.583  render           | Fra: 125 | Rendering 1 / 32 samples
00:34.749  render           | Fra: 125 | Rendering 25 / 32 samples
00:34.798  render           | Fra: 125 | Rendering 32 / 32 samples
00:34.827  render           | Video append frame 125
00:34.827  render           | Time: 00:00.27 (Saving: 00:00.02)
00:34.827  render           | Rendering frame 126
00:34.828  render           | Start rendering: MORI_Assembly_Animation, 视图层
00:34.828  render           | Engine: EEVEE
00:34.863  render           | Fra: 126 | Rendering 1 / 32 samples
00:35.030  render           | Fra: 126 | Rendering 25 / 32 samples
00:35.079  render           | Fra: 126 | Rendering 32 / 32 samples
00:35.088  render           | Video append frame 126
00:35.088  render           | Time: 00:00.26 (Saving: 00:00.00)
00:35.088  render           | Rendering frame 127
00:35.088  render           | Start rendering: MORI_Assembly_Animation, 视图层
00:35.088  render           | Engine: EEVEE
00:35.128  render           | Fra: 127 | Rendering 1 / 32 samples
00:35.296  render           | Fra: 127 | Rendering 25 / 32 samples
00:35.343  render           | Fra: 127 | Rendering 32 / 32 samples
00:35.360  render           | Video append frame 127
00:35.360  render           | Time: 00:00.27 (Saving: 00:00.00)
00:35.360  render           | Rendering frame 128
00:35.360  render           | Start rendering: MORI_Assembly_Animation, 视图层
00:35.360  render           | Engine: EEVEE
00:35.398  render           | Fra: 128 | Rendering 1 / 32 samples
00:35.565  render           | Fra: 128 | Rendering 25 / 32 samples
00:35.614  render           | Fra: 128 | Rendering 32 / 32 samples
00:35.623  render           | Video append frame 128
00:35.623  render           | Time: 00:00.26 (Saving: 00:00.00)
00:35.623  render           | Rendering frame 129
00:35.624  render           | Start rendering: MORI_Assembly_Animation, 视图层
00:35.624  render           | Engine: EEVEE
00:35.662  render           | Fra: 129 | Rendering 1 / 32 samples
00:35.831  render           | Fra: 129 | Rendering 25 / 32 samples
00:35.882  render           | Fra: 129 | Rendering 32 / 32 samples
00:35.891  render           | Video append frame 129
00:35.891  render           | Time: 00:00.26 (Saving: 00:00.00)
00:35.891  render           | Rendering frame 130
00:35.891  render           | Start rendering: MORI_Assembly_Animation, 视图层
00:35.891  render           | Engine: EEVEE
00:35.928  render           | Fra: 130 | Rendering 1 / 32 samples
00:36.100  render           | Fra: 130 | Rendering 25 / 32 samples
00:36.149  render           | Fra: 130 | Rendering 32 / 32 samples
00:36.159  render           | Video append frame 130
00:36.159  render           | Time: 00:00.26 (Saving: 00:00.00)
00:36.159  render           | Rendering frame 131
00:36.159  render           | Start rendering: MORI_Assembly_Animation, 视图层
00:36.159  render           | Engine: EEVEE
00:36.196  render           | Fra: 131 | Rendering 1 / 32 samples
00:36.366  render           | Fra: 131 | Rendering 25 / 32 samples
00:36.413  render           | Fra: 131 | Rendering 32 / 32 samples
00:36.422  render           | Video append frame 131
00:36.422  render           | Time: 00:00.26 (Saving: 00:00.00)
00:36.422  render           | Rendering frame 132
00:36.422  render           | Start rendering: MORI_Assembly_Animation, 视图层
00:36.422  render           | Engine: EEVEE
00:36.459  render           | Fra: 132 | Rendering 1 / 32 samples
00:36.623  render           | Fra: 132 | Rendering 25 / 32 samples
00:36.670  render           | Fra: 132 | Rendering 32 / 32 samples
00:36.679  render           | Video append frame 132
00:36.679  render           | Time: 00:00.25 (Saving: 00:00.00)
00:36.679  render           | Rendering frame 133
00:36.679  render           | Start rendering: MORI_Assembly_Animation, 视图层
00:36.679  render           | Engine: EEVEE
00:36.715  render           | Fra: 133 | Rendering 1 / 32 samples
00:36.875  render           | Fra: 133 | Rendering 25 / 32 samples
00:36.922  render           | Fra: 133 | Rendering 32 / 32 samples
00:36.930  render           | Video append frame 133
00:36.930  render           | Time: 00:00.25 (Saving: 00:00.00)
00:36.930  render           | Rendering frame 134
00:36.930  render           | Start rendering: MORI_Assembly_Animation, 视图层
00:36.930  render           | Engine: EEVEE
00:36.963  render           | Fra: 134 | Rendering 1 / 32 samples
00:37.125  render           | Fra: 134 | Rendering 25 / 32 samples
00:37.171  render           | Fra: 134 | Rendering 32 / 32 samples
00:37.179  render           | Video append frame 134
00:37.179  render           | Time: 00:00.24 (Saving: 00:00.00)
00:37.179  render           | Rendering frame 135
00:37.179  render           | Start rendering: MORI_Assembly_Animation, 视图层
00:37.179  render           | Engine: EEVEE
00:37.213  render           | Fra: 135 | Rendering 1 / 32 samples
00:37.372  render           | Fra: 135 | Rendering 25 / 32 samples
00:37.419  render           | Fra: 135 | Rendering 32 / 32 samples
00:37.428  render           | Video append frame 135
00:37.428  render           | Time: 00:00.24 (Saving: 00:00.00)
00:37.428  render           | Rendering frame 136
00:37.428  render           | Start rendering: MORI_Assembly_Animation, 视图层
00:37.428  render           | Engine: EEVEE
00:37.461  render           | Fra: 136 | Rendering 1 / 32 samples
00:37.622  render           | Fra: 136 | Rendering 25 / 32 samples
00:37.671  render           | Fra: 136 | Rendering 32 / 32 samples
00:37.680  render           | Video append frame 136
00:37.680  render           | Time: 00:00.25 (Saving: 00:00.00)
00:37.680  render           | Rendering frame 137
00:37.680  render           | Start rendering: MORI_Assembly_Animation, 视图层
00:37.680  render           | Engine: EEVEE
00:37.715  render           | Fra: 137 | Rendering 1 / 32 samples
00:37.877  render           | Fra: 137 | Rendering 25 / 32 samples
00:37.924  render           | Fra: 137 | Rendering 32 / 32 samples
00:37.934  render           | Video append frame 137
00:37.934  render           | Time: 00:00.25 (Saving: 00:00.00)
00:37.934  render           | Rendering frame 138
00:37.934  render           | Start rendering: MORI_Assembly_Animation, 视图层
00:37.934  render           | Engine: EEVEE
00:37.968  render           | Fra: 138 | Rendering 1 / 32 samples
00:38.131  render           | Fra: 138 | Rendering 25 / 32 samples
00:38.178  render           | Fra: 138 | Rendering 32 / 32 samples
00:38.186  render           | Video append frame 138
00:38.186  render           | Time: 00:00.25 (Saving: 00:00.00)
00:38.186  render           | Rendering frame 139
00:38.186  render           | Start rendering: MORI_Assembly_Animation, 视图层
00:38.186  render           | Engine: EEVEE
00:38.219  render           | Fra: 139 | Rendering 1 / 32 samples
00:38.387  render           | Fra: 139 | Rendering 25 / 32 samples
00:38.433  render           | Fra: 139 | Rendering 32 / 32 samples
00:38.462  render           | Video append frame 139
00:38.462  render           | Time: 00:00.27 (Saving: 00:00.01)
00:38.462  render           | Rendering frame 140
00:38.462  render           | Start rendering: MORI_Assembly_Animation, 视图层
00:38.462  render           | Engine: EEVEE
00:38.495  render           | Fra: 140 | Rendering 1 / 32 samples
00:38.659  render           | Fra: 140 | Rendering 25 / 32 samples
00:38.707  render           | Fra: 140 | Rendering 32 / 32 samples
00:38.734  render           | Video append frame 140
00:38.734  render           | Time: 00:00.27 (Saving: 00:00.02)
00:38.734  render           | Rendering frame 141
00:38.734  render           | Start rendering: MORI_Assembly_Animation, 视图层
00:38.734  render           | Engine: EEVEE
00:38.771  render           | Fra: 141 | Rendering 1 / 32 samples
00:38.933  render           | Fra: 141 | Rendering 25 / 32 samples
00:38.983  render           | Fra: 141 | Rendering 32 / 32 samples
00:39.007  render           | Video append frame 141
00:39.007  render           | Time: 00:00.27 (Saving: 00:00.02)
00:39.007  render           | Rendering frame 142
00:39.007  render           | Start rendering: MORI_Assembly_Animation, 视图层
00:39.007  render           | Engine: EEVEE
00:39.035  render           | Fra: 142 | Rendering 1 / 32 samples
00:39.203  render           | Fra: 142 | Rendering 25 / 32 samples
00:39.252  render           | Fra: 142 | Rendering 32 / 32 samples
00:39.280  render           | Video append frame 142
00:39.280  render           | Time: 00:00.27 (Saving: 00:00.02)
00:39.280  render           | Rendering frame 143
00:39.280  render           | Start rendering: MORI_Assembly_Animation, 视图层
00:39.280  render           | Engine: EEVEE
00:39.315  render           | Fra: 143 | Rendering 1 / 32 samples
00:39.478  render           | Fra: 143 | Rendering 25 / 32 samples
00:39.526  render           | Fra: 143 | Rendering 32 / 32 samples
00:39.556  render           | Video append frame 143
00:39.556  render           | Time: 00:00.27 (Saving: 00:00.02)
00:39.556  render           | Rendering frame 144
00:39.556  render           | Start rendering: MORI_Assembly_Animation, 视图层
00:39.556  render           | Engine: EEVEE
00:39.591  render           | Fra: 144 | Rendering 1 / 32 samples
00:39.756  render           | Fra: 144 | Rendering 25 / 32 samples
00:39.806  render           | Fra: 144 | Rendering 32 / 32 samples
00:39.817  render           | Video append frame 144
00:39.817  render           | Time: 00:00.26 (Saving: 00:00.00)
00:39.817  render           | Rendering frame 145
00:39.817  render           | Start rendering: MORI_Assembly_Animation, 视图层
00:39.817  render           | Engine: EEVEE
00:39.858  render           | Fra: 145 | Rendering 1 / 32 samples
00:40.028  render           | Fra: 145 | Rendering 25 / 32 samples
00:40.078  render           | Fra: 145 | Rendering 32 / 32 samples
00:40.087  render           | Video append frame 145
00:40.087  render           | Time: 00:00.27 (Saving: 00:00.00)
00:40.087  render           | Rendering frame 146
00:40.087  render           | Start rendering: MORI_Assembly_Animation, 视图层
00:40.087  render           | Engine: EEVEE
00:40.128  render           | Fra: 146 | Rendering 1 / 32 samples
00:40.300  render           | Fra: 146 | Rendering 25 / 32 samples
00:40.350  render           | Fra: 146 | Rendering 32 / 32 samples
00:40.359  render           | Video append frame 146
00:40.359  render           | Time: 00:00.27 (Saving: 00:00.00)
00:40.359  render           | Rendering frame 147
00:40.359  render           | Start rendering: MORI_Assembly_Animation, 视图层
00:40.359  render           | Engine: EEVEE
00:40.398  render           | Fra: 147 | Rendering 1 / 32 samples
00:40.568  render           | Fra: 147 | Rendering 25 / 32 samples
00:40.619  render           | Fra: 147 | Rendering 32 / 32 samples
00:40.628  render           | Video append frame 147
00:40.628  render           | Time: 00:00.26 (Saving: 00:00.00)
00:40.628  render           | Rendering frame 148
00:40.628  render           | Start rendering: MORI_Assembly_Animation, 视图层
00:40.628  render           | Engine: EEVEE
00:40.665  render           | Fra: 148 | Rendering 1 / 32 samples
00:40.835  render           | Fra: 148 | Rendering 25 / 32 samples
00:40.883  render           | Fra: 148 | Rendering 32 / 32 samples
00:40.892  render           | Video append frame 148
00:40.892  render           | Time: 00:00.26 (Saving: 00:00.00)
00:40.892  render           | Rendering frame 149
00:40.892  render           | Start rendering: MORI_Assembly_Animation, 视图层
00:40.892  render           | Engine: EEVEE
00:40.929  render           | Fra: 149 | Rendering 1 / 32 samples
00:41.099  render           | Fra: 149 | Rendering 25 / 32 samples
00:41.150  render           | Fra: 149 | Rendering 32 / 32 samples
00:41.158  render           | Video append frame 149
00:41.158  render           | Time: 00:00.26 (Saving: 00:00.00)
00:41.159  render           | Rendering frame 150
00:41.159  render           | Start rendering: MORI_Assembly_Animation, 视图层
00:41.159  render           | Engine: EEVEE
00:41.196  render           | Fra: 150 | Rendering 1 / 32 samples
00:41.365  render           | Fra: 150 | Rendering 25 / 32 samples
00:41.414  render           | Fra: 150 | Rendering 32 / 32 samples
00:41.422  render           | Video append frame 150
00:41.422  render           | Time: 00:00.26 (Saving: 00:00.00)
00:41.422  render           | Rendering frame 151
00:41.423  render           | Start rendering: MORI_Assembly_Animation, 视图层
00:41.423  render           | Engine: EEVEE
00:41.456  render           | Fra: 151 | Rendering 1 / 32 samples
00:41.622  render           | Fra: 151 | Rendering 25 / 32 samples
00:41.669  render           | Fra: 151 | Rendering 32 / 32 samples
00:41.678  render           | Video append frame 151
00:41.678  render           | Time: 00:00.25 (Saving: 00:00.00)
00:41.678  render           | Rendering frame 152
00:41.678  render           | Start rendering: MORI_Assembly_Animation, 视图层
00:41.678  render           | Engine: EEVEE
00:41.711  render           | Fra: 152 | Rendering 1 / 32 samples
00:41.876  render           | Fra: 152 | Rendering 25 / 32 samples
00:41.922  render           | Fra: 152 | Rendering 32 / 32 samples
00:41.931  render           | Video append frame 152
00:41.931  render           | Time: 00:00.25 (Saving: 00:00.00)
00:41.931  render           | Rendering frame 153
00:41.931  render           | Start rendering: MORI_Assembly_Animation, 视图层
00:41.931  render           | Engine: EEVEE
00:41.965  render           | Fra: 153 | Rendering 1 / 32 samples
00:42.130  render           | Fra: 153 | Rendering 25 / 32 samples
00:42.179  render           | Fra: 153 | Rendering 32 / 32 samples
00:42.187  render           | Video append frame 153
00:42.187  render           | Time: 00:00.25 (Saving: 00:00.00)
00:42.187  render           | Rendering frame 154
00:42.187  render           | Start rendering: MORI_Assembly_Animation, 视图层
00:42.187  render           | Engine: EEVEE
00:42.220  render           | Fra: 154 | Rendering 1 / 32 samples
00:42.387  render           | Fra: 154 | Rendering 25 / 32 samples
00:42.434  render           | Fra: 154 | Rendering 32 / 32 samples
00:42.442  render           | Video append frame 154
00:42.442  render           | Time: 00:00.25 (Saving: 00:00.00)
00:42.442  render           | Rendering frame 155
00:42.442  render           | Start rendering: MORI_Assembly_Animation, 视图层
00:42.442  render           | Engine: EEVEE
00:42.475  render           | Fra: 155 | Rendering 1 / 32 samples
00:42.640  render           | Fra: 155 | Rendering 25 / 32 samples
00:42.687  render           | Fra: 155 | Rendering 32 / 32 samples
00:42.696  render           | Video append frame 155
00:42.696  render           | Time: 00:00.25 (Saving: 00:00.00)
00:42.696  render           | Rendering frame 156
00:42.696  render           | Start rendering: MORI_Assembly_Animation, 视图层
00:42.696  render           | Engine: EEVEE
00:42.731  render           | Fra: 156 | Rendering 1 / 32 samples
00:42.893  render           | Fra: 156 | Rendering 25 / 32 samples
00:42.941  render           | Fra: 156 | Rendering 32 / 32 samples
00:42.951  render           | Video append frame 156
00:42.951  render           | Time: 00:00.25 (Saving: 00:00.00)
00:42.951  render           | Rendering frame 157
00:42.951  render           | Start rendering: MORI_Assembly_Animation, 视图层
00:42.951  render           | Engine: EEVEE
00:42.985  render           | Fra: 157 | Rendering 1 / 32 samples
00:43.149  render           | Fra: 157 | Rendering 25 / 32 samples
00:43.198  render           | Fra: 157 | Rendering 32 / 32 samples
00:43.221  render           | Video append frame 157
00:43.221  render           | Time: 00:00.26 (Saving: 00:00.01)
00:43.221  render           | Rendering frame 158
00:43.221  render           | Start rendering: MORI_Assembly_Animation, 视图层
00:43.221  render           | Engine: EEVEE
00:43.255  render           | Fra: 158 | Rendering 1 / 32 samples
00:43.424  render           | Fra: 158 | Rendering 25 / 32 samples
00:43.473  render           | Fra: 158 | Rendering 32 / 32 samples
00:43.499  render           | Video append frame 158
00:43.499  render           | Time: 00:00.27 (Saving: 00:00.02)
00:43.499  render           | Rendering frame 159
00:43.499  render           | Start rendering: MORI_Assembly_Animation, 视图层
00:43.499  render           | Engine: EEVEE
00:43.532  render           | Fra: 159 | Rendering 1 / 32 samples
00:43.697  render           | Fra: 159 | Rendering 25 / 32 samples
00:43.746  render           | Fra: 159 | Rendering 32 / 32 samples
00:43.777  render           | Video append frame 159
00:43.777  render           | Time: 00:00.27 (Saving: 00:00.02)
00:43.777  render           | Rendering frame 160
00:43.778  render           | Start rendering: MORI_Assembly_Animation, 视图层
00:43.778  render           | Engine: EEVEE
00:43.810  render           | Fra: 160 | Rendering 1 / 32 samples
00:43.981  render           | Fra: 160 | Rendering 25 / 32 samples
00:44.030  render           | Fra: 160 | Rendering 32 / 32 samples
00:44.047  render           | Video append frame 160
00:44.047  render           | Time: 00:00.26 (Saving: 00:00.01)
00:44.047  render           | Rendering frame 161
00:44.047  render           | Start rendering: MORI_Assembly_Animation, 视图层
00:44.047  render           | Engine: EEVEE
00:44.081  render           | Fra: 161 | Rendering 1 / 32 samples
00:44.246  render           | Fra: 161 | Rendering 25 / 32 samples
00:44.295  render           | Fra: 161 | Rendering 32 / 32 samples
00:44.304  render           | Video append frame 161
00:44.304  render           | Time: 00:00.25 (Saving: 00:00.00)
00:44.304  render           | Rendering frame 162
00:44.304  render           | Start rendering: MORI_Assembly_Animation, 视图层
00:44.304  render           | Engine: EEVEE
00:44.344  render           | Fra: 162 | Rendering 1 / 32 samples
00:44.510  render           | Fra: 162 | Rendering 25 / 32 samples
00:44.557  render           | Fra: 162 | Rendering 32 / 32 samples
00:44.566  render           | Video append frame 162
00:44.566  render           | Time: 00:00.26 (Saving: 00:00.00)
00:44.566  render           | Rendering frame 163
00:44.567  render           | Start rendering: MORI_Assembly_Animation, 视图层
00:44.567  render           | Engine: EEVEE
00:44.607  render           | Fra: 163 | Rendering 1 / 32 samples
00:44.779  render           | Fra: 163 | Rendering 25 / 32 samples
00:44.829  render           | Fra: 163 | Rendering 32 / 32 samples
00:44.838  render           | Video append frame 163
00:44.838  render           | Time: 00:00.27 (Saving: 00:00.00)
00:44.838  render           | Rendering frame 164
00:44.838  render           | Start rendering: MORI_Assembly_Animation, 视图层
00:44.838  render           | Engine: EEVEE
00:44.875  render           | Fra: 164 | Rendering 1 / 32 samples
00:45.047  render           | Fra: 164 | Rendering 25 / 32 samples
00:45.097  render           | Fra: 164 | Rendering 32 / 32 samples
00:45.106  render           | Video append frame 164
00:45.106  render           | Time: 00:00.26 (Saving: 00:00.00)
00:45.106  render           | Rendering frame 165
00:45.106  render           | Start rendering: MORI_Assembly_Animation, 视图层
00:45.106  render           | Engine: EEVEE
00:45.145  render           | Fra: 165 | Rendering 1 / 32 samples
00:45.322  render           | Fra: 165 | Rendering 25 / 32 samples
00:45.372  render           | Fra: 165 | Rendering 32 / 32 samples
00:45.381  render           | Video append frame 165
00:45.381  render           | Time: 00:00.27 (Saving: 00:00.00)
00:45.381  render           | Rendering frame 166
00:45.381  render           | Start rendering: MORI_Assembly_Animation, 视图层
00:45.381  render           | Engine: EEVEE
00:45.417  render           | Fra: 166 | Rendering 1 / 32 samples
00:45.588  render           | Fra: 166 | Rendering 25 / 32 samples
00:45.635  render           | Fra: 166 | Rendering 32 / 32 samples
00:45.643  render           | Video append frame 166
00:45.643  render           | Time: 00:00.26 (Saving: 00:00.00)
00:45.643  render           | Rendering frame 167
00:45.644  render           | Start rendering: MORI_Assembly_Animation, 视图层
00:45.644  render           | Engine: EEVEE
00:45.681  render           | Fra: 167 | Rendering 1 / 32 samples
00:45.847  render           | Fra: 167 | Rendering 25 / 32 samples
00:45.893  render           | Fra: 167 | Rendering 32 / 32 samples
00:45.901  render           | Video append frame 167
00:45.901  render           | Time: 00:00.25 (Saving: 00:00.00)
00:45.901  render           | Rendering frame 168
00:45.901  render           | Start rendering: MORI_Assembly_Animation, 视图层
00:45.901  render           | Engine: EEVEE
00:45.934  render           | Fra: 168 | Rendering 1 / 32 samples
00:46.097  render           | Fra: 168 | Rendering 25 / 32 samples
00:46.143  render           | Fra: 168 | Rendering 32 / 32 samples
00:46.152  render           | Video append frame 168
00:46.152  render           | Time: 00:00.25 (Saving: 00:00.00)
00:46.152  render           | Rendering frame 169
00:46.152  render           | Start rendering: MORI_Assembly_Animation, 视图层
00:46.152  render           | Engine: EEVEE
00:46.184  render           | Fra: 169 | Rendering 1 / 32 samples
00:46.336  render           | Fra: 169 | Rendering 25 / 32 samples
00:46.378  render           | Fra: 169 | Rendering 32 / 32 samples
00:46.386  render           | Video append frame 169
00:46.386  render           | Time: 00:00.23 (Saving: 00:00.00)
00:46.386  render           | Rendering frame 170
00:46.386  render           | Start rendering: MORI_Assembly_Animation, 视图层
00:46.386  render           | Engine: EEVEE
00:46.419  render           | Fra: 170 | Rendering 1 / 32 samples
00:46.566  render           | Fra: 170 | Rendering 25 / 32 samples
00:46.607  render           | Fra: 170 | Rendering 32 / 32 samples
00:46.615  render           | Video append frame 170
00:46.615  render           | Time: 00:00.22 (Saving: 00:00.00)
00:46.615  render           | Rendering frame 171
00:46.615  render           | Start rendering: MORI_Assembly_Animation, 视图层
00:46.615  render           | Engine: EEVEE
00:46.650  render           | Fra: 171 | Rendering 1 / 32 samples
00:46.787  render           | Fra: 171 | Rendering 25 / 32 samples
00:46.826  render           | Fra: 171 | Rendering 32 / 32 samples
00:46.834  render           | Video append frame 171
00:46.834  render           | Time: 00:00.21 (Saving: 00:00.00)
00:46.834  render           | Rendering frame 172
00:46.834  render           | Start rendering: MORI_Assembly_Animation, 视图层
00:46.834  render           | Engine: EEVEE
00:46.867  render           | Fra: 172 | Rendering 1 / 32 samples
00:47.003  render           | Fra: 172 | Rendering 25 / 32 samples
00:47.041  render           | Fra: 172 | Rendering 32 / 32 samples
00:47.049  render           | Video append frame 172
00:47.049  render           | Time: 00:00.21 (Saving: 00:00.00)
00:47.049  render           | Rendering frame 173
00:47.049  render           | Start rendering: MORI_Assembly_Animation, 视图层
00:47.049  render           | Engine: EEVEE
00:47.082  render           | Fra: 173 | Rendering 1 / 32 samples
00:47.218  render           | Fra: 173 | Rendering 25 / 32 samples
00:47.256  render           | Fra: 173 | Rendering 32 / 32 samples
00:47.264  render           | Video append frame 173
00:47.264  render           | Time: 00:00.21 (Saving: 00:00.00)
00:47.264  render           | Rendering frame 174
00:47.264  render           | Start rendering: MORI_Assembly_Animation, 视图层
00:47.264  render           | Engine: EEVEE
00:47.297  render           | Fra: 174 | Rendering 1 / 32 samples
00:47.434  render           | Fra: 174 | Rendering 25 / 32 samples
00:47.473  render           | Fra: 174 | Rendering 32 / 32 samples
00:47.502  render           | Video append frame 174
00:47.502  render           | Time: 00:00.23 (Saving: 00:00.02)
00:47.502  render           | Rendering frame 175
00:47.502  render           | Start rendering: MORI_Assembly_Animation, 视图层
00:47.502  render           | Engine: EEVEE
00:47.535  render           | Fra: 175 | Rendering 1 / 32 samples
00:47.674  render           | Fra: 175 | Rendering 25 / 32 samples
00:47.715  render           | Fra: 175 | Rendering 32 / 32 samples
00:47.741  render           | Video append frame 175
00:47.741  render           | Time: 00:00.23 (Saving: 00:00.02)
00:47.741  render           | Rendering frame 176
00:47.741  render           | Start rendering: MORI_Assembly_Animation, 视图层
00:47.741  render           | Engine: EEVEE
00:47.774  render           | Fra: 176 | Rendering 1 / 32 samples
00:47.916  render           | Fra: 176 | Rendering 25 / 32 samples
00:47.956  render           | Fra: 176 | Rendering 32 / 32 samples
00:47.990  render           | Video append frame 176
00:47.990  render           | Time: 00:00.24 (Saving: 00:00.02)
00:47.990  render           | Rendering frame 177
00:47.991  render           | Start rendering: MORI_Assembly_Animation, 视图层
00:47.991  render           | Engine: EEVEE
00:48.025  render           | Fra: 177 | Rendering 1 / 32 samples
00:48.175  render           | Fra: 177 | Rendering 25 / 32 samples
00:48.223  render           | Fra: 177 | Rendering 32 / 32 samples
00:48.231  render           | Video append frame 177
00:48.231  render           | Time: 00:00.24 (Saving: 00:00.00)
00:48.231  render           | Rendering frame 178
00:48.231  render           | Start rendering: MORI_Assembly_Animation, 视图层
00:48.231  render           | Engine: EEVEE
00:48.268  render           | Fra: 178 | Rendering 1 / 32 samples
00:48.435  render           | Fra: 178 | Rendering 25 / 32 samples
00:48.484  render           | Fra: 178 | Rendering 32 / 32 samples
00:48.493  render           | Video append frame 178
00:48.493  render           | Time: 00:00.26 (Saving: 00:00.00)
00:48.493  render           | Rendering frame 179
00:48.493  render           | Start rendering: MORI_Assembly_Animation, 视图层
00:48.493  render           | Engine: EEVEE
00:48.534  render           | Fra: 179 | Rendering 1 / 32 samples
00:48.705  render           | Fra: 179 | Rendering 25 / 32 samples
00:48.755  render           | Fra: 179 | Rendering 32 / 32 samples
00:48.764  render           | Video append frame 179
00:48.764  render           | Time: 00:00.27 (Saving: 00:00.00)
00:48.764  render           | Rendering frame 180
00:48.764  render           | Start rendering: MORI_Assembly_Animation, 视图层
00:48.764  render           | Engine: EEVEE
00:48.800  render           | Fra: 180 | Rendering 1 / 32 samples
00:48.971  render           | Fra: 180 | Rendering 25 / 32 samples
00:49.022  render           | Fra: 180 | Rendering 32 / 32 samples
00:49.031  render           | Video append frame 180
00:49.031  render           | Time: 00:00.26 (Saving: 00:00.00)
00:49.031  render           | Rendering frame 181
00:49.031  render           | Start rendering: MORI_Assembly_Animation, 视图层
00:49.031  render           | Engine: EEVEE
00:49.071  render           | Fra: 181 | Rendering 1 / 32 samples
00:49.226  render           | Fra: 181 | Rendering 25 / 32 samples
00:49.268  render           | Fra: 181 | Rendering 32 / 32 samples
00:49.278  render           | Video append frame 181
00:49.278  render           | Time: 00:00.24 (Saving: 00:00.00)
00:49.278  render           | Rendering frame 182
00:49.278  render           | Start rendering: MORI_Assembly_Animation, 视图层
00:49.278  render           | Engine: EEVEE
00:49.314  render           | Fra: 182 | Rendering 1 / 32 samples
00:49.464  render           | Fra: 182 | Rendering 25 / 32 samples
00:49.508  render           | Fra: 182 | Rendering 32 / 32 samples
00:49.523  render           | Video append frame 182
00:49.523  render           | Time: 00:00.24 (Saving: 00:00.00)
00:49.523  render           | Rendering frame 183
00:49.523  render           | Start rendering: MORI_Assembly_Animation, 视图层
00:49.523  render           | Engine: EEVEE
00:49.560  render           | Fra: 183 | Rendering 1 / 32 samples
00:49.707  render           | Fra: 183 | Rendering 25 / 32 samples
00:49.750  render           | Fra: 183 | Rendering 32 / 32 samples
00:49.759  render           | Video append frame 183
00:49.759  render           | Time: 00:00.23 (Saving: 00:00.00)
00:49.759  render           | Rendering frame 184
00:49.759  render           | Start rendering: MORI_Assembly_Animation, 视图层
00:49.759  render           | Engine: EEVEE
00:49.795  render           | Fra: 184 | Rendering 1 / 32 samples
00:49.940  render           | Fra: 184 | Rendering 25 / 32 samples
00:49.984  render           | Fra: 184 | Rendering 32 / 32 samples
00:49.993  render           | Video append frame 184
00:49.993  render           | Time: 00:00.23 (Saving: 00:00.00)
00:49.993  render           | Rendering frame 185
00:49.993  render           | Start rendering: MORI_Assembly_Animation, 视图层
00:49.993  render           | Engine: EEVEE
00:50.026  render           | Fra: 185 | Rendering 1 / 32 samples
00:50.175  render           | Fra: 185 | Rendering 25 / 32 samples
00:50.219  render           | Fra: 185 | Rendering 32 / 32 samples
00:50.229  render           | Video append frame 185
00:50.229  render           | Time: 00:00.23 (Saving: 00:00.00)
00:50.229  render           | Rendering frame 186
00:50.229  render           | Start rendering: MORI_Assembly_Animation, 视图层
00:50.229  render           | Engine: EEVEE
00:50.267  render           | Fra: 186 | Rendering 1 / 32 samples
00:50.422  render           | Fra: 186 | Rendering 25 / 32 samples
00:50.467  render           | Fra: 186 | Rendering 32 / 32 samples
00:50.476  render           | Video append frame 186
00:50.476  render           | Time: 00:00.24 (Saving: 00:00.00)
00:50.476  render           | Rendering frame 187
00:50.476  render           | Start rendering: MORI_Assembly_Animation, 视图层
00:50.476  render           | Engine: EEVEE
00:50.517  render           | Fra: 187 | Rendering 1 / 32 samples
00:50.672  render           | Fra: 187 | Rendering 25 / 32 samples
00:50.717  render           | Fra: 187 | Rendering 32 / 32 samples
00:50.725  render           | Video append frame 187
00:50.725  render           | Time: 00:00.24 (Saving: 00:00.00)
00:50.725  render           | Rendering frame 188
00:50.725  render           | Start rendering: MORI_Assembly_Animation, 视图层
00:50.725  render           | Engine: EEVEE
00:50.761  render           | Fra: 188 | Rendering 1 / 32 samples
00:50.915  render           | Fra: 188 | Rendering 25 / 32 samples
00:50.960  render           | Fra: 188 | Rendering 32 / 32 samples
00:50.968  render           | Video append frame 188
00:50.968  render           | Time: 00:00.24 (Saving: 00:00.00)
00:50.968  render           | Rendering frame 189
00:50.968  render           | Start rendering: MORI_Assembly_Animation, 视图层
00:50.968  render           | Engine: EEVEE
00:51.003  render           | Fra: 189 | Rendering 1 / 32 samples
00:51.159  render           | Fra: 189 | Rendering 25 / 32 samples
00:51.204  render           | Fra: 189 | Rendering 32 / 32 samples
00:51.212  render           | Video append frame 189
00:51.212  render           | Time: 00:00.24 (Saving: 00:00.00)
00:51.212  render           | Rendering frame 190
00:51.212  render           | Start rendering: MORI_Assembly_Animation, 视图层
00:51.212  render           | Engine: EEVEE
00:51.247  render           | Fra: 190 | Rendering 1 / 32 samples
00:51.401  render           | Fra: 190 | Rendering 25 / 32 samples
00:51.446  render           | Fra: 190 | Rendering 32 / 32 samples
00:51.487  render           | Video append frame 190
00:51.487  render           | Time: 00:00.27 (Saving: 00:00.03)
00:51.487  render           | Rendering frame 191
00:51.488  render           | Start rendering: MORI_Assembly_Animation, 视图层
00:51.488  render           | Engine: EEVEE
00:51.522  render           | Fra: 191 | Rendering 1 / 32 samples
00:51.679  render           | Fra: 191 | Rendering 25 / 32 samples
00:51.724  render           | Fra: 191 | Rendering 32 / 32 samples
00:51.771  render           | Video append frame 191
00:51.771  render           | Time: 00:00.28 (Saving: 00:00.03)
00:51.771  render           | Rendering frame 192
00:51.771  render           | Start rendering: MORI_Assembly_Animation, 视图层
00:51.771  render           | Engine: EEVEE
00:51.807  render           | Fra: 192 | Rendering 1 / 32 samples
00:51.970  render           | Fra: 192 | Rendering 25 / 32 samples
00:52.019  render           | Fra: 192 | Rendering 32 / 32 samples
00:52.054  render           | Video append frame 192
00:52.054  render           | Time: 00:00.28 (Saving: 00:00.02)
00:52.054  render           | Rendering frame 193
00:52.054  render           | Start rendering: MORI_Assembly_Animation, 视图层
00:52.054  render           | Engine: EEVEE
00:52.091  render           | Fra: 193 | Rendering 1 / 32 samples
00:52.263  render           | Fra: 193 | Rendering 25 / 32 samples
00:52.310  render           | Fra: 193 | Rendering 32 / 32 samples
00:52.331  render           | Video append frame 193
00:52.331  render           | Time: 00:00.27 (Saving: 00:00.01)
00:52.331  render           | Rendering frame 194
00:52.331  render           | Start rendering: MORI_Assembly_Animation, 视图层
00:52.331  render           | Engine: EEVEE
00:52.364  render           | Fra: 194 | Rendering 1 / 32 samples
00:52.529  render           | Fra: 194 | Rendering 25 / 32 samples
00:52.577  render           | Fra: 194 | Rendering 32 / 32 samples
00:52.601  render           | Video append frame 194
00:52.601  render           | Time: 00:00.26 (Saving: 00:00.01)
00:52.601  render           | Rendering frame 195
00:52.601  render           | Start rendering: MORI_Assembly_Animation, 视图层
00:52.601  render           | Engine: EEVEE
00:52.638  render           | Fra: 195 | Rendering 1 / 32 samples
00:52.803  render           | Fra: 195 | Rendering 25 / 32 samples
00:52.851  render           | Fra: 195 | Rendering 32 / 32 samples
00:52.902  render           | Video append frame 195
00:52.902  render           | Time: 00:00.30 (Saving: 00:00.03)
00:52.902  render           | Rendering frame 196
00:52.903  render           | Start rendering: MORI_Assembly_Animation, 视图层
00:52.903  render           | Engine: EEVEE
00:52.938  render           | Fra: 196 | Rendering 1 / 32 samples
00:53.108  render           | Fra: 196 | Rendering 25 / 32 samples
00:53.157  render           | Fra: 196 | Rendering 32 / 32 samples
00:53.177  render           | Video append frame 196
00:53.177  render           | Time: 00:00.27 (Saving: 00:00.01)
00:53.177  render           | Rendering frame 197
00:53.178  render           | Start rendering: MORI_Assembly_Animation, 视图层
00:53.178  render           | Engine: EEVEE
00:53.214  render           | Fra: 197 | Rendering 1 / 32 samples
00:53.381  render           | Fra: 197 | Rendering 25 / 32 samples
00:53.429  render           | Fra: 197 | Rendering 32 / 32 samples
00:53.457  render           | Video append frame 197
00:53.457  render           | Time: 00:00.27 (Saving: 00:00.02)
00:53.457  render           | Rendering frame 198
00:53.457  render           | Start rendering: MORI_Assembly_Animation, 视图层
00:53.457  render           | Engine: EEVEE
00:53.496  render           | Fra: 198 | Rendering 1 / 32 samples
00:53.665  render           | Fra: 198 | Rendering 25 / 32 samples
00:53.714  render           | Fra: 198 | Rendering 32 / 32 samples
00:53.723  render           | Video append frame 198
00:53.723  render           | Time: 00:00.26 (Saving: 00:00.00)
00:53.723  render           | Rendering frame 199
00:53.724  render           | Start rendering: MORI_Assembly_Animation, 视图层
00:53.724  render           | Engine: EEVEE
00:53.763  render           | Fra: 199 | Rendering 1 / 32 samples
00:53.933  render           | Fra: 199 | Rendering 25 / 32 samples
00:53.982  render           | Fra: 199 | Rendering 32 / 32 samples
00:53.991  render           | Video append frame 199
00:53.991  render           | Time: 00:00.26 (Saving: 00:00.00)
00:53.991  render           | Rendering frame 200
00:53.991  render           | Start rendering: MORI_Assembly_Animation, 视图层
00:53.991  render           | Engine: EEVEE
00:54.031  render           | Fra: 200 | Rendering 1 / 32 samples
00:54.198  render           | Fra: 200 | Rendering 25 / 32 samples
00:54.246  render           | Fra: 200 | Rendering 32 / 32 samples
00:54.255  render           | Video append frame 200
00:54.255  render           | Time: 00:00.26 (Saving: 00:00.00)
00:54.255  render           | Rendering frame 201
00:54.255  render           | Start rendering: MORI_Assembly_Animation, 视图层
00:54.255  render           | Engine: EEVEE
00:54.295  render           | Fra: 201 | Rendering 1 / 32 samples
00:54.466  render           | Fra: 201 | Rendering 25 / 32 samples
00:54.514  render           | Fra: 201 | Rendering 32 / 32 samples
00:54.523  render           | Video append frame 201
00:54.523  render           | Time: 00:00.26 (Saving: 00:00.00)
00:54.523  render           | Rendering frame 202
00:54.523  render           | Start rendering: MORI_Assembly_Animation, 视图层
00:54.523  render           | Engine: EEVEE
00:54.562  render           | Fra: 202 | Rendering 1 / 32 samples
00:54.732  render           | Fra: 202 | Rendering 25 / 32 samples
00:54.780  render           | Fra: 202 | Rendering 32 / 32 samples
00:54.789  render           | Video append frame 202
00:54.789  render           | Time: 00:00.26 (Saving: 00:00.00)
00:54.789  render           | Rendering frame 203
00:54.789  render           | Start rendering: MORI_Assembly_Animation, 视图层
00:54.789  render           | Engine: EEVEE
00:54.830  render           | Fra: 203 | Rendering 1 / 32 samples
00:54.998  render           | Fra: 203 | Rendering 25 / 32 samples
00:55.046  render           | Fra: 203 | Rendering 32 / 32 samples
00:55.056  render           | Video append frame 203
00:55.056  render           | Time: 00:00.26 (Saving: 00:00.00)
00:55.056  render           | Rendering frame 204
00:55.056  render           | Start rendering: MORI_Assembly_Animation, 视图层
00:55.056  render           | Engine: EEVEE
00:55.097  render           | Fra: 204 | Rendering 1 / 32 samples
00:55.259  render           | Fra: 204 | Rendering 25 / 32 samples
00:55.305  render           | Fra: 204 | Rendering 32 / 32 samples
00:55.314  render           | Video append frame 204
00:55.314  render           | Time: 00:00.25 (Saving: 00:00.00)
00:55.314  render           | Rendering frame 205
00:55.314  render           | Start rendering: MORI_Assembly_Animation, 视图层
00:55.314  render           | Engine: EEVEE
00:55.349  render           | Fra: 205 | Rendering 1 / 32 samples
00:55.512  render           | Fra: 205 | Rendering 25 / 32 samples
00:55.557  render           | Fra: 205 | Rendering 32 / 32 samples
00:55.565  render           | Video append frame 205
00:55.565  render           | Time: 00:00.25 (Saving: 00:00.00)
00:55.565  render           | Rendering frame 206
00:55.566  render           | Start rendering: MORI_Assembly_Animation, 视图层
00:55.566  render           | Engine: EEVEE
00:55.601  render           | Fra: 206 | Rendering 1 / 32 samples
00:55.748  render           | Fra: 206 | Rendering 25 / 32 samples
00:55.786  render           | Fra: 206 | Rendering 32 / 32 samples
00:55.794  render           | Video append frame 206
00:55.794  render           | Time: 00:00.22 (Saving: 00:00.00)
00:55.794  render           | Rendering frame 207
00:55.794  render           | Start rendering: MORI_Assembly_Animation, 视图层
00:55.794  render           | Engine: EEVEE
00:55.828  render           | Fra: 207 | Rendering 1 / 32 samples
00:55.964  render           | Fra: 207 | Rendering 25 / 32 samples
00:56.002  render           | Fra: 207 | Rendering 32 / 32 samples
00:56.011  render           | Video append frame 207
00:56.011  render           | Time: 00:00.21 (Saving: 00:00.00)
00:56.011  render           | Rendering frame 208
00:56.011  render           | Start rendering: MORI_Assembly_Animation, 视图层
00:56.011  render           | Engine: EEVEE
00:56.045  render           | Fra: 208 | Rendering 1 / 32 samples
00:56.181  render           | Fra: 208 | Rendering 25 / 32 samples
00:56.220  render           | Fra: 208 | Rendering 32 / 32 samples
00:56.228  render           | Video append frame 208
00:56.228  render           | Time: 00:00.21 (Saving: 00:00.00)
00:56.228  render           | Rendering frame 209
00:56.228  render           | Start rendering: MORI_Assembly_Animation, 视图层
00:56.228  render           | Engine: EEVEE
00:56.264  render           | Fra: 209 | Rendering 1 / 32 samples
00:56.399  render           | Fra: 209 | Rendering 25 / 32 samples
00:56.438  render           | Fra: 209 | Rendering 32 / 32 samples
00:56.445  render           | Video append frame 209
00:56.445  render           | Time: 00:00.21 (Saving: 00:00.00)
00:56.445  render           | Rendering frame 210
00:56.445  render           | Start rendering: MORI_Assembly_Animation, 视图层
00:56.445  render           | Engine: EEVEE
00:56.479  render           | Fra: 210 | Rendering 1 / 32 samples
00:56.616  render           | Fra: 210 | Rendering 25 / 32 samples
00:56.655  render           | Fra: 210 | Rendering 32 / 32 samples
00:56.663  render           | Video append frame 210
00:56.663  render           | Time: 00:00.21 (Saving: 00:00.00)
00:56.663  render           | Rendering frame 211
00:56.663  render           | Start rendering: MORI_Assembly_Animation, 视图层
00:56.663  render           | Engine: EEVEE
00:56.699  render           | Fra: 211 | Rendering 1 / 32 samples
00:56.834  render           | Fra: 211 | Rendering 25 / 32 samples
00:56.874  render           | Fra: 211 | Rendering 32 / 32 samples
00:56.891  render           | Video append frame 211
00:56.891  render           | Time: 00:00.22 (Saving: 00:00.01)
00:56.891  render           | Rendering frame 212
00:56.891  render           | Start rendering: MORI_Assembly_Animation, 视图层
00:56.891  render           | Engine: EEVEE
00:56.927  render           | Fra: 212 | Rendering 1 / 32 samples
00:57.063  render           | Fra: 212 | Rendering 25 / 32 samples
00:57.102  render           | Fra: 212 | Rendering 32 / 32 samples
00:57.124  render           | Video append frame 212
00:57.124  render           | Time: 00:00.23 (Saving: 00:00.01)
00:57.124  render           | Rendering frame 213
00:57.124  render           | Start rendering: MORI_Assembly_Animation, 视图层
00:57.124  render           | Engine: EEVEE
00:57.158  render           | Fra: 213 | Rendering 1 / 32 samples
00:57.295  render           | Fra: 213 | Rendering 25 / 32 samples
00:57.334  render           | Fra: 213 | Rendering 32 / 32 samples
00:57.361  render           | Video append frame 213
00:57.361  render           | Time: 00:00.23 (Saving: 00:00.01)
00:57.361  render           | Rendering frame 214
00:57.361  render           | Start rendering: MORI_Assembly_Animation, 视图层
00:57.361  render           | Engine: EEVEE
00:57.396  render           | Fra: 214 | Rendering 1 / 32 samples
00:57.533  render           | Fra: 214 | Rendering 25 / 32 samples
00:57.572  render           | Fra: 214 | Rendering 32 / 32 samples
00:57.595  render           | Video append frame 214
00:57.595  render           | Time: 00:00.23 (Saving: 00:00.01)
00:57.595  render           | Rendering frame 215
00:57.595  render           | Start rendering: MORI_Assembly_Animation, 视图层
00:57.595  render           | Engine: EEVEE
00:57.632  render           | Fra: 215 | Rendering 1 / 32 samples
00:57.770  render           | Fra: 215 | Rendering 25 / 32 samples
00:57.812  render           | Fra: 215 | Rendering 32 / 32 samples
00:57.837  render           | Video append frame 215
00:57.837  render           | Time: 00:00.24 (Saving: 00:00.02)
00:57.837  render           | Rendering frame 216
00:57.837  render           | Start rendering: MORI_Assembly_Animation, 视图层
00:57.837  render           | Engine: EEVEE
00:57.873  render           | Fra: 216 | Rendering 1 / 32 samples
00:58.014  render           | Fra: 216 | Rendering 25 / 32 samples
00:58.054  render           | Fra: 216 | Rendering 32 / 32 samples
00:58.079  render           | Video append frame 216
00:58.079  render           | Time: 00:00.24 (Saving: 00:00.02)
00:58.079  render           | Rendering frame 217
00:58.079  render           | Start rendering: MORI_Assembly_Animation, 视图层
00:58.079  render           | Engine: EEVEE
00:58.117  render           | Fra: 217 | Rendering 1 / 32 samples
00:58.258  render           | Fra: 217 | Rendering 25 / 32 samples
00:58.298  render           | Fra: 217 | Rendering 32 / 32 samples
00:58.321  render           | Video append frame 217
00:58.321  render           | Time: 00:00.24 (Saving: 00:00.01)
00:58.321  render           | Rendering frame 218
00:58.321  render           | Start rendering: MORI_Assembly_Animation, 视图层
00:58.321  render           | Engine: EEVEE
00:58.357  render           | Fra: 218 | Rendering 1 / 32 samples
00:58.501  render           | Fra: 218 | Rendering 25 / 32 samples
00:58.541  render           | Fra: 218 | Rendering 32 / 32 samples
00:58.568  render           | Video append frame 218
00:58.568  render           | Time: 00:00.24 (Saving: 00:00.02)
00:58.568  render           | Rendering frame 219
00:58.568  render           | Start rendering: MORI_Assembly_Animation, 视图层
00:58.568  render           | Engine: EEVEE
00:58.610  render           | Fra: 219 | Rendering 1 / 32 samples
00:58.755  render           | Fra: 219 | Rendering 25 / 32 samples
00:58.798  render           | Fra: 219 | Rendering 32 / 32 samples
00:58.808  render           | Video append frame 219
00:58.808  render           | Time: 00:00.23 (Saving: 00:00.00)
00:58.808  render           | Rendering frame 220
00:58.808  render           | Start rendering: MORI_Assembly_Animation, 视图层
00:58.808  render           | Engine: EEVEE
00:58.848  render           | Fra: 220 | Rendering 1 / 32 samples
00:58.991  render           | Fra: 220 | Rendering 25 / 32 samples
00:59.035  render           | Fra: 220 | Rendering 32 / 32 samples
00:59.044  render           | Video append frame 220
00:59.044  render           | Time: 00:00.23 (Saving: 00:00.00)
00:59.044  render           | Rendering frame 221
00:59.044  render           | Start rendering: MORI_Assembly_Animation, 视图层
00:59.044  render           | Engine: EEVEE
00:59.085  render           | Fra: 221 | Rendering 1 / 32 samples
00:59.231  render           | Fra: 221 | Rendering 25 / 32 samples
00:59.271  render           | Fra: 221 | Rendering 32 / 32 samples
00:59.280  render           | Video append frame 221
00:59.281  render           | Time: 00:00.23 (Saving: 00:00.00)
00:59.281  render           | Rendering frame 222
00:59.281  render           | Start rendering: MORI_Assembly_Animation, 视图层
00:59.281  render           | Engine: EEVEE
00:59.322  render           | Fra: 222 | Rendering 1 / 32 samples
00:59.466  render           | Fra: 222 | Rendering 25 / 32 samples
00:59.509  render           | Fra: 222 | Rendering 32 / 32 samples
00:59.519  render           | Video append frame 222
00:59.520  render           | Time: 00:00.23 (Saving: 00:00.00)
00:59.520  render           | Rendering frame 223
00:59.520  render           | Start rendering: MORI_Assembly_Animation, 视图层
00:59.520  render           | Engine: EEVEE
00:59.565  render           | Fra: 223 | Rendering 1 / 32 samples
00:59.712  render           | Fra: 223 | Rendering 25 / 32 samples
00:59.754  render           | Fra: 223 | Rendering 32 / 32 samples
00:59.764  render           | Video append frame 223
00:59.764  render           | Time: 00:00.24 (Saving: 00:00.00)
00:59.764  render           | Rendering frame 224
00:59.764  render           | Start rendering: MORI_Assembly_Animation, 视图层
00:59.764  render           | Engine: EEVEE
00:59.812  render           | Fra: 224 | Rendering 1 / 32 samples
00:59.963  render           | Fra: 224 | Rendering 25 / 32 samples
01:00.007  render           | Fra: 224 | Rendering 32 / 32 samples
01:00.016  render           | Video append frame 224
01:00.016  render           | Time: 00:00.25 (Saving: 00:00.00)
01:00.016  render           | Rendering frame 225
01:00.016  render           | Start rendering: MORI_Assembly_Animation, 视图层
01:00.016  render           | Engine: EEVEE
01:00.062  render           | Fra: 225 | Rendering 1 / 32 samples
01:00.215  render           | Fra: 225 | Rendering 25 / 32 samples
01:00.257  render           | Fra: 225 | Rendering 32 / 32 samples
01:00.266  render           | Video append frame 225
01:00.266  render           | Time: 00:00.25 (Saving: 00:00.00)
01:00.266  render           | Rendering frame 226
01:00.266  render           | Start rendering: MORI_Assembly_Animation, 视图层
01:00.266  render           | Engine: EEVEE
01:00.314  render           | Fra: 226 | Rendering 1 / 32 samples
01:00.462  render           | Fra: 226 | Rendering 25 / 32 samples
01:00.504  render           | Fra: 226 | Rendering 32 / 32 samples
01:00.512  render           | Video append frame 226
01:00.512  render           | Time: 00:00.24 (Saving: 00:00.00)
01:00.512  render           | Rendering frame 227
01:00.512  render           | Start rendering: MORI_Assembly_Animation, 视图层
01:00.512  render           | Engine: EEVEE
01:00.553  render           | Fra: 227 | Rendering 1 / 32 samples
01:00.696  render           | Fra: 227 | Rendering 25 / 32 samples
01:00.735  render           | Fra: 227 | Rendering 32 / 32 samples
01:00.743  render           | Video append frame 227
01:00.743  render           | Time: 00:00.23 (Saving: 00:00.00)
01:00.743  render           | Rendering frame 228
01:00.744  render           | Start rendering: MORI_Assembly_Animation, 视图层
01:00.744  render           | Engine: EEVEE
01:00.783  render           | Fra: 228 | Rendering 1 / 32 samples
01:00.918  render           | Fra: 228 | Rendering 25 / 32 samples
01:00.956  render           | Fra: 228 | Rendering 32 / 32 samples
01:00.965  render           | Video append frame 228
01:00.965  render           | Time: 00:00.22 (Saving: 00:00.00)
01:00.965  render           | Rendering frame 229
01:00.965  render           | Start rendering: MORI_Assembly_Animation, 视图层
01:00.965  render           | Engine: EEVEE
01:01.001  render           | Fra: 229 | Rendering 1 / 32 samples
01:01.135  render           | Fra: 229 | Rendering 25 / 32 samples
01:01.173  render           | Fra: 229 | Rendering 32 / 32 samples
01:01.182  render           | Video append frame 229
01:01.182  render           | Time: 00:00.21 (Saving: 00:00.00)
01:01.182  render           | Rendering frame 230
01:01.182  render           | Start rendering: MORI_Assembly_Animation, 视图层
01:01.182  render           | Engine: EEVEE
01:01.220  render           | Fra: 230 | Rendering 1 / 32 samples
01:01.351  render           | Fra: 230 | Rendering 25 / 32 samples
01:01.390  render           | Fra: 230 | Rendering 32 / 32 samples
01:01.399  render           | Video append frame 230
01:01.399  render           | Time: 00:00.21 (Saving: 00:00.00)
01:01.399  render           | Rendering frame 231
01:01.399  render           | Start rendering: MORI_Assembly_Animation, 视图层
01:01.399  render           | Engine: EEVEE
01:01.436  render           | Fra: 231 | Rendering 1 / 32 samples
01:01.568  render           | Fra: 231 | Rendering 25 / 32 samples
01:01.607  render           | Fra: 231 | Rendering 32 / 32 samples
01:01.615  render           | Video append frame 231
01:01.615  render           | Time: 00:00.21 (Saving: 00:00.00)
01:01.615  render           | Rendering frame 232
01:01.615  render           | Start rendering: MORI_Assembly_Animation, 视图层
01:01.615  render           | Engine: EEVEE
01:01.654  render           | Fra: 232 | Rendering 1 / 32 samples
01:01.789  render           | Fra: 232 | Rendering 25 / 32 samples
01:01.829  render           | Fra: 232 | Rendering 32 / 32 samples
01:01.837  render           | Video append frame 232
01:01.837  render           | Time: 00:00.22 (Saving: 00:00.00)
01:01.837  render           | Rendering frame 233
01:01.837  render           | Start rendering: MORI_Assembly_Animation, 视图层
01:01.837  render           | Engine: EEVEE
01:01.875  render           | Fra: 233 | Rendering 1 / 32 samples
01:02.006  render           | Fra: 233 | Rendering 25 / 32 samples
01:02.046  render           | Fra: 233 | Rendering 32 / 32 samples
01:02.054  render           | Video append frame 233
01:02.054  render           | Time: 00:00.21 (Saving: 00:00.00)
01:02.054  render           | Rendering frame 234
01:02.054  render           | Start rendering: MORI_Assembly_Animation, 视图层
01:02.054  render           | Engine: EEVEE
01:02.093  render           | Fra: 234 | Rendering 1 / 32 samples
01:02.230  render           | Fra: 234 | Rendering 25 / 32 samples
01:02.268  render           | Fra: 234 | Rendering 32 / 32 samples
01:02.291  render           | Video append frame 234
01:02.291  render           | Time: 00:00.23 (Saving: 00:00.02)
01:02.291  render           | Rendering frame 235
01:02.291  render           | Start rendering: MORI_Assembly_Animation, 视图层
01:02.291  render           | Engine: EEVEE
01:02.329  render           | Fra: 235 | Rendering 1 / 32 samples
01:02.468  render           | Fra: 235 | Rendering 25 / 32 samples
01:02.507  render           | Fra: 235 | Rendering 32 / 32 samples
01:02.552  render           | Video append frame 235
01:02.552  render           | Time: 00:00.26 (Saving: 00:00.03)
01:02.552  render           | Rendering frame 236
01:02.552  render           | Start rendering: MORI_Assembly_Animation, 视图层
01:02.552  render           | Engine: EEVEE
01:02.590  render           | Fra: 236 | Rendering 1 / 32 samples
01:02.729  render           | Fra: 236 | Rendering 25 / 32 samples
01:02.770  render           | Fra: 236 | Rendering 32 / 32 samples
01:02.791  render           | Video append frame 236
01:02.791  render           | Time: 00:00.23 (Saving: 00:00.01)
01:02.791  render           | Rendering frame 237
01:02.792  render           | Start rendering: MORI_Assembly_Animation, 视图层
01:02.792  render           | Engine: EEVEE
01:02.830  render           | Fra: 237 | Rendering 1 / 32 samples
01:02.968  render           | Fra: 237 | Rendering 25 / 32 samples
01:03.007  render           | Fra: 237 | Rendering 32 / 32 samples
01:03.032  render           | Video append frame 237
01:03.033  render           | Time: 00:00.24 (Saving: 00:00.02)
01:03.033  render           | Rendering frame 238
01:03.033  render           | Start rendering: MORI_Assembly_Animation, 视图层
01:03.033  render           | Engine: EEVEE
01:03.070  render           | Fra: 238 | Rendering 1 / 32 samples
01:03.206  render           | Fra: 238 | Rendering 25 / 32 samples
01:03.246  render           | Fra: 238 | Rendering 32 / 32 samples
01:03.269  render           | Video append frame 238
01:03.269  render           | Time: 00:00.23 (Saving: 00:00.01)
01:03.269  render           | Rendering frame 239
01:03.269  render           | Start rendering: MORI_Assembly_Animation, 视图层
01:03.269  render           | Engine: EEVEE
01:03.307  render           | Fra: 239 | Rendering 1 / 32 samples
01:03.442  render           | Fra: 239 | Rendering 25 / 32 samples
01:03.480  render           | Fra: 239 | Rendering 32 / 32 samples
01:03.518  render           | Video append frame 239
01:03.518  render           | Time: 00:00.24 (Saving: 00:00.03)
01:03.518  render           | Rendering frame 240
01:03.518  render           | Start rendering: MORI_Assembly_Animation, 视图层
01:03.518  render           | Engine: EEVEE
01:03.556  render           | Fra: 240 | Rendering 1 / 32 samples
01:03.689  render           | Fra: 240 | Rendering 25 / 32 samples
01:03.729  render           | Fra: 240 | Rendering 32 / 32 samples
01:03.754  render           | Video append frame 240
01:03.754  render           | Time: 00:00.23 (Saving: 00:00.02)
01:03.754  render           | Rendering frame 241
01:03.754  render           | Start rendering: MORI_Assembly_Animation, 视图层
01:03.754  render           | Engine: EEVEE
01:03.800  render           | Fra: 241 | Rendering 1 / 32 samples
01:03.935  render           | Fra: 241 | Rendering 25 / 32 samples
01:03.972  render           | Fra: 241 | Rendering 32 / 32 samples
01:03.980  render           | Video append frame 241
01:03.980  render           | Time: 00:00.22 (Saving: 00:00.00)
01:03.980  render           | Rendering frame 242
01:03.980  render           | Start rendering: MORI_Assembly_Animation, 视图层
01:03.980  render           | Engine: EEVEE
01:04.020  render           | Fra: 242 | Rendering 1 / 32 samples
01:04.161  render           | Fra: 242 | Rendering 25 / 32 samples
01:04.201  render           | Fra: 242 | Rendering 32 / 32 samples
01:04.210  render           | Video append frame 242
01:04.210  render           | Time: 00:00.22 (Saving: 00:00.00)
01:04.210  render           | Rendering frame 243
01:04.210  render           | Start rendering: MORI_Assembly_Animation, 视图层
01:04.210  render           | Engine: EEVEE
01:04.253  render           | Fra: 243 | Rendering 1 / 32 samples
01:04.410  render           | Fra: 243 | Rendering 25 / 32 samples
01:04.455  render           | Fra: 243 | Rendering 32 / 32 samples
01:04.465  render           | Video append frame 243
01:04.465  render           | Time: 00:00.25 (Saving: 00:00.00)
01:04.465  render           | Rendering frame 244
01:04.465  render           | Start rendering: MORI_Assembly_Animation, 视图层
01:04.465  render           | Engine: EEVEE
01:04.506  render           | Fra: 244 | Rendering 1 / 32 samples
01:04.666  render           | Fra: 244 | Rendering 25 / 32 samples
01:04.713  render           | Fra: 244 | Rendering 32 / 32 samples
01:04.721  render           | Video append frame 244
01:04.721  render           | Time: 00:00.25 (Saving: 00:00.00)
01:04.721  render           | Rendering frame 245
01:04.721  render           | Start rendering: MORI_Assembly_Animation, 视图层
01:04.721  render           | Engine: EEVEE
01:04.763  render           | Fra: 245 | Rendering 1 / 32 samples
01:04.924  render           | Fra: 245 | Rendering 25 / 32 samples
01:04.970  render           | Fra: 245 | Rendering 32 / 32 samples
01:04.979  render           | Video append frame 245
01:04.979  render           | Time: 00:00.25 (Saving: 00:00.00)
01:04.979  render           | Rendering frame 246
01:04.979  render           | Start rendering: MORI_Assembly_Animation, 视图层
01:04.979  render           | Engine: EEVEE
01:05.020  render           | Fra: 246 | Rendering 1 / 32 samples
01:05.189  render           | Fra: 246 | Rendering 25 / 32 samples
01:05.237  render           | Fra: 246 | Rendering 32 / 32 samples
01:05.246  render           | Video append frame 246
01:05.246  render           | Time: 00:00.26 (Saving: 00:00.00)
01:05.246  render           | Rendering frame 247
01:05.246  render           | Start rendering: MORI_Assembly_Animation, 视图层
01:05.246  render           | Engine: EEVEE
01:05.290  render           | Fra: 247 | Rendering 1 / 32 samples
01:05.459  render           | Fra: 247 | Rendering 25 / 32 samples
01:05.507  render           | Fra: 247 | Rendering 32 / 32 samples
01:05.516  render           | Video append frame 247
01:05.516  render           | Time: 00:00.26 (Saving: 00:00.00)
01:05.516  render           | Rendering frame 248
01:05.516  render           | Start rendering: MORI_Assembly_Animation, 视图层
01:05.516  render           | Engine: EEVEE
01:05.556  render           | Fra: 248 | Rendering 1 / 32 samples
01:05.718  render           | Fra: 248 | Rendering 25 / 32 samples
01:05.765  render           | Fra: 248 | Rendering 32 / 32 samples
01:05.774  render           | Video append frame 248
01:05.774  render           | Time: 00:00.25 (Saving: 00:00.00)
01:05.774  render           | Rendering frame 249
01:05.774  render           | Start rendering: MORI_Assembly_Animation, 视图层
01:05.774  render           | Engine: EEVEE
01:05.812  render           | Fra: 249 | Rendering 1 / 32 samples
01:05.973  render           | Fra: 249 | Rendering 25 / 32 samples
01:06.020  render           | Fra: 249 | Rendering 32 / 32 samples
01:06.029  render           | Video append frame 249
01:06.029  render           | Time: 00:00.25 (Saving: 00:00.00)
01:06.029  render           | Rendering frame 250
01:06.029  render           | Start rendering: MORI_Assembly_Animation, 视图层
01:06.029  render           | Engine: EEVEE
01:06.066  render           | Fra: 250 | Rendering 1 / 32 samples
01:06.229  render           | Fra: 250 | Rendering 25 / 32 samples
01:06.275  render           | Fra: 250 | Rendering 32 / 32 samples
01:06.284  render           | Video append frame 250
01:06.284  render           | Time: 00:00.25 (Saving: 00:00.00)
01:06.284  render           | Rendering frame 251
01:06.284  render           | Start rendering: MORI_Assembly_Animation, 视图层
01:06.284  render           | Engine: EEVEE
01:06.321  render           | Fra: 251 | Rendering 1 / 32 samples
01:06.482  render           | Fra: 251 | Rendering 25 / 32 samples
01:06.530  render           | Fra: 251 | Rendering 32 / 32 samples
01:06.539  render           | Video append frame 251
01:06.539  render           | Time: 00:00.25 (Saving: 00:00.00)
01:06.539  render           | Rendering frame 252
01:06.539  render           | Start rendering: MORI_Assembly_Animation, 视图层
01:06.539  render           | Engine: EEVEE
01:06.579  render           | Fra: 252 | Rendering 1 / 32 samples
01:06.742  render           | Fra: 252 | Rendering 25 / 32 samples
01:06.788  render           | Fra: 252 | Rendering 32 / 32 samples
01:06.797  render           | Video append frame 252
01:06.797  render           | Time: 00:00.25 (Saving: 00:00.00)
01:06.797  render           | Rendering frame 253
01:06.797  render           | Start rendering: MORI_Assembly_Animation, 视图层
01:06.797  render           | Engine: EEVEE
01:06.835  render           | Fra: 253 | Rendering 1 / 32 samples
01:06.997  render           | Fra: 253 | Rendering 25 / 32 samples
01:07.045  render           | Fra: 253 | Rendering 32 / 32 samples
01:07.053  render           | Video append frame 253
01:07.053  render           | Time: 00:00.25 (Saving: 00:00.00)
01:07.053  render           | Rendering frame 254
01:07.053  render           | Start rendering: MORI_Assembly_Animation, 视图层
01:07.053  render           | Engine: EEVEE
01:07.090  render           | Fra: 254 | Rendering 1 / 32 samples
01:07.252  render           | Fra: 254 | Rendering 25 / 32 samples
01:07.297  render           | Fra: 254 | Rendering 32 / 32 samples
01:07.308  render           | Video append frame 254
01:07.308  render           | Time: 00:00.25 (Saving: 00:00.00)
01:07.308  render           | Rendering frame 255
01:07.308  render           | Start rendering: MORI_Assembly_Animation, 视图层
01:07.308  render           | Engine: EEVEE
01:07.345  render           | Fra: 255 | Rendering 1 / 32 samples
01:07.505  render           | Fra: 255 | Rendering 25 / 32 samples
01:07.553  render           | Fra: 255 | Rendering 32 / 32 samples
01:07.574  render           | Video append frame 255
01:07.574  render           | Time: 00:00.26 (Saving: 00:00.01)
01:07.574  render           | Rendering frame 256
01:07.574  render           | Start rendering: MORI_Assembly_Animation, 视图层
01:07.574  render           | Engine: EEVEE
01:07.612  render           | Fra: 256 | Rendering 1 / 32 samples
01:07.775  render           | Fra: 256 | Rendering 25 / 32 samples
01:07.822  render           | Fra: 256 | Rendering 32 / 32 samples
01:07.848  render           | Video append frame 256
01:07.848  render           | Time: 00:00.27 (Saving: 00:00.02)
01:07.848  render           | Rendering frame 257
01:07.849  render           | Start rendering: MORI_Assembly_Animation, 视图层
01:07.849  render           | Engine: EEVEE
01:07.886  render           | Fra: 257 | Rendering 1 / 32 samples
01:08.052  render           | Fra: 257 | Rendering 25 / 32 samples
01:08.099  render           | Fra: 257 | Rendering 32 / 32 samples
01:08.133  render           | Video append frame 257
01:08.133  render           | Time: 00:00.28 (Saving: 00:00.02)
01:08.133  render           | Rendering frame 258
01:08.133  render           | Start rendering: MORI_Assembly_Animation, 视图层
01:08.133  render           | Engine: EEVEE
01:08.171  render           | Fra: 258 | Rendering 1 / 32 samples
01:08.344  render           | Fra: 258 | Rendering 25 / 32 samples
01:08.392  render           | Fra: 258 | Rendering 32 / 32 samples
01:08.416  render           | Video append frame 258
01:08.416  render           | Time: 00:00.28 (Saving: 00:00.01)
01:08.416  render           | Rendering frame 259
01:08.416  render           | Start rendering: MORI_Assembly_Animation, 视图层
01:08.416  render           | Engine: EEVEE
01:08.455  render           | Fra: 259 | Rendering 1 / 32 samples
01:08.622  render           | Fra: 259 | Rendering 25 / 32 samples
01:08.670  render           | Fra: 259 | Rendering 32 / 32 samples
01:08.688  render           | Video append frame 259
01:08.688  render           | Time: 00:00.27 (Saving: 00:00.01)
01:08.688  render           | Rendering frame 260
01:08.688  render           | Start rendering: MORI_Assembly_Animation, 视图层
01:08.688  render           | Engine: EEVEE
01:08.726  render           | Fra: 260 | Rendering 1 / 32 samples
01:08.892  render           | Fra: 260 | Rendering 25 / 32 samples
01:08.942  render           | Fra: 260 | Rendering 32 / 32 samples
01:08.951  render           | Video append frame 260
01:08.951  render           | Time: 00:00.26 (Saving: 00:00.00)
01:08.951  render           | Rendering frame 261
01:08.951  render           | Start rendering: MORI_Assembly_Animation, 视图层
01:08.951  render           | Engine: EEVEE
01:08.995  render           | Fra: 261 | Rendering 1 / 32 samples
01:09.163  render           | Fra: 261 | Rendering 25 / 32 samples
01:09.212  render           | Fra: 261 | Rendering 32 / 32 samples
01:09.221  render           | Video append frame 261
01:09.221  render           | Time: 00:00.26 (Saving: 00:00.00)
01:09.221  render           | Rendering frame 262
01:09.221  render           | Start rendering: MORI_Assembly_Animation, 视图层
01:09.221  render           | Engine: EEVEE
01:09.267  render           | Fra: 262 | Rendering 1 / 32 samples
01:09.437  render           | Fra: 262 | Rendering 25 / 32 samples
01:09.485  render           | Fra: 262 | Rendering 32 / 32 samples
01:09.495  render           | Video append frame 262
01:09.495  render           | Time: 00:00.27 (Saving: 00:00.00)
01:09.495  render           | Rendering frame 263
01:09.495  render           | Start rendering: MORI_Assembly_Animation, 视图层
01:09.495  render           | Engine: EEVEE
01:09.538  render           | Fra: 263 | Rendering 1 / 32 samples
01:09.716  render           | Fra: 263 | Rendering 25 / 32 samples
01:09.766  render           | Fra: 263 | Rendering 32 / 32 samples
01:09.775  render           | Video append frame 263
01:09.775  render           | Time: 00:00.28 (Saving: 00:00.00)
01:09.775  render           | Rendering frame 264
01:09.775  render           | Start rendering: MORI_Assembly_Animation, 视图层
01:09.775  render           | Engine: EEVEE
01:09.816  render           | Fra: 264 | Rendering 1 / 32 samples
01:09.984  render           | Fra: 264 | Rendering 25 / 32 samples
01:10.030  render           | Fra: 264 | Rendering 32 / 32 samples
01:10.038  render           | Video append frame 264
01:10.038  render           | Time: 00:00.26 (Saving: 00:00.00)
01:10.038  render           | Rendering frame 265
01:10.038  render           | Start rendering: MORI_Assembly_Animation, 视图层
01:10.038  render           | Engine: EEVEE
01:10.080  render           | Fra: 265 | Rendering 1 / 32 samples
01:10.246  render           | Fra: 265 | Rendering 25 / 32 samples
01:10.295  render           | Fra: 265 | Rendering 32 / 32 samples
01:10.305  render           | Video append frame 265
01:10.305  render           | Time: 00:00.26 (Saving: 00:00.00)
01:10.305  render           | Rendering frame 266
01:10.305  render           | Start rendering: MORI_Assembly_Animation, 视图层
01:10.305  render           | Engine: EEVEE
01:10.347  render           | Fra: 266 | Rendering 1 / 32 samples
01:10.513  render           | Fra: 266 | Rendering 25 / 32 samples
01:10.559  render           | Fra: 266 | Rendering 32 / 32 samples
01:10.568  render           | Video append frame 266
01:10.568  render           | Time: 00:00.26 (Saving: 00:00.00)
01:10.568  render           | Rendering frame 267
01:10.568  render           | Start rendering: MORI_Assembly_Animation, 视图层
01:10.568  render           | Engine: EEVEE
01:10.605  render           | Fra: 267 | Rendering 1 / 32 samples
01:10.773  render           | Fra: 267 | Rendering 25 / 32 samples
01:10.820  render           | Fra: 267 | Rendering 32 / 32 samples
01:10.829  render           | Video append frame 267
01:10.829  render           | Time: 00:00.26 (Saving: 00:00.00)
01:10.829  render           | Rendering frame 268
01:10.829  render           | Start rendering: MORI_Assembly_Animation, 视图层
01:10.829  render           | Engine: EEVEE
01:10.865  render           | Fra: 268 | Rendering 1 / 32 samples
01:11.026  render           | Fra: 268 | Rendering 25 / 32 samples
01:11.072  render           | Fra: 268 | Rendering 32 / 32 samples
01:11.081  render           | Video append frame 268
01:11.081  render           | Time: 00:00.25 (Saving: 00:00.00)
01:11.081  render           | Rendering frame 269
01:11.081  render           | Start rendering: MORI_Assembly_Animation, 视图层
01:11.081  render           | Engine: EEVEE
01:11.120  render           | Fra: 269 | Rendering 1 / 32 samples
01:11.286  render           | Fra: 269 | Rendering 25 / 32 samples
01:11.335  render           | Fra: 269 | Rendering 32 / 32 samples
01:11.342  render           | Video append frame 269
01:11.342  render           | Time: 00:00.26 (Saving: 00:00.00)
01:11.342  render           | Rendering frame 270
01:11.342  render           | Start rendering: MORI_Assembly_Animation, 视图层
01:11.342  render           | Engine: EEVEE
01:11.381  render           | Fra: 270 | Rendering 1 / 32 samples
01:11.548  render           | Fra: 270 | Rendering 25 / 32 samples
01:11.597  render           | Fra: 270 | Rendering 32 / 32 samples
01:11.605  render           | Video append frame 270
01:11.605  render           | Time: 00:00.26 (Saving: 00:00.00)
01:11.605  render           | Rendering frame 271
01:11.605  render           | Start rendering: MORI_Assembly_Animation, 视图层
01:11.605  render           | Engine: EEVEE
01:11.650  render           | Fra: 271 | Rendering 1 / 32 samples
01:11.829  render           | Fra: 271 | Rendering 25 / 32 samples
01:11.872  render           | Fra: 271 | Rendering 32 / 32 samples
01:11.881  render           | Video append frame 271
01:11.881  render           | Time: 00:00.27 (Saving: 00:00.00)
01:11.881  render           | Rendering frame 272
01:11.881  render           | Start rendering: MORI_Assembly_Animation, 视图层
01:11.881  render           | Engine: EEVEE
01:11.919  render           | Fra: 272 | Rendering 1 / 32 samples
01:12.056  render           | Fra: 272 | Rendering 25 / 32 samples
01:12.092  render           | Fra: 272 | Rendering 32 / 32 samples
01:12.101  render           | Video append frame 272
01:12.101  render           | Time: 00:00.21 (Saving: 00:00.00)
01:12.101  render           | Rendering frame 273
01:12.101  render           | Start rendering: MORI_Assembly_Animation, 视图层
01:12.101  render           | Engine: EEVEE
01:12.139  render           | Fra: 273 | Rendering 1 / 32 samples
01:12.270  render           | Fra: 273 | Rendering 25 / 32 samples
01:12.306  render           | Fra: 273 | Rendering 32 / 32 samples
01:12.333  render           | Video append frame 273
01:12.334  render           | Time: 00:00.23 (Saving: 00:00.02)
01:12.334  render           | Rendering frame 274
01:12.334  render           | Start rendering: MORI_Assembly_Animation, 视图层
01:12.334  render           | Engine: EEVEE
01:12.371  render           | Fra: 274 | Rendering 1 / 32 samples
01:12.497  render           | Fra: 274 | Rendering 25 / 32 samples
01:12.534  render           | Fra: 274 | Rendering 32 / 32 samples
01:12.552  render           | Video append frame 274
01:12.552  render           | Time: 00:00.21 (Saving: 00:00.01)
01:12.552  render           | Rendering frame 275
01:12.553  render           | Start rendering: MORI_Assembly_Animation, 视图层
01:12.553  render           | Engine: EEVEE
01:12.587  render           | Fra: 275 | Rendering 1 / 32 samples
01:12.714  render           | Fra: 275 | Rendering 25 / 32 samples
01:12.751  render           | Fra: 275 | Rendering 32 / 32 samples
01:12.766  render           | Video append frame 275
01:12.766  render           | Time: 00:00.21 (Saving: 00:00.01)
01:12.766  render           | Rendering frame 276
01:12.766  render           | Start rendering: MORI_Assembly_Animation, 视图层
01:12.766  render           | Engine: EEVEE
01:12.804  render           | Fra: 276 | Rendering 1 / 32 samples
01:12.935  render           | Fra: 276 | Rendering 25 / 32 samples
01:12.974  render           | Fra: 276 | Rendering 32 / 32 samples
01:12.998  render           | Video append frame 276
01:12.998  render           | Time: 00:00.23 (Saving: 00:00.02)
01:12.998  render           | Rendering frame 277
01:12.999  render           | Start rendering: MORI_Assembly_Animation, 视图层
01:12.999  render           | Engine: EEVEE
01:13.037  render           | Fra: 277 | Rendering 1 / 32 samples
01:13.169  render           | Fra: 277 | Rendering 25 / 32 samples
01:13.205  render           | Fra: 277 | Rendering 32 / 32 samples
01:13.233  render           | Video append frame 277
01:13.233  render           | Time: 00:00.23 (Saving: 00:00.02)
01:13.233  render           | Rendering frame 278
01:13.233  render           | Start rendering: MORI_Assembly_Animation, 视图层
01:13.233  render           | Engine: EEVEE
01:13.267  render           | Fra: 278 | Rendering 1 / 32 samples
01:13.401  render           | Fra: 278 | Rendering 25 / 32 samples
01:13.439  render           | Fra: 278 | Rendering 32 / 32 samples
01:13.455  render           | Video append frame 278
01:13.455  render           | Time: 00:00.22 (Saving: 00:00.01)
01:13.455  render           | Rendering frame 279
01:13.455  render           | Start rendering: MORI_Assembly_Animation, 视图层
01:13.455  render           | Engine: EEVEE
01:13.495  render           | Fra: 279 | Rendering 1 / 32 samples
01:13.629  render           | Fra: 279 | Rendering 25 / 32 samples
01:13.666  render           | Fra: 279 | Rendering 32 / 32 samples
01:13.689  render           | Video append frame 279
01:13.689  render           | Time: 00:00.23 (Saving: 00:00.01)
01:13.689  render           | Rendering frame 280
01:13.689  render           | Start rendering: MORI_Assembly_Animation, 视图层
01:13.689  render           | Engine: EEVEE
01:13.729  render           | Fra: 280 | Rendering 1 / 32 samples
01:13.863  render           | Fra: 280 | Rendering 25 / 32 samples
01:13.901  render           | Fra: 280 | Rendering 32 / 32 samples
01:13.927  render           | Video append frame 280
01:13.927  render           | Time: 00:00.23 (Saving: 00:00.02)
01:13.927  render           | Rendering frame 281
01:13.927  render           | Start rendering: MORI_Assembly_Animation, 视图层
01:13.927  render           | Engine: EEVEE
01:13.968  render           | Fra: 281 | Rendering 1 / 32 samples
01:14.110  render           | Fra: 281 | Rendering 25 / 32 samples
01:14.150  render           | Fra: 281 | Rendering 32 / 32 samples
01:14.167  render           | Video append frame 281
01:14.167  render           | Time: 00:00.23 (Saving: 00:00.01)
01:14.167  render           | Rendering frame 282
01:14.167  render           | Start rendering: MORI_Assembly_Animation, 视图层
01:14.167  render           | Engine: EEVEE
01:14.207  render           | Fra: 282 | Rendering 1 / 32 samples
01:14.344  render           | Fra: 282 | Rendering 25 / 32 samples
01:14.384  render           | Fra: 282 | Rendering 32 / 32 samples
01:14.409  render           | Video append frame 282
01:14.409  render           | Time: 00:00.24 (Saving: 00:00.02)
01:14.409  render           | Rendering frame 283
01:14.409  render           | Start rendering: MORI_Assembly_Animation, 视图层
01:14.409  render           | Engine: EEVEE
01:14.447  render           | Fra: 283 | Rendering 1 / 32 samples
01:14.588  render           | Fra: 283 | Rendering 25 / 32 samples
01:14.630  render           | Fra: 283 | Rendering 32 / 32 samples
01:14.647  render           | Video append frame 283
01:14.647  render           | Time: 00:00.23 (Saving: 00:00.01)
01:14.647  render           | Rendering frame 284
01:14.647  render           | Start rendering: MORI_Assembly_Animation, 视图层
01:14.647  render           | Engine: EEVEE
01:14.687  render           | Fra: 284 | Rendering 1 / 32 samples
01:14.816  render           | Fra: 284 | Rendering 25 / 32 samples
01:14.853  render           | Fra: 284 | Rendering 32 / 32 samples
01:14.868  render           | Video append frame 284
01:14.868  render           | Time: 00:00.22 (Saving: 00:00.01)
01:14.868  render           | Rendering frame 285
01:14.868  render           | Start rendering: MORI_Assembly_Animation, 视图层
01:14.868  render           | Engine: EEVEE
01:14.908  render           | Fra: 285 | Rendering 1 / 32 samples
01:15.037  render           | Fra: 285 | Rendering 25 / 32 samples
01:15.075  render           | Fra: 285 | Rendering 32 / 32 samples
01:15.084  render           | Video append frame 285
01:15.084  render           | Time: 00:00.21 (Saving: 00:00.00)
01:15.084  render           | Rendering frame 286
01:15.085  render           | Start rendering: MORI_Assembly_Animation, 视图层
01:15.085  render           | Engine: EEVEE
01:15.130  render           | Fra: 286 | Rendering 1 / 32 samples
01:15.260  render           | Fra: 286 | Rendering 25 / 32 samples
01:15.297  render           | Fra: 286 | Rendering 32 / 32 samples
01:15.306  render           | Video append frame 286
01:15.306  render           | Time: 00:00.22 (Saving: 00:00.00)
01:15.306  render           | Rendering frame 287
01:15.306  render           | Start rendering: MORI_Assembly_Animation, 视图层
01:15.306  render           | Engine: EEVEE
01:15.349  render           | Fra: 287 | Rendering 1 / 32 samples
01:15.481  render           | Fra: 287 | Rendering 25 / 32 samples
01:15.518  render           | Fra: 287 | Rendering 32 / 32 samples
01:15.528  render           | Video append frame 287
01:15.528  render           | Time: 00:00.22 (Saving: 00:00.00)
01:15.528  render           | Rendering frame 288
01:15.528  render           | Start rendering: MORI_Assembly_Animation, 视图层
01:15.528  render           | Engine: EEVEE
01:15.571  render           | Fra: 288 | Rendering 1 / 32 samples
01:15.709  render           | Fra: 288 | Rendering 25 / 32 samples
01:15.748  render           | Fra: 288 | Rendering 32 / 32 samples
01:15.756  render           | Video append frame 288
01:15.756  render           | Time: 00:00.22 (Saving: 00:00.00)
01:15.756  render           | Rendering frame 289
01:15.756  render           | Start rendering: MORI_Assembly_Animation, 视图层
01:15.756  render           | Engine: EEVEE
01:15.798  render           | Fra: 289 | Rendering 1 / 32 samples
01:15.935  render           | Fra: 289 | Rendering 25 / 32 samples
01:15.975  render           | Fra: 289 | Rendering 32 / 32 samples
01:15.990  render           | Video append frame 289
01:15.990  render           | Time: 00:00.23 (Saving: 00:00.01)
01:15.990  render           | Rendering frame 290
01:15.990  render           | Start rendering: MORI_Assembly_Animation, 视图层
01:15.990  render           | Engine: EEVEE
01:16.031  render           | Fra: 290 | Rendering 1 / 32 samples
01:16.166  render           | Fra: 290 | Rendering 25 / 32 samples
01:16.204  render           | Fra: 290 | Rendering 32 / 32 samples
01:16.214  render           | Video append frame 290
01:16.214  render           | Time: 00:00.22 (Saving: 00:00.00)
01:16.214  render           | Rendering frame 291
01:16.214  render           | Start rendering: MORI_Assembly_Animation, 视图层
01:16.214  render           | Engine: EEVEE
01:16.257  render           | Fra: 291 | Rendering 1 / 32 samples
01:16.391  render           | Fra: 291 | Rendering 25 / 32 samples
01:16.433  render           | Fra: 291 | Rendering 32 / 32 samples
01:16.441  render           | Video append frame 291
01:16.441  render           | Time: 00:00.22 (Saving: 00:00.00)
01:16.441  render           | Rendering frame 292
01:16.441  render           | Start rendering: MORI_Assembly_Animation, 视图层
01:16.442  render           | Engine: EEVEE
01:16.486  render           | Fra: 292 | Rendering 1 / 32 samples
01:16.620  render           | Fra: 292 | Rendering 25 / 32 samples
01:16.658  render           | Fra: 292 | Rendering 32 / 32 samples
01:16.667  render           | Video append frame 292
01:16.667  render           | Time: 00:00.22 (Saving: 00:00.00)
01:16.667  render           | Rendering frame 293
01:16.667  render           | Start rendering: MORI_Assembly_Animation, 视图层
01:16.667  render           | Engine: EEVEE
01:16.711  render           | Fra: 293 | Rendering 1 / 32 samples
01:16.839  render           | Fra: 293 | Rendering 25 / 32 samples
01:16.875  render           | Fra: 293 | Rendering 32 / 32 samples
01:16.883  render           | Video append frame 293
01:16.883  render           | Time: 00:00.21 (Saving: 00:00.00)
01:16.883  render           | Rendering frame 294
01:16.883  render           | Start rendering: MORI_Assembly_Animation, 视图层
01:16.883  render           | Engine: EEVEE
01:16.922  render           | Fra: 294 | Rendering 1 / 32 samples
01:17.049  render           | Fra: 294 | Rendering 25 / 32 samples
01:17.085  render           | Fra: 294 | Rendering 32 / 32 samples
01:17.093  render           | Video append frame 294
01:17.093  render           | Time: 00:00.20 (Saving: 00:00.00)
01:17.093  render           | Rendering frame 295
01:17.093  render           | Start rendering: MORI_Assembly_Animation, 视图层
01:17.093  render           | Engine: EEVEE
01:17.129  render           | Fra: 295 | Rendering 1 / 32 samples
01:17.257  render           | Fra: 295 | Rendering 25 / 32 samples
01:17.295  render           | Fra: 295 | Rendering 32 / 32 samples
01:17.305  render           | Video append frame 295
01:17.305  render           | Time: 00:00.21 (Saving: 00:00.00)
01:17.305  render           | Rendering frame 296
01:17.305  render           | Start rendering: MORI_Assembly_Animation, 视图层
01:17.305  render           | Engine: EEVEE
01:17.341  render           | Fra: 296 | Rendering 1 / 32 samples
01:17.469  render           | Fra: 296 | Rendering 25 / 32 samples
01:17.505  render           | Fra: 296 | Rendering 32 / 32 samples
01:17.513  render           | Video append frame 296
01:17.513  render           | Time: 00:00.20 (Saving: 00:00.00)
01:17.513  render           | Rendering frame 297
01:17.513  render           | Start rendering: MORI_Assembly_Animation, 视图层
01:17.513  render           | Engine: EEVEE
01:17.550  render           | Fra: 297 | Rendering 1 / 32 samples
01:17.678  render           | Fra: 297 | Rendering 25 / 32 samples
01:17.714  render           | Fra: 297 | Rendering 32 / 32 samples
01:17.724  render           | Video append frame 297
01:17.724  render           | Time: 00:00.21 (Saving: 00:00.00)
01:17.724  render           | Rendering frame 298
01:17.724  render           | Start rendering: MORI_Assembly_Animation, 视图层
01:17.724  render           | Engine: EEVEE
01:17.762  render           | Fra: 298 | Rendering 1 / 32 samples
01:17.891  render           | Fra: 298 | Rendering 25 / 32 samples
01:17.927  render           | Fra: 298 | Rendering 32 / 32 samples
01:17.936  render           | Video append frame 298
01:17.936  render           | Time: 00:00.21 (Saving: 00:00.00)
01:17.936  render           | Rendering frame 299
01:17.936  render           | Start rendering: MORI_Assembly_Animation, 视图层
01:17.936  render           | Engine: EEVEE
01:17.973  render           | Fra: 299 | Rendering 1 / 32 samples
01:18.099  render           | Fra: 299 | Rendering 25 / 32 samples
01:18.135  render           | Fra: 299 | Rendering 32 / 32 samples
01:18.144  render           | Video append frame 299
01:18.144  render           | Time: 00:00.20 (Saving: 00:00.00)
01:18.144  render           | Rendering frame 300
01:18.144  render           | Start rendering: MORI_Assembly_Animation, 视图层
01:18.144  render           | Engine: EEVEE
01:18.181  render           | Fra: 300 | Rendering 1 / 32 samples
01:18.307  render           | Fra: 300 | Rendering 25 / 32 samples
01:18.346  render           | Fra: 300 | Rendering 32 / 32 samples
01:18.354  render           | Video append frame 300
01:18.354  render           | Time: 00:00.20 (Saving: 00:00.00)
01:18.354  render           | Rendering frame 301
01:18.354  render           | Start rendering: MORI_Assembly_Animation, 视图层
01:18.354  render           | Engine: EEVEE
01:18.392  render           | Fra: 301 | Rendering 1 / 32 samples
01:18.522  render           | Fra: 301 | Rendering 25 / 32 samples
01:18.561  render           | Fra: 301 | Rendering 32 / 32 samples
01:18.595  render           | Video append frame 301
01:18.595  render           | Time: 00:00.24 (Saving: 00:00.02)
01:18.595  render           | Rendering frame 302
01:18.595  render           | Start rendering: MORI_Assembly_Animation, 视图层
01:18.595  render           | Engine: EEVEE
01:18.632  render           | Fra: 302 | Rendering 1 / 32 samples
01:18.762  render           | Fra: 302 | Rendering 25 / 32 samples
01:18.799  render           | Fra: 302 | Rendering 32 / 32 samples
01:18.823  render           | Video append frame 302
01:18.823  render           | Time: 00:00.22 (Saving: 00:00.01)
01:18.823  render           | Rendering frame 303
01:18.823  render           | Start rendering: MORI_Assembly_Animation, 视图层
01:18.823  render           | Engine: EEVEE
01:18.859  render           | Fra: 303 | Rendering 1 / 32 samples
01:18.986  render           | Fra: 303 | Rendering 25 / 32 samples
01:19.023  render           | Fra: 303 | Rendering 32 / 32 samples
01:19.055  render           | Video append frame 303
01:19.055  render           | Time: 00:00.23 (Saving: 00:00.02)
01:19.055  render           | Rendering frame 304
01:19.055  render           | Start rendering: MORI_Assembly_Animation, 视图层
01:19.055  render           | Engine: EEVEE
01:19.094  render           | Fra: 304 | Rendering 1 / 32 samples
01:19.224  render           | Fra: 304 | Rendering 25 / 32 samples
01:19.263  render           | Fra: 304 | Rendering 32 / 32 samples
01:19.293  render           | Video append frame 304
01:19.293  render           | Time: 00:00.23 (Saving: 00:00.02)
01:19.293  render           | Rendering frame 305
01:19.293  render           | Start rendering: MORI_Assembly_Animation, 视图层
01:19.293  render           | Engine: EEVEE
01:19.332  render           | Fra: 305 | Rendering 1 / 32 samples
01:19.460  render           | Fra: 305 | Rendering 25 / 32 samples
01:19.497  render           | Fra: 305 | Rendering 32 / 32 samples
01:19.529  render           | Video append frame 305
01:19.529  render           | Time: 00:00.23 (Saving: 00:00.02)
01:19.529  render           | Rendering frame 306
01:19.530  render           | Start rendering: MORI_Assembly_Animation, 视图层
01:19.530  render           | Engine: EEVEE
01:19.564  render           | Fra: 306 | Rendering 1 / 32 samples
01:19.692  render           | Fra: 306 | Rendering 25 / 32 samples
01:19.728  render           | Fra: 306 | Rendering 32 / 32 samples
01:19.747  render           | Video append frame 306
01:19.747  render           | Time: 00:00.21 (Saving: 00:00.01)
01:19.747  render           | Rendering frame 307
01:19.747  render           | Start rendering: MORI_Assembly_Animation, 视图层
01:19.747  render           | Engine: EEVEE
01:19.798  render           | Fra: 307 | Rendering 1 / 32 samples
01:19.932  render           | Fra: 307 | Rendering 25 / 32 samples
01:19.971  render           | Fra: 307 | Rendering 32 / 32 samples
01:19.982  render           | Video append frame 307
01:19.982  render           | Time: 00:00.23 (Saving: 00:00.00)
01:19.982  render           | Rendering frame 308
01:19.982  render           | Start rendering: MORI_Assembly_Animation, 视图层
01:19.982  render           | Engine: EEVEE
01:20.030  render           | Fra: 308 | Rendering 1 / 32 samples
01:20.170  render           | Fra: 308 | Rendering 25 / 32 samples
01:20.211  render           | Fra: 308 | Rendering 32 / 32 samples
01:20.220  render           | Video append frame 308
01:20.221  render           | Time: 00:00.23 (Saving: 00:00.00)
01:20.221  render           | Rendering frame 309
01:20.221  render           | Start rendering: MORI_Assembly_Animation, 视图层
01:20.221  render           | Engine: EEVEE
01:20.275  render           | Fra: 309 | Rendering 1 / 32 samples
01:20.408  render           | Fra: 309 | Rendering 25 / 32 samples
01:20.446  render           | Fra: 309 | Rendering 32 / 32 samples
01:20.455  render           | Video append frame 309
01:20.455  render           | Time: 00:00.23 (Saving: 00:00.00)
01:20.455  render           | Rendering frame 310
01:20.455  render           | Start rendering: MORI_Assembly_Animation, 视图层
01:20.455  render           | Engine: EEVEE
01:20.498  render           | Fra: 310 | Rendering 1 / 32 samples
01:20.630  render           | Fra: 310 | Rendering 25 / 32 samples
01:20.669  render           | Fra: 310 | Rendering 32 / 32 samples
01:20.678  render           | Video append frame 310
01:20.678  render           | Time: 00:00.22 (Saving: 00:00.00)
01:20.678  render           | Rendering frame 311
01:20.678  render           | Start rendering: MORI_Assembly_Animation, 视图层
01:20.678  render           | Engine: EEVEE
01:20.720  render           | Fra: 311 | Rendering 1 / 32 samples
01:20.857  render           | Fra: 311 | Rendering 25 / 32 samples
01:20.897  render           | Fra: 311 | Rendering 32 / 32 samples
01:20.907  render           | Video append frame 311
01:20.907  render           | Time: 00:00.22 (Saving: 00:00.00)
01:20.907  render           | Rendering frame 312
01:20.907  render           | Start rendering: MORI_Assembly_Animation, 视图层
01:20.907  render           | Engine: EEVEE
01:20.952  render           | Fra: 312 | Rendering 1 / 32 samples
01:21.084  render           | Fra: 312 | Rendering 25 / 32 samples
01:21.124  render           | Fra: 312 | Rendering 32 / 32 samples
01:21.132  render           | Video append frame 312
01:21.133  render           | Time: 00:00.22 (Saving: 00:00.00)
01:21.133  render           | Rendering frame 313
01:21.133  render           | Start rendering: MORI_Assembly_Animation, 视图层
01:21.133  render           | Engine: EEVEE
01:21.176  render           | Fra: 313 | Rendering 1 / 32 samples
01:21.310  render           | Fra: 313 | Rendering 25 / 32 samples
01:21.348  render           | Fra: 313 | Rendering 32 / 32 samples
01:21.356  render           | Video append frame 313
01:21.356  render           | Time: 00:00.22 (Saving: 00:00.00)
01:21.356  render           | Rendering frame 314
01:21.357  render           | Start rendering: MORI_Assembly_Animation, 视图层
01:21.357  render           | Engine: EEVEE
01:21.403  render           | Fra: 314 | Rendering 1 / 32 samples
01:21.535  render           | Fra: 314 | Rendering 25 / 32 samples
01:21.572  render           | Fra: 314 | Rendering 32 / 32 samples
01:21.580  render           | Video append frame 314
01:21.580  render           | Time: 00:00.22 (Saving: 00:00.00)
01:21.580  render           | Rendering frame 315
01:21.580  render           | Start rendering: MORI_Assembly_Animation, 视图层
01:21.580  render           | Engine: EEVEE
01:21.626  render           | Fra: 315 | Rendering 1 / 32 samples
01:21.752  render           | Fra: 315 | Rendering 25 / 32 samples
01:21.790  render           | Fra: 315 | Rendering 32 / 32 samples
01:21.798  render           | Video append frame 315
01:21.798  render           | Time: 00:00.21 (Saving: 00:00.00)
01:21.798  render           | Rendering frame 316
01:21.799  render           | Start rendering: MORI_Assembly_Animation, 视图层
01:21.799  render           | Engine: EEVEE
01:21.835  render           | Fra: 316 | Rendering 1 / 32 samples
01:21.967  render           | Fra: 316 | Rendering 25 / 32 samples
01:22.006  render           | Fra: 316 | Rendering 32 / 32 samples
01:22.025  render           | Video append frame 316
01:22.025  render           | Time: 00:00.22 (Saving: 00:00.01)
01:22.025  render           | Rendering frame 317
01:22.025  render           | Start rendering: MORI_Assembly_Animation, 视图层
01:22.025  render           | Engine: EEVEE
01:22.068  render           | Fra: 317 | Rendering 1 / 32 samples
01:22.199  render           | Fra: 317 | Rendering 25 / 32 samples
01:22.236  render           | Fra: 317 | Rendering 32 / 32 samples
01:22.244  render           | Video append frame 317
01:22.244  render           | Time: 00:00.21 (Saving: 00:00.00)
01:22.244  render           | Rendering frame 318
01:22.244  render           | Start rendering: MORI_Assembly_Animation, 视图层
01:22.244  render           | Engine: EEVEE
01:22.285  render           | Fra: 318 | Rendering 1 / 32 samples
01:22.411  render           | Fra: 318 | Rendering 25 / 32 samples
01:22.447  render           | Fra: 318 | Rendering 32 / 32 samples
01:22.456  render           | Video append frame 318
01:22.456  render           | Time: 00:00.21 (Saving: 00:00.00)
01:22.456  render           | Rendering frame 319
01:22.456  render           | Start rendering: MORI_Assembly_Animation, 视图层
01:22.456  render           | Engine: EEVEE
01:22.497  render           | Fra: 319 | Rendering 1 / 32 samples
01:22.624  render           | Fra: 319 | Rendering 25 / 32 samples
01:22.664  render           | Fra: 319 | Rendering 32 / 32 samples
01:22.673  render           | Video append frame 319
01:22.673  render           | Time: 00:00.21 (Saving: 00:00.00)
01:22.673  render           | Rendering frame 320
01:22.673  render           | Start rendering: MORI_Assembly_Animation, 视图层
01:22.673  render           | Engine: EEVEE
01:22.713  render           | Fra: 320 | Rendering 1 / 32 samples
01:22.841  render           | Fra: 320 | Rendering 25 / 32 samples
01:22.880  render           | Fra: 320 | Rendering 32 / 32 samples
01:22.888  render           | Video append frame 320
01:22.888  render           | Time: 00:00.21 (Saving: 00:00.00)
01:22.888  render           | Rendering frame 321
01:22.888  render           | Start rendering: MORI_Assembly_Animation, 视图层
01:22.888  render           | Engine: EEVEE
01:22.928  render           | Fra: 321 | Rendering 1 / 32 samples
01:23.057  render           | Fra: 321 | Rendering 25 / 32 samples
01:23.096  render           | Fra: 321 | Rendering 32 / 32 samples
01:23.104  render           | Video append frame 321
01:23.104  render           | Time: 00:00.21 (Saving: 00:00.00)
01:23.104  render           | Rendering frame 322
01:23.104  render           | Start rendering: MORI_Assembly_Animation, 视图层
01:23.104  render           | Engine: EEVEE
01:23.145  render           | Fra: 322 | Rendering 1 / 32 samples
01:23.273  render           | Fra: 322 | Rendering 25 / 32 samples
01:23.309  render           | Fra: 322 | Rendering 32 / 32 samples
01:23.353  render           | Video append frame 322
01:23.353  render           | Time: 00:00.24 (Saving: 00:00.03)
01:23.353  render           | Rendering frame 323
01:23.353  render           | Start rendering: MORI_Assembly_Animation, 视图层
01:23.353  render           | Engine: EEVEE
01:23.390  render           | Fra: 323 | Rendering 1 / 32 samples
01:23.517  render           | Fra: 323 | Rendering 25 / 32 samples
01:23.556  render           | Fra: 323 | Rendering 32 / 32 samples
01:23.590  render           | Video append frame 323
01:23.590  render           | Time: 00:00.23 (Saving: 00:00.02)
01:23.590  render           | Rendering frame 324
01:23.590  render           | Start rendering: MORI_Assembly_Animation, 视图层
01:23.590  render           | Engine: EEVEE
01:23.627  render           | Fra: 324 | Rendering 1 / 32 samples
01:23.756  render           | Fra: 324 | Rendering 25 / 32 samples
01:23.792  render           | Fra: 324 | Rendering 32 / 32 samples
01:23.814  render           | Video append frame 324
01:23.814  render           | Time: 00:00.22 (Saving: 00:00.01)
01:23.814  render           | Rendering frame 325
01:23.814  render           | Start rendering: MORI_Assembly_Animation, 视图层
01:23.814  render           | Engine: EEVEE
01:23.852  render           | Fra: 325 | Rendering 1 / 32 samples
01:23.981  render           | Fra: 325 | Rendering 25 / 32 samples
01:24.019  render           | Fra: 325 | Rendering 32 / 32 samples
01:24.046  render           | Video append frame 325
01:24.046  render           | Time: 00:00.23 (Saving: 00:00.02)
01:24.046  render           | Rendering frame 326
01:24.046  render           | Start rendering: MORI_Assembly_Animation, 视图层
01:24.046  render           | Engine: EEVEE
01:24.082  render           | Fra: 326 | Rendering 1 / 32 samples
01:24.212  render           | Fra: 326 | Rendering 25 / 32 samples
01:24.251  render           | Fra: 326 | Rendering 32 / 32 samples
01:24.260  render           | Video append frame 326
01:24.260  render           | Time: 00:00.21 (Saving: 00:00.00)
01:24.260  render           | Rendering frame 327
01:24.260  render           | Start rendering: MORI_Assembly_Animation, 视图层
01:24.260  render           | Engine: EEVEE
01:24.301  render           | Fra: 327 | Rendering 1 / 32 samples
01:24.431  render           | Fra: 327 | Rendering 25 / 32 samples
01:24.469  render           | Fra: 327 | Rendering 32 / 32 samples
01:24.477  render           | Video append frame 327
01:24.477  render           | Time: 00:00.21 (Saving: 00:00.00)
01:24.477  render           | Rendering frame 328
01:24.477  render           | Start rendering: MORI_Assembly_Animation, 视图层
01:24.477  render           | Engine: EEVEE
01:24.522  render           | Fra: 328 | Rendering 1 / 32 samples
01:24.652  render           | Fra: 328 | Rendering 25 / 32 samples
01:24.693  render           | Fra: 328 | Rendering 32 / 32 samples
01:24.702  render           | Video append frame 328
01:24.702  render           | Time: 00:00.22 (Saving: 00:00.00)
01:24.702  render           | Rendering frame 329
01:24.702  render           | Start rendering: MORI_Assembly_Animation, 视图层
01:24.702  render           | Engine: EEVEE
01:24.746  render           | Fra: 329 | Rendering 1 / 32 samples
01:24.877  render           | Fra: 329 | Rendering 25 / 32 samples
01:24.916  render           | Fra: 329 | Rendering 32 / 32 samples
01:24.925  render           | Video append frame 329
01:24.925  render           | Time: 00:00.22 (Saving: 00:00.00)
01:24.925  render           | Rendering frame 330
01:24.925  render           | Start rendering: MORI_Assembly_Animation, 视图层
01:24.925  render           | Engine: EEVEE
01:24.968  render           | Fra: 330 | Rendering 1 / 32 samples
01:25.101  render           | Fra: 330 | Rendering 25 / 32 samples
01:25.139  render           | Fra: 330 | Rendering 32 / 32 samples
01:25.148  render           | Video append frame 330
01:25.148  render           | Time: 00:00.22 (Saving: 00:00.00)
01:25.148  render           | Rendering frame 331
01:25.148  render           | Start rendering: MORI_Assembly_Animation, 视图层
01:25.148  render           | Engine: EEVEE
01:25.200  render           | Fra: 331 | Rendering 1 / 32 samples
01:25.334  render           | Fra: 331 | Rendering 25 / 32 samples
01:25.373  render           | Fra: 331 | Rendering 32 / 32 samples
01:25.382  render           | Video append frame 331
01:25.382  render           | Time: 00:00.23 (Saving: 00:00.00)
01:25.382  render           | Rendering frame 332
01:25.382  render           | Start rendering: MORI_Assembly_Animation, 视图层
01:25.382  render           | Engine: EEVEE
01:25.424  render           | Fra: 332 | Rendering 1 / 32 samples
01:25.558  render           | Fra: 332 | Rendering 25 / 32 samples
01:25.597  render           | Fra: 332 | Rendering 32 / 32 samples
01:25.606  render           | Video append frame 332
01:25.606  render           | Time: 00:00.22 (Saving: 00:00.00)
01:25.606  render           | Rendering frame 333
01:25.606  render           | Start rendering: MORI_Assembly_Animation, 视图层
01:25.606  render           | Engine: EEVEE
01:25.653  render           | Fra: 333 | Rendering 1 / 32 samples
01:25.786  render           | Fra: 333 | Rendering 25 / 32 samples
01:25.824  render           | Fra: 333 | Rendering 32 / 32 samples
01:25.833  render           | Video append frame 333
01:25.833  render           | Time: 00:00.22 (Saving: 00:00.00)
01:25.833  render           | Rendering frame 334
01:25.833  render           | Start rendering: MORI_Assembly_Animation, 视图层
01:25.833  render           | Engine: EEVEE
01:25.876  render           | Fra: 334 | Rendering 1 / 32 samples
01:26.004  render           | Fra: 334 | Rendering 25 / 32 samples
01:26.041  render           | Fra: 334 | Rendering 32 / 32 samples
01:26.049  render           | Video append frame 334
01:26.049  render           | Time: 00:00.21 (Saving: 00:00.00)
01:26.049  render           | Rendering frame 335
01:26.049  render           | Start rendering: MORI_Assembly_Animation, 视图层
01:26.049  render           | Engine: EEVEE
01:26.092  render           | Fra: 335 | Rendering 1 / 32 samples
01:26.220  render           | Fra: 335 | Rendering 25 / 32 samples
01:26.257  render           | Fra: 335 | Rendering 32 / 32 samples
01:26.265  render           | Video append frame 335
01:26.265  render           | Time: 00:00.21 (Saving: 00:00.00)
01:26.265  render           | Rendering frame 336
01:26.265  render           | Start rendering: MORI_Assembly_Animation, 视图层
01:26.265  render           | Engine: EEVEE
01:26.309  render           | Fra: 336 | Rendering 1 / 32 samples
01:26.439  render           | Fra: 336 | Rendering 25 / 32 samples
01:26.476  render           | Fra: 336 | Rendering 32 / 32 samples
01:26.484  render           | Video append frame 336
01:26.484  render           | Time: 00:00.21 (Saving: 00:00.00)
01:26.484  render           | Rendering frame 337
01:26.484  render           | Start rendering: MORI_Assembly_Animation, 视图层
01:26.484  render           | Engine: EEVEE
01:26.530  render           | Fra: 337 | Rendering 1 / 32 samples
01:26.656  render           | Fra: 337 | Rendering 25 / 32 samples
01:26.692  render           | Fra: 337 | Rendering 32 / 32 samples
01:26.701  render           | Video append frame 337
01:26.702  render           | Time: 00:00.21 (Saving: 00:00.00)
01:26.702  render           | Rendering frame 338
01:26.702  render           | Start rendering: MORI_Assembly_Animation, 视图层
01:26.702  render           | Engine: EEVEE
01:26.746  render           | Fra: 338 | Rendering 1 / 32 samples
01:26.872  render           | Fra: 338 | Rendering 25 / 32 samples
01:26.908  render           | Fra: 338 | Rendering 32 / 32 samples
01:26.917  render           | Video append frame 338
01:26.917  render           | Time: 00:00.21 (Saving: 00:00.00)
01:26.917  render           | Rendering frame 339
01:26.917  render           | Start rendering: MORI_Assembly_Animation, 视图层
01:26.917  render           | Engine: EEVEE
01:26.963  render           | Fra: 339 | Rendering 1 / 32 samples
01:27.089  render           | Fra: 339 | Rendering 25 / 32 samples
01:27.126  render           | Fra: 339 | Rendering 32 / 32 samples
01:27.134  render           | Video append frame 339
01:27.134  render           | Time: 00:00.21 (Saving: 00:00.00)
01:27.134  render           | Rendering frame 340
01:27.134  render           | Start rendering: MORI_Assembly_Animation, 视图层
01:27.134  render           | Engine: EEVEE
01:27.177  render           | Fra: 340 | Rendering 1 / 32 samples
01:27.303  render           | Fra: 340 | Rendering 25 / 32 samples
01:27.340  render           | Fra: 340 | Rendering 32 / 32 samples
01:27.348  render           | Video append frame 340
01:27.348  render           | Time: 00:00.21 (Saving: 00:00.00)
01:27.348  render           | Rendering frame 341
01:27.348  render           | Start rendering: MORI_Assembly_Animation, 视图层
01:27.348  render           | Engine: EEVEE
01:27.390  render           | Fra: 341 | Rendering 1 / 32 samples
01:27.517  render           | Fra: 341 | Rendering 25 / 32 samples
01:27.554  render           | Fra: 341 | Rendering 32 / 32 samples
01:27.586  render           | Video append frame 341
01:27.586  render           | Time: 00:00.23 (Saving: 00:00.02)
01:27.587  render           | Rendering frame 342
01:27.587  render           | Start rendering: MORI_Assembly_Animation, 视图层
01:27.587  render           | Engine: EEVEE
01:27.626  render           | Fra: 342 | Rendering 1 / 32 samples
01:27.754  render           | Fra: 342 | Rendering 25 / 32 samples
01:27.790  render           | Fra: 342 | Rendering 32 / 32 samples
01:27.816  render           | Video append frame 342
01:27.816  render           | Time: 00:00.22 (Saving: 00:00.02)
01:27.816  render           | Rendering frame 343
01:27.816  render           | Start rendering: MORI_Assembly_Animation, 视图层
01:27.816  render           | Engine: EEVEE
01:27.853  render           | Fra: 343 | Rendering 1 / 32 samples
01:27.980  render           | Fra: 343 | Rendering 25 / 32 samples
01:28.017  render           | Fra: 343 | Rendering 32 / 32 samples
01:28.035  render           | Video append frame 343
01:28.035  render           | Time: 00:00.21 (Saving: 00:00.01)
01:28.035  render           | Rendering frame 344
01:28.036  render           | Start rendering: MORI_Assembly_Animation, 视图层
01:28.036  render           | Engine: EEVEE
01:28.075  render           | Fra: 344 | Rendering 1 / 32 samples
01:28.204  render           | Fra: 344 | Rendering 25 / 32 samples
01:28.241  render           | Fra: 344 | Rendering 32 / 32 samples
01:28.259  render           | Video append frame 344
01:28.259  render           | Time: 00:00.22 (Saving: 00:00.01)
01:28.259  render           | Rendering frame 345
01:28.260  render           | Start rendering: MORI_Assembly_Animation, 视图层
01:28.260  render           | Engine: EEVEE
01:28.301  render           | Fra: 345 | Rendering 1 / 32 samples
01:28.428  render           | Fra: 345 | Rendering 25 / 32 samples
01:28.465  render           | Fra: 345 | Rendering 32 / 32 samples
01:28.488  render           | Video append frame 345
01:28.488  render           | Time: 00:00.22 (Saving: 00:00.01)
01:28.488  render           | Rendering frame 346
01:28.488  render           | Start rendering: MORI_Assembly_Animation, 视图层
01:28.488  render           | Engine: EEVEE
01:28.530  render           | Fra: 346 | Rendering 1 / 32 samples
01:28.659  render           | Fra: 346 | Rendering 25 / 32 samples
01:28.696  render           | Fra: 346 | Rendering 32 / 32 samples
01:28.721  render           | Video append frame 346
01:28.721  render           | Time: 00:00.23 (Saving: 00:00.02)
01:28.721  render           | Rendering frame 347
01:28.721  render           | Start rendering: MORI_Assembly_Animation, 视图层
01:28.721  render           | Engine: EEVEE
01:28.758  render           | Fra: 347 | Rendering 1 / 32 samples
01:28.886  render           | Fra: 347 | Rendering 25 / 32 samples
01:28.924  render           | Fra: 347 | Rendering 32 / 32 samples
01:28.959  render           | Video append frame 347
01:28.959  render           | Time: 00:00.23 (Saving: 00:00.02)
01:28.959  render           | Rendering frame 348
01:28.960  render           | Start rendering: MORI_Assembly_Animation, 视图层
01:28.960  render           | Engine: EEVEE
01:29.002  render           | Fra: 348 | Rendering 1 / 32 samples
01:29.137  render           | Fra: 348 | Rendering 25 / 32 samples
01:29.175  render           | Fra: 348 | Rendering 32 / 32 samples
01:29.201  render           | Video append frame 348
01:29.201  render           | Time: 00:00.24 (Saving: 00:00.02)
01:29.201  render           | Rendering frame 349
01:29.201  render           | Start rendering: MORI_Assembly_Animation, 视图层
01:29.201  render           | Engine: EEVEE
01:29.242  render           | Fra: 349 | Rendering 1 / 32 samples
01:29.380  render           | Fra: 349 | Rendering 25 / 32 samples
01:29.418  render           | Fra: 349 | Rendering 32 / 32 samples
01:29.458  render           | Video append frame 349
01:29.458  render           | Time: 00:00.25 (Saving: 00:00.02)
01:29.458  render           | Rendering frame 350
01:29.458  render           | Start rendering: MORI_Assembly_Animation, 视图层
01:29.459  render           | Engine: EEVEE
01:29.501  render           | Fra: 350 | Rendering 1 / 32 samples
01:29.654  render           | Fra: 350 | Rendering 25 / 32 samples
01:29.698  render           | Fra: 350 | Rendering 32 / 32 samples
01:29.728  render           | Video append frame 350
01:29.728  render           | Time: 00:00.26 (Saving: 00:00.02)
01:29.728  render           | Rendering frame 351
01:29.728  render           | Start rendering: MORI_Assembly_Animation, 视图层
01:29.728  render           | Engine: EEVEE
01:29.768  render           | Fra: 351 | Rendering 1 / 32 samples
01:29.921  render           | Fra: 351 | Rendering 25 / 32 samples
01:29.966  render           | Fra: 351 | Rendering 32 / 32 samples
01:29.990  render           | Video append frame 351
01:29.990  render           | Time: 00:00.26 (Saving: 00:00.02)
01:29.990  render           | Rendering frame 352
01:29.990  render           | Start rendering: MORI_Assembly_Animation, 视图层
01:29.990  render           | Engine: EEVEE
01:30.033  render           | Fra: 352 | Rendering 1 / 32 samples
01:30.193  render           | Fra: 352 | Rendering 25 / 32 samples
01:30.237  render           | Fra: 352 | Rendering 32 / 32 samples
01:30.246  render           | Video append frame 352
01:30.246  render           | Time: 00:00.25 (Saving: 00:00.00)
01:30.246  render           | Rendering frame 353
01:30.246  render           | Start rendering: MORI_Assembly_Animation, 视图层
01:30.246  render           | Engine: EEVEE
01:30.294  render           | Fra: 353 | Rendering 1 / 32 samples
01:30.448  render           | Fra: 353 | Rendering 25 / 32 samples
01:30.492  render           | Fra: 353 | Rendering 32 / 32 samples
01:30.502  render           | Video append frame 353
01:30.502  render           | Time: 00:00.25 (Saving: 00:00.00)
01:30.502  render           | Rendering frame 354
01:30.502  render           | Start rendering: MORI_Assembly_Animation, 视图层
01:30.502  render           | Engine: EEVEE
01:30.553  render           | Fra: 354 | Rendering 1 / 32 samples
01:30.710  render           | Fra: 354 | Rendering 25 / 32 samples
01:30.755  render           | Fra: 354 | Rendering 32 / 32 samples
01:30.764  render           | Video append frame 354
01:30.764  render           | Time: 00:00.26 (Saving: 00:00.00)
01:30.764  render           | Rendering frame 355
01:30.764  render           | Start rendering: MORI_Assembly_Animation, 视图层
01:30.764  render           | Engine: EEVEE
01:30.814  render           | Fra: 355 | Rendering 1 / 32 samples
01:30.960  render           | Fra: 355 | Rendering 25 / 32 samples
01:30.998  render           | Fra: 355 | Rendering 32 / 32 samples
01:31.008  render           | Video append frame 355
01:31.008  render           | Time: 00:00.24 (Saving: 00:00.00)
01:31.008  render           | Rendering frame 356
01:31.008  render           | Start rendering: MORI_Assembly_Animation, 视图层
01:31.008  render           | Engine: EEVEE
01:31.057  render           | Fra: 356 | Rendering 1 / 32 samples
01:31.191  render           | Fra: 356 | Rendering 25 / 32 samples
01:31.229  render           | Fra: 356 | Rendering 32 / 32 samples
01:31.238  render           | Video append frame 356
01:31.238  render           | Time: 00:00.23 (Saving: 00:00.00)
01:31.238  render           | Rendering frame 357
01:31.238  render           | Start rendering: MORI_Assembly_Animation, 视图层
01:31.238  render           | Engine: EEVEE
01:31.285  render           | Fra: 357 | Rendering 1 / 32 samples
01:31.416  render           | Fra: 357 | Rendering 25 / 32 samples
01:31.454  render           | Fra: 357 | Rendering 32 / 32 samples
01:31.463  render           | Video append frame 357
01:31.463  render           | Time: 00:00.22 (Saving: 00:00.00)
01:31.463  render           | Rendering frame 358
01:31.463  render           | Start rendering: MORI_Assembly_Animation, 视图层
01:31.463  render           | Engine: EEVEE
01:31.508  render           | Fra: 358 | Rendering 1 / 32 samples
01:31.641  render           | Fra: 358 | Rendering 25 / 32 samples
01:31.679  render           | Fra: 358 | Rendering 32 / 32 samples
01:31.689  render           | Video append frame 358
01:31.689  render           | Time: 00:00.22 (Saving: 00:00.00)
01:31.689  render           | Rendering frame 359
01:31.689  render           | Start rendering: MORI_Assembly_Animation, 视图层
01:31.689  render           | Engine: EEVEE
01:31.736  render           | Fra: 359 | Rendering 1 / 32 samples
01:31.867  render           | Fra: 359 | Rendering 25 / 32 samples
01:31.903  render           | Fra: 359 | Rendering 32 / 32 samples
01:31.911  render           | Video append frame 359
01:31.911  render           | Time: 00:00.22 (Saving: 00:00.00)
01:31.911  render           | Rendering frame 360
01:31.911  render           | Start rendering: MORI_Assembly_Animation, 视图层
01:31.911  render           | Engine: EEVEE
01:31.951  render           | Fra: 360 | Rendering 1 / 32 samples
01:32.076  render           | Fra: 360 | Rendering 25 / 32 samples
01:32.112  render           | Fra: 360 | Rendering 32 / 32 samples
01:32.120  render           | Video append frame 360
01:32.120  render           | Time: 00:00.20 (Saving: 00:00.00)
01:32.120  render           | Rendering frame 361
01:32.120  render           | Start rendering: MORI_Assembly_Animation, 视图层
01:32.120  render           | Engine: EEVEE
01:32.159  render           | Fra: 361 | Rendering 1 / 32 samples
01:32.286  render           | Fra: 361 | Rendering 25 / 32 samples
01:32.322  render           | Fra: 361 | Rendering 32 / 32 samples
01:32.331  render           | Video append frame 361
01:32.331  render           | Time: 00:00.21 (Saving: 00:00.00)
01:32.331  render           | Rendering frame 362
01:32.331  render           | Start rendering: MORI_Assembly_Animation, 视图层
01:32.331  render           | Engine: EEVEE
01:32.370  render           | Fra: 362 | Rendering 1 / 32 samples
01:32.496  render           | Fra: 362 | Rendering 25 / 32 samples
01:32.533  render           | Fra: 362 | Rendering 32 / 32 samples
01:32.542  render           | Video append frame 362
01:32.542  render           | Time: 00:00.21 (Saving: 00:00.00)
01:32.542  render           | Rendering frame 363
01:32.542  render           | Start rendering: MORI_Assembly_Animation, 视图层
01:32.542  render           | Engine: EEVEE
01:32.581  render           | Fra: 363 | Rendering 1 / 32 samples
01:32.707  render           | Fra: 363 | Rendering 25 / 32 samples
01:32.743  render           | Fra: 363 | Rendering 32 / 32 samples
01:32.752  render           | Video append frame 363
01:32.752  render           | Time: 00:00.20 (Saving: 00:00.00)
01:32.752  render           | Rendering frame 364
01:32.752  render           | Start rendering: MORI_Assembly_Animation, 视图层
01:32.752  render           | Engine: EEVEE
01:32.790  render           | Fra: 364 | Rendering 1 / 32 samples
01:32.917  render           | Fra: 364 | Rendering 25 / 32 samples
01:32.953  render           | Fra: 364 | Rendering 32 / 32 samples
01:32.961  render           | Video append frame 364
01:32.961  render           | Time: 00:00.20 (Saving: 00:00.00)
01:32.961  render           | Rendering frame 365
01:32.961  render           | Start rendering: MORI_Assembly_Animation, 视图层
01:32.961  render           | Engine: EEVEE
01:33.001  render           | Fra: 365 | Rendering 1 / 32 samples
01:33.127  render           | Fra: 365 | Rendering 25 / 32 samples
01:33.164  render           | Fra: 365 | Rendering 32 / 32 samples
01:33.172  render           | Video append frame 365
01:33.172  render           | Time: 00:00.21 (Saving: 00:00.00)
01:33.172  render           | Rendering frame 366
01:33.172  render           | Start rendering: MORI_Assembly_Animation, 视图层
01:33.172  render           | Engine: EEVEE
01:33.211  render           | Fra: 366 | Rendering 1 / 32 samples
01:33.337  render           | Fra: 366 | Rendering 25 / 32 samples
01:33.374  render           | Fra: 366 | Rendering 32 / 32 samples
01:33.382  render           | Video append frame 366
01:33.382  render           | Time: 00:00.20 (Saving: 00:00.00)
01:33.382  render           | Rendering frame 367
01:33.382  render           | Start rendering: MORI_Assembly_Animation, 视图层
01:33.382  render           | Engine: EEVEE
01:33.420  render           | Fra: 367 | Rendering 1 / 32 samples
01:33.550  render           | Fra: 367 | Rendering 25 / 32 samples
01:33.587  render           | Fra: 367 | Rendering 32 / 32 samples
01:33.610  render           | Video append frame 367
01:33.610  render           | Time: 00:00.22 (Saving: 00:00.02)
01:33.610  render           | Rendering frame 368
01:33.611  render           | Start rendering: MORI_Assembly_Animation, 视图层
01:33.611  render           | Engine: EEVEE
01:33.652  render           | Fra: 368 | Rendering 1 / 32 samples
01:33.779  render           | Fra: 368 | Rendering 25 / 32 samples
01:33.816  render           | Fra: 368 | Rendering 32 / 32 samples
01:33.849  render           | Video append frame 368
01:33.849  render           | Time: 00:00.23 (Saving: 00:00.02)
01:33.849  render           | Rendering frame 369
01:33.849  render           | Start rendering: MORI_Assembly_Animation, 视图层
01:33.849  render           | Engine: EEVEE
01:33.885  render           | Fra: 369 | Rendering 1 / 32 samples
01:34.020  render           | Fra: 369 | Rendering 25 / 32 samples
01:34.057  render           | Fra: 369 | Rendering 32 / 32 samples
01:34.092  render           | Video append frame 369
01:34.092  render           | Time: 00:00.24 (Saving: 00:00.02)
01:34.092  render           | Rendering frame 370
01:34.092  render           | Start rendering: MORI_Assembly_Animation, 视图层
01:34.092  render           | Engine: EEVEE
01:34.132  render           | Fra: 370 | Rendering 1 / 32 samples
01:34.267  render           | Fra: 370 | Rendering 25 / 32 samples
01:34.307  render           | Fra: 370 | Rendering 32 / 32 samples
01:34.333  render           | Video append frame 370
01:34.333  render           | Time: 00:00.24 (Saving: 00:00.02)
01:34.333  render           | Rendering frame 371
01:34.333  render           | Start rendering: MORI_Assembly_Animation, 视图层
01:34.333  render           | Engine: EEVEE
01:34.375  render           | Fra: 371 | Rendering 1 / 32 samples
01:34.510  render           | Fra: 371 | Rendering 25 / 32 samples
01:34.548  render           | Fra: 371 | Rendering 32 / 32 samples
01:34.574  render           | Video append frame 371
01:34.574  render           | Time: 00:00.24 (Saving: 00:00.02)
01:34.574  render           | Rendering frame 372
01:34.574  render           | Start rendering: MORI_Assembly_Animation, 视图层
01:34.574  render           | Engine: EEVEE
01:34.617  render           | Fra: 372 | Rendering 1 / 32 samples
01:34.755  render           | Fra: 372 | Rendering 25 / 32 samples
01:34.795  render           | Fra: 372 | Rendering 32 / 32 samples
01:34.822  render           | Video append frame 372
01:34.822  render           | Time: 00:00.24 (Saving: 00:00.02)
01:34.822  render           | Rendering frame 373
01:34.822  render           | Start rendering: MORI_Assembly_Animation, 视图层
01:34.822  render           | Engine: EEVEE
01:34.864  render           | Fra: 373 | Rendering 1 / 32 samples
01:35.018  render           | Fra: 373 | Rendering 25 / 32 samples
01:35.062  render           | Fra: 373 | Rendering 32 / 32 samples
01:35.116  render           | Video append frame 373
01:35.116  render           | Time: 00:00.29 (Saving: 00:00.04)
01:35.116  render           | Rendering frame 374
01:35.116  render           | Start rendering: MORI_Assembly_Animation, 视图层
01:35.116  render           | Engine: EEVEE
01:35.155  render           | Fra: 374 | Rendering 1 / 32 samples
01:35.311  render           | Fra: 374 | Rendering 25 / 32 samples
01:35.352  render           | Fra: 374 | Rendering 32 / 32 samples
01:35.379  render           | Video append frame 374
01:35.379  render           | Time: 00:00.26 (Saving: 00:00.02)
01:35.379  render           | Rendering frame 375
01:35.380  render           | Start rendering: MORI_Assembly_Animation, 视图层
01:35.380  render           | Engine: EEVEE
01:35.419  render           | Fra: 375 | Rendering 1 / 32 samples
01:35.548  render           | Fra: 375 | Rendering 25 / 32 samples
01:35.585  render           | Fra: 375 | Rendering 32 / 32 samples
01:35.617  render           | Video append frame 375
01:35.617  render           | Time: 00:00.23 (Saving: 00:00.02)
01:35.617  render           | Rendering frame 376
01:35.618  render           | Start rendering: MORI_Assembly_Animation, 视图层
01:35.618  render           | Engine: EEVEE
01:35.657  render           | Fra: 376 | Rendering 1 / 32 samples
01:35.787  render           | Fra: 376 | Rendering 25 / 32 samples
01:35.824  render           | Fra: 376 | Rendering 32 / 32 samples
01:35.841  render           | Video append frame 376
01:35.841  render           | Time: 00:00.22 (Saving: 00:00.01)
01:35.841  render           | Rendering frame 377
01:35.841  render           | Start rendering: MORI_Assembly_Animation, 视图层
01:35.841  render           | Engine: EEVEE
01:35.884  render           | Fra: 377 | Rendering 1 / 32 samples
01:36.013  render           | Fra: 377 | Rendering 25 / 32 samples
01:36.050  render           | Fra: 377 | Rendering 32 / 32 samples
01:36.069  render           | Video append frame 377
01:36.069  render           | Time: 00:00.22 (Saving: 00:00.01)
01:36.069  render           | Rendering frame 378
01:36.069  render           | Start rendering: MORI_Assembly_Animation, 视图层
01:36.069  render           | Engine: EEVEE
01:36.113  render           | Fra: 378 | Rendering 1 / 32 samples
01:36.242  render           | Fra: 378 | Rendering 25 / 32 samples
01:36.280  render           | Fra: 378 | Rendering 32 / 32 samples
01:36.304  render           | Video append frame 378
01:36.304  render           | Time: 00:00.23 (Saving: 00:00.02)
01:36.304  render           | Rendering frame 379
01:36.304  render           | Start rendering: MORI_Assembly_Animation, 视图层
01:36.304  render           | Engine: EEVEE
01:36.348  render           | Fra: 379 | Rendering 1 / 32 samples
01:36.477  render           | Fra: 379 | Rendering 25 / 32 samples
01:36.515  render           | Fra: 379 | Rendering 32 / 32 samples
01:36.553  render           | Video append frame 379
01:36.553  render           | Time: 00:00.24 (Saving: 00:00.02)
01:36.553  render           | Rendering frame 380
01:36.553  render           | Start rendering: MORI_Assembly_Animation, 视图层
01:36.553  render           | Engine: EEVEE
01:36.597  render           | Fra: 380 | Rendering 1 / 32 samples
01:36.736  render           | Fra: 380 | Rendering 25 / 32 samples
01:36.773  render           | Fra: 380 | Rendering 32 / 32 samples
01:36.793  render           | Video append frame 380
01:36.793  render           | Time: 00:00.24 (Saving: 00:00.01)
01:36.793  render           | Rendering frame 381
01:36.793  render           | Start rendering: MORI_Assembly_Animation, 视图层
01:36.793  render           | Engine: EEVEE
01:36.835  render           | Fra: 381 | Rendering 1 / 32 samples
01:36.965  render           | Fra: 381 | Rendering 25 / 32 samples
01:37.003  render           | Fra: 381 | Rendering 32 / 32 samples
01:37.036  render           | Video append frame 381
01:37.036  render           | Time: 00:00.24 (Saving: 00:00.02)
01:37.036  render           | Rendering frame 382
01:37.036  render           | Start rendering: MORI_Assembly_Animation, 视图层
01:37.036  render           | Engine: EEVEE
01:37.080  render           | Fra: 382 | Rendering 1 / 32 samples
01:37.218  render           | Fra: 382 | Rendering 25 / 32 samples
01:37.256  render           | Fra: 382 | Rendering 32 / 32 samples
01:37.276  render           | Video append frame 382
01:37.276  render           | Time: 00:00.23 (Saving: 00:00.01)
01:37.276  render           | Rendering frame 383
01:37.276  render           | Start rendering: MORI_Assembly_Animation, 视图层
01:37.276  render           | Engine: EEVEE
01:37.320  render           | Fra: 383 | Rendering 1 / 32 samples
01:37.457  render           | Fra: 383 | Rendering 25 / 32 samples
01:37.496  render           | Fra: 383 | Rendering 32 / 32 samples
01:37.516  render           | Video append frame 383
01:37.516  render           | Time: 00:00.23 (Saving: 00:00.01)
01:37.516  render           | Rendering frame 384
01:37.516  render           | Start rendering: MORI_Assembly_Animation, 视图层
01:37.516  render           | Engine: EEVEE
01:37.562  render           | Fra: 384 | Rendering 1 / 32 samples
01:37.711  render           | Fra: 384 | Rendering 25 / 32 samples
01:37.751  render           | Fra: 384 | Rendering 32 / 32 samples
01:37.776  render           | Video append frame 384
01:37.776  render           | Time: 00:00.25 (Saving: 00:00.02)
01:37.776  render           | Rendering frame 385
01:37.776  render           | Start rendering: MORI_Assembly_Animation, 视图层
01:37.776  render           | Engine: EEVEE
01:37.823  render           | Fra: 385 | Rendering 1 / 32 samples
01:37.976  render           | Fra: 385 | Rendering 25 / 32 samples
01:38.017  render           | Fra: 385 | Rendering 32 / 32 samples
01:38.027  render           | Video append frame 385
01:38.027  render           | Time: 00:00.25 (Saving: 00:00.00)
01:38.027  render           | Rendering frame 386
01:38.027  render           | Start rendering: MORI_Assembly_Animation, 视图层
01:38.027  render           | Engine: EEVEE
01:38.072  render           | Fra: 386 | Rendering 1 / 32 samples
01:38.220  render           | Fra: 386 | Rendering 25 / 32 samples
01:38.263  render           | Fra: 386 | Rendering 32 / 32 samples
01:38.272  render           | Video append frame 386
01:38.272  render           | Time: 00:00.24 (Saving: 00:00.00)
01:38.272  render           | Rendering frame 387
01:38.272  render           | Start rendering: MORI_Assembly_Animation, 视图层
01:38.272  render           | Engine: EEVEE
01:38.317  render           | Fra: 387 | Rendering 1 / 32 samples
01:38.463  render           | Fra: 387 | Rendering 25 / 32 samples
01:38.507  render           | Fra: 387 | Rendering 32 / 32 samples
01:38.517  render           | Video append frame 387
01:38.517  render           | Time: 00:00.24 (Saving: 00:00.00)
01:38.517  render           | Rendering frame 388
01:38.517  render           | Start rendering: MORI_Assembly_Animation, 视图层
01:38.517  render           | Engine: EEVEE
01:38.562  render           | Fra: 388 | Rendering 1 / 32 samples
01:38.717  render           | Fra: 388 | Rendering 25 / 32 samples
01:38.762  render           | Fra: 388 | Rendering 32 / 32 samples
01:38.771  render           | Video append frame 388
01:38.771  render           | Time: 00:00.25 (Saving: 00:00.00)
01:38.771  render           | Rendering frame 389
01:38.771  render           | Start rendering: MORI_Assembly_Animation, 视图层
01:38.771  render           | Engine: EEVEE
01:38.816  render           | Fra: 389 | Rendering 1 / 32 samples
01:38.962  render           | Fra: 389 | Rendering 25 / 32 samples
01:39.003  render           | Fra: 389 | Rendering 32 / 32 samples
01:39.013  render           | Video append frame 389
01:39.013  render           | Time: 00:00.24 (Saving: 00:00.00)
01:39.013  render           | Rendering frame 390
01:39.013  render           | Start rendering: MORI_Assembly_Animation, 视图层
01:39.013  render           | Engine: EEVEE
01:39.059  render           | Fra: 390 | Rendering 1 / 32 samples
01:39.209  render           | Fra: 390 | Rendering 25 / 32 samples
01:39.251  render           | Fra: 390 | Rendering 32 / 32 samples
01:39.267  render           | Video append frame 390
01:39.267  render           | Time: 00:00.25 (Saving: 00:00.01)
01:39.267  render           | Rendering frame 391
01:39.267  render           | Start rendering: MORI_Assembly_Animation, 视图层
01:39.267  render           | Engine: EEVEE
01:39.314  render           | Fra: 391 | Rendering 1 / 32 samples
01:39.466  render           | Fra: 391 | Rendering 25 / 32 samples
01:39.510  render           | Fra: 391 | Rendering 32 / 32 samples
01:39.519  render           | Video append frame 391
01:39.519  render           | Time: 00:00.25 (Saving: 00:00.00)
01:39.519  render           | Rendering frame 392
01:39.519  render           | Start rendering: MORI_Assembly_Animation, 视图层
01:39.519  render           | Engine: EEVEE
01:39.562  render           | Fra: 392 | Rendering 1 / 32 samples
01:39.722  render           | Fra: 392 | Rendering 25 / 32 samples
01:39.767  render           | Fra: 392 | Rendering 32 / 32 samples
01:39.776  render           | Video append frame 392
01:39.776  render           | Time: 00:00.25 (Saving: 00:00.00)
01:39.776  render           | Rendering frame 393
01:39.776  render           | Start rendering: MORI_Assembly_Animation, 视图层
01:39.776  render           | Engine: EEVEE
01:39.816  render           | Fra: 393 | Rendering 1 / 32 samples
01:39.970  render           | Fra: 393 | Rendering 25 / 32 samples
01:40.017  render           | Fra: 393 | Rendering 32 / 32 samples
01:40.026  render           | Video append frame 393
01:40.026  render           | Time: 00:00.25 (Saving: 00:00.00)
01:40.026  render           | Rendering frame 394
01:40.026  render           | Start rendering: MORI_Assembly_Animation, 视图层
01:40.026  render           | Engine: EEVEE
01:40.065  render           | Fra: 394 | Rendering 1 / 32 samples
01:40.217  render           | Fra: 394 | Rendering 25 / 32 samples
01:40.257  render           | Fra: 394 | Rendering 32 / 32 samples
01:40.265  render           | Video append frame 394
01:40.265  render           | Time: 00:00.23 (Saving: 00:00.00)
01:40.265  render           | Rendering frame 395
01:40.265  render           | Start rendering: MORI_Assembly_Animation, 视图层
01:40.265  render           | Engine: EEVEE
01:40.304  render           | Fra: 395 | Rendering 1 / 32 samples
01:40.438  render           | Fra: 395 | Rendering 25 / 32 samples
01:40.475  render           | Fra: 395 | Rendering 32 / 32 samples
01:40.483  render           | Video append frame 395
01:40.483  render           | Time: 00:00.21 (Saving: 00:00.00)
01:40.483  render           | Rendering frame 396
01:40.483  render           | Start rendering: MORI_Assembly_Animation, 视图层
01:40.483  render           | Engine: EEVEE
01:40.522  render           | Fra: 396 | Rendering 1 / 32 samples
01:40.649  render           | Fra: 396 | Rendering 25 / 32 samples
01:40.685  render           | Fra: 396 | Rendering 32 / 32 samples
01:40.694  render           | Video append frame 396
01:40.694  render           | Time: 00:00.21 (Saving: 00:00.00)
01:40.694  render           | Rendering frame 397
01:40.694  render           | Start rendering: MORI_Assembly_Animation, 视图层
01:40.694  render           | Engine: EEVEE
01:40.733  render           | Fra: 397 | Rendering 1 / 32 samples
01:40.860  render           | Fra: 397 | Rendering 25 / 32 samples
01:40.896  render           | Fra: 397 | Rendering 32 / 32 samples
01:40.905  render           | Video append frame 397
01:40.905  render           | Time: 00:00.21 (Saving: 00:00.00)
01:40.905  render           | Rendering frame 398
01:40.905  render           | Start rendering: MORI_Assembly_Animation, 视图层
01:40.905  render           | Engine: EEVEE
01:40.944  render           | Fra: 398 | Rendering 1 / 32 samples
01:41.071  render           | Fra: 398 | Rendering 25 / 32 samples
01:41.107  render           | Fra: 398 | Rendering 32 / 32 samples
01:41.116  render           | Video append frame 398
01:41.116  render           | Time: 00:00.21 (Saving: 00:00.00)
01:41.116  render           | Rendering frame 399
01:41.116  render           | Start rendering: MORI_Assembly_Animation, 视图层
01:41.116  render           | Engine: EEVEE
01:41.154  render           | Fra: 399 | Rendering 1 / 32 samples
01:41.281  render           | Fra: 399 | Rendering 25 / 32 samples
01:41.318  render           | Fra: 399 | Rendering 32 / 32 samples
01:41.363  render           | Video append frame 399
01:41.363  render           | Time: 00:00.24 (Saving: 00:00.03)
01:41.363  render           | Rendering frame 400
01:41.363  render           | Start rendering: MORI_Assembly_Animation, 视图层
01:41.363  render           | Engine: EEVEE
01:41.404  render           | Fra: 400 | Rendering 1 / 32 samples
01:41.540  render           | Fra: 400 | Rendering 25 / 32 samples
01:41.581  render           | Fra: 400 | Rendering 32 / 32 samples
01:41.607  render           | Video append frame 400
01:41.607  render           | Time: 00:00.24 (Saving: 00:00.01)
01:41.607  render           | Rendering frame 401
01:41.607  render           | Start rendering: MORI_Assembly_Animation, 视图层
01:41.607  render           | Engine: EEVEE
01:41.648  render           | Fra: 401 | Rendering 1 / 32 samples
01:41.800  render           | Fra: 401 | Rendering 25 / 32 samples
01:41.844  render           | Fra: 401 | Rendering 32 / 32 samples
01:41.881  render           | Video append frame 401
01:41.881  render           | Time: 00:00.27 (Saving: 00:00.02)
01:41.881  render           | Rendering frame 402
01:41.881  render           | Start rendering: MORI_Assembly_Animation, 视图层
01:41.881  render           | Engine: EEVEE
01:41.923  render           | Fra: 402 | Rendering 1 / 32 samples
01:42.081  render           | Fra: 402 | Rendering 25 / 32 samples
01:42.127  render           | Fra: 402 | Rendering 32 / 32 samples
01:42.146  render           | Video append frame 402
01:42.147  render           | Time: 00:00.26 (Saving: 00:00.01)
01:42.147  render           | Rendering frame 403
01:42.147  render           | Start rendering: MORI_Assembly_Animation, 视图层
01:42.147  render           | Engine: EEVEE
01:42.187  render           | Fra: 403 | Rendering 1 / 32 samples
01:42.339  render           | Fra: 403 | Rendering 25 / 32 samples
01:42.388  render           | Fra: 403 | Rendering 32 / 32 samples
01:42.420  render           | Video append frame 403
01:42.420  render           | Time: 00:00.27 (Saving: 00:00.02)
01:42.420  render           | Rendering frame 404
01:42.420  render           | Start rendering: MORI_Assembly_Animation, 视图层
01:42.420  render           | Engine: EEVEE
01:42.463  render           | Fra: 404 | Rendering 1 / 32 samples
01:42.622  render           | Fra: 404 | Rendering 25 / 32 samples
01:42.669  render           | Fra: 404 | Rendering 32 / 32 samples
01:42.690  render           | Video append frame 404
01:42.690  render           | Time: 00:00.27 (Saving: 00:00.01)
01:42.690  render           | Rendering frame 405
01:42.690  render           | Start rendering: MORI_Assembly_Animation, 视图层
01:42.690  render           | Engine: EEVEE
01:42.732  render           | Fra: 405 | Rendering 1 / 32 samples
01:42.889  render           | Fra: 405 | Rendering 25 / 32 samples
01:42.935  render           | Fra: 405 | Rendering 32 / 32 samples
01:42.962  render           | Video append frame 405
01:42.962  render           | Time: 00:00.27 (Saving: 00:00.02)
01:42.962  render           | Rendering frame 406
01:42.962  render           | Start rendering: MORI_Assembly_Animation, 视图层
01:42.962  render           | Engine: EEVEE
01:43.003  render           | Fra: 406 | Rendering 1 / 32 samples
01:43.163  render           | Fra: 406 | Rendering 25 / 32 samples
01:43.208  render           | Fra: 406 | Rendering 32 / 32 samples
01:43.231  render           | Video append frame 406
01:43.231  render           | Time: 00:00.26 (Saving: 00:00.01)
01:43.231  render           | Rendering frame 407
01:43.231  render           | Start rendering: MORI_Assembly_Animation, 视图层
01:43.231  render           | Engine: EEVEE
01:43.271  render           | Fra: 407 | Rendering 1 / 32 samples
01:43.431  render           | Fra: 407 | Rendering 25 / 32 samples
01:43.480  render           | Fra: 407 | Rendering 32 / 32 samples
01:43.507  render           | Video append frame 407
01:43.507  render           | Time: 00:00.27 (Saving: 00:00.02)
01:43.507  render           | Rendering frame 408
01:43.507  render           | Start rendering: MORI_Assembly_Animation, 视图层
01:43.507  render           | Engine: EEVEE
01:43.549  render           | Fra: 408 | Rendering 1 / 32 samples
01:43.710  render           | Fra: 408 | Rendering 25 / 32 samples
01:43.753  render           | Fra: 408 | Rendering 32 / 32 samples
01:43.777  render           | Video append frame 408
01:43.777  render           | Time: 00:00.26 (Saving: 00:00.02)
01:43.777  render           | Rendering frame 409
01:43.777  render           | Start rendering: MORI_Assembly_Animation, 视图层
01:43.777  render           | Engine: EEVEE
01:43.819  render           | Fra: 409 | Rendering 1 / 32 samples
01:43.963  render           | Fra: 409 | Rendering 25 / 32 samples
01:44.002  render           | Fra: 409 | Rendering 32 / 32 samples
01:44.019  render           | Video append frame 409
01:44.019  render           | Time: 00:00.24 (Saving: 00:00.01)
01:44.019  render           | Rendering frame 410
01:44.019  render           | Start rendering: MORI_Assembly_Animation, 视图层
01:44.019  render           | Engine: EEVEE
01:44.062  render           | Fra: 410 | Rendering 1 / 32 samples
01:44.191  render           | Fra: 410 | Rendering 25 / 32 samples
01:44.228  render           | Fra: 410 | Rendering 32 / 32 samples
01:44.253  render           | Video append frame 410
01:44.253  render           | Time: 00:00.23 (Saving: 00:00.01)
01:44.253  render           | Rendering frame 411
01:44.253  render           | Start rendering: MORI_Assembly_Animation, 视图层
01:44.253  render           | Engine: EEVEE
01:44.294  render           | Fra: 411 | Rendering 1 / 32 samples
01:44.423  render           | Fra: 411 | Rendering 25 / 32 samples
01:44.462  render           | Fra: 411 | Rendering 32 / 32 samples
01:44.487  render           | Video append frame 411
01:44.487  render           | Time: 00:00.23 (Saving: 00:00.02)
01:44.487  render           | Rendering frame 412
01:44.487  render           | Start rendering: MORI_Assembly_Animation, 视图层
01:44.487  render           | Engine: EEVEE
01:44.529  render           | Fra: 412 | Rendering 1 / 32 samples
01:44.658  render           | Fra: 412 | Rendering 25 / 32 samples
01:44.696  render           | Fra: 412 | Rendering 32 / 32 samples
01:44.713  render           | Video append frame 412
01:44.713  render           | Time: 00:00.22 (Saving: 00:00.01)
01:44.713  render           | Rendering frame 413
01:44.713  render           | Start rendering: MORI_Assembly_Animation, 视图层
01:44.713  render           | Engine: EEVEE
01:44.754  render           | Fra: 413 | Rendering 1 / 32 samples
01:44.887  render           | Fra: 413 | Rendering 25 / 32 samples
01:44.924  render           | Fra: 413 | Rendering 32 / 32 samples
01:44.936  render           | Video append frame 413
01:44.936  render           | Time: 00:00.22 (Saving: 00:00.00)
01:44.936  render           | Rendering frame 414
01:44.936  render           | Start rendering: MORI_Assembly_Animation, 视图层
01:44.936  render           | Engine: EEVEE
01:44.980  render           | Fra: 414 | Rendering 1 / 32 samples
01:45.110  render           | Fra: 414 | Rendering 25 / 32 samples
01:45.147  render           | Fra: 414 | Rendering 32 / 32 samples
01:45.173  render           | Video append frame 414
01:45.173  render           | Time: 00:00.23 (Saving: 00:00.02)
01:45.173  render           | Rendering frame 415
01:45.173  render           | Start rendering: MORI_Assembly_Animation, 视图层
01:45.173  render           | Engine: EEVEE
01:45.214  render           | Fra: 415 | Rendering 1 / 32 samples
01:45.345  render           | Fra: 415 | Rendering 25 / 32 samples
01:45.384  render           | Fra: 415 | Rendering 32 / 32 samples
01:45.409  render           | Video append frame 415
01:45.409  render           | Time: 00:00.23 (Saving: 00:00.02)
01:45.409  render           | Rendering frame 416
01:45.410  render           | Start rendering: MORI_Assembly_Animation, 视图层
01:45.410  render           | Engine: EEVEE
01:45.452  render           | Fra: 416 | Rendering 1 / 32 samples
01:45.583  render           | Fra: 416 | Rendering 25 / 32 samples
01:45.621  render           | Fra: 416 | Rendering 32 / 32 samples
01:45.645  render           | Video append frame 416
01:45.645  render           | Time: 00:00.23 (Saving: 00:00.02)
01:45.645  render           | Rendering frame 417
01:45.646  render           | Start rendering: MORI_Assembly_Animation, 视图层
01:45.646  render           | Engine: EEVEE
01:45.687  render           | Fra: 417 | Rendering 1 / 32 samples
01:45.821  render           | Fra: 417 | Rendering 25 / 32 samples
01:45.861  render           | Fra: 417 | Rendering 32 / 32 samples
01:45.893  render           | Video append frame 417
01:45.893  render           | Time: 00:00.24 (Saving: 00:00.02)
01:45.893  render           | Rendering frame 418
01:45.893  render           | Start rendering: MORI_Assembly_Animation, 视图层
01:45.893  render           | Engine: EEVEE
01:45.935  render           | Fra: 418 | Rendering 1 / 32 samples
01:46.084  render           | Fra: 418 | Rendering 25 / 32 samples
01:46.128  render           | Fra: 418 | Rendering 32 / 32 samples
01:46.138  render           | Video append frame 418
01:46.138  render           | Time: 00:00.24 (Saving: 00:00.00)
01:46.138  render           | Rendering frame 419
01:46.138  render           | Start rendering: MORI_Assembly_Animation, 视图层
01:46.138  render           | Engine: EEVEE
01:46.186  render           | Fra: 419 | Rendering 1 / 32 samples
01:46.345  render           | Fra: 419 | Rendering 25 / 32 samples
01:46.389  render           | Fra: 419 | Rendering 32 / 32 samples
01:46.398  render           | Video append frame 419
01:46.398  render           | Time: 00:00.25 (Saving: 00:00.00)
01:46.398  render           | Rendering frame 420
01:46.398  render           | Start rendering: MORI_Assembly_Animation, 视图层
01:46.398  render           | Engine: EEVEE
01:46.444  render           | Fra: 420 | Rendering 1 / 32 samples
01:46.601  render           | Fra: 420 | Rendering 25 / 32 samples
01:46.647  render           | Fra: 420 | Rendering 32 / 32 samples
01:46.655  render           | Video append frame 420
01:46.655  render           | Time: 00:00.25 (Saving: 00:00.00)
01:46.655  render           | Rendering frame 421
01:46.656  render           | Start rendering: MORI_Assembly_Animation, 视图层
01:46.656  render           | Engine: EEVEE
01:46.702  render           | Fra: 421 | Rendering 1 / 32 samples
01:46.865  render           | Fra: 421 | Rendering 25 / 32 samples
01:46.915  render           | Fra: 421 | Rendering 32 / 32 samples
01:46.927  render           | Video append frame 421
01:46.927  render           | Time: 00:00.27 (Saving: 00:00.00)
01:46.927  render           | Rendering frame 422
01:46.927  render           | Start rendering: MORI_Assembly_Animation, 视图层
01:46.927  render           | Engine: EEVEE
01:46.972  render           | Fra: 422 | Rendering 1 / 32 samples
01:47.133  render           | Fra: 422 | Rendering 25 / 32 samples
01:47.181  render           | Fra: 422 | Rendering 32 / 32 samples
01:47.190  render           | Video append frame 422
01:47.190  render           | Time: 00:00.26 (Saving: 00:00.00)
01:47.190  render           | Rendering frame 423
01:47.190  render           | Start rendering: MORI_Assembly_Animation, 视图层
01:47.190  render           | Engine: EEVEE
01:47.235  render           | Fra: 423 | Rendering 1 / 32 samples
01:47.393  render           | Fra: 423 | Rendering 25 / 32 samples
01:47.440  render           | Fra: 423 | Rendering 32 / 32 samples
01:47.455  render           | Video append frame 423
01:47.455  render           | Time: 00:00.26 (Saving: 00:00.00)
01:47.455  render           | Rendering frame 424
01:47.455  render           | Start rendering: MORI_Assembly_Animation, 视图层
01:47.455  render           | Engine: EEVEE
01:47.500  render           | Fra: 424 | Rendering 1 / 32 samples
01:47.658  render           | Fra: 424 | Rendering 25 / 32 samples
01:47.702  render           | Fra: 424 | Rendering 32 / 32 samples
01:47.710  render           | Video append frame 424
01:47.710  render           | Time: 00:00.25 (Saving: 00:00.00)
01:47.710  render           | Rendering frame 425
01:47.710  render           | Start rendering: MORI_Assembly_Animation, 视图层
01:47.710  render           | Engine: EEVEE
01:47.750  render           | Fra: 425 | Rendering 1 / 32 samples
01:47.898  render           | Fra: 425 | Rendering 25 / 32 samples
01:47.937  render           | Fra: 425 | Rendering 32 / 32 samples
01:47.945  render           | Video append frame 425
01:47.945  render           | Time: 00:00.23 (Saving: 00:00.00)
01:47.945  render           | Rendering frame 426
01:47.945  render           | Start rendering: MORI_Assembly_Animation, 视图层
01:47.945  render           | Engine: EEVEE
01:47.985  render           | Fra: 426 | Rendering 1 / 32 samples
01:48.112  render           | Fra: 426 | Rendering 25 / 32 samples
01:48.149  render           | Fra: 426 | Rendering 32 / 32 samples
01:48.157  render           | Video append frame 426
01:48.157  render           | Time: 00:00.21 (Saving: 00:00.00)
01:48.157  render           | Rendering frame 427
01:48.158  render           | Start rendering: MORI_Assembly_Animation, 视图层
01:48.158  render           | Engine: EEVEE
01:48.205  render           | Fra: 427 | Rendering 1 / 32 samples
01:48.361  render           | Fra: 427 | Rendering 25 / 32 samples
01:48.407  render           | Fra: 427 | Rendering 32 / 32 samples
01:48.416  render           | Video append frame 427
01:48.416  render           | Time: 00:00.25 (Saving: 00:00.00)
01:48.416  render           | Rendering frame 428
01:48.416  render           | Start rendering: MORI_Assembly_Animation, 视图层
01:48.416  render           | Engine: EEVEE
01:48.458  render           | Fra: 428 | Rendering 1 / 32 samples
01:48.609  render           | Fra: 428 | Rendering 25 / 32 samples
01:48.649  render           | Fra: 428 | Rendering 32 / 32 samples
01:48.657  render           | Video append frame 428
01:48.657  render           | Time: 00:00.24 (Saving: 00:00.00)
01:48.657  render           | Rendering frame 429
01:48.657  render           | Start rendering: MORI_Assembly_Animation, 视图层
01:48.657  render           | Engine: EEVEE
01:48.701  render           | Fra: 429 | Rendering 1 / 32 samples
01:48.830  render           | Fra: 429 | Rendering 25 / 32 samples
01:48.867  render           | Fra: 429 | Rendering 32 / 32 samples
01:48.876  render           | Video append frame 429
01:48.876  render           | Time: 00:00.21 (Saving: 00:00.00)
01:48.876  render           | Rendering frame 430
01:48.876  render           | Start rendering: MORI_Assembly_Animation, 视图层
01:48.876  render           | Engine: EEVEE
01:48.917  render           | Fra: 430 | Rendering 1 / 32 samples
01:49.044  render           | Fra: 430 | Rendering 25 / 32 samples
01:49.081  render           | Fra: 430 | Rendering 32 / 32 samples
01:49.091  render           | Video append frame 430
01:49.091  render           | Time: 00:00.21 (Saving: 00:00.00)
01:49.091  render           | Rendering frame 431
01:49.091  render           | Start rendering: MORI_Assembly_Animation, 视图层
01:49.091  render           | Engine: EEVEE
01:49.133  render           | Fra: 431 | Rendering 1 / 32 samples
01:49.260  render           | Fra: 431 | Rendering 25 / 32 samples
01:49.296  render           | Fra: 431 | Rendering 32 / 32 samples
01:49.305  render           | Video append frame 431
01:49.306  render           | Time: 00:00.21 (Saving: 00:00.00)
01:49.306  render           | Rendering frame 432
01:49.306  render           | Start rendering: MORI_Assembly_Animation, 视图层
01:49.306  render           | Engine: EEVEE
01:49.345  render           | Fra: 432 | Rendering 1 / 32 samples
01:49.474  render           | Fra: 432 | Rendering 25 / 32 samples
01:49.511  render           | Fra: 432 | Rendering 32 / 32 samples
01:49.531  render           | Video append frame 432
01:49.531  render           | Time: 00:00.22 (Saving: 00:00.01)
01:49.531  render           | Rendering frame 433
01:49.531  render           | Start rendering: MORI_Assembly_Animation, 视图层
01:49.531  render           | Engine: EEVEE
01:49.571  render           | Fra: 433 | Rendering 1 / 32 samples
01:49.699  render           | Fra: 433 | Rendering 25 / 32 samples
01:49.736  render           | Fra: 433 | Rendering 32 / 32 samples
01:49.755  render           | Video append frame 433
01:49.755  render           | Time: 00:00.22 (Saving: 00:00.01)
01:49.755  render           | Rendering frame 434
01:49.755  render           | Start rendering: MORI_Assembly_Animation, 视图层
01:49.755  render           | Engine: EEVEE
01:49.794  render           | Fra: 434 | Rendering 1 / 32 samples
01:49.924  render           | Fra: 434 | Rendering 25 / 32 samples
01:49.961  render           | Fra: 434 | Rendering 32 / 32 samples
01:50.010  render           | Video append frame 434
01:50.010  render           | Time: 00:00.25 (Saving: 00:00.03)
01:50.010  render           | Rendering frame 435
01:50.010  render           | Start rendering: MORI_Assembly_Animation, 视图层
01:50.010  render           | Engine: EEVEE
01:50.061  render           | Fra: 435 | Rendering 1 / 32 samples
01:50.219  render           | Fra: 435 | Rendering 25 / 32 samples
01:50.265  render           | Fra: 435 | Rendering 32 / 32 samples
01:50.291  render           | Video append frame 435
01:50.291  render           | Time: 00:00.28 (Saving: 00:00.02)
01:50.291  render           | Rendering frame 436
01:50.291  render           | Start rendering: MORI_Assembly_Animation, 视图层
01:50.291  render           | Engine: EEVEE
01:50.334  render           | Fra: 436 | Rendering 1 / 32 samples
01:50.493  render           | Fra: 436 | Rendering 25 / 32 samples
01:50.539  render           | Fra: 436 | Rendering 32 / 32 samples
01:50.576  render           | Video append frame 436
01:50.576  render           | Time: 00:00.28 (Saving: 00:00.03)
01:50.576  render           | Rendering frame 437
01:50.576  render           | Start rendering: MORI_Assembly_Animation, 视图层
01:50.576  render           | Engine: EEVEE
01:50.620  render           | Fra: 437 | Rendering 1 / 32 samples
01:50.780  render           | Fra: 437 | Rendering 25 / 32 samples
01:50.826  render           | Fra: 437 | Rendering 32 / 32 samples
01:50.855  render           | Video append frame 437
01:50.855  render           | Time: 00:00.27 (Saving: 00:00.02)
01:50.855  render           | Rendering frame 438
01:50.856  render           | Start rendering: MORI_Assembly_Animation, 视图层
01:50.856  render           | Engine: EEVEE
01:50.900  render           | Fra: 438 | Rendering 1 / 32 samples
01:51.058  render           | Fra: 438 | Rendering 25 / 32 samples
01:51.104  render           | Fra: 438 | Rendering 32 / 32 samples
01:51.126  render           | Video append frame 438
01:51.126  render           | Time: 00:00.27 (Saving: 00:00.01)
01:51.126  render           | Rendering frame 439
01:51.126  render           | Start rendering: MORI_Assembly_Animation, 视图层
01:51.126  render           | Engine: EEVEE
01:51.171  render           | Fra: 439 | Rendering 1 / 32 samples
01:51.332  render           | Fra: 439 | Rendering 25 / 32 samples
01:51.379  render           | Fra: 439 | Rendering 32 / 32 samples
01:51.396  render           | Video append frame 439
01:51.396  render           | Time: 00:00.26 (Saving: 00:00.01)
01:51.396  render           | Rendering frame 440
01:51.396  render           | Start rendering: MORI_Assembly_Animation, 视图层
01:51.396  render           | Engine: EEVEE
01:51.442  render           | Fra: 440 | Rendering 1 / 32 samples
01:51.601  render           | Fra: 440 | Rendering 25 / 32 samples
01:51.647  render           | Fra: 440 | Rendering 32 / 32 samples
01:51.676  render           | Video append frame 440
01:51.676  render           | Time: 00:00.27 (Saving: 00:00.02)
01:51.676  render           | Rendering frame 441
01:51.676  render           | Start rendering: MORI_Assembly_Animation, 视图层
01:51.676  render           | Engine: EEVEE
01:51.721  render           | Fra: 441 | Rendering 1 / 32 samples
01:51.881  render           | Fra: 441 | Rendering 25 / 32 samples
01:51.928  render           | Fra: 441 | Rendering 32 / 32 samples
01:51.963  render           | Video append frame 441
01:51.963  render           | Time: 00:00.28 (Saving: 00:00.02)
01:51.963  render           | Rendering frame 442
01:51.963  render           | Start rendering: MORI_Assembly_Animation, 视图层
01:51.963  render           | Engine: EEVEE
01:52.009  render           | Fra: 442 | Rendering 1 / 32 samples
01:52.169  render           | Fra: 442 | Rendering 25 / 32 samples
01:52.215  render           | Fra: 442 | Rendering 32 / 32 samples
01:52.243  render           | Video append frame 442
01:52.243  render           | Time: 00:00.27 (Saving: 00:00.02)
01:52.243  render           | Rendering frame 443
01:52.243  render           | Start rendering: MORI_Assembly_Animation, 视图层
01:52.243  render           | Engine: EEVEE
01:52.288  render           | Fra: 443 | Rendering 1 / 32 samples
01:52.448  render           | Fra: 443 | Rendering 25 / 32 samples
01:52.495  render           | Fra: 443 | Rendering 32 / 32 samples
01:52.521  render           | Video append frame 443
01:52.521  render           | Time: 00:00.27 (Saving: 00:00.02)
01:52.521  render           | Rendering frame 444
01:52.521  render           | Start rendering: MORI_Assembly_Animation, 视图层
01:52.521  render           | Engine: EEVEE
01:52.565  render           | Fra: 444 | Rendering 1 / 32 samples
01:52.725  render           | Fra: 444 | Rendering 25 / 32 samples
01:52.771  render           | Fra: 444 | Rendering 32 / 32 samples
01:52.799  render           | Video append frame 444
01:52.799  render           | Time: 00:00.27 (Saving: 00:00.02)
01:52.799  render           | Rendering frame 445
01:52.799  render           | Start rendering: MORI_Assembly_Animation, 视图层
01:52.799  render           | Engine: EEVEE
01:52.844  render           | Fra: 445 | Rendering 1 / 32 samples
01:53.002  render           | Fra: 445 | Rendering 25 / 32 samples
01:53.049  render           | Fra: 445 | Rendering 32 / 32 samples
01:53.065  render           | Video append frame 445
01:53.065  render           | Time: 00:00.26 (Saving: 00:00.00)
01:53.065  render           | Rendering frame 446
01:53.065  render           | Start rendering: MORI_Assembly_Animation, 视图层
01:53.065  render           | Engine: EEVEE
01:53.123  render           | Fra: 446 | Rendering 1 / 32 samples
01:53.287  render           | Fra: 446 | Rendering 25 / 32 samples
01:53.333  render           | Fra: 446 | Rendering 32 / 32 samples
01:53.358  render           | Video append frame 446
01:53.358  render           | Time: 00:00.29 (Saving: 00:00.02)
01:53.358  render           | Rendering frame 447
01:53.359  render           | Start rendering: MORI_Assembly_Animation, 视图层
01:53.359  render           | Engine: EEVEE
01:53.407  render           | Fra: 447 | Rendering 1 / 32 samples
01:53.567  render           | Fra: 447 | Rendering 25 / 32 samples
01:53.613  render           | Fra: 447 | Rendering 32 / 32 samples
01:53.631  render           | Video append frame 447
01:53.631  render           | Time: 00:00.27 (Saving: 00:00.01)
01:53.631  render           | Rendering frame 448
01:53.631  render           | Start rendering: MORI_Assembly_Animation, 视图层
01:53.631  render           | Engine: EEVEE
01:53.679  render           | Fra: 448 | Rendering 1 / 32 samples
01:53.839  render           | Fra: 448 | Rendering 25 / 32 samples
01:53.886  render           | Fra: 448 | Rendering 32 / 32 samples
01:53.905  render           | Video append frame 448
01:53.905  render           | Time: 00:00.27 (Saving: 00:00.01)
01:53.905  render           | Rendering frame 449
01:53.905  render           | Start rendering: MORI_Assembly_Animation, 视图层
01:53.905  render           | Engine: EEVEE
01:53.951  render           | Fra: 449 | Rendering 1 / 32 samples
01:54.112  render           | Fra: 449 | Rendering 25 / 32 samples
01:54.158  render           | Fra: 449 | Rendering 32 / 32 samples
01:54.197  render           | Video append frame 449
01:54.197  render           | Time: 00:00.29 (Saving: 00:00.02)
01:54.197  render           | Rendering frame 450
01:54.197  render           | Start rendering: MORI_Assembly_Animation, 视图层
01:54.197  render           | Engine: EEVEE
01:54.246  render           | Fra: 450 | Rendering 1 / 32 samples
01:54.406  render           | Fra: 450 | Rendering 25 / 32 samples
01:54.452  render           | Fra: 450 | Rendering 32 / 32 samples
01:54.474  render           | Video append frame 450
01:54.474  render           | Time: 00:00.27 (Saving: 00:00.01)
01:54.474  render           | Rendering frame 451
01:54.474  render           | Start rendering: MORI_Assembly_Animation, 视图层
01:54.474  render           | Engine: EEVEE
01:54.523  render           | Fra: 451 | Rendering 1 / 32 samples
01:54.688  render           | Fra: 451 | Rendering 25 / 32 samples
01:54.736  render           | Fra: 451 | Rendering 32 / 32 samples
01:54.746  render           | Video append frame 451
01:54.746  render           | Time: 00:00.27 (Saving: 00:00.00)
01:54.746  render           | Rendering frame 452
01:54.746  render           | Start rendering: MORI_Assembly_Animation, 视图层
01:54.746  render           | Engine: EEVEE
01:54.793  render           | Fra: 452 | Rendering 1 / 32 samples
01:54.960  render           | Fra: 452 | Rendering 25 / 32 samples
01:55.007  render           | Fra: 452 | Rendering 32 / 32 samples
01:55.017  render           | Video append frame 452
01:55.017  render           | Time: 00:00.27 (Saving: 00:00.00)
01:55.017  render           | Rendering frame 453
01:55.017  render           | Start rendering: MORI_Assembly_Animation, 视图层
01:55.017  render           | Engine: EEVEE
01:55.068  render           | Fra: 453 | Rendering 1 / 32 samples
01:55.233  render           | Fra: 453 | Rendering 25 / 32 samples
01:55.280  render           | Fra: 453 | Rendering 32 / 32 samples
01:55.290  render           | Video append frame 453
01:55.290  render           | Time: 00:00.27 (Saving: 00:00.00)
01:55.290  render           | Rendering frame 454
01:55.290  render           | Start rendering: MORI_Assembly_Animation, 视图层
01:55.290  render           | Engine: EEVEE
01:55.340  render           | Fra: 454 | Rendering 1 / 32 samples
01:55.505  render           | Fra: 454 | Rendering 25 / 32 samples
01:55.553  render           | Fra: 454 | Rendering 32 / 32 samples
01:55.562  render           | Video append frame 454
01:55.563  render           | Time: 00:00.27 (Saving: 00:00.00)
01:55.563  render           | Rendering frame 455
01:55.563  render           | Start rendering: MORI_Assembly_Animation, 视图层
01:55.563  render           | Engine: EEVEE
01:55.613  render           | Fra: 455 | Rendering 1 / 32 samples
01:55.776  render           | Fra: 455 | Rendering 25 / 32 samples
01:55.823  render           | Fra: 455 | Rendering 32 / 32 samples
01:55.833  render           | Video append frame 455
01:55.833  render           | Time: 00:00.27 (Saving: 00:00.00)
01:55.833  render           | Rendering frame 456
01:55.833  render           | Start rendering: MORI_Assembly_Animation, 视图层
01:55.833  render           | Engine: EEVEE
01:55.876  render           | Fra: 456 | Rendering 1 / 32 samples
01:56.040  render           | Fra: 456 | Rendering 25 / 32 samples
01:56.088  render           | Fra: 456 | Rendering 32 / 32 samples
01:56.099  render           | Video append frame 456
01:56.099  render           | Time: 00:00.26 (Saving: 00:00.00)
01:56.099  render           | Rendering frame 457
01:56.099  render           | Start rendering: MORI_Assembly_Animation, 视图层
01:56.099  render           | Engine: EEVEE
01:56.156  render           | Fra: 457 | Rendering 1 / 32 samples
01:56.318  render           | Fra: 457 | Rendering 25 / 32 samples
01:56.364  render           | Fra: 457 | Rendering 32 / 32 samples
01:56.373  render           | Video append frame 457
01:56.373  render           | Time: 00:00.27 (Saving: 00:00.00)
01:56.373  render           | Rendering frame 458
01:56.373  render           | Start rendering: MORI_Assembly_Animation, 视图层
01:56.373  render           | Engine: EEVEE
01:56.431  render           | Fra: 458 | Rendering 1 / 32 samples
01:56.587  render           | Fra: 458 | Rendering 25 / 32 samples
01:56.633  render           | Fra: 458 | Rendering 32 / 32 samples
01:56.642  render           | Video append frame 458
01:56.642  render           | Time: 00:00.26 (Saving: 00:00.00)
01:56.642  render           | Rendering frame 459
01:56.642  render           | Start rendering: MORI_Assembly_Animation, 视图层
01:56.642  render           | Engine: EEVEE
01:56.701  render           | Fra: 459 | Rendering 1 / 32 samples
01:56.858  render           | Fra: 459 | Rendering 25 / 32 samples
01:56.903  render           | Fra: 459 | Rendering 32 / 32 samples
01:56.913  render           | Video append frame 459
01:56.913  render           | Time: 00:00.27 (Saving: 00:00.00)
01:56.913  render           | Rendering frame 460
01:56.913  render           | Start rendering: MORI_Assembly_Animation, 视图层
01:56.913  render           | Engine: EEVEE
01:56.957  render           | Fra: 460 | Rendering 1 / 32 samples
01:57.114  render           | Fra: 460 | Rendering 25 / 32 samples
01:57.159  render           | Fra: 460 | Rendering 32 / 32 samples
01:57.169  render           | Video append frame 460
01:57.169  render           | Time: 00:00.25 (Saving: 00:00.00)
01:57.169  render           | Rendering frame 461
01:57.169  render           | Start rendering: MORI_Assembly_Animation, 视图层
01:57.169  render           | Engine: EEVEE
01:57.215  render           | Fra: 461 | Rendering 1 / 32 samples
01:57.371  render           | Fra: 461 | Rendering 25 / 32 samples
01:57.417  render           | Fra: 461 | Rendering 32 / 32 samples
01:57.426  render           | Video append frame 461
01:57.426  render           | Time: 00:00.25 (Saving: 00:00.00)
01:57.426  render           | Rendering frame 462
01:57.426  render           | Start rendering: MORI_Assembly_Animation, 视图层
01:57.426  render           | Engine: EEVEE
01:57.473  render           | Fra: 462 | Rendering 1 / 32 samples
01:57.629  render           | Fra: 462 | Rendering 25 / 32 samples
01:57.675  render           | Fra: 462 | Rendering 32 / 32 samples
01:57.685  render           | Video append frame 462
01:57.685  render           | Time: 00:00.25 (Saving: 00:00.00)
01:57.685  render           | Rendering frame 463
01:57.685  render           | Start rendering: MORI_Assembly_Animation, 视图层
01:57.685  render           | Engine: EEVEE
01:57.732  render           | Fra: 463 | Rendering 1 / 32 samples
01:57.888  render           | Fra: 463 | Rendering 25 / 32 samples
01:57.934  render           | Fra: 463 | Rendering 32 / 32 samples
01:57.943  render           | Video append frame 463
01:57.943  render           | Time: 00:00.25 (Saving: 00:00.00)
01:57.943  render           | Rendering frame 464
01:57.943  render           | Start rendering: MORI_Assembly_Animation, 视图层
01:57.943  render           | Engine: EEVEE
01:57.988  render           | Fra: 464 | Rendering 1 / 32 samples
01:58.148  render           | Fra: 464 | Rendering 25 / 32 samples
01:58.194  render           | Fra: 464 | Rendering 32 / 32 samples
01:58.237  render           | Video append frame 464
01:58.238  render           | Time: 00:00.29 (Saving: 00:00.03)
01:58.238  render           | Rendering frame 465
01:58.238  render           | Start rendering: MORI_Assembly_Animation, 视图层
01:58.238  render           | Engine: EEVEE
01:58.284  render           | Fra: 465 | Rendering 1 / 32 samples
01:58.442  render           | Fra: 465 | Rendering 25 / 32 samples
01:58.488  render           | Fra: 465 | Rendering 32 / 32 samples
01:58.523  render           | Video append frame 465
01:58.523  render           | Time: 00:00.28 (Saving: 00:00.02)
01:58.523  render           | Rendering frame 466
01:58.523  render           | Start rendering: MORI_Assembly_Animation, 视图层
01:58.523  render           | Engine: EEVEE
01:58.570  render           | Fra: 466 | Rendering 1 / 32 samples
01:58.731  render           | Fra: 466 | Rendering 25 / 32 samples
01:58.777  render           | Fra: 466 | Rendering 32 / 32 samples
01:58.802  render           | Video append frame 466
01:58.802  render           | Time: 00:00.27 (Saving: 00:00.02)
01:58.802  render           | Rendering frame 467
01:58.802  render           | Start rendering: MORI_Assembly_Animation, 视图层
01:58.802  render           | Engine: EEVEE
01:58.849  render           | Fra: 467 | Rendering 1 / 32 samples
01:59.009  render           | Fra: 467 | Rendering 25 / 32 samples
01:59.056  render           | Fra: 467 | Rendering 32 / 32 samples
01:59.081  render           | Video append frame 467
01:59.081  render           | Time: 00:00.27 (Saving: 00:00.02)
01:59.081  render           | Rendering frame 468
01:59.081  render           | Start rendering: MORI_Assembly_Animation, 视图层
01:59.081  render           | Engine: EEVEE
01:59.129  render           | Fra: 468 | Rendering 1 / 32 samples
01:59.292  render           | Fra: 468 | Rendering 25 / 32 samples
01:59.338  render           | Fra: 468 | Rendering 32 / 32 samples
01:59.375  render           | Video append frame 468
01:59.375  render           | Time: 00:00.29 (Saving: 00:00.03)
01:59.375  render           | Rendering frame 469
01:59.375  render           | Start rendering: MORI_Assembly_Animation, 视图层
01:59.375  render           | Engine: EEVEE
01:59.418  render           | Fra: 469 | Rendering 1 / 32 samples
01:59.578  render           | Fra: 469 | Rendering 25 / 32 samples
01:59.625  render           | Fra: 469 | Rendering 32 / 32 samples
01:59.650  render           | Video append frame 469
01:59.650  render           | Time: 00:00.27 (Saving: 00:00.01)
01:59.650  render           | Rendering frame 470
01:59.650  render           | Start rendering: MORI_Assembly_Animation, 视图层
01:59.650  render           | Engine: EEVEE
01:59.696  render           | Fra: 470 | Rendering 1 / 32 samples
01:59.858  render           | Fra: 470 | Rendering 25 / 32 samples
01:59.904  render           | Fra: 470 | Rendering 32 / 32 samples
01:59.922  render           | Video append frame 470
01:59.922  render           | Time: 00:00.27 (Saving: 00:00.01)
01:59.922  render           | Rendering frame 471
01:59.922  render           | Start rendering: MORI_Assembly_Animation, 视图层
01:59.922  render           | Engine: EEVEE
01:59.972  render           | Fra: 471 | Rendering 1 / 32 samples
02:00.133  render           | Fra: 471 | Rendering 25 / 32 samples
02:00.180  render           | Fra: 471 | Rendering 32 / 32 samples
02:00.211  render           | Video append frame 471
02:00.211  render           | Time: 00:00.28 (Saving: 00:00.02)
02:00.211  render           | Rendering frame 472
02:00.211  render           | Start rendering: MORI_Assembly_Animation, 视图层
02:00.211  render           | Engine: EEVEE
02:00.259  render           | Fra: 472 | Rendering 1 / 32 samples
02:00.422  render           | Fra: 472 | Rendering 25 / 32 samples
02:00.469  render           | Fra: 472 | Rendering 32 / 32 samples
02:00.480  render           | Video append frame 472
02:00.480  render           | Time: 00:00.26 (Saving: 00:00.00)
02:00.480  render           | Rendering frame 473
02:00.480  render           | Start rendering: MORI_Assembly_Animation, 视图层
02:00.480  render           | Engine: EEVEE
02:00.533  render           | Fra: 473 | Rendering 1 / 32 samples
02:00.696  render           | Fra: 473 | Rendering 25 / 32 samples
02:00.743  render           | Fra: 473 | Rendering 32 / 32 samples
02:00.755  render           | Video append frame 473
02:00.755  render           | Time: 00:00.27 (Saving: 00:00.00)
02:00.755  render           | Rendering frame 474
02:00.755  render           | Start rendering: MORI_Assembly_Animation, 视图层
02:00.755  render           | Engine: EEVEE
02:00.808  render           | Fra: 474 | Rendering 1 / 32 samples
02:00.972  render           | Fra: 474 | Rendering 25 / 32 samples
02:01.020  render           | Fra: 474 | Rendering 32 / 32 samples
02:01.030  render           | Video append frame 474
02:01.030  render           | Time: 00:00.27 (Saving: 00:00.00)
02:01.030  render           | Rendering frame 475
02:01.031  render           | Start rendering: MORI_Assembly_Animation, 视图层
02:01.031  render           | Engine: EEVEE
02:01.113  render           | Fra: 475 | Rendering 1 / 32 samples
02:01.311  render           | Fra: 475 | Rendering 25 / 32 samples
02:01.366  render           | Fra: 475 | Rendering 32 / 32 samples
02:01.380  render           | Video append frame 475
02:01.380  render           | Time: 00:00.34 (Saving: 00:00.00)
02:01.380  render           | Rendering frame 476
02:01.380  render           | Start rendering: MORI_Assembly_Animation, 视图层
02:01.380  render           | Engine: EEVEE
02:01.446  render           | Fra: 476 | Rendering 1 / 32 samples
02:01.638  render           | Fra: 476 | Rendering 25 / 32 samples
02:01.694  render           | Fra: 476 | Rendering 32 / 32 samples
02:01.705  render           | Video append frame 476
02:01.705  render           | Time: 00:00.32 (Saving: 00:00.00)
02:01.705  render           | Rendering frame 477
02:01.705  render           | Start rendering: MORI_Assembly_Animation, 视图层
02:01.705  render           | Engine: EEVEE
02:01.767  render           | Fra: 477 | Rendering 1 / 32 samples
02:01.963  render           | Fra: 477 | Rendering 25 / 32 samples
02:02.019  render           | Fra: 477 | Rendering 32 / 32 samples
02:02.030  render           | Video append frame 477
02:02.030  render           | Time: 00:00.32 (Saving: 00:00.00)
02:02.030  render           | Rendering frame 478
02:02.031  render           | Start rendering: MORI_Assembly_Animation, 视图层
02:02.031  render           | Engine: EEVEE
02:02.091  render           | Fra: 478 | Rendering 1 / 32 samples
02:02.262  render           | Fra: 478 | Rendering 25 / 32 samples
02:02.307  render           | Fra: 478 | Rendering 32 / 32 samples
02:02.318  render           | Video append frame 478
02:02.318  render           | Time: 00:00.28 (Saving: 00:00.00)
02:02.318  render           | Rendering frame 479
02:02.318  render           | Start rendering: MORI_Assembly_Animation, 视图层
02:02.318  render           | Engine: EEVEE
02:02.376  render           | Fra: 479 | Rendering 1 / 32 samples
02:02.532  render           | Fra: 479 | Rendering 25 / 32 samples
02:02.578  render           | Fra: 479 | Rendering 32 / 32 samples
02:02.588  render           | Video append frame 479
02:02.588  render           | Time: 00:00.26 (Saving: 00:00.00)
02:02.588  render           | Rendering frame 480
02:02.588  render           | Start rendering: MORI_Assembly_Animation, 视图层
02:02.588  render           | Engine: EEVEE
02:02.636  render           | Fra: 480 | Rendering 1 / 32 samples
02:02.791  render           | Fra: 480 | Rendering 25 / 32 samples
02:02.837  render           | Fra: 480 | Rendering 32 / 32 samples
02:02.846  render           | Video append frame 480
02:02.846  render           | Time: 00:00.25 (Saving: 00:00.00)
02:02.847  render           | Rendering frame 481
02:02.847  render           | Start rendering: MORI_Assembly_Animation, 视图层
02:02.847  render           | Engine: EEVEE
02:02.896  render           | Fra: 481 | Rendering 1 / 32 samples
02:03.051  render           | Fra: 481 | Rendering 25 / 32 samples
02:03.096  render           | Fra: 481 | Rendering 32 / 32 samples
02:03.105  render           | Video append frame 481
02:03.105  render           | Time: 00:00.25 (Saving: 00:00.00)
02:03.105  render           | Rendering frame 482
02:03.105  render           | Start rendering: MORI_Assembly_Animation, 视图层
02:03.105  render           | Engine: EEVEE
02:03.154  render           | Fra: 482 | Rendering 1 / 32 samples
02:03.308  render           | Fra: 482 | Rendering 25 / 32 samples
02:03.353  render           | Fra: 482 | Rendering 32 / 32 samples
02:03.362  render           | Video append frame 482
02:03.362  render           | Time: 00:00.25 (Saving: 00:00.00)
02:03.362  render           | Rendering frame 483
02:03.362  render           | Start rendering: MORI_Assembly_Animation, 视图层
02:03.362  render           | Engine: EEVEE
02:03.409  render           | Fra: 483 | Rendering 1 / 32 samples
02:03.565  render           | Fra: 483 | Rendering 25 / 32 samples
02:03.611  render           | Fra: 483 | Rendering 32 / 32 samples
02:03.620  render           | Video append frame 483
02:03.620  render           | Time: 00:00.25 (Saving: 00:00.00)
02:03.620  render           | Rendering frame 484
02:03.621  render           | Start rendering: MORI_Assembly_Animation, 视图层
02:03.621  render           | Engine: EEVEE
02:03.667  render           | Fra: 484 | Rendering 1 / 32 samples
02:03.825  render           | Fra: 484 | Rendering 25 / 32 samples
02:03.871  render           | Fra: 484 | Rendering 32 / 32 samples
02:03.880  render           | Video append frame 484
02:03.880  render           | Time: 00:00.25 (Saving: 00:00.00)
02:03.880  render           | Rendering frame 485
02:03.880  render           | Start rendering: MORI_Assembly_Animation, 视图层
02:03.880  render           | Engine: EEVEE
02:03.927  render           | Fra: 485 | Rendering 1 / 32 samples
02:04.085  render           | Fra: 485 | Rendering 25 / 32 samples
02:04.131  render           | Fra: 485 | Rendering 32 / 32 samples
02:04.169  render           | Video append frame 485
02:04.169  render           | Time: 00:00.28 (Saving: 00:00.03)
02:04.169  render           | Rendering frame 486
02:04.169  render           | Start rendering: MORI_Assembly_Animation, 视图层
02:04.169  render           | Engine: EEVEE
02:04.215  render           | Fra: 486 | Rendering 1 / 32 samples
02:04.376  render           | Fra: 486 | Rendering 25 / 32 samples
02:04.423  render           | Fra: 486 | Rendering 32 / 32 samples
02:04.460  render           | Video append frame 486
02:04.460  render           | Time: 00:00.29 (Saving: 00:00.02)
02:04.460  render           | Rendering frame 487
02:04.460  render           | Start rendering: MORI_Assembly_Animation, 视图层
02:04.460  render           | Engine: EEVEE
02:04.512  render           | Fra: 487 | Rendering 1 / 32 samples
02:04.672  render           | Fra: 487 | Rendering 25 / 32 samples
02:04.718  render           | Fra: 487 | Rendering 32 / 32 samples
02:04.753  render           | Video append frame 487
02:04.753  render           | Time: 00:00.29 (Saving: 00:00.02)
02:04.753  render           | Rendering frame 488
02:04.753  render           | Start rendering: MORI_Assembly_Animation, 视图层
02:04.753  render           | Engine: EEVEE
02:04.805  render           | Fra: 488 | Rendering 1 / 32 samples
02:04.966  render           | Fra: 488 | Rendering 25 / 32 samples
02:05.013  render           | Fra: 488 | Rendering 32 / 32 samples
02:05.035  render           | Video append frame 488
02:05.035  render           | Time: 00:00.28 (Saving: 00:00.01)
02:05.035  render           | Rendering frame 489
02:05.035  render           | Start rendering: MORI_Assembly_Animation, 视图层
02:05.035  render           | Engine: EEVEE
02:05.088  render           | Fra: 489 | Rendering 1 / 32 samples
02:05.249  render           | Fra: 489 | Rendering 25 / 32 samples
02:05.296  render           | Fra: 489 | Rendering 32 / 32 samples
02:05.319  render           | Video append frame 489
02:05.319  render           | Time: 00:00.28 (Saving: 00:00.01)
02:05.319  render           | Rendering frame 490
02:05.319  render           | Start rendering: MORI_Assembly_Animation, 视图层
02:05.319  render           | Engine: EEVEE
02:05.372  render           | Fra: 490 | Rendering 1 / 32 samples
02:05.533  render           | Fra: 490 | Rendering 25 / 32 samples
02:05.580  render           | Fra: 490 | Rendering 32 / 32 samples
02:05.601  render           | Video append frame 490
02:05.601  render           | Time: 00:00.28 (Saving: 00:00.01)
02:05.601  render           | Rendering frame 491
02:05.601  render           | Start rendering: MORI_Assembly_Animation, 视图层
02:05.601  render           | Engine: EEVEE
02:05.654  render           | Fra: 491 | Rendering 1 / 32 samples
02:05.816  render           | Fra: 491 | Rendering 25 / 32 samples
02:05.863  render           | Fra: 491 | Rendering 32 / 32 samples
02:05.882  render           | Video append frame 491
02:05.882  render           | Time: 00:00.28 (Saving: 00:00.01)
02:05.882  render           | Rendering frame 492
02:05.882  render           | Start rendering: MORI_Assembly_Animation, 视图层
02:05.882  render           | Engine: EEVEE
02:05.933  render           | Fra: 492 | Rendering 1 / 32 samples
02:06.093  render           | Fra: 492 | Rendering 25 / 32 samples
02:06.139  render           | Fra: 492 | Rendering 32 / 32 samples
02:06.166  render           | Video append frame 492
02:06.166  render           | Time: 00:00.28 (Saving: 00:00.02)
02:06.166  render           | Rendering frame 493
02:06.166  render           | Start rendering: MORI_Assembly_Animation, 视图层
02:06.166  render           | Engine: EEVEE
02:06.220  render           | Fra: 493 | Rendering 1 / 32 samples
02:06.387  render           | Fra: 493 | Rendering 25 / 32 samples
02:06.435  render           | Fra: 493 | Rendering 32 / 32 samples
02:06.446  render           | Video append frame 493
02:06.446  render           | Time: 00:00.27 (Saving: 00:00.00)
02:06.446  render           | Rendering frame 494
02:06.446  render           | Start rendering: MORI_Assembly_Animation, 视图层
02:06.446  render           | Engine: EEVEE
02:06.502  render           | Fra: 494 | Rendering 1 / 32 samples
02:06.664  render           | Fra: 494 | Rendering 25 / 32 samples
02:06.714  render           | Fra: 494 | Rendering 32 / 32 samples
02:06.725  render           | Video append frame 494
02:06.725  render           | Time: 00:00.27 (Saving: 00:00.00)
02:06.725  render           | Rendering frame 495
02:06.726  render           | Start rendering: MORI_Assembly_Animation, 视图层
02:06.726  render           | Engine: EEVEE
02:06.778  render           | Fra: 495 | Rendering 1 / 32 samples
02:06.943  render           | Fra: 495 | Rendering 25 / 32 samples
02:06.992  render           | Fra: 495 | Rendering 32 / 32 samples
02:07.003  render           | Video append frame 495
02:07.003  render           | Time: 00:00.27 (Saving: 00:00.00)
02:07.003  render           | Rendering frame 496
02:07.003  render           | Start rendering: MORI_Assembly_Animation, 视图层
02:07.003  render           | Engine: EEVEE
02:07.058  render           | Fra: 496 | Rendering 1 / 32 samples
02:07.223  render           | Fra: 496 | Rendering 25 / 32 samples
02:07.271  render           | Fra: 496 | Rendering 32 / 32 samples
02:07.287  render           | Video append frame 496
02:07.287  render           | Time: 00:00.28 (Saving: 00:00.01)
02:07.287  render           | Rendering frame 497
02:07.287  render           | Start rendering: MORI_Assembly_Animation, 视图层
02:07.287  render           | Engine: EEVEE
02:07.341  render           | Fra: 497 | Rendering 1 / 32 samples
02:07.507  render           | Fra: 497 | Rendering 25 / 32 samples
02:07.554  render           | Fra: 497 | Rendering 32 / 32 samples
02:07.565  render           | Video append frame 497
02:07.565  render           | Time: 00:00.27 (Saving: 00:00.00)
02:07.565  render           | Rendering frame 498
02:07.565  render           | Start rendering: MORI_Assembly_Animation, 视图层
02:07.565  render           | Engine: EEVEE
02:07.621  render           | Fra: 498 | Rendering 1 / 32 samples
02:07.786  render           | Fra: 498 | Rendering 25 / 32 samples
02:07.833  render           | Fra: 498 | Rendering 32 / 32 samples
02:07.843  render           | Video append frame 498
02:07.843  render           | Time: 00:00.27 (Saving: 00:00.00)
02:07.843  render           | Rendering frame 499
02:07.843  render           | Start rendering: MORI_Assembly_Animation, 视图层
02:07.843  render           | Engine: EEVEE
02:07.900  render           | Fra: 499 | Rendering 1 / 32 samples
02:08.064  render           | Fra: 499 | Rendering 25 / 32 samples
02:08.110  render           | Fra: 499 | Rendering 32 / 32 samples
02:08.120  render           | Video append frame 499
02:08.120  render           | Time: 00:00.27 (Saving: 00:00.00)
02:08.120  render           | Rendering frame 500
02:08.120  render           | Start rendering: MORI_Assembly_Animation, 视图层
02:08.120  render           | Engine: EEVEE
02:08.170  render           | Fra: 500 | Rendering 1 / 32 samples
02:08.328  render           | Fra: 500 | Rendering 25 / 32 samples
02:08.374  render           | Fra: 500 | Rendering 32 / 32 samples
02:08.383  render           | Video append frame 500
02:08.383  render           | Time: 00:00.26 (Saving: 00:00.00)
02:08.383  render           | Rendering frame 501
02:08.383  render           | Start rendering: MORI_Assembly_Animation, 视图层
02:08.383  render           | Engine: EEVEE
02:08.436  render           | Fra: 501 | Rendering 1 / 32 samples
02:08.592  render           | Fra: 501 | Rendering 25 / 32 samples
02:08.638  render           | Fra: 501 | Rendering 32 / 32 samples
02:08.647  render           | Video append frame 501
02:08.647  render           | Time: 00:00.26 (Saving: 00:00.00)
02:08.647  render           | Rendering frame 502
02:08.647  render           | Start rendering: MORI_Assembly_Animation, 视图层
02:08.647  render           | Engine: EEVEE
02:08.698  render           | Fra: 502 | Rendering 1 / 32 samples
02:08.854  render           | Fra: 502 | Rendering 25 / 32 samples
02:08.900  render           | Fra: 502 | Rendering 32 / 32 samples
02:08.910  render           | Video append frame 502
02:08.910  render           | Time: 00:00.26 (Saving: 00:00.00)
02:08.910  render           | Rendering frame 503
02:08.910  render           | Start rendering: MORI_Assembly_Animation, 视图层
02:08.910  render           | Engine: EEVEE
02:08.960  render           | Fra: 503 | Rendering 1 / 32 samples
02:09.117  render           | Fra: 503 | Rendering 25 / 32 samples
02:09.162  render           | Fra: 503 | Rendering 32 / 32 samples
02:09.172  render           | Video append frame 503
02:09.172  render           | Time: 00:00.26 (Saving: 00:00.00)
02:09.172  render           | Rendering frame 504
02:09.172  render           | Start rendering: MORI_Assembly_Animation, 视图层
02:09.172  render           | Engine: EEVEE
02:09.222  render           | Fra: 504 | Rendering 1 / 32 samples
02:09.379  render           | Fra: 504 | Rendering 25 / 32 samples
02:09.425  render           | Fra: 504 | Rendering 32 / 32 samples
02:09.435  render           | Video append frame 504
02:09.435  render           | Time: 00:00.26 (Saving: 00:00.00)
02:09.435  render           | Rendering frame 505
02:09.436  render           | Start rendering: MORI_Assembly_Animation, 视图层
02:09.436  render           | Engine: EEVEE
02:09.487  render           | Fra: 505 | Rendering 1 / 32 samples
02:09.645  render           | Fra: 505 | Rendering 25 / 32 samples
02:09.691  render           | Fra: 505 | Rendering 32 / 32 samples
02:09.701  render           | Video append frame 505
02:09.701  render           | Time: 00:00.26 (Saving: 00:00.00)
02:09.701  render           | Rendering frame 506
02:09.701  render           | Start rendering: MORI_Assembly_Animation, 视图层
02:09.701  render           | Engine: EEVEE
02:09.751  render           | Fra: 506 | Rendering 1 / 32 samples
02:09.910  render           | Fra: 506 | Rendering 25 / 32 samples
02:09.956  render           | Fra: 506 | Rendering 32 / 32 samples
02:10.001  render           | Video append frame 506
02:10.001  render           | Time: 00:00.29 (Saving: 00:00.03)
02:10.001  render           | Rendering frame 507
02:10.001  render           | Start rendering: MORI_Assembly_Animation, 视图层
02:10.001  render           | Engine: EEVEE
02:10.050  render           | Fra: 507 | Rendering 1 / 32 samples
02:10.209  render           | Fra: 507 | Rendering 25 / 32 samples
02:10.255  render           | Fra: 507 | Rendering 32 / 32 samples
02:10.284  render           | Video append frame 507
02:10.284  render           | Time: 00:00.28 (Saving: 00:00.02)
02:10.284  render           | Rendering frame 508
02:10.284  render           | Start rendering: MORI_Assembly_Animation, 视图层
02:10.284  render           | Engine: EEVEE
02:10.336  render           | Fra: 508 | Rendering 1 / 32 samples
02:10.497  render           | Fra: 508 | Rendering 25 / 32 samples
02:10.544  render           | Fra: 508 | Rendering 32 / 32 samples
02:10.580  render           | Video append frame 508
02:10.580  render           | Time: 00:00.29 (Saving: 00:00.02)
02:10.580  render           | Rendering frame 509
02:10.580  render           | Start rendering: MORI_Assembly_Animation, 视图层
02:10.580  render           | Engine: EEVEE
02:10.638  render           | Fra: 509 | Rendering 1 / 32 samples
02:10.800  render           | Fra: 509 | Rendering 25 / 32 samples
02:10.847  render           | Fra: 509 | Rendering 32 / 32 samples
02:10.859  render           | Video append frame 509
02:10.859  render           | Time: 00:00.27 (Saving: 00:00.00)
02:10.859  render           | Rendering frame 510
02:10.860  render           | Start rendering: MORI_Assembly_Animation, 视图层
02:10.860  render           | Engine: EEVEE
02:10.918  render           | Fra: 510 | Rendering 1 / 32 samples
02:11.083  render           | Fra: 510 | Rendering 25 / 32 samples
02:11.130  render           | Fra: 510 | Rendering 32 / 32 samples
02:11.142  render           | Video append frame 510
02:11.142  render           | Time: 00:00.28 (Saving: 00:00.00)
02:11.142  render           | Rendering frame 511
02:11.142  render           | Start rendering: MORI_Assembly_Animation, 视图层
02:11.142  render           | Engine: EEVEE
02:11.196  render           | Fra: 511 | Rendering 1 / 32 samples
02:11.361  render           | Fra: 511 | Rendering 25 / 32 samples
02:11.408  render           | Fra: 511 | Rendering 32 / 32 samples
02:11.419  render           | Video append frame 511
02:11.419  render           | Time: 00:00.27 (Saving: 00:00.00)
02:11.419  render           | Rendering frame 512
02:11.419  render           | Start rendering: MORI_Assembly_Animation, 视图层
02:11.419  render           | Engine: EEVEE
02:11.474  render           | Fra: 512 | Rendering 1 / 32 samples
02:11.639  render           | Fra: 512 | Rendering 25 / 32 samples
02:11.686  render           | Fra: 512 | Rendering 32 / 32 samples
02:11.696  render           | Video append frame 512
02:11.696  render           | Time: 00:00.27 (Saving: 00:00.00)
02:11.696  render           | Rendering frame 513
02:11.696  render           | Start rendering: MORI_Assembly_Animation, 视图层
02:11.696  render           | Engine: EEVEE
02:11.749  render           | Fra: 513 | Rendering 1 / 32 samples
02:11.914  render           | Fra: 513 | Rendering 25 / 32 samples
02:11.961  render           | Fra: 513 | Rendering 32 / 32 samples
02:11.971  render           | Video append frame 513
02:11.971  render           | Time: 00:00.27 (Saving: 00:00.00)
02:11.971  render           | Rendering frame 514
02:11.971  render           | Start rendering: MORI_Assembly_Animation, 视图层
02:11.971  render           | Engine: EEVEE
02:12.026  render           | Fra: 514 | Rendering 1 / 32 samples
02:12.190  render           | Fra: 514 | Rendering 25 / 32 samples
02:12.237  render           | Fra: 514 | Rendering 32 / 32 samples
02:12.248  render           | Video append frame 514
02:12.248  render           | Time: 00:00.27 (Saving: 00:00.00)
02:12.248  render           | Rendering frame 515
02:12.248  render           | Start rendering: MORI_Assembly_Animation, 视图层
02:12.248  render           | Engine: EEVEE
02:12.302  render           | Fra: 515 | Rendering 1 / 32 samples
02:12.468  render           | Fra: 515 | Rendering 25 / 32 samples
02:12.515  render           | Fra: 515 | Rendering 32 / 32 samples
02:12.525  render           | Video append frame 515
02:12.526  render           | Time: 00:00.27 (Saving: 00:00.00)
02:12.526  render           | Rendering frame 516
02:12.526  render           | Start rendering: MORI_Assembly_Animation, 视图层
02:12.526  render           | Engine: EEVEE
02:12.583  render           | Fra: 516 | Rendering 1 / 32 samples
02:12.741  render           | Fra: 516 | Rendering 25 / 32 samples
02:12.786  render           | Fra: 516 | Rendering 32 / 32 samples
02:12.796  render           | Video append frame 516
02:12.796  render           | Time: 00:00.27 (Saving: 00:00.00)
02:12.796  render           | Rendering frame 517
02:12.796  render           | Start rendering: MORI_Assembly_Animation, 视图层
02:12.796  render           | Engine: EEVEE
02:12.847  render           | Fra: 517 | Rendering 1 / 32 samples
02:13.004  render           | Fra: 517 | Rendering 25 / 32 samples
02:13.050  render           | Fra: 517 | Rendering 32 / 32 samples
02:13.059  render           | Video append frame 517
02:13.059  render           | Time: 00:00.26 (Saving: 00:00.00)
02:13.059  render           | Rendering frame 518
02:13.059  render           | Start rendering: MORI_Assembly_Animation, 视图层
02:13.059  render           | Engine: EEVEE
02:13.107  render           | Fra: 518 | Rendering 1 / 32 samples
02:13.265  render           | Fra: 518 | Rendering 25 / 32 samples
02:13.311  render           | Fra: 518 | Rendering 32 / 32 samples
02:13.320  render           | Video append frame 518
02:13.320  render           | Time: 00:00.26 (Saving: 00:00.00)
02:13.320  render           | Rendering frame 519
02:13.320  render           | Start rendering: MORI_Assembly_Animation, 视图层
02:13.320  render           | Engine: EEVEE
02:13.371  render           | Fra: 519 | Rendering 1 / 32 samples
02:13.529  render           | Fra: 519 | Rendering 25 / 32 samples
02:13.574  render           | Fra: 519 | Rendering 32 / 32 samples
02:13.584  render           | Video append frame 519
02:13.584  render           | Time: 00:00.26 (Saving: 00:00.00)
02:13.584  render           | Rendering frame 520
02:13.584  render           | Start rendering: MORI_Assembly_Animation, 视图层
02:13.584  render           | Engine: EEVEE
02:13.637  render           | Fra: 520 | Rendering 1 / 32 samples
02:13.795  render           | Fra: 520 | Rendering 25 / 32 samples
02:13.841  render           | Fra: 520 | Rendering 32 / 32 samples
02:13.851  render           | Video append frame 520
02:13.851  render           | Time: 00:00.26 (Saving: 00:00.00)
02:13.851  render           | Rendering frame 521
02:13.851  render           | Start rendering: MORI_Assembly_Animation, 视图层
02:13.851  render           | Engine: EEVEE
02:13.902  render           | Fra: 521 | Rendering 1 / 32 samples
02:14.058  render           | Fra: 521 | Rendering 25 / 32 samples
02:14.104  render           | Fra: 521 | Rendering 32 / 32 samples
02:14.113  render           | Video append frame 521
02:14.113  render           | Time: 00:00.26 (Saving: 00:00.00)
02:14.113  render           | Rendering frame 522
02:14.113  render           | Start rendering: MORI_Assembly_Animation, 视图层
02:14.113  render           | Engine: EEVEE
02:14.163  render           | Fra: 522 | Rendering 1 / 32 samples
02:14.319  render           | Fra: 522 | Rendering 25 / 32 samples
02:14.365  render           | Fra: 522 | Rendering 32 / 32 samples
02:14.374  render           | Video append frame 522
02:14.374  render           | Time: 00:00.26 (Saving: 00:00.00)
02:14.374  render           | Rendering frame 523
02:14.374  render           | Start rendering: MORI_Assembly_Animation, 视图层
02:14.374  render           | Engine: EEVEE
02:14.431  render           | Fra: 523 | Rendering 1 / 32 samples
02:14.587  render           | Fra: 523 | Rendering 25 / 32 samples
02:14.633  render           | Fra: 523 | Rendering 32 / 32 samples
02:14.668  render           | Video append frame 523
02:14.668  render           | Time: 00:00.29 (Saving: 00:00.02)
02:14.668  render           | Rendering frame 524
02:14.668  render           | Start rendering: MORI_Assembly_Animation, 视图层
02:14.668  render           | Engine: EEVEE
02:14.720  render           | Fra: 524 | Rendering 1 / 32 samples
02:14.881  render           | Fra: 524 | Rendering 25 / 32 samples
02:14.927  render           | Fra: 524 | Rendering 32 / 32 samples
02:14.954  render           | Video append frame 524
02:14.954  render           | Time: 00:00.28 (Saving: 00:00.02)
02:14.954  render           | Rendering frame 525
02:14.954  render           | Start rendering: MORI_Assembly_Animation, 视图层
02:14.954  render           | Engine: EEVEE
02:15.007  render           | Fra: 525 | Rendering 1 / 32 samples
02:15.168  render           | Fra: 525 | Rendering 25 / 32 samples
02:15.214  render           | Fra: 525 | Rendering 32 / 32 samples
02:15.237  render           | Video append frame 525
02:15.237  render           | Time: 00:00.28 (Saving: 00:00.01)
02:15.237  render           | Rendering frame 526
02:15.237  render           | Start rendering: MORI_Assembly_Animation, 视图层
02:15.237  render           | Engine: EEVEE
02:15.288  render           | Fra: 526 | Rendering 1 / 32 samples
02:15.451  render           | Fra: 526 | Rendering 25 / 32 samples
02:15.499  render           | Fra: 526 | Rendering 32 / 32 samples
02:15.509  render           | Video append frame 526
02:15.509  render           | Time: 00:00.27 (Saving: 00:00.00)
02:15.509  render           | Rendering frame 527
02:15.510  render           | Start rendering: MORI_Assembly_Animation, 视图层
02:15.510  render           | Engine: EEVEE
02:15.566  render           | Fra: 527 | Rendering 1 / 32 samples
02:15.730  render           | Fra: 527 | Rendering 25 / 32 samples
02:15.777  render           | Fra: 527 | Rendering 32 / 32 samples
02:15.789  render           | Video append frame 527
02:15.789  render           | Time: 00:00.27 (Saving: 00:00.00)
02:15.789  render           | Rendering frame 528
02:15.789  render           | Start rendering: MORI_Assembly_Animation, 视图层
02:15.789  render           | Engine: EEVEE
02:15.852  render           | Fra: 528 | Rendering 1 / 32 samples
02:16.020  render           | Fra: 528 | Rendering 25 / 32 samples
02:16.068  render           | Fra: 528 | Rendering 32 / 32 samples
02:16.082  render           | Video append frame 528
02:16.082  render           | Time: 00:00.29 (Saving: 00:00.00)
02:16.082  render           | Rendering frame 529
02:16.082  render           | Start rendering: MORI_Assembly_Animation, 视图层
02:16.082  render           | Engine: EEVEE
02:16.143  render           | Fra: 529 | Rendering 1 / 32 samples
02:16.309  render           | Fra: 529 | Rendering 25 / 32 samples
02:16.357  render           | Fra: 529 | Rendering 32 / 32 samples
02:16.368  render           | Video append frame 529
02:16.368  render           | Time: 00:00.28 (Saving: 00:00.00)
02:16.368  render           | Rendering frame 530
02:16.368  render           | Start rendering: MORI_Assembly_Animation, 视图层
02:16.368  render           | Engine: EEVEE
02:16.427  render           | Fra: 530 | Rendering 1 / 32 samples
02:16.596  render           | Fra: 530 | Rendering 25 / 32 samples
02:16.644  render           | Fra: 530 | Rendering 32 / 32 samples
02:16.656  render           | Video append frame 530
02:16.656  render           | Time: 00:00.28 (Saving: 00:00.00)
02:16.656  render           | Rendering frame 531
02:16.656  render           | Start rendering: MORI_Assembly_Animation, 视图层
02:16.656  render           | Engine: EEVEE
02:16.720  render           | Fra: 531 | Rendering 1 / 32 samples
02:16.888  render           | Fra: 531 | Rendering 25 / 32 samples
02:16.936  render           | Fra: 531 | Rendering 32 / 32 samples
02:16.948  render           | Video append frame 531
02:16.948  render           | Time: 00:00.29 (Saving: 00:00.00)
02:16.948  render           | Rendering frame 532
02:16.949  render           | Start rendering: MORI_Assembly_Animation, 视图层
02:16.949  render           | Engine: EEVEE
02:17.007  render           | Fra: 532 | Rendering 1 / 32 samples
02:17.177  render           | Fra: 532 | Rendering 25 / 32 samples
02:17.226  render           | Fra: 532 | Rendering 32 / 32 samples
02:17.238  render           | Video append frame 532
02:17.238  render           | Time: 00:00.28 (Saving: 00:00.00)
02:17.238  render           | Rendering frame 533
02:17.238  render           | Start rendering: MORI_Assembly_Animation, 视图层
02:17.238  render           | Engine: EEVEE
02:17.299  render           | Fra: 533 | Rendering 1 / 32 samples
02:17.465  render           | Fra: 533 | Rendering 25 / 32 samples
02:17.511  render           | Fra: 533 | Rendering 32 / 32 samples
02:17.522  render           | Video append frame 533
02:17.522  render           | Time: 00:00.28 (Saving: 00:00.00)
02:17.522  render           | Rendering frame 534
02:17.522  render           | Start rendering: MORI_Assembly_Animation, 视图层
02:17.522  render           | Engine: EEVEE
02:17.577  render           | Fra: 534 | Rendering 1 / 32 samples
02:17.735  render           | Fra: 534 | Rendering 25 / 32 samples
02:17.781  render           | Fra: 534 | Rendering 32 / 32 samples
02:17.790  render           | Video append frame 534
02:17.790  render           | Time: 00:00.26 (Saving: 00:00.00)
02:17.790  render           | Rendering frame 535
02:17.790  render           | Start rendering: MORI_Assembly_Animation, 视图层
02:17.790  render           | Engine: EEVEE
02:17.843  render           | Fra: 535 | Rendering 1 / 32 samples
02:18.001  render           | Fra: 535 | Rendering 25 / 32 samples
02:18.046  render           | Fra: 535 | Rendering 32 / 32 samples
02:18.056  render           | Video append frame 535
02:18.056  render           | Time: 00:00.26 (Saving: 00:00.00)
02:18.056  render           | Rendering frame 536
02:18.056  render           | Start rendering: MORI_Assembly_Animation, 视图层
02:18.056  render           | Engine: EEVEE
02:18.107  render           | Fra: 536 | Rendering 1 / 32 samples
02:18.265  render           | Fra: 536 | Rendering 25 / 32 samples
02:18.311  render           | Fra: 536 | Rendering 32 / 32 samples
02:18.320  render           | Video append frame 536
02:18.320  render           | Time: 00:00.26 (Saving: 00:00.00)
02:18.320  render           | Rendering frame 537
02:18.320  render           | Start rendering: MORI_Assembly_Animation, 视图层
02:18.320  render           | Engine: EEVEE
02:18.371  render           | Fra: 537 | Rendering 1 / 32 samples
02:18.529  render           | Fra: 537 | Rendering 25 / 32 samples
02:18.575  render           | Fra: 537 | Rendering 32 / 32 samples
02:18.585  render           | Video append frame 537
02:18.585  render           | Time: 00:00.26 (Saving: 00:00.00)
02:18.585  render           | Rendering frame 538
02:18.585  render           | Start rendering: MORI_Assembly_Animation, 视图层
02:18.585  render           | Engine: EEVEE
02:18.636  render           | Fra: 538 | Rendering 1 / 32 samples
02:18.794  render           | Fra: 538 | Rendering 25 / 32 samples
02:18.839  render           | Fra: 538 | Rendering 32 / 32 samples
02:18.850  render           | Video append frame 538
02:18.850  render           | Time: 00:00.26 (Saving: 00:00.00)
02:18.850  render           | Rendering frame 539
02:18.850  render           | Start rendering: MORI_Assembly_Animation, 视图层
02:18.850  render           | Engine: EEVEE
02:18.902  render           | Fra: 539 | Rendering 1 / 32 samples
02:19.059  render           | Fra: 539 | Rendering 25 / 32 samples
02:19.105  render           | Fra: 539 | Rendering 32 / 32 samples
02:19.115  render           | Video append frame 539
02:19.115  render           | Time: 00:00.26 (Saving: 00:00.00)
02:19.115  render           | Rendering frame 540
02:19.115  render           | Start rendering: MORI_Assembly_Animation, 视图层
02:19.115  render           | Engine: EEVEE
02:19.166  render           | Fra: 540 | Rendering 1 / 32 samples
02:19.323  render           | Fra: 540 | Rendering 25 / 32 samples
02:19.369  render           | Fra: 540 | Rendering 32 / 32 samples
02:19.395  render           | Video append frame 540
02:19.395  render           | Time: 00:00.28 (Saving: 00:00.01)
02:19.395  render           | Rendering frame 541
02:19.395  render           | Start rendering: MORI_Assembly_Animation, 视图层
02:19.395  render           | Engine: EEVEE
02:19.444  render           | Fra: 541 | Rendering 1 / 32 samples
02:19.605  render           | Fra: 541 | Rendering 25 / 32 samples
02:19.651  render           | Fra: 541 | Rendering 32 / 32 samples
02:19.671  render           | Video append frame 541
02:19.671  render           | Time: 00:00.27 (Saving: 00:00.01)
02:19.671  render           | Rendering frame 542
02:19.671  render           | Start rendering: MORI_Assembly_Animation, 视图层
02:19.671  render           | Engine: EEVEE
02:19.726  render           | Fra: 542 | Rendering 1 / 32 samples
02:19.888  render           | Fra: 542 | Rendering 25 / 32 samples
02:19.934  render           | Fra: 542 | Rendering 32 / 32 samples
02:19.958  render           | Video append frame 542
02:19.958  render           | Time: 00:00.28 (Saving: 00:00.01)
02:19.958  render           | Rendering frame 543
02:19.958  render           | Start rendering: MORI_Assembly_Animation, 视图层
02:19.958  render           | Engine: EEVEE
02:20.013  render           | Fra: 543 | Rendering 1 / 32 samples
02:20.174  render           | Fra: 543 | Rendering 25 / 32 samples
02:20.221  render           | Fra: 543 | Rendering 32 / 32 samples
02:20.247  render           | Video append frame 543
02:20.247  render           | Time: 00:00.28 (Saving: 00:00.02)
02:20.247  render           | Rendering frame 544
02:20.247  render           | Start rendering: MORI_Assembly_Animation, 视图层
02:20.247  render           | Engine: EEVEE
02:20.300  render           | Fra: 544 | Rendering 1 / 32 samples
02:20.461  render           | Fra: 544 | Rendering 25 / 32 samples
02:20.507  render           | Fra: 544 | Rendering 32 / 32 samples
02:20.529  render           | Video append frame 544
02:20.529  render           | Time: 00:00.28 (Saving: 00:00.01)
02:20.529  render           | Rendering frame 545
02:20.529  render           | Start rendering: MORI_Assembly_Animation, 视图层
02:20.529  render           | Engine: EEVEE
02:20.583  render           | Fra: 545 | Rendering 1 / 32 samples
02:20.749  render           | Fra: 545 | Rendering 25 / 32 samples
02:20.798  render           | Fra: 545 | Rendering 32 / 32 samples
02:20.812  render           | Video append frame 545
02:20.812  render           | Time: 00:00.28 (Saving: 00:00.00)
02:20.812  render           | Rendering frame 546
02:20.812  render           | Start rendering: MORI_Assembly_Animation, 视图层
02:20.812  render           | Engine: EEVEE
02:20.867  render           | Fra: 546 | Rendering 1 / 32 samples
02:21.033  render           | Fra: 546 | Rendering 25 / 32 samples
02:21.082  render           | Fra: 546 | Rendering 32 / 32 samples
02:21.093  render           | Video append frame 546
02:21.093  render           | Time: 00:00.28 (Saving: 00:00.00)
02:21.093  render           | Rendering frame 547
02:21.094  render           | Start rendering: MORI_Assembly_Animation, 视图层
02:21.094  render           | Engine: EEVEE
02:21.149  render           | Fra: 547 | Rendering 1 / 32 samples
02:21.315  render           | Fra: 547 | Rendering 25 / 32 samples
02:21.363  render           | Fra: 547 | Rendering 32 / 32 samples
02:21.374  render           | Video append frame 547
02:21.374  render           | Time: 00:00.28 (Saving: 00:00.00)
02:21.374  render           | Rendering frame 548
02:21.374  render           | Start rendering: MORI_Assembly_Animation, 视图层
02:21.374  render           | Engine: EEVEE
02:21.434  render           | Fra: 548 | Rendering 1 / 32 samples
02:21.599  render           | Fra: 548 | Rendering 25 / 32 samples
02:21.647  render           | Fra: 548 | Rendering 32 / 32 samples
02:21.668  render           | Video append frame 548
02:21.668  render           | Time: 00:00.29 (Saving: 00:00.01)
02:21.668  render           | Rendering frame 549
02:21.668  render           | Start rendering: MORI_Assembly_Animation, 视图层
02:21.668  render           | Engine: EEVEE
02:21.727  render           | Fra: 549 | Rendering 1 / 32 samples
02:21.895  render           | Fra: 549 | Rendering 25 / 32 samples
02:21.943  render           | Fra: 549 | Rendering 32 / 32 samples
02:21.955  render           | Video append frame 549
02:21.955  render           | Time: 00:00.28 (Saving: 00:00.00)
02:21.955  render           | Rendering frame 550
02:21.955  render           | Start rendering: MORI_Assembly_Animation, 视图层
02:21.955  render           | Engine: EEVEE
02:22.013  render           | Fra: 550 | Rendering 1 / 32 samples
02:22.179  render           | Fra: 550 | Rendering 25 / 32 samples
02:22.227  render           | Fra: 550 | Rendering 32 / 32 samples
02:22.237  render           | Video append frame 550
02:22.237  render           | Time: 00:00.28 (Saving: 00:00.00)
02:22.237  render           | Rendering frame 551
02:22.237  render           | Start rendering: MORI_Assembly_Animation, 视图层
02:22.237  render           | Engine: EEVEE
02:22.291  render           | Fra: 551 | Rendering 1 / 32 samples
02:22.458  render           | Fra: 551 | Rendering 25 / 32 samples
02:22.505  render           | Fra: 551 | Rendering 32 / 32 samples
02:22.516  render           | Video append frame 551
02:22.516  render           | Time: 00:00.27 (Saving: 00:00.00)
02:22.516  render           | Rendering frame 552
02:22.516  render           | Start rendering: MORI_Assembly_Animation, 视图层
02:22.516  render           | Engine: EEVEE
02:22.572  render           | Fra: 552 | Rendering 1 / 32 samples
02:22.734  render           | Fra: 552 | Rendering 25 / 32 samples
02:22.780  render           | Fra: 552 | Rendering 32 / 32 samples
02:22.790  render           | Video append frame 552
02:22.790  render           | Time: 00:00.27 (Saving: 00:00.00)
02:22.790  render           | Rendering frame 553
02:22.791  render           | Start rendering: MORI_Assembly_Animation, 视图层
02:22.791  render           | Engine: EEVEE
02:22.842  render           | Fra: 553 | Rendering 1 / 32 samples
02:23.002  render           | Fra: 553 | Rendering 25 / 32 samples
02:23.048  render           | Fra: 553 | Rendering 32 / 32 samples
02:23.057  render           | Video append frame 553
02:23.057  render           | Time: 00:00.26 (Saving: 00:00.00)
02:23.057  render           | Rendering frame 554
02:23.058  render           | Start rendering: MORI_Assembly_Animation, 视图层
02:23.058  render           | Engine: EEVEE
02:23.111  render           | Fra: 554 | Rendering 1 / 32 samples
02:23.268  render           | Fra: 554 | Rendering 25 / 32 samples
02:23.314  render           | Fra: 554 | Rendering 32 / 32 samples
02:23.324  render           | Video append frame 554
02:23.324  render           | Time: 00:00.26 (Saving: 00:00.00)
02:23.324  render           | Rendering frame 555
02:23.324  render           | Start rendering: MORI_Assembly_Animation, 视图层
02:23.324  render           | Engine: EEVEE
02:23.379  render           | Fra: 555 | Rendering 1 / 32 samples
02:23.536  render           | Fra: 555 | Rendering 25 / 32 samples
02:23.581  render           | Fra: 555 | Rendering 32 / 32 samples
02:23.592  render           | Video append frame 555
02:23.592  render           | Time: 00:00.26 (Saving: 00:00.00)
02:23.592  render           | Rendering frame 556
02:23.592  render           | Start rendering: MORI_Assembly_Animation, 视图层
02:23.592  render           | Engine: EEVEE
02:23.643  render           | Fra: 556 | Rendering 1 / 32 samples
02:23.799  render           | Fra: 556 | Rendering 25 / 32 samples
02:23.845  render           | Fra: 556 | Rendering 32 / 32 samples
02:23.855  render           | Video append frame 556
02:23.855  render           | Time: 00:00.26 (Saving: 00:00.00)
02:23.855  render           | Rendering frame 557
02:23.855  render           | Start rendering: MORI_Assembly_Animation, 视图层
02:23.855  render           | Engine: EEVEE
02:23.905  render           | Fra: 557 | Rendering 1 / 32 samples
02:24.064  render           | Fra: 557 | Rendering 25 / 32 samples
02:24.110  render           | Fra: 557 | Rendering 32 / 32 samples
02:24.120  render           | Video append frame 557
02:24.120  render           | Time: 00:00.26 (Saving: 00:00.00)
02:24.120  render           | Rendering frame 558
02:24.120  render           | Start rendering: MORI_Assembly_Animation, 视图层
02:24.120  render           | Engine: EEVEE
02:24.173  render           | Fra: 558 | Rendering 1 / 32 samples
02:24.331  render           | Fra: 558 | Rendering 25 / 32 samples
02:24.377  render           | Fra: 558 | Rendering 32 / 32 samples
02:24.386  render           | Video append frame 558
02:24.386  render           | Time: 00:00.26 (Saving: 00:00.00)
02:24.386  render           | Rendering frame 559
02:24.386  render           | Start rendering: MORI_Assembly_Animation, 视图层
02:24.386  render           | Engine: EEVEE
02:24.438  render           | Fra: 559 | Rendering 1 / 32 samples
02:24.597  render           | Fra: 559 | Rendering 25 / 32 samples
02:24.643  render           | Fra: 559 | Rendering 32 / 32 samples
02:24.667  render           | Video append frame 559
02:24.667  render           | Time: 00:00.28 (Saving: 00:00.01)
02:24.667  render           | Rendering frame 560
02:24.668  render           | Start rendering: MORI_Assembly_Animation, 视图层
02:24.668  render           | Engine: EEVEE
02:24.722  render           | Fra: 560 | Rendering 1 / 32 samples
02:24.882  render           | Fra: 560 | Rendering 25 / 32 samples
02:24.929  render           | Fra: 560 | Rendering 32 / 32 samples
02:24.949  render           | Video append frame 560
02:24.949  render           | Time: 00:00.28 (Saving: 00:00.01)
02:24.949  render           | Rendering frame 561
02:24.949  render           | Start rendering: MORI_Assembly_Animation, 视图层
02:24.949  render           | Engine: EEVEE
02:25.004  render           | Fra: 561 | Rendering 1 / 32 samples
02:25.165  render           | Fra: 561 | Rendering 25 / 32 samples
02:25.212  render           | Fra: 561 | Rendering 32 / 32 samples
02:25.243  render           | Video append frame 561
02:25.243  render           | Time: 00:00.29 (Saving: 00:00.01)
02:25.243  render           | Rendering frame 562
02:25.243  render           | Start rendering: MORI_Assembly_Animation, 视图层
02:25.243  render           | Engine: EEVEE
02:25.296  render           | Fra: 562 | Rendering 1 / 32 samples
02:25.457  render           | Fra: 562 | Rendering 25 / 32 samples
02:25.504  render           | Fra: 562 | Rendering 32 / 32 samples
02:25.535  render           | Video append frame 562
02:25.535  render           | Time: 00:00.29 (Saving: 00:00.02)
02:25.535  render           | Rendering frame 563
02:25.535  render           | Start rendering: MORI_Assembly_Animation, 视图层
02:25.535  render           | Engine: EEVEE
02:25.592  render           | Fra: 563 | Rendering 1 / 32 samples
02:25.756  render           | Fra: 563 | Rendering 25 / 32 samples
02:25.803  render           | Fra: 563 | Rendering 32 / 32 samples
02:25.844  render           | Video append frame 563
02:25.844  render           | Time: 00:00.30 (Saving: 00:00.03)
02:25.844  render           | Rendering frame 564
02:25.844  render           | Start rendering: MORI_Assembly_Animation, 视图层
02:25.844  render           | Engine: EEVEE
02:25.897  render           | Fra: 564 | Rendering 1 / 32 samples
02:26.059  render           | Fra: 564 | Rendering 25 / 32 samples
02:26.105  render           | Fra: 564 | Rendering 32 / 32 samples
02:26.141  render           | Video append frame 564
02:26.141  render           | Time: 00:00.29 (Saving: 00:00.02)
02:26.141  render           | Rendering frame 565
02:26.141  render           | Start rendering: MORI_Assembly_Animation, 视图层
02:26.141  render           | Engine: EEVEE
02:26.195  render           | Fra: 565 | Rendering 1 / 32 samples
02:26.358  render           | Fra: 565 | Rendering 25 / 32 samples
02:26.405  render           | Fra: 565 | Rendering 32 / 32 samples
02:26.436  render           | Video append frame 565
02:26.436  render           | Time: 00:00.29 (Saving: 00:00.01)
02:26.436  render           | Rendering frame 566
02:26.436  render           | Start rendering: MORI_Assembly_Animation, 视图层
02:26.436  render           | Engine: EEVEE
02:26.490  render           | Fra: 566 | Rendering 1 / 32 samples
02:26.653  render           | Fra: 566 | Rendering 25 / 32 samples
02:26.701  render           | Fra: 566 | Rendering 32 / 32 samples
02:26.713  render           | Video append frame 566
02:26.713  render           | Time: 00:00.27 (Saving: 00:00.00)
02:26.713  render           | Rendering frame 567
02:26.713  render           | Start rendering: MORI_Assembly_Animation, 视图层
02:26.713  render           | Engine: EEVEE
02:26.771  render           | Fra: 567 | Rendering 1 / 32 samples
02:26.936  render           | Fra: 567 | Rendering 25 / 32 samples
02:26.984  render           | Fra: 567 | Rendering 32 / 32 samples
02:26.995  render           | Video append frame 567
02:26.995  render           | Time: 00:00.28 (Saving: 00:00.00)
02:26.995  render           | Rendering frame 568
02:26.995  render           | Start rendering: MORI_Assembly_Animation, 视图层
02:26.995  render           | Engine: EEVEE
02:27.053  render           | Fra: 568 | Rendering 1 / 32 samples
02:27.217  render           | Fra: 568 | Rendering 25 / 32 samples
02:27.264  render           | Fra: 568 | Rendering 32 / 32 samples
02:27.275  render           | Video append frame 568
02:27.275  render           | Time: 00:00.28 (Saving: 00:00.00)
02:27.275  render           | Rendering frame 569
02:27.275  render           | Start rendering: MORI_Assembly_Animation, 视图层
02:27.275  render           | Engine: EEVEE
02:27.333  render           | Fra: 569 | Rendering 1 / 32 samples
02:27.496  render           | Fra: 569 | Rendering 25 / 32 samples
02:27.544  render           | Fra: 569 | Rendering 32 / 32 samples
02:27.554  render           | Video append frame 569
02:27.554  render           | Time: 00:00.27 (Saving: 00:00.00)
02:27.554  render           | Rendering frame 570
02:27.554  render           | Start rendering: MORI_Assembly_Animation, 视图层
02:27.554  render           | Engine: EEVEE
02:27.614  render           | Fra: 570 | Rendering 1 / 32 samples
02:27.778  render           | Fra: 570 | Rendering 25 / 32 samples
02:27.826  render           | Fra: 570 | Rendering 32 / 32 samples
02:27.836  render           | Video append frame 570
02:27.836  render           | Time: 00:00.28 (Saving: 00:00.00)
02:27.836  render           | Rendering frame 571
02:27.836  render           | Start rendering: MORI_Assembly_Animation, 视图层
02:27.836  render           | Engine: EEVEE
02:27.894  render           | Fra: 571 | Rendering 1 / 32 samples
02:28.057  render           | Fra: 571 | Rendering 25 / 32 samples
02:28.105  render           | Fra: 571 | Rendering 32 / 32 samples
02:28.115  render           | Video append frame 571
02:28.115  render           | Time: 00:00.27 (Saving: 00:00.00)
02:28.115  render           | Rendering frame 572
02:28.115  render           | Start rendering: MORI_Assembly_Animation, 视图层
02:28.115  render           | Engine: EEVEE
02:28.170  render           | Fra: 572 | Rendering 1 / 32 samples
02:28.337  render           | Fra: 572 | Rendering 25 / 32 samples
02:28.386  render           | Fra: 572 | Rendering 32 / 32 samples
02:28.396  render           | Video append frame 572
02:28.396  render           | Time: 00:00.28 (Saving: 00:00.00)
02:28.396  render           | Rendering frame 573
02:28.396  render           | Start rendering: MORI_Assembly_Animation, 视图层
02:28.396  render           | Engine: EEVEE
02:28.450  render           | Fra: 573 | Rendering 1 / 32 samples
02:28.608  render           | Fra: 573 | Rendering 25 / 32 samples
02:28.654  render           | Fra: 573 | Rendering 32 / 32 samples
02:28.663  render           | Video append frame 573
02:28.663  render           | Time: 00:00.26 (Saving: 00:00.00)
02:28.663  render           | Rendering frame 574
02:28.664  render           | Start rendering: MORI_Assembly_Animation, 视图层
02:28.664  render           | Engine: EEVEE
02:28.715  render           | Fra: 574 | Rendering 1 / 32 samples
02:28.873  render           | Fra: 574 | Rendering 25 / 32 samples
02:28.918  render           | Fra: 574 | Rendering 32 / 32 samples
02:28.929  render           | Video append frame 574
02:28.929  render           | Time: 00:00.26 (Saving: 00:00.00)
02:28.929  render           | Rendering frame 575
02:28.929  render           | Start rendering: MORI_Assembly_Animation, 视图层
02:28.929  render           | Engine: EEVEE
02:28.980  render           | Fra: 575 | Rendering 1 / 32 samples
02:29.139  render           | Fra: 575 | Rendering 25 / 32 samples
02:29.184  render           | Fra: 575 | Rendering 32 / 32 samples
02:29.194  render           | Video append frame 575
02:29.194  render           | Time: 00:00.26 (Saving: 00:00.00)
02:29.194  render           | Rendering frame 576
02:29.194  render           | Start rendering: MORI_Assembly_Animation, 视图层
02:29.194  render           | Engine: EEVEE
02:29.245  render           | Fra: 576 | Rendering 1 / 32 samples
02:29.403  render           | Fra: 576 | Rendering 25 / 32 samples
02:29.449  render           | Fra: 576 | Rendering 32 / 32 samples
02:29.458  render           | Video append frame 576
02:29.458  render           | Time: 00:00.26 (Saving: 00:00.00)
02:29.458  render           | Rendering frame 577
02:29.458  render           | Start rendering: MORI_Assembly_Animation, 视图层
02:29.458  render           | Engine: EEVEE
02:29.509  render           | Fra: 577 | Rendering 1 / 32 samples
02:29.667  render           | Fra: 577 | Rendering 25 / 32 samples
02:29.713  render           | Fra: 577 | Rendering 32 / 32 samples
02:29.723  render           | Video append frame 577
02:29.723  render           | Time: 00:00.26 (Saving: 00:00.00)
02:29.723  render           | Rendering frame 578
02:29.723  render           | Start rendering: MORI_Assembly_Animation, 视图层
02:29.723  render           | Engine: EEVEE
02:29.775  render           | Fra: 578 | Rendering 1 / 32 samples
02:29.933  render           | Fra: 578 | Rendering 25 / 32 samples
02:29.978  render           | Fra: 578 | Rendering 32 / 32 samples
02:29.988  render           | Video append frame 578
02:29.988  render           | Time: 00:00.26 (Saving: 00:00.00)
02:29.988  render           | Rendering frame 579
02:29.988  render           | Start rendering: MORI_Assembly_Animation, 视图层
02:29.988  render           | Engine: EEVEE
02:30.039  render           | Fra: 579 | Rendering 1 / 32 samples
02:30.197  render           | Fra: 579 | Rendering 25 / 32 samples
02:30.243  render           | Fra: 579 | Rendering 32 / 32 samples
02:30.272  render           | Video append frame 579
02:30.272  render           | Time: 00:00.28 (Saving: 00:00.02)
02:30.272  render           | Rendering frame 580
02:30.273  render           | Start rendering: MORI_Assembly_Animation, 视图层
02:30.273  render           | Engine: EEVEE
02:30.321  render           | Fra: 580 | Rendering 1 / 32 samples
02:30.481  render           | Fra: 580 | Rendering 25 / 32 samples
02:30.527  render           | Fra: 580 | Rendering 32 / 32 samples
02:30.562  render           | Video append frame 580
02:30.562  render           | Time: 00:00.28 (Saving: 00:00.02)
02:30.562  render           | Rendering frame 581
02:30.562  render           | Start rendering: MORI_Assembly_Animation, 视图层
02:30.562  render           | Engine: EEVEE
02:30.615  render           | Fra: 581 | Rendering 1 / 32 samples
02:30.776  render           | Fra: 581 | Rendering 25 / 32 samples
02:30.823  render           | Fra: 581 | Rendering 32 / 32 samples
02:30.855  render           | Video append frame 581
02:30.855  render           | Time: 00:00.29 (Saving: 00:00.02)
02:30.855  render           | Rendering frame 582
02:30.855  render           | Start rendering: MORI_Assembly_Animation, 视图层
02:30.855  render           | Engine: EEVEE
02:30.909  render           | Fra: 582 | Rendering 1 / 32 samples
02:31.071  render           | Fra: 582 | Rendering 25 / 32 samples
02:31.118  render           | Fra: 582 | Rendering 32 / 32 samples
02:31.153  render           | Video append frame 582
02:31.153  render           | Time: 00:00.29 (Saving: 00:00.02)
02:31.153  render           | Rendering frame 583
02:31.153  render           | Start rendering: MORI_Assembly_Animation, 视图层
02:31.153  render           | Engine: EEVEE
02:31.206  render           | Fra: 583 | Rendering 1 / 32 samples
02:31.369  render           | Fra: 583 | Rendering 25 / 32 samples
02:31.416  render           | Fra: 583 | Rendering 32 / 32 samples
02:31.433  render           | Video append frame 583
02:31.433  render           | Time: 00:00.27 (Saving: 00:00.01)
02:31.433  render           | Rendering frame 584
02:31.433  render           | Start rendering: MORI_Assembly_Animation, 视图层
02:31.433  render           | Engine: EEVEE
02:31.483  render           | Fra: 584 | Rendering 1 / 32 samples
02:31.644  render           | Fra: 584 | Rendering 25 / 32 samples
02:31.691  render           | Fra: 584 | Rendering 32 / 32 samples
02:31.714  render           | Video append frame 584
02:31.714  render           | Time: 00:00.28 (Saving: 00:00.01)
02:31.714  render           | Rendering frame 585
02:31.714  render           | Start rendering: MORI_Assembly_Animation, 视图层
02:31.714  render           | Engine: EEVEE
02:31.767  render           | Fra: 585 | Rendering 1 / 32 samples
02:31.929  render           | Fra: 585 | Rendering 25 / 32 samples
02:31.977  render           | Fra: 585 | Rendering 32 / 32 samples
02:31.988  render           | Video append frame 585
02:31.989  render           | Time: 00:00.27 (Saving: 00:00.00)
02:31.989  render           | Rendering frame 586
02:31.989  render           | Start rendering: MORI_Assembly_Animation, 视图层
02:31.989  render           | Engine: EEVEE
02:32.047  render           | Fra: 586 | Rendering 1 / 32 samples
02:32.211  render           | Fra: 586 | Rendering 25 / 32 samples
02:32.260  render           | Fra: 586 | Rendering 32 / 32 samples
02:32.270  render           | Video append frame 586
02:32.270  render           | Time: 00:00.28 (Saving: 00:00.00)
02:32.271  render           | Rendering frame 587
02:32.271  render           | Start rendering: MORI_Assembly_Animation, 视图层
02:32.271  render           | Engine: EEVEE
02:32.329  render           | Fra: 587 | Rendering 1 / 32 samples
02:32.496  render           | Fra: 587 | Rendering 25 / 32 samples
02:32.543  render           | Fra: 587 | Rendering 32 / 32 samples
02:32.554  render           | Video append frame 587
02:32.554  render           | Time: 00:00.28 (Saving: 00:00.00)
02:32.554  render           | Rendering frame 588
02:32.554  render           | Start rendering: MORI_Assembly_Animation, 视图层
02:32.554  render           | Engine: EEVEE
02:32.612  render           | Fra: 588 | Rendering 1 / 32 samples
02:32.775  render           | Fra: 588 | Rendering 25 / 32 samples
02:32.824  render           | Fra: 588 | Rendering 32 / 32 samples
02:32.833  render           | Video append frame 588
02:32.833  render           | Time: 00:00.27 (Saving: 00:00.00)
02:32.833  render           | Rendering frame 589
02:32.833  render           | Start rendering: MORI_Assembly_Animation, 视图层
02:32.833  render           | Engine: EEVEE
02:32.895  render           | Fra: 589 | Rendering 1 / 32 samples
02:33.062  render           | Fra: 589 | Rendering 25 / 32 samples
02:33.110  render           | Fra: 589 | Rendering 32 / 32 samples
02:33.120  render           | Video append frame 589
02:33.120  render           | Time: 00:00.28 (Saving: 00:00.00)
02:33.120  render           | Rendering frame 590
02:33.121  render           | Start rendering: MORI_Assembly_Animation, 视图层
02:33.121  render           | Engine: EEVEE
02:33.182  render           | Fra: 590 | Rendering 1 / 32 samples
02:33.348  render           | Fra: 590 | Rendering 25 / 32 samples
02:33.397  render           | Fra: 590 | Rendering 32 / 32 samples
02:33.406  render           | Video append frame 590
02:33.406  render           | Time: 00:00.28 (Saving: 00:00.00)
02:33.406  render           | Rendering frame 591
02:33.406  render           | Start rendering: MORI_Assembly_Animation, 视图层
02:33.406  render           | Engine: EEVEE
02:33.463  render           | Fra: 591 | Rendering 1 / 32 samples
02:33.633  render           | Fra: 591 | Rendering 25 / 32 samples
02:33.682  render           | Fra: 591 | Rendering 32 / 32 samples
02:33.693  render           | Video append frame 591
02:33.693  render           | Time: 00:00.28 (Saving: 00:00.00)
02:33.693  render           | Rendering frame 592
02:33.693  render           | Start rendering: MORI_Assembly_Animation, 视图层
02:33.693  render           | Engine: EEVEE
02:33.750  render           | Fra: 592 | Rendering 1 / 32 samples
02:33.908  render           | Fra: 592 | Rendering 25 / 32 samples
02:33.954  render           | Fra: 592 | Rendering 32 / 32 samples
02:33.976  render           | Video append frame 592
02:33.976  render           | Time: 00:00.28 (Saving: 00:00.01)
02:33.977  render           | Rendering frame 593
02:33.977  render           | Start rendering: MORI_Assembly_Animation, 视图层
02:33.977  render           | Engine: EEVEE
02:34.033  render           | Fra: 593 | Rendering 1 / 32 samples
02:34.192  render           | Fra: 593 | Rendering 25 / 32 samples
02:34.237  render           | Fra: 593 | Rendering 32 / 32 samples
02:34.247  render           | Video append frame 593
02:34.247  render           | Time: 00:00.27 (Saving: 00:00.00)
02:34.247  render           | Rendering frame 594
02:34.247  render           | Start rendering: MORI_Assembly_Animation, 视图层
02:34.247  render           | Engine: EEVEE
02:34.301  render           | Fra: 594 | Rendering 1 / 32 samples
02:34.458  render           | Fra: 594 | Rendering 25 / 32 samples
02:34.504  render           | Fra: 594 | Rendering 32 / 32 samples
02:34.514  render           | Video append frame 594
02:34.514  render           | Time: 00:00.26 (Saving: 00:00.00)
02:34.514  render           | Rendering frame 595
02:34.514  render           | Start rendering: MORI_Assembly_Animation, 视图层
02:34.514  render           | Engine: EEVEE
02:34.571  render           | Fra: 595 | Rendering 1 / 32 samples
02:34.729  render           | Fra: 595 | Rendering 25 / 32 samples
02:34.775  render           | Fra: 595 | Rendering 32 / 32 samples
02:34.784  render           | Video append frame 595
02:34.784  render           | Time: 00:00.26 (Saving: 00:00.00)
02:34.784  render           | Rendering frame 596
02:34.784  render           | Start rendering: MORI_Assembly_Animation, 视图层
02:34.784  render           | Engine: EEVEE
02:34.841  render           | Fra: 596 | Rendering 1 / 32 samples
02:35.000  render           | Fra: 596 | Rendering 25 / 32 samples
02:35.046  render           | Fra: 596 | Rendering 32 / 32 samples
02:35.056  render           | Video append frame 596
02:35.056  render           | Time: 00:00.27 (Saving: 00:00.00)
02:35.056  render           | Rendering frame 597
02:35.056  render           | Start rendering: MORI_Assembly_Animation, 视图层
02:35.056  render           | Engine: EEVEE
02:35.108  render           | Fra: 597 | Rendering 1 / 32 samples
02:35.267  render           | Fra: 597 | Rendering 25 / 32 samples
02:35.312  render           | Fra: 597 | Rendering 32 / 32 samples
02:35.322  render           | Video append frame 597
02:35.322  render           | Time: 00:00.26 (Saving: 00:00.00)
02:35.322  render           | Rendering frame 598
02:35.322  render           | Start rendering: MORI_Assembly_Animation, 视图层
02:35.322  render           | Engine: EEVEE
02:35.375  render           | Fra: 598 | Rendering 1 / 32 samples
02:35.532  render           | Fra: 598 | Rendering 25 / 32 samples
02:35.579  render           | Fra: 598 | Rendering 32 / 32 samples
02:35.612  render           | Video append frame 598
02:35.612  render           | Time: 00:00.28 (Saving: 00:00.02)
02:35.612  render           | Rendering frame 599
02:35.612  render           | Start rendering: MORI_Assembly_Animation, 视图层
02:35.612  render           | Engine: EEVEE
02:35.661  render           | Fra: 599 | Rendering 1 / 32 samples
02:35.819  render           | Fra: 599 | Rendering 25 / 32 samples
02:35.866  render           | Fra: 599 | Rendering 32 / 32 samples
02:35.891  render           | Video append frame 599
02:35.891  render           | Time: 00:00.27 (Saving: 00:00.01)
02:35.891  render           | Rendering frame 600
02:35.891  render           | Start rendering: MORI_Assembly_Animation, 视图层
02:35.891  render           | Engine: EEVEE
02:35.943  render           | Fra: 600 | Rendering 1 / 32 samples
02:36.104  render           | Fra: 600 | Rendering 25 / 32 samples
02:36.151  render           | Fra: 600 | Rendering 32 / 32 samples
02:36.176  render           | Video append frame 600
02:36.176  render           | Time: 00:00.28 (Saving: 00:00.01)
02:36.176  render           | Rendering frame 601
02:36.176  render           | Start rendering: MORI_Assembly_Animation, 视图层
02:36.176  render           | Engine: EEVEE
02:36.228  render           | Fra: 601 | Rendering 1 / 32 samples
02:36.389  render           | Fra: 601 | Rendering 25 / 32 samples
02:36.436  render           | Fra: 601 | Rendering 32 / 32 samples
02:36.467  render           | Video append frame 601
02:36.467  render           | Time: 00:00.29 (Saving: 00:00.01)
02:36.467  render           | Rendering frame 602
02:36.467  render           | Start rendering: MORI_Assembly_Animation, 视图层
02:36.467  render           | Engine: EEVEE
02:36.518  render           | Fra: 602 | Rendering 1 / 32 samples
02:36.680  render           | Fra: 602 | Rendering 25 / 32 samples
02:36.727  render           | Fra: 602 | Rendering 32 / 32 samples
02:36.752  render           | Video append frame 602
02:36.752  render           | Time: 00:00.28 (Saving: 00:00.02)
02:36.752  render           | Rendering frame 603
02:36.752  render           | Start rendering: MORI_Assembly_Animation, 视图层
02:36.752  render           | Engine: EEVEE
02:36.805  render           | Fra: 603 | Rendering 1 / 32 samples
02:36.968  render           | Fra: 603 | Rendering 25 / 32 samples
02:37.015  render           | Fra: 603 | Rendering 32 / 32 samples
02:37.056  render           | Video append frame 603
02:37.056  render           | Time: 00:00.30 (Saving: 00:00.02)
02:37.056  render           | Rendering frame 604
02:37.056  render           | Start rendering: MORI_Assembly_Animation, 视图层
02:37.056  render           | Engine: EEVEE
02:37.109  render           | Fra: 604 | Rendering 1 / 32 samples
02:37.275  render           | Fra: 604 | Rendering 25 / 32 samples
02:37.322  render           | Fra: 604 | Rendering 32 / 32 samples
02:37.333  render           | Video append frame 604
02:37.333  render           | Time: 00:00.27 (Saving: 00:00.00)
02:37.333  render           | Rendering frame 605
02:37.333  render           | Start rendering: MORI_Assembly_Animation, 视图层
02:37.333  render           | Engine: EEVEE
02:37.389  render           | Fra: 605 | Rendering 1 / 32 samples
02:37.553  render           | Fra: 605 | Rendering 25 / 32 samples
02:37.602  render           | Fra: 605 | Rendering 32 / 32 samples
02:37.614  render           | Video append frame 605
02:37.614  render           | Time: 00:00.28 (Saving: 00:00.00)
02:37.614  render           | Rendering frame 606
02:37.614  render           | Start rendering: MORI_Assembly_Animation, 视图层
02:37.614  render           | Engine: EEVEE
02:37.668  render           | Fra: 606 | Rendering 1 / 32 samples
02:37.833  render           | Fra: 606 | Rendering 25 / 32 samples
02:37.881  render           | Fra: 606 | Rendering 32 / 32 samples
02:37.891  render           | Video append frame 606
02:37.891  render           | Time: 00:00.27 (Saving: 00:00.00)
02:37.891  render           | Rendering frame 607
02:37.891  render           | Start rendering: MORI_Assembly_Animation, 视图层
02:37.891  render           | Engine: EEVEE
02:37.945  render           | Fra: 607 | Rendering 1 / 32 samples
02:38.111  render           | Fra: 607 | Rendering 25 / 32 samples
02:38.159  render           | Fra: 607 | Rendering 32 / 32 samples
02:38.175  render           | Video append frame 607
02:38.176  render           | Time: 00:00.28 (Saving: 00:00.01)
02:38.176  render           | Rendering frame 608
02:38.176  render           | Start rendering: MORI_Assembly_Animation, 视图层
02:38.176  render           | Engine: EEVEE
02:38.230  render           | Fra: 608 | Rendering 1 / 32 samples
02:38.396  render           | Fra: 608 | Rendering 25 / 32 samples
02:38.444  render           | Fra: 608 | Rendering 32 / 32 samples
02:38.454  render           | Video append frame 608
02:38.454  render           | Time: 00:00.27 (Saving: 00:00.00)
02:38.454  render           | Rendering frame 609
02:38.454  render           | Start rendering: MORI_Assembly_Animation, 视图层
02:38.454  render           | Engine: EEVEE
02:38.510  render           | Fra: 609 | Rendering 1 / 32 samples
02:38.673  render           | Fra: 609 | Rendering 25 / 32 samples
02:38.721  render           | Fra: 609 | Rendering 32 / 32 samples
02:38.731  render           | Video append frame 609
02:38.731  render           | Time: 00:00.27 (Saving: 00:00.00)
02:38.731  render           | Rendering frame 610
02:38.731  render           | Start rendering: MORI_Assembly_Animation, 视图层
02:38.731  render           | Engine: EEVEE
02:38.788  render           | Fra: 610 | Rendering 1 / 32 samples
02:38.953  render           | Fra: 610 | Rendering 25 / 32 samples
02:38.999  render           | Fra: 610 | Rendering 32 / 32 samples
02:39.009  render           | Video append frame 610
02:39.009  render           | Time: 00:00.27 (Saving: 00:00.00)
02:39.009  render           | Rendering frame 611
02:39.009  render           | Start rendering: MORI_Assembly_Animation, 视图层
02:39.009  render           | Engine: EEVEE
02:39.062  render           | Fra: 611 | Rendering 1 / 32 samples
02:39.220  render           | Fra: 611 | Rendering 25 / 32 samples
02:39.266  render           | Fra: 611 | Rendering 32 / 32 samples
02:39.275  render           | Video append frame 611
02:39.276  render           | Time: 00:00.26 (Saving: 00:00.00)
02:39.276  render           | Rendering frame 612
02:39.276  render           | Start rendering: MORI_Assembly_Animation, 视图层
02:39.276  render           | Engine: EEVEE
02:39.328  render           | Fra: 612 | Rendering 1 / 32 samples
02:39.485  render           | Fra: 612 | Rendering 25 / 32 samples
02:39.531  render           | Fra: 612 | Rendering 32 / 32 samples
02:39.540  render           | Video append frame 612
02:39.540  render           | Time: 00:00.26 (Saving: 00:00.00)
02:39.540  render           | Rendering frame 613
02:39.540  render           | Start rendering: MORI_Assembly_Animation, 视图层
02:39.540  render           | Engine: EEVEE
02:39.590  render           | Fra: 613 | Rendering 1 / 32 samples
02:39.748  render           | Fra: 613 | Rendering 25 / 32 samples
02:39.794  render           | Fra: 613 | Rendering 32 / 32 samples
02:39.805  render           | Video append frame 613
02:39.805  render           | Time: 00:00.26 (Saving: 00:00.00)
02:39.805  render           | Rendering frame 614
02:39.805  render           | Start rendering: MORI_Assembly_Animation, 视图层
02:39.805  render           | Engine: EEVEE
02:39.858  render           | Fra: 614 | Rendering 1 / 32 samples
02:40.015  render           | Fra: 614 | Rendering 25 / 32 samples
02:40.061  render           | Fra: 614 | Rendering 32 / 32 samples
02:40.070  render           | Video append frame 614
02:40.070  render           | Time: 00:00.26 (Saving: 00:00.00)
02:40.070  render           | Rendering frame 615
02:40.070  render           | Start rendering: MORI_Assembly_Animation, 视图层
02:40.070  render           | Engine: EEVEE
02:40.120  render           | Fra: 615 | Rendering 1 / 32 samples
02:40.278  render           | Fra: 615 | Rendering 25 / 32 samples
02:40.324  render           | Fra: 615 | Rendering 32 / 32 samples
02:40.333  render           | Video append frame 615
02:40.333  render           | Time: 00:00.26 (Saving: 00:00.00)
02:40.333  render           | Rendering frame 616
02:40.333  render           | Start rendering: MORI_Assembly_Animation, 视图层
02:40.333  render           | Engine: EEVEE
02:40.386  render           | Fra: 616 | Rendering 1 / 32 samples
02:40.544  render           | Fra: 616 | Rendering 25 / 32 samples
02:40.589  render           | Fra: 616 | Rendering 32 / 32 samples
02:40.598  render           | Video append frame 616
02:40.598  render           | Time: 00:00.26 (Saving: 00:00.00)
02:40.598  render           | Rendering frame 617
02:40.598  render           | Start rendering: MORI_Assembly_Animation, 视图层
02:40.598  render           | Engine: EEVEE
02:40.648  render           | Fra: 617 | Rendering 1 / 32 samples
02:40.806  render           | Fra: 617 | Rendering 25 / 32 samples
02:40.852  render           | Fra: 617 | Rendering 32 / 32 samples
02:40.885  render           | Video append frame 617
02:40.885  render           | Time: 00:00.28 (Saving: 00:00.02)
02:40.885  render           | Rendering frame 618
02:40.885  render           | Start rendering: MORI_Assembly_Animation, 视图层
02:40.885  render           | Engine: EEVEE
02:40.935  render           | Fra: 618 | Rendering 1 / 32 samples
02:41.096  render           | Fra: 618 | Rendering 25 / 32 samples
02:41.142  render           | Fra: 618 | Rendering 32 / 32 samples
02:41.166  render           | Video append frame 618
02:41.166  render           | Time: 00:00.28 (Saving: 00:00.01)
02:41.166  render           | Rendering frame 619
02:41.166  render           | Start rendering: MORI_Assembly_Animation, 视图层
02:41.166  render           | Engine: EEVEE
02:41.219  render           | Fra: 619 | Rendering 1 / 32 samples
02:41.380  render           | Fra: 619 | Rendering 25 / 32 samples
02:41.427  render           | Fra: 619 | Rendering 32 / 32 samples
02:41.468  render           | Video append frame 619
02:41.468  render           | Time: 00:00.30 (Saving: 00:00.02)
02:41.468  render           | Rendering frame 620
02:41.468  render           | Start rendering: MORI_Assembly_Animation, 视图层
02:41.468  render           | Engine: EEVEE
02:41.524  render           | Fra: 620 | Rendering 1 / 32 samples
02:41.687  render           | Fra: 620 | Rendering 25 / 32 samples
02:41.734  render           | Fra: 620 | Rendering 32 / 32 samples
02:41.756  render           | Video append frame 620
02:41.756  render           | Time: 00:00.28 (Saving: 00:00.01)
02:41.756  render           | Rendering frame 621
02:41.756  render           | Start rendering: MORI_Assembly_Animation, 视图层
02:41.756  render           | Engine: EEVEE
02:41.812  render           | Fra: 621 | Rendering 1 / 32 samples
02:41.974  render           | Fra: 621 | Rendering 25 / 32 samples
02:42.021  render           | Fra: 621 | Rendering 32 / 32 samples
02:42.042  render           | Video append frame 621
02:42.042  render           | Time: 00:00.28 (Saving: 00:00.01)
02:42.042  render           | Rendering frame 622
02:42.043  render           | Start rendering: MORI_Assembly_Animation, 视图层
02:42.043  render           | Engine: EEVEE
02:42.096  render           | Fra: 622 | Rendering 1 / 32 samples
02:42.258  render           | Fra: 622 | Rendering 25 / 32 samples
02:42.305  render           | Fra: 622 | Rendering 32 / 32 samples
02:42.331  render           | Video append frame 622
02:42.331  render           | Time: 00:00.28 (Saving: 00:00.02)
02:42.331  render           | Rendering frame 623
02:42.331  render           | Start rendering: MORI_Assembly_Animation, 视图层
02:42.331  render           | Engine: EEVEE
02:42.380  render           | Fra: 623 | Rendering 1 / 32 samples
02:42.541  render           | Fra: 623 | Rendering 25 / 32 samples
02:42.588  render           | Fra: 623 | Rendering 32 / 32 samples
02:42.626  render           | Video append frame 623
02:42.626  render           | Time: 00:00.29 (Saving: 00:00.03)
02:42.626  render           | Rendering frame 624
02:42.626  render           | Start rendering: MORI_Assembly_Animation, 视图层
02:42.626  render           | Engine: EEVEE
02:42.680  render           | Fra: 624 | Rendering 1 / 32 samples
02:42.841  render           | Fra: 624 | Rendering 25 / 32 samples
02:42.888  render           | Fra: 624 | Rendering 32 / 32 samples
02:42.921  render           | Video append frame 624
02:42.921  render           | Time: 00:00.29 (Saving: 00:00.02)
02:42.921  render           | Rendering frame 625
02:42.922  render           | Start rendering: MORI_Assembly_Animation, 视图层
02:42.922  render           | Engine: EEVEE
02:42.975  render           | Fra: 625 | Rendering 1 / 32 samples
02:43.136  render           | Fra: 625 | Rendering 25 / 32 samples
02:43.182  render           | Fra: 625 | Rendering 32 / 32 samples
02:43.222  render           | Video append frame 625
02:43.222  render           | Time: 00:00.30 (Saving: 00:00.02)
02:43.222  render           | Rendering frame 626
02:43.222  render           | Start rendering: MORI_Assembly_Animation, 视图层
02:43.222  render           | Engine: EEVEE
02:43.281  render           | Fra: 626 | Rendering 1 / 32 samples
02:43.446  render           | Fra: 626 | Rendering 25 / 32 samples
02:43.494  render           | Fra: 626 | Rendering 32 / 32 samples
02:43.505  render           | Video append frame 626
02:43.505  render           | Time: 00:00.28 (Saving: 00:00.00)
02:43.505  render           | Rendering frame 627
02:43.505  render           | Start rendering: MORI_Assembly_Animation, 视图层
02:43.505  render           | Engine: EEVEE
02:43.563  render           | Fra: 627 | Rendering 1 / 32 samples
02:43.730  render           | Fra: 627 | Rendering 25 / 32 samples
02:43.778  render           | Fra: 627 | Rendering 32 / 32 samples
02:43.788  render           | Video append frame 627
02:43.788  render           | Time: 00:00.28 (Saving: 00:00.00)
02:43.788  render           | Rendering frame 628
02:43.789  render           | Start rendering: MORI_Assembly_Animation, 视图层
02:43.789  render           | Engine: EEVEE
02:43.846  render           | Fra: 628 | Rendering 1 / 32 samples
02:44.012  render           | Fra: 628 | Rendering 25 / 32 samples
02:44.060  render           | Fra: 628 | Rendering 32 / 32 samples
02:44.071  render           | Video append frame 628
02:44.071  render           | Time: 00:00.28 (Saving: 00:00.00)
02:44.071  render           | Rendering frame 629
02:44.071  render           | Start rendering: MORI_Assembly_Animation, 视图层
02:44.071  render           | Engine: EEVEE
02:44.127  render           | Fra: 629 | Rendering 1 / 32 samples
02:44.296  render           | Fra: 629 | Rendering 25 / 32 samples
02:44.344  render           | Fra: 629 | Rendering 32 / 32 samples
02:44.355  render           | Video append frame 629
02:44.355  render           | Time: 00:00.28 (Saving: 00:00.00)
02:44.355  render           | Rendering frame 630
02:44.355  render           | Start rendering: MORI_Assembly_Animation, 视图层
02:44.355  render           | Engine: EEVEE
02:44.414  render           | Fra: 630 | Rendering 1 / 32 samples
02:44.582  render           | Fra: 630 | Rendering 25 / 32 samples
02:44.630  render           | Fra: 630 | Rendering 32 / 32 samples
02:44.641  render           | Video append frame 630
02:44.641  render           | Time: 00:00.28 (Saving: 00:00.00)
02:44.641  render           | Rendering frame 631
02:44.641  render           | Start rendering: MORI_Assembly_Animation, 视图层
02:44.641  render           | Engine: EEVEE
02:44.702  render           | Fra: 631 | Rendering 1 / 32 samples
02:44.870  render           | Fra: 631 | Rendering 25 / 32 samples
02:44.921  render           | Fra: 631 | Rendering 32 / 32 samples
02:44.931  render           | Video append frame 631
02:44.931  render           | Time: 00:00.29 (Saving: 00:00.00)
02:44.931  render           | Rendering frame 632
02:44.931  render           | Start rendering: MORI_Assembly_Animation, 视图层
02:44.931  render           | Engine: EEVEE
02:44.989  render           | Fra: 632 | Rendering 1 / 32 samples
02:45.154  render           | Fra: 632 | Rendering 25 / 32 samples
02:45.200  render           | Fra: 632 | Rendering 32 / 32 samples
02:45.210  render           | Video append frame 632
02:45.210  render           | Time: 00:00.27 (Saving: 00:00.00)
02:45.210  render           | Rendering frame 633
02:45.210  render           | Start rendering: MORI_Assembly_Animation, 视图层
02:45.210  render           | Engine: EEVEE
02:45.265  render           | Fra: 633 | Rendering 1 / 32 samples
02:45.423  render           | Fra: 633 | Rendering 25 / 32 samples
02:45.469  render           | Fra: 633 | Rendering 32 / 32 samples
02:45.478  render           | Video append frame 633
02:45.478  render           | Time: 00:00.26 (Saving: 00:00.00)
02:45.478  render           | Rendering frame 634
02:45.478  render           | Start rendering: MORI_Assembly_Animation, 视图层
02:45.478  render           | Engine: EEVEE
02:45.530  render           | Fra: 634 | Rendering 1 / 32 samples
02:45.687  render           | Fra: 634 | Rendering 25 / 32 samples
02:45.732  render           | Fra: 634 | Rendering 32 / 32 samples
02:45.742  render           | Video append frame 634
02:45.742  render           | Time: 00:00.26 (Saving: 00:00.00)
02:45.742  render           | Rendering frame 635
02:45.742  render           | Start rendering: MORI_Assembly_Animation, 视图层
02:45.742  render           | Engine: EEVEE
02:45.794  render           | Fra: 635 | Rendering 1 / 32 samples
02:45.952  render           | Fra: 635 | Rendering 25 / 32 samples
02:45.998  render           | Fra: 635 | Rendering 32 / 32 samples
02:46.008  render           | Video append frame 635
02:46.008  render           | Time: 00:00.26 (Saving: 00:00.00)
02:46.008  render           | Rendering frame 636
02:46.008  render           | Start rendering: MORI_Assembly_Animation, 视图层
02:46.008  render           | Engine: EEVEE
02:46.057  render           | Fra: 636 | Rendering 1 / 32 samples
02:46.215  render           | Fra: 636 | Rendering 25 / 32 samples
02:46.260  render           | Fra: 636 | Rendering 32 / 32 samples
02:46.270  render           | Video append frame 636
02:46.270  render           | Time: 00:00.26 (Saving: 00:00.00)
02:46.270  render           | Rendering frame 637
02:46.270  render           | Start rendering: MORI_Assembly_Animation, 视图层
02:46.270  render           | Engine: EEVEE
02:46.321  render           | Fra: 637 | Rendering 1 / 32 samples
02:46.480  render           | Fra: 637 | Rendering 25 / 32 samples
02:46.526  render           | Fra: 637 | Rendering 32 / 32 samples
02:46.535  render           | Video append frame 637
02:46.535  render           | Time: 00:00.26 (Saving: 00:00.00)
02:46.535  render           | Rendering frame 638
02:46.535  render           | Start rendering: MORI_Assembly_Animation, 视图层
02:46.535  render           | Engine: EEVEE
02:46.586  render           | Fra: 638 | Rendering 1 / 32 samples
02:46.744  render           | Fra: 638 | Rendering 25 / 32 samples
02:46.789  render           | Fra: 638 | Rendering 32 / 32 samples
02:46.799  render           | Video append frame 638
02:46.799  render           | Time: 00:00.26 (Saving: 00:00.00)
02:46.799  render           | Rendering frame 639
02:46.799  render           | Start rendering: MORI_Assembly_Animation, 视图层
02:46.799  render           | Engine: EEVEE
02:46.853  render           | Fra: 639 | Rendering 1 / 32 samples
02:47.013  render           | Fra: 639 | Rendering 25 / 32 samples
02:47.060  render           | Fra: 639 | Rendering 32 / 32 samples
02:47.096  render           | Video append frame 639
02:47.096  render           | Time: 00:00.29 (Saving: 00:00.02)
02:47.096  render           | Rendering frame 640
02:47.096  render           | Start rendering: MORI_Assembly_Animation, 视图层
02:47.096  render           | Engine: EEVEE
02:47.143  render           | Fra: 640 | Rendering 1 / 32 samples
02:47.312  render           | Fra: 640 | Rendering 25 / 32 samples
02:47.360  render           | Fra: 640 | Rendering 32 / 32 samples
02:47.378  render           | Video append frame 640
02:47.378  render           | Time: 00:00.28 (Saving: 00:00.01)
02:47.378  render           | Rendering frame 641
02:47.378  render           | Start rendering: MORI_Assembly_Animation, 视图层
02:47.378  render           | Engine: EEVEE
02:47.435  render           | Fra: 641 | Rendering 1 / 32 samples
02:47.602  render           | Fra: 641 | Rendering 25 / 32 samples
02:47.649  render           | Fra: 641 | Rendering 32 / 32 samples
02:47.685  render           | Video append frame 641
02:47.685  render           | Time: 00:00.30 (Saving: 00:00.02)
02:47.685  render           | Rendering frame 642
02:47.685  render           | Start rendering: MORI_Assembly_Animation, 视图层
02:47.685  render           | Engine: EEVEE
02:47.740  render           | Fra: 642 | Rendering 1 / 32 samples
02:47.902  render           | Fra: 642 | Rendering 25 / 32 samples
02:47.952  render           | Fra: 642 | Rendering 32 / 32 samples
02:47.963  render           | Video append frame 642
02:47.963  render           | Time: 00:00.27 (Saving: 00:00.00)
02:47.963  render           | Rendering frame 643
02:47.963  render           | Start rendering: MORI_Assembly_Animation, 视图层
02:47.963  render           | Engine: EEVEE
02:48.023  render           | Fra: 643 | Rendering 1 / 32 samples
02:48.188  render           | Fra: 643 | Rendering 25 / 32 samples
02:48.237  render           | Fra: 643 | Rendering 32 / 32 samples
02:48.247  render           | Video append frame 643
02:48.247  render           | Time: 00:00.28 (Saving: 00:00.00)
02:48.247  render           | Rendering frame 644
02:48.247  render           | Start rendering: MORI_Assembly_Animation, 视图层
02:48.247  render           | Engine: EEVEE
02:48.306  render           | Fra: 644 | Rendering 1 / 32 samples
02:48.474  render           | Fra: 644 | Rendering 25 / 32 samples
02:48.522  render           | Fra: 644 | Rendering 32 / 32 samples
02:48.533  render           | Video append frame 644
02:48.533  render           | Time: 00:00.28 (Saving: 00:00.00)
02:48.533  render           | Rendering frame 645
02:48.533  render           | Start rendering: MORI_Assembly_Animation, 视图层
02:48.533  render           | Engine: EEVEE
02:48.589  render           | Fra: 645 | Rendering 1 / 32 samples
02:48.754  render           | Fra: 645 | Rendering 25 / 32 samples
02:48.803  render           | Fra: 645 | Rendering 32 / 32 samples
02:48.813  render           | Video append frame 645
02:48.813  render           | Time: 00:00.28 (Saving: 00:00.00)
02:48.813  render           | Rendering frame 646
02:48.813  render           | Start rendering: MORI_Assembly_Animation, 视图层
02:48.813  render           | Engine: EEVEE
02:48.868  render           | Fra: 646 | Rendering 1 / 32 samples
02:49.036  render           | Fra: 646 | Rendering 25 / 32 samples
02:49.083  render           | Fra: 646 | Rendering 32 / 32 samples
02:49.094  render           | Video append frame 646
02:49.094  render           | Time: 00:00.28 (Saving: 00:00.00)
02:49.094  render           | Rendering frame 647
02:49.094  render           | Start rendering: MORI_Assembly_Animation, 视图层
02:49.094  render           | Engine: EEVEE
02:49.148  render           | Fra: 647 | Rendering 1 / 32 samples
02:49.312  render           | Fra: 647 | Rendering 25 / 32 samples
02:49.359  render           | Fra: 647 | Rendering 32 / 32 samples
02:49.370  render           | Video append frame 647
02:49.370  render           | Time: 00:00.27 (Saving: 00:00.00)
02:49.370  render           | Rendering frame 648
02:49.370  render           | Start rendering: MORI_Assembly_Animation, 视图层
02:49.370  render           | Engine: EEVEE
02:49.423  render           | Fra: 648 | Rendering 1 / 32 samples
02:49.590  render           | Fra: 648 | Rendering 25 / 32 samples
02:49.638  render           | Fra: 648 | Rendering 32 / 32 samples
02:49.650  render           | Video append frame 648
02:49.650  render           | Time: 00:00.28 (Saving: 00:00.00)
02:49.650  render           | Rendering frame 649
02:49.650  render           | Start rendering: MORI_Assembly_Animation, 视图层
02:49.650  render           | Engine: EEVEE
02:49.702  render           | Fra: 649 | Rendering 1 / 32 samples
02:49.861  render           | Fra: 649 | Rendering 25 / 32 samples
02:49.906  render           | Fra: 649 | Rendering 32 / 32 samples
02:49.916  render           | Video append frame 649
02:49.916  render           | Time: 00:00.26 (Saving: 00:00.00)
02:49.916  render           | Rendering frame 650
02:49.916  render           | Start rendering: MORI_Assembly_Animation, 视图层
02:49.916  render           | Engine: EEVEE
02:49.967  render           | Fra: 650 | Rendering 1 / 32 samples
02:50.125  render           | Fra: 650 | Rendering 25 / 32 samples
02:50.172  render           | Fra: 650 | Rendering 32 / 32 samples
02:50.181  render           | Video append frame 650
02:50.181  render           | Time: 00:00.26 (Saving: 00:00.00)
02:50.181  render           | Rendering frame 651
02:50.182  render           | Start rendering: MORI_Assembly_Animation, 视图层
02:50.182  render           | Engine: EEVEE
02:50.230  render           | Fra: 651 | Rendering 1 / 32 samples
02:50.389  render           | Fra: 651 | Rendering 25 / 32 samples
02:50.434  render           | Fra: 651 | Rendering 32 / 32 samples
02:50.444  render           | Video append frame 651
02:50.444  render           | Time: 00:00.26 (Saving: 00:00.00)
02:50.444  render           | Rendering frame 652
02:50.444  render           | Start rendering: MORI_Assembly_Animation, 视图层
02:50.444  render           | Engine: EEVEE
02:50.491  render           | Fra: 652 | Rendering 1 / 32 samples
02:50.649  render           | Fra: 652 | Rendering 25 / 32 samples
02:50.695  render           | Fra: 652 | Rendering 32 / 32 samples
02:50.705  render           | Video append frame 652
02:50.705  render           | Time: 00:00.26 (Saving: 00:00.00)
02:50.705  render           | Rendering frame 653
02:50.705  render           | Start rendering: MORI_Assembly_Animation, 视图层
02:50.705  render           | Engine: EEVEE
02:50.752  render           | Fra: 653 | Rendering 1 / 32 samples
02:50.910  render           | Fra: 653 | Rendering 25 / 32 samples
02:50.956  render           | Fra: 653 | Rendering 32 / 32 samples
02:50.965  render           | Video append frame 653
02:50.965  render           | Time: 00:00.26 (Saving: 00:00.00)
02:50.965  render           | Rendering frame 654
02:50.965  render           | Start rendering: MORI_Assembly_Animation, 视图层
02:50.965  render           | Engine: EEVEE
02:51.015  render           | Fra: 654 | Rendering 1 / 32 samples
02:51.173  render           | Fra: 654 | Rendering 25 / 32 samples
02:51.219  render           | Fra: 654 | Rendering 32 / 32 samples
02:51.228  render           | Video append frame 654
02:51.228  render           | Time: 00:00.26 (Saving: 00:00.00)
02:51.228  render           | Rendering frame 655
02:51.228  render           | Start rendering: MORI_Assembly_Animation, 视图层
02:51.228  render           | Engine: EEVEE
02:51.283  render           | Fra: 655 | Rendering 1 / 32 samples
02:51.437  render           | Fra: 655 | Rendering 25 / 32 samples
02:51.480  render           | Fra: 655 | Rendering 32 / 32 samples
02:51.490  render           | Video append frame 655
02:51.490  render           | Time: 00:00.26 (Saving: 00:00.00)
02:51.490  render           | Rendering frame 656
02:51.490  render           | Start rendering: MORI_Assembly_Animation, 视图层
02:51.490  render           | Engine: EEVEE
02:51.537  render           | Fra: 656 | Rendering 1 / 32 samples
02:51.694  render           | Fra: 656 | Rendering 25 / 32 samples
02:51.741  render           | Fra: 656 | Rendering 32 / 32 samples
02:51.780  render           | Video append frame 656
02:51.780  render           | Time: 00:00.28 (Saving: 00:00.02)
02:51.780  render           | Rendering frame 657
02:51.780  render           | Start rendering: MORI_Assembly_Animation, 视图层
02:51.780  render           | Engine: EEVEE
02:51.831  render           | Fra: 657 | Rendering 1 / 32 samples
02:51.993  render           | Fra: 657 | Rendering 25 / 32 samples
02:52.040  render           | Fra: 657 | Rendering 32 / 32 samples
02:52.067  render           | Video append frame 657
02:52.067  render           | Time: 00:00.28 (Saving: 00:00.02)
02:52.067  render           | Rendering frame 658
02:52.067  render           | Start rendering: MORI_Assembly_Animation, 视图层
02:52.067  render           | Engine: EEVEE
02:52.119  render           | Fra: 658 | Rendering 1 / 32 samples
02:52.282  render           | Fra: 658 | Rendering 25 / 32 samples
02:52.330  render           | Fra: 658 | Rendering 32 / 32 samples
02:52.373  render           | Video append frame 658
02:52.373  render           | Time: 00:00.30 (Saving: 00:00.03)
02:52.373  render           | Rendering frame 659
02:52.374  render           | Start rendering: MORI_Assembly_Animation, 视图层
02:52.374  render           | Engine: EEVEE
02:52.421  render           | Fra: 659 | Rendering 1 / 32 samples
02:52.583  render           | Fra: 659 | Rendering 25 / 32 samples
02:52.630  render           | Fra: 659 | Rendering 32 / 32 samples
02:52.648  render           | Video append frame 659
02:52.648  render           | Time: 00:00.27 (Saving: 00:00.01)
02:52.648  render           | Rendering frame 660
02:52.649  render           | Start rendering: MORI_Assembly_Animation, 视图层
02:52.649  render           | Engine: EEVEE
02:52.702  render           | Fra: 660 | Rendering 1 / 32 samples
02:52.865  render           | Fra: 660 | Rendering 25 / 32 samples
02:52.913  render           | Fra: 660 | Rendering 32 / 32 samples
02:52.942  render           | Video append frame 660
02:52.942  render           | Time: 00:00.29 (Saving: 00:00.02)
02:52.942  render           | Rendering frame 661
02:52.942  render           | Start rendering: MORI_Assembly_Animation, 视图层
02:52.942  render           | Engine: EEVEE
02:52.997  render           | Fra: 661 | Rendering 1 / 32 samples
02:53.162  render           | Fra: 661 | Rendering 25 / 32 samples
02:53.211  render           | Fra: 661 | Rendering 32 / 32 samples
02:53.227  render           | Video append frame 661
02:53.227  render           | Time: 00:00.28 (Saving: 00:00.01)
02:53.227  render           | Rendering frame 662
02:53.227  render           | Start rendering: MORI_Assembly_Animation, 视图层
02:53.227  render           | Engine: EEVEE
02:53.289  render           | Fra: 662 | Rendering 1 / 32 samples
02:53.458  render           | Fra: 662 | Rendering 25 / 32 samples
02:53.507  render           | Fra: 662 | Rendering 32 / 32 samples
02:53.519  render           | Video append frame 662
02:53.519  render           | Time: 00:00.29 (Saving: 00:00.00)
02:53.519  render           | Rendering frame 663
02:53.520  render           | Start rendering: MORI_Assembly_Animation, 视图层
02:53.520  render           | Engine: EEVEE
02:53.578  render           | Fra: 663 | Rendering 1 / 32 samples
02:53.748  render           | Fra: 663 | Rendering 25 / 32 samples
02:53.796  render           | Fra: 663 | Rendering 32 / 32 samples
02:53.808  render           | Video append frame 663
02:53.808  render           | Time: 00:00.28 (Saving: 00:00.00)
02:53.808  render           | Rendering frame 664
02:53.808  render           | Start rendering: MORI_Assembly_Animation, 视图层
02:53.808  render           | Engine: EEVEE
02:53.866  render           | Fra: 664 | Rendering 1 / 32 samples
02:54.034  render           | Fra: 664 | Rendering 25 / 32 samples
02:54.082  render           | Fra: 664 | Rendering 32 / 32 samples
02:54.094  render           | Video append frame 664
02:54.094  render           | Time: 00:00.28 (Saving: 00:00.00)
02:54.094  render           | Rendering frame 665
02:54.094  render           | Start rendering: MORI_Assembly_Animation, 视图层
02:54.094  render           | Engine: EEVEE
02:54.149  render           | Fra: 665 | Rendering 1 / 32 samples
02:54.319  render           | Fra: 665 | Rendering 25 / 32 samples
02:54.367  render           | Fra: 665 | Rendering 32 / 32 samples
02:54.378  render           | Video append frame 665
02:54.378  render           | Time: 00:00.28 (Saving: 00:00.00)
02:54.378  render           | Rendering frame 666
02:54.378  render           | Start rendering: MORI_Assembly_Animation, 视图层
02:54.378  render           | Engine: EEVEE
02:54.433  render           | Fra: 666 | Rendering 1 / 32 samples
02:54.603  render           | Fra: 666 | Rendering 25 / 32 samples
02:54.651  render           | Fra: 666 | Rendering 32 / 32 samples
02:54.663  render           | Video append frame 666
02:54.663  render           | Time: 00:00.28 (Saving: 00:00.00)
02:54.663  render           | Rendering frame 667
02:54.663  render           | Start rendering: MORI_Assembly_Animation, 视图层
02:54.663  render           | Engine: EEVEE
02:54.718  render           | Fra: 667 | Rendering 1 / 32 samples
02:54.886  render           | Fra: 667 | Rendering 25 / 32 samples
02:54.937  render           | Fra: 667 | Rendering 32 / 32 samples
02:54.948  render           | Video append frame 667
02:54.948  render           | Time: 00:00.28 (Saving: 00:00.00)
02:54.948  render           | Rendering frame 668
02:54.949  render           | Start rendering: MORI_Assembly_Animation, 视图层
02:54.949  render           | Engine: EEVEE
02:55.004  render           | Fra: 668 | Rendering 1 / 32 samples
02:55.170  render           | Fra: 668 | Rendering 25 / 32 samples
02:55.218  render           | Fra: 668 | Rendering 32 / 32 samples
02:55.229  render           | Video append frame 668
02:55.229  render           | Time: 00:00.28 (Saving: 00:00.00)
02:55.229  render           | Rendering frame 669
02:55.229  render           | Start rendering: MORI_Assembly_Animation, 视图层
02:55.229  render           | Engine: EEVEE
02:55.278  render           | Fra: 669 | Rendering 1 / 32 samples
02:55.437  render           | Fra: 669 | Rendering 25 / 32 samples
02:55.483  render           | Fra: 669 | Rendering 32 / 32 samples
02:55.493  render           | Video append frame 669
02:55.493  render           | Time: 00:00.26 (Saving: 00:00.00)
02:55.493  render           | Rendering frame 670
02:55.493  render           | Start rendering: MORI_Assembly_Animation, 视图层
02:55.493  render           | Engine: EEVEE
02:55.546  render           | Fra: 670 | Rendering 1 / 32 samples
02:55.704  render           | Fra: 670 | Rendering 25 / 32 samples
02:55.750  render           | Fra: 670 | Rendering 32 / 32 samples
02:55.760  render           | Video append frame 670
02:55.760  render           | Time: 00:00.26 (Saving: 00:00.00)
02:55.760  render           | Rendering frame 671
02:55.760  render           | Start rendering: MORI_Assembly_Animation, 视图层
02:55.760  render           | Engine: EEVEE
02:55.810  render           | Fra: 671 | Rendering 1 / 32 samples
02:55.967  render           | Fra: 671 | Rendering 25 / 32 samples
02:56.013  render           | Fra: 671 | Rendering 32 / 32 samples
02:56.023  render           | Video append frame 671
02:56.023  render           | Time: 00:00.26 (Saving: 00:00.00)
02:56.023  render           | Rendering frame 672
02:56.023  render           | Start rendering: MORI_Assembly_Animation, 视图层
02:56.023  render           | Engine: EEVEE
02:56.072  render           | Fra: 672 | Rendering 1 / 32 samples
02:56.232  render           | Fra: 672 | Rendering 25 / 32 samples
02:56.278  render           | Fra: 672 | Rendering 32 / 32 samples
02:56.287  render           | Video append frame 672
02:56.287  render           | Time: 00:00.26 (Saving: 00:00.00)
02:56.287  render           | Rendering frame 673
02:56.287  render           | Start rendering: MORI_Assembly_Animation, 视图层
02:56.287  render           | Engine: EEVEE
02:56.336  render           | Fra: 673 | Rendering 1 / 32 samples
02:56.495  render           | Fra: 673 | Rendering 25 / 32 samples
02:56.541  render           | Fra: 673 | Rendering 32 / 32 samples
02:56.550  render           | Video append frame 673
02:56.550  render           | Time: 00:00.26 (Saving: 00:00.00)
02:56.550  render           | Rendering frame 674
02:56.550  render           | Start rendering: MORI_Assembly_Animation, 视图层
02:56.550  render           | Engine: EEVEE
02:56.604  render           | Fra: 674 | Rendering 1 / 32 samples
02:56.762  render           | Fra: 674 | Rendering 25 / 32 samples
02:56.807  render           | Fra: 674 | Rendering 32 / 32 samples
02:56.816  render           | Video append frame 674
02:56.816  render           | Time: 00:00.26 (Saving: 00:00.00)
02:56.816  render           | Rendering frame 675
02:56.817  render           | Start rendering: MORI_Assembly_Animation, 视图层
02:56.817  render           | Engine: EEVEE
02:56.865  render           | Fra: 675 | Rendering 1 / 32 samples
02:57.024  render           | Fra: 675 | Rendering 25 / 32 samples
02:57.071  render           | Fra: 675 | Rendering 32 / 32 samples
02:57.098  render           | Video append frame 675
02:57.098  render           | Time: 00:00.28 (Saving: 00:00.02)
02:57.098  render           | Rendering frame 676
02:57.098  render           | Start rendering: MORI_Assembly_Animation, 视图层
02:57.098  render           | Engine: EEVEE
02:57.144  render           | Fra: 676 | Rendering 1 / 32 samples
02:57.303  render           | Fra: 676 | Rendering 25 / 32 samples
02:57.350  render           | Fra: 676 | Rendering 32 / 32 samples
02:57.380  render           | Video append frame 676
02:57.380  render           | Time: 00:00.28 (Saving: 00:00.02)
02:57.380  render           | Rendering frame 677
02:57.380  render           | Start rendering: MORI_Assembly_Animation, 视图层
02:57.380  render           | Engine: EEVEE
02:57.430  render           | Fra: 677 | Rendering 1 / 32 samples
02:57.592  render           | Fra: 677 | Rendering 25 / 32 samples
02:57.639  render           | Fra: 677 | Rendering 32 / 32 samples
02:57.669  render           | Video append frame 677
02:57.669  render           | Time: 00:00.28 (Saving: 00:00.01)
02:57.669  render           | Rendering frame 678
02:57.669  render           | Start rendering: MORI_Assembly_Animation, 视图层
02:57.669  render           | Engine: EEVEE
02:57.718  render           | Fra: 678 | Rendering 1 / 32 samples
02:57.879  render           | Fra: 678 | Rendering 25 / 32 samples
02:57.925  render           | Fra: 678 | Rendering 32 / 32 samples
02:57.949  render           | Video append frame 678
02:57.949  render           | Time: 00:00.28 (Saving: 00:00.01)
02:57.949  render           | Rendering frame 679
02:57.949  render           | Start rendering: MORI_Assembly_Animation, 视图层
02:57.949  render           | Engine: EEVEE
02:58.000  render           | Fra: 679 | Rendering 1 / 32 samples
02:58.161  render           | Fra: 679 | Rendering 25 / 32 samples
02:58.207  render           | Fra: 679 | Rendering 32 / 32 samples
02:58.230  render           | Video append frame 679
02:58.230  render           | Time: 00:00.28 (Saving: 00:00.01)
02:58.230  render           | Rendering frame 680
02:58.230  render           | Start rendering: MORI_Assembly_Animation, 视图层
02:58.230  render           | Engine: EEVEE
02:58.280  render           | Fra: 680 | Rendering 1 / 32 samples
02:58.441  render           | Fra: 680 | Rendering 25 / 32 samples
02:58.488  render           | Fra: 680 | Rendering 32 / 32 samples
02:58.522  render           | Video append frame 680
02:58.522  render           | Time: 00:00.29 (Saving: 00:00.02)
02:58.522  render           | Rendering frame 681
02:58.522  render           | Start rendering: MORI_Assembly_Animation, 视图层
02:58.522  render           | Engine: EEVEE
02:58.573  render           | Fra: 681 | Rendering 1 / 32 samples
02:58.735  render           | Fra: 681 | Rendering 25 / 32 samples
02:58.782  render           | Fra: 681 | Rendering 32 / 32 samples
02:58.808  render           | Video append frame 681
02:58.808  render           | Time: 00:00.28 (Saving: 00:00.02)
02:58.808  render           | Rendering frame 682
02:58.808  render           | Start rendering: MORI_Assembly_Animation, 视图层
02:58.808  render           | Engine: EEVEE
02:58.859  render           | Fra: 682 | Rendering 1 / 32 samples
02:59.020  render           | Fra: 682 | Rendering 25 / 32 samples
02:59.067  render           | Fra: 682 | Rendering 32 / 32 samples
02:59.082  render           | Video append frame 682
02:59.082  render           | Time: 00:00.27 (Saving: 00:00.01)
02:59.082  render           | Rendering frame 683
02:59.082  render           | Start rendering: MORI_Assembly_Animation, 视图层
02:59.082  render           | Engine: EEVEE
02:59.134  render           | Fra: 683 | Rendering 1 / 32 samples
02:59.301  render           | Fra: 683 | Rendering 25 / 32 samples
02:59.349  render           | Fra: 683 | Rendering 32 / 32 samples
02:59.360  render           | Video append frame 683
02:59.360  render           | Time: 00:00.27 (Saving: 00:00.00)
02:59.360  render           | Rendering frame 684
02:59.360  render           | Start rendering: MORI_Assembly_Animation, 视图层
02:59.360  render           | Engine: EEVEE
02:59.413  render           | Fra: 684 | Rendering 1 / 32 samples
02:59.579  render           | Fra: 684 | Rendering 25 / 32 samples
02:59.629  render           | Fra: 684 | Rendering 32 / 32 samples
02:59.639  render           | Video append frame 684
02:59.639  render           | Time: 00:00.27 (Saving: 00:00.00)
02:59.639  render           | Rendering frame 685
02:59.639  render           | Start rendering: MORI_Assembly_Animation, 视图层
02:59.639  render           | Engine: EEVEE
02:59.692  render           | Fra: 685 | Rendering 1 / 32 samples
02:59.857  render           | Fra: 685 | Rendering 25 / 32 samples
02:59.905  render           | Fra: 685 | Rendering 32 / 32 samples
02:59.915  render           | Video append frame 685
02:59.916  render           | Time: 00:00.27 (Saving: 00:00.00)
02:59.916  render           | Rendering frame 686
02:59.916  render           | Start rendering: MORI_Assembly_Animation, 视图层
02:59.916  render           | Engine: EEVEE
02:59.970  render           | Fra: 686 | Rendering 1 / 32 samples
03:00.135  render           | Fra: 686 | Rendering 25 / 32 samples
03:00.183  render           | Fra: 686 | Rendering 32 / 32 samples
03:00.200  render           | Video append frame 686
03:00.200  render           | Time: 00:00.28 (Saving: 00:00.01)
03:00.200  render           | Rendering frame 687
03:00.200  render           | Start rendering: MORI_Assembly_Animation, 视图层
03:00.200  render           | Engine: EEVEE
03:00.257  render           | Fra: 687 | Rendering 1 / 32 samples
03:00.422  render           | Fra: 687 | Rendering 25 / 32 samples
03:00.470  render           | Fra: 687 | Rendering 32 / 32 samples
03:00.480  render           | Video append frame 687
03:00.480  render           | Time: 00:00.27 (Saving: 00:00.00)
03:00.480  render           | Rendering frame 688
03:00.480  render           | Start rendering: MORI_Assembly_Animation, 视图层
03:00.480  render           | Engine: EEVEE
03:00.534  render           | Fra: 688 | Rendering 1 / 32 samples
03:00.698  render           | Fra: 688 | Rendering 25 / 32 samples
03:00.746  render           | Fra: 688 | Rendering 32 / 32 samples
03:00.756  render           | Video append frame 688
03:00.756  render           | Time: 00:00.27 (Saving: 00:00.00)
03:00.756  render           | Rendering frame 689
03:00.756  render           | Start rendering: MORI_Assembly_Animation, 视图层
03:00.756  render           | Engine: EEVEE
03:00.814  render           | Fra: 689 | Rendering 1 / 32 samples
03:00.979  render           | Fra: 689 | Rendering 25 / 32 samples
03:01.026  render           | Fra: 689 | Rendering 32 / 32 samples
03:01.036  render           | Video append frame 689
03:01.036  render           | Time: 00:00.28 (Saving: 00:00.00)
03:01.036  render           | Rendering frame 690
03:01.037  render           | Start rendering: MORI_Assembly_Animation, 视图层
03:01.037  render           | Engine: EEVEE
03:01.091  render           | Fra: 690 | Rendering 1 / 32 samples
03:01.249  render           | Fra: 690 | Rendering 25 / 32 samples
03:01.295  render           | Fra: 690 | Rendering 32 / 32 samples
03:01.304  render           | Video append frame 690
03:01.304  render           | Time: 00:00.26 (Saving: 00:00.00)
03:01.304  render           | Rendering frame 691
03:01.304  render           | Start rendering: MORI_Assembly_Animation, 视图层
03:01.304  render           | Engine: EEVEE
03:01.353  render           | Fra: 691 | Rendering 1 / 32 samples
03:01.512  render           | Fra: 691 | Rendering 25 / 32 samples
03:01.558  render           | Fra: 691 | Rendering 32 / 32 samples
03:01.567  render           | Video append frame 691
03:01.567  render           | Time: 00:00.26 (Saving: 00:00.00)
03:01.567  render           | Rendering frame 692
03:01.567  render           | Start rendering: MORI_Assembly_Animation, 视图层
03:01.567  render           | Engine: EEVEE
03:01.617  render           | Fra: 692 | Rendering 1 / 32 samples
03:01.775  render           | Fra: 692 | Rendering 25 / 32 samples
03:01.821  render           | Fra: 692 | Rendering 32 / 32 samples
03:01.830  render           | Video append frame 692
03:01.830  render           | Time: 00:00.26 (Saving: 00:00.00)
03:01.830  render           | Rendering frame 693
03:01.830  render           | Start rendering: MORI_Assembly_Animation, 视图层
03:01.830  render           | Engine: EEVEE
03:01.879  render           | Fra: 693 | Rendering 1 / 32 samples
03:02.036  render           | Fra: 693 | Rendering 25 / 32 samples
03:02.082  render           | Fra: 693 | Rendering 32 / 32 samples
03:02.090  render           | Video append frame 693
03:02.090  render           | Time: 00:00.26 (Saving: 00:00.00)
03:02.090  render           | Rendering frame 694
03:02.091  render           | Start rendering: MORI_Assembly_Animation, 视图层
03:02.091  render           | Engine: EEVEE
03:02.138  render           | Fra: 694 | Rendering 1 / 32 samples
03:02.297  render           | Fra: 694 | Rendering 25 / 32 samples
03:02.343  render           | Fra: 694 | Rendering 32 / 32 samples
03:02.353  render           | Video append frame 694
03:02.353  render           | Time: 00:00.26 (Saving: 00:00.00)
03:02.353  render           | Rendering frame 695
03:02.353  render           | Start rendering: MORI_Assembly_Animation, 视图层
03:02.353  render           | Engine: EEVEE
03:02.403  render           | Fra: 695 | Rendering 1 / 32 samples
03:02.561  render           | Fra: 695 | Rendering 25 / 32 samples
03:02.607  render           | Fra: 695 | Rendering 32 / 32 samples
03:02.617  render           | Video append frame 695
03:02.617  render           | Time: 00:00.26 (Saving: 00:00.00)
03:02.617  render           | Rendering frame 696
03:02.617  render           | Start rendering: MORI_Assembly_Animation, 视图层
03:02.617  render           | Engine: EEVEE
03:02.669  render           | Fra: 696 | Rendering 1 / 32 samples
03:02.829  render           | Fra: 696 | Rendering 25 / 32 samples
03:02.876  render           | Fra: 696 | Rendering 32 / 32 samples
03:02.912  render           | Video append frame 696
03:02.912  render           | Time: 00:00.29 (Saving: 00:00.02)
03:02.912  render           | Rendering frame 697
03:02.912  render           | Start rendering: MORI_Assembly_Animation, 视图层
03:02.912  render           | Engine: EEVEE
03:02.960  render           | Fra: 697 | Rendering 1 / 32 samples
03:03.119  render           | Fra: 697 | Rendering 25 / 32 samples
03:03.166  render           | Fra: 697 | Rendering 32 / 32 samples
03:03.192  render           | Video append frame 697
03:03.192  render           | Time: 00:00.27 (Saving: 00:00.02)
03:03.192  render           | Rendering frame 698
03:03.192  render           | Start rendering: MORI_Assembly_Animation, 视图层
03:03.192  render           | Engine: EEVEE
03:03.245  render           | Fra: 698 | Rendering 1 / 32 samples
03:03.407  render           | Fra: 698 | Rendering 25 / 32 samples
03:03.454  render           | Fra: 698 | Rendering 32 / 32 samples
03:03.480  render           | Video append frame 698
03:03.480  render           | Time: 00:00.28 (Saving: 00:00.01)
03:03.480  render           | Rendering frame 699
03:03.480  render           | Start rendering: MORI_Assembly_Animation, 视图层
03:03.480  render           | Engine: EEVEE
03:03.528  render           | Fra: 699 | Rendering 1 / 32 samples
03:03.689  render           | Fra: 699 | Rendering 25 / 32 samples
03:03.735  render           | Fra: 699 | Rendering 32 / 32 samples
03:03.771  render           | Video append frame 699
03:03.771  render           | Time: 00:00.29 (Saving: 00:00.02)
03:03.771  render           | Rendering frame 700
03:03.771  render           | Start rendering: MORI_Assembly_Animation, 视图层
03:03.771  render           | Engine: EEVEE
03:03.820  render           | Fra: 700 | Rendering 1 / 32 samples
03:03.982  render           | Fra: 700 | Rendering 25 / 32 samples
03:04.029  render           | Fra: 700 | Rendering 32 / 32 samples
03:04.061  render           | Video append frame 700
03:04.061  render           | Time: 00:00.29 (Saving: 00:00.02)
03:04.061  render           | Rendering frame 701
03:04.061  render           | Start rendering: MORI_Assembly_Animation, 视图层
03:04.061  render           | Engine: EEVEE
03:04.112  render           | Fra: 701 | Rendering 1 / 32 samples
03:04.274  render           | Fra: 701 | Rendering 25 / 32 samples
03:04.321  render           | Fra: 701 | Rendering 32 / 32 samples
03:04.347  render           | Video append frame 701
03:04.347  render           | Time: 00:00.28 (Saving: 00:00.01)
03:04.347  render           | Rendering frame 702
03:04.348  render           | Start rendering: MORI_Assembly_Animation, 视图层
03:04.348  render           | Engine: EEVEE
03:04.401  render           | Fra: 702 | Rendering 1 / 32 samples
03:04.564  render           | Fra: 702 | Rendering 25 / 32 samples
03:04.612  render           | Fra: 702 | Rendering 32 / 32 samples
03:04.622  render           | Video append frame 702
03:04.622  render           | Time: 00:00.27 (Saving: 00:00.00)
03:04.622  render           | Rendering frame 703
03:04.622  render           | Start rendering: MORI_Assembly_Animation, 视图层
03:04.622  render           | Engine: EEVEE
03:04.679  render           | Fra: 703 | Rendering 1 / 32 samples
03:04.844  render           | Fra: 703 | Rendering 25 / 32 samples
03:04.893  render           | Fra: 703 | Rendering 32 / 32 samples
03:04.903  render           | Video append frame 703
03:04.903  render           | Time: 00:00.28 (Saving: 00:00.00)
03:04.903  render           | Rendering frame 704
03:04.903  render           | Start rendering: MORI_Assembly_Animation, 视图层
03:04.903  render           | Engine: EEVEE
03:04.956  render           | Fra: 704 | Rendering 1 / 32 samples
03:05.124  render           | Fra: 704 | Rendering 25 / 32 samples
03:05.172  render           | Fra: 704 | Rendering 32 / 32 samples
03:05.182  render           | Video append frame 704
03:05.182  render           | Time: 00:00.27 (Saving: 00:00.00)
03:05.182  render           | Rendering frame 705
03:05.182  render           | Start rendering: MORI_Assembly_Animation, 视图层
03:05.182  render           | Engine: EEVEE
03:05.238  render           | Fra: 705 | Rendering 1 / 32 samples
03:05.403  render           | Fra: 705 | Rendering 25 / 32 samples
03:05.451  render           | Fra: 705 | Rendering 32 / 32 samples
03:05.461  render           | Video append frame 705
03:05.461  render           | Time: 00:00.27 (Saving: 00:00.00)
03:05.461  render           | Rendering frame 706
03:05.461  render           | Start rendering: MORI_Assembly_Animation, 视图层
03:05.461  render           | Engine: EEVEE
03:05.514  render           | Fra: 706 | Rendering 1 / 32 samples
03:05.682  render           | Fra: 706 | Rendering 25 / 32 samples
03:05.730  render           | Fra: 706 | Rendering 32 / 32 samples
03:05.740  render           | Video append frame 706
03:05.740  render           | Time: 00:00.27 (Saving: 00:00.00)
03:05.740  render           | Rendering frame 707
03:05.740  render           | Start rendering: MORI_Assembly_Animation, 视图层
03:05.740  render           | Engine: EEVEE
03:05.803  render           | Fra: 707 | Rendering 1 / 32 samples
03:05.968  render           | Fra: 707 | Rendering 25 / 32 samples
03:06.016  render           | Fra: 707 | Rendering 32 / 32 samples
03:06.026  render           | Video append frame 707
03:06.026  render           | Time: 00:00.28 (Saving: 00:00.00)
03:06.026  render           | Rendering frame 708
03:06.026  render           | Start rendering: MORI_Assembly_Animation, 视图层
03:06.026  render           | Engine: EEVEE
03:06.080  render           | Fra: 708 | Rendering 1 / 32 samples
03:06.247  render           | Fra: 708 | Rendering 25 / 32 samples
03:06.295  render           | Fra: 708 | Rendering 32 / 32 samples
03:06.305  render           | Video append frame 708
03:06.305  render           | Time: 00:00.27 (Saving: 00:00.00)
03:06.305  render           | Rendering frame 709
03:06.305  render           | Start rendering: MORI_Assembly_Animation, 视图层
03:06.305  render           | Engine: EEVEE
03:06.359  render           | Fra: 709 | Rendering 1 / 32 samples
03:06.518  render           | Fra: 709 | Rendering 25 / 32 samples
03:06.564  render           | Fra: 709 | Rendering 32 / 32 samples
03:06.574  render           | Video append frame 709
03:06.574  render           | Time: 00:00.26 (Saving: 00:00.00)
03:06.574  render           | Rendering frame 710
03:06.574  render           | Start rendering: MORI_Assembly_Animation, 视图层
03:06.574  render           | Engine: EEVEE
03:06.620  render           | Fra: 710 | Rendering 1 / 32 samples
03:06.778  render           | Fra: 710 | Rendering 25 / 32 samples
03:06.824  render           | Fra: 710 | Rendering 32 / 32 samples
03:06.833  render           | Video append frame 710
03:06.833  render           | Time: 00:00.25 (Saving: 00:00.00)
03:06.833  render           | Rendering frame 711
03:06.833  render           | Start rendering: MORI_Assembly_Animation, 视图层
03:06.833  render           | Engine: EEVEE
03:06.881  render           | Fra: 711 | Rendering 1 / 32 samples
03:07.039  render           | Fra: 711 | Rendering 25 / 32 samples
03:07.084  render           | Fra: 711 | Rendering 32 / 32 samples
03:07.093  render           | Video append frame 711
03:07.093  render           | Time: 00:00.26 (Saving: 00:00.00)
03:07.093  render           | Rendering frame 712
03:07.093  render           | Start rendering: MORI_Assembly_Animation, 视图层
03:07.093  render           | Engine: EEVEE
03:07.140  render           | Fra: 712 | Rendering 1 / 32 samples
03:07.299  render           | Fra: 712 | Rendering 25 / 32 samples
03:07.345  render           | Fra: 712 | Rendering 32 / 32 samples
03:07.354  render           | Video append frame 712
03:07.354  render           | Time: 00:00.26 (Saving: 00:00.00)
03:07.354  render           | Rendering frame 713
03:07.354  render           | Start rendering: MORI_Assembly_Animation, 视图层
03:07.354  render           | Engine: EEVEE
03:07.403  render           | Fra: 713 | Rendering 1 / 32 samples
03:07.560  render           | Fra: 713 | Rendering 25 / 32 samples
03:07.606  render           | Fra: 713 | Rendering 32 / 32 samples
03:07.615  render           | Video append frame 713
03:07.615  render           | Time: 00:00.26 (Saving: 00:00.00)
03:07.615  render           | Rendering frame 714
03:07.615  render           | Start rendering: MORI_Assembly_Animation, 视图层
03:07.615  render           | Engine: EEVEE
03:07.667  render           | Fra: 714 | Rendering 1 / 32 samples
03:07.825  render           | Fra: 714 | Rendering 25 / 32 samples
03:07.871  render           | Fra: 714 | Rendering 32 / 32 samples
03:07.880  render           | Video append frame 714
03:07.880  render           | Time: 00:00.26 (Saving: 00:00.00)
03:07.880  render           | Rendering frame 715
03:07.880  render           | Start rendering: MORI_Assembly_Animation, 视图层
03:07.880  render           | Engine: EEVEE
03:07.930  render           | Fra: 715 | Rendering 1 / 32 samples
03:08.087  render           | Fra: 715 | Rendering 25 / 32 samples
03:08.133  render           | Fra: 715 | Rendering 32 / 32 samples
03:08.143  render           | Video append frame 715
03:08.143  render           | Time: 00:00.26 (Saving: 00:00.00)
03:08.143  render           | Rendering frame 716
03:08.143  render           | Start rendering: MORI_Assembly_Animation, 视图层
03:08.143  render           | Engine: EEVEE
03:08.194  render           | Fra: 716 | Rendering 1 / 32 samples
03:08.353  render           | Fra: 716 | Rendering 25 / 32 samples
03:08.399  render           | Fra: 716 | Rendering 32 / 32 samples
03:08.426  render           | Video append frame 716
03:08.426  render           | Time: 00:00.28 (Saving: 00:00.02)
03:08.426  render           | Rendering frame 717
03:08.426  render           | Start rendering: MORI_Assembly_Animation, 视图层
03:08.426  render           | Engine: EEVEE
03:08.476  render           | Fra: 717 | Rendering 1 / 32 samples
03:08.637  render           | Fra: 717 | Rendering 25 / 32 samples
03:08.684  render           | Fra: 717 | Rendering 32 / 32 samples
03:08.707  render           | Video append frame 717
03:08.707  render           | Time: 00:00.28 (Saving: 00:00.01)
03:08.707  render           | Rendering frame 718
03:08.707  render           | Start rendering: MORI_Assembly_Animation, 视图层
03:08.707  render           | Engine: EEVEE
03:08.759  render           | Fra: 718 | Rendering 1 / 32 samples
03:08.921  render           | Fra: 718 | Rendering 25 / 32 samples
03:08.968  render           | Fra: 718 | Rendering 32 / 32 samples
03:08.997  render           | Video append frame 718
03:08.997  render           | Time: 00:00.29 (Saving: 00:00.02)
03:08.997  render           | Rendering frame 719
03:08.997  render           | Start rendering: MORI_Assembly_Animation, 视图层
03:08.997  render           | Engine: EEVEE
03:09.052  render           | Fra: 719 | Rendering 1 / 32 samples
03:09.213  render           | Fra: 719 | Rendering 25 / 32 samples
03:09.260  render           | Fra: 719 | Rendering 32 / 32 samples
03:09.293  render           | Video append frame 719
03:09.293  render           | Time: 00:00.29 (Saving: 00:00.02)
03:09.293  render           | Rendering frame 720
03:09.293  render           | Start rendering: MORI_Assembly_Animation, 视图层
03:09.293  render           | Engine: EEVEE
03:09.340  render           | Fra: 720 | Rendering 1 / 32 samples
03:09.501  render           | Fra: 720 | Rendering 25 / 32 samples
03:09.548  render           | Fra: 720 | Rendering 32 / 32 samples
03:09.577  render           | Video append frame 720
03:09.577  render           | Time: 00:00.28 (Saving: 00:00.01)
03:09.577  render           | Rendering frame 721
03:09.577  render           | Start rendering: MORI_Assembly_Animation, 视图层
03:09.577  render           | Engine: EEVEE
03:09.626  render           | Fra: 721 | Rendering 1 / 32 samples
03:09.787  render           | Fra: 721 | Rendering 25 / 32 samples
03:09.834  render           | Fra: 721 | Rendering 32 / 32 samples
03:09.873  render           | Video append frame 721
03:09.873  render           | Time: 00:00.29 (Saving: 00:00.03)
03:09.873  render           | Rendering frame 722
03:09.873  render           | Start rendering: MORI_Assembly_Animation, 视图层
03:09.873  render           | Engine: EEVEE
03:09.927  render           | Fra: 722 | Rendering 1 / 32 samples
03:10.094  render           | Fra: 722 | Rendering 25 / 32 samples
03:10.142  render           | Fra: 722 | Rendering 32 / 32 samples
03:10.152  render           | Video append frame 722
03:10.152  render           | Time: 00:00.27 (Saving: 00:00.00)
03:10.152  render           | Rendering frame 723
03:10.152  render           | Start rendering: MORI_Assembly_Animation, 视图层
03:10.152  render           | Engine: EEVEE
03:10.206  render           | Fra: 723 | Rendering 1 / 32 samples
03:10.376  render           | Fra: 723 | Rendering 25 / 32 samples
03:10.423  render           | Fra: 723 | Rendering 32 / 32 samples
03:10.434  render           | Video append frame 723
03:10.434  render           | Time: 00:00.28 (Saving: 00:00.00)
03:10.434  render           | Rendering frame 724
03:10.434  render           | Start rendering: MORI_Assembly_Animation, 视图层
03:10.434  render           | Engine: EEVEE
03:10.488  render           | Fra: 724 | Rendering 1 / 32 samples
03:10.653  render           | Fra: 724 | Rendering 25 / 32 samples
03:10.701  render           | Fra: 724 | Rendering 32 / 32 samples
03:10.711  render           | Video append frame 724
03:10.711  render           | Time: 00:00.27 (Saving: 00:00.00)
03:10.711  render           | Rendering frame 725
03:10.711  render           | Start rendering: MORI_Assembly_Animation, 视图层
03:10.711  render           | Engine: EEVEE
03:10.764  render           | Fra: 725 | Rendering 1 / 32 samples
03:10.930  render           | Fra: 725 | Rendering 25 / 32 samples
03:10.978  render           | Fra: 725 | Rendering 32 / 32 samples
03:10.987  render           | Video append frame 725
03:10.987  render           | Time: 00:00.27 (Saving: 00:00.00)
03:10.987  render           | Rendering frame 726
03:10.988  render           | Start rendering: MORI_Assembly_Animation, 视图层
03:10.988  render           | Engine: EEVEE
03:11.040  render           | Fra: 726 | Rendering 1 / 32 samples
03:11.206  render           | Fra: 726 | Rendering 25 / 32 samples
03:11.254  render           | Fra: 726 | Rendering 32 / 32 samples
03:11.263  render           | Video append frame 726
03:11.263  render           | Time: 00:00.27 (Saving: 00:00.00)
03:11.263  render           | Rendering frame 727
03:11.263  render           | Start rendering: MORI_Assembly_Animation, 视图层
03:11.263  render           | Engine: EEVEE
03:11.317  render           | Fra: 727 | Rendering 1 / 32 samples
03:11.484  render           | Fra: 727 | Rendering 25 / 32 samples
03:11.535  render           | Fra: 727 | Rendering 32 / 32 samples
03:11.544  render           | Video append frame 727
03:11.544  render           | Time: 00:00.28 (Saving: 00:00.00)
03:11.544  render           | Rendering frame 728
03:11.544  render           | Start rendering: MORI_Assembly_Animation, 视图层
03:11.544  render           | Engine: EEVEE
03:11.597  render           | Fra: 728 | Rendering 1 / 32 samples
03:11.760  render           | Fra: 728 | Rendering 25 / 32 samples
03:11.806  render           | Fra: 728 | Rendering 32 / 32 samples
03:11.815  render           | Video append frame 728
03:11.815  render           | Time: 00:00.27 (Saving: 00:00.00)
03:11.815  render           | Rendering frame 729
03:11.815  render           | Start rendering: MORI_Assembly_Animation, 视图层
03:11.815  render           | Engine: EEVEE
03:11.866  render           | Fra: 729 | Rendering 1 / 32 samples
03:12.023  render           | Fra: 729 | Rendering 25 / 32 samples
03:12.069  render           | Fra: 729 | Rendering 32 / 32 samples
03:12.078  render           | Video append frame 729
03:12.078  render           | Time: 00:00.26 (Saving: 00:00.00)
03:12.078  render           | Rendering frame 730
03:12.078  render           | Start rendering: MORI_Assembly_Animation, 视图层
03:12.078  render           | Engine: EEVEE
03:12.129  render           | Fra: 730 | Rendering 1 / 32 samples
03:12.286  render           | Fra: 730 | Rendering 25 / 32 samples
03:12.332  render           | Fra: 730 | Rendering 32 / 32 samples
03:12.341  render           | Video append frame 730
03:12.341  render           | Time: 00:00.26 (Saving: 00:00.00)
03:12.341  render           | Rendering frame 731
03:12.341  render           | Start rendering: MORI_Assembly_Animation, 视图层
03:12.342  render           | Engine: EEVEE
03:12.392  render           | Fra: 731 | Rendering 1 / 32 samples
03:12.550  render           | Fra: 731 | Rendering 25 / 32 samples
03:12.596  render           | Fra: 731 | Rendering 32 / 32 samples
03:12.606  render           | Video append frame 731
03:12.606  render           | Time: 00:00.26 (Saving: 00:00.00)
03:12.606  render           | Rendering frame 732
03:12.606  render           | Start rendering: MORI_Assembly_Animation, 视图层
03:12.606  render           | Engine: EEVEE
03:12.655  render           | Fra: 732 | Rendering 1 / 32 samples
03:12.813  render           | Fra: 732 | Rendering 25 / 32 samples
03:12.859  render           | Fra: 732 | Rendering 32 / 32 samples
03:12.868  render           | Video append frame 732
03:12.868  render           | Time: 00:00.26 (Saving: 00:00.00)
03:12.868  render           | Rendering frame 733
03:12.868  render           | Start rendering: MORI_Assembly_Animation, 视图层
03:12.868  render           | Engine: EEVEE
03:12.926  render           | Fra: 733 | Rendering 1 / 32 samples
03:13.085  render           | Fra: 733 | Rendering 25 / 32 samples
03:13.131  render           | Fra: 733 | Rendering 32 / 32 samples
03:13.140  render           | Video append frame 733
03:13.140  render           | Time: 00:00.27 (Saving: 00:00.00)
03:13.140  render           | Rendering frame 734
03:13.140  render           | Start rendering: MORI_Assembly_Animation, 视图层
03:13.140  render           | Engine: EEVEE
03:13.193  render           | Fra: 734 | Rendering 1 / 32 samples
03:13.350  render           | Fra: 734 | Rendering 25 / 32 samples
03:13.396  render           | Fra: 734 | Rendering 32 / 32 samples
03:13.405  render           | Video append frame 734
03:13.405  render           | Time: 00:00.26 (Saving: 00:00.00)
03:13.405  render           | Rendering frame 735
03:13.405  render           | Start rendering: MORI_Assembly_Animation, 视图层
03:13.405  render           | Engine: EEVEE
03:13.455  render           | Fra: 735 | Rendering 1 / 32 samples
03:13.615  render           | Fra: 735 | Rendering 25 / 32 samples
03:13.661  render           | Fra: 735 | Rendering 32 / 32 samples
03:13.674  render           | Video append frame 735
03:13.674  render           | Time: 00:00.26 (Saving: 00:00.00)
03:13.674  render           | Rendering frame 736
03:13.674  render           | Start rendering: MORI_Assembly_Animation, 视图层
03:13.674  render           | Engine: EEVEE
03:13.724  render           | Fra: 736 | Rendering 1 / 32 samples
03:13.885  render           | Fra: 736 | Rendering 25 / 32 samples
03:13.931  render           | Fra: 736 | Rendering 32 / 32 samples
03:13.956  render           | Video append frame 736
03:13.956  render           | Time: 00:00.28 (Saving: 00:00.02)
03:13.956  render           | Rendering frame 737
03:13.956  render           | Start rendering: MORI_Assembly_Animation, 视图层
03:13.956  render           | Engine: EEVEE
03:14.011  render           | Fra: 737 | Rendering 1 / 32 samples
03:14.174  render           | Fra: 737 | Rendering 25 / 32 samples
03:14.222  render           | Fra: 737 | Rendering 32 / 32 samples
03:14.252  render           | Video append frame 737
03:14.252  render           | Time: 00:00.29 (Saving: 00:00.02)
03:14.252  render           | Rendering frame 738
03:14.253  render           | Start rendering: MORI_Assembly_Animation, 视图层
03:14.253  render           | Engine: EEVEE
03:14.306  render           | Fra: 738 | Rendering 1 / 32 samples
03:14.469  render           | Fra: 738 | Rendering 25 / 32 samples
03:14.516  render           | Fra: 738 | Rendering 32 / 32 samples
03:14.543  render           | Video append frame 738
03:14.543  render           | Time: 00:00.29 (Saving: 00:00.02)
03:14.543  render           | Rendering frame 739
03:14.543  render           | Start rendering: MORI_Assembly_Animation, 视图层
03:14.543  render           | Engine: EEVEE
03:14.597  render           | Fra: 739 | Rendering 1 / 32 samples
03:14.759  render           | Fra: 739 | Rendering 25 / 32 samples
03:14.806  render           | Fra: 739 | Rendering 32 / 32 samples
03:14.838  render           | Video append frame 739
03:14.838  render           | Time: 00:00.29 (Saving: 00:00.02)
03:14.838  render           | Rendering frame 740
03:14.838  render           | Start rendering: MORI_Assembly_Animation, 视图层
03:14.838  render           | Engine: EEVEE
03:14.887  render           | Fra: 740 | Rendering 1 / 32 samples
03:15.050  render           | Fra: 740 | Rendering 25 / 32 samples
03:15.097  render           | Fra: 740 | Rendering 32 / 32 samples
03:15.130  render           | Video append frame 740
03:15.130  render           | Time: 00:00.29 (Saving: 00:00.02)
03:15.130  render           | Rendering frame 741
03:15.130  render           | Start rendering: MORI_Assembly_Animation, 视图层
03:15.130  render           | Engine: EEVEE
03:15.181  render           | Fra: 741 | Rendering 1 / 32 samples
03:15.344  render           | Fra: 741 | Rendering 25 / 32 samples
03:15.391  render           | Fra: 741 | Rendering 32 / 32 samples
03:15.414  render           | Video append frame 741
03:15.414  render           | Time: 00:00.28 (Saving: 00:00.01)
03:15.414  render           | Rendering frame 742
03:15.414  render           | Start rendering: MORI_Assembly_Animation, 视图层
03:15.414  render           | Engine: EEVEE
03:15.467  render           | Fra: 742 | Rendering 1 / 32 samples
03:15.628  render           | Fra: 742 | Rendering 25 / 32 samples
03:15.675  render           | Fra: 742 | Rendering 32 / 32 samples
03:15.696  render           | Video append frame 742
03:15.696  render           | Time: 00:00.28 (Saving: 00:00.01)
03:15.696  render           | Rendering frame 743
03:15.697  render           | Start rendering: MORI_Assembly_Animation, 视图层
03:15.697  render           | Engine: EEVEE
03:15.750  render           | Fra: 743 | Rendering 1 / 32 samples
03:15.911  render           | Fra: 743 | Rendering 25 / 32 samples
03:15.959  render           | Fra: 743 | Rendering 32 / 32 samples
03:15.993  render           | Video append frame 743
03:15.993  render           | Time: 00:00.29 (Saving: 00:00.03)
03:15.993  render           | Rendering frame 744
03:15.993  render           | Start rendering: MORI_Assembly_Animation, 视图层
03:15.993  render           | Engine: EEVEE
03:16.048  render           | Fra: 744 | Rendering 1 / 32 samples
03:16.210  render           | Fra: 744 | Rendering 25 / 32 samples
03:16.257  render           | Fra: 744 | Rendering 32 / 32 samples
03:16.286  render           | Video append frame 744
03:16.286  render           | Time: 00:00.29 (Saving: 00:00.01)
03:16.286  render           | Rendering frame 745
03:16.286  render           | Start rendering: MORI_Assembly_Animation, 视图层
03:16.286  render           | Engine: EEVEE
03:16.338  render           | Fra: 745 | Rendering 1 / 32 samples
03:16.500  render           | Fra: 745 | Rendering 25 / 32 samples
03:16.548  render           | Fra: 745 | Rendering 32 / 32 samples
03:16.575  render           | Video append frame 745
03:16.575  render           | Time: 00:00.28 (Saving: 00:00.02)
03:16.575  render           | Rendering frame 746
03:16.575  render           | Start rendering: MORI_Assembly_Animation, 视图层
03:16.575  render           | Engine: EEVEE
03:16.629  render           | Fra: 746 | Rendering 1 / 32 samples
03:16.792  render           | Fra: 746 | Rendering 25 / 32 samples
03:16.840  render           | Fra: 746 | Rendering 32 / 32 samples
03:16.872  render           | Video append frame 746
03:16.872  render           | Time: 00:00.29 (Saving: 00:00.02)
03:16.872  render           | Rendering frame 747
03:16.872  render           | Start rendering: MORI_Assembly_Animation, 视图层
03:16.872  render           | Engine: EEVEE
03:16.924  render           | Fra: 747 | Rendering 1 / 32 samples
03:17.088  render           | Fra: 747 | Rendering 25 / 32 samples
03:17.136  render           | Fra: 747 | Rendering 32 / 32 samples
03:17.169  render           | Video append frame 747
03:17.169  render           | Time: 00:00.29 (Saving: 00:00.02)
03:17.169  render           | Rendering frame 748
03:17.169  render           | Start rendering: MORI_Assembly_Animation, 视图层
03:17.169  render           | Engine: EEVEE
03:17.221  render           | Fra: 748 | Rendering 1 / 32 samples
03:17.384  render           | Fra: 748 | Rendering 25 / 32 samples
03:17.431  render           | Fra: 748 | Rendering 32 / 32 samples
03:17.451  render           | Video append frame 748
03:17.451  render           | Time: 00:00.28 (Saving: 00:00.01)
03:17.451  render           | Rendering frame 749
03:17.451  render           | Start rendering: MORI_Assembly_Animation, 视图层
03:17.451  render           | Engine: EEVEE
03:17.504  render           | Fra: 749 | Rendering 1 / 32 samples
03:17.668  render           | Fra: 749 | Rendering 25 / 32 samples
03:17.715  render           | Fra: 749 | Rendering 32 / 32 samples
03:17.742  render           | Video append frame 749
03:17.742  render           | Time: 00:00.29 (Saving: 00:00.02)
03:17.742  render           | Rendering frame 750
03:17.742  render           | Start rendering: MORI_Assembly_Animation, 视图层
03:17.742  render           | Engine: EEVEE
03:17.798  render           | Fra: 750 | Rendering 1 / 32 samples
03:17.963  render           | Fra: 750 | Rendering 25 / 32 samples
03:18.010  render           | Fra: 750 | Rendering 32 / 32 samples
03:18.033  render           | Video append frame 750
03:18.033  render           | Time: 00:00.29 (Saving: 00:00.01)
03:18.033  render           | Rendering frame 751
03:18.034  render           | Start rendering: MORI_Assembly_Animation, 视图层
03:18.034  render           | Engine: EEVEE
03:18.091  render           | Fra: 751 | Rendering 1 / 32 samples
03:18.255  render           | Fra: 751 | Rendering 25 / 32 samples
03:18.302  render           | Fra: 751 | Rendering 32 / 32 samples
03:18.325  render           | Video append frame 751
03:18.325  render           | Time: 00:00.29 (Saving: 00:00.01)
03:18.325  render           | Rendering frame 752
03:18.325  render           | Start rendering: MORI_Assembly_Animation, 视图层
03:18.325  render           | Engine: EEVEE
03:18.377  render           | Fra: 752 | Rendering 1 / 32 samples
03:18.542  render           | Fra: 752 | Rendering 25 / 32 samples
03:18.589  render           | Fra: 752 | Rendering 32 / 32 samples
03:18.611  render           | Video append frame 752
03:18.611  render           | Time: 00:00.28 (Saving: 00:00.01)
03:18.611  render           | Rendering frame 753
03:18.611  render           | Start rendering: MORI_Assembly_Animation, 视图层
03:18.611  render           | Engine: EEVEE
03:18.660  render           | Fra: 753 | Rendering 1 / 32 samples
03:18.823  render           | Fra: 753 | Rendering 25 / 32 samples
03:18.870  render           | Fra: 753 | Rendering 32 / 32 samples
03:18.890  render           | Video append frame 753
03:18.890  render           | Time: 00:00.27 (Saving: 00:00.01)
03:18.890  render           | Rendering frame 754
03:18.890  render           | Start rendering: MORI_Assembly_Animation, 视图层
03:18.890  render           | Engine: EEVEE
03:18.943  render           | Fra: 754 | Rendering 1 / 32 samples
03:19.106  render           | Fra: 754 | Rendering 25 / 32 samples
03:19.153  render           | Fra: 754 | Rendering 32 / 32 samples
03:19.179  render           | Video append frame 754
03:19.179  render           | Time: 00:00.28 (Saving: 00:00.02)
03:19.179  render           | Rendering frame 755
03:19.179  render           | Start rendering: MORI_Assembly_Animation, 视图层
03:19.179  render           | Engine: EEVEE
03:19.232  render           | Fra: 755 | Rendering 1 / 32 samples
03:19.394  render           | Fra: 755 | Rendering 25 / 32 samples
03:19.441  render           | Fra: 755 | Rendering 32 / 32 samples
03:19.471  render           | Video append frame 755
03:19.471  render           | Time: 00:00.29 (Saving: 00:00.02)
03:19.471  render           | Rendering frame 756
03:19.471  render           | Start rendering: MORI_Assembly_Animation, 视图层
03:19.471  render           | Engine: EEVEE
03:19.525  render           | Fra: 756 | Rendering 1 / 32 samples
03:19.688  render           | Fra: 756 | Rendering 25 / 32 samples
03:19.735  render           | Fra: 756 | Rendering 32 / 32 samples
03:19.766  render           | Video append frame 756
03:19.766  render           | Time: 00:00.29 (Saving: 00:00.01)
03:19.766  render           | Rendering frame 757
03:19.766  render           | Start rendering: MORI_Assembly_Animation, 视图层
03:19.766  render           | Engine: EEVEE
03:19.819  render           | Fra: 757 | Rendering 1 / 32 samples
03:19.985  render           | Fra: 757 | Rendering 25 / 32 samples
03:20.034  render           | Fra: 757 | Rendering 32 / 32 samples
03:20.061  render           | Video append frame 757
03:20.061  render           | Time: 00:00.29 (Saving: 00:00.02)
03:20.061  render           | Rendering frame 758
03:20.061  render           | Start rendering: MORI_Assembly_Animation, 视图层
03:20.061  render           | Engine: EEVEE
03:20.116  render           | Fra: 758 | Rendering 1 / 32 samples
03:20.283  render           | Fra: 758 | Rendering 25 / 32 samples
03:20.332  render           | Fra: 758 | Rendering 32 / 32 samples
03:20.360  render           | Video append frame 758
03:20.360  render           | Time: 00:00.29 (Saving: 00:00.02)
03:20.360  render           | Rendering frame 759
03:20.360  render           | Start rendering: MORI_Assembly_Animation, 视图层
03:20.360  render           | Engine: EEVEE
03:20.415  render           | Fra: 759 | Rendering 1 / 32 samples
03:20.580  render           | Fra: 759 | Rendering 25 / 32 samples
03:20.627  render           | Fra: 759 | Rendering 32 / 32 samples
03:20.676  render           | Video append frame 759
03:20.676  render           | Time: 00:00.31 (Saving: 00:00.03)
03:20.676  render           | Rendering frame 760
03:20.676  render           | Start rendering: MORI_Assembly_Animation, 视图层
03:20.676  render           | Engine: EEVEE
03:20.729  render           | Fra: 760 | Rendering 1 / 32 samples
03:20.892  render           | Fra: 760 | Rendering 25 / 32 samples
03:20.939  render           | Fra: 760 | Rendering 32 / 32 samples
03:20.964  render           | Video append frame 760
03:20.964  render           | Time: 00:00.28 (Saving: 00:00.01)
03:20.964  render           | Rendering frame 761
03:20.964  render           | Start rendering: MORI_Assembly_Animation, 视图层
03:20.964  render           | Engine: EEVEE
03:21.020  render           | Fra: 761 | Rendering 1 / 32 samples
03:21.184  render           | Fra: 761 | Rendering 25 / 32 samples
03:21.232  render           | Fra: 761 | Rendering 32 / 32 samples
03:21.261  render           | Video append frame 761
03:21.261  render           | Time: 00:00.29 (Saving: 00:00.02)
03:21.261  render           | Rendering frame 762
03:21.261  render           | Start rendering: MORI_Assembly_Animation, 视图层
03:21.261  render           | Engine: EEVEE
03:21.314  render           | Fra: 762 | Rendering 1 / 32 samples
03:21.478  render           | Fra: 762 | Rendering 25 / 32 samples
03:21.526  render           | Fra: 762 | Rendering 32 / 32 samples
03:21.550  render           | Video append frame 762
03:21.550  render           | Time: 00:00.28 (Saving: 00:00.02)
03:21.550  render           | Rendering frame 763
03:21.551  render           | Start rendering: MORI_Assembly_Animation, 视图层
03:21.551  render           | Engine: EEVEE
03:21.604  render           | Fra: 763 | Rendering 1 / 32 samples
03:21.768  render           | Fra: 763 | Rendering 25 / 32 samples
03:21.816  render           | Fra: 763 | Rendering 32 / 32 samples
03:21.843  render           | Video append frame 763
03:21.843  render           | Time: 00:00.29 (Saving: 00:00.02)
03:21.843  render           | Rendering frame 764
03:21.843  render           | Start rendering: MORI_Assembly_Animation, 视图层
03:21.843  render           | Engine: EEVEE
03:21.897  render           | Fra: 764 | Rendering 1 / 32 samples
03:22.065  render           | Fra: 764 | Rendering 25 / 32 samples
03:22.113  render           | Fra: 764 | Rendering 32 / 32 samples
03:22.124  render           | Video append frame 764
03:22.124  render           | Time: 00:00.28 (Saving: 00:00.00)
03:22.124  render           | Rendering frame 765
03:22.124  render           | Start rendering: MORI_Assembly_Animation, 视图层
03:22.124  render           | Engine: EEVEE
03:22.184  render           | Fra: 765 | Rendering 1 / 32 samples
03:22.355  render           | Fra: 765 | Rendering 25 / 32 samples
03:22.405  render           | Fra: 765 | Rendering 32 / 32 samples
03:22.416  render           | Video append frame 765
03:22.416  render           | Time: 00:00.29 (Saving: 00:00.00)
03:22.416  render           | Rendering frame 766
03:22.416  render           | Start rendering: MORI_Assembly_Animation, 视图层
03:22.416  render           | Engine: EEVEE
03:22.480  render           | Fra: 766 | Rendering 1 / 32 samples
03:22.646  render           | Fra: 766 | Rendering 25 / 32 samples
03:22.694  render           | Fra: 766 | Rendering 32 / 32 samples
03:22.705  render           | Video append frame 766
03:22.705  render           | Time: 00:00.28 (Saving: 00:00.00)
03:22.705  render           | Rendering frame 767
03:22.705  render           | Start rendering: MORI_Assembly_Animation, 视图层
03:22.705  render           | Engine: EEVEE
03:22.765  render           | Fra: 767 | Rendering 1 / 32 samples
03:22.930  render           | Fra: 767 | Rendering 25 / 32 samples
03:22.979  render           | Fra: 767 | Rendering 32 / 32 samples
03:22.990  render           | Video append frame 767
03:22.990  render           | Time: 00:00.28 (Saving: 00:00.00)
03:22.990  render           | Rendering frame 768
03:22.990  render           | Start rendering: MORI_Assembly_Animation, 视图层
03:22.990  render           | Engine: EEVEE
03:23.046  render           | Fra: 768 | Rendering 1 / 32 samples
03:23.214  render           | Fra: 768 | Rendering 25 / 32 samples
03:23.263  render           | Fra: 768 | Rendering 32 / 32 samples
03:23.273  render           | Video append frame 768
03:23.273  render           | Time: 00:00.28 (Saving: 00:00.00)
03:23.273  render           | Rendering frame 769
03:23.273  render           | Start rendering: MORI_Assembly_Animation, 视图层
03:23.273  render           | Engine: EEVEE
03:23.333  render           | Fra: 769 | Rendering 1 / 32 samples
03:23.498  render           | Fra: 769 | Rendering 25 / 32 samples
03:23.546  render           | Fra: 769 | Rendering 32 / 32 samples
03:23.558  render           | Video append frame 769
03:23.558  render           | Time: 00:00.28 (Saving: 00:00.00)
03:23.558  render           | Rendering frame 770
03:23.558  render           | Start rendering: MORI_Assembly_Animation, 视图层
03:23.558  render           | Engine: EEVEE
03:23.614  render           | Fra: 770 | Rendering 1 / 32 samples
03:23.783  render           | Fra: 770 | Rendering 25 / 32 samples
03:23.831  render           | Fra: 770 | Rendering 32 / 32 samples
03:23.842  render           | Video append frame 770
03:23.842  render           | Time: 00:00.28 (Saving: 00:00.00)
03:23.842  render           | Rendering frame 771
03:23.842  render           | Start rendering: MORI_Assembly_Animation, 视图层
03:23.842  render           | Engine: EEVEE
03:23.899  render           | Fra: 771 | Rendering 1 / 32 samples
03:24.057  render           | Fra: 771 | Rendering 25 / 32 samples
03:24.103  render           | Fra: 771 | Rendering 32 / 32 samples
03:24.112  render           | Video append frame 771
03:24.112  render           | Time: 00:00.27 (Saving: 00:00.00)
03:24.112  render           | Rendering frame 772
03:24.112  render           | Start rendering: MORI_Assembly_Animation, 视图层
03:24.112  render           | Engine: EEVEE
03:24.164  render           | Fra: 772 | Rendering 1 / 32 samples
03:24.322  render           | Fra: 772 | Rendering 25 / 32 samples
03:24.368  render           | Fra: 772 | Rendering 32 / 32 samples
03:24.377  render           | Video append frame 772
03:24.377  render           | Time: 00:00.26 (Saving: 00:00.00)
03:24.377  render           | Rendering frame 773
03:24.377  render           | Start rendering: MORI_Assembly_Animation, 视图层
03:24.377  render           | Engine: EEVEE
03:24.433  render           | Fra: 773 | Rendering 1 / 32 samples
03:24.590  render           | Fra: 773 | Rendering 25 / 32 samples
03:24.636  render           | Fra: 773 | Rendering 32 / 32 samples
03:24.646  render           | Video append frame 773
03:24.646  render           | Time: 00:00.26 (Saving: 00:00.00)
03:24.646  render           | Rendering frame 774
03:24.646  render           | Start rendering: MORI_Assembly_Animation, 视图层
03:24.646  render           | Engine: EEVEE
03:24.692  render           | Fra: 774 | Rendering 1 / 32 samples
03:24.850  render           | Fra: 774 | Rendering 25 / 32 samples
03:24.896  render           | Fra: 774 | Rendering 32 / 32 samples
03:24.905  render           | Video append frame 774
03:24.905  render           | Time: 00:00.25 (Saving: 00:00.00)
03:24.905  render           | Rendering frame 775
03:24.905  render           | Start rendering: MORI_Assembly_Animation, 视图层
03:24.905  render           | Engine: EEVEE
03:24.958  render           | Fra: 775 | Rendering 1 / 32 samples
03:25.116  render           | Fra: 775 | Rendering 25 / 32 samples
03:25.162  render           | Fra: 775 | Rendering 32 / 32 samples
03:25.172  render           | Video append frame 775
03:25.172  render           | Time: 00:00.26 (Saving: 00:00.00)
03:25.172  render           | Rendering frame 776
03:25.172  render           | Start rendering: MORI_Assembly_Animation, 视图层
03:25.172  render           | Engine: EEVEE
03:25.226  render           | Fra: 776 | Rendering 1 / 32 samples
03:25.383  render           | Fra: 776 | Rendering 25 / 32 samples
03:25.429  render           | Fra: 776 | Rendering 32 / 32 samples
03:25.439  render           | Video append frame 776
03:25.439  render           | Time: 00:00.26 (Saving: 00:00.00)
03:25.439  render           | Rendering frame 777
03:25.439  render           | Start rendering: MORI_Assembly_Animation, 视图层
03:25.439  render           | Engine: EEVEE
03:25.493  render           | Fra: 777 | Rendering 1 / 32 samples
03:25.650  render           | Fra: 777 | Rendering 25 / 32 samples
03:25.696  render           | Fra: 777 | Rendering 32 / 32 samples
03:25.706  render           | Video append frame 777
03:25.706  render           | Time: 00:00.26 (Saving: 00:00.00)
03:25.706  render           | Rendering frame 778
03:25.706  render           | Start rendering: MORI_Assembly_Animation, 视图层
03:25.706  render           | Engine: EEVEE
03:25.761  render           | Fra: 778 | Rendering 1 / 32 samples
03:25.920  render           | Fra: 778 | Rendering 25 / 32 samples
03:25.967  render           | Fra: 778 | Rendering 32 / 32 samples
03:26.003  render           | Video append frame 778
03:26.003  render           | Time: 00:00.29 (Saving: 00:00.02)
03:26.003  render           | Rendering frame 779
03:26.003  render           | Start rendering: MORI_Assembly_Animation, 视图层
03:26.003  render           | Engine: EEVEE
03:26.054  render           | Fra: 779 | Rendering 1 / 32 samples
03:26.217  render           | Fra: 779 | Rendering 25 / 32 samples
03:26.263  render           | Fra: 779 | Rendering 32 / 32 samples
03:26.295  render           | Video append frame 779
03:26.295  render           | Time: 00:00.29 (Saving: 00:00.02)
03:26.295  render           | Rendering frame 780
03:26.296  render           | Start rendering: MORI_Assembly_Animation, 视图层
03:26.296  render           | Engine: EEVEE
03:26.346  render           | Fra: 780 | Rendering 1 / 32 samples
03:26.509  render           | Fra: 780 | Rendering 25 / 32 samples
03:26.556  render           | Fra: 780 | Rendering 32 / 32 samples
03:26.581  render           | Video append frame 780
03:26.581  render           | Time: 00:00.28 (Saving: 00:00.01)
03:26.581  render           | Rendering frame 781
03:26.581  render           | Start rendering: MORI_Assembly_Animation, 视图层
03:26.581  render           | Engine: EEVEE
03:26.633  render           | Fra: 781 | Rendering 1 / 32 samples
03:26.795  render           | Fra: 781 | Rendering 25 / 32 samples
03:26.844  render           | Fra: 781 | Rendering 32 / 32 samples
03:26.875  render           | Video append frame 781
03:26.875  render           | Time: 00:00.29 (Saving: 00:00.02)
03:26.875  render           | Rendering frame 782
03:26.875  render           | Start rendering: MORI_Assembly_Animation, 视图层
03:26.875  render           | Engine: EEVEE
03:26.927  render           | Fra: 782 | Rendering 1 / 32 samples
03:27.090  render           | Fra: 782 | Rendering 25 / 32 samples
03:27.137  render           | Fra: 782 | Rendering 32 / 32 samples
03:27.175  render           | Video append frame 782
03:27.175  render           | Time: 00:00.30 (Saving: 00:00.02)
03:27.175  render           | Rendering frame 783
03:27.175  render           | Start rendering: MORI_Assembly_Animation, 视图层
03:27.175  render           | Engine: EEVEE
03:27.221  render           | Fra: 783 | Rendering 1 / 32 samples
03:27.384  render           | Fra: 783 | Rendering 25 / 32 samples
03:27.431  render           | Fra: 783 | Rendering 32 / 32 samples
03:27.459  render           | Video append frame 783
03:27.459  render           | Time: 00:00.28 (Saving: 00:00.02)
03:27.459  render           | Rendering frame 784
03:27.459  render           | Start rendering: MORI_Assembly_Animation, 视图层
03:27.459  render           | Engine: EEVEE
03:27.512  render           | Fra: 784 | Rendering 1 / 32 samples
03:27.675  render           | Fra: 784 | Rendering 25 / 32 samples
03:27.723  render           | Fra: 784 | Rendering 32 / 32 samples
03:27.756  render           | Video append frame 784
03:27.756  render           | Time: 00:00.29 (Saving: 00:00.02)
03:27.756  render           | Rendering frame 785
03:27.756  render           | Start rendering: MORI_Assembly_Animation, 视图层
03:27.756  render           | Engine: EEVEE
03:27.811  render           | Fra: 785 | Rendering 1 / 32 samples
03:27.973  render           | Fra: 785 | Rendering 25 / 32 samples
03:28.020  render           | Fra: 785 | Rendering 32 / 32 samples
03:28.046  render           | Video append frame 785
03:28.046  render           | Time: 00:00.28 (Saving: 00:00.01)
03:28.046  render           | Rendering frame 786
03:28.046  render           | Start rendering: MORI_Assembly_Animation, 视图层
03:28.046  render           | Engine: EEVEE
03:28.099  render           | Fra: 786 | Rendering 1 / 32 samples
03:28.261  render           | Fra: 786 | Rendering 25 / 32 samples
03:28.308  render           | Fra: 786 | Rendering 32 / 32 samples
03:28.336  render           | Video append frame 786
03:28.336  render           | Time: 00:00.29 (Saving: 00:00.02)
03:28.336  render           | Rendering frame 787
03:28.336  render           | Start rendering: MORI_Assembly_Animation, 视图层
03:28.336  render           | Engine: EEVEE
03:28.388  render           | Fra: 787 | Rendering 1 / 32 samples
03:28.551  render           | Fra: 787 | Rendering 25 / 32 samples
03:28.598  render           | Fra: 787 | Rendering 32 / 32 samples
03:28.620  render           | Video append frame 787
03:28.620  render           | Time: 00:00.28 (Saving: 00:00.01)
03:28.620  render           | Rendering frame 788
03:28.621  render           | Start rendering: MORI_Assembly_Animation, 视图层
03:28.621  render           | Engine: EEVEE
03:28.673  render           | Fra: 788 | Rendering 1 / 32 samples
03:28.837  render           | Fra: 788 | Rendering 25 / 32 samples
03:28.885  render           | Fra: 788 | Rendering 32 / 32 samples
03:28.897  render           | Video append frame 788
03:28.897  render           | Time: 00:00.27 (Saving: 00:00.00)
03:28.897  render           | Rendering frame 789
03:28.897  render           | Start rendering: MORI_Assembly_Animation, 视图层
03:28.897  render           | Engine: EEVEE
03:28.965  render           | Fra: 789 | Rendering 1 / 32 samples
03:29.136  render           | Fra: 789 | Rendering 25 / 32 samples
03:29.185  render           | Fra: 789 | Rendering 32 / 32 samples
03:29.196  render           | Video append frame 789
03:29.196  render           | Time: 00:00.29 (Saving: 00:00.00)
03:29.196  render           | Rendering frame 790
03:29.196  render           | Start rendering: MORI_Assembly_Animation, 视图层
03:29.196  render           | Engine: EEVEE
03:29.257  render           | Fra: 790 | Rendering 1 / 32 samples
03:29.428  render           | Fra: 790 | Rendering 25 / 32 samples
03:29.476  render           | Fra: 790 | Rendering 32 / 32 samples
03:29.488  render           | Video append frame 790
03:29.488  render           | Time: 00:00.29 (Saving: 00:00.00)
03:29.488  render           | Rendering frame 791
03:29.488  render           | Start rendering: MORI_Assembly_Animation, 视图层
03:29.488  render           | Engine: EEVEE
03:29.550  render           | Fra: 791 | Rendering 1 / 32 samples
03:29.718  render           | Fra: 791 | Rendering 25 / 32 samples
03:29.766  render           | Fra: 791 | Rendering 32 / 32 samples
03:29.779  render           | Video append frame 791
03:29.779  render           | Time: 00:00.29 (Saving: 00:00.00)
03:29.779  render           | Rendering frame 792
03:29.779  render           | Start rendering: MORI_Assembly_Animation, 视图层
03:29.779  render           | Engine: EEVEE
03:29.838  render           | Fra: 792 | Rendering 1 / 32 samples
03:30.008  render           | Fra: 792 | Rendering 25 / 32 samples
03:30.056  render           | Fra: 792 | Rendering 32 / 32 samples
03:30.066  render           | Video append frame 792
03:30.066  render           | Time: 00:00.28 (Saving: 00:00.00)
03:30.066  render           | Rendering frame 793
03:30.067  render           | Start rendering: MORI_Assembly_Animation, 视图层
03:30.067  render           | Engine: EEVEE
03:30.125  render           | Fra: 793 | Rendering 1 / 32 samples
03:30.292  render           | Fra: 793 | Rendering 25 / 32 samples
03:30.340  render           | Fra: 793 | Rendering 32 / 32 samples
03:30.349  render           | Video append frame 793
03:30.349  render           | Time: 00:00.28 (Saving: 00:00.00)
03:30.349  render           | Rendering frame 794
03:30.349  render           | Start rendering: MORI_Assembly_Animation, 视图层
03:30.349  render           | Engine: EEVEE
03:30.408  render           | Fra: 794 | Rendering 1 / 32 samples
03:30.578  render           | Fra: 794 | Rendering 25 / 32 samples
03:30.627  render           | Fra: 794 | Rendering 32 / 32 samples
03:30.640  render           | Video append frame 794
03:30.640  render           | Time: 00:00.29 (Saving: 00:00.00)
03:30.640  render           | Rendering frame 795
03:30.640  render           | Start rendering: MORI_Assembly_Animation, 视图层
03:30.640  render           | Engine: EEVEE
03:30.701  render           | Fra: 795 | Rendering 1 / 32 samples
03:30.867  render           | Fra: 795 | Rendering 25 / 32 samples
03:30.914  render           | Fra: 795 | Rendering 32 / 32 samples
03:30.924  render           | Video append frame 795
03:30.924  render           | Time: 00:00.28 (Saving: 00:00.00)
03:30.924  render           | Rendering frame 796
03:30.925  render           | Start rendering: MORI_Assembly_Animation, 视图层
03:30.925  render           | Engine: EEVEE
03:30.978  render           | Fra: 796 | Rendering 1 / 32 samples
03:31.137  render           | Fra: 796 | Rendering 25 / 32 samples
03:31.183  render           | Fra: 796 | Rendering 32 / 32 samples
03:31.192  render           | Video append frame 796
03:31.192  render           | Time: 00:00.26 (Saving: 00:00.00)
03:31.192  render           | Rendering frame 797
03:31.192  render           | Start rendering: MORI_Assembly_Animation, 视图层
03:31.192  render           | Engine: EEVEE
03:31.244  render           | Fra: 797 | Rendering 1 / 32 samples
03:31.402  render           | Fra: 797 | Rendering 25 / 32 samples
03:31.448  render           | Fra: 797 | Rendering 32 / 32 samples
03:31.458  render           | Video append frame 797
03:31.458  render           | Time: 00:00.26 (Saving: 00:00.00)
03:31.458  render           | Rendering frame 798
03:31.458  render           | Start rendering: MORI_Assembly_Animation, 视图层
03:31.458  render           | Engine: EEVEE
03:31.508  render           | Fra: 798 | Rendering 1 / 32 samples
03:31.666  render           | Fra: 798 | Rendering 25 / 32 samples
03:31.711  render           | Fra: 798 | Rendering 32 / 32 samples
03:31.721  render           | Video append frame 798
03:31.721  render           | Time: 00:00.26 (Saving: 00:00.00)
03:31.721  render           | Rendering frame 799
03:31.722  render           | Start rendering: MORI_Assembly_Animation, 视图层
03:31.722  render           | Engine: EEVEE
03:31.770  render           | Fra: 799 | Rendering 1 / 32 samples
03:31.929  render           | Fra: 799 | Rendering 25 / 32 samples
03:31.975  render           | Fra: 799 | Rendering 32 / 32 samples
03:31.985  render           | Video append frame 799
03:31.985  render           | Time: 00:00.26 (Saving: 00:00.00)
03:31.985  render           | Rendering frame 800
03:31.985  render           | Start rendering: MORI_Assembly_Animation, 视图层
03:31.985  render           | Engine: EEVEE
03:32.034  render           | Fra: 800 | Rendering 1 / 32 samples
03:32.192  render           | Fra: 800 | Rendering 25 / 32 samples
03:32.239  render           | Fra: 800 | Rendering 32 / 32 samples
03:32.250  render           | Video append frame 800
03:32.250  render           | Time: 00:00.26 (Saving: 00:00.00)
03:32.250  render           | Rendering frame 801
03:32.250  render           | Start rendering: MORI_Assembly_Animation, 视图层
03:32.250  render           | Engine: EEVEE
03:32.299  render           | Fra: 801 | Rendering 1 / 32 samples
03:32.457  render           | Fra: 801 | Rendering 25 / 32 samples
03:32.503  render           | Fra: 801 | Rendering 32 / 32 samples
03:32.513  render           | Video append frame 801
03:32.513  render           | Time: 00:00.26 (Saving: 00:00.00)
03:32.513  render           | Rendering frame 802
03:32.513  render           | Start rendering: MORI_Assembly_Animation, 视图层
03:32.513  render           | Engine: EEVEE
03:32.574  render           | Fra: 802 | Rendering 1 / 32 samples
03:32.735  render           | Fra: 802 | Rendering 25 / 32 samples
03:32.782  render           | Fra: 802 | Rendering 32 / 32 samples
03:32.819  render           | Video append frame 802
03:32.819  render           | Time: 00:00.30 (Saving: 00:00.03)
03:32.819  render           | Rendering frame 803
03:32.819  render           | Start rendering: MORI_Assembly_Animation, 视图层
03:32.819  render           | Engine: EEVEE
03:32.871  render           | Fra: 803 | Rendering 1 / 32 samples
03:33.033  render           | Fra: 803 | Rendering 25 / 32 samples
03:33.081  render           | Fra: 803 | Rendering 32 / 32 samples
03:33.110  render           | Video append frame 803
03:33.110  render           | Time: 00:00.29 (Saving: 00:00.01)
03:33.110  render           | Rendering frame 804
03:33.110  render           | Start rendering: MORI_Assembly_Animation, 视图层
03:33.110  render           | Engine: EEVEE
03:33.163  render           | Fra: 804 | Rendering 1 / 32 samples
03:33.326  render           | Fra: 804 | Rendering 25 / 32 samples
03:33.373  render           | Fra: 804 | Rendering 32 / 32 samples
03:33.395  render           | Video append frame 804
03:33.395  render           | Time: 00:00.28 (Saving: 00:00.01)
03:33.395  render           | Rendering frame 805
03:33.395  render           | Start rendering: MORI_Assembly_Animation, 视图层
03:33.395  render           | Engine: EEVEE
03:33.447  render           | Fra: 805 | Rendering 1 / 32 samples
03:33.615  render           | Fra: 805 | Rendering 25 / 32 samples
03:33.663  render           | Fra: 805 | Rendering 32 / 32 samples
03:33.675  render           | Video append frame 805
03:33.675  render           | Time: 00:00.27 (Saving: 00:00.00)
03:33.675  render           | Rendering frame 806
03:33.675  render           | Start rendering: MORI_Assembly_Animation, 视图层
03:33.675  render           | Engine: EEVEE
03:33.730  render           | Fra: 806 | Rendering 1 / 32 samples
03:33.897  render           | Fra: 806 | Rendering 25 / 32 samples
03:33.948  render           | Fra: 806 | Rendering 32 / 32 samples
03:33.958  render           | Video append frame 806
03:33.958  render           | Time: 00:00.28 (Saving: 00:00.00)
03:33.958  render           | Rendering frame 807
03:33.958  render           | Start rendering: MORI_Assembly_Animation, 视图层
03:33.958  render           | Engine: EEVEE
03:34.014  render           | Fra: 807 | Rendering 1 / 32 samples
03:34.181  render           | Fra: 807 | Rendering 25 / 32 samples
03:34.229  render           | Fra: 807 | Rendering 32 / 32 samples
03:34.239  render           | Video append frame 807
03:34.239  render           | Time: 00:00.28 (Saving: 00:00.00)
03:34.239  render           | Rendering frame 808
03:34.240  render           | Start rendering: MORI_Assembly_Animation, 视图层
03:34.240  render           | Engine: EEVEE
03:34.298  render           | Fra: 808 | Rendering 1 / 32 samples
03:34.464  render           | Fra: 808 | Rendering 25 / 32 samples
03:34.513  render           | Fra: 808 | Rendering 32 / 32 samples
03:34.526  render           | Video append frame 808
03:34.526  render           | Time: 00:00.28 (Saving: 00:00.00)
03:34.526  render           | Rendering frame 809
03:34.526  render           | Start rendering: MORI_Assembly_Animation, 视图层
03:34.526  render           | Engine: EEVEE
03:34.581  render           | Fra: 809 | Rendering 1 / 32 samples
03:34.748  render           | Fra: 809 | Rendering 25 / 32 samples
03:34.796  render           | Fra: 809 | Rendering 32 / 32 samples
03:34.806  render           | Video append frame 809
03:34.806  render           | Time: 00:00.28 (Saving: 00:00.00)
03:34.806  render           | Rendering frame 810
03:34.806  render           | Start rendering: MORI_Assembly_Animation, 视图层
03:34.806  render           | Engine: EEVEE
03:34.864  render           | Fra: 810 | Rendering 1 / 32 samples
03:35.030  render           | Fra: 810 | Rendering 25 / 32 samples
03:35.077  render           | Fra: 810 | Rendering 32 / 32 samples
03:35.088  render           | Video append frame 810
03:35.088  render           | Time: 00:00.28 (Saving: 00:00.00)
03:35.088  render           | Rendering frame 811
03:35.088  render           | Start rendering: MORI_Assembly_Animation, 视图层
03:35.088  render           | Engine: EEVEE
03:35.151  render           | Fra: 811 | Rendering 1 / 32 samples
03:35.320  render           | Fra: 811 | Rendering 25 / 32 samples
03:35.366  render           | Fra: 811 | Rendering 32 / 32 samples
03:35.376  render           | Video append frame 811
03:35.376  render           | Time: 00:00.28 (Saving: 00:00.00)
03:35.376  render           | Rendering frame 812
03:35.376  render           | Start rendering: MORI_Assembly_Animation, 视图层
03:35.376  render           | Engine: EEVEE
03:35.429  render           | Fra: 812 | Rendering 1 / 32 samples
03:35.588  render           | Fra: 812 | Rendering 25 / 32 samples
03:35.635  render           | Fra: 812 | Rendering 32 / 32 samples
03:35.644  render           | Video append frame 812
03:35.644  render           | Time: 00:00.26 (Saving: 00:00.00)
03:35.644  render           | Rendering frame 813
03:35.644  render           | Start rendering: MORI_Assembly_Animation, 视图层
03:35.644  render           | Engine: EEVEE
03:35.698  render           | Fra: 813 | Rendering 1 / 32 samples
03:35.857  render           | Fra: 813 | Rendering 25 / 32 samples
03:35.904  render           | Fra: 813 | Rendering 32 / 32 samples
03:35.913  render           | Video append frame 813
03:35.913  render           | Time: 00:00.26 (Saving: 00:00.00)
03:35.913  render           | Rendering frame 814
03:35.913  render           | Start rendering: MORI_Assembly_Animation, 视图层
03:35.913  render           | Engine: EEVEE
03:35.963  render           | Fra: 814 | Rendering 1 / 32 samples
03:36.122  render           | Fra: 814 | Rendering 25 / 32 samples
03:36.168  render           | Fra: 814 | Rendering 32 / 32 samples
03:36.178  render           | Video append frame 814
03:36.178  render           | Time: 00:00.26 (Saving: 00:00.00)
03:36.178  render           | Rendering frame 815
03:36.178  render           | Start rendering: MORI_Assembly_Animation, 视图层
03:36.178  render           | Engine: EEVEE
03:36.230  render           | Fra: 815 | Rendering 1 / 32 samples
03:36.388  render           | Fra: 815 | Rendering 25 / 32 samples
03:36.433  render           | Fra: 815 | Rendering 32 / 32 samples
03:36.443  render           | Video append frame 815
03:36.443  render           | Time: 00:00.26 (Saving: 00:00.00)
03:36.443  render           | Rendering frame 816
03:36.443  render           | Start rendering: MORI_Assembly_Animation, 视图层
03:36.443  render           | Engine: EEVEE
03:36.502  render           | Fra: 816 | Rendering 1 / 32 samples
03:36.660  render           | Fra: 816 | Rendering 25 / 32 samples
03:36.706  render           | Fra: 816 | Rendering 32 / 32 samples
03:36.715  render           | Video append frame 816
03:36.715  render           | Time: 00:00.27 (Saving: 00:00.00)
03:36.715  render           | Rendering frame 817
03:36.716  render           | Start rendering: MORI_Assembly_Animation, 视图层
03:36.716  render           | Engine: EEVEE
03:36.769  render           | Fra: 817 | Rendering 1 / 32 samples
03:36.928  render           | Fra: 817 | Rendering 25 / 32 samples
03:36.974  render           | Fra: 817 | Rendering 32 / 32 samples
03:36.984  render           | Video append frame 817
03:36.984  render           | Time: 00:00.26 (Saving: 00:00.00)
03:36.984  render           | Rendering frame 818
03:36.984  render           | Start rendering: MORI_Assembly_Animation, 视图层
03:36.984  render           | Engine: EEVEE
03:37.034  render           | Fra: 818 | Rendering 1 / 32 samples
03:37.193  render           | Fra: 818 | Rendering 25 / 32 samples
03:37.239  render           | Fra: 818 | Rendering 32 / 32 samples
03:37.276  render           | Video append frame 818
03:37.276  render           | Time: 00:00.29 (Saving: 00:00.02)
03:37.276  render           | Rendering frame 819
03:37.277  render           | Start rendering: MORI_Assembly_Animation, 视图层
03:37.277  render           | Engine: EEVEE
03:37.326  render           | Fra: 819 | Rendering 1 / 32 samples
03:37.487  render           | Fra: 819 | Rendering 25 / 32 samples
03:37.534  render           | Fra: 819 | Rendering 32 / 32 samples
03:37.566  render           | Video append frame 819
03:37.566  render           | Time: 00:00.28 (Saving: 00:00.02)
03:37.566  render           | Rendering frame 820
03:37.566  render           | Start rendering: MORI_Assembly_Animation, 视图层
03:37.566  render           | Engine: EEVEE
03:37.617  render           | Fra: 820 | Rendering 1 / 32 samples
03:37.780  render           | Fra: 820 | Rendering 25 / 32 samples
03:37.828  render           | Fra: 820 | Rendering 32 / 32 samples
03:37.857  render           | Video append frame 820
03:37.857  render           | Time: 00:00.29 (Saving: 00:00.02)
03:37.857  render           | Rendering frame 821
03:37.857  render           | Start rendering: MORI_Assembly_Animation, 视图层
03:37.857  render           | Engine: EEVEE
03:37.909  render           | Fra: 821 | Rendering 1 / 32 samples
03:38.073  render           | Fra: 821 | Rendering 25 / 32 samples
03:38.120  render           | Fra: 821 | Rendering 32 / 32 samples
03:38.142  render           | Video append frame 821
03:38.142  render           | Time: 00:00.28 (Saving: 00:00.01)
03:38.142  render           | Rendering frame 822
03:38.142  render           | Start rendering: MORI_Assembly_Animation, 视图层
03:38.142  render           | Engine: EEVEE
03:38.196  render           | Fra: 822 | Rendering 1 / 32 samples
03:38.358  render           | Fra: 822 | Rendering 25 / 32 samples
03:38.405  render           | Fra: 822 | Rendering 32 / 32 samples
03:38.443  render           | Video append frame 822
03:38.444  render           | Time: 00:00.30 (Saving: 00:00.02)
03:38.444  render           | Rendering frame 823
03:38.444  render           | Start rendering: MORI_Assembly_Animation, 视图层
03:38.444  render           | Engine: EEVEE
03:38.497  render           | Fra: 823 | Rendering 1 / 32 samples
03:38.660  render           | Fra: 823 | Rendering 25 / 32 samples
03:38.708  render           | Fra: 823 | Rendering 32 / 32 samples
03:38.726  render           | Video append frame 823
03:38.726  render           | Time: 00:00.28 (Saving: 00:00.01)
03:38.726  render           | Rendering frame 824
03:38.726  render           | Start rendering: MORI_Assembly_Animation, 视图层
03:38.726  render           | Engine: EEVEE
03:38.780  render           | Fra: 824 | Rendering 1 / 32 samples
03:38.944  render           | Fra: 824 | Rendering 25 / 32 samples
03:38.991  render           | Fra: 824 | Rendering 32 / 32 samples
03:39.021  render           | Video append frame 824
03:39.021  render           | Time: 00:00.29 (Saving: 00:00.02)
03:39.021  render           | Rendering frame 825
03:39.021  render           | Start rendering: MORI_Assembly_Animation, 视图层
03:39.021  render           | Engine: EEVEE
03:39.073  render           | Fra: 825 | Rendering 1 / 32 samples
03:39.235  render           | Fra: 825 | Rendering 25 / 32 samples
03:39.282  render           | Fra: 825 | Rendering 32 / 32 samples
03:39.312  render           | Video append frame 825
03:39.312  render           | Time: 00:00.29 (Saving: 00:00.02)
03:39.312  render           | Rendering frame 826
03:39.312  render           | Start rendering: MORI_Assembly_Animation, 视图层
03:39.312  render           | Engine: EEVEE
03:39.364  render           | Fra: 826 | Rendering 1 / 32 samples
03:39.527  render           | Fra: 826 | Rendering 25 / 32 samples
03:39.575  render           | Fra: 826 | Rendering 32 / 32 samples
03:39.599  render           | Video append frame 826
03:39.599  render           | Time: 00:00.28 (Saving: 00:00.01)
03:39.599  render           | Rendering frame 827
03:39.599  render           | Start rendering: MORI_Assembly_Animation, 视图层
03:39.599  render           | Engine: EEVEE
03:39.650  render           | Fra: 827 | Rendering 1 / 32 samples
03:39.813  render           | Fra: 827 | Rendering 25 / 32 samples
03:39.861  render           | Fra: 827 | Rendering 32 / 32 samples
03:39.882  render           | Video append frame 827
03:39.882  render           | Time: 00:00.28 (Saving: 00:00.01)
03:39.882  render           | Rendering frame 828
03:39.882  render           | Start rendering: MORI_Assembly_Animation, 视图层
03:39.882  render           | Engine: EEVEE
03:39.934  render           | Fra: 828 | Rendering 1 / 32 samples
03:40.098  render           | Fra: 828 | Rendering 25 / 32 samples
03:40.146  render           | Fra: 828 | Rendering 32 / 32 samples
03:40.171  render           | Video append frame 828
03:40.171  render           | Time: 00:00.28 (Saving: 00:00.02)
03:40.171  render           | Rendering frame 829
03:40.171  render           | Start rendering: MORI_Assembly_Animation, 视图层
03:40.171  render           | Engine: EEVEE
03:40.242  render           | Fra: 829 | Rendering 1 / 32 samples
03:40.407  render           | Fra: 829 | Rendering 25 / 32 samples
03:40.455  render           | Fra: 829 | Rendering 32 / 32 samples
03:40.481  render           | Video append frame 829
03:40.481  render           | Time: 00:00.30 (Saving: 00:00.02)
03:40.481  render           | Rendering frame 830
03:40.481  render           | Start rendering: MORI_Assembly_Animation, 视图层
03:40.481  render           | Engine: EEVEE
03:40.533  render           | Fra: 830 | Rendering 1 / 32 samples
03:40.697  render           | Fra: 830 | Rendering 25 / 32 samples
03:40.745  render           | Fra: 830 | Rendering 32 / 32 samples
03:40.778  render           | Video append frame 830
03:40.778  render           | Time: 00:00.29 (Saving: 00:00.02)
03:40.778  render           | Rendering frame 831
03:40.778  render           | Start rendering: MORI_Assembly_Animation, 视图层
03:40.778  render           | Engine: EEVEE
03:40.833  render           | Fra: 831 | Rendering 1 / 32 samples
03:40.998  render           | Fra: 831 | Rendering 25 / 32 samples
03:41.046  render           | Fra: 831 | Rendering 32 / 32 samples
03:41.069  render           | Video append frame 831
03:41.069  render           | Time: 00:00.29 (Saving: 00:00.01)
03:41.069  render           | Rendering frame 832
03:41.069  render           | Start rendering: MORI_Assembly_Animation, 视图层
03:41.069  render           | Engine: EEVEE
03:41.124  render           | Fra: 832 | Rendering 1 / 32 samples
03:41.290  render           | Fra: 832 | Rendering 25 / 32 samples
03:41.338  render           | Fra: 832 | Rendering 32 / 32 samples
03:41.371  render           | Video append frame 832
03:41.371  render           | Time: 00:00.30 (Saving: 00:00.02)
03:41.371  render           | Rendering frame 833
03:41.371  render           | Start rendering: MORI_Assembly_Animation, 视图层
03:41.371  render           | Engine: EEVEE
03:41.427  render           | Fra: 833 | Rendering 1 / 32 samples
03:41.592  render           | Fra: 833 | Rendering 25 / 32 samples
03:41.640  render           | Fra: 833 | Rendering 32 / 32 samples
03:41.683  render           | Video append frame 833
03:41.683  render           | Time: 00:00.31 (Saving: 00:00.03)
03:41.683  render           | Rendering frame 834
03:41.683  render           | Start rendering: MORI_Assembly_Animation, 视图层
03:41.683  render           | Engine: EEVEE
03:41.738  render           | Fra: 834 | Rendering 1 / 32 samples
03:41.901  render           | Fra: 834 | Rendering 25 / 32 samples
03:41.949  render           | Fra: 834 | Rendering 32 / 32 samples
03:41.989  render           | Video append frame 834
03:41.989  render           | Time: 00:00.30 (Saving: 00:00.03)
03:41.989  render           | Rendering frame 835
03:41.989  render           | Start rendering: MORI_Assembly_Animation, 视图层
03:41.989  render           | Engine: EEVEE
03:42.044  render           | Fra: 835 | Rendering 1 / 32 samples
03:42.209  render           | Fra: 835 | Rendering 25 / 32 samples
03:42.256  render           | Fra: 835 | Rendering 32 / 32 samples
03:42.285  render           | Video append frame 835
03:42.285  render           | Time: 00:00.29 (Saving: 00:00.02)
03:42.285  render           | Rendering frame 836
03:42.285  render           | Start rendering: MORI_Assembly_Animation, 视图层
03:42.285  render           | Engine: EEVEE
03:42.338  render           | Fra: 836 | Rendering 1 / 32 samples
03:42.502  render           | Fra: 836 | Rendering 25 / 32 samples
03:42.550  render           | Fra: 836 | Rendering 32 / 32 samples
03:42.574  render           | Video append frame 836
03:42.574  render           | Time: 00:00.28 (Saving: 00:00.01)
03:42.574  render           | Rendering frame 837
03:42.574  render           | Start rendering: MORI_Assembly_Animation, 视图层
03:42.574  render           | Engine: EEVEE
03:42.631  render           | Fra: 837 | Rendering 1 / 32 samples
03:42.794  render           | Fra: 837 | Rendering 25 / 32 samples
03:42.842  render           | Fra: 837 | Rendering 32 / 32 samples
03:42.869  render           | Video append frame 837
03:42.869  render           | Time: 00:00.29 (Saving: 00:00.02)
03:42.869  render           | Rendering frame 838
03:42.869  render           | Start rendering: MORI_Assembly_Animation, 视图层
03:42.869  render           | Engine: EEVEE
03:42.921  render           | Fra: 838 | Rendering 1 / 32 samples
03:43.087  render           | Fra: 838 | Rendering 25 / 32 samples
03:43.136  render           | Fra: 838 | Rendering 32 / 32 samples
03:43.169  render           | Video append frame 838
03:43.169  render           | Time: 00:00.29 (Saving: 00:00.02)
03:43.169  render           | Rendering frame 839
03:43.169  render           | Start rendering: MORI_Assembly_Animation, 视图层
03:43.169  render           | Engine: EEVEE
03:43.222  render           | Fra: 839 | Rendering 1 / 32 samples
03:43.387  render           | Fra: 839 | Rendering 25 / 32 samples
03:43.435  render           | Fra: 839 | Rendering 32 / 32 samples
03:43.476  render           | Video append frame 839
03:43.476  render           | Time: 00:00.30 (Saving: 00:00.03)
03:43.476  render           | Rendering frame 840
03:43.476  render           | Start rendering: MORI_Assembly_Animation, 视图层
03:43.476  render           | Engine: EEVEE
03:43.529  render           | Fra: 840 | Rendering 1 / 32 samples
03:43.693  render           | Fra: 840 | Rendering 25 / 32 samples
03:43.740  render           | Fra: 840 | Rendering 32 / 32 samples
03:43.757  render           | Video append frame 840
03:43.757  render           | Time: 00:00.28 (Saving: 00:00.01)
03:43.757  render           | Rendering frame 841
03:43.758  render           | Start rendering: MORI_Assembly_Animation, 视图层
03:43.758  render           | Engine: EEVEE
03:43.810  render           | Fra: 841 | Rendering 1 / 32 samples
03:43.975  render           | Fra: 841 | Rendering 25 / 32 samples
03:44.022  render           | Fra: 841 | Rendering 32 / 32 samples
03:44.053  render           | Video append frame 841
03:44.053  render           | Time: 00:00.29 (Saving: 00:00.02)
03:44.053  render           | Rendering frame 842
03:44.053  render           | Start rendering: MORI_Assembly_Animation, 视图层
03:44.053  render           | Engine: EEVEE
03:44.106  render           | Fra: 842 | Rendering 1 / 32 samples
03:44.271  render           | Fra: 842 | Rendering 25 / 32 samples
03:44.318  render           | Fra: 842 | Rendering 32 / 32 samples
03:44.358  render           | Video append frame 842
03:44.358  render           | Time: 00:00.30 (Saving: 00:00.03)
03:44.358  render           | Rendering frame 843
03:44.358  render           | Start rendering: MORI_Assembly_Animation, 视图层
03:44.358  render           | Engine: EEVEE
03:44.412  render           | Fra: 843 | Rendering 1 / 32 samples
03:44.575  render           | Fra: 843 | Rendering 25 / 32 samples
03:44.624  render           | Fra: 843 | Rendering 32 / 32 samples
03:44.652  render           | Video append frame 843
03:44.652  render           | Time: 00:00.29 (Saving: 00:00.02)
03:44.652  render           | Rendering frame 844
03:44.652  render           | Start rendering: MORI_Assembly_Animation, 视图层
03:44.652  render           | Engine: EEVEE
03:44.705  render           | Fra: 844 | Rendering 1 / 32 samples
03:44.870  render           | Fra: 844 | Rendering 25 / 32 samples
03:44.917  render           | Fra: 844 | Rendering 32 / 32 samples
03:44.943  render           | Video append frame 844
03:44.943  render           | Time: 00:00.29 (Saving: 00:00.02)
03:44.943  render           | Rendering frame 845
03:44.943  render           | Start rendering: MORI_Assembly_Animation, 视图层
03:44.943  render           | Engine: EEVEE
03:44.998  render           | Fra: 845 | Rendering 1 / 32 samples
03:45.162  render           | Fra: 845 | Rendering 25 / 32 samples
03:45.210  render           | Fra: 845 | Rendering 32 / 32 samples
03:45.240  render           | Video append frame 845
03:45.240  render           | Time: 00:00.29 (Saving: 00:00.02)
03:45.240  render           | Rendering frame 846
03:45.241  render           | Start rendering: MORI_Assembly_Animation, 视图层
03:45.241  render           | Engine: EEVEE
03:45.296  render           | Fra: 846 | Rendering 1 / 32 samples
03:45.463  render           | Fra: 846 | Rendering 25 / 32 samples
03:45.511  render           | Fra: 846 | Rendering 32 / 32 samples
03:45.542  render           | Video append frame 846
03:45.542  render           | Time: 00:00.30 (Saving: 00:00.02)
03:45.542  render           | Rendering frame 847
03:45.542  render           | Start rendering: MORI_Assembly_Animation, 视图层
03:45.542  render           | Engine: EEVEE
03:45.596  render           | Fra: 847 | Rendering 1 / 32 samples
03:45.763  render           | Fra: 847 | Rendering 25 / 32 samples
03:45.812  render           | Fra: 847 | Rendering 32 / 32 samples
03:45.825  render           | Video append frame 847
03:45.825  render           | Time: 00:00.28 (Saving: 00:00.00)
03:45.825  render           | Rendering frame 848
03:45.825  render           | Start rendering: MORI_Assembly_Animation, 视图层
03:45.825  render           | Engine: EEVEE
03:45.884  render           | Fra: 848 | Rendering 1 / 32 samples
03:46.051  render           | Fra: 848 | Rendering 25 / 32 samples
03:46.101  render           | Fra: 848 | Rendering 32 / 32 samples
03:46.111  render           | Video append frame 848
03:46.111  render           | Time: 00:00.28 (Saving: 00:00.00)
03:46.111  render           | Rendering frame 849
03:46.111  render           | Start rendering: MORI_Assembly_Animation, 视图层
03:46.111  render           | Engine: EEVEE
03:46.167  render           | Fra: 849 | Rendering 1 / 32 samples
03:46.337  render           | Fra: 849 | Rendering 25 / 32 samples
03:46.385  render           | Fra: 849 | Rendering 32 / 32 samples
03:46.396  render           | Video append frame 849
03:46.396  render           | Time: 00:00.28 (Saving: 00:00.00)
03:46.396  render           | Rendering frame 850
03:46.396  render           | Start rendering: MORI_Assembly_Animation, 视图层
03:46.396  render           | Engine: EEVEE
03:46.457  render           | Fra: 850 | Rendering 1 / 32 samples
03:46.624  render           | Fra: 850 | Rendering 25 / 32 samples
03:46.674  render           | Fra: 850 | Rendering 32 / 32 samples
03:46.687  render           | Video append frame 850
03:46.687  render           | Time: 00:00.29 (Saving: 00:00.00)
03:46.687  render           | Rendering frame 851
03:46.687  render           | Start rendering: MORI_Assembly_Animation, 视图层
03:46.687  render           | Engine: EEVEE
03:46.741  render           | Fra: 851 | Rendering 1 / 32 samples
03:46.912  render           | Fra: 851 | Rendering 25 / 32 samples
03:46.960  render           | Fra: 851 | Rendering 32 / 32 samples
03:46.971  render           | Video append frame 851
03:46.971  render           | Time: 00:00.28 (Saving: 00:00.00)
03:46.971  render           | Rendering frame 852
03:46.971  render           | Start rendering: MORI_Assembly_Animation, 视图层
03:46.971  render           | Engine: EEVEE
03:47.033  render           | Fra: 852 | Rendering 1 / 32 samples
03:47.201  render           | Fra: 852 | Rendering 25 / 32 samples
03:47.249  render           | Fra: 852 | Rendering 32 / 32 samples
03:47.259  render           | Video append frame 852
03:47.260  render           | Time: 00:00.28 (Saving: 00:00.00)
03:47.260  render           | Rendering frame 853
03:47.260  render           | Start rendering: MORI_Assembly_Animation, 视图层
03:47.260  render           | Engine: EEVEE
03:47.319  render           | Fra: 853 | Rendering 1 / 32 samples
03:47.489  render           | Fra: 853 | Rendering 25 / 32 samples
03:47.538  render           | Fra: 853 | Rendering 32 / 32 samples
03:47.548  render           | Video append frame 853
03:47.548  render           | Time: 00:00.28 (Saving: 00:00.00)
03:47.548  render           | Rendering frame 854
03:47.548  render           | Start rendering: MORI_Assembly_Animation, 视图层
03:47.548  render           | Engine: EEVEE
03:47.608  render           | Fra: 854 | Rendering 1 / 32 samples
03:47.772  render           | Fra: 854 | Rendering 25 / 32 samples
03:47.819  render           | Fra: 854 | Rendering 32 / 32 samples
03:47.828  render           | Video append frame 854
03:47.828  render           | Time: 00:00.28 (Saving: 00:00.00)
03:47.828  render           | Rendering frame 855
03:47.829  render           | Start rendering: MORI_Assembly_Animation, 视图层
03:47.829  render           | Engine: EEVEE
03:47.884  render           | Fra: 855 | Rendering 1 / 32 samples
03:48.044  render           | Fra: 855 | Rendering 25 / 32 samples
03:48.090  render           | Fra: 855 | Rendering 32 / 32 samples
03:48.099  render           | Video append frame 855
03:48.099  render           | Time: 00:00.27 (Saving: 00:00.00)
03:48.099  render           | Rendering frame 856
03:48.099  render           | Start rendering: MORI_Assembly_Animation, 视图层
03:48.099  render           | Engine: EEVEE
03:48.153  render           | Fra: 856 | Rendering 1 / 32 samples
03:48.314  render           | Fra: 856 | Rendering 25 / 32 samples
03:48.361  render           | Fra: 856 | Rendering 32 / 32 samples
03:48.371  render           | Video append frame 856
03:48.371  render           | Time: 00:00.27 (Saving: 00:00.00)
03:48.371  render           | Rendering frame 857
03:48.371  render           | Start rendering: MORI_Assembly_Animation, 视图层
03:48.371  render           | Engine: EEVEE
03:48.427  render           | Fra: 857 | Rendering 1 / 32 samples
03:48.586  render           | Fra: 857 | Rendering 25 / 32 samples
03:48.632  render           | Fra: 857 | Rendering 32 / 32 samples
03:48.641  render           | Video append frame 857
03:48.641  render           | Time: 00:00.27 (Saving: 00:00.00)
03:48.641  render           | Rendering frame 858
03:48.641  render           | Start rendering: MORI_Assembly_Animation, 视图层
03:48.641  render           | Engine: EEVEE
03:48.692  render           | Fra: 858 | Rendering 1 / 32 samples
03:48.851  render           | Fra: 858 | Rendering 25 / 32 samples
03:48.897  render           | Fra: 858 | Rendering 32 / 32 samples
03:48.906  render           | Video append frame 858
03:48.906  render           | Time: 00:00.26 (Saving: 00:00.00)
03:48.906  render           | Rendering frame 859
03:48.906  render           | Start rendering: MORI_Assembly_Animation, 视图层
03:48.906  render           | Engine: EEVEE
03:48.966  render           | Fra: 859 | Rendering 1 / 32 samples
03:49.125  render           | Fra: 859 | Rendering 25 / 32 samples
03:49.171  render           | Fra: 859 | Rendering 32 / 32 samples
03:49.181  render           | Video append frame 859
03:49.181  render           | Time: 00:00.27 (Saving: 00:00.00)
03:49.181  render           | Rendering frame 860
03:49.181  render           | Start rendering: MORI_Assembly_Animation, 视图层
03:49.181  render           | Engine: EEVEE
03:49.231  render           | Fra: 860 | Rendering 1 / 32 samples
03:49.389  render           | Fra: 860 | Rendering 25 / 32 samples
03:49.435  render           | Fra: 860 | Rendering 32 / 32 samples
03:49.445  render           | Video append frame 860
03:49.445  render           | Time: 00:00.26 (Saving: 00:00.00)
03:49.445  render           | Rendering frame 861
03:49.445  render           | Start rendering: MORI_Assembly_Animation, 视图层
03:49.445  render           | Engine: EEVEE
03:49.496  render           | Fra: 861 | Rendering 1 / 32 samples
03:49.656  render           | Fra: 861 | Rendering 25 / 32 samples
03:49.703  render           | Fra: 861 | Rendering 32 / 32 samples
03:49.722  render           | Video append frame 861
03:49.722  render           | Time: 00:00.27 (Saving: 00:00.01)
03:49.722  render           | Rendering frame 862
03:49.722  render           | Start rendering: MORI_Assembly_Animation, 视图层
03:49.722  render           | Engine: EEVEE
03:49.771  render           | Fra: 862 | Rendering 1 / 32 samples
03:49.934  render           | Fra: 862 | Rendering 25 / 32 samples
03:49.981  render           | Fra: 862 | Rendering 32 / 32 samples
03:50.007  render           | Video append frame 862
03:50.007  render           | Time: 00:00.28 (Saving: 00:00.02)
03:50.007  render           | Rendering frame 863
03:50.007  render           | Start rendering: MORI_Assembly_Animation, 视图层
03:50.007  render           | Engine: EEVEE
03:50.059  render           | Fra: 863 | Rendering 1 / 32 samples
03:50.223  render           | Fra: 863 | Rendering 25 / 32 samples
03:50.271  render           | Fra: 863 | Rendering 32 / 32 samples
03:50.308  render           | Video append frame 863
03:50.308  render           | Time: 00:00.30 (Saving: 00:00.02)
03:50.308  render           | Rendering frame 864
03:50.308  render           | Start rendering: MORI_Assembly_Animation, 视图层
03:50.308  render           | Engine: EEVEE
03:50.358  render           | Fra: 864 | Rendering 1 / 32 samples
03:50.526  render           | Fra: 864 | Rendering 25 / 32 samples
03:50.574  render           | Fra: 864 | Rendering 32 / 32 samples
03:50.584  render           | Video append frame 864
03:50.584  render           | Time: 00:00.27 (Saving: 00:00.00)
03:50.584  render           | Rendering frame 865
03:50.584  render           | Start rendering: MORI_Assembly_Animation, 视图层
03:50.584  render           | Engine: EEVEE
03:50.651  render           | Fra: 865 | Rendering 1 / 32 samples
03:50.821  render           | Fra: 865 | Rendering 25 / 32 samples
03:50.872  render           | Fra: 865 | Rendering 32 / 32 samples
03:50.882  render           | Video append frame 865
03:50.882  render           | Time: 00:00.29 (Saving: 00:00.00)
03:50.882  render           | Rendering frame 866
03:50.882  render           | Start rendering: MORI_Assembly_Animation, 视图层
03:50.882  render           | Engine: EEVEE
03:50.939  render           | Fra: 866 | Rendering 1 / 32 samples
03:51.106  render           | Fra: 866 | Rendering 25 / 32 samples
03:51.154  render           | Fra: 866 | Rendering 32 / 32 samples
03:51.164  render           | Video append frame 866
03:51.165  render           | Time: 00:00.28 (Saving: 00:00.00)
03:51.165  render           | Rendering frame 867
03:51.165  render           | Start rendering: MORI_Assembly_Animation, 视图层
03:51.165  render           | Engine: EEVEE
03:51.220  render           | Fra: 867 | Rendering 1 / 32 samples
03:51.388  render           | Fra: 867 | Rendering 25 / 32 samples
03:51.440  render           | Fra: 867 | Rendering 32 / 32 samples
03:51.450  render           | Video append frame 867
03:51.450  render           | Time: 00:00.28 (Saving: 00:00.00)
03:51.450  render           | Rendering frame 868
03:51.450  render           | Start rendering: MORI_Assembly_Animation, 视图层
03:51.450  render           | Engine: EEVEE
03:51.508  render           | Fra: 868 | Rendering 1 / 32 samples
03:51.675  render           | Fra: 868 | Rendering 25 / 32 samples
03:51.723  render           | Fra: 868 | Rendering 32 / 32 samples
03:51.733  render           | Video append frame 868
03:51.734  render           | Time: 00:00.28 (Saving: 00:00.00)
03:51.734  render           | Rendering frame 869
03:51.734  render           | Start rendering: MORI_Assembly_Animation, 视图层
03:51.734  render           | Engine: EEVEE
03:51.789  render           | Fra: 869 | Rendering 1 / 32 samples
03:51.956  render           | Fra: 869 | Rendering 25 / 32 samples
03:52.007  render           | Fra: 869 | Rendering 32 / 32 samples
03:52.017  render           | Video append frame 869
03:52.017  render           | Time: 00:00.28 (Saving: 00:00.00)
03:52.017  render           | Rendering frame 870
03:52.017  render           | Start rendering: MORI_Assembly_Animation, 视图层
03:52.017  render           | Engine: EEVEE
03:52.071  render           | Fra: 870 | Rendering 1 / 32 samples
03:52.236  render           | Fra: 870 | Rendering 25 / 32 samples
03:52.283  render           | Fra: 870 | Rendering 32 / 32 samples
03:52.292  render           | Video append frame 870
03:52.292  render           | Time: 00:00.27 (Saving: 00:00.00)
03:52.292  render           | Rendering frame 871
03:52.292  render           | Start rendering: MORI_Assembly_Animation, 视图层
03:52.292  render           | Engine: EEVEE
03:52.341  render           | Fra: 871 | Rendering 1 / 32 samples
03:52.500  render           | Fra: 871 | Rendering 25 / 32 samples
03:52.546  render           | Fra: 871 | Rendering 32 / 32 samples
03:52.556  render           | Video append frame 871
03:52.556  render           | Time: 00:00.26 (Saving: 00:00.00)
03:52.556  render           | Rendering frame 872
03:52.556  render           | Start rendering: MORI_Assembly_Animation, 视图层
03:52.556  render           | Engine: EEVEE
03:52.608  render           | Fra: 872 | Rendering 1 / 32 samples
03:52.767  render           | Fra: 872 | Rendering 25 / 32 samples
03:52.813  render           | Fra: 872 | Rendering 32 / 32 samples
03:52.822  render           | Video append frame 872
03:52.823  render           | Time: 00:00.26 (Saving: 00:00.00)
03:52.823  render           | Rendering frame 873
03:52.823  render           | Start rendering: MORI_Assembly_Animation, 视图层
03:52.823  render           | Engine: EEVEE
03:52.871  render           | Fra: 873 | Rendering 1 / 32 samples
03:53.030  render           | Fra: 873 | Rendering 25 / 32 samples
03:53.076  render           | Fra: 873 | Rendering 32 / 32 samples
03:53.085  render           | Video append frame 873
03:53.085  render           | Time: 00:00.26 (Saving: 00:00.00)
03:53.085  render           | Rendering frame 874
03:53.085  render           | Start rendering: MORI_Assembly_Animation, 视图层
03:53.085  render           | Engine: EEVEE
03:53.134  render           | Fra: 874 | Rendering 1 / 32 samples
03:53.293  render           | Fra: 874 | Rendering 25 / 32 samples
03:53.339  render           | Fra: 874 | Rendering 32 / 32 samples
03:53.349  render           | Video append frame 874
03:53.349  render           | Time: 00:00.26 (Saving: 00:00.00)
03:53.349  render           | Rendering frame 875
03:53.349  render           | Start rendering: MORI_Assembly_Animation, 视图层
03:53.349  render           | Engine: EEVEE
03:53.402  render           | Fra: 875 | Rendering 1 / 32 samples
03:53.562  render           | Fra: 875 | Rendering 25 / 32 samples
03:53.608  render           | Fra: 875 | Rendering 32 / 32 samples
03:53.618  render           | Video append frame 875
03:53.618  render           | Time: 00:00.26 (Saving: 00:00.00)
03:53.618  render           | Rendering frame 876
03:53.618  render           | Start rendering: MORI_Assembly_Animation, 视图层
03:53.618  render           | Engine: EEVEE
03:53.668  render           | Fra: 876 | Rendering 1 / 32 samples
03:53.828  render           | Fra: 876 | Rendering 25 / 32 samples
03:53.874  render           | Fra: 876 | Rendering 32 / 32 samples
03:53.883  render           | Video append frame 876
03:53.883  render           | Time: 00:00.26 (Saving: 00:00.00)
03:53.883  render           | Rendering frame 877
03:53.883  render           | Start rendering: MORI_Assembly_Animation, 视图层
03:53.883  render           | Engine: EEVEE
03:53.933  render           | Fra: 877 | Rendering 1 / 32 samples
03:54.093  render           | Fra: 877 | Rendering 25 / 32 samples
03:54.139  render           | Fra: 877 | Rendering 32 / 32 samples
03:54.172  render           | Video append frame 877
03:54.172  render           | Time: 00:00.28 (Saving: 00:00.02)
03:54.172  render           | Rendering frame 878
03:54.172  render           | Start rendering: MORI_Assembly_Animation, 视图层
03:54.172  render           | Engine: EEVEE
03:54.221  render           | Fra: 878 | Rendering 1 / 32 samples
03:54.385  render           | Fra: 878 | Rendering 25 / 32 samples
03:54.432  render           | Fra: 878 | Rendering 32 / 32 samples
03:54.458  render           | Video append frame 878
03:54.458  render           | Time: 00:00.28 (Saving: 00:00.02)
03:54.458  render           | Rendering frame 879
03:54.458  render           | Start rendering: MORI_Assembly_Animation, 视图层
03:54.458  render           | Engine: EEVEE
03:54.511  render           | Fra: 879 | Rendering 1 / 32 samples
03:54.675  render           | Fra: 879 | Rendering 25 / 32 samples
03:54.722  render           | Fra: 879 | Rendering 32 / 32 samples
03:54.759  render           | Video append frame 879
03:54.759  render           | Time: 00:00.30 (Saving: 00:00.02)
03:54.759  render           | Rendering frame 880
03:54.759  render           | Start rendering: MORI_Assembly_Animation, 视图层
03:54.759  render           | Engine: EEVEE
03:54.814  render           | Fra: 880 | Rendering 1 / 32 samples
03:54.978  render           | Fra: 880 | Rendering 25 / 32 samples
03:55.026  render           | Fra: 880 | Rendering 32 / 32 samples
03:55.059  render           | Video append frame 880
03:55.059  render           | Time: 00:00.29 (Saving: 00:00.02)
03:55.059  render           | Rendering frame 881
03:55.059  render           | Start rendering: MORI_Assembly_Animation, 视图层
03:55.059  render           | Engine: EEVEE
03:55.111  render           | Fra: 881 | Rendering 1 / 32 samples
03:55.274  render           | Fra: 881 | Rendering 25 / 32 samples
03:55.322  render           | Fra: 881 | Rendering 32 / 32 samples
03:55.361  render           | Video append frame 881
03:55.361  render           | Time: 00:00.30 (Saving: 00:00.02)
03:55.361  render           | Rendering frame 882
03:55.361  render           | Start rendering: MORI_Assembly_Animation, 视图层
03:55.361  render           | Engine: EEVEE
03:55.413  render           | Fra: 882 | Rendering 1 / 32 samples
03:55.577  render           | Fra: 882 | Rendering 25 / 32 samples
03:55.631  render           | Fra: 882 | Rendering 32 / 32 samples
03:55.665  render           | Video append frame 882
03:55.665  render           | Time: 00:00.30 (Saving: 00:00.01)
03:55.665  render           | Rendering frame 883
03:55.665  render           | Start rendering: MORI_Assembly_Animation, 视图层
03:55.665  render           | Engine: EEVEE
03:55.717  render           | Fra: 883 | Rendering 1 / 32 samples
03:55.882  render           | Fra: 883 | Rendering 25 / 32 samples
03:55.930  render           | Fra: 883 | Rendering 32 / 32 samples
03:55.964  render           | Video append frame 883
03:55.964  render           | Time: 00:00.29 (Saving: 00:00.02)
03:55.964  render           | Rendering frame 884
03:55.964  render           | Start rendering: MORI_Assembly_Animation, 视图层
03:55.964  render           | Engine: EEVEE
03:56.017  render           | Fra: 884 | Rendering 1 / 32 samples
03:56.181  render           | Fra: 884 | Rendering 25 / 32 samples
03:56.229  render           | Fra: 884 | Rendering 32 / 32 samples
03:56.264  render           | Video append frame 884
03:56.264  render           | Time: 00:00.30 (Saving: 00:00.02)
03:56.264  render           | Rendering frame 885
03:56.265  render           | Start rendering: MORI_Assembly_Animation, 视图层
03:56.265  render           | Engine: EEVEE
03:56.317  render           | Fra: 885 | Rendering 1 / 32 samples
03:56.482  render           | Fra: 885 | Rendering 25 / 32 samples
03:56.529  render           | Fra: 885 | Rendering 32 / 32 samples
03:56.578  render           | Video append frame 885
03:56.578  render           | Time: 00:00.31 (Saving: 00:00.03)
03:56.578  render           | Rendering frame 886
03:56.578  render           | Start rendering: MORI_Assembly_Animation, 视图层
03:56.578  render           | Engine: EEVEE
03:56.631  render           | Fra: 886 | Rendering 1 / 32 samples
03:56.802  render           | Fra: 886 | Rendering 25 / 32 samples
03:56.849  render           | Fra: 886 | Rendering 32 / 32 samples
03:56.876  render           | Video append frame 886
03:56.876  render           | Time: 00:00.29 (Saving: 00:00.02)
03:56.876  render           | Rendering frame 887
03:56.876  render           | Start rendering: MORI_Assembly_Animation, 视图层
03:56.876  render           | Engine: EEVEE
03:56.932  render           | Fra: 887 | Rendering 1 / 32 samples
03:57.097  render           | Fra: 887 | Rendering 25 / 32 samples
03:57.144  render           | Fra: 887 | Rendering 32 / 32 samples
03:57.181  render           | Video append frame 887
03:57.181  render           | Time: 00:00.30 (Saving: 00:00.02)
03:57.181  render           | Rendering frame 888
03:57.181  render           | Start rendering: MORI_Assembly_Animation, 视图层
03:57.181  render           | Engine: EEVEE
03:57.235  render           | Fra: 888 | Rendering 1 / 32 samples
03:57.400  render           | Fra: 888 | Rendering 25 / 32 samples
03:57.448  render           | Fra: 888 | Rendering 32 / 32 samples
03:57.481  render           | Video append frame 888
03:57.481  render           | Time: 00:00.29 (Saving: 00:00.02)
03:57.481  render           | Rendering frame 889
03:57.481  render           | Start rendering: MORI_Assembly_Animation, 视图层
03:57.481  render           | Engine: EEVEE
03:57.535  render           | Fra: 889 | Rendering 1 / 32 samples
03:57.700  render           | Fra: 889 | Rendering 25 / 32 samples
03:57.747  render           | Fra: 889 | Rendering 32 / 32 samples
03:57.775  render           | Video append frame 889
03:57.775  render           | Time: 00:00.29 (Saving: 00:00.02)
03:57.775  render           | Rendering frame 890
03:57.775  render           | Start rendering: MORI_Assembly_Animation, 视图层
03:57.775  render           | Engine: EEVEE
03:57.828  render           | Fra: 890 | Rendering 1 / 32 samples
03:57.993  render           | Fra: 890 | Rendering 25 / 32 samples
03:58.041  render           | Fra: 890 | Rendering 32 / 32 samples
03:58.069  render           | Video append frame 890
03:58.069  render           | Time: 00:00.29 (Saving: 00:00.02)
03:58.069  render           | Rendering frame 891
03:58.069  render           | Start rendering: MORI_Assembly_Animation, 视图层
03:58.069  render           | Engine: EEVEE
03:58.120  render           | Fra: 891 | Rendering 1 / 32 samples
03:58.284  render           | Fra: 891 | Rendering 25 / 32 samples
03:58.332  render           | Fra: 891 | Rendering 32 / 32 samples
03:58.372  render           | Video append frame 891
03:58.372  render           | Time: 00:00.30 (Saving: 00:00.03)
03:58.372  render           | Rendering frame 892
03:58.372  render           | Start rendering: MORI_Assembly_Animation, 视图层
03:58.372  render           | Engine: EEVEE
03:58.426  render           | Fra: 892 | Rendering 1 / 32 samples
03:58.602  render           | Fra: 892 | Rendering 25 / 32 samples
03:58.653  render           | Fra: 892 | Rendering 32 / 32 samples
03:58.686  render           | Video append frame 892
03:58.686  render           | Time: 00:00.31 (Saving: 00:00.02)
03:58.686  render           | Rendering frame 893
03:58.686  render           | Start rendering: MORI_Assembly_Animation, 视图层
03:58.686  render           | Engine: EEVEE
03:58.735  render           | Fra: 893 | Rendering 1 / 32 samples
03:58.910  render           | Fra: 893 | Rendering 25 / 32 samples
03:58.958  render           | Fra: 893 | Rendering 32 / 32 samples
03:58.982  render           | Video append frame 893
03:58.982  render           | Time: 00:00.29 (Saving: 00:00.01)
03:58.982  render           | Rendering frame 894
03:58.982  render           | Start rendering: MORI_Assembly_Animation, 视图层
03:58.982  render           | Engine: EEVEE
03:59.037  render           | Fra: 894 | Rendering 1 / 32 samples
03:59.203  render           | Fra: 894 | Rendering 25 / 32 samples
03:59.251  render           | Fra: 894 | Rendering 32 / 32 samples
03:59.290  render           | Video append frame 894
03:59.290  render           | Time: 00:00.30 (Saving: 00:00.03)
03:59.290  render           | Rendering frame 895
03:59.290  render           | Start rendering: MORI_Assembly_Animation, 视图层
03:59.290  render           | Engine: EEVEE
03:59.346  render           | Fra: 895 | Rendering 1 / 32 samples
03:59.510  render           | Fra: 895 | Rendering 25 / 32 samples
03:59.557  render           | Fra: 895 | Rendering 32 / 32 samples
03:59.579  render           | Video append frame 895
03:59.579  render           | Time: 00:00.28 (Saving: 00:00.01)
03:59.579  render           | Rendering frame 896
03:59.579  render           | Start rendering: MORI_Assembly_Animation, 视图层
03:59.579  render           | Engine: EEVEE
03:59.632  render           | Fra: 896 | Rendering 1 / 32 samples
03:59.796  render           | Fra: 896 | Rendering 25 / 32 samples
03:59.844  render           | Fra: 896 | Rendering 32 / 32 samples
03:59.878  render           | Video append frame 896
03:59.878  render           | Time: 00:00.29 (Saving: 00:00.02)
03:59.878  render           | Rendering frame 897
03:59.878  render           | Start rendering: MORI_Assembly_Animation, 视图层
03:59.878  render           | Engine: EEVEE
03:59.933  render           | Fra: 897 | Rendering 1 / 32 samples
04:00.096  render           | Fra: 897 | Rendering 25 / 32 samples
04:00.144  render           | Fra: 897 | Rendering 32 / 32 samples
04:00.183  render           | Video append frame 897
04:00.183  render           | Time: 00:00.30 (Saving: 00:00.03)
04:00.183  render           | Rendering frame 898
04:00.183  render           | Start rendering: MORI_Assembly_Animation, 视图层
04:00.183  render           | Engine: EEVEE
04:00.230  render           | Fra: 898 | Rendering 1 / 32 samples
04:00.394  render           | Fra: 898 | Rendering 25 / 32 samples
04:00.441  render           | Fra: 898 | Rendering 32 / 32 samples
04:00.477  render           | Video append frame 898
04:00.477  render           | Time: 00:00.29 (Saving: 00:00.02)
04:00.477  render           | Rendering frame 899
04:00.477  render           | Start rendering: MORI_Assembly_Animation, 视图层
04:00.477  render           | Engine: EEVEE
04:00.532  render           | Fra: 899 | Rendering 1 / 32 samples
04:00.696  render           | Fra: 899 | Rendering 25 / 32 samples
04:00.744  render           | Fra: 899 | Rendering 32 / 32 samples
04:00.763  render           | Video append frame 899
04:00.763  render           | Time: 00:00.28 (Saving: 00:00.01)
04:00.763  render           | Rendering frame 900
04:00.763  render           | Start rendering: MORI_Assembly_Animation, 视图层
04:00.763  render           | Engine: EEVEE
04:00.819  render           | Fra: 900 | Rendering 1 / 32 samples
04:00.986  render           | Fra: 900 | Rendering 25 / 32 samples
04:01.035  render           | Fra: 900 | Rendering 32 / 32 samples
04:01.073  render           | Video append frame 900
04:01.073  render           | Time: 00:00.31 (Saving: 00:00.02)
04:01.073  render           | Rendering frame 901
04:01.073  render           | Start rendering: MORI_Assembly_Animation, 视图层
04:01.073  render           | Engine: EEVEE
04:01.138  render           | Fra: 901 | Rendering 1 / 32 samples
04:01.327  render           | Fra: 901 | Rendering 25 / 32 samples
04:01.381  render           | Fra: 901 | Rendering 32 / 32 samples
04:01.391  render           | Video append frame 901
04:01.391  render           | Time: 00:00.31 (Saving: 00:00.00)
04:01.391  render           | Rendering frame 902
04:01.391  render           | Start rendering: MORI_Assembly_Animation, 视图层
04:01.391  render           | Engine: EEVEE
04:01.453  render           | Fra: 902 | Rendering 1 / 32 samples
04:01.652  render           | Fra: 902 | Rendering 25 / 32 samples
04:01.710  render           | Fra: 902 | Rendering 32 / 32 samples
04:01.721  render           | Video append frame 902
04:01.721  render           | Time: 00:00.32 (Saving: 00:00.00)
04:01.721  render           | Rendering frame 903
04:01.721  render           | Start rendering: MORI_Assembly_Animation, 视图层
04:01.721  render           | Engine: EEVEE
04:01.787  render           | Fra: 903 | Rendering 1 / 32 samples
04:01.985  render           | Fra: 903 | Rendering 25 / 32 samples
04:02.043  render           | Fra: 903 | Rendering 32 / 32 samples
04:02.053  render           | Video append frame 903
04:02.053  render           | Time: 00:00.33 (Saving: 00:00.00)
04:02.053  render           | Rendering frame 904
04:02.053  render           | Start rendering: MORI_Assembly_Animation, 视图层
04:02.053  render           | Engine: EEVEE
04:02.110  render           | Fra: 904 | Rendering 1 / 32 samples
04:02.310  render           | Fra: 904 | Rendering 25 / 32 samples
04:02.369  render           | Fra: 904 | Rendering 32 / 32 samples
04:02.380  render           | Video append frame 904
04:02.380  render           | Time: 00:00.32 (Saving: 00:00.00)
04:02.380  render           | Rendering frame 905
04:02.380  render           | Start rendering: MORI_Assembly_Animation, 视图层
04:02.380  render           | Engine: EEVEE
04:02.442  render           | Fra: 905 | Rendering 1 / 32 samples
04:02.639  render           | Fra: 905 | Rendering 25 / 32 samples
04:02.695  render           | Fra: 905 | Rendering 32 / 32 samples
04:02.706  render           | Video append frame 905
04:02.706  render           | Time: 00:00.32 (Saving: 00:00.00)
04:02.706  render           | Rendering frame 906
04:02.706  render           | Start rendering: MORI_Assembly_Animation, 视图层
04:02.706  render           | Engine: EEVEE
04:02.766  render           | Fra: 906 | Rendering 1 / 32 samples
04:02.960  render           | Fra: 906 | Rendering 25 / 32 samples
04:03.015  render           | Fra: 906 | Rendering 32 / 32 samples
04:03.025  render           | Video append frame 906
04:03.026  render           | Time: 00:00.31 (Saving: 00:00.00)
04:03.026  render           | Rendering frame 907
04:03.026  render           | Start rendering: MORI_Assembly_Animation, 视图层
04:03.026  render           | Engine: EEVEE
04:03.079  render           | Fra: 907 | Rendering 1 / 32 samples
04:03.268  render           | Fra: 907 | Rendering 25 / 32 samples
04:03.323  render           | Fra: 907 | Rendering 32 / 32 samples
04:03.333  render           | Video append frame 907
04:03.333  render           | Time: 00:00.30 (Saving: 00:00.00)
04:03.333  render           | Rendering frame 908
04:03.333  render           | Start rendering: MORI_Assembly_Animation, 视图层
04:03.333  render           | Engine: EEVEE
04:03.385  render           | Fra: 908 | Rendering 1 / 32 samples
04:03.576  render           | Fra: 908 | Rendering 25 / 32 samples
04:03.631  render           | Fra: 908 | Rendering 32 / 32 samples
04:03.640  render           | Video append frame 908
04:03.641  render           | Time: 00:00.30 (Saving: 00:00.00)
04:03.641  render           | Rendering frame 909
04:03.641  render           | Start rendering: MORI_Assembly_Animation, 视图层
04:03.641  render           | Engine: EEVEE
04:03.693  render           | Fra: 909 | Rendering 1 / 32 samples
04:03.882  render           | Fra: 909 | Rendering 25 / 32 samples
04:03.937  render           | Fra: 909 | Rendering 32 / 32 samples
04:03.946  render           | Video append frame 909
04:03.946  render           | Time: 00:00.30 (Saving: 00:00.00)
04:03.946  render           | Rendering frame 910
04:03.946  render           | Start rendering: MORI_Assembly_Animation, 视图层
04:03.946  render           | Engine: EEVEE
04:04.000  render           | Fra: 910 | Rendering 1 / 32 samples
04:04.189  render           | Fra: 910 | Rendering 25 / 32 samples
04:04.243  render           | Fra: 910 | Rendering 32 / 32 samples
04:04.253  render           | Video append frame 910
04:04.253  render           | Time: 00:00.30 (Saving: 00:00.00)
04:04.253  render           | Rendering frame 911
04:04.253  render           | Start rendering: MORI_Assembly_Animation, 视图层
04:04.253  render           | Engine: EEVEE
04:04.305  render           | Fra: 911 | Rendering 1 / 32 samples
04:04.494  render           | Fra: 911 | Rendering 25 / 32 samples
04:04.549  render           | Fra: 911 | Rendering 32 / 32 samples
04:04.559  render           | Video append frame 911
04:04.559  render           | Time: 00:00.30 (Saving: 00:00.00)
04:04.559  render           | Rendering frame 912
04:04.560  render           | Start rendering: MORI_Assembly_Animation, 视图层
04:04.560  render           | Engine: EEVEE
04:04.616  render           | Fra: 912 | Rendering 1 / 32 samples
04:04.805  render           | Fra: 912 | Rendering 25 / 32 samples
04:04.860  render           | Fra: 912 | Rendering 32 / 32 samples
04:04.881  render           | Video append frame 912
04:04.881  render           | Time: 00:00.32 (Saving: 00:00.01)
04:04.881  render           | Rendering frame 913
04:04.881  render           | Start rendering: MORI_Assembly_Animation, 视图层
04:04.881  render           | Engine: EEVEE
04:04.935  render           | Fra: 913 | Rendering 1 / 32 samples
04:05.127  render           | Fra: 913 | Rendering 25 / 32 samples
04:05.181  render           | Fra: 913 | Rendering 32 / 32 samples
04:05.213  render           | Video append frame 913
04:05.213  render           | Time: 00:00.33 (Saving: 00:00.02)
04:05.213  render           | Rendering frame 914
04:05.213  render           | Start rendering: MORI_Assembly_Animation, 视图层
04:05.213  render           | Engine: EEVEE
04:05.267  render           | Fra: 914 | Rendering 1 / 32 samples
04:05.465  render           | Fra: 914 | Rendering 25 / 32 samples
04:05.519  render           | Fra: 914 | Rendering 32 / 32 samples
04:05.561  render           | Video append frame 914
04:05.561  render           | Time: 00:00.34 (Saving: 00:00.02)
04:05.561  render           | Rendering frame 915
04:05.561  render           | Start rendering: MORI_Assembly_Animation, 视图层
04:05.561  render           | Engine: EEVEE
04:05.625  render           | Fra: 915 | Rendering 1 / 32 samples
04:05.822  render           | Fra: 915 | Rendering 25 / 32 samples
04:05.880  render           | Fra: 915 | Rendering 32 / 32 samples
04:05.914  render           | Video append frame 915
04:05.914  render           | Time: 00:00.35 (Saving: 00:00.02)
04:05.914  render           | Rendering frame 916
04:05.914  render           | Start rendering: MORI_Assembly_Animation, 视图层
04:05.914  render           | Engine: EEVEE
04:05.971  render           | Fra: 916 | Rendering 1 / 32 samples
04:06.172  render           | Fra: 916 | Rendering 25 / 32 samples
04:06.231  render           | Fra: 916 | Rendering 32 / 32 samples
04:06.254  render           | Video append frame 916
04:06.254  render           | Time: 00:00.34 (Saving: 00:00.01)
04:06.254  render           | Rendering frame 917
04:06.255  render           | Start rendering: MORI_Assembly_Animation, 视图层
04:06.255  render           | Engine: EEVEE
04:06.314  render           | Fra: 917 | Rendering 1 / 32 samples
04:06.519  render           | Fra: 917 | Rendering 25 / 32 samples
04:06.576  render           | Fra: 917 | Rendering 32 / 32 samples
04:06.613  render           | Video append frame 917
04:06.613  render           | Time: 00:00.35 (Saving: 00:00.02)
04:06.613  render           | Rendering frame 918
04:06.613  render           | Start rendering: MORI_Assembly_Animation, 视图层
04:06.613  render           | Engine: EEVEE
04:06.671  render           | Fra: 918 | Rendering 1 / 32 samples
04:06.860  render           | Fra: 918 | Rendering 25 / 32 samples
04:06.911  render           | Fra: 918 | Rendering 32 / 32 samples
04:06.944  render           | Video append frame 918
04:06.944  render           | Time: 00:00.33 (Saving: 00:00.02)
04:06.944  render           | Rendering frame 919
04:06.944  render           | Start rendering: MORI_Assembly_Animation, 视图层
04:06.944  render           | Engine: EEVEE
04:07.000  render           | Fra: 919 | Rendering 1 / 32 samples
04:07.177  render           | Fra: 919 | Rendering 25 / 32 samples
04:07.228  render           | Fra: 919 | Rendering 32 / 32 samples
04:07.258  render           | Video append frame 919
04:07.258  render           | Time: 00:00.31 (Saving: 00:00.02)
04:07.258  render           | Rendering frame 920
04:07.258  render           | Start rendering: MORI_Assembly_Animation, 视图层
04:07.258  render           | Engine: EEVEE
04:07.311  render           | Fra: 920 | Rendering 1 / 32 samples
04:07.487  render           | Fra: 920 | Rendering 25 / 32 samples
04:07.537  render           | Fra: 920 | Rendering 32 / 32 samples
04:07.563  render           | Video append frame 920
04:07.563  render           | Time: 00:00.30 (Saving: 00:00.02)
04:07.563  render           | Rendering frame 921
04:07.563  render           | Start rendering: MORI_Assembly_Animation, 视图层
04:07.563  render           | Engine: EEVEE
04:07.619  render           | Fra: 921 | Rendering 1 / 32 samples
04:07.793  render           | Fra: 921 | Rendering 25 / 32 samples
04:07.844  render           | Fra: 921 | Rendering 32 / 32 samples
04:07.864  render           | Video append frame 921
04:07.864  render           | Time: 00:00.30 (Saving: 00:00.01)
04:07.864  render           | Rendering frame 922
04:07.864  render           | Start rendering: MORI_Assembly_Animation, 视图层
04:07.864  render           | Engine: EEVEE
04:07.919  render           | Fra: 922 | Rendering 1 / 32 samples
04:08.095  render           | Fra: 922 | Rendering 25 / 32 samples
04:08.147  render           | Fra: 922 | Rendering 32 / 32 samples
04:08.173  render           | Video append frame 922
04:08.173  render           | Time: 00:00.30 (Saving: 00:00.02)
04:08.173  render           | Rendering frame 923
04:08.173  render           | Start rendering: MORI_Assembly_Animation, 视图层
04:08.173  render           | Engine: EEVEE
04:08.228  render           | Fra: 923 | Rendering 1 / 32 samples
04:08.403  render           | Fra: 923 | Rendering 25 / 32 samples
04:08.454  render           | Fra: 923 | Rendering 32 / 32 samples
04:08.487  render           | Video append frame 923
04:08.487  render           | Time: 00:00.31 (Saving: 00:00.02)
04:08.487  render           | Rendering frame 924
04:08.487  render           | Start rendering: MORI_Assembly_Animation, 视图层
04:08.487  render           | Engine: EEVEE
04:08.545  render           | Fra: 924 | Rendering 1 / 32 samples
04:08.722  render           | Fra: 924 | Rendering 25 / 32 samples
04:08.772  render           | Fra: 924 | Rendering 32 / 32 samples
04:08.800  render           | Video append frame 924
04:08.800  render           | Time: 00:00.31 (Saving: 00:00.02)
04:08.800  render           | Rendering frame 925
04:08.800  render           | Start rendering: MORI_Assembly_Animation, 视图层
04:08.800  render           | Engine: EEVEE
04:08.894  render           | Fra: 925 | Rendering 1 / 32 samples
04:09.093  render           | Fra: 925 | Rendering 25 / 32 samples
04:09.146  render           | Fra: 925 | Rendering 32 / 32 samples
04:09.178  render           | Video append frame 925
04:09.178  render           | Time: 00:00.37 (Saving: 00:00.02)
04:09.178  render           | Rendering frame 926
04:09.178  render           | Start rendering: MORI_Assembly_Animation, 视图层
04:09.178  render           | Engine: EEVEE
04:09.239  render           | Fra: 926 | Rendering 1 / 32 samples
04:09.424  render           | Fra: 926 | Rendering 25 / 32 samples
04:09.476  render           | Fra: 926 | Rendering 32 / 32 samples
04:09.509  render           | Video append frame 926
04:09.509  render           | Time: 00:00.33 (Saving: 00:00.02)
04:09.509  render           | Rendering frame 927
04:09.509  render           | Start rendering: MORI_Assembly_Animation, 视图层
04:09.509  render           | Engine: EEVEE
04:09.616  render           | Fra: 927 | Rendering 1 / 32 samples
04:09.824  render           | Fra: 927 | Rendering 25 / 32 samples
04:09.886  render           | Fra: 927 | Rendering 32 / 32 samples
04:09.927  render           | Video append frame 927
04:09.927  render           | Time: 00:00.41 (Saving: 00:00.02)
04:09.927  render           | Rendering frame 928
04:09.927  render           | Start rendering: MORI_Assembly_Animation, 视图层
04:09.927  render           | Engine: EEVEE
04:10.010  render           | Fra: 928 | Rendering 1 / 32 samples
04:10.224  render           | Fra: 928 | Rendering 25 / 32 samples
04:10.283  render           | Fra: 928 | Rendering 32 / 32 samples
04:10.295  render           | Video append frame 928
04:10.295  render           | Time: 00:00.36 (Saving: 00:00.00)
04:10.295  render           | Rendering frame 929
04:10.295  render           | Start rendering: MORI_Assembly_Animation, 视图层
04:10.295  render           | Engine: EEVEE
04:10.356  render           | Fra: 929 | Rendering 1 / 32 samples
04:10.539  render           | Fra: 929 | Rendering 25 / 32 samples
04:10.590  render           | Fra: 929 | Rendering 32 / 32 samples
04:10.600  render           | Video append frame 929
04:10.600  render           | Time: 00:00.30 (Saving: 00:00.00)
04:10.600  render           | Rendering frame 930
04:10.600  render           | Start rendering: MORI_Assembly_Animation, 视图层
04:10.600  render           | Engine: EEVEE
04:10.662  render           | Fra: 930 | Rendering 1 / 32 samples
04:10.827  render           | Fra: 930 | Rendering 25 / 32 samples
04:10.872  render           | Fra: 930 | Rendering 32 / 32 samples
04:10.882  render           | Video append frame 930
04:10.882  render           | Time: 00:00.28 (Saving: 00:00.00)
04:10.882  render           | Rendering frame 931
04:10.883  render           | Start rendering: MORI_Assembly_Animation, 视图层
04:10.883  render           | Engine: EEVEE
04:10.942  render           | Fra: 931 | Rendering 1 / 32 samples
04:11.100  render           | Fra: 931 | Rendering 25 / 32 samples
04:11.145  render           | Fra: 931 | Rendering 32 / 32 samples
04:11.156  render           | Video append frame 931
04:11.156  render           | Time: 00:00.27 (Saving: 00:00.00)
04:11.156  render           | Rendering frame 932
04:11.156  render           | Start rendering: MORI_Assembly_Animation, 视图层
04:11.156  render           | Engine: EEVEE
04:11.217  render           | Fra: 932 | Rendering 1 / 32 samples
04:11.374  render           | Fra: 932 | Rendering 25 / 32 samples
04:11.418  render           | Fra: 932 | Rendering 32 / 32 samples
04:11.429  render           | Video append frame 932
04:11.429  render           | Time: 00:00.27 (Saving: 00:00.00)
04:11.429  render           | Rendering frame 933
04:11.429  render           | Start rendering: MORI_Assembly_Animation, 视图层
04:11.429  render           | Engine: EEVEE
04:11.484  render           | Fra: 933 | Rendering 1 / 32 samples
04:11.639  render           | Fra: 933 | Rendering 25 / 32 samples
04:11.687  render           | Fra: 933 | Rendering 32 / 32 samples
04:11.698  render           | Video append frame 933
04:11.698  render           | Time: 00:00.26 (Saving: 00:00.00)
04:11.698  render           | Rendering frame 934
04:11.698  render           | Start rendering: MORI_Assembly_Animation, 视图层
04:11.698  render           | Engine: EEVEE
04:11.761  render           | Fra: 934 | Rendering 1 / 32 samples
04:11.918  render           | Fra: 934 | Rendering 25 / 32 samples
04:11.961  render           | Fra: 934 | Rendering 32 / 32 samples
04:11.972  render           | Video append frame 934
04:11.972  render           | Time: 00:00.27 (Saving: 00:00.00)
04:11.972  render           | Rendering frame 935
04:11.972  render           | Start rendering: MORI_Assembly_Animation, 视图层
04:11.972  render           | Engine: EEVEE
04:12.026  render           | Fra: 935 | Rendering 1 / 32 samples
04:12.175  render           | Fra: 935 | Rendering 25 / 32 samples
04:12.218  render           | Fra: 935 | Rendering 32 / 32 samples
04:12.229  render           | Video append frame 935
04:12.229  render           | Time: 00:00.25 (Saving: 00:00.00)
04:12.229  render           | Rendering frame 936
04:12.229  render           | Start rendering: MORI_Assembly_Animation, 视图层
04:12.229  render           | Engine: EEVEE
04:12.279  render           | Fra: 936 | Rendering 1 / 32 samples
04:12.428  render           | Fra: 936 | Rendering 25 / 32 samples
04:12.471  render           | Fra: 936 | Rendering 32 / 32 samples
04:12.482  render           | Video append frame 936
04:12.482  render           | Time: 00:00.25 (Saving: 00:00.00)
04:12.482  render           | Rendering frame 937
04:12.482  render           | Start rendering: MORI_Assembly_Animation, 视图层
04:12.482  render           | Engine: EEVEE
04:12.537  render           | Fra: 937 | Rendering 1 / 32 samples
04:12.686  render           | Fra: 937 | Rendering 25 / 32 samples
04:12.730  render           | Fra: 937 | Rendering 32 / 32 samples
04:12.741  render           | Video append frame 937
04:12.741  render           | Time: 00:00.25 (Saving: 00:00.00)
04:12.741  render           | Rendering frame 938
04:12.742  render           | Start rendering: MORI_Assembly_Animation, 视图层
04:12.742  render           | Engine: EEVEE
04:12.797  render           | Fra: 938 | Rendering 1 / 32 samples
04:12.945  render           | Fra: 938 | Rendering 25 / 32 samples
04:12.988  render           | Fra: 938 | Rendering 32 / 32 samples
04:13.000  render           | Video append frame 938
04:13.000  render           | Time: 00:00.25 (Saving: 00:00.00)
04:13.000  render           | Rendering frame 939
04:13.000  render           | Start rendering: MORI_Assembly_Animation, 视图层
04:13.000  render           | Engine: EEVEE
04:13.055  render           | Fra: 939 | Rendering 1 / 32 samples
04:13.204  render           | Fra: 939 | Rendering 25 / 32 samples
04:13.247  render           | Fra: 939 | Rendering 32 / 32 samples
04:13.258  render           | Video append frame 939
04:13.258  render           | Time: 00:00.25 (Saving: 00:00.00)
04:13.258  render           | Rendering frame 940
04:13.258  render           | Start rendering: MORI_Assembly_Animation, 视图层
04:13.258  render           | Engine: EEVEE
04:13.314  render           | Fra: 940 | Rendering 1 / 32 samples
04:13.462  render           | Fra: 940 | Rendering 25 / 32 samples
04:13.505  render           | Fra: 940 | Rendering 32 / 32 samples
04:13.516  render           | Video append frame 940
04:13.516  render           | Time: 00:00.25 (Saving: 00:00.00)
04:13.516  render           | Rendering frame 941
04:13.516  render           | Start rendering: MORI_Assembly_Animation, 视图层
04:13.516  render           | Engine: EEVEE
04:13.569  render           | Fra: 941 | Rendering 1 / 32 samples
04:13.717  render           | Fra: 941 | Rendering 25 / 32 samples
04:13.760  render           | Fra: 941 | Rendering 32 / 32 samples
04:13.771  render           | Video append frame 941
04:13.771  render           | Time: 00:00.25 (Saving: 00:00.00)
04:13.771  render           | Rendering frame 942
04:13.771  render           | Start rendering: MORI_Assembly_Animation, 视图层
04:13.771  render           | Engine: EEVEE
04:13.826  render           | Fra: 942 | Rendering 1 / 32 samples
04:13.973  render           | Fra: 942 | Rendering 25 / 32 samples
04:14.016  render           | Fra: 942 | Rendering 32 / 32 samples
04:14.027  render           | Video append frame 942
04:14.027  render           | Time: 00:00.25 (Saving: 00:00.00)
04:14.027  render           | Rendering frame 943
04:14.027  render           | Start rendering: MORI_Assembly_Animation, 视图层
04:14.027  render           | Engine: EEVEE
04:14.080  render           | Fra: 943 | Rendering 1 / 32 samples
04:14.227  render           | Fra: 943 | Rendering 25 / 32 samples
04:14.269  render           | Fra: 943 | Rendering 32 / 32 samples
04:14.279  render           | Video append frame 943
04:14.279  render           | Time: 00:00.25 (Saving: 00:00.00)
04:14.279  render           | Rendering frame 944
04:14.280  render           | Start rendering: MORI_Assembly_Animation, 视图层
04:14.280  render           | Engine: EEVEE
04:14.334  render           | Fra: 944 | Rendering 1 / 32 samples
04:14.488  render           | Fra: 944 | Rendering 25 / 32 samples
04:14.534  render           | Fra: 944 | Rendering 32 / 32 samples
04:14.590  render           | Video append frame 944
04:14.590  render           | Time: 00:00.31 (Saving: 00:00.04)
04:14.590  render           | Rendering frame 945
04:14.590  render           | Start rendering: MORI_Assembly_Animation, 视图层
04:14.590  render           | Engine: EEVEE
04:14.670  render           | Fra: 945 | Rendering 1 / 32 samples
04:14.824  render           | Fra: 945 | Rendering 25 / 32 samples
04:14.869  render           | Fra: 945 | Rendering 32 / 32 samples
04:14.896  render           | Video append frame 945
04:14.896  render           | Time: 00:00.30 (Saving: 00:00.01)
04:14.896  render           | Rendering frame 946
04:14.896  render           | Start rendering: MORI_Assembly_Animation, 视图层
04:14.896  render           | Engine: EEVEE
04:14.970  render           | Fra: 946 | Rendering 1 / 32 samples
04:15.129  render           | Fra: 946 | Rendering 25 / 32 samples
04:15.176  render           | Fra: 946 | Rendering 32 / 32 samples
04:15.209  render           | Video append frame 946
04:15.209  render           | Time: 00:00.31 (Saving: 00:00.02)
04:15.209  render           | Rendering frame 947
04:15.210  render           | Start rendering: MORI_Assembly_Animation, 视图层
04:15.210  render           | Engine: EEVEE
04:15.292  render           | Fra: 947 | Rendering 1 / 32 samples
04:15.451  render           | Fra: 947 | Rendering 25 / 32 samples
04:15.497  render           | Fra: 947 | Rendering 32 / 32 samples
04:15.527  render           | Video append frame 947
04:15.527  render           | Time: 00:00.31 (Saving: 00:00.01)
04:15.527  render           | Rendering frame 948
04:15.527  render           | Start rendering: MORI_Assembly_Animation, 视图层
04:15.527  render           | Engine: EEVEE
04:15.599  render           | Fra: 948 | Rendering 1 / 32 samples
04:15.763  render           | Fra: 948 | Rendering 25 / 32 samples
04:15.812  render           | Fra: 948 | Rendering 32 / 32 samples
04:15.836  render           | Video append frame 948
04:15.836  render           | Time: 00:00.30 (Saving: 00:00.01)
04:15.836  render           | Rendering frame 949
04:15.836  render           | Start rendering: MORI_Assembly_Animation, 视图层
04:15.836  render           | Engine: EEVEE
04:15.900  render           | Fra: 949 | Rendering 1 / 32 samples
04:16.067  render           | Fra: 949 | Rendering 25 / 32 samples
04:16.116  render           | Fra: 949 | Rendering 32 / 32 samples
04:16.149  render           | Video append frame 949
04:16.149  render           | Time: 00:00.31 (Saving: 00:00.02)
04:16.149  render           | Rendering frame 950
04:16.149  render           | Start rendering: MORI_Assembly_Animation, 视图层
04:16.149  render           | Engine: EEVEE
04:16.214  render           | Fra: 950 | Rendering 1 / 32 samples
04:16.382  render           | Fra: 950 | Rendering 25 / 32 samples
04:16.428  render           | Fra: 950 | Rendering 32 / 32 samples
04:16.464  render           | Video append frame 950
04:16.464  render           | Time: 00:00.31 (Saving: 00:00.03)
04:16.464  render           | Rendering frame 951
04:16.464  render           | Start rendering: MORI_Assembly_Animation, 视图层
04:16.464  render           | Engine: EEVEE
04:16.532  render           | Fra: 951 | Rendering 1 / 32 samples
04:16.699  render           | Fra: 951 | Rendering 25 / 32 samples
04:16.747  render           | Fra: 951 | Rendering 32 / 32 samples
04:16.796  render           | Video append frame 951
04:16.796  render           | Time: 00:00.33 (Saving: 00:00.03)
04:16.796  render           | Rendering frame 952
04:16.796  render           | Start rendering: MORI_Assembly_Animation, 视图层
04:16.796  render           | Engine: EEVEE
04:16.861  render           | Fra: 952 | Rendering 1 / 32 samples
04:17.039  render           | Fra: 952 | Rendering 25 / 32 samples
04:17.091  render           | Fra: 952 | Rendering 32 / 32 samples
04:17.129  render           | Video append frame 952
04:17.129  render           | Time: 00:00.33 (Saving: 00:00.02)
04:17.129  render           | Rendering frame 953
04:17.129  render           | Start rendering: MORI_Assembly_Animation, 视图层
04:17.129  render           | Engine: EEVEE
04:17.194  render           | Fra: 953 | Rendering 1 / 32 samples
04:17.402  render           | Fra: 953 | Rendering 25 / 32 samples
04:17.462  render           | Fra: 953 | Rendering 32 / 32 samples
04:17.500  render           | Video append frame 953
04:17.500  render           | Time: 00:00.37 (Saving: 00:00.03)
04:17.500  render           | Rendering frame 954
04:17.500  render           | Start rendering: MORI_Assembly_Animation, 视图层
04:17.500  render           | Engine: EEVEE
04:17.571  render           | Fra: 954 | Rendering 1 / 32 samples
04:17.781  render           | Fra: 954 | Rendering 25 / 32 samples
04:17.841  render           | Fra: 954 | Rendering 32 / 32 samples
04:17.865  render           | Video append frame 954
04:17.865  render           | Time: 00:00.36 (Saving: 00:00.01)
04:17.865  render           | Rendering frame 955
04:17.865  render           | Start rendering: MORI_Assembly_Animation, 视图层
04:17.865  render           | Engine: EEVEE
04:17.933  render           | Fra: 955 | Rendering 1 / 32 samples
04:18.141  render           | Fra: 955 | Rendering 25 / 32 samples
04:18.200  render           | Fra: 955 | Rendering 32 / 32 samples
04:18.239  render           | Video append frame 955
04:18.239  render           | Time: 00:00.37 (Saving: 00:00.02)
04:18.239  render           | Rendering frame 956
04:18.239  render           | Start rendering: MORI_Assembly_Animation, 视图层
04:18.239  render           | Engine: EEVEE
04:18.304  render           | Fra: 956 | Rendering 1 / 32 samples
04:18.489  render           | Fra: 956 | Rendering 25 / 32 samples
04:18.541  render           | Fra: 956 | Rendering 32 / 32 samples
04:18.593  render           | Video append frame 956
04:18.593  render           | Time: 00:00.35 (Saving: 00:00.04)
04:18.593  render           | Rendering frame 957
04:18.593  render           | Start rendering: MORI_Assembly_Animation, 视图层
04:18.593  render           | Engine: EEVEE
04:18.654  render           | Fra: 957 | Rendering 1 / 32 samples
04:18.835  render           | Fra: 957 | Rendering 25 / 32 samples
04:18.887  render           | Fra: 957 | Rendering 32 / 32 samples
04:18.925  render           | Video append frame 957
04:18.925  render           | Time: 00:00.33 (Saving: 00:00.02)
04:18.925  render           | Rendering frame 958
04:18.925  render           | Start rendering: MORI_Assembly_Animation, 视图层
04:18.925  render           | Engine: EEVEE
04:18.986  render           | Fra: 958 | Rendering 1 / 32 samples
04:19.167  render           | Fra: 958 | Rendering 25 / 32 samples
04:19.219  render           | Fra: 958 | Rendering 32 / 32 samples
04:19.254  render           | Video append frame 958
04:19.254  render           | Time: 00:00.32 (Saving: 00:00.02)
04:19.254  render           | Rendering frame 959
04:19.254  render           | Start rendering: MORI_Assembly_Animation, 视图层
04:19.254  render           | Engine: EEVEE
04:19.319  render           | Fra: 959 | Rendering 1 / 32 samples
04:19.502  render           | Fra: 959 | Rendering 25 / 32 samples
04:19.554  render           | Fra: 959 | Rendering 32 / 32 samples
04:19.612  render           | Video append frame 959
04:19.612  render           | Time: 00:00.35 (Saving: 00:00.04)
04:19.612  render           | Rendering frame 960
04:19.612  render           | Start rendering: MORI_Assembly_Animation, 视图层
04:19.612  render           | Engine: EEVEE
04:19.675  render           | Fra: 960 | Rendering 1 / 32 samples
04:19.857  render           | Fra: 960 | Rendering 25 / 32 samples
04:19.909  render           | Fra: 960 | Rendering 32 / 32 samples
04:19.947  render           | Video append frame 960
04:19.947  render           | Time: 00:00.33 (Saving: 00:00.02)
04:19.947  render           | Rendering frame 961
04:19.947  render           | Start rendering: MORI_Assembly_Animation, 视图层
04:19.947  render           | Engine: EEVEE
04:20.008  render           | Fra: 961 | Rendering 1 / 32 samples
04:20.190  render           | Fra: 961 | Rendering 25 / 32 samples
04:20.242  render           | Fra: 961 | Rendering 32 / 32 samples
04:20.273  render           | Video append frame 961
04:20.273  render           | Time: 00:00.32 (Saving: 00:00.02)
04:20.273  render           | Rendering frame 962
04:20.273  render           | Start rendering: MORI_Assembly_Animation, 视图层
04:20.273  render           | Engine: EEVEE
04:20.339  render           | Fra: 962 | Rendering 1 / 32 samples
04:20.520  render           | Fra: 962 | Rendering 25 / 32 samples
04:20.572  render           | Fra: 962 | Rendering 32 / 32 samples
04:20.632  render           | Video append frame 962
04:20.632  render           | Time: 00:00.35 (Saving: 00:00.04)
04:20.632  render           | Rendering frame 963
04:20.632  render           | Start rendering: MORI_Assembly_Animation, 视图层
04:20.632  render           | Engine: EEVEE
04:20.697  render           | Fra: 963 | Rendering 1 / 32 samples
04:20.895  render           | Fra: 963 | Rendering 25 / 32 samples
04:20.951  render           | Fra: 963 | Rendering 32 / 32 samples
04:20.973  render           | Video append frame 963
04:20.973  render           | Time: 00:00.34 (Saving: 00:00.01)
04:20.973  render           | Rendering frame 964
04:20.973  render           | Start rendering: MORI_Assembly_Animation, 视图层
04:20.973  render           | Engine: EEVEE
04:21.037  render           | Fra: 964 | Rendering 1 / 32 samples
04:21.231  render           | Fra: 964 | Rendering 25 / 32 samples
04:21.283  render           | Fra: 964 | Rendering 32 / 32 samples
04:21.312  render           | Video append frame 964
04:21.312  render           | Time: 00:00.33 (Saving: 00:00.02)
04:21.312  render           | Rendering frame 965
04:21.312  render           | Start rendering: MORI_Assembly_Animation, 视图层
04:21.312  render           | Engine: EEVEE
04:21.375  render           | Fra: 965 | Rendering 1 / 32 samples
04:21.555  render           | Fra: 965 | Rendering 25 / 32 samples
04:21.609  render           | Fra: 965 | Rendering 32 / 32 samples
04:21.642  render           | Video append frame 965
04:21.642  render           | Time: 00:00.32 (Saving: 00:00.02)
04:21.642  render           | Rendering frame 966
04:21.642  render           | Start rendering: MORI_Assembly_Animation, 视图层
04:21.642  render           | Engine: EEVEE
04:21.708  render           | Fra: 966 | Rendering 1 / 32 samples
04:21.888  render           | Fra: 966 | Rendering 25 / 32 samples
04:21.940  render           | Fra: 966 | Rendering 32 / 32 samples
04:21.968  render           | Video append frame 966
04:21.968  render           | Time: 00:00.32 (Saving: 00:00.02)
04:21.968  render           | Rendering frame 967
04:21.968  render           | Start rendering: MORI_Assembly_Animation, 视图层
04:21.968  render           | Engine: EEVEE
04:22.034  render           | Fra: 967 | Rendering 1 / 32 samples
04:22.217  render           | Fra: 967 | Rendering 25 / 32 samples
04:22.273  render           | Fra: 967 | Rendering 32 / 32 samples
04:22.286  render           | Video append frame 967
04:22.286  render           | Time: 00:00.31 (Saving: 00:00.00)
04:22.286  render           | Rendering frame 968
04:22.287  render           | Start rendering: MORI_Assembly_Animation, 视图层
04:22.287  render           | Engine: EEVEE
04:22.355  render           | Fra: 968 | Rendering 1 / 32 samples
04:22.538  render           | Fra: 968 | Rendering 25 / 32 samples
04:22.592  render           | Fra: 968 | Rendering 32 / 32 samples
04:22.603  render           | Video append frame 968
04:22.603  render           | Time: 00:00.31 (Saving: 00:00.00)
04:22.603  render           | Rendering frame 969
04:22.603  render           | Start rendering: MORI_Assembly_Animation, 视图层
04:22.603  render           | Engine: EEVEE
04:22.668  render           | Fra: 969 | Rendering 1 / 32 samples
04:22.851  render           | Fra: 969 | Rendering 25 / 32 samples
04:22.904  render           | Fra: 969 | Rendering 32 / 32 samples
04:22.915  render           | Video append frame 969
04:22.915  render           | Time: 00:00.31 (Saving: 00:00.00)
04:22.915  render           | Rendering frame 970
04:22.915  render           | Start rendering: MORI_Assembly_Animation, 视图层
04:22.915  render           | Engine: EEVEE
04:22.984  render           | Fra: 970 | Rendering 1 / 32 samples
04:23.164  render           | Fra: 970 | Rendering 25 / 32 samples
04:23.217  render           | Fra: 970 | Rendering 32 / 32 samples
04:23.228  render           | Video append frame 970
04:23.228  render           | Time: 00:00.31 (Saving: 00:00.00)
04:23.228  render           | Rendering frame 971
04:23.228  render           | Start rendering: MORI_Assembly_Animation, 视图层
04:23.228  render           | Engine: EEVEE
04:23.296  render           | Fra: 971 | Rendering 1 / 32 samples
04:23.476  render           | Fra: 971 | Rendering 25 / 32 samples
04:23.529  render           | Fra: 971 | Rendering 32 / 32 samples
04:23.540  render           | Video append frame 971
04:23.540  render           | Time: 00:00.31 (Saving: 00:00.00)
04:23.540  render           | Rendering frame 972
04:23.540  render           | Start rendering: MORI_Assembly_Animation, 视图层
04:23.540  render           | Engine: EEVEE
04:23.607  render           | Fra: 972 | Rendering 1 / 32 samples
04:23.787  render           | Fra: 972 | Rendering 25 / 32 samples
04:23.840  render           | Fra: 972 | Rendering 32 / 32 samples
04:23.850  render           | Video append frame 972
04:23.850  render           | Time: 00:00.30 (Saving: 00:00.00)
04:23.850  render           | Rendering frame 973
04:23.850  render           | Start rendering: MORI_Assembly_Animation, 视图层
04:23.850  render           | Engine: EEVEE
04:23.914  render           | Fra: 973 | Rendering 1 / 32 samples
04:24.094  render           | Fra: 973 | Rendering 25 / 32 samples
04:24.145  render           | Fra: 973 | Rendering 32 / 32 samples
04:24.155  render           | Video append frame 973
04:24.155  render           | Time: 00:00.30 (Saving: 00:00.00)
04:24.155  render           | Rendering frame 974
04:24.155  render           | Start rendering: MORI_Assembly_Animation, 视图层
04:24.155  render           | Engine: EEVEE
04:24.213  render           | Fra: 974 | Rendering 1 / 32 samples
04:24.387  render           | Fra: 974 | Rendering 25 / 32 samples
04:24.437  render           | Fra: 974 | Rendering 32 / 32 samples
04:24.447  render           | Video append frame 974
04:24.447  render           | Time: 00:00.29 (Saving: 00:00.00)
04:24.447  render           | Rendering frame 975
04:24.447  render           | Start rendering: MORI_Assembly_Animation, 视图层
04:24.447  render           | Engine: EEVEE
04:24.503  render           | Fra: 975 | Rendering 1 / 32 samples
04:24.678  render           | Fra: 975 | Rendering 25 / 32 samples
04:24.728  render           | Fra: 975 | Rendering 32 / 32 samples
04:24.738  render           | Video append frame 975
04:24.738  render           | Time: 00:00.29 (Saving: 00:00.00)
04:24.738  render           | Rendering frame 976
04:24.738  render           | Start rendering: MORI_Assembly_Animation, 视图层
04:24.738  render           | Engine: EEVEE
04:24.790  render           | Fra: 976 | Rendering 1 / 32 samples
04:24.959  render           | Fra: 976 | Rendering 25 / 32 samples
04:25.009  render           | Fra: 976 | Rendering 32 / 32 samples
04:25.023  render           | Video append frame 976
04:25.024  render           | Time: 00:00.28 (Saving: 00:00.00)
04:25.024  render           | Rendering frame 977
04:25.024  render           | Start rendering: MORI_Assembly_Animation, 视图层
04:25.024  render           | Engine: EEVEE
04:25.074  render           | Fra: 977 | Rendering 1 / 32 samples
04:25.246  render           | Fra: 977 | Rendering 25 / 32 samples
04:25.296  render           | Fra: 977 | Rendering 32 / 32 samples
04:25.305  render           | Video append frame 977
04:25.305  render           | Time: 00:00.28 (Saving: 00:00.00)
04:25.305  render           | Rendering frame 978
04:25.305  render           | Start rendering: MORI_Assembly_Animation, 视图层
04:25.305  render           | Engine: EEVEE
04:25.362  render           | Fra: 978 | Rendering 1 / 32 samples
04:25.534  render           | Fra: 978 | Rendering 25 / 32 samples
04:25.581  render           | Fra: 978 | Rendering 32 / 32 samples
04:25.591  render           | Video append frame 978
04:25.591  render           | Time: 00:00.28 (Saving: 00:00.00)
04:25.591  render           | Rendering frame 979
04:25.591  render           | Start rendering: MORI_Assembly_Animation, 视图层
04:25.591  render           | Engine: EEVEE
04:25.645  render           | Fra: 979 | Rendering 1 / 32 samples
04:25.819  render           | Fra: 979 | Rendering 25 / 32 samples
04:25.868  render           | Fra: 979 | Rendering 32 / 32 samples
04:25.878  render           | Video append frame 979
04:25.878  render           | Time: 00:00.28 (Saving: 00:00.00)
04:25.878  render           | Rendering frame 980
04:25.878  render           | Start rendering: MORI_Assembly_Animation, 视图层
04:25.878  render           | Engine: EEVEE
04:25.933  render           | Fra: 980 | Rendering 1 / 32 samples
04:26.113  render           | Fra: 980 | Rendering 25 / 32 samples
04:26.164  render           | Fra: 980 | Rendering 32 / 32 samples
04:26.193  render           | Video append frame 980
04:26.193  render           | Time: 00:00.31 (Saving: 00:00.01)
04:26.193  render           | Rendering frame 981
04:26.193  render           | Start rendering: MORI_Assembly_Animation, 视图层
04:26.193  render           | Engine: EEVEE
04:26.251  render           | Fra: 981 | Rendering 1 / 32 samples
04:26.425  render           | Fra: 981 | Rendering 25 / 32 samples
04:26.475  render           | Fra: 981 | Rendering 32 / 32 samples
04:26.510  render           | Video append frame 981
04:26.510  render           | Time: 00:00.31 (Saving: 00:00.02)
04:26.510  render           | Rendering frame 982
04:26.510  render           | Start rendering: MORI_Assembly_Animation, 视图层
04:26.510  render           | Engine: EEVEE
04:26.569  render           | Fra: 982 | Rendering 1 / 32 samples
04:26.753  render           | Fra: 982 | Rendering 25 / 32 samples
04:26.807  render           | Fra: 982 | Rendering 32 / 32 samples
04:26.846  render           | Video append frame 982
04:26.846  render           | Time: 00:00.33 (Saving: 00:00.02)
04:26.846  render           | Rendering frame 983
04:26.847  render           | Start rendering: MORI_Assembly_Animation, 视图层
04:26.847  render           | Engine: EEVEE
04:26.918  render           | Fra: 983 | Rendering 1 / 32 samples
04:27.107  render           | Fra: 983 | Rendering 25 / 32 samples
04:27.162  render           | Fra: 983 | Rendering 32 / 32 samples
04:27.204  render           | Video append frame 983
04:27.204  render           | Time: 00:00.35 (Saving: 00:00.02)
04:27.204  render           | Rendering frame 984
04:27.204  render           | Start rendering: MORI_Assembly_Animation, 视图层
04:27.204  render           | Engine: EEVEE
04:27.281  render           | Fra: 984 | Rendering 1 / 32 samples
04:27.497  render           | Fra: 984 | Rendering 25 / 32 samples
04:27.557  render           | Fra: 984 | Rendering 32 / 32 samples
04:27.592  render           | Video append frame 984
04:27.592  render           | Time: 00:00.38 (Saving: 00:00.02)
04:27.592  render           | Rendering frame 985
04:27.592  render           | Start rendering: MORI_Assembly_Animation, 视图层
04:27.592  render           | Engine: EEVEE
04:27.667  render           | Fra: 985 | Rendering 1 / 32 samples
04:27.880  render           | Fra: 985 | Rendering 25 / 32 samples
04:27.942  render           | Fra: 985 | Rendering 32 / 32 samples
04:27.984  render           | Video append frame 985
04:27.984  render           | Time: 00:00.39 (Saving: 00:00.03)
04:27.984  render           | Rendering frame 986
04:27.984  render           | Start rendering: MORI_Assembly_Animation, 视图层
04:27.984  render           | Engine: EEVEE
04:28.053  render           | Fra: 986 | Rendering 1 / 32 samples
04:28.262  render           | Fra: 986 | Rendering 25 / 32 samples
04:28.323  render           | Fra: 986 | Rendering 32 / 32 samples
04:28.357  render           | Video append frame 986
04:28.357  render           | Time: 00:00.37 (Saving: 00:00.02)
04:28.357  render           | Rendering frame 987
04:28.357  render           | Start rendering: MORI_Assembly_Animation, 视图层
04:28.357  render           | Engine: EEVEE
04:28.423  render           | Fra: 987 | Rendering 1 / 32 samples
04:28.617  render           | Fra: 987 | Rendering 25 / 32 samples
04:28.670  render           | Fra: 987 | Rendering 32 / 32 samples
04:28.700  render           | Video append frame 987
04:28.701  render           | Time: 00:00.34 (Saving: 00:00.01)
04:28.701  render           | Rendering frame 988
04:28.701  render           | Start rendering: MORI_Assembly_Animation, 视图层
04:28.701  render           | Engine: EEVEE
04:28.765  render           | Fra: 988 | Rendering 1 / 32 samples
04:28.946  render           | Fra: 988 | Rendering 25 / 32 samples
04:28.999  render           | Fra: 988 | Rendering 32 / 32 samples
04:29.030  render           | Video append frame 988
04:29.030  render           | Time: 00:00.32 (Saving: 00:00.02)
04:29.030  render           | Rendering frame 989
04:29.030  render           | Start rendering: MORI_Assembly_Animation, 视图层
04:29.030  render           | Engine: EEVEE
04:29.094  render           | Fra: 989 | Rendering 1 / 32 samples
04:29.276  render           | Fra: 989 | Rendering 25 / 32 samples
04:29.328  render           | Fra: 989 | Rendering 32 / 32 samples
04:29.366  render           | Video append frame 989
04:29.367  render           | Time: 00:00.33 (Saving: 00:00.02)
04:29.367  render           | Rendering frame 990
04:29.367  render           | Start rendering: MORI_Assembly_Animation, 视图层
04:29.367  render           | Engine: EEVEE
04:29.430  render           | Fra: 990 | Rendering 1 / 32 samples
04:29.612  render           | Fra: 990 | Rendering 25 / 32 samples
04:29.664  render           | Fra: 990 | Rendering 32 / 32 samples
04:29.699  render           | Video append frame 990
04:29.699  render           | Time: 00:00.33 (Saving: 00:00.02)
04:29.699  render           | Rendering frame 991
04:29.699  render           | Start rendering: MORI_Assembly_Animation, 视图层
04:29.699  render           | Engine: EEVEE
04:29.764  render           | Fra: 991 | Rendering 1 / 32 samples
04:29.945  render           | Fra: 991 | Rendering 25 / 32 samples
04:29.997  render           | Fra: 991 | Rendering 32 / 32 samples
04:30.040  render           | Video append frame 991
04:30.040  render           | Time: 00:00.34 (Saving: 00:00.03)
04:30.040  render           | Rendering frame 992
04:30.040  render           | Start rendering: MORI_Assembly_Animation, 视图层
04:30.040  render           | Engine: EEVEE
04:30.103  render           | Fra: 992 | Rendering 1 / 32 samples
04:30.286  render           | Fra: 992 | Rendering 25 / 32 samples
04:30.338  render           | Fra: 992 | Rendering 32 / 32 samples
04:30.376  render           | Video append frame 992
04:30.376  render           | Time: 00:00.33 (Saving: 00:00.02)
04:30.376  render           | Rendering frame 993
04:30.376  render           | Start rendering: MORI_Assembly_Animation, 视图层
04:30.376  render           | Engine: EEVEE
04:30.441  render           | Fra: 993 | Rendering 1 / 32 samples
04:30.622  render           | Fra: 993 | Rendering 25 / 32 samples
04:30.675  render           | Fra: 993 | Rendering 32 / 32 samples
04:30.702  render           | Video append frame 993
04:30.702  render           | Time: 00:00.32 (Saving: 00:00.02)
04:30.702  render           | Rendering frame 994
04:30.702  render           | Start rendering: MORI_Assembly_Animation, 视图层
04:30.702  render           | Engine: EEVEE
04:30.766  render           | Fra: 994 | Rendering 1 / 32 samples
04:30.947  render           | Fra: 994 | Rendering 25 / 32 samples
04:30.999  render           | Fra: 994 | Rendering 32 / 32 samples
04:31.041  render           | Video append frame 994
04:31.041  render           | Time: 00:00.33 (Saving: 00:00.03)
04:31.041  render           | Rendering frame 995
04:31.042  render           | Start rendering: MORI_Assembly_Animation, 视图层
04:31.042  render           | Engine: EEVEE
04:31.105  render           | Fra: 995 | Rendering 1 / 32 samples
04:31.287  render           | Fra: 995 | Rendering 25 / 32 samples
04:31.340  render           | Fra: 995 | Rendering 32 / 32 samples
04:31.377  render           | Video append frame 995
04:31.377  render           | Time: 00:00.33 (Saving: 00:00.02)
04:31.377  render           | Rendering frame 996
04:31.378  render           | Start rendering: MORI_Assembly_Animation, 视图层
04:31.378  render           | Engine: EEVEE
04:31.440  render           | Fra: 996 | Rendering 1 / 32 samples
04:31.621  render           | Fra: 996 | Rendering 25 / 32 samples
04:31.674  render           | Fra: 996 | Rendering 32 / 32 samples
04:31.703  render           | Video append frame 996
04:31.703  render           | Time: 00:00.32 (Saving: 00:00.02)
04:31.703  render           | Rendering frame 997
04:31.703  render           | Start rendering: MORI_Assembly_Animation, 视图层
04:31.703  render           | Engine: EEVEE
04:31.775  render           | Fra: 997 | Rendering 1 / 32 samples
04:31.961  render           | Fra: 997 | Rendering 25 / 32 samples
04:32.015  render           | Fra: 997 | Rendering 32 / 32 samples
04:32.026  render           | Video append frame 997
04:32.026  render           | Time: 00:00.32 (Saving: 00:00.00)
04:32.026  render           | Rendering frame 998
04:32.026  render           | Start rendering: MORI_Assembly_Animation, 视图层
04:32.026  render           | Engine: EEVEE
04:32.089  render           | Fra: 998 | Rendering 1 / 32 samples
04:32.273  render           | Fra: 998 | Rendering 25 / 32 samples
04:32.325  render           | Fra: 998 | Rendering 32 / 32 samples
04:32.336  render           | Video append frame 998
04:32.336  render           | Time: 00:00.31 (Saving: 00:00.00)
04:32.336  render           | Rendering frame 999
04:32.336  render           | Start rendering: MORI_Assembly_Animation, 视图层
04:32.336  render           | Engine: EEVEE
04:32.396  render           | Fra: 999 | Rendering 1 / 32 samples
04:32.571  render           | Fra: 999 | Rendering 25 / 32 samples
04:32.620  render           | Fra: 999 | Rendering 32 / 32 samples
04:32.631  render           | Video append frame 999
04:32.631  render           | Time: 00:00.29 (Saving: 00:00.00)
04:32.631  render           | Rendering frame 1000
04:32.631  render           | Start rendering: MORI_Assembly_Animation, 视图层
04:32.631  render           | Engine: EEVEE
04:32.689  render           | Fra: 1000 | Rendering 1 / 32 samples
04:32.869  render           | Fra: 1000 | Rendering 25 / 32 samples
04:32.920  render           | Fra: 1000 | Rendering 32 / 32 samples
04:32.931  render           | Video append frame 1000
04:32.931  render           | Time: 00:00.29 (Saving: 00:00.00)
04:32.931  render           | Rendering frame 1001
04:32.931  render           | Start rendering: MORI_Assembly_Animation, 视图层
04:32.931  render           | Engine: EEVEE
04:32.998  render           | Fra: 1001 | Rendering 1 / 32 samples
04:33.176  render           | Fra: 1001 | Rendering 25 / 32 samples
04:33.228  render           | Fra: 1001 | Rendering 32 / 32 samples
04:33.239  render           | Video append frame 1001
04:33.239  render           | Time: 00:00.30 (Saving: 00:00.00)
04:33.239  render           | Rendering frame 1002
04:33.239  render           | Start rendering: MORI_Assembly_Animation, 视图层
04:33.239  render           | Engine: EEVEE
04:33.300  render           | Fra: 1002 | Rendering 1 / 32 samples
04:33.478  render           | Fra: 1002 | Rendering 25 / 32 samples
04:33.530  render           | Fra: 1002 | Rendering 32 / 32 samples
04:33.541  render           | Video append frame 1002
04:33.541  render           | Time: 00:00.30 (Saving: 00:00.00)
04:33.541  render           | Rendering frame 1003
04:33.541  render           | Start rendering: MORI_Assembly_Animation, 视图层
04:33.541  render           | Engine: EEVEE
04:33.619  render           | Fra: 1003 | Rendering 1 / 32 samples
04:33.794  render           | Fra: 1003 | Rendering 25 / 32 samples
04:33.844  render           | Fra: 1003 | Rendering 32 / 32 samples
04:33.854  render           | Video append frame 1003
04:33.854  render           | Time: 00:00.31 (Saving: 00:00.00)
04:33.854  render           | Rendering frame 1004
04:33.854  render           | Start rendering: MORI_Assembly_Animation, 视图层
04:33.854  render           | Engine: EEVEE
04:33.913  render           | Fra: 1004 | Rendering 1 / 32 samples
04:34.090  render           | Fra: 1004 | Rendering 25 / 32 samples
04:34.140  render           | Fra: 1004 | Rendering 32 / 32 samples
04:34.150  render           | Video append frame 1004
04:34.150  render           | Time: 00:00.29 (Saving: 00:00.00)
04:34.150  render           | Rendering frame 1005
04:34.150  render           | Start rendering: MORI_Assembly_Animation, 视图层
04:34.150  render           | Engine: EEVEE
04:34.205  render           | Fra: 1005 | Rendering 1 / 32 samples
04:34.376  render           | Fra: 1005 | Rendering 25 / 32 samples
04:34.426  render           | Fra: 1005 | Rendering 32 / 32 samples
04:34.435  render           | Video append frame 1005
04:34.435  render           | Time: 00:00.28 (Saving: 00:00.00)
04:34.435  render           | Rendering frame 1006
04:34.435  render           | Start rendering: MORI_Assembly_Animation, 视图层
04:34.435  render           | Engine: EEVEE
04:34.491  render           | Fra: 1006 | Rendering 1 / 32 samples
04:34.661  render           | Fra: 1006 | Rendering 25 / 32 samples
04:34.711  render           | Fra: 1006 | Rendering 32 / 32 samples
04:34.721  render           | Video append frame 1006
04:34.721  render           | Time: 00:00.28 (Saving: 00:00.00)
04:34.721  render           | Rendering frame 1007
04:34.721  render           | Start rendering: MORI_Assembly_Animation, 视图层
04:34.721  render           | Engine: EEVEE
04:34.776  render           | Fra: 1007 | Rendering 1 / 32 samples
04:34.944  render           | Fra: 1007 | Rendering 25 / 32 samples
04:34.994  render           | Fra: 1007 | Rendering 32 / 32 samples
04:35.004  render           | Video append frame 1007
04:35.004  render           | Time: 00:00.28 (Saving: 00:00.00)
04:35.004  render           | Rendering frame 1008
04:35.004  render           | Start rendering: MORI_Assembly_Animation, 视图层
04:35.004  render           | Engine: EEVEE
04:35.056  render           | Fra: 1008 | Rendering 1 / 32 samples
04:35.227  render           | Fra: 1008 | Rendering 25 / 32 samples
04:35.276  render           | Fra: 1008 | Rendering 32 / 32 samples
04:35.286  render           | Video append frame 1008
04:35.286  render           | Time: 00:00.28 (Saving: 00:00.00)
04:35.286  render           | Rendering frame 1009
04:35.286  render           | Start rendering: MORI_Assembly_Animation, 视图层
04:35.286  render           | Engine: EEVEE
04:35.345  render           | Fra: 1009 | Rendering 1 / 32 samples
04:35.522  render           | Fra: 1009 | Rendering 25 / 32 samples
04:35.574  render           | Fra: 1009 | Rendering 32 / 32 samples
04:35.588  render           | Video append frame 1009
04:35.588  render           | Time: 00:00.30 (Saving: 00:00.00)
04:35.588  render           | Rendering frame 1010
04:35.588  render           | Start rendering: MORI_Assembly_Animation, 视图层
04:35.588  render           | Engine: EEVEE
04:35.650  render           | Fra: 1010 | Rendering 1 / 32 samples
04:35.824  render           | Fra: 1010 | Rendering 25 / 32 samples
04:35.870  render           | Fra: 1010 | Rendering 32 / 32 samples
04:35.910  render           | Video append frame 1010
04:35.910  render           | Time: 00:00.32 (Saving: 00:00.02)
04:35.910  render           | Rendering frame 1011
04:35.910  render           | Start rendering: MORI_Assembly_Animation, 视图层
04:35.910  render           | Engine: EEVEE
04:35.986  render           | Fra: 1011 | Rendering 1 / 32 samples
04:36.151  render           | Fra: 1011 | Rendering 25 / 32 samples
04:36.202  render           | Fra: 1011 | Rendering 32 / 32 samples
04:36.244  render           | Video append frame 1011
04:36.244  render           | Time: 00:00.33 (Saving: 00:00.03)
04:36.244  render           | Rendering frame 1012
04:36.245  render           | Start rendering: MORI_Assembly_Animation, 视图层
04:36.245  render           | Engine: EEVEE
04:36.325  render           | Fra: 1012 | Rendering 1 / 32 samples
04:36.506  render           | Fra: 1012 | Rendering 25 / 32 samples
04:36.560  render           | Fra: 1012 | Rendering 32 / 32 samples
04:36.619  render           | Video append frame 1012
04:36.619  render           | Time: 00:00.37 (Saving: 00:00.04)
04:36.619  render           | Rendering frame 1013
04:36.619  render           | Start rendering: MORI_Assembly_Animation, 视图层
04:36.619  render           | Engine: EEVEE
04:36.690  render           | Fra: 1013 | Rendering 1 / 32 samples
04:36.875  render           | Fra: 1013 | Rendering 25 / 32 samples
04:36.929  render           | Fra: 1013 | Rendering 32 / 32 samples
04:36.964  render           | Video append frame 1013
04:36.964  render           | Time: 00:00.34 (Saving: 00:00.02)
04:36.964  render           | Rendering frame 1014
04:36.964  render           | Start rendering: MORI_Assembly_Animation, 视图层
04:36.964  render           | Engine: EEVEE
04:37.040  render           | Fra: 1014 | Rendering 1 / 32 samples
04:37.224  render           | Fra: 1014 | Rendering 25 / 32 samples
04:37.277  render           | Fra: 1014 | Rendering 32 / 32 samples
04:37.308  render           | Video append frame 1014
04:37.308  render           | Time: 00:00.34 (Saving: 00:00.02)
04:37.308  render           | Rendering frame 1015
04:37.308  render           | Start rendering: MORI_Assembly_Animation, 视图层
04:37.308  render           | Engine: EEVEE
04:37.375  render           | Fra: 1015 | Rendering 1 / 32 samples
04:37.558  render           | Fra: 1015 | Rendering 25 / 32 samples
04:37.611  render           | Fra: 1015 | Rendering 32 / 32 samples
04:37.645  render           | Video append frame 1015
04:37.645  render           | Time: 00:00.33 (Saving: 00:00.02)
04:37.645  render           | Rendering frame 1016
04:37.645  render           | Start rendering: MORI_Assembly_Animation, 视图层
04:37.645  render           | Engine: EEVEE
04:37.714  render           | Fra: 1016 | Rendering 1 / 32 samples
04:37.896  render           | Fra: 1016 | Rendering 25 / 32 samples
04:37.952  render           | Fra: 1016 | Rendering 32 / 32 samples
04:37.966  render           | Video append frame 1016
04:37.966  render           | Time: 00:00.32 (Saving: 00:00.00)
04:37.966  render           | Rendering frame 1017
04:37.966  render           | Start rendering: MORI_Assembly_Animation, 视图层
04:37.966  render           | Engine: EEVEE
04:38.036  render           | Fra: 1017 | Rendering 1 / 32 samples
04:38.220  render           | Fra: 1017 | Rendering 25 / 32 samples
04:38.275  render           | Fra: 1017 | Rendering 32 / 32 samples
04:38.287  render           | Video append frame 1017
04:38.287  render           | Time: 00:00.32 (Saving: 00:00.00)
04:38.287  render           | Rendering frame 1018
04:38.288  render           | Start rendering: MORI_Assembly_Animation, 视图层
04:38.288  render           | Engine: EEVEE
04:38.354  render           | Fra: 1018 | Rendering 1 / 32 samples
04:38.539  render           | Fra: 1018 | Rendering 25 / 32 samples
04:38.592  render           | Fra: 1018 | Rendering 32 / 32 samples
04:38.609  render           | Video append frame 1018
04:38.609  render           | Time: 00:00.32 (Saving: 00:00.00)
04:38.609  render           | Rendering frame 1019
04:38.610  render           | Start rendering: MORI_Assembly_Animation, 视图层
04:38.610  render           | Engine: EEVEE
04:38.671  render           | Fra: 1019 | Rendering 1 / 32 samples
04:38.853  render           | Fra: 1019 | Rendering 25 / 32 samples
04:38.906  render           | Fra: 1019 | Rendering 32 / 32 samples
04:38.916  render           | Video append frame 1019
04:38.916  render           | Time: 00:00.30 (Saving: 00:00.00)
04:38.916  render           | Rendering frame 1020
04:38.917  render           | Start rendering: MORI_Assembly_Animation, 视图层
04:38.917  render           | Engine: EEVEE
04:38.975  render           | Fra: 1020 | Rendering 1 / 32 samples
04:39.157  render           | Fra: 1020 | Rendering 25 / 32 samples
04:39.210  render           | Fra: 1020 | Rendering 32 / 32 samples
04:39.221  render           | Video append frame 1020
04:39.222  render           | Time: 00:00.30 (Saving: 00:00.00)
04:39.222  render           | Rendering frame 1021
04:39.222  render           | Start rendering: MORI_Assembly_Animation, 视图层
04:39.222  render           | Engine: EEVEE
04:39.282  render           | Fra: 1021 | Rendering 1 / 32 samples
04:39.462  render           | Fra: 1021 | Rendering 25 / 32 samples
04:39.514  render           | Fra: 1021 | Rendering 32 / 32 samples
04:39.526  render           | Video append frame 1021
04:39.526  render           | Time: 00:00.30 (Saving: 00:00.00)
04:39.526  render           | Rendering frame 1022
04:39.526  render           | Start rendering: MORI_Assembly_Animation, 视图层
04:39.526  render           | Engine: EEVEE
04:39.586  render           | Fra: 1022 | Rendering 1 / 32 samples
04:39.771  render           | Fra: 1022 | Rendering 25 / 32 samples
04:39.824  render           | Fra: 1022 | Rendering 32 / 32 samples
04:39.835  render           | Video append frame 1022
04:39.835  render           | Time: 00:00.30 (Saving: 00:00.00)
04:39.835  render           | Rendering frame 1023
04:39.835  render           | Start rendering: MORI_Assembly_Animation, 视图层
04:39.835  render           | Engine: EEVEE
04:39.902  render           | Fra: 1023 | Rendering 1 / 32 samples
04:40.077  render           | Fra: 1023 | Rendering 25 / 32 samples
04:40.128  render           | Fra: 1023 | Rendering 32 / 32 samples
04:40.139  render           | Video append frame 1023
04:40.139  render           | Time: 00:00.30 (Saving: 00:00.00)
04:40.139  render           | Rendering frame 1024
04:40.139  render           | Start rendering: MORI_Assembly_Animation, 视图层
04:40.139  render           | Engine: EEVEE
04:40.196  render           | Fra: 1024 | Rendering 1 / 32 samples
04:40.369  render           | Fra: 1024 | Rendering 25 / 32 samples
04:40.419  render           | Fra: 1024 | Rendering 32 / 32 samples
04:40.429  render           | Video append frame 1024
04:40.429  render           | Time: 00:00.29 (Saving: 00:00.00)
04:40.429  render           | Rendering frame 1025
04:40.429  render           | Start rendering: MORI_Assembly_Animation, 视图层
04:40.429  render           | Engine: EEVEE
04:40.480  render           | Fra: 1025 | Rendering 1 / 32 samples
04:40.652  render           | Fra: 1025 | Rendering 25 / 32 samples
04:40.702  render           | Fra: 1025 | Rendering 32 / 32 samples
04:40.712  render           | Video append frame 1025
04:40.712  render           | Time: 00:00.28 (Saving: 00:00.00)
04:40.712  render           | Rendering frame 1026
04:40.712  render           | Start rendering: MORI_Assembly_Animation, 视图层
04:40.712  render           | Engine: EEVEE
04:40.763  render           | Fra: 1026 | Rendering 1 / 32 samples
04:40.935  render           | Fra: 1026 | Rendering 25 / 32 samples
04:40.985  render           | Fra: 1026 | Rendering 32 / 32 samples
04:40.995  render           | Video append frame 1026
04:40.995  render           | Time: 00:00.28 (Saving: 00:00.00)
04:40.995  render           | Rendering frame 1027
04:40.995  render           | Start rendering: MORI_Assembly_Animation, 视图层
04:40.995  render           | Engine: EEVEE
04:41.047  render           | Fra: 1027 | Rendering 1 / 32 samples
04:41.219  render           | Fra: 1027 | Rendering 25 / 32 samples
04:41.269  render           | Fra: 1027 | Rendering 32 / 32 samples
04:41.279  render           | Video append frame 1027
04:41.279  render           | Time: 00:00.28 (Saving: 00:00.00)
04:41.279  render           | Rendering frame 1028
04:41.279  render           | Start rendering: MORI_Assembly_Animation, 视图层
04:41.279  render           | Engine: EEVEE
04:41.330  render           | Fra: 1028 | Rendering 1 / 32 samples
04:41.502  render           | Fra: 1028 | Rendering 25 / 32 samples
04:41.552  render           | Fra: 1028 | Rendering 32 / 32 samples
04:41.562  render           | Video append frame 1028
04:41.562  render           | Time: 00:00.28 (Saving: 00:00.00)
04:41.562  render           | Rendering frame 1029
04:41.562  render           | Start rendering: MORI_Assembly_Animation, 视图层
04:41.562  render           | Engine: EEVEE
04:41.611  render           | Fra: 1029 | Rendering 1 / 32 samples
04:41.788  render           | Fra: 1029 | Rendering 25 / 32 samples
04:41.840  render           | Fra: 1029 | Rendering 32 / 32 samples
04:41.854  render           | Video append frame 1029
04:41.854  render           | Time: 00:00.29 (Saving: 00:00.00)
04:41.854  render           | Rendering frame 1030
04:41.854  render           | Start rendering: MORI_Assembly_Animation, 视图层
04:41.854  render           | Engine: EEVEE
04:41.910  render           | Fra: 1030 | Rendering 1 / 32 samples
04:42.087  render           | Fra: 1030 | Rendering 25 / 32 samples
04:42.141  render           | Fra: 1030 | Rendering 32 / 32 samples
04:42.164  render           | Video append frame 1030
04:42.164  render           | Time: 00:00.30 (Saving: 00:00.01)
04:42.164  render           | Rendering frame 1031
04:42.164  render           | Start rendering: MORI_Assembly_Animation, 视图层
04:42.164  render           | Engine: EEVEE
04:42.229  render           | Fra: 1031 | Rendering 1 / 32 samples
04:42.414  render           | Fra: 1031 | Rendering 25 / 32 samples
04:42.468  render           | Fra: 1031 | Rendering 32 / 32 samples
04:42.506  render           | Video append frame 1031
04:42.506  render           | Time: 00:00.34 (Saving: 00:00.02)
04:42.506  render           | Rendering frame 1032
04:42.506  render           | Start rendering: MORI_Assembly_Animation, 视图层
04:42.506  render           | Engine: EEVEE
04:42.586  render           | Fra: 1032 | Rendering 1 / 32 samples
04:42.772  render           | Fra: 1032 | Rendering 25 / 32 samples
04:42.828  render           | Fra: 1032 | Rendering 32 / 32 samples
04:42.867  render           | Video append frame 1032
04:42.867  render           | Time: 00:00.36 (Saving: 00:00.02)
04:42.867  render           | Rendering frame 1033
04:42.867  render           | Start rendering: MORI_Assembly_Animation, 视图层
04:42.867  render           | Engine: EEVEE
04:42.938  render           | Fra: 1033 | Rendering 1 / 32 samples
04:43.126  render           | Fra: 1033 | Rendering 25 / 32 samples
04:43.181  render           | Fra: 1033 | Rendering 32 / 32 samples
04:43.220  render           | Video append frame 1033
04:43.220  render           | Time: 00:00.35 (Saving: 00:00.02)
04:43.220  render           | Rendering frame 1034
04:43.220  render           | Start rendering: MORI_Assembly_Animation, 视图层
04:43.220  render           | Engine: EEVEE
04:43.302  render           | Fra: 1034 | Rendering 1 / 32 samples
04:43.486  render           | Fra: 1034 | Rendering 25 / 32 samples
04:43.541  render           | Fra: 1034 | Rendering 32 / 32 samples
04:43.578  render           | Video append frame 1034
04:43.578  render           | Time: 00:00.35 (Saving: 00:00.02)
04:43.578  render           | Rendering frame 1035
04:43.578  render           | Start rendering: MORI_Assembly_Animation, 视图层
04:43.578  render           | Engine: EEVEE
04:43.643  render           | Fra: 1035 | Rendering 1 / 32 samples
04:43.826  render           | Fra: 1035 | Rendering 25 / 32 samples
04:43.880  render           | Fra: 1035 | Rendering 32 / 32 samples
04:43.913  render           | Video append frame 1035
04:43.913  render           | Time: 00:00.33 (Saving: 00:00.02)
04:43.913  render           | Rendering frame 1036
04:43.913  render           | Start rendering: MORI_Assembly_Animation, 视图层
04:43.913  render           | Engine: EEVEE
04:43.978  render           | Fra: 1036 | Rendering 1 / 32 samples
04:44.161  render           | Fra: 1036 | Rendering 25 / 32 samples
04:44.217  render           | Fra: 1036 | Rendering 32 / 32 samples
04:44.230  render           | Video append frame 1036
04:44.230  render           | Time: 00:00.31 (Saving: 00:00.00)
04:44.230  render           | Rendering frame 1037
04:44.230  render           | Start rendering: MORI_Assembly_Animation, 视图层
04:44.230  render           | Engine: EEVEE
04:44.299  render           | Fra: 1037 | Rendering 1 / 32 samples
04:44.482  render           | Fra: 1037 | Rendering 25 / 32 samples
04:44.535  render           | Fra: 1037 | Rendering 32 / 32 samples
04:44.547  render           | Video append frame 1037
04:44.547  render           | Time: 00:00.31 (Saving: 00:00.00)
04:44.547  render           | Rendering frame 1038
04:44.547  render           | Start rendering: MORI_Assembly_Animation, 视图层
04:44.547  render           | Engine: EEVEE
04:44.614  render           | Fra: 1038 | Rendering 1 / 32 samples
04:44.801  render           | Fra: 1038 | Rendering 25 / 32 samples
04:44.853  render           | Fra: 1038 | Rendering 32 / 32 samples
04:44.865  render           | Video append frame 1038
04:44.865  render           | Time: 00:00.31 (Saving: 00:00.00)
04:44.865  render           | Rendering frame 1039
04:44.865  render           | Start rendering: MORI_Assembly_Animation, 视图层
04:44.865  render           | Engine: EEVEE
04:44.930  render           | Fra: 1039 | Rendering 1 / 32 samples
04:45.114  render           | Fra: 1039 | Rendering 25 / 32 samples
04:45.167  render           | Fra: 1039 | Rendering 32 / 32 samples
04:45.178  render           | Video append frame 1039
04:45.178  render           | Time: 00:00.31 (Saving: 00:00.00)
04:45.178  render           | Rendering frame 1040
04:45.178  render           | Start rendering: MORI_Assembly_Animation, 视图层
04:45.178  render           | Engine: EEVEE
04:45.238  render           | Fra: 1040 | Rendering 1 / 32 samples
04:45.422  render           | Fra: 1040 | Rendering 25 / 32 samples
04:45.475  render           | Fra: 1040 | Rendering 32 / 32 samples
04:45.487  render           | Video append frame 1040
04:45.487  render           | Time: 00:00.30 (Saving: 00:00.00)
04:45.487  render           | Rendering frame 1041
04:45.487  render           | Start rendering: MORI_Assembly_Animation, 视图层
04:45.487  render           | Engine: EEVEE
04:45.549  render           | Fra: 1041 | Rendering 1 / 32 samples
04:45.730  render           | Fra: 1041 | Rendering 25 / 32 samples
04:45.782  render           | Fra: 1041 | Rendering 32 / 32 samples
04:45.794  render           | Video append frame 1041
04:45.794  render           | Time: 00:00.30 (Saving: 00:00.00)
04:45.794  render           | Rendering frame 1042
04:45.794  render           | Start rendering: MORI_Assembly_Animation, 视图层
04:45.794  render           | Engine: EEVEE
04:45.854  render           | Fra: 1042 | Rendering 1 / 32 samples
04:46.038  render           | Fra: 1042 | Rendering 25 / 32 samples
04:46.091  render           | Fra: 1042 | Rendering 32 / 32 samples
04:46.102  render           | Video append frame 1042
04:46.102  render           | Time: 00:00.30 (Saving: 00:00.00)
04:46.102  render           | Rendering frame 1043
04:46.102  render           | Start rendering: MORI_Assembly_Animation, 视图层
04:46.102  render           | Engine: EEVEE
04:46.167  render           | Fra: 1043 | Rendering 1 / 32 samples
04:46.344  render           | Fra: 1043 | Rendering 25 / 32 samples
04:46.394  render           | Fra: 1043 | Rendering 32 / 32 samples
04:46.405  render           | Video append frame 1043
04:46.405  render           | Time: 00:00.30 (Saving: 00:00.00)
04:46.405  render           | Rendering frame 1044
04:46.405  render           | Start rendering: MORI_Assembly_Animation, 视图层
04:46.405  render           | Engine: EEVEE
04:46.459  render           | Fra: 1044 | Rendering 1 / 32 samples
04:46.630  render           | Fra: 1044 | Rendering 25 / 32 samples
04:46.680  render           | Fra: 1044 | Rendering 32 / 32 samples
04:46.690  render           | Video append frame 1044
04:46.690  render           | Time: 00:00.28 (Saving: 00:00.00)
04:46.690  render           | Rendering frame 1045
04:46.690  render           | Start rendering: MORI_Assembly_Animation, 视图层
04:46.690  render           | Engine: EEVEE
04:46.743  render           | Fra: 1045 | Rendering 1 / 32 samples
04:46.915  render           | Fra: 1045 | Rendering 25 / 32 samples
04:46.965  render           | Fra: 1045 | Rendering 32 / 32 samples
04:46.974  render           | Video append frame 1045
04:46.974  render           | Time: 00:00.28 (Saving: 00:00.00)
04:46.974  render           | Rendering frame 1046
04:46.974  render           | Start rendering: MORI_Assembly_Animation, 视图层
04:46.974  render           | Engine: EEVEE
04:47.025  render           | Fra: 1046 | Rendering 1 / 32 samples
04:47.197  render           | Fra: 1046 | Rendering 25 / 32 samples
04:47.247  render           | Fra: 1046 | Rendering 32 / 32 samples
04:47.257  render           | Video append frame 1046
04:47.257  render           | Time: 00:00.28 (Saving: 00:00.00)
04:47.257  render           | Rendering frame 1047
04:47.257  render           | Start rendering: MORI_Assembly_Animation, 视图层
04:47.257  render           | Engine: EEVEE
04:47.314  render           | Fra: 1047 | Rendering 1 / 32 samples
04:47.488  render           | Fra: 1047 | Rendering 25 / 32 samples
04:47.538  render           | Fra: 1047 | Rendering 32 / 32 samples
04:47.548  render           | Video append frame 1047
04:47.548  render           | Time: 00:00.29 (Saving: 00:00.00)
04:47.548  render           | Rendering frame 1048
04:47.548  render           | Start rendering: MORI_Assembly_Animation, 视图层
04:47.548  render           | Engine: EEVEE
04:47.603  render           | Fra: 1048 | Rendering 1 / 32 samples
04:47.772  render           | Fra: 1048 | Rendering 25 / 32 samples
04:47.821  render           | Fra: 1048 | Rendering 32 / 32 samples
04:47.832  render           | Video append frame 1048
04:47.832  render           | Time: 00:00.28 (Saving: 00:00.00)
04:47.832  render           | Rendering frame 1049
04:47.832  render           | Start rendering: MORI_Assembly_Animation, 视图层
04:47.832  render           | Engine: EEVEE
04:47.888  render           | Fra: 1049 | Rendering 1 / 32 samples
04:48.056  render           | Fra: 1049 | Rendering 25 / 32 samples
04:48.104  render           | Fra: 1049 | Rendering 32 / 32 samples
04:48.115  render           | Video append frame 1049
04:48.115  render           | Time: 00:00.28 (Saving: 00:00.00)
04:48.115  render           | Rendering frame 1050
04:48.115  render           | Start rendering: MORI_Assembly_Animation, 视图层
04:48.115  render           | Engine: EEVEE
04:48.174  render           | Fra: 1050 | Rendering 1 / 32 samples
04:48.347  render           | Fra: 1050 | Rendering 25 / 32 samples
04:48.397  render           | Fra: 1050 | Rendering 32 / 32 samples
04:48.437  render           | Video append frame 1050
04:48.437  render           | Time: 00:00.32 (Saving: 00:00.03)
04:48.437  render           | Rendering frame 1051
04:48.437  render           | Start rendering: MORI_Assembly_Animation, 视图层
04:48.437  render           | Engine: EEVEE
04:48.509  render           | Fra: 1051 | Rendering 1 / 32 samples
04:48.683  render           | Fra: 1051 | Rendering 25 / 32 samples
04:48.734  render           | Fra: 1051 | Rendering 32 / 32 samples
04:48.784  render           | Video append frame 1051
04:48.784  render           | Time: 00:00.34 (Saving: 00:00.03)
04:48.784  render           | Rendering frame 1052
04:48.784  render           | Start rendering: MORI_Assembly_Animation, 视图层
04:48.784  render           | Engine: EEVEE
04:48.868  render           | Fra: 1052 | Rendering 1 / 32 samples
04:49.053  render           | Fra: 1052 | Rendering 25 / 32 samples
04:49.108  render           | Fra: 1052 | Rendering 32 / 32 samples
04:49.157  render           | Video append frame 1052
04:49.157  render           | Time: 00:00.37 (Saving: 00:00.04)
04:49.157  render           | Rendering frame 1053
04:49.157  render           | Start rendering: MORI_Assembly_Animation, 视图层
04:49.157  render           | Engine: EEVEE
04:49.233  render           | Fra: 1053 | Rendering 1 / 32 samples
04:49.418  render           | Fra: 1053 | Rendering 25 / 32 samples
04:49.477  render           | Fra: 1053 | Rendering 32 / 32 samples
04:49.517  render           | Video append frame 1053
04:49.517  render           | Time: 00:00.35 (Saving: 00:00.02)
04:49.517  render           | Rendering frame 1054
04:49.517  render           | Start rendering: MORI_Assembly_Animation, 视图层
04:49.517  render           | Engine: EEVEE
04:49.593  render           | Fra: 1054 | Rendering 1 / 32 samples
04:49.783  render           | Fra: 1054 | Rendering 25 / 32 samples
04:49.838  render           | Fra: 1054 | Rendering 32 / 32 samples
04:49.886  render           | Video append frame 1054
04:49.887  render           | Time: 00:00.36 (Saving: 00:00.03)
04:49.887  render           | Rendering frame 1055
04:49.887  render           | Start rendering: MORI_Assembly_Animation, 视图层
04:49.887  render           | Engine: EEVEE
04:49.962  render           | Fra: 1055 | Rendering 1 / 32 samples
04:50.146  render           | Fra: 1055 | Rendering 25 / 32 samples
04:50.199  render           | Fra: 1055 | Rendering 32 / 32 samples
04:50.243  render           | Video append frame 1055
04:50.243  render           | Time: 00:00.35 (Saving: 00:00.02)
04:50.243  render           | Rendering frame 1056
04:50.243  render           | Start rendering: MORI_Assembly_Animation, 视图层
04:50.243  render           | Engine: EEVEE
04:50.312  render           | Fra: 1056 | Rendering 1 / 32 samples
04:50.495  render           | Fra: 1056 | Rendering 25 / 32 samples
04:50.548  render           | Fra: 1056 | Rendering 32 / 32 samples
04:50.588  render           | Video append frame 1056
04:50.588  render           | Time: 00:00.34 (Saving: 00:00.02)
04:50.588  render           | Rendering frame 1057
04:50.588  render           | Start rendering: MORI_Assembly_Animation, 视图层
04:50.588  render           | Engine: EEVEE
04:50.660  render           | Fra: 1057 | Rendering 1 / 32 samples
04:50.872  render           | Fra: 1057 | Rendering 25 / 32 samples
04:50.932  render           | Fra: 1057 | Rendering 32 / 32 samples
04:50.943  render           | Video append frame 1057
04:50.944  render           | Time: 00:00.35 (Saving: 00:00.00)
04:50.944  render           | Rendering frame 1058
04:50.944  render           | Start rendering: MORI_Assembly_Animation, 视图层
04:50.944  render           | Engine: EEVEE
04:51.011  render           | Fra: 1058 | Rendering 1 / 32 samples
04:51.222  render           | Fra: 1058 | Rendering 25 / 32 samples
04:51.283  render           | Fra: 1058 | Rendering 32 / 32 samples
04:51.295  render           | Video append frame 1058
04:51.295  render           | Time: 00:00.35 (Saving: 00:00.00)
04:51.295  render           | Rendering frame 1059
04:51.295  render           | Start rendering: MORI_Assembly_Animation, 视图层
04:51.295  render           | Engine: EEVEE
04:51.358  render           | Fra: 1059 | Rendering 1 / 32 samples
04:51.542  render           | Fra: 1059 | Rendering 25 / 32 samples
04:51.596  render           | Fra: 1059 | Rendering 32 / 32 samples
04:51.607  render           | Video append frame 1059
04:51.607  render           | Time: 00:00.31 (Saving: 00:00.00)
04:51.607  render           | Rendering frame 1060
04:51.607  render           | Start rendering: MORI_Assembly_Animation, 视图层
04:51.607  render           | Engine: EEVEE
04:51.663  render           | Fra: 1060 | Rendering 1 / 32 samples
04:51.845  render           | Fra: 1060 | Rendering 25 / 32 samples
04:51.899  render           | Fra: 1060 | Rendering 32 / 32 samples
04:51.910  render           | Video append frame 1060
04:51.910  render           | Time: 00:00.30 (Saving: 00:00.00)
04:51.910  render           | Rendering frame 1061
04:51.910  render           | Start rendering: MORI_Assembly_Animation, 视图层
04:51.910  render           | Engine: EEVEE
04:51.967  render           | Fra: 1061 | Rendering 1 / 32 samples
04:52.144  render           | Fra: 1061 | Rendering 25 / 32 samples
04:52.196  render           | Fra: 1061 | Rendering 32 / 32 samples
04:52.208  render           | Video append frame 1061
04:52.208  render           | Time: 00:00.29 (Saving: 00:00.00)
04:52.208  render           | Rendering frame 1062
04:52.208  render           | Start rendering: MORI_Assembly_Animation, 视图层
04:52.208  render           | Engine: EEVEE
04:52.267  render           | Fra: 1062 | Rendering 1 / 32 samples
04:52.450  render           | Fra: 1062 | Rendering 25 / 32 samples
04:52.501  render           | Fra: 1062 | Rendering 32 / 32 samples
04:52.514  render           | Video append frame 1062
04:52.514  render           | Time: 00:00.30 (Saving: 00:00.00)
04:52.514  render           | Rendering frame 1063
04:52.514  render           | Start rendering: MORI_Assembly_Animation, 视图层
04:52.514  render           | Engine: EEVEE
04:52.581  render           | Fra: 1063 | Rendering 1 / 32 samples
04:52.752  render           | Fra: 1063 | Rendering 25 / 32 samples
04:52.802  render           | Fra: 1063 | Rendering 32 / 32 samples
04:52.814  render           | Video append frame 1063
04:52.814  render           | Time: 00:00.29 (Saving: 00:00.00)
04:52.814  render           | Rendering frame 1064
04:52.814  render           | Start rendering: MORI_Assembly_Animation, 视图层
04:52.814  render           | Engine: EEVEE
04:52.871  render           | Fra: 1064 | Rendering 1 / 32 samples
04:53.042  render           | Fra: 1064 | Rendering 25 / 32 samples
04:53.093  render           | Fra: 1064 | Rendering 32 / 32 samples
04:53.104  render           | Video append frame 1064
04:53.104  render           | Time: 00:00.29 (Saving: 00:00.00)
04:53.104  render           | Rendering frame 1065
04:53.104  render           | Start rendering: MORI_Assembly_Animation, 视图层
04:53.104  render           | Engine: EEVEE
04:53.164  render           | Fra: 1065 | Rendering 1 / 32 samples
04:53.332  render           | Fra: 1065 | Rendering 25 / 32 samples
04:53.382  render           | Fra: 1065 | Rendering 32 / 32 samples
04:53.393  render           | Video append frame 1065
04:53.393  render           | Time: 00:00.28 (Saving: 00:00.00)
04:53.393  render           | Rendering frame 1066
04:53.393  render           | Start rendering: MORI_Assembly_Animation, 视图层
04:53.393  render           | Engine: EEVEE
04:53.449  render           | Fra: 1066 | Rendering 1 / 32 samples
04:53.619  render           | Fra: 1066 | Rendering 25 / 32 samples
04:53.668  render           | Fra: 1066 | Rendering 32 / 32 samples
04:53.680  render           | Video append frame 1066
04:53.680  render           | Time: 00:00.28 (Saving: 00:00.00)
04:53.680  render           | Rendering frame 1067
04:53.680  render           | Start rendering: MORI_Assembly_Animation, 视图层
04:53.680  render           | Engine: EEVEE
04:53.734  render           | Fra: 1067 | Rendering 1 / 32 samples
04:53.903  render           | Fra: 1067 | Rendering 25 / 32 samples
04:53.954  render           | Fra: 1067 | Rendering 32 / 32 samples
04:53.964  render           | Video append frame 1067
04:53.964  render           | Time: 00:00.28 (Saving: 00:00.00)
04:53.964  render           | Rendering frame 1068
04:53.965  render           | Start rendering: MORI_Assembly_Animation, 视图层
04:53.965  render           | Engine: EEVEE
04:54.022  render           | Fra: 1068 | Rendering 1 / 32 samples
04:54.200  render           | Fra: 1068 | Rendering 25 / 32 samples
04:54.251  render           | Fra: 1068 | Rendering 32 / 32 samples
04:54.264  render           | Video append frame 1068
04:54.264  render           | Time: 00:00.29 (Saving: 00:00.00)
04:54.264  render           | Rendering frame 1069
04:54.264  render           | Start rendering: MORI_Assembly_Animation, 视图层
04:54.264  render           | Engine: EEVEE
04:54.325  render           | Fra: 1069 | Rendering 1 / 32 samples
04:54.509  render           | Fra: 1069 | Rendering 25 / 32 samples
04:54.563  render           | Fra: 1069 | Rendering 32 / 32 samples
04:54.577  render           | Video append frame 1069
04:54.577  render           | Time: 00:00.31 (Saving: 00:00.00)
04:54.577  render           | Rendering frame 1070
04:54.578  render           | Start rendering: MORI_Assembly_Animation, 视图层
04:54.578  render           | Engine: EEVEE
04:54.641  render           | Fra: 1070 | Rendering 1 / 32 samples
04:54.828  render           | Fra: 1070 | Rendering 25 / 32 samples
04:54.882  render           | Fra: 1070 | Rendering 32 / 32 samples
04:54.897  render           | Video append frame 1070
04:54.897  render           | Time: 00:00.31 (Saving: 00:00.00)
04:54.897  render           | Rendering frame 1071
04:54.897  render           | Start rendering: MORI_Assembly_Animation, 视图层
04:54.897  render           | Engine: EEVEE
04:54.965  render           | Fra: 1071 | Rendering 1 / 32 samples
04:55.153  render           | Fra: 1071 | Rendering 25 / 32 samples
04:55.207  render           | Fra: 1071 | Rendering 32 / 32 samples
04:55.232  render           | Video append frame 1071
04:55.232  render           | Time: 00:00.33 (Saving: 00:00.01)
04:55.232  render           | Rendering frame 1072
04:55.232  render           | Start rendering: MORI_Assembly_Animation, 视图层
04:55.232  render           | Engine: EEVEE
04:55.298  render           | Fra: 1072 | Rendering 1 / 32 samples
04:55.490  render           | Fra: 1072 | Rendering 25 / 32 samples
04:55.547  render           | Fra: 1072 | Rendering 32 / 32 samples
04:55.566  render           | Video append frame 1072
04:55.567  render           | Time: 00:00.33 (Saving: 00:00.01)
04:55.567  render           | Rendering frame 1073
04:55.567  render           | Start rendering: MORI_Assembly_Animation, 视图层
04:55.567  render           | Engine: EEVEE
04:55.642  render           | Fra: 1073 | Rendering 1 / 32 samples
04:55.829  render           | Fra: 1073 | Rendering 25 / 32 samples
04:55.883  render           | Fra: 1073 | Rendering 32 / 32 samples
04:55.926  render           | Video append frame 1073
04:55.926  render           | Time: 00:00.35 (Saving: 00:00.02)
04:55.926  render           | Rendering frame 1074
04:55.926  render           | Start rendering: MORI_Assembly_Animation, 视图层
04:55.926  render           | Engine: EEVEE
04:55.999  render           | Fra: 1074 | Rendering 1 / 32 samples
04:56.185  render           | Fra: 1074 | Rendering 25 / 32 samples
04:56.238  render           | Fra: 1074 | Rendering 32 / 32 samples
04:56.278  render           | Video append frame 1074
04:56.278  render           | Time: 00:00.35 (Saving: 00:00.02)
04:56.278  render           | Rendering frame 1075
04:56.278  render           | Start rendering: MORI_Assembly_Animation, 视图层
04:56.278  render           | Engine: EEVEE
04:56.349  render           | Fra: 1075 | Rendering 1 / 32 samples
04:56.533  render           | Fra: 1075 | Rendering 25 / 32 samples
04:56.587  render           | Fra: 1075 | Rendering 32 / 32 samples
04:56.620  render           | Video append frame 1075
04:56.621  render           | Time: 00:00.34 (Saving: 00:00.02)
04:56.621  render           | Rendering frame 1076
04:56.621  render           | Start rendering: MORI_Assembly_Animation, 视图层
04:56.621  render           | Engine: EEVEE
04:56.691  render           | Fra: 1076 | Rendering 1 / 32 samples
04:56.876  render           | Fra: 1076 | Rendering 25 / 32 samples
04:56.930  render           | Fra: 1076 | Rendering 32 / 32 samples
04:56.976  render           | Video append frame 1076
04:56.976  render           | Time: 00:00.35 (Saving: 00:00.03)
04:56.976  render           | Rendering frame 1077
04:56.976  render           | Start rendering: MORI_Assembly_Animation, 视图层
04:56.976  render           | Engine: EEVEE
04:57.039  render           | Fra: 1077 | Rendering 1 / 32 samples
04:57.223  render           | Fra: 1077 | Rendering 25 / 32 samples
04:57.277  render           | Fra: 1077 | Rendering 32 / 32 samples
04:57.307  render           | Video append frame 1077
04:57.307  render           | Time: 00:00.33 (Saving: 00:00.01)
04:57.307  render           | Rendering frame 1078
04:57.307  render           | Start rendering: MORI_Assembly_Animation, 视图层
04:57.307  render           | Engine: EEVEE
04:57.372  render           | Fra: 1078 | Rendering 1 / 32 samples
04:57.557  render           | Fra: 1078 | Rendering 25 / 32 samples
04:57.611  render           | Fra: 1078 | Rendering 32 / 32 samples
04:57.650  render           | Video append frame 1078
04:57.650  render           | Time: 00:00.34 (Saving: 00:00.02)
04:57.650  render           | Rendering frame 1079
04:57.650  render           | Start rendering: MORI_Assembly_Animation, 视图层
04:57.650  render           | Engine: EEVEE
04:57.720  render           | Fra: 1079 | Rendering 1 / 32 samples
04:57.907  render           | Fra: 1079 | Rendering 25 / 32 samples
04:57.964  render           | Fra: 1079 | Rendering 32 / 32 samples
04:58.004  render           | Video append frame 1079
04:58.004  render           | Time: 00:00.35 (Saving: 00:00.03)
04:58.004  render           | Rendering frame 1080
04:58.004  render           | Start rendering: MORI_Assembly_Animation, 视图层
04:58.004  render           | Engine: EEVEE
04:58.106  render           | Fra: 1080 | Rendering 1 / 32 samples
04:58.292  render           | Fra: 1080 | Rendering 25 / 32 samples
04:58.346  render           | Fra: 1080 | Rendering 32 / 32 samples
04:58.362  render           | Video append frame 1080
04:58.362  render           | Time: 00:00.35 (Saving: 00:00.01)
04:58.362  render           | Rendering frame 1081
04:58.362  render           | Start rendering: MORI_Assembly_Animation, 视图层
04:58.362  render           | Engine: EEVEE
04:58.441  render           | Fra: 1081 | Rendering 1 / 32 samples
04:58.566  render           | Fra: 1081 | Rendering 25 / 32 samples
04:58.600  render           | Fra: 1081 | Rendering 32 / 32 samples
04:58.655  render           | Video append frame 1081
04:58.655  render           | Time: 00:00.29 (Saving: 00:00.04)
04:58.655  render           | Rendering frame 1082
04:58.655  render           | Start rendering: MORI_Assembly_Animation, 视图层
04:58.655  render           | Engine: EEVEE
04:58.740  render           | Fra: 1082 | Rendering 1 / 32 samples
04:58.989  render           | Fra: 1082 | Rendering 25 / 32 samples
04:59.049  render           | Fra: 1082 | Rendering 32 / 32 samples
04:59.084  render           | Video append frame 1082
04:59.084  render           | Time: 00:00.42 (Saving: 00:00.03)
04:59.084  render           | Rendering frame 1083
04:59.085  render           | Start rendering: MORI_Assembly_Animation, 视图层
04:59.085  render           | Engine: EEVEE
04:59.142  render           | Fra: 1083 | Rendering 1 / 32 samples
04:59.349  render           | Fra: 1083 | Rendering 25 / 32 samples
04:59.404  render           | Fra: 1083 | Rendering 32 / 32 samples
04:59.419  render           | Video append frame 1083
04:59.420  render           | Time: 00:00.33 (Saving: 00:00.01)
04:59.420  render           | Rendering frame 1084
04:59.420  render           | Start rendering: MORI_Assembly_Animation, 视图层
04:59.420  render           | Engine: EEVEE
04:59.475  render           | Fra: 1084 | Rendering 1 / 32 samples
04:59.670  render           | Fra: 1084 | Rendering 25 / 32 samples
04:59.719  render           | Fra: 1084 | Rendering 32 / 32 samples
04:59.733  render           | Video append frame 1084
04:59.733  render           | Time: 00:00.31 (Saving: 00:00.00)
04:59.733  render           | Rendering frame 1085
04:59.733  render           | Start rendering: MORI_Assembly_Animation, 视图层
04:59.733  render           | Engine: EEVEE
04:59.784  render           | Fra: 1085 | Rendering 1 / 32 samples
04:59.933  render           | Fra: 1085 | Rendering 25 / 32 samples
04:59.975  render           | Fra: 1085 | Rendering 32 / 32 samples
04:59.985  render           | Video append frame 1085
04:59.985  render           | Time: 00:00.25 (Saving: 00:00.00)
04:59.985  render           | Rendering frame 1086
04:59.985  render           | Start rendering: MORI_Assembly_Animation, 视图层
04:59.985  render           | Engine: EEVEE
05:00.033  render           | Fra: 1086 | Rendering 1 / 32 samples
05:00.180  render           | Fra: 1086 | Rendering 25 / 32 samples
05:00.221  render           | Fra: 1086 | Rendering 32 / 32 samples
05:00.232  render           | Video append frame 1086
05:00.232  render           | Time: 00:00.24 (Saving: 00:00.00)
05:00.232  render           | Rendering frame 1087
05:00.232  render           | Start rendering: MORI_Assembly_Animation, 视图层
05:00.232  render           | Engine: EEVEE
05:00.277  render           | Fra: 1087 | Rendering 1 / 32 samples
05:00.422  render           | Fra: 1087 | Rendering 25 / 32 samples
05:00.464  render           | Fra: 1087 | Rendering 32 / 32 samples
05:00.474  render           | Video append frame 1087
05:00.474  render           | Time: 00:00.24 (Saving: 00:00.00)
05:00.474  render           | Rendering frame 1088
05:00.474  render           | Start rendering: MORI_Assembly_Animation, 视图层
05:00.474  render           | Engine: EEVEE
05:00.520  render           | Fra: 1088 | Rendering 1 / 32 samples
05:00.668  render           | Fra: 1088 | Rendering 25 / 32 samples
05:00.712  render           | Fra: 1088 | Rendering 32 / 32 samples
05:00.725  render           | Video append frame 1088
05:00.725  render           | Time: 00:00.25 (Saving: 00:00.00)
05:00.725  render           | Rendering frame 1089
05:00.725  render           | Start rendering: MORI_Assembly_Animation, 视图层
05:00.725  render           | Engine: EEVEE
05:00.795  render           | Fra: 1089 | Rendering 1 / 32 samples
05:00.970  render           | Fra: 1089 | Rendering 25 / 32 samples
05:01.019  render           | Fra: 1089 | Rendering 32 / 32 samples
05:01.067  render           | Video append frame 1089
05:01.067  render           | Time: 00:00.34 (Saving: 00:00.03)
05:01.067  render           | Rendering frame 1090
05:01.067  render           | Start rendering: MORI_Assembly_Animation, 视图层
05:01.067  render           | Engine: EEVEE
05:01.130  render           | Fra: 1090 | Rendering 1 / 32 samples
05:01.339  render           | Fra: 1090 | Rendering 25 / 32 samples
05:01.393  render           | Fra: 1090 | Rendering 32 / 32 samples
05:01.406  render           | Video append frame 1090
05:01.406  render           | Time: 00:00.33 (Saving: 00:00.00)
05:01.406  render           | Rendering frame 1091
05:01.406  render           | Start rendering: MORI_Assembly_Animation, 视图层
05:01.406  render           | Engine: EEVEE
05:01.463  render           | Fra: 1091 | Rendering 1 / 32 samples
05:01.637  render           | Fra: 1091 | Rendering 25 / 32 samples
05:01.687  render           | Fra: 1091 | Rendering 32 / 32 samples
05:01.699  render           | Video append frame 1091
05:01.699  render           | Time: 00:00.29 (Saving: 00:00.00)
05:01.699  render           | Rendering frame 1092
05:01.700  render           | Start rendering: MORI_Assembly_Animation, 视图层
05:01.700  render           | Engine: EEVEE
05:01.748  render           | Fra: 1092 | Rendering 1 / 32 samples
05:01.926  render           | Fra: 1092 | Rendering 25 / 32 samples
05:01.976  render           | Fra: 1092 | Rendering 32 / 32 samples
05:01.990  render           | Video append frame 1092
05:01.990  render           | Time: 00:00.29 (Saving: 00:00.00)
05:01.990  render           | Rendering frame 1093
05:01.990  render           | Start rendering: MORI_Assembly_Animation, 视图层
05:01.990  render           | Engine: EEVEE
05:02.037  render           | Fra: 1093 | Rendering 1 / 32 samples
05:02.211  render           | Fra: 1093 | Rendering 25 / 32 samples
05:02.260  render           | Fra: 1093 | Rendering 32 / 32 samples
05:02.271  render           | Video append frame 1093
05:02.271  render           | Time: 00:00.28 (Saving: 00:00.00)
05:02.271  render           | Rendering frame 1094
05:02.272  render           | Start rendering: MORI_Assembly_Animation, 视图层
05:02.272  render           | Engine: EEVEE
05:02.320  render           | Fra: 1094 | Rendering 1 / 32 samples
05:02.486  render           | Fra: 1094 | Rendering 25 / 32 samples
05:02.535  render           | Fra: 1094 | Rendering 32 / 32 samples
05:02.546  render           | Video append frame 1094
05:02.546  render           | Time: 00:00.27 (Saving: 00:00.00)
05:02.546  render           | Rendering frame 1095
05:02.546  render           | Start rendering: MORI_Assembly_Animation, 视图层
05:02.546  render           | Engine: EEVEE
05:02.585  render           | Fra: 1095 | Rendering 1 / 32 samples
05:02.754  render           | Fra: 1095 | Rendering 25 / 32 samples
05:02.801  render           | Fra: 1095 | Rendering 32 / 32 samples
05:02.811  render           | Video append frame 1095
05:02.812  render           | Time: 00:00.26 (Saving: 00:00.00)
05:02.812  render           | Rendering frame 1096
05:02.812  render           | Start rendering: MORI_Assembly_Animation, 视图层
05:02.812  render           | Engine: EEVEE
05:02.848  render           | Fra: 1096 | Rendering 1 / 32 samples
05:03.010  render           | Fra: 1096 | Rendering 25 / 32 samples
05:03.057  render           | Fra: 1096 | Rendering 32 / 32 samples
05:03.067  render           | Video append frame 1096
05:03.067  render           | Time: 00:00.25 (Saving: 00:00.00)
05:03.067  render           | Rendering frame 1097
05:03.067  render           | Start rendering: MORI_Assembly_Animation, 视图层
05:03.067  render           | Engine: EEVEE
05:03.104  render           | Fra: 1097 | Rendering 1 / 32 samples
05:03.268  render           | Fra: 1097 | Rendering 25 / 32 samples
05:03.317  render           | Fra: 1097 | Rendering 32 / 32 samples
05:03.327  render           | Video append frame 1097
05:03.327  render           | Time: 00:00.25 (Saving: 00:00.00)
05:03.327  render           | Rendering frame 1098
05:03.327  render           | Start rendering: MORI_Assembly_Animation, 视图层
05:03.327  render           | Engine: EEVEE
05:03.365  render           | Fra: 1098 | Rendering 1 / 32 samples
05:03.530  render           | Fra: 1098 | Rendering 25 / 32 samples
05:03.579  render           | Fra: 1098 | Rendering 32 / 32 samples
05:03.589  render           | Video append frame 1098
05:03.589  render           | Time: 00:00.26 (Saving: 00:00.00)
05:03.589  render           | Rendering frame 1099
05:03.589  render           | Start rendering: MORI_Assembly_Animation, 视图层
05:03.589  render           | Engine: EEVEE
05:03.627  render           | Fra: 1099 | Rendering 1 / 32 samples
05:03.793  render           | Fra: 1099 | Rendering 25 / 32 samples
05:03.844  render           | Fra: 1099 | Rendering 32 / 32 samples
05:03.854  render           | Video append frame 1099
05:03.854  render           | Time: 00:00.26 (Saving: 00:00.00)
05:03.854  render           | Rendering frame 1100
05:03.854  render           | Start rendering: MORI_Assembly_Animation, 视图层
05:03.854  render           | Engine: EEVEE
05:03.897  render           | Fra: 1100 | Rendering 1 / 32 samples
05:04.060  render           | Fra: 1100 | Rendering 25 / 32 samples
05:04.103  render           | Fra: 1100 | Rendering 32 / 32 samples
05:04.141  render           | Video append frame 1100
05:04.141  render           | Time: 00:00.28 (Saving: 00:00.02)
05:04.141  render           | Rendering frame 1101
05:04.142  render           | Start rendering: MORI_Assembly_Animation, 视图层
05:04.142  render           | Engine: EEVEE
05:04.181  render           | Fra: 1101 | Rendering 1 / 32 samples
05:04.336  render           | Fra: 1101 | Rendering 25 / 32 samples
05:04.379  render           | Fra: 1101 | Rendering 32 / 32 samples
05:04.418  render           | Video append frame 1101
05:04.418  render           | Time: 00:00.27 (Saving: 00:00.03)
05:04.418  render           | Rendering frame 1102
05:04.418  render           | Start rendering: MORI_Assembly_Animation, 视图层
05:04.418  render           | Engine: EEVEE
05:04.467  render           | Fra: 1102 | Rendering 1 / 32 samples
05:04.620  render           | Fra: 1102 | Rendering 25 / 32 samples
05:04.666  render           | Fra: 1102 | Rendering 32 / 32 samples
05:04.693  render           | Video append frame 1102
05:04.693  render           | Time: 00:00.27 (Saving: 00:00.02)
05:04.693  render           | Rendering frame 1103
05:04.694  render           | Start rendering: MORI_Assembly_Animation, 视图层
05:04.694  render           | Engine: EEVEE
05:04.750  render           | Fra: 1103 | Rendering 1 / 32 samples
05:04.853  render           | Fra: 1103 | Rendering 25 / 32 samples
05:04.882  render           | Fra: 1103 | Rendering 32 / 32 samples
05:04.918  render           | Video append frame 1103
05:04.918  render           | Time: 00:00.22 (Saving: 00:00.02)
05:04.918  render           | Rendering frame 1104
05:04.918  render           | Start rendering: MORI_Assembly_Animation, 视图层
05:04.918  render           | Engine: EEVEE
05:04.970  render           | Fra: 1104 | Rendering 1 / 32 samples
05:05.142  render           | Fra: 1104 | Rendering 25 / 32 samples
05:05.192  render           | Fra: 1104 | Rendering 32 / 32 samples
05:05.242  render           | Video append frame 1104
05:05.242  render           | Time: 00:00.32 (Saving: 00:00.03)
05:05.242  render           | Rendering frame 1105
05:05.242  render           | Start rendering: MORI_Assembly_Animation, 视图层
05:05.242  render           | Engine: EEVEE
05:05.296  render           | Fra: 1105 | Rendering 1 / 32 samples
05:05.488  render           | Fra: 1105 | Rendering 25 / 32 samples
05:05.540  render           | Fra: 1105 | Rendering 32 / 32 samples
05:05.573  render           | Video append frame 1105
05:05.573  render           | Time: 00:00.33 (Saving: 00:00.02)
05:05.573  render           | Rendering frame 1106
05:05.573  render           | Start rendering: MORI_Assembly_Animation, 视图层
05:05.573  render           | Engine: EEVEE
05:05.624  render           | Fra: 1106 | Rendering 1 / 32 samples
05:05.797  render           | Fra: 1106 | Rendering 25 / 32 samples
05:05.847  render           | Fra: 1106 | Rendering 32 / 32 samples
05:05.883  render           | Video append frame 1106
05:05.883  render           | Time: 00:00.31 (Saving: 00:00.02)
05:05.883  render           | Rendering frame 1107
05:05.883  render           | Start rendering: MORI_Assembly_Animation, 视图层
05:05.883  render           | Engine: EEVEE
05:05.933  render           | Fra: 1107 | Rendering 1 / 32 samples
05:06.106  render           | Fra: 1107 | Rendering 25 / 32 samples
05:06.156  render           | Fra: 1107 | Rendering 32 / 32 samples
05:06.192  render           | Video append frame 1107
05:06.192  render           | Time: 00:00.30 (Saving: 00:00.02)
05:06.192  render           | Rendering frame 1108
05:06.192  render           | Start rendering: MORI_Assembly_Animation, 视图层
05:06.192  render           | Engine: EEVEE
05:06.241  render           | Fra: 1108 | Rendering 1 / 32 samples
05:06.414  render           | Fra: 1108 | Rendering 25 / 32 samples
05:06.463  render           | Fra: 1108 | Rendering 32 / 32 samples
05:06.496  render           | Video append frame 1108
05:06.496  render           | Time: 00:00.30 (Saving: 00:00.02)
05:06.496  render           | Rendering frame 1109
05:06.497  render           | Start rendering: MORI_Assembly_Animation, 视图层
05:06.497  render           | Engine: EEVEE
05:06.547  render           | Fra: 1109 | Rendering 1 / 32 samples
05:06.720  render           | Fra: 1109 | Rendering 25 / 32 samples
05:06.770  render           | Fra: 1109 | Rendering 32 / 32 samples
05:06.803  render           | Video append frame 1109
05:06.803  render           | Time: 00:00.30 (Saving: 00:00.02)
05:06.803  render           | Rendering frame 1110
05:06.803  render           | Start rendering: MORI_Assembly_Animation, 视图层
05:06.803  render           | Engine: EEVEE
05:06.849  render           | Fra: 1110 | Rendering 1 / 32 samples
05:07.031  render           | Fra: 1110 | Rendering 25 / 32 samples
05:07.086  render           | Fra: 1110 | Rendering 32 / 32 samples
05:07.128  render           | Video append frame 1110
05:07.128  render           | Time: 00:00.32 (Saving: 00:00.02)
05:07.128  render           | Rendering frame 1111
05:07.128  render           | Start rendering: MORI_Assembly_Animation, 视图层
05:07.128  render           | Engine: EEVEE
05:07.171  render           | Fra: 1111 | Rendering 1 / 32 samples
05:07.357  render           | Fra: 1111 | Rendering 25 / 32 samples
05:07.412  render           | Fra: 1111 | Rendering 32 / 32 samples
05:07.425  render           | Video append frame 1111
05:07.425  render           | Time: 00:00.29 (Saving: 00:00.00)
05:07.425  render           | Rendering frame 1112
05:07.425  render           | Start rendering: MORI_Assembly_Animation, 视图层
05:07.425  render           | Engine: EEVEE
05:07.475  render           | Fra: 1112 | Rendering 1 / 32 samples
05:07.652  render           | Fra: 1112 | Rendering 25 / 32 samples
05:07.702  render           | Fra: 1112 | Rendering 32 / 32 samples
05:07.715  render           | Video append frame 1112
05:07.715  render           | Time: 00:00.28 (Saving: 00:00.00)
05:07.715  render           | Rendering frame 1113
05:07.715  render           | Start rendering: MORI_Assembly_Animation, 视图层
05:07.715  render           | Engine: EEVEE
05:07.761  render           | Fra: 1113 | Rendering 1 / 32 samples
05:07.936  render           | Fra: 1113 | Rendering 25 / 32 samples
05:07.986  render           | Fra: 1113 | Rendering 32 / 32 samples
05:07.997  render           | Video append frame 1113
05:07.997  render           | Time: 00:00.28 (Saving: 00:00.00)
05:07.997  render           | Rendering frame 1114
05:07.997  render           | Start rendering: MORI_Assembly_Animation, 视图层
05:07.997  render           | Engine: EEVEE
05:08.045  render           | Fra: 1114 | Rendering 1 / 32 samples
05:08.217  render           | Fra: 1114 | Rendering 25 / 32 samples
05:08.267  render           | Fra: 1114 | Rendering 32 / 32 samples
05:08.276  render           | Video append frame 1114
05:08.276  render           | Time: 00:00.27 (Saving: 00:00.00)
05:08.276  render           | Rendering frame 1115
05:08.276  render           | Start rendering: MORI_Assembly_Animation, 视图层
05:08.276  render           | Engine: EEVEE
05:08.321  render           | Fra: 1115 | Rendering 1 / 32 samples
05:08.494  render           | Fra: 1115 | Rendering 25 / 32 samples
05:08.544  render           | Fra: 1115 | Rendering 32 / 32 samples
05:08.554  render           | Video append frame 1115
05:08.554  render           | Time: 00:00.27 (Saving: 00:00.00)
05:08.554  render           | Rendering frame 1116
05:08.554  render           | Start rendering: MORI_Assembly_Animation, 视图层
05:08.554  render           | Engine: EEVEE
05:08.672  render           | Fra: 1116 | Rendering 1 / 32 samples
05:08.852  render           | Fra: 1116 | Rendering 25 / 32 samples
05:08.901  render           | Fra: 1116 | Rendering 32 / 32 samples
05:08.911  render           | Video append frame 1116
05:08.911  render           | Time: 00:00.35 (Saving: 00:00.00)
05:08.911  render           | Rendering frame 1117
05:08.911  render           | Start rendering: MORI_Assembly_Animation, 视图层
05:08.911  render           | Engine: EEVEE
05:08.955  render           | Fra: 1117 | Rendering 1 / 32 samples
05:09.128  render           | Fra: 1117 | Rendering 25 / 32 samples
05:09.177  render           | Fra: 1117 | Rendering 32 / 32 samples
05:09.187  render           | Video append frame 1117
05:09.187  render           | Time: 00:00.27 (Saving: 00:00.00)
05:09.187  render           | Rendering frame 1118
05:09.187  render           | Start rendering: MORI_Assembly_Animation, 视图层
05:09.187  render           | Engine: EEVEE
05:09.245  render           | Fra: 1118 | Rendering 1 / 32 samples
05:09.416  render           | Fra: 1118 | Rendering 25 / 32 samples
05:09.464  render           | Fra: 1118 | Rendering 32 / 32 samples
05:09.474  render           | Video append frame 1118
05:09.474  render           | Time: 00:00.28 (Saving: 00:00.00)
05:09.474  render           | Rendering frame 1119
05:09.474  render           | Start rendering: MORI_Assembly_Animation, 视图层
05:09.474  render           | Engine: EEVEE
05:09.523  render           | Fra: 1119 | Rendering 1 / 32 samples
05:09.688  render           | Fra: 1119 | Rendering 25 / 32 samples
05:09.737  render           | Fra: 1119 | Rendering 32 / 32 samples
05:09.747  render           | Video append frame 1119
05:09.747  render           | Time: 00:00.27 (Saving: 00:00.00)
05:09.747  render           | Rendering frame 1120
05:09.747  render           | Start rendering: MORI_Assembly_Animation, 视图层
05:09.747  render           | Engine: EEVEE
05:09.785  render           | Fra: 1120 | Rendering 1 / 32 samples
05:09.951  render           | Fra: 1120 | Rendering 25 / 32 samples
05:09.997  render           | Fra: 1120 | Rendering 32 / 32 samples
05:10.007  render           | Video append frame 1120
05:10.007  render           | Time: 00:00.26 (Saving: 00:00.00)
05:10.007  render           | Rendering frame 1121
05:10.007  render           | Start rendering: MORI_Assembly_Animation, 视图层
05:10.007  render           | Engine: EEVEE
05:10.051  render           | Fra: 1121 | Rendering 1 / 32 samples
05:10.218  render           | Fra: 1121 | Rendering 25 / 32 samples
05:10.266  render           | Fra: 1121 | Rendering 32 / 32 samples
05:10.276  render           | Video append frame 1121
05:10.276  render           | Time: 00:00.26 (Saving: 00:00.00)
05:10.276  render           | Rendering frame 1122
05:10.276  render           | Start rendering: MORI_Assembly_Animation, 视图层
05:10.276  render           | Engine: EEVEE
05:10.318  render           | Fra: 1122 | Rendering 1 / 32 samples
05:10.482  render           | Fra: 1122 | Rendering 25 / 32 samples
05:10.531  render           | Fra: 1122 | Rendering 32 / 32 samples
05:10.540  render           | Video append frame 1122
05:10.540  render           | Time: 00:00.26 (Saving: 00:00.00)
05:10.540  render           | Rendering frame 1123
05:10.541  render           | Start rendering: MORI_Assembly_Animation, 视图层
05:10.541  render           | Engine: EEVEE
05:10.579  render           | Fra: 1123 | Rendering 1 / 32 samples
05:10.745  render           | Fra: 1123 | Rendering 25 / 32 samples
05:10.794  render           | Fra: 1123 | Rendering 32 / 32 samples
05:10.803  render           | Video append frame 1123
05:10.803  render           | Time: 00:00.26 (Saving: 00:00.00)
05:10.803  render           | Rendering frame 1124
05:10.803  render           | Start rendering: MORI_Assembly_Animation, 视图层
05:10.803  render           | Engine: EEVEE
05:10.840  render           | Fra: 1124 | Rendering 1 / 32 samples
05:11.006  render           | Fra: 1124 | Rendering 25 / 32 samples
05:11.055  render           | Fra: 1124 | Rendering 32 / 32 samples
05:11.066  render           | Video append frame 1124
05:11.066  render           | Time: 00:00.26 (Saving: 00:00.00)
05:11.066  render           | Rendering frame 1125
05:11.066  render           | Start rendering: MORI_Assembly_Animation, 视图层
05:11.066  render           | Engine: EEVEE
05:11.109  render           | Fra: 1125 | Rendering 1 / 32 samples
05:11.293  render           | Fra: 1125 | Rendering 25 / 32 samples
05:11.343  render           | Fra: 1125 | Rendering 32 / 32 samples
05:11.361  render           | Video append frame 1125
05:11.361  render           | Time: 00:00.29 (Saving: 00:00.01)
05:11.361  render           | Rendering frame 1126
05:11.361  render           | Start rendering: MORI_Assembly_Animation, 视图层
05:11.361  render           | Engine: EEVEE
05:11.401  render           | Fra: 1126 | Rendering 1 / 32 samples
05:11.573  render           | Fra: 1126 | Rendering 25 / 32 samples
05:11.622  render           | Fra: 1126 | Rendering 32 / 32 samples
05:11.643  render           | Video append frame 1126
05:11.643  render           | Time: 00:00.28 (Saving: 00:00.01)
05:11.643  render           | Rendering frame 1127
05:11.643  render           | Start rendering: MORI_Assembly_Animation, 视图层
05:11.643  render           | Engine: EEVEE
05:11.694  render           | Fra: 1127 | Rendering 1 / 32 samples
05:11.864  render           | Fra: 1127 | Rendering 25 / 32 samples
05:11.913  render           | Fra: 1127 | Rendering 32 / 32 samples
05:11.942  render           | Video append frame 1127
05:11.942  render           | Time: 00:00.29 (Saving: 00:00.02)
05:11.942  render           | Rendering frame 1128
05:11.942  render           | Start rendering: MORI_Assembly_Animation, 视图层
05:11.942  render           | Engine: EEVEE
05:11.994  render           | Fra: 1128 | Rendering 1 / 32 samples
05:12.170  render           | Fra: 1128 | Rendering 25 / 32 samples
05:12.221  render           | Fra: 1128 | Rendering 32 / 32 samples
05:12.238  render           | Video append frame 1128
05:12.238  render           | Time: 00:00.29 (Saving: 00:00.01)
05:12.238  render           | Rendering frame 1129
05:12.238  render           | Start rendering: MORI_Assembly_Animation, 视图层
05:12.238  render           | Engine: EEVEE
05:12.295  render           | Fra: 1129 | Rendering 1 / 32 samples
05:12.469  render           | Fra: 1129 | Rendering 25 / 32 samples
05:12.520  render           | Fra: 1129 | Rendering 32 / 32 samples
05:12.564  render           | Video append frame 1129
05:12.564  render           | Time: 00:00.32 (Saving: 00:00.03)
05:12.564  render           | Rendering frame 1130
05:12.565  render           | Start rendering: MORI_Assembly_Animation, 视图层
05:12.565  render           | Engine: EEVEE
05:12.621  render           | Fra: 1130 | Rendering 1 / 32 samples
05:12.796  render           | Fra: 1130 | Rendering 25 / 32 samples
05:12.847  render           | Fra: 1130 | Rendering 32 / 32 samples
05:12.904  render           | Video append frame 1130
05:12.904  render           | Time: 00:00.33 (Saving: 00:00.04)
05:12.904  render           | Rendering frame 1131
05:12.904  render           | Start rendering: MORI_Assembly_Animation, 视图层
05:12.904  render           | Engine: EEVEE
05:12.957  render           | Fra: 1131 | Rendering 1 / 32 samples
05:13.161  render           | Fra: 1131 | Rendering 25 / 32 samples
05:13.217  render           | Fra: 1131 | Rendering 32 / 32 samples
05:13.253  render           | Video append frame 1131
05:13.253  render           | Time: 00:00.34 (Saving: 00:00.02)
05:13.253  render           | Rendering frame 1132
05:13.253  render           | Start rendering: MORI_Assembly_Animation, 视图层
05:13.253  render           | Engine: EEVEE
05:13.307  render           | Fra: 1132 | Rendering 1 / 32 samples
05:13.504  render           | Fra: 1132 | Rendering 25 / 32 samples
05:13.560  render           | Fra: 1132 | Rendering 32 / 32 samples
05:13.588  render           | Video append frame 1132
05:13.588  render           | Time: 00:00.33 (Saving: 00:00.02)
05:13.588  render           | Rendering frame 1133
05:13.588  render           | Start rendering: MORI_Assembly_Animation, 视图层
05:13.588  render           | Engine: EEVEE
05:13.643  render           | Fra: 1133 | Rendering 1 / 32 samples
05:13.821  render           | Fra: 1133 | Rendering 25 / 32 samples
05:13.871  render           | Fra: 1133 | Rendering 32 / 32 samples
05:13.889  render           | Video append frame 1133
05:13.889  render           | Time: 00:00.30 (Saving: 00:00.01)
05:13.889  render           | Rendering frame 1134
05:13.889  render           | Start rendering: MORI_Assembly_Animation, 视图层
05:13.889  render           | Engine: EEVEE
05:13.940  render           | Fra: 1134 | Rendering 1 / 32 samples
05:14.117  render           | Fra: 1134 | Rendering 25 / 32 samples
05:14.168  render           | Fra: 1134 | Rendering 32 / 32 samples
05:14.179  render           | Video append frame 1134
05:14.179  render           | Time: 00:00.28 (Saving: 00:00.00)
05:14.179  render           | Rendering frame 1135
05:14.180  render           | Start rendering: MORI_Assembly_Animation, 视图层
05:14.180  render           | Engine: EEVEE
05:14.229  render           | Fra: 1135 | Rendering 1 / 32 samples
05:14.387  render           | Fra: 1135 | Rendering 25 / 32 samples
05:14.430  render           | Fra: 1135 | Rendering 32 / 32 samples
05:14.443  render           | Video append frame 1135
05:14.443  render           | Time: 00:00.26 (Saving: 00:00.00)
05:14.443  render           | Rendering frame 1136
05:14.444  render           | Start rendering: MORI_Assembly_Animation, 视图层
05:14.444  render           | Engine: EEVEE
05:14.491  render           | Fra: 1136 | Rendering 1 / 32 samples
05:14.640  render           | Fra: 1136 | Rendering 25 / 32 samples
05:14.683  render           | Fra: 1136 | Rendering 32 / 32 samples
05:14.695  render           | Video append frame 1136
05:14.695  render           | Time: 00:00.25 (Saving: 00:00.00)
05:14.695  render           | Rendering frame 1137
05:14.695  render           | Start rendering: MORI_Assembly_Animation, 视图层
05:14.695  render           | Engine: EEVEE
05:14.740  render           | Fra: 1137 | Rendering 1 / 32 samples
05:14.889  render           | Fra: 1137 | Rendering 25 / 32 samples
05:14.931  render           | Fra: 1137 | Rendering 32 / 32 samples
05:14.943  render           | Video append frame 1137
05:14.943  render           | Time: 00:00.24 (Saving: 00:00.00)
05:14.943  render           | Rendering frame 1138
05:14.943  render           | Start rendering: MORI_Assembly_Animation, 视图层
05:14.943  render           | Engine: EEVEE
05:14.990  render           | Fra: 1138 | Rendering 1 / 32 samples
05:15.134  render           | Fra: 1138 | Rendering 25 / 32 samples
05:15.178  render           | Fra: 1138 | Rendering 32 / 32 samples
05:15.188  render           | Video append frame 1138
05:15.188  render           | Time: 00:00.24 (Saving: 00:00.00)
05:15.188  render           | Rendering frame 1139
05:15.189  render           | Start rendering: MORI_Assembly_Animation, 视图层
05:15.189  render           | Engine: EEVEE
05:15.231  render           | Fra: 1139 | Rendering 1 / 32 samples
05:15.380  render           | Fra: 1139 | Rendering 25 / 32 samples
05:15.422  render           | Fra: 1139 | Rendering 32 / 32 samples
05:15.460  render           | Video append frame 1139
05:15.460  render           | Time: 00:00.27 (Saving: 00:00.03)
05:15.460  render           | Rendering frame 1140
05:15.460  render           | Start rendering: MORI_Assembly_Animation, 视图层
05:15.460  render           | Engine: EEVEE
05:15.517  render           | Fra: 1140 | Rendering 1 / 32 samples
05:15.738  render           | Fra: 1140 | Rendering 25 / 32 samples
05:15.787  render           | Fra: 1140 | Rendering 32 / 32 samples
05:15.822  render           | Video append frame 1140
05:15.822  render           | Time: 00:00.36 (Saving: 00:00.02)
05:15.822  render           | Rendering frame 1141
05:15.823  render           | Start rendering: MORI_Assembly_Animation, 视图层
05:15.823  render           | Engine: EEVEE
05:15.896  render           | Fra: 1141 | Rendering 1 / 32 samples
05:16.136  render           | Fra: 1141 | Rendering 25 / 32 samples
05:16.187  render           | Fra: 1141 | Rendering 32 / 32 samples
05:16.208  render           | Video append frame 1141
05:16.208  render           | Time: 00:00.38 (Saving: 00:00.01)
05:16.208  render           | Rendering frame 1142
05:16.210  render           | Start rendering: MORI_Assembly_Animation, 视图层
05:16.210  render           | Engine: EEVEE
05:16.271  render           | Fra: 1142 | Rendering 1 / 32 samples
05:16.447  render           | Fra: 1142 | Rendering 25 / 32 samples
05:16.498  render           | Fra: 1142 | Rendering 32 / 32 samples
05:16.518  render           | Video append frame 1142
05:16.519  render           | Time: 00:00.30 (Saving: 00:00.01)
05:16.519  render           | Rendering frame 1143
05:16.519  render           | Start rendering: MORI_Assembly_Animation, 视图层
05:16.519  render           | Engine: EEVEE
05:16.576  render           | Fra: 1143 | Rendering 1 / 32 samples
05:16.750  render           | Fra: 1143 | Rendering 25 / 32 samples
05:16.809  render           | Fra: 1143 | Rendering 32 / 32 samples
05:16.830  render           | Video append frame 1143
05:16.830  render           | Time: 00:00.31 (Saving: 00:00.01)
05:16.830  render           | Rendering frame 1144
05:16.830  render           | Start rendering: MORI_Assembly_Animation, 视图层
05:16.830  render           | Engine: EEVEE
05:16.978  render           | Fra: 1144 | Rendering 1 / 32 samples
05:17.175  render           | Fra: 1144 | Rendering 25 / 32 samples
05:17.227  render           | Fra: 1144 | Rendering 32 / 32 samples
05:17.239  render           | Video append frame 1144
05:17.239  render           | Time: 00:00.40 (Saving: 00:00.00)
05:17.239  render           | Rendering frame 1145
05:17.239  render           | Start rendering: MORI_Assembly_Animation, 视图层
05:17.239  render           | Engine: EEVEE
05:17.294  render           | Fra: 1145 | Rendering 1 / 32 samples
05:17.473  render           | Fra: 1145 | Rendering 25 / 32 samples
05:17.522  render           | Fra: 1145 | Rendering 32 / 32 samples
05:17.546  render           | Video append frame 1145
05:17.546  render           | Time: 00:00.30 (Saving: 00:00.01)
05:17.546  render           | Rendering frame 1146
05:17.547  render           | Start rendering: MORI_Assembly_Animation, 视图层
05:17.547  render           | Engine: EEVEE
05:17.671  render           | Fra: 1146 | Rendering 1 / 32 samples
05:17.838  render           | Fra: 1146 | Rendering 25 / 32 samples
05:17.885  render           | Fra: 1146 | Rendering 32 / 32 samples
05:17.930  render           | Video append frame 1146
05:17.930  render           | Time: 00:00.38 (Saving: 00:00.04)
05:17.930  render           | Rendering frame 1147
05:17.931  render           | Start rendering: MORI_Assembly_Animation, 视图层
05:17.931  render           | Engine: EEVEE
05:18.038  render           | Fra: 1147 | Rendering 1 / 32 samples
05:18.210  render           | Fra: 1147 | Rendering 25 / 32 samples
05:18.256  render           | Fra: 1147 | Rendering 32 / 32 samples
05:18.273  render           | Video append frame 1147
05:18.273  render           | Time: 00:00.34 (Saving: 00:00.01)
05:18.273  render           | Rendering frame 1148
05:18.273  render           | Start rendering: MORI_Assembly_Animation, 视图层
05:18.273  render           | Engine: EEVEE
05:18.329  render           | Fra: 1148 | Rendering 1 / 32 samples
05:18.490  render           | Fra: 1148 | Rendering 25 / 32 samples
05:18.537  render           | Fra: 1148 | Rendering 32 / 32 samples
05:18.549  render           | Video append frame 1148
05:18.549  render           | Time: 00:00.27 (Saving: 00:00.00)
05:18.549  render           | Rendering frame 1149
05:18.549  render           | Start rendering: MORI_Assembly_Animation, 视图层
05:18.549  render           | Engine: EEVEE
05:18.595  render           | Fra: 1149 | Rendering 1 / 32 samples
05:18.755  render           | Fra: 1149 | Rendering 25 / 32 samples
05:18.799  render           | Fra: 1149 | Rendering 32 / 32 samples
05:18.830  render           | Video append frame 1149
05:18.830  render           | Time: 00:00.28 (Saving: 00:00.02)
05:18.830  render           | Rendering frame 1150
05:18.831  render           | Start rendering: MORI_Assembly_Animation, 视图层
05:18.831  render           | Engine: EEVEE
05:18.888  render           | Fra: 1150 | Rendering 1 / 32 samples
05:19.035  render           | Fra: 1150 | Rendering 25 / 32 samples
05:19.079  render           | Fra: 1150 | Rendering 32 / 32 samples
05:19.091  render           | Video append frame 1150
05:19.091  render           | Time: 00:00.26 (Saving: 00:00.00)
05:19.091  render           | Rendering frame 1151
05:19.091  render           | Start rendering: MORI_Assembly_Animation, 视图层
05:19.091  render           | Engine: EEVEE
05:19.139  render           | Fra: 1151 | Rendering 1 / 32 samples
05:19.286  render           | Fra: 1151 | Rendering 25 / 32 samples
05:19.329  render           | Fra: 1151 | Rendering 32 / 32 samples
05:19.342  render           | Video append frame 1151
05:19.342  render           | Time: 00:00.25 (Saving: 00:00.00)
05:19.342  render           | Rendering frame 1152
05:19.342  render           | Start rendering: MORI_Assembly_Animation, 视图层
05:19.342  render           | Engine: EEVEE
05:19.386  render           | Fra: 1152 | Rendering 1 / 32 samples
05:19.533  render           | Fra: 1152 | Rendering 25 / 32 samples
05:19.573  render           | Fra: 1152 | Rendering 32 / 32 samples
05:19.584  render           | Video append frame 1152
05:19.584  render           | Time: 00:00.24 (Saving: 00:00.00)
05:19.584  render           | Rendering frame 1153
05:19.584  render           | Start rendering: MORI_Assembly_Animation, 视图层
05:19.584  render           | Engine: EEVEE
05:19.632  render           | Fra: 1153 | Rendering 1 / 32 samples
05:19.769  render           | Fra: 1153 | Rendering 25 / 32 samples
05:19.810  render           | Fra: 1153 | Rendering 32 / 32 samples
05:19.828  render           | Video append frame 1153
05:19.828  render           | Time: 00:00.24 (Saving: 00:00.01)
05:19.828  render           | Rendering frame 1154
05:19.828  render           | Start rendering: MORI_Assembly_Animation, 视图层
05:19.828  render           | Engine: EEVEE
05:19.885  render           | Fra: 1154 | Rendering 1 / 32 samples
05:20.021  render           | Fra: 1154 | Rendering 25 / 32 samples
05:20.061  render           | Fra: 1154 | Rendering 32 / 32 samples
05:20.094  render           | Video append frame 1154
05:20.094  render           | Time: 00:00.26 (Saving: 00:00.02)
05:20.094  render           | Rendering frame 1155
05:20.094  render           | Start rendering: MORI_Assembly_Animation, 视图层
05:20.094  render           | Engine: EEVEE
05:20.152  render           | Fra: 1155 | Rendering 1 / 32 samples
05:20.285  render           | Fra: 1155 | Rendering 25 / 32 samples
05:20.321  render           | Fra: 1155 | Rendering 32 / 32 samples
05:20.362  render           | Video append frame 1155
05:20.362  render           | Time: 00:00.26 (Saving: 00:00.02)
05:20.362  render           | Rendering frame 1156
05:20.362  render           | Start rendering: MORI_Assembly_Animation, 视图层
05:20.362  render           | Engine: EEVEE
05:20.434  render           | Fra: 1156 | Rendering 1 / 32 samples
05:20.567  render           | Fra: 1156 | Rendering 25 / 32 samples
05:20.606  render           | Fra: 1156 | Rendering 32 / 32 samples
05:20.657  render           | Video append frame 1156
05:20.657  render           | Time: 00:00.29 (Saving: 00:00.03)
05:20.657  render           | Rendering frame 1157
05:20.657  render           | Start rendering: MORI_Assembly_Animation, 视图层
05:20.657  render           | Engine: EEVEE
05:20.714  render           | Fra: 1157 | Rendering 1 / 32 samples
05:20.864  render           | Fra: 1157 | Rendering 25 / 32 samples
05:20.908  render           | Fra: 1157 | Rendering 32 / 32 samples
05:20.955  render           | Video append frame 1157
05:20.955  render           | Time: 00:00.29 (Saving: 00:00.03)
05:20.955  render           | Rendering frame 1158
05:20.955  render           | Start rendering: MORI_Assembly_Animation, 视图层
05:20.955  render           | Engine: EEVEE
05:21.016  render           | Fra: 1158 | Rendering 1 / 32 samples
05:21.195  render           | Fra: 1158 | Rendering 25 / 32 samples
05:21.244  render           | Fra: 1158 | Rendering 32 / 32 samples
05:21.292  render           | Video append frame 1158
05:21.292  render           | Time: 00:00.33 (Saving: 00:00.04)
05:21.292  render           | Rendering frame 1159
05:21.292  render           | Start rendering: MORI_Assembly_Animation, 视图层
05:21.292  render           | Engine: EEVEE
05:21.350  render           | Fra: 1159 | Rendering 1 / 32 samples
05:21.528  render           | Fra: 1159 | Rendering 25 / 32 samples
05:21.579  render           | Fra: 1159 | Rendering 32 / 32 samples
05:21.613  render           | Video append frame 1159
05:21.613  render           | Time: 00:00.32 (Saving: 00:00.02)
05:21.613  render           | Rendering frame 1160
05:21.613  render           | Start rendering: MORI_Assembly_Animation, 视图层
05:21.613  render           | Engine: EEVEE
05:21.680  render           | Fra: 1160 | Rendering 1 / 32 samples
05:21.885  render           | Fra: 1160 | Rendering 25 / 32 samples
05:21.946  render           | Fra: 1160 | Rendering 32 / 32 samples
05:21.967  render           | Video append frame 1160
05:21.967  render           | Time: 00:00.35 (Saving: 00:00.01)
05:21.967  render           | Rendering frame 1161
05:21.967  render           | Start rendering: MORI_Assembly_Animation, 视图层
05:21.967  render           | Engine: EEVEE
05:22.034  render           | Fra: 1161 | Rendering 1 / 32 samples
05:22.228  render           | Fra: 1161 | Rendering 25 / 32 samples
05:22.283  render           | Fra: 1161 | Rendering 32 / 32 samples
05:22.300  render           | Video append frame 1161
05:22.300  render           | Time: 00:00.33 (Saving: 00:00.01)
05:22.300  render           | Rendering frame 1162
05:22.300  render           | Start rendering: MORI_Assembly_Animation, 视图层
05:22.300  render           | Engine: EEVEE
05:22.357  render           | Fra: 1162 | Rendering 1 / 32 samples
05:22.559  render           | Fra: 1162 | Rendering 25 / 32 samples
05:22.611  render           | Fra: 1162 | Rendering 32 / 32 samples
05:22.664  render           | Video append frame 1162
05:22.664  render           | Time: 00:00.36 (Saving: 00:00.04)
05:22.664  render           | Rendering frame 1163
05:22.664  render           | Start rendering: MORI_Assembly_Animation, 视图层
05:22.664  render           | Engine: EEVEE
05:22.718  render           | Fra: 1163 | Rendering 1 / 32 samples
05:22.897  render           | Fra: 1163 | Rendering 25 / 32 samples
05:22.948  render           | Fra: 1163 | Rendering 32 / 32 samples
05:22.993  render           | Video append frame 1163
05:22.993  render           | Time: 00:00.32 (Saving: 00:00.03)
05:22.993  render           | Rendering frame 1164
05:22.993  render           | Start rendering: MORI_Assembly_Animation, 视图层
05:22.993  render           | Engine: EEVEE
05:23.047  render           | Fra: 1164 | Rendering 1 / 32 samples
05:23.221  render           | Fra: 1164 | Rendering 25 / 32 samples
05:23.270  render           | Fra: 1164 | Rendering 32 / 32 samples
05:23.286  render           | Video append frame 1164
05:23.286  render           | Time: 00:00.29 (Saving: 00:00.01)
05:23.286  render           | Rendering frame 1165
05:23.286  render           | Start rendering: MORI_Assembly_Animation, 视图层
05:23.286  render           | Engine: EEVEE
05:23.392  render           | Fra: 1165 | Rendering 1 / 32 samples
05:23.610  render           | Fra: 1165 | Rendering 25 / 32 samples
05:23.667  render           | Fra: 1165 | Rendering 32 / 32 samples
05:23.700  render           | Video append frame 1165
05:23.700  render           | Time: 00:00.41 (Saving: 00:00.02)
05:23.700  render           | Rendering frame 1166
05:23.700  render           | Start rendering: MORI_Assembly_Animation, 视图层
05:23.700  render           | Engine: EEVEE
05:23.779  render           | Fra: 1166 | Rendering 1 / 32 samples
05:23.990  render           | Fra: 1166 | Rendering 25 / 32 samples
05:24.048  render           | Fra: 1166 | Rendering 32 / 32 samples
05:24.065  render           | Video append frame 1166
05:24.065  render           | Time: 00:00.36 (Saving: 00:00.01)
05:24.065  render           | Rendering frame 1167
05:24.066  render           | Start rendering: MORI_Assembly_Animation, 视图层
05:24.066  render           | Engine: EEVEE
05:24.218  render           | Fra: 1167 | Rendering 1 / 32 samples
05:24.420  render           | Fra: 1167 | Rendering 25 / 32 samples
05:24.478  render           | Fra: 1167 | Rendering 32 / 32 samples
05:24.493  render           | Video append frame 1167
05:24.493  render           | Time: 00:00.42 (Saving: 00:00.00)
05:24.493  render           | Rendering frame 1168
05:24.493  render           | Start rendering: MORI_Assembly_Animation, 视图层
05:24.493  render           | Engine: EEVEE
05:24.562  render           | Fra: 1168 | Rendering 1 / 32 samples
05:24.758  render           | Fra: 1168 | Rendering 25 / 32 samples
05:24.814  render           | Fra: 1168 | Rendering 32 / 32 samples
05:24.830  render           | Video append frame 1168
05:24.830  render           | Time: 00:00.33 (Saving: 00:00.00)
05:24.830  render           | Rendering frame 1169
05:24.830  render           | Start rendering: MORI_Assembly_Animation, 视图层
05:24.830  render           | Engine: EEVEE
05:24.900  render           | Fra: 1169 | Rendering 1 / 32 samples
05:25.069  render           | Fra: 1169 | Rendering 25 / 32 samples
05:25.118  render           | Fra: 1169 | Rendering 32 / 32 samples
05:25.142  render           | Video append frame 1169
05:25.142  render           | Time: 00:00.31 (Saving: 00:00.01)
05:25.142  render           | Rendering frame 1170
05:25.142  render           | Start rendering: MORI_Assembly_Animation, 视图层
05:25.142  render           | Engine: EEVEE
05:25.212  render           | Fra: 1170 | Rendering 1 / 32 samples
05:25.395  render           | Fra: 1170 | Rendering 25 / 32 samples
05:25.444  render           | Fra: 1170 | Rendering 32 / 32 samples
05:25.460  render           | Video append frame 1170
05:25.460  render           | Time: 00:00.31 (Saving: 00:00.00)
05:25.460  render           | Rendering frame 1171
05:25.460  render           | Start rendering: MORI_Assembly_Animation, 视图层
05:25.460  render           | Engine: EEVEE
05:25.544  render           | Fra: 1171 | Rendering 1 / 32 samples
05:25.719  render           | Fra: 1171 | Rendering 25 / 32 samples
05:25.769  render           | Fra: 1171 | Rendering 32 / 32 samples
05:25.785  render           | Video append frame 1171
05:25.785  render           | Time: 00:00.32 (Saving: 00:00.01)
05:25.785  render           | Rendering frame 1172
05:25.786  render           | Start rendering: MORI_Assembly_Animation, 视图层
05:25.786  render           | Engine: EEVEE
05:25.862  render           | Fra: 1172 | Rendering 1 / 32 samples
05:26.048  render           | Fra: 1172 | Rendering 25 / 32 samples
05:26.103  render           | Fra: 1172 | Rendering 32 / 32 samples
05:26.124  render           | Video append frame 1172
05:26.125  render           | Time: 00:00.33 (Saving: 00:00.01)
05:26.125  render           | Rendering frame 1173
05:26.125  render           | Start rendering: MORI_Assembly_Animation, 视图层
05:26.125  render           | Engine: EEVEE
05:26.261  render           | Fra: 1173 | Rendering 1 / 32 samples
05:26.465  render           | Fra: 1173 | Rendering 25 / 32 samples
05:26.520  render           | Fra: 1173 | Rendering 32 / 32 samples
05:26.540  render           | Video append frame 1173
05:26.540  render           | Time: 00:00.41 (Saving: 00:00.01)
05:26.540  render           | Rendering frame 1174
05:26.540  render           | Start rendering: MORI_Assembly_Animation, 视图层
05:26.541  render           | Engine: EEVEE
05:26.613  render           | Fra: 1174 | Rendering 1 / 32 samples
05:26.816  render           | Fra: 1174 | Rendering 25 / 32 samples
05:26.874  render           | Fra: 1174 | Rendering 32 / 32 samples
05:26.890  render           | Video append frame 1174
05:26.890  render           | Time: 00:00.34 (Saving: 00:00.00)
05:26.890  render           | Rendering frame 1175
05:26.890  render           | Start rendering: MORI_Assembly_Animation, 视图层
05:26.890  render           | Engine: EEVEE
05:26.963  render           | Fra: 1175 | Rendering 1 / 32 samples
05:27.167  render           | Fra: 1175 | Rendering 25 / 32 samples
05:27.223  render           | Fra: 1175 | Rendering 32 / 32 samples
05:27.239  render           | Video append frame 1175
05:27.239  render           | Time: 00:00.34 (Saving: 00:00.01)
05:27.239  render           | Rendering frame 1176
05:27.239  render           | Start rendering: MORI_Assembly_Animation, 视图层
05:27.239  render           | Engine: EEVEE
05:27.308  render           | Fra: 1176 | Rendering 1 / 32 samples
05:27.492  render           | Fra: 1176 | Rendering 25 / 32 samples
05:27.543  render           | Fra: 1176 | Rendering 32 / 32 samples
05:27.555  render           | Video append frame 1176
05:27.555  render           | Time: 00:00.31 (Saving: 00:00.00)
05:27.555  render           | Rendering frame 1177
05:27.556  render           | Start rendering: MORI_Assembly_Animation, 视图层
05:27.556  render           | Engine: EEVEE
05:27.611  render           | Fra: 1177 | Rendering 1 / 32 samples
05:27.782  render           | Fra: 1177 | Rendering 25 / 32 samples
05:27.831  render           | Fra: 1177 | Rendering 32 / 32 samples
05:27.843  render           | Video append frame 1177
05:27.843  render           | Time: 00:00.28 (Saving: 00:00.00)
05:27.843  render           | Rendering frame 1178
05:27.843  render           | Start rendering: MORI_Assembly_Animation, 视图层
05:27.843  render           | Engine: EEVEE
05:27.902  render           | Fra: 1178 | Rendering 1 / 32 samples
05:28.068  render           | Fra: 1178 | Rendering 25 / 32 samples
05:28.113  render           | Fra: 1178 | Rendering 32 / 32 samples
05:28.126  render           | Video append frame 1178
05:28.126  render           | Time: 00:00.28 (Saving: 00:00.00)
05:28.126  render           | Rendering frame 1179
05:28.126  render           | Start rendering: MORI_Assembly_Animation, 视图层
05:28.126  render           | Engine: EEVEE
05:28.182  render           | Fra: 1179 | Rendering 1 / 32 samples
05:28.345  render           | Fra: 1179 | Rendering 25 / 32 samples
05:28.391  render           | Fra: 1179 | Rendering 32 / 32 samples
05:28.404  render           | Video append frame 1179
05:28.404  render           | Time: 00:00.27 (Saving: 00:00.00)
05:28.404  render           | Rendering frame 1180
05:28.404  render           | Start rendering: MORI_Assembly_Animation, 视图层
05:28.404  render           | Engine: EEVEE
05:28.465  render           | Fra: 1180 | Rendering 1 / 32 samples
05:28.633  render           | Fra: 1180 | Rendering 25 / 32 samples
05:28.680  render           | Fra: 1180 | Rendering 32 / 32 samples
05:28.693  render           | Video append frame 1180
05:28.693  render           | Time: 00:00.28 (Saving: 00:00.00)
05:28.693  render           | Rendering frame 1181
05:28.693  render           | Start rendering: MORI_Assembly_Animation, 视图层
05:28.693  render           | Engine: EEVEE
05:28.750  render           | Fra: 1181 | Rendering 1 / 32 samples
05:28.921  render           | Fra: 1181 | Rendering 25 / 32 samples
05:28.968  render           | Fra: 1181 | Rendering 32 / 32 samples
05:28.982  render           | Video append frame 1181
05:28.982  render           | Time: 00:00.28 (Saving: 00:00.00)
05:28.982  render           | Rendering frame 1182
05:28.982  render           | Start rendering: MORI_Assembly_Animation, 视图层
05:28.982  render           | Engine: EEVEE
05:29.043  render           | Fra: 1182 | Rendering 1 / 32 samples
05:29.201  render           | Fra: 1182 | Rendering 25 / 32 samples
05:29.250  render           | Fra: 1182 | Rendering 32 / 32 samples
05:29.276  render           | Video append frame 1182
05:29.276  render           | Time: 00:00.29 (Saving: 00:00.02)
05:29.276  render           | Rendering frame 1183
05:29.277  render           | Start rendering: MORI_Assembly_Animation, 视图层
05:29.277  render           | Engine: EEVEE
05:29.345  render           | Fra: 1183 | Rendering 1 / 32 samples
05:29.518  render           | Fra: 1183 | Rendering 25 / 32 samples
05:29.571  render           | Fra: 1183 | Rendering 32 / 32 samples
05:29.588  render           | Video append frame 1183
05:29.588  render           | Time: 00:00.31 (Saving: 00:00.01)
05:29.588  render           | Rendering frame 1184
05:29.588  render           | Start rendering: MORI_Assembly_Animation, 视图层
05:29.588  render           | Engine: EEVEE
05:29.655  render           | Fra: 1184 | Rendering 1 / 32 samples
05:29.826  render           | Fra: 1184 | Rendering 25 / 32 samples
05:29.879  render           | Fra: 1184 | Rendering 32 / 32 samples
05:29.894  render           | Video append frame 1184
05:29.894  render           | Time: 00:00.30 (Saving: 00:00.00)
05:29.894  render           | Rendering frame 1185
05:29.894  render           | Start rendering: MORI_Assembly_Animation, 视图层
05:29.894  render           | Engine: EEVEE
05:29.959  render           | Fra: 1185 | Rendering 1 / 32 samples
05:30.147  render           | Fra: 1185 | Rendering 25 / 32 samples
05:30.203  render           | Fra: 1185 | Rendering 32 / 32 samples
05:30.254  render           | Video append frame 1185
05:30.254  render           | Time: 00:00.36 (Saving: 00:00.03)
05:30.254  render           | Rendering frame 1186
05:30.254  render           | Start rendering: MORI_Assembly_Animation, 视图层
05:30.254  render           | Engine: EEVEE
05:30.332  render           | Fra: 1186 | Rendering 1 / 32 samples
05:30.529  render           | Fra: 1186 | Rendering 25 / 32 samples
05:30.588  render           | Fra: 1186 | Rendering 32 / 32 samples
05:30.627  render           | Video append frame 1186
05:30.627  render           | Time: 00:00.37 (Saving: 00:00.03)
05:30.627  render           | Rendering frame 1187
05:30.628  render           | Start rendering: MORI_Assembly_Animation, 视图层
05:30.628  render           | Engine: EEVEE
05:30.703  render           | Fra: 1187 | Rendering 1 / 32 samples
05:30.906  render           | Fra: 1187 | Rendering 25 / 32 samples
05:30.967  render           | Fra: 1187 | Rendering 32 / 32 samples
05:30.991  render           | Video append frame 1187
05:30.991  render           | Time: 00:00.36 (Saving: 00:00.01)
05:30.991  render           | Rendering frame 1188
05:30.991  render           | Start rendering: MORI_Assembly_Animation, 视图层
05:30.991  render           | Engine: EEVEE
05:31.064  render           | Fra: 1188 | Rendering 1 / 32 samples
05:31.294  render           | Fra: 1188 | Rendering 25 / 32 samples
05:31.358  render           | Fra: 1188 | Rendering 32 / 32 samples
05:31.377  render           | Video append frame 1188
05:31.377  render           | Time: 00:00.38 (Saving: 00:00.01)
05:31.377  render           | Rendering frame 1189
05:31.377  render           | Start rendering: MORI_Assembly_Animation, 视图层
05:31.377  render           | Engine: EEVEE
05:31.454  render           | Fra: 1189 | Rendering 1 / 32 samples
05:31.690  render           | Fra: 1189 | Rendering 25 / 32 samples
05:31.749  render           | Fra: 1189 | Rendering 32 / 32 samples
05:31.782  render           | Video append frame 1189
05:31.782  render           | Time: 00:00.40 (Saving: 00:00.02)
05:31.782  render           | Rendering frame 1190
05:31.782  render           | Start rendering: MORI_Assembly_Animation, 视图层
05:31.782  render           | Engine: EEVEE
05:31.853  render           | Fra: 1190 | Rendering 1 / 32 samples
05:32.049  render           | Fra: 1190 | Rendering 25 / 32 samples
05:32.106  render           | Fra: 1190 | Rendering 32 / 32 samples
05:32.147  render           | Video append frame 1190
05:32.147  render           | Time: 00:00.36 (Saving: 00:00.02)
05:32.147  render           | Rendering frame 1191
05:32.148  render           | Start rendering: MORI_Assembly_Animation, 视图层
05:32.148  render           | Engine: EEVEE
05:32.223  render           | Fra: 1191 | Rendering 1 / 32 samples
05:32.424  render           | Fra: 1191 | Rendering 25 / 32 samples
05:32.480  render           | Fra: 1191 | Rendering 32 / 32 samples
05:32.512  render           | Video append frame 1191
05:32.512  render           | Time: 00:00.36 (Saving: 00:00.01)
05:32.512  render           | Rendering frame 1192
05:32.513  render           | Start rendering: MORI_Assembly_Animation, 视图层
05:32.513  render           | Engine: EEVEE
05:32.601  render           | Fra: 1192 | Rendering 1 / 32 samples
05:32.787  render           | Fra: 1192 | Rendering 25 / 32 samples
05:32.842  render           | Fra: 1192 | Rendering 32 / 32 samples
05:32.878  render           | Video append frame 1192
05:32.878  render           | Time: 00:00.36 (Saving: 00:00.02)
05:32.878  render           | Rendering frame 1193
05:32.878  render           | Start rendering: MORI_Assembly_Animation, 视图层
05:32.878  render           | Engine: EEVEE
05:32.961  render           | Fra: 1193 | Rendering 1 / 32 samples
05:33.164  render           | Fra: 1193 | Rendering 25 / 32 samples
05:33.220  render           | Fra: 1193 | Rendering 32 / 32 samples
05:33.261  render           | Video append frame 1193
05:33.261  render           | Time: 00:00.38 (Saving: 00:00.02)
05:33.261  render           | Rendering frame 1194
05:33.262  render           | Start rendering: MORI_Assembly_Animation, 视图层
05:33.262  render           | Engine: EEVEE
05:33.340  render           | Fra: 1194 | Rendering 1 / 32 samples
05:33.534  render           | Fra: 1194 | Rendering 25 / 32 samples
05:33.598  render           | Fra: 1194 | Rendering 32 / 32 samples
05:33.645  render           | Video append frame 1194
05:33.645  render           | Time: 00:00.38 (Saving: 00:00.03)
05:33.645  render           | Rendering frame 1195
05:33.645  render           | Start rendering: MORI_Assembly_Animation, 视图层
05:33.645  render           | Engine: EEVEE
05:33.718  render           | Fra: 1195 | Rendering 1 / 32 samples
05:33.913  render           | Fra: 1195 | Rendering 25 / 32 samples
05:33.972  render           | Fra: 1195 | Rendering 32 / 32 samples
05:33.987  render           | Video append frame 1195
05:33.987  render           | Time: 00:00.34 (Saving: 00:00.00)
05:33.987  render           | Rendering frame 1196
05:33.987  render           | Start rendering: MORI_Assembly_Animation, 视图层
05:33.987  render           | Engine: EEVEE
05:34.078  render           | Fra: 1196 | Rendering 1 / 32 samples
05:34.381  render           | Fra: 1196 | Rendering 25 / 32 samples
05:34.462  render           | Fra: 1196 | Rendering 32 / 32 samples
05:34.488  render           | Video append frame 1196
05:34.488  render           | Time: 00:00.50 (Saving: 00:00.01)
05:34.488  render           | Rendering frame 1197
05:34.488  render           | Start rendering: MORI_Assembly_Animation, 视图层
05:34.488  render           | Engine: EEVEE
05:34.587  render           | Fra: 1197 | Rendering 1 / 32 samples
05:34.855  render           | Fra: 1197 | Rendering 25 / 32 samples
05:34.925  render           | Fra: 1197 | Rendering 32 / 32 samples
05:34.937  render           | Video append frame 1197
05:34.937  render           | Time: 00:00.44 (Saving: 00:00.00)
05:34.937  render           | Rendering frame 1198
05:34.938  render           | Start rendering: MORI_Assembly_Animation, 视图层
05:34.938  render           | Engine: EEVEE
05:35.007  render           | Fra: 1198 | Rendering 1 / 32 samples
05:35.206  render           | Fra: 1198 | Rendering 25 / 32 samples
05:35.259  render           | Fra: 1198 | Rendering 32 / 32 samples
05:35.271  render           | Video append frame 1198
05:35.271  render           | Time: 00:00.33 (Saving: 00:00.00)
05:35.271  render           | Rendering frame 1199
05:35.271  render           | Start rendering: MORI_Assembly_Animation, 视图层
05:35.271  render           | Engine: EEVEE
05:35.337  render           | Fra: 1199 | Rendering 1 / 32 samples
05:35.509  render           | Fra: 1199 | Rendering 25 / 32 samples
05:35.560  render           | Fra: 1199 | Rendering 32 / 32 samples
05:35.573  render           | Video append frame 1199
05:35.573  render           | Time: 00:00.30 (Saving: 00:00.00)
05:35.573  render           | Rendering frame 1200
05:35.573  render           | Start rendering: MORI_Assembly_Animation, 视图层
05:35.573  render           | Engine: EEVEE
05:35.635  render           | Fra: 1200 | Rendering 1 / 32 samples
05:35.808  render           | Fra: 1200 | Rendering 25 / 32 samples
05:35.858  render           | Fra: 1200 | Rendering 32 / 32 samples
05:35.869  render           | Video append frame 1200
05:35.869  render           | Time: 00:00.29 (Saving: 00:00.00)
05:35.869  render           | Rendering frame 1201
05:35.870  render           | Start rendering: MORI_Assembly_Animation, 视图层
05:35.870  render           | Engine: EEVEE
05:35.936  render           | Fra: 1201 | Rendering 1 / 32 samples
05:36.115  render           | Fra: 1201 | Rendering 25 / 32 samples
05:36.162  render           | Fra: 1201 | Rendering 32 / 32 samples
05:36.176  render           | Video append frame 1201
05:36.176  render           | Time: 00:00.30 (Saving: 00:00.00)
05:36.176  render           | Rendering frame 1202
05:36.177  render           | Start rendering: MORI_Assembly_Animation, 视图层
05:36.177  render           | Engine: EEVEE
05:36.244  render           | Fra: 1202 | Rendering 1 / 32 samples
05:36.408  render           | Fra: 1202 | Rendering 25 / 32 samples
05:36.456  render           | Fra: 1202 | Rendering 32 / 32 samples
05:36.474  render           | Video append frame 1202
05:36.474  render           | Time: 00:00.29 (Saving: 00:00.01)
05:36.474  render           | Rendering frame 1203
05:36.474  render           | Start rendering: MORI_Assembly_Animation, 视图层
05:36.474  render           | Engine: EEVEE
05:36.545  render           | Fra: 1203 | Rendering 1 / 32 samples
05:36.712  render           | Fra: 1203 | Rendering 25 / 32 samples
05:36.760  render           | Fra: 1203 | Rendering 32 / 32 samples
05:36.776  render           | Video append frame 1203
05:36.776  render           | Time: 00:00.30 (Saving: 00:00.01)
05:36.776  render           | Rendering frame 1204
05:36.776  render           | Start rendering: MORI_Assembly_Animation, 视图层
05:36.776  render           | Engine: EEVEE
05:36.859  render           | Fra: 1204 | Rendering 1 / 32 samples
05:37.030  render           | Fra: 1204 | Rendering 25 / 32 samples
05:37.080  render           | Fra: 1204 | Rendering 32 / 32 samples
05:37.095  render           | Video append frame 1204
05:37.095  render           | Time: 00:00.31 (Saving: 00:00.01)
05:37.095  render           | Rendering frame 1205
05:37.095  render           | Start rendering: MORI_Assembly_Animation, 视图层
05:37.095  render           | Engine: EEVEE
05:37.165  render           | Fra: 1205 | Rendering 1 / 32 samples
05:37.337  render           | Fra: 1205 | Rendering 25 / 32 samples
05:37.389  render           | Fra: 1205 | Rendering 32 / 32 samples
05:37.403  render           | Video append frame 1205
05:37.403  render           | Time: 00:00.30 (Saving: 00:00.00)
05:37.403  render           | Rendering frame 1206
05:37.403  render           | Start rendering: MORI_Assembly_Animation, 视图层
05:37.403  render           | Engine: EEVEE
05:37.466  render           | Fra: 1206 | Rendering 1 / 32 samples
05:37.636  render           | Fra: 1206 | Rendering 25 / 32 samples
05:37.686  render           | Fra: 1206 | Rendering 32 / 32 samples
05:37.698  render           | Video append frame 1206
05:37.698  render           | Time: 00:00.29 (Saving: 00:00.00)
05:37.698  render           | Rendering frame 1207
05:37.699  render           | Start rendering: MORI_Assembly_Animation, 视图层
05:37.699  render           | Engine: EEVEE
05:37.759  render           | Fra: 1207 | Rendering 1 / 32 samples
05:37.931  render           | Fra: 1207 | Rendering 25 / 32 samples
05:37.981  render           | Fra: 1207 | Rendering 32 / 32 samples
05:37.994  render           | Video append frame 1207
05:37.994  render           | Time: 00:00.29 (Saving: 00:00.00)
05:37.994  render           | Rendering frame 1208
05:37.994  render           | Start rendering: MORI_Assembly_Animation, 视图层
05:37.994  render           | Engine: EEVEE
05:38.058  render           | Fra: 1208 | Rendering 1 / 32 samples
05:38.234  render           | Fra: 1208 | Rendering 25 / 32 samples
05:38.284  render           | Fra: 1208 | Rendering 32 / 32 samples
05:38.295  render           | Video append frame 1208
05:38.295  render           | Time: 00:00.30 (Saving: 00:00.00)
05:38.295  render           | Rendering frame 1209
05:38.295  render           | Start rendering: MORI_Assembly_Animation, 视图层
05:38.295  render           | Engine: EEVEE
05:38.356  render           | Fra: 1209 | Rendering 1 / 32 samples
05:38.526  render           | Fra: 1209 | Rendering 25 / 32 samples
05:38.575  render           | Fra: 1209 | Rendering 32 / 32 samples
05:38.587  render           | Video append frame 1209
05:38.587  render           | Time: 00:00.29 (Saving: 00:00.00)
05:38.587  render           | Rendering frame 1210
05:38.587  render           | Start rendering: MORI_Assembly_Animation, 视图层
05:38.587  render           | Engine: EEVEE
05:38.642  render           | Fra: 1210 | Rendering 1 / 32 samples
05:38.815  render           | Fra: 1210 | Rendering 25 / 32 samples
05:38.865  render           | Fra: 1210 | Rendering 32 / 32 samples
05:38.875  render           | Video append frame 1210
05:38.875  render           | Time: 00:00.28 (Saving: 00:00.00)
05:38.875  render           | Rendering frame 1211
05:38.875  render           | Start rendering: MORI_Assembly_Animation, 视图层
05:38.875  render           | Engine: EEVEE
05:38.929  render           | Fra: 1211 | Rendering 1 / 32 samples
05:39.099  render           | Fra: 1211 | Rendering 25 / 32 samples
05:39.150  render           | Fra: 1211 | Rendering 32 / 32 samples
05:39.162  render           | Video append frame 1211
05:39.162  render           | Time: 00:00.28 (Saving: 00:00.00)
05:39.162  render           | Rendering frame 1212
05:39.162  render           | Start rendering: MORI_Assembly_Animation, 视图层
05:39.162  render           | Engine: EEVEE
05:39.217  render           | Fra: 1212 | Rendering 1 / 32 samples
05:39.388  render           | Fra: 1212 | Rendering 25 / 32 samples
05:39.440  render           | Fra: 1212 | Rendering 32 / 32 samples
05:39.470  render           | Video append frame 1212
05:39.470  render           | Time: 00:00.30 (Saving: 00:00.02)
05:39.470  render           | Rendering frame 1213
05:39.471  render           | Start rendering: MORI_Assembly_Animation, 视图层
05:39.471  render           | Engine: EEVEE
05:39.537  render           | Fra: 1213 | Rendering 1 / 32 samples
05:39.724  render           | Fra: 1213 | Rendering 25 / 32 samples
05:39.780  render           | Fra: 1213 | Rendering 32 / 32 samples
05:39.821  render           | Video append frame 1213
05:39.821  render           | Time: 00:00.35 (Saving: 00:00.02)
05:39.821  render           | Rendering frame 1214
05:39.821  render           | Start rendering: MORI_Assembly_Animation, 视图层
05:39.821  render           | Engine: EEVEE
05:39.901  render           | Fra: 1214 | Rendering 1 / 32 samples
05:40.108  render           | Fra: 1214 | Rendering 25 / 32 samples
05:40.169  render           | Fra: 1214 | Rendering 32 / 32 samples
05:40.210  render           | Video append frame 1214
05:40.210  render           | Time: 00:00.38 (Saving: 00:00.02)
05:40.210  render           | Rendering frame 1215
05:40.210  render           | Start rendering: MORI_Assembly_Animation, 视图层
05:40.210  render           | Engine: EEVEE
05:40.292  render           | Fra: 1215 | Rendering 1 / 32 samples
05:40.509  render           | Fra: 1215 | Rendering 25 / 32 samples
05:40.572  render           | Fra: 1215 | Rendering 32 / 32 samples
05:40.610  render           | Video append frame 1215
05:40.610  render           | Time: 00:00.39 (Saving: 00:00.02)
05:40.610  render           | Rendering frame 1216
05:40.610  render           | Start rendering: MORI_Assembly_Animation, 视图层
05:40.610  render           | Engine: EEVEE
05:40.689  render           | Fra: 1216 | Rendering 1 / 32 samples
05:40.883  render           | Fra: 1216 | Rendering 25 / 32 samples
05:40.938  render           | Fra: 1216 | Rendering 32 / 32 samples
05:40.968  render           | Video append frame 1216
05:40.968  render           | Time: 00:00.35 (Saving: 00:00.01)
05:40.968  render           | Rendering frame 1217
05:40.968  render           | Start rendering: MORI_Assembly_Animation, 视图层
05:40.968  render           | Engine: EEVEE
05:41.041  render           | Fra: 1217 | Rendering 1 / 32 samples
05:41.235  render           | Fra: 1217 | Rendering 25 / 32 samples
05:41.291  render           | Fra: 1217 | Rendering 32 / 32 samples
05:41.306  render           | Video append frame 1217
05:41.306  render           | Time: 00:00.33 (Saving: 00:00.00)
05:41.306  render           | Rendering frame 1218
05:41.306  render           | Start rendering: MORI_Assembly_Animation, 视图层
05:41.306  render           | Engine: EEVEE
05:41.380  render           | Fra: 1218 | Rendering 1 / 32 samples
05:41.573  render           | Fra: 1218 | Rendering 25 / 32 samples
05:41.628  render           | Fra: 1218 | Rendering 32 / 32 samples
05:41.642  render           | Video append frame 1218
05:41.642  render           | Time: 00:00.33 (Saving: 00:00.00)
05:41.642  render           | Rendering frame 1219
05:41.642  render           | Start rendering: MORI_Assembly_Animation, 视图层
05:41.642  render           | Engine: EEVEE
05:41.709  render           | Fra: 1219 | Rendering 1 / 32 samples
05:41.906  render           | Fra: 1219 | Rendering 25 / 32 samples
05:41.962  render           | Fra: 1219 | Rendering 32 / 32 samples
05:41.974  render           | Video append frame 1219
05:41.974  render           | Time: 00:00.33 (Saving: 00:00.00)
05:41.974  render           | Rendering frame 1220
05:41.975  render           | Start rendering: MORI_Assembly_Animation, 视图层
05:41.975  render           | Engine: EEVEE
05:42.040  render           | Fra: 1220 | Rendering 1 / 32 samples
05:42.228  render           | Fra: 1220 | Rendering 25 / 32 samples
05:42.282  render           | Fra: 1220 | Rendering 32 / 32 samples
05:42.296  render           | Video append frame 1220
05:42.296  render           | Time: 00:00.32 (Saving: 00:00.00)
05:42.296  render           | Rendering frame 1221
05:42.297  render           | Start rendering: MORI_Assembly_Animation, 视图层
05:42.297  render           | Engine: EEVEE
05:42.360  render           | Fra: 1221 | Rendering 1 / 32 samples
05:42.552  render           | Fra: 1221 | Rendering 25 / 32 samples
05:42.610  render           | Fra: 1221 | Rendering 32 / 32 samples
05:42.624  render           | Video append frame 1221
05:42.624  render           | Time: 00:00.32 (Saving: 00:00.00)
05:42.624  render           | Rendering frame 1222
05:42.624  render           | Start rendering: MORI_Assembly_Animation, 视图层
05:42.624  render           | Engine: EEVEE
05:42.688  render           | Fra: 1222 | Rendering 1 / 32 samples
05:42.879  render           | Fra: 1222 | Rendering 25 / 32 samples
05:42.933  render           | Fra: 1222 | Rendering 32 / 32 samples
05:42.947  render           | Video append frame 1222
05:42.947  render           | Time: 00:00.32 (Saving: 00:00.00)
05:42.947  render           | Rendering frame 1223
05:42.947  render           | Start rendering: MORI_Assembly_Animation, 视图层
05:42.947  render           | Engine: EEVEE
05:43.014  render           | Fra: 1223 | Rendering 1 / 32 samples
05:43.201  render           | Fra: 1223 | Rendering 25 / 32 samples
05:43.256  render           | Fra: 1223 | Rendering 32 / 32 samples
05:43.269  render           | Video append frame 1223
05:43.269  render           | Time: 00:00.32 (Saving: 00:00.00)
05:43.269  render           | Rendering frame 1224
05:43.269  render           | Start rendering: MORI_Assembly_Animation, 视图层
05:43.269  render           | Engine: EEVEE
05:43.332  render           | Fra: 1224 | Rendering 1 / 32 samples
05:43.519  render           | Fra: 1224 | Rendering 25 / 32 samples
05:43.572  render           | Fra: 1224 | Rendering 32 / 32 samples
05:43.587  render           | Video append frame 1224
05:43.587  render           | Time: 00:00.31 (Saving: 00:00.00)
05:43.587  render           | Rendering frame 1225
05:43.587  render           | Start rendering: MORI_Assembly_Animation, 视图层
05:43.587  render           | Engine: EEVEE
05:43.655  render           | Fra: 1225 | Rendering 1 / 32 samples
05:43.838  render           | Fra: 1225 | Rendering 25 / 32 samples
05:43.887  render           | Fra: 1225 | Rendering 32 / 32 samples
05:43.898  render           | Video append frame 1225
05:43.898  render           | Time: 00:00.31 (Saving: 00:00.00)
05:43.898  render           | Rendering frame 1226
05:43.898  render           | Start rendering: MORI_Assembly_Animation, 视图层
05:43.898  render           | Engine: EEVEE
05:43.965  render           | Fra: 1226 | Rendering 1 / 32 samples
05:44.134  render           | Fra: 1226 | Rendering 25 / 32 samples
05:44.183  render           | Fra: 1226 | Rendering 32 / 32 samples
05:44.194  render           | Video append frame 1226
05:44.194  render           | Time: 00:00.29 (Saving: 00:00.00)
05:44.194  render           | Rendering frame 1227
05:44.194  render           | Start rendering: MORI_Assembly_Animation, 视图层
05:44.194  render           | Engine: EEVEE
05:44.259  render           | Fra: 1227 | Rendering 1 / 32 samples
05:44.427  render           | Fra: 1227 | Rendering 25 / 32 samples
05:44.478  render           | Fra: 1227 | Rendering 32 / 32 samples
05:44.490  render           | Video append frame 1227
05:44.490  render           | Time: 00:00.29 (Saving: 00:00.00)
05:44.490  render           | Rendering frame 1228
05:44.490  render           | Start rendering: MORI_Assembly_Animation, 视图层
05:44.490  render           | Engine: EEVEE
05:44.543  render           | Fra: 1228 | Rendering 1 / 32 samples
05:44.717  render           | Fra: 1228 | Rendering 25 / 32 samples
05:44.765  render           | Fra: 1228 | Rendering 32 / 32 samples
05:44.775  render           | Video append frame 1228
05:44.775  render           | Time: 00:00.28 (Saving: 00:00.00)
05:44.775  render           | Rendering frame 1229
05:44.775  render           | Start rendering: MORI_Assembly_Animation, 视图层
05:44.775  render           | Engine: EEVEE
05:44.826  render           | Fra: 1229 | Rendering 1 / 32 samples
05:44.996  render           | Fra: 1229 | Rendering 25 / 32 samples
05:45.044  render           | Fra: 1229 | Rendering 32 / 32 samples
05:45.057  render           | Video append frame 1229
05:45.057  render           | Time: 00:00.28 (Saving: 00:00.00)
05:45.057  render           | Rendering frame 1230
05:45.057  render           | Start rendering: MORI_Assembly_Animation, 视图层
05:45.057  render           | Engine: EEVEE
05:45.114  render           | Fra: 1230 | Rendering 1 / 32 samples
05:45.285  render           | Fra: 1230 | Rendering 25 / 32 samples
05:45.335  render           | Fra: 1230 | Rendering 32 / 32 samples
05:45.347  render           | Video append frame 1230
05:45.347  render           | Time: 00:00.28 (Saving: 00:00.00)
05:45.347  render           | Rendering frame 1231
05:45.347  render           | Start rendering: MORI_Assembly_Animation, 视图层
05:45.347  render           | Engine: EEVEE
05:45.414  render           | Fra: 1231 | Rendering 1 / 32 samples
05:45.588  render           | Fra: 1231 | Rendering 25 / 32 samples
05:45.637  render           | Fra: 1231 | Rendering 32 / 32 samples
05:45.648  render           | Video append frame 1231
05:45.648  render           | Time: 00:00.30 (Saving: 00:00.00)
05:45.648  render           | Rendering frame 1232
05:45.648  render           | Start rendering: MORI_Assembly_Animation, 视图层
05:45.648  render           | Engine: EEVEE
05:45.706  render           | Fra: 1232 | Rendering 1 / 32 samples
05:45.875  render           | Fra: 1232 | Rendering 25 / 32 samples
05:45.920  render           | Fra: 1232 | Rendering 32 / 32 samples
05:45.932  render           | Video append frame 1232
05:45.932  render           | Time: 00:00.28 (Saving: 00:00.00)
05:45.932  render           | Rendering frame 1233
05:45.932  render           | Start rendering: MORI_Assembly_Animation, 视图层
05:45.932  render           | Engine: EEVEE
05:45.992  render           | Fra: 1233 | Rendering 1 / 32 samples
05:46.167  render           | Fra: 1233 | Rendering 25 / 32 samples
05:46.216  render           | Fra: 1233 | Rendering 32 / 32 samples
05:46.252  render           | Video append frame 1233
05:46.252  render           | Time: 00:00.32 (Saving: 00:00.02)
05:46.252  render           | Rendering frame 1234
05:46.253  render           | Start rendering: MORI_Assembly_Animation, 视图层
05:46.253  render           | Engine: EEVEE
05:46.327  render           | Fra: 1234 | Rendering 1 / 32 samples
05:46.513  render           | Fra: 1234 | Rendering 25 / 32 samples
05:46.569  render           | Fra: 1234 | Rendering 32 / 32 samples
05:46.608  render           | Video append frame 1234
05:46.608  render           | Time: 00:00.35 (Saving: 00:00.02)
05:46.608  render           | Rendering frame 1235
05:46.608  render           | Start rendering: MORI_Assembly_Animation, 视图层
05:46.608  render           | Engine: EEVEE
05:46.689  render           | Fra: 1235 | Rendering 1 / 32 samples
05:46.878  render           | Fra: 1235 | Rendering 25 / 32 samples
05:46.935  render           | Fra: 1235 | Rendering 32 / 32 samples
05:46.966  render           | Video append frame 1235
05:46.966  render           | Time: 00:00.35 (Saving: 00:00.02)
05:46.966  render           | Rendering frame 1236
05:46.966  render           | Start rendering: MORI_Assembly_Animation, 视图层
05:46.966  render           | Engine: EEVEE
05:47.048  render           | Fra: 1236 | Rendering 1 / 32 samples
05:47.243  render           | Fra: 1236 | Rendering 25 / 32 samples
05:47.299  render           | Fra: 1236 | Rendering 32 / 32 samples
05:47.341  render           | Video append frame 1236
05:47.341  render           | Time: 00:00.37 (Saving: 00:00.03)
05:47.341  render           | Rendering frame 1237
05:47.341  render           | Start rendering: MORI_Assembly_Animation, 视图层
05:47.341  render           | Engine: EEVEE
05:47.418  render           | Fra: 1237 | Rendering 1 / 32 samples
05:47.625  render           | Fra: 1237 | Rendering 25 / 32 samples
05:47.685  render           | Fra: 1237 | Rendering 32 / 32 samples
05:47.719  render           | Video append frame 1237
05:47.719  render           | Time: 00:00.37 (Saving: 00:00.02)
05:47.719  render           | Rendering frame 1238
05:47.720  render           | Start rendering: MORI_Assembly_Animation, 视图层
05:47.720  render           | Engine: EEVEE
05:47.794  render           | Fra: 1238 | Rendering 1 / 32 samples
05:47.998  render           | Fra: 1238 | Rendering 25 / 32 samples
05:48.061  render           | Fra: 1238 | Rendering 32 / 32 samples
05:48.099  render           | Video append frame 1238
05:48.099  render           | Time: 00:00.37 (Saving: 00:00.02)
05:48.099  render           | Rendering frame 1239
05:48.099  render           | Start rendering: MORI_Assembly_Animation, 视图层
05:48.099  render           | Engine: EEVEE
05:48.171  render           | Fra: 1239 | Rendering 1 / 32 samples
05:48.380  render           | Fra: 1239 | Rendering 25 / 32 samples
05:48.438  render           | Fra: 1239 | Rendering 32 / 32 samples
05:48.474  render           | Video append frame 1239
05:48.474  render           | Time: 00:00.37 (Saving: 00:00.02)
05:48.474  render           | Rendering frame 1240
05:48.474  render           | Start rendering: MORI_Assembly_Animation, 视图层
05:48.474  render           | Engine: EEVEE
05:48.540  render           | Fra: 1240 | Rendering 1 / 32 samples
05:48.732  render           | Fra: 1240 | Rendering 25 / 32 samples
05:48.786  render           | Fra: 1240 | Rendering 32 / 32 samples
05:48.824  render           | Video append frame 1240
05:48.824  render           | Time: 00:00.35 (Saving: 00:00.02)
05:48.824  render           | Rendering frame 1241
05:48.824  render           | Start rendering: MORI_Assembly_Animation, 视图层
05:48.824  render           | Engine: EEVEE
05:48.892  render           | Fra: 1241 | Rendering 1 / 32 samples
05:49.080  render           | Fra: 1241 | Rendering 25 / 32 samples
05:49.134  render           | Fra: 1241 | Rendering 32 / 32 samples
05:49.184  render           | Video append frame 1241
05:49.184  render           | Time: 00:00.35 (Saving: 00:00.03)
05:49.184  render           | Rendering frame 1242
05:49.184  render           | Start rendering: MORI_Assembly_Animation, 视图层
05:49.184  render           | Engine: EEVEE
05:49.252  render           | Fra: 1242 | Rendering 1 / 32 samples
05:49.445  render           | Fra: 1242 | Rendering 25 / 32 samples
05:49.500  render           | Fra: 1242 | Rendering 32 / 32 samples
05:49.540  render           | Video append frame 1242
05:49.540  render           | Time: 00:00.35 (Saving: 00:00.02)
05:49.540  render           | Rendering frame 1243
05:49.540  render           | Start rendering: MORI_Assembly_Animation, 视图层
05:49.540  render           | Engine: EEVEE
05:49.609  render           | Fra: 1243 | Rendering 1 / 32 samples
05:49.804  render           | Fra: 1243 | Rendering 25 / 32 samples
05:49.861  render           | Fra: 1243 | Rendering 32 / 32 samples
05:49.893  render           | Video append frame 1243
05:49.893  render           | Time: 00:00.35 (Saving: 00:00.02)
05:49.893  render           | Rendering frame 1244
05:49.893  render           | Start rendering: MORI_Assembly_Animation, 视图层
05:49.893  render           | Engine: EEVEE
05:49.961  render           | Fra: 1244 | Rendering 1 / 32 samples
05:50.156  render           | Fra: 1244 | Rendering 25 / 32 samples
05:50.210  render           | Fra: 1244 | Rendering 32 / 32 samples
05:50.268  render           | Video append frame 1244
05:50.268  render           | Time: 00:00.37 (Saving: 00:00.04)
05:50.269  render           | Rendering frame 1245
05:50.269  render           | Start rendering: MORI_Assembly_Animation, 视图层
05:50.269  render           | Engine: EEVEE
05:50.337  render           | Fra: 1245 | Rendering 1 / 32 samples
05:50.531  render           | Fra: 1245 | Rendering 25 / 32 samples
05:50.586  render           | Fra: 1245 | Rendering 32 / 32 samples
05:50.621  render           | Video append frame 1245
05:50.621  render           | Time: 00:00.35 (Saving: 00:00.02)
05:50.621  render           | Rendering frame 1246
05:50.621  render           | Start rendering: MORI_Assembly_Animation, 视图层
05:50.621  render           | Engine: EEVEE
05:50.693  render           | Fra: 1246 | Rendering 1 / 32 samples
05:50.890  render           | Fra: 1246 | Rendering 25 / 32 samples
05:50.949  render           | Fra: 1246 | Rendering 32 / 32 samples
05:50.965  render           | Video append frame 1246
05:50.965  render           | Time: 00:00.34 (Saving: 00:00.01)
05:50.965  render           | Rendering frame 1247
05:50.965  render           | Start rendering: MORI_Assembly_Animation, 视图层
05:50.965  render           | Engine: EEVEE
05:51.038  render           | Fra: 1247 | Rendering 1 / 32 samples
05:51.230  render           | Fra: 1247 | Rendering 25 / 32 samples
05:51.284  render           | Fra: 1247 | Rendering 32 / 32 samples
05:51.295  render           | Video append frame 1247
05:51.295  render           | Time: 00:00.32 (Saving: 00:00.00)
05:51.295  render           | Rendering frame 1248
05:51.295  render           | Start rendering: MORI_Assembly_Animation, 视图层
05:51.295  render           | Engine: EEVEE
05:51.358  render           | Fra: 1248 | Rendering 1 / 32 samples
05:51.549  render           | Fra: 1248 | Rendering 25 / 32 samples
05:51.602  render           | Fra: 1248 | Rendering 32 / 32 samples
05:51.614  render           | Video append frame 1248
05:51.614  render           | Time: 00:00.31 (Saving: 00:00.00)
05:51.614  render           | Rendering frame 1249
05:51.615  render           | Start rendering: MORI_Assembly_Animation, 视图层
05:51.615  render           | Engine: EEVEE
05:51.681  render           | Fra: 1249 | Rendering 1 / 32 samples
05:51.868  render           | Fra: 1249 | Rendering 25 / 32 samples
05:51.924  render           | Fra: 1249 | Rendering 32 / 32 samples
05:51.936  render           | Video append frame 1249
05:51.936  render           | Time: 00:00.32 (Saving: 00:00.00)
05:51.936  render           | Rendering frame 1250
05:51.936  render           | Start rendering: MORI_Assembly_Animation, 视图层
05:51.936  render           | Engine: EEVEE
05:52.003  render           | Fra: 1250 | Rendering 1 / 32 samples
05:52.205  render           | Fra: 1250 | Rendering 25 / 32 samples
05:52.262  render           | Fra: 1250 | Rendering 32 / 32 samples
05:52.274  render           | Video append frame 1250
05:52.274  render           | Time: 00:00.33 (Saving: 00:00.00)
05:52.274  render           | Rendering frame 1251
05:52.274  render           | Start rendering: MORI_Assembly_Animation, 视图层
05:52.274  render           | Engine: EEVEE
05:52.373  render           | Fra: 1251 | Rendering 1 / 32 samples
05:52.565  render           | Fra: 1251 | Rendering 25 / 32 samples
05:52.618  render           | Fra: 1251 | Rendering 32 / 32 samples
05:52.630  render           | Video append frame 1251
05:52.630  render           | Time: 00:00.35 (Saving: 00:00.00)
05:52.630  render           | Rendering frame 1252
05:52.631  render           | Start rendering: MORI_Assembly_Animation, 视图层
05:52.631  render           | Engine: EEVEE
05:52.700  render           | Fra: 1252 | Rendering 1 / 32 samples
05:52.891  render           | Fra: 1252 | Rendering 25 / 32 samples
05:52.945  render           | Fra: 1252 | Rendering 32 / 32 samples
05:52.958  render           | Video append frame 1252
05:52.958  render           | Time: 00:00.32 (Saving: 00:00.00)
05:52.958  render           | Rendering frame 1253
05:52.958  render           | Start rendering: MORI_Assembly_Animation, 视图层
05:52.958  render           | Engine: EEVEE
05:53.025  render           | Fra: 1253 | Rendering 1 / 32 samples
05:53.211  render           | Fra: 1253 | Rendering 25 / 32 samples
05:53.263  render           | Fra: 1253 | Rendering 32 / 32 samples
05:53.275  render           | Video append frame 1253
05:53.275  render           | Time: 00:00.31 (Saving: 00:00.00)
05:53.275  render           | Rendering frame 1254
05:53.275  render           | Start rendering: MORI_Assembly_Animation, 视图层
05:53.275  render           | Engine: EEVEE
05:53.341  render           | Fra: 1254 | Rendering 1 / 32 samples
05:53.522  render           | Fra: 1254 | Rendering 25 / 32 samples
05:53.572  render           | Fra: 1254 | Rendering 32 / 32 samples
05:53.586  render           | Video append frame 1254
05:53.586  render           | Time: 00:00.31 (Saving: 00:00.00)
05:53.586  render           | Rendering frame 1255
05:53.586  render           | Start rendering: MORI_Assembly_Animation, 视图层
05:53.586  render           | Engine: EEVEE
05:53.650  render           | Fra: 1255 | Rendering 1 / 32 samples
05:53.823  render           | Fra: 1255 | Rendering 25 / 32 samples
05:53.870  render           | Fra: 1255 | Rendering 32 / 32 samples
05:53.883  render           | Video append frame 1255
05:53.883  render           | Time: 00:00.29 (Saving: 00:00.00)
05:53.883  render           | Rendering frame 1256
05:53.883  render           | Start rendering: MORI_Assembly_Animation, 视图层
05:53.883  render           | Engine: EEVEE
05:53.947  render           | Fra: 1256 | Rendering 1 / 32 samples
05:54.116  render           | Fra: 1256 | Rendering 25 / 32 samples
05:54.168  render           | Fra: 1256 | Rendering 32 / 32 samples
05:54.186  render           | Video append frame 1256
05:54.186  render           | Time: 00:00.30 (Saving: 00:00.01)
05:54.186  render           | Rendering frame 1257
05:54.186  render           | Start rendering: MORI_Assembly_Animation, 视图层
05:54.186  render           | Engine: EEVEE
05:54.257  render           | Fra: 1257 | Rendering 1 / 32 samples
05:54.442  render           | Fra: 1257 | Rendering 25 / 32 samples
05:54.494  render           | Fra: 1257 | Rendering 32 / 32 samples
05:54.516  render           | Video append frame 1257
05:54.516  render           | Time: 00:00.32 (Saving: 00:00.01)
05:54.516  render           | Rendering frame 1258
05:54.516  render           | Start rendering: MORI_Assembly_Animation, 视图层
05:54.516  render           | Engine: EEVEE
05:54.589  render           | Fra: 1258 | Rendering 1 / 32 samples
05:54.785  render           | Fra: 1258 | Rendering 25 / 32 samples
05:54.838  render           | Fra: 1258 | Rendering 32 / 32 samples
05:54.859  render           | Video append frame 1258
05:54.859  render           | Time: 00:00.34 (Saving: 00:00.01)
05:54.859  render           | Rendering frame 1259
05:54.859  render           | Start rendering: MORI_Assembly_Animation, 视图层
05:54.859  render           | Engine: EEVEE
05:54.943  render           | Fra: 1259 | Rendering 1 / 32 samples
05:55.135  render           | Fra: 1259 | Rendering 25 / 32 samples
05:55.189  render           | Fra: 1259 | Rendering 32 / 32 samples
05:55.202  render           | Video append frame 1259
05:55.202  render           | Time: 00:00.34 (Saving: 00:00.00)
05:55.202  render           | Rendering frame 1260
05:55.202  render           | Start rendering: MORI_Assembly_Animation, 视图层
05:55.202  render           | Engine: EEVEE
05:55.263  render           | Fra: 1260 | Rendering 1 / 32 samples
05:55.443  render           | Fra: 1260 | Rendering 25 / 32 samples
05:55.494  render           | Fra: 1260 | Rendering 32 / 32 samples
05:55.507  render           | Video append frame 1260
05:55.507  render           | Time: 00:00.30 (Saving: 00:00.00)
05:55.507  render           | Rendering frame 1261
05:55.507  render           | Start rendering: MORI_Assembly_Animation, 视图层
05:55.507  render           | Engine: EEVEE
05:55.566  render           | Fra: 1261 | Rendering 1 / 32 samples
05:55.736  render           | Fra: 1261 | Rendering 25 / 32 samples
05:55.786  render           | Fra: 1261 | Rendering 32 / 32 samples
05:55.799  render           | Video append frame 1261
05:55.799  render           | Time: 00:00.29 (Saving: 00:00.00)
05:55.799  render           | Rendering frame 1262
05:55.799  render           | Start rendering: MORI_Assembly_Animation, 视图层
05:55.799  render           | Engine: EEVEE
05:55.862  render           | Fra: 1262 | Rendering 1 / 32 samples
05:56.041  render           | Fra: 1262 | Rendering 25 / 32 samples
05:56.092  render           | Fra: 1262 | Rendering 32 / 32 samples
05:56.106  render           | Video append frame 1262
05:56.106  render           | Time: 00:00.30 (Saving: 00:00.00)
05:56.106  render           | Rendering frame 1263
05:56.106  render           | Start rendering: MORI_Assembly_Animation, 视图层
05:56.106  render           | Engine: EEVEE
05:56.167  render           | Fra: 1263 | Rendering 1 / 32 samples
05:56.350  render           | Fra: 1263 | Rendering 25 / 32 samples
05:56.405  render           | Fra: 1263 | Rendering 32 / 32 samples
05:56.456  render           | Video append frame 1263
05:56.456  render           | Time: 00:00.35 (Saving: 00:00.03)
05:56.456  render           | Rendering frame 1264
05:56.456  render           | Start rendering: MORI_Assembly_Animation, 视图层
05:56.456  render           | Engine: EEVEE
05:56.534  render           | Fra: 1264 | Rendering 1 / 32 samples
05:56.726  render           | Fra: 1264 | Rendering 25 / 32 samples
05:56.781  render           | Fra: 1264 | Rendering 32 / 32 samples
05:56.828  render           | Video append frame 1264
05:56.828  render           | Time: 00:00.37 (Saving: 00:00.03)
05:56.828  render           | Rendering frame 1265
05:56.828  render           | Start rendering: MORI_Assembly_Animation, 视图层
05:56.828  render           | Engine: EEVEE
05:56.907  render           | Fra: 1265 | Rendering 1 / 32 samples
05:57.099  render           | Fra: 1265 | Rendering 25 / 32 samples
05:57.155  render           | Fra: 1265 | Rendering 32 / 32 samples
05:57.196  render           | Video append frame 1265
05:57.196  render           | Time: 00:00.36 (Saving: 00:00.02)
05:57.196  render           | Rendering frame 1266
05:57.196  render           | Start rendering: MORI_Assembly_Animation, 视图层
05:57.196  render           | Engine: EEVEE
05:57.274  render           | Fra: 1266 | Rendering 1 / 32 samples
05:57.472  render           | Fra: 1266 | Rendering 25 / 32 samples
05:57.531  render           | Fra: 1266 | Rendering 32 / 32 samples
05:57.570  render           | Video append frame 1266
05:57.570  render           | Time: 00:00.37 (Saving: 00:00.02)
05:57.570  render           | Rendering frame 1267
05:57.570  render           | Start rendering: MORI_Assembly_Animation, 视图层
05:57.570  render           | Engine: EEVEE
05:57.651  render           | Fra: 1267 | Rendering 1 / 32 samples
05:57.863  render           | Fra: 1267 | Rendering 25 / 32 samples
05:57.923  render           | Fra: 1267 | Rendering 32 / 32 samples
05:57.937  render           | Video append frame 1267
05:57.937  render           | Time: 00:00.36 (Saving: 00:00.00)
05:57.937  render           | Rendering frame 1268
05:57.937  render           | Start rendering: MORI_Assembly_Animation, 视图层
05:57.937  render           | Engine: EEVEE
05:58.002  render           | Fra: 1268 | Rendering 1 / 32 samples
05:58.215  render           | Fra: 1268 | Rendering 25 / 32 samples
05:58.280  render           | Fra: 1268 | Rendering 32 / 32 samples
05:58.294  render           | Video append frame 1268
05:58.294  render           | Time: 00:00.35 (Saving: 00:00.00)
05:58.294  render           | Rendering frame 1269
05:58.294  render           | Start rendering: MORI_Assembly_Animation, 视图层
05:58.294  render           | Engine: EEVEE
05:58.361  render           | Fra: 1269 | Rendering 1 / 32 samples
05:58.573  render           | Fra: 1269 | Rendering 25 / 32 samples
05:58.634  render           | Fra: 1269 | Rendering 32 / 32 samples
05:58.648  render           | Video append frame 1269
05:58.649  render           | Time: 00:00.35 (Saving: 00:00.00)
05:58.649  render           | Rendering frame 1270
05:58.649  render           | Start rendering: MORI_Assembly_Animation, 视图层
05:58.649  render           | Engine: EEVEE
05:58.713  render           | Fra: 1270 | Rendering 1 / 32 samples
05:58.918  render           | Fra: 1270 | Rendering 25 / 32 samples
05:58.981  render           | Fra: 1270 | Rendering 32 / 32 samples
05:58.994  render           | Video append frame 1270
05:58.994  render           | Time: 00:00.34 (Saving: 00:00.00)
05:58.995  render           | Rendering frame 1271
05:58.995  render           | Start rendering: MORI_Assembly_Animation, 视图层
05:58.995  render           | Engine: EEVEE
05:59.062  render           | Fra: 1271 | Rendering 1 / 32 samples
05:59.273  render           | Fra: 1271 | Rendering 25 / 32 samples
05:59.335  render           | Fra: 1271 | Rendering 32 / 32 samples
05:59.356  render           | Video append frame 1271
05:59.357  render           | Time: 00:00.36 (Saving: 00:00.01)
05:59.357  render           | Rendering frame 1272
05:59.357  render           | Start rendering: MORI_Assembly_Animation, 视图层
05:59.357  render           | Engine: EEVEE
05:59.421  render           | Fra: 1272 | Rendering 1 / 32 samples
05:59.630  render           | Fra: 1272 | Rendering 25 / 32 samples
05:59.685  render           | Fra: 1272 | Rendering 32 / 32 samples
05:59.699  render           | Video append frame 1272
05:59.699  render           | Time: 00:00.34 (Saving: 00:00.00)
05:59.699  render           | Rendering frame 1273
05:59.699  render           | Start rendering: MORI_Assembly_Animation, 视图层
05:59.699  render           | Engine: EEVEE
05:59.779  render           | Fra: 1273 | Rendering 1 / 32 samples
05:59.972  render           | Fra: 1273 | Rendering 25 / 32 samples
06:00.027  render           | Fra: 1273 | Rendering 32 / 32 samples
06:00.039  render           | Video append frame 1273
06:00.039  render           | Time: 00:00.33 (Saving: 00:00.00)
06:00.039  render           | Rendering frame 1274
06:00.039  render           | Start rendering: MORI_Assembly_Animation, 视图层
06:00.039  render           | Engine: EEVEE
06:00.108  render           | Fra: 1274 | Rendering 1 / 32 samples
06:00.286  render           | Fra: 1274 | Rendering 25 / 32 samples
06:00.337  render           | Fra: 1274 | Rendering 32 / 32 samples
06:00.348  render           | Video append frame 1274
06:00.348  render           | Time: 00:00.30 (Saving: 00:00.00)
06:00.348  render           | Rendering frame 1275
06:00.349  render           | Start rendering: MORI_Assembly_Animation, 视图层
06:00.349  render           | Engine: EEVEE
06:00.413  render           | Fra: 1275 | Rendering 1 / 32 samples
06:00.591  render           | Fra: 1275 | Rendering 25 / 32 samples
06:00.642  render           | Fra: 1275 | Rendering 32 / 32 samples
06:00.654  render           | Video append frame 1275
06:00.654  render           | Time: 00:00.30 (Saving: 00:00.00)
06:00.654  render           | Rendering frame 1276
06:00.654  render           | Start rendering: MORI_Assembly_Animation, 视图层
06:00.654  render           | Engine: EEVEE
06:00.710  render           | Fra: 1276 | Rendering 1 / 32 samples
06:00.886  render           | Fra: 1276 | Rendering 25 / 32 samples
06:00.938  render           | Fra: 1276 | Rendering 32 / 32 samples
06:00.949  render           | Video append frame 1276
06:00.949  render           | Time: 00:00.29 (Saving: 00:00.00)
06:00.949  render           | Rendering frame 1277
06:00.949  render           | Start rendering: MORI_Assembly_Animation, 视图层
06:00.949  render           | Engine: EEVEE
06:01.006  render           | Fra: 1277 | Rendering 1 / 32 samples
06:01.181  render           | Fra: 1277 | Rendering 25 / 32 samples
06:01.232  render           | Fra: 1277 | Rendering 32 / 32 samples
06:01.244  render           | Video append frame 1277
06:01.244  render           | Time: 00:00.29 (Saving: 00:00.00)
06:01.244  render           | Rendering frame 1278
06:01.244  render           | Start rendering: MORI_Assembly_Animation, 视图层
06:01.244  render           | Engine: EEVEE
06:01.299  render           | Fra: 1278 | Rendering 1 / 32 samples
06:01.478  render           | Fra: 1278 | Rendering 25 / 32 samples
06:01.530  render           | Fra: 1278 | Rendering 32 / 32 samples
06:01.543  render           | Video append frame 1278
06:01.543  render           | Time: 00:00.29 (Saving: 00:00.00)
06:01.543  render           | Rendering frame 1279
06:01.543  render           | Start rendering: MORI_Assembly_Animation, 视图层
06:01.543  render           | Engine: EEVEE
06:01.601  render           | Fra: 1279 | Rendering 1 / 32 samples
06:01.777  render           | Fra: 1279 | Rendering 25 / 32 samples
06:01.829  render           | Fra: 1279 | Rendering 32 / 32 samples
06:01.840  render           | Video append frame 1279
06:01.840  render           | Time: 00:00.29 (Saving: 00:00.00)
06:01.840  render           | Rendering frame 1280
06:01.840  render           | Start rendering: MORI_Assembly_Animation, 视图层
06:01.840  render           | Engine: EEVEE
06:01.897  render           | Fra: 1280 | Rendering 1 / 32 samples
06:02.077  render           | Fra: 1280 | Rendering 25 / 32 samples
06:02.128  render           | Fra: 1280 | Rendering 32 / 32 samples
06:02.141  render           | Video append frame 1280
06:02.141  render           | Time: 00:00.30 (Saving: 00:00.00)
06:02.141  render           | Rendering frame 1281
06:02.141  render           | Start rendering: MORI_Assembly_Animation, 视图层
06:02.141  render           | Engine: EEVEE
06:02.200  render           | Fra: 1281 | Rendering 1 / 32 samples
06:02.380  render           | Fra: 1281 | Rendering 25 / 32 samples
06:02.433  render           | Fra: 1281 | Rendering 32 / 32 samples
06:02.452  render           | Video append frame 1281
06:02.452  render           | Time: 00:00.31 (Saving: 00:00.01)
06:02.452  render           | Rendering frame 1282
06:02.452  render           | Start rendering: MORI_Assembly_Animation, 视图层
06:02.452  render           | Engine: EEVEE
06:02.514  render           | Fra: 1282 | Rendering 1 / 32 samples
06:02.702  render           | Fra: 1282 | Rendering 25 / 32 samples
06:02.757  render           | Fra: 1282 | Rendering 32 / 32 samples
06:02.796  render           | Video append frame 1282
06:02.796  render           | Time: 00:00.34 (Saving: 00:00.02)
06:02.796  render           | Rendering frame 1283
06:02.796  render           | Start rendering: MORI_Assembly_Animation, 视图层
06:02.796  render           | Engine: EEVEE
06:02.880  render           | Fra: 1283 | Rendering 1 / 32 samples
06:03.099  render           | Fra: 1283 | Rendering 25 / 32 samples
06:03.163  render           | Fra: 1283 | Rendering 32 / 32 samples
06:03.206  render           | Video append frame 1283
06:03.206  render           | Time: 00:00.41 (Saving: 00:00.03)
06:03.206  render           | Rendering frame 1284
06:03.206  render           | Start rendering: MORI_Assembly_Animation, 视图层
06:03.206  render           | Engine: EEVEE
06:03.288  render           | Fra: 1284 | Rendering 1 / 32 samples
06:03.529  render           | Fra: 1284 | Rendering 25 / 32 samples
06:03.595  render           | Fra: 1284 | Rendering 32 / 32 samples
06:03.625  render           | Video append frame 1284
06:03.625  render           | Time: 00:00.41 (Saving: 00:00.02)
06:03.625  render           | Rendering frame 1285
06:03.625  render           | Start rendering: MORI_Assembly_Animation, 视图层
06:03.625  render           | Engine: EEVEE
06:03.703  render           | Fra: 1285 | Rendering 1 / 32 samples
06:03.921  render           | Fra: 1285 | Rendering 25 / 32 samples
06:03.980  render           | Fra: 1285 | Rendering 32 / 32 samples
06:04.020  render           | Video append frame 1285
06:04.020  render           | Time: 00:00.39 (Saving: 00:00.02)
06:04.020  render           | Rendering frame 1286
06:04.020  render           | Start rendering: MORI_Assembly_Animation, 视图层
06:04.020  render           | Engine: EEVEE
06:04.095  render           | Fra: 1286 | Rendering 1 / 32 samples
06:04.306  render           | Fra: 1286 | Rendering 25 / 32 samples
06:04.370  render           | Fra: 1286 | Rendering 32 / 32 samples
06:04.409  render           | Video append frame 1286
06:04.409  render           | Time: 00:00.38 (Saving: 00:00.02)
06:04.409  render           | Rendering frame 1287
06:04.409  render           | Start rendering: MORI_Assembly_Animation, 视图层
06:04.409  render           | Engine: EEVEE
06:04.481  render           | Fra: 1287 | Rendering 1 / 32 samples
06:04.692  render           | Fra: 1287 | Rendering 25 / 32 samples
06:04.754  render           | Fra: 1287 | Rendering 32 / 32 samples
06:04.790  render           | Video append frame 1287
06:04.790  render           | Time: 00:00.38 (Saving: 00:00.02)
06:04.790  render           | Rendering frame 1288
06:04.790  render           | Start rendering: MORI_Assembly_Animation, 视图层
06:04.790  render           | Engine: EEVEE
06:04.858  render           | Fra: 1288 | Rendering 1 / 32 samples
06:05.070  render           | Fra: 1288 | Rendering 25 / 32 samples
06:05.132  render           | Fra: 1288 | Rendering 32 / 32 samples
06:05.180  render           | Video append frame 1288
06:05.180  render           | Time: 00:00.39 (Saving: 00:00.03)
06:05.180  render           | Rendering frame 1289
06:05.180  render           | Start rendering: MORI_Assembly_Animation, 视图层
06:05.180  render           | Engine: EEVEE
06:05.249  render           | Fra: 1289 | Rendering 1 / 32 samples
06:05.462  render           | Fra: 1289 | Rendering 25 / 32 samples
06:05.524  render           | Fra: 1289 | Rendering 32 / 32 samples
06:05.565  render           | Video append frame 1289
06:05.565  render           | Time: 00:00.38 (Saving: 00:00.02)
06:05.565  render           | Rendering frame 1290
06:05.565  render           | Start rendering: MORI_Assembly_Animation, 视图层
06:05.565  render           | Engine: EEVEE
06:05.640  render           | Fra: 1290 | Rendering 1 / 32 samples
06:05.855  render           | Fra: 1290 | Rendering 25 / 32 samples
06:05.914  render           | Fra: 1290 | Rendering 32 / 32 samples
06:05.963  render           | Video append frame 1290
06:05.963  render           | Time: 00:00.39 (Saving: 00:00.03)
06:05.963  render           | Rendering frame 1291
06:05.963  render           | Start rendering: MORI_Assembly_Animation, 视图层
06:05.963  render           | Engine: EEVEE
06:06.032  render           | Fra: 1291 | Rendering 1 / 32 samples
06:06.245  render           | Fra: 1291 | Rendering 25 / 32 samples
06:06.306  render           | Fra: 1291 | Rendering 32 / 32 samples
06:06.347  render           | Video append frame 1291
06:06.347  render           | Time: 00:00.38 (Saving: 00:00.02)
06:06.347  render           | Rendering frame 1292
06:06.347  render           | Start rendering: MORI_Assembly_Animation, 视图层
06:06.347  render           | Engine: EEVEE
06:06.416  render           | Fra: 1292 | Rendering 1 / 32 samples
06:06.634  render           | Fra: 1292 | Rendering 25 / 32 samples
06:06.696  render           | Fra: 1292 | Rendering 32 / 32 samples
06:06.733  render           | Video append frame 1292
06:06.733  render           | Time: 00:00.38 (Saving: 00:00.02)
06:06.733  render           | Rendering frame 1293
06:06.733  render           | Start rendering: MORI_Assembly_Animation, 视图层
06:06.733  render           | Engine: EEVEE
06:06.801  render           | Fra: 1293 | Rendering 1 / 32 samples
06:07.015  render           | Fra: 1293 | Rendering 25 / 32 samples
06:07.078  render           | Fra: 1293 | Rendering 32 / 32 samples
06:07.102  render           | Video append frame 1293
06:07.102  render           | Time: 00:00.36 (Saving: 00:00.01)
06:07.102  render           | Rendering frame 1294
06:07.102  render           | Start rendering: MORI_Assembly_Animation, 视图层
06:07.102  render           | Engine: EEVEE
06:07.170  render           | Fra: 1294 | Rendering 1 / 32 samples
06:07.384  render           | Fra: 1294 | Rendering 25 / 32 samples
06:07.447  render           | Fra: 1294 | Rendering 32 / 32 samples
06:07.461  render           | Video append frame 1294
06:07.461  render           | Time: 00:00.35 (Saving: 00:00.00)
06:07.461  render           | Rendering frame 1295
06:07.461  render           | Start rendering: MORI_Assembly_Animation, 视图层
06:07.461  render           | Engine: EEVEE
06:07.534  render           | Fra: 1295 | Rendering 1 / 32 samples
06:07.750  render           | Fra: 1295 | Rendering 25 / 32 samples
06:07.812  render           | Fra: 1295 | Rendering 32 / 32 samples
06:07.827  render           | Video append frame 1295
06:07.828  render           | Time: 00:00.36 (Saving: 00:00.01)
06:07.828  render           | Rendering frame 1296
06:07.828  render           | Start rendering: MORI_Assembly_Animation, 视图层
06:07.828  render           | Engine: EEVEE
06:07.899  render           | Fra: 1296 | Rendering 1 / 32 samples
06:08.115  render           | Fra: 1296 | Rendering 25 / 32 samples
06:08.175  render           | Fra: 1296 | Rendering 32 / 32 samples
06:08.186  render           | Video append frame 1296
06:08.187  render           | Time: 00:00.35 (Saving: 00:00.00)
06:08.187  render           | Rendering frame 1297
06:08.187  render           | Start rendering: MORI_Assembly_Animation, 视图层
06:08.187  render           | Engine: EEVEE
06:08.256  render           | Fra: 1297 | Rendering 1 / 32 samples
06:08.442  render           | Fra: 1297 | Rendering 25 / 32 samples
06:08.496  render           | Fra: 1297 | Rendering 32 / 32 samples
06:08.509  render           | Video append frame 1297
06:08.509  render           | Time: 00:00.32 (Saving: 00:00.00)
06:08.509  render           | Rendering frame 1298
06:08.510  render           | Start rendering: MORI_Assembly_Animation, 视图层
06:08.510  render           | Engine: EEVEE
06:08.569  render           | Fra: 1298 | Rendering 1 / 32 samples
06:08.763  render           | Fra: 1298 | Rendering 25 / 32 samples
06:08.817  render           | Fra: 1298 | Rendering 32 / 32 samples
06:08.828  render           | Video append frame 1298
06:08.828  render           | Time: 00:00.31 (Saving: 00:00.00)
06:08.828  render           | Rendering frame 1299
06:08.829  render           | Start rendering: MORI_Assembly_Animation, 视图层
06:08.829  render           | Engine: EEVEE
06:08.893  render           | Fra: 1299 | Rendering 1 / 32 samples
06:09.095  render           | Fra: 1299 | Rendering 25 / 32 samples
06:09.148  render           | Fra: 1299 | Rendering 32 / 32 samples
06:09.160  render           | Video append frame 1299
06:09.160  render           | Time: 00:00.33 (Saving: 00:00.00)
06:09.160  render           | Rendering frame 1300
06:09.161  render           | Start rendering: MORI_Assembly_Animation, 视图层
06:09.161  render           | Engine: EEVEE
06:09.229  render           | Fra: 1300 | Rendering 1 / 32 samples
06:09.431  render           | Fra: 1300 | Rendering 25 / 32 samples
06:09.491  render           | Fra: 1300 | Rendering 32 / 32 samples
06:09.507  render           | Video append frame 1300
06:09.508  render           | Time: 00:00.34 (Saving: 00:00.00)
06:09.510  render           | Rendering frame 1301
06:09.510  render           | Start rendering: MORI_Assembly_Animation, 视图层
06:09.510  render           | Engine: EEVEE
06:09.588  render           | Fra: 1301 | Rendering 1 / 32 samples
06:09.794  render           | Fra: 1301 | Rendering 25 / 32 samples
06:09.850  render           | Fra: 1301 | Rendering 32 / 32 samples
06:09.862  render           | Video append frame 1301
06:09.862  render           | Time: 00:00.35 (Saving: 00:00.00)
06:09.862  render           | Rendering frame 1302
06:09.862  render           | Start rendering: MORI_Assembly_Animation, 视图层
06:09.862  render           | Engine: EEVEE
06:09.927  render           | Fra: 1302 | Rendering 1 / 32 samples
06:10.129  render           | Fra: 1302 | Rendering 25 / 32 samples
06:10.186  render           | Fra: 1302 | Rendering 32 / 32 samples
06:10.198  render           | Video append frame 1302
06:10.198  render           | Time: 00:00.33 (Saving: 00:00.00)
06:10.198  render           | Rendering frame 1303
06:10.198  render           | Start rendering: MORI_Assembly_Animation, 视图层
06:10.198  render           | Engine: EEVEE
06:10.257  render           | Fra: 1303 | Rendering 1 / 32 samples
06:10.444  render           | Fra: 1303 | Rendering 25 / 32 samples
06:10.495  render           | Fra: 1303 | Rendering 32 / 32 samples
06:10.507  render           | Video append frame 1303
06:10.507  render           | Time: 00:00.30 (Saving: 00:00.00)
06:10.507  render           | Rendering frame 1304
06:10.507  render           | Start rendering: MORI_Assembly_Animation, 视图层
06:10.507  render           | Engine: EEVEE
06:10.567  render           | Fra: 1304 | Rendering 1 / 32 samples
06:10.736  render           | Fra: 1304 | Rendering 25 / 32 samples
06:10.783  render           | Fra: 1304 | Rendering 32 / 32 samples
06:10.795  render           | Video append frame 1304
06:10.795  render           | Time: 00:00.28 (Saving: 00:00.00)
06:10.795  render           | Rendering frame 1305
06:10.795  render           | Start rendering: MORI_Assembly_Animation, 视图层
06:10.795  render           | Engine: EEVEE
06:10.856  render           | Fra: 1305 | Rendering 1 / 32 samples
06:11.022  render           | Fra: 1305 | Rendering 25 / 32 samples
06:11.068  render           | Fra: 1305 | Rendering 32 / 32 samples
06:11.080  render           | Video append frame 1305
06:11.080  render           | Time: 00:00.28 (Saving: 00:00.00)
06:11.080  render           | Rendering frame 1306
06:11.080  render           | Start rendering: MORI_Assembly_Animation, 视图层
06:11.080  render           | Engine: EEVEE
06:11.142  render           | Fra: 1306 | Rendering 1 / 32 samples
06:11.309  render           | Fra: 1306 | Rendering 25 / 32 samples
06:11.353  render           | Fra: 1306 | Rendering 32 / 32 samples
06:11.365  render           | Video append frame 1306
06:11.365  render           | Time: 00:00.28 (Saving: 00:00.00)
06:11.365  render           | Rendering frame 1307
06:11.365  render           | Start rendering: MORI_Assembly_Animation, 视图层
06:11.365  render           | Engine: EEVEE
06:11.427  render           | Fra: 1307 | Rendering 1 / 32 samples
06:11.587  render           | Fra: 1307 | Rendering 25 / 32 samples
06:11.632  render           | Fra: 1307 | Rendering 32 / 32 samples
06:11.646  render           | Video append frame 1307
06:11.646  render           | Time: 00:00.28 (Saving: 00:00.00)
06:11.646  render           | Rendering frame 1308
06:11.646  render           | Start rendering: MORI_Assembly_Animation, 视图层
06:11.646  render           | Engine: EEVEE
06:11.714  render           | Fra: 1308 | Rendering 1 / 32 samples
06:11.872  render           | Fra: 1308 | Rendering 25 / 32 samples
06:11.920  render           | Fra: 1308 | Rendering 32 / 32 samples
06:11.934  render           | Video append frame 1308
06:11.934  render           | Time: 00:00.28 (Saving: 00:00.00)
06:11.934  render           | Rendering frame 1309
06:11.934  render           | Start rendering: MORI_Assembly_Animation, 视图层
06:11.934  render           | Engine: EEVEE
06:12.016  render           | Fra: 1309 | Rendering 1 / 32 samples
06:12.183  render           | Fra: 1309 | Rendering 25 / 32 samples
06:12.232  render           | Fra: 1309 | Rendering 32 / 32 samples
06:12.248  render           | Video append frame 1309
06:12.248  render           | Time: 00:00.31 (Saving: 00:00.01)
06:12.248  render           | Rendering frame 1310
06:12.248  render           | Start rendering: MORI_Assembly_Animation, 视图层
06:12.248  render           | Engine: EEVEE
06:12.320  render           | Fra: 1310 | Rendering 1 / 32 samples
06:12.498  render           | Fra: 1310 | Rendering 25 / 32 samples
06:12.547  render           | Fra: 1310 | Rendering 32 / 32 samples
06:12.599  render           | Video append frame 1310
06:12.599  render           | Time: 00:00.35 (Saving: 00:00.03)
06:12.599  render           | Rendering frame 1311
06:12.599  render           | Start rendering: MORI_Assembly_Animation, 视图层
06:12.599  render           | Engine: EEVEE
06:12.678  render           | Fra: 1311 | Rendering 1 / 32 samples
06:12.867  render           | Fra: 1311 | Rendering 25 / 32 samples
06:12.923  render           | Fra: 1311 | Rendering 32 / 32 samples
06:12.975  render           | Video append frame 1311
06:12.976  render           | Time: 00:00.37 (Saving: 00:00.03)
06:12.976  render           | Rendering frame 1312
06:12.976  render           | Start rendering: MORI_Assembly_Animation, 视图层
06:12.976  render           | Engine: EEVEE
06:13.058  render           | Fra: 1312 | Rendering 1 / 32 samples
06:13.252  render           | Fra: 1312 | Rendering 25 / 32 samples
06:13.311  render           | Fra: 1312 | Rendering 32 / 32 samples
06:13.341  render           | Video append frame 1312
06:13.341  render           | Time: 00:00.36 (Saving: 00:00.01)
06:13.341  render           | Rendering frame 1313
06:13.342  render           | Start rendering: MORI_Assembly_Animation, 视图层
06:13.342  render           | Engine: EEVEE
06:13.422  render           | Fra: 1313 | Rendering 1 / 32 samples
06:13.620  render           | Fra: 1313 | Rendering 25 / 32 samples
06:13.678  render           | Fra: 1313 | Rendering 32 / 32 samples
06:13.717  render           | Video append frame 1313
06:13.717  render           | Time: 00:00.37 (Saving: 00:00.03)
06:13.717  render           | Rendering frame 1314
06:13.717  render           | Start rendering: MORI_Assembly_Animation, 视图层
06:13.717  render           | Engine: EEVEE
06:13.799  render           | Fra: 1314 | Rendering 1 / 32 samples
06:13.995  render           | Fra: 1314 | Rendering 25 / 32 samples
06:14.052  render           | Fra: 1314 | Rendering 32 / 32 samples
06:14.087  render           | Video append frame 1314
06:14.087  render           | Time: 00:00.37 (Saving: 00:00.02)
06:14.087  render           | Rendering frame 1315
06:14.087  render           | Start rendering: MORI_Assembly_Animation, 视图层
06:14.087  render           | Engine: EEVEE
06:14.166  render           | Fra: 1315 | Rendering 1 / 32 samples
06:14.380  render           | Fra: 1315 | Rendering 25 / 32 samples
06:14.441  render           | Fra: 1315 | Rendering 32 / 32 samples
06:14.468  render           | Video append frame 1315
06:14.468  render           | Time: 00:00.38 (Saving: 00:00.02)
06:14.468  render           | Rendering frame 1316
06:14.468  render           | Start rendering: MORI_Assembly_Animation, 视图层
06:14.468  render           | Engine: EEVEE
06:14.545  render           | Fra: 1316 | Rendering 1 / 32 samples
06:14.764  render           | Fra: 1316 | Rendering 25 / 32 samples
06:14.827  render           | Fra: 1316 | Rendering 32 / 32 samples
06:14.867  render           | Video append frame 1316
06:14.867  render           | Time: 00:00.39 (Saving: 00:00.02)
06:14.867  render           | Rendering frame 1317
06:14.867  render           | Start rendering: MORI_Assembly_Animation, 视图层
06:14.867  render           | Engine: EEVEE
06:14.937  render           | Fra: 1317 | Rendering 1 / 32 samples
06:15.152  render           | Fra: 1317 | Rendering 25 / 32 samples
06:15.214  render           | Fra: 1317 | Rendering 32 / 32 samples
06:15.247  render           | Video append frame 1317
06:15.247  render           | Time: 00:00.37 (Saving: 00:00.02)
06:15.247  render           | Rendering frame 1318
06:15.247  render           | Start rendering: MORI_Assembly_Animation, 视图层
06:15.247  render           | Engine: EEVEE
06:15.318  render           | Fra: 1318 | Rendering 1 / 32 samples
06:15.535  render           | Fra: 1318 | Rendering 25 / 32 samples
06:15.598  render           | Fra: 1318 | Rendering 32 / 32 samples
06:15.652  render           | Video append frame 1318
06:15.653  render           | Time: 00:00.40 (Saving: 00:00.04)
06:15.653  render           | Rendering frame 1319
06:15.653  render           | Start rendering: MORI_Assembly_Animation, 视图层
06:15.653  render           | Engine: EEVEE
06:15.724  render           | Fra: 1319 | Rendering 1 / 32 samples
06:15.943  render           | Fra: 1319 | Rendering 25 / 32 samples
06:16.007  render           | Fra: 1319 | Rendering 32 / 32 samples
06:16.051  render           | Video append frame 1319
06:16.051  render           | Time: 00:00.39 (Saving: 00:00.03)
06:16.051  render           | Rendering frame 1320
06:16.051  render           | Start rendering: MORI_Assembly_Animation, 视图层
06:16.051  render           | Engine: EEVEE
06:16.122  render           | Fra: 1320 | Rendering 1 / 32 samples
06:16.332  render           | Fra: 1320 | Rendering 25 / 32 samples
06:16.389  render           | Fra: 1320 | Rendering 32 / 32 samples
06:16.416  render           | Video append frame 1320
06:16.416  render           | Time: 00:00.36 (Saving: 00:00.02)
06:16.416  render           | Rendering frame 1321
06:16.416  render           | Start rendering: MORI_Assembly_Animation, 视图层
06:16.416  render           | Engine: EEVEE
06:16.488  render           | Fra: 1321 | Rendering 1 / 32 samples
06:16.684  render           | Fra: 1321 | Rendering 25 / 32 samples
06:16.741  render           | Fra: 1321 | Rendering 32 / 32 samples
06:16.783  render           | Video append frame 1321
06:16.783  render           | Time: 00:00.36 (Saving: 00:00.03)
06:16.783  render           | Rendering frame 1322
06:16.783  render           | Start rendering: MORI_Assembly_Animation, 视图层
06:16.783  render           | Engine: EEVEE
06:16.863  render           | Fra: 1322 | Rendering 1 / 32 samples
06:17.052  render           | Fra: 1322 | Rendering 25 / 32 samples
06:17.108  render           | Fra: 1322 | Rendering 32 / 32 samples
06:17.152  render           | Video append frame 1322
06:17.153  render           | Time: 00:00.36 (Saving: 00:00.03)
06:17.153  render           | Rendering frame 1323
06:17.153  render           | Start rendering: MORI_Assembly_Animation, 视图层
06:17.153  render           | Engine: EEVEE
06:17.223  render           | Fra: 1323 | Rendering 1 / 32 samples
06:17.414  render           | Fra: 1323 | Rendering 25 / 32 samples
06:17.469  render           | Fra: 1323 | Rendering 32 / 32 samples
06:17.490  render           | Video append frame 1323
06:17.490  render           | Time: 00:00.33 (Saving: 00:00.01)
06:17.490  render           | Rendering frame 1324
06:17.490  render           | Start rendering: MORI_Assembly_Animation, 视图层
06:17.490  render           | Engine: EEVEE
06:17.562  render           | Fra: 1324 | Rendering 1 / 32 samples
06:17.770  render           | Fra: 1324 | Rendering 25 / 32 samples
06:17.828  render           | Fra: 1324 | Rendering 32 / 32 samples
06:17.861  render           | Video append frame 1324
06:17.861  render           | Time: 00:00.37 (Saving: 00:00.02)
06:17.861  render           | Rendering frame 1325
06:17.861  render           | Start rendering: MORI_Assembly_Animation, 视图层
06:17.861  render           | Engine: EEVEE
06:17.940  render           | Fra: 1325 | Rendering 1 / 32 samples
06:18.142  render           | Fra: 1325 | Rendering 25 / 32 samples
06:18.202  render           | Fra: 1325 | Rendering 32 / 32 samples
06:18.216  render           | Video append frame 1325
06:18.216  render           | Time: 00:00.35 (Saving: 00:00.00)
06:18.216  render           | Rendering frame 1326
06:18.216  render           | Start rendering: MORI_Assembly_Animation, 视图层
06:18.216  render           | Engine: EEVEE
06:18.286  render           | Fra: 1326 | Rendering 1 / 32 samples
06:18.489  render           | Fra: 1326 | Rendering 25 / 32 samples
06:18.549  render           | Fra: 1326 | Rendering 32 / 32 samples
06:18.562  render           | Video append frame 1326
06:18.562  render           | Time: 00:00.34 (Saving: 00:00.00)
06:18.562  render           | Rendering frame 1327
06:18.563  render           | Start rendering: MORI_Assembly_Animation, 视图层
06:18.563  render           | Engine: EEVEE
06:18.629  render           | Fra: 1327 | Rendering 1 / 32 samples
06:18.838  render           | Fra: 1327 | Rendering 25 / 32 samples
06:18.900  render           | Fra: 1327 | Rendering 32 / 32 samples
06:18.913  render           | Video append frame 1327
06:18.913  render           | Time: 00:00.35 (Saving: 00:00.00)
06:18.913  render           | Rendering frame 1328
06:18.913  render           | Start rendering: MORI_Assembly_Animation, 视图层
06:18.913  render           | Engine: EEVEE
06:18.979  render           | Fra: 1328 | Rendering 1 / 32 samples
06:19.186  render           | Fra: 1328 | Rendering 25 / 32 samples
06:19.248  render           | Fra: 1328 | Rendering 32 / 32 samples
06:19.261  render           | Video append frame 1328
06:19.262  render           | Time: 00:00.34 (Saving: 00:00.00)
06:19.262  render           | Rendering frame 1329
06:19.262  render           | Start rendering: MORI_Assembly_Animation, 视图层
06:19.262  render           | Engine: EEVEE
06:19.325  render           | Fra: 1329 | Rendering 1 / 32 samples
06:19.513  render           | Fra: 1329 | Rendering 25 / 32 samples
06:19.569  render           | Fra: 1329 | Rendering 32 / 32 samples
06:19.583  render           | Video append frame 1329
06:19.583  render           | Time: 00:00.32 (Saving: 00:00.00)
06:19.584  render           | Rendering frame 1330
06:19.584  render           | Start rendering: MORI_Assembly_Animation, 视图层
06:19.584  render           | Engine: EEVEE
06:19.652  render           | Fra: 1330 | Rendering 1 / 32 samples
06:19.839  render           | Fra: 1330 | Rendering 25 / 32 samples
06:19.894  render           | Fra: 1330 | Rendering 32 / 32 samples
06:19.911  render           | Video append frame 1330
06:19.911  render           | Time: 00:00.32 (Saving: 00:00.01)
06:19.911  render           | Rendering frame 1331
06:19.912  render           | Start rendering: MORI_Assembly_Animation, 视图层
06:19.912  render           | Engine: EEVEE
06:19.975  render           | Fra: 1331 | Rendering 1 / 32 samples
06:20.169  render           | Fra: 1331 | Rendering 25 / 32 samples
06:20.226  render           | Fra: 1331 | Rendering 32 / 32 samples
06:20.241  render           | Video append frame 1331
06:20.241  render           | Time: 00:00.32 (Saving: 00:00.00)
06:20.241  render           | Rendering frame 1332
06:20.241  render           | Start rendering: MORI_Assembly_Animation, 视图层
06:20.241  render           | Engine: EEVEE
06:20.311  render           | Fra: 1332 | Rendering 1 / 32 samples
06:20.500  render           | Fra: 1332 | Rendering 25 / 32 samples
06:20.552  render           | Fra: 1332 | Rendering 32 / 32 samples
06:20.564  render           | Video append frame 1332
06:20.564  render           | Time: 00:00.32 (Saving: 00:00.00)
06:20.564  render           | Rendering frame 1333
06:20.564  render           | Start rendering: MORI_Assembly_Animation, 视图层
06:20.564  render           | Engine: EEVEE
06:20.625  render           | Fra: 1333 | Rendering 1 / 32 samples
06:20.802  render           | Fra: 1333 | Rendering 25 / 32 samples
06:20.854  render           | Fra: 1333 | Rendering 32 / 32 samples
06:20.866  render           | Video append frame 1333
06:20.866  render           | Time: 00:00.30 (Saving: 00:00.00)
06:20.866  render           | Rendering frame 1334
06:20.866  render           | Start rendering: MORI_Assembly_Animation, 视图层
06:20.866  render           | Engine: EEVEE
06:20.924  render           | Fra: 1334 | Rendering 1 / 32 samples
06:21.102  render           | Fra: 1334 | Rendering 25 / 32 samples
06:21.154  render           | Fra: 1334 | Rendering 32 / 32 samples
06:21.167  render           | Video append frame 1334
06:21.167  render           | Time: 00:00.30 (Saving: 00:00.00)
06:21.167  render           | Rendering frame 1335
06:21.167  render           | Start rendering: MORI_Assembly_Animation, 视图层
06:21.167  render           | Engine: EEVEE
06:21.223  render           | Fra: 1335 | Rendering 1 / 32 samples
06:21.398  render           | Fra: 1335 | Rendering 25 / 32 samples
06:21.450  render           | Fra: 1335 | Rendering 32 / 32 samples
06:21.461  render           | Video append frame 1335
06:21.461  render           | Time: 00:00.29 (Saving: 00:00.00)
06:21.461  render           | Rendering frame 1336
06:21.461  render           | Start rendering: MORI_Assembly_Animation, 视图层
06:21.461  render           | Engine: EEVEE
06:21.525  render           | Fra: 1336 | Rendering 1 / 32 samples
06:21.701  render           | Fra: 1336 | Rendering 25 / 32 samples
06:21.752  render           | Fra: 1336 | Rendering 32 / 32 samples
06:21.764  render           | Video append frame 1336
06:21.764  render           | Time: 00:00.30 (Saving: 00:00.00)
06:21.764  render           | Rendering frame 1337
06:21.764  render           | Start rendering: MORI_Assembly_Animation, 视图层
06:21.764  render           | Engine: EEVEE
06:21.821  render           | Fra: 1337 | Rendering 1 / 32 samples
06:21.998  render           | Fra: 1337 | Rendering 25 / 32 samples
06:22.049  render           | Fra: 1337 | Rendering 32 / 32 samples
06:22.061  render           | Video append frame 1337
06:22.061  render           | Time: 00:00.29 (Saving: 00:00.00)
06:22.061  render           | Rendering frame 1338
06:22.061  render           | Start rendering: MORI_Assembly_Animation, 视图层
06:22.061  render           | Engine: EEVEE
06:22.115  render           | Fra: 1338 | Rendering 1 / 32 samples
06:22.292  render           | Fra: 1338 | Rendering 25 / 32 samples
06:22.343  render           | Fra: 1338 | Rendering 32 / 32 samples
06:22.354  render           | Video append frame 1338
06:22.355  render           | Time: 00:00.29 (Saving: 00:00.00)
06:22.355  render           | Rendering frame 1339
06:22.355  render           | Start rendering: MORI_Assembly_Animation, 视图层
06:22.355  render           | Engine: EEVEE
06:22.410  render           | Fra: 1339 | Rendering 1 / 32 samples
06:22.588  render           | Fra: 1339 | Rendering 25 / 32 samples
06:22.640  render           | Fra: 1339 | Rendering 32 / 32 samples
06:22.651  render           | Video append frame 1339
06:22.651  render           | Time: 00:00.29 (Saving: 00:00.00)
06:22.651  render           | Rendering frame 1340
06:22.652  render           | Start rendering: MORI_Assembly_Animation, 视图层
06:22.652  render           | Engine: EEVEE
06:22.706  render           | Fra: 1340 | Rendering 1 / 32 samples
06:22.887  render           | Fra: 1340 | Rendering 25 / 32 samples
06:22.940  render           | Fra: 1340 | Rendering 32 / 32 samples
06:22.976  render           | Video append frame 1340
06:22.976  render           | Time: 00:00.32 (Saving: 00:00.02)
06:22.976  render           | Rendering frame 1341
06:22.976  render           | Start rendering: MORI_Assembly_Animation, 视图层
06:22.976  render           | Engine: EEVEE
06:23.044  render           | Fra: 1341 | Rendering 1 / 32 samples
06:23.240  render           | Fra: 1341 | Rendering 25 / 32 samples
06:23.300  render           | Fra: 1341 | Rendering 32 / 32 samples
06:23.319  render           | Video append frame 1341
06:23.319  render           | Time: 00:00.34 (Saving: 00:00.01)
06:23.319  render           | Rendering frame 1342
06:23.319  render           | Start rendering: MORI_Assembly_Animation, 视图层
06:23.319  render           | Engine: EEVEE
06:23.403  render           | Fra: 1342 | Rendering 1 / 32 samples
06:23.606  render           | Fra: 1342 | Rendering 25 / 32 samples
06:23.666  render           | Fra: 1342 | Rendering 32 / 32 samples
06:23.689  render           | Video append frame 1342
06:23.689  render           | Time: 00:00.37 (Saving: 00:00.01)
06:23.689  render           | Rendering frame 1343
06:23.689  render           | Start rendering: MORI_Assembly_Animation, 视图层
06:23.689  render           | Engine: EEVEE
06:23.774  render           | Fra: 1343 | Rendering 1 / 32 samples
06:23.978  render           | Fra: 1343 | Rendering 25 / 32 samples
06:24.037  render           | Fra: 1343 | Rendering 32 / 32 samples
06:24.085  render           | Video append frame 1343
06:24.085  render           | Time: 00:00.39 (Saving: 00:00.03)
06:24.085  render           | Rendering frame 1344
06:24.085  render           | Start rendering: MORI_Assembly_Animation, 视图层
06:24.085  render           | Engine: EEVEE
06:24.170  render           | Fra: 1344 | Rendering 1 / 32 samples
06:24.381  render           | Fra: 1344 | Rendering 25 / 32 samples
06:24.439  render           | Fra: 1344 | Rendering 32 / 32 samples
06:24.484  render           | Video append frame 1344
06:24.484  render           | Time: 00:00.39 (Saving: 00:00.03)
06:24.484  render           | Rendering frame 1345
06:24.485  render           | Start rendering: MORI_Assembly_Animation, 视图层
06:24.485  render           | Engine: EEVEE
06:24.556  render           | Fra: 1345 | Rendering 1 / 32 samples
06:24.777  render           | Fra: 1345 | Rendering 25 / 32 samples
06:24.841  render           | Fra: 1345 | Rendering 32 / 32 samples
06:24.879  render           | Video append frame 1345
06:24.879  render           | Time: 00:00.39 (Saving: 00:00.02)
06:24.879  render           | Rendering frame 1346
06:24.880  render           | Start rendering: MORI_Assembly_Animation, 视图层
06:24.880  render           | Engine: EEVEE
06:24.955  render           | Fra: 1346 | Rendering 1 / 32 samples
06:25.173  render           | Fra: 1346 | Rendering 25 / 32 samples
06:25.238  render           | Fra: 1346 | Rendering 32 / 32 samples
06:25.301  render           | Video append frame 1346
06:25.301  render           | Time: 00:00.42 (Saving: 00:00.05)
06:25.301  render           | Rendering frame 1347
06:25.301  render           | Start rendering: MORI_Assembly_Animation, 视图层
06:25.301  render           | Engine: EEVEE
06:25.366  render           | Fra: 1347 | Rendering 1 / 32 samples
06:25.588  render           | Fra: 1347 | Rendering 25 / 32 samples
06:25.651  render           | Fra: 1347 | Rendering 32 / 32 samples
06:25.680  render           | Video append frame 1347
06:25.680  render           | Time: 00:00.37 (Saving: 00:00.01)
06:25.680  render           | Rendering frame 1348
06:25.681  render           | Start rendering: MORI_Assembly_Animation, 视图层
06:25.681  render           | Engine: EEVEE
06:25.749  render           | Fra: 1348 | Rendering 1 / 32 samples
06:25.965  render           | Fra: 1348 | Rendering 25 / 32 samples
06:26.028  render           | Fra: 1348 | Rendering 32 / 32 samples
06:26.070  render           | Video append frame 1348
06:26.070  render           | Time: 00:00.38 (Saving: 00:00.03)
06:26.070  render           | Rendering frame 1349
06:26.070  render           | Start rendering: MORI_Assembly_Animation, 视图层
06:26.070  render           | Engine: EEVEE
06:26.138  render           | Fra: 1349 | Rendering 1 / 32 samples
06:26.353  render           | Fra: 1349 | Rendering 25 / 32 samples
06:26.415  render           | Fra: 1349 | Rendering 32 / 32 samples
06:26.449  render           | Video append frame 1349
06:26.449  render           | Time: 00:00.37 (Saving: 00:00.02)
06:26.449  render           | Rendering frame 1350
06:26.449  render           | Start rendering: MORI_Assembly_Animation, 视图层
06:26.449  render           | Engine: EEVEE
06:26.515  render           | Fra: 1350 | Rendering 1 / 32 samples
06:26.731  render           | Fra: 1350 | Rendering 25 / 32 samples
06:26.795  render           | Fra: 1350 | Rendering 32 / 32 samples
06:26.811  render           | Video append frame 1350
06:26.811  render           | Time: 00:00.36 (Saving: 00:00.00)
06:26.811  render           | Rendering frame 1351
06:26.811  render           | Start rendering: MORI_Assembly_Animation, 视图层
06:26.811  render           | Engine: EEVEE
06:26.886  render           | Fra: 1351 | Rendering 1 / 32 samples
06:27.104  render           | Fra: 1351 | Rendering 25 / 32 samples
06:27.166  render           | Fra: 1351 | Rendering 32 / 32 samples
06:27.179  render           | Video append frame 1351
06:27.179  render           | Time: 00:00.36 (Saving: 00:00.00)
06:27.179  render           | Rendering frame 1352
06:27.179  render           | Start rendering: MORI_Assembly_Animation, 视图层
06:27.179  render           | Engine: EEVEE
06:27.247  render           | Fra: 1352 | Rendering 1 / 32 samples
06:27.462  render           | Fra: 1352 | Rendering 25 / 32 samples
06:27.519  render           | Fra: 1352 | Rendering 32 / 32 samples
06:27.530  render           | Video append frame 1352
06:27.531  render           | Time: 00:00.35 (Saving: 00:00.00)
06:27.531  render           | Rendering frame 1353
06:27.531  render           | Start rendering: MORI_Assembly_Animation, 视图层
06:27.531  render           | Engine: EEVEE
06:27.596  render           | Fra: 1353 | Rendering 1 / 32 samples
06:27.797  render           | Fra: 1353 | Rendering 25 / 32 samples
06:27.857  render           | Fra: 1353 | Rendering 32 / 32 samples
06:27.870  render           | Video append frame 1353
06:27.870  render           | Time: 00:00.33 (Saving: 00:00.00)
06:27.870  render           | Rendering frame 1354
06:27.870  render           | Start rendering: MORI_Assembly_Animation, 视图层
06:27.870  render           | Engine: EEVEE
06:27.934  render           | Fra: 1354 | Rendering 1 / 32 samples
06:28.147  render           | Fra: 1354 | Rendering 25 / 32 samples
06:28.207  render           | Fra: 1354 | Rendering 32 / 32 samples
06:28.219  render           | Video append frame 1354
06:28.219  render           | Time: 00:00.34 (Saving: 00:00.00)
06:28.219  render           | Rendering frame 1355
06:28.219  render           | Start rendering: MORI_Assembly_Animation, 视图层
06:28.219  render           | Engine: EEVEE
06:28.343  render           | Fra: 1355 | Rendering 1 / 32 samples
06:28.557  render           | Fra: 1355 | Rendering 25 / 32 samples
06:28.618  render           | Fra: 1355 | Rendering 32 / 32 samples
06:28.631  render           | Video append frame 1355
06:28.631  render           | Time: 00:00.41 (Saving: 00:00.00)
06:28.631  render           | Rendering frame 1356
06:28.632  render           | Start rendering: MORI_Assembly_Animation, 视图层
06:28.632  render           | Engine: EEVEE
06:28.701  render           | Fra: 1356 | Rendering 1 / 32 samples
06:28.911  render           | Fra: 1356 | Rendering 25 / 32 samples
06:28.972  render           | Fra: 1356 | Rendering 32 / 32 samples
06:28.986  render           | Video append frame 1356
06:28.986  render           | Time: 00:00.35 (Saving: 00:00.00)
06:28.986  render           | Rendering frame 1357
06:28.986  render           | Start rendering: MORI_Assembly_Animation, 视图层
06:28.986  render           | Engine: EEVEE
06:29.059  render           | Fra: 1357 | Rendering 1 / 32 samples
06:29.264  render           | Fra: 1357 | Rendering 25 / 32 samples
06:29.321  render           | Fra: 1357 | Rendering 32 / 32 samples
06:29.334  render           | Video append frame 1357
06:29.334  render           | Time: 00:00.34 (Saving: 00:00.00)
06:29.334  render           | Rendering frame 1358
06:29.334  render           | Start rendering: MORI_Assembly_Animation, 视图层
06:29.334  render           | Engine: EEVEE
06:29.404  render           | Fra: 1358 | Rendering 1 / 32 samples
06:29.587  render           | Fra: 1358 | Rendering 25 / 32 samples
06:29.638  render           | Fra: 1358 | Rendering 32 / 32 samples
06:29.651  render           | Video append frame 1358
06:29.651  render           | Time: 00:00.31 (Saving: 00:00.00)
06:29.651  render           | Rendering frame 1359
06:29.651  render           | Start rendering: MORI_Assembly_Animation, 视图层
06:29.651  render           | Engine: EEVEE
06:29.708  render           | Fra: 1359 | Rendering 1 / 32 samples
06:29.880  render           | Fra: 1359 | Rendering 25 / 32 samples
06:29.926  render           | Fra: 1359 | Rendering 32 / 32 samples
06:29.938  render           | Video append frame 1359
06:29.938  render           | Time: 00:00.28 (Saving: 00:00.00)
06:29.939  render           | Rendering frame 1360
06:29.939  render           | Start rendering: MORI_Assembly_Animation, 视图层
06:29.939  render           | Engine: EEVEE
06:29.997  render           | Fra: 1360 | Rendering 1 / 32 samples
06:30.176  render           | Fra: 1360 | Rendering 25 / 32 samples
06:30.226  render           | Fra: 1360 | Rendering 32 / 32 samples
06:30.239  render           | Video append frame 1360
06:30.239  render           | Time: 00:00.30 (Saving: 00:00.00)
06:30.239  render           | Rendering frame 1361
06:30.240  render           | Start rendering: MORI_Assembly_Animation, 视图层
06:30.240  render           | Engine: EEVEE
06:30.303  render           | Fra: 1361 | Rendering 1 / 32 samples
06:30.479  render           | Fra: 1361 | Rendering 25 / 32 samples
06:30.525  render           | Fra: 1361 | Rendering 32 / 32 samples
06:30.538  render           | Video append frame 1361
06:30.538  render           | Time: 00:00.29 (Saving: 00:00.00)
06:30.538  render           | Rendering frame 1362
06:30.538  render           | Start rendering: MORI_Assembly_Animation, 视图层
06:30.538  render           | Engine: EEVEE
06:30.600  render           | Fra: 1362 | Rendering 1 / 32 samples
06:30.765  render           | Fra: 1362 | Rendering 25 / 32 samples
06:30.816  render           | Fra: 1362 | Rendering 32 / 32 samples
06:30.831  render           | Video append frame 1362
06:30.831  render           | Time: 00:00.29 (Saving: 00:00.00)
06:30.831  render           | Rendering frame 1363
06:30.831  render           | Start rendering: MORI_Assembly_Animation, 视图层
06:30.831  render           | Engine: EEVEE
06:30.895  render           | Fra: 1363 | Rendering 1 / 32 samples
06:31.076  render           | Fra: 1363 | Rendering 25 / 32 samples
06:31.128  render           | Fra: 1363 | Rendering 32 / 32 samples
06:31.144  render           | Video append frame 1363
06:31.144  render           | Time: 00:00.31 (Saving: 00:00.01)
06:31.144  render           | Rendering frame 1364
06:31.145  render           | Start rendering: MORI_Assembly_Animation, 视图层
06:31.145  render           | Engine: EEVEE
06:31.213  render           | Fra: 1364 | Rendering 1 / 32 samples
06:31.380  render           | Fra: 1364 | Rendering 25 / 32 samples
06:31.428  render           | Fra: 1364 | Rendering 32 / 32 samples
06:31.444  render           | Video append frame 1364
06:31.444  render           | Time: 00:00.29 (Saving: 00:00.01)
06:31.444  render           | Rendering frame 1365
06:31.444  render           | Start rendering: MORI_Assembly_Animation, 视图层
06:31.444  render           | Engine: EEVEE
06:31.512  render           | Fra: 1365 | Rendering 1 / 32 samples
06:31.677  render           | Fra: 1365 | Rendering 25 / 32 samples
06:31.727  render           | Fra: 1365 | Rendering 32 / 32 samples
06:31.744  render           | Video append frame 1365
06:31.744  render           | Time: 00:00.29 (Saving: 00:00.01)
06:31.744  render           | Rendering frame 1366
06:31.744  render           | Start rendering: MORI_Assembly_Animation, 视图层
06:31.744  render           | Engine: EEVEE
06:31.813  render           | Fra: 1366 | Rendering 1 / 32 samples
06:31.984  render           | Fra: 1366 | Rendering 25 / 32 samples
06:32.034  render           | Fra: 1366 | Rendering 32 / 32 samples
06:32.048  render           | Video append frame 1366
06:32.048  render           | Time: 00:00.30 (Saving: 00:00.00)
06:32.048  render           | Rendering frame 1367
06:32.049  render           | Start rendering: MORI_Assembly_Animation, 视图层
06:32.049  render           | Engine: EEVEE
06:32.113  render           | Fra: 1367 | Rendering 1 / 32 samples
06:32.293  render           | Fra: 1367 | Rendering 25 / 32 samples
06:32.346  render           | Fra: 1367 | Rendering 32 / 32 samples
06:32.365  render           | Video append frame 1367
06:32.365  render           | Time: 00:00.31 (Saving: 00:00.01)
06:32.365  render           | Rendering frame 1368
06:32.365  render           | Start rendering: MORI_Assembly_Animation, 视图层
06:32.365  render           | Engine: EEVEE
06:32.438  render           | Fra: 1368 | Rendering 1 / 32 samples
06:32.616  render           | Fra: 1368 | Rendering 25 / 32 samples
06:32.671  render           | Fra: 1368 | Rendering 32 / 32 samples
06:32.717  render           | Video append frame 1368
06:32.717  render           | Time: 00:00.35 (Saving: 00:00.03)
06:32.717  render           | Rendering frame 1369
06:32.718  render           | Start rendering: MORI_Assembly_Animation, 视图层
06:32.718  render           | Engine: EEVEE
06:32.799  render           | Fra: 1369 | Rendering 1 / 32 samples
06:32.997  render           | Fra: 1369 | Rendering 25 / 32 samples
06:33.056  render           | Fra: 1369 | Rendering 32 / 32 samples
06:33.096  render           | Video append frame 1369
06:33.096  render           | Time: 00:00.37 (Saving: 00:00.02)
06:33.096  render           | Rendering frame 1370
06:33.097  render           | Start rendering: MORI_Assembly_Animation, 视图层
06:33.097  render           | Engine: EEVEE
06:33.174  render           | Fra: 1370 | Rendering 1 / 32 samples
06:33.380  render           | Fra: 1370 | Rendering 25 / 32 samples
06:33.439  render           | Fra: 1370 | Rendering 32 / 32 samples
06:33.478  render           | Video append frame 1370
06:33.478  render           | Time: 00:00.38 (Saving: 00:00.02)
06:33.478  render           | Rendering frame 1371
06:33.478  render           | Start rendering: MORI_Assembly_Animation, 视图层
06:33.478  render           | Engine: EEVEE
06:33.559  render           | Fra: 1371 | Rendering 1 / 32 samples
06:33.762  render           | Fra: 1371 | Rendering 25 / 32 samples
06:33.819  render           | Fra: 1371 | Rendering 32 / 32 samples
06:33.858  render           | Video append frame 1371
06:33.858  render           | Time: 00:00.37 (Saving: 00:00.02)
06:33.858  render           | Rendering frame 1372
06:33.858  render           | Start rendering: MORI_Assembly_Animation, 视图层
06:33.858  render           | Engine: EEVEE
06:33.932  render           | Fra: 1372 | Rendering 1 / 32 samples
06:34.149  render           | Fra: 1372 | Rendering 25 / 32 samples
06:34.212  render           | Fra: 1372 | Rendering 32 / 32 samples
06:34.242  render           | Video append frame 1372
06:34.242  render           | Time: 00:00.38 (Saving: 00:00.02)
06:34.242  render           | Rendering frame 1373
06:34.242  render           | Start rendering: MORI_Assembly_Animation, 视图层
06:34.242  render           | Engine: EEVEE
06:34.315  render           | Fra: 1373 | Rendering 1 / 32 samples
06:34.532  render           | Fra: 1373 | Rendering 25 / 32 samples
06:34.596  render           | Fra: 1373 | Rendering 32 / 32 samples
06:34.610  render           | Video append frame 1373
06:34.610  render           | Time: 00:00.36 (Saving: 00:00.00)
06:34.610  render           | Rendering frame 1374
06:34.610  render           | Start rendering: MORI_Assembly_Animation, 视图层
06:34.610  render           | Engine: EEVEE
06:34.685  render           | Fra: 1374 | Rendering 1 / 32 samples
06:34.899  render           | Fra: 1374 | Rendering 25 / 32 samples
06:34.955  render           | Fra: 1374 | Rendering 32 / 32 samples
06:34.966  render           | Video append frame 1374
06:34.966  render           | Time: 00:00.35 (Saving: 00:00.00)
06:34.966  render           | Rendering frame 1375
06:34.967  render           | Start rendering: MORI_Assembly_Animation, 视图层
06:34.967  render           | Engine: EEVEE
06:35.031  render           | Fra: 1375 | Rendering 1 / 32 samples
06:35.224  render           | Fra: 1375 | Rendering 25 / 32 samples
06:35.278  render           | Fra: 1375 | Rendering 32 / 32 samples
06:35.290  render           | Video append frame 1375
06:35.290  render           | Time: 00:00.32 (Saving: 00:00.00)
06:35.290  render           | Rendering frame 1376
06:35.290  render           | Start rendering: MORI_Assembly_Animation, 视图层
06:35.290  render           | Engine: EEVEE
06:35.351  render           | Fra: 1376 | Rendering 1 / 32 samples
06:35.542  render           | Fra: 1376 | Rendering 25 / 32 samples
06:35.595  render           | Fra: 1376 | Rendering 32 / 32 samples
06:35.607  render           | Video append frame 1376
06:35.607  render           | Time: 00:00.31 (Saving: 00:00.00)
06:35.607  render           | Rendering frame 1377
06:35.607  render           | Start rendering: MORI_Assembly_Animation, 视图层
06:35.607  render           | Engine: EEVEE
06:35.671  render           | Fra: 1377 | Rendering 1 / 32 samples
06:35.862  render           | Fra: 1377 | Rendering 25 / 32 samples
06:35.918  render           | Fra: 1377 | Rendering 32 / 32 samples
06:35.931  render           | Video append frame 1377
06:35.931  render           | Time: 00:00.32 (Saving: 00:00.00)
06:35.931  render           | Rendering frame 1378
06:35.931  render           | Start rendering: MORI_Assembly_Animation, 视图层
06:35.931  render           | Engine: EEVEE
06:35.995  render           | Fra: 1378 | Rendering 1 / 32 samples
06:36.186  render           | Fra: 1378 | Rendering 25 / 32 samples
06:36.242  render           | Fra: 1378 | Rendering 32 / 32 samples
06:36.258  render           | Video append frame 1378
06:36.258  render           | Time: 00:00.32 (Saving: 00:00.01)
06:36.258  render           | Rendering frame 1379
06:36.259  render           | Start rendering: MORI_Assembly_Animation, 视图层
06:36.259  render           | Engine: EEVEE
06:36.331  render           | Fra: 1379 | Rendering 1 / 32 samples
06:36.527  render           | Fra: 1379 | Rendering 25 / 32 samples
06:36.583  render           | Fra: 1379 | Rendering 32 / 32 samples
06:36.597  render           | Video append frame 1379
06:36.597  render           | Time: 00:00.33 (Saving: 00:00.00)
06:36.597  render           | Rendering frame 1380
06:36.597  render           | Start rendering: MORI_Assembly_Animation, 视图层
06:36.597  render           | Engine: EEVEE
06:36.666  render           | Fra: 1380 | Rendering 1 / 32 samples
06:36.859  render           | Fra: 1380 | Rendering 25 / 32 samples
06:36.914  render           | Fra: 1380 | Rendering 32 / 32 samples
06:36.927  render           | Video append frame 1380
06:36.927  render           | Time: 00:00.32 (Saving: 00:00.00)
06:36.927  render           | Rendering frame 1381
06:36.928  render           | Start rendering: MORI_Assembly_Animation, 视图层
06:36.928  render           | Engine: EEVEE
06:37.004  render           | Fra: 1381 | Rendering 1 / 32 samples
06:37.188  render           | Fra: 1381 | Rendering 25 / 32 samples
06:37.242  render           | Fra: 1381 | Rendering 32 / 32 samples
06:37.256  render           | Video append frame 1381
06:37.256  render           | Time: 00:00.32 (Saving: 00:00.00)
06:37.256  render           | Rendering frame 1382
06:37.256  render           | Start rendering: MORI_Assembly_Animation, 视图层
06:37.256  render           | Engine: EEVEE
06:37.322  render           | Fra: 1382 | Rendering 1 / 32 samples
06:37.490  render           | Fra: 1382 | Rendering 25 / 32 samples
06:37.540  render           | Fra: 1382 | Rendering 32 / 32 samples
06:37.553  render           | Video append frame 1382
06:37.553  render           | Time: 00:00.29 (Saving: 00:00.00)
06:37.553  render           | Rendering frame 1383
06:37.553  render           | Start rendering: MORI_Assembly_Animation, 视图层
06:37.553  render           | Engine: EEVEE
06:37.613  render           | Fra: 1383 | Rendering 1 / 32 samples
06:37.788  render           | Fra: 1383 | Rendering 25 / 32 samples
06:37.838  render           | Fra: 1383 | Rendering 32 / 32 samples
06:37.851  render           | Video append frame 1383
06:37.851  render           | Time: 00:00.29 (Saving: 00:00.00)
06:37.851  render           | Rendering frame 1384
06:37.852  render           | Start rendering: MORI_Assembly_Animation, 视图层
06:37.852  render           | Engine: EEVEE
06:37.910  render           | Fra: 1384 | Rendering 1 / 32 samples
06:38.076  render           | Fra: 1384 | Rendering 25 / 32 samples
06:38.126  render           | Fra: 1384 | Rendering 32 / 32 samples
06:38.139  render           | Video append frame 1384
06:38.139  render           | Time: 00:00.28 (Saving: 00:00.00)
06:38.139  render           | Rendering frame 1385
06:38.139  render           | Start rendering: MORI_Assembly_Animation, 视图层
06:38.139  render           | Engine: EEVEE
06:38.199  render           | Fra: 1385 | Rendering 1 / 32 samples
06:38.369  render           | Fra: 1385 | Rendering 25 / 32 samples
06:38.419  render           | Fra: 1385 | Rendering 32 / 32 samples
06:38.432  render           | Video append frame 1385
06:38.432  render           | Time: 00:00.29 (Saving: 00:00.00)
06:38.432  render           | Rendering frame 1386
06:38.432  render           | Start rendering: MORI_Assembly_Animation, 视图层
06:38.432  render           | Engine: EEVEE
06:38.496  render           | Fra: 1386 | Rendering 1 / 32 samples
06:38.671  render           | Fra: 1386 | Rendering 25 / 32 samples
06:38.720  render           | Fra: 1386 | Rendering 32 / 32 samples
06:38.732  render           | Video append frame 1386
06:38.732  render           | Time: 00:00.30 (Saving: 00:00.00)
06:38.732  render           | Rendering frame 1387
06:38.732  render           | Start rendering: MORI_Assembly_Animation, 视图层
06:38.732  render           | Engine: EEVEE
06:38.792  render           | Fra: 1387 | Rendering 1 / 32 samples
06:38.964  render           | Fra: 1387 | Rendering 25 / 32 samples
06:39.012  render           | Fra: 1387 | Rendering 32 / 32 samples
06:39.027  render           | Video append frame 1387
06:39.027  render           | Time: 00:00.29 (Saving: 00:00.00)
06:39.027  render           | Rendering frame 1388
06:39.027  render           | Start rendering: MORI_Assembly_Animation, 视图层
06:39.027  render           | Engine: EEVEE
06:39.089  render           | Fra: 1388 | Rendering 1 / 32 samples
06:39.258  render           | Fra: 1388 | Rendering 25 / 32 samples
06:39.306  render           | Fra: 1388 | Rendering 32 / 32 samples
06:39.321  render           | Video append frame 1388
06:39.321  render           | Time: 00:00.29 (Saving: 00:00.00)
06:39.321  render           | Rendering frame 1389
06:39.321  render           | Start rendering: MORI_Assembly_Animation, 视图层
06:39.321  render           | Engine: EEVEE
06:39.383  render           | Fra: 1389 | Rendering 1 / 32 samples
06:39.551  render           | Fra: 1389 | Rendering 25 / 32 samples
06:39.596  render           | Fra: 1389 | Rendering 32 / 32 samples
06:39.610  render           | Video append frame 1389
06:39.610  render           | Time: 00:00.28 (Saving: 00:00.00)
06:39.610  render           | Rendering frame 1390
06:39.610  render           | Start rendering: MORI_Assembly_Animation, 视图层
06:39.610  render           | Engine: EEVEE
06:39.672  render           | Fra: 1390 | Rendering 1 / 32 samples
06:39.837  render           | Fra: 1390 | Rendering 25 / 32 samples
06:39.887  render           | Fra: 1390 | Rendering 32 / 32 samples
06:39.902  render           | Video append frame 1390
06:39.902  render           | Time: 00:00.29 (Saving: 00:00.00)
06:39.902  render           | Rendering frame 1391
06:39.902  render           | Start rendering: MORI_Assembly_Animation, 视图层
06:39.902  render           | Engine: EEVEE
06:39.964  render           | Fra: 1391 | Rendering 1 / 32 samples
06:40.136  render           | Fra: 1391 | Rendering 25 / 32 samples
06:40.187  render           | Fra: 1391 | Rendering 32 / 32 samples
06:40.203  render           | Video append frame 1391
06:40.203  render           | Time: 00:00.30 (Saving: 00:00.00)
06:40.203  render           | Rendering frame 1392
06:40.203  render           | Start rendering: MORI_Assembly_Animation, 视图层
06:40.203  render           | Engine: EEVEE
06:40.269  render           | Fra: 1392 | Rendering 1 / 32 samples
06:40.440  render           | Fra: 1392 | Rendering 25 / 32 samples
06:40.492  render           | Fra: 1392 | Rendering 32 / 32 samples
06:40.508  render           | Video append frame 1392
06:40.508  render           | Time: 00:00.30 (Saving: 00:00.01)
06:40.508  render           | Rendering frame 1393
06:40.508  render           | Start rendering: MORI_Assembly_Animation, 视图层
06:40.508  render           | Engine: EEVEE
06:40.580  render           | Fra: 1393 | Rendering 1 / 32 samples
06:40.759  render           | Fra: 1393 | Rendering 25 / 32 samples
06:40.813  render           | Fra: 1393 | Rendering 32 / 32 samples
06:40.893  render           | Video append frame 1393
06:40.893  render           | Time: 00:00.38 (Saving: 00:00.06)
06:40.893  render           | Rendering frame 1394
06:40.893  render           | Start rendering: MORI_Assembly_Animation, 视图层
06:40.893  render           | Engine: EEVEE
06:40.970  render           | Fra: 1394 | Rendering 1 / 32 samples
06:41.165  render           | Fra: 1394 | Rendering 25 / 32 samples
06:41.221  render           | Fra: 1394 | Rendering 32 / 32 samples
06:41.264  render           | Video append frame 1394
06:41.264  render           | Time: 00:00.37 (Saving: 00:00.03)
06:41.264  render           | Rendering frame 1395
06:41.264  render           | Start rendering: MORI_Assembly_Animation, 视图层
06:41.264  render           | Engine: EEVEE
06:41.346  render           | Fra: 1395 | Rendering 1 / 32 samples
06:41.559  render           | Fra: 1395 | Rendering 25 / 32 samples
06:41.622  render           | Fra: 1395 | Rendering 32 / 32 samples
06:41.666  render           | Video append frame 1395
06:41.666  render           | Time: 00:00.40 (Saving: 00:00.03)
06:41.666  render           | Rendering frame 1396
06:41.666  render           | Start rendering: MORI_Assembly_Animation, 视图层
06:41.666  render           | Engine: EEVEE
06:41.761  render           | Fra: 1396 | Rendering 1 / 32 samples
06:41.983  render           | Fra: 1396 | Rendering 25 / 32 samples
06:42.046  render           | Fra: 1396 | Rendering 32 / 32 samples
06:42.084  render           | Video append frame 1396
06:42.084  render           | Time: 00:00.41 (Saving: 00:00.03)
06:42.084  render           | Rendering frame 1397
06:42.084  render           | Start rendering: MORI_Assembly_Animation, 视图层
06:42.084  render           | Engine: EEVEE
06:42.162  render           | Fra: 1397 | Rendering 1 / 32 samples
06:42.381  render           | Fra: 1397 | Rendering 25 / 32 samples
06:42.444  render           | Fra: 1397 | Rendering 32 / 32 samples
06:42.477  render           | Video append frame 1397
06:42.477  render           | Time: 00:00.39 (Saving: 00:00.02)
06:42.477  render           | Rendering frame 1398
06:42.477  render           | Start rendering: MORI_Assembly_Animation, 视图层
06:42.477  render           | Engine: EEVEE
06:42.551  render           | Fra: 1398 | Rendering 1 / 32 samples
06:42.766  render           | Fra: 1398 | Rendering 25 / 32 samples
06:42.828  render           | Fra: 1398 | Rendering 32 / 32 samples
06:42.860  render           | Video append frame 1398
06:42.860  render           | Time: 00:00.38 (Saving: 00:00.02)
06:42.860  render           | Rendering frame 1399
06:42.860  render           | Start rendering: MORI_Assembly_Animation, 视图层
06:42.860  render           | Engine: EEVEE
06:42.930  render           | Fra: 1399 | Rendering 1 / 32 samples
06:43.146  render           | Fra: 1399 | Rendering 25 / 32 samples
06:43.209  render           | Fra: 1399 | Rendering 32 / 32 samples
06:43.231  render           | Video append frame 1399
06:43.231  render           | Time: 00:00.37 (Saving: 00:00.01)
06:43.231  render           | Rendering frame 1400
06:43.232  render           | Start rendering: MORI_Assembly_Animation, 视图层
06:43.232  render           | Engine: EEVEE
06:43.304  render           | Fra: 1400 | Rendering 1 / 32 samples
06:43.526  render           | Fra: 1400 | Rendering 25 / 32 samples
06:43.589  render           | Fra: 1400 | Rendering 32 / 32 samples
06:43.606  render           | Video append frame 1400
06:43.607  render           | Time: 00:00.37 (Saving: 00:00.00)
06:43.607  render           | Rendering frame 1401
06:43.609  render           | Start rendering: MORI_Assembly_Animation, 视图层
06:43.609  render           | Engine: EEVEE
06:43.698  render           | Fra: 1401 | Rendering 1 / 32 samples
06:43.917  render           | Fra: 1401 | Rendering 25 / 32 samples
06:43.979  render           | Fra: 1401 | Rendering 32 / 32 samples
06:44.002  render           | Video append frame 1401
06:44.002  render           | Time: 00:00.39 (Saving: 00:00.01)
06:44.003  render           | Rendering frame 1402
06:44.003  render           | Start rendering: MORI_Assembly_Animation, 视图层
06:44.003  render           | Engine: EEVEE
06:44.082  render           | Fra: 1402 | Rendering 1 / 32 samples
06:44.304  render           | Fra: 1402 | Rendering 25 / 32 samples
06:44.368  render           | Fra: 1402 | Rendering 32 / 32 samples
06:44.384  render           | Video append frame 1402
06:44.384  render           | Time: 00:00.38 (Saving: 00:00.00)
06:44.384  render           | Rendering frame 1403
06:44.385  render           | Start rendering: MORI_Assembly_Animation, 视图层
06:44.385  render           | Engine: EEVEE
06:44.459  render           | Fra: 1403 | Rendering 1 / 32 samples
06:44.671  render           | Fra: 1403 | Rendering 25 / 32 samples
06:44.726  render           | Fra: 1403 | Rendering 32 / 32 samples
06:44.739  render           | Video append frame 1403
06:44.739  render           | Time: 00:00.35 (Saving: 00:00.00)
06:44.739  render           | Rendering frame 1404
06:44.740  render           | Start rendering: MORI_Assembly_Animation, 视图层
06:44.740  render           | Engine: EEVEE
06:44.809  render           | Fra: 1404 | Rendering 1 / 32 samples
06:45.017  render           | Fra: 1404 | Rendering 25 / 32 samples
06:45.077  render           | Fra: 1404 | Rendering 32 / 32 samples
06:45.091  render           | Video append frame 1404
06:45.091  render           | Time: 00:00.35 (Saving: 00:00.00)

Blender quit
