ISO-10303-21;
HEADER;
FILE_DESCRIPTION(('KiCad electronic assembly'),'2;1');
FILE_NAME('imu.step','2026-09-26T00:09:06',('Pcbnew'),('Kicad'),
  'Open CASCADE STEP processor 7.9','KiCad to STEP converter','Unknown'
  );
FILE_SCHEMA(('AUTOMOTIVE_DESIGN { 1 0 10303 214 1 1 1 1 }'));
ENDSEC;
DATA;
#1 = APPLICATION_PROTOCOL_DEFINITION('international standard',
  'automotive_design',2000,#2);
#2 = APPLICATION_CONTEXT(
  'core data for automotive mechanical design processes');
#3 = SHAPE_DEFINITION_REPRESENTATION(#4,#10);
#4 = PRODUCT_DEFINITION_SHAPE('','',#5);
#5 = PRODUCT_DEFINITION('design','',#6,#9);
#6 = PRODUCT_DEFINITION_FORMATION('','',#7);
#7 = PRODUCT('imu 1','imu 1','',(#8));
#8 = PRODUCT_CONTEXT('',#2,'mechanical');
#9 = PRODUCT_DEFINITION_CONTEXT('part definition',#2,'design');
#10 = SHAPE_REPRESENTATION('',(#11,#15,#19,#23,#27,#31,#35,#39,#43),#47
  );
#11 = AXIS2_PLACEMENT_3D('',#12,#13,#14);
#12 = CARTESIAN_POINT('',(0.,0.,0.));
#13 = DIRECTION('',(0.,0.,1.));
#14 = DIRECTION('',(1.,0.,-0.));
#15 = AXIS2_PLACEMENT_3D('',#16,#17,#18);
#16 = CARTESIAN_POINT('',(5.9,-8.65,1.595));
#17 = DIRECTION('',(0.,0.,1.));
#18 = DIRECTION('',(-1.,1.224646799147E-16,0.));
#19 = AXIS2_PLACEMENT_3D('',#20,#21,#22);
#20 = CARTESIAN_POINT('',(12.5,-14.25,1.595));
#21 = DIRECTION('',(0.,0.,1.));
#22 = DIRECTION('',(-1.,1.224646799147E-16,0.));
#23 = AXIS2_PLACEMENT_3D('',#24,#25,#26);
#24 = CARTESIAN_POINT('',(9.,-12.5,1.595));
#25 = DIRECTION('',(0.,0.,1.));
#26 = DIRECTION('',(1.,0.,0.));
#27 = AXIS2_PLACEMENT_3D('',#28,#29,#30);
#28 = CARTESIAN_POINT('',(10.,-9.6,1.595));
#29 = DIRECTION('',(0.,0.,1.));
#30 = DIRECTION('',(1.,0.,0.));
#31 = AXIS2_PLACEMENT_3D('',#32,#33,#34);
#32 = CARTESIAN_POINT('',(3.,-3.5,1.595));
#33 = DIRECTION('',(0.,0.,1.));
#34 = DIRECTION('',(1.,0.,0.));
#35 = AXIS2_PLACEMENT_3D('',#36,#37,#38);
#36 = CARTESIAN_POINT('',(12.5,-11.7,1.595));
#37 = DIRECTION('',(-0.,0.,1.));
#38 = DIRECTION('',(1.110223024625E-16,-1.,0.));
#39 = AXIS2_PLACEMENT_3D('',#40,#41,#42);
#40 = CARTESIAN_POINT('',(15.9,-8.4,1.595));
#41 = DIRECTION('',(-0.,0.,1.));
#42 = DIRECTION('',(1.110223024625E-16,-1.,0.));
#43 = AXIS2_PLACEMENT_3D('',#44,#45,#46);
#44 = CARTESIAN_POINT('',(0.,0.,0.));
#45 = DIRECTION('',(0.,0.,1.));
#46 = DIRECTION('',(1.,0.,-0.));
#47 = ( GEOMETRIC_REPRESENTATION_CONTEXT(3) 
GLOBAL_UNCERTAINTY_ASSIGNED_CONTEXT((#51)) GLOBAL_UNIT_ASSIGNED_CONTEXT(
(#48,#49,#50)) REPRESENTATION_CONTEXT('Context #1',
  '3D Context with UNIT and UNCERTAINTY') );
#48 = ( LENGTH_UNIT() NAMED_UNIT(*) SI_UNIT(.MILLI.,.METRE.) );
#49 = ( NAMED_UNIT(*) PLANE_ANGLE_UNIT() SI_UNIT($,.RADIAN.) );
#50 = ( NAMED_UNIT(*) SI_UNIT($,.STERADIAN.) SOLID_ANGLE_UNIT() );
#51 = UNCERTAINTY_MEASURE_WITH_UNIT(LENGTH_MEASURE(1.E-07),#48,
  'distance_accuracy_value','confusion accuracy');
#52 = PRODUCT_RELATED_PRODUCT_CATEGORY('part',$,(#7));
#53 = SHAPE_DEFINITION_REPRESENTATION(#54,#60);
#54 = PRODUCT_DEFINITION_SHAPE('','',#55);
#55 = PRODUCT_DEFINITION('design','',#56,#59);
#56 = PRODUCT_DEFINITION_FORMATION('','',#57);
#57 = PRODUCT('R_0603_1608Metric','R_0603_1608Metric','',(#58));
#58 = PRODUCT_CONTEXT('',#2,'mechanical');
#59 = PRODUCT_DEFINITION_CONTEXT('part definition',#2,'design');
#60 = SHAPE_REPRESENTATION('',(#11,#61),#65);
#61 = AXIS2_PLACEMENT_3D('',#62,#63,#64);
#62 = CARTESIAN_POINT('',(0.,0.,0.));
#63 = DIRECTION('',(0.,0.,1.));
#64 = DIRECTION('',(1.,0.,-0.));
#65 = ( GEOMETRIC_REPRESENTATION_CONTEXT(3) 
GLOBAL_UNCERTAINTY_ASSIGNED_CONTEXT((#69)) GLOBAL_UNIT_ASSIGNED_CONTEXT(
(#66,#67,#68)) REPRESENTATION_CONTEXT('Context #1',
  '3D Context with UNIT and UNCERTAINTY') );
#66 = ( LENGTH_UNIT() NAMED_UNIT(*) SI_UNIT(.MILLI.,.METRE.) );
#67 = ( NAMED_UNIT(*) PLANE_ANGLE_UNIT() SI_UNIT($,.RADIAN.) );
#68 = ( NAMED_UNIT(*) SI_UNIT($,.STERADIAN.) SOLID_ANGLE_UNIT() );
#69 = UNCERTAINTY_MEASURE_WITH_UNIT(LENGTH_MEASURE(1.E-07),#66,
  'distance_accuracy_value','confusion accuracy');
#70 = CONTEXT_DEPENDENT_SHAPE_REPRESENTATION(#71,#73);
#71 = ( REPRESENTATION_RELATIONSHIP('','',#60,#10) 
REPRESENTATION_RELATIONSHIP_WITH_TRANSFORMATION(#72) 
SHAPE_REPRESENTATION_RELATIONSHIP() );
#72 = ITEM_DEFINED_TRANSFORMATION('','',#11,#15);
#73 = PRODUCT_DEFINITION_SHAPE('Placement','Placement of an item',#74);
#74 = NEXT_ASSEMBLY_USAGE_OCCURRENCE('2','R1','',#5,#55,$);
#75 = PRODUCT_RELATED_PRODUCT_CATEGORY('part',$,(#57));
#76 = SHAPE_DEFINITION_REPRESENTATION(#77,#83);
#77 = PRODUCT_DEFINITION_SHAPE('','',#78);
#78 = PRODUCT_DEFINITION('design','',#79,#82);
#79 = PRODUCT_DEFINITION_FORMATION('','',#80);
#80 = PRODUCT('R_0603_1608Metric','R_0603_1608Metric','',(#81));
#81 = PRODUCT_CONTEXT('',#2,'mechanical');
#82 = PRODUCT_DEFINITION_CONTEXT('part definition',#2,'design');
#83 = ADVANCED_BREP_SHAPE_REPRESENTATION('',(#11,#84),#874);
#84 = MANIFOLD_SOLID_BREP('',#85);
#85 = CLOSED_SHELL('',(#86,#126,#209,#234,#259,#326,#343,#360,#409,#426,
    #443,#492,#509,#578,#609,#633,#702,#726,#743,#760,#777,#794,#811,
    #828,#845,#862));
#86 = ADVANCED_FACE('',(#87),#121,.F.);
#87 = FACE_BOUND('',#88,.F.);
#88 = EDGE_LOOP('',(#89,#99,#107,#115));
#89 = ORIENTED_EDGE('',*,*,#90,.F.);
#90 = EDGE_CURVE('',#91,#93,#95,.T.);
#91 = VERTEX_POINT('',#92);
#92 = CARTESIAN_POINT('',(-0.8,-0.4,4.5E-02));
#93 = VERTEX_POINT('',#94);
#94 = CARTESIAN_POINT('',(-0.8,-0.4,0.405));
#95 = LINE('',#96,#97);
#96 = CARTESIAN_POINT('',(-0.8,-0.4,0.));
#97 = VECTOR('',#98,1.);
#98 = DIRECTION('',(0.,0.,1.));
#99 = ORIENTED_EDGE('',*,*,#100,.T.);
#100 = EDGE_CURVE('',#91,#101,#103,.T.);
#101 = VERTEX_POINT('',#102);
#102 = CARTESIAN_POINT('',(-0.8,0.4,4.5E-02));
#103 = LINE('',#104,#105);
#104 = CARTESIAN_POINT('',(-0.8,-0.4,4.5E-02));
#105 = VECTOR('',#106,1.);
#106 = DIRECTION('',(0.,1.,0.));
#107 = ORIENTED_EDGE('',*,*,#108,.T.);
#108 = EDGE_CURVE('',#101,#109,#111,.T.);
#109 = VERTEX_POINT('',#110);
#110 = CARTESIAN_POINT('',(-0.8,0.4,0.405));
#111 = LINE('',#112,#113);
#112 = CARTESIAN_POINT('',(-0.8,0.4,0.));
#113 = VECTOR('',#114,1.);
#114 = DIRECTION('',(0.,0.,1.));
#115 = ORIENTED_EDGE('',*,*,#116,.F.);
#116 = EDGE_CURVE('',#93,#109,#117,.T.);
#117 = LINE('',#118,#119);
#118 = CARTESIAN_POINT('',(-0.8,-0.4,0.405));
#119 = VECTOR('',#120,1.);
#120 = DIRECTION('',(0.,1.,0.));
#121 = PLANE('',#122);
#122 = AXIS2_PLACEMENT_3D('',#123,#124,#125);
#123 = CARTESIAN_POINT('',(-0.8,-0.4,0.));
#124 = DIRECTION('',(1.,0.,0.));
#125 = DIRECTION('',(0.,0.,1.));
#126 = ADVANCED_FACE('',(#127),#204,.F.);
#127 = FACE_BOUND('',#128,.F.);
#128 = EDGE_LOOP('',(#129,#139,#146,#147,#156,#164,#173,#181,#189,#197)
  );
#129 = ORIENTED_EDGE('',*,*,#130,.F.);
#130 = EDGE_CURVE('',#131,#133,#135,.T.);
#131 = VERTEX_POINT('',#132);
#132 = CARTESIAN_POINT('',(-0.755,-0.4,-2.775557561563E-17));
#133 = VERTEX_POINT('',#134);
#134 = CARTESIAN_POINT('',(-0.545,-0.4,-2.775557561563E-17));
#135 = LINE('',#136,#137);
#136 = CARTESIAN_POINT('',(-0.8,-0.4,0.));
#137 = VECTOR('',#138,1.);
#138 = DIRECTION('',(1.,0.,0.));
#139 = ORIENTED_EDGE('',*,*,#140,.F.);
#140 = EDGE_CURVE('',#91,#131,#141,.T.);
#141 = CIRCLE('',#142,4.5E-02);
#142 = AXIS2_PLACEMENT_3D('',#143,#144,#145);
#143 = CARTESIAN_POINT('',(-0.755,-0.4,4.5E-02));
#144 = DIRECTION('',(0.,-1.,0.));
#145 = DIRECTION('',(0.,0.,1.));
#146 = ORIENTED_EDGE('',*,*,#90,.T.);
#147 = ORIENTED_EDGE('',*,*,#148,.T.);
#148 = EDGE_CURVE('',#93,#149,#151,.T.);
#149 = VERTEX_POINT('',#150);
#150 = CARTESIAN_POINT('',(-0.755,-0.4,0.45));
#151 = CIRCLE('',#152,4.5E-02);
#152 = AXIS2_PLACEMENT_3D('',#153,#154,#155);
#153 = CARTESIAN_POINT('',(-0.755,-0.4,0.405));
#154 = DIRECTION('',(0.,1.,0.));
#155 = DIRECTION('',(0.,-0.,1.));
#156 = ORIENTED_EDGE('',*,*,#157,.T.);
#157 = EDGE_CURVE('',#149,#158,#160,.T.);
#158 = VERTEX_POINT('',#159);
#159 = CARTESIAN_POINT('',(-0.545,-0.4,0.45));
#160 = LINE('',#161,#162);
#161 = CARTESIAN_POINT('',(-0.8,-0.4,0.45));
#162 = VECTOR('',#163,1.);
#163 = DIRECTION('',(1.,0.,0.));
#164 = ORIENTED_EDGE('',*,*,#165,.F.);
#165 = EDGE_CURVE('',#166,#158,#168,.T.);
#166 = VERTEX_POINT('',#167);
#167 = CARTESIAN_POINT('',(-0.5,-0.4,0.405));
#168 = CIRCLE('',#169,4.5E-02);
#169 = AXIS2_PLACEMENT_3D('',#170,#171,#172);
#170 = CARTESIAN_POINT('',(-0.545,-0.4,0.405));
#171 = DIRECTION('',(0.,-1.,0.));
#172 = DIRECTION('',(0.,0.,1.));
#173 = ORIENTED_EDGE('',*,*,#174,.F.);
#174 = EDGE_CURVE('',#175,#166,#177,.T.);
#175 = VERTEX_POINT('',#176);
#176 = CARTESIAN_POINT('',(-0.755,-0.4,0.405));
#177 = LINE('',#178,#179);
#178 = CARTESIAN_POINT('',(-0.755,-0.4,0.405));
#179 = VECTOR('',#180,1.);
#180 = DIRECTION('',(1.,0.,0.));
#181 = ORIENTED_EDGE('',*,*,#182,.F.);
#182 = EDGE_CURVE('',#183,#175,#185,.T.);
#183 = VERTEX_POINT('',#184);
#184 = CARTESIAN_POINT('',(-0.755,-0.4,4.5E-02));
#185 = LINE('',#186,#187);
#186 = CARTESIAN_POINT('',(-0.755,-0.4,4.5E-02));
#187 = VECTOR('',#188,1.);
#188 = DIRECTION('',(0.,0.,1.));
#189 = ORIENTED_EDGE('',*,*,#190,.T.);
#190 = EDGE_CURVE('',#183,#191,#193,.T.);
#191 = VERTEX_POINT('',#192);
#192 = CARTESIAN_POINT('',(-0.5,-0.4,4.5E-02));
#193 = LINE('',#194,#195);
#194 = CARTESIAN_POINT('',(-0.755,-0.4,4.5E-02));
#195 = VECTOR('',#196,1.);
#196 = DIRECTION('',(1.,0.,0.));
#197 = ORIENTED_EDGE('',*,*,#198,.T.);
#198 = EDGE_CURVE('',#191,#133,#199,.T.);
#199 = CIRCLE('',#200,4.5E-02);
#200 = AXIS2_PLACEMENT_3D('',#201,#202,#203);
#201 = CARTESIAN_POINT('',(-0.545,-0.4,4.5E-02));
#202 = DIRECTION('',(0.,1.,0.));
#203 = DIRECTION('',(0.,-0.,1.));
#204 = PLANE('',#205);
#205 = AXIS2_PLACEMENT_3D('',#206,#207,#208);
#206 = CARTESIAN_POINT('',(-0.8,-0.4,0.));
#207 = DIRECTION('',(0.,1.,0.));
#208 = DIRECTION('',(0.,-0.,1.));
#209 = ADVANCED_FACE('',(#210),#229,.T.);
#210 = FACE_BOUND('',#211,.T.);
#211 = EDGE_LOOP('',(#212,#213,#222,#228));
#212 = ORIENTED_EDGE('',*,*,#100,.T.);
#213 = ORIENTED_EDGE('',*,*,#214,.T.);
#214 = EDGE_CURVE('',#101,#215,#217,.T.);
#215 = VERTEX_POINT('',#216);
#216 = CARTESIAN_POINT('',(-0.755,0.4,-2.775557561563E-17));
#217 = CIRCLE('',#218,4.5E-02);
#218 = AXIS2_PLACEMENT_3D('',#219,#220,#221);
#219 = CARTESIAN_POINT('',(-0.755,0.4,4.5E-02));
#220 = DIRECTION('',(0.,-1.,0.));
#221 = DIRECTION('',(0.,0.,1.));
#222 = ORIENTED_EDGE('',*,*,#223,.F.);
#223 = EDGE_CURVE('',#131,#215,#224,.T.);
#224 = LINE('',#225,#226);
#225 = CARTESIAN_POINT('',(-0.755,-0.4,-2.775557561563E-17));
#226 = VECTOR('',#227,1.);
#227 = DIRECTION('',(0.,1.,0.));
#228 = ORIENTED_EDGE('',*,*,#140,.F.);
#229 = CYLINDRICAL_SURFACE('',#230,4.5E-02);
#230 = AXIS2_PLACEMENT_3D('',#231,#232,#233);
#231 = CARTESIAN_POINT('',(-0.755,-0.4,4.5E-02));
#232 = DIRECTION('',(0.,1.,0.));
#233 = DIRECTION('',(-1.,0.,0.));
#234 = ADVANCED_FACE('',(#235),#254,.T.);
#235 = FACE_BOUND('',#236,.T.);
#236 = EDGE_LOOP('',(#237,#238,#246,#253));
#237 = ORIENTED_EDGE('',*,*,#148,.T.);
#238 = ORIENTED_EDGE('',*,*,#239,.T.);
#239 = EDGE_CURVE('',#149,#240,#242,.T.);
#240 = VERTEX_POINT('',#241);
#241 = CARTESIAN_POINT('',(-0.755,0.4,0.45));
#242 = LINE('',#243,#244);
#243 = CARTESIAN_POINT('',(-0.755,-0.4,0.45));
#244 = VECTOR('',#245,1.);
#245 = DIRECTION('',(0.,1.,0.));
#246 = ORIENTED_EDGE('',*,*,#247,.F.);
#247 = EDGE_CURVE('',#109,#240,#248,.T.);
#248 = CIRCLE('',#249,4.5E-02);
#249 = AXIS2_PLACEMENT_3D('',#250,#251,#252);
#250 = CARTESIAN_POINT('',(-0.755,0.4,0.405));
#251 = DIRECTION('',(0.,1.,0.));
#252 = DIRECTION('',(0.,-0.,1.));
#253 = ORIENTED_EDGE('',*,*,#116,.F.);
#254 = CYLINDRICAL_SURFACE('',#255,4.5E-02);
#255 = AXIS2_PLACEMENT_3D('',#256,#257,#258);
#256 = CARTESIAN_POINT('',(-0.755,-0.4,0.405));
#257 = DIRECTION('',(0.,1.,0.));
#258 = DIRECTION('',(-1.,0.,0.));
#259 = ADVANCED_FACE('',(#260),#321,.T.);
#260 = FACE_BOUND('',#261,.T.);
#261 = EDGE_LOOP('',(#262,#270,#271,#272,#273,#281,#290,#298,#306,#314)
  );
#262 = ORIENTED_EDGE('',*,*,#263,.F.);
#263 = EDGE_CURVE('',#215,#264,#266,.T.);
#264 = VERTEX_POINT('',#265);
#265 = CARTESIAN_POINT('',(-0.545,0.4,-2.775557561563E-17));
#266 = LINE('',#267,#268);
#267 = CARTESIAN_POINT('',(-0.8,0.4,0.));
#268 = VECTOR('',#269,1.);
#269 = DIRECTION('',(1.,0.,0.));
#270 = ORIENTED_EDGE('',*,*,#214,.F.);
#271 = ORIENTED_EDGE('',*,*,#108,.T.);
#272 = ORIENTED_EDGE('',*,*,#247,.T.);
#273 = ORIENTED_EDGE('',*,*,#274,.T.);
#274 = EDGE_CURVE('',#240,#275,#277,.T.);
#275 = VERTEX_POINT('',#276);
#276 = CARTESIAN_POINT('',(-0.545,0.4,0.45));
#277 = LINE('',#278,#279);
#278 = CARTESIAN_POINT('',(-0.8,0.4,0.45));
#279 = VECTOR('',#280,1.);
#280 = DIRECTION('',(1.,0.,0.));
#281 = ORIENTED_EDGE('',*,*,#282,.F.);
#282 = EDGE_CURVE('',#283,#275,#285,.T.);
#283 = VERTEX_POINT('',#284);
#284 = CARTESIAN_POINT('',(-0.5,0.4,0.405));
#285 = CIRCLE('',#286,4.5E-02);
#286 = AXIS2_PLACEMENT_3D('',#287,#288,#289);
#287 = CARTESIAN_POINT('',(-0.545,0.4,0.405));
#288 = DIRECTION('',(0.,-1.,0.));
#289 = DIRECTION('',(0.,0.,1.));
#290 = ORIENTED_EDGE('',*,*,#291,.F.);
#291 = EDGE_CURVE('',#292,#283,#294,.T.);
#292 = VERTEX_POINT('',#293);
#293 = CARTESIAN_POINT('',(-0.755,0.4,0.405));
#294 = LINE('',#295,#296);
#295 = CARTESIAN_POINT('',(-0.755,0.4,0.405));
#296 = VECTOR('',#297,1.);
#297 = DIRECTION('',(1.,0.,0.));
#298 = ORIENTED_EDGE('',*,*,#299,.F.);
#299 = EDGE_CURVE('',#300,#292,#302,.T.);
#300 = VERTEX_POINT('',#301);
#301 = CARTESIAN_POINT('',(-0.755,0.4,4.5E-02));
#302 = LINE('',#303,#304);
#303 = CARTESIAN_POINT('',(-0.755,0.4,4.5E-02));
#304 = VECTOR('',#305,1.);
#305 = DIRECTION('',(0.,0.,1.));
#306 = ORIENTED_EDGE('',*,*,#307,.T.);
#307 = EDGE_CURVE('',#300,#308,#310,.T.);
#308 = VERTEX_POINT('',#309);
#309 = CARTESIAN_POINT('',(-0.5,0.4,4.5E-02));
#310 = LINE('',#311,#312);
#311 = CARTESIAN_POINT('',(-0.755,0.4,4.5E-02));
#312 = VECTOR('',#313,1.);
#313 = DIRECTION('',(1.,0.,0.));
#314 = ORIENTED_EDGE('',*,*,#315,.T.);
#315 = EDGE_CURVE('',#308,#264,#316,.T.);
#316 = CIRCLE('',#317,4.5E-02);
#317 = AXIS2_PLACEMENT_3D('',#318,#319,#320);
#318 = CARTESIAN_POINT('',(-0.545,0.4,4.5E-02));
#319 = DIRECTION('',(0.,1.,0.));
#320 = DIRECTION('',(0.,-0.,1.));
#321 = PLANE('',#322);
#322 = AXIS2_PLACEMENT_3D('',#323,#324,#325);
#323 = CARTESIAN_POINT('',(-0.8,0.4,0.));
#324 = DIRECTION('',(0.,1.,0.));
#325 = DIRECTION('',(0.,-0.,1.));
#326 = ADVANCED_FACE('',(#327),#338,.F.);
#327 = FACE_BOUND('',#328,.F.);
#328 = EDGE_LOOP('',(#329,#330,#331,#332));
#329 = ORIENTED_EDGE('',*,*,#263,.F.);
#330 = ORIENTED_EDGE('',*,*,#223,.F.);
#331 = ORIENTED_EDGE('',*,*,#130,.T.);
#332 = ORIENTED_EDGE('',*,*,#333,.T.);
#333 = EDGE_CURVE('',#133,#264,#334,.T.);
#334 = LINE('',#335,#336);
#335 = CARTESIAN_POINT('',(-0.545,-0.4,-2.775557561563E-17));
#336 = VECTOR('',#337,1.);
#337 = DIRECTION('',(0.,1.,0.));
#338 = PLANE('',#339);
#339 = AXIS2_PLACEMENT_3D('',#340,#341,#342);
#340 = CARTESIAN_POINT('',(-0.8,-0.4,0.));
#341 = DIRECTION('',(0.,0.,1.));
#342 = DIRECTION('',(1.,0.,-0.));
#343 = ADVANCED_FACE('',(#344),#355,.T.);
#344 = FACE_BOUND('',#345,.T.);
#345 = EDGE_LOOP('',(#346,#347,#348,#349));
#346 = ORIENTED_EDGE('',*,*,#198,.T.);
#347 = ORIENTED_EDGE('',*,*,#333,.T.);
#348 = ORIENTED_EDGE('',*,*,#315,.F.);
#349 = ORIENTED_EDGE('',*,*,#350,.F.);
#350 = EDGE_CURVE('',#191,#308,#351,.T.);
#351 = LINE('',#352,#353);
#352 = CARTESIAN_POINT('',(-0.5,-0.4,4.5E-02));
#353 = VECTOR('',#354,1.);
#354 = DIRECTION('',(0.,1.,0.));
#355 = CYLINDRICAL_SURFACE('',#356,4.5E-02);
#356 = AXIS2_PLACEMENT_3D('',#357,#358,#359);
#357 = CARTESIAN_POINT('',(-0.545,-0.4,4.5E-02));
#358 = DIRECTION('',(0.,1.,0.));
#359 = DIRECTION('',(1.,0.,0.));
#360 = ADVANCED_FACE('',(#361),#404,.F.);
#361 = FACE_BOUND('',#362,.F.);
#362 = EDGE_LOOP('',(#363,#364,#365,#366,#374,#382,#390,#398));
#363 = ORIENTED_EDGE('',*,*,#190,.F.);
#364 = ORIENTED_EDGE('',*,*,#182,.T.);
#365 = ORIENTED_EDGE('',*,*,#174,.T.);
#366 = ORIENTED_EDGE('',*,*,#367,.T.);
#367 = EDGE_CURVE('',#166,#368,#370,.T.);
#368 = VERTEX_POINT('',#369);
#369 = CARTESIAN_POINT('',(0.5,-0.4,0.405));
#370 = LINE('',#371,#372);
#371 = CARTESIAN_POINT('',(-0.5,-0.4,0.405));
#372 = VECTOR('',#373,1.);
#373 = DIRECTION('',(1.,0.,0.));
#374 = ORIENTED_EDGE('',*,*,#375,.T.);
#375 = EDGE_CURVE('',#368,#376,#378,.T.);
#376 = VERTEX_POINT('',#377);
#377 = CARTESIAN_POINT('',(0.755,-0.4,0.405));
#378 = LINE('',#379,#380);
#379 = CARTESIAN_POINT('',(-0.755,-0.4,0.405));
#380 = VECTOR('',#381,1.);
#381 = DIRECTION('',(1.,0.,0.));
#382 = ORIENTED_EDGE('',*,*,#383,.F.);
#383 = EDGE_CURVE('',#384,#376,#386,.T.);
#384 = VERTEX_POINT('',#385);
#385 = CARTESIAN_POINT('',(0.755,-0.4,4.5E-02));
#386 = LINE('',#387,#388);
#387 = CARTESIAN_POINT('',(0.755,-0.4,4.5E-02));
#388 = VECTOR('',#389,1.);
#389 = DIRECTION('',(0.,0.,1.));
#390 = ORIENTED_EDGE('',*,*,#391,.F.);
#391 = EDGE_CURVE('',#392,#384,#394,.T.);
#392 = VERTEX_POINT('',#393);
#393 = CARTESIAN_POINT('',(0.5,-0.4,4.5E-02));
#394 = LINE('',#395,#396);
#395 = CARTESIAN_POINT('',(-0.755,-0.4,4.5E-02));
#396 = VECTOR('',#397,1.);
#397 = DIRECTION('',(1.,0.,0.));
#398 = ORIENTED_EDGE('',*,*,#399,.F.);
#399 = EDGE_CURVE('',#191,#392,#400,.T.);
#400 = LINE('',#401,#402);
#401 = CARTESIAN_POINT('',(-0.755,-0.4,4.5E-02));
#402 = VECTOR('',#403,1.);
#403 = DIRECTION('',(1.,0.,0.));
#404 = PLANE('',#405);
#405 = AXIS2_PLACEMENT_3D('',#406,#407,#408);
#406 = CARTESIAN_POINT('',(-0.755,-0.4,4.5E-02));
#407 = DIRECTION('',(0.,1.,0.));
#408 = DIRECTION('',(0.,-0.,1.));
#409 = ADVANCED_FACE('',(#410),#421,.T.);
#410 = FACE_BOUND('',#411,.T.);
#411 = EDGE_LOOP('',(#412,#413,#414,#415));
#412 = ORIENTED_EDGE('',*,*,#274,.F.);
#413 = ORIENTED_EDGE('',*,*,#239,.F.);
#414 = ORIENTED_EDGE('',*,*,#157,.T.);
#415 = ORIENTED_EDGE('',*,*,#416,.T.);
#416 = EDGE_CURVE('',#158,#275,#417,.T.);
#417 = LINE('',#418,#419);
#418 = CARTESIAN_POINT('',(-0.545,-0.4,0.45));
#419 = VECTOR('',#420,1.);
#420 = DIRECTION('',(0.,1.,0.));
#421 = PLANE('',#422);
#422 = AXIS2_PLACEMENT_3D('',#423,#424,#425);
#423 = CARTESIAN_POINT('',(-0.8,-0.4,0.45));
#424 = DIRECTION('',(0.,0.,1.));
#425 = DIRECTION('',(1.,0.,-0.));
#426 = ADVANCED_FACE('',(#427),#438,.T.);
#427 = FACE_BOUND('',#428,.T.);
#428 = EDGE_LOOP('',(#429,#435,#436,#437));
#429 = ORIENTED_EDGE('',*,*,#430,.T.);
#430 = EDGE_CURVE('',#166,#283,#431,.T.);
#431 = LINE('',#432,#433);
#432 = CARTESIAN_POINT('',(-0.5,-0.4,0.405));
#433 = VECTOR('',#434,1.);
#434 = DIRECTION('',(0.,1.,0.));
#435 = ORIENTED_EDGE('',*,*,#282,.T.);
#436 = ORIENTED_EDGE('',*,*,#416,.F.);
#437 = ORIENTED_EDGE('',*,*,#165,.F.);
#438 = CYLINDRICAL_SURFACE('',#439,4.5E-02);
#439 = AXIS2_PLACEMENT_3D('',#440,#441,#442);
#440 = CARTESIAN_POINT('',(-0.545,-0.4,0.405));
#441 = DIRECTION('',(0.,1.,0.));
#442 = DIRECTION('',(1.,0.,0.));
#443 = ADVANCED_FACE('',(#444),#487,.T.);
#444 = FACE_BOUND('',#445,.T.);
#445 = EDGE_LOOP('',(#446,#447,#448,#449,#457,#465,#473,#481));
#446 = ORIENTED_EDGE('',*,*,#307,.F.);
#447 = ORIENTED_EDGE('',*,*,#299,.T.);
#448 = ORIENTED_EDGE('',*,*,#291,.T.);
#449 = ORIENTED_EDGE('',*,*,#450,.T.);
#450 = EDGE_CURVE('',#283,#451,#453,.T.);
#451 = VERTEX_POINT('',#452);
#452 = CARTESIAN_POINT('',(0.5,0.4,0.405));
#453 = LINE('',#454,#455);
#454 = CARTESIAN_POINT('',(-0.5,0.4,0.405));
#455 = VECTOR('',#456,1.);
#456 = DIRECTION('',(1.,0.,0.));
#457 = ORIENTED_EDGE('',*,*,#458,.T.);
#458 = EDGE_CURVE('',#451,#459,#461,.T.);
#459 = VERTEX_POINT('',#460);
#460 = CARTESIAN_POINT('',(0.755,0.4,0.405));
#461 = LINE('',#462,#463);
#462 = CARTESIAN_POINT('',(-0.755,0.4,0.405));
#463 = VECTOR('',#464,1.);
#464 = DIRECTION('',(1.,0.,0.));
#465 = ORIENTED_EDGE('',*,*,#466,.F.);
#466 = EDGE_CURVE('',#467,#459,#469,.T.);
#467 = VERTEX_POINT('',#468);
#468 = CARTESIAN_POINT('',(0.755,0.4,4.5E-02));
#469 = LINE('',#470,#471);
#470 = CARTESIAN_POINT('',(0.755,0.4,4.5E-02));
#471 = VECTOR('',#472,1.);
#472 = DIRECTION('',(0.,0.,1.));
#473 = ORIENTED_EDGE('',*,*,#474,.F.);
#474 = EDGE_CURVE('',#475,#467,#477,.T.);
#475 = VERTEX_POINT('',#476);
#476 = CARTESIAN_POINT('',(0.5,0.4,4.5E-02));
#477 = LINE('',#478,#479);
#478 = CARTESIAN_POINT('',(-0.755,0.4,4.5E-02));
#479 = VECTOR('',#480,1.);
#480 = DIRECTION('',(1.,0.,0.));
#481 = ORIENTED_EDGE('',*,*,#482,.F.);
#482 = EDGE_CURVE('',#308,#475,#483,.T.);
#483 = LINE('',#484,#485);
#484 = CARTESIAN_POINT('',(-0.755,0.4,4.5E-02));
#485 = VECTOR('',#486,1.);
#486 = DIRECTION('',(1.,0.,0.));
#487 = PLANE('',#488);
#488 = AXIS2_PLACEMENT_3D('',#489,#490,#491);
#489 = CARTESIAN_POINT('',(-0.755,0.4,4.5E-02));
#490 = DIRECTION('',(0.,1.,0.));
#491 = DIRECTION('',(0.,-0.,1.));
#492 = ADVANCED_FACE('',(#493),#504,.F.);
#493 = FACE_BOUND('',#494,.F.);
#494 = EDGE_LOOP('',(#495,#496,#497,#503));
#495 = ORIENTED_EDGE('',*,*,#350,.F.);
#496 = ORIENTED_EDGE('',*,*,#399,.T.);
#497 = ORIENTED_EDGE('',*,*,#498,.T.);
#498 = EDGE_CURVE('',#392,#475,#499,.T.);
#499 = LINE('',#500,#501);
#500 = CARTESIAN_POINT('',(0.5,-0.4,4.5E-02));
#501 = VECTOR('',#502,1.);
#502 = DIRECTION('',(0.,1.,0.));
#503 = ORIENTED_EDGE('',*,*,#482,.F.);
#504 = PLANE('',#505);
#505 = AXIS2_PLACEMENT_3D('',#506,#507,#508);
#506 = CARTESIAN_POINT('',(-0.755,-0.4,4.5E-02));
#507 = DIRECTION('',(0.,0.,1.));
#508 = DIRECTION('',(1.,0.,-0.));
#509 = ADVANCED_FACE('',(#510),#573,.F.);
#510 = FACE_BOUND('',#511,.F.);
#511 = EDGE_LOOP('',(#512,#522,#529,#530,#531,#532,#541,#549,#558,#566)
  );
#512 = ORIENTED_EDGE('',*,*,#513,.F.);
#513 = EDGE_CURVE('',#514,#516,#518,.T.);
#514 = VERTEX_POINT('',#515);
#515 = CARTESIAN_POINT('',(0.545,-0.4,-2.775557561563E-17));
#516 = VERTEX_POINT('',#517);
#517 = CARTESIAN_POINT('',(0.755,-0.4,-2.775557561563E-17));
#518 = LINE('',#519,#520);
#519 = CARTESIAN_POINT('',(0.5,-0.4,0.));
#520 = VECTOR('',#521,1.);
#521 = DIRECTION('',(1.,0.,0.));
#522 = ORIENTED_EDGE('',*,*,#523,.F.);
#523 = EDGE_CURVE('',#392,#514,#524,.T.);
#524 = CIRCLE('',#525,4.5E-02);
#525 = AXIS2_PLACEMENT_3D('',#526,#527,#528);
#526 = CARTESIAN_POINT('',(0.545,-0.4,4.5E-02));
#527 = DIRECTION('',(0.,-1.,0.));
#528 = DIRECTION('',(0.,0.,1.));
#529 = ORIENTED_EDGE('',*,*,#391,.T.);
#530 = ORIENTED_EDGE('',*,*,#383,.T.);
#531 = ORIENTED_EDGE('',*,*,#375,.F.);
#532 = ORIENTED_EDGE('',*,*,#533,.T.);
#533 = EDGE_CURVE('',#368,#534,#536,.T.);
#534 = VERTEX_POINT('',#535);
#535 = CARTESIAN_POINT('',(0.545,-0.4,0.45));
#536 = CIRCLE('',#537,4.5E-02);
#537 = AXIS2_PLACEMENT_3D('',#538,#539,#540);
#538 = CARTESIAN_POINT('',(0.545,-0.4,0.405));
#539 = DIRECTION('',(0.,1.,0.));
#540 = DIRECTION('',(0.,-0.,1.));
#541 = ORIENTED_EDGE('',*,*,#542,.T.);
#542 = EDGE_CURVE('',#534,#543,#545,.T.);
#543 = VERTEX_POINT('',#544);
#544 = CARTESIAN_POINT('',(0.755,-0.4,0.45));
#545 = LINE('',#546,#547);
#546 = CARTESIAN_POINT('',(0.5,-0.4,0.45));
#547 = VECTOR('',#548,1.);
#548 = DIRECTION('',(1.,0.,0.));
#549 = ORIENTED_EDGE('',*,*,#550,.F.);
#550 = EDGE_CURVE('',#551,#543,#553,.T.);
#551 = VERTEX_POINT('',#552);
#552 = CARTESIAN_POINT('',(0.8,-0.4,0.405));
#553 = CIRCLE('',#554,4.5E-02);
#554 = AXIS2_PLACEMENT_3D('',#555,#556,#557);
#555 = CARTESIAN_POINT('',(0.755,-0.4,0.405));
#556 = DIRECTION('',(0.,-1.,0.));
#557 = DIRECTION('',(0.,0.,1.));
#558 = ORIENTED_EDGE('',*,*,#559,.F.);
#559 = EDGE_CURVE('',#560,#551,#562,.T.);
#560 = VERTEX_POINT('',#561);
#561 = CARTESIAN_POINT('',(0.8,-0.4,4.5E-02));
#562 = LINE('',#563,#564);
#563 = CARTESIAN_POINT('',(0.8,-0.4,0.));
#564 = VECTOR('',#565,1.);
#565 = DIRECTION('',(0.,0.,1.));
#566 = ORIENTED_EDGE('',*,*,#567,.T.);
#567 = EDGE_CURVE('',#560,#516,#568,.T.);
#568 = CIRCLE('',#569,4.5E-02);
#569 = AXIS2_PLACEMENT_3D('',#570,#571,#572);
#570 = CARTESIAN_POINT('',(0.755,-0.4,4.5E-02));
#571 = DIRECTION('',(0.,1.,0.));
#572 = DIRECTION('',(0.,-0.,1.));
#573 = PLANE('',#574);
#574 = AXIS2_PLACEMENT_3D('',#575,#576,#577);
#575 = CARTESIAN_POINT('',(0.5,-0.4,0.));
#576 = DIRECTION('',(0.,1.,0.));
#577 = DIRECTION('',(0.,-0.,1.));
#578 = ADVANCED_FACE('',(#579),#604,.F.);
#579 = FACE_BOUND('',#580,.F.);
#580 = EDGE_LOOP('',(#581,#582,#590,#598));
#581 = ORIENTED_EDGE('',*,*,#367,.F.);
#582 = ORIENTED_EDGE('',*,*,#583,.T.);
#583 = EDGE_CURVE('',#166,#584,#586,.T.);
#584 = VERTEX_POINT('',#585);
#585 = CARTESIAN_POINT('',(-0.5,-0.4,0.45));
#586 = LINE('',#587,#588);
#587 = CARTESIAN_POINT('',(-0.5,-0.4,0.405));
#588 = VECTOR('',#589,1.);
#589 = DIRECTION('',(0.,0.,1.));
#590 = ORIENTED_EDGE('',*,*,#591,.T.);
#591 = EDGE_CURVE('',#584,#592,#594,.T.);
#592 = VERTEX_POINT('',#593);
#593 = CARTESIAN_POINT('',(0.5,-0.4,0.45));
#594 = LINE('',#595,#596);
#595 = CARTESIAN_POINT('',(-0.5,-0.4,0.45));
#596 = VECTOR('',#597,1.);
#597 = DIRECTION('',(1.,0.,0.));
#598 = ORIENTED_EDGE('',*,*,#599,.F.);
#599 = EDGE_CURVE('',#368,#592,#600,.T.);
#600 = LINE('',#601,#602);
#601 = CARTESIAN_POINT('',(0.5,-0.4,0.405));
#602 = VECTOR('',#603,1.);
#603 = DIRECTION('',(0.,0.,1.));
#604 = PLANE('',#605);
#605 = AXIS2_PLACEMENT_3D('',#606,#607,#608);
#606 = CARTESIAN_POINT('',(-0.5,-0.4,0.405));
#607 = DIRECTION('',(0.,1.,0.));
#608 = DIRECTION('',(0.,-0.,1.));
#609 = ADVANCED_FACE('',(#610),#628,.F.);
#610 = FACE_BOUND('',#611,.F.);
#611 = EDGE_LOOP('',(#612,#613,#614,#622));
#612 = ORIENTED_EDGE('',*,*,#583,.F.);
#613 = ORIENTED_EDGE('',*,*,#430,.T.);
#614 = ORIENTED_EDGE('',*,*,#615,.T.);
#615 = EDGE_CURVE('',#283,#616,#618,.T.);
#616 = VERTEX_POINT('',#617);
#617 = CARTESIAN_POINT('',(-0.5,0.4,0.45));
#618 = LINE('',#619,#620);
#619 = CARTESIAN_POINT('',(-0.5,0.4,0.405));
#620 = VECTOR('',#621,1.);
#621 = DIRECTION('',(0.,0.,1.));
#622 = ORIENTED_EDGE('',*,*,#623,.F.);
#623 = EDGE_CURVE('',#584,#616,#624,.T.);
#624 = LINE('',#625,#626);
#625 = CARTESIAN_POINT('',(-0.5,-0.4,0.45));
#626 = VECTOR('',#627,1.);
#627 = DIRECTION('',(0.,1.,0.));
#628 = PLANE('',#629);
#629 = AXIS2_PLACEMENT_3D('',#630,#631,#632);
#630 = CARTESIAN_POINT('',(-0.5,-0.4,0.405));
#631 = DIRECTION('',(1.,0.,0.));
#632 = DIRECTION('',(0.,0.,1.));
#633 = ADVANCED_FACE('',(#634),#697,.T.);
#634 = FACE_BOUND('',#635,.T.);
#635 = EDGE_LOOP('',(#636,#646,#653,#654,#655,#656,#665,#673,#682,#690)
  );
#636 = ORIENTED_EDGE('',*,*,#637,.F.);
#637 = EDGE_CURVE('',#638,#640,#642,.T.);
#638 = VERTEX_POINT('',#639);
#639 = CARTESIAN_POINT('',(0.545,0.4,-2.775557561563E-17));
#640 = VERTEX_POINT('',#641);
#641 = CARTESIAN_POINT('',(0.755,0.4,-2.775557561563E-17));
#642 = LINE('',#643,#644);
#643 = CARTESIAN_POINT('',(0.5,0.4,0.));
#644 = VECTOR('',#645,1.);
#645 = DIRECTION('',(1.,0.,0.));
#646 = ORIENTED_EDGE('',*,*,#647,.F.);
#647 = EDGE_CURVE('',#475,#638,#648,.T.);
#648 = CIRCLE('',#649,4.5E-02);
#649 = AXIS2_PLACEMENT_3D('',#650,#651,#652);
#650 = CARTESIAN_POINT('',(0.545,0.4,4.5E-02));
#651 = DIRECTION('',(0.,-1.,0.));
#652 = DIRECTION('',(0.,0.,1.));
#653 = ORIENTED_EDGE('',*,*,#474,.T.);
#654 = ORIENTED_EDGE('',*,*,#466,.T.);
#655 = ORIENTED_EDGE('',*,*,#458,.F.);
#656 = ORIENTED_EDGE('',*,*,#657,.T.);
#657 = EDGE_CURVE('',#451,#658,#660,.T.);
#658 = VERTEX_POINT('',#659);
#659 = CARTESIAN_POINT('',(0.545,0.4,0.45));
#660 = CIRCLE('',#661,4.5E-02);
#661 = AXIS2_PLACEMENT_3D('',#662,#663,#664);
#662 = CARTESIAN_POINT('',(0.545,0.4,0.405));
#663 = DIRECTION('',(0.,1.,0.));
#664 = DIRECTION('',(0.,-0.,1.));
#665 = ORIENTED_EDGE('',*,*,#666,.T.);
#666 = EDGE_CURVE('',#658,#667,#669,.T.);
#667 = VERTEX_POINT('',#668);
#668 = CARTESIAN_POINT('',(0.755,0.4,0.45));
#669 = LINE('',#670,#671);
#670 = CARTESIAN_POINT('',(0.5,0.4,0.45));
#671 = VECTOR('',#672,1.);
#672 = DIRECTION('',(1.,0.,0.));
#673 = ORIENTED_EDGE('',*,*,#674,.F.);
#674 = EDGE_CURVE('',#675,#667,#677,.T.);
#675 = VERTEX_POINT('',#676);
#676 = CARTESIAN_POINT('',(0.8,0.4,0.405));
#677 = CIRCLE('',#678,4.5E-02);
#678 = AXIS2_PLACEMENT_3D('',#679,#680,#681);
#679 = CARTESIAN_POINT('',(0.755,0.4,0.405));
#680 = DIRECTION('',(0.,-1.,0.));
#681 = DIRECTION('',(0.,0.,1.));
#682 = ORIENTED_EDGE('',*,*,#683,.F.);
#683 = EDGE_CURVE('',#684,#675,#686,.T.);
#684 = VERTEX_POINT('',#685);
#685 = CARTESIAN_POINT('',(0.8,0.4,4.5E-02));
#686 = LINE('',#687,#688);
#687 = CARTESIAN_POINT('',(0.8,0.4,0.));
#688 = VECTOR('',#689,1.);
#689 = DIRECTION('',(0.,0.,1.));
#690 = ORIENTED_EDGE('',*,*,#691,.T.);
#691 = EDGE_CURVE('',#684,#640,#692,.T.);
#692 = CIRCLE('',#693,4.5E-02);
#693 = AXIS2_PLACEMENT_3D('',#694,#695,#696);
#694 = CARTESIAN_POINT('',(0.755,0.4,4.5E-02));
#695 = DIRECTION('',(0.,1.,0.));
#696 = DIRECTION('',(0.,-0.,1.));
#697 = PLANE('',#698);
#698 = AXIS2_PLACEMENT_3D('',#699,#700,#701);
#699 = CARTESIAN_POINT('',(0.5,0.4,0.));
#700 = DIRECTION('',(0.,1.,0.));
#701 = DIRECTION('',(0.,-0.,1.));
#702 = ADVANCED_FACE('',(#703),#721,.T.);
#703 = FACE_BOUND('',#704,.T.);
#704 = EDGE_LOOP('',(#705,#706,#707,#715));
#705 = ORIENTED_EDGE('',*,*,#450,.F.);
#706 = ORIENTED_EDGE('',*,*,#615,.T.);
#707 = ORIENTED_EDGE('',*,*,#708,.T.);
#708 = EDGE_CURVE('',#616,#709,#711,.T.);
#709 = VERTEX_POINT('',#710);
#710 = CARTESIAN_POINT('',(0.5,0.4,0.45));
#711 = LINE('',#712,#713);
#712 = CARTESIAN_POINT('',(-0.5,0.4,0.45));
#713 = VECTOR('',#714,1.);
#714 = DIRECTION('',(1.,0.,0.));
#715 = ORIENTED_EDGE('',*,*,#716,.F.);
#716 = EDGE_CURVE('',#451,#709,#717,.T.);
#717 = LINE('',#718,#719);
#718 = CARTESIAN_POINT('',(0.5,0.4,0.405));
#719 = VECTOR('',#720,1.);
#720 = DIRECTION('',(0.,0.,1.));
#721 = PLANE('',#722);
#722 = AXIS2_PLACEMENT_3D('',#723,#724,#725);
#723 = CARTESIAN_POINT('',(-0.5,0.4,0.405));
#724 = DIRECTION('',(0.,1.,0.));
#725 = DIRECTION('',(0.,-0.,1.));
#726 = ADVANCED_FACE('',(#727),#738,.T.);
#727 = FACE_BOUND('',#728,.T.);
#728 = EDGE_LOOP('',(#729,#730,#731,#737));
#729 = ORIENTED_EDGE('',*,*,#498,.T.);
#730 = ORIENTED_EDGE('',*,*,#647,.T.);
#731 = ORIENTED_EDGE('',*,*,#732,.F.);
#732 = EDGE_CURVE('',#514,#638,#733,.T.);
#733 = LINE('',#734,#735);
#734 = CARTESIAN_POINT('',(0.545,-0.4,-2.775557561563E-17));
#735 = VECTOR('',#736,1.);
#736 = DIRECTION('',(0.,1.,0.));
#737 = ORIENTED_EDGE('',*,*,#523,.F.);
#738 = CYLINDRICAL_SURFACE('',#739,4.5E-02);
#739 = AXIS2_PLACEMENT_3D('',#740,#741,#742);
#740 = CARTESIAN_POINT('',(0.545,-0.4,4.5E-02));
#741 = DIRECTION('',(0.,1.,0.));
#742 = DIRECTION('',(-1.,0.,0.));
#743 = ADVANCED_FACE('',(#744),#755,.F.);
#744 = FACE_BOUND('',#745,.F.);
#745 = EDGE_LOOP('',(#746,#747,#748,#749));
#746 = ORIENTED_EDGE('',*,*,#637,.F.);
#747 = ORIENTED_EDGE('',*,*,#732,.F.);
#748 = ORIENTED_EDGE('',*,*,#513,.T.);
#749 = ORIENTED_EDGE('',*,*,#750,.T.);
#750 = EDGE_CURVE('',#516,#640,#751,.T.);
#751 = LINE('',#752,#753);
#752 = CARTESIAN_POINT('',(0.755,-0.4,-2.775557561563E-17));
#753 = VECTOR('',#754,1.);
#754 = DIRECTION('',(0.,1.,0.));
#755 = PLANE('',#756);
#756 = AXIS2_PLACEMENT_3D('',#757,#758,#759);
#757 = CARTESIAN_POINT('',(0.5,-0.4,0.));
#758 = DIRECTION('',(0.,0.,1.));
#759 = DIRECTION('',(1.,0.,-0.));
#760 = ADVANCED_FACE('',(#761),#772,.T.);
#761 = FACE_BOUND('',#762,.T.);
#762 = EDGE_LOOP('',(#763,#764,#765,#766));
#763 = ORIENTED_EDGE('',*,*,#567,.T.);
#764 = ORIENTED_EDGE('',*,*,#750,.T.);
#765 = ORIENTED_EDGE('',*,*,#691,.F.);
#766 = ORIENTED_EDGE('',*,*,#767,.F.);
#767 = EDGE_CURVE('',#560,#684,#768,.T.);
#768 = LINE('',#769,#770);
#769 = CARTESIAN_POINT('',(0.8,-0.4,4.5E-02));
#770 = VECTOR('',#771,1.);
#771 = DIRECTION('',(0.,1.,0.));
#772 = CYLINDRICAL_SURFACE('',#773,4.5E-02);
#773 = AXIS2_PLACEMENT_3D('',#774,#775,#776);
#774 = CARTESIAN_POINT('',(0.755,-0.4,4.5E-02));
#775 = DIRECTION('',(0.,1.,0.));
#776 = DIRECTION('',(1.,0.,0.));
#777 = ADVANCED_FACE('',(#778),#789,.T.);
#778 = FACE_BOUND('',#779,.T.);
#779 = EDGE_LOOP('',(#780,#781,#782,#783));
#780 = ORIENTED_EDGE('',*,*,#559,.F.);
#781 = ORIENTED_EDGE('',*,*,#767,.T.);
#782 = ORIENTED_EDGE('',*,*,#683,.T.);
#783 = ORIENTED_EDGE('',*,*,#784,.F.);
#784 = EDGE_CURVE('',#551,#675,#785,.T.);
#785 = LINE('',#786,#787);
#786 = CARTESIAN_POINT('',(0.8,-0.4,0.405));
#787 = VECTOR('',#788,1.);
#788 = DIRECTION('',(0.,1.,0.));
#789 = PLANE('',#790);
#790 = AXIS2_PLACEMENT_3D('',#791,#792,#793);
#791 = CARTESIAN_POINT('',(0.8,-0.4,0.));
#792 = DIRECTION('',(1.,0.,0.));
#793 = DIRECTION('',(0.,0.,1.));
#794 = ADVANCED_FACE('',(#795),#806,.T.);
#795 = FACE_BOUND('',#796,.T.);
#796 = EDGE_LOOP('',(#797,#798,#799,#805));
#797 = ORIENTED_EDGE('',*,*,#784,.T.);
#798 = ORIENTED_EDGE('',*,*,#674,.T.);
#799 = ORIENTED_EDGE('',*,*,#800,.F.);
#800 = EDGE_CURVE('',#543,#667,#801,.T.);
#801 = LINE('',#802,#803);
#802 = CARTESIAN_POINT('',(0.755,-0.4,0.45));
#803 = VECTOR('',#804,1.);
#804 = DIRECTION('',(0.,1.,0.));
#805 = ORIENTED_EDGE('',*,*,#550,.F.);
#806 = CYLINDRICAL_SURFACE('',#807,4.5E-02);
#807 = AXIS2_PLACEMENT_3D('',#808,#809,#810);
#808 = CARTESIAN_POINT('',(0.755,-0.4,0.405));
#809 = DIRECTION('',(0.,1.,0.));
#810 = DIRECTION('',(1.,0.,0.));
#811 = ADVANCED_FACE('',(#812),#823,.T.);
#812 = FACE_BOUND('',#813,.T.);
#813 = EDGE_LOOP('',(#814,#815,#821,#822));
#814 = ORIENTED_EDGE('',*,*,#666,.F.);
#815 = ORIENTED_EDGE('',*,*,#816,.F.);
#816 = EDGE_CURVE('',#534,#658,#817,.T.);
#817 = LINE('',#818,#819);
#818 = CARTESIAN_POINT('',(0.545,-0.4,0.45));
#819 = VECTOR('',#820,1.);
#820 = DIRECTION('',(0.,1.,0.));
#821 = ORIENTED_EDGE('',*,*,#542,.T.);
#822 = ORIENTED_EDGE('',*,*,#800,.T.);
#823 = PLANE('',#824);
#824 = AXIS2_PLACEMENT_3D('',#825,#826,#827);
#825 = CARTESIAN_POINT('',(0.5,-0.4,0.45));
#826 = DIRECTION('',(0.,0.,1.));
#827 = DIRECTION('',(1.,0.,-0.));
#828 = ADVANCED_FACE('',(#829),#840,.T.);
#829 = FACE_BOUND('',#830,.T.);
#830 = EDGE_LOOP('',(#831,#832,#833,#834));
#831 = ORIENTED_EDGE('',*,*,#533,.T.);
#832 = ORIENTED_EDGE('',*,*,#816,.T.);
#833 = ORIENTED_EDGE('',*,*,#657,.F.);
#834 = ORIENTED_EDGE('',*,*,#835,.F.);
#835 = EDGE_CURVE('',#368,#451,#836,.T.);
#836 = LINE('',#837,#838);
#837 = CARTESIAN_POINT('',(0.5,-0.4,0.405));
#838 = VECTOR('',#839,1.);
#839 = DIRECTION('',(0.,1.,0.));
#840 = CYLINDRICAL_SURFACE('',#841,4.5E-02);
#841 = AXIS2_PLACEMENT_3D('',#842,#843,#844);
#842 = CARTESIAN_POINT('',(0.545,-0.4,0.405));
#843 = DIRECTION('',(0.,1.,0.));
#844 = DIRECTION('',(-1.,0.,0.));
#845 = ADVANCED_FACE('',(#846),#857,.T.);
#846 = FACE_BOUND('',#847,.T.);
#847 = EDGE_LOOP('',(#848,#849,#850,#851));
#848 = ORIENTED_EDGE('',*,*,#599,.F.);
#849 = ORIENTED_EDGE('',*,*,#835,.T.);
#850 = ORIENTED_EDGE('',*,*,#716,.T.);
#851 = ORIENTED_EDGE('',*,*,#852,.F.);
#852 = EDGE_CURVE('',#592,#709,#853,.T.);
#853 = LINE('',#854,#855);
#854 = CARTESIAN_POINT('',(0.5,-0.4,0.45));
#855 = VECTOR('',#856,1.);
#856 = DIRECTION('',(0.,1.,0.));
#857 = PLANE('',#858);
#858 = AXIS2_PLACEMENT_3D('',#859,#860,#861);
#859 = CARTESIAN_POINT('',(0.5,-0.4,0.405));
#860 = DIRECTION('',(1.,0.,0.));
#861 = DIRECTION('',(0.,0.,1.));
#862 = ADVANCED_FACE('',(#863),#869,.T.);
#863 = FACE_BOUND('',#864,.T.);
#864 = EDGE_LOOP('',(#865,#866,#867,#868));
#865 = ORIENTED_EDGE('',*,*,#623,.F.);
#866 = ORIENTED_EDGE('',*,*,#591,.T.);
#867 = ORIENTED_EDGE('',*,*,#852,.T.);
#868 = ORIENTED_EDGE('',*,*,#708,.F.);
#869 = PLANE('',#870);
#870 = AXIS2_PLACEMENT_3D('',#871,#872,#873);
#871 = CARTESIAN_POINT('',(-0.5,-0.4,0.45));
#872 = DIRECTION('',(0.,0.,1.));
#873 = DIRECTION('',(1.,0.,-0.));
#874 = ( GEOMETRIC_REPRESENTATION_CONTEXT(3) 
GLOBAL_UNCERTAINTY_ASSIGNED_CONTEXT((#878)) GLOBAL_UNIT_ASSIGNED_CONTEXT
((#875,#876,#877)) REPRESENTATION_CONTEXT('Context #1',
  '3D Context with UNIT and UNCERTAINTY') );
#875 = ( LENGTH_UNIT() NAMED_UNIT(*) SI_UNIT(.MILLI.,.METRE.) );
#876 = ( NAMED_UNIT(*) PLANE_ANGLE_UNIT() SI_UNIT($,.RADIAN.) );
#877 = ( NAMED_UNIT(*) SI_UNIT($,.STERADIAN.) SOLID_ANGLE_UNIT() );
#878 = UNCERTAINTY_MEASURE_WITH_UNIT(LENGTH_MEASURE(1.E-07),#875,
  'distance_accuracy_value','confusion accuracy');
#879 = CONTEXT_DEPENDENT_SHAPE_REPRESENTATION(#880,#882);
#880 = ( REPRESENTATION_RELATIONSHIP('','',#83,#60) 
REPRESENTATION_RELATIONSHIP_WITH_TRANSFORMATION(#881) 
SHAPE_REPRESENTATION_RELATIONSHIP() );
#881 = ITEM_DEFINED_TRANSFORMATION('','',#11,#61);
#882 = PRODUCT_DEFINITION_SHAPE('Placement','Placement of an item',#883
  );
#883 = NEXT_ASSEMBLY_USAGE_OCCURRENCE('1','=>[0:1:1:3]','',#55,#78,$);
#884 = PRODUCT_RELATED_PRODUCT_CATEGORY('part',$,(#80));
#885 = SHAPE_DEFINITION_REPRESENTATION(#886,#892);
#886 = PRODUCT_DEFINITION_SHAPE('','',#887);
#887 = PRODUCT_DEFINITION('design','',#888,#891);
#888 = PRODUCT_DEFINITION_FORMATION('','',#889);
#889 = PRODUCT('C_0603_1608Metric','C_0603_1608Metric','',(#890));
#890 = PRODUCT_CONTEXT('',#2,'mechanical');
#891 = PRODUCT_DEFINITION_CONTEXT('part definition',#2,'design');
#892 = SHAPE_REPRESENTATION('',(#11,#893),#897);
#893 = AXIS2_PLACEMENT_3D('',#894,#895,#896);
#894 = CARTESIAN_POINT('',(0.,0.,0.));
#895 = DIRECTION('',(0.,0.,1.));
#896 = DIRECTION('',(1.,0.,-0.));
#897 = ( GEOMETRIC_REPRESENTATION_CONTEXT(3) 
GLOBAL_UNCERTAINTY_ASSIGNED_CONTEXT((#901)) GLOBAL_UNIT_ASSIGNED_CONTEXT
((#898,#899,#900)) REPRESENTATION_CONTEXT('Context #1',
  '3D Context with UNIT and UNCERTAINTY') );
#898 = ( LENGTH_UNIT() NAMED_UNIT(*) SI_UNIT(.MILLI.,.METRE.) );
#899 = ( NAMED_UNIT(*) PLANE_ANGLE_UNIT() SI_UNIT($,.RADIAN.) );
#900 = ( NAMED_UNIT(*) SI_UNIT($,.STERADIAN.) SOLID_ANGLE_UNIT() );
#901 = UNCERTAINTY_MEASURE_WITH_UNIT(LENGTH_MEASURE(1.E-07),#898,
  'distance_accuracy_value','confusion accuracy');
#902 = CONTEXT_DEPENDENT_SHAPE_REPRESENTATION(#903,#905);
#903 = ( REPRESENTATION_RELATIONSHIP('','',#892,#10) 
REPRESENTATION_RELATIONSHIP_WITH_TRANSFORMATION(#904) 
SHAPE_REPRESENTATION_RELATIONSHIP() );
#904 = ITEM_DEFINED_TRANSFORMATION('','',#11,#19);
#905 = PRODUCT_DEFINITION_SHAPE('Placement','Placement of an item',#906
  );
#906 = NEXT_ASSEMBLY_USAGE_OCCURRENCE('4','C2','',#5,#887,$);
#907 = PRODUCT_RELATED_PRODUCT_CATEGORY('part',$,(#889));
#908 = SHAPE_DEFINITION_REPRESENTATION(#909,#915);
#909 = PRODUCT_DEFINITION_SHAPE('','',#910);
#910 = PRODUCT_DEFINITION('design','',#911,#914);
#911 = PRODUCT_DEFINITION_FORMATION('','',#912);
#912 = PRODUCT('C_0603_1608Metric','C_0603_1608Metric','',(#913));
#913 = PRODUCT_CONTEXT('',#2,'mechanical');
#914 = PRODUCT_DEFINITION_CONTEXT('part definition',#2,'design');
#915 = ADVANCED_BREP_SHAPE_REPRESENTATION('',(#11,#916),#1770);
#916 = MANIFOLD_SOLID_BREP('',#917);
#917 = CLOSED_SHELL('',(#918,#994,#1025,#1050,#1075,#1099,#1123,#1148,
    #1173,#1190,#1276,#1308,#1332,#1357,#1381,#1406,#1430,#1455,#1472,
    #1558,#1589,#1614,#1639,#1663,#1687,#1712,#1737,#1754));
#918 = ADVANCED_FACE('',(#919),#989,.F.);
#919 = FACE_BOUND('',#920,.F.);
#920 = EDGE_LOOP('',(#921,#931,#940,#948,#957,#965,#974,#982));
#921 = ORIENTED_EDGE('',*,*,#922,.F.);
#922 = EDGE_CURVE('',#923,#925,#927,.T.);
#923 = VERTEX_POINT('',#924);
#924 = CARTESIAN_POINT('',(-0.8,-0.4,3.E-02));
#925 = VERTEX_POINT('',#926);
#926 = CARTESIAN_POINT('',(-0.8,-0.4,0.77));
#927 = LINE('',#928,#929);
#928 = CARTESIAN_POINT('',(-0.8,-0.4,0.));
#929 = VECTOR('',#930,1.);
#930 = DIRECTION('',(0.,0.,1.));
#931 = ORIENTED_EDGE('',*,*,#932,.T.);
#932 = EDGE_CURVE('',#923,#933,#935,.T.);
#933 = VERTEX_POINT('',#934);
#934 = CARTESIAN_POINT('',(-0.8,-0.37,0.));
#935 = CIRCLE('',#936,3.E-02);
#936 = AXIS2_PLACEMENT_3D('',#937,#938,#939);
#937 = CARTESIAN_POINT('',(-0.8,-0.37,3.E-02));
#938 = DIRECTION('',(1.,0.,-0.));
#939 = DIRECTION('',(0.,0.,1.));
#940 = ORIENTED_EDGE('',*,*,#941,.T.);
#941 = EDGE_CURVE('',#933,#942,#944,.T.);
#942 = VERTEX_POINT('',#943);
#943 = CARTESIAN_POINT('',(-0.8,0.37,0.));
#944 = LINE('',#945,#946);
#945 = CARTESIAN_POINT('',(-0.8,-0.4,0.));
#946 = VECTOR('',#947,1.);
#947 = DIRECTION('',(0.,1.,0.));
#948 = ORIENTED_EDGE('',*,*,#949,.F.);
#949 = EDGE_CURVE('',#950,#942,#952,.T.);
#950 = VERTEX_POINT('',#951);
#951 = CARTESIAN_POINT('',(-0.8,0.4,3.E-02));
#952 = CIRCLE('',#953,3.E-02);
#953 = AXIS2_PLACEMENT_3D('',#954,#955,#956);
#954 = CARTESIAN_POINT('',(-0.8,0.37,3.E-02));
#955 = DIRECTION('',(-1.,0.,0.));
#956 = DIRECTION('',(0.,0.,1.));
#957 = ORIENTED_EDGE('',*,*,#958,.T.);
#958 = EDGE_CURVE('',#950,#959,#961,.T.);
#959 = VERTEX_POINT('',#960);
#960 = CARTESIAN_POINT('',(-0.8,0.4,0.77));
#961 = LINE('',#962,#963);
#962 = CARTESIAN_POINT('',(-0.8,0.4,0.));
#963 = VECTOR('',#964,1.);
#964 = DIRECTION('',(0.,0.,1.));
#965 = ORIENTED_EDGE('',*,*,#966,.T.);
#966 = EDGE_CURVE('',#959,#967,#969,.T.);
#967 = VERTEX_POINT('',#968);
#968 = CARTESIAN_POINT('',(-0.8,0.37,0.8));
#969 = CIRCLE('',#970,3.E-02);
#970 = AXIS2_PLACEMENT_3D('',#971,#972,#973);
#971 = CARTESIAN_POINT('',(-0.8,0.37,0.77));
#972 = DIRECTION('',(1.,0.,-0.));
#973 = DIRECTION('',(0.,0.,1.));
#974 = ORIENTED_EDGE('',*,*,#975,.F.);
#975 = EDGE_CURVE('',#976,#967,#978,.T.);
#976 = VERTEX_POINT('',#977);
#977 = CARTESIAN_POINT('',(-0.8,-0.37,0.8));
#978 = LINE('',#979,#980);
#979 = CARTESIAN_POINT('',(-0.8,-0.4,0.8));
#980 = VECTOR('',#981,1.);
#981 = DIRECTION('',(0.,1.,0.));
#982 = ORIENTED_EDGE('',*,*,#983,.F.);
#983 = EDGE_CURVE('',#925,#976,#984,.T.);
#984 = CIRCLE('',#985,3.E-02);
#985 = AXIS2_PLACEMENT_3D('',#986,#987,#988);
#986 = CARTESIAN_POINT('',(-0.8,-0.37,0.77));
#987 = DIRECTION('',(-1.,0.,0.));
#988 = DIRECTION('',(0.,0.,1.));
#989 = PLANE('',#990);
#990 = AXIS2_PLACEMENT_3D('',#991,#992,#993);
#991 = CARTESIAN_POINT('',(-0.8,-0.4,0.));
#992 = DIRECTION('',(1.,0.,0.));
#993 = DIRECTION('',(0.,0.,1.));
#994 = ADVANCED_FACE('',(#995),#1020,.F.);
#995 = FACE_BOUND('',#996,.F.);
#996 = EDGE_LOOP('',(#997,#1007,#1013,#1014));
#997 = ORIENTED_EDGE('',*,*,#998,.F.);
#998 = EDGE_CURVE('',#999,#1001,#1003,.T.);
#999 = VERTEX_POINT('',#1000);
#1000 = CARTESIAN_POINT('',(-0.5,-0.4,3.E-02));
#1001 = VERTEX_POINT('',#1002);
#1002 = CARTESIAN_POINT('',(-0.5,-0.4,0.77));
#1003 = LINE('',#1004,#1005);
#1004 = CARTESIAN_POINT('',(-0.5,-0.4,0.));
#1005 = VECTOR('',#1006,1.);
#1006 = DIRECTION('',(0.,0.,1.));
#1007 = ORIENTED_EDGE('',*,*,#1008,.F.);
#1008 = EDGE_CURVE('',#923,#999,#1009,.T.);
#1009 = LINE('',#1010,#1011);
#1010 = CARTESIAN_POINT('',(-0.8,-0.4,3.E-02));
#1011 = VECTOR('',#1012,1.);
#1012 = DIRECTION('',(1.,0.,0.));
#1013 = ORIENTED_EDGE('',*,*,#922,.T.);
#1014 = ORIENTED_EDGE('',*,*,#1015,.T.);
#1015 = EDGE_CURVE('',#925,#1001,#1016,.T.);
#1016 = LINE('',#1017,#1018);
#1017 = CARTESIAN_POINT('',(-0.8,-0.4,0.77));
#1018 = VECTOR('',#1019,1.);
#1019 = DIRECTION('',(1.,0.,0.));
#1020 = PLANE('',#1021);
#1021 = AXIS2_PLACEMENT_3D('',#1022,#1023,#1024);
#1022 = CARTESIAN_POINT('',(-0.8,-0.4,0.));
#1023 = DIRECTION('',(0.,1.,0.));
#1024 = DIRECTION('',(0.,-0.,1.));
#1025 = ADVANCED_FACE('',(#1026),#1045,.T.);
#1026 = FACE_BOUND('',#1027,.T.);
#1027 = EDGE_LOOP('',(#1028,#1029,#1037,#1044));
#1028 = ORIENTED_EDGE('',*,*,#932,.T.);
#1029 = ORIENTED_EDGE('',*,*,#1030,.T.);
#1030 = EDGE_CURVE('',#933,#1031,#1033,.T.);
#1031 = VERTEX_POINT('',#1032);
#1032 = CARTESIAN_POINT('',(-0.5,-0.37,0.));
#1033 = LINE('',#1034,#1035);
#1034 = CARTESIAN_POINT('',(-0.8,-0.37,0.));
#1035 = VECTOR('',#1036,1.);
#1036 = DIRECTION('',(1.,0.,0.));
#1037 = ORIENTED_EDGE('',*,*,#1038,.F.);
#1038 = EDGE_CURVE('',#999,#1031,#1039,.T.);
#1039 = CIRCLE('',#1040,3.E-02);
#1040 = AXIS2_PLACEMENT_3D('',#1041,#1042,#1043);
#1041 = CARTESIAN_POINT('',(-0.5,-0.37,3.E-02));
#1042 = DIRECTION('',(1.,0.,-0.));
#1043 = DIRECTION('',(0.,0.,1.));
#1044 = ORIENTED_EDGE('',*,*,#1008,.F.);
#1045 = CYLINDRICAL_SURFACE('',#1046,3.E-02);
#1046 = AXIS2_PLACEMENT_3D('',#1047,#1048,#1049);
#1047 = CARTESIAN_POINT('',(-0.8,-0.37,3.E-02));
#1048 = DIRECTION('',(1.,0.,0.));
#1049 = DIRECTION('',(0.,-1.,0.));
#1050 = ADVANCED_FACE('',(#1051),#1070,.T.);
#1051 = FACE_BOUND('',#1052,.T.);
#1052 = EDGE_LOOP('',(#1053,#1054,#1063,#1069));
#1053 = ORIENTED_EDGE('',*,*,#1015,.T.);
#1054 = ORIENTED_EDGE('',*,*,#1055,.T.);
#1055 = EDGE_CURVE('',#1001,#1056,#1058,.T.);
#1056 = VERTEX_POINT('',#1057);
#1057 = CARTESIAN_POINT('',(-0.5,-0.37,0.8));
#1058 = CIRCLE('',#1059,3.E-02);
#1059 = AXIS2_PLACEMENT_3D('',#1060,#1061,#1062);
#1060 = CARTESIAN_POINT('',(-0.5,-0.37,0.77));
#1061 = DIRECTION('',(-1.,0.,0.));
#1062 = DIRECTION('',(0.,0.,1.));
#1063 = ORIENTED_EDGE('',*,*,#1064,.F.);
#1064 = EDGE_CURVE('',#976,#1056,#1065,.T.);
#1065 = LINE('',#1066,#1067);
#1066 = CARTESIAN_POINT('',(-0.8,-0.37,0.8));
#1067 = VECTOR('',#1068,1.);
#1068 = DIRECTION('',(1.,0.,0.));
#1069 = ORIENTED_EDGE('',*,*,#983,.F.);
#1070 = CYLINDRICAL_SURFACE('',#1071,3.E-02);
#1071 = AXIS2_PLACEMENT_3D('',#1072,#1073,#1074);
#1072 = CARTESIAN_POINT('',(-0.8,-0.37,0.77));
#1073 = DIRECTION('',(1.,0.,0.));
#1074 = DIRECTION('',(0.,-1.,0.));
#1075 = ADVANCED_FACE('',(#1076),#1094,.F.);
#1076 = FACE_BOUND('',#1077,.F.);
#1077 = EDGE_LOOP('',(#1078,#1079,#1080,#1088));
#1078 = ORIENTED_EDGE('',*,*,#941,.F.);
#1079 = ORIENTED_EDGE('',*,*,#1030,.T.);
#1080 = ORIENTED_EDGE('',*,*,#1081,.T.);
#1081 = EDGE_CURVE('',#1031,#1082,#1084,.T.);
#1082 = VERTEX_POINT('',#1083);
#1083 = CARTESIAN_POINT('',(-0.5,0.37,0.));
#1084 = LINE('',#1085,#1086);
#1085 = CARTESIAN_POINT('',(-0.5,-0.4,0.));
#1086 = VECTOR('',#1087,1.);
#1087 = DIRECTION('',(0.,1.,0.));
#1088 = ORIENTED_EDGE('',*,*,#1089,.F.);
#1089 = EDGE_CURVE('',#942,#1082,#1090,.T.);
#1090 = LINE('',#1091,#1092);
#1091 = CARTESIAN_POINT('',(-0.8,0.37,0.));
#1092 = VECTOR('',#1093,1.);
#1093 = DIRECTION('',(1.,0.,0.));
#1094 = PLANE('',#1095);
#1095 = AXIS2_PLACEMENT_3D('',#1096,#1097,#1098);
#1096 = CARTESIAN_POINT('',(-0.8,-0.4,0.));
#1097 = DIRECTION('',(0.,0.,1.));
#1098 = DIRECTION('',(1.,0.,-0.));
#1099 = ADVANCED_FACE('',(#1100),#1118,.T.);
#1100 = FACE_BOUND('',#1101,.T.);
#1101 = EDGE_LOOP('',(#1102,#1103,#1104,#1112));
#1102 = ORIENTED_EDGE('',*,*,#975,.F.);
#1103 = ORIENTED_EDGE('',*,*,#1064,.T.);
#1104 = ORIENTED_EDGE('',*,*,#1105,.T.);
#1105 = EDGE_CURVE('',#1056,#1106,#1108,.T.);
#1106 = VERTEX_POINT('',#1107);
#1107 = CARTESIAN_POINT('',(-0.5,0.37,0.8));
#1108 = LINE('',#1109,#1110);
#1109 = CARTESIAN_POINT('',(-0.5,-0.4,0.8));
#1110 = VECTOR('',#1111,1.);
#1111 = DIRECTION('',(0.,1.,0.));
#1112 = ORIENTED_EDGE('',*,*,#1113,.F.);
#1113 = EDGE_CURVE('',#967,#1106,#1114,.T.);
#1114 = LINE('',#1115,#1116);
#1115 = CARTESIAN_POINT('',(-0.8,0.37,0.8));
#1116 = VECTOR('',#1117,1.);
#1117 = DIRECTION('',(1.,0.,0.));
#1118 = PLANE('',#1119);
#1119 = AXIS2_PLACEMENT_3D('',#1120,#1121,#1122);
#1120 = CARTESIAN_POINT('',(-0.8,-0.4,0.8));
#1121 = DIRECTION('',(0.,0.,1.));
#1122 = DIRECTION('',(1.,0.,-0.));
#1123 = ADVANCED_FACE('',(#1124),#1143,.T.);
#1124 = FACE_BOUND('',#1125,.T.);
#1125 = EDGE_LOOP('',(#1126,#1134,#1141,#1142));
#1126 = ORIENTED_EDGE('',*,*,#1127,.T.);
#1127 = EDGE_CURVE('',#950,#1128,#1130,.T.);
#1128 = VERTEX_POINT('',#1129);
#1129 = CARTESIAN_POINT('',(-0.5,0.4,3.E-02));
#1130 = LINE('',#1131,#1132);
#1131 = CARTESIAN_POINT('',(-0.8,0.4,3.E-02));
#1132 = VECTOR('',#1133,1.);
#1133 = DIRECTION('',(1.,0.,0.));
#1134 = ORIENTED_EDGE('',*,*,#1135,.T.);
#1135 = EDGE_CURVE('',#1128,#1082,#1136,.T.);
#1136 = CIRCLE('',#1137,3.E-02);
#1137 = AXIS2_PLACEMENT_3D('',#1138,#1139,#1140);
#1138 = CARTESIAN_POINT('',(-0.5,0.37,3.E-02));
#1139 = DIRECTION('',(-1.,0.,0.));
#1140 = DIRECTION('',(0.,0.,1.));
#1141 = ORIENTED_EDGE('',*,*,#1089,.F.);
#1142 = ORIENTED_EDGE('',*,*,#949,.F.);
#1143 = CYLINDRICAL_SURFACE('',#1144,3.E-02);
#1144 = AXIS2_PLACEMENT_3D('',#1145,#1146,#1147);
#1145 = CARTESIAN_POINT('',(-0.8,0.37,3.E-02));
#1146 = DIRECTION('',(1.,0.,0.));
#1147 = DIRECTION('',(-0.,1.,0.));
#1148 = ADVANCED_FACE('',(#1149),#1168,.T.);
#1149 = FACE_BOUND('',#1150,.T.);
#1150 = EDGE_LOOP('',(#1151,#1152,#1153,#1162));
#1151 = ORIENTED_EDGE('',*,*,#966,.T.);
#1152 = ORIENTED_EDGE('',*,*,#1113,.T.);
#1153 = ORIENTED_EDGE('',*,*,#1154,.F.);
#1154 = EDGE_CURVE('',#1155,#1106,#1157,.T.);
#1155 = VERTEX_POINT('',#1156);
#1156 = CARTESIAN_POINT('',(-0.5,0.4,0.77));
#1157 = CIRCLE('',#1158,3.E-02);
#1158 = AXIS2_PLACEMENT_3D('',#1159,#1160,#1161);
#1159 = CARTESIAN_POINT('',(-0.5,0.37,0.77));
#1160 = DIRECTION('',(1.,0.,-0.));
#1161 = DIRECTION('',(0.,0.,1.));
#1162 = ORIENTED_EDGE('',*,*,#1163,.F.);
#1163 = EDGE_CURVE('',#959,#1155,#1164,.T.);
#1164 = LINE('',#1165,#1166);
#1165 = CARTESIAN_POINT('',(-0.8,0.4,0.77));
#1166 = VECTOR('',#1167,1.);
#1167 = DIRECTION('',(1.,0.,0.));
#1168 = CYLINDRICAL_SURFACE('',#1169,3.E-02);
#1169 = AXIS2_PLACEMENT_3D('',#1170,#1171,#1172);
#1170 = CARTESIAN_POINT('',(-0.8,0.37,0.77));
#1171 = DIRECTION('',(1.,0.,0.));
#1172 = DIRECTION('',(-0.,1.,0.));
#1173 = ADVANCED_FACE('',(#1174),#1185,.T.);
#1174 = FACE_BOUND('',#1175,.T.);
#1175 = EDGE_LOOP('',(#1176,#1182,#1183,#1184));
#1176 = ORIENTED_EDGE('',*,*,#1177,.F.);
#1177 = EDGE_CURVE('',#1128,#1155,#1178,.T.);
#1178 = LINE('',#1179,#1180);
#1179 = CARTESIAN_POINT('',(-0.5,0.4,0.));
#1180 = VECTOR('',#1181,1.);
#1181 = DIRECTION('',(0.,0.,1.));
#1182 = ORIENTED_EDGE('',*,*,#1127,.F.);
#1183 = ORIENTED_EDGE('',*,*,#958,.T.);
#1184 = ORIENTED_EDGE('',*,*,#1163,.T.);
#1185 = PLANE('',#1186);
#1186 = AXIS2_PLACEMENT_3D('',#1187,#1188,#1189);
#1187 = CARTESIAN_POINT('',(-0.8,0.4,0.));
#1188 = DIRECTION('',(0.,1.,0.));
#1189 = DIRECTION('',(0.,-0.,1.));
#1190 = ADVANCED_FACE('',(#1191,#1201),#1271,.T.);
#1191 = FACE_BOUND('',#1192,.T.);
#1192 = EDGE_LOOP('',(#1193,#1194,#1195,#1196,#1197,#1198,#1199,#1200));
#1193 = ORIENTED_EDGE('',*,*,#998,.F.);
#1194 = ORIENTED_EDGE('',*,*,#1038,.T.);
#1195 = ORIENTED_EDGE('',*,*,#1081,.T.);
#1196 = ORIENTED_EDGE('',*,*,#1135,.F.);
#1197 = ORIENTED_EDGE('',*,*,#1177,.T.);
#1198 = ORIENTED_EDGE('',*,*,#1154,.T.);
#1199 = ORIENTED_EDGE('',*,*,#1105,.F.);
#1200 = ORIENTED_EDGE('',*,*,#1055,.F.);
#1201 = FACE_BOUND('',#1202,.T.);
#1202 = EDGE_LOOP('',(#1203,#1214,#1222,#1231,#1239,#1248,#1256,#1265));
#1203 = ORIENTED_EDGE('',*,*,#1204,.F.);
#1204 = EDGE_CURVE('',#1205,#1207,#1209,.T.);
#1205 = VERTEX_POINT('',#1206);
#1206 = CARTESIAN_POINT('',(-0.5,-0.37,6.E-02));
#1207 = VERTEX_POINT('',#1208);
#1208 = CARTESIAN_POINT('',(-0.5,-0.34,3.E-02));
#1209 = CIRCLE('',#1210,3.E-02);
#1210 = AXIS2_PLACEMENT_3D('',#1211,#1212,#1213);
#1211 = CARTESIAN_POINT('',(-0.5,-0.34,6.E-02));
#1212 = DIRECTION('',(1.,0.,-0.));
#1213 = DIRECTION('',(0.,0.,1.));
#1214 = ORIENTED_EDGE('',*,*,#1215,.T.);
#1215 = EDGE_CURVE('',#1205,#1216,#1218,.T.);
#1216 = VERTEX_POINT('',#1217);
#1217 = CARTESIAN_POINT('',(-0.5,-0.37,0.74));
#1218 = LINE('',#1219,#1220);
#1219 = CARTESIAN_POINT('',(-0.5,-0.37,3.E-02));
#1220 = VECTOR('',#1221,1.);
#1221 = DIRECTION('',(0.,0.,1.));
#1222 = ORIENTED_EDGE('',*,*,#1223,.T.);
#1223 = EDGE_CURVE('',#1216,#1224,#1226,.T.);
#1224 = VERTEX_POINT('',#1225);
#1225 = CARTESIAN_POINT('',(-0.5,-0.34,0.77));
#1226 = CIRCLE('',#1227,3.E-02);
#1227 = AXIS2_PLACEMENT_3D('',#1228,#1229,#1230);
#1228 = CARTESIAN_POINT('',(-0.5,-0.34,0.74));
#1229 = DIRECTION('',(-1.,0.,0.));
#1230 = DIRECTION('',(0.,0.,1.));
#1231 = ORIENTED_EDGE('',*,*,#1232,.T.);
#1232 = EDGE_CURVE('',#1224,#1233,#1235,.T.);
#1233 = VERTEX_POINT('',#1234);
#1234 = CARTESIAN_POINT('',(-0.5,0.34,0.77));
#1235 = LINE('',#1236,#1237);
#1236 = CARTESIAN_POINT('',(-0.5,-0.37,0.77));
#1237 = VECTOR('',#1238,1.);
#1238 = DIRECTION('',(0.,1.,0.));
#1239 = ORIENTED_EDGE('',*,*,#1240,.F.);
#1240 = EDGE_CURVE('',#1241,#1233,#1243,.T.);
#1241 = VERTEX_POINT('',#1242);
#1242 = CARTESIAN_POINT('',(-0.5,0.37,0.74));
#1243 = CIRCLE('',#1244,3.E-02);
#1244 = AXIS2_PLACEMENT_3D('',#1245,#1246,#1247);
#1245 = CARTESIAN_POINT('',(-0.5,0.34,0.74));
#1246 = DIRECTION('',(1.,0.,-0.));
#1247 = DIRECTION('',(0.,0.,1.));
#1248 = ORIENTED_EDGE('',*,*,#1249,.F.);
#1249 = EDGE_CURVE('',#1250,#1241,#1252,.T.);
#1250 = VERTEX_POINT('',#1251);
#1251 = CARTESIAN_POINT('',(-0.5,0.37,6.E-02));
#1252 = LINE('',#1253,#1254);
#1253 = CARTESIAN_POINT('',(-0.5,0.37,3.E-02));
#1254 = VECTOR('',#1255,1.);
#1255 = DIRECTION('',(0.,0.,1.));
#1256 = ORIENTED_EDGE('',*,*,#1257,.T.);
#1257 = EDGE_CURVE('',#1250,#1258,#1260,.T.);
#1258 = VERTEX_POINT('',#1259);
#1259 = CARTESIAN_POINT('',(-0.5,0.34,3.E-02));
#1260 = CIRCLE('',#1261,3.E-02);
#1261 = AXIS2_PLACEMENT_3D('',#1262,#1263,#1264);
#1262 = CARTESIAN_POINT('',(-0.5,0.34,6.E-02));
#1263 = DIRECTION('',(-1.,0.,0.));
#1264 = DIRECTION('',(0.,0.,1.));
#1265 = ORIENTED_EDGE('',*,*,#1266,.F.);
#1266 = EDGE_CURVE('',#1207,#1258,#1267,.T.);
#1267 = LINE('',#1268,#1269);
#1268 = CARTESIAN_POINT('',(-0.5,-0.37,3.E-02));
#1269 = VECTOR('',#1270,1.);
#1270 = DIRECTION('',(0.,1.,0.));
#1271 = PLANE('',#1272);
#1272 = AXIS2_PLACEMENT_3D('',#1273,#1274,#1275);
#1273 = CARTESIAN_POINT('',(-0.5,-0.4,0.));
#1274 = DIRECTION('',(1.,0.,0.));
#1275 = DIRECTION('',(0.,0.,1.));
#1276 = ADVANCED_FACE('',(#1277),#1303,.T.);
#1277 = FACE_BOUND('',#1278,.T.);
#1278 = EDGE_LOOP('',(#1279,#1280,#1288,#1297));
#1279 = ORIENTED_EDGE('',*,*,#1204,.T.);
#1280 = ORIENTED_EDGE('',*,*,#1281,.T.);
#1281 = EDGE_CURVE('',#1207,#1282,#1284,.T.);
#1282 = VERTEX_POINT('',#1283);
#1283 = CARTESIAN_POINT('',(0.5,-0.34,3.E-02));
#1284 = LINE('',#1285,#1286);
#1285 = CARTESIAN_POINT('',(-0.5,-0.34,3.E-02));
#1286 = VECTOR('',#1287,1.);
#1287 = DIRECTION('',(1.,0.,0.));
#1288 = ORIENTED_EDGE('',*,*,#1289,.F.);
#1289 = EDGE_CURVE('',#1290,#1282,#1292,.T.);
#1290 = VERTEX_POINT('',#1291);
#1291 = CARTESIAN_POINT('',(0.5,-0.37,6.E-02));
#1292 = CIRCLE('',#1293,3.E-02);
#1293 = AXIS2_PLACEMENT_3D('',#1294,#1295,#1296);
#1294 = CARTESIAN_POINT('',(0.5,-0.34,6.E-02));
#1295 = DIRECTION('',(1.,0.,-0.));
#1296 = DIRECTION('',(0.,0.,1.));
#1297 = ORIENTED_EDGE('',*,*,#1298,.F.);
#1298 = EDGE_CURVE('',#1205,#1290,#1299,.T.);
#1299 = LINE('',#1300,#1301);
#1300 = CARTESIAN_POINT('',(-0.5,-0.37,6.E-02));
#1301 = VECTOR('',#1302,1.);
#1302 = DIRECTION('',(1.,0.,0.));
#1303 = CYLINDRICAL_SURFACE('',#1304,3.E-02);
#1304 = AXIS2_PLACEMENT_3D('',#1305,#1306,#1307);
#1305 = CARTESIAN_POINT('',(-0.5,-0.34,6.E-02));
#1306 = DIRECTION('',(1.,0.,0.));
#1307 = DIRECTION('',(0.,-1.,0.));
#1308 = ADVANCED_FACE('',(#1309),#1327,.F.);
#1309 = FACE_BOUND('',#1310,.F.);
#1310 = EDGE_LOOP('',(#1311,#1312,#1313,#1321));
#1311 = ORIENTED_EDGE('',*,*,#1266,.F.);
#1312 = ORIENTED_EDGE('',*,*,#1281,.T.);
#1313 = ORIENTED_EDGE('',*,*,#1314,.T.);
#1314 = EDGE_CURVE('',#1282,#1315,#1317,.T.);
#1315 = VERTEX_POINT('',#1316);
#1316 = CARTESIAN_POINT('',(0.5,0.34,3.E-02));
#1317 = LINE('',#1318,#1319);
#1318 = CARTESIAN_POINT('',(0.5,-0.37,3.E-02));
#1319 = VECTOR('',#1320,1.);
#1320 = DIRECTION('',(0.,1.,0.));
#1321 = ORIENTED_EDGE('',*,*,#1322,.F.);
#1322 = EDGE_CURVE('',#1258,#1315,#1323,.T.);
#1323 = LINE('',#1324,#1325);
#1324 = CARTESIAN_POINT('',(-0.5,0.34,3.E-02));
#1325 = VECTOR('',#1326,1.);
#1326 = DIRECTION('',(1.,0.,0.));
#1327 = PLANE('',#1328);
#1328 = AXIS2_PLACEMENT_3D('',#1329,#1330,#1331);
#1329 = CARTESIAN_POINT('',(-0.5,-0.37,3.E-02));
#1330 = DIRECTION('',(0.,0.,1.));
#1331 = DIRECTION('',(1.,0.,-0.));
#1332 = ADVANCED_FACE('',(#1333),#1352,.T.);
#1333 = FACE_BOUND('',#1334,.T.);
#1334 = EDGE_LOOP('',(#1335,#1343,#1350,#1351));
#1335 = ORIENTED_EDGE('',*,*,#1336,.T.);
#1336 = EDGE_CURVE('',#1250,#1337,#1339,.T.);
#1337 = VERTEX_POINT('',#1338);
#1338 = CARTESIAN_POINT('',(0.5,0.37,6.E-02));
#1339 = LINE('',#1340,#1341);
#1340 = CARTESIAN_POINT('',(-0.5,0.37,6.E-02));
#1341 = VECTOR('',#1342,1.);
#1342 = DIRECTION('',(1.,0.,0.));
#1343 = ORIENTED_EDGE('',*,*,#1344,.T.);
#1344 = EDGE_CURVE('',#1337,#1315,#1345,.T.);
#1345 = CIRCLE('',#1346,3.E-02);
#1346 = AXIS2_PLACEMENT_3D('',#1347,#1348,#1349);
#1347 = CARTESIAN_POINT('',(0.5,0.34,6.E-02));
#1348 = DIRECTION('',(-1.,0.,0.));
#1349 = DIRECTION('',(0.,0.,1.));
#1350 = ORIENTED_EDGE('',*,*,#1322,.F.);
#1351 = ORIENTED_EDGE('',*,*,#1257,.F.);
#1352 = CYLINDRICAL_SURFACE('',#1353,3.E-02);
#1353 = AXIS2_PLACEMENT_3D('',#1354,#1355,#1356);
#1354 = CARTESIAN_POINT('',(-0.5,0.34,6.E-02));
#1355 = DIRECTION('',(1.,0.,0.));
#1356 = DIRECTION('',(-0.,1.,0.));
#1357 = ADVANCED_FACE('',(#1358),#1376,.T.);
#1358 = FACE_BOUND('',#1359,.T.);
#1359 = EDGE_LOOP('',(#1360,#1368,#1369,#1370));
#1360 = ORIENTED_EDGE('',*,*,#1361,.F.);
#1361 = EDGE_CURVE('',#1337,#1362,#1364,.T.);
#1362 = VERTEX_POINT('',#1363);
#1363 = CARTESIAN_POINT('',(0.5,0.37,0.74));
#1364 = LINE('',#1365,#1366);
#1365 = CARTESIAN_POINT('',(0.5,0.37,3.E-02));
#1366 = VECTOR('',#1367,1.);
#1367 = DIRECTION('',(0.,0.,1.));
#1368 = ORIENTED_EDGE('',*,*,#1336,.F.);
#1369 = ORIENTED_EDGE('',*,*,#1249,.T.);
#1370 = ORIENTED_EDGE('',*,*,#1371,.T.);
#1371 = EDGE_CURVE('',#1241,#1362,#1372,.T.);
#1372 = LINE('',#1373,#1374);
#1373 = CARTESIAN_POINT('',(-0.5,0.37,0.74));
#1374 = VECTOR('',#1375,1.);
#1375 = DIRECTION('',(1.,0.,0.));
#1376 = PLANE('',#1377);
#1377 = AXIS2_PLACEMENT_3D('',#1378,#1379,#1380);
#1378 = CARTESIAN_POINT('',(-0.5,0.37,3.E-02));
#1379 = DIRECTION('',(0.,1.,0.));
#1380 = DIRECTION('',(0.,-0.,1.));
#1381 = ADVANCED_FACE('',(#1382),#1401,.T.);
#1382 = FACE_BOUND('',#1383,.T.);
#1383 = EDGE_LOOP('',(#1384,#1385,#1393,#1400));
#1384 = ORIENTED_EDGE('',*,*,#1240,.T.);
#1385 = ORIENTED_EDGE('',*,*,#1386,.T.);
#1386 = EDGE_CURVE('',#1233,#1387,#1389,.T.);
#1387 = VERTEX_POINT('',#1388);
#1388 = CARTESIAN_POINT('',(0.5,0.34,0.77));
#1389 = LINE('',#1390,#1391);
#1390 = CARTESIAN_POINT('',(-0.5,0.34,0.77));
#1391 = VECTOR('',#1392,1.);
#1392 = DIRECTION('',(1.,0.,0.));
#1393 = ORIENTED_EDGE('',*,*,#1394,.F.);
#1394 = EDGE_CURVE('',#1362,#1387,#1395,.T.);
#1395 = CIRCLE('',#1396,3.E-02);
#1396 = AXIS2_PLACEMENT_3D('',#1397,#1398,#1399);
#1397 = CARTESIAN_POINT('',(0.5,0.34,0.74));
#1398 = DIRECTION('',(1.,0.,-0.));
#1399 = DIRECTION('',(0.,0.,1.));
#1400 = ORIENTED_EDGE('',*,*,#1371,.F.);
#1401 = CYLINDRICAL_SURFACE('',#1402,3.E-02);
#1402 = AXIS2_PLACEMENT_3D('',#1403,#1404,#1405);
#1403 = CARTESIAN_POINT('',(-0.5,0.34,0.74));
#1404 = DIRECTION('',(1.,0.,0.));
#1405 = DIRECTION('',(-0.,1.,0.));
#1406 = ADVANCED_FACE('',(#1407),#1425,.T.);
#1407 = FACE_BOUND('',#1408,.T.);
#1408 = EDGE_LOOP('',(#1409,#1410,#1418,#1424));
#1409 = ORIENTED_EDGE('',*,*,#1232,.F.);
#1410 = ORIENTED_EDGE('',*,*,#1411,.T.);
#1411 = EDGE_CURVE('',#1224,#1412,#1414,.T.);
#1412 = VERTEX_POINT('',#1413);
#1413 = CARTESIAN_POINT('',(0.5,-0.34,0.77));
#1414 = LINE('',#1415,#1416);
#1415 = CARTESIAN_POINT('',(-0.5,-0.34,0.77));
#1416 = VECTOR('',#1417,1.);
#1417 = DIRECTION('',(1.,0.,0.));
#1418 = ORIENTED_EDGE('',*,*,#1419,.T.);
#1419 = EDGE_CURVE('',#1412,#1387,#1420,.T.);
#1420 = LINE('',#1421,#1422);
#1421 = CARTESIAN_POINT('',(0.5,-0.37,0.77));
#1422 = VECTOR('',#1423,1.);
#1423 = DIRECTION('',(0.,1.,0.));
#1424 = ORIENTED_EDGE('',*,*,#1386,.F.);
#1425 = PLANE('',#1426);
#1426 = AXIS2_PLACEMENT_3D('',#1427,#1428,#1429);
#1427 = CARTESIAN_POINT('',(-0.5,-0.37,0.77));
#1428 = DIRECTION('',(0.,0.,1.));
#1429 = DIRECTION('',(1.,0.,-0.));
#1430 = ADVANCED_FACE('',(#1431),#1450,.T.);
#1431 = FACE_BOUND('',#1432,.T.);
#1432 = EDGE_LOOP('',(#1433,#1441,#1448,#1449));
#1433 = ORIENTED_EDGE('',*,*,#1434,.T.);
#1434 = EDGE_CURVE('',#1216,#1435,#1437,.T.);
#1435 = VERTEX_POINT('',#1436);
#1436 = CARTESIAN_POINT('',(0.5,-0.37,0.74));
#1437 = LINE('',#1438,#1439);
#1438 = CARTESIAN_POINT('',(-0.5,-0.37,0.74));
#1439 = VECTOR('',#1440,1.);
#1440 = DIRECTION('',(1.,0.,0.));
#1441 = ORIENTED_EDGE('',*,*,#1442,.T.);
#1442 = EDGE_CURVE('',#1435,#1412,#1443,.T.);
#1443 = CIRCLE('',#1444,3.E-02);
#1444 = AXIS2_PLACEMENT_3D('',#1445,#1446,#1447);
#1445 = CARTESIAN_POINT('',(0.5,-0.34,0.74));
#1446 = DIRECTION('',(-1.,0.,0.));
#1447 = DIRECTION('',(0.,0.,1.));
#1448 = ORIENTED_EDGE('',*,*,#1411,.F.);
#1449 = ORIENTED_EDGE('',*,*,#1223,.F.);
#1450 = CYLINDRICAL_SURFACE('',#1451,3.E-02);
#1451 = AXIS2_PLACEMENT_3D('',#1452,#1453,#1454);
#1452 = CARTESIAN_POINT('',(-0.5,-0.34,0.74));
#1453 = DIRECTION('',(1.,0.,0.));
#1454 = DIRECTION('',(0.,-1.,0.));
#1455 = ADVANCED_FACE('',(#1456),#1467,.F.);
#1456 = FACE_BOUND('',#1457,.F.);
#1457 = EDGE_LOOP('',(#1458,#1464,#1465,#1466));
#1458 = ORIENTED_EDGE('',*,*,#1459,.F.);
#1459 = EDGE_CURVE('',#1290,#1435,#1460,.T.);
#1460 = LINE('',#1461,#1462);
#1461 = CARTESIAN_POINT('',(0.5,-0.37,3.E-02));
#1462 = VECTOR('',#1463,1.);
#1463 = DIRECTION('',(0.,0.,1.));
#1464 = ORIENTED_EDGE('',*,*,#1298,.F.);
#1465 = ORIENTED_EDGE('',*,*,#1215,.T.);
#1466 = ORIENTED_EDGE('',*,*,#1434,.T.);
#1467 = PLANE('',#1468);
#1468 = AXIS2_PLACEMENT_3D('',#1469,#1470,#1471);
#1469 = CARTESIAN_POINT('',(-0.5,-0.37,3.E-02));
#1470 = DIRECTION('',(0.,1.,0.));
#1471 = DIRECTION('',(0.,-0.,1.));
#1472 = ADVANCED_FACE('',(#1473,#1543),#1553,.F.);
#1473 = FACE_BOUND('',#1474,.F.);
#1474 = EDGE_LOOP('',(#1475,#1485,#1494,#1502,#1511,#1519,#1528,#1536));
#1475 = ORIENTED_EDGE('',*,*,#1476,.F.);
#1476 = EDGE_CURVE('',#1477,#1479,#1481,.T.);
#1477 = VERTEX_POINT('',#1478);
#1478 = CARTESIAN_POINT('',(0.5,-0.4,3.E-02));
#1479 = VERTEX_POINT('',#1480);
#1480 = CARTESIAN_POINT('',(0.5,-0.4,0.77));
#1481 = LINE('',#1482,#1483);
#1482 = CARTESIAN_POINT('',(0.5,-0.4,0.));
#1483 = VECTOR('',#1484,1.);
#1484 = DIRECTION('',(0.,0.,1.));
#1485 = ORIENTED_EDGE('',*,*,#1486,.T.);
#1486 = EDGE_CURVE('',#1477,#1487,#1489,.T.);
#1487 = VERTEX_POINT('',#1488);
#1488 = CARTESIAN_POINT('',(0.5,-0.37,0.));
#1489 = CIRCLE('',#1490,3.E-02);
#1490 = AXIS2_PLACEMENT_3D('',#1491,#1492,#1493);
#1491 = CARTESIAN_POINT('',(0.5,-0.37,3.E-02));
#1492 = DIRECTION('',(1.,0.,-0.));
#1493 = DIRECTION('',(0.,0.,1.));
#1494 = ORIENTED_EDGE('',*,*,#1495,.T.);
#1495 = EDGE_CURVE('',#1487,#1496,#1498,.T.);
#1496 = VERTEX_POINT('',#1497);
#1497 = CARTESIAN_POINT('',(0.5,0.37,0.));
#1498 = LINE('',#1499,#1500);
#1499 = CARTESIAN_POINT('',(0.5,-0.4,0.));
#1500 = VECTOR('',#1501,1.);
#1501 = DIRECTION('',(0.,1.,0.));
#1502 = ORIENTED_EDGE('',*,*,#1503,.F.);
#1503 = EDGE_CURVE('',#1504,#1496,#1506,.T.);
#1504 = VERTEX_POINT('',#1505);
#1505 = CARTESIAN_POINT('',(0.5,0.4,3.E-02));
#1506 = CIRCLE('',#1507,3.E-02);
#1507 = AXIS2_PLACEMENT_3D('',#1508,#1509,#1510);
#1508 = CARTESIAN_POINT('',(0.5,0.37,3.E-02));
#1509 = DIRECTION('',(-1.,0.,0.));
#1510 = DIRECTION('',(0.,0.,1.));
#1511 = ORIENTED_EDGE('',*,*,#1512,.T.);
#1512 = EDGE_CURVE('',#1504,#1513,#1515,.T.);
#1513 = VERTEX_POINT('',#1514);
#1514 = CARTESIAN_POINT('',(0.5,0.4,0.77));
#1515 = LINE('',#1516,#1517);
#1516 = CARTESIAN_POINT('',(0.5,0.4,0.));
#1517 = VECTOR('',#1518,1.);
#1518 = DIRECTION('',(0.,0.,1.));
#1519 = ORIENTED_EDGE('',*,*,#1520,.T.);
#1520 = EDGE_CURVE('',#1513,#1521,#1523,.T.);
#1521 = VERTEX_POINT('',#1522);
#1522 = CARTESIAN_POINT('',(0.5,0.37,0.8));
#1523 = CIRCLE('',#1524,3.E-02);
#1524 = AXIS2_PLACEMENT_3D('',#1525,#1526,#1527);
#1525 = CARTESIAN_POINT('',(0.5,0.37,0.77));
#1526 = DIRECTION('',(1.,0.,-0.));
#1527 = DIRECTION('',(0.,0.,1.));
#1528 = ORIENTED_EDGE('',*,*,#1529,.F.);
#1529 = EDGE_CURVE('',#1530,#1521,#1532,.T.);
#1530 = VERTEX_POINT('',#1531);
#1531 = CARTESIAN_POINT('',(0.5,-0.37,0.8));
#1532 = LINE('',#1533,#1534);
#1533 = CARTESIAN_POINT('',(0.5,-0.4,0.8));
#1534 = VECTOR('',#1535,1.);
#1535 = DIRECTION('',(0.,1.,0.));
#1536 = ORIENTED_EDGE('',*,*,#1537,.F.);
#1537 = EDGE_CURVE('',#1479,#1530,#1538,.T.);
#1538 = CIRCLE('',#1539,3.E-02);
#1539 = AXIS2_PLACEMENT_3D('',#1540,#1541,#1542);
#1540 = CARTESIAN_POINT('',(0.5,-0.37,0.77));
#1541 = DIRECTION('',(-1.,0.,0.));
#1542 = DIRECTION('',(0.,0.,1.));
#1543 = FACE_BOUND('',#1544,.F.);
#1544 = EDGE_LOOP('',(#1545,#1546,#1547,#1548,#1549,#1550,#1551,#1552));
#1545 = ORIENTED_EDGE('',*,*,#1289,.F.);
#1546 = ORIENTED_EDGE('',*,*,#1459,.T.);
#1547 = ORIENTED_EDGE('',*,*,#1442,.T.);
#1548 = ORIENTED_EDGE('',*,*,#1419,.T.);
#1549 = ORIENTED_EDGE('',*,*,#1394,.F.);
#1550 = ORIENTED_EDGE('',*,*,#1361,.F.);
#1551 = ORIENTED_EDGE('',*,*,#1344,.T.);
#1552 = ORIENTED_EDGE('',*,*,#1314,.F.);
#1553 = PLANE('',#1554);
#1554 = AXIS2_PLACEMENT_3D('',#1555,#1556,#1557);
#1555 = CARTESIAN_POINT('',(0.5,-0.4,0.));
#1556 = DIRECTION('',(1.,0.,0.));
#1557 = DIRECTION('',(0.,0.,1.));
#1558 = ADVANCED_FACE('',(#1559),#1584,.F.);
#1559 = FACE_BOUND('',#1560,.F.);
#1560 = EDGE_LOOP('',(#1561,#1571,#1577,#1578));
#1561 = ORIENTED_EDGE('',*,*,#1562,.F.);
#1562 = EDGE_CURVE('',#1563,#1565,#1567,.T.);
#1563 = VERTEX_POINT('',#1564);
#1564 = CARTESIAN_POINT('',(0.8,-0.4,3.E-02));
#1565 = VERTEX_POINT('',#1566);
#1566 = CARTESIAN_POINT('',(0.8,-0.4,0.77));
#1567 = LINE('',#1568,#1569);
#1568 = CARTESIAN_POINT('',(0.8,-0.4,0.));
#1569 = VECTOR('',#1570,1.);
#1570 = DIRECTION('',(0.,0.,1.));
#1571 = ORIENTED_EDGE('',*,*,#1572,.F.);
#1572 = EDGE_CURVE('',#1477,#1563,#1573,.T.);
#1573 = LINE('',#1574,#1575);
#1574 = CARTESIAN_POINT('',(0.5,-0.4,3.E-02));
#1575 = VECTOR('',#1576,1.);
#1576 = DIRECTION('',(1.,0.,0.));
#1577 = ORIENTED_EDGE('',*,*,#1476,.T.);
#1578 = ORIENTED_EDGE('',*,*,#1579,.T.);
#1579 = EDGE_CURVE('',#1479,#1565,#1580,.T.);
#1580 = LINE('',#1581,#1582);
#1581 = CARTESIAN_POINT('',(0.5,-0.4,0.77));
#1582 = VECTOR('',#1583,1.);
#1583 = DIRECTION('',(1.,0.,0.));
#1584 = PLANE('',#1585);
#1585 = AXIS2_PLACEMENT_3D('',#1586,#1587,#1588);
#1586 = CARTESIAN_POINT('',(0.5,-0.4,0.));
#1587 = DIRECTION('',(0.,1.,0.));
#1588 = DIRECTION('',(0.,-0.,1.));
#1589 = ADVANCED_FACE('',(#1590),#1609,.T.);
#1590 = FACE_BOUND('',#1591,.T.);
#1591 = EDGE_LOOP('',(#1592,#1593,#1601,#1608));
#1592 = ORIENTED_EDGE('',*,*,#1486,.T.);
#1593 = ORIENTED_EDGE('',*,*,#1594,.T.);
#1594 = EDGE_CURVE('',#1487,#1595,#1597,.T.);
#1595 = VERTEX_POINT('',#1596);
#1596 = CARTESIAN_POINT('',(0.8,-0.37,0.));
#1597 = LINE('',#1598,#1599);
#1598 = CARTESIAN_POINT('',(0.5,-0.37,0.));
#1599 = VECTOR('',#1600,1.);
#1600 = DIRECTION('',(1.,0.,0.));
#1601 = ORIENTED_EDGE('',*,*,#1602,.F.);
#1602 = EDGE_CURVE('',#1563,#1595,#1603,.T.);
#1603 = CIRCLE('',#1604,3.E-02);
#1604 = AXIS2_PLACEMENT_3D('',#1605,#1606,#1607);
#1605 = CARTESIAN_POINT('',(0.8,-0.37,3.E-02));
#1606 = DIRECTION('',(1.,0.,-0.));
#1607 = DIRECTION('',(0.,0.,1.));
#1608 = ORIENTED_EDGE('',*,*,#1572,.F.);
#1609 = CYLINDRICAL_SURFACE('',#1610,3.E-02);
#1610 = AXIS2_PLACEMENT_3D('',#1611,#1612,#1613);
#1611 = CARTESIAN_POINT('',(0.5,-0.37,3.E-02));
#1612 = DIRECTION('',(1.,0.,0.));
#1613 = DIRECTION('',(0.,-1.,0.));
#1614 = ADVANCED_FACE('',(#1615),#1634,.T.);
#1615 = FACE_BOUND('',#1616,.T.);
#1616 = EDGE_LOOP('',(#1617,#1618,#1627,#1633));
#1617 = ORIENTED_EDGE('',*,*,#1579,.T.);
#1618 = ORIENTED_EDGE('',*,*,#1619,.T.);
#1619 = EDGE_CURVE('',#1565,#1620,#1622,.T.);
#1620 = VERTEX_POINT('',#1621);
#1621 = CARTESIAN_POINT('',(0.8,-0.37,0.8));
#1622 = CIRCLE('',#1623,3.E-02);
#1623 = AXIS2_PLACEMENT_3D('',#1624,#1625,#1626);
#1624 = CARTESIAN_POINT('',(0.8,-0.37,0.77));
#1625 = DIRECTION('',(-1.,0.,0.));
#1626 = DIRECTION('',(0.,0.,1.));
#1627 = ORIENTED_EDGE('',*,*,#1628,.F.);
#1628 = EDGE_CURVE('',#1530,#1620,#1629,.T.);
#1629 = LINE('',#1630,#1631);
#1630 = CARTESIAN_POINT('',(0.5,-0.37,0.8));
#1631 = VECTOR('',#1632,1.);
#1632 = DIRECTION('',(1.,0.,0.));
#1633 = ORIENTED_EDGE('',*,*,#1537,.F.);
#1634 = CYLINDRICAL_SURFACE('',#1635,3.E-02);
#1635 = AXIS2_PLACEMENT_3D('',#1636,#1637,#1638);
#1636 = CARTESIAN_POINT('',(0.5,-0.37,0.77));
#1637 = DIRECTION('',(1.,0.,0.));
#1638 = DIRECTION('',(0.,-1.,0.));
#1639 = ADVANCED_FACE('',(#1640),#1658,.F.);
#1640 = FACE_BOUND('',#1641,.F.);
#1641 = EDGE_LOOP('',(#1642,#1643,#1644,#1652));
#1642 = ORIENTED_EDGE('',*,*,#1495,.F.);
#1643 = ORIENTED_EDGE('',*,*,#1594,.T.);
#1644 = ORIENTED_EDGE('',*,*,#1645,.T.);
#1645 = EDGE_CURVE('',#1595,#1646,#1648,.T.);
#1646 = VERTEX_POINT('',#1647);
#1647 = CARTESIAN_POINT('',(0.8,0.37,0.));
#1648 = LINE('',#1649,#1650);
#1649 = CARTESIAN_POINT('',(0.8,-0.4,0.));
#1650 = VECTOR('',#1651,1.);
#1651 = DIRECTION('',(0.,1.,0.));
#1652 = ORIENTED_EDGE('',*,*,#1653,.F.);
#1653 = EDGE_CURVE('',#1496,#1646,#1654,.T.);
#1654 = LINE('',#1655,#1656);
#1655 = CARTESIAN_POINT('',(0.5,0.37,0.));
#1656 = VECTOR('',#1657,1.);
#1657 = DIRECTION('',(1.,0.,0.));
#1658 = PLANE('',#1659);
#1659 = AXIS2_PLACEMENT_3D('',#1660,#1661,#1662);
#1660 = CARTESIAN_POINT('',(0.5,-0.4,0.));
#1661 = DIRECTION('',(0.,0.,1.));
#1662 = DIRECTION('',(1.,0.,-0.));
#1663 = ADVANCED_FACE('',(#1664),#1682,.T.);
#1664 = FACE_BOUND('',#1665,.T.);
#1665 = EDGE_LOOP('',(#1666,#1667,#1668,#1676));
#1666 = ORIENTED_EDGE('',*,*,#1529,.F.);
#1667 = ORIENTED_EDGE('',*,*,#1628,.T.);
#1668 = ORIENTED_EDGE('',*,*,#1669,.T.);
#1669 = EDGE_CURVE('',#1620,#1670,#1672,.T.);
#1670 = VERTEX_POINT('',#1671);
#1671 = CARTESIAN_POINT('',(0.8,0.37,0.8));
#1672 = LINE('',#1673,#1674);
#1673 = CARTESIAN_POINT('',(0.8,-0.4,0.8));
#1674 = VECTOR('',#1675,1.);
#1675 = DIRECTION('',(0.,1.,0.));
#1676 = ORIENTED_EDGE('',*,*,#1677,.F.);
#1677 = EDGE_CURVE('',#1521,#1670,#1678,.T.);
#1678 = LINE('',#1679,#1680);
#1679 = CARTESIAN_POINT('',(0.5,0.37,0.8));
#1680 = VECTOR('',#1681,1.);
#1681 = DIRECTION('',(1.,0.,0.));
#1682 = PLANE('',#1683);
#1683 = AXIS2_PLACEMENT_3D('',#1684,#1685,#1686);
#1684 = CARTESIAN_POINT('',(0.5,-0.4,0.8));
#1685 = DIRECTION('',(0.,0.,1.));
#1686 = DIRECTION('',(1.,0.,-0.));
#1687 = ADVANCED_FACE('',(#1688),#1707,.T.);
#1688 = FACE_BOUND('',#1689,.T.);
#1689 = EDGE_LOOP('',(#1690,#1698,#1705,#1706));
#1690 = ORIENTED_EDGE('',*,*,#1691,.T.);
#1691 = EDGE_CURVE('',#1504,#1692,#1694,.T.);
#1692 = VERTEX_POINT('',#1693);
#1693 = CARTESIAN_POINT('',(0.8,0.4,3.E-02));
#1694 = LINE('',#1695,#1696);
#1695 = CARTESIAN_POINT('',(0.5,0.4,3.E-02));
#1696 = VECTOR('',#1697,1.);
#1697 = DIRECTION('',(1.,0.,0.));
#1698 = ORIENTED_EDGE('',*,*,#1699,.T.);
#1699 = EDGE_CURVE('',#1692,#1646,#1700,.T.);
#1700 = CIRCLE('',#1701,3.E-02);
#1701 = AXIS2_PLACEMENT_3D('',#1702,#1703,#1704);
#1702 = CARTESIAN_POINT('',(0.8,0.37,3.E-02));
#1703 = DIRECTION('',(-1.,0.,0.));
#1704 = DIRECTION('',(0.,0.,1.));
#1705 = ORIENTED_EDGE('',*,*,#1653,.F.);
#1706 = ORIENTED_EDGE('',*,*,#1503,.F.);
#1707 = CYLINDRICAL_SURFACE('',#1708,3.E-02);
#1708 = AXIS2_PLACEMENT_3D('',#1709,#1710,#1711);
#1709 = CARTESIAN_POINT('',(0.5,0.37,3.E-02));
#1710 = DIRECTION('',(1.,0.,0.));
#1711 = DIRECTION('',(-0.,1.,0.));
#1712 = ADVANCED_FACE('',(#1713),#1732,.T.);
#1713 = FACE_BOUND('',#1714,.T.);
#1714 = EDGE_LOOP('',(#1715,#1716,#1717,#1726));
#1715 = ORIENTED_EDGE('',*,*,#1520,.T.);
#1716 = ORIENTED_EDGE('',*,*,#1677,.T.);
#1717 = ORIENTED_EDGE('',*,*,#1718,.F.);
#1718 = EDGE_CURVE('',#1719,#1670,#1721,.T.);
#1719 = VERTEX_POINT('',#1720);
#1720 = CARTESIAN_POINT('',(0.8,0.4,0.77));
#1721 = CIRCLE('',#1722,3.E-02);
#1722 = AXIS2_PLACEMENT_3D('',#1723,#1724,#1725);
#1723 = CARTESIAN_POINT('',(0.8,0.37,0.77));
#1724 = DIRECTION('',(1.,0.,-0.));
#1725 = DIRECTION('',(0.,0.,1.));
#1726 = ORIENTED_EDGE('',*,*,#1727,.F.);
#1727 = EDGE_CURVE('',#1513,#1719,#1728,.T.);
#1728 = LINE('',#1729,#1730);
#1729 = CARTESIAN_POINT('',(0.5,0.4,0.77));
#1730 = VECTOR('',#1731,1.);
#1731 = DIRECTION('',(1.,0.,0.));
#1732 = CYLINDRICAL_SURFACE('',#1733,3.E-02);
#1733 = AXIS2_PLACEMENT_3D('',#1734,#1735,#1736);
#1734 = CARTESIAN_POINT('',(0.5,0.37,0.77));
#1735 = DIRECTION('',(1.,0.,0.));
#1736 = DIRECTION('',(-0.,1.,0.));
#1737 = ADVANCED_FACE('',(#1738),#1749,.T.);
#1738 = FACE_BOUND('',#1739,.T.);
#1739 = EDGE_LOOP('',(#1740,#1746,#1747,#1748));
#1740 = ORIENTED_EDGE('',*,*,#1741,.F.);
#1741 = EDGE_CURVE('',#1692,#1719,#1742,.T.);
#1742 = LINE('',#1743,#1744);
#1743 = CARTESIAN_POINT('',(0.8,0.4,0.));
#1744 = VECTOR('',#1745,1.);
#1745 = DIRECTION('',(0.,0.,1.));
#1746 = ORIENTED_EDGE('',*,*,#1691,.F.);
#1747 = ORIENTED_EDGE('',*,*,#1512,.T.);
#1748 = ORIENTED_EDGE('',*,*,#1727,.T.);
#1749 = PLANE('',#1750);
#1750 = AXIS2_PLACEMENT_3D('',#1751,#1752,#1753);
#1751 = CARTESIAN_POINT('',(0.5,0.4,0.));
#1752 = DIRECTION('',(0.,1.,0.));
#1753 = DIRECTION('',(0.,-0.,1.));
#1754 = ADVANCED_FACE('',(#1755),#1765,.T.);
#1755 = FACE_BOUND('',#1756,.T.);
#1756 = EDGE_LOOP('',(#1757,#1758,#1759,#1760,#1761,#1762,#1763,#1764));
#1757 = ORIENTED_EDGE('',*,*,#1562,.F.);
#1758 = ORIENTED_EDGE('',*,*,#1602,.T.);
#1759 = ORIENTED_EDGE('',*,*,#1645,.T.);
#1760 = ORIENTED_EDGE('',*,*,#1699,.F.);
#1761 = ORIENTED_EDGE('',*,*,#1741,.T.);
#1762 = ORIENTED_EDGE('',*,*,#1718,.T.);
#1763 = ORIENTED_EDGE('',*,*,#1669,.F.);
#1764 = ORIENTED_EDGE('',*,*,#1619,.F.);
#1765 = PLANE('',#1766);
#1766 = AXIS2_PLACEMENT_3D('',#1767,#1768,#1769);
#1767 = CARTESIAN_POINT('',(0.8,-0.4,0.));
#1768 = DIRECTION('',(1.,0.,0.));
#1769 = DIRECTION('',(0.,0.,1.));
#1770 = ( GEOMETRIC_REPRESENTATION_CONTEXT(3) 
GLOBAL_UNCERTAINTY_ASSIGNED_CONTEXT((#1774)) 
GLOBAL_UNIT_ASSIGNED_CONTEXT((#1771,#1772,#1773)) REPRESENTATION_CONTEXT
('Context #1','3D Context with UNIT and UNCERTAINTY') );
#1771 = ( LENGTH_UNIT() NAMED_UNIT(*) SI_UNIT(.MILLI.,.METRE.) );
#1772 = ( NAMED_UNIT(*) PLANE_ANGLE_UNIT() SI_UNIT($,.RADIAN.) );
#1773 = ( NAMED_UNIT(*) SI_UNIT($,.STERADIAN.) SOLID_ANGLE_UNIT() );
#1774 = UNCERTAINTY_MEASURE_WITH_UNIT(LENGTH_MEASURE(1.E-07),#1771,
  'distance_accuracy_value','confusion accuracy');
#1775 = CONTEXT_DEPENDENT_SHAPE_REPRESENTATION(#1776,#1778);
#1776 = ( REPRESENTATION_RELATIONSHIP('','',#915,#892) 
REPRESENTATION_RELATIONSHIP_WITH_TRANSFORMATION(#1777) 
SHAPE_REPRESENTATION_RELATIONSHIP() );
#1777 = ITEM_DEFINED_TRANSFORMATION('','',#11,#893);
#1778 = PRODUCT_DEFINITION_SHAPE('Placement','Placement of an item',
  #1779);
#1779 = NEXT_ASSEMBLY_USAGE_OCCURRENCE('3','=>[0:1:1:5]','',#887,#910,$
  );
#1780 = PRODUCT_RELATED_PRODUCT_CATEGORY('part',$,(#912));
#1781 = CONTEXT_DEPENDENT_SHAPE_REPRESENTATION(#1782,#1784);
#1782 = ( REPRESENTATION_RELATIONSHIP('','',#892,#10) 
REPRESENTATION_RELATIONSHIP_WITH_TRANSFORMATION(#1783) 
SHAPE_REPRESENTATION_RELATIONSHIP() );
#1783 = ITEM_DEFINED_TRANSFORMATION('','',#11,#23);
#1784 = PRODUCT_DEFINITION_SHAPE('Placement','Placement of an item',
  #1785);
#1785 = NEXT_ASSEMBLY_USAGE_OCCURRENCE('5','C3','',#5,#887,$);
#1786 = SHAPE_DEFINITION_REPRESENTATION(#1787,#1793);
#1787 = PRODUCT_DEFINITION_SHAPE('','',#1788);
#1788 = PRODUCT_DEFINITION('design','',#1789,#1792);
#1789 = PRODUCT_DEFINITION_FORMATION('','',#1790);
#1790 = PRODUCT('LGA-14_3x2.5mm_P0.5mm_LayoutBorder3x4y',
  'LGA-14_3x2.5mm_P0.5mm_LayoutBorder3x4y','',(#1791));
#1791 = PRODUCT_CONTEXT('',#2,'mechanical');
#1792 = PRODUCT_DEFINITION_CONTEXT('part definition',#2,'design');
#1793 = SHAPE_REPRESENTATION('',(#11,#1794),#1798);
#1794 = AXIS2_PLACEMENT_3D('',#1795,#1796,#1797);
#1795 = CARTESIAN_POINT('',(0.,0.,0.));
#1796 = DIRECTION('',(0.,0.,1.));
#1797 = DIRECTION('',(1.,0.,-0.));
#1798 = ( GEOMETRIC_REPRESENTATION_CONTEXT(3) 
GLOBAL_UNCERTAINTY_ASSIGNED_CONTEXT((#1802)) 
GLOBAL_UNIT_ASSIGNED_CONTEXT((#1799,#1800,#1801)) REPRESENTATION_CONTEXT
('Context #1','3D Context with UNIT and UNCERTAINTY') );
#1799 = ( LENGTH_UNIT() NAMED_UNIT(*) SI_UNIT(.MILLI.,.METRE.) );
#1800 = ( NAMED_UNIT(*) PLANE_ANGLE_UNIT() SI_UNIT($,.RADIAN.) );
#1801 = ( NAMED_UNIT(*) SI_UNIT($,.STERADIAN.) SOLID_ANGLE_UNIT() );
#1802 = UNCERTAINTY_MEASURE_WITH_UNIT(LENGTH_MEASURE(1.E-07),#1799,
  'distance_accuracy_value','confusion accuracy');
#1803 = CONTEXT_DEPENDENT_SHAPE_REPRESENTATION(#1804,#1806);
#1804 = ( REPRESENTATION_RELATIONSHIP('','',#1793,#10) 
REPRESENTATION_RELATIONSHIP_WITH_TRANSFORMATION(#1805) 
SHAPE_REPRESENTATION_RELATIONSHIP() );
#1805 = ITEM_DEFINED_TRANSFORMATION('','',#11,#27);
#1806 = PRODUCT_DEFINITION_SHAPE('Placement','Placement of an item',
  #1807);
#1807 = NEXT_ASSEMBLY_USAGE_OCCURRENCE('7','U1','',#5,#1788,$);
#1808 = PRODUCT_RELATED_PRODUCT_CATEGORY('part',$,(#1790));
#1809 = SHAPE_DEFINITION_REPRESENTATION(#1810,#1816);
#1810 = PRODUCT_DEFINITION_SHAPE('','',#1811);
#1811 = PRODUCT_DEFINITION('design','',#1812,#1815);
#1812 = PRODUCT_DEFINITION_FORMATION('','',#1813);
#1813 = PRODUCT('LGA_14_3x25mm_P05mm_LayoutBorder3x4y',
  'LGA_14_3x25mm_P05mm_LayoutBorder3x4y','',(#1814));
#1814 = PRODUCT_CONTEXT('',#2,'mechanical');
#1815 = PRODUCT_DEFINITION_CONTEXT('part definition',#2,'design');
#1816 = ADVANCED_BREP_SHAPE_REPRESENTATION('',(#11,#1817),#4000);
#1817 = MANIFOLD_SOLID_BREP('',#1818);
#1818 = CLOSED_SHELL('',(#1819,#1859,#1890,#1914,#1938,#1955,#2443,#2474
    ,#2498,#2522,#2539,#2570,#2594,#2618,#2635,#2666,#2690,#2714,#2731,
    #2762,#2786,#2810,#2827,#2858,#2882,#2906,#2923,#2954,#2978,#3002,
    #3019,#3050,#3074,#3098,#3115,#3146,#3170,#3194,#3211,#3242,#3266,
    #3290,#3307,#3338,#3362,#3386,#3403,#3434,#3458,#3482,#3499,#3530,
    #3554,#3578,#3595,#3626,#3650,#3674,#3691,#3722,#3746,#3770,#3787,
    #3810,#3822,#3834,#3846,#3858,#3870,#3882,#3894,#3906,#3918,#3930,
    #3942,#3954,#3966,#3991));
#1819 = ADVANCED_FACE('',(#1820),#1854,.F.);
#1820 = FACE_BOUND('',#1821,.F.);
#1821 = EDGE_LOOP('',(#1822,#1832,#1840,#1848));
#1822 = ORIENTED_EDGE('',*,*,#1823,.T.);
#1823 = EDGE_CURVE('',#1824,#1826,#1828,.T.);
#1824 = VERTEX_POINT('',#1825);
#1825 = CARTESIAN_POINT('',(-0.6,1.15,0.));
#1826 = VERTEX_POINT('',#1827);
#1827 = CARTESIAN_POINT('',(-0.6,0.75,0.));
#1828 = LINE('',#1829,#1830);
#1829 = CARTESIAN_POINT('',(-0.6,1.15,0.));
#1830 = VECTOR('',#1831,1.);
#1831 = DIRECTION('',(-4.555315873023E-16,-1.,0.));
#1832 = ORIENTED_EDGE('',*,*,#1833,.T.);
#1833 = EDGE_CURVE('',#1826,#1834,#1836,.T.);
#1834 = VERTEX_POINT('',#1835);
#1835 = CARTESIAN_POINT('',(-0.4,0.75,0.));
#1836 = LINE('',#1837,#1838);
#1837 = CARTESIAN_POINT('',(-0.6,0.75,0.));
#1838 = VECTOR('',#1839,1.);
#1839 = DIRECTION('',(1.,-4.555315873023E-16,0.));
#1840 = ORIENTED_EDGE('',*,*,#1841,.T.);
#1841 = EDGE_CURVE('',#1834,#1842,#1844,.T.);
#1842 = VERTEX_POINT('',#1843);
#1843 = CARTESIAN_POINT('',(-0.4,1.15,0.));
#1844 = LINE('',#1845,#1846);
#1845 = CARTESIAN_POINT('',(-0.4,0.75,0.));
#1846 = VECTOR('',#1847,1.);
#1847 = DIRECTION('',(4.555315873023E-16,1.,0.));
#1848 = ORIENTED_EDGE('',*,*,#1849,.T.);
#1849 = EDGE_CURVE('',#1842,#1824,#1850,.T.);
#1850 = LINE('',#1851,#1852);
#1851 = CARTESIAN_POINT('',(-0.4,1.15,0.));
#1852 = VECTOR('',#1853,1.);
#1853 = DIRECTION('',(-1.,4.555315873023E-16,0.));
#1854 = PLANE('',#1855);
#1855 = AXIS2_PLACEMENT_3D('',#1856,#1857,#1858);
#1856 = CARTESIAN_POINT('',(-0.5,0.95,0.));
#1857 = DIRECTION('',(0.,0.,1.));
#1858 = DIRECTION('',(-1.,4.555315873023E-16,0.));
#1859 = ADVANCED_FACE('',(#1860),#1885,.F.);
#1860 = FACE_BOUND('',#1861,.F.);
#1861 = EDGE_LOOP('',(#1862,#1863,#1871,#1879));
#1862 = ORIENTED_EDGE('',*,*,#1823,.F.);
#1863 = ORIENTED_EDGE('',*,*,#1864,.T.);
#1864 = EDGE_CURVE('',#1824,#1865,#1867,.T.);
#1865 = VERTEX_POINT('',#1866);
#1866 = CARTESIAN_POINT('',(-0.6,1.15,3.E-02));
#1867 = LINE('',#1868,#1869);
#1868 = CARTESIAN_POINT('',(-0.6,1.15,0.));
#1869 = VECTOR('',#1870,1.);
#1870 = DIRECTION('',(0.,0.,1.));
#1871 = ORIENTED_EDGE('',*,*,#1872,.F.);
#1872 = EDGE_CURVE('',#1873,#1865,#1875,.T.);
#1873 = VERTEX_POINT('',#1874);
#1874 = CARTESIAN_POINT('',(-0.6,0.75,3.E-02));
#1875 = LINE('',#1876,#1877);
#1876 = CARTESIAN_POINT('',(-0.6,1.2,3.E-02));
#1877 = VECTOR('',#1878,1.);
#1878 = DIRECTION('',(4.555315873023E-16,1.,0.));
#1879 = ORIENTED_EDGE('',*,*,#1880,.F.);
#1880 = EDGE_CURVE('',#1826,#1873,#1881,.T.);
#1881 = LINE('',#1882,#1883);
#1882 = CARTESIAN_POINT('',(-0.6,0.75,0.));
#1883 = VECTOR('',#1884,1.);
#1884 = DIRECTION('',(0.,0.,1.));
#1885 = PLANE('',#1886);
#1886 = AXIS2_PLACEMENT_3D('',#1887,#1888,#1889);
#1887 = CARTESIAN_POINT('',(-0.6,1.15,0.));
#1888 = DIRECTION('',(1.,-4.555315873023E-16,0.));
#1889 = DIRECTION('',(-4.555315873023E-16,-1.,0.));
#1890 = ADVANCED_FACE('',(#1891),#1909,.F.);
#1891 = FACE_BOUND('',#1892,.F.);
#1892 = EDGE_LOOP('',(#1893,#1894,#1895,#1903));
#1893 = ORIENTED_EDGE('',*,*,#1833,.F.);
#1894 = ORIENTED_EDGE('',*,*,#1880,.T.);
#1895 = ORIENTED_EDGE('',*,*,#1896,.F.);
#1896 = EDGE_CURVE('',#1897,#1873,#1899,.T.);
#1897 = VERTEX_POINT('',#1898);
#1898 = CARTESIAN_POINT('',(-0.4,0.75,3.E-02));
#1899 = LINE('',#1900,#1901);
#1900 = CARTESIAN_POINT('',(-1.05,0.75,3.E-02));
#1901 = VECTOR('',#1902,1.);
#1902 = DIRECTION('',(-1.,4.555315873023E-16,0.));
#1903 = ORIENTED_EDGE('',*,*,#1904,.F.);
#1904 = EDGE_CURVE('',#1834,#1897,#1905,.T.);
#1905 = LINE('',#1906,#1907);
#1906 = CARTESIAN_POINT('',(-0.4,0.75,0.));
#1907 = VECTOR('',#1908,1.);
#1908 = DIRECTION('',(0.,0.,1.));
#1909 = PLANE('',#1910);
#1910 = AXIS2_PLACEMENT_3D('',#1911,#1912,#1913);
#1911 = CARTESIAN_POINT('',(-0.6,0.75,0.));
#1912 = DIRECTION('',(4.555315873023E-16,1.,0.));
#1913 = DIRECTION('',(1.,-4.555315873023E-16,0.));
#1914 = ADVANCED_FACE('',(#1915),#1933,.F.);
#1915 = FACE_BOUND('',#1916,.F.);
#1916 = EDGE_LOOP('',(#1917,#1918,#1919,#1927));
#1917 = ORIENTED_EDGE('',*,*,#1841,.F.);
#1918 = ORIENTED_EDGE('',*,*,#1904,.T.);
#1919 = ORIENTED_EDGE('',*,*,#1920,.F.);
#1920 = EDGE_CURVE('',#1921,#1897,#1923,.T.);
#1921 = VERTEX_POINT('',#1922);
#1922 = CARTESIAN_POINT('',(-0.4,1.15,3.E-02));
#1923 = LINE('',#1924,#1925);
#1924 = CARTESIAN_POINT('',(-0.4,1.,3.E-02));
#1925 = VECTOR('',#1926,1.);
#1926 = DIRECTION('',(-4.555315873023E-16,-1.,0.));
#1927 = ORIENTED_EDGE('',*,*,#1928,.F.);
#1928 = EDGE_CURVE('',#1842,#1921,#1929,.T.);
#1929 = LINE('',#1930,#1931);
#1930 = CARTESIAN_POINT('',(-0.4,1.15,0.));
#1931 = VECTOR('',#1932,1.);
#1932 = DIRECTION('',(0.,0.,1.));
#1933 = PLANE('',#1934);
#1934 = AXIS2_PLACEMENT_3D('',#1935,#1936,#1937);
#1935 = CARTESIAN_POINT('',(-0.4,0.75,0.));
#1936 = DIRECTION('',(-1.,4.555315873023E-16,0.));
#1937 = DIRECTION('',(4.555315873023E-16,1.,0.));
#1938 = ADVANCED_FACE('',(#1939),#1950,.F.);
#1939 = FACE_BOUND('',#1940,.F.);
#1940 = EDGE_LOOP('',(#1941,#1942,#1943,#1949));
#1941 = ORIENTED_EDGE('',*,*,#1849,.F.);
#1942 = ORIENTED_EDGE('',*,*,#1928,.T.);
#1943 = ORIENTED_EDGE('',*,*,#1944,.F.);
#1944 = EDGE_CURVE('',#1865,#1921,#1945,.T.);
#1945 = LINE('',#1946,#1947);
#1946 = CARTESIAN_POINT('',(-0.95,1.15,3.E-02));
#1947 = VECTOR('',#1948,1.);
#1948 = DIRECTION('',(1.,-4.555315873023E-16,0.));
#1949 = ORIENTED_EDGE('',*,*,#1864,.F.);
#1950 = PLANE('',#1951);
#1951 = AXIS2_PLACEMENT_3D('',#1952,#1953,#1954);
#1952 = CARTESIAN_POINT('',(-0.4,1.15,0.));
#1953 = DIRECTION('',(-4.555315873023E-16,-1.,0.));
#1954 = DIRECTION('',(-1.,4.555315873023E-16,0.));
#1955 = ADVANCED_FACE('',(#1956,#1990,#2024,#2058,#2092,#2126,#2160,
    #2194,#2228,#2262,#2296,#2330,#2336,#2370,#2404),#2438,.F.);
#1956 = FACE_BOUND('',#1957,.F.);
#1957 = EDGE_LOOP('',(#1958,#1968,#1976,#1984));
#1958 = ORIENTED_EDGE('',*,*,#1959,.F.);
#1959 = EDGE_CURVE('',#1960,#1962,#1964,.T.);
#1960 = VERTEX_POINT('',#1961);
#1961 = CARTESIAN_POINT('',(-1.5,1.25,3.E-02));
#1962 = VERTEX_POINT('',#1963);
#1963 = CARTESIAN_POINT('',(1.5,1.25,3.E-02));
#1964 = LINE('',#1965,#1966);
#1965 = CARTESIAN_POINT('',(-1.5,1.25,3.E-02));
#1966 = VECTOR('',#1967,1.);
#1967 = DIRECTION('',(1.,-2.22044604925E-16,0.));
#1968 = ORIENTED_EDGE('',*,*,#1969,.T.);
#1969 = EDGE_CURVE('',#1960,#1970,#1972,.T.);
#1970 = VERTEX_POINT('',#1971);
#1971 = CARTESIAN_POINT('',(-1.5,-1.25,3.E-02));
#1972 = LINE('',#1973,#1974);
#1973 = CARTESIAN_POINT('',(-1.5,1.25,3.E-02));
#1974 = VECTOR('',#1975,1.);
#1975 = DIRECTION('',(-2.22044604925E-16,-1.,0.));
#1976 = ORIENTED_EDGE('',*,*,#1977,.T.);
#1977 = EDGE_CURVE('',#1970,#1978,#1980,.T.);
#1978 = VERTEX_POINT('',#1979);
#1979 = CARTESIAN_POINT('',(1.5,-1.25,3.E-02));
#1980 = LINE('',#1981,#1982);
#1981 = CARTESIAN_POINT('',(-1.5,-1.25,3.E-02));
#1982 = VECTOR('',#1983,1.);
#1983 = DIRECTION('',(1.,-2.22044604925E-16,0.));
#1984 = ORIENTED_EDGE('',*,*,#1985,.F.);
#1985 = EDGE_CURVE('',#1962,#1978,#1986,.T.);
#1986 = LINE('',#1987,#1988);
#1987 = CARTESIAN_POINT('',(1.5,1.25,3.E-02));
#1988 = VECTOR('',#1989,1.);
#1989 = DIRECTION('',(-2.22044604925E-16,-1.,0.));
#1990 = FACE_BOUND('',#1991,.F.);
#1991 = EDGE_LOOP('',(#1992,#2002,#2010,#2018));
#1992 = ORIENTED_EDGE('',*,*,#1993,.T.);
#1993 = EDGE_CURVE('',#1994,#1996,#1998,.T.);
#1994 = VERTEX_POINT('',#1995);
#1995 = CARTESIAN_POINT('',(-1.4,-0.65,3.E-02));
#1996 = VERTEX_POINT('',#1997);
#1997 = CARTESIAN_POINT('',(-1.,-0.65,3.E-02));
#1998 = LINE('',#1999,#2000);
#1999 = CARTESIAN_POINT('',(-1.25,-0.65,3.E-02));
#2000 = VECTOR('',#2001,1.);
#2001 = DIRECTION('',(1.,-4.669739647545E-16,0.));
#2002 = ORIENTED_EDGE('',*,*,#2003,.T.);
#2003 = EDGE_CURVE('',#1996,#2004,#2006,.T.);
#2004 = VERTEX_POINT('',#2005);
#2005 = CARTESIAN_POINT('',(-1.,-0.85,3.E-02));
#2006 = LINE('',#2007,#2008);
#2007 = CARTESIAN_POINT('',(-1.,0.2,3.E-02));
#2008 = VECTOR('',#2009,1.);
#2009 = DIRECTION('',(-4.669739647545E-16,-1.,0.));
#2010 = ORIENTED_EDGE('',*,*,#2011,.T.);
#2011 = EDGE_CURVE('',#2004,#2012,#2014,.T.);
#2012 = VERTEX_POINT('',#2013);
#2013 = CARTESIAN_POINT('',(-1.4,-0.85,3.E-02));
#2014 = LINE('',#2015,#2016);
#2015 = CARTESIAN_POINT('',(-1.45,-0.85,3.E-02));
#2016 = VECTOR('',#2017,1.);
#2017 = DIRECTION('',(-1.,4.669739647545E-16,0.));
#2018 = ORIENTED_EDGE('',*,*,#2019,.T.);
#2019 = EDGE_CURVE('',#2012,#1994,#2020,.T.);
#2020 = LINE('',#2021,#2022);
#2021 = CARTESIAN_POINT('',(-1.4,0.3,3.E-02));
#2022 = VECTOR('',#2023,1.);
#2023 = DIRECTION('',(4.669739647545E-16,1.,0.));
#2024 = FACE_BOUND('',#2025,.F.);
#2025 = EDGE_LOOP('',(#2026,#2036,#2044,#2052));
#2026 = ORIENTED_EDGE('',*,*,#2027,.T.);
#2027 = EDGE_CURVE('',#2028,#2030,#2032,.T.);
#2028 = VERTEX_POINT('',#2029);
#2029 = CARTESIAN_POINT('',(-0.1,-0.75,3.E-02));
#2030 = VERTEX_POINT('',#2031);
#2031 = CARTESIAN_POINT('',(0.1,-0.75,3.E-02));
#2032 = LINE('',#2033,#2034);
#2033 = CARTESIAN_POINT('',(-0.7,-0.75,3.E-02));
#2034 = VECTOR('',#2035,1.);
#2035 = DIRECTION('',(1.,-5.665538897648E-16,0.));
#2036 = ORIENTED_EDGE('',*,*,#2037,.T.);
#2037 = EDGE_CURVE('',#2030,#2038,#2040,.T.);
#2038 = VERTEX_POINT('',#2039);
#2039 = CARTESIAN_POINT('',(0.1,-1.15,3.E-02));
#2040 = LINE('',#2041,#2042);
#2041 = CARTESIAN_POINT('',(0.1,5.E-02,3.E-02));
#2042 = VECTOR('',#2043,1.);
#2043 = DIRECTION('',(-5.665538897648E-16,-1.,0.));
#2044 = ORIENTED_EDGE('',*,*,#2045,.T.);
#2045 = EDGE_CURVE('',#2038,#2046,#2048,.T.);
#2046 = VERTEX_POINT('',#2047);
#2047 = CARTESIAN_POINT('',(-0.1,-1.15,3.E-02));
#2048 = LINE('',#2049,#2050);
#2049 = CARTESIAN_POINT('',(-0.8,-1.15,3.E-02));
#2050 = VECTOR('',#2051,1.);
#2051 = DIRECTION('',(-1.,5.665538897648E-16,0.));
#2052 = ORIENTED_EDGE('',*,*,#2053,.T.);
#2053 = EDGE_CURVE('',#2046,#2028,#2054,.T.);
#2054 = LINE('',#2055,#2056);
#2055 = CARTESIAN_POINT('',(-0.1,0.25,3.E-02));
#2056 = VECTOR('',#2057,1.);
#2057 = DIRECTION('',(5.665538897648E-16,1.,0.));
#2058 = FACE_BOUND('',#2059,.F.);
#2059 = EDGE_LOOP('',(#2060,#2070,#2078,#2086));
#2060 = ORIENTED_EDGE('',*,*,#2061,.T.);
#2061 = EDGE_CURVE('',#2062,#2064,#2066,.T.);
#2062 = VERTEX_POINT('',#2063);
#2063 = CARTESIAN_POINT('',(-0.6,-0.75,3.E-02));
#2064 = VERTEX_POINT('',#2065);
#2065 = CARTESIAN_POINT('',(-0.4,-0.75,3.E-02));
#2066 = LINE('',#2067,#2068);
#2067 = CARTESIAN_POINT('',(-0.95,-0.75,3.E-02));
#2068 = VECTOR('',#2069,1.);
#2069 = DIRECTION('',(1.,-5.665538897648E-16,0.));
#2070 = ORIENTED_EDGE('',*,*,#2071,.T.);
#2071 = EDGE_CURVE('',#2064,#2072,#2074,.T.);
#2072 = VERTEX_POINT('',#2073);
#2073 = CARTESIAN_POINT('',(-0.4,-1.15,3.E-02));
#2074 = LINE('',#2075,#2076);
#2075 = CARTESIAN_POINT('',(-0.4,5.E-02,3.E-02));
#2076 = VECTOR('',#2077,1.);
#2077 = DIRECTION('',(-5.665538897648E-16,-1.,0.));
#2078 = ORIENTED_EDGE('',*,*,#2079,.T.);
#2079 = EDGE_CURVE('',#2072,#2080,#2082,.T.);
#2080 = VERTEX_POINT('',#2081);
#2081 = CARTESIAN_POINT('',(-0.6,-1.15,3.E-02));
#2082 = LINE('',#2083,#2084);
#2083 = CARTESIAN_POINT('',(-1.05,-1.15,3.E-02));
#2084 = VECTOR('',#2085,1.);
#2085 = DIRECTION('',(-1.,5.665538897648E-16,0.));
#2086 = ORIENTED_EDGE('',*,*,#2087,.T.);
#2087 = EDGE_CURVE('',#2080,#2062,#2088,.T.);
#2088 = LINE('',#2089,#2090);
#2089 = CARTESIAN_POINT('',(-0.6,0.25,3.E-02));
#2090 = VECTOR('',#2091,1.);
#2091 = DIRECTION('',(5.665538897648E-16,1.,0.));
#2092 = FACE_BOUND('',#2093,.F.);
#2093 = EDGE_LOOP('',(#2094,#2104,#2112,#2120));
#2094 = ORIENTED_EDGE('',*,*,#2095,.T.);
#2095 = EDGE_CURVE('',#2096,#2098,#2100,.T.);
#2096 = VERTEX_POINT('',#2097);
#2097 = CARTESIAN_POINT('',(1.,-0.85,3.E-02));
#2098 = VERTEX_POINT('',#2099);
#2099 = CARTESIAN_POINT('',(1.,-0.65,3.E-02));
#2100 = LINE('',#2101,#2102);
#2101 = CARTESIAN_POINT('',(1.,0.3,3.E-02));
#2102 = VECTOR('',#2103,1.);
#2103 = DIRECTION('',(3.445092848398E-16,1.,0.));
#2104 = ORIENTED_EDGE('',*,*,#2105,.T.);
#2105 = EDGE_CURVE('',#2098,#2106,#2108,.T.);
#2106 = VERTEX_POINT('',#2107);
#2107 = CARTESIAN_POINT('',(1.4,-0.65,3.E-02));
#2108 = LINE('',#2109,#2110);
#2109 = CARTESIAN_POINT('',(-5.E-02,-0.65,3.E-02));
#2110 = VECTOR('',#2111,1.);
#2111 = DIRECTION('',(1.,-3.445092848398E-16,0.));
#2112 = ORIENTED_EDGE('',*,*,#2113,.T.);
#2113 = EDGE_CURVE('',#2106,#2114,#2116,.T.);
#2114 = VERTEX_POINT('',#2115);
#2115 = CARTESIAN_POINT('',(1.4,-0.85,3.E-02));
#2116 = LINE('',#2117,#2118);
#2117 = CARTESIAN_POINT('',(1.4,0.2,3.E-02));
#2118 = VECTOR('',#2119,1.);
#2119 = DIRECTION('',(-3.445092848398E-16,-1.,0.));
#2120 = ORIENTED_EDGE('',*,*,#2121,.T.);
#2121 = EDGE_CURVE('',#2114,#2096,#2122,.T.);
#2122 = LINE('',#2123,#2124);
#2123 = CARTESIAN_POINT('',(-0.25,-0.85,3.E-02));
#2124 = VECTOR('',#2125,1.);
#2125 = DIRECTION('',(-1.,3.445092848398E-16,0.));
#2126 = FACE_BOUND('',#2127,.F.);
#2127 = EDGE_LOOP('',(#2128,#2138,#2146,#2154));
#2128 = ORIENTED_EDGE('',*,*,#2129,.T.);
#2129 = EDGE_CURVE('',#2130,#2132,#2134,.T.);
#2130 = VERTEX_POINT('',#2131);
#2131 = CARTESIAN_POINT('',(0.4,-0.75,3.E-02));
#2132 = VERTEX_POINT('',#2133);
#2133 = CARTESIAN_POINT('',(0.6,-0.75,3.E-02));
#2134 = LINE('',#2135,#2136);
#2135 = CARTESIAN_POINT('',(-0.45,-0.75,3.E-02));
#2136 = VECTOR('',#2137,1.);
#2137 = DIRECTION('',(1.,-5.665538897648E-16,0.));
#2138 = ORIENTED_EDGE('',*,*,#2139,.T.);
#2139 = EDGE_CURVE('',#2132,#2140,#2142,.T.);
#2140 = VERTEX_POINT('',#2141);
#2141 = CARTESIAN_POINT('',(0.6,-1.15,3.E-02));
#2142 = LINE('',#2143,#2144);
#2143 = CARTESIAN_POINT('',(0.6,5.E-02,3.E-02));
#2144 = VECTOR('',#2145,1.);
#2145 = DIRECTION('',(-5.665538897648E-16,-1.,0.));
#2146 = ORIENTED_EDGE('',*,*,#2147,.T.);
#2147 = EDGE_CURVE('',#2140,#2148,#2150,.T.);
#2148 = VERTEX_POINT('',#2149);
#2149 = CARTESIAN_POINT('',(0.4,-1.15,3.E-02));
#2150 = LINE('',#2151,#2152);
#2151 = CARTESIAN_POINT('',(-0.55,-1.15,3.E-02));
#2152 = VECTOR('',#2153,1.);
#2153 = DIRECTION('',(-1.,5.665538897648E-16,0.));
#2154 = ORIENTED_EDGE('',*,*,#2155,.T.);
#2155 = EDGE_CURVE('',#2148,#2130,#2156,.T.);
#2156 = LINE('',#2157,#2158);
#2157 = CARTESIAN_POINT('',(0.4,0.25,3.E-02));
#2158 = VECTOR('',#2159,1.);
#2159 = DIRECTION('',(5.665538897648E-16,1.,0.));
#2160 = FACE_BOUND('',#2161,.F.);
#2161 = EDGE_LOOP('',(#2162,#2172,#2180,#2188));
#2162 = ORIENTED_EDGE('',*,*,#2163,.T.);
#2163 = EDGE_CURVE('',#2164,#2166,#2168,.T.);
#2164 = VERTEX_POINT('',#2165);
#2165 = CARTESIAN_POINT('',(-1.,0.35,3.E-02));
#2166 = VERTEX_POINT('',#2167);
#2167 = CARTESIAN_POINT('',(-1.,0.15,3.E-02));
#2168 = LINE('',#2169,#2170);
#2169 = CARTESIAN_POINT('',(-1.,0.7,3.E-02));
#2170 = VECTOR('',#2171,1.);
#2171 = DIRECTION('',(-4.669739647545E-16,-1.,0.));
#2172 = ORIENTED_EDGE('',*,*,#2173,.T.);
#2173 = EDGE_CURVE('',#2166,#2174,#2176,.T.);
#2174 = VERTEX_POINT('',#2175);
#2175 = CARTESIAN_POINT('',(-1.4,0.15,3.E-02));
#2176 = LINE('',#2177,#2178);
#2177 = CARTESIAN_POINT('',(-1.45,0.15,3.E-02));
#2178 = VECTOR('',#2179,1.);
#2179 = DIRECTION('',(-1.,4.669739647545E-16,0.));
#2180 = ORIENTED_EDGE('',*,*,#2181,.T.);
#2181 = EDGE_CURVE('',#2174,#2182,#2184,.T.);
#2182 = VERTEX_POINT('',#2183);
#2183 = CARTESIAN_POINT('',(-1.4,0.35,3.E-02));
#2184 = LINE('',#2185,#2186);
#2185 = CARTESIAN_POINT('',(-1.4,0.8,3.E-02));
#2186 = VECTOR('',#2187,1.);
#2187 = DIRECTION('',(4.669739647545E-16,1.,0.));
#2188 = ORIENTED_EDGE('',*,*,#2189,.T.);
#2189 = EDGE_CURVE('',#2182,#2164,#2190,.T.);
#2190 = LINE('',#2191,#2192);
#2191 = CARTESIAN_POINT('',(-1.25,0.35,3.E-02));
#2192 = VECTOR('',#2193,1.);
#2193 = DIRECTION('',(1.,-4.669739647545E-16,0.));
#2194 = FACE_BOUND('',#2195,.F.);
#2195 = EDGE_LOOP('',(#2196,#2206,#2214,#2222));
#2196 = ORIENTED_EDGE('',*,*,#2197,.T.);
#2197 = EDGE_CURVE('',#2198,#2200,#2202,.T.);
#2198 = VERTEX_POINT('',#2199);
#2199 = CARTESIAN_POINT('',(-1.,-0.15,3.E-02));
#2200 = VERTEX_POINT('',#2201);
#2201 = CARTESIAN_POINT('',(-1.,-0.35,3.E-02));
#2202 = LINE('',#2203,#2204);
#2203 = CARTESIAN_POINT('',(-1.,0.45,3.E-02));
#2204 = VECTOR('',#2205,1.);
#2205 = DIRECTION('',(-4.669739647545E-16,-1.,0.));
#2206 = ORIENTED_EDGE('',*,*,#2207,.T.);
#2207 = EDGE_CURVE('',#2200,#2208,#2210,.T.);
#2208 = VERTEX_POINT('',#2209);
#2209 = CARTESIAN_POINT('',(-1.4,-0.35,3.E-02));
#2210 = LINE('',#2211,#2212);
#2211 = CARTESIAN_POINT('',(-1.45,-0.35,3.E-02));
#2212 = VECTOR('',#2213,1.);
#2213 = DIRECTION('',(-1.,4.669739647545E-16,0.));
#2214 = ORIENTED_EDGE('',*,*,#2215,.T.);
#2215 = EDGE_CURVE('',#2208,#2216,#2218,.T.);
#2216 = VERTEX_POINT('',#2217);
#2217 = CARTESIAN_POINT('',(-1.4,-0.15,3.E-02));
#2218 = LINE('',#2219,#2220);
#2219 = CARTESIAN_POINT('',(-1.4,0.55,3.E-02));
#2220 = VECTOR('',#2221,1.);
#2221 = DIRECTION('',(4.669739647545E-16,1.,0.));
#2222 = ORIENTED_EDGE('',*,*,#2223,.T.);
#2223 = EDGE_CURVE('',#2216,#2198,#2224,.T.);
#2224 = LINE('',#2225,#2226);
#2225 = CARTESIAN_POINT('',(-1.25,-0.15,3.E-02));
#2226 = VECTOR('',#2227,1.);
#2227 = DIRECTION('',(1.,-4.669739647545E-16,0.));
#2228 = FACE_BOUND('',#2229,.F.);
#2229 = EDGE_LOOP('',(#2230,#2240,#2248,#2256));
#2230 = ORIENTED_EDGE('',*,*,#2231,.T.);
#2231 = EDGE_CURVE('',#2232,#2234,#2236,.T.);
#2232 = VERTEX_POINT('',#2233);
#2233 = CARTESIAN_POINT('',(1.,-0.15,3.E-02));
#2234 = VERTEX_POINT('',#2235);
#2235 = CARTESIAN_POINT('',(1.4,-0.15,3.E-02));
#2236 = LINE('',#2237,#2238);
#2237 = CARTESIAN_POINT('',(-5.E-02,-0.15,3.E-02));
#2238 = VECTOR('',#2239,1.);
#2239 = DIRECTION('',(1.,-3.445092848398E-16,0.));
#2240 = ORIENTED_EDGE('',*,*,#2241,.T.);
#2241 = EDGE_CURVE('',#2234,#2242,#2244,.T.);
#2242 = VERTEX_POINT('',#2243);
#2243 = CARTESIAN_POINT('',(1.4,-0.35,3.E-02));
#2244 = LINE('',#2245,#2246);
#2245 = CARTESIAN_POINT('',(1.4,0.45,3.E-02));
#2246 = VECTOR('',#2247,1.);
#2247 = DIRECTION('',(-3.445092848398E-16,-1.,0.));
#2248 = ORIENTED_EDGE('',*,*,#2249,.T.);
#2249 = EDGE_CURVE('',#2242,#2250,#2252,.T.);
#2250 = VERTEX_POINT('',#2251);
#2251 = CARTESIAN_POINT('',(1.,-0.35,3.E-02));
#2252 = LINE('',#2253,#2254);
#2253 = CARTESIAN_POINT('',(-0.25,-0.35,3.E-02));
#2254 = VECTOR('',#2255,1.);
#2255 = DIRECTION('',(-1.,3.445092848398E-16,0.));
#2256 = ORIENTED_EDGE('',*,*,#2257,.T.);
#2257 = EDGE_CURVE('',#2250,#2232,#2258,.T.);
#2258 = LINE('',#2259,#2260);
#2259 = CARTESIAN_POINT('',(1.,0.55,3.E-02));
#2260 = VECTOR('',#2261,1.);
#2261 = DIRECTION('',(3.445092848398E-16,1.,0.));
#2262 = FACE_BOUND('',#2263,.F.);
#2263 = EDGE_LOOP('',(#2264,#2274,#2282,#2290));
#2264 = ORIENTED_EDGE('',*,*,#2265,.T.);
#2265 = EDGE_CURVE('',#2266,#2268,#2270,.T.);
#2266 = VERTEX_POINT('',#2267);
#2267 = CARTESIAN_POINT('',(1.4,0.15,3.E-02));
#2268 = VERTEX_POINT('',#2269);
#2269 = CARTESIAN_POINT('',(1.,0.15,3.E-02));
#2270 = LINE('',#2271,#2272);
#2271 = CARTESIAN_POINT('',(-0.25,0.15,3.E-02));
#2272 = VECTOR('',#2273,1.);
#2273 = DIRECTION('',(-1.,3.445092848398E-16,0.));
#2274 = ORIENTED_EDGE('',*,*,#2275,.T.);
#2275 = EDGE_CURVE('',#2268,#2276,#2278,.T.);
#2276 = VERTEX_POINT('',#2277);
#2277 = CARTESIAN_POINT('',(1.,0.35,3.E-02));
#2278 = LINE('',#2279,#2280);
#2279 = CARTESIAN_POINT('',(1.,0.8,3.E-02));
#2280 = VECTOR('',#2281,1.);
#2281 = DIRECTION('',(3.445092848398E-16,1.,0.));
#2282 = ORIENTED_EDGE('',*,*,#2283,.T.);
#2283 = EDGE_CURVE('',#2276,#2284,#2286,.T.);
#2284 = VERTEX_POINT('',#2285);
#2285 = CARTESIAN_POINT('',(1.4,0.35,3.E-02));
#2286 = LINE('',#2287,#2288);
#2287 = CARTESIAN_POINT('',(-5.E-02,0.35,3.E-02));
#2288 = VECTOR('',#2289,1.);
#2289 = DIRECTION('',(1.,-3.445092848398E-16,0.));
#2290 = ORIENTED_EDGE('',*,*,#2291,.T.);
#2291 = EDGE_CURVE('',#2284,#2266,#2292,.T.);
#2292 = LINE('',#2293,#2294);
#2293 = CARTESIAN_POINT('',(1.4,0.7,3.E-02));
#2294 = VECTOR('',#2295,1.);
#2295 = DIRECTION('',(-3.445092848398E-16,-1.,0.));
#2296 = FACE_BOUND('',#2297,.F.);
#2297 = EDGE_LOOP('',(#2298,#2308,#2316,#2324));
#2298 = ORIENTED_EDGE('',*,*,#2299,.T.);
#2299 = EDGE_CURVE('',#2300,#2302,#2304,.T.);
#2300 = VERTEX_POINT('',#2301);
#2301 = CARTESIAN_POINT('',(0.4,1.15,3.E-02));
#2302 = VERTEX_POINT('',#2303);
#2303 = CARTESIAN_POINT('',(0.6,1.15,3.E-02));
#2304 = LINE('',#2305,#2306);
#2305 = CARTESIAN_POINT('',(-0.45,1.15,3.E-02));
#2306 = VECTOR('',#2307,1.);
#2307 = DIRECTION('',(1.,-4.555315873023E-16,0.));
#2308 = ORIENTED_EDGE('',*,*,#2309,.T.);
#2309 = EDGE_CURVE('',#2302,#2310,#2312,.T.);
#2310 = VERTEX_POINT('',#2311);
#2311 = CARTESIAN_POINT('',(0.6,0.75,3.E-02));
#2312 = LINE('',#2313,#2314);
#2313 = CARTESIAN_POINT('',(0.6,1.,3.E-02));
#2314 = VECTOR('',#2315,1.);
#2315 = DIRECTION('',(-4.555315873023E-16,-1.,0.));
#2316 = ORIENTED_EDGE('',*,*,#2317,.T.);
#2317 = EDGE_CURVE('',#2310,#2318,#2320,.T.);
#2318 = VERTEX_POINT('',#2319);
#2319 = CARTESIAN_POINT('',(0.4,0.75,3.E-02));
#2320 = LINE('',#2321,#2322);
#2321 = CARTESIAN_POINT('',(-0.55,0.75,3.E-02));
#2322 = VECTOR('',#2323,1.);
#2323 = DIRECTION('',(-1.,4.555315873023E-16,0.));
#2324 = ORIENTED_EDGE('',*,*,#2325,.T.);
#2325 = EDGE_CURVE('',#2318,#2300,#2326,.T.);
#2326 = LINE('',#2327,#2328);
#2327 = CARTESIAN_POINT('',(0.4,1.2,3.E-02));
#2328 = VECTOR('',#2329,1.);
#2329 = DIRECTION('',(4.555315873023E-16,1.,0.));
#2330 = FACE_BOUND('',#2331,.F.);
#2331 = EDGE_LOOP('',(#2332,#2333,#2334,#2335));
#2332 = ORIENTED_EDGE('',*,*,#1872,.T.);
#2333 = ORIENTED_EDGE('',*,*,#1944,.T.);
#2334 = ORIENTED_EDGE('',*,*,#1920,.T.);
#2335 = ORIENTED_EDGE('',*,*,#1896,.T.);
#2336 = FACE_BOUND('',#2337,.F.);
#2337 = EDGE_LOOP('',(#2338,#2348,#2356,#2364));
#2338 = ORIENTED_EDGE('',*,*,#2339,.T.);
#2339 = EDGE_CURVE('',#2340,#2342,#2344,.T.);
#2340 = VERTEX_POINT('',#2341);
#2341 = CARTESIAN_POINT('',(-0.1,1.15,3.E-02));
#2342 = VERTEX_POINT('',#2343);
#2343 = CARTESIAN_POINT('',(0.1,1.15,3.E-02));
#2344 = LINE('',#2345,#2346);
#2345 = CARTESIAN_POINT('',(-0.7,1.15,3.E-02));
#2346 = VECTOR('',#2347,1.);
#2347 = DIRECTION('',(1.,-4.555315873023E-16,0.));
#2348 = ORIENTED_EDGE('',*,*,#2349,.T.);
#2349 = EDGE_CURVE('',#2342,#2350,#2352,.T.);
#2350 = VERTEX_POINT('',#2351);
#2351 = CARTESIAN_POINT('',(0.1,0.75,3.E-02));
#2352 = LINE('',#2353,#2354);
#2353 = CARTESIAN_POINT('',(0.1,1.,3.E-02));
#2354 = VECTOR('',#2355,1.);
#2355 = DIRECTION('',(-4.555315873023E-16,-1.,0.));
#2356 = ORIENTED_EDGE('',*,*,#2357,.T.);
#2357 = EDGE_CURVE('',#2350,#2358,#2360,.T.);
#2358 = VERTEX_POINT('',#2359);
#2359 = CARTESIAN_POINT('',(-0.1,0.75,3.E-02));
#2360 = LINE('',#2361,#2362);
#2361 = CARTESIAN_POINT('',(-0.8,0.75,3.E-02));
#2362 = VECTOR('',#2363,1.);
#2363 = DIRECTION('',(-1.,4.555315873023E-16,0.));
#2364 = ORIENTED_EDGE('',*,*,#2365,.T.);
#2365 = EDGE_CURVE('',#2358,#2340,#2366,.T.);
#2366 = LINE('',#2367,#2368);
#2367 = CARTESIAN_POINT('',(-0.1,1.2,3.E-02));
#2368 = VECTOR('',#2369,1.);
#2369 = DIRECTION('',(4.555315873023E-16,1.,0.));
#2370 = FACE_BOUND('',#2371,.F.);
#2371 = EDGE_LOOP('',(#2372,#2382,#2390,#2398));
#2372 = ORIENTED_EDGE('',*,*,#2373,.T.);
#2373 = EDGE_CURVE('',#2374,#2376,#2378,.T.);
#2374 = VERTEX_POINT('',#2375);
#2375 = CARTESIAN_POINT('',(1.,0.65,3.E-02));
#2376 = VERTEX_POINT('',#2377);
#2377 = CARTESIAN_POINT('',(1.,0.85,3.E-02));
#2378 = LINE('',#2379,#2380);
#2379 = CARTESIAN_POINT('',(1.,1.05,3.E-02));
#2380 = VECTOR('',#2381,1.);
#2381 = DIRECTION('',(3.445092848398E-16,1.,0.));
#2382 = ORIENTED_EDGE('',*,*,#2383,.T.);
#2383 = EDGE_CURVE('',#2376,#2384,#2386,.T.);
#2384 = VERTEX_POINT('',#2385);
#2385 = CARTESIAN_POINT('',(1.4,0.85,3.E-02));
#2386 = LINE('',#2387,#2388);
#2387 = CARTESIAN_POINT('',(-5.E-02,0.85,3.E-02));
#2388 = VECTOR('',#2389,1.);
#2389 = DIRECTION('',(1.,-3.445092848398E-16,0.));
#2390 = ORIENTED_EDGE('',*,*,#2391,.T.);
#2391 = EDGE_CURVE('',#2384,#2392,#2394,.T.);
#2392 = VERTEX_POINT('',#2393);
#2393 = CARTESIAN_POINT('',(1.4,0.65,3.E-02));
#2394 = LINE('',#2395,#2396);
#2395 = CARTESIAN_POINT('',(1.4,0.95,3.E-02));
#2396 = VECTOR('',#2397,1.);
#2397 = DIRECTION('',(-3.445092848398E-16,-1.,0.));
#2398 = ORIENTED_EDGE('',*,*,#2399,.T.);
#2399 = EDGE_CURVE('',#2392,#2374,#2400,.T.);
#2400 = LINE('',#2401,#2402);
#2401 = CARTESIAN_POINT('',(-0.25,0.65,3.E-02));
#2402 = VECTOR('',#2403,1.);
#2403 = DIRECTION('',(-1.,3.445092848398E-16,0.));
#2404 = FACE_BOUND('',#2405,.F.);
#2405 = EDGE_LOOP('',(#2406,#2416,#2424,#2432));
#2406 = ORIENTED_EDGE('',*,*,#2407,.T.);
#2407 = EDGE_CURVE('',#2408,#2410,#2412,.T.);
#2408 = VERTEX_POINT('',#2409);
#2409 = CARTESIAN_POINT('',(-1.4,0.65,3.E-02));
#2410 = VERTEX_POINT('',#2411);
#2411 = CARTESIAN_POINT('',(-1.4,0.85,3.E-02));
#2412 = LINE('',#2413,#2414);
#2413 = CARTESIAN_POINT('',(-1.4,1.05,3.E-02));
#2414 = VECTOR('',#2415,1.);
#2415 = DIRECTION('',(4.669739647545E-16,1.,0.));
#2416 = ORIENTED_EDGE('',*,*,#2417,.T.);
#2417 = EDGE_CURVE('',#2410,#2418,#2420,.T.);
#2418 = VERTEX_POINT('',#2419);
#2419 = CARTESIAN_POINT('',(-1.,0.85,3.E-02));
#2420 = LINE('',#2421,#2422);
#2421 = CARTESIAN_POINT('',(-1.25,0.85,3.E-02));
#2422 = VECTOR('',#2423,1.);
#2423 = DIRECTION('',(1.,-4.669739647545E-16,0.));
#2424 = ORIENTED_EDGE('',*,*,#2425,.T.);
#2425 = EDGE_CURVE('',#2418,#2426,#2428,.T.);
#2426 = VERTEX_POINT('',#2427);
#2427 = CARTESIAN_POINT('',(-1.,0.65,3.E-02));
#2428 = LINE('',#2429,#2430);
#2429 = CARTESIAN_POINT('',(-1.,0.95,3.E-02));
#2430 = VECTOR('',#2431,1.);
#2431 = DIRECTION('',(-4.669739647545E-16,-1.,0.));
#2432 = ORIENTED_EDGE('',*,*,#2433,.T.);
#2433 = EDGE_CURVE('',#2426,#2408,#2434,.T.);
#2434 = LINE('',#2435,#2436);
#2435 = CARTESIAN_POINT('',(-1.45,0.65,3.E-02));
#2436 = VECTOR('',#2437,1.);
#2437 = DIRECTION('',(-1.,4.669739647545E-16,0.));
#2438 = PLANE('',#2439);
#2439 = AXIS2_PLACEMENT_3D('',#2440,#2441,#2442);
#2440 = CARTESIAN_POINT('',(-1.5,1.25,3.E-02));
#2441 = DIRECTION('',(0.,0.,1.));
#2442 = DIRECTION('',(-2.22044604925E-16,-1.,0.));
#2443 = ADVANCED_FACE('',(#2444),#2469,.F.);
#2444 = FACE_BOUND('',#2445,.F.);
#2445 = EDGE_LOOP('',(#2446,#2454,#2455,#2463));
#2446 = ORIENTED_EDGE('',*,*,#2447,.F.);
#2447 = EDGE_CURVE('',#1960,#2448,#2450,.T.);
#2448 = VERTEX_POINT('',#2449);
#2449 = CARTESIAN_POINT('',(-1.5,1.25,0.78));
#2450 = LINE('',#2451,#2452);
#2451 = CARTESIAN_POINT('',(-1.5,1.25,3.E-02));
#2452 = VECTOR('',#2453,1.);
#2453 = DIRECTION('',(0.,0.,1.));
#2454 = ORIENTED_EDGE('',*,*,#1959,.T.);
#2455 = ORIENTED_EDGE('',*,*,#2456,.T.);
#2456 = EDGE_CURVE('',#1962,#2457,#2459,.T.);
#2457 = VERTEX_POINT('',#2458);
#2458 = CARTESIAN_POINT('',(1.5,1.25,0.78));
#2459 = LINE('',#2460,#2461);
#2460 = CARTESIAN_POINT('',(1.5,1.25,3.E-02));
#2461 = VECTOR('',#2462,1.);
#2462 = DIRECTION('',(0.,0.,1.));
#2463 = ORIENTED_EDGE('',*,*,#2464,.F.);
#2464 = EDGE_CURVE('',#2448,#2457,#2465,.T.);
#2465 = LINE('',#2466,#2467);
#2466 = CARTESIAN_POINT('',(-1.5,1.25,0.78));
#2467 = VECTOR('',#2468,1.);
#2468 = DIRECTION('',(1.,-2.22044604925E-16,0.));
#2469 = PLANE('',#2470);
#2470 = AXIS2_PLACEMENT_3D('',#2471,#2472,#2473);
#2471 = CARTESIAN_POINT('',(-1.5,1.25,3.E-02));
#2472 = DIRECTION('',(-2.22044604925E-16,-1.,0.));
#2473 = DIRECTION('',(0.,0.,1.));
#2474 = ADVANCED_FACE('',(#2475),#2493,.T.);
#2475 = FACE_BOUND('',#2476,.T.);
#2476 = EDGE_LOOP('',(#2477,#2478,#2479,#2487));
#2477 = ORIENTED_EDGE('',*,*,#1985,.F.);
#2478 = ORIENTED_EDGE('',*,*,#2456,.T.);
#2479 = ORIENTED_EDGE('',*,*,#2480,.T.);
#2480 = EDGE_CURVE('',#2457,#2481,#2483,.T.);
#2481 = VERTEX_POINT('',#2482);
#2482 = CARTESIAN_POINT('',(1.5,-1.25,0.78));
#2483 = LINE('',#2484,#2485);
#2484 = CARTESIAN_POINT('',(1.5,1.25,0.78));
#2485 = VECTOR('',#2486,1.);
#2486 = DIRECTION('',(-2.22044604925E-16,-1.,0.));
#2487 = ORIENTED_EDGE('',*,*,#2488,.F.);
#2488 = EDGE_CURVE('',#1978,#2481,#2489,.T.);
#2489 = LINE('',#2490,#2491);
#2490 = CARTESIAN_POINT('',(1.5,-1.25,3.E-02));
#2491 = VECTOR('',#2492,1.);
#2492 = DIRECTION('',(0.,0.,1.));
#2493 = PLANE('',#2494);
#2494 = AXIS2_PLACEMENT_3D('',#2495,#2496,#2497);
#2495 = CARTESIAN_POINT('',(1.5,1.25,3.E-02));
#2496 = DIRECTION('',(1.,-2.22044604925E-16,0.));
#2497 = DIRECTION('',(0.,0.,1.));
#2498 = ADVANCED_FACE('',(#2499),#2517,.F.);
#2499 = FACE_BOUND('',#2500,.F.);
#2500 = EDGE_LOOP('',(#2501,#2502,#2503,#2511));
#2501 = ORIENTED_EDGE('',*,*,#1969,.F.);
#2502 = ORIENTED_EDGE('',*,*,#2447,.T.);
#2503 = ORIENTED_EDGE('',*,*,#2504,.T.);
#2504 = EDGE_CURVE('',#2448,#2505,#2507,.T.);
#2505 = VERTEX_POINT('',#2506);
#2506 = CARTESIAN_POINT('',(-1.5,-1.25,0.78));
#2507 = LINE('',#2508,#2509);
#2508 = CARTESIAN_POINT('',(-1.5,1.25,0.78));
#2509 = VECTOR('',#2510,1.);
#2510 = DIRECTION('',(-2.22044604925E-16,-1.,0.));
#2511 = ORIENTED_EDGE('',*,*,#2512,.F.);
#2512 = EDGE_CURVE('',#1970,#2505,#2513,.T.);
#2513 = LINE('',#2514,#2515);
#2514 = CARTESIAN_POINT('',(-1.5,-1.25,3.E-02));
#2515 = VECTOR('',#2516,1.);
#2516 = DIRECTION('',(0.,0.,1.));
#2517 = PLANE('',#2518);
#2518 = AXIS2_PLACEMENT_3D('',#2519,#2520,#2521);
#2519 = CARTESIAN_POINT('',(-1.5,1.25,3.E-02));
#2520 = DIRECTION('',(1.,-2.22044604925E-16,0.));
#2521 = DIRECTION('',(0.,0.,1.));
#2522 = ADVANCED_FACE('',(#2523),#2534,.T.);
#2523 = FACE_BOUND('',#2524,.T.);
#2524 = EDGE_LOOP('',(#2525,#2526,#2527,#2528));
#2525 = ORIENTED_EDGE('',*,*,#2512,.F.);
#2526 = ORIENTED_EDGE('',*,*,#1977,.T.);
#2527 = ORIENTED_EDGE('',*,*,#2488,.T.);
#2528 = ORIENTED_EDGE('',*,*,#2529,.F.);
#2529 = EDGE_CURVE('',#2505,#2481,#2530,.T.);
#2530 = LINE('',#2531,#2532);
#2531 = CARTESIAN_POINT('',(-1.5,-1.25,0.78));
#2532 = VECTOR('',#2533,1.);
#2533 = DIRECTION('',(1.,-2.22044604925E-16,0.));
#2534 = PLANE('',#2535);
#2535 = AXIS2_PLACEMENT_3D('',#2536,#2537,#2538);
#2536 = CARTESIAN_POINT('',(-1.5,-1.25,3.E-02));
#2537 = DIRECTION('',(-2.22044604925E-16,-1.,0.));
#2538 = DIRECTION('',(0.,0.,1.));
#2539 = ADVANCED_FACE('',(#2540),#2565,.F.);
#2540 = FACE_BOUND('',#2541,.F.);
#2541 = EDGE_LOOP('',(#2542,#2552,#2558,#2559));
#2542 = ORIENTED_EDGE('',*,*,#2543,.F.);
#2543 = EDGE_CURVE('',#2544,#2546,#2548,.T.);
#2544 = VERTEX_POINT('',#2545);
#2545 = CARTESIAN_POINT('',(-1.,-0.65,0.));
#2546 = VERTEX_POINT('',#2547);
#2547 = CARTESIAN_POINT('',(-1.4,-0.65,0.));
#2548 = LINE('',#2549,#2550);
#2549 = CARTESIAN_POINT('',(-1.,-0.65,0.));
#2550 = VECTOR('',#2551,1.);
#2551 = DIRECTION('',(-1.,4.669739647545E-16,0.));
#2552 = ORIENTED_EDGE('',*,*,#2553,.T.);
#2553 = EDGE_CURVE('',#2544,#1996,#2554,.T.);
#2554 = LINE('',#2555,#2556);
#2555 = CARTESIAN_POINT('',(-1.,-0.65,0.));
#2556 = VECTOR('',#2557,1.);
#2557 = DIRECTION('',(0.,0.,1.));
#2558 = ORIENTED_EDGE('',*,*,#1993,.F.);
#2559 = ORIENTED_EDGE('',*,*,#2560,.F.);
#2560 = EDGE_CURVE('',#2546,#1994,#2561,.T.);
#2561 = LINE('',#2562,#2563);
#2562 = CARTESIAN_POINT('',(-1.4,-0.65,0.));
#2563 = VECTOR('',#2564,1.);
#2564 = DIRECTION('',(0.,0.,1.));
#2565 = PLANE('',#2566);
#2566 = AXIS2_PLACEMENT_3D('',#2567,#2568,#2569);
#2567 = CARTESIAN_POINT('',(-1.,-0.65,0.));
#2568 = DIRECTION('',(-4.669739647545E-16,-1.,0.));
#2569 = DIRECTION('',(-1.,4.669739647545E-16,0.));
#2570 = ADVANCED_FACE('',(#2571),#2589,.F.);
#2571 = FACE_BOUND('',#2572,.F.);
#2572 = EDGE_LOOP('',(#2573,#2581,#2582,#2583));
#2573 = ORIENTED_EDGE('',*,*,#2574,.F.);
#2574 = EDGE_CURVE('',#2546,#2575,#2577,.T.);
#2575 = VERTEX_POINT('',#2576);
#2576 = CARTESIAN_POINT('',(-1.4,-0.85,0.));
#2577 = LINE('',#2578,#2579);
#2578 = CARTESIAN_POINT('',(-1.4,-0.65,0.));
#2579 = VECTOR('',#2580,1.);
#2580 = DIRECTION('',(-4.669739647545E-16,-1.,0.));
#2581 = ORIENTED_EDGE('',*,*,#2560,.T.);
#2582 = ORIENTED_EDGE('',*,*,#2019,.F.);
#2583 = ORIENTED_EDGE('',*,*,#2584,.F.);
#2584 = EDGE_CURVE('',#2575,#2012,#2585,.T.);
#2585 = LINE('',#2586,#2587);
#2586 = CARTESIAN_POINT('',(-1.4,-0.85,0.));
#2587 = VECTOR('',#2588,1.);
#2588 = DIRECTION('',(0.,0.,1.));
#2589 = PLANE('',#2590);
#2590 = AXIS2_PLACEMENT_3D('',#2591,#2592,#2593);
#2591 = CARTESIAN_POINT('',(-1.4,-0.65,0.));
#2592 = DIRECTION('',(1.,-4.669739647545E-16,0.));
#2593 = DIRECTION('',(-4.669739647545E-16,-1.,0.));
#2594 = ADVANCED_FACE('',(#2595),#2613,.F.);
#2595 = FACE_BOUND('',#2596,.F.);
#2596 = EDGE_LOOP('',(#2597,#2605,#2611,#2612));
#2597 = ORIENTED_EDGE('',*,*,#2598,.F.);
#2598 = EDGE_CURVE('',#2599,#2544,#2601,.T.);
#2599 = VERTEX_POINT('',#2600);
#2600 = CARTESIAN_POINT('',(-1.,-0.85,0.));
#2601 = LINE('',#2602,#2603);
#2602 = CARTESIAN_POINT('',(-1.,-0.85,0.));
#2603 = VECTOR('',#2604,1.);
#2604 = DIRECTION('',(4.669739647545E-16,1.,0.));
#2605 = ORIENTED_EDGE('',*,*,#2606,.T.);
#2606 = EDGE_CURVE('',#2599,#2004,#2607,.T.);
#2607 = LINE('',#2608,#2609);
#2608 = CARTESIAN_POINT('',(-1.,-0.85,0.));
#2609 = VECTOR('',#2610,1.);
#2610 = DIRECTION('',(0.,0.,1.));
#2611 = ORIENTED_EDGE('',*,*,#2003,.F.);
#2612 = ORIENTED_EDGE('',*,*,#2553,.F.);
#2613 = PLANE('',#2614);
#2614 = AXIS2_PLACEMENT_3D('',#2615,#2616,#2617);
#2615 = CARTESIAN_POINT('',(-1.,-0.85,0.));
#2616 = DIRECTION('',(-1.,4.669739647545E-16,0.));
#2617 = DIRECTION('',(4.669739647545E-16,1.,0.));
#2618 = ADVANCED_FACE('',(#2619),#2630,.F.);
#2619 = FACE_BOUND('',#2620,.F.);
#2620 = EDGE_LOOP('',(#2621,#2627,#2628,#2629));
#2621 = ORIENTED_EDGE('',*,*,#2622,.F.);
#2622 = EDGE_CURVE('',#2575,#2599,#2623,.T.);
#2623 = LINE('',#2624,#2625);
#2624 = CARTESIAN_POINT('',(-1.4,-0.85,0.));
#2625 = VECTOR('',#2626,1.);
#2626 = DIRECTION('',(1.,-4.669739647545E-16,0.));
#2627 = ORIENTED_EDGE('',*,*,#2584,.T.);
#2628 = ORIENTED_EDGE('',*,*,#2011,.F.);
#2629 = ORIENTED_EDGE('',*,*,#2606,.F.);
#2630 = PLANE('',#2631);
#2631 = AXIS2_PLACEMENT_3D('',#2632,#2633,#2634);
#2632 = CARTESIAN_POINT('',(-1.4,-0.85,0.));
#2633 = DIRECTION('',(4.669739647545E-16,1.,0.));
#2634 = DIRECTION('',(1.,-4.669739647545E-16,0.));
#2635 = ADVANCED_FACE('',(#2636),#2661,.F.);
#2636 = FACE_BOUND('',#2637,.F.);
#2637 = EDGE_LOOP('',(#2638,#2648,#2654,#2655));
#2638 = ORIENTED_EDGE('',*,*,#2639,.F.);
#2639 = EDGE_CURVE('',#2640,#2642,#2644,.T.);
#2640 = VERTEX_POINT('',#2641);
#2641 = CARTESIAN_POINT('',(0.1,-0.75,0.));
#2642 = VERTEX_POINT('',#2643);
#2643 = CARTESIAN_POINT('',(-0.1,-0.75,0.));
#2644 = LINE('',#2645,#2646);
#2645 = CARTESIAN_POINT('',(0.1,-0.75,0.));
#2646 = VECTOR('',#2647,1.);
#2647 = DIRECTION('',(-1.,5.665538897648E-16,0.));
#2648 = ORIENTED_EDGE('',*,*,#2649,.T.);
#2649 = EDGE_CURVE('',#2640,#2030,#2650,.T.);
#2650 = LINE('',#2651,#2652);
#2651 = CARTESIAN_POINT('',(0.1,-0.75,0.));
#2652 = VECTOR('',#2653,1.);
#2653 = DIRECTION('',(0.,0.,1.));
#2654 = ORIENTED_EDGE('',*,*,#2027,.F.);
#2655 = ORIENTED_EDGE('',*,*,#2656,.F.);
#2656 = EDGE_CURVE('',#2642,#2028,#2657,.T.);
#2657 = LINE('',#2658,#2659);
#2658 = CARTESIAN_POINT('',(-0.1,-0.75,0.));
#2659 = VECTOR('',#2660,1.);
#2660 = DIRECTION('',(0.,0.,1.));
#2661 = PLANE('',#2662);
#2662 = AXIS2_PLACEMENT_3D('',#2663,#2664,#2665);
#2663 = CARTESIAN_POINT('',(0.1,-0.75,0.));
#2664 = DIRECTION('',(-5.665538897648E-16,-1.,0.));
#2665 = DIRECTION('',(-1.,5.665538897648E-16,0.));
#2666 = ADVANCED_FACE('',(#2667),#2685,.F.);
#2667 = FACE_BOUND('',#2668,.F.);
#2668 = EDGE_LOOP('',(#2669,#2677,#2678,#2679));
#2669 = ORIENTED_EDGE('',*,*,#2670,.F.);
#2670 = EDGE_CURVE('',#2642,#2671,#2673,.T.);
#2671 = VERTEX_POINT('',#2672);
#2672 = CARTESIAN_POINT('',(-0.1,-1.15,0.));
#2673 = LINE('',#2674,#2675);
#2674 = CARTESIAN_POINT('',(-0.1,-0.75,0.));
#2675 = VECTOR('',#2676,1.);
#2676 = DIRECTION('',(-5.665538897648E-16,-1.,0.));
#2677 = ORIENTED_EDGE('',*,*,#2656,.T.);
#2678 = ORIENTED_EDGE('',*,*,#2053,.F.);
#2679 = ORIENTED_EDGE('',*,*,#2680,.F.);
#2680 = EDGE_CURVE('',#2671,#2046,#2681,.T.);
#2681 = LINE('',#2682,#2683);
#2682 = CARTESIAN_POINT('',(-0.1,-1.15,0.));
#2683 = VECTOR('',#2684,1.);
#2684 = DIRECTION('',(0.,0.,1.));
#2685 = PLANE('',#2686);
#2686 = AXIS2_PLACEMENT_3D('',#2687,#2688,#2689);
#2687 = CARTESIAN_POINT('',(-0.1,-0.75,0.));
#2688 = DIRECTION('',(1.,-5.665538897648E-16,0.));
#2689 = DIRECTION('',(-5.665538897648E-16,-1.,0.));
#2690 = ADVANCED_FACE('',(#2691),#2709,.F.);
#2691 = FACE_BOUND('',#2692,.F.);
#2692 = EDGE_LOOP('',(#2693,#2701,#2707,#2708));
#2693 = ORIENTED_EDGE('',*,*,#2694,.F.);
#2694 = EDGE_CURVE('',#2695,#2640,#2697,.T.);
#2695 = VERTEX_POINT('',#2696);
#2696 = CARTESIAN_POINT('',(0.1,-1.15,0.));
#2697 = LINE('',#2698,#2699);
#2698 = CARTESIAN_POINT('',(0.1,-1.15,0.));
#2699 = VECTOR('',#2700,1.);
#2700 = DIRECTION('',(5.665538897648E-16,1.,0.));
#2701 = ORIENTED_EDGE('',*,*,#2702,.T.);
#2702 = EDGE_CURVE('',#2695,#2038,#2703,.T.);
#2703 = LINE('',#2704,#2705);
#2704 = CARTESIAN_POINT('',(0.1,-1.15,0.));
#2705 = VECTOR('',#2706,1.);
#2706 = DIRECTION('',(0.,0.,1.));
#2707 = ORIENTED_EDGE('',*,*,#2037,.F.);
#2708 = ORIENTED_EDGE('',*,*,#2649,.F.);
#2709 = PLANE('',#2710);
#2710 = AXIS2_PLACEMENT_3D('',#2711,#2712,#2713);
#2711 = CARTESIAN_POINT('',(0.1,-1.15,0.));
#2712 = DIRECTION('',(-1.,5.665538897648E-16,0.));
#2713 = DIRECTION('',(5.665538897648E-16,1.,0.));
#2714 = ADVANCED_FACE('',(#2715),#2726,.F.);
#2715 = FACE_BOUND('',#2716,.F.);
#2716 = EDGE_LOOP('',(#2717,#2723,#2724,#2725));
#2717 = ORIENTED_EDGE('',*,*,#2718,.F.);
#2718 = EDGE_CURVE('',#2671,#2695,#2719,.T.);
#2719 = LINE('',#2720,#2721);
#2720 = CARTESIAN_POINT('',(-0.1,-1.15,0.));
#2721 = VECTOR('',#2722,1.);
#2722 = DIRECTION('',(1.,-5.665538897648E-16,0.));
#2723 = ORIENTED_EDGE('',*,*,#2680,.T.);
#2724 = ORIENTED_EDGE('',*,*,#2045,.F.);
#2725 = ORIENTED_EDGE('',*,*,#2702,.F.);
#2726 = PLANE('',#2727);
#2727 = AXIS2_PLACEMENT_3D('',#2728,#2729,#2730);
#2728 = CARTESIAN_POINT('',(-0.1,-1.15,0.));
#2729 = DIRECTION('',(5.665538897648E-16,1.,0.));
#2730 = DIRECTION('',(1.,-5.665538897648E-16,0.));
#2731 = ADVANCED_FACE('',(#2732),#2757,.F.);
#2732 = FACE_BOUND('',#2733,.F.);
#2733 = EDGE_LOOP('',(#2734,#2744,#2750,#2751));
#2734 = ORIENTED_EDGE('',*,*,#2735,.F.);
#2735 = EDGE_CURVE('',#2736,#2738,#2740,.T.);
#2736 = VERTEX_POINT('',#2737);
#2737 = CARTESIAN_POINT('',(-0.4,-0.75,0.));
#2738 = VERTEX_POINT('',#2739);
#2739 = CARTESIAN_POINT('',(-0.6,-0.75,0.));
#2740 = LINE('',#2741,#2742);
#2741 = CARTESIAN_POINT('',(-0.4,-0.75,0.));
#2742 = VECTOR('',#2743,1.);
#2743 = DIRECTION('',(-1.,5.665538897648E-16,0.));
#2744 = ORIENTED_EDGE('',*,*,#2745,.T.);
#2745 = EDGE_CURVE('',#2736,#2064,#2746,.T.);
#2746 = LINE('',#2747,#2748);
#2747 = CARTESIAN_POINT('',(-0.4,-0.75,0.));
#2748 = VECTOR('',#2749,1.);
#2749 = DIRECTION('',(0.,0.,1.));
#2750 = ORIENTED_EDGE('',*,*,#2061,.F.);
#2751 = ORIENTED_EDGE('',*,*,#2752,.F.);
#2752 = EDGE_CURVE('',#2738,#2062,#2753,.T.);
#2753 = LINE('',#2754,#2755);
#2754 = CARTESIAN_POINT('',(-0.6,-0.75,0.));
#2755 = VECTOR('',#2756,1.);
#2756 = DIRECTION('',(0.,0.,1.));
#2757 = PLANE('',#2758);
#2758 = AXIS2_PLACEMENT_3D('',#2759,#2760,#2761);
#2759 = CARTESIAN_POINT('',(-0.4,-0.75,0.));
#2760 = DIRECTION('',(-5.665538897648E-16,-1.,0.));
#2761 = DIRECTION('',(-1.,5.665538897648E-16,0.));
#2762 = ADVANCED_FACE('',(#2763),#2781,.F.);
#2763 = FACE_BOUND('',#2764,.F.);
#2764 = EDGE_LOOP('',(#2765,#2773,#2774,#2775));
#2765 = ORIENTED_EDGE('',*,*,#2766,.F.);
#2766 = EDGE_CURVE('',#2738,#2767,#2769,.T.);
#2767 = VERTEX_POINT('',#2768);
#2768 = CARTESIAN_POINT('',(-0.6,-1.15,0.));
#2769 = LINE('',#2770,#2771);
#2770 = CARTESIAN_POINT('',(-0.6,-0.75,0.));
#2771 = VECTOR('',#2772,1.);
#2772 = DIRECTION('',(-5.665538897648E-16,-1.,0.));
#2773 = ORIENTED_EDGE('',*,*,#2752,.T.);
#2774 = ORIENTED_EDGE('',*,*,#2087,.F.);
#2775 = ORIENTED_EDGE('',*,*,#2776,.F.);
#2776 = EDGE_CURVE('',#2767,#2080,#2777,.T.);
#2777 = LINE('',#2778,#2779);
#2778 = CARTESIAN_POINT('',(-0.6,-1.15,0.));
#2779 = VECTOR('',#2780,1.);
#2780 = DIRECTION('',(0.,0.,1.));
#2781 = PLANE('',#2782);
#2782 = AXIS2_PLACEMENT_3D('',#2783,#2784,#2785);
#2783 = CARTESIAN_POINT('',(-0.6,-0.75,0.));
#2784 = DIRECTION('',(1.,-5.665538897648E-16,0.));
#2785 = DIRECTION('',(-5.665538897648E-16,-1.,0.));
#2786 = ADVANCED_FACE('',(#2787),#2805,.F.);
#2787 = FACE_BOUND('',#2788,.F.);
#2788 = EDGE_LOOP('',(#2789,#2797,#2803,#2804));
#2789 = ORIENTED_EDGE('',*,*,#2790,.F.);
#2790 = EDGE_CURVE('',#2791,#2736,#2793,.T.);
#2791 = VERTEX_POINT('',#2792);
#2792 = CARTESIAN_POINT('',(-0.4,-1.15,0.));
#2793 = LINE('',#2794,#2795);
#2794 = CARTESIAN_POINT('',(-0.4,-1.15,0.));
#2795 = VECTOR('',#2796,1.);
#2796 = DIRECTION('',(5.665538897648E-16,1.,0.));
#2797 = ORIENTED_EDGE('',*,*,#2798,.T.);
#2798 = EDGE_CURVE('',#2791,#2072,#2799,.T.);
#2799 = LINE('',#2800,#2801);
#2800 = CARTESIAN_POINT('',(-0.4,-1.15,0.));
#2801 = VECTOR('',#2802,1.);
#2802 = DIRECTION('',(0.,0.,1.));
#2803 = ORIENTED_EDGE('',*,*,#2071,.F.);
#2804 = ORIENTED_EDGE('',*,*,#2745,.F.);
#2805 = PLANE('',#2806);
#2806 = AXIS2_PLACEMENT_3D('',#2807,#2808,#2809);
#2807 = CARTESIAN_POINT('',(-0.4,-1.15,0.));
#2808 = DIRECTION('',(-1.,5.665538897648E-16,0.));
#2809 = DIRECTION('',(5.665538897648E-16,1.,0.));
#2810 = ADVANCED_FACE('',(#2811),#2822,.F.);
#2811 = FACE_BOUND('',#2812,.F.);
#2812 = EDGE_LOOP('',(#2813,#2819,#2820,#2821));
#2813 = ORIENTED_EDGE('',*,*,#2814,.F.);
#2814 = EDGE_CURVE('',#2767,#2791,#2815,.T.);
#2815 = LINE('',#2816,#2817);
#2816 = CARTESIAN_POINT('',(-0.6,-1.15,0.));
#2817 = VECTOR('',#2818,1.);
#2818 = DIRECTION('',(1.,-5.665538897648E-16,0.));
#2819 = ORIENTED_EDGE('',*,*,#2776,.T.);
#2820 = ORIENTED_EDGE('',*,*,#2079,.F.);
#2821 = ORIENTED_EDGE('',*,*,#2798,.F.);
#2822 = PLANE('',#2823);
#2823 = AXIS2_PLACEMENT_3D('',#2824,#2825,#2826);
#2824 = CARTESIAN_POINT('',(-0.6,-1.15,0.));
#2825 = DIRECTION('',(5.665538897648E-16,1.,0.));
#2826 = DIRECTION('',(1.,-5.665538897648E-16,0.));
#2827 = ADVANCED_FACE('',(#2828),#2853,.F.);
#2828 = FACE_BOUND('',#2829,.F.);
#2829 = EDGE_LOOP('',(#2830,#2840,#2846,#2847));
#2830 = ORIENTED_EDGE('',*,*,#2831,.F.);
#2831 = EDGE_CURVE('',#2832,#2834,#2836,.T.);
#2832 = VERTEX_POINT('',#2833);
#2833 = CARTESIAN_POINT('',(1.,-0.65,0.));
#2834 = VERTEX_POINT('',#2835);
#2835 = CARTESIAN_POINT('',(1.,-0.85,0.));
#2836 = LINE('',#2837,#2838);
#2837 = CARTESIAN_POINT('',(1.,-0.65,0.));
#2838 = VECTOR('',#2839,1.);
#2839 = DIRECTION('',(-3.445092848398E-16,-1.,0.));
#2840 = ORIENTED_EDGE('',*,*,#2841,.T.);
#2841 = EDGE_CURVE('',#2832,#2098,#2842,.T.);
#2842 = LINE('',#2843,#2844);
#2843 = CARTESIAN_POINT('',(1.,-0.65,0.));
#2844 = VECTOR('',#2845,1.);
#2845 = DIRECTION('',(0.,0.,1.));
#2846 = ORIENTED_EDGE('',*,*,#2095,.F.);
#2847 = ORIENTED_EDGE('',*,*,#2848,.F.);
#2848 = EDGE_CURVE('',#2834,#2096,#2849,.T.);
#2849 = LINE('',#2850,#2851);
#2850 = CARTESIAN_POINT('',(1.,-0.85,0.));
#2851 = VECTOR('',#2852,1.);
#2852 = DIRECTION('',(0.,0.,1.));
#2853 = PLANE('',#2854);
#2854 = AXIS2_PLACEMENT_3D('',#2855,#2856,#2857);
#2855 = CARTESIAN_POINT('',(1.,-0.65,0.));
#2856 = DIRECTION('',(1.,-3.445092848398E-16,0.));
#2857 = DIRECTION('',(-3.445092848398E-16,-1.,0.));
#2858 = ADVANCED_FACE('',(#2859),#2877,.F.);
#2859 = FACE_BOUND('',#2860,.F.);
#2860 = EDGE_LOOP('',(#2861,#2869,#2870,#2871));
#2861 = ORIENTED_EDGE('',*,*,#2862,.F.);
#2862 = EDGE_CURVE('',#2834,#2863,#2865,.T.);
#2863 = VERTEX_POINT('',#2864);
#2864 = CARTESIAN_POINT('',(1.4,-0.85,0.));
#2865 = LINE('',#2866,#2867);
#2866 = CARTESIAN_POINT('',(1.,-0.85,0.));
#2867 = VECTOR('',#2868,1.);
#2868 = DIRECTION('',(1.,-3.445092848398E-16,0.));
#2869 = ORIENTED_EDGE('',*,*,#2848,.T.);
#2870 = ORIENTED_EDGE('',*,*,#2121,.F.);
#2871 = ORIENTED_EDGE('',*,*,#2872,.F.);
#2872 = EDGE_CURVE('',#2863,#2114,#2873,.T.);
#2873 = LINE('',#2874,#2875);
#2874 = CARTESIAN_POINT('',(1.4,-0.85,0.));
#2875 = VECTOR('',#2876,1.);
#2876 = DIRECTION('',(0.,0.,1.));
#2877 = PLANE('',#2878);
#2878 = AXIS2_PLACEMENT_3D('',#2879,#2880,#2881);
#2879 = CARTESIAN_POINT('',(1.,-0.85,0.));
#2880 = DIRECTION('',(3.445092848398E-16,1.,0.));
#2881 = DIRECTION('',(1.,-3.445092848398E-16,0.));
#2882 = ADVANCED_FACE('',(#2883),#2901,.F.);
#2883 = FACE_BOUND('',#2884,.F.);
#2884 = EDGE_LOOP('',(#2885,#2893,#2899,#2900));
#2885 = ORIENTED_EDGE('',*,*,#2886,.F.);
#2886 = EDGE_CURVE('',#2887,#2832,#2889,.T.);
#2887 = VERTEX_POINT('',#2888);
#2888 = CARTESIAN_POINT('',(1.4,-0.65,0.));
#2889 = LINE('',#2890,#2891);
#2890 = CARTESIAN_POINT('',(1.4,-0.65,0.));
#2891 = VECTOR('',#2892,1.);
#2892 = DIRECTION('',(-1.,3.445092848398E-16,0.));
#2893 = ORIENTED_EDGE('',*,*,#2894,.T.);
#2894 = EDGE_CURVE('',#2887,#2106,#2895,.T.);
#2895 = LINE('',#2896,#2897);
#2896 = CARTESIAN_POINT('',(1.4,-0.65,0.));
#2897 = VECTOR('',#2898,1.);
#2898 = DIRECTION('',(0.,0.,1.));
#2899 = ORIENTED_EDGE('',*,*,#2105,.F.);
#2900 = ORIENTED_EDGE('',*,*,#2841,.F.);
#2901 = PLANE('',#2902);
#2902 = AXIS2_PLACEMENT_3D('',#2903,#2904,#2905);
#2903 = CARTESIAN_POINT('',(1.4,-0.65,0.));
#2904 = DIRECTION('',(-3.445092848398E-16,-1.,0.));
#2905 = DIRECTION('',(-1.,3.445092848398E-16,0.));
#2906 = ADVANCED_FACE('',(#2907),#2918,.F.);
#2907 = FACE_BOUND('',#2908,.F.);
#2908 = EDGE_LOOP('',(#2909,#2915,#2916,#2917));
#2909 = ORIENTED_EDGE('',*,*,#2910,.F.);
#2910 = EDGE_CURVE('',#2863,#2887,#2911,.T.);
#2911 = LINE('',#2912,#2913);
#2912 = CARTESIAN_POINT('',(1.4,-0.85,0.));
#2913 = VECTOR('',#2914,1.);
#2914 = DIRECTION('',(3.445092848398E-16,1.,0.));
#2915 = ORIENTED_EDGE('',*,*,#2872,.T.);
#2916 = ORIENTED_EDGE('',*,*,#2113,.F.);
#2917 = ORIENTED_EDGE('',*,*,#2894,.F.);
#2918 = PLANE('',#2919);
#2919 = AXIS2_PLACEMENT_3D('',#2920,#2921,#2922);
#2920 = CARTESIAN_POINT('',(1.4,-0.85,0.));
#2921 = DIRECTION('',(-1.,3.445092848398E-16,0.));
#2922 = DIRECTION('',(3.445092848398E-16,1.,0.));
#2923 = ADVANCED_FACE('',(#2924),#2949,.F.);
#2924 = FACE_BOUND('',#2925,.F.);
#2925 = EDGE_LOOP('',(#2926,#2936,#2942,#2943));
#2926 = ORIENTED_EDGE('',*,*,#2927,.F.);
#2927 = EDGE_CURVE('',#2928,#2930,#2932,.T.);
#2928 = VERTEX_POINT('',#2929);
#2929 = CARTESIAN_POINT('',(0.6,-0.75,0.));
#2930 = VERTEX_POINT('',#2931);
#2931 = CARTESIAN_POINT('',(0.4,-0.75,0.));
#2932 = LINE('',#2933,#2934);
#2933 = CARTESIAN_POINT('',(0.6,-0.75,0.));
#2934 = VECTOR('',#2935,1.);
#2935 = DIRECTION('',(-1.,5.665538897648E-16,0.));
#2936 = ORIENTED_EDGE('',*,*,#2937,.T.);
#2937 = EDGE_CURVE('',#2928,#2132,#2938,.T.);
#2938 = LINE('',#2939,#2940);
#2939 = CARTESIAN_POINT('',(0.6,-0.75,0.));
#2940 = VECTOR('',#2941,1.);
#2941 = DIRECTION('',(0.,0.,1.));
#2942 = ORIENTED_EDGE('',*,*,#2129,.F.);
#2943 = ORIENTED_EDGE('',*,*,#2944,.F.);
#2944 = EDGE_CURVE('',#2930,#2130,#2945,.T.);
#2945 = LINE('',#2946,#2947);
#2946 = CARTESIAN_POINT('',(0.4,-0.75,0.));
#2947 = VECTOR('',#2948,1.);
#2948 = DIRECTION('',(0.,0.,1.));
#2949 = PLANE('',#2950);
#2950 = AXIS2_PLACEMENT_3D('',#2951,#2952,#2953);
#2951 = CARTESIAN_POINT('',(0.6,-0.75,0.));
#2952 = DIRECTION('',(-5.665538897648E-16,-1.,0.));
#2953 = DIRECTION('',(-1.,5.665538897648E-16,0.));
#2954 = ADVANCED_FACE('',(#2955),#2973,.F.);
#2955 = FACE_BOUND('',#2956,.F.);
#2956 = EDGE_LOOP('',(#2957,#2965,#2966,#2967));
#2957 = ORIENTED_EDGE('',*,*,#2958,.F.);
#2958 = EDGE_CURVE('',#2930,#2959,#2961,.T.);
#2959 = VERTEX_POINT('',#2960);
#2960 = CARTESIAN_POINT('',(0.4,-1.15,0.));
#2961 = LINE('',#2962,#2963);
#2962 = CARTESIAN_POINT('',(0.4,-0.75,0.));
#2963 = VECTOR('',#2964,1.);
#2964 = DIRECTION('',(-5.665538897648E-16,-1.,0.));
#2965 = ORIENTED_EDGE('',*,*,#2944,.T.);
#2966 = ORIENTED_EDGE('',*,*,#2155,.F.);
#2967 = ORIENTED_EDGE('',*,*,#2968,.F.);
#2968 = EDGE_CURVE('',#2959,#2148,#2969,.T.);
#2969 = LINE('',#2970,#2971);
#2970 = CARTESIAN_POINT('',(0.4,-1.15,0.));
#2971 = VECTOR('',#2972,1.);
#2972 = DIRECTION('',(0.,0.,1.));
#2973 = PLANE('',#2974);
#2974 = AXIS2_PLACEMENT_3D('',#2975,#2976,#2977);
#2975 = CARTESIAN_POINT('',(0.4,-0.75,0.));
#2976 = DIRECTION('',(1.,-5.665538897648E-16,0.));
#2977 = DIRECTION('',(-5.665538897648E-16,-1.,0.));
#2978 = ADVANCED_FACE('',(#2979),#2997,.F.);
#2979 = FACE_BOUND('',#2980,.F.);
#2980 = EDGE_LOOP('',(#2981,#2989,#2995,#2996));
#2981 = ORIENTED_EDGE('',*,*,#2982,.F.);
#2982 = EDGE_CURVE('',#2983,#2928,#2985,.T.);
#2983 = VERTEX_POINT('',#2984);
#2984 = CARTESIAN_POINT('',(0.6,-1.15,0.));
#2985 = LINE('',#2986,#2987);
#2986 = CARTESIAN_POINT('',(0.6,-1.15,0.));
#2987 = VECTOR('',#2988,1.);
#2988 = DIRECTION('',(5.665538897648E-16,1.,0.));
#2989 = ORIENTED_EDGE('',*,*,#2990,.T.);
#2990 = EDGE_CURVE('',#2983,#2140,#2991,.T.);
#2991 = LINE('',#2992,#2993);
#2992 = CARTESIAN_POINT('',(0.6,-1.15,0.));
#2993 = VECTOR('',#2994,1.);
#2994 = DIRECTION('',(0.,0.,1.));
#2995 = ORIENTED_EDGE('',*,*,#2139,.F.);
#2996 = ORIENTED_EDGE('',*,*,#2937,.F.);
#2997 = PLANE('',#2998);
#2998 = AXIS2_PLACEMENT_3D('',#2999,#3000,#3001);
#2999 = CARTESIAN_POINT('',(0.6,-1.15,0.));
#3000 = DIRECTION('',(-1.,5.665538897648E-16,0.));
#3001 = DIRECTION('',(5.665538897648E-16,1.,0.));
#3002 = ADVANCED_FACE('',(#3003),#3014,.F.);
#3003 = FACE_BOUND('',#3004,.F.);
#3004 = EDGE_LOOP('',(#3005,#3011,#3012,#3013));
#3005 = ORIENTED_EDGE('',*,*,#3006,.F.);
#3006 = EDGE_CURVE('',#2959,#2983,#3007,.T.);
#3007 = LINE('',#3008,#3009);
#3008 = CARTESIAN_POINT('',(0.4,-1.15,0.));
#3009 = VECTOR('',#3010,1.);
#3010 = DIRECTION('',(1.,-5.665538897648E-16,0.));
#3011 = ORIENTED_EDGE('',*,*,#2968,.T.);
#3012 = ORIENTED_EDGE('',*,*,#2147,.F.);
#3013 = ORIENTED_EDGE('',*,*,#2990,.F.);
#3014 = PLANE('',#3015);
#3015 = AXIS2_PLACEMENT_3D('',#3016,#3017,#3018);
#3016 = CARTESIAN_POINT('',(0.4,-1.15,0.));
#3017 = DIRECTION('',(5.665538897648E-16,1.,0.));
#3018 = DIRECTION('',(1.,-5.665538897648E-16,0.));
#3019 = ADVANCED_FACE('',(#3020),#3045,.F.);
#3020 = FACE_BOUND('',#3021,.F.);
#3021 = EDGE_LOOP('',(#3022,#3032,#3038,#3039));
#3022 = ORIENTED_EDGE('',*,*,#3023,.F.);
#3023 = EDGE_CURVE('',#3024,#3026,#3028,.T.);
#3024 = VERTEX_POINT('',#3025);
#3025 = CARTESIAN_POINT('',(-1.,0.15,0.));
#3026 = VERTEX_POINT('',#3027);
#3027 = CARTESIAN_POINT('',(-1.,0.35,0.));
#3028 = LINE('',#3029,#3030);
#3029 = CARTESIAN_POINT('',(-1.,0.15,0.));
#3030 = VECTOR('',#3031,1.);
#3031 = DIRECTION('',(4.669739647545E-16,1.,0.));
#3032 = ORIENTED_EDGE('',*,*,#3033,.T.);
#3033 = EDGE_CURVE('',#3024,#2166,#3034,.T.);
#3034 = LINE('',#3035,#3036);
#3035 = CARTESIAN_POINT('',(-1.,0.15,0.));
#3036 = VECTOR('',#3037,1.);
#3037 = DIRECTION('',(0.,0.,1.));
#3038 = ORIENTED_EDGE('',*,*,#2163,.F.);
#3039 = ORIENTED_EDGE('',*,*,#3040,.F.);
#3040 = EDGE_CURVE('',#3026,#2164,#3041,.T.);
#3041 = LINE('',#3042,#3043);
#3042 = CARTESIAN_POINT('',(-1.,0.35,0.));
#3043 = VECTOR('',#3044,1.);
#3044 = DIRECTION('',(0.,0.,1.));
#3045 = PLANE('',#3046);
#3046 = AXIS2_PLACEMENT_3D('',#3047,#3048,#3049);
#3047 = CARTESIAN_POINT('',(-1.,0.15,0.));
#3048 = DIRECTION('',(-1.,4.669739647545E-16,0.));
#3049 = DIRECTION('',(4.669739647545E-16,1.,0.));
#3050 = ADVANCED_FACE('',(#3051),#3069,.F.);
#3051 = FACE_BOUND('',#3052,.F.);
#3052 = EDGE_LOOP('',(#3053,#3061,#3062,#3063));
#3053 = ORIENTED_EDGE('',*,*,#3054,.F.);
#3054 = EDGE_CURVE('',#3026,#3055,#3057,.T.);
#3055 = VERTEX_POINT('',#3056);
#3056 = CARTESIAN_POINT('',(-1.4,0.35,0.));
#3057 = LINE('',#3058,#3059);
#3058 = CARTESIAN_POINT('',(-1.,0.35,0.));
#3059 = VECTOR('',#3060,1.);
#3060 = DIRECTION('',(-1.,4.669739647545E-16,0.));
#3061 = ORIENTED_EDGE('',*,*,#3040,.T.);
#3062 = ORIENTED_EDGE('',*,*,#2189,.F.);
#3063 = ORIENTED_EDGE('',*,*,#3064,.F.);
#3064 = EDGE_CURVE('',#3055,#2182,#3065,.T.);
#3065 = LINE('',#3066,#3067);
#3066 = CARTESIAN_POINT('',(-1.4,0.35,0.));
#3067 = VECTOR('',#3068,1.);
#3068 = DIRECTION('',(0.,0.,1.));
#3069 = PLANE('',#3070);
#3070 = AXIS2_PLACEMENT_3D('',#3071,#3072,#3073);
#3071 = CARTESIAN_POINT('',(-1.,0.35,0.));
#3072 = DIRECTION('',(-4.669739647545E-16,-1.,0.));
#3073 = DIRECTION('',(-1.,4.669739647545E-16,0.));
#3074 = ADVANCED_FACE('',(#3075),#3093,.F.);
#3075 = FACE_BOUND('',#3076,.F.);
#3076 = EDGE_LOOP('',(#3077,#3085,#3091,#3092));
#3077 = ORIENTED_EDGE('',*,*,#3078,.F.);
#3078 = EDGE_CURVE('',#3079,#3024,#3081,.T.);
#3079 = VERTEX_POINT('',#3080);
#3080 = CARTESIAN_POINT('',(-1.4,0.15,0.));
#3081 = LINE('',#3082,#3083);
#3082 = CARTESIAN_POINT('',(-1.4,0.15,0.));
#3083 = VECTOR('',#3084,1.);
#3084 = DIRECTION('',(1.,-4.669739647545E-16,0.));
#3085 = ORIENTED_EDGE('',*,*,#3086,.T.);
#3086 = EDGE_CURVE('',#3079,#2174,#3087,.T.);
#3087 = LINE('',#3088,#3089);
#3088 = CARTESIAN_POINT('',(-1.4,0.15,0.));
#3089 = VECTOR('',#3090,1.);
#3090 = DIRECTION('',(0.,0.,1.));
#3091 = ORIENTED_EDGE('',*,*,#2173,.F.);
#3092 = ORIENTED_EDGE('',*,*,#3033,.F.);
#3093 = PLANE('',#3094);
#3094 = AXIS2_PLACEMENT_3D('',#3095,#3096,#3097);
#3095 = CARTESIAN_POINT('',(-1.4,0.15,0.));
#3096 = DIRECTION('',(4.669739647545E-16,1.,0.));
#3097 = DIRECTION('',(1.,-4.669739647545E-16,0.));
#3098 = ADVANCED_FACE('',(#3099),#3110,.F.);
#3099 = FACE_BOUND('',#3100,.F.);
#3100 = EDGE_LOOP('',(#3101,#3107,#3108,#3109));
#3101 = ORIENTED_EDGE('',*,*,#3102,.F.);
#3102 = EDGE_CURVE('',#3055,#3079,#3103,.T.);
#3103 = LINE('',#3104,#3105);
#3104 = CARTESIAN_POINT('',(-1.4,0.35,0.));
#3105 = VECTOR('',#3106,1.);
#3106 = DIRECTION('',(-4.669739647545E-16,-1.,0.));
#3107 = ORIENTED_EDGE('',*,*,#3064,.T.);
#3108 = ORIENTED_EDGE('',*,*,#2181,.F.);
#3109 = ORIENTED_EDGE('',*,*,#3086,.F.);
#3110 = PLANE('',#3111);
#3111 = AXIS2_PLACEMENT_3D('',#3112,#3113,#3114);
#3112 = CARTESIAN_POINT('',(-1.4,0.35,0.));
#3113 = DIRECTION('',(1.,-4.669739647545E-16,0.));
#3114 = DIRECTION('',(-4.669739647545E-16,-1.,0.));
#3115 = ADVANCED_FACE('',(#3116),#3141,.F.);
#3116 = FACE_BOUND('',#3117,.F.);
#3117 = EDGE_LOOP('',(#3118,#3128,#3134,#3135));
#3118 = ORIENTED_EDGE('',*,*,#3119,.F.);
#3119 = EDGE_CURVE('',#3120,#3122,#3124,.T.);
#3120 = VERTEX_POINT('',#3121);
#3121 = CARTESIAN_POINT('',(-1.,-0.35,0.));
#3122 = VERTEX_POINT('',#3123);
#3123 = CARTESIAN_POINT('',(-1.,-0.15,0.));
#3124 = LINE('',#3125,#3126);
#3125 = CARTESIAN_POINT('',(-1.,-0.35,0.));
#3126 = VECTOR('',#3127,1.);
#3127 = DIRECTION('',(4.669739647545E-16,1.,0.));
#3128 = ORIENTED_EDGE('',*,*,#3129,.T.);
#3129 = EDGE_CURVE('',#3120,#2200,#3130,.T.);
#3130 = LINE('',#3131,#3132);
#3131 = CARTESIAN_POINT('',(-1.,-0.35,0.));
#3132 = VECTOR('',#3133,1.);
#3133 = DIRECTION('',(0.,0.,1.));
#3134 = ORIENTED_EDGE('',*,*,#2197,.F.);
#3135 = ORIENTED_EDGE('',*,*,#3136,.F.);
#3136 = EDGE_CURVE('',#3122,#2198,#3137,.T.);
#3137 = LINE('',#3138,#3139);
#3138 = CARTESIAN_POINT('',(-1.,-0.15,0.));
#3139 = VECTOR('',#3140,1.);
#3140 = DIRECTION('',(0.,0.,1.));
#3141 = PLANE('',#3142);
#3142 = AXIS2_PLACEMENT_3D('',#3143,#3144,#3145);
#3143 = CARTESIAN_POINT('',(-1.,-0.35,0.));
#3144 = DIRECTION('',(-1.,4.669739647545E-16,0.));
#3145 = DIRECTION('',(4.669739647545E-16,1.,0.));
#3146 = ADVANCED_FACE('',(#3147),#3165,.F.);
#3147 = FACE_BOUND('',#3148,.F.);
#3148 = EDGE_LOOP('',(#3149,#3157,#3158,#3159));
#3149 = ORIENTED_EDGE('',*,*,#3150,.F.);
#3150 = EDGE_CURVE('',#3122,#3151,#3153,.T.);
#3151 = VERTEX_POINT('',#3152);
#3152 = CARTESIAN_POINT('',(-1.4,-0.15,0.));
#3153 = LINE('',#3154,#3155);
#3154 = CARTESIAN_POINT('',(-1.,-0.15,0.));
#3155 = VECTOR('',#3156,1.);
#3156 = DIRECTION('',(-1.,4.669739647545E-16,0.));
#3157 = ORIENTED_EDGE('',*,*,#3136,.T.);
#3158 = ORIENTED_EDGE('',*,*,#2223,.F.);
#3159 = ORIENTED_EDGE('',*,*,#3160,.F.);
#3160 = EDGE_CURVE('',#3151,#2216,#3161,.T.);
#3161 = LINE('',#3162,#3163);
#3162 = CARTESIAN_POINT('',(-1.4,-0.15,0.));
#3163 = VECTOR('',#3164,1.);
#3164 = DIRECTION('',(0.,0.,1.));
#3165 = PLANE('',#3166);
#3166 = AXIS2_PLACEMENT_3D('',#3167,#3168,#3169);
#3167 = CARTESIAN_POINT('',(-1.,-0.15,0.));
#3168 = DIRECTION('',(-4.669739647545E-16,-1.,0.));
#3169 = DIRECTION('',(-1.,4.669739647545E-16,0.));
#3170 = ADVANCED_FACE('',(#3171),#3189,.F.);
#3171 = FACE_BOUND('',#3172,.F.);
#3172 = EDGE_LOOP('',(#3173,#3181,#3187,#3188));
#3173 = ORIENTED_EDGE('',*,*,#3174,.F.);
#3174 = EDGE_CURVE('',#3175,#3120,#3177,.T.);
#3175 = VERTEX_POINT('',#3176);
#3176 = CARTESIAN_POINT('',(-1.4,-0.35,0.));
#3177 = LINE('',#3178,#3179);
#3178 = CARTESIAN_POINT('',(-1.4,-0.35,0.));
#3179 = VECTOR('',#3180,1.);
#3180 = DIRECTION('',(1.,-4.669739647545E-16,0.));
#3181 = ORIENTED_EDGE('',*,*,#3182,.T.);
#3182 = EDGE_CURVE('',#3175,#2208,#3183,.T.);
#3183 = LINE('',#3184,#3185);
#3184 = CARTESIAN_POINT('',(-1.4,-0.35,0.));
#3185 = VECTOR('',#3186,1.);
#3186 = DIRECTION('',(0.,0.,1.));
#3187 = ORIENTED_EDGE('',*,*,#2207,.F.);
#3188 = ORIENTED_EDGE('',*,*,#3129,.F.);
#3189 = PLANE('',#3190);
#3190 = AXIS2_PLACEMENT_3D('',#3191,#3192,#3193);
#3191 = CARTESIAN_POINT('',(-1.4,-0.35,0.));
#3192 = DIRECTION('',(4.669739647545E-16,1.,0.));
#3193 = DIRECTION('',(1.,-4.669739647545E-16,0.));
#3194 = ADVANCED_FACE('',(#3195),#3206,.F.);
#3195 = FACE_BOUND('',#3196,.F.);
#3196 = EDGE_LOOP('',(#3197,#3203,#3204,#3205));
#3197 = ORIENTED_EDGE('',*,*,#3198,.F.);
#3198 = EDGE_CURVE('',#3151,#3175,#3199,.T.);
#3199 = LINE('',#3200,#3201);
#3200 = CARTESIAN_POINT('',(-1.4,-0.15,0.));
#3201 = VECTOR('',#3202,1.);
#3202 = DIRECTION('',(-4.669739647545E-16,-1.,0.));
#3203 = ORIENTED_EDGE('',*,*,#3160,.T.);
#3204 = ORIENTED_EDGE('',*,*,#2215,.F.);
#3205 = ORIENTED_EDGE('',*,*,#3182,.F.);
#3206 = PLANE('',#3207);
#3207 = AXIS2_PLACEMENT_3D('',#3208,#3209,#3210);
#3208 = CARTESIAN_POINT('',(-1.4,-0.15,0.));
#3209 = DIRECTION('',(1.,-4.669739647545E-16,0.));
#3210 = DIRECTION('',(-4.669739647545E-16,-1.,0.));
#3211 = ADVANCED_FACE('',(#3212),#3237,.F.);
#3212 = FACE_BOUND('',#3213,.F.);
#3213 = EDGE_LOOP('',(#3214,#3224,#3230,#3231));
#3214 = ORIENTED_EDGE('',*,*,#3215,.F.);
#3215 = EDGE_CURVE('',#3216,#3218,#3220,.T.);
#3216 = VERTEX_POINT('',#3217);
#3217 = CARTESIAN_POINT('',(1.4,-0.15,0.));
#3218 = VERTEX_POINT('',#3219);
#3219 = CARTESIAN_POINT('',(1.,-0.15,0.));
#3220 = LINE('',#3221,#3222);
#3221 = CARTESIAN_POINT('',(1.4,-0.15,0.));
#3222 = VECTOR('',#3223,1.);
#3223 = DIRECTION('',(-1.,3.445092848398E-16,0.));
#3224 = ORIENTED_EDGE('',*,*,#3225,.T.);
#3225 = EDGE_CURVE('',#3216,#2234,#3226,.T.);
#3226 = LINE('',#3227,#3228);
#3227 = CARTESIAN_POINT('',(1.4,-0.15,0.));
#3228 = VECTOR('',#3229,1.);
#3229 = DIRECTION('',(0.,0.,1.));
#3230 = ORIENTED_EDGE('',*,*,#2231,.F.);
#3231 = ORIENTED_EDGE('',*,*,#3232,.F.);
#3232 = EDGE_CURVE('',#3218,#2232,#3233,.T.);
#3233 = LINE('',#3234,#3235);
#3234 = CARTESIAN_POINT('',(1.,-0.15,0.));
#3235 = VECTOR('',#3236,1.);
#3236 = DIRECTION('',(0.,0.,1.));
#3237 = PLANE('',#3238);
#3238 = AXIS2_PLACEMENT_3D('',#3239,#3240,#3241);
#3239 = CARTESIAN_POINT('',(1.4,-0.15,0.));
#3240 = DIRECTION('',(-3.445092848398E-16,-1.,0.));
#3241 = DIRECTION('',(-1.,3.445092848398E-16,0.));
#3242 = ADVANCED_FACE('',(#3243),#3261,.F.);
#3243 = FACE_BOUND('',#3244,.F.);
#3244 = EDGE_LOOP('',(#3245,#3253,#3254,#3255));
#3245 = ORIENTED_EDGE('',*,*,#3246,.F.);
#3246 = EDGE_CURVE('',#3218,#3247,#3249,.T.);
#3247 = VERTEX_POINT('',#3248);
#3248 = CARTESIAN_POINT('',(1.,-0.35,0.));
#3249 = LINE('',#3250,#3251);
#3250 = CARTESIAN_POINT('',(1.,-0.15,0.));
#3251 = VECTOR('',#3252,1.);
#3252 = DIRECTION('',(-3.445092848398E-16,-1.,0.));
#3253 = ORIENTED_EDGE('',*,*,#3232,.T.);
#3254 = ORIENTED_EDGE('',*,*,#2257,.F.);
#3255 = ORIENTED_EDGE('',*,*,#3256,.F.);
#3256 = EDGE_CURVE('',#3247,#2250,#3257,.T.);
#3257 = LINE('',#3258,#3259);
#3258 = CARTESIAN_POINT('',(1.,-0.35,0.));
#3259 = VECTOR('',#3260,1.);
#3260 = DIRECTION('',(0.,0.,1.));
#3261 = PLANE('',#3262);
#3262 = AXIS2_PLACEMENT_3D('',#3263,#3264,#3265);
#3263 = CARTESIAN_POINT('',(1.,-0.15,0.));
#3264 = DIRECTION('',(1.,-3.445092848398E-16,0.));
#3265 = DIRECTION('',(-3.445092848398E-16,-1.,0.));
#3266 = ADVANCED_FACE('',(#3267),#3285,.F.);
#3267 = FACE_BOUND('',#3268,.F.);
#3268 = EDGE_LOOP('',(#3269,#3277,#3283,#3284));
#3269 = ORIENTED_EDGE('',*,*,#3270,.F.);
#3270 = EDGE_CURVE('',#3271,#3216,#3273,.T.);
#3271 = VERTEX_POINT('',#3272);
#3272 = CARTESIAN_POINT('',(1.4,-0.35,0.));
#3273 = LINE('',#3274,#3275);
#3274 = CARTESIAN_POINT('',(1.4,-0.35,0.));
#3275 = VECTOR('',#3276,1.);
#3276 = DIRECTION('',(3.445092848398E-16,1.,0.));
#3277 = ORIENTED_EDGE('',*,*,#3278,.T.);
#3278 = EDGE_CURVE('',#3271,#2242,#3279,.T.);
#3279 = LINE('',#3280,#3281);
#3280 = CARTESIAN_POINT('',(1.4,-0.35,0.));
#3281 = VECTOR('',#3282,1.);
#3282 = DIRECTION('',(0.,0.,1.));
#3283 = ORIENTED_EDGE('',*,*,#2241,.F.);
#3284 = ORIENTED_EDGE('',*,*,#3225,.F.);
#3285 = PLANE('',#3286);
#3286 = AXIS2_PLACEMENT_3D('',#3287,#3288,#3289);
#3287 = CARTESIAN_POINT('',(1.4,-0.35,0.));
#3288 = DIRECTION('',(-1.,3.445092848398E-16,0.));
#3289 = DIRECTION('',(3.445092848398E-16,1.,0.));
#3290 = ADVANCED_FACE('',(#3291),#3302,.F.);
#3291 = FACE_BOUND('',#3292,.F.);
#3292 = EDGE_LOOP('',(#3293,#3299,#3300,#3301));
#3293 = ORIENTED_EDGE('',*,*,#3294,.F.);
#3294 = EDGE_CURVE('',#3247,#3271,#3295,.T.);
#3295 = LINE('',#3296,#3297);
#3296 = CARTESIAN_POINT('',(1.,-0.35,0.));
#3297 = VECTOR('',#3298,1.);
#3298 = DIRECTION('',(1.,-3.445092848398E-16,0.));
#3299 = ORIENTED_EDGE('',*,*,#3256,.T.);
#3300 = ORIENTED_EDGE('',*,*,#2249,.F.);
#3301 = ORIENTED_EDGE('',*,*,#3278,.F.);
#3302 = PLANE('',#3303);
#3303 = AXIS2_PLACEMENT_3D('',#3304,#3305,#3306);
#3304 = CARTESIAN_POINT('',(1.,-0.35,0.));
#3305 = DIRECTION('',(3.445092848398E-16,1.,0.));
#3306 = DIRECTION('',(1.,-3.445092848398E-16,0.));
#3307 = ADVANCED_FACE('',(#3308),#3333,.F.);
#3308 = FACE_BOUND('',#3309,.F.);
#3309 = EDGE_LOOP('',(#3310,#3320,#3326,#3327));
#3310 = ORIENTED_EDGE('',*,*,#3311,.F.);
#3311 = EDGE_CURVE('',#3312,#3314,#3316,.T.);
#3312 = VERTEX_POINT('',#3313);
#3313 = CARTESIAN_POINT('',(1.,0.15,0.));
#3314 = VERTEX_POINT('',#3315);
#3315 = CARTESIAN_POINT('',(1.4,0.15,0.));
#3316 = LINE('',#3317,#3318);
#3317 = CARTESIAN_POINT('',(1.,0.15,0.));
#3318 = VECTOR('',#3319,1.);
#3319 = DIRECTION('',(1.,-3.445092848398E-16,0.));
#3320 = ORIENTED_EDGE('',*,*,#3321,.T.);
#3321 = EDGE_CURVE('',#3312,#2268,#3322,.T.);
#3322 = LINE('',#3323,#3324);
#3323 = CARTESIAN_POINT('',(1.,0.15,0.));
#3324 = VECTOR('',#3325,1.);
#3325 = DIRECTION('',(0.,0.,1.));
#3326 = ORIENTED_EDGE('',*,*,#2265,.F.);
#3327 = ORIENTED_EDGE('',*,*,#3328,.F.);
#3328 = EDGE_CURVE('',#3314,#2266,#3329,.T.);
#3329 = LINE('',#3330,#3331);
#3330 = CARTESIAN_POINT('',(1.4,0.15,0.));
#3331 = VECTOR('',#3332,1.);
#3332 = DIRECTION('',(0.,0.,1.));
#3333 = PLANE('',#3334);
#3334 = AXIS2_PLACEMENT_3D('',#3335,#3336,#3337);
#3335 = CARTESIAN_POINT('',(1.,0.15,0.));
#3336 = DIRECTION('',(3.445092848398E-16,1.,0.));
#3337 = DIRECTION('',(1.,-3.445092848398E-16,0.));
#3338 = ADVANCED_FACE('',(#3339),#3357,.F.);
#3339 = FACE_BOUND('',#3340,.F.);
#3340 = EDGE_LOOP('',(#3341,#3349,#3350,#3351));
#3341 = ORIENTED_EDGE('',*,*,#3342,.F.);
#3342 = EDGE_CURVE('',#3314,#3343,#3345,.T.);
#3343 = VERTEX_POINT('',#3344);
#3344 = CARTESIAN_POINT('',(1.4,0.35,0.));
#3345 = LINE('',#3346,#3347);
#3346 = CARTESIAN_POINT('',(1.4,0.15,0.));
#3347 = VECTOR('',#3348,1.);
#3348 = DIRECTION('',(3.445092848398E-16,1.,0.));
#3349 = ORIENTED_EDGE('',*,*,#3328,.T.);
#3350 = ORIENTED_EDGE('',*,*,#2291,.F.);
#3351 = ORIENTED_EDGE('',*,*,#3352,.F.);
#3352 = EDGE_CURVE('',#3343,#2284,#3353,.T.);
#3353 = LINE('',#3354,#3355);
#3354 = CARTESIAN_POINT('',(1.4,0.35,0.));
#3355 = VECTOR('',#3356,1.);
#3356 = DIRECTION('',(0.,0.,1.));
#3357 = PLANE('',#3358);
#3358 = AXIS2_PLACEMENT_3D('',#3359,#3360,#3361);
#3359 = CARTESIAN_POINT('',(1.4,0.15,0.));
#3360 = DIRECTION('',(-1.,3.445092848398E-16,0.));
#3361 = DIRECTION('',(3.445092848398E-16,1.,0.));
#3362 = ADVANCED_FACE('',(#3363),#3381,.F.);
#3363 = FACE_BOUND('',#3364,.F.);
#3364 = EDGE_LOOP('',(#3365,#3373,#3379,#3380));
#3365 = ORIENTED_EDGE('',*,*,#3366,.F.);
#3366 = EDGE_CURVE('',#3367,#3312,#3369,.T.);
#3367 = VERTEX_POINT('',#3368);
#3368 = CARTESIAN_POINT('',(1.,0.35,0.));
#3369 = LINE('',#3370,#3371);
#3370 = CARTESIAN_POINT('',(1.,0.35,0.));
#3371 = VECTOR('',#3372,1.);
#3372 = DIRECTION('',(-3.445092848398E-16,-1.,0.));
#3373 = ORIENTED_EDGE('',*,*,#3374,.T.);
#3374 = EDGE_CURVE('',#3367,#2276,#3375,.T.);
#3375 = LINE('',#3376,#3377);
#3376 = CARTESIAN_POINT('',(1.,0.35,0.));
#3377 = VECTOR('',#3378,1.);
#3378 = DIRECTION('',(0.,0.,1.));
#3379 = ORIENTED_EDGE('',*,*,#2275,.F.);
#3380 = ORIENTED_EDGE('',*,*,#3321,.F.);
#3381 = PLANE('',#3382);
#3382 = AXIS2_PLACEMENT_3D('',#3383,#3384,#3385);
#3383 = CARTESIAN_POINT('',(1.,0.35,0.));
#3384 = DIRECTION('',(1.,-3.445092848398E-16,0.));
#3385 = DIRECTION('',(-3.445092848398E-16,-1.,0.));
#3386 = ADVANCED_FACE('',(#3387),#3398,.F.);
#3387 = FACE_BOUND('',#3388,.F.);
#3388 = EDGE_LOOP('',(#3389,#3395,#3396,#3397));
#3389 = ORIENTED_EDGE('',*,*,#3390,.F.);
#3390 = EDGE_CURVE('',#3343,#3367,#3391,.T.);
#3391 = LINE('',#3392,#3393);
#3392 = CARTESIAN_POINT('',(1.4,0.35,0.));
#3393 = VECTOR('',#3394,1.);
#3394 = DIRECTION('',(-1.,3.445092848398E-16,0.));
#3395 = ORIENTED_EDGE('',*,*,#3352,.T.);
#3396 = ORIENTED_EDGE('',*,*,#2283,.F.);
#3397 = ORIENTED_EDGE('',*,*,#3374,.F.);
#3398 = PLANE('',#3399);
#3399 = AXIS2_PLACEMENT_3D('',#3400,#3401,#3402);
#3400 = CARTESIAN_POINT('',(1.4,0.35,0.));
#3401 = DIRECTION('',(-3.445092848398E-16,-1.,0.));
#3402 = DIRECTION('',(-1.,3.445092848398E-16,0.));
#3403 = ADVANCED_FACE('',(#3404),#3429,.F.);
#3404 = FACE_BOUND('',#3405,.F.);
#3405 = EDGE_LOOP('',(#3406,#3416,#3422,#3423));
#3406 = ORIENTED_EDGE('',*,*,#3407,.F.);
#3407 = EDGE_CURVE('',#3408,#3410,#3412,.T.);
#3408 = VERTEX_POINT('',#3409);
#3409 = CARTESIAN_POINT('',(0.6,1.15,0.));
#3410 = VERTEX_POINT('',#3411);
#3411 = CARTESIAN_POINT('',(0.4,1.15,0.));
#3412 = LINE('',#3413,#3414);
#3413 = CARTESIAN_POINT('',(0.6,1.15,0.));
#3414 = VECTOR('',#3415,1.);
#3415 = DIRECTION('',(-1.,4.555315873023E-16,0.));
#3416 = ORIENTED_EDGE('',*,*,#3417,.T.);
#3417 = EDGE_CURVE('',#3408,#2302,#3418,.T.);
#3418 = LINE('',#3419,#3420);
#3419 = CARTESIAN_POINT('',(0.6,1.15,0.));
#3420 = VECTOR('',#3421,1.);
#3421 = DIRECTION('',(0.,0.,1.));
#3422 = ORIENTED_EDGE('',*,*,#2299,.F.);
#3423 = ORIENTED_EDGE('',*,*,#3424,.F.);
#3424 = EDGE_CURVE('',#3410,#2300,#3425,.T.);
#3425 = LINE('',#3426,#3427);
#3426 = CARTESIAN_POINT('',(0.4,1.15,0.));
#3427 = VECTOR('',#3428,1.);
#3428 = DIRECTION('',(0.,0.,1.));
#3429 = PLANE('',#3430);
#3430 = AXIS2_PLACEMENT_3D('',#3431,#3432,#3433);
#3431 = CARTESIAN_POINT('',(0.6,1.15,0.));
#3432 = DIRECTION('',(-4.555315873023E-16,-1.,0.));
#3433 = DIRECTION('',(-1.,4.555315873023E-16,0.));
#3434 = ADVANCED_FACE('',(#3435),#3453,.F.);
#3435 = FACE_BOUND('',#3436,.F.);
#3436 = EDGE_LOOP('',(#3437,#3445,#3446,#3447));
#3437 = ORIENTED_EDGE('',*,*,#3438,.F.);
#3438 = EDGE_CURVE('',#3410,#3439,#3441,.T.);
#3439 = VERTEX_POINT('',#3440);
#3440 = CARTESIAN_POINT('',(0.4,0.75,0.));
#3441 = LINE('',#3442,#3443);
#3442 = CARTESIAN_POINT('',(0.4,1.15,0.));
#3443 = VECTOR('',#3444,1.);
#3444 = DIRECTION('',(-4.555315873023E-16,-1.,0.));
#3445 = ORIENTED_EDGE('',*,*,#3424,.T.);
#3446 = ORIENTED_EDGE('',*,*,#2325,.F.);
#3447 = ORIENTED_EDGE('',*,*,#3448,.F.);
#3448 = EDGE_CURVE('',#3439,#2318,#3449,.T.);
#3449 = LINE('',#3450,#3451);
#3450 = CARTESIAN_POINT('',(0.4,0.75,0.));
#3451 = VECTOR('',#3452,1.);
#3452 = DIRECTION('',(0.,0.,1.));
#3453 = PLANE('',#3454);
#3454 = AXIS2_PLACEMENT_3D('',#3455,#3456,#3457);
#3455 = CARTESIAN_POINT('',(0.4,1.15,0.));
#3456 = DIRECTION('',(1.,-4.555315873023E-16,0.));
#3457 = DIRECTION('',(-4.555315873023E-16,-1.,0.));
#3458 = ADVANCED_FACE('',(#3459),#3477,.F.);
#3459 = FACE_BOUND('',#3460,.F.);
#3460 = EDGE_LOOP('',(#3461,#3469,#3475,#3476));
#3461 = ORIENTED_EDGE('',*,*,#3462,.F.);
#3462 = EDGE_CURVE('',#3463,#3408,#3465,.T.);
#3463 = VERTEX_POINT('',#3464);
#3464 = CARTESIAN_POINT('',(0.6,0.75,0.));
#3465 = LINE('',#3466,#3467);
#3466 = CARTESIAN_POINT('',(0.6,0.75,0.));
#3467 = VECTOR('',#3468,1.);
#3468 = DIRECTION('',(4.555315873023E-16,1.,0.));
#3469 = ORIENTED_EDGE('',*,*,#3470,.T.);
#3470 = EDGE_CURVE('',#3463,#2310,#3471,.T.);
#3471 = LINE('',#3472,#3473);
#3472 = CARTESIAN_POINT('',(0.6,0.75,0.));
#3473 = VECTOR('',#3474,1.);
#3474 = DIRECTION('',(0.,0.,1.));
#3475 = ORIENTED_EDGE('',*,*,#2309,.F.);
#3476 = ORIENTED_EDGE('',*,*,#3417,.F.);
#3477 = PLANE('',#3478);
#3478 = AXIS2_PLACEMENT_3D('',#3479,#3480,#3481);
#3479 = CARTESIAN_POINT('',(0.6,0.75,0.));
#3480 = DIRECTION('',(-1.,4.555315873023E-16,0.));
#3481 = DIRECTION('',(4.555315873023E-16,1.,0.));
#3482 = ADVANCED_FACE('',(#3483),#3494,.F.);
#3483 = FACE_BOUND('',#3484,.F.);
#3484 = EDGE_LOOP('',(#3485,#3491,#3492,#3493));
#3485 = ORIENTED_EDGE('',*,*,#3486,.F.);
#3486 = EDGE_CURVE('',#3439,#3463,#3487,.T.);
#3487 = LINE('',#3488,#3489);
#3488 = CARTESIAN_POINT('',(0.4,0.75,0.));
#3489 = VECTOR('',#3490,1.);
#3490 = DIRECTION('',(1.,-4.555315873023E-16,0.));
#3491 = ORIENTED_EDGE('',*,*,#3448,.T.);
#3492 = ORIENTED_EDGE('',*,*,#2317,.F.);
#3493 = ORIENTED_EDGE('',*,*,#3470,.F.);
#3494 = PLANE('',#3495);
#3495 = AXIS2_PLACEMENT_3D('',#3496,#3497,#3498);
#3496 = CARTESIAN_POINT('',(0.4,0.75,0.));
#3497 = DIRECTION('',(4.555315873023E-16,1.,0.));
#3498 = DIRECTION('',(1.,-4.555315873023E-16,0.));
#3499 = ADVANCED_FACE('',(#3500),#3525,.F.);
#3500 = FACE_BOUND('',#3501,.F.);
#3501 = EDGE_LOOP('',(#3502,#3512,#3518,#3519));
#3502 = ORIENTED_EDGE('',*,*,#3503,.F.);
#3503 = EDGE_CURVE('',#3504,#3506,#3508,.T.);
#3504 = VERTEX_POINT('',#3505);
#3505 = CARTESIAN_POINT('',(0.1,1.15,0.));
#3506 = VERTEX_POINT('',#3507);
#3507 = CARTESIAN_POINT('',(-0.1,1.15,0.));
#3508 = LINE('',#3509,#3510);
#3509 = CARTESIAN_POINT('',(0.1,1.15,0.));
#3510 = VECTOR('',#3511,1.);
#3511 = DIRECTION('',(-1.,4.555315873023E-16,0.));
#3512 = ORIENTED_EDGE('',*,*,#3513,.T.);
#3513 = EDGE_CURVE('',#3504,#2342,#3514,.T.);
#3514 = LINE('',#3515,#3516);
#3515 = CARTESIAN_POINT('',(0.1,1.15,0.));
#3516 = VECTOR('',#3517,1.);
#3517 = DIRECTION('',(0.,0.,1.));
#3518 = ORIENTED_EDGE('',*,*,#2339,.F.);
#3519 = ORIENTED_EDGE('',*,*,#3520,.F.);
#3520 = EDGE_CURVE('',#3506,#2340,#3521,.T.);
#3521 = LINE('',#3522,#3523);
#3522 = CARTESIAN_POINT('',(-0.1,1.15,0.));
#3523 = VECTOR('',#3524,1.);
#3524 = DIRECTION('',(0.,0.,1.));
#3525 = PLANE('',#3526);
#3526 = AXIS2_PLACEMENT_3D('',#3527,#3528,#3529);
#3527 = CARTESIAN_POINT('',(0.1,1.15,0.));
#3528 = DIRECTION('',(-4.555315873023E-16,-1.,0.));
#3529 = DIRECTION('',(-1.,4.555315873023E-16,0.));
#3530 = ADVANCED_FACE('',(#3531),#3549,.F.);
#3531 = FACE_BOUND('',#3532,.F.);
#3532 = EDGE_LOOP('',(#3533,#3541,#3542,#3543));
#3533 = ORIENTED_EDGE('',*,*,#3534,.F.);
#3534 = EDGE_CURVE('',#3506,#3535,#3537,.T.);
#3535 = VERTEX_POINT('',#3536);
#3536 = CARTESIAN_POINT('',(-0.1,0.75,0.));
#3537 = LINE('',#3538,#3539);
#3538 = CARTESIAN_POINT('',(-0.1,1.15,0.));
#3539 = VECTOR('',#3540,1.);
#3540 = DIRECTION('',(-4.555315873023E-16,-1.,0.));
#3541 = ORIENTED_EDGE('',*,*,#3520,.T.);
#3542 = ORIENTED_EDGE('',*,*,#2365,.F.);
#3543 = ORIENTED_EDGE('',*,*,#3544,.F.);
#3544 = EDGE_CURVE('',#3535,#2358,#3545,.T.);
#3545 = LINE('',#3546,#3547);
#3546 = CARTESIAN_POINT('',(-0.1,0.75,0.));
#3547 = VECTOR('',#3548,1.);
#3548 = DIRECTION('',(0.,0.,1.));
#3549 = PLANE('',#3550);
#3550 = AXIS2_PLACEMENT_3D('',#3551,#3552,#3553);
#3551 = CARTESIAN_POINT('',(-0.1,1.15,0.));
#3552 = DIRECTION('',(1.,-4.555315873023E-16,0.));
#3553 = DIRECTION('',(-4.555315873023E-16,-1.,0.));
#3554 = ADVANCED_FACE('',(#3555),#3573,.F.);
#3555 = FACE_BOUND('',#3556,.F.);
#3556 = EDGE_LOOP('',(#3557,#3565,#3571,#3572));
#3557 = ORIENTED_EDGE('',*,*,#3558,.F.);
#3558 = EDGE_CURVE('',#3559,#3504,#3561,.T.);
#3559 = VERTEX_POINT('',#3560);
#3560 = CARTESIAN_POINT('',(0.1,0.75,0.));
#3561 = LINE('',#3562,#3563);
#3562 = CARTESIAN_POINT('',(0.1,0.75,0.));
#3563 = VECTOR('',#3564,1.);
#3564 = DIRECTION('',(4.555315873023E-16,1.,0.));
#3565 = ORIENTED_EDGE('',*,*,#3566,.T.);
#3566 = EDGE_CURVE('',#3559,#2350,#3567,.T.);
#3567 = LINE('',#3568,#3569);
#3568 = CARTESIAN_POINT('',(0.1,0.75,0.));
#3569 = VECTOR('',#3570,1.);
#3570 = DIRECTION('',(0.,0.,1.));
#3571 = ORIENTED_EDGE('',*,*,#2349,.F.);
#3572 = ORIENTED_EDGE('',*,*,#3513,.F.);
#3573 = PLANE('',#3574);
#3574 = AXIS2_PLACEMENT_3D('',#3575,#3576,#3577);
#3575 = CARTESIAN_POINT('',(0.1,0.75,0.));
#3576 = DIRECTION('',(-1.,4.555315873023E-16,0.));
#3577 = DIRECTION('',(4.555315873023E-16,1.,0.));
#3578 = ADVANCED_FACE('',(#3579),#3590,.F.);
#3579 = FACE_BOUND('',#3580,.F.);
#3580 = EDGE_LOOP('',(#3581,#3587,#3588,#3589));
#3581 = ORIENTED_EDGE('',*,*,#3582,.F.);
#3582 = EDGE_CURVE('',#3535,#3559,#3583,.T.);
#3583 = LINE('',#3584,#3585);
#3584 = CARTESIAN_POINT('',(-0.1,0.75,0.));
#3585 = VECTOR('',#3586,1.);
#3586 = DIRECTION('',(1.,-4.555315873023E-16,0.));
#3587 = ORIENTED_EDGE('',*,*,#3544,.T.);
#3588 = ORIENTED_EDGE('',*,*,#2357,.F.);
#3589 = ORIENTED_EDGE('',*,*,#3566,.F.);
#3590 = PLANE('',#3591);
#3591 = AXIS2_PLACEMENT_3D('',#3592,#3593,#3594);
#3592 = CARTESIAN_POINT('',(-0.1,0.75,0.));
#3593 = DIRECTION('',(4.555315873023E-16,1.,0.));
#3594 = DIRECTION('',(1.,-4.555315873023E-16,0.));
#3595 = ADVANCED_FACE('',(#3596),#3621,.F.);
#3596 = FACE_BOUND('',#3597,.F.);
#3597 = EDGE_LOOP('',(#3598,#3608,#3614,#3615));
#3598 = ORIENTED_EDGE('',*,*,#3599,.F.);
#3599 = EDGE_CURVE('',#3600,#3602,#3604,.T.);
#3600 = VERTEX_POINT('',#3601);
#3601 = CARTESIAN_POINT('',(1.,0.85,0.));
#3602 = VERTEX_POINT('',#3603);
#3603 = CARTESIAN_POINT('',(1.,0.65,0.));
#3604 = LINE('',#3605,#3606);
#3605 = CARTESIAN_POINT('',(1.,0.85,0.));
#3606 = VECTOR('',#3607,1.);
#3607 = DIRECTION('',(-3.445092848398E-16,-1.,0.));
#3608 = ORIENTED_EDGE('',*,*,#3609,.T.);
#3609 = EDGE_CURVE('',#3600,#2376,#3610,.T.);
#3610 = LINE('',#3611,#3612);
#3611 = CARTESIAN_POINT('',(1.,0.85,0.));
#3612 = VECTOR('',#3613,1.);
#3613 = DIRECTION('',(0.,0.,1.));
#3614 = ORIENTED_EDGE('',*,*,#2373,.F.);
#3615 = ORIENTED_EDGE('',*,*,#3616,.F.);
#3616 = EDGE_CURVE('',#3602,#2374,#3617,.T.);
#3617 = LINE('',#3618,#3619);
#3618 = CARTESIAN_POINT('',(1.,0.65,0.));
#3619 = VECTOR('',#3620,1.);
#3620 = DIRECTION('',(0.,0.,1.));
#3621 = PLANE('',#3622);
#3622 = AXIS2_PLACEMENT_3D('',#3623,#3624,#3625);
#3623 = CARTESIAN_POINT('',(1.,0.85,0.));
#3624 = DIRECTION('',(1.,-3.445092848398E-16,0.));
#3625 = DIRECTION('',(-3.445092848398E-16,-1.,0.));
#3626 = ADVANCED_FACE('',(#3627),#3645,.F.);
#3627 = FACE_BOUND('',#3628,.F.);
#3628 = EDGE_LOOP('',(#3629,#3637,#3638,#3639));
#3629 = ORIENTED_EDGE('',*,*,#3630,.F.);
#3630 = EDGE_CURVE('',#3602,#3631,#3633,.T.);
#3631 = VERTEX_POINT('',#3632);
#3632 = CARTESIAN_POINT('',(1.4,0.65,0.));
#3633 = LINE('',#3634,#3635);
#3634 = CARTESIAN_POINT('',(1.,0.65,0.));
#3635 = VECTOR('',#3636,1.);
#3636 = DIRECTION('',(1.,-3.445092848398E-16,0.));
#3637 = ORIENTED_EDGE('',*,*,#3616,.T.);
#3638 = ORIENTED_EDGE('',*,*,#2399,.F.);
#3639 = ORIENTED_EDGE('',*,*,#3640,.F.);
#3640 = EDGE_CURVE('',#3631,#2392,#3641,.T.);
#3641 = LINE('',#3642,#3643);
#3642 = CARTESIAN_POINT('',(1.4,0.65,0.));
#3643 = VECTOR('',#3644,1.);
#3644 = DIRECTION('',(0.,0.,1.));
#3645 = PLANE('',#3646);
#3646 = AXIS2_PLACEMENT_3D('',#3647,#3648,#3649);
#3647 = CARTESIAN_POINT('',(1.,0.65,0.));
#3648 = DIRECTION('',(3.445092848398E-16,1.,0.));
#3649 = DIRECTION('',(1.,-3.445092848398E-16,0.));
#3650 = ADVANCED_FACE('',(#3651),#3669,.F.);
#3651 = FACE_BOUND('',#3652,.F.);
#3652 = EDGE_LOOP('',(#3653,#3661,#3667,#3668));
#3653 = ORIENTED_EDGE('',*,*,#3654,.F.);
#3654 = EDGE_CURVE('',#3655,#3600,#3657,.T.);
#3655 = VERTEX_POINT('',#3656);
#3656 = CARTESIAN_POINT('',(1.4,0.85,0.));
#3657 = LINE('',#3658,#3659);
#3658 = CARTESIAN_POINT('',(1.4,0.85,0.));
#3659 = VECTOR('',#3660,1.);
#3660 = DIRECTION('',(-1.,3.445092848398E-16,0.));
#3661 = ORIENTED_EDGE('',*,*,#3662,.T.);
#3662 = EDGE_CURVE('',#3655,#2384,#3663,.T.);
#3663 = LINE('',#3664,#3665);
#3664 = CARTESIAN_POINT('',(1.4,0.85,0.));
#3665 = VECTOR('',#3666,1.);
#3666 = DIRECTION('',(0.,0.,1.));
#3667 = ORIENTED_EDGE('',*,*,#2383,.F.);
#3668 = ORIENTED_EDGE('',*,*,#3609,.F.);
#3669 = PLANE('',#3670);
#3670 = AXIS2_PLACEMENT_3D('',#3671,#3672,#3673);
#3671 = CARTESIAN_POINT('',(1.4,0.85,0.));
#3672 = DIRECTION('',(-3.445092848398E-16,-1.,0.));
#3673 = DIRECTION('',(-1.,3.445092848398E-16,0.));
#3674 = ADVANCED_FACE('',(#3675),#3686,.F.);
#3675 = FACE_BOUND('',#3676,.F.);
#3676 = EDGE_LOOP('',(#3677,#3683,#3684,#3685));
#3677 = ORIENTED_EDGE('',*,*,#3678,.F.);
#3678 = EDGE_CURVE('',#3631,#3655,#3679,.T.);
#3679 = LINE('',#3680,#3681);
#3680 = CARTESIAN_POINT('',(1.4,0.65,0.));
#3681 = VECTOR('',#3682,1.);
#3682 = DIRECTION('',(3.445092848398E-16,1.,0.));
#3683 = ORIENTED_EDGE('',*,*,#3640,.T.);
#3684 = ORIENTED_EDGE('',*,*,#2391,.F.);
#3685 = ORIENTED_EDGE('',*,*,#3662,.F.);
#3686 = PLANE('',#3687);
#3687 = AXIS2_PLACEMENT_3D('',#3688,#3689,#3690);
#3688 = CARTESIAN_POINT('',(1.4,0.65,0.));
#3689 = DIRECTION('',(-1.,3.445092848398E-16,0.));
#3690 = DIRECTION('',(3.445092848398E-16,1.,0.));
#3691 = ADVANCED_FACE('',(#3692),#3717,.F.);
#3692 = FACE_BOUND('',#3693,.F.);
#3693 = EDGE_LOOP('',(#3694,#3704,#3710,#3711));
#3694 = ORIENTED_EDGE('',*,*,#3695,.F.);
#3695 = EDGE_CURVE('',#3696,#3698,#3700,.T.);
#3696 = VERTEX_POINT('',#3697);
#3697 = CARTESIAN_POINT('',(-1.4,0.85,0.));
#3698 = VERTEX_POINT('',#3699);
#3699 = CARTESIAN_POINT('',(-1.4,0.65,0.));
#3700 = LINE('',#3701,#3702);
#3701 = CARTESIAN_POINT('',(-1.4,0.85,0.));
#3702 = VECTOR('',#3703,1.);
#3703 = DIRECTION('',(-4.669739647545E-16,-1.,0.));
#3704 = ORIENTED_EDGE('',*,*,#3705,.T.);
#3705 = EDGE_CURVE('',#3696,#2410,#3706,.T.);
#3706 = LINE('',#3707,#3708);
#3707 = CARTESIAN_POINT('',(-1.4,0.85,0.));
#3708 = VECTOR('',#3709,1.);
#3709 = DIRECTION('',(0.,0.,1.));
#3710 = ORIENTED_EDGE('',*,*,#2407,.F.);
#3711 = ORIENTED_EDGE('',*,*,#3712,.F.);
#3712 = EDGE_CURVE('',#3698,#2408,#3713,.T.);
#3713 = LINE('',#3714,#3715);
#3714 = CARTESIAN_POINT('',(-1.4,0.65,0.));
#3715 = VECTOR('',#3716,1.);
#3716 = DIRECTION('',(0.,0.,1.));
#3717 = PLANE('',#3718);
#3718 = AXIS2_PLACEMENT_3D('',#3719,#3720,#3721);
#3719 = CARTESIAN_POINT('',(-1.4,0.85,0.));
#3720 = DIRECTION('',(1.,-4.669739647545E-16,0.));
#3721 = DIRECTION('',(-4.669739647545E-16,-1.,0.));
#3722 = ADVANCED_FACE('',(#3723),#3741,.F.);
#3723 = FACE_BOUND('',#3724,.F.);
#3724 = EDGE_LOOP('',(#3725,#3733,#3734,#3735));
#3725 = ORIENTED_EDGE('',*,*,#3726,.F.);
#3726 = EDGE_CURVE('',#3698,#3727,#3729,.T.);
#3727 = VERTEX_POINT('',#3728);
#3728 = CARTESIAN_POINT('',(-1.,0.65,0.));
#3729 = LINE('',#3730,#3731);
#3730 = CARTESIAN_POINT('',(-1.4,0.65,0.));
#3731 = VECTOR('',#3732,1.);
#3732 = DIRECTION('',(1.,-4.669739647545E-16,0.));
#3733 = ORIENTED_EDGE('',*,*,#3712,.T.);
#3734 = ORIENTED_EDGE('',*,*,#2433,.F.);
#3735 = ORIENTED_EDGE('',*,*,#3736,.F.);
#3736 = EDGE_CURVE('',#3727,#2426,#3737,.T.);
#3737 = LINE('',#3738,#3739);
#3738 = CARTESIAN_POINT('',(-1.,0.65,0.));
#3739 = VECTOR('',#3740,1.);
#3740 = DIRECTION('',(0.,0.,1.));
#3741 = PLANE('',#3742);
#3742 = AXIS2_PLACEMENT_3D('',#3743,#3744,#3745);
#3743 = CARTESIAN_POINT('',(-1.4,0.65,0.));
#3744 = DIRECTION('',(4.669739647545E-16,1.,0.));
#3745 = DIRECTION('',(1.,-4.669739647545E-16,0.));
#3746 = ADVANCED_FACE('',(#3747),#3765,.F.);
#3747 = FACE_BOUND('',#3748,.F.);
#3748 = EDGE_LOOP('',(#3749,#3757,#3763,#3764));
#3749 = ORIENTED_EDGE('',*,*,#3750,.F.);
#3750 = EDGE_CURVE('',#3751,#3696,#3753,.T.);
#3751 = VERTEX_POINT('',#3752);
#3752 = CARTESIAN_POINT('',(-1.,0.85,0.));
#3753 = LINE('',#3754,#3755);
#3754 = CARTESIAN_POINT('',(-1.,0.85,0.));
#3755 = VECTOR('',#3756,1.);
#3756 = DIRECTION('',(-1.,4.669739647545E-16,0.));
#3757 = ORIENTED_EDGE('',*,*,#3758,.T.);
#3758 = EDGE_CURVE('',#3751,#2418,#3759,.T.);
#3759 = LINE('',#3760,#3761);
#3760 = CARTESIAN_POINT('',(-1.,0.85,0.));
#3761 = VECTOR('',#3762,1.);
#3762 = DIRECTION('',(0.,0.,1.));
#3763 = ORIENTED_EDGE('',*,*,#2417,.F.);
#3764 = ORIENTED_EDGE('',*,*,#3705,.F.);
#3765 = PLANE('',#3766);
#3766 = AXIS2_PLACEMENT_3D('',#3767,#3768,#3769);
#3767 = CARTESIAN_POINT('',(-1.,0.85,0.));
#3768 = DIRECTION('',(-4.669739647545E-16,-1.,0.));
#3769 = DIRECTION('',(-1.,4.669739647545E-16,0.));
#3770 = ADVANCED_FACE('',(#3771),#3782,.F.);
#3771 = FACE_BOUND('',#3772,.F.);
#3772 = EDGE_LOOP('',(#3773,#3779,#3780,#3781));
#3773 = ORIENTED_EDGE('',*,*,#3774,.F.);
#3774 = EDGE_CURVE('',#3727,#3751,#3775,.T.);
#3775 = LINE('',#3776,#3777);
#3776 = CARTESIAN_POINT('',(-1.,0.65,0.));
#3777 = VECTOR('',#3778,1.);
#3778 = DIRECTION('',(4.669739647545E-16,1.,0.));
#3779 = ORIENTED_EDGE('',*,*,#3736,.T.);
#3780 = ORIENTED_EDGE('',*,*,#2425,.F.);
#3781 = ORIENTED_EDGE('',*,*,#3758,.F.);
#3782 = PLANE('',#3783);
#3783 = AXIS2_PLACEMENT_3D('',#3784,#3785,#3786);
#3784 = CARTESIAN_POINT('',(-1.,0.65,0.));
#3785 = DIRECTION('',(-1.,4.669739647545E-16,0.));
#3786 = DIRECTION('',(4.669739647545E-16,1.,0.));
#3787 = ADVANCED_FACE('',(#3788,#3794),#3805,.T.);
#3788 = FACE_BOUND('',#3789,.T.);
#3789 = EDGE_LOOP('',(#3790,#3791,#3792,#3793));
#3790 = ORIENTED_EDGE('',*,*,#2464,.F.);
#3791 = ORIENTED_EDGE('',*,*,#2504,.T.);
#3792 = ORIENTED_EDGE('',*,*,#2529,.T.);
#3793 = ORIENTED_EDGE('',*,*,#2480,.F.);
#3794 = FACE_BOUND('',#3795,.T.);
#3795 = EDGE_LOOP('',(#3796));
#3796 = ORIENTED_EDGE('',*,*,#3797,.T.);
#3797 = EDGE_CURVE('',#3798,#3798,#3800,.T.);
#3798 = VERTEX_POINT('',#3799);
#3799 = CARTESIAN_POINT('',(-1.,0.65,0.78));
#3800 = CIRCLE('',#3801,0.1);
#3801 = AXIS2_PLACEMENT_3D('',#3802,#3803,#3804);
#3802 = CARTESIAN_POINT('',(-1.,0.75,0.78));
#3803 = DIRECTION('',(-0.,0.,-1.));
#3804 = DIRECTION('',(-2.22044604925E-16,-1.,0.));
#3805 = PLANE('',#3806);
#3806 = AXIS2_PLACEMENT_3D('',#3807,#3808,#3809);
#3807 = CARTESIAN_POINT('',(-1.5,1.25,0.78));
#3808 = DIRECTION('',(0.,0.,1.));
#3809 = DIRECTION('',(-2.22044604925E-16,-1.,0.));
#3810 = ADVANCED_FACE('',(#3811),#3817,.F.);
#3811 = FACE_BOUND('',#3812,.F.);
#3812 = EDGE_LOOP('',(#3813,#3814,#3815,#3816));
#3813 = ORIENTED_EDGE('',*,*,#2622,.T.);
#3814 = ORIENTED_EDGE('',*,*,#2598,.T.);
#3815 = ORIENTED_EDGE('',*,*,#2543,.T.);
#3816 = ORIENTED_EDGE('',*,*,#2574,.T.);
#3817 = PLANE('',#3818);
#3818 = AXIS2_PLACEMENT_3D('',#3819,#3820,#3821);
#3819 = CARTESIAN_POINT('',(-1.2,-0.75,0.));
#3820 = DIRECTION('',(0.,0.,1.));
#3821 = DIRECTION('',(-4.669739647545E-16,-1.,0.));
#3822 = ADVANCED_FACE('',(#3823),#3829,.F.);
#3823 = FACE_BOUND('',#3824,.F.);
#3824 = EDGE_LOOP('',(#3825,#3826,#3827,#3828));
#3825 = ORIENTED_EDGE('',*,*,#2694,.T.);
#3826 = ORIENTED_EDGE('',*,*,#2639,.T.);
#3827 = ORIENTED_EDGE('',*,*,#2670,.T.);
#3828 = ORIENTED_EDGE('',*,*,#2718,.T.);
#3829 = PLANE('',#3830);
#3830 = AXIS2_PLACEMENT_3D('',#3831,#3832,#3833);
#3831 = CARTESIAN_POINT('',(-3.74700270811E-16,-0.95,0.));
#3832 = DIRECTION('',(0.,0.,1.));
#3833 = DIRECTION('',(1.,-5.665538897648E-16,0.));
#3834 = ADVANCED_FACE('',(#3835),#3841,.F.);
#3835 = FACE_BOUND('',#3836,.F.);
#3836 = EDGE_LOOP('',(#3837,#3838,#3839,#3840));
#3837 = ORIENTED_EDGE('',*,*,#2790,.T.);
#3838 = ORIENTED_EDGE('',*,*,#2735,.T.);
#3839 = ORIENTED_EDGE('',*,*,#2766,.T.);
#3840 = ORIENTED_EDGE('',*,*,#2814,.T.);
#3841 = PLANE('',#3842);
#3842 = AXIS2_PLACEMENT_3D('',#3843,#3844,#3845);
#3843 = CARTESIAN_POINT('',(-0.5,-0.95,0.));
#3844 = DIRECTION('',(0.,0.,1.));
#3845 = DIRECTION('',(1.,-5.665538897648E-16,0.));
#3846 = ADVANCED_FACE('',(#3847),#3853,.F.);
#3847 = FACE_BOUND('',#3848,.F.);
#3848 = EDGE_LOOP('',(#3849,#3850,#3851,#3852));
#3849 = ORIENTED_EDGE('',*,*,#2886,.T.);
#3850 = ORIENTED_EDGE('',*,*,#2831,.T.);
#3851 = ORIENTED_EDGE('',*,*,#2862,.T.);
#3852 = ORIENTED_EDGE('',*,*,#2910,.T.);
#3853 = PLANE('',#3854);
#3854 = AXIS2_PLACEMENT_3D('',#3855,#3856,#3857);
#3855 = CARTESIAN_POINT('',(1.2,-0.75,0.));
#3856 = DIRECTION('',(0.,0.,1.));
#3857 = DIRECTION('',(3.445092848398E-16,1.,-0.));
#3858 = ADVANCED_FACE('',(#3859),#3865,.F.);
#3859 = FACE_BOUND('',#3860,.F.);
#3860 = EDGE_LOOP('',(#3861,#3862,#3863,#3864));
#3861 = ORIENTED_EDGE('',*,*,#2982,.T.);
#3862 = ORIENTED_EDGE('',*,*,#2927,.T.);
#3863 = ORIENTED_EDGE('',*,*,#2958,.T.);
#3864 = ORIENTED_EDGE('',*,*,#3006,.T.);
#3865 = PLANE('',#3866);
#3866 = AXIS2_PLACEMENT_3D('',#3867,#3868,#3869);
#3867 = CARTESIAN_POINT('',(0.5,-0.95,0.));
#3868 = DIRECTION('',(0.,0.,1.));
#3869 = DIRECTION('',(1.,-5.665538897648E-16,0.));
#3870 = ADVANCED_FACE('',(#3871),#3877,.F.);
#3871 = FACE_BOUND('',#3872,.F.);
#3872 = EDGE_LOOP('',(#3873,#3874,#3875,#3876));
#3873 = ORIENTED_EDGE('',*,*,#3078,.T.);
#3874 = ORIENTED_EDGE('',*,*,#3023,.T.);
#3875 = ORIENTED_EDGE('',*,*,#3054,.T.);
#3876 = ORIENTED_EDGE('',*,*,#3102,.T.);
#3877 = PLANE('',#3878);
#3878 = AXIS2_PLACEMENT_3D('',#3879,#3880,#3881);
#3879 = CARTESIAN_POINT('',(-1.2,0.25,0.));
#3880 = DIRECTION('',(0.,0.,1.));
#3881 = DIRECTION('',(-4.669739647545E-16,-1.,0.));
#3882 = ADVANCED_FACE('',(#3883),#3889,.F.);
#3883 = FACE_BOUND('',#3884,.F.);
#3884 = EDGE_LOOP('',(#3885,#3886,#3887,#3888));
#3885 = ORIENTED_EDGE('',*,*,#3174,.T.);
#3886 = ORIENTED_EDGE('',*,*,#3119,.T.);
#3887 = ORIENTED_EDGE('',*,*,#3150,.T.);
#3888 = ORIENTED_EDGE('',*,*,#3198,.T.);
#3889 = PLANE('',#3890);
#3890 = AXIS2_PLACEMENT_3D('',#3891,#3892,#3893);
#3891 = CARTESIAN_POINT('',(-1.2,-0.25,0.));
#3892 = DIRECTION('',(0.,0.,1.));
#3893 = DIRECTION('',(-4.669739647545E-16,-1.,0.));
#3894 = ADVANCED_FACE('',(#3895),#3901,.F.);
#3895 = FACE_BOUND('',#3896,.F.);
#3896 = EDGE_LOOP('',(#3897,#3898,#3899,#3900));
#3897 = ORIENTED_EDGE('',*,*,#3215,.T.);
#3898 = ORIENTED_EDGE('',*,*,#3246,.T.);
#3899 = ORIENTED_EDGE('',*,*,#3294,.T.);
#3900 = ORIENTED_EDGE('',*,*,#3270,.T.);
#3901 = PLANE('',#3902);
#3902 = AXIS2_PLACEMENT_3D('',#3903,#3904,#3905);
#3903 = CARTESIAN_POINT('',(1.2,-0.25,0.));
#3904 = DIRECTION('',(0.,0.,1.));
#3905 = DIRECTION('',(3.445092848398E-16,1.,-0.));
#3906 = ADVANCED_FACE('',(#3907),#3913,.F.);
#3907 = FACE_BOUND('',#3908,.F.);
#3908 = EDGE_LOOP('',(#3909,#3910,#3911,#3912));
#3909 = ORIENTED_EDGE('',*,*,#3390,.T.);
#3910 = ORIENTED_EDGE('',*,*,#3366,.T.);
#3911 = ORIENTED_EDGE('',*,*,#3311,.T.);
#3912 = ORIENTED_EDGE('',*,*,#3342,.T.);
#3913 = PLANE('',#3914);
#3914 = AXIS2_PLACEMENT_3D('',#3915,#3916,#3917);
#3915 = CARTESIAN_POINT('',(1.2,0.25,0.));
#3916 = DIRECTION('',(0.,0.,1.));
#3917 = DIRECTION('',(3.445092848398E-16,1.,-0.));
#3918 = ADVANCED_FACE('',(#3919),#3925,.F.);
#3919 = FACE_BOUND('',#3920,.F.);
#3920 = EDGE_LOOP('',(#3921,#3922,#3923,#3924));
#3921 = ORIENTED_EDGE('',*,*,#3438,.T.);
#3922 = ORIENTED_EDGE('',*,*,#3486,.T.);
#3923 = ORIENTED_EDGE('',*,*,#3462,.T.);
#3924 = ORIENTED_EDGE('',*,*,#3407,.T.);
#3925 = PLANE('',#3926);
#3926 = AXIS2_PLACEMENT_3D('',#3927,#3928,#3929);
#3927 = CARTESIAN_POINT('',(0.5,0.95,0.));
#3928 = DIRECTION('',(0.,0.,1.));
#3929 = DIRECTION('',(-1.,4.555315873023E-16,0.));
#3930 = ADVANCED_FACE('',(#3931),#3937,.F.);
#3931 = FACE_BOUND('',#3932,.F.);
#3932 = EDGE_LOOP('',(#3933,#3934,#3935,#3936));
#3933 = ORIENTED_EDGE('',*,*,#3534,.T.);
#3934 = ORIENTED_EDGE('',*,*,#3582,.T.);
#3935 = ORIENTED_EDGE('',*,*,#3558,.T.);
#3936 = ORIENTED_EDGE('',*,*,#3503,.T.);
#3937 = PLANE('',#3938);
#3938 = AXIS2_PLACEMENT_3D('',#3939,#3940,#3941);
#3939 = CARTESIAN_POINT('',(2.775557561563E-16,0.95,0.));
#3940 = DIRECTION('',(0.,0.,1.));
#3941 = DIRECTION('',(-1.,4.555315873023E-16,0.));
#3942 = ADVANCED_FACE('',(#3943),#3949,.F.);
#3943 = FACE_BOUND('',#3944,.F.);
#3944 = EDGE_LOOP('',(#3945,#3946,#3947,#3948));
#3945 = ORIENTED_EDGE('',*,*,#3654,.T.);
#3946 = ORIENTED_EDGE('',*,*,#3599,.T.);
#3947 = ORIENTED_EDGE('',*,*,#3630,.T.);
#3948 = ORIENTED_EDGE('',*,*,#3678,.T.);
#3949 = PLANE('',#3950);
#3950 = AXIS2_PLACEMENT_3D('',#3951,#3952,#3953);
#3951 = CARTESIAN_POINT('',(1.2,0.75,0.));
#3952 = DIRECTION('',(0.,0.,1.));
#3953 = DIRECTION('',(3.445092848398E-16,1.,-0.));
#3954 = ADVANCED_FACE('',(#3955),#3961,.F.);
#3955 = FACE_BOUND('',#3956,.F.);
#3956 = EDGE_LOOP('',(#3957,#3958,#3959,#3960));
#3957 = ORIENTED_EDGE('',*,*,#3726,.T.);
#3958 = ORIENTED_EDGE('',*,*,#3774,.T.);
#3959 = ORIENTED_EDGE('',*,*,#3750,.T.);
#3960 = ORIENTED_EDGE('',*,*,#3695,.T.);
#3961 = PLANE('',#3962);
#3962 = AXIS2_PLACEMENT_3D('',#3963,#3964,#3965);
#3963 = CARTESIAN_POINT('',(-1.2,0.75,0.));
#3964 = DIRECTION('',(0.,0.,1.));
#3965 = DIRECTION('',(-4.669739647545E-16,-1.,0.));
#3966 = ADVANCED_FACE('',(#3967),#3986,.F.);
#3967 = FACE_BOUND('',#3968,.F.);
#3968 = EDGE_LOOP('',(#3969,#3977,#3984,#3985));
#3969 = ORIENTED_EDGE('',*,*,#3970,.T.);
#3970 = EDGE_CURVE('',#3798,#3971,#3973,.T.);
#3971 = VERTEX_POINT('',#3972);
#3972 = CARTESIAN_POINT('',(-1.,0.65,0.76));
#3973 = LINE('',#3974,#3975);
#3974 = CARTESIAN_POINT('',(-1.,0.65,0.8));
#3975 = VECTOR('',#3976,1.);
#3976 = DIRECTION('',(-0.,0.,-1.));
#3977 = ORIENTED_EDGE('',*,*,#3978,.T.);
#3978 = EDGE_CURVE('',#3971,#3971,#3979,.T.);
#3979 = CIRCLE('',#3980,0.1);
#3980 = AXIS2_PLACEMENT_3D('',#3981,#3982,#3983);
#3981 = CARTESIAN_POINT('',(-1.,0.75,0.76));
#3982 = DIRECTION('',(0.,0.,1.));
#3983 = DIRECTION('',(-2.22044604925E-16,-1.,0.));
#3984 = ORIENTED_EDGE('',*,*,#3970,.F.);
#3985 = ORIENTED_EDGE('',*,*,#3797,.T.);
#3986 = CYLINDRICAL_SURFACE('',#3987,0.1);
#3987 = AXIS2_PLACEMENT_3D('',#3988,#3989,#3990);
#3988 = CARTESIAN_POINT('',(-1.,0.75,0.8));
#3989 = DIRECTION('',(0.,0.,-1.));
#3990 = DIRECTION('',(-2.22044604925E-16,-1.,-0.));
#3991 = ADVANCED_FACE('',(#3992),#3995,.T.);
#3992 = FACE_BOUND('',#3993,.T.);
#3993 = EDGE_LOOP('',(#3994));
#3994 = ORIENTED_EDGE('',*,*,#3978,.T.);
#3995 = PLANE('',#3996);
#3996 = AXIS2_PLACEMENT_3D('',#3997,#3998,#3999);
#3997 = CARTESIAN_POINT('',(-1.,0.75,0.76));
#3998 = DIRECTION('',(0.,0.,1.));
#3999 = DIRECTION('',(-2.22044604925E-16,-1.,0.));
#4000 = ( GEOMETRIC_REPRESENTATION_CONTEXT(3) 
GLOBAL_UNCERTAINTY_ASSIGNED_CONTEXT((#4004)) 
GLOBAL_UNIT_ASSIGNED_CONTEXT((#4001,#4002,#4003)) REPRESENTATION_CONTEXT
('Context #1','3D Context with UNIT and UNCERTAINTY') );
#4001 = ( LENGTH_UNIT() NAMED_UNIT(*) SI_UNIT(.MILLI.,.METRE.) );
#4002 = ( NAMED_UNIT(*) PLANE_ANGLE_UNIT() SI_UNIT($,.RADIAN.) );
#4003 = ( NAMED_UNIT(*) SI_UNIT($,.STERADIAN.) SOLID_ANGLE_UNIT() );
#4004 = UNCERTAINTY_MEASURE_WITH_UNIT(LENGTH_MEASURE(1.E-07),#4001,
  'distance_accuracy_value','confusion accuracy');
#4005 = CONTEXT_DEPENDENT_SHAPE_REPRESENTATION(#4006,#4008);
#4006 = ( REPRESENTATION_RELATIONSHIP('','',#1816,#1793) 
REPRESENTATION_RELATIONSHIP_WITH_TRANSFORMATION(#4007) 
SHAPE_REPRESENTATION_RELATIONSHIP() );
#4007 = ITEM_DEFINED_TRANSFORMATION('','',#11,#1794);
#4008 = PRODUCT_DEFINITION_SHAPE('Placement','Placement of an item',
  #4009);
#4009 = NEXT_ASSEMBLY_USAGE_OCCURRENCE('6','=>[0:1:1:7]','',#1788,#1811,
  $);
#4010 = PRODUCT_RELATED_PRODUCT_CATEGORY('part',$,(#1813));
#4011 = SHAPE_DEFINITION_REPRESENTATION(#4012,#4018);
#4012 = PRODUCT_DEFINITION_SHAPE('','',#4013);
#4013 = PRODUCT_DEFINITION('design','',#4014,#4017);
#4014 = PRODUCT_DEFINITION_FORMATION('','',#4015);
#4015 = PRODUCT('JST_PH_B8B-PH-K_1x08_P2.00mm_Vertical',
  'JST_PH_B8B-PH-K_1x08_P2.00mm_Vertical','',(#4016));
#4016 = PRODUCT_CONTEXT('',#2,'mechanical');
#4017 = PRODUCT_DEFINITION_CONTEXT('part definition',#2,'design');
#4018 = SHAPE_REPRESENTATION('',(#11,#4019),#4023);
#4019 = AXIS2_PLACEMENT_3D('',#4020,#4021,#4022);
#4020 = CARTESIAN_POINT('',(0.,0.,0.));
#4021 = DIRECTION('',(0.,0.,1.));
#4022 = DIRECTION('',(1.,0.,-0.));
#4023 = ( GEOMETRIC_REPRESENTATION_CONTEXT(3) 
GLOBAL_UNCERTAINTY_ASSIGNED_CONTEXT((#4027)) 
GLOBAL_UNIT_ASSIGNED_CONTEXT((#4024,#4025,#4026)) REPRESENTATION_CONTEXT
('Context #1','3D Context with UNIT and UNCERTAINTY') );
#4024 = ( LENGTH_UNIT() NAMED_UNIT(*) SI_UNIT(.MILLI.,.METRE.) );
#4025 = ( NAMED_UNIT(*) PLANE_ANGLE_UNIT() SI_UNIT($,.RADIAN.) );
#4026 = ( NAMED_UNIT(*) SI_UNIT($,.STERADIAN.) SOLID_ANGLE_UNIT() );
#4027 = UNCERTAINTY_MEASURE_WITH_UNIT(LENGTH_MEASURE(1.E-07),#4024,
  'distance_accuracy_value','confusion accuracy');
#4028 = CONTEXT_DEPENDENT_SHAPE_REPRESENTATION(#4029,#4031);
#4029 = ( REPRESENTATION_RELATIONSHIP('','',#4018,#10) 
REPRESENTATION_RELATIONSHIP_WITH_TRANSFORMATION(#4030) 
SHAPE_REPRESENTATION_RELATIONSHIP() );
#4030 = ITEM_DEFINED_TRANSFORMATION('','',#11,#31);
#4031 = PRODUCT_DEFINITION_SHAPE('Placement','Placement of an item',
  #4032);
#4032 = NEXT_ASSEMBLY_USAGE_OCCURRENCE('9','J1','',#5,#4013,$);
#4033 = PRODUCT_RELATED_PRODUCT_CATEGORY('part',$,(#4015));
#4034 = SHAPE_DEFINITION_REPRESENTATION(#4035,#4041);
#4035 = PRODUCT_DEFINITION_SHAPE('','',#4036);
#4036 = PRODUCT_DEFINITION('design','',#4037,#4040);
#4037 = PRODUCT_DEFINITION_FORMATION('','',#4038);
#4038 = PRODUCT('JST_B8B_PH_K','JST_B8B_PH_K','',(#4039));
#4039 = PRODUCT_CONTEXT('',#2,'mechanical');
#4040 = PRODUCT_DEFINITION_CONTEXT('part definition',#2,'design');
#4041 = ADVANCED_BREP_SHAPE_REPRESENTATION('',(#11,#4042),#11770);
#4042 = MANIFOLD_SOLID_BREP('',#4043);
#4043 = CLOSED_SHELL('',(#4044,#4084,#4148,#4428,#4468,#4871,#4911,#4935
    ,#4960,#4984,#5033,#5055,#5088,#5112,#5143,#5160,#5193,#5217,#5248,
    #5265,#5298,#5322,#5353,#5370,#5403,#5427,#5458,#5475,#5508,#5532,
    #5563,#5580,#5613,#5637,#5668,#5685,#5718,#5742,#5773,#5790,#5823,
    #5840,#5883,#5900,#5946,#5963,#5980,#5997,#6014,#6031,#6048,#6065,
    #6128,#6152,#6199,#6223,#6247,#6264,#6281,#6305,#6329,#6346,#6377,
    #6401,#6425,#6442,#6477,#6517,#6541,#6582,#6823,#6869,#6915,#6961,
    #7007,#7053,#7099,#7145,#7162,#7174,#7237,#7261,#7317,#7334,#7346,
    #7791,#7815,#7839,#7856,#7880,#7904,#7921,#7945,#7969,#7986,#8010,
    #8034,#8051,#8075,#8099,#8116,#8140,#8164,#8181,#8205,#8229,#8246,
    #8309,#8333,#8389,#8406,#8437,#8461,#8485,#8502,#8533,#8557,#8581,
    #8598,#8629,#8653,#8677,#8694,#8725,#8749,#8773,#8790,#8821,#8845,
    #8869,#8886,#8917,#8941,#8965,#8982,#9029,#9060,#9072,#9089,#9115,
    #9148,#9160,#9172,#9184,#9196,#9208,#9220,#9232,#9263,#9287,#9311,
    #9328,#9359,#9383,#9407,#9424,#9455,#9479,#9503,#9520,#9551,#9575,
    #9599,#9616,#9647,#9671,#9695,#9712,#9743,#9767,#9791,#9808,#9839,
    #9863,#9887,#9904,#9935,#9959,#9983,#10000,#10047,#10078,#10090,
    #10107,#10133,#10166,#10197,#10221,#10245,#10262,#10293,#10317,
    #10341,#10358,#10389,#10413,#10437,#10454,#10485,#10509,#10533,
    #10550,#10581,#10605,#10629,#10646,#10677,#10701,#10725,#10742,
    #10759,#10776,#10788,#10819,#10843,#10867,#10884,#10915,#10939,
    #10963,#10980,#11011,#11035,#11059,#11076,#11107,#11131,#11155,
    #11172,#11203,#11227,#11251,#11268,#11299,#11323,#11347,#11364,
    #11395,#11419,#11443,#11460,#11491,#11515,#11539,#11556,#11573,
    #11590,#11602,#11614,#11626,#11638,#11650,#11662,#11674,#11686,
    #11698,#11710,#11722,#11734,#11746,#11758));
#4044 = ADVANCED_FACE('',(#4045),#4079,.F.);
#4045 = FACE_BOUND('',#4046,.F.);
#4046 = EDGE_LOOP('',(#4047,#4057,#4065,#4073));
#4047 = ORIENTED_EDGE('',*,*,#4048,.T.);
#4048 = EDGE_CURVE('',#4049,#4051,#4053,.T.);
#4049 = VERTEX_POINT('',#4050);
#4050 = CARTESIAN_POINT('',(15.95,-2.8,0.));
#4051 = VERTEX_POINT('',#4052);
#4052 = CARTESIAN_POINT('',(15.95,1.7,0.));
#4053 = LINE('',#4054,#4055);
#4054 = CARTESIAN_POINT('',(15.95,-2.8,0.));
#4055 = VECTOR('',#4056,1.);
#4056 = DIRECTION('',(1.224646799147E-16,1.,0.));
#4057 = ORIENTED_EDGE('',*,*,#4058,.T.);
#4058 = EDGE_CURVE('',#4051,#4059,#4061,.T.);
#4059 = VERTEX_POINT('',#4060);
#4060 = CARTESIAN_POINT('',(14.75,1.7,0.));
#4061 = LINE('',#4062,#4063);
#4062 = CARTESIAN_POINT('',(15.95,1.7,0.));
#4063 = VECTOR('',#4064,1.);
#4064 = DIRECTION('',(-1.,1.224646799147E-16,0.));
#4065 = ORIENTED_EDGE('',*,*,#4066,.F.);
#4066 = EDGE_CURVE('',#4067,#4059,#4069,.T.);
#4067 = VERTEX_POINT('',#4068);
#4068 = CARTESIAN_POINT('',(14.75,-2.8,0.));
#4069 = LINE('',#4070,#4071);
#4070 = CARTESIAN_POINT('',(14.75,-2.8,0.));
#4071 = VECTOR('',#4072,1.);
#4072 = DIRECTION('',(1.224646799147E-16,1.,0.));
#4073 = ORIENTED_EDGE('',*,*,#4074,.T.);
#4074 = EDGE_CURVE('',#4067,#4049,#4075,.T.);
#4075 = LINE('',#4076,#4077);
#4076 = CARTESIAN_POINT('',(-1.95,-2.8,0.));
#4077 = VECTOR('',#4078,1.);
#4078 = DIRECTION('',(1.,-1.224646799147E-16,0.));
#4079 = PLANE('',#4080);
#4080 = AXIS2_PLACEMENT_3D('',#4081,#4082,#4083);
#4081 = CARTESIAN_POINT('',(7.,-0.55,0.));
#4082 = DIRECTION('',(0.,0.,1.));
#4083 = DIRECTION('',(-1.,1.224646799147E-16,0.));
#4084 = ADVANCED_FACE('',(#4085),#4143,.F.);
#4085 = FACE_BOUND('',#4086,.F.);
#4086 = EDGE_LOOP('',(#4087,#4088,#4096,#4104,#4112,#4121,#4129,#4137));
#4087 = ORIENTED_EDGE('',*,*,#4048,.F.);
#4088 = ORIENTED_EDGE('',*,*,#4089,.T.);
#4089 = EDGE_CURVE('',#4049,#4090,#4092,.T.);
#4090 = VERTEX_POINT('',#4091);
#4091 = CARTESIAN_POINT('',(15.95,-2.8,6.));
#4092 = LINE('',#4093,#4094);
#4093 = CARTESIAN_POINT('',(15.95,-2.8,0.));
#4094 = VECTOR('',#4095,1.);
#4095 = DIRECTION('',(0.,0.,1.));
#4096 = ORIENTED_EDGE('',*,*,#4097,.T.);
#4097 = EDGE_CURVE('',#4090,#4098,#4100,.T.);
#4098 = VERTEX_POINT('',#4099);
#4099 = CARTESIAN_POINT('',(15.95,-0.6,6.));
#4100 = LINE('',#4101,#4102);
#4101 = CARTESIAN_POINT('',(15.95,-2.8,6.));
#4102 = VECTOR('',#4103,1.);
#4103 = DIRECTION('',(1.224646799147E-16,1.,0.));
#4104 = ORIENTED_EDGE('',*,*,#4105,.F.);
#4105 = EDGE_CURVE('',#4106,#4098,#4108,.T.);
#4106 = VERTEX_POINT('',#4107);
#4107 = CARTESIAN_POINT('',(15.95,-0.6,4.4));
#4108 = LINE('',#4109,#4110);
#4109 = CARTESIAN_POINT('',(15.95,-0.6,4.4));
#4110 = VECTOR('',#4111,1.);
#4111 = DIRECTION('',(0.,0.,1.));
#4112 = ORIENTED_EDGE('',*,*,#4113,.F.);
#4113 = EDGE_CURVE('',#4114,#4106,#4116,.T.);
#4114 = VERTEX_POINT('',#4115);
#4115 = CARTESIAN_POINT('',(15.95,0.2,4.4));
#4116 = CIRCLE('',#4117,0.4);
#4117 = AXIS2_PLACEMENT_3D('',#4118,#4119,#4120);
#4118 = CARTESIAN_POINT('',(15.95,-0.2,4.4));
#4119 = DIRECTION('',(-1.,1.224646799147E-16,0.));
#4120 = DIRECTION('',(1.224646799147E-16,1.,0.));
#4121 = ORIENTED_EDGE('',*,*,#4122,.F.);
#4122 = EDGE_CURVE('',#4123,#4114,#4125,.T.);
#4123 = VERTEX_POINT('',#4124);
#4124 = CARTESIAN_POINT('',(15.95,0.2,6.));
#4125 = LINE('',#4126,#4127);
#4126 = CARTESIAN_POINT('',(15.95,0.2,6.));
#4127 = VECTOR('',#4128,1.);
#4128 = DIRECTION('',(-0.,0.,-1.));
#4129 = ORIENTED_EDGE('',*,*,#4130,.T.);
#4130 = EDGE_CURVE('',#4123,#4131,#4133,.T.);
#4131 = VERTEX_POINT('',#4132);
#4132 = CARTESIAN_POINT('',(15.95,1.7,6.));
#4133 = LINE('',#4134,#4135);
#4134 = CARTESIAN_POINT('',(15.95,-2.8,6.));
#4135 = VECTOR('',#4136,1.);
#4136 = DIRECTION('',(1.224646799147E-16,1.,0.));
#4137 = ORIENTED_EDGE('',*,*,#4138,.F.);
#4138 = EDGE_CURVE('',#4051,#4131,#4139,.T.);
#4139 = LINE('',#4140,#4141);
#4140 = CARTESIAN_POINT('',(15.95,1.7,0.));
#4141 = VECTOR('',#4142,1.);
#4142 = DIRECTION('',(0.,0.,1.));
#4143 = PLANE('',#4144);
#4144 = AXIS2_PLACEMENT_3D('',#4145,#4146,#4147);
#4145 = CARTESIAN_POINT('',(15.95,-2.8,0.));
#4146 = DIRECTION('',(-1.,1.224646799147E-16,0.));
#4147 = DIRECTION('',(1.224646799147E-16,1.,0.));
#4148 = ADVANCED_FACE('',(#4149),#4423,.F.);
#4149 = FACE_BOUND('',#4150,.F.);
#4150 = EDGE_LOOP('',(#4151,#4161,#4169,#4175,#4176,#4177,#4185,#4193,
    #4201,#4209,#4217,#4225,#4233,#4241,#4249,#4257,#4265,#4273,#4281,
    #4289,#4297,#4305,#4313,#4321,#4329,#4337,#4345,#4353,#4361,#4369,
    #4377,#4385,#4393,#4401,#4409,#4417));
#4151 = ORIENTED_EDGE('',*,*,#4152,.F.);
#4152 = EDGE_CURVE('',#4153,#4155,#4157,.T.);
#4153 = VERTEX_POINT('',#4154);
#4154 = CARTESIAN_POINT('',(-1.95,-2.8,0.));
#4155 = VERTEX_POINT('',#4156);
#4156 = CARTESIAN_POINT('',(-0.75,-2.8,0.));
#4157 = LINE('',#4158,#4159);
#4158 = CARTESIAN_POINT('',(-1.95,-2.8,0.));
#4159 = VECTOR('',#4160,1.);
#4160 = DIRECTION('',(1.,-1.224646799147E-16,0.));
#4161 = ORIENTED_EDGE('',*,*,#4162,.T.);
#4162 = EDGE_CURVE('',#4153,#4163,#4165,.T.);
#4163 = VERTEX_POINT('',#4164);
#4164 = CARTESIAN_POINT('',(-1.95,-2.8,6.));
#4165 = LINE('',#4166,#4167);
#4166 = CARTESIAN_POINT('',(-1.95,-2.8,0.));
#4167 = VECTOR('',#4168,1.);
#4168 = DIRECTION('',(0.,0.,1.));
#4169 = ORIENTED_EDGE('',*,*,#4170,.T.);
#4170 = EDGE_CURVE('',#4163,#4090,#4171,.T.);
#4171 = LINE('',#4172,#4173);
#4172 = CARTESIAN_POINT('',(-1.95,-2.8,6.));
#4173 = VECTOR('',#4174,1.);
#4174 = DIRECTION('',(1.,-1.224646799147E-16,0.));
#4175 = ORIENTED_EDGE('',*,*,#4089,.F.);
#4176 = ORIENTED_EDGE('',*,*,#4074,.F.);
#4177 = ORIENTED_EDGE('',*,*,#4178,.F.);
#4178 = EDGE_CURVE('',#4179,#4067,#4181,.T.);
#4179 = VERTEX_POINT('',#4180);
#4180 = CARTESIAN_POINT('',(14.75,-2.8,0.2));
#4181 = LINE('',#4182,#4183);
#4182 = CARTESIAN_POINT('',(14.75,-2.8,0.2));
#4183 = VECTOR('',#4184,1.);
#4184 = DIRECTION('',(-0.,0.,-1.));
#4185 = ORIENTED_EDGE('',*,*,#4186,.T.);
#4186 = EDGE_CURVE('',#4179,#4187,#4189,.T.);
#4187 = VERTEX_POINT('',#4188);
#4188 = CARTESIAN_POINT('',(13.25,-2.8,0.2));
#4189 = LINE('',#4190,#4191);
#4190 = CARTESIAN_POINT('',(14.75,-2.8,0.2));
#4191 = VECTOR('',#4192,1.);
#4192 = DIRECTION('',(-1.,1.224646799147E-16,0.));
#4193 = ORIENTED_EDGE('',*,*,#4194,.T.);
#4194 = EDGE_CURVE('',#4187,#4195,#4197,.T.);
#4195 = VERTEX_POINT('',#4196);
#4196 = CARTESIAN_POINT('',(13.25,-2.8,0.));
#4197 = LINE('',#4198,#4199);
#4198 = CARTESIAN_POINT('',(13.25,-2.8,0.2));
#4199 = VECTOR('',#4200,1.);
#4200 = DIRECTION('',(-0.,0.,-1.));
#4201 = ORIENTED_EDGE('',*,*,#4202,.F.);
#4202 = EDGE_CURVE('',#4203,#4195,#4205,.T.);
#4203 = VERTEX_POINT('',#4204);
#4204 = CARTESIAN_POINT('',(12.75,-2.8,0.));
#4205 = LINE('',#4206,#4207);
#4206 = CARTESIAN_POINT('',(-1.95,-2.8,0.));
#4207 = VECTOR('',#4208,1.);
#4208 = DIRECTION('',(1.,-1.224646799147E-16,0.));
#4209 = ORIENTED_EDGE('',*,*,#4210,.F.);
#4210 = EDGE_CURVE('',#4211,#4203,#4213,.T.);
#4211 = VERTEX_POINT('',#4212);
#4212 = CARTESIAN_POINT('',(12.75,-2.8,0.2));
#4213 = LINE('',#4214,#4215);
#4214 = CARTESIAN_POINT('',(12.75,-2.8,0.2));
#4215 = VECTOR('',#4216,1.);
#4216 = DIRECTION('',(-0.,0.,-1.));
#4217 = ORIENTED_EDGE('',*,*,#4218,.T.);
#4218 = EDGE_CURVE('',#4211,#4219,#4221,.T.);
#4219 = VERTEX_POINT('',#4220);
#4220 = CARTESIAN_POINT('',(11.25,-2.8,0.2));
#4221 = LINE('',#4222,#4223);
#4222 = CARTESIAN_POINT('',(12.75,-2.8,0.2));
#4223 = VECTOR('',#4224,1.);
#4224 = DIRECTION('',(-1.,1.224646799147E-16,0.));
#4225 = ORIENTED_EDGE('',*,*,#4226,.T.);
#4226 = EDGE_CURVE('',#4219,#4227,#4229,.T.);
#4227 = VERTEX_POINT('',#4228);
#4228 = CARTESIAN_POINT('',(11.25,-2.8,0.));
#4229 = LINE('',#4230,#4231);
#4230 = CARTESIAN_POINT('',(11.25,-2.8,0.2));
#4231 = VECTOR('',#4232,1.);
#4232 = DIRECTION('',(-0.,0.,-1.));
#4233 = ORIENTED_EDGE('',*,*,#4234,.F.);
#4234 = EDGE_CURVE('',#4235,#4227,#4237,.T.);
#4235 = VERTEX_POINT('',#4236);
#4236 = CARTESIAN_POINT('',(10.75,-2.8,0.));
#4237 = LINE('',#4238,#4239);
#4238 = CARTESIAN_POINT('',(-1.95,-2.8,0.));
#4239 = VECTOR('',#4240,1.);
#4240 = DIRECTION('',(1.,-1.224646799147E-16,0.));
#4241 = ORIENTED_EDGE('',*,*,#4242,.F.);
#4242 = EDGE_CURVE('',#4243,#4235,#4245,.T.);
#4243 = VERTEX_POINT('',#4244);
#4244 = CARTESIAN_POINT('',(10.75,-2.8,0.2));
#4245 = LINE('',#4246,#4247);
#4246 = CARTESIAN_POINT('',(10.75,-2.8,0.2));
#4247 = VECTOR('',#4248,1.);
#4248 = DIRECTION('',(-0.,0.,-1.));
#4249 = ORIENTED_EDGE('',*,*,#4250,.T.);
#4250 = EDGE_CURVE('',#4243,#4251,#4253,.T.);
#4251 = VERTEX_POINT('',#4252);
#4252 = CARTESIAN_POINT('',(9.25,-2.8,0.2));
#4253 = LINE('',#4254,#4255);
#4254 = CARTESIAN_POINT('',(10.75,-2.8,0.2));
#4255 = VECTOR('',#4256,1.);
#4256 = DIRECTION('',(-1.,1.224646799147E-16,0.));
#4257 = ORIENTED_EDGE('',*,*,#4258,.T.);
#4258 = EDGE_CURVE('',#4251,#4259,#4261,.T.);
#4259 = VERTEX_POINT('',#4260);
#4260 = CARTESIAN_POINT('',(9.25,-2.8,0.));
#4261 = LINE('',#4262,#4263);
#4262 = CARTESIAN_POINT('',(9.25,-2.8,0.2));
#4263 = VECTOR('',#4264,1.);
#4264 = DIRECTION('',(-0.,0.,-1.));
#4265 = ORIENTED_EDGE('',*,*,#4266,.F.);
#4266 = EDGE_CURVE('',#4267,#4259,#4269,.T.);
#4267 = VERTEX_POINT('',#4268);
#4268 = CARTESIAN_POINT('',(8.75,-2.8,0.));
#4269 = LINE('',#4270,#4271);
#4270 = CARTESIAN_POINT('',(-1.95,-2.8,0.));
#4271 = VECTOR('',#4272,1.);
#4272 = DIRECTION('',(1.,-1.224646799147E-16,0.));
#4273 = ORIENTED_EDGE('',*,*,#4274,.F.);
#4274 = EDGE_CURVE('',#4275,#4267,#4277,.T.);
#4275 = VERTEX_POINT('',#4276);
#4276 = CARTESIAN_POINT('',(8.75,-2.8,0.2));
#4277 = LINE('',#4278,#4279);
#4278 = CARTESIAN_POINT('',(8.75,-2.8,0.2));
#4279 = VECTOR('',#4280,1.);
#4280 = DIRECTION('',(-0.,0.,-1.));
#4281 = ORIENTED_EDGE('',*,*,#4282,.T.);
#4282 = EDGE_CURVE('',#4275,#4283,#4285,.T.);
#4283 = VERTEX_POINT('',#4284);
#4284 = CARTESIAN_POINT('',(7.25,-2.8,0.2));
#4285 = LINE('',#4286,#4287);
#4286 = CARTESIAN_POINT('',(8.75,-2.8,0.2));
#4287 = VECTOR('',#4288,1.);
#4288 = DIRECTION('',(-1.,1.224646799147E-16,0.));
#4289 = ORIENTED_EDGE('',*,*,#4290,.T.);
#4290 = EDGE_CURVE('',#4283,#4291,#4293,.T.);
#4291 = VERTEX_POINT('',#4292);
#4292 = CARTESIAN_POINT('',(7.25,-2.8,0.));
#4293 = LINE('',#4294,#4295);
#4294 = CARTESIAN_POINT('',(7.25,-2.8,0.2));
#4295 = VECTOR('',#4296,1.);
#4296 = DIRECTION('',(-0.,0.,-1.));
#4297 = ORIENTED_EDGE('',*,*,#4298,.F.);
#4298 = EDGE_CURVE('',#4299,#4291,#4301,.T.);
#4299 = VERTEX_POINT('',#4300);
#4300 = CARTESIAN_POINT('',(6.75,-2.8,0.));
#4301 = LINE('',#4302,#4303);
#4302 = CARTESIAN_POINT('',(-1.95,-2.8,0.));
#4303 = VECTOR('',#4304,1.);
#4304 = DIRECTION('',(1.,-1.224646799147E-16,0.));
#4305 = ORIENTED_EDGE('',*,*,#4306,.F.);
#4306 = EDGE_CURVE('',#4307,#4299,#4309,.T.);
#4307 = VERTEX_POINT('',#4308);
#4308 = CARTESIAN_POINT('',(6.75,-2.8,0.2));
#4309 = LINE('',#4310,#4311);
#4310 = CARTESIAN_POINT('',(6.75,-2.8,0.2));
#4311 = VECTOR('',#4312,1.);
#4312 = DIRECTION('',(-0.,0.,-1.));
#4313 = ORIENTED_EDGE('',*,*,#4314,.T.);
#4314 = EDGE_CURVE('',#4307,#4315,#4317,.T.);
#4315 = VERTEX_POINT('',#4316);
#4316 = CARTESIAN_POINT('',(5.25,-2.8,0.2));
#4317 = LINE('',#4318,#4319);
#4318 = CARTESIAN_POINT('',(6.75,-2.8,0.2));
#4319 = VECTOR('',#4320,1.);
#4320 = DIRECTION('',(-1.,1.224646799147E-16,0.));
#4321 = ORIENTED_EDGE('',*,*,#4322,.T.);
#4322 = EDGE_CURVE('',#4315,#4323,#4325,.T.);
#4323 = VERTEX_POINT('',#4324);
#4324 = CARTESIAN_POINT('',(5.25,-2.8,0.));
#4325 = LINE('',#4326,#4327);
#4326 = CARTESIAN_POINT('',(5.25,-2.8,0.2));
#4327 = VECTOR('',#4328,1.);
#4328 = DIRECTION('',(-0.,0.,-1.));
#4329 = ORIENTED_EDGE('',*,*,#4330,.F.);
#4330 = EDGE_CURVE('',#4331,#4323,#4333,.T.);
#4331 = VERTEX_POINT('',#4332);
#4332 = CARTESIAN_POINT('',(4.75,-2.8,0.));
#4333 = LINE('',#4334,#4335);
#4334 = CARTESIAN_POINT('',(-1.95,-2.8,0.));
#4335 = VECTOR('',#4336,1.);
#4336 = DIRECTION('',(1.,-1.224646799147E-16,0.));
#4337 = ORIENTED_EDGE('',*,*,#4338,.F.);
#4338 = EDGE_CURVE('',#4339,#4331,#4341,.T.);
#4339 = VERTEX_POINT('',#4340);
#4340 = CARTESIAN_POINT('',(4.75,-2.8,0.2));
#4341 = LINE('',#4342,#4343);
#4342 = CARTESIAN_POINT('',(4.75,-2.8,0.2));
#4343 = VECTOR('',#4344,1.);
#4344 = DIRECTION('',(-0.,0.,-1.));
#4345 = ORIENTED_EDGE('',*,*,#4346,.T.);
#4346 = EDGE_CURVE('',#4339,#4347,#4349,.T.);
#4347 = VERTEX_POINT('',#4348);
#4348 = CARTESIAN_POINT('',(3.25,-2.8,0.2));
#4349 = LINE('',#4350,#4351);
#4350 = CARTESIAN_POINT('',(4.75,-2.8,0.2));
#4351 = VECTOR('',#4352,1.);
#4352 = DIRECTION('',(-1.,1.224646799147E-16,0.));
#4353 = ORIENTED_EDGE('',*,*,#4354,.T.);
#4354 = EDGE_CURVE('',#4347,#4355,#4357,.T.);
#4355 = VERTEX_POINT('',#4356);
#4356 = CARTESIAN_POINT('',(3.25,-2.8,0.));
#4357 = LINE('',#4358,#4359);
#4358 = CARTESIAN_POINT('',(3.25,-2.8,0.2));
#4359 = VECTOR('',#4360,1.);
#4360 = DIRECTION('',(-0.,0.,-1.));
#4361 = ORIENTED_EDGE('',*,*,#4362,.F.);
#4362 = EDGE_CURVE('',#4363,#4355,#4365,.T.);
#4363 = VERTEX_POINT('',#4364);
#4364 = CARTESIAN_POINT('',(2.75,-2.8,0.));
#4365 = LINE('',#4366,#4367);
#4366 = CARTESIAN_POINT('',(-1.95,-2.8,0.));
#4367 = VECTOR('',#4368,1.);
#4368 = DIRECTION('',(1.,-1.224646799147E-16,0.));
#4369 = ORIENTED_EDGE('',*,*,#4370,.F.);
#4370 = EDGE_CURVE('',#4371,#4363,#4373,.T.);
#4371 = VERTEX_POINT('',#4372);
#4372 = CARTESIAN_POINT('',(2.75,-2.8,0.2));
#4373 = LINE('',#4374,#4375);
#4374 = CARTESIAN_POINT('',(2.75,-2.8,0.2));
#4375 = VECTOR('',#4376,1.);
#4376 = DIRECTION('',(-0.,0.,-1.));
#4377 = ORIENTED_EDGE('',*,*,#4378,.T.);
#4378 = EDGE_CURVE('',#4371,#4379,#4381,.T.);
#4379 = VERTEX_POINT('',#4380);
#4380 = CARTESIAN_POINT('',(1.25,-2.8,0.2));
#4381 = LINE('',#4382,#4383);
#4382 = CARTESIAN_POINT('',(2.75,-2.8,0.2));
#4383 = VECTOR('',#4384,1.);
#4384 = DIRECTION('',(-1.,1.224646799147E-16,0.));
#4385 = ORIENTED_EDGE('',*,*,#4386,.T.);
#4386 = EDGE_CURVE('',#4379,#4387,#4389,.T.);
#4387 = VERTEX_POINT('',#4388);
#4388 = CARTESIAN_POINT('',(1.25,-2.8,0.));
#4389 = LINE('',#4390,#4391);
#4390 = CARTESIAN_POINT('',(1.25,-2.8,0.2));
#4391 = VECTOR('',#4392,1.);
#4392 = DIRECTION('',(-0.,0.,-1.));
#4393 = ORIENTED_EDGE('',*,*,#4394,.F.);
#4394 = EDGE_CURVE('',#4395,#4387,#4397,.T.);
#4395 = VERTEX_POINT('',#4396);
#4396 = CARTESIAN_POINT('',(0.75,-2.8,0.));
#4397 = LINE('',#4398,#4399);
#4398 = CARTESIAN_POINT('',(-1.95,-2.8,0.));
#4399 = VECTOR('',#4400,1.);
#4400 = DIRECTION('',(1.,-1.224646799147E-16,0.));
#4401 = ORIENTED_EDGE('',*,*,#4402,.F.);
#4402 = EDGE_CURVE('',#4403,#4395,#4405,.T.);
#4403 = VERTEX_POINT('',#4404);
#4404 = CARTESIAN_POINT('',(0.75,-2.8,0.2));
#4405 = LINE('',#4406,#4407);
#4406 = CARTESIAN_POINT('',(0.75,-2.8,0.2));
#4407 = VECTOR('',#4408,1.);
#4408 = DIRECTION('',(-0.,0.,-1.));
#4409 = ORIENTED_EDGE('',*,*,#4410,.T.);
#4410 = EDGE_CURVE('',#4403,#4411,#4413,.T.);
#4411 = VERTEX_POINT('',#4412);
#4412 = CARTESIAN_POINT('',(-0.75,-2.8,0.2));
#4413 = LINE('',#4414,#4415);
#4414 = CARTESIAN_POINT('',(0.75,-2.8,0.2));
#4415 = VECTOR('',#4416,1.);
#4416 = DIRECTION('',(-1.,1.224646799147E-16,0.));
#4417 = ORIENTED_EDGE('',*,*,#4418,.T.);
#4418 = EDGE_CURVE('',#4411,#4155,#4419,.T.);
#4419 = LINE('',#4420,#4421);
#4420 = CARTESIAN_POINT('',(-0.75,-2.8,0.2));
#4421 = VECTOR('',#4422,1.);
#4422 = DIRECTION('',(-0.,0.,-1.));
#4423 = PLANE('',#4424);
#4424 = AXIS2_PLACEMENT_3D('',#4425,#4426,#4427);
#4425 = CARTESIAN_POINT('',(-1.95,-2.8,0.));
#4426 = DIRECTION('',(1.224646799147E-16,1.,0.));
#4427 = DIRECTION('',(1.,-1.224646799147E-16,0.));
#4428 = ADVANCED_FACE('',(#4429),#4463,.F.);
#4429 = FACE_BOUND('',#4430,.F.);
#4430 = EDGE_LOOP('',(#4431,#4439,#4447,#4455,#4461,#4462));
#4431 = ORIENTED_EDGE('',*,*,#4432,.T.);
#4432 = EDGE_CURVE('',#4059,#4433,#4435,.T.);
#4433 = VERTEX_POINT('',#4434);
#4434 = CARTESIAN_POINT('',(14.75,1.7,0.2));
#4435 = LINE('',#4436,#4437);
#4436 = CARTESIAN_POINT('',(14.75,1.7,0.));
#4437 = VECTOR('',#4438,1.);
#4438 = DIRECTION('',(0.,0.,1.));
#4439 = ORIENTED_EDGE('',*,*,#4440,.T.);
#4440 = EDGE_CURVE('',#4433,#4441,#4443,.T.);
#4441 = VERTEX_POINT('',#4442);
#4442 = CARTESIAN_POINT('',(14.75,0.5,0.1));
#4443 = LINE('',#4444,#4445);
#4444 = CARTESIAN_POINT('',(14.75,1.7,0.2));
#4445 = VECTOR('',#4446,1.);
#4446 = DIRECTION('',(-1.220416573038E-16,-0.996545758245,
    -8.304547985373E-02));
#4447 = ORIENTED_EDGE('',*,*,#4448,.T.);
#4448 = EDGE_CURVE('',#4441,#4449,#4451,.T.);
#4449 = VERTEX_POINT('',#4450);
#4450 = CARTESIAN_POINT('',(14.75,-0.5,0.1));
#4451 = LINE('',#4452,#4453);
#4452 = CARTESIAN_POINT('',(14.75,0.5,0.1));
#4453 = VECTOR('',#4454,1.);
#4454 = DIRECTION('',(-1.224646799147E-16,-1.,0.));
#4455 = ORIENTED_EDGE('',*,*,#4456,.T.);
#4456 = EDGE_CURVE('',#4449,#4179,#4457,.T.);
#4457 = LINE('',#4458,#4459);
#4458 = CARTESIAN_POINT('',(14.75,-0.5,0.1));
#4459 = VECTOR('',#4460,1.);
#4460 = DIRECTION('',(-1.223490926498E-16,-0.999056158355,
    4.343722427631E-02));
#4461 = ORIENTED_EDGE('',*,*,#4178,.T.);
#4462 = ORIENTED_EDGE('',*,*,#4066,.T.);
#4463 = PLANE('',#4464);
#4464 = AXIS2_PLACEMENT_3D('',#4465,#4466,#4467);
#4465 = CARTESIAN_POINT('',(14.75,-0.549524476701,7.07980355453E-02));
#4466 = DIRECTION('',(1.,-1.224646799147E-16,-0.));
#4467 = DIRECTION('',(-0.,0.,-1.));
#4468 = ADVANCED_FACE('',(#4469,#4832),#4866,.F.);
#4469 = FACE_BOUND('',#4470,.F.);
#4470 = EDGE_LOOP('',(#4471,#4472,#4473,#4481,#4489,#4497,#4505,#4513,
    #4521,#4529,#4537,#4545,#4553,#4561,#4569,#4577,#4585,#4593,#4601,
    #4609,#4617,#4625,#4633,#4641,#4649,#4657,#4665,#4673,#4681,#4689,
    #4697,#4705,#4713,#4721,#4729,#4737,#4745,#4753,#4761,#4769,#4777,
    #4785,#4793,#4801,#4809,#4817,#4825,#4831));
#4471 = ORIENTED_EDGE('',*,*,#4058,.F.);
#4472 = ORIENTED_EDGE('',*,*,#4138,.T.);
#4473 = ORIENTED_EDGE('',*,*,#4474,.T.);
#4474 = EDGE_CURVE('',#4131,#4475,#4477,.T.);
#4475 = VERTEX_POINT('',#4476);
#4476 = CARTESIAN_POINT('',(13.45,1.7,6.));
#4477 = LINE('',#4478,#4479);
#4478 = CARTESIAN_POINT('',(15.95,1.7,6.));
#4479 = VECTOR('',#4480,1.);
#4480 = DIRECTION('',(-1.,1.224646799147E-16,0.));
#4481 = ORIENTED_EDGE('',*,*,#4482,.T.);
#4482 = EDGE_CURVE('',#4475,#4483,#4485,.T.);
#4483 = VERTEX_POINT('',#4484);
#4484 = CARTESIAN_POINT('',(13.45,1.7,2.1));
#4485 = LINE('',#4486,#4487);
#4486 = CARTESIAN_POINT('',(13.45,1.7,6.));
#4487 = VECTOR('',#4488,1.);
#4488 = DIRECTION('',(-0.,0.,-1.));
#4489 = ORIENTED_EDGE('',*,*,#4490,.T.);
#4490 = EDGE_CURVE('',#4483,#4491,#4493,.T.);
#4491 = VERTEX_POINT('',#4492);
#4492 = CARTESIAN_POINT('',(0.55,1.7,2.1));
#4493 = LINE('',#4494,#4495);
#4494 = CARTESIAN_POINT('',(13.45,1.7,2.1));
#4495 = VECTOR('',#4496,1.);
#4496 = DIRECTION('',(-1.,1.224646799147E-16,0.));
#4497 = ORIENTED_EDGE('',*,*,#4498,.T.);
#4498 = EDGE_CURVE('',#4491,#4499,#4501,.T.);
#4499 = VERTEX_POINT('',#4500);
#4500 = CARTESIAN_POINT('',(0.55,1.7,6.));
#4501 = LINE('',#4502,#4503);
#4502 = CARTESIAN_POINT('',(0.55,1.7,2.1));
#4503 = VECTOR('',#4504,1.);
#4504 = DIRECTION('',(0.,0.,1.));
#4505 = ORIENTED_EDGE('',*,*,#4506,.T.);
#4506 = EDGE_CURVE('',#4499,#4507,#4509,.T.);
#4507 = VERTEX_POINT('',#4508);
#4508 = CARTESIAN_POINT('',(-0.45,1.7,6.));
#4509 = LINE('',#4510,#4511);
#4510 = CARTESIAN_POINT('',(15.95,1.7,6.));
#4511 = VECTOR('',#4512,1.);
#4512 = DIRECTION('',(-1.,1.224646799147E-16,0.));
#4513 = ORIENTED_EDGE('',*,*,#4514,.F.);
#4514 = EDGE_CURVE('',#4515,#4507,#4517,.T.);
#4515 = VERTEX_POINT('',#4516);
#4516 = CARTESIAN_POINT('',(-0.45,1.7,4.2));
#4517 = LINE('',#4518,#4519);
#4518 = CARTESIAN_POINT('',(-0.45,1.7,4.2));
#4519 = VECTOR('',#4520,1.);
#4520 = DIRECTION('',(0.,0.,1.));
#4521 = ORIENTED_EDGE('',*,*,#4522,.F.);
#4522 = EDGE_CURVE('',#4523,#4515,#4525,.T.);
#4523 = VERTEX_POINT('',#4524);
#4524 = CARTESIAN_POINT('',(-0.4,1.7,4.2));
#4525 = LINE('',#4526,#4527);
#4526 = CARTESIAN_POINT('',(-0.4,1.7,4.2));
#4527 = VECTOR('',#4528,1.);
#4528 = DIRECTION('',(-1.,1.224646799147E-16,0.));
#4529 = ORIENTED_EDGE('',*,*,#4530,.F.);
#4530 = EDGE_CURVE('',#4531,#4523,#4533,.T.);
#4531 = VERTEX_POINT('',#4532);
#4532 = CARTESIAN_POINT('',(-0.4,1.7,2.4));
#4533 = LINE('',#4534,#4535);
#4534 = CARTESIAN_POINT('',(-0.4,1.7,2.4));
#4535 = VECTOR('',#4536,1.);
#4536 = DIRECTION('',(0.,0.,1.));
#4537 = ORIENTED_EDGE('',*,*,#4538,.F.);
#4538 = EDGE_CURVE('',#4539,#4531,#4541,.T.);
#4539 = VERTEX_POINT('',#4540);
#4540 = CARTESIAN_POINT('',(-1.4,1.7,2.4));
#4541 = LINE('',#4542,#4543);
#4542 = CARTESIAN_POINT('',(-1.4,1.7,2.4));
#4543 = VECTOR('',#4544,1.);
#4544 = DIRECTION('',(1.,-1.224646799147E-16,0.));
#4545 = ORIENTED_EDGE('',*,*,#4546,.F.);
#4546 = EDGE_CURVE('',#4547,#4539,#4549,.T.);
#4547 = VERTEX_POINT('',#4548);
#4548 = CARTESIAN_POINT('',(-1.4,1.7,4.2));
#4549 = LINE('',#4550,#4551);
#4550 = CARTESIAN_POINT('',(-1.4,1.7,4.2));
#4551 = VECTOR('',#4552,1.);
#4552 = DIRECTION('',(-0.,0.,-1.));
#4553 = ORIENTED_EDGE('',*,*,#4554,.F.);
#4554 = EDGE_CURVE('',#4555,#4547,#4557,.T.);
#4555 = VERTEX_POINT('',#4556);
#4556 = CARTESIAN_POINT('',(-0.95,1.7,4.2));
#4557 = LINE('',#4558,#4559);
#4558 = CARTESIAN_POINT('',(-0.4,1.7,4.2));
#4559 = VECTOR('',#4560,1.);
#4560 = DIRECTION('',(-1.,1.224646799147E-16,0.));
#4561 = ORIENTED_EDGE('',*,*,#4562,.T.);
#4562 = EDGE_CURVE('',#4555,#4563,#4565,.T.);
#4563 = VERTEX_POINT('',#4564);
#4564 = CARTESIAN_POINT('',(-0.95,1.7,6.));
#4565 = LINE('',#4566,#4567);
#4566 = CARTESIAN_POINT('',(-0.95,1.7,4.2));
#4567 = VECTOR('',#4568,1.);
#4568 = DIRECTION('',(0.,0.,1.));
#4569 = ORIENTED_EDGE('',*,*,#4570,.T.);
#4570 = EDGE_CURVE('',#4563,#4571,#4573,.T.);
#4571 = VERTEX_POINT('',#4572);
#4572 = CARTESIAN_POINT('',(-1.95,1.7,6.));
#4573 = LINE('',#4574,#4575);
#4574 = CARTESIAN_POINT('',(15.95,1.7,6.));
#4575 = VECTOR('',#4576,1.);
#4576 = DIRECTION('',(-1.,1.224646799147E-16,0.));
#4577 = ORIENTED_EDGE('',*,*,#4578,.F.);
#4578 = EDGE_CURVE('',#4579,#4571,#4581,.T.);
#4579 = VERTEX_POINT('',#4580);
#4580 = CARTESIAN_POINT('',(-1.95,1.7,0.));
#4581 = LINE('',#4582,#4583);
#4582 = CARTESIAN_POINT('',(-1.95,1.7,0.));
#4583 = VECTOR('',#4584,1.);
#4584 = DIRECTION('',(0.,0.,1.));
#4585 = ORIENTED_EDGE('',*,*,#4586,.F.);
#4586 = EDGE_CURVE('',#4587,#4579,#4589,.T.);
#4587 = VERTEX_POINT('',#4588);
#4588 = CARTESIAN_POINT('',(-0.75,1.7,0.));
#4589 = LINE('',#4590,#4591);
#4590 = CARTESIAN_POINT('',(15.95,1.7,0.));
#4591 = VECTOR('',#4592,1.);
#4592 = DIRECTION('',(-1.,1.224646799147E-16,0.));
#4593 = ORIENTED_EDGE('',*,*,#4594,.T.);
#4594 = EDGE_CURVE('',#4587,#4595,#4597,.T.);
#4595 = VERTEX_POINT('',#4596);
#4596 = CARTESIAN_POINT('',(-0.75,1.7,0.2));
#4597 = LINE('',#4598,#4599);
#4598 = CARTESIAN_POINT('',(-0.75,1.7,0.));
#4599 = VECTOR('',#4600,1.);
#4600 = DIRECTION('',(0.,0.,1.));
#4601 = ORIENTED_EDGE('',*,*,#4602,.F.);
#4602 = EDGE_CURVE('',#4603,#4595,#4605,.T.);
#4603 = VERTEX_POINT('',#4604);
#4604 = CARTESIAN_POINT('',(0.75,1.7,0.2));
#4605 = LINE('',#4606,#4607);
#4606 = CARTESIAN_POINT('',(0.75,1.7,0.2));
#4607 = VECTOR('',#4608,1.);
#4608 = DIRECTION('',(-1.,1.224646799147E-16,0.));
#4609 = ORIENTED_EDGE('',*,*,#4610,.F.);
#4610 = EDGE_CURVE('',#4611,#4603,#4613,.T.);
#4611 = VERTEX_POINT('',#4612);
#4612 = CARTESIAN_POINT('',(0.75,1.7,0.));
#4613 = LINE('',#4614,#4615);
#4614 = CARTESIAN_POINT('',(0.75,1.7,0.));
#4615 = VECTOR('',#4616,1.);
#4616 = DIRECTION('',(0.,0.,1.));
#4617 = ORIENTED_EDGE('',*,*,#4618,.F.);
#4618 = EDGE_CURVE('',#4619,#4611,#4621,.T.);
#4619 = VERTEX_POINT('',#4620);
#4620 = CARTESIAN_POINT('',(1.25,1.7,0.));
#4621 = LINE('',#4622,#4623);
#4622 = CARTESIAN_POINT('',(15.95,1.7,0.));
#4623 = VECTOR('',#4624,1.);
#4624 = DIRECTION('',(-1.,1.224646799147E-16,0.));
#4625 = ORIENTED_EDGE('',*,*,#4626,.T.);
#4626 = EDGE_CURVE('',#4619,#4627,#4629,.T.);
#4627 = VERTEX_POINT('',#4628);
#4628 = CARTESIAN_POINT('',(1.25,1.7,0.2));
#4629 = LINE('',#4630,#4631);
#4630 = CARTESIAN_POINT('',(1.25,1.7,0.));
#4631 = VECTOR('',#4632,1.);
#4632 = DIRECTION('',(0.,0.,1.));
#4633 = ORIENTED_EDGE('',*,*,#4634,.F.);
#4634 = EDGE_CURVE('',#4635,#4627,#4637,.T.);
#4635 = VERTEX_POINT('',#4636);
#4636 = CARTESIAN_POINT('',(2.75,1.7,0.2));
#4637 = LINE('',#4638,#4639);
#4638 = CARTESIAN_POINT('',(2.75,1.7,0.2));
#4639 = VECTOR('',#4640,1.);
#4640 = DIRECTION('',(-1.,1.224646799147E-16,0.));
#4641 = ORIENTED_EDGE('',*,*,#4642,.F.);
#4642 = EDGE_CURVE('',#4643,#4635,#4645,.T.);
#4643 = VERTEX_POINT('',#4644);
#4644 = CARTESIAN_POINT('',(2.75,1.7,0.));
#4645 = LINE('',#4646,#4647);
#4646 = CARTESIAN_POINT('',(2.75,1.7,0.));
#4647 = VECTOR('',#4648,1.);
#4648 = DIRECTION('',(0.,0.,1.));
#4649 = ORIENTED_EDGE('',*,*,#4650,.F.);
#4650 = EDGE_CURVE('',#4651,#4643,#4653,.T.);
#4651 = VERTEX_POINT('',#4652);
#4652 = CARTESIAN_POINT('',(3.25,1.7,0.));
#4653 = LINE('',#4654,#4655);
#4654 = CARTESIAN_POINT('',(15.95,1.7,0.));
#4655 = VECTOR('',#4656,1.);
#4656 = DIRECTION('',(-1.,1.224646799147E-16,0.));
#4657 = ORIENTED_EDGE('',*,*,#4658,.T.);
#4658 = EDGE_CURVE('',#4651,#4659,#4661,.T.);
#4659 = VERTEX_POINT('',#4660);
#4660 = CARTESIAN_POINT('',(3.25,1.7,0.2));
#4661 = LINE('',#4662,#4663);
#4662 = CARTESIAN_POINT('',(3.25,1.7,0.));
#4663 = VECTOR('',#4664,1.);
#4664 = DIRECTION('',(0.,0.,1.));
#4665 = ORIENTED_EDGE('',*,*,#4666,.F.);
#4666 = EDGE_CURVE('',#4667,#4659,#4669,.T.);
#4667 = VERTEX_POINT('',#4668);
#4668 = CARTESIAN_POINT('',(4.75,1.7,0.2));
#4669 = LINE('',#4670,#4671);
#4670 = CARTESIAN_POINT('',(4.75,1.7,0.2));
#4671 = VECTOR('',#4672,1.);
#4672 = DIRECTION('',(-1.,1.224646799147E-16,0.));
#4673 = ORIENTED_EDGE('',*,*,#4674,.F.);
#4674 = EDGE_CURVE('',#4675,#4667,#4677,.T.);
#4675 = VERTEX_POINT('',#4676);
#4676 = CARTESIAN_POINT('',(4.75,1.7,0.));
#4677 = LINE('',#4678,#4679);
#4678 = CARTESIAN_POINT('',(4.75,1.7,0.));
#4679 = VECTOR('',#4680,1.);
#4680 = DIRECTION('',(0.,0.,1.));
#4681 = ORIENTED_EDGE('',*,*,#4682,.F.);
#4682 = EDGE_CURVE('',#4683,#4675,#4685,.T.);
#4683 = VERTEX_POINT('',#4684);
#4684 = CARTESIAN_POINT('',(5.25,1.7,0.));
#4685 = LINE('',#4686,#4687);
#4686 = CARTESIAN_POINT('',(15.95,1.7,0.));
#4687 = VECTOR('',#4688,1.);
#4688 = DIRECTION('',(-1.,1.224646799147E-16,0.));
#4689 = ORIENTED_EDGE('',*,*,#4690,.T.);
#4690 = EDGE_CURVE('',#4683,#4691,#4693,.T.);
#4691 = VERTEX_POINT('',#4692);
#4692 = CARTESIAN_POINT('',(5.25,1.7,0.2));
#4693 = LINE('',#4694,#4695);
#4694 = CARTESIAN_POINT('',(5.25,1.7,0.));
#4695 = VECTOR('',#4696,1.);
#4696 = DIRECTION('',(0.,0.,1.));
#4697 = ORIENTED_EDGE('',*,*,#4698,.F.);
#4698 = EDGE_CURVE('',#4699,#4691,#4701,.T.);
#4699 = VERTEX_POINT('',#4700);
#4700 = CARTESIAN_POINT('',(6.75,1.7,0.2));
#4701 = LINE('',#4702,#4703);
#4702 = CARTESIAN_POINT('',(6.75,1.7,0.2));
#4703 = VECTOR('',#4704,1.);
#4704 = DIRECTION('',(-1.,1.224646799147E-16,0.));
#4705 = ORIENTED_EDGE('',*,*,#4706,.F.);
#4706 = EDGE_CURVE('',#4707,#4699,#4709,.T.);
#4707 = VERTEX_POINT('',#4708);
#4708 = CARTESIAN_POINT('',(6.75,1.7,0.));
#4709 = LINE('',#4710,#4711);
#4710 = CARTESIAN_POINT('',(6.75,1.7,0.));
#4711 = VECTOR('',#4712,1.);
#4712 = DIRECTION('',(0.,0.,1.));
#4713 = ORIENTED_EDGE('',*,*,#4714,.F.);
#4714 = EDGE_CURVE('',#4715,#4707,#4717,.T.);
#4715 = VERTEX_POINT('',#4716);
#4716 = CARTESIAN_POINT('',(7.25,1.7,0.));
#4717 = LINE('',#4718,#4719);
#4718 = CARTESIAN_POINT('',(15.95,1.7,0.));
#4719 = VECTOR('',#4720,1.);
#4720 = DIRECTION('',(-1.,1.224646799147E-16,0.));
#4721 = ORIENTED_EDGE('',*,*,#4722,.T.);
#4722 = EDGE_CURVE('',#4715,#4723,#4725,.T.);
#4723 = VERTEX_POINT('',#4724);
#4724 = CARTESIAN_POINT('',(7.25,1.7,0.2));
#4725 = LINE('',#4726,#4727);
#4726 = CARTESIAN_POINT('',(7.25,1.7,0.));
#4727 = VECTOR('',#4728,1.);
#4728 = DIRECTION('',(0.,0.,1.));
#4729 = ORIENTED_EDGE('',*,*,#4730,.F.);
#4730 = EDGE_CURVE('',#4731,#4723,#4733,.T.);
#4731 = VERTEX_POINT('',#4732);
#4732 = CARTESIAN_POINT('',(8.75,1.7,0.2));
#4733 = LINE('',#4734,#4735);
#4734 = CARTESIAN_POINT('',(8.75,1.7,0.2));
#4735 = VECTOR('',#4736,1.);
#4736 = DIRECTION('',(-1.,1.224646799147E-16,0.));
#4737 = ORIENTED_EDGE('',*,*,#4738,.F.);
#4738 = EDGE_CURVE('',#4739,#4731,#4741,.T.);
#4739 = VERTEX_POINT('',#4740);
#4740 = CARTESIAN_POINT('',(8.75,1.7,0.));
#4741 = LINE('',#4742,#4743);
#4742 = CARTESIAN_POINT('',(8.75,1.7,0.));
#4743 = VECTOR('',#4744,1.);
#4744 = DIRECTION('',(0.,0.,1.));
#4745 = ORIENTED_EDGE('',*,*,#4746,.F.);
#4746 = EDGE_CURVE('',#4747,#4739,#4749,.T.);
#4747 = VERTEX_POINT('',#4748);
#4748 = CARTESIAN_POINT('',(9.25,1.7,0.));
#4749 = LINE('',#4750,#4751);
#4750 = CARTESIAN_POINT('',(15.95,1.7,0.));
#4751 = VECTOR('',#4752,1.);
#4752 = DIRECTION('',(-1.,1.224646799147E-16,0.));
#4753 = ORIENTED_EDGE('',*,*,#4754,.T.);
#4754 = EDGE_CURVE('',#4747,#4755,#4757,.T.);
#4755 = VERTEX_POINT('',#4756);
#4756 = CARTESIAN_POINT('',(9.25,1.7,0.2));
#4757 = LINE('',#4758,#4759);
#4758 = CARTESIAN_POINT('',(9.25,1.7,0.));
#4759 = VECTOR('',#4760,1.);
#4760 = DIRECTION('',(0.,0.,1.));
#4761 = ORIENTED_EDGE('',*,*,#4762,.F.);
#4762 = EDGE_CURVE('',#4763,#4755,#4765,.T.);
#4763 = VERTEX_POINT('',#4764);
#4764 = CARTESIAN_POINT('',(10.75,1.7,0.2));
#4765 = LINE('',#4766,#4767);
#4766 = CARTESIAN_POINT('',(10.75,1.7,0.2));
#4767 = VECTOR('',#4768,1.);
#4768 = DIRECTION('',(-1.,1.224646799147E-16,0.));
#4769 = ORIENTED_EDGE('',*,*,#4770,.F.);
#4770 = EDGE_CURVE('',#4771,#4763,#4773,.T.);
#4771 = VERTEX_POINT('',#4772);
#4772 = CARTESIAN_POINT('',(10.75,1.7,0.));
#4773 = LINE('',#4774,#4775);
#4774 = CARTESIAN_POINT('',(10.75,1.7,0.));
#4775 = VECTOR('',#4776,1.);
#4776 = DIRECTION('',(0.,0.,1.));
#4777 = ORIENTED_EDGE('',*,*,#4778,.F.);
#4778 = EDGE_CURVE('',#4779,#4771,#4781,.T.);
#4779 = VERTEX_POINT('',#4780);
#4780 = CARTESIAN_POINT('',(11.25,1.7,0.));
#4781 = LINE('',#4782,#4783);
#4782 = CARTESIAN_POINT('',(15.95,1.7,0.));
#4783 = VECTOR('',#4784,1.);
#4784 = DIRECTION('',(-1.,1.224646799147E-16,0.));
#4785 = ORIENTED_EDGE('',*,*,#4786,.T.);
#4786 = EDGE_CURVE('',#4779,#4787,#4789,.T.);
#4787 = VERTEX_POINT('',#4788);
#4788 = CARTESIAN_POINT('',(11.25,1.7,0.2));
#4789 = LINE('',#4790,#4791);
#4790 = CARTESIAN_POINT('',(11.25,1.7,0.));
#4791 = VECTOR('',#4792,1.);
#4792 = DIRECTION('',(0.,0.,1.));
#4793 = ORIENTED_EDGE('',*,*,#4794,.F.);
#4794 = EDGE_CURVE('',#4795,#4787,#4797,.T.);
#4795 = VERTEX_POINT('',#4796);
#4796 = CARTESIAN_POINT('',(12.75,1.7,0.2));
#4797 = LINE('',#4798,#4799);
#4798 = CARTESIAN_POINT('',(12.75,1.7,0.2));
#4799 = VECTOR('',#4800,1.);
#4800 = DIRECTION('',(-1.,1.224646799147E-16,0.));
#4801 = ORIENTED_EDGE('',*,*,#4802,.F.);
#4802 = EDGE_CURVE('',#4803,#4795,#4805,.T.);
#4803 = VERTEX_POINT('',#4804);
#4804 = CARTESIAN_POINT('',(12.75,1.7,0.));
#4805 = LINE('',#4806,#4807);
#4806 = CARTESIAN_POINT('',(12.75,1.7,0.));
#4807 = VECTOR('',#4808,1.);
#4808 = DIRECTION('',(0.,0.,1.));
#4809 = ORIENTED_EDGE('',*,*,#4810,.F.);
#4810 = EDGE_CURVE('',#4811,#4803,#4813,.T.);
#4811 = VERTEX_POINT('',#4812);
#4812 = CARTESIAN_POINT('',(13.25,1.7,0.));
#4813 = LINE('',#4814,#4815);
#4814 = CARTESIAN_POINT('',(15.95,1.7,0.));
#4815 = VECTOR('',#4816,1.);
#4816 = DIRECTION('',(-1.,1.224646799147E-16,0.));
#4817 = ORIENTED_EDGE('',*,*,#4818,.T.);
#4818 = EDGE_CURVE('',#4811,#4819,#4821,.T.);
#4819 = VERTEX_POINT('',#4820);
#4820 = CARTESIAN_POINT('',(13.25,1.7,0.2));
#4821 = LINE('',#4822,#4823);
#4822 = CARTESIAN_POINT('',(13.25,1.7,0.));
#4823 = VECTOR('',#4824,1.);
#4824 = DIRECTION('',(0.,0.,1.));
#4825 = ORIENTED_EDGE('',*,*,#4826,.F.);
#4826 = EDGE_CURVE('',#4433,#4819,#4827,.T.);
#4827 = LINE('',#4828,#4829);
#4828 = CARTESIAN_POINT('',(14.75,1.7,0.2));
#4829 = VECTOR('',#4830,1.);
#4830 = DIRECTION('',(-1.,1.224646799147E-16,0.));
#4831 = ORIENTED_EDGE('',*,*,#4432,.F.);
#4832 = FACE_BOUND('',#4833,.F.);
#4833 = EDGE_LOOP('',(#4834,#4844,#4852,#4860));
#4834 = ORIENTED_EDGE('',*,*,#4835,.T.);
#4835 = EDGE_CURVE('',#4836,#4838,#4840,.T.);
#4836 = VERTEX_POINT('',#4837);
#4837 = CARTESIAN_POINT('',(14.4,1.7,4.2));
#4838 = VERTEX_POINT('',#4839);
#4839 = CARTESIAN_POINT('',(15.4,1.7,4.2));
#4840 = LINE('',#4841,#4842);
#4841 = CARTESIAN_POINT('',(14.4,1.7,4.2));
#4842 = VECTOR('',#4843,1.);
#4843 = DIRECTION('',(1.,-1.224646799147E-16,0.));
#4844 = ORIENTED_EDGE('',*,*,#4845,.T.);
#4845 = EDGE_CURVE('',#4838,#4846,#4848,.T.);
#4846 = VERTEX_POINT('',#4847);
#4847 = CARTESIAN_POINT('',(15.4,1.7,2.4));
#4848 = LINE('',#4849,#4850);
#4849 = CARTESIAN_POINT('',(15.4,1.7,4.2));
#4850 = VECTOR('',#4851,1.);
#4851 = DIRECTION('',(-0.,0.,-1.));
#4852 = ORIENTED_EDGE('',*,*,#4853,.T.);
#4853 = EDGE_CURVE('',#4846,#4854,#4856,.T.);
#4854 = VERTEX_POINT('',#4855);
#4855 = CARTESIAN_POINT('',(14.4,1.7,2.4));
#4856 = LINE('',#4857,#4858);
#4857 = CARTESIAN_POINT('',(15.4,1.7,2.4));
#4858 = VECTOR('',#4859,1.);
#4859 = DIRECTION('',(-1.,1.224646799147E-16,0.));
#4860 = ORIENTED_EDGE('',*,*,#4861,.T.);
#4861 = EDGE_CURVE('',#4854,#4836,#4862,.T.);
#4862 = LINE('',#4863,#4864);
#4863 = CARTESIAN_POINT('',(14.4,1.7,2.4));
#4864 = VECTOR('',#4865,1.);
#4865 = DIRECTION('',(0.,0.,1.));
#4866 = PLANE('',#4867);
#4867 = AXIS2_PLACEMENT_3D('',#4868,#4869,#4870);
#4868 = CARTESIAN_POINT('',(15.95,1.7,0.));
#4869 = DIRECTION('',(-1.224646799147E-16,-1.,0.));
#4870 = DIRECTION('',(-1.,1.224646799147E-16,0.));
#4871 = ADVANCED_FACE('',(#4872),#4906,.T.);
#4872 = FACE_BOUND('',#4873,.T.);
#4873 = EDGE_LOOP('',(#4874,#4882,#4883,#4884,#4892,#4900));
#4874 = ORIENTED_EDGE('',*,*,#4875,.F.);
#4875 = EDGE_CURVE('',#4123,#4876,#4878,.T.);
#4876 = VERTEX_POINT('',#4877);
#4877 = CARTESIAN_POINT('',(15.45,0.2,6.));
#4878 = LINE('',#4879,#4880);
#4879 = CARTESIAN_POINT('',(15.95,0.2,6.));
#4880 = VECTOR('',#4881,1.);
#4881 = DIRECTION('',(-1.,1.224646799147E-16,0.));
#4882 = ORIENTED_EDGE('',*,*,#4130,.T.);
#4883 = ORIENTED_EDGE('',*,*,#4474,.T.);
#4884 = ORIENTED_EDGE('',*,*,#4885,.T.);
#4885 = EDGE_CURVE('',#4475,#4886,#4888,.T.);
#4886 = VERTEX_POINT('',#4887);
#4887 = CARTESIAN_POINT('',(13.45,1.1,6.));
#4888 = LINE('',#4889,#4890);
#4889 = CARTESIAN_POINT('',(13.45,1.7,6.));
#4890 = VECTOR('',#4891,1.);
#4891 = DIRECTION('',(-1.224646799147E-16,-1.,0.));
#4892 = ORIENTED_EDGE('',*,*,#4893,.F.);
#4893 = EDGE_CURVE('',#4894,#4886,#4896,.T.);
#4894 = VERTEX_POINT('',#4895);
#4895 = CARTESIAN_POINT('',(15.45,1.1,6.));
#4896 = LINE('',#4897,#4898);
#4897 = CARTESIAN_POINT('',(15.45,1.1,6.));
#4898 = VECTOR('',#4899,1.);
#4899 = DIRECTION('',(-1.,1.224646799147E-16,0.));
#4900 = ORIENTED_EDGE('',*,*,#4901,.F.);
#4901 = EDGE_CURVE('',#4876,#4894,#4902,.T.);
#4902 = LINE('',#4903,#4904);
#4903 = CARTESIAN_POINT('',(15.45,-2.3,6.));
#4904 = VECTOR('',#4905,1.);
#4905 = DIRECTION('',(1.224646799147E-16,1.,0.));
#4906 = PLANE('',#4907);
#4907 = AXIS2_PLACEMENT_3D('',#4908,#4909,#4910);
#4908 = CARTESIAN_POINT('',(7.,-0.55,6.));
#4909 = DIRECTION('',(0.,0.,1.));
#4910 = DIRECTION('',(-1.,1.224646799147E-16,0.));
#4911 = ADVANCED_FACE('',(#4912),#4930,.T.);
#4912 = FACE_BOUND('',#4913,.T.);
#4913 = EDGE_LOOP('',(#4914,#4915,#4916,#4924));
#4914 = ORIENTED_EDGE('',*,*,#4122,.F.);
#4915 = ORIENTED_EDGE('',*,*,#4875,.T.);
#4916 = ORIENTED_EDGE('',*,*,#4917,.T.);
#4917 = EDGE_CURVE('',#4876,#4918,#4920,.T.);
#4918 = VERTEX_POINT('',#4919);
#4919 = CARTESIAN_POINT('',(15.45,0.2,4.4));
#4920 = LINE('',#4921,#4922);
#4921 = CARTESIAN_POINT('',(15.45,0.2,6.));
#4922 = VECTOR('',#4923,1.);
#4923 = DIRECTION('',(-0.,0.,-1.));
#4924 = ORIENTED_EDGE('',*,*,#4925,.F.);
#4925 = EDGE_CURVE('',#4114,#4918,#4926,.T.);
#4926 = LINE('',#4927,#4928);
#4927 = CARTESIAN_POINT('',(15.95,0.2,4.4));
#4928 = VECTOR('',#4929,1.);
#4929 = DIRECTION('',(-1.,1.224646799147E-16,0.));
#4930 = PLANE('',#4931);
#4931 = AXIS2_PLACEMENT_3D('',#4932,#4933,#4934);
#4932 = CARTESIAN_POINT('',(15.95,0.2,6.));
#4933 = DIRECTION('',(-1.224646799147E-16,-1.,0.));
#4934 = DIRECTION('',(-0.,0.,-1.));
#4935 = ADVANCED_FACE('',(#4936),#4955,.F.);
#4936 = FACE_BOUND('',#4937,.F.);
#4937 = EDGE_LOOP('',(#4938,#4946,#4953,#4954));
#4938 = ORIENTED_EDGE('',*,*,#4939,.T.);
#4939 = EDGE_CURVE('',#4106,#4940,#4942,.T.);
#4940 = VERTEX_POINT('',#4941);
#4941 = CARTESIAN_POINT('',(15.45,-0.6,4.4));
#4942 = LINE('',#4943,#4944);
#4943 = CARTESIAN_POINT('',(15.95,-0.6,4.4));
#4944 = VECTOR('',#4945,1.);
#4945 = DIRECTION('',(-1.,1.224646799147E-16,0.));
#4946 = ORIENTED_EDGE('',*,*,#4947,.T.);
#4947 = EDGE_CURVE('',#4940,#4918,#4948,.T.);
#4948 = CIRCLE('',#4949,0.4);
#4949 = AXIS2_PLACEMENT_3D('',#4950,#4951,#4952);
#4950 = CARTESIAN_POINT('',(15.45,-0.2,4.4));
#4951 = DIRECTION('',(1.,-1.224646799147E-16,0.));
#4952 = DIRECTION('',(1.224646799147E-16,1.,0.));
#4953 = ORIENTED_EDGE('',*,*,#4925,.F.);
#4954 = ORIENTED_EDGE('',*,*,#4113,.T.);
#4955 = CYLINDRICAL_SURFACE('',#4956,0.4);
#4956 = AXIS2_PLACEMENT_3D('',#4957,#4958,#4959);
#4957 = CARTESIAN_POINT('',(15.95,-0.2,4.4));
#4958 = DIRECTION('',(1.,-1.224646799147E-16,-0.));
#4959 = DIRECTION('',(1.224646799147E-16,1.,0.));
#4960 = ADVANCED_FACE('',(#4961),#4979,.T.);
#4961 = FACE_BOUND('',#4962,.T.);
#4962 = EDGE_LOOP('',(#4963,#4964,#4965,#4973));
#4963 = ORIENTED_EDGE('',*,*,#4105,.F.);
#4964 = ORIENTED_EDGE('',*,*,#4939,.T.);
#4965 = ORIENTED_EDGE('',*,*,#4966,.T.);
#4966 = EDGE_CURVE('',#4940,#4967,#4969,.T.);
#4967 = VERTEX_POINT('',#4968);
#4968 = CARTESIAN_POINT('',(15.45,-0.6,6.));
#4969 = LINE('',#4970,#4971);
#4970 = CARTESIAN_POINT('',(15.45,-0.6,5.2));
#4971 = VECTOR('',#4972,1.);
#4972 = DIRECTION('',(0.,0.,1.));
#4973 = ORIENTED_EDGE('',*,*,#4974,.F.);
#4974 = EDGE_CURVE('',#4098,#4967,#4975,.T.);
#4975 = LINE('',#4976,#4977);
#4976 = CARTESIAN_POINT('',(15.95,-0.6,6.));
#4977 = VECTOR('',#4978,1.);
#4978 = DIRECTION('',(-1.,1.224646799147E-16,0.));
#4979 = PLANE('',#4980);
#4980 = AXIS2_PLACEMENT_3D('',#4981,#4982,#4983);
#4981 = CARTESIAN_POINT('',(15.95,-0.6,4.4));
#4982 = DIRECTION('',(1.224646799147E-16,1.,0.));
#4983 = DIRECTION('',(0.,-0.,1.));
#4984 = ADVANCED_FACE('',(#4985),#5028,.T.);
#4985 = FACE_BOUND('',#4986,.T.);
#4986 = EDGE_LOOP('',(#4987,#4988,#4989,#4997,#5005,#5013,#5021,#5027));
#4987 = ORIENTED_EDGE('',*,*,#4097,.T.);
#4988 = ORIENTED_EDGE('',*,*,#4974,.T.);
#4989 = ORIENTED_EDGE('',*,*,#4990,.F.);
#4990 = EDGE_CURVE('',#4991,#4967,#4993,.T.);
#4991 = VERTEX_POINT('',#4992);
#4992 = CARTESIAN_POINT('',(15.45,-2.3,6.));
#4993 = LINE('',#4994,#4995);
#4994 = CARTESIAN_POINT('',(15.45,-2.3,6.));
#4995 = VECTOR('',#4996,1.);
#4996 = DIRECTION('',(1.224646799147E-16,1.,0.));
#4997 = ORIENTED_EDGE('',*,*,#4998,.F.);
#4998 = EDGE_CURVE('',#4999,#4991,#5001,.T.);
#4999 = VERTEX_POINT('',#5000);
#5000 = CARTESIAN_POINT('',(-1.45,-2.3,6.));
#5001 = LINE('',#5002,#5003);
#5002 = CARTESIAN_POINT('',(-1.45,-2.3,6.));
#5003 = VECTOR('',#5004,1.);
#5004 = DIRECTION('',(1.,-1.224646799147E-16,0.));
#5005 = ORIENTED_EDGE('',*,*,#5006,.F.);
#5006 = EDGE_CURVE('',#5007,#4999,#5009,.T.);
#5007 = VERTEX_POINT('',#5008);
#5008 = CARTESIAN_POINT('',(-1.45,-0.6,6.));
#5009 = LINE('',#5010,#5011);
#5010 = CARTESIAN_POINT('',(-1.45,1.1,6.));
#5011 = VECTOR('',#5012,1.);
#5012 = DIRECTION('',(-1.224646799147E-16,-1.,0.));
#5013 = ORIENTED_EDGE('',*,*,#5014,.T.);
#5014 = EDGE_CURVE('',#5007,#5015,#5017,.T.);
#5015 = VERTEX_POINT('',#5016);
#5016 = CARTESIAN_POINT('',(-1.95,-0.6,6.));
#5017 = LINE('',#5018,#5019);
#5018 = CARTESIAN_POINT('',(15.95,-0.6,6.));
#5019 = VECTOR('',#5020,1.);
#5020 = DIRECTION('',(-1.,1.224646799147E-16,0.));
#5021 = ORIENTED_EDGE('',*,*,#5022,.T.);
#5022 = EDGE_CURVE('',#5015,#4163,#5023,.T.);
#5023 = LINE('',#5024,#5025);
#5024 = CARTESIAN_POINT('',(-1.95,1.7,6.));
#5025 = VECTOR('',#5026,1.);
#5026 = DIRECTION('',(-1.224646799147E-16,-1.,0.));
#5027 = ORIENTED_EDGE('',*,*,#4170,.T.);
#5028 = PLANE('',#5029);
#5029 = AXIS2_PLACEMENT_3D('',#5030,#5031,#5032);
#5030 = CARTESIAN_POINT('',(7.,-0.55,6.));
#5031 = DIRECTION('',(0.,0.,1.));
#5032 = DIRECTION('',(-1.,1.224646799147E-16,0.));
#5033 = ADVANCED_FACE('',(#5034),#5050,.F.);
#5034 = FACE_BOUND('',#5035,.F.);
#5035 = EDGE_LOOP('',(#5036,#5037,#5043,#5044));
#5036 = ORIENTED_EDGE('',*,*,#4586,.T.);
#5037 = ORIENTED_EDGE('',*,*,#5038,.T.);
#5038 = EDGE_CURVE('',#4579,#4153,#5039,.T.);
#5039 = LINE('',#5040,#5041);
#5040 = CARTESIAN_POINT('',(-1.95,1.7,0.));
#5041 = VECTOR('',#5042,1.);
#5042 = DIRECTION('',(-1.224646799147E-16,-1.,0.));
#5043 = ORIENTED_EDGE('',*,*,#4152,.T.);
#5044 = ORIENTED_EDGE('',*,*,#5045,.T.);
#5045 = EDGE_CURVE('',#4155,#4587,#5046,.T.);
#5046 = LINE('',#5047,#5048);
#5047 = CARTESIAN_POINT('',(-0.75,-2.8,0.));
#5048 = VECTOR('',#5049,1.);
#5049 = DIRECTION('',(1.224646799147E-16,1.,0.));
#5050 = PLANE('',#5051);
#5051 = AXIS2_PLACEMENT_3D('',#5052,#5053,#5054);
#5052 = CARTESIAN_POINT('',(7.,-0.55,0.));
#5053 = DIRECTION('',(0.,0.,1.));
#5054 = DIRECTION('',(-1.,1.224646799147E-16,0.));
#5055 = ADVANCED_FACE('',(#5056),#5083,.T.);
#5056 = FACE_BOUND('',#5057,.T.);
#5057 = EDGE_LOOP('',(#5058,#5059,#5067,#5075,#5081,#5082));
#5058 = ORIENTED_EDGE('',*,*,#4594,.T.);
#5059 = ORIENTED_EDGE('',*,*,#5060,.T.);
#5060 = EDGE_CURVE('',#4595,#5061,#5063,.T.);
#5061 = VERTEX_POINT('',#5062);
#5062 = CARTESIAN_POINT('',(-0.75,0.5,0.1));
#5063 = LINE('',#5064,#5065);
#5064 = CARTESIAN_POINT('',(-0.75,1.7,0.2));
#5065 = VECTOR('',#5066,1.);
#5066 = DIRECTION('',(-1.220416573038E-16,-0.996545758245,
    -8.304547985373E-02));
#5067 = ORIENTED_EDGE('',*,*,#5068,.T.);
#5068 = EDGE_CURVE('',#5061,#5069,#5071,.T.);
#5069 = VERTEX_POINT('',#5070);
#5070 = CARTESIAN_POINT('',(-0.75,-0.5,0.1));
#5071 = LINE('',#5072,#5073);
#5072 = CARTESIAN_POINT('',(-0.75,0.5,0.1));
#5073 = VECTOR('',#5074,1.);
#5074 = DIRECTION('',(-1.224646799147E-16,-1.,0.));
#5075 = ORIENTED_EDGE('',*,*,#5076,.T.);
#5076 = EDGE_CURVE('',#5069,#4411,#5077,.T.);
#5077 = LINE('',#5078,#5079);
#5078 = CARTESIAN_POINT('',(-0.75,-0.5,0.1));
#5079 = VECTOR('',#5080,1.);
#5080 = DIRECTION('',(-1.223490926498E-16,-0.999056158355,
    4.343722427631E-02));
#5081 = ORIENTED_EDGE('',*,*,#4418,.T.);
#5082 = ORIENTED_EDGE('',*,*,#5045,.T.);
#5083 = PLANE('',#5084);
#5084 = AXIS2_PLACEMENT_3D('',#5085,#5086,#5087);
#5085 = CARTESIAN_POINT('',(-0.75,-0.549524476701,7.07980355453E-02));
#5086 = DIRECTION('',(1.,-1.224646799147E-16,-0.));
#5087 = DIRECTION('',(-0.,0.,-1.));
#5088 = ADVANCED_FACE('',(#5089),#5107,.F.);
#5089 = FACE_BOUND('',#5090,.F.);
#5090 = EDGE_LOOP('',(#5091,#5099,#5100,#5101));
#5091 = ORIENTED_EDGE('',*,*,#5092,.T.);
#5092 = EDGE_CURVE('',#5093,#5069,#5095,.T.);
#5093 = VERTEX_POINT('',#5094);
#5094 = CARTESIAN_POINT('',(0.75,-0.5,0.1));
#5095 = LINE('',#5096,#5097);
#5096 = CARTESIAN_POINT('',(0.75,-0.5,0.1));
#5097 = VECTOR('',#5098,1.);
#5098 = DIRECTION('',(-1.,1.224646799147E-16,0.));
#5099 = ORIENTED_EDGE('',*,*,#5076,.T.);
#5100 = ORIENTED_EDGE('',*,*,#4410,.F.);
#5101 = ORIENTED_EDGE('',*,*,#5102,.F.);
#5102 = EDGE_CURVE('',#5093,#4403,#5103,.T.);
#5103 = LINE('',#5104,#5105);
#5104 = CARTESIAN_POINT('',(0.75,-0.5,0.1));
#5105 = VECTOR('',#5106,1.);
#5106 = DIRECTION('',(-1.223490926498E-16,-0.999056158355,
    4.343722427631E-02));
#5107 = PLANE('',#5108);
#5108 = AXIS2_PLACEMENT_3D('',#5109,#5110,#5111);
#5109 = CARTESIAN_POINT('',(0.75,-0.5,0.1));
#5110 = DIRECTION('',(5.319525767383E-18,4.343722427631E-02,
    0.999056158355));
#5111 = DIRECTION('',(-1.223490926498E-16,-0.999056158355,
    4.343722427631E-02));
#5112 = ADVANCED_FACE('',(#5113),#5138,.F.);
#5113 = FACE_BOUND('',#5114,.F.);
#5114 = EDGE_LOOP('',(#5115,#5116,#5124,#5130,#5131,#5132));
#5115 = ORIENTED_EDGE('',*,*,#4610,.T.);
#5116 = ORIENTED_EDGE('',*,*,#5117,.T.);
#5117 = EDGE_CURVE('',#4603,#5118,#5120,.T.);
#5118 = VERTEX_POINT('',#5119);
#5119 = CARTESIAN_POINT('',(0.75,0.5,0.1));
#5120 = LINE('',#5121,#5122);
#5121 = CARTESIAN_POINT('',(0.75,1.7,0.2));
#5122 = VECTOR('',#5123,1.);
#5123 = DIRECTION('',(-1.220416573038E-16,-0.996545758245,
    -8.304547985373E-02));
#5124 = ORIENTED_EDGE('',*,*,#5125,.T.);
#5125 = EDGE_CURVE('',#5118,#5093,#5126,.T.);
#5126 = LINE('',#5127,#5128);
#5127 = CARTESIAN_POINT('',(0.75,0.5,0.1));
#5128 = VECTOR('',#5129,1.);
#5129 = DIRECTION('',(-1.224646799147E-16,-1.,0.));
#5130 = ORIENTED_EDGE('',*,*,#5102,.T.);
#5131 = ORIENTED_EDGE('',*,*,#4402,.T.);
#5132 = ORIENTED_EDGE('',*,*,#5133,.T.);
#5133 = EDGE_CURVE('',#4395,#4611,#5134,.T.);
#5134 = LINE('',#5135,#5136);
#5135 = CARTESIAN_POINT('',(0.75,-2.8,0.));
#5136 = VECTOR('',#5137,1.);
#5137 = DIRECTION('',(1.224646799147E-16,1.,0.));
#5138 = PLANE('',#5139);
#5139 = AXIS2_PLACEMENT_3D('',#5140,#5141,#5142);
#5140 = CARTESIAN_POINT('',(0.75,-0.549524476701,7.07980355453E-02));
#5141 = DIRECTION('',(1.,-1.224646799147E-16,-0.));
#5142 = DIRECTION('',(-0.,0.,-1.));
#5143 = ADVANCED_FACE('',(#5144),#5155,.F.);
#5144 = FACE_BOUND('',#5145,.F.);
#5145 = EDGE_LOOP('',(#5146,#5147,#5148,#5149));
#5146 = ORIENTED_EDGE('',*,*,#4618,.T.);
#5147 = ORIENTED_EDGE('',*,*,#5133,.F.);
#5148 = ORIENTED_EDGE('',*,*,#4394,.T.);
#5149 = ORIENTED_EDGE('',*,*,#5150,.T.);
#5150 = EDGE_CURVE('',#4387,#4619,#5151,.T.);
#5151 = LINE('',#5152,#5153);
#5152 = CARTESIAN_POINT('',(1.25,-2.8,0.));
#5153 = VECTOR('',#5154,1.);
#5154 = DIRECTION('',(1.224646799147E-16,1.,0.));
#5155 = PLANE('',#5156);
#5156 = AXIS2_PLACEMENT_3D('',#5157,#5158,#5159);
#5157 = CARTESIAN_POINT('',(7.,-0.55,0.));
#5158 = DIRECTION('',(0.,0.,1.));
#5159 = DIRECTION('',(-1.,1.224646799147E-16,0.));
#5160 = ADVANCED_FACE('',(#5161),#5188,.T.);
#5161 = FACE_BOUND('',#5162,.T.);
#5162 = EDGE_LOOP('',(#5163,#5164,#5172,#5180,#5186,#5187));
#5163 = ORIENTED_EDGE('',*,*,#4626,.T.);
#5164 = ORIENTED_EDGE('',*,*,#5165,.T.);
#5165 = EDGE_CURVE('',#4627,#5166,#5168,.T.);
#5166 = VERTEX_POINT('',#5167);
#5167 = CARTESIAN_POINT('',(1.25,0.5,0.1));
#5168 = LINE('',#5169,#5170);
#5169 = CARTESIAN_POINT('',(1.25,1.7,0.2));
#5170 = VECTOR('',#5171,1.);
#5171 = DIRECTION('',(-1.220416573038E-16,-0.996545758245,
    -8.304547985373E-02));
#5172 = ORIENTED_EDGE('',*,*,#5173,.T.);
#5173 = EDGE_CURVE('',#5166,#5174,#5176,.T.);
#5174 = VERTEX_POINT('',#5175);
#5175 = CARTESIAN_POINT('',(1.25,-0.5,0.1));
#5176 = LINE('',#5177,#5178);
#5177 = CARTESIAN_POINT('',(1.25,0.5,0.1));
#5178 = VECTOR('',#5179,1.);
#5179 = DIRECTION('',(-1.224646799147E-16,-1.,0.));
#5180 = ORIENTED_EDGE('',*,*,#5181,.T.);
#5181 = EDGE_CURVE('',#5174,#4379,#5182,.T.);
#5182 = LINE('',#5183,#5184);
#5183 = CARTESIAN_POINT('',(1.25,-0.5,0.1));
#5184 = VECTOR('',#5185,1.);
#5185 = DIRECTION('',(-1.223490926498E-16,-0.999056158355,
    4.343722427631E-02));
#5186 = ORIENTED_EDGE('',*,*,#4386,.T.);
#5187 = ORIENTED_EDGE('',*,*,#5150,.T.);
#5188 = PLANE('',#5189);
#5189 = AXIS2_PLACEMENT_3D('',#5190,#5191,#5192);
#5190 = CARTESIAN_POINT('',(1.25,-0.549524476701,7.07980355453E-02));
#5191 = DIRECTION('',(1.,-1.224646799147E-16,-0.));
#5192 = DIRECTION('',(-0.,0.,-1.));
#5193 = ADVANCED_FACE('',(#5194),#5212,.F.);
#5194 = FACE_BOUND('',#5195,.F.);
#5195 = EDGE_LOOP('',(#5196,#5204,#5205,#5206));
#5196 = ORIENTED_EDGE('',*,*,#5197,.T.);
#5197 = EDGE_CURVE('',#5198,#5174,#5200,.T.);
#5198 = VERTEX_POINT('',#5199);
#5199 = CARTESIAN_POINT('',(2.75,-0.5,0.1));
#5200 = LINE('',#5201,#5202);
#5201 = CARTESIAN_POINT('',(2.75,-0.5,0.1));
#5202 = VECTOR('',#5203,1.);
#5203 = DIRECTION('',(-1.,1.224646799147E-16,0.));
#5204 = ORIENTED_EDGE('',*,*,#5181,.T.);
#5205 = ORIENTED_EDGE('',*,*,#4378,.F.);
#5206 = ORIENTED_EDGE('',*,*,#5207,.F.);
#5207 = EDGE_CURVE('',#5198,#4371,#5208,.T.);
#5208 = LINE('',#5209,#5210);
#5209 = CARTESIAN_POINT('',(2.75,-0.5,0.1));
#5210 = VECTOR('',#5211,1.);
#5211 = DIRECTION('',(-1.223490926498E-16,-0.999056158355,
    4.343722427631E-02));
#5212 = PLANE('',#5213);
#5213 = AXIS2_PLACEMENT_3D('',#5214,#5215,#5216);
#5214 = CARTESIAN_POINT('',(2.75,-0.5,0.1));
#5215 = DIRECTION('',(5.319525767383E-18,4.343722427631E-02,
    0.999056158355));
#5216 = DIRECTION('',(-1.223490926498E-16,-0.999056158355,
    4.343722427631E-02));
#5217 = ADVANCED_FACE('',(#5218),#5243,.F.);
#5218 = FACE_BOUND('',#5219,.F.);
#5219 = EDGE_LOOP('',(#5220,#5221,#5229,#5235,#5236,#5237));
#5220 = ORIENTED_EDGE('',*,*,#4642,.T.);
#5221 = ORIENTED_EDGE('',*,*,#5222,.T.);
#5222 = EDGE_CURVE('',#4635,#5223,#5225,.T.);
#5223 = VERTEX_POINT('',#5224);
#5224 = CARTESIAN_POINT('',(2.75,0.5,0.1));
#5225 = LINE('',#5226,#5227);
#5226 = CARTESIAN_POINT('',(2.75,1.7,0.2));
#5227 = VECTOR('',#5228,1.);
#5228 = DIRECTION('',(-1.220416573038E-16,-0.996545758245,
    -8.304547985373E-02));
#5229 = ORIENTED_EDGE('',*,*,#5230,.T.);
#5230 = EDGE_CURVE('',#5223,#5198,#5231,.T.);
#5231 = LINE('',#5232,#5233);
#5232 = CARTESIAN_POINT('',(2.75,0.5,0.1));
#5233 = VECTOR('',#5234,1.);
#5234 = DIRECTION('',(-1.224646799147E-16,-1.,0.));
#5235 = ORIENTED_EDGE('',*,*,#5207,.T.);
#5236 = ORIENTED_EDGE('',*,*,#4370,.T.);
#5237 = ORIENTED_EDGE('',*,*,#5238,.T.);
#5238 = EDGE_CURVE('',#4363,#4643,#5239,.T.);
#5239 = LINE('',#5240,#5241);
#5240 = CARTESIAN_POINT('',(2.75,-2.8,0.));
#5241 = VECTOR('',#5242,1.);
#5242 = DIRECTION('',(1.224646799147E-16,1.,0.));
#5243 = PLANE('',#5244);
#5244 = AXIS2_PLACEMENT_3D('',#5245,#5246,#5247);
#5245 = CARTESIAN_POINT('',(2.75,-0.549524476701,7.07980355453E-02));
#5246 = DIRECTION('',(1.,-1.224646799147E-16,-0.));
#5247 = DIRECTION('',(-0.,0.,-1.));
#5248 = ADVANCED_FACE('',(#5249),#5260,.F.);
#5249 = FACE_BOUND('',#5250,.F.);
#5250 = EDGE_LOOP('',(#5251,#5252,#5253,#5259));
#5251 = ORIENTED_EDGE('',*,*,#5238,.F.);
#5252 = ORIENTED_EDGE('',*,*,#4362,.T.);
#5253 = ORIENTED_EDGE('',*,*,#5254,.T.);
#5254 = EDGE_CURVE('',#4355,#4651,#5255,.T.);
#5255 = LINE('',#5256,#5257);
#5256 = CARTESIAN_POINT('',(3.25,-2.8,0.));
#5257 = VECTOR('',#5258,1.);
#5258 = DIRECTION('',(1.224646799147E-16,1.,0.));
#5259 = ORIENTED_EDGE('',*,*,#4650,.T.);
#5260 = PLANE('',#5261);
#5261 = AXIS2_PLACEMENT_3D('',#5262,#5263,#5264);
#5262 = CARTESIAN_POINT('',(7.,-0.55,0.));
#5263 = DIRECTION('',(0.,0.,1.));
#5264 = DIRECTION('',(-1.,1.224646799147E-16,0.));
#5265 = ADVANCED_FACE('',(#5266),#5293,.T.);
#5266 = FACE_BOUND('',#5267,.T.);
#5267 = EDGE_LOOP('',(#5268,#5269,#5277,#5285,#5291,#5292));
#5268 = ORIENTED_EDGE('',*,*,#4658,.T.);
#5269 = ORIENTED_EDGE('',*,*,#5270,.T.);
#5270 = EDGE_CURVE('',#4659,#5271,#5273,.T.);
#5271 = VERTEX_POINT('',#5272);
#5272 = CARTESIAN_POINT('',(3.25,0.5,0.1));
#5273 = LINE('',#5274,#5275);
#5274 = CARTESIAN_POINT('',(3.25,1.7,0.2));
#5275 = VECTOR('',#5276,1.);
#5276 = DIRECTION('',(-1.220416573038E-16,-0.996545758245,
    -8.304547985373E-02));
#5277 = ORIENTED_EDGE('',*,*,#5278,.T.);
#5278 = EDGE_CURVE('',#5271,#5279,#5281,.T.);
#5279 = VERTEX_POINT('',#5280);
#5280 = CARTESIAN_POINT('',(3.25,-0.5,0.1));
#5281 = LINE('',#5282,#5283);
#5282 = CARTESIAN_POINT('',(3.25,0.5,0.1));
#5283 = VECTOR('',#5284,1.);
#5284 = DIRECTION('',(-1.224646799147E-16,-1.,0.));
#5285 = ORIENTED_EDGE('',*,*,#5286,.T.);
#5286 = EDGE_CURVE('',#5279,#4347,#5287,.T.);
#5287 = LINE('',#5288,#5289);
#5288 = CARTESIAN_POINT('',(3.25,-0.5,0.1));
#5289 = VECTOR('',#5290,1.);
#5290 = DIRECTION('',(-1.223490926498E-16,-0.999056158355,
    4.343722427631E-02));
#5291 = ORIENTED_EDGE('',*,*,#4354,.T.);
#5292 = ORIENTED_EDGE('',*,*,#5254,.T.);
#5293 = PLANE('',#5294);
#5294 = AXIS2_PLACEMENT_3D('',#5295,#5296,#5297);
#5295 = CARTESIAN_POINT('',(3.25,-0.549524476701,7.07980355453E-02));
#5296 = DIRECTION('',(1.,-1.224646799147E-16,-0.));
#5297 = DIRECTION('',(-0.,0.,-1.));
#5298 = ADVANCED_FACE('',(#5299),#5317,.F.);
#5299 = FACE_BOUND('',#5300,.F.);
#5300 = EDGE_LOOP('',(#5301,#5309,#5310,#5311));
#5301 = ORIENTED_EDGE('',*,*,#5302,.T.);
#5302 = EDGE_CURVE('',#5303,#5279,#5305,.T.);
#5303 = VERTEX_POINT('',#5304);
#5304 = CARTESIAN_POINT('',(4.75,-0.5,0.1));
#5305 = LINE('',#5306,#5307);
#5306 = CARTESIAN_POINT('',(4.75,-0.5,0.1));
#5307 = VECTOR('',#5308,1.);
#5308 = DIRECTION('',(-1.,1.224646799147E-16,0.));
#5309 = ORIENTED_EDGE('',*,*,#5286,.T.);
#5310 = ORIENTED_EDGE('',*,*,#4346,.F.);
#5311 = ORIENTED_EDGE('',*,*,#5312,.F.);
#5312 = EDGE_CURVE('',#5303,#4339,#5313,.T.);
#5313 = LINE('',#5314,#5315);
#5314 = CARTESIAN_POINT('',(4.75,-0.5,0.1));
#5315 = VECTOR('',#5316,1.);
#5316 = DIRECTION('',(-1.223490926498E-16,-0.999056158355,
    4.343722427631E-02));
#5317 = PLANE('',#5318);
#5318 = AXIS2_PLACEMENT_3D('',#5319,#5320,#5321);
#5319 = CARTESIAN_POINT('',(4.75,-0.5,0.1));
#5320 = DIRECTION('',(5.319525767383E-18,4.343722427631E-02,
    0.999056158355));
#5321 = DIRECTION('',(-1.223490926498E-16,-0.999056158355,
    4.343722427631E-02));
#5322 = ADVANCED_FACE('',(#5323),#5348,.F.);
#5323 = FACE_BOUND('',#5324,.F.);
#5324 = EDGE_LOOP('',(#5325,#5326,#5334,#5340,#5341,#5342));
#5325 = ORIENTED_EDGE('',*,*,#4674,.T.);
#5326 = ORIENTED_EDGE('',*,*,#5327,.T.);
#5327 = EDGE_CURVE('',#4667,#5328,#5330,.T.);
#5328 = VERTEX_POINT('',#5329);
#5329 = CARTESIAN_POINT('',(4.75,0.5,0.1));
#5330 = LINE('',#5331,#5332);
#5331 = CARTESIAN_POINT('',(4.75,1.7,0.2));
#5332 = VECTOR('',#5333,1.);
#5333 = DIRECTION('',(-1.220416573038E-16,-0.996545758245,
    -8.304547985373E-02));
#5334 = ORIENTED_EDGE('',*,*,#5335,.T.);
#5335 = EDGE_CURVE('',#5328,#5303,#5336,.T.);
#5336 = LINE('',#5337,#5338);
#5337 = CARTESIAN_POINT('',(4.75,0.5,0.1));
#5338 = VECTOR('',#5339,1.);
#5339 = DIRECTION('',(-1.224646799147E-16,-1.,0.));
#5340 = ORIENTED_EDGE('',*,*,#5312,.T.);
#5341 = ORIENTED_EDGE('',*,*,#4338,.T.);
#5342 = ORIENTED_EDGE('',*,*,#5343,.T.);
#5343 = EDGE_CURVE('',#4331,#4675,#5344,.T.);
#5344 = LINE('',#5345,#5346);
#5345 = CARTESIAN_POINT('',(4.75,-2.8,0.));
#5346 = VECTOR('',#5347,1.);
#5347 = DIRECTION('',(1.224646799147E-16,1.,0.));
#5348 = PLANE('',#5349);
#5349 = AXIS2_PLACEMENT_3D('',#5350,#5351,#5352);
#5350 = CARTESIAN_POINT('',(4.75,-0.549524476701,7.07980355453E-02));
#5351 = DIRECTION('',(1.,-1.224646799147E-16,-0.));
#5352 = DIRECTION('',(-0.,0.,-1.));
#5353 = ADVANCED_FACE('',(#5354),#5365,.F.);
#5354 = FACE_BOUND('',#5355,.F.);
#5355 = EDGE_LOOP('',(#5356,#5357,#5363,#5364));
#5356 = ORIENTED_EDGE('',*,*,#4330,.T.);
#5357 = ORIENTED_EDGE('',*,*,#5358,.T.);
#5358 = EDGE_CURVE('',#4323,#4683,#5359,.T.);
#5359 = LINE('',#5360,#5361);
#5360 = CARTESIAN_POINT('',(5.25,-2.8,0.));
#5361 = VECTOR('',#5362,1.);
#5362 = DIRECTION('',(1.224646799147E-16,1.,0.));
#5363 = ORIENTED_EDGE('',*,*,#4682,.T.);
#5364 = ORIENTED_EDGE('',*,*,#5343,.F.);
#5365 = PLANE('',#5366);
#5366 = AXIS2_PLACEMENT_3D('',#5367,#5368,#5369);
#5367 = CARTESIAN_POINT('',(7.,-0.55,0.));
#5368 = DIRECTION('',(0.,0.,1.));
#5369 = DIRECTION('',(-1.,1.224646799147E-16,0.));
#5370 = ADVANCED_FACE('',(#5371),#5398,.T.);
#5371 = FACE_BOUND('',#5372,.T.);
#5372 = EDGE_LOOP('',(#5373,#5374,#5382,#5390,#5396,#5397));
#5373 = ORIENTED_EDGE('',*,*,#4690,.T.);
#5374 = ORIENTED_EDGE('',*,*,#5375,.T.);
#5375 = EDGE_CURVE('',#4691,#5376,#5378,.T.);
#5376 = VERTEX_POINT('',#5377);
#5377 = CARTESIAN_POINT('',(5.25,0.5,0.1));
#5378 = LINE('',#5379,#5380);
#5379 = CARTESIAN_POINT('',(5.25,1.7,0.2));
#5380 = VECTOR('',#5381,1.);
#5381 = DIRECTION('',(-1.220416573038E-16,-0.996545758245,
    -8.304547985373E-02));
#5382 = ORIENTED_EDGE('',*,*,#5383,.T.);
#5383 = EDGE_CURVE('',#5376,#5384,#5386,.T.);
#5384 = VERTEX_POINT('',#5385);
#5385 = CARTESIAN_POINT('',(5.25,-0.5,0.1));
#5386 = LINE('',#5387,#5388);
#5387 = CARTESIAN_POINT('',(5.25,0.5,0.1));
#5388 = VECTOR('',#5389,1.);
#5389 = DIRECTION('',(-1.224646799147E-16,-1.,0.));
#5390 = ORIENTED_EDGE('',*,*,#5391,.T.);
#5391 = EDGE_CURVE('',#5384,#4315,#5392,.T.);
#5392 = LINE('',#5393,#5394);
#5393 = CARTESIAN_POINT('',(5.25,-0.5,0.1));
#5394 = VECTOR('',#5395,1.);
#5395 = DIRECTION('',(-1.223490926498E-16,-0.999056158355,
    4.343722427631E-02));
#5396 = ORIENTED_EDGE('',*,*,#4322,.T.);
#5397 = ORIENTED_EDGE('',*,*,#5358,.T.);
#5398 = PLANE('',#5399);
#5399 = AXIS2_PLACEMENT_3D('',#5400,#5401,#5402);
#5400 = CARTESIAN_POINT('',(5.25,-0.549524476701,7.07980355453E-02));
#5401 = DIRECTION('',(1.,-1.224646799147E-16,-0.));
#5402 = DIRECTION('',(-0.,0.,-1.));
#5403 = ADVANCED_FACE('',(#5404),#5422,.F.);
#5404 = FACE_BOUND('',#5405,.F.);
#5405 = EDGE_LOOP('',(#5406,#5414,#5415,#5416));
#5406 = ORIENTED_EDGE('',*,*,#5407,.T.);
#5407 = EDGE_CURVE('',#5408,#5384,#5410,.T.);
#5408 = VERTEX_POINT('',#5409);
#5409 = CARTESIAN_POINT('',(6.75,-0.5,0.1));
#5410 = LINE('',#5411,#5412);
#5411 = CARTESIAN_POINT('',(6.75,-0.5,0.1));
#5412 = VECTOR('',#5413,1.);
#5413 = DIRECTION('',(-1.,1.224646799147E-16,0.));
#5414 = ORIENTED_EDGE('',*,*,#5391,.T.);
#5415 = ORIENTED_EDGE('',*,*,#4314,.F.);
#5416 = ORIENTED_EDGE('',*,*,#5417,.F.);
#5417 = EDGE_CURVE('',#5408,#4307,#5418,.T.);
#5418 = LINE('',#5419,#5420);
#5419 = CARTESIAN_POINT('',(6.75,-0.5,0.1));
#5420 = VECTOR('',#5421,1.);
#5421 = DIRECTION('',(-1.223490926498E-16,-0.999056158355,
    4.343722427631E-02));
#5422 = PLANE('',#5423);
#5423 = AXIS2_PLACEMENT_3D('',#5424,#5425,#5426);
#5424 = CARTESIAN_POINT('',(6.75,-0.5,0.1));
#5425 = DIRECTION('',(5.319525767383E-18,4.343722427631E-02,
    0.999056158355));
#5426 = DIRECTION('',(-1.223490926498E-16,-0.999056158355,
    4.343722427631E-02));
#5427 = ADVANCED_FACE('',(#5428),#5453,.F.);
#5428 = FACE_BOUND('',#5429,.F.);
#5429 = EDGE_LOOP('',(#5430,#5431,#5439,#5445,#5446,#5447));
#5430 = ORIENTED_EDGE('',*,*,#4706,.T.);
#5431 = ORIENTED_EDGE('',*,*,#5432,.T.);
#5432 = EDGE_CURVE('',#4699,#5433,#5435,.T.);
#5433 = VERTEX_POINT('',#5434);
#5434 = CARTESIAN_POINT('',(6.75,0.5,0.1));
#5435 = LINE('',#5436,#5437);
#5436 = CARTESIAN_POINT('',(6.75,1.7,0.2));
#5437 = VECTOR('',#5438,1.);
#5438 = DIRECTION('',(-1.220416573038E-16,-0.996545758245,
    -8.304547985373E-02));
#5439 = ORIENTED_EDGE('',*,*,#5440,.T.);
#5440 = EDGE_CURVE('',#5433,#5408,#5441,.T.);
#5441 = LINE('',#5442,#5443);
#5442 = CARTESIAN_POINT('',(6.75,0.5,0.1));
#5443 = VECTOR('',#5444,1.);
#5444 = DIRECTION('',(-1.224646799147E-16,-1.,0.));
#5445 = ORIENTED_EDGE('',*,*,#5417,.T.);
#5446 = ORIENTED_EDGE('',*,*,#4306,.T.);
#5447 = ORIENTED_EDGE('',*,*,#5448,.T.);
#5448 = EDGE_CURVE('',#4299,#4707,#5449,.T.);
#5449 = LINE('',#5450,#5451);
#5450 = CARTESIAN_POINT('',(6.75,-2.8,0.));
#5451 = VECTOR('',#5452,1.);
#5452 = DIRECTION('',(1.224646799147E-16,1.,0.));
#5453 = PLANE('',#5454);
#5454 = AXIS2_PLACEMENT_3D('',#5455,#5456,#5457);
#5455 = CARTESIAN_POINT('',(6.75,-0.549524476701,7.07980355453E-02));
#5456 = DIRECTION('',(1.,-1.224646799147E-16,-0.));
#5457 = DIRECTION('',(-0.,0.,-1.));
#5458 = ADVANCED_FACE('',(#5459),#5470,.F.);
#5459 = FACE_BOUND('',#5460,.F.);
#5460 = EDGE_LOOP('',(#5461,#5467,#5468,#5469));
#5461 = ORIENTED_EDGE('',*,*,#5462,.T.);
#5462 = EDGE_CURVE('',#4291,#4715,#5463,.T.);
#5463 = LINE('',#5464,#5465);
#5464 = CARTESIAN_POINT('',(7.25,-2.8,0.));
#5465 = VECTOR('',#5466,1.);
#5466 = DIRECTION('',(1.224646799147E-16,1.,0.));
#5467 = ORIENTED_EDGE('',*,*,#4714,.T.);
#5468 = ORIENTED_EDGE('',*,*,#5448,.F.);
#5469 = ORIENTED_EDGE('',*,*,#4298,.T.);
#5470 = PLANE('',#5471);
#5471 = AXIS2_PLACEMENT_3D('',#5472,#5473,#5474);
#5472 = CARTESIAN_POINT('',(7.,-0.55,0.));
#5473 = DIRECTION('',(0.,0.,1.));
#5474 = DIRECTION('',(-1.,1.224646799147E-16,0.));
#5475 = ADVANCED_FACE('',(#5476),#5503,.T.);
#5476 = FACE_BOUND('',#5477,.T.);
#5477 = EDGE_LOOP('',(#5478,#5479,#5487,#5495,#5501,#5502));
#5478 = ORIENTED_EDGE('',*,*,#4722,.T.);
#5479 = ORIENTED_EDGE('',*,*,#5480,.T.);
#5480 = EDGE_CURVE('',#4723,#5481,#5483,.T.);
#5481 = VERTEX_POINT('',#5482);
#5482 = CARTESIAN_POINT('',(7.25,0.5,0.1));
#5483 = LINE('',#5484,#5485);
#5484 = CARTESIAN_POINT('',(7.25,1.7,0.2));
#5485 = VECTOR('',#5486,1.);
#5486 = DIRECTION('',(-1.220416573038E-16,-0.996545758245,
    -8.304547985373E-02));
#5487 = ORIENTED_EDGE('',*,*,#5488,.T.);
#5488 = EDGE_CURVE('',#5481,#5489,#5491,.T.);
#5489 = VERTEX_POINT('',#5490);
#5490 = CARTESIAN_POINT('',(7.25,-0.5,0.1));
#5491 = LINE('',#5492,#5493);
#5492 = CARTESIAN_POINT('',(7.25,0.5,0.1));
#5493 = VECTOR('',#5494,1.);
#5494 = DIRECTION('',(-1.224646799147E-16,-1.,0.));
#5495 = ORIENTED_EDGE('',*,*,#5496,.T.);
#5496 = EDGE_CURVE('',#5489,#4283,#5497,.T.);
#5497 = LINE('',#5498,#5499);
#5498 = CARTESIAN_POINT('',(7.25,-0.5,0.1));
#5499 = VECTOR('',#5500,1.);
#5500 = DIRECTION('',(-1.223490926498E-16,-0.999056158355,
    4.343722427631E-02));
#5501 = ORIENTED_EDGE('',*,*,#4290,.T.);
#5502 = ORIENTED_EDGE('',*,*,#5462,.T.);
#5503 = PLANE('',#5504);
#5504 = AXIS2_PLACEMENT_3D('',#5505,#5506,#5507);
#5505 = CARTESIAN_POINT('',(7.25,-0.549524476701,7.07980355453E-02));
#5506 = DIRECTION('',(1.,-1.224646799147E-16,-0.));
#5507 = DIRECTION('',(-0.,0.,-1.));
#5508 = ADVANCED_FACE('',(#5509),#5527,.F.);
#5509 = FACE_BOUND('',#5510,.F.);
#5510 = EDGE_LOOP('',(#5511,#5519,#5520,#5521));
#5511 = ORIENTED_EDGE('',*,*,#5512,.T.);
#5512 = EDGE_CURVE('',#5513,#5489,#5515,.T.);
#5513 = VERTEX_POINT('',#5514);
#5514 = CARTESIAN_POINT('',(8.75,-0.5,0.1));
#5515 = LINE('',#5516,#5517);
#5516 = CARTESIAN_POINT('',(8.75,-0.5,0.1));
#5517 = VECTOR('',#5518,1.);
#5518 = DIRECTION('',(-1.,1.224646799147E-16,0.));
#5519 = ORIENTED_EDGE('',*,*,#5496,.T.);
#5520 = ORIENTED_EDGE('',*,*,#4282,.F.);
#5521 = ORIENTED_EDGE('',*,*,#5522,.F.);
#5522 = EDGE_CURVE('',#5513,#4275,#5523,.T.);
#5523 = LINE('',#5524,#5525);
#5524 = CARTESIAN_POINT('',(8.75,-0.5,0.1));
#5525 = VECTOR('',#5526,1.);
#5526 = DIRECTION('',(-1.223490926498E-16,-0.999056158355,
    4.343722427631E-02));
#5527 = PLANE('',#5528);
#5528 = AXIS2_PLACEMENT_3D('',#5529,#5530,#5531);
#5529 = CARTESIAN_POINT('',(8.75,-0.5,0.1));
#5530 = DIRECTION('',(5.319525767383E-18,4.343722427631E-02,
    0.999056158355));
#5531 = DIRECTION('',(-1.223490926498E-16,-0.999056158355,
    4.343722427631E-02));
#5532 = ADVANCED_FACE('',(#5533),#5558,.F.);
#5533 = FACE_BOUND('',#5534,.F.);
#5534 = EDGE_LOOP('',(#5535,#5536,#5544,#5550,#5551,#5552));
#5535 = ORIENTED_EDGE('',*,*,#4738,.T.);
#5536 = ORIENTED_EDGE('',*,*,#5537,.T.);
#5537 = EDGE_CURVE('',#4731,#5538,#5540,.T.);
#5538 = VERTEX_POINT('',#5539);
#5539 = CARTESIAN_POINT('',(8.75,0.5,0.1));
#5540 = LINE('',#5541,#5542);
#5541 = CARTESIAN_POINT('',(8.75,1.7,0.2));
#5542 = VECTOR('',#5543,1.);
#5543 = DIRECTION('',(-1.220416573038E-16,-0.996545758245,
    -8.304547985373E-02));
#5544 = ORIENTED_EDGE('',*,*,#5545,.T.);
#5545 = EDGE_CURVE('',#5538,#5513,#5546,.T.);
#5546 = LINE('',#5547,#5548);
#5547 = CARTESIAN_POINT('',(8.75,0.5,0.1));
#5548 = VECTOR('',#5549,1.);
#5549 = DIRECTION('',(-1.224646799147E-16,-1.,0.));
#5550 = ORIENTED_EDGE('',*,*,#5522,.T.);
#5551 = ORIENTED_EDGE('',*,*,#4274,.T.);
#5552 = ORIENTED_EDGE('',*,*,#5553,.T.);
#5553 = EDGE_CURVE('',#4267,#4739,#5554,.T.);
#5554 = LINE('',#5555,#5556);
#5555 = CARTESIAN_POINT('',(8.75,-2.8,0.));
#5556 = VECTOR('',#5557,1.);
#5557 = DIRECTION('',(1.224646799147E-16,1.,0.));
#5558 = PLANE('',#5559);
#5559 = AXIS2_PLACEMENT_3D('',#5560,#5561,#5562);
#5560 = CARTESIAN_POINT('',(8.75,-0.549524476701,7.07980355453E-02));
#5561 = DIRECTION('',(1.,-1.224646799147E-16,-0.));
#5562 = DIRECTION('',(-0.,0.,-1.));
#5563 = ADVANCED_FACE('',(#5564),#5575,.F.);
#5564 = FACE_BOUND('',#5565,.F.);
#5565 = EDGE_LOOP('',(#5566,#5567,#5568,#5569));
#5566 = ORIENTED_EDGE('',*,*,#4746,.T.);
#5567 = ORIENTED_EDGE('',*,*,#5553,.F.);
#5568 = ORIENTED_EDGE('',*,*,#4266,.T.);
#5569 = ORIENTED_EDGE('',*,*,#5570,.T.);
#5570 = EDGE_CURVE('',#4259,#4747,#5571,.T.);
#5571 = LINE('',#5572,#5573);
#5572 = CARTESIAN_POINT('',(9.25,-2.8,0.));
#5573 = VECTOR('',#5574,1.);
#5574 = DIRECTION('',(1.224646799147E-16,1.,0.));
#5575 = PLANE('',#5576);
#5576 = AXIS2_PLACEMENT_3D('',#5577,#5578,#5579);
#5577 = CARTESIAN_POINT('',(7.,-0.55,0.));
#5578 = DIRECTION('',(0.,0.,1.));
#5579 = DIRECTION('',(-1.,1.224646799147E-16,0.));
#5580 = ADVANCED_FACE('',(#5581),#5608,.T.);
#5581 = FACE_BOUND('',#5582,.T.);
#5582 = EDGE_LOOP('',(#5583,#5584,#5592,#5600,#5606,#5607));
#5583 = ORIENTED_EDGE('',*,*,#4754,.T.);
#5584 = ORIENTED_EDGE('',*,*,#5585,.T.);
#5585 = EDGE_CURVE('',#4755,#5586,#5588,.T.);
#5586 = VERTEX_POINT('',#5587);
#5587 = CARTESIAN_POINT('',(9.25,0.5,0.1));
#5588 = LINE('',#5589,#5590);
#5589 = CARTESIAN_POINT('',(9.25,1.7,0.2));
#5590 = VECTOR('',#5591,1.);
#5591 = DIRECTION('',(-1.220416573038E-16,-0.996545758245,
    -8.304547985373E-02));
#5592 = ORIENTED_EDGE('',*,*,#5593,.T.);
#5593 = EDGE_CURVE('',#5586,#5594,#5596,.T.);
#5594 = VERTEX_POINT('',#5595);
#5595 = CARTESIAN_POINT('',(9.25,-0.5,0.1));
#5596 = LINE('',#5597,#5598);
#5597 = CARTESIAN_POINT('',(9.25,0.5,0.1));
#5598 = VECTOR('',#5599,1.);
#5599 = DIRECTION('',(-1.224646799147E-16,-1.,0.));
#5600 = ORIENTED_EDGE('',*,*,#5601,.T.);
#5601 = EDGE_CURVE('',#5594,#4251,#5602,.T.);
#5602 = LINE('',#5603,#5604);
#5603 = CARTESIAN_POINT('',(9.25,-0.5,0.1));
#5604 = VECTOR('',#5605,1.);
#5605 = DIRECTION('',(-1.223490926498E-16,-0.999056158355,
    4.343722427631E-02));
#5606 = ORIENTED_EDGE('',*,*,#4258,.T.);
#5607 = ORIENTED_EDGE('',*,*,#5570,.T.);
#5608 = PLANE('',#5609);
#5609 = AXIS2_PLACEMENT_3D('',#5610,#5611,#5612);
#5610 = CARTESIAN_POINT('',(9.25,-0.549524476701,7.07980355453E-02));
#5611 = DIRECTION('',(1.,-1.224646799147E-16,-0.));
#5612 = DIRECTION('',(-0.,0.,-1.));
#5613 = ADVANCED_FACE('',(#5614),#5632,.F.);
#5614 = FACE_BOUND('',#5615,.F.);
#5615 = EDGE_LOOP('',(#5616,#5624,#5625,#5626));
#5616 = ORIENTED_EDGE('',*,*,#5617,.T.);
#5617 = EDGE_CURVE('',#5618,#5594,#5620,.T.);
#5618 = VERTEX_POINT('',#5619);
#5619 = CARTESIAN_POINT('',(10.75,-0.5,0.1));
#5620 = LINE('',#5621,#5622);
#5621 = CARTESIAN_POINT('',(10.75,-0.5,0.1));
#5622 = VECTOR('',#5623,1.);
#5623 = DIRECTION('',(-1.,1.224646799147E-16,0.));
#5624 = ORIENTED_EDGE('',*,*,#5601,.T.);
#5625 = ORIENTED_EDGE('',*,*,#4250,.F.);
#5626 = ORIENTED_EDGE('',*,*,#5627,.F.);
#5627 = EDGE_CURVE('',#5618,#4243,#5628,.T.);
#5628 = LINE('',#5629,#5630);
#5629 = CARTESIAN_POINT('',(10.75,-0.5,0.1));
#5630 = VECTOR('',#5631,1.);
#5631 = DIRECTION('',(-1.223490926498E-16,-0.999056158355,
    4.343722427631E-02));
#5632 = PLANE('',#5633);
#5633 = AXIS2_PLACEMENT_3D('',#5634,#5635,#5636);
#5634 = CARTESIAN_POINT('',(10.75,-0.5,0.1));
#5635 = DIRECTION('',(5.319525767383E-18,4.343722427631E-02,
    0.999056158355));
#5636 = DIRECTION('',(-1.223490926498E-16,-0.999056158355,
    4.343722427631E-02));
#5637 = ADVANCED_FACE('',(#5638),#5663,.F.);
#5638 = FACE_BOUND('',#5639,.F.);
#5639 = EDGE_LOOP('',(#5640,#5641,#5649,#5655,#5656,#5657));
#5640 = ORIENTED_EDGE('',*,*,#4770,.T.);
#5641 = ORIENTED_EDGE('',*,*,#5642,.T.);
#5642 = EDGE_CURVE('',#4763,#5643,#5645,.T.);
#5643 = VERTEX_POINT('',#5644);
#5644 = CARTESIAN_POINT('',(10.75,0.5,0.1));
#5645 = LINE('',#5646,#5647);
#5646 = CARTESIAN_POINT('',(10.75,1.7,0.2));
#5647 = VECTOR('',#5648,1.);
#5648 = DIRECTION('',(-1.220416573038E-16,-0.996545758245,
    -8.304547985373E-02));
#5649 = ORIENTED_EDGE('',*,*,#5650,.T.);
#5650 = EDGE_CURVE('',#5643,#5618,#5651,.T.);
#5651 = LINE('',#5652,#5653);
#5652 = CARTESIAN_POINT('',(10.75,0.5,0.1));
#5653 = VECTOR('',#5654,1.);
#5654 = DIRECTION('',(-1.224646799147E-16,-1.,0.));
#5655 = ORIENTED_EDGE('',*,*,#5627,.T.);
#5656 = ORIENTED_EDGE('',*,*,#4242,.T.);
#5657 = ORIENTED_EDGE('',*,*,#5658,.T.);
#5658 = EDGE_CURVE('',#4235,#4771,#5659,.T.);
#5659 = LINE('',#5660,#5661);
#5660 = CARTESIAN_POINT('',(10.75,-2.8,0.));
#5661 = VECTOR('',#5662,1.);
#5662 = DIRECTION('',(1.224646799147E-16,1.,0.));
#5663 = PLANE('',#5664);
#5664 = AXIS2_PLACEMENT_3D('',#5665,#5666,#5667);
#5665 = CARTESIAN_POINT('',(10.75,-0.549524476701,7.07980355453E-02));
#5666 = DIRECTION('',(1.,-1.224646799147E-16,-0.));
#5667 = DIRECTION('',(-0.,0.,-1.));
#5668 = ADVANCED_FACE('',(#5669),#5680,.F.);
#5669 = FACE_BOUND('',#5670,.F.);
#5670 = EDGE_LOOP('',(#5671,#5672,#5673,#5679));
#5671 = ORIENTED_EDGE('',*,*,#5658,.F.);
#5672 = ORIENTED_EDGE('',*,*,#4234,.T.);
#5673 = ORIENTED_EDGE('',*,*,#5674,.T.);
#5674 = EDGE_CURVE('',#4227,#4779,#5675,.T.);
#5675 = LINE('',#5676,#5677);
#5676 = CARTESIAN_POINT('',(11.25,-2.8,0.));
#5677 = VECTOR('',#5678,1.);
#5678 = DIRECTION('',(1.224646799147E-16,1.,0.));
#5679 = ORIENTED_EDGE('',*,*,#4778,.T.);
#5680 = PLANE('',#5681);
#5681 = AXIS2_PLACEMENT_3D('',#5682,#5683,#5684);
#5682 = CARTESIAN_POINT('',(7.,-0.55,0.));
#5683 = DIRECTION('',(0.,0.,1.));
#5684 = DIRECTION('',(-1.,1.224646799147E-16,0.));
#5685 = ADVANCED_FACE('',(#5686),#5713,.T.);
#5686 = FACE_BOUND('',#5687,.T.);
#5687 = EDGE_LOOP('',(#5688,#5689,#5697,#5705,#5711,#5712));
#5688 = ORIENTED_EDGE('',*,*,#4786,.T.);
#5689 = ORIENTED_EDGE('',*,*,#5690,.T.);
#5690 = EDGE_CURVE('',#4787,#5691,#5693,.T.);
#5691 = VERTEX_POINT('',#5692);
#5692 = CARTESIAN_POINT('',(11.25,0.5,0.1));
#5693 = LINE('',#5694,#5695);
#5694 = CARTESIAN_POINT('',(11.25,1.7,0.2));
#5695 = VECTOR('',#5696,1.);
#5696 = DIRECTION('',(-1.220416573038E-16,-0.996545758245,
    -8.304547985373E-02));
#5697 = ORIENTED_EDGE('',*,*,#5698,.T.);
#5698 = EDGE_CURVE('',#5691,#5699,#5701,.T.);
#5699 = VERTEX_POINT('',#5700);
#5700 = CARTESIAN_POINT('',(11.25,-0.5,0.1));
#5701 = LINE('',#5702,#5703);
#5702 = CARTESIAN_POINT('',(11.25,0.5,0.1));
#5703 = VECTOR('',#5704,1.);
#5704 = DIRECTION('',(-1.224646799147E-16,-1.,0.));
#5705 = ORIENTED_EDGE('',*,*,#5706,.T.);
#5706 = EDGE_CURVE('',#5699,#4219,#5707,.T.);
#5707 = LINE('',#5708,#5709);
#5708 = CARTESIAN_POINT('',(11.25,-0.5,0.1));
#5709 = VECTOR('',#5710,1.);
#5710 = DIRECTION('',(-1.223490926498E-16,-0.999056158355,
    4.343722427631E-02));
#5711 = ORIENTED_EDGE('',*,*,#4226,.T.);
#5712 = ORIENTED_EDGE('',*,*,#5674,.T.);
#5713 = PLANE('',#5714);
#5714 = AXIS2_PLACEMENT_3D('',#5715,#5716,#5717);
#5715 = CARTESIAN_POINT('',(11.25,-0.549524476701,7.07980355453E-02));
#5716 = DIRECTION('',(1.,-1.224646799147E-16,-0.));
#5717 = DIRECTION('',(-0.,0.,-1.));
#5718 = ADVANCED_FACE('',(#5719),#5737,.F.);
#5719 = FACE_BOUND('',#5720,.F.);
#5720 = EDGE_LOOP('',(#5721,#5729,#5730,#5731));
#5721 = ORIENTED_EDGE('',*,*,#5722,.T.);
#5722 = EDGE_CURVE('',#5723,#5699,#5725,.T.);
#5723 = VERTEX_POINT('',#5724);
#5724 = CARTESIAN_POINT('',(12.75,-0.5,0.1));
#5725 = LINE('',#5726,#5727);
#5726 = CARTESIAN_POINT('',(12.75,-0.5,0.1));
#5727 = VECTOR('',#5728,1.);
#5728 = DIRECTION('',(-1.,1.224646799147E-16,0.));
#5729 = ORIENTED_EDGE('',*,*,#5706,.T.);
#5730 = ORIENTED_EDGE('',*,*,#4218,.F.);
#5731 = ORIENTED_EDGE('',*,*,#5732,.F.);
#5732 = EDGE_CURVE('',#5723,#4211,#5733,.T.);
#5733 = LINE('',#5734,#5735);
#5734 = CARTESIAN_POINT('',(12.75,-0.5,0.1));
#5735 = VECTOR('',#5736,1.);
#5736 = DIRECTION('',(-1.223490926498E-16,-0.999056158355,
    4.343722427631E-02));
#5737 = PLANE('',#5738);
#5738 = AXIS2_PLACEMENT_3D('',#5739,#5740,#5741);
#5739 = CARTESIAN_POINT('',(12.75,-0.5,0.1));
#5740 = DIRECTION('',(5.319525767383E-18,4.343722427631E-02,
    0.999056158355));
#5741 = DIRECTION('',(-1.223490926498E-16,-0.999056158355,
    4.343722427631E-02));
#5742 = ADVANCED_FACE('',(#5743),#5768,.F.);
#5743 = FACE_BOUND('',#5744,.F.);
#5744 = EDGE_LOOP('',(#5745,#5746,#5754,#5760,#5761,#5762));
#5745 = ORIENTED_EDGE('',*,*,#4802,.T.);
#5746 = ORIENTED_EDGE('',*,*,#5747,.T.);
#5747 = EDGE_CURVE('',#4795,#5748,#5750,.T.);
#5748 = VERTEX_POINT('',#5749);
#5749 = CARTESIAN_POINT('',(12.75,0.5,0.1));
#5750 = LINE('',#5751,#5752);
#5751 = CARTESIAN_POINT('',(12.75,1.7,0.2));
#5752 = VECTOR('',#5753,1.);
#5753 = DIRECTION('',(-1.220416573038E-16,-0.996545758245,
    -8.304547985373E-02));
#5754 = ORIENTED_EDGE('',*,*,#5755,.T.);
#5755 = EDGE_CURVE('',#5748,#5723,#5756,.T.);
#5756 = LINE('',#5757,#5758);
#5757 = CARTESIAN_POINT('',(12.75,0.5,0.1));
#5758 = VECTOR('',#5759,1.);
#5759 = DIRECTION('',(-1.224646799147E-16,-1.,0.));
#5760 = ORIENTED_EDGE('',*,*,#5732,.T.);
#5761 = ORIENTED_EDGE('',*,*,#4210,.T.);
#5762 = ORIENTED_EDGE('',*,*,#5763,.T.);
#5763 = EDGE_CURVE('',#4203,#4803,#5764,.T.);
#5764 = LINE('',#5765,#5766);
#5765 = CARTESIAN_POINT('',(12.75,-2.8,0.));
#5766 = VECTOR('',#5767,1.);
#5767 = DIRECTION('',(1.224646799147E-16,1.,0.));
#5768 = PLANE('',#5769);
#5769 = AXIS2_PLACEMENT_3D('',#5770,#5771,#5772);
#5770 = CARTESIAN_POINT('',(12.75,-0.549524476701,7.07980355453E-02));
#5771 = DIRECTION('',(1.,-1.224646799147E-16,-0.));
#5772 = DIRECTION('',(-0.,0.,-1.));
#5773 = ADVANCED_FACE('',(#5774),#5785,.F.);
#5774 = FACE_BOUND('',#5775,.F.);
#5775 = EDGE_LOOP('',(#5776,#5777,#5783,#5784));
#5776 = ORIENTED_EDGE('',*,*,#4202,.T.);
#5777 = ORIENTED_EDGE('',*,*,#5778,.T.);
#5778 = EDGE_CURVE('',#4195,#4811,#5779,.T.);
#5779 = LINE('',#5780,#5781);
#5780 = CARTESIAN_POINT('',(13.25,-2.8,0.));
#5781 = VECTOR('',#5782,1.);
#5782 = DIRECTION('',(1.224646799147E-16,1.,0.));
#5783 = ORIENTED_EDGE('',*,*,#4810,.T.);
#5784 = ORIENTED_EDGE('',*,*,#5763,.F.);
#5785 = PLANE('',#5786);
#5786 = AXIS2_PLACEMENT_3D('',#5787,#5788,#5789);
#5787 = CARTESIAN_POINT('',(7.,-0.55,0.));
#5788 = DIRECTION('',(0.,0.,1.));
#5789 = DIRECTION('',(-1.,1.224646799147E-16,0.));
#5790 = ADVANCED_FACE('',(#5791),#5818,.T.);
#5791 = FACE_BOUND('',#5792,.T.);
#5792 = EDGE_LOOP('',(#5793,#5794,#5802,#5810,#5816,#5817));
#5793 = ORIENTED_EDGE('',*,*,#4818,.T.);
#5794 = ORIENTED_EDGE('',*,*,#5795,.T.);
#5795 = EDGE_CURVE('',#4819,#5796,#5798,.T.);
#5796 = VERTEX_POINT('',#5797);
#5797 = CARTESIAN_POINT('',(13.25,0.5,0.1));
#5798 = LINE('',#5799,#5800);
#5799 = CARTESIAN_POINT('',(13.25,1.7,0.2));
#5800 = VECTOR('',#5801,1.);
#5801 = DIRECTION('',(-1.220416573038E-16,-0.996545758245,
    -8.304547985373E-02));
#5802 = ORIENTED_EDGE('',*,*,#5803,.T.);
#5803 = EDGE_CURVE('',#5796,#5804,#5806,.T.);
#5804 = VERTEX_POINT('',#5805);
#5805 = CARTESIAN_POINT('',(13.25,-0.5,0.1));
#5806 = LINE('',#5807,#5808);
#5807 = CARTESIAN_POINT('',(13.25,0.5,0.1));
#5808 = VECTOR('',#5809,1.);
#5809 = DIRECTION('',(-1.224646799147E-16,-1.,0.));
#5810 = ORIENTED_EDGE('',*,*,#5811,.T.);
#5811 = EDGE_CURVE('',#5804,#4187,#5812,.T.);
#5812 = LINE('',#5813,#5814);
#5813 = CARTESIAN_POINT('',(13.25,-0.5,0.1));
#5814 = VECTOR('',#5815,1.);
#5815 = DIRECTION('',(-1.223490926498E-16,-0.999056158355,
    4.343722427631E-02));
#5816 = ORIENTED_EDGE('',*,*,#4194,.T.);
#5817 = ORIENTED_EDGE('',*,*,#5778,.T.);
#5818 = PLANE('',#5819);
#5819 = AXIS2_PLACEMENT_3D('',#5820,#5821,#5822);
#5820 = CARTESIAN_POINT('',(13.25,-0.549524476701,7.07980355453E-02));
#5821 = DIRECTION('',(1.,-1.224646799147E-16,-0.));
#5822 = DIRECTION('',(-0.,0.,-1.));
#5823 = ADVANCED_FACE('',(#5824),#5835,.F.);
#5824 = FACE_BOUND('',#5825,.F.);
#5825 = EDGE_LOOP('',(#5826,#5832,#5833,#5834));
#5826 = ORIENTED_EDGE('',*,*,#5827,.T.);
#5827 = EDGE_CURVE('',#4449,#5804,#5828,.T.);
#5828 = LINE('',#5829,#5830);
#5829 = CARTESIAN_POINT('',(14.75,-0.5,0.1));
#5830 = VECTOR('',#5831,1.);
#5831 = DIRECTION('',(-1.,1.224646799147E-16,0.));
#5832 = ORIENTED_EDGE('',*,*,#5811,.T.);
#5833 = ORIENTED_EDGE('',*,*,#4186,.F.);
#5834 = ORIENTED_EDGE('',*,*,#4456,.F.);
#5835 = PLANE('',#5836);
#5836 = AXIS2_PLACEMENT_3D('',#5837,#5838,#5839);
#5837 = CARTESIAN_POINT('',(14.75,-0.5,0.1));
#5838 = DIRECTION('',(5.319525767383E-18,4.343722427631E-02,
    0.999056158355));
#5839 = DIRECTION('',(-1.223490926498E-16,-0.999056158355,
    4.343722427631E-02));
#5840 = ADVANCED_FACE('',(#5841),#5878,.F.);
#5841 = FACE_BOUND('',#5842,.F.);
#5842 = EDGE_LOOP('',(#5843,#5844,#5845,#5853,#5861,#5870,#5876,#5877));
#5843 = ORIENTED_EDGE('',*,*,#5038,.F.);
#5844 = ORIENTED_EDGE('',*,*,#4578,.T.);
#5845 = ORIENTED_EDGE('',*,*,#5846,.T.);
#5846 = EDGE_CURVE('',#4571,#5847,#5849,.T.);
#5847 = VERTEX_POINT('',#5848);
#5848 = CARTESIAN_POINT('',(-1.95,0.2,6.));
#5849 = LINE('',#5850,#5851);
#5850 = CARTESIAN_POINT('',(-1.95,1.7,6.));
#5851 = VECTOR('',#5852,1.);
#5852 = DIRECTION('',(-1.224646799147E-16,-1.,0.));
#5853 = ORIENTED_EDGE('',*,*,#5854,.T.);
#5854 = EDGE_CURVE('',#5847,#5855,#5857,.T.);
#5855 = VERTEX_POINT('',#5856);
#5856 = CARTESIAN_POINT('',(-1.95,0.2,4.4));
#5857 = LINE('',#5858,#5859);
#5858 = CARTESIAN_POINT('',(-1.95,0.2,3.));
#5859 = VECTOR('',#5860,1.);
#5860 = DIRECTION('',(-0.,0.,-1.));
#5861 = ORIENTED_EDGE('',*,*,#5862,.F.);
#5862 = EDGE_CURVE('',#5863,#5855,#5865,.T.);
#5863 = VERTEX_POINT('',#5864);
#5864 = CARTESIAN_POINT('',(-1.95,-0.6,4.4));
#5865 = CIRCLE('',#5866,0.4);
#5866 = AXIS2_PLACEMENT_3D('',#5867,#5868,#5869);
#5867 = CARTESIAN_POINT('',(-1.95,-0.2,4.4));
#5868 = DIRECTION('',(1.,-1.224646799147E-16,0.));
#5869 = DIRECTION('',(1.224646799147E-16,1.,0.));
#5870 = ORIENTED_EDGE('',*,*,#5871,.T.);
#5871 = EDGE_CURVE('',#5863,#5015,#5872,.T.);
#5872 = LINE('',#5873,#5874);
#5873 = CARTESIAN_POINT('',(-1.95,-0.6,2.2));
#5874 = VECTOR('',#5875,1.);
#5875 = DIRECTION('',(0.,0.,1.));
#5876 = ORIENTED_EDGE('',*,*,#5022,.T.);
#5877 = ORIENTED_EDGE('',*,*,#4162,.F.);
#5878 = PLANE('',#5879);
#5879 = AXIS2_PLACEMENT_3D('',#5880,#5881,#5882);
#5880 = CARTESIAN_POINT('',(-1.95,1.7,0.));
#5881 = DIRECTION('',(1.,-1.224646799147E-16,0.));
#5882 = DIRECTION('',(-1.224646799147E-16,-1.,0.));
#5883 = ADVANCED_FACE('',(#5884),#5895,.F.);
#5884 = FACE_BOUND('',#5885,.F.);
#5885 = EDGE_LOOP('',(#5886,#5887,#5888,#5894));
#5886 = ORIENTED_EDGE('',*,*,#4826,.T.);
#5887 = ORIENTED_EDGE('',*,*,#5795,.T.);
#5888 = ORIENTED_EDGE('',*,*,#5889,.F.);
#5889 = EDGE_CURVE('',#4441,#5796,#5890,.T.);
#5890 = LINE('',#5891,#5892);
#5891 = CARTESIAN_POINT('',(14.75,0.5,0.1));
#5892 = VECTOR('',#5893,1.);
#5893 = DIRECTION('',(-1.,1.224646799147E-16,0.));
#5894 = ORIENTED_EDGE('',*,*,#4440,.F.);
#5895 = PLANE('',#5896);
#5896 = AXIS2_PLACEMENT_3D('',#5897,#5898,#5899);
#5897 = CARTESIAN_POINT('',(14.75,1.7,0.2));
#5898 = DIRECTION('',(-1.017013810865E-17,-8.304547985373E-02,
    0.996545758245));
#5899 = DIRECTION('',(-1.220416573038E-16,-0.996545758245,
    -8.304547985373E-02));
#5900 = ADVANCED_FACE('',(#5901,#5907),#5941,.F.);
#5901 = FACE_BOUND('',#5902,.F.);
#5902 = EDGE_LOOP('',(#5903,#5904,#5905,#5906));
#5903 = ORIENTED_EDGE('',*,*,#5889,.T.);
#5904 = ORIENTED_EDGE('',*,*,#5803,.T.);
#5905 = ORIENTED_EDGE('',*,*,#5827,.F.);
#5906 = ORIENTED_EDGE('',*,*,#4448,.F.);
#5907 = FACE_BOUND('',#5908,.F.);
#5908 = EDGE_LOOP('',(#5909,#5919,#5927,#5935));
#5909 = ORIENTED_EDGE('',*,*,#5910,.T.);
#5910 = EDGE_CURVE('',#5911,#5913,#5915,.T.);
#5911 = VERTEX_POINT('',#5912);
#5912 = CARTESIAN_POINT('',(14.25,0.25,0.1));
#5913 = VERTEX_POINT('',#5914);
#5914 = CARTESIAN_POINT('',(14.25,-0.25,0.1));
#5915 = LINE('',#5916,#5917);
#5916 = CARTESIAN_POINT('',(14.25,0.271633216363,0.1));
#5917 = VECTOR('',#5918,1.);
#5918 = DIRECTION('',(-1.224646799147E-16,-1.,0.));
#5919 = ORIENTED_EDGE('',*,*,#5920,.T.);
#5920 = EDGE_CURVE('',#5913,#5921,#5923,.T.);
#5921 = VERTEX_POINT('',#5922);
#5922 = CARTESIAN_POINT('',(13.75,-0.25,0.1));
#5923 = LINE('',#5924,#5925);
#5924 = CARTESIAN_POINT('',(14.5,-0.25,0.1));
#5925 = VECTOR('',#5926,1.);
#5926 = DIRECTION('',(-1.,1.224646799147E-16,0.));
#5927 = ORIENTED_EDGE('',*,*,#5928,.F.);
#5928 = EDGE_CURVE('',#5929,#5921,#5931,.T.);
#5929 = VERTEX_POINT('',#5930);
#5930 = CARTESIAN_POINT('',(13.75,0.25,0.1));
#5931 = LINE('',#5932,#5933);
#5932 = CARTESIAN_POINT('',(13.75,0.271633216363,0.1));
#5933 = VECTOR('',#5934,1.);
#5934 = DIRECTION('',(-1.224646799147E-16,-1.,0.));
#5935 = ORIENTED_EDGE('',*,*,#5936,.T.);
#5936 = EDGE_CURVE('',#5929,#5911,#5937,.T.);
#5937 = LINE('',#5938,#5939);
#5938 = CARTESIAN_POINT('',(14.5,0.25,0.1));
#5939 = VECTOR('',#5940,1.);
#5940 = DIRECTION('',(1.,-1.224646799147E-16,0.));
#5941 = PLANE('',#5942);
#5942 = AXIS2_PLACEMENT_3D('',#5943,#5944,#5945);
#5943 = CARTESIAN_POINT('',(14.75,0.5,0.1));
#5944 = DIRECTION('',(0.,0.,1.));
#5945 = DIRECTION('',(-1.224646799147E-16,-1.,0.));
#5946 = ADVANCED_FACE('',(#5947),#5958,.F.);
#5947 = FACE_BOUND('',#5948,.F.);
#5948 = EDGE_LOOP('',(#5949,#5950,#5951,#5957));
#5949 = ORIENTED_EDGE('',*,*,#4794,.T.);
#5950 = ORIENTED_EDGE('',*,*,#5690,.T.);
#5951 = ORIENTED_EDGE('',*,*,#5952,.F.);
#5952 = EDGE_CURVE('',#5748,#5691,#5953,.T.);
#5953 = LINE('',#5954,#5955);
#5954 = CARTESIAN_POINT('',(12.75,0.5,0.1));
#5955 = VECTOR('',#5956,1.);
#5956 = DIRECTION('',(-1.,1.224646799147E-16,0.));
#5957 = ORIENTED_EDGE('',*,*,#5747,.F.);
#5958 = PLANE('',#5959);
#5959 = AXIS2_PLACEMENT_3D('',#5960,#5961,#5962);
#5960 = CARTESIAN_POINT('',(12.75,1.7,0.2));
#5961 = DIRECTION('',(-1.017013810865E-17,-8.304547985373E-02,
    0.996545758245));
#5962 = DIRECTION('',(-1.220416573038E-16,-0.996545758245,
    -8.304547985373E-02));
#5963 = ADVANCED_FACE('',(#5964),#5975,.F.);
#5964 = FACE_BOUND('',#5965,.F.);
#5965 = EDGE_LOOP('',(#5966,#5967,#5968,#5974));
#5966 = ORIENTED_EDGE('',*,*,#4762,.T.);
#5967 = ORIENTED_EDGE('',*,*,#5585,.T.);
#5968 = ORIENTED_EDGE('',*,*,#5969,.F.);
#5969 = EDGE_CURVE('',#5643,#5586,#5970,.T.);
#5970 = LINE('',#5971,#5972);
#5971 = CARTESIAN_POINT('',(10.75,0.5,0.1));
#5972 = VECTOR('',#5973,1.);
#5973 = DIRECTION('',(-1.,1.224646799147E-16,0.));
#5974 = ORIENTED_EDGE('',*,*,#5642,.F.);
#5975 = PLANE('',#5976);
#5976 = AXIS2_PLACEMENT_3D('',#5977,#5978,#5979);
#5977 = CARTESIAN_POINT('',(10.75,1.7,0.2));
#5978 = DIRECTION('',(-1.017013810865E-17,-8.304547985373E-02,
    0.996545758245));
#5979 = DIRECTION('',(-1.220416573038E-16,-0.996545758245,
    -8.304547985373E-02));
#5980 = ADVANCED_FACE('',(#5981),#5992,.F.);
#5981 = FACE_BOUND('',#5982,.F.);
#5982 = EDGE_LOOP('',(#5983,#5984,#5985,#5991));
#5983 = ORIENTED_EDGE('',*,*,#4730,.T.);
#5984 = ORIENTED_EDGE('',*,*,#5480,.T.);
#5985 = ORIENTED_EDGE('',*,*,#5986,.F.);
#5986 = EDGE_CURVE('',#5538,#5481,#5987,.T.);
#5987 = LINE('',#5988,#5989);
#5988 = CARTESIAN_POINT('',(8.75,0.5,0.1));
#5989 = VECTOR('',#5990,1.);
#5990 = DIRECTION('',(-1.,1.224646799147E-16,0.));
#5991 = ORIENTED_EDGE('',*,*,#5537,.F.);
#5992 = PLANE('',#5993);
#5993 = AXIS2_PLACEMENT_3D('',#5994,#5995,#5996);
#5994 = CARTESIAN_POINT('',(8.75,1.7,0.2));
#5995 = DIRECTION('',(-1.017013810865E-17,-8.304547985373E-02,
    0.996545758245));
#5996 = DIRECTION('',(-1.220416573038E-16,-0.996545758245,
    -8.304547985373E-02));
#5997 = ADVANCED_FACE('',(#5998),#6009,.F.);
#5998 = FACE_BOUND('',#5999,.F.);
#5999 = EDGE_LOOP('',(#6000,#6001,#6002,#6008));
#6000 = ORIENTED_EDGE('',*,*,#4698,.T.);
#6001 = ORIENTED_EDGE('',*,*,#5375,.T.);
#6002 = ORIENTED_EDGE('',*,*,#6003,.F.);
#6003 = EDGE_CURVE('',#5433,#5376,#6004,.T.);
#6004 = LINE('',#6005,#6006);
#6005 = CARTESIAN_POINT('',(6.75,0.5,0.1));
#6006 = VECTOR('',#6007,1.);
#6007 = DIRECTION('',(-1.,1.224646799147E-16,0.));
#6008 = ORIENTED_EDGE('',*,*,#5432,.F.);
#6009 = PLANE('',#6010);
#6010 = AXIS2_PLACEMENT_3D('',#6011,#6012,#6013);
#6011 = CARTESIAN_POINT('',(6.75,1.7,0.2));
#6012 = DIRECTION('',(-1.017013810865E-17,-8.304547985373E-02,
    0.996545758245));
#6013 = DIRECTION('',(-1.220416573038E-16,-0.996545758245,
    -8.304547985373E-02));
#6014 = ADVANCED_FACE('',(#6015),#6026,.F.);
#6015 = FACE_BOUND('',#6016,.F.);
#6016 = EDGE_LOOP('',(#6017,#6018,#6019,#6025));
#6017 = ORIENTED_EDGE('',*,*,#4666,.T.);
#6018 = ORIENTED_EDGE('',*,*,#5270,.T.);
#6019 = ORIENTED_EDGE('',*,*,#6020,.F.);
#6020 = EDGE_CURVE('',#5328,#5271,#6021,.T.);
#6021 = LINE('',#6022,#6023);
#6022 = CARTESIAN_POINT('',(4.75,0.5,0.1));
#6023 = VECTOR('',#6024,1.);
#6024 = DIRECTION('',(-1.,1.224646799147E-16,0.));
#6025 = ORIENTED_EDGE('',*,*,#5327,.F.);
#6026 = PLANE('',#6027);
#6027 = AXIS2_PLACEMENT_3D('',#6028,#6029,#6030);
#6028 = CARTESIAN_POINT('',(4.75,1.7,0.2));
#6029 = DIRECTION('',(-1.017013810865E-17,-8.304547985373E-02,
    0.996545758245));
#6030 = DIRECTION('',(-1.220416573038E-16,-0.996545758245,
    -8.304547985373E-02));
#6031 = ADVANCED_FACE('',(#6032),#6043,.F.);
#6032 = FACE_BOUND('',#6033,.F.);
#6033 = EDGE_LOOP('',(#6034,#6035,#6036,#6042));
#6034 = ORIENTED_EDGE('',*,*,#4634,.T.);
#6035 = ORIENTED_EDGE('',*,*,#5165,.T.);
#6036 = ORIENTED_EDGE('',*,*,#6037,.F.);
#6037 = EDGE_CURVE('',#5223,#5166,#6038,.T.);
#6038 = LINE('',#6039,#6040);
#6039 = CARTESIAN_POINT('',(2.75,0.5,0.1));
#6040 = VECTOR('',#6041,1.);
#6041 = DIRECTION('',(-1.,1.224646799147E-16,0.));
#6042 = ORIENTED_EDGE('',*,*,#5222,.F.);
#6043 = PLANE('',#6044);
#6044 = AXIS2_PLACEMENT_3D('',#6045,#6046,#6047);
#6045 = CARTESIAN_POINT('',(2.75,1.7,0.2));
#6046 = DIRECTION('',(-1.017013810865E-17,-8.304547985373E-02,
    0.996545758245));
#6047 = DIRECTION('',(-1.220416573038E-16,-0.996545758245,
    -8.304547985373E-02));
#6048 = ADVANCED_FACE('',(#6049),#6060,.F.);
#6049 = FACE_BOUND('',#6050,.F.);
#6050 = EDGE_LOOP('',(#6051,#6052,#6053,#6059));
#6051 = ORIENTED_EDGE('',*,*,#4602,.T.);
#6052 = ORIENTED_EDGE('',*,*,#5060,.T.);
#6053 = ORIENTED_EDGE('',*,*,#6054,.F.);
#6054 = EDGE_CURVE('',#5118,#5061,#6055,.T.);
#6055 = LINE('',#6056,#6057);
#6056 = CARTESIAN_POINT('',(0.75,0.5,0.1));
#6057 = VECTOR('',#6058,1.);
#6058 = DIRECTION('',(-1.,1.224646799147E-16,0.));
#6059 = ORIENTED_EDGE('',*,*,#5117,.F.);
#6060 = PLANE('',#6061);
#6061 = AXIS2_PLACEMENT_3D('',#6062,#6063,#6064);
#6062 = CARTESIAN_POINT('',(0.75,1.7,0.2));
#6063 = DIRECTION('',(-1.017013810865E-17,-8.304547985373E-02,
    0.996545758245));
#6064 = DIRECTION('',(-1.220416573038E-16,-0.996545758245,
    -8.304547985373E-02));
#6065 = ADVANCED_FACE('',(#6066),#6123,.T.);
#6066 = FACE_BOUND('',#6067,.T.);
#6067 = EDGE_LOOP('',(#6068,#6076,#6077,#6085,#6093,#6099,#6100,#6101,
    #6109,#6117));
#6068 = ORIENTED_EDGE('',*,*,#6069,.F.);
#6069 = EDGE_CURVE('',#4499,#6070,#6072,.T.);
#6070 = VERTEX_POINT('',#6071);
#6071 = CARTESIAN_POINT('',(0.55,1.1,6.));
#6072 = LINE('',#6073,#6074);
#6073 = CARTESIAN_POINT('',(0.55,1.7,6.));
#6074 = VECTOR('',#6075,1.);
#6075 = DIRECTION('',(-1.224646799147E-16,-1.,0.));
#6076 = ORIENTED_EDGE('',*,*,#4506,.T.);
#6077 = ORIENTED_EDGE('',*,*,#6078,.T.);
#6078 = EDGE_CURVE('',#4507,#6079,#6081,.T.);
#6079 = VERTEX_POINT('',#6080);
#6080 = CARTESIAN_POINT('',(-0.45,1.75,6.));
#6081 = LINE('',#6082,#6083);
#6082 = CARTESIAN_POINT('',(-0.45,1.7,6.));
#6083 = VECTOR('',#6084,1.);
#6084 = DIRECTION('',(1.224646799147E-16,1.,0.));
#6085 = ORIENTED_EDGE('',*,*,#6086,.T.);
#6086 = EDGE_CURVE('',#6079,#6087,#6089,.T.);
#6087 = VERTEX_POINT('',#6088);
#6088 = CARTESIAN_POINT('',(-0.95,1.75,6.));
#6089 = LINE('',#6090,#6091);
#6090 = CARTESIAN_POINT('',(-0.45,1.75,6.));
#6091 = VECTOR('',#6092,1.);
#6092 = DIRECTION('',(-1.,1.224646799147E-16,0.));
#6093 = ORIENTED_EDGE('',*,*,#6094,.T.);
#6094 = EDGE_CURVE('',#6087,#4563,#6095,.T.);
#6095 = LINE('',#6096,#6097);
#6096 = CARTESIAN_POINT('',(-0.95,1.75,6.));
#6097 = VECTOR('',#6098,1.);
#6098 = DIRECTION('',(-1.224646799147E-16,-1.,0.));
#6099 = ORIENTED_EDGE('',*,*,#4570,.T.);
#6100 = ORIENTED_EDGE('',*,*,#5846,.T.);
#6101 = ORIENTED_EDGE('',*,*,#6102,.F.);
#6102 = EDGE_CURVE('',#6103,#5847,#6105,.T.);
#6103 = VERTEX_POINT('',#6104);
#6104 = CARTESIAN_POINT('',(-1.45,0.2,6.));
#6105 = LINE('',#6106,#6107);
#6106 = CARTESIAN_POINT('',(15.95,0.2,6.));
#6107 = VECTOR('',#6108,1.);
#6108 = DIRECTION('',(-1.,1.224646799147E-16,0.));
#6109 = ORIENTED_EDGE('',*,*,#6110,.F.);
#6110 = EDGE_CURVE('',#6111,#6103,#6113,.T.);
#6111 = VERTEX_POINT('',#6112);
#6112 = CARTESIAN_POINT('',(-1.45,1.1,6.));
#6113 = LINE('',#6114,#6115);
#6114 = CARTESIAN_POINT('',(-1.45,1.1,6.));
#6115 = VECTOR('',#6116,1.);
#6116 = DIRECTION('',(-1.224646799147E-16,-1.,0.));
#6117 = ORIENTED_EDGE('',*,*,#6118,.F.);
#6118 = EDGE_CURVE('',#6070,#6111,#6119,.T.);
#6119 = LINE('',#6120,#6121);
#6120 = CARTESIAN_POINT('',(15.45,1.1,6.));
#6121 = VECTOR('',#6122,1.);
#6122 = DIRECTION('',(-1.,1.224646799147E-16,0.));
#6123 = PLANE('',#6124);
#6124 = AXIS2_PLACEMENT_3D('',#6125,#6126,#6127);
#6125 = CARTESIAN_POINT('',(-0.922222222222,1.18487654321,6.));
#6126 = DIRECTION('',(0.,0.,1.));
#6127 = DIRECTION('',(-1.,1.224646799147E-16,0.));
#6128 = ADVANCED_FACE('',(#6129),#6147,.F.);
#6129 = FACE_BOUND('',#6130,.F.);
#6130 = EDGE_LOOP('',(#6131,#6139,#6140,#6141));
#6131 = ORIENTED_EDGE('',*,*,#6132,.T.);
#6132 = EDGE_CURVE('',#6133,#6087,#6135,.T.);
#6133 = VERTEX_POINT('',#6134);
#6134 = CARTESIAN_POINT('',(-0.95,1.75,4.2));
#6135 = LINE('',#6136,#6137);
#6136 = CARTESIAN_POINT('',(-0.95,1.75,4.2));
#6137 = VECTOR('',#6138,1.);
#6138 = DIRECTION('',(0.,0.,1.));
#6139 = ORIENTED_EDGE('',*,*,#6094,.T.);
#6140 = ORIENTED_EDGE('',*,*,#4562,.F.);
#6141 = ORIENTED_EDGE('',*,*,#6142,.F.);
#6142 = EDGE_CURVE('',#6133,#4555,#6143,.T.);
#6143 = LINE('',#6144,#6145);
#6144 = CARTESIAN_POINT('',(-0.95,1.75,4.2));
#6145 = VECTOR('',#6146,1.);
#6146 = DIRECTION('',(-1.224646799147E-16,-1.,0.));
#6147 = PLANE('',#6148);
#6148 = AXIS2_PLACEMENT_3D('',#6149,#6150,#6151);
#6149 = CARTESIAN_POINT('',(-0.95,1.75,4.2));
#6150 = DIRECTION('',(1.,-1.224646799147E-16,0.));
#6151 = DIRECTION('',(-1.224646799147E-16,-1.,0.));
#6152 = ADVANCED_FACE('',(#6153),#6194,.T.);
#6153 = FACE_BOUND('',#6154,.T.);
#6154 = EDGE_LOOP('',(#6155,#6156,#6164,#6172,#6178,#6179,#6180,#6188));
#6155 = ORIENTED_EDGE('',*,*,#4522,.F.);
#6156 = ORIENTED_EDGE('',*,*,#6157,.T.);
#6157 = EDGE_CURVE('',#4523,#6158,#6160,.T.);
#6158 = VERTEX_POINT('',#6159);
#6159 = CARTESIAN_POINT('',(-0.4,1.1,4.2));
#6160 = LINE('',#6161,#6162);
#6161 = CARTESIAN_POINT('',(-0.4,1.7,4.2));
#6162 = VECTOR('',#6163,1.);
#6163 = DIRECTION('',(-1.224646799147E-16,-1.,0.));
#6164 = ORIENTED_EDGE('',*,*,#6165,.T.);
#6165 = EDGE_CURVE('',#6158,#6166,#6168,.T.);
#6166 = VERTEX_POINT('',#6167);
#6167 = CARTESIAN_POINT('',(-1.4,1.1,4.2));
#6168 = LINE('',#6169,#6170);
#6169 = CARTESIAN_POINT('',(7.525,1.1,4.2));
#6170 = VECTOR('',#6171,1.);
#6171 = DIRECTION('',(-1.,1.224646799147E-16,0.));
#6172 = ORIENTED_EDGE('',*,*,#6173,.F.);
#6173 = EDGE_CURVE('',#4547,#6166,#6174,.T.);
#6174 = LINE('',#6175,#6176);
#6175 = CARTESIAN_POINT('',(-1.4,1.7,4.2));
#6176 = VECTOR('',#6177,1.);
#6177 = DIRECTION('',(-1.224646799147E-16,-1.,0.));
#6178 = ORIENTED_EDGE('',*,*,#4554,.F.);
#6179 = ORIENTED_EDGE('',*,*,#6142,.F.);
#6180 = ORIENTED_EDGE('',*,*,#6181,.F.);
#6181 = EDGE_CURVE('',#6182,#6133,#6184,.T.);
#6182 = VERTEX_POINT('',#6183);
#6183 = CARTESIAN_POINT('',(-0.45,1.75,4.2));
#6184 = LINE('',#6185,#6186);
#6185 = CARTESIAN_POINT('',(-0.45,1.75,4.2));
#6186 = VECTOR('',#6187,1.);
#6187 = DIRECTION('',(-1.,1.224646799147E-16,0.));
#6188 = ORIENTED_EDGE('',*,*,#6189,.F.);
#6189 = EDGE_CURVE('',#4515,#6182,#6190,.T.);
#6190 = LINE('',#6191,#6192);
#6191 = CARTESIAN_POINT('',(-0.45,1.7,4.2));
#6192 = VECTOR('',#6193,1.);
#6193 = DIRECTION('',(1.224646799147E-16,1.,0.));
#6194 = PLANE('',#6195);
#6195 = AXIS2_PLACEMENT_3D('',#6196,#6197,#6198);
#6196 = CARTESIAN_POINT('',(-0.893939393939,1.417424242424,4.2));
#6197 = DIRECTION('',(-5.562082537515E-31,-3.729435539758E-31,-1.));
#6198 = DIRECTION('',(1.,-1.224646799147E-16,-5.562082537515E-31));
#6199 = ADVANCED_FACE('',(#6200),#6218,.T.);
#6200 = FACE_BOUND('',#6201,.T.);
#6201 = EDGE_LOOP('',(#6202,#6203,#6204,#6212));
#6202 = ORIENTED_EDGE('',*,*,#4546,.F.);
#6203 = ORIENTED_EDGE('',*,*,#6173,.T.);
#6204 = ORIENTED_EDGE('',*,*,#6205,.T.);
#6205 = EDGE_CURVE('',#6166,#6206,#6208,.T.);
#6206 = VERTEX_POINT('',#6207);
#6207 = CARTESIAN_POINT('',(-1.4,1.1,2.4));
#6208 = LINE('',#6209,#6210);
#6209 = CARTESIAN_POINT('',(-1.4,1.1,5.1));
#6210 = VECTOR('',#6211,1.);
#6211 = DIRECTION('',(-0.,0.,-1.));
#6212 = ORIENTED_EDGE('',*,*,#6213,.F.);
#6213 = EDGE_CURVE('',#4539,#6206,#6214,.T.);
#6214 = LINE('',#6215,#6216);
#6215 = CARTESIAN_POINT('',(-1.4,1.7,2.4));
#6216 = VECTOR('',#6217,1.);
#6217 = DIRECTION('',(-1.224646799147E-16,-1.,0.));
#6218 = PLANE('',#6219);
#6219 = AXIS2_PLACEMENT_3D('',#6220,#6221,#6222);
#6220 = CARTESIAN_POINT('',(-1.4,1.7,4.2));
#6221 = DIRECTION('',(1.,-1.224646799147E-16,-0.));
#6222 = DIRECTION('',(-0.,0.,-1.));
#6223 = ADVANCED_FACE('',(#6224),#6242,.T.);
#6224 = FACE_BOUND('',#6225,.T.);
#6225 = EDGE_LOOP('',(#6226,#6227,#6228,#6236));
#6226 = ORIENTED_EDGE('',*,*,#4538,.F.);
#6227 = ORIENTED_EDGE('',*,*,#6213,.T.);
#6228 = ORIENTED_EDGE('',*,*,#6229,.T.);
#6229 = EDGE_CURVE('',#6206,#6230,#6232,.T.);
#6230 = VERTEX_POINT('',#6231);
#6231 = CARTESIAN_POINT('',(-0.4,1.1,2.4));
#6232 = LINE('',#6233,#6234);
#6233 = CARTESIAN_POINT('',(7.025,1.1,2.4));
#6234 = VECTOR('',#6235,1.);
#6235 = DIRECTION('',(1.,-1.224646799147E-16,0.));
#6236 = ORIENTED_EDGE('',*,*,#6237,.F.);
#6237 = EDGE_CURVE('',#4531,#6230,#6238,.T.);
#6238 = LINE('',#6239,#6240);
#6239 = CARTESIAN_POINT('',(-0.4,1.7,2.4));
#6240 = VECTOR('',#6241,1.);
#6241 = DIRECTION('',(-1.224646799147E-16,-1.,0.));
#6242 = PLANE('',#6243);
#6243 = AXIS2_PLACEMENT_3D('',#6244,#6245,#6246);
#6244 = CARTESIAN_POINT('',(-1.4,1.7,2.4));
#6245 = DIRECTION('',(0.,0.,1.));
#6246 = DIRECTION('',(1.,-1.224646799147E-16,0.));
#6247 = ADVANCED_FACE('',(#6248),#6259,.T.);
#6248 = FACE_BOUND('',#6249,.T.);
#6249 = EDGE_LOOP('',(#6250,#6251,#6252,#6258));
#6250 = ORIENTED_EDGE('',*,*,#4530,.F.);
#6251 = ORIENTED_EDGE('',*,*,#6237,.T.);
#6252 = ORIENTED_EDGE('',*,*,#6253,.T.);
#6253 = EDGE_CURVE('',#6230,#6158,#6254,.T.);
#6254 = LINE('',#6255,#6256);
#6255 = CARTESIAN_POINT('',(-0.4,1.1,4.2));
#6256 = VECTOR('',#6257,1.);
#6257 = DIRECTION('',(0.,0.,1.));
#6258 = ORIENTED_EDGE('',*,*,#6157,.F.);
#6259 = PLANE('',#6260);
#6260 = AXIS2_PLACEMENT_3D('',#6261,#6262,#6263);
#6261 = CARTESIAN_POINT('',(-0.4,1.7,2.4));
#6262 = DIRECTION('',(-1.,1.224646799147E-16,0.));
#6263 = DIRECTION('',(0.,0.,1.));
#6264 = ADVANCED_FACE('',(#6265),#6276,.F.);
#6265 = FACE_BOUND('',#6266,.F.);
#6266 = EDGE_LOOP('',(#6267,#6268,#6269,#6275));
#6267 = ORIENTED_EDGE('',*,*,#4514,.T.);
#6268 = ORIENTED_EDGE('',*,*,#6078,.T.);
#6269 = ORIENTED_EDGE('',*,*,#6270,.F.);
#6270 = EDGE_CURVE('',#6182,#6079,#6271,.T.);
#6271 = LINE('',#6272,#6273);
#6272 = CARTESIAN_POINT('',(-0.45,1.75,4.2));
#6273 = VECTOR('',#6274,1.);
#6274 = DIRECTION('',(0.,0.,1.));
#6275 = ORIENTED_EDGE('',*,*,#6189,.F.);
#6276 = PLANE('',#6277);
#6277 = AXIS2_PLACEMENT_3D('',#6278,#6279,#6280);
#6278 = CARTESIAN_POINT('',(-0.45,1.7,4.2));
#6279 = DIRECTION('',(-1.,1.224646799147E-16,0.));
#6280 = DIRECTION('',(1.224646799147E-16,1.,0.));
#6281 = ADVANCED_FACE('',(#6282),#6300,.F.);
#6282 = FACE_BOUND('',#6283,.F.);
#6283 = EDGE_LOOP('',(#6284,#6285,#6293,#6299));
#6284 = ORIENTED_EDGE('',*,*,#4498,.F.);
#6285 = ORIENTED_EDGE('',*,*,#6286,.T.);
#6286 = EDGE_CURVE('',#4491,#6287,#6289,.T.);
#6287 = VERTEX_POINT('',#6288);
#6288 = CARTESIAN_POINT('',(0.55,1.1,2.1));
#6289 = LINE('',#6290,#6291);
#6290 = CARTESIAN_POINT('',(0.55,1.7,2.1));
#6291 = VECTOR('',#6292,1.);
#6292 = DIRECTION('',(-1.224646799147E-16,-1.,0.));
#6293 = ORIENTED_EDGE('',*,*,#6294,.T.);
#6294 = EDGE_CURVE('',#6287,#6070,#6295,.T.);
#6295 = LINE('',#6296,#6297);
#6296 = CARTESIAN_POINT('',(0.55,1.1,4.05));
#6297 = VECTOR('',#6298,1.);
#6298 = DIRECTION('',(0.,0.,1.));
#6299 = ORIENTED_EDGE('',*,*,#6069,.F.);
#6300 = PLANE('',#6301);
#6301 = AXIS2_PLACEMENT_3D('',#6302,#6303,#6304);
#6302 = CARTESIAN_POINT('',(0.55,1.7,2.1));
#6303 = DIRECTION('',(-1.,1.224646799147E-16,0.));
#6304 = DIRECTION('',(0.,0.,1.));
#6305 = ADVANCED_FACE('',(#6306),#6324,.F.);
#6306 = FACE_BOUND('',#6307,.F.);
#6307 = EDGE_LOOP('',(#6308,#6309,#6317,#6323));
#6308 = ORIENTED_EDGE('',*,*,#4490,.F.);
#6309 = ORIENTED_EDGE('',*,*,#6310,.T.);
#6310 = EDGE_CURVE('',#4483,#6311,#6313,.T.);
#6311 = VERTEX_POINT('',#6312);
#6312 = CARTESIAN_POINT('',(13.45,1.1,2.1));
#6313 = LINE('',#6314,#6315);
#6314 = CARTESIAN_POINT('',(13.45,1.7,2.1));
#6315 = VECTOR('',#6316,1.);
#6316 = DIRECTION('',(-1.224646799147E-16,-1.,0.));
#6317 = ORIENTED_EDGE('',*,*,#6318,.T.);
#6318 = EDGE_CURVE('',#6311,#6287,#6319,.T.);
#6319 = LINE('',#6320,#6321);
#6320 = CARTESIAN_POINT('',(14.45,1.1,2.1));
#6321 = VECTOR('',#6322,1.);
#6322 = DIRECTION('',(-1.,1.224646799147E-16,0.));
#6323 = ORIENTED_EDGE('',*,*,#6286,.F.);
#6324 = PLANE('',#6325);
#6325 = AXIS2_PLACEMENT_3D('',#6326,#6327,#6328);
#6326 = CARTESIAN_POINT('',(13.45,1.7,2.1));
#6327 = DIRECTION('',(-0.,0.,-1.));
#6328 = DIRECTION('',(-1.,1.224646799147E-16,0.));
#6329 = ADVANCED_FACE('',(#6330),#6341,.F.);
#6330 = FACE_BOUND('',#6331,.F.);
#6331 = EDGE_LOOP('',(#6332,#6333,#6334,#6340));
#6332 = ORIENTED_EDGE('',*,*,#4482,.F.);
#6333 = ORIENTED_EDGE('',*,*,#4885,.T.);
#6334 = ORIENTED_EDGE('',*,*,#6335,.T.);
#6335 = EDGE_CURVE('',#4886,#6311,#6336,.T.);
#6336 = LINE('',#6337,#6338);
#6337 = CARTESIAN_POINT('',(13.45,1.1,6.));
#6338 = VECTOR('',#6339,1.);
#6339 = DIRECTION('',(-0.,0.,-1.));
#6340 = ORIENTED_EDGE('',*,*,#6310,.F.);
#6341 = PLANE('',#6342);
#6342 = AXIS2_PLACEMENT_3D('',#6343,#6344,#6345);
#6343 = CARTESIAN_POINT('',(13.45,1.7,6.));
#6344 = DIRECTION('',(1.,-1.224646799147E-16,0.));
#6345 = DIRECTION('',(0.,-0.,-1.));
#6346 = ADVANCED_FACE('',(#6347),#6372,.F.);
#6347 = FACE_BOUND('',#6348,.F.);
#6348 = EDGE_LOOP('',(#6349,#6350,#6358,#6366));
#6349 = ORIENTED_EDGE('',*,*,#4835,.F.);
#6350 = ORIENTED_EDGE('',*,*,#6351,.T.);
#6351 = EDGE_CURVE('',#4836,#6352,#6354,.T.);
#6352 = VERTEX_POINT('',#6353);
#6353 = CARTESIAN_POINT('',(14.4,1.1,4.2));
#6354 = LINE('',#6355,#6356);
#6355 = CARTESIAN_POINT('',(14.4,1.7,4.2));
#6356 = VECTOR('',#6357,1.);
#6357 = DIRECTION('',(-1.224646799147E-16,-1.,0.));
#6358 = ORIENTED_EDGE('',*,*,#6359,.T.);
#6359 = EDGE_CURVE('',#6352,#6360,#6362,.T.);
#6360 = VERTEX_POINT('',#6361);
#6361 = CARTESIAN_POINT('',(15.4,1.1,4.2));
#6362 = LINE('',#6363,#6364);
#6363 = CARTESIAN_POINT('',(14.925,1.1,4.2));
#6364 = VECTOR('',#6365,1.);
#6365 = DIRECTION('',(1.,-1.224646799147E-16,0.));
#6366 = ORIENTED_EDGE('',*,*,#6367,.F.);
#6367 = EDGE_CURVE('',#4838,#6360,#6368,.T.);
#6368 = LINE('',#6369,#6370);
#6369 = CARTESIAN_POINT('',(15.4,1.7,4.2));
#6370 = VECTOR('',#6371,1.);
#6371 = DIRECTION('',(-1.224646799147E-16,-1.,0.));
#6372 = PLANE('',#6373);
#6373 = AXIS2_PLACEMENT_3D('',#6374,#6375,#6376);
#6374 = CARTESIAN_POINT('',(14.4,1.7,4.2));
#6375 = DIRECTION('',(0.,0.,1.));
#6376 = DIRECTION('',(1.,-1.224646799147E-16,0.));
#6377 = ADVANCED_FACE('',(#6378),#6396,.F.);
#6378 = FACE_BOUND('',#6379,.F.);
#6379 = EDGE_LOOP('',(#6380,#6381,#6389,#6395));
#6380 = ORIENTED_EDGE('',*,*,#4861,.F.);
#6381 = ORIENTED_EDGE('',*,*,#6382,.T.);
#6382 = EDGE_CURVE('',#4854,#6383,#6385,.T.);
#6383 = VERTEX_POINT('',#6384);
#6384 = CARTESIAN_POINT('',(14.4,1.1,2.4));
#6385 = LINE('',#6386,#6387);
#6386 = CARTESIAN_POINT('',(14.4,1.7,2.4));
#6387 = VECTOR('',#6388,1.);
#6388 = DIRECTION('',(-1.224646799147E-16,-1.,0.));
#6389 = ORIENTED_EDGE('',*,*,#6390,.T.);
#6390 = EDGE_CURVE('',#6383,#6352,#6391,.T.);
#6391 = LINE('',#6392,#6393);
#6392 = CARTESIAN_POINT('',(14.4,1.1,4.2));
#6393 = VECTOR('',#6394,1.);
#6394 = DIRECTION('',(0.,0.,1.));
#6395 = ORIENTED_EDGE('',*,*,#6351,.F.);
#6396 = PLANE('',#6397);
#6397 = AXIS2_PLACEMENT_3D('',#6398,#6399,#6400);
#6398 = CARTESIAN_POINT('',(14.4,1.7,2.4));
#6399 = DIRECTION('',(-1.,1.224646799147E-16,0.));
#6400 = DIRECTION('',(0.,0.,1.));
#6401 = ADVANCED_FACE('',(#6402),#6420,.F.);
#6402 = FACE_BOUND('',#6403,.F.);
#6403 = EDGE_LOOP('',(#6404,#6405,#6406,#6414));
#6404 = ORIENTED_EDGE('',*,*,#4845,.F.);
#6405 = ORIENTED_EDGE('',*,*,#6367,.T.);
#6406 = ORIENTED_EDGE('',*,*,#6407,.T.);
#6407 = EDGE_CURVE('',#6360,#6408,#6410,.T.);
#6408 = VERTEX_POINT('',#6409);
#6409 = CARTESIAN_POINT('',(15.4,1.1,2.4));
#6410 = LINE('',#6411,#6412);
#6411 = CARTESIAN_POINT('',(15.4,1.1,5.1));
#6412 = VECTOR('',#6413,1.);
#6413 = DIRECTION('',(-0.,0.,-1.));
#6414 = ORIENTED_EDGE('',*,*,#6415,.F.);
#6415 = EDGE_CURVE('',#4846,#6408,#6416,.T.);
#6416 = LINE('',#6417,#6418);
#6417 = CARTESIAN_POINT('',(15.4,1.7,2.4));
#6418 = VECTOR('',#6419,1.);
#6419 = DIRECTION('',(-1.224646799147E-16,-1.,0.));
#6420 = PLANE('',#6421);
#6421 = AXIS2_PLACEMENT_3D('',#6422,#6423,#6424);
#6422 = CARTESIAN_POINT('',(15.4,1.7,4.2));
#6423 = DIRECTION('',(1.,-1.224646799147E-16,-0.));
#6424 = DIRECTION('',(-0.,0.,-1.));
#6425 = ADVANCED_FACE('',(#6426),#6437,.F.);
#6426 = FACE_BOUND('',#6427,.F.);
#6427 = EDGE_LOOP('',(#6428,#6429,#6430,#6436));
#6428 = ORIENTED_EDGE('',*,*,#4853,.F.);
#6429 = ORIENTED_EDGE('',*,*,#6415,.T.);
#6430 = ORIENTED_EDGE('',*,*,#6431,.T.);
#6431 = EDGE_CURVE('',#6408,#6383,#6432,.T.);
#6432 = LINE('',#6433,#6434);
#6433 = CARTESIAN_POINT('',(15.425,1.1,2.4));
#6434 = VECTOR('',#6435,1.);
#6435 = DIRECTION('',(-1.,1.224646799147E-16,0.));
#6436 = ORIENTED_EDGE('',*,*,#6382,.F.);
#6437 = PLANE('',#6438);
#6438 = AXIS2_PLACEMENT_3D('',#6439,#6440,#6441);
#6439 = CARTESIAN_POINT('',(15.4,1.7,2.4));
#6440 = DIRECTION('',(-0.,0.,-1.));
#6441 = DIRECTION('',(-1.,1.224646799147E-16,0.));
#6442 = ADVANCED_FACE('',(#6443),#6472,.F.);
#6443 = FACE_BOUND('',#6444,.F.);
#6444 = EDGE_LOOP('',(#6445,#6446,#6454,#6462,#6468,#6469,#6470,#6471));
#6445 = ORIENTED_EDGE('',*,*,#4990,.F.);
#6446 = ORIENTED_EDGE('',*,*,#6447,.T.);
#6447 = EDGE_CURVE('',#4991,#6448,#6450,.T.);
#6448 = VERTEX_POINT('',#6449);
#6449 = CARTESIAN_POINT('',(15.45,-2.3,1.8));
#6450 = LINE('',#6451,#6452);
#6451 = CARTESIAN_POINT('',(15.45,-2.3,6.));
#6452 = VECTOR('',#6453,1.);
#6453 = DIRECTION('',(0.,0.,-1.));
#6454 = ORIENTED_EDGE('',*,*,#6455,.T.);
#6455 = EDGE_CURVE('',#6448,#6456,#6458,.T.);
#6456 = VERTEX_POINT('',#6457);
#6457 = CARTESIAN_POINT('',(15.45,1.1,1.8));
#6458 = LINE('',#6459,#6460);
#6459 = CARTESIAN_POINT('',(15.45,-2.3,1.8));
#6460 = VECTOR('',#6461,1.);
#6461 = DIRECTION('',(1.224646799147E-16,1.,0.));
#6462 = ORIENTED_EDGE('',*,*,#6463,.F.);
#6463 = EDGE_CURVE('',#4894,#6456,#6464,.T.);
#6464 = LINE('',#6465,#6466);
#6465 = CARTESIAN_POINT('',(15.45,1.1,6.));
#6466 = VECTOR('',#6467,1.);
#6467 = DIRECTION('',(0.,0.,-1.));
#6468 = ORIENTED_EDGE('',*,*,#4901,.F.);
#6469 = ORIENTED_EDGE('',*,*,#4917,.T.);
#6470 = ORIENTED_EDGE('',*,*,#4947,.F.);
#6471 = ORIENTED_EDGE('',*,*,#4966,.T.);
#6472 = PLANE('',#6473);
#6473 = AXIS2_PLACEMENT_3D('',#6474,#6475,#6476);
#6474 = CARTESIAN_POINT('',(15.45,-2.3,6.));
#6475 = DIRECTION('',(1.,-1.224646799147E-16,0.));
#6476 = DIRECTION('',(1.224646799147E-16,1.,0.));
#6477 = ADVANCED_FACE('',(#6478,#6500,#6506),#6512,.F.);
#6478 = FACE_BOUND('',#6479,.F.);
#6479 = EDGE_LOOP('',(#6480,#6481,#6482,#6490,#6496,#6497,#6498,#6499));
#6480 = ORIENTED_EDGE('',*,*,#4893,.F.);
#6481 = ORIENTED_EDGE('',*,*,#6463,.T.);
#6482 = ORIENTED_EDGE('',*,*,#6483,.T.);
#6483 = EDGE_CURVE('',#6456,#6484,#6486,.T.);
#6484 = VERTEX_POINT('',#6485);
#6485 = CARTESIAN_POINT('',(-1.45,1.1,1.8));
#6486 = LINE('',#6487,#6488);
#6487 = CARTESIAN_POINT('',(15.45,1.1,1.8));
#6488 = VECTOR('',#6489,1.);
#6489 = DIRECTION('',(-1.,1.224646799147E-16,0.));
#6490 = ORIENTED_EDGE('',*,*,#6491,.F.);
#6491 = EDGE_CURVE('',#6111,#6484,#6492,.T.);
#6492 = LINE('',#6493,#6494);
#6493 = CARTESIAN_POINT('',(-1.45,1.1,6.));
#6494 = VECTOR('',#6495,1.);
#6495 = DIRECTION('',(0.,0.,-1.));
#6496 = ORIENTED_EDGE('',*,*,#6118,.F.);
#6497 = ORIENTED_EDGE('',*,*,#6294,.F.);
#6498 = ORIENTED_EDGE('',*,*,#6318,.F.);
#6499 = ORIENTED_EDGE('',*,*,#6335,.F.);
#6500 = FACE_BOUND('',#6501,.F.);
#6501 = EDGE_LOOP('',(#6502,#6503,#6504,#6505));
#6502 = ORIENTED_EDGE('',*,*,#6205,.T.);
#6503 = ORIENTED_EDGE('',*,*,#6229,.T.);
#6504 = ORIENTED_EDGE('',*,*,#6253,.T.);
#6505 = ORIENTED_EDGE('',*,*,#6165,.T.);
#6506 = FACE_BOUND('',#6507,.F.);
#6507 = EDGE_LOOP('',(#6508,#6509,#6510,#6511));
#6508 = ORIENTED_EDGE('',*,*,#6431,.F.);
#6509 = ORIENTED_EDGE('',*,*,#6407,.F.);
#6510 = ORIENTED_EDGE('',*,*,#6359,.F.);
#6511 = ORIENTED_EDGE('',*,*,#6390,.F.);
#6512 = PLANE('',#6513);
#6513 = AXIS2_PLACEMENT_3D('',#6514,#6515,#6516);
#6514 = CARTESIAN_POINT('',(15.45,1.1,6.));
#6515 = DIRECTION('',(1.224646799147E-16,1.,0.));
#6516 = DIRECTION('',(-1.,1.224646799147E-16,0.));
#6517 = ADVANCED_FACE('',(#6518),#6536,.T.);
#6518 = FACE_BOUND('',#6519,.T.);
#6519 = EDGE_LOOP('',(#6520,#6528,#6534,#6535));
#6520 = ORIENTED_EDGE('',*,*,#6521,.T.);
#6521 = EDGE_CURVE('',#5007,#6522,#6524,.T.);
#6522 = VERTEX_POINT('',#6523);
#6523 = CARTESIAN_POINT('',(-1.45,-0.6,4.4));
#6524 = LINE('',#6525,#6526);
#6525 = CARTESIAN_POINT('',(-1.45,-0.6,5.2));
#6526 = VECTOR('',#6527,1.);
#6527 = DIRECTION('',(-0.,0.,-1.));
#6528 = ORIENTED_EDGE('',*,*,#6529,.T.);
#6529 = EDGE_CURVE('',#6522,#5863,#6530,.T.);
#6530 = LINE('',#6531,#6532);
#6531 = CARTESIAN_POINT('',(15.95,-0.6,4.4));
#6532 = VECTOR('',#6533,1.);
#6533 = DIRECTION('',(-1.,1.224646799147E-16,0.));
#6534 = ORIENTED_EDGE('',*,*,#5871,.T.);
#6535 = ORIENTED_EDGE('',*,*,#5014,.F.);
#6536 = PLANE('',#6537);
#6537 = AXIS2_PLACEMENT_3D('',#6538,#6539,#6540);
#6538 = CARTESIAN_POINT('',(15.95,-0.6,4.4));
#6539 = DIRECTION('',(1.224646799147E-16,1.,0.));
#6540 = DIRECTION('',(0.,-0.,1.));
#6541 = ADVANCED_FACE('',(#6542),#6577,.F.);
#6542 = FACE_BOUND('',#6543,.F.);
#6543 = EDGE_LOOP('',(#6544,#6545,#6546,#6554,#6560,#6561,#6562,#6571));
#6544 = ORIENTED_EDGE('',*,*,#6110,.F.);
#6545 = ORIENTED_EDGE('',*,*,#6491,.T.);
#6546 = ORIENTED_EDGE('',*,*,#6547,.T.);
#6547 = EDGE_CURVE('',#6484,#6548,#6550,.T.);
#6548 = VERTEX_POINT('',#6549);
#6549 = CARTESIAN_POINT('',(-1.45,-2.3,1.8));
#6550 = LINE('',#6551,#6552);
#6551 = CARTESIAN_POINT('',(-1.45,1.1,1.8));
#6552 = VECTOR('',#6553,1.);
#6553 = DIRECTION('',(-1.224646799147E-16,-1.,0.));
#6554 = ORIENTED_EDGE('',*,*,#6555,.F.);
#6555 = EDGE_CURVE('',#4999,#6548,#6556,.T.);
#6556 = LINE('',#6557,#6558);
#6557 = CARTESIAN_POINT('',(-1.45,-2.3,6.));
#6558 = VECTOR('',#6559,1.);
#6559 = DIRECTION('',(0.,0.,-1.));
#6560 = ORIENTED_EDGE('',*,*,#5006,.F.);
#6561 = ORIENTED_EDGE('',*,*,#6521,.T.);
#6562 = ORIENTED_EDGE('',*,*,#6563,.T.);
#6563 = EDGE_CURVE('',#6522,#6564,#6566,.T.);
#6564 = VERTEX_POINT('',#6565);
#6565 = CARTESIAN_POINT('',(-1.45,0.2,4.4));
#6566 = CIRCLE('',#6567,0.4);
#6567 = AXIS2_PLACEMENT_3D('',#6568,#6569,#6570);
#6568 = CARTESIAN_POINT('',(-1.45,-0.2,4.4));
#6569 = DIRECTION('',(1.,-1.224646799147E-16,0.));
#6570 = DIRECTION('',(1.224646799147E-16,1.,0.));
#6571 = ORIENTED_EDGE('',*,*,#6572,.T.);
#6572 = EDGE_CURVE('',#6564,#6103,#6573,.T.);
#6573 = LINE('',#6574,#6575);
#6574 = CARTESIAN_POINT('',(-1.45,0.2,6.));
#6575 = VECTOR('',#6576,1.);
#6576 = DIRECTION('',(0.,0.,1.));
#6577 = PLANE('',#6578);
#6578 = AXIS2_PLACEMENT_3D('',#6579,#6580,#6581);
#6579 = CARTESIAN_POINT('',(-1.45,1.1,6.));
#6580 = DIRECTION('',(-1.,1.224646799147E-16,0.));
#6581 = DIRECTION('',(-1.224646799147E-16,-1.,0.));
#6582 = ADVANCED_FACE('',(#6583),#6818,.F.);
#6583 = FACE_BOUND('',#6584,.F.);
#6584 = EDGE_LOOP('',(#6585,#6586,#6587,#6595,#6603,#6611,#6619,#6627,
    #6635,#6643,#6651,#6659,#6667,#6675,#6683,#6691,#6699,#6707,#6715,
    #6723,#6731,#6739,#6747,#6755,#6763,#6771,#6779,#6787,#6795,#6803,
    #6811,#6817));
#6585 = ORIENTED_EDGE('',*,*,#4998,.F.);
#6586 = ORIENTED_EDGE('',*,*,#6555,.T.);
#6587 = ORIENTED_EDGE('',*,*,#6588,.T.);
#6588 = EDGE_CURVE('',#6548,#6589,#6591,.T.);
#6589 = VERTEX_POINT('',#6590);
#6590 = CARTESIAN_POINT('',(0.8,-2.3,1.8));
#6591 = LINE('',#6592,#6593);
#6592 = CARTESIAN_POINT('',(-1.45,-2.3,1.8));
#6593 = VECTOR('',#6594,1.);
#6594 = DIRECTION('',(1.,-1.224646799147E-16,0.));
#6595 = ORIENTED_EDGE('',*,*,#6596,.T.);
#6596 = EDGE_CURVE('',#6589,#6597,#6599,.T.);
#6597 = VERTEX_POINT('',#6598);
#6598 = CARTESIAN_POINT('',(0.8,-2.3,3.7));
#6599 = LINE('',#6600,#6601);
#6600 = CARTESIAN_POINT('',(0.8,-2.3,1.8));
#6601 = VECTOR('',#6602,1.);
#6602 = DIRECTION('',(0.,0.,1.));
#6603 = ORIENTED_EDGE('',*,*,#6604,.T.);
#6604 = EDGE_CURVE('',#6597,#6605,#6607,.T.);
#6605 = VERTEX_POINT('',#6606);
#6606 = CARTESIAN_POINT('',(1.2,-2.3,3.7));
#6607 = LINE('',#6608,#6609);
#6608 = CARTESIAN_POINT('',(0.8,-2.3,3.7));
#6609 = VECTOR('',#6610,1.);
#6610 = DIRECTION('',(1.,-1.224646799147E-16,0.));
#6611 = ORIENTED_EDGE('',*,*,#6612,.F.);
#6612 = EDGE_CURVE('',#6613,#6605,#6615,.T.);
#6613 = VERTEX_POINT('',#6614);
#6614 = CARTESIAN_POINT('',(1.2,-2.3,1.8));
#6615 = LINE('',#6616,#6617);
#6616 = CARTESIAN_POINT('',(1.2,-2.3,1.8));
#6617 = VECTOR('',#6618,1.);
#6618 = DIRECTION('',(0.,0.,1.));
#6619 = ORIENTED_EDGE('',*,*,#6620,.T.);
#6620 = EDGE_CURVE('',#6613,#6621,#6623,.T.);
#6621 = VERTEX_POINT('',#6622);
#6622 = CARTESIAN_POINT('',(2.8,-2.3,1.8));
#6623 = LINE('',#6624,#6625);
#6624 = CARTESIAN_POINT('',(-1.45,-2.3,1.8));
#6625 = VECTOR('',#6626,1.);
#6626 = DIRECTION('',(1.,-1.224646799147E-16,0.));
#6627 = ORIENTED_EDGE('',*,*,#6628,.T.);
#6628 = EDGE_CURVE('',#6621,#6629,#6631,.T.);
#6629 = VERTEX_POINT('',#6630);
#6630 = CARTESIAN_POINT('',(2.8,-2.3,3.7));
#6631 = LINE('',#6632,#6633);
#6632 = CARTESIAN_POINT('',(2.8,-2.3,1.8));
#6633 = VECTOR('',#6634,1.);
#6634 = DIRECTION('',(0.,0.,1.));
#6635 = ORIENTED_EDGE('',*,*,#6636,.T.);
#6636 = EDGE_CURVE('',#6629,#6637,#6639,.T.);
#6637 = VERTEX_POINT('',#6638);
#6638 = CARTESIAN_POINT('',(3.2,-2.3,3.7));
#6639 = LINE('',#6640,#6641);
#6640 = CARTESIAN_POINT('',(2.8,-2.3,3.7));
#6641 = VECTOR('',#6642,1.);
#6642 = DIRECTION('',(1.,-1.224646799147E-16,0.));
#6643 = ORIENTED_EDGE('',*,*,#6644,.F.);
#6644 = EDGE_CURVE('',#6645,#6637,#6647,.T.);
#6645 = VERTEX_POINT('',#6646);
#6646 = CARTESIAN_POINT('',(3.2,-2.3,1.8));
#6647 = LINE('',#6648,#6649);
#6648 = CARTESIAN_POINT('',(3.2,-2.3,1.8));
#6649 = VECTOR('',#6650,1.);
#6650 = DIRECTION('',(0.,0.,1.));
#6651 = ORIENTED_EDGE('',*,*,#6652,.T.);
#6652 = EDGE_CURVE('',#6645,#6653,#6655,.T.);
#6653 = VERTEX_POINT('',#6654);
#6654 = CARTESIAN_POINT('',(4.8,-2.3,1.8));
#6655 = LINE('',#6656,#6657);
#6656 = CARTESIAN_POINT('',(-1.45,-2.3,1.8));
#6657 = VECTOR('',#6658,1.);
#6658 = DIRECTION('',(1.,-1.224646799147E-16,0.));
#6659 = ORIENTED_EDGE('',*,*,#6660,.T.);
#6660 = EDGE_CURVE('',#6653,#6661,#6663,.T.);
#6661 = VERTEX_POINT('',#6662);
#6662 = CARTESIAN_POINT('',(4.8,-2.3,3.7));
#6663 = LINE('',#6664,#6665);
#6664 = CARTESIAN_POINT('',(4.8,-2.3,1.8));
#6665 = VECTOR('',#6666,1.);
#6666 = DIRECTION('',(0.,0.,1.));
#6667 = ORIENTED_EDGE('',*,*,#6668,.T.);
#6668 = EDGE_CURVE('',#6661,#6669,#6671,.T.);
#6669 = VERTEX_POINT('',#6670);
#6670 = CARTESIAN_POINT('',(5.2,-2.3,3.7));
#6671 = LINE('',#6672,#6673);
#6672 = CARTESIAN_POINT('',(4.8,-2.3,3.7));
#6673 = VECTOR('',#6674,1.);
#6674 = DIRECTION('',(1.,-1.224646799147E-16,0.));
#6675 = ORIENTED_EDGE('',*,*,#6676,.F.);
#6676 = EDGE_CURVE('',#6677,#6669,#6679,.T.);
#6677 = VERTEX_POINT('',#6678);
#6678 = CARTESIAN_POINT('',(5.2,-2.3,1.8));
#6679 = LINE('',#6680,#6681);
#6680 = CARTESIAN_POINT('',(5.2,-2.3,1.8));
#6681 = VECTOR('',#6682,1.);
#6682 = DIRECTION('',(0.,0.,1.));
#6683 = ORIENTED_EDGE('',*,*,#6684,.T.);
#6684 = EDGE_CURVE('',#6677,#6685,#6687,.T.);
#6685 = VERTEX_POINT('',#6686);
#6686 = CARTESIAN_POINT('',(6.8,-2.3,1.8));
#6687 = LINE('',#6688,#6689);
#6688 = CARTESIAN_POINT('',(-1.45,-2.3,1.8));
#6689 = VECTOR('',#6690,1.);
#6690 = DIRECTION('',(1.,-1.224646799147E-16,0.));
#6691 = ORIENTED_EDGE('',*,*,#6692,.T.);
#6692 = EDGE_CURVE('',#6685,#6693,#6695,.T.);
#6693 = VERTEX_POINT('',#6694);
#6694 = CARTESIAN_POINT('',(6.8,-2.3,3.7));
#6695 = LINE('',#6696,#6697);
#6696 = CARTESIAN_POINT('',(6.8,-2.3,1.8));
#6697 = VECTOR('',#6698,1.);
#6698 = DIRECTION('',(0.,0.,1.));
#6699 = ORIENTED_EDGE('',*,*,#6700,.T.);
#6700 = EDGE_CURVE('',#6693,#6701,#6703,.T.);
#6701 = VERTEX_POINT('',#6702);
#6702 = CARTESIAN_POINT('',(7.2,-2.3,3.7));
#6703 = LINE('',#6704,#6705);
#6704 = CARTESIAN_POINT('',(6.8,-2.3,3.7));
#6705 = VECTOR('',#6706,1.);
#6706 = DIRECTION('',(1.,-1.224646799147E-16,0.));
#6707 = ORIENTED_EDGE('',*,*,#6708,.F.);
#6708 = EDGE_CURVE('',#6709,#6701,#6711,.T.);
#6709 = VERTEX_POINT('',#6710);
#6710 = CARTESIAN_POINT('',(7.2,-2.3,1.8));
#6711 = LINE('',#6712,#6713);
#6712 = CARTESIAN_POINT('',(7.2,-2.3,1.8));
#6713 = VECTOR('',#6714,1.);
#6714 = DIRECTION('',(0.,0.,1.));
#6715 = ORIENTED_EDGE('',*,*,#6716,.T.);
#6716 = EDGE_CURVE('',#6709,#6717,#6719,.T.);
#6717 = VERTEX_POINT('',#6718);
#6718 = CARTESIAN_POINT('',(8.8,-2.3,1.8));
#6719 = LINE('',#6720,#6721);
#6720 = CARTESIAN_POINT('',(-1.45,-2.3,1.8));
#6721 = VECTOR('',#6722,1.);
#6722 = DIRECTION('',(1.,-1.224646799147E-16,0.));
#6723 = ORIENTED_EDGE('',*,*,#6724,.T.);
#6724 = EDGE_CURVE('',#6717,#6725,#6727,.T.);
#6725 = VERTEX_POINT('',#6726);
#6726 = CARTESIAN_POINT('',(8.8,-2.3,3.7));
#6727 = LINE('',#6728,#6729);
#6728 = CARTESIAN_POINT('',(8.8,-2.3,1.8));
#6729 = VECTOR('',#6730,1.);
#6730 = DIRECTION('',(0.,0.,1.));
#6731 = ORIENTED_EDGE('',*,*,#6732,.T.);
#6732 = EDGE_CURVE('',#6725,#6733,#6735,.T.);
#6733 = VERTEX_POINT('',#6734);
#6734 = CARTESIAN_POINT('',(9.2,-2.3,3.7));
#6735 = LINE('',#6736,#6737);
#6736 = CARTESIAN_POINT('',(8.8,-2.3,3.7));
#6737 = VECTOR('',#6738,1.);
#6738 = DIRECTION('',(1.,-1.224646799147E-16,0.));
#6739 = ORIENTED_EDGE('',*,*,#6740,.F.);
#6740 = EDGE_CURVE('',#6741,#6733,#6743,.T.);
#6741 = VERTEX_POINT('',#6742);
#6742 = CARTESIAN_POINT('',(9.2,-2.3,1.8));
#6743 = LINE('',#6744,#6745);
#6744 = CARTESIAN_POINT('',(9.2,-2.3,1.8));
#6745 = VECTOR('',#6746,1.);
#6746 = DIRECTION('',(0.,0.,1.));
#6747 = ORIENTED_EDGE('',*,*,#6748,.T.);
#6748 = EDGE_CURVE('',#6741,#6749,#6751,.T.);
#6749 = VERTEX_POINT('',#6750);
#6750 = CARTESIAN_POINT('',(10.8,-2.3,1.8));
#6751 = LINE('',#6752,#6753);
#6752 = CARTESIAN_POINT('',(-1.45,-2.3,1.8));
#6753 = VECTOR('',#6754,1.);
#6754 = DIRECTION('',(1.,-1.224646799147E-16,0.));
#6755 = ORIENTED_EDGE('',*,*,#6756,.T.);
#6756 = EDGE_CURVE('',#6749,#6757,#6759,.T.);
#6757 = VERTEX_POINT('',#6758);
#6758 = CARTESIAN_POINT('',(10.8,-2.3,3.7));
#6759 = LINE('',#6760,#6761);
#6760 = CARTESIAN_POINT('',(10.8,-2.3,1.8));
#6761 = VECTOR('',#6762,1.);
#6762 = DIRECTION('',(0.,0.,1.));
#6763 = ORIENTED_EDGE('',*,*,#6764,.T.);
#6764 = EDGE_CURVE('',#6757,#6765,#6767,.T.);
#6765 = VERTEX_POINT('',#6766);
#6766 = CARTESIAN_POINT('',(11.2,-2.3,3.7));
#6767 = LINE('',#6768,#6769);
#6768 = CARTESIAN_POINT('',(10.8,-2.3,3.7));
#6769 = VECTOR('',#6770,1.);
#6770 = DIRECTION('',(1.,-1.224646799147E-16,0.));
#6771 = ORIENTED_EDGE('',*,*,#6772,.F.);
#6772 = EDGE_CURVE('',#6773,#6765,#6775,.T.);
#6773 = VERTEX_POINT('',#6774);
#6774 = CARTESIAN_POINT('',(11.2,-2.3,1.8));
#6775 = LINE('',#6776,#6777);
#6776 = CARTESIAN_POINT('',(11.2,-2.3,1.8));
#6777 = VECTOR('',#6778,1.);
#6778 = DIRECTION('',(0.,0.,1.));
#6779 = ORIENTED_EDGE('',*,*,#6780,.T.);
#6780 = EDGE_CURVE('',#6773,#6781,#6783,.T.);
#6781 = VERTEX_POINT('',#6782);
#6782 = CARTESIAN_POINT('',(12.8,-2.3,1.8));
#6783 = LINE('',#6784,#6785);
#6784 = CARTESIAN_POINT('',(-1.45,-2.3,1.8));
#6785 = VECTOR('',#6786,1.);
#6786 = DIRECTION('',(1.,-1.224646799147E-16,0.));
#6787 = ORIENTED_EDGE('',*,*,#6788,.T.);
#6788 = EDGE_CURVE('',#6781,#6789,#6791,.T.);
#6789 = VERTEX_POINT('',#6790);
#6790 = CARTESIAN_POINT('',(12.8,-2.3,3.7));
#6791 = LINE('',#6792,#6793);
#6792 = CARTESIAN_POINT('',(12.8,-2.3,1.8));
#6793 = VECTOR('',#6794,1.);
#6794 = DIRECTION('',(0.,0.,1.));
#6795 = ORIENTED_EDGE('',*,*,#6796,.T.);
#6796 = EDGE_CURVE('',#6789,#6797,#6799,.T.);
#6797 = VERTEX_POINT('',#6798);
#6798 = CARTESIAN_POINT('',(13.2,-2.3,3.7));
#6799 = LINE('',#6800,#6801);
#6800 = CARTESIAN_POINT('',(12.8,-2.3,3.7));
#6801 = VECTOR('',#6802,1.);
#6802 = DIRECTION('',(1.,-1.224646799147E-16,0.));
#6803 = ORIENTED_EDGE('',*,*,#6804,.F.);
#6804 = EDGE_CURVE('',#6805,#6797,#6807,.T.);
#6805 = VERTEX_POINT('',#6806);
#6806 = CARTESIAN_POINT('',(13.2,-2.3,1.8));
#6807 = LINE('',#6808,#6809);
#6808 = CARTESIAN_POINT('',(13.2,-2.3,1.8));
#6809 = VECTOR('',#6810,1.);
#6810 = DIRECTION('',(0.,0.,1.));
#6811 = ORIENTED_EDGE('',*,*,#6812,.T.);
#6812 = EDGE_CURVE('',#6805,#6448,#6813,.T.);
#6813 = LINE('',#6814,#6815);
#6814 = CARTESIAN_POINT('',(-1.45,-2.3,1.8));
#6815 = VECTOR('',#6816,1.);
#6816 = DIRECTION('',(1.,-1.224646799147E-16,0.));
#6817 = ORIENTED_EDGE('',*,*,#6447,.F.);
#6818 = PLANE('',#6819);
#6819 = AXIS2_PLACEMENT_3D('',#6820,#6821,#6822);
#6820 = CARTESIAN_POINT('',(-1.45,-2.3,6.));
#6821 = DIRECTION('',(-1.224646799147E-16,-1.,0.));
#6822 = DIRECTION('',(1.,-1.224646799147E-16,0.));
#6823 = ADVANCED_FACE('',(#6824,#6830),#6864,.F.);
#6824 = FACE_BOUND('',#6825,.F.);
#6825 = EDGE_LOOP('',(#6826,#6827,#6828,#6829));
#6826 = ORIENTED_EDGE('',*,*,#6054,.T.);
#6827 = ORIENTED_EDGE('',*,*,#5068,.T.);
#6828 = ORIENTED_EDGE('',*,*,#5092,.F.);
#6829 = ORIENTED_EDGE('',*,*,#5125,.F.);
#6830 = FACE_BOUND('',#6831,.F.);
#6831 = EDGE_LOOP('',(#6832,#6842,#6850,#6858));
#6832 = ORIENTED_EDGE('',*,*,#6833,.T.);
#6833 = EDGE_CURVE('',#6834,#6836,#6838,.T.);
#6834 = VERTEX_POINT('',#6835);
#6835 = CARTESIAN_POINT('',(0.25,0.25,0.1));
#6836 = VERTEX_POINT('',#6837);
#6837 = CARTESIAN_POINT('',(0.25,-0.25,0.1));
#6838 = LINE('',#6839,#6840);
#6839 = CARTESIAN_POINT('',(0.25,0.271633216363,0.1));
#6840 = VECTOR('',#6841,1.);
#6841 = DIRECTION('',(-1.224646799147E-16,-1.,0.));
#6842 = ORIENTED_EDGE('',*,*,#6843,.T.);
#6843 = EDGE_CURVE('',#6836,#6844,#6846,.T.);
#6844 = VERTEX_POINT('',#6845);
#6845 = CARTESIAN_POINT('',(-0.25,-0.25,0.1));
#6846 = LINE('',#6847,#6848);
#6847 = CARTESIAN_POINT('',(0.5,-0.25,0.1));
#6848 = VECTOR('',#6849,1.);
#6849 = DIRECTION('',(-1.,1.224646799147E-16,0.));
#6850 = ORIENTED_EDGE('',*,*,#6851,.F.);
#6851 = EDGE_CURVE('',#6852,#6844,#6854,.T.);
#6852 = VERTEX_POINT('',#6853);
#6853 = CARTESIAN_POINT('',(-0.25,0.25,0.1));
#6854 = LINE('',#6855,#6856);
#6855 = CARTESIAN_POINT('',(-0.25,0.271633216363,0.1));
#6856 = VECTOR('',#6857,1.);
#6857 = DIRECTION('',(-1.224646799147E-16,-1.,0.));
#6858 = ORIENTED_EDGE('',*,*,#6859,.T.);
#6859 = EDGE_CURVE('',#6852,#6834,#6860,.T.);
#6860 = LINE('',#6861,#6862);
#6861 = CARTESIAN_POINT('',(0.5,0.25,0.1));
#6862 = VECTOR('',#6863,1.);
#6863 = DIRECTION('',(1.,-1.224646799147E-16,0.));
#6864 = PLANE('',#6865);
#6865 = AXIS2_PLACEMENT_3D('',#6866,#6867,#6868);
#6866 = CARTESIAN_POINT('',(0.75,0.5,0.1));
#6867 = DIRECTION('',(0.,0.,1.));
#6868 = DIRECTION('',(-1.224646799147E-16,-1.,0.));
#6869 = ADVANCED_FACE('',(#6870,#6876),#6910,.F.);
#6870 = FACE_BOUND('',#6871,.F.);
#6871 = EDGE_LOOP('',(#6872,#6873,#6874,#6875));
#6872 = ORIENTED_EDGE('',*,*,#6037,.T.);
#6873 = ORIENTED_EDGE('',*,*,#5173,.T.);
#6874 = ORIENTED_EDGE('',*,*,#5197,.F.);
#6875 = ORIENTED_EDGE('',*,*,#5230,.F.);
#6876 = FACE_BOUND('',#6877,.F.);
#6877 = EDGE_LOOP('',(#6878,#6888,#6896,#6904));
#6878 = ORIENTED_EDGE('',*,*,#6879,.F.);
#6879 = EDGE_CURVE('',#6880,#6882,#6884,.T.);
#6880 = VERTEX_POINT('',#6881);
#6881 = CARTESIAN_POINT('',(1.75,0.25,0.1));
#6882 = VERTEX_POINT('',#6883);
#6883 = CARTESIAN_POINT('',(1.75,-0.25,0.1));
#6884 = LINE('',#6885,#6886);
#6885 = CARTESIAN_POINT('',(1.75,0.25,0.1));
#6886 = VECTOR('',#6887,1.);
#6887 = DIRECTION('',(-1.224646799147E-16,-1.,0.));
#6888 = ORIENTED_EDGE('',*,*,#6889,.T.);
#6889 = EDGE_CURVE('',#6880,#6890,#6892,.T.);
#6890 = VERTEX_POINT('',#6891);
#6891 = CARTESIAN_POINT('',(2.25,0.25,0.1));
#6892 = LINE('',#6893,#6894);
#6893 = CARTESIAN_POINT('',(2.5,0.25,0.1));
#6894 = VECTOR('',#6895,1.);
#6895 = DIRECTION('',(1.,-1.224646799147E-16,0.));
#6896 = ORIENTED_EDGE('',*,*,#6897,.T.);
#6897 = EDGE_CURVE('',#6890,#6898,#6900,.T.);
#6898 = VERTEX_POINT('',#6899);
#6899 = CARTESIAN_POINT('',(2.25,-0.25,0.1));
#6900 = LINE('',#6901,#6902);
#6901 = CARTESIAN_POINT('',(2.25,0.25,0.1));
#6902 = VECTOR('',#6903,1.);
#6903 = DIRECTION('',(-1.224646799147E-16,-1.,0.));
#6904 = ORIENTED_EDGE('',*,*,#6905,.T.);
#6905 = EDGE_CURVE('',#6898,#6882,#6906,.T.);
#6906 = LINE('',#6907,#6908);
#6907 = CARTESIAN_POINT('',(2.5,-0.25,0.1));
#6908 = VECTOR('',#6909,1.);
#6909 = DIRECTION('',(-1.,1.224646799147E-16,0.));
#6910 = PLANE('',#6911);
#6911 = AXIS2_PLACEMENT_3D('',#6912,#6913,#6914);
#6912 = CARTESIAN_POINT('',(2.75,0.5,0.1));
#6913 = DIRECTION('',(0.,0.,1.));
#6914 = DIRECTION('',(-1.224646799147E-16,-1.,0.));
#6915 = ADVANCED_FACE('',(#6916,#6922),#6956,.F.);
#6916 = FACE_BOUND('',#6917,.F.);
#6917 = EDGE_LOOP('',(#6918,#6919,#6920,#6921));
#6918 = ORIENTED_EDGE('',*,*,#6020,.T.);
#6919 = ORIENTED_EDGE('',*,*,#5278,.T.);
#6920 = ORIENTED_EDGE('',*,*,#5302,.F.);
#6921 = ORIENTED_EDGE('',*,*,#5335,.F.);
#6922 = FACE_BOUND('',#6923,.F.);
#6923 = EDGE_LOOP('',(#6924,#6934,#6942,#6950));
#6924 = ORIENTED_EDGE('',*,*,#6925,.T.);
#6925 = EDGE_CURVE('',#6926,#6928,#6930,.T.);
#6926 = VERTEX_POINT('',#6927);
#6927 = CARTESIAN_POINT('',(4.25,0.25,0.1));
#6928 = VERTEX_POINT('',#6929);
#6929 = CARTESIAN_POINT('',(4.25,-0.25,0.1));
#6930 = LINE('',#6931,#6932);
#6931 = CARTESIAN_POINT('',(4.25,0.25,0.1));
#6932 = VECTOR('',#6933,1.);
#6933 = DIRECTION('',(-1.224646799147E-16,-1.,0.));
#6934 = ORIENTED_EDGE('',*,*,#6935,.T.);
#6935 = EDGE_CURVE('',#6928,#6936,#6938,.T.);
#6936 = VERTEX_POINT('',#6937);
#6937 = CARTESIAN_POINT('',(3.75,-0.25,0.1));
#6938 = LINE('',#6939,#6940);
#6939 = CARTESIAN_POINT('',(4.5,-0.25,0.1));
#6940 = VECTOR('',#6941,1.);
#6941 = DIRECTION('',(-1.,1.224646799147E-16,0.));
#6942 = ORIENTED_EDGE('',*,*,#6943,.F.);
#6943 = EDGE_CURVE('',#6944,#6936,#6946,.T.);
#6944 = VERTEX_POINT('',#6945);
#6945 = CARTESIAN_POINT('',(3.75,0.25,0.1));
#6946 = LINE('',#6947,#6948);
#6947 = CARTESIAN_POINT('',(3.75,0.25,0.1));
#6948 = VECTOR('',#6949,1.);
#6949 = DIRECTION('',(-1.224646799147E-16,-1.,0.));
#6950 = ORIENTED_EDGE('',*,*,#6951,.T.);
#6951 = EDGE_CURVE('',#6944,#6926,#6952,.T.);
#6952 = LINE('',#6953,#6954);
#6953 = CARTESIAN_POINT('',(4.5,0.25,0.1));
#6954 = VECTOR('',#6955,1.);
#6955 = DIRECTION('',(1.,-1.224646799147E-16,0.));
#6956 = PLANE('',#6957);
#6957 = AXIS2_PLACEMENT_3D('',#6958,#6959,#6960);
#6958 = CARTESIAN_POINT('',(4.75,0.5,0.1));
#6959 = DIRECTION('',(0.,0.,1.));
#6960 = DIRECTION('',(-1.224646799147E-16,-1.,0.));
#6961 = ADVANCED_FACE('',(#6962,#6968),#7002,.F.);
#6962 = FACE_BOUND('',#6963,.F.);
#6963 = EDGE_LOOP('',(#6964,#6965,#6966,#6967));
#6964 = ORIENTED_EDGE('',*,*,#6003,.T.);
#6965 = ORIENTED_EDGE('',*,*,#5383,.T.);
#6966 = ORIENTED_EDGE('',*,*,#5407,.F.);
#6967 = ORIENTED_EDGE('',*,*,#5440,.F.);
#6968 = FACE_BOUND('',#6969,.F.);
#6969 = EDGE_LOOP('',(#6970,#6980,#6988,#6996));
#6970 = ORIENTED_EDGE('',*,*,#6971,.F.);
#6971 = EDGE_CURVE('',#6972,#6974,#6976,.T.);
#6972 = VERTEX_POINT('',#6973);
#6973 = CARTESIAN_POINT('',(5.75,0.25,0.1));
#6974 = VERTEX_POINT('',#6975);
#6975 = CARTESIAN_POINT('',(5.75,-0.25,0.1));
#6976 = LINE('',#6977,#6978);
#6977 = CARTESIAN_POINT('',(5.75,0.25,0.1));
#6978 = VECTOR('',#6979,1.);
#6979 = DIRECTION('',(-1.224646799147E-16,-1.,0.));
#6980 = ORIENTED_EDGE('',*,*,#6981,.T.);
#6981 = EDGE_CURVE('',#6972,#6982,#6984,.T.);
#6982 = VERTEX_POINT('',#6983);
#6983 = CARTESIAN_POINT('',(6.25,0.25,0.1));
#6984 = LINE('',#6985,#6986);
#6985 = CARTESIAN_POINT('',(6.5,0.25,0.1));
#6986 = VECTOR('',#6987,1.);
#6987 = DIRECTION('',(1.,-1.224646799147E-16,0.));
#6988 = ORIENTED_EDGE('',*,*,#6989,.T.);
#6989 = EDGE_CURVE('',#6982,#6990,#6992,.T.);
#6990 = VERTEX_POINT('',#6991);
#6991 = CARTESIAN_POINT('',(6.25,-0.25,0.1));
#6992 = LINE('',#6993,#6994);
#6993 = CARTESIAN_POINT('',(6.25,0.25,0.1));
#6994 = VECTOR('',#6995,1.);
#6995 = DIRECTION('',(-1.224646799147E-16,-1.,0.));
#6996 = ORIENTED_EDGE('',*,*,#6997,.T.);
#6997 = EDGE_CURVE('',#6990,#6974,#6998,.T.);
#6998 = LINE('',#6999,#7000);
#6999 = CARTESIAN_POINT('',(6.5,-0.25,0.1));
#7000 = VECTOR('',#7001,1.);
#7001 = DIRECTION('',(-1.,1.224646799147E-16,0.));
#7002 = PLANE('',#7003);
#7003 = AXIS2_PLACEMENT_3D('',#7004,#7005,#7006);
#7004 = CARTESIAN_POINT('',(6.75,0.5,0.1));
#7005 = DIRECTION('',(0.,0.,1.));
#7006 = DIRECTION('',(-1.224646799147E-16,-1.,0.));
#7007 = ADVANCED_FACE('',(#7008,#7014),#7048,.F.);
#7008 = FACE_BOUND('',#7009,.F.);
#7009 = EDGE_LOOP('',(#7010,#7011,#7012,#7013));
#7010 = ORIENTED_EDGE('',*,*,#5986,.T.);
#7011 = ORIENTED_EDGE('',*,*,#5488,.T.);
#7012 = ORIENTED_EDGE('',*,*,#5512,.F.);
#7013 = ORIENTED_EDGE('',*,*,#5545,.F.);
#7014 = FACE_BOUND('',#7015,.F.);
#7015 = EDGE_LOOP('',(#7016,#7026,#7034,#7042));
#7016 = ORIENTED_EDGE('',*,*,#7017,.F.);
#7017 = EDGE_CURVE('',#7018,#7020,#7022,.T.);
#7018 = VERTEX_POINT('',#7019);
#7019 = CARTESIAN_POINT('',(7.75,0.25,0.1));
#7020 = VERTEX_POINT('',#7021);
#7021 = CARTESIAN_POINT('',(7.75,-0.25,0.1));
#7022 = LINE('',#7023,#7024);
#7023 = CARTESIAN_POINT('',(7.75,0.25,0.1));
#7024 = VECTOR('',#7025,1.);
#7025 = DIRECTION('',(-1.224646799147E-16,-1.,0.));
#7026 = ORIENTED_EDGE('',*,*,#7027,.T.);
#7027 = EDGE_CURVE('',#7018,#7028,#7030,.T.);
#7028 = VERTEX_POINT('',#7029);
#7029 = CARTESIAN_POINT('',(8.25,0.25,0.1));
#7030 = LINE('',#7031,#7032);
#7031 = CARTESIAN_POINT('',(8.5,0.25,0.1));
#7032 = VECTOR('',#7033,1.);
#7033 = DIRECTION('',(1.,-1.224646799147E-16,0.));
#7034 = ORIENTED_EDGE('',*,*,#7035,.T.);
#7035 = EDGE_CURVE('',#7028,#7036,#7038,.T.);
#7036 = VERTEX_POINT('',#7037);
#7037 = CARTESIAN_POINT('',(8.25,-0.25,0.1));
#7038 = LINE('',#7039,#7040);
#7039 = CARTESIAN_POINT('',(8.25,0.25,0.1));
#7040 = VECTOR('',#7041,1.);
#7041 = DIRECTION('',(-1.224646799147E-16,-1.,0.));
#7042 = ORIENTED_EDGE('',*,*,#7043,.T.);
#7043 = EDGE_CURVE('',#7036,#7020,#7044,.T.);
#7044 = LINE('',#7045,#7046);
#7045 = CARTESIAN_POINT('',(8.5,-0.25,0.1));
#7046 = VECTOR('',#7047,1.);
#7047 = DIRECTION('',(-1.,1.224646799147E-16,0.));
#7048 = PLANE('',#7049);
#7049 = AXIS2_PLACEMENT_3D('',#7050,#7051,#7052);
#7050 = CARTESIAN_POINT('',(8.75,0.5,0.1));
#7051 = DIRECTION('',(0.,0.,1.));
#7052 = DIRECTION('',(-1.224646799147E-16,-1.,0.));
#7053 = ADVANCED_FACE('',(#7054,#7060),#7094,.F.);
#7054 = FACE_BOUND('',#7055,.F.);
#7055 = EDGE_LOOP('',(#7056,#7057,#7058,#7059));
#7056 = ORIENTED_EDGE('',*,*,#5969,.T.);
#7057 = ORIENTED_EDGE('',*,*,#5593,.T.);
#7058 = ORIENTED_EDGE('',*,*,#5617,.F.);
#7059 = ORIENTED_EDGE('',*,*,#5650,.F.);
#7060 = FACE_BOUND('',#7061,.F.);
#7061 = EDGE_LOOP('',(#7062,#7072,#7080,#7088));
#7062 = ORIENTED_EDGE('',*,*,#7063,.T.);
#7063 = EDGE_CURVE('',#7064,#7066,#7068,.T.);
#7064 = VERTEX_POINT('',#7065);
#7065 = CARTESIAN_POINT('',(9.75,0.25,0.1));
#7066 = VERTEX_POINT('',#7067);
#7067 = CARTESIAN_POINT('',(10.25,0.25,0.1));
#7068 = LINE('',#7069,#7070);
#7069 = CARTESIAN_POINT('',(10.5,0.25,0.1));
#7070 = VECTOR('',#7071,1.);
#7071 = DIRECTION('',(1.,-1.224646799147E-16,0.));
#7072 = ORIENTED_EDGE('',*,*,#7073,.T.);
#7073 = EDGE_CURVE('',#7066,#7074,#7076,.T.);
#7074 = VERTEX_POINT('',#7075);
#7075 = CARTESIAN_POINT('',(10.25,-0.25,0.1));
#7076 = LINE('',#7077,#7078);
#7077 = CARTESIAN_POINT('',(10.25,0.25,0.1));
#7078 = VECTOR('',#7079,1.);
#7079 = DIRECTION('',(-1.224646799147E-16,-1.,0.));
#7080 = ORIENTED_EDGE('',*,*,#7081,.T.);
#7081 = EDGE_CURVE('',#7074,#7082,#7084,.T.);
#7082 = VERTEX_POINT('',#7083);
#7083 = CARTESIAN_POINT('',(9.75,-0.25,0.1));
#7084 = LINE('',#7085,#7086);
#7085 = CARTESIAN_POINT('',(10.5,-0.25,0.1));
#7086 = VECTOR('',#7087,1.);
#7087 = DIRECTION('',(-1.,1.224646799147E-16,0.));
#7088 = ORIENTED_EDGE('',*,*,#7089,.F.);
#7089 = EDGE_CURVE('',#7064,#7082,#7090,.T.);
#7090 = LINE('',#7091,#7092);
#7091 = CARTESIAN_POINT('',(9.75,0.25,0.1));
#7092 = VECTOR('',#7093,1.);
#7093 = DIRECTION('',(-1.224646799147E-16,-1.,0.));
#7094 = PLANE('',#7095);
#7095 = AXIS2_PLACEMENT_3D('',#7096,#7097,#7098);
#7096 = CARTESIAN_POINT('',(10.75,0.5,0.1));
#7097 = DIRECTION('',(0.,0.,1.));
#7098 = DIRECTION('',(-1.224646799147E-16,-1.,0.));
#7099 = ADVANCED_FACE('',(#7100,#7106),#7140,.F.);
#7100 = FACE_BOUND('',#7101,.F.);
#7101 = EDGE_LOOP('',(#7102,#7103,#7104,#7105));
#7102 = ORIENTED_EDGE('',*,*,#5952,.T.);
#7103 = ORIENTED_EDGE('',*,*,#5698,.T.);
#7104 = ORIENTED_EDGE('',*,*,#5722,.F.);
#7105 = ORIENTED_EDGE('',*,*,#5755,.F.);
#7106 = FACE_BOUND('',#7107,.F.);
#7107 = EDGE_LOOP('',(#7108,#7118,#7126,#7134));
#7108 = ORIENTED_EDGE('',*,*,#7109,.F.);
#7109 = EDGE_CURVE('',#7110,#7112,#7114,.T.);
#7110 = VERTEX_POINT('',#7111);
#7111 = CARTESIAN_POINT('',(11.75,0.25,0.1));
#7112 = VERTEX_POINT('',#7113);
#7113 = CARTESIAN_POINT('',(11.75,-0.25,0.1));
#7114 = LINE('',#7115,#7116);
#7115 = CARTESIAN_POINT('',(11.75,0.25,0.1));
#7116 = VECTOR('',#7117,1.);
#7117 = DIRECTION('',(-1.224646799147E-16,-1.,0.));
#7118 = ORIENTED_EDGE('',*,*,#7119,.T.);
#7119 = EDGE_CURVE('',#7110,#7120,#7122,.T.);
#7120 = VERTEX_POINT('',#7121);
#7121 = CARTESIAN_POINT('',(12.25,0.25,0.1));
#7122 = LINE('',#7123,#7124);
#7123 = CARTESIAN_POINT('',(12.5,0.25,0.1));
#7124 = VECTOR('',#7125,1.);
#7125 = DIRECTION('',(1.,-1.224646799147E-16,0.));
#7126 = ORIENTED_EDGE('',*,*,#7127,.T.);
#7127 = EDGE_CURVE('',#7120,#7128,#7130,.T.);
#7128 = VERTEX_POINT('',#7129);
#7129 = CARTESIAN_POINT('',(12.25,-0.25,0.1));
#7130 = LINE('',#7131,#7132);
#7131 = CARTESIAN_POINT('',(12.25,0.25,0.1));
#7132 = VECTOR('',#7133,1.);
#7133 = DIRECTION('',(-1.224646799147E-16,-1.,0.));
#7134 = ORIENTED_EDGE('',*,*,#7135,.T.);
#7135 = EDGE_CURVE('',#7128,#7112,#7136,.T.);
#7136 = LINE('',#7137,#7138);
#7137 = CARTESIAN_POINT('',(12.5,-0.25,0.1));
#7138 = VECTOR('',#7139,1.);
#7139 = DIRECTION('',(-1.,1.224646799147E-16,0.));
#7140 = PLANE('',#7141);
#7141 = AXIS2_PLACEMENT_3D('',#7142,#7143,#7144);
#7142 = CARTESIAN_POINT('',(12.75,0.5,0.1));
#7143 = DIRECTION('',(0.,0.,1.));
#7144 = DIRECTION('',(-1.224646799147E-16,-1.,0.));
#7145 = ADVANCED_FACE('',(#7146),#7157,.F.);
#7146 = FACE_BOUND('',#7147,.F.);
#7147 = EDGE_LOOP('',(#7148,#7149,#7150,#7156));
#7148 = ORIENTED_EDGE('',*,*,#6529,.T.);
#7149 = ORIENTED_EDGE('',*,*,#5862,.T.);
#7150 = ORIENTED_EDGE('',*,*,#7151,.F.);
#7151 = EDGE_CURVE('',#6564,#5855,#7152,.T.);
#7152 = LINE('',#7153,#7154);
#7153 = CARTESIAN_POINT('',(15.95,0.2,4.4));
#7154 = VECTOR('',#7155,1.);
#7155 = DIRECTION('',(-1.,1.224646799147E-16,0.));
#7156 = ORIENTED_EDGE('',*,*,#6563,.F.);
#7157 = CYLINDRICAL_SURFACE('',#7158,0.4);
#7158 = AXIS2_PLACEMENT_3D('',#7159,#7160,#7161);
#7159 = CARTESIAN_POINT('',(15.95,-0.2,4.4));
#7160 = DIRECTION('',(1.,-1.224646799147E-16,-0.));
#7161 = DIRECTION('',(1.224646799147E-16,1.,0.));
#7162 = ADVANCED_FACE('',(#7163),#7169,.T.);
#7163 = FACE_BOUND('',#7164,.T.);
#7164 = EDGE_LOOP('',(#7165,#7166,#7167,#7168));
#7165 = ORIENTED_EDGE('',*,*,#6572,.T.);
#7166 = ORIENTED_EDGE('',*,*,#6102,.T.);
#7167 = ORIENTED_EDGE('',*,*,#5854,.T.);
#7168 = ORIENTED_EDGE('',*,*,#7151,.F.);
#7169 = PLANE('',#7170);
#7170 = AXIS2_PLACEMENT_3D('',#7171,#7172,#7173);
#7171 = CARTESIAN_POINT('',(15.95,0.2,6.));
#7172 = DIRECTION('',(-1.224646799147E-16,-1.,0.));
#7173 = DIRECTION('',(-0.,0.,-1.));
#7174 = ADVANCED_FACE('',(#7175),#7232,.F.);
#7175 = FACE_BOUND('',#7176,.F.);
#7176 = EDGE_LOOP('',(#7177,#7187,#7195,#7203,#7209,#7210,#7218,#7226));
#7177 = ORIENTED_EDGE('',*,*,#7178,.T.);
#7178 = EDGE_CURVE('',#7179,#7181,#7183,.T.);
#7179 = VERTEX_POINT('',#7180);
#7180 = CARTESIAN_POINT('',(14.25,0.281578947368,-3.2));
#7181 = VERTEX_POINT('',#7182);
#7182 = CARTESIAN_POINT('',(14.25,-0.218421052632,-3.2));
#7183 = LINE('',#7184,#7185);
#7184 = CARTESIAN_POINT('',(14.25,0.25,-3.2));
#7185 = VECTOR('',#7186,1.);
#7186 = DIRECTION('',(-1.224646799147E-16,-1.,0.));
#7187 = ORIENTED_EDGE('',*,*,#7188,.T.);
#7188 = EDGE_CURVE('',#7181,#7189,#7191,.T.);
#7189 = VERTEX_POINT('',#7190);
#7190 = CARTESIAN_POINT('',(14.25,5.E-02,-1.5));
#7191 = LINE('',#7192,#7193);
#7192 = CARTESIAN_POINT('',(14.25,-0.25,-3.4));
#7193 = VECTOR('',#7194,1.);
#7194 = DIRECTION('',(1.909990663905E-17,0.155962573473,0.987762965329)
  );
#7195 = ORIENTED_EDGE('',*,*,#7196,.T.);
#7196 = EDGE_CURVE('',#7189,#7197,#7199,.T.);
#7197 = VERTEX_POINT('',#7198);
#7198 = CARTESIAN_POINT('',(14.25,-0.25,-0.9));
#7199 = LINE('',#7200,#7201);
#7200 = CARTESIAN_POINT('',(14.25,5.E-02,-1.5));
#7201 = VECTOR('',#7202,1.);
#7202 = DIRECTION('',(-5.476786982641E-17,-0.4472135955,0.894427191));
#7203 = ORIENTED_EDGE('',*,*,#7204,.T.);
#7204 = EDGE_CURVE('',#7197,#5913,#7205,.T.);
#7205 = LINE('',#7206,#7207);
#7206 = CARTESIAN_POINT('',(14.25,-0.25,-0.9));
#7207 = VECTOR('',#7208,1.);
#7208 = DIRECTION('',(0.,0.,1.));
#7209 = ORIENTED_EDGE('',*,*,#5910,.F.);
#7210 = ORIENTED_EDGE('',*,*,#7211,.T.);
#7211 = EDGE_CURVE('',#5911,#7212,#7214,.T.);
#7212 = VERTEX_POINT('',#7213);
#7213 = CARTESIAN_POINT('',(14.25,0.25,-0.9));
#7214 = LINE('',#7215,#7216);
#7215 = CARTESIAN_POINT('',(14.25,0.25,5.));
#7216 = VECTOR('',#7217,1.);
#7217 = DIRECTION('',(-0.,0.,-1.));
#7218 = ORIENTED_EDGE('',*,*,#7219,.T.);
#7219 = EDGE_CURVE('',#7212,#7220,#7222,.T.);
#7220 = VERTEX_POINT('',#7221);
#7221 = CARTESIAN_POINT('',(14.25,0.55,-1.5));
#7222 = LINE('',#7223,#7224);
#7223 = CARTESIAN_POINT('',(14.25,0.25,-0.9));
#7224 = VECTOR('',#7225,1.);
#7225 = DIRECTION('',(5.476786982641E-17,0.4472135955,-0.894427191));
#7226 = ORIENTED_EDGE('',*,*,#7227,.T.);
#7227 = EDGE_CURVE('',#7220,#7179,#7228,.T.);
#7228 = LINE('',#7229,#7230);
#7229 = CARTESIAN_POINT('',(14.25,0.55,-1.5));
#7230 = VECTOR('',#7231,1.);
#7231 = DIRECTION('',(-1.909990663905E-17,-0.155962573473,
    -0.987762965329));
#7232 = PLANE('',#7233);
#7233 = AXIS2_PLACEMENT_3D('',#7234,#7235,#7236);
#7234 = CARTESIAN_POINT('',(14.25,4.326643272645E-02,0.775746953017));
#7235 = DIRECTION('',(-1.,1.224646799147E-16,0.));
#7236 = DIRECTION('',(0.,0.,1.));
#7237 = ADVANCED_FACE('',(#7238),#7256,.F.);
#7238 = FACE_BOUND('',#7239,.F.);
#7239 = EDGE_LOOP('',(#7240,#7241,#7242,#7250));
#7240 = ORIENTED_EDGE('',*,*,#7211,.F.);
#7241 = ORIENTED_EDGE('',*,*,#5936,.F.);
#7242 = ORIENTED_EDGE('',*,*,#7243,.T.);
#7243 = EDGE_CURVE('',#5929,#7244,#7246,.T.);
#7244 = VERTEX_POINT('',#7245);
#7245 = CARTESIAN_POINT('',(13.75,0.25,-0.9));
#7246 = LINE('',#7247,#7248);
#7247 = CARTESIAN_POINT('',(13.75,0.25,5.));
#7248 = VECTOR('',#7249,1.);
#7249 = DIRECTION('',(-0.,0.,-1.));
#7250 = ORIENTED_EDGE('',*,*,#7251,.F.);
#7251 = EDGE_CURVE('',#7212,#7244,#7252,.T.);
#7252 = LINE('',#7253,#7254);
#7253 = CARTESIAN_POINT('',(14.25,0.25,-0.9));
#7254 = VECTOR('',#7255,1.);
#7255 = DIRECTION('',(-1.,1.224646799147E-16,0.));
#7256 = PLANE('',#7257);
#7257 = AXIS2_PLACEMENT_3D('',#7258,#7259,#7260);
#7258 = CARTESIAN_POINT('',(14.25,0.25,5.));
#7259 = DIRECTION('',(-1.224646799147E-16,-1.,0.));
#7260 = DIRECTION('',(-0.,0.,-1.));
#7261 = ADVANCED_FACE('',(#7262),#7312,.T.);
#7262 = FACE_BOUND('',#7263,.T.);
#7263 = EDGE_LOOP('',(#7264,#7274,#7282,#7290,#7296,#7297,#7298,#7306));
#7264 = ORIENTED_EDGE('',*,*,#7265,.T.);
#7265 = EDGE_CURVE('',#7266,#7268,#7270,.T.);
#7266 = VERTEX_POINT('',#7267);
#7267 = CARTESIAN_POINT('',(13.75,0.281578947368,-3.2));
#7268 = VERTEX_POINT('',#7269);
#7269 = CARTESIAN_POINT('',(13.75,-0.218421052632,-3.2));
#7270 = LINE('',#7271,#7272);
#7271 = CARTESIAN_POINT('',(13.75,0.25,-3.2));
#7272 = VECTOR('',#7273,1.);
#7273 = DIRECTION('',(-1.224646799147E-16,-1.,0.));
#7274 = ORIENTED_EDGE('',*,*,#7275,.T.);
#7275 = EDGE_CURVE('',#7268,#7276,#7278,.T.);
#7276 = VERTEX_POINT('',#7277);
#7277 = CARTESIAN_POINT('',(13.75,5.E-02,-1.5));
#7278 = LINE('',#7279,#7280);
#7279 = CARTESIAN_POINT('',(13.75,-0.25,-3.4));
#7280 = VECTOR('',#7281,1.);
#7281 = DIRECTION('',(1.909990663905E-17,0.155962573473,0.987762965329)
  );
#7282 = ORIENTED_EDGE('',*,*,#7283,.T.);
#7283 = EDGE_CURVE('',#7276,#7284,#7286,.T.);
#7284 = VERTEX_POINT('',#7285);
#7285 = CARTESIAN_POINT('',(13.75,-0.25,-0.9));
#7286 = LINE('',#7287,#7288);
#7287 = CARTESIAN_POINT('',(13.75,5.E-02,-1.5));
#7288 = VECTOR('',#7289,1.);
#7289 = DIRECTION('',(-5.476786982641E-17,-0.4472135955,0.894427191));
#7290 = ORIENTED_EDGE('',*,*,#7291,.T.);
#7291 = EDGE_CURVE('',#7284,#5921,#7292,.T.);
#7292 = LINE('',#7293,#7294);
#7293 = CARTESIAN_POINT('',(13.75,-0.25,-0.9));
#7294 = VECTOR('',#7295,1.);
#7295 = DIRECTION('',(0.,0.,1.));
#7296 = ORIENTED_EDGE('',*,*,#5928,.F.);
#7297 = ORIENTED_EDGE('',*,*,#7243,.T.);
#7298 = ORIENTED_EDGE('',*,*,#7299,.T.);
#7299 = EDGE_CURVE('',#7244,#7300,#7302,.T.);
#7300 = VERTEX_POINT('',#7301);
#7301 = CARTESIAN_POINT('',(13.75,0.55,-1.5));
#7302 = LINE('',#7303,#7304);
#7303 = CARTESIAN_POINT('',(13.75,0.25,-0.9));
#7304 = VECTOR('',#7305,1.);
#7305 = DIRECTION('',(5.476786982641E-17,0.4472135955,-0.894427191));
#7306 = ORIENTED_EDGE('',*,*,#7307,.T.);
#7307 = EDGE_CURVE('',#7300,#7266,#7308,.T.);
#7308 = LINE('',#7309,#7310);
#7309 = CARTESIAN_POINT('',(13.75,0.55,-1.5));
#7310 = VECTOR('',#7311,1.);
#7311 = DIRECTION('',(-1.909990663905E-17,-0.155962573473,
    -0.987762965329));
#7312 = PLANE('',#7313);
#7313 = AXIS2_PLACEMENT_3D('',#7314,#7315,#7316);
#7314 = CARTESIAN_POINT('',(13.75,4.326643272645E-02,0.775746953017));
#7315 = DIRECTION('',(-1.,1.224646799147E-16,0.));
#7316 = DIRECTION('',(0.,0.,1.));
#7317 = ADVANCED_FACE('',(#7318),#7329,.F.);
#7318 = FACE_BOUND('',#7319,.F.);
#7319 = EDGE_LOOP('',(#7320,#7321,#7327,#7328));
#7320 = ORIENTED_EDGE('',*,*,#7204,.F.);
#7321 = ORIENTED_EDGE('',*,*,#7322,.T.);
#7322 = EDGE_CURVE('',#7197,#7284,#7323,.T.);
#7323 = LINE('',#7324,#7325);
#7324 = CARTESIAN_POINT('',(14.25,-0.25,-0.9));
#7325 = VECTOR('',#7326,1.);
#7326 = DIRECTION('',(-1.,1.224646799147E-16,0.));
#7327 = ORIENTED_EDGE('',*,*,#7291,.T.);
#7328 = ORIENTED_EDGE('',*,*,#5920,.F.);
#7329 = PLANE('',#7330);
#7330 = AXIS2_PLACEMENT_3D('',#7331,#7332,#7333);
#7331 = CARTESIAN_POINT('',(14.25,-0.25,-0.9));
#7332 = DIRECTION('',(1.224646799147E-16,1.,0.));
#7333 = DIRECTION('',(0.,-0.,1.));
#7334 = ADVANCED_FACE('',(#7335),#7341,.F.);
#7335 = FACE_BOUND('',#7336,.F.);
#7336 = EDGE_LOOP('',(#7337,#7338,#7339,#7340));
#7337 = ORIENTED_EDGE('',*,*,#6270,.T.);
#7338 = ORIENTED_EDGE('',*,*,#6086,.T.);
#7339 = ORIENTED_EDGE('',*,*,#6132,.F.);
#7340 = ORIENTED_EDGE('',*,*,#6181,.F.);
#7341 = PLANE('',#7342);
#7342 = AXIS2_PLACEMENT_3D('',#7343,#7344,#7345);
#7343 = CARTESIAN_POINT('',(-0.45,1.75,4.2));
#7344 = DIRECTION('',(-1.224646799147E-16,-1.,0.));
#7345 = DIRECTION('',(-1.,1.224646799147E-16,0.));
#7346 = ADVANCED_FACE('',(#7347,#7514,#7548,#7582,#7616,#7650,#7684,
    #7718,#7752),#7786,.T.);
#7347 = FACE_BOUND('',#7348,.T.);
#7348 = EDGE_LOOP('',(#7349,#7357,#7358,#7359,#7360,#7361,#7362,#7370,
    #7378,#7384,#7385,#7393,#7401,#7407,#7408,#7416,#7424,#7430,#7431,
    #7439,#7447,#7453,#7454,#7462,#7470,#7476,#7477,#7485,#7493,#7499,
    #7500,#7508));
#7349 = ORIENTED_EDGE('',*,*,#7350,.F.);
#7350 = EDGE_CURVE('',#6805,#7351,#7353,.T.);
#7351 = VERTEX_POINT('',#7352);
#7352 = CARTESIAN_POINT('',(13.2,-2.,1.8));
#7353 = LINE('',#7354,#7355);
#7354 = CARTESIAN_POINT('',(13.2,-2.3,1.8));
#7355 = VECTOR('',#7356,1.);
#7356 = DIRECTION('',(1.224646799147E-16,1.,0.));
#7357 = ORIENTED_EDGE('',*,*,#6812,.T.);
#7358 = ORIENTED_EDGE('',*,*,#6455,.T.);
#7359 = ORIENTED_EDGE('',*,*,#6483,.T.);
#7360 = ORIENTED_EDGE('',*,*,#6547,.T.);
#7361 = ORIENTED_EDGE('',*,*,#6588,.T.);
#7362 = ORIENTED_EDGE('',*,*,#7363,.F.);
#7363 = EDGE_CURVE('',#7364,#6589,#7366,.T.);
#7364 = VERTEX_POINT('',#7365);
#7365 = CARTESIAN_POINT('',(0.8,-2.,1.8));
#7366 = LINE('',#7367,#7368);
#7367 = CARTESIAN_POINT('',(0.8,-2.,1.8));
#7368 = VECTOR('',#7369,1.);
#7369 = DIRECTION('',(-1.224646799147E-16,-1.,0.));
#7370 = ORIENTED_EDGE('',*,*,#7371,.F.);
#7371 = EDGE_CURVE('',#7372,#7364,#7374,.T.);
#7372 = VERTEX_POINT('',#7373);
#7373 = CARTESIAN_POINT('',(1.2,-2.,1.8));
#7374 = LINE('',#7375,#7376);
#7375 = CARTESIAN_POINT('',(1.2,-2.,1.8));
#7376 = VECTOR('',#7377,1.);
#7377 = DIRECTION('',(-1.,1.224646799147E-16,0.));
#7378 = ORIENTED_EDGE('',*,*,#7379,.F.);
#7379 = EDGE_CURVE('',#6613,#7372,#7380,.T.);
#7380 = LINE('',#7381,#7382);
#7381 = CARTESIAN_POINT('',(1.2,-2.3,1.8));
#7382 = VECTOR('',#7383,1.);
#7383 = DIRECTION('',(1.224646799147E-16,1.,0.));
#7384 = ORIENTED_EDGE('',*,*,#6620,.T.);
#7385 = ORIENTED_EDGE('',*,*,#7386,.F.);
#7386 = EDGE_CURVE('',#7387,#6621,#7389,.T.);
#7387 = VERTEX_POINT('',#7388);
#7388 = CARTESIAN_POINT('',(2.8,-2.,1.8));
#7389 = LINE('',#7390,#7391);
#7390 = CARTESIAN_POINT('',(2.8,-2.,1.8));
#7391 = VECTOR('',#7392,1.);
#7392 = DIRECTION('',(-1.224646799147E-16,-1.,0.));
#7393 = ORIENTED_EDGE('',*,*,#7394,.F.);
#7394 = EDGE_CURVE('',#7395,#7387,#7397,.T.);
#7395 = VERTEX_POINT('',#7396);
#7396 = CARTESIAN_POINT('',(3.2,-2.,1.8));
#7397 = LINE('',#7398,#7399);
#7398 = CARTESIAN_POINT('',(3.2,-2.,1.8));
#7399 = VECTOR('',#7400,1.);
#7400 = DIRECTION('',(-1.,1.224646799147E-16,0.));
#7401 = ORIENTED_EDGE('',*,*,#7402,.F.);
#7402 = EDGE_CURVE('',#6645,#7395,#7403,.T.);
#7403 = LINE('',#7404,#7405);
#7404 = CARTESIAN_POINT('',(3.2,-2.3,1.8));
#7405 = VECTOR('',#7406,1.);
#7406 = DIRECTION('',(1.224646799147E-16,1.,0.));
#7407 = ORIENTED_EDGE('',*,*,#6652,.T.);
#7408 = ORIENTED_EDGE('',*,*,#7409,.F.);
#7409 = EDGE_CURVE('',#7410,#6653,#7412,.T.);
#7410 = VERTEX_POINT('',#7411);
#7411 = CARTESIAN_POINT('',(4.8,-2.,1.8));
#7412 = LINE('',#7413,#7414);
#7413 = CARTESIAN_POINT('',(4.8,-2.,1.8));
#7414 = VECTOR('',#7415,1.);
#7415 = DIRECTION('',(-1.224646799147E-16,-1.,0.));
#7416 = ORIENTED_EDGE('',*,*,#7417,.F.);
#7417 = EDGE_CURVE('',#7418,#7410,#7420,.T.);
#7418 = VERTEX_POINT('',#7419);
#7419 = CARTESIAN_POINT('',(5.2,-2.,1.8));
#7420 = LINE('',#7421,#7422);
#7421 = CARTESIAN_POINT('',(5.2,-2.,1.8));
#7422 = VECTOR('',#7423,1.);
#7423 = DIRECTION('',(-1.,1.224646799147E-16,0.));
#7424 = ORIENTED_EDGE('',*,*,#7425,.F.);
#7425 = EDGE_CURVE('',#6677,#7418,#7426,.T.);
#7426 = LINE('',#7427,#7428);
#7427 = CARTESIAN_POINT('',(5.2,-2.3,1.8));
#7428 = VECTOR('',#7429,1.);
#7429 = DIRECTION('',(1.224646799147E-16,1.,0.));
#7430 = ORIENTED_EDGE('',*,*,#6684,.T.);
#7431 = ORIENTED_EDGE('',*,*,#7432,.F.);
#7432 = EDGE_CURVE('',#7433,#6685,#7435,.T.);
#7433 = VERTEX_POINT('',#7434);
#7434 = CARTESIAN_POINT('',(6.8,-2.,1.8));
#7435 = LINE('',#7436,#7437);
#7436 = CARTESIAN_POINT('',(6.8,-2.,1.8));
#7437 = VECTOR('',#7438,1.);
#7438 = DIRECTION('',(-1.224646799147E-16,-1.,0.));
#7439 = ORIENTED_EDGE('',*,*,#7440,.F.);
#7440 = EDGE_CURVE('',#7441,#7433,#7443,.T.);
#7441 = VERTEX_POINT('',#7442);
#7442 = CARTESIAN_POINT('',(7.2,-2.,1.8));
#7443 = LINE('',#7444,#7445);
#7444 = CARTESIAN_POINT('',(7.2,-2.,1.8));
#7445 = VECTOR('',#7446,1.);
#7446 = DIRECTION('',(-1.,1.224646799147E-16,0.));
#7447 = ORIENTED_EDGE('',*,*,#7448,.F.);
#7448 = EDGE_CURVE('',#6709,#7441,#7449,.T.);
#7449 = LINE('',#7450,#7451);
#7450 = CARTESIAN_POINT('',(7.2,-2.3,1.8));
#7451 = VECTOR('',#7452,1.);
#7452 = DIRECTION('',(1.224646799147E-16,1.,0.));
#7453 = ORIENTED_EDGE('',*,*,#6716,.T.);
#7454 = ORIENTED_EDGE('',*,*,#7455,.F.);
#7455 = EDGE_CURVE('',#7456,#6717,#7458,.T.);
#7456 = VERTEX_POINT('',#7457);
#7457 = CARTESIAN_POINT('',(8.8,-2.,1.8));
#7458 = LINE('',#7459,#7460);
#7459 = CARTESIAN_POINT('',(8.8,-2.,1.8));
#7460 = VECTOR('',#7461,1.);
#7461 = DIRECTION('',(-1.224646799147E-16,-1.,0.));
#7462 = ORIENTED_EDGE('',*,*,#7463,.F.);
#7463 = EDGE_CURVE('',#7464,#7456,#7466,.T.);
#7464 = VERTEX_POINT('',#7465);
#7465 = CARTESIAN_POINT('',(9.2,-2.,1.8));
#7466 = LINE('',#7467,#7468);
#7467 = CARTESIAN_POINT('',(9.2,-2.,1.8));
#7468 = VECTOR('',#7469,1.);
#7469 = DIRECTION('',(-1.,1.224646799147E-16,0.));
#7470 = ORIENTED_EDGE('',*,*,#7471,.F.);
#7471 = EDGE_CURVE('',#6741,#7464,#7472,.T.);
#7472 = LINE('',#7473,#7474);
#7473 = CARTESIAN_POINT('',(9.2,-2.3,1.8));
#7474 = VECTOR('',#7475,1.);
#7475 = DIRECTION('',(1.224646799147E-16,1.,0.));
#7476 = ORIENTED_EDGE('',*,*,#6748,.T.);
#7477 = ORIENTED_EDGE('',*,*,#7478,.F.);
#7478 = EDGE_CURVE('',#7479,#6749,#7481,.T.);
#7479 = VERTEX_POINT('',#7480);
#7480 = CARTESIAN_POINT('',(10.8,-2.,1.8));
#7481 = LINE('',#7482,#7483);
#7482 = CARTESIAN_POINT('',(10.8,-2.,1.8));
#7483 = VECTOR('',#7484,1.);
#7484 = DIRECTION('',(-1.224646799147E-16,-1.,0.));
#7485 = ORIENTED_EDGE('',*,*,#7486,.F.);
#7486 = EDGE_CURVE('',#7487,#7479,#7489,.T.);
#7487 = VERTEX_POINT('',#7488);
#7488 = CARTESIAN_POINT('',(11.2,-2.,1.8));
#7489 = LINE('',#7490,#7491);
#7490 = CARTESIAN_POINT('',(11.2,-2.,1.8));
#7491 = VECTOR('',#7492,1.);
#7492 = DIRECTION('',(-1.,1.224646799147E-16,0.));
#7493 = ORIENTED_EDGE('',*,*,#7494,.F.);
#7494 = EDGE_CURVE('',#6773,#7487,#7495,.T.);
#7495 = LINE('',#7496,#7497);
#7496 = CARTESIAN_POINT('',(11.2,-2.3,1.8));
#7497 = VECTOR('',#7498,1.);
#7498 = DIRECTION('',(1.224646799147E-16,1.,0.));
#7499 = ORIENTED_EDGE('',*,*,#6780,.T.);
#7500 = ORIENTED_EDGE('',*,*,#7501,.F.);
#7501 = EDGE_CURVE('',#7502,#6781,#7504,.T.);
#7502 = VERTEX_POINT('',#7503);
#7503 = CARTESIAN_POINT('',(12.8,-2.,1.8));
#7504 = LINE('',#7505,#7506);
#7505 = CARTESIAN_POINT('',(12.8,-2.,1.8));
#7506 = VECTOR('',#7507,1.);
#7507 = DIRECTION('',(-1.224646799147E-16,-1.,0.));
#7508 = ORIENTED_EDGE('',*,*,#7509,.F.);
#7509 = EDGE_CURVE('',#7351,#7502,#7510,.T.);
#7510 = LINE('',#7511,#7512);
#7511 = CARTESIAN_POINT('',(13.2,-2.,1.8));
#7512 = VECTOR('',#7513,1.);
#7513 = DIRECTION('',(-1.,1.224646799147E-16,0.));
#7514 = FACE_BOUND('',#7515,.T.);
#7515 = EDGE_LOOP('',(#7516,#7526,#7534,#7542));
#7516 = ORIENTED_EDGE('',*,*,#7517,.F.);
#7517 = EDGE_CURVE('',#7518,#7520,#7522,.T.);
#7518 = VERTEX_POINT('',#7519);
#7519 = CARTESIAN_POINT('',(1.75,0.25,1.8));
#7520 = VERTEX_POINT('',#7521);
#7521 = CARTESIAN_POINT('',(1.75,-0.25,1.8));
#7522 = LINE('',#7523,#7524);
#7523 = CARTESIAN_POINT('',(1.75,-0.3,1.8));
#7524 = VECTOR('',#7525,1.);
#7525 = DIRECTION('',(-1.224646799147E-16,-1.,6.3912497488E-32));
#7526 = ORIENTED_EDGE('',*,*,#7527,.T.);
#7527 = EDGE_CURVE('',#7518,#7528,#7530,.T.);
#7528 = VERTEX_POINT('',#7529);
#7529 = CARTESIAN_POINT('',(2.25,0.25,1.8));
#7530 = LINE('',#7531,#7532);
#7531 = CARTESIAN_POINT('',(4.625,0.25,1.8));
#7532 = VECTOR('',#7533,1.);
#7533 = DIRECTION('',(1.,-1.224646799147E-16,2.299416752328E-33));
#7534 = ORIENTED_EDGE('',*,*,#7535,.T.);
#7535 = EDGE_CURVE('',#7528,#7536,#7538,.T.);
#7536 = VERTEX_POINT('',#7537);
#7537 = CARTESIAN_POINT('',(2.25,-0.25,1.8));
#7538 = LINE('',#7539,#7540);
#7539 = CARTESIAN_POINT('',(2.25,-0.3,1.8));
#7540 = VECTOR('',#7541,1.);
#7541 = DIRECTION('',(-1.224646799147E-16,-1.,6.3912497488E-32));
#7542 = ORIENTED_EDGE('',*,*,#7543,.T.);
#7543 = EDGE_CURVE('',#7536,#7520,#7544,.T.);
#7544 = LINE('',#7545,#7546);
#7545 = CARTESIAN_POINT('',(4.625,-0.25,1.8));
#7546 = VECTOR('',#7547,1.);
#7547 = DIRECTION('',(-1.,1.224646799147E-16,-2.299416752328E-33));
#7548 = FACE_BOUND('',#7549,.T.);
#7549 = EDGE_LOOP('',(#7550,#7560,#7568,#7576));
#7550 = ORIENTED_EDGE('',*,*,#7551,.T.);
#7551 = EDGE_CURVE('',#7552,#7554,#7556,.T.);
#7552 = VERTEX_POINT('',#7553);
#7553 = CARTESIAN_POINT('',(4.25,0.25,1.8));
#7554 = VERTEX_POINT('',#7555);
#7555 = CARTESIAN_POINT('',(4.25,-0.25,1.8));
#7556 = LINE('',#7557,#7558);
#7557 = CARTESIAN_POINT('',(4.25,-0.3,1.8));
#7558 = VECTOR('',#7559,1.);
#7559 = DIRECTION('',(-1.224646799147E-16,-1.,6.3912497488E-32));
#7560 = ORIENTED_EDGE('',*,*,#7561,.T.);
#7561 = EDGE_CURVE('',#7554,#7562,#7564,.T.);
#7562 = VERTEX_POINT('',#7563);
#7563 = CARTESIAN_POINT('',(3.75,-0.25,1.8));
#7564 = LINE('',#7565,#7566);
#7565 = CARTESIAN_POINT('',(5.625,-0.25,1.8));
#7566 = VECTOR('',#7567,1.);
#7567 = DIRECTION('',(-1.,1.224646799147E-16,-2.299416752328E-33));
#7568 = ORIENTED_EDGE('',*,*,#7569,.F.);
#7569 = EDGE_CURVE('',#7570,#7562,#7572,.T.);
#7570 = VERTEX_POINT('',#7571);
#7571 = CARTESIAN_POINT('',(3.75,0.25,1.8));
#7572 = LINE('',#7573,#7574);
#7573 = CARTESIAN_POINT('',(3.75,-0.3,1.8));
#7574 = VECTOR('',#7575,1.);
#7575 = DIRECTION('',(-1.224646799147E-16,-1.,6.3912497488E-32));
#7576 = ORIENTED_EDGE('',*,*,#7577,.T.);
#7577 = EDGE_CURVE('',#7570,#7552,#7578,.T.);
#7578 = LINE('',#7579,#7580);
#7579 = CARTESIAN_POINT('',(5.625,0.25,1.8));
#7580 = VECTOR('',#7581,1.);
#7581 = DIRECTION('',(1.,-1.224646799147E-16,2.299416752328E-33));
#7582 = FACE_BOUND('',#7583,.T.);
#7583 = EDGE_LOOP('',(#7584,#7594,#7602,#7610));
#7584 = ORIENTED_EDGE('',*,*,#7585,.F.);
#7585 = EDGE_CURVE('',#7586,#7588,#7590,.T.);
#7586 = VERTEX_POINT('',#7587);
#7587 = CARTESIAN_POINT('',(5.75,0.25,1.8));
#7588 = VERTEX_POINT('',#7589);
#7589 = CARTESIAN_POINT('',(5.75,-0.25,1.8));
#7590 = LINE('',#7591,#7592);
#7591 = CARTESIAN_POINT('',(5.75,-0.3,1.8));
#7592 = VECTOR('',#7593,1.);
#7593 = DIRECTION('',(-1.224646799147E-16,-1.,6.3912497488E-32));
#7594 = ORIENTED_EDGE('',*,*,#7595,.T.);
#7595 = EDGE_CURVE('',#7586,#7596,#7598,.T.);
#7596 = VERTEX_POINT('',#7597);
#7597 = CARTESIAN_POINT('',(6.25,0.25,1.8));
#7598 = LINE('',#7599,#7600);
#7599 = CARTESIAN_POINT('',(6.625,0.25,1.8));
#7600 = VECTOR('',#7601,1.);
#7601 = DIRECTION('',(1.,-1.224646799147E-16,2.299416752328E-33));
#7602 = ORIENTED_EDGE('',*,*,#7603,.T.);
#7603 = EDGE_CURVE('',#7596,#7604,#7606,.T.);
#7604 = VERTEX_POINT('',#7605);
#7605 = CARTESIAN_POINT('',(6.25,-0.25,1.8));
#7606 = LINE('',#7607,#7608);
#7607 = CARTESIAN_POINT('',(6.25,-0.3,1.8));
#7608 = VECTOR('',#7609,1.);
#7609 = DIRECTION('',(-1.224646799147E-16,-1.,6.3912497488E-32));
#7610 = ORIENTED_EDGE('',*,*,#7611,.T.);
#7611 = EDGE_CURVE('',#7604,#7588,#7612,.T.);
#7612 = LINE('',#7613,#7614);
#7613 = CARTESIAN_POINT('',(6.625,-0.25,1.8));
#7614 = VECTOR('',#7615,1.);
#7615 = DIRECTION('',(-1.,1.224646799147E-16,-2.299416752328E-33));
#7616 = FACE_BOUND('',#7617,.T.);
#7617 = EDGE_LOOP('',(#7618,#7628,#7636,#7644));
#7618 = ORIENTED_EDGE('',*,*,#7619,.F.);
#7619 = EDGE_CURVE('',#7620,#7622,#7624,.T.);
#7620 = VERTEX_POINT('',#7621);
#7621 = CARTESIAN_POINT('',(11.75,0.25,1.8));
#7622 = VERTEX_POINT('',#7623);
#7623 = CARTESIAN_POINT('',(11.75,-0.25,1.8));
#7624 = LINE('',#7625,#7626);
#7625 = CARTESIAN_POINT('',(11.75,-0.3,1.8));
#7626 = VECTOR('',#7627,1.);
#7627 = DIRECTION('',(-1.224646799147E-16,-1.,6.3912497488E-32));
#7628 = ORIENTED_EDGE('',*,*,#7629,.T.);
#7629 = EDGE_CURVE('',#7620,#7630,#7632,.T.);
#7630 = VERTEX_POINT('',#7631);
#7631 = CARTESIAN_POINT('',(12.25,0.25,1.8));
#7632 = LINE('',#7633,#7634);
#7633 = CARTESIAN_POINT('',(9.625,0.25,1.8));
#7634 = VECTOR('',#7635,1.);
#7635 = DIRECTION('',(1.,-1.224646799147E-16,2.299416752328E-33));
#7636 = ORIENTED_EDGE('',*,*,#7637,.T.);
#7637 = EDGE_CURVE('',#7630,#7638,#7640,.T.);
#7638 = VERTEX_POINT('',#7639);
#7639 = CARTESIAN_POINT('',(12.25,-0.25,1.8));
#7640 = LINE('',#7641,#7642);
#7641 = CARTESIAN_POINT('',(12.25,-0.3,1.8));
#7642 = VECTOR('',#7643,1.);
#7643 = DIRECTION('',(-1.224646799147E-16,-1.,6.3912497488E-32));
#7644 = ORIENTED_EDGE('',*,*,#7645,.T.);
#7645 = EDGE_CURVE('',#7638,#7622,#7646,.T.);
#7646 = LINE('',#7647,#7648);
#7647 = CARTESIAN_POINT('',(9.625,-0.25,1.8));
#7648 = VECTOR('',#7649,1.);
#7649 = DIRECTION('',(-1.,1.224646799147E-16,-2.299416752328E-33));
#7650 = FACE_BOUND('',#7651,.T.);
#7651 = EDGE_LOOP('',(#7652,#7662,#7670,#7678));
#7652 = ORIENTED_EDGE('',*,*,#7653,.T.);
#7653 = EDGE_CURVE('',#7654,#7656,#7658,.T.);
#7654 = VERTEX_POINT('',#7655);
#7655 = CARTESIAN_POINT('',(9.75,0.25,1.8));
#7656 = VERTEX_POINT('',#7657);
#7657 = CARTESIAN_POINT('',(10.25,0.25,1.8));
#7658 = LINE('',#7659,#7660);
#7659 = CARTESIAN_POINT('',(8.625,0.25,1.8));
#7660 = VECTOR('',#7661,1.);
#7661 = DIRECTION('',(1.,-1.224646799147E-16,2.299416752328E-33));
#7662 = ORIENTED_EDGE('',*,*,#7663,.T.);
#7663 = EDGE_CURVE('',#7656,#7664,#7666,.T.);
#7664 = VERTEX_POINT('',#7665);
#7665 = CARTESIAN_POINT('',(10.25,-0.25,1.8));
#7666 = LINE('',#7667,#7668);
#7667 = CARTESIAN_POINT('',(10.25,-0.3,1.8));
#7668 = VECTOR('',#7669,1.);
#7669 = DIRECTION('',(-1.224646799147E-16,-1.,6.3912497488E-32));
#7670 = ORIENTED_EDGE('',*,*,#7671,.T.);
#7671 = EDGE_CURVE('',#7664,#7672,#7674,.T.);
#7672 = VERTEX_POINT('',#7673);
#7673 = CARTESIAN_POINT('',(9.75,-0.25,1.8));
#7674 = LINE('',#7675,#7676);
#7675 = CARTESIAN_POINT('',(8.625,-0.25,1.8));
#7676 = VECTOR('',#7677,1.);
#7677 = DIRECTION('',(-1.,1.224646799147E-16,-2.299416752328E-33));
#7678 = ORIENTED_EDGE('',*,*,#7679,.F.);
#7679 = EDGE_CURVE('',#7654,#7672,#7680,.T.);
#7680 = LINE('',#7681,#7682);
#7681 = CARTESIAN_POINT('',(9.75,-0.3,1.8));
#7682 = VECTOR('',#7683,1.);
#7683 = DIRECTION('',(-1.224646799147E-16,-1.,6.3912497488E-32));
#7684 = FACE_BOUND('',#7685,.T.);
#7685 = EDGE_LOOP('',(#7686,#7696,#7704,#7712));
#7686 = ORIENTED_EDGE('',*,*,#7687,.F.);
#7687 = EDGE_CURVE('',#7688,#7690,#7692,.T.);
#7688 = VERTEX_POINT('',#7689);
#7689 = CARTESIAN_POINT('',(7.75,0.25,1.8));
#7690 = VERTEX_POINT('',#7691);
#7691 = CARTESIAN_POINT('',(7.75,-0.25,1.8));
#7692 = LINE('',#7693,#7694);
#7693 = CARTESIAN_POINT('',(7.75,-0.3,1.8));
#7694 = VECTOR('',#7695,1.);
#7695 = DIRECTION('',(-1.224646799147E-16,-1.,6.3912497488E-32));
#7696 = ORIENTED_EDGE('',*,*,#7697,.T.);
#7697 = EDGE_CURVE('',#7688,#7698,#7700,.T.);
#7698 = VERTEX_POINT('',#7699);
#7699 = CARTESIAN_POINT('',(8.25,0.25,1.8));
#7700 = LINE('',#7701,#7702);
#7701 = CARTESIAN_POINT('',(7.625,0.25,1.8));
#7702 = VECTOR('',#7703,1.);
#7703 = DIRECTION('',(1.,-1.224646799147E-16,2.299416752328E-33));
#7704 = ORIENTED_EDGE('',*,*,#7705,.T.);
#7705 = EDGE_CURVE('',#7698,#7706,#7708,.T.);
#7706 = VERTEX_POINT('',#7707);
#7707 = CARTESIAN_POINT('',(8.25,-0.25,1.8));
#7708 = LINE('',#7709,#7710);
#7709 = CARTESIAN_POINT('',(8.25,-0.3,1.8));
#7710 = VECTOR('',#7711,1.);
#7711 = DIRECTION('',(-1.224646799147E-16,-1.,6.3912497488E-32));
#7712 = ORIENTED_EDGE('',*,*,#7713,.T.);
#7713 = EDGE_CURVE('',#7706,#7690,#7714,.T.);
#7714 = LINE('',#7715,#7716);
#7715 = CARTESIAN_POINT('',(7.625,-0.25,1.8));
#7716 = VECTOR('',#7717,1.);
#7717 = DIRECTION('',(-1.,1.224646799147E-16,-2.299416752328E-33));
#7718 = FACE_BOUND('',#7719,.T.);
#7719 = EDGE_LOOP('',(#7720,#7730,#7738,#7746));
#7720 = ORIENTED_EDGE('',*,*,#7721,.T.);
#7721 = EDGE_CURVE('',#7722,#7724,#7726,.T.);
#7722 = VERTEX_POINT('',#7723);
#7723 = CARTESIAN_POINT('',(14.25,0.25,1.8));
#7724 = VERTEX_POINT('',#7725);
#7725 = CARTESIAN_POINT('',(14.25,-0.25,1.8));
#7726 = LINE('',#7727,#7728);
#7727 = CARTESIAN_POINT('',(14.25,-0.278366783637,1.8));
#7728 = VECTOR('',#7729,1.);
#7729 = DIRECTION('',(-1.224646799147E-16,-1.,6.3912497488E-32));
#7730 = ORIENTED_EDGE('',*,*,#7731,.T.);
#7731 = EDGE_CURVE('',#7724,#7732,#7734,.T.);
#7732 = VERTEX_POINT('',#7733);
#7733 = CARTESIAN_POINT('',(13.75,-0.25,1.8));
#7734 = LINE('',#7735,#7736);
#7735 = CARTESIAN_POINT('',(10.625,-0.25,1.8));
#7736 = VECTOR('',#7737,1.);
#7737 = DIRECTION('',(-1.,1.224646799147E-16,-2.299416752328E-33));
#7738 = ORIENTED_EDGE('',*,*,#7739,.F.);
#7739 = EDGE_CURVE('',#7740,#7732,#7742,.T.);
#7740 = VERTEX_POINT('',#7741);
#7741 = CARTESIAN_POINT('',(13.75,0.25,1.8));
#7742 = LINE('',#7743,#7744);
#7743 = CARTESIAN_POINT('',(13.75,-0.278366783637,1.8));
#7744 = VECTOR('',#7745,1.);
#7745 = DIRECTION('',(-1.224646799147E-16,-1.,6.3912497488E-32));
#7746 = ORIENTED_EDGE('',*,*,#7747,.T.);
#7747 = EDGE_CURVE('',#7740,#7722,#7748,.T.);
#7748 = LINE('',#7749,#7750);
#7749 = CARTESIAN_POINT('',(10.625,0.25,1.8));
#7750 = VECTOR('',#7751,1.);
#7751 = DIRECTION('',(1.,-1.224646799147E-16,2.299416752328E-33));
#7752 = FACE_BOUND('',#7753,.T.);
#7753 = EDGE_LOOP('',(#7754,#7764,#7772,#7780));
#7754 = ORIENTED_EDGE('',*,*,#7755,.T.);
#7755 = EDGE_CURVE('',#7756,#7758,#7760,.T.);
#7756 = VERTEX_POINT('',#7757);
#7757 = CARTESIAN_POINT('',(0.25,0.25,1.8));
#7758 = VERTEX_POINT('',#7759);
#7759 = CARTESIAN_POINT('',(0.25,-0.25,1.8));
#7760 = LINE('',#7761,#7762);
#7761 = CARTESIAN_POINT('',(0.25,-0.278366783637,1.8));
#7762 = VECTOR('',#7763,1.);
#7763 = DIRECTION('',(-1.224646799147E-16,-1.,6.3912497488E-32));
#7764 = ORIENTED_EDGE('',*,*,#7765,.T.);
#7765 = EDGE_CURVE('',#7758,#7766,#7768,.T.);
#7766 = VERTEX_POINT('',#7767);
#7767 = CARTESIAN_POINT('',(-0.25,-0.25,1.8));
#7768 = LINE('',#7769,#7770);
#7769 = CARTESIAN_POINT('',(3.625,-0.25,1.8));
#7770 = VECTOR('',#7771,1.);
#7771 = DIRECTION('',(-1.,1.224646799147E-16,-2.299416752328E-33));
#7772 = ORIENTED_EDGE('',*,*,#7773,.F.);
#7773 = EDGE_CURVE('',#7774,#7766,#7776,.T.);
#7774 = VERTEX_POINT('',#7775);
#7775 = CARTESIAN_POINT('',(-0.25,0.25,1.8));
#7776 = LINE('',#7777,#7778);
#7777 = CARTESIAN_POINT('',(-0.25,-0.278366783637,1.8));
#7778 = VECTOR('',#7779,1.);
#7779 = DIRECTION('',(-1.224646799147E-16,-1.,6.3912497488E-32));
#7780 = ORIENTED_EDGE('',*,*,#7781,.T.);
#7781 = EDGE_CURVE('',#7774,#7756,#7782,.T.);
#7782 = LINE('',#7783,#7784);
#7783 = CARTESIAN_POINT('',(3.625,0.25,1.8));
#7784 = VECTOR('',#7785,1.);
#7785 = DIRECTION('',(1.,-1.224646799147E-16,2.299416752328E-33));
#7786 = PLANE('',#7787);
#7787 = AXIS2_PLACEMENT_3D('',#7788,#7789,#7790);
#7788 = CARTESIAN_POINT('',(7.,-0.6,1.8));
#7789 = DIRECTION('',(-2.299416752328E-33,6.3912497488E-32,1.));
#7790 = DIRECTION('',(-1.224646799147E-16,-1.,6.3912497488E-32));
#7791 = ADVANCED_FACE('',(#7792),#7810,.F.);
#7792 = FACE_BOUND('',#7793,.F.);
#7793 = EDGE_LOOP('',(#7794,#7795,#7803,#7809));
#7794 = ORIENTED_EDGE('',*,*,#6804,.T.);
#7795 = ORIENTED_EDGE('',*,*,#7796,.T.);
#7796 = EDGE_CURVE('',#6797,#7797,#7799,.T.);
#7797 = VERTEX_POINT('',#7798);
#7798 = CARTESIAN_POINT('',(13.2,-2.,3.7));
#7799 = LINE('',#7800,#7801);
#7800 = CARTESIAN_POINT('',(13.2,-2.3,3.7));
#7801 = VECTOR('',#7802,1.);
#7802 = DIRECTION('',(1.224646799147E-16,1.,0.));
#7803 = ORIENTED_EDGE('',*,*,#7804,.F.);
#7804 = EDGE_CURVE('',#7351,#7797,#7805,.T.);
#7805 = LINE('',#7806,#7807);
#7806 = CARTESIAN_POINT('',(13.2,-2.,1.8));
#7807 = VECTOR('',#7808,1.);
#7808 = DIRECTION('',(0.,0.,1.));
#7809 = ORIENTED_EDGE('',*,*,#7350,.F.);
#7810 = PLANE('',#7811);
#7811 = AXIS2_PLACEMENT_3D('',#7812,#7813,#7814);
#7812 = CARTESIAN_POINT('',(13.2,-2.3,1.8));
#7813 = DIRECTION('',(-1.,1.224646799147E-16,0.));
#7814 = DIRECTION('',(1.224646799147E-16,1.,0.));
#7815 = ADVANCED_FACE('',(#7816),#7834,.T.);
#7816 = FACE_BOUND('',#7817,.T.);
#7817 = EDGE_LOOP('',(#7818,#7826,#7832,#7833));
#7818 = ORIENTED_EDGE('',*,*,#7819,.T.);
#7819 = EDGE_CURVE('',#7797,#7820,#7822,.T.);
#7820 = VERTEX_POINT('',#7821);
#7821 = CARTESIAN_POINT('',(12.8,-2.,3.7));
#7822 = LINE('',#7823,#7824);
#7823 = CARTESIAN_POINT('',(13.2,-2.,3.7));
#7824 = VECTOR('',#7825,1.);
#7825 = DIRECTION('',(-1.,1.224646799147E-16,0.));
#7826 = ORIENTED_EDGE('',*,*,#7827,.T.);
#7827 = EDGE_CURVE('',#7820,#6789,#7828,.T.);
#7828 = LINE('',#7829,#7830);
#7829 = CARTESIAN_POINT('',(12.8,-2.,3.7));
#7830 = VECTOR('',#7831,1.);
#7831 = DIRECTION('',(-1.224646799147E-16,-1.,0.));
#7832 = ORIENTED_EDGE('',*,*,#6796,.T.);
#7833 = ORIENTED_EDGE('',*,*,#7796,.T.);
#7834 = PLANE('',#7835);
#7835 = AXIS2_PLACEMENT_3D('',#7836,#7837,#7838);
#7836 = CARTESIAN_POINT('',(13.,-2.15,3.7));
#7837 = DIRECTION('',(0.,0.,1.));
#7838 = DIRECTION('',(-1.,1.224646799147E-16,0.));
#7839 = ADVANCED_FACE('',(#7840),#7851,.F.);
#7840 = FACE_BOUND('',#7841,.F.);
#7841 = EDGE_LOOP('',(#7842,#7848,#7849,#7850));
#7842 = ORIENTED_EDGE('',*,*,#7843,.T.);
#7843 = EDGE_CURVE('',#7502,#7820,#7844,.T.);
#7844 = LINE('',#7845,#7846);
#7845 = CARTESIAN_POINT('',(12.8,-2.,1.8));
#7846 = VECTOR('',#7847,1.);
#7847 = DIRECTION('',(0.,0.,1.));
#7848 = ORIENTED_EDGE('',*,*,#7827,.T.);
#7849 = ORIENTED_EDGE('',*,*,#6788,.F.);
#7850 = ORIENTED_EDGE('',*,*,#7501,.F.);
#7851 = PLANE('',#7852);
#7852 = AXIS2_PLACEMENT_3D('',#7853,#7854,#7855);
#7853 = CARTESIAN_POINT('',(12.8,-2.,1.8));
#7854 = DIRECTION('',(1.,-1.224646799147E-16,0.));
#7855 = DIRECTION('',(-1.224646799147E-16,-1.,0.));
#7856 = ADVANCED_FACE('',(#7857),#7875,.F.);
#7857 = FACE_BOUND('',#7858,.F.);
#7858 = EDGE_LOOP('',(#7859,#7860,#7868,#7874));
#7859 = ORIENTED_EDGE('',*,*,#6772,.T.);
#7860 = ORIENTED_EDGE('',*,*,#7861,.T.);
#7861 = EDGE_CURVE('',#6765,#7862,#7864,.T.);
#7862 = VERTEX_POINT('',#7863);
#7863 = CARTESIAN_POINT('',(11.2,-2.,3.7));
#7864 = LINE('',#7865,#7866);
#7865 = CARTESIAN_POINT('',(11.2,-2.3,3.7));
#7866 = VECTOR('',#7867,1.);
#7867 = DIRECTION('',(1.224646799147E-16,1.,0.));
#7868 = ORIENTED_EDGE('',*,*,#7869,.F.);
#7869 = EDGE_CURVE('',#7487,#7862,#7870,.T.);
#7870 = LINE('',#7871,#7872);
#7871 = CARTESIAN_POINT('',(11.2,-2.,1.8));
#7872 = VECTOR('',#7873,1.);
#7873 = DIRECTION('',(0.,0.,1.));
#7874 = ORIENTED_EDGE('',*,*,#7494,.F.);
#7875 = PLANE('',#7876);
#7876 = AXIS2_PLACEMENT_3D('',#7877,#7878,#7879);
#7877 = CARTESIAN_POINT('',(11.2,-2.3,1.8));
#7878 = DIRECTION('',(-1.,1.224646799147E-16,0.));
#7879 = DIRECTION('',(1.224646799147E-16,1.,0.));
#7880 = ADVANCED_FACE('',(#7881),#7899,.T.);
#7881 = FACE_BOUND('',#7882,.T.);
#7882 = EDGE_LOOP('',(#7883,#7891,#7897,#7898));
#7883 = ORIENTED_EDGE('',*,*,#7884,.T.);
#7884 = EDGE_CURVE('',#7862,#7885,#7887,.T.);
#7885 = VERTEX_POINT('',#7886);
#7886 = CARTESIAN_POINT('',(10.8,-2.,3.7));
#7887 = LINE('',#7888,#7889);
#7888 = CARTESIAN_POINT('',(11.2,-2.,3.7));
#7889 = VECTOR('',#7890,1.);
#7890 = DIRECTION('',(-1.,1.224646799147E-16,0.));
#7891 = ORIENTED_EDGE('',*,*,#7892,.T.);
#7892 = EDGE_CURVE('',#7885,#6757,#7893,.T.);
#7893 = LINE('',#7894,#7895);
#7894 = CARTESIAN_POINT('',(10.8,-2.,3.7));
#7895 = VECTOR('',#7896,1.);
#7896 = DIRECTION('',(-1.224646799147E-16,-1.,0.));
#7897 = ORIENTED_EDGE('',*,*,#6764,.T.);
#7898 = ORIENTED_EDGE('',*,*,#7861,.T.);
#7899 = PLANE('',#7900);
#7900 = AXIS2_PLACEMENT_3D('',#7901,#7902,#7903);
#7901 = CARTESIAN_POINT('',(11.,-2.15,3.7));
#7902 = DIRECTION('',(0.,0.,1.));
#7903 = DIRECTION('',(-1.,1.224646799147E-16,0.));
#7904 = ADVANCED_FACE('',(#7905),#7916,.F.);
#7905 = FACE_BOUND('',#7906,.F.);
#7906 = EDGE_LOOP('',(#7907,#7913,#7914,#7915));
#7907 = ORIENTED_EDGE('',*,*,#7908,.T.);
#7908 = EDGE_CURVE('',#7479,#7885,#7909,.T.);
#7909 = LINE('',#7910,#7911);
#7910 = CARTESIAN_POINT('',(10.8,-2.,1.8));
#7911 = VECTOR('',#7912,1.);
#7912 = DIRECTION('',(0.,0.,1.));
#7913 = ORIENTED_EDGE('',*,*,#7892,.T.);
#7914 = ORIENTED_EDGE('',*,*,#6756,.F.);
#7915 = ORIENTED_EDGE('',*,*,#7478,.F.);
#7916 = PLANE('',#7917);
#7917 = AXIS2_PLACEMENT_3D('',#7918,#7919,#7920);
#7918 = CARTESIAN_POINT('',(10.8,-2.,1.8));
#7919 = DIRECTION('',(1.,-1.224646799147E-16,0.));
#7920 = DIRECTION('',(-1.224646799147E-16,-1.,0.));
#7921 = ADVANCED_FACE('',(#7922),#7940,.F.);
#7922 = FACE_BOUND('',#7923,.F.);
#7923 = EDGE_LOOP('',(#7924,#7925,#7933,#7939));
#7924 = ORIENTED_EDGE('',*,*,#6740,.T.);
#7925 = ORIENTED_EDGE('',*,*,#7926,.T.);
#7926 = EDGE_CURVE('',#6733,#7927,#7929,.T.);
#7927 = VERTEX_POINT('',#7928);
#7928 = CARTESIAN_POINT('',(9.2,-2.,3.7));
#7929 = LINE('',#7930,#7931);
#7930 = CARTESIAN_POINT('',(9.2,-2.3,3.7));
#7931 = VECTOR('',#7932,1.);
#7932 = DIRECTION('',(1.224646799147E-16,1.,0.));
#7933 = ORIENTED_EDGE('',*,*,#7934,.F.);
#7934 = EDGE_CURVE('',#7464,#7927,#7935,.T.);
#7935 = LINE('',#7936,#7937);
#7936 = CARTESIAN_POINT('',(9.2,-2.,1.8));
#7937 = VECTOR('',#7938,1.);
#7938 = DIRECTION('',(0.,0.,1.));
#7939 = ORIENTED_EDGE('',*,*,#7471,.F.);
#7940 = PLANE('',#7941);
#7941 = AXIS2_PLACEMENT_3D('',#7942,#7943,#7944);
#7942 = CARTESIAN_POINT('',(9.2,-2.3,1.8));
#7943 = DIRECTION('',(-1.,1.224646799147E-16,0.));
#7944 = DIRECTION('',(1.224646799147E-16,1.,0.));
#7945 = ADVANCED_FACE('',(#7946),#7964,.T.);
#7946 = FACE_BOUND('',#7947,.T.);
#7947 = EDGE_LOOP('',(#7948,#7956,#7962,#7963));
#7948 = ORIENTED_EDGE('',*,*,#7949,.T.);
#7949 = EDGE_CURVE('',#7927,#7950,#7952,.T.);
#7950 = VERTEX_POINT('',#7951);
#7951 = CARTESIAN_POINT('',(8.8,-2.,3.7));
#7952 = LINE('',#7953,#7954);
#7953 = CARTESIAN_POINT('',(9.2,-2.,3.7));
#7954 = VECTOR('',#7955,1.);
#7955 = DIRECTION('',(-1.,1.224646799147E-16,0.));
#7956 = ORIENTED_EDGE('',*,*,#7957,.T.);
#7957 = EDGE_CURVE('',#7950,#6725,#7958,.T.);
#7958 = LINE('',#7959,#7960);
#7959 = CARTESIAN_POINT('',(8.8,-2.,3.7));
#7960 = VECTOR('',#7961,1.);
#7961 = DIRECTION('',(-1.224646799147E-16,-1.,0.));
#7962 = ORIENTED_EDGE('',*,*,#6732,.T.);
#7963 = ORIENTED_EDGE('',*,*,#7926,.T.);
#7964 = PLANE('',#7965);
#7965 = AXIS2_PLACEMENT_3D('',#7966,#7967,#7968);
#7966 = CARTESIAN_POINT('',(9.,-2.15,3.7));
#7967 = DIRECTION('',(0.,0.,1.));
#7968 = DIRECTION('',(-1.,1.224646799147E-16,0.));
#7969 = ADVANCED_FACE('',(#7970),#7981,.F.);
#7970 = FACE_BOUND('',#7971,.F.);
#7971 = EDGE_LOOP('',(#7972,#7978,#7979,#7980));
#7972 = ORIENTED_EDGE('',*,*,#7973,.T.);
#7973 = EDGE_CURVE('',#7456,#7950,#7974,.T.);
#7974 = LINE('',#7975,#7976);
#7975 = CARTESIAN_POINT('',(8.8,-2.,1.8));
#7976 = VECTOR('',#7977,1.);
#7977 = DIRECTION('',(0.,0.,1.));
#7978 = ORIENTED_EDGE('',*,*,#7957,.T.);
#7979 = ORIENTED_EDGE('',*,*,#6724,.F.);
#7980 = ORIENTED_EDGE('',*,*,#7455,.F.);
#7981 = PLANE('',#7982);
#7982 = AXIS2_PLACEMENT_3D('',#7983,#7984,#7985);
#7983 = CARTESIAN_POINT('',(8.8,-2.,1.8));
#7984 = DIRECTION('',(1.,-1.224646799147E-16,0.));
#7985 = DIRECTION('',(-1.224646799147E-16,-1.,0.));
#7986 = ADVANCED_FACE('',(#7987),#8005,.F.);
#7987 = FACE_BOUND('',#7988,.F.);
#7988 = EDGE_LOOP('',(#7989,#7990,#7998,#8004));
#7989 = ORIENTED_EDGE('',*,*,#6708,.T.);
#7990 = ORIENTED_EDGE('',*,*,#7991,.T.);
#7991 = EDGE_CURVE('',#6701,#7992,#7994,.T.);
#7992 = VERTEX_POINT('',#7993);
#7993 = CARTESIAN_POINT('',(7.2,-2.,3.7));
#7994 = LINE('',#7995,#7996);
#7995 = CARTESIAN_POINT('',(7.2,-2.3,3.7));
#7996 = VECTOR('',#7997,1.);
#7997 = DIRECTION('',(1.224646799147E-16,1.,0.));
#7998 = ORIENTED_EDGE('',*,*,#7999,.F.);
#7999 = EDGE_CURVE('',#7441,#7992,#8000,.T.);
#8000 = LINE('',#8001,#8002);
#8001 = CARTESIAN_POINT('',(7.2,-2.,1.8));
#8002 = VECTOR('',#8003,1.);
#8003 = DIRECTION('',(0.,0.,1.));
#8004 = ORIENTED_EDGE('',*,*,#7448,.F.);
#8005 = PLANE('',#8006);
#8006 = AXIS2_PLACEMENT_3D('',#8007,#8008,#8009);
#8007 = CARTESIAN_POINT('',(7.2,-2.3,1.8));
#8008 = DIRECTION('',(-1.,1.224646799147E-16,0.));
#8009 = DIRECTION('',(1.224646799147E-16,1.,0.));
#8010 = ADVANCED_FACE('',(#8011),#8029,.T.);
#8011 = FACE_BOUND('',#8012,.T.);
#8012 = EDGE_LOOP('',(#8013,#8021,#8027,#8028));
#8013 = ORIENTED_EDGE('',*,*,#8014,.T.);
#8014 = EDGE_CURVE('',#7992,#8015,#8017,.T.);
#8015 = VERTEX_POINT('',#8016);
#8016 = CARTESIAN_POINT('',(6.8,-2.,3.7));
#8017 = LINE('',#8018,#8019);
#8018 = CARTESIAN_POINT('',(7.2,-2.,3.7));
#8019 = VECTOR('',#8020,1.);
#8020 = DIRECTION('',(-1.,1.224646799147E-16,0.));
#8021 = ORIENTED_EDGE('',*,*,#8022,.T.);
#8022 = EDGE_CURVE('',#8015,#6693,#8023,.T.);
#8023 = LINE('',#8024,#8025);
#8024 = CARTESIAN_POINT('',(6.8,-2.,3.7));
#8025 = VECTOR('',#8026,1.);
#8026 = DIRECTION('',(-1.224646799147E-16,-1.,0.));
#8027 = ORIENTED_EDGE('',*,*,#6700,.T.);
#8028 = ORIENTED_EDGE('',*,*,#7991,.T.);
#8029 = PLANE('',#8030);
#8030 = AXIS2_PLACEMENT_3D('',#8031,#8032,#8033);
#8031 = CARTESIAN_POINT('',(7.,-2.15,3.7));
#8032 = DIRECTION('',(0.,0.,1.));
#8033 = DIRECTION('',(-1.,1.224646799147E-16,0.));
#8034 = ADVANCED_FACE('',(#8035),#8046,.F.);
#8035 = FACE_BOUND('',#8036,.F.);
#8036 = EDGE_LOOP('',(#8037,#8043,#8044,#8045));
#8037 = ORIENTED_EDGE('',*,*,#8038,.T.);
#8038 = EDGE_CURVE('',#7433,#8015,#8039,.T.);
#8039 = LINE('',#8040,#8041);
#8040 = CARTESIAN_POINT('',(6.8,-2.,1.8));
#8041 = VECTOR('',#8042,1.);
#8042 = DIRECTION('',(0.,0.,1.));
#8043 = ORIENTED_EDGE('',*,*,#8022,.T.);
#8044 = ORIENTED_EDGE('',*,*,#6692,.F.);
#8045 = ORIENTED_EDGE('',*,*,#7432,.F.);
#8046 = PLANE('',#8047);
#8047 = AXIS2_PLACEMENT_3D('',#8048,#8049,#8050);
#8048 = CARTESIAN_POINT('',(6.8,-2.,1.8));
#8049 = DIRECTION('',(1.,-1.224646799147E-16,0.));
#8050 = DIRECTION('',(-1.224646799147E-16,-1.,0.));
#8051 = ADVANCED_FACE('',(#8052),#8070,.F.);
#8052 = FACE_BOUND('',#8053,.F.);
#8053 = EDGE_LOOP('',(#8054,#8055,#8063,#8069));
#8054 = ORIENTED_EDGE('',*,*,#6676,.T.);
#8055 = ORIENTED_EDGE('',*,*,#8056,.T.);
#8056 = EDGE_CURVE('',#6669,#8057,#8059,.T.);
#8057 = VERTEX_POINT('',#8058);
#8058 = CARTESIAN_POINT('',(5.2,-2.,3.7));
#8059 = LINE('',#8060,#8061);
#8060 = CARTESIAN_POINT('',(5.2,-2.3,3.7));
#8061 = VECTOR('',#8062,1.);
#8062 = DIRECTION('',(1.224646799147E-16,1.,0.));
#8063 = ORIENTED_EDGE('',*,*,#8064,.F.);
#8064 = EDGE_CURVE('',#7418,#8057,#8065,.T.);
#8065 = LINE('',#8066,#8067);
#8066 = CARTESIAN_POINT('',(5.2,-2.,1.8));
#8067 = VECTOR('',#8068,1.);
#8068 = DIRECTION('',(0.,0.,1.));
#8069 = ORIENTED_EDGE('',*,*,#7425,.F.);
#8070 = PLANE('',#8071);
#8071 = AXIS2_PLACEMENT_3D('',#8072,#8073,#8074);
#8072 = CARTESIAN_POINT('',(5.2,-2.3,1.8));
#8073 = DIRECTION('',(-1.,1.224646799147E-16,0.));
#8074 = DIRECTION('',(1.224646799147E-16,1.,0.));
#8075 = ADVANCED_FACE('',(#8076),#8094,.T.);
#8076 = FACE_BOUND('',#8077,.T.);
#8077 = EDGE_LOOP('',(#8078,#8086,#8092,#8093));
#8078 = ORIENTED_EDGE('',*,*,#8079,.T.);
#8079 = EDGE_CURVE('',#8057,#8080,#8082,.T.);
#8080 = VERTEX_POINT('',#8081);
#8081 = CARTESIAN_POINT('',(4.8,-2.,3.7));
#8082 = LINE('',#8083,#8084);
#8083 = CARTESIAN_POINT('',(5.2,-2.,3.7));
#8084 = VECTOR('',#8085,1.);
#8085 = DIRECTION('',(-1.,1.224646799147E-16,0.));
#8086 = ORIENTED_EDGE('',*,*,#8087,.T.);
#8087 = EDGE_CURVE('',#8080,#6661,#8088,.T.);
#8088 = LINE('',#8089,#8090);
#8089 = CARTESIAN_POINT('',(4.8,-2.,3.7));
#8090 = VECTOR('',#8091,1.);
#8091 = DIRECTION('',(-1.224646799147E-16,-1.,0.));
#8092 = ORIENTED_EDGE('',*,*,#6668,.T.);
#8093 = ORIENTED_EDGE('',*,*,#8056,.T.);
#8094 = PLANE('',#8095);
#8095 = AXIS2_PLACEMENT_3D('',#8096,#8097,#8098);
#8096 = CARTESIAN_POINT('',(5.,-2.15,3.7));
#8097 = DIRECTION('',(0.,0.,1.));
#8098 = DIRECTION('',(-1.,1.224646799147E-16,0.));
#8099 = ADVANCED_FACE('',(#8100),#8111,.F.);
#8100 = FACE_BOUND('',#8101,.F.);
#8101 = EDGE_LOOP('',(#8102,#8108,#8109,#8110));
#8102 = ORIENTED_EDGE('',*,*,#8103,.T.);
#8103 = EDGE_CURVE('',#7410,#8080,#8104,.T.);
#8104 = LINE('',#8105,#8106);
#8105 = CARTESIAN_POINT('',(4.8,-2.,1.8));
#8106 = VECTOR('',#8107,1.);
#8107 = DIRECTION('',(0.,0.,1.));
#8108 = ORIENTED_EDGE('',*,*,#8087,.T.);
#8109 = ORIENTED_EDGE('',*,*,#6660,.F.);
#8110 = ORIENTED_EDGE('',*,*,#7409,.F.);
#8111 = PLANE('',#8112);
#8112 = AXIS2_PLACEMENT_3D('',#8113,#8114,#8115);
#8113 = CARTESIAN_POINT('',(4.8,-2.,1.8));
#8114 = DIRECTION('',(1.,-1.224646799147E-16,0.));
#8115 = DIRECTION('',(-1.224646799147E-16,-1.,0.));
#8116 = ADVANCED_FACE('',(#8117),#8135,.F.);
#8117 = FACE_BOUND('',#8118,.F.);
#8118 = EDGE_LOOP('',(#8119,#8120,#8128,#8134));
#8119 = ORIENTED_EDGE('',*,*,#6644,.T.);
#8120 = ORIENTED_EDGE('',*,*,#8121,.T.);
#8121 = EDGE_CURVE('',#6637,#8122,#8124,.T.);
#8122 = VERTEX_POINT('',#8123);
#8123 = CARTESIAN_POINT('',(3.2,-2.,3.7));
#8124 = LINE('',#8125,#8126);
#8125 = CARTESIAN_POINT('',(3.2,-2.3,3.7));
#8126 = VECTOR('',#8127,1.);
#8127 = DIRECTION('',(1.224646799147E-16,1.,0.));
#8128 = ORIENTED_EDGE('',*,*,#8129,.F.);
#8129 = EDGE_CURVE('',#7395,#8122,#8130,.T.);
#8130 = LINE('',#8131,#8132);
#8131 = CARTESIAN_POINT('',(3.2,-2.,1.8));
#8132 = VECTOR('',#8133,1.);
#8133 = DIRECTION('',(0.,0.,1.));
#8134 = ORIENTED_EDGE('',*,*,#7402,.F.);
#8135 = PLANE('',#8136);
#8136 = AXIS2_PLACEMENT_3D('',#8137,#8138,#8139);
#8137 = CARTESIAN_POINT('',(3.2,-2.3,1.8));
#8138 = DIRECTION('',(-1.,1.224646799147E-16,0.));
#8139 = DIRECTION('',(1.224646799147E-16,1.,0.));
#8140 = ADVANCED_FACE('',(#8141),#8159,.T.);
#8141 = FACE_BOUND('',#8142,.T.);
#8142 = EDGE_LOOP('',(#8143,#8151,#8157,#8158));
#8143 = ORIENTED_EDGE('',*,*,#8144,.T.);
#8144 = EDGE_CURVE('',#8122,#8145,#8147,.T.);
#8145 = VERTEX_POINT('',#8146);
#8146 = CARTESIAN_POINT('',(2.8,-2.,3.7));
#8147 = LINE('',#8148,#8149);
#8148 = CARTESIAN_POINT('',(3.2,-2.,3.7));
#8149 = VECTOR('',#8150,1.);
#8150 = DIRECTION('',(-1.,1.224646799147E-16,0.));
#8151 = ORIENTED_EDGE('',*,*,#8152,.T.);
#8152 = EDGE_CURVE('',#8145,#6629,#8153,.T.);
#8153 = LINE('',#8154,#8155);
#8154 = CARTESIAN_POINT('',(2.8,-2.,3.7));
#8155 = VECTOR('',#8156,1.);
#8156 = DIRECTION('',(-1.224646799147E-16,-1.,0.));
#8157 = ORIENTED_EDGE('',*,*,#6636,.T.);
#8158 = ORIENTED_EDGE('',*,*,#8121,.T.);
#8159 = PLANE('',#8160);
#8160 = AXIS2_PLACEMENT_3D('',#8161,#8162,#8163);
#8161 = CARTESIAN_POINT('',(3.,-2.15,3.7));
#8162 = DIRECTION('',(0.,0.,1.));
#8163 = DIRECTION('',(-1.,1.224646799147E-16,0.));
#8164 = ADVANCED_FACE('',(#8165),#8176,.F.);
#8165 = FACE_BOUND('',#8166,.F.);
#8166 = EDGE_LOOP('',(#8167,#8173,#8174,#8175));
#8167 = ORIENTED_EDGE('',*,*,#8168,.T.);
#8168 = EDGE_CURVE('',#7387,#8145,#8169,.T.);
#8169 = LINE('',#8170,#8171);
#8170 = CARTESIAN_POINT('',(2.8,-2.,1.8));
#8171 = VECTOR('',#8172,1.);
#8172 = DIRECTION('',(0.,0.,1.));
#8173 = ORIENTED_EDGE('',*,*,#8152,.T.);
#8174 = ORIENTED_EDGE('',*,*,#6628,.F.);
#8175 = ORIENTED_EDGE('',*,*,#7386,.F.);
#8176 = PLANE('',#8177);
#8177 = AXIS2_PLACEMENT_3D('',#8178,#8179,#8180);
#8178 = CARTESIAN_POINT('',(2.8,-2.,1.8));
#8179 = DIRECTION('',(1.,-1.224646799147E-16,0.));
#8180 = DIRECTION('',(-1.224646799147E-16,-1.,0.));
#8181 = ADVANCED_FACE('',(#8182),#8200,.F.);
#8182 = FACE_BOUND('',#8183,.F.);
#8183 = EDGE_LOOP('',(#8184,#8185,#8193,#8199));
#8184 = ORIENTED_EDGE('',*,*,#6612,.T.);
#8185 = ORIENTED_EDGE('',*,*,#8186,.T.);
#8186 = EDGE_CURVE('',#6605,#8187,#8189,.T.);
#8187 = VERTEX_POINT('',#8188);
#8188 = CARTESIAN_POINT('',(1.2,-2.,3.7));
#8189 = LINE('',#8190,#8191);
#8190 = CARTESIAN_POINT('',(1.2,-2.3,3.7));
#8191 = VECTOR('',#8192,1.);
#8192 = DIRECTION('',(1.224646799147E-16,1.,0.));
#8193 = ORIENTED_EDGE('',*,*,#8194,.F.);
#8194 = EDGE_CURVE('',#7372,#8187,#8195,.T.);
#8195 = LINE('',#8196,#8197);
#8196 = CARTESIAN_POINT('',(1.2,-2.,1.8));
#8197 = VECTOR('',#8198,1.);
#8198 = DIRECTION('',(0.,0.,1.));
#8199 = ORIENTED_EDGE('',*,*,#7379,.F.);
#8200 = PLANE('',#8201);
#8201 = AXIS2_PLACEMENT_3D('',#8202,#8203,#8204);
#8202 = CARTESIAN_POINT('',(1.2,-2.3,1.8));
#8203 = DIRECTION('',(-1.,1.224646799147E-16,0.));
#8204 = DIRECTION('',(1.224646799147E-16,1.,0.));
#8205 = ADVANCED_FACE('',(#8206),#8224,.T.);
#8206 = FACE_BOUND('',#8207,.T.);
#8207 = EDGE_LOOP('',(#8208,#8216,#8222,#8223));
#8208 = ORIENTED_EDGE('',*,*,#8209,.T.);
#8209 = EDGE_CURVE('',#8187,#8210,#8212,.T.);
#8210 = VERTEX_POINT('',#8211);
#8211 = CARTESIAN_POINT('',(0.8,-2.,3.7));
#8212 = LINE('',#8213,#8214);
#8213 = CARTESIAN_POINT('',(1.2,-2.,3.7));
#8214 = VECTOR('',#8215,1.);
#8215 = DIRECTION('',(-1.,1.224646799147E-16,0.));
#8216 = ORIENTED_EDGE('',*,*,#8217,.T.);
#8217 = EDGE_CURVE('',#8210,#6597,#8218,.T.);
#8218 = LINE('',#8219,#8220);
#8219 = CARTESIAN_POINT('',(0.8,-2.,3.7));
#8220 = VECTOR('',#8221,1.);
#8221 = DIRECTION('',(-1.224646799147E-16,-1.,0.));
#8222 = ORIENTED_EDGE('',*,*,#6604,.T.);
#8223 = ORIENTED_EDGE('',*,*,#8186,.T.);
#8224 = PLANE('',#8225);
#8225 = AXIS2_PLACEMENT_3D('',#8226,#8227,#8228);
#8226 = CARTESIAN_POINT('',(1.,-2.15,3.7));
#8227 = DIRECTION('',(0.,0.,1.));
#8228 = DIRECTION('',(-1.,1.224646799147E-16,0.));
#8229 = ADVANCED_FACE('',(#8230),#8241,.F.);
#8230 = FACE_BOUND('',#8231,.F.);
#8231 = EDGE_LOOP('',(#8232,#8238,#8239,#8240));
#8232 = ORIENTED_EDGE('',*,*,#8233,.T.);
#8233 = EDGE_CURVE('',#7364,#8210,#8234,.T.);
#8234 = LINE('',#8235,#8236);
#8235 = CARTESIAN_POINT('',(0.8,-2.,1.8));
#8236 = VECTOR('',#8237,1.);
#8237 = DIRECTION('',(0.,0.,1.));
#8238 = ORIENTED_EDGE('',*,*,#8217,.T.);
#8239 = ORIENTED_EDGE('',*,*,#6596,.F.);
#8240 = ORIENTED_EDGE('',*,*,#7363,.F.);
#8241 = PLANE('',#8242);
#8242 = AXIS2_PLACEMENT_3D('',#8243,#8244,#8245);
#8243 = CARTESIAN_POINT('',(0.8,-2.,1.8));
#8244 = DIRECTION('',(1.,-1.224646799147E-16,0.));
#8245 = DIRECTION('',(-1.224646799147E-16,-1.,0.));
#8246 = ADVANCED_FACE('',(#8247),#8304,.F.);
#8247 = FACE_BOUND('',#8248,.F.);
#8248 = EDGE_LOOP('',(#8249,#8259,#8267,#8275,#8281,#8282,#8290,#8298));
#8249 = ORIENTED_EDGE('',*,*,#8250,.T.);
#8250 = EDGE_CURVE('',#8251,#8253,#8255,.T.);
#8251 = VERTEX_POINT('',#8252);
#8252 = CARTESIAN_POINT('',(0.25,0.281578947368,-3.2));
#8253 = VERTEX_POINT('',#8254);
#8254 = CARTESIAN_POINT('',(0.25,-0.218421052632,-3.2));
#8255 = LINE('',#8256,#8257);
#8256 = CARTESIAN_POINT('',(0.25,0.25,-3.2));
#8257 = VECTOR('',#8258,1.);
#8258 = DIRECTION('',(-1.224646799147E-16,-1.,0.));
#8259 = ORIENTED_EDGE('',*,*,#8260,.T.);
#8260 = EDGE_CURVE('',#8253,#8261,#8263,.T.);
#8261 = VERTEX_POINT('',#8262);
#8262 = CARTESIAN_POINT('',(0.25,5.E-02,-1.5));
#8263 = LINE('',#8264,#8265);
#8264 = CARTESIAN_POINT('',(0.25,-0.25,-3.4));
#8265 = VECTOR('',#8266,1.);
#8266 = DIRECTION('',(1.909990663905E-17,0.155962573473,0.987762965329)
  );
#8267 = ORIENTED_EDGE('',*,*,#8268,.T.);
#8268 = EDGE_CURVE('',#8261,#8269,#8271,.T.);
#8269 = VERTEX_POINT('',#8270);
#8270 = CARTESIAN_POINT('',(0.25,-0.25,-0.9));
#8271 = LINE('',#8272,#8273);
#8272 = CARTESIAN_POINT('',(0.25,5.E-02,-1.5));
#8273 = VECTOR('',#8274,1.);
#8274 = DIRECTION('',(-5.476786982641E-17,-0.4472135955,0.894427191));
#8275 = ORIENTED_EDGE('',*,*,#8276,.T.);
#8276 = EDGE_CURVE('',#8269,#6836,#8277,.T.);
#8277 = LINE('',#8278,#8279);
#8278 = CARTESIAN_POINT('',(0.25,-0.25,-0.9));
#8279 = VECTOR('',#8280,1.);
#8280 = DIRECTION('',(0.,0.,1.));
#8281 = ORIENTED_EDGE('',*,*,#6833,.F.);
#8282 = ORIENTED_EDGE('',*,*,#8283,.T.);
#8283 = EDGE_CURVE('',#6834,#8284,#8286,.T.);
#8284 = VERTEX_POINT('',#8285);
#8285 = CARTESIAN_POINT('',(0.25,0.25,-0.9));
#8286 = LINE('',#8287,#8288);
#8287 = CARTESIAN_POINT('',(0.25,0.25,5.));
#8288 = VECTOR('',#8289,1.);
#8289 = DIRECTION('',(-0.,0.,-1.));
#8290 = ORIENTED_EDGE('',*,*,#8291,.T.);
#8291 = EDGE_CURVE('',#8284,#8292,#8294,.T.);
#8292 = VERTEX_POINT('',#8293);
#8293 = CARTESIAN_POINT('',(0.25,0.55,-1.5));
#8294 = LINE('',#8295,#8296);
#8295 = CARTESIAN_POINT('',(0.25,0.25,-0.9));
#8296 = VECTOR('',#8297,1.);
#8297 = DIRECTION('',(5.476786982641E-17,0.4472135955,-0.894427191));
#8298 = ORIENTED_EDGE('',*,*,#8299,.T.);
#8299 = EDGE_CURVE('',#8292,#8251,#8300,.T.);
#8300 = LINE('',#8301,#8302);
#8301 = CARTESIAN_POINT('',(0.25,0.55,-1.5));
#8302 = VECTOR('',#8303,1.);
#8303 = DIRECTION('',(-1.909990663905E-17,-0.155962573473,
    -0.987762965329));
#8304 = PLANE('',#8305);
#8305 = AXIS2_PLACEMENT_3D('',#8306,#8307,#8308);
#8306 = CARTESIAN_POINT('',(0.25,4.326643272645E-02,0.775746953017));
#8307 = DIRECTION('',(-1.,1.224646799147E-16,0.));
#8308 = DIRECTION('',(0.,0.,1.));
#8309 = ADVANCED_FACE('',(#8310),#8328,.F.);
#8310 = FACE_BOUND('',#8311,.F.);
#8311 = EDGE_LOOP('',(#8312,#8313,#8314,#8322));
#8312 = ORIENTED_EDGE('',*,*,#8283,.F.);
#8313 = ORIENTED_EDGE('',*,*,#6859,.F.);
#8314 = ORIENTED_EDGE('',*,*,#8315,.T.);
#8315 = EDGE_CURVE('',#6852,#8316,#8318,.T.);
#8316 = VERTEX_POINT('',#8317);
#8317 = CARTESIAN_POINT('',(-0.25,0.25,-0.9));
#8318 = LINE('',#8319,#8320);
#8319 = CARTESIAN_POINT('',(-0.25,0.25,5.));
#8320 = VECTOR('',#8321,1.);
#8321 = DIRECTION('',(-0.,0.,-1.));
#8322 = ORIENTED_EDGE('',*,*,#8323,.F.);
#8323 = EDGE_CURVE('',#8284,#8316,#8324,.T.);
#8324 = LINE('',#8325,#8326);
#8325 = CARTESIAN_POINT('',(0.25,0.25,-0.9));
#8326 = VECTOR('',#8327,1.);
#8327 = DIRECTION('',(-1.,1.224646799147E-16,0.));
#8328 = PLANE('',#8329);
#8329 = AXIS2_PLACEMENT_3D('',#8330,#8331,#8332);
#8330 = CARTESIAN_POINT('',(0.25,0.25,5.));
#8331 = DIRECTION('',(-1.224646799147E-16,-1.,0.));
#8332 = DIRECTION('',(-0.,0.,-1.));
#8333 = ADVANCED_FACE('',(#8334),#8384,.T.);
#8334 = FACE_BOUND('',#8335,.T.);
#8335 = EDGE_LOOP('',(#8336,#8346,#8354,#8362,#8368,#8369,#8370,#8378));
#8336 = ORIENTED_EDGE('',*,*,#8337,.T.);
#8337 = EDGE_CURVE('',#8338,#8340,#8342,.T.);
#8338 = VERTEX_POINT('',#8339);
#8339 = CARTESIAN_POINT('',(-0.25,0.281578947368,-3.2));
#8340 = VERTEX_POINT('',#8341);
#8341 = CARTESIAN_POINT('',(-0.25,-0.218421052632,-3.2));
#8342 = LINE('',#8343,#8344);
#8343 = CARTESIAN_POINT('',(-0.25,0.25,-3.2));
#8344 = VECTOR('',#8345,1.);
#8345 = DIRECTION('',(-1.224646799147E-16,-1.,0.));
#8346 = ORIENTED_EDGE('',*,*,#8347,.T.);
#8347 = EDGE_CURVE('',#8340,#8348,#8350,.T.);
#8348 = VERTEX_POINT('',#8349);
#8349 = CARTESIAN_POINT('',(-0.25,5.E-02,-1.5));
#8350 = LINE('',#8351,#8352);
#8351 = CARTESIAN_POINT('',(-0.25,-0.25,-3.4));
#8352 = VECTOR('',#8353,1.);
#8353 = DIRECTION('',(1.909990663905E-17,0.155962573473,0.987762965329)
  );
#8354 = ORIENTED_EDGE('',*,*,#8355,.T.);
#8355 = EDGE_CURVE('',#8348,#8356,#8358,.T.);
#8356 = VERTEX_POINT('',#8357);
#8357 = CARTESIAN_POINT('',(-0.25,-0.25,-0.9));
#8358 = LINE('',#8359,#8360);
#8359 = CARTESIAN_POINT('',(-0.25,5.E-02,-1.5));
#8360 = VECTOR('',#8361,1.);
#8361 = DIRECTION('',(-5.476786982641E-17,-0.4472135955,0.894427191));
#8362 = ORIENTED_EDGE('',*,*,#8363,.T.);
#8363 = EDGE_CURVE('',#8356,#6844,#8364,.T.);
#8364 = LINE('',#8365,#8366);
#8365 = CARTESIAN_POINT('',(-0.25,-0.25,-0.9));
#8366 = VECTOR('',#8367,1.);
#8367 = DIRECTION('',(0.,0.,1.));
#8368 = ORIENTED_EDGE('',*,*,#6851,.F.);
#8369 = ORIENTED_EDGE('',*,*,#8315,.T.);
#8370 = ORIENTED_EDGE('',*,*,#8371,.T.);
#8371 = EDGE_CURVE('',#8316,#8372,#8374,.T.);
#8372 = VERTEX_POINT('',#8373);
#8373 = CARTESIAN_POINT('',(-0.25,0.55,-1.5));
#8374 = LINE('',#8375,#8376);
#8375 = CARTESIAN_POINT('',(-0.25,0.25,-0.9));
#8376 = VECTOR('',#8377,1.);
#8377 = DIRECTION('',(5.476786982641E-17,0.4472135955,-0.894427191));
#8378 = ORIENTED_EDGE('',*,*,#8379,.T.);
#8379 = EDGE_CURVE('',#8372,#8338,#8380,.T.);
#8380 = LINE('',#8381,#8382);
#8381 = CARTESIAN_POINT('',(-0.25,0.55,-1.5));
#8382 = VECTOR('',#8383,1.);
#8383 = DIRECTION('',(-1.909990663905E-17,-0.155962573473,
    -0.987762965329));
#8384 = PLANE('',#8385);
#8385 = AXIS2_PLACEMENT_3D('',#8386,#8387,#8388);
#8386 = CARTESIAN_POINT('',(-0.25,4.326643272645E-02,0.775746953017));
#8387 = DIRECTION('',(-1.,1.224646799147E-16,0.));
#8388 = DIRECTION('',(0.,0.,1.));
#8389 = ADVANCED_FACE('',(#8390),#8401,.F.);
#8390 = FACE_BOUND('',#8391,.F.);
#8391 = EDGE_LOOP('',(#8392,#8393,#8399,#8400));
#8392 = ORIENTED_EDGE('',*,*,#8276,.F.);
#8393 = ORIENTED_EDGE('',*,*,#8394,.T.);
#8394 = EDGE_CURVE('',#8269,#8356,#8395,.T.);
#8395 = LINE('',#8396,#8397);
#8396 = CARTESIAN_POINT('',(0.25,-0.25,-0.9));
#8397 = VECTOR('',#8398,1.);
#8398 = DIRECTION('',(-1.,1.224646799147E-16,0.));
#8399 = ORIENTED_EDGE('',*,*,#8363,.T.);
#8400 = ORIENTED_EDGE('',*,*,#6843,.F.);
#8401 = PLANE('',#8402);
#8402 = AXIS2_PLACEMENT_3D('',#8403,#8404,#8405);
#8403 = CARTESIAN_POINT('',(0.25,-0.25,-0.9));
#8404 = DIRECTION('',(1.224646799147E-16,1.,0.));
#8405 = DIRECTION('',(0.,-0.,1.));
#8406 = ADVANCED_FACE('',(#8407),#8432,.T.);
#8407 = FACE_BOUND('',#8408,.T.);
#8408 = EDGE_LOOP('',(#8409,#8419,#8425,#8426));
#8409 = ORIENTED_EDGE('',*,*,#8410,.T.);
#8410 = EDGE_CURVE('',#8411,#8413,#8415,.T.);
#8411 = VERTEX_POINT('',#8412);
#8412 = CARTESIAN_POINT('',(1.75,0.25,-3.2));
#8413 = VERTEX_POINT('',#8414);
#8414 = CARTESIAN_POINT('',(1.75,-0.25,-3.2));
#8415 = LINE('',#8416,#8417);
#8416 = CARTESIAN_POINT('',(1.75,0.25,-3.2));
#8417 = VECTOR('',#8418,1.);
#8418 = DIRECTION('',(-1.224646799147E-16,-1.,0.));
#8419 = ORIENTED_EDGE('',*,*,#8420,.T.);
#8420 = EDGE_CURVE('',#8413,#6882,#8421,.T.);
#8421 = LINE('',#8422,#8423);
#8422 = CARTESIAN_POINT('',(1.75,-0.25,-3.4));
#8423 = VECTOR('',#8424,1.);
#8424 = DIRECTION('',(0.,0.,1.));
#8425 = ORIENTED_EDGE('',*,*,#6879,.F.);
#8426 = ORIENTED_EDGE('',*,*,#8427,.T.);
#8427 = EDGE_CURVE('',#6880,#8411,#8428,.T.);
#8428 = LINE('',#8429,#8430);
#8429 = CARTESIAN_POINT('',(1.75,0.25,5.));
#8430 = VECTOR('',#8431,1.);
#8431 = DIRECTION('',(-0.,0.,-1.));
#8432 = PLANE('',#8433);
#8433 = AXIS2_PLACEMENT_3D('',#8434,#8435,#8436);
#8434 = CARTESIAN_POINT('',(1.75,6.429395695524E-16,0.8));
#8435 = DIRECTION('',(-1.,1.224646799147E-16,0.));
#8436 = DIRECTION('',(0.,0.,1.));
#8437 = ADVANCED_FACE('',(#8438),#8456,.F.);
#8438 = FACE_BOUND('',#8439,.F.);
#8439 = EDGE_LOOP('',(#8440,#8448,#8454,#8455));
#8440 = ORIENTED_EDGE('',*,*,#8441,.F.);
#8441 = EDGE_CURVE('',#8442,#6898,#8444,.T.);
#8442 = VERTEX_POINT('',#8443);
#8443 = CARTESIAN_POINT('',(2.25,-0.25,-3.2));
#8444 = LINE('',#8445,#8446);
#8445 = CARTESIAN_POINT('',(2.25,-0.25,-3.4));
#8446 = VECTOR('',#8447,1.);
#8447 = DIRECTION('',(0.,0.,1.));
#8448 = ORIENTED_EDGE('',*,*,#8449,.T.);
#8449 = EDGE_CURVE('',#8442,#8413,#8450,.T.);
#8450 = LINE('',#8451,#8452);
#8451 = CARTESIAN_POINT('',(2.25,-0.25,-3.2));
#8452 = VECTOR('',#8453,1.);
#8453 = DIRECTION('',(-1.,1.224646799147E-16,0.));
#8454 = ORIENTED_EDGE('',*,*,#8420,.T.);
#8455 = ORIENTED_EDGE('',*,*,#6905,.F.);
#8456 = PLANE('',#8457);
#8457 = AXIS2_PLACEMENT_3D('',#8458,#8459,#8460);
#8458 = CARTESIAN_POINT('',(2.25,-0.25,-3.4));
#8459 = DIRECTION('',(1.224646799147E-16,1.,0.));
#8460 = DIRECTION('',(0.,-0.,1.));
#8461 = ADVANCED_FACE('',(#8462),#8480,.F.);
#8462 = FACE_BOUND('',#8463,.F.);
#8463 = EDGE_LOOP('',(#8464,#8472,#8473,#8474));
#8464 = ORIENTED_EDGE('',*,*,#8465,.T.);
#8465 = EDGE_CURVE('',#8466,#8442,#8468,.T.);
#8466 = VERTEX_POINT('',#8467);
#8467 = CARTESIAN_POINT('',(2.25,0.25,-3.2));
#8468 = LINE('',#8469,#8470);
#8469 = CARTESIAN_POINT('',(2.25,0.25,-3.2));
#8470 = VECTOR('',#8471,1.);
#8471 = DIRECTION('',(-1.224646799147E-16,-1.,0.));
#8472 = ORIENTED_EDGE('',*,*,#8441,.T.);
#8473 = ORIENTED_EDGE('',*,*,#6897,.F.);
#8474 = ORIENTED_EDGE('',*,*,#8475,.T.);
#8475 = EDGE_CURVE('',#6890,#8466,#8476,.T.);
#8476 = LINE('',#8477,#8478);
#8477 = CARTESIAN_POINT('',(2.25,0.25,5.));
#8478 = VECTOR('',#8479,1.);
#8479 = DIRECTION('',(-0.,0.,-1.));
#8480 = PLANE('',#8481);
#8481 = AXIS2_PLACEMENT_3D('',#8482,#8483,#8484);
#8482 = CARTESIAN_POINT('',(2.25,5.81707229595E-16,0.8));
#8483 = DIRECTION('',(-1.,1.224646799147E-16,0.));
#8484 = DIRECTION('',(0.,0.,1.));
#8485 = ADVANCED_FACE('',(#8486),#8497,.F.);
#8486 = FACE_BOUND('',#8487,.F.);
#8487 = EDGE_LOOP('',(#8488,#8489,#8490,#8491));
#8488 = ORIENTED_EDGE('',*,*,#8475,.F.);
#8489 = ORIENTED_EDGE('',*,*,#6889,.F.);
#8490 = ORIENTED_EDGE('',*,*,#8427,.T.);
#8491 = ORIENTED_EDGE('',*,*,#8492,.F.);
#8492 = EDGE_CURVE('',#8466,#8411,#8493,.T.);
#8493 = LINE('',#8494,#8495);
#8494 = CARTESIAN_POINT('',(2.25,0.25,-3.2));
#8495 = VECTOR('',#8496,1.);
#8496 = DIRECTION('',(-1.,1.224646799147E-16,0.));
#8497 = PLANE('',#8498);
#8498 = AXIS2_PLACEMENT_3D('',#8499,#8500,#8501);
#8499 = CARTESIAN_POINT('',(2.25,0.25,5.));
#8500 = DIRECTION('',(-1.224646799147E-16,-1.,0.));
#8501 = DIRECTION('',(-0.,0.,-1.));
#8502 = ADVANCED_FACE('',(#8503),#8528,.F.);
#8503 = FACE_BOUND('',#8504,.F.);
#8504 = EDGE_LOOP('',(#8505,#8515,#8521,#8522));
#8505 = ORIENTED_EDGE('',*,*,#8506,.T.);
#8506 = EDGE_CURVE('',#8507,#8509,#8511,.T.);
#8507 = VERTEX_POINT('',#8508);
#8508 = CARTESIAN_POINT('',(4.25,0.25,-3.2));
#8509 = VERTEX_POINT('',#8510);
#8510 = CARTESIAN_POINT('',(4.25,-0.25,-3.2));
#8511 = LINE('',#8512,#8513);
#8512 = CARTESIAN_POINT('',(4.25,0.25,-3.2));
#8513 = VECTOR('',#8514,1.);
#8514 = DIRECTION('',(-1.224646799147E-16,-1.,0.));
#8515 = ORIENTED_EDGE('',*,*,#8516,.T.);
#8516 = EDGE_CURVE('',#8509,#6928,#8517,.T.);
#8517 = LINE('',#8518,#8519);
#8518 = CARTESIAN_POINT('',(4.25,-0.25,-3.4));
#8519 = VECTOR('',#8520,1.);
#8520 = DIRECTION('',(0.,0.,1.));
#8521 = ORIENTED_EDGE('',*,*,#6925,.F.);
#8522 = ORIENTED_EDGE('',*,*,#8523,.T.);
#8523 = EDGE_CURVE('',#6926,#8507,#8524,.T.);
#8524 = LINE('',#8525,#8526);
#8525 = CARTESIAN_POINT('',(4.25,0.25,5.));
#8526 = VECTOR('',#8527,1.);
#8527 = DIRECTION('',(-0.,0.,-1.));
#8528 = PLANE('',#8529);
#8529 = AXIS2_PLACEMENT_3D('',#8530,#8531,#8532);
#8530 = CARTESIAN_POINT('',(4.25,3.367778697655E-16,0.8));
#8531 = DIRECTION('',(-1.,1.224646799147E-16,0.));
#8532 = DIRECTION('',(0.,0.,1.));
#8533 = ADVANCED_FACE('',(#8534),#8552,.F.);
#8534 = FACE_BOUND('',#8535,.F.);
#8535 = EDGE_LOOP('',(#8536,#8537,#8538,#8546));
#8536 = ORIENTED_EDGE('',*,*,#8523,.F.);
#8537 = ORIENTED_EDGE('',*,*,#6951,.F.);
#8538 = ORIENTED_EDGE('',*,*,#8539,.T.);
#8539 = EDGE_CURVE('',#6944,#8540,#8542,.T.);
#8540 = VERTEX_POINT('',#8541);
#8541 = CARTESIAN_POINT('',(3.75,0.25,-3.2));
#8542 = LINE('',#8543,#8544);
#8543 = CARTESIAN_POINT('',(3.75,0.25,5.));
#8544 = VECTOR('',#8545,1.);
#8545 = DIRECTION('',(-0.,0.,-1.));
#8546 = ORIENTED_EDGE('',*,*,#8547,.F.);
#8547 = EDGE_CURVE('',#8507,#8540,#8548,.T.);
#8548 = LINE('',#8549,#8550);
#8549 = CARTESIAN_POINT('',(4.25,0.25,-3.2));
#8550 = VECTOR('',#8551,1.);
#8551 = DIRECTION('',(-1.,1.224646799147E-16,0.));
#8552 = PLANE('',#8553);
#8553 = AXIS2_PLACEMENT_3D('',#8554,#8555,#8556);
#8554 = CARTESIAN_POINT('',(4.25,0.25,5.));
#8555 = DIRECTION('',(-1.224646799147E-16,-1.,0.));
#8556 = DIRECTION('',(-0.,0.,-1.));
#8557 = ADVANCED_FACE('',(#8558),#8576,.T.);
#8558 = FACE_BOUND('',#8559,.T.);
#8559 = EDGE_LOOP('',(#8560,#8568,#8574,#8575));
#8560 = ORIENTED_EDGE('',*,*,#8561,.T.);
#8561 = EDGE_CURVE('',#8540,#8562,#8564,.T.);
#8562 = VERTEX_POINT('',#8563);
#8563 = CARTESIAN_POINT('',(3.75,-0.25,-3.2));
#8564 = LINE('',#8565,#8566);
#8565 = CARTESIAN_POINT('',(3.75,0.25,-3.2));
#8566 = VECTOR('',#8567,1.);
#8567 = DIRECTION('',(-1.224646799147E-16,-1.,0.));
#8568 = ORIENTED_EDGE('',*,*,#8569,.T.);
#8569 = EDGE_CURVE('',#8562,#6936,#8570,.T.);
#8570 = LINE('',#8571,#8572);
#8571 = CARTESIAN_POINT('',(3.75,-0.25,-3.4));
#8572 = VECTOR('',#8573,1.);
#8573 = DIRECTION('',(0.,0.,1.));
#8574 = ORIENTED_EDGE('',*,*,#6943,.F.);
#8575 = ORIENTED_EDGE('',*,*,#8539,.T.);
#8576 = PLANE('',#8577);
#8577 = AXIS2_PLACEMENT_3D('',#8578,#8579,#8580);
#8578 = CARTESIAN_POINT('',(3.75,3.980102097229E-16,0.8));
#8579 = DIRECTION('',(-1.,1.224646799147E-16,0.));
#8580 = DIRECTION('',(0.,0.,1.));
#8581 = ADVANCED_FACE('',(#8582),#8593,.F.);
#8582 = FACE_BOUND('',#8583,.F.);
#8583 = EDGE_LOOP('',(#8584,#8585,#8591,#8592));
#8584 = ORIENTED_EDGE('',*,*,#8516,.F.);
#8585 = ORIENTED_EDGE('',*,*,#8586,.T.);
#8586 = EDGE_CURVE('',#8509,#8562,#8587,.T.);
#8587 = LINE('',#8588,#8589);
#8588 = CARTESIAN_POINT('',(4.25,-0.25,-3.2));
#8589 = VECTOR('',#8590,1.);
#8590 = DIRECTION('',(-1.,1.224646799147E-16,0.));
#8591 = ORIENTED_EDGE('',*,*,#8569,.T.);
#8592 = ORIENTED_EDGE('',*,*,#6935,.F.);
#8593 = PLANE('',#8594);
#8594 = AXIS2_PLACEMENT_3D('',#8595,#8596,#8597);
#8595 = CARTESIAN_POINT('',(4.25,-0.25,-3.4));
#8596 = DIRECTION('',(1.224646799147E-16,1.,0.));
#8597 = DIRECTION('',(0.,-0.,1.));
#8598 = ADVANCED_FACE('',(#8599),#8624,.T.);
#8599 = FACE_BOUND('',#8600,.T.);
#8600 = EDGE_LOOP('',(#8601,#8611,#8617,#8618));
#8601 = ORIENTED_EDGE('',*,*,#8602,.T.);
#8602 = EDGE_CURVE('',#8603,#8605,#8607,.T.);
#8603 = VERTEX_POINT('',#8604);
#8604 = CARTESIAN_POINT('',(5.75,0.25,-3.2));
#8605 = VERTEX_POINT('',#8606);
#8606 = CARTESIAN_POINT('',(5.75,-0.25,-3.2));
#8607 = LINE('',#8608,#8609);
#8608 = CARTESIAN_POINT('',(5.75,0.25,-3.2));
#8609 = VECTOR('',#8610,1.);
#8610 = DIRECTION('',(-1.224646799147E-16,-1.,0.));
#8611 = ORIENTED_EDGE('',*,*,#8612,.T.);
#8612 = EDGE_CURVE('',#8605,#6974,#8613,.T.);
#8613 = LINE('',#8614,#8615);
#8614 = CARTESIAN_POINT('',(5.75,-0.25,-3.4));
#8615 = VECTOR('',#8616,1.);
#8616 = DIRECTION('',(0.,0.,1.));
#8617 = ORIENTED_EDGE('',*,*,#6971,.F.);
#8618 = ORIENTED_EDGE('',*,*,#8619,.T.);
#8619 = EDGE_CURVE('',#6972,#8603,#8620,.T.);
#8620 = LINE('',#8621,#8622);
#8621 = CARTESIAN_POINT('',(5.75,0.25,5.));
#8622 = VECTOR('',#8623,1.);
#8623 = DIRECTION('',(-0.,0.,-1.));
#8624 = PLANE('',#8625);
#8625 = AXIS2_PLACEMENT_3D('',#8626,#8627,#8628);
#8626 = CARTESIAN_POINT('',(5.75,1.530808498934E-16,0.8));
#8627 = DIRECTION('',(-1.,1.224646799147E-16,0.));
#8628 = DIRECTION('',(0.,0.,1.));
#8629 = ADVANCED_FACE('',(#8630),#8648,.F.);
#8630 = FACE_BOUND('',#8631,.F.);
#8631 = EDGE_LOOP('',(#8632,#8640,#8646,#8647));
#8632 = ORIENTED_EDGE('',*,*,#8633,.F.);
#8633 = EDGE_CURVE('',#8634,#6990,#8636,.T.);
#8634 = VERTEX_POINT('',#8635);
#8635 = CARTESIAN_POINT('',(6.25,-0.25,-3.2));
#8636 = LINE('',#8637,#8638);
#8637 = CARTESIAN_POINT('',(6.25,-0.25,-3.4));
#8638 = VECTOR('',#8639,1.);
#8639 = DIRECTION('',(0.,0.,1.));
#8640 = ORIENTED_EDGE('',*,*,#8641,.T.);
#8641 = EDGE_CURVE('',#8634,#8605,#8642,.T.);
#8642 = LINE('',#8643,#8644);
#8643 = CARTESIAN_POINT('',(6.25,-0.25,-3.2));
#8644 = VECTOR('',#8645,1.);
#8645 = DIRECTION('',(-1.,1.224646799147E-16,0.));
#8646 = ORIENTED_EDGE('',*,*,#8612,.T.);
#8647 = ORIENTED_EDGE('',*,*,#6997,.F.);
#8648 = PLANE('',#8649);
#8649 = AXIS2_PLACEMENT_3D('',#8650,#8651,#8652);
#8650 = CARTESIAN_POINT('',(6.25,-0.25,-3.4));
#8651 = DIRECTION('',(1.224646799147E-16,1.,0.));
#8652 = DIRECTION('',(0.,-0.,1.));
#8653 = ADVANCED_FACE('',(#8654),#8672,.F.);
#8654 = FACE_BOUND('',#8655,.F.);
#8655 = EDGE_LOOP('',(#8656,#8664,#8665,#8666));
#8656 = ORIENTED_EDGE('',*,*,#8657,.T.);
#8657 = EDGE_CURVE('',#8658,#8634,#8660,.T.);
#8658 = VERTEX_POINT('',#8659);
#8659 = CARTESIAN_POINT('',(6.25,0.25,-3.2));
#8660 = LINE('',#8661,#8662);
#8661 = CARTESIAN_POINT('',(6.25,0.25,-3.2));
#8662 = VECTOR('',#8663,1.);
#8663 = DIRECTION('',(-1.224646799147E-16,-1.,0.));
#8664 = ORIENTED_EDGE('',*,*,#8633,.T.);
#8665 = ORIENTED_EDGE('',*,*,#6989,.F.);
#8666 = ORIENTED_EDGE('',*,*,#8667,.T.);
#8667 = EDGE_CURVE('',#6982,#8658,#8668,.T.);
#8668 = LINE('',#8669,#8670);
#8669 = CARTESIAN_POINT('',(6.25,0.25,5.));
#8670 = VECTOR('',#8671,1.);
#8671 = DIRECTION('',(-0.,0.,-1.));
#8672 = PLANE('',#8673);
#8673 = AXIS2_PLACEMENT_3D('',#8674,#8675,#8676);
#8674 = CARTESIAN_POINT('',(6.25,9.184850993605E-17,0.8));
#8675 = DIRECTION('',(-1.,1.224646799147E-16,0.));
#8676 = DIRECTION('',(0.,0.,1.));
#8677 = ADVANCED_FACE('',(#8678),#8689,.F.);
#8678 = FACE_BOUND('',#8679,.F.);
#8679 = EDGE_LOOP('',(#8680,#8681,#8682,#8683));
#8680 = ORIENTED_EDGE('',*,*,#8667,.F.);
#8681 = ORIENTED_EDGE('',*,*,#6981,.F.);
#8682 = ORIENTED_EDGE('',*,*,#8619,.T.);
#8683 = ORIENTED_EDGE('',*,*,#8684,.F.);
#8684 = EDGE_CURVE('',#8658,#8603,#8685,.T.);
#8685 = LINE('',#8686,#8687);
#8686 = CARTESIAN_POINT('',(6.25,0.25,-3.2));
#8687 = VECTOR('',#8688,1.);
#8688 = DIRECTION('',(-1.,1.224646799147E-16,0.));
#8689 = PLANE('',#8690);
#8690 = AXIS2_PLACEMENT_3D('',#8691,#8692,#8693);
#8691 = CARTESIAN_POINT('',(6.25,0.25,5.));
#8692 = DIRECTION('',(-1.224646799147E-16,-1.,0.));
#8693 = DIRECTION('',(-0.,0.,-1.));
#8694 = ADVANCED_FACE('',(#8695),#8720,.T.);
#8695 = FACE_BOUND('',#8696,.T.);
#8696 = EDGE_LOOP('',(#8697,#8707,#8713,#8714));
#8697 = ORIENTED_EDGE('',*,*,#8698,.T.);
#8698 = EDGE_CURVE('',#8699,#8701,#8703,.T.);
#8699 = VERTEX_POINT('',#8700);
#8700 = CARTESIAN_POINT('',(7.75,0.25,-3.2));
#8701 = VERTEX_POINT('',#8702);
#8702 = CARTESIAN_POINT('',(7.75,-0.25,-3.2));
#8703 = LINE('',#8704,#8705);
#8704 = CARTESIAN_POINT('',(7.75,0.25,-3.2));
#8705 = VECTOR('',#8706,1.);
#8706 = DIRECTION('',(-1.224646799147E-16,-1.,0.));
#8707 = ORIENTED_EDGE('',*,*,#8708,.T.);
#8708 = EDGE_CURVE('',#8701,#7020,#8709,.T.);
#8709 = LINE('',#8710,#8711);
#8710 = CARTESIAN_POINT('',(7.75,-0.25,-3.4));
#8711 = VECTOR('',#8712,1.);
#8712 = DIRECTION('',(0.,0.,1.));
#8713 = ORIENTED_EDGE('',*,*,#7017,.F.);
#8714 = ORIENTED_EDGE('',*,*,#8715,.T.);
#8715 = EDGE_CURVE('',#7018,#8699,#8716,.T.);
#8716 = LINE('',#8717,#8718);
#8717 = CARTESIAN_POINT('',(7.75,0.25,5.));
#8718 = VECTOR('',#8719,1.);
#8719 = DIRECTION('',(-0.,0.,-1.));
#8720 = PLANE('',#8721);
#8721 = AXIS2_PLACEMENT_3D('',#8722,#8723,#8724);
#8722 = CARTESIAN_POINT('',(7.75,-9.184850993605E-17,0.8));
#8723 = DIRECTION('',(-1.,1.224646799147E-16,0.));
#8724 = DIRECTION('',(0.,0.,1.));
#8725 = ADVANCED_FACE('',(#8726),#8744,.F.);
#8726 = FACE_BOUND('',#8727,.F.);
#8727 = EDGE_LOOP('',(#8728,#8736,#8742,#8743));
#8728 = ORIENTED_EDGE('',*,*,#8729,.F.);
#8729 = EDGE_CURVE('',#8730,#7036,#8732,.T.);
#8730 = VERTEX_POINT('',#8731);
#8731 = CARTESIAN_POINT('',(8.25,-0.25,-3.2));
#8732 = LINE('',#8733,#8734);
#8733 = CARTESIAN_POINT('',(8.25,-0.25,-3.4));
#8734 = VECTOR('',#8735,1.);
#8735 = DIRECTION('',(0.,0.,1.));
#8736 = ORIENTED_EDGE('',*,*,#8737,.T.);
#8737 = EDGE_CURVE('',#8730,#8701,#8738,.T.);
#8738 = LINE('',#8739,#8740);
#8739 = CARTESIAN_POINT('',(8.25,-0.25,-3.2));
#8740 = VECTOR('',#8741,1.);
#8741 = DIRECTION('',(-1.,1.224646799147E-16,0.));
#8742 = ORIENTED_EDGE('',*,*,#8708,.T.);
#8743 = ORIENTED_EDGE('',*,*,#7043,.F.);
#8744 = PLANE('',#8745);
#8745 = AXIS2_PLACEMENT_3D('',#8746,#8747,#8748);
#8746 = CARTESIAN_POINT('',(8.25,-0.25,-3.4));
#8747 = DIRECTION('',(1.224646799147E-16,1.,0.));
#8748 = DIRECTION('',(0.,-0.,1.));
#8749 = ADVANCED_FACE('',(#8750),#8768,.F.);
#8750 = FACE_BOUND('',#8751,.F.);
#8751 = EDGE_LOOP('',(#8752,#8760,#8761,#8762));
#8752 = ORIENTED_EDGE('',*,*,#8753,.T.);
#8753 = EDGE_CURVE('',#8754,#8730,#8756,.T.);
#8754 = VERTEX_POINT('',#8755);
#8755 = CARTESIAN_POINT('',(8.25,0.25,-3.2));
#8756 = LINE('',#8757,#8758);
#8757 = CARTESIAN_POINT('',(8.25,0.25,-3.2));
#8758 = VECTOR('',#8759,1.);
#8759 = DIRECTION('',(-1.224646799147E-16,-1.,0.));
#8760 = ORIENTED_EDGE('',*,*,#8729,.T.);
#8761 = ORIENTED_EDGE('',*,*,#7035,.F.);
#8762 = ORIENTED_EDGE('',*,*,#8763,.T.);
#8763 = EDGE_CURVE('',#7028,#8754,#8764,.T.);
#8764 = LINE('',#8765,#8766);
#8765 = CARTESIAN_POINT('',(8.25,0.25,5.));
#8766 = VECTOR('',#8767,1.);
#8767 = DIRECTION('',(-0.,0.,-1.));
#8768 = PLANE('',#8769);
#8769 = AXIS2_PLACEMENT_3D('',#8770,#8771,#8772);
#8770 = CARTESIAN_POINT('',(8.25,-1.530808498934E-16,0.8));
#8771 = DIRECTION('',(-1.,1.224646799147E-16,0.));
#8772 = DIRECTION('',(0.,0.,1.));
#8773 = ADVANCED_FACE('',(#8774),#8785,.F.);
#8774 = FACE_BOUND('',#8775,.F.);
#8775 = EDGE_LOOP('',(#8776,#8777,#8778,#8779));
#8776 = ORIENTED_EDGE('',*,*,#8763,.F.);
#8777 = ORIENTED_EDGE('',*,*,#7027,.F.);
#8778 = ORIENTED_EDGE('',*,*,#8715,.T.);
#8779 = ORIENTED_EDGE('',*,*,#8780,.F.);
#8780 = EDGE_CURVE('',#8754,#8699,#8781,.T.);
#8781 = LINE('',#8782,#8783);
#8782 = CARTESIAN_POINT('',(8.25,0.25,-3.2));
#8783 = VECTOR('',#8784,1.);
#8784 = DIRECTION('',(-1.,1.224646799147E-16,0.));
#8785 = PLANE('',#8786);
#8786 = AXIS2_PLACEMENT_3D('',#8787,#8788,#8789);
#8787 = CARTESIAN_POINT('',(8.25,0.25,5.));
#8788 = DIRECTION('',(-1.224646799147E-16,-1.,0.));
#8789 = DIRECTION('',(-0.,0.,-1.));
#8790 = ADVANCED_FACE('',(#8791),#8816,.F.);
#8791 = FACE_BOUND('',#8792,.F.);
#8792 = EDGE_LOOP('',(#8793,#8801,#8802,#8810));
#8793 = ORIENTED_EDGE('',*,*,#8794,.F.);
#8794 = EDGE_CURVE('',#7066,#8795,#8797,.T.);
#8795 = VERTEX_POINT('',#8796);
#8796 = CARTESIAN_POINT('',(10.25,0.25,-3.2));
#8797 = LINE('',#8798,#8799);
#8798 = CARTESIAN_POINT('',(10.25,0.25,5.));
#8799 = VECTOR('',#8800,1.);
#8800 = DIRECTION('',(-0.,0.,-1.));
#8801 = ORIENTED_EDGE('',*,*,#7063,.F.);
#8802 = ORIENTED_EDGE('',*,*,#8803,.T.);
#8803 = EDGE_CURVE('',#7064,#8804,#8806,.T.);
#8804 = VERTEX_POINT('',#8805);
#8805 = CARTESIAN_POINT('',(9.75,0.25,-3.2));
#8806 = LINE('',#8807,#8808);
#8807 = CARTESIAN_POINT('',(9.75,0.25,5.));
#8808 = VECTOR('',#8809,1.);
#8809 = DIRECTION('',(-0.,0.,-1.));
#8810 = ORIENTED_EDGE('',*,*,#8811,.F.);
#8811 = EDGE_CURVE('',#8795,#8804,#8812,.T.);
#8812 = LINE('',#8813,#8814);
#8813 = CARTESIAN_POINT('',(10.25,0.25,-3.2));
#8814 = VECTOR('',#8815,1.);
#8815 = DIRECTION('',(-1.,1.224646799147E-16,0.));
#8816 = PLANE('',#8817);
#8817 = AXIS2_PLACEMENT_3D('',#8818,#8819,#8820);
#8818 = CARTESIAN_POINT('',(10.25,0.25,5.));
#8819 = DIRECTION('',(-1.224646799147E-16,-1.,0.));
#8820 = DIRECTION('',(-0.,0.,-1.));
#8821 = ADVANCED_FACE('',(#8822),#8840,.T.);
#8822 = FACE_BOUND('',#8823,.T.);
#8823 = EDGE_LOOP('',(#8824,#8832,#8838,#8839));
#8824 = ORIENTED_EDGE('',*,*,#8825,.T.);
#8825 = EDGE_CURVE('',#8804,#8826,#8828,.T.);
#8826 = VERTEX_POINT('',#8827);
#8827 = CARTESIAN_POINT('',(9.75,-0.25,-3.2));
#8828 = LINE('',#8829,#8830);
#8829 = CARTESIAN_POINT('',(9.75,0.25,-3.2));
#8830 = VECTOR('',#8831,1.);
#8831 = DIRECTION('',(-1.224646799147E-16,-1.,0.));
#8832 = ORIENTED_EDGE('',*,*,#8833,.T.);
#8833 = EDGE_CURVE('',#8826,#7082,#8834,.T.);
#8834 = LINE('',#8835,#8836);
#8835 = CARTESIAN_POINT('',(9.75,-0.25,-3.4));
#8836 = VECTOR('',#8837,1.);
#8837 = DIRECTION('',(0.,0.,1.));
#8838 = ORIENTED_EDGE('',*,*,#7089,.F.);
#8839 = ORIENTED_EDGE('',*,*,#8803,.T.);
#8840 = PLANE('',#8841);
#8841 = AXIS2_PLACEMENT_3D('',#8842,#8843,#8844);
#8842 = CARTESIAN_POINT('',(9.75,-3.367778697655E-16,0.8));
#8843 = DIRECTION('',(-1.,1.224646799147E-16,0.));
#8844 = DIRECTION('',(0.,0.,1.));
#8845 = ADVANCED_FACE('',(#8846),#8864,.F.);
#8846 = FACE_BOUND('',#8847,.F.);
#8847 = EDGE_LOOP('',(#8848,#8856,#8862,#8863));
#8848 = ORIENTED_EDGE('',*,*,#8849,.F.);
#8849 = EDGE_CURVE('',#8850,#7074,#8852,.T.);
#8850 = VERTEX_POINT('',#8851);
#8851 = CARTESIAN_POINT('',(10.25,-0.25,-3.2));
#8852 = LINE('',#8853,#8854);
#8853 = CARTESIAN_POINT('',(10.25,-0.25,-3.4));
#8854 = VECTOR('',#8855,1.);
#8855 = DIRECTION('',(0.,0.,1.));
#8856 = ORIENTED_EDGE('',*,*,#8857,.T.);
#8857 = EDGE_CURVE('',#8850,#8826,#8858,.T.);
#8858 = LINE('',#8859,#8860);
#8859 = CARTESIAN_POINT('',(10.25,-0.25,-3.2));
#8860 = VECTOR('',#8861,1.);
#8861 = DIRECTION('',(-1.,1.224646799147E-16,0.));
#8862 = ORIENTED_EDGE('',*,*,#8833,.T.);
#8863 = ORIENTED_EDGE('',*,*,#7081,.F.);
#8864 = PLANE('',#8865);
#8865 = AXIS2_PLACEMENT_3D('',#8866,#8867,#8868);
#8866 = CARTESIAN_POINT('',(10.25,-0.25,-3.4));
#8867 = DIRECTION('',(1.224646799147E-16,1.,0.));
#8868 = DIRECTION('',(0.,-0.,1.));
#8869 = ADVANCED_FACE('',(#8870),#8881,.F.);
#8870 = FACE_BOUND('',#8871,.F.);
#8871 = EDGE_LOOP('',(#8872,#8878,#8879,#8880));
#8872 = ORIENTED_EDGE('',*,*,#8873,.T.);
#8873 = EDGE_CURVE('',#8795,#8850,#8874,.T.);
#8874 = LINE('',#8875,#8876);
#8875 = CARTESIAN_POINT('',(10.25,0.25,-3.2));
#8876 = VECTOR('',#8877,1.);
#8877 = DIRECTION('',(-1.224646799147E-16,-1.,0.));
#8878 = ORIENTED_EDGE('',*,*,#8849,.T.);
#8879 = ORIENTED_EDGE('',*,*,#7073,.F.);
#8880 = ORIENTED_EDGE('',*,*,#8794,.T.);
#8881 = PLANE('',#8882);
#8882 = AXIS2_PLACEMENT_3D('',#8883,#8884,#8885);
#8883 = CARTESIAN_POINT('',(10.25,-3.980102097229E-16,0.8));
#8884 = DIRECTION('',(-1.,1.224646799147E-16,0.));
#8885 = DIRECTION('',(0.,0.,1.));
#8886 = ADVANCED_FACE('',(#8887),#8912,.T.);
#8887 = FACE_BOUND('',#8888,.T.);
#8888 = EDGE_LOOP('',(#8889,#8899,#8905,#8906));
#8889 = ORIENTED_EDGE('',*,*,#8890,.T.);
#8890 = EDGE_CURVE('',#8891,#8893,#8895,.T.);
#8891 = VERTEX_POINT('',#8892);
#8892 = CARTESIAN_POINT('',(11.75,0.25,-3.2));
#8893 = VERTEX_POINT('',#8894);
#8894 = CARTESIAN_POINT('',(11.75,-0.25,-3.2));
#8895 = LINE('',#8896,#8897);
#8896 = CARTESIAN_POINT('',(11.75,0.25,-3.2));
#8897 = VECTOR('',#8898,1.);
#8898 = DIRECTION('',(-1.224646799147E-16,-1.,0.));
#8899 = ORIENTED_EDGE('',*,*,#8900,.T.);
#8900 = EDGE_CURVE('',#8893,#7112,#8901,.T.);
#8901 = LINE('',#8902,#8903);
#8902 = CARTESIAN_POINT('',(11.75,-0.25,-3.4));
#8903 = VECTOR('',#8904,1.);
#8904 = DIRECTION('',(0.,0.,1.));
#8905 = ORIENTED_EDGE('',*,*,#7109,.F.);
#8906 = ORIENTED_EDGE('',*,*,#8907,.T.);
#8907 = EDGE_CURVE('',#7110,#8891,#8908,.T.);
#8908 = LINE('',#8909,#8910);
#8909 = CARTESIAN_POINT('',(11.75,0.25,5.));
#8910 = VECTOR('',#8911,1.);
#8911 = DIRECTION('',(-0.,0.,-1.));
#8912 = PLANE('',#8913);
#8913 = AXIS2_PLACEMENT_3D('',#8914,#8915,#8916);
#8914 = CARTESIAN_POINT('',(11.75,-5.81707229595E-16,0.8));
#8915 = DIRECTION('',(-1.,1.224646799147E-16,0.));
#8916 = DIRECTION('',(0.,0.,1.));
#8917 = ADVANCED_FACE('',(#8918),#8936,.F.);
#8918 = FACE_BOUND('',#8919,.F.);
#8919 = EDGE_LOOP('',(#8920,#8928,#8934,#8935));
#8920 = ORIENTED_EDGE('',*,*,#8921,.F.);
#8921 = EDGE_CURVE('',#8922,#7128,#8924,.T.);
#8922 = VERTEX_POINT('',#8923);
#8923 = CARTESIAN_POINT('',(12.25,-0.25,-3.2));
#8924 = LINE('',#8925,#8926);
#8925 = CARTESIAN_POINT('',(12.25,-0.25,-3.4));
#8926 = VECTOR('',#8927,1.);
#8927 = DIRECTION('',(0.,0.,1.));
#8928 = ORIENTED_EDGE('',*,*,#8929,.T.);
#8929 = EDGE_CURVE('',#8922,#8893,#8930,.T.);
#8930 = LINE('',#8931,#8932);
#8931 = CARTESIAN_POINT('',(12.25,-0.25,-3.2));
#8932 = VECTOR('',#8933,1.);
#8933 = DIRECTION('',(-1.,1.224646799147E-16,0.));
#8934 = ORIENTED_EDGE('',*,*,#8900,.T.);
#8935 = ORIENTED_EDGE('',*,*,#7135,.F.);
#8936 = PLANE('',#8937);
#8937 = AXIS2_PLACEMENT_3D('',#8938,#8939,#8940);
#8938 = CARTESIAN_POINT('',(12.25,-0.25,-3.4));
#8939 = DIRECTION('',(1.224646799147E-16,1.,0.));
#8940 = DIRECTION('',(0.,-0.,1.));
#8941 = ADVANCED_FACE('',(#8942),#8960,.F.);
#8942 = FACE_BOUND('',#8943,.F.);
#8943 = EDGE_LOOP('',(#8944,#8952,#8953,#8954));
#8944 = ORIENTED_EDGE('',*,*,#8945,.T.);
#8945 = EDGE_CURVE('',#8946,#8922,#8948,.T.);
#8946 = VERTEX_POINT('',#8947);
#8947 = CARTESIAN_POINT('',(12.25,0.25,-3.2));
#8948 = LINE('',#8949,#8950);
#8949 = CARTESIAN_POINT('',(12.25,0.25,-3.2));
#8950 = VECTOR('',#8951,1.);
#8951 = DIRECTION('',(-1.224646799147E-16,-1.,0.));
#8952 = ORIENTED_EDGE('',*,*,#8921,.T.);
#8953 = ORIENTED_EDGE('',*,*,#7127,.F.);
#8954 = ORIENTED_EDGE('',*,*,#8955,.T.);
#8955 = EDGE_CURVE('',#7120,#8946,#8956,.T.);
#8956 = LINE('',#8957,#8958);
#8957 = CARTESIAN_POINT('',(12.25,0.25,5.));
#8958 = VECTOR('',#8959,1.);
#8959 = DIRECTION('',(-0.,0.,-1.));
#8960 = PLANE('',#8961);
#8961 = AXIS2_PLACEMENT_3D('',#8962,#8963,#8964);
#8962 = CARTESIAN_POINT('',(12.25,-6.429395695524E-16,0.8));
#8963 = DIRECTION('',(-1.,1.224646799147E-16,0.));
#8964 = DIRECTION('',(0.,0.,1.));
#8965 = ADVANCED_FACE('',(#8966),#8977,.F.);
#8966 = FACE_BOUND('',#8967,.F.);
#8967 = EDGE_LOOP('',(#8968,#8969,#8970,#8971));
#8968 = ORIENTED_EDGE('',*,*,#8955,.F.);
#8969 = ORIENTED_EDGE('',*,*,#7119,.F.);
#8970 = ORIENTED_EDGE('',*,*,#8907,.T.);
#8971 = ORIENTED_EDGE('',*,*,#8972,.F.);
#8972 = EDGE_CURVE('',#8946,#8891,#8973,.T.);
#8973 = LINE('',#8974,#8975);
#8974 = CARTESIAN_POINT('',(12.25,0.25,-3.2));
#8975 = VECTOR('',#8976,1.);
#8976 = DIRECTION('',(-1.,1.224646799147E-16,0.));
#8977 = PLANE('',#8978);
#8978 = AXIS2_PLACEMENT_3D('',#8979,#8980,#8981);
#8979 = CARTESIAN_POINT('',(12.25,0.25,5.));
#8980 = DIRECTION('',(-1.224646799147E-16,-1.,0.));
#8981 = DIRECTION('',(-0.,0.,-1.));
#8982 = ADVANCED_FACE('',(#8983),#9024,.T.);
#8983 = FACE_BOUND('',#8984,.F.);
#8984 = EDGE_LOOP('',(#8985,#8995,#9003,#9011,#9017,#9018));
#8985 = ORIENTED_EDGE('',*,*,#8986,.F.);
#8986 = EDGE_CURVE('',#8987,#8989,#8991,.T.);
#8987 = VERTEX_POINT('',#8988);
#8988 = CARTESIAN_POINT('',(14.05,5.E-02,-3.4));
#8989 = VERTEX_POINT('',#8990);
#8990 = CARTESIAN_POINT('',(14.247552593066,0.281192514695,
    -3.202447406934));
#8991 = LINE('',#8992,#8993);
#8992 = CARTESIAN_POINT('',(14.17881689775,0.200752273427,-3.27118310225
    ));
#8993 = VECTOR('',#8994,1.);
#8994 = DIRECTION('',(0.544770019249,0.63753529491,0.544770019249));
#8995 = ORIENTED_EDGE('',*,*,#8996,.T.);
#8996 = EDGE_CURVE('',#8987,#8997,#8999,.T.);
#8997 = VERTEX_POINT('',#8998);
#8998 = CARTESIAN_POINT('',(14.05,-5.E-02,-3.4));
#8999 = LINE('',#9000,#9001);
#9000 = CARTESIAN_POINT('',(14.05,0.25,-3.4));
#9001 = VECTOR('',#9002,1.);
#9002 = DIRECTION('',(-1.224646799147E-16,-1.,0.));
#9003 = ORIENTED_EDGE('',*,*,#9004,.T.);
#9004 = EDGE_CURVE('',#8997,#9005,#9007,.T.);
#9005 = VERTEX_POINT('',#9006);
#9006 = CARTESIAN_POINT('',(14.247552593066,-0.218807485305,
    -3.202447406934));
#9007 = LINE('',#9008,#9009);
#9008 = CARTESIAN_POINT('',(14.107606629418,-9.922451332131E-02,
    -3.342393370582));
#9009 = VECTOR('',#9010,1.);
#9010 = DIRECTION('',(0.605209817607,-0.517148096144,0.605209817607));
#9011 = ORIENTED_EDGE('',*,*,#9012,.T.);
#9012 = EDGE_CURVE('',#9005,#7181,#9013,.T.);
#9013 = LINE('',#9014,#9015);
#9014 = CARTESIAN_POINT('',(14.168262653899,-0.231326949384,
    -3.281737346101));
#9015 = VECTOR('',#9016,1.);
#9016 = DIRECTION('',(0.702740385383,0.110959008218,0.702740385383));
#9017 = ORIENTED_EDGE('',*,*,#7178,.F.);
#9018 = ORIENTED_EDGE('',*,*,#9019,.F.);
#9019 = EDGE_CURVE('',#8989,#7179,#9020,.T.);
#9020 = LINE('',#9021,#9022);
#9021 = CARTESIAN_POINT('',(14.629616963064,0.341518467852,
    -2.820383036936));
#9022 = VECTOR('',#9023,1.);
#9023 = DIRECTION('',(0.702740385383,0.110959008218,0.702740385383));
#9024 = PLANE('',#9025);
#9025 = AXIS2_PLACEMENT_3D('',#9026,#9027,#9028);
#9026 = CARTESIAN_POINT('',(14.15,0.25,-3.3));
#9027 = DIRECTION('',(0.707106781187,-8.486018839685E-17,-0.707106781187
    ));
#9028 = DIRECTION('',(1.212375546256E-16,1.,1.227125289196E-18));
#9029 = ADVANCED_FACE('',(#9030),#9055,.F.);
#9030 = FACE_BOUND('',#9031,.F.);
#9031 = EDGE_LOOP('',(#9032,#9033,#9039,#9040,#9048,#9054));
#9032 = ORIENTED_EDGE('',*,*,#7227,.F.);
#9033 = ORIENTED_EDGE('',*,*,#9034,.T.);
#9034 = EDGE_CURVE('',#7220,#7300,#9035,.T.);
#9035 = LINE('',#9036,#9037);
#9036 = CARTESIAN_POINT('',(14.25,0.55,-1.5));
#9037 = VECTOR('',#9038,1.);
#9038 = DIRECTION('',(-1.,1.224646799147E-16,0.));
#9039 = ORIENTED_EDGE('',*,*,#7307,.T.);
#9040 = ORIENTED_EDGE('',*,*,#9041,.F.);
#9041 = EDGE_CURVE('',#9042,#7266,#9044,.T.);
#9042 = VERTEX_POINT('',#9043);
#9043 = CARTESIAN_POINT('',(13.752447406934,0.281192514695,
    -3.202447406934));
#9044 = LINE('',#9045,#9046);
#9045 = CARTESIAN_POINT('',(13.493844049248,0.322024623803,
    -2.943844049248));
#9046 = VECTOR('',#9047,1.);
#9047 = DIRECTION('',(-0.702740385383,0.110959008218,0.702740385383));
#9048 = ORIENTED_EDGE('',*,*,#9049,.F.);
#9049 = EDGE_CURVE('',#8989,#9042,#9050,.T.);
#9050 = LINE('',#9051,#9052);
#9051 = CARTESIAN_POINT('',(14.25,0.281192514695,-3.202447406934));
#9052 = VECTOR('',#9053,1.);
#9053 = DIRECTION('',(-1.,1.224646799147E-16,0.));
#9054 = ORIENTED_EDGE('',*,*,#9019,.T.);
#9055 = PLANE('',#9056);
#9056 = AXIS2_PLACEMENT_3D('',#9057,#9058,#9059);
#9057 = CARTESIAN_POINT('',(14.25,0.55,-1.5));
#9058 = DIRECTION('',(-1.209660753807E-16,-0.987762965329,0.155962573473
    ));
#9059 = DIRECTION('',(-1.909990663905E-17,-0.155962573473,
    -0.987762965329));
#9060 = ADVANCED_FACE('',(#9061),#9067,.F.);
#9061 = FACE_BOUND('',#9062,.F.);
#9062 = EDGE_LOOP('',(#9063,#9064,#9065,#9066));
#9063 = ORIENTED_EDGE('',*,*,#7251,.T.);
#9064 = ORIENTED_EDGE('',*,*,#7299,.T.);
#9065 = ORIENTED_EDGE('',*,*,#9034,.F.);
#9066 = ORIENTED_EDGE('',*,*,#7219,.F.);
#9067 = PLANE('',#9068);
#9068 = AXIS2_PLACEMENT_3D('',#9069,#9070,#9071);
#9069 = CARTESIAN_POINT('',(14.25,0.25,-0.9));
#9070 = DIRECTION('',(-1.095357396528E-16,-0.894427191,-0.4472135955));
#9071 = DIRECTION('',(5.476786982641E-17,0.4472135955,-0.894427191));
#9072 = ADVANCED_FACE('',(#9073),#9084,.F.);
#9073 = FACE_BOUND('',#9074,.F.);
#9074 = EDGE_LOOP('',(#9075,#9081,#9082,#9083));
#9075 = ORIENTED_EDGE('',*,*,#9076,.T.);
#9076 = EDGE_CURVE('',#7189,#7276,#9077,.T.);
#9077 = LINE('',#9078,#9079);
#9078 = CARTESIAN_POINT('',(14.25,5.E-02,-1.5));
#9079 = VECTOR('',#9080,1.);
#9080 = DIRECTION('',(-1.,1.224646799147E-16,0.));
#9081 = ORIENTED_EDGE('',*,*,#7283,.T.);
#9082 = ORIENTED_EDGE('',*,*,#7322,.F.);
#9083 = ORIENTED_EDGE('',*,*,#7196,.F.);
#9084 = PLANE('',#9085);
#9085 = AXIS2_PLACEMENT_3D('',#9086,#9087,#9088);
#9086 = CARTESIAN_POINT('',(14.25,5.E-02,-1.5));
#9087 = DIRECTION('',(1.095357396528E-16,0.894427191,0.4472135955));
#9088 = DIRECTION('',(-5.476786982641E-17,-0.4472135955,0.894427191));
#9089 = ADVANCED_FACE('',(#9090),#9110,.F.);
#9090 = FACE_BOUND('',#9091,.F.);
#9091 = EDGE_LOOP('',(#9092,#9093,#9094,#9102,#9108,#9109));
#9092 = ORIENTED_EDGE('',*,*,#7188,.F.);
#9093 = ORIENTED_EDGE('',*,*,#9012,.F.);
#9094 = ORIENTED_EDGE('',*,*,#9095,.T.);
#9095 = EDGE_CURVE('',#9005,#9096,#9098,.T.);
#9096 = VERTEX_POINT('',#9097);
#9097 = CARTESIAN_POINT('',(13.752447406934,-0.218807485305,
    -3.202447406934));
#9098 = LINE('',#9099,#9100);
#9099 = CARTESIAN_POINT('',(14.25,-0.218807485305,-3.202447406934));
#9100 = VECTOR('',#9101,1.);
#9101 = DIRECTION('',(-1.,1.224646799147E-16,0.));
#9102 = ORIENTED_EDGE('',*,*,#9103,.T.);
#9103 = EDGE_CURVE('',#9096,#7268,#9104,.T.);
#9104 = LINE('',#9105,#9106);
#9105 = CARTESIAN_POINT('',(13.955198358413,-0.250820793434,
    -3.405198358413));
#9106 = VECTOR('',#9107,1.);
#9107 = DIRECTION('',(-0.702740385383,0.110959008218,0.702740385383));
#9108 = ORIENTED_EDGE('',*,*,#7275,.T.);
#9109 = ORIENTED_EDGE('',*,*,#9076,.F.);
#9110 = PLANE('',#9111);
#9111 = AXIS2_PLACEMENT_3D('',#9112,#9113,#9114);
#9112 = CARTESIAN_POINT('',(14.25,-0.25,-3.4));
#9113 = DIRECTION('',(1.209660753807E-16,0.987762965329,-0.155962573473)
  );
#9114 = DIRECTION('',(1.909990663905E-17,0.155962573473,0.987762965329)
  );
#9115 = ADVANCED_FACE('',(#9116),#9143,.F.);
#9116 = FACE_BOUND('',#9117,.T.);
#9117 = EDGE_LOOP('',(#9118,#9126,#9127,#9128,#9129,#9137));
#9118 = ORIENTED_EDGE('',*,*,#9119,.T.);
#9119 = EDGE_CURVE('',#9120,#9096,#9122,.T.);
#9120 = VERTEX_POINT('',#9121);
#9121 = CARTESIAN_POINT('',(13.95,-5.E-02,-3.4));
#9122 = LINE('',#9123,#9124);
#9123 = CARTESIAN_POINT('',(13.983963101414,-2.097873708559E-02,
    -3.433963101414));
#9124 = VECTOR('',#9125,1.);
#9125 = DIRECTION('',(-0.605209817607,-0.517148096144,0.605209817607));
#9126 = ORIENTED_EDGE('',*,*,#9103,.T.);
#9127 = ORIENTED_EDGE('',*,*,#7265,.F.);
#9128 = ORIENTED_EDGE('',*,*,#9041,.F.);
#9129 = ORIENTED_EDGE('',*,*,#9130,.F.);
#9130 = EDGE_CURVE('',#9131,#9042,#9133,.T.);
#9131 = VERTEX_POINT('',#9132);
#9132 = CARTESIAN_POINT('',(13.95,5.E-02,-3.4));
#9133 = LINE('',#9134,#9135);
#9134 = CARTESIAN_POINT('',(13.895376695718,0.113924744707,
    -3.345376695718));
#9135 = VECTOR('',#9136,1.);
#9136 = DIRECTION('',(-0.544770019249,0.63753529491,0.544770019249));
#9137 = ORIENTED_EDGE('',*,*,#9138,.T.);
#9138 = EDGE_CURVE('',#9131,#9120,#9139,.T.);
#9139 = LINE('',#9140,#9141);
#9140 = CARTESIAN_POINT('',(13.95,0.25,-3.4));
#9141 = VECTOR('',#9142,1.);
#9142 = DIRECTION('',(-1.224646799147E-16,-1.,0.));
#9143 = PLANE('',#9144);
#9144 = AXIS2_PLACEMENT_3D('',#9145,#9146,#9147);
#9145 = CARTESIAN_POINT('',(13.85,0.25,-3.3));
#9146 = DIRECTION('',(0.707106781187,-8.833102285013E-17,0.707106781187)
  );
#9147 = DIRECTION('',(1.236918052038E-16,1.,1.227125289097E-18));
#9148 = ADVANCED_FACE('',(#9149),#9155,.F.);
#9149 = FACE_BOUND('',#9150,.F.);
#9150 = EDGE_LOOP('',(#9151,#9152,#9153,#9154));
#9151 = ORIENTED_EDGE('',*,*,#7804,.T.);
#9152 = ORIENTED_EDGE('',*,*,#7819,.T.);
#9153 = ORIENTED_EDGE('',*,*,#7843,.F.);
#9154 = ORIENTED_EDGE('',*,*,#7509,.F.);
#9155 = PLANE('',#9156);
#9156 = AXIS2_PLACEMENT_3D('',#9157,#9158,#9159);
#9157 = CARTESIAN_POINT('',(13.2,-2.,1.8));
#9158 = DIRECTION('',(-1.224646799147E-16,-1.,0.));
#9159 = DIRECTION('',(-1.,1.224646799147E-16,0.));
#9160 = ADVANCED_FACE('',(#9161),#9167,.F.);
#9161 = FACE_BOUND('',#9162,.F.);
#9162 = EDGE_LOOP('',(#9163,#9164,#9165,#9166));
#9163 = ORIENTED_EDGE('',*,*,#7869,.T.);
#9164 = ORIENTED_EDGE('',*,*,#7884,.T.);
#9165 = ORIENTED_EDGE('',*,*,#7908,.F.);
#9166 = ORIENTED_EDGE('',*,*,#7486,.F.);
#9167 = PLANE('',#9168);
#9168 = AXIS2_PLACEMENT_3D('',#9169,#9170,#9171);
#9169 = CARTESIAN_POINT('',(11.2,-2.,1.8));
#9170 = DIRECTION('',(-1.224646799147E-16,-1.,0.));
#9171 = DIRECTION('',(-1.,1.224646799147E-16,0.));
#9172 = ADVANCED_FACE('',(#9173),#9179,.F.);
#9173 = FACE_BOUND('',#9174,.F.);
#9174 = EDGE_LOOP('',(#9175,#9176,#9177,#9178));
#9175 = ORIENTED_EDGE('',*,*,#8194,.T.);
#9176 = ORIENTED_EDGE('',*,*,#8209,.T.);
#9177 = ORIENTED_EDGE('',*,*,#8233,.F.);
#9178 = ORIENTED_EDGE('',*,*,#7371,.F.);
#9179 = PLANE('',#9180);
#9180 = AXIS2_PLACEMENT_3D('',#9181,#9182,#9183);
#9181 = CARTESIAN_POINT('',(1.2,-2.,1.8));
#9182 = DIRECTION('',(-1.224646799147E-16,-1.,0.));
#9183 = DIRECTION('',(-1.,1.224646799147E-16,0.));
#9184 = ADVANCED_FACE('',(#9185),#9191,.F.);
#9185 = FACE_BOUND('',#9186,.F.);
#9186 = EDGE_LOOP('',(#9187,#9188,#9189,#9190));
#9187 = ORIENTED_EDGE('',*,*,#7934,.T.);
#9188 = ORIENTED_EDGE('',*,*,#7949,.T.);
#9189 = ORIENTED_EDGE('',*,*,#7973,.F.);
#9190 = ORIENTED_EDGE('',*,*,#7463,.F.);
#9191 = PLANE('',#9192);
#9192 = AXIS2_PLACEMENT_3D('',#9193,#9194,#9195);
#9193 = CARTESIAN_POINT('',(9.2,-2.,1.8));
#9194 = DIRECTION('',(-1.224646799147E-16,-1.,0.));
#9195 = DIRECTION('',(-1.,1.224646799147E-16,0.));
#9196 = ADVANCED_FACE('',(#9197),#9203,.F.);
#9197 = FACE_BOUND('',#9198,.F.);
#9198 = EDGE_LOOP('',(#9199,#9200,#9201,#9202));
#9199 = ORIENTED_EDGE('',*,*,#8129,.T.);
#9200 = ORIENTED_EDGE('',*,*,#8144,.T.);
#9201 = ORIENTED_EDGE('',*,*,#8168,.F.);
#9202 = ORIENTED_EDGE('',*,*,#7394,.F.);
#9203 = PLANE('',#9204);
#9204 = AXIS2_PLACEMENT_3D('',#9205,#9206,#9207);
#9205 = CARTESIAN_POINT('',(3.2,-2.,1.8));
#9206 = DIRECTION('',(-1.224646799147E-16,-1.,0.));
#9207 = DIRECTION('',(-1.,1.224646799147E-16,0.));
#9208 = ADVANCED_FACE('',(#9209),#9215,.F.);
#9209 = FACE_BOUND('',#9210,.F.);
#9210 = EDGE_LOOP('',(#9211,#9212,#9213,#9214));
#9211 = ORIENTED_EDGE('',*,*,#7999,.T.);
#9212 = ORIENTED_EDGE('',*,*,#8014,.T.);
#9213 = ORIENTED_EDGE('',*,*,#8038,.F.);
#9214 = ORIENTED_EDGE('',*,*,#7440,.F.);
#9215 = PLANE('',#9216);
#9216 = AXIS2_PLACEMENT_3D('',#9217,#9218,#9219);
#9217 = CARTESIAN_POINT('',(7.2,-2.,1.8));
#9218 = DIRECTION('',(-1.224646799147E-16,-1.,0.));
#9219 = DIRECTION('',(-1.,1.224646799147E-16,0.));
#9220 = ADVANCED_FACE('',(#9221),#9227,.F.);
#9221 = FACE_BOUND('',#9222,.F.);
#9222 = EDGE_LOOP('',(#9223,#9224,#9225,#9226));
#9223 = ORIENTED_EDGE('',*,*,#8064,.T.);
#9224 = ORIENTED_EDGE('',*,*,#8079,.T.);
#9225 = ORIENTED_EDGE('',*,*,#8103,.F.);
#9226 = ORIENTED_EDGE('',*,*,#7417,.F.);
#9227 = PLANE('',#9228);
#9228 = AXIS2_PLACEMENT_3D('',#9229,#9230,#9231);
#9229 = CARTESIAN_POINT('',(5.2,-2.,1.8));
#9230 = DIRECTION('',(-1.224646799147E-16,-1.,0.));
#9231 = DIRECTION('',(-1.,1.224646799147E-16,0.));
#9232 = ADVANCED_FACE('',(#9233),#9258,.T.);
#9233 = FACE_BOUND('',#9234,.T.);
#9234 = EDGE_LOOP('',(#9235,#9236,#9244,#9252));
#9235 = ORIENTED_EDGE('',*,*,#7517,.T.);
#9236 = ORIENTED_EDGE('',*,*,#9237,.T.);
#9237 = EDGE_CURVE('',#7520,#9238,#9240,.T.);
#9238 = VERTEX_POINT('',#9239);
#9239 = CARTESIAN_POINT('',(1.75,-0.25,4.8));
#9240 = LINE('',#9241,#9242);
#9241 = CARTESIAN_POINT('',(1.75,-0.25,-3.4));
#9242 = VECTOR('',#9243,1.);
#9243 = DIRECTION('',(0.,0.,1.));
#9244 = ORIENTED_EDGE('',*,*,#9245,.T.);
#9245 = EDGE_CURVE('',#9238,#9246,#9248,.T.);
#9246 = VERTEX_POINT('',#9247);
#9247 = CARTESIAN_POINT('',(1.75,0.25,4.8));
#9248 = LINE('',#9249,#9250);
#9249 = CARTESIAN_POINT('',(1.75,-0.25,4.8));
#9250 = VECTOR('',#9251,1.);
#9251 = DIRECTION('',(1.224646799147E-16,1.,0.));
#9252 = ORIENTED_EDGE('',*,*,#9253,.T.);
#9253 = EDGE_CURVE('',#9246,#7518,#9254,.T.);
#9254 = LINE('',#9255,#9256);
#9255 = CARTESIAN_POINT('',(1.75,0.25,5.));
#9256 = VECTOR('',#9257,1.);
#9257 = DIRECTION('',(-0.,0.,-1.));
#9258 = PLANE('',#9259);
#9259 = AXIS2_PLACEMENT_3D('',#9260,#9261,#9262);
#9260 = CARTESIAN_POINT('',(1.75,6.429395695524E-16,0.8));
#9261 = DIRECTION('',(-1.,1.224646799147E-16,0.));
#9262 = DIRECTION('',(0.,0.,1.));
#9263 = ADVANCED_FACE('',(#9264),#9282,.F.);
#9264 = FACE_BOUND('',#9265,.F.);
#9265 = EDGE_LOOP('',(#9266,#9274,#9275,#9276));
#9266 = ORIENTED_EDGE('',*,*,#9267,.F.);
#9267 = EDGE_CURVE('',#7536,#9268,#9270,.T.);
#9268 = VERTEX_POINT('',#9269);
#9269 = CARTESIAN_POINT('',(2.25,-0.25,4.8));
#9270 = LINE('',#9271,#9272);
#9271 = CARTESIAN_POINT('',(2.25,-0.25,-3.4));
#9272 = VECTOR('',#9273,1.);
#9273 = DIRECTION('',(0.,0.,1.));
#9274 = ORIENTED_EDGE('',*,*,#7543,.T.);
#9275 = ORIENTED_EDGE('',*,*,#9237,.T.);
#9276 = ORIENTED_EDGE('',*,*,#9277,.F.);
#9277 = EDGE_CURVE('',#9268,#9238,#9278,.T.);
#9278 = LINE('',#9279,#9280);
#9279 = CARTESIAN_POINT('',(2.25,-0.25,4.8));
#9280 = VECTOR('',#9281,1.);
#9281 = DIRECTION('',(-1.,1.224646799147E-16,0.));
#9282 = PLANE('',#9283);
#9283 = AXIS2_PLACEMENT_3D('',#9284,#9285,#9286);
#9284 = CARTESIAN_POINT('',(2.25,-0.25,-3.4));
#9285 = DIRECTION('',(1.224646799147E-16,1.,0.));
#9286 = DIRECTION('',(0.,-0.,1.));
#9287 = ADVANCED_FACE('',(#9288),#9306,.F.);
#9288 = FACE_BOUND('',#9289,.F.);
#9289 = EDGE_LOOP('',(#9290,#9291,#9292,#9300));
#9290 = ORIENTED_EDGE('',*,*,#7535,.T.);
#9291 = ORIENTED_EDGE('',*,*,#9267,.T.);
#9292 = ORIENTED_EDGE('',*,*,#9293,.T.);
#9293 = EDGE_CURVE('',#9268,#9294,#9296,.T.);
#9294 = VERTEX_POINT('',#9295);
#9295 = CARTESIAN_POINT('',(2.25,0.25,4.8));
#9296 = LINE('',#9297,#9298);
#9297 = CARTESIAN_POINT('',(2.25,-0.25,4.8));
#9298 = VECTOR('',#9299,1.);
#9299 = DIRECTION('',(1.224646799147E-16,1.,0.));
#9300 = ORIENTED_EDGE('',*,*,#9301,.T.);
#9301 = EDGE_CURVE('',#9294,#7528,#9302,.T.);
#9302 = LINE('',#9303,#9304);
#9303 = CARTESIAN_POINT('',(2.25,0.25,5.));
#9304 = VECTOR('',#9305,1.);
#9305 = DIRECTION('',(-0.,0.,-1.));
#9306 = PLANE('',#9307);
#9307 = AXIS2_PLACEMENT_3D('',#9308,#9309,#9310);
#9308 = CARTESIAN_POINT('',(2.25,5.81707229595E-16,0.8));
#9309 = DIRECTION('',(-1.,1.224646799147E-16,0.));
#9310 = DIRECTION('',(0.,0.,1.));
#9311 = ADVANCED_FACE('',(#9312),#9323,.F.);
#9312 = FACE_BOUND('',#9313,.F.);
#9313 = EDGE_LOOP('',(#9314,#9315,#9321,#9322));
#9314 = ORIENTED_EDGE('',*,*,#9301,.F.);
#9315 = ORIENTED_EDGE('',*,*,#9316,.T.);
#9316 = EDGE_CURVE('',#9294,#9246,#9317,.T.);
#9317 = LINE('',#9318,#9319);
#9318 = CARTESIAN_POINT('',(2.25,0.25,4.8));
#9319 = VECTOR('',#9320,1.);
#9320 = DIRECTION('',(-1.,1.224646799147E-16,0.));
#9321 = ORIENTED_EDGE('',*,*,#9253,.T.);
#9322 = ORIENTED_EDGE('',*,*,#7527,.T.);
#9323 = PLANE('',#9324);
#9324 = AXIS2_PLACEMENT_3D('',#9325,#9326,#9327);
#9325 = CARTESIAN_POINT('',(2.25,0.25,5.));
#9326 = DIRECTION('',(-1.224646799147E-16,-1.,0.));
#9327 = DIRECTION('',(-0.,0.,-1.));
#9328 = ADVANCED_FACE('',(#9329),#9354,.F.);
#9329 = FACE_BOUND('',#9330,.F.);
#9330 = EDGE_LOOP('',(#9331,#9332,#9340,#9348));
#9331 = ORIENTED_EDGE('',*,*,#7551,.T.);
#9332 = ORIENTED_EDGE('',*,*,#9333,.T.);
#9333 = EDGE_CURVE('',#7554,#9334,#9336,.T.);
#9334 = VERTEX_POINT('',#9335);
#9335 = CARTESIAN_POINT('',(4.25,-0.25,4.8));
#9336 = LINE('',#9337,#9338);
#9337 = CARTESIAN_POINT('',(4.25,-0.25,-3.4));
#9338 = VECTOR('',#9339,1.);
#9339 = DIRECTION('',(0.,0.,1.));
#9340 = ORIENTED_EDGE('',*,*,#9341,.T.);
#9341 = EDGE_CURVE('',#9334,#9342,#9344,.T.);
#9342 = VERTEX_POINT('',#9343);
#9343 = CARTESIAN_POINT('',(4.25,0.25,4.8));
#9344 = LINE('',#9345,#9346);
#9345 = CARTESIAN_POINT('',(4.25,-0.25,4.8));
#9346 = VECTOR('',#9347,1.);
#9347 = DIRECTION('',(1.224646799147E-16,1.,0.));
#9348 = ORIENTED_EDGE('',*,*,#9349,.T.);
#9349 = EDGE_CURVE('',#9342,#7552,#9350,.T.);
#9350 = LINE('',#9351,#9352);
#9351 = CARTESIAN_POINT('',(4.25,0.25,5.));
#9352 = VECTOR('',#9353,1.);
#9353 = DIRECTION('',(-0.,0.,-1.));
#9354 = PLANE('',#9355);
#9355 = AXIS2_PLACEMENT_3D('',#9356,#9357,#9358);
#9356 = CARTESIAN_POINT('',(4.25,3.367778697655E-16,0.8));
#9357 = DIRECTION('',(-1.,1.224646799147E-16,0.));
#9358 = DIRECTION('',(0.,0.,1.));
#9359 = ADVANCED_FACE('',(#9360),#9378,.F.);
#9360 = FACE_BOUND('',#9361,.F.);
#9361 = EDGE_LOOP('',(#9362,#9363,#9371,#9377));
#9362 = ORIENTED_EDGE('',*,*,#9349,.F.);
#9363 = ORIENTED_EDGE('',*,*,#9364,.T.);
#9364 = EDGE_CURVE('',#9342,#9365,#9367,.T.);
#9365 = VERTEX_POINT('',#9366);
#9366 = CARTESIAN_POINT('',(3.75,0.25,4.8));
#9367 = LINE('',#9368,#9369);
#9368 = CARTESIAN_POINT('',(4.25,0.25,4.8));
#9369 = VECTOR('',#9370,1.);
#9370 = DIRECTION('',(-1.,1.224646799147E-16,0.));
#9371 = ORIENTED_EDGE('',*,*,#9372,.T.);
#9372 = EDGE_CURVE('',#9365,#7570,#9373,.T.);
#9373 = LINE('',#9374,#9375);
#9374 = CARTESIAN_POINT('',(3.75,0.25,5.));
#9375 = VECTOR('',#9376,1.);
#9376 = DIRECTION('',(-0.,0.,-1.));
#9377 = ORIENTED_EDGE('',*,*,#7577,.T.);
#9378 = PLANE('',#9379);
#9379 = AXIS2_PLACEMENT_3D('',#9380,#9381,#9382);
#9380 = CARTESIAN_POINT('',(4.25,0.25,5.));
#9381 = DIRECTION('',(-1.224646799147E-16,-1.,0.));
#9382 = DIRECTION('',(-0.,0.,-1.));
#9383 = ADVANCED_FACE('',(#9384),#9402,.T.);
#9384 = FACE_BOUND('',#9385,.T.);
#9385 = EDGE_LOOP('',(#9386,#9387,#9395,#9401));
#9386 = ORIENTED_EDGE('',*,*,#7569,.T.);
#9387 = ORIENTED_EDGE('',*,*,#9388,.T.);
#9388 = EDGE_CURVE('',#7562,#9389,#9391,.T.);
#9389 = VERTEX_POINT('',#9390);
#9390 = CARTESIAN_POINT('',(3.75,-0.25,4.8));
#9391 = LINE('',#9392,#9393);
#9392 = CARTESIAN_POINT('',(3.75,-0.25,-3.4));
#9393 = VECTOR('',#9394,1.);
#9394 = DIRECTION('',(0.,0.,1.));
#9395 = ORIENTED_EDGE('',*,*,#9396,.T.);
#9396 = EDGE_CURVE('',#9389,#9365,#9397,.T.);
#9397 = LINE('',#9398,#9399);
#9398 = CARTESIAN_POINT('',(3.75,-0.25,4.8));
#9399 = VECTOR('',#9400,1.);
#9400 = DIRECTION('',(1.224646799147E-16,1.,0.));
#9401 = ORIENTED_EDGE('',*,*,#9372,.T.);
#9402 = PLANE('',#9403);
#9403 = AXIS2_PLACEMENT_3D('',#9404,#9405,#9406);
#9404 = CARTESIAN_POINT('',(3.75,3.980102097229E-16,0.8));
#9405 = DIRECTION('',(-1.,1.224646799147E-16,0.));
#9406 = DIRECTION('',(0.,0.,1.));
#9407 = ADVANCED_FACE('',(#9408),#9419,.F.);
#9408 = FACE_BOUND('',#9409,.F.);
#9409 = EDGE_LOOP('',(#9410,#9411,#9412,#9413));
#9410 = ORIENTED_EDGE('',*,*,#9333,.F.);
#9411 = ORIENTED_EDGE('',*,*,#7561,.T.);
#9412 = ORIENTED_EDGE('',*,*,#9388,.T.);
#9413 = ORIENTED_EDGE('',*,*,#9414,.F.);
#9414 = EDGE_CURVE('',#9334,#9389,#9415,.T.);
#9415 = LINE('',#9416,#9417);
#9416 = CARTESIAN_POINT('',(4.25,-0.25,4.8));
#9417 = VECTOR('',#9418,1.);
#9418 = DIRECTION('',(-1.,1.224646799147E-16,0.));
#9419 = PLANE('',#9420);
#9420 = AXIS2_PLACEMENT_3D('',#9421,#9422,#9423);
#9421 = CARTESIAN_POINT('',(4.25,-0.25,-3.4));
#9422 = DIRECTION('',(1.224646799147E-16,1.,0.));
#9423 = DIRECTION('',(0.,-0.,1.));
#9424 = ADVANCED_FACE('',(#9425),#9450,.T.);
#9425 = FACE_BOUND('',#9426,.T.);
#9426 = EDGE_LOOP('',(#9427,#9428,#9436,#9444));
#9427 = ORIENTED_EDGE('',*,*,#7585,.T.);
#9428 = ORIENTED_EDGE('',*,*,#9429,.T.);
#9429 = EDGE_CURVE('',#7588,#9430,#9432,.T.);
#9430 = VERTEX_POINT('',#9431);
#9431 = CARTESIAN_POINT('',(5.75,-0.25,4.8));
#9432 = LINE('',#9433,#9434);
#9433 = CARTESIAN_POINT('',(5.75,-0.25,-3.4));
#9434 = VECTOR('',#9435,1.);
#9435 = DIRECTION('',(0.,0.,1.));
#9436 = ORIENTED_EDGE('',*,*,#9437,.T.);
#9437 = EDGE_CURVE('',#9430,#9438,#9440,.T.);
#9438 = VERTEX_POINT('',#9439);
#9439 = CARTESIAN_POINT('',(5.75,0.25,4.8));
#9440 = LINE('',#9441,#9442);
#9441 = CARTESIAN_POINT('',(5.75,-0.25,4.8));
#9442 = VECTOR('',#9443,1.);
#9443 = DIRECTION('',(1.224646799147E-16,1.,0.));
#9444 = ORIENTED_EDGE('',*,*,#9445,.T.);
#9445 = EDGE_CURVE('',#9438,#7586,#9446,.T.);
#9446 = LINE('',#9447,#9448);
#9447 = CARTESIAN_POINT('',(5.75,0.25,5.));
#9448 = VECTOR('',#9449,1.);
#9449 = DIRECTION('',(-0.,0.,-1.));
#9450 = PLANE('',#9451);
#9451 = AXIS2_PLACEMENT_3D('',#9452,#9453,#9454);
#9452 = CARTESIAN_POINT('',(5.75,1.530808498934E-16,0.8));
#9453 = DIRECTION('',(-1.,1.224646799147E-16,0.));
#9454 = DIRECTION('',(0.,0.,1.));
#9455 = ADVANCED_FACE('',(#9456),#9474,.F.);
#9456 = FACE_BOUND('',#9457,.F.);
#9457 = EDGE_LOOP('',(#9458,#9466,#9467,#9468));
#9458 = ORIENTED_EDGE('',*,*,#9459,.F.);
#9459 = EDGE_CURVE('',#7604,#9460,#9462,.T.);
#9460 = VERTEX_POINT('',#9461);
#9461 = CARTESIAN_POINT('',(6.25,-0.25,4.8));
#9462 = LINE('',#9463,#9464);
#9463 = CARTESIAN_POINT('',(6.25,-0.25,-3.4));
#9464 = VECTOR('',#9465,1.);
#9465 = DIRECTION('',(0.,0.,1.));
#9466 = ORIENTED_EDGE('',*,*,#7611,.T.);
#9467 = ORIENTED_EDGE('',*,*,#9429,.T.);
#9468 = ORIENTED_EDGE('',*,*,#9469,.F.);
#9469 = EDGE_CURVE('',#9460,#9430,#9470,.T.);
#9470 = LINE('',#9471,#9472);
#9471 = CARTESIAN_POINT('',(6.25,-0.25,4.8));
#9472 = VECTOR('',#9473,1.);
#9473 = DIRECTION('',(-1.,1.224646799147E-16,0.));
#9474 = PLANE('',#9475);
#9475 = AXIS2_PLACEMENT_3D('',#9476,#9477,#9478);
#9476 = CARTESIAN_POINT('',(6.25,-0.25,-3.4));
#9477 = DIRECTION('',(1.224646799147E-16,1.,0.));
#9478 = DIRECTION('',(0.,-0.,1.));
#9479 = ADVANCED_FACE('',(#9480),#9498,.F.);
#9480 = FACE_BOUND('',#9481,.F.);
#9481 = EDGE_LOOP('',(#9482,#9483,#9484,#9492));
#9482 = ORIENTED_EDGE('',*,*,#7603,.T.);
#9483 = ORIENTED_EDGE('',*,*,#9459,.T.);
#9484 = ORIENTED_EDGE('',*,*,#9485,.T.);
#9485 = EDGE_CURVE('',#9460,#9486,#9488,.T.);
#9486 = VERTEX_POINT('',#9487);
#9487 = CARTESIAN_POINT('',(6.25,0.25,4.8));
#9488 = LINE('',#9489,#9490);
#9489 = CARTESIAN_POINT('',(6.25,-0.25,4.8));
#9490 = VECTOR('',#9491,1.);
#9491 = DIRECTION('',(1.224646799147E-16,1.,0.));
#9492 = ORIENTED_EDGE('',*,*,#9493,.T.);
#9493 = EDGE_CURVE('',#9486,#7596,#9494,.T.);
#9494 = LINE('',#9495,#9496);
#9495 = CARTESIAN_POINT('',(6.25,0.25,5.));
#9496 = VECTOR('',#9497,1.);
#9497 = DIRECTION('',(-0.,0.,-1.));
#9498 = PLANE('',#9499);
#9499 = AXIS2_PLACEMENT_3D('',#9500,#9501,#9502);
#9500 = CARTESIAN_POINT('',(6.25,9.184850993605E-17,0.8));
#9501 = DIRECTION('',(-1.,1.224646799147E-16,0.));
#9502 = DIRECTION('',(0.,0.,1.));
#9503 = ADVANCED_FACE('',(#9504),#9515,.F.);
#9504 = FACE_BOUND('',#9505,.F.);
#9505 = EDGE_LOOP('',(#9506,#9507,#9513,#9514));
#9506 = ORIENTED_EDGE('',*,*,#9493,.F.);
#9507 = ORIENTED_EDGE('',*,*,#9508,.T.);
#9508 = EDGE_CURVE('',#9486,#9438,#9509,.T.);
#9509 = LINE('',#9510,#9511);
#9510 = CARTESIAN_POINT('',(6.25,0.25,4.8));
#9511 = VECTOR('',#9512,1.);
#9512 = DIRECTION('',(-1.,1.224646799147E-16,0.));
#9513 = ORIENTED_EDGE('',*,*,#9445,.T.);
#9514 = ORIENTED_EDGE('',*,*,#7595,.T.);
#9515 = PLANE('',#9516);
#9516 = AXIS2_PLACEMENT_3D('',#9517,#9518,#9519);
#9517 = CARTESIAN_POINT('',(6.25,0.25,5.));
#9518 = DIRECTION('',(-1.224646799147E-16,-1.,0.));
#9519 = DIRECTION('',(-0.,0.,-1.));
#9520 = ADVANCED_FACE('',(#9521),#9546,.T.);
#9521 = FACE_BOUND('',#9522,.T.);
#9522 = EDGE_LOOP('',(#9523,#9524,#9532,#9540));
#9523 = ORIENTED_EDGE('',*,*,#7619,.T.);
#9524 = ORIENTED_EDGE('',*,*,#9525,.T.);
#9525 = EDGE_CURVE('',#7622,#9526,#9528,.T.);
#9526 = VERTEX_POINT('',#9527);
#9527 = CARTESIAN_POINT('',(11.75,-0.25,4.8));
#9528 = LINE('',#9529,#9530);
#9529 = CARTESIAN_POINT('',(11.75,-0.25,-3.4));
#9530 = VECTOR('',#9531,1.);
#9531 = DIRECTION('',(0.,0.,1.));
#9532 = ORIENTED_EDGE('',*,*,#9533,.T.);
#9533 = EDGE_CURVE('',#9526,#9534,#9536,.T.);
#9534 = VERTEX_POINT('',#9535);
#9535 = CARTESIAN_POINT('',(11.75,0.25,4.8));
#9536 = LINE('',#9537,#9538);
#9537 = CARTESIAN_POINT('',(11.75,-0.25,4.8));
#9538 = VECTOR('',#9539,1.);
#9539 = DIRECTION('',(1.224646799147E-16,1.,0.));
#9540 = ORIENTED_EDGE('',*,*,#9541,.T.);
#9541 = EDGE_CURVE('',#9534,#7620,#9542,.T.);
#9542 = LINE('',#9543,#9544);
#9543 = CARTESIAN_POINT('',(11.75,0.25,5.));
#9544 = VECTOR('',#9545,1.);
#9545 = DIRECTION('',(-0.,0.,-1.));
#9546 = PLANE('',#9547);
#9547 = AXIS2_PLACEMENT_3D('',#9548,#9549,#9550);
#9548 = CARTESIAN_POINT('',(11.75,-5.81707229595E-16,0.8));
#9549 = DIRECTION('',(-1.,1.224646799147E-16,0.));
#9550 = DIRECTION('',(0.,0.,1.));
#9551 = ADVANCED_FACE('',(#9552),#9570,.F.);
#9552 = FACE_BOUND('',#9553,.F.);
#9553 = EDGE_LOOP('',(#9554,#9562,#9563,#9564));
#9554 = ORIENTED_EDGE('',*,*,#9555,.F.);
#9555 = EDGE_CURVE('',#7638,#9556,#9558,.T.);
#9556 = VERTEX_POINT('',#9557);
#9557 = CARTESIAN_POINT('',(12.25,-0.25,4.8));
#9558 = LINE('',#9559,#9560);
#9559 = CARTESIAN_POINT('',(12.25,-0.25,-3.4));
#9560 = VECTOR('',#9561,1.);
#9561 = DIRECTION('',(0.,0.,1.));
#9562 = ORIENTED_EDGE('',*,*,#7645,.T.);
#9563 = ORIENTED_EDGE('',*,*,#9525,.T.);
#9564 = ORIENTED_EDGE('',*,*,#9565,.F.);
#9565 = EDGE_CURVE('',#9556,#9526,#9566,.T.);
#9566 = LINE('',#9567,#9568);
#9567 = CARTESIAN_POINT('',(12.25,-0.25,4.8));
#9568 = VECTOR('',#9569,1.);
#9569 = DIRECTION('',(-1.,1.224646799147E-16,0.));
#9570 = PLANE('',#9571);
#9571 = AXIS2_PLACEMENT_3D('',#9572,#9573,#9574);
#9572 = CARTESIAN_POINT('',(12.25,-0.25,-3.4));
#9573 = DIRECTION('',(1.224646799147E-16,1.,0.));
#9574 = DIRECTION('',(0.,-0.,1.));
#9575 = ADVANCED_FACE('',(#9576),#9594,.F.);
#9576 = FACE_BOUND('',#9577,.F.);
#9577 = EDGE_LOOP('',(#9578,#9579,#9580,#9588));
#9578 = ORIENTED_EDGE('',*,*,#7637,.T.);
#9579 = ORIENTED_EDGE('',*,*,#9555,.T.);
#9580 = ORIENTED_EDGE('',*,*,#9581,.T.);
#9581 = EDGE_CURVE('',#9556,#9582,#9584,.T.);
#9582 = VERTEX_POINT('',#9583);
#9583 = CARTESIAN_POINT('',(12.25,0.25,4.8));
#9584 = LINE('',#9585,#9586);
#9585 = CARTESIAN_POINT('',(12.25,-0.25,4.8));
#9586 = VECTOR('',#9587,1.);
#9587 = DIRECTION('',(1.224646799147E-16,1.,0.));
#9588 = ORIENTED_EDGE('',*,*,#9589,.T.);
#9589 = EDGE_CURVE('',#9582,#7630,#9590,.T.);
#9590 = LINE('',#9591,#9592);
#9591 = CARTESIAN_POINT('',(12.25,0.25,5.));
#9592 = VECTOR('',#9593,1.);
#9593 = DIRECTION('',(-0.,0.,-1.));
#9594 = PLANE('',#9595);
#9595 = AXIS2_PLACEMENT_3D('',#9596,#9597,#9598);
#9596 = CARTESIAN_POINT('',(12.25,-6.429395695524E-16,0.8));
#9597 = DIRECTION('',(-1.,1.224646799147E-16,0.));
#9598 = DIRECTION('',(0.,0.,1.));
#9599 = ADVANCED_FACE('',(#9600),#9611,.F.);
#9600 = FACE_BOUND('',#9601,.F.);
#9601 = EDGE_LOOP('',(#9602,#9603,#9609,#9610));
#9602 = ORIENTED_EDGE('',*,*,#9589,.F.);
#9603 = ORIENTED_EDGE('',*,*,#9604,.T.);
#9604 = EDGE_CURVE('',#9582,#9534,#9605,.T.);
#9605 = LINE('',#9606,#9607);
#9606 = CARTESIAN_POINT('',(12.25,0.25,4.8));
#9607 = VECTOR('',#9608,1.);
#9608 = DIRECTION('',(-1.,1.224646799147E-16,0.));
#9609 = ORIENTED_EDGE('',*,*,#9541,.T.);
#9610 = ORIENTED_EDGE('',*,*,#7629,.T.);
#9611 = PLANE('',#9612);
#9612 = AXIS2_PLACEMENT_3D('',#9613,#9614,#9615);
#9613 = CARTESIAN_POINT('',(12.25,0.25,5.));
#9614 = DIRECTION('',(-1.224646799147E-16,-1.,0.));
#9615 = DIRECTION('',(-0.,0.,-1.));
#9616 = ADVANCED_FACE('',(#9617),#9642,.F.);
#9617 = FACE_BOUND('',#9618,.F.);
#9618 = EDGE_LOOP('',(#9619,#9627,#9635,#9641));
#9619 = ORIENTED_EDGE('',*,*,#9620,.F.);
#9620 = EDGE_CURVE('',#9621,#7656,#9623,.T.);
#9621 = VERTEX_POINT('',#9622);
#9622 = CARTESIAN_POINT('',(10.25,0.25,4.8));
#9623 = LINE('',#9624,#9625);
#9624 = CARTESIAN_POINT('',(10.25,0.25,5.));
#9625 = VECTOR('',#9626,1.);
#9626 = DIRECTION('',(-0.,0.,-1.));
#9627 = ORIENTED_EDGE('',*,*,#9628,.T.);
#9628 = EDGE_CURVE('',#9621,#9629,#9631,.T.);
#9629 = VERTEX_POINT('',#9630);
#9630 = CARTESIAN_POINT('',(9.75,0.25,4.8));
#9631 = LINE('',#9632,#9633);
#9632 = CARTESIAN_POINT('',(10.25,0.25,4.8));
#9633 = VECTOR('',#9634,1.);
#9634 = DIRECTION('',(-1.,1.224646799147E-16,0.));
#9635 = ORIENTED_EDGE('',*,*,#9636,.T.);
#9636 = EDGE_CURVE('',#9629,#7654,#9637,.T.);
#9637 = LINE('',#9638,#9639);
#9638 = CARTESIAN_POINT('',(9.75,0.25,5.));
#9639 = VECTOR('',#9640,1.);
#9640 = DIRECTION('',(-0.,0.,-1.));
#9641 = ORIENTED_EDGE('',*,*,#7653,.T.);
#9642 = PLANE('',#9643);
#9643 = AXIS2_PLACEMENT_3D('',#9644,#9645,#9646);
#9644 = CARTESIAN_POINT('',(10.25,0.25,5.));
#9645 = DIRECTION('',(-1.224646799147E-16,-1.,0.));
#9646 = DIRECTION('',(-0.,0.,-1.));
#9647 = ADVANCED_FACE('',(#9648),#9666,.T.);
#9648 = FACE_BOUND('',#9649,.T.);
#9649 = EDGE_LOOP('',(#9650,#9651,#9659,#9665));
#9650 = ORIENTED_EDGE('',*,*,#7679,.T.);
#9651 = ORIENTED_EDGE('',*,*,#9652,.T.);
#9652 = EDGE_CURVE('',#7672,#9653,#9655,.T.);
#9653 = VERTEX_POINT('',#9654);
#9654 = CARTESIAN_POINT('',(9.75,-0.25,4.8));
#9655 = LINE('',#9656,#9657);
#9656 = CARTESIAN_POINT('',(9.75,-0.25,-3.4));
#9657 = VECTOR('',#9658,1.);
#9658 = DIRECTION('',(0.,0.,1.));
#9659 = ORIENTED_EDGE('',*,*,#9660,.T.);
#9660 = EDGE_CURVE('',#9653,#9629,#9661,.T.);
#9661 = LINE('',#9662,#9663);
#9662 = CARTESIAN_POINT('',(9.75,-0.25,4.8));
#9663 = VECTOR('',#9664,1.);
#9664 = DIRECTION('',(1.224646799147E-16,1.,0.));
#9665 = ORIENTED_EDGE('',*,*,#9636,.T.);
#9666 = PLANE('',#9667);
#9667 = AXIS2_PLACEMENT_3D('',#9668,#9669,#9670);
#9668 = CARTESIAN_POINT('',(9.75,-3.367778697655E-16,0.8));
#9669 = DIRECTION('',(-1.,1.224646799147E-16,0.));
#9670 = DIRECTION('',(0.,0.,1.));
#9671 = ADVANCED_FACE('',(#9672),#9690,.F.);
#9672 = FACE_BOUND('',#9673,.F.);
#9673 = EDGE_LOOP('',(#9674,#9682,#9683,#9684));
#9674 = ORIENTED_EDGE('',*,*,#9675,.F.);
#9675 = EDGE_CURVE('',#7664,#9676,#9678,.T.);
#9676 = VERTEX_POINT('',#9677);
#9677 = CARTESIAN_POINT('',(10.25,-0.25,4.8));
#9678 = LINE('',#9679,#9680);
#9679 = CARTESIAN_POINT('',(10.25,-0.25,-3.4));
#9680 = VECTOR('',#9681,1.);
#9681 = DIRECTION('',(0.,0.,1.));
#9682 = ORIENTED_EDGE('',*,*,#7671,.T.);
#9683 = ORIENTED_EDGE('',*,*,#9652,.T.);
#9684 = ORIENTED_EDGE('',*,*,#9685,.F.);
#9685 = EDGE_CURVE('',#9676,#9653,#9686,.T.);
#9686 = LINE('',#9687,#9688);
#9687 = CARTESIAN_POINT('',(10.25,-0.25,4.8));
#9688 = VECTOR('',#9689,1.);
#9689 = DIRECTION('',(-1.,1.224646799147E-16,0.));
#9690 = PLANE('',#9691);
#9691 = AXIS2_PLACEMENT_3D('',#9692,#9693,#9694);
#9692 = CARTESIAN_POINT('',(10.25,-0.25,-3.4));
#9693 = DIRECTION('',(1.224646799147E-16,1.,0.));
#9694 = DIRECTION('',(0.,-0.,1.));
#9695 = ADVANCED_FACE('',(#9696),#9707,.F.);
#9696 = FACE_BOUND('',#9697,.F.);
#9697 = EDGE_LOOP('',(#9698,#9699,#9700,#9706));
#9698 = ORIENTED_EDGE('',*,*,#7663,.T.);
#9699 = ORIENTED_EDGE('',*,*,#9675,.T.);
#9700 = ORIENTED_EDGE('',*,*,#9701,.T.);
#9701 = EDGE_CURVE('',#9676,#9621,#9702,.T.);
#9702 = LINE('',#9703,#9704);
#9703 = CARTESIAN_POINT('',(10.25,-0.25,4.8));
#9704 = VECTOR('',#9705,1.);
#9705 = DIRECTION('',(1.224646799147E-16,1.,0.));
#9706 = ORIENTED_EDGE('',*,*,#9620,.T.);
#9707 = PLANE('',#9708);
#9708 = AXIS2_PLACEMENT_3D('',#9709,#9710,#9711);
#9709 = CARTESIAN_POINT('',(10.25,-3.980102097229E-16,0.8));
#9710 = DIRECTION('',(-1.,1.224646799147E-16,0.));
#9711 = DIRECTION('',(0.,0.,1.));
#9712 = ADVANCED_FACE('',(#9713),#9738,.T.);
#9713 = FACE_BOUND('',#9714,.T.);
#9714 = EDGE_LOOP('',(#9715,#9716,#9724,#9732));
#9715 = ORIENTED_EDGE('',*,*,#7687,.T.);
#9716 = ORIENTED_EDGE('',*,*,#9717,.T.);
#9717 = EDGE_CURVE('',#7690,#9718,#9720,.T.);
#9718 = VERTEX_POINT('',#9719);
#9719 = CARTESIAN_POINT('',(7.75,-0.25,4.8));
#9720 = LINE('',#9721,#9722);
#9721 = CARTESIAN_POINT('',(7.75,-0.25,-3.4));
#9722 = VECTOR('',#9723,1.);
#9723 = DIRECTION('',(0.,0.,1.));
#9724 = ORIENTED_EDGE('',*,*,#9725,.T.);
#9725 = EDGE_CURVE('',#9718,#9726,#9728,.T.);
#9726 = VERTEX_POINT('',#9727);
#9727 = CARTESIAN_POINT('',(7.75,0.25,4.8));
#9728 = LINE('',#9729,#9730);
#9729 = CARTESIAN_POINT('',(7.75,-0.25,4.8));
#9730 = VECTOR('',#9731,1.);
#9731 = DIRECTION('',(1.224646799147E-16,1.,0.));
#9732 = ORIENTED_EDGE('',*,*,#9733,.T.);
#9733 = EDGE_CURVE('',#9726,#7688,#9734,.T.);
#9734 = LINE('',#9735,#9736);
#9735 = CARTESIAN_POINT('',(7.75,0.25,5.));
#9736 = VECTOR('',#9737,1.);
#9737 = DIRECTION('',(-0.,0.,-1.));
#9738 = PLANE('',#9739);
#9739 = AXIS2_PLACEMENT_3D('',#9740,#9741,#9742);
#9740 = CARTESIAN_POINT('',(7.75,-9.184850993605E-17,0.8));
#9741 = DIRECTION('',(-1.,1.224646799147E-16,0.));
#9742 = DIRECTION('',(0.,0.,1.));
#9743 = ADVANCED_FACE('',(#9744),#9762,.F.);
#9744 = FACE_BOUND('',#9745,.F.);
#9745 = EDGE_LOOP('',(#9746,#9754,#9755,#9756));
#9746 = ORIENTED_EDGE('',*,*,#9747,.F.);
#9747 = EDGE_CURVE('',#7706,#9748,#9750,.T.);
#9748 = VERTEX_POINT('',#9749);
#9749 = CARTESIAN_POINT('',(8.25,-0.25,4.8));
#9750 = LINE('',#9751,#9752);
#9751 = CARTESIAN_POINT('',(8.25,-0.25,-3.4));
#9752 = VECTOR('',#9753,1.);
#9753 = DIRECTION('',(0.,0.,1.));
#9754 = ORIENTED_EDGE('',*,*,#7713,.T.);
#9755 = ORIENTED_EDGE('',*,*,#9717,.T.);
#9756 = ORIENTED_EDGE('',*,*,#9757,.F.);
#9757 = EDGE_CURVE('',#9748,#9718,#9758,.T.);
#9758 = LINE('',#9759,#9760);
#9759 = CARTESIAN_POINT('',(8.25,-0.25,4.8));
#9760 = VECTOR('',#9761,1.);
#9761 = DIRECTION('',(-1.,1.224646799147E-16,0.));
#9762 = PLANE('',#9763);
#9763 = AXIS2_PLACEMENT_3D('',#9764,#9765,#9766);
#9764 = CARTESIAN_POINT('',(8.25,-0.25,-3.4));
#9765 = DIRECTION('',(1.224646799147E-16,1.,0.));
#9766 = DIRECTION('',(0.,-0.,1.));
#9767 = ADVANCED_FACE('',(#9768),#9786,.F.);
#9768 = FACE_BOUND('',#9769,.F.);
#9769 = EDGE_LOOP('',(#9770,#9771,#9772,#9780));
#9770 = ORIENTED_EDGE('',*,*,#7705,.T.);
#9771 = ORIENTED_EDGE('',*,*,#9747,.T.);
#9772 = ORIENTED_EDGE('',*,*,#9773,.T.);
#9773 = EDGE_CURVE('',#9748,#9774,#9776,.T.);
#9774 = VERTEX_POINT('',#9775);
#9775 = CARTESIAN_POINT('',(8.25,0.25,4.8));
#9776 = LINE('',#9777,#9778);
#9777 = CARTESIAN_POINT('',(8.25,-0.25,4.8));
#9778 = VECTOR('',#9779,1.);
#9779 = DIRECTION('',(1.224646799147E-16,1.,0.));
#9780 = ORIENTED_EDGE('',*,*,#9781,.T.);
#9781 = EDGE_CURVE('',#9774,#7698,#9782,.T.);
#9782 = LINE('',#9783,#9784);
#9783 = CARTESIAN_POINT('',(8.25,0.25,5.));
#9784 = VECTOR('',#9785,1.);
#9785 = DIRECTION('',(-0.,0.,-1.));
#9786 = PLANE('',#9787);
#9787 = AXIS2_PLACEMENT_3D('',#9788,#9789,#9790);
#9788 = CARTESIAN_POINT('',(8.25,-1.530808498934E-16,0.8));
#9789 = DIRECTION('',(-1.,1.224646799147E-16,0.));
#9790 = DIRECTION('',(0.,0.,1.));
#9791 = ADVANCED_FACE('',(#9792),#9803,.F.);
#9792 = FACE_BOUND('',#9793,.F.);
#9793 = EDGE_LOOP('',(#9794,#9795,#9801,#9802));
#9794 = ORIENTED_EDGE('',*,*,#9781,.F.);
#9795 = ORIENTED_EDGE('',*,*,#9796,.T.);
#9796 = EDGE_CURVE('',#9774,#9726,#9797,.T.);
#9797 = LINE('',#9798,#9799);
#9798 = CARTESIAN_POINT('',(8.25,0.25,4.8));
#9799 = VECTOR('',#9800,1.);
#9800 = DIRECTION('',(-1.,1.224646799147E-16,0.));
#9801 = ORIENTED_EDGE('',*,*,#9733,.T.);
#9802 = ORIENTED_EDGE('',*,*,#7697,.T.);
#9803 = PLANE('',#9804);
#9804 = AXIS2_PLACEMENT_3D('',#9805,#9806,#9807);
#9805 = CARTESIAN_POINT('',(8.25,0.25,5.));
#9806 = DIRECTION('',(-1.224646799147E-16,-1.,0.));
#9807 = DIRECTION('',(-0.,0.,-1.));
#9808 = ADVANCED_FACE('',(#9809),#9834,.F.);
#9809 = FACE_BOUND('',#9810,.F.);
#9810 = EDGE_LOOP('',(#9811,#9812,#9820,#9828));
#9811 = ORIENTED_EDGE('',*,*,#7721,.T.);
#9812 = ORIENTED_EDGE('',*,*,#9813,.T.);
#9813 = EDGE_CURVE('',#7724,#9814,#9816,.T.);
#9814 = VERTEX_POINT('',#9815);
#9815 = CARTESIAN_POINT('',(14.25,-0.25,4.8));
#9816 = LINE('',#9817,#9818);
#9817 = CARTESIAN_POINT('',(14.25,-0.25,-0.9));
#9818 = VECTOR('',#9819,1.);
#9819 = DIRECTION('',(0.,0.,1.));
#9820 = ORIENTED_EDGE('',*,*,#9821,.T.);
#9821 = EDGE_CURVE('',#9814,#9822,#9824,.T.);
#9822 = VERTEX_POINT('',#9823);
#9823 = CARTESIAN_POINT('',(14.25,0.25,4.8));
#9824 = LINE('',#9825,#9826);
#9825 = CARTESIAN_POINT('',(14.25,-0.25,4.8));
#9826 = VECTOR('',#9827,1.);
#9827 = DIRECTION('',(1.224646799147E-16,1.,0.));
#9828 = ORIENTED_EDGE('',*,*,#9829,.T.);
#9829 = EDGE_CURVE('',#9822,#7722,#9830,.T.);
#9830 = LINE('',#9831,#9832);
#9831 = CARTESIAN_POINT('',(14.25,0.25,5.));
#9832 = VECTOR('',#9833,1.);
#9833 = DIRECTION('',(-0.,0.,-1.));
#9834 = PLANE('',#9835);
#9835 = AXIS2_PLACEMENT_3D('',#9836,#9837,#9838);
#9836 = CARTESIAN_POINT('',(14.25,4.326643272645E-02,0.775746953017));
#9837 = DIRECTION('',(-1.,1.224646799147E-16,0.));
#9838 = DIRECTION('',(0.,0.,1.));
#9839 = ADVANCED_FACE('',(#9840),#9858,.F.);
#9840 = FACE_BOUND('',#9841,.F.);
#9841 = EDGE_LOOP('',(#9842,#9843,#9851,#9857));
#9842 = ORIENTED_EDGE('',*,*,#9829,.F.);
#9843 = ORIENTED_EDGE('',*,*,#9844,.T.);
#9844 = EDGE_CURVE('',#9822,#9845,#9847,.T.);
#9845 = VERTEX_POINT('',#9846);
#9846 = CARTESIAN_POINT('',(13.75,0.25,4.8));
#9847 = LINE('',#9848,#9849);
#9848 = CARTESIAN_POINT('',(14.25,0.25,4.8));
#9849 = VECTOR('',#9850,1.);
#9850 = DIRECTION('',(-1.,1.224646799147E-16,0.));
#9851 = ORIENTED_EDGE('',*,*,#9852,.T.);
#9852 = EDGE_CURVE('',#9845,#7740,#9853,.T.);
#9853 = LINE('',#9854,#9855);
#9854 = CARTESIAN_POINT('',(13.75,0.25,5.));
#9855 = VECTOR('',#9856,1.);
#9856 = DIRECTION('',(-0.,0.,-1.));
#9857 = ORIENTED_EDGE('',*,*,#7747,.T.);
#9858 = PLANE('',#9859);
#9859 = AXIS2_PLACEMENT_3D('',#9860,#9861,#9862);
#9860 = CARTESIAN_POINT('',(14.25,0.25,5.));
#9861 = DIRECTION('',(-1.224646799147E-16,-1.,0.));
#9862 = DIRECTION('',(-0.,0.,-1.));
#9863 = ADVANCED_FACE('',(#9864),#9882,.T.);
#9864 = FACE_BOUND('',#9865,.T.);
#9865 = EDGE_LOOP('',(#9866,#9867,#9875,#9881));
#9866 = ORIENTED_EDGE('',*,*,#7739,.T.);
#9867 = ORIENTED_EDGE('',*,*,#9868,.T.);
#9868 = EDGE_CURVE('',#7732,#9869,#9871,.T.);
#9869 = VERTEX_POINT('',#9870);
#9870 = CARTESIAN_POINT('',(13.75,-0.25,4.8));
#9871 = LINE('',#9872,#9873);
#9872 = CARTESIAN_POINT('',(13.75,-0.25,-0.9));
#9873 = VECTOR('',#9874,1.);
#9874 = DIRECTION('',(0.,0.,1.));
#9875 = ORIENTED_EDGE('',*,*,#9876,.T.);
#9876 = EDGE_CURVE('',#9869,#9845,#9877,.T.);
#9877 = LINE('',#9878,#9879);
#9878 = CARTESIAN_POINT('',(13.75,-0.25,4.8));
#9879 = VECTOR('',#9880,1.);
#9880 = DIRECTION('',(1.224646799147E-16,1.,0.));
#9881 = ORIENTED_EDGE('',*,*,#9852,.T.);
#9882 = PLANE('',#9883);
#9883 = AXIS2_PLACEMENT_3D('',#9884,#9885,#9886);
#9884 = CARTESIAN_POINT('',(13.75,4.326643272645E-02,0.775746953017));
#9885 = DIRECTION('',(-1.,1.224646799147E-16,0.));
#9886 = DIRECTION('',(0.,0.,1.));
#9887 = ADVANCED_FACE('',(#9888),#9899,.F.);
#9888 = FACE_BOUND('',#9889,.F.);
#9889 = EDGE_LOOP('',(#9890,#9891,#9892,#9893));
#9890 = ORIENTED_EDGE('',*,*,#9813,.F.);
#9891 = ORIENTED_EDGE('',*,*,#7731,.T.);
#9892 = ORIENTED_EDGE('',*,*,#9868,.T.);
#9893 = ORIENTED_EDGE('',*,*,#9894,.F.);
#9894 = EDGE_CURVE('',#9814,#9869,#9895,.T.);
#9895 = LINE('',#9896,#9897);
#9896 = CARTESIAN_POINT('',(14.25,-0.25,4.8));
#9897 = VECTOR('',#9898,1.);
#9898 = DIRECTION('',(-1.,1.224646799147E-16,0.));
#9899 = PLANE('',#9900);
#9900 = AXIS2_PLACEMENT_3D('',#9901,#9902,#9903);
#9901 = CARTESIAN_POINT('',(14.25,-0.25,-0.9));
#9902 = DIRECTION('',(1.224646799147E-16,1.,0.));
#9903 = DIRECTION('',(0.,-0.,1.));
#9904 = ADVANCED_FACE('',(#9905),#9930,.F.);
#9905 = FACE_BOUND('',#9906,.F.);
#9906 = EDGE_LOOP('',(#9907,#9908,#9916,#9924));
#9907 = ORIENTED_EDGE('',*,*,#7755,.T.);
#9908 = ORIENTED_EDGE('',*,*,#9909,.T.);
#9909 = EDGE_CURVE('',#7758,#9910,#9912,.T.);
#9910 = VERTEX_POINT('',#9911);
#9911 = CARTESIAN_POINT('',(0.25,-0.25,4.8));
#9912 = LINE('',#9913,#9914);
#9913 = CARTESIAN_POINT('',(0.25,-0.25,-0.9));
#9914 = VECTOR('',#9915,1.);
#9915 = DIRECTION('',(0.,0.,1.));
#9916 = ORIENTED_EDGE('',*,*,#9917,.T.);
#9917 = EDGE_CURVE('',#9910,#9918,#9920,.T.);
#9918 = VERTEX_POINT('',#9919);
#9919 = CARTESIAN_POINT('',(0.25,0.25,4.8));
#9920 = LINE('',#9921,#9922);
#9921 = CARTESIAN_POINT('',(0.25,-0.25,4.8));
#9922 = VECTOR('',#9923,1.);
#9923 = DIRECTION('',(1.224646799147E-16,1.,0.));
#9924 = ORIENTED_EDGE('',*,*,#9925,.T.);
#9925 = EDGE_CURVE('',#9918,#7756,#9926,.T.);
#9926 = LINE('',#9927,#9928);
#9927 = CARTESIAN_POINT('',(0.25,0.25,5.));
#9928 = VECTOR('',#9929,1.);
#9929 = DIRECTION('',(-0.,0.,-1.));
#9930 = PLANE('',#9931);
#9931 = AXIS2_PLACEMENT_3D('',#9932,#9933,#9934);
#9932 = CARTESIAN_POINT('',(0.25,4.326643272645E-02,0.775746953017));
#9933 = DIRECTION('',(-1.,1.224646799147E-16,0.));
#9934 = DIRECTION('',(0.,0.,1.));
#9935 = ADVANCED_FACE('',(#9936),#9954,.F.);
#9936 = FACE_BOUND('',#9937,.F.);
#9937 = EDGE_LOOP('',(#9938,#9939,#9947,#9953));
#9938 = ORIENTED_EDGE('',*,*,#9925,.F.);
#9939 = ORIENTED_EDGE('',*,*,#9940,.T.);
#9940 = EDGE_CURVE('',#9918,#9941,#9943,.T.);
#9941 = VERTEX_POINT('',#9942);
#9942 = CARTESIAN_POINT('',(-0.25,0.25,4.8));
#9943 = LINE('',#9944,#9945);
#9944 = CARTESIAN_POINT('',(0.25,0.25,4.8));
#9945 = VECTOR('',#9946,1.);
#9946 = DIRECTION('',(-1.,1.224646799147E-16,0.));
#9947 = ORIENTED_EDGE('',*,*,#9948,.T.);
#9948 = EDGE_CURVE('',#9941,#7774,#9949,.T.);
#9949 = LINE('',#9950,#9951);
#9950 = CARTESIAN_POINT('',(-0.25,0.25,5.));
#9951 = VECTOR('',#9952,1.);
#9952 = DIRECTION('',(-0.,0.,-1.));
#9953 = ORIENTED_EDGE('',*,*,#7781,.T.);
#9954 = PLANE('',#9955);
#9955 = AXIS2_PLACEMENT_3D('',#9956,#9957,#9958);
#9956 = CARTESIAN_POINT('',(0.25,0.25,5.));
#9957 = DIRECTION('',(-1.224646799147E-16,-1.,0.));
#9958 = DIRECTION('',(-0.,0.,-1.));
#9959 = ADVANCED_FACE('',(#9960),#9978,.T.);
#9960 = FACE_BOUND('',#9961,.T.);
#9961 = EDGE_LOOP('',(#9962,#9963,#9971,#9977));
#9962 = ORIENTED_EDGE('',*,*,#7773,.T.);
#9963 = ORIENTED_EDGE('',*,*,#9964,.T.);
#9964 = EDGE_CURVE('',#7766,#9965,#9967,.T.);
#9965 = VERTEX_POINT('',#9966);
#9966 = CARTESIAN_POINT('',(-0.25,-0.25,4.8));
#9967 = LINE('',#9968,#9969);
#9968 = CARTESIAN_POINT('',(-0.25,-0.25,-0.9));
#9969 = VECTOR('',#9970,1.);
#9970 = DIRECTION('',(0.,0.,1.));
#9971 = ORIENTED_EDGE('',*,*,#9972,.T.);
#9972 = EDGE_CURVE('',#9965,#9941,#9973,.T.);
#9973 = LINE('',#9974,#9975);
#9974 = CARTESIAN_POINT('',(-0.25,-0.25,4.8));
#9975 = VECTOR('',#9976,1.);
#9976 = DIRECTION('',(1.224646799147E-16,1.,0.));
#9977 = ORIENTED_EDGE('',*,*,#9948,.T.);
#9978 = PLANE('',#9979);
#9979 = AXIS2_PLACEMENT_3D('',#9980,#9981,#9982);
#9980 = CARTESIAN_POINT('',(-0.25,4.326643272645E-02,0.775746953017));
#9981 = DIRECTION('',(-1.,1.224646799147E-16,0.));
#9982 = DIRECTION('',(0.,0.,1.));
#9983 = ADVANCED_FACE('',(#9984),#9995,.F.);
#9984 = FACE_BOUND('',#9985,.F.);
#9985 = EDGE_LOOP('',(#9986,#9987,#9988,#9989));
#9986 = ORIENTED_EDGE('',*,*,#9909,.F.);
#9987 = ORIENTED_EDGE('',*,*,#7765,.T.);
#9988 = ORIENTED_EDGE('',*,*,#9964,.T.);
#9989 = ORIENTED_EDGE('',*,*,#9990,.F.);
#9990 = EDGE_CURVE('',#9910,#9965,#9991,.T.);
#9991 = LINE('',#9992,#9993);
#9992 = CARTESIAN_POINT('',(0.25,-0.25,4.8));
#9993 = VECTOR('',#9994,1.);
#9994 = DIRECTION('',(-1.,1.224646799147E-16,0.));
#9995 = PLANE('',#9996);
#9996 = AXIS2_PLACEMENT_3D('',#9997,#9998,#9999);
#9997 = CARTESIAN_POINT('',(0.25,-0.25,-0.9));
#9998 = DIRECTION('',(1.224646799147E-16,1.,0.));
#9999 = DIRECTION('',(0.,-0.,1.));
#10000 = ADVANCED_FACE('',(#10001),#10042,.T.);
#10001 = FACE_BOUND('',#10002,.F.);
#10002 = EDGE_LOOP('',(#10003,#10013,#10021,#10029,#10035,#10036));
#10003 = ORIENTED_EDGE('',*,*,#10004,.F.);
#10004 = EDGE_CURVE('',#10005,#10007,#10009,.T.);
#10005 = VERTEX_POINT('',#10006);
#10006 = CARTESIAN_POINT('',(5.E-02,5.E-02,-3.4));
#10007 = VERTEX_POINT('',#10008);
#10008 = CARTESIAN_POINT('',(0.247552593066,0.281192514695,
    -3.202447406934));
#10009 = LINE('',#10010,#10011);
#10010 = CARTESIAN_POINT('',(0.17881689775,0.200752273427,-3.27118310225
    ));
#10011 = VECTOR('',#10012,1.);
#10012 = DIRECTION('',(0.544770019249,0.63753529491,0.544770019249));
#10013 = ORIENTED_EDGE('',*,*,#10014,.T.);
#10014 = EDGE_CURVE('',#10005,#10015,#10017,.T.);
#10015 = VERTEX_POINT('',#10016);
#10016 = CARTESIAN_POINT('',(5.E-02,-5.E-02,-3.4));
#10017 = LINE('',#10018,#10019);
#10018 = CARTESIAN_POINT('',(5.E-02,0.25,-3.4));
#10019 = VECTOR('',#10020,1.);
#10020 = DIRECTION('',(-1.224646799147E-16,-1.,0.));
#10021 = ORIENTED_EDGE('',*,*,#10022,.T.);
#10022 = EDGE_CURVE('',#10015,#10023,#10025,.T.);
#10023 = VERTEX_POINT('',#10024);
#10024 = CARTESIAN_POINT('',(0.247552593066,-0.218807485305,
    -3.202447406934));
#10025 = LINE('',#10026,#10027);
#10026 = CARTESIAN_POINT('',(0.107606629418,-9.92245133213E-02,
    -3.342393370582));
#10027 = VECTOR('',#10028,1.);
#10028 = DIRECTION('',(0.605209817607,-0.517148096144,0.605209817607));
#10029 = ORIENTED_EDGE('',*,*,#10030,.T.);
#10030 = EDGE_CURVE('',#10023,#8253,#10031,.T.);
#10031 = LINE('',#10032,#10033);
#10032 = CARTESIAN_POINT('',(0.168262653899,-0.231326949384,
    -3.281737346101));
#10033 = VECTOR('',#10034,1.);
#10034 = DIRECTION('',(0.702740385383,0.110959008218,0.702740385383));
#10035 = ORIENTED_EDGE('',*,*,#8250,.F.);
#10036 = ORIENTED_EDGE('',*,*,#10037,.F.);
#10037 = EDGE_CURVE('',#10007,#8251,#10038,.T.);
#10038 = LINE('',#10039,#10040);
#10039 = CARTESIAN_POINT('',(0.629616963064,0.341518467852,
    -2.820383036936));
#10040 = VECTOR('',#10041,1.);
#10041 = DIRECTION('',(0.702740385383,0.110959008218,0.702740385383));
#10042 = PLANE('',#10043);
#10043 = AXIS2_PLACEMENT_3D('',#10044,#10045,#10046);
#10044 = CARTESIAN_POINT('',(0.15,0.25,-3.3));
#10045 = DIRECTION('',(0.707106781187,-8.486018839685E-17,
    -0.707106781187));
#10046 = DIRECTION('',(1.212375546256E-16,1.,1.227125289196E-18));
#10047 = ADVANCED_FACE('',(#10048),#10073,.F.);
#10048 = FACE_BOUND('',#10049,.F.);
#10049 = EDGE_LOOP('',(#10050,#10051,#10057,#10058,#10066,#10072));
#10050 = ORIENTED_EDGE('',*,*,#8299,.F.);
#10051 = ORIENTED_EDGE('',*,*,#10052,.T.);
#10052 = EDGE_CURVE('',#8292,#8372,#10053,.T.);
#10053 = LINE('',#10054,#10055);
#10054 = CARTESIAN_POINT('',(0.25,0.55,-1.5));
#10055 = VECTOR('',#10056,1.);
#10056 = DIRECTION('',(-1.,1.224646799147E-16,0.));
#10057 = ORIENTED_EDGE('',*,*,#8379,.T.);
#10058 = ORIENTED_EDGE('',*,*,#10059,.F.);
#10059 = EDGE_CURVE('',#10060,#8338,#10062,.T.);
#10060 = VERTEX_POINT('',#10061);
#10061 = CARTESIAN_POINT('',(-0.247552593066,0.281192514695,
    -3.202447406934));
#10062 = LINE('',#10063,#10064);
#10063 = CARTESIAN_POINT('',(-0.506155950752,0.322024623803,
    -2.943844049248));
#10064 = VECTOR('',#10065,1.);
#10065 = DIRECTION('',(-0.702740385383,0.110959008218,0.702740385383));
#10066 = ORIENTED_EDGE('',*,*,#10067,.F.);
#10067 = EDGE_CURVE('',#10007,#10060,#10068,.T.);
#10068 = LINE('',#10069,#10070);
#10069 = CARTESIAN_POINT('',(0.25,0.281192514695,-3.202447406934));
#10070 = VECTOR('',#10071,1.);
#10071 = DIRECTION('',(-1.,1.224646799147E-16,0.));
#10072 = ORIENTED_EDGE('',*,*,#10037,.T.);
#10073 = PLANE('',#10074);
#10074 = AXIS2_PLACEMENT_3D('',#10075,#10076,#10077);
#10075 = CARTESIAN_POINT('',(0.25,0.55,-1.5));
#10076 = DIRECTION('',(-1.209660753807E-16,-0.987762965329,
    0.155962573473));
#10077 = DIRECTION('',(-1.909990663905E-17,-0.155962573473,
    -0.987762965329));
#10078 = ADVANCED_FACE('',(#10079),#10085,.F.);
#10079 = FACE_BOUND('',#10080,.F.);
#10080 = EDGE_LOOP('',(#10081,#10082,#10083,#10084));
#10081 = ORIENTED_EDGE('',*,*,#8323,.T.);
#10082 = ORIENTED_EDGE('',*,*,#8371,.T.);
#10083 = ORIENTED_EDGE('',*,*,#10052,.F.);
#10084 = ORIENTED_EDGE('',*,*,#8291,.F.);
#10085 = PLANE('',#10086);
#10086 = AXIS2_PLACEMENT_3D('',#10087,#10088,#10089);
#10087 = CARTESIAN_POINT('',(0.25,0.25,-0.9));
#10088 = DIRECTION('',(-1.095357396528E-16,-0.894427191,-0.4472135955));
#10089 = DIRECTION('',(5.476786982641E-17,0.4472135955,-0.894427191));
#10090 = ADVANCED_FACE('',(#10091),#10102,.F.);
#10091 = FACE_BOUND('',#10092,.F.);
#10092 = EDGE_LOOP('',(#10093,#10099,#10100,#10101));
#10093 = ORIENTED_EDGE('',*,*,#10094,.T.);
#10094 = EDGE_CURVE('',#8261,#8348,#10095,.T.);
#10095 = LINE('',#10096,#10097);
#10096 = CARTESIAN_POINT('',(0.25,5.E-02,-1.5));
#10097 = VECTOR('',#10098,1.);
#10098 = DIRECTION('',(-1.,1.224646799147E-16,0.));
#10099 = ORIENTED_EDGE('',*,*,#8355,.T.);
#10100 = ORIENTED_EDGE('',*,*,#8394,.F.);
#10101 = ORIENTED_EDGE('',*,*,#8268,.F.);
#10102 = PLANE('',#10103);
#10103 = AXIS2_PLACEMENT_3D('',#10104,#10105,#10106);
#10104 = CARTESIAN_POINT('',(0.25,5.E-02,-1.5));
#10105 = DIRECTION('',(1.095357396528E-16,0.894427191,0.4472135955));
#10106 = DIRECTION('',(-5.476786982641E-17,-0.4472135955,0.894427191));
#10107 = ADVANCED_FACE('',(#10108),#10128,.F.);
#10108 = FACE_BOUND('',#10109,.F.);
#10109 = EDGE_LOOP('',(#10110,#10111,#10112,#10120,#10126,#10127));
#10110 = ORIENTED_EDGE('',*,*,#8260,.F.);
#10111 = ORIENTED_EDGE('',*,*,#10030,.F.);
#10112 = ORIENTED_EDGE('',*,*,#10113,.T.);
#10113 = EDGE_CURVE('',#10023,#10114,#10116,.T.);
#10114 = VERTEX_POINT('',#10115);
#10115 = CARTESIAN_POINT('',(-0.247552593066,-0.218807485305,
    -3.202447406934));
#10116 = LINE('',#10117,#10118);
#10117 = CARTESIAN_POINT('',(0.25,-0.218807485305,-3.202447406934));
#10118 = VECTOR('',#10119,1.);
#10119 = DIRECTION('',(-1.,1.224646799147E-16,0.));
#10120 = ORIENTED_EDGE('',*,*,#10121,.T.);
#10121 = EDGE_CURVE('',#10114,#8340,#10122,.T.);
#10122 = LINE('',#10123,#10124);
#10123 = CARTESIAN_POINT('',(-4.480164158687E-02,-0.250820793434,
    -3.405198358413));
#10124 = VECTOR('',#10125,1.);
#10125 = DIRECTION('',(-0.702740385383,0.110959008218,0.702740385383));
#10126 = ORIENTED_EDGE('',*,*,#8347,.T.);
#10127 = ORIENTED_EDGE('',*,*,#10094,.F.);
#10128 = PLANE('',#10129);
#10129 = AXIS2_PLACEMENT_3D('',#10130,#10131,#10132);
#10130 = CARTESIAN_POINT('',(0.25,-0.25,-3.4));
#10131 = DIRECTION('',(1.209660753807E-16,0.987762965329,-0.155962573473
    ));
#10132 = DIRECTION('',(1.909990663905E-17,0.155962573473,0.987762965329)
  );
#10133 = ADVANCED_FACE('',(#10134),#10161,.F.);
#10134 = FACE_BOUND('',#10135,.T.);
#10135 = EDGE_LOOP('',(#10136,#10144,#10145,#10146,#10147,#10155));
#10136 = ORIENTED_EDGE('',*,*,#10137,.T.);
#10137 = EDGE_CURVE('',#10138,#10114,#10140,.T.);
#10138 = VERTEX_POINT('',#10139);
#10139 = CARTESIAN_POINT('',(-5.E-02,-5.E-02,-3.4));
#10140 = LINE('',#10141,#10142);
#10141 = CARTESIAN_POINT('',(-1.603689858649E-02,-2.097873708559E-02,
    -3.433963101414));
#10142 = VECTOR('',#10143,1.);
#10143 = DIRECTION('',(-0.605209817607,-0.517148096144,0.605209817607));
#10144 = ORIENTED_EDGE('',*,*,#10121,.T.);
#10145 = ORIENTED_EDGE('',*,*,#8337,.F.);
#10146 = ORIENTED_EDGE('',*,*,#10059,.F.);
#10147 = ORIENTED_EDGE('',*,*,#10148,.F.);
#10148 = EDGE_CURVE('',#10149,#10060,#10151,.T.);
#10149 = VERTEX_POINT('',#10150);
#10150 = CARTESIAN_POINT('',(-5.E-02,5.E-02,-3.4));
#10151 = LINE('',#10152,#10153);
#10152 = CARTESIAN_POINT('',(-0.104623304282,0.113924744707,
    -3.345376695718));
#10153 = VECTOR('',#10154,1.);
#10154 = DIRECTION('',(-0.544770019249,0.63753529491,0.544770019249));
#10155 = ORIENTED_EDGE('',*,*,#10156,.T.);
#10156 = EDGE_CURVE('',#10149,#10138,#10157,.T.);
#10157 = LINE('',#10158,#10159);
#10158 = CARTESIAN_POINT('',(-5.E-02,0.25,-3.4));
#10159 = VECTOR('',#10160,1.);
#10160 = DIRECTION('',(-1.224646799147E-16,-1.,0.));
#10161 = PLANE('',#10162);
#10162 = AXIS2_PLACEMENT_3D('',#10163,#10164,#10165);
#10163 = CARTESIAN_POINT('',(-0.15,0.25,-3.3));
#10164 = DIRECTION('',(0.707106781187,-8.833102285013E-17,0.707106781187
    ));
#10165 = DIRECTION('',(1.236918052038E-16,1.,1.227125289097E-18));
#10166 = ADVANCED_FACE('',(#10167),#10192,.F.);
#10167 = FACE_BOUND('',#10168,.T.);
#10168 = EDGE_LOOP('',(#10169,#10177,#10185,#10191));
#10169 = ORIENTED_EDGE('',*,*,#10170,.F.);
#10170 = EDGE_CURVE('',#10171,#8411,#10173,.T.);
#10171 = VERTEX_POINT('',#10172);
#10172 = CARTESIAN_POINT('',(1.95,5.E-02,-3.4));
#10173 = LINE('',#10174,#10175);
#10174 = CARTESIAN_POINT('',(1.9,0.1,-3.35));
#10175 = VECTOR('',#10176,1.);
#10176 = DIRECTION('',(-0.57735026919,0.57735026919,0.57735026919));
#10177 = ORIENTED_EDGE('',*,*,#10178,.T.);
#10178 = EDGE_CURVE('',#10171,#10179,#10181,.T.);
#10179 = VERTEX_POINT('',#10180);
#10180 = CARTESIAN_POINT('',(1.95,-5.E-02,-3.4));
#10181 = LINE('',#10182,#10183);
#10182 = CARTESIAN_POINT('',(1.95,0.25,-3.4));
#10183 = VECTOR('',#10184,1.);
#10184 = DIRECTION('',(-1.224646799147E-16,-1.,0.));
#10185 = ORIENTED_EDGE('',*,*,#10186,.T.);
#10186 = EDGE_CURVE('',#10179,#8413,#10187,.T.);
#10187 = LINE('',#10188,#10189);
#10188 = CARTESIAN_POINT('',(1.983333333333,-1.666666666667E-02,
    -3.433333333333));
#10189 = VECTOR('',#10190,1.);
#10190 = DIRECTION('',(-0.57735026919,-0.57735026919,0.57735026919));
#10191 = ORIENTED_EDGE('',*,*,#8410,.F.);
#10192 = PLANE('',#10193);
#10193 = AXIS2_PLACEMENT_3D('',#10194,#10195,#10196);
#10194 = CARTESIAN_POINT('',(1.85,0.25,-3.3));
#10195 = DIRECTION('',(0.707106781187,-8.833102285013E-17,0.707106781187
    ));
#10196 = DIRECTION('',(1.236918052038E-16,1.,1.227125289097E-18));
#10197 = ADVANCED_FACE('',(#10198),#10216,.T.);
#10198 = FACE_BOUND('',#10199,.F.);
#10199 = EDGE_LOOP('',(#10200,#10208,#10214,#10215));
#10200 = ORIENTED_EDGE('',*,*,#10201,.F.);
#10201 = EDGE_CURVE('',#10202,#8442,#10204,.T.);
#10202 = VERTEX_POINT('',#10203);
#10203 = CARTESIAN_POINT('',(2.05,-5.E-02,-3.4));
#10204 = LINE('',#10205,#10206);
#10205 = CARTESIAN_POINT('',(2.1,-0.1,-3.35));
#10206 = VECTOR('',#10207,1.);
#10207 = DIRECTION('',(0.57735026919,-0.57735026919,0.57735026919));
#10208 = ORIENTED_EDGE('',*,*,#10209,.T.);
#10209 = EDGE_CURVE('',#10202,#10179,#10210,.T.);
#10210 = LINE('',#10211,#10212);
#10211 = CARTESIAN_POINT('',(2.25,-5.E-02,-3.4));
#10212 = VECTOR('',#10213,1.);
#10213 = DIRECTION('',(-1.,1.224646799147E-16,0.));
#10214 = ORIENTED_EDGE('',*,*,#10186,.T.);
#10215 = ORIENTED_EDGE('',*,*,#8449,.F.);
#10216 = PLANE('',#10217);
#10217 = AXIS2_PLACEMENT_3D('',#10218,#10219,#10220);
#10218 = CARTESIAN_POINT('',(2.25,-0.15,-3.3));
#10219 = DIRECTION('',(-8.486018839685E-17,-0.707106781187,
    -0.707106781187));
#10220 = DIRECTION('',(1.,-1.212375546256E-16,1.227125289196E-18));
#10221 = ADVANCED_FACE('',(#10222),#10240,.T.);
#10222 = FACE_BOUND('',#10223,.F.);
#10223 = EDGE_LOOP('',(#10224,#10232,#10238,#10239));
#10224 = ORIENTED_EDGE('',*,*,#10225,.F.);
#10225 = EDGE_CURVE('',#10226,#8466,#10228,.T.);
#10226 = VERTEX_POINT('',#10227);
#10227 = CARTESIAN_POINT('',(2.05,5.E-02,-3.4));
#10228 = LINE('',#10229,#10230);
#10229 = CARTESIAN_POINT('',(2.183333333333,0.183333333333,
    -3.266666666667));
#10230 = VECTOR('',#10231,1.);
#10231 = DIRECTION('',(0.57735026919,0.57735026919,0.57735026919));
#10232 = ORIENTED_EDGE('',*,*,#10233,.T.);
#10233 = EDGE_CURVE('',#10226,#10202,#10234,.T.);
#10234 = LINE('',#10235,#10236);
#10235 = CARTESIAN_POINT('',(2.05,0.25,-3.4));
#10236 = VECTOR('',#10237,1.);
#10237 = DIRECTION('',(-1.224646799147E-16,-1.,0.));
#10238 = ORIENTED_EDGE('',*,*,#10201,.T.);
#10239 = ORIENTED_EDGE('',*,*,#8465,.F.);
#10240 = PLANE('',#10241);
#10241 = AXIS2_PLACEMENT_3D('',#10242,#10243,#10244);
#10242 = CARTESIAN_POINT('',(2.15,0.25,-3.3));
#10243 = DIRECTION('',(0.707106781187,-8.486018839685E-17,
    -0.707106781187));
#10244 = DIRECTION('',(1.212375546256E-16,1.,1.227125289196E-18));
#10245 = ADVANCED_FACE('',(#10246),#10257,.T.);
#10246 = FACE_BOUND('',#10247,.T.);
#10247 = EDGE_LOOP('',(#10248,#10249,#10255,#10256));
#10248 = ORIENTED_EDGE('',*,*,#10225,.F.);
#10249 = ORIENTED_EDGE('',*,*,#10250,.T.);
#10250 = EDGE_CURVE('',#10226,#10171,#10251,.T.);
#10251 = LINE('',#10252,#10253);
#10252 = CARTESIAN_POINT('',(2.25,5.E-02,-3.4));
#10253 = VECTOR('',#10254,1.);
#10254 = DIRECTION('',(-1.,1.224646799147E-16,0.));
#10255 = ORIENTED_EDGE('',*,*,#10170,.T.);
#10256 = ORIENTED_EDGE('',*,*,#8492,.F.);
#10257 = PLANE('',#10258);
#10258 = AXIS2_PLACEMENT_3D('',#10259,#10260,#10261);
#10259 = CARTESIAN_POINT('',(2.25,0.15,-3.3));
#10260 = DIRECTION('',(8.486018839685E-17,0.707106781187,-0.707106781187
    ));
#10261 = DIRECTION('',(-1.,1.212375546256E-16,1.227125289196E-18));
#10262 = ADVANCED_FACE('',(#10263),#10288,.T.);
#10263 = FACE_BOUND('',#10264,.F.);
#10264 = EDGE_LOOP('',(#10265,#10273,#10281,#10287));
#10265 = ORIENTED_EDGE('',*,*,#10266,.F.);
#10266 = EDGE_CURVE('',#10267,#8507,#10269,.T.);
#10267 = VERTEX_POINT('',#10268);
#10268 = CARTESIAN_POINT('',(4.05,5.E-02,-3.4));
#10269 = LINE('',#10270,#10271);
#10270 = CARTESIAN_POINT('',(4.183333333333,0.183333333333,
    -3.266666666667));
#10271 = VECTOR('',#10272,1.);
#10272 = DIRECTION('',(0.57735026919,0.57735026919,0.57735026919));
#10273 = ORIENTED_EDGE('',*,*,#10274,.T.);
#10274 = EDGE_CURVE('',#10267,#10275,#10277,.T.);
#10275 = VERTEX_POINT('',#10276);
#10276 = CARTESIAN_POINT('',(4.05,-5.E-02,-3.4));
#10277 = LINE('',#10278,#10279);
#10278 = CARTESIAN_POINT('',(4.05,0.25,-3.4));
#10279 = VECTOR('',#10280,1.);
#10280 = DIRECTION('',(-1.224646799147E-16,-1.,0.));
#10281 = ORIENTED_EDGE('',*,*,#10282,.T.);
#10282 = EDGE_CURVE('',#10275,#8509,#10283,.T.);
#10283 = LINE('',#10284,#10285);
#10284 = CARTESIAN_POINT('',(4.1,-0.1,-3.35));
#10285 = VECTOR('',#10286,1.);
#10286 = DIRECTION('',(0.57735026919,-0.57735026919,0.57735026919));
#10287 = ORIENTED_EDGE('',*,*,#8506,.F.);
#10288 = PLANE('',#10289);
#10289 = AXIS2_PLACEMENT_3D('',#10290,#10291,#10292);
#10290 = CARTESIAN_POINT('',(4.15,0.25,-3.3));
#10291 = DIRECTION('',(0.707106781187,-8.486018839685E-17,
    -0.707106781187));
#10292 = DIRECTION('',(1.212375546256E-16,1.,1.227125289196E-18));
#10293 = ADVANCED_FACE('',(#10294),#10312,.T.);
#10294 = FACE_BOUND('',#10295,.T.);
#10295 = EDGE_LOOP('',(#10296,#10297,#10305,#10311));
#10296 = ORIENTED_EDGE('',*,*,#10266,.F.);
#10297 = ORIENTED_EDGE('',*,*,#10298,.T.);
#10298 = EDGE_CURVE('',#10267,#10299,#10301,.T.);
#10299 = VERTEX_POINT('',#10300);
#10300 = CARTESIAN_POINT('',(3.95,5.E-02,-3.4));
#10301 = LINE('',#10302,#10303);
#10302 = CARTESIAN_POINT('',(4.25,5.E-02,-3.4));
#10303 = VECTOR('',#10304,1.);
#10304 = DIRECTION('',(-1.,1.224646799147E-16,0.));
#10305 = ORIENTED_EDGE('',*,*,#10306,.T.);
#10306 = EDGE_CURVE('',#10299,#8540,#10307,.T.);
#10307 = LINE('',#10308,#10309);
#10308 = CARTESIAN_POINT('',(3.9,0.1,-3.35));
#10309 = VECTOR('',#10310,1.);
#10310 = DIRECTION('',(-0.57735026919,0.57735026919,0.57735026919));
#10311 = ORIENTED_EDGE('',*,*,#8547,.F.);
#10312 = PLANE('',#10313);
#10313 = AXIS2_PLACEMENT_3D('',#10314,#10315,#10316);
#10314 = CARTESIAN_POINT('',(4.25,0.15,-3.3));
#10315 = DIRECTION('',(8.486018839685E-17,0.707106781187,-0.707106781187
    ));
#10316 = DIRECTION('',(-1.,1.212375546256E-16,1.227125289196E-18));
#10317 = ADVANCED_FACE('',(#10318),#10336,.F.);
#10318 = FACE_BOUND('',#10319,.T.);
#10319 = EDGE_LOOP('',(#10320,#10321,#10329,#10335));
#10320 = ORIENTED_EDGE('',*,*,#10306,.F.);
#10321 = ORIENTED_EDGE('',*,*,#10322,.T.);
#10322 = EDGE_CURVE('',#10299,#10323,#10325,.T.);
#10323 = VERTEX_POINT('',#10324);
#10324 = CARTESIAN_POINT('',(3.95,-5.E-02,-3.4));
#10325 = LINE('',#10326,#10327);
#10326 = CARTESIAN_POINT('',(3.95,0.25,-3.4));
#10327 = VECTOR('',#10328,1.);
#10328 = DIRECTION('',(-1.224646799147E-16,-1.,0.));
#10329 = ORIENTED_EDGE('',*,*,#10330,.T.);
#10330 = EDGE_CURVE('',#10323,#8562,#10331,.T.);
#10331 = LINE('',#10332,#10333);
#10332 = CARTESIAN_POINT('',(3.983333333333,-1.666666666667E-02,
    -3.433333333333));
#10333 = VECTOR('',#10334,1.);
#10334 = DIRECTION('',(-0.57735026919,-0.57735026919,0.57735026919));
#10335 = ORIENTED_EDGE('',*,*,#8561,.F.);
#10336 = PLANE('',#10337);
#10337 = AXIS2_PLACEMENT_3D('',#10338,#10339,#10340);
#10338 = CARTESIAN_POINT('',(3.85,0.25,-3.3));
#10339 = DIRECTION('',(0.707106781187,-8.833102285013E-17,0.707106781187
    ));
#10340 = DIRECTION('',(1.236918052038E-16,1.,1.227125289097E-18));
#10341 = ADVANCED_FACE('',(#10342),#10353,.T.);
#10342 = FACE_BOUND('',#10343,.F.);
#10343 = EDGE_LOOP('',(#10344,#10345,#10351,#10352));
#10344 = ORIENTED_EDGE('',*,*,#10282,.F.);
#10345 = ORIENTED_EDGE('',*,*,#10346,.T.);
#10346 = EDGE_CURVE('',#10275,#10323,#10347,.T.);
#10347 = LINE('',#10348,#10349);
#10348 = CARTESIAN_POINT('',(4.25,-5.E-02,-3.4));
#10349 = VECTOR('',#10350,1.);
#10350 = DIRECTION('',(-1.,1.224646799147E-16,0.));
#10351 = ORIENTED_EDGE('',*,*,#10330,.T.);
#10352 = ORIENTED_EDGE('',*,*,#8586,.F.);
#10353 = PLANE('',#10354);
#10354 = AXIS2_PLACEMENT_3D('',#10355,#10356,#10357);
#10355 = CARTESIAN_POINT('',(4.25,-0.15,-3.3));
#10356 = DIRECTION('',(-8.486018839685E-17,-0.707106781187,
    -0.707106781187));
#10357 = DIRECTION('',(1.,-1.212375546256E-16,1.227125289196E-18));
#10358 = ADVANCED_FACE('',(#10359),#10384,.F.);
#10359 = FACE_BOUND('',#10360,.T.);
#10360 = EDGE_LOOP('',(#10361,#10369,#10377,#10383));
#10361 = ORIENTED_EDGE('',*,*,#10362,.F.);
#10362 = EDGE_CURVE('',#10363,#8603,#10365,.T.);
#10363 = VERTEX_POINT('',#10364);
#10364 = CARTESIAN_POINT('',(5.95,5.E-02,-3.4));
#10365 = LINE('',#10366,#10367);
#10366 = CARTESIAN_POINT('',(5.9,0.1,-3.35));
#10367 = VECTOR('',#10368,1.);
#10368 = DIRECTION('',(-0.57735026919,0.57735026919,0.57735026919));
#10369 = ORIENTED_EDGE('',*,*,#10370,.T.);
#10370 = EDGE_CURVE('',#10363,#10371,#10373,.T.);
#10371 = VERTEX_POINT('',#10372);
#10372 = CARTESIAN_POINT('',(5.95,-5.E-02,-3.4));
#10373 = LINE('',#10374,#10375);
#10374 = CARTESIAN_POINT('',(5.95,0.25,-3.4));
#10375 = VECTOR('',#10376,1.);
#10376 = DIRECTION('',(-1.224646799147E-16,-1.,0.));
#10377 = ORIENTED_EDGE('',*,*,#10378,.T.);
#10378 = EDGE_CURVE('',#10371,#8605,#10379,.T.);
#10379 = LINE('',#10380,#10381);
#10380 = CARTESIAN_POINT('',(5.983333333333,-1.666666666667E-02,
    -3.433333333333));
#10381 = VECTOR('',#10382,1.);
#10382 = DIRECTION('',(-0.57735026919,-0.57735026919,0.57735026919));
#10383 = ORIENTED_EDGE('',*,*,#8602,.F.);
#10384 = PLANE('',#10385);
#10385 = AXIS2_PLACEMENT_3D('',#10386,#10387,#10388);
#10386 = CARTESIAN_POINT('',(5.85,0.25,-3.3));
#10387 = DIRECTION('',(0.707106781187,-8.833102285013E-17,0.707106781187
    ));
#10388 = DIRECTION('',(1.236918052038E-16,1.,1.227125289097E-18));
#10389 = ADVANCED_FACE('',(#10390),#10408,.T.);
#10390 = FACE_BOUND('',#10391,.F.);
#10391 = EDGE_LOOP('',(#10392,#10400,#10406,#10407));
#10392 = ORIENTED_EDGE('',*,*,#10393,.F.);
#10393 = EDGE_CURVE('',#10394,#8634,#10396,.T.);
#10394 = VERTEX_POINT('',#10395);
#10395 = CARTESIAN_POINT('',(6.05,-5.E-02,-3.4));
#10396 = LINE('',#10397,#10398);
#10397 = CARTESIAN_POINT('',(6.1,-0.1,-3.35));
#10398 = VECTOR('',#10399,1.);
#10399 = DIRECTION('',(0.57735026919,-0.57735026919,0.57735026919));
#10400 = ORIENTED_EDGE('',*,*,#10401,.T.);
#10401 = EDGE_CURVE('',#10394,#10371,#10402,.T.);
#10402 = LINE('',#10403,#10404);
#10403 = CARTESIAN_POINT('',(6.25,-5.E-02,-3.4));
#10404 = VECTOR('',#10405,1.);
#10405 = DIRECTION('',(-1.,1.224646799147E-16,0.));
#10406 = ORIENTED_EDGE('',*,*,#10378,.T.);
#10407 = ORIENTED_EDGE('',*,*,#8641,.F.);
#10408 = PLANE('',#10409);
#10409 = AXIS2_PLACEMENT_3D('',#10410,#10411,#10412);
#10410 = CARTESIAN_POINT('',(6.25,-0.15,-3.3));
#10411 = DIRECTION('',(-8.486018839685E-17,-0.707106781187,
    -0.707106781187));
#10412 = DIRECTION('',(1.,-1.212375546256E-16,1.227125289196E-18));
#10413 = ADVANCED_FACE('',(#10414),#10432,.T.);
#10414 = FACE_BOUND('',#10415,.F.);
#10415 = EDGE_LOOP('',(#10416,#10424,#10430,#10431));
#10416 = ORIENTED_EDGE('',*,*,#10417,.F.);
#10417 = EDGE_CURVE('',#10418,#8658,#10420,.T.);
#10418 = VERTEX_POINT('',#10419);
#10419 = CARTESIAN_POINT('',(6.05,5.E-02,-3.4));
#10420 = LINE('',#10421,#10422);
#10421 = CARTESIAN_POINT('',(6.183333333333,0.183333333333,
    -3.266666666667));
#10422 = VECTOR('',#10423,1.);
#10423 = DIRECTION('',(0.57735026919,0.57735026919,0.57735026919));
#10424 = ORIENTED_EDGE('',*,*,#10425,.T.);
#10425 = EDGE_CURVE('',#10418,#10394,#10426,.T.);
#10426 = LINE('',#10427,#10428);
#10427 = CARTESIAN_POINT('',(6.05,0.25,-3.4));
#10428 = VECTOR('',#10429,1.);
#10429 = DIRECTION('',(-1.224646799147E-16,-1.,0.));
#10430 = ORIENTED_EDGE('',*,*,#10393,.T.);
#10431 = ORIENTED_EDGE('',*,*,#8657,.F.);
#10432 = PLANE('',#10433);
#10433 = AXIS2_PLACEMENT_3D('',#10434,#10435,#10436);
#10434 = CARTESIAN_POINT('',(6.15,0.25,-3.3));
#10435 = DIRECTION('',(0.707106781187,-8.486018839685E-17,
    -0.707106781187));
#10436 = DIRECTION('',(1.212375546256E-16,1.,1.227125289196E-18));
#10437 = ADVANCED_FACE('',(#10438),#10449,.T.);
#10438 = FACE_BOUND('',#10439,.T.);
#10439 = EDGE_LOOP('',(#10440,#10441,#10447,#10448));
#10440 = ORIENTED_EDGE('',*,*,#10417,.F.);
#10441 = ORIENTED_EDGE('',*,*,#10442,.T.);
#10442 = EDGE_CURVE('',#10418,#10363,#10443,.T.);
#10443 = LINE('',#10444,#10445);
#10444 = CARTESIAN_POINT('',(6.25,5.E-02,-3.4));
#10445 = VECTOR('',#10446,1.);
#10446 = DIRECTION('',(-1.,1.224646799147E-16,0.));
#10447 = ORIENTED_EDGE('',*,*,#10362,.T.);
#10448 = ORIENTED_EDGE('',*,*,#8684,.F.);
#10449 = PLANE('',#10450);
#10450 = AXIS2_PLACEMENT_3D('',#10451,#10452,#10453);
#10451 = CARTESIAN_POINT('',(6.25,0.15,-3.3));
#10452 = DIRECTION('',(8.486018839685E-17,0.707106781187,-0.707106781187
    ));
#10453 = DIRECTION('',(-1.,1.212375546256E-16,1.227125289196E-18));
#10454 = ADVANCED_FACE('',(#10455),#10480,.F.);
#10455 = FACE_BOUND('',#10456,.T.);
#10456 = EDGE_LOOP('',(#10457,#10465,#10473,#10479));
#10457 = ORIENTED_EDGE('',*,*,#10458,.F.);
#10458 = EDGE_CURVE('',#10459,#8699,#10461,.T.);
#10459 = VERTEX_POINT('',#10460);
#10460 = CARTESIAN_POINT('',(7.95,5.E-02,-3.4));
#10461 = LINE('',#10462,#10463);
#10462 = CARTESIAN_POINT('',(7.9,0.1,-3.35));
#10463 = VECTOR('',#10464,1.);
#10464 = DIRECTION('',(-0.57735026919,0.57735026919,0.57735026919));
#10465 = ORIENTED_EDGE('',*,*,#10466,.T.);
#10466 = EDGE_CURVE('',#10459,#10467,#10469,.T.);
#10467 = VERTEX_POINT('',#10468);
#10468 = CARTESIAN_POINT('',(7.95,-5.E-02,-3.4));
#10469 = LINE('',#10470,#10471);
#10470 = CARTESIAN_POINT('',(7.95,0.25,-3.4));
#10471 = VECTOR('',#10472,1.);
#10472 = DIRECTION('',(-1.224646799147E-16,-1.,0.));
#10473 = ORIENTED_EDGE('',*,*,#10474,.T.);
#10474 = EDGE_CURVE('',#10467,#8701,#10475,.T.);
#10475 = LINE('',#10476,#10477);
#10476 = CARTESIAN_POINT('',(7.983333333333,-1.666666666667E-02,
    -3.433333333333));
#10477 = VECTOR('',#10478,1.);
#10478 = DIRECTION('',(-0.57735026919,-0.57735026919,0.57735026919));
#10479 = ORIENTED_EDGE('',*,*,#8698,.F.);
#10480 = PLANE('',#10481);
#10481 = AXIS2_PLACEMENT_3D('',#10482,#10483,#10484);
#10482 = CARTESIAN_POINT('',(7.85,0.25,-3.3));
#10483 = DIRECTION('',(0.707106781187,-8.833102285013E-17,0.707106781187
    ));
#10484 = DIRECTION('',(1.236918052038E-16,1.,1.227125289097E-18));
#10485 = ADVANCED_FACE('',(#10486),#10504,.T.);
#10486 = FACE_BOUND('',#10487,.F.);
#10487 = EDGE_LOOP('',(#10488,#10496,#10502,#10503));
#10488 = ORIENTED_EDGE('',*,*,#10489,.F.);
#10489 = EDGE_CURVE('',#10490,#8730,#10492,.T.);
#10490 = VERTEX_POINT('',#10491);
#10491 = CARTESIAN_POINT('',(8.05,-5.E-02,-3.4));
#10492 = LINE('',#10493,#10494);
#10493 = CARTESIAN_POINT('',(8.1,-0.1,-3.35));
#10494 = VECTOR('',#10495,1.);
#10495 = DIRECTION('',(0.57735026919,-0.57735026919,0.57735026919));
#10496 = ORIENTED_EDGE('',*,*,#10497,.T.);
#10497 = EDGE_CURVE('',#10490,#10467,#10498,.T.);
#10498 = LINE('',#10499,#10500);
#10499 = CARTESIAN_POINT('',(8.25,-5.E-02,-3.4));
#10500 = VECTOR('',#10501,1.);
#10501 = DIRECTION('',(-1.,1.224646799147E-16,0.));
#10502 = ORIENTED_EDGE('',*,*,#10474,.T.);
#10503 = ORIENTED_EDGE('',*,*,#8737,.F.);
#10504 = PLANE('',#10505);
#10505 = AXIS2_PLACEMENT_3D('',#10506,#10507,#10508);
#10506 = CARTESIAN_POINT('',(8.25,-0.15,-3.3));
#10507 = DIRECTION('',(-8.486018839685E-17,-0.707106781187,
    -0.707106781187));
#10508 = DIRECTION('',(1.,-1.212375546256E-16,1.227125289196E-18));
#10509 = ADVANCED_FACE('',(#10510),#10528,.T.);
#10510 = FACE_BOUND('',#10511,.F.);
#10511 = EDGE_LOOP('',(#10512,#10520,#10526,#10527));
#10512 = ORIENTED_EDGE('',*,*,#10513,.F.);
#10513 = EDGE_CURVE('',#10514,#8754,#10516,.T.);
#10514 = VERTEX_POINT('',#10515);
#10515 = CARTESIAN_POINT('',(8.05,5.E-02,-3.4));
#10516 = LINE('',#10517,#10518);
#10517 = CARTESIAN_POINT('',(8.183333333333,0.183333333333,
    -3.266666666667));
#10518 = VECTOR('',#10519,1.);
#10519 = DIRECTION('',(0.57735026919,0.57735026919,0.57735026919));
#10520 = ORIENTED_EDGE('',*,*,#10521,.T.);
#10521 = EDGE_CURVE('',#10514,#10490,#10522,.T.);
#10522 = LINE('',#10523,#10524);
#10523 = CARTESIAN_POINT('',(8.05,0.25,-3.4));
#10524 = VECTOR('',#10525,1.);
#10525 = DIRECTION('',(-1.224646799147E-16,-1.,0.));
#10526 = ORIENTED_EDGE('',*,*,#10489,.T.);
#10527 = ORIENTED_EDGE('',*,*,#8753,.F.);
#10528 = PLANE('',#10529);
#10529 = AXIS2_PLACEMENT_3D('',#10530,#10531,#10532);
#10530 = CARTESIAN_POINT('',(8.15,0.25,-3.3));
#10531 = DIRECTION('',(0.707106781187,-8.486018839685E-17,
    -0.707106781187));
#10532 = DIRECTION('',(1.212375546256E-16,1.,1.227125289196E-18));
#10533 = ADVANCED_FACE('',(#10534),#10545,.T.);
#10534 = FACE_BOUND('',#10535,.T.);
#10535 = EDGE_LOOP('',(#10536,#10537,#10543,#10544));
#10536 = ORIENTED_EDGE('',*,*,#10513,.F.);
#10537 = ORIENTED_EDGE('',*,*,#10538,.T.);
#10538 = EDGE_CURVE('',#10514,#10459,#10539,.T.);
#10539 = LINE('',#10540,#10541);
#10540 = CARTESIAN_POINT('',(8.25,5.E-02,-3.4));
#10541 = VECTOR('',#10542,1.);
#10542 = DIRECTION('',(-1.,1.224646799147E-16,0.));
#10543 = ORIENTED_EDGE('',*,*,#10458,.T.);
#10544 = ORIENTED_EDGE('',*,*,#8780,.F.);
#10545 = PLANE('',#10546);
#10546 = AXIS2_PLACEMENT_3D('',#10547,#10548,#10549);
#10547 = CARTESIAN_POINT('',(8.25,0.15,-3.3));
#10548 = DIRECTION('',(8.486018839685E-17,0.707106781187,-0.707106781187
    ));
#10549 = DIRECTION('',(-1.,1.212375546256E-16,1.227125289196E-18));
#10550 = ADVANCED_FACE('',(#10551),#10576,.T.);
#10551 = FACE_BOUND('',#10552,.T.);
#10552 = EDGE_LOOP('',(#10553,#10561,#10569,#10575));
#10553 = ORIENTED_EDGE('',*,*,#10554,.F.);
#10554 = EDGE_CURVE('',#10555,#8795,#10557,.T.);
#10555 = VERTEX_POINT('',#10556);
#10556 = CARTESIAN_POINT('',(10.05,5.E-02,-3.4));
#10557 = LINE('',#10558,#10559);
#10558 = CARTESIAN_POINT('',(10.183333333333,0.183333333333,
    -3.266666666667));
#10559 = VECTOR('',#10560,1.);
#10560 = DIRECTION('',(0.57735026919,0.57735026919,0.57735026919));
#10561 = ORIENTED_EDGE('',*,*,#10562,.T.);
#10562 = EDGE_CURVE('',#10555,#10563,#10565,.T.);
#10563 = VERTEX_POINT('',#10564);
#10564 = CARTESIAN_POINT('',(9.95,5.E-02,-3.4));
#10565 = LINE('',#10566,#10567);
#10566 = CARTESIAN_POINT('',(10.25,5.E-02,-3.4));
#10567 = VECTOR('',#10568,1.);
#10568 = DIRECTION('',(-1.,1.224646799147E-16,0.));
#10569 = ORIENTED_EDGE('',*,*,#10570,.T.);
#10570 = EDGE_CURVE('',#10563,#8804,#10571,.T.);
#10571 = LINE('',#10572,#10573);
#10572 = CARTESIAN_POINT('',(9.9,0.1,-3.35));
#10573 = VECTOR('',#10574,1.);
#10574 = DIRECTION('',(-0.57735026919,0.57735026919,0.57735026919));
#10575 = ORIENTED_EDGE('',*,*,#8811,.F.);
#10576 = PLANE('',#10577);
#10577 = AXIS2_PLACEMENT_3D('',#10578,#10579,#10580);
#10578 = CARTESIAN_POINT('',(10.25,0.15,-3.3));
#10579 = DIRECTION('',(8.486018839685E-17,0.707106781187,-0.707106781187
    ));
#10580 = DIRECTION('',(-1.,1.212375546256E-16,1.227125289196E-18));
#10581 = ADVANCED_FACE('',(#10582),#10600,.F.);
#10582 = FACE_BOUND('',#10583,.T.);
#10583 = EDGE_LOOP('',(#10584,#10585,#10593,#10599));
#10584 = ORIENTED_EDGE('',*,*,#10570,.F.);
#10585 = ORIENTED_EDGE('',*,*,#10586,.T.);
#10586 = EDGE_CURVE('',#10563,#10587,#10589,.T.);
#10587 = VERTEX_POINT('',#10588);
#10588 = CARTESIAN_POINT('',(9.95,-5.E-02,-3.4));
#10589 = LINE('',#10590,#10591);
#10590 = CARTESIAN_POINT('',(9.95,0.25,-3.4));
#10591 = VECTOR('',#10592,1.);
#10592 = DIRECTION('',(-1.224646799147E-16,-1.,0.));
#10593 = ORIENTED_EDGE('',*,*,#10594,.T.);
#10594 = EDGE_CURVE('',#10587,#8826,#10595,.T.);
#10595 = LINE('',#10596,#10597);
#10596 = CARTESIAN_POINT('',(9.983333333333,-1.666666666667E-02,
    -3.433333333333));
#10597 = VECTOR('',#10598,1.);
#10598 = DIRECTION('',(-0.57735026919,-0.57735026919,0.57735026919));
#10599 = ORIENTED_EDGE('',*,*,#8825,.F.);
#10600 = PLANE('',#10601);
#10601 = AXIS2_PLACEMENT_3D('',#10602,#10603,#10604);
#10602 = CARTESIAN_POINT('',(9.85,0.25,-3.3));
#10603 = DIRECTION('',(0.707106781187,-8.833102285013E-17,0.707106781187
    ));
#10604 = DIRECTION('',(1.236918052038E-16,1.,1.227125289097E-18));
#10605 = ADVANCED_FACE('',(#10606),#10624,.T.);
#10606 = FACE_BOUND('',#10607,.F.);
#10607 = EDGE_LOOP('',(#10608,#10616,#10622,#10623));
#10608 = ORIENTED_EDGE('',*,*,#10609,.F.);
#10609 = EDGE_CURVE('',#10610,#8850,#10612,.T.);
#10610 = VERTEX_POINT('',#10611);
#10611 = CARTESIAN_POINT('',(10.05,-5.E-02,-3.4));
#10612 = LINE('',#10613,#10614);
#10613 = CARTESIAN_POINT('',(10.1,-0.1,-3.35));
#10614 = VECTOR('',#10615,1.);
#10615 = DIRECTION('',(0.57735026919,-0.57735026919,0.57735026919));
#10616 = ORIENTED_EDGE('',*,*,#10617,.T.);
#10617 = EDGE_CURVE('',#10610,#10587,#10618,.T.);
#10618 = LINE('',#10619,#10620);
#10619 = CARTESIAN_POINT('',(10.25,-5.E-02,-3.4));
#10620 = VECTOR('',#10621,1.);
#10621 = DIRECTION('',(-1.,1.224646799147E-16,0.));
#10622 = ORIENTED_EDGE('',*,*,#10594,.T.);
#10623 = ORIENTED_EDGE('',*,*,#8857,.F.);
#10624 = PLANE('',#10625);
#10625 = AXIS2_PLACEMENT_3D('',#10626,#10627,#10628);
#10626 = CARTESIAN_POINT('',(10.25,-0.15,-3.3));
#10627 = DIRECTION('',(-8.486018839685E-17,-0.707106781187,
    -0.707106781187));
#10628 = DIRECTION('',(1.,-1.212375546256E-16,1.227125289196E-18));
#10629 = ADVANCED_FACE('',(#10630),#10641,.T.);
#10630 = FACE_BOUND('',#10631,.F.);
#10631 = EDGE_LOOP('',(#10632,#10633,#10639,#10640));
#10632 = ORIENTED_EDGE('',*,*,#10554,.F.);
#10633 = ORIENTED_EDGE('',*,*,#10634,.T.);
#10634 = EDGE_CURVE('',#10555,#10610,#10635,.T.);
#10635 = LINE('',#10636,#10637);
#10636 = CARTESIAN_POINT('',(10.05,0.25,-3.4));
#10637 = VECTOR('',#10638,1.);
#10638 = DIRECTION('',(-1.224646799147E-16,-1.,0.));
#10639 = ORIENTED_EDGE('',*,*,#10609,.T.);
#10640 = ORIENTED_EDGE('',*,*,#8873,.F.);
#10641 = PLANE('',#10642);
#10642 = AXIS2_PLACEMENT_3D('',#10643,#10644,#10645);
#10643 = CARTESIAN_POINT('',(10.15,0.25,-3.3));
#10644 = DIRECTION('',(0.707106781187,-8.486018839685E-17,
    -0.707106781187));
#10645 = DIRECTION('',(1.212375546256E-16,1.,1.227125289196E-18));
#10646 = ADVANCED_FACE('',(#10647),#10672,.F.);
#10647 = FACE_BOUND('',#10648,.T.);
#10648 = EDGE_LOOP('',(#10649,#10657,#10665,#10671));
#10649 = ORIENTED_EDGE('',*,*,#10650,.F.);
#10650 = EDGE_CURVE('',#10651,#8891,#10653,.T.);
#10651 = VERTEX_POINT('',#10652);
#10652 = CARTESIAN_POINT('',(11.95,5.E-02,-3.4));
#10653 = LINE('',#10654,#10655);
#10654 = CARTESIAN_POINT('',(11.9,0.1,-3.35));
#10655 = VECTOR('',#10656,1.);
#10656 = DIRECTION('',(-0.57735026919,0.57735026919,0.57735026919));
#10657 = ORIENTED_EDGE('',*,*,#10658,.T.);
#10658 = EDGE_CURVE('',#10651,#10659,#10661,.T.);
#10659 = VERTEX_POINT('',#10660);
#10660 = CARTESIAN_POINT('',(11.95,-5.E-02,-3.4));
#10661 = LINE('',#10662,#10663);
#10662 = CARTESIAN_POINT('',(11.95,0.25,-3.4));
#10663 = VECTOR('',#10664,1.);
#10664 = DIRECTION('',(-1.224646799147E-16,-1.,0.));
#10665 = ORIENTED_EDGE('',*,*,#10666,.T.);
#10666 = EDGE_CURVE('',#10659,#8893,#10667,.T.);
#10667 = LINE('',#10668,#10669);
#10668 = CARTESIAN_POINT('',(11.983333333333,-1.666666666667E-02,
    -3.433333333333));
#10669 = VECTOR('',#10670,1.);
#10670 = DIRECTION('',(-0.57735026919,-0.57735026919,0.57735026919));
#10671 = ORIENTED_EDGE('',*,*,#8890,.F.);
#10672 = PLANE('',#10673);
#10673 = AXIS2_PLACEMENT_3D('',#10674,#10675,#10676);
#10674 = CARTESIAN_POINT('',(11.85,0.25,-3.3));
#10675 = DIRECTION('',(0.707106781187,-8.833102285013E-17,0.707106781187
    ));
#10676 = DIRECTION('',(1.236918052038E-16,1.,1.227125289097E-18));
#10677 = ADVANCED_FACE('',(#10678),#10696,.T.);
#10678 = FACE_BOUND('',#10679,.F.);
#10679 = EDGE_LOOP('',(#10680,#10688,#10694,#10695));
#10680 = ORIENTED_EDGE('',*,*,#10681,.F.);
#10681 = EDGE_CURVE('',#10682,#8922,#10684,.T.);
#10682 = VERTEX_POINT('',#10683);
#10683 = CARTESIAN_POINT('',(12.05,-5.E-02,-3.4));
#10684 = LINE('',#10685,#10686);
#10685 = CARTESIAN_POINT('',(12.1,-0.1,-3.35));
#10686 = VECTOR('',#10687,1.);
#10687 = DIRECTION('',(0.57735026919,-0.57735026919,0.57735026919));
#10688 = ORIENTED_EDGE('',*,*,#10689,.T.);
#10689 = EDGE_CURVE('',#10682,#10659,#10690,.T.);
#10690 = LINE('',#10691,#10692);
#10691 = CARTESIAN_POINT('',(12.25,-5.E-02,-3.4));
#10692 = VECTOR('',#10693,1.);
#10693 = DIRECTION('',(-1.,1.224646799147E-16,0.));
#10694 = ORIENTED_EDGE('',*,*,#10666,.T.);
#10695 = ORIENTED_EDGE('',*,*,#8929,.F.);
#10696 = PLANE('',#10697);
#10697 = AXIS2_PLACEMENT_3D('',#10698,#10699,#10700);
#10698 = CARTESIAN_POINT('',(12.25,-0.15,-3.3));
#10699 = DIRECTION('',(-8.486018839685E-17,-0.707106781187,
    -0.707106781187));
#10700 = DIRECTION('',(1.,-1.212375546256E-16,1.227125289196E-18));
#10701 = ADVANCED_FACE('',(#10702),#10720,.T.);
#10702 = FACE_BOUND('',#10703,.F.);
#10703 = EDGE_LOOP('',(#10704,#10712,#10718,#10719));
#10704 = ORIENTED_EDGE('',*,*,#10705,.F.);
#10705 = EDGE_CURVE('',#10706,#8946,#10708,.T.);
#10706 = VERTEX_POINT('',#10707);
#10707 = CARTESIAN_POINT('',(12.05,5.E-02,-3.4));
#10708 = LINE('',#10709,#10710);
#10709 = CARTESIAN_POINT('',(12.183333333333,0.183333333333,
    -3.266666666667));
#10710 = VECTOR('',#10711,1.);
#10711 = DIRECTION('',(0.57735026919,0.57735026919,0.57735026919));
#10712 = ORIENTED_EDGE('',*,*,#10713,.T.);
#10713 = EDGE_CURVE('',#10706,#10682,#10714,.T.);
#10714 = LINE('',#10715,#10716);
#10715 = CARTESIAN_POINT('',(12.05,0.25,-3.4));
#10716 = VECTOR('',#10717,1.);
#10717 = DIRECTION('',(-1.224646799147E-16,-1.,0.));
#10718 = ORIENTED_EDGE('',*,*,#10681,.T.);
#10719 = ORIENTED_EDGE('',*,*,#8945,.F.);
#10720 = PLANE('',#10721);
#10721 = AXIS2_PLACEMENT_3D('',#10722,#10723,#10724);
#10722 = CARTESIAN_POINT('',(12.15,0.25,-3.3));
#10723 = DIRECTION('',(0.707106781187,-8.486018839685E-17,
    -0.707106781187));
#10724 = DIRECTION('',(1.212375546256E-16,1.,1.227125289196E-18));
#10725 = ADVANCED_FACE('',(#10726),#10737,.T.);
#10726 = FACE_BOUND('',#10727,.T.);
#10727 = EDGE_LOOP('',(#10728,#10729,#10735,#10736));
#10728 = ORIENTED_EDGE('',*,*,#10705,.F.);
#10729 = ORIENTED_EDGE('',*,*,#10730,.T.);
#10730 = EDGE_CURVE('',#10706,#10651,#10731,.T.);
#10731 = LINE('',#10732,#10733);
#10732 = CARTESIAN_POINT('',(12.25,5.E-02,-3.4));
#10733 = VECTOR('',#10734,1.);
#10734 = DIRECTION('',(-1.,1.224646799147E-16,0.));
#10735 = ORIENTED_EDGE('',*,*,#10650,.T.);
#10736 = ORIENTED_EDGE('',*,*,#8972,.F.);
#10737 = PLANE('',#10738);
#10738 = AXIS2_PLACEMENT_3D('',#10739,#10740,#10741);
#10739 = CARTESIAN_POINT('',(12.25,0.15,-3.3));
#10740 = DIRECTION('',(8.486018839685E-17,0.707106781187,-0.707106781187
    ));
#10741 = DIRECTION('',(-1.,1.212375546256E-16,1.227125289196E-18));
#10742 = ADVANCED_FACE('',(#10743),#10754,.T.);
#10743 = FACE_BOUND('',#10744,.T.);
#10744 = EDGE_LOOP('',(#10745,#10746,#10752,#10753));
#10745 = ORIENTED_EDGE('',*,*,#8986,.F.);
#10746 = ORIENTED_EDGE('',*,*,#10747,.T.);
#10747 = EDGE_CURVE('',#8987,#9131,#10748,.T.);
#10748 = LINE('',#10749,#10750);
#10749 = CARTESIAN_POINT('',(14.25,5.E-02,-3.4));
#10750 = VECTOR('',#10751,1.);
#10751 = DIRECTION('',(-1.,1.224646799147E-16,0.));
#10752 = ORIENTED_EDGE('',*,*,#9130,.T.);
#10753 = ORIENTED_EDGE('',*,*,#9049,.F.);
#10754 = PLANE('',#10755);
#10755 = AXIS2_PLACEMENT_3D('',#10756,#10757,#10758);
#10756 = CARTESIAN_POINT('',(14.25,0.165596257347,-3.301223703467));
#10757 = DIRECTION('',(8.302774088379E-17,0.64962967394,-0.760250805153)
  );
#10758 = DIRECTION('',(-1.,1.247195775152E-16,-2.638869166629E-18));
#10759 = ADVANCED_FACE('',(#10760),#10771,.F.);
#10760 = FACE_BOUND('',#10761,.F.);
#10761 = EDGE_LOOP('',(#10762,#10763,#10764,#10765));
#10762 = ORIENTED_EDGE('',*,*,#8996,.F.);
#10763 = ORIENTED_EDGE('',*,*,#10747,.T.);
#10764 = ORIENTED_EDGE('',*,*,#9138,.T.);
#10765 = ORIENTED_EDGE('',*,*,#10766,.F.);
#10766 = EDGE_CURVE('',#8997,#9120,#10767,.T.);
#10767 = LINE('',#10768,#10769);
#10768 = CARTESIAN_POINT('',(14.25,-5.E-02,-3.4));
#10769 = VECTOR('',#10770,1.);
#10770 = DIRECTION('',(-1.,1.224646799147E-16,0.));
#10771 = PLANE('',#10772);
#10772 = AXIS2_PLACEMENT_3D('',#10773,#10774,#10775);
#10773 = CARTESIAN_POINT('',(14.25,0.25,-3.4));
#10774 = DIRECTION('',(0.,0.,1.));
#10775 = DIRECTION('',(-1.224646799147E-16,-1.,0.));
#10776 = ADVANCED_FACE('',(#10777),#10783,.T.);
#10777 = FACE_BOUND('',#10778,.F.);
#10778 = EDGE_LOOP('',(#10779,#10780,#10781,#10782));
#10779 = ORIENTED_EDGE('',*,*,#9004,.F.);
#10780 = ORIENTED_EDGE('',*,*,#10766,.T.);
#10781 = ORIENTED_EDGE('',*,*,#9119,.T.);
#10782 = ORIENTED_EDGE('',*,*,#9095,.F.);
#10783 = PLANE('',#10784);
#10784 = AXIS2_PLACEMENT_3D('',#10785,#10786,#10787);
#10785 = CARTESIAN_POINT('',(14.25,-0.134403742653,-3.301223703467));
#10786 = DIRECTION('',(-9.136856246232E-17,-0.760250805153,
    -0.64962967394));
#10787 = DIRECTION('',(1.,-1.211454098155E-16,1.127308249542E-18));
#10788 = ADVANCED_FACE('',(#10789),#10814,.F.);
#10789 = FACE_BOUND('',#10790,.T.);
#10790 = EDGE_LOOP('',(#10791,#10799,#10807,#10813));
#10791 = ORIENTED_EDGE('',*,*,#10792,.F.);
#10792 = EDGE_CURVE('',#10793,#9238,#10795,.T.);
#10793 = VERTEX_POINT('',#10794);
#10794 = CARTESIAN_POINT('',(1.95,-5.E-02,5.));
#10795 = LINE('',#10796,#10797);
#10796 = CARTESIAN_POINT('',(1.9,-0.1,4.95));
#10797 = VECTOR('',#10798,1.);
#10798 = DIRECTION('',(-0.57735026919,-0.57735026919,-0.57735026919));
#10799 = ORIENTED_EDGE('',*,*,#10800,.T.);
#10800 = EDGE_CURVE('',#10793,#10801,#10803,.T.);
#10801 = VERTEX_POINT('',#10802);
#10802 = CARTESIAN_POINT('',(1.95,5.E-02,5.));
#10803 = LINE('',#10804,#10805);
#10804 = CARTESIAN_POINT('',(1.95,-0.25,5.));
#10805 = VECTOR('',#10806,1.);
#10806 = DIRECTION('',(1.224646799147E-16,1.,0.));
#10807 = ORIENTED_EDGE('',*,*,#10808,.T.);
#10808 = EDGE_CURVE('',#10801,#9246,#10809,.T.);
#10809 = LINE('',#10810,#10811);
#10810 = CARTESIAN_POINT('',(1.983333333333,1.666666666667E-02,
    5.033333333333));
#10811 = VECTOR('',#10812,1.);
#10812 = DIRECTION('',(-0.57735026919,0.57735026919,-0.57735026919));
#10813 = ORIENTED_EDGE('',*,*,#9245,.F.);
#10814 = PLANE('',#10815);
#10815 = AXIS2_PLACEMENT_3D('',#10816,#10817,#10818);
#10816 = CARTESIAN_POINT('',(1.85,-0.25,4.9));
#10817 = DIRECTION('',(0.707106781187,-8.486018839685E-17,
    -0.707106781187));
#10818 = DIRECTION('',(-1.212375546256E-16,-1.,-1.227125289196E-18));
#10819 = ADVANCED_FACE('',(#10820),#10838,.T.);
#10820 = FACE_BOUND('',#10821,.F.);
#10821 = EDGE_LOOP('',(#10822,#10830,#10831,#10832));
#10822 = ORIENTED_EDGE('',*,*,#10823,.T.);
#10823 = EDGE_CURVE('',#10824,#9268,#10826,.T.);
#10824 = VERTEX_POINT('',#10825);
#10825 = CARTESIAN_POINT('',(2.05,-5.E-02,5.));
#10826 = LINE('',#10827,#10828);
#10827 = CARTESIAN_POINT('',(2.183333333333,-0.183333333333,
    4.866666666667));
#10828 = VECTOR('',#10829,1.);
#10829 = DIRECTION('',(0.57735026919,-0.57735026919,-0.57735026919));
#10830 = ORIENTED_EDGE('',*,*,#9277,.T.);
#10831 = ORIENTED_EDGE('',*,*,#10792,.F.);
#10832 = ORIENTED_EDGE('',*,*,#10833,.F.);
#10833 = EDGE_CURVE('',#10824,#10793,#10834,.T.);
#10834 = LINE('',#10835,#10836);
#10835 = CARTESIAN_POINT('',(2.25,-5.E-02,5.));
#10836 = VECTOR('',#10837,1.);
#10837 = DIRECTION('',(-1.,1.224646799147E-16,0.));
#10838 = PLANE('',#10839);
#10839 = AXIS2_PLACEMENT_3D('',#10840,#10841,#10842);
#10840 = CARTESIAN_POINT('',(2.25,-0.15,4.9));
#10841 = DIRECTION('',(-8.833102285013E-17,-0.707106781187,
    0.707106781187));
#10842 = DIRECTION('',(1.,-1.236918052038E-16,1.227125289097E-18));
#10843 = ADVANCED_FACE('',(#10844),#10862,.T.);
#10844 = FACE_BOUND('',#10845,.F.);
#10845 = EDGE_LOOP('',(#10846,#10847,#10855,#10861));
#10846 = ORIENTED_EDGE('',*,*,#10823,.F.);
#10847 = ORIENTED_EDGE('',*,*,#10848,.T.);
#10848 = EDGE_CURVE('',#10824,#10849,#10851,.T.);
#10849 = VERTEX_POINT('',#10850);
#10850 = CARTESIAN_POINT('',(2.05,5.E-02,5.));
#10851 = LINE('',#10852,#10853);
#10852 = CARTESIAN_POINT('',(2.05,-0.25,5.));
#10853 = VECTOR('',#10854,1.);
#10854 = DIRECTION('',(1.224646799147E-16,1.,0.));
#10855 = ORIENTED_EDGE('',*,*,#10856,.T.);
#10856 = EDGE_CURVE('',#10849,#9294,#10857,.T.);
#10857 = LINE('',#10858,#10859);
#10858 = CARTESIAN_POINT('',(2.1,0.1,4.95));
#10859 = VECTOR('',#10860,1.);
#10860 = DIRECTION('',(0.57735026919,0.57735026919,-0.57735026919));
#10861 = ORIENTED_EDGE('',*,*,#9293,.F.);
#10862 = PLANE('',#10863);
#10863 = AXIS2_PLACEMENT_3D('',#10864,#10865,#10866);
#10864 = CARTESIAN_POINT('',(2.15,-0.25,4.9));
#10865 = DIRECTION('',(0.707106781187,-8.833102285013E-17,0.707106781187
    ));
#10866 = DIRECTION('',(-1.236918052038E-16,-1.,-1.227125289097E-18));
#10867 = ADVANCED_FACE('',(#10868),#10879,.T.);
#10868 = FACE_BOUND('',#10869,.F.);
#10869 = EDGE_LOOP('',(#10870,#10871,#10877,#10878));
#10870 = ORIENTED_EDGE('',*,*,#10856,.F.);
#10871 = ORIENTED_EDGE('',*,*,#10872,.T.);
#10872 = EDGE_CURVE('',#10849,#10801,#10873,.T.);
#10873 = LINE('',#10874,#10875);
#10874 = CARTESIAN_POINT('',(2.25,5.E-02,5.));
#10875 = VECTOR('',#10876,1.);
#10876 = DIRECTION('',(-1.,1.224646799147E-16,0.));
#10877 = ORIENTED_EDGE('',*,*,#10808,.T.);
#10878 = ORIENTED_EDGE('',*,*,#9316,.F.);
#10879 = PLANE('',#10880);
#10880 = AXIS2_PLACEMENT_3D('',#10881,#10882,#10883);
#10881 = CARTESIAN_POINT('',(2.25,0.15,4.9));
#10882 = DIRECTION('',(8.833102285013E-17,0.707106781187,0.707106781187)
  );
#10883 = DIRECTION('',(1.,-1.236918052038E-16,-1.227125289097E-18));
#10884 = ADVANCED_FACE('',(#10885),#10910,.T.);
#10885 = FACE_BOUND('',#10886,.F.);
#10886 = EDGE_LOOP('',(#10887,#10895,#10903,#10909));
#10887 = ORIENTED_EDGE('',*,*,#10888,.F.);
#10888 = EDGE_CURVE('',#10889,#9334,#10891,.T.);
#10889 = VERTEX_POINT('',#10890);
#10890 = CARTESIAN_POINT('',(4.05,-5.E-02,5.));
#10891 = LINE('',#10892,#10893);
#10892 = CARTESIAN_POINT('',(4.183333333333,-0.183333333333,
    4.866666666667));
#10893 = VECTOR('',#10894,1.);
#10894 = DIRECTION('',(0.57735026919,-0.57735026919,-0.57735026919));
#10895 = ORIENTED_EDGE('',*,*,#10896,.T.);
#10896 = EDGE_CURVE('',#10889,#10897,#10899,.T.);
#10897 = VERTEX_POINT('',#10898);
#10898 = CARTESIAN_POINT('',(4.05,5.E-02,5.));
#10899 = LINE('',#10900,#10901);
#10900 = CARTESIAN_POINT('',(4.05,-0.25,5.));
#10901 = VECTOR('',#10902,1.);
#10902 = DIRECTION('',(1.224646799147E-16,1.,0.));
#10903 = ORIENTED_EDGE('',*,*,#10904,.T.);
#10904 = EDGE_CURVE('',#10897,#9342,#10905,.T.);
#10905 = LINE('',#10906,#10907);
#10906 = CARTESIAN_POINT('',(4.1,0.1,4.95));
#10907 = VECTOR('',#10908,1.);
#10908 = DIRECTION('',(0.57735026919,0.57735026919,-0.57735026919));
#10909 = ORIENTED_EDGE('',*,*,#9341,.F.);
#10910 = PLANE('',#10911);
#10911 = AXIS2_PLACEMENT_3D('',#10912,#10913,#10914);
#10912 = CARTESIAN_POINT('',(4.15,-0.25,4.9));
#10913 = DIRECTION('',(0.707106781187,-8.833102285013E-17,0.707106781187
    ));
#10914 = DIRECTION('',(-1.236918052038E-16,-1.,-1.227125289097E-18));
#10915 = ADVANCED_FACE('',(#10916),#10934,.T.);
#10916 = FACE_BOUND('',#10917,.F.);
#10917 = EDGE_LOOP('',(#10918,#10919,#10927,#10933));
#10918 = ORIENTED_EDGE('',*,*,#10904,.F.);
#10919 = ORIENTED_EDGE('',*,*,#10920,.T.);
#10920 = EDGE_CURVE('',#10897,#10921,#10923,.T.);
#10921 = VERTEX_POINT('',#10922);
#10922 = CARTESIAN_POINT('',(3.95,5.E-02,5.));
#10923 = LINE('',#10924,#10925);
#10924 = CARTESIAN_POINT('',(4.25,5.E-02,5.));
#10925 = VECTOR('',#10926,1.);
#10926 = DIRECTION('',(-1.,1.224646799147E-16,0.));
#10927 = ORIENTED_EDGE('',*,*,#10928,.T.);
#10928 = EDGE_CURVE('',#10921,#9365,#10929,.T.);
#10929 = LINE('',#10930,#10931);
#10930 = CARTESIAN_POINT('',(3.983333333333,1.666666666667E-02,
    5.033333333333));
#10931 = VECTOR('',#10932,1.);
#10932 = DIRECTION('',(-0.57735026919,0.57735026919,-0.57735026919));
#10933 = ORIENTED_EDGE('',*,*,#9364,.F.);
#10934 = PLANE('',#10935);
#10935 = AXIS2_PLACEMENT_3D('',#10936,#10937,#10938);
#10936 = CARTESIAN_POINT('',(4.25,0.15,4.9));
#10937 = DIRECTION('',(8.833102285013E-17,0.707106781187,0.707106781187)
  );
#10938 = DIRECTION('',(1.,-1.236918052038E-16,-1.227125289097E-18));
#10939 = ADVANCED_FACE('',(#10940),#10958,.F.);
#10940 = FACE_BOUND('',#10941,.T.);
#10941 = EDGE_LOOP('',(#10942,#10950,#10956,#10957));
#10942 = ORIENTED_EDGE('',*,*,#10943,.F.);
#10943 = EDGE_CURVE('',#10944,#9389,#10946,.T.);
#10944 = VERTEX_POINT('',#10945);
#10945 = CARTESIAN_POINT('',(3.95,-5.E-02,5.));
#10946 = LINE('',#10947,#10948);
#10947 = CARTESIAN_POINT('',(3.9,-0.1,4.95));
#10948 = VECTOR('',#10949,1.);
#10949 = DIRECTION('',(-0.57735026919,-0.57735026919,-0.57735026919));
#10950 = ORIENTED_EDGE('',*,*,#10951,.T.);
#10951 = EDGE_CURVE('',#10944,#10921,#10952,.T.);
#10952 = LINE('',#10953,#10954);
#10953 = CARTESIAN_POINT('',(3.95,-0.25,5.));
#10954 = VECTOR('',#10955,1.);
#10955 = DIRECTION('',(1.224646799147E-16,1.,0.));
#10956 = ORIENTED_EDGE('',*,*,#10928,.T.);
#10957 = ORIENTED_EDGE('',*,*,#9396,.F.);
#10958 = PLANE('',#10959);
#10959 = AXIS2_PLACEMENT_3D('',#10960,#10961,#10962);
#10960 = CARTESIAN_POINT('',(3.85,-0.25,4.9));
#10961 = DIRECTION('',(0.707106781187,-8.486018839685E-17,
    -0.707106781187));
#10962 = DIRECTION('',(-1.212375546256E-16,-1.,-1.227125289196E-18));
#10963 = ADVANCED_FACE('',(#10964),#10975,.T.);
#10964 = FACE_BOUND('',#10965,.F.);
#10965 = EDGE_LOOP('',(#10966,#10967,#10968,#10969));
#10966 = ORIENTED_EDGE('',*,*,#10888,.T.);
#10967 = ORIENTED_EDGE('',*,*,#9414,.T.);
#10968 = ORIENTED_EDGE('',*,*,#10943,.F.);
#10969 = ORIENTED_EDGE('',*,*,#10970,.F.);
#10970 = EDGE_CURVE('',#10889,#10944,#10971,.T.);
#10971 = LINE('',#10972,#10973);
#10972 = CARTESIAN_POINT('',(4.25,-5.E-02,5.));
#10973 = VECTOR('',#10974,1.);
#10974 = DIRECTION('',(-1.,1.224646799147E-16,0.));
#10975 = PLANE('',#10976);
#10976 = AXIS2_PLACEMENT_3D('',#10977,#10978,#10979);
#10977 = CARTESIAN_POINT('',(4.25,-0.15,4.9));
#10978 = DIRECTION('',(-8.833102285013E-17,-0.707106781187,
    0.707106781187));
#10979 = DIRECTION('',(1.,-1.236918052038E-16,1.227125289097E-18));
#10980 = ADVANCED_FACE('',(#10981),#11006,.F.);
#10981 = FACE_BOUND('',#10982,.T.);
#10982 = EDGE_LOOP('',(#10983,#10991,#10999,#11005));
#10983 = ORIENTED_EDGE('',*,*,#10984,.F.);
#10984 = EDGE_CURVE('',#10985,#9430,#10987,.T.);
#10985 = VERTEX_POINT('',#10986);
#10986 = CARTESIAN_POINT('',(5.95,-5.E-02,5.));
#10987 = LINE('',#10988,#10989);
#10988 = CARTESIAN_POINT('',(5.9,-0.1,4.95));
#10989 = VECTOR('',#10990,1.);
#10990 = DIRECTION('',(-0.57735026919,-0.57735026919,-0.57735026919));
#10991 = ORIENTED_EDGE('',*,*,#10992,.T.);
#10992 = EDGE_CURVE('',#10985,#10993,#10995,.T.);
#10993 = VERTEX_POINT('',#10994);
#10994 = CARTESIAN_POINT('',(5.95,5.E-02,5.));
#10995 = LINE('',#10996,#10997);
#10996 = CARTESIAN_POINT('',(5.95,-0.25,5.));
#10997 = VECTOR('',#10998,1.);
#10998 = DIRECTION('',(1.224646799147E-16,1.,0.));
#10999 = ORIENTED_EDGE('',*,*,#11000,.T.);
#11000 = EDGE_CURVE('',#10993,#9438,#11001,.T.);
#11001 = LINE('',#11002,#11003);
#11002 = CARTESIAN_POINT('',(5.983333333333,1.666666666667E-02,
    5.033333333333));
#11003 = VECTOR('',#11004,1.);
#11004 = DIRECTION('',(-0.57735026919,0.57735026919,-0.57735026919));
#11005 = ORIENTED_EDGE('',*,*,#9437,.F.);
#11006 = PLANE('',#11007);
#11007 = AXIS2_PLACEMENT_3D('',#11008,#11009,#11010);
#11008 = CARTESIAN_POINT('',(5.85,-0.25,4.9));
#11009 = DIRECTION('',(0.707106781187,-8.486018839685E-17,
    -0.707106781187));
#11010 = DIRECTION('',(-1.212375546256E-16,-1.,-1.227125289196E-18));
#11011 = ADVANCED_FACE('',(#11012),#11030,.T.);
#11012 = FACE_BOUND('',#11013,.F.);
#11013 = EDGE_LOOP('',(#11014,#11022,#11023,#11024));
#11014 = ORIENTED_EDGE('',*,*,#11015,.T.);
#11015 = EDGE_CURVE('',#11016,#9460,#11018,.T.);
#11016 = VERTEX_POINT('',#11017);
#11017 = CARTESIAN_POINT('',(6.05,-5.E-02,5.));
#11018 = LINE('',#11019,#11020);
#11019 = CARTESIAN_POINT('',(6.183333333333,-0.183333333333,
    4.866666666667));
#11020 = VECTOR('',#11021,1.);
#11021 = DIRECTION('',(0.57735026919,-0.57735026919,-0.57735026919));
#11022 = ORIENTED_EDGE('',*,*,#9469,.T.);
#11023 = ORIENTED_EDGE('',*,*,#10984,.F.);
#11024 = ORIENTED_EDGE('',*,*,#11025,.F.);
#11025 = EDGE_CURVE('',#11016,#10985,#11026,.T.);
#11026 = LINE('',#11027,#11028);
#11027 = CARTESIAN_POINT('',(6.25,-5.E-02,5.));
#11028 = VECTOR('',#11029,1.);
#11029 = DIRECTION('',(-1.,1.224646799147E-16,0.));
#11030 = PLANE('',#11031);
#11031 = AXIS2_PLACEMENT_3D('',#11032,#11033,#11034);
#11032 = CARTESIAN_POINT('',(6.25,-0.15,4.9));
#11033 = DIRECTION('',(-8.833102285013E-17,-0.707106781187,
    0.707106781187));
#11034 = DIRECTION('',(1.,-1.236918052038E-16,1.227125289097E-18));
#11035 = ADVANCED_FACE('',(#11036),#11054,.T.);
#11036 = FACE_BOUND('',#11037,.F.);
#11037 = EDGE_LOOP('',(#11038,#11039,#11047,#11053));
#11038 = ORIENTED_EDGE('',*,*,#11015,.F.);
#11039 = ORIENTED_EDGE('',*,*,#11040,.T.);
#11040 = EDGE_CURVE('',#11016,#11041,#11043,.T.);
#11041 = VERTEX_POINT('',#11042);
#11042 = CARTESIAN_POINT('',(6.05,5.E-02,5.));
#11043 = LINE('',#11044,#11045);
#11044 = CARTESIAN_POINT('',(6.05,-0.25,5.));
#11045 = VECTOR('',#11046,1.);
#11046 = DIRECTION('',(1.224646799147E-16,1.,0.));
#11047 = ORIENTED_EDGE('',*,*,#11048,.T.);
#11048 = EDGE_CURVE('',#11041,#9486,#11049,.T.);
#11049 = LINE('',#11050,#11051);
#11050 = CARTESIAN_POINT('',(6.1,0.1,4.95));
#11051 = VECTOR('',#11052,1.);
#11052 = DIRECTION('',(0.57735026919,0.57735026919,-0.57735026919));
#11053 = ORIENTED_EDGE('',*,*,#9485,.F.);
#11054 = PLANE('',#11055);
#11055 = AXIS2_PLACEMENT_3D('',#11056,#11057,#11058);
#11056 = CARTESIAN_POINT('',(6.15,-0.25,4.9));
#11057 = DIRECTION('',(0.707106781187,-8.833102285013E-17,0.707106781187
    ));
#11058 = DIRECTION('',(-1.236918052038E-16,-1.,-1.227125289097E-18));
#11059 = ADVANCED_FACE('',(#11060),#11071,.T.);
#11060 = FACE_BOUND('',#11061,.F.);
#11061 = EDGE_LOOP('',(#11062,#11063,#11069,#11070));
#11062 = ORIENTED_EDGE('',*,*,#11048,.F.);
#11063 = ORIENTED_EDGE('',*,*,#11064,.T.);
#11064 = EDGE_CURVE('',#11041,#10993,#11065,.T.);
#11065 = LINE('',#11066,#11067);
#11066 = CARTESIAN_POINT('',(6.25,5.E-02,5.));
#11067 = VECTOR('',#11068,1.);
#11068 = DIRECTION('',(-1.,1.224646799147E-16,0.));
#11069 = ORIENTED_EDGE('',*,*,#11000,.T.);
#11070 = ORIENTED_EDGE('',*,*,#9508,.F.);
#11071 = PLANE('',#11072);
#11072 = AXIS2_PLACEMENT_3D('',#11073,#11074,#11075);
#11073 = CARTESIAN_POINT('',(6.25,0.15,4.9));
#11074 = DIRECTION('',(8.833102285013E-17,0.707106781187,0.707106781187)
  );
#11075 = DIRECTION('',(1.,-1.236918052038E-16,-1.227125289097E-18));
#11076 = ADVANCED_FACE('',(#11077),#11102,.F.);
#11077 = FACE_BOUND('',#11078,.T.);
#11078 = EDGE_LOOP('',(#11079,#11087,#11095,#11101));
#11079 = ORIENTED_EDGE('',*,*,#11080,.F.);
#11080 = EDGE_CURVE('',#11081,#9526,#11083,.T.);
#11081 = VERTEX_POINT('',#11082);
#11082 = CARTESIAN_POINT('',(11.95,-5.E-02,5.));
#11083 = LINE('',#11084,#11085);
#11084 = CARTESIAN_POINT('',(11.9,-0.1,4.95));
#11085 = VECTOR('',#11086,1.);
#11086 = DIRECTION('',(-0.57735026919,-0.57735026919,-0.57735026919));
#11087 = ORIENTED_EDGE('',*,*,#11088,.T.);
#11088 = EDGE_CURVE('',#11081,#11089,#11091,.T.);
#11089 = VERTEX_POINT('',#11090);
#11090 = CARTESIAN_POINT('',(11.95,5.E-02,5.));
#11091 = LINE('',#11092,#11093);
#11092 = CARTESIAN_POINT('',(11.95,-0.25,5.));
#11093 = VECTOR('',#11094,1.);
#11094 = DIRECTION('',(1.224646799147E-16,1.,0.));
#11095 = ORIENTED_EDGE('',*,*,#11096,.T.);
#11096 = EDGE_CURVE('',#11089,#9534,#11097,.T.);
#11097 = LINE('',#11098,#11099);
#11098 = CARTESIAN_POINT('',(11.983333333333,1.666666666667E-02,
    5.033333333333));
#11099 = VECTOR('',#11100,1.);
#11100 = DIRECTION('',(-0.57735026919,0.57735026919,-0.57735026919));
#11101 = ORIENTED_EDGE('',*,*,#9533,.F.);
#11102 = PLANE('',#11103);
#11103 = AXIS2_PLACEMENT_3D('',#11104,#11105,#11106);
#11104 = CARTESIAN_POINT('',(11.85,-0.25,4.9));
#11105 = DIRECTION('',(0.707106781187,-8.486018839685E-17,
    -0.707106781187));
#11106 = DIRECTION('',(-1.212375546256E-16,-1.,-1.227125289196E-18));
#11107 = ADVANCED_FACE('',(#11108),#11126,.T.);
#11108 = FACE_BOUND('',#11109,.F.);
#11109 = EDGE_LOOP('',(#11110,#11118,#11119,#11120));
#11110 = ORIENTED_EDGE('',*,*,#11111,.T.);
#11111 = EDGE_CURVE('',#11112,#9556,#11114,.T.);
#11112 = VERTEX_POINT('',#11113);
#11113 = CARTESIAN_POINT('',(12.05,-5.E-02,5.));
#11114 = LINE('',#11115,#11116);
#11115 = CARTESIAN_POINT('',(12.183333333333,-0.183333333333,
    4.866666666667));
#11116 = VECTOR('',#11117,1.);
#11117 = DIRECTION('',(0.57735026919,-0.57735026919,-0.57735026919));
#11118 = ORIENTED_EDGE('',*,*,#9565,.T.);
#11119 = ORIENTED_EDGE('',*,*,#11080,.F.);
#11120 = ORIENTED_EDGE('',*,*,#11121,.F.);
#11121 = EDGE_CURVE('',#11112,#11081,#11122,.T.);
#11122 = LINE('',#11123,#11124);
#11123 = CARTESIAN_POINT('',(12.25,-5.E-02,5.));
#11124 = VECTOR('',#11125,1.);
#11125 = DIRECTION('',(-1.,1.224646799147E-16,0.));
#11126 = PLANE('',#11127);
#11127 = AXIS2_PLACEMENT_3D('',#11128,#11129,#11130);
#11128 = CARTESIAN_POINT('',(12.25,-0.15,4.9));
#11129 = DIRECTION('',(-8.833102285013E-17,-0.707106781187,
    0.707106781187));
#11130 = DIRECTION('',(1.,-1.236918052038E-16,1.227125289097E-18));
#11131 = ADVANCED_FACE('',(#11132),#11150,.T.);
#11132 = FACE_BOUND('',#11133,.F.);
#11133 = EDGE_LOOP('',(#11134,#11135,#11143,#11149));
#11134 = ORIENTED_EDGE('',*,*,#11111,.F.);
#11135 = ORIENTED_EDGE('',*,*,#11136,.T.);
#11136 = EDGE_CURVE('',#11112,#11137,#11139,.T.);
#11137 = VERTEX_POINT('',#11138);
#11138 = CARTESIAN_POINT('',(12.05,5.E-02,5.));
#11139 = LINE('',#11140,#11141);
#11140 = CARTESIAN_POINT('',(12.05,-0.25,5.));
#11141 = VECTOR('',#11142,1.);
#11142 = DIRECTION('',(1.224646799147E-16,1.,0.));
#11143 = ORIENTED_EDGE('',*,*,#11144,.T.);
#11144 = EDGE_CURVE('',#11137,#9582,#11145,.T.);
#11145 = LINE('',#11146,#11147);
#11146 = CARTESIAN_POINT('',(12.1,0.1,4.95));
#11147 = VECTOR('',#11148,1.);
#11148 = DIRECTION('',(0.57735026919,0.57735026919,-0.57735026919));
#11149 = ORIENTED_EDGE('',*,*,#9581,.F.);
#11150 = PLANE('',#11151);
#11151 = AXIS2_PLACEMENT_3D('',#11152,#11153,#11154);
#11152 = CARTESIAN_POINT('',(12.15,-0.25,4.9));
#11153 = DIRECTION('',(0.707106781187,-8.833102285013E-17,0.707106781187
    ));
#11154 = DIRECTION('',(-1.236918052038E-16,-1.,-1.227125289097E-18));
#11155 = ADVANCED_FACE('',(#11156),#11167,.T.);
#11156 = FACE_BOUND('',#11157,.F.);
#11157 = EDGE_LOOP('',(#11158,#11159,#11165,#11166));
#11158 = ORIENTED_EDGE('',*,*,#11144,.F.);
#11159 = ORIENTED_EDGE('',*,*,#11160,.T.);
#11160 = EDGE_CURVE('',#11137,#11089,#11161,.T.);
#11161 = LINE('',#11162,#11163);
#11162 = CARTESIAN_POINT('',(12.25,5.E-02,5.));
#11163 = VECTOR('',#11164,1.);
#11164 = DIRECTION('',(-1.,1.224646799147E-16,0.));
#11165 = ORIENTED_EDGE('',*,*,#11096,.T.);
#11166 = ORIENTED_EDGE('',*,*,#9604,.F.);
#11167 = PLANE('',#11168);
#11168 = AXIS2_PLACEMENT_3D('',#11169,#11170,#11171);
#11169 = CARTESIAN_POINT('',(12.25,0.15,4.9));
#11170 = DIRECTION('',(8.833102285013E-17,0.707106781187,0.707106781187)
  );
#11171 = DIRECTION('',(1.,-1.236918052038E-16,-1.227125289097E-18));
#11172 = ADVANCED_FACE('',(#11173),#11198,.T.);
#11173 = FACE_BOUND('',#11174,.F.);
#11174 = EDGE_LOOP('',(#11175,#11183,#11191,#11197));
#11175 = ORIENTED_EDGE('',*,*,#11176,.F.);
#11176 = EDGE_CURVE('',#11177,#9621,#11179,.T.);
#11177 = VERTEX_POINT('',#11178);
#11178 = CARTESIAN_POINT('',(10.05,5.E-02,5.));
#11179 = LINE('',#11180,#11181);
#11180 = CARTESIAN_POINT('',(10.1,0.1,4.95));
#11181 = VECTOR('',#11182,1.);
#11182 = DIRECTION('',(0.57735026919,0.57735026919,-0.57735026919));
#11183 = ORIENTED_EDGE('',*,*,#11184,.T.);
#11184 = EDGE_CURVE('',#11177,#11185,#11187,.T.);
#11185 = VERTEX_POINT('',#11186);
#11186 = CARTESIAN_POINT('',(9.95,5.E-02,5.));
#11187 = LINE('',#11188,#11189);
#11188 = CARTESIAN_POINT('',(10.25,5.E-02,5.));
#11189 = VECTOR('',#11190,1.);
#11190 = DIRECTION('',(-1.,1.224646799147E-16,0.));
#11191 = ORIENTED_EDGE('',*,*,#11192,.T.);
#11192 = EDGE_CURVE('',#11185,#9629,#11193,.T.);
#11193 = LINE('',#11194,#11195);
#11194 = CARTESIAN_POINT('',(9.983333333333,1.666666666667E-02,
    5.033333333333));
#11195 = VECTOR('',#11196,1.);
#11196 = DIRECTION('',(-0.57735026919,0.57735026919,-0.57735026919));
#11197 = ORIENTED_EDGE('',*,*,#9628,.F.);
#11198 = PLANE('',#11199);
#11199 = AXIS2_PLACEMENT_3D('',#11200,#11201,#11202);
#11200 = CARTESIAN_POINT('',(10.25,0.15,4.9));
#11201 = DIRECTION('',(8.833102285013E-17,0.707106781187,0.707106781187)
  );
#11202 = DIRECTION('',(1.,-1.236918052038E-16,-1.227125289097E-18));
#11203 = ADVANCED_FACE('',(#11204),#11222,.F.);
#11204 = FACE_BOUND('',#11205,.T.);
#11205 = EDGE_LOOP('',(#11206,#11214,#11220,#11221));
#11206 = ORIENTED_EDGE('',*,*,#11207,.F.);
#11207 = EDGE_CURVE('',#11208,#9653,#11210,.T.);
#11208 = VERTEX_POINT('',#11209);
#11209 = CARTESIAN_POINT('',(9.95,-5.E-02,5.));
#11210 = LINE('',#11211,#11212);
#11211 = CARTESIAN_POINT('',(9.9,-0.1,4.95));
#11212 = VECTOR('',#11213,1.);
#11213 = DIRECTION('',(-0.57735026919,-0.57735026919,-0.57735026919));
#11214 = ORIENTED_EDGE('',*,*,#11215,.T.);
#11215 = EDGE_CURVE('',#11208,#11185,#11216,.T.);
#11216 = LINE('',#11217,#11218);
#11217 = CARTESIAN_POINT('',(9.95,-0.25,5.));
#11218 = VECTOR('',#11219,1.);
#11219 = DIRECTION('',(1.224646799147E-16,1.,0.));
#11220 = ORIENTED_EDGE('',*,*,#11192,.T.);
#11221 = ORIENTED_EDGE('',*,*,#9660,.F.);
#11222 = PLANE('',#11223);
#11223 = AXIS2_PLACEMENT_3D('',#11224,#11225,#11226);
#11224 = CARTESIAN_POINT('',(9.85,-0.25,4.9));
#11225 = DIRECTION('',(0.707106781187,-8.486018839685E-17,
    -0.707106781187));
#11226 = DIRECTION('',(-1.212375546256E-16,-1.,-1.227125289196E-18));
#11227 = ADVANCED_FACE('',(#11228),#11246,.T.);
#11228 = FACE_BOUND('',#11229,.F.);
#11229 = EDGE_LOOP('',(#11230,#11238,#11239,#11240));
#11230 = ORIENTED_EDGE('',*,*,#11231,.T.);
#11231 = EDGE_CURVE('',#11232,#9676,#11234,.T.);
#11232 = VERTEX_POINT('',#11233);
#11233 = CARTESIAN_POINT('',(10.05,-5.E-02,5.));
#11234 = LINE('',#11235,#11236);
#11235 = CARTESIAN_POINT('',(10.183333333333,-0.183333333333,
    4.866666666667));
#11236 = VECTOR('',#11237,1.);
#11237 = DIRECTION('',(0.57735026919,-0.57735026919,-0.57735026919));
#11238 = ORIENTED_EDGE('',*,*,#9685,.T.);
#11239 = ORIENTED_EDGE('',*,*,#11207,.F.);
#11240 = ORIENTED_EDGE('',*,*,#11241,.F.);
#11241 = EDGE_CURVE('',#11232,#11208,#11242,.T.);
#11242 = LINE('',#11243,#11244);
#11243 = CARTESIAN_POINT('',(10.25,-5.E-02,5.));
#11244 = VECTOR('',#11245,1.);
#11245 = DIRECTION('',(-1.,1.224646799147E-16,0.));
#11246 = PLANE('',#11247);
#11247 = AXIS2_PLACEMENT_3D('',#11248,#11249,#11250);
#11248 = CARTESIAN_POINT('',(10.25,-0.15,4.9));
#11249 = DIRECTION('',(-8.833102285013E-17,-0.707106781187,
    0.707106781187));
#11250 = DIRECTION('',(1.,-1.236918052038E-16,1.227125289097E-18));
#11251 = ADVANCED_FACE('',(#11252),#11263,.T.);
#11252 = FACE_BOUND('',#11253,.F.);
#11253 = EDGE_LOOP('',(#11254,#11255,#11261,#11262));
#11254 = ORIENTED_EDGE('',*,*,#11231,.F.);
#11255 = ORIENTED_EDGE('',*,*,#11256,.T.);
#11256 = EDGE_CURVE('',#11232,#11177,#11257,.T.);
#11257 = LINE('',#11258,#11259);
#11258 = CARTESIAN_POINT('',(10.05,-0.25,5.));
#11259 = VECTOR('',#11260,1.);
#11260 = DIRECTION('',(1.224646799147E-16,1.,0.));
#11261 = ORIENTED_EDGE('',*,*,#11176,.T.);
#11262 = ORIENTED_EDGE('',*,*,#9701,.F.);
#11263 = PLANE('',#11264);
#11264 = AXIS2_PLACEMENT_3D('',#11265,#11266,#11267);
#11265 = CARTESIAN_POINT('',(10.15,-0.25,4.9));
#11266 = DIRECTION('',(0.707106781187,-8.833102285013E-17,0.707106781187
    ));
#11267 = DIRECTION('',(-1.236918052038E-16,-1.,-1.227125289097E-18));
#11268 = ADVANCED_FACE('',(#11269),#11294,.F.);
#11269 = FACE_BOUND('',#11270,.T.);
#11270 = EDGE_LOOP('',(#11271,#11279,#11287,#11293));
#11271 = ORIENTED_EDGE('',*,*,#11272,.F.);
#11272 = EDGE_CURVE('',#11273,#9718,#11275,.T.);
#11273 = VERTEX_POINT('',#11274);
#11274 = CARTESIAN_POINT('',(7.95,-5.E-02,5.));
#11275 = LINE('',#11276,#11277);
#11276 = CARTESIAN_POINT('',(7.9,-0.1,4.95));
#11277 = VECTOR('',#11278,1.);
#11278 = DIRECTION('',(-0.57735026919,-0.57735026919,-0.57735026919));
#11279 = ORIENTED_EDGE('',*,*,#11280,.T.);
#11280 = EDGE_CURVE('',#11273,#11281,#11283,.T.);
#11281 = VERTEX_POINT('',#11282);
#11282 = CARTESIAN_POINT('',(7.95,5.E-02,5.));
#11283 = LINE('',#11284,#11285);
#11284 = CARTESIAN_POINT('',(7.95,-0.25,5.));
#11285 = VECTOR('',#11286,1.);
#11286 = DIRECTION('',(1.224646799147E-16,1.,0.));
#11287 = ORIENTED_EDGE('',*,*,#11288,.T.);
#11288 = EDGE_CURVE('',#11281,#9726,#11289,.T.);
#11289 = LINE('',#11290,#11291);
#11290 = CARTESIAN_POINT('',(7.983333333333,1.666666666667E-02,
    5.033333333333));
#11291 = VECTOR('',#11292,1.);
#11292 = DIRECTION('',(-0.57735026919,0.57735026919,-0.57735026919));
#11293 = ORIENTED_EDGE('',*,*,#9725,.F.);
#11294 = PLANE('',#11295);
#11295 = AXIS2_PLACEMENT_3D('',#11296,#11297,#11298);
#11296 = CARTESIAN_POINT('',(7.85,-0.25,4.9));
#11297 = DIRECTION('',(0.707106781187,-8.486018839685E-17,
    -0.707106781187));
#11298 = DIRECTION('',(-1.212375546256E-16,-1.,-1.227125289196E-18));
#11299 = ADVANCED_FACE('',(#11300),#11318,.T.);
#11300 = FACE_BOUND('',#11301,.F.);
#11301 = EDGE_LOOP('',(#11302,#11310,#11311,#11312));
#11302 = ORIENTED_EDGE('',*,*,#11303,.T.);
#11303 = EDGE_CURVE('',#11304,#9748,#11306,.T.);
#11304 = VERTEX_POINT('',#11305);
#11305 = CARTESIAN_POINT('',(8.05,-5.E-02,5.));
#11306 = LINE('',#11307,#11308);
#11307 = CARTESIAN_POINT('',(8.183333333333,-0.183333333333,
    4.866666666667));
#11308 = VECTOR('',#11309,1.);
#11309 = DIRECTION('',(0.57735026919,-0.57735026919,-0.57735026919));
#11310 = ORIENTED_EDGE('',*,*,#9757,.T.);
#11311 = ORIENTED_EDGE('',*,*,#11272,.F.);
#11312 = ORIENTED_EDGE('',*,*,#11313,.F.);
#11313 = EDGE_CURVE('',#11304,#11273,#11314,.T.);
#11314 = LINE('',#11315,#11316);
#11315 = CARTESIAN_POINT('',(8.25,-5.E-02,5.));
#11316 = VECTOR('',#11317,1.);
#11317 = DIRECTION('',(-1.,1.224646799147E-16,0.));
#11318 = PLANE('',#11319);
#11319 = AXIS2_PLACEMENT_3D('',#11320,#11321,#11322);
#11320 = CARTESIAN_POINT('',(8.25,-0.15,4.9));
#11321 = DIRECTION('',(-8.833102285013E-17,-0.707106781187,
    0.707106781187));
#11322 = DIRECTION('',(1.,-1.236918052038E-16,1.227125289097E-18));
#11323 = ADVANCED_FACE('',(#11324),#11342,.T.);
#11324 = FACE_BOUND('',#11325,.F.);
#11325 = EDGE_LOOP('',(#11326,#11327,#11335,#11341));
#11326 = ORIENTED_EDGE('',*,*,#11303,.F.);
#11327 = ORIENTED_EDGE('',*,*,#11328,.T.);
#11328 = EDGE_CURVE('',#11304,#11329,#11331,.T.);
#11329 = VERTEX_POINT('',#11330);
#11330 = CARTESIAN_POINT('',(8.05,5.E-02,5.));
#11331 = LINE('',#11332,#11333);
#11332 = CARTESIAN_POINT('',(8.05,-0.25,5.));
#11333 = VECTOR('',#11334,1.);
#11334 = DIRECTION('',(1.224646799147E-16,1.,0.));
#11335 = ORIENTED_EDGE('',*,*,#11336,.T.);
#11336 = EDGE_CURVE('',#11329,#9774,#11337,.T.);
#11337 = LINE('',#11338,#11339);
#11338 = CARTESIAN_POINT('',(8.1,0.1,4.95));
#11339 = VECTOR('',#11340,1.);
#11340 = DIRECTION('',(0.57735026919,0.57735026919,-0.57735026919));
#11341 = ORIENTED_EDGE('',*,*,#9773,.F.);
#11342 = PLANE('',#11343);
#11343 = AXIS2_PLACEMENT_3D('',#11344,#11345,#11346);
#11344 = CARTESIAN_POINT('',(8.15,-0.25,4.9));
#11345 = DIRECTION('',(0.707106781187,-8.833102285013E-17,0.707106781187
    ));
#11346 = DIRECTION('',(-1.236918052038E-16,-1.,-1.227125289097E-18));
#11347 = ADVANCED_FACE('',(#11348),#11359,.T.);
#11348 = FACE_BOUND('',#11349,.F.);
#11349 = EDGE_LOOP('',(#11350,#11351,#11357,#11358));
#11350 = ORIENTED_EDGE('',*,*,#11336,.F.);
#11351 = ORIENTED_EDGE('',*,*,#11352,.T.);
#11352 = EDGE_CURVE('',#11329,#11281,#11353,.T.);
#11353 = LINE('',#11354,#11355);
#11354 = CARTESIAN_POINT('',(8.25,5.E-02,5.));
#11355 = VECTOR('',#11356,1.);
#11356 = DIRECTION('',(-1.,1.224646799147E-16,0.));
#11357 = ORIENTED_EDGE('',*,*,#11288,.T.);
#11358 = ORIENTED_EDGE('',*,*,#9796,.F.);
#11359 = PLANE('',#11360);
#11360 = AXIS2_PLACEMENT_3D('',#11361,#11362,#11363);
#11361 = CARTESIAN_POINT('',(8.25,0.15,4.9));
#11362 = DIRECTION('',(8.833102285013E-17,0.707106781187,0.707106781187)
  );
#11363 = DIRECTION('',(1.,-1.236918052038E-16,-1.227125289097E-18));
#11364 = ADVANCED_FACE('',(#11365),#11390,.T.);
#11365 = FACE_BOUND('',#11366,.F.);
#11366 = EDGE_LOOP('',(#11367,#11375,#11383,#11389));
#11367 = ORIENTED_EDGE('',*,*,#11368,.T.);
#11368 = EDGE_CURVE('',#9814,#11369,#11371,.T.);
#11369 = VERTEX_POINT('',#11370);
#11370 = CARTESIAN_POINT('',(14.05,-5.E-02,5.));
#11371 = LINE('',#11372,#11373);
#11372 = CARTESIAN_POINT('',(14.183333333333,-0.183333333333,
    4.866666666667));
#11373 = VECTOR('',#11374,1.);
#11374 = DIRECTION('',(-0.57735026919,0.57735026919,0.57735026919));
#11375 = ORIENTED_EDGE('',*,*,#11376,.T.);
#11376 = EDGE_CURVE('',#11369,#11377,#11379,.T.);
#11377 = VERTEX_POINT('',#11378);
#11378 = CARTESIAN_POINT('',(14.05,5.E-02,5.));
#11379 = LINE('',#11380,#11381);
#11380 = CARTESIAN_POINT('',(14.05,-0.25,5.));
#11381 = VECTOR('',#11382,1.);
#11382 = DIRECTION('',(1.224646799147E-16,1.,0.));
#11383 = ORIENTED_EDGE('',*,*,#11384,.T.);
#11384 = EDGE_CURVE('',#11377,#9822,#11385,.T.);
#11385 = LINE('',#11386,#11387);
#11386 = CARTESIAN_POINT('',(14.1,0.1,4.95));
#11387 = VECTOR('',#11388,1.);
#11388 = DIRECTION('',(0.57735026919,0.57735026919,-0.57735026919));
#11389 = ORIENTED_EDGE('',*,*,#9821,.F.);
#11390 = PLANE('',#11391);
#11391 = AXIS2_PLACEMENT_3D('',#11392,#11393,#11394);
#11392 = CARTESIAN_POINT('',(14.15,-0.25,4.9));
#11393 = DIRECTION('',(0.707106781187,-8.833102285013E-17,0.707106781187
    ));
#11394 = DIRECTION('',(-1.236918052038E-16,-1.,-1.227125289097E-18));
#11395 = ADVANCED_FACE('',(#11396),#11414,.T.);
#11396 = FACE_BOUND('',#11397,.F.);
#11397 = EDGE_LOOP('',(#11398,#11399,#11407,#11413));
#11398 = ORIENTED_EDGE('',*,*,#11384,.F.);
#11399 = ORIENTED_EDGE('',*,*,#11400,.T.);
#11400 = EDGE_CURVE('',#11377,#11401,#11403,.T.);
#11401 = VERTEX_POINT('',#11402);
#11402 = CARTESIAN_POINT('',(13.95,5.E-02,5.));
#11403 = LINE('',#11404,#11405);
#11404 = CARTESIAN_POINT('',(14.25,5.E-02,5.));
#11405 = VECTOR('',#11406,1.);
#11406 = DIRECTION('',(-1.,1.224646799147E-16,0.));
#11407 = ORIENTED_EDGE('',*,*,#11408,.T.);
#11408 = EDGE_CURVE('',#11401,#9845,#11409,.T.);
#11409 = LINE('',#11410,#11411);
#11410 = CARTESIAN_POINT('',(13.983333333333,1.666666666667E-02,
    5.033333333333));
#11411 = VECTOR('',#11412,1.);
#11412 = DIRECTION('',(-0.57735026919,0.57735026919,-0.57735026919));
#11413 = ORIENTED_EDGE('',*,*,#9844,.F.);
#11414 = PLANE('',#11415);
#11415 = AXIS2_PLACEMENT_3D('',#11416,#11417,#11418);
#11416 = CARTESIAN_POINT('',(14.25,0.15,4.9));
#11417 = DIRECTION('',(8.833102285013E-17,0.707106781187,0.707106781187)
  );
#11418 = DIRECTION('',(1.,-1.236918052038E-16,-1.227125289097E-18));
#11419 = ADVANCED_FACE('',(#11420),#11438,.F.);
#11420 = FACE_BOUND('',#11421,.T.);
#11421 = EDGE_LOOP('',(#11422,#11430,#11436,#11437));
#11422 = ORIENTED_EDGE('',*,*,#11423,.F.);
#11423 = EDGE_CURVE('',#11424,#9869,#11426,.T.);
#11424 = VERTEX_POINT('',#11425);
#11425 = CARTESIAN_POINT('',(13.95,-5.E-02,5.));
#11426 = LINE('',#11427,#11428);
#11427 = CARTESIAN_POINT('',(13.9,-0.1,4.95));
#11428 = VECTOR('',#11429,1.);
#11429 = DIRECTION('',(-0.57735026919,-0.57735026919,-0.57735026919));
#11430 = ORIENTED_EDGE('',*,*,#11431,.T.);
#11431 = EDGE_CURVE('',#11424,#11401,#11432,.T.);
#11432 = LINE('',#11433,#11434);
#11433 = CARTESIAN_POINT('',(13.95,-0.25,5.));
#11434 = VECTOR('',#11435,1.);
#11435 = DIRECTION('',(1.224646799147E-16,1.,0.));
#11436 = ORIENTED_EDGE('',*,*,#11408,.T.);
#11437 = ORIENTED_EDGE('',*,*,#9876,.F.);
#11438 = PLANE('',#11439);
#11439 = AXIS2_PLACEMENT_3D('',#11440,#11441,#11442);
#11440 = CARTESIAN_POINT('',(13.85,-0.25,4.9));
#11441 = DIRECTION('',(0.707106781187,-8.486018839685E-17,
    -0.707106781187));
#11442 = DIRECTION('',(-1.212375546256E-16,-1.,-1.227125289196E-18));
#11443 = ADVANCED_FACE('',(#11444),#11455,.T.);
#11444 = FACE_BOUND('',#11445,.F.);
#11445 = EDGE_LOOP('',(#11446,#11447,#11448,#11449));
#11446 = ORIENTED_EDGE('',*,*,#11368,.F.);
#11447 = ORIENTED_EDGE('',*,*,#9894,.T.);
#11448 = ORIENTED_EDGE('',*,*,#11423,.F.);
#11449 = ORIENTED_EDGE('',*,*,#11450,.F.);
#11450 = EDGE_CURVE('',#11369,#11424,#11451,.T.);
#11451 = LINE('',#11452,#11453);
#11452 = CARTESIAN_POINT('',(14.25,-5.E-02,5.));
#11453 = VECTOR('',#11454,1.);
#11454 = DIRECTION('',(-1.,1.224646799147E-16,0.));
#11455 = PLANE('',#11456);
#11456 = AXIS2_PLACEMENT_3D('',#11457,#11458,#11459);
#11457 = CARTESIAN_POINT('',(14.25,-0.15,4.9));
#11458 = DIRECTION('',(-8.833102285013E-17,-0.707106781187,
    0.707106781187));
#11459 = DIRECTION('',(1.,-1.236918052038E-16,1.227125289097E-18));
#11460 = ADVANCED_FACE('',(#11461),#11486,.T.);
#11461 = FACE_BOUND('',#11462,.F.);
#11462 = EDGE_LOOP('',(#11463,#11471,#11479,#11485));
#11463 = ORIENTED_EDGE('',*,*,#11464,.T.);
#11464 = EDGE_CURVE('',#9910,#11465,#11467,.T.);
#11465 = VERTEX_POINT('',#11466);
#11466 = CARTESIAN_POINT('',(5.E-02,-5.E-02,5.));
#11467 = LINE('',#11468,#11469);
#11468 = CARTESIAN_POINT('',(0.183333333333,-0.183333333333,
    4.866666666667));
#11469 = VECTOR('',#11470,1.);
#11470 = DIRECTION('',(-0.57735026919,0.57735026919,0.57735026919));
#11471 = ORIENTED_EDGE('',*,*,#11472,.T.);
#11472 = EDGE_CURVE('',#11465,#11473,#11475,.T.);
#11473 = VERTEX_POINT('',#11474);
#11474 = CARTESIAN_POINT('',(5.E-02,5.E-02,5.));
#11475 = LINE('',#11476,#11477);
#11476 = CARTESIAN_POINT('',(5.E-02,-0.25,5.));
#11477 = VECTOR('',#11478,1.);
#11478 = DIRECTION('',(1.224646799147E-16,1.,0.));
#11479 = ORIENTED_EDGE('',*,*,#11480,.T.);
#11480 = EDGE_CURVE('',#11473,#9918,#11481,.T.);
#11481 = LINE('',#11482,#11483);
#11482 = CARTESIAN_POINT('',(0.1,0.1,4.95));
#11483 = VECTOR('',#11484,1.);
#11484 = DIRECTION('',(0.57735026919,0.57735026919,-0.57735026919));
#11485 = ORIENTED_EDGE('',*,*,#9917,.F.);
#11486 = PLANE('',#11487);
#11487 = AXIS2_PLACEMENT_3D('',#11488,#11489,#11490);
#11488 = CARTESIAN_POINT('',(0.15,-0.25,4.9));
#11489 = DIRECTION('',(0.707106781187,-8.833102285013E-17,0.707106781187
    ));
#11490 = DIRECTION('',(-1.236918052038E-16,-1.,-1.227125289097E-18));
#11491 = ADVANCED_FACE('',(#11492),#11510,.T.);
#11492 = FACE_BOUND('',#11493,.F.);
#11493 = EDGE_LOOP('',(#11494,#11495,#11503,#11509));
#11494 = ORIENTED_EDGE('',*,*,#11480,.F.);
#11495 = ORIENTED_EDGE('',*,*,#11496,.T.);
#11496 = EDGE_CURVE('',#11473,#11497,#11499,.T.);
#11497 = VERTEX_POINT('',#11498);
#11498 = CARTESIAN_POINT('',(-5.E-02,5.E-02,5.));
#11499 = LINE('',#11500,#11501);
#11500 = CARTESIAN_POINT('',(0.25,5.E-02,5.));
#11501 = VECTOR('',#11502,1.);
#11502 = DIRECTION('',(-1.,1.224646799147E-16,0.));
#11503 = ORIENTED_EDGE('',*,*,#11504,.T.);
#11504 = EDGE_CURVE('',#11497,#9941,#11505,.T.);
#11505 = LINE('',#11506,#11507);
#11506 = CARTESIAN_POINT('',(-1.666666666667E-02,1.666666666667E-02,
    5.033333333333));
#11507 = VECTOR('',#11508,1.);
#11508 = DIRECTION('',(-0.57735026919,0.57735026919,-0.57735026919));
#11509 = ORIENTED_EDGE('',*,*,#9940,.F.);
#11510 = PLANE('',#11511);
#11511 = AXIS2_PLACEMENT_3D('',#11512,#11513,#11514);
#11512 = CARTESIAN_POINT('',(0.25,0.15,4.9));
#11513 = DIRECTION('',(8.833102285013E-17,0.707106781187,0.707106781187)
  );
#11514 = DIRECTION('',(1.,-1.236918052038E-16,-1.227125289097E-18));
#11515 = ADVANCED_FACE('',(#11516),#11534,.F.);
#11516 = FACE_BOUND('',#11517,.T.);
#11517 = EDGE_LOOP('',(#11518,#11526,#11532,#11533));
#11518 = ORIENTED_EDGE('',*,*,#11519,.F.);
#11519 = EDGE_CURVE('',#11520,#9965,#11522,.T.);
#11520 = VERTEX_POINT('',#11521);
#11521 = CARTESIAN_POINT('',(-5.E-02,-5.E-02,5.));
#11522 = LINE('',#11523,#11524);
#11523 = CARTESIAN_POINT('',(-0.1,-0.1,4.95));
#11524 = VECTOR('',#11525,1.);
#11525 = DIRECTION('',(-0.57735026919,-0.57735026919,-0.57735026919));
#11526 = ORIENTED_EDGE('',*,*,#11527,.T.);
#11527 = EDGE_CURVE('',#11520,#11497,#11528,.T.);
#11528 = LINE('',#11529,#11530);
#11529 = CARTESIAN_POINT('',(-5.E-02,-0.25,5.));
#11530 = VECTOR('',#11531,1.);
#11531 = DIRECTION('',(1.224646799147E-16,1.,0.));
#11532 = ORIENTED_EDGE('',*,*,#11504,.T.);
#11533 = ORIENTED_EDGE('',*,*,#9972,.F.);
#11534 = PLANE('',#11535);
#11535 = AXIS2_PLACEMENT_3D('',#11536,#11537,#11538);
#11536 = CARTESIAN_POINT('',(-0.15,-0.25,4.9));
#11537 = DIRECTION('',(0.707106781187,-8.486018839685E-17,
    -0.707106781187));
#11538 = DIRECTION('',(-1.212375546256E-16,-1.,-1.227125289196E-18));
#11539 = ADVANCED_FACE('',(#11540),#11551,.T.);
#11540 = FACE_BOUND('',#11541,.F.);
#11541 = EDGE_LOOP('',(#11542,#11543,#11544,#11545));
#11542 = ORIENTED_EDGE('',*,*,#11464,.F.);
#11543 = ORIENTED_EDGE('',*,*,#9990,.T.);
#11544 = ORIENTED_EDGE('',*,*,#11519,.F.);
#11545 = ORIENTED_EDGE('',*,*,#11546,.F.);
#11546 = EDGE_CURVE('',#11465,#11520,#11547,.T.);
#11547 = LINE('',#11548,#11549);
#11548 = CARTESIAN_POINT('',(0.25,-5.E-02,5.));
#11549 = VECTOR('',#11550,1.);
#11550 = DIRECTION('',(-1.,1.224646799147E-16,0.));
#11551 = PLANE('',#11552);
#11552 = AXIS2_PLACEMENT_3D('',#11553,#11554,#11555);
#11553 = CARTESIAN_POINT('',(0.25,-0.15,4.9));
#11554 = DIRECTION('',(-8.833102285013E-17,-0.707106781187,
    0.707106781187));
#11555 = DIRECTION('',(1.,-1.236918052038E-16,1.227125289097E-18));
#11556 = ADVANCED_FACE('',(#11557),#11568,.T.);
#11557 = FACE_BOUND('',#11558,.T.);
#11558 = EDGE_LOOP('',(#11559,#11560,#11566,#11567));
#11559 = ORIENTED_EDGE('',*,*,#10004,.F.);
#11560 = ORIENTED_EDGE('',*,*,#11561,.T.);
#11561 = EDGE_CURVE('',#10005,#10149,#11562,.T.);
#11562 = LINE('',#11563,#11564);
#11563 = CARTESIAN_POINT('',(0.25,5.E-02,-3.4));
#11564 = VECTOR('',#11565,1.);
#11565 = DIRECTION('',(-1.,1.224646799147E-16,0.));
#11566 = ORIENTED_EDGE('',*,*,#10148,.T.);
#11567 = ORIENTED_EDGE('',*,*,#10067,.F.);
#11568 = PLANE('',#11569);
#11569 = AXIS2_PLACEMENT_3D('',#11570,#11571,#11572);
#11570 = CARTESIAN_POINT('',(0.25,0.165596257347,-3.301223703467));
#11571 = DIRECTION('',(8.302774088379E-17,0.64962967394,-0.760250805153)
  );
#11572 = DIRECTION('',(-1.,1.247195775152E-16,-2.638869166629E-18));
#11573 = ADVANCED_FACE('',(#11574),#11585,.F.);
#11574 = FACE_BOUND('',#11575,.F.);
#11575 = EDGE_LOOP('',(#11576,#11577,#11578,#11579));
#11576 = ORIENTED_EDGE('',*,*,#10014,.F.);
#11577 = ORIENTED_EDGE('',*,*,#11561,.T.);
#11578 = ORIENTED_EDGE('',*,*,#10156,.T.);
#11579 = ORIENTED_EDGE('',*,*,#11580,.F.);
#11580 = EDGE_CURVE('',#10015,#10138,#11581,.T.);
#11581 = LINE('',#11582,#11583);
#11582 = CARTESIAN_POINT('',(0.25,-5.E-02,-3.4));
#11583 = VECTOR('',#11584,1.);
#11584 = DIRECTION('',(-1.,1.224646799147E-16,0.));
#11585 = PLANE('',#11586);
#11586 = AXIS2_PLACEMENT_3D('',#11587,#11588,#11589);
#11587 = CARTESIAN_POINT('',(0.25,0.25,-3.4));
#11588 = DIRECTION('',(0.,0.,1.));
#11589 = DIRECTION('',(-1.224646799147E-16,-1.,0.));
#11590 = ADVANCED_FACE('',(#11591),#11597,.T.);
#11591 = FACE_BOUND('',#11592,.F.);
#11592 = EDGE_LOOP('',(#11593,#11594,#11595,#11596));
#11593 = ORIENTED_EDGE('',*,*,#10022,.F.);
#11594 = ORIENTED_EDGE('',*,*,#11580,.T.);
#11595 = ORIENTED_EDGE('',*,*,#10137,.T.);
#11596 = ORIENTED_EDGE('',*,*,#10113,.F.);
#11597 = PLANE('',#11598);
#11598 = AXIS2_PLACEMENT_3D('',#11599,#11600,#11601);
#11599 = CARTESIAN_POINT('',(0.25,-0.134403742653,-3.301223703467));
#11600 = DIRECTION('',(-9.136856246232E-17,-0.760250805153,
    -0.64962967394));
#11601 = DIRECTION('',(1.,-1.211454098155E-16,1.127308249542E-18));
#11602 = ADVANCED_FACE('',(#11603),#11609,.F.);
#11603 = FACE_BOUND('',#11604,.F.);
#11604 = EDGE_LOOP('',(#11605,#11606,#11607,#11608));
#11605 = ORIENTED_EDGE('',*,*,#10233,.F.);
#11606 = ORIENTED_EDGE('',*,*,#10250,.T.);
#11607 = ORIENTED_EDGE('',*,*,#10178,.T.);
#11608 = ORIENTED_EDGE('',*,*,#10209,.F.);
#11609 = PLANE('',#11610);
#11610 = AXIS2_PLACEMENT_3D('',#11611,#11612,#11613);
#11611 = CARTESIAN_POINT('',(2.25,0.25,-3.4));
#11612 = DIRECTION('',(0.,0.,1.));
#11613 = DIRECTION('',(-1.224646799147E-16,-1.,0.));
#11614 = ADVANCED_FACE('',(#11615),#11621,.F.);
#11615 = FACE_BOUND('',#11616,.F.);
#11616 = EDGE_LOOP('',(#11617,#11618,#11619,#11620));
#11617 = ORIENTED_EDGE('',*,*,#10274,.F.);
#11618 = ORIENTED_EDGE('',*,*,#10298,.T.);
#11619 = ORIENTED_EDGE('',*,*,#10322,.T.);
#11620 = ORIENTED_EDGE('',*,*,#10346,.F.);
#11621 = PLANE('',#11622);
#11622 = AXIS2_PLACEMENT_3D('',#11623,#11624,#11625);
#11623 = CARTESIAN_POINT('',(4.25,0.25,-3.4));
#11624 = DIRECTION('',(0.,0.,1.));
#11625 = DIRECTION('',(-1.224646799147E-16,-1.,0.));
#11626 = ADVANCED_FACE('',(#11627),#11633,.F.);
#11627 = FACE_BOUND('',#11628,.F.);
#11628 = EDGE_LOOP('',(#11629,#11630,#11631,#11632));
#11629 = ORIENTED_EDGE('',*,*,#10425,.F.);
#11630 = ORIENTED_EDGE('',*,*,#10442,.T.);
#11631 = ORIENTED_EDGE('',*,*,#10370,.T.);
#11632 = ORIENTED_EDGE('',*,*,#10401,.F.);
#11633 = PLANE('',#11634);
#11634 = AXIS2_PLACEMENT_3D('',#11635,#11636,#11637);
#11635 = CARTESIAN_POINT('',(6.25,0.25,-3.4));
#11636 = DIRECTION('',(0.,0.,1.));
#11637 = DIRECTION('',(-1.224646799147E-16,-1.,0.));
#11638 = ADVANCED_FACE('',(#11639),#11645,.F.);
#11639 = FACE_BOUND('',#11640,.F.);
#11640 = EDGE_LOOP('',(#11641,#11642,#11643,#11644));
#11641 = ORIENTED_EDGE('',*,*,#10521,.F.);
#11642 = ORIENTED_EDGE('',*,*,#10538,.T.);
#11643 = ORIENTED_EDGE('',*,*,#10466,.T.);
#11644 = ORIENTED_EDGE('',*,*,#10497,.F.);
#11645 = PLANE('',#11646);
#11646 = AXIS2_PLACEMENT_3D('',#11647,#11648,#11649);
#11647 = CARTESIAN_POINT('',(8.25,0.25,-3.4));
#11648 = DIRECTION('',(0.,0.,1.));
#11649 = DIRECTION('',(-1.224646799147E-16,-1.,0.));
#11650 = ADVANCED_FACE('',(#11651),#11657,.F.);
#11651 = FACE_BOUND('',#11652,.F.);
#11652 = EDGE_LOOP('',(#11653,#11654,#11655,#11656));
#11653 = ORIENTED_EDGE('',*,*,#10634,.F.);
#11654 = ORIENTED_EDGE('',*,*,#10562,.T.);
#11655 = ORIENTED_EDGE('',*,*,#10586,.T.);
#11656 = ORIENTED_EDGE('',*,*,#10617,.F.);
#11657 = PLANE('',#11658);
#11658 = AXIS2_PLACEMENT_3D('',#11659,#11660,#11661);
#11659 = CARTESIAN_POINT('',(10.25,0.25,-3.4));
#11660 = DIRECTION('',(0.,0.,1.));
#11661 = DIRECTION('',(-1.224646799147E-16,-1.,0.));
#11662 = ADVANCED_FACE('',(#11663),#11669,.F.);
#11663 = FACE_BOUND('',#11664,.F.);
#11664 = EDGE_LOOP('',(#11665,#11666,#11667,#11668));
#11665 = ORIENTED_EDGE('',*,*,#10713,.F.);
#11666 = ORIENTED_EDGE('',*,*,#10730,.T.);
#11667 = ORIENTED_EDGE('',*,*,#10658,.T.);
#11668 = ORIENTED_EDGE('',*,*,#10689,.F.);
#11669 = PLANE('',#11670);
#11670 = AXIS2_PLACEMENT_3D('',#11671,#11672,#11673);
#11671 = CARTESIAN_POINT('',(12.25,0.25,-3.4));
#11672 = DIRECTION('',(0.,0.,1.));
#11673 = DIRECTION('',(-1.224646799147E-16,-1.,0.));
#11674 = ADVANCED_FACE('',(#11675),#11681,.F.);
#11675 = FACE_BOUND('',#11676,.F.);
#11676 = EDGE_LOOP('',(#11677,#11678,#11679,#11680));
#11677 = ORIENTED_EDGE('',*,*,#10848,.F.);
#11678 = ORIENTED_EDGE('',*,*,#10833,.T.);
#11679 = ORIENTED_EDGE('',*,*,#10800,.T.);
#11680 = ORIENTED_EDGE('',*,*,#10872,.F.);
#11681 = PLANE('',#11682);
#11682 = AXIS2_PLACEMENT_3D('',#11683,#11684,#11685);
#11683 = CARTESIAN_POINT('',(2.25,-0.25,5.));
#11684 = DIRECTION('',(-0.,0.,-1.));
#11685 = DIRECTION('',(1.224646799147E-16,1.,0.));
#11686 = ADVANCED_FACE('',(#11687),#11693,.F.);
#11687 = FACE_BOUND('',#11688,.F.);
#11688 = EDGE_LOOP('',(#11689,#11690,#11691,#11692));
#11689 = ORIENTED_EDGE('',*,*,#10896,.F.);
#11690 = ORIENTED_EDGE('',*,*,#10970,.T.);
#11691 = ORIENTED_EDGE('',*,*,#10951,.T.);
#11692 = ORIENTED_EDGE('',*,*,#10920,.F.);
#11693 = PLANE('',#11694);
#11694 = AXIS2_PLACEMENT_3D('',#11695,#11696,#11697);
#11695 = CARTESIAN_POINT('',(4.25,-0.25,5.));
#11696 = DIRECTION('',(-0.,0.,-1.));
#11697 = DIRECTION('',(1.224646799147E-16,1.,0.));
#11698 = ADVANCED_FACE('',(#11699),#11705,.F.);
#11699 = FACE_BOUND('',#11700,.F.);
#11700 = EDGE_LOOP('',(#11701,#11702,#11703,#11704));
#11701 = ORIENTED_EDGE('',*,*,#11040,.F.);
#11702 = ORIENTED_EDGE('',*,*,#11025,.T.);
#11703 = ORIENTED_EDGE('',*,*,#10992,.T.);
#11704 = ORIENTED_EDGE('',*,*,#11064,.F.);
#11705 = PLANE('',#11706);
#11706 = AXIS2_PLACEMENT_3D('',#11707,#11708,#11709);
#11707 = CARTESIAN_POINT('',(6.25,-0.25,5.));
#11708 = DIRECTION('',(-0.,0.,-1.));
#11709 = DIRECTION('',(1.224646799147E-16,1.,0.));
#11710 = ADVANCED_FACE('',(#11711),#11717,.F.);
#11711 = FACE_BOUND('',#11712,.F.);
#11712 = EDGE_LOOP('',(#11713,#11714,#11715,#11716));
#11713 = ORIENTED_EDGE('',*,*,#11136,.F.);
#11714 = ORIENTED_EDGE('',*,*,#11121,.T.);
#11715 = ORIENTED_EDGE('',*,*,#11088,.T.);
#11716 = ORIENTED_EDGE('',*,*,#11160,.F.);
#11717 = PLANE('',#11718);
#11718 = AXIS2_PLACEMENT_3D('',#11719,#11720,#11721);
#11719 = CARTESIAN_POINT('',(12.25,-0.25,5.));
#11720 = DIRECTION('',(-0.,0.,-1.));
#11721 = DIRECTION('',(1.224646799147E-16,1.,0.));
#11722 = ADVANCED_FACE('',(#11723),#11729,.F.);
#11723 = FACE_BOUND('',#11724,.F.);
#11724 = EDGE_LOOP('',(#11725,#11726,#11727,#11728));
#11725 = ORIENTED_EDGE('',*,*,#11256,.F.);
#11726 = ORIENTED_EDGE('',*,*,#11241,.T.);
#11727 = ORIENTED_EDGE('',*,*,#11215,.T.);
#11728 = ORIENTED_EDGE('',*,*,#11184,.F.);
#11729 = PLANE('',#11730);
#11730 = AXIS2_PLACEMENT_3D('',#11731,#11732,#11733);
#11731 = CARTESIAN_POINT('',(10.25,-0.25,5.));
#11732 = DIRECTION('',(-0.,0.,-1.));
#11733 = DIRECTION('',(1.224646799147E-16,1.,0.));
#11734 = ADVANCED_FACE('',(#11735),#11741,.F.);
#11735 = FACE_BOUND('',#11736,.F.);
#11736 = EDGE_LOOP('',(#11737,#11738,#11739,#11740));
#11737 = ORIENTED_EDGE('',*,*,#11328,.F.);
#11738 = ORIENTED_EDGE('',*,*,#11313,.T.);
#11739 = ORIENTED_EDGE('',*,*,#11280,.T.);
#11740 = ORIENTED_EDGE('',*,*,#11352,.F.);
#11741 = PLANE('',#11742);
#11742 = AXIS2_PLACEMENT_3D('',#11743,#11744,#11745);
#11743 = CARTESIAN_POINT('',(8.25,-0.25,5.));
#11744 = DIRECTION('',(-0.,0.,-1.));
#11745 = DIRECTION('',(1.224646799147E-16,1.,0.));
#11746 = ADVANCED_FACE('',(#11747),#11753,.F.);
#11747 = FACE_BOUND('',#11748,.F.);
#11748 = EDGE_LOOP('',(#11749,#11750,#11751,#11752));
#11749 = ORIENTED_EDGE('',*,*,#11431,.T.);
#11750 = ORIENTED_EDGE('',*,*,#11400,.F.);
#11751 = ORIENTED_EDGE('',*,*,#11376,.F.);
#11752 = ORIENTED_EDGE('',*,*,#11450,.T.);
#11753 = PLANE('',#11754);
#11754 = AXIS2_PLACEMENT_3D('',#11755,#11756,#11757);
#11755 = CARTESIAN_POINT('',(14.25,-0.25,5.));
#11756 = DIRECTION('',(-0.,0.,-1.));
#11757 = DIRECTION('',(1.224646799147E-16,1.,0.));
#11758 = ADVANCED_FACE('',(#11759),#11765,.F.);
#11759 = FACE_BOUND('',#11760,.F.);
#11760 = EDGE_LOOP('',(#11761,#11762,#11763,#11764));
#11761 = ORIENTED_EDGE('',*,*,#11527,.T.);
#11762 = ORIENTED_EDGE('',*,*,#11496,.F.);
#11763 = ORIENTED_EDGE('',*,*,#11472,.F.);
#11764 = ORIENTED_EDGE('',*,*,#11546,.T.);
#11765 = PLANE('',#11766);
#11766 = AXIS2_PLACEMENT_3D('',#11767,#11768,#11769);
#11767 = CARTESIAN_POINT('',(0.25,-0.25,5.));
#11768 = DIRECTION('',(-0.,0.,-1.));
#11769 = DIRECTION('',(1.224646799147E-16,1.,0.));
#11770 = ( GEOMETRIC_REPRESENTATION_CONTEXT(3) 
GLOBAL_UNCERTAINTY_ASSIGNED_CONTEXT((#11774)) 
GLOBAL_UNIT_ASSIGNED_CONTEXT((#11771,#11772,#11773)) 
REPRESENTATION_CONTEXT('Context #1',
  '3D Context with UNIT and UNCERTAINTY') );
#11771 = ( LENGTH_UNIT() NAMED_UNIT(*) SI_UNIT(.MILLI.,.METRE.) );
#11772 = ( NAMED_UNIT(*) PLANE_ANGLE_UNIT() SI_UNIT($,.RADIAN.) );
#11773 = ( NAMED_UNIT(*) SI_UNIT($,.STERADIAN.) SOLID_ANGLE_UNIT() );
#11774 = UNCERTAINTY_MEASURE_WITH_UNIT(LENGTH_MEASURE(1.E-07),#11771,
  'distance_accuracy_value','confusion accuracy');
#11775 = CONTEXT_DEPENDENT_SHAPE_REPRESENTATION(#11776,#11778);
#11776 = ( REPRESENTATION_RELATIONSHIP('','',#4041,#4018) 
REPRESENTATION_RELATIONSHIP_WITH_TRANSFORMATION(#11777) 
SHAPE_REPRESENTATION_RELATIONSHIP() );
#11777 = ITEM_DEFINED_TRANSFORMATION('','',#11,#4019);
#11778 = PRODUCT_DEFINITION_SHAPE('Placement','Placement of an item',
  #11779);
#11779 = NEXT_ASSEMBLY_USAGE_OCCURRENCE('8','=>[0:1:1:9]','',#4013,#4036
  ,$);
#11780 = PRODUCT_RELATED_PRODUCT_CATEGORY('part',$,(#4038));
#11781 = CONTEXT_DEPENDENT_SHAPE_REPRESENTATION(#11782,#11784);
#11782 = ( REPRESENTATION_RELATIONSHIP('','',#892,#10) 
REPRESENTATION_RELATIONSHIP_WITH_TRANSFORMATION(#11783) 
SHAPE_REPRESENTATION_RELATIONSHIP() );
#11783 = ITEM_DEFINED_TRANSFORMATION('','',#11,#35);
#11784 = PRODUCT_DEFINITION_SHAPE('Placement','Placement of an item',
  #11785);
#11785 = NEXT_ASSEMBLY_USAGE_OCCURRENCE('10','C1','',#5,#887,$);
#11786 = CONTEXT_DEPENDENT_SHAPE_REPRESENTATION(#11787,#11789);
#11787 = ( REPRESENTATION_RELATIONSHIP('','',#60,#10) 
REPRESENTATION_RELATIONSHIP_WITH_TRANSFORMATION(#11788) 
SHAPE_REPRESENTATION_RELATIONSHIP() );
#11788 = ITEM_DEFINED_TRANSFORMATION('','',#11,#39);
#11789 = PRODUCT_DEFINITION_SHAPE('Placement','Placement of an item',
  #11790);
#11790 = NEXT_ASSEMBLY_USAGE_OCCURRENCE('11','R2','',#5,#55,$);
#11791 = SHAPE_DEFINITION_REPRESENTATION(#11792,#11798);
#11792 = PRODUCT_DEFINITION_SHAPE('','',#11793);
#11793 = PRODUCT_DEFINITION('design','',#11794,#11797);
#11794 = PRODUCT_DEFINITION_FORMATION('','',#11795);
#11795 = PRODUCT('MORI_imu_P5R4_READONLY_PCB',
  'MORI_imu_P5R4_READONLY_PCB','',(#11796));
#11796 = PRODUCT_CONTEXT('',#2,'mechanical');
#11797 = PRODUCT_DEFINITION_CONTEXT('part definition',#2,'design');
#11798 = ADVANCED_BREP_SHAPE_REPRESENTATION('',(#11,#11799),#12339);
#11799 = MANIFOLD_SOLID_BREP('',#11800);
#11800 = CLOSED_SHELL('',(#11801,#11841,#11872,#11903,#12030,#12157,
    #12169,#12186,#12203,#12220,#12237,#12254,#12271,#12288,#12305,
    #12322));
#11801 = ADVANCED_FACE('',(#11802),#11836,.T.);
#11802 = FACE_BOUND('',#11803,.T.);
#11803 = EDGE_LOOP('',(#11804,#11814,#11822,#11830));
#11804 = ORIENTED_EDGE('',*,*,#11805,.T.);
#11805 = EDGE_CURVE('',#11806,#11808,#11810,.T.);
#11806 = VERTEX_POINT('',#11807);
#11807 = CARTESIAN_POINT('',(20.,-16.,0.));
#11808 = VERTEX_POINT('',#11809);
#11809 = CARTESIAN_POINT('',(20.,-16.,1.51));
#11810 = LINE('',#11811,#11812);
#11811 = CARTESIAN_POINT('',(20.,-16.,0.));
#11812 = VECTOR('',#11813,1.);
#11813 = DIRECTION('',(0.,0.,1.));
#11814 = ORIENTED_EDGE('',*,*,#11815,.T.);
#11815 = EDGE_CURVE('',#11808,#11816,#11818,.T.);
#11816 = VERTEX_POINT('',#11817);
#11817 = CARTESIAN_POINT('',(0.,-16.,1.51));
#11818 = LINE('',#11819,#11820);
#11819 = CARTESIAN_POINT('',(20.,-16.,1.51));
#11820 = VECTOR('',#11821,1.);
#11821 = DIRECTION('',(-1.,0.,0.));
#11822 = ORIENTED_EDGE('',*,*,#11823,.F.);
#11823 = EDGE_CURVE('',#11824,#11816,#11826,.T.);
#11824 = VERTEX_POINT('',#11825);
#11825 = CARTESIAN_POINT('',(0.,-16.,0.));
#11826 = LINE('',#11827,#11828);
#11827 = CARTESIAN_POINT('',(0.,-16.,0.));
#11828 = VECTOR('',#11829,1.);
#11829 = DIRECTION('',(0.,0.,1.));
#11830 = ORIENTED_EDGE('',*,*,#11831,.F.);
#11831 = EDGE_CURVE('',#11806,#11824,#11832,.T.);
#11832 = LINE('',#11833,#11834);
#11833 = CARTESIAN_POINT('',(20.,-16.,0.));
#11834 = VECTOR('',#11835,1.);
#11835 = DIRECTION('',(-1.,0.,0.));
#11836 = PLANE('',#11837);
#11837 = AXIS2_PLACEMENT_3D('',#11838,#11839,#11840);
#11838 = CARTESIAN_POINT('',(20.,-16.,0.));
#11839 = DIRECTION('',(0.,-1.,0.));
#11840 = DIRECTION('',(-1.,0.,0.));
#11841 = ADVANCED_FACE('',(#11842),#11867,.T.);
#11842 = FACE_BOUND('',#11843,.T.);
#11843 = EDGE_LOOP('',(#11844,#11854,#11860,#11861));
#11844 = ORIENTED_EDGE('',*,*,#11845,.T.);
#11845 = EDGE_CURVE('',#11846,#11848,#11850,.T.);
#11846 = VERTEX_POINT('',#11847);
#11847 = CARTESIAN_POINT('',(20.,-0.,0.));
#11848 = VERTEX_POINT('',#11849);
#11849 = CARTESIAN_POINT('',(20.,0.,1.51));
#11850 = LINE('',#11851,#11852);
#11851 = CARTESIAN_POINT('',(20.,-0.,0.));
#11852 = VECTOR('',#11853,1.);
#11853 = DIRECTION('',(0.,0.,1.));
#11854 = ORIENTED_EDGE('',*,*,#11855,.T.);
#11855 = EDGE_CURVE('',#11848,#11808,#11856,.T.);
#11856 = LINE('',#11857,#11858);
#11857 = CARTESIAN_POINT('',(20.,0.,1.51));
#11858 = VECTOR('',#11859,1.);
#11859 = DIRECTION('',(0.,-1.,0.));
#11860 = ORIENTED_EDGE('',*,*,#11805,.F.);
#11861 = ORIENTED_EDGE('',*,*,#11862,.F.);
#11862 = EDGE_CURVE('',#11846,#11806,#11863,.T.);
#11863 = LINE('',#11864,#11865);
#11864 = CARTESIAN_POINT('',(20.,-0.,0.));
#11865 = VECTOR('',#11866,1.);
#11866 = DIRECTION('',(0.,-1.,0.));
#11867 = PLANE('',#11868);
#11868 = AXIS2_PLACEMENT_3D('',#11869,#11870,#11871);
#11869 = CARTESIAN_POINT('',(20.,-0.,0.));
#11870 = DIRECTION('',(1.,0.,-0.));
#11871 = DIRECTION('',(0.,-1.,0.));
#11872 = ADVANCED_FACE('',(#11873),#11898,.T.);
#11873 = FACE_BOUND('',#11874,.T.);
#11874 = EDGE_LOOP('',(#11875,#11876,#11884,#11892));
#11875 = ORIENTED_EDGE('',*,*,#11823,.T.);
#11876 = ORIENTED_EDGE('',*,*,#11877,.T.);
#11877 = EDGE_CURVE('',#11816,#11878,#11880,.T.);
#11878 = VERTEX_POINT('',#11879);
#11879 = CARTESIAN_POINT('',(0.,0.,1.51));
#11880 = LINE('',#11881,#11882);
#11881 = CARTESIAN_POINT('',(0.,-16.,1.51));
#11882 = VECTOR('',#11883,1.);
#11883 = DIRECTION('',(0.,1.,0.));
#11884 = ORIENTED_EDGE('',*,*,#11885,.F.);
#11885 = EDGE_CURVE('',#11886,#11878,#11888,.T.);
#11886 = VERTEX_POINT('',#11887);
#11887 = CARTESIAN_POINT('',(0.,-0.,0.));
#11888 = LINE('',#11889,#11890);
#11889 = CARTESIAN_POINT('',(0.,-0.,0.));
#11890 = VECTOR('',#11891,1.);
#11891 = DIRECTION('',(0.,0.,1.));
#11892 = ORIENTED_EDGE('',*,*,#11893,.F.);
#11893 = EDGE_CURVE('',#11824,#11886,#11894,.T.);
#11894 = LINE('',#11895,#11896);
#11895 = CARTESIAN_POINT('',(0.,-16.,0.));
#11896 = VECTOR('',#11897,1.);
#11897 = DIRECTION('',(0.,1.,0.));
#11898 = PLANE('',#11899);
#11899 = AXIS2_PLACEMENT_3D('',#11900,#11901,#11902);
#11900 = CARTESIAN_POINT('',(0.,-16.,0.));
#11901 = DIRECTION('',(-1.,0.,0.));
#11902 = DIRECTION('',(0.,1.,0.));
#11903 = ADVANCED_FACE('',(#11904,#11915,#11926,#11937,#11948,#11959,
    #11970,#11981,#11992,#12003,#12014),#12025,.F.);
#11904 = FACE_BOUND('',#11905,.F.);
#11905 = EDGE_LOOP('',(#11906,#11907,#11908,#11914));
#11906 = ORIENTED_EDGE('',*,*,#11831,.F.);
#11907 = ORIENTED_EDGE('',*,*,#11862,.F.);
#11908 = ORIENTED_EDGE('',*,*,#11909,.F.);
#11909 = EDGE_CURVE('',#11886,#11846,#11910,.T.);
#11910 = LINE('',#11911,#11912);
#11911 = CARTESIAN_POINT('',(0.,-0.,0.));
#11912 = VECTOR('',#11913,1.);
#11913 = DIRECTION('',(1.,0.,0.));
#11914 = ORIENTED_EDGE('',*,*,#11893,.F.);
#11915 = FACE_BOUND('',#11916,.F.);
#11916 = EDGE_LOOP('',(#11917));
#11917 = ORIENTED_EDGE('',*,*,#11918,.T.);
#11918 = EDGE_CURVE('',#11919,#11919,#11921,.T.);
#11919 = VERTEX_POINT('',#11920);
#11920 = CARTESIAN_POINT('',(2.5,-13.6,0.));
#11921 = CIRCLE('',#11922,1.1);
#11922 = AXIS2_PLACEMENT_3D('',#11923,#11924,#11925);
#11923 = CARTESIAN_POINT('',(2.5,-12.5,0.));
#11924 = DIRECTION('',(-0.,0.,-1.));
#11925 = DIRECTION('',(-0.,-1.,0.));
#11926 = FACE_BOUND('',#11927,.F.);
#11927 = EDGE_LOOP('',(#11928));
#11928 = ORIENTED_EDGE('',*,*,#11929,.T.);
#11929 = EDGE_CURVE('',#11930,#11930,#11932,.T.);
#11930 = VERTEX_POINT('',#11931);
#11931 = CARTESIAN_POINT('',(17.5,-13.6,0.));
#11932 = CIRCLE('',#11933,1.1);
#11933 = AXIS2_PLACEMENT_3D('',#11934,#11935,#11936);
#11934 = CARTESIAN_POINT('',(17.5,-12.5,0.));
#11935 = DIRECTION('',(-0.,0.,-1.));
#11936 = DIRECTION('',(-0.,-1.,0.));
#11937 = FACE_BOUND('',#11938,.F.);
#11938 = EDGE_LOOP('',(#11939));
#11939 = ORIENTED_EDGE('',*,*,#11940,.T.);
#11940 = EDGE_CURVE('',#11941,#11941,#11943,.T.);
#11941 = VERTEX_POINT('',#11942);
#11942 = CARTESIAN_POINT('',(3.,-3.875,0.));
#11943 = CIRCLE('',#11944,0.375);
#11944 = AXIS2_PLACEMENT_3D('',#11945,#11946,#11947);
#11945 = CARTESIAN_POINT('',(3.,-3.5,0.));
#11946 = DIRECTION('',(-0.,0.,-1.));
#11947 = DIRECTION('',(-0.,-1.,0.));
#11948 = FACE_BOUND('',#11949,.F.);
#11949 = EDGE_LOOP('',(#11950));
#11950 = ORIENTED_EDGE('',*,*,#11951,.T.);
#11951 = EDGE_CURVE('',#11952,#11952,#11954,.T.);
#11952 = VERTEX_POINT('',#11953);
#11953 = CARTESIAN_POINT('',(5.,-3.875,0.));
#11954 = CIRCLE('',#11955,0.375);
#11955 = AXIS2_PLACEMENT_3D('',#11956,#11957,#11958);
#11956 = CARTESIAN_POINT('',(5.,-3.5,0.));
#11957 = DIRECTION('',(-0.,0.,-1.));
#11958 = DIRECTION('',(-0.,-1.,0.));
#11959 = FACE_BOUND('',#11960,.F.);
#11960 = EDGE_LOOP('',(#11961));
#11961 = ORIENTED_EDGE('',*,*,#11962,.T.);
#11962 = EDGE_CURVE('',#11963,#11963,#11965,.T.);
#11963 = VERTEX_POINT('',#11964);
#11964 = CARTESIAN_POINT('',(7.,-3.875,0.));
#11965 = CIRCLE('',#11966,0.375);
#11966 = AXIS2_PLACEMENT_3D('',#11967,#11968,#11969);
#11967 = CARTESIAN_POINT('',(7.,-3.5,0.));
#11968 = DIRECTION('',(-0.,0.,-1.));
#11969 = DIRECTION('',(-0.,-1.,0.));
#11970 = FACE_BOUND('',#11971,.F.);
#11971 = EDGE_LOOP('',(#11972));
#11972 = ORIENTED_EDGE('',*,*,#11973,.T.);
#11973 = EDGE_CURVE('',#11974,#11974,#11976,.T.);
#11974 = VERTEX_POINT('',#11975);
#11975 = CARTESIAN_POINT('',(9.,-3.875,0.));
#11976 = CIRCLE('',#11977,0.375);
#11977 = AXIS2_PLACEMENT_3D('',#11978,#11979,#11980);
#11978 = CARTESIAN_POINT('',(9.,-3.5,0.));
#11979 = DIRECTION('',(-0.,0.,-1.));
#11980 = DIRECTION('',(-0.,-1.,0.));
#11981 = FACE_BOUND('',#11982,.F.);
#11982 = EDGE_LOOP('',(#11983));
#11983 = ORIENTED_EDGE('',*,*,#11984,.T.);
#11984 = EDGE_CURVE('',#11985,#11985,#11987,.T.);
#11985 = VERTEX_POINT('',#11986);
#11986 = CARTESIAN_POINT('',(11.,-3.875,0.));
#11987 = CIRCLE('',#11988,0.375);
#11988 = AXIS2_PLACEMENT_3D('',#11989,#11990,#11991);
#11989 = CARTESIAN_POINT('',(11.,-3.5,0.));
#11990 = DIRECTION('',(-0.,0.,-1.));
#11991 = DIRECTION('',(-0.,-1.,0.));
#11992 = FACE_BOUND('',#11993,.F.);
#11993 = EDGE_LOOP('',(#11994));
#11994 = ORIENTED_EDGE('',*,*,#11995,.T.);
#11995 = EDGE_CURVE('',#11996,#11996,#11998,.T.);
#11996 = VERTEX_POINT('',#11997);
#11997 = CARTESIAN_POINT('',(13.,-3.875,0.));
#11998 = CIRCLE('',#11999,0.375);
#11999 = AXIS2_PLACEMENT_3D('',#12000,#12001,#12002);
#12000 = CARTESIAN_POINT('',(13.,-3.5,0.));
#12001 = DIRECTION('',(-0.,0.,-1.));
#12002 = DIRECTION('',(-0.,-1.,0.));
#12003 = FACE_BOUND('',#12004,.F.);
#12004 = EDGE_LOOP('',(#12005));
#12005 = ORIENTED_EDGE('',*,*,#12006,.T.);
#12006 = EDGE_CURVE('',#12007,#12007,#12009,.T.);
#12007 = VERTEX_POINT('',#12008);
#12008 = CARTESIAN_POINT('',(15.,-3.875,0.));
#12009 = CIRCLE('',#12010,0.375);
#12010 = AXIS2_PLACEMENT_3D('',#12011,#12012,#12013);
#12011 = CARTESIAN_POINT('',(15.,-3.5,0.));
#12012 = DIRECTION('',(-0.,0.,-1.));
#12013 = DIRECTION('',(-0.,-1.,0.));
#12014 = FACE_BOUND('',#12015,.F.);
#12015 = EDGE_LOOP('',(#12016));
#12016 = ORIENTED_EDGE('',*,*,#12017,.T.);
#12017 = EDGE_CURVE('',#12018,#12018,#12020,.T.);
#12018 = VERTEX_POINT('',#12019);
#12019 = CARTESIAN_POINT('',(17.,-3.875,0.));
#12020 = CIRCLE('',#12021,0.375);
#12021 = AXIS2_PLACEMENT_3D('',#12022,#12023,#12024);
#12022 = CARTESIAN_POINT('',(17.,-3.5,0.));
#12023 = DIRECTION('',(-0.,0.,-1.));
#12024 = DIRECTION('',(-0.,-1.,0.));
#12025 = PLANE('',#12026);
#12026 = AXIS2_PLACEMENT_3D('',#12027,#12028,#12029);
#12027 = CARTESIAN_POINT('',(0.,0.,0.));
#12028 = DIRECTION('',(0.,0.,1.));
#12029 = DIRECTION('',(1.,0.,-0.));
#12030 = ADVANCED_FACE('',(#12031,#12042,#12053,#12064,#12075,#12086,
    #12097,#12108,#12119,#12130,#12141),#12152,.T.);
#12031 = FACE_BOUND('',#12032,.T.);
#12032 = EDGE_LOOP('',(#12033,#12034,#12035,#12041));
#12033 = ORIENTED_EDGE('',*,*,#11815,.F.);
#12034 = ORIENTED_EDGE('',*,*,#11855,.F.);
#12035 = ORIENTED_EDGE('',*,*,#12036,.F.);
#12036 = EDGE_CURVE('',#11878,#11848,#12037,.T.);
#12037 = LINE('',#12038,#12039);
#12038 = CARTESIAN_POINT('',(0.,0.,1.51));
#12039 = VECTOR('',#12040,1.);
#12040 = DIRECTION('',(1.,0.,0.));
#12041 = ORIENTED_EDGE('',*,*,#11877,.F.);
#12042 = FACE_BOUND('',#12043,.T.);
#12043 = EDGE_LOOP('',(#12044));
#12044 = ORIENTED_EDGE('',*,*,#12045,.T.);
#12045 = EDGE_CURVE('',#12046,#12046,#12048,.T.);
#12046 = VERTEX_POINT('',#12047);
#12047 = CARTESIAN_POINT('',(2.5,-13.6,1.51));
#12048 = CIRCLE('',#12049,1.1);
#12049 = AXIS2_PLACEMENT_3D('',#12050,#12051,#12052);
#12050 = CARTESIAN_POINT('',(2.5,-12.5,1.51));
#12051 = DIRECTION('',(-0.,0.,-1.));
#12052 = DIRECTION('',(-0.,-1.,0.));
#12053 = FACE_BOUND('',#12054,.T.);
#12054 = EDGE_LOOP('',(#12055));
#12055 = ORIENTED_EDGE('',*,*,#12056,.T.);
#12056 = EDGE_CURVE('',#12057,#12057,#12059,.T.);
#12057 = VERTEX_POINT('',#12058);
#12058 = CARTESIAN_POINT('',(17.5,-13.6,1.51));
#12059 = CIRCLE('',#12060,1.1);
#12060 = AXIS2_PLACEMENT_3D('',#12061,#12062,#12063);
#12061 = CARTESIAN_POINT('',(17.5,-12.5,1.51));
#12062 = DIRECTION('',(-0.,0.,-1.));
#12063 = DIRECTION('',(-0.,-1.,0.));
#12064 = FACE_BOUND('',#12065,.T.);
#12065 = EDGE_LOOP('',(#12066));
#12066 = ORIENTED_EDGE('',*,*,#12067,.T.);
#12067 = EDGE_CURVE('',#12068,#12068,#12070,.T.);
#12068 = VERTEX_POINT('',#12069);
#12069 = CARTESIAN_POINT('',(3.,-3.875,1.51));
#12070 = CIRCLE('',#12071,0.375);
#12071 = AXIS2_PLACEMENT_3D('',#12072,#12073,#12074);
#12072 = CARTESIAN_POINT('',(3.,-3.5,1.51));
#12073 = DIRECTION('',(-0.,0.,-1.));
#12074 = DIRECTION('',(-0.,-1.,0.));
#12075 = FACE_BOUND('',#12076,.T.);
#12076 = EDGE_LOOP('',(#12077));
#12077 = ORIENTED_EDGE('',*,*,#12078,.T.);
#12078 = EDGE_CURVE('',#12079,#12079,#12081,.T.);
#12079 = VERTEX_POINT('',#12080);
#12080 = CARTESIAN_POINT('',(5.,-3.875,1.51));
#12081 = CIRCLE('',#12082,0.375);
#12082 = AXIS2_PLACEMENT_3D('',#12083,#12084,#12085);
#12083 = CARTESIAN_POINT('',(5.,-3.5,1.51));
#12084 = DIRECTION('',(-0.,0.,-1.));
#12085 = DIRECTION('',(-0.,-1.,0.));
#12086 = FACE_BOUND('',#12087,.T.);
#12087 = EDGE_LOOP('',(#12088));
#12088 = ORIENTED_EDGE('',*,*,#12089,.T.);
#12089 = EDGE_CURVE('',#12090,#12090,#12092,.T.);
#12090 = VERTEX_POINT('',#12091);
#12091 = CARTESIAN_POINT('',(7.,-3.875,1.51));
#12092 = CIRCLE('',#12093,0.375);
#12093 = AXIS2_PLACEMENT_3D('',#12094,#12095,#12096);
#12094 = CARTESIAN_POINT('',(7.,-3.5,1.51));
#12095 = DIRECTION('',(-0.,0.,-1.));
#12096 = DIRECTION('',(-0.,-1.,0.));
#12097 = FACE_BOUND('',#12098,.T.);
#12098 = EDGE_LOOP('',(#12099));
#12099 = ORIENTED_EDGE('',*,*,#12100,.T.);
#12100 = EDGE_CURVE('',#12101,#12101,#12103,.T.);
#12101 = VERTEX_POINT('',#12102);
#12102 = CARTESIAN_POINT('',(9.,-3.875,1.51));
#12103 = CIRCLE('',#12104,0.375);
#12104 = AXIS2_PLACEMENT_3D('',#12105,#12106,#12107);
#12105 = CARTESIAN_POINT('',(9.,-3.5,1.51));
#12106 = DIRECTION('',(-0.,0.,-1.));
#12107 = DIRECTION('',(-0.,-1.,0.));
#12108 = FACE_BOUND('',#12109,.T.);
#12109 = EDGE_LOOP('',(#12110));
#12110 = ORIENTED_EDGE('',*,*,#12111,.T.);
#12111 = EDGE_CURVE('',#12112,#12112,#12114,.T.);
#12112 = VERTEX_POINT('',#12113);
#12113 = CARTESIAN_POINT('',(11.,-3.875,1.51));
#12114 = CIRCLE('',#12115,0.375);
#12115 = AXIS2_PLACEMENT_3D('',#12116,#12117,#12118);
#12116 = CARTESIAN_POINT('',(11.,-3.5,1.51));
#12117 = DIRECTION('',(-0.,0.,-1.));
#12118 = DIRECTION('',(-0.,-1.,0.));
#12119 = FACE_BOUND('',#12120,.T.);
#12120 = EDGE_LOOP('',(#12121));
#12121 = ORIENTED_EDGE('',*,*,#12122,.T.);
#12122 = EDGE_CURVE('',#12123,#12123,#12125,.T.);
#12123 = VERTEX_POINT('',#12124);
#12124 = CARTESIAN_POINT('',(13.,-3.875,1.51));
#12125 = CIRCLE('',#12126,0.375);
#12126 = AXIS2_PLACEMENT_3D('',#12127,#12128,#12129);
#12127 = CARTESIAN_POINT('',(13.,-3.5,1.51));
#12128 = DIRECTION('',(-0.,0.,-1.));
#12129 = DIRECTION('',(-0.,-1.,0.));
#12130 = FACE_BOUND('',#12131,.T.);
#12131 = EDGE_LOOP('',(#12132));
#12132 = ORIENTED_EDGE('',*,*,#12133,.T.);
#12133 = EDGE_CURVE('',#12134,#12134,#12136,.T.);
#12134 = VERTEX_POINT('',#12135);
#12135 = CARTESIAN_POINT('',(15.,-3.875,1.51));
#12136 = CIRCLE('',#12137,0.375);
#12137 = AXIS2_PLACEMENT_3D('',#12138,#12139,#12140);
#12138 = CARTESIAN_POINT('',(15.,-3.5,1.51));
#12139 = DIRECTION('',(-0.,0.,-1.));
#12140 = DIRECTION('',(-0.,-1.,0.));
#12141 = FACE_BOUND('',#12142,.T.);
#12142 = EDGE_LOOP('',(#12143));
#12143 = ORIENTED_EDGE('',*,*,#12144,.T.);
#12144 = EDGE_CURVE('',#12145,#12145,#12147,.T.);
#12145 = VERTEX_POINT('',#12146);
#12146 = CARTESIAN_POINT('',(17.,-3.875,1.51));
#12147 = CIRCLE('',#12148,0.375);
#12148 = AXIS2_PLACEMENT_3D('',#12149,#12150,#12151);
#12149 = CARTESIAN_POINT('',(17.,-3.5,1.51));
#12150 = DIRECTION('',(-0.,0.,-1.));
#12151 = DIRECTION('',(-0.,-1.,0.));
#12152 = PLANE('',#12153);
#12153 = AXIS2_PLACEMENT_3D('',#12154,#12155,#12156);
#12154 = CARTESIAN_POINT('',(0.,0.,1.51));
#12155 = DIRECTION('',(0.,0.,1.));
#12156 = DIRECTION('',(1.,0.,-0.));
#12157 = ADVANCED_FACE('',(#12158),#12164,.T.);
#12158 = FACE_BOUND('',#12159,.T.);
#12159 = EDGE_LOOP('',(#12160,#12161,#12162,#12163));
#12160 = ORIENTED_EDGE('',*,*,#11885,.T.);
#12161 = ORIENTED_EDGE('',*,*,#12036,.T.);
#12162 = ORIENTED_EDGE('',*,*,#11845,.F.);
#12163 = ORIENTED_EDGE('',*,*,#11909,.F.);
#12164 = PLANE('',#12165);
#12165 = AXIS2_PLACEMENT_3D('',#12166,#12167,#12168);
#12166 = CARTESIAN_POINT('',(0.,0.,0.));
#12167 = DIRECTION('',(0.,1.,0.));
#12168 = DIRECTION('',(1.,0.,0.));
#12169 = ADVANCED_FACE('',(#12170),#12181,.F.);
#12170 = FACE_BOUND('',#12171,.T.);
#12171 = EDGE_LOOP('',(#12172,#12173,#12179,#12180));
#12172 = ORIENTED_EDGE('',*,*,#11918,.T.);
#12173 = ORIENTED_EDGE('',*,*,#12174,.T.);
#12174 = EDGE_CURVE('',#11919,#12046,#12175,.T.);
#12175 = LINE('',#12176,#12177);
#12176 = CARTESIAN_POINT('',(2.5,-13.6,-4.6E-02));
#12177 = VECTOR('',#12178,1.);
#12178 = DIRECTION('',(0.,0.,1.));
#12179 = ORIENTED_EDGE('',*,*,#12045,.F.);
#12180 = ORIENTED_EDGE('',*,*,#12174,.F.);
#12181 = CYLINDRICAL_SURFACE('',#12182,1.1);
#12182 = AXIS2_PLACEMENT_3D('',#12183,#12184,#12185);
#12183 = CARTESIAN_POINT('',(2.5,-12.5,-4.6E-02));
#12184 = DIRECTION('',(-0.,-0.,-1.));
#12185 = DIRECTION('',(-0.,-1.,0.));
#12186 = ADVANCED_FACE('',(#12187),#12198,.F.);
#12187 = FACE_BOUND('',#12188,.T.);
#12188 = EDGE_LOOP('',(#12189,#12190,#12196,#12197));
#12189 = ORIENTED_EDGE('',*,*,#11929,.T.);
#12190 = ORIENTED_EDGE('',*,*,#12191,.T.);
#12191 = EDGE_CURVE('',#11930,#12057,#12192,.T.);
#12192 = LINE('',#12193,#12194);
#12193 = CARTESIAN_POINT('',(17.5,-13.6,-4.6E-02));
#12194 = VECTOR('',#12195,1.);
#12195 = DIRECTION('',(0.,0.,1.));
#12196 = ORIENTED_EDGE('',*,*,#12056,.F.);
#12197 = ORIENTED_EDGE('',*,*,#12191,.F.);
#12198 = CYLINDRICAL_SURFACE('',#12199,1.1);
#12199 = AXIS2_PLACEMENT_3D('',#12200,#12201,#12202);
#12200 = CARTESIAN_POINT('',(17.5,-12.5,-4.6E-02));
#12201 = DIRECTION('',(-0.,-0.,-1.));
#12202 = DIRECTION('',(-0.,-1.,0.));
#12203 = ADVANCED_FACE('',(#12204),#12215,.F.);
#12204 = FACE_BOUND('',#12205,.T.);
#12205 = EDGE_LOOP('',(#12206,#12207,#12213,#12214));
#12206 = ORIENTED_EDGE('',*,*,#11940,.T.);
#12207 = ORIENTED_EDGE('',*,*,#12208,.T.);
#12208 = EDGE_CURVE('',#11941,#12068,#12209,.T.);
#12209 = LINE('',#12210,#12211);
#12210 = CARTESIAN_POINT('',(3.,-3.875,-4.6E-02));
#12211 = VECTOR('',#12212,1.);
#12212 = DIRECTION('',(0.,0.,1.));
#12213 = ORIENTED_EDGE('',*,*,#12067,.F.);
#12214 = ORIENTED_EDGE('',*,*,#12208,.F.);
#12215 = CYLINDRICAL_SURFACE('',#12216,0.375);
#12216 = AXIS2_PLACEMENT_3D('',#12217,#12218,#12219);
#12217 = CARTESIAN_POINT('',(3.,-3.5,-4.6E-02));
#12218 = DIRECTION('',(-0.,-0.,-1.));
#12219 = DIRECTION('',(-0.,-1.,0.));
#12220 = ADVANCED_FACE('',(#12221),#12232,.F.);
#12221 = FACE_BOUND('',#12222,.T.);
#12222 = EDGE_LOOP('',(#12223,#12224,#12230,#12231));
#12223 = ORIENTED_EDGE('',*,*,#11951,.T.);
#12224 = ORIENTED_EDGE('',*,*,#12225,.T.);
#12225 = EDGE_CURVE('',#11952,#12079,#12226,.T.);
#12226 = LINE('',#12227,#12228);
#12227 = CARTESIAN_POINT('',(5.,-3.875,-4.6E-02));
#12228 = VECTOR('',#12229,1.);
#12229 = DIRECTION('',(0.,0.,1.));
#12230 = ORIENTED_EDGE('',*,*,#12078,.F.);
#12231 = ORIENTED_EDGE('',*,*,#12225,.F.);
#12232 = CYLINDRICAL_SURFACE('',#12233,0.375);
#12233 = AXIS2_PLACEMENT_3D('',#12234,#12235,#12236);
#12234 = CARTESIAN_POINT('',(5.,-3.5,-4.6E-02));
#12235 = DIRECTION('',(-0.,-0.,-1.));
#12236 = DIRECTION('',(-0.,-1.,0.));
#12237 = ADVANCED_FACE('',(#12238),#12249,.F.);
#12238 = FACE_BOUND('',#12239,.T.);
#12239 = EDGE_LOOP('',(#12240,#12241,#12247,#12248));
#12240 = ORIENTED_EDGE('',*,*,#11962,.T.);
#12241 = ORIENTED_EDGE('',*,*,#12242,.T.);
#12242 = EDGE_CURVE('',#11963,#12090,#12243,.T.);
#12243 = LINE('',#12244,#12245);
#12244 = CARTESIAN_POINT('',(7.,-3.875,-4.6E-02));
#12245 = VECTOR('',#12246,1.);
#12246 = DIRECTION('',(0.,0.,1.));
#12247 = ORIENTED_EDGE('',*,*,#12089,.F.);
#12248 = ORIENTED_EDGE('',*,*,#12242,.F.);
#12249 = CYLINDRICAL_SURFACE('',#12250,0.375);
#12250 = AXIS2_PLACEMENT_3D('',#12251,#12252,#12253);
#12251 = CARTESIAN_POINT('',(7.,-3.5,-4.6E-02));
#12252 = DIRECTION('',(-0.,-0.,-1.));
#12253 = DIRECTION('',(-0.,-1.,0.));
#12254 = ADVANCED_FACE('',(#12255),#12266,.F.);
#12255 = FACE_BOUND('',#12256,.T.);
#12256 = EDGE_LOOP('',(#12257,#12258,#12264,#12265));
#12257 = ORIENTED_EDGE('',*,*,#11973,.T.);
#12258 = ORIENTED_EDGE('',*,*,#12259,.T.);
#12259 = EDGE_CURVE('',#11974,#12101,#12260,.T.);
#12260 = LINE('',#12261,#12262);
#12261 = CARTESIAN_POINT('',(9.,-3.875,-4.6E-02));
#12262 = VECTOR('',#12263,1.);
#12263 = DIRECTION('',(0.,0.,1.));
#12264 = ORIENTED_EDGE('',*,*,#12100,.F.);
#12265 = ORIENTED_EDGE('',*,*,#12259,.F.);
#12266 = CYLINDRICAL_SURFACE('',#12267,0.375);
#12267 = AXIS2_PLACEMENT_3D('',#12268,#12269,#12270);
#12268 = CARTESIAN_POINT('',(9.,-3.5,-4.6E-02));
#12269 = DIRECTION('',(-0.,-0.,-1.));
#12270 = DIRECTION('',(-0.,-1.,0.));
#12271 = ADVANCED_FACE('',(#12272),#12283,.F.);
#12272 = FACE_BOUND('',#12273,.T.);
#12273 = EDGE_LOOP('',(#12274,#12275,#12281,#12282));
#12274 = ORIENTED_EDGE('',*,*,#11984,.T.);
#12275 = ORIENTED_EDGE('',*,*,#12276,.T.);
#12276 = EDGE_CURVE('',#11985,#12112,#12277,.T.);
#12277 = LINE('',#12278,#12279);
#12278 = CARTESIAN_POINT('',(11.,-3.875,-4.6E-02));
#12279 = VECTOR('',#12280,1.);
#12280 = DIRECTION('',(0.,0.,1.));
#12281 = ORIENTED_EDGE('',*,*,#12111,.F.);
#12282 = ORIENTED_EDGE('',*,*,#12276,.F.);
#12283 = CYLINDRICAL_SURFACE('',#12284,0.375);
#12284 = AXIS2_PLACEMENT_3D('',#12285,#12286,#12287);
#12285 = CARTESIAN_POINT('',(11.,-3.5,-4.6E-02));
#12286 = DIRECTION('',(-0.,-0.,-1.));
#12287 = DIRECTION('',(-0.,-1.,0.));
#12288 = ADVANCED_FACE('',(#12289),#12300,.F.);
#12289 = FACE_BOUND('',#12290,.T.);
#12290 = EDGE_LOOP('',(#12291,#12292,#12298,#12299));
#12291 = ORIENTED_EDGE('',*,*,#11995,.T.);
#12292 = ORIENTED_EDGE('',*,*,#12293,.T.);
#12293 = EDGE_CURVE('',#11996,#12123,#12294,.T.);
#12294 = LINE('',#12295,#12296);
#12295 = CARTESIAN_POINT('',(13.,-3.875,-4.6E-02));
#12296 = VECTOR('',#12297,1.);
#12297 = DIRECTION('',(0.,0.,1.));
#12298 = ORIENTED_EDGE('',*,*,#12122,.F.);
#12299 = ORIENTED_EDGE('',*,*,#12293,.F.);
#12300 = CYLINDRICAL_SURFACE('',#12301,0.375);
#12301 = AXIS2_PLACEMENT_3D('',#12302,#12303,#12304);
#12302 = CARTESIAN_POINT('',(13.,-3.5,-4.6E-02));
#12303 = DIRECTION('',(-0.,-0.,-1.));
#12304 = DIRECTION('',(-0.,-1.,0.));
#12305 = ADVANCED_FACE('',(#12306),#12317,.F.);
#12306 = FACE_BOUND('',#12307,.T.);
#12307 = EDGE_LOOP('',(#12308,#12309,#12315,#12316));
#12308 = ORIENTED_EDGE('',*,*,#12006,.T.);
#12309 = ORIENTED_EDGE('',*,*,#12310,.T.);
#12310 = EDGE_CURVE('',#12007,#12134,#12311,.T.);
#12311 = LINE('',#12312,#12313);
#12312 = CARTESIAN_POINT('',(15.,-3.875,-4.6E-02));
#12313 = VECTOR('',#12314,1.);
#12314 = DIRECTION('',(0.,0.,1.));
#12315 = ORIENTED_EDGE('',*,*,#12133,.F.);
#12316 = ORIENTED_EDGE('',*,*,#12310,.F.);
#12317 = CYLINDRICAL_SURFACE('',#12318,0.375);
#12318 = AXIS2_PLACEMENT_3D('',#12319,#12320,#12321);
#12319 = CARTESIAN_POINT('',(15.,-3.5,-4.6E-02));
#12320 = DIRECTION('',(-0.,-0.,-1.));
#12321 = DIRECTION('',(-0.,-1.,0.));
#12322 = ADVANCED_FACE('',(#12323),#12334,.F.);
#12323 = FACE_BOUND('',#12324,.T.);
#12324 = EDGE_LOOP('',(#12325,#12326,#12332,#12333));
#12325 = ORIENTED_EDGE('',*,*,#12017,.T.);
#12326 = ORIENTED_EDGE('',*,*,#12327,.T.);
#12327 = EDGE_CURVE('',#12018,#12145,#12328,.T.);
#12328 = LINE('',#12329,#12330);
#12329 = CARTESIAN_POINT('',(17.,-3.875,-4.6E-02));
#12330 = VECTOR('',#12331,1.);
#12331 = DIRECTION('',(0.,0.,1.));
#12332 = ORIENTED_EDGE('',*,*,#12144,.F.);
#12333 = ORIENTED_EDGE('',*,*,#12327,.F.);
#12334 = CYLINDRICAL_SURFACE('',#12335,0.375);
#12335 = AXIS2_PLACEMENT_3D('',#12336,#12337,#12338);
#12336 = CARTESIAN_POINT('',(17.,-3.5,-4.6E-02));
#12337 = DIRECTION('',(-0.,-0.,-1.));
#12338 = DIRECTION('',(-0.,-1.,0.));
#12339 = ( GEOMETRIC_REPRESENTATION_CONTEXT(3) 
GLOBAL_UNCERTAINTY_ASSIGNED_CONTEXT((#12343)) 
GLOBAL_UNIT_ASSIGNED_CONTEXT((#12340,#12341,#12342)) 
REPRESENTATION_CONTEXT('Context #1',
  '3D Context with UNIT and UNCERTAINTY') );
#12340 = ( LENGTH_UNIT() NAMED_UNIT(*) SI_UNIT(.MILLI.,.METRE.) );
#12341 = ( NAMED_UNIT(*) PLANE_ANGLE_UNIT() SI_UNIT($,.RADIAN.) );
#12342 = ( NAMED_UNIT(*) SI_UNIT($,.STERADIAN.) SOLID_ANGLE_UNIT() );
#12343 = UNCERTAINTY_MEASURE_WITH_UNIT(LENGTH_MEASURE(1.E-07),#12340,
  'distance_accuracy_value','confusion accuracy');
#12344 = CONTEXT_DEPENDENT_SHAPE_REPRESENTATION(#12345,#12347);
#12345 = ( REPRESENTATION_RELATIONSHIP('','',#11798,#10) 
REPRESENTATION_RELATIONSHIP_WITH_TRANSFORMATION(#12346) 
SHAPE_REPRESENTATION_RELATIONSHIP() );
#12346 = ITEM_DEFINED_TRANSFORMATION('','',#11,#43);
#12347 = PRODUCT_DEFINITION_SHAPE('Placement','Placement of an item',
  #12348);
#12348 = NEXT_ASSEMBLY_USAGE_OCCURRENCE('12','=>[0:1:1:10]','',#5,#11793
  ,$);
#12349 = PRODUCT_RELATED_PRODUCT_CATEGORY('part',$,(#11795));
#12350 = MECHANICAL_DESIGN_GEOMETRIC_PRESENTATION_REPRESENTATION('',(
    #12351,#12359,#12366,#12373,#12380,#12387,#12394,#12401,#12409,
    #12416,#12423,#12430,#12437,#12444,#12452,#12459,#12466,#12473,
    #12480,#12487,#12494,#12501,#12508,#12515,#12522,#12529),#874);
#12351 = STYLED_ITEM('color',(#12352),#86);
#12352 = PRESENTATION_STYLE_ASSIGNMENT((#12353));
#12353 = SURFACE_STYLE_USAGE(.BOTH.,#12354);
#12354 = SURFACE_SIDE_STYLE('',(#12355));
#12355 = SURFACE_STYLE_FILL_AREA(#12356);
#12356 = FILL_AREA_STYLE('',(#12357));
#12357 = FILL_AREA_STYLE_COLOUR('',#12358);
#12358 = COLOUR_RGB('',0.823999987314,0.819999987296,0.781000009244);
#12359 = STYLED_ITEM('color',(#12360),#126);
#12360 = PRESENTATION_STYLE_ASSIGNMENT((#12361));
#12361 = SURFACE_STYLE_USAGE(.BOTH.,#12362);
#12362 = SURFACE_SIDE_STYLE('',(#12363));
#12363 = SURFACE_STYLE_FILL_AREA(#12364);
#12364 = FILL_AREA_STYLE('',(#12365));
#12365 = FILL_AREA_STYLE_COLOUR('',#12358);
#12366 = STYLED_ITEM('color',(#12367),#209);
#12367 = PRESENTATION_STYLE_ASSIGNMENT((#12368));
#12368 = SURFACE_STYLE_USAGE(.BOTH.,#12369);
#12369 = SURFACE_SIDE_STYLE('',(#12370));
#12370 = SURFACE_STYLE_FILL_AREA(#12371);
#12371 = FILL_AREA_STYLE('',(#12372));
#12372 = FILL_AREA_STYLE_COLOUR('',#12358);
#12373 = STYLED_ITEM('color',(#12374),#234);
#12374 = PRESENTATION_STYLE_ASSIGNMENT((#12375));
#12375 = SURFACE_STYLE_USAGE(.BOTH.,#12376);
#12376 = SURFACE_SIDE_STYLE('',(#12377));
#12377 = SURFACE_STYLE_FILL_AREA(#12378);
#12378 = FILL_AREA_STYLE('',(#12379));
#12379 = FILL_AREA_STYLE_COLOUR('',#12358);
#12380 = STYLED_ITEM('color',(#12381),#259);
#12381 = PRESENTATION_STYLE_ASSIGNMENT((#12382));
#12382 = SURFACE_STYLE_USAGE(.BOTH.,#12383);
#12383 = SURFACE_SIDE_STYLE('',(#12384));
#12384 = SURFACE_STYLE_FILL_AREA(#12385);
#12385 = FILL_AREA_STYLE('',(#12386));
#12386 = FILL_AREA_STYLE_COLOUR('',#12358);
#12387 = STYLED_ITEM('color',(#12388),#326);
#12388 = PRESENTATION_STYLE_ASSIGNMENT((#12389));
#12389 = SURFACE_STYLE_USAGE(.BOTH.,#12390);
#12390 = SURFACE_SIDE_STYLE('',(#12391));
#12391 = SURFACE_STYLE_FILL_AREA(#12392);
#12392 = FILL_AREA_STYLE('',(#12393));
#12393 = FILL_AREA_STYLE_COLOUR('',#12358);
#12394 = STYLED_ITEM('color',(#12395),#343);
#12395 = PRESENTATION_STYLE_ASSIGNMENT((#12396));
#12396 = SURFACE_STYLE_USAGE(.BOTH.,#12397);
#12397 = SURFACE_SIDE_STYLE('',(#12398));
#12398 = SURFACE_STYLE_FILL_AREA(#12399);
#12399 = FILL_AREA_STYLE('',(#12400));
#12400 = FILL_AREA_STYLE_COLOUR('',#12358);
#12401 = STYLED_ITEM('color',(#12402),#360);
#12402 = PRESENTATION_STYLE_ASSIGNMENT((#12403));
#12403 = SURFACE_STYLE_USAGE(.BOTH.,#12404);
#12404 = SURFACE_SIDE_STYLE('',(#12405));
#12405 = SURFACE_STYLE_FILL_AREA(#12406);
#12406 = FILL_AREA_STYLE('',(#12407));
#12407 = FILL_AREA_STYLE_COLOUR('',#12408);
#12408 = COLOUR_RGB('',0.894999966383,0.890999961016,0.813000030345);
#12409 = STYLED_ITEM('color',(#12410),#409);
#12410 = PRESENTATION_STYLE_ASSIGNMENT((#12411));
#12411 = SURFACE_STYLE_USAGE(.BOTH.,#12412);
#12412 = SURFACE_SIDE_STYLE('',(#12413));
#12413 = SURFACE_STYLE_FILL_AREA(#12414);
#12414 = FILL_AREA_STYLE('',(#12415));
#12415 = FILL_AREA_STYLE_COLOUR('',#12358);
#12416 = STYLED_ITEM('color',(#12417),#426);
#12417 = PRESENTATION_STYLE_ASSIGNMENT((#12418));
#12418 = SURFACE_STYLE_USAGE(.BOTH.,#12419);
#12419 = SURFACE_SIDE_STYLE('',(#12420));
#12420 = SURFACE_STYLE_FILL_AREA(#12421);
#12421 = FILL_AREA_STYLE('',(#12422));
#12422 = FILL_AREA_STYLE_COLOUR('',#12358);
#12423 = STYLED_ITEM('color',(#12424),#443);
#12424 = PRESENTATION_STYLE_ASSIGNMENT((#12425));
#12425 = SURFACE_STYLE_USAGE(.BOTH.,#12426);
#12426 = SURFACE_SIDE_STYLE('',(#12427));
#12427 = SURFACE_STYLE_FILL_AREA(#12428);
#12428 = FILL_AREA_STYLE('',(#12429));
#12429 = FILL_AREA_STYLE_COLOUR('',#12408);
#12430 = STYLED_ITEM('color',(#12431),#492);
#12431 = PRESENTATION_STYLE_ASSIGNMENT((#12432));
#12432 = SURFACE_STYLE_USAGE(.BOTH.,#12433);
#12433 = SURFACE_SIDE_STYLE('',(#12434));
#12434 = SURFACE_STYLE_FILL_AREA(#12435);
#12435 = FILL_AREA_STYLE('',(#12436));
#12436 = FILL_AREA_STYLE_COLOUR('',#12408);
#12437 = STYLED_ITEM('color',(#12438),#509);
#12438 = PRESENTATION_STYLE_ASSIGNMENT((#12439));
#12439 = SURFACE_STYLE_USAGE(.BOTH.,#12440);
#12440 = SURFACE_SIDE_STYLE('',(#12441));
#12441 = SURFACE_STYLE_FILL_AREA(#12442);
#12442 = FILL_AREA_STYLE('',(#12443));
#12443 = FILL_AREA_STYLE_COLOUR('',#12358);
#12444 = STYLED_ITEM('color',(#12445),#578);
#12445 = PRESENTATION_STYLE_ASSIGNMENT((#12446));
#12446 = SURFACE_STYLE_USAGE(.BOTH.,#12447);
#12447 = SURFACE_SIDE_STYLE('',(#12448));
#12448 = SURFACE_STYLE_FILL_AREA(#12449);
#12449 = FILL_AREA_STYLE('',(#12450));
#12450 = FILL_AREA_STYLE_COLOUR('',#12451);
#12451 = COLOUR_RGB('',8.200000279077E-02,8.600000121357E-02,
  9.399999706163E-02);
#12452 = STYLED_ITEM('color',(#12453),#609);
#12453 = PRESENTATION_STYLE_ASSIGNMENT((#12454));
#12454 = SURFACE_STYLE_USAGE(.BOTH.,#12455);
#12455 = SURFACE_SIDE_STYLE('',(#12456));
#12456 = SURFACE_STYLE_FILL_AREA(#12457);
#12457 = FILL_AREA_STYLE('',(#12458));
#12458 = FILL_AREA_STYLE_COLOUR('',#12451);
#12459 = STYLED_ITEM('color',(#12460),#633);
#12460 = PRESENTATION_STYLE_ASSIGNMENT((#12461));
#12461 = SURFACE_STYLE_USAGE(.BOTH.,#12462);
#12462 = SURFACE_SIDE_STYLE('',(#12463));
#12463 = SURFACE_STYLE_FILL_AREA(#12464);
#12464 = FILL_AREA_STYLE('',(#12465));
#12465 = FILL_AREA_STYLE_COLOUR('',#12358);
#12466 = STYLED_ITEM('color',(#12467),#702);
#12467 = PRESENTATION_STYLE_ASSIGNMENT((#12468));
#12468 = SURFACE_STYLE_USAGE(.BOTH.,#12469);
#12469 = SURFACE_SIDE_STYLE('',(#12470));
#12470 = SURFACE_STYLE_FILL_AREA(#12471);
#12471 = FILL_AREA_STYLE('',(#12472));
#12472 = FILL_AREA_STYLE_COLOUR('',#12451);
#12473 = STYLED_ITEM('color',(#12474),#726);
#12474 = PRESENTATION_STYLE_ASSIGNMENT((#12475));
#12475 = SURFACE_STYLE_USAGE(.BOTH.,#12476);
#12476 = SURFACE_SIDE_STYLE('',(#12477));
#12477 = SURFACE_STYLE_FILL_AREA(#12478);
#12478 = FILL_AREA_STYLE('',(#12479));
#12479 = FILL_AREA_STYLE_COLOUR('',#12358);
#12480 = STYLED_ITEM('color',(#12481),#743);
#12481 = PRESENTATION_STYLE_ASSIGNMENT((#12482));
#12482 = SURFACE_STYLE_USAGE(.BOTH.,#12483);
#12483 = SURFACE_SIDE_STYLE('',(#12484));
#12484 = SURFACE_STYLE_FILL_AREA(#12485);
#12485 = FILL_AREA_STYLE('',(#12486));
#12486 = FILL_AREA_STYLE_COLOUR('',#12358);
#12487 = STYLED_ITEM('color',(#12488),#760);
#12488 = PRESENTATION_STYLE_ASSIGNMENT((#12489));
#12489 = SURFACE_STYLE_USAGE(.BOTH.,#12490);
#12490 = SURFACE_SIDE_STYLE('',(#12491));
#12491 = SURFACE_STYLE_FILL_AREA(#12492);
#12492 = FILL_AREA_STYLE('',(#12493));
#12493 = FILL_AREA_STYLE_COLOUR('',#12358);
#12494 = STYLED_ITEM('color',(#12495),#777);
#12495 = PRESENTATION_STYLE_ASSIGNMENT((#12496));
#12496 = SURFACE_STYLE_USAGE(.BOTH.,#12497);
#12497 = SURFACE_SIDE_STYLE('',(#12498));
#12498 = SURFACE_STYLE_FILL_AREA(#12499);
#12499 = FILL_AREA_STYLE('',(#12500));
#12500 = FILL_AREA_STYLE_COLOUR('',#12358);
#12501 = STYLED_ITEM('color',(#12502),#794);
#12502 = PRESENTATION_STYLE_ASSIGNMENT((#12503));
#12503 = SURFACE_STYLE_USAGE(.BOTH.,#12504);
#12504 = SURFACE_SIDE_STYLE('',(#12505));
#12505 = SURFACE_STYLE_FILL_AREA(#12506);
#12506 = FILL_AREA_STYLE('',(#12507));
#12507 = FILL_AREA_STYLE_COLOUR('',#12358);
#12508 = STYLED_ITEM('color',(#12509),#811);
#12509 = PRESENTATION_STYLE_ASSIGNMENT((#12510));
#12510 = SURFACE_STYLE_USAGE(.BOTH.,#12511);
#12511 = SURFACE_SIDE_STYLE('',(#12512));
#12512 = SURFACE_STYLE_FILL_AREA(#12513);
#12513 = FILL_AREA_STYLE('',(#12514));
#12514 = FILL_AREA_STYLE_COLOUR('',#12358);
#12515 = STYLED_ITEM('color',(#12516),#828);
#12516 = PRESENTATION_STYLE_ASSIGNMENT((#12517));
#12517 = SURFACE_STYLE_USAGE(.BOTH.,#12518);
#12518 = SURFACE_SIDE_STYLE('',(#12519));
#12519 = SURFACE_STYLE_FILL_AREA(#12520);
#12520 = FILL_AREA_STYLE('',(#12521));
#12521 = FILL_AREA_STYLE_COLOUR('',#12358);
#12522 = STYLED_ITEM('color',(#12523),#845);
#12523 = PRESENTATION_STYLE_ASSIGNMENT((#12524));
#12524 = SURFACE_STYLE_USAGE(.BOTH.,#12525);
#12525 = SURFACE_SIDE_STYLE('',(#12526));
#12526 = SURFACE_STYLE_FILL_AREA(#12527);
#12527 = FILL_AREA_STYLE('',(#12528));
#12528 = FILL_AREA_STYLE_COLOUR('',#12451);
#12529 = STYLED_ITEM('color',(#12530),#862);
#12530 = PRESENTATION_STYLE_ASSIGNMENT((#12531));
#12531 = SURFACE_STYLE_USAGE(.BOTH.,#12532);
#12532 = SURFACE_SIDE_STYLE('',(#12533));
#12533 = SURFACE_STYLE_FILL_AREA(#12534);
#12534 = FILL_AREA_STYLE('',(#12535));
#12535 = FILL_AREA_STYLE_COLOUR('',#12451);
#12536 = MECHANICAL_DESIGN_GEOMETRIC_PRESENTATION_REPRESENTATION('',(
    #12537,#12544,#12551,#12558,#12565,#12572,#12580,#12587,#12594,
    #12601,#12608,#12615,#12622,#12629,#12636,#12643,#12650,#12657,
    #12664,#12671,#12678,#12685,#12692,#12699,#12706,#12713,#12720,
    #12727,#12734,#12741,#12748,#12755,#12762,#12769,#12776,#12783,
    #12790,#12797,#12804,#12811,#12818,#12825,#12832,#12839,#12846,
    #12853,#12860,#12867,#12874,#12881,#12888,#12895,#12902,#12909,
    #12916,#12923,#12930,#12937,#12944,#12951,#12958,#12965,#12972,
    #12979,#12986,#12993,#13000,#13007,#13014,#13021,#13028,#13035,
    #13042,#13049,#13056,#13063,#13070,#13078),#4000);
#12537 = STYLED_ITEM('color',(#12538),#1819);
#12538 = PRESENTATION_STYLE_ASSIGNMENT((#12539));
#12539 = SURFACE_STYLE_USAGE(.BOTH.,#12540);
#12540 = SURFACE_SIDE_STYLE('',(#12541));
#12541 = SURFACE_STYLE_FILL_AREA(#12542);
#12542 = FILL_AREA_STYLE('',(#12543));
#12543 = FILL_AREA_STYLE_COLOUR('',#12358);
#12544 = STYLED_ITEM('color',(#12545),#1859);
#12545 = PRESENTATION_STYLE_ASSIGNMENT((#12546));
#12546 = SURFACE_STYLE_USAGE(.BOTH.,#12547);
#12547 = SURFACE_SIDE_STYLE('',(#12548));
#12548 = SURFACE_STYLE_FILL_AREA(#12549);
#12549 = FILL_AREA_STYLE('',(#12550));
#12550 = FILL_AREA_STYLE_COLOUR('',#12358);
#12551 = STYLED_ITEM('color',(#12552),#1890);
#12552 = PRESENTATION_STYLE_ASSIGNMENT((#12553));
#12553 = SURFACE_STYLE_USAGE(.BOTH.,#12554);
#12554 = SURFACE_SIDE_STYLE('',(#12555));
#12555 = SURFACE_STYLE_FILL_AREA(#12556);
#12556 = FILL_AREA_STYLE('',(#12557));
#12557 = FILL_AREA_STYLE_COLOUR('',#12358);
#12558 = STYLED_ITEM('color',(#12559),#1914);
#12559 = PRESENTATION_STYLE_ASSIGNMENT((#12560));
#12560 = SURFACE_STYLE_USAGE(.BOTH.,#12561);
#12561 = SURFACE_SIDE_STYLE('',(#12562));
#12562 = SURFACE_STYLE_FILL_AREA(#12563);
#12563 = FILL_AREA_STYLE('',(#12564));
#12564 = FILL_AREA_STYLE_COLOUR('',#12358);
#12565 = STYLED_ITEM('color',(#12566),#1938);
#12566 = PRESENTATION_STYLE_ASSIGNMENT((#12567));
#12567 = SURFACE_STYLE_USAGE(.BOTH.,#12568);
#12568 = SURFACE_SIDE_STYLE('',(#12569));
#12569 = SURFACE_STYLE_FILL_AREA(#12570);
#12570 = FILL_AREA_STYLE('',(#12571));
#12571 = FILL_AREA_STYLE_COLOUR('',#12358);
#12572 = STYLED_ITEM('color',(#12573),#1955);
#12573 = PRESENTATION_STYLE_ASSIGNMENT((#12574));
#12574 = SURFACE_STYLE_USAGE(.BOTH.,#12575);
#12575 = SURFACE_SIDE_STYLE('',(#12576));
#12576 = SURFACE_STYLE_FILL_AREA(#12577);
#12577 = FILL_AREA_STYLE('',(#12578));
#12578 = FILL_AREA_STYLE_COLOUR('',#12579);
#12579 = COLOUR_RGB('',0.147999998088,0.144999993226,0.144999993226);
#12580 = STYLED_ITEM('color',(#12581),#2443);
#12581 = PRESENTATION_STYLE_ASSIGNMENT((#12582));
#12582 = SURFACE_STYLE_USAGE(.BOTH.,#12583);
#12583 = SURFACE_SIDE_STYLE('',(#12584));
#12584 = SURFACE_STYLE_FILL_AREA(#12585);
#12585 = FILL_AREA_STYLE('',(#12586));
#12586 = FILL_AREA_STYLE_COLOUR('',#12579);
#12587 = STYLED_ITEM('color',(#12588),#2474);
#12588 = PRESENTATION_STYLE_ASSIGNMENT((#12589));
#12589 = SURFACE_STYLE_USAGE(.BOTH.,#12590);
#12590 = SURFACE_SIDE_STYLE('',(#12591));
#12591 = SURFACE_STYLE_FILL_AREA(#12592);
#12592 = FILL_AREA_STYLE('',(#12593));
#12593 = FILL_AREA_STYLE_COLOUR('',#12579);
#12594 = STYLED_ITEM('color',(#12595),#2498);
#12595 = PRESENTATION_STYLE_ASSIGNMENT((#12596));
#12596 = SURFACE_STYLE_USAGE(.BOTH.,#12597);
#12597 = SURFACE_SIDE_STYLE('',(#12598));
#12598 = SURFACE_STYLE_FILL_AREA(#12599);
#12599 = FILL_AREA_STYLE('',(#12600));
#12600 = FILL_AREA_STYLE_COLOUR('',#12579);
#12601 = STYLED_ITEM('color',(#12602),#2522);
#12602 = PRESENTATION_STYLE_ASSIGNMENT((#12603));
#12603 = SURFACE_STYLE_USAGE(.BOTH.,#12604);
#12604 = SURFACE_SIDE_STYLE('',(#12605));
#12605 = SURFACE_STYLE_FILL_AREA(#12606);
#12606 = FILL_AREA_STYLE('',(#12607));
#12607 = FILL_AREA_STYLE_COLOUR('',#12579);
#12608 = STYLED_ITEM('color',(#12609),#2539);
#12609 = PRESENTATION_STYLE_ASSIGNMENT((#12610));
#12610 = SURFACE_STYLE_USAGE(.BOTH.,#12611);
#12611 = SURFACE_SIDE_STYLE('',(#12612));
#12612 = SURFACE_STYLE_FILL_AREA(#12613);
#12613 = FILL_AREA_STYLE('',(#12614));
#12614 = FILL_AREA_STYLE_COLOUR('',#12358);
#12615 = STYLED_ITEM('color',(#12616),#2570);
#12616 = PRESENTATION_STYLE_ASSIGNMENT((#12617));
#12617 = SURFACE_STYLE_USAGE(.BOTH.,#12618);
#12618 = SURFACE_SIDE_STYLE('',(#12619));
#12619 = SURFACE_STYLE_FILL_AREA(#12620);
#12620 = FILL_AREA_STYLE('',(#12621));
#12621 = FILL_AREA_STYLE_COLOUR('',#12358);
#12622 = STYLED_ITEM('color',(#12623),#2594);
#12623 = PRESENTATION_STYLE_ASSIGNMENT((#12624));
#12624 = SURFACE_STYLE_USAGE(.BOTH.,#12625);
#12625 = SURFACE_SIDE_STYLE('',(#12626));
#12626 = SURFACE_STYLE_FILL_AREA(#12627);
#12627 = FILL_AREA_STYLE('',(#12628));
#12628 = FILL_AREA_STYLE_COLOUR('',#12358);
#12629 = STYLED_ITEM('color',(#12630),#2618);
#12630 = PRESENTATION_STYLE_ASSIGNMENT((#12631));
#12631 = SURFACE_STYLE_USAGE(.BOTH.,#12632);
#12632 = SURFACE_SIDE_STYLE('',(#12633));
#12633 = SURFACE_STYLE_FILL_AREA(#12634);
#12634 = FILL_AREA_STYLE('',(#12635));
#12635 = FILL_AREA_STYLE_COLOUR('',#12358);
#12636 = STYLED_ITEM('color',(#12637),#2635);
#12637 = PRESENTATION_STYLE_ASSIGNMENT((#12638));
#12638 = SURFACE_STYLE_USAGE(.BOTH.,#12639);
#12639 = SURFACE_SIDE_STYLE('',(#12640));
#12640 = SURFACE_STYLE_FILL_AREA(#12641);
#12641 = FILL_AREA_STYLE('',(#12642));
#12642 = FILL_AREA_STYLE_COLOUR('',#12358);
#12643 = STYLED_ITEM('color',(#12644),#2666);
#12644 = PRESENTATION_STYLE_ASSIGNMENT((#12645));
#12645 = SURFACE_STYLE_USAGE(.BOTH.,#12646);
#12646 = SURFACE_SIDE_STYLE('',(#12647));
#12647 = SURFACE_STYLE_FILL_AREA(#12648);
#12648 = FILL_AREA_STYLE('',(#12649));
#12649 = FILL_AREA_STYLE_COLOUR('',#12358);
#12650 = STYLED_ITEM('color',(#12651),#2690);
#12651 = PRESENTATION_STYLE_ASSIGNMENT((#12652));
#12652 = SURFACE_STYLE_USAGE(.BOTH.,#12653);
#12653 = SURFACE_SIDE_STYLE('',(#12654));
#12654 = SURFACE_STYLE_FILL_AREA(#12655);
#12655 = FILL_AREA_STYLE('',(#12656));
#12656 = FILL_AREA_STYLE_COLOUR('',#12358);
#12657 = STYLED_ITEM('color',(#12658),#2714);
#12658 = PRESENTATION_STYLE_ASSIGNMENT((#12659));
#12659 = SURFACE_STYLE_USAGE(.BOTH.,#12660);
#12660 = SURFACE_SIDE_STYLE('',(#12661));
#12661 = SURFACE_STYLE_FILL_AREA(#12662);
#12662 = FILL_AREA_STYLE('',(#12663));
#12663 = FILL_AREA_STYLE_COLOUR('',#12358);
#12664 = STYLED_ITEM('color',(#12665),#2731);
#12665 = PRESENTATION_STYLE_ASSIGNMENT((#12666));
#12666 = SURFACE_STYLE_USAGE(.BOTH.,#12667);
#12667 = SURFACE_SIDE_STYLE('',(#12668));
#12668 = SURFACE_STYLE_FILL_AREA(#12669);
#12669 = FILL_AREA_STYLE('',(#12670));
#12670 = FILL_AREA_STYLE_COLOUR('',#12358);
#12671 = STYLED_ITEM('color',(#12672),#2762);
#12672 = PRESENTATION_STYLE_ASSIGNMENT((#12673));
#12673 = SURFACE_STYLE_USAGE(.BOTH.,#12674);
#12674 = SURFACE_SIDE_STYLE('',(#12675));
#12675 = SURFACE_STYLE_FILL_AREA(#12676);
#12676 = FILL_AREA_STYLE('',(#12677));
#12677 = FILL_AREA_STYLE_COLOUR('',#12358);
#12678 = STYLED_ITEM('color',(#12679),#2786);
#12679 = PRESENTATION_STYLE_ASSIGNMENT((#12680));
#12680 = SURFACE_STYLE_USAGE(.BOTH.,#12681);
#12681 = SURFACE_SIDE_STYLE('',(#12682));
#12682 = SURFACE_STYLE_FILL_AREA(#12683);
#12683 = FILL_AREA_STYLE('',(#12684));
#12684 = FILL_AREA_STYLE_COLOUR('',#12358);
#12685 = STYLED_ITEM('color',(#12686),#2810);
#12686 = PRESENTATION_STYLE_ASSIGNMENT((#12687));
#12687 = SURFACE_STYLE_USAGE(.BOTH.,#12688);
#12688 = SURFACE_SIDE_STYLE('',(#12689));
#12689 = SURFACE_STYLE_FILL_AREA(#12690);
#12690 = FILL_AREA_STYLE('',(#12691));
#12691 = FILL_AREA_STYLE_COLOUR('',#12358);
#12692 = STYLED_ITEM('color',(#12693),#2827);
#12693 = PRESENTATION_STYLE_ASSIGNMENT((#12694));
#12694 = SURFACE_STYLE_USAGE(.BOTH.,#12695);
#12695 = SURFACE_SIDE_STYLE('',(#12696));
#12696 = SURFACE_STYLE_FILL_AREA(#12697);
#12697 = FILL_AREA_STYLE('',(#12698));
#12698 = FILL_AREA_STYLE_COLOUR('',#12358);
#12699 = STYLED_ITEM('color',(#12700),#2858);
#12700 = PRESENTATION_STYLE_ASSIGNMENT((#12701));
#12701 = SURFACE_STYLE_USAGE(.BOTH.,#12702);
#12702 = SURFACE_SIDE_STYLE('',(#12703));
#12703 = SURFACE_STYLE_FILL_AREA(#12704);
#12704 = FILL_AREA_STYLE('',(#12705));
#12705 = FILL_AREA_STYLE_COLOUR('',#12358);
#12706 = STYLED_ITEM('color',(#12707),#2882);
#12707 = PRESENTATION_STYLE_ASSIGNMENT((#12708));
#12708 = SURFACE_STYLE_USAGE(.BOTH.,#12709);
#12709 = SURFACE_SIDE_STYLE('',(#12710));
#12710 = SURFACE_STYLE_FILL_AREA(#12711);
#12711 = FILL_AREA_STYLE('',(#12712));
#12712 = FILL_AREA_STYLE_COLOUR('',#12358);
#12713 = STYLED_ITEM('color',(#12714),#2906);
#12714 = PRESENTATION_STYLE_ASSIGNMENT((#12715));
#12715 = SURFACE_STYLE_USAGE(.BOTH.,#12716);
#12716 = SURFACE_SIDE_STYLE('',(#12717));
#12717 = SURFACE_STYLE_FILL_AREA(#12718);
#12718 = FILL_AREA_STYLE('',(#12719));
#12719 = FILL_AREA_STYLE_COLOUR('',#12358);
#12720 = STYLED_ITEM('color',(#12721),#2923);
#12721 = PRESENTATION_STYLE_ASSIGNMENT((#12722));
#12722 = SURFACE_STYLE_USAGE(.BOTH.,#12723);
#12723 = SURFACE_SIDE_STYLE('',(#12724));
#12724 = SURFACE_STYLE_FILL_AREA(#12725);
#12725 = FILL_AREA_STYLE('',(#12726));
#12726 = FILL_AREA_STYLE_COLOUR('',#12358);
#12727 = STYLED_ITEM('color',(#12728),#2954);
#12728 = PRESENTATION_STYLE_ASSIGNMENT((#12729));
#12729 = SURFACE_STYLE_USAGE(.BOTH.,#12730);
#12730 = SURFACE_SIDE_STYLE('',(#12731));
#12731 = SURFACE_STYLE_FILL_AREA(#12732);
#12732 = FILL_AREA_STYLE('',(#12733));
#12733 = FILL_AREA_STYLE_COLOUR('',#12358);
#12734 = STYLED_ITEM('color',(#12735),#2978);
#12735 = PRESENTATION_STYLE_ASSIGNMENT((#12736));
#12736 = SURFACE_STYLE_USAGE(.BOTH.,#12737);
#12737 = SURFACE_SIDE_STYLE('',(#12738));
#12738 = SURFACE_STYLE_FILL_AREA(#12739);
#12739 = FILL_AREA_STYLE('',(#12740));
#12740 = FILL_AREA_STYLE_COLOUR('',#12358);
#12741 = STYLED_ITEM('color',(#12742),#3002);
#12742 = PRESENTATION_STYLE_ASSIGNMENT((#12743));
#12743 = SURFACE_STYLE_USAGE(.BOTH.,#12744);
#12744 = SURFACE_SIDE_STYLE('',(#12745));
#12745 = SURFACE_STYLE_FILL_AREA(#12746);
#12746 = FILL_AREA_STYLE('',(#12747));
#12747 = FILL_AREA_STYLE_COLOUR('',#12358);
#12748 = STYLED_ITEM('color',(#12749),#3019);
#12749 = PRESENTATION_STYLE_ASSIGNMENT((#12750));
#12750 = SURFACE_STYLE_USAGE(.BOTH.,#12751);
#12751 = SURFACE_SIDE_STYLE('',(#12752));
#12752 = SURFACE_STYLE_FILL_AREA(#12753);
#12753 = FILL_AREA_STYLE('',(#12754));
#12754 = FILL_AREA_STYLE_COLOUR('',#12358);
#12755 = STYLED_ITEM('color',(#12756),#3050);
#12756 = PRESENTATION_STYLE_ASSIGNMENT((#12757));
#12757 = SURFACE_STYLE_USAGE(.BOTH.,#12758);
#12758 = SURFACE_SIDE_STYLE('',(#12759));
#12759 = SURFACE_STYLE_FILL_AREA(#12760);
#12760 = FILL_AREA_STYLE('',(#12761));
#12761 = FILL_AREA_STYLE_COLOUR('',#12358);
#12762 = STYLED_ITEM('color',(#12763),#3074);
#12763 = PRESENTATION_STYLE_ASSIGNMENT((#12764));
#12764 = SURFACE_STYLE_USAGE(.BOTH.,#12765);
#12765 = SURFACE_SIDE_STYLE('',(#12766));
#12766 = SURFACE_STYLE_FILL_AREA(#12767);
#12767 = FILL_AREA_STYLE('',(#12768));
#12768 = FILL_AREA_STYLE_COLOUR('',#12358);
#12769 = STYLED_ITEM('color',(#12770),#3098);
#12770 = PRESENTATION_STYLE_ASSIGNMENT((#12771));
#12771 = SURFACE_STYLE_USAGE(.BOTH.,#12772);
#12772 = SURFACE_SIDE_STYLE('',(#12773));
#12773 = SURFACE_STYLE_FILL_AREA(#12774);
#12774 = FILL_AREA_STYLE('',(#12775));
#12775 = FILL_AREA_STYLE_COLOUR('',#12358);
#12776 = STYLED_ITEM('color',(#12777),#3115);
#12777 = PRESENTATION_STYLE_ASSIGNMENT((#12778));
#12778 = SURFACE_STYLE_USAGE(.BOTH.,#12779);
#12779 = SURFACE_SIDE_STYLE('',(#12780));
#12780 = SURFACE_STYLE_FILL_AREA(#12781);
#12781 = FILL_AREA_STYLE('',(#12782));
#12782 = FILL_AREA_STYLE_COLOUR('',#12358);
#12783 = STYLED_ITEM('color',(#12784),#3146);
#12784 = PRESENTATION_STYLE_ASSIGNMENT((#12785));
#12785 = SURFACE_STYLE_USAGE(.BOTH.,#12786);
#12786 = SURFACE_SIDE_STYLE('',(#12787));
#12787 = SURFACE_STYLE_FILL_AREA(#12788);
#12788 = FILL_AREA_STYLE('',(#12789));
#12789 = FILL_AREA_STYLE_COLOUR('',#12358);
#12790 = STYLED_ITEM('color',(#12791),#3170);
#12791 = PRESENTATION_STYLE_ASSIGNMENT((#12792));
#12792 = SURFACE_STYLE_USAGE(.BOTH.,#12793);
#12793 = SURFACE_SIDE_STYLE('',(#12794));
#12794 = SURFACE_STYLE_FILL_AREA(#12795);
#12795 = FILL_AREA_STYLE('',(#12796));
#12796 = FILL_AREA_STYLE_COLOUR('',#12358);
#12797 = STYLED_ITEM('color',(#12798),#3194);
#12798 = PRESENTATION_STYLE_ASSIGNMENT((#12799));
#12799 = SURFACE_STYLE_USAGE(.BOTH.,#12800);
#12800 = SURFACE_SIDE_STYLE('',(#12801));
#12801 = SURFACE_STYLE_FILL_AREA(#12802);
#12802 = FILL_AREA_STYLE('',(#12803));
#12803 = FILL_AREA_STYLE_COLOUR('',#12358);
#12804 = STYLED_ITEM('color',(#12805),#3211);
#12805 = PRESENTATION_STYLE_ASSIGNMENT((#12806));
#12806 = SURFACE_STYLE_USAGE(.BOTH.,#12807);
#12807 = SURFACE_SIDE_STYLE('',(#12808));
#12808 = SURFACE_STYLE_FILL_AREA(#12809);
#12809 = FILL_AREA_STYLE('',(#12810));
#12810 = FILL_AREA_STYLE_COLOUR('',#12358);
#12811 = STYLED_ITEM('color',(#12812),#3242);
#12812 = PRESENTATION_STYLE_ASSIGNMENT((#12813));
#12813 = SURFACE_STYLE_USAGE(.BOTH.,#12814);
#12814 = SURFACE_SIDE_STYLE('',(#12815));
#12815 = SURFACE_STYLE_FILL_AREA(#12816);
#12816 = FILL_AREA_STYLE('',(#12817));
#12817 = FILL_AREA_STYLE_COLOUR('',#12358);
#12818 = STYLED_ITEM('color',(#12819),#3266);
#12819 = PRESENTATION_STYLE_ASSIGNMENT((#12820));
#12820 = SURFACE_STYLE_USAGE(.BOTH.,#12821);
#12821 = SURFACE_SIDE_STYLE('',(#12822));
#12822 = SURFACE_STYLE_FILL_AREA(#12823);
#12823 = FILL_AREA_STYLE('',(#12824));
#12824 = FILL_AREA_STYLE_COLOUR('',#12358);
#12825 = STYLED_ITEM('color',(#12826),#3290);
#12826 = PRESENTATION_STYLE_ASSIGNMENT((#12827));
#12827 = SURFACE_STYLE_USAGE(.BOTH.,#12828);
#12828 = SURFACE_SIDE_STYLE('',(#12829));
#12829 = SURFACE_STYLE_FILL_AREA(#12830);
#12830 = FILL_AREA_STYLE('',(#12831));
#12831 = FILL_AREA_STYLE_COLOUR('',#12358);
#12832 = STYLED_ITEM('color',(#12833),#3307);
#12833 = PRESENTATION_STYLE_ASSIGNMENT((#12834));
#12834 = SURFACE_STYLE_USAGE(.BOTH.,#12835);
#12835 = SURFACE_SIDE_STYLE('',(#12836));
#12836 = SURFACE_STYLE_FILL_AREA(#12837);
#12837 = FILL_AREA_STYLE('',(#12838));
#12838 = FILL_AREA_STYLE_COLOUR('',#12358);
#12839 = STYLED_ITEM('color',(#12840),#3338);
#12840 = PRESENTATION_STYLE_ASSIGNMENT((#12841));
#12841 = SURFACE_STYLE_USAGE(.BOTH.,#12842);
#12842 = SURFACE_SIDE_STYLE('',(#12843));
#12843 = SURFACE_STYLE_FILL_AREA(#12844);
#12844 = FILL_AREA_STYLE('',(#12845));
#12845 = FILL_AREA_STYLE_COLOUR('',#12358);
#12846 = STYLED_ITEM('color',(#12847),#3362);
#12847 = PRESENTATION_STYLE_ASSIGNMENT((#12848));
#12848 = SURFACE_STYLE_USAGE(.BOTH.,#12849);
#12849 = SURFACE_SIDE_STYLE('',(#12850));
#12850 = SURFACE_STYLE_FILL_AREA(#12851);
#12851 = FILL_AREA_STYLE('',(#12852));
#12852 = FILL_AREA_STYLE_COLOUR('',#12358);
#12853 = STYLED_ITEM('color',(#12854),#3386);
#12854 = PRESENTATION_STYLE_ASSIGNMENT((#12855));
#12855 = SURFACE_STYLE_USAGE(.BOTH.,#12856);
#12856 = SURFACE_SIDE_STYLE('',(#12857));
#12857 = SURFACE_STYLE_FILL_AREA(#12858);
#12858 = FILL_AREA_STYLE('',(#12859));
#12859 = FILL_AREA_STYLE_COLOUR('',#12358);
#12860 = STYLED_ITEM('color',(#12861),#3403);
#12861 = PRESENTATION_STYLE_ASSIGNMENT((#12862));
#12862 = SURFACE_STYLE_USAGE(.BOTH.,#12863);
#12863 = SURFACE_SIDE_STYLE('',(#12864));
#12864 = SURFACE_STYLE_FILL_AREA(#12865);
#12865 = FILL_AREA_STYLE('',(#12866));
#12866 = FILL_AREA_STYLE_COLOUR('',#12358);
#12867 = STYLED_ITEM('color',(#12868),#3434);
#12868 = PRESENTATION_STYLE_ASSIGNMENT((#12869));
#12869 = SURFACE_STYLE_USAGE(.BOTH.,#12870);
#12870 = SURFACE_SIDE_STYLE('',(#12871));
#12871 = SURFACE_STYLE_FILL_AREA(#12872);
#12872 = FILL_AREA_STYLE('',(#12873));
#12873 = FILL_AREA_STYLE_COLOUR('',#12358);
#12874 = STYLED_ITEM('color',(#12875),#3458);
#12875 = PRESENTATION_STYLE_ASSIGNMENT((#12876));
#12876 = SURFACE_STYLE_USAGE(.BOTH.,#12877);
#12877 = SURFACE_SIDE_STYLE('',(#12878));
#12878 = SURFACE_STYLE_FILL_AREA(#12879);
#12879 = FILL_AREA_STYLE('',(#12880));
#12880 = FILL_AREA_STYLE_COLOUR('',#12358);
#12881 = STYLED_ITEM('color',(#12882),#3482);
#12882 = PRESENTATION_STYLE_ASSIGNMENT((#12883));
#12883 = SURFACE_STYLE_USAGE(.BOTH.,#12884);
#12884 = SURFACE_SIDE_STYLE('',(#12885));
#12885 = SURFACE_STYLE_FILL_AREA(#12886);
#12886 = FILL_AREA_STYLE('',(#12887));
#12887 = FILL_AREA_STYLE_COLOUR('',#12358);
#12888 = STYLED_ITEM('color',(#12889),#3499);
#12889 = PRESENTATION_STYLE_ASSIGNMENT((#12890));
#12890 = SURFACE_STYLE_USAGE(.BOTH.,#12891);
#12891 = SURFACE_SIDE_STYLE('',(#12892));
#12892 = SURFACE_STYLE_FILL_AREA(#12893);
#12893 = FILL_AREA_STYLE('',(#12894));
#12894 = FILL_AREA_STYLE_COLOUR('',#12358);
#12895 = STYLED_ITEM('color',(#12896),#3530);
#12896 = PRESENTATION_STYLE_ASSIGNMENT((#12897));
#12897 = SURFACE_STYLE_USAGE(.BOTH.,#12898);
#12898 = SURFACE_SIDE_STYLE('',(#12899));
#12899 = SURFACE_STYLE_FILL_AREA(#12900);
#12900 = FILL_AREA_STYLE('',(#12901));
#12901 = FILL_AREA_STYLE_COLOUR('',#12358);
#12902 = STYLED_ITEM('color',(#12903),#3554);
#12903 = PRESENTATION_STYLE_ASSIGNMENT((#12904));
#12904 = SURFACE_STYLE_USAGE(.BOTH.,#12905);
#12905 = SURFACE_SIDE_STYLE('',(#12906));
#12906 = SURFACE_STYLE_FILL_AREA(#12907);
#12907 = FILL_AREA_STYLE('',(#12908));
#12908 = FILL_AREA_STYLE_COLOUR('',#12358);
#12909 = STYLED_ITEM('color',(#12910),#3578);
#12910 = PRESENTATION_STYLE_ASSIGNMENT((#12911));
#12911 = SURFACE_STYLE_USAGE(.BOTH.,#12912);
#12912 = SURFACE_SIDE_STYLE('',(#12913));
#12913 = SURFACE_STYLE_FILL_AREA(#12914);
#12914 = FILL_AREA_STYLE('',(#12915));
#12915 = FILL_AREA_STYLE_COLOUR('',#12358);
#12916 = STYLED_ITEM('color',(#12917),#3595);
#12917 = PRESENTATION_STYLE_ASSIGNMENT((#12918));
#12918 = SURFACE_STYLE_USAGE(.BOTH.,#12919);
#12919 = SURFACE_SIDE_STYLE('',(#12920));
#12920 = SURFACE_STYLE_FILL_AREA(#12921);
#12921 = FILL_AREA_STYLE('',(#12922));
#12922 = FILL_AREA_STYLE_COLOUR('',#12358);
#12923 = STYLED_ITEM('color',(#12924),#3626);
#12924 = PRESENTATION_STYLE_ASSIGNMENT((#12925));
#12925 = SURFACE_STYLE_USAGE(.BOTH.,#12926);
#12926 = SURFACE_SIDE_STYLE('',(#12927));
#12927 = SURFACE_STYLE_FILL_AREA(#12928);
#12928 = FILL_AREA_STYLE('',(#12929));
#12929 = FILL_AREA_STYLE_COLOUR('',#12358);
#12930 = STYLED_ITEM('color',(#12931),#3650);
#12931 = PRESENTATION_STYLE_ASSIGNMENT((#12932));
#12932 = SURFACE_STYLE_USAGE(.BOTH.,#12933);
#12933 = SURFACE_SIDE_STYLE('',(#12934));
#12934 = SURFACE_STYLE_FILL_AREA(#12935);
#12935 = FILL_AREA_STYLE('',(#12936));
#12936 = FILL_AREA_STYLE_COLOUR('',#12358);
#12937 = STYLED_ITEM('color',(#12938),#3674);
#12938 = PRESENTATION_STYLE_ASSIGNMENT((#12939));
#12939 = SURFACE_STYLE_USAGE(.BOTH.,#12940);
#12940 = SURFACE_SIDE_STYLE('',(#12941));
#12941 = SURFACE_STYLE_FILL_AREA(#12942);
#12942 = FILL_AREA_STYLE('',(#12943));
#12943 = FILL_AREA_STYLE_COLOUR('',#12358);
#12944 = STYLED_ITEM('color',(#12945),#3691);
#12945 = PRESENTATION_STYLE_ASSIGNMENT((#12946));
#12946 = SURFACE_STYLE_USAGE(.BOTH.,#12947);
#12947 = SURFACE_SIDE_STYLE('',(#12948));
#12948 = SURFACE_STYLE_FILL_AREA(#12949);
#12949 = FILL_AREA_STYLE('',(#12950));
#12950 = FILL_AREA_STYLE_COLOUR('',#12358);
#12951 = STYLED_ITEM('color',(#12952),#3722);
#12952 = PRESENTATION_STYLE_ASSIGNMENT((#12953));
#12953 = SURFACE_STYLE_USAGE(.BOTH.,#12954);
#12954 = SURFACE_SIDE_STYLE('',(#12955));
#12955 = SURFACE_STYLE_FILL_AREA(#12956);
#12956 = FILL_AREA_STYLE('',(#12957));
#12957 = FILL_AREA_STYLE_COLOUR('',#12358);
#12958 = STYLED_ITEM('color',(#12959),#3746);
#12959 = PRESENTATION_STYLE_ASSIGNMENT((#12960));
#12960 = SURFACE_STYLE_USAGE(.BOTH.,#12961);
#12961 = SURFACE_SIDE_STYLE('',(#12962));
#12962 = SURFACE_STYLE_FILL_AREA(#12963);
#12963 = FILL_AREA_STYLE('',(#12964));
#12964 = FILL_AREA_STYLE_COLOUR('',#12358);
#12965 = STYLED_ITEM('color',(#12966),#3770);
#12966 = PRESENTATION_STYLE_ASSIGNMENT((#12967));
#12967 = SURFACE_STYLE_USAGE(.BOTH.,#12968);
#12968 = SURFACE_SIDE_STYLE('',(#12969));
#12969 = SURFACE_STYLE_FILL_AREA(#12970);
#12970 = FILL_AREA_STYLE('',(#12971));
#12971 = FILL_AREA_STYLE_COLOUR('',#12358);
#12972 = STYLED_ITEM('color',(#12973),#3787);
#12973 = PRESENTATION_STYLE_ASSIGNMENT((#12974));
#12974 = SURFACE_STYLE_USAGE(.BOTH.,#12975);
#12975 = SURFACE_SIDE_STYLE('',(#12976));
#12976 = SURFACE_STYLE_FILL_AREA(#12977);
#12977 = FILL_AREA_STYLE('',(#12978));
#12978 = FILL_AREA_STYLE_COLOUR('',#12579);
#12979 = STYLED_ITEM('color',(#12980),#3810);
#12980 = PRESENTATION_STYLE_ASSIGNMENT((#12981));
#12981 = SURFACE_STYLE_USAGE(.BOTH.,#12982);
#12982 = SURFACE_SIDE_STYLE('',(#12983));
#12983 = SURFACE_STYLE_FILL_AREA(#12984);
#12984 = FILL_AREA_STYLE('',(#12985));
#12985 = FILL_AREA_STYLE_COLOUR('',#12358);
#12986 = STYLED_ITEM('color',(#12987),#3822);
#12987 = PRESENTATION_STYLE_ASSIGNMENT((#12988));
#12988 = SURFACE_STYLE_USAGE(.BOTH.,#12989);
#12989 = SURFACE_SIDE_STYLE('',(#12990));
#12990 = SURFACE_STYLE_FILL_AREA(#12991);
#12991 = FILL_AREA_STYLE('',(#12992));
#12992 = FILL_AREA_STYLE_COLOUR('',#12358);
#12993 = STYLED_ITEM('color',(#12994),#3834);
#12994 = PRESENTATION_STYLE_ASSIGNMENT((#12995));
#12995 = SURFACE_STYLE_USAGE(.BOTH.,#12996);
#12996 = SURFACE_SIDE_STYLE('',(#12997));
#12997 = SURFACE_STYLE_FILL_AREA(#12998);
#12998 = FILL_AREA_STYLE('',(#12999));
#12999 = FILL_AREA_STYLE_COLOUR('',#12358);
#13000 = STYLED_ITEM('color',(#13001),#3846);
#13001 = PRESENTATION_STYLE_ASSIGNMENT((#13002));
#13002 = SURFACE_STYLE_USAGE(.BOTH.,#13003);
#13003 = SURFACE_SIDE_STYLE('',(#13004));
#13004 = SURFACE_STYLE_FILL_AREA(#13005);
#13005 = FILL_AREA_STYLE('',(#13006));
#13006 = FILL_AREA_STYLE_COLOUR('',#12358);
#13007 = STYLED_ITEM('color',(#13008),#3858);
#13008 = PRESENTATION_STYLE_ASSIGNMENT((#13009));
#13009 = SURFACE_STYLE_USAGE(.BOTH.,#13010);
#13010 = SURFACE_SIDE_STYLE('',(#13011));
#13011 = SURFACE_STYLE_FILL_AREA(#13012);
#13012 = FILL_AREA_STYLE('',(#13013));
#13013 = FILL_AREA_STYLE_COLOUR('',#12358);
#13014 = STYLED_ITEM('color',(#13015),#3870);
#13015 = PRESENTATION_STYLE_ASSIGNMENT((#13016));
#13016 = SURFACE_STYLE_USAGE(.BOTH.,#13017);
#13017 = SURFACE_SIDE_STYLE('',(#13018));
#13018 = SURFACE_STYLE_FILL_AREA(#13019);
#13019 = FILL_AREA_STYLE('',(#13020));
#13020 = FILL_AREA_STYLE_COLOUR('',#12358);
#13021 = STYLED_ITEM('color',(#13022),#3882);
#13022 = PRESENTATION_STYLE_ASSIGNMENT((#13023));
#13023 = SURFACE_STYLE_USAGE(.BOTH.,#13024);
#13024 = SURFACE_SIDE_STYLE('',(#13025));
#13025 = SURFACE_STYLE_FILL_AREA(#13026);
#13026 = FILL_AREA_STYLE('',(#13027));
#13027 = FILL_AREA_STYLE_COLOUR('',#12358);
#13028 = STYLED_ITEM('color',(#13029),#3894);
#13029 = PRESENTATION_STYLE_ASSIGNMENT((#13030));
#13030 = SURFACE_STYLE_USAGE(.BOTH.,#13031);
#13031 = SURFACE_SIDE_STYLE('',(#13032));
#13032 = SURFACE_STYLE_FILL_AREA(#13033);
#13033 = FILL_AREA_STYLE('',(#13034));
#13034 = FILL_AREA_STYLE_COLOUR('',#12358);
#13035 = STYLED_ITEM('color',(#13036),#3906);
#13036 = PRESENTATION_STYLE_ASSIGNMENT((#13037));
#13037 = SURFACE_STYLE_USAGE(.BOTH.,#13038);
#13038 = SURFACE_SIDE_STYLE('',(#13039));
#13039 = SURFACE_STYLE_FILL_AREA(#13040);
#13040 = FILL_AREA_STYLE('',(#13041));
#13041 = FILL_AREA_STYLE_COLOUR('',#12358);
#13042 = STYLED_ITEM('color',(#13043),#3918);
#13043 = PRESENTATION_STYLE_ASSIGNMENT((#13044));
#13044 = SURFACE_STYLE_USAGE(.BOTH.,#13045);
#13045 = SURFACE_SIDE_STYLE('',(#13046));
#13046 = SURFACE_STYLE_FILL_AREA(#13047);
#13047 = FILL_AREA_STYLE('',(#13048));
#13048 = FILL_AREA_STYLE_COLOUR('',#12358);
#13049 = STYLED_ITEM('color',(#13050),#3930);
#13050 = PRESENTATION_STYLE_ASSIGNMENT((#13051));
#13051 = SURFACE_STYLE_USAGE(.BOTH.,#13052);
#13052 = SURFACE_SIDE_STYLE('',(#13053));
#13053 = SURFACE_STYLE_FILL_AREA(#13054);
#13054 = FILL_AREA_STYLE('',(#13055));
#13055 = FILL_AREA_STYLE_COLOUR('',#12358);
#13056 = STYLED_ITEM('color',(#13057),#3942);
#13057 = PRESENTATION_STYLE_ASSIGNMENT((#13058));
#13058 = SURFACE_STYLE_USAGE(.BOTH.,#13059);
#13059 = SURFACE_SIDE_STYLE('',(#13060));
#13060 = SURFACE_STYLE_FILL_AREA(#13061);
#13061 = FILL_AREA_STYLE('',(#13062));
#13062 = FILL_AREA_STYLE_COLOUR('',#12358);
#13063 = STYLED_ITEM('color',(#13064),#3954);
#13064 = PRESENTATION_STYLE_ASSIGNMENT((#13065));
#13065 = SURFACE_STYLE_USAGE(.BOTH.,#13066);
#13066 = SURFACE_SIDE_STYLE('',(#13067));
#13067 = SURFACE_STYLE_FILL_AREA(#13068);
#13068 = FILL_AREA_STYLE('',(#13069));
#13069 = FILL_AREA_STYLE_COLOUR('',#12358);
#13070 = STYLED_ITEM('color',(#13071),#3966);
#13071 = PRESENTATION_STYLE_ASSIGNMENT((#13072));
#13072 = SURFACE_STYLE_USAGE(.BOTH.,#13073);
#13073 = SURFACE_SIDE_STYLE('',(#13074));
#13074 = SURFACE_STYLE_FILL_AREA(#13075);
#13075 = FILL_AREA_STYLE('',(#13076));
#13076 = FILL_AREA_STYLE_COLOUR('',#13077);
#13077 = COLOUR_RGB('',0.690999977303,0.663999984767,0.597999987832);
#13078 = STYLED_ITEM('color',(#13079),#3991);
#13079 = PRESENTATION_STYLE_ASSIGNMENT((#13080));
#13080 = SURFACE_STYLE_USAGE(.BOTH.,#13081);
#13081 = SURFACE_SIDE_STYLE('',(#13082));
#13082 = SURFACE_STYLE_FILL_AREA(#13083);
#13083 = FILL_AREA_STYLE('',(#13084));
#13084 = FILL_AREA_STYLE_COLOUR('',#13077);
#13085 = MECHANICAL_DESIGN_GEOMETRIC_PRESENTATION_REPRESENTATION('',(
    #13086),#12339);
#13086 = STYLED_ITEM('color',(#13087),#11799);
#13087 = PRESENTATION_STYLE_ASSIGNMENT((#13088));
#13088 = SURFACE_STYLE_USAGE(.BOTH.,#13089);
#13089 = SURFACE_SIDE_STYLE('',(#13090));
#13090 = SURFACE_STYLE_FILL_AREA(#13091);
#13091 = FILL_AREA_STYLE('',(#13092));
#13092 = FILL_AREA_STYLE_COLOUR('',#13093);
#13093 = COLOUR_RGB('',0.313304153717,0.484529207832,0.410020903123);
#13094 = MECHANICAL_DESIGN_GEOMETRIC_PRESENTATION_REPRESENTATION('',(
    #13095,#13103,#13110,#13117,#13124,#13131,#13138,#13145,#13152,
    #13159,#13166,#13173,#13180,#13187,#13194,#13201,#13208,#13215,
    #13222,#13229,#13236,#13243,#13250,#13257,#13264,#13271,#13278,
    #13285,#13292,#13299,#13306,#13313,#13320,#13327,#13334,#13341,
    #13348,#13355,#13362,#13369,#13376,#13383,#13390,#13397,#13404,
    #13411,#13418,#13425,#13432,#13439,#13446,#13453,#13460,#13467,
    #13474,#13481,#13488,#13495,#13502,#13509,#13516,#13523,#13530,
    #13537,#13544,#13551,#13558,#13565,#13572,#13579,#13586,#13593,
    #13600,#13607,#13614,#13621,#13628,#13635,#13642,#13649,#13657,
    #13664,#13671,#13678,#13685,#13692,#13699,#13706,#13713,#13720,
    #13727,#13734,#13741,#13748,#13755,#13762,#13769,#13776,#13783,
    #13790,#13797,#13804,#13811,#13818,#13825,#13832,#13839,#13846,
    #13853,#13860,#13867,#13874,#13881,#13888,#13895,#13902,#13909,
    #13916,#13923,#13930,#13937,#13944,#13951,#13958,#13965,#13972,
    #13979,#13986,#13993,#14000,#14007,#14014,#14021,#14028,#14035,
    #14042,#14049,#14056,#14063,#14070,#14077,#14084,#14091,#14098,
    #14105,#14112,#14119,#14126,#14133,#14140,#14147,#14154,#14161,
    #14168,#14175,#14182,#14189,#14196,#14203,#14210,#14217,#14224,
    #14231,#14238,#14245,#14252,#14259,#14266,#14273,#14280,#14287,
    #14294,#14301,#14308,#14315,#14322,#14329,#14336,#14343,#14350,
    #14357,#14364,#14371,#14378,#14385,#14392,#14399,#14406,#14413,
    #14420,#14427,#14434,#14441,#14448,#14455,#14462,#14469,#14476,
    #14483,#14490,#14497,#14504,#14511,#14518,#14525,#14532,#14539,
    #14546,#14553,#14560,#14567,#14574,#14581,#14588,#14595,#14602,
    #14609,#14616,#14623,#14630,#14637,#14644,#14651,#14658,#14665,
    #14672,#14679,#14686,#14693,#14700,#14707,#14714,#14721,#14728,
    #14735,#14742,#14749,#14756,#14763,#14770,#14777,#14784,#14791,
    #14798,#14805,#14812,#14819,#14826,#14833,#14840,#14847,#14854,
    #14861,#14868,#14875,#14882,#14889,#14896,#14903,#14910,#14917),
  #11770);
#13095 = STYLED_ITEM('color',(#13096),#4044);
#13096 = PRESENTATION_STYLE_ASSIGNMENT((#13097));
#13097 = SURFACE_STYLE_USAGE(.BOTH.,#13098);
#13098 = SURFACE_SIDE_STYLE('',(#13099));
#13099 = SURFACE_STYLE_FILL_AREA(#13100);
#13100 = FILL_AREA_STYLE('',(#13101));
#13101 = FILL_AREA_STYLE_COLOUR('',#13102);
#13102 = COLOUR_RGB('',0.894117649055,0.890196087049,0.811764731185);
#13103 = STYLED_ITEM('color',(#13104),#4084);
#13104 = PRESENTATION_STYLE_ASSIGNMENT((#13105));
#13105 = SURFACE_STYLE_USAGE(.BOTH.,#13106);
#13106 = SURFACE_SIDE_STYLE('',(#13107));
#13107 = SURFACE_STYLE_FILL_AREA(#13108);
#13108 = FILL_AREA_STYLE('',(#13109));
#13109 = FILL_AREA_STYLE_COLOUR('',#13102);
#13110 = STYLED_ITEM('color',(#13111),#4148);
#13111 = PRESENTATION_STYLE_ASSIGNMENT((#13112));
#13112 = SURFACE_STYLE_USAGE(.BOTH.,#13113);
#13113 = SURFACE_SIDE_STYLE('',(#13114));
#13114 = SURFACE_STYLE_FILL_AREA(#13115);
#13115 = FILL_AREA_STYLE('',(#13116));
#13116 = FILL_AREA_STYLE_COLOUR('',#13102);
#13117 = STYLED_ITEM('color',(#13118),#4428);
#13118 = PRESENTATION_STYLE_ASSIGNMENT((#13119));
#13119 = SURFACE_STYLE_USAGE(.BOTH.,#13120);
#13120 = SURFACE_SIDE_STYLE('',(#13121));
#13121 = SURFACE_STYLE_FILL_AREA(#13122);
#13122 = FILL_AREA_STYLE('',(#13123));
#13123 = FILL_AREA_STYLE_COLOUR('',#13102);
#13124 = STYLED_ITEM('color',(#13125),#4468);
#13125 = PRESENTATION_STYLE_ASSIGNMENT((#13126));
#13126 = SURFACE_STYLE_USAGE(.BOTH.,#13127);
#13127 = SURFACE_SIDE_STYLE('',(#13128));
#13128 = SURFACE_STYLE_FILL_AREA(#13129);
#13129 = FILL_AREA_STYLE('',(#13130));
#13130 = FILL_AREA_STYLE_COLOUR('',#13102);
#13131 = STYLED_ITEM('color',(#13132),#4871);
#13132 = PRESENTATION_STYLE_ASSIGNMENT((#13133));
#13133 = SURFACE_STYLE_USAGE(.BOTH.,#13134);
#13134 = SURFACE_SIDE_STYLE('',(#13135));
#13135 = SURFACE_STYLE_FILL_AREA(#13136);
#13136 = FILL_AREA_STYLE('',(#13137));
#13137 = FILL_AREA_STYLE_COLOUR('',#13102);
#13138 = STYLED_ITEM('color',(#13139),#4911);
#13139 = PRESENTATION_STYLE_ASSIGNMENT((#13140));
#13140 = SURFACE_STYLE_USAGE(.BOTH.,#13141);
#13141 = SURFACE_SIDE_STYLE('',(#13142));
#13142 = SURFACE_STYLE_FILL_AREA(#13143);
#13143 = FILL_AREA_STYLE('',(#13144));
#13144 = FILL_AREA_STYLE_COLOUR('',#13102);
#13145 = STYLED_ITEM('color',(#13146),#4935);
#13146 = PRESENTATION_STYLE_ASSIGNMENT((#13147));
#13147 = SURFACE_STYLE_USAGE(.BOTH.,#13148);
#13148 = SURFACE_SIDE_STYLE('',(#13149));
#13149 = SURFACE_STYLE_FILL_AREA(#13150);
#13150 = FILL_AREA_STYLE('',(#13151));
#13151 = FILL_AREA_STYLE_COLOUR('',#13102);
#13152 = STYLED_ITEM('color',(#13153),#4960);
#13153 = PRESENTATION_STYLE_ASSIGNMENT((#13154));
#13154 = SURFACE_STYLE_USAGE(.BOTH.,#13155);
#13155 = SURFACE_SIDE_STYLE('',(#13156));
#13156 = SURFACE_STYLE_FILL_AREA(#13157);
#13157 = FILL_AREA_STYLE('',(#13158));
#13158 = FILL_AREA_STYLE_COLOUR('',#13102);
#13159 = STYLED_ITEM('color',(#13160),#4984);
#13160 = PRESENTATION_STYLE_ASSIGNMENT((#13161));
#13161 = SURFACE_STYLE_USAGE(.BOTH.,#13162);
#13162 = SURFACE_SIDE_STYLE('',(#13163));
#13163 = SURFACE_STYLE_FILL_AREA(#13164);
#13164 = FILL_AREA_STYLE('',(#13165));
#13165 = FILL_AREA_STYLE_COLOUR('',#13102);
#13166 = STYLED_ITEM('color',(#13167),#5033);
#13167 = PRESENTATION_STYLE_ASSIGNMENT((#13168));
#13168 = SURFACE_STYLE_USAGE(.BOTH.,#13169);
#13169 = SURFACE_SIDE_STYLE('',(#13170));
#13170 = SURFACE_STYLE_FILL_AREA(#13171);
#13171 = FILL_AREA_STYLE('',(#13172));
#13172 = FILL_AREA_STYLE_COLOUR('',#13102);
#13173 = STYLED_ITEM('color',(#13174),#5055);
#13174 = PRESENTATION_STYLE_ASSIGNMENT((#13175));
#13175 = SURFACE_STYLE_USAGE(.BOTH.,#13176);
#13176 = SURFACE_SIDE_STYLE('',(#13177));
#13177 = SURFACE_STYLE_FILL_AREA(#13178);
#13178 = FILL_AREA_STYLE('',(#13179));
#13179 = FILL_AREA_STYLE_COLOUR('',#13102);
#13180 = STYLED_ITEM('color',(#13181),#5088);
#13181 = PRESENTATION_STYLE_ASSIGNMENT((#13182));
#13182 = SURFACE_STYLE_USAGE(.BOTH.,#13183);
#13183 = SURFACE_SIDE_STYLE('',(#13184));
#13184 = SURFACE_STYLE_FILL_AREA(#13185);
#13185 = FILL_AREA_STYLE('',(#13186));
#13186 = FILL_AREA_STYLE_COLOUR('',#13102);
#13187 = STYLED_ITEM('color',(#13188),#5112);
#13188 = PRESENTATION_STYLE_ASSIGNMENT((#13189));
#13189 = SURFACE_STYLE_USAGE(.BOTH.,#13190);
#13190 = SURFACE_SIDE_STYLE('',(#13191));
#13191 = SURFACE_STYLE_FILL_AREA(#13192);
#13192 = FILL_AREA_STYLE('',(#13193));
#13193 = FILL_AREA_STYLE_COLOUR('',#13102);
#13194 = STYLED_ITEM('color',(#13195),#5143);
#13195 = PRESENTATION_STYLE_ASSIGNMENT((#13196));
#13196 = SURFACE_STYLE_USAGE(.BOTH.,#13197);
#13197 = SURFACE_SIDE_STYLE('',(#13198));
#13198 = SURFACE_STYLE_FILL_AREA(#13199);
#13199 = FILL_AREA_STYLE('',(#13200));
#13200 = FILL_AREA_STYLE_COLOUR('',#13102);
#13201 = STYLED_ITEM('color',(#13202),#5160);
#13202 = PRESENTATION_STYLE_ASSIGNMENT((#13203));
#13203 = SURFACE_STYLE_USAGE(.BOTH.,#13204);
#13204 = SURFACE_SIDE_STYLE('',(#13205));
#13205 = SURFACE_STYLE_FILL_AREA(#13206);
#13206 = FILL_AREA_STYLE('',(#13207));
#13207 = FILL_AREA_STYLE_COLOUR('',#13102);
#13208 = STYLED_ITEM('color',(#13209),#5193);
#13209 = PRESENTATION_STYLE_ASSIGNMENT((#13210));
#13210 = SURFACE_STYLE_USAGE(.BOTH.,#13211);
#13211 = SURFACE_SIDE_STYLE('',(#13212));
#13212 = SURFACE_STYLE_FILL_AREA(#13213);
#13213 = FILL_AREA_STYLE('',(#13214));
#13214 = FILL_AREA_STYLE_COLOUR('',#13102);
#13215 = STYLED_ITEM('color',(#13216),#5217);
#13216 = PRESENTATION_STYLE_ASSIGNMENT((#13217));
#13217 = SURFACE_STYLE_USAGE(.BOTH.,#13218);
#13218 = SURFACE_SIDE_STYLE('',(#13219));
#13219 = SURFACE_STYLE_FILL_AREA(#13220);
#13220 = FILL_AREA_STYLE('',(#13221));
#13221 = FILL_AREA_STYLE_COLOUR('',#13102);
#13222 = STYLED_ITEM('color',(#13223),#5248);
#13223 = PRESENTATION_STYLE_ASSIGNMENT((#13224));
#13224 = SURFACE_STYLE_USAGE(.BOTH.,#13225);
#13225 = SURFACE_SIDE_STYLE('',(#13226));
#13226 = SURFACE_STYLE_FILL_AREA(#13227);
#13227 = FILL_AREA_STYLE('',(#13228));
#13228 = FILL_AREA_STYLE_COLOUR('',#13102);
#13229 = STYLED_ITEM('color',(#13230),#5265);
#13230 = PRESENTATION_STYLE_ASSIGNMENT((#13231));
#13231 = SURFACE_STYLE_USAGE(.BOTH.,#13232);
#13232 = SURFACE_SIDE_STYLE('',(#13233));
#13233 = SURFACE_STYLE_FILL_AREA(#13234);
#13234 = FILL_AREA_STYLE('',(#13235));
#13235 = FILL_AREA_STYLE_COLOUR('',#13102);
#13236 = STYLED_ITEM('color',(#13237),#5298);
#13237 = PRESENTATION_STYLE_ASSIGNMENT((#13238));
#13238 = SURFACE_STYLE_USAGE(.BOTH.,#13239);
#13239 = SURFACE_SIDE_STYLE('',(#13240));
#13240 = SURFACE_STYLE_FILL_AREA(#13241);
#13241 = FILL_AREA_STYLE('',(#13242));
#13242 = FILL_AREA_STYLE_COLOUR('',#13102);
#13243 = STYLED_ITEM('color',(#13244),#5322);
#13244 = PRESENTATION_STYLE_ASSIGNMENT((#13245));
#13245 = SURFACE_STYLE_USAGE(.BOTH.,#13246);
#13246 = SURFACE_SIDE_STYLE('',(#13247));
#13247 = SURFACE_STYLE_FILL_AREA(#13248);
#13248 = FILL_AREA_STYLE('',(#13249));
#13249 = FILL_AREA_STYLE_COLOUR('',#13102);
#13250 = STYLED_ITEM('color',(#13251),#5353);
#13251 = PRESENTATION_STYLE_ASSIGNMENT((#13252));
#13252 = SURFACE_STYLE_USAGE(.BOTH.,#13253);
#13253 = SURFACE_SIDE_STYLE('',(#13254));
#13254 = SURFACE_STYLE_FILL_AREA(#13255);
#13255 = FILL_AREA_STYLE('',(#13256));
#13256 = FILL_AREA_STYLE_COLOUR('',#13102);
#13257 = STYLED_ITEM('color',(#13258),#5370);
#13258 = PRESENTATION_STYLE_ASSIGNMENT((#13259));
#13259 = SURFACE_STYLE_USAGE(.BOTH.,#13260);
#13260 = SURFACE_SIDE_STYLE('',(#13261));
#13261 = SURFACE_STYLE_FILL_AREA(#13262);
#13262 = FILL_AREA_STYLE('',(#13263));
#13263 = FILL_AREA_STYLE_COLOUR('',#13102);
#13264 = STYLED_ITEM('color',(#13265),#5403);
#13265 = PRESENTATION_STYLE_ASSIGNMENT((#13266));
#13266 = SURFACE_STYLE_USAGE(.BOTH.,#13267);
#13267 = SURFACE_SIDE_STYLE('',(#13268));
#13268 = SURFACE_STYLE_FILL_AREA(#13269);
#13269 = FILL_AREA_STYLE('',(#13270));
#13270 = FILL_AREA_STYLE_COLOUR('',#13102);
#13271 = STYLED_ITEM('color',(#13272),#5427);
#13272 = PRESENTATION_STYLE_ASSIGNMENT((#13273));
#13273 = SURFACE_STYLE_USAGE(.BOTH.,#13274);
#13274 = SURFACE_SIDE_STYLE('',(#13275));
#13275 = SURFACE_STYLE_FILL_AREA(#13276);
#13276 = FILL_AREA_STYLE('',(#13277));
#13277 = FILL_AREA_STYLE_COLOUR('',#13102);
#13278 = STYLED_ITEM('color',(#13279),#5458);
#13279 = PRESENTATION_STYLE_ASSIGNMENT((#13280));
#13280 = SURFACE_STYLE_USAGE(.BOTH.,#13281);
#13281 = SURFACE_SIDE_STYLE('',(#13282));
#13282 = SURFACE_STYLE_FILL_AREA(#13283);
#13283 = FILL_AREA_STYLE('',(#13284));
#13284 = FILL_AREA_STYLE_COLOUR('',#13102);
#13285 = STYLED_ITEM('color',(#13286),#5475);
#13286 = PRESENTATION_STYLE_ASSIGNMENT((#13287));
#13287 = SURFACE_STYLE_USAGE(.BOTH.,#13288);
#13288 = SURFACE_SIDE_STYLE('',(#13289));
#13289 = SURFACE_STYLE_FILL_AREA(#13290);
#13290 = FILL_AREA_STYLE('',(#13291));
#13291 = FILL_AREA_STYLE_COLOUR('',#13102);
#13292 = STYLED_ITEM('color',(#13293),#5508);
#13293 = PRESENTATION_STYLE_ASSIGNMENT((#13294));
#13294 = SURFACE_STYLE_USAGE(.BOTH.,#13295);
#13295 = SURFACE_SIDE_STYLE('',(#13296));
#13296 = SURFACE_STYLE_FILL_AREA(#13297);
#13297 = FILL_AREA_STYLE('',(#13298));
#13298 = FILL_AREA_STYLE_COLOUR('',#13102);
#13299 = STYLED_ITEM('color',(#13300),#5532);
#13300 = PRESENTATION_STYLE_ASSIGNMENT((#13301));
#13301 = SURFACE_STYLE_USAGE(.BOTH.,#13302);
#13302 = SURFACE_SIDE_STYLE('',(#13303));
#13303 = SURFACE_STYLE_FILL_AREA(#13304);
#13304 = FILL_AREA_STYLE('',(#13305));
#13305 = FILL_AREA_STYLE_COLOUR('',#13102);
#13306 = STYLED_ITEM('color',(#13307),#5563);
#13307 = PRESENTATION_STYLE_ASSIGNMENT((#13308));
#13308 = SURFACE_STYLE_USAGE(.BOTH.,#13309);
#13309 = SURFACE_SIDE_STYLE('',(#13310));
#13310 = SURFACE_STYLE_FILL_AREA(#13311);
#13311 = FILL_AREA_STYLE('',(#13312));
#13312 = FILL_AREA_STYLE_COLOUR('',#13102);
#13313 = STYLED_ITEM('color',(#13314),#5580);
#13314 = PRESENTATION_STYLE_ASSIGNMENT((#13315));
#13315 = SURFACE_STYLE_USAGE(.BOTH.,#13316);
#13316 = SURFACE_SIDE_STYLE('',(#13317));
#13317 = SURFACE_STYLE_FILL_AREA(#13318);
#13318 = FILL_AREA_STYLE('',(#13319));
#13319 = FILL_AREA_STYLE_COLOUR('',#13102);
#13320 = STYLED_ITEM('color',(#13321),#5613);
#13321 = PRESENTATION_STYLE_ASSIGNMENT((#13322));
#13322 = SURFACE_STYLE_USAGE(.BOTH.,#13323);
#13323 = SURFACE_SIDE_STYLE('',(#13324));
#13324 = SURFACE_STYLE_FILL_AREA(#13325);
#13325 = FILL_AREA_STYLE('',(#13326));
#13326 = FILL_AREA_STYLE_COLOUR('',#13102);
#13327 = STYLED_ITEM('color',(#13328),#5637);
#13328 = PRESENTATION_STYLE_ASSIGNMENT((#13329));
#13329 = SURFACE_STYLE_USAGE(.BOTH.,#13330);
#13330 = SURFACE_SIDE_STYLE('',(#13331));
#13331 = SURFACE_STYLE_FILL_AREA(#13332);
#13332 = FILL_AREA_STYLE('',(#13333));
#13333 = FILL_AREA_STYLE_COLOUR('',#13102);
#13334 = STYLED_ITEM('color',(#13335),#5668);
#13335 = PRESENTATION_STYLE_ASSIGNMENT((#13336));
#13336 = SURFACE_STYLE_USAGE(.BOTH.,#13337);
#13337 = SURFACE_SIDE_STYLE('',(#13338));
#13338 = SURFACE_STYLE_FILL_AREA(#13339);
#13339 = FILL_AREA_STYLE('',(#13340));
#13340 = FILL_AREA_STYLE_COLOUR('',#13102);
#13341 = STYLED_ITEM('color',(#13342),#5685);
#13342 = PRESENTATION_STYLE_ASSIGNMENT((#13343));
#13343 = SURFACE_STYLE_USAGE(.BOTH.,#13344);
#13344 = SURFACE_SIDE_STYLE('',(#13345));
#13345 = SURFACE_STYLE_FILL_AREA(#13346);
#13346 = FILL_AREA_STYLE('',(#13347));
#13347 = FILL_AREA_STYLE_COLOUR('',#13102);
#13348 = STYLED_ITEM('color',(#13349),#5718);
#13349 = PRESENTATION_STYLE_ASSIGNMENT((#13350));
#13350 = SURFACE_STYLE_USAGE(.BOTH.,#13351);
#13351 = SURFACE_SIDE_STYLE('',(#13352));
#13352 = SURFACE_STYLE_FILL_AREA(#13353);
#13353 = FILL_AREA_STYLE('',(#13354));
#13354 = FILL_AREA_STYLE_COLOUR('',#13102);
#13355 = STYLED_ITEM('color',(#13356),#5742);
#13356 = PRESENTATION_STYLE_ASSIGNMENT((#13357));
#13357 = SURFACE_STYLE_USAGE(.BOTH.,#13358);
#13358 = SURFACE_SIDE_STYLE('',(#13359));
#13359 = SURFACE_STYLE_FILL_AREA(#13360);
#13360 = FILL_AREA_STYLE('',(#13361));
#13361 = FILL_AREA_STYLE_COLOUR('',#13102);
#13362 = STYLED_ITEM('color',(#13363),#5773);
#13363 = PRESENTATION_STYLE_ASSIGNMENT((#13364));
#13364 = SURFACE_STYLE_USAGE(.BOTH.,#13365);
#13365 = SURFACE_SIDE_STYLE('',(#13366));
#13366 = SURFACE_STYLE_FILL_AREA(#13367);
#13367 = FILL_AREA_STYLE('',(#13368));
#13368 = FILL_AREA_STYLE_COLOUR('',#13102);
#13369 = STYLED_ITEM('color',(#13370),#5790);
#13370 = PRESENTATION_STYLE_ASSIGNMENT((#13371));
#13371 = SURFACE_STYLE_USAGE(.BOTH.,#13372);
#13372 = SURFACE_SIDE_STYLE('',(#13373));
#13373 = SURFACE_STYLE_FILL_AREA(#13374);
#13374 = FILL_AREA_STYLE('',(#13375));
#13375 = FILL_AREA_STYLE_COLOUR('',#13102);
#13376 = STYLED_ITEM('color',(#13377),#5823);
#13377 = PRESENTATION_STYLE_ASSIGNMENT((#13378));
#13378 = SURFACE_STYLE_USAGE(.BOTH.,#13379);
#13379 = SURFACE_SIDE_STYLE('',(#13380));
#13380 = SURFACE_STYLE_FILL_AREA(#13381);
#13381 = FILL_AREA_STYLE('',(#13382));
#13382 = FILL_AREA_STYLE_COLOUR('',#13102);
#13383 = STYLED_ITEM('color',(#13384),#5840);
#13384 = PRESENTATION_STYLE_ASSIGNMENT((#13385));
#13385 = SURFACE_STYLE_USAGE(.BOTH.,#13386);
#13386 = SURFACE_SIDE_STYLE('',(#13387));
#13387 = SURFACE_STYLE_FILL_AREA(#13388);
#13388 = FILL_AREA_STYLE('',(#13389));
#13389 = FILL_AREA_STYLE_COLOUR('',#13102);
#13390 = STYLED_ITEM('color',(#13391),#5883);
#13391 = PRESENTATION_STYLE_ASSIGNMENT((#13392));
#13392 = SURFACE_STYLE_USAGE(.BOTH.,#13393);
#13393 = SURFACE_SIDE_STYLE('',(#13394));
#13394 = SURFACE_STYLE_FILL_AREA(#13395);
#13395 = FILL_AREA_STYLE('',(#13396));
#13396 = FILL_AREA_STYLE_COLOUR('',#13102);
#13397 = STYLED_ITEM('color',(#13398),#5900);
#13398 = PRESENTATION_STYLE_ASSIGNMENT((#13399));
#13399 = SURFACE_STYLE_USAGE(.BOTH.,#13400);
#13400 = SURFACE_SIDE_STYLE('',(#13401));
#13401 = SURFACE_STYLE_FILL_AREA(#13402);
#13402 = FILL_AREA_STYLE('',(#13403));
#13403 = FILL_AREA_STYLE_COLOUR('',#13102);
#13404 = STYLED_ITEM('color',(#13405),#5946);
#13405 = PRESENTATION_STYLE_ASSIGNMENT((#13406));
#13406 = SURFACE_STYLE_USAGE(.BOTH.,#13407);
#13407 = SURFACE_SIDE_STYLE('',(#13408));
#13408 = SURFACE_STYLE_FILL_AREA(#13409);
#13409 = FILL_AREA_STYLE('',(#13410));
#13410 = FILL_AREA_STYLE_COLOUR('',#13102);
#13411 = STYLED_ITEM('color',(#13412),#5963);
#13412 = PRESENTATION_STYLE_ASSIGNMENT((#13413));
#13413 = SURFACE_STYLE_USAGE(.BOTH.,#13414);
#13414 = SURFACE_SIDE_STYLE('',(#13415));
#13415 = SURFACE_STYLE_FILL_AREA(#13416);
#13416 = FILL_AREA_STYLE('',(#13417));
#13417 = FILL_AREA_STYLE_COLOUR('',#13102);
#13418 = STYLED_ITEM('color',(#13419),#5980);
#13419 = PRESENTATION_STYLE_ASSIGNMENT((#13420));
#13420 = SURFACE_STYLE_USAGE(.BOTH.,#13421);
#13421 = SURFACE_SIDE_STYLE('',(#13422));
#13422 = SURFACE_STYLE_FILL_AREA(#13423);
#13423 = FILL_AREA_STYLE('',(#13424));
#13424 = FILL_AREA_STYLE_COLOUR('',#13102);
#13425 = STYLED_ITEM('color',(#13426),#5997);
#13426 = PRESENTATION_STYLE_ASSIGNMENT((#13427));
#13427 = SURFACE_STYLE_USAGE(.BOTH.,#13428);
#13428 = SURFACE_SIDE_STYLE('',(#13429));
#13429 = SURFACE_STYLE_FILL_AREA(#13430);
#13430 = FILL_AREA_STYLE('',(#13431));
#13431 = FILL_AREA_STYLE_COLOUR('',#13102);
#13432 = STYLED_ITEM('color',(#13433),#6014);
#13433 = PRESENTATION_STYLE_ASSIGNMENT((#13434));
#13434 = SURFACE_STYLE_USAGE(.BOTH.,#13435);
#13435 = SURFACE_SIDE_STYLE('',(#13436));
#13436 = SURFACE_STYLE_FILL_AREA(#13437);
#13437 = FILL_AREA_STYLE('',(#13438));
#13438 = FILL_AREA_STYLE_COLOUR('',#13102);
#13439 = STYLED_ITEM('color',(#13440),#6031);
#13440 = PRESENTATION_STYLE_ASSIGNMENT((#13441));
#13441 = SURFACE_STYLE_USAGE(.BOTH.,#13442);
#13442 = SURFACE_SIDE_STYLE('',(#13443));
#13443 = SURFACE_STYLE_FILL_AREA(#13444);
#13444 = FILL_AREA_STYLE('',(#13445));
#13445 = FILL_AREA_STYLE_COLOUR('',#13102);
#13446 = STYLED_ITEM('color',(#13447),#6048);
#13447 = PRESENTATION_STYLE_ASSIGNMENT((#13448));
#13448 = SURFACE_STYLE_USAGE(.BOTH.,#13449);
#13449 = SURFACE_SIDE_STYLE('',(#13450));
#13450 = SURFACE_STYLE_FILL_AREA(#13451);
#13451 = FILL_AREA_STYLE('',(#13452));
#13452 = FILL_AREA_STYLE_COLOUR('',#13102);
#13453 = STYLED_ITEM('color',(#13454),#6065);
#13454 = PRESENTATION_STYLE_ASSIGNMENT((#13455));
#13455 = SURFACE_STYLE_USAGE(.BOTH.,#13456);
#13456 = SURFACE_SIDE_STYLE('',(#13457));
#13457 = SURFACE_STYLE_FILL_AREA(#13458);
#13458 = FILL_AREA_STYLE('',(#13459));
#13459 = FILL_AREA_STYLE_COLOUR('',#13102);
#13460 = STYLED_ITEM('color',(#13461),#6128);
#13461 = PRESENTATION_STYLE_ASSIGNMENT((#13462));
#13462 = SURFACE_STYLE_USAGE(.BOTH.,#13463);
#13463 = SURFACE_SIDE_STYLE('',(#13464));
#13464 = SURFACE_STYLE_FILL_AREA(#13465);
#13465 = FILL_AREA_STYLE('',(#13466));
#13466 = FILL_AREA_STYLE_COLOUR('',#13102);
#13467 = STYLED_ITEM('color',(#13468),#6152);
#13468 = PRESENTATION_STYLE_ASSIGNMENT((#13469));
#13469 = SURFACE_STYLE_USAGE(.BOTH.,#13470);
#13470 = SURFACE_SIDE_STYLE('',(#13471));
#13471 = SURFACE_STYLE_FILL_AREA(#13472);
#13472 = FILL_AREA_STYLE('',(#13473));
#13473 = FILL_AREA_STYLE_COLOUR('',#13102);
#13474 = STYLED_ITEM('color',(#13475),#6199);
#13475 = PRESENTATION_STYLE_ASSIGNMENT((#13476));
#13476 = SURFACE_STYLE_USAGE(.BOTH.,#13477);
#13477 = SURFACE_SIDE_STYLE('',(#13478));
#13478 = SURFACE_STYLE_FILL_AREA(#13479);
#13479 = FILL_AREA_STYLE('',(#13480));
#13480 = FILL_AREA_STYLE_COLOUR('',#13102);
#13481 = STYLED_ITEM('color',(#13482),#6223);
#13482 = PRESENTATION_STYLE_ASSIGNMENT((#13483));
#13483 = SURFACE_STYLE_USAGE(.BOTH.,#13484);
#13484 = SURFACE_SIDE_STYLE('',(#13485));
#13485 = SURFACE_STYLE_FILL_AREA(#13486);
#13486 = FILL_AREA_STYLE('',(#13487));
#13487 = FILL_AREA_STYLE_COLOUR('',#13102);
#13488 = STYLED_ITEM('color',(#13489),#6247);
#13489 = PRESENTATION_STYLE_ASSIGNMENT((#13490));
#13490 = SURFACE_STYLE_USAGE(.BOTH.,#13491);
#13491 = SURFACE_SIDE_STYLE('',(#13492));
#13492 = SURFACE_STYLE_FILL_AREA(#13493);
#13493 = FILL_AREA_STYLE('',(#13494));
#13494 = FILL_AREA_STYLE_COLOUR('',#13102);
#13495 = STYLED_ITEM('color',(#13496),#6264);
#13496 = PRESENTATION_STYLE_ASSIGNMENT((#13497));
#13497 = SURFACE_STYLE_USAGE(.BOTH.,#13498);
#13498 = SURFACE_SIDE_STYLE('',(#13499));
#13499 = SURFACE_STYLE_FILL_AREA(#13500);
#13500 = FILL_AREA_STYLE('',(#13501));
#13501 = FILL_AREA_STYLE_COLOUR('',#13102);
#13502 = STYLED_ITEM('color',(#13503),#6281);
#13503 = PRESENTATION_STYLE_ASSIGNMENT((#13504));
#13504 = SURFACE_STYLE_USAGE(.BOTH.,#13505);
#13505 = SURFACE_SIDE_STYLE('',(#13506));
#13506 = SURFACE_STYLE_FILL_AREA(#13507);
#13507 = FILL_AREA_STYLE('',(#13508));
#13508 = FILL_AREA_STYLE_COLOUR('',#13102);
#13509 = STYLED_ITEM('color',(#13510),#6305);
#13510 = PRESENTATION_STYLE_ASSIGNMENT((#13511));
#13511 = SURFACE_STYLE_USAGE(.BOTH.,#13512);
#13512 = SURFACE_SIDE_STYLE('',(#13513));
#13513 = SURFACE_STYLE_FILL_AREA(#13514);
#13514 = FILL_AREA_STYLE('',(#13515));
#13515 = FILL_AREA_STYLE_COLOUR('',#13102);
#13516 = STYLED_ITEM('color',(#13517),#6329);
#13517 = PRESENTATION_STYLE_ASSIGNMENT((#13518));
#13518 = SURFACE_STYLE_USAGE(.BOTH.,#13519);
#13519 = SURFACE_SIDE_STYLE('',(#13520));
#13520 = SURFACE_STYLE_FILL_AREA(#13521);
#13521 = FILL_AREA_STYLE('',(#13522));
#13522 = FILL_AREA_STYLE_COLOUR('',#13102);
#13523 = STYLED_ITEM('color',(#13524),#6346);
#13524 = PRESENTATION_STYLE_ASSIGNMENT((#13525));
#13525 = SURFACE_STYLE_USAGE(.BOTH.,#13526);
#13526 = SURFACE_SIDE_STYLE('',(#13527));
#13527 = SURFACE_STYLE_FILL_AREA(#13528);
#13528 = FILL_AREA_STYLE('',(#13529));
#13529 = FILL_AREA_STYLE_COLOUR('',#13102);
#13530 = STYLED_ITEM('color',(#13531),#6377);
#13531 = PRESENTATION_STYLE_ASSIGNMENT((#13532));
#13532 = SURFACE_STYLE_USAGE(.BOTH.,#13533);
#13533 = SURFACE_SIDE_STYLE('',(#13534));
#13534 = SURFACE_STYLE_FILL_AREA(#13535);
#13535 = FILL_AREA_STYLE('',(#13536));
#13536 = FILL_AREA_STYLE_COLOUR('',#13102);
#13537 = STYLED_ITEM('color',(#13538),#6401);
#13538 = PRESENTATION_STYLE_ASSIGNMENT((#13539));
#13539 = SURFACE_STYLE_USAGE(.BOTH.,#13540);
#13540 = SURFACE_SIDE_STYLE('',(#13541));
#13541 = SURFACE_STYLE_FILL_AREA(#13542);
#13542 = FILL_AREA_STYLE('',(#13543));
#13543 = FILL_AREA_STYLE_COLOUR('',#13102);
#13544 = STYLED_ITEM('color',(#13545),#6425);
#13545 = PRESENTATION_STYLE_ASSIGNMENT((#13546));
#13546 = SURFACE_STYLE_USAGE(.BOTH.,#13547);
#13547 = SURFACE_SIDE_STYLE('',(#13548));
#13548 = SURFACE_STYLE_FILL_AREA(#13549);
#13549 = FILL_AREA_STYLE('',(#13550));
#13550 = FILL_AREA_STYLE_COLOUR('',#13102);
#13551 = STYLED_ITEM('color',(#13552),#6442);
#13552 = PRESENTATION_STYLE_ASSIGNMENT((#13553));
#13553 = SURFACE_STYLE_USAGE(.BOTH.,#13554);
#13554 = SURFACE_SIDE_STYLE('',(#13555));
#13555 = SURFACE_STYLE_FILL_AREA(#13556);
#13556 = FILL_AREA_STYLE('',(#13557));
#13557 = FILL_AREA_STYLE_COLOUR('',#13102);
#13558 = STYLED_ITEM('color',(#13559),#6477);
#13559 = PRESENTATION_STYLE_ASSIGNMENT((#13560));
#13560 = SURFACE_STYLE_USAGE(.BOTH.,#13561);
#13561 = SURFACE_SIDE_STYLE('',(#13562));
#13562 = SURFACE_STYLE_FILL_AREA(#13563);
#13563 = FILL_AREA_STYLE('',(#13564));
#13564 = FILL_AREA_STYLE_COLOUR('',#13102);
#13565 = STYLED_ITEM('color',(#13566),#6517);
#13566 = PRESENTATION_STYLE_ASSIGNMENT((#13567));
#13567 = SURFACE_STYLE_USAGE(.BOTH.,#13568);
#13568 = SURFACE_SIDE_STYLE('',(#13569));
#13569 = SURFACE_STYLE_FILL_AREA(#13570);
#13570 = FILL_AREA_STYLE('',(#13571));
#13571 = FILL_AREA_STYLE_COLOUR('',#13102);
#13572 = STYLED_ITEM('color',(#13573),#6541);
#13573 = PRESENTATION_STYLE_ASSIGNMENT((#13574));
#13574 = SURFACE_STYLE_USAGE(.BOTH.,#13575);
#13575 = SURFACE_SIDE_STYLE('',(#13576));
#13576 = SURFACE_STYLE_FILL_AREA(#13577);
#13577 = FILL_AREA_STYLE('',(#13578));
#13578 = FILL_AREA_STYLE_COLOUR('',#13102);
#13579 = STYLED_ITEM('color',(#13580),#6582);
#13580 = PRESENTATION_STYLE_ASSIGNMENT((#13581));
#13581 = SURFACE_STYLE_USAGE(.BOTH.,#13582);
#13582 = SURFACE_SIDE_STYLE('',(#13583));
#13583 = SURFACE_STYLE_FILL_AREA(#13584);
#13584 = FILL_AREA_STYLE('',(#13585));
#13585 = FILL_AREA_STYLE_COLOUR('',#13102);
#13586 = STYLED_ITEM('color',(#13587),#6823);
#13587 = PRESENTATION_STYLE_ASSIGNMENT((#13588));
#13588 = SURFACE_STYLE_USAGE(.BOTH.,#13589);
#13589 = SURFACE_SIDE_STYLE('',(#13590));
#13590 = SURFACE_STYLE_FILL_AREA(#13591);
#13591 = FILL_AREA_STYLE('',(#13592));
#13592 = FILL_AREA_STYLE_COLOUR('',#13102);
#13593 = STYLED_ITEM('color',(#13594),#6869);
#13594 = PRESENTATION_STYLE_ASSIGNMENT((#13595));
#13595 = SURFACE_STYLE_USAGE(.BOTH.,#13596);
#13596 = SURFACE_SIDE_STYLE('',(#13597));
#13597 = SURFACE_STYLE_FILL_AREA(#13598);
#13598 = FILL_AREA_STYLE('',(#13599));
#13599 = FILL_AREA_STYLE_COLOUR('',#13102);
#13600 = STYLED_ITEM('color',(#13601),#6915);
#13601 = PRESENTATION_STYLE_ASSIGNMENT((#13602));
#13602 = SURFACE_STYLE_USAGE(.BOTH.,#13603);
#13603 = SURFACE_SIDE_STYLE('',(#13604));
#13604 = SURFACE_STYLE_FILL_AREA(#13605);
#13605 = FILL_AREA_STYLE('',(#13606));
#13606 = FILL_AREA_STYLE_COLOUR('',#13102);
#13607 = STYLED_ITEM('color',(#13608),#6961);
#13608 = PRESENTATION_STYLE_ASSIGNMENT((#13609));
#13609 = SURFACE_STYLE_USAGE(.BOTH.,#13610);
#13610 = SURFACE_SIDE_STYLE('',(#13611));
#13611 = SURFACE_STYLE_FILL_AREA(#13612);
#13612 = FILL_AREA_STYLE('',(#13613));
#13613 = FILL_AREA_STYLE_COLOUR('',#13102);
#13614 = STYLED_ITEM('color',(#13615),#7007);
#13615 = PRESENTATION_STYLE_ASSIGNMENT((#13616));
#13616 = SURFACE_STYLE_USAGE(.BOTH.,#13617);
#13617 = SURFACE_SIDE_STYLE('',(#13618));
#13618 = SURFACE_STYLE_FILL_AREA(#13619);
#13619 = FILL_AREA_STYLE('',(#13620));
#13620 = FILL_AREA_STYLE_COLOUR('',#13102);
#13621 = STYLED_ITEM('color',(#13622),#7053);
#13622 = PRESENTATION_STYLE_ASSIGNMENT((#13623));
#13623 = SURFACE_STYLE_USAGE(.BOTH.,#13624);
#13624 = SURFACE_SIDE_STYLE('',(#13625));
#13625 = SURFACE_STYLE_FILL_AREA(#13626);
#13626 = FILL_AREA_STYLE('',(#13627));
#13627 = FILL_AREA_STYLE_COLOUR('',#13102);
#13628 = STYLED_ITEM('color',(#13629),#7099);
#13629 = PRESENTATION_STYLE_ASSIGNMENT((#13630));
#13630 = SURFACE_STYLE_USAGE(.BOTH.,#13631);
#13631 = SURFACE_SIDE_STYLE('',(#13632));
#13632 = SURFACE_STYLE_FILL_AREA(#13633);
#13633 = FILL_AREA_STYLE('',(#13634));
#13634 = FILL_AREA_STYLE_COLOUR('',#13102);
#13635 = STYLED_ITEM('color',(#13636),#7145);
#13636 = PRESENTATION_STYLE_ASSIGNMENT((#13637));
#13637 = SURFACE_STYLE_USAGE(.BOTH.,#13638);
#13638 = SURFACE_SIDE_STYLE('',(#13639));
#13639 = SURFACE_STYLE_FILL_AREA(#13640);
#13640 = FILL_AREA_STYLE('',(#13641));
#13641 = FILL_AREA_STYLE_COLOUR('',#13102);
#13642 = STYLED_ITEM('color',(#13643),#7162);
#13643 = PRESENTATION_STYLE_ASSIGNMENT((#13644));
#13644 = SURFACE_STYLE_USAGE(.BOTH.,#13645);
#13645 = SURFACE_SIDE_STYLE('',(#13646));
#13646 = SURFACE_STYLE_FILL_AREA(#13647);
#13647 = FILL_AREA_STYLE('',(#13648));
#13648 = FILL_AREA_STYLE_COLOUR('',#13102);
#13649 = STYLED_ITEM('color',(#13650),#7174);
#13650 = PRESENTATION_STYLE_ASSIGNMENT((#13651));
#13651 = SURFACE_STYLE_USAGE(.BOTH.,#13652);
#13652 = SURFACE_SIDE_STYLE('',(#13653));
#13653 = SURFACE_STYLE_FILL_AREA(#13654);
#13654 = FILL_AREA_STYLE('',(#13655));
#13655 = FILL_AREA_STYLE_COLOUR('',#13656);
#13656 = COLOUR_RGB('',0.823529417451,0.819607860991,0.780392170416);
#13657 = STYLED_ITEM('color',(#13658),#7237);
#13658 = PRESENTATION_STYLE_ASSIGNMENT((#13659));
#13659 = SURFACE_STYLE_USAGE(.BOTH.,#13660);
#13660 = SURFACE_SIDE_STYLE('',(#13661));
#13661 = SURFACE_STYLE_FILL_AREA(#13662);
#13662 = FILL_AREA_STYLE('',(#13663));
#13663 = FILL_AREA_STYLE_COLOUR('',#13656);
#13664 = STYLED_ITEM('color',(#13665),#7261);
#13665 = PRESENTATION_STYLE_ASSIGNMENT((#13666));
#13666 = SURFACE_STYLE_USAGE(.BOTH.,#13667);
#13667 = SURFACE_SIDE_STYLE('',(#13668));
#13668 = SURFACE_STYLE_FILL_AREA(#13669);
#13669 = FILL_AREA_STYLE('',(#13670));
#13670 = FILL_AREA_STYLE_COLOUR('',#13656);
#13671 = STYLED_ITEM('color',(#13672),#7317);
#13672 = PRESENTATION_STYLE_ASSIGNMENT((#13673));
#13673 = SURFACE_STYLE_USAGE(.BOTH.,#13674);
#13674 = SURFACE_SIDE_STYLE('',(#13675));
#13675 = SURFACE_STYLE_FILL_AREA(#13676);
#13676 = FILL_AREA_STYLE('',(#13677));
#13677 = FILL_AREA_STYLE_COLOUR('',#13656);
#13678 = STYLED_ITEM('color',(#13679),#7334);
#13679 = PRESENTATION_STYLE_ASSIGNMENT((#13680));
#13680 = SURFACE_STYLE_USAGE(.BOTH.,#13681);
#13681 = SURFACE_SIDE_STYLE('',(#13682));
#13682 = SURFACE_STYLE_FILL_AREA(#13683);
#13683 = FILL_AREA_STYLE('',(#13684));
#13684 = FILL_AREA_STYLE_COLOUR('',#13102);
#13685 = STYLED_ITEM('color',(#13686),#7346);
#13686 = PRESENTATION_STYLE_ASSIGNMENT((#13687));
#13687 = SURFACE_STYLE_USAGE(.BOTH.,#13688);
#13688 = SURFACE_SIDE_STYLE('',(#13689));
#13689 = SURFACE_STYLE_FILL_AREA(#13690);
#13690 = FILL_AREA_STYLE('',(#13691));
#13691 = FILL_AREA_STYLE_COLOUR('',#13102);
#13692 = STYLED_ITEM('color',(#13693),#7791);
#13693 = PRESENTATION_STYLE_ASSIGNMENT((#13694));
#13694 = SURFACE_STYLE_USAGE(.BOTH.,#13695);
#13695 = SURFACE_SIDE_STYLE('',(#13696));
#13696 = SURFACE_STYLE_FILL_AREA(#13697);
#13697 = FILL_AREA_STYLE('',(#13698));
#13698 = FILL_AREA_STYLE_COLOUR('',#13102);
#13699 = STYLED_ITEM('color',(#13700),#7815);
#13700 = PRESENTATION_STYLE_ASSIGNMENT((#13701));
#13701 = SURFACE_STYLE_USAGE(.BOTH.,#13702);
#13702 = SURFACE_SIDE_STYLE('',(#13703));
#13703 = SURFACE_STYLE_FILL_AREA(#13704);
#13704 = FILL_AREA_STYLE('',(#13705));
#13705 = FILL_AREA_STYLE_COLOUR('',#13102);
#13706 = STYLED_ITEM('color',(#13707),#7839);
#13707 = PRESENTATION_STYLE_ASSIGNMENT((#13708));
#13708 = SURFACE_STYLE_USAGE(.BOTH.,#13709);
#13709 = SURFACE_SIDE_STYLE('',(#13710));
#13710 = SURFACE_STYLE_FILL_AREA(#13711);
#13711 = FILL_AREA_STYLE('',(#13712));
#13712 = FILL_AREA_STYLE_COLOUR('',#13102);
#13713 = STYLED_ITEM('color',(#13714),#7856);
#13714 = PRESENTATION_STYLE_ASSIGNMENT((#13715));
#13715 = SURFACE_STYLE_USAGE(.BOTH.,#13716);
#13716 = SURFACE_SIDE_STYLE('',(#13717));
#13717 = SURFACE_STYLE_FILL_AREA(#13718);
#13718 = FILL_AREA_STYLE('',(#13719));
#13719 = FILL_AREA_STYLE_COLOUR('',#13102);
#13720 = STYLED_ITEM('color',(#13721),#7880);
#13721 = PRESENTATION_STYLE_ASSIGNMENT((#13722));
#13722 = SURFACE_STYLE_USAGE(.BOTH.,#13723);
#13723 = SURFACE_SIDE_STYLE('',(#13724));
#13724 = SURFACE_STYLE_FILL_AREA(#13725);
#13725 = FILL_AREA_STYLE('',(#13726));
#13726 = FILL_AREA_STYLE_COLOUR('',#13102);
#13727 = STYLED_ITEM('color',(#13728),#7904);
#13728 = PRESENTATION_STYLE_ASSIGNMENT((#13729));
#13729 = SURFACE_STYLE_USAGE(.BOTH.,#13730);
#13730 = SURFACE_SIDE_STYLE('',(#13731));
#13731 = SURFACE_STYLE_FILL_AREA(#13732);
#13732 = FILL_AREA_STYLE('',(#13733));
#13733 = FILL_AREA_STYLE_COLOUR('',#13102);
#13734 = STYLED_ITEM('color',(#13735),#7921);
#13735 = PRESENTATION_STYLE_ASSIGNMENT((#13736));
#13736 = SURFACE_STYLE_USAGE(.BOTH.,#13737);
#13737 = SURFACE_SIDE_STYLE('',(#13738));
#13738 = SURFACE_STYLE_FILL_AREA(#13739);
#13739 = FILL_AREA_STYLE('',(#13740));
#13740 = FILL_AREA_STYLE_COLOUR('',#13102);
#13741 = STYLED_ITEM('color',(#13742),#7945);
#13742 = PRESENTATION_STYLE_ASSIGNMENT((#13743));
#13743 = SURFACE_STYLE_USAGE(.BOTH.,#13744);
#13744 = SURFACE_SIDE_STYLE('',(#13745));
#13745 = SURFACE_STYLE_FILL_AREA(#13746);
#13746 = FILL_AREA_STYLE('',(#13747));
#13747 = FILL_AREA_STYLE_COLOUR('',#13102);
#13748 = STYLED_ITEM('color',(#13749),#7969);
#13749 = PRESENTATION_STYLE_ASSIGNMENT((#13750));
#13750 = SURFACE_STYLE_USAGE(.BOTH.,#13751);
#13751 = SURFACE_SIDE_STYLE('',(#13752));
#13752 = SURFACE_STYLE_FILL_AREA(#13753);
#13753 = FILL_AREA_STYLE('',(#13754));
#13754 = FILL_AREA_STYLE_COLOUR('',#13102);
#13755 = STYLED_ITEM('color',(#13756),#7986);
#13756 = PRESENTATION_STYLE_ASSIGNMENT((#13757));
#13757 = SURFACE_STYLE_USAGE(.BOTH.,#13758);
#13758 = SURFACE_SIDE_STYLE('',(#13759));
#13759 = SURFACE_STYLE_FILL_AREA(#13760);
#13760 = FILL_AREA_STYLE('',(#13761));
#13761 = FILL_AREA_STYLE_COLOUR('',#13102);
#13762 = STYLED_ITEM('color',(#13763),#8010);
#13763 = PRESENTATION_STYLE_ASSIGNMENT((#13764));
#13764 = SURFACE_STYLE_USAGE(.BOTH.,#13765);
#13765 = SURFACE_SIDE_STYLE('',(#13766));
#13766 = SURFACE_STYLE_FILL_AREA(#13767);
#13767 = FILL_AREA_STYLE('',(#13768));
#13768 = FILL_AREA_STYLE_COLOUR('',#13102);
#13769 = STYLED_ITEM('color',(#13770),#8034);
#13770 = PRESENTATION_STYLE_ASSIGNMENT((#13771));
#13771 = SURFACE_STYLE_USAGE(.BOTH.,#13772);
#13772 = SURFACE_SIDE_STYLE('',(#13773));
#13773 = SURFACE_STYLE_FILL_AREA(#13774);
#13774 = FILL_AREA_STYLE('',(#13775));
#13775 = FILL_AREA_STYLE_COLOUR('',#13102);
#13776 = STYLED_ITEM('color',(#13777),#8051);
#13777 = PRESENTATION_STYLE_ASSIGNMENT((#13778));
#13778 = SURFACE_STYLE_USAGE(.BOTH.,#13779);
#13779 = SURFACE_SIDE_STYLE('',(#13780));
#13780 = SURFACE_STYLE_FILL_AREA(#13781);
#13781 = FILL_AREA_STYLE('',(#13782));
#13782 = FILL_AREA_STYLE_COLOUR('',#13102);
#13783 = STYLED_ITEM('color',(#13784),#8075);
#13784 = PRESENTATION_STYLE_ASSIGNMENT((#13785));
#13785 = SURFACE_STYLE_USAGE(.BOTH.,#13786);
#13786 = SURFACE_SIDE_STYLE('',(#13787));
#13787 = SURFACE_STYLE_FILL_AREA(#13788);
#13788 = FILL_AREA_STYLE('',(#13789));
#13789 = FILL_AREA_STYLE_COLOUR('',#13102);
#13790 = STYLED_ITEM('color',(#13791),#8099);
#13791 = PRESENTATION_STYLE_ASSIGNMENT((#13792));
#13792 = SURFACE_STYLE_USAGE(.BOTH.,#13793);
#13793 = SURFACE_SIDE_STYLE('',(#13794));
#13794 = SURFACE_STYLE_FILL_AREA(#13795);
#13795 = FILL_AREA_STYLE('',(#13796));
#13796 = FILL_AREA_STYLE_COLOUR('',#13102);
#13797 = STYLED_ITEM('color',(#13798),#8116);
#13798 = PRESENTATION_STYLE_ASSIGNMENT((#13799));
#13799 = SURFACE_STYLE_USAGE(.BOTH.,#13800);
#13800 = SURFACE_SIDE_STYLE('',(#13801));
#13801 = SURFACE_STYLE_FILL_AREA(#13802);
#13802 = FILL_AREA_STYLE('',(#13803));
#13803 = FILL_AREA_STYLE_COLOUR('',#13102);
#13804 = STYLED_ITEM('color',(#13805),#8140);
#13805 = PRESENTATION_STYLE_ASSIGNMENT((#13806));
#13806 = SURFACE_STYLE_USAGE(.BOTH.,#13807);
#13807 = SURFACE_SIDE_STYLE('',(#13808));
#13808 = SURFACE_STYLE_FILL_AREA(#13809);
#13809 = FILL_AREA_STYLE('',(#13810));
#13810 = FILL_AREA_STYLE_COLOUR('',#13102);
#13811 = STYLED_ITEM('color',(#13812),#8164);
#13812 = PRESENTATION_STYLE_ASSIGNMENT((#13813));
#13813 = SURFACE_STYLE_USAGE(.BOTH.,#13814);
#13814 = SURFACE_SIDE_STYLE('',(#13815));
#13815 = SURFACE_STYLE_FILL_AREA(#13816);
#13816 = FILL_AREA_STYLE('',(#13817));
#13817 = FILL_AREA_STYLE_COLOUR('',#13102);
#13818 = STYLED_ITEM('color',(#13819),#8181);
#13819 = PRESENTATION_STYLE_ASSIGNMENT((#13820));
#13820 = SURFACE_STYLE_USAGE(.BOTH.,#13821);
#13821 = SURFACE_SIDE_STYLE('',(#13822));
#13822 = SURFACE_STYLE_FILL_AREA(#13823);
#13823 = FILL_AREA_STYLE('',(#13824));
#13824 = FILL_AREA_STYLE_COLOUR('',#13102);
#13825 = STYLED_ITEM('color',(#13826),#8205);
#13826 = PRESENTATION_STYLE_ASSIGNMENT((#13827));
#13827 = SURFACE_STYLE_USAGE(.BOTH.,#13828);
#13828 = SURFACE_SIDE_STYLE('',(#13829));
#13829 = SURFACE_STYLE_FILL_AREA(#13830);
#13830 = FILL_AREA_STYLE('',(#13831));
#13831 = FILL_AREA_STYLE_COLOUR('',#13102);
#13832 = STYLED_ITEM('color',(#13833),#8229);
#13833 = PRESENTATION_STYLE_ASSIGNMENT((#13834));
#13834 = SURFACE_STYLE_USAGE(.BOTH.,#13835);
#13835 = SURFACE_SIDE_STYLE('',(#13836));
#13836 = SURFACE_STYLE_FILL_AREA(#13837);
#13837 = FILL_AREA_STYLE('',(#13838));
#13838 = FILL_AREA_STYLE_COLOUR('',#13102);
#13839 = STYLED_ITEM('color',(#13840),#8246);
#13840 = PRESENTATION_STYLE_ASSIGNMENT((#13841));
#13841 = SURFACE_STYLE_USAGE(.BOTH.,#13842);
#13842 = SURFACE_SIDE_STYLE('',(#13843));
#13843 = SURFACE_STYLE_FILL_AREA(#13844);
#13844 = FILL_AREA_STYLE('',(#13845));
#13845 = FILL_AREA_STYLE_COLOUR('',#13656);
#13846 = STYLED_ITEM('color',(#13847),#8309);
#13847 = PRESENTATION_STYLE_ASSIGNMENT((#13848));
#13848 = SURFACE_STYLE_USAGE(.BOTH.,#13849);
#13849 = SURFACE_SIDE_STYLE('',(#13850));
#13850 = SURFACE_STYLE_FILL_AREA(#13851);
#13851 = FILL_AREA_STYLE('',(#13852));
#13852 = FILL_AREA_STYLE_COLOUR('',#13656);
#13853 = STYLED_ITEM('color',(#13854),#8333);
#13854 = PRESENTATION_STYLE_ASSIGNMENT((#13855));
#13855 = SURFACE_STYLE_USAGE(.BOTH.,#13856);
#13856 = SURFACE_SIDE_STYLE('',(#13857));
#13857 = SURFACE_STYLE_FILL_AREA(#13858);
#13858 = FILL_AREA_STYLE('',(#13859));
#13859 = FILL_AREA_STYLE_COLOUR('',#13656);
#13860 = STYLED_ITEM('color',(#13861),#8389);
#13861 = PRESENTATION_STYLE_ASSIGNMENT((#13862));
#13862 = SURFACE_STYLE_USAGE(.BOTH.,#13863);
#13863 = SURFACE_SIDE_STYLE('',(#13864));
#13864 = SURFACE_STYLE_FILL_AREA(#13865);
#13865 = FILL_AREA_STYLE('',(#13866));
#13866 = FILL_AREA_STYLE_COLOUR('',#13656);
#13867 = STYLED_ITEM('color',(#13868),#8406);
#13868 = PRESENTATION_STYLE_ASSIGNMENT((#13869));
#13869 = SURFACE_STYLE_USAGE(.BOTH.,#13870);
#13870 = SURFACE_SIDE_STYLE('',(#13871));
#13871 = SURFACE_STYLE_FILL_AREA(#13872);
#13872 = FILL_AREA_STYLE('',(#13873));
#13873 = FILL_AREA_STYLE_COLOUR('',#13656);
#13874 = STYLED_ITEM('color',(#13875),#8437);
#13875 = PRESENTATION_STYLE_ASSIGNMENT((#13876));
#13876 = SURFACE_STYLE_USAGE(.BOTH.,#13877);
#13877 = SURFACE_SIDE_STYLE('',(#13878));
#13878 = SURFACE_STYLE_FILL_AREA(#13879);
#13879 = FILL_AREA_STYLE('',(#13880));
#13880 = FILL_AREA_STYLE_COLOUR('',#13656);
#13881 = STYLED_ITEM('color',(#13882),#8461);
#13882 = PRESENTATION_STYLE_ASSIGNMENT((#13883));
#13883 = SURFACE_STYLE_USAGE(.BOTH.,#13884);
#13884 = SURFACE_SIDE_STYLE('',(#13885));
#13885 = SURFACE_STYLE_FILL_AREA(#13886);
#13886 = FILL_AREA_STYLE('',(#13887));
#13887 = FILL_AREA_STYLE_COLOUR('',#13656);
#13888 = STYLED_ITEM('color',(#13889),#8485);
#13889 = PRESENTATION_STYLE_ASSIGNMENT((#13890));
#13890 = SURFACE_STYLE_USAGE(.BOTH.,#13891);
#13891 = SURFACE_SIDE_STYLE('',(#13892));
#13892 = SURFACE_STYLE_FILL_AREA(#13893);
#13893 = FILL_AREA_STYLE('',(#13894));
#13894 = FILL_AREA_STYLE_COLOUR('',#13656);
#13895 = STYLED_ITEM('color',(#13896),#8502);
#13896 = PRESENTATION_STYLE_ASSIGNMENT((#13897));
#13897 = SURFACE_STYLE_USAGE(.BOTH.,#13898);
#13898 = SURFACE_SIDE_STYLE('',(#13899));
#13899 = SURFACE_STYLE_FILL_AREA(#13900);
#13900 = FILL_AREA_STYLE('',(#13901));
#13901 = FILL_AREA_STYLE_COLOUR('',#13656);
#13902 = STYLED_ITEM('color',(#13903),#8533);
#13903 = PRESENTATION_STYLE_ASSIGNMENT((#13904));
#13904 = SURFACE_STYLE_USAGE(.BOTH.,#13905);
#13905 = SURFACE_SIDE_STYLE('',(#13906));
#13906 = SURFACE_STYLE_FILL_AREA(#13907);
#13907 = FILL_AREA_STYLE('',(#13908));
#13908 = FILL_AREA_STYLE_COLOUR('',#13656);
#13909 = STYLED_ITEM('color',(#13910),#8557);
#13910 = PRESENTATION_STYLE_ASSIGNMENT((#13911));
#13911 = SURFACE_STYLE_USAGE(.BOTH.,#13912);
#13912 = SURFACE_SIDE_STYLE('',(#13913));
#13913 = SURFACE_STYLE_FILL_AREA(#13914);
#13914 = FILL_AREA_STYLE('',(#13915));
#13915 = FILL_AREA_STYLE_COLOUR('',#13656);
#13916 = STYLED_ITEM('color',(#13917),#8581);
#13917 = PRESENTATION_STYLE_ASSIGNMENT((#13918));
#13918 = SURFACE_STYLE_USAGE(.BOTH.,#13919);
#13919 = SURFACE_SIDE_STYLE('',(#13920));
#13920 = SURFACE_STYLE_FILL_AREA(#13921);
#13921 = FILL_AREA_STYLE('',(#13922));
#13922 = FILL_AREA_STYLE_COLOUR('',#13656);
#13923 = STYLED_ITEM('color',(#13924),#8598);
#13924 = PRESENTATION_STYLE_ASSIGNMENT((#13925));
#13925 = SURFACE_STYLE_USAGE(.BOTH.,#13926);
#13926 = SURFACE_SIDE_STYLE('',(#13927));
#13927 = SURFACE_STYLE_FILL_AREA(#13928);
#13928 = FILL_AREA_STYLE('',(#13929));
#13929 = FILL_AREA_STYLE_COLOUR('',#13656);
#13930 = STYLED_ITEM('color',(#13931),#8629);
#13931 = PRESENTATION_STYLE_ASSIGNMENT((#13932));
#13932 = SURFACE_STYLE_USAGE(.BOTH.,#13933);
#13933 = SURFACE_SIDE_STYLE('',(#13934));
#13934 = SURFACE_STYLE_FILL_AREA(#13935);
#13935 = FILL_AREA_STYLE('',(#13936));
#13936 = FILL_AREA_STYLE_COLOUR('',#13656);
#13937 = STYLED_ITEM('color',(#13938),#8653);
#13938 = PRESENTATION_STYLE_ASSIGNMENT((#13939));
#13939 = SURFACE_STYLE_USAGE(.BOTH.,#13940);
#13940 = SURFACE_SIDE_STYLE('',(#13941));
#13941 = SURFACE_STYLE_FILL_AREA(#13942);
#13942 = FILL_AREA_STYLE('',(#13943));
#13943 = FILL_AREA_STYLE_COLOUR('',#13656);
#13944 = STYLED_ITEM('color',(#13945),#8677);
#13945 = PRESENTATION_STYLE_ASSIGNMENT((#13946));
#13946 = SURFACE_STYLE_USAGE(.BOTH.,#13947);
#13947 = SURFACE_SIDE_STYLE('',(#13948));
#13948 = SURFACE_STYLE_FILL_AREA(#13949);
#13949 = FILL_AREA_STYLE('',(#13950));
#13950 = FILL_AREA_STYLE_COLOUR('',#13656);
#13951 = STYLED_ITEM('color',(#13952),#8694);
#13952 = PRESENTATION_STYLE_ASSIGNMENT((#13953));
#13953 = SURFACE_STYLE_USAGE(.BOTH.,#13954);
#13954 = SURFACE_SIDE_STYLE('',(#13955));
#13955 = SURFACE_STYLE_FILL_AREA(#13956);
#13956 = FILL_AREA_STYLE('',(#13957));
#13957 = FILL_AREA_STYLE_COLOUR('',#13656);
#13958 = STYLED_ITEM('color',(#13959),#8725);
#13959 = PRESENTATION_STYLE_ASSIGNMENT((#13960));
#13960 = SURFACE_STYLE_USAGE(.BOTH.,#13961);
#13961 = SURFACE_SIDE_STYLE('',(#13962));
#13962 = SURFACE_STYLE_FILL_AREA(#13963);
#13963 = FILL_AREA_STYLE('',(#13964));
#13964 = FILL_AREA_STYLE_COLOUR('',#13656);
#13965 = STYLED_ITEM('color',(#13966),#8749);
#13966 = PRESENTATION_STYLE_ASSIGNMENT((#13967));
#13967 = SURFACE_STYLE_USAGE(.BOTH.,#13968);
#13968 = SURFACE_SIDE_STYLE('',(#13969));
#13969 = SURFACE_STYLE_FILL_AREA(#13970);
#13970 = FILL_AREA_STYLE('',(#13971));
#13971 = FILL_AREA_STYLE_COLOUR('',#13656);
#13972 = STYLED_ITEM('color',(#13973),#8773);
#13973 = PRESENTATION_STYLE_ASSIGNMENT((#13974));
#13974 = SURFACE_STYLE_USAGE(.BOTH.,#13975);
#13975 = SURFACE_SIDE_STYLE('',(#13976));
#13976 = SURFACE_STYLE_FILL_AREA(#13977);
#13977 = FILL_AREA_STYLE('',(#13978));
#13978 = FILL_AREA_STYLE_COLOUR('',#13656);
#13979 = STYLED_ITEM('color',(#13980),#8790);
#13980 = PRESENTATION_STYLE_ASSIGNMENT((#13981));
#13981 = SURFACE_STYLE_USAGE(.BOTH.,#13982);
#13982 = SURFACE_SIDE_STYLE('',(#13983));
#13983 = SURFACE_STYLE_FILL_AREA(#13984);
#13984 = FILL_AREA_STYLE('',(#13985));
#13985 = FILL_AREA_STYLE_COLOUR('',#13656);
#13986 = STYLED_ITEM('color',(#13987),#8821);
#13987 = PRESENTATION_STYLE_ASSIGNMENT((#13988));
#13988 = SURFACE_STYLE_USAGE(.BOTH.,#13989);
#13989 = SURFACE_SIDE_STYLE('',(#13990));
#13990 = SURFACE_STYLE_FILL_AREA(#13991);
#13991 = FILL_AREA_STYLE('',(#13992));
#13992 = FILL_AREA_STYLE_COLOUR('',#13656);
#13993 = STYLED_ITEM('color',(#13994),#8845);
#13994 = PRESENTATION_STYLE_ASSIGNMENT((#13995));
#13995 = SURFACE_STYLE_USAGE(.BOTH.,#13996);
#13996 = SURFACE_SIDE_STYLE('',(#13997));
#13997 = SURFACE_STYLE_FILL_AREA(#13998);
#13998 = FILL_AREA_STYLE('',(#13999));
#13999 = FILL_AREA_STYLE_COLOUR('',#13656);
#14000 = STYLED_ITEM('color',(#14001),#8869);
#14001 = PRESENTATION_STYLE_ASSIGNMENT((#14002));
#14002 = SURFACE_STYLE_USAGE(.BOTH.,#14003);
#14003 = SURFACE_SIDE_STYLE('',(#14004));
#14004 = SURFACE_STYLE_FILL_AREA(#14005);
#14005 = FILL_AREA_STYLE('',(#14006));
#14006 = FILL_AREA_STYLE_COLOUR('',#13656);
#14007 = STYLED_ITEM('color',(#14008),#8886);
#14008 = PRESENTATION_STYLE_ASSIGNMENT((#14009));
#14009 = SURFACE_STYLE_USAGE(.BOTH.,#14010);
#14010 = SURFACE_SIDE_STYLE('',(#14011));
#14011 = SURFACE_STYLE_FILL_AREA(#14012);
#14012 = FILL_AREA_STYLE('',(#14013));
#14013 = FILL_AREA_STYLE_COLOUR('',#13656);
#14014 = STYLED_ITEM('color',(#14015),#8917);
#14015 = PRESENTATION_STYLE_ASSIGNMENT((#14016));
#14016 = SURFACE_STYLE_USAGE(.BOTH.,#14017);
#14017 = SURFACE_SIDE_STYLE('',(#14018));
#14018 = SURFACE_STYLE_FILL_AREA(#14019);
#14019 = FILL_AREA_STYLE('',(#14020));
#14020 = FILL_AREA_STYLE_COLOUR('',#13656);
#14021 = STYLED_ITEM('color',(#14022),#8941);
#14022 = PRESENTATION_STYLE_ASSIGNMENT((#14023));
#14023 = SURFACE_STYLE_USAGE(.BOTH.,#14024);
#14024 = SURFACE_SIDE_STYLE('',(#14025));
#14025 = SURFACE_STYLE_FILL_AREA(#14026);
#14026 = FILL_AREA_STYLE('',(#14027));
#14027 = FILL_AREA_STYLE_COLOUR('',#13656);
#14028 = STYLED_ITEM('color',(#14029),#8965);
#14029 = PRESENTATION_STYLE_ASSIGNMENT((#14030));
#14030 = SURFACE_STYLE_USAGE(.BOTH.,#14031);
#14031 = SURFACE_SIDE_STYLE('',(#14032));
#14032 = SURFACE_STYLE_FILL_AREA(#14033);
#14033 = FILL_AREA_STYLE('',(#14034));
#14034 = FILL_AREA_STYLE_COLOUR('',#13656);
#14035 = STYLED_ITEM('color',(#14036),#8982);
#14036 = PRESENTATION_STYLE_ASSIGNMENT((#14037));
#14037 = SURFACE_STYLE_USAGE(.BOTH.,#14038);
#14038 = SURFACE_SIDE_STYLE('',(#14039));
#14039 = SURFACE_STYLE_FILL_AREA(#14040);
#14040 = FILL_AREA_STYLE('',(#14041));
#14041 = FILL_AREA_STYLE_COLOUR('',#13656);
#14042 = STYLED_ITEM('color',(#14043),#9029);
#14043 = PRESENTATION_STYLE_ASSIGNMENT((#14044));
#14044 = SURFACE_STYLE_USAGE(.BOTH.,#14045);
#14045 = SURFACE_SIDE_STYLE('',(#14046));
#14046 = SURFACE_STYLE_FILL_AREA(#14047);
#14047 = FILL_AREA_STYLE('',(#14048));
#14048 = FILL_AREA_STYLE_COLOUR('',#13656);
#14049 = STYLED_ITEM('color',(#14050),#9060);
#14050 = PRESENTATION_STYLE_ASSIGNMENT((#14051));
#14051 = SURFACE_STYLE_USAGE(.BOTH.,#14052);
#14052 = SURFACE_SIDE_STYLE('',(#14053));
#14053 = SURFACE_STYLE_FILL_AREA(#14054);
#14054 = FILL_AREA_STYLE('',(#14055));
#14055 = FILL_AREA_STYLE_COLOUR('',#13656);
#14056 = STYLED_ITEM('color',(#14057),#9072);
#14057 = PRESENTATION_STYLE_ASSIGNMENT((#14058));
#14058 = SURFACE_STYLE_USAGE(.BOTH.,#14059);
#14059 = SURFACE_SIDE_STYLE('',(#14060));
#14060 = SURFACE_STYLE_FILL_AREA(#14061);
#14061 = FILL_AREA_STYLE('',(#14062));
#14062 = FILL_AREA_STYLE_COLOUR('',#13656);
#14063 = STYLED_ITEM('color',(#14064),#9089);
#14064 = PRESENTATION_STYLE_ASSIGNMENT((#14065));
#14065 = SURFACE_STYLE_USAGE(.BOTH.,#14066);
#14066 = SURFACE_SIDE_STYLE('',(#14067));
#14067 = SURFACE_STYLE_FILL_AREA(#14068);
#14068 = FILL_AREA_STYLE('',(#14069));
#14069 = FILL_AREA_STYLE_COLOUR('',#13656);
#14070 = STYLED_ITEM('color',(#14071),#9115);
#14071 = PRESENTATION_STYLE_ASSIGNMENT((#14072));
#14072 = SURFACE_STYLE_USAGE(.BOTH.,#14073);
#14073 = SURFACE_SIDE_STYLE('',(#14074));
#14074 = SURFACE_STYLE_FILL_AREA(#14075);
#14075 = FILL_AREA_STYLE('',(#14076));
#14076 = FILL_AREA_STYLE_COLOUR('',#13656);
#14077 = STYLED_ITEM('color',(#14078),#9148);
#14078 = PRESENTATION_STYLE_ASSIGNMENT((#14079));
#14079 = SURFACE_STYLE_USAGE(.BOTH.,#14080);
#14080 = SURFACE_SIDE_STYLE('',(#14081));
#14081 = SURFACE_STYLE_FILL_AREA(#14082);
#14082 = FILL_AREA_STYLE('',(#14083));
#14083 = FILL_AREA_STYLE_COLOUR('',#13102);
#14084 = STYLED_ITEM('color',(#14085),#9160);
#14085 = PRESENTATION_STYLE_ASSIGNMENT((#14086));
#14086 = SURFACE_STYLE_USAGE(.BOTH.,#14087);
#14087 = SURFACE_SIDE_STYLE('',(#14088));
#14088 = SURFACE_STYLE_FILL_AREA(#14089);
#14089 = FILL_AREA_STYLE('',(#14090));
#14090 = FILL_AREA_STYLE_COLOUR('',#13102);
#14091 = STYLED_ITEM('color',(#14092),#9172);
#14092 = PRESENTATION_STYLE_ASSIGNMENT((#14093));
#14093 = SURFACE_STYLE_USAGE(.BOTH.,#14094);
#14094 = SURFACE_SIDE_STYLE('',(#14095));
#14095 = SURFACE_STYLE_FILL_AREA(#14096);
#14096 = FILL_AREA_STYLE('',(#14097));
#14097 = FILL_AREA_STYLE_COLOUR('',#13102);
#14098 = STYLED_ITEM('color',(#14099),#9184);
#14099 = PRESENTATION_STYLE_ASSIGNMENT((#14100));
#14100 = SURFACE_STYLE_USAGE(.BOTH.,#14101);
#14101 = SURFACE_SIDE_STYLE('',(#14102));
#14102 = SURFACE_STYLE_FILL_AREA(#14103);
#14103 = FILL_AREA_STYLE('',(#14104));
#14104 = FILL_AREA_STYLE_COLOUR('',#13102);
#14105 = STYLED_ITEM('color',(#14106),#9196);
#14106 = PRESENTATION_STYLE_ASSIGNMENT((#14107));
#14107 = SURFACE_STYLE_USAGE(.BOTH.,#14108);
#14108 = SURFACE_SIDE_STYLE('',(#14109));
#14109 = SURFACE_STYLE_FILL_AREA(#14110);
#14110 = FILL_AREA_STYLE('',(#14111));
#14111 = FILL_AREA_STYLE_COLOUR('',#13102);
#14112 = STYLED_ITEM('color',(#14113),#9208);
#14113 = PRESENTATION_STYLE_ASSIGNMENT((#14114));
#14114 = SURFACE_STYLE_USAGE(.BOTH.,#14115);
#14115 = SURFACE_SIDE_STYLE('',(#14116));
#14116 = SURFACE_STYLE_FILL_AREA(#14117);
#14117 = FILL_AREA_STYLE('',(#14118));
#14118 = FILL_AREA_STYLE_COLOUR('',#13102);
#14119 = STYLED_ITEM('color',(#14120),#9220);
#14120 = PRESENTATION_STYLE_ASSIGNMENT((#14121));
#14121 = SURFACE_STYLE_USAGE(.BOTH.,#14122);
#14122 = SURFACE_SIDE_STYLE('',(#14123));
#14123 = SURFACE_STYLE_FILL_AREA(#14124);
#14124 = FILL_AREA_STYLE('',(#14125));
#14125 = FILL_AREA_STYLE_COLOUR('',#13102);
#14126 = STYLED_ITEM('color',(#14127),#9232);
#14127 = PRESENTATION_STYLE_ASSIGNMENT((#14128));
#14128 = SURFACE_STYLE_USAGE(.BOTH.,#14129);
#14129 = SURFACE_SIDE_STYLE('',(#14130));
#14130 = SURFACE_STYLE_FILL_AREA(#14131);
#14131 = FILL_AREA_STYLE('',(#14132));
#14132 = FILL_AREA_STYLE_COLOUR('',#13656);
#14133 = STYLED_ITEM('color',(#14134),#9263);
#14134 = PRESENTATION_STYLE_ASSIGNMENT((#14135));
#14135 = SURFACE_STYLE_USAGE(.BOTH.,#14136);
#14136 = SURFACE_SIDE_STYLE('',(#14137));
#14137 = SURFACE_STYLE_FILL_AREA(#14138);
#14138 = FILL_AREA_STYLE('',(#14139));
#14139 = FILL_AREA_STYLE_COLOUR('',#13656);
#14140 = STYLED_ITEM('color',(#14141),#9287);
#14141 = PRESENTATION_STYLE_ASSIGNMENT((#14142));
#14142 = SURFACE_STYLE_USAGE(.BOTH.,#14143);
#14143 = SURFACE_SIDE_STYLE('',(#14144));
#14144 = SURFACE_STYLE_FILL_AREA(#14145);
#14145 = FILL_AREA_STYLE('',(#14146));
#14146 = FILL_AREA_STYLE_COLOUR('',#13656);
#14147 = STYLED_ITEM('color',(#14148),#9311);
#14148 = PRESENTATION_STYLE_ASSIGNMENT((#14149));
#14149 = SURFACE_STYLE_USAGE(.BOTH.,#14150);
#14150 = SURFACE_SIDE_STYLE('',(#14151));
#14151 = SURFACE_STYLE_FILL_AREA(#14152);
#14152 = FILL_AREA_STYLE('',(#14153));
#14153 = FILL_AREA_STYLE_COLOUR('',#13656);
#14154 = STYLED_ITEM('color',(#14155),#9328);
#14155 = PRESENTATION_STYLE_ASSIGNMENT((#14156));
#14156 = SURFACE_STYLE_USAGE(.BOTH.,#14157);
#14157 = SURFACE_SIDE_STYLE('',(#14158));
#14158 = SURFACE_STYLE_FILL_AREA(#14159);
#14159 = FILL_AREA_STYLE('',(#14160));
#14160 = FILL_AREA_STYLE_COLOUR('',#13656);
#14161 = STYLED_ITEM('color',(#14162),#9359);
#14162 = PRESENTATION_STYLE_ASSIGNMENT((#14163));
#14163 = SURFACE_STYLE_USAGE(.BOTH.,#14164);
#14164 = SURFACE_SIDE_STYLE('',(#14165));
#14165 = SURFACE_STYLE_FILL_AREA(#14166);
#14166 = FILL_AREA_STYLE('',(#14167));
#14167 = FILL_AREA_STYLE_COLOUR('',#13656);
#14168 = STYLED_ITEM('color',(#14169),#9383);
#14169 = PRESENTATION_STYLE_ASSIGNMENT((#14170));
#14170 = SURFACE_STYLE_USAGE(.BOTH.,#14171);
#14171 = SURFACE_SIDE_STYLE('',(#14172));
#14172 = SURFACE_STYLE_FILL_AREA(#14173);
#14173 = FILL_AREA_STYLE('',(#14174));
#14174 = FILL_AREA_STYLE_COLOUR('',#13656);
#14175 = STYLED_ITEM('color',(#14176),#9407);
#14176 = PRESENTATION_STYLE_ASSIGNMENT((#14177));
#14177 = SURFACE_STYLE_USAGE(.BOTH.,#14178);
#14178 = SURFACE_SIDE_STYLE('',(#14179));
#14179 = SURFACE_STYLE_FILL_AREA(#14180);
#14180 = FILL_AREA_STYLE('',(#14181));
#14181 = FILL_AREA_STYLE_COLOUR('',#13656);
#14182 = STYLED_ITEM('color',(#14183),#9424);
#14183 = PRESENTATION_STYLE_ASSIGNMENT((#14184));
#14184 = SURFACE_STYLE_USAGE(.BOTH.,#14185);
#14185 = SURFACE_SIDE_STYLE('',(#14186));
#14186 = SURFACE_STYLE_FILL_AREA(#14187);
#14187 = FILL_AREA_STYLE('',(#14188));
#14188 = FILL_AREA_STYLE_COLOUR('',#13656);
#14189 = STYLED_ITEM('color',(#14190),#9455);
#14190 = PRESENTATION_STYLE_ASSIGNMENT((#14191));
#14191 = SURFACE_STYLE_USAGE(.BOTH.,#14192);
#14192 = SURFACE_SIDE_STYLE('',(#14193));
#14193 = SURFACE_STYLE_FILL_AREA(#14194);
#14194 = FILL_AREA_STYLE('',(#14195));
#14195 = FILL_AREA_STYLE_COLOUR('',#13656);
#14196 = STYLED_ITEM('color',(#14197),#9479);
#14197 = PRESENTATION_STYLE_ASSIGNMENT((#14198));
#14198 = SURFACE_STYLE_USAGE(.BOTH.,#14199);
#14199 = SURFACE_SIDE_STYLE('',(#14200));
#14200 = SURFACE_STYLE_FILL_AREA(#14201);
#14201 = FILL_AREA_STYLE('',(#14202));
#14202 = FILL_AREA_STYLE_COLOUR('',#13656);
#14203 = STYLED_ITEM('color',(#14204),#9503);
#14204 = PRESENTATION_STYLE_ASSIGNMENT((#14205));
#14205 = SURFACE_STYLE_USAGE(.BOTH.,#14206);
#14206 = SURFACE_SIDE_STYLE('',(#14207));
#14207 = SURFACE_STYLE_FILL_AREA(#14208);
#14208 = FILL_AREA_STYLE('',(#14209));
#14209 = FILL_AREA_STYLE_COLOUR('',#13656);
#14210 = STYLED_ITEM('color',(#14211),#9520);
#14211 = PRESENTATION_STYLE_ASSIGNMENT((#14212));
#14212 = SURFACE_STYLE_USAGE(.BOTH.,#14213);
#14213 = SURFACE_SIDE_STYLE('',(#14214));
#14214 = SURFACE_STYLE_FILL_AREA(#14215);
#14215 = FILL_AREA_STYLE('',(#14216));
#14216 = FILL_AREA_STYLE_COLOUR('',#13656);
#14217 = STYLED_ITEM('color',(#14218),#9551);
#14218 = PRESENTATION_STYLE_ASSIGNMENT((#14219));
#14219 = SURFACE_STYLE_USAGE(.BOTH.,#14220);
#14220 = SURFACE_SIDE_STYLE('',(#14221));
#14221 = SURFACE_STYLE_FILL_AREA(#14222);
#14222 = FILL_AREA_STYLE('',(#14223));
#14223 = FILL_AREA_STYLE_COLOUR('',#13656);
#14224 = STYLED_ITEM('color',(#14225),#9575);
#14225 = PRESENTATION_STYLE_ASSIGNMENT((#14226));
#14226 = SURFACE_STYLE_USAGE(.BOTH.,#14227);
#14227 = SURFACE_SIDE_STYLE('',(#14228));
#14228 = SURFACE_STYLE_FILL_AREA(#14229);
#14229 = FILL_AREA_STYLE('',(#14230));
#14230 = FILL_AREA_STYLE_COLOUR('',#13656);
#14231 = STYLED_ITEM('color',(#14232),#9599);
#14232 = PRESENTATION_STYLE_ASSIGNMENT((#14233));
#14233 = SURFACE_STYLE_USAGE(.BOTH.,#14234);
#14234 = SURFACE_SIDE_STYLE('',(#14235));
#14235 = SURFACE_STYLE_FILL_AREA(#14236);
#14236 = FILL_AREA_STYLE('',(#14237));
#14237 = FILL_AREA_STYLE_COLOUR('',#13656);
#14238 = STYLED_ITEM('color',(#14239),#9616);
#14239 = PRESENTATION_STYLE_ASSIGNMENT((#14240));
#14240 = SURFACE_STYLE_USAGE(.BOTH.,#14241);
#14241 = SURFACE_SIDE_STYLE('',(#14242));
#14242 = SURFACE_STYLE_FILL_AREA(#14243);
#14243 = FILL_AREA_STYLE('',(#14244));
#14244 = FILL_AREA_STYLE_COLOUR('',#13656);
#14245 = STYLED_ITEM('color',(#14246),#9647);
#14246 = PRESENTATION_STYLE_ASSIGNMENT((#14247));
#14247 = SURFACE_STYLE_USAGE(.BOTH.,#14248);
#14248 = SURFACE_SIDE_STYLE('',(#14249));
#14249 = SURFACE_STYLE_FILL_AREA(#14250);
#14250 = FILL_AREA_STYLE('',(#14251));
#14251 = FILL_AREA_STYLE_COLOUR('',#13656);
#14252 = STYLED_ITEM('color',(#14253),#9671);
#14253 = PRESENTATION_STYLE_ASSIGNMENT((#14254));
#14254 = SURFACE_STYLE_USAGE(.BOTH.,#14255);
#14255 = SURFACE_SIDE_STYLE('',(#14256));
#14256 = SURFACE_STYLE_FILL_AREA(#14257);
#14257 = FILL_AREA_STYLE('',(#14258));
#14258 = FILL_AREA_STYLE_COLOUR('',#13656);
#14259 = STYLED_ITEM('color',(#14260),#9695);
#14260 = PRESENTATION_STYLE_ASSIGNMENT((#14261));
#14261 = SURFACE_STYLE_USAGE(.BOTH.,#14262);
#14262 = SURFACE_SIDE_STYLE('',(#14263));
#14263 = SURFACE_STYLE_FILL_AREA(#14264);
#14264 = FILL_AREA_STYLE('',(#14265));
#14265 = FILL_AREA_STYLE_COLOUR('',#13656);
#14266 = STYLED_ITEM('color',(#14267),#9712);
#14267 = PRESENTATION_STYLE_ASSIGNMENT((#14268));
#14268 = SURFACE_STYLE_USAGE(.BOTH.,#14269);
#14269 = SURFACE_SIDE_STYLE('',(#14270));
#14270 = SURFACE_STYLE_FILL_AREA(#14271);
#14271 = FILL_AREA_STYLE('',(#14272));
#14272 = FILL_AREA_STYLE_COLOUR('',#13656);
#14273 = STYLED_ITEM('color',(#14274),#9743);
#14274 = PRESENTATION_STYLE_ASSIGNMENT((#14275));
#14275 = SURFACE_STYLE_USAGE(.BOTH.,#14276);
#14276 = SURFACE_SIDE_STYLE('',(#14277));
#14277 = SURFACE_STYLE_FILL_AREA(#14278);
#14278 = FILL_AREA_STYLE('',(#14279));
#14279 = FILL_AREA_STYLE_COLOUR('',#13656);
#14280 = STYLED_ITEM('color',(#14281),#9767);
#14281 = PRESENTATION_STYLE_ASSIGNMENT((#14282));
#14282 = SURFACE_STYLE_USAGE(.BOTH.,#14283);
#14283 = SURFACE_SIDE_STYLE('',(#14284));
#14284 = SURFACE_STYLE_FILL_AREA(#14285);
#14285 = FILL_AREA_STYLE('',(#14286));
#14286 = FILL_AREA_STYLE_COLOUR('',#13656);
#14287 = STYLED_ITEM('color',(#14288),#9791);
#14288 = PRESENTATION_STYLE_ASSIGNMENT((#14289));
#14289 = SURFACE_STYLE_USAGE(.BOTH.,#14290);
#14290 = SURFACE_SIDE_STYLE('',(#14291));
#14291 = SURFACE_STYLE_FILL_AREA(#14292);
#14292 = FILL_AREA_STYLE('',(#14293));
#14293 = FILL_AREA_STYLE_COLOUR('',#13656);
#14294 = STYLED_ITEM('color',(#14295),#9808);
#14295 = PRESENTATION_STYLE_ASSIGNMENT((#14296));
#14296 = SURFACE_STYLE_USAGE(.BOTH.,#14297);
#14297 = SURFACE_SIDE_STYLE('',(#14298));
#14298 = SURFACE_STYLE_FILL_AREA(#14299);
#14299 = FILL_AREA_STYLE('',(#14300));
#14300 = FILL_AREA_STYLE_COLOUR('',#13656);
#14301 = STYLED_ITEM('color',(#14302),#9839);
#14302 = PRESENTATION_STYLE_ASSIGNMENT((#14303));
#14303 = SURFACE_STYLE_USAGE(.BOTH.,#14304);
#14304 = SURFACE_SIDE_STYLE('',(#14305));
#14305 = SURFACE_STYLE_FILL_AREA(#14306);
#14306 = FILL_AREA_STYLE('',(#14307));
#14307 = FILL_AREA_STYLE_COLOUR('',#13656);
#14308 = STYLED_ITEM('color',(#14309),#9863);
#14309 = PRESENTATION_STYLE_ASSIGNMENT((#14310));
#14310 = SURFACE_STYLE_USAGE(.BOTH.,#14311);
#14311 = SURFACE_SIDE_STYLE('',(#14312));
#14312 = SURFACE_STYLE_FILL_AREA(#14313);
#14313 = FILL_AREA_STYLE('',(#14314));
#14314 = FILL_AREA_STYLE_COLOUR('',#13656);
#14315 = STYLED_ITEM('color',(#14316),#9887);
#14316 = PRESENTATION_STYLE_ASSIGNMENT((#14317));
#14317 = SURFACE_STYLE_USAGE(.BOTH.,#14318);
#14318 = SURFACE_SIDE_STYLE('',(#14319));
#14319 = SURFACE_STYLE_FILL_AREA(#14320);
#14320 = FILL_AREA_STYLE('',(#14321));
#14321 = FILL_AREA_STYLE_COLOUR('',#13656);
#14322 = STYLED_ITEM('color',(#14323),#9904);
#14323 = PRESENTATION_STYLE_ASSIGNMENT((#14324));
#14324 = SURFACE_STYLE_USAGE(.BOTH.,#14325);
#14325 = SURFACE_SIDE_STYLE('',(#14326));
#14326 = SURFACE_STYLE_FILL_AREA(#14327);
#14327 = FILL_AREA_STYLE('',(#14328));
#14328 = FILL_AREA_STYLE_COLOUR('',#13656);
#14329 = STYLED_ITEM('color',(#14330),#9935);
#14330 = PRESENTATION_STYLE_ASSIGNMENT((#14331));
#14331 = SURFACE_STYLE_USAGE(.BOTH.,#14332);
#14332 = SURFACE_SIDE_STYLE('',(#14333));
#14333 = SURFACE_STYLE_FILL_AREA(#14334);
#14334 = FILL_AREA_STYLE('',(#14335));
#14335 = FILL_AREA_STYLE_COLOUR('',#13656);
#14336 = STYLED_ITEM('color',(#14337),#9959);
#14337 = PRESENTATION_STYLE_ASSIGNMENT((#14338));
#14338 = SURFACE_STYLE_USAGE(.BOTH.,#14339);
#14339 = SURFACE_SIDE_STYLE('',(#14340));
#14340 = SURFACE_STYLE_FILL_AREA(#14341);
#14341 = FILL_AREA_STYLE('',(#14342));
#14342 = FILL_AREA_STYLE_COLOUR('',#13656);
#14343 = STYLED_ITEM('color',(#14344),#9983);
#14344 = PRESENTATION_STYLE_ASSIGNMENT((#14345));
#14345 = SURFACE_STYLE_USAGE(.BOTH.,#14346);
#14346 = SURFACE_SIDE_STYLE('',(#14347));
#14347 = SURFACE_STYLE_FILL_AREA(#14348);
#14348 = FILL_AREA_STYLE('',(#14349));
#14349 = FILL_AREA_STYLE_COLOUR('',#13656);
#14350 = STYLED_ITEM('color',(#14351),#10000);
#14351 = PRESENTATION_STYLE_ASSIGNMENT((#14352));
#14352 = SURFACE_STYLE_USAGE(.BOTH.,#14353);
#14353 = SURFACE_SIDE_STYLE('',(#14354));
#14354 = SURFACE_STYLE_FILL_AREA(#14355);
#14355 = FILL_AREA_STYLE('',(#14356));
#14356 = FILL_AREA_STYLE_COLOUR('',#13656);
#14357 = STYLED_ITEM('color',(#14358),#10047);
#14358 = PRESENTATION_STYLE_ASSIGNMENT((#14359));
#14359 = SURFACE_STYLE_USAGE(.BOTH.,#14360);
#14360 = SURFACE_SIDE_STYLE('',(#14361));
#14361 = SURFACE_STYLE_FILL_AREA(#14362);
#14362 = FILL_AREA_STYLE('',(#14363));
#14363 = FILL_AREA_STYLE_COLOUR('',#13656);
#14364 = STYLED_ITEM('color',(#14365),#10078);
#14365 = PRESENTATION_STYLE_ASSIGNMENT((#14366));
#14366 = SURFACE_STYLE_USAGE(.BOTH.,#14367);
#14367 = SURFACE_SIDE_STYLE('',(#14368));
#14368 = SURFACE_STYLE_FILL_AREA(#14369);
#14369 = FILL_AREA_STYLE('',(#14370));
#14370 = FILL_AREA_STYLE_COLOUR('',#13656);
#14371 = STYLED_ITEM('color',(#14372),#10090);
#14372 = PRESENTATION_STYLE_ASSIGNMENT((#14373));
#14373 = SURFACE_STYLE_USAGE(.BOTH.,#14374);
#14374 = SURFACE_SIDE_STYLE('',(#14375));
#14375 = SURFACE_STYLE_FILL_AREA(#14376);
#14376 = FILL_AREA_STYLE('',(#14377));
#14377 = FILL_AREA_STYLE_COLOUR('',#13656);
#14378 = STYLED_ITEM('color',(#14379),#10107);
#14379 = PRESENTATION_STYLE_ASSIGNMENT((#14380));
#14380 = SURFACE_STYLE_USAGE(.BOTH.,#14381);
#14381 = SURFACE_SIDE_STYLE('',(#14382));
#14382 = SURFACE_STYLE_FILL_AREA(#14383);
#14383 = FILL_AREA_STYLE('',(#14384));
#14384 = FILL_AREA_STYLE_COLOUR('',#13656);
#14385 = STYLED_ITEM('color',(#14386),#10133);
#14386 = PRESENTATION_STYLE_ASSIGNMENT((#14387));
#14387 = SURFACE_STYLE_USAGE(.BOTH.,#14388);
#14388 = SURFACE_SIDE_STYLE('',(#14389));
#14389 = SURFACE_STYLE_FILL_AREA(#14390);
#14390 = FILL_AREA_STYLE('',(#14391));
#14391 = FILL_AREA_STYLE_COLOUR('',#13656);
#14392 = STYLED_ITEM('color',(#14393),#10166);
#14393 = PRESENTATION_STYLE_ASSIGNMENT((#14394));
#14394 = SURFACE_STYLE_USAGE(.BOTH.,#14395);
#14395 = SURFACE_SIDE_STYLE('',(#14396));
#14396 = SURFACE_STYLE_FILL_AREA(#14397);
#14397 = FILL_AREA_STYLE('',(#14398));
#14398 = FILL_AREA_STYLE_COLOUR('',#13656);
#14399 = STYLED_ITEM('color',(#14400),#10197);
#14400 = PRESENTATION_STYLE_ASSIGNMENT((#14401));
#14401 = SURFACE_STYLE_USAGE(.BOTH.,#14402);
#14402 = SURFACE_SIDE_STYLE('',(#14403));
#14403 = SURFACE_STYLE_FILL_AREA(#14404);
#14404 = FILL_AREA_STYLE('',(#14405));
#14405 = FILL_AREA_STYLE_COLOUR('',#13656);
#14406 = STYLED_ITEM('color',(#14407),#10221);
#14407 = PRESENTATION_STYLE_ASSIGNMENT((#14408));
#14408 = SURFACE_STYLE_USAGE(.BOTH.,#14409);
#14409 = SURFACE_SIDE_STYLE('',(#14410));
#14410 = SURFACE_STYLE_FILL_AREA(#14411);
#14411 = FILL_AREA_STYLE('',(#14412));
#14412 = FILL_AREA_STYLE_COLOUR('',#13656);
#14413 = STYLED_ITEM('color',(#14414),#10245);
#14414 = PRESENTATION_STYLE_ASSIGNMENT((#14415));
#14415 = SURFACE_STYLE_USAGE(.BOTH.,#14416);
#14416 = SURFACE_SIDE_STYLE('',(#14417));
#14417 = SURFACE_STYLE_FILL_AREA(#14418);
#14418 = FILL_AREA_STYLE('',(#14419));
#14419 = FILL_AREA_STYLE_COLOUR('',#13656);
#14420 = STYLED_ITEM('color',(#14421),#10262);
#14421 = PRESENTATION_STYLE_ASSIGNMENT((#14422));
#14422 = SURFACE_STYLE_USAGE(.BOTH.,#14423);
#14423 = SURFACE_SIDE_STYLE('',(#14424));
#14424 = SURFACE_STYLE_FILL_AREA(#14425);
#14425 = FILL_AREA_STYLE('',(#14426));
#14426 = FILL_AREA_STYLE_COLOUR('',#13656);
#14427 = STYLED_ITEM('color',(#14428),#10293);
#14428 = PRESENTATION_STYLE_ASSIGNMENT((#14429));
#14429 = SURFACE_STYLE_USAGE(.BOTH.,#14430);
#14430 = SURFACE_SIDE_STYLE('',(#14431));
#14431 = SURFACE_STYLE_FILL_AREA(#14432);
#14432 = FILL_AREA_STYLE('',(#14433));
#14433 = FILL_AREA_STYLE_COLOUR('',#13656);
#14434 = STYLED_ITEM('color',(#14435),#10317);
#14435 = PRESENTATION_STYLE_ASSIGNMENT((#14436));
#14436 = SURFACE_STYLE_USAGE(.BOTH.,#14437);
#14437 = SURFACE_SIDE_STYLE('',(#14438));
#14438 = SURFACE_STYLE_FILL_AREA(#14439);
#14439 = FILL_AREA_STYLE('',(#14440));
#14440 = FILL_AREA_STYLE_COLOUR('',#13656);
#14441 = STYLED_ITEM('color',(#14442),#10341);
#14442 = PRESENTATION_STYLE_ASSIGNMENT((#14443));
#14443 = SURFACE_STYLE_USAGE(.BOTH.,#14444);
#14444 = SURFACE_SIDE_STYLE('',(#14445));
#14445 = SURFACE_STYLE_FILL_AREA(#14446);
#14446 = FILL_AREA_STYLE('',(#14447));
#14447 = FILL_AREA_STYLE_COLOUR('',#13656);
#14448 = STYLED_ITEM('color',(#14449),#10358);
#14449 = PRESENTATION_STYLE_ASSIGNMENT((#14450));
#14450 = SURFACE_STYLE_USAGE(.BOTH.,#14451);
#14451 = SURFACE_SIDE_STYLE('',(#14452));
#14452 = SURFACE_STYLE_FILL_AREA(#14453);
#14453 = FILL_AREA_STYLE('',(#14454));
#14454 = FILL_AREA_STYLE_COLOUR('',#13656);
#14455 = STYLED_ITEM('color',(#14456),#10389);
#14456 = PRESENTATION_STYLE_ASSIGNMENT((#14457));
#14457 = SURFACE_STYLE_USAGE(.BOTH.,#14458);
#14458 = SURFACE_SIDE_STYLE('',(#14459));
#14459 = SURFACE_STYLE_FILL_AREA(#14460);
#14460 = FILL_AREA_STYLE('',(#14461));
#14461 = FILL_AREA_STYLE_COLOUR('',#13656);
#14462 = STYLED_ITEM('color',(#14463),#10413);
#14463 = PRESENTATION_STYLE_ASSIGNMENT((#14464));
#14464 = SURFACE_STYLE_USAGE(.BOTH.,#14465);
#14465 = SURFACE_SIDE_STYLE('',(#14466));
#14466 = SURFACE_STYLE_FILL_AREA(#14467);
#14467 = FILL_AREA_STYLE('',(#14468));
#14468 = FILL_AREA_STYLE_COLOUR('',#13656);
#14469 = STYLED_ITEM('color',(#14470),#10437);
#14470 = PRESENTATION_STYLE_ASSIGNMENT((#14471));
#14471 = SURFACE_STYLE_USAGE(.BOTH.,#14472);
#14472 = SURFACE_SIDE_STYLE('',(#14473));
#14473 = SURFACE_STYLE_FILL_AREA(#14474);
#14474 = FILL_AREA_STYLE('',(#14475));
#14475 = FILL_AREA_STYLE_COLOUR('',#13656);
#14476 = STYLED_ITEM('color',(#14477),#10454);
#14477 = PRESENTATION_STYLE_ASSIGNMENT((#14478));
#14478 = SURFACE_STYLE_USAGE(.BOTH.,#14479);
#14479 = SURFACE_SIDE_STYLE('',(#14480));
#14480 = SURFACE_STYLE_FILL_AREA(#14481);
#14481 = FILL_AREA_STYLE('',(#14482));
#14482 = FILL_AREA_STYLE_COLOUR('',#13656);
#14483 = STYLED_ITEM('color',(#14484),#10485);
#14484 = PRESENTATION_STYLE_ASSIGNMENT((#14485));
#14485 = SURFACE_STYLE_USAGE(.BOTH.,#14486);
#14486 = SURFACE_SIDE_STYLE('',(#14487));
#14487 = SURFACE_STYLE_FILL_AREA(#14488);
#14488 = FILL_AREA_STYLE('',(#14489));
#14489 = FILL_AREA_STYLE_COLOUR('',#13656);
#14490 = STYLED_ITEM('color',(#14491),#10509);
#14491 = PRESENTATION_STYLE_ASSIGNMENT((#14492));
#14492 = SURFACE_STYLE_USAGE(.BOTH.,#14493);
#14493 = SURFACE_SIDE_STYLE('',(#14494));
#14494 = SURFACE_STYLE_FILL_AREA(#14495);
#14495 = FILL_AREA_STYLE('',(#14496));
#14496 = FILL_AREA_STYLE_COLOUR('',#13656);
#14497 = STYLED_ITEM('color',(#14498),#10533);
#14498 = PRESENTATION_STYLE_ASSIGNMENT((#14499));
#14499 = SURFACE_STYLE_USAGE(.BOTH.,#14500);
#14500 = SURFACE_SIDE_STYLE('',(#14501));
#14501 = SURFACE_STYLE_FILL_AREA(#14502);
#14502 = FILL_AREA_STYLE('',(#14503));
#14503 = FILL_AREA_STYLE_COLOUR('',#13656);
#14504 = STYLED_ITEM('color',(#14505),#10550);
#14505 = PRESENTATION_STYLE_ASSIGNMENT((#14506));
#14506 = SURFACE_STYLE_USAGE(.BOTH.,#14507);
#14507 = SURFACE_SIDE_STYLE('',(#14508));
#14508 = SURFACE_STYLE_FILL_AREA(#14509);
#14509 = FILL_AREA_STYLE('',(#14510));
#14510 = FILL_AREA_STYLE_COLOUR('',#13656);
#14511 = STYLED_ITEM('color',(#14512),#10581);
#14512 = PRESENTATION_STYLE_ASSIGNMENT((#14513));
#14513 = SURFACE_STYLE_USAGE(.BOTH.,#14514);
#14514 = SURFACE_SIDE_STYLE('',(#14515));
#14515 = SURFACE_STYLE_FILL_AREA(#14516);
#14516 = FILL_AREA_STYLE('',(#14517));
#14517 = FILL_AREA_STYLE_COLOUR('',#13656);
#14518 = STYLED_ITEM('color',(#14519),#10605);
#14519 = PRESENTATION_STYLE_ASSIGNMENT((#14520));
#14520 = SURFACE_STYLE_USAGE(.BOTH.,#14521);
#14521 = SURFACE_SIDE_STYLE('',(#14522));
#14522 = SURFACE_STYLE_FILL_AREA(#14523);
#14523 = FILL_AREA_STYLE('',(#14524));
#14524 = FILL_AREA_STYLE_COLOUR('',#13656);
#14525 = STYLED_ITEM('color',(#14526),#10629);
#14526 = PRESENTATION_STYLE_ASSIGNMENT((#14527));
#14527 = SURFACE_STYLE_USAGE(.BOTH.,#14528);
#14528 = SURFACE_SIDE_STYLE('',(#14529));
#14529 = SURFACE_STYLE_FILL_AREA(#14530);
#14530 = FILL_AREA_STYLE('',(#14531));
#14531 = FILL_AREA_STYLE_COLOUR('',#13656);
#14532 = STYLED_ITEM('color',(#14533),#10646);
#14533 = PRESENTATION_STYLE_ASSIGNMENT((#14534));
#14534 = SURFACE_STYLE_USAGE(.BOTH.,#14535);
#14535 = SURFACE_SIDE_STYLE('',(#14536));
#14536 = SURFACE_STYLE_FILL_AREA(#14537);
#14537 = FILL_AREA_STYLE('',(#14538));
#14538 = FILL_AREA_STYLE_COLOUR('',#13656);
#14539 = STYLED_ITEM('color',(#14540),#10677);
#14540 = PRESENTATION_STYLE_ASSIGNMENT((#14541));
#14541 = SURFACE_STYLE_USAGE(.BOTH.,#14542);
#14542 = SURFACE_SIDE_STYLE('',(#14543));
#14543 = SURFACE_STYLE_FILL_AREA(#14544);
#14544 = FILL_AREA_STYLE('',(#14545));
#14545 = FILL_AREA_STYLE_COLOUR('',#13656);
#14546 = STYLED_ITEM('color',(#14547),#10701);
#14547 = PRESENTATION_STYLE_ASSIGNMENT((#14548));
#14548 = SURFACE_STYLE_USAGE(.BOTH.,#14549);
#14549 = SURFACE_SIDE_STYLE('',(#14550));
#14550 = SURFACE_STYLE_FILL_AREA(#14551);
#14551 = FILL_AREA_STYLE('',(#14552));
#14552 = FILL_AREA_STYLE_COLOUR('',#13656);
#14553 = STYLED_ITEM('color',(#14554),#10725);
#14554 = PRESENTATION_STYLE_ASSIGNMENT((#14555));
#14555 = SURFACE_STYLE_USAGE(.BOTH.,#14556);
#14556 = SURFACE_SIDE_STYLE('',(#14557));
#14557 = SURFACE_STYLE_FILL_AREA(#14558);
#14558 = FILL_AREA_STYLE('',(#14559));
#14559 = FILL_AREA_STYLE_COLOUR('',#13656);
#14560 = STYLED_ITEM('color',(#14561),#10742);
#14561 = PRESENTATION_STYLE_ASSIGNMENT((#14562));
#14562 = SURFACE_STYLE_USAGE(.BOTH.,#14563);
#14563 = SURFACE_SIDE_STYLE('',(#14564));
#14564 = SURFACE_STYLE_FILL_AREA(#14565);
#14565 = FILL_AREA_STYLE('',(#14566));
#14566 = FILL_AREA_STYLE_COLOUR('',#13656);
#14567 = STYLED_ITEM('color',(#14568),#10759);
#14568 = PRESENTATION_STYLE_ASSIGNMENT((#14569));
#14569 = SURFACE_STYLE_USAGE(.BOTH.,#14570);
#14570 = SURFACE_SIDE_STYLE('',(#14571));
#14571 = SURFACE_STYLE_FILL_AREA(#14572);
#14572 = FILL_AREA_STYLE('',(#14573));
#14573 = FILL_AREA_STYLE_COLOUR('',#13656);
#14574 = STYLED_ITEM('color',(#14575),#10776);
#14575 = PRESENTATION_STYLE_ASSIGNMENT((#14576));
#14576 = SURFACE_STYLE_USAGE(.BOTH.,#14577);
#14577 = SURFACE_SIDE_STYLE('',(#14578));
#14578 = SURFACE_STYLE_FILL_AREA(#14579);
#14579 = FILL_AREA_STYLE('',(#14580));
#14580 = FILL_AREA_STYLE_COLOUR('',#13656);
#14581 = STYLED_ITEM('color',(#14582),#10788);
#14582 = PRESENTATION_STYLE_ASSIGNMENT((#14583));
#14583 = SURFACE_STYLE_USAGE(.BOTH.,#14584);
#14584 = SURFACE_SIDE_STYLE('',(#14585));
#14585 = SURFACE_STYLE_FILL_AREA(#14586);
#14586 = FILL_AREA_STYLE('',(#14587));
#14587 = FILL_AREA_STYLE_COLOUR('',#13656);
#14588 = STYLED_ITEM('color',(#14589),#10819);
#14589 = PRESENTATION_STYLE_ASSIGNMENT((#14590));
#14590 = SURFACE_STYLE_USAGE(.BOTH.,#14591);
#14591 = SURFACE_SIDE_STYLE('',(#14592));
#14592 = SURFACE_STYLE_FILL_AREA(#14593);
#14593 = FILL_AREA_STYLE('',(#14594));
#14594 = FILL_AREA_STYLE_COLOUR('',#13656);
#14595 = STYLED_ITEM('color',(#14596),#10843);
#14596 = PRESENTATION_STYLE_ASSIGNMENT((#14597));
#14597 = SURFACE_STYLE_USAGE(.BOTH.,#14598);
#14598 = SURFACE_SIDE_STYLE('',(#14599));
#14599 = SURFACE_STYLE_FILL_AREA(#14600);
#14600 = FILL_AREA_STYLE('',(#14601));
#14601 = FILL_AREA_STYLE_COLOUR('',#13656);
#14602 = STYLED_ITEM('color',(#14603),#10867);
#14603 = PRESENTATION_STYLE_ASSIGNMENT((#14604));
#14604 = SURFACE_STYLE_USAGE(.BOTH.,#14605);
#14605 = SURFACE_SIDE_STYLE('',(#14606));
#14606 = SURFACE_STYLE_FILL_AREA(#14607);
#14607 = FILL_AREA_STYLE('',(#14608));
#14608 = FILL_AREA_STYLE_COLOUR('',#13656);
#14609 = STYLED_ITEM('color',(#14610),#10884);
#14610 = PRESENTATION_STYLE_ASSIGNMENT((#14611));
#14611 = SURFACE_STYLE_USAGE(.BOTH.,#14612);
#14612 = SURFACE_SIDE_STYLE('',(#14613));
#14613 = SURFACE_STYLE_FILL_AREA(#14614);
#14614 = FILL_AREA_STYLE('',(#14615));
#14615 = FILL_AREA_STYLE_COLOUR('',#13656);
#14616 = STYLED_ITEM('color',(#14617),#10915);
#14617 = PRESENTATION_STYLE_ASSIGNMENT((#14618));
#14618 = SURFACE_STYLE_USAGE(.BOTH.,#14619);
#14619 = SURFACE_SIDE_STYLE('',(#14620));
#14620 = SURFACE_STYLE_FILL_AREA(#14621);
#14621 = FILL_AREA_STYLE('',(#14622));
#14622 = FILL_AREA_STYLE_COLOUR('',#13656);
#14623 = STYLED_ITEM('color',(#14624),#10939);
#14624 = PRESENTATION_STYLE_ASSIGNMENT((#14625));
#14625 = SURFACE_STYLE_USAGE(.BOTH.,#14626);
#14626 = SURFACE_SIDE_STYLE('',(#14627));
#14627 = SURFACE_STYLE_FILL_AREA(#14628);
#14628 = FILL_AREA_STYLE('',(#14629));
#14629 = FILL_AREA_STYLE_COLOUR('',#13656);
#14630 = STYLED_ITEM('color',(#14631),#10963);
#14631 = PRESENTATION_STYLE_ASSIGNMENT((#14632));
#14632 = SURFACE_STYLE_USAGE(.BOTH.,#14633);
#14633 = SURFACE_SIDE_STYLE('',(#14634));
#14634 = SURFACE_STYLE_FILL_AREA(#14635);
#14635 = FILL_AREA_STYLE('',(#14636));
#14636 = FILL_AREA_STYLE_COLOUR('',#13656);
#14637 = STYLED_ITEM('color',(#14638),#10980);
#14638 = PRESENTATION_STYLE_ASSIGNMENT((#14639));
#14639 = SURFACE_STYLE_USAGE(.BOTH.,#14640);
#14640 = SURFACE_SIDE_STYLE('',(#14641));
#14641 = SURFACE_STYLE_FILL_AREA(#14642);
#14642 = FILL_AREA_STYLE('',(#14643));
#14643 = FILL_AREA_STYLE_COLOUR('',#13656);
#14644 = STYLED_ITEM('color',(#14645),#11011);
#14645 = PRESENTATION_STYLE_ASSIGNMENT((#14646));
#14646 = SURFACE_STYLE_USAGE(.BOTH.,#14647);
#14647 = SURFACE_SIDE_STYLE('',(#14648));
#14648 = SURFACE_STYLE_FILL_AREA(#14649);
#14649 = FILL_AREA_STYLE('',(#14650));
#14650 = FILL_AREA_STYLE_COLOUR('',#13656);
#14651 = STYLED_ITEM('color',(#14652),#11035);
#14652 = PRESENTATION_STYLE_ASSIGNMENT((#14653));
#14653 = SURFACE_STYLE_USAGE(.BOTH.,#14654);
#14654 = SURFACE_SIDE_STYLE('',(#14655));
#14655 = SURFACE_STYLE_FILL_AREA(#14656);
#14656 = FILL_AREA_STYLE('',(#14657));
#14657 = FILL_AREA_STYLE_COLOUR('',#13656);
#14658 = STYLED_ITEM('color',(#14659),#11059);
#14659 = PRESENTATION_STYLE_ASSIGNMENT((#14660));
#14660 = SURFACE_STYLE_USAGE(.BOTH.,#14661);
#14661 = SURFACE_SIDE_STYLE('',(#14662));
#14662 = SURFACE_STYLE_FILL_AREA(#14663);
#14663 = FILL_AREA_STYLE('',(#14664));
#14664 = FILL_AREA_STYLE_COLOUR('',#13656);
#14665 = STYLED_ITEM('color',(#14666),#11076);
#14666 = PRESENTATION_STYLE_ASSIGNMENT((#14667));
#14667 = SURFACE_STYLE_USAGE(.BOTH.,#14668);
#14668 = SURFACE_SIDE_STYLE('',(#14669));
#14669 = SURFACE_STYLE_FILL_AREA(#14670);
#14670 = FILL_AREA_STYLE('',(#14671));
#14671 = FILL_AREA_STYLE_COLOUR('',#13656);
#14672 = STYLED_ITEM('color',(#14673),#11107);
#14673 = PRESENTATION_STYLE_ASSIGNMENT((#14674));
#14674 = SURFACE_STYLE_USAGE(.BOTH.,#14675);
#14675 = SURFACE_SIDE_STYLE('',(#14676));
#14676 = SURFACE_STYLE_FILL_AREA(#14677);
#14677 = FILL_AREA_STYLE('',(#14678));
#14678 = FILL_AREA_STYLE_COLOUR('',#13656);
#14679 = STYLED_ITEM('color',(#14680),#11131);
#14680 = PRESENTATION_STYLE_ASSIGNMENT((#14681));
#14681 = SURFACE_STYLE_USAGE(.BOTH.,#14682);
#14682 = SURFACE_SIDE_STYLE('',(#14683));
#14683 = SURFACE_STYLE_FILL_AREA(#14684);
#14684 = FILL_AREA_STYLE('',(#14685));
#14685 = FILL_AREA_STYLE_COLOUR('',#13656);
#14686 = STYLED_ITEM('color',(#14687),#11155);
#14687 = PRESENTATION_STYLE_ASSIGNMENT((#14688));
#14688 = SURFACE_STYLE_USAGE(.BOTH.,#14689);
#14689 = SURFACE_SIDE_STYLE('',(#14690));
#14690 = SURFACE_STYLE_FILL_AREA(#14691);
#14691 = FILL_AREA_STYLE('',(#14692));
#14692 = FILL_AREA_STYLE_COLOUR('',#13656);
#14693 = STYLED_ITEM('color',(#14694),#11172);
#14694 = PRESENTATION_STYLE_ASSIGNMENT((#14695));
#14695 = SURFACE_STYLE_USAGE(.BOTH.,#14696);
#14696 = SURFACE_SIDE_STYLE('',(#14697));
#14697 = SURFACE_STYLE_FILL_AREA(#14698);
#14698 = FILL_AREA_STYLE('',(#14699));
#14699 = FILL_AREA_STYLE_COLOUR('',#13656);
#14700 = STYLED_ITEM('color',(#14701),#11203);
#14701 = PRESENTATION_STYLE_ASSIGNMENT((#14702));
#14702 = SURFACE_STYLE_USAGE(.BOTH.,#14703);
#14703 = SURFACE_SIDE_STYLE('',(#14704));
#14704 = SURFACE_STYLE_FILL_AREA(#14705);
#14705 = FILL_AREA_STYLE('',(#14706));
#14706 = FILL_AREA_STYLE_COLOUR('',#13656);
#14707 = STYLED_ITEM('color',(#14708),#11227);
#14708 = PRESENTATION_STYLE_ASSIGNMENT((#14709));
#14709 = SURFACE_STYLE_USAGE(.BOTH.,#14710);
#14710 = SURFACE_SIDE_STYLE('',(#14711));
#14711 = SURFACE_STYLE_FILL_AREA(#14712);
#14712 = FILL_AREA_STYLE('',(#14713));
#14713 = FILL_AREA_STYLE_COLOUR('',#13656);
#14714 = STYLED_ITEM('color',(#14715),#11251);
#14715 = PRESENTATION_STYLE_ASSIGNMENT((#14716));
#14716 = SURFACE_STYLE_USAGE(.BOTH.,#14717);
#14717 = SURFACE_SIDE_STYLE('',(#14718));
#14718 = SURFACE_STYLE_FILL_AREA(#14719);
#14719 = FILL_AREA_STYLE('',(#14720));
#14720 = FILL_AREA_STYLE_COLOUR('',#13656);
#14721 = STYLED_ITEM('color',(#14722),#11268);
#14722 = PRESENTATION_STYLE_ASSIGNMENT((#14723));
#14723 = SURFACE_STYLE_USAGE(.BOTH.,#14724);
#14724 = SURFACE_SIDE_STYLE('',(#14725));
#14725 = SURFACE_STYLE_FILL_AREA(#14726);
#14726 = FILL_AREA_STYLE('',(#14727));
#14727 = FILL_AREA_STYLE_COLOUR('',#13656);
#14728 = STYLED_ITEM('color',(#14729),#11299);
#14729 = PRESENTATION_STYLE_ASSIGNMENT((#14730));
#14730 = SURFACE_STYLE_USAGE(.BOTH.,#14731);
#14731 = SURFACE_SIDE_STYLE('',(#14732));
#14732 = SURFACE_STYLE_FILL_AREA(#14733);
#14733 = FILL_AREA_STYLE('',(#14734));
#14734 = FILL_AREA_STYLE_COLOUR('',#13656);
#14735 = STYLED_ITEM('color',(#14736),#11323);
#14736 = PRESENTATION_STYLE_ASSIGNMENT((#14737));
#14737 = SURFACE_STYLE_USAGE(.BOTH.,#14738);
#14738 = SURFACE_SIDE_STYLE('',(#14739));
#14739 = SURFACE_STYLE_FILL_AREA(#14740);
#14740 = FILL_AREA_STYLE('',(#14741));
#14741 = FILL_AREA_STYLE_COLOUR('',#13656);
#14742 = STYLED_ITEM('color',(#14743),#11347);
#14743 = PRESENTATION_STYLE_ASSIGNMENT((#14744));
#14744 = SURFACE_STYLE_USAGE(.BOTH.,#14745);
#14745 = SURFACE_SIDE_STYLE('',(#14746));
#14746 = SURFACE_STYLE_FILL_AREA(#14747);
#14747 = FILL_AREA_STYLE('',(#14748));
#14748 = FILL_AREA_STYLE_COLOUR('',#13656);
#14749 = STYLED_ITEM('color',(#14750),#11364);
#14750 = PRESENTATION_STYLE_ASSIGNMENT((#14751));
#14751 = SURFACE_STYLE_USAGE(.BOTH.,#14752);
#14752 = SURFACE_SIDE_STYLE('',(#14753));
#14753 = SURFACE_STYLE_FILL_AREA(#14754);
#14754 = FILL_AREA_STYLE('',(#14755));
#14755 = FILL_AREA_STYLE_COLOUR('',#13656);
#14756 = STYLED_ITEM('color',(#14757),#11395);
#14757 = PRESENTATION_STYLE_ASSIGNMENT((#14758));
#14758 = SURFACE_STYLE_USAGE(.BOTH.,#14759);
#14759 = SURFACE_SIDE_STYLE('',(#14760));
#14760 = SURFACE_STYLE_FILL_AREA(#14761);
#14761 = FILL_AREA_STYLE('',(#14762));
#14762 = FILL_AREA_STYLE_COLOUR('',#13656);
#14763 = STYLED_ITEM('color',(#14764),#11419);
#14764 = PRESENTATION_STYLE_ASSIGNMENT((#14765));
#14765 = SURFACE_STYLE_USAGE(.BOTH.,#14766);
#14766 = SURFACE_SIDE_STYLE('',(#14767));
#14767 = SURFACE_STYLE_FILL_AREA(#14768);
#14768 = FILL_AREA_STYLE('',(#14769));
#14769 = FILL_AREA_STYLE_COLOUR('',#13656);
#14770 = STYLED_ITEM('color',(#14771),#11443);
#14771 = PRESENTATION_STYLE_ASSIGNMENT((#14772));
#14772 = SURFACE_STYLE_USAGE(.BOTH.,#14773);
#14773 = SURFACE_SIDE_STYLE('',(#14774));
#14774 = SURFACE_STYLE_FILL_AREA(#14775);
#14775 = FILL_AREA_STYLE('',(#14776));
#14776 = FILL_AREA_STYLE_COLOUR('',#13656);
#14777 = STYLED_ITEM('color',(#14778),#11460);
#14778 = PRESENTATION_STYLE_ASSIGNMENT((#14779));
#14779 = SURFACE_STYLE_USAGE(.BOTH.,#14780);
#14780 = SURFACE_SIDE_STYLE('',(#14781));
#14781 = SURFACE_STYLE_FILL_AREA(#14782);
#14782 = FILL_AREA_STYLE('',(#14783));
#14783 = FILL_AREA_STYLE_COLOUR('',#13656);
#14784 = STYLED_ITEM('color',(#14785),#11491);
#14785 = PRESENTATION_STYLE_ASSIGNMENT((#14786));
#14786 = SURFACE_STYLE_USAGE(.BOTH.,#14787);
#14787 = SURFACE_SIDE_STYLE('',(#14788));
#14788 = SURFACE_STYLE_FILL_AREA(#14789);
#14789 = FILL_AREA_STYLE('',(#14790));
#14790 = FILL_AREA_STYLE_COLOUR('',#13656);
#14791 = STYLED_ITEM('color',(#14792),#11515);
#14792 = PRESENTATION_STYLE_ASSIGNMENT((#14793));
#14793 = SURFACE_STYLE_USAGE(.BOTH.,#14794);
#14794 = SURFACE_SIDE_STYLE('',(#14795));
#14795 = SURFACE_STYLE_FILL_AREA(#14796);
#14796 = FILL_AREA_STYLE('',(#14797));
#14797 = FILL_AREA_STYLE_COLOUR('',#13656);
#14798 = STYLED_ITEM('color',(#14799),#11539);
#14799 = PRESENTATION_STYLE_ASSIGNMENT((#14800));
#14800 = SURFACE_STYLE_USAGE(.BOTH.,#14801);
#14801 = SURFACE_SIDE_STYLE('',(#14802));
#14802 = SURFACE_STYLE_FILL_AREA(#14803);
#14803 = FILL_AREA_STYLE('',(#14804));
#14804 = FILL_AREA_STYLE_COLOUR('',#13656);
#14805 = STYLED_ITEM('color',(#14806),#11556);
#14806 = PRESENTATION_STYLE_ASSIGNMENT((#14807));
#14807 = SURFACE_STYLE_USAGE(.BOTH.,#14808);
#14808 = SURFACE_SIDE_STYLE('',(#14809));
#14809 = SURFACE_STYLE_FILL_AREA(#14810);
#14810 = FILL_AREA_STYLE('',(#14811));
#14811 = FILL_AREA_STYLE_COLOUR('',#13656);
#14812 = STYLED_ITEM('color',(#14813),#11573);
#14813 = PRESENTATION_STYLE_ASSIGNMENT((#14814));
#14814 = SURFACE_STYLE_USAGE(.BOTH.,#14815);
#14815 = SURFACE_SIDE_STYLE('',(#14816));
#14816 = SURFACE_STYLE_FILL_AREA(#14817);
#14817 = FILL_AREA_STYLE('',(#14818));
#14818 = FILL_AREA_STYLE_COLOUR('',#13656);
#14819 = STYLED_ITEM('color',(#14820),#11590);
#14820 = PRESENTATION_STYLE_ASSIGNMENT((#14821));
#14821 = SURFACE_STYLE_USAGE(.BOTH.,#14822);
#14822 = SURFACE_SIDE_STYLE('',(#14823));
#14823 = SURFACE_STYLE_FILL_AREA(#14824);
#14824 = FILL_AREA_STYLE('',(#14825));
#14825 = FILL_AREA_STYLE_COLOUR('',#13656);
#14826 = STYLED_ITEM('color',(#14827),#11602);
#14827 = PRESENTATION_STYLE_ASSIGNMENT((#14828));
#14828 = SURFACE_STYLE_USAGE(.BOTH.,#14829);
#14829 = SURFACE_SIDE_STYLE('',(#14830));
#14830 = SURFACE_STYLE_FILL_AREA(#14831);
#14831 = FILL_AREA_STYLE('',(#14832));
#14832 = FILL_AREA_STYLE_COLOUR('',#13656);
#14833 = STYLED_ITEM('color',(#14834),#11614);
#14834 = PRESENTATION_STYLE_ASSIGNMENT((#14835));
#14835 = SURFACE_STYLE_USAGE(.BOTH.,#14836);
#14836 = SURFACE_SIDE_STYLE('',(#14837));
#14837 = SURFACE_STYLE_FILL_AREA(#14838);
#14838 = FILL_AREA_STYLE('',(#14839));
#14839 = FILL_AREA_STYLE_COLOUR('',#13656);
#14840 = STYLED_ITEM('color',(#14841),#11626);
#14841 = PRESENTATION_STYLE_ASSIGNMENT((#14842));
#14842 = SURFACE_STYLE_USAGE(.BOTH.,#14843);
#14843 = SURFACE_SIDE_STYLE('',(#14844));
#14844 = SURFACE_STYLE_FILL_AREA(#14845);
#14845 = FILL_AREA_STYLE('',(#14846));
#14846 = FILL_AREA_STYLE_COLOUR('',#13656);
#14847 = STYLED_ITEM('color',(#14848),#11638);
#14848 = PRESENTATION_STYLE_ASSIGNMENT((#14849));
#14849 = SURFACE_STYLE_USAGE(.BOTH.,#14850);
#14850 = SURFACE_SIDE_STYLE('',(#14851));
#14851 = SURFACE_STYLE_FILL_AREA(#14852);
#14852 = FILL_AREA_STYLE('',(#14853));
#14853 = FILL_AREA_STYLE_COLOUR('',#13656);
#14854 = STYLED_ITEM('color',(#14855),#11650);
#14855 = PRESENTATION_STYLE_ASSIGNMENT((#14856));
#14856 = SURFACE_STYLE_USAGE(.BOTH.,#14857);
#14857 = SURFACE_SIDE_STYLE('',(#14858));
#14858 = SURFACE_STYLE_FILL_AREA(#14859);
#14859 = FILL_AREA_STYLE('',(#14860));
#14860 = FILL_AREA_STYLE_COLOUR('',#13656);
#14861 = STYLED_ITEM('color',(#14862),#11662);
#14862 = PRESENTATION_STYLE_ASSIGNMENT((#14863));
#14863 = SURFACE_STYLE_USAGE(.BOTH.,#14864);
#14864 = SURFACE_SIDE_STYLE('',(#14865));
#14865 = SURFACE_STYLE_FILL_AREA(#14866);
#14866 = FILL_AREA_STYLE('',(#14867));
#14867 = FILL_AREA_STYLE_COLOUR('',#13656);
#14868 = STYLED_ITEM('color',(#14869),#11674);
#14869 = PRESENTATION_STYLE_ASSIGNMENT((#14870));
#14870 = SURFACE_STYLE_USAGE(.BOTH.,#14871);
#14871 = SURFACE_SIDE_STYLE('',(#14872));
#14872 = SURFACE_STYLE_FILL_AREA(#14873);
#14873 = FILL_AREA_STYLE('',(#14874));
#14874 = FILL_AREA_STYLE_COLOUR('',#13656);
#14875 = STYLED_ITEM('color',(#14876),#11686);
#14876 = PRESENTATION_STYLE_ASSIGNMENT((#14877));
#14877 = SURFACE_STYLE_USAGE(.BOTH.,#14878);
#14878 = SURFACE_SIDE_STYLE('',(#14879));
#14879 = SURFACE_STYLE_FILL_AREA(#14880);
#14880 = FILL_AREA_STYLE('',(#14881));
#14881 = FILL_AREA_STYLE_COLOUR('',#13656);
#14882 = STYLED_ITEM('color',(#14883),#11698);
#14883 = PRESENTATION_STYLE_ASSIGNMENT((#14884));
#14884 = SURFACE_STYLE_USAGE(.BOTH.,#14885);
#14885 = SURFACE_SIDE_STYLE('',(#14886));
#14886 = SURFACE_STYLE_FILL_AREA(#14887);
#14887 = FILL_AREA_STYLE('',(#14888));
#14888 = FILL_AREA_STYLE_COLOUR('',#13656);
#14889 = STYLED_ITEM('color',(#14890),#11710);
#14890 = PRESENTATION_STYLE_ASSIGNMENT((#14891));
#14891 = SURFACE_STYLE_USAGE(.BOTH.,#14892);
#14892 = SURFACE_SIDE_STYLE('',(#14893));
#14893 = SURFACE_STYLE_FILL_AREA(#14894);
#14894 = FILL_AREA_STYLE('',(#14895));
#14895 = FILL_AREA_STYLE_COLOUR('',#13656);
#14896 = STYLED_ITEM('color',(#14897),#11722);
#14897 = PRESENTATION_STYLE_ASSIGNMENT((#14898));
#14898 = SURFACE_STYLE_USAGE(.BOTH.,#14899);
#14899 = SURFACE_SIDE_STYLE('',(#14900));
#14900 = SURFACE_STYLE_FILL_AREA(#14901);
#14901 = FILL_AREA_STYLE('',(#14902));
#14902 = FILL_AREA_STYLE_COLOUR('',#13656);
#14903 = STYLED_ITEM('color',(#14904),#11734);
#14904 = PRESENTATION_STYLE_ASSIGNMENT((#14905));
#14905 = SURFACE_STYLE_USAGE(.BOTH.,#14906);
#14906 = SURFACE_SIDE_STYLE('',(#14907));
#14907 = SURFACE_STYLE_FILL_AREA(#14908);
#14908 = FILL_AREA_STYLE('',(#14909));
#14909 = FILL_AREA_STYLE_COLOUR('',#13656);
#14910 = STYLED_ITEM('color',(#14911),#11746);
#14911 = PRESENTATION_STYLE_ASSIGNMENT((#14912));
#14912 = SURFACE_STYLE_USAGE(.BOTH.,#14913);
#14913 = SURFACE_SIDE_STYLE('',(#14914));
#14914 = SURFACE_STYLE_FILL_AREA(#14915);
#14915 = FILL_AREA_STYLE('',(#14916));
#14916 = FILL_AREA_STYLE_COLOUR('',#13656);
#14917 = STYLED_ITEM('color',(#14918),#11758);
#14918 = PRESENTATION_STYLE_ASSIGNMENT((#14919));
#14919 = SURFACE_STYLE_USAGE(.BOTH.,#14920);
#14920 = SURFACE_SIDE_STYLE('',(#14921));
#14921 = SURFACE_STYLE_FILL_AREA(#14922);
#14922 = FILL_AREA_STYLE('',(#14923));
#14923 = FILL_AREA_STYLE_COLOUR('',#13656);
#14924 = MECHANICAL_DESIGN_GEOMETRIC_PRESENTATION_REPRESENTATION('',(
    #14925,#14932,#14939,#14946,#14953,#14960,#14967,#14974,#14981,
    #14988,#14995,#15003,#15010,#15017,#15024,#15031,#15038,#15045,
    #15052,#15059,#15066,#15073,#15080,#15087,#15094,#15101,#15108,
    #15115),#1770);
#14925 = STYLED_ITEM('color',(#14926),#918);
#14926 = PRESENTATION_STYLE_ASSIGNMENT((#14927));
#14927 = SURFACE_STYLE_USAGE(.BOTH.,#14928);
#14928 = SURFACE_SIDE_STYLE('',(#14929));
#14929 = SURFACE_STYLE_FILL_AREA(#14930);
#14930 = FILL_AREA_STYLE('',(#14931));
#14931 = FILL_AREA_STYLE_COLOUR('',#12358);
#14932 = STYLED_ITEM('color',(#14933),#994);
#14933 = PRESENTATION_STYLE_ASSIGNMENT((#14934));
#14934 = SURFACE_STYLE_USAGE(.BOTH.,#14935);
#14935 = SURFACE_SIDE_STYLE('',(#14936));
#14936 = SURFACE_STYLE_FILL_AREA(#14937);
#14937 = FILL_AREA_STYLE('',(#14938));
#14938 = FILL_AREA_STYLE_COLOUR('',#12358);
#14939 = STYLED_ITEM('color',(#14940),#1025);
#14940 = PRESENTATION_STYLE_ASSIGNMENT((#14941));
#14941 = SURFACE_STYLE_USAGE(.BOTH.,#14942);
#14942 = SURFACE_SIDE_STYLE('',(#14943));
#14943 = SURFACE_STYLE_FILL_AREA(#14944);
#14944 = FILL_AREA_STYLE('',(#14945));
#14945 = FILL_AREA_STYLE_COLOUR('',#12358);
#14946 = STYLED_ITEM('color',(#14947),#1050);
#14947 = PRESENTATION_STYLE_ASSIGNMENT((#14948));
#14948 = SURFACE_STYLE_USAGE(.BOTH.,#14949);
#14949 = SURFACE_SIDE_STYLE('',(#14950));
#14950 = SURFACE_STYLE_FILL_AREA(#14951);
#14951 = FILL_AREA_STYLE('',(#14952));
#14952 = FILL_AREA_STYLE_COLOUR('',#12358);
#14953 = STYLED_ITEM('color',(#14954),#1075);
#14954 = PRESENTATION_STYLE_ASSIGNMENT((#14955));
#14955 = SURFACE_STYLE_USAGE(.BOTH.,#14956);
#14956 = SURFACE_SIDE_STYLE('',(#14957));
#14957 = SURFACE_STYLE_FILL_AREA(#14958);
#14958 = FILL_AREA_STYLE('',(#14959));
#14959 = FILL_AREA_STYLE_COLOUR('',#12358);
#14960 = STYLED_ITEM('color',(#14961),#1099);
#14961 = PRESENTATION_STYLE_ASSIGNMENT((#14962));
#14962 = SURFACE_STYLE_USAGE(.BOTH.,#14963);
#14963 = SURFACE_SIDE_STYLE('',(#14964));
#14964 = SURFACE_STYLE_FILL_AREA(#14965);
#14965 = FILL_AREA_STYLE('',(#14966));
#14966 = FILL_AREA_STYLE_COLOUR('',#12358);
#14967 = STYLED_ITEM('color',(#14968),#1123);
#14968 = PRESENTATION_STYLE_ASSIGNMENT((#14969));
#14969 = SURFACE_STYLE_USAGE(.BOTH.,#14970);
#14970 = SURFACE_SIDE_STYLE('',(#14971));
#14971 = SURFACE_STYLE_FILL_AREA(#14972);
#14972 = FILL_AREA_STYLE('',(#14973));
#14973 = FILL_AREA_STYLE_COLOUR('',#12358);
#14974 = STYLED_ITEM('color',(#14975),#1148);
#14975 = PRESENTATION_STYLE_ASSIGNMENT((#14976));
#14976 = SURFACE_STYLE_USAGE(.BOTH.,#14977);
#14977 = SURFACE_SIDE_STYLE('',(#14978));
#14978 = SURFACE_STYLE_FILL_AREA(#14979);
#14979 = FILL_AREA_STYLE('',(#14980));
#14980 = FILL_AREA_STYLE_COLOUR('',#12358);
#14981 = STYLED_ITEM('color',(#14982),#1173);
#14982 = PRESENTATION_STYLE_ASSIGNMENT((#14983));
#14983 = SURFACE_STYLE_USAGE(.BOTH.,#14984);
#14984 = SURFACE_SIDE_STYLE('',(#14985));
#14985 = SURFACE_STYLE_FILL_AREA(#14986);
#14986 = FILL_AREA_STYLE('',(#14987));
#14987 = FILL_AREA_STYLE_COLOUR('',#12358);
#14988 = STYLED_ITEM('color',(#14989),#1190);
#14989 = PRESENTATION_STYLE_ASSIGNMENT((#14990));
#14990 = SURFACE_STYLE_USAGE(.BOTH.,#14991);
#14991 = SURFACE_SIDE_STYLE('',(#14992));
#14992 = SURFACE_STYLE_FILL_AREA(#14993);
#14993 = FILL_AREA_STYLE('',(#14994));
#14994 = FILL_AREA_STYLE_COLOUR('',#12358);
#14995 = STYLED_ITEM('color',(#14996),#1276);
#14996 = PRESENTATION_STYLE_ASSIGNMENT((#14997));
#14997 = SURFACE_STYLE_USAGE(.BOTH.,#14998);
#14998 = SURFACE_SIDE_STYLE('',(#14999));
#14999 = SURFACE_STYLE_FILL_AREA(#15000);
#15000 = FILL_AREA_STYLE('',(#15001));
#15001 = FILL_AREA_STYLE_COLOUR('',#15002);
#15002 = COLOUR_RGB('',0.379000005575,0.270000008848,0.214999999939);
#15003 = STYLED_ITEM('color',(#15004),#1308);
#15004 = PRESENTATION_STYLE_ASSIGNMENT((#15005));
#15005 = SURFACE_STYLE_USAGE(.BOTH.,#15006);
#15006 = SURFACE_SIDE_STYLE('',(#15007));
#15007 = SURFACE_STYLE_FILL_AREA(#15008);
#15008 = FILL_AREA_STYLE('',(#15009));
#15009 = FILL_AREA_STYLE_COLOUR('',#15002);
#15010 = STYLED_ITEM('color',(#15011),#1332);
#15011 = PRESENTATION_STYLE_ASSIGNMENT((#15012));
#15012 = SURFACE_STYLE_USAGE(.BOTH.,#15013);
#15013 = SURFACE_SIDE_STYLE('',(#15014));
#15014 = SURFACE_STYLE_FILL_AREA(#15015);
#15015 = FILL_AREA_STYLE('',(#15016));
#15016 = FILL_AREA_STYLE_COLOUR('',#15002);
#15017 = STYLED_ITEM('color',(#15018),#1357);
#15018 = PRESENTATION_STYLE_ASSIGNMENT((#15019));
#15019 = SURFACE_STYLE_USAGE(.BOTH.,#15020);
#15020 = SURFACE_SIDE_STYLE('',(#15021));
#15021 = SURFACE_STYLE_FILL_AREA(#15022);
#15022 = FILL_AREA_STYLE('',(#15023));
#15023 = FILL_AREA_STYLE_COLOUR('',#15002);
#15024 = STYLED_ITEM('color',(#15025),#1381);
#15025 = PRESENTATION_STYLE_ASSIGNMENT((#15026));
#15026 = SURFACE_STYLE_USAGE(.BOTH.,#15027);
#15027 = SURFACE_SIDE_STYLE('',(#15028));
#15028 = SURFACE_STYLE_FILL_AREA(#15029);
#15029 = FILL_AREA_STYLE('',(#15030));
#15030 = FILL_AREA_STYLE_COLOUR('',#15002);
#15031 = STYLED_ITEM('color',(#15032),#1406);
#15032 = PRESENTATION_STYLE_ASSIGNMENT((#15033));
#15033 = SURFACE_STYLE_USAGE(.BOTH.,#15034);
#15034 = SURFACE_SIDE_STYLE('',(#15035));
#15035 = SURFACE_STYLE_FILL_AREA(#15036);
#15036 = FILL_AREA_STYLE('',(#15037));
#15037 = FILL_AREA_STYLE_COLOUR('',#15002);
#15038 = STYLED_ITEM('color',(#15039),#1430);
#15039 = PRESENTATION_STYLE_ASSIGNMENT((#15040));
#15040 = SURFACE_STYLE_USAGE(.BOTH.,#15041);
#15041 = SURFACE_SIDE_STYLE('',(#15042));
#15042 = SURFACE_STYLE_FILL_AREA(#15043);
#15043 = FILL_AREA_STYLE('',(#15044));
#15044 = FILL_AREA_STYLE_COLOUR('',#15002);
#15045 = STYLED_ITEM('color',(#15046),#1455);
#15046 = PRESENTATION_STYLE_ASSIGNMENT((#15047));
#15047 = SURFACE_STYLE_USAGE(.BOTH.,#15048);
#15048 = SURFACE_SIDE_STYLE('',(#15049));
#15049 = SURFACE_STYLE_FILL_AREA(#15050);
#15050 = FILL_AREA_STYLE('',(#15051));
#15051 = FILL_AREA_STYLE_COLOUR('',#15002);
#15052 = STYLED_ITEM('color',(#15053),#1472);
#15053 = PRESENTATION_STYLE_ASSIGNMENT((#15054));
#15054 = SURFACE_STYLE_USAGE(.BOTH.,#15055);
#15055 = SURFACE_SIDE_STYLE('',(#15056));
#15056 = SURFACE_STYLE_FILL_AREA(#15057);
#15057 = FILL_AREA_STYLE('',(#15058));
#15058 = FILL_AREA_STYLE_COLOUR('',#12358);
#15059 = STYLED_ITEM('color',(#15060),#1558);
#15060 = PRESENTATION_STYLE_ASSIGNMENT((#15061));
#15061 = SURFACE_STYLE_USAGE(.BOTH.,#15062);
#15062 = SURFACE_SIDE_STYLE('',(#15063));
#15063 = SURFACE_STYLE_FILL_AREA(#15064);
#15064 = FILL_AREA_STYLE('',(#15065));
#15065 = FILL_AREA_STYLE_COLOUR('',#12358);
#15066 = STYLED_ITEM('color',(#15067),#1589);
#15067 = PRESENTATION_STYLE_ASSIGNMENT((#15068));
#15068 = SURFACE_STYLE_USAGE(.BOTH.,#15069);
#15069 = SURFACE_SIDE_STYLE('',(#15070));
#15070 = SURFACE_STYLE_FILL_AREA(#15071);
#15071 = FILL_AREA_STYLE('',(#15072));
#15072 = FILL_AREA_STYLE_COLOUR('',#12358);
#15073 = STYLED_ITEM('color',(#15074),#1614);
#15074 = PRESENTATION_STYLE_ASSIGNMENT((#15075));
#15075 = SURFACE_STYLE_USAGE(.BOTH.,#15076);
#15076 = SURFACE_SIDE_STYLE('',(#15077));
#15077 = SURFACE_STYLE_FILL_AREA(#15078);
#15078 = FILL_AREA_STYLE('',(#15079));
#15079 = FILL_AREA_STYLE_COLOUR('',#12358);
#15080 = STYLED_ITEM('color',(#15081),#1639);
#15081 = PRESENTATION_STYLE_ASSIGNMENT((#15082));
#15082 = SURFACE_STYLE_USAGE(.BOTH.,#15083);
#15083 = SURFACE_SIDE_STYLE('',(#15084));
#15084 = SURFACE_STYLE_FILL_AREA(#15085);
#15085 = FILL_AREA_STYLE('',(#15086));
#15086 = FILL_AREA_STYLE_COLOUR('',#12358);
#15087 = STYLED_ITEM('color',(#15088),#1663);
#15088 = PRESENTATION_STYLE_ASSIGNMENT((#15089));
#15089 = SURFACE_STYLE_USAGE(.BOTH.,#15090);
#15090 = SURFACE_SIDE_STYLE('',(#15091));
#15091 = SURFACE_STYLE_FILL_AREA(#15092);
#15092 = FILL_AREA_STYLE('',(#15093));
#15093 = FILL_AREA_STYLE_COLOUR('',#12358);
#15094 = STYLED_ITEM('color',(#15095),#1687);
#15095 = PRESENTATION_STYLE_ASSIGNMENT((#15096));
#15096 = SURFACE_STYLE_USAGE(.BOTH.,#15097);
#15097 = SURFACE_SIDE_STYLE('',(#15098));
#15098 = SURFACE_STYLE_FILL_AREA(#15099);
#15099 = FILL_AREA_STYLE('',(#15100));
#15100 = FILL_AREA_STYLE_COLOUR('',#12358);
#15101 = STYLED_ITEM('color',(#15102),#1712);
#15102 = PRESENTATION_STYLE_ASSIGNMENT((#15103));
#15103 = SURFACE_STYLE_USAGE(.BOTH.,#15104);
#15104 = SURFACE_SIDE_STYLE('',(#15105));
#15105 = SURFACE_STYLE_FILL_AREA(#15106);
#15106 = FILL_AREA_STYLE('',(#15107));
#15107 = FILL_AREA_STYLE_COLOUR('',#12358);
#15108 = STYLED_ITEM('color',(#15109),#1737);
#15109 = PRESENTATION_STYLE_ASSIGNMENT((#15110));
#15110 = SURFACE_STYLE_USAGE(.BOTH.,#15111);
#15111 = SURFACE_SIDE_STYLE('',(#15112));
#15112 = SURFACE_STYLE_FILL_AREA(#15113);
#15113 = FILL_AREA_STYLE('',(#15114));
#15114 = FILL_AREA_STYLE_COLOUR('',#12358);
#15115 = STYLED_ITEM('color',(#15116),#1754);
#15116 = PRESENTATION_STYLE_ASSIGNMENT((#15117));
#15117 = SURFACE_STYLE_USAGE(.BOTH.,#15118);
#15118 = SURFACE_SIDE_STYLE('',(#15119));
#15119 = SURFACE_STYLE_FILL_AREA(#15120);
#15120 = FILL_AREA_STYLE('',(#15121));
#15121 = FILL_AREA_STYLE_COLOUR('',#12358);
ENDSEC;
END-ISO-10303-21;
