host_utc,host_monotonic_ns,source,seq,device_us,state,fault,pitch_rad,v_m_s,bat_V,bus_A,TL_C,TR_C,uL,uR,enabled,run_us,wake_us,imu_io_us,monitor_io_us,encoder_us,fusion_us,feedback_us,pwm_submit_us,jitter_us,max_run_us,max_wake_us,max_jitter_us,sample_missed,log_dropped,command_overflows,reply_dropped,cal_count,head_enabled,p50_run_upper_us,p95_run_upper_us,p99_run_upper_us,p99_wake_upper_us,p99_jitter_upper_us,ax_m_s2,ay_m_s2,az_m_s2,gy_rad_s,vL_m_s,vR_m_s,raw_ax_m_s2,raw_ay_m_s2,raw_az_m_s2,raw_gx_rad_s,raw_gy_rad_s,raw_gz_rad_s,health_fault,driver_ok,estop_ok,imu_ok,monitor_ok,encoders_ok,low_battery,request_support,encoder_count_L,encoder_count_R
2026-09-21T06:31:24.691556+00:00,24858958,SIMULATED,1,1002904,DISARMED,0,-0.000000,0.00000,7.4000,0.0000,25.00,25.00,0.00000,0.00000,0,520,0,500,0,0,0,0,20,0,520,0,0,0,0,0,0,0,0,0,0,0,0,0,0.00000,0.00000,9.80665,0.000000,0.00000,-0.00000,0.00000,0.00000,9.80665,0.000000,0.000000,0.000000,0,1,1,1,1,1,0,0,0,0
2026-09-21T06:31:24.691668+00:00,24971083,SIMULATED,2,1005308,DISARMED,0,-0.000000,0.00000,7.4000,0.0000,25.00,25.00,0.00000,0.00000,0,520,0,500,0,0,0,0,20,0,520,0,0,0,0,0,0,0,0,600,600,600,100,100,0.00000,0.00000,9.80665,0.000000,0.00000,-0.00000,0.00000,0.00000,9.80665,0.000000,0.000000,0.000000,0,1,1,1,1,1,0,0,0,0
2026-09-21T06:31:24.691722+00:00,25024625,SIMULATED,3,1007712,DISARMED,0,-0.000000,0.00000,7.4000,0.0000,25.00,25.00,0.00000,0.00000,0,520,0,500,0,0,0,0,20,0,520,0,0,0,0,0,0,0,0,600,600,600,100,100,0.00000,0.00000,9.80665,0.000000,0.00000,-0.00000,0.00000,0.00000,9.80665,0.000000,0.000000,0.000000,0,1,1,1,1,1,0,0,0,0
2026-09-21T06:31:24.691773+00:00,25075041,SIMULATED,4,1010116,DISARMED,0,-0.000000,0.00000,7.4000,0.0000,25.00,25.00,0.00000,0.00000,0,520,0,500,0,0,0,0,20,0,520,0,0,0,0,0,0,0,0,600,600,600,100,100,0.00000,0.00000,9.80665,0.000000,0.00000,-0.00000,0.00000,0.00000,9.80665,0.000000,0.000000,0.000000,0,1,1,1,1,1,0,0,0,0
2026-09-21T06:31:24.691816+00:00,25117958,SIMULATED,5,1012520,DISARMED,0,-0.000000,0.00000,7.4000,0.0000,25.00,25.00,0.00000,0.00000,0,520,0,500,0,0,0,0,20,0,520,0,0,0,0,0,0,0,0,600,600,600,100,100,0.00000,0.00000,9.80665,0.000000,0.00000,-0.00000,0.00000,0.00000,9.80665,0.000000,0.000000,0.000000,0,1,1,1,1,1,0,0,0,0
2026-09-21T06:31:24.691860+00:00,25162208,SIMULATED,6,1014924,DISARMED,0,-0.000000,0.00000,7.4000,0.0000,25.00,25.00,0.00000,0.00000,0,520,0,500,0,0,0,0,20,0,520,0,0,0,0,0,0,0,0,600,600,600,100,100,0.00000,0.00000,9.80665,0.000000,0.00000,-0.00000,0.00000,0.00000,9.80665,0.000000,0.000000,0.000000,0,1,1,1,1,1,0,0,0,0
2026-09-21T06:31:24.691901+00:00,25203791,SIMULATED,7,1017328,DISARMED,0,-0.000000,0.00000,7.4000,0.0000,25.00,25.00,0.00000,0.00000,0,520,0,500,0,0,0,0,20,0,520,0,0,0,0,0,0,0,0,600,600,600,100,100,0.00000,0.00000,9.80665,0.000000,0.00000,-0.00000,0.00000,0.00000,9.80665,0.000000,0.000000,0.000000,0,1,1,1,1,1,0,0,0,0
2026-09-21T06:31:24.691942+00:00,25244833,SIMULATED,8,1019732,DISARMED,0,-0.000000,0.00000,7.4000,0.0000,25.00,25.00,0.00000,0.00000,0,520,0,500,0,0,0,0,20,0,520,0,0,0,0,0,0,0,0,600,600,600,100,100,0.00000,0.00000,9.80665,0.000000,0.00000,-0.00000,0.00000,0.00000,9.80665,0.000000,0.000000,0.000000,0,1,1,1,1,1,0,0,0,0
2026-09-21T06:31:24.691991+00:00,25293458,SIMULATED,9,1022136,DISARMED,0,-0.000000,0.00000,7.4000,0.0000,25.00,25.00,0.00000,0.00000,0,520,0,500,0,0,0,0,20,0,520,0,0,0,0,0,0,0,0,600,600,600,100,100,0.00000,0.00000,9.80665,0.000000,0.00000,-0.00000,0.00000,0.00000,9.80665,0.000000,0.000000,0.000000,0,1,1,1,1,1,0,0,0,0
2026-09-21T06:31:24.692032+00:00,25334166,SIMULATED,10,1024540,DISARMED,0,-0.000000,0.00000,7.4000,0.0000,25.00,25.00,0.00000,0.00000,0,520,0,500,0,0,0,0,20,0,520,0,0,0,0,0,0,0,0,600,600,600,100,100,0.00000,0.00000,9.80665,0.000000,0.00000,-0.00000,0.00000,0.00000,9.80665,0.000000,0.000000,0.000000,0,1,1,1,1,1,0,0,0,0
2026-09-21T06:31:24.692076+00:00,25378875,SIMULATED,11,1026944,DISARMED,0,-0.000000,0.00000,7.4000,0.0000,25.00,25.00,0.00000,0.00000,0,520,0,500,0,0,0,0,20,0,520,0,0,0,0,0,0,0,0,600,600,600,100,100,0.00000,0.00000,9.80665,0.000000,0.00000,-0.00000,0.00000,0.00000,9.80665,0.000000,0.000000,0.000000,0,1,1,1,1,1,0,0,0,0
2026-09-21T06:31:24.692122+00:00,25424166,SIMULATED,12,1029348,DISARMED,0,-0.000000,0.00000,7.4000,0.0000,25.00,25.00,0.00000,0.00000,0,520,0,500,0,0,0,0,20,0,520,0,0,0,0,0,0,0,0,600,600,600,100,100,0.00000,0.00000,9.80665,0.000000,0.00000,-0.00000,0.00000,0.00000,9.80665,0.000000,0.000000,0.000000,0,1,1,1,1,1,0,0,0,0
2026-09-21T06:31:24.692165+00:00,25467166,SIMULATED,13,1031752,DISARMED,0,-0.000000,0.00000,7.4000,0.0000,25.00,25.00,0.00000,0.00000,0,520,0,500,0,0,0,0,20,0,520,0,0,0,0,0,0,0,0,600,600,600,100,100,0.00000,0.00000,9.80665,0.000000,0.00000,-0.00000,0.00000,0.00000,9.80665,0.000000,0.000000,0.000000,0,1,1,1,1,1,0,0,0,0
2026-09-21T06:31:24.692205+00:00,25507500,SIMULATED,14,1034156,DISARMED,0,-0.000000,0.00000,7.4000,0.0000,25.00,25.00,0.00000,0.00000,0,520,0,500,0,0,0,0,20,0,520,0,0,0,0,0,0,0,0,600,600,600,100,100,0.00000,0.00000,9.80665,0.000000,0.00000,-0.00000,0.00000,0.00000,9.80665,0.000000,0.000000,0.000000,0,1,1,1,1,1,0,0,0,0
2026-09-21T06:31:24.692247+00:00,25549333,SIMULATED,15,1036560,DISARMED,0,-0.000000,0.00000,7.4000,0.0000,25.00,25.00,0.00000,0.00000,0,520,0,500,0,0,0,0,20,0,520,0,0,0,0,0,0,0,0,600,600,600,100,100,0.00000,0.00000,9.80665,0.000000,0.00000,-0.00000,0.00000,0.00000,9.80665,0.000000,0.000000,0.000000,0,1,1,1,1,1,0,0,0,0
2026-09-21T06:31:24.692288+00:00,25590375,SIMULATED,16,1038964,DISARMED,0,-0.000000,0.00000,7.4000,0.0000,25.00,25.00,0.00000,0.00000,0,520,0,500,0,0,0,0,20,0,520,0,0,0,0,0,0,0,0,600,600,600,100,100,0.00000,0.00000,9.80665,0.000000,0.00000,-0.00000,0.00000,0.00000,9.80665,0.000000,0.000000,0.000000,0,1,1,1,1,1,0,0,0,0
2026-09-21T06:31:24.692327+00:00,25629791,SIMULATED,17,1041368,DISARMED,0,-0.000000,0.00000,7.4000,0.0000,25.00,25.00,0.00000,0.00000,0,520,0,500,0,0,0,0,20,0,520,0,0,0,0,0,0,0,0,600,600,600,100,100,0.00000,0.00000,9.80665,0.000000,0.00000,-0.00000,0.00000,0.00000,9.80665,0.000000,0.000000,0.000000,0,1,1,1,1,1,0,0,0,0
2026-09-21T06:31:24.692368+00:00,25670208,SIMULATED,18,1043772,DISARMED,0,-0.000000,0.00000,7.4000,0.0000,25.00,25.00,0.00000,0.00000,0,520,0,500,0,0,0,0,20,0,520,0,0,0,0,0,0,0,0,600,600,600,100,100,0.00000,0.00000,9.80665,0.000000,0.00000,-0.00000,0.00000,0.00000,9.80665,0.000000,0.000000,0.000000,0,1,1,1,1,1,0,0,0,0
2026-09-21T06:31:24.692411+00:00,25713916,SIMULATED,19,1046176,DISARMED,0,-0.000000,0.00000,7.4000,0.0000,25.00,25.00,0.00000,0.00000,0,520,0,500,0,0,0,0,20,0,520,0,0,0,0,0,0,0,0,600,600,600,100,100,0.00000,0.00000,9.80665,0.000000,0.00000,-0.00000,0.00000,0.00000,9.80665,0.000000,0.000000,0.000000,0,1,1,1,1,1,0,0,0,0
2026-09-21T06:31:24.692450+00:00,25752791,SIMULATED,20,1048580,DISARMED,0,-0.000000,0.00000,7.4000,0.0000,25.00,25.00,0.00000,0.00000,0,520,0,500,0,0,0,0,20,0,520,0,0,0,0,0,0,0,0,600,600,600,100,100,0.00000,0.00000,9.80665,0.000000,0.00000,-0.00000,0.00000,0.00000,9.80665,0.000000,0.000000,0.000000,0,1,1,1,1,1,0,0,0,0
2026-09-21T06:31:24.692491+00:00,25793375,SIMULATED,21,1050984,DISARMED,0,-0.000000,0.00000,7.4000,0.0000,25.00,25.00,0.00000,0.00000,0,520,0,500,0,0,0,0,20,0,520,0,0,0,0,0,0,0,0,600,600,600,100,100,0.00000,0.00000,9.80665,0.000000,0.00000,-0.00000,0.00000,0.00000,9.80665,0.000000,0.000000,0.000000,0,1,1,1,1,1,0,0,0,0
2026-09-21T06:31:24.692531+00:00,25833125,SIMULATED,22,1053388,DISARMED,0,-0.000000,0.00000,7.4000,0.0000,25.00,25.00,0.00000,0.00000,0,520,0,500,0,0,0,0,20,0,520,0,0,0,0,0,0,0,0,600,600,600,100,100,0.00000,0.00000,9.80665,0.000000,0.00000,-0.00000,0.00000,0.00000,9.80665,0.000000,0.000000,0.000000,0,1,1,1,1,1,0,0,0,0
2026-09-21T06:31:24.692570+00:00,25872500,SIMULATED,23,1055792,DISARMED,0,-0.000000,0.00000,7.4000,0.0000,25.00,25.00,0.00000,0.00000,0,520,0,500,0,0,0,0,20,0,520,0,0,0,0,0,0,0,0,600,600,600,100,100,0.00000,0.00000,9.80665,0.000000,0.00000,-0.00000,0.00000,0.00000,9.80665,0.000000,0.000000,0.000000,0,1,1,1,1,1,0,0,0,0
2026-09-21T06:31:24.692609+00:00,25911666,SIMULATED,24,1058196,DISARMED,0,-0.000000,0.00000,7.4000,0.0000,25.00,25.00,0.00000,0.00000,0,520,0,500,0,0,0,0,20,0,520,0,0,0,0,0,0,0,0,600,600,600,100,100,0.00000,0.00000,9.80665,0.000000,0.00000,-0.00000,0.00000,0.00000,9.80665,0.000000,0.000000,0.000000,0,1,1,1,1,1,0,0,0,0
2026-09-21T06:31:24.692652+00:00,25954916,SIMULATED,25,1060600,DISARMED,0,-0.000000,0.00000,7.4000,0.0000,25.00,25.00,0.00000,0.00000,0,520,0,500,0,0,0,0,20,0,520,0,0,0,0,0,0,0,0,600,600,600,100,100,0.00000,0.00000,9.80665,0.000000,0.00000,-0.00000,0.00000,0.00000,9.80665,0.000000,0.000000,0.000000,0,1,1,1,1,1,0,0,0,0
2026-09-21T06:31:24.692695+00:00,25997750,SIMULATED,26,1063004,DISARMED,0,-0.000000,0.00000,7.4000,0.0000,25.00,25.00,0.00000,0.00000,0,520,0,500,0,0,0,0,20,0,520,0,0,0,0,0,0,0,0,600,600,600,100,100,0.00000,0.00000,9.80665,0.000000,0.00000,-0.00000,0.00000,0.00000,9.80665,0.000000,0.000000,0.000000,0,1,1,1,1,1,0,0,0,0
2026-09-21T06:31:24.692743+00:00,26046250,SIMULATED,27,1065408,DISARMED,0,-0.000000,0.00000,7.4000,0.0000,25.00,25.00,0.00000,0.00000,0,520,0,500,0,0,0,0,20,0,520,0,0,0,0,0,0,0,0,600,600,600,100,100,0.00000,0.00000,9.80665,0.000000,0.00000,-0.00000,0.00000,0.00000,9.80665,0.000000,0.000000,0.000000,0,1,1,1,1,1,0,0,0,0
2026-09-21T06:31:24.692785+00:00,26087791,SIMULATED,28,1067812,DISARMED,0,-0.000000,0.00000,7.4000,0.0000,25.00,25.00,0.00000,0.00000,0,520,0,500,0,0,0,0,20,0,520,0,0,0,0,0,0,0,0,600,600,600,100,100,0.00000,0.00000,9.80665,0.000000,0.00000,-0.00000,0.00000,0.00000,9.80665,0.000000,0.000000,0.000000,0,1,1,1,1,1,0,0,0,0
2026-09-21T06:31:24.692830+00:00,26132333,SIMULATED,29,1070216,DISARMED,0,-0.000000,0.00000,7.4000,0.0000,25.00,25.00,0.00000,0.00000,0,520,0,500,0,0,0,0,20,0,520,0,0,0,0,0,0,0,0,600,600,600,100,100,0.00000,0.00000,9.80665,0.000000,0.00000,-0.00000,0.00000,0.00000,9.80665,0.000000,0.000000,0.000000,0,1,1,1,1,1,0,0,0,0
2026-09-21T06:31:24.692869+00:00,26171583,SIMULATED,30,1072620,DISARMED,0,-0.000000,0.00000,7.4000,0.0000,25.00,25.00,0.00000,0.00000,0,520,0,500,0,0,0,0,20,0,520,0,0,0,0,0,0,0,0,600,600,600,100,100,0.00000,0.00000,9.80665,0.000000,0.00000,-0.00000,0.00000,0.00000,9.80665,0.000000,0.000000,0.000000,0,1,1,1,1,1,0,0,0,0
2026-09-21T06:31:24.692909+00:00,26211750,SIMULATED,31,1075024,DISARMED,0,-0.000000,0.00000,7.4000,0.0000,25.00,25.00,0.00000,0.00000,0,520,0,500,0,0,0,0,20,0,520,0,0,0,0,0,0,0,0,600,600,600,100,100,0.00000,0.00000,9.80665,0.000000,0.00000,-0.00000,0.00000,0.00000,9.80665,0.000000,0.000000,0.000000,0,1,1,1,1,1,0,0,0,0
2026-09-21T06:31:24.692950+00:00,26252041,SIMULATED,32,1077428,DISARMED,0,-0.000000,0.00000,7.4000,0.0000,25.00,25.00,0.00000,0.00000,0,520,0,500,0,0,0,0,20,0,520,0,0,0,0,0,0,0,0,600,600,600,100,100,0.00000,0.00000,9.80665,0.000000,0.00000,-0.00000,0.00000,0.00000,9.80665,0.000000,0.000000,0.000000,0,1,1,1,1,1,0,0,0,0
2026-09-21T06:31:24.692990+00:00,26292041,SIMULATED,33,1079832,DISARMED,0,-0.000000,0.00000,7.4000,0.0000,25.00,25.00,0.00000,0.00000,0,520,0,500,0,0,0,0,20,0,520,0,0,0,0,0,0,0,0,600,600,600,100,100,0.00000,0.00000,9.80665,0.000000,0.00000,-0.00000,0.00000,0.00000,9.80665,0.000000,0.000000,0.000000,0,1,1,1,1,1,0,0,0,0
2026-09-21T06:31:24.693027+00:00,26329583,SIMULATED,34,1082236,DISARMED,0,-0.000000,0.00000,7.4000,0.0000,25.00,25.00,0.00000,0.00000,0,520,0,500,0,0,0,0,20,0,520,0,0,0,0,0,0,0,0,600,600,600,100,100,0.00000,0.00000,9.80665,0.000000,0.00000,-0.00000,0.00000,0.00000,9.80665,0.000000,0.000000,0.000000,0,1,1,1,1,1,0,0,0,0
2026-09-21T06:31:24.693064+00:00,26366708,SIMULATED,35,1084640,DISARMED,0,-0.000000,0.00000,7.4000,0.0000,25.00,25.00,0.00000,0.00000,0,520,0,500,0,0,0,0,20,0,520,0,0,0,0,0,0,0,0,600,600,600,100,100,0.00000,0.00000,9.80665,0.000000,0.00000,-0.00000,0.00000,0.00000,9.80665,0.000000,0.000000,0.000000,0,1,1,1,1,1,0,0,0,0
2026-09-21T06:31:24.693102+00:00,26404041,SIMULATED,36,1087044,DISARMED,0,-0.000000,0.00000,7.4000,0.0000,25.00,25.00,0.00000,0.00000,0,520,0,500,0,0,0,0,20,0,520,0,0,0,0,0,0,0,0,600,600,600,100,100,0.00000,0.00000,9.80665,0.000000,0.00000,-0.00000,0.00000,0.00000,9.80665,0.000000,0.000000,0.000000,0,1,1,1,1,1,0,0,0,0
2026-09-21T06:31:24.693140+00:00,26441916,SIMULATED,37,1089448,DISARMED,0,-0.000000,0.00000,7.4000,0.0000,25.00,25.00,0.00000,0.00000,0,520,0,500,0,0,0,0,20,0,520,0,0,0,0,0,0,0,0,600,600,600,100,100,0.00000,0.00000,9.80665,0.000000,0.00000,-0.00000,0.00000,0.00000,9.80665,0.000000,0.000000,0.000000,0,1,1,1,1,1,0,0,0,0
2026-09-21T06:31:24.693180+00:00,26482541,SIMULATED,38,1091852,DISARMED,0,-0.000000,0.00000,7.4000,0.0000,25.00,25.00,0.00000,0.00000,0,520,0,500,0,0,0,0,20,0,520,0,0,0,0,0,0,0,0,600,600,600,100,100,0.00000,0.00000,9.80665,0.000000,0.00000,-0.00000,0.00000,0.00000,9.80665,0.000000,0.000000,0.000000,0,1,1,1,1,1,0,0,0,0
2026-09-21T06:31:24.693221+00:00,26523500,SIMULATED,39,1094256,DISARMED,0,-0.000000,0.00000,7.4000,0.0000,25.00,25.00,0.00000,0.00000,0,520,0,500,0,0,0,0,20,0,520,0,0,0,0,0,0,0,0,600,600,600,100,100,0.00000,0.00000,9.80665,0.000000,0.00000,-0.00000,0.00000,0.00000,9.80665,0.000000,0.000000,0.000000,0,1,1,1,1,1,0,0,0,0
2026-09-21T06:31:24.693258+00:00,26560041,SIMULATED,40,1096660,DISARMED,0,-0.000000,0.00000,7.4000,0.0000,25.00,25.00,0.00000,0.00000,0,520,0,500,0,0,0,0,20,0,520,0,0,0,0,0,0,0,0,600,600,600,100,100,0.00000,0.00000,9.80665,0.000000,0.00000,-0.00000,0.00000,0.00000,9.80665,0.000000,0.000000,0.000000,0,1,1,1,1,1,0,0,0,0
2026-09-21T06:31:24.693294+00:00,26596166,SIMULATED,41,1099064,DISARMED,0,-0.000000,0.00000,7.4000,0.0000,25.00,25.00,0.00000,0.00000,0,520,0,500,0,0,0,0,20,0,520,0,0,0,0,0,0,0,0,600,600,600,100,100,0.00000,0.00000,9.80665,0.000000,0.00000,-0.00000,0.00000,0.00000,9.80665,0.000000,0.000000,0.000000,0,1,1,1,1,1,0,0,0,0
2026-09-21T06:31:24.693330+00:00,26632375,SIMULATED,42,1101468,DISARMED,0,-0.000000,0.00000,7.4000,0.0000,25.00,25.00,0.00000,0.00000,0,520,0,500,0,0,0,0,20,0,520,0,0,0,0,0,0,0,0,600,600,600,100,100,0.00000,0.00000,9.80665,0.000000,0.00000,-0.00000,0.00000,0.00000,9.80665,0.000000,0.000000,0.000000,0,1,1,1,1,1,0,0,0,0
2026-09-21T06:31:24.693366+00:00,26668375,SIMULATED,43,1103872,DISARMED,0,-0.000000,0.00000,7.4000,0.0000,25.00,25.00,0.00000,0.00000,0,520,0,500,0,0,0,0,20,0,520,0,0,0,0,0,0,0,0,600,600,600,100,100,0.00000,0.00000,9.80665,0.000000,0.00000,-0.00000,0.00000,0.00000,9.80665,0.000000,0.000000,0.000000,0,1,1,1,1,1,0,0,0,0
2026-09-21T06:31:24.693402+00:00,26704916,SIMULATED,44,1106276,DISARMED,0,-0.000000,0.00000,7.4000,0.0000,25.00,25.00,0.00000,0.00000,0,520,0,500,0,0,0,0,20,0,520,0,0,0,0,0,0,0,0,600,600,600,100,100,0.00000,0.00000,9.80665,0.000000,0.00000,-0.00000,0.00000,0.00000,9.80665,0.000000,0.000000,0.000000,0,1,1,1,1,1,0,0,0,0
2026-09-21T06:31:24.693441+00:00,26743583,SIMULATED,45,1108680,DISARMED,0,-0.000000,0.00000,7.4000,0.0000,25.00,25.00,0.00000,0.00000,0,520,0,500,0,0,0,0,20,0,520,0,0,0,0,0,0,0,0,600,600,600,100,100,0.00000,0.00000,9.80665,0.000000,0.00000,-0.00000,0.00000,0.00000,9.80665,0.000000,0.000000,0.000000,0,1,1,1,1,1,0,0,0,0
2026-09-21T06:31:24.693480+00:00,26782625,SIMULATED,46,1111084,DISARMED,0,-0.000000,0.00000,7.4000,0.0000,25.00,25.00,0.00000,0.00000,0,520,0,500,0,0,0,0,20,0,520,0,0,0,0,0,0,0,0,600,600,600,100,100,0.00000,0.00000,9.80665,0.000000,0.00000,-0.00000,0.00000,0.00000,9.80665,0.000000,0.000000,0.000000,0,1,1,1,1,1,0,0,0,0
2026-09-21T06:31:24.693518+00:00,26820500,SIMULATED,47,1113488,DISARMED,0,-0.000000,0.00000,7.4000,0.0000,25.00,25.00,0.00000,0.00000,0,520,0,500,0,0,0,0,20,0,520,0,0,0,0,0,0,0,0,600,600,600,100,100,0.00000,0.00000,9.80665,0.000000,0.00000,-0.00000,0.00000,0.00000,9.80665,0.000000,0.000000,0.000000,0,1,1,1,1,1,0,0,0,0
2026-09-21T06:31:24.693555+00:00,26857625,SIMULATED,48,1115892,DISARMED,0,-0.000000,0.00000,7.4000,0.0000,25.00,25.00,0.00000,0.00000,0,520,0,500,0,0,0,0,20,0,520,0,0,0,0,0,0,0,0,600,600,600,100,100,0.00000,0.00000,9.80665,0.000000,0.00000,-0.00000,0.00000,0.00000,9.80665,0.000000,0.000000,0.000000,0,1,1,1,1,1,0,0,0,0
2026-09-21T06:31:24.693595+00:00,26897916,SIMULATED,49,1118296,DISARMED,0,-0.000000,0.00000,7.4000,0.0000,25.00,25.00,0.00000,0.00000,0,520,0,500,0,0,0,0,20,0,520,0,0,0,0,0,0,0,0,600,600,600,100,100,0.00000,0.00000,9.80665,0.000000,0.00000,-0.00000,0.00000,0.00000,9.80665,0.000000,0.000000,0.000000,0,1,1,1,1,1,0,0,0,0
2026-09-21T06:31:24.693633+00:00,26935083,SIMULATED,50,1120700,DISARMED,0,-0.000000,0.00000,7.4000,0.0000,25.00,25.00,0.00000,0.00000,0,520,0,500,0,0,0,0,20,0,520,0,0,0,0,0,0,0,0,600,600,600,100,100,0.00000,0.00000,9.80665,0.000000,0.00000,-0.00000,0.00000,0.00000,9.80665,0.000000,0.000000,0.000000,0,1,1,1,1,1,0,0,0,0
2026-09-21T06:31:24.693678+00:00,26980041,SIMULATED,51,1123104,DISARMED,0,-0.000000,0.00000,7.4000,0.0000,25.00,25.00,0.00000,0.00000,0,520,0,500,0,0,0,0,20,0,520,0,0,0,0,0,0,0,0,600,600,600,100,100,0.00000,0.00000,9.80665,0.000000,0.00000,-0.00000,0.00000,0.00000,9.80665,0.000000,0.000000,0.000000,0,1,1,1,1,1,0,0,0,0
2026-09-21T06:31:24.693716+00:00,27018458,SIMULATED,52,1125508,DISARMED,0,-0.000000,0.00000,7.4000,0.0000,25.00,25.00,0.00000,0.00000,0,520,0,500,0,0,0,0,20,0,520,0,0,0,0,0,0,0,0,600,600,600,100,100,0.00000,0.00000,9.80665,0.000000,0.00000,-0.00000,0.00000,0.00000,9.80665,0.000000,0.000000,0.000000,0,1,1,1,1,1,0,0,0,0
2026-09-21T06:31:24.693754+00:00,27056083,SIMULATED,53,1127912,DISARMED,0,-0.000000,0.00000,7.4000,0.0000,25.00,25.00,0.00000,0.00000,0,520,0,500,0,0,0,0,20,0,520,0,0,0,0,0,0,0,0,600,600,600,100,100,0.00000,0.00000,9.80665,0.000000,0.00000,-0.00000,0.00000,0.00000,9.80665,0.000000,0.000000,0.000000,0,1,1,1,1,1,0,0,0,0
2026-09-21T06:31:24.693791+00:00,27093208,SIMULATED,54,1130316,DISARMED,0,-0.000000,0.00000,7.4000,0.0000,25.00,25.00,0.00000,0.00000,0,520,0,500,0,0,0,0,20,0,520,0,0,0,0,0,0,0,0,600,600,600,100,100,0.00000,0.00000,9.80665,0.000000,0.00000,-0.00000,0.00000,0.00000,9.80665,0.000000,0.000000,0.000000,0,1,1,1,1,1,0,0,0,0
2026-09-21T06:31:24.693827+00:00,27129666,SIMULATED,55,1132720,DISARMED,0,-0.000000,0.00000,7.4000,0.0000,25.00,25.00,0.00000,0.00000,0,520,0,500,0,0,0,0,20,0,520,0,0,0,0,0,0,0,0,600,600,600,100,100,0.00000,0.00000,9.80665,0.000000,0.00000,-0.00000,0.00000,0.00000,9.80665,0.000000,0.000000,0.000000,0,1,1,1,1,1,0,0,0,0
2026-09-21T06:31:24.693863+00:00,27165416,SIMULATED,56,1135124,DISARMED,0,-0.000000,0.00000,7.4000,0.0000,25.00,25.00,0.00000,0.00000,0,520,0,500,0,0,0,0,20,0,520,0,0,0,0,0,0,0,0,600,600,600,100,100,0.00000,0.00000,9.80665,0.000000,0.00000,-0.00000,0.00000,0.00000,9.80665,0.000000,0.000000,0.000000,0,1,1,1,1,1,0,0,0,0
2026-09-21T06:31:24.693907+00:00,27208958,SIMULATED,57,1137528,DISARMED,0,-0.000000,0.00000,7.4000,0.0000,25.00,25.00,0.00000,0.00000,0,520,0,500,0,0,0,0,20,0,520,0,0,0,0,0,0,0,0,600,600,600,100,100,0.00000,0.00000,9.80665,0.000000,0.00000,-0.00000,0.00000,0.00000,9.80665,0.000000,0.000000,0.000000,0,1,1,1,1,1,0,0,0,0
2026-09-21T06:31:24.693944+00:00,27246000,SIMULATED,58,1139932,DISARMED,0,-0.000000,0.00000,7.4000,0.0000,25.00,25.00,0.00000,0.00000,0,520,0,500,0,0,0,0,20,0,520,0,0,0,0,0,0,0,0,600,600,600,100,100,0.00000,0.00000,9.80665,0.000000,0.00000,-0.00000,0.00000,0.00000,9.80665,0.000000,0.000000,0.000000,0,1,1,1,1,1,0,0,0,0
2026-09-21T06:31:24.693982+00:00,27283958,SIMULATED,59,1142336,DISARMED,0,-0.000000,0.00000,7.4000,0.0000,25.00,25.00,0.00000,0.00000,0,520,0,500,0,0,0,0,20,0,520,0,0,0,0,0,0,0,0,600,600,600,100,100,0.00000,0.00000,9.80665,0.000000,0.00000,-0.00000,0.00000,0.00000,9.80665,0.000000,0.000000,0.000000,0,1,1,1,1,1,0,0,0,0
2026-09-21T06:31:24.694019+00:00,27321500,SIMULATED,60,1144740,DISARMED,0,-0.000000,0.00000,7.4000,0.0000,25.00,25.00,0.00000,0.00000,0,520,0,500,0,0,0,0,20,0,520,0,0,0,0,0,0,0,0,600,600,600,100,100,0.00000,0.00000,9.80665,0.000000,0.00000,-0.00000,0.00000,0.00000,9.80665,0.000000,0.000000,0.000000,0,1,1,1,1,1,0,0,0,0
2026-09-21T06:31:24.694055+00:00,27357875,SIMULATED,61,1147144,DISARMED,0,-0.000000,0.00000,7.4000,0.0000,25.00,25.00,0.00000,0.00000,0,520,0,500,0,0,0,0,20,0,520,0,0,0,0,0,0,0,0,600,600,600,100,100,0.00000,0.00000,9.80665,0.000000,0.00000,-0.00000,0.00000,0.00000,9.80665,0.000000,0.000000,0.000000,0,1,1,1,1,1,0,0,0,0
2026-09-21T06:31:24.694092+00:00,27394458,SIMULATED,62,1149548,DISARMED,0,-0.000000,0.00000,7.4000,0.0000,25.00,25.00,0.00000,0.00000,0,520,0,500,0,0,0,0,20,0,520,0,0,0,0,0,0,0,0,600,600,600,100,100,0.00000,0.00000,9.80665,0.000000,0.00000,-0.00000,0.00000,0.00000,9.80665,0.000000,0.000000,0.000000,0,1,1,1,1,1,0,0,0,0
2026-09-21T06:31:24.694131+00:00,27433541,SIMULATED,63,1151952,DISARMED,0,-0.000000,0.00000,7.4000,0.0000,25.00,25.00,0.00000,0.00000,0,520,0,500,0,0,0,0,20,0,520,0,0,0,0,0,0,0,0,600,600,600,100,100,0.00000,0.00000,9.80665,0.000000,0.00000,-0.00000,0.00000,0.00000,9.80665,0.000000,0.000000,0.000000,0,1,1,1,1,1,0,0,0,0
2026-09-21T06:31:24.694167+00:00,27469708,SIMULATED,64,1154356,DISARMED,0,-0.000000,0.00000,7.4000,0.0000,25.00,25.00,0.00000,0.00000,0,520,0,500,0,0,0,0,20,0,520,0,0,0,0,0,0,0,0,600,600,600,100,100,0.00000,0.00000,9.80665,0.000000,0.00000,-0.00000,0.00000,0.00000,9.80665,0.000000,0.000000,0.000000,0,1,1,1,1,1,0,0,0,0
2026-09-21T06:31:24.694204+00:00,27506458,SIMULATED,65,1156760,DISARMED,0,-0.000000,0.00000,7.4000,0.0000,25.00,25.00,0.00000,0.00000,0,520,0,500,0,0,0,0,20,0,520,0,0,0,0,0,0,0,0,600,600,600,100,100,0.00000,0.00000,9.80665,0.000000,0.00000,-0.00000,0.00000,0.00000,9.80665,0.000000,0.000000,0.000000,0,1,1,1,1,1,0,0,0,0
2026-09-21T06:31:24.694241+00:00,27542958,SIMULATED,66,1159164,DISARMED,0,-0.000000,0.00000,7.4000,0.0000,25.00,25.00,0.00000,0.00000,0,520,0,500,0,0,0,0,20,0,520,0,0,0,0,0,0,0,0,600,600,600,100,100,0.00000,0.00000,9.80665,0.000000,0.00000,-0.00000,0.00000,0.00000,9.80665,0.000000,0.000000,0.000000,0,1,1,1,1,1,0,0,0,0
2026-09-21T06:31:24.694277+00:00,27579541,SIMULATED,67,1161568,DISARMED,0,-0.000000,0.00000,7.4000,0.0000,25.00,25.00,0.00000,0.00000,0,520,0,500,0,0,0,0,20,0,520,0,0,0,0,0,0,0,0,600,600,600,100,100,0.00000,0.00000,9.80665,0.000000,0.00000,-0.00000,0.00000,0.00000,9.80665,0.000000,0.000000,0.000000,0,1,1,1,1,1,0,0,0,0
2026-09-21T06:31:24.694314+00:00,27616041,SIMULATED,68,1163972,DISARMED,0,-0.000000,0.00000,7.4000,0.0000,25.00,25.00,0.00000,0.00000,0,520,0,500,0,0,0,0,20,0,520,0,0,0,0,0,0,0,0,600,600,600,100,100,0.00000,0.00000,9.80665,0.000000,0.00000,-0.00000,0.00000,0.00000,9.80665,0.000000,0.000000,0.000000,0,1,1,1,1,1,0,0,0,0
2026-09-21T06:31:24.694354+00:00,27656666,SIMULATED,69,1166376,DISARMED,0,-0.000000,0.00000,7.4000,0.0000,25.00,25.00,0.00000,0.00000,0,520,0,500,0,0,0,0,20,0,520,0,0,0,0,0,0,0,0,600,600,600,100,100,0.00000,0.00000,9.80665,0.000000,0.00000,-0.00000,0.00000,0.00000,9.80665,0.000000,0.000000,0.000000,0,1,1,1,1,1,0,0,0,0
2026-09-21T06:31:24.694391+00:00,27693041,SIMULATED,70,1168780,DISARMED,0,-0.000000,0.00000,7.4000,0.0000,25.00,25.00,0.00000,0.00000,0,520,0,500,0,0,0,0,20,0,520,0,0,0,0,0,0,0,0,600,600,600,100,100,0.00000,0.00000,9.80665,0.000000,0.00000,-0.00000,0.00000,0.00000,9.80665,0.000000,0.000000,0.000000,0,1,1,1,1,1,0,0,0,0
2026-09-21T06:31:24.694427+00:00,27729000,SIMULATED,71,1171184,DISARMED,0,-0.000000,0.00000,7.4000,0.0000,25.00,25.00,0.00000,0.00000,0,520,0,500,0,0,0,0,20,0,520,0,0,0,0,0,0,0,0,600,600,600,100,100,0.00000,0.00000,9.80665,0.000000,0.00000,-0.00000,0.00000,0.00000,9.80665,0.000000,0.000000,0.000000,0,1,1,1,1,1,0,0,0,0
2026-09-21T06:31:24.694463+00:00,27765750,SIMULATED,72,1173588,DISARMED,0,-0.000000,0.00000,7.4000,0.0000,25.00,25.00,0.00000,0.00000,0,520,0,500,0,0,0,0,20,0,520,0,0,0,0,0,0,0,0,600,600,600,100,100,0.00000,0.00000,9.80665,0.000000,0.00000,-0.00000,0.00000,0.00000,9.80665,0.000000,0.000000,0.000000,0,1,1,1,1,1,0,0,0,0
2026-09-21T06:31:24.694500+00:00,27802166,SIMULATED,73,1175992,DISARMED,0,-0.000000,0.00000,7.4000,0.0000,25.00,25.00,0.00000,0.00000,0,520,0,500,0,0,0,0,20,0,520,0,0,0,0,0,0,0,0,600,600,600,100,100,0.00000,0.00000,9.80665,0.000000,0.00000,-0.00000,0.00000,0.00000,9.80665,0.000000,0.000000,0.000000,0,1,1,1,1,1,0,0,0,0
2026-09-21T06:31:24.694536+00:00,27838541,SIMULATED,74,1178396,DISARMED,0,-0.000000,0.00000,7.4000,0.0000,25.00,25.00,0.00000,0.00000,0,520,0,500,0,0,0,0,20,0,520,0,0,0,0,0,0,0,0,600,600,600,100,100,0.00000,0.00000,9.80665,0.000000,0.00000,-0.00000,0.00000,0.00000,9.80665,0.000000,0.000000,0.000000,0,1,1,1,1,1,0,0,0,0
2026-09-21T06:31:24.694574+00:00,27875958,SIMULATED,75,1180800,DISARMED,0,-0.000000,0.00000,7.4000,0.0000,25.00,25.00,0.00000,0.00000,0,520,0,500,0,0,0,0,20,0,520,0,0,0,0,0,0,0,0,600,600,600,100,100,0.00000,0.00000,9.80665,0.000000,0.00000,-0.00000,0.00000,0.00000,9.80665,0.000000,0.000000,0.000000,0,1,1,1,1,1,0,0,0,0
2026-09-21T06:31:24.694612+00:00,27913958,SIMULATED,76,1183204,DISARMED,0,-0.000000,0.00000,7.4000,0.0000,25.00,25.00,0.00000,0.00000,0,520,0,500,0,0,0,0,20,0,520,0,0,0,0,0,0,0,0,600,600,600,100,100,0.00000,0.00000,9.80665,0.000000,0.00000,-0.00000,0.00000,0.00000,9.80665,0.000000,0.000000,0.000000,0,1,1,1,1,1,0,0,0,0
2026-09-21T06:31:24.694648+00:00,27950791,SIMULATED,77,1185608,DISARMED,0,-0.000000,0.00000,7.4000,0.0000,25.00,25.00,0.00000,0.00000,0,520,0,500,0,0,0,0,20,0,520,0,0,0,0,0,0,0,0,600,600,600,100,100,0.00000,0.00000,9.80665,0.000000,0.00000,-0.00000,0.00000,0.00000,9.80665,0.000000,0.000000,0.000000,0,1,1,1,1,1,0,0,0,0
2026-09-21T06:31:24.694685+00:00,27987791,SIMULATED,78,1188012,DISARMED,0,-0.000000,0.00000,7.4000,0.0000,25.00,25.00,0.00000,0.00000,0,520,0,500,0,0,0,0,20,0,520,0,0,0,0,0,0,0,0,600,600,600,100,100,0.00000,0.00000,9.80665,0.000000,0.00000,-0.00000,0.00000,0.00000,9.80665,0.000000,0.000000,0.000000,0,1,1,1,1,1,0,0,0,0
2026-09-21T06:31:24.694727+00:00,28028958,SIMULATED,79,1190416,DISARMED,0,-0.000000,0.00000,7.4000,0.0000,25.00,25.00,0.00000,0.00000,0,520,0,500,0,0,0,0,20,0,520,0,0,0,0,0,0,0,0,600,600,600,100,100,0.00000,0.00000,9.80665,0.000000,0.00000,-0.00000,0.00000,0.00000,9.80665,0.000000,0.000000,0.000000,0,1,1,1,1,1,0,0,0,0
2026-09-21T06:31:24.694764+00:00,28066041,SIMULATED,80,1192820,DISARMED,0,-0.000000,0.00000,7.4000,0.0000,25.00,25.00,0.00000,0.00000,0,520,0,500,0,0,0,0,20,0,520,0,0,0,0,0,0,0,0,600,600,600,100,100,0.00000,0.00000,9.80665,0.000000,0.00000,-0.00000,0.00000,0.00000,9.80665,0.000000,0.000000,0.000000,0,1,1,1,1,1,0,0,0,0
2026-09-21T06:31:24.694802+00:00,28104583,SIMULATED,81,1195224,DISARMED,0,-0.000000,0.00000,7.4000,0.0000,25.00,25.00,0.00000,0.00000,0,520,0,500,0,0,0,0,20,0,520,0,0,0,0,0,0,0,0,600,600,600,100,100,0.00000,0.00000,9.80665,0.000000,0.00000,-0.00000,0.00000,0.00000,9.80665,0.000000,0.000000,0.000000,0,1,1,1,1,1,0,0,0,0
2026-09-21T06:31:24.694840+00:00,28141875,SIMULATED,82,1197628,DISARMED,0,-0.000000,0.00000,7.4000,0.0000,25.00,25.00,0.00000,0.00000,0,520,0,500,0,0,0,0,20,0,520,0,0,0,0,0,0,0,0,600,600,600,100,100,0.00000,0.00000,9.80665,0.000000,0.00000,-0.00000,0.00000,0.00000,9.80665,0.000000,0.000000,0.000000,0,1,1,1,1,1,0,0,0,0
2026-09-21T06:31:24.694876+00:00,28178833,SIMULATED,83,1200032,DISARMED,0,-0.000000,0.00000,7.4000,0.0000,25.00,25.00,0.00000,0.00000,0,520,0,500,0,0,0,0,20,0,520,0,0,0,0,0,0,0,0,600,600,600,100,100,0.00000,0.00000,9.80665,0.000000,0.00000,-0.00000,0.00000,0.00000,9.80665,0.000000,0.000000,0.000000,0,1,1,1,1,1,0,0,0,0
2026-09-21T06:31:24.694913+00:00,28215500,SIMULATED,84,1202436,DISARMED,0,-0.000000,0.00000,7.4000,0.0000,25.00,25.00,0.00000,0.00000,0,520,0,500,0,0,0,0,20,0,520,0,0,0,0,0,0,0,0,600,600,600,100,100,0.00000,0.00000,9.80665,0.000000,0.00000,-0.00000,0.00000,0.00000,9.80665,0.000000,0.000000,0.000000,0,1,1,1,1,1,0,0,0,0
2026-09-21T06:31:24.694950+00:00,28252291,SIMULATED,85,1204840,DISARMED,0,-0.000000,0.00000,7.4000,0.0000,25.00,25.00,0.00000,0.00000,0,520,0,500,0,0,0,0,20,0,520,0,0,0,0,0,0,0,0,600,600,600,100,100,0.00000,0.00000,9.80665,0.000000,0.00000,-0.00000,0.00000,0.00000,9.80665,0.000000,0.000000,0.000000,0,1,1,1,1,1,0,0,0,0
2026-09-21T06:31:24.694986+00:00,28288791,SIMULATED,86,1207244,DISARMED,0,-0.000000,0.00000,7.4000,0.0000,25.00,25.00,0.00000,0.00000,0,520,0,500,0,0,0,0,20,0,520,0,0,0,0,0,0,0,0,600,600,600,100,100,0.00000,0.00000,9.80665,0.000000,0.00000,-0.00000,0.00000,0.00000,9.80665,0.000000,0.000000,0.000000,0,1,1,1,1,1,0,0,0,0
2026-09-21T06:31:24.695028+00:00,28330125,SIMULATED,87,1209648,DISARMED,0,-0.000000,0.00000,7.4000,0.0000,25.00,25.00,0.00000,0.00000,0,520,0,500,0,0,0,0,20,0,520,0,0,0,0,0,0,0,0,600,600,600,100,100,0.00000,0.00000,9.80665,0.000000,0.00000,-0.00000,0.00000,0.00000,9.80665,0.000000,0.000000,0.000000,0,1,1,1,1,1,0,0,0,0
2026-09-21T06:31:24.695066+00:00,28368166,SIMULATED,88,1212052,DISARMED,0,-0.000000,0.00000,7.4000,0.0000,25.00,25.00,0.00000,0.00000,0,520,0,500,0,0,0,0,20,0,520,0,0,0,0,0,0,0,0,600,600,600,100,100,0.00000,0.00000,9.80665,0.000000,0.00000,-0.00000,0.00000,0.00000,9.80665,0.000000,0.000000,0.000000,0,1,1,1,1,1,0,0,0,0
2026-09-21T06:31:24.695108+00:00,28410166,SIMULATED,89,1214456,DISARMED,0,-0.000000,0.00000,7.4000,0.0000,25.00,25.00,0.00000,0.00000,0,520,0,500,0,0,0,0,20,0,520,0,0,0,0,0,0,0,0,600,600,600,100,100,0.00000,0.00000,9.80665,0.000000,0.00000,-0.00000,0.00000,0.00000,9.80665,0.000000,0.000000,0.000000,0,1,1,1,1,1,0,0,0,0
2026-09-21T06:31:24.695145+00:00,28447625,SIMULATED,90,1216860,DISARMED,0,-0.000000,0.00000,7.4000,0.0000,25.00,25.00,0.00000,0.00000,0,520,0,500,0,0,0,0,20,0,520,0,0,0,0,0,0,0,0,600,600,600,100,100,0.00000,0.00000,9.80665,0.000000,0.00000,-0.00000,0.00000,0.00000,9.80665,0.000000,0.000000,0.000000,0,1,1,1,1,1,0,0,0,0
2026-09-21T06:31:24.695182+00:00,28484458,SIMULATED,91,1219264,DISARMED,0,-0.000000,0.00000,7.4000,0.0000,25.00,25.00,0.00000,0.00000,0,520,0,500,0,0,0,0,20,0,520,0,0,0,0,0,0,0,0,600,600,600,100,100,0.00000,0.00000,9.80665,0.000000,0.00000,-0.00000,0.00000,0.00000,9.80665,0.000000,0.000000,0.000000,0,1,1,1,1,1,0,0,0,0
2026-09-21T06:31:24.695219+00:00,28521416,SIMULATED,92,1221668,DISARMED,0,-0.000000,0.00000,7.4000,0.0000,25.00,25.00,0.00000,0.00000,0,520,0,500,0,0,0,0,20,0,520,0,0,0,0,0,0,0,0,600,600,600,100,100,0.00000,0.00000,9.80665,0.000000,0.00000,-0.00000,0.00000,0.00000,9.80665,0.000000,0.000000,0.000000,0,1,1,1,1,1,0,0,0,0
2026-09-21T06:31:24.695258+00:00,28560333,SIMULATED,93,1224072,DISARMED,0,-0.000000,0.00000,7.4000,0.0000,25.00,25.00,0.00000,0.00000,0,520,0,500,0,0,0,0,20,0,520,0,0,0,0,0,0,0,0,600,600,600,100,100,0.00000,0.00000,9.80665,0.000000,0.00000,-0.00000,0.00000,0.00000,9.80665,0.000000,0.000000,0.000000,0,1,1,1,1,1,0,0,0,0
2026-09-21T06:31:24.695298+00:00,28600083,SIMULATED,94,1226476,DISARMED,0,-0.000000,0.00000,7.4000,0.0000,25.00,25.00,0.00000,0.00000,0,520,0,500,0,0,0,0,20,0,520,0,0,0,0,0,0,0,0,600,600,600,100,100,0.00000,0.00000,9.80665,0.000000,0.00000,-0.00000,0.00000,0.00000,9.80665,0.000000,0.000000,0.000000,0,1,1,1,1,1,0,0,0,0
2026-09-21T06:31:24.695335+00:00,28636916,SIMULATED,95,1228880,DISARMED,0,-0.000000,0.00000,7.4000,0.0000,25.00,25.00,0.00000,0.00000,0,520,0,500,0,0,0,0,20,0,520,0,0,0,0,0,0,0,0,600,600,600,100,100,0.00000,0.00000,9.80665,0.000000,0.00000,-0.00000,0.00000,0.00000,9.80665,0.000000,0.000000,0.000000,0,1,1,1,1,1,0,0,0,0
2026-09-21T06:31:24.695371+00:00,28673875,SIMULATED,96,1231284,DISARMED,0,-0.000000,0.00000,7.4000,0.0000,25.00,25.00,0.00000,0.00000,0,520,0,500,0,0,0,0,20,0,520,0,0,0,0,0,0,0,0,600,600,600,100,100,0.00000,0.00000,9.80665,0.000000,0.00000,-0.00000,0.00000,0.00000,9.80665,0.000000,0.000000,0.000000,0,1,1,1,1,1,0,0,0,0
2026-09-21T06:31:24.695408+00:00,28710333,SIMULATED,97,1233688,DISARMED,0,-0.000000,0.00000,7.4000,0.0000,25.00,25.00,0.00000,0.00000,0,520,0,500,0,0,0,0,20,0,520,0,0,0,0,0,0,0,0,600,600,600,100,100,0.00000,0.00000,9.80665,0.000000,0.00000,-0.00000,0.00000,0.00000,9.80665,0.000000,0.000000,0.000000,0,1,1,1,1,1,0,0,0,0
2026-09-21T06:31:24.695445+00:00,28746833,SIMULATED,98,1236092,DISARMED,0,-0.000000,0.00000,7.4000,0.0000,25.00,25.00,0.00000,0.00000,0,520,0,500,0,0,0,0,20,0,520,0,0,0,0,0,0,0,0,600,600,600,100,100,0.00000,0.00000,9.80665,0.000000,0.00000,-0.00000,0.00000,0.00000,9.80665,0.000000,0.000000,0.000000,0,1,1,1,1,1,0,0,0,0
2026-09-21T06:31:24.695482+00:00,28784541,SIMULATED,99,1238496,DISARMED,0,-0.000000,0.00000,7.4000,0.0000,25.00,25.00,0.00000,0.00000,0,520,0,500,0,0,0,0,20,0,520,0,0,0,0,0,0,0,0,600,600,600,100,100,0.00000,0.00000,9.80665,0.000000,0.00000,-0.00000,0.00000,0.00000,9.80665,0.000000,0.000000,0.000000,0,1,1,1,1,1,0,0,0,0
2026-09-21T06:31:24.695521+00:00,28823333,SIMULATED,100,1240900,DISARMED,0,-0.000000,0.00000,7.4000,0.0000,25.00,25.00,0.00000,0.00000,0,520,0,500,0,0,0,0,20,0,520,0,0,0,0,0,0,0,0,600,600,600,100,100,0.00000,0.00000,9.80665,0.000000,0.00000,-0.00000,0.00000,0.00000,9.80665,0.000000,0.000000,0.000000,0,1,1,1,1,1,0,0,0,0
2026-09-21T06:31:24.695558+00:00,28859958,SIMULATED,101,1243304,DISARMED,0,-0.000000,0.00000,7.4000,0.0000,25.00,25.00,0.00000,0.00000,0,520,0,500,0,0,0,0,20,0,520,0,0,0,0,0,0,0,0,600,600,600,100,100,0.00000,0.00000,9.80665,0.000000,0.00000,-0.00000,0.00000,0.00000,9.80665,0.000000,0.000000,0.000000,0,1,1,1,1,1,0,0,0,0
2026-09-21T06:31:24.695598+00:00,28899833,SIMULATED,102,1245708,DISARMED,0,-0.000000,0.00000,7.4000,0.0000,25.00,25.00,0.00000,0.00000,0,520,0,500,0,0,0,0,20,0,520,0,0,0,0,0,0,0,0,600,600,600,100,100,0.00000,0.00000,9.80665,0.000000,0.00000,-0.00000,0.00000,0.00000,9.80665,0.000000,0.000000,0.000000,0,1,1,1,1,1,0,0,0,0
2026-09-21T06:31:24.695635+00:00,28936791,SIMULATED,103,1248112,DISARMED,0,-0.000000,0.00000,7.4000,0.0000,25.00,25.00,0.00000,0.00000,0,520,0,500,0,0,0,0,20,0,520,0,0,0,0,0,0,0,0,600,600,600,100,100,0.00000,0.00000,9.80665,0.000000,0.00000,-0.00000,0.00000,0.00000,9.80665,0.000000,0.000000,0.000000,0,1,1,1,1,1,0,0,0,0
2026-09-21T06:31:24.695671+00:00,28973541,SIMULATED,104,1250516,DISARMED,0,-0.000000,0.00000,7.4000,0.0000,25.00,25.00,0.00000,0.00000,0,520,0,500,0,0,0,0,20,0,520,0,0,0,0,0,0,0,0,600,600,600,100,100,0.00000,0.00000,9.80665,0.000000,0.00000,-0.00000,0.00000,0.00000,9.80665,0.000000,0.000000,0.000000,0,1,1,1,1,1,0,0,0,0
2026-09-21T06:31:24.695709+00:00,29011458,SIMULATED,105,1252920,DISARMED,0,-0.000000,0.00000,7.4000,0.0000,25.00,25.00,0.00000,0.00000,0,520,0,500,0,0,0,0,20,0,520,0,0,0,0,0,0,0,0,600,600,600,100,100,0.00000,0.00000,9.80665,0.000000,0.00000,-0.00000,0.00000,0.00000,9.80665,0.000000,0.000000,0.000000,0,1,1,1,1,1,0,0,0,0
2026-09-21T06:31:24.695746+00:00,29047958,SIMULATED,106,1255324,DISARMED,0,-0.000000,0.00000,7.4000,0.0000,25.00,25.00,0.00000,0.00000,0,520,0,500,0,0,0,0,20,0,520,0,0,0,0,0,0,0,0,600,600,600,100,100,0.00000,0.00000,9.80665,0.000000,0.00000,-0.00000,0.00000,0.00000,9.80665,0.000000,0.000000,0.000000,0,1,1,1,1,1,0,0,0,0
2026-09-21T06:31:24.695782+00:00,29084083,SIMULATED,107,1257728,DISARMED,0,-0.000000,0.00000,7.4000,0.0000,25.00,25.00,0.00000,0.00000,0,520,0,500,0,0,0,0,20,0,520,0,0,0,0,0,0,0,0,600,600,600,100,100,0.00000,0.00000,9.80665,0.000000,0.00000,-0.00000,0.00000,0.00000,9.80665,0.000000,0.000000,0.000000,0,1,1,1,1,1,0,0,0,0
2026-09-21T06:31:24.695818+00:00,29120083,SIMULATED,108,1260132,DISARMED,0,-0.000000,0.00000,7.4000,0.0000,25.00,25.00,0.00000,0.00000,0,520,0,500,0,0,0,0,20,0,520,0,0,0,0,0,0,0,0,600,600,600,100,100,0.00000,0.00000,9.80665,0.000000,0.00000,-0.00000,0.00000,0.00000,9.80665,0.000000,0.000000,0.000000,0,1,1,1,1,1,0,0,0,0
2026-09-21T06:31:24.695853+00:00,29155750,SIMULATED,109,1262536,DISARMED,0,-0.000000,0.00000,7.4000,0.0000,25.00,25.00,0.00000,0.00000,0,520,0,500,0,0,0,0,20,0,520,0,0,0,0,0,0,0,0,600,600,600,100,100,0.00000,0.00000,9.80665,0.000000,0.00000,-0.00000,0.00000,0.00000,9.80665,0.000000,0.000000,0.000000,0,1,1,1,1,1,0,0,0,0
2026-09-21T06:31:24.695894+00:00,29196458,SIMULATED,110,1264940,DISARMED,0,-0.000000,0.00000,7.4000,0.0000,25.00,25.00,0.00000,0.00000,0,520,0,500,0,0,0,0,20,0,520,0,0,0,0,0,0,0,0,600,600,600,100,100,0.00000,0.00000,9.80665,0.000000,0.00000,-0.00000,0.00000,0.00000,9.80665,0.000000,0.000000,0.000000,0,1,1,1,1,1,0,0,0,0
2026-09-21T06:31:24.695932+00:00,29234791,SIMULATED,111,1267344,DISARMED,0,-0.000000,0.00000,7.4000,0.0000,25.00,25.00,0.00000,0.00000,0,520,0,500,0,0,0,0,20,0,520,0,0,0,0,0,0,0,0,600,600,600,100,100,0.00000,0.00000,9.80665,0.000000,0.00000,-0.00000,0.00000,0.00000,9.80665,0.000000,0.000000,0.000000,0,1,1,1,1,1,0,0,0,0
2026-09-21T06:31:24.695968+00:00,29270833,SIMULATED,112,1269748,DISARMED,0,-0.000000,0.00000,7.4000,0.0000,25.00,25.00,0.00000,0.00000,0,520,0,500,0,0,0,0,20,0,520,0,0,0,0,0,0,0,0,600,600,600,100,100,0.00000,0.00000,9.80665,0.000000,0.00000,-0.00000,0.00000,0.00000,9.80665,0.000000,0.000000,0.000000,0,1,1,1,1,1,0,0,0,0
2026-09-21T06:31:24.696004+00:00,29306666,SIMULATED,113,1272152,DISARMED,0,-0.000000,0.00000,7.4000,0.0000,25.00,25.00,0.00000,0.00000,0,520,0,500,0,0,0,0,20,0,520,0,0,0,0,0,0,0,0,600,600,600,100,100,0.00000,0.00000,9.80665,0.000000,0.00000,-0.00000,0.00000,0.00000,9.80665,0.000000,0.000000,0.000000,0,1,1,1,1,1,0,0,0,0
2026-09-21T06:31:24.696042+00:00,29344625,SIMULATED,114,1274556,DISARMED,0,-0.000000,0.00000,7.4000,0.0000,25.00,25.00,0.00000,0.00000,0,520,0,500,0,0,0,0,20,0,520,0,0,0,0,0,0,0,0,600,600,600,100,100,0.00000,0.00000,9.80665,0.000000,0.00000,-0.00000,0.00000,0.00000,9.80665,0.000000,0.000000,0.000000,0,1,1,1,1,1,0,0,0,0
2026-09-21T06:31:24.696079+00:00,29380958,SIMULATED,115,1276960,DISARMED,0,-0.000000,0.00000,7.4000,0.0000,25.00,25.00,0.00000,0.00000,0,520,0,500,0,0,0,0,20,0,520,0,0,0,0,0,0,0,0,600,600,600,100,100,0.00000,0.00000,9.80665,0.000000,0.00000,-0.00000,0.00000,0.00000,9.80665,0.000000,0.000000,0.000000,0,1,1,1,1,1,0,0,0,0
2026-09-21T06:31:24.696115+00:00,29417291,SIMULATED,116,1279364,DISARMED,0,-0.000000,0.00000,7.4000,0.0000,25.00,25.00,0.00000,0.00000,0,520,0,500,0,0,0,0,20,0,520,0,0,0,0,0,0,0,0,600,600,600,100,100,0.00000,0.00000,9.80665,0.000000,0.00000,-0.00000,0.00000,0.00000,9.80665,0.000000,0.000000,0.000000,0,1,1,1,1,1,0,0,0,0
2026-09-21T06:31:24.696157+00:00,29459291,SIMULATED,117,1281768,DISARMED,0,-0.000000,0.00000,7.4000,0.0000,25.00,25.00,0.00000,0.00000,0,520,0,500,0,0,0,0,20,0,520,0,0,0,0,0,0,0,0,600,600,600,100,100,0.00000,0.00000,9.80665,0.000000,0.00000,-0.00000,0.00000,0.00000,9.80665,0.000000,0.000000,0.000000,0,1,1,1,1,1,0,0,0,0
2026-09-21T06:31:24.696195+00:00,29497250,SIMULATED,118,1284172,DISARMED,0,-0.000000,0.00000,7.4000,0.0000,25.00,25.00,0.00000,0.00000,0,520,0,500,0,0,0,0,20,0,520,0,0,0,0,0,0,0,0,600,600,600,100,100,0.00000,0.00000,9.80665,0.000000,0.00000,-0.00000,0.00000,0.00000,9.80665,0.000000,0.000000,0.000000,0,1,1,1,1,1,0,0,0,0
2026-09-21T06:31:24.696233+00:00,29535250,SIMULATED,119,1286576,DISARMED,0,-0.000000,0.00000,7.4000,0.0000,25.00,25.00,0.00000,0.00000,0,520,0,500,0,0,0,0,20,0,520,0,0,0,0,0,0,0,0,600,600,600,100,100,0.00000,0.00000,9.80665,0.000000,0.00000,-0.00000,0.00000,0.00000,9.80665,0.000000,0.000000,0.000000,0,1,1,1,1,1,0,0,0,0
2026-09-21T06:31:24.696273+00:00,29574958,SIMULATED,120,1288980,DISARMED,0,-0.000000,0.00000,7.4000,0.0000,25.00,25.00,0.00000,0.00000,0,520,0,500,0,0,0,0,20,0,520,0,0,0,0,0,0,0,0,600,600,600,100,100,0.00000,0.00000,9.80665,0.000000,0.00000,-0.00000,0.00000,0.00000,9.80665,0.000000,0.000000,0.000000,0,1,1,1,1,1,0,0,0,0
2026-09-21T06:31:24.696309+00:00,29611166,SIMULATED,121,1291384,DISARMED,0,-0.000000,0.00000,7.4000,0.0000,25.00,25.00,0.00000,0.00000,0,520,0,500,0,0,0,0,20,0,520,0,0,0,0,0,0,0,0,600,600,600,100,100,0.00000,0.00000,9.80665,0.000000,0.00000,-0.00000,0.00000,0.00000,9.80665,0.000000,0.000000,0.000000,0,1,1,1,1,1,0,0,0,0
2026-09-21T06:31:24.696345+00:00,29647625,SIMULATED,122,1293788,DISARMED,0,-0.000000,0.00000,7.4000,0.0000,25.00,25.00,0.00000,0.00000,0,520,0,500,0,0,0,0,20,0,520,0,0,0,0,0,0,0,0,600,600,600,100,100,0.00000,0.00000,9.80665,0.000000,0.00000,-0.00000,0.00000,0.00000,9.80665,0.000000,0.000000,0.000000,0,1,1,1,1,1,0,0,0,0
2026-09-21T06:31:24.696383+00:00,29685666,SIMULATED,123,1296192,DISARMED,0,-0.000000,0.00000,7.4000,0.0000,25.00,25.00,0.00000,0.00000,0,520,0,500,0,0,0,0,20,0,520,0,0,0,0,0,0,0,0,600,600,600,100,100,0.00000,0.00000,9.80665,0.000000,0.00000,-0.00000,0.00000,0.00000,9.80665,0.000000,0.000000,0.000000,0,1,1,1,1,1,0,0,0,0
2026-09-21T06:31:24.696419+00:00,29721583,SIMULATED,124,1298596,DISARMED,0,-0.000000,0.00000,7.4000,0.0000,25.00,25.00,0.00000,0.00000,0,520,0,500,0,0,0,0,20,0,520,0,0,0,0,0,0,0,0,600,600,600,100,100,0.00000,0.00000,9.80665,0.000000,0.00000,-0.00000,0.00000,0.00000,9.80665,0.000000,0.000000,0.000000,0,1,1,1,1,1,0,0,0,0
2026-09-21T06:31:24.696456+00:00,29758708,SIMULATED,125,1301000,DISARMED,0,-0.000000,0.00000,7.4000,0.0000,25.00,25.00,0.00000,0.00000,0,520,0,500,0,0,0,0,20,0,520,0,0,0,0,0,0,0,0,600,600,600,100,100,0.00000,0.00000,9.80665,0.000000,0.00000,-0.00000,0.00000,0.00000,9.80665,0.000000,0.000000,0.000000,0,1,1,1,1,1,0,0,0,0
2026-09-21T06:31:24.696493+00:00,29795000,SIMULATED,126,1303404,DISARMED,0,-0.000000,0.00000,7.4000,0.0000,25.00,25.00,0.00000,0.00000,0,520,0,500,0,0,0,0,20,0,520,0,0,0,0,0,0,0,0,600,600,600,100,100,0.00000,0.00000,9.80665,0.000000,0.00000,-0.00000,0.00000,0.00000,9.80665,0.000000,0.000000,0.000000,0,1,1,1,1,1,0,0,0,0
2026-09-21T06:31:24.696531+00:00,29833208,SIMULATED,127,1305808,DISARMED,0,-0.000000,0.00000,7.4000,0.0000,25.00,25.00,0.00000,0.00000,0,520,0,500,0,0,0,0,20,0,520,0,0,0,0,0,0,0,0,600,600,600,100,100,0.00000,0.00000,9.80665,0.000000,0.00000,-0.00000,0.00000,0.00000,9.80665,0.000000,0.000000,0.000000,0,1,1,1,1,1,0,0,0,0
2026-09-21T06:31:24.696650+00:00,29955333,SIMULATED,128,1308212,DISARMED,0,-0.000000,0.00000,7.4000,0.0000,25.00,25.00,0.00000,0.00000,0,520,0,500,0,0,0,0,20,0,520,0,0,0,0,0,0,0,0,600,600,600,100,100,0.00000,0.00000,9.80665,0.000000,0.00000,-0.00000,0.00000,0.00000,9.80665,0.000000,0.000000,0.000000,0,1,1,1,1,1,0,0,0,0
2026-09-21T06:31:24.696722+00:00,30025500,SIMULATED,129,1310616,DISARMED,0,-0.000000,0.00000,7.4000,0.0000,25.00,25.00,0.00000,0.00000,0,520,0,500,0,0,0,0,20,0,520,0,0,0,0,0,0,0,0,600,600,600,100,100,0.00000,0.00000,9.80665,0.000000,0.00000,-0.00000,0.00000,0.00000,9.80665,0.000000,0.000000,0.000000,0,1,1,1,1,1,0,0,0,0
2026-09-21T06:31:24.696772+00:00,30074875,SIMULATED,130,1313020,DISARMED,0,-0.000000,0.00000,7.4000,0.0000,25.00,25.00,0.00000,0.00000,0,520,0,500,0,0,0,0,20,0,520,0,0,0,0,0,0,0,0,600,600,600,100,100,0.00000,0.00000,9.80665,0.000000,0.00000,-0.00000,0.00000,0.00000,9.80665,0.000000,0.000000,0.000000,0,1,1,1,1,1,0,0,0,0
2026-09-21T06:31:24.696813+00:00,30115291,SIMULATED,131,1315424,DISARMED,0,-0.000000,0.00000,7.4000,0.0000,25.00,25.00,0.00000,0.00000,0,520,0,500,0,0,0,0,20,0,520,0,0,0,0,0,0,0,0,600,600,600,100,100,0.00000,0.00000,9.80665,0.000000,0.00000,-0.00000,0.00000,0.00000,9.80665,0.000000,0.000000,0.000000,0,1,1,1,1,1,0,0,0,0
2026-09-21T06:31:24.696851+00:00,30153958,SIMULATED,132,1317828,DISARMED,0,-0.000000,0.00000,7.4000,0.0000,25.00,25.00,0.00000,0.00000,0,520,0,500,0,0,0,0,20,0,520,0,0,0,0,0,0,0,0,600,600,600,100,100,0.00000,0.00000,9.80665,0.000000,0.00000,-0.00000,0.00000,0.00000,9.80665,0.000000,0.000000,0.000000,0,1,1,1,1,1,0,0,0,0
2026-09-21T06:31:24.696891+00:00,30193291,SIMULATED,133,1320232,DISARMED,0,-0.000000,0.00000,7.4000,0.0000,25.00,25.00,0.00000,0.00000,0,520,0,500,0,0,0,0,20,0,520,0,0,0,0,0,0,0,0,600,600,600,100,100,0.00000,0.00000,9.80665,0.000000,0.00000,-0.00000,0.00000,0.00000,9.80665,0.000000,0.000000,0.000000,0,1,1,1,1,1,0,0,0,0
2026-09-21T06:31:24.696929+00:00,30231250,SIMULATED,134,1322636,DISARMED,0,-0.000000,0.00000,7.4000,0.0000,25.00,25.00,0.00000,0.00000,0,520,0,500,0,0,0,0,20,0,520,0,0,0,0,0,0,0,0,600,600,600,100,100,0.00000,0.00000,9.80665,0.000000,0.00000,-0.00000,0.00000,0.00000,9.80665,0.000000,0.000000,0.000000,0,1,1,1,1,1,0,0,0,0
2026-09-21T06:31:24.696969+00:00,30271333,SIMULATED,135,1325040,DISARMED,0,-0.000000,0.00000,7.4000,0.0000,25.00,25.00,0.00000,0.00000,0,520,0,500,0,0,0,0,20,0,520,0,0,0,0,0,0,0,0,600,600,600,100,100,0.00000,0.00000,9.80665,0.000000,0.00000,-0.00000,0.00000,0.00000,9.80665,0.000000,0.000000,0.000000,0,1,1,1,1,1,0,0,0,0
2026-09-21T06:31:24.697005+00:00,30307750,SIMULATED,136,1327444,DISARMED,0,-0.000000,0.00000,7.4000,0.0000,25.00,25.00,0.00000,0.00000,0,520,0,500,0,0,0,0,20,0,520,0,0,0,0,0,0,0,0,600,600,600,100,100,0.00000,0.00000,9.80665,0.000000,0.00000,-0.00000,0.00000,0.00000,9.80665,0.000000,0.000000,0.000000,0,1,1,1,1,1,0,0,0,0
2026-09-21T06:31:24.697042+00:00,30344041,SIMULATED,137,1329848,DISARMED,0,-0.000000,0.00000,7.4000,0.0000,25.00,25.00,0.00000,0.00000,0,520,0,500,0,0,0,0,20,0,520,0,0,0,0,0,0,0,0,600,600,600,100,100,0.00000,0.00000,9.80665,0.000000,0.00000,-0.00000,0.00000,0.00000,9.80665,0.000000,0.000000,0.000000,0,1,1,1,1,1,0,0,0,0
2026-09-21T06:31:24.697078+00:00,30380375,SIMULATED,138,1332252,DISARMED,0,-0.000000,0.00000,7.4000,0.0000,25.00,25.00,0.00000,0.00000,0,520,0,500,0,0,0,0,20,0,520,0,0,0,0,0,0,0,0,600,600,600,100,100,0.00000,0.00000,9.80665,0.000000,0.00000,-0.00000,0.00000,0.00000,9.80665,0.000000,0.000000,0.000000,0,1,1,1,1,1,0,0,0,0
2026-09-21T06:31:24.697115+00:00,30417208,SIMULATED,139,1334656,DISARMED,0,-0.000000,0.00000,7.4000,0.0000,25.00,25.00,0.00000,0.00000,0,520,0,500,0,0,0,0,20,0,520,0,0,0,0,0,0,0,0,600,600,600,100,100,0.00000,0.00000,9.80665,0.000000,0.00000,-0.00000,0.00000,0.00000,9.80665,0.000000,0.000000,0.000000,0,1,1,1,1,1,0,0,0,0
2026-09-21T06:31:24.697156+00:00,30458833,SIMULATED,140,1337060,DISARMED,0,-0.000000,0.00000,7.4000,0.0000,25.00,25.00,0.00000,0.00000,0,520,0,500,0,0,0,0,20,0,520,0,0,0,0,0,0,0,0,600,600,600,100,100,0.00000,0.00000,9.80665,0.000000,0.00000,-0.00000,0.00000,0.00000,9.80665,0.000000,0.000000,0.000000,0,1,1,1,1,1,0,0,0,0
2026-09-21T06:31:24.697196+00:00,30497958,SIMULATED,141,1339464,DISARMED,0,-0.000000,0.00000,7.4000,0.0000,25.00,25.00,0.00000,0.00000,0,520,0,500,0,0,0,0,20,0,520,0,0,0,0,0,0,0,0,600,600,600,100,100,0.00000,0.00000,9.80665,0.000000,0.00000,-0.00000,0.00000,0.00000,9.80665,0.000000,0.000000,0.000000,0,1,1,1,1,1,0,0,0,0
2026-09-21T06:31:24.697233+00:00,30535166,SIMULATED,142,1341868,DISARMED,0,-0.000000,0.00000,7.4000,0.0000,25.00,25.00,0.00000,0.00000,0,520,0,500,0,0,0,0,20,0,520,0,0,0,0,0,0,0,0,600,600,600,100,100,0.00000,0.00000,9.80665,0.000000,0.00000,-0.00000,0.00000,0.00000,9.80665,0.000000,0.000000,0.000000,0,1,1,1,1,1,0,0,0,0
2026-09-21T06:31:24.697270+00:00,30572500,SIMULATED,143,1344272,DISARMED,0,-0.000000,0.00000,7.4000,0.0000,25.00,25.00,0.00000,0.00000,0,520,0,500,0,0,0,0,20,0,520,0,0,0,0,0,0,0,0,600,600,600,100,100,0.00000,0.00000,9.80665,0.000000,0.00000,-0.00000,0.00000,0.00000,9.80665,0.000000,0.000000,0.000000,0,1,1,1,1,1,0,0,0,0
2026-09-21T06:31:24.697309+00:00,30611083,SIMULATED,144,1346676,DISARMED,0,-0.000000,0.00000,7.4000,0.0000,25.00,25.00,0.00000,0.00000,0,520,0,500,0,0,0,0,20,0,520,0,0,0,0,0,0,0,0,600,600,600,100,100,0.00000,0.00000,9.80665,0.000000,0.00000,-0.00000,0.00000,0.00000,9.80665,0.000000,0.000000,0.000000,0,1,1,1,1,1,0,0,0,0
2026-09-21T06:31:24.697345+00:00,30647500,SIMULATED,145,1349080,DISARMED,0,-0.000000,0.00000,7.4000,0.0000,25.00,25.00,0.00000,0.00000,0,520,0,500,0,0,0,0,20,0,520,0,0,0,0,0,0,0,0,600,600,600,100,100,0.00000,0.00000,9.80665,0.000000,0.00000,-0.00000,0.00000,0.00000,9.80665,0.000000,0.000000,0.000000,0,1,1,1,1,1,0,0,0,0
2026-09-21T06:31:24.697382+00:00,30684208,SIMULATED,146,1351484,DISARMED,0,-0.000000,0.00000,7.4000,0.0000,25.00,25.00,0.00000,0.00000,0,520,0,500,0,0,0,0,20,0,520,0,0,0,0,0,0,0,0,600,600,600,100,100,0.00000,0.00000,9.80665,0.000000,0.00000,-0.00000,0.00000,0.00000,9.80665,0.000000,0.000000,0.000000,0,1,1,1,1,1,0,0,0,0
2026-09-21T06:31:24.697425+00:00,30727833,SIMULATED,147,1353888,DISARMED,0,-0.000000,0.00000,7.4000,0.0000,25.00,25.00,0.00000,0.00000,0,520,0,500,0,0,0,0,20,0,520,0,0,0,0,0,0,0,0,600,600,600,100,100,0.00000,0.00000,9.80665,0.000000,0.00000,-0.00000,0.00000,0.00000,9.80665,0.000000,0.000000,0.000000,0,1,1,1,1,1,0,0,0,0
2026-09-21T06:31:24.697463+00:00,30765625,SIMULATED,148,1356292,DISARMED,0,-0.000000,0.00000,7.4000,0.0000,25.00,25.00,0.00000,0.00000,0,520,0,500,0,0,0,0,20,0,520,0,0,0,0,0,0,0,0,600,600,600,100,100,0.00000,0.00000,9.80665,0.000000,0.00000,-0.00000,0.00000,0.00000,9.80665,0.000000,0.000000,0.000000,0,1,1,1,1,1,0,0,0,0
2026-09-21T06:31:24.697501+00:00,30803208,SIMULATED,149,1358696,DISARMED,0,-0.000000,0.00000,7.4000,0.0000,25.00,25.00,0.00000,0.00000,0,520,0,500,0,0,0,0,20,0,520,0,0,0,0,0,0,0,0,600,600,600,100,100,0.00000,0.00000,9.80665,0.000000,0.00000,-0.00000,0.00000,0.00000,9.80665,0.000000,0.000000,0.000000,0,1,1,1,1,1,0,0,0,0
2026-09-21T06:31:24.697543+00:00,30845583,SIMULATED,150,1361100,DISARMED,0,-0.000000,0.00000,7.4000,0.0000,25.00,25.00,0.00000,0.00000,0,520,0,500,0,0,0,0,20,0,520,0,0,0,0,0,0,0,0,600,600,600,100,100,0.00000,0.00000,9.80665,0.000000,0.00000,-0.00000,0.00000,0.00000,9.80665,0.000000,0.000000,0.000000,0,1,1,1,1,1,0,0,0,0
2026-09-21T06:31:24.697635+00:00,30937875,SIMULATED,151,1363504,DISARMED,0,-0.000000,0.00000,7.4000,0.0000,25.00,25.00,0.00000,0.00000,0,520,0,500,0,0,0,0,20,0,520,0,0,0,0,0,0,0,0,600,600,600,100,100,0.00000,0.00000,9.80665,0.000000,0.00000,-0.00000,0.00000,0.00000,9.80665,0.000000,0.000000,0.000000,0,1,1,1,1,1,0,0,0,0
2026-09-21T06:31:24.697678+00:00,30980125,SIMULATED,152,1365908,DISARMED,0,-0.000000,0.00000,7.4000,0.0000,25.00,25.00,0.00000,0.00000,0,520,0,500,0,0,0,0,20,0,520,0,0,0,0,0,0,0,0,600,600,600,100,100,0.00000,0.00000,9.80665,0.000000,0.00000,-0.00000,0.00000,0.00000,9.80665,0.000000,0.000000,0.000000,0,1,1,1,1,1,0,0,0,0
2026-09-21T06:31:24.697717+00:00,31019041,SIMULATED,153,1368312,DISARMED,0,-0.000000,0.00000,7.4000,0.0000,25.00,25.00,0.00000,0.00000,0,520,0,500,0,0,0,0,20,0,520,0,0,0,0,0,0,0,0,600,600,600,100,100,0.00000,0.00000,9.80665,0.000000,0.00000,-0.00000,0.00000,0.00000,9.80665,0.000000,0.000000,0.000000,0,1,1,1,1,1,0,0,0,0
2026-09-21T06:31:24.697753+00:00,31055500,SIMULATED,154,1370716,DISARMED,0,-0.000000,0.00000,7.4000,0.0000,25.00,25.00,0.00000,0.00000,0,520,0,500,0,0,0,0,20,0,520,0,0,0,0,0,0,0,0,600,600,600,100,100,0.00000,0.00000,9.80665,0.000000,0.00000,-0.00000,0.00000,0.00000,9.80665,0.000000,0.000000,0.000000,0,1,1,1,1,1,0,0,0,0
2026-09-21T06:31:24.697789+00:00,31090916,SIMULATED,155,1373120,DISARMED,0,-0.000000,0.00000,7.4000,0.0000,25.00,25.00,0.00000,0.00000,0,520,0,500,0,0,0,0,20,0,520,0,0,0,0,0,0,0,0,600,600,600,100,100,0.00000,0.00000,9.80665,0.000000,0.00000,-0.00000,0.00000,0.00000,9.80665,0.000000,0.000000,0.000000,0,1,1,1,1,1,0,0,0,0
2026-09-21T06:31:24.697824+00:00,31125958,SIMULATED,156,1375524,DISARMED,0,-0.000000,0.00000,7.4000,0.0000,25.00,25.00,0.00000,0.00000,0,520,0,500,0,0,0,0,20,0,520,0,0,0,0,0,0,0,0,600,600,600,100,100,0.00000,0.00000,9.80665,0.000000,0.00000,-0.00000,0.00000,0.00000,9.80665,0.000000,0.000000,0.000000,0,1,1,1,1,1,0,0,0,0
2026-09-21T06:31:24.697863+00:00,31165125,SIMULATED,157,1377928,DISARMED,0,-0.000000,0.00000,7.4000,0.0000,25.00,25.00,0.00000,0.00000,0,520,0,500,0,0,0,0,20,0,520,0,0,0,0,0,0,0,0,600,600,600,100,100,0.00000,0.00000,9.80665,0.000000,0.00000,-0.00000,0.00000,0.00000,9.80665,0.000000,0.000000,0.000000,0,1,1,1,1,1,0,0,0,0
2026-09-21T06:31:24.697902+00:00,31204666,SIMULATED,158,1380332,DISARMED,0,-0.000000,0.00000,7.4000,0.0000,25.00,25.00,0.00000,0.00000,0,520,0,500,0,0,0,0,20,0,520,0,0,0,0,0,0,0,0,600,600,600,100,100,0.00000,0.00000,9.80665,0.000000,0.00000,-0.00000,0.00000,0.00000,9.80665,0.000000,0.000000,0.000000,0,1,1,1,1,1,0,0,0,0
2026-09-21T06:31:24.697945+00:00,31247416,SIMULATED,159,1382736,DISARMED,0,-0.000000,0.00000,7.4000,0.0000,25.00,25.00,0.00000,0.00000,0,520,0,500,0,0,0,0,20,0,520,0,0,0,0,0,0,0,0,600,600,600,100,100,0.00000,0.00000,9.80665,0.000000,0.00000,-0.00000,0.00000,0.00000,9.80665,0.000000,0.000000,0.000000,0,1,1,1,1,1,0,0,0,0
2026-09-21T06:31:24.697986+00:00,31288041,SIMULATED,160,1385140,DISARMED,0,-0.000000,0.00000,7.4000,0.0000,25.00,25.00,0.00000,0.00000,0,520,0,500,0,0,0,0,20,0,520,0,0,0,0,0,0,0,0,600,600,600,100,100,0.00000,0.00000,9.80665,0.000000,0.00000,-0.00000,0.00000,0.00000,9.80665,0.000000,0.000000,0.000000,0,1,1,1,1,1,0,0,0,0
2026-09-21T06:31:24.698021+00:00,31323666,SIMULATED,161,1387544,DISARMED,0,-0.000000,0.00000,7.4000,0.0000,25.00,25.00,0.00000,0.00000,0,520,0,500,0,0,0,0,20,0,520,0,0,0,0,0,0,0,0,600,600,600,100,100,0.00000,0.00000,9.80665,0.000000,0.00000,-0.00000,0.00000,0.00000,9.80665,0.000000,0.000000,0.000000,0,1,1,1,1,1,0,0,0,0
2026-09-21T06:31:24.698056+00:00,31358875,SIMULATED,162,1389948,DISARMED,0,-0.000000,0.00000,7.4000,0.0000,25.00,25.00,0.00000,0.00000,0,520,0,500,0,0,0,0,20,0,520,0,0,0,0,0,0,0,0,600,600,600,100,100,0.00000,0.00000,9.80665,0.000000,0.00000,-0.00000,0.00000,0.00000,9.80665,0.000000,0.000000,0.000000,0,1,1,1,1,1,0,0,0,0
2026-09-21T06:31:24.698092+00:00,31394333,SIMULATED,163,1392352,DISARMED,0,-0.000000,0.00000,7.4000,0.0000,25.00,25.00,0.00000,0.00000,0,520,0,500,0,0,0,0,20,0,520,0,0,0,0,0,0,0,0,600,600,600,100,100,0.00000,0.00000,9.80665,0.000000,0.00000,-0.00000,0.00000,0.00000,9.80665,0.000000,0.000000,0.000000,0,1,1,1,1,1,0,0,0,0
2026-09-21T06:31:24.698127+00:00,31429583,SIMULATED,164,1394756,DISARMED,0,-0.000000,0.00000,7.4000,0.0000,25.00,25.00,0.00000,0.00000,0,520,0,500,0,0,0,0,20,0,520,0,0,0,0,0,0,0,0,600,600,600,100,100,0.00000,0.00000,9.80665,0.000000,0.00000,-0.00000,0.00000,0.00000,9.80665,0.000000,0.000000,0.000000,0,1,1,1,1,1,0,0,0,0
2026-09-21T06:31:24.698166+00:00,31468041,SIMULATED,165,1397160,DISARMED,0,-0.000000,0.00000,7.4000,0.0000,25.00,25.00,0.00000,0.00000,0,520,0,500,0,0,0,0,20,0,520,0,0,0,0,0,0,0,0,600,600,600,100,100,0.00000,0.00000,9.80665,0.000000,0.00000,-0.00000,0.00000,0.00000,9.80665,0.000000,0.000000,0.000000,0,1,1,1,1,1,0,0,0,0
2026-09-21T06:31:24.698201+00:00,31503583,SIMULATED,166,1399564,DISARMED,0,-0.000000,0.00000,7.4000,0.0000,25.00,25.00,0.00000,0.00000,0,520,0,500,0,0,0,0,20,0,520,0,0,0,0,0,0,0,0,600,600,600,100,100,0.00000,0.00000,9.80665,0.000000,0.00000,-0.00000,0.00000,0.00000,9.80665,0.000000,0.000000,0.000000,0,1,1,1,1,1,0,0,0,0
2026-09-21T06:31:24.698236+00:00,31538791,SIMULATED,167,1401968,DISARMED,0,-0.000000,0.00000,7.4000,0.0000,25.00,25.00,0.00000,0.00000,0,520,0,500,0,0,0,0,20,0,520,0,0,0,0,0,0,0,0,600,600,600,100,100,0.00000,0.00000,9.80665,0.000000,0.00000,-0.00000,0.00000,0.00000,9.80665,0.000000,0.000000,0.000000,0,1,1,1,1,1,0,0,0,0
2026-09-21T06:31:24.698272+00:00,31574041,SIMULATED,168,1404372,DISARMED,0,-0.000000,0.00000,7.4000,0.0000,25.00,25.00,0.00000,0.00000,0,520,0,500,0,0,0,0,20,0,520,0,0,0,0,0,0,0,0,600,600,600,100,100,0.00000,0.00000,9.80665,0.000000,0.00000,-0.00000,0.00000,0.00000,9.80665,0.000000,0.000000,0.000000,0,1,1,1,1,1,0,0,0,0
2026-09-21T06:31:24.698306+00:00,31608708,SIMULATED,169,1406776,DISARMED,0,-0.000000,0.00000,7.4000,0.0000,25.00,25.00,0.00000,0.00000,0,520,0,500,0,0,0,0,20,0,520,0,0,0,0,0,0,0,0,600,600,600,100,100,0.00000,0.00000,9.80665,0.000000,0.00000,-0.00000,0.00000,0.00000,9.80665,0.000000,0.000000,0.000000,0,1,1,1,1,1,0,0,0,0
2026-09-21T06:31:24.698344+00:00,31645958,SIMULATED,170,1409180,DISARMED,0,-0.000000,0.00000,7.4000,0.0000,25.00,25.00,0.00000,0.00000,0,520,0,500,0,0,0,0,20,0,520,0,0,0,0,0,0,0,0,600,600,600,100,100,0.00000,0.00000,9.80665,0.000000,0.00000,-0.00000,0.00000,0.00000,9.80665,0.000000,0.000000,0.000000,0,1,1,1,1,1,0,0,0,0
2026-09-21T06:31:24.698381+00:00,31683250,SIMULATED,171,1411584,DISARMED,0,-0.000000,0.00000,7.4000,0.0000,25.00,25.00,0.00000,0.00000,0,520,0,500,0,0,0,0,20,0,520,0,0,0,0,0,0,0,0,600,600,600,100,100,0.00000,0.00000,9.80665,0.000000,0.00000,-0.00000,0.00000,0.00000,9.80665,0.000000,0.000000,0.000000,0,1,1,1,1,1,0,0,0,0
2026-09-21T06:31:24.698417+00:00,31719291,SIMULATED,172,1413988,DISARMED,0,-0.000000,0.00000,7.4000,0.0000,25.00,25.00,0.00000,0.00000,0,520,0,500,0,0,0,0,20,0,520,0,0,0,0,0,0,0,0,600,600,600,100,100,0.00000,0.00000,9.80665,0.000000,0.00000,-0.00000,0.00000,0.00000,9.80665,0.000000,0.000000,0.000000,0,1,1,1,1,1,0,0,0,0
2026-09-21T06:31:24.698453+00:00,31755250,SIMULATED,173,1416392,DISARMED,0,-0.000000,0.00000,7.4000,0.0000,25.00,25.00,0.00000,0.00000,0,520,0,500,0,0,0,0,20,0,520,0,0,0,0,0,0,0,0,600,600,600,100,100,0.00000,0.00000,9.80665,0.000000,0.00000,-0.00000,0.00000,0.00000,9.80665,0.000000,0.000000,0.000000,0,1,1,1,1,1,0,0,0,0
2026-09-21T06:31:24.698489+00:00,31791250,SIMULATED,174,1418796,DISARMED,0,-0.000000,0.00000,7.4000,0.0000,25.00,25.00,0.00000,0.00000,0,520,0,500,0,0,0,0,20,0,520,0,0,0,0,0,0,0,0,600,600,600,100,100,0.00000,0.00000,9.80665,0.000000,0.00000,-0.00000,0.00000,0.00000,9.80665,0.000000,0.000000,0.000000,0,1,1,1,1,1,0,0,0,0
2026-09-21T06:31:24.698525+00:00,31827875,SIMULATED,175,1421200,DISARMED,0,-0.000000,0.00000,7.4000,0.0000,25.00,25.00,0.00000,0.00000,0,520,0,500,0,0,0,0,20,0,520,0,0,0,0,0,0,0,0,600,600,600,100,100,0.00000,0.00000,9.80665,0.000000,0.00000,-0.00000,0.00000,0.00000,9.80665,0.000000,0.000000,0.000000,0,1,1,1,1,1,0,0,0,0
2026-09-21T06:31:24.698562+00:00,31864833,SIMULATED,176,1423604,DISARMED,0,-0.000000,0.00000,7.4000,0.0000,25.00,25.00,0.00000,0.00000,0,520,0,500,0,0,0,0,20,0,520,0,0,0,0,0,0,0,0,600,600,600,100,100,0.00000,0.00000,9.80665,0.000000,0.00000,-0.00000,0.00000,0.00000,9.80665,0.000000,0.000000,0.000000,0,1,1,1,1,1,0,0,0,0
2026-09-21T06:31:24.698605+00:00,31907958,SIMULATED,177,1426008,DISARMED,0,-0.000000,0.00000,7.4000,0.0000,25.00,25.00,0.00000,0.00000,0,520,0,500,0,0,0,0,20,0,520,0,0,0,0,0,0,0,0,600,600,600,100,100,0.00000,0.00000,9.80665,0.000000,0.00000,-0.00000,0.00000,0.00000,9.80665,0.000000,0.000000,0.000000,0,1,1,1,1,1,0,0,0,0
2026-09-21T06:31:24.698645+00:00,31947375,SIMULATED,178,1428412,DISARMED,0,-0.000000,0.00000,7.4000,0.0000,25.00,25.00,0.00000,0.00000,0,520,0,500,0,0,0,0,20,0,520,0,0,0,0,0,0,0,0,600,600,600,100,100,0.00000,0.00000,9.80665,0.000000,0.00000,-0.00000,0.00000,0.00000,9.80665,0.000000,0.000000,0.000000,0,1,1,1,1,1,0,0,0,0
2026-09-21T06:31:24.698681+00:00,31983416,SIMULATED,179,1430816,DISARMED,0,-0.000000,0.00000,7.4000,0.0000,25.00,25.00,0.00000,0.00000,0,520,0,500,0,0,0,0,20,0,520,0,0,0,0,0,0,0,0,600,600,600,100,100,0.00000,0.00000,9.80665,0.000000,0.00000,-0.00000,0.00000,0.00000,9.80665,0.000000,0.000000,0.000000,0,1,1,1,1,1,0,0,0,0
2026-09-21T06:31:24.698719+00:00,32021541,SIMULATED,180,1433220,DISARMED,0,-0.000000,0.00000,7.4000,0.0000,25.00,25.00,0.00000,0.00000,0,520,0,500,0,0,0,0,20,0,520,0,0,0,0,0,0,0,0,600,600,600,100,100,0.00000,0.00000,9.80665,0.000000,0.00000,-0.00000,0.00000,0.00000,9.80665,0.000000,0.000000,0.000000,0,1,1,1,1,1,0,0,0,0
2026-09-21T06:31:24.698756+00:00,32058125,SIMULATED,181,1435624,DISARMED,0,-0.000000,0.00000,7.4000,0.0000,25.00,25.00,0.00000,0.00000,0,520,0,500,0,0,0,0,20,0,520,0,0,0,0,0,0,0,0,600,600,600,100,100,0.00000,0.00000,9.80665,0.000000,0.00000,-0.00000,0.00000,0.00000,9.80665,0.000000,0.000000,0.000000,0,1,1,1,1,1,0,0,0,0
2026-09-21T06:31:24.698792+00:00,32094083,SIMULATED,182,1438028,DISARMED,0,-0.000000,0.00000,7.4000,0.0000,25.00,25.00,0.00000,0.00000,0,520,0,500,0,0,0,0,20,0,520,0,0,0,0,0,0,0,0,600,600,600,100,100,0.00000,0.00000,9.80665,0.000000,0.00000,-0.00000,0.00000,0.00000,9.80665,0.000000,0.000000,0.000000,0,1,1,1,1,1,0,0,0,0
2026-09-21T06:31:24.698829+00:00,32131500,SIMULATED,183,1440432,DISARMED,0,-0.000000,0.00000,7.4000,0.0000,25.00,25.00,0.00000,0.00000,0,520,0,500,0,0,0,0,20,0,520,0,0,0,0,0,0,0,0,600,600,600,100,100,0.00000,0.00000,9.80665,0.000000,0.00000,-0.00000,0.00000,0.00000,9.80665,0.000000,0.000000,0.000000,0,1,1,1,1,1,0,0,0,0
2026-09-21T06:31:24.698866+00:00,32168291,SIMULATED,184,1442836,DISARMED,0,-0.000000,0.00000,7.4000,0.0000,25.00,25.00,0.00000,0.00000,0,520,0,500,0,0,0,0,20,0,520,0,0,0,0,0,0,0,0,600,600,600,100,100,0.00000,0.00000,9.80665,0.000000,0.00000,-0.00000,0.00000,0.00000,9.80665,0.000000,0.000000,0.000000,0,1,1,1,1,1,0,0,0,0
2026-09-21T06:31:24.698903+00:00,32204916,SIMULATED,185,1445240,DISARMED,0,-0.000000,0.00000,7.4000,0.0000,25.00,25.00,0.00000,0.00000,0,520,0,500,0,0,0,0,20,0,520,0,0,0,0,0,0,0,0,600,600,600,100,100,0.00000,0.00000,9.80665,0.000000,0.00000,-0.00000,0.00000,0.00000,9.80665,0.000000,0.000000,0.000000,0,1,1,1,1,1,0,0,0,0
2026-09-21T06:31:24.698939+00:00,32241000,SIMULATED,186,1447644,DISARMED,0,-0.000000,0.00000,7.4000,0.0000,25.00,25.00,0.00000,0.00000,0,520,0,500,0,0,0,0,20,0,520,0,0,0,0,0,0,0,0,600,600,600,100,100,0.00000,0.00000,9.80665,0.000000,0.00000,-0.00000,0.00000,0.00000,9.80665,0.000000,0.000000,0.000000,0,1,1,1,1,1,0,0,0,0
2026-09-21T06:31:24.698977+00:00,32279375,SIMULATED,187,1450048,DISARMED,0,-0.000000,0.00000,7.4000,0.0000,25.00,25.00,0.00000,0.00000,0,520,0,500,0,0,0,0,20,0,520,0,0,0,0,0,0,0,0,600,600,600,100,100,0.00000,0.00000,9.80665,0.000000,0.00000,-0.00000,0.00000,0.00000,9.80665,0.000000,0.000000,0.000000,0,1,1,1,1,1,0,0,0,0
2026-09-21T06:31:24.699015+00:00,32317000,SIMULATED,188,1452452,DISARMED,0,-0.000000,0.00000,7.4000,0.0000,25.00,25.00,0.00000,0.00000,0,520,0,500,0,0,0,0,20,0,520,0,0,0,0,0,0,0,0,600,600,600,100,100,0.00000,0.00000,9.80665,0.000000,0.00000,-0.00000,0.00000,0.00000,9.80665,0.000000,0.000000,0.000000,0,1,1,1,1,1,0,0,0,0
2026-09-21T06:31:24.699053+00:00,32355541,SIMULATED,189,1454856,DISARMED,0,-0.000000,0.00000,7.4000,0.0000,25.00,25.00,0.00000,0.00000,0,520,0,500,0,0,0,0,20,0,520,0,0,0,0,0,0,0,0,600,600,600,100,100,0.00000,0.00000,9.80665,0.000000,0.00000,-0.00000,0.00000,0.00000,9.80665,0.000000,0.000000,0.000000,0,1,1,1,1,1,0,0,0,0
2026-09-21T06:31:24.699093+00:00,32395625,SIMULATED,190,1457260,DISARMED,0,-0.000000,0.00000,7.4000,0.0000,25.00,25.00,0.00000,0.00000,0,520,0,500,0,0,0,0,20,0,520,0,0,0,0,0,0,0,0,600,600,600,100,100,0.00000,0.00000,9.80665,0.000000,0.00000,-0.00000,0.00000,0.00000,9.80665,0.000000,0.000000,0.000000,0,1,1,1,1,1,0,0,0,0
2026-09-21T06:31:24.699133+00:00,32435708,SIMULATED,191,1459664,DISARMED,0,-0.000000,0.00000,7.4000,0.0000,25.00,25.00,0.00000,0.00000,0,520,0,500,0,0,0,0,20,0,520,0,0,0,0,0,0,0,0,600,600,600,100,100,0.00000,0.00000,9.80665,0.000000,0.00000,-0.00000,0.00000,0.00000,9.80665,0.000000,0.000000,0.000000,0,1,1,1,1,1,0,0,0,0
2026-09-21T06:31:24.699169+00:00,32471583,SIMULATED,192,1462068,DISARMED,0,-0.000000,0.00000,7.4000,0.0000,25.00,25.00,0.00000,0.00000,0,520,0,500,0,0,0,0,20,0,520,0,0,0,0,0,0,0,0,600,600,600,100,100,0.00000,0.00000,9.80665,0.000000,0.00000,-0.00000,0.00000,0.00000,9.80665,0.000000,0.000000,0.000000,0,1,1,1,1,1,0,0,0,0
2026-09-21T06:31:24.699204+00:00,32506708,SIMULATED,193,1464472,DISARMED,0,-0.000000,0.00000,7.4000,0.0000,25.00,25.00,0.00000,0.00000,0,520,0,500,0,0,0,0,20,0,520,0,0,0,0,0,0,0,0,600,600,600,100,100,0.00000,0.00000,9.80665,0.000000,0.00000,-0.00000,0.00000,0.00000,9.80665,0.000000,0.000000,0.000000,0,1,1,1,1,1,0,0,0,0
2026-09-21T06:31:24.699240+00:00,32542083,SIMULATED,194,1466876,DISARMED,0,-0.000000,0.00000,7.4000,0.0000,25.00,25.00,0.00000,0.00000,0,520,0,500,0,0,0,0,20,0,520,0,0,0,0,0,0,0,0,600,600,600,100,100,0.00000,0.00000,9.80665,0.000000,0.00000,-0.00000,0.00000,0.00000,9.80665,0.000000,0.000000,0.000000,0,1,1,1,1,1,0,0,0,0
2026-09-21T06:31:24.699277+00:00,32579875,SIMULATED,195,1469280,DISARMED,0,-0.000000,0.00000,7.4000,0.0000,25.00,25.00,0.00000,0.00000,0,520,0,500,0,0,0,0,20,0,520,0,0,0,0,0,0,0,0,600,600,600,100,100,0.00000,0.00000,9.80665,0.000000,0.00000,-0.00000,0.00000,0.00000,9.80665,0.000000,0.000000,0.000000,0,1,1,1,1,1,0,0,0,0
2026-09-21T06:31:24.699314+00:00,32615875,SIMULATED,196,1471684,DISARMED,0,-0.000000,0.00000,7.4000,0.0000,25.00,25.00,0.00000,0.00000,0,520,0,500,0,0,0,0,20,0,520,0,0,0,0,0,0,0,0,600,600,600,100,100,0.00000,0.00000,9.80665,0.000000,0.00000,-0.00000,0.00000,0.00000,9.80665,0.000000,0.000000,0.000000,0,1,1,1,1,1,0,0,0,0
2026-09-21T06:31:24.699349+00:00,32651291,SIMULATED,197,1474088,DISARMED,0,-0.000000,0.00000,7.4000,0.0000,25.00,25.00,0.00000,0.00000,0,520,0,500,0,0,0,0,20,0,520,0,0,0,0,0,0,0,0,600,600,600,100,100,0.00000,0.00000,9.80665,0.000000,0.00000,-0.00000,0.00000,0.00000,9.80665,0.000000,0.000000,0.000000,0,1,1,1,1,1,0,0,0,0
2026-09-21T06:31:24.699385+00:00,32686916,SIMULATED,198,1476492,DISARMED,0,-0.000000,0.00000,7.4000,0.0000,25.00,25.00,0.00000,0.00000,0,520,0,500,0,0,0,0,20,0,520,0,0,0,0,0,0,0,0,600,600,600,100,100,0.00000,0.00000,9.80665,0.000000,0.00000,-0.00000,0.00000,0.00000,9.80665,0.000000,0.000000,0.000000,0,1,1,1,1,1,0,0,0,0
2026-09-21T06:31:24.699421+00:00,32722916,SIMULATED,199,1478896,DISARMED,0,-0.000000,0.00000,7.4000,0.0000,25.00,25.00,0.00000,0.00000,0,520,0,500,0,0,0,0,20,0,520,0,0,0,0,0,0,0,0,600,600,600,100,100,0.00000,0.00000,9.80665,0.000000,0.00000,-0.00000,0.00000,0.00000,9.80665,0.000000,0.000000,0.000000,0,1,1,1,1,1,0,0,0,0
2026-09-21T06:31:24.699460+00:00,32762291,SIMULATED,200,1481300,DISARMED,0,-0.000000,0.00000,7.4000,0.0000,25.00,25.00,0.00000,0.00000,0,520,0,500,0,0,0,0,20,0,520,0,0,0,0,0,0,0,0,600,600,600,100,100,0.00000,0.00000,9.80665,0.000000,0.00000,-0.00000,0.00000,0.00000,9.80665,0.000000,0.000000,0.000000,0,1,1,1,1,1,0,0,0,0
2026-09-21T06:31:24.699498+00:00,32800375,SIMULATED,1,1002904,DISARMED,0,-0.000000,0.00000,7.4000,0.0000,25.00,25.00,0.00000,0.00000,0,520,0,500,0,0,0,0,20,0,520,0,0,0,0,0,0,0,0,0,0,0,0,0,0.00000,0.00000,9.80665,0.000000,0.00000,-0.00000,0.00000,0.00000,9.80665,0.000000,0.000000,0.000000,0,1,1,1,1,1,0,0,0,0
2026-09-21T06:31:24.699535+00:00,32837041,SIMULATED,2,1005308,DISARMED,0,-0.000000,0.00000,7.4000,0.0000,25.00,25.00,0.00000,0.00000,0,520,0,500,0,0,0,0,20,0,520,0,0,0,0,0,0,0,0,600,600,600,100,100,0.00000,0.00000,9.80665,0.000000,0.00000,-0.00000,0.00000,0.00000,9.80665,0.000000,0.000000,0.000000,0,1,1,1,1,1,0,0,0,0
2026-09-21T06:31:24.699574+00:00,32876833,SIMULATED,3,1007712,DISARMED,0,-0.000000,0.00000,7.4000,0.0000,25.00,25.00,0.00000,0.00000,0,520,0,500,0,0,0,0,20,0,520,0,0,0,0,0,0,0,0,600,600,600,100,100,0.00000,0.00000,9.80665,0.000000,0.00000,-0.00000,0.00000,0.00000,9.80665,0.000000,0.000000,0.000000,0,1,1,1,1,1,0,0,0,0
2026-09-21T06:31:24.699611+00:00,32913666,SIMULATED,4,1010116,DISARMED,0,-0.000000,0.00000,7.4000,0.0000,25.00,25.00,0.00000,0.00000,0,520,0,500,0,0,0,0,20,0,520,0,0,0,0,0,0,0,0,600,600,600,100,100,0.00000,0.00000,9.80665,0.000000,0.00000,-0.00000,0.00000,0.00000,9.80665,0.000000,0.000000,0.000000,0,1,1,1,1,1,0,0,0,0
2026-09-21T06:31:24.699647+00:00,32949708,SIMULATED,5,1012520,DISARMED,0,-0.000000,0.00000,7.4000,0.0000,25.00,25.00,0.00000,0.00000,0,520,0,500,0,0,0,0,20,0,520,0,0,0,0,0,0,0,0,600,600,600,100,100,0.00000,0.00000,9.80665,0.000000,0.00000,-0.00000,0.00000,0.00000,9.80665,0.000000,0.000000,0.000000,0,1,1,1,1,1,0,0,0,0
2026-09-21T06:31:24.699683+00:00,32985375,SIMULATED,6,1014924,DISARMED,0,-0.000000,0.00000,7.4000,0.0000,25.00,25.00,0.00000,0.00000,0,520,0,500,0,0,0,0,20,0,520,0,0,0,0,0,0,0,0,600,600,600,100,100,0.00000,0.00000,9.80665,0.000000,0.00000,-0.00000,0.00000,0.00000,9.80665,0.000000,0.000000,0.000000,0,1,1,1,1,1,0,0,0,0
2026-09-21T06:31:24.699723+00:00,33025625,SIMULATED,7,1017328,DISARMED,0,-0.000000,0.00000,7.4000,0.0000,25.00,25.00,0.00000,0.00000,0,520,0,500,0,0,0,0,20,0,520,0,0,0,0,0,0,0,0,600,600,600,100,100,0.00000,0.00000,9.80665,0.000000,0.00000,-0.00000,0.00000,0.00000,9.80665,0.000000,0.000000,0.000000,0,1,1,1,1,1,0,0,0,0
2026-09-21T06:31:24.699760+00:00,33062375,SIMULATED,8,1019732,DISARMED,0,-0.000000,0.00000,7.4000,0.0000,25.00,25.00,0.00000,0.00000,0,520,0,500,0,0,0,0,20,0,520,0,0,0,0,0,0,0,0,600,600,600,100,100,0.00000,0.00000,9.80665,0.000000,0.00000,-0.00000,0.00000,0.00000,9.80665,0.000000,0.000000,0.000000,0,1,1,1,1,1,0,0,0,0
2026-09-21T06:31:24.699795+00:00,33097791,SIMULATED,9,1022136,DISARMED,0,-0.000000,0.00000,7.4000,0.0000,25.00,25.00,0.00000,0.00000,0,520,0,500,0,0,0,0,20,0,520,0,0,0,0,0,0,0,0,600,600,600,100,100,0.00000,0.00000,9.80665,0.000000,0.00000,-0.00000,0.00000,0.00000,9.80665,0.000000,0.000000,0.000000,0,1,1,1,1,1,0,0,0,0
2026-09-21T06:31:24.699835+00:00,33137416,SIMULATED,10,1024540,DISARMED,0,-0.000000,0.00000,7.4000,0.0000,25.00,25.00,0.00000,0.00000,0,520,0,500,0,0,0,0,20,0,520,0,0,0,0,0,0,0,0,600,600,600,100,100,0.00000,0.00000,9.80665,0.000000,0.00000,-0.00000,0.00000,0.00000,9.80665,0.000000,0.000000,0.000000,0,1,1,1,1,1,0,0,0,0
2026-09-21T06:31:24.699871+00:00,33173041,SIMULATED,11,1026944,DISARMED,0,-0.000000,0.00000,7.4000,0.0000,25.00,25.00,0.00000,0.00000,0,520,0,500,0,0,0,0,20,0,520,0,0,0,0,0,0,0,0,600,600,600,100,100,0.00000,0.00000,9.80665,0.000000,0.00000,-0.00000,0.00000,0.00000,9.80665,0.000000,0.000000,0.000000,0,1,1,1,1,1,0,0,0,0
2026-09-21T06:31:24.699906+00:00,33208583,SIMULATED,12,1029348,DISARMED,0,-0.000000,0.00000,7.4000,0.0000,25.00,25.00,0.00000,0.00000,0,520,0,500,0,0,0,0,20,0,520,0,0,0,0,0,0,0,0,600,600,600,100,100,0.00000,0.00000,9.80665,0.000000,0.00000,-0.00000,0.00000,0.00000,9.80665,0.000000,0.000000,0.000000,0,1,1,1,1,1,0,0,0,0
2026-09-21T06:31:24.699943+00:00,33245041,SIMULATED,13,1031752,DISARMED,0,-0.000000,0.00000,7.4000,0.0000,25.00,25.00,0.00000,0.00000,0,520,0,500,0,0,0,0,20,0,520,0,0,0,0,0,0,0,0,600,600,600,100,100,0.00000,0.00000,9.80665,0.000000,0.00000,-0.00000,0.00000,0.00000,9.80665,0.000000,0.000000,0.000000,0,1,1,1,1,1,0,0,0,0
2026-09-21T06:31:24.699977+00:00,33279500,SIMULATED,14,1034156,DISARMED,0,-0.000000,0.00000,7.4000,0.0000,25.00,25.00,0.00000,0.00000,0,520,0,500,0,0,0,0,20,0,520,0,0,0,0,0,0,0,0,600,600,600,100,100,0.00000,0.00000,9.80665,0.000000,0.00000,-0.00000,0.00000,0.00000,9.80665,0.000000,0.000000,0.000000,0,1,1,1,1,1,0,0,0,0
2026-09-21T06:31:24.700012+00:00,33314750,SIMULATED,15,1036560,DISARMED,0,-0.000000,0.00000,7.4000,0.0000,25.00,25.00,0.00000,0.00000,0,520,0,500,0,0,0,0,20,0,520,0,0,0,0,0,0,0,0,600,600,600,100,100,0.00000,0.00000,9.80665,0.000000,0.00000,-0.00000,0.00000,0.00000,9.80665,0.000000,0.000000,0.000000,0,1,1,1,1,1,0,0,0,0
2026-09-21T06:31:24.700053+00:00,33355458,SIMULATED,16,1038964,DISARMED,0,-0.000000,0.00000,7.4000,0.0000,25.00,25.00,0.00000,0.00000,0,520,0,500,0,0,0,0,20,0,520,0,0,0,0,0,0,0,0,600,600,600,100,100,0.00000,0.00000,9.80665,0.000000,0.00000,-0.00000,0.00000,0.00000,9.80665,0.000000,0.000000,0.000000,0,1,1,1,1,1,0,0,0,0
2026-09-21T06:31:24.700089+00:00,33391250,SIMULATED,17,1041368,DISARMED,0,-0.000000,0.00000,7.4000,0.0000,25.00,25.00,0.00000,0.00000,0,520,0,500,0,0,0,0,20,0,520,0,0,0,0,0,0,0,0,600,600,600,100,100,0.00000,0.00000,9.80665,0.000000,0.00000,-0.00000,0.00000,0.00000,9.80665,0.000000,0.000000,0.000000,0,1,1,1,1,1,0,0,0,0
2026-09-21T06:31:24.700125+00:00,33427291,SIMULATED,18,1043772,DISARMED,0,-0.000000,0.00000,7.4000,0.0000,25.00,25.00,0.00000,0.00000,0,520,0,500,0,0,0,0,20,0,520,0,0,0,0,0,0,0,0,600,600,600,100,100,0.00000,0.00000,9.80665,0.000000,0.00000,-0.00000,0.00000,0.00000,9.80665,0.000000,0.000000,0.000000,0,1,1,1,1,1,0,0,0,0
2026-09-21T06:31:24.700162+00:00,33464583,SIMULATED,19,1046176,DISARMED,0,-0.000000,0.00000,7.4000,0.0000,25.00,25.00,0.00000,0.00000,0,520,0,500,0,0,0,0,20,0,520,0,0,0,0,0,0,0,0,600,600,600,100,100,0.00000,0.00000,9.80665,0.000000,0.00000,-0.00000,0.00000,0.00000,9.80665,0.000000,0.000000,0.000000,0,1,1,1,1,1,0,0,0,0
2026-09-21T06:31:24.700200+00:00,33502375,SIMULATED,20,1048580,DISARMED,0,-0.000000,0.00000,7.4000,0.0000,25.00,25.00,0.00000,0.00000,0,520,0,500,0,0,0,0,20,0,520,0,0,0,0,0,0,0,0,600,600,600,100,100,0.00000,0.00000,9.80665,0.000000,0.00000,-0.00000,0.00000,0.00000,9.80665,0.000000,0.000000,0.000000,0,1,1,1,1,1,0,0,0,0
2026-09-21T06:31:24.700236+00:00,33538333,SIMULATED,21,1050984,DISARMED,0,-0.000000,0.00000,7.4000,0.0000,25.00,25.00,0.00000,0.00000,0,520,0,500,0,0,0,0,20,0,520,0,0,0,0,0,0,0,0,600,600,600,100,100,0.00000,0.00000,9.80665,0.000000,0.00000,-0.00000,0.00000,0.00000,9.80665,0.000000,0.000000,0.000000,0,1,1,1,1,1,0,0,0,0
2026-09-21T06:31:24.700271+00:00,33573708,SIMULATED,22,1053388,DISARMED,0,-0.000000,0.00000,7.4000,0.0000,25.00,25.00,0.00000,0.00000,0,520,0,500,0,0,0,0,20,0,520,0,0,0,0,0,0,0,0,600,600,600,100,100,0.00000,0.00000,9.80665,0.000000,0.00000,-0.00000,0.00000,0.00000,9.80665,0.000000,0.000000,0.000000,0,1,1,1,1,1,0,0,0,0
2026-09-21T06:31:24.700307+00:00,33609333,SIMULATED,23,1055792,DISARMED,0,-0.000000,0.00000,7.4000,0.0000,25.00,25.00,0.00000,0.00000,0,520,0,500,0,0,0,0,20,0,520,0,0,0,0,0,0,0,0,600,600,600,100,100,0.00000,0.00000,9.80665,0.000000,0.00000,-0.00000,0.00000,0.00000,9.80665,0.000000,0.000000,0.000000,0,1,1,1,1,1,0,0,0,0
2026-09-21T06:31:24.700344+00:00,33646750,SIMULATED,24,1058196,DISARMED,0,-0.000000,0.00000,7.4000,0.0000,25.00,25.00,0.00000,0.00000,0,520,0,500,0,0,0,0,20,0,520,0,0,0,0,0,0,0,0,600,600,600,100,100,0.00000,0.00000,9.80665,0.000000,0.00000,-0.00000,0.00000,0.00000,9.80665,0.000000,0.000000,0.000000,0,1,1,1,1,1,0,0,0,0
2026-09-21T06:31:24.700382+00:00,33684500,SIMULATED,25,1060600,DISARMED,0,-0.000000,0.00000,7.4000,0.0000,25.00,25.00,0.00000,0.00000,0,520,0,500,0,0,0,0,20,0,520,0,0,0,0,0,0,0,0,600,600,600,100,100,0.00000,0.00000,9.80665,0.000000,0.00000,-0.00000,0.00000,0.00000,9.80665,0.000000,0.000000,0.000000,0,1,1,1,1,1,0,0,0,0
2026-09-21T06:31:24.700419+00:00,33721291,SIMULATED,26,1063004,DISARMED,0,-0.000000,0.00000,7.4000,0.0000,25.00,25.00,0.00000,0.00000,0,520,0,500,0,0,0,0,20,0,520,0,0,0,0,0,0,0,0,600,600,600,100,100,0.00000,0.00000,9.80665,0.000000,0.00000,-0.00000,0.00000,0.00000,9.80665,0.000000,0.000000,0.000000,0,1,1,1,1,1,0,0,0,0
2026-09-21T06:31:24.700454+00:00,33756291,SIMULATED,27,1065408,DISARMED,0,-0.000000,0.00000,7.4000,0.0000,25.00,25.00,0.00000,0.00000,0,520,0,500,0,0,0,0,20,0,520,0,0,0,0,0,0,0,0,600,600,600,100,100,0.00000,0.00000,9.80665,0.000000,0.00000,-0.00000,0.00000,0.00000,9.80665,0.000000,0.000000,0.000000,0,1,1,1,1,1,0,0,0,0
2026-09-21T06:31:24.700489+00:00,33791291,SIMULATED,28,1067812,DISARMED,0,-0.000000,0.00000,7.4000,0.0000,25.00,25.00,0.00000,0.00000,0,520,0,500,0,0,0,0,20,0,520,0,0,0,0,0,0,0,0,600,600,600,100,100,0.00000,0.00000,9.80665,0.000000,0.00000,-0.00000,0.00000,0.00000,9.80665,0.000000,0.000000,0.000000,0,1,1,1,1,1,0,0,0,0
2026-09-21T06:31:24.700526+00:00,33828666,SIMULATED,29,1070216,DISARMED,0,-0.000000,0.00000,7.4000,0.0000,25.00,25.00,0.00000,0.00000,0,520,0,500,0,0,0,0,20,0,520,0,0,0,0,0,0,0,0,600,600,600,100,100,0.00000,0.00000,9.80665,0.000000,0.00000,-0.00000,0.00000,0.00000,9.80665,0.000000,0.000000,0.000000,0,1,1,1,1,1,0,0,0,0
2026-09-21T06:31:24.700564+00:00,33866333,SIMULATED,30,1072620,DISARMED,0,-0.000000,0.00000,7.4000,0.0000,25.00,25.00,0.00000,0.00000,0,520,0,500,0,0,0,0,20,0,520,0,0,0,0,0,0,0,0,600,600,600,100,100,0.00000,0.00000,9.80665,0.000000,0.00000,-0.00000,0.00000,0.00000,9.80665,0.000000,0.000000,0.000000,0,1,1,1,1,1,0,0,0,0
2026-09-21T06:31:24.700601+00:00,33902958,SIMULATED,31,1075024,DISARMED,0,-0.000000,0.00000,7.4000,0.0000,25.00,25.00,0.00000,0.00000,0,520,0,500,0,0,0,0,20,0,520,0,0,0,0,0,0,0,0,600,600,600,100,100,0.00000,0.00000,9.80665,0.000000,0.00000,-0.00000,0.00000,0.00000,9.80665,0.000000,0.000000,0.000000,0,1,1,1,1,1,0,0,0,0
2026-09-21T06:31:24.700636+00:00,33938583,SIMULATED,32,1077428,DISARMED,0,-0.000000,0.00000,7.4000,0.0000,25.00,25.00,0.00000,0.00000,0,520,0,500,0,0,0,0,20,0,520,0,0,0,0,0,0,0,0,600,600,600,100,100,0.00000,0.00000,9.80665,0.000000,0.00000,-0.00000,0.00000,0.00000,9.80665,0.000000,0.000000,0.000000,0,1,1,1,1,1,0,0,0,0
2026-09-21T06:31:24.700672+00:00,33974708,SIMULATED,33,1079832,DISARMED,0,-0.000000,0.00000,7.4000,0.0000,25.00,25.00,0.00000,0.00000,0,520,0,500,0,0,0,0,20,0,520,0,0,0,0,0,0,0,0,600,600,600,100,100,0.00000,0.00000,9.80665,0.000000,0.00000,-0.00000,0.00000,0.00000,9.80665,0.000000,0.000000,0.000000,0,1,1,1,1,1,0,0,0,0
2026-09-21T06:31:24.700710+00:00,34012458,SIMULATED,34,1082236,DISARMED,0,-0.000000,0.00000,7.4000,0.0000,25.00,25.00,0.00000,0.00000,0,520,0,500,0,0,0,0,20,0,520,0,0,0,0,0,0,0,0,600,600,600,100,100,0.00000,0.00000,9.80665,0.000000,0.00000,-0.00000,0.00000,0.00000,9.80665,0.000000,0.000000,0.000000,0,1,1,1,1,1,0,0,0,0
2026-09-21T06:31:24.700747+00:00,34048916,SIMULATED,35,1084640,DISARMED,0,-0.000000,0.00000,7.4000,0.0000,25.00,25.00,0.00000,0.00000,0,520,0,500,0,0,0,0,20,0,520,0,0,0,0,0,0,0,0,600,600,600,100,100,0.00000,0.00000,9.80665,0.000000,0.00000,-0.00000,0.00000,0.00000,9.80665,0.000000,0.000000,0.000000,0,1,1,1,1,1,0,0,0,0
2026-09-21T06:31:24.700782+00:00,34084583,SIMULATED,36,1087044,DISARMED,0,-0.000000,0.00000,7.4000,0.0000,25.00,25.00,0.00000,0.00000,0,520,0,500,0,0,0,0,20,0,520,0,0,0,0,0,0,0,0,600,600,600,100,100,0.00000,0.00000,9.80665,0.000000,0.00000,-0.00000,0.00000,0.00000,9.80665,0.000000,0.000000,0.000000,0,1,1,1,1,1,0,0,0,0
2026-09-21T06:31:24.700822+00:00,34123916,SIMULATED,37,1089448,DISARMED,0,-0.000000,0.00000,7.4000,0.0000,25.00,25.00,0.00000,0.00000,0,520,0,500,0,0,0,0,20,0,520,0,0,0,0,0,0,0,0,600,600,600,100,100,0.00000,0.00000,9.80665,0.000000,0.00000,-0.00000,0.00000,0.00000,9.80665,0.000000,0.000000,0.000000,0,1,1,1,1,1,0,0,0,0
2026-09-21T06:31:24.700857+00:00,34159541,SIMULATED,38,1091852,DISARMED,0,-0.000000,0.00000,7.4000,0.0000,25.00,25.00,0.00000,0.00000,0,520,0,500,0,0,0,0,20,0,520,0,0,0,0,0,0,0,0,600,600,600,100,100,0.00000,0.00000,9.80665,0.000000,0.00000,-0.00000,0.00000,0.00000,9.80665,0.000000,0.000000,0.000000,0,1,1,1,1,1,0,0,0,0
2026-09-21T06:31:24.700893+00:00,34195083,SIMULATED,39,1094256,DISARMED,0,-0.000000,0.00000,7.4000,0.0000,25.00,25.00,0.00000,0.00000,0,520,0,500,0,0,0,0,20,0,520,0,0,0,0,0,0,0,0,600,600,600,100,100,0.00000,0.00000,9.80665,0.000000,0.00000,-0.00000,0.00000,0.00000,9.80665,0.000000,0.000000,0.000000,0,1,1,1,1,1,0,0,0,0
2026-09-21T06:31:24.700928+00:00,34230583,SIMULATED,40,1096660,DISARMED,0,-0.000000,0.00000,7.4000,0.0000,25.00,25.00,0.00000,0.00000,0,520,0,500,0,0,0,0,20,0,520,0,0,0,0,0,0,0,0,600,600,600,100,100,0.00000,0.00000,9.80665,0.000000,0.00000,-0.00000,0.00000,0.00000,9.80665,0.000000,0.000000,0.000000,0,1,1,1,1,1,0,0,0,0
2026-09-21T06:31:24.700967+00:00,34269708,SIMULATED,41,1099064,DISARMED,0,-0.000000,0.00000,7.4000,0.0000,25.00,25.00,0.00000,0.00000,0,520,0,500,0,0,0,0,20,0,520,0,0,0,0,0,0,0,0,600,600,600,100,100,0.00000,0.00000,9.80665,0.000000,0.00000,-0.00000,0.00000,0.00000,9.80665,0.000000,0.000000,0.000000,0,1,1,1,1,1,0,0,0,0
2026-09-21T06:31:24.701006+00:00,34308291,SIMULATED,42,1101468,DISARMED,0,-0.000000,0.00000,7.4000,0.0000,25.00,25.00,0.00000,0.00000,0,520,0,500,0,0,0,0,20,0,520,0,0,0,0,0,0,0,0,600,600,600,100,100,0.00000,0.00000,9.80665,0.000000,0.00000,-0.00000,0.00000,0.00000,9.80665,0.000000,0.000000,0.000000,0,1,1,1,1,1,0,0,0,0
2026-09-21T06:31:24.701043+00:00,34345125,SIMULATED,43,1103872,DISARMED,0,-0.000000,0.00000,7.4000,0.0000,25.00,25.00,0.00000,0.00000,0,520,0,500,0,0,0,0,20,0,520,0,0,0,0,0,0,0,0,600,600,600,100,100,0.00000,0.00000,9.80665,0.000000,0.00000,-0.00000,0.00000,0.00000,9.80665,0.000000,0.000000,0.000000,0,1,1,1,1,1,0,0,0,0
2026-09-21T06:31:24.701079+00:00,34380875,SIMULATED,44,1106276,DISARMED,0,-0.000000,0.00000,7.4000,0.0000,25.00,25.00,0.00000,0.00000,0,520,0,500,0,0,0,0,20,0,520,0,0,0,0,0,0,0,0,600,600,600,100,100,0.00000,0.00000,9.80665,0.000000,0.00000,-0.00000,0.00000,0.00000,9.80665,0.000000,0.000000,0.000000,0,1,1,1,1,1,0,0,0,0
2026-09-21T06:31:24.701114+00:00,34416250,SIMULATED,45,1108680,DISARMED,0,-0.000000,0.00000,7.4000,0.0000,25.00,25.00,0.00000,0.00000,0,520,0,500,0,0,0,0,20,0,520,0,0,0,0,0,0,0,0,600,600,600,100,100,0.00000,0.00000,9.80665,0.000000,0.00000,-0.00000,0.00000,0.00000,9.80665,0.000000,0.000000,0.000000,0,1,1,1,1,1,0,0,0,0
2026-09-21T06:31:24.701149+00:00,34451500,SIMULATED,46,1111084,DISARMED,0,-0.000000,0.00000,7.4000,0.0000,25.00,25.00,0.00000,0.00000,0,520,0,500,0,0,0,0,20,0,520,0,0,0,0,0,0,0,0,600,600,600,100,100,0.00000,0.00000,9.80665,0.000000,0.00000,-0.00000,0.00000,0.00000,9.80665,0.000000,0.000000,0.000000,0,1,1,1,1,1,0,0,0,0
2026-09-21T06:31:24.701185+00:00,34487125,SIMULATED,47,1113488,DISARMED,0,-0.000000,0.00000,7.4000,0.0000,25.00,25.00,0.00000,0.00000,0,520,0,500,0,0,0,0,20,0,520,0,0,0,0,0,0,0,0,600,600,600,100,100,0.00000,0.00000,9.80665,0.000000,0.00000,-0.00000,0.00000,0.00000,9.80665,0.000000,0.000000,0.000000,0,1,1,1,1,1,0,0,0,0
2026-09-21T06:31:24.701220+00:00,34522791,SIMULATED,48,1115892,DISARMED,0,-0.000000,0.00000,7.4000,0.0000,25.00,25.00,0.00000,0.00000,0,520,0,500,0,0,0,0,20,0,520,0,0,0,0,0,0,0,0,600,600,600,100,100,0.00000,0.00000,9.80665,0.000000,0.00000,-0.00000,0.00000,0.00000,9.80665,0.000000,0.000000,0.000000,0,1,1,1,1,1,0,0,0,0
2026-09-21T06:31:24.701258+00:00,34560041,SIMULATED,49,1118296,DISARMED,0,-0.000000,0.00000,7.4000,0.0000,25.00,25.00,0.00000,0.00000,0,520,0,500,0,0,0,0,20,0,520,0,0,0,0,0,0,0,0,600,600,600,100,100,0.00000,0.00000,9.80665,0.000000,0.00000,-0.00000,0.00000,0.00000,9.80665,0.000000,0.000000,0.000000,0,1,1,1,1,1,0,0,0,0
2026-09-21T06:31:24.701293+00:00,34595416,SIMULATED,50,1120700,DISARMED,0,-0.000000,0.00000,7.4000,0.0000,25.00,25.00,0.00000,0.00000,0,520,0,500,0,0,0,0,20,0,520,0,0,0,0,0,0,0,0,600,600,600,100,100,0.00000,0.00000,9.80665,0.000000,0.00000,-0.00000,0.00000,0.00000,9.80665,0.000000,0.000000,0.000000,0,1,1,1,1,1,0,0,0,0
2026-09-21T06:31:24.701334+00:00,34636333,SIMULATED,51,1123104,DISARMED,0,-0.000000,0.00000,7.4000,0.0000,25.00,25.00,0.00000,0.00000,0,520,0,500,0,0,0,0,20,0,520,0,0,0,0,0,0,0,0,600,600,600,100,100,0.00000,0.00000,9.80665,0.000000,0.00000,-0.00000,0.00000,0.00000,9.80665,0.000000,0.000000,0.000000,0,1,1,1,1,1,0,0,0,0
2026-09-21T06:31:24.701370+00:00,34672500,SIMULATED,52,1125508,DISARMED,0,-0.000000,0.00000,7.4000,0.0000,25.00,25.00,0.00000,0.00000,0,520,0,500,0,0,0,0,20,0,520,0,0,0,0,0,0,0,0,600,600,600,100,100,0.00000,0.00000,9.80665,0.000000,0.00000,-0.00000,0.00000,0.00000,9.80665,0.000000,0.000000,0.000000,0,1,1,1,1,1,0,0,0,0
2026-09-21T06:31:24.701406+00:00,34707916,SIMULATED,53,1127912,DISARMED,0,-0.000000,0.00000,7.4000,0.0000,25.00,25.00,0.00000,0.00000,0,520,0,500,0,0,0,0,20,0,520,0,0,0,0,0,0,0,0,600,600,600,100,100,0.00000,0.00000,9.80665,0.000000,0.00000,-0.00000,0.00000,0.00000,9.80665,0.000000,0.000000,0.000000,0,1,1,1,1,1,0,0,0,0
2026-09-21T06:31:24.701444+00:00,34746291,SIMULATED,54,1130316,DISARMED,0,-0.000000,0.00000,7.4000,0.0000,25.00,25.00,0.00000,0.00000,0,520,0,500,0,0,0,0,20,0,520,0,0,0,0,0,0,0,0,600,600,600,100,100,0.00000,0.00000,9.80665,0.000000,0.00000,-0.00000,0.00000,0.00000,9.80665,0.000000,0.000000,0.000000,0,1,1,1,1,1,0,0,0,0
2026-09-21T06:31:24.701481+00:00,34783500,SIMULATED,55,1132720,DISARMED,0,-0.000000,0.00000,7.4000,0.0000,25.00,25.00,0.00000,0.00000,0,520,0,500,0,0,0,0,20,0,520,0,0,0,0,0,0,0,0,600,600,600,100,100,0.00000,0.00000,9.80665,0.000000,0.00000,-0.00000,0.00000,0.00000,9.80665,0.000000,0.000000,0.000000,0,1,1,1,1,1,0,0,0,0
2026-09-21T06:31:24.701521+00:00,34823750,SIMULATED,56,1135124,DISARMED,0,-0.000000,0.00000,7.4000,0.0000,25.00,25.00,0.00000,0.00000,0,520,0,500,0,0,0,0,20,0,520,0,0,0,0,0,0,0,0,600,600,600,100,100,0.00000,0.00000,9.80665,0.000000,0.00000,-0.00000,0.00000,0.00000,9.80665,0.000000,0.000000,0.000000,0,1,1,1,1,1,0,0,0,0
2026-09-21T06:31:24.701557+00:00,34859875,SIMULATED,57,1137528,DISARMED,0,-0.000000,0.00000,7.4000,0.0000,25.00,25.00,0.00000,0.00000,0,520,0,500,0,0,0,0,20,0,520,0,0,0,0,0,0,0,0,600,600,600,100,100,0.00000,0.00000,9.80665,0.000000,0.00000,-0.00000,0.00000,0.00000,9.80665,0.000000,0.000000,0.000000,0,1,1,1,1,1,0,0,0,0
2026-09-21T06:31:24.701593+00:00,34895750,SIMULATED,58,1139932,DISARMED,0,-0.000000,0.00000,7.4000,0.0000,25.00,25.00,0.00000,0.00000,0,520,0,500,0,0,0,0,20,0,520,0,0,0,0,0,0,0,0,600,600,600,100,100,0.00000,0.00000,9.80665,0.000000,0.00000,-0.00000,0.00000,0.00000,9.80665,0.000000,0.000000,0.000000,0,1,1,1,1,1,0,0,0,0
2026-09-21T06:31:24.701629+00:00,34931541,SIMULATED,59,1142336,DISARMED,0,-0.000000,0.00000,7.4000,0.0000,25.00,25.00,0.00000,0.00000,0,520,0,500,0,0,0,0,20,0,520,0,0,0,0,0,0,0,0,600,600,600,100,100,0.00000,0.00000,9.80665,0.000000,0.00000,-0.00000,0.00000,0.00000,9.80665,0.000000,0.000000,0.000000,0,1,1,1,1,1,0,0,0,0
2026-09-21T06:31:24.701665+00:00,34967750,SIMULATED,60,1144740,DISARMED,0,-0.000000,0.00000,7.4000,0.0000,25.00,25.00,0.00000,0.00000,0,520,0,500,0,0,0,0,20,0,520,0,0,0,0,0,0,0,0,600,600,600,100,100,0.00000,0.00000,9.80665,0.000000,0.00000,-0.00000,0.00000,0.00000,9.80665,0.000000,0.000000,0.000000,0,1,1,1,1,1,0,0,0,0
2026-09-21T06:31:24.701705+00:00,35006958,SIMULATED,61,1147144,DISARMED,0,-0.000000,0.00000,7.4000,0.0000,25.00,25.00,0.00000,0.00000,0,520,0,500,0,0,0,0,20,0,520,0,0,0,0,0,0,0,0,600,600,600,100,100,0.00000,0.00000,9.80665,0.000000,0.00000,-0.00000,0.00000,0.00000,9.80665,0.000000,0.000000,0.000000,0,1,1,1,1,1,0,0,0,0
2026-09-21T06:31:24.701741+00:00,35043083,SIMULATED,62,1149548,DISARMED,0,-0.000000,0.00000,7.4000,0.0000,25.00,25.00,0.00000,0.00000,0,520,0,500,0,0,0,0,20,0,520,0,0,0,0,0,0,0,0,600,600,600,100,100,0.00000,0.00000,9.80665,0.000000,0.00000,-0.00000,0.00000,0.00000,9.80665,0.000000,0.000000,0.000000,0,1,1,1,1,1,0,0,0,0
2026-09-21T06:31:24.701777+00:00,35079166,SIMULATED,63,1151952,DISARMED,0,-0.000000,0.00000,7.4000,0.0000,25.00,25.00,0.00000,0.00000,0,520,0,500,0,0,0,0,20,0,520,0,0,0,0,0,0,0,0,600,600,600,100,100,0.00000,0.00000,9.80665,0.000000,0.00000,-0.00000,0.00000,0.00000,9.80665,0.000000,0.000000,0.000000,0,1,1,1,1,1,0,0,0,0
2026-09-21T06:31:24.701814+00:00,35116166,SIMULATED,64,1154356,DISARMED,0,-0.000000,0.00000,7.4000,0.0000,25.00,25.00,0.00000,0.00000,0,520,0,500,0,0,0,0,20,0,520,0,0,0,0,0,0,0,0,600,600,600,100,100,0.00000,0.00000,9.80665,0.000000,0.00000,-0.00000,0.00000,0.00000,9.80665,0.000000,0.000000,0.000000,0,1,1,1,1,1,0,0,0,0
2026-09-21T06:31:24.701850+00:00,35151958,SIMULATED,65,1156760,DISARMED,0,-0.000000,0.00000,7.4000,0.0000,25.00,25.00,0.00000,0.00000,0,520,0,500,0,0,0,0,20,0,520,0,0,0,0,0,0,0,0,600,600,600,100,100,0.00000,0.00000,9.80665,0.000000,0.00000,-0.00000,0.00000,0.00000,9.80665,0.000000,0.000000,0.000000,0,1,1,1,1,1,0,0,0,0
2026-09-21T06:31:24.701885+00:00,35187625,SIMULATED,66,1159164,DISARMED,0,-0.000000,0.00000,7.4000,0.0000,25.00,25.00,0.00000,0.00000,0,520,0,500,0,0,0,0,20,0,520,0,0,0,0,0,0,0,0,600,600,600,100,100,0.00000,0.00000,9.80665,0.000000,0.00000,-0.00000,0.00000,0.00000,9.80665,0.000000,0.000000,0.000000,0,1,1,1,1,1,0,0,0,0
2026-09-21T06:31:24.701927+00:00,35229291,SIMULATED,67,1161568,DISARMED,0,-0.000000,0.00000,7.4000,0.0000,25.00,25.00,0.00000,0.00000,0,520,0,500,0,0,0,0,20,0,520,0,0,0,0,0,0,0,0,600,600,600,100,100,0.00000,0.00000,9.80665,0.000000,0.00000,-0.00000,0.00000,0.00000,9.80665,0.000000,0.000000,0.000000,0,1,1,1,1,1,0,0,0,0
2026-09-21T06:31:24.701963+00:00,35265750,SIMULATED,68,1163972,DISARMED,0,-0.000000,0.00000,7.4000,0.0000,25.00,25.00,0.00000,0.00000,0,520,0,500,0,0,0,0,20,0,520,0,0,0,0,0,0,0,0,600,600,600,100,100,0.00000,0.00000,9.80665,0.000000,0.00000,-0.00000,0.00000,0.00000,9.80665,0.000000,0.000000,0.000000,0,1,1,1,1,1,0,0,0,0
2026-09-21T06:31:24.701999+00:00,35301416,SIMULATED,69,1166376,DISARMED,0,-0.000000,0.00000,7.4000,0.0000,25.00,25.00,0.00000,0.00000,0,520,0,500,0,0,0,0,20,0,520,0,0,0,0,0,0,0,0,600,600,600,100,100,0.00000,0.00000,9.80665,0.000000,0.00000,-0.00000,0.00000,0.00000,9.80665,0.000000,0.000000,0.000000,0,1,1,1,1,1,0,0,0,0
2026-09-21T06:31:24.702036+00:00,35338708,SIMULATED,70,1168780,DISARMED,0,-0.000000,0.00000,7.4000,0.0000,25.00,25.00,0.00000,0.00000,0,520,0,500,0,0,0,0,20,0,520,0,0,0,0,0,0,0,0,600,600,600,100,100,0.00000,0.00000,9.80665,0.000000,0.00000,-0.00000,0.00000,0.00000,9.80665,0.000000,0.000000,0.000000,0,1,1,1,1,1,0,0,0,0
2026-09-21T06:31:24.702075+00:00,35377333,SIMULATED,71,1171184,DISARMED,0,-0.000000,0.00000,7.4000,0.0000,25.00,25.00,0.00000,0.00000,0,520,0,500,0,0,0,0,20,0,520,0,0,0,0,0,0,0,0,600,600,600,100,100,0.00000,0.00000,9.80665,0.000000,0.00000,-0.00000,0.00000,0.00000,9.80665,0.000000,0.000000,0.000000,0,1,1,1,1,1,0,0,0,0
2026-09-21T06:31:24.702111+00:00,35413166,SIMULATED,72,1173588,DISARMED,0,-0.000000,0.00000,7.4000,0.0000,25.00,25.00,0.00000,0.00000,0,520,0,500,0,0,0,0,20,0,520,0,0,0,0,0,0,0,0,600,600,600,100,100,0.00000,0.00000,9.80665,0.000000,0.00000,-0.00000,0.00000,0.00000,9.80665,0.000000,0.000000,0.000000,0,1,1,1,1,1,0,0,0,0
2026-09-21T06:31:24.702147+00:00,35449750,SIMULATED,73,1175992,DISARMED,0,-0.000000,0.00000,7.4000,0.0000,25.00,25.00,0.00000,0.00000,0,520,0,500,0,0,0,0,20,0,520,0,0,0,0,0,0,0,0,600,600,600,100,100,0.00000,0.00000,9.80665,0.000000,0.00000,-0.00000,0.00000,0.00000,9.80665,0.000000,0.000000,0.000000,0,1,1,1,1,1,0,0,0,0
2026-09-21T06:31:24.702184+00:00,35486166,SIMULATED,74,1178396,DISARMED,0,-0.000000,0.00000,7.4000,0.0000,25.00,25.00,0.00000,0.00000,0,520,0,500,0,0,0,0,20,0,520,0,0,0,0,0,0,0,0,600,600,600,100,100,0.00000,0.00000,9.80665,0.000000,0.00000,-0.00000,0.00000,0.00000,9.80665,0.000000,0.000000,0.000000,0,1,1,1,1,1,0,0,0,0
2026-09-21T06:31:24.702225+00:00,35527750,SIMULATED,75,1180800,DISARMED,0,-0.000000,0.00000,7.4000,0.0000,25.00,25.00,0.00000,0.00000,0,520,0,500,0,0,0,0,20,0,520,0,0,0,0,0,0,0,0,600,600,600,100,100,0.00000,0.00000,9.80665,0.000000,0.00000,-0.00000,0.00000,0.00000,9.80665,0.000000,0.000000,0.000000,0,1,1,1,1,1,0,0,0,0
2026-09-21T06:31:24.702261+00:00,35563333,SIMULATED,76,1183204,DISARMED,0,-0.000000,0.00000,7.4000,0.0000,25.00,25.00,0.00000,0.00000,0,520,0,500,0,0,0,0,20,0,520,0,0,0,0,0,0,0,0,600,600,600,100,100,0.00000,0.00000,9.80665,0.000000,0.00000,-0.00000,0.00000,0.00000,9.80665,0.000000,0.000000,0.000000,0,1,1,1,1,1,0,0,0,0
2026-09-21T06:31:24.702297+00:00,35598833,SIMULATED,77,1185608,DISARMED,0,-0.000000,0.00000,7.4000,0.0000,25.00,25.00,0.00000,0.00000,0,520,0,500,0,0,0,0,20,0,520,0,0,0,0,0,0,0,0,600,600,600,100,100,0.00000,0.00000,9.80665,0.000000,0.00000,-0.00000,0.00000,0.00000,9.80665,0.000000,0.000000,0.000000,0,1,1,1,1,1,0,0,0,0
2026-09-21T06:31:24.702333+00:00,35635500,SIMULATED,78,1188012,DISARMED,0,-0.000000,0.00000,7.4000,0.0000,25.00,25.00,0.00000,0.00000,0,520,0,500,0,0,0,0,20,0,520,0,0,0,0,0,0,0,0,600,600,600,100,100,0.00000,0.00000,9.80665,0.000000,0.00000,-0.00000,0.00000,0.00000,9.80665,0.000000,0.000000,0.000000,0,1,1,1,1,1,0,0,0,0
2026-09-21T06:31:24.702371+00:00,35673583,SIMULATED,79,1190416,DISARMED,0,-0.000000,0.00000,7.4000,0.0000,25.00,25.00,0.00000,0.00000,0,520,0,500,0,0,0,0,20,0,520,0,0,0,0,0,0,0,0,600,600,600,100,100,0.00000,0.00000,9.80665,0.000000,0.00000,-0.00000,0.00000,0.00000,9.80665,0.000000,0.000000,0.000000,0,1,1,1,1,1,0,0,0,0
2026-09-21T06:31:24.702413+00:00,35715500,SIMULATED,80,1192820,DISARMED,0,-0.000000,0.00000,7.4000,0.0000,25.00,25.00,0.00000,0.00000,0,520,0,500,0,0,0,0,20,0,520,0,0,0,0,0,0,0,0,600,600,600,100,100,0.00000,0.00000,9.80665,0.000000,0.00000,-0.00000,0.00000,0.00000,9.80665,0.000000,0.000000,0.000000,0,1,1,1,1,1,0,0,0,0
2026-09-21T06:31:24.702455+00:00,35757333,SIMULATED,81,1195224,DISARMED,0,-0.000000,0.00000,7.4000,0.0000,25.00,25.00,0.00000,0.00000,0,520,0,500,0,0,0,0,20,0,520,0,0,0,0,0,0,0,0,600,600,600,100,100,0.00000,0.00000,9.80665,0.000000,0.00000,-0.00000,0.00000,0.00000,9.80665,0.000000,0.000000,0.000000,0,1,1,1,1,1,0,0,0,0
2026-09-21T06:31:24.702491+00:00,35793750,SIMULATED,82,1197628,DISARMED,0,-0.000000,0.00000,7.4000,0.0000,25.00,25.00,0.00000,0.00000,0,520,0,500,0,0,0,0,20,0,520,0,0,0,0,0,0,0,0,600,600,600,100,100,0.00000,0.00000,9.80665,0.000000,0.00000,-0.00000,0.00000,0.00000,9.80665,0.000000,0.000000,0.000000,0,1,1,1,1,1,0,0,0,0
2026-09-21T06:31:24.702526+00:00,35828416,SIMULATED,83,1200032,DISARMED,0,-0.000000,0.00000,7.4000,0.0000,25.00,25.00,0.00000,0.00000,0,520,0,500,0,0,0,0,20,0,520,0,0,0,0,0,0,0,0,600,600,600,100,100,0.00000,0.00000,9.80665,0.000000,0.00000,-0.00000,0.00000,0.00000,9.80665,0.000000,0.000000,0.000000,0,1,1,1,1,1,0,0,0,0
2026-09-21T06:31:24.702561+00:00,35863208,SIMULATED,84,1202436,DISARMED,0,-0.000000,0.00000,7.4000,0.0000,25.00,25.00,0.00000,0.00000,0,520,0,500,0,0,0,0,20,0,520,0,0,0,0,0,0,0,0,600,600,600,100,100,0.00000,0.00000,9.80665,0.000000,0.00000,-0.00000,0.00000,0.00000,9.80665,0.000000,0.000000,0.000000,0,1,1,1,1,1,0,0,0,0
2026-09-21T06:31:24.702598+00:00,35899916,SIMULATED,85,1204840,DISARMED,0,-0.000000,0.00000,7.4000,0.0000,25.00,25.00,0.00000,0.00000,0,520,0,500,0,0,0,0,20,0,520,0,0,0,0,0,0,0,0,600,600,600,100,100,0.00000,0.00000,9.80665,0.000000,0.00000,-0.00000,0.00000,0.00000,9.80665,0.000000,0.000000,0.000000,0,1,1,1,1,1,0,0,0,0
2026-09-21T06:31:24.702633+00:00,35935291,SIMULATED,86,1207244,DISARMED,0,-0.000000,0.00000,7.4000,0.0000,25.00,25.00,0.00000,0.00000,0,520,0,500,0,0,0,0,20,0,520,0,0,0,0,0,0,0,0,600,600,600,100,100,0.00000,0.00000,9.80665,0.000000,0.00000,-0.00000,0.00000,0.00000,9.80665,0.000000,0.000000,0.000000,0,1,1,1,1,1,0,0,0,0
2026-09-21T06:31:24.702669+00:00,35971541,SIMULATED,87,1209648,DISARMED,0,-0.000000,0.00000,7.4000,0.0000,25.00,25.00,0.00000,0.00000,0,520,0,500,0,0,0,0,20,0,520,0,0,0,0,0,0,0,0,600,600,600,100,100,0.00000,0.00000,9.80665,0.000000,0.00000,-0.00000,0.00000,0.00000,9.80665,0.000000,0.000000,0.000000,0,1,1,1,1,1,0,0,0,0
2026-09-21T06:31:24.702704+00:00,36006791,SIMULATED,88,1212052,DISARMED,0,-0.000000,0.00000,7.4000,0.0000,25.00,25.00,0.00000,0.00000,0,520,0,500,0,0,0,0,20,0,520,0,0,0,0,0,0,0,0,600,600,600,100,100,0.00000,0.00000,9.80665,0.000000,0.00000,-0.00000,0.00000,0.00000,9.80665,0.000000,0.000000,0.000000,0,1,1,1,1,1,0,0,0,0
2026-09-21T06:31:24.702740+00:00,36042333,SIMULATED,89,1214456,DISARMED,0,-0.000000,0.00000,7.4000,0.0000,25.00,25.00,0.00000,0.00000,0,520,0,500,0,0,0,0,20,0,520,0,0,0,0,0,0,0,0,600,600,600,100,100,0.00000,0.00000,9.80665,0.000000,0.00000,-0.00000,0.00000,0.00000,9.80665,0.000000,0.000000,0.000000,0,1,1,1,1,1,0,0,0,0
2026-09-21T06:31:24.702775+00:00,36077375,SIMULATED,90,1216860,DISARMED,0,-0.000000,0.00000,7.4000,0.0000,25.00,25.00,0.00000,0.00000,0,520,0,500,0,0,0,0,20,0,520,0,0,0,0,0,0,0,0,600,600,600,100,100,0.00000,0.00000,9.80665,0.000000,0.00000,-0.00000,0.00000,0.00000,9.80665,0.000000,0.000000,0.000000,0,1,1,1,1,1,0,0,0,0
2026-09-21T06:31:24.702822+00:00,36123958,SIMULATED,91,1219264,DISARMED,0,-0.000000,0.00000,7.4000,0.0000,25.00,25.00,0.00000,0.00000,0,520,0,500,0,0,0,0,20,0,520,0,0,0,0,0,0,0,0,600,600,600,100,100,0.00000,0.00000,9.80665,0.000000,0.00000,-0.00000,0.00000,0.00000,9.80665,0.000000,0.000000,0.000000,0,1,1,1,1,1,0,0,0,0
2026-09-21T06:31:24.702858+00:00,36160083,SIMULATED,92,1221668,DISARMED,0,-0.000000,0.00000,7.4000,0.0000,25.00,25.00,0.00000,0.00000,0,520,0,500,0,0,0,0,20,0,520,0,0,0,0,0,0,0,0,600,600,600,100,100,0.00000,0.00000,9.80665,0.000000,0.00000,-0.00000,0.00000,0.00000,9.80665,0.000000,0.000000,0.000000,0,1,1,1,1,1,0,0,0,0
2026-09-21T06:31:24.702896+00:00,36198625,SIMULATED,93,1224072,DISARMED,0,-0.000000,0.00000,7.4000,0.0000,25.00,25.00,0.00000,0.00000,0,520,0,500,0,0,0,0,20,0,520,0,0,0,0,0,0,0,0,600,600,600,100,100,0.00000,0.00000,9.80665,0.000000,0.00000,-0.00000,0.00000,0.00000,9.80665,0.000000,0.000000,0.000000,0,1,1,1,1,1,0,0,0,0
2026-09-21T06:31:24.702933+00:00,36235500,SIMULATED,94,1226476,DISARMED,0,-0.000000,0.00000,7.4000,0.0000,25.00,25.00,0.00000,0.00000,0,520,0,500,0,0,0,0,20,0,520,0,0,0,0,0,0,0,0,600,600,600,100,100,0.00000,0.00000,9.80665,0.000000,0.00000,-0.00000,0.00000,0.00000,9.80665,0.000000,0.000000,0.000000,0,1,1,1,1,1,0,0,0,0
2026-09-21T06:31:24.702969+00:00,36271333,SIMULATED,95,1228880,DISARMED,0,-0.000000,0.00000,7.4000,0.0000,25.00,25.00,0.00000,0.00000,0,520,0,500,0,0,0,0,20,0,520,0,0,0,0,0,0,0,0,600,600,600,100,100,0.00000,0.00000,9.80665,0.000000,0.00000,-0.00000,0.00000,0.00000,9.80665,0.000000,0.000000,0.000000,0,1,1,1,1,1,0,0,0,0
2026-09-21T06:31:24.703005+00:00,36307541,SIMULATED,96,1231284,DISARMED,0,-0.000000,0.00000,7.4000,0.0000,25.00,25.00,0.00000,0.00000,0,520,0,500,0,0,0,0,20,0,520,0,0,0,0,0,0,0,0,600,600,600,100,100,0.00000,0.00000,9.80665,0.000000,0.00000,-0.00000,0.00000,0.00000,9.80665,0.000000,0.000000,0.000000,0,1,1,1,1,1,0,0,0,0
2026-09-21T06:31:24.703045+00:00,36347000,SIMULATED,97,1233688,DISARMED,0,-0.000000,0.00000,7.4000,0.0000,25.00,25.00,0.00000,0.00000,0,520,0,500,0,0,0,0,20,0,520,0,0,0,0,0,0,0,0,600,600,600,100,100,0.00000,0.00000,9.80665,0.000000,0.00000,-0.00000,0.00000,0.00000,9.80665,0.000000,0.000000,0.000000,0,1,1,1,1,1,0,0,0,0
2026-09-21T06:31:24.703081+00:00,36383041,SIMULATED,98,1236092,DISARMED,0,-0.000000,0.00000,7.4000,0.0000,25.00,25.00,0.00000,0.00000,0,520,0,500,0,0,0,0,20,0,520,0,0,0,0,0,0,0,0,600,600,600,100,100,0.00000,0.00000,9.80665,0.000000,0.00000,-0.00000,0.00000,0.00000,9.80665,0.000000,0.000000,0.000000,0,1,1,1,1,1,0,0,0,0
2026-09-21T06:31:24.703118+00:00,36420041,SIMULATED,99,1238496,DISARMED,0,-0.000000,0.00000,7.4000,0.0000,25.00,25.00,0.00000,0.00000,0,520,0,500,0,0,0,0,20,0,520,0,0,0,0,0,0,0,0,600,600,600,100,100,0.00000,0.00000,9.80665,0.000000,0.00000,-0.00000,0.00000,0.00000,9.80665,0.000000,0.000000,0.000000,0,1,1,1,1,1,0,0,0,0
2026-09-21T06:31:24.703153+00:00,36455166,SIMULATED,100,1240900,DISARMED,0,-0.000000,0.00000,7.4000,0.0000,25.00,25.00,0.00000,0.00000,0,520,0,500,0,0,0,0,20,0,520,0,0,0,0,0,0,0,0,600,600,600,100,100,0.00000,0.00000,9.80665,0.000000,0.00000,-0.00000,0.00000,0.00000,9.80665,0.000000,0.000000,0.000000,0,1,1,1,1,1,0,0,0,0
2026-09-21T06:31:24.703191+00:00,36493125,SIMULATED,101,1243304,DISARMED,0,-0.000000,0.00000,7.4000,0.0000,25.00,25.00,0.00000,0.00000,0,520,0,500,0,0,0,0,20,0,520,0,0,0,0,0,0,0,0,600,600,600,100,100,0.00000,0.00000,9.80665,0.000000,0.00000,-0.00000,0.00000,0.00000,9.80665,0.000000,0.000000,0.000000,0,1,1,1,1,1,0,0,0,0
2026-09-21T06:31:24.703226+00:00,36528291,SIMULATED,102,1245708,DISARMED,0,-0.000000,0.00000,7.4000,0.0000,25.00,25.00,0.00000,0.00000,0,520,0,500,0,0,0,0,20,0,520,0,0,0,0,0,0,0,0,600,600,600,100,100,0.00000,0.00000,9.80665,0.000000,0.00000,-0.00000,0.00000,0.00000,9.80665,0.000000,0.000000,0.000000,0,1,1,1,1,1,0,0,0,0
2026-09-21T06:31:24.703263+00:00,36565500,SIMULATED,103,1248112,DISARMED,0,-0.000000,0.00000,7.4000,0.0000,25.00,25.00,0.00000,0.00000,0,520,0,500,0,0,0,0,20,0,520,0,0,0,0,0,0,0,0,600,600,600,100,100,0.00000,0.00000,9.80665,0.000000,0.00000,-0.00000,0.00000,0.00000,9.80665,0.000000,0.000000,0.000000,0,1,1,1,1,1,0,0,0,0
2026-09-21T06:31:24.703300+00:00,36602458,SIMULATED,104,1250516,DISARMED,0,-0.000000,0.00000,7.4000,0.0000,25.00,25.00,0.00000,0.00000,0,520,0,500,0,0,0,0,20,0,520,0,0,0,0,0,0,0,0,600,600,600,100,100,0.00000,0.00000,9.80665,0.000000,0.00000,-0.00000,0.00000,0.00000,9.80665,0.000000,0.000000,0.000000,0,1,1,1,1,1,0,0,0,0
2026-09-21T06:31:24.703339+00:00,36641375,SIMULATED,105,1252920,DISARMED,0,-0.000000,0.00000,7.4000,0.0000,25.00,25.00,0.00000,0.00000,0,520,0,500,0,0,0,0,20,0,520,0,0,0,0,0,0,0,0,600,600,600,100,100,0.00000,0.00000,9.80665,0.000000,0.00000,-0.00000,0.00000,0.00000,9.80665,0.000000,0.000000,0.000000,0,1,1,1,1,1,0,0,0,0
2026-09-21T06:31:24.703374+00:00,36676500,SIMULATED,106,1255324,DISARMED,0,-0.000000,0.00000,7.4000,0.0000,25.00,25.00,0.00000,0.00000,0,520,0,500,0,0,0,0,20,0,520,0,0,0,0,0,0,0,0,600,600,600,100,100,0.00000,0.00000,9.80665,0.000000,0.00000,-0.00000,0.00000,0.00000,9.80665,0.000000,0.000000,0.000000,0,1,1,1,1,1,0,0,0,0
2026-09-21T06:31:24.703409+00:00,36711458,SIMULATED,107,1257728,DISARMED,0,-0.000000,0.00000,7.4000,0.0000,25.00,25.00,0.00000,0.00000,0,520,0,500,0,0,0,0,20,0,520,0,0,0,0,0,0,0,0,600,600,600,100,100,0.00000,0.00000,9.80665,0.000000,0.00000,-0.00000,0.00000,0.00000,9.80665,0.000000,0.000000,0.000000,0,1,1,1,1,1,0,0,0,0
2026-09-21T06:31:24.703446+00:00,36748166,SIMULATED,108,1260132,DISARMED,0,-0.000000,0.00000,7.4000,0.0000,25.00,25.00,0.00000,0.00000,0,520,0,500,0,0,0,0,20,0,520,0,0,0,0,0,0,0,0,600,600,600,100,100,0.00000,0.00000,9.80665,0.000000,0.00000,-0.00000,0.00000,0.00000,9.80665,0.000000,0.000000,0.000000,0,1,1,1,1,1,0,0,0,0
2026-09-21T06:31:24.703482+00:00,36784625,SIMULATED,109,1262536,DISARMED,0,-0.000000,0.00000,7.4000,0.0000,25.00,25.00,0.00000,0.00000,0,520,0,500,0,0,0,0,20,0,520,0,0,0,0,0,0,0,0,600,600,600,100,100,0.00000,0.00000,9.80665,0.000000,0.00000,-0.00000,0.00000,0.00000,9.80665,0.000000,0.000000,0.000000,0,1,1,1,1,1,0,0,0,0
2026-09-21T06:31:24.703520+00:00,36822583,SIMULATED,110,1264940,DISARMED,0,-0.000000,0.00000,7.4000,0.0000,25.00,25.00,0.00000,0.00000,0,520,0,500,0,0,0,0,20,0,520,0,0,0,0,0,0,0,0,600,600,600,100,100,0.00000,0.00000,9.80665,0.000000,0.00000,-0.00000,0.00000,0.00000,9.80665,0.000000,0.000000,0.000000,0,1,1,1,1,1,0,0,0,0
2026-09-21T06:31:24.703558+00:00,36860041,SIMULATED,111,1267344,DISARMED,0,-0.000000,0.00000,7.4000,0.0000,25.00,25.00,0.00000,0.00000,0,520,0,500,0,0,0,0,20,0,520,0,0,0,0,0,0,0,0,600,600,600,100,100,0.00000,0.00000,9.80665,0.000000,0.00000,-0.00000,0.00000,0.00000,9.80665,0.000000,0.000000,0.000000,0,1,1,1,1,1,0,0,0,0
2026-09-21T06:31:24.703594+00:00,36896000,SIMULATED,112,1269748,DISARMED,0,-0.000000,0.00000,7.4000,0.0000,25.00,25.00,0.00000,0.00000,0,520,0,500,0,0,0,0,20,0,520,0,0,0,0,0,0,0,0,600,600,600,100,100,0.00000,0.00000,9.80665,0.000000,0.00000,-0.00000,0.00000,0.00000,9.80665,0.000000,0.000000,0.000000,0,1,1,1,1,1,0,0,0,0
2026-09-21T06:31:24.703630+00:00,36932833,SIMULATED,113,1272152,DISARMED,0,-0.000000,0.00000,7.4000,0.0000,25.00,25.00,0.00000,0.00000,0,520,0,500,0,0,0,0,20,0,520,0,0,0,0,0,0,0,0,600,600,600,100,100,0.00000,0.00000,9.80665,0.000000,0.00000,-0.00000,0.00000,0.00000,9.80665,0.000000,0.000000,0.000000,0,1,1,1,1,1,0,0,0,0
2026-09-21T06:31:24.703667+00:00,36969583,SIMULATED,114,1274556,DISARMED,0,-0.000000,0.00000,7.4000,0.0000,25.00,25.00,0.00000,0.00000,0,520,0,500,0,0,0,0,20,0,520,0,0,0,0,0,0,0,0,600,600,600,100,100,0.00000,0.00000,9.80665,0.000000,0.00000,-0.00000,0.00000,0.00000,9.80665,0.000000,0.000000,0.000000,0,1,1,1,1,1,0,0,0,0
2026-09-21T06:31:24.703704+00:00,37006083,SIMULATED,115,1276960,DISARMED,0,-0.000000,0.00000,7.4000,0.0000,25.00,25.00,0.00000,0.00000,0,520,0,500,0,0,0,0,20,0,520,0,0,0,0,0,0,0,0,600,600,600,100,100,0.00000,0.00000,9.80665,0.000000,0.00000,-0.00000,0.00000,0.00000,9.80665,0.000000,0.000000,0.000000,0,1,1,1,1,1,0,0,0,0
2026-09-21T06:31:24.703739+00:00,37041750,SIMULATED,116,1279364,DISARMED,0,-0.000000,0.00000,7.4000,0.0000,25.00,25.00,0.00000,0.00000,0,520,0,500,0,0,0,0,20,0,520,0,0,0,0,0,0,0,0,600,600,600,100,100,0.00000,0.00000,9.80665,0.000000,0.00000,-0.00000,0.00000,0.00000,9.80665,0.000000,0.000000,0.000000,0,1,1,1,1,1,0,0,0,0
2026-09-21T06:31:24.703775+00:00,37077375,SIMULATED,117,1281768,DISARMED,0,-0.000000,0.00000,7.4000,0.0000,25.00,25.00,0.00000,0.00000,0,520,0,500,0,0,0,0,20,0,520,0,0,0,0,0,0,0,0,600,600,600,100,100,0.00000,0.00000,9.80665,0.000000,0.00000,-0.00000,0.00000,0.00000,9.80665,0.000000,0.000000,0.000000,0,1,1,1,1,1,0,0,0,0
2026-09-21T06:31:24.703812+00:00,37114541,SIMULATED,118,1284172,DISARMED,0,-0.000000,0.00000,7.4000,0.0000,25.00,25.00,0.00000,0.00000,0,520,0,500,0,0,0,0,20,0,520,0,0,0,0,0,0,0,0,600,600,600,100,100,0.00000,0.00000,9.80665,0.000000,0.00000,-0.00000,0.00000,0.00000,9.80665,0.000000,0.000000,0.000000,0,1,1,1,1,1,0,0,0,0
2026-09-21T06:31:24.703848+00:00,37150458,SIMULATED,119,1286576,DISARMED,0,-0.000000,0.00000,7.4000,0.0000,25.00,25.00,0.00000,0.00000,0,520,0,500,0,0,0,0,20,0,520,0,0,0,0,0,0,0,0,600,600,600,100,100,0.00000,0.00000,9.80665,0.000000,0.00000,-0.00000,0.00000,0.00000,9.80665,0.000000,0.000000,0.000000,0,1,1,1,1,1,0,0,0,0
2026-09-21T06:31:24.703885+00:00,37187041,SIMULATED,120,1288980,DISARMED,0,-0.000000,0.00000,7.4000,0.0000,25.00,25.00,0.00000,0.00000,0,520,0,500,0,0,0,0,20,0,520,0,0,0,0,0,0,0,0,600,600,600,100,100,0.00000,0.00000,9.80665,0.000000,0.00000,-0.00000,0.00000,0.00000,9.80665,0.000000,0.000000,0.000000,0,1,1,1,1,1,0,0,0,0
2026-09-21T06:31:24.703926+00:00,37227875,SIMULATED,121,1291384,DISARMED,0,-0.000000,0.00000,7.4000,0.0000,25.00,25.00,0.00000,0.00000,0,520,0,500,0,0,0,0,20,0,520,0,0,0,0,0,0,0,0,600,600,600,100,100,0.00000,0.00000,9.80665,0.000000,0.00000,-0.00000,0.00000,0.00000,9.80665,0.000000,0.000000,0.000000,0,1,1,1,1,1,0,0,0,0
2026-09-21T06:31:24.703963+00:00,37265583,SIMULATED,122,1293788,DISARMED,0,-0.000000,0.00000,7.4000,0.0000,25.00,25.00,0.00000,0.00000,0,520,0,500,0,0,0,0,20,0,520,0,0,0,0,0,0,0,0,600,600,600,100,100,0.00000,0.00000,9.80665,0.000000,0.00000,-0.00000,0.00000,0.00000,9.80665,0.000000,0.000000,0.000000,0,1,1,1,1,1,0,0,0,0
2026-09-21T06:31:24.704000+00:00,37302000,SIMULATED,123,1296192,DISARMED,0,-0.000000,0.00000,7.4000,0.0000,25.00,25.00,0.00000,0.00000,0,520,0,500,0,0,0,0,20,0,520,0,0,0,0,0,0,0,0,600,600,600,100,100,0.00000,0.00000,9.80665,0.000000,0.00000,-0.00000,0.00000,0.00000,9.80665,0.000000,0.000000,0.000000,0,1,1,1,1,1,0,0,0,0
2026-09-21T06:31:24.704035+00:00,37337875,SIMULATED,124,1298596,DISARMED,0,-0.000000,0.00000,7.4000,0.0000,25.00,25.00,0.00000,0.00000,0,520,0,500,0,0,0,0,20,0,520,0,0,0,0,0,0,0,0,600,600,600,100,100,0.00000,0.00000,9.80665,0.000000,0.00000,-0.00000,0.00000,0.00000,9.80665,0.000000,0.000000,0.000000,0,1,1,1,1,1,0,0,0,0
2026-09-21T06:31:24.704071+00:00,37373625,SIMULATED,125,1301000,DISARMED,0,-0.000000,0.00000,7.4000,0.0000,25.00,25.00,0.00000,0.00000,0,520,0,500,0,0,0,0,20,0,520,0,0,0,0,0,0,0,0,600,600,600,100,100,0.00000,0.00000,9.80665,0.000000,0.00000,-0.00000,0.00000,0.00000,9.80665,0.000000,0.000000,0.000000,0,1,1,1,1,1,0,0,0,0
2026-09-21T06:31:24.704107+00:00,37408916,SIMULATED,126,1303404,DISARMED,0,-0.000000,0.00000,7.4000,0.0000,25.00,25.00,0.00000,0.00000,0,520,0,500,0,0,0,0,20,0,520,0,0,0,0,0,0,0,0,600,600,600,100,100,0.00000,0.00000,9.80665,0.000000,0.00000,-0.00000,0.00000,0.00000,9.80665,0.000000,0.000000,0.000000,0,1,1,1,1,1,0,0,0,0
2026-09-21T06:31:24.704147+00:00,37449416,SIMULATED,127,1305808,DISARMED,0,-0.000000,0.00000,7.4000,0.0000,25.00,25.00,0.00000,0.00000,0,520,0,500,0,0,0,0,20,0,520,0,0,0,0,0,0,0,0,600,600,600,100,100,0.00000,0.00000,9.80665,0.000000,0.00000,-0.00000,0.00000,0.00000,9.80665,0.000000,0.000000,0.000000,0,1,1,1,1,1,0,0,0,0
2026-09-21T06:31:24.704183+00:00,37485250,SIMULATED,128,1308212,DISARMED,0,-0.000000,0.00000,7.4000,0.0000,25.00,25.00,0.00000,0.00000,0,520,0,500,0,0,0,0,20,0,520,0,0,0,0,0,0,0,0,600,600,600,100,100,0.00000,0.00000,9.80665,0.000000,0.00000,-0.00000,0.00000,0.00000,9.80665,0.000000,0.000000,0.000000,0,1,1,1,1,1,0,0,0,0
2026-09-21T06:31:24.704222+00:00,37524166,SIMULATED,129,1310616,DISARMED,0,-0.000000,0.00000,7.4000,0.0000,25.00,25.00,0.00000,0.00000,0,520,0,500,0,0,0,0,20,0,520,0,0,0,0,0,0,0,0,600,600,600,100,100,0.00000,0.00000,9.80665,0.000000,0.00000,-0.00000,0.00000,0.00000,9.80665,0.000000,0.000000,0.000000,0,1,1,1,1,1,0,0,0,0
2026-09-21T06:31:24.704258+00:00,37560500,SIMULATED,130,1313020,DISARMED,0,-0.000000,0.00000,7.4000,0.0000,25.00,25.00,0.00000,0.00000,0,520,0,500,0,0,0,0,20,0,520,0,0,0,0,0,0,0,0,600,600,600,100,100,0.00000,0.00000,9.80665,0.000000,0.00000,-0.00000,0.00000,0.00000,9.80665,0.000000,0.000000,0.000000,0,1,1,1,1,1,0,0,0,0
2026-09-21T06:31:24.704298+00:00,37599916,SIMULATED,131,1315424,DISARMED,0,-0.000000,0.00000,7.4000,0.0000,25.00,25.00,0.00000,0.00000,0,520,0,500,0,0,0,0,20,0,520,0,0,0,0,0,0,0,0,600,600,600,100,100,0.00000,0.00000,9.80665,0.000000,0.00000,-0.00000,0.00000,0.00000,9.80665,0.000000,0.000000,0.000000,0,1,1,1,1,1,0,0,0,0
2026-09-21T06:31:24.704334+00:00,37636791,SIMULATED,132,1317828,DISARMED,0,-0.000000,0.00000,7.4000,0.0000,25.00,25.00,0.00000,0.00000,0,520,0,500,0,0,0,0,20,0,520,0,0,0,0,0,0,0,0,600,600,600,100,100,0.00000,0.00000,9.80665,0.000000,0.00000,-0.00000,0.00000,0.00000,9.80665,0.000000,0.000000,0.000000,0,1,1,1,1,1,0,0,0,0
2026-09-21T06:31:24.704371+00:00,37673625,SIMULATED,133,1320232,DISARMED,0,-0.000000,0.00000,7.4000,0.0000,25.00,25.00,0.00000,0.00000,0,520,0,500,0,0,0,0,20,0,520,0,0,0,0,0,0,0,0,600,600,600,100,100,0.00000,0.00000,9.80665,0.000000,0.00000,-0.00000,0.00000,0.00000,9.80665,0.000000,0.000000,0.000000,0,1,1,1,1,1,0,0,0,0
2026-09-21T06:31:24.704407+00:00,37709666,SIMULATED,134,1322636,DISARMED,0,-0.000000,0.00000,7.4000,0.0000,25.00,25.00,0.00000,0.00000,0,520,0,500,0,0,0,0,20,0,520,0,0,0,0,0,0,0,0,600,600,600,100,100,0.00000,0.00000,9.80665,0.000000,0.00000,-0.00000,0.00000,0.00000,9.80665,0.000000,0.000000,0.000000,0,1,1,1,1,1,0,0,0,0
2026-09-21T06:31:24.704442+00:00,37744625,SIMULATED,135,1325040,DISARMED,0,-0.000000,0.00000,7.4000,0.0000,25.00,25.00,0.00000,0.00000,0,520,0,500,0,0,0,0,20,0,520,0,0,0,0,0,0,0,0,600,600,600,100,100,0.00000,0.00000,9.80665,0.000000,0.00000,-0.00000,0.00000,0.00000,9.80665,0.000000,0.000000,0.000000,0,1,1,1,1,1,0,0,0,0
2026-09-21T06:31:24.704478+00:00,37780208,SIMULATED,136,1327444,DISARMED,0,-0.000000,0.00000,7.4000,0.0000,25.00,25.00,0.00000,0.00000,0,520,0,500,0,0,0,0,20,0,520,0,0,0,0,0,0,0,0,600,600,600,100,100,0.00000,0.00000,9.80665,0.000000,0.00000,-0.00000,0.00000,0.00000,9.80665,0.000000,0.000000,0.000000,0,1,1,1,1,1,0,0,0,0
2026-09-21T06:31:24.704514+00:00,37815916,SIMULATED,137,1329848,DISARMED,0,-0.000000,0.00000,7.4000,0.0000,25.00,25.00,0.00000,0.00000,0,520,0,500,0,0,0,0,20,0,520,0,0,0,0,0,0,0,0,600,600,600,100,100,0.00000,0.00000,9.80665,0.000000,0.00000,-0.00000,0.00000,0.00000,9.80665,0.000000,0.000000,0.000000,0,1,1,1,1,1,0,0,0,0
2026-09-21T06:31:24.704549+00:00,37851250,SIMULATED,138,1332252,DISARMED,0,-0.000000,0.00000,7.4000,0.0000,25.00,25.00,0.00000,0.00000,0,520,0,500,0,0,0,0,20,0,520,0,0,0,0,0,0,0,0,600,600,600,100,100,0.00000,0.00000,9.80665,0.000000,0.00000,-0.00000,0.00000,0.00000,9.80665,0.000000,0.000000,0.000000,0,1,1,1,1,1,0,0,0,0
2026-09-21T06:31:24.704585+00:00,37887500,SIMULATED,139,1334656,DISARMED,0,-0.000000,0.00000,7.4000,0.0000,25.00,25.00,0.00000,0.00000,0,520,0,500,0,0,0,0,20,0,520,0,0,0,0,0,0,0,0,600,600,600,100,100,0.00000,0.00000,9.80665,0.000000,0.00000,-0.00000,0.00000,0.00000,9.80665,0.000000,0.000000,0.000000,0,1,1,1,1,1,0,0,0,0
2026-09-21T06:31:24.704623+00:00,37924875,SIMULATED,140,1337060,DISARMED,0,-0.000000,0.00000,7.4000,0.0000,25.00,25.00,0.00000,0.00000,0,520,0,500,0,0,0,0,20,0,520,0,0,0,0,0,0,0,0,600,600,600,100,100,0.00000,0.00000,9.80665,0.000000,0.00000,-0.00000,0.00000,0.00000,9.80665,0.000000,0.000000,0.000000,0,1,1,1,1,1,0,0,0,0
2026-09-21T06:31:24.704661+00:00,37963250,SIMULATED,141,1339464,DISARMED,0,-0.000000,0.00000,7.4000,0.0000,25.00,25.00,0.00000,0.00000,0,520,0,500,0,0,0,0,20,0,520,0,0,0,0,0,0,0,0,600,600,600,100,100,0.00000,0.00000,9.80665,0.000000,0.00000,-0.00000,0.00000,0.00000,9.80665,0.000000,0.000000,0.000000,0,1,1,1,1,1,0,0,0,0
2026-09-21T06:31:24.704697+00:00,37998875,SIMULATED,142,1341868,DISARMED,0,-0.000000,0.00000,7.4000,0.0000,25.00,25.00,0.00000,0.00000,0,520,0,500,0,0,0,0,20,0,520,0,0,0,0,0,0,0,0,600,600,600,100,100,0.00000,0.00000,9.80665,0.000000,0.00000,-0.00000,0.00000,0.00000,9.80665,0.000000,0.000000,0.000000,0,1,1,1,1,1,0,0,0,0
2026-09-21T06:31:24.704732+00:00,38034541,SIMULATED,143,1344272,DISARMED,0,-0.000000,0.00000,7.4000,0.0000,25.00,25.00,0.00000,0.00000,0,520,0,500,0,0,0,0,20,0,520,0,0,0,0,0,0,0,0,600,600,600,100,100,0.00000,0.00000,9.80665,0.000000,0.00000,-0.00000,0.00000,0.00000,9.80665,0.000000,0.000000,0.000000,0,1,1,1,1,1,0,0,0,0
2026-09-21T06:31:24.704769+00:00,38071625,SIMULATED,144,1346676,DISARMED,0,-0.000000,0.00000,7.4000,0.0000,25.00,25.00,0.00000,0.00000,0,520,0,500,0,0,0,0,20,0,520,0,0,0,0,0,0,0,0,600,600,600,100,100,0.00000,0.00000,9.80665,0.000000,0.00000,-0.00000,0.00000,0.00000,9.80665,0.000000,0.000000,0.000000,0,1,1,1,1,1,0,0,0,0
2026-09-21T06:31:24.704806+00:00,38108083,SIMULATED,145,1349080,DISARMED,0,-0.000000,0.00000,7.4000,0.0000,25.00,25.00,0.00000,0.00000,0,520,0,500,0,0,0,0,20,0,520,0,0,0,0,0,0,0,0,600,600,600,100,100,0.00000,0.00000,9.80665,0.000000,0.00000,-0.00000,0.00000,0.00000,9.80665,0.000000,0.000000,0.000000,0,1,1,1,1,1,0,0,0,0
2026-09-21T06:31:24.704841+00:00,38143500,SIMULATED,146,1351484,DISARMED,0,-0.000000,0.00000,7.4000,0.0000,25.00,25.00,0.00000,0.00000,0,520,0,500,0,0,0,0,20,0,520,0,0,0,0,0,0,0,0,600,600,600,100,100,0.00000,0.00000,9.80665,0.000000,0.00000,-0.00000,0.00000,0.00000,9.80665,0.000000,0.000000,0.000000,0,1,1,1,1,1,0,0,0,0
2026-09-21T06:31:24.704877+00:00,38179000,SIMULATED,147,1353888,DISARMED,0,-0.000000,0.00000,7.4000,0.0000,25.00,25.00,0.00000,0.00000,0,520,0,500,0,0,0,0,20,0,520,0,0,0,0,0,0,0,0,600,600,600,100,100,0.00000,0.00000,9.80665,0.000000,0.00000,-0.00000,0.00000,0.00000,9.80665,0.000000,0.000000,0.000000,0,1,1,1,1,1,0,0,0,0
2026-09-21T06:31:24.704912+00:00,38214208,SIMULATED,148,1356292,DISARMED,0,-0.000000,0.00000,7.4000,0.0000,25.00,25.00,0.00000,0.00000,0,520,0,500,0,0,0,0,20,0,520,0,0,0,0,0,0,0,0,600,600,600,100,100,0.00000,0.00000,9.80665,0.000000,0.00000,-0.00000,0.00000,0.00000,9.80665,0.000000,0.000000,0.000000,0,1,1,1,1,1,0,0,0,0
2026-09-21T06:31:24.704947+00:00,38249083,SIMULATED,149,1358696,DISARMED,0,-0.000000,0.00000,7.4000,0.0000,25.00,25.00,0.00000,0.00000,0,520,0,500,0,0,0,0,20,0,520,0,0,0,0,0,0,0,0,600,600,600,100,100,0.00000,0.00000,9.80665,0.000000,0.00000,-0.00000,0.00000,0.00000,9.80665,0.000000,0.000000,0.000000,0,1,1,1,1,1,0,0,0,0
2026-09-21T06:31:24.704982+00:00,38283875,SIMULATED,150,1361100,DISARMED,0,-0.000000,0.00000,7.4000,0.0000,25.00,25.00,0.00000,0.00000,0,520,0,500,0,0,0,0,20,0,520,0,0,0,0,0,0,0,0,600,600,600,100,100,0.00000,0.00000,9.80665,0.000000,0.00000,-0.00000,0.00000,0.00000,9.80665,0.000000,0.000000,0.000000,0,1,1,1,1,1,0,0,0,0
2026-09-21T06:31:24.705021+00:00,38323666,SIMULATED,151,1363504,DISARMED,0,-0.000000,0.00000,7.4000,0.0000,25.00,25.00,0.00000,0.00000,0,520,0,500,0,0,0,0,20,0,520,0,0,0,0,0,0,0,0,600,600,600,100,100,0.00000,0.00000,9.80665,0.000000,0.00000,-0.00000,0.00000,0.00000,9.80665,0.000000,0.000000,0.000000,0,1,1,1,1,1,0,0,0,0
2026-09-21T06:31:24.705057+00:00,38359416,SIMULATED,152,1365908,DISARMED,0,-0.000000,0.00000,7.4000,0.0000,25.00,25.00,0.00000,0.00000,0,520,0,500,0,0,0,0,20,0,520,0,0,0,0,0,0,0,0,600,600,600,100,100,0.00000,0.00000,9.80665,0.000000,0.00000,-0.00000,0.00000,0.00000,9.80665,0.000000,0.000000,0.000000,0,1,1,1,1,1,0,0,0,0
2026-09-21T06:31:24.705092+00:00,38394166,SIMULATED,153,1368312,DISARMED,0,-0.000000,0.00000,7.4000,0.0000,25.00,25.00,0.00000,0.00000,0,520,0,500,0,0,0,0,20,0,520,0,0,0,0,0,0,0,0,600,600,600,100,100,0.00000,0.00000,9.80665,0.000000,0.00000,-0.00000,0.00000,0.00000,9.80665,0.000000,0.000000,0.000000,0,1,1,1,1,1,0,0,0,0
2026-09-21T06:31:24.705128+00:00,38430750,SIMULATED,154,1370716,DISARMED,0,-0.000000,0.00000,7.4000,0.0000,25.00,25.00,0.00000,0.00000,0,520,0,500,0,0,0,0,20,0,520,0,0,0,0,0,0,0,0,600,600,600,100,100,0.00000,0.00000,9.80665,0.000000,0.00000,-0.00000,0.00000,0.00000,9.80665,0.000000,0.000000,0.000000,0,1,1,1,1,1,0,0,0,0
2026-09-21T06:31:24.705164+00:00,38466166,SIMULATED,155,1373120,DISARMED,0,-0.000000,0.00000,7.4000,0.0000,25.00,25.00,0.00000,0.00000,0,520,0,500,0,0,0,0,20,0,520,0,0,0,0,0,0,0,0,600,600,600,100,100,0.00000,0.00000,9.80665,0.000000,0.00000,-0.00000,0.00000,0.00000,9.80665,0.000000,0.000000,0.000000,0,1,1,1,1,1,0,0,0,0
2026-09-21T06:31:24.705201+00:00,38503583,SIMULATED,156,1375524,DISARMED,0,-0.000000,0.00000,7.4000,0.0000,25.00,25.00,0.00000,0.00000,0,520,0,500,0,0,0,0,20,0,520,0,0,0,0,0,0,0,0,600,600,600,100,100,0.00000,0.00000,9.80665,0.000000,0.00000,-0.00000,0.00000,0.00000,9.80665,0.000000,0.000000,0.000000,0,1,1,1,1,1,0,0,0,0
2026-09-21T06:31:24.705240+00:00,38541833,SIMULATED,157,1377928,DISARMED,0,-0.000000,0.00000,7.4000,0.0000,25.00,25.00,0.00000,0.00000,0,520,0,500,0,0,0,0,20,0,520,0,0,0,0,0,0,0,0,600,600,600,100,100,0.00000,0.00000,9.80665,0.000000,0.00000,-0.00000,0.00000,0.00000,9.80665,0.000000,0.000000,0.000000,0,1,1,1,1,1,0,0,0,0
2026-09-21T06:31:24.705276+00:00,38578083,SIMULATED,158,1380332,DISARMED,0,-0.000000,0.00000,7.4000,0.0000,25.00,25.00,0.00000,0.00000,0,520,0,500,0,0,0,0,20,0,520,0,0,0,0,0,0,0,0,600,600,600,100,100,0.00000,0.00000,9.80665,0.000000,0.00000,-0.00000,0.00000,0.00000,9.80665,0.000000,0.000000,0.000000,0,1,1,1,1,1,0,0,0,0
2026-09-21T06:31:24.705312+00:00,38614791,SIMULATED,159,1382736,DISARMED,0,-0.000000,0.00000,7.4000,0.0000,25.00,25.00,0.00000,0.00000,0,520,0,500,0,0,0,0,20,0,520,0,0,0,0,0,0,0,0,600,600,600,100,100,0.00000,0.00000,9.80665,0.000000,0.00000,-0.00000,0.00000,0.00000,9.80665,0.000000,0.000000,0.000000,0,1,1,1,1,1,0,0,0,0
2026-09-21T06:31:24.705348+00:00,38649875,SIMULATED,160,1385140,DISARMED,0,-0.000000,0.00000,7.4000,0.0000,25.00,25.00,0.00000,0.00000,0,520,0,500,0,0,0,0,20,0,520,0,0,0,0,0,0,0,0,600,600,600,100,100,0.00000,0.00000,9.80665,0.000000,0.00000,-0.00000,0.00000,0.00000,9.80665,0.000000,0.000000,0.000000,0,1,1,1,1,1,0,0,0,0
2026-09-21T06:31:24.705385+00:00,38687541,SIMULATED,161,1387544,DISARMED,0,-0.000000,0.00000,7.4000,0.0000,25.00,25.00,0.00000,0.00000,0,520,0,500,0,0,0,0,20,0,520,0,0,0,0,0,0,0,0,600,600,600,100,100,0.00000,0.00000,9.80665,0.000000,0.00000,-0.00000,0.00000,0.00000,9.80665,0.000000,0.000000,0.000000,0,1,1,1,1,1,0,0,0,0
2026-09-21T06:31:24.705421+00:00,38723125,SIMULATED,162,1389948,DISARMED,0,-0.000000,0.00000,7.4000,0.0000,25.00,25.00,0.00000,0.00000,0,520,0,500,0,0,0,0,20,0,520,0,0,0,0,0,0,0,0,600,600,600,100,100,0.00000,0.00000,9.80665,0.000000,0.00000,-0.00000,0.00000,0.00000,9.80665,0.000000,0.000000,0.000000,0,1,1,1,1,1,0,0,0,0
2026-09-21T06:31:24.705457+00:00,38759625,SIMULATED,163,1392352,DISARMED,0,-0.000000,0.00000,7.4000,0.0000,25.00,25.00,0.00000,0.00000,0,520,0,500,0,0,0,0,20,0,520,0,0,0,0,0,0,0,0,600,600,600,100,100,0.00000,0.00000,9.80665,0.000000,0.00000,-0.00000,0.00000,0.00000,9.80665,0.000000,0.000000,0.000000,0,1,1,1,1,1,0,0,0,0
2026-09-21T06:31:24.705492+00:00,38794791,SIMULATED,164,1394756,DISARMED,0,-0.000000,0.00000,7.4000,0.0000,25.00,25.00,0.00000,0.00000,0,520,0,500,0,0,0,0,20,0,520,0,0,0,0,0,0,0,0,600,600,600,100,100,0.00000,0.00000,9.80665,0.000000,0.00000,-0.00000,0.00000,0.00000,9.80665,0.000000,0.000000,0.000000,0,1,1,1,1,1,0,0,0,0
2026-09-21T06:31:24.705527+00:00,38829791,SIMULATED,165,1397160,DISARMED,0,-0.000000,0.00000,7.4000,0.0000,25.00,25.00,0.00000,0.00000,0,520,0,500,0,0,0,0,20,0,520,0,0,0,0,0,0,0,0,600,600,600,100,100,0.00000,0.00000,9.80665,0.000000,0.00000,-0.00000,0.00000,0.00000,9.80665,0.000000,0.000000,0.000000,0,1,1,1,1,1,0,0,0,0
2026-09-21T06:31:24.705562+00:00,38864708,SIMULATED,166,1399564,DISARMED,0,-0.000000,0.00000,7.4000,0.0000,25.00,25.00,0.00000,0.00000,0,520,0,500,0,0,0,0,20,0,520,0,0,0,0,0,0,0,0,600,600,600,100,100,0.00000,0.00000,9.80665,0.000000,0.00000,-0.00000,0.00000,0.00000,9.80665,0.000000,0.000000,0.000000,0,1,1,1,1,1,0,0,0,0
2026-09-21T06:31:24.705598+00:00,38900208,SIMULATED,167,1401968,DISARMED,0,-0.000000,0.00000,7.4000,0.0000,25.00,25.00,0.00000,0.00000,0,520,0,500,0,0,0,0,20,0,520,0,0,0,0,0,0,0,0,600,600,600,100,100,0.00000,0.00000,9.80665,0.000000,0.00000,-0.00000,0.00000,0.00000,9.80665,0.000000,0.000000,0.000000,0,1,1,1,1,1,0,0,0,0
2026-09-21T06:31:24.705634+00:00,38936166,SIMULATED,168,1404372,DISARMED,0,-0.000000,0.00000,7.4000,0.0000,25.00,25.00,0.00000,0.00000,0,520,0,500,0,0,0,0,20,0,520,0,0,0,0,0,0,0,0,600,600,600,100,100,0.00000,0.00000,9.80665,0.000000,0.00000,-0.00000,0.00000,0.00000,9.80665,0.000000,0.000000,0.000000,0,1,1,1,1,1,0,0,0,0
2026-09-21T06:31:24.705672+00:00,38974583,SIMULATED,169,1406776,DISARMED,0,-0.000000,0.00000,7.4000,0.0000,25.00,25.00,0.00000,0.00000,0,520,0,500,0,0,0,0,20,0,520,0,0,0,0,0,0,0,0,600,600,600,100,100,0.00000,0.00000,9.80665,0.000000,0.00000,-0.00000,0.00000,0.00000,9.80665,0.000000,0.000000,0.000000,0,1,1,1,1,1,0,0,0,0
2026-09-21T06:31:24.705708+00:00,39009833,SIMULATED,170,1409180,DISARMED,0,-0.000000,0.00000,7.4000,0.0000,25.00,25.00,0.00000,0.00000,0,520,0,500,0,0,0,0,20,0,520,0,0,0,0,0,0,0,0,600,600,600,100,100,0.00000,0.00000,9.80665,0.000000,0.00000,-0.00000,0.00000,0.00000,9.80665,0.000000,0.000000,0.000000,0,1,1,1,1,1,0,0,0,0
2026-09-21T06:31:24.705743+00:00,39045000,SIMULATED,171,1411584,DISARMED,0,-0.000000,0.00000,7.4000,0.0000,25.00,25.00,0.00000,0.00000,0,520,0,500,0,0,0,0,20,0,520,0,0,0,0,0,0,0,0,600,600,600,100,100,0.00000,0.00000,9.80665,0.000000,0.00000,-0.00000,0.00000,0.00000,9.80665,0.000000,0.000000,0.000000,0,1,1,1,1,1,0,0,0,0
2026-09-21T06:31:24.705780+00:00,39082291,SIMULATED,172,1413988,DISARMED,0,-0.000000,0.00000,7.4000,0.0000,25.00,25.00,0.00000,0.00000,0,520,0,500,0,0,0,0,20,0,520,0,0,0,0,0,0,0,0,600,600,600,100,100,0.00000,0.00000,9.80665,0.000000,0.00000,-0.00000,0.00000,0.00000,9.80665,0.000000,0.000000,0.000000,0,1,1,1,1,1,0,0,0,0
2026-09-21T06:31:24.705817+00:00,39119000,SIMULATED,173,1416392,DISARMED,0,-0.000000,0.00000,7.4000,0.0000,25.00,25.00,0.00000,0.00000,0,520,0,500,0,0,0,0,20,0,520,0,0,0,0,0,0,0,0,600,600,600,100,100,0.00000,0.00000,9.80665,0.000000,0.00000,-0.00000,0.00000,0.00000,9.80665,0.000000,0.000000,0.000000,0,1,1,1,1,1,0,0,0,0
2026-09-21T06:31:24.705853+00:00,39155583,SIMULATED,174,1418796,DISARMED,0,-0.000000,0.00000,7.4000,0.0000,25.00,25.00,0.00000,0.00000,0,520,0,500,0,0,0,0,20,0,520,0,0,0,0,0,0,0,0,600,600,600,100,100,0.00000,0.00000,9.80665,0.000000,0.00000,-0.00000,0.00000,0.00000,9.80665,0.000000,0.000000,0.000000,0,1,1,1,1,1,0,0,0,0
2026-09-21T06:31:24.705891+00:00,39193375,SIMULATED,175,1421200,DISARMED,0,-0.000000,0.00000,7.4000,0.0000,25.00,25.00,0.00000,0.00000,0,520,0,500,0,0,0,0,20,0,520,0,0,0,0,0,0,0,0,600,600,600,100,100,0.00000,0.00000,9.80665,0.000000,0.00000,-0.00000,0.00000,0.00000,9.80665,0.000000,0.000000,0.000000,0,1,1,1,1,1,0,0,0,0
2026-09-21T06:31:24.705926+00:00,39228250,SIMULATED,176,1423604,DISARMED,0,-0.000000,0.00000,7.4000,0.0000,25.00,25.00,0.00000,0.00000,0,520,0,500,0,0,0,0,20,0,520,0,0,0,0,0,0,0,0,600,600,600,100,100,0.00000,0.00000,9.80665,0.000000,0.00000,-0.00000,0.00000,0.00000,9.80665,0.000000,0.000000,0.000000,0,1,1,1,1,1,0,0,0,0
2026-09-21T06:31:24.705961+00:00,39263166,SIMULATED,177,1426008,DISARMED,0,-0.000000,0.00000,7.4000,0.0000,25.00,25.00,0.00000,0.00000,0,520,0,500,0,0,0,0,20,0,520,0,0,0,0,0,0,0,0,600,600,600,100,100,0.00000,0.00000,9.80665,0.000000,0.00000,-0.00000,0.00000,0.00000,9.80665,0.000000,0.000000,0.000000,0,1,1,1,1,1,0,0,0,0
2026-09-21T06:31:24.705997+00:00,39298875,SIMULATED,178,1428412,DISARMED,0,-0.000000,0.00000,7.4000,0.0000,25.00,25.00,0.00000,0.00000,0,520,0,500,0,0,0,0,20,0,520,0,0,0,0,0,0,0,0,600,600,600,100,100,0.00000,0.00000,9.80665,0.000000,0.00000,-0.00000,0.00000,0.00000,9.80665,0.000000,0.000000,0.000000,0,1,1,1,1,1,0,0,0,0
2026-09-21T06:31:24.706032+00:00,39334041,SIMULATED,179,1430816,DISARMED,0,-0.000000,0.00000,7.4000,0.0000,25.00,25.00,0.00000,0.00000,0,520,0,500,0,0,0,0,20,0,520,0,0,0,0,0,0,0,0,600,600,600,100,100,0.00000,0.00000,9.80665,0.000000,0.00000,-0.00000,0.00000,0.00000,9.80665,0.000000,0.000000,0.000000,0,1,1,1,1,1,0,0,0,0
2026-09-21T06:31:24.706069+00:00,39370916,SIMULATED,180,1433220,DISARMED,0,-0.000000,0.00000,7.4000,0.0000,25.00,25.00,0.00000,0.00000,0,520,0,500,0,0,0,0,20,0,520,0,0,0,0,0,0,0,0,600,600,600,100,100,0.00000,0.00000,9.80665,0.000000,0.00000,-0.00000,0.00000,0.00000,9.80665,0.000000,0.000000,0.000000,0,1,1,1,1,1,0,0,0,0
2026-09-21T06:31:24.706107+00:00,39408833,SIMULATED,181,1435624,DISARMED,0,-0.000000,0.00000,7.4000,0.0000,25.00,25.00,0.00000,0.00000,0,520,0,500,0,0,0,0,20,0,520,0,0,0,0,0,0,0,0,600,600,600,100,100,0.00000,0.00000,9.80665,0.000000,0.00000,-0.00000,0.00000,0.00000,9.80665,0.000000,0.000000,0.000000,0,1,1,1,1,1,0,0,0,0
2026-09-21T06:31:24.706146+00:00,39448291,SIMULATED,182,1438028,DISARMED,0,-0.000000,0.00000,7.4000,0.0000,25.00,25.00,0.00000,0.00000,0,520,0,500,0,0,0,0,20,0,520,0,0,0,0,0,0,0,0,600,600,600,100,100,0.00000,0.00000,9.80665,0.000000,0.00000,-0.00000,0.00000,0.00000,9.80665,0.000000,0.000000,0.000000,0,1,1,1,1,1,0,0,0,0
2026-09-21T06:31:24.706180+00:00,39482750,SIMULATED,183,1440432,DISARMED,0,-0.000000,0.00000,7.4000,0.0000,25.00,25.00,0.00000,0.00000,0,520,0,500,0,0,0,0,20,0,520,0,0,0,0,0,0,0,0,600,600,600,100,100,0.00000,0.00000,9.80665,0.000000,0.00000,-0.00000,0.00000,0.00000,9.80665,0.000000,0.000000,0.000000,0,1,1,1,1,1,0,0,0,0
2026-09-21T06:31:24.706216+00:00,39517916,SIMULATED,184,1442836,DISARMED,0,-0.000000,0.00000,7.4000,0.0000,25.00,25.00,0.00000,0.00000,0,520,0,500,0,0,0,0,20,0,520,0,0,0,0,0,0,0,0,600,600,600,100,100,0.00000,0.00000,9.80665,0.000000,0.00000,-0.00000,0.00000,0.00000,9.80665,0.000000,0.000000,0.000000,0,1,1,1,1,1,0,0,0,0
2026-09-21T06:31:24.706252+00:00,39554125,SIMULATED,185,1445240,DISARMED,0,-0.000000,0.00000,7.4000,0.0000,25.00,25.00,0.00000,0.00000,0,520,0,500,0,0,0,0,20,0,520,0,0,0,0,0,0,0,0,600,600,600,100,100,0.00000,0.00000,9.80665,0.000000,0.00000,-0.00000,0.00000,0.00000,9.80665,0.000000,0.000000,0.000000,0,1,1,1,1,1,0,0,0,0
2026-09-21T06:31:24.706288+00:00,39590458,SIMULATED,186,1447644,DISARMED,0,-0.000000,0.00000,7.4000,0.0000,25.00,25.00,0.00000,0.00000,0,520,0,500,0,0,0,0,20,0,520,0,0,0,0,0,0,0,0,600,600,600,100,100,0.00000,0.00000,9.80665,0.000000,0.00000,-0.00000,0.00000,0.00000,9.80665,0.000000,0.000000,0.000000,0,1,1,1,1,1,0,0,0,0
2026-09-21T06:31:24.706329+00:00,39631833,SIMULATED,187,1450048,DISARMED,0,-0.000000,0.00000,7.4000,0.0000,25.00,25.00,0.00000,0.00000,0,520,0,500,0,0,0,0,20,0,520,0,0,0,0,0,0,0,0,600,600,600,100,100,0.00000,0.00000,9.80665,0.000000,0.00000,-0.00000,0.00000,0.00000,9.80665,0.000000,0.000000,0.000000,0,1,1,1,1,1,0,0,0,0
2026-09-21T06:31:24.706365+00:00,39667333,SIMULATED,188,1452452,DISARMED,0,-0.000000,0.00000,7.4000,0.0000,25.00,25.00,0.00000,0.00000,0,520,0,500,0,0,0,0,20,0,520,0,0,0,0,0,0,0,0,600,600,600,100,100,0.00000,0.00000,9.80665,0.000000,0.00000,-0.00000,0.00000,0.00000,9.80665,0.000000,0.000000,0.000000,0,1,1,1,1,1,0,0,0,0
2026-09-21T06:31:24.706400+00:00,39702583,SIMULATED,189,1454856,DISARMED,0,-0.000000,0.00000,7.4000,0.0000,25.00,25.00,0.00000,0.00000,0,520,0,500,0,0,0,0,20,0,520,0,0,0,0,0,0,0,0,600,600,600,100,100,0.00000,0.00000,9.80665,0.000000,0.00000,-0.00000,0.00000,0.00000,9.80665,0.000000,0.000000,0.000000,0,1,1,1,1,1,0,0,0,0
2026-09-21T06:31:24.706436+00:00,39738041,SIMULATED,190,1457260,DISARMED,0,-0.000000,0.00000,7.4000,0.0000,25.00,25.00,0.00000,0.00000,0,520,0,500,0,0,0,0,20,0,520,0,0,0,0,0,0,0,0,600,600,600,100,100,0.00000,0.00000,9.80665,0.000000,0.00000,-0.00000,0.00000,0.00000,9.80665,0.000000,0.000000,0.000000,0,1,1,1,1,1,0,0,0,0
2026-09-21T06:31:24.706471+00:00,39773708,SIMULATED,191,1459664,DISARMED,0,-0.000000,0.00000,7.4000,0.0000,25.00,25.00,0.00000,0.00000,0,520,0,500,0,0,0,0,20,0,520,0,0,0,0,0,0,0,0,600,600,600,100,100,0.00000,0.00000,9.80665,0.000000,0.00000,-0.00000,0.00000,0.00000,9.80665,0.000000,0.000000,0.000000,0,1,1,1,1,1,0,0,0,0
2026-09-21T06:31:24.706510+00:00,39812166,SIMULATED,192,1462068,DISARMED,0,-0.000000,0.00000,7.4000,0.0000,25.00,25.00,0.00000,0.00000,0,520,0,500,0,0,0,0,20,0,520,0,0,0,0,0,0,0,0,600,600,600,100,100,0.00000,0.00000,9.80665,0.000000,0.00000,-0.00000,0.00000,0.00000,9.80665,0.000000,0.000000,0.000000,0,1,1,1,1,1,0,0,0,0
2026-09-21T06:31:24.706548+00:00,39850375,SIMULATED,193,1464472,DISARMED,0,-0.000000,0.00000,7.4000,0.0000,25.00,25.00,0.00000,0.00000,0,520,0,500,0,0,0,0,20,0,520,0,0,0,0,0,0,0,0,600,600,600,100,100,0.00000,0.00000,9.80665,0.000000,0.00000,-0.00000,0.00000,0.00000,9.80665,0.000000,0.000000,0.000000,0,1,1,1,1,1,0,0,0,0
2026-09-21T06:31:24.706584+00:00,39885875,SIMULATED,194,1466876,DISARMED,0,-0.000000,0.00000,7.4000,0.0000,25.00,25.00,0.00000,0.00000,0,520,0,500,0,0,0,0,20,0,520,0,0,0,0,0,0,0,0,600,600,600,100,100,0.00000,0.00000,9.80665,0.000000,0.00000,-0.00000,0.00000,0.00000,9.80665,0.000000,0.000000,0.000000,0,1,1,1,1,1,0,0,0,0
2026-09-21T06:31:24.706638+00:00,39939958,SIMULATED,195,1469280,DISARMED,0,-0.000000,0.00000,7.4000,0.0000,25.00,25.00,0.00000,0.00000,0,520,0,500,0,0,0,0,20,0,520,0,0,0,0,0,0,0,0,600,600,600,100,100,0.00000,0.00000,9.80665,0.000000,0.00000,-0.00000,0.00000,0.00000,9.80665,0.000000,0.000000,0.000000,0,1,1,1,1,1,0,0,0,0
2026-09-21T06:31:24.706675+00:00,39976875,SIMULATED,196,1471684,DISARMED,0,-0.000000,0.00000,7.4000,0.0000,25.00,25.00,0.00000,0.00000,0,520,0,500,0,0,0,0,20,0,520,0,0,0,0,0,0,0,0,600,600,600,100,100,0.00000,0.00000,9.80665,0.000000,0.00000,-0.00000,0.00000,0.00000,9.80665,0.000000,0.000000,0.000000,0,1,1,1,1,1,0,0,0,0
2026-09-21T06:31:24.706710+00:00,40012375,SIMULATED,197,1474088,DISARMED,0,-0.000000,0.00000,7.4000,0.0000,25.00,25.00,0.00000,0.00000,0,520,0,500,0,0,0,0,20,0,520,0,0,0,0,0,0,0,0,600,600,600,100,100,0.00000,0.00000,9.80665,0.000000,0.00000,-0.00000,0.00000,0.00000,9.80665,0.000000,0.000000,0.000000,0,1,1,1,1,1,0,0,0,0
2026-09-21T06:31:24.706746+00:00,40048041,SIMULATED,198,1476492,DISARMED,0,-0.000000,0.00000,7.4000,0.0000,25.00,25.00,0.00000,0.00000,0,520,0,500,0,0,0,0,20,0,520,0,0,0,0,0,0,0,0,600,600,600,100,100,0.00000,0.00000,9.80665,0.000000,0.00000,-0.00000,0.00000,0.00000,9.80665,0.000000,0.000000,0.000000,0,1,1,1,1,1,0,0,0,0
2026-09-21T06:31:24.706782+00:00,40084458,SIMULATED,199,1478896,DISARMED,0,-0.000000,0.00000,7.4000,0.0000,25.00,25.00,0.00000,0.00000,0,520,0,500,0,0,0,0,20,0,520,0,0,0,0,0,0,0,0,600,600,600,100,100,0.00000,0.00000,9.80665,0.000000,0.00000,-0.00000,0.00000,0.00000,9.80665,0.000000,0.000000,0.000000,0,1,1,1,1,1,0,0,0,0
2026-09-21T06:31:24.706817+00:00,40119416,SIMULATED,200,1481300,DISARMED,0,-0.000000,0.00000,7.4000,0.0000,25.00,25.00,0.00000,0.00000,0,520,0,500,0,0,0,0,20,0,520,0,0,0,0,0,0,0,0,600,600,600,100,100,0.00000,0.00000,9.80665,0.000000,0.00000,-0.00000,0.00000,0.00000,9.80665,0.000000,0.000000,0.000000,0,1,1,1,1,1,0,0,0,0
