host_utc,host_monotonic_ns,source,seq,device_us,state,fault,pitch_rad,v_m_s,bat_V,bus_A,TL_C,TR_C,uL,uR,enabled,run_us,wake_us,imu_io_us,monitor_io_us,encoder_us,fusion_us,feedback_us,pwm_submit_us,jitter_us,max_run_us,max_wake_us,max_jitter_us,sample_missed,log_dropped,command_overflows,reply_dropped,cal_count,head_enabled,p50_run_upper_us,p95_run_upper_us,p99_run_upper_us,p99_wake_upper_us,p99_jitter_upper_us,ax_m_s2,ay_m_s2,az_m_s2,gy_rad_s,vL_m_s,vR_m_s,raw_ax_m_s2,raw_ay_m_s2,raw_az_m_s2,raw_gx_rad_s,raw_gy_rad_s,raw_gz_rad_s,health_fault,driver_ok,estop_ok,imu_ok,monitor_ok,encoders_ok,low_battery,request_support,encoder_count_L,encoder_count_R
2026-09-21T05:58:52.736183+00:00,588140916,SIMULATED,1,1002904,DISARMED,0,-0.000000,0.00000,7.4000,0.0000,25.00,25.00,0.00000,0.00000,0,520,0,500,0,0,0,0,20,0,520,0,0,0,0,0,0,0,0,0,0,0,0,0,0.00000,0.00000,9.80665,0.000000,0.00000,-0.00000,0.00000,0.00000,9.80665,0.000000,0.000000,0.000000,0,1,1,1,1,1,0,0,0,0
2026-09-21T05:58:52.736312+00:00,588269958,SIMULATED,2,1005308,DISARMED,0,-0.000000,0.00000,7.4000,0.0000,25.00,25.00,0.00000,0.00000,0,520,0,500,0,0,0,0,20,0,520,0,0,0,0,0,0,0,0,600,600,600,100,100,0.00000,0.00000,9.80665,0.000000,0.00000,-0.00000,0.00000,0.00000,9.80665,0.000000,0.000000,0.000000,0,1,1,1,1,1,0,0,0,0
2026-09-21T05:58:52.736361+00:00,588319000,SIMULATED,3,1007712,DISARMED,0,-0.000000,0.00000,7.4000,0.0000,25.00,25.00,0.00000,0.00000,0,520,0,500,0,0,0,0,20,0,520,0,0,0,0,0,0,0,0,600,600,600,100,100,0.00000,0.00000,9.80665,0.000000,0.00000,-0.00000,0.00000,0.00000,9.80665,0.000000,0.000000,0.000000,0,1,1,1,1,1,0,0,0,0
2026-09-21T05:58:52.736402+00:00,588360416,SIMULATED,4,1010116,DISARMED,0,-0.000000,0.00000,7.4000,0.0000,25.00,25.00,0.00000,0.00000,0,520,0,500,0,0,0,0,20,0,520,0,0,0,0,0,0,0,0,600,600,600,100,100,0.00000,0.00000,9.80665,0.000000,0.00000,-0.00000,0.00000,0.00000,9.80665,0.000000,0.000000,0.000000,0,1,1,1,1,1,0,0,0,0
2026-09-21T05:58:52.736442+00:00,588399666,SIMULATED,5,1012520,DISARMED,0,-0.000000,0.00000,7.4000,0.0000,25.00,25.00,0.00000,0.00000,0,520,0,500,0,0,0,0,20,0,520,0,0,0,0,0,0,0,0,600,600,600,100,100,0.00000,0.00000,9.80665,0.000000,0.00000,-0.00000,0.00000,0.00000,9.80665,0.000000,0.000000,0.000000,0,1,1,1,1,1,0,0,0,0
2026-09-21T05:58:52.736481+00:00,588439166,SIMULATED,6,1014924,DISARMED,0,-0.000000,0.00000,7.4000,0.0000,25.00,25.00,0.00000,0.00000,0,520,0,500,0,0,0,0,20,0,520,0,0,0,0,0,0,0,0,600,600,600,100,100,0.00000,0.00000,9.80665,0.000000,0.00000,-0.00000,0.00000,0.00000,9.80665,0.000000,0.000000,0.000000,0,1,1,1,1,1,0,0,0,0
2026-09-21T05:58:52.736521+00:00,588479291,SIMULATED,7,1017328,DISARMED,0,-0.000000,0.00000,7.4000,0.0000,25.00,25.00,0.00000,0.00000,0,520,0,500,0,0,0,0,20,0,520,0,0,0,0,0,0,0,0,600,600,600,100,100,0.00000,0.00000,9.80665,0.000000,0.00000,-0.00000,0.00000,0.00000,9.80665,0.000000,0.000000,0.000000,0,1,1,1,1,1,0,0,0,0
2026-09-21T05:58:52.736564+00:00,588522291,SIMULATED,8,1019732,DISARMED,0,-0.000000,0.00000,7.4000,0.0000,25.00,25.00,0.00000,0.00000,0,520,0,500,0,0,0,0,20,0,520,0,0,0,0,0,0,0,0,600,600,600,100,100,0.00000,0.00000,9.80665,0.000000,0.00000,-0.00000,0.00000,0.00000,9.80665,0.000000,0.000000,0.000000,0,1,1,1,1,1,0,0,0,0
2026-09-21T05:58:52.736612+00:00,588569666,SIMULATED,9,1022136,DISARMED,0,-0.000000,0.00000,7.4000,0.0000,25.00,25.00,0.00000,0.00000,0,520,0,500,0,0,0,0,20,0,520,0,0,0,0,0,0,0,0,600,600,600,100,100,0.00000,0.00000,9.80665,0.000000,0.00000,-0.00000,0.00000,0.00000,9.80665,0.000000,0.000000,0.000000,0,1,1,1,1,1,0,0,0,0
2026-09-21T05:58:52.736651+00:00,588608791,SIMULATED,10,1024540,DISARMED,0,-0.000000,0.00000,7.4000,0.0000,25.00,25.00,0.00000,0.00000,0,520,0,500,0,0,0,0,20,0,520,0,0,0,0,0,0,0,0,600,600,600,100,100,0.00000,0.00000,9.80665,0.000000,0.00000,-0.00000,0.00000,0.00000,9.80665,0.000000,0.000000,0.000000,0,1,1,1,1,1,0,0,0,0
2026-09-21T05:58:52.736689+00:00,588646833,SIMULATED,11,1026944,DISARMED,0,-0.000000,0.00000,7.4000,0.0000,25.00,25.00,0.00000,0.00000,0,520,0,500,0,0,0,0,20,0,520,0,0,0,0,0,0,0,0,600,600,600,100,100,0.00000,0.00000,9.80665,0.000000,0.00000,-0.00000,0.00000,0.00000,9.80665,0.000000,0.000000,0.000000,0,1,1,1,1,1,0,0,0,0
2026-09-21T05:58:52.736734+00:00,588691541,SIMULATED,12,1029348,DISARMED,0,-0.000000,0.00000,7.4000,0.0000,25.00,25.00,0.00000,0.00000,0,520,0,500,0,0,0,0,20,0,520,0,0,0,0,0,0,0,0,600,600,600,100,100,0.00000,0.00000,9.80665,0.000000,0.00000,-0.00000,0.00000,0.00000,9.80665,0.000000,0.000000,0.000000,0,1,1,1,1,1,0,0,0,0
2026-09-21T05:58:52.736774+00:00,588732250,SIMULATED,13,1031752,DISARMED,0,-0.000000,0.00000,7.4000,0.0000,25.00,25.00,0.00000,0.00000,0,520,0,500,0,0,0,0,20,0,520,0,0,0,0,0,0,0,0,600,600,600,100,100,0.00000,0.00000,9.80665,0.000000,0.00000,-0.00000,0.00000,0.00000,9.80665,0.000000,0.000000,0.000000,0,1,1,1,1,1,0,0,0,0
2026-09-21T05:58:52.736813+00:00,588770458,SIMULATED,14,1034156,DISARMED,0,-0.000000,0.00000,7.4000,0.0000,25.00,25.00,0.00000,0.00000,0,520,0,500,0,0,0,0,20,0,520,0,0,0,0,0,0,0,0,600,600,600,100,100,0.00000,0.00000,9.80665,0.000000,0.00000,-0.00000,0.00000,0.00000,9.80665,0.000000,0.000000,0.000000,0,1,1,1,1,1,0,0,0,0
2026-09-21T05:58:52.736851+00:00,588809166,SIMULATED,15,1036560,DISARMED,0,-0.000000,0.00000,7.4000,0.0000,25.00,25.00,0.00000,0.00000,0,520,0,500,0,0,0,0,20,0,520,0,0,0,0,0,0,0,0,600,600,600,100,100,0.00000,0.00000,9.80665,0.000000,0.00000,-0.00000,0.00000,0.00000,9.80665,0.000000,0.000000,0.000000,0,1,1,1,1,1,0,0,0,0
2026-09-21T05:58:52.736887+00:00,588844666,SIMULATED,16,1038964,DISARMED,0,-0.000000,0.00000,7.4000,0.0000,25.00,25.00,0.00000,0.00000,0,520,0,500,0,0,0,0,20,0,520,0,0,0,0,0,0,0,0,600,600,600,100,100,0.00000,0.00000,9.80665,0.000000,0.00000,-0.00000,0.00000,0.00000,9.80665,0.000000,0.000000,0.000000,0,1,1,1,1,1,0,0,0,0
2026-09-21T05:58:52.736922+00:00,588879958,SIMULATED,17,1041368,DISARMED,0,-0.000000,0.00000,7.4000,0.0000,25.00,25.00,0.00000,0.00000,0,520,0,500,0,0,0,0,20,0,520,0,0,0,0,0,0,0,0,600,600,600,100,100,0.00000,0.00000,9.80665,0.000000,0.00000,-0.00000,0.00000,0.00000,9.80665,0.000000,0.000000,0.000000,0,1,1,1,1,1,0,0,0,0
2026-09-21T05:58:52.736957+00:00,588914791,SIMULATED,18,1043772,DISARMED,0,-0.000000,0.00000,7.4000,0.0000,25.00,25.00,0.00000,0.00000,0,520,0,500,0,0,0,0,20,0,520,0,0,0,0,0,0,0,0,600,600,600,100,100,0.00000,0.00000,9.80665,0.000000,0.00000,-0.00000,0.00000,0.00000,9.80665,0.000000,0.000000,0.000000,0,1,1,1,1,1,0,0,0,0
2026-09-21T05:58:52.736994+00:00,588951625,SIMULATED,19,1046176,DISARMED,0,-0.000000,0.00000,7.4000,0.0000,25.00,25.00,0.00000,0.00000,0,520,0,500,0,0,0,0,20,0,520,0,0,0,0,0,0,0,0,600,600,600,100,100,0.00000,0.00000,9.80665,0.000000,0.00000,-0.00000,0.00000,0.00000,9.80665,0.000000,0.000000,0.000000,0,1,1,1,1,1,0,0,0,0
2026-09-21T05:58:52.737029+00:00,588986541,SIMULATED,20,1048580,DISARMED,0,-0.000000,0.00000,7.4000,0.0000,25.00,25.00,0.00000,0.00000,0,520,0,500,0,0,0,0,20,0,520,0,0,0,0,0,0,0,0,600,600,600,100,100,0.00000,0.00000,9.80665,0.000000,0.00000,-0.00000,0.00000,0.00000,9.80665,0.000000,0.000000,0.000000,0,1,1,1,1,1,0,0,0,0
2026-09-21T05:58:52.737064+00:00,589022041,SIMULATED,21,1050984,DISARMED,0,-0.000000,0.00000,7.4000,0.0000,25.00,25.00,0.00000,0.00000,0,520,0,500,0,0,0,0,20,0,520,0,0,0,0,0,0,0,0,600,600,600,100,100,0.00000,0.00000,9.80665,0.000000,0.00000,-0.00000,0.00000,0.00000,9.80665,0.000000,0.000000,0.000000,0,1,1,1,1,1,0,0,0,0
2026-09-21T05:58:52.737099+00:00,589056875,SIMULATED,22,1053388,DISARMED,0,-0.000000,0.00000,7.4000,0.0000,25.00,25.00,0.00000,0.00000,0,520,0,500,0,0,0,0,20,0,520,0,0,0,0,0,0,0,0,600,600,600,100,100,0.00000,0.00000,9.80665,0.000000,0.00000,-0.00000,0.00000,0.00000,9.80665,0.000000,0.000000,0.000000,0,1,1,1,1,1,0,0,0,0
2026-09-21T05:58:52.737134+00:00,589092166,SIMULATED,23,1055792,DISARMED,0,-0.000000,0.00000,7.4000,0.0000,25.00,25.00,0.00000,0.00000,0,520,0,500,0,0,0,0,20,0,520,0,0,0,0,0,0,0,0,600,600,600,100,100,0.00000,0.00000,9.80665,0.000000,0.00000,-0.00000,0.00000,0.00000,9.80665,0.000000,0.000000,0.000000,0,1,1,1,1,1,0,0,0,0
2026-09-21T05:58:52.737170+00:00,589127291,SIMULATED,24,1058196,DISARMED,0,-0.000000,0.00000,7.4000,0.0000,25.00,25.00,0.00000,0.00000,0,520,0,500,0,0,0,0,20,0,520,0,0,0,0,0,0,0,0,600,600,600,100,100,0.00000,0.00000,9.80665,0.000000,0.00000,-0.00000,0.00000,0.00000,9.80665,0.000000,0.000000,0.000000,0,1,1,1,1,1,0,0,0,0
2026-09-21T05:58:52.737206+00:00,589164250,SIMULATED,25,1060600,DISARMED,0,-0.000000,0.00000,7.4000,0.0000,25.00,25.00,0.00000,0.00000,0,520,0,500,0,0,0,0,20,0,520,0,0,0,0,0,0,0,0,600,600,600,100,100,0.00000,0.00000,9.80665,0.000000,0.00000,-0.00000,0.00000,0.00000,9.80665,0.000000,0.000000,0.000000,0,1,1,1,1,1,0,0,0,0
2026-09-21T05:58:52.737242+00:00,589199833,SIMULATED,26,1063004,DISARMED,0,-0.000000,0.00000,7.4000,0.0000,25.00,25.00,0.00000,0.00000,0,520,0,500,0,0,0,0,20,0,520,0,0,0,0,0,0,0,0,600,600,600,100,100,0.00000,0.00000,9.80665,0.000000,0.00000,-0.00000,0.00000,0.00000,9.80665,0.000000,0.000000,0.000000,0,1,1,1,1,1,0,0,0,0
2026-09-21T05:58:52.737292+00:00,589250166,SIMULATED,27,1065408,DISARMED,0,-0.000000,0.00000,7.4000,0.0000,25.00,25.00,0.00000,0.00000,0,520,0,500,0,0,0,0,20,0,520,0,0,0,0,0,0,0,0,600,600,600,100,100,0.00000,0.00000,9.80665,0.000000,0.00000,-0.00000,0.00000,0.00000,9.80665,0.000000,0.000000,0.000000,0,1,1,1,1,1,0,0,0,0
2026-09-21T05:58:52.737330+00:00,589287291,SIMULATED,28,1067812,DISARMED,0,-0.000000,0.00000,7.4000,0.0000,25.00,25.00,0.00000,0.00000,0,520,0,500,0,0,0,0,20,0,520,0,0,0,0,0,0,0,0,600,600,600,100,100,0.00000,0.00000,9.80665,0.000000,0.00000,-0.00000,0.00000,0.00000,9.80665,0.000000,0.000000,0.000000,0,1,1,1,1,1,0,0,0,0
2026-09-21T05:58:52.737376+00:00,589333291,SIMULATED,29,1070216,DISARMED,0,-0.000000,0.00000,7.4000,0.0000,25.00,25.00,0.00000,0.00000,0,520,0,500,0,0,0,0,20,0,520,0,0,0,0,0,0,0,0,600,600,600,100,100,0.00000,0.00000,9.80665,0.000000,0.00000,-0.00000,0.00000,0.00000,9.80665,0.000000,0.000000,0.000000,0,1,1,1,1,1,0,0,0,0
2026-09-21T05:58:52.737411+00:00,589368875,SIMULATED,30,1072620,DISARMED,0,-0.000000,0.00000,7.4000,0.0000,25.00,25.00,0.00000,0.00000,0,520,0,500,0,0,0,0,20,0,520,0,0,0,0,0,0,0,0,600,600,600,100,100,0.00000,0.00000,9.80665,0.000000,0.00000,-0.00000,0.00000,0.00000,9.80665,0.000000,0.000000,0.000000,0,1,1,1,1,1,0,0,0,0
2026-09-21T05:58:52.737446+00:00,589404250,SIMULATED,31,1075024,DISARMED,0,-0.000000,0.00000,7.4000,0.0000,25.00,25.00,0.00000,0.00000,0,520,0,500,0,0,0,0,20,0,520,0,0,0,0,0,0,0,0,600,600,600,100,100,0.00000,0.00000,9.80665,0.000000,0.00000,-0.00000,0.00000,0.00000,9.80665,0.000000,0.000000,0.000000,0,1,1,1,1,1,0,0,0,0
2026-09-21T05:58:52.737483+00:00,589440333,SIMULATED,32,1077428,DISARMED,0,-0.000000,0.00000,7.4000,0.0000,25.00,25.00,0.00000,0.00000,0,520,0,500,0,0,0,0,20,0,520,0,0,0,0,0,0,0,0,600,600,600,100,100,0.00000,0.00000,9.80665,0.000000,0.00000,-0.00000,0.00000,0.00000,9.80665,0.000000,0.000000,0.000000,0,1,1,1,1,1,0,0,0,0
2026-09-21T05:58:52.737519+00:00,589476750,SIMULATED,33,1079832,DISARMED,0,-0.000000,0.00000,7.4000,0.0000,25.00,25.00,0.00000,0.00000,0,520,0,500,0,0,0,0,20,0,520,0,0,0,0,0,0,0,0,600,600,600,100,100,0.00000,0.00000,9.80665,0.000000,0.00000,-0.00000,0.00000,0.00000,9.80665,0.000000,0.000000,0.000000,0,1,1,1,1,1,0,0,0,0
2026-09-21T05:58:52.737554+00:00,589511416,SIMULATED,34,1082236,DISARMED,0,-0.000000,0.00000,7.4000,0.0000,25.00,25.00,0.00000,0.00000,0,520,0,500,0,0,0,0,20,0,520,0,0,0,0,0,0,0,0,600,600,600,100,100,0.00000,0.00000,9.80665,0.000000,0.00000,-0.00000,0.00000,0.00000,9.80665,0.000000,0.000000,0.000000,0,1,1,1,1,1,0,0,0,0
2026-09-21T05:58:52.737589+00:00,589546458,SIMULATED,35,1084640,DISARMED,0,-0.000000,0.00000,7.4000,0.0000,25.00,25.00,0.00000,0.00000,0,520,0,500,0,0,0,0,20,0,520,0,0,0,0,0,0,0,0,600,600,600,100,100,0.00000,0.00000,9.80665,0.000000,0.00000,-0.00000,0.00000,0.00000,9.80665,0.000000,0.000000,0.000000,0,1,1,1,1,1,0,0,0,0
2026-09-21T05:58:52.737623+00:00,589581166,SIMULATED,36,1087044,DISARMED,0,-0.000000,0.00000,7.4000,0.0000,25.00,25.00,0.00000,0.00000,0,520,0,500,0,0,0,0,20,0,520,0,0,0,0,0,0,0,0,600,600,600,100,100,0.00000,0.00000,9.80665,0.000000,0.00000,-0.00000,0.00000,0.00000,9.80665,0.000000,0.000000,0.000000,0,1,1,1,1,1,0,0,0,0
2026-09-21T05:58:52.737658+00:00,589615833,SIMULATED,37,1089448,DISARMED,0,-0.000000,0.00000,7.4000,0.0000,25.00,25.00,0.00000,0.00000,0,520,0,500,0,0,0,0,20,0,520,0,0,0,0,0,0,0,0,600,600,600,100,100,0.00000,0.00000,9.80665,0.000000,0.00000,-0.00000,0.00000,0.00000,9.80665,0.000000,0.000000,0.000000,0,1,1,1,1,1,0,0,0,0
2026-09-21T05:58:52.737695+00:00,589652250,SIMULATED,38,1091852,DISARMED,0,-0.000000,0.00000,7.4000,0.0000,25.00,25.00,0.00000,0.00000,0,520,0,500,0,0,0,0,20,0,520,0,0,0,0,0,0,0,0,600,600,600,100,100,0.00000,0.00000,9.80665,0.000000,0.00000,-0.00000,0.00000,0.00000,9.80665,0.000000,0.000000,0.000000,0,1,1,1,1,1,0,0,0,0
2026-09-21T05:58:52.737733+00:00,589691000,SIMULATED,39,1094256,DISARMED,0,-0.000000,0.00000,7.4000,0.0000,25.00,25.00,0.00000,0.00000,0,520,0,500,0,0,0,0,20,0,520,0,0,0,0,0,0,0,0,600,600,600,100,100,0.00000,0.00000,9.80665,0.000000,0.00000,-0.00000,0.00000,0.00000,9.80665,0.000000,0.000000,0.000000,0,1,1,1,1,1,0,0,0,0
2026-09-21T05:58:52.737767+00:00,589724333,SIMULATED,40,1096660,DISARMED,0,-0.000000,0.00000,7.4000,0.0000,25.00,25.00,0.00000,0.00000,0,520,0,500,0,0,0,0,20,0,520,0,0,0,0,0,0,0,0,600,600,600,100,100,0.00000,0.00000,9.80665,0.000000,0.00000,-0.00000,0.00000,0.00000,9.80665,0.000000,0.000000,0.000000,0,1,1,1,1,1,0,0,0,0
2026-09-21T05:58:52.737801+00:00,589758333,SIMULATED,41,1099064,DISARMED,0,-0.000000,0.00000,7.4000,0.0000,25.00,25.00,0.00000,0.00000,0,520,0,500,0,0,0,0,20,0,520,0,0,0,0,0,0,0,0,600,600,600,100,100,0.00000,0.00000,9.80665,0.000000,0.00000,-0.00000,0.00000,0.00000,9.80665,0.000000,0.000000,0.000000,0,1,1,1,1,1,0,0,0,0
2026-09-21T05:58:52.737835+00:00,589792291,SIMULATED,42,1101468,DISARMED,0,-0.000000,0.00000,7.4000,0.0000,25.00,25.00,0.00000,0.00000,0,520,0,500,0,0,0,0,20,0,520,0,0,0,0,0,0,0,0,600,600,600,100,100,0.00000,0.00000,9.80665,0.000000,0.00000,-0.00000,0.00000,0.00000,9.80665,0.000000,0.000000,0.000000,0,1,1,1,1,1,0,0,0,0
2026-09-21T05:58:52.737872+00:00,589829333,SIMULATED,43,1103872,DISARMED,0,-0.000000,0.00000,7.4000,0.0000,25.00,25.00,0.00000,0.00000,0,520,0,500,0,0,0,0,20,0,520,0,0,0,0,0,0,0,0,600,600,600,100,100,0.00000,0.00000,9.80665,0.000000,0.00000,-0.00000,0.00000,0.00000,9.80665,0.000000,0.000000,0.000000,0,1,1,1,1,1,0,0,0,0
2026-09-21T05:58:52.737908+00:00,589865958,SIMULATED,44,1106276,DISARMED,0,-0.000000,0.00000,7.4000,0.0000,25.00,25.00,0.00000,0.00000,0,520,0,500,0,0,0,0,20,0,520,0,0,0,0,0,0,0,0,600,600,600,100,100,0.00000,0.00000,9.80665,0.000000,0.00000,-0.00000,0.00000,0.00000,9.80665,0.000000,0.000000,0.000000,0,1,1,1,1,1,0,0,0,0
2026-09-21T05:58:52.737944+00:00,589901875,SIMULATED,45,1108680,DISARMED,0,-0.000000,0.00000,7.4000,0.0000,25.00,25.00,0.00000,0.00000,0,520,0,500,0,0,0,0,20,0,520,0,0,0,0,0,0,0,0,600,600,600,100,100,0.00000,0.00000,9.80665,0.000000,0.00000,-0.00000,0.00000,0.00000,9.80665,0.000000,0.000000,0.000000,0,1,1,1,1,1,0,0,0,0
2026-09-21T05:58:52.737980+00:00,589937541,SIMULATED,46,1111084,DISARMED,0,-0.000000,0.00000,7.4000,0.0000,25.00,25.00,0.00000,0.00000,0,520,0,500,0,0,0,0,20,0,520,0,0,0,0,0,0,0,0,600,600,600,100,100,0.00000,0.00000,9.80665,0.000000,0.00000,-0.00000,0.00000,0.00000,9.80665,0.000000,0.000000,0.000000,0,1,1,1,1,1,0,0,0,0
2026-09-21T05:58:52.738014+00:00,589972166,SIMULATED,47,1113488,DISARMED,0,-0.000000,0.00000,7.4000,0.0000,25.00,25.00,0.00000,0.00000,0,520,0,500,0,0,0,0,20,0,520,0,0,0,0,0,0,0,0,600,600,600,100,100,0.00000,0.00000,9.80665,0.000000,0.00000,-0.00000,0.00000,0.00000,9.80665,0.000000,0.000000,0.000000,0,1,1,1,1,1,0,0,0,0
2026-09-21T05:58:52.738049+00:00,590006333,SIMULATED,48,1115892,DISARMED,0,-0.000000,0.00000,7.4000,0.0000,25.00,25.00,0.00000,0.00000,0,520,0,500,0,0,0,0,20,0,520,0,0,0,0,0,0,0,0,600,600,600,100,100,0.00000,0.00000,9.80665,0.000000,0.00000,-0.00000,0.00000,0.00000,9.80665,0.000000,0.000000,0.000000,0,1,1,1,1,1,0,0,0,0
2026-09-21T05:58:52.738085+00:00,590043166,SIMULATED,49,1118296,DISARMED,0,-0.000000,0.00000,7.4000,0.0000,25.00,25.00,0.00000,0.00000,0,520,0,500,0,0,0,0,20,0,520,0,0,0,0,0,0,0,0,600,600,600,100,100,0.00000,0.00000,9.80665,0.000000,0.00000,-0.00000,0.00000,0.00000,9.80665,0.000000,0.000000,0.000000,0,1,1,1,1,1,0,0,0,0
2026-09-21T05:58:52.738123+00:00,590080875,SIMULATED,50,1120700,DISARMED,0,-0.000000,0.00000,7.4000,0.0000,25.00,25.00,0.00000,0.00000,0,520,0,500,0,0,0,0,20,0,520,0,0,0,0,0,0,0,0,600,600,600,100,100,0.00000,0.00000,9.80665,0.000000,0.00000,-0.00000,0.00000,0.00000,9.80665,0.000000,0.000000,0.000000,0,1,1,1,1,1,0,0,0,0
2026-09-21T05:58:52.738159+00:00,590116916,SIMULATED,51,1123104,DISARMED,0,-0.000000,0.00000,7.4000,0.0000,25.00,25.00,0.00000,0.00000,0,520,0,500,0,0,0,0,20,0,520,0,0,0,0,0,0,0,0,600,600,600,100,100,0.00000,0.00000,9.80665,0.000000,0.00000,-0.00000,0.00000,0.00000,9.80665,0.000000,0.000000,0.000000,0,1,1,1,1,1,0,0,0,0
2026-09-21T05:58:52.738194+00:00,590151500,SIMULATED,52,1125508,DISARMED,0,-0.000000,0.00000,7.4000,0.0000,25.00,25.00,0.00000,0.00000,0,520,0,500,0,0,0,0,20,0,520,0,0,0,0,0,0,0,0,600,600,600,100,100,0.00000,0.00000,9.80665,0.000000,0.00000,-0.00000,0.00000,0.00000,9.80665,0.000000,0.000000,0.000000,0,1,1,1,1,1,0,0,0,0
2026-09-21T05:58:52.738228+00:00,590185875,SIMULATED,53,1127912,DISARMED,0,-0.000000,0.00000,7.4000,0.0000,25.00,25.00,0.00000,0.00000,0,520,0,500,0,0,0,0,20,0,520,0,0,0,0,0,0,0,0,600,600,600,100,100,0.00000,0.00000,9.80665,0.000000,0.00000,-0.00000,0.00000,0.00000,9.80665,0.000000,0.000000,0.000000,0,1,1,1,1,1,0,0,0,0
2026-09-21T05:58:52.738263+00:00,590220416,SIMULATED,54,1130316,DISARMED,0,-0.000000,0.00000,7.4000,0.0000,25.00,25.00,0.00000,0.00000,0,520,0,500,0,0,0,0,20,0,520,0,0,0,0,0,0,0,0,600,600,600,100,100,0.00000,0.00000,9.80665,0.000000,0.00000,-0.00000,0.00000,0.00000,9.80665,0.000000,0.000000,0.000000,0,1,1,1,1,1,0,0,0,0
2026-09-21T05:58:52.738297+00:00,590255208,SIMULATED,55,1132720,DISARMED,0,-0.000000,0.00000,7.4000,0.0000,25.00,25.00,0.00000,0.00000,0,520,0,500,0,0,0,0,20,0,520,0,0,0,0,0,0,0,0,600,600,600,100,100,0.00000,0.00000,9.80665,0.000000,0.00000,-0.00000,0.00000,0.00000,9.80665,0.000000,0.000000,0.000000,0,1,1,1,1,1,0,0,0,0
2026-09-21T05:58:52.738334+00:00,590291666,SIMULATED,56,1135124,DISARMED,0,-0.000000,0.00000,7.4000,0.0000,25.00,25.00,0.00000,0.00000,0,520,0,500,0,0,0,0,20,0,520,0,0,0,0,0,0,0,0,600,600,600,100,100,0.00000,0.00000,9.80665,0.000000,0.00000,-0.00000,0.00000,0.00000,9.80665,0.000000,0.000000,0.000000,0,1,1,1,1,1,0,0,0,0
2026-09-21T05:58:52.738373+00:00,590330958,SIMULATED,57,1137528,DISARMED,0,-0.000000,0.00000,7.4000,0.0000,25.00,25.00,0.00000,0.00000,0,520,0,500,0,0,0,0,20,0,520,0,0,0,0,0,0,0,0,600,600,600,100,100,0.00000,0.00000,9.80665,0.000000,0.00000,-0.00000,0.00000,0.00000,9.80665,0.000000,0.000000,0.000000,0,1,1,1,1,1,0,0,0,0
2026-09-21T05:58:52.738410+00:00,590367666,SIMULATED,58,1139932,DISARMED,0,-0.000000,0.00000,7.4000,0.0000,25.00,25.00,0.00000,0.00000,0,520,0,500,0,0,0,0,20,0,520,0,0,0,0,0,0,0,0,600,600,600,100,100,0.00000,0.00000,9.80665,0.000000,0.00000,-0.00000,0.00000,0.00000,9.80665,0.000000,0.000000,0.000000,0,1,1,1,1,1,0,0,0,0
2026-09-21T05:58:52.738446+00:00,590403708,SIMULATED,59,1142336,DISARMED,0,-0.000000,0.00000,7.4000,0.0000,25.00,25.00,0.00000,0.00000,0,520,0,500,0,0,0,0,20,0,520,0,0,0,0,0,0,0,0,600,600,600,100,100,0.00000,0.00000,9.80665,0.000000,0.00000,-0.00000,0.00000,0.00000,9.80665,0.000000,0.000000,0.000000,0,1,1,1,1,1,0,0,0,0
2026-09-21T05:58:52.738481+00:00,590438791,SIMULATED,60,1144740,DISARMED,0,-0.000000,0.00000,7.4000,0.0000,25.00,25.00,0.00000,0.00000,0,520,0,500,0,0,0,0,20,0,520,0,0,0,0,0,0,0,0,600,600,600,100,100,0.00000,0.00000,9.80665,0.000000,0.00000,-0.00000,0.00000,0.00000,9.80665,0.000000,0.000000,0.000000,0,1,1,1,1,1,0,0,0,0
2026-09-21T05:58:52.738516+00:00,590473666,SIMULATED,61,1147144,DISARMED,0,-0.000000,0.00000,7.4000,0.0000,25.00,25.00,0.00000,0.00000,0,520,0,500,0,0,0,0,20,0,520,0,0,0,0,0,0,0,0,600,600,600,100,100,0.00000,0.00000,9.80665,0.000000,0.00000,-0.00000,0.00000,0.00000,9.80665,0.000000,0.000000,0.000000,0,1,1,1,1,1,0,0,0,0
2026-09-21T05:58:52.738551+00:00,590508291,SIMULATED,62,1149548,DISARMED,0,-0.000000,0.00000,7.4000,0.0000,25.00,25.00,0.00000,0.00000,0,520,0,500,0,0,0,0,20,0,520,0,0,0,0,0,0,0,0,600,600,600,100,100,0.00000,0.00000,9.80665,0.000000,0.00000,-0.00000,0.00000,0.00000,9.80665,0.000000,0.000000,0.000000,0,1,1,1,1,1,0,0,0,0
2026-09-21T05:58:52.738588+00:00,590545833,SIMULATED,63,1151952,DISARMED,0,-0.000000,0.00000,7.4000,0.0000,25.00,25.00,0.00000,0.00000,0,520,0,500,0,0,0,0,20,0,520,0,0,0,0,0,0,0,0,600,600,600,100,100,0.00000,0.00000,9.80665,0.000000,0.00000,-0.00000,0.00000,0.00000,9.80665,0.000000,0.000000,0.000000,0,1,1,1,1,1,0,0,0,0
2026-09-21T05:58:52.738622+00:00,590580125,SIMULATED,64,1154356,DISARMED,0,-0.000000,0.00000,7.4000,0.0000,25.00,25.00,0.00000,0.00000,0,520,0,500,0,0,0,0,20,0,520,0,0,0,0,0,0,0,0,600,600,600,100,100,0.00000,0.00000,9.80665,0.000000,0.00000,-0.00000,0.00000,0.00000,9.80665,0.000000,0.000000,0.000000,0,1,1,1,1,1,0,0,0,0
2026-09-21T05:58:52.738657+00:00,590614500,SIMULATED,65,1156760,DISARMED,0,-0.000000,0.00000,7.4000,0.0000,25.00,25.00,0.00000,0.00000,0,520,0,500,0,0,0,0,20,0,520,0,0,0,0,0,0,0,0,600,600,600,100,100,0.00000,0.00000,9.80665,0.000000,0.00000,-0.00000,0.00000,0.00000,9.80665,0.000000,0.000000,0.000000,0,1,1,1,1,1,0,0,0,0
2026-09-21T05:58:52.738691+00:00,590648208,SIMULATED,66,1159164,DISARMED,0,-0.000000,0.00000,7.4000,0.0000,25.00,25.00,0.00000,0.00000,0,520,0,500,0,0,0,0,20,0,520,0,0,0,0,0,0,0,0,600,600,600,100,100,0.00000,0.00000,9.80665,0.000000,0.00000,-0.00000,0.00000,0.00000,9.80665,0.000000,0.000000,0.000000,0,1,1,1,1,1,0,0,0,0
2026-09-21T05:58:52.738724+00:00,590681958,SIMULATED,67,1161568,DISARMED,0,-0.000000,0.00000,7.4000,0.0000,25.00,25.00,0.00000,0.00000,0,520,0,500,0,0,0,0,20,0,520,0,0,0,0,0,0,0,0,600,600,600,100,100,0.00000,0.00000,9.80665,0.000000,0.00000,-0.00000,0.00000,0.00000,9.80665,0.000000,0.000000,0.000000,0,1,1,1,1,1,0,0,0,0
2026-09-21T05:58:52.738759+00:00,590716291,SIMULATED,68,1163972,DISARMED,0,-0.000000,0.00000,7.4000,0.0000,25.00,25.00,0.00000,0.00000,0,520,0,500,0,0,0,0,20,0,520,0,0,0,0,0,0,0,0,600,600,600,100,100,0.00000,0.00000,9.80665,0.000000,0.00000,-0.00000,0.00000,0.00000,9.80665,0.000000,0.000000,0.000000,0,1,1,1,1,1,0,0,0,0
2026-09-21T05:58:52.738796+00:00,590754000,SIMULATED,69,1166376,DISARMED,0,-0.000000,0.00000,7.4000,0.0000,25.00,25.00,0.00000,0.00000,0,520,0,500,0,0,0,0,20,0,520,0,0,0,0,0,0,0,0,600,600,600,100,100,0.00000,0.00000,9.80665,0.000000,0.00000,-0.00000,0.00000,0.00000,9.80665,0.000000,0.000000,0.000000,0,1,1,1,1,1,0,0,0,0
2026-09-21T05:58:52.738830+00:00,590788083,SIMULATED,70,1168780,DISARMED,0,-0.000000,0.00000,7.4000,0.0000,25.00,25.00,0.00000,0.00000,0,520,0,500,0,0,0,0,20,0,520,0,0,0,0,0,0,0,0,600,600,600,100,100,0.00000,0.00000,9.80665,0.000000,0.00000,-0.00000,0.00000,0.00000,9.80665,0.000000,0.000000,0.000000,0,1,1,1,1,1,0,0,0,0
2026-09-21T05:58:52.738864+00:00,590822000,SIMULATED,71,1171184,DISARMED,0,-0.000000,0.00000,7.4000,0.0000,25.00,25.00,0.00000,0.00000,0,520,0,500,0,0,0,0,20,0,520,0,0,0,0,0,0,0,0,600,600,600,100,100,0.00000,0.00000,9.80665,0.000000,0.00000,-0.00000,0.00000,0.00000,9.80665,0.000000,0.000000,0.000000,0,1,1,1,1,1,0,0,0,0
2026-09-21T05:58:52.738899+00:00,590856333,SIMULATED,72,1173588,DISARMED,0,-0.000000,0.00000,7.4000,0.0000,25.00,25.00,0.00000,0.00000,0,520,0,500,0,0,0,0,20,0,520,0,0,0,0,0,0,0,0,600,600,600,100,100,0.00000,0.00000,9.80665,0.000000,0.00000,-0.00000,0.00000,0.00000,9.80665,0.000000,0.000000,0.000000,0,1,1,1,1,1,0,0,0,0
2026-09-21T05:58:52.738933+00:00,590890250,SIMULATED,73,1175992,DISARMED,0,-0.000000,0.00000,7.4000,0.0000,25.00,25.00,0.00000,0.00000,0,520,0,500,0,0,0,0,20,0,520,0,0,0,0,0,0,0,0,600,600,600,100,100,0.00000,0.00000,9.80665,0.000000,0.00000,-0.00000,0.00000,0.00000,9.80665,0.000000,0.000000,0.000000,0,1,1,1,1,1,0,0,0,0
2026-09-21T05:58:52.738967+00:00,590924500,SIMULATED,74,1178396,DISARMED,0,-0.000000,0.00000,7.4000,0.0000,25.00,25.00,0.00000,0.00000,0,520,0,500,0,0,0,0,20,0,520,0,0,0,0,0,0,0,0,600,600,600,100,100,0.00000,0.00000,9.80665,0.000000,0.00000,-0.00000,0.00000,0.00000,9.80665,0.000000,0.000000,0.000000,0,1,1,1,1,1,0,0,0,0
2026-09-21T05:58:52.739001+00:00,590958458,SIMULATED,75,1180800,DISARMED,0,-0.000000,0.00000,7.4000,0.0000,25.00,25.00,0.00000,0.00000,0,520,0,500,0,0,0,0,20,0,520,0,0,0,0,0,0,0,0,600,600,600,100,100,0.00000,0.00000,9.80665,0.000000,0.00000,-0.00000,0.00000,0.00000,9.80665,0.000000,0.000000,0.000000,0,1,1,1,1,1,0,0,0,0
2026-09-21T05:58:52.739035+00:00,590993166,SIMULATED,76,1183204,DISARMED,0,-0.000000,0.00000,7.4000,0.0000,25.00,25.00,0.00000,0.00000,0,520,0,500,0,0,0,0,20,0,520,0,0,0,0,0,0,0,0,600,600,600,100,100,0.00000,0.00000,9.80665,0.000000,0.00000,-0.00000,0.00000,0.00000,9.80665,0.000000,0.000000,0.000000,0,1,1,1,1,1,0,0,0,0
2026-09-21T05:58:52.739069+00:00,591026875,SIMULATED,77,1185608,DISARMED,0,-0.000000,0.00000,7.4000,0.0000,25.00,25.00,0.00000,0.00000,0,520,0,500,0,0,0,0,20,0,520,0,0,0,0,0,0,0,0,600,600,600,100,100,0.00000,0.00000,9.80665,0.000000,0.00000,-0.00000,0.00000,0.00000,9.80665,0.000000,0.000000,0.000000,0,1,1,1,1,1,0,0,0,0
2026-09-21T05:58:52.739103+00:00,591061166,SIMULATED,78,1188012,DISARMED,0,-0.000000,0.00000,7.4000,0.0000,25.00,25.00,0.00000,0.00000,0,520,0,500,0,0,0,0,20,0,520,0,0,0,0,0,0,0,0,600,600,600,100,100,0.00000,0.00000,9.80665,0.000000,0.00000,-0.00000,0.00000,0.00000,9.80665,0.000000,0.000000,0.000000,0,1,1,1,1,1,0,0,0,0
2026-09-21T05:58:52.739141+00:00,591099083,SIMULATED,79,1190416,DISARMED,0,-0.000000,0.00000,7.4000,0.0000,25.00,25.00,0.00000,0.00000,0,520,0,500,0,0,0,0,20,0,520,0,0,0,0,0,0,0,0,600,600,600,100,100,0.00000,0.00000,9.80665,0.000000,0.00000,-0.00000,0.00000,0.00000,9.80665,0.000000,0.000000,0.000000,0,1,1,1,1,1,0,0,0,0
2026-09-21T05:58:52.739175+00:00,591132833,SIMULATED,80,1192820,DISARMED,0,-0.000000,0.00000,7.4000,0.0000,25.00,25.00,0.00000,0.00000,0,520,0,500,0,0,0,0,20,0,520,0,0,0,0,0,0,0,0,600,600,600,100,100,0.00000,0.00000,9.80665,0.000000,0.00000,-0.00000,0.00000,0.00000,9.80665,0.000000,0.000000,0.000000,0,1,1,1,1,1,0,0,0,0
2026-09-21T05:58:52.739210+00:00,591167833,SIMULATED,81,1195224,DISARMED,0,-0.000000,0.00000,7.4000,0.0000,25.00,25.00,0.00000,0.00000,0,520,0,500,0,0,0,0,20,0,520,0,0,0,0,0,0,0,0,600,600,600,100,100,0.00000,0.00000,9.80665,0.000000,0.00000,-0.00000,0.00000,0.00000,9.80665,0.000000,0.000000,0.000000,0,1,1,1,1,1,0,0,0,0
2026-09-21T05:58:52.739244+00:00,591201625,SIMULATED,82,1197628,DISARMED,0,-0.000000,0.00000,7.4000,0.0000,25.00,25.00,0.00000,0.00000,0,520,0,500,0,0,0,0,20,0,520,0,0,0,0,0,0,0,0,600,600,600,100,100,0.00000,0.00000,9.80665,0.000000,0.00000,-0.00000,0.00000,0.00000,9.80665,0.000000,0.000000,0.000000,0,1,1,1,1,1,0,0,0,0
2026-09-21T05:58:52.739278+00:00,591235625,SIMULATED,83,1200032,DISARMED,0,-0.000000,0.00000,7.4000,0.0000,25.00,25.00,0.00000,0.00000,0,520,0,500,0,0,0,0,20,0,520,0,0,0,0,0,0,0,0,600,600,600,100,100,0.00000,0.00000,9.80665,0.000000,0.00000,-0.00000,0.00000,0.00000,9.80665,0.000000,0.000000,0.000000,0,1,1,1,1,1,0,0,0,0
2026-09-21T05:58:52.739312+00:00,591269541,SIMULATED,84,1202436,DISARMED,0,-0.000000,0.00000,7.4000,0.0000,25.00,25.00,0.00000,0.00000,0,520,0,500,0,0,0,0,20,0,520,0,0,0,0,0,0,0,0,600,600,600,100,100,0.00000,0.00000,9.80665,0.000000,0.00000,-0.00000,0.00000,0.00000,9.80665,0.000000,0.000000,0.000000,0,1,1,1,1,1,0,0,0,0
2026-09-21T05:58:52.739346+00:00,591303791,SIMULATED,85,1204840,DISARMED,0,-0.000000,0.00000,7.4000,0.0000,25.00,25.00,0.00000,0.00000,0,520,0,500,0,0,0,0,20,0,520,0,0,0,0,0,0,0,0,600,600,600,100,100,0.00000,0.00000,9.80665,0.000000,0.00000,-0.00000,0.00000,0.00000,9.80665,0.000000,0.000000,0.000000,0,1,1,1,1,1,0,0,0,0
2026-09-21T05:58:52.739380+00:00,591338041,SIMULATED,86,1207244,DISARMED,0,-0.000000,0.00000,7.4000,0.0000,25.00,25.00,0.00000,0.00000,0,520,0,500,0,0,0,0,20,0,520,0,0,0,0,0,0,0,0,600,600,600,100,100,0.00000,0.00000,9.80665,0.000000,0.00000,-0.00000,0.00000,0.00000,9.80665,0.000000,0.000000,0.000000,0,1,1,1,1,1,0,0,0,0
2026-09-21T05:58:52.739419+00:00,591377166,SIMULATED,87,1209648,DISARMED,0,-0.000000,0.00000,7.4000,0.0000,25.00,25.00,0.00000,0.00000,0,520,0,500,0,0,0,0,20,0,520,0,0,0,0,0,0,0,0,600,600,600,100,100,0.00000,0.00000,9.80665,0.000000,0.00000,-0.00000,0.00000,0.00000,9.80665,0.000000,0.000000,0.000000,0,1,1,1,1,1,0,0,0,0
2026-09-21T05:58:52.739457+00:00,591414291,SIMULATED,88,1212052,DISARMED,0,-0.000000,0.00000,7.4000,0.0000,25.00,25.00,0.00000,0.00000,0,520,0,500,0,0,0,0,20,0,520,0,0,0,0,0,0,0,0,600,600,600,100,100,0.00000,0.00000,9.80665,0.000000,0.00000,-0.00000,0.00000,0.00000,9.80665,0.000000,0.000000,0.000000,0,1,1,1,1,1,0,0,0,0
2026-09-21T05:58:52.739495+00:00,591452833,SIMULATED,89,1214456,DISARMED,0,-0.000000,0.00000,7.4000,0.0000,25.00,25.00,0.00000,0.00000,0,520,0,500,0,0,0,0,20,0,520,0,0,0,0,0,0,0,0,600,600,600,100,100,0.00000,0.00000,9.80665,0.000000,0.00000,-0.00000,0.00000,0.00000,9.80665,0.000000,0.000000,0.000000,0,1,1,1,1,1,0,0,0,0
2026-09-21T05:58:52.739530+00:00,591487500,SIMULATED,90,1216860,DISARMED,0,-0.000000,0.00000,7.4000,0.0000,25.00,25.00,0.00000,0.00000,0,520,0,500,0,0,0,0,20,0,520,0,0,0,0,0,0,0,0,600,600,600,100,100,0.00000,0.00000,9.80665,0.000000,0.00000,-0.00000,0.00000,0.00000,9.80665,0.000000,0.000000,0.000000,0,1,1,1,1,1,0,0,0,0
2026-09-21T05:58:52.739564+00:00,591521916,SIMULATED,91,1219264,DISARMED,0,-0.000000,0.00000,7.4000,0.0000,25.00,25.00,0.00000,0.00000,0,520,0,500,0,0,0,0,20,0,520,0,0,0,0,0,0,0,0,600,600,600,100,100,0.00000,0.00000,9.80665,0.000000,0.00000,-0.00000,0.00000,0.00000,9.80665,0.000000,0.000000,0.000000,0,1,1,1,1,1,0,0,0,0
2026-09-21T05:58:52.739598+00:00,591556125,SIMULATED,92,1221668,DISARMED,0,-0.000000,0.00000,7.4000,0.0000,25.00,25.00,0.00000,0.00000,0,520,0,500,0,0,0,0,20,0,520,0,0,0,0,0,0,0,0,600,600,600,100,100,0.00000,0.00000,9.80665,0.000000,0.00000,-0.00000,0.00000,0.00000,9.80665,0.000000,0.000000,0.000000,0,1,1,1,1,1,0,0,0,0
2026-09-21T05:58:52.739635+00:00,591592541,SIMULATED,93,1224072,DISARMED,0,-0.000000,0.00000,7.4000,0.0000,25.00,25.00,0.00000,0.00000,0,520,0,500,0,0,0,0,20,0,520,0,0,0,0,0,0,0,0,600,600,600,100,100,0.00000,0.00000,9.80665,0.000000,0.00000,-0.00000,0.00000,0.00000,9.80665,0.000000,0.000000,0.000000,0,1,1,1,1,1,0,0,0,0
2026-09-21T05:58:52.739672+00:00,591629500,SIMULATED,94,1226476,DISARMED,0,-0.000000,0.00000,7.4000,0.0000,25.00,25.00,0.00000,0.00000,0,520,0,500,0,0,0,0,20,0,520,0,0,0,0,0,0,0,0,600,600,600,100,100,0.00000,0.00000,9.80665,0.000000,0.00000,-0.00000,0.00000,0.00000,9.80665,0.000000,0.000000,0.000000,0,1,1,1,1,1,0,0,0,0
2026-09-21T05:58:52.739707+00:00,591664333,SIMULATED,95,1228880,DISARMED,0,-0.000000,0.00000,7.4000,0.0000,25.00,25.00,0.00000,0.00000,0,520,0,500,0,0,0,0,20,0,520,0,0,0,0,0,0,0,0,600,600,600,100,100,0.00000,0.00000,9.80665,0.000000,0.00000,-0.00000,0.00000,0.00000,9.80665,0.000000,0.000000,0.000000,0,1,1,1,1,1,0,0,0,0
2026-09-21T05:58:52.739741+00:00,591698750,SIMULATED,96,1231284,DISARMED,0,-0.000000,0.00000,7.4000,0.0000,25.00,25.00,0.00000,0.00000,0,520,0,500,0,0,0,0,20,0,520,0,0,0,0,0,0,0,0,600,600,600,100,100,0.00000,0.00000,9.80665,0.000000,0.00000,-0.00000,0.00000,0.00000,9.80665,0.000000,0.000000,0.000000,0,1,1,1,1,1,0,0,0,0
2026-09-21T05:58:52.739775+00:00,591732458,SIMULATED,97,1233688,DISARMED,0,-0.000000,0.00000,7.4000,0.0000,25.00,25.00,0.00000,0.00000,0,520,0,500,0,0,0,0,20,0,520,0,0,0,0,0,0,0,0,600,600,600,100,100,0.00000,0.00000,9.80665,0.000000,0.00000,-0.00000,0.00000,0.00000,9.80665,0.000000,0.000000,0.000000,0,1,1,1,1,1,0,0,0,0
2026-09-21T05:58:52.739809+00:00,591766708,SIMULATED,98,1236092,DISARMED,0,-0.000000,0.00000,7.4000,0.0000,25.00,25.00,0.00000,0.00000,0,520,0,500,0,0,0,0,20,0,520,0,0,0,0,0,0,0,0,600,600,600,100,100,0.00000,0.00000,9.80665,0.000000,0.00000,-0.00000,0.00000,0.00000,9.80665,0.000000,0.000000,0.000000,0,1,1,1,1,1,0,0,0,0
2026-09-21T05:58:52.739846+00:00,591803958,SIMULATED,99,1238496,DISARMED,0,-0.000000,0.00000,7.4000,0.0000,25.00,25.00,0.00000,0.00000,0,520,0,500,0,0,0,0,20,0,520,0,0,0,0,0,0,0,0,600,600,600,100,100,0.00000,0.00000,9.80665,0.000000,0.00000,-0.00000,0.00000,0.00000,9.80665,0.000000,0.000000,0.000000,0,1,1,1,1,1,0,0,0,0
2026-09-21T05:58:52.739881+00:00,591838583,SIMULATED,100,1240900,DISARMED,0,-0.000000,0.00000,7.4000,0.0000,25.00,25.00,0.00000,0.00000,0,520,0,500,0,0,0,0,20,0,520,0,0,0,0,0,0,0,0,600,600,600,100,100,0.00000,0.00000,9.80665,0.000000,0.00000,-0.00000,0.00000,0.00000,9.80665,0.000000,0.000000,0.000000,0,1,1,1,1,1,0,0,0,0
2026-09-21T05:58:52.739919+00:00,591876583,SIMULATED,101,1243304,DISARMED,0,-0.000000,0.00000,7.4000,0.0000,25.00,25.00,0.00000,0.00000,0,520,0,500,0,0,0,0,20,0,520,0,0,0,0,0,0,0,0,600,600,600,100,100,0.00000,0.00000,9.80665,0.000000,0.00000,-0.00000,0.00000,0.00000,9.80665,0.000000,0.000000,0.000000,0,1,1,1,1,1,0,0,0,0
2026-09-21T05:58:52.739953+00:00,591910833,SIMULATED,102,1245708,DISARMED,0,-0.000000,0.00000,7.4000,0.0000,25.00,25.00,0.00000,0.00000,0,520,0,500,0,0,0,0,20,0,520,0,0,0,0,0,0,0,0,600,600,600,100,100,0.00000,0.00000,9.80665,0.000000,0.00000,-0.00000,0.00000,0.00000,9.80665,0.000000,0.000000,0.000000,0,1,1,1,1,1,0,0,0,0
2026-09-21T05:58:52.739986+00:00,591944125,SIMULATED,103,1248112,DISARMED,0,-0.000000,0.00000,7.4000,0.0000,25.00,25.00,0.00000,0.00000,0,520,0,500,0,0,0,0,20,0,520,0,0,0,0,0,0,0,0,600,600,600,100,100,0.00000,0.00000,9.80665,0.000000,0.00000,-0.00000,0.00000,0.00000,9.80665,0.000000,0.000000,0.000000,0,1,1,1,1,1,0,0,0,0
2026-09-21T05:58:52.740019+00:00,591977083,SIMULATED,104,1250516,DISARMED,0,-0.000000,0.00000,7.4000,0.0000,25.00,25.00,0.00000,0.00000,0,520,0,500,0,0,0,0,20,0,520,0,0,0,0,0,0,0,0,600,600,600,100,100,0.00000,0.00000,9.80665,0.000000,0.00000,-0.00000,0.00000,0.00000,9.80665,0.000000,0.000000,0.000000,0,1,1,1,1,1,0,0,0,0
2026-09-21T05:58:52.740054+00:00,592011916,SIMULATED,105,1252920,DISARMED,0,-0.000000,0.00000,7.4000,0.0000,25.00,25.00,0.00000,0.00000,0,520,0,500,0,0,0,0,20,0,520,0,0,0,0,0,0,0,0,600,600,600,100,100,0.00000,0.00000,9.80665,0.000000,0.00000,-0.00000,0.00000,0.00000,9.80665,0.000000,0.000000,0.000000,0,1,1,1,1,1,0,0,0,0
2026-09-21T05:58:52.740089+00:00,592046500,SIMULATED,106,1255324,DISARMED,0,-0.000000,0.00000,7.4000,0.0000,25.00,25.00,0.00000,0.00000,0,520,0,500,0,0,0,0,20,0,520,0,0,0,0,0,0,0,0,600,600,600,100,100,0.00000,0.00000,9.80665,0.000000,0.00000,-0.00000,0.00000,0.00000,9.80665,0.000000,0.000000,0.000000,0,1,1,1,1,1,0,0,0,0
2026-09-21T05:58:52.740124+00:00,592081375,SIMULATED,107,1257728,DISARMED,0,-0.000000,0.00000,7.4000,0.0000,25.00,25.00,0.00000,0.00000,0,520,0,500,0,0,0,0,20,0,520,0,0,0,0,0,0,0,0,600,600,600,100,100,0.00000,0.00000,9.80665,0.000000,0.00000,-0.00000,0.00000,0.00000,9.80665,0.000000,0.000000,0.000000,0,1,1,1,1,1,0,0,0,0
2026-09-21T05:58:52.740158+00:00,592115875,SIMULATED,108,1260132,DISARMED,0,-0.000000,0.00000,7.4000,0.0000,25.00,25.00,0.00000,0.00000,0,520,0,500,0,0,0,0,20,0,520,0,0,0,0,0,0,0,0,600,600,600,100,100,0.00000,0.00000,9.80665,0.000000,0.00000,-0.00000,0.00000,0.00000,9.80665,0.000000,0.000000,0.000000,0,1,1,1,1,1,0,0,0,0
2026-09-21T05:58:52.740195+00:00,592152416,SIMULATED,109,1262536,DISARMED,0,-0.000000,0.00000,7.4000,0.0000,25.00,25.00,0.00000,0.00000,0,520,0,500,0,0,0,0,20,0,520,0,0,0,0,0,0,0,0,600,600,600,100,100,0.00000,0.00000,9.80665,0.000000,0.00000,-0.00000,0.00000,0.00000,9.80665,0.000000,0.000000,0.000000,0,1,1,1,1,1,0,0,0,0
2026-09-21T05:58:52.740230+00:00,592188208,SIMULATED,110,1264940,DISARMED,0,-0.000000,0.00000,7.4000,0.0000,25.00,25.00,0.00000,0.00000,0,520,0,500,0,0,0,0,20,0,520,0,0,0,0,0,0,0,0,600,600,600,100,100,0.00000,0.00000,9.80665,0.000000,0.00000,-0.00000,0.00000,0.00000,9.80665,0.000000,0.000000,0.000000,0,1,1,1,1,1,0,0,0,0
2026-09-21T05:58:52.740267+00:00,592224750,SIMULATED,111,1267344,DISARMED,0,-0.000000,0.00000,7.4000,0.0000,25.00,25.00,0.00000,0.00000,0,520,0,500,0,0,0,0,20,0,520,0,0,0,0,0,0,0,0,600,600,600,100,100,0.00000,0.00000,9.80665,0.000000,0.00000,-0.00000,0.00000,0.00000,9.80665,0.000000,0.000000,0.000000,0,1,1,1,1,1,0,0,0,0
2026-09-21T05:58:52.740302+00:00,592259541,SIMULATED,112,1269748,DISARMED,0,-0.000000,0.00000,7.4000,0.0000,25.00,25.00,0.00000,0.00000,0,520,0,500,0,0,0,0,20,0,520,0,0,0,0,0,0,0,0,600,600,600,100,100,0.00000,0.00000,9.80665,0.000000,0.00000,-0.00000,0.00000,0.00000,9.80665,0.000000,0.000000,0.000000,0,1,1,1,1,1,0,0,0,0
2026-09-21T05:58:52.740336+00:00,592293416,SIMULATED,113,1272152,DISARMED,0,-0.000000,0.00000,7.4000,0.0000,25.00,25.00,0.00000,0.00000,0,520,0,500,0,0,0,0,20,0,520,0,0,0,0,0,0,0,0,600,600,600,100,100,0.00000,0.00000,9.80665,0.000000,0.00000,-0.00000,0.00000,0.00000,9.80665,0.000000,0.000000,0.000000,0,1,1,1,1,1,0,0,0,0
2026-09-21T05:58:52.740371+00:00,592329041,SIMULATED,114,1274556,DISARMED,0,-0.000000,0.00000,7.4000,0.0000,25.00,25.00,0.00000,0.00000,0,520,0,500,0,0,0,0,20,0,520,0,0,0,0,0,0,0,0,600,600,600,100,100,0.00000,0.00000,9.80665,0.000000,0.00000,-0.00000,0.00000,0.00000,9.80665,0.000000,0.000000,0.000000,0,1,1,1,1,1,0,0,0,0
2026-09-21T05:58:52.740405+00:00,592362833,SIMULATED,115,1276960,DISARMED,0,-0.000000,0.00000,7.4000,0.0000,25.00,25.00,0.00000,0.00000,0,520,0,500,0,0,0,0,20,0,520,0,0,0,0,0,0,0,0,600,600,600,100,100,0.00000,0.00000,9.80665,0.000000,0.00000,-0.00000,0.00000,0.00000,9.80665,0.000000,0.000000,0.000000,0,1,1,1,1,1,0,0,0,0
2026-09-21T05:58:52.740439+00:00,592397041,SIMULATED,116,1279364,DISARMED,0,-0.000000,0.00000,7.4000,0.0000,25.00,25.00,0.00000,0.00000,0,520,0,500,0,0,0,0,20,0,520,0,0,0,0,0,0,0,0,600,600,600,100,100,0.00000,0.00000,9.80665,0.000000,0.00000,-0.00000,0.00000,0.00000,9.80665,0.000000,0.000000,0.000000,0,1,1,1,1,1,0,0,0,0
2026-09-21T05:58:52.740478+00:00,592436291,SIMULATED,117,1281768,DISARMED,0,-0.000000,0.00000,7.4000,0.0000,25.00,25.00,0.00000,0.00000,0,520,0,500,0,0,0,0,20,0,520,0,0,0,0,0,0,0,0,600,600,600,100,100,0.00000,0.00000,9.80665,0.000000,0.00000,-0.00000,0.00000,0.00000,9.80665,0.000000,0.000000,0.000000,0,1,1,1,1,1,0,0,0,0
2026-09-21T05:58:52.740516+00:00,592473875,SIMULATED,118,1284172,DISARMED,0,-0.000000,0.00000,7.4000,0.0000,25.00,25.00,0.00000,0.00000,0,520,0,500,0,0,0,0,20,0,520,0,0,0,0,0,0,0,0,600,600,600,100,100,0.00000,0.00000,9.80665,0.000000,0.00000,-0.00000,0.00000,0.00000,9.80665,0.000000,0.000000,0.000000,0,1,1,1,1,1,0,0,0,0
2026-09-21T05:58:52.740553+00:00,592510583,SIMULATED,119,1286576,DISARMED,0,-0.000000,0.00000,7.4000,0.0000,25.00,25.00,0.00000,0.00000,0,520,0,500,0,0,0,0,20,0,520,0,0,0,0,0,0,0,0,600,600,600,100,100,0.00000,0.00000,9.80665,0.000000,0.00000,-0.00000,0.00000,0.00000,9.80665,0.000000,0.000000,0.000000,0,1,1,1,1,1,0,0,0,0
2026-09-21T05:58:52.740587+00:00,592544333,SIMULATED,120,1288980,DISARMED,0,-0.000000,0.00000,7.4000,0.0000,25.00,25.00,0.00000,0.00000,0,520,0,500,0,0,0,0,20,0,520,0,0,0,0,0,0,0,0,600,600,600,100,100,0.00000,0.00000,9.80665,0.000000,0.00000,-0.00000,0.00000,0.00000,9.80665,0.000000,0.000000,0.000000,0,1,1,1,1,1,0,0,0,0
2026-09-21T05:58:52.740621+00:00,592578333,SIMULATED,121,1291384,DISARMED,0,-0.000000,0.00000,7.4000,0.0000,25.00,25.00,0.00000,0.00000,0,520,0,500,0,0,0,0,20,0,520,0,0,0,0,0,0,0,0,600,600,600,100,100,0.00000,0.00000,9.80665,0.000000,0.00000,-0.00000,0.00000,0.00000,9.80665,0.000000,0.000000,0.000000,0,1,1,1,1,1,0,0,0,0
2026-09-21T05:58:52.740655+00:00,592612250,SIMULATED,122,1293788,DISARMED,0,-0.000000,0.00000,7.4000,0.0000,25.00,25.00,0.00000,0.00000,0,520,0,500,0,0,0,0,20,0,520,0,0,0,0,0,0,0,0,600,600,600,100,100,0.00000,0.00000,9.80665,0.000000,0.00000,-0.00000,0.00000,0.00000,9.80665,0.000000,0.000000,0.000000,0,1,1,1,1,1,0,0,0,0
2026-09-21T05:58:52.740689+00:00,592647250,SIMULATED,123,1296192,DISARMED,0,-0.000000,0.00000,7.4000,0.0000,25.00,25.00,0.00000,0.00000,0,520,0,500,0,0,0,0,20,0,520,0,0,0,0,0,0,0,0,600,600,600,100,100,0.00000,0.00000,9.80665,0.000000,0.00000,-0.00000,0.00000,0.00000,9.80665,0.000000,0.000000,0.000000,0,1,1,1,1,1,0,0,0,0
2026-09-21T05:58:52.740723+00:00,592681000,SIMULATED,124,1298596,DISARMED,0,-0.000000,0.00000,7.4000,0.0000,25.00,25.00,0.00000,0.00000,0,520,0,500,0,0,0,0,20,0,520,0,0,0,0,0,0,0,0,600,600,600,100,100,0.00000,0.00000,9.80665,0.000000,0.00000,-0.00000,0.00000,0.00000,9.80665,0.000000,0.000000,0.000000,0,1,1,1,1,1,0,0,0,0
2026-09-21T05:58:52.740758+00:00,592715791,SIMULATED,125,1301000,DISARMED,0,-0.000000,0.00000,7.4000,0.0000,25.00,25.00,0.00000,0.00000,0,520,0,500,0,0,0,0,20,0,520,0,0,0,0,0,0,0,0,600,600,600,100,100,0.00000,0.00000,9.80665,0.000000,0.00000,-0.00000,0.00000,0.00000,9.80665,0.000000,0.000000,0.000000,0,1,1,1,1,1,0,0,0,0
2026-09-21T05:58:52.740792+00:00,592749750,SIMULATED,126,1303404,DISARMED,0,-0.000000,0.00000,7.4000,0.0000,25.00,25.00,0.00000,0.00000,0,520,0,500,0,0,0,0,20,0,520,0,0,0,0,0,0,0,0,600,600,600,100,100,0.00000,0.00000,9.80665,0.000000,0.00000,-0.00000,0.00000,0.00000,9.80665,0.000000,0.000000,0.000000,0,1,1,1,1,1,0,0,0,0
2026-09-21T05:58:52.740828+00:00,592785458,SIMULATED,127,1305808,DISARMED,0,-0.000000,0.00000,7.4000,0.0000,25.00,25.00,0.00000,0.00000,0,520,0,500,0,0,0,0,20,0,520,0,0,0,0,0,0,0,0,600,600,600,100,100,0.00000,0.00000,9.80665,0.000000,0.00000,-0.00000,0.00000,0.00000,9.80665,0.000000,0.000000,0.000000,0,1,1,1,1,1,0,0,0,0
2026-09-21T05:58:52.740861+00:00,592819041,SIMULATED,128,1308212,DISARMED,0,-0.000000,0.00000,7.4000,0.0000,25.00,25.00,0.00000,0.00000,0,520,0,500,0,0,0,0,20,0,520,0,0,0,0,0,0,0,0,600,600,600,100,100,0.00000,0.00000,9.80665,0.000000,0.00000,-0.00000,0.00000,0.00000,9.80665,0.000000,0.000000,0.000000,0,1,1,1,1,1,0,0,0,0
2026-09-21T05:58:52.740898+00:00,592856208,SIMULATED,129,1310616,DISARMED,0,-0.000000,0.00000,7.4000,0.0000,25.00,25.00,0.00000,0.00000,0,520,0,500,0,0,0,0,20,0,520,0,0,0,0,0,0,0,0,600,600,600,100,100,0.00000,0.00000,9.80665,0.000000,0.00000,-0.00000,0.00000,0.00000,9.80665,0.000000,0.000000,0.000000,0,1,1,1,1,1,0,0,0,0
2026-09-21T05:58:52.740934+00:00,592891458,SIMULATED,130,1313020,DISARMED,0,-0.000000,0.00000,7.4000,0.0000,25.00,25.00,0.00000,0.00000,0,520,0,500,0,0,0,0,20,0,520,0,0,0,0,0,0,0,0,600,600,600,100,100,0.00000,0.00000,9.80665,0.000000,0.00000,-0.00000,0.00000,0.00000,9.80665,0.000000,0.000000,0.000000,0,1,1,1,1,1,0,0,0,0
2026-09-21T05:58:52.740968+00:00,592925458,SIMULATED,131,1315424,DISARMED,0,-0.000000,0.00000,7.4000,0.0000,25.00,25.00,0.00000,0.00000,0,520,0,500,0,0,0,0,20,0,520,0,0,0,0,0,0,0,0,600,600,600,100,100,0.00000,0.00000,9.80665,0.000000,0.00000,-0.00000,0.00000,0.00000,9.80665,0.000000,0.000000,0.000000,0,1,1,1,1,1,0,0,0,0
2026-09-21T05:58:52.741001+00:00,592958500,SIMULATED,132,1317828,DISARMED,0,-0.000000,0.00000,7.4000,0.0000,25.00,25.00,0.00000,0.00000,0,520,0,500,0,0,0,0,20,0,520,0,0,0,0,0,0,0,0,600,600,600,100,100,0.00000,0.00000,9.80665,0.000000,0.00000,-0.00000,0.00000,0.00000,9.80665,0.000000,0.000000,0.000000,0,1,1,1,1,1,0,0,0,0
2026-09-21T05:58:52.741034+00:00,592992041,SIMULATED,133,1320232,DISARMED,0,-0.000000,0.00000,7.4000,0.0000,25.00,25.00,0.00000,0.00000,0,520,0,500,0,0,0,0,20,0,520,0,0,0,0,0,0,0,0,600,600,600,100,100,0.00000,0.00000,9.80665,0.000000,0.00000,-0.00000,0.00000,0.00000,9.80665,0.000000,0.000000,0.000000,0,1,1,1,1,1,0,0,0,0
2026-09-21T05:58:52.741068+00:00,593025833,SIMULATED,134,1322636,DISARMED,0,-0.000000,0.00000,7.4000,0.0000,25.00,25.00,0.00000,0.00000,0,520,0,500,0,0,0,0,20,0,520,0,0,0,0,0,0,0,0,600,600,600,100,100,0.00000,0.00000,9.80665,0.000000,0.00000,-0.00000,0.00000,0.00000,9.80665,0.000000,0.000000,0.000000,0,1,1,1,1,1,0,0,0,0
2026-09-21T05:58:52.741103+00:00,593060833,SIMULATED,135,1325040,DISARMED,0,-0.000000,0.00000,7.4000,0.0000,25.00,25.00,0.00000,0.00000,0,520,0,500,0,0,0,0,20,0,520,0,0,0,0,0,0,0,0,600,600,600,100,100,0.00000,0.00000,9.80665,0.000000,0.00000,-0.00000,0.00000,0.00000,9.80665,0.000000,0.000000,0.000000,0,1,1,1,1,1,0,0,0,0
2026-09-21T05:58:52.741137+00:00,593094875,SIMULATED,136,1327444,DISARMED,0,-0.000000,0.00000,7.4000,0.0000,25.00,25.00,0.00000,0.00000,0,520,0,500,0,0,0,0,20,0,520,0,0,0,0,0,0,0,0,600,600,600,100,100,0.00000,0.00000,9.80665,0.000000,0.00000,-0.00000,0.00000,0.00000,9.80665,0.000000,0.000000,0.000000,0,1,1,1,1,1,0,0,0,0
2026-09-21T05:58:52.741171+00:00,593128541,SIMULATED,137,1329848,DISARMED,0,-0.000000,0.00000,7.4000,0.0000,25.00,25.00,0.00000,0.00000,0,520,0,500,0,0,0,0,20,0,520,0,0,0,0,0,0,0,0,600,600,600,100,100,0.00000,0.00000,9.80665,0.000000,0.00000,-0.00000,0.00000,0.00000,9.80665,0.000000,0.000000,0.000000,0,1,1,1,1,1,0,0,0,0
2026-09-21T05:58:52.741204+00:00,593162083,SIMULATED,138,1332252,DISARMED,0,-0.000000,0.00000,7.4000,0.0000,25.00,25.00,0.00000,0.00000,0,520,0,500,0,0,0,0,20,0,520,0,0,0,0,0,0,0,0,600,600,600,100,100,0.00000,0.00000,9.80665,0.000000,0.00000,-0.00000,0.00000,0.00000,9.80665,0.000000,0.000000,0.000000,0,1,1,1,1,1,0,0,0,0
2026-09-21T05:58:52.741246+00:00,593203625,SIMULATED,139,1334656,DISARMED,0,-0.000000,0.00000,7.4000,0.0000,25.00,25.00,0.00000,0.00000,0,520,0,500,0,0,0,0,20,0,520,0,0,0,0,0,0,0,0,600,600,600,100,100,0.00000,0.00000,9.80665,0.000000,0.00000,-0.00000,0.00000,0.00000,9.80665,0.000000,0.000000,0.000000,0,1,1,1,1,1,0,0,0,0
2026-09-21T05:58:52.741282+00:00,593239250,SIMULATED,140,1337060,DISARMED,0,-0.000000,0.00000,7.4000,0.0000,25.00,25.00,0.00000,0.00000,0,520,0,500,0,0,0,0,20,0,520,0,0,0,0,0,0,0,0,600,600,600,100,100,0.00000,0.00000,9.80665,0.000000,0.00000,-0.00000,0.00000,0.00000,9.80665,0.000000,0.000000,0.000000,0,1,1,1,1,1,0,0,0,0
2026-09-21T05:58:52.741319+00:00,593276583,SIMULATED,141,1339464,DISARMED,0,-0.000000,0.00000,7.4000,0.0000,25.00,25.00,0.00000,0.00000,0,520,0,500,0,0,0,0,20,0,520,0,0,0,0,0,0,0,0,600,600,600,100,100,0.00000,0.00000,9.80665,0.000000,0.00000,-0.00000,0.00000,0.00000,9.80665,0.000000,0.000000,0.000000,0,1,1,1,1,1,0,0,0,0
2026-09-21T05:58:52.741354+00:00,593311541,SIMULATED,142,1341868,DISARMED,0,-0.000000,0.00000,7.4000,0.0000,25.00,25.00,0.00000,0.00000,0,520,0,500,0,0,0,0,20,0,520,0,0,0,0,0,0,0,0,600,600,600,100,100,0.00000,0.00000,9.80665,0.000000,0.00000,-0.00000,0.00000,0.00000,9.80665,0.000000,0.000000,0.000000,0,1,1,1,1,1,0,0,0,0
2026-09-21T05:58:52.741388+00:00,593346083,SIMULATED,143,1344272,DISARMED,0,-0.000000,0.00000,7.4000,0.0000,25.00,25.00,0.00000,0.00000,0,520,0,500,0,0,0,0,20,0,520,0,0,0,0,0,0,0,0,600,600,600,100,100,0.00000,0.00000,9.80665,0.000000,0.00000,-0.00000,0.00000,0.00000,9.80665,0.000000,0.000000,0.000000,0,1,1,1,1,1,0,0,0,0
2026-09-21T05:58:52.741424+00:00,593382000,SIMULATED,144,1346676,DISARMED,0,-0.000000,0.00000,7.4000,0.0000,25.00,25.00,0.00000,0.00000,0,520,0,500,0,0,0,0,20,0,520,0,0,0,0,0,0,0,0,600,600,600,100,100,0.00000,0.00000,9.80665,0.000000,0.00000,-0.00000,0.00000,0.00000,9.80665,0.000000,0.000000,0.000000,0,1,1,1,1,1,0,0,0,0
2026-09-21T05:58:52.741459+00:00,593416875,SIMULATED,145,1349080,DISARMED,0,-0.000000,0.00000,7.4000,0.0000,25.00,25.00,0.00000,0.00000,0,520,0,500,0,0,0,0,20,0,520,0,0,0,0,0,0,0,0,600,600,600,100,100,0.00000,0.00000,9.80665,0.000000,0.00000,-0.00000,0.00000,0.00000,9.80665,0.000000,0.000000,0.000000,0,1,1,1,1,1,0,0,0,0
2026-09-21T05:58:52.741494+00:00,593452250,SIMULATED,146,1351484,DISARMED,0,-0.000000,0.00000,7.4000,0.0000,25.00,25.00,0.00000,0.00000,0,520,0,500,0,0,0,0,20,0,520,0,0,0,0,0,0,0,0,600,600,600,100,100,0.00000,0.00000,9.80665,0.000000,0.00000,-0.00000,0.00000,0.00000,9.80665,0.000000,0.000000,0.000000,0,1,1,1,1,1,0,0,0,0
2026-09-21T05:58:52.741534+00:00,593491916,SIMULATED,147,1353888,DISARMED,0,-0.000000,0.00000,7.4000,0.0000,25.00,25.00,0.00000,0.00000,0,520,0,500,0,0,0,0,20,0,520,0,0,0,0,0,0,0,0,600,600,600,100,100,0.00000,0.00000,9.80665,0.000000,0.00000,-0.00000,0.00000,0.00000,9.80665,0.000000,0.000000,0.000000,0,1,1,1,1,1,0,0,0,0
2026-09-21T05:58:52.741570+00:00,593527541,SIMULATED,148,1356292,DISARMED,0,-0.000000,0.00000,7.4000,0.0000,25.00,25.00,0.00000,0.00000,0,520,0,500,0,0,0,0,20,0,520,0,0,0,0,0,0,0,0,600,600,600,100,100,0.00000,0.00000,9.80665,0.000000,0.00000,-0.00000,0.00000,0.00000,9.80665,0.000000,0.000000,0.000000,0,1,1,1,1,1,0,0,0,0
2026-09-21T05:58:52.741605+00:00,593562250,SIMULATED,149,1358696,DISARMED,0,-0.000000,0.00000,7.4000,0.0000,25.00,25.00,0.00000,0.00000,0,520,0,500,0,0,0,0,20,0,520,0,0,0,0,0,0,0,0,600,600,600,100,100,0.00000,0.00000,9.80665,0.000000,0.00000,-0.00000,0.00000,0.00000,9.80665,0.000000,0.000000,0.000000,0,1,1,1,1,1,0,0,0,0
2026-09-21T05:58:52.741645+00:00,593603125,SIMULATED,150,1361100,DISARMED,0,-0.000000,0.00000,7.4000,0.0000,25.00,25.00,0.00000,0.00000,0,520,0,500,0,0,0,0,20,0,520,0,0,0,0,0,0,0,0,600,600,600,100,100,0.00000,0.00000,9.80665,0.000000,0.00000,-0.00000,0.00000,0.00000,9.80665,0.000000,0.000000,0.000000,0,1,1,1,1,1,0,0,0,0
2026-09-21T05:58:52.741756+00:00,593713625,SIMULATED,151,1363504,DISARMED,0,-0.000000,0.00000,7.4000,0.0000,25.00,25.00,0.00000,0.00000,0,520,0,500,0,0,0,0,20,0,520,0,0,0,0,0,0,0,0,600,600,600,100,100,0.00000,0.00000,9.80665,0.000000,0.00000,-0.00000,0.00000,0.00000,9.80665,0.000000,0.000000,0.000000,0,1,1,1,1,1,0,0,0,0
2026-09-21T05:58:52.741794+00:00,593751666,SIMULATED,152,1365908,DISARMED,0,-0.000000,0.00000,7.4000,0.0000,25.00,25.00,0.00000,0.00000,0,520,0,500,0,0,0,0,20,0,520,0,0,0,0,0,0,0,0,600,600,600,100,100,0.00000,0.00000,9.80665,0.000000,0.00000,-0.00000,0.00000,0.00000,9.80665,0.000000,0.000000,0.000000,0,1,1,1,1,1,0,0,0,0
2026-09-21T05:58:52.741830+00:00,593788000,SIMULATED,153,1368312,DISARMED,0,-0.000000,0.00000,7.4000,0.0000,25.00,25.00,0.00000,0.00000,0,520,0,500,0,0,0,0,20,0,520,0,0,0,0,0,0,0,0,600,600,600,100,100,0.00000,0.00000,9.80665,0.000000,0.00000,-0.00000,0.00000,0.00000,9.80665,0.000000,0.000000,0.000000,0,1,1,1,1,1,0,0,0,0
2026-09-21T05:58:52.741865+00:00,593822458,SIMULATED,154,1370716,DISARMED,0,-0.000000,0.00000,7.4000,0.0000,25.00,25.00,0.00000,0.00000,0,520,0,500,0,0,0,0,20,0,520,0,0,0,0,0,0,0,0,600,600,600,100,100,0.00000,0.00000,9.80665,0.000000,0.00000,-0.00000,0.00000,0.00000,9.80665,0.000000,0.000000,0.000000,0,1,1,1,1,1,0,0,0,0
2026-09-21T05:58:52.741899+00:00,593856916,SIMULATED,155,1373120,DISARMED,0,-0.000000,0.00000,7.4000,0.0000,25.00,25.00,0.00000,0.00000,0,520,0,500,0,0,0,0,20,0,520,0,0,0,0,0,0,0,0,600,600,600,100,100,0.00000,0.00000,9.80665,0.000000,0.00000,-0.00000,0.00000,0.00000,9.80665,0.000000,0.000000,0.000000,0,1,1,1,1,1,0,0,0,0
2026-09-21T05:58:52.741934+00:00,593891291,SIMULATED,156,1375524,DISARMED,0,-0.000000,0.00000,7.4000,0.0000,25.00,25.00,0.00000,0.00000,0,520,0,500,0,0,0,0,20,0,520,0,0,0,0,0,0,0,0,600,600,600,100,100,0.00000,0.00000,9.80665,0.000000,0.00000,-0.00000,0.00000,0.00000,9.80665,0.000000,0.000000,0.000000,0,1,1,1,1,1,0,0,0,0
2026-09-21T05:58:52.741969+00:00,593926833,SIMULATED,157,1377928,DISARMED,0,-0.000000,0.00000,7.4000,0.0000,25.00,25.00,0.00000,0.00000,0,520,0,500,0,0,0,0,20,0,520,0,0,0,0,0,0,0,0,600,600,600,100,100,0.00000,0.00000,9.80665,0.000000,0.00000,-0.00000,0.00000,0.00000,9.80665,0.000000,0.000000,0.000000,0,1,1,1,1,1,0,0,0,0
2026-09-21T05:58:52.742005+00:00,593962875,SIMULATED,158,1380332,DISARMED,0,-0.000000,0.00000,7.4000,0.0000,25.00,25.00,0.00000,0.00000,0,520,0,500,0,0,0,0,20,0,520,0,0,0,0,0,0,0,0,600,600,600,100,100,0.00000,0.00000,9.80665,0.000000,0.00000,-0.00000,0.00000,0.00000,9.80665,0.000000,0.000000,0.000000,0,1,1,1,1,1,0,0,0,0
2026-09-21T05:58:52.742041+00:00,593998875,SIMULATED,159,1382736,DISARMED,0,-0.000000,0.00000,7.4000,0.0000,25.00,25.00,0.00000,0.00000,0,520,0,500,0,0,0,0,20,0,520,0,0,0,0,0,0,0,0,600,600,600,100,100,0.00000,0.00000,9.80665,0.000000,0.00000,-0.00000,0.00000,0.00000,9.80665,0.000000,0.000000,0.000000,0,1,1,1,1,1,0,0,0,0
2026-09-21T05:58:52.742079+00:00,594036375,SIMULATED,160,1385140,DISARMED,0,-0.000000,0.00000,7.4000,0.0000,25.00,25.00,0.00000,0.00000,0,520,0,500,0,0,0,0,20,0,520,0,0,0,0,0,0,0,0,600,600,600,100,100,0.00000,0.00000,9.80665,0.000000,0.00000,-0.00000,0.00000,0.00000,9.80665,0.000000,0.000000,0.000000,0,1,1,1,1,1,0,0,0,0
2026-09-21T05:58:52.742113+00:00,594070833,SIMULATED,161,1387544,DISARMED,0,-0.000000,0.00000,7.4000,0.0000,25.00,25.00,0.00000,0.00000,0,520,0,500,0,0,0,0,20,0,520,0,0,0,0,0,0,0,0,600,600,600,100,100,0.00000,0.00000,9.80665,0.000000,0.00000,-0.00000,0.00000,0.00000,9.80665,0.000000,0.000000,0.000000,0,1,1,1,1,1,0,0,0,0
2026-09-21T05:58:52.742148+00:00,594105625,SIMULATED,162,1389948,DISARMED,0,-0.000000,0.00000,7.4000,0.0000,25.00,25.00,0.00000,0.00000,0,520,0,500,0,0,0,0,20,0,520,0,0,0,0,0,0,0,0,600,600,600,100,100,0.00000,0.00000,9.80665,0.000000,0.00000,-0.00000,0.00000,0.00000,9.80665,0.000000,0.000000,0.000000,0,1,1,1,1,1,0,0,0,0
2026-09-21T05:58:52.742183+00:00,594140333,SIMULATED,163,1392352,DISARMED,0,-0.000000,0.00000,7.4000,0.0000,25.00,25.00,0.00000,0.00000,0,520,0,500,0,0,0,0,20,0,520,0,0,0,0,0,0,0,0,600,600,600,100,100,0.00000,0.00000,9.80665,0.000000,0.00000,-0.00000,0.00000,0.00000,9.80665,0.000000,0.000000,0.000000,0,1,1,1,1,1,0,0,0,0
2026-09-21T05:58:52.742217+00:00,594174875,SIMULATED,164,1394756,DISARMED,0,-0.000000,0.00000,7.4000,0.0000,25.00,25.00,0.00000,0.00000,0,520,0,500,0,0,0,0,20,0,520,0,0,0,0,0,0,0,0,600,600,600,100,100,0.00000,0.00000,9.80665,0.000000,0.00000,-0.00000,0.00000,0.00000,9.80665,0.000000,0.000000,0.000000,0,1,1,1,1,1,0,0,0,0
2026-09-21T05:58:52.742255+00:00,594212875,SIMULATED,165,1397160,DISARMED,0,-0.000000,0.00000,7.4000,0.0000,25.00,25.00,0.00000,0.00000,0,520,0,500,0,0,0,0,20,0,520,0,0,0,0,0,0,0,0,600,600,600,100,100,0.00000,0.00000,9.80665,0.000000,0.00000,-0.00000,0.00000,0.00000,9.80665,0.000000,0.000000,0.000000,0,1,1,1,1,1,0,0,0,0
2026-09-21T05:58:52.742291+00:00,594248208,SIMULATED,166,1399564,DISARMED,0,-0.000000,0.00000,7.4000,0.0000,25.00,25.00,0.00000,0.00000,0,520,0,500,0,0,0,0,20,0,520,0,0,0,0,0,0,0,0,600,600,600,100,100,0.00000,0.00000,9.80665,0.000000,0.00000,-0.00000,0.00000,0.00000,9.80665,0.000000,0.000000,0.000000,0,1,1,1,1,1,0,0,0,0
2026-09-21T05:58:52.742326+00:00,594283291,SIMULATED,167,1401968,DISARMED,0,-0.000000,0.00000,7.4000,0.0000,25.00,25.00,0.00000,0.00000,0,520,0,500,0,0,0,0,20,0,520,0,0,0,0,0,0,0,0,600,600,600,100,100,0.00000,0.00000,9.80665,0.000000,0.00000,-0.00000,0.00000,0.00000,9.80665,0.000000,0.000000,0.000000,0,1,1,1,1,1,0,0,0,0
2026-09-21T05:58:52.742360+00:00,594317750,SIMULATED,168,1404372,DISARMED,0,-0.000000,0.00000,7.4000,0.0000,25.00,25.00,0.00000,0.00000,0,520,0,500,0,0,0,0,20,0,520,0,0,0,0,0,0,0,0,600,600,600,100,100,0.00000,0.00000,9.80665,0.000000,0.00000,-0.00000,0.00000,0.00000,9.80665,0.000000,0.000000,0.000000,0,1,1,1,1,1,0,0,0,0
2026-09-21T05:58:52.742396+00:00,594353166,SIMULATED,169,1406776,DISARMED,0,-0.000000,0.00000,7.4000,0.0000,25.00,25.00,0.00000,0.00000,0,520,0,500,0,0,0,0,20,0,520,0,0,0,0,0,0,0,0,600,600,600,100,100,0.00000,0.00000,9.80665,0.000000,0.00000,-0.00000,0.00000,0.00000,9.80665,0.000000,0.000000,0.000000,0,1,1,1,1,1,0,0,0,0
2026-09-21T05:58:52.742433+00:00,594390291,SIMULATED,170,1409180,DISARMED,0,-0.000000,0.00000,7.4000,0.0000,25.00,25.00,0.00000,0.00000,0,520,0,500,0,0,0,0,20,0,520,0,0,0,0,0,0,0,0,600,600,600,100,100,0.00000,0.00000,9.80665,0.000000,0.00000,-0.00000,0.00000,0.00000,9.80665,0.000000,0.000000,0.000000,0,1,1,1,1,1,0,0,0,0
2026-09-21T05:58:52.742469+00:00,594426458,SIMULATED,171,1411584,DISARMED,0,-0.000000,0.00000,7.4000,0.0000,25.00,25.00,0.00000,0.00000,0,520,0,500,0,0,0,0,20,0,520,0,0,0,0,0,0,0,0,600,600,600,100,100,0.00000,0.00000,9.80665,0.000000,0.00000,-0.00000,0.00000,0.00000,9.80665,0.000000,0.000000,0.000000,0,1,1,1,1,1,0,0,0,0
2026-09-21T05:58:52.742504+00:00,594461583,SIMULATED,172,1413988,DISARMED,0,-0.000000,0.00000,7.4000,0.0000,25.00,25.00,0.00000,0.00000,0,520,0,500,0,0,0,0,20,0,520,0,0,0,0,0,0,0,0,600,600,600,100,100,0.00000,0.00000,9.80665,0.000000,0.00000,-0.00000,0.00000,0.00000,9.80665,0.000000,0.000000,0.000000,0,1,1,1,1,1,0,0,0,0
2026-09-21T05:58:52.742541+00:00,594498500,SIMULATED,173,1416392,DISARMED,0,-0.000000,0.00000,7.4000,0.0000,25.00,25.00,0.00000,0.00000,0,520,0,500,0,0,0,0,20,0,520,0,0,0,0,0,0,0,0,600,600,600,100,100,0.00000,0.00000,9.80665,0.000000,0.00000,-0.00000,0.00000,0.00000,9.80665,0.000000,0.000000,0.000000,0,1,1,1,1,1,0,0,0,0
2026-09-21T05:58:52.742578+00:00,594535500,SIMULATED,174,1418796,DISARMED,0,-0.000000,0.00000,7.4000,0.0000,25.00,25.00,0.00000,0.00000,0,520,0,500,0,0,0,0,20,0,520,0,0,0,0,0,0,0,0,600,600,600,100,100,0.00000,0.00000,9.80665,0.000000,0.00000,-0.00000,0.00000,0.00000,9.80665,0.000000,0.000000,0.000000,0,1,1,1,1,1,0,0,0,0
2026-09-21T05:58:52.742613+00:00,594570875,SIMULATED,175,1421200,DISARMED,0,-0.000000,0.00000,7.4000,0.0000,25.00,25.00,0.00000,0.00000,0,520,0,500,0,0,0,0,20,0,520,0,0,0,0,0,0,0,0,600,600,600,100,100,0.00000,0.00000,9.80665,0.000000,0.00000,-0.00000,0.00000,0.00000,9.80665,0.000000,0.000000,0.000000,0,1,1,1,1,1,0,0,0,0
2026-09-21T05:58:52.742648+00:00,594606000,SIMULATED,176,1423604,DISARMED,0,-0.000000,0.00000,7.4000,0.0000,25.00,25.00,0.00000,0.00000,0,520,0,500,0,0,0,0,20,0,520,0,0,0,0,0,0,0,0,600,600,600,100,100,0.00000,0.00000,9.80665,0.000000,0.00000,-0.00000,0.00000,0.00000,9.80665,0.000000,0.000000,0.000000,0,1,1,1,1,1,0,0,0,0
2026-09-21T05:58:52.742691+00:00,594649041,SIMULATED,177,1426008,DISARMED,0,-0.000000,0.00000,7.4000,0.0000,25.00,25.00,0.00000,0.00000,0,520,0,500,0,0,0,0,20,0,520,0,0,0,0,0,0,0,0,600,600,600,100,100,0.00000,0.00000,9.80665,0.000000,0.00000,-0.00000,0.00000,0.00000,9.80665,0.000000,0.000000,0.000000,0,1,1,1,1,1,0,0,0,0
2026-09-21T05:58:52.742726+00:00,594683916,SIMULATED,178,1428412,DISARMED,0,-0.000000,0.00000,7.4000,0.0000,25.00,25.00,0.00000,0.00000,0,520,0,500,0,0,0,0,20,0,520,0,0,0,0,0,0,0,0,600,600,600,100,100,0.00000,0.00000,9.80665,0.000000,0.00000,-0.00000,0.00000,0.00000,9.80665,0.000000,0.000000,0.000000,0,1,1,1,1,1,0,0,0,0
2026-09-21T05:58:52.742761+00:00,594718375,SIMULATED,179,1430816,DISARMED,0,-0.000000,0.00000,7.4000,0.0000,25.00,25.00,0.00000,0.00000,0,520,0,500,0,0,0,0,20,0,520,0,0,0,0,0,0,0,0,600,600,600,100,100,0.00000,0.00000,9.80665,0.000000,0.00000,-0.00000,0.00000,0.00000,9.80665,0.000000,0.000000,0.000000,0,1,1,1,1,1,0,0,0,0
2026-09-21T05:58:52.742798+00:00,594755333,SIMULATED,180,1433220,DISARMED,0,-0.000000,0.00000,7.4000,0.0000,25.00,25.00,0.00000,0.00000,0,520,0,500,0,0,0,0,20,0,520,0,0,0,0,0,0,0,0,600,600,600,100,100,0.00000,0.00000,9.80665,0.000000,0.00000,-0.00000,0.00000,0.00000,9.80665,0.000000,0.000000,0.000000,0,1,1,1,1,1,0,0,0,0
2026-09-21T05:58:52.742832+00:00,594789625,SIMULATED,181,1435624,DISARMED,0,-0.000000,0.00000,7.4000,0.0000,25.00,25.00,0.00000,0.00000,0,520,0,500,0,0,0,0,20,0,520,0,0,0,0,0,0,0,0,600,600,600,100,100,0.00000,0.00000,9.80665,0.000000,0.00000,-0.00000,0.00000,0.00000,9.80665,0.000000,0.000000,0.000000,0,1,1,1,1,1,0,0,0,0
2026-09-21T05:58:52.742866+00:00,594823875,SIMULATED,182,1438028,DISARMED,0,-0.000000,0.00000,7.4000,0.0000,25.00,25.00,0.00000,0.00000,0,520,0,500,0,0,0,0,20,0,520,0,0,0,0,0,0,0,0,600,600,600,100,100,0.00000,0.00000,9.80665,0.000000,0.00000,-0.00000,0.00000,0.00000,9.80665,0.000000,0.000000,0.000000,0,1,1,1,1,1,0,0,0,0
2026-09-21T05:58:52.742902+00:00,594859541,SIMULATED,183,1440432,DISARMED,0,-0.000000,0.00000,7.4000,0.0000,25.00,25.00,0.00000,0.00000,0,520,0,500,0,0,0,0,20,0,520,0,0,0,0,0,0,0,0,600,600,600,100,100,0.00000,0.00000,9.80665,0.000000,0.00000,-0.00000,0.00000,0.00000,9.80665,0.000000,0.000000,0.000000,0,1,1,1,1,1,0,0,0,0
2026-09-21T05:58:52.742937+00:00,594895000,SIMULATED,184,1442836,DISARMED,0,-0.000000,0.00000,7.4000,0.0000,25.00,25.00,0.00000,0.00000,0,520,0,500,0,0,0,0,20,0,520,0,0,0,0,0,0,0,0,600,600,600,100,100,0.00000,0.00000,9.80665,0.000000,0.00000,-0.00000,0.00000,0.00000,9.80665,0.000000,0.000000,0.000000,0,1,1,1,1,1,0,0,0,0
2026-09-21T05:58:52.742972+00:00,594929583,SIMULATED,185,1445240,DISARMED,0,-0.000000,0.00000,7.4000,0.0000,25.00,25.00,0.00000,0.00000,0,520,0,500,0,0,0,0,20,0,520,0,0,0,0,0,0,0,0,600,600,600,100,100,0.00000,0.00000,9.80665,0.000000,0.00000,-0.00000,0.00000,0.00000,9.80665,0.000000,0.000000,0.000000,0,1,1,1,1,1,0,0,0,0
2026-09-21T05:58:52.743007+00:00,594964541,SIMULATED,186,1447644,DISARMED,0,-0.000000,0.00000,7.4000,0.0000,25.00,25.00,0.00000,0.00000,0,520,0,500,0,0,0,0,20,0,520,0,0,0,0,0,0,0,0,600,600,600,100,100,0.00000,0.00000,9.80665,0.000000,0.00000,-0.00000,0.00000,0.00000,9.80665,0.000000,0.000000,0.000000,0,1,1,1,1,1,0,0,0,0
2026-09-21T05:58:52.743041+00:00,594998750,SIMULATED,187,1450048,DISARMED,0,-0.000000,0.00000,7.4000,0.0000,25.00,25.00,0.00000,0.00000,0,520,0,500,0,0,0,0,20,0,520,0,0,0,0,0,0,0,0,600,600,600,100,100,0.00000,0.00000,9.80665,0.000000,0.00000,-0.00000,0.00000,0.00000,9.80665,0.000000,0.000000,0.000000,0,1,1,1,1,1,0,0,0,0
2026-09-21T05:58:52.743076+00:00,595033625,SIMULATED,188,1452452,DISARMED,0,-0.000000,0.00000,7.4000,0.0000,25.00,25.00,0.00000,0.00000,0,520,0,500,0,0,0,0,20,0,520,0,0,0,0,0,0,0,0,600,600,600,100,100,0.00000,0.00000,9.80665,0.000000,0.00000,-0.00000,0.00000,0.00000,9.80665,0.000000,0.000000,0.000000,0,1,1,1,1,1,0,0,0,0
2026-09-21T05:58:52.743112+00:00,595069250,SIMULATED,189,1454856,DISARMED,0,-0.000000,0.00000,7.4000,0.0000,25.00,25.00,0.00000,0.00000,0,520,0,500,0,0,0,0,20,0,520,0,0,0,0,0,0,0,0,600,600,600,100,100,0.00000,0.00000,9.80665,0.000000,0.00000,-0.00000,0.00000,0.00000,9.80665,0.000000,0.000000,0.000000,0,1,1,1,1,1,0,0,0,0
2026-09-21T05:58:52.743157+00:00,595114458,SIMULATED,190,1457260,DISARMED,0,-0.000000,0.00000,7.4000,0.0000,25.00,25.00,0.00000,0.00000,0,520,0,500,0,0,0,0,20,0,520,0,0,0,0,0,0,0,0,600,600,600,100,100,0.00000,0.00000,9.80665,0.000000,0.00000,-0.00000,0.00000,0.00000,9.80665,0.000000,0.000000,0.000000,0,1,1,1,1,1,0,0,0,0
2026-09-21T05:58:52.743195+00:00,595152791,SIMULATED,191,1459664,DISARMED,0,-0.000000,0.00000,7.4000,0.0000,25.00,25.00,0.00000,0.00000,0,520,0,500,0,0,0,0,20,0,520,0,0,0,0,0,0,0,0,600,600,600,100,100,0.00000,0.00000,9.80665,0.000000,0.00000,-0.00000,0.00000,0.00000,9.80665,0.000000,0.000000,0.000000,0,1,1,1,1,1,0,0,0,0
2026-09-21T05:58:52.743233+00:00,595190541,SIMULATED,192,1462068,DISARMED,0,-0.000000,0.00000,7.4000,0.0000,25.00,25.00,0.00000,0.00000,0,520,0,500,0,0,0,0,20,0,520,0,0,0,0,0,0,0,0,600,600,600,100,100,0.00000,0.00000,9.80665,0.000000,0.00000,-0.00000,0.00000,0.00000,9.80665,0.000000,0.000000,0.000000,0,1,1,1,1,1,0,0,0,0
2026-09-21T05:58:52.743267+00:00,595224583,SIMULATED,193,1464472,DISARMED,0,-0.000000,0.00000,7.4000,0.0000,25.00,25.00,0.00000,0.00000,0,520,0,500,0,0,0,0,20,0,520,0,0,0,0,0,0,0,0,600,600,600,100,100,0.00000,0.00000,9.80665,0.000000,0.00000,-0.00000,0.00000,0.00000,9.80665,0.000000,0.000000,0.000000,0,1,1,1,1,1,0,0,0,0
2026-09-21T05:58:52.743301+00:00,595258666,SIMULATED,194,1466876,DISARMED,0,-0.000000,0.00000,7.4000,0.0000,25.00,25.00,0.00000,0.00000,0,520,0,500,0,0,0,0,20,0,520,0,0,0,0,0,0,0,0,600,600,600,100,100,0.00000,0.00000,9.80665,0.000000,0.00000,-0.00000,0.00000,0.00000,9.80665,0.000000,0.000000,0.000000,0,1,1,1,1,1,0,0,0,0
2026-09-21T05:58:52.743337+00:00,595294833,SIMULATED,195,1469280,DISARMED,0,-0.000000,0.00000,7.4000,0.0000,25.00,25.00,0.00000,0.00000,0,520,0,500,0,0,0,0,20,0,520,0,0,0,0,0,0,0,0,600,600,600,100,100,0.00000,0.00000,9.80665,0.000000,0.00000,-0.00000,0.00000,0.00000,9.80665,0.000000,0.000000,0.000000,0,1,1,1,1,1,0,0,0,0
2026-09-21T05:58:52.743371+00:00,595328833,SIMULATED,196,1471684,DISARMED,0,-0.000000,0.00000,7.4000,0.0000,25.00,25.00,0.00000,0.00000,0,520,0,500,0,0,0,0,20,0,520,0,0,0,0,0,0,0,0,600,600,600,100,100,0.00000,0.00000,9.80665,0.000000,0.00000,-0.00000,0.00000,0.00000,9.80665,0.000000,0.000000,0.000000,0,1,1,1,1,1,0,0,0,0
2026-09-21T05:58:52.743405+00:00,595362875,SIMULATED,197,1474088,DISARMED,0,-0.000000,0.00000,7.4000,0.0000,25.00,25.00,0.00000,0.00000,0,520,0,500,0,0,0,0,20,0,520,0,0,0,0,0,0,0,0,600,600,600,100,100,0.00000,0.00000,9.80665,0.000000,0.00000,-0.00000,0.00000,0.00000,9.80665,0.000000,0.000000,0.000000,0,1,1,1,1,1,0,0,0,0
2026-09-21T05:58:52.743439+00:00,595396791,SIMULATED,198,1476492,DISARMED,0,-0.000000,0.00000,7.4000,0.0000,25.00,25.00,0.00000,0.00000,0,520,0,500,0,0,0,0,20,0,520,0,0,0,0,0,0,0,0,600,600,600,100,100,0.00000,0.00000,9.80665,0.000000,0.00000,-0.00000,0.00000,0.00000,9.80665,0.000000,0.000000,0.000000,0,1,1,1,1,1,0,0,0,0
2026-09-21T05:58:52.743473+00:00,595430958,SIMULATED,199,1478896,DISARMED,0,-0.000000,0.00000,7.4000,0.0000,25.00,25.00,0.00000,0.00000,0,520,0,500,0,0,0,0,20,0,520,0,0,0,0,0,0,0,0,600,600,600,100,100,0.00000,0.00000,9.80665,0.000000,0.00000,-0.00000,0.00000,0.00000,9.80665,0.000000,0.000000,0.000000,0,1,1,1,1,1,0,0,0,0
2026-09-21T05:58:52.743511+00:00,595468500,SIMULATED,200,1481300,DISARMED,0,-0.000000,0.00000,7.4000,0.0000,25.00,25.00,0.00000,0.00000,0,520,0,500,0,0,0,0,20,0,520,0,0,0,0,0,0,0,0,600,600,600,100,100,0.00000,0.00000,9.80665,0.000000,0.00000,-0.00000,0.00000,0.00000,9.80665,0.000000,0.000000,0.000000,0,1,1,1,1,1,0,0,0,0
2026-09-21T05:58:52.743547+00:00,595504791,SIMULATED,201,1483704,DISARMED,0,-0.000000,0.00000,7.4000,0.0000,25.00,25.00,0.00000,0.00000,0,520,0,500,0,0,0,0,20,0,520,0,0,0,0,0,0,0,0,600,600,600,100,100,0.00000,0.00000,9.80665,0.000000,0.00000,-0.00000,0.00000,0.00000,9.80665,0.000000,0.000000,0.000000,0,1,1,1,1,1,0,0,0,0
2026-09-21T05:58:52.743584+00:00,595541333,SIMULATED,202,1486108,DISARMED,0,-0.000000,0.00000,7.4000,0.0000,25.00,25.00,0.00000,0.00000,0,520,0,500,0,0,0,0,20,0,520,0,0,0,0,0,0,0,0,600,600,600,100,100,0.00000,0.00000,9.80665,0.000000,0.00000,-0.00000,0.00000,0.00000,9.80665,0.000000,0.000000,0.000000,0,1,1,1,1,1,0,0,0,0
2026-09-21T05:58:52.743621+00:00,595578875,SIMULATED,203,1488512,DISARMED,0,-0.000000,0.00000,7.4000,0.0000,25.00,25.00,0.00000,0.00000,0,520,0,500,0,0,0,0,20,0,520,0,0,0,0,0,0,0,0,600,600,600,100,100,0.00000,0.00000,9.80665,0.000000,0.00000,-0.00000,0.00000,0.00000,9.80665,0.000000,0.000000,0.000000,0,1,1,1,1,1,0,0,0,0
2026-09-21T05:58:52.743656+00:00,595613208,SIMULATED,204,1490916,DISARMED,0,-0.000000,0.00000,7.4000,0.0000,25.00,25.00,0.00000,0.00000,0,520,0,500,0,0,0,0,20,0,520,0,0,0,0,0,0,0,0,600,600,600,100,100,0.00000,0.00000,9.80665,0.000000,0.00000,-0.00000,0.00000,0.00000,9.80665,0.000000,0.000000,0.000000,0,1,1,1,1,1,0,0,0,0
2026-09-21T05:58:52.743690+00:00,595647666,SIMULATED,205,1493320,DISARMED,0,-0.000000,0.00000,7.4000,0.0000,25.00,25.00,0.00000,0.00000,0,520,0,500,0,0,0,0,20,0,520,0,0,0,0,0,0,0,0,600,600,600,100,100,0.00000,0.00000,9.80665,0.000000,0.00000,-0.00000,0.00000,0.00000,9.80665,0.000000,0.000000,0.000000,0,1,1,1,1,1,0,0,0,0
2026-09-21T05:58:52.743724+00:00,595681791,SIMULATED,206,1495724,DISARMED,0,-0.000000,0.00000,7.4000,0.0000,25.00,25.00,0.00000,0.00000,0,520,0,500,0,0,0,0,20,0,520,0,0,0,0,0,0,0,0,600,600,600,100,100,0.00000,0.00000,9.80665,0.000000,0.00000,-0.00000,0.00000,0.00000,9.80665,0.000000,0.000000,0.000000,0,1,1,1,1,1,0,0,0,0
2026-09-21T05:58:52.743763+00:00,595720500,SIMULATED,207,1498128,DISARMED,0,-0.000000,0.00000,7.4000,0.0000,25.00,25.00,0.00000,0.00000,0,520,0,500,0,0,0,0,20,0,520,0,0,0,0,0,0,0,0,600,600,600,100,100,0.00000,0.00000,9.80665,0.000000,0.00000,-0.00000,0.00000,0.00000,9.80665,0.000000,0.000000,0.000000,0,1,1,1,1,1,0,0,0,0
2026-09-21T05:58:52.743797+00:00,595754833,SIMULATED,208,1500532,DISARMED,0,-0.000000,0.00000,7.4000,0.0000,25.00,25.00,0.00000,0.00000,0,520,0,500,0,0,0,0,20,0,520,0,0,0,0,0,0,0,0,600,600,600,100,100,0.00000,0.00000,9.80665,0.000000,0.00000,-0.00000,0.00000,0.00000,9.80665,0.000000,0.000000,0.000000,0,1,1,1,1,1,0,0,0,0
2026-09-21T05:58:52.743833+00:00,595790208,SIMULATED,209,1502936,DISARMED,0,-0.000000,0.00000,7.4000,0.0000,25.00,25.00,0.00000,0.00000,0,520,0,500,0,0,0,0,20,0,520,0,0,0,0,0,0,0,0,600,600,600,100,100,0.00000,0.00000,9.80665,0.000000,0.00000,-0.00000,0.00000,0.00000,9.80665,0.000000,0.000000,0.000000,0,1,1,1,1,1,0,0,0,0
2026-09-21T05:58:52.743869+00:00,595827000,SIMULATED,210,1505340,DISARMED,0,-0.000000,0.00000,7.4000,0.0000,25.00,25.00,0.00000,0.00000,0,520,0,500,0,0,0,0,20,0,520,0,0,0,0,0,0,0,0,600,600,600,100,100,0.00000,0.00000,9.80665,0.000000,0.00000,-0.00000,0.00000,0.00000,9.80665,0.000000,0.000000,0.000000,0,1,1,1,1,1,0,0,0,0
2026-09-21T05:58:52.743904+00:00,595861625,SIMULATED,211,1507744,DISARMED,0,-0.000000,0.00000,7.4000,0.0000,25.00,25.00,0.00000,0.00000,0,520,0,500,0,0,0,0,20,0,520,0,0,0,0,0,0,0,0,600,600,600,100,100,0.00000,0.00000,9.80665,0.000000,0.00000,-0.00000,0.00000,0.00000,9.80665,0.000000,0.000000,0.000000,0,1,1,1,1,1,0,0,0,0
2026-09-21T05:58:52.743938+00:00,595895625,SIMULATED,212,1510148,DISARMED,0,-0.000000,0.00000,7.4000,0.0000,25.00,25.00,0.00000,0.00000,0,520,0,500,0,0,0,0,20,0,520,0,0,0,0,0,0,0,0,600,600,600,100,100,0.00000,0.00000,9.80665,0.000000,0.00000,-0.00000,0.00000,0.00000,9.80665,0.000000,0.000000,0.000000,0,1,1,1,1,1,0,0,0,0
2026-09-21T05:58:52.743974+00:00,595931333,SIMULATED,213,1512552,DISARMED,0,-0.000000,0.00000,7.4000,0.0000,25.00,25.00,0.00000,0.00000,0,520,0,500,0,0,0,0,20,0,520,0,0,0,0,0,0,0,0,600,600,600,100,100,0.00000,0.00000,9.80665,0.000000,0.00000,-0.00000,0.00000,0.00000,9.80665,0.000000,0.000000,0.000000,0,1,1,1,1,1,0,0,0,0
2026-09-21T05:58:52.744008+00:00,595965666,SIMULATED,214,1514956,DISARMED,0,-0.000000,0.00000,7.4000,0.0000,25.00,25.00,0.00000,0.00000,0,520,0,500,0,0,0,0,20,0,520,0,0,0,0,0,0,0,0,600,600,600,100,100,0.00000,0.00000,9.80665,0.000000,0.00000,-0.00000,0.00000,0.00000,9.80665,0.000000,0.000000,0.000000,0,1,1,1,1,1,0,0,0,0
2026-09-21T05:58:52.744044+00:00,596002041,SIMULATED,215,1517360,DISARMED,0,-0.000000,0.00000,7.4000,0.0000,25.00,25.00,0.00000,0.00000,0,520,0,500,0,0,0,0,20,0,520,0,0,0,0,0,0,0,0,600,600,600,100,100,0.00000,0.00000,9.80665,0.000000,0.00000,-0.00000,0.00000,0.00000,9.80665,0.000000,0.000000,0.000000,0,1,1,1,1,1,0,0,0,0
2026-09-21T05:58:52.744079+00:00,596036708,SIMULATED,216,1519764,DISARMED,0,-0.000000,0.00000,7.4000,0.0000,25.00,25.00,0.00000,0.00000,0,520,0,500,0,0,0,0,20,0,520,0,0,0,0,0,0,0,0,600,600,600,100,100,0.00000,0.00000,9.80665,0.000000,0.00000,-0.00000,0.00000,0.00000,9.80665,0.000000,0.000000,0.000000,0,1,1,1,1,1,0,0,0,0
2026-09-21T05:58:52.744114+00:00,596071333,SIMULATED,217,1522168,DISARMED,0,-0.000000,0.00000,7.4000,0.0000,25.00,25.00,0.00000,0.00000,0,520,0,500,0,0,0,0,20,0,520,0,0,0,0,0,0,0,0,600,600,600,100,100,0.00000,0.00000,9.80665,0.000000,0.00000,-0.00000,0.00000,0.00000,9.80665,0.000000,0.000000,0.000000,0,1,1,1,1,1,0,0,0,0
2026-09-21T05:58:52.744148+00:00,596105916,SIMULATED,218,1524572,DISARMED,0,-0.000000,0.00000,7.4000,0.0000,25.00,25.00,0.00000,0.00000,0,520,0,500,0,0,0,0,20,0,520,0,0,0,0,0,0,0,0,600,600,600,100,100,0.00000,0.00000,9.80665,0.000000,0.00000,-0.00000,0.00000,0.00000,9.80665,0.000000,0.000000,0.000000,0,1,1,1,1,1,0,0,0,0
2026-09-21T05:58:52.744185+00:00,596142791,SIMULATED,219,1526976,DISARMED,0,-0.000000,0.00000,7.4000,0.0000,25.00,25.00,0.00000,0.00000,0,520,0,500,0,0,0,0,20,0,520,0,0,0,0,0,0,0,0,600,600,600,100,100,0.00000,0.00000,9.80665,0.000000,0.00000,-0.00000,0.00000,0.00000,9.80665,0.000000,0.000000,0.000000,0,1,1,1,1,1,0,0,0,0
2026-09-21T05:58:52.744221+00:00,596179041,SIMULATED,220,1529380,DISARMED,0,-0.000000,0.00000,7.4000,0.0000,25.00,25.00,0.00000,0.00000,0,520,0,500,0,0,0,0,20,0,520,0,0,0,0,0,0,0,0,600,600,600,100,100,0.00000,0.00000,9.80665,0.000000,0.00000,-0.00000,0.00000,0.00000,9.80665,0.000000,0.000000,0.000000,0,1,1,1,1,1,0,0,0,0
2026-09-21T05:58:52.744257+00:00,596214375,SIMULATED,221,1531784,DISARMED,0,-0.000000,0.00000,7.4000,0.0000,25.00,25.00,0.00000,0.00000,0,520,0,500,0,0,0,0,20,0,520,0,0,0,0,0,0,0,0,600,600,600,100,100,0.00000,0.00000,9.80665,0.000000,0.00000,-0.00000,0.00000,0.00000,9.80665,0.000000,0.000000,0.000000,0,1,1,1,1,1,0,0,0,0
2026-09-21T05:58:52.744291+00:00,596248916,SIMULATED,222,1534188,DISARMED,0,-0.000000,0.00000,7.4000,0.0000,25.00,25.00,0.00000,0.00000,0,520,0,500,0,0,0,0,20,0,520,0,0,0,0,0,0,0,0,600,600,600,100,100,0.00000,0.00000,9.80665,0.000000,0.00000,-0.00000,0.00000,0.00000,9.80665,0.000000,0.000000,0.000000,0,1,1,1,1,1,0,0,0,0
2026-09-21T05:58:52.744326+00:00,596284083,SIMULATED,223,1536592,DISARMED,0,-0.000000,0.00000,7.4000,0.0000,25.00,25.00,0.00000,0.00000,0,520,0,500,0,0,0,0,20,0,520,0,0,0,0,0,0,0,0,600,600,600,100,100,0.00000,0.00000,9.80665,0.000000,0.00000,-0.00000,0.00000,0.00000,9.80665,0.000000,0.000000,0.000000,0,1,1,1,1,1,0,0,0,0
2026-09-21T05:58:52.744361+00:00,596318625,SIMULATED,224,1538996,DISARMED,0,-0.000000,0.00000,7.4000,0.0000,25.00,25.00,0.00000,0.00000,0,520,0,500,0,0,0,0,20,0,520,0,0,0,0,0,0,0,0,600,600,600,100,100,0.00000,0.00000,9.80665,0.000000,0.00000,-0.00000,0.00000,0.00000,9.80665,0.000000,0.000000,0.000000,0,1,1,1,1,1,0,0,0,0
2026-09-21T05:58:52.744397+00:00,596354708,SIMULATED,225,1541400,DISARMED,0,-0.000000,0.00000,7.4000,0.0000,25.00,25.00,0.00000,0.00000,0,520,0,500,0,0,0,0,20,0,520,0,0,0,0,0,0,0,0,600,600,600,100,100,0.00000,0.00000,9.80665,0.000000,0.00000,-0.00000,0.00000,0.00000,9.80665,0.000000,0.000000,0.000000,0,1,1,1,1,1,0,0,0,0
2026-09-21T05:58:52.744431+00:00,596388791,SIMULATED,226,1543804,DISARMED,0,-0.000000,0.00000,7.4000,0.0000,25.00,25.00,0.00000,0.00000,0,520,0,500,0,0,0,0,20,0,520,0,0,0,0,0,0,0,0,600,600,600,100,100,0.00000,0.00000,9.80665,0.000000,0.00000,-0.00000,0.00000,0.00000,9.80665,0.000000,0.000000,0.000000,0,1,1,1,1,1,0,0,0,0
2026-09-21T05:58:52.744466+00:00,596424041,SIMULATED,227,1546208,DISARMED,0,-0.000000,0.00000,7.4000,0.0000,25.00,25.00,0.00000,0.00000,0,520,0,500,0,0,0,0,20,0,520,0,0,0,0,0,0,0,0,600,600,600,100,100,0.00000,0.00000,9.80665,0.000000,0.00000,-0.00000,0.00000,0.00000,9.80665,0.000000,0.000000,0.000000,0,1,1,1,1,1,0,0,0,0
2026-09-21T05:58:52.744503+00:00,596460875,SIMULATED,228,1548612,DISARMED,0,-0.000000,0.00000,7.4000,0.0000,25.00,25.00,0.00000,0.00000,0,520,0,500,0,0,0,0,20,0,520,0,0,0,0,0,0,0,0,600,600,600,100,100,0.00000,0.00000,9.80665,0.000000,0.00000,-0.00000,0.00000,0.00000,9.80665,0.000000,0.000000,0.000000,0,1,1,1,1,1,0,0,0,0
2026-09-21T05:58:52.744538+00:00,596495458,SIMULATED,229,1551016,DISARMED,0,-0.000000,0.00000,7.4000,0.0000,25.00,25.00,0.00000,0.00000,0,520,0,500,0,0,0,0,20,0,520,0,0,0,0,0,0,0,0,600,600,600,100,100,0.00000,0.00000,9.80665,0.000000,0.00000,-0.00000,0.00000,0.00000,9.80665,0.000000,0.000000,0.000000,0,1,1,1,1,1,0,0,0,0
2026-09-21T05:58:52.744576+00:00,596534166,SIMULATED,230,1553420,DISARMED,0,-0.000000,0.00000,7.4000,0.0000,25.00,25.00,0.00000,0.00000,0,520,0,500,0,0,0,0,20,0,520,0,0,0,0,0,0,0,0,600,600,600,100,100,0.00000,0.00000,9.80665,0.000000,0.00000,-0.00000,0.00000,0.00000,9.80665,0.000000,0.000000,0.000000,0,1,1,1,1,1,0,0,0,0
2026-09-21T05:58:52.744612+00:00,596569583,SIMULATED,231,1555824,DISARMED,0,-0.000000,0.00000,7.4000,0.0000,25.00,25.00,0.00000,0.00000,0,520,0,500,0,0,0,0,20,0,520,0,0,0,0,0,0,0,0,600,600,600,100,100,0.00000,0.00000,9.80665,0.000000,0.00000,-0.00000,0.00000,0.00000,9.80665,0.000000,0.000000,0.000000,0,1,1,1,1,1,0,0,0,0
2026-09-21T05:58:52.744647+00:00,596604333,SIMULATED,232,1558228,DISARMED,0,-0.000000,0.00000,7.4000,0.0000,25.00,25.00,0.00000,0.00000,0,520,0,500,0,0,0,0,20,0,520,0,0,0,0,0,0,0,0,600,600,600,100,100,0.00000,0.00000,9.80665,0.000000,0.00000,-0.00000,0.00000,0.00000,9.80665,0.000000,0.000000,0.000000,0,1,1,1,1,1,0,0,0,0
2026-09-21T05:58:52.744681+00:00,596638500,SIMULATED,233,1560632,DISARMED,0,-0.000000,0.00000,7.4000,0.0000,25.00,25.00,0.00000,0.00000,0,520,0,500,0,0,0,0,20,0,520,0,0,0,0,0,0,0,0,600,600,600,100,100,0.00000,0.00000,9.80665,0.000000,0.00000,-0.00000,0.00000,0.00000,9.80665,0.000000,0.000000,0.000000,0,1,1,1,1,1,0,0,0,0
2026-09-21T05:58:52.744718+00:00,596675708,SIMULATED,234,1563036,DISARMED,0,-0.000000,0.00000,7.4000,0.0000,25.00,25.00,0.00000,0.00000,0,520,0,500,0,0,0,0,20,0,520,0,0,0,0,0,0,0,0,600,600,600,100,100,0.00000,0.00000,9.80665,0.000000,0.00000,-0.00000,0.00000,0.00000,9.80665,0.000000,0.000000,0.000000,0,1,1,1,1,1,0,0,0,0
2026-09-21T05:58:52.744753+00:00,596710750,SIMULATED,235,1565440,DISARMED,0,-0.000000,0.00000,7.4000,0.0000,25.00,25.00,0.00000,0.00000,0,520,0,500,0,0,0,0,20,0,520,0,0,0,0,0,0,0,0,600,600,600,100,100,0.00000,0.00000,9.80665,0.000000,0.00000,-0.00000,0.00000,0.00000,9.80665,0.000000,0.000000,0.000000,0,1,1,1,1,1,0,0,0,0
2026-09-21T05:58:52.744788+00:00,596745375,SIMULATED,236,1567844,DISARMED,0,-0.000000,0.00000,7.4000,0.0000,25.00,25.00,0.00000,0.00000,0,520,0,500,0,0,0,0,20,0,520,0,0,0,0,0,0,0,0,600,600,600,100,100,0.00000,0.00000,9.80665,0.000000,0.00000,-0.00000,0.00000,0.00000,9.80665,0.000000,0.000000,0.000000,0,1,1,1,1,1,0,0,0,0
2026-09-21T05:58:52.744826+00:00,596783416,SIMULATED,237,1570248,DISARMED,0,-0.000000,0.00000,7.4000,0.0000,25.00,25.00,0.00000,0.00000,0,520,0,500,0,0,0,0,20,0,520,0,0,0,0,0,0,0,0,600,600,600,100,100,0.00000,0.00000,9.80665,0.000000,0.00000,-0.00000,0.00000,0.00000,9.80665,0.000000,0.000000,0.000000,0,1,1,1,1,1,0,0,0,0
2026-09-21T05:58:52.744860+00:00,596817750,SIMULATED,238,1572652,DISARMED,0,-0.000000,0.00000,7.4000,0.0000,25.00,25.00,0.00000,0.00000,0,520,0,500,0,0,0,0,20,0,520,0,0,0,0,0,0,0,0,600,600,600,100,100,0.00000,0.00000,9.80665,0.000000,0.00000,-0.00000,0.00000,0.00000,9.80665,0.000000,0.000000,0.000000,0,1,1,1,1,1,0,0,0,0
2026-09-21T05:58:52.744894+00:00,596851833,SIMULATED,239,1575056,DISARMED,0,-0.000000,0.00000,7.4000,0.0000,25.00,25.00,0.00000,0.00000,0,520,0,500,0,0,0,0,20,0,520,0,0,0,0,0,0,0,0,600,600,600,100,100,0.00000,0.00000,9.80665,0.000000,0.00000,-0.00000,0.00000,0.00000,9.80665,0.000000,0.000000,0.000000,0,1,1,1,1,1,0,0,0,0
2026-09-21T05:58:52.744932+00:00,596890000,SIMULATED,240,1577460,DISARMED,0,-0.000000,0.00000,7.4000,0.0000,25.00,25.00,0.00000,0.00000,0,520,0,500,0,0,0,0,20,0,520,0,0,0,0,0,0,0,0,600,600,600,100,100,0.00000,0.00000,9.80665,0.000000,0.00000,-0.00000,0.00000,0.00000,9.80665,0.000000,0.000000,0.000000,0,1,1,1,1,1,0,0,0,0
2026-09-21T05:58:52.744969+00:00,596926958,SIMULATED,241,1579864,DISARMED,0,-0.000000,0.00000,7.4000,0.0000,25.00,25.00,0.00000,0.00000,0,520,0,500,0,0,0,0,20,0,520,0,0,0,0,0,0,0,0,600,600,600,100,100,0.00000,0.00000,9.80665,0.000000,0.00000,-0.00000,0.00000,0.00000,9.80665,0.000000,0.000000,0.000000,0,1,1,1,1,1,0,0,0,0
2026-09-21T05:58:52.745005+00:00,596963000,SIMULATED,242,1582268,DISARMED,0,-0.000000,0.00000,7.4000,0.0000,25.00,25.00,0.00000,0.00000,0,520,0,500,0,0,0,0,20,0,520,0,0,0,0,0,0,0,0,600,600,600,100,100,0.00000,0.00000,9.80665,0.000000,0.00000,-0.00000,0.00000,0.00000,9.80665,0.000000,0.000000,0.000000,0,1,1,1,1,1,0,0,0,0
2026-09-21T05:58:52.745041+00:00,596998750,SIMULATED,243,1584672,DISARMED,0,-0.000000,0.00000,7.4000,0.0000,25.00,25.00,0.00000,0.00000,0,520,0,500,0,0,0,0,20,0,520,0,0,0,0,0,0,0,0,600,600,600,100,100,0.00000,0.00000,9.80665,0.000000,0.00000,-0.00000,0.00000,0.00000,9.80665,0.000000,0.000000,0.000000,0,1,1,1,1,1,0,0,0,0
2026-09-21T05:58:52.745076+00:00,597033500,SIMULATED,244,1587076,DISARMED,0,-0.000000,0.00000,7.4000,0.0000,25.00,25.00,0.00000,0.00000,0,520,0,500,0,0,0,0,20,0,520,0,0,0,0,0,0,0,0,600,600,600,100,100,0.00000,0.00000,9.80665,0.000000,0.00000,-0.00000,0.00000,0.00000,9.80665,0.000000,0.000000,0.000000,0,1,1,1,1,1,0,0,0,0
2026-09-21T05:58:52.745110+00:00,597067875,SIMULATED,245,1589480,DISARMED,0,-0.000000,0.00000,7.4000,0.0000,25.00,25.00,0.00000,0.00000,0,520,0,500,0,0,0,0,20,0,520,0,0,0,0,0,0,0,0,600,600,600,100,100,0.00000,0.00000,9.80665,0.000000,0.00000,-0.00000,0.00000,0.00000,9.80665,0.000000,0.000000,0.000000,0,1,1,1,1,1,0,0,0,0
2026-09-21T05:58:52.745145+00:00,597102208,SIMULATED,246,1591884,DISARMED,0,-0.000000,0.00000,7.4000,0.0000,25.00,25.00,0.00000,0.00000,0,520,0,500,0,0,0,0,20,0,520,0,0,0,0,0,0,0,0,600,600,600,100,100,0.00000,0.00000,9.80665,0.000000,0.00000,-0.00000,0.00000,0.00000,9.80665,0.000000,0.000000,0.000000,0,1,1,1,1,1,0,0,0,0
2026-09-21T05:58:52.745179+00:00,597136458,SIMULATED,247,1594288,DISARMED,0,-0.000000,0.00000,7.4000,0.0000,25.00,25.00,0.00000,0.00000,0,520,0,500,0,0,0,0,20,0,520,0,0,0,0,0,0,0,0,600,600,600,100,100,0.00000,0.00000,9.80665,0.000000,0.00000,-0.00000,0.00000,0.00000,9.80665,0.000000,0.000000,0.000000,0,1,1,1,1,1,0,0,0,0
2026-09-21T05:58:52.745213+00:00,597170416,SIMULATED,248,1596692,DISARMED,0,-0.000000,0.00000,7.4000,0.0000,25.00,25.00,0.00000,0.00000,0,520,0,500,0,0,0,0,20,0,520,0,0,0,0,0,0,0,0,600,600,600,100,100,0.00000,0.00000,9.80665,0.000000,0.00000,-0.00000,0.00000,0.00000,9.80665,0.000000,0.000000,0.000000,0,1,1,1,1,1,0,0,0,0
2026-09-21T05:58:52.745249+00:00,597207041,SIMULATED,249,1599096,DISARMED,0,-0.000000,0.00000,7.4000,0.0000,25.00,25.00,0.00000,0.00000,0,520,0,500,0,0,0,0,20,0,520,0,0,0,0,0,0,0,0,600,600,600,100,100,0.00000,0.00000,9.80665,0.000000,0.00000,-0.00000,0.00000,0.00000,9.80665,0.000000,0.000000,0.000000,0,1,1,1,1,1,0,0,0,0
2026-09-21T05:58:52.745287+00:00,597244291,SIMULATED,250,1601500,DISARMED,0,-0.000000,0.00000,7.4000,0.0000,25.00,25.00,0.00000,0.00000,0,520,0,500,0,0,0,0,20,0,520,0,0,0,0,0,0,0,0,600,600,600,100,100,0.00000,0.00000,9.80665,0.000000,0.00000,-0.00000,0.00000,0.00000,9.80665,0.000000,0.000000,0.000000,0,1,1,1,1,1,0,0,0,0
2026-09-21T05:58:52.745321+00:00,597278875,SIMULATED,251,1603904,DISARMED,0,-0.000000,0.00000,7.4000,0.0000,25.00,25.00,0.00000,0.00000,0,520,0,500,0,0,0,0,20,0,520,0,0,0,0,0,0,0,0,600,600,600,100,100,0.00000,0.00000,9.80665,0.000000,0.00000,-0.00000,0.00000,0.00000,9.80665,0.000000,0.000000,0.000000,0,1,1,1,1,1,0,0,0,0
2026-09-21T05:58:52.745356+00:00,597313208,SIMULATED,252,1606308,DISARMED,0,-0.000000,0.00000,7.4000,0.0000,25.00,25.00,0.00000,0.00000,0,520,0,500,0,0,0,0,20,0,520,0,0,0,0,0,0,0,0,600,600,600,100,100,0.00000,0.00000,9.80665,0.000000,0.00000,-0.00000,0.00000,0.00000,9.80665,0.000000,0.000000,0.000000,0,1,1,1,1,1,0,0,0,0
2026-09-21T05:58:52.745393+00:00,597350958,SIMULATED,253,1608712,DISARMED,0,-0.000000,0.00000,7.4000,0.0000,25.00,25.00,0.00000,0.00000,0,520,0,500,0,0,0,0,20,0,520,0,0,0,0,0,0,0,0,600,600,600,100,100,0.00000,0.00000,9.80665,0.000000,0.00000,-0.00000,0.00000,0.00000,9.80665,0.000000,0.000000,0.000000,0,1,1,1,1,1,0,0,0,0
2026-09-21T05:58:52.745428+00:00,597385333,SIMULATED,254,1611116,DISARMED,0,-0.000000,0.00000,7.4000,0.0000,25.00,25.00,0.00000,0.00000,0,520,0,500,0,0,0,0,20,0,520,0,0,0,0,0,0,0,0,600,600,600,100,100,0.00000,0.00000,9.80665,0.000000,0.00000,-0.00000,0.00000,0.00000,9.80665,0.000000,0.000000,0.000000,0,1,1,1,1,1,0,0,0,0
2026-09-21T05:58:52.745463+00:00,597421125,SIMULATED,255,1613520,DISARMED,0,-0.000000,0.00000,7.4000,0.0000,25.00,25.00,0.00000,0.00000,0,520,0,500,0,0,0,0,20,0,520,0,0,0,0,0,0,0,0,600,600,600,100,100,0.00000,0.00000,9.80665,0.000000,0.00000,-0.00000,0.00000,0.00000,9.80665,0.000000,0.000000,0.000000,0,1,1,1,1,1,0,0,0,0
2026-09-21T05:58:52.745499+00:00,597456708,SIMULATED,256,1615924,DISARMED,0,-0.000000,0.00000,7.4000,0.0000,25.00,25.00,0.00000,0.00000,0,520,0,500,0,0,0,0,20,0,520,0,0,0,0,0,0,0,0,600,600,600,100,100,0.00000,0.00000,9.80665,0.000000,0.00000,-0.00000,0.00000,0.00000,9.80665,0.000000,0.000000,0.000000,0,1,1,1,1,1,0,0,0,0
2026-09-21T05:58:52.745533+00:00,597491041,SIMULATED,257,1618328,DISARMED,0,-0.000000,0.00000,7.4000,0.0000,25.00,25.00,0.00000,0.00000,0,520,0,500,0,0,0,0,20,0,520,0,0,0,0,0,0,0,0,600,600,600,100,100,0.00000,0.00000,9.80665,0.000000,0.00000,-0.00000,0.00000,0.00000,9.80665,0.000000,0.000000,0.000000,0,1,1,1,1,1,0,0,0,0
2026-09-21T05:58:52.745568+00:00,597525500,SIMULATED,258,1620732,DISARMED,0,-0.000000,0.00000,7.4000,0.0000,25.00,25.00,0.00000,0.00000,0,520,0,500,0,0,0,0,20,0,520,0,0,0,0,0,0,0,0,600,600,600,100,100,0.00000,0.00000,9.80665,0.000000,0.00000,-0.00000,0.00000,0.00000,9.80665,0.000000,0.000000,0.000000,0,1,1,1,1,1,0,0,0,0
2026-09-21T05:58:52.745602+00:00,597560166,SIMULATED,259,1623136,DISARMED,0,-0.000000,0.00000,7.4000,0.0000,25.00,25.00,0.00000,0.00000,0,520,0,500,0,0,0,0,20,0,520,0,0,0,0,0,0,0,0,600,600,600,100,100,0.00000,0.00000,9.80665,0.000000,0.00000,-0.00000,0.00000,0.00000,9.80665,0.000000,0.000000,0.000000,0,1,1,1,1,1,0,0,0,0
2026-09-21T05:58:52.745640+00:00,597597500,SIMULATED,260,1625540,DISARMED,0,-0.000000,0.00000,7.4000,0.0000,25.00,25.00,0.00000,0.00000,0,520,0,500,0,0,0,0,20,0,520,0,0,0,0,0,0,0,0,600,600,600,100,100,0.00000,0.00000,9.80665,0.000000,0.00000,-0.00000,0.00000,0.00000,9.80665,0.000000,0.000000,0.000000,0,1,1,1,1,1,0,0,0,0
2026-09-21T05:58:52.745675+00:00,597632916,SIMULATED,261,1627944,DISARMED,0,-0.000000,0.00000,7.4000,0.0000,25.00,25.00,0.00000,0.00000,0,520,0,500,0,0,0,0,20,0,520,0,0,0,0,0,0,0,0,600,600,600,100,100,0.00000,0.00000,9.80665,0.000000,0.00000,-0.00000,0.00000,0.00000,9.80665,0.000000,0.000000,0.000000,0,1,1,1,1,1,0,0,0,0
2026-09-21T05:58:52.745709+00:00,597667166,SIMULATED,262,1630348,DISARMED,0,-0.000000,0.00000,7.4000,0.0000,25.00,25.00,0.00000,0.00000,0,520,0,500,0,0,0,0,20,0,520,0,0,0,0,0,0,0,0,600,600,600,100,100,0.00000,0.00000,9.80665,0.000000,0.00000,-0.00000,0.00000,0.00000,9.80665,0.000000,0.000000,0.000000,0,1,1,1,1,1,0,0,0,0
2026-09-21T05:58:52.745744+00:00,597701208,SIMULATED,263,1632752,DISARMED,0,-0.000000,0.00000,7.4000,0.0000,25.00,25.00,0.00000,0.00000,0,520,0,500,0,0,0,0,20,0,520,0,0,0,0,0,0,0,0,600,600,600,100,100,0.00000,0.00000,9.80665,0.000000,0.00000,-0.00000,0.00000,0.00000,9.80665,0.000000,0.000000,0.000000,0,1,1,1,1,1,0,0,0,0
2026-09-21T05:58:52.749733+00:00,601699333,SIMULATED,264,1635156,DISARMED,0,-0.000000,0.00000,7.4000,0.0000,25.00,25.00,0.00000,0.00000,0,520,0,500,0,0,0,0,20,0,520,0,0,0,0,0,0,0,0,600,600,600,100,100,0.00000,0.00000,9.80665,0.000000,0.00000,-0.00000,0.00000,0.00000,9.80665,0.000000,0.000000,0.000000,0,1,1,1,1,1,0,0,0,0
2026-09-21T05:58:52.749855+00:00,601815083,SIMULATED,265,1637560,DISARMED,0,-0.000000,0.00000,7.4000,0.0000,25.00,25.00,0.00000,0.00000,0,520,0,500,0,0,0,0,20,0,520,0,0,0,0,0,0,0,0,600,600,600,100,100,0.00000,0.00000,9.80665,0.000000,0.00000,-0.00000,0.00000,0.00000,9.80665,0.000000,0.000000,0.000000,0,1,1,1,1,1,0,0,0,0
2026-09-21T05:58:52.750021+00:00,601997125,SIMULATED,266,1639964,DISARMED,0,-0.000000,0.00000,7.4000,0.0000,25.00,25.00,0.00000,0.00000,0,520,0,500,0,0,0,0,20,0,520,0,0,0,0,0,0,0,0,600,600,600,100,100,0.00000,0.00000,9.80665,0.000000,0.00000,-0.00000,0.00000,0.00000,9.80665,0.000000,0.000000,0.000000,0,1,1,1,1,1,0,0,0,0
2026-09-21T05:58:52.750194+00:00,602155500,SIMULATED,267,1642368,DISARMED,0,-0.000000,0.00000,7.4000,0.0000,25.00,25.00,0.00000,0.00000,0,520,0,500,0,0,0,0,20,0,520,0,0,0,0,0,0,0,0,600,600,600,100,100,0.00000,0.00000,9.80665,0.000000,0.00000,-0.00000,0.00000,0.00000,9.80665,0.000000,0.000000,0.000000,0,1,1,1,1,1,0,0,0,0
2026-09-21T05:58:52.750291+00:00,602250250,SIMULATED,268,1644772,DISARMED,0,-0.000000,0.00000,7.4000,0.0000,25.00,25.00,0.00000,0.00000,0,520,0,500,0,0,0,0,20,0,520,0,0,0,0,0,0,0,0,600,600,600,100,100,0.00000,0.00000,9.80665,0.000000,0.00000,-0.00000,0.00000,0.00000,9.80665,0.000000,0.000000,0.000000,0,1,1,1,1,1,0,0,0,0
2026-09-21T05:58:52.750375+00:00,602334583,SIMULATED,269,1647176,DISARMED,0,-0.000000,0.00000,7.4000,0.0000,25.00,25.00,0.00000,0.00000,0,520,0,500,0,0,0,0,20,0,520,0,0,0,0,0,0,0,0,600,600,600,100,100,0.00000,0.00000,9.80665,0.000000,0.00000,-0.00000,0.00000,0.00000,9.80665,0.000000,0.000000,0.000000,0,1,1,1,1,1,0,0,0,0
2026-09-21T05:58:52.750467+00:00,602426000,SIMULATED,270,1649580,DISARMED,0,-0.000000,0.00000,7.4000,0.0000,25.00,25.00,0.00000,0.00000,0,520,0,500,0,0,0,0,20,0,520,0,0,0,0,0,0,0,0,600,600,600,100,100,0.00000,0.00000,9.80665,0.000000,0.00000,-0.00000,0.00000,0.00000,9.80665,0.000000,0.000000,0.000000,0,1,1,1,1,1,0,0,0,0
2026-09-21T05:58:52.750548+00:00,602507083,SIMULATED,271,1651984,DISARMED,0,-0.000000,0.00000,7.4000,0.0000,25.00,25.00,0.00000,0.00000,0,520,0,500,0,0,0,0,20,0,520,0,0,0,0,0,0,0,0,600,600,600,100,100,0.00000,0.00000,9.80665,0.000000,0.00000,-0.00000,0.00000,0.00000,9.80665,0.000000,0.000000,0.000000,0,1,1,1,1,1,0,0,0,0
2026-09-21T05:58:52.750629+00:00,602587750,SIMULATED,272,1654388,DISARMED,0,-0.000000,0.00000,7.4000,0.0000,25.00,25.00,0.00000,0.00000,0,520,0,500,0,0,0,0,20,0,520,0,0,0,0,0,0,0,0,600,600,600,100,100,0.00000,0.00000,9.80665,0.000000,0.00000,-0.00000,0.00000,0.00000,9.80665,0.000000,0.000000,0.000000,0,1,1,1,1,1,0,0,0,0
2026-09-21T05:58:52.750741+00:00,602700291,SIMULATED,273,1656792,DISARMED,0,-0.000000,0.00000,7.4000,0.0000,25.00,25.00,0.00000,0.00000,0,520,0,500,0,0,0,0,20,0,520,0,0,0,0,0,0,0,0,600,600,600,100,100,0.00000,0.00000,9.80665,0.000000,0.00000,-0.00000,0.00000,0.00000,9.80665,0.000000,0.000000,0.000000,0,1,1,1,1,1,0,0,0,0
2026-09-21T05:58:52.750836+00:00,602795041,SIMULATED,274,1659196,DISARMED,0,-0.000000,0.00000,7.4000,0.0000,25.00,25.00,0.00000,0.00000,0,520,0,500,0,0,0,0,20,0,520,0,0,0,0,0,0,0,0,600,600,600,100,100,0.00000,0.00000,9.80665,0.000000,0.00000,-0.00000,0.00000,0.00000,9.80665,0.000000,0.000000,0.000000,0,1,1,1,1,1,0,0,0,0
2026-09-21T05:58:52.750917+00:00,602875666,SIMULATED,275,1661600,DISARMED,0,-0.000000,0.00000,7.4000,0.0000,25.00,25.00,0.00000,0.00000,0,520,0,500,0,0,0,0,20,0,520,0,0,0,0,0,0,0,0,600,600,600,100,100,0.00000,0.00000,9.80665,0.000000,0.00000,-0.00000,0.00000,0.00000,9.80665,0.000000,0.000000,0.000000,0,1,1,1,1,1,0,0,0,0
2026-09-21T05:58:52.750997+00:00,602955750,SIMULATED,276,1664004,DISARMED,0,-0.000000,0.00000,7.4000,0.0000,25.00,25.00,0.00000,0.00000,0,520,0,500,0,0,0,0,20,0,520,0,0,0,0,0,0,0,0,600,600,600,100,100,0.00000,0.00000,9.80665,0.000000,0.00000,-0.00000,0.00000,0.00000,9.80665,0.000000,0.000000,0.000000,0,1,1,1,1,1,0,0,0,0
2026-09-21T05:58:52.751076+00:00,603035083,SIMULATED,277,1666408,DISARMED,0,-0.000000,0.00000,7.4000,0.0000,25.00,25.00,0.00000,0.00000,0,520,0,500,0,0,0,0,20,0,520,0,0,0,0,0,0,0,0,600,600,600,100,100,0.00000,0.00000,9.80665,0.000000,0.00000,-0.00000,0.00000,0.00000,9.80665,0.000000,0.000000,0.000000,0,1,1,1,1,1,0,0,0,0
2026-09-21T05:58:52.751157+00:00,603116458,SIMULATED,278,1668812,DISARMED,0,-0.000000,0.00000,7.4000,0.0000,25.00,25.00,0.00000,0.00000,0,520,0,500,0,0,0,0,20,0,520,0,0,0,0,0,0,0,0,600,600,600,100,100,0.00000,0.00000,9.80665,0.000000,0.00000,-0.00000,0.00000,0.00000,9.80665,0.000000,0.000000,0.000000,0,1,1,1,1,1,0,0,0,0
2026-09-21T05:58:52.751246+00:00,603205041,SIMULATED,279,1671216,DISARMED,0,-0.000000,0.00000,7.4000,0.0000,25.00,25.00,0.00000,0.00000,0,520,0,500,0,0,0,0,20,0,520,0,0,0,0,0,0,0,0,600,600,600,100,100,0.00000,0.00000,9.80665,0.000000,0.00000,-0.00000,0.00000,0.00000,9.80665,0.000000,0.000000,0.000000,0,1,1,1,1,1,0,0,0,0
2026-09-21T05:58:52.751333+00:00,603291625,SIMULATED,280,1673620,DISARMED,0,-0.000000,0.00000,7.4000,0.0000,25.00,25.00,0.00000,0.00000,0,520,0,500,0,0,0,0,20,0,520,0,0,0,0,0,0,0,0,600,600,600,100,100,0.00000,0.00000,9.80665,0.000000,0.00000,-0.00000,0.00000,0.00000,9.80665,0.000000,0.000000,0.000000,0,1,1,1,1,1,0,0,0,0
2026-09-21T05:58:52.751413+00:00,603371500,SIMULATED,281,1676024,DISARMED,0,-0.000000,0.00000,7.4000,0.0000,25.00,25.00,0.00000,0.00000,0,520,0,500,0,0,0,0,20,0,520,0,0,0,0,0,0,0,0,600,600,600,100,100,0.00000,0.00000,9.80665,0.000000,0.00000,-0.00000,0.00000,0.00000,9.80665,0.000000,0.000000,0.000000,0,1,1,1,1,1,0,0,0,0
2026-09-21T05:58:52.751493+00:00,603452125,SIMULATED,282,1678428,DISARMED,0,-0.000000,0.00000,7.4000,0.0000,25.00,25.00,0.00000,0.00000,0,520,0,500,0,0,0,0,20,0,520,0,0,0,0,0,0,0,0,600,600,600,100,100,0.00000,0.00000,9.80665,0.000000,0.00000,-0.00000,0.00000,0.00000,9.80665,0.000000,0.000000,0.000000,0,1,1,1,1,1,0,0,0,0
2026-09-21T05:58:52.751573+00:00,603531833,SIMULATED,283,1680832,DISARMED,0,-0.000000,0.00000,7.4000,0.0000,25.00,25.00,0.00000,0.00000,0,520,0,500,0,0,0,0,20,0,520,0,0,0,0,0,0,0,0,600,600,600,100,100,0.00000,0.00000,9.80665,0.000000,0.00000,-0.00000,0.00000,0.00000,9.80665,0.000000,0.000000,0.000000,0,1,1,1,1,1,0,0,0,0
2026-09-21T05:58:52.751654+00:00,603612416,SIMULATED,284,1683236,DISARMED,0,-0.000000,0.00000,7.4000,0.0000,25.00,25.00,0.00000,0.00000,0,520,0,500,0,0,0,0,20,0,520,0,0,0,0,0,0,0,0,600,600,600,100,100,0.00000,0.00000,9.80665,0.000000,0.00000,-0.00000,0.00000,0.00000,9.80665,0.000000,0.000000,0.000000,0,1,1,1,1,1,0,0,0,0
2026-09-21T05:58:52.751737+00:00,603695458,SIMULATED,285,1685640,DISARMED,0,-0.000000,0.00000,7.4000,0.0000,25.00,25.00,0.00000,0.00000,0,520,0,500,0,0,0,0,20,0,520,0,0,0,0,0,0,0,0,600,600,600,100,100,0.00000,0.00000,9.80665,0.000000,0.00000,-0.00000,0.00000,0.00000,9.80665,0.000000,0.000000,0.000000,0,1,1,1,1,1,0,0,0,0
2026-09-21T05:58:52.751817+00:00,603775500,SIMULATED,286,1688044,DISARMED,0,-0.000000,0.00000,7.4000,0.0000,25.00,25.00,0.00000,0.00000,0,520,0,500,0,0,0,0,20,0,520,0,0,0,0,0,0,0,0,600,600,600,100,100,0.00000,0.00000,9.80665,0.000000,0.00000,-0.00000,0.00000,0.00000,9.80665,0.000000,0.000000,0.000000,0,1,1,1,1,1,0,0,0,0
2026-09-21T05:58:52.751897+00:00,603855666,SIMULATED,287,1690448,DISARMED,0,-0.000000,0.00000,7.4000,0.0000,25.00,25.00,0.00000,0.00000,0,520,0,500,0,0,0,0,20,0,520,0,0,0,0,0,0,0,0,600,600,600,100,100,0.00000,0.00000,9.80665,0.000000,0.00000,-0.00000,0.00000,0.00000,9.80665,0.000000,0.000000,0.000000,0,1,1,1,1,1,0,0,0,0
2026-09-21T05:58:52.751979+00:00,603938083,SIMULATED,288,1692852,DISARMED,0,-0.000000,0.00000,7.4000,0.0000,25.00,25.00,0.00000,0.00000,0,520,0,500,0,0,0,0,20,0,520,0,0,0,0,0,0,0,0,600,600,600,100,100,0.00000,0.00000,9.80665,0.000000,0.00000,-0.00000,0.00000,0.00000,9.80665,0.000000,0.000000,0.000000,0,1,1,1,1,1,0,0,0,0
2026-09-21T05:58:52.752059+00:00,604018375,SIMULATED,289,1695256,DISARMED,0,-0.000000,0.00000,7.4000,0.0000,25.00,25.00,0.00000,0.00000,0,520,0,500,0,0,0,0,20,0,520,0,0,0,0,0,0,0,0,600,600,600,100,100,0.00000,0.00000,9.80665,0.000000,0.00000,-0.00000,0.00000,0.00000,9.80665,0.000000,0.000000,0.000000,0,1,1,1,1,1,0,0,0,0
2026-09-21T05:58:52.752145+00:00,604104375,SIMULATED,290,1697660,DISARMED,0,-0.000000,0.00000,7.4000,0.0000,25.00,25.00,0.00000,0.00000,0,520,0,500,0,0,0,0,20,0,520,0,0,0,0,0,0,0,0,600,600,600,100,100,0.00000,0.00000,9.80665,0.000000,0.00000,-0.00000,0.00000,0.00000,9.80665,0.000000,0.000000,0.000000,0,1,1,1,1,1,0,0,0,0
2026-09-21T05:58:52.752232+00:00,604191125,SIMULATED,291,1700064,DISARMED,0,-0.000000,0.00000,7.4000,0.0000,25.00,25.00,0.00000,0.00000,0,520,0,500,0,0,0,0,20,0,520,0,0,0,0,0,0,0,0,600,600,600,100,100,0.00000,0.00000,9.80665,0.000000,0.00000,-0.00000,0.00000,0.00000,9.80665,0.000000,0.000000,0.000000,0,1,1,1,1,1,0,0,0,0
2026-09-21T05:58:52.752312+00:00,604271041,SIMULATED,292,1702468,DISARMED,0,-0.000000,0.00000,7.4000,0.0000,25.00,25.00,0.00000,0.00000,0,520,0,500,0,0,0,0,20,0,520,0,0,0,0,0,0,0,0,600,600,600,100,100,0.00000,0.00000,9.80665,0.000000,0.00000,-0.00000,0.00000,0.00000,9.80665,0.000000,0.000000,0.000000,0,1,1,1,1,1,0,0,0,0
2026-09-21T05:58:52.752392+00:00,604351041,SIMULATED,293,1704872,DISARMED,0,-0.000000,0.00000,7.4000,0.0000,25.00,25.00,0.00000,0.00000,0,520,0,500,0,0,0,0,20,0,520,0,0,0,0,0,0,0,0,600,600,600,100,100,0.00000,0.00000,9.80665,0.000000,0.00000,-0.00000,0.00000,0.00000,9.80665,0.000000,0.000000,0.000000,0,1,1,1,1,1,0,0,0,0
2026-09-21T05:58:52.752485+00:00,604443708,SIMULATED,294,1707276,DISARMED,0,-0.000000,0.00000,7.4000,0.0000,25.00,25.00,0.00000,0.00000,0,520,0,500,0,0,0,0,20,0,520,0,0,0,0,0,0,0,0,600,600,600,100,100,0.00000,0.00000,9.80665,0.000000,0.00000,-0.00000,0.00000,0.00000,9.80665,0.000000,0.000000,0.000000,0,1,1,1,1,1,0,0,0,0
2026-09-21T05:58:52.752565+00:00,604524208,SIMULATED,295,1709680,DISARMED,0,-0.000000,0.00000,7.4000,0.0000,25.00,25.00,0.00000,0.00000,0,520,0,500,0,0,0,0,20,0,520,0,0,0,0,0,0,0,0,600,600,600,100,100,0.00000,0.00000,9.80665,0.000000,0.00000,-0.00000,0.00000,0.00000,9.80665,0.000000,0.000000,0.000000,0,1,1,1,1,1,0,0,0,0
2026-09-21T05:58:52.752652+00:00,604611000,SIMULATED,296,1712084,DISARMED,0,-0.000000,0.00000,7.4000,0.0000,25.00,25.00,0.00000,0.00000,0,520,0,500,0,0,0,0,20,0,520,0,0,0,0,0,0,0,0,600,600,600,100,100,0.00000,0.00000,9.80665,0.000000,0.00000,-0.00000,0.00000,0.00000,9.80665,0.000000,0.000000,0.000000,0,1,1,1,1,1,0,0,0,0
2026-09-21T05:58:52.752743+00:00,604701750,SIMULATED,297,1714488,DISARMED,0,-0.000000,0.00000,7.4000,0.0000,25.00,25.00,0.00000,0.00000,0,520,0,500,0,0,0,0,20,0,520,0,0,0,0,0,0,0,0,600,600,600,100,100,0.00000,0.00000,9.80665,0.000000,0.00000,-0.00000,0.00000,0.00000,9.80665,0.000000,0.000000,0.000000,0,1,1,1,1,1,0,0,0,0
2026-09-21T05:58:52.752823+00:00,604781541,SIMULATED,298,1716892,DISARMED,0,-0.000000,0.00000,7.4000,0.0000,25.00,25.00,0.00000,0.00000,0,520,0,500,0,0,0,0,20,0,520,0,0,0,0,0,0,0,0,600,600,600,100,100,0.00000,0.00000,9.80665,0.000000,0.00000,-0.00000,0.00000,0.00000,9.80665,0.000000,0.000000,0.000000,0,1,1,1,1,1,0,0,0,0
2026-09-21T05:58:52.752903+00:00,604861666,SIMULATED,299,1719296,DISARMED,0,-0.000000,0.00000,7.4000,0.0000,25.00,25.00,0.00000,0.00000,0,520,0,500,0,0,0,0,20,0,520,0,0,0,0,0,0,0,0,600,600,600,100,100,0.00000,0.00000,9.80665,0.000000,0.00000,-0.00000,0.00000,0.00000,9.80665,0.000000,0.000000,0.000000,0,1,1,1,1,1,0,0,0,0
2026-09-21T05:58:52.752988+00:00,604946541,SIMULATED,300,1721700,DISARMED,0,-0.000000,0.00000,7.4000,0.0000,25.00,25.00,0.00000,0.00000,0,520,0,500,0,0,0,0,20,0,520,0,0,0,0,0,0,0,0,600,600,600,100,100,0.00000,0.00000,9.80665,0.000000,0.00000,-0.00000,0.00000,0.00000,9.80665,0.000000,0.000000,0.000000,0,1,1,1,1,1,0,0,0,0
2026-09-21T05:58:52.753068+00:00,605026833,SIMULATED,301,1724104,DISARMED,0,-0.000000,0.00000,7.4000,0.0000,25.00,25.00,0.00000,0.00000,0,520,0,500,0,0,0,0,20,0,520,0,0,0,0,0,0,0,0,600,600,600,100,100,0.00000,0.00000,9.80665,0.000000,0.00000,-0.00000,0.00000,0.00000,9.80665,0.000000,0.000000,0.000000,0,1,1,1,1,1,0,0,0,0
2026-09-21T05:58:52.753148+00:00,605106750,SIMULATED,302,1726508,DISARMED,0,-0.000000,0.00000,7.4000,0.0000,25.00,25.00,0.00000,0.00000,0,520,0,500,0,0,0,0,20,0,520,0,0,0,0,0,0,0,0,600,600,600,100,100,0.00000,0.00000,9.80665,0.000000,0.00000,-0.00000,0.00000,0.00000,9.80665,0.000000,0.000000,0.000000,0,1,1,1,1,1,0,0,0,0
2026-09-21T05:58:52.753230+00:00,605189041,SIMULATED,303,1728912,DISARMED,0,-0.000000,0.00000,7.4000,0.0000,25.00,25.00,0.00000,0.00000,0,520,0,500,0,0,0,0,20,0,520,0,0,0,0,0,0,0,0,600,600,600,100,100,0.00000,0.00000,9.80665,0.000000,0.00000,-0.00000,0.00000,0.00000,9.80665,0.000000,0.000000,0.000000,0,1,1,1,1,1,0,0,0,0
2026-09-21T05:58:52.753318+00:00,605277000,SIMULATED,304,1731316,DISARMED,0,-0.000000,0.00000,7.4000,0.0000,25.00,25.00,0.00000,0.00000,0,520,0,500,0,0,0,0,20,0,520,0,0,0,0,0,0,0,0,600,600,600,100,100,0.00000,0.00000,9.80665,0.000000,0.00000,-0.00000,0.00000,0.00000,9.80665,0.000000,0.000000,0.000000,0,1,1,1,1,1,0,0,0,0
2026-09-21T05:58:52.753396+00:00,605354583,SIMULATED,305,1733720,DISARMED,0,-0.000000,0.00000,7.4000,0.0000,25.00,25.00,0.00000,0.00000,0,520,0,500,0,0,0,0,20,0,520,0,0,0,0,0,0,0,0,600,600,600,100,100,0.00000,0.00000,9.80665,0.000000,0.00000,-0.00000,0.00000,0.00000,9.80665,0.000000,0.000000,0.000000,0,1,1,1,1,1,0,0,0,0
2026-09-21T05:58:52.753485+00:00,605443500,SIMULATED,306,1736124,DISARMED,0,-0.000000,0.00000,7.4000,0.0000,25.00,25.00,0.00000,0.00000,0,520,0,500,0,0,0,0,20,0,520,0,0,0,0,0,0,0,0,600,600,600,100,100,0.00000,0.00000,9.80665,0.000000,0.00000,-0.00000,0.00000,0.00000,9.80665,0.000000,0.000000,0.000000,0,1,1,1,1,1,0,0,0,0
2026-09-21T05:58:52.753529+00:00,605487125,SIMULATED,307,1738528,DISARMED,0,-0.000000,0.00000,7.4000,0.0000,25.00,25.00,0.00000,0.00000,0,520,0,500,0,0,0,0,20,0,520,0,0,0,0,0,0,0,0,600,600,600,100,100,0.00000,0.00000,9.80665,0.000000,0.00000,-0.00000,0.00000,0.00000,9.80665,0.000000,0.000000,0.000000,0,1,1,1,1,1,0,0,0,0
2026-09-21T05:58:52.753567+00:00,605524458,SIMULATED,308,1740932,DISARMED,0,-0.000000,0.00000,7.4000,0.0000,25.00,25.00,0.00000,0.00000,0,520,0,500,0,0,0,0,20,0,520,0,0,0,0,0,0,0,0,600,600,600,100,100,0.00000,0.00000,9.80665,0.000000,0.00000,-0.00000,0.00000,0.00000,9.80665,0.000000,0.000000,0.000000,0,1,1,1,1,1,0,0,0,0
2026-09-21T05:58:52.753605+00:00,605562458,SIMULATED,309,1743336,DISARMED,0,-0.000000,0.00000,7.4000,0.0000,25.00,25.00,0.00000,0.00000,0,520,0,500,0,0,0,0,20,0,520,0,0,0,0,0,0,0,0,600,600,600,100,100,0.00000,0.00000,9.80665,0.000000,0.00000,-0.00000,0.00000,0.00000,9.80665,0.000000,0.000000,0.000000,0,1,1,1,1,1,0,0,0,0
2026-09-21T05:58:52.753649+00:00,605606541,SIMULATED,310,1745740,DISARMED,0,-0.000000,0.00000,7.4000,0.0000,25.00,25.00,0.00000,0.00000,0,520,0,500,0,0,0,0,20,0,520,0,0,0,0,0,0,0,0,600,600,600,100,100,0.00000,0.00000,9.80665,0.000000,0.00000,-0.00000,0.00000,0.00000,9.80665,0.000000,0.000000,0.000000,0,1,1,1,1,1,0,0,0,0
2026-09-21T05:58:52.753685+00:00,605642333,SIMULATED,311,1748144,DISARMED,0,-0.000000,0.00000,7.4000,0.0000,25.00,25.00,0.00000,0.00000,0,520,0,500,0,0,0,0,20,0,520,0,0,0,0,0,0,0,0,600,600,600,100,100,0.00000,0.00000,9.80665,0.000000,0.00000,-0.00000,0.00000,0.00000,9.80665,0.000000,0.000000,0.000000,0,1,1,1,1,1,0,0,0,0
2026-09-21T05:58:52.753720+00:00,605677208,SIMULATED,312,1750548,DISARMED,0,-0.000000,0.00000,7.4000,0.0000,25.00,25.00,0.00000,0.00000,0,520,0,500,0,0,0,0,20,0,520,0,0,0,0,0,0,0,0,600,600,600,100,100,0.00000,0.00000,9.80665,0.000000,0.00000,-0.00000,0.00000,0.00000,9.80665,0.000000,0.000000,0.000000,0,1,1,1,1,1,0,0,0,0
2026-09-21T05:58:52.753755+00:00,605712250,SIMULATED,313,1752952,DISARMED,0,-0.000000,0.00000,7.4000,0.0000,25.00,25.00,0.00000,0.00000,0,520,0,500,0,0,0,0,20,0,520,0,0,0,0,0,0,0,0,600,600,600,100,100,0.00000,0.00000,9.80665,0.000000,0.00000,-0.00000,0.00000,0.00000,9.80665,0.000000,0.000000,0.000000,0,1,1,1,1,1,0,0,0,0
2026-09-21T05:58:52.753789+00:00,605746750,SIMULATED,314,1755356,DISARMED,0,-0.000000,0.00000,7.4000,0.0000,25.00,25.00,0.00000,0.00000,0,520,0,500,0,0,0,0,20,0,520,0,0,0,0,0,0,0,0,600,600,600,100,100,0.00000,0.00000,9.80665,0.000000,0.00000,-0.00000,0.00000,0.00000,9.80665,0.000000,0.000000,0.000000,0,1,1,1,1,1,0,0,0,0
2026-09-21T05:58:52.753825+00:00,605782583,SIMULATED,315,1757760,DISARMED,0,-0.000000,0.00000,7.4000,0.0000,25.00,25.00,0.00000,0.00000,0,520,0,500,0,0,0,0,20,0,520,0,0,0,0,0,0,0,0,600,600,600,100,100,0.00000,0.00000,9.80665,0.000000,0.00000,-0.00000,0.00000,0.00000,9.80665,0.000000,0.000000,0.000000,0,1,1,1,1,1,0,0,0,0
2026-09-21T05:58:52.753859+00:00,605816500,SIMULATED,316,1760164,DISARMED,0,-0.000000,0.00000,7.4000,0.0000,25.00,25.00,0.00000,0.00000,0,520,0,500,0,0,0,0,20,0,520,0,0,0,0,0,0,0,0,600,600,600,100,100,0.00000,0.00000,9.80665,0.000000,0.00000,-0.00000,0.00000,0.00000,9.80665,0.000000,0.000000,0.000000,0,1,1,1,1,1,0,0,0,0
2026-09-21T05:58:52.753896+00:00,605853583,SIMULATED,317,1762568,DISARMED,0,-0.000000,0.00000,7.4000,0.0000,25.00,25.00,0.00000,0.00000,0,520,0,500,0,0,0,0,20,0,520,0,0,0,0,0,0,0,0,600,600,600,100,100,0.00000,0.00000,9.80665,0.000000,0.00000,-0.00000,0.00000,0.00000,9.80665,0.000000,0.000000,0.000000,0,1,1,1,1,1,0,0,0,0
2026-09-21T05:58:52.753930+00:00,605887750,SIMULATED,318,1764972,DISARMED,0,-0.000000,0.00000,7.4000,0.0000,25.00,25.00,0.00000,0.00000,0,520,0,500,0,0,0,0,20,0,520,0,0,0,0,0,0,0,0,600,600,600,100,100,0.00000,0.00000,9.80665,0.000000,0.00000,-0.00000,0.00000,0.00000,9.80665,0.000000,0.000000,0.000000,0,1,1,1,1,1,0,0,0,0
2026-09-21T05:58:52.753972+00:00,605929750,SIMULATED,319,1767376,DISARMED,0,-0.000000,0.00000,7.4000,0.0000,25.00,25.00,0.00000,0.00000,0,520,0,500,0,0,0,0,20,0,520,0,0,0,0,0,0,0,0,600,600,600,100,100,0.00000,0.00000,9.80665,0.000000,0.00000,-0.00000,0.00000,0.00000,9.80665,0.000000,0.000000,0.000000,0,1,1,1,1,1,0,0,0,0
2026-09-21T05:58:52.754009+00:00,605966583,SIMULATED,320,1769780,DISARMED,0,-0.000000,0.00000,7.4000,0.0000,25.00,25.00,0.00000,0.00000,0,520,0,500,0,0,0,0,20,0,520,0,0,0,0,0,0,0,0,600,600,600,100,100,0.00000,0.00000,9.80665,0.000000,0.00000,-0.00000,0.00000,0.00000,9.80665,0.000000,0.000000,0.000000,0,1,1,1,1,1,0,0,0,0
2026-09-21T05:58:52.754044+00:00,606001458,SIMULATED,321,1772184,DISARMED,0,-0.000000,0.00000,7.4000,0.0000,25.00,25.00,0.00000,0.00000,0,520,0,500,0,0,0,0,20,0,520,0,0,0,0,0,0,0,0,600,600,600,100,100,0.00000,0.00000,9.80665,0.000000,0.00000,-0.00000,0.00000,0.00000,9.80665,0.000000,0.000000,0.000000,0,1,1,1,1,1,0,0,0,0
2026-09-21T05:58:52.754077+00:00,606034666,SIMULATED,322,1774588,DISARMED,0,-0.000000,0.00000,7.4000,0.0000,25.00,25.00,0.00000,0.00000,0,520,0,500,0,0,0,0,20,0,520,0,0,0,0,0,0,0,0,600,600,600,100,100,0.00000,0.00000,9.80665,0.000000,0.00000,-0.00000,0.00000,0.00000,9.80665,0.000000,0.000000,0.000000,0,1,1,1,1,1,0,0,0,0
2026-09-21T05:58:52.754112+00:00,606069375,SIMULATED,323,1776992,DISARMED,0,-0.000000,0.00000,7.4000,0.0000,25.00,25.00,0.00000,0.00000,0,520,0,500,0,0,0,0,20,0,520,0,0,0,0,0,0,0,0,600,600,600,100,100,0.00000,0.00000,9.80665,0.000000,0.00000,-0.00000,0.00000,0.00000,9.80665,0.000000,0.000000,0.000000,0,1,1,1,1,1,0,0,0,0
2026-09-21T05:58:52.754146+00:00,606104000,SIMULATED,324,1779396,DISARMED,0,-0.000000,0.00000,7.4000,0.0000,25.00,25.00,0.00000,0.00000,0,520,0,500,0,0,0,0,20,0,520,0,0,0,0,0,0,0,0,600,600,600,100,100,0.00000,0.00000,9.80665,0.000000,0.00000,-0.00000,0.00000,0.00000,9.80665,0.000000,0.000000,0.000000,0,1,1,1,1,1,0,0,0,0
2026-09-21T05:58:52.754181+00:00,606138833,SIMULATED,325,1781800,DISARMED,0,-0.000000,0.00000,7.4000,0.0000,25.00,25.00,0.00000,0.00000,0,520,0,500,0,0,0,0,20,0,520,0,0,0,0,0,0,0,0,600,600,600,100,100,0.00000,0.00000,9.80665,0.000000,0.00000,-0.00000,0.00000,0.00000,9.80665,0.000000,0.000000,0.000000,0,1,1,1,1,1,0,0,0,0
2026-09-21T05:58:52.754216+00:00,606173250,SIMULATED,326,1784204,DISARMED,0,-0.000000,0.00000,7.4000,0.0000,25.00,25.00,0.00000,0.00000,0,520,0,500,0,0,0,0,20,0,520,0,0,0,0,0,0,0,0,600,600,600,100,100,0.00000,0.00000,9.80665,0.000000,0.00000,-0.00000,0.00000,0.00000,9.80665,0.000000,0.000000,0.000000,0,1,1,1,1,1,0,0,0,0
2026-09-21T05:58:52.754257+00:00,606214583,SIMULATED,327,1786608,DISARMED,0,-0.000000,0.00000,7.4000,0.0000,25.00,25.00,0.00000,0.00000,0,520,0,500,0,0,0,0,20,0,520,0,0,0,0,0,0,0,0,600,600,600,100,100,0.00000,0.00000,9.80665,0.000000,0.00000,-0.00000,0.00000,0.00000,9.80665,0.000000,0.000000,0.000000,0,1,1,1,1,1,0,0,0,0
2026-09-21T05:58:52.754294+00:00,606251666,SIMULATED,328,1789012,DISARMED,0,-0.000000,0.00000,7.4000,0.0000,25.00,25.00,0.00000,0.00000,0,520,0,500,0,0,0,0,20,0,520,0,0,0,0,0,0,0,0,600,600,600,100,100,0.00000,0.00000,9.80665,0.000000,0.00000,-0.00000,0.00000,0.00000,9.80665,0.000000,0.000000,0.000000,0,1,1,1,1,1,0,0,0,0
2026-09-21T05:58:52.754329+00:00,606286250,SIMULATED,329,1791416,DISARMED,0,-0.000000,0.00000,7.4000,0.0000,25.00,25.00,0.00000,0.00000,0,520,0,500,0,0,0,0,20,0,520,0,0,0,0,0,0,0,0,600,600,600,100,100,0.00000,0.00000,9.80665,0.000000,0.00000,-0.00000,0.00000,0.00000,9.80665,0.000000,0.000000,0.000000,0,1,1,1,1,1,0,0,0,0
2026-09-21T05:58:52.754370+00:00,606327750,SIMULATED,330,1793820,DISARMED,0,-0.000000,0.00000,7.4000,0.0000,25.00,25.00,0.00000,0.00000,0,520,0,500,0,0,0,0,20,0,520,0,0,0,0,0,0,0,0,600,600,600,100,100,0.00000,0.00000,9.80665,0.000000,0.00000,-0.00000,0.00000,0.00000,9.80665,0.000000,0.000000,0.000000,0,1,1,1,1,1,0,0,0,0
2026-09-21T05:58:52.754404+00:00,606361916,SIMULATED,331,1796224,DISARMED,0,-0.000000,0.00000,7.4000,0.0000,25.00,25.00,0.00000,0.00000,0,520,0,500,0,0,0,0,20,0,520,0,0,0,0,0,0,0,0,600,600,600,100,100,0.00000,0.00000,9.80665,0.000000,0.00000,-0.00000,0.00000,0.00000,9.80665,0.000000,0.000000,0.000000,0,1,1,1,1,1,0,0,0,0
2026-09-21T05:58:52.754438+00:00,606396041,SIMULATED,332,1798628,DISARMED,0,-0.000000,0.00000,7.4000,0.0000,25.00,25.00,0.00000,0.00000,0,520,0,500,0,0,0,0,20,0,520,0,0,0,0,0,0,0,0,600,600,600,100,100,0.00000,0.00000,9.80665,0.000000,0.00000,-0.00000,0.00000,0.00000,9.80665,0.000000,0.000000,0.000000,0,1,1,1,1,1,0,0,0,0
2026-09-21T05:58:52.754477+00:00,606434500,SIMULATED,333,1801032,DISARMED,0,-0.000000,0.00000,7.4000,0.0000,25.00,25.00,0.00000,0.00000,0,520,0,500,0,0,0,0,20,0,520,0,0,0,0,0,0,0,0,600,600,600,100,100,0.00000,0.00000,9.80665,0.000000,0.00000,-0.00000,0.00000,0.00000,9.80665,0.000000,0.000000,0.000000,0,1,1,1,1,1,0,0,0,0
2026-09-21T05:58:52.754510+00:00,606467708,SIMULATED,334,1803436,DISARMED,0,-0.000000,0.00000,7.4000,0.0000,25.00,25.00,0.00000,0.00000,0,520,0,500,0,0,0,0,20,0,520,0,0,0,0,0,0,0,0,600,600,600,100,100,0.00000,0.00000,9.80665,0.000000,0.00000,-0.00000,0.00000,0.00000,9.80665,0.000000,0.000000,0.000000,0,1,1,1,1,1,0,0,0,0
2026-09-21T05:58:52.754545+00:00,606502291,SIMULATED,335,1805840,DISARMED,0,-0.000000,0.00000,7.4000,0.0000,25.00,25.00,0.00000,0.00000,0,520,0,500,0,0,0,0,20,0,520,0,0,0,0,0,0,0,0,600,600,600,100,100,0.00000,0.00000,9.80665,0.000000,0.00000,-0.00000,0.00000,0.00000,9.80665,0.000000,0.000000,0.000000,0,1,1,1,1,1,0,0,0,0
2026-09-21T05:58:52.754579+00:00,606536333,SIMULATED,336,1808244,DISARMED,0,-0.000000,0.00000,7.4000,0.0000,25.00,25.00,0.00000,0.00000,0,520,0,500,0,0,0,0,20,0,520,0,0,0,0,0,0,0,0,600,600,600,100,100,0.00000,0.00000,9.80665,0.000000,0.00000,-0.00000,0.00000,0.00000,9.80665,0.000000,0.000000,0.000000,0,1,1,1,1,1,0,0,0,0
2026-09-21T05:58:52.754618+00:00,606575625,SIMULATED,337,1810648,DISARMED,0,-0.000000,0.00000,7.4000,0.0000,25.00,25.00,0.00000,0.00000,0,520,0,500,0,0,0,0,20,0,520,0,0,0,0,0,0,0,0,600,600,600,100,100,0.00000,0.00000,9.80665,0.000000,0.00000,-0.00000,0.00000,0.00000,9.80665,0.000000,0.000000,0.000000,0,1,1,1,1,1,0,0,0,0
2026-09-21T05:58:52.754652+00:00,606609916,SIMULATED,338,1813052,DISARMED,0,-0.000000,0.00000,7.4000,0.0000,25.00,25.00,0.00000,0.00000,0,520,0,500,0,0,0,0,20,0,520,0,0,0,0,0,0,0,0,600,600,600,100,100,0.00000,0.00000,9.80665,0.000000,0.00000,-0.00000,0.00000,0.00000,9.80665,0.000000,0.000000,0.000000,0,1,1,1,1,1,0,0,0,0
2026-09-21T05:58:52.754688+00:00,606645500,SIMULATED,339,1815456,DISARMED,0,-0.000000,0.00000,7.4000,0.0000,25.00,25.00,0.00000,0.00000,0,520,0,500,0,0,0,0,20,0,520,0,0,0,0,0,0,0,0,600,600,600,100,100,0.00000,0.00000,9.80665,0.000000,0.00000,-0.00000,0.00000,0.00000,9.80665,0.000000,0.000000,0.000000,0,1,1,1,1,1,0,0,0,0
2026-09-21T05:58:52.754725+00:00,606682208,SIMULATED,340,1817860,DISARMED,0,-0.000000,0.00000,7.4000,0.0000,25.00,25.00,0.00000,0.00000,0,520,0,500,0,0,0,0,20,0,520,0,0,0,0,0,0,0,0,600,600,600,100,100,0.00000,0.00000,9.80665,0.000000,0.00000,-0.00000,0.00000,0.00000,9.80665,0.000000,0.000000,0.000000,0,1,1,1,1,1,0,0,0,0
2026-09-21T05:58:52.754759+00:00,606716291,SIMULATED,341,1820264,DISARMED,0,-0.000000,0.00000,7.4000,0.0000,25.00,25.00,0.00000,0.00000,0,520,0,500,0,0,0,0,20,0,520,0,0,0,0,0,0,0,0,600,600,600,100,100,0.00000,0.00000,9.80665,0.000000,0.00000,-0.00000,0.00000,0.00000,9.80665,0.000000,0.000000,0.000000,0,1,1,1,1,1,0,0,0,0
2026-09-21T05:58:52.754795+00:00,606752666,SIMULATED,342,1822668,DISARMED,0,-0.000000,0.00000,7.4000,0.0000,25.00,25.00,0.00000,0.00000,0,520,0,500,0,0,0,0,20,0,520,0,0,0,0,0,0,0,0,600,600,600,100,100,0.00000,0.00000,9.80665,0.000000,0.00000,-0.00000,0.00000,0.00000,9.80665,0.000000,0.000000,0.000000,0,1,1,1,1,1,0,0,0,0
2026-09-21T05:58:52.754829+00:00,606787000,SIMULATED,343,1825072,DISARMED,0,-0.000000,0.00000,7.4000,0.0000,25.00,25.00,0.00000,0.00000,0,520,0,500,0,0,0,0,20,0,520,0,0,0,0,0,0,0,0,600,600,600,100,100,0.00000,0.00000,9.80665,0.000000,0.00000,-0.00000,0.00000,0.00000,9.80665,0.000000,0.000000,0.000000,0,1,1,1,1,1,0,0,0,0
2026-09-21T05:58:52.754863+00:00,606820750,SIMULATED,344,1827476,DISARMED,0,-0.000000,0.00000,7.4000,0.0000,25.00,25.00,0.00000,0.00000,0,520,0,500,0,0,0,0,20,0,520,0,0,0,0,0,0,0,0,600,600,600,100,100,0.00000,0.00000,9.80665,0.000000,0.00000,-0.00000,0.00000,0.00000,9.80665,0.000000,0.000000,0.000000,0,1,1,1,1,1,0,0,0,0
2026-09-21T05:58:52.754899+00:00,606857083,SIMULATED,345,1829880,DISARMED,0,-0.000000,0.00000,7.4000,0.0000,25.00,25.00,0.00000,0.00000,0,520,0,500,0,0,0,0,20,0,520,0,0,0,0,0,0,0,0,600,600,600,100,100,0.00000,0.00000,9.80665,0.000000,0.00000,-0.00000,0.00000,0.00000,9.80665,0.000000,0.000000,0.000000,0,1,1,1,1,1,0,0,0,0
2026-09-21T05:58:52.754934+00:00,606891666,SIMULATED,346,1832284,DISARMED,0,-0.000000,0.00000,7.4000,0.0000,25.00,25.00,0.00000,0.00000,0,520,0,500,0,0,0,0,20,0,520,0,0,0,0,0,0,0,0,600,600,600,100,100,0.00000,0.00000,9.80665,0.000000,0.00000,-0.00000,0.00000,0.00000,9.80665,0.000000,0.000000,0.000000,0,1,1,1,1,1,0,0,0,0
2026-09-21T05:58:52.754968+00:00,606925708,SIMULATED,347,1834688,DISARMED,0,-0.000000,0.00000,7.4000,0.0000,25.00,25.00,0.00000,0.00000,0,520,0,500,0,0,0,0,20,0,520,0,0,0,0,0,0,0,0,600,600,600,100,100,0.00000,0.00000,9.80665,0.000000,0.00000,-0.00000,0.00000,0.00000,9.80665,0.000000,0.000000,0.000000,0,1,1,1,1,1,0,0,0,0
2026-09-21T05:58:52.755002+00:00,606959791,SIMULATED,348,1837092,DISARMED,0,-0.000000,0.00000,7.4000,0.0000,25.00,25.00,0.00000,0.00000,0,520,0,500,0,0,0,0,20,0,520,0,0,0,0,0,0,0,0,600,600,600,100,100,0.00000,0.00000,9.80665,0.000000,0.00000,-0.00000,0.00000,0.00000,9.80665,0.000000,0.000000,0.000000,0,1,1,1,1,1,0,0,0,0
2026-09-21T05:58:52.755036+00:00,606994000,SIMULATED,349,1839496,DISARMED,0,-0.000000,0.00000,7.4000,0.0000,25.00,25.00,0.00000,0.00000,0,520,0,500,0,0,0,0,20,0,520,0,0,0,0,0,0,0,0,600,600,600,100,100,0.00000,0.00000,9.80665,0.000000,0.00000,-0.00000,0.00000,0.00000,9.80665,0.000000,0.000000,0.000000,0,1,1,1,1,1,0,0,0,0
2026-09-21T05:58:52.755073+00:00,607030750,SIMULATED,350,1841900,DISARMED,0,-0.000000,0.00000,7.4000,0.0000,25.00,25.00,0.00000,0.00000,0,520,0,500,0,0,0,0,20,0,520,0,0,0,0,0,0,0,0,600,600,600,100,100,0.00000,0.00000,9.80665,0.000000,0.00000,-0.00000,0.00000,0.00000,9.80665,0.000000,0.000000,0.000000,0,1,1,1,1,1,0,0,0,0
2026-09-21T05:58:52.755110+00:00,607067583,SIMULATED,351,1844304,DISARMED,0,-0.000000,0.00000,7.4000,0.0000,25.00,25.00,0.00000,0.00000,0,520,0,500,0,0,0,0,20,0,520,0,0,0,0,0,0,0,0,600,600,600,100,100,0.00000,0.00000,9.80665,0.000000,0.00000,-0.00000,0.00000,0.00000,9.80665,0.000000,0.000000,0.000000,0,1,1,1,1,1,0,0,0,0
2026-09-21T05:58:52.755144+00:00,607102083,SIMULATED,352,1846708,DISARMED,0,-0.000000,0.00000,7.4000,0.0000,25.00,25.00,0.00000,0.00000,0,520,0,500,0,0,0,0,20,0,520,0,0,0,0,0,0,0,0,600,600,600,100,100,0.00000,0.00000,9.80665,0.000000,0.00000,-0.00000,0.00000,0.00000,9.80665,0.000000,0.000000,0.000000,0,1,1,1,1,1,0,0,0,0
2026-09-21T05:58:52.755179+00:00,607136291,SIMULATED,353,1849112,DISARMED,0,-0.000000,0.00000,7.4000,0.0000,25.00,25.00,0.00000,0.00000,0,520,0,500,0,0,0,0,20,0,520,0,0,0,0,0,0,0,0,600,600,600,100,100,0.00000,0.00000,9.80665,0.000000,0.00000,-0.00000,0.00000,0.00000,9.80665,0.000000,0.000000,0.000000,0,1,1,1,1,1,0,0,0,0
2026-09-21T05:58:52.755218+00:00,607175375,SIMULATED,354,1851516,DISARMED,0,-0.000000,0.00000,7.4000,0.0000,25.00,25.00,0.00000,0.00000,0,520,0,500,0,0,0,0,20,0,520,0,0,0,0,0,0,0,0,600,600,600,100,100,0.00000,0.00000,9.80665,0.000000,0.00000,-0.00000,0.00000,0.00000,9.80665,0.000000,0.000000,0.000000,0,1,1,1,1,1,0,0,0,0
2026-09-21T05:58:52.755258+00:00,607215833,SIMULATED,355,1853920,DISARMED,0,-0.000000,0.00000,7.4000,0.0000,25.00,25.00,0.00000,0.00000,0,520,0,500,0,0,0,0,20,0,520,0,0,0,0,0,0,0,0,600,600,600,100,100,0.00000,0.00000,9.80665,0.000000,0.00000,-0.00000,0.00000,0.00000,9.80665,0.000000,0.000000,0.000000,0,1,1,1,1,1,0,0,0,0
2026-09-21T05:58:52.755297+00:00,607255333,SIMULATED,356,1856324,DISARMED,0,-0.000000,0.00000,7.4000,0.0000,25.00,25.00,0.00000,0.00000,0,520,0,500,0,0,0,0,20,0,520,0,0,0,0,0,0,0,0,600,600,600,100,100,0.00000,0.00000,9.80665,0.000000,0.00000,-0.00000,0.00000,0.00000,9.80665,0.000000,0.000000,0.000000,0,1,1,1,1,1,0,0,0,0
2026-09-21T05:58:52.755336+00:00,607293958,SIMULATED,357,1858728,DISARMED,0,-0.000000,0.00000,7.4000,0.0000,25.00,25.00,0.00000,0.00000,0,520,0,500,0,0,0,0,20,0,520,0,0,0,0,0,0,0,0,600,600,600,100,100,0.00000,0.00000,9.80665,0.000000,0.00000,-0.00000,0.00000,0.00000,9.80665,0.000000,0.000000,0.000000,0,1,1,1,1,1,0,0,0,0
2026-09-21T05:58:52.755371+00:00,607328250,SIMULATED,358,1861132,DISARMED,0,-0.000000,0.00000,7.4000,0.0000,25.00,25.00,0.00000,0.00000,0,520,0,500,0,0,0,0,20,0,520,0,0,0,0,0,0,0,0,600,600,600,100,100,0.00000,0.00000,9.80665,0.000000,0.00000,-0.00000,0.00000,0.00000,9.80665,0.000000,0.000000,0.000000,0,1,1,1,1,1,0,0,0,0
2026-09-21T05:58:52.755405+00:00,607362583,SIMULATED,359,1863536,DISARMED,0,-0.000000,0.00000,7.4000,0.0000,25.00,25.00,0.00000,0.00000,0,520,0,500,0,0,0,0,20,0,520,0,0,0,0,0,0,0,0,600,600,600,100,100,0.00000,0.00000,9.80665,0.000000,0.00000,-0.00000,0.00000,0.00000,9.80665,0.000000,0.000000,0.000000,0,1,1,1,1,1,0,0,0,0
2026-09-21T05:58:52.755442+00:00,607399416,SIMULATED,360,1865940,DISARMED,0,-0.000000,0.00000,7.4000,0.0000,25.00,25.00,0.00000,0.00000,0,520,0,500,0,0,0,0,20,0,520,0,0,0,0,0,0,0,0,600,600,600,100,100,0.00000,0.00000,9.80665,0.000000,0.00000,-0.00000,0.00000,0.00000,9.80665,0.000000,0.000000,0.000000,0,1,1,1,1,1,0,0,0,0
2026-09-21T05:58:52.755476+00:00,607433541,SIMULATED,361,1868344,DISARMED,0,-0.000000,0.00000,7.4000,0.0000,25.00,25.00,0.00000,0.00000,0,520,0,500,0,0,0,0,20,0,520,0,0,0,0,0,0,0,0,600,600,600,100,100,0.00000,0.00000,9.80665,0.000000,0.00000,-0.00000,0.00000,0.00000,9.80665,0.000000,0.000000,0.000000,0,1,1,1,1,1,0,0,0,0
2026-09-21T05:58:52.755510+00:00,607467708,SIMULATED,362,1870748,DISARMED,0,-0.000000,0.00000,7.4000,0.0000,25.00,25.00,0.00000,0.00000,0,520,0,500,0,0,0,0,20,0,520,0,0,0,0,0,0,0,0,600,600,600,100,100,0.00000,0.00000,9.80665,0.000000,0.00000,-0.00000,0.00000,0.00000,9.80665,0.000000,0.000000,0.000000,0,1,1,1,1,1,0,0,0,0
2026-09-21T05:58:52.755545+00:00,607503000,SIMULATED,363,1873152,DISARMED,0,-0.000000,0.00000,7.4000,0.0000,25.00,25.00,0.00000,0.00000,0,520,0,500,0,0,0,0,20,0,520,0,0,0,0,0,0,0,0,600,600,600,100,100,0.00000,0.00000,9.80665,0.000000,0.00000,-0.00000,0.00000,0.00000,9.80665,0.000000,0.000000,0.000000,0,1,1,1,1,1,0,0,0,0
2026-09-21T05:58:52.755580+00:00,607537250,SIMULATED,364,1875556,DISARMED,0,-0.000000,0.00000,7.4000,0.0000,25.00,25.00,0.00000,0.00000,0,520,0,500,0,0,0,0,20,0,520,0,0,0,0,0,0,0,0,600,600,600,100,100,0.00000,0.00000,9.80665,0.000000,0.00000,-0.00000,0.00000,0.00000,9.80665,0.000000,0.000000,0.000000,0,1,1,1,1,1,0,0,0,0
2026-09-21T05:58:52.755614+00:00,607571375,SIMULATED,365,1877960,DISARMED,0,-0.000000,0.00000,7.4000,0.0000,25.00,25.00,0.00000,0.00000,0,520,0,500,0,0,0,0,20,0,520,0,0,0,0,0,0,0,0,600,600,600,100,100,0.00000,0.00000,9.80665,0.000000,0.00000,-0.00000,0.00000,0.00000,9.80665,0.000000,0.000000,0.000000,0,1,1,1,1,1,0,0,0,0
2026-09-21T05:58:52.755648+00:00,607605500,SIMULATED,366,1880364,DISARMED,0,-0.000000,0.00000,7.4000,0.0000,25.00,25.00,0.00000,0.00000,0,520,0,500,0,0,0,0,20,0,520,0,0,0,0,0,0,0,0,600,600,600,100,100,0.00000,0.00000,9.80665,0.000000,0.00000,-0.00000,0.00000,0.00000,9.80665,0.000000,0.000000,0.000000,0,1,1,1,1,1,0,0,0,0
2026-09-21T05:58:52.755682+00:00,607639875,SIMULATED,367,1882768,DISARMED,0,-0.000000,0.00000,7.4000,0.0000,25.00,25.00,0.00000,0.00000,0,520,0,500,0,0,0,0,20,0,520,0,0,0,0,0,0,0,0,600,600,600,100,100,0.00000,0.00000,9.80665,0.000000,0.00000,-0.00000,0.00000,0.00000,9.80665,0.000000,0.000000,0.000000,0,1,1,1,1,1,0,0,0,0
2026-09-21T05:58:52.755719+00:00,607676583,SIMULATED,368,1885172,DISARMED,0,-0.000000,0.00000,7.4000,0.0000,25.00,25.00,0.00000,0.00000,0,520,0,500,0,0,0,0,20,0,520,0,0,0,0,0,0,0,0,600,600,600,100,100,0.00000,0.00000,9.80665,0.000000,0.00000,-0.00000,0.00000,0.00000,9.80665,0.000000,0.000000,0.000000,0,1,1,1,1,1,0,0,0,0
2026-09-21T05:58:52.755755+00:00,607713083,SIMULATED,369,1887576,DISARMED,0,-0.000000,0.00000,7.4000,0.0000,25.00,25.00,0.00000,0.00000,0,520,0,500,0,0,0,0,20,0,520,0,0,0,0,0,0,0,0,600,600,600,100,100,0.00000,0.00000,9.80665,0.000000,0.00000,-0.00000,0.00000,0.00000,9.80665,0.000000,0.000000,0.000000,0,1,1,1,1,1,0,0,0,0
2026-09-21T05:58:52.755792+00:00,607749708,SIMULATED,370,1889980,DISARMED,0,-0.000000,0.00000,7.4000,0.0000,25.00,25.00,0.00000,0.00000,0,520,0,500,0,0,0,0,20,0,520,0,0,0,0,0,0,0,0,600,600,600,100,100,0.00000,0.00000,9.80665,0.000000,0.00000,-0.00000,0.00000,0.00000,9.80665,0.000000,0.000000,0.000000,0,1,1,1,1,1,0,0,0,0
2026-09-21T05:58:52.755826+00:00,607783708,SIMULATED,371,1892384,DISARMED,0,-0.000000,0.00000,7.4000,0.0000,25.00,25.00,0.00000,0.00000,0,520,0,500,0,0,0,0,20,0,520,0,0,0,0,0,0,0,0,600,600,600,100,100,0.00000,0.00000,9.80665,0.000000,0.00000,-0.00000,0.00000,0.00000,9.80665,0.000000,0.000000,0.000000,0,1,1,1,1,1,0,0,0,0
2026-09-21T05:58:52.755860+00:00,607818041,SIMULATED,372,1894788,DISARMED,0,-0.000000,0.00000,7.4000,0.0000,25.00,25.00,0.00000,0.00000,0,520,0,500,0,0,0,0,20,0,520,0,0,0,0,0,0,0,0,600,600,600,100,100,0.00000,0.00000,9.80665,0.000000,0.00000,-0.00000,0.00000,0.00000,9.80665,0.000000,0.000000,0.000000,0,1,1,1,1,1,0,0,0,0
2026-09-21T05:58:52.755894+00:00,607852083,SIMULATED,373,1897192,DISARMED,0,-0.000000,0.00000,7.4000,0.0000,25.00,25.00,0.00000,0.00000,0,520,0,500,0,0,0,0,20,0,520,0,0,0,0,0,0,0,0,600,600,600,100,100,0.00000,0.00000,9.80665,0.000000,0.00000,-0.00000,0.00000,0.00000,9.80665,0.000000,0.000000,0.000000,0,1,1,1,1,1,0,0,0,0
2026-09-21T05:58:52.755929+00:00,607886375,SIMULATED,374,1899596,DISARMED,0,-0.000000,0.00000,7.4000,0.0000,25.00,25.00,0.00000,0.00000,0,520,0,500,0,0,0,0,20,0,520,0,0,0,0,0,0,0,0,600,600,600,100,100,0.00000,0.00000,9.80665,0.000000,0.00000,-0.00000,0.00000,0.00000,9.80665,0.000000,0.000000,0.000000,0,1,1,1,1,1,0,0,0,0
2026-09-21T05:58:52.755964+00:00,607921625,SIMULATED,375,1902000,DISARMED,0,-0.000000,0.00000,7.4000,0.0000,25.00,25.00,0.00000,0.00000,0,520,0,500,0,0,0,0,20,0,520,0,0,0,0,0,0,0,0,600,600,600,100,100,0.00000,0.00000,9.80665,0.000000,0.00000,-0.00000,0.00000,0.00000,9.80665,0.000000,0.000000,0.000000,0,1,1,1,1,1,0,0,0,0
2026-09-21T05:58:52.755998+00:00,607955708,SIMULATED,376,1904404,DISARMED,0,-0.000000,0.00000,7.4000,0.0000,25.00,25.00,0.00000,0.00000,0,520,0,500,0,0,0,0,20,0,520,0,0,0,0,0,0,0,0,600,600,600,100,100,0.00000,0.00000,9.80665,0.000000,0.00000,-0.00000,0.00000,0.00000,9.80665,0.000000,0.000000,0.000000,0,1,1,1,1,1,0,0,0,0
2026-09-21T05:58:52.756032+00:00,607989916,SIMULATED,377,1906808,DISARMED,0,-0.000000,0.00000,7.4000,0.0000,25.00,25.00,0.00000,0.00000,0,520,0,500,0,0,0,0,20,0,520,0,0,0,0,0,0,0,0,600,600,600,100,100,0.00000,0.00000,9.80665,0.000000,0.00000,-0.00000,0.00000,0.00000,9.80665,0.000000,0.000000,0.000000,0,1,1,1,1,1,0,0,0,0
2026-09-21T05:58:52.756067+00:00,608024500,SIMULATED,378,1909212,DISARMED,0,-0.000000,0.00000,7.4000,0.0000,25.00,25.00,0.00000,0.00000,0,520,0,500,0,0,0,0,20,0,520,0,0,0,0,0,0,0,0,600,600,600,100,100,0.00000,0.00000,9.80665,0.000000,0.00000,-0.00000,0.00000,0.00000,9.80665,0.000000,0.000000,0.000000,0,1,1,1,1,1,0,0,0,0
2026-09-21T05:58:52.756101+00:00,608059000,SIMULATED,379,1911616,DISARMED,0,-0.000000,0.00000,7.4000,0.0000,25.00,25.00,0.00000,0.00000,0,520,0,500,0,0,0,0,20,0,520,0,0,0,0,0,0,0,0,600,600,600,100,100,0.00000,0.00000,9.80665,0.000000,0.00000,-0.00000,0.00000,0.00000,9.80665,0.000000,0.000000,0.000000,0,1,1,1,1,1,0,0,0,0
2026-09-21T05:58:52.756140+00:00,608097416,SIMULATED,380,1914020,DISARMED,0,-0.000000,0.00000,7.4000,0.0000,25.00,25.00,0.00000,0.00000,0,520,0,500,0,0,0,0,20,0,520,0,0,0,0,0,0,0,0,600,600,600,100,100,0.00000,0.00000,9.80665,0.000000,0.00000,-0.00000,0.00000,0.00000,9.80665,0.000000,0.000000,0.000000,0,1,1,1,1,1,0,0,0,0
2026-09-21T05:58:52.756178+00:00,608135666,SIMULATED,381,1916424,DISARMED,0,-0.000000,0.00000,7.4000,0.0000,25.00,25.00,0.00000,0.00000,0,520,0,500,0,0,0,0,20,0,520,0,0,0,0,0,0,0,0,600,600,600,100,100,0.00000,0.00000,9.80665,0.000000,0.00000,-0.00000,0.00000,0.00000,9.80665,0.000000,0.000000,0.000000,0,1,1,1,1,1,0,0,0,0
2026-09-21T05:58:52.756213+00:00,608171041,SIMULATED,382,1918828,DISARMED,0,-0.000000,0.00000,7.4000,0.0000,25.00,25.00,0.00000,0.00000,0,520,0,500,0,0,0,0,20,0,520,0,0,0,0,0,0,0,0,600,600,600,100,100,0.00000,0.00000,9.80665,0.000000,0.00000,-0.00000,0.00000,0.00000,9.80665,0.000000,0.000000,0.000000,0,1,1,1,1,1,0,0,0,0
2026-09-21T05:58:52.756248+00:00,608205625,SIMULATED,383,1921232,DISARMED,0,-0.000000,0.00000,7.4000,0.0000,25.00,25.00,0.00000,0.00000,0,520,0,500,0,0,0,0,20,0,520,0,0,0,0,0,0,0,0,600,600,600,100,100,0.00000,0.00000,9.80665,0.000000,0.00000,-0.00000,0.00000,0.00000,9.80665,0.000000,0.000000,0.000000,0,1,1,1,1,1,0,0,0,0
2026-09-21T05:58:52.756282+00:00,608240041,SIMULATED,384,1923636,DISARMED,0,-0.000000,0.00000,7.4000,0.0000,25.00,25.00,0.00000,0.00000,0,520,0,500,0,0,0,0,20,0,520,0,0,0,0,0,0,0,0,600,600,600,100,100,0.00000,0.00000,9.80665,0.000000,0.00000,-0.00000,0.00000,0.00000,9.80665,0.000000,0.000000,0.000000,0,1,1,1,1,1,0,0,0,0
2026-09-21T05:58:52.756319+00:00,608277041,SIMULATED,385,1926040,DISARMED,0,-0.000000,0.00000,7.4000,0.0000,25.00,25.00,0.00000,0.00000,0,520,0,500,0,0,0,0,20,0,520,0,0,0,0,0,0,0,0,600,600,600,100,100,0.00000,0.00000,9.80665,0.000000,0.00000,-0.00000,0.00000,0.00000,9.80665,0.000000,0.000000,0.000000,0,1,1,1,1,1,0,0,0,0
2026-09-21T05:58:52.756359+00:00,608316666,SIMULATED,386,1928444,DISARMED,0,-0.000000,0.00000,7.4000,0.0000,25.00,25.00,0.00000,0.00000,0,520,0,500,0,0,0,0,20,0,520,0,0,0,0,0,0,0,0,600,600,600,100,100,0.00000,0.00000,9.80665,0.000000,0.00000,-0.00000,0.00000,0.00000,9.80665,0.000000,0.000000,0.000000,0,1,1,1,1,1,0,0,0,0
2026-09-21T05:58:52.756400+00:00,608357833,SIMULATED,387,1930848,DISARMED,0,-0.000000,0.00000,7.4000,0.0000,25.00,25.00,0.00000,0.00000,0,520,0,500,0,0,0,0,20,0,520,0,0,0,0,0,0,0,0,600,600,600,100,100,0.00000,0.00000,9.80665,0.000000,0.00000,-0.00000,0.00000,0.00000,9.80665,0.000000,0.000000,0.000000,0,1,1,1,1,1,0,0,0,0
2026-09-21T05:58:52.756434+00:00,608392000,SIMULATED,388,1933252,DISARMED,0,-0.000000,0.00000,7.4000,0.0000,25.00,25.00,0.00000,0.00000,0,520,0,500,0,0,0,0,20,0,520,0,0,0,0,0,0,0,0,600,600,600,100,100,0.00000,0.00000,9.80665,0.000000,0.00000,-0.00000,0.00000,0.00000,9.80665,0.000000,0.000000,0.000000,0,1,1,1,1,1,0,0,0,0
2026-09-21T05:58:52.756469+00:00,608426333,SIMULATED,389,1935656,DISARMED,0,-0.000000,0.00000,7.4000,0.0000,25.00,25.00,0.00000,0.00000,0,520,0,500,0,0,0,0,20,0,520,0,0,0,0,0,0,0,0,600,600,600,100,100,0.00000,0.00000,9.80665,0.000000,0.00000,-0.00000,0.00000,0.00000,9.80665,0.000000,0.000000,0.000000,0,1,1,1,1,1,0,0,0,0
2026-09-21T05:58:52.756505+00:00,608462833,SIMULATED,390,1938060,DISARMED,0,-0.000000,0.00000,7.4000,0.0000,25.00,25.00,0.00000,0.00000,0,520,0,500,0,0,0,0,20,0,520,0,0,0,0,0,0,0,0,600,600,600,100,100,0.00000,0.00000,9.80665,0.000000,0.00000,-0.00000,0.00000,0.00000,9.80665,0.000000,0.000000,0.000000,0,1,1,1,1,1,0,0,0,0
2026-09-21T05:58:52.756539+00:00,608497125,SIMULATED,391,1940464,DISARMED,0,-0.000000,0.00000,7.4000,0.0000,25.00,25.00,0.00000,0.00000,0,520,0,500,0,0,0,0,20,0,520,0,0,0,0,0,0,0,0,600,600,600,100,100,0.00000,0.00000,9.80665,0.000000,0.00000,-0.00000,0.00000,0.00000,9.80665,0.000000,0.000000,0.000000,0,1,1,1,1,1,0,0,0,0
2026-09-21T05:58:52.756574+00:00,608531541,SIMULATED,392,1942868,DISARMED,0,-0.000000,0.00000,7.4000,0.0000,25.00,25.00,0.00000,0.00000,0,520,0,500,0,0,0,0,20,0,520,0,0,0,0,0,0,0,0,600,600,600,100,100,0.00000,0.00000,9.80665,0.000000,0.00000,-0.00000,0.00000,0.00000,9.80665,0.000000,0.000000,0.000000,0,1,1,1,1,1,0,0,0,0
2026-09-21T05:58:52.756612+00:00,608569375,SIMULATED,393,1945272,DISARMED,0,-0.000000,0.00000,7.4000,0.0000,25.00,25.00,0.00000,0.00000,0,520,0,500,0,0,0,0,20,0,520,0,0,0,0,0,0,0,0,600,600,600,100,100,0.00000,0.00000,9.80665,0.000000,0.00000,-0.00000,0.00000,0.00000,9.80665,0.000000,0.000000,0.000000,0,1,1,1,1,1,0,0,0,0
2026-09-21T05:58:52.756646+00:00,608603708,SIMULATED,394,1947676,DISARMED,0,-0.000000,0.00000,7.4000,0.0000,25.00,25.00,0.00000,0.00000,0,520,0,500,0,0,0,0,20,0,520,0,0,0,0,0,0,0,0,600,600,600,100,100,0.00000,0.00000,9.80665,0.000000,0.00000,-0.00000,0.00000,0.00000,9.80665,0.000000,0.000000,0.000000,0,1,1,1,1,1,0,0,0,0
2026-09-21T05:58:52.756680+00:00,608637833,SIMULATED,395,1950080,DISARMED,0,-0.000000,0.00000,7.4000,0.0000,25.00,25.00,0.00000,0.00000,0,520,0,500,0,0,0,0,20,0,520,0,0,0,0,0,0,0,0,600,600,600,100,100,0.00000,0.00000,9.80665,0.000000,0.00000,-0.00000,0.00000,0.00000,9.80665,0.000000,0.000000,0.000000,0,1,1,1,1,1,0,0,0,0
2026-09-21T05:58:52.756718+00:00,608675625,SIMULATED,396,1952484,DISARMED,0,-0.000000,0.00000,7.4000,0.0000,25.00,25.00,0.00000,0.00000,0,520,0,500,0,0,0,0,20,0,520,0,0,0,0,0,0,0,0,600,600,600,100,100,0.00000,0.00000,9.80665,0.000000,0.00000,-0.00000,0.00000,0.00000,9.80665,0.000000,0.000000,0.000000,0,1,1,1,1,1,0,0,0,0
2026-09-21T05:58:52.756752+00:00,608710041,SIMULATED,397,1954888,DISARMED,0,-0.000000,0.00000,7.4000,0.0000,25.00,25.00,0.00000,0.00000,0,520,0,500,0,0,0,0,20,0,520,0,0,0,0,0,0,0,0,600,600,600,100,100,0.00000,0.00000,9.80665,0.000000,0.00000,-0.00000,0.00000,0.00000,9.80665,0.000000,0.000000,0.000000,0,1,1,1,1,1,0,0,0,0
2026-09-21T05:58:52.756786+00:00,608744125,SIMULATED,398,1957292,DISARMED,0,-0.000000,0.00000,7.4000,0.0000,25.00,25.00,0.00000,0.00000,0,520,0,500,0,0,0,0,20,0,520,0,0,0,0,0,0,0,0,600,600,600,100,100,0.00000,0.00000,9.80665,0.000000,0.00000,-0.00000,0.00000,0.00000,9.80665,0.000000,0.000000,0.000000,0,1,1,1,1,1,0,0,0,0
2026-09-21T05:58:52.756822+00:00,608779541,SIMULATED,399,1959696,DISARMED,0,-0.000000,0.00000,7.4000,0.0000,25.00,25.00,0.00000,0.00000,0,520,0,500,0,0,0,0,20,0,520,0,0,0,0,0,0,0,0,600,600,600,100,100,0.00000,0.00000,9.80665,0.000000,0.00000,-0.00000,0.00000,0.00000,9.80665,0.000000,0.000000,0.000000,0,1,1,1,1,1,0,0,0,0
2026-09-21T05:58:52.756858+00:00,608815250,SIMULATED,400,1962100,DISARMED,0,-0.000000,0.00000,7.4000,0.0000,25.00,25.00,0.00000,0.00000,0,520,0,500,0,0,0,0,20,0,520,0,0,0,0,0,0,0,0,600,600,600,100,100,0.00000,0.00000,9.80665,0.000000,0.00000,-0.00000,0.00000,0.00000,9.80665,0.000000,0.000000,0.000000,0,1,1,1,1,1,0,0,0,0
2026-09-21T05:58:52.756895+00:00,608852458,SIMULATED,401,1964504,DISARMED,0,-0.000000,0.00000,7.4000,0.0000,25.00,25.00,0.00000,0.00000,0,520,0,500,0,0,0,0,20,0,520,0,0,0,0,0,0,0,0,600,600,600,100,100,0.00000,0.00000,9.80665,0.000000,0.00000,-0.00000,0.00000,0.00000,9.80665,0.000000,0.000000,0.000000,0,1,1,1,1,1,0,0,0,0
2026-09-21T05:58:52.756933+00:00,608890750,SIMULATED,402,1966908,DISARMED,0,-0.000000,0.00000,7.4000,0.0000,25.00,25.00,0.00000,0.00000,0,520,0,500,0,0,0,0,20,0,520,0,0,0,0,0,0,0,0,600,600,600,100,100,0.00000,0.00000,9.80665,0.000000,0.00000,-0.00000,0.00000,0.00000,9.80665,0.000000,0.000000,0.000000,0,1,1,1,1,1,0,0,0,0
2026-09-21T05:58:52.756968+00:00,608925375,SIMULATED,403,1969312,DISARMED,0,-0.000000,0.00000,7.4000,0.0000,25.00,25.00,0.00000,0.00000,0,520,0,500,0,0,0,0,20,0,520,0,0,0,0,0,0,0,0,600,600,600,100,100,0.00000,0.00000,9.80665,0.000000,0.00000,-0.00000,0.00000,0.00000,9.80665,0.000000,0.000000,0.000000,0,1,1,1,1,1,0,0,0,0
2026-09-21T05:58:52.757002+00:00,608959458,SIMULATED,404,1971716,DISARMED,0,-0.000000,0.00000,7.4000,0.0000,25.00,25.00,0.00000,0.00000,0,520,0,500,0,0,0,0,20,0,520,0,0,0,0,0,0,0,0,600,600,600,100,100,0.00000,0.00000,9.80665,0.000000,0.00000,-0.00000,0.00000,0.00000,9.80665,0.000000,0.000000,0.000000,0,1,1,1,1,1,0,0,0,0
2026-09-21T05:58:52.757037+00:00,608994875,SIMULATED,405,1974120,DISARMED,0,-0.000000,0.00000,7.4000,0.0000,25.00,25.00,0.00000,0.00000,0,520,0,500,0,0,0,0,20,0,520,0,0,0,0,0,0,0,0,600,600,600,100,100,0.00000,0.00000,9.80665,0.000000,0.00000,-0.00000,0.00000,0.00000,9.80665,0.000000,0.000000,0.000000,0,1,1,1,1,1,0,0,0,0
2026-09-21T05:58:52.757074+00:00,609032125,SIMULATED,406,1976524,DISARMED,0,-0.000000,0.00000,7.4000,0.0000,25.00,25.00,0.00000,0.00000,0,520,0,500,0,0,0,0,20,0,520,0,0,0,0,0,0,0,0,600,600,600,100,100,0.00000,0.00000,9.80665,0.000000,0.00000,-0.00000,0.00000,0.00000,9.80665,0.000000,0.000000,0.000000,0,1,1,1,1,1,0,0,0,0
2026-09-21T05:58:52.757110+00:00,609068125,SIMULATED,407,1978928,DISARMED,0,-0.000000,0.00000,7.4000,0.0000,25.00,25.00,0.00000,0.00000,0,520,0,500,0,0,0,0,20,0,520,0,0,0,0,0,0,0,0,600,600,600,100,100,0.00000,0.00000,9.80665,0.000000,0.00000,-0.00000,0.00000,0.00000,9.80665,0.000000,0.000000,0.000000,0,1,1,1,1,1,0,0,0,0
2026-09-21T05:58:52.757145+00:00,609102250,SIMULATED,408,1981332,DISARMED,0,-0.000000,0.00000,7.4000,0.0000,25.00,25.00,0.00000,0.00000,0,520,0,500,0,0,0,0,20,0,520,0,0,0,0,0,0,0,0,600,600,600,100,100,0.00000,0.00000,9.80665,0.000000,0.00000,-0.00000,0.00000,0.00000,9.80665,0.000000,0.000000,0.000000,0,1,1,1,1,1,0,0,0,0
2026-09-21T05:58:52.757179+00:00,609136541,SIMULATED,409,1983736,DISARMED,0,-0.000000,0.00000,7.4000,0.0000,25.00,25.00,0.00000,0.00000,0,520,0,500,0,0,0,0,20,0,520,0,0,0,0,0,0,0,0,600,600,600,100,100,0.00000,0.00000,9.80665,0.000000,0.00000,-0.00000,0.00000,0.00000,9.80665,0.000000,0.000000,0.000000,0,1,1,1,1,1,0,0,0,0
2026-09-21T05:58:52.757213+00:00,609170500,SIMULATED,410,1986140,DISARMED,0,-0.000000,0.00000,7.4000,0.0000,25.00,25.00,0.00000,0.00000,0,520,0,500,0,0,0,0,20,0,520,0,0,0,0,0,0,0,0,600,600,600,100,100,0.00000,0.00000,9.80665,0.000000,0.00000,-0.00000,0.00000,0.00000,9.80665,0.000000,0.000000,0.000000,0,1,1,1,1,1,0,0,0,0
2026-09-21T05:58:52.757250+00:00,609207958,SIMULATED,411,1988544,DISARMED,0,-0.000000,0.00000,7.4000,0.0000,25.00,25.00,0.00000,0.00000,0,520,0,500,0,0,0,0,20,0,520,0,0,0,0,0,0,0,0,600,600,600,100,100,0.00000,0.00000,9.80665,0.000000,0.00000,-0.00000,0.00000,0.00000,9.80665,0.000000,0.000000,0.000000,0,1,1,1,1,1,0,0,0,0
2026-09-21T05:58:52.757285+00:00,609242666,SIMULATED,412,1990948,DISARMED,0,-0.000000,0.00000,7.4000,0.0000,25.00,25.00,0.00000,0.00000,0,520,0,500,0,0,0,0,20,0,520,0,0,0,0,0,0,0,0,600,600,600,100,100,0.00000,0.00000,9.80665,0.000000,0.00000,-0.00000,0.00000,0.00000,9.80665,0.000000,0.000000,0.000000,0,1,1,1,1,1,0,0,0,0
2026-09-21T05:58:52.757319+00:00,609276916,SIMULATED,413,1993352,DISARMED,0,-0.000000,0.00000,7.4000,0.0000,25.00,25.00,0.00000,0.00000,0,520,0,500,0,0,0,0,20,0,520,0,0,0,0,0,0,0,0,600,600,600,100,100,0.00000,0.00000,9.80665,0.000000,0.00000,-0.00000,0.00000,0.00000,9.80665,0.000000,0.000000,0.000000,0,1,1,1,1,1,0,0,0,0
2026-09-21T05:58:52.757355+00:00,609312416,SIMULATED,414,1995756,DISARMED,0,-0.000000,0.00000,7.4000,0.0000,25.00,25.00,0.00000,0.00000,0,520,0,500,0,0,0,0,20,0,520,0,0,0,0,0,0,0,0,600,600,600,100,100,0.00000,0.00000,9.80665,0.000000,0.00000,-0.00000,0.00000,0.00000,9.80665,0.000000,0.000000,0.000000,0,1,1,1,1,1,0,0,0,0
2026-09-21T05:58:52.757389+00:00,609346791,SIMULATED,415,1998160,DISARMED,0,-0.000000,0.00000,7.4000,0.0000,25.00,25.00,0.00000,0.00000,0,520,0,500,0,0,0,0,20,0,520,0,0,0,0,0,0,0,0,600,600,600,100,100,0.00000,0.00000,9.80665,0.000000,0.00000,-0.00000,0.00000,0.00000,9.80665,0.000000,0.000000,0.000000,0,1,1,1,1,1,0,0,0,0
2026-09-21T05:58:52.757426+00:00,609383625,SIMULATED,416,2000564,DISARMED,0,-0.000000,0.00000,7.4000,0.0000,25.00,25.00,0.00000,0.00000,0,520,0,500,0,0,0,0,20,0,520,0,0,0,0,0,0,0,0,600,600,600,100,100,0.00000,0.00000,9.80665,0.000000,0.00000,-0.00000,0.00000,0.00000,9.80665,0.000000,0.000000,0.000000,0,1,1,1,1,1,0,0,0,0
2026-09-21T05:58:52.757466+00:00,609423875,SIMULATED,417,2002968,DISARMED,0,-0.000000,0.00000,7.4000,0.0000,25.00,25.00,0.00000,0.00000,0,520,0,500,0,0,0,0,20,0,520,0,0,0,0,0,0,0,0,600,600,600,100,100,0.00000,0.00000,9.80665,0.000000,0.00000,-0.00000,0.00000,0.00000,9.80665,0.000000,0.000000,0.000000,0,1,1,1,1,1,0,0,0,0
2026-09-21T05:58:52.757502+00:00,609460125,SIMULATED,418,2005372,DISARMED,0,-0.000000,0.00000,7.4000,0.0000,25.00,25.00,0.00000,0.00000,0,520,0,500,0,0,0,0,20,0,520,0,0,0,0,0,0,0,0,600,600,600,100,100,0.00000,0.00000,9.80665,0.000000,0.00000,-0.00000,0.00000,0.00000,9.80665,0.000000,0.000000,0.000000,0,1,1,1,1,1,0,0,0,0
2026-09-21T05:58:52.757537+00:00,609494291,SIMULATED,419,2007776,DISARMED,0,-0.000000,0.00000,7.4000,0.0000,25.00,25.00,0.00000,0.00000,0,520,0,500,0,0,0,0,20,0,520,0,0,0,0,0,0,0,0,600,600,600,100,100,0.00000,0.00000,9.80665,0.000000,0.00000,-0.00000,0.00000,0.00000,9.80665,0.000000,0.000000,0.000000,0,1,1,1,1,1,0,0,0,0
2026-09-21T05:58:52.757571+00:00,609528666,SIMULATED,420,2010180,DISARMED,0,-0.000000,0.00000,7.4000,0.0000,25.00,25.00,0.00000,0.00000,0,520,0,500,0,0,0,0,20,0,520,0,0,0,0,0,0,0,0,600,600,600,100,100,0.00000,0.00000,9.80665,0.000000,0.00000,-0.00000,0.00000,0.00000,9.80665,0.000000,0.000000,0.000000,0,1,1,1,1,1,0,0,0,0
2026-09-21T05:58:52.757607+00:00,609564916,SIMULATED,421,2012584,DISARMED,0,-0.000000,0.00000,7.4000,0.0000,25.00,25.00,0.00000,0.00000,0,520,0,500,0,0,0,0,20,0,520,0,0,0,0,0,0,0,0,600,600,600,100,100,0.00000,0.00000,9.80665,0.000000,0.00000,-0.00000,0.00000,0.00000,9.80665,0.000000,0.000000,0.000000,0,1,1,1,1,1,0,0,0,0
2026-09-21T05:58:52.757641+00:00,609599083,SIMULATED,422,2014988,DISARMED,0,-0.000000,0.00000,7.4000,0.0000,25.00,25.00,0.00000,0.00000,0,520,0,500,0,0,0,0,20,0,520,0,0,0,0,0,0,0,0,600,600,600,100,100,0.00000,0.00000,9.80665,0.000000,0.00000,-0.00000,0.00000,0.00000,9.80665,0.000000,0.000000,0.000000,0,1,1,1,1,1,0,0,0,0
2026-09-21T05:58:52.757678+00:00,609636041,SIMULATED,423,2017392,DISARMED,0,-0.000000,0.00000,7.4000,0.0000,25.00,25.00,0.00000,0.00000,0,520,0,500,0,0,0,0,20,0,520,0,0,0,0,0,0,0,0,600,600,600,100,100,0.00000,0.00000,9.80665,0.000000,0.00000,-0.00000,0.00000,0.00000,9.80665,0.000000,0.000000,0.000000,0,1,1,1,1,1,0,0,0,0
2026-09-21T05:58:52.757712+00:00,609670125,SIMULATED,424,2019796,DISARMED,0,-0.000000,0.00000,7.4000,0.0000,25.00,25.00,0.00000,0.00000,0,520,0,500,0,0,0,0,20,0,520,0,0,0,0,0,0,0,0,600,600,600,100,100,0.00000,0.00000,9.80665,0.000000,0.00000,-0.00000,0.00000,0.00000,9.80665,0.000000,0.000000,0.000000,0,1,1,1,1,1,0,0,0,0
2026-09-21T05:58:52.757747+00:00,609704541,SIMULATED,425,2022200,DISARMED,0,-0.000000,0.00000,7.4000,0.0000,25.00,25.00,0.00000,0.00000,0,520,0,500,0,0,0,0,20,0,520,0,0,0,0,0,0,0,0,600,600,600,100,100,0.00000,0.00000,9.80665,0.000000,0.00000,-0.00000,0.00000,0.00000,9.80665,0.000000,0.000000,0.000000,0,1,1,1,1,1,0,0,0,0
2026-09-21T05:58:52.757781+00:00,609738791,SIMULATED,426,2024604,DISARMED,0,-0.000000,0.00000,7.4000,0.0000,25.00,25.00,0.00000,0.00000,0,520,0,500,0,0,0,0,20,0,520,0,0,0,0,0,0,0,0,600,600,600,100,100,0.00000,0.00000,9.80665,0.000000,0.00000,-0.00000,0.00000,0.00000,9.80665,0.000000,0.000000,0.000000,0,1,1,1,1,1,0,0,0,0
2026-09-21T05:58:52.757815+00:00,609772666,SIMULATED,427,2027008,DISARMED,0,-0.000000,0.00000,7.4000,0.0000,25.00,25.00,0.00000,0.00000,0,520,0,500,0,0,0,0,20,0,520,0,0,0,0,0,0,0,0,600,600,600,100,100,0.00000,0.00000,9.80665,0.000000,0.00000,-0.00000,0.00000,0.00000,9.80665,0.000000,0.000000,0.000000,0,1,1,1,1,1,0,0,0,0
2026-09-21T05:58:52.757849+00:00,609806500,SIMULATED,428,2029412,DISARMED,0,-0.000000,0.00000,7.4000,0.0000,25.00,25.00,0.00000,0.00000,0,520,0,500,0,0,0,0,20,0,520,0,0,0,0,0,0,0,0,600,600,600,100,100,0.00000,0.00000,9.80665,0.000000,0.00000,-0.00000,0.00000,0.00000,9.80665,0.000000,0.000000,0.000000,0,1,1,1,1,1,0,0,0,0
2026-09-21T05:58:52.757884+00:00,609841958,SIMULATED,429,2031816,DISARMED,0,-0.000000,0.00000,7.4000,0.0000,25.00,25.00,0.00000,0.00000,0,520,0,500,0,0,0,0,20,0,520,0,0,0,0,0,0,0,0,600,600,600,100,100,0.00000,0.00000,9.80665,0.000000,0.00000,-0.00000,0.00000,0.00000,9.80665,0.000000,0.000000,0.000000,0,1,1,1,1,1,0,0,0,0
2026-09-21T05:58:52.757990+00:00,609950583,SIMULATED,430,2034220,DISARMED,0,-0.000000,0.00000,7.4000,0.0000,25.00,25.00,0.00000,0.00000,0,520,0,500,0,0,0,0,20,0,520,0,0,0,0,0,0,0,0,600,600,600,100,100,0.00000,0.00000,9.80665,0.000000,0.00000,-0.00000,0.00000,0.00000,9.80665,0.000000,0.000000,0.000000,0,1,1,1,1,1,0,0,0,0
2026-09-21T05:58:52.758055+00:00,610013708,SIMULATED,431,2036624,DISARMED,0,-0.000000,0.00000,7.4000,0.0000,25.00,25.00,0.00000,0.00000,0,520,0,500,0,0,0,0,20,0,520,0,0,0,0,0,0,0,0,600,600,600,100,100,0.00000,0.00000,9.80665,0.000000,0.00000,-0.00000,0.00000,0.00000,9.80665,0.000000,0.000000,0.000000,0,1,1,1,1,1,0,0,0,0
2026-09-21T05:58:52.758103+00:00,610060625,SIMULATED,432,2039028,DISARMED,0,-0.000000,0.00000,7.4000,0.0000,25.00,25.00,0.00000,0.00000,0,520,0,500,0,0,0,0,20,0,520,0,0,0,0,0,0,0,0,600,600,600,100,100,0.00000,0.00000,9.80665,0.000000,0.00000,-0.00000,0.00000,0.00000,9.80665,0.000000,0.000000,0.000000,0,1,1,1,1,1,0,0,0,0
2026-09-21T05:58:52.758145+00:00,610102625,SIMULATED,433,2041432,DISARMED,0,-0.000000,0.00000,7.4000,0.0000,25.00,25.00,0.00000,0.00000,0,520,0,500,0,0,0,0,20,0,520,0,0,0,0,0,0,0,0,600,600,600,100,100,0.00000,0.00000,9.80665,0.000000,0.00000,-0.00000,0.00000,0.00000,9.80665,0.000000,0.000000,0.000000,0,1,1,1,1,1,0,0,0,0
2026-09-21T05:58:52.758184+00:00,610141875,SIMULATED,434,2043836,DISARMED,0,-0.000000,0.00000,7.4000,0.0000,25.00,25.00,0.00000,0.00000,0,520,0,500,0,0,0,0,20,0,520,0,0,0,0,0,0,0,0,600,600,600,100,100,0.00000,0.00000,9.80665,0.000000,0.00000,-0.00000,0.00000,0.00000,9.80665,0.000000,0.000000,0.000000,0,1,1,1,1,1,0,0,0,0
2026-09-21T05:58:52.758224+00:00,610181791,SIMULATED,435,2046240,DISARMED,0,-0.000000,0.00000,7.4000,0.0000,25.00,25.00,0.00000,0.00000,0,520,0,500,0,0,0,0,20,0,520,0,0,0,0,0,0,0,0,600,600,600,100,100,0.00000,0.00000,9.80665,0.000000,0.00000,-0.00000,0.00000,0.00000,9.80665,0.000000,0.000000,0.000000,0,1,1,1,1,1,0,0,0,0
2026-09-21T05:58:52.758261+00:00,610218916,SIMULATED,436,2048644,DISARMED,0,-0.000000,0.00000,7.4000,0.0000,25.00,25.00,0.00000,0.00000,0,520,0,500,0,0,0,0,20,0,520,0,0,0,0,0,0,0,0,600,600,600,100,100,0.00000,0.00000,9.80665,0.000000,0.00000,-0.00000,0.00000,0.00000,9.80665,0.000000,0.000000,0.000000,0,1,1,1,1,1,0,0,0,0
2026-09-21T05:58:52.758297+00:00,610254916,SIMULATED,437,2051048,DISARMED,0,-0.000000,0.00000,7.4000,0.0000,25.00,25.00,0.00000,0.00000,0,520,0,500,0,0,0,0,20,0,520,0,0,0,0,0,0,0,0,600,600,600,100,100,0.00000,0.00000,9.80665,0.000000,0.00000,-0.00000,0.00000,0.00000,9.80665,0.000000,0.000000,0.000000,0,1,1,1,1,1,0,0,0,0
2026-09-21T05:58:52.758341+00:00,610298916,SIMULATED,438,2053452,DISARMED,0,-0.000000,0.00000,7.4000,0.0000,25.00,25.00,0.00000,0.00000,0,520,0,500,0,0,0,0,20,0,520,0,0,0,0,0,0,0,0,600,600,600,100,100,0.00000,0.00000,9.80665,0.000000,0.00000,-0.00000,0.00000,0.00000,9.80665,0.000000,0.000000,0.000000,0,1,1,1,1,1,0,0,0,0
2026-09-21T05:58:52.758377+00:00,610335000,SIMULATED,439,2055856,DISARMED,0,-0.000000,0.00000,7.4000,0.0000,25.00,25.00,0.00000,0.00000,0,520,0,500,0,0,0,0,20,0,520,0,0,0,0,0,0,0,0,600,600,600,100,100,0.00000,0.00000,9.80665,0.000000,0.00000,-0.00000,0.00000,0.00000,9.80665,0.000000,0.000000,0.000000,0,1,1,1,1,1,0,0,0,0
2026-09-21T05:58:52.758413+00:00,610370833,SIMULATED,440,2058260,DISARMED,0,-0.000000,0.00000,7.4000,0.0000,25.00,25.00,0.00000,0.00000,0,520,0,500,0,0,0,0,20,0,520,0,0,0,0,0,0,0,0,600,600,600,100,100,0.00000,0.00000,9.80665,0.000000,0.00000,-0.00000,0.00000,0.00000,9.80665,0.000000,0.000000,0.000000,0,1,1,1,1,1,0,0,0,0
2026-09-21T05:58:52.758463+00:00,610421125,SIMULATED,441,2060664,DISARMED,0,-0.000000,0.00000,7.4000,0.0000,25.00,25.00,0.00000,0.00000,0,520,0,500,0,0,0,0,20,0,520,0,0,0,0,0,0,0,0,600,600,600,100,100,0.00000,0.00000,9.80665,0.000000,0.00000,-0.00000,0.00000,0.00000,9.80665,0.000000,0.000000,0.000000,0,1,1,1,1,1,0,0,0,0
2026-09-21T05:58:52.758506+00:00,610463958,SIMULATED,442,2063068,DISARMED,0,-0.000000,0.00000,7.4000,0.0000,25.00,25.00,0.00000,0.00000,0,520,0,500,0,0,0,0,20,0,520,0,0,0,0,0,0,0,0,600,600,600,100,100,0.00000,0.00000,9.80665,0.000000,0.00000,-0.00000,0.00000,0.00000,9.80665,0.000000,0.000000,0.000000,0,1,1,1,1,1,0,0,0,0
2026-09-21T05:58:52.758551+00:00,610508666,SIMULATED,443,2065472,DISARMED,0,-0.000000,0.00000,7.4000,0.0000,25.00,25.00,0.00000,0.00000,0,520,0,500,0,0,0,0,20,0,520,0,0,0,0,0,0,0,0,600,600,600,100,100,0.00000,0.00000,9.80665,0.000000,0.00000,-0.00000,0.00000,0.00000,9.80665,0.000000,0.000000,0.000000,0,1,1,1,1,1,0,0,0,0
2026-09-21T05:58:52.758595+00:00,610552791,SIMULATED,444,2067876,DISARMED,0,-0.000000,0.00000,7.4000,0.0000,25.00,25.00,0.00000,0.00000,0,520,0,500,0,0,0,0,20,0,520,0,0,0,0,0,0,0,0,600,600,600,100,100,0.00000,0.00000,9.80665,0.000000,0.00000,-0.00000,0.00000,0.00000,9.80665,0.000000,0.000000,0.000000,0,1,1,1,1,1,0,0,0,0
2026-09-21T05:58:52.758637+00:00,610594666,SIMULATED,445,2070280,DISARMED,0,-0.000000,0.00000,7.4000,0.0000,25.00,25.00,0.00000,0.00000,0,520,0,500,0,0,0,0,20,0,520,0,0,0,0,0,0,0,0,600,600,600,100,100,0.00000,0.00000,9.80665,0.000000,0.00000,-0.00000,0.00000,0.00000,9.80665,0.000000,0.000000,0.000000,0,1,1,1,1,1,0,0,0,0
2026-09-21T05:58:52.758678+00:00,610636375,SIMULATED,446,2072684,DISARMED,0,-0.000000,0.00000,7.4000,0.0000,25.00,25.00,0.00000,0.00000,0,520,0,500,0,0,0,0,20,0,520,0,0,0,0,0,0,0,0,600,600,600,100,100,0.00000,0.00000,9.80665,0.000000,0.00000,-0.00000,0.00000,0.00000,9.80665,0.000000,0.000000,0.000000,0,1,1,1,1,1,0,0,0,0
2026-09-21T05:58:52.758721+00:00,610678750,SIMULATED,447,2075088,DISARMED,0,-0.000000,0.00000,7.4000,0.0000,25.00,25.00,0.00000,0.00000,0,520,0,500,0,0,0,0,20,0,520,0,0,0,0,0,0,0,0,600,600,600,100,100,0.00000,0.00000,9.80665,0.000000,0.00000,-0.00000,0.00000,0.00000,9.80665,0.000000,0.000000,0.000000,0,1,1,1,1,1,0,0,0,0
2026-09-21T05:58:52.758757+00:00,610714333,SIMULATED,448,2077492,DISARMED,0,-0.000000,0.00000,7.4000,0.0000,25.00,25.00,0.00000,0.00000,0,520,0,500,0,0,0,0,20,0,520,0,0,0,0,0,0,0,0,600,600,600,100,100,0.00000,0.00000,9.80665,0.000000,0.00000,-0.00000,0.00000,0.00000,9.80665,0.000000,0.000000,0.000000,0,1,1,1,1,1,0,0,0,0
2026-09-21T05:58:52.758795+00:00,610752541,SIMULATED,449,2079896,DISARMED,0,-0.000000,0.00000,7.4000,0.0000,25.00,25.00,0.00000,0.00000,0,520,0,500,0,0,0,0,20,0,520,0,0,0,0,0,0,0,0,600,600,600,100,100,0.00000,0.00000,9.80665,0.000000,0.00000,-0.00000,0.00000,0.00000,9.80665,0.000000,0.000000,0.000000,0,1,1,1,1,1,0,0,0,0
2026-09-21T05:58:52.758833+00:00,610790750,SIMULATED,450,2082300,DISARMED,0,-0.000000,0.00000,7.4000,0.0000,25.00,25.00,0.00000,0.00000,0,520,0,500,0,0,0,0,20,0,520,0,0,0,0,0,0,0,0,600,600,600,100,100,0.00000,0.00000,9.80665,0.000000,0.00000,-0.00000,0.00000,0.00000,9.80665,0.000000,0.000000,0.000000,0,1,1,1,1,1,0,0,0,0
2026-09-21T05:58:52.758875+00:00,610832250,SIMULATED,451,2084704,DISARMED,0,-0.000000,0.00000,7.4000,0.0000,25.00,25.00,0.00000,0.00000,0,520,0,500,0,0,0,0,20,0,520,0,0,0,0,0,0,0,0,600,600,600,100,100,0.00000,0.00000,9.80665,0.000000,0.00000,-0.00000,0.00000,0.00000,9.80665,0.000000,0.000000,0.000000,0,1,1,1,1,1,0,0,0,0
2026-09-21T05:58:52.758912+00:00,610869875,SIMULATED,452,2087108,DISARMED,0,-0.000000,0.00000,7.4000,0.0000,25.00,25.00,0.00000,0.00000,0,520,0,500,0,0,0,0,20,0,520,0,0,0,0,0,0,0,0,600,600,600,100,100,0.00000,0.00000,9.80665,0.000000,0.00000,-0.00000,0.00000,0.00000,9.80665,0.000000,0.000000,0.000000,0,1,1,1,1,1,0,0,0,0
2026-09-21T05:58:52.758951+00:00,610908500,SIMULATED,453,2089512,DISARMED,0,-0.000000,0.00000,7.4000,0.0000,25.00,25.00,0.00000,0.00000,0,520,0,500,0,0,0,0,20,0,520,0,0,0,0,0,0,0,0,600,600,600,100,100,0.00000,0.00000,9.80665,0.000000,0.00000,-0.00000,0.00000,0.00000,9.80665,0.000000,0.000000,0.000000,0,1,1,1,1,1,0,0,0,0
2026-09-21T05:58:52.758988+00:00,610945791,SIMULATED,454,2091916,DISARMED,0,-0.000000,0.00000,7.4000,0.0000,25.00,25.00,0.00000,0.00000,0,520,0,500,0,0,0,0,20,0,520,0,0,0,0,0,0,0,0,600,600,600,100,100,0.00000,0.00000,9.80665,0.000000,0.00000,-0.00000,0.00000,0.00000,9.80665,0.000000,0.000000,0.000000,0,1,1,1,1,1,0,0,0,0
2026-09-21T05:58:52.759026+00:00,610983791,SIMULATED,455,2094320,DISARMED,0,-0.000000,0.00000,7.4000,0.0000,25.00,25.00,0.00000,0.00000,0,520,0,500,0,0,0,0,20,0,520,0,0,0,0,0,0,0,0,600,600,600,100,100,0.00000,0.00000,9.80665,0.000000,0.00000,-0.00000,0.00000,0.00000,9.80665,0.000000,0.000000,0.000000,0,1,1,1,1,1,0,0,0,0
2026-09-21T05:58:52.759075+00:00,611032750,SIMULATED,456,2096724,DISARMED,0,-0.000000,0.00000,7.4000,0.0000,25.00,25.00,0.00000,0.00000,0,520,0,500,0,0,0,0,20,0,520,0,0,0,0,0,0,0,0,600,600,600,100,100,0.00000,0.00000,9.80665,0.000000,0.00000,-0.00000,0.00000,0.00000,9.80665,0.000000,0.000000,0.000000,0,1,1,1,1,1,0,0,0,0
2026-09-21T05:58:52.759114+00:00,611072125,SIMULATED,457,2099128,DISARMED,0,-0.000000,0.00000,7.4000,0.0000,25.00,25.00,0.00000,0.00000,0,520,0,500,0,0,0,0,20,0,520,0,0,0,0,0,0,0,0,600,600,600,100,100,0.00000,0.00000,9.80665,0.000000,0.00000,-0.00000,0.00000,0.00000,9.80665,0.000000,0.000000,0.000000,0,1,1,1,1,1,0,0,0,0
2026-09-21T05:58:52.759153+00:00,611110916,SIMULATED,458,2101532,DISARMED,0,-0.000000,0.00000,7.4000,0.0000,25.00,25.00,0.00000,0.00000,0,520,0,500,0,0,0,0,20,0,520,0,0,0,0,0,0,0,0,600,600,600,100,100,0.00000,0.00000,9.80665,0.000000,0.00000,-0.00000,0.00000,0.00000,9.80665,0.000000,0.000000,0.000000,0,1,1,1,1,1,0,0,0,0
2026-09-21T05:58:52.759191+00:00,611148208,SIMULATED,459,2103936,DISARMED,0,-0.000000,0.00000,7.4000,0.0000,25.00,25.00,0.00000,0.00000,0,520,0,500,0,0,0,0,20,0,520,0,0,0,0,0,0,0,0,600,600,600,100,100,0.00000,0.00000,9.80665,0.000000,0.00000,-0.00000,0.00000,0.00000,9.80665,0.000000,0.000000,0.000000,0,1,1,1,1,1,0,0,0,0
2026-09-21T05:58:52.759250+00:00,611208000,SIMULATED,460,2106340,DISARMED,0,-0.000000,0.00000,7.4000,0.0000,25.00,25.00,0.00000,0.00000,0,520,0,500,0,0,0,0,20,0,520,0,0,0,0,0,0,0,0,600,600,600,100,100,0.00000,0.00000,9.80665,0.000000,0.00000,-0.00000,0.00000,0.00000,9.80665,0.000000,0.000000,0.000000,0,1,1,1,1,1,0,0,0,0
2026-09-21T05:58:52.759301+00:00,611259291,SIMULATED,461,2108744,DISARMED,0,-0.000000,0.00000,7.4000,0.0000,25.00,25.00,0.00000,0.00000,0,520,0,500,0,0,0,0,20,0,520,0,0,0,0,0,0,0,0,600,600,600,100,100,0.00000,0.00000,9.80665,0.000000,0.00000,-0.00000,0.00000,0.00000,9.80665,0.000000,0.000000,0.000000,0,1,1,1,1,1,0,0,0,0
2026-09-21T05:58:52.759342+00:00,611299500,SIMULATED,462,2111148,DISARMED,0,-0.000000,0.00000,7.4000,0.0000,25.00,25.00,0.00000,0.00000,0,520,0,500,0,0,0,0,20,0,520,0,0,0,0,0,0,0,0,600,600,600,100,100,0.00000,0.00000,9.80665,0.000000,0.00000,-0.00000,0.00000,0.00000,9.80665,0.000000,0.000000,0.000000,0,1,1,1,1,1,0,0,0,0
2026-09-21T05:58:52.759382+00:00,611340125,SIMULATED,463,2113552,DISARMED,0,-0.000000,0.00000,7.4000,0.0000,25.00,25.00,0.00000,0.00000,0,520,0,500,0,0,0,0,20,0,520,0,0,0,0,0,0,0,0,600,600,600,100,100,0.00000,0.00000,9.80665,0.000000,0.00000,-0.00000,0.00000,0.00000,9.80665,0.000000,0.000000,0.000000,0,1,1,1,1,1,0,0,0,0
2026-09-21T05:58:52.759420+00:00,611378291,SIMULATED,464,2115956,DISARMED,0,-0.000000,0.00000,7.4000,0.0000,25.00,25.00,0.00000,0.00000,0,520,0,500,0,0,0,0,20,0,520,0,0,0,0,0,0,0,0,600,600,600,100,100,0.00000,0.00000,9.80665,0.000000,0.00000,-0.00000,0.00000,0.00000,9.80665,0.000000,0.000000,0.000000,0,1,1,1,1,1,0,0,0,0
2026-09-21T05:58:52.759460+00:00,611417916,SIMULATED,465,2118360,DISARMED,0,-0.000000,0.00000,7.4000,0.0000,25.00,25.00,0.00000,0.00000,0,520,0,500,0,0,0,0,20,0,520,0,0,0,0,0,0,0,0,600,600,600,100,100,0.00000,0.00000,9.80665,0.000000,0.00000,-0.00000,0.00000,0.00000,9.80665,0.000000,0.000000,0.000000,0,1,1,1,1,1,0,0,0,0
2026-09-21T05:58:52.759504+00:00,611461625,SIMULATED,466,2120764,DISARMED,0,-0.000000,0.00000,7.4000,0.0000,25.00,25.00,0.00000,0.00000,0,520,0,500,0,0,0,0,20,0,520,0,0,0,0,0,0,0,0,600,600,600,100,100,0.00000,0.00000,9.80665,0.000000,0.00000,-0.00000,0.00000,0.00000,9.80665,0.000000,0.000000,0.000000,0,1,1,1,1,1,0,0,0,0
2026-09-21T05:58:52.759546+00:00,611503291,SIMULATED,467,2123168,DISARMED,0,-0.000000,0.00000,7.4000,0.0000,25.00,25.00,0.00000,0.00000,0,520,0,500,0,0,0,0,20,0,520,0,0,0,0,0,0,0,0,600,600,600,100,100,0.00000,0.00000,9.80665,0.000000,0.00000,-0.00000,0.00000,0.00000,9.80665,0.000000,0.000000,0.000000,0,1,1,1,1,1,0,0,0,0
2026-09-21T05:58:52.759581+00:00,611538916,SIMULATED,468,2125572,DISARMED,0,-0.000000,0.00000,7.4000,0.0000,25.00,25.00,0.00000,0.00000,0,520,0,500,0,0,0,0,20,0,520,0,0,0,0,0,0,0,0,600,600,600,100,100,0.00000,0.00000,9.80665,0.000000,0.00000,-0.00000,0.00000,0.00000,9.80665,0.000000,0.000000,0.000000,0,1,1,1,1,1,0,0,0,0
2026-09-21T05:58:52.759622+00:00,611579958,SIMULATED,469,2127976,DISARMED,0,-0.000000,0.00000,7.4000,0.0000,25.00,25.00,0.00000,0.00000,0,520,0,500,0,0,0,0,20,0,520,0,0,0,0,0,0,0,0,600,600,600,100,100,0.00000,0.00000,9.80665,0.000000,0.00000,-0.00000,0.00000,0.00000,9.80665,0.000000,0.000000,0.000000,0,1,1,1,1,1,0,0,0,0
2026-09-21T05:58:52.759658+00:00,611615791,SIMULATED,470,2130380,DISARMED,0,-0.000000,0.00000,7.4000,0.0000,25.00,25.00,0.00000,0.00000,0,520,0,500,0,0,0,0,20,0,520,0,0,0,0,0,0,0,0,600,600,600,100,100,0.00000,0.00000,9.80665,0.000000,0.00000,-0.00000,0.00000,0.00000,9.80665,0.000000,0.000000,0.000000,0,1,1,1,1,1,0,0,0,0
2026-09-21T05:58:52.759698+00:00,611655666,SIMULATED,471,2132784,DISARMED,0,-0.000000,0.00000,7.4000,0.0000,25.00,25.00,0.00000,0.00000,0,520,0,500,0,0,0,0,20,0,520,0,0,0,0,0,0,0,0,600,600,600,100,100,0.00000,0.00000,9.80665,0.000000,0.00000,-0.00000,0.00000,0.00000,9.80665,0.000000,0.000000,0.000000,0,1,1,1,1,1,0,0,0,0
2026-09-21T05:58:52.759733+00:00,611690875,SIMULATED,472,2135188,DISARMED,0,-0.000000,0.00000,7.4000,0.0000,25.00,25.00,0.00000,0.00000,0,520,0,500,0,0,0,0,20,0,520,0,0,0,0,0,0,0,0,600,600,600,100,100,0.00000,0.00000,9.80665,0.000000,0.00000,-0.00000,0.00000,0.00000,9.80665,0.000000,0.000000,0.000000,0,1,1,1,1,1,0,0,0,0
2026-09-21T05:58:52.759769+00:00,611726250,SIMULATED,473,2137592,DISARMED,0,-0.000000,0.00000,7.4000,0.0000,25.00,25.00,0.00000,0.00000,0,520,0,500,0,0,0,0,20,0,520,0,0,0,0,0,0,0,0,600,600,600,100,100,0.00000,0.00000,9.80665,0.000000,0.00000,-0.00000,0.00000,0.00000,9.80665,0.000000,0.000000,0.000000,0,1,1,1,1,1,0,0,0,0
2026-09-21T05:58:52.759804+00:00,611761958,SIMULATED,474,2139996,DISARMED,0,-0.000000,0.00000,7.4000,0.0000,25.00,25.00,0.00000,0.00000,0,520,0,500,0,0,0,0,20,0,520,0,0,0,0,0,0,0,0,600,600,600,100,100,0.00000,0.00000,9.80665,0.000000,0.00000,-0.00000,0.00000,0.00000,9.80665,0.000000,0.000000,0.000000,0,1,1,1,1,1,0,0,0,0
2026-09-21T05:58:52.759840+00:00,611797333,SIMULATED,475,2142400,DISARMED,0,-0.000000,0.00000,7.4000,0.0000,25.00,25.00,0.00000,0.00000,0,520,0,500,0,0,0,0,20,0,520,0,0,0,0,0,0,0,0,600,600,600,100,100,0.00000,0.00000,9.80665,0.000000,0.00000,-0.00000,0.00000,0.00000,9.80665,0.000000,0.000000,0.000000,0,1,1,1,1,1,0,0,0,0
2026-09-21T05:58:52.759880+00:00,611837750,SIMULATED,476,2144804,DISARMED,0,-0.000000,0.00000,7.4000,0.0000,25.00,25.00,0.00000,0.00000,0,520,0,500,0,0,0,0,20,0,520,0,0,0,0,0,0,0,0,600,600,600,100,100,0.00000,0.00000,9.80665,0.000000,0.00000,-0.00000,0.00000,0.00000,9.80665,0.000000,0.000000,0.000000,0,1,1,1,1,1,0,0,0,0
2026-09-21T05:58:52.759922+00:00,611879916,SIMULATED,477,2147208,DISARMED,0,-0.000000,0.00000,7.4000,0.0000,25.00,25.00,0.00000,0.00000,0,520,0,500,0,0,0,0,20,0,520,0,0,0,0,0,0,0,0,600,600,600,100,100,0.00000,0.00000,9.80665,0.000000,0.00000,-0.00000,0.00000,0.00000,9.80665,0.000000,0.000000,0.000000,0,1,1,1,1,1,0,0,0,0
2026-09-21T05:58:52.759959+00:00,611917083,SIMULATED,478,2149612,DISARMED,0,-0.000000,0.00000,7.4000,0.0000,25.00,25.00,0.00000,0.00000,0,520,0,500,0,0,0,0,20,0,520,0,0,0,0,0,0,0,0,600,600,600,100,100,0.00000,0.00000,9.80665,0.000000,0.00000,-0.00000,0.00000,0.00000,9.80665,0.000000,0.000000,0.000000,0,1,1,1,1,1,0,0,0,0
2026-09-21T05:58:52.759995+00:00,611953083,SIMULATED,479,2152016,DISARMED,0,-0.000000,0.00000,7.4000,0.0000,25.00,25.00,0.00000,0.00000,0,520,0,500,0,0,0,0,20,0,520,0,0,0,0,0,0,0,0,600,600,600,100,100,0.00000,0.00000,9.80665,0.000000,0.00000,-0.00000,0.00000,0.00000,9.80665,0.000000,0.000000,0.000000,0,1,1,1,1,1,0,0,0,0
2026-09-21T05:58:52.760031+00:00,611988833,SIMULATED,480,2154420,DISARMED,0,-0.000000,0.00000,7.4000,0.0000,25.00,25.00,0.00000,0.00000,0,520,0,500,0,0,0,0,20,0,520,0,0,0,0,0,0,0,0,600,600,600,100,100,0.00000,0.00000,9.80665,0.000000,0.00000,-0.00000,0.00000,0.00000,9.80665,0.000000,0.000000,0.000000,0,1,1,1,1,1,0,0,0,0
2026-09-21T05:58:52.760074+00:00,612031250,SIMULATED,481,2156824,DISARMED,0,-0.000000,0.00000,7.4000,0.0000,25.00,25.00,0.00000,0.00000,0,520,0,500,0,0,0,0,20,0,520,0,0,0,0,0,0,0,0,600,600,600,100,100,0.00000,0.00000,9.80665,0.000000,0.00000,-0.00000,0.00000,0.00000,9.80665,0.000000,0.000000,0.000000,0,1,1,1,1,1,0,0,0,0
2026-09-21T05:58:52.760118+00:00,612075791,SIMULATED,482,2159228,DISARMED,0,-0.000000,0.00000,7.4000,0.0000,25.00,25.00,0.00000,0.00000,0,520,0,500,0,0,0,0,20,0,520,0,0,0,0,0,0,0,0,600,600,600,100,100,0.00000,0.00000,9.80665,0.000000,0.00000,-0.00000,0.00000,0.00000,9.80665,0.000000,0.000000,0.000000,0,1,1,1,1,1,0,0,0,0
2026-09-21T05:58:52.760161+00:00,612118333,SIMULATED,483,2161632,DISARMED,0,-0.000000,0.00000,7.4000,0.0000,25.00,25.00,0.00000,0.00000,0,520,0,500,0,0,0,0,20,0,520,0,0,0,0,0,0,0,0,600,600,600,100,100,0.00000,0.00000,9.80665,0.000000,0.00000,-0.00000,0.00000,0.00000,9.80665,0.000000,0.000000,0.000000,0,1,1,1,1,1,0,0,0,0
2026-09-21T05:58:52.760198+00:00,612155750,SIMULATED,484,2164036,DISARMED,0,-0.000000,0.00000,7.4000,0.0000,25.00,25.00,0.00000,0.00000,0,520,0,500,0,0,0,0,20,0,520,0,0,0,0,0,0,0,0,600,600,600,100,100,0.00000,0.00000,9.80665,0.000000,0.00000,-0.00000,0.00000,0.00000,9.80665,0.000000,0.000000,0.000000,0,1,1,1,1,1,0,0,0,0
2026-09-21T05:58:52.760236+00:00,612193833,SIMULATED,485,2166440,DISARMED,0,-0.000000,0.00000,7.4000,0.0000,25.00,25.00,0.00000,0.00000,0,520,0,500,0,0,0,0,20,0,520,0,0,0,0,0,0,0,0,600,600,600,100,100,0.00000,0.00000,9.80665,0.000000,0.00000,-0.00000,0.00000,0.00000,9.80665,0.000000,0.000000,0.000000,0,1,1,1,1,1,0,0,0,0
2026-09-21T05:58:52.760276+00:00,612234000,SIMULATED,486,2168844,DISARMED,0,-0.000000,0.00000,7.4000,0.0000,25.00,25.00,0.00000,0.00000,0,520,0,500,0,0,0,0,20,0,520,0,0,0,0,0,0,0,0,600,600,600,100,100,0.00000,0.00000,9.80665,0.000000,0.00000,-0.00000,0.00000,0.00000,9.80665,0.000000,0.000000,0.000000,0,1,1,1,1,1,0,0,0,0
2026-09-21T05:58:52.760316+00:00,612273416,SIMULATED,487,2171248,DISARMED,0,-0.000000,0.00000,7.4000,0.0000,25.00,25.00,0.00000,0.00000,0,520,0,500,0,0,0,0,20,0,520,0,0,0,0,0,0,0,0,600,600,600,100,100,0.00000,0.00000,9.80665,0.000000,0.00000,-0.00000,0.00000,0.00000,9.80665,0.000000,0.000000,0.000000,0,1,1,1,1,1,0,0,0,0
2026-09-21T05:58:52.760353+00:00,612310875,SIMULATED,488,2173652,DISARMED,0,-0.000000,0.00000,7.4000,0.0000,25.00,25.00,0.00000,0.00000,0,520,0,500,0,0,0,0,20,0,520,0,0,0,0,0,0,0,0,600,600,600,100,100,0.00000,0.00000,9.80665,0.000000,0.00000,-0.00000,0.00000,0.00000,9.80665,0.000000,0.000000,0.000000,0,1,1,1,1,1,0,0,0,0
2026-09-21T05:58:52.760397+00:00,612354916,SIMULATED,489,2176056,DISARMED,0,-0.000000,0.00000,7.4000,0.0000,25.00,25.00,0.00000,0.00000,0,520,0,500,0,0,0,0,20,0,520,0,0,0,0,0,0,0,0,600,600,600,100,100,0.00000,0.00000,9.80665,0.000000,0.00000,-0.00000,0.00000,0.00000,9.80665,0.000000,0.000000,0.000000,0,1,1,1,1,1,0,0,0,0
2026-09-21T05:58:52.760437+00:00,612395041,SIMULATED,490,2178460,DISARMED,0,-0.000000,0.00000,7.4000,0.0000,25.00,25.00,0.00000,0.00000,0,520,0,500,0,0,0,0,20,0,520,0,0,0,0,0,0,0,0,600,600,600,100,100,0.00000,0.00000,9.80665,0.000000,0.00000,-0.00000,0.00000,0.00000,9.80665,0.000000,0.000000,0.000000,0,1,1,1,1,1,0,0,0,0
2026-09-21T05:58:52.760479+00:00,612436958,SIMULATED,491,2180864,DISARMED,0,-0.000000,0.00000,7.4000,0.0000,25.00,25.00,0.00000,0.00000,0,520,0,500,0,0,0,0,20,0,520,0,0,0,0,0,0,0,0,600,600,600,100,100,0.00000,0.00000,9.80665,0.000000,0.00000,-0.00000,0.00000,0.00000,9.80665,0.000000,0.000000,0.000000,0,1,1,1,1,1,0,0,0,0
2026-09-21T05:58:52.760525+00:00,612482250,SIMULATED,492,2183268,DISARMED,0,-0.000000,0.00000,7.4000,0.0000,25.00,25.00,0.00000,0.00000,0,520,0,500,0,0,0,0,20,0,520,0,0,0,0,0,0,0,0,600,600,600,100,100,0.00000,0.00000,9.80665,0.000000,0.00000,-0.00000,0.00000,0.00000,9.80665,0.000000,0.000000,0.000000,0,1,1,1,1,1,0,0,0,0
2026-09-21T05:58:52.760568+00:00,612525791,SIMULATED,493,2185672,DISARMED,0,-0.000000,0.00000,7.4000,0.0000,25.00,25.00,0.00000,0.00000,0,520,0,500,0,0,0,0,20,0,520,0,0,0,0,0,0,0,0,600,600,600,100,100,0.00000,0.00000,9.80665,0.000000,0.00000,-0.00000,0.00000,0.00000,9.80665,0.000000,0.000000,0.000000,0,1,1,1,1,1,0,0,0,0
2026-09-21T05:58:52.760608+00:00,612565833,SIMULATED,494,2188076,DISARMED,0,-0.000000,0.00000,7.4000,0.0000,25.00,25.00,0.00000,0.00000,0,520,0,500,0,0,0,0,20,0,520,0,0,0,0,0,0,0,0,600,600,600,100,100,0.00000,0.00000,9.80665,0.000000,0.00000,-0.00000,0.00000,0.00000,9.80665,0.000000,0.000000,0.000000,0,1,1,1,1,1,0,0,0,0
2026-09-21T05:58:52.760645+00:00,612602458,SIMULATED,495,2190480,DISARMED,0,-0.000000,0.00000,7.4000,0.0000,25.00,25.00,0.00000,0.00000,0,520,0,500,0,0,0,0,20,0,520,0,0,0,0,0,0,0,0,600,600,600,100,100,0.00000,0.00000,9.80665,0.000000,0.00000,-0.00000,0.00000,0.00000,9.80665,0.000000,0.000000,0.000000,0,1,1,1,1,1,0,0,0,0
2026-09-21T05:58:52.760685+00:00,612642541,SIMULATED,496,2192884,DISARMED,0,-0.000000,0.00000,7.4000,0.0000,25.00,25.00,0.00000,0.00000,0,520,0,500,0,0,0,0,20,0,520,0,0,0,0,0,0,0,0,600,600,600,100,100,0.00000,0.00000,9.80665,0.000000,0.00000,-0.00000,0.00000,0.00000,9.80665,0.000000,0.000000,0.000000,0,1,1,1,1,1,0,0,0,0
2026-09-21T05:58:52.760724+00:00,612681375,SIMULATED,497,2195288,DISARMED,0,-0.000000,0.00000,7.4000,0.0000,25.00,25.00,0.00000,0.00000,0,520,0,500,0,0,0,0,20,0,520,0,0,0,0,0,0,0,0,600,600,600,100,100,0.00000,0.00000,9.80665,0.000000,0.00000,-0.00000,0.00000,0.00000,9.80665,0.000000,0.000000,0.000000,0,1,1,1,1,1,0,0,0,0
2026-09-21T05:58:52.760768+00:00,612726291,SIMULATED,498,2197692,DISARMED,0,-0.000000,0.00000,7.4000,0.0000,25.00,25.00,0.00000,0.00000,0,520,0,500,0,0,0,0,20,0,520,0,0,0,0,0,0,0,0,600,600,600,100,100,0.00000,0.00000,9.80665,0.000000,0.00000,-0.00000,0.00000,0.00000,9.80665,0.000000,0.000000,0.000000,0,1,1,1,1,1,0,0,0,0
2026-09-21T05:58:52.760804+00:00,612761958,SIMULATED,499,2200096,DISARMED,0,-0.000000,0.00000,7.4000,0.0000,25.00,25.00,0.00000,0.00000,0,520,0,500,0,0,0,0,20,0,520,0,0,0,0,0,0,0,0,600,600,600,100,100,0.00000,0.00000,9.80665,0.000000,0.00000,-0.00000,0.00000,0.00000,9.80665,0.000000,0.000000,0.000000,0,1,1,1,1,1,0,0,0,0
2026-09-21T05:58:52.760841+00:00,612798291,SIMULATED,500,2202500,DISARMED,0,-0.000000,0.00000,7.4000,0.0000,25.00,25.00,0.00000,0.00000,0,520,0,500,0,0,0,0,20,0,520,0,0,0,0,0,0,0,0,600,600,600,100,100,0.00000,0.00000,9.80665,0.000000,0.00000,-0.00000,0.00000,0.00000,9.80665,0.000000,0.000000,0.000000,0,1,1,1,1,1,0,0,0,0
2026-09-21T05:58:52.760880+00:00,612837416,SIMULATED,501,2204904,FAULT,2,-0.000000,0.00000,7.4000,0.0000,25.00,25.00,0.00000,0.00000,0,520,0,500,0,0,0,0,20,0,520,0,0,0,0,0,0,0,0,600,600,600,100,100,0.00000,0.00000,9.80665,0.000000,0.00000,-0.00000,0.00000,0.00000,9.80665,0.000000,0.000000,0.000000,2,1,0,1,1,1,0,0,0,0
2026-09-21T05:58:52.760919+00:00,612876375,SIMULATED,502,2207308,FAULT,2,-0.000000,0.00000,7.4000,0.0000,25.00,25.00,0.00000,0.00000,0,520,0,500,0,0,0,0,20,0,520,0,0,0,0,0,0,0,0,600,600,600,100,100,0.00000,0.00000,9.80665,0.000000,0.00000,-0.00000,0.00000,0.00000,9.80665,0.000000,0.000000,0.000000,2,1,0,1,1,1,0,0,0,0
2026-09-21T05:58:52.760955+00:00,612913000,SIMULATED,503,2209712,FAULT,2,-0.000000,0.00000,7.4000,0.0000,25.00,25.00,0.00000,0.00000,0,520,0,500,0,0,0,0,20,0,520,0,0,0,0,0,0,0,0,600,600,600,100,100,0.00000,0.00000,9.80665,0.000000,0.00000,-0.00000,0.00000,0.00000,9.80665,0.000000,0.000000,0.000000,2,1,0,1,1,1,0,0,0,0
2026-09-21T05:58:52.760991+00:00,612948125,SIMULATED,504,2212116,FAULT,2,-0.000000,0.00000,7.4000,0.0000,25.00,25.00,0.00000,0.00000,0,520,0,500,0,0,0,0,20,0,520,0,0,0,0,0,0,0,0,600,600,600,100,100,0.00000,0.00000,9.80665,0.000000,0.00000,-0.00000,0.00000,0.00000,9.80665,0.000000,0.000000,0.000000,2,1,0,1,1,1,0,0,0,0
2026-09-21T05:58:52.761028+00:00,612986250,SIMULATED,505,2214520,FAULT,2,-0.000000,0.00000,7.4000,0.0000,25.00,25.00,0.00000,0.00000,0,520,0,500,0,0,0,0,20,0,520,0,0,0,0,0,0,0,0,600,600,600,100,100,0.00000,0.00000,9.80665,0.000000,0.00000,-0.00000,0.00000,0.00000,9.80665,0.000000,0.000000,0.000000,2,1,0,1,1,1,0,0,0,0
2026-09-21T05:58:52.761069+00:00,613027250,SIMULATED,506,2216924,FAULT,2,-0.000000,0.00000,7.4000,0.0000,25.00,25.00,0.00000,0.00000,0,520,0,500,0,0,0,0,20,0,520,0,0,0,0,0,0,0,0,600,600,600,100,100,0.00000,0.00000,9.80665,0.000000,0.00000,-0.00000,0.00000,0.00000,9.80665,0.000000,0.000000,0.000000,2,1,0,1,1,1,0,0,0,0
2026-09-21T05:58:52.761113+00:00,613070791,SIMULATED,507,2219328,FAULT,2,-0.000000,0.00000,7.4000,0.0000,25.00,25.00,0.00000,0.00000,0,520,0,500,0,0,0,0,20,0,520,0,0,0,0,0,0,0,0,600,600,600,100,100,0.00000,0.00000,9.80665,0.000000,0.00000,-0.00000,0.00000,0.00000,9.80665,0.000000,0.000000,0.000000,2,1,0,1,1,1,0,0,0,0
2026-09-21T05:58:52.761151+00:00,613108291,SIMULATED,508,2221732,FAULT,2,-0.000000,0.00000,7.4000,0.0000,25.00,25.00,0.00000,0.00000,0,520,0,500,0,0,0,0,20,0,520,0,0,0,0,0,0,0,0,600,600,600,100,100,0.00000,0.00000,9.80665,0.000000,0.00000,-0.00000,0.00000,0.00000,9.80665,0.000000,0.000000,0.000000,2,1,0,1,1,1,0,0,0,0
2026-09-21T05:58:52.761188+00:00,613145958,SIMULATED,509,2224136,FAULT,2,-0.000000,0.00000,7.4000,0.0000,25.00,25.00,0.00000,0.00000,0,520,0,500,0,0,0,0,20,0,520,0,0,0,0,0,0,0,0,600,600,600,100,100,0.00000,0.00000,9.80665,0.000000,0.00000,-0.00000,0.00000,0.00000,9.80665,0.000000,0.000000,0.000000,2,1,0,1,1,1,0,0,0,0
2026-09-21T05:58:52.761224+00:00,613181666,SIMULATED,510,2226540,FAULT,2,-0.000000,0.00000,7.4000,0.0000,25.00,25.00,0.00000,0.00000,0,520,0,500,0,0,0,0,20,0,520,0,0,0,0,0,0,0,0,600,600,600,100,100,0.00000,0.00000,9.80665,0.000000,0.00000,-0.00000,0.00000,0.00000,9.80665,0.000000,0.000000,0.000000,2,1,0,1,1,1,0,0,0,0
2026-09-21T05:58:52.761264+00:00,613221708,SIMULATED,511,2228944,FAULT,2,-0.000000,0.00000,7.4000,0.0000,25.00,25.00,0.00000,0.00000,0,520,0,500,0,0,0,0,20,0,520,0,0,0,0,0,0,0,0,600,600,600,100,100,0.00000,0.00000,9.80665,0.000000,0.00000,-0.00000,0.00000,0.00000,9.80665,0.000000,0.000000,0.000000,2,1,0,1,1,1,0,0,0,0
2026-09-21T05:58:52.761300+00:00,613257166,SIMULATED,512,2231348,FAULT,2,-0.000000,0.00000,7.4000,0.0000,25.00,25.00,0.00000,0.00000,0,520,0,500,0,0,0,0,20,0,520,0,0,0,0,0,0,0,0,600,600,600,100,100,0.00000,0.00000,9.80665,0.000000,0.00000,-0.00000,0.00000,0.00000,9.80665,0.000000,0.000000,0.000000,2,1,0,1,1,1,0,0,0,0
2026-09-21T05:58:52.761335+00:00,613293083,SIMULATED,513,2233752,FAULT,2,-0.000000,0.00000,7.4000,0.0000,25.00,25.00,0.00000,0.00000,0,520,0,500,0,0,0,0,20,0,520,0,0,0,0,0,0,0,0,600,600,600,100,100,0.00000,0.00000,9.80665,0.000000,0.00000,-0.00000,0.00000,0.00000,9.80665,0.000000,0.000000,0.000000,2,1,0,1,1,1,0,0,0,0
2026-09-21T05:58:52.761373+00:00,613330666,SIMULATED,514,2236156,FAULT,2,-0.000000,0.00000,7.4000,0.0000,25.00,25.00,0.00000,0.00000,0,520,0,500,0,0,0,0,20,0,520,0,0,0,0,0,0,0,0,600,600,600,100,100,0.00000,0.00000,9.80665,0.000000,0.00000,-0.00000,0.00000,0.00000,9.80665,0.000000,0.000000,0.000000,2,1,0,1,1,1,0,0,0,0
2026-09-21T05:58:52.761408+00:00,613365708,SIMULATED,515,2238560,FAULT,2,-0.000000,0.00000,7.4000,0.0000,25.00,25.00,0.00000,0.00000,0,520,0,500,0,0,0,0,20,0,520,0,0,0,0,0,0,0,0,600,600,600,100,100,0.00000,0.00000,9.80665,0.000000,0.00000,-0.00000,0.00000,0.00000,9.80665,0.000000,0.000000,0.000000,2,1,0,1,1,1,0,0,0,0
2026-09-21T05:58:52.761443+00:00,613401041,SIMULATED,516,2240964,FAULT,2,-0.000000,0.00000,7.4000,0.0000,25.00,25.00,0.00000,0.00000,0,520,0,500,0,0,0,0,20,0,520,0,0,0,0,0,0,0,0,600,600,600,100,100,0.00000,0.00000,9.80665,0.000000,0.00000,-0.00000,0.00000,0.00000,9.80665,0.000000,0.000000,0.000000,2,1,0,1,1,1,0,0,0,0
2026-09-21T05:58:52.761480+00:00,613437666,SIMULATED,517,2243368,FAULT,2,-0.000000,0.00000,7.4000,0.0000,25.00,25.00,0.00000,0.00000,0,520,0,500,0,0,0,0,20,0,520,0,0,0,0,0,0,0,0,600,600,600,100,100,0.00000,0.00000,9.80665,0.000000,0.00000,-0.00000,0.00000,0.00000,9.80665,0.000000,0.000000,0.000000,2,1,0,1,1,1,0,0,0,0
2026-09-21T05:58:52.761515+00:00,613472666,SIMULATED,518,2245772,FAULT,2,-0.000000,0.00000,7.4000,0.0000,25.00,25.00,0.00000,0.00000,0,520,0,500,0,0,0,0,20,0,520,0,0,0,0,0,0,0,0,600,600,600,100,100,0.00000,0.00000,9.80665,0.000000,0.00000,-0.00000,0.00000,0.00000,9.80665,0.000000,0.000000,0.000000,2,1,0,1,1,1,0,0,0,0
2026-09-21T05:58:52.761554+00:00,613511375,SIMULATED,519,2248176,FAULT,2,-0.000000,0.00000,7.4000,0.0000,25.00,25.00,0.00000,0.00000,0,520,0,500,0,0,0,0,20,0,520,0,0,0,0,0,0,0,0,600,600,600,100,100,0.00000,0.00000,9.80665,0.000000,0.00000,-0.00000,0.00000,0.00000,9.80665,0.000000,0.000000,0.000000,2,1,0,1,1,1,0,0,0,0
2026-09-21T05:58:52.761597+00:00,613554208,SIMULATED,520,2250580,FAULT,2,-0.000000,0.00000,7.4000,0.0000,25.00,25.00,0.00000,0.00000,0,520,0,500,0,0,0,0,20,0,520,0,0,0,0,0,0,0,0,600,600,600,100,100,0.00000,0.00000,9.80665,0.000000,0.00000,-0.00000,0.00000,0.00000,9.80665,0.000000,0.000000,0.000000,2,1,0,1,1,1,0,0,0,0
2026-09-21T05:58:52.761634+00:00,613591666,SIMULATED,521,2252984,FAULT,2,-0.000000,0.00000,7.4000,0.0000,25.00,25.00,0.00000,0.00000,0,520,0,500,0,0,0,0,20,0,520,0,0,0,0,0,0,0,0,600,600,600,100,100,0.00000,0.00000,9.80665,0.000000,0.00000,-0.00000,0.00000,0.00000,9.80665,0.000000,0.000000,0.000000,2,1,0,1,1,1,0,0,0,0
2026-09-21T05:58:52.761669+00:00,613626750,SIMULATED,522,2255388,FAULT,2,-0.000000,0.00000,7.4000,0.0000,25.00,25.00,0.00000,0.00000,0,520,0,500,0,0,0,0,20,0,520,0,0,0,0,0,0,0,0,600,600,600,100,100,0.00000,0.00000,9.80665,0.000000,0.00000,-0.00000,0.00000,0.00000,9.80665,0.000000,0.000000,0.000000,2,1,0,1,1,1,0,0,0,0
2026-09-21T05:58:52.761704+00:00,613661166,SIMULATED,523,2257792,FAULT,2,-0.000000,0.00000,7.4000,0.0000,25.00,25.00,0.00000,0.00000,0,520,0,500,0,0,0,0,20,0,520,0,0,0,0,0,0,0,0,600,600,600,100,100,0.00000,0.00000,9.80665,0.000000,0.00000,-0.00000,0.00000,0.00000,9.80665,0.000000,0.000000,0.000000,2,1,0,1,1,1,0,0,0,0
2026-09-21T05:58:52.761742+00:00,613699875,SIMULATED,524,2260196,FAULT,2,-0.000000,0.00000,7.4000,0.0000,25.00,25.00,0.00000,0.00000,0,520,0,500,0,0,0,0,20,0,520,0,0,0,0,0,0,0,0,600,600,600,100,100,0.00000,0.00000,9.80665,0.000000,0.00000,-0.00000,0.00000,0.00000,9.80665,0.000000,0.000000,0.000000,2,1,0,1,1,1,0,0,0,0
2026-09-21T05:58:52.761779+00:00,613736291,SIMULATED,525,2262600,FAULT,2,-0.000000,0.00000,7.4000,0.0000,25.00,25.00,0.00000,0.00000,0,520,0,500,0,0,0,0,20,0,520,0,0,0,0,0,0,0,0,600,600,600,100,100,0.00000,0.00000,9.80665,0.000000,0.00000,-0.00000,0.00000,0.00000,9.80665,0.000000,0.000000,0.000000,2,1,0,1,1,1,0,0,0,0
2026-09-21T05:58:52.761817+00:00,613774125,SIMULATED,526,2265004,FAULT,2,-0.000000,0.00000,7.4000,0.0000,25.00,25.00,0.00000,0.00000,0,520,0,500,0,0,0,0,20,0,520,0,0,0,0,0,0,0,0,600,600,600,100,100,0.00000,0.00000,9.80665,0.000000,0.00000,-0.00000,0.00000,0.00000,9.80665,0.000000,0.000000,0.000000,2,1,0,1,1,1,0,0,0,0
2026-09-21T05:58:52.761852+00:00,613809208,SIMULATED,527,2267408,FAULT,2,-0.000000,0.00000,7.4000,0.0000,25.00,25.00,0.00000,0.00000,0,520,0,500,0,0,0,0,20,0,520,0,0,0,0,0,0,0,0,600,600,600,100,100,0.00000,0.00000,9.80665,0.000000,0.00000,-0.00000,0.00000,0.00000,9.80665,0.000000,0.000000,0.000000,2,1,0,1,1,1,0,0,0,0
2026-09-21T05:58:52.761890+00:00,613847250,SIMULATED,528,2269812,FAULT,2,-0.000000,0.00000,7.4000,0.0000,25.00,25.00,0.00000,0.00000,0,520,0,500,0,0,0,0,20,0,520,0,0,0,0,0,0,0,0,600,600,600,100,100,0.00000,0.00000,9.80665,0.000000,0.00000,-0.00000,0.00000,0.00000,9.80665,0.000000,0.000000,0.000000,2,1,0,1,1,1,0,0,0,0
2026-09-21T05:58:52.761925+00:00,613883291,SIMULATED,529,2272216,FAULT,2,-0.000000,0.00000,7.4000,0.0000,25.00,25.00,0.00000,0.00000,0,520,0,500,0,0,0,0,20,0,520,0,0,0,0,0,0,0,0,600,600,600,100,100,0.00000,0.00000,9.80665,0.000000,0.00000,-0.00000,0.00000,0.00000,9.80665,0.000000,0.000000,0.000000,2,1,0,1,1,1,0,0,0,0
2026-09-21T05:58:52.761964+00:00,613921250,SIMULATED,530,2274620,FAULT,2,-0.000000,0.00000,7.4000,0.0000,25.00,25.00,0.00000,0.00000,0,520,0,500,0,0,0,0,20,0,520,0,0,0,0,0,0,0,0,600,600,600,100,100,0.00000,0.00000,9.80665,0.000000,0.00000,-0.00000,0.00000,0.00000,9.80665,0.000000,0.000000,0.000000,2,1,0,1,1,1,0,0,0,0
2026-09-21T05:58:52.762003+00:00,613961000,SIMULATED,531,2277024,FAULT,2,-0.000000,0.00000,7.4000,0.0000,25.00,25.00,0.00000,0.00000,0,520,0,500,0,0,0,0,20,0,520,0,0,0,0,0,0,0,0,600,600,600,100,100,0.00000,0.00000,9.80665,0.000000,0.00000,-0.00000,0.00000,0.00000,9.80665,0.000000,0.000000,0.000000,2,1,0,1,1,1,0,0,0,0
2026-09-21T05:58:52.762039+00:00,613996208,SIMULATED,532,2279428,FAULT,2,-0.000000,0.00000,7.4000,0.0000,25.00,25.00,0.00000,0.00000,0,520,0,500,0,0,0,0,20,0,520,0,0,0,0,0,0,0,0,600,600,600,100,100,0.00000,0.00000,9.80665,0.000000,0.00000,-0.00000,0.00000,0.00000,9.80665,0.000000,0.000000,0.000000,2,1,0,1,1,1,0,0,0,0
2026-09-21T05:58:52.762074+00:00,614031958,SIMULATED,533,2281832,FAULT,2,-0.000000,0.00000,7.4000,0.0000,25.00,25.00,0.00000,0.00000,0,520,0,500,0,0,0,0,20,0,520,0,0,0,0,0,0,0,0,600,600,600,100,100,0.00000,0.00000,9.80665,0.000000,0.00000,-0.00000,0.00000,0.00000,9.80665,0.000000,0.000000,0.000000,2,1,0,1,1,1,0,0,0,0
2026-09-21T05:58:52.762108+00:00,614066000,SIMULATED,534,2284236,FAULT,2,-0.000000,0.00000,7.4000,0.0000,25.00,25.00,0.00000,0.00000,0,520,0,500,0,0,0,0,20,0,520,0,0,0,0,0,0,0,0,600,600,600,100,100,0.00000,0.00000,9.80665,0.000000,0.00000,-0.00000,0.00000,0.00000,9.80665,0.000000,0.000000,0.000000,2,1,0,1,1,1,0,0,0,0
2026-09-21T05:58:52.762142+00:00,614099916,SIMULATED,535,2286640,FAULT,2,-0.000000,0.00000,7.4000,0.0000,25.00,25.00,0.00000,0.00000,0,520,0,500,0,0,0,0,20,0,520,0,0,0,0,0,0,0,0,600,600,600,100,100,0.00000,0.00000,9.80665,0.000000,0.00000,-0.00000,0.00000,0.00000,9.80665,0.000000,0.000000,0.000000,2,1,0,1,1,1,0,0,0,0
2026-09-21T05:58:52.762182+00:00,614140083,SIMULATED,536,2289044,FAULT,2,-0.000000,0.00000,7.4000,0.0000,25.00,25.00,0.00000,0.00000,0,520,0,500,0,0,0,0,20,0,520,0,0,0,0,0,0,0,0,600,600,600,100,100,0.00000,0.00000,9.80665,0.000000,0.00000,-0.00000,0.00000,0.00000,9.80665,0.000000,0.000000,0.000000,2,1,0,1,1,1,0,0,0,0
2026-09-21T05:58:52.762226+00:00,614183458,SIMULATED,537,2291448,FAULT,2,-0.000000,0.00000,7.4000,0.0000,25.00,25.00,0.00000,0.00000,0,520,0,500,0,0,0,0,20,0,520,0,0,0,0,0,0,0,0,600,600,600,100,100,0.00000,0.00000,9.80665,0.000000,0.00000,-0.00000,0.00000,0.00000,9.80665,0.000000,0.000000,0.000000,2,1,0,1,1,1,0,0,0,0
2026-09-21T05:58:52.762260+00:00,614217500,SIMULATED,538,2293852,FAULT,2,-0.000000,0.00000,7.4000,0.0000,25.00,25.00,0.00000,0.00000,0,520,0,500,0,0,0,0,20,0,520,0,0,0,0,0,0,0,0,600,600,600,100,100,0.00000,0.00000,9.80665,0.000000,0.00000,-0.00000,0.00000,0.00000,9.80665,0.000000,0.000000,0.000000,2,1,0,1,1,1,0,0,0,0
2026-09-21T05:58:52.762295+00:00,614252833,SIMULATED,539,2296256,FAULT,2,-0.000000,0.00000,7.4000,0.0000,25.00,25.00,0.00000,0.00000,0,520,0,500,0,0,0,0,20,0,520,0,0,0,0,0,0,0,0,600,600,600,100,100,0.00000,0.00000,9.80665,0.000000,0.00000,-0.00000,0.00000,0.00000,9.80665,0.000000,0.000000,0.000000,2,1,0,1,1,1,0,0,0,0
2026-09-21T05:58:52.762331+00:00,614288291,SIMULATED,540,2298660,FAULT,2,-0.000000,0.00000,7.4000,0.0000,25.00,25.00,0.00000,0.00000,0,520,0,500,0,0,0,0,20,0,520,0,0,0,0,0,0,0,0,600,600,600,100,100,0.00000,0.00000,9.80665,0.000000,0.00000,-0.00000,0.00000,0.00000,9.80665,0.000000,0.000000,0.000000,2,1,0,1,1,1,0,0,0,0
2026-09-21T05:58:52.762370+00:00,614327958,SIMULATED,541,2301064,FAULT,2,-0.000000,0.00000,7.4000,0.0000,25.00,25.00,0.00000,0.00000,0,520,0,500,0,0,0,0,20,0,520,0,0,0,0,0,0,0,0,600,600,600,100,100,0.00000,0.00000,9.80665,0.000000,0.00000,-0.00000,0.00000,0.00000,9.80665,0.000000,0.000000,0.000000,2,1,0,1,1,1,0,0,0,0
2026-09-21T05:58:52.762405+00:00,614362208,SIMULATED,542,2303468,FAULT,2,-0.000000,0.00000,7.4000,0.0000,25.00,25.00,0.00000,0.00000,0,520,0,500,0,0,0,0,20,0,520,0,0,0,0,0,0,0,0,600,600,600,100,100,0.00000,0.00000,9.80665,0.000000,0.00000,-0.00000,0.00000,0.00000,9.80665,0.000000,0.000000,0.000000,2,1,0,1,1,1,0,0,0,0
2026-09-21T05:58:52.762440+00:00,614397583,SIMULATED,543,2305872,FAULT,2,-0.000000,0.00000,7.4000,0.0000,25.00,25.00,0.00000,0.00000,0,520,0,500,0,0,0,0,20,0,520,0,0,0,0,0,0,0,0,600,600,600,100,100,0.00000,0.00000,9.80665,0.000000,0.00000,-0.00000,0.00000,0.00000,9.80665,0.000000,0.000000,0.000000,2,1,0,1,1,1,0,0,0,0
2026-09-21T05:58:52.762474+00:00,614431750,SIMULATED,544,2308276,FAULT,2,-0.000000,0.00000,7.4000,0.0000,25.00,25.00,0.00000,0.00000,0,520,0,500,0,0,0,0,20,0,520,0,0,0,0,0,0,0,0,600,600,600,100,100,0.00000,0.00000,9.80665,0.000000,0.00000,-0.00000,0.00000,0.00000,9.80665,0.000000,0.000000,0.000000,2,1,0,1,1,1,0,0,0,0
2026-09-21T05:58:52.762507+00:00,614464708,SIMULATED,545,2310680,FAULT,2,-0.000000,0.00000,7.4000,0.0000,25.00,25.00,0.00000,0.00000,0,520,0,500,0,0,0,0,20,0,520,0,0,0,0,0,0,0,0,600,600,600,100,100,0.00000,0.00000,9.80665,0.000000,0.00000,-0.00000,0.00000,0.00000,9.80665,0.000000,0.000000,0.000000,2,1,0,1,1,1,0,0,0,0
2026-09-21T05:58:52.762542+00:00,614499916,SIMULATED,546,2313084,FAULT,2,-0.000000,0.00000,7.4000,0.0000,25.00,25.00,0.00000,0.00000,0,520,0,500,0,0,0,0,20,0,520,0,0,0,0,0,0,0,0,600,600,600,100,100,0.00000,0.00000,9.80665,0.000000,0.00000,-0.00000,0.00000,0.00000,9.80665,0.000000,0.000000,0.000000,2,1,0,1,1,1,0,0,0,0
2026-09-21T05:58:52.762577+00:00,614534375,SIMULATED,547,2315488,FAULT,2,-0.000000,0.00000,7.4000,0.0000,25.00,25.00,0.00000,0.00000,0,520,0,500,0,0,0,0,20,0,520,0,0,0,0,0,0,0,0,600,600,600,100,100,0.00000,0.00000,9.80665,0.000000,0.00000,-0.00000,0.00000,0.00000,9.80665,0.000000,0.000000,0.000000,2,1,0,1,1,1,0,0,0,0
2026-09-21T05:58:52.762611+00:00,614568416,SIMULATED,548,2317892,FAULT,2,-0.000000,0.00000,7.4000,0.0000,25.00,25.00,0.00000,0.00000,0,520,0,500,0,0,0,0,20,0,520,0,0,0,0,0,0,0,0,600,600,600,100,100,0.00000,0.00000,9.80665,0.000000,0.00000,-0.00000,0.00000,0.00000,9.80665,0.000000,0.000000,0.000000,2,1,0,1,1,1,0,0,0,0
2026-09-21T05:58:52.762646+00:00,614603791,SIMULATED,549,2320296,FAULT,2,-0.000000,0.00000,7.4000,0.0000,25.00,25.00,0.00000,0.00000,0,520,0,500,0,0,0,0,20,0,520,0,0,0,0,0,0,0,0,600,600,600,100,100,0.00000,0.00000,9.80665,0.000000,0.00000,-0.00000,0.00000,0.00000,9.80665,0.000000,0.000000,0.000000,2,1,0,1,1,1,0,0,0,0
2026-09-21T05:58:52.762681+00:00,614638375,SIMULATED,550,2322700,FAULT,2,-0.000000,0.00000,7.4000,0.0000,25.00,25.00,0.00000,0.00000,0,520,0,500,0,0,0,0,20,0,520,0,0,0,0,0,0,0,0,600,600,600,100,100,0.00000,0.00000,9.80665,0.000000,0.00000,-0.00000,0.00000,0.00000,9.80665,0.000000,0.000000,0.000000,2,1,0,1,1,1,0,0,0,0
2026-09-21T05:58:52.762717+00:00,614675083,SIMULATED,551,2325104,FAULT,2,-0.000000,0.00000,7.4000,0.0000,25.00,25.00,0.00000,0.00000,0,520,0,500,0,0,0,0,20,0,520,0,0,0,0,0,0,0,0,600,600,600,100,100,0.00000,0.00000,9.80665,0.000000,0.00000,-0.00000,0.00000,0.00000,9.80665,0.000000,0.000000,0.000000,2,1,0,1,1,1,0,0,0,0
2026-09-21T05:58:52.762753+00:00,614710291,SIMULATED,552,2327508,FAULT,2,-0.000000,0.00000,7.4000,0.0000,25.00,25.00,0.00000,0.00000,0,520,0,500,0,0,0,0,20,0,520,0,0,0,0,0,0,0,0,600,600,600,100,100,0.00000,0.00000,9.80665,0.000000,0.00000,-0.00000,0.00000,0.00000,9.80665,0.000000,0.000000,0.000000,2,1,0,1,1,1,0,0,0,0
2026-09-21T05:58:52.762788+00:00,614745333,SIMULATED,553,2329912,FAULT,2,-0.000000,0.00000,7.4000,0.0000,25.00,25.00,0.00000,0.00000,0,520,0,500,0,0,0,0,20,0,520,0,0,0,0,0,0,0,0,600,600,600,100,100,0.00000,0.00000,9.80665,0.000000,0.00000,-0.00000,0.00000,0.00000,9.80665,0.000000,0.000000,0.000000,2,1,0,1,1,1,0,0,0,0
2026-09-21T05:58:52.762822+00:00,614779375,SIMULATED,554,2332316,FAULT,2,-0.000000,0.00000,7.4000,0.0000,25.00,25.00,0.00000,0.00000,0,520,0,500,0,0,0,0,20,0,520,0,0,0,0,0,0,0,0,600,600,600,100,100,0.00000,0.00000,9.80665,0.000000,0.00000,-0.00000,0.00000,0.00000,9.80665,0.000000,0.000000,0.000000,2,1,0,1,1,1,0,0,0,0
2026-09-21T05:58:52.762857+00:00,614814583,SIMULATED,555,2334720,FAULT,2,-0.000000,0.00000,7.4000,0.0000,25.00,25.00,0.00000,0.00000,0,520,0,500,0,0,0,0,20,0,520,0,0,0,0,0,0,0,0,600,600,600,100,100,0.00000,0.00000,9.80665,0.000000,0.00000,-0.00000,0.00000,0.00000,9.80665,0.000000,0.000000,0.000000,2,1,0,1,1,1,0,0,0,0
2026-09-21T05:58:52.762891+00:00,614848583,SIMULATED,556,2337124,FAULT,2,-0.000000,0.00000,7.4000,0.0000,25.00,25.00,0.00000,0.00000,0,520,0,500,0,0,0,0,20,0,520,0,0,0,0,0,0,0,0,600,600,600,100,100,0.00000,0.00000,9.80665,0.000000,0.00000,-0.00000,0.00000,0.00000,9.80665,0.000000,0.000000,0.000000,2,1,0,1,1,1,0,0,0,0
2026-09-21T05:58:52.762926+00:00,614883125,SIMULATED,557,2339528,FAULT,2,-0.000000,0.00000,7.4000,0.0000,25.00,25.00,0.00000,0.00000,0,520,0,500,0,0,0,0,20,0,520,0,0,0,0,0,0,0,0,600,600,600,100,100,0.00000,0.00000,9.80665,0.000000,0.00000,-0.00000,0.00000,0.00000,9.80665,0.000000,0.000000,0.000000,2,1,0,1,1,1,0,0,0,0
2026-09-21T05:58:52.762964+00:00,614921291,SIMULATED,558,2341932,FAULT,2,-0.000000,0.00000,7.4000,0.0000,25.00,25.00,0.00000,0.00000,0,520,0,500,0,0,0,0,20,0,520,0,0,0,0,0,0,0,0,600,600,600,100,100,0.00000,0.00000,9.80665,0.000000,0.00000,-0.00000,0.00000,0.00000,9.80665,0.000000,0.000000,0.000000,2,1,0,1,1,1,0,0,0,0
2026-09-21T05:58:52.762998+00:00,614955166,SIMULATED,559,2344336,FAULT,2,-0.000000,0.00000,7.4000,0.0000,25.00,25.00,0.00000,0.00000,0,520,0,500,0,0,0,0,20,0,520,0,0,0,0,0,0,0,0,600,600,600,100,100,0.00000,0.00000,9.80665,0.000000,0.00000,-0.00000,0.00000,0.00000,9.80665,0.000000,0.000000,0.000000,2,1,0,1,1,1,0,0,0,0
2026-09-21T05:58:52.763031+00:00,614989041,SIMULATED,560,2346740,FAULT,2,-0.000000,0.00000,7.4000,0.0000,25.00,25.00,0.00000,0.00000,0,520,0,500,0,0,0,0,20,0,520,0,0,0,0,0,0,0,0,600,600,600,100,100,0.00000,0.00000,9.80665,0.000000,0.00000,-0.00000,0.00000,0.00000,9.80665,0.000000,0.000000,0.000000,2,1,0,1,1,1,0,0,0,0
2026-09-21T05:58:52.763067+00:00,615024166,SIMULATED,561,2349144,FAULT,2,-0.000000,0.00000,7.4000,0.0000,25.00,25.00,0.00000,0.00000,0,520,0,500,0,0,0,0,20,0,520,0,0,0,0,0,0,0,0,600,600,600,100,100,0.00000,0.00000,9.80665,0.000000,0.00000,-0.00000,0.00000,0.00000,9.80665,0.000000,0.000000,0.000000,2,1,0,1,1,1,0,0,0,0
2026-09-21T05:58:52.763106+00:00,615064000,SIMULATED,562,2351548,FAULT,2,-0.000000,0.00000,7.4000,0.0000,25.00,25.00,0.00000,0.00000,0,520,0,500,0,0,0,0,20,0,520,0,0,0,0,0,0,0,0,600,600,600,100,100,0.00000,0.00000,9.80665,0.000000,0.00000,-0.00000,0.00000,0.00000,9.80665,0.000000,0.000000,0.000000,2,1,0,1,1,1,0,0,0,0
2026-09-21T05:58:52.763141+00:00,615099166,SIMULATED,563,2353952,FAULT,2,-0.000000,0.00000,7.4000,0.0000,25.00,25.00,0.00000,0.00000,0,520,0,500,0,0,0,0,20,0,520,0,0,0,0,0,0,0,0,600,600,600,100,100,0.00000,0.00000,9.80665,0.000000,0.00000,-0.00000,0.00000,0.00000,9.80665,0.000000,0.000000,0.000000,2,1,0,1,1,1,0,0,0,0
2026-09-21T05:58:52.763176+00:00,615133625,SIMULATED,564,2356356,FAULT,2,-0.000000,0.00000,7.4000,0.0000,25.00,25.00,0.00000,0.00000,0,520,0,500,0,0,0,0,20,0,520,0,0,0,0,0,0,0,0,600,600,600,100,100,0.00000,0.00000,9.80665,0.000000,0.00000,-0.00000,0.00000,0.00000,9.80665,0.000000,0.000000,0.000000,2,1,0,1,1,1,0,0,0,0
2026-09-21T05:58:52.763210+00:00,615167750,SIMULATED,565,2358760,FAULT,2,-0.000000,0.00000,7.4000,0.0000,25.00,25.00,0.00000,0.00000,0,520,0,500,0,0,0,0,20,0,520,0,0,0,0,0,0,0,0,600,600,600,100,100,0.00000,0.00000,9.80665,0.000000,0.00000,-0.00000,0.00000,0.00000,9.80665,0.000000,0.000000,0.000000,2,1,0,1,1,1,0,0,0,0
2026-09-21T05:58:52.763250+00:00,615208083,SIMULATED,566,2361164,FAULT,2,-0.000000,0.00000,7.4000,0.0000,25.00,25.00,0.00000,0.00000,0,520,0,500,0,0,0,0,20,0,520,0,0,0,0,0,0,0,0,600,600,600,100,100,0.00000,0.00000,9.80665,0.000000,0.00000,-0.00000,0.00000,0.00000,9.80665,0.000000,0.000000,0.000000,2,1,0,1,1,1,0,0,0,0
2026-09-21T05:58:52.763290+00:00,615247500,SIMULATED,567,2363568,FAULT,2,-0.000000,0.00000,7.4000,0.0000,25.00,25.00,0.00000,0.00000,0,520,0,500,0,0,0,0,20,0,520,0,0,0,0,0,0,0,0,600,600,600,100,100,0.00000,0.00000,9.80665,0.000000,0.00000,-0.00000,0.00000,0.00000,9.80665,0.000000,0.000000,0.000000,2,1,0,1,1,1,0,0,0,0
2026-09-21T05:58:52.763324+00:00,615281916,SIMULATED,568,2365972,FAULT,2,-0.000000,0.00000,7.4000,0.0000,25.00,25.00,0.00000,0.00000,0,520,0,500,0,0,0,0,20,0,520,0,0,0,0,0,0,0,0,600,600,600,100,100,0.00000,0.00000,9.80665,0.000000,0.00000,-0.00000,0.00000,0.00000,9.80665,0.000000,0.000000,0.000000,2,1,0,1,1,1,0,0,0,0
2026-09-21T05:58:52.763359+00:00,615316875,SIMULATED,569,2368376,FAULT,2,-0.000000,0.00000,7.4000,0.0000,25.00,25.00,0.00000,0.00000,0,520,0,500,0,0,0,0,20,0,520,0,0,0,0,0,0,0,0,600,600,600,100,100,0.00000,0.00000,9.80665,0.000000,0.00000,-0.00000,0.00000,0.00000,9.80665,0.000000,0.000000,0.000000,2,1,0,1,1,1,0,0,0,0
2026-09-21T05:58:52.763396+00:00,615353958,SIMULATED,570,2370780,FAULT,2,-0.000000,0.00000,7.4000,0.0000,25.00,25.00,0.00000,0.00000,0,520,0,500,0,0,0,0,20,0,520,0,0,0,0,0,0,0,0,600,600,600,100,100,0.00000,0.00000,9.80665,0.000000,0.00000,-0.00000,0.00000,0.00000,9.80665,0.000000,0.000000,0.000000,2,1,0,1,1,1,0,0,0,0
2026-09-21T05:58:52.763445+00:00,615402291,SIMULATED,571,2373184,FAULT,2,-0.000000,0.00000,7.4000,0.0000,25.00,25.00,0.00000,0.00000,0,520,0,500,0,0,0,0,20,0,520,0,0,0,0,0,0,0,0,600,600,600,100,100,0.00000,0.00000,9.80665,0.000000,0.00000,-0.00000,0.00000,0.00000,9.80665,0.000000,0.000000,0.000000,2,1,0,1,1,1,0,0,0,0
2026-09-21T05:58:52.763481+00:00,615438375,SIMULATED,572,2375588,FAULT,2,-0.000000,0.00000,7.4000,0.0000,25.00,25.00,0.00000,0.00000,0,520,0,500,0,0,0,0,20,0,520,0,0,0,0,0,0,0,0,600,600,600,100,100,0.00000,0.00000,9.80665,0.000000,0.00000,-0.00000,0.00000,0.00000,9.80665,0.000000,0.000000,0.000000,2,1,0,1,1,1,0,0,0,0
2026-09-21T05:58:52.763516+00:00,615474250,SIMULATED,573,2377992,FAULT,2,-0.000000,0.00000,7.4000,0.0000,25.00,25.00,0.00000,0.00000,0,520,0,500,0,0,0,0,20,0,520,0,0,0,0,0,0,0,0,600,600,600,100,100,0.00000,0.00000,9.80665,0.000000,0.00000,-0.00000,0.00000,0.00000,9.80665,0.000000,0.000000,0.000000,2,1,0,1,1,1,0,0,0,0
2026-09-21T05:58:52.763558+00:00,615515833,SIMULATED,574,2380396,FAULT,2,-0.000000,0.00000,7.4000,0.0000,25.00,25.00,0.00000,0.00000,0,520,0,500,0,0,0,0,20,0,520,0,0,0,0,0,0,0,0,600,600,600,100,100,0.00000,0.00000,9.80665,0.000000,0.00000,-0.00000,0.00000,0.00000,9.80665,0.000000,0.000000,0.000000,2,1,0,1,1,1,0,0,0,0
2026-09-21T05:58:52.763596+00:00,615553625,SIMULATED,575,2382800,FAULT,2,-0.000000,0.00000,7.4000,0.0000,25.00,25.00,0.00000,0.00000,0,520,0,500,0,0,0,0,20,0,520,0,0,0,0,0,0,0,0,600,600,600,100,100,0.00000,0.00000,9.80665,0.000000,0.00000,-0.00000,0.00000,0.00000,9.80665,0.000000,0.000000,0.000000,2,1,0,1,1,1,0,0,0,0
2026-09-21T05:58:52.763630+00:00,615588125,SIMULATED,576,2385204,FAULT,2,-0.000000,0.00000,7.4000,0.0000,25.00,25.00,0.00000,0.00000,0,520,0,500,0,0,0,0,20,0,520,0,0,0,0,0,0,0,0,600,600,600,100,100,0.00000,0.00000,9.80665,0.000000,0.00000,-0.00000,0.00000,0.00000,9.80665,0.000000,0.000000,0.000000,2,1,0,1,1,1,0,0,0,0
2026-09-21T05:58:52.763668+00:00,615625500,SIMULATED,577,2387608,FAULT,2,-0.000000,0.00000,7.4000,0.0000,25.00,25.00,0.00000,0.00000,0,520,0,500,0,0,0,0,20,0,520,0,0,0,0,0,0,0,0,600,600,600,100,100,0.00000,0.00000,9.80665,0.000000,0.00000,-0.00000,0.00000,0.00000,9.80665,0.000000,0.000000,0.000000,2,1,0,1,1,1,0,0,0,0
2026-09-21T05:58:52.763703+00:00,615660541,SIMULATED,578,2390012,FAULT,2,-0.000000,0.00000,7.4000,0.0000,25.00,25.00,0.00000,0.00000,0,520,0,500,0,0,0,0,20,0,520,0,0,0,0,0,0,0,0,600,600,600,100,100,0.00000,0.00000,9.80665,0.000000,0.00000,-0.00000,0.00000,0.00000,9.80665,0.000000,0.000000,0.000000,2,1,0,1,1,1,0,0,0,0
2026-09-21T05:58:52.763738+00:00,615696000,SIMULATED,579,2392416,FAULT,2,-0.000000,0.00000,7.4000,0.0000,25.00,25.00,0.00000,0.00000,0,520,0,500,0,0,0,0,20,0,520,0,0,0,0,0,0,0,0,600,600,600,100,100,0.00000,0.00000,9.80665,0.000000,0.00000,-0.00000,0.00000,0.00000,9.80665,0.000000,0.000000,0.000000,2,1,0,1,1,1,0,0,0,0
2026-09-21T05:58:52.763775+00:00,615732708,SIMULATED,580,2394820,FAULT,2,-0.000000,0.00000,7.4000,0.0000,25.00,25.00,0.00000,0.00000,0,520,0,500,0,0,0,0,20,0,520,0,0,0,0,0,0,0,0,600,600,600,100,100,0.00000,0.00000,9.80665,0.000000,0.00000,-0.00000,0.00000,0.00000,9.80665,0.000000,0.000000,0.000000,2,1,0,1,1,1,0,0,0,0
2026-09-21T05:58:52.763814+00:00,615771291,SIMULATED,581,2397224,FAULT,2,-0.000000,0.00000,7.4000,0.0000,25.00,25.00,0.00000,0.00000,0,520,0,500,0,0,0,0,20,0,520,0,0,0,0,0,0,0,0,600,600,600,100,100,0.00000,0.00000,9.80665,0.000000,0.00000,-0.00000,0.00000,0.00000,9.80665,0.000000,0.000000,0.000000,2,1,0,1,1,1,0,0,0,0
2026-09-21T05:58:52.763850+00:00,615808125,SIMULATED,582,2399628,FAULT,2,-0.000000,0.00000,7.4000,0.0000,25.00,25.00,0.00000,0.00000,0,520,0,500,0,0,0,0,20,0,520,0,0,0,0,0,0,0,0,600,600,600,100,100,0.00000,0.00000,9.80665,0.000000,0.00000,-0.00000,0.00000,0.00000,9.80665,0.000000,0.000000,0.000000,2,1,0,1,1,1,0,0,0,0
2026-09-21T05:58:52.763884+00:00,615841916,SIMULATED,583,2402032,FAULT,2,-0.000000,0.00000,7.4000,0.0000,25.00,25.00,0.00000,0.00000,0,520,0,500,0,0,0,0,20,0,520,0,0,0,0,0,0,0,0,600,600,600,100,100,0.00000,0.00000,9.80665,0.000000,0.00000,-0.00000,0.00000,0.00000,9.80665,0.000000,0.000000,0.000000,2,1,0,1,1,1,0,0,0,0
2026-09-21T05:58:52.763926+00:00,615883708,SIMULATED,584,2404436,FAULT,2,-0.000000,0.00000,7.4000,0.0000,25.00,25.00,0.00000,0.00000,0,520,0,500,0,0,0,0,20,0,520,0,0,0,0,0,0,0,0,600,600,600,100,100,0.00000,0.00000,9.80665,0.000000,0.00000,-0.00000,0.00000,0.00000,9.80665,0.000000,0.000000,0.000000,2,1,0,1,1,1,0,0,0,0
2026-09-21T05:58:52.763966+00:00,615923166,SIMULATED,585,2406840,FAULT,2,-0.000000,0.00000,7.4000,0.0000,25.00,25.00,0.00000,0.00000,0,520,0,500,0,0,0,0,20,0,520,0,0,0,0,0,0,0,0,600,600,600,100,100,0.00000,0.00000,9.80665,0.000000,0.00000,-0.00000,0.00000,0.00000,9.80665,0.000000,0.000000,0.000000,2,1,0,1,1,1,0,0,0,0
2026-09-21T05:58:52.764001+00:00,615958958,SIMULATED,586,2409244,FAULT,2,-0.000000,0.00000,7.4000,0.0000,25.00,25.00,0.00000,0.00000,0,520,0,500,0,0,0,0,20,0,520,0,0,0,0,0,0,0,0,600,600,600,100,100,0.00000,0.00000,9.80665,0.000000,0.00000,-0.00000,0.00000,0.00000,9.80665,0.000000,0.000000,0.000000,2,1,0,1,1,1,0,0,0,0
2026-09-21T05:58:52.764037+00:00,615994750,SIMULATED,587,2411648,FAULT,2,-0.000000,0.00000,7.4000,0.0000,25.00,25.00,0.00000,0.00000,0,520,0,500,0,0,0,0,20,0,520,0,0,0,0,0,0,0,0,600,600,600,100,100,0.00000,0.00000,9.80665,0.000000,0.00000,-0.00000,0.00000,0.00000,9.80665,0.000000,0.000000,0.000000,2,1,0,1,1,1,0,0,0,0
2026-09-21T05:58:52.764071+00:00,616028875,SIMULATED,588,2414052,FAULT,2,-0.000000,0.00000,7.4000,0.0000,25.00,25.00,0.00000,0.00000,0,520,0,500,0,0,0,0,20,0,520,0,0,0,0,0,0,0,0,600,600,600,100,100,0.00000,0.00000,9.80665,0.000000,0.00000,-0.00000,0.00000,0.00000,9.80665,0.000000,0.000000,0.000000,2,1,0,1,1,1,0,0,0,0
2026-09-21T05:58:52.764109+00:00,616067041,SIMULATED,589,2416456,FAULT,2,-0.000000,0.00000,7.4000,0.0000,25.00,25.00,0.00000,0.00000,0,520,0,500,0,0,0,0,20,0,520,0,0,0,0,0,0,0,0,600,600,600,100,100,0.00000,0.00000,9.80665,0.000000,0.00000,-0.00000,0.00000,0.00000,9.80665,0.000000,0.000000,0.000000,2,1,0,1,1,1,0,0,0,0
2026-09-21T05:58:52.764147+00:00,616104541,SIMULATED,590,2418860,FAULT,2,-0.000000,0.00000,7.4000,0.0000,25.00,25.00,0.00000,0.00000,0,520,0,500,0,0,0,0,20,0,520,0,0,0,0,0,0,0,0,600,600,600,100,100,0.00000,0.00000,9.80665,0.000000,0.00000,-0.00000,0.00000,0.00000,9.80665,0.000000,0.000000,0.000000,2,1,0,1,1,1,0,0,0,0
2026-09-21T05:58:52.764185+00:00,616142208,SIMULATED,591,2421264,FAULT,2,-0.000000,0.00000,7.4000,0.0000,25.00,25.00,0.00000,0.00000,0,520,0,500,0,0,0,0,20,0,520,0,0,0,0,0,0,0,0,600,600,600,100,100,0.00000,0.00000,9.80665,0.000000,0.00000,-0.00000,0.00000,0.00000,9.80665,0.000000,0.000000,0.000000,2,1,0,1,1,1,0,0,0,0
2026-09-21T05:58:52.764222+00:00,616179250,SIMULATED,592,2423668,FAULT,2,-0.000000,0.00000,7.4000,0.0000,25.00,25.00,0.00000,0.00000,0,520,0,500,0,0,0,0,20,0,520,0,0,0,0,0,0,0,0,600,600,600,100,100,0.00000,0.00000,9.80665,0.000000,0.00000,-0.00000,0.00000,0.00000,9.80665,0.000000,0.000000,0.000000,2,1,0,1,1,1,0,0,0,0
2026-09-21T05:58:52.764256+00:00,616213291,SIMULATED,593,2426072,FAULT,2,-0.000000,0.00000,7.4000,0.0000,25.00,25.00,0.00000,0.00000,0,520,0,500,0,0,0,0,20,0,520,0,0,0,0,0,0,0,0,600,600,600,100,100,0.00000,0.00000,9.80665,0.000000,0.00000,-0.00000,0.00000,0.00000,9.80665,0.000000,0.000000,0.000000,2,1,0,1,1,1,0,0,0,0
2026-09-21T05:58:52.764293+00:00,616250291,SIMULATED,594,2428476,FAULT,2,-0.000000,0.00000,7.4000,0.0000,25.00,25.00,0.00000,0.00000,0,520,0,500,0,0,0,0,20,0,520,0,0,0,0,0,0,0,0,600,600,600,100,100,0.00000,0.00000,9.80665,0.000000,0.00000,-0.00000,0.00000,0.00000,9.80665,0.000000,0.000000,0.000000,2,1,0,1,1,1,0,0,0,0
2026-09-21T05:58:52.764332+00:00,616289625,SIMULATED,595,2430880,FAULT,2,-0.000000,0.00000,7.4000,0.0000,25.00,25.00,0.00000,0.00000,0,520,0,500,0,0,0,0,20,0,520,0,0,0,0,0,0,0,0,600,600,600,100,100,0.00000,0.00000,9.80665,0.000000,0.00000,-0.00000,0.00000,0.00000,9.80665,0.000000,0.000000,0.000000,2,1,0,1,1,1,0,0,0,0
2026-09-21T05:58:52.764372+00:00,616329458,SIMULATED,596,2433284,FAULT,2,-0.000000,0.00000,7.4000,0.0000,25.00,25.00,0.00000,0.00000,0,520,0,500,0,0,0,0,20,0,520,0,0,0,0,0,0,0,0,600,600,600,100,100,0.00000,0.00000,9.80665,0.000000,0.00000,-0.00000,0.00000,0.00000,9.80665,0.000000,0.000000,0.000000,2,1,0,1,1,1,0,0,0,0
2026-09-21T05:58:52.764412+00:00,616370041,SIMULATED,597,2435688,FAULT,2,-0.000000,0.00000,7.4000,0.0000,25.00,25.00,0.00000,0.00000,0,520,0,500,0,0,0,0,20,0,520,0,0,0,0,0,0,0,0,600,600,600,100,100,0.00000,0.00000,9.80665,0.000000,0.00000,-0.00000,0.00000,0.00000,9.80665,0.000000,0.000000,0.000000,2,1,0,1,1,1,0,0,0,0
2026-09-21T05:58:52.764450+00:00,616407958,SIMULATED,598,2438092,FAULT,2,-0.000000,0.00000,7.4000,0.0000,25.00,25.00,0.00000,0.00000,0,520,0,500,0,0,0,0,20,0,520,0,0,0,0,0,0,0,0,600,600,600,100,100,0.00000,0.00000,9.80665,0.000000,0.00000,-0.00000,0.00000,0.00000,9.80665,0.000000,0.000000,0.000000,2,1,0,1,1,1,0,0,0,0
2026-09-21T05:58:52.764488+00:00,616445500,SIMULATED,599,2440496,FAULT,2,-0.000000,0.00000,7.4000,0.0000,25.00,25.00,0.00000,0.00000,0,520,0,500,0,0,0,0,20,0,520,0,0,0,0,0,0,0,0,600,600,600,100,100,0.00000,0.00000,9.80665,0.000000,0.00000,-0.00000,0.00000,0.00000,9.80665,0.000000,0.000000,0.000000,2,1,0,1,1,1,0,0,0,0
2026-09-21T05:58:52.764522+00:00,616479833,SIMULATED,600,2442900,FAULT,2,-0.000000,0.00000,7.4000,0.0000,25.00,25.00,0.00000,0.00000,0,520,0,500,0,0,0,0,20,0,520,0,0,0,0,0,0,0,0,600,600,600,100,100,0.00000,0.00000,9.80665,0.000000,0.00000,-0.00000,0.00000,0.00000,9.80665,0.000000,0.000000,0.000000,2,1,0,1,1,1,0,0,0,0
2026-09-21T05:58:52.764557+00:00,616514208,SIMULATED,601,2445304,FAULT,2,-0.000000,0.00000,7.4000,0.0000,25.00,25.00,0.00000,0.00000,0,520,0,500,0,0,0,0,20,0,520,0,0,0,0,0,0,0,0,600,600,600,100,100,0.00000,0.00000,9.80665,0.000000,0.00000,-0.00000,0.00000,0.00000,9.80665,0.000000,0.000000,0.000000,2,1,0,1,1,1,0,0,0,0
2026-09-21T05:58:52.764594+00:00,616551416,SIMULATED,602,2447708,FAULT,2,-0.000000,0.00000,7.4000,0.0000,25.00,25.00,0.00000,0.00000,0,520,0,500,0,0,0,0,20,0,520,0,0,0,0,0,0,0,0,600,600,600,100,100,0.00000,0.00000,9.80665,0.000000,0.00000,-0.00000,0.00000,0.00000,9.80665,0.000000,0.000000,0.000000,2,1,0,1,1,1,0,0,0,0
2026-09-21T05:58:52.764652+00:00,616609875,SIMULATED,603,2450112,FAULT,2,-0.000000,0.00000,7.4000,0.0000,25.00,25.00,0.00000,0.00000,0,520,0,500,0,0,0,0,20,0,520,0,0,0,0,0,0,0,0,600,600,600,100,100,0.00000,0.00000,9.80665,0.000000,0.00000,-0.00000,0.00000,0.00000,9.80665,0.000000,0.000000,0.000000,2,1,0,1,1,1,0,0,0,0
2026-09-21T05:58:52.764688+00:00,616646000,SIMULATED,604,2452516,FAULT,2,-0.000000,0.00000,7.4000,0.0000,25.00,25.00,0.00000,0.00000,0,520,0,500,0,0,0,0,20,0,520,0,0,0,0,0,0,0,0,600,600,600,100,100,0.00000,0.00000,9.80665,0.000000,0.00000,-0.00000,0.00000,0.00000,9.80665,0.000000,0.000000,0.000000,2,1,0,1,1,1,0,0,0,0
2026-09-21T05:58:52.764724+00:00,616682125,SIMULATED,605,2454920,FAULT,2,-0.000000,0.00000,7.4000,0.0000,25.00,25.00,0.00000,0.00000,0,520,0,500,0,0,0,0,20,0,520,0,0,0,0,0,0,0,0,600,600,600,100,100,0.00000,0.00000,9.80665,0.000000,0.00000,-0.00000,0.00000,0.00000,9.80665,0.000000,0.000000,0.000000,2,1,0,1,1,1,0,0,0,0
2026-09-21T05:58:52.764759+00:00,616716791,SIMULATED,606,2457324,FAULT,2,-0.000000,0.00000,7.4000,0.0000,25.00,25.00,0.00000,0.00000,0,520,0,500,0,0,0,0,20,0,520,0,0,0,0,0,0,0,0,600,600,600,100,100,0.00000,0.00000,9.80665,0.000000,0.00000,-0.00000,0.00000,0.00000,9.80665,0.000000,0.000000,0.000000,2,1,0,1,1,1,0,0,0,0
2026-09-21T05:58:52.764795+00:00,616753291,SIMULATED,607,2459728,FAULT,2,-0.000000,0.00000,7.4000,0.0000,25.00,25.00,0.00000,0.00000,0,520,0,500,0,0,0,0,20,0,520,0,0,0,0,0,0,0,0,600,600,600,100,100,0.00000,0.00000,9.80665,0.000000,0.00000,-0.00000,0.00000,0.00000,9.80665,0.000000,0.000000,0.000000,2,1,0,1,1,1,0,0,0,0
2026-09-21T05:58:52.764832+00:00,616790125,SIMULATED,608,2462132,FAULT,2,-0.000000,0.00000,7.4000,0.0000,25.00,25.00,0.00000,0.00000,0,520,0,500,0,0,0,0,20,0,520,0,0,0,0,0,0,0,0,600,600,600,100,100,0.00000,0.00000,9.80665,0.000000,0.00000,-0.00000,0.00000,0.00000,9.80665,0.000000,0.000000,0.000000,2,1,0,1,1,1,0,0,0,0
2026-09-21T05:58:52.764872+00:00,616830041,SIMULATED,609,2464536,FAULT,2,-0.000000,0.00000,7.4000,0.0000,25.00,25.00,0.00000,0.00000,0,520,0,500,0,0,0,0,20,0,520,0,0,0,0,0,0,0,0,600,600,600,100,100,0.00000,0.00000,9.80665,0.000000,0.00000,-0.00000,0.00000,0.00000,9.80665,0.000000,0.000000,0.000000,2,1,0,1,1,1,0,0,0,0
2026-09-21T05:58:52.764910+00:00,616867833,SIMULATED,610,2466940,FAULT,2,-0.000000,0.00000,7.4000,0.0000,25.00,25.00,0.00000,0.00000,0,520,0,500,0,0,0,0,20,0,520,0,0,0,0,0,0,0,0,600,600,600,100,100,0.00000,0.00000,9.80665,0.000000,0.00000,-0.00000,0.00000,0.00000,9.80665,0.000000,0.000000,0.000000,2,1,0,1,1,1,0,0,0,0
2026-09-21T05:58:52.764946+00:00,616904000,SIMULATED,611,2469344,FAULT,2,-0.000000,0.00000,7.4000,0.0000,25.00,25.00,0.00000,0.00000,0,520,0,500,0,0,0,0,20,0,520,0,0,0,0,0,0,0,0,600,600,600,100,100,0.00000,0.00000,9.80665,0.000000,0.00000,-0.00000,0.00000,0.00000,9.80665,0.000000,0.000000,0.000000,2,1,0,1,1,1,0,0,0,0
2026-09-21T05:58:52.764985+00:00,616942583,SIMULATED,612,2471748,FAULT,2,-0.000000,0.00000,7.4000,0.0000,25.00,25.00,0.00000,0.00000,0,520,0,500,0,0,0,0,20,0,520,0,0,0,0,0,0,0,0,600,600,600,100,100,0.00000,0.00000,9.80665,0.000000,0.00000,-0.00000,0.00000,0.00000,9.80665,0.000000,0.000000,0.000000,2,1,0,1,1,1,0,0,0,0
2026-09-21T05:58:52.765020+00:00,616977208,SIMULATED,613,2474152,FAULT,2,-0.000000,0.00000,7.4000,0.0000,25.00,25.00,0.00000,0.00000,0,520,0,500,0,0,0,0,20,0,520,0,0,0,0,0,0,0,0,600,600,600,100,100,0.00000,0.00000,9.80665,0.000000,0.00000,-0.00000,0.00000,0.00000,9.80665,0.000000,0.000000,0.000000,2,1,0,1,1,1,0,0,0,0
2026-09-21T05:58:52.765054+00:00,617012125,SIMULATED,614,2476556,FAULT,2,-0.000000,0.00000,7.4000,0.0000,25.00,25.00,0.00000,0.00000,0,520,0,500,0,0,0,0,20,0,520,0,0,0,0,0,0,0,0,600,600,600,100,100,0.00000,0.00000,9.80665,0.000000,0.00000,-0.00000,0.00000,0.00000,9.80665,0.000000,0.000000,0.000000,2,1,0,1,1,1,0,0,0,0
2026-09-21T05:58:52.765095+00:00,617052708,SIMULATED,615,2478960,FAULT,2,-0.000000,0.00000,7.4000,0.0000,25.00,25.00,0.00000,0.00000,0,520,0,500,0,0,0,0,20,0,520,0,0,0,0,0,0,0,0,600,600,600,100,100,0.00000,0.00000,9.80665,0.000000,0.00000,-0.00000,0.00000,0.00000,9.80665,0.000000,0.000000,0.000000,2,1,0,1,1,1,0,0,0,0
2026-09-21T05:58:52.765138+00:00,617096083,SIMULATED,616,2481364,FAULT,2,-0.000000,0.00000,7.4000,0.0000,25.00,25.00,0.00000,0.00000,0,520,0,500,0,0,0,0,20,0,520,0,0,0,0,0,0,0,0,600,600,600,100,100,0.00000,0.00000,9.80665,0.000000,0.00000,-0.00000,0.00000,0.00000,9.80665,0.000000,0.000000,0.000000,2,1,0,1,1,1,0,0,0,0
2026-09-21T05:58:52.765177+00:00,617134750,SIMULATED,617,2483768,FAULT,2,-0.000000,0.00000,7.4000,0.0000,25.00,25.00,0.00000,0.00000,0,520,0,500,0,0,0,0,20,0,520,0,0,0,0,0,0,0,0,600,600,600,100,100,0.00000,0.00000,9.80665,0.000000,0.00000,-0.00000,0.00000,0.00000,9.80665,0.000000,0.000000,0.000000,2,1,0,1,1,1,0,0,0,0
2026-09-21T05:58:52.765217+00:00,617174375,SIMULATED,618,2486172,FAULT,2,-0.000000,0.00000,7.4000,0.0000,25.00,25.00,0.00000,0.00000,0,520,0,500,0,0,0,0,20,0,520,0,0,0,0,0,0,0,0,600,600,600,100,100,0.00000,0.00000,9.80665,0.000000,0.00000,-0.00000,0.00000,0.00000,9.80665,0.000000,0.000000,0.000000,2,1,0,1,1,1,0,0,0,0
2026-09-21T05:58:52.765251+00:00,617209083,SIMULATED,619,2488576,FAULT,2,-0.000000,0.00000,7.4000,0.0000,25.00,25.00,0.00000,0.00000,0,520,0,500,0,0,0,0,20,0,520,0,0,0,0,0,0,0,0,600,600,600,100,100,0.00000,0.00000,9.80665,0.000000,0.00000,-0.00000,0.00000,0.00000,9.80665,0.000000,0.000000,0.000000,2,1,0,1,1,1,0,0,0,0
2026-09-21T05:58:52.765287+00:00,617244583,SIMULATED,620,2490980,FAULT,2,-0.000000,0.00000,7.4000,0.0000,25.00,25.00,0.00000,0.00000,0,520,0,500,0,0,0,0,20,0,520,0,0,0,0,0,0,0,0,600,600,600,100,100,0.00000,0.00000,9.80665,0.000000,0.00000,-0.00000,0.00000,0.00000,9.80665,0.000000,0.000000,0.000000,2,1,0,1,1,1,0,0,0,0
2026-09-21T05:58:52.765328+00:00,617286000,SIMULATED,621,2493384,FAULT,2,-0.000000,0.00000,7.4000,0.0000,25.00,25.00,0.00000,0.00000,0,520,0,500,0,0,0,0,20,0,520,0,0,0,0,0,0,0,0,600,600,600,100,100,0.00000,0.00000,9.80665,0.000000,0.00000,-0.00000,0.00000,0.00000,9.80665,0.000000,0.000000,0.000000,2,1,0,1,1,1,0,0,0,0
2026-09-21T05:58:52.765371+00:00,617328916,SIMULATED,622,2495788,FAULT,2,-0.000000,0.00000,7.4000,0.0000,25.00,25.00,0.00000,0.00000,0,520,0,500,0,0,0,0,20,0,520,0,0,0,0,0,0,0,0,600,600,600,100,100,0.00000,0.00000,9.80665,0.000000,0.00000,-0.00000,0.00000,0.00000,9.80665,0.000000,0.000000,0.000000,2,1,0,1,1,1,0,0,0,0
2026-09-21T05:58:52.765409+00:00,617366208,SIMULATED,623,2498192,FAULT,2,-0.000000,0.00000,7.4000,0.0000,25.00,25.00,0.00000,0.00000,0,520,0,500,0,0,0,0,20,0,520,0,0,0,0,0,0,0,0,600,600,600,100,100,0.00000,0.00000,9.80665,0.000000,0.00000,-0.00000,0.00000,0.00000,9.80665,0.000000,0.000000,0.000000,2,1,0,1,1,1,0,0,0,0
2026-09-21T05:58:52.765443+00:00,617400500,SIMULATED,624,2500596,FAULT,2,-0.000000,0.00000,7.4000,0.0000,25.00,25.00,0.00000,0.00000,0,520,0,500,0,0,0,0,20,0,520,0,0,0,0,0,0,0,0,600,600,600,100,100,0.00000,0.00000,9.80665,0.000000,0.00000,-0.00000,0.00000,0.00000,9.80665,0.000000,0.000000,0.000000,2,1,0,1,1,1,0,0,0,0
2026-09-21T05:58:52.765480+00:00,617437625,SIMULATED,625,2503000,FAULT,2,-0.000000,0.00000,7.4000,0.0000,25.00,25.00,0.00000,0.00000,0,520,0,500,0,0,0,0,20,0,520,0,0,0,0,0,0,0,0,600,600,600,100,100,0.00000,0.00000,9.80665,0.000000,0.00000,-0.00000,0.00000,0.00000,9.80665,0.000000,0.000000,0.000000,2,1,0,1,1,1,0,0,0,0
2026-09-21T05:58:52.765517+00:00,617474916,SIMULATED,626,2505404,FAULT,2,-0.000000,0.00000,7.4000,0.0000,25.00,25.00,0.00000,0.00000,0,520,0,500,0,0,0,0,20,0,520,0,0,0,0,0,0,0,0,600,600,600,100,100,0.00000,0.00000,9.80665,0.000000,0.00000,-0.00000,0.00000,0.00000,9.80665,0.000000,0.000000,0.000000,2,1,0,1,1,1,0,0,0,0
2026-09-21T05:58:52.765560+00:00,617518125,SIMULATED,627,2507808,FAULT,2,-0.000000,0.00000,7.4000,0.0000,25.00,25.00,0.00000,0.00000,0,520,0,500,0,0,0,0,20,0,520,0,0,0,0,0,0,0,0,600,600,600,100,100,0.00000,0.00000,9.80665,0.000000,0.00000,-0.00000,0.00000,0.00000,9.80665,0.000000,0.000000,0.000000,2,1,0,1,1,1,0,0,0,0
2026-09-21T05:58:52.765598+00:00,617555916,SIMULATED,628,2510212,FAULT,2,-0.000000,0.00000,7.4000,0.0000,25.00,25.00,0.00000,0.00000,0,520,0,500,0,0,0,0,20,0,520,0,0,0,0,0,0,0,0,600,600,600,100,100,0.00000,0.00000,9.80665,0.000000,0.00000,-0.00000,0.00000,0.00000,9.80665,0.000000,0.000000,0.000000,2,1,0,1,1,1,0,0,0,0
2026-09-21T05:58:52.765634+00:00,617591333,SIMULATED,629,2512616,FAULT,2,-0.000000,0.00000,7.4000,0.0000,25.00,25.00,0.00000,0.00000,0,520,0,500,0,0,0,0,20,0,520,0,0,0,0,0,0,0,0,600,600,600,100,100,0.00000,0.00000,9.80665,0.000000,0.00000,-0.00000,0.00000,0.00000,9.80665,0.000000,0.000000,0.000000,2,1,0,1,1,1,0,0,0,0
2026-09-21T05:58:52.765669+00:00,617626958,SIMULATED,630,2515020,FAULT,2,-0.000000,0.00000,7.4000,0.0000,25.00,25.00,0.00000,0.00000,0,520,0,500,0,0,0,0,20,0,520,0,0,0,0,0,0,0,0,600,600,600,100,100,0.00000,0.00000,9.80665,0.000000,0.00000,-0.00000,0.00000,0.00000,9.80665,0.000000,0.000000,0.000000,2,1,0,1,1,1,0,0,0,0
2026-09-21T05:58:52.765705+00:00,617662416,SIMULATED,631,2517424,FAULT,2,-0.000000,0.00000,7.4000,0.0000,25.00,25.00,0.00000,0.00000,0,520,0,500,0,0,0,0,20,0,520,0,0,0,0,0,0,0,0,600,600,600,100,100,0.00000,0.00000,9.80665,0.000000,0.00000,-0.00000,0.00000,0.00000,9.80665,0.000000,0.000000,0.000000,2,1,0,1,1,1,0,0,0,0
2026-09-21T05:58:52.765742+00:00,617699583,SIMULATED,632,2519828,FAULT,2,-0.000000,0.00000,7.4000,0.0000,25.00,25.00,0.00000,0.00000,0,520,0,500,0,0,0,0,20,0,520,0,0,0,0,0,0,0,0,600,600,600,100,100,0.00000,0.00000,9.80665,0.000000,0.00000,-0.00000,0.00000,0.00000,9.80665,0.000000,0.000000,0.000000,2,1,0,1,1,1,0,0,0,0
2026-09-21T05:58:52.765782+00:00,617739125,SIMULATED,633,2522232,FAULT,2,-0.000000,0.00000,7.4000,0.0000,25.00,25.00,0.00000,0.00000,0,520,0,500,0,0,0,0,20,0,520,0,0,0,0,0,0,0,0,600,600,600,100,100,0.00000,0.00000,9.80665,0.000000,0.00000,-0.00000,0.00000,0.00000,9.80665,0.000000,0.000000,0.000000,2,1,0,1,1,1,0,0,0,0
2026-09-21T05:58:52.765818+00:00,617775791,SIMULATED,634,2524636,FAULT,2,-0.000000,0.00000,7.4000,0.0000,25.00,25.00,0.00000,0.00000,0,520,0,500,0,0,0,0,20,0,520,0,0,0,0,0,0,0,0,600,600,600,100,100,0.00000,0.00000,9.80665,0.000000,0.00000,-0.00000,0.00000,0.00000,9.80665,0.000000,0.000000,0.000000,2,1,0,1,1,1,0,0,0,0
2026-09-21T05:58:52.765856+00:00,617813208,SIMULATED,635,2527040,FAULT,2,-0.000000,0.00000,7.4000,0.0000,25.00,25.00,0.00000,0.00000,0,520,0,500,0,0,0,0,20,0,520,0,0,0,0,0,0,0,0,600,600,600,100,100,0.00000,0.00000,9.80665,0.000000,0.00000,-0.00000,0.00000,0.00000,9.80665,0.000000,0.000000,0.000000,2,1,0,1,1,1,0,0,0,0
2026-09-21T05:58:52.765890+00:00,617847583,SIMULATED,636,2529444,FAULT,2,-0.000000,0.00000,7.4000,0.0000,25.00,25.00,0.00000,0.00000,0,520,0,500,0,0,0,0,20,0,520,0,0,0,0,0,0,0,0,600,600,600,100,100,0.00000,0.00000,9.80665,0.000000,0.00000,-0.00000,0.00000,0.00000,9.80665,0.000000,0.000000,0.000000,2,1,0,1,1,1,0,0,0,0
2026-09-21T05:58:52.765929+00:00,617887083,SIMULATED,637,2531848,FAULT,2,-0.000000,0.00000,7.4000,0.0000,25.00,25.00,0.00000,0.00000,0,520,0,500,0,0,0,0,20,0,520,0,0,0,0,0,0,0,0,600,600,600,100,100,0.00000,0.00000,9.80665,0.000000,0.00000,-0.00000,0.00000,0.00000,9.80665,0.000000,0.000000,0.000000,2,1,0,1,1,1,0,0,0,0
2026-09-21T05:58:52.765968+00:00,617925541,SIMULATED,638,2534252,FAULT,2,-0.000000,0.00000,7.4000,0.0000,25.00,25.00,0.00000,0.00000,0,520,0,500,0,0,0,0,20,0,520,0,0,0,0,0,0,0,0,600,600,600,100,100,0.00000,0.00000,9.80665,0.000000,0.00000,-0.00000,0.00000,0.00000,9.80665,0.000000,0.000000,0.000000,2,1,0,1,1,1,0,0,0,0
2026-09-21T05:58:52.766004+00:00,617961625,SIMULATED,639,2536656,FAULT,2,-0.000000,0.00000,7.4000,0.0000,25.00,25.00,0.00000,0.00000,0,520,0,500,0,0,0,0,20,0,520,0,0,0,0,0,0,0,0,600,600,600,100,100,0.00000,0.00000,9.80665,0.000000,0.00000,-0.00000,0.00000,0.00000,9.80665,0.000000,0.000000,0.000000,2,1,0,1,1,1,0,0,0,0
2026-09-21T05:58:52.766041+00:00,617998500,SIMULATED,640,2539060,FAULT,2,-0.000000,0.00000,7.4000,0.0000,25.00,25.00,0.00000,0.00000,0,520,0,500,0,0,0,0,20,0,520,0,0,0,0,0,0,0,0,600,600,600,100,100,0.00000,0.00000,9.80665,0.000000,0.00000,-0.00000,0.00000,0.00000,9.80665,0.000000,0.000000,0.000000,2,1,0,1,1,1,0,0,0,0
2026-09-21T05:58:52.766075+00:00,618032625,SIMULATED,641,2541464,FAULT,2,-0.000000,0.00000,7.4000,0.0000,25.00,25.00,0.00000,0.00000,0,520,0,500,0,0,0,0,20,0,520,0,0,0,0,0,0,0,0,600,600,600,100,100,0.00000,0.00000,9.80665,0.000000,0.00000,-0.00000,0.00000,0.00000,9.80665,0.000000,0.000000,0.000000,2,1,0,1,1,1,0,0,0,0
2026-09-21T05:58:52.766113+00:00,618070708,SIMULATED,642,2543868,FAULT,2,-0.000000,0.00000,7.4000,0.0000,25.00,25.00,0.00000,0.00000,0,520,0,500,0,0,0,0,20,0,520,0,0,0,0,0,0,0,0,600,600,600,100,100,0.00000,0.00000,9.80665,0.000000,0.00000,-0.00000,0.00000,0.00000,9.80665,0.000000,0.000000,0.000000,2,1,0,1,1,1,0,0,0,0
2026-09-21T05:58:52.766153+00:00,618111083,SIMULATED,643,2546272,FAULT,2,-0.000000,0.00000,7.4000,0.0000,25.00,25.00,0.00000,0.00000,0,520,0,500,0,0,0,0,20,0,520,0,0,0,0,0,0,0,0,600,600,600,100,100,0.00000,0.00000,9.80665,0.000000,0.00000,-0.00000,0.00000,0.00000,9.80665,0.000000,0.000000,0.000000,2,1,0,1,1,1,0,0,0,0
2026-09-21T05:58:52.766188+00:00,618145916,SIMULATED,644,2548676,FAULT,2,-0.000000,0.00000,7.4000,0.0000,25.00,25.00,0.00000,0.00000,0,520,0,500,0,0,0,0,20,0,520,0,0,0,0,0,0,0,0,600,600,600,100,100,0.00000,0.00000,9.80665,0.000000,0.00000,-0.00000,0.00000,0.00000,9.80665,0.000000,0.000000,0.000000,2,1,0,1,1,1,0,0,0,0
2026-09-21T05:58:52.766226+00:00,618183958,SIMULATED,645,2551080,FAULT,2,-0.000000,0.00000,7.4000,0.0000,25.00,25.00,0.00000,0.00000,0,520,0,500,0,0,0,0,20,0,520,0,0,0,0,0,0,0,0,600,600,600,100,100,0.00000,0.00000,9.80665,0.000000,0.00000,-0.00000,0.00000,0.00000,9.80665,0.000000,0.000000,0.000000,2,1,0,1,1,1,0,0,0,0
2026-09-21T05:58:52.766261+00:00,618218583,SIMULATED,646,2553484,FAULT,2,-0.000000,0.00000,7.4000,0.0000,25.00,25.00,0.00000,0.00000,0,520,0,500,0,0,0,0,20,0,520,0,0,0,0,0,0,0,0,600,600,600,100,100,0.00000,0.00000,9.80665,0.000000,0.00000,-0.00000,0.00000,0.00000,9.80665,0.000000,0.000000,0.000000,2,1,0,1,1,1,0,0,0,0
2026-09-21T05:58:52.766295+00:00,618252833,SIMULATED,647,2555888,FAULT,2,-0.000000,0.00000,7.4000,0.0000,25.00,25.00,0.00000,0.00000,0,520,0,500,0,0,0,0,20,0,520,0,0,0,0,0,0,0,0,600,600,600,100,100,0.00000,0.00000,9.80665,0.000000,0.00000,-0.00000,0.00000,0.00000,9.80665,0.000000,0.000000,0.000000,2,1,0,1,1,1,0,0,0,0
2026-09-21T05:58:52.766335+00:00,618292250,SIMULATED,648,2558292,FAULT,2,-0.000000,0.00000,7.4000,0.0000,25.00,25.00,0.00000,0.00000,0,520,0,500,0,0,0,0,20,0,520,0,0,0,0,0,0,0,0,600,600,600,100,100,0.00000,0.00000,9.80665,0.000000,0.00000,-0.00000,0.00000,0.00000,9.80665,0.000000,0.000000,0.000000,2,1,0,1,1,1,0,0,0,0
2026-09-21T05:58:52.766369+00:00,618326750,SIMULATED,649,2560696,FAULT,2,-0.000000,0.00000,7.4000,0.0000,25.00,25.00,0.00000,0.00000,0,520,0,500,0,0,0,0,20,0,520,0,0,0,0,0,0,0,0,600,600,600,100,100,0.00000,0.00000,9.80665,0.000000,0.00000,-0.00000,0.00000,0.00000,9.80665,0.000000,0.000000,0.000000,2,1,0,1,1,1,0,0,0,0
2026-09-21T05:58:52.766406+00:00,618363750,SIMULATED,650,2563100,FAULT,2,-0.000000,0.00000,7.4000,0.0000,25.00,25.00,0.00000,0.00000,0,520,0,500,0,0,0,0,20,0,520,0,0,0,0,0,0,0,0,600,600,600,100,100,0.00000,0.00000,9.80665,0.000000,0.00000,-0.00000,0.00000,0.00000,9.80665,0.000000,0.000000,0.000000,2,1,0,1,1,1,0,0,0,0
2026-09-21T05:58:52.766442+00:00,618399791,SIMULATED,651,2565504,FAULT,2,-0.000000,0.00000,7.4000,0.0000,25.00,25.00,0.00000,0.00000,0,520,0,500,0,0,0,0,20,0,520,0,0,0,0,0,0,0,0,600,600,600,100,100,0.00000,0.00000,9.80665,0.000000,0.00000,-0.00000,0.00000,0.00000,9.80665,0.000000,0.000000,0.000000,2,1,0,1,1,1,0,0,0,0
2026-09-21T05:58:52.766483+00:00,618440750,SIMULATED,652,2567908,FAULT,2,-0.000000,0.00000,7.4000,0.0000,25.00,25.00,0.00000,0.00000,0,520,0,500,0,0,0,0,20,0,520,0,0,0,0,0,0,0,0,600,600,600,100,100,0.00000,0.00000,9.80665,0.000000,0.00000,-0.00000,0.00000,0.00000,9.80665,0.000000,0.000000,0.000000,2,1,0,1,1,1,0,0,0,0
2026-09-21T05:58:52.766523+00:00,618480500,SIMULATED,653,2570312,FAULT,2,-0.000000,0.00000,7.4000,0.0000,25.00,25.00,0.00000,0.00000,0,520,0,500,0,0,0,0,20,0,520,0,0,0,0,0,0,0,0,600,600,600,100,100,0.00000,0.00000,9.80665,0.000000,0.00000,-0.00000,0.00000,0.00000,9.80665,0.000000,0.000000,0.000000,2,1,0,1,1,1,0,0,0,0
2026-09-21T05:58:52.766562+00:00,618519708,SIMULATED,654,2572716,FAULT,2,-0.000000,0.00000,7.4000,0.0000,25.00,25.00,0.00000,0.00000,0,520,0,500,0,0,0,0,20,0,520,0,0,0,0,0,0,0,0,600,600,600,100,100,0.00000,0.00000,9.80665,0.000000,0.00000,-0.00000,0.00000,0.00000,9.80665,0.000000,0.000000,0.000000,2,1,0,1,1,1,0,0,0,0
2026-09-21T05:58:52.766597+00:00,618554875,SIMULATED,655,2575120,FAULT,2,-0.000000,0.00000,7.4000,0.0000,25.00,25.00,0.00000,0.00000,0,520,0,500,0,0,0,0,20,0,520,0,0,0,0,0,0,0,0,600,600,600,100,100,0.00000,0.00000,9.80665,0.000000,0.00000,-0.00000,0.00000,0.00000,9.80665,0.000000,0.000000,0.000000,2,1,0,1,1,1,0,0,0,0
2026-09-21T05:58:52.766634+00:00,618591416,SIMULATED,656,2577524,FAULT,2,-0.000000,0.00000,7.4000,0.0000,25.00,25.00,0.00000,0.00000,0,520,0,500,0,0,0,0,20,0,520,0,0,0,0,0,0,0,0,600,600,600,100,100,0.00000,0.00000,9.80665,0.000000,0.00000,-0.00000,0.00000,0.00000,9.80665,0.000000,0.000000,0.000000,2,1,0,1,1,1,0,0,0,0
2026-09-21T05:58:52.766673+00:00,618630791,SIMULATED,657,2579928,FAULT,2,-0.000000,0.00000,7.4000,0.0000,25.00,25.00,0.00000,0.00000,0,520,0,500,0,0,0,0,20,0,520,0,0,0,0,0,0,0,0,600,600,600,100,100,0.00000,0.00000,9.80665,0.000000,0.00000,-0.00000,0.00000,0.00000,9.80665,0.000000,0.000000,0.000000,2,1,0,1,1,1,0,0,0,0
2026-09-21T05:58:52.766716+00:00,618673500,SIMULATED,658,2582332,FAULT,2,-0.000000,0.00000,7.4000,0.0000,25.00,25.00,0.00000,0.00000,0,520,0,500,0,0,0,0,20,0,520,0,0,0,0,0,0,0,0,600,600,600,100,100,0.00000,0.00000,9.80665,0.000000,0.00000,-0.00000,0.00000,0.00000,9.80665,0.000000,0.000000,0.000000,2,1,0,1,1,1,0,0,0,0
2026-09-21T05:58:52.766753+00:00,618710750,SIMULATED,659,2584736,FAULT,2,-0.000000,0.00000,7.4000,0.0000,25.00,25.00,0.00000,0.00000,0,520,0,500,0,0,0,0,20,0,520,0,0,0,0,0,0,0,0,600,600,600,100,100,0.00000,0.00000,9.80665,0.000000,0.00000,-0.00000,0.00000,0.00000,9.80665,0.000000,0.000000,0.000000,2,1,0,1,1,1,0,0,0,0
2026-09-21T05:58:52.766794+00:00,618752000,SIMULATED,660,2587140,FAULT,2,-0.000000,0.00000,7.4000,0.0000,25.00,25.00,0.00000,0.00000,0,520,0,500,0,0,0,0,20,0,520,0,0,0,0,0,0,0,0,600,600,600,100,100,0.00000,0.00000,9.80665,0.000000,0.00000,-0.00000,0.00000,0.00000,9.80665,0.000000,0.000000,0.000000,2,1,0,1,1,1,0,0,0,0
2026-09-21T05:58:52.766832+00:00,618789875,SIMULATED,661,2589544,FAULT,2,-0.000000,0.00000,7.4000,0.0000,25.00,25.00,0.00000,0.00000,0,520,0,500,0,0,0,0,20,0,520,0,0,0,0,0,0,0,0,600,600,600,100,100,0.00000,0.00000,9.80665,0.000000,0.00000,-0.00000,0.00000,0.00000,9.80665,0.000000,0.000000,0.000000,2,1,0,1,1,1,0,0,0,0
2026-09-21T05:58:52.766866+00:00,618823541,SIMULATED,662,2591948,FAULT,2,-0.000000,0.00000,7.4000,0.0000,25.00,25.00,0.00000,0.00000,0,520,0,500,0,0,0,0,20,0,520,0,0,0,0,0,0,0,0,600,600,600,100,100,0.00000,0.00000,9.80665,0.000000,0.00000,-0.00000,0.00000,0.00000,9.80665,0.000000,0.000000,0.000000,2,1,0,1,1,1,0,0,0,0
2026-09-21T05:58:52.766915+00:00,618872833,SIMULATED,663,2594352,FAULT,2,-0.000000,0.00000,7.4000,0.0000,25.00,25.00,0.00000,0.00000,0,520,0,500,0,0,0,0,20,0,520,0,0,0,0,0,0,0,0,600,600,600,100,100,0.00000,0.00000,9.80665,0.000000,0.00000,-0.00000,0.00000,0.00000,9.80665,0.000000,0.000000,0.000000,2,1,0,1,1,1,0,0,0,0
2026-09-21T05:58:52.766954+00:00,618912000,SIMULATED,664,2596756,FAULT,2,-0.000000,0.00000,7.4000,0.0000,25.00,25.00,0.00000,0.00000,0,520,0,500,0,0,0,0,20,0,520,0,0,0,0,0,0,0,0,600,600,600,100,100,0.00000,0.00000,9.80665,0.000000,0.00000,-0.00000,0.00000,0.00000,9.80665,0.000000,0.000000,0.000000,2,1,0,1,1,1,0,0,0,0
2026-09-21T05:58:52.766989+00:00,618946458,SIMULATED,665,2599160,FAULT,2,-0.000000,0.00000,7.4000,0.0000,25.00,25.00,0.00000,0.00000,0,520,0,500,0,0,0,0,20,0,520,0,0,0,0,0,0,0,0,600,600,600,100,100,0.00000,0.00000,9.80665,0.000000,0.00000,-0.00000,0.00000,0.00000,9.80665,0.000000,0.000000,0.000000,2,1,0,1,1,1,0,0,0,0
2026-09-21T05:58:52.767029+00:00,618986875,SIMULATED,666,2601564,FAULT,2,-0.000000,0.00000,7.4000,0.0000,25.00,25.00,0.00000,0.00000,0,520,0,500,0,0,0,0,20,0,520,0,0,0,0,0,0,0,0,600,600,600,100,100,0.00000,0.00000,9.80665,0.000000,0.00000,-0.00000,0.00000,0.00000,9.80665,0.000000,0.000000,0.000000,2,1,0,1,1,1,0,0,0,0
2026-09-21T05:58:52.767067+00:00,619024958,SIMULATED,667,2603968,FAULT,2,-0.000000,0.00000,7.4000,0.0000,25.00,25.00,0.00000,0.00000,0,520,0,500,0,0,0,0,20,0,520,0,0,0,0,0,0,0,0,600,600,600,100,100,0.00000,0.00000,9.80665,0.000000,0.00000,-0.00000,0.00000,0.00000,9.80665,0.000000,0.000000,0.000000,2,1,0,1,1,1,0,0,0,0
2026-09-21T05:58:52.767102+00:00,619059833,SIMULATED,668,2606372,FAULT,2,-0.000000,0.00000,7.4000,0.0000,25.00,25.00,0.00000,0.00000,0,520,0,500,0,0,0,0,20,0,520,0,0,0,0,0,0,0,0,600,600,600,100,100,0.00000,0.00000,9.80665,0.000000,0.00000,-0.00000,0.00000,0.00000,9.80665,0.000000,0.000000,0.000000,2,1,0,1,1,1,0,0,0,0
2026-09-21T05:58:52.767137+00:00,619094916,SIMULATED,669,2608776,FAULT,2,-0.000000,0.00000,7.4000,0.0000,25.00,25.00,0.00000,0.00000,0,520,0,500,0,0,0,0,20,0,520,0,0,0,0,0,0,0,0,600,600,600,100,100,0.00000,0.00000,9.80665,0.000000,0.00000,-0.00000,0.00000,0.00000,9.80665,0.000000,0.000000,0.000000,2,1,0,1,1,1,0,0,0,0
2026-09-21T05:58:52.767179+00:00,619137083,SIMULATED,670,2611180,FAULT,2,-0.000000,0.00000,7.4000,0.0000,25.00,25.00,0.00000,0.00000,0,520,0,500,0,0,0,0,20,0,520,0,0,0,0,0,0,0,0,600,600,600,100,100,0.00000,0.00000,9.80665,0.000000,0.00000,-0.00000,0.00000,0.00000,9.80665,0.000000,0.000000,0.000000,2,1,0,1,1,1,0,0,0,0
2026-09-21T05:58:52.767217+00:00,619174416,SIMULATED,671,2613584,FAULT,2,-0.000000,0.00000,7.4000,0.0000,25.00,25.00,0.00000,0.00000,0,520,0,500,0,0,0,0,20,0,520,0,0,0,0,0,0,0,0,600,600,600,100,100,0.00000,0.00000,9.80665,0.000000,0.00000,-0.00000,0.00000,0.00000,9.80665,0.000000,0.000000,0.000000,2,1,0,1,1,1,0,0,0,0
2026-09-21T05:58:52.767252+00:00,619209458,SIMULATED,672,2615988,FAULT,2,-0.000000,0.00000,7.4000,0.0000,25.00,25.00,0.00000,0.00000,0,520,0,500,0,0,0,0,20,0,520,0,0,0,0,0,0,0,0,600,600,600,100,100,0.00000,0.00000,9.80665,0.000000,0.00000,-0.00000,0.00000,0.00000,9.80665,0.000000,0.000000,0.000000,2,1,0,1,1,1,0,0,0,0
2026-09-21T05:58:52.767295+00:00,619252500,SIMULATED,673,2618392,FAULT,2,-0.000000,0.00000,7.4000,0.0000,25.00,25.00,0.00000,0.00000,0,520,0,500,0,0,0,0,20,0,520,0,0,0,0,0,0,0,0,600,600,600,100,100,0.00000,0.00000,9.80665,0.000000,0.00000,-0.00000,0.00000,0.00000,9.80665,0.000000,0.000000,0.000000,2,1,0,1,1,1,0,0,0,0
2026-09-21T05:58:52.767339+00:00,619296833,SIMULATED,674,2620796,FAULT,2,-0.000000,0.00000,7.4000,0.0000,25.00,25.00,0.00000,0.00000,0,520,0,500,0,0,0,0,20,0,520,0,0,0,0,0,0,0,0,600,600,600,100,100,0.00000,0.00000,9.80665,0.000000,0.00000,-0.00000,0.00000,0.00000,9.80665,0.000000,0.000000,0.000000,2,1,0,1,1,1,0,0,0,0
2026-09-21T05:58:52.767380+00:00,619338041,SIMULATED,675,2623200,FAULT,2,-0.000000,0.00000,7.4000,0.0000,25.00,25.00,0.00000,0.00000,0,520,0,500,0,0,0,0,20,0,520,0,0,0,0,0,0,0,0,600,600,600,100,100,0.00000,0.00000,9.80665,0.000000,0.00000,-0.00000,0.00000,0.00000,9.80665,0.000000,0.000000,0.000000,2,1,0,1,1,1,0,0,0,0
2026-09-21T05:58:52.767418+00:00,619375291,SIMULATED,676,2625604,FAULT,2,-0.000000,0.00000,7.4000,0.0000,25.00,25.00,0.00000,0.00000,0,520,0,500,0,0,0,0,20,0,520,0,0,0,0,0,0,0,0,600,600,600,100,100,0.00000,0.00000,9.80665,0.000000,0.00000,-0.00000,0.00000,0.00000,9.80665,0.000000,0.000000,0.000000,2,1,0,1,1,1,0,0,0,0
2026-09-21T05:58:52.767453+00:00,619410416,SIMULATED,677,2628008,FAULT,2,-0.000000,0.00000,7.4000,0.0000,25.00,25.00,0.00000,0.00000,0,520,0,500,0,0,0,0,20,0,520,0,0,0,0,0,0,0,0,600,600,600,100,100,0.00000,0.00000,9.80665,0.000000,0.00000,-0.00000,0.00000,0.00000,9.80665,0.000000,0.000000,0.000000,2,1,0,1,1,1,0,0,0,0
2026-09-21T05:58:52.767487+00:00,619444208,SIMULATED,678,2630412,FAULT,2,-0.000000,0.00000,7.4000,0.0000,25.00,25.00,0.00000,0.00000,0,520,0,500,0,0,0,0,20,0,520,0,0,0,0,0,0,0,0,600,600,600,100,100,0.00000,0.00000,9.80665,0.000000,0.00000,-0.00000,0.00000,0.00000,9.80665,0.000000,0.000000,0.000000,2,1,0,1,1,1,0,0,0,0
2026-09-21T05:58:52.767530+00:00,619487833,SIMULATED,679,2632816,FAULT,2,-0.000000,0.00000,7.4000,0.0000,25.00,25.00,0.00000,0.00000,0,520,0,500,0,0,0,0,20,0,520,0,0,0,0,0,0,0,0,600,600,600,100,100,0.00000,0.00000,9.80665,0.000000,0.00000,-0.00000,0.00000,0.00000,9.80665,0.000000,0.000000,0.000000,2,1,0,1,1,1,0,0,0,0
2026-09-21T05:58:52.767565+00:00,619522750,SIMULATED,680,2635220,FAULT,2,-0.000000,0.00000,7.4000,0.0000,25.00,25.00,0.00000,0.00000,0,520,0,500,0,0,0,0,20,0,520,0,0,0,0,0,0,0,0,600,600,600,100,100,0.00000,0.00000,9.80665,0.000000,0.00000,-0.00000,0.00000,0.00000,9.80665,0.000000,0.000000,0.000000,2,1,0,1,1,1,0,0,0,0
2026-09-21T05:58:52.767600+00:00,619557958,SIMULATED,681,2637624,FAULT,2,-0.000000,0.00000,7.4000,0.0000,25.00,25.00,0.00000,0.00000,0,520,0,500,0,0,0,0,20,0,520,0,0,0,0,0,0,0,0,600,600,600,100,100,0.00000,0.00000,9.80665,0.000000,0.00000,-0.00000,0.00000,0.00000,9.80665,0.000000,0.000000,0.000000,2,1,0,1,1,1,0,0,0,0
2026-09-21T05:58:52.767637+00:00,619594916,SIMULATED,682,2640028,FAULT,2,-0.000000,0.00000,7.4000,0.0000,25.00,25.00,0.00000,0.00000,0,520,0,500,0,0,0,0,20,0,520,0,0,0,0,0,0,0,0,600,600,600,100,100,0.00000,0.00000,9.80665,0.000000,0.00000,-0.00000,0.00000,0.00000,9.80665,0.000000,0.000000,0.000000,2,1,0,1,1,1,0,0,0,0
2026-09-21T05:58:52.767677+00:00,619634500,SIMULATED,683,2642432,FAULT,2,-0.000000,0.00000,7.4000,0.0000,25.00,25.00,0.00000,0.00000,0,520,0,500,0,0,0,0,20,0,520,0,0,0,0,0,0,0,0,600,600,600,100,100,0.00000,0.00000,9.80665,0.000000,0.00000,-0.00000,0.00000,0.00000,9.80665,0.000000,0.000000,0.000000,2,1,0,1,1,1,0,0,0,0
2026-09-21T05:58:52.767713+00:00,619670875,SIMULATED,684,2644836,FAULT,2,-0.000000,0.00000,7.4000,0.0000,25.00,25.00,0.00000,0.00000,0,520,0,500,0,0,0,0,20,0,520,0,0,0,0,0,0,0,0,600,600,600,100,100,0.00000,0.00000,9.80665,0.000000,0.00000,-0.00000,0.00000,0.00000,9.80665,0.000000,0.000000,0.000000,2,1,0,1,1,1,0,0,0,0
2026-09-21T05:58:52.767748+00:00,619706000,SIMULATED,685,2647240,FAULT,2,-0.000000,0.00000,7.4000,0.0000,25.00,25.00,0.00000,0.00000,0,520,0,500,0,0,0,0,20,0,520,0,0,0,0,0,0,0,0,600,600,600,100,100,0.00000,0.00000,9.80665,0.000000,0.00000,-0.00000,0.00000,0.00000,9.80665,0.000000,0.000000,0.000000,2,1,0,1,1,1,0,0,0,0
2026-09-21T05:58:52.767784+00:00,619742041,SIMULATED,686,2649644,FAULT,2,-0.000000,0.00000,7.4000,0.0000,25.00,25.00,0.00000,0.00000,0,520,0,500,0,0,0,0,20,0,520,0,0,0,0,0,0,0,0,600,600,600,100,100,0.00000,0.00000,9.80665,0.000000,0.00000,-0.00000,0.00000,0.00000,9.80665,0.000000,0.000000,0.000000,2,1,0,1,1,1,0,0,0,0
2026-09-21T05:58:52.767822+00:00,619780250,SIMULATED,687,2652048,FAULT,2,-0.000000,0.00000,7.4000,0.0000,25.00,25.00,0.00000,0.00000,0,520,0,500,0,0,0,0,20,0,520,0,0,0,0,0,0,0,0,600,600,600,100,100,0.00000,0.00000,9.80665,0.000000,0.00000,-0.00000,0.00000,0.00000,9.80665,0.000000,0.000000,0.000000,2,1,0,1,1,1,0,0,0,0
2026-09-21T05:58:52.767860+00:00,619817250,SIMULATED,688,2654452,FAULT,2,-0.000000,0.00000,7.4000,0.0000,25.00,25.00,0.00000,0.00000,0,520,0,500,0,0,0,0,20,0,520,0,0,0,0,0,0,0,0,600,600,600,100,100,0.00000,0.00000,9.80665,0.000000,0.00000,-0.00000,0.00000,0.00000,9.80665,0.000000,0.000000,0.000000,2,1,0,1,1,1,0,0,0,0
2026-09-21T05:58:52.767894+00:00,619851708,SIMULATED,689,2656856,FAULT,2,-0.000000,0.00000,7.4000,0.0000,25.00,25.00,0.00000,0.00000,0,520,0,500,0,0,0,0,20,0,520,0,0,0,0,0,0,0,0,600,600,600,100,100,0.00000,0.00000,9.80665,0.000000,0.00000,-0.00000,0.00000,0.00000,9.80665,0.000000,0.000000,0.000000,2,1,0,1,1,1,0,0,0,0
2026-09-21T05:58:52.767929+00:00,619886208,SIMULATED,690,2659260,FAULT,2,-0.000000,0.00000,7.4000,0.0000,25.00,25.00,0.00000,0.00000,0,520,0,500,0,0,0,0,20,0,520,0,0,0,0,0,0,0,0,600,600,600,100,100,0.00000,0.00000,9.80665,0.000000,0.00000,-0.00000,0.00000,0.00000,9.80665,0.000000,0.000000,0.000000,2,1,0,1,1,1,0,0,0,0
2026-09-21T05:58:52.767963+00:00,619920958,SIMULATED,691,2661664,FAULT,2,-0.000000,0.00000,7.4000,0.0000,25.00,25.00,0.00000,0.00000,0,520,0,500,0,0,0,0,20,0,520,0,0,0,0,0,0,0,0,600,600,600,100,100,0.00000,0.00000,9.80665,0.000000,0.00000,-0.00000,0.00000,0.00000,9.80665,0.000000,0.000000,0.000000,2,1,0,1,1,1,0,0,0,0
2026-09-21T05:58:52.767998+00:00,619955541,SIMULATED,692,2664068,FAULT,2,-0.000000,0.00000,7.4000,0.0000,25.00,25.00,0.00000,0.00000,0,520,0,500,0,0,0,0,20,0,520,0,0,0,0,0,0,0,0,600,600,600,100,100,0.00000,0.00000,9.80665,0.000000,0.00000,-0.00000,0.00000,0.00000,9.80665,0.000000,0.000000,0.000000,2,1,0,1,1,1,0,0,0,0
2026-09-21T05:58:52.768036+00:00,619993625,SIMULATED,693,2666472,FAULT,2,-0.000000,0.00000,7.4000,0.0000,25.00,25.00,0.00000,0.00000,0,520,0,500,0,0,0,0,20,0,520,0,0,0,0,0,0,0,0,600,600,600,100,100,0.00000,0.00000,9.80665,0.000000,0.00000,-0.00000,0.00000,0.00000,9.80665,0.000000,0.000000,0.000000,2,1,0,1,1,1,0,0,0,0
2026-09-21T05:58:52.768071+00:00,620028791,SIMULATED,694,2668876,FAULT,2,-0.000000,0.00000,7.4000,0.0000,25.00,25.00,0.00000,0.00000,0,520,0,500,0,0,0,0,20,0,520,0,0,0,0,0,0,0,0,600,600,600,100,100,0.00000,0.00000,9.80665,0.000000,0.00000,-0.00000,0.00000,0.00000,9.80665,0.000000,0.000000,0.000000,2,1,0,1,1,1,0,0,0,0
2026-09-21T05:58:52.768106+00:00,620063750,SIMULATED,695,2671280,FAULT,2,-0.000000,0.00000,7.4000,0.0000,25.00,25.00,0.00000,0.00000,0,520,0,500,0,0,0,0,20,0,520,0,0,0,0,0,0,0,0,600,600,600,100,100,0.00000,0.00000,9.80665,0.000000,0.00000,-0.00000,0.00000,0.00000,9.80665,0.000000,0.000000,0.000000,2,1,0,1,1,1,0,0,0,0
2026-09-21T05:58:52.768140+00:00,620097916,SIMULATED,696,2673684,FAULT,2,-0.000000,0.00000,7.4000,0.0000,25.00,25.00,0.00000,0.00000,0,520,0,500,0,0,0,0,20,0,520,0,0,0,0,0,0,0,0,600,600,600,100,100,0.00000,0.00000,9.80665,0.000000,0.00000,-0.00000,0.00000,0.00000,9.80665,0.000000,0.000000,0.000000,2,1,0,1,1,1,0,0,0,0
2026-09-21T05:58:52.768175+00:00,620133083,SIMULATED,697,2676088,FAULT,2,-0.000000,0.00000,7.4000,0.0000,25.00,25.00,0.00000,0.00000,0,520,0,500,0,0,0,0,20,0,520,0,0,0,0,0,0,0,0,600,600,600,100,100,0.00000,0.00000,9.80665,0.000000,0.00000,-0.00000,0.00000,0.00000,9.80665,0.000000,0.000000,0.000000,2,1,0,1,1,1,0,0,0,0
2026-09-21T05:58:52.768211+00:00,620168166,SIMULATED,698,2678492,FAULT,2,-0.000000,0.00000,7.4000,0.0000,25.00,25.00,0.00000,0.00000,0,520,0,500,0,0,0,0,20,0,520,0,0,0,0,0,0,0,0,600,600,600,100,100,0.00000,0.00000,9.80665,0.000000,0.00000,-0.00000,0.00000,0.00000,9.80665,0.000000,0.000000,0.000000,2,1,0,1,1,1,0,0,0,0
2026-09-21T05:58:52.768258+00:00,620215833,SIMULATED,699,2680896,FAULT,2,-0.000000,0.00000,7.4000,0.0000,25.00,25.00,0.00000,0.00000,0,520,0,500,0,0,0,0,20,0,520,0,0,0,0,0,0,0,0,600,600,600,100,100,0.00000,0.00000,9.80665,0.000000,0.00000,-0.00000,0.00000,0.00000,9.80665,0.000000,0.000000,0.000000,2,1,0,1,1,1,0,0,0,0
2026-09-21T05:58:52.768294+00:00,620251333,SIMULATED,700,2683300,FAULT,2,-0.000000,0.00000,7.4000,0.0000,25.00,25.00,0.00000,0.00000,0,520,0,500,0,0,0,0,20,0,520,0,0,0,0,0,0,0,0,600,600,600,100,100,0.00000,0.00000,9.80665,0.000000,0.00000,-0.00000,0.00000,0.00000,9.80665,0.000000,0.000000,0.000000,2,1,0,1,1,1,0,0,0,0
2026-09-21T05:58:52.768328+00:00,620285916,SIMULATED,701,2685704,FAULT,2,-0.000000,0.00000,7.4000,0.0000,25.00,25.00,0.00000,0.00000,0,520,0,500,0,0,0,0,20,0,520,0,0,0,0,0,0,0,0,600,600,600,100,100,0.00000,0.00000,9.80665,0.000000,0.00000,-0.00000,0.00000,0.00000,9.80665,0.000000,0.000000,0.000000,2,1,0,1,1,1,0,0,0,0
2026-09-21T05:58:52.768364+00:00,620321375,SIMULATED,702,2688108,FAULT,2,-0.000000,0.00000,7.4000,0.0000,25.00,25.00,0.00000,0.00000,0,520,0,500,0,0,0,0,20,0,520,0,0,0,0,0,0,0,0,600,600,600,100,100,0.00000,0.00000,9.80665,0.000000,0.00000,-0.00000,0.00000,0.00000,9.80665,0.000000,0.000000,0.000000,2,1,0,1,1,1,0,0,0,0
2026-09-21T05:58:52.768403+00:00,620360833,SIMULATED,703,2690512,FAULT,2,-0.000000,0.00000,7.4000,0.0000,25.00,25.00,0.00000,0.00000,0,520,0,500,0,0,0,0,20,0,520,0,0,0,0,0,0,0,0,600,600,600,100,100,0.00000,0.00000,9.80665,0.000000,0.00000,-0.00000,0.00000,0.00000,9.80665,0.000000,0.000000,0.000000,2,1,0,1,1,1,0,0,0,0
2026-09-21T05:58:52.768438+00:00,620395458,SIMULATED,704,2692916,FAULT,2,-0.000000,0.00000,7.4000,0.0000,25.00,25.00,0.00000,0.00000,0,520,0,500,0,0,0,0,20,0,520,0,0,0,0,0,0,0,0,600,600,600,100,100,0.00000,0.00000,9.80665,0.000000,0.00000,-0.00000,0.00000,0.00000,9.80665,0.000000,0.000000,0.000000,2,1,0,1,1,1,0,0,0,0
2026-09-21T05:58:52.768473+00:00,620430958,SIMULATED,705,2695320,FAULT,2,-0.000000,0.00000,7.4000,0.0000,25.00,25.00,0.00000,0.00000,0,520,0,500,0,0,0,0,20,0,520,0,0,0,0,0,0,0,0,600,600,600,100,100,0.00000,0.00000,9.80665,0.000000,0.00000,-0.00000,0.00000,0.00000,9.80665,0.000000,0.000000,0.000000,2,1,0,1,1,1,0,0,0,0
2026-09-21T05:58:52.768511+00:00,620468625,SIMULATED,706,2697724,FAULT,2,-0.000000,0.00000,7.4000,0.0000,25.00,25.00,0.00000,0.00000,0,520,0,500,0,0,0,0,20,0,520,0,0,0,0,0,0,0,0,600,600,600,100,100,0.00000,0.00000,9.80665,0.000000,0.00000,-0.00000,0.00000,0.00000,9.80665,0.000000,0.000000,0.000000,2,1,0,1,1,1,0,0,0,0
2026-09-21T05:58:52.768549+00:00,620506333,SIMULATED,707,2700128,FAULT,2,-0.000000,0.00000,7.4000,0.0000,25.00,25.00,0.00000,0.00000,0,520,0,500,0,0,0,0,20,0,520,0,0,0,0,0,0,0,0,600,600,600,100,100,0.00000,0.00000,9.80665,0.000000,0.00000,-0.00000,0.00000,0.00000,9.80665,0.000000,0.000000,0.000000,2,1,0,1,1,1,0,0,0,0
2026-09-21T05:58:52.768587+00:00,620544583,SIMULATED,708,2702532,FAULT,2,-0.000000,0.00000,7.4000,0.0000,25.00,25.00,0.00000,0.00000,0,520,0,500,0,0,0,0,20,0,520,0,0,0,0,0,0,0,0,600,600,600,100,100,0.00000,0.00000,9.80665,0.000000,0.00000,-0.00000,0.00000,0.00000,9.80665,0.000000,0.000000,0.000000,2,1,0,1,1,1,0,0,0,0
2026-09-21T05:58:52.768623+00:00,620580875,SIMULATED,709,2704936,FAULT,2,-0.000000,0.00000,7.4000,0.0000,25.00,25.00,0.00000,0.00000,0,520,0,500,0,0,0,0,20,0,520,0,0,0,0,0,0,0,0,600,600,600,100,100,0.00000,0.00000,9.80665,0.000000,0.00000,-0.00000,0.00000,0.00000,9.80665,0.000000,0.000000,0.000000,2,1,0,1,1,1,0,0,0,0
2026-09-21T05:58:52.768662+00:00,620619208,SIMULATED,710,2707340,FAULT,2,-0.000000,0.00000,7.4000,0.0000,25.00,25.00,0.00000,0.00000,0,520,0,500,0,0,0,0,20,0,520,0,0,0,0,0,0,0,0,600,600,600,100,100,0.00000,0.00000,9.80665,0.000000,0.00000,-0.00000,0.00000,0.00000,9.80665,0.000000,0.000000,0.000000,2,1,0,1,1,1,0,0,0,0
2026-09-21T05:58:52.768697+00:00,620654833,SIMULATED,711,2709744,FAULT,2,-0.000000,0.00000,7.4000,0.0000,25.00,25.00,0.00000,0.00000,0,520,0,500,0,0,0,0,20,0,520,0,0,0,0,0,0,0,0,600,600,600,100,100,0.00000,0.00000,9.80665,0.000000,0.00000,-0.00000,0.00000,0.00000,9.80665,0.000000,0.000000,0.000000,2,1,0,1,1,1,0,0,0,0
2026-09-21T05:58:52.768741+00:00,620698875,SIMULATED,712,2712148,FAULT,2,-0.000000,0.00000,7.4000,0.0000,25.00,25.00,0.00000,0.00000,0,520,0,500,0,0,0,0,20,0,520,0,0,0,0,0,0,0,0,600,600,600,100,100,0.00000,0.00000,9.80665,0.000000,0.00000,-0.00000,0.00000,0.00000,9.80665,0.000000,0.000000,0.000000,2,1,0,1,1,1,0,0,0,0
2026-09-21T05:58:52.768784+00:00,620741291,SIMULATED,713,2714552,FAULT,2,-0.000000,0.00000,7.4000,0.0000,25.00,25.00,0.00000,0.00000,0,520,0,500,0,0,0,0,20,0,520,0,0,0,0,0,0,0,0,600,600,600,100,100,0.00000,0.00000,9.80665,0.000000,0.00000,-0.00000,0.00000,0.00000,9.80665,0.000000,0.000000,0.000000,2,1,0,1,1,1,0,0,0,0
2026-09-21T05:58:52.768818+00:00,620775333,SIMULATED,714,2716956,FAULT,2,-0.000000,0.00000,7.4000,0.0000,25.00,25.00,0.00000,0.00000,0,520,0,500,0,0,0,0,20,0,520,0,0,0,0,0,0,0,0,600,600,600,100,100,0.00000,0.00000,9.80665,0.000000,0.00000,-0.00000,0.00000,0.00000,9.80665,0.000000,0.000000,0.000000,2,1,0,1,1,1,0,0,0,0
2026-09-21T05:58:52.768853+00:00,620811083,SIMULATED,715,2719360,FAULT,2,-0.000000,0.00000,7.4000,0.0000,25.00,25.00,0.00000,0.00000,0,520,0,500,0,0,0,0,20,0,520,0,0,0,0,0,0,0,0,600,600,600,100,100,0.00000,0.00000,9.80665,0.000000,0.00000,-0.00000,0.00000,0.00000,9.80665,0.000000,0.000000,0.000000,2,1,0,1,1,1,0,0,0,0
2026-09-21T05:58:52.768887+00:00,620844916,SIMULATED,716,2721764,FAULT,2,-0.000000,0.00000,7.4000,0.0000,25.00,25.00,0.00000,0.00000,0,520,0,500,0,0,0,0,20,0,520,0,0,0,0,0,0,0,0,600,600,600,100,100,0.00000,0.00000,9.80665,0.000000,0.00000,-0.00000,0.00000,0.00000,9.80665,0.000000,0.000000,0.000000,2,1,0,1,1,1,0,0,0,0
2026-09-21T05:58:52.768923+00:00,620880833,SIMULATED,717,2724168,FAULT,2,-0.000000,0.00000,7.4000,0.0000,25.00,25.00,0.00000,0.00000,0,520,0,500,0,0,0,0,20,0,520,0,0,0,0,0,0,0,0,600,600,600,100,100,0.00000,0.00000,9.80665,0.000000,0.00000,-0.00000,0.00000,0.00000,9.80665,0.000000,0.000000,0.000000,2,1,0,1,1,1,0,0,0,0
2026-09-21T05:58:52.768960+00:00,620918166,SIMULATED,718,2726572,FAULT,2,-0.000000,0.00000,7.4000,0.0000,25.00,25.00,0.00000,0.00000,0,520,0,500,0,0,0,0,20,0,520,0,0,0,0,0,0,0,0,600,600,600,100,100,0.00000,0.00000,9.80665,0.000000,0.00000,-0.00000,0.00000,0.00000,9.80665,0.000000,0.000000,0.000000,2,1,0,1,1,1,0,0,0,0
2026-09-21T05:58:52.768998+00:00,620955791,SIMULATED,719,2728976,FAULT,2,-0.000000,0.00000,7.4000,0.0000,25.00,25.00,0.00000,0.00000,0,520,0,500,0,0,0,0,20,0,520,0,0,0,0,0,0,0,0,600,600,600,100,100,0.00000,0.00000,9.80665,0.000000,0.00000,-0.00000,0.00000,0.00000,9.80665,0.000000,0.000000,0.000000,2,1,0,1,1,1,0,0,0,0
2026-09-21T05:58:52.769037+00:00,620994875,SIMULATED,720,2731380,FAULT,2,-0.000000,0.00000,7.4000,0.0000,25.00,25.00,0.00000,0.00000,0,520,0,500,0,0,0,0,20,0,520,0,0,0,0,0,0,0,0,600,600,600,100,100,0.00000,0.00000,9.80665,0.000000,0.00000,-0.00000,0.00000,0.00000,9.80665,0.000000,0.000000,0.000000,2,1,0,1,1,1,0,0,0,0
2026-09-21T05:58:52.769077+00:00,621035083,SIMULATED,721,2733784,FAULT,2,-0.000000,0.00000,7.4000,0.0000,25.00,25.00,0.00000,0.00000,0,520,0,500,0,0,0,0,20,0,520,0,0,0,0,0,0,0,0,600,600,600,100,100,0.00000,0.00000,9.80665,0.000000,0.00000,-0.00000,0.00000,0.00000,9.80665,0.000000,0.000000,0.000000,2,1,0,1,1,1,0,0,0,0
2026-09-21T05:58:52.769112+00:00,621069708,SIMULATED,722,2736188,FAULT,2,-0.000000,0.00000,7.4000,0.0000,25.00,25.00,0.00000,0.00000,0,520,0,500,0,0,0,0,20,0,520,0,0,0,0,0,0,0,0,600,600,600,100,100,0.00000,0.00000,9.80665,0.000000,0.00000,-0.00000,0.00000,0.00000,9.80665,0.000000,0.000000,0.000000,2,1,0,1,1,1,0,0,0,0
2026-09-21T05:58:52.769151+00:00,621109166,SIMULATED,723,2738592,FAULT,2,-0.000000,0.00000,7.4000,0.0000,25.00,25.00,0.00000,0.00000,0,520,0,500,0,0,0,0,20,0,520,0,0,0,0,0,0,0,0,600,600,600,100,100,0.00000,0.00000,9.80665,0.000000,0.00000,-0.00000,0.00000,0.00000,9.80665,0.000000,0.000000,0.000000,2,1,0,1,1,1,0,0,0,0
2026-09-21T05:58:52.769188+00:00,621146250,SIMULATED,724,2740996,FAULT,2,-0.000000,0.00000,7.4000,0.0000,25.00,25.00,0.00000,0.00000,0,520,0,500,0,0,0,0,20,0,520,0,0,0,0,0,0,0,0,600,600,600,100,100,0.00000,0.00000,9.80665,0.000000,0.00000,-0.00000,0.00000,0.00000,9.80665,0.000000,0.000000,0.000000,2,1,0,1,1,1,0,0,0,0
2026-09-21T05:58:52.769228+00:00,621185250,SIMULATED,725,2743400,FAULT,2,-0.000000,0.00000,7.4000,0.0000,25.00,25.00,0.00000,0.00000,0,520,0,500,0,0,0,0,20,0,520,0,0,0,0,0,0,0,0,600,600,600,100,100,0.00000,0.00000,9.80665,0.000000,0.00000,-0.00000,0.00000,0.00000,9.80665,0.000000,0.000000,0.000000,2,1,0,1,1,1,0,0,0,0
2026-09-21T05:58:52.769266+00:00,621223708,SIMULATED,726,2745804,FAULT,2,-0.000000,0.00000,7.4000,0.0000,25.00,25.00,0.00000,0.00000,0,520,0,500,0,0,0,0,20,0,520,0,0,0,0,0,0,0,0,600,600,600,100,100,0.00000,0.00000,9.80665,0.000000,0.00000,-0.00000,0.00000,0.00000,9.80665,0.000000,0.000000,0.000000,2,1,0,1,1,1,0,0,0,0
2026-09-21T05:58:52.769344+00:00,621301875,SIMULATED,727,2748208,FAULT,2,-0.000000,0.00000,7.4000,0.0000,25.00,25.00,0.00000,0.00000,0,520,0,500,0,0,0,0,20,0,520,0,0,0,0,0,0,0,0,600,600,600,100,100,0.00000,0.00000,9.80665,0.000000,0.00000,-0.00000,0.00000,0.00000,9.80665,0.000000,0.000000,0.000000,2,1,0,1,1,1,0,0,0,0
2026-09-21T05:58:52.769380+00:00,621337750,SIMULATED,728,2750612,FAULT,2,-0.000000,0.00000,7.4000,0.0000,25.00,25.00,0.00000,0.00000,0,520,0,500,0,0,0,0,20,0,520,0,0,0,0,0,0,0,0,600,600,600,100,100,0.00000,0.00000,9.80665,0.000000,0.00000,-0.00000,0.00000,0.00000,9.80665,0.000000,0.000000,0.000000,2,1,0,1,1,1,0,0,0,0
2026-09-21T05:58:52.769418+00:00,621375958,SIMULATED,729,2753016,FAULT,2,-0.000000,0.00000,7.4000,0.0000,25.00,25.00,0.00000,0.00000,0,520,0,500,0,0,0,0,20,0,520,0,0,0,0,0,0,0,0,600,600,600,100,100,0.00000,0.00000,9.80665,0.000000,0.00000,-0.00000,0.00000,0.00000,9.80665,0.000000,0.000000,0.000000,2,1,0,1,1,1,0,0,0,0
2026-09-21T05:58:52.769455+00:00,621412875,SIMULATED,730,2755420,FAULT,2,-0.000000,0.00000,7.4000,0.0000,25.00,25.00,0.00000,0.00000,0,520,0,500,0,0,0,0,20,0,520,0,0,0,0,0,0,0,0,600,600,600,100,100,0.00000,0.00000,9.80665,0.000000,0.00000,-0.00000,0.00000,0.00000,9.80665,0.000000,0.000000,0.000000,2,1,0,1,1,1,0,0,0,0
2026-09-21T05:58:52.769497+00:00,621454791,SIMULATED,731,2757824,FAULT,2,-0.000000,0.00000,7.4000,0.0000,25.00,25.00,0.00000,0.00000,0,520,0,500,0,0,0,0,20,0,520,0,0,0,0,0,0,0,0,600,600,600,100,100,0.00000,0.00000,9.80665,0.000000,0.00000,-0.00000,0.00000,0.00000,9.80665,0.000000,0.000000,0.000000,2,1,0,1,1,1,0,0,0,0
2026-09-21T05:58:52.769536+00:00,621493500,SIMULATED,732,2760228,FAULT,2,-0.000000,0.00000,7.4000,0.0000,25.00,25.00,0.00000,0.00000,0,520,0,500,0,0,0,0,20,0,520,0,0,0,0,0,0,0,0,600,600,600,100,100,0.00000,0.00000,9.80665,0.000000,0.00000,-0.00000,0.00000,0.00000,9.80665,0.000000,0.000000,0.000000,2,1,0,1,1,1,0,0,0,0
2026-09-21T05:58:52.769576+00:00,621533208,SIMULATED,733,2762632,FAULT,2,-0.000000,0.00000,7.4000,0.0000,25.00,25.00,0.00000,0.00000,0,520,0,500,0,0,0,0,20,0,520,0,0,0,0,0,0,0,0,600,600,600,100,100,0.00000,0.00000,9.80665,0.000000,0.00000,-0.00000,0.00000,0.00000,9.80665,0.000000,0.000000,0.000000,2,1,0,1,1,1,0,0,0,0
2026-09-21T05:58:52.769617+00:00,621574666,SIMULATED,734,2765036,FAULT,2,-0.000000,0.00000,7.4000,0.0000,25.00,25.00,0.00000,0.00000,0,520,0,500,0,0,0,0,20,0,520,0,0,0,0,0,0,0,0,600,600,600,100,100,0.00000,0.00000,9.80665,0.000000,0.00000,-0.00000,0.00000,0.00000,9.80665,0.000000,0.000000,0.000000,2,1,0,1,1,1,0,0,0,0
2026-09-21T05:58:52.769653+00:00,621610250,SIMULATED,735,2767440,FAULT,2,-0.000000,0.00000,7.4000,0.0000,25.00,25.00,0.00000,0.00000,0,520,0,500,0,0,0,0,20,0,520,0,0,0,0,0,0,0,0,600,600,600,100,100,0.00000,0.00000,9.80665,0.000000,0.00000,-0.00000,0.00000,0.00000,9.80665,0.000000,0.000000,0.000000,2,1,0,1,1,1,0,0,0,0
2026-09-21T05:58:52.769691+00:00,621648708,SIMULATED,736,2769844,FAULT,2,-0.000000,0.00000,7.4000,0.0000,25.00,25.00,0.00000,0.00000,0,520,0,500,0,0,0,0,20,0,520,0,0,0,0,0,0,0,0,600,600,600,100,100,0.00000,0.00000,9.80665,0.000000,0.00000,-0.00000,0.00000,0.00000,9.80665,0.000000,0.000000,0.000000,2,1,0,1,1,1,0,0,0,0
2026-09-21T05:58:52.769727+00:00,621684541,SIMULATED,737,2772248,FAULT,2,-0.000000,0.00000,7.4000,0.0000,25.00,25.00,0.00000,0.00000,0,520,0,500,0,0,0,0,20,0,520,0,0,0,0,0,0,0,0,600,600,600,100,100,0.00000,0.00000,9.80665,0.000000,0.00000,-0.00000,0.00000,0.00000,9.80665,0.000000,0.000000,0.000000,2,1,0,1,1,1,0,0,0,0
2026-09-21T05:58:52.769768+00:00,621725791,SIMULATED,738,2774652,FAULT,2,-0.000000,0.00000,7.4000,0.0000,25.00,25.00,0.00000,0.00000,0,520,0,500,0,0,0,0,20,0,520,0,0,0,0,0,0,0,0,600,600,600,100,100,0.00000,0.00000,9.80665,0.000000,0.00000,-0.00000,0.00000,0.00000,9.80665,0.000000,0.000000,0.000000,2,1,0,1,1,1,0,0,0,0
2026-09-21T05:58:52.769803+00:00,621760875,SIMULATED,739,2777056,FAULT,2,-0.000000,0.00000,7.4000,0.0000,25.00,25.00,0.00000,0.00000,0,520,0,500,0,0,0,0,20,0,520,0,0,0,0,0,0,0,0,600,600,600,100,100,0.00000,0.00000,9.80665,0.000000,0.00000,-0.00000,0.00000,0.00000,9.80665,0.000000,0.000000,0.000000,2,1,0,1,1,1,0,0,0,0
2026-09-21T05:58:52.769838+00:00,621795541,SIMULATED,740,2779460,FAULT,2,-0.000000,0.00000,7.4000,0.0000,25.00,25.00,0.00000,0.00000,0,520,0,500,0,0,0,0,20,0,520,0,0,0,0,0,0,0,0,600,600,600,100,100,0.00000,0.00000,9.80665,0.000000,0.00000,-0.00000,0.00000,0.00000,9.80665,0.000000,0.000000,0.000000,2,1,0,1,1,1,0,0,0,0
2026-09-21T05:58:52.769874+00:00,621831541,SIMULATED,741,2781864,FAULT,2,-0.000000,0.00000,7.4000,0.0000,25.00,25.00,0.00000,0.00000,0,520,0,500,0,0,0,0,20,0,520,0,0,0,0,0,0,0,0,600,600,600,100,100,0.00000,0.00000,9.80665,0.000000,0.00000,-0.00000,0.00000,0.00000,9.80665,0.000000,0.000000,0.000000,2,1,0,1,1,1,0,0,0,0
2026-09-21T05:58:52.769909+00:00,621866583,SIMULATED,742,2784268,FAULT,2,-0.000000,0.00000,7.4000,0.0000,25.00,25.00,0.00000,0.00000,0,520,0,500,0,0,0,0,20,0,520,0,0,0,0,0,0,0,0,600,600,600,100,100,0.00000,0.00000,9.80665,0.000000,0.00000,-0.00000,0.00000,0.00000,9.80665,0.000000,0.000000,0.000000,2,1,0,1,1,1,0,0,0,0
2026-09-21T05:58:52.769944+00:00,621901333,SIMULATED,743,2786672,FAULT,2,-0.000000,0.00000,7.4000,0.0000,25.00,25.00,0.00000,0.00000,0,520,0,500,0,0,0,0,20,0,520,0,0,0,0,0,0,0,0,600,600,600,100,100,0.00000,0.00000,9.80665,0.000000,0.00000,-0.00000,0.00000,0.00000,9.80665,0.000000,0.000000,0.000000,2,1,0,1,1,1,0,0,0,0
2026-09-21T05:58:52.769981+00:00,621938500,SIMULATED,744,2789076,FAULT,2,-0.000000,0.00000,7.4000,0.0000,25.00,25.00,0.00000,0.00000,0,520,0,500,0,0,0,0,20,0,520,0,0,0,0,0,0,0,0,600,600,600,100,100,0.00000,0.00000,9.80665,0.000000,0.00000,-0.00000,0.00000,0.00000,9.80665,0.000000,0.000000,0.000000,2,1,0,1,1,1,0,0,0,0
2026-09-21T05:58:52.770017+00:00,621974541,SIMULATED,745,2791480,FAULT,2,-0.000000,0.00000,7.4000,0.0000,25.00,25.00,0.00000,0.00000,0,520,0,500,0,0,0,0,20,0,520,0,0,0,0,0,0,0,0,600,600,600,100,100,0.00000,0.00000,9.80665,0.000000,0.00000,-0.00000,0.00000,0.00000,9.80665,0.000000,0.000000,0.000000,2,1,0,1,1,1,0,0,0,0
2026-09-21T05:58:52.770057+00:00,622015083,SIMULATED,746,2793884,FAULT,2,-0.000000,0.00000,7.4000,0.0000,25.00,25.00,0.00000,0.00000,0,520,0,500,0,0,0,0,20,0,520,0,0,0,0,0,0,0,0,600,600,600,100,100,0.00000,0.00000,9.80665,0.000000,0.00000,-0.00000,0.00000,0.00000,9.80665,0.000000,0.000000,0.000000,2,1,0,1,1,1,0,0,0,0
2026-09-21T05:58:52.770095+00:00,622052583,SIMULATED,747,2796288,FAULT,2,-0.000000,0.00000,7.4000,0.0000,25.00,25.00,0.00000,0.00000,0,520,0,500,0,0,0,0,20,0,520,0,0,0,0,0,0,0,0,600,600,600,100,100,0.00000,0.00000,9.80665,0.000000,0.00000,-0.00000,0.00000,0.00000,9.80665,0.000000,0.000000,0.000000,2,1,0,1,1,1,0,0,0,0
2026-09-21T05:58:52.770133+00:00,622090500,SIMULATED,748,2798692,FAULT,2,-0.000000,0.00000,7.4000,0.0000,25.00,25.00,0.00000,0.00000,0,520,0,500,0,0,0,0,20,0,520,0,0,0,0,0,0,0,0,600,600,600,100,100,0.00000,0.00000,9.80665,0.000000,0.00000,-0.00000,0.00000,0.00000,9.80665,0.000000,0.000000,0.000000,2,1,0,1,1,1,0,0,0,0
2026-09-21T05:58:52.770170+00:00,622127875,SIMULATED,749,2801096,FAULT,2,-0.000000,0.00000,7.4000,0.0000,25.00,25.00,0.00000,0.00000,0,520,0,500,0,0,0,0,20,0,520,0,0,0,0,0,0,0,0,600,600,600,100,100,0.00000,0.00000,9.80665,0.000000,0.00000,-0.00000,0.00000,0.00000,9.80665,0.000000,0.000000,0.000000,2,1,0,1,1,1,0,0,0,0
2026-09-21T05:58:52.770208+00:00,622165250,SIMULATED,750,2803500,FAULT,2,-0.000000,0.00000,7.4000,0.0000,25.00,25.00,0.00000,0.00000,0,520,0,500,0,0,0,0,20,0,520,0,0,0,0,0,0,0,0,600,600,600,100,100,0.00000,0.00000,9.80665,0.000000,0.00000,-0.00000,0.00000,0.00000,9.80665,0.000000,0.000000,0.000000,2,1,0,1,1,1,0,0,0,0
2026-09-21T05:58:52.770243+00:00,622200333,SIMULATED,751,2805904,FAULT,2,-0.000000,0.00000,7.4000,0.0000,25.00,25.00,0.00000,0.00000,0,520,0,500,0,0,0,0,20,0,520,0,0,0,0,0,0,0,0,600,600,600,100,100,0.00000,0.00000,9.80665,0.000000,0.00000,-0.00000,0.00000,0.00000,9.80665,0.000000,0.000000,0.000000,2,1,0,1,1,1,0,0,0,0
2026-09-21T05:58:52.770279+00:00,622236958,SIMULATED,752,2808308,FAULT,2,-0.000000,0.00000,7.4000,0.0000,25.00,25.00,0.00000,0.00000,0,520,0,500,0,0,0,0,20,0,520,0,0,0,0,0,0,0,0,600,600,600,100,100,0.00000,0.00000,9.80665,0.000000,0.00000,-0.00000,0.00000,0.00000,9.80665,0.000000,0.000000,0.000000,2,1,0,1,1,1,0,0,0,0
2026-09-21T05:58:52.770325+00:00,622282958,SIMULATED,753,2810712,FAULT,2,-0.000000,0.00000,7.4000,0.0000,25.00,25.00,0.00000,0.00000,0,520,0,500,0,0,0,0,20,0,520,0,0,0,0,0,0,0,0,600,600,600,100,100,0.00000,0.00000,9.80665,0.000000,0.00000,-0.00000,0.00000,0.00000,9.80665,0.000000,0.000000,0.000000,2,1,0,1,1,1,0,0,0,0
2026-09-21T05:58:52.770365+00:00,622322791,SIMULATED,754,2813116,FAULT,2,-0.000000,0.00000,7.4000,0.0000,25.00,25.00,0.00000,0.00000,0,520,0,500,0,0,0,0,20,0,520,0,0,0,0,0,0,0,0,600,600,600,100,100,0.00000,0.00000,9.80665,0.000000,0.00000,-0.00000,0.00000,0.00000,9.80665,0.000000,0.000000,0.000000,2,1,0,1,1,1,0,0,0,0
2026-09-21T05:58:52.770400+00:00,622357375,SIMULATED,755,2815520,FAULT,2,-0.000000,0.00000,7.4000,0.0000,25.00,25.00,0.00000,0.00000,0,520,0,500,0,0,0,0,20,0,520,0,0,0,0,0,0,0,0,600,600,600,100,100,0.00000,0.00000,9.80665,0.000000,0.00000,-0.00000,0.00000,0.00000,9.80665,0.000000,0.000000,0.000000,2,1,0,1,1,1,0,0,0,0
2026-09-21T05:58:52.770434+00:00,622391541,SIMULATED,756,2817924,FAULT,2,-0.000000,0.00000,7.4000,0.0000,25.00,25.00,0.00000,0.00000,0,520,0,500,0,0,0,0,20,0,520,0,0,0,0,0,0,0,0,600,600,600,100,100,0.00000,0.00000,9.80665,0.000000,0.00000,-0.00000,0.00000,0.00000,9.80665,0.000000,0.000000,0.000000,2,1,0,1,1,1,0,0,0,0
2026-09-21T05:58:52.770468+00:00,622425708,SIMULATED,757,2820328,FAULT,2,-0.000000,0.00000,7.4000,0.0000,25.00,25.00,0.00000,0.00000,0,520,0,500,0,0,0,0,20,0,520,0,0,0,0,0,0,0,0,600,600,600,100,100,0.00000,0.00000,9.80665,0.000000,0.00000,-0.00000,0.00000,0.00000,9.80665,0.000000,0.000000,0.000000,2,1,0,1,1,1,0,0,0,0
2026-09-21T05:58:52.770502+00:00,622459875,SIMULATED,758,2822732,FAULT,2,-0.000000,0.00000,7.4000,0.0000,25.00,25.00,0.00000,0.00000,0,520,0,500,0,0,0,0,20,0,520,0,0,0,0,0,0,0,0,600,600,600,100,100,0.00000,0.00000,9.80665,0.000000,0.00000,-0.00000,0.00000,0.00000,9.80665,0.000000,0.000000,0.000000,2,1,0,1,1,1,0,0,0,0
2026-09-21T05:58:52.770538+00:00,622495541,SIMULATED,759,2825136,FAULT,2,-0.000000,0.00000,7.4000,0.0000,25.00,25.00,0.00000,0.00000,0,520,0,500,0,0,0,0,20,0,520,0,0,0,0,0,0,0,0,600,600,600,100,100,0.00000,0.00000,9.80665,0.000000,0.00000,-0.00000,0.00000,0.00000,9.80665,0.000000,0.000000,0.000000,2,1,0,1,1,1,0,0,0,0
2026-09-21T05:58:52.770574+00:00,622531541,SIMULATED,760,2827540,FAULT,2,-0.000000,0.00000,7.4000,0.0000,25.00,25.00,0.00000,0.00000,0,520,0,500,0,0,0,0,20,0,520,0,0,0,0,0,0,0,0,600,600,600,100,100,0.00000,0.00000,9.80665,0.000000,0.00000,-0.00000,0.00000,0.00000,9.80665,0.000000,0.000000,0.000000,2,1,0,1,1,1,0,0,0,0
2026-09-21T05:58:52.770608+00:00,622565958,SIMULATED,761,2829944,FAULT,2,-0.000000,0.00000,7.4000,0.0000,25.00,25.00,0.00000,0.00000,0,520,0,500,0,0,0,0,20,0,520,0,0,0,0,0,0,0,0,600,600,600,100,100,0.00000,0.00000,9.80665,0.000000,0.00000,-0.00000,0.00000,0.00000,9.80665,0.000000,0.000000,0.000000,2,1,0,1,1,1,0,0,0,0
2026-09-21T05:58:52.770645+00:00,622602708,SIMULATED,762,2832348,FAULT,2,-0.000000,0.00000,7.4000,0.0000,25.00,25.00,0.00000,0.00000,0,520,0,500,0,0,0,0,20,0,520,0,0,0,0,0,0,0,0,600,600,600,100,100,0.00000,0.00000,9.80665,0.000000,0.00000,-0.00000,0.00000,0.00000,9.80665,0.000000,0.000000,0.000000,2,1,0,1,1,1,0,0,0,0
2026-09-21T05:58:52.770682+00:00,622639666,SIMULATED,763,2834752,FAULT,2,-0.000000,0.00000,7.4000,0.0000,25.00,25.00,0.00000,0.00000,0,520,0,500,0,0,0,0,20,0,520,0,0,0,0,0,0,0,0,600,600,600,100,100,0.00000,0.00000,9.80665,0.000000,0.00000,-0.00000,0.00000,0.00000,9.80665,0.000000,0.000000,0.000000,2,1,0,1,1,1,0,0,0,0
2026-09-21T05:58:52.770719+00:00,622676666,SIMULATED,764,2837156,FAULT,2,-0.000000,0.00000,7.4000,0.0000,25.00,25.00,0.00000,0.00000,0,520,0,500,0,0,0,0,20,0,520,0,0,0,0,0,0,0,0,600,600,600,100,100,0.00000,0.00000,9.80665,0.000000,0.00000,-0.00000,0.00000,0.00000,9.80665,0.000000,0.000000,0.000000,2,1,0,1,1,1,0,0,0,0
2026-09-21T05:58:52.770755+00:00,622712458,SIMULATED,765,2839560,FAULT,2,-0.000000,0.00000,7.4000,0.0000,25.00,25.00,0.00000,0.00000,0,520,0,500,0,0,0,0,20,0,520,0,0,0,0,0,0,0,0,600,600,600,100,100,0.00000,0.00000,9.80665,0.000000,0.00000,-0.00000,0.00000,0.00000,9.80665,0.000000,0.000000,0.000000,2,1,0,1,1,1,0,0,0,0
2026-09-21T05:58:52.770789+00:00,622746750,SIMULATED,766,2841964,FAULT,2,-0.000000,0.00000,7.4000,0.0000,25.00,25.00,0.00000,0.00000,0,520,0,500,0,0,0,0,20,0,520,0,0,0,0,0,0,0,0,600,600,600,100,100,0.00000,0.00000,9.80665,0.000000,0.00000,-0.00000,0.00000,0.00000,9.80665,0.000000,0.000000,0.000000,2,1,0,1,1,1,0,0,0,0
2026-09-21T05:58:52.770823+00:00,622781000,SIMULATED,767,2844368,FAULT,2,-0.000000,0.00000,7.4000,0.0000,25.00,25.00,0.00000,0.00000,0,520,0,500,0,0,0,0,20,0,520,0,0,0,0,0,0,0,0,600,600,600,100,100,0.00000,0.00000,9.80665,0.000000,0.00000,-0.00000,0.00000,0.00000,9.80665,0.000000,0.000000,0.000000,2,1,0,1,1,1,0,0,0,0
2026-09-21T05:58:52.770857+00:00,622814750,SIMULATED,768,2846772,FAULT,2,-0.000000,0.00000,7.4000,0.0000,25.00,25.00,0.00000,0.00000,0,520,0,500,0,0,0,0,20,0,520,0,0,0,0,0,0,0,0,600,600,600,100,100,0.00000,0.00000,9.80665,0.000000,0.00000,-0.00000,0.00000,0.00000,9.80665,0.000000,0.000000,0.000000,2,1,0,1,1,1,0,0,0,0
2026-09-21T05:58:52.770892+00:00,622849375,SIMULATED,769,2849176,FAULT,2,-0.000000,0.00000,7.4000,0.0000,25.00,25.00,0.00000,0.00000,0,520,0,500,0,0,0,0,20,0,520,0,0,0,0,0,0,0,0,600,600,600,100,100,0.00000,0.00000,9.80665,0.000000,0.00000,-0.00000,0.00000,0.00000,9.80665,0.000000,0.000000,0.000000,2,1,0,1,1,1,0,0,0,0
2026-09-21T05:58:52.770927+00:00,622884125,SIMULATED,770,2851580,FAULT,2,-0.000000,0.00000,7.4000,0.0000,25.00,25.00,0.00000,0.00000,0,520,0,500,0,0,0,0,20,0,520,0,0,0,0,0,0,0,0,600,600,600,100,100,0.00000,0.00000,9.80665,0.000000,0.00000,-0.00000,0.00000,0.00000,9.80665,0.000000,0.000000,0.000000,2,1,0,1,1,1,0,0,0,0
2026-09-21T05:58:52.770963+00:00,622920333,SIMULATED,771,2853984,FAULT,2,-0.000000,0.00000,7.4000,0.0000,25.00,25.00,0.00000,0.00000,0,520,0,500,0,0,0,0,20,0,520,0,0,0,0,0,0,0,0,600,600,600,100,100,0.00000,0.00000,9.80665,0.000000,0.00000,-0.00000,0.00000,0.00000,9.80665,0.000000,0.000000,0.000000,2,1,0,1,1,1,0,0,0,0
2026-09-21T05:58:52.770999+00:00,622956166,SIMULATED,772,2856388,FAULT,2,-0.000000,0.00000,7.4000,0.0000,25.00,25.00,0.00000,0.00000,0,520,0,500,0,0,0,0,20,0,520,0,0,0,0,0,0,0,0,600,600,600,100,100,0.00000,0.00000,9.80665,0.000000,0.00000,-0.00000,0.00000,0.00000,9.80665,0.000000,0.000000,0.000000,2,1,0,1,1,1,0,0,0,0
2026-09-21T05:58:52.771032+00:00,622990083,SIMULATED,773,2858792,FAULT,2,-0.000000,0.00000,7.4000,0.0000,25.00,25.00,0.00000,0.00000,0,520,0,500,0,0,0,0,20,0,520,0,0,0,0,0,0,0,0,600,600,600,100,100,0.00000,0.00000,9.80665,0.000000,0.00000,-0.00000,0.00000,0.00000,9.80665,0.000000,0.000000,0.000000,2,1,0,1,1,1,0,0,0,0
2026-09-21T05:58:52.771070+00:00,623027708,SIMULATED,774,2861196,FAULT,2,-0.000000,0.00000,7.4000,0.0000,25.00,25.00,0.00000,0.00000,0,520,0,500,0,0,0,0,20,0,520,0,0,0,0,0,0,0,0,600,600,600,100,100,0.00000,0.00000,9.80665,0.000000,0.00000,-0.00000,0.00000,0.00000,9.80665,0.000000,0.000000,0.000000,2,1,0,1,1,1,0,0,0,0
2026-09-21T05:58:52.771105+00:00,623062750,SIMULATED,775,2863600,FAULT,2,-0.000000,0.00000,7.4000,0.0000,25.00,25.00,0.00000,0.00000,0,520,0,500,0,0,0,0,20,0,520,0,0,0,0,0,0,0,0,600,600,600,100,100,0.00000,0.00000,9.80665,0.000000,0.00000,-0.00000,0.00000,0.00000,9.80665,0.000000,0.000000,0.000000,2,1,0,1,1,1,0,0,0,0
2026-09-21T05:58:52.771141+00:00,623098958,SIMULATED,776,2866004,FAULT,2,-0.000000,0.00000,7.4000,0.0000,25.00,25.00,0.00000,0.00000,0,520,0,500,0,0,0,0,20,0,520,0,0,0,0,0,0,0,0,600,600,600,100,100,0.00000,0.00000,9.80665,0.000000,0.00000,-0.00000,0.00000,0.00000,9.80665,0.000000,0.000000,0.000000,2,1,0,1,1,1,0,0,0,0
2026-09-21T05:58:52.771177+00:00,623134541,SIMULATED,777,2868408,FAULT,2,-0.000000,0.00000,7.4000,0.0000,25.00,25.00,0.00000,0.00000,0,520,0,500,0,0,0,0,20,0,520,0,0,0,0,0,0,0,0,600,600,600,100,100,0.00000,0.00000,9.80665,0.000000,0.00000,-0.00000,0.00000,0.00000,9.80665,0.000000,0.000000,0.000000,2,1,0,1,1,1,0,0,0,0
2026-09-21T05:58:52.771217+00:00,623174208,SIMULATED,778,2870812,FAULT,2,-0.000000,0.00000,7.4000,0.0000,25.00,25.00,0.00000,0.00000,0,520,0,500,0,0,0,0,20,0,520,0,0,0,0,0,0,0,0,600,600,600,100,100,0.00000,0.00000,9.80665,0.000000,0.00000,-0.00000,0.00000,0.00000,9.80665,0.000000,0.000000,0.000000,2,1,0,1,1,1,0,0,0,0
2026-09-21T05:58:52.771253+00:00,623211208,SIMULATED,779,2873216,FAULT,2,-0.000000,0.00000,7.4000,0.0000,25.00,25.00,0.00000,0.00000,0,520,0,500,0,0,0,0,20,0,520,0,0,0,0,0,0,0,0,600,600,600,100,100,0.00000,0.00000,9.80665,0.000000,0.00000,-0.00000,0.00000,0.00000,9.80665,0.000000,0.000000,0.000000,2,1,0,1,1,1,0,0,0,0
2026-09-21T05:58:52.771291+00:00,623248250,SIMULATED,780,2875620,FAULT,2,-0.000000,0.00000,7.4000,0.0000,25.00,25.00,0.00000,0.00000,0,520,0,500,0,0,0,0,20,0,520,0,0,0,0,0,0,0,0,600,600,600,100,100,0.00000,0.00000,9.80665,0.000000,0.00000,-0.00000,0.00000,0.00000,9.80665,0.000000,0.000000,0.000000,2,1,0,1,1,1,0,0,0,0
2026-09-21T05:58:52.771326+00:00,623283166,SIMULATED,781,2878024,FAULT,2,-0.000000,0.00000,7.4000,0.0000,25.00,25.00,0.00000,0.00000,0,520,0,500,0,0,0,0,20,0,520,0,0,0,0,0,0,0,0,600,600,600,100,100,0.00000,0.00000,9.80665,0.000000,0.00000,-0.00000,0.00000,0.00000,9.80665,0.000000,0.000000,0.000000,2,1,0,1,1,1,0,0,0,0
2026-09-21T05:58:52.771361+00:00,623318333,SIMULATED,782,2880428,FAULT,2,-0.000000,0.00000,7.4000,0.0000,25.00,25.00,0.00000,0.00000,0,520,0,500,0,0,0,0,20,0,520,0,0,0,0,0,0,0,0,600,600,600,100,100,0.00000,0.00000,9.80665,0.000000,0.00000,-0.00000,0.00000,0.00000,9.80665,0.000000,0.000000,0.000000,2,1,0,1,1,1,0,0,0,0
2026-09-21T05:58:52.771396+00:00,623353833,SIMULATED,783,2882832,FAULT,2,-0.000000,0.00000,7.4000,0.0000,25.00,25.00,0.00000,0.00000,0,520,0,500,0,0,0,0,20,0,520,0,0,0,0,0,0,0,0,600,600,600,100,100,0.00000,0.00000,9.80665,0.000000,0.00000,-0.00000,0.00000,0.00000,9.80665,0.000000,0.000000,0.000000,2,1,0,1,1,1,0,0,0,0
2026-09-21T05:58:52.771433+00:00,623390458,SIMULATED,784,2885236,FAULT,2,-0.000000,0.00000,7.4000,0.0000,25.00,25.00,0.00000,0.00000,0,520,0,500,0,0,0,0,20,0,520,0,0,0,0,0,0,0,0,600,600,600,100,100,0.00000,0.00000,9.80665,0.000000,0.00000,-0.00000,0.00000,0.00000,9.80665,0.000000,0.000000,0.000000,2,1,0,1,1,1,0,0,0,0
2026-09-21T05:58:52.771467+00:00,623425000,SIMULATED,785,2887640,FAULT,2,-0.000000,0.00000,7.4000,0.0000,25.00,25.00,0.00000,0.00000,0,520,0,500,0,0,0,0,20,0,520,0,0,0,0,0,0,0,0,600,600,600,100,100,0.00000,0.00000,9.80665,0.000000,0.00000,-0.00000,0.00000,0.00000,9.80665,0.000000,0.000000,0.000000,2,1,0,1,1,1,0,0,0,0
2026-09-21T05:58:52.771502+00:00,623460041,SIMULATED,786,2890044,FAULT,2,-0.000000,0.00000,7.4000,0.0000,25.00,25.00,0.00000,0.00000,0,520,0,500,0,0,0,0,20,0,520,0,0,0,0,0,0,0,0,600,600,600,100,100,0.00000,0.00000,9.80665,0.000000,0.00000,-0.00000,0.00000,0.00000,9.80665,0.000000,0.000000,0.000000,2,1,0,1,1,1,0,0,0,0
2026-09-21T05:58:52.771537+00:00,623494791,SIMULATED,787,2892448,FAULT,2,-0.000000,0.00000,7.4000,0.0000,25.00,25.00,0.00000,0.00000,0,520,0,500,0,0,0,0,20,0,520,0,0,0,0,0,0,0,0,600,600,600,100,100,0.00000,0.00000,9.80665,0.000000,0.00000,-0.00000,0.00000,0.00000,9.80665,0.000000,0.000000,0.000000,2,1,0,1,1,1,0,0,0,0
2026-09-21T05:58:52.771571+00:00,623529000,SIMULATED,788,2894852,FAULT,2,-0.000000,0.00000,7.4000,0.0000,25.00,25.00,0.00000,0.00000,0,520,0,500,0,0,0,0,20,0,520,0,0,0,0,0,0,0,0,600,600,600,100,100,0.00000,0.00000,9.80665,0.000000,0.00000,-0.00000,0.00000,0.00000,9.80665,0.000000,0.000000,0.000000,2,1,0,1,1,1,0,0,0,0
2026-09-21T05:58:52.771609+00:00,623566375,SIMULATED,789,2897256,FAULT,2,-0.000000,0.00000,7.4000,0.0000,25.00,25.00,0.00000,0.00000,0,520,0,500,0,0,0,0,20,0,520,0,0,0,0,0,0,0,0,600,600,600,100,100,0.00000,0.00000,9.80665,0.000000,0.00000,-0.00000,0.00000,0.00000,9.80665,0.000000,0.000000,0.000000,2,1,0,1,1,1,0,0,0,0
2026-09-21T05:58:52.771643+00:00,623600375,SIMULATED,790,2899660,FAULT,2,-0.000000,0.00000,7.4000,0.0000,25.00,25.00,0.00000,0.00000,0,520,0,500,0,0,0,0,20,0,520,0,0,0,0,0,0,0,0,600,600,600,100,100,0.00000,0.00000,9.80665,0.000000,0.00000,-0.00000,0.00000,0.00000,9.80665,0.000000,0.000000,0.000000,2,1,0,1,1,1,0,0,0,0
2026-09-21T05:58:52.771677+00:00,623634208,SIMULATED,791,2902064,FAULT,2,-0.000000,0.00000,7.4000,0.0000,25.00,25.00,0.00000,0.00000,0,520,0,500,0,0,0,0,20,0,520,0,0,0,0,0,0,0,0,600,600,600,100,100,0.00000,0.00000,9.80665,0.000000,0.00000,-0.00000,0.00000,0.00000,9.80665,0.000000,0.000000,0.000000,2,1,0,1,1,1,0,0,0,0
2026-09-21T05:58:52.771712+00:00,623669208,SIMULATED,792,2904468,FAULT,2,-0.000000,0.00000,7.4000,0.0000,25.00,25.00,0.00000,0.00000,0,520,0,500,0,0,0,0,20,0,520,0,0,0,0,0,0,0,0,600,600,600,100,100,0.00000,0.00000,9.80665,0.000000,0.00000,-0.00000,0.00000,0.00000,9.80665,0.000000,0.000000,0.000000,2,1,0,1,1,1,0,0,0,0
2026-09-21T05:58:52.771746+00:00,623703250,SIMULATED,793,2906872,FAULT,2,-0.000000,0.00000,7.4000,0.0000,25.00,25.00,0.00000,0.00000,0,520,0,500,0,0,0,0,20,0,520,0,0,0,0,0,0,0,0,600,600,600,100,100,0.00000,0.00000,9.80665,0.000000,0.00000,-0.00000,0.00000,0.00000,9.80665,0.000000,0.000000,0.000000,2,1,0,1,1,1,0,0,0,0
2026-09-21T05:58:52.771782+00:00,623739666,SIMULATED,794,2909276,FAULT,2,-0.000000,0.00000,7.4000,0.0000,25.00,25.00,0.00000,0.00000,0,520,0,500,0,0,0,0,20,0,520,0,0,0,0,0,0,0,0,600,600,600,100,100,0.00000,0.00000,9.80665,0.000000,0.00000,-0.00000,0.00000,0.00000,9.80665,0.000000,0.000000,0.000000,2,1,0,1,1,1,0,0,0,0
2026-09-21T05:58:52.771818+00:00,623775291,SIMULATED,795,2911680,FAULT,2,-0.000000,0.00000,7.4000,0.0000,25.00,25.00,0.00000,0.00000,0,520,0,500,0,0,0,0,20,0,520,0,0,0,0,0,0,0,0,600,600,600,100,100,0.00000,0.00000,9.80665,0.000000,0.00000,-0.00000,0.00000,0.00000,9.80665,0.000000,0.000000,0.000000,2,1,0,1,1,1,0,0,0,0
2026-09-21T05:58:52.771852+00:00,623809291,SIMULATED,796,2914084,FAULT,2,-0.000000,0.00000,7.4000,0.0000,25.00,25.00,0.00000,0.00000,0,520,0,500,0,0,0,0,20,0,520,0,0,0,0,0,0,0,0,600,600,600,100,100,0.00000,0.00000,9.80665,0.000000,0.00000,-0.00000,0.00000,0.00000,9.80665,0.000000,0.000000,0.000000,2,1,0,1,1,1,0,0,0,0
2026-09-21T05:58:52.771886+00:00,623843708,SIMULATED,797,2916488,FAULT,2,-0.000000,0.00000,7.4000,0.0000,25.00,25.00,0.00000,0.00000,0,520,0,500,0,0,0,0,20,0,520,0,0,0,0,0,0,0,0,600,600,600,100,100,0.00000,0.00000,9.80665,0.000000,0.00000,-0.00000,0.00000,0.00000,9.80665,0.000000,0.000000,0.000000,2,1,0,1,1,1,0,0,0,0
2026-09-21T05:58:52.771921+00:00,623878583,SIMULATED,798,2918892,FAULT,2,-0.000000,0.00000,7.4000,0.0000,25.00,25.00,0.00000,0.00000,0,520,0,500,0,0,0,0,20,0,520,0,0,0,0,0,0,0,0,600,600,600,100,100,0.00000,0.00000,9.80665,0.000000,0.00000,-0.00000,0.00000,0.00000,9.80665,0.000000,0.000000,0.000000,2,1,0,1,1,1,0,0,0,0
2026-09-21T05:58:52.771956+00:00,623913291,SIMULATED,799,2921296,FAULT,2,-0.000000,0.00000,7.4000,0.0000,25.00,25.00,0.00000,0.00000,0,520,0,500,0,0,0,0,20,0,520,0,0,0,0,0,0,0,0,600,600,600,100,100,0.00000,0.00000,9.80665,0.000000,0.00000,-0.00000,0.00000,0.00000,9.80665,0.000000,0.000000,0.000000,2,1,0,1,1,1,0,0,0,0
2026-09-21T05:58:52.771990+00:00,623947458,SIMULATED,800,2923700,FAULT,2,-0.000000,0.00000,7.4000,0.0000,25.00,25.00,0.00000,0.00000,0,520,0,500,0,0,0,0,20,0,520,0,0,0,0,0,0,0,0,600,600,600,100,100,0.00000,0.00000,9.80665,0.000000,0.00000,-0.00000,0.00000,0.00000,9.80665,0.000000,0.000000,0.000000,2,1,0,1,1,1,0,0,0,0
2026-09-21T05:58:52.772025+00:00,623983083,SIMULATED,801,2926104,FAULT,2,-0.000000,0.00000,7.4000,0.0000,25.00,25.00,0.00000,0.00000,0,520,0,500,0,0,0,0,20,0,520,0,0,0,0,0,0,0,0,600,600,600,100,100,0.00000,0.00000,9.80665,0.000000,0.00000,-0.00000,0.00000,0.00000,9.80665,0.000000,0.000000,0.000000,2,1,0,1,1,1,0,0,0,0
2026-09-21T05:58:52.772062+00:00,624019750,SIMULATED,802,2928508,FAULT,2,-0.000000,0.00000,7.4000,0.0000,25.00,25.00,0.00000,0.00000,0,520,0,500,0,0,0,0,20,0,520,0,0,0,0,0,0,0,0,600,600,600,100,100,0.00000,0.00000,9.80665,0.000000,0.00000,-0.00000,0.00000,0.00000,9.80665,0.000000,0.000000,0.000000,2,1,0,1,1,1,0,0,0,0
2026-09-21T05:58:52.772097+00:00,624054791,SIMULATED,803,2930912,FAULT,2,-0.000000,0.00000,7.4000,0.0000,25.00,25.00,0.00000,0.00000,0,520,0,500,0,0,0,0,20,0,520,0,0,0,0,0,0,0,0,600,600,600,100,100,0.00000,0.00000,9.80665,0.000000,0.00000,-0.00000,0.00000,0.00000,9.80665,0.000000,0.000000,0.000000,2,1,0,1,1,1,0,0,0,0
2026-09-21T05:58:52.772135+00:00,624092458,SIMULATED,804,2933316,FAULT,2,-0.000000,0.00000,7.4000,0.0000,25.00,25.00,0.00000,0.00000,0,520,0,500,0,0,0,0,20,0,520,0,0,0,0,0,0,0,0,600,600,600,100,100,0.00000,0.00000,9.80665,0.000000,0.00000,-0.00000,0.00000,0.00000,9.80665,0.000000,0.000000,0.000000,2,1,0,1,1,1,0,0,0,0
2026-09-21T05:58:52.772170+00:00,624127250,SIMULATED,805,2935720,FAULT,2,-0.000000,0.00000,7.4000,0.0000,25.00,25.00,0.00000,0.00000,0,520,0,500,0,0,0,0,20,0,520,0,0,0,0,0,0,0,0,600,600,600,100,100,0.00000,0.00000,9.80665,0.000000,0.00000,-0.00000,0.00000,0.00000,9.80665,0.000000,0.000000,0.000000,2,1,0,1,1,1,0,0,0,0
2026-09-21T05:58:52.772204+00:00,624161458,SIMULATED,806,2938124,FAULT,2,-0.000000,0.00000,7.4000,0.0000,25.00,25.00,0.00000,0.00000,0,520,0,500,0,0,0,0,20,0,520,0,0,0,0,0,0,0,0,600,600,600,100,100,0.00000,0.00000,9.80665,0.000000,0.00000,-0.00000,0.00000,0.00000,9.80665,0.000000,0.000000,0.000000,2,1,0,1,1,1,0,0,0,0
2026-09-21T05:58:52.772240+00:00,624197208,SIMULATED,807,2940528,FAULT,2,-0.000000,0.00000,7.4000,0.0000,25.00,25.00,0.00000,0.00000,0,520,0,500,0,0,0,0,20,0,520,0,0,0,0,0,0,0,0,600,600,600,100,100,0.00000,0.00000,9.80665,0.000000,0.00000,-0.00000,0.00000,0.00000,9.80665,0.000000,0.000000,0.000000,2,1,0,1,1,1,0,0,0,0
2026-09-21T05:58:52.772276+00:00,624233416,SIMULATED,808,2942932,FAULT,2,-0.000000,0.00000,7.4000,0.0000,25.00,25.00,0.00000,0.00000,0,520,0,500,0,0,0,0,20,0,520,0,0,0,0,0,0,0,0,600,600,600,100,100,0.00000,0.00000,9.80665,0.000000,0.00000,-0.00000,0.00000,0.00000,9.80665,0.000000,0.000000,0.000000,2,1,0,1,1,1,0,0,0,0
2026-09-21T05:58:52.772312+00:00,624269541,SIMULATED,809,2945336,FAULT,2,-0.000000,0.00000,7.4000,0.0000,25.00,25.00,0.00000,0.00000,0,520,0,500,0,0,0,0,20,0,520,0,0,0,0,0,0,0,0,600,600,600,100,100,0.00000,0.00000,9.80665,0.000000,0.00000,-0.00000,0.00000,0.00000,9.80665,0.000000,0.000000,0.000000,2,1,0,1,1,1,0,0,0,0
2026-09-21T05:58:52.772347+00:00,624304875,SIMULATED,810,2947740,FAULT,2,-0.000000,0.00000,7.4000,0.0000,25.00,25.00,0.00000,0.00000,0,520,0,500,0,0,0,0,20,0,520,0,0,0,0,0,0,0,0,600,600,600,100,100,0.00000,0.00000,9.80665,0.000000,0.00000,-0.00000,0.00000,0.00000,9.80665,0.000000,0.000000,0.000000,2,1,0,1,1,1,0,0,0,0
2026-09-21T05:58:52.772382+00:00,624339625,SIMULATED,811,2950144,FAULT,2,-0.000000,0.00000,7.4000,0.0000,25.00,25.00,0.00000,0.00000,0,520,0,500,0,0,0,0,20,0,520,0,0,0,0,0,0,0,0,600,600,600,100,100,0.00000,0.00000,9.80665,0.000000,0.00000,-0.00000,0.00000,0.00000,9.80665,0.000000,0.000000,0.000000,2,1,0,1,1,1,0,0,0,0
2026-09-21T05:58:52.772416+00:00,624373875,SIMULATED,812,2952548,FAULT,2,-0.000000,0.00000,7.4000,0.0000,25.00,25.00,0.00000,0.00000,0,520,0,500,0,0,0,0,20,0,520,0,0,0,0,0,0,0,0,600,600,600,100,100,0.00000,0.00000,9.80665,0.000000,0.00000,-0.00000,0.00000,0.00000,9.80665,0.000000,0.000000,0.000000,2,1,0,1,1,1,0,0,0,0
2026-09-21T05:58:52.772452+00:00,624409291,SIMULATED,813,2954952,FAULT,2,-0.000000,0.00000,7.4000,0.0000,25.00,25.00,0.00000,0.00000,0,520,0,500,0,0,0,0,20,0,520,0,0,0,0,0,0,0,0,600,600,600,100,100,0.00000,0.00000,9.80665,0.000000,0.00000,-0.00000,0.00000,0.00000,9.80665,0.000000,0.000000,0.000000,2,1,0,1,1,1,0,0,0,0
2026-09-21T05:58:52.772493+00:00,624450375,SIMULATED,814,2957356,FAULT,2,-0.000000,0.00000,7.4000,0.0000,25.00,25.00,0.00000,0.00000,0,520,0,500,0,0,0,0,20,0,520,0,0,0,0,0,0,0,0,600,600,600,100,100,0.00000,0.00000,9.80665,0.000000,0.00000,-0.00000,0.00000,0.00000,9.80665,0.000000,0.000000,0.000000,2,1,0,1,1,1,0,0,0,0
2026-09-21T05:58:52.772529+00:00,624486541,SIMULATED,815,2959760,FAULT,2,-0.000000,0.00000,7.4000,0.0000,25.00,25.00,0.00000,0.00000,0,520,0,500,0,0,0,0,20,0,520,0,0,0,0,0,0,0,0,600,600,600,100,100,0.00000,0.00000,9.80665,0.000000,0.00000,-0.00000,0.00000,0.00000,9.80665,0.000000,0.000000,0.000000,2,1,0,1,1,1,0,0,0,0
2026-09-21T05:58:52.772563+00:00,624520541,SIMULATED,816,2962164,FAULT,2,-0.000000,0.00000,7.4000,0.0000,25.00,25.00,0.00000,0.00000,0,520,0,500,0,0,0,0,20,0,520,0,0,0,0,0,0,0,0,600,600,600,100,100,0.00000,0.00000,9.80665,0.000000,0.00000,-0.00000,0.00000,0.00000,9.80665,0.000000,0.000000,0.000000,2,1,0,1,1,1,0,0,0,0
2026-09-21T05:58:52.772599+00:00,624556833,SIMULATED,817,2964568,FAULT,2,-0.000000,0.00000,7.4000,0.0000,25.00,25.00,0.00000,0.00000,0,520,0,500,0,0,0,0,20,0,520,0,0,0,0,0,0,0,0,600,600,600,100,100,0.00000,0.00000,9.80665,0.000000,0.00000,-0.00000,0.00000,0.00000,9.80665,0.000000,0.000000,0.000000,2,1,0,1,1,1,0,0,0,0
2026-09-21T05:58:52.772634+00:00,624591333,SIMULATED,818,2966972,FAULT,2,-0.000000,0.00000,7.4000,0.0000,25.00,25.00,0.00000,0.00000,0,520,0,500,0,0,0,0,20,0,520,0,0,0,0,0,0,0,0,600,600,600,100,100,0.00000,0.00000,9.80665,0.000000,0.00000,-0.00000,0.00000,0.00000,9.80665,0.000000,0.000000,0.000000,2,1,0,1,1,1,0,0,0,0
2026-09-21T05:58:52.772669+00:00,624626333,SIMULATED,819,2969376,FAULT,2,-0.000000,0.00000,7.4000,0.0000,25.00,25.00,0.00000,0.00000,0,520,0,500,0,0,0,0,20,0,520,0,0,0,0,0,0,0,0,600,600,600,100,100,0.00000,0.00000,9.80665,0.000000,0.00000,-0.00000,0.00000,0.00000,9.80665,0.000000,0.000000,0.000000,2,1,0,1,1,1,0,0,0,0
2026-09-21T05:58:52.772703+00:00,624660250,SIMULATED,820,2971780,FAULT,2,-0.000000,0.00000,7.4000,0.0000,25.00,25.00,0.00000,0.00000,0,520,0,500,0,0,0,0,20,0,520,0,0,0,0,0,0,0,0,600,600,600,100,100,0.00000,0.00000,9.80665,0.000000,0.00000,-0.00000,0.00000,0.00000,9.80665,0.000000,0.000000,0.000000,2,1,0,1,1,1,0,0,0,0
2026-09-21T05:58:52.772740+00:00,624697333,SIMULATED,821,2974184,FAULT,2,-0.000000,0.00000,7.4000,0.0000,25.00,25.00,0.00000,0.00000,0,520,0,500,0,0,0,0,20,0,520,0,0,0,0,0,0,0,0,600,600,600,100,100,0.00000,0.00000,9.80665,0.000000,0.00000,-0.00000,0.00000,0.00000,9.80665,0.000000,0.000000,0.000000,2,1,0,1,1,1,0,0,0,0
2026-09-21T05:58:52.772774+00:00,624731333,SIMULATED,822,2976588,FAULT,2,-0.000000,0.00000,7.4000,0.0000,25.00,25.00,0.00000,0.00000,0,520,0,500,0,0,0,0,20,0,520,0,0,0,0,0,0,0,0,600,600,600,100,100,0.00000,0.00000,9.80665,0.000000,0.00000,-0.00000,0.00000,0.00000,9.80665,0.000000,0.000000,0.000000,2,1,0,1,1,1,0,0,0,0
2026-09-21T05:58:52.772810+00:00,624767291,SIMULATED,823,2978992,FAULT,2,-0.000000,0.00000,7.4000,0.0000,25.00,25.00,0.00000,0.00000,0,520,0,500,0,0,0,0,20,0,520,0,0,0,0,0,0,0,0,600,600,600,100,100,0.00000,0.00000,9.80665,0.000000,0.00000,-0.00000,0.00000,0.00000,9.80665,0.000000,0.000000,0.000000,2,1,0,1,1,1,0,0,0,0
2026-09-21T05:58:52.772844+00:00,624801375,SIMULATED,824,2981396,FAULT,2,-0.000000,0.00000,7.4000,0.0000,25.00,25.00,0.00000,0.00000,0,520,0,500,0,0,0,0,20,0,520,0,0,0,0,0,0,0,0,600,600,600,100,100,0.00000,0.00000,9.80665,0.000000,0.00000,-0.00000,0.00000,0.00000,9.80665,0.000000,0.000000,0.000000,2,1,0,1,1,1,0,0,0,0
2026-09-21T05:58:52.772882+00:00,624839875,SIMULATED,825,2983800,FAULT,2,-0.000000,0.00000,7.4000,0.0000,25.00,25.00,0.00000,0.00000,0,520,0,500,0,0,0,0,20,0,520,0,0,0,0,0,0,0,0,600,600,600,100,100,0.00000,0.00000,9.80665,0.000000,0.00000,-0.00000,0.00000,0.00000,9.80665,0.000000,0.000000,0.000000,2,1,0,1,1,1,0,0,0,0
2026-09-21T05:58:52.772917+00:00,624874458,SIMULATED,826,2986204,FAULT,2,-0.000000,0.00000,7.4000,0.0000,25.00,25.00,0.00000,0.00000,0,520,0,500,0,0,0,0,20,0,520,0,0,0,0,0,0,0,0,600,600,600,100,100,0.00000,0.00000,9.80665,0.000000,0.00000,-0.00000,0.00000,0.00000,9.80665,0.000000,0.000000,0.000000,2,1,0,1,1,1,0,0,0,0
2026-09-21T05:58:52.772956+00:00,624914041,SIMULATED,827,2988608,FAULT,2,-0.000000,0.00000,7.4000,0.0000,25.00,25.00,0.00000,0.00000,0,520,0,500,0,0,0,0,20,0,520,0,0,0,0,0,0,0,0,600,600,600,100,100,0.00000,0.00000,9.80665,0.000000,0.00000,-0.00000,0.00000,0.00000,9.80665,0.000000,0.000000,0.000000,2,1,0,1,1,1,0,0,0,0
2026-09-21T05:58:52.772991+00:00,624948291,SIMULATED,828,2991012,FAULT,2,-0.000000,0.00000,7.4000,0.0000,25.00,25.00,0.00000,0.00000,0,520,0,500,0,0,0,0,20,0,520,0,0,0,0,0,0,0,0,600,600,600,100,100,0.00000,0.00000,9.80665,0.000000,0.00000,-0.00000,0.00000,0.00000,9.80665,0.000000,0.000000,0.000000,2,1,0,1,1,1,0,0,0,0
2026-09-21T05:58:52.773027+00:00,624984708,SIMULATED,829,2993416,FAULT,2,-0.000000,0.00000,7.4000,0.0000,25.00,25.00,0.00000,0.00000,0,520,0,500,0,0,0,0,20,0,520,0,0,0,0,0,0,0,0,600,600,600,100,100,0.00000,0.00000,9.80665,0.000000,0.00000,-0.00000,0.00000,0.00000,9.80665,0.000000,0.000000,0.000000,2,1,0,1,1,1,0,0,0,0
2026-09-21T05:58:52.773062+00:00,625019541,SIMULATED,830,2995820,FAULT,2,-0.000000,0.00000,7.4000,0.0000,25.00,25.00,0.00000,0.00000,0,520,0,500,0,0,0,0,20,0,520,0,0,0,0,0,0,0,0,600,600,600,100,100,0.00000,0.00000,9.80665,0.000000,0.00000,-0.00000,0.00000,0.00000,9.80665,0.000000,0.000000,0.000000,2,1,0,1,1,1,0,0,0,0
2026-09-21T05:58:52.773098+00:00,625055583,SIMULATED,831,2998224,FAULT,2,-0.000000,0.00000,7.4000,0.0000,25.00,25.00,0.00000,0.00000,0,520,0,500,0,0,0,0,20,0,520,0,0,0,0,0,0,0,0,600,600,600,100,100,0.00000,0.00000,9.80665,0.000000,0.00000,-0.00000,0.00000,0.00000,9.80665,0.000000,0.000000,0.000000,2,1,0,1,1,1,0,0,0,0
2026-09-21T05:58:52.773133+00:00,625090625,SIMULATED,832,3000628,FAULT,2,-0.000000,0.00000,7.4000,0.0000,25.00,25.00,0.00000,0.00000,0,520,0,500,0,0,0,0,20,0,520,0,0,0,0,0,0,0,0,600,600,600,100,100,0.00000,0.00000,9.80665,0.000000,0.00000,-0.00000,0.00000,0.00000,9.80665,0.000000,0.000000,0.000000,2,1,0,1,1,1,0,0,0,0
2026-09-21T05:58:52.773174+00:00,625131500,SIMULATED,833,3003032,FAULT,2,-0.000000,0.00000,7.4000,0.0000,25.00,25.00,0.00000,0.00000,0,520,0,500,0,0,0,0,20,0,520,0,0,0,0,0,0,0,0,600,600,600,100,100,0.00000,0.00000,9.80665,0.000000,0.00000,-0.00000,0.00000,0.00000,9.80665,0.000000,0.000000,0.000000,2,1,0,1,1,1,0,0,0,0
2026-09-21T05:58:52.773212+00:00,625169833,SIMULATED,834,3005436,FAULT,2,-0.000000,0.00000,7.4000,0.0000,25.00,25.00,0.00000,0.00000,0,520,0,500,0,0,0,0,20,0,520,0,0,0,0,0,0,0,0,600,600,600,100,100,0.00000,0.00000,9.80665,0.000000,0.00000,-0.00000,0.00000,0.00000,9.80665,0.000000,0.000000,0.000000,2,1,0,1,1,1,0,0,0,0
2026-09-21T05:58:52.773250+00:00,625208083,SIMULATED,835,3007840,FAULT,2,-0.000000,0.00000,7.4000,0.0000,25.00,25.00,0.00000,0.00000,0,520,0,500,0,0,0,0,20,0,520,0,0,0,0,0,0,0,0,600,600,600,100,100,0.00000,0.00000,9.80665,0.000000,0.00000,-0.00000,0.00000,0.00000,9.80665,0.000000,0.000000,0.000000,2,1,0,1,1,1,0,0,0,0
2026-09-21T05:58:52.773285+00:00,625242458,SIMULATED,836,3010244,FAULT,2,-0.000000,0.00000,7.4000,0.0000,25.00,25.00,0.00000,0.00000,0,520,0,500,0,0,0,0,20,0,520,0,0,0,0,0,0,0,0,600,600,600,100,100,0.00000,0.00000,9.80665,0.000000,0.00000,-0.00000,0.00000,0.00000,9.80665,0.000000,0.000000,0.000000,2,1,0,1,1,1,0,0,0,0
2026-09-21T05:58:52.773321+00:00,625278333,SIMULATED,837,3012648,FAULT,2,-0.000000,0.00000,7.4000,0.0000,25.00,25.00,0.00000,0.00000,0,520,0,500,0,0,0,0,20,0,520,0,0,0,0,0,0,0,0,600,600,600,100,100,0.00000,0.00000,9.80665,0.000000,0.00000,-0.00000,0.00000,0.00000,9.80665,0.000000,0.000000,0.000000,2,1,0,1,1,1,0,0,0,0
2026-09-21T05:58:52.773360+00:00,625317708,SIMULATED,838,3015052,FAULT,2,-0.000000,0.00000,7.4000,0.0000,25.00,25.00,0.00000,0.00000,0,520,0,500,0,0,0,0,20,0,520,0,0,0,0,0,0,0,0,600,600,600,100,100,0.00000,0.00000,9.80665,0.000000,0.00000,-0.00000,0.00000,0.00000,9.80665,0.000000,0.000000,0.000000,2,1,0,1,1,1,0,0,0,0
2026-09-21T05:58:52.773397+00:00,625354916,SIMULATED,839,3017456,FAULT,2,-0.000000,0.00000,7.4000,0.0000,25.00,25.00,0.00000,0.00000,0,520,0,500,0,0,0,0,20,0,520,0,0,0,0,0,0,0,0,600,600,600,100,100,0.00000,0.00000,9.80665,0.000000,0.00000,-0.00000,0.00000,0.00000,9.80665,0.000000,0.000000,0.000000,2,1,0,1,1,1,0,0,0,0
2026-09-21T05:58:52.773438+00:00,625395500,SIMULATED,840,3019860,FAULT,2,-0.000000,0.00000,7.4000,0.0000,25.00,25.00,0.00000,0.00000,0,520,0,500,0,0,0,0,20,0,520,0,0,0,0,0,0,0,0,600,600,600,100,100,0.00000,0.00000,9.80665,0.000000,0.00000,-0.00000,0.00000,0.00000,9.80665,0.000000,0.000000,0.000000,2,1,0,1,1,1,0,0,0,0
2026-09-21T05:58:52.773478+00:00,625436041,SIMULATED,841,3022264,FAULT,2,-0.000000,0.00000,7.4000,0.0000,25.00,25.00,0.00000,0.00000,0,520,0,500,0,0,0,0,20,0,520,0,0,0,0,0,0,0,0,600,600,600,100,100,0.00000,0.00000,9.80665,0.000000,0.00000,-0.00000,0.00000,0.00000,9.80665,0.000000,0.000000,0.000000,2,1,0,1,1,1,0,0,0,0
2026-09-21T05:58:52.773513+00:00,625470916,SIMULATED,842,3024668,FAULT,2,-0.000000,0.00000,7.4000,0.0000,25.00,25.00,0.00000,0.00000,0,520,0,500,0,0,0,0,20,0,520,0,0,0,0,0,0,0,0,600,600,600,100,100,0.00000,0.00000,9.80665,0.000000,0.00000,-0.00000,0.00000,0.00000,9.80665,0.000000,0.000000,0.000000,2,1,0,1,1,1,0,0,0,0
2026-09-21T05:58:52.773552+00:00,625509583,SIMULATED,843,3027072,FAULT,2,-0.000000,0.00000,7.4000,0.0000,25.00,25.00,0.00000,0.00000,0,520,0,500,0,0,0,0,20,0,520,0,0,0,0,0,0,0,0,600,600,600,100,100,0.00000,0.00000,9.80665,0.000000,0.00000,-0.00000,0.00000,0.00000,9.80665,0.000000,0.000000,0.000000,2,1,0,1,1,1,0,0,0,0
2026-09-21T05:58:52.773590+00:00,625547666,SIMULATED,844,3029476,FAULT,2,-0.000000,0.00000,7.4000,0.0000,25.00,25.00,0.00000,0.00000,0,520,0,500,0,0,0,0,20,0,520,0,0,0,0,0,0,0,0,600,600,600,100,100,0.00000,0.00000,9.80665,0.000000,0.00000,-0.00000,0.00000,0.00000,9.80665,0.000000,0.000000,0.000000,2,1,0,1,1,1,0,0,0,0
2026-09-21T05:58:52.773630+00:00,625587625,SIMULATED,845,3031880,FAULT,2,-0.000000,0.00000,7.4000,0.0000,25.00,25.00,0.00000,0.00000,0,520,0,500,0,0,0,0,20,0,520,0,0,0,0,0,0,0,0,600,600,600,100,100,0.00000,0.00000,9.80665,0.000000,0.00000,-0.00000,0.00000,0.00000,9.80665,0.000000,0.000000,0.000000,2,1,0,1,1,1,0,0,0,0
2026-09-21T05:58:52.773667+00:00,625624708,SIMULATED,846,3034284,FAULT,2,-0.000000,0.00000,7.4000,0.0000,25.00,25.00,0.00000,0.00000,0,520,0,500,0,0,0,0,20,0,520,0,0,0,0,0,0,0,0,600,600,600,100,100,0.00000,0.00000,9.80665,0.000000,0.00000,-0.00000,0.00000,0.00000,9.80665,0.000000,0.000000,0.000000,2,1,0,1,1,1,0,0,0,0
2026-09-21T05:58:52.773707+00:00,625664541,SIMULATED,847,3036688,FAULT,2,-0.000000,0.00000,7.4000,0.0000,25.00,25.00,0.00000,0.00000,0,520,0,500,0,0,0,0,20,0,520,0,0,0,0,0,0,0,0,600,600,600,100,100,0.00000,0.00000,9.80665,0.000000,0.00000,-0.00000,0.00000,0.00000,9.80665,0.000000,0.000000,0.000000,2,1,0,1,1,1,0,0,0,0
2026-09-21T05:58:52.773741+00:00,625699083,SIMULATED,848,3039092,FAULT,2,-0.000000,0.00000,7.4000,0.0000,25.00,25.00,0.00000,0.00000,0,520,0,500,0,0,0,0,20,0,520,0,0,0,0,0,0,0,0,600,600,600,100,100,0.00000,0.00000,9.80665,0.000000,0.00000,-0.00000,0.00000,0.00000,9.80665,0.000000,0.000000,0.000000,2,1,0,1,1,1,0,0,0,0
2026-09-21T05:58:52.773782+00:00,625739250,SIMULATED,849,3041496,FAULT,2,-0.000000,0.00000,7.4000,0.0000,25.00,25.00,0.00000,0.00000,0,520,0,500,0,0,0,0,20,0,520,0,0,0,0,0,0,0,0,600,600,600,100,100,0.00000,0.00000,9.80665,0.000000,0.00000,-0.00000,0.00000,0.00000,9.80665,0.000000,0.000000,0.000000,2,1,0,1,1,1,0,0,0,0
2026-09-21T05:58:52.773816+00:00,625773375,SIMULATED,850,3043900,FAULT,2,-0.000000,0.00000,7.4000,0.0000,25.00,25.00,0.00000,0.00000,0,520,0,500,0,0,0,0,20,0,520,0,0,0,0,0,0,0,0,600,600,600,100,100,0.00000,0.00000,9.80665,0.000000,0.00000,-0.00000,0.00000,0.00000,9.80665,0.000000,0.000000,0.000000,2,1,0,1,1,1,0,0,0,0
2026-09-21T05:58:52.773851+00:00,625808375,SIMULATED,851,3046304,FAULT,2,-0.000000,0.00000,7.4000,0.0000,25.00,25.00,0.00000,0.00000,0,520,0,500,0,0,0,0,20,0,520,0,0,0,0,0,0,0,0,600,600,600,100,100,0.00000,0.00000,9.80665,0.000000,0.00000,-0.00000,0.00000,0.00000,9.80665,0.000000,0.000000,0.000000,2,1,0,1,1,1,0,0,0,0
2026-09-21T05:58:52.773886+00:00,625843833,SIMULATED,852,3048708,FAULT,2,-0.000000,0.00000,7.4000,0.0000,25.00,25.00,0.00000,0.00000,0,520,0,500,0,0,0,0,20,0,520,0,0,0,0,0,0,0,0,600,600,600,100,100,0.00000,0.00000,9.80665,0.000000,0.00000,-0.00000,0.00000,0.00000,9.80665,0.000000,0.000000,0.000000,2,1,0,1,1,1,0,0,0,0
2026-09-21T05:58:52.773923+00:00,625880791,SIMULATED,853,3051112,FAULT,2,-0.000000,0.00000,7.4000,0.0000,25.00,25.00,0.00000,0.00000,0,520,0,500,0,0,0,0,20,0,520,0,0,0,0,0,0,0,0,600,600,600,100,100,0.00000,0.00000,9.80665,0.000000,0.00000,-0.00000,0.00000,0.00000,9.80665,0.000000,0.000000,0.000000,2,1,0,1,1,1,0,0,0,0
2026-09-21T05:58:52.773959+00:00,625917250,SIMULATED,854,3053516,FAULT,2,-0.000000,0.00000,7.4000,0.0000,25.00,25.00,0.00000,0.00000,0,520,0,500,0,0,0,0,20,0,520,0,0,0,0,0,0,0,0,600,600,600,100,100,0.00000,0.00000,9.80665,0.000000,0.00000,-0.00000,0.00000,0.00000,9.80665,0.000000,0.000000,0.000000,2,1,0,1,1,1,0,0,0,0
2026-09-21T05:58:52.774108+00:00,626069625,SIMULATED,855,3055920,FAULT,2,-0.000000,0.00000,7.4000,0.0000,25.00,25.00,0.00000,0.00000,0,520,0,500,0,0,0,0,20,0,520,0,0,0,0,0,0,0,0,600,600,600,100,100,0.00000,0.00000,9.80665,0.000000,0.00000,-0.00000,0.00000,0.00000,9.80665,0.000000,0.000000,0.000000,2,1,0,1,1,1,0,0,0,0
2026-09-21T05:58:52.774166+00:00,626124375,SIMULATED,856,3058324,FAULT,2,-0.000000,0.00000,7.4000,0.0000,25.00,25.00,0.00000,0.00000,0,520,0,500,0,0,0,0,20,0,520,0,0,0,0,0,0,0,0,600,600,600,100,100,0.00000,0.00000,9.80665,0.000000,0.00000,-0.00000,0.00000,0.00000,9.80665,0.000000,0.000000,0.000000,2,1,0,1,1,1,0,0,0,0
2026-09-21T05:58:52.774209+00:00,626166916,SIMULATED,857,3060728,FAULT,2,-0.000000,0.00000,7.4000,0.0000,25.00,25.00,0.00000,0.00000,0,520,0,500,0,0,0,0,20,0,520,0,0,0,0,0,0,0,0,600,600,600,100,100,0.00000,0.00000,9.80665,0.000000,0.00000,-0.00000,0.00000,0.00000,9.80665,0.000000,0.000000,0.000000,2,1,0,1,1,1,0,0,0,0
2026-09-21T05:58:52.774248+00:00,626206291,SIMULATED,858,3063132,FAULT,2,-0.000000,0.00000,7.4000,0.0000,25.00,25.00,0.00000,0.00000,0,520,0,500,0,0,0,0,20,0,520,0,0,0,0,0,0,0,0,600,600,600,100,100,0.00000,0.00000,9.80665,0.000000,0.00000,-0.00000,0.00000,0.00000,9.80665,0.000000,0.000000,0.000000,2,1,0,1,1,1,0,0,0,0
2026-09-21T05:58:52.774289+00:00,626247041,SIMULATED,859,3065536,FAULT,2,-0.000000,0.00000,7.4000,0.0000,25.00,25.00,0.00000,0.00000,0,520,0,500,0,0,0,0,20,0,520,0,0,0,0,0,0,0,0,600,600,600,100,100,0.00000,0.00000,9.80665,0.000000,0.00000,-0.00000,0.00000,0.00000,9.80665,0.000000,0.000000,0.000000,2,1,0,1,1,1,0,0,0,0
2026-09-21T05:58:52.774327+00:00,626284791,SIMULATED,860,3067940,FAULT,2,-0.000000,0.00000,7.4000,0.0000,25.00,25.00,0.00000,0.00000,0,520,0,500,0,0,0,0,20,0,520,0,0,0,0,0,0,0,0,600,600,600,100,100,0.00000,0.00000,9.80665,0.000000,0.00000,-0.00000,0.00000,0.00000,9.80665,0.000000,0.000000,0.000000,2,1,0,1,1,1,0,0,0,0
2026-09-21T05:58:52.774366+00:00,626323416,SIMULATED,861,3070344,FAULT,2,-0.000000,0.00000,7.4000,0.0000,25.00,25.00,0.00000,0.00000,0,520,0,500,0,0,0,0,20,0,520,0,0,0,0,0,0,0,0,600,600,600,100,100,0.00000,0.00000,9.80665,0.000000,0.00000,-0.00000,0.00000,0.00000,9.80665,0.000000,0.000000,0.000000,2,1,0,1,1,1,0,0,0,0
2026-09-21T05:58:52.774404+00:00,626361875,SIMULATED,862,3072748,FAULT,2,-0.000000,0.00000,7.4000,0.0000,25.00,25.00,0.00000,0.00000,0,520,0,500,0,0,0,0,20,0,520,0,0,0,0,0,0,0,0,600,600,600,100,100,0.00000,0.00000,9.80665,0.000000,0.00000,-0.00000,0.00000,0.00000,9.80665,0.000000,0.000000,0.000000,2,1,0,1,1,1,0,0,0,0
2026-09-21T05:58:52.774440+00:00,626398208,SIMULATED,863,3075152,FAULT,2,-0.000000,0.00000,7.4000,0.0000,25.00,25.00,0.00000,0.00000,0,520,0,500,0,0,0,0,20,0,520,0,0,0,0,0,0,0,0,600,600,600,100,100,0.00000,0.00000,9.80665,0.000000,0.00000,-0.00000,0.00000,0.00000,9.80665,0.000000,0.000000,0.000000,2,1,0,1,1,1,0,0,0,0
2026-09-21T05:58:52.774476+00:00,626434000,SIMULATED,864,3077556,FAULT,2,-0.000000,0.00000,7.4000,0.0000,25.00,25.00,0.00000,0.00000,0,520,0,500,0,0,0,0,20,0,520,0,0,0,0,0,0,0,0,600,600,600,100,100,0.00000,0.00000,9.80665,0.000000,0.00000,-0.00000,0.00000,0.00000,9.80665,0.000000,0.000000,0.000000,2,1,0,1,1,1,0,0,0,0
2026-09-21T05:58:52.774516+00:00,626474208,SIMULATED,865,3079960,FAULT,2,-0.000000,0.00000,7.4000,0.0000,25.00,25.00,0.00000,0.00000,0,520,0,500,0,0,0,0,20,0,520,0,0,0,0,0,0,0,0,600,600,600,100,100,0.00000,0.00000,9.80665,0.000000,0.00000,-0.00000,0.00000,0.00000,9.80665,0.000000,0.000000,0.000000,2,1,0,1,1,1,0,0,0,0
2026-09-21T05:58:52.774556+00:00,626513625,SIMULATED,866,3082364,FAULT,2,-0.000000,0.00000,7.4000,0.0000,25.00,25.00,0.00000,0.00000,0,520,0,500,0,0,0,0,20,0,520,0,0,0,0,0,0,0,0,600,600,600,100,100,0.00000,0.00000,9.80665,0.000000,0.00000,-0.00000,0.00000,0.00000,9.80665,0.000000,0.000000,0.000000,2,1,0,1,1,1,0,0,0,0
2026-09-21T05:58:52.774593+00:00,626551041,SIMULATED,867,3084768,FAULT,2,-0.000000,0.00000,7.4000,0.0000,25.00,25.00,0.00000,0.00000,0,520,0,500,0,0,0,0,20,0,520,0,0,0,0,0,0,0,0,600,600,600,100,100,0.00000,0.00000,9.80665,0.000000,0.00000,-0.00000,0.00000,0.00000,9.80665,0.000000,0.000000,0.000000,2,1,0,1,1,1,0,0,0,0
2026-09-21T05:58:52.774629+00:00,626586500,SIMULATED,868,3087172,FAULT,2,-0.000000,0.00000,7.4000,0.0000,25.00,25.00,0.00000,0.00000,0,520,0,500,0,0,0,0,20,0,520,0,0,0,0,0,0,0,0,600,600,600,100,100,0.00000,0.00000,9.80665,0.000000,0.00000,-0.00000,0.00000,0.00000,9.80665,0.000000,0.000000,0.000000,2,1,0,1,1,1,0,0,0,0
2026-09-21T05:58:52.774669+00:00,626626875,SIMULATED,869,3089576,FAULT,2,-0.000000,0.00000,7.4000,0.0000,25.00,25.00,0.00000,0.00000,0,520,0,500,0,0,0,0,20,0,520,0,0,0,0,0,0,0,0,600,600,600,100,100,0.00000,0.00000,9.80665,0.000000,0.00000,-0.00000,0.00000,0.00000,9.80665,0.000000,0.000000,0.000000,2,1,0,1,1,1,0,0,0,0
2026-09-21T05:58:52.774705+00:00,626662375,SIMULATED,870,3091980,FAULT,2,-0.000000,0.00000,7.4000,0.0000,25.00,25.00,0.00000,0.00000,0,520,0,500,0,0,0,0,20,0,520,0,0,0,0,0,0,0,0,600,600,600,100,100,0.00000,0.00000,9.80665,0.000000,0.00000,-0.00000,0.00000,0.00000,9.80665,0.000000,0.000000,0.000000,2,1,0,1,1,1,0,0,0,0
2026-09-21T05:58:52.774740+00:00,626697500,SIMULATED,871,3094384,FAULT,2,-0.000000,0.00000,7.4000,0.0000,25.00,25.00,0.00000,0.00000,0,520,0,500,0,0,0,0,20,0,520,0,0,0,0,0,0,0,0,600,600,600,100,100,0.00000,0.00000,9.80665,0.000000,0.00000,-0.00000,0.00000,0.00000,9.80665,0.000000,0.000000,0.000000,2,1,0,1,1,1,0,0,0,0
2026-09-21T05:58:52.774775+00:00,626732750,SIMULATED,872,3096788,FAULT,2,-0.000000,0.00000,7.4000,0.0000,25.00,25.00,0.00000,0.00000,0,520,0,500,0,0,0,0,20,0,520,0,0,0,0,0,0,0,0,600,600,600,100,100,0.00000,0.00000,9.80665,0.000000,0.00000,-0.00000,0.00000,0.00000,9.80665,0.000000,0.000000,0.000000,2,1,0,1,1,1,0,0,0,0
2026-09-21T05:58:52.774812+00:00,626769875,SIMULATED,873,3099192,FAULT,2,-0.000000,0.00000,7.4000,0.0000,25.00,25.00,0.00000,0.00000,0,520,0,500,0,0,0,0,20,0,520,0,0,0,0,0,0,0,0,600,600,600,100,100,0.00000,0.00000,9.80665,0.000000,0.00000,-0.00000,0.00000,0.00000,9.80665,0.000000,0.000000,0.000000,2,1,0,1,1,1,0,0,0,0
2026-09-21T05:58:52.774848+00:00,626805166,SIMULATED,874,3101596,FAULT,2,-0.000000,0.00000,7.4000,0.0000,25.00,25.00,0.00000,0.00000,0,520,0,500,0,0,0,0,20,0,520,0,0,0,0,0,0,0,0,600,600,600,100,100,0.00000,0.00000,9.80665,0.000000,0.00000,-0.00000,0.00000,0.00000,9.80665,0.000000,0.000000,0.000000,2,1,0,1,1,1,0,0,0,0
2026-09-21T05:58:52.774885+00:00,626843083,SIMULATED,875,3104000,FAULT,2,-0.000000,0.00000,7.4000,0.0000,25.00,25.00,0.00000,0.00000,0,520,0,500,0,0,0,0,20,0,520,0,0,0,0,0,0,0,0,600,600,600,100,100,0.00000,0.00000,9.80665,0.000000,0.00000,-0.00000,0.00000,0.00000,9.80665,0.000000,0.000000,0.000000,2,1,0,1,1,1,0,0,0,0
2026-09-21T05:58:52.774921+00:00,626878458,SIMULATED,876,3106404,FAULT,2,-0.000000,0.00000,7.4000,0.0000,25.00,25.00,0.00000,0.00000,0,520,0,500,0,0,0,0,20,0,520,0,0,0,0,0,0,0,0,600,600,600,100,100,0.00000,0.00000,9.80665,0.000000,0.00000,-0.00000,0.00000,0.00000,9.80665,0.000000,0.000000,0.000000,2,1,0,1,1,1,0,0,0,0
2026-09-21T05:58:52.774955+00:00,626913083,SIMULATED,877,3108808,FAULT,2,-0.000000,0.00000,7.4000,0.0000,25.00,25.00,0.00000,0.00000,0,520,0,500,0,0,0,0,20,0,520,0,0,0,0,0,0,0,0,600,600,600,100,100,0.00000,0.00000,9.80665,0.000000,0.00000,-0.00000,0.00000,0.00000,9.80665,0.000000,0.000000,0.000000,2,1,0,1,1,1,0,0,0,0
2026-09-21T05:58:52.774992+00:00,626950041,SIMULATED,878,3111212,FAULT,2,-0.000000,0.00000,7.4000,0.0000,25.00,25.00,0.00000,0.00000,0,520,0,500,0,0,0,0,20,0,520,0,0,0,0,0,0,0,0,600,600,600,100,100,0.00000,0.00000,9.80665,0.000000,0.00000,-0.00000,0.00000,0.00000,9.80665,0.000000,0.000000,0.000000,2,1,0,1,1,1,0,0,0,0
2026-09-21T05:58:52.775028+00:00,626986250,SIMULATED,879,3113616,FAULT,2,-0.000000,0.00000,7.4000,0.0000,25.00,25.00,0.00000,0.00000,0,520,0,500,0,0,0,0,20,0,520,0,0,0,0,0,0,0,0,600,600,600,100,100,0.00000,0.00000,9.80665,0.000000,0.00000,-0.00000,0.00000,0.00000,9.80665,0.000000,0.000000,0.000000,2,1,0,1,1,1,0,0,0,0
2026-09-21T05:58:52.775063+00:00,627020875,SIMULATED,880,3116020,FAULT,2,-0.000000,0.00000,7.4000,0.0000,25.00,25.00,0.00000,0.00000,0,520,0,500,0,0,0,0,20,0,520,0,0,0,0,0,0,0,0,600,600,600,100,100,0.00000,0.00000,9.80665,0.000000,0.00000,-0.00000,0.00000,0.00000,9.80665,0.000000,0.000000,0.000000,2,1,0,1,1,1,0,0,0,0
2026-09-21T05:58:52.775098+00:00,627055708,SIMULATED,881,3118424,FAULT,2,-0.000000,0.00000,7.4000,0.0000,25.00,25.00,0.00000,0.00000,0,520,0,500,0,0,0,0,20,0,520,0,0,0,0,0,0,0,0,600,600,600,100,100,0.00000,0.00000,9.80665,0.000000,0.00000,-0.00000,0.00000,0.00000,9.80665,0.000000,0.000000,0.000000,2,1,0,1,1,1,0,0,0,0
2026-09-21T05:58:52.775133+00:00,627090750,SIMULATED,882,3120828,FAULT,2,-0.000000,0.00000,7.4000,0.0000,25.00,25.00,0.00000,0.00000,0,520,0,500,0,0,0,0,20,0,520,0,0,0,0,0,0,0,0,600,600,600,100,100,0.00000,0.00000,9.80665,0.000000,0.00000,-0.00000,0.00000,0.00000,9.80665,0.000000,0.000000,0.000000,2,1,0,1,1,1,0,0,0,0
2026-09-21T05:58:52.775168+00:00,627125791,SIMULATED,883,3123232,FAULT,2,-0.000000,0.00000,7.4000,0.0000,25.00,25.00,0.00000,0.00000,0,520,0,500,0,0,0,0,20,0,520,0,0,0,0,0,0,0,0,600,600,600,100,100,0.00000,0.00000,9.80665,0.000000,0.00000,-0.00000,0.00000,0.00000,9.80665,0.000000,0.000000,0.000000,2,1,0,1,1,1,0,0,0,0
2026-09-21T05:58:52.775203+00:00,627160958,SIMULATED,884,3125636,FAULT,2,-0.000000,0.00000,7.4000,0.0000,25.00,25.00,0.00000,0.00000,0,520,0,500,0,0,0,0,20,0,520,0,0,0,0,0,0,0,0,600,600,600,100,100,0.00000,0.00000,9.80665,0.000000,0.00000,-0.00000,0.00000,0.00000,9.80665,0.000000,0.000000,0.000000,2,1,0,1,1,1,0,0,0,0
2026-09-21T05:58:52.775242+00:00,627199791,SIMULATED,885,3128040,FAULT,2,-0.000000,0.00000,7.4000,0.0000,25.00,25.00,0.00000,0.00000,0,520,0,500,0,0,0,0,20,0,520,0,0,0,0,0,0,0,0,600,600,600,100,100,0.00000,0.00000,9.80665,0.000000,0.00000,-0.00000,0.00000,0.00000,9.80665,0.000000,0.000000,0.000000,2,1,0,1,1,1,0,0,0,0
2026-09-21T05:58:52.775278+00:00,627235791,SIMULATED,886,3130444,FAULT,2,-0.000000,0.00000,7.4000,0.0000,25.00,25.00,0.00000,0.00000,0,520,0,500,0,0,0,0,20,0,520,0,0,0,0,0,0,0,0,600,600,600,100,100,0.00000,0.00000,9.80665,0.000000,0.00000,-0.00000,0.00000,0.00000,9.80665,0.000000,0.000000,0.000000,2,1,0,1,1,1,0,0,0,0
2026-09-21T05:58:52.775313+00:00,627270625,SIMULATED,887,3132848,FAULT,2,-0.000000,0.00000,7.4000,0.0000,25.00,25.00,0.00000,0.00000,0,520,0,500,0,0,0,0,20,0,520,0,0,0,0,0,0,0,0,600,600,600,100,100,0.00000,0.00000,9.80665,0.000000,0.00000,-0.00000,0.00000,0.00000,9.80665,0.000000,0.000000,0.000000,2,1,0,1,1,1,0,0,0,0
2026-09-21T05:58:52.775348+00:00,627305458,SIMULATED,888,3135252,FAULT,2,-0.000000,0.00000,7.4000,0.0000,25.00,25.00,0.00000,0.00000,0,520,0,500,0,0,0,0,20,0,520,0,0,0,0,0,0,0,0,600,600,600,100,100,0.00000,0.00000,9.80665,0.000000,0.00000,-0.00000,0.00000,0.00000,9.80665,0.000000,0.000000,0.000000,2,1,0,1,1,1,0,0,0,0
2026-09-21T05:58:52.775383+00:00,627340416,SIMULATED,889,3137656,FAULT,2,-0.000000,0.00000,7.4000,0.0000,25.00,25.00,0.00000,0.00000,0,520,0,500,0,0,0,0,20,0,520,0,0,0,0,0,0,0,0,600,600,600,100,100,0.00000,0.00000,9.80665,0.000000,0.00000,-0.00000,0.00000,0.00000,9.80665,0.000000,0.000000,0.000000,2,1,0,1,1,1,0,0,0,0
2026-09-21T05:58:52.775417+00:00,627374875,SIMULATED,890,3140060,FAULT,2,-0.000000,0.00000,7.4000,0.0000,25.00,25.00,0.00000,0.00000,0,520,0,500,0,0,0,0,20,0,520,0,0,0,0,0,0,0,0,600,600,600,100,100,0.00000,0.00000,9.80665,0.000000,0.00000,-0.00000,0.00000,0.00000,9.80665,0.000000,0.000000,0.000000,2,1,0,1,1,1,0,0,0,0
2026-09-21T05:58:52.775455+00:00,627413166,SIMULATED,891,3142464,FAULT,2,-0.000000,0.00000,7.4000,0.0000,25.00,25.00,0.00000,0.00000,0,520,0,500,0,0,0,0,20,0,520,0,0,0,0,0,0,0,0,600,600,600,100,100,0.00000,0.00000,9.80665,0.000000,0.00000,-0.00000,0.00000,0.00000,9.80665,0.000000,0.000000,0.000000,2,1,0,1,1,1,0,0,0,0
2026-09-21T05:58:52.775491+00:00,627448125,SIMULATED,892,3144868,FAULT,2,-0.000000,0.00000,7.4000,0.0000,25.00,25.00,0.00000,0.00000,0,520,0,500,0,0,0,0,20,0,520,0,0,0,0,0,0,0,0,600,600,600,100,100,0.00000,0.00000,9.80665,0.000000,0.00000,-0.00000,0.00000,0.00000,9.80665,0.000000,0.000000,0.000000,2,1,0,1,1,1,0,0,0,0
2026-09-21T05:58:52.775525+00:00,627482541,SIMULATED,893,3147272,FAULT,2,-0.000000,0.00000,7.4000,0.0000,25.00,25.00,0.00000,0.00000,0,520,0,500,0,0,0,0,20,0,520,0,0,0,0,0,0,0,0,600,600,600,100,100,0.00000,0.00000,9.80665,0.000000,0.00000,-0.00000,0.00000,0.00000,9.80665,0.000000,0.000000,0.000000,2,1,0,1,1,1,0,0,0,0
2026-09-21T05:58:52.775560+00:00,627517500,SIMULATED,894,3149676,FAULT,2,-0.000000,0.00000,7.4000,0.0000,25.00,25.00,0.00000,0.00000,0,520,0,500,0,0,0,0,20,0,520,0,0,0,0,0,0,0,0,600,600,600,100,100,0.00000,0.00000,9.80665,0.000000,0.00000,-0.00000,0.00000,0.00000,9.80665,0.000000,0.000000,0.000000,2,1,0,1,1,1,0,0,0,0
2026-09-21T05:58:52.775597+00:00,627554291,SIMULATED,895,3152080,FAULT,2,-0.000000,0.00000,7.4000,0.0000,25.00,25.00,0.00000,0.00000,0,520,0,500,0,0,0,0,20,0,520,0,0,0,0,0,0,0,0,600,600,600,100,100,0.00000,0.00000,9.80665,0.000000,0.00000,-0.00000,0.00000,0.00000,9.80665,0.000000,0.000000,0.000000,2,1,0,1,1,1,0,0,0,0
2026-09-21T05:58:52.775631+00:00,627589041,SIMULATED,896,3154484,FAULT,2,-0.000000,0.00000,7.4000,0.0000,25.00,25.00,0.00000,0.00000,0,520,0,500,0,0,0,0,20,0,520,0,0,0,0,0,0,0,0,600,600,600,100,100,0.00000,0.00000,9.80665,0.000000,0.00000,-0.00000,0.00000,0.00000,9.80665,0.000000,0.000000,0.000000,2,1,0,1,1,1,0,0,0,0
2026-09-21T05:58:52.775667+00:00,627624958,SIMULATED,897,3156888,FAULT,2,-0.000000,0.00000,7.4000,0.0000,25.00,25.00,0.00000,0.00000,0,520,0,500,0,0,0,0,20,0,520,0,0,0,0,0,0,0,0,600,600,600,100,100,0.00000,0.00000,9.80665,0.000000,0.00000,-0.00000,0.00000,0.00000,9.80665,0.000000,0.000000,0.000000,2,1,0,1,1,1,0,0,0,0
2026-09-21T05:58:52.775702+00:00,627659458,SIMULATED,898,3159292,FAULT,2,-0.000000,0.00000,7.4000,0.0000,25.00,25.00,0.00000,0.00000,0,520,0,500,0,0,0,0,20,0,520,0,0,0,0,0,0,0,0,600,600,600,100,100,0.00000,0.00000,9.80665,0.000000,0.00000,-0.00000,0.00000,0.00000,9.80665,0.000000,0.000000,0.000000,2,1,0,1,1,1,0,0,0,0
2026-09-21T05:58:52.775739+00:00,627696875,SIMULATED,899,3161696,FAULT,2,-0.000000,0.00000,7.4000,0.0000,25.00,25.00,0.00000,0.00000,0,520,0,500,0,0,0,0,20,0,520,0,0,0,0,0,0,0,0,600,600,600,100,100,0.00000,0.00000,9.80665,0.000000,0.00000,-0.00000,0.00000,0.00000,9.80665,0.000000,0.000000,0.000000,2,1,0,1,1,1,0,0,0,0
2026-09-21T05:58:52.775774+00:00,627732041,SIMULATED,900,3164100,FAULT,2,-0.000000,0.00000,7.4000,0.0000,25.00,25.00,0.00000,0.00000,0,520,0,500,0,0,0,0,20,0,520,0,0,0,0,0,0,0,0,600,600,600,100,100,0.00000,0.00000,9.80665,0.000000,0.00000,-0.00000,0.00000,0.00000,9.80665,0.000000,0.000000,0.000000,2,1,0,1,1,1,0,0,0,0
2026-09-21T05:58:52.775809+00:00,627766666,SIMULATED,901,3166504,FAULT,2,-0.000000,0.00000,7.4000,0.0000,25.00,25.00,0.00000,0.00000,0,520,0,500,0,0,0,0,20,0,520,0,0,0,0,0,0,0,0,600,600,600,100,100,0.00000,0.00000,9.80665,0.000000,0.00000,-0.00000,0.00000,0.00000,9.80665,0.000000,0.000000,0.000000,2,1,0,1,1,1,0,0,0,0
2026-09-21T05:58:52.775844+00:00,627801250,SIMULATED,902,3168908,FAULT,2,-0.000000,0.00000,7.4000,0.0000,25.00,25.00,0.00000,0.00000,0,520,0,500,0,0,0,0,20,0,520,0,0,0,0,0,0,0,0,600,600,600,100,100,0.00000,0.00000,9.80665,0.000000,0.00000,-0.00000,0.00000,0.00000,9.80665,0.000000,0.000000,0.000000,2,1,0,1,1,1,0,0,0,0
2026-09-21T05:58:52.775880+00:00,627837166,SIMULATED,903,3171312,FAULT,2,-0.000000,0.00000,7.4000,0.0000,25.00,25.00,0.00000,0.00000,0,520,0,500,0,0,0,0,20,0,520,0,0,0,0,0,0,0,0,600,600,600,100,100,0.00000,0.00000,9.80665,0.000000,0.00000,-0.00000,0.00000,0.00000,9.80665,0.000000,0.000000,0.000000,2,1,0,1,1,1,0,0,0,0
2026-09-21T05:58:52.775918+00:00,627875541,SIMULATED,904,3173716,FAULT,2,-0.000000,0.00000,7.4000,0.0000,25.00,25.00,0.00000,0.00000,0,520,0,500,0,0,0,0,20,0,520,0,0,0,0,0,0,0,0,600,600,600,100,100,0.00000,0.00000,9.80665,0.000000,0.00000,-0.00000,0.00000,0.00000,9.80665,0.000000,0.000000,0.000000,2,1,0,1,1,1,0,0,0,0
2026-09-21T05:58:52.775955+00:00,627912750,SIMULATED,905,3176120,FAULT,2,-0.000000,0.00000,7.4000,0.0000,25.00,25.00,0.00000,0.00000,0,520,0,500,0,0,0,0,20,0,520,0,0,0,0,0,0,0,0,600,600,600,100,100,0.00000,0.00000,9.80665,0.000000,0.00000,-0.00000,0.00000,0.00000,9.80665,0.000000,0.000000,0.000000,2,1,0,1,1,1,0,0,0,0
2026-09-21T05:58:52.775990+00:00,627947541,SIMULATED,906,3178524,FAULT,2,-0.000000,0.00000,7.4000,0.0000,25.00,25.00,0.00000,0.00000,0,520,0,500,0,0,0,0,20,0,520,0,0,0,0,0,0,0,0,600,600,600,100,100,0.00000,0.00000,9.80665,0.000000,0.00000,-0.00000,0.00000,0.00000,9.80665,0.000000,0.000000,0.000000,2,1,0,1,1,1,0,0,0,0
2026-09-21T05:58:52.776025+00:00,627982291,SIMULATED,907,3180928,FAULT,2,-0.000000,0.00000,7.4000,0.0000,25.00,25.00,0.00000,0.00000,0,520,0,500,0,0,0,0,20,0,520,0,0,0,0,0,0,0,0,600,600,600,100,100,0.00000,0.00000,9.80665,0.000000,0.00000,-0.00000,0.00000,0.00000,9.80665,0.000000,0.000000,0.000000,2,1,0,1,1,1,0,0,0,0
2026-09-21T05:58:52.776059+00:00,628017083,SIMULATED,908,3183332,FAULT,2,-0.000000,0.00000,7.4000,0.0000,25.00,25.00,0.00000,0.00000,0,520,0,500,0,0,0,0,20,0,520,0,0,0,0,0,0,0,0,600,600,600,100,100,0.00000,0.00000,9.80665,0.000000,0.00000,-0.00000,0.00000,0.00000,9.80665,0.000000,0.000000,0.000000,2,1,0,1,1,1,0,0,0,0
2026-09-21T05:58:52.776096+00:00,628053250,SIMULATED,909,3185736,FAULT,2,-0.000000,0.00000,7.4000,0.0000,25.00,25.00,0.00000,0.00000,0,520,0,500,0,0,0,0,20,0,520,0,0,0,0,0,0,0,0,600,600,600,100,100,0.00000,0.00000,9.80665,0.000000,0.00000,-0.00000,0.00000,0.00000,9.80665,0.000000,0.000000,0.000000,2,1,0,1,1,1,0,0,0,0
2026-09-21T05:58:52.776130+00:00,628087791,SIMULATED,910,3188140,FAULT,2,-0.000000,0.00000,7.4000,0.0000,25.00,25.00,0.00000,0.00000,0,520,0,500,0,0,0,0,20,0,520,0,0,0,0,0,0,0,0,600,600,600,100,100,0.00000,0.00000,9.80665,0.000000,0.00000,-0.00000,0.00000,0.00000,9.80665,0.000000,0.000000,0.000000,2,1,0,1,1,1,0,0,0,0
2026-09-21T05:58:52.776165+00:00,628122583,SIMULATED,911,3190544,FAULT,2,-0.000000,0.00000,7.4000,0.0000,25.00,25.00,0.00000,0.00000,0,520,0,500,0,0,0,0,20,0,520,0,0,0,0,0,0,0,0,600,600,600,100,100,0.00000,0.00000,9.80665,0.000000,0.00000,-0.00000,0.00000,0.00000,9.80665,0.000000,0.000000,0.000000,2,1,0,1,1,1,0,0,0,0
2026-09-21T05:58:52.776200+00:00,628157166,SIMULATED,912,3192948,FAULT,2,-0.000000,0.00000,7.4000,0.0000,25.00,25.00,0.00000,0.00000,0,520,0,500,0,0,0,0,20,0,520,0,0,0,0,0,0,0,0,600,600,600,100,100,0.00000,0.00000,9.80665,0.000000,0.00000,-0.00000,0.00000,0.00000,9.80665,0.000000,0.000000,0.000000,2,1,0,1,1,1,0,0,0,0
2026-09-21T05:58:52.776236+00:00,628193958,SIMULATED,913,3195352,FAULT,2,-0.000000,0.00000,7.4000,0.0000,25.00,25.00,0.00000,0.00000,0,520,0,500,0,0,0,0,20,0,520,0,0,0,0,0,0,0,0,600,600,600,100,100,0.00000,0.00000,9.80665,0.000000,0.00000,-0.00000,0.00000,0.00000,9.80665,0.000000,0.000000,0.000000,2,1,0,1,1,1,0,0,0,0
2026-09-21T05:58:52.776275+00:00,628232541,SIMULATED,914,3197756,FAULT,2,-0.000000,0.00000,7.4000,0.0000,25.00,25.00,0.00000,0.00000,0,520,0,500,0,0,0,0,20,0,520,0,0,0,0,0,0,0,0,600,600,600,100,100,0.00000,0.00000,9.80665,0.000000,0.00000,-0.00000,0.00000,0.00000,9.80665,0.000000,0.000000,0.000000,2,1,0,1,1,1,0,0,0,0
2026-09-21T05:58:52.776312+00:00,628269458,SIMULATED,915,3200160,FAULT,2,-0.000000,0.00000,7.4000,0.0000,25.00,25.00,0.00000,0.00000,0,520,0,500,0,0,0,0,20,0,520,0,0,0,0,0,0,0,0,600,600,600,100,100,0.00000,0.00000,9.80665,0.000000,0.00000,-0.00000,0.00000,0.00000,9.80665,0.000000,0.000000,0.000000,2,1,0,1,1,1,0,0,0,0
2026-09-21T05:58:52.776349+00:00,628306625,SIMULATED,916,3202564,FAULT,2,-0.000000,0.00000,7.4000,0.0000,25.00,25.00,0.00000,0.00000,0,520,0,500,0,0,0,0,20,0,520,0,0,0,0,0,0,0,0,600,600,600,100,100,0.00000,0.00000,9.80665,0.000000,0.00000,-0.00000,0.00000,0.00000,9.80665,0.000000,0.000000,0.000000,2,1,0,1,1,1,0,0,0,0
2026-09-21T05:58:52.776388+00:00,628345750,SIMULATED,917,3204968,FAULT,2,-0.000000,0.00000,7.4000,0.0000,25.00,25.00,0.00000,0.00000,0,520,0,500,0,0,0,0,20,0,520,0,0,0,0,0,0,0,0,600,600,600,100,100,0.00000,0.00000,9.80665,0.000000,0.00000,-0.00000,0.00000,0.00000,9.80665,0.000000,0.000000,0.000000,2,1,0,1,1,1,0,0,0,0
2026-09-21T05:58:52.776425+00:00,628382416,SIMULATED,918,3207372,FAULT,2,-0.000000,0.00000,7.4000,0.0000,25.00,25.00,0.00000,0.00000,0,520,0,500,0,0,0,0,20,0,520,0,0,0,0,0,0,0,0,600,600,600,100,100,0.00000,0.00000,9.80665,0.000000,0.00000,-0.00000,0.00000,0.00000,9.80665,0.000000,0.000000,0.000000,2,1,0,1,1,1,0,0,0,0
2026-09-21T05:58:52.776460+00:00,628417750,SIMULATED,919,3209776,FAULT,2,-0.000000,0.00000,7.4000,0.0000,25.00,25.00,0.00000,0.00000,0,520,0,500,0,0,0,0,20,0,520,0,0,0,0,0,0,0,0,600,600,600,100,100,0.00000,0.00000,9.80665,0.000000,0.00000,-0.00000,0.00000,0.00000,9.80665,0.000000,0.000000,0.000000,2,1,0,1,1,1,0,0,0,0
2026-09-21T05:58:52.776495+00:00,628452833,SIMULATED,920,3212180,FAULT,2,-0.000000,0.00000,7.4000,0.0000,25.00,25.00,0.00000,0.00000,0,520,0,500,0,0,0,0,20,0,520,0,0,0,0,0,0,0,0,600,600,600,100,100,0.00000,0.00000,9.80665,0.000000,0.00000,-0.00000,0.00000,0.00000,9.80665,0.000000,0.000000,0.000000,2,1,0,1,1,1,0,0,0,0
2026-09-21T05:58:52.776532+00:00,628489291,SIMULATED,921,3214584,FAULT,2,-0.000000,0.00000,7.4000,0.0000,25.00,25.00,0.00000,0.00000,0,520,0,500,0,0,0,0,20,0,520,0,0,0,0,0,0,0,0,600,600,600,100,100,0.00000,0.00000,9.80665,0.000000,0.00000,-0.00000,0.00000,0.00000,9.80665,0.000000,0.000000,0.000000,2,1,0,1,1,1,0,0,0,0
2026-09-21T05:58:52.776566+00:00,628524000,SIMULATED,922,3216988,FAULT,2,-0.000000,0.00000,7.4000,0.0000,25.00,25.00,0.00000,0.00000,0,520,0,500,0,0,0,0,20,0,520,0,0,0,0,0,0,0,0,600,600,600,100,100,0.00000,0.00000,9.80665,0.000000,0.00000,-0.00000,0.00000,0.00000,9.80665,0.000000,0.000000,0.000000,2,1,0,1,1,1,0,0,0,0
2026-09-21T05:58:52.776602+00:00,628559458,SIMULATED,923,3219392,FAULT,2,-0.000000,0.00000,7.4000,0.0000,25.00,25.00,0.00000,0.00000,0,520,0,500,0,0,0,0,20,0,520,0,0,0,0,0,0,0,0,600,600,600,100,100,0.00000,0.00000,9.80665,0.000000,0.00000,-0.00000,0.00000,0.00000,9.80665,0.000000,0.000000,0.000000,2,1,0,1,1,1,0,0,0,0
2026-09-21T05:58:52.776637+00:00,628594708,SIMULATED,924,3221796,FAULT,2,-0.000000,0.00000,7.4000,0.0000,25.00,25.00,0.00000,0.00000,0,520,0,500,0,0,0,0,20,0,520,0,0,0,0,0,0,0,0,600,600,600,100,100,0.00000,0.00000,9.80665,0.000000,0.00000,-0.00000,0.00000,0.00000,9.80665,0.000000,0.000000,0.000000,2,1,0,1,1,1,0,0,0,0
2026-09-21T05:58:52.776672+00:00,628629166,SIMULATED,925,3224200,FAULT,2,-0.000000,0.00000,7.4000,0.0000,25.00,25.00,0.00000,0.00000,0,520,0,500,0,0,0,0,20,0,520,0,0,0,0,0,0,0,0,600,600,600,100,100,0.00000,0.00000,9.80665,0.000000,0.00000,-0.00000,0.00000,0.00000,9.80665,0.000000,0.000000,0.000000,2,1,0,1,1,1,0,0,0,0
2026-09-21T05:58:52.776709+00:00,628666500,SIMULATED,926,3226604,FAULT,2,-0.000000,0.00000,7.4000,0.0000,25.00,25.00,0.00000,0.00000,0,520,0,500,0,0,0,0,20,0,520,0,0,0,0,0,0,0,0,600,600,600,100,100,0.00000,0.00000,9.80665,0.000000,0.00000,-0.00000,0.00000,0.00000,9.80665,0.000000,0.000000,0.000000,2,1,0,1,1,1,0,0,0,0
2026-09-21T05:58:52.776745+00:00,628702250,SIMULATED,927,3229008,FAULT,2,-0.000000,0.00000,7.4000,0.0000,25.00,25.00,0.00000,0.00000,0,520,0,500,0,0,0,0,20,0,520,0,0,0,0,0,0,0,0,600,600,600,100,100,0.00000,0.00000,9.80665,0.000000,0.00000,-0.00000,0.00000,0.00000,9.80665,0.000000,0.000000,0.000000,2,1,0,1,1,1,0,0,0,0
2026-09-21T05:58:52.776780+00:00,628737250,SIMULATED,928,3231412,FAULT,2,-0.000000,0.00000,7.4000,0.0000,25.00,25.00,0.00000,0.00000,0,520,0,500,0,0,0,0,20,0,520,0,0,0,0,0,0,0,0,600,600,600,100,100,0.00000,0.00000,9.80665,0.000000,0.00000,-0.00000,0.00000,0.00000,9.80665,0.000000,0.000000,0.000000,2,1,0,1,1,1,0,0,0,0
2026-09-21T05:58:52.776817+00:00,628774916,SIMULATED,929,3233816,FAULT,2,-0.000000,0.00000,7.4000,0.0000,25.00,25.00,0.00000,0.00000,0,520,0,500,0,0,0,0,20,0,520,0,0,0,0,0,0,0,0,600,600,600,100,100,0.00000,0.00000,9.80665,0.000000,0.00000,-0.00000,0.00000,0.00000,9.80665,0.000000,0.000000,0.000000,2,1,0,1,1,1,0,0,0,0
2026-09-21T05:58:52.776855+00:00,628812375,SIMULATED,930,3236220,FAULT,2,-0.000000,0.00000,7.4000,0.0000,25.00,25.00,0.00000,0.00000,0,520,0,500,0,0,0,0,20,0,520,0,0,0,0,0,0,0,0,600,600,600,100,100,0.00000,0.00000,9.80665,0.000000,0.00000,-0.00000,0.00000,0.00000,9.80665,0.000000,0.000000,0.000000,2,1,0,1,1,1,0,0,0,0
2026-09-21T05:58:52.776890+00:00,628847166,SIMULATED,931,3238624,FAULT,2,-0.000000,0.00000,7.4000,0.0000,25.00,25.00,0.00000,0.00000,0,520,0,500,0,0,0,0,20,0,520,0,0,0,0,0,0,0,0,600,600,600,100,100,0.00000,0.00000,9.80665,0.000000,0.00000,-0.00000,0.00000,0.00000,9.80665,0.000000,0.000000,0.000000,2,1,0,1,1,1,0,0,0,0
2026-09-21T05:58:52.776925+00:00,628882166,SIMULATED,932,3241028,FAULT,2,-0.000000,0.00000,7.4000,0.0000,25.00,25.00,0.00000,0.00000,0,520,0,500,0,0,0,0,20,0,520,0,0,0,0,0,0,0,0,600,600,600,100,100,0.00000,0.00000,9.80665,0.000000,0.00000,-0.00000,0.00000,0.00000,9.80665,0.000000,0.000000,0.000000,2,1,0,1,1,1,0,0,0,0
2026-09-21T05:58:52.776961+00:00,628918541,SIMULATED,933,3243432,FAULT,2,-0.000000,0.00000,7.4000,0.0000,25.00,25.00,0.00000,0.00000,0,520,0,500,0,0,0,0,20,0,520,0,0,0,0,0,0,0,0,600,600,600,100,100,0.00000,0.00000,9.80665,0.000000,0.00000,-0.00000,0.00000,0.00000,9.80665,0.000000,0.000000,0.000000,2,1,0,1,1,1,0,0,0,0
2026-09-21T05:58:52.776996+00:00,628954000,SIMULATED,934,3245836,FAULT,2,-0.000000,0.00000,7.4000,0.0000,25.00,25.00,0.00000,0.00000,0,520,0,500,0,0,0,0,20,0,520,0,0,0,0,0,0,0,0,600,600,600,100,100,0.00000,0.00000,9.80665,0.000000,0.00000,-0.00000,0.00000,0.00000,9.80665,0.000000,0.000000,0.000000,2,1,0,1,1,1,0,0,0,0
2026-09-21T05:58:52.777032+00:00,628989750,SIMULATED,935,3248240,FAULT,2,-0.000000,0.00000,7.4000,0.0000,25.00,25.00,0.00000,0.00000,0,520,0,500,0,0,0,0,20,0,520,0,0,0,0,0,0,0,0,600,600,600,100,100,0.00000,0.00000,9.80665,0.000000,0.00000,-0.00000,0.00000,0.00000,9.80665,0.000000,0.000000,0.000000,2,1,0,1,1,1,0,0,0,0
2026-09-21T05:58:52.777071+00:00,629028625,SIMULATED,936,3250644,FAULT,2,-0.000000,0.00000,7.4000,0.0000,25.00,25.00,0.00000,0.00000,0,520,0,500,0,0,0,0,20,0,520,0,0,0,0,0,0,0,0,600,600,600,100,100,0.00000,0.00000,9.80665,0.000000,0.00000,-0.00000,0.00000,0.00000,9.80665,0.000000,0.000000,0.000000,2,1,0,1,1,1,0,0,0,0
2026-09-21T05:58:52.777106+00:00,629063958,SIMULATED,937,3253048,FAULT,2,-0.000000,0.00000,7.4000,0.0000,25.00,25.00,0.00000,0.00000,0,520,0,500,0,0,0,0,20,0,520,0,0,0,0,0,0,0,0,600,600,600,100,100,0.00000,0.00000,9.80665,0.000000,0.00000,-0.00000,0.00000,0.00000,9.80665,0.000000,0.000000,0.000000,2,1,0,1,1,1,0,0,0,0
2026-09-21T05:58:52.777142+00:00,629099208,SIMULATED,938,3255452,FAULT,2,-0.000000,0.00000,7.4000,0.0000,25.00,25.00,0.00000,0.00000,0,520,0,500,0,0,0,0,20,0,520,0,0,0,0,0,0,0,0,600,600,600,100,100,0.00000,0.00000,9.80665,0.000000,0.00000,-0.00000,0.00000,0.00000,9.80665,0.000000,0.000000,0.000000,2,1,0,1,1,1,0,0,0,0
2026-09-21T05:58:52.777178+00:00,629135708,SIMULATED,939,3257856,FAULT,2,-0.000000,0.00000,7.4000,0.0000,25.00,25.00,0.00000,0.00000,0,520,0,500,0,0,0,0,20,0,520,0,0,0,0,0,0,0,0,600,600,600,100,100,0.00000,0.00000,9.80665,0.000000,0.00000,-0.00000,0.00000,0.00000,9.80665,0.000000,0.000000,0.000000,2,1,0,1,1,1,0,0,0,0
2026-09-21T05:58:52.777216+00:00,629173791,SIMULATED,940,3260260,FAULT,2,-0.000000,0.00000,7.4000,0.0000,25.00,25.00,0.00000,0.00000,0,520,0,500,0,0,0,0,20,0,520,0,0,0,0,0,0,0,0,600,600,600,100,100,0.00000,0.00000,9.80665,0.000000,0.00000,-0.00000,0.00000,0.00000,9.80665,0.000000,0.000000,0.000000,2,1,0,1,1,1,0,0,0,0
2026-09-21T05:58:52.777252+00:00,629209875,SIMULATED,941,3262664,FAULT,2,-0.000000,0.00000,7.4000,0.0000,25.00,25.00,0.00000,0.00000,0,520,0,500,0,0,0,0,20,0,520,0,0,0,0,0,0,0,0,600,600,600,100,100,0.00000,0.00000,9.80665,0.000000,0.00000,-0.00000,0.00000,0.00000,9.80665,0.000000,0.000000,0.000000,2,1,0,1,1,1,0,0,0,0
2026-09-21T05:58:52.777289+00:00,629247041,SIMULATED,942,3265068,FAULT,2,-0.000000,0.00000,7.4000,0.0000,25.00,25.00,0.00000,0.00000,0,520,0,500,0,0,0,0,20,0,520,0,0,0,0,0,0,0,0,600,600,600,100,100,0.00000,0.00000,9.80665,0.000000,0.00000,-0.00000,0.00000,0.00000,9.80665,0.000000,0.000000,0.000000,2,1,0,1,1,1,0,0,0,0
2026-09-21T05:58:52.777325+00:00,629282791,SIMULATED,943,3267472,FAULT,2,-0.000000,0.00000,7.4000,0.0000,25.00,25.00,0.00000,0.00000,0,520,0,500,0,0,0,0,20,0,520,0,0,0,0,0,0,0,0,600,600,600,100,100,0.00000,0.00000,9.80665,0.000000,0.00000,-0.00000,0.00000,0.00000,9.80665,0.000000,0.000000,0.000000,2,1,0,1,1,1,0,0,0,0
2026-09-21T05:58:52.777360+00:00,629317958,SIMULATED,944,3269876,FAULT,2,-0.000000,0.00000,7.4000,0.0000,25.00,25.00,0.00000,0.00000,0,520,0,500,0,0,0,0,20,0,520,0,0,0,0,0,0,0,0,600,600,600,100,100,0.00000,0.00000,9.80665,0.000000,0.00000,-0.00000,0.00000,0.00000,9.80665,0.000000,0.000000,0.000000,2,1,0,1,1,1,0,0,0,0
2026-09-21T05:58:52.777397+00:00,629354250,SIMULATED,945,3272280,FAULT,2,-0.000000,0.00000,7.4000,0.0000,25.00,25.00,0.00000,0.00000,0,520,0,500,0,0,0,0,20,0,520,0,0,0,0,0,0,0,0,600,600,600,100,100,0.00000,0.00000,9.80665,0.000000,0.00000,-0.00000,0.00000,0.00000,9.80665,0.000000,0.000000,0.000000,2,1,0,1,1,1,0,0,0,0
2026-09-21T05:58:52.777436+00:00,629393958,SIMULATED,946,3274684,FAULT,2,-0.000000,0.00000,7.4000,0.0000,25.00,25.00,0.00000,0.00000,0,520,0,500,0,0,0,0,20,0,520,0,0,0,0,0,0,0,0,600,600,600,100,100,0.00000,0.00000,9.80665,0.000000,0.00000,-0.00000,0.00000,0.00000,9.80665,0.000000,0.000000,0.000000,2,1,0,1,1,1,0,0,0,0
2026-09-21T05:58:52.777473+00:00,629430166,SIMULATED,947,3277088,FAULT,2,-0.000000,0.00000,7.4000,0.0000,25.00,25.00,0.00000,0.00000,0,520,0,500,0,0,0,0,20,0,520,0,0,0,0,0,0,0,0,600,600,600,100,100,0.00000,0.00000,9.80665,0.000000,0.00000,-0.00000,0.00000,0.00000,9.80665,0.000000,0.000000,0.000000,2,1,0,1,1,1,0,0,0,0
2026-09-21T05:58:52.777516+00:00,629473291,SIMULATED,948,3279492,FAULT,2,-0.000000,0.00000,7.4000,0.0000,25.00,25.00,0.00000,0.00000,0,520,0,500,0,0,0,0,20,0,520,0,0,0,0,0,0,0,0,600,600,600,100,100,0.00000,0.00000,9.80665,0.000000,0.00000,-0.00000,0.00000,0.00000,9.80665,0.000000,0.000000,0.000000,2,1,0,1,1,1,0,0,0,0
2026-09-21T05:58:52.777558+00:00,629515166,SIMULATED,949,3281896,FAULT,2,-0.000000,0.00000,7.4000,0.0000,25.00,25.00,0.00000,0.00000,0,520,0,500,0,0,0,0,20,0,520,0,0,0,0,0,0,0,0,600,600,600,100,100,0.00000,0.00000,9.80665,0.000000,0.00000,-0.00000,0.00000,0.00000,9.80665,0.000000,0.000000,0.000000,2,1,0,1,1,1,0,0,0,0
2026-09-21T05:58:52.777595+00:00,629552083,SIMULATED,950,3284300,FAULT,2,-0.000000,0.00000,7.4000,0.0000,25.00,25.00,0.00000,0.00000,0,520,0,500,0,0,0,0,20,0,520,0,0,0,0,0,0,0,0,600,600,600,100,100,0.00000,0.00000,9.80665,0.000000,0.00000,-0.00000,0.00000,0.00000,9.80665,0.000000,0.000000,0.000000,2,1,0,1,1,1,0,0,0,0
2026-09-21T05:58:52.777634+00:00,629591250,SIMULATED,951,3286704,FAULT,2,-0.000000,0.00000,7.4000,0.0000,25.00,25.00,0.00000,0.00000,0,520,0,500,0,0,0,0,20,0,520,0,0,0,0,0,0,0,0,600,600,600,100,100,0.00000,0.00000,9.80665,0.000000,0.00000,-0.00000,0.00000,0.00000,9.80665,0.000000,0.000000,0.000000,2,1,0,1,1,1,0,0,0,0
2026-09-21T05:58:52.777669+00:00,629626333,SIMULATED,952,3289108,FAULT,2,-0.000000,0.00000,7.4000,0.0000,25.00,25.00,0.00000,0.00000,0,520,0,500,0,0,0,0,20,0,520,0,0,0,0,0,0,0,0,600,600,600,100,100,0.00000,0.00000,9.80665,0.000000,0.00000,-0.00000,0.00000,0.00000,9.80665,0.000000,0.000000,0.000000,2,1,0,1,1,1,0,0,0,0
2026-09-21T05:58:52.777720+00:00,629677916,SIMULATED,953,3291512,FAULT,2,-0.000000,0.00000,7.4000,0.0000,25.00,25.00,0.00000,0.00000,0,520,0,500,0,0,0,0,20,0,520,0,0,0,0,0,0,0,0,600,600,600,100,100,0.00000,0.00000,9.80665,0.000000,0.00000,-0.00000,0.00000,0.00000,9.80665,0.000000,0.000000,0.000000,2,1,0,1,1,1,0,0,0,0
2026-09-21T05:58:52.777755+00:00,629712875,SIMULATED,954,3293916,FAULT,2,-0.000000,0.00000,7.4000,0.0000,25.00,25.00,0.00000,0.00000,0,520,0,500,0,0,0,0,20,0,520,0,0,0,0,0,0,0,0,600,600,600,100,100,0.00000,0.00000,9.80665,0.000000,0.00000,-0.00000,0.00000,0.00000,9.80665,0.000000,0.000000,0.000000,2,1,0,1,1,1,0,0,0,0
2026-09-21T05:58:52.777792+00:00,629749958,SIMULATED,955,3296320,FAULT,2,-0.000000,0.00000,7.4000,0.0000,25.00,25.00,0.00000,0.00000,0,520,0,500,0,0,0,0,20,0,520,0,0,0,0,0,0,0,0,600,600,600,100,100,0.00000,0.00000,9.80665,0.000000,0.00000,-0.00000,0.00000,0.00000,9.80665,0.000000,0.000000,0.000000,2,1,0,1,1,1,0,0,0,0
2026-09-21T05:58:52.777830+00:00,629787250,SIMULATED,956,3298724,FAULT,2,-0.000000,0.00000,7.4000,0.0000,25.00,25.00,0.00000,0.00000,0,520,0,500,0,0,0,0,20,0,520,0,0,0,0,0,0,0,0,600,600,600,100,100,0.00000,0.00000,9.80665,0.000000,0.00000,-0.00000,0.00000,0.00000,9.80665,0.000000,0.000000,0.000000,2,1,0,1,1,1,0,0,0,0
2026-09-21T05:58:52.777866+00:00,629823416,SIMULATED,957,3301128,FAULT,2,-0.000000,0.00000,7.4000,0.0000,25.00,25.00,0.00000,0.00000,0,520,0,500,0,0,0,0,20,0,520,0,0,0,0,0,0,0,0,600,600,600,100,100,0.00000,0.00000,9.80665,0.000000,0.00000,-0.00000,0.00000,0.00000,9.80665,0.000000,0.000000,0.000000,2,1,0,1,1,1,0,0,0,0
2026-09-21T05:58:52.777902+00:00,629859416,SIMULATED,958,3303532,FAULT,2,-0.000000,0.00000,7.4000,0.0000,25.00,25.00,0.00000,0.00000,0,520,0,500,0,0,0,0,20,0,520,0,0,0,0,0,0,0,0,600,600,600,100,100,0.00000,0.00000,9.80665,0.000000,0.00000,-0.00000,0.00000,0.00000,9.80665,0.000000,0.000000,0.000000,2,1,0,1,1,1,0,0,0,0
2026-09-21T05:58:52.777940+00:00,629897166,SIMULATED,959,3305936,FAULT,2,-0.000000,0.00000,7.4000,0.0000,25.00,25.00,0.00000,0.00000,0,520,0,500,0,0,0,0,20,0,520,0,0,0,0,0,0,0,0,600,600,600,100,100,0.00000,0.00000,9.80665,0.000000,0.00000,-0.00000,0.00000,0.00000,9.80665,0.000000,0.000000,0.000000,2,1,0,1,1,1,0,0,0,0
2026-09-21T05:58:52.777978+00:00,629935750,SIMULATED,960,3308340,FAULT,2,-0.000000,0.00000,7.4000,0.0000,25.00,25.00,0.00000,0.00000,0,520,0,500,0,0,0,0,20,0,520,0,0,0,0,0,0,0,0,600,600,600,100,100,0.00000,0.00000,9.80665,0.000000,0.00000,-0.00000,0.00000,0.00000,9.80665,0.000000,0.000000,0.000000,2,1,0,1,1,1,0,0,0,0
2026-09-21T05:58:52.778013+00:00,629970958,SIMULATED,961,3310744,FAULT,2,-0.000000,0.00000,7.4000,0.0000,25.00,25.00,0.00000,0.00000,0,520,0,500,0,0,0,0,20,0,520,0,0,0,0,0,0,0,0,600,600,600,100,100,0.00000,0.00000,9.80665,0.000000,0.00000,-0.00000,0.00000,0.00000,9.80665,0.000000,0.000000,0.000000,2,1,0,1,1,1,0,0,0,0
2026-09-21T05:58:52.778048+00:00,630005250,SIMULATED,962,3313148,FAULT,2,-0.000000,0.00000,7.4000,0.0000,25.00,25.00,0.00000,0.00000,0,520,0,500,0,0,0,0,20,0,520,0,0,0,0,0,0,0,0,600,600,600,100,100,0.00000,0.00000,9.80665,0.000000,0.00000,-0.00000,0.00000,0.00000,9.80665,0.000000,0.000000,0.000000,2,1,0,1,1,1,0,0,0,0
2026-09-21T05:58:52.778084+00:00,630041250,SIMULATED,963,3315552,FAULT,2,-0.000000,0.00000,7.4000,0.0000,25.00,25.00,0.00000,0.00000,0,520,0,500,0,0,0,0,20,0,520,0,0,0,0,0,0,0,0,600,600,600,100,100,0.00000,0.00000,9.80665,0.000000,0.00000,-0.00000,0.00000,0.00000,9.80665,0.000000,0.000000,0.000000,2,1,0,1,1,1,0,0,0,0
2026-09-21T05:58:52.778119+00:00,630076083,SIMULATED,964,3317956,FAULT,2,-0.000000,0.00000,7.4000,0.0000,25.00,25.00,0.00000,0.00000,0,520,0,500,0,0,0,0,20,0,520,0,0,0,0,0,0,0,0,600,600,600,100,100,0.00000,0.00000,9.80665,0.000000,0.00000,-0.00000,0.00000,0.00000,9.80665,0.000000,0.000000,0.000000,2,1,0,1,1,1,0,0,0,0
2026-09-21T05:58:52.778153+00:00,630110875,SIMULATED,965,3320360,FAULT,2,-0.000000,0.00000,7.4000,0.0000,25.00,25.00,0.00000,0.00000,0,520,0,500,0,0,0,0,20,0,520,0,0,0,0,0,0,0,0,600,600,600,100,100,0.00000,0.00000,9.80665,0.000000,0.00000,-0.00000,0.00000,0.00000,9.80665,0.000000,0.000000,0.000000,2,1,0,1,1,1,0,0,0,0
2026-09-21T05:58:52.778191+00:00,630148625,SIMULATED,966,3322764,FAULT,2,-0.000000,0.00000,7.4000,0.0000,25.00,25.00,0.00000,0.00000,0,520,0,500,0,0,0,0,20,0,520,0,0,0,0,0,0,0,0,600,600,600,100,100,0.00000,0.00000,9.80665,0.000000,0.00000,-0.00000,0.00000,0.00000,9.80665,0.000000,0.000000,0.000000,2,1,0,1,1,1,0,0,0,0
2026-09-21T05:58:52.778227+00:00,630185000,SIMULATED,967,3325168,FAULT,2,-0.000000,0.00000,7.4000,0.0000,25.00,25.00,0.00000,0.00000,0,520,0,500,0,0,0,0,20,0,520,0,0,0,0,0,0,0,0,600,600,600,100,100,0.00000,0.00000,9.80665,0.000000,0.00000,-0.00000,0.00000,0.00000,9.80665,0.000000,0.000000,0.000000,2,1,0,1,1,1,0,0,0,0
2026-09-21T05:58:52.778265+00:00,630222833,SIMULATED,968,3327572,FAULT,2,-0.000000,0.00000,7.4000,0.0000,25.00,25.00,0.00000,0.00000,0,520,0,500,0,0,0,0,20,0,520,0,0,0,0,0,0,0,0,600,600,600,100,100,0.00000,0.00000,9.80665,0.000000,0.00000,-0.00000,0.00000,0.00000,9.80665,0.000000,0.000000,0.000000,2,1,0,1,1,1,0,0,0,0
2026-09-21T05:58:52.778301+00:00,630258750,SIMULATED,969,3329976,FAULT,2,-0.000000,0.00000,7.4000,0.0000,25.00,25.00,0.00000,0.00000,0,520,0,500,0,0,0,0,20,0,520,0,0,0,0,0,0,0,0,600,600,600,100,100,0.00000,0.00000,9.80665,0.000000,0.00000,-0.00000,0.00000,0.00000,9.80665,0.000000,0.000000,0.000000,2,1,0,1,1,1,0,0,0,0
2026-09-21T05:58:52.778335+00:00,630292833,SIMULATED,970,3332380,FAULT,2,-0.000000,0.00000,7.4000,0.0000,25.00,25.00,0.00000,0.00000,0,520,0,500,0,0,0,0,20,0,520,0,0,0,0,0,0,0,0,600,600,600,100,100,0.00000,0.00000,9.80665,0.000000,0.00000,-0.00000,0.00000,0.00000,9.80665,0.000000,0.000000,0.000000,2,1,0,1,1,1,0,0,0,0
2026-09-21T05:58:52.778370+00:00,630327416,SIMULATED,971,3334784,FAULT,2,-0.000000,0.00000,7.4000,0.0000,25.00,25.00,0.00000,0.00000,0,520,0,500,0,0,0,0,20,0,520,0,0,0,0,0,0,0,0,600,600,600,100,100,0.00000,0.00000,9.80665,0.000000,0.00000,-0.00000,0.00000,0.00000,9.80665,0.000000,0.000000,0.000000,2,1,0,1,1,1,0,0,0,0
2026-09-21T05:58:52.778404+00:00,630361875,SIMULATED,972,3337188,FAULT,2,-0.000000,0.00000,7.4000,0.0000,25.00,25.00,0.00000,0.00000,0,520,0,500,0,0,0,0,20,0,520,0,0,0,0,0,0,0,0,600,600,600,100,100,0.00000,0.00000,9.80665,0.000000,0.00000,-0.00000,0.00000,0.00000,9.80665,0.000000,0.000000,0.000000,2,1,0,1,1,1,0,0,0,0
2026-09-21T05:58:52.778438+00:00,630395791,SIMULATED,973,3339592,FAULT,2,-0.000000,0.00000,7.4000,0.0000,25.00,25.00,0.00000,0.00000,0,520,0,500,0,0,0,0,20,0,520,0,0,0,0,0,0,0,0,600,600,600,100,100,0.00000,0.00000,9.80665,0.000000,0.00000,-0.00000,0.00000,0.00000,9.80665,0.000000,0.000000,0.000000,2,1,0,1,1,1,0,0,0,0
2026-09-21T05:58:52.778475+00:00,630433000,SIMULATED,974,3341996,FAULT,2,-0.000000,0.00000,7.4000,0.0000,25.00,25.00,0.00000,0.00000,0,520,0,500,0,0,0,0,20,0,520,0,0,0,0,0,0,0,0,600,600,600,100,100,0.00000,0.00000,9.80665,0.000000,0.00000,-0.00000,0.00000,0.00000,9.80665,0.000000,0.000000,0.000000,2,1,0,1,1,1,0,0,0,0
2026-09-21T05:58:52.778511+00:00,630468083,SIMULATED,975,3344400,FAULT,2,-0.000000,0.00000,7.4000,0.0000,25.00,25.00,0.00000,0.00000,0,520,0,500,0,0,0,0,20,0,520,0,0,0,0,0,0,0,0,600,600,600,100,100,0.00000,0.00000,9.80665,0.000000,0.00000,-0.00000,0.00000,0.00000,9.80665,0.000000,0.000000,0.000000,2,1,0,1,1,1,0,0,0,0
2026-09-21T05:58:52.778546+00:00,630504041,SIMULATED,976,3346804,FAULT,2,-0.000000,0.00000,7.4000,0.0000,25.00,25.00,0.00000,0.00000,0,520,0,500,0,0,0,0,20,0,520,0,0,0,0,0,0,0,0,600,600,600,100,100,0.00000,0.00000,9.80665,0.000000,0.00000,-0.00000,0.00000,0.00000,9.80665,0.000000,0.000000,0.000000,2,1,0,1,1,1,0,0,0,0
2026-09-21T05:58:52.778580+00:00,630538000,SIMULATED,977,3349208,FAULT,2,-0.000000,0.00000,7.4000,0.0000,25.00,25.00,0.00000,0.00000,0,520,0,500,0,0,0,0,20,0,520,0,0,0,0,0,0,0,0,600,600,600,100,100,0.00000,0.00000,9.80665,0.000000,0.00000,-0.00000,0.00000,0.00000,9.80665,0.000000,0.000000,0.000000,2,1,0,1,1,1,0,0,0,0
2026-09-21T05:58:52.778615+00:00,630572083,SIMULATED,978,3351612,FAULT,2,-0.000000,0.00000,7.4000,0.0000,25.00,25.00,0.00000,0.00000,0,520,0,500,0,0,0,0,20,0,520,0,0,0,0,0,0,0,0,600,600,600,100,100,0.00000,0.00000,9.80665,0.000000,0.00000,-0.00000,0.00000,0.00000,9.80665,0.000000,0.000000,0.000000,2,1,0,1,1,1,0,0,0,0
2026-09-21T05:58:52.778649+00:00,630606458,SIMULATED,979,3354016,FAULT,2,-0.000000,0.00000,7.4000,0.0000,25.00,25.00,0.00000,0.00000,0,520,0,500,0,0,0,0,20,0,520,0,0,0,0,0,0,0,0,600,600,600,100,100,0.00000,0.00000,9.80665,0.000000,0.00000,-0.00000,0.00000,0.00000,9.80665,0.000000,0.000000,0.000000,2,1,0,1,1,1,0,0,0,0
2026-09-21T05:58:52.778684+00:00,630641125,SIMULATED,980,3356420,FAULT,2,-0.000000,0.00000,7.4000,0.0000,25.00,25.00,0.00000,0.00000,0,520,0,500,0,0,0,0,20,0,520,0,0,0,0,0,0,0,0,600,600,600,100,100,0.00000,0.00000,9.80665,0.000000,0.00000,-0.00000,0.00000,0.00000,9.80665,0.000000,0.000000,0.000000,2,1,0,1,1,1,0,0,0,0
2026-09-21T05:58:52.778722+00:00,630679708,SIMULATED,981,3358824,FAULT,2,-0.000000,0.00000,7.4000,0.0000,25.00,25.00,0.00000,0.00000,0,520,0,500,0,0,0,0,20,0,520,0,0,0,0,0,0,0,0,600,600,600,100,100,0.00000,0.00000,9.80665,0.000000,0.00000,-0.00000,0.00000,0.00000,9.80665,0.000000,0.000000,0.000000,2,1,0,1,1,1,0,0,0,0
2026-09-21T05:58:52.778756+00:00,630714000,SIMULATED,982,3361228,FAULT,2,-0.000000,0.00000,7.4000,0.0000,25.00,25.00,0.00000,0.00000,0,520,0,500,0,0,0,0,20,0,520,0,0,0,0,0,0,0,0,600,600,600,100,100,0.00000,0.00000,9.80665,0.000000,0.00000,-0.00000,0.00000,0.00000,9.80665,0.000000,0.000000,0.000000,2,1,0,1,1,1,0,0,0,0
2026-09-21T05:58:52.778791+00:00,630748583,SIMULATED,983,3363632,FAULT,2,-0.000000,0.00000,7.4000,0.0000,25.00,25.00,0.00000,0.00000,0,520,0,500,0,0,0,0,20,0,520,0,0,0,0,0,0,0,0,600,600,600,100,100,0.00000,0.00000,9.80665,0.000000,0.00000,-0.00000,0.00000,0.00000,9.80665,0.000000,0.000000,0.000000,2,1,0,1,1,1,0,0,0,0
2026-09-21T05:58:52.778825+00:00,630782875,SIMULATED,984,3366036,FAULT,2,-0.000000,0.00000,7.4000,0.0000,25.00,25.00,0.00000,0.00000,0,520,0,500,0,0,0,0,20,0,520,0,0,0,0,0,0,0,0,600,600,600,100,100,0.00000,0.00000,9.80665,0.000000,0.00000,-0.00000,0.00000,0.00000,9.80665,0.000000,0.000000,0.000000,2,1,0,1,1,1,0,0,0,0
2026-09-21T05:58:52.778860+00:00,630817583,SIMULATED,985,3368440,FAULT,2,-0.000000,0.00000,7.4000,0.0000,25.00,25.00,0.00000,0.00000,0,520,0,500,0,0,0,0,20,0,520,0,0,0,0,0,0,0,0,600,600,600,100,100,0.00000,0.00000,9.80665,0.000000,0.00000,-0.00000,0.00000,0.00000,9.80665,0.000000,0.000000,0.000000,2,1,0,1,1,1,0,0,0,0
2026-09-21T05:58:52.778897+00:00,630854166,SIMULATED,986,3370844,FAULT,2,-0.000000,0.00000,7.4000,0.0000,25.00,25.00,0.00000,0.00000,0,520,0,500,0,0,0,0,20,0,520,0,0,0,0,0,0,0,0,600,600,600,100,100,0.00000,0.00000,9.80665,0.000000,0.00000,-0.00000,0.00000,0.00000,9.80665,0.000000,0.000000,0.000000,2,1,0,1,1,1,0,0,0,0
2026-09-21T05:58:52.778932+00:00,630890000,SIMULATED,987,3373248,FAULT,2,-0.000000,0.00000,7.4000,0.0000,25.00,25.00,0.00000,0.00000,0,520,0,500,0,0,0,0,20,0,520,0,0,0,0,0,0,0,0,600,600,600,100,100,0.00000,0.00000,9.80665,0.000000,0.00000,-0.00000,0.00000,0.00000,9.80665,0.000000,0.000000,0.000000,2,1,0,1,1,1,0,0,0,0
2026-09-21T05:58:52.778967+00:00,630924458,SIMULATED,988,3375652,FAULT,2,-0.000000,0.00000,7.4000,0.0000,25.00,25.00,0.00000,0.00000,0,520,0,500,0,0,0,0,20,0,520,0,0,0,0,0,0,0,0,600,600,600,100,100,0.00000,0.00000,9.80665,0.000000,0.00000,-0.00000,0.00000,0.00000,9.80665,0.000000,0.000000,0.000000,2,1,0,1,1,1,0,0,0,0
2026-09-21T05:58:52.779001+00:00,630958333,SIMULATED,989,3378056,FAULT,2,-0.000000,0.00000,7.4000,0.0000,25.00,25.00,0.00000,0.00000,0,520,0,500,0,0,0,0,20,0,520,0,0,0,0,0,0,0,0,600,600,600,100,100,0.00000,0.00000,9.80665,0.000000,0.00000,-0.00000,0.00000,0.00000,9.80665,0.000000,0.000000,0.000000,2,1,0,1,1,1,0,0,0,0
2026-09-21T05:58:52.779040+00:00,630997583,SIMULATED,990,3380460,FAULT,2,-0.000000,0.00000,7.4000,0.0000,25.00,25.00,0.00000,0.00000,0,520,0,500,0,0,0,0,20,0,520,0,0,0,0,0,0,0,0,600,600,600,100,100,0.00000,0.00000,9.80665,0.000000,0.00000,-0.00000,0.00000,0.00000,9.80665,0.000000,0.000000,0.000000,2,1,0,1,1,1,0,0,0,0
2026-09-21T05:58:52.779075+00:00,631032541,SIMULATED,991,3382864,FAULT,2,-0.000000,0.00000,7.4000,0.0000,25.00,25.00,0.00000,0.00000,0,520,0,500,0,0,0,0,20,0,520,0,0,0,0,0,0,0,0,600,600,600,100,100,0.00000,0.00000,9.80665,0.000000,0.00000,-0.00000,0.00000,0.00000,9.80665,0.000000,0.000000,0.000000,2,1,0,1,1,1,0,0,0,0
2026-09-21T05:58:52.779109+00:00,631066958,SIMULATED,992,3385268,FAULT,2,-0.000000,0.00000,7.4000,0.0000,25.00,25.00,0.00000,0.00000,0,520,0,500,0,0,0,0,20,0,520,0,0,0,0,0,0,0,0,600,600,600,100,100,0.00000,0.00000,9.80665,0.000000,0.00000,-0.00000,0.00000,0.00000,9.80665,0.000000,0.000000,0.000000,2,1,0,1,1,1,0,0,0,0
2026-09-21T05:58:52.779145+00:00,631102708,SIMULATED,993,3387672,FAULT,2,-0.000000,0.00000,7.4000,0.0000,25.00,25.00,0.00000,0.00000,0,520,0,500,0,0,0,0,20,0,520,0,0,0,0,0,0,0,0,600,600,600,100,100,0.00000,0.00000,9.80665,0.000000,0.00000,-0.00000,0.00000,0.00000,9.80665,0.000000,0.000000,0.000000,2,1,0,1,1,1,0,0,0,0
2026-09-21T05:58:52.779181+00:00,631138916,SIMULATED,994,3390076,FAULT,2,-0.000000,0.00000,7.4000,0.0000,25.00,25.00,0.00000,0.00000,0,520,0,500,0,0,0,0,20,0,520,0,0,0,0,0,0,0,0,600,600,600,100,100,0.00000,0.00000,9.80665,0.000000,0.00000,-0.00000,0.00000,0.00000,9.80665,0.000000,0.000000,0.000000,2,1,0,1,1,1,0,0,0,0
2026-09-21T05:58:52.779216+00:00,631173875,SIMULATED,995,3392480,FAULT,2,-0.000000,0.00000,7.4000,0.0000,25.00,25.00,0.00000,0.00000,0,520,0,500,0,0,0,0,20,0,520,0,0,0,0,0,0,0,0,600,600,600,100,100,0.00000,0.00000,9.80665,0.000000,0.00000,-0.00000,0.00000,0.00000,9.80665,0.000000,0.000000,0.000000,2,1,0,1,1,1,0,0,0,0
2026-09-21T05:58:52.779253+00:00,631210333,SIMULATED,996,3394884,FAULT,2,-0.000000,0.00000,7.4000,0.0000,25.00,25.00,0.00000,0.00000,0,520,0,500,0,0,0,0,20,0,520,0,0,0,0,0,0,0,0,600,600,600,100,100,0.00000,0.00000,9.80665,0.000000,0.00000,-0.00000,0.00000,0.00000,9.80665,0.000000,0.000000,0.000000,2,1,0,1,1,1,0,0,0,0
2026-09-21T05:58:52.779287+00:00,631245000,SIMULATED,997,3397288,FAULT,2,-0.000000,0.00000,7.4000,0.0000,25.00,25.00,0.00000,0.00000,0,520,0,500,0,0,0,0,20,0,520,0,0,0,0,0,0,0,0,600,600,600,100,100,0.00000,0.00000,9.80665,0.000000,0.00000,-0.00000,0.00000,0.00000,9.80665,0.000000,0.000000,0.000000,2,1,0,1,1,1,0,0,0,0
2026-09-21T05:58:52.779325+00:00,631282250,SIMULATED,998,3399692,FAULT,2,-0.000000,0.00000,7.4000,0.0000,25.00,25.00,0.00000,0.00000,0,520,0,500,0,0,0,0,20,0,520,0,0,0,0,0,0,0,0,600,600,600,100,100,0.00000,0.00000,9.80665,0.000000,0.00000,-0.00000,0.00000,0.00000,9.80665,0.000000,0.000000,0.000000,2,1,0,1,1,1,0,0,0,0
2026-09-21T05:58:52.779362+00:00,631319375,SIMULATED,999,3402096,FAULT,2,-0.000000,0.00000,7.4000,0.0000,25.00,25.00,0.00000,0.00000,0,520,0,500,0,0,0,0,20,0,520,0,0,0,0,0,0,0,0,600,600,600,100,100,0.00000,0.00000,9.80665,0.000000,0.00000,-0.00000,0.00000,0.00000,9.80665,0.000000,0.000000,0.000000,2,1,0,1,1,1,0,0,0,0
2026-09-21T05:58:52.779397+00:00,631354166,SIMULATED,1000,3404500,FAULT,2,-0.000000,0.00000,7.4000,0.0000,25.00,25.00,0.00000,0.00000,0,520,0,500,0,0,0,0,20,0,520,0,0,0,0,0,0,0,0,600,600,600,100,100,0.00000,0.00000,9.80665,0.000000,0.00000,-0.00000,0.00000,0.00000,9.80665,0.000000,0.000000,0.000000,2,1,0,1,1,1,0,0,0,0
