host_utc,host_monotonic_ns,source,seq,device_us,state,fault,pitch_rad,v_m_s,bat_V,bus_A,TL_C,TR_C,uL,uR,enabled,run_us,wake_us,imu_io_us,monitor_io_us,encoder_us,fusion_us,feedback_us,pwm_submit_us,jitter_us,max_run_us,max_wake_us,max_jitter_us,sample_missed,log_dropped,command_overflows,reply_dropped,cal_count,head_enabled,p50_run_upper_us,p95_run_upper_us,p99_run_upper_us,p99_wake_upper_us,p99_jitter_upper_us,ax_m_s2,ay_m_s2,az_m_s2,gy_rad_s,vL_m_s,vR_m_s,raw_ax_m_s2,raw_ay_m_s2,raw_az_m_s2,raw_gx_rad_s,raw_gy_rad_s,raw_gz_rad_s,health_fault,driver_ok,estop_ok,imu_ok,monitor_ok,encoders_ok,low_battery,request_support,encoder_count_L,encoder_count_R
2026-09-21T06:31:24.555073+00:00,722586958,SIMULATED,1,1002904,DISARMED,0,-0.000000,0.00000,7.4000,0.0000,25.00,25.00,0.00000,0.00000,0,520,0,500,0,0,0,0,20,0,520,0,0,0,0,0,0,0,0,0,0,0,0,0,0.00000,0.00000,9.80665,0.000000,0.00000,-0.00000,0.00000,0.00000,9.80665,0.000000,0.000000,0.000000,0,1,1,1,1,1,0,0,0,0
2026-09-21T06:31:24.555195+00:00,722708291,SIMULATED,2,1005308,DISARMED,0,-0.000000,0.00000,7.4000,0.0000,25.00,25.00,0.00000,0.00000,0,520,0,500,0,0,0,0,20,0,520,0,0,0,0,0,0,0,0,600,600,600,100,100,0.00000,0.00000,9.80665,0.000000,0.00000,-0.00000,0.00000,0.00000,9.80665,0.000000,0.000000,0.000000,0,1,1,1,1,1,0,0,0,0
2026-09-21T06:31:24.555241+00:00,722754333,SIMULATED,3,1007712,DISARMED,0,-0.000000,0.00000,7.4000,0.0000,25.00,25.00,0.00000,0.00000,0,520,0,500,0,0,0,0,20,0,520,0,0,0,0,0,0,0,0,600,600,600,100,100,0.00000,0.00000,9.80665,0.000000,0.00000,-0.00000,0.00000,0.00000,9.80665,0.000000,0.000000,0.000000,0,1,1,1,1,1,0,0,0,0
2026-09-21T06:31:24.555283+00:00,722796750,SIMULATED,4,1010116,DISARMED,0,-0.000000,0.00000,7.4000,0.0000,25.00,25.00,0.00000,0.00000,0,520,0,500,0,0,0,0,20,0,520,0,0,0,0,0,0,0,0,600,600,600,100,100,0.00000,0.00000,9.80665,0.000000,0.00000,-0.00000,0.00000,0.00000,9.80665,0.000000,0.000000,0.000000,0,1,1,1,1,1,0,0,0,0
2026-09-21T06:31:24.555324+00:00,722836875,SIMULATED,5,1012520,DISARMED,0,-0.000000,0.00000,7.4000,0.0000,25.00,25.00,0.00000,0.00000,0,520,0,500,0,0,0,0,20,0,520,0,0,0,0,0,0,0,0,600,600,600,100,100,0.00000,0.00000,9.80665,0.000000,0.00000,-0.00000,0.00000,0.00000,9.80665,0.000000,0.000000,0.000000,0,1,1,1,1,1,0,0,0,0
2026-09-21T06:31:24.555363+00:00,722876375,SIMULATED,6,1014924,DISARMED,0,-0.000000,0.00000,7.4000,0.0000,25.00,25.00,0.00000,0.00000,0,520,0,500,0,0,0,0,20,0,520,0,0,0,0,0,0,0,0,600,600,600,100,100,0.00000,0.00000,9.80665,0.000000,0.00000,-0.00000,0.00000,0.00000,9.80665,0.000000,0.000000,0.000000,0,1,1,1,1,1,0,0,0,0
2026-09-21T06:31:24.555402+00:00,722914833,SIMULATED,7,1017328,DISARMED,0,-0.000000,0.00000,7.4000,0.0000,25.00,25.00,0.00000,0.00000,0,520,0,500,0,0,0,0,20,0,520,0,0,0,0,0,0,0,0,600,600,600,100,100,0.00000,0.00000,9.80665,0.000000,0.00000,-0.00000,0.00000,0.00000,9.80665,0.000000,0.000000,0.000000,0,1,1,1,1,1,0,0,0,0
2026-09-21T06:31:24.555440+00:00,722953666,SIMULATED,8,1019732,DISARMED,0,-0.000000,0.00000,7.4000,0.0000,25.00,25.00,0.00000,0.00000,0,520,0,500,0,0,0,0,20,0,520,0,0,0,0,0,0,0,0,600,600,600,100,100,0.00000,0.00000,9.80665,0.000000,0.00000,-0.00000,0.00000,0.00000,9.80665,0.000000,0.000000,0.000000,0,1,1,1,1,1,0,0,0,0
2026-09-21T06:31:24.555484+00:00,722997708,SIMULATED,9,1022136,DISARMED,0,-0.000000,0.00000,7.4000,0.0000,25.00,25.00,0.00000,0.00000,0,520,0,500,0,0,0,0,20,0,520,0,0,0,0,0,0,0,0,600,600,600,100,100,0.00000,0.00000,9.80665,0.000000,0.00000,-0.00000,0.00000,0.00000,9.80665,0.000000,0.000000,0.000000,0,1,1,1,1,1,0,0,0,0
2026-09-21T06:31:24.555523+00:00,723035875,SIMULATED,10,1024540,DISARMED,0,-0.000000,0.00000,7.4000,0.0000,25.00,25.00,0.00000,0.00000,0,520,0,500,0,0,0,0,20,0,520,0,0,0,0,0,0,0,0,600,600,600,100,100,0.00000,0.00000,9.80665,0.000000,0.00000,-0.00000,0.00000,0.00000,9.80665,0.000000,0.000000,0.000000,0,1,1,1,1,1,0,0,0,0
2026-09-21T06:31:24.555560+00:00,723073666,SIMULATED,11,1026944,DISARMED,0,-0.000000,0.00000,7.4000,0.0000,25.00,25.00,0.00000,0.00000,0,520,0,500,0,0,0,0,20,0,520,0,0,0,0,0,0,0,0,600,600,600,100,100,0.00000,0.00000,9.80665,0.000000,0.00000,-0.00000,0.00000,0.00000,9.80665,0.000000,0.000000,0.000000,0,1,1,1,1,1,0,0,0,0
2026-09-21T06:31:24.555600+00:00,723112958,SIMULATED,12,1029348,DISARMED,0,-0.000000,0.00000,7.4000,0.0000,25.00,25.00,0.00000,0.00000,0,520,0,500,0,0,0,0,20,0,520,0,0,0,0,0,0,0,0,600,600,600,100,100,0.00000,0.00000,9.80665,0.000000,0.00000,-0.00000,0.00000,0.00000,9.80665,0.000000,0.000000,0.000000,0,1,1,1,1,1,0,0,0,0
2026-09-21T06:31:24.555638+00:00,723151166,SIMULATED,13,1031752,DISARMED,0,-0.000000,0.00000,7.4000,0.0000,25.00,25.00,0.00000,0.00000,0,520,0,500,0,0,0,0,20,0,520,0,0,0,0,0,0,0,0,600,600,600,100,100,0.00000,0.00000,9.80665,0.000000,0.00000,-0.00000,0.00000,0.00000,9.80665,0.000000,0.000000,0.000000,0,1,1,1,1,1,0,0,0,0
2026-09-21T06:31:24.555674+00:00,723186958,SIMULATED,14,1034156,DISARMED,0,-0.000000,0.00000,7.4000,0.0000,25.00,25.00,0.00000,0.00000,0,520,0,500,0,0,0,0,20,0,520,0,0,0,0,0,0,0,0,600,600,600,100,100,0.00000,0.00000,9.80665,0.000000,0.00000,-0.00000,0.00000,0.00000,9.80665,0.000000,0.000000,0.000000,0,1,1,1,1,1,0,0,0,0
2026-09-21T06:31:24.555711+00:00,723224250,SIMULATED,15,1036560,DISARMED,0,-0.000000,0.00000,7.4000,0.0000,25.00,25.00,0.00000,0.00000,0,520,0,500,0,0,0,0,20,0,520,0,0,0,0,0,0,0,0,600,600,600,100,100,0.00000,0.00000,9.80665,0.000000,0.00000,-0.00000,0.00000,0.00000,9.80665,0.000000,0.000000,0.000000,0,1,1,1,1,1,0,0,0,0
2026-09-21T06:31:24.555748+00:00,723261250,SIMULATED,16,1038964,DISARMED,0,-0.000000,0.00000,7.4000,0.0000,25.00,25.00,0.00000,0.00000,0,520,0,500,0,0,0,0,20,0,520,0,0,0,0,0,0,0,0,600,600,600,100,100,0.00000,0.00000,9.80665,0.000000,0.00000,-0.00000,0.00000,0.00000,9.80665,0.000000,0.000000,0.000000,0,1,1,1,1,1,0,0,0,0
2026-09-21T06:31:24.555785+00:00,723297791,SIMULATED,17,1041368,DISARMED,0,-0.000000,0.00000,7.4000,0.0000,25.00,25.00,0.00000,0.00000,0,520,0,500,0,0,0,0,20,0,520,0,0,0,0,0,0,0,0,600,600,600,100,100,0.00000,0.00000,9.80665,0.000000,0.00000,-0.00000,0.00000,0.00000,9.80665,0.000000,0.000000,0.000000,0,1,1,1,1,1,0,0,0,0
2026-09-21T06:31:24.555821+00:00,723334208,SIMULATED,18,1043772,DISARMED,0,-0.000000,0.00000,7.4000,0.0000,25.00,25.00,0.00000,0.00000,0,520,0,500,0,0,0,0,20,0,520,0,0,0,0,0,0,0,0,600,600,600,100,100,0.00000,0.00000,9.80665,0.000000,0.00000,-0.00000,0.00000,0.00000,9.80665,0.000000,0.000000,0.000000,0,1,1,1,1,1,0,0,0,0
2026-09-21T06:31:24.555860+00:00,723373208,SIMULATED,19,1046176,DISARMED,0,-0.000000,0.00000,7.4000,0.0000,25.00,25.00,0.00000,0.00000,0,520,0,500,0,0,0,0,20,0,520,0,0,0,0,0,0,0,0,600,600,600,100,100,0.00000,0.00000,9.80665,0.000000,0.00000,-0.00000,0.00000,0.00000,9.80665,0.000000,0.000000,0.000000,0,1,1,1,1,1,0,0,0,0
2026-09-21T06:31:24.555896+00:00,723409500,SIMULATED,20,1048580,DISARMED,0,-0.000000,0.00000,7.4000,0.0000,25.00,25.00,0.00000,0.00000,0,520,0,500,0,0,0,0,20,0,520,0,0,0,0,0,0,0,0,600,600,600,100,100,0.00000,0.00000,9.80665,0.000000,0.00000,-0.00000,0.00000,0.00000,9.80665,0.000000,0.000000,0.000000,0,1,1,1,1,1,0,0,0,0
2026-09-21T06:31:24.555934+00:00,723447083,SIMULATED,21,1050984,DISARMED,0,-0.000000,0.00000,7.4000,0.0000,25.00,25.00,0.00000,0.00000,0,520,0,500,0,0,0,0,20,0,520,0,0,0,0,0,0,0,0,600,600,600,100,100,0.00000,0.00000,9.80665,0.000000,0.00000,-0.00000,0.00000,0.00000,9.80665,0.000000,0.000000,0.000000,0,1,1,1,1,1,0,0,0,0
2026-09-21T06:31:24.555970+00:00,723483375,SIMULATED,22,1053388,DISARMED,0,-0.000000,0.00000,7.4000,0.0000,25.00,25.00,0.00000,0.00000,0,520,0,500,0,0,0,0,20,0,520,0,0,0,0,0,0,0,0,600,600,600,100,100,0.00000,0.00000,9.80665,0.000000,0.00000,-0.00000,0.00000,0.00000,9.80665,0.000000,0.000000,0.000000,0,1,1,1,1,1,0,0,0,0
2026-09-21T06:31:24.556007+00:00,723519875,SIMULATED,23,1055792,DISARMED,0,-0.000000,0.00000,7.4000,0.0000,25.00,25.00,0.00000,0.00000,0,520,0,500,0,0,0,0,20,0,520,0,0,0,0,0,0,0,0,600,600,600,100,100,0.00000,0.00000,9.80665,0.000000,0.00000,-0.00000,0.00000,0.00000,9.80665,0.000000,0.000000,0.000000,0,1,1,1,1,1,0,0,0,0
2026-09-21T06:31:24.556043+00:00,723556083,SIMULATED,24,1058196,DISARMED,0,-0.000000,0.00000,7.4000,0.0000,25.00,25.00,0.00000,0.00000,0,520,0,500,0,0,0,0,20,0,520,0,0,0,0,0,0,0,0,600,600,600,100,100,0.00000,0.00000,9.80665,0.000000,0.00000,-0.00000,0.00000,0.00000,9.80665,0.000000,0.000000,0.000000,0,1,1,1,1,1,0,0,0,0
2026-09-21T06:31:24.556082+00:00,723594916,SIMULATED,25,1060600,DISARMED,0,-0.000000,0.00000,7.4000,0.0000,25.00,25.00,0.00000,0.00000,0,520,0,500,0,0,0,0,20,0,520,0,0,0,0,0,0,0,0,600,600,600,100,100,0.00000,0.00000,9.80665,0.000000,0.00000,-0.00000,0.00000,0.00000,9.80665,0.000000,0.000000,0.000000,0,1,1,1,1,1,0,0,0,0
2026-09-21T06:31:24.556118+00:00,723631041,SIMULATED,26,1063004,DISARMED,0,-0.000000,0.00000,7.4000,0.0000,25.00,25.00,0.00000,0.00000,0,520,0,500,0,0,0,0,20,0,520,0,0,0,0,0,0,0,0,600,600,600,100,100,0.00000,0.00000,9.80665,0.000000,0.00000,-0.00000,0.00000,0.00000,9.80665,0.000000,0.000000,0.000000,0,1,1,1,1,1,0,0,0,0
2026-09-21T06:31:24.556163+00:00,723676583,SIMULATED,27,1065408,DISARMED,0,-0.000000,0.00000,7.4000,0.0000,25.00,25.00,0.00000,0.00000,0,520,0,500,0,0,0,0,20,0,520,0,0,0,0,0,0,0,0,600,600,600,100,100,0.00000,0.00000,9.80665,0.000000,0.00000,-0.00000,0.00000,0.00000,9.80665,0.000000,0.000000,0.000000,0,1,1,1,1,1,0,0,0,0
2026-09-21T06:31:24.556204+00:00,723716958,SIMULATED,28,1067812,DISARMED,0,-0.000000,0.00000,7.4000,0.0000,25.00,25.00,0.00000,0.00000,0,520,0,500,0,0,0,0,20,0,520,0,0,0,0,0,0,0,0,600,600,600,100,100,0.00000,0.00000,9.80665,0.000000,0.00000,-0.00000,0.00000,0.00000,9.80665,0.000000,0.000000,0.000000,0,1,1,1,1,1,0,0,0,0
2026-09-21T06:31:24.556242+00:00,723755500,SIMULATED,29,1070216,DISARMED,0,-0.000000,0.00000,7.4000,0.0000,25.00,25.00,0.00000,0.00000,0,520,0,500,0,0,0,0,20,0,520,0,0,0,0,0,0,0,0,600,600,600,100,100,0.00000,0.00000,9.80665,0.000000,0.00000,-0.00000,0.00000,0.00000,9.80665,0.000000,0.000000,0.000000,0,1,1,1,1,1,0,0,0,0
2026-09-21T06:31:24.556279+00:00,723791666,SIMULATED,30,1072620,DISARMED,0,-0.000000,0.00000,7.4000,0.0000,25.00,25.00,0.00000,0.00000,0,520,0,500,0,0,0,0,20,0,520,0,0,0,0,0,0,0,0,600,600,600,100,100,0.00000,0.00000,9.80665,0.000000,0.00000,-0.00000,0.00000,0.00000,9.80665,0.000000,0.000000,0.000000,0,1,1,1,1,1,0,0,0,0
2026-09-21T06:31:24.556315+00:00,723827791,SIMULATED,31,1075024,DISARMED,0,-0.000000,0.00000,7.4000,0.0000,25.00,25.00,0.00000,0.00000,0,520,0,500,0,0,0,0,20,0,520,0,0,0,0,0,0,0,0,600,600,600,100,100,0.00000,0.00000,9.80665,0.000000,0.00000,-0.00000,0.00000,0.00000,9.80665,0.000000,0.000000,0.000000,0,1,1,1,1,1,0,0,0,0
2026-09-21T06:31:24.556350+00:00,723863500,SIMULATED,32,1077428,DISARMED,0,-0.000000,0.00000,7.4000,0.0000,25.00,25.00,0.00000,0.00000,0,520,0,500,0,0,0,0,20,0,520,0,0,0,0,0,0,0,0,600,600,600,100,100,0.00000,0.00000,9.80665,0.000000,0.00000,-0.00000,0.00000,0.00000,9.80665,0.000000,0.000000,0.000000,0,1,1,1,1,1,0,0,0,0
2026-09-21T06:31:24.556386+00:00,723899583,SIMULATED,33,1079832,DISARMED,0,-0.000000,0.00000,7.4000,0.0000,25.00,25.00,0.00000,0.00000,0,520,0,500,0,0,0,0,20,0,520,0,0,0,0,0,0,0,0,600,600,600,100,100,0.00000,0.00000,9.80665,0.000000,0.00000,-0.00000,0.00000,0.00000,9.80665,0.000000,0.000000,0.000000,0,1,1,1,1,1,0,0,0,0
2026-09-21T06:31:24.556422+00:00,723934958,SIMULATED,34,1082236,DISARMED,0,-0.000000,0.00000,7.4000,0.0000,25.00,25.00,0.00000,0.00000,0,520,0,500,0,0,0,0,20,0,520,0,0,0,0,0,0,0,0,600,600,600,100,100,0.00000,0.00000,9.80665,0.000000,0.00000,-0.00000,0.00000,0.00000,9.80665,0.000000,0.000000,0.000000,0,1,1,1,1,1,0,0,0,0
2026-09-21T06:31:24.556457+00:00,723970333,SIMULATED,35,1084640,DISARMED,0,-0.000000,0.00000,7.4000,0.0000,25.00,25.00,0.00000,0.00000,0,520,0,500,0,0,0,0,20,0,520,0,0,0,0,0,0,0,0,600,600,600,100,100,0.00000,0.00000,9.80665,0.000000,0.00000,-0.00000,0.00000,0.00000,9.80665,0.000000,0.000000,0.000000,0,1,1,1,1,1,0,0,0,0
2026-09-21T06:31:24.556493+00:00,724006083,SIMULATED,36,1087044,DISARMED,0,-0.000000,0.00000,7.4000,0.0000,25.00,25.00,0.00000,0.00000,0,520,0,500,0,0,0,0,20,0,520,0,0,0,0,0,0,0,0,600,600,600,100,100,0.00000,0.00000,9.80665,0.000000,0.00000,-0.00000,0.00000,0.00000,9.80665,0.000000,0.000000,0.000000,0,1,1,1,1,1,0,0,0,0
2026-09-21T06:31:24.556528+00:00,724041416,SIMULATED,37,1089448,DISARMED,0,-0.000000,0.00000,7.4000,0.0000,25.00,25.00,0.00000,0.00000,0,520,0,500,0,0,0,0,20,0,520,0,0,0,0,0,0,0,0,600,600,600,100,100,0.00000,0.00000,9.80665,0.000000,0.00000,-0.00000,0.00000,0.00000,9.80665,0.000000,0.000000,0.000000,0,1,1,1,1,1,0,0,0,0
2026-09-21T06:31:24.556568+00:00,724081500,SIMULATED,38,1091852,DISARMED,0,-0.000000,0.00000,7.4000,0.0000,25.00,25.00,0.00000,0.00000,0,520,0,500,0,0,0,0,20,0,520,0,0,0,0,0,0,0,0,600,600,600,100,100,0.00000,0.00000,9.80665,0.000000,0.00000,-0.00000,0.00000,0.00000,9.80665,0.000000,0.000000,0.000000,0,1,1,1,1,1,0,0,0,0
2026-09-21T06:31:24.556608+00:00,724120708,SIMULATED,39,1094256,DISARMED,0,-0.000000,0.00000,7.4000,0.0000,25.00,25.00,0.00000,0.00000,0,520,0,500,0,0,0,0,20,0,520,0,0,0,0,0,0,0,0,600,600,600,100,100,0.00000,0.00000,9.80665,0.000000,0.00000,-0.00000,0.00000,0.00000,9.80665,0.000000,0.000000,0.000000,0,1,1,1,1,1,0,0,0,0
2026-09-21T06:31:24.556642+00:00,724154708,SIMULATED,40,1096660,DISARMED,0,-0.000000,0.00000,7.4000,0.0000,25.00,25.00,0.00000,0.00000,0,520,0,500,0,0,0,0,20,0,520,0,0,0,0,0,0,0,0,600,600,600,100,100,0.00000,0.00000,9.80665,0.000000,0.00000,-0.00000,0.00000,0.00000,9.80665,0.000000,0.000000,0.000000,0,1,1,1,1,1,0,0,0,0
2026-09-21T06:31:24.556675+00:00,724188541,SIMULATED,41,1099064,DISARMED,0,-0.000000,0.00000,7.4000,0.0000,25.00,25.00,0.00000,0.00000,0,520,0,500,0,0,0,0,20,0,520,0,0,0,0,0,0,0,0,600,600,600,100,100,0.00000,0.00000,9.80665,0.000000,0.00000,-0.00000,0.00000,0.00000,9.80665,0.000000,0.000000,0.000000,0,1,1,1,1,1,0,0,0,0
2026-09-21T06:31:24.556710+00:00,724223041,SIMULATED,42,1101468,DISARMED,0,-0.000000,0.00000,7.4000,0.0000,25.00,25.00,0.00000,0.00000,0,520,0,500,0,0,0,0,20,0,520,0,0,0,0,0,0,0,0,600,600,600,100,100,0.00000,0.00000,9.80665,0.000000,0.00000,-0.00000,0.00000,0.00000,9.80665,0.000000,0.000000,0.000000,0,1,1,1,1,1,0,0,0,0
2026-09-21T06:31:24.556745+00:00,724258041,SIMULATED,43,1103872,DISARMED,0,-0.000000,0.00000,7.4000,0.0000,25.00,25.00,0.00000,0.00000,0,520,0,500,0,0,0,0,20,0,520,0,0,0,0,0,0,0,0,600,600,600,100,100,0.00000,0.00000,9.80665,0.000000,0.00000,-0.00000,0.00000,0.00000,9.80665,0.000000,0.000000,0.000000,0,1,1,1,1,1,0,0,0,0
2026-09-21T06:31:24.556780+00:00,724292916,SIMULATED,44,1106276,DISARMED,0,-0.000000,0.00000,7.4000,0.0000,25.00,25.00,0.00000,0.00000,0,520,0,500,0,0,0,0,20,0,520,0,0,0,0,0,0,0,0,600,600,600,100,100,0.00000,0.00000,9.80665,0.000000,0.00000,-0.00000,0.00000,0.00000,9.80665,0.000000,0.000000,0.000000,0,1,1,1,1,1,0,0,0,0
2026-09-21T06:31:24.556816+00:00,724329250,SIMULATED,45,1108680,DISARMED,0,-0.000000,0.00000,7.4000,0.0000,25.00,25.00,0.00000,0.00000,0,520,0,500,0,0,0,0,20,0,520,0,0,0,0,0,0,0,0,600,600,600,100,100,0.00000,0.00000,9.80665,0.000000,0.00000,-0.00000,0.00000,0.00000,9.80665,0.000000,0.000000,0.000000,0,1,1,1,1,1,0,0,0,0
2026-09-21T06:31:24.556853+00:00,724365708,SIMULATED,46,1111084,DISARMED,0,-0.000000,0.00000,7.4000,0.0000,25.00,25.00,0.00000,0.00000,0,520,0,500,0,0,0,0,20,0,520,0,0,0,0,0,0,0,0,600,600,600,100,100,0.00000,0.00000,9.80665,0.000000,0.00000,-0.00000,0.00000,0.00000,9.80665,0.000000,0.000000,0.000000,0,1,1,1,1,1,0,0,0,0
2026-09-21T06:31:24.556888+00:00,724400833,SIMULATED,47,1113488,DISARMED,0,-0.000000,0.00000,7.4000,0.0000,25.00,25.00,0.00000,0.00000,0,520,0,500,0,0,0,0,20,0,520,0,0,0,0,0,0,0,0,600,600,600,100,100,0.00000,0.00000,9.80665,0.000000,0.00000,-0.00000,0.00000,0.00000,9.80665,0.000000,0.000000,0.000000,0,1,1,1,1,1,0,0,0,0
2026-09-21T06:31:24.556923+00:00,724435875,SIMULATED,48,1115892,DISARMED,0,-0.000000,0.00000,7.4000,0.0000,25.00,25.00,0.00000,0.00000,0,520,0,500,0,0,0,0,20,0,520,0,0,0,0,0,0,0,0,600,600,600,100,100,0.00000,0.00000,9.80665,0.000000,0.00000,-0.00000,0.00000,0.00000,9.80665,0.000000,0.000000,0.000000,0,1,1,1,1,1,0,0,0,0
2026-09-21T06:31:24.556960+00:00,724472833,SIMULATED,49,1118296,DISARMED,0,-0.000000,0.00000,7.4000,0.0000,25.00,25.00,0.00000,0.00000,0,520,0,500,0,0,0,0,20,0,520,0,0,0,0,0,0,0,0,600,600,600,100,100,0.00000,0.00000,9.80665,0.000000,0.00000,-0.00000,0.00000,0.00000,9.80665,0.000000,0.000000,0.000000,0,1,1,1,1,1,0,0,0,0
2026-09-21T06:31:24.556997+00:00,724510458,SIMULATED,50,1120700,DISARMED,0,-0.000000,0.00000,7.4000,0.0000,25.00,25.00,0.00000,0.00000,0,520,0,500,0,0,0,0,20,0,520,0,0,0,0,0,0,0,0,600,600,600,100,100,0.00000,0.00000,9.80665,0.000000,0.00000,-0.00000,0.00000,0.00000,9.80665,0.000000,0.000000,0.000000,0,1,1,1,1,1,0,0,0,0
2026-09-21T06:31:24.557034+00:00,724547125,SIMULATED,51,1123104,DISARMED,0,-0.000000,0.00000,7.4000,0.0000,25.00,25.00,0.00000,0.00000,0,520,0,500,0,0,0,0,20,0,520,0,0,0,0,0,0,0,0,600,600,600,100,100,0.00000,0.00000,9.80665,0.000000,0.00000,-0.00000,0.00000,0.00000,9.80665,0.000000,0.000000,0.000000,0,1,1,1,1,1,0,0,0,0
2026-09-21T06:31:24.557069+00:00,724581916,SIMULATED,52,1125508,DISARMED,0,-0.000000,0.00000,7.4000,0.0000,25.00,25.00,0.00000,0.00000,0,520,0,500,0,0,0,0,20,0,520,0,0,0,0,0,0,0,0,600,600,600,100,100,0.00000,0.00000,9.80665,0.000000,0.00000,-0.00000,0.00000,0.00000,9.80665,0.000000,0.000000,0.000000,0,1,1,1,1,1,0,0,0,0
2026-09-21T06:31:24.557103+00:00,724616333,SIMULATED,53,1127912,DISARMED,0,-0.000000,0.00000,7.4000,0.0000,25.00,25.00,0.00000,0.00000,0,520,0,500,0,0,0,0,20,0,520,0,0,0,0,0,0,0,0,600,600,600,100,100,0.00000,0.00000,9.80665,0.000000,0.00000,-0.00000,0.00000,0.00000,9.80665,0.000000,0.000000,0.000000,0,1,1,1,1,1,0,0,0,0
2026-09-21T06:31:24.557137+00:00,724649958,SIMULATED,54,1130316,DISARMED,0,-0.000000,0.00000,7.4000,0.0000,25.00,25.00,0.00000,0.00000,0,520,0,500,0,0,0,0,20,0,520,0,0,0,0,0,0,0,0,600,600,600,100,100,0.00000,0.00000,9.80665,0.000000,0.00000,-0.00000,0.00000,0.00000,9.80665,0.000000,0.000000,0.000000,0,1,1,1,1,1,0,0,0,0
2026-09-21T06:31:24.557171+00:00,724683791,SIMULATED,55,1132720,DISARMED,0,-0.000000,0.00000,7.4000,0.0000,25.00,25.00,0.00000,0.00000,0,520,0,500,0,0,0,0,20,0,520,0,0,0,0,0,0,0,0,600,600,600,100,100,0.00000,0.00000,9.80665,0.000000,0.00000,-0.00000,0.00000,0.00000,9.80665,0.000000,0.000000,0.000000,0,1,1,1,1,1,0,0,0,0
2026-09-21T06:31:24.557208+00:00,724720916,SIMULATED,56,1135124,DISARMED,0,-0.000000,0.00000,7.4000,0.0000,25.00,25.00,0.00000,0.00000,0,520,0,500,0,0,0,0,20,0,520,0,0,0,0,0,0,0,0,600,600,600,100,100,0.00000,0.00000,9.80665,0.000000,0.00000,-0.00000,0.00000,0.00000,9.80665,0.000000,0.000000,0.000000,0,1,1,1,1,1,0,0,0,0
2026-09-21T06:31:24.557253+00:00,724766291,SIMULATED,57,1137528,DISARMED,0,-0.000000,0.00000,7.4000,0.0000,25.00,25.00,0.00000,0.00000,0,520,0,500,0,0,0,0,20,0,520,0,0,0,0,0,0,0,0,600,600,600,100,100,0.00000,0.00000,9.80665,0.000000,0.00000,-0.00000,0.00000,0.00000,9.80665,0.000000,0.000000,0.000000,0,1,1,1,1,1,0,0,0,0
2026-09-21T06:31:24.557292+00:00,724804708,SIMULATED,58,1139932,DISARMED,0,-0.000000,0.00000,7.4000,0.0000,25.00,25.00,0.00000,0.00000,0,520,0,500,0,0,0,0,20,0,520,0,0,0,0,0,0,0,0,600,600,600,100,100,0.00000,0.00000,9.80665,0.000000,0.00000,-0.00000,0.00000,0.00000,9.80665,0.000000,0.000000,0.000000,0,1,1,1,1,1,0,0,0,0
2026-09-21T06:31:24.557329+00:00,724842125,SIMULATED,59,1142336,DISARMED,0,-0.000000,0.00000,7.4000,0.0000,25.00,25.00,0.00000,0.00000,0,520,0,500,0,0,0,0,20,0,520,0,0,0,0,0,0,0,0,600,600,600,100,100,0.00000,0.00000,9.80665,0.000000,0.00000,-0.00000,0.00000,0.00000,9.80665,0.000000,0.000000,0.000000,0,1,1,1,1,1,0,0,0,0
2026-09-21T06:31:24.557366+00:00,724878750,SIMULATED,60,1144740,DISARMED,0,-0.000000,0.00000,7.4000,0.0000,25.00,25.00,0.00000,0.00000,0,520,0,500,0,0,0,0,20,0,520,0,0,0,0,0,0,0,0,600,600,600,100,100,0.00000,0.00000,9.80665,0.000000,0.00000,-0.00000,0.00000,0.00000,9.80665,0.000000,0.000000,0.000000,0,1,1,1,1,1,0,0,0,0
2026-09-21T06:31:24.557401+00:00,724913708,SIMULATED,61,1147144,DISARMED,0,-0.000000,0.00000,7.4000,0.0000,25.00,25.00,0.00000,0.00000,0,520,0,500,0,0,0,0,20,0,520,0,0,0,0,0,0,0,0,600,600,600,100,100,0.00000,0.00000,9.80665,0.000000,0.00000,-0.00000,0.00000,0.00000,9.80665,0.000000,0.000000,0.000000,0,1,1,1,1,1,0,0,0,0
2026-09-21T06:31:24.557436+00:00,724948875,SIMULATED,62,1149548,DISARMED,0,-0.000000,0.00000,7.4000,0.0000,25.00,25.00,0.00000,0.00000,0,520,0,500,0,0,0,0,20,0,520,0,0,0,0,0,0,0,0,600,600,600,100,100,0.00000,0.00000,9.80665,0.000000,0.00000,-0.00000,0.00000,0.00000,9.80665,0.000000,0.000000,0.000000,0,1,1,1,1,1,0,0,0,0
2026-09-21T06:31:24.557474+00:00,724986875,SIMULATED,63,1151952,DISARMED,0,-0.000000,0.00000,7.4000,0.0000,25.00,25.00,0.00000,0.00000,0,520,0,500,0,0,0,0,20,0,520,0,0,0,0,0,0,0,0,600,600,600,100,100,0.00000,0.00000,9.80665,0.000000,0.00000,-0.00000,0.00000,0.00000,9.80665,0.000000,0.000000,0.000000,0,1,1,1,1,1,0,0,0,0
2026-09-21T06:31:24.557509+00:00,725021708,SIMULATED,64,1154356,DISARMED,0,-0.000000,0.00000,7.4000,0.0000,25.00,25.00,0.00000,0.00000,0,520,0,500,0,0,0,0,20,0,520,0,0,0,0,0,0,0,0,600,600,600,100,100,0.00000,0.00000,9.80665,0.000000,0.00000,-0.00000,0.00000,0.00000,9.80665,0.000000,0.000000,0.000000,0,1,1,1,1,1,0,0,0,0
2026-09-21T06:31:24.557544+00:00,725056708,SIMULATED,65,1156760,DISARMED,0,-0.000000,0.00000,7.4000,0.0000,25.00,25.00,0.00000,0.00000,0,520,0,500,0,0,0,0,20,0,520,0,0,0,0,0,0,0,0,600,600,600,100,100,0.00000,0.00000,9.80665,0.000000,0.00000,-0.00000,0.00000,0.00000,9.80665,0.000000,0.000000,0.000000,0,1,1,1,1,1,0,0,0,0
2026-09-21T06:31:24.557579+00:00,725091833,SIMULATED,66,1159164,DISARMED,0,-0.000000,0.00000,7.4000,0.0000,25.00,25.00,0.00000,0.00000,0,520,0,500,0,0,0,0,20,0,520,0,0,0,0,0,0,0,0,600,600,600,100,100,0.00000,0.00000,9.80665,0.000000,0.00000,-0.00000,0.00000,0.00000,9.80665,0.000000,0.000000,0.000000,0,1,1,1,1,1,0,0,0,0
2026-09-21T06:31:24.557613+00:00,725126125,SIMULATED,67,1161568,DISARMED,0,-0.000000,0.00000,7.4000,0.0000,25.00,25.00,0.00000,0.00000,0,520,0,500,0,0,0,0,20,0,520,0,0,0,0,0,0,0,0,600,600,600,100,100,0.00000,0.00000,9.80665,0.000000,0.00000,-0.00000,0.00000,0.00000,9.80665,0.000000,0.000000,0.000000,0,1,1,1,1,1,0,0,0,0
2026-09-21T06:31:24.557647+00:00,725159791,SIMULATED,68,1163972,DISARMED,0,-0.000000,0.00000,7.4000,0.0000,25.00,25.00,0.00000,0.00000,0,520,0,500,0,0,0,0,20,0,520,0,0,0,0,0,0,0,0,600,600,600,100,100,0.00000,0.00000,9.80665,0.000000,0.00000,-0.00000,0.00000,0.00000,9.80665,0.000000,0.000000,0.000000,0,1,1,1,1,1,0,0,0,0
2026-09-21T06:31:24.557686+00:00,725199166,SIMULATED,69,1166376,DISARMED,0,-0.000000,0.00000,7.4000,0.0000,25.00,25.00,0.00000,0.00000,0,520,0,500,0,0,0,0,20,0,520,0,0,0,0,0,0,0,0,600,600,600,100,100,0.00000,0.00000,9.80665,0.000000,0.00000,-0.00000,0.00000,0.00000,9.80665,0.000000,0.000000,0.000000,0,1,1,1,1,1,0,0,0,0
2026-09-21T06:31:24.557721+00:00,725233916,SIMULATED,70,1168780,DISARMED,0,-0.000000,0.00000,7.4000,0.0000,25.00,25.00,0.00000,0.00000,0,520,0,500,0,0,0,0,20,0,520,0,0,0,0,0,0,0,0,600,600,600,100,100,0.00000,0.00000,9.80665,0.000000,0.00000,-0.00000,0.00000,0.00000,9.80665,0.000000,0.000000,0.000000,0,1,1,1,1,1,0,0,0,0
2026-09-21T06:31:24.557762+00:00,725274750,SIMULATED,71,1171184,DISARMED,0,-0.000000,0.00000,7.4000,0.0000,25.00,25.00,0.00000,0.00000,0,520,0,500,0,0,0,0,20,0,520,0,0,0,0,0,0,0,0,600,600,600,100,100,0.00000,0.00000,9.80665,0.000000,0.00000,-0.00000,0.00000,0.00000,9.80665,0.000000,0.000000,0.000000,0,1,1,1,1,1,0,0,0,0
2026-09-21T06:31:24.557797+00:00,725309875,SIMULATED,72,1173588,DISARMED,0,-0.000000,0.00000,7.4000,0.0000,25.00,25.00,0.00000,0.00000,0,520,0,500,0,0,0,0,20,0,520,0,0,0,0,0,0,0,0,600,600,600,100,100,0.00000,0.00000,9.80665,0.000000,0.00000,-0.00000,0.00000,0.00000,9.80665,0.000000,0.000000,0.000000,0,1,1,1,1,1,0,0,0,0
2026-09-21T06:31:24.557832+00:00,725345375,SIMULATED,73,1175992,DISARMED,0,-0.000000,0.00000,7.4000,0.0000,25.00,25.00,0.00000,0.00000,0,520,0,500,0,0,0,0,20,0,520,0,0,0,0,0,0,0,0,600,600,600,100,100,0.00000,0.00000,9.80665,0.000000,0.00000,-0.00000,0.00000,0.00000,9.80665,0.000000,0.000000,0.000000,0,1,1,1,1,1,0,0,0,0
2026-09-21T06:31:24.557868+00:00,725380708,SIMULATED,74,1178396,DISARMED,0,-0.000000,0.00000,7.4000,0.0000,25.00,25.00,0.00000,0.00000,0,520,0,500,0,0,0,0,20,0,520,0,0,0,0,0,0,0,0,600,600,600,100,100,0.00000,0.00000,9.80665,0.000000,0.00000,-0.00000,0.00000,0.00000,9.80665,0.000000,0.000000,0.000000,0,1,1,1,1,1,0,0,0,0
2026-09-21T06:31:24.557904+00:00,725417333,SIMULATED,75,1180800,DISARMED,0,-0.000000,0.00000,7.4000,0.0000,25.00,25.00,0.00000,0.00000,0,520,0,500,0,0,0,0,20,0,520,0,0,0,0,0,0,0,0,600,600,600,100,100,0.00000,0.00000,9.80665,0.000000,0.00000,-0.00000,0.00000,0.00000,9.80665,0.000000,0.000000,0.000000,0,1,1,1,1,1,0,0,0,0
2026-09-21T06:31:24.557942+00:00,725454625,SIMULATED,76,1183204,DISARMED,0,-0.000000,0.00000,7.4000,0.0000,25.00,25.00,0.00000,0.00000,0,520,0,500,0,0,0,0,20,0,520,0,0,0,0,0,0,0,0,600,600,600,100,100,0.00000,0.00000,9.80665,0.000000,0.00000,-0.00000,0.00000,0.00000,9.80665,0.000000,0.000000,0.000000,0,1,1,1,1,1,0,0,0,0
2026-09-21T06:31:24.557977+00:00,725490041,SIMULATED,77,1185608,DISARMED,0,-0.000000,0.00000,7.4000,0.0000,25.00,25.00,0.00000,0.00000,0,520,0,500,0,0,0,0,20,0,520,0,0,0,0,0,0,0,0,600,600,600,100,100,0.00000,0.00000,9.80665,0.000000,0.00000,-0.00000,0.00000,0.00000,9.80665,0.000000,0.000000,0.000000,0,1,1,1,1,1,0,0,0,0
2026-09-21T06:31:24.558013+00:00,725525666,SIMULATED,78,1188012,DISARMED,0,-0.000000,0.00000,7.4000,0.0000,25.00,25.00,0.00000,0.00000,0,520,0,500,0,0,0,0,20,0,520,0,0,0,0,0,0,0,0,600,600,600,100,100,0.00000,0.00000,9.80665,0.000000,0.00000,-0.00000,0.00000,0.00000,9.80665,0.000000,0.000000,0.000000,0,1,1,1,1,1,0,0,0,0
2026-09-21T06:31:24.558052+00:00,725564791,SIMULATED,79,1190416,DISARMED,0,-0.000000,0.00000,7.4000,0.0000,25.00,25.00,0.00000,0.00000,0,520,0,500,0,0,0,0,20,0,520,0,0,0,0,0,0,0,0,600,600,600,100,100,0.00000,0.00000,9.80665,0.000000,0.00000,-0.00000,0.00000,0.00000,9.80665,0.000000,0.000000,0.000000,0,1,1,1,1,1,0,0,0,0
2026-09-21T06:31:24.558087+00:00,725600000,SIMULATED,80,1192820,DISARMED,0,-0.000000,0.00000,7.4000,0.0000,25.00,25.00,0.00000,0.00000,0,520,0,500,0,0,0,0,20,0,520,0,0,0,0,0,0,0,0,600,600,600,100,100,0.00000,0.00000,9.80665,0.000000,0.00000,-0.00000,0.00000,0.00000,9.80665,0.000000,0.000000,0.000000,0,1,1,1,1,1,0,0,0,0
2026-09-21T06:31:24.558123+00:00,725635583,SIMULATED,81,1195224,DISARMED,0,-0.000000,0.00000,7.4000,0.0000,25.00,25.00,0.00000,0.00000,0,520,0,500,0,0,0,0,20,0,520,0,0,0,0,0,0,0,0,600,600,600,100,100,0.00000,0.00000,9.80665,0.000000,0.00000,-0.00000,0.00000,0.00000,9.80665,0.000000,0.000000,0.000000,0,1,1,1,1,1,0,0,0,0
2026-09-21T06:31:24.558157+00:00,725670375,SIMULATED,82,1197628,DISARMED,0,-0.000000,0.00000,7.4000,0.0000,25.00,25.00,0.00000,0.00000,0,520,0,500,0,0,0,0,20,0,520,0,0,0,0,0,0,0,0,600,600,600,100,100,0.00000,0.00000,9.80665,0.000000,0.00000,-0.00000,0.00000,0.00000,9.80665,0.000000,0.000000,0.000000,0,1,1,1,1,1,0,0,0,0
2026-09-21T06:31:24.558192+00:00,725704708,SIMULATED,83,1200032,DISARMED,0,-0.000000,0.00000,7.4000,0.0000,25.00,25.00,0.00000,0.00000,0,520,0,500,0,0,0,0,20,0,520,0,0,0,0,0,0,0,0,600,600,600,100,100,0.00000,0.00000,9.80665,0.000000,0.00000,-0.00000,0.00000,0.00000,9.80665,0.000000,0.000000,0.000000,0,1,1,1,1,1,0,0,0,0
2026-09-21T06:31:24.558227+00:00,725740208,SIMULATED,84,1202436,DISARMED,0,-0.000000,0.00000,7.4000,0.0000,25.00,25.00,0.00000,0.00000,0,520,0,500,0,0,0,0,20,0,520,0,0,0,0,0,0,0,0,600,600,600,100,100,0.00000,0.00000,9.80665,0.000000,0.00000,-0.00000,0.00000,0.00000,9.80665,0.000000,0.000000,0.000000,0,1,1,1,1,1,0,0,0,0
2026-09-21T06:31:24.558263+00:00,725775708,SIMULATED,85,1204840,DISARMED,0,-0.000000,0.00000,7.4000,0.0000,25.00,25.00,0.00000,0.00000,0,520,0,500,0,0,0,0,20,0,520,0,0,0,0,0,0,0,0,600,600,600,100,100,0.00000,0.00000,9.80665,0.000000,0.00000,-0.00000,0.00000,0.00000,9.80665,0.000000,0.000000,0.000000,0,1,1,1,1,1,0,0,0,0
2026-09-21T06:31:24.558298+00:00,725810708,SIMULATED,86,1207244,DISARMED,0,-0.000000,0.00000,7.4000,0.0000,25.00,25.00,0.00000,0.00000,0,520,0,500,0,0,0,0,20,0,520,0,0,0,0,0,0,0,0,600,600,600,100,100,0.00000,0.00000,9.80665,0.000000,0.00000,-0.00000,0.00000,0.00000,9.80665,0.000000,0.000000,0.000000,0,1,1,1,1,1,0,0,0,0
2026-09-21T06:31:24.558337+00:00,725850625,SIMULATED,87,1209648,DISARMED,0,-0.000000,0.00000,7.4000,0.0000,25.00,25.00,0.00000,0.00000,0,520,0,500,0,0,0,0,20,0,520,0,0,0,0,0,0,0,0,600,600,600,100,100,0.00000,0.00000,9.80665,0.000000,0.00000,-0.00000,0.00000,0.00000,9.80665,0.000000,0.000000,0.000000,0,1,1,1,1,1,0,0,0,0
2026-09-21T06:31:24.558376+00:00,725888666,SIMULATED,88,1212052,DISARMED,0,-0.000000,0.00000,7.4000,0.0000,25.00,25.00,0.00000,0.00000,0,520,0,500,0,0,0,0,20,0,520,0,0,0,0,0,0,0,0,600,600,600,100,100,0.00000,0.00000,9.80665,0.000000,0.00000,-0.00000,0.00000,0.00000,9.80665,0.000000,0.000000,0.000000,0,1,1,1,1,1,0,0,0,0
2026-09-21T06:31:24.558415+00:00,725927833,SIMULATED,89,1214456,DISARMED,0,-0.000000,0.00000,7.4000,0.0000,25.00,25.00,0.00000,0.00000,0,520,0,500,0,0,0,0,20,0,520,0,0,0,0,0,0,0,0,600,600,600,100,100,0.00000,0.00000,9.80665,0.000000,0.00000,-0.00000,0.00000,0.00000,9.80665,0.000000,0.000000,0.000000,0,1,1,1,1,1,0,0,0,0
2026-09-21T06:31:24.558450+00:00,725963458,SIMULATED,90,1216860,DISARMED,0,-0.000000,0.00000,7.4000,0.0000,25.00,25.00,0.00000,0.00000,0,520,0,500,0,0,0,0,20,0,520,0,0,0,0,0,0,0,0,600,600,600,100,100,0.00000,0.00000,9.80665,0.000000,0.00000,-0.00000,0.00000,0.00000,9.80665,0.000000,0.000000,0.000000,0,1,1,1,1,1,0,0,0,0
2026-09-21T06:31:24.558486+00:00,725998750,SIMULATED,91,1219264,DISARMED,0,-0.000000,0.00000,7.4000,0.0000,25.00,25.00,0.00000,0.00000,0,520,0,500,0,0,0,0,20,0,520,0,0,0,0,0,0,0,0,600,600,600,100,100,0.00000,0.00000,9.80665,0.000000,0.00000,-0.00000,0.00000,0.00000,9.80665,0.000000,0.000000,0.000000,0,1,1,1,1,1,0,0,0,0
2026-09-21T06:31:24.558520+00:00,726033500,SIMULATED,92,1221668,DISARMED,0,-0.000000,0.00000,7.4000,0.0000,25.00,25.00,0.00000,0.00000,0,520,0,500,0,0,0,0,20,0,520,0,0,0,0,0,0,0,0,600,600,600,100,100,0.00000,0.00000,9.80665,0.000000,0.00000,-0.00000,0.00000,0.00000,9.80665,0.000000,0.000000,0.000000,0,1,1,1,1,1,0,0,0,0
2026-09-21T06:31:24.558557+00:00,726070416,SIMULATED,93,1224072,DISARMED,0,-0.000000,0.00000,7.4000,0.0000,25.00,25.00,0.00000,0.00000,0,520,0,500,0,0,0,0,20,0,520,0,0,0,0,0,0,0,0,600,600,600,100,100,0.00000,0.00000,9.80665,0.000000,0.00000,-0.00000,0.00000,0.00000,9.80665,0.000000,0.000000,0.000000,0,1,1,1,1,1,0,0,0,0
2026-09-21T06:31:24.558593+00:00,726106166,SIMULATED,94,1226476,DISARMED,0,-0.000000,0.00000,7.4000,0.0000,25.00,25.00,0.00000,0.00000,0,520,0,500,0,0,0,0,20,0,520,0,0,0,0,0,0,0,0,600,600,600,100,100,0.00000,0.00000,9.80665,0.000000,0.00000,-0.00000,0.00000,0.00000,9.80665,0.000000,0.000000,0.000000,0,1,1,1,1,1,0,0,0,0
2026-09-21T06:31:24.558627+00:00,726139750,SIMULATED,95,1228880,DISARMED,0,-0.000000,0.00000,7.4000,0.0000,25.00,25.00,0.00000,0.00000,0,520,0,500,0,0,0,0,20,0,520,0,0,0,0,0,0,0,0,600,600,600,100,100,0.00000,0.00000,9.80665,0.000000,0.00000,-0.00000,0.00000,0.00000,9.80665,0.000000,0.000000,0.000000,0,1,1,1,1,1,0,0,0,0
2026-09-21T06:31:24.558660+00:00,726173500,SIMULATED,96,1231284,DISARMED,0,-0.000000,0.00000,7.4000,0.0000,25.00,25.00,0.00000,0.00000,0,520,0,500,0,0,0,0,20,0,520,0,0,0,0,0,0,0,0,600,600,600,100,100,0.00000,0.00000,9.80665,0.000000,0.00000,-0.00000,0.00000,0.00000,9.80665,0.000000,0.000000,0.000000,0,1,1,1,1,1,0,0,0,0
2026-09-21T06:31:24.558695+00:00,726207791,SIMULATED,97,1233688,DISARMED,0,-0.000000,0.00000,7.4000,0.0000,25.00,25.00,0.00000,0.00000,0,520,0,500,0,0,0,0,20,0,520,0,0,0,0,0,0,0,0,600,600,600,100,100,0.00000,0.00000,9.80665,0.000000,0.00000,-0.00000,0.00000,0.00000,9.80665,0.000000,0.000000,0.000000,0,1,1,1,1,1,0,0,0,0
2026-09-21T06:31:24.558729+00:00,726242500,SIMULATED,98,1236092,DISARMED,0,-0.000000,0.00000,7.4000,0.0000,25.00,25.00,0.00000,0.00000,0,520,0,500,0,0,0,0,20,0,520,0,0,0,0,0,0,0,0,600,600,600,100,100,0.00000,0.00000,9.80665,0.000000,0.00000,-0.00000,0.00000,0.00000,9.80665,0.000000,0.000000,0.000000,0,1,1,1,1,1,0,0,0,0
2026-09-21T06:31:24.558768+00:00,726280625,SIMULATED,99,1238496,DISARMED,0,-0.000000,0.00000,7.4000,0.0000,25.00,25.00,0.00000,0.00000,0,520,0,500,0,0,0,0,20,0,520,0,0,0,0,0,0,0,0,600,600,600,100,100,0.00000,0.00000,9.80665,0.000000,0.00000,-0.00000,0.00000,0.00000,9.80665,0.000000,0.000000,0.000000,0,1,1,1,1,1,0,0,0,0
2026-09-21T06:31:24.558803+00:00,726315750,SIMULATED,100,1240900,DISARMED,0,-0.000000,0.00000,7.4000,0.0000,25.00,25.00,0.00000,0.00000,0,520,0,500,0,0,0,0,20,0,520,0,0,0,0,0,0,0,0,600,600,600,100,100,0.00000,0.00000,9.80665,0.000000,0.00000,-0.00000,0.00000,0.00000,9.80665,0.000000,0.000000,0.000000,0,1,1,1,1,1,0,0,0,0
2026-09-21T06:31:24.558840+00:00,726353458,SIMULATED,101,1243304,DISARMED,0,-0.000000,0.00000,7.4000,0.0000,25.00,25.00,0.00000,0.00000,0,520,0,500,0,0,0,0,20,0,520,0,0,0,0,0,0,0,0,600,600,600,100,100,0.00000,0.00000,9.80665,0.000000,0.00000,-0.00000,0.00000,0.00000,9.80665,0.000000,0.000000,0.000000,0,1,1,1,1,1,0,0,0,0
2026-09-21T06:31:24.558876+00:00,726388916,SIMULATED,102,1245708,DISARMED,0,-0.000000,0.00000,7.4000,0.0000,25.00,25.00,0.00000,0.00000,0,520,0,500,0,0,0,0,20,0,520,0,0,0,0,0,0,0,0,600,600,600,100,100,0.00000,0.00000,9.80665,0.000000,0.00000,-0.00000,0.00000,0.00000,9.80665,0.000000,0.000000,0.000000,0,1,1,1,1,1,0,0,0,0
2026-09-21T06:31:24.558911+00:00,726424333,SIMULATED,103,1248112,DISARMED,0,-0.000000,0.00000,7.4000,0.0000,25.00,25.00,0.00000,0.00000,0,520,0,500,0,0,0,0,20,0,520,0,0,0,0,0,0,0,0,600,600,600,100,100,0.00000,0.00000,9.80665,0.000000,0.00000,-0.00000,0.00000,0.00000,9.80665,0.000000,0.000000,0.000000,0,1,1,1,1,1,0,0,0,0
2026-09-21T06:31:24.558947+00:00,726459666,SIMULATED,104,1250516,DISARMED,0,-0.000000,0.00000,7.4000,0.0000,25.00,25.00,0.00000,0.00000,0,520,0,500,0,0,0,0,20,0,520,0,0,0,0,0,0,0,0,600,600,600,100,100,0.00000,0.00000,9.80665,0.000000,0.00000,-0.00000,0.00000,0.00000,9.80665,0.000000,0.000000,0.000000,0,1,1,1,1,1,0,0,0,0
2026-09-21T06:31:24.558983+00:00,726496166,SIMULATED,105,1252920,DISARMED,0,-0.000000,0.00000,7.4000,0.0000,25.00,25.00,0.00000,0.00000,0,520,0,500,0,0,0,0,20,0,520,0,0,0,0,0,0,0,0,600,600,600,100,100,0.00000,0.00000,9.80665,0.000000,0.00000,-0.00000,0.00000,0.00000,9.80665,0.000000,0.000000,0.000000,0,1,1,1,1,1,0,0,0,0
2026-09-21T06:31:24.559018+00:00,726531375,SIMULATED,106,1255324,DISARMED,0,-0.000000,0.00000,7.4000,0.0000,25.00,25.00,0.00000,0.00000,0,520,0,500,0,0,0,0,20,0,520,0,0,0,0,0,0,0,0,600,600,600,100,100,0.00000,0.00000,9.80665,0.000000,0.00000,-0.00000,0.00000,0.00000,9.80665,0.000000,0.000000,0.000000,0,1,1,1,1,1,0,0,0,0
2026-09-21T06:31:24.559053+00:00,726566375,SIMULATED,107,1257728,DISARMED,0,-0.000000,0.00000,7.4000,0.0000,25.00,25.00,0.00000,0.00000,0,520,0,500,0,0,0,0,20,0,520,0,0,0,0,0,0,0,0,600,600,600,100,100,0.00000,0.00000,9.80665,0.000000,0.00000,-0.00000,0.00000,0.00000,9.80665,0.000000,0.000000,0.000000,0,1,1,1,1,1,0,0,0,0
2026-09-21T06:31:24.559089+00:00,726601708,SIMULATED,108,1260132,DISARMED,0,-0.000000,0.00000,7.4000,0.0000,25.00,25.00,0.00000,0.00000,0,520,0,500,0,0,0,0,20,0,520,0,0,0,0,0,0,0,0,600,600,600,100,100,0.00000,0.00000,9.80665,0.000000,0.00000,-0.00000,0.00000,0.00000,9.80665,0.000000,0.000000,0.000000,0,1,1,1,1,1,0,0,0,0
2026-09-21T06:31:24.559124+00:00,726637083,SIMULATED,109,1262536,DISARMED,0,-0.000000,0.00000,7.4000,0.0000,25.00,25.00,0.00000,0.00000,0,520,0,500,0,0,0,0,20,0,520,0,0,0,0,0,0,0,0,600,600,600,100,100,0.00000,0.00000,9.80665,0.000000,0.00000,-0.00000,0.00000,0.00000,9.80665,0.000000,0.000000,0.000000,0,1,1,1,1,1,0,0,0,0
2026-09-21T06:31:24.559160+00:00,726672833,SIMULATED,110,1264940,DISARMED,0,-0.000000,0.00000,7.4000,0.0000,25.00,25.00,0.00000,0.00000,0,520,0,500,0,0,0,0,20,0,520,0,0,0,0,0,0,0,0,600,600,600,100,100,0.00000,0.00000,9.80665,0.000000,0.00000,-0.00000,0.00000,0.00000,9.80665,0.000000,0.000000,0.000000,0,1,1,1,1,1,0,0,0,0
2026-09-21T06:31:24.559196+00:00,726709083,SIMULATED,111,1267344,DISARMED,0,-0.000000,0.00000,7.4000,0.0000,25.00,25.00,0.00000,0.00000,0,520,0,500,0,0,0,0,20,0,520,0,0,0,0,0,0,0,0,600,600,600,100,100,0.00000,0.00000,9.80665,0.000000,0.00000,-0.00000,0.00000,0.00000,9.80665,0.000000,0.000000,0.000000,0,1,1,1,1,1,0,0,0,0
2026-09-21T06:31:24.559231+00:00,726744166,SIMULATED,112,1269748,DISARMED,0,-0.000000,0.00000,7.4000,0.0000,25.00,25.00,0.00000,0.00000,0,520,0,500,0,0,0,0,20,0,520,0,0,0,0,0,0,0,0,600,600,600,100,100,0.00000,0.00000,9.80665,0.000000,0.00000,-0.00000,0.00000,0.00000,9.80665,0.000000,0.000000,0.000000,0,1,1,1,1,1,0,0,0,0
2026-09-21T06:31:24.559266+00:00,726779250,SIMULATED,113,1272152,DISARMED,0,-0.000000,0.00000,7.4000,0.0000,25.00,25.00,0.00000,0.00000,0,520,0,500,0,0,0,0,20,0,520,0,0,0,0,0,0,0,0,600,600,600,100,100,0.00000,0.00000,9.80665,0.000000,0.00000,-0.00000,0.00000,0.00000,9.80665,0.000000,0.000000,0.000000,0,1,1,1,1,1,0,0,0,0
2026-09-21T06:31:24.559303+00:00,726816125,SIMULATED,114,1274556,DISARMED,0,-0.000000,0.00000,7.4000,0.0000,25.00,25.00,0.00000,0.00000,0,520,0,500,0,0,0,0,20,0,520,0,0,0,0,0,0,0,0,600,600,600,100,100,0.00000,0.00000,9.80665,0.000000,0.00000,-0.00000,0.00000,0.00000,9.80665,0.000000,0.000000,0.000000,0,1,1,1,1,1,0,0,0,0
2026-09-21T06:31:24.559338+00:00,726851333,SIMULATED,115,1276960,DISARMED,0,-0.000000,0.00000,7.4000,0.0000,25.00,25.00,0.00000,0.00000,0,520,0,500,0,0,0,0,20,0,520,0,0,0,0,0,0,0,0,600,600,600,100,100,0.00000,0.00000,9.80665,0.000000,0.00000,-0.00000,0.00000,0.00000,9.80665,0.000000,0.000000,0.000000,0,1,1,1,1,1,0,0,0,0
2026-09-21T06:31:24.559373+00:00,726886333,SIMULATED,116,1279364,DISARMED,0,-0.000000,0.00000,7.4000,0.0000,25.00,25.00,0.00000,0.00000,0,520,0,500,0,0,0,0,20,0,520,0,0,0,0,0,0,0,0,600,600,600,100,100,0.00000,0.00000,9.80665,0.000000,0.00000,-0.00000,0.00000,0.00000,9.80665,0.000000,0.000000,0.000000,0,1,1,1,1,1,0,0,0,0
2026-09-21T06:31:24.559413+00:00,726926166,SIMULATED,117,1281768,DISARMED,0,-0.000000,0.00000,7.4000,0.0000,25.00,25.00,0.00000,0.00000,0,520,0,500,0,0,0,0,20,0,520,0,0,0,0,0,0,0,0,600,600,600,100,100,0.00000,0.00000,9.80665,0.000000,0.00000,-0.00000,0.00000,0.00000,9.80665,0.000000,0.000000,0.000000,0,1,1,1,1,1,0,0,0,0
2026-09-21T06:31:24.559453+00:00,726966375,SIMULATED,118,1284172,DISARMED,0,-0.000000,0.00000,7.4000,0.0000,25.00,25.00,0.00000,0.00000,0,520,0,500,0,0,0,0,20,0,520,0,0,0,0,0,0,0,0,600,600,600,100,100,0.00000,0.00000,9.80665,0.000000,0.00000,-0.00000,0.00000,0.00000,9.80665,0.000000,0.000000,0.000000,0,1,1,1,1,1,0,0,0,0
2026-09-21T06:31:24.559491+00:00,727003875,SIMULATED,119,1286576,DISARMED,0,-0.000000,0.00000,7.4000,0.0000,25.00,25.00,0.00000,0.00000,0,520,0,500,0,0,0,0,20,0,520,0,0,0,0,0,0,0,0,600,600,600,100,100,0.00000,0.00000,9.80665,0.000000,0.00000,-0.00000,0.00000,0.00000,9.80665,0.000000,0.000000,0.000000,0,1,1,1,1,1,0,0,0,0
2026-09-21T06:31:24.559526+00:00,727038708,SIMULATED,120,1288980,DISARMED,0,-0.000000,0.00000,7.4000,0.0000,25.00,25.00,0.00000,0.00000,0,520,0,500,0,0,0,0,20,0,520,0,0,0,0,0,0,0,0,600,600,600,100,100,0.00000,0.00000,9.80665,0.000000,0.00000,-0.00000,0.00000,0.00000,9.80665,0.000000,0.000000,0.000000,0,1,1,1,1,1,0,0,0,0
2026-09-21T06:31:24.559560+00:00,727073500,SIMULATED,121,1291384,DISARMED,0,-0.000000,0.00000,7.4000,0.0000,25.00,25.00,0.00000,0.00000,0,520,0,500,0,0,0,0,20,0,520,0,0,0,0,0,0,0,0,600,600,600,100,100,0.00000,0.00000,9.80665,0.000000,0.00000,-0.00000,0.00000,0.00000,9.80665,0.000000,0.000000,0.000000,0,1,1,1,1,1,0,0,0,0
2026-09-21T06:31:24.559596+00:00,727108500,SIMULATED,122,1293788,DISARMED,0,-0.000000,0.00000,7.4000,0.0000,25.00,25.00,0.00000,0.00000,0,520,0,500,0,0,0,0,20,0,520,0,0,0,0,0,0,0,0,600,600,600,100,100,0.00000,0.00000,9.80665,0.000000,0.00000,-0.00000,0.00000,0.00000,9.80665,0.000000,0.000000,0.000000,0,1,1,1,1,1,0,0,0,0
2026-09-21T06:31:24.559631+00:00,727143708,SIMULATED,123,1296192,DISARMED,0,-0.000000,0.00000,7.4000,0.0000,25.00,25.00,0.00000,0.00000,0,520,0,500,0,0,0,0,20,0,520,0,0,0,0,0,0,0,0,600,600,600,100,100,0.00000,0.00000,9.80665,0.000000,0.00000,-0.00000,0.00000,0.00000,9.80665,0.000000,0.000000,0.000000,0,1,1,1,1,1,0,0,0,0
2026-09-21T06:31:24.559665+00:00,727177666,SIMULATED,124,1298596,DISARMED,0,-0.000000,0.00000,7.4000,0.0000,25.00,25.00,0.00000,0.00000,0,520,0,500,0,0,0,0,20,0,520,0,0,0,0,0,0,0,0,600,600,600,100,100,0.00000,0.00000,9.80665,0.000000,0.00000,-0.00000,0.00000,0.00000,9.80665,0.000000,0.000000,0.000000,0,1,1,1,1,1,0,0,0,0
2026-09-21T06:31:24.559700+00:00,727213208,SIMULATED,125,1301000,DISARMED,0,-0.000000,0.00000,7.4000,0.0000,25.00,25.00,0.00000,0.00000,0,520,0,500,0,0,0,0,20,0,520,0,0,0,0,0,0,0,0,600,600,600,100,100,0.00000,0.00000,9.80665,0.000000,0.00000,-0.00000,0.00000,0.00000,9.80665,0.000000,0.000000,0.000000,0,1,1,1,1,1,0,0,0,0
2026-09-21T06:31:24.559735+00:00,727248208,SIMULATED,126,1303404,DISARMED,0,-0.000000,0.00000,7.4000,0.0000,25.00,25.00,0.00000,0.00000,0,520,0,500,0,0,0,0,20,0,520,0,0,0,0,0,0,0,0,600,600,600,100,100,0.00000,0.00000,9.80665,0.000000,0.00000,-0.00000,0.00000,0.00000,9.80665,0.000000,0.000000,0.000000,0,1,1,1,1,1,0,0,0,0
2026-09-21T06:31:24.559772+00:00,727284833,SIMULATED,127,1305808,DISARMED,0,-0.000000,0.00000,7.4000,0.0000,25.00,25.00,0.00000,0.00000,0,520,0,500,0,0,0,0,20,0,520,0,0,0,0,0,0,0,0,600,600,600,100,100,0.00000,0.00000,9.80665,0.000000,0.00000,-0.00000,0.00000,0.00000,9.80665,0.000000,0.000000,0.000000,0,1,1,1,1,1,0,0,0,0
2026-09-21T06:31:24.559807+00:00,727319750,SIMULATED,128,1308212,DISARMED,0,-0.000000,0.00000,7.4000,0.0000,25.00,25.00,0.00000,0.00000,0,520,0,500,0,0,0,0,20,0,520,0,0,0,0,0,0,0,0,600,600,600,100,100,0.00000,0.00000,9.80665,0.000000,0.00000,-0.00000,0.00000,0.00000,9.80665,0.000000,0.000000,0.000000,0,1,1,1,1,1,0,0,0,0
2026-09-21T06:31:24.559845+00:00,727358041,SIMULATED,129,1310616,DISARMED,0,-0.000000,0.00000,7.4000,0.0000,25.00,25.00,0.00000,0.00000,0,520,0,500,0,0,0,0,20,0,520,0,0,0,0,0,0,0,0,600,600,600,100,100,0.00000,0.00000,9.80665,0.000000,0.00000,-0.00000,0.00000,0.00000,9.80665,0.000000,0.000000,0.000000,0,1,1,1,1,1,0,0,0,0
2026-09-21T06:31:24.559881+00:00,727394166,SIMULATED,130,1313020,DISARMED,0,-0.000000,0.00000,7.4000,0.0000,25.00,25.00,0.00000,0.00000,0,520,0,500,0,0,0,0,20,0,520,0,0,0,0,0,0,0,0,600,600,600,100,100,0.00000,0.00000,9.80665,0.000000,0.00000,-0.00000,0.00000,0.00000,9.80665,0.000000,0.000000,0.000000,0,1,1,1,1,1,0,0,0,0
2026-09-21T06:31:24.559916+00:00,727428958,SIMULATED,131,1315424,DISARMED,0,-0.000000,0.00000,7.4000,0.0000,25.00,25.00,0.00000,0.00000,0,520,0,500,0,0,0,0,20,0,520,0,0,0,0,0,0,0,0,600,600,600,100,100,0.00000,0.00000,9.80665,0.000000,0.00000,-0.00000,0.00000,0.00000,9.80665,0.000000,0.000000,0.000000,0,1,1,1,1,1,0,0,0,0
2026-09-21T06:31:24.559951+00:00,727463708,SIMULATED,132,1317828,DISARMED,0,-0.000000,0.00000,7.4000,0.0000,25.00,25.00,0.00000,0.00000,0,520,0,500,0,0,0,0,20,0,520,0,0,0,0,0,0,0,0,600,600,600,100,100,0.00000,0.00000,9.80665,0.000000,0.00000,-0.00000,0.00000,0.00000,9.80665,0.000000,0.000000,0.000000,0,1,1,1,1,1,0,0,0,0
2026-09-21T06:31:24.559985+00:00,727498500,SIMULATED,133,1320232,DISARMED,0,-0.000000,0.00000,7.4000,0.0000,25.00,25.00,0.00000,0.00000,0,520,0,500,0,0,0,0,20,0,520,0,0,0,0,0,0,0,0,600,600,600,100,100,0.00000,0.00000,9.80665,0.000000,0.00000,-0.00000,0.00000,0.00000,9.80665,0.000000,0.000000,0.000000,0,1,1,1,1,1,0,0,0,0
2026-09-21T06:31:24.560020+00:00,727533166,SIMULATED,134,1322636,DISARMED,0,-0.000000,0.00000,7.4000,0.0000,25.00,25.00,0.00000,0.00000,0,520,0,500,0,0,0,0,20,0,520,0,0,0,0,0,0,0,0,600,600,600,100,100,0.00000,0.00000,9.80665,0.000000,0.00000,-0.00000,0.00000,0.00000,9.80665,0.000000,0.000000,0.000000,0,1,1,1,1,1,0,0,0,0
2026-09-21T06:31:24.560056+00:00,727569166,SIMULATED,135,1325040,DISARMED,0,-0.000000,0.00000,7.4000,0.0000,25.00,25.00,0.00000,0.00000,0,520,0,500,0,0,0,0,20,0,520,0,0,0,0,0,0,0,0,600,600,600,100,100,0.00000,0.00000,9.80665,0.000000,0.00000,-0.00000,0.00000,0.00000,9.80665,0.000000,0.000000,0.000000,0,1,1,1,1,1,0,0,0,0
2026-09-21T06:31:24.560091+00:00,727603916,SIMULATED,136,1327444,DISARMED,0,-0.000000,0.00000,7.4000,0.0000,25.00,25.00,0.00000,0.00000,0,520,0,500,0,0,0,0,20,0,520,0,0,0,0,0,0,0,0,600,600,600,100,100,0.00000,0.00000,9.80665,0.000000,0.00000,-0.00000,0.00000,0.00000,9.80665,0.000000,0.000000,0.000000,0,1,1,1,1,1,0,0,0,0
2026-09-21T06:31:24.560124+00:00,727637375,SIMULATED,137,1329848,DISARMED,0,-0.000000,0.00000,7.4000,0.0000,25.00,25.00,0.00000,0.00000,0,520,0,500,0,0,0,0,20,0,520,0,0,0,0,0,0,0,0,600,600,600,100,100,0.00000,0.00000,9.80665,0.000000,0.00000,-0.00000,0.00000,0.00000,9.80665,0.000000,0.000000,0.000000,0,1,1,1,1,1,0,0,0,0
2026-09-21T06:31:24.560158+00:00,727670916,SIMULATED,138,1332252,DISARMED,0,-0.000000,0.00000,7.4000,0.0000,25.00,25.00,0.00000,0.00000,0,520,0,500,0,0,0,0,20,0,520,0,0,0,0,0,0,0,0,600,600,600,100,100,0.00000,0.00000,9.80665,0.000000,0.00000,-0.00000,0.00000,0.00000,9.80665,0.000000,0.000000,0.000000,0,1,1,1,1,1,0,0,0,0
2026-09-21T06:31:24.560196+00:00,727708833,SIMULATED,139,1334656,DISARMED,0,-0.000000,0.00000,7.4000,0.0000,25.00,25.00,0.00000,0.00000,0,520,0,500,0,0,0,0,20,0,520,0,0,0,0,0,0,0,0,600,600,600,100,100,0.00000,0.00000,9.80665,0.000000,0.00000,-0.00000,0.00000,0.00000,9.80665,0.000000,0.000000,0.000000,0,1,1,1,1,1,0,0,0,0
2026-09-21T06:31:24.560231+00:00,727743541,SIMULATED,140,1337060,DISARMED,0,-0.000000,0.00000,7.4000,0.0000,25.00,25.00,0.00000,0.00000,0,520,0,500,0,0,0,0,20,0,520,0,0,0,0,0,0,0,0,600,600,600,100,100,0.00000,0.00000,9.80665,0.000000,0.00000,-0.00000,0.00000,0.00000,9.80665,0.000000,0.000000,0.000000,0,1,1,1,1,1,0,0,0,0
2026-09-21T06:31:24.560266+00:00,727779458,SIMULATED,141,1339464,DISARMED,0,-0.000000,0.00000,7.4000,0.0000,25.00,25.00,0.00000,0.00000,0,520,0,500,0,0,0,0,20,0,520,0,0,0,0,0,0,0,0,600,600,600,100,100,0.00000,0.00000,9.80665,0.000000,0.00000,-0.00000,0.00000,0.00000,9.80665,0.000000,0.000000,0.000000,0,1,1,1,1,1,0,0,0,0
2026-09-21T06:31:24.560301+00:00,727814375,SIMULATED,142,1341868,DISARMED,0,-0.000000,0.00000,7.4000,0.0000,25.00,25.00,0.00000,0.00000,0,520,0,500,0,0,0,0,20,0,520,0,0,0,0,0,0,0,0,600,600,600,100,100,0.00000,0.00000,9.80665,0.000000,0.00000,-0.00000,0.00000,0.00000,9.80665,0.000000,0.000000,0.000000,0,1,1,1,1,1,0,0,0,0
2026-09-21T06:31:24.560336+00:00,727849083,SIMULATED,143,1344272,DISARMED,0,-0.000000,0.00000,7.4000,0.0000,25.00,25.00,0.00000,0.00000,0,520,0,500,0,0,0,0,20,0,520,0,0,0,0,0,0,0,0,600,600,600,100,100,0.00000,0.00000,9.80665,0.000000,0.00000,-0.00000,0.00000,0.00000,9.80665,0.000000,0.000000,0.000000,0,1,1,1,1,1,0,0,0,0
2026-09-21T06:31:24.560372+00:00,727884916,SIMULATED,144,1346676,DISARMED,0,-0.000000,0.00000,7.4000,0.0000,25.00,25.00,0.00000,0.00000,0,520,0,500,0,0,0,0,20,0,520,0,0,0,0,0,0,0,0,600,600,600,100,100,0.00000,0.00000,9.80665,0.000000,0.00000,-0.00000,0.00000,0.00000,9.80665,0.000000,0.000000,0.000000,0,1,1,1,1,1,0,0,0,0
2026-09-21T06:31:24.560407+00:00,727919958,SIMULATED,145,1349080,DISARMED,0,-0.000000,0.00000,7.4000,0.0000,25.00,25.00,0.00000,0.00000,0,520,0,500,0,0,0,0,20,0,520,0,0,0,0,0,0,0,0,600,600,600,100,100,0.00000,0.00000,9.80665,0.000000,0.00000,-0.00000,0.00000,0.00000,9.80665,0.000000,0.000000,0.000000,0,1,1,1,1,1,0,0,0,0
2026-09-21T06:31:24.560442+00:00,727955000,SIMULATED,146,1351484,DISARMED,0,-0.000000,0.00000,7.4000,0.0000,25.00,25.00,0.00000,0.00000,0,520,0,500,0,0,0,0,20,0,520,0,0,0,0,0,0,0,0,600,600,600,100,100,0.00000,0.00000,9.80665,0.000000,0.00000,-0.00000,0.00000,0.00000,9.80665,0.000000,0.000000,0.000000,0,1,1,1,1,1,0,0,0,0
2026-09-21T06:31:24.560481+00:00,727994583,SIMULATED,147,1353888,DISARMED,0,-0.000000,0.00000,7.4000,0.0000,25.00,25.00,0.00000,0.00000,0,520,0,500,0,0,0,0,20,0,520,0,0,0,0,0,0,0,0,600,600,600,100,100,0.00000,0.00000,9.80665,0.000000,0.00000,-0.00000,0.00000,0.00000,9.80665,0.000000,0.000000,0.000000,0,1,1,1,1,1,0,0,0,0
2026-09-21T06:31:24.560519+00:00,728032041,SIMULATED,148,1356292,DISARMED,0,-0.000000,0.00000,7.4000,0.0000,25.00,25.00,0.00000,0.00000,0,520,0,500,0,0,0,0,20,0,520,0,0,0,0,0,0,0,0,600,600,600,100,100,0.00000,0.00000,9.80665,0.000000,0.00000,-0.00000,0.00000,0.00000,9.80665,0.000000,0.000000,0.000000,0,1,1,1,1,1,0,0,0,0
2026-09-21T06:31:24.560556+00:00,728069041,SIMULATED,149,1358696,DISARMED,0,-0.000000,0.00000,7.4000,0.0000,25.00,25.00,0.00000,0.00000,0,520,0,500,0,0,0,0,20,0,520,0,0,0,0,0,0,0,0,600,600,600,100,100,0.00000,0.00000,9.80665,0.000000,0.00000,-0.00000,0.00000,0.00000,9.80665,0.000000,0.000000,0.000000,0,1,1,1,1,1,0,0,0,0
2026-09-21T06:31:24.560591+00:00,728104166,SIMULATED,150,1361100,DISARMED,0,-0.000000,0.00000,7.4000,0.0000,25.00,25.00,0.00000,0.00000,0,520,0,500,0,0,0,0,20,0,520,0,0,0,0,0,0,0,0,600,600,600,100,100,0.00000,0.00000,9.80665,0.000000,0.00000,-0.00000,0.00000,0.00000,9.80665,0.000000,0.000000,0.000000,0,1,1,1,1,1,0,0,0,0
2026-09-21T06:31:24.560680+00:00,728193625,SIMULATED,151,1363504,DISARMED,0,-0.000000,0.00000,7.4000,0.0000,25.00,25.00,0.00000,0.00000,0,520,0,500,0,0,0,0,20,0,520,0,0,0,0,0,0,0,0,600,600,600,100,100,0.00000,0.00000,9.80665,0.000000,0.00000,-0.00000,0.00000,0.00000,9.80665,0.000000,0.000000,0.000000,0,1,1,1,1,1,0,0,0,0
2026-09-21T06:31:24.560718+00:00,728230666,SIMULATED,152,1365908,DISARMED,0,-0.000000,0.00000,7.4000,0.0000,25.00,25.00,0.00000,0.00000,0,520,0,500,0,0,0,0,20,0,520,0,0,0,0,0,0,0,0,600,600,600,100,100,0.00000,0.00000,9.80665,0.000000,0.00000,-0.00000,0.00000,0.00000,9.80665,0.000000,0.000000,0.000000,0,1,1,1,1,1,0,0,0,0
2026-09-21T06:31:24.560755+00:00,728267916,SIMULATED,153,1368312,DISARMED,0,-0.000000,0.00000,7.4000,0.0000,25.00,25.00,0.00000,0.00000,0,520,0,500,0,0,0,0,20,0,520,0,0,0,0,0,0,0,0,600,600,600,100,100,0.00000,0.00000,9.80665,0.000000,0.00000,-0.00000,0.00000,0.00000,9.80665,0.000000,0.000000,0.000000,0,1,1,1,1,1,0,0,0,0
2026-09-21T06:31:24.560790+00:00,728303166,SIMULATED,154,1370716,DISARMED,0,-0.000000,0.00000,7.4000,0.0000,25.00,25.00,0.00000,0.00000,0,520,0,500,0,0,0,0,20,0,520,0,0,0,0,0,0,0,0,600,600,600,100,100,0.00000,0.00000,9.80665,0.000000,0.00000,-0.00000,0.00000,0.00000,9.80665,0.000000,0.000000,0.000000,0,1,1,1,1,1,0,0,0,0
2026-09-21T06:31:24.560826+00:00,728338833,SIMULATED,155,1373120,DISARMED,0,-0.000000,0.00000,7.4000,0.0000,25.00,25.00,0.00000,0.00000,0,520,0,500,0,0,0,0,20,0,520,0,0,0,0,0,0,0,0,600,600,600,100,100,0.00000,0.00000,9.80665,0.000000,0.00000,-0.00000,0.00000,0.00000,9.80665,0.000000,0.000000,0.000000,0,1,1,1,1,1,0,0,0,0
2026-09-21T06:31:24.560861+00:00,728374208,SIMULATED,156,1375524,DISARMED,0,-0.000000,0.00000,7.4000,0.0000,25.00,25.00,0.00000,0.00000,0,520,0,500,0,0,0,0,20,0,520,0,0,0,0,0,0,0,0,600,600,600,100,100,0.00000,0.00000,9.80665,0.000000,0.00000,-0.00000,0.00000,0.00000,9.80665,0.000000,0.000000,0.000000,0,1,1,1,1,1,0,0,0,0
2026-09-21T06:31:24.560896+00:00,728409250,SIMULATED,157,1377928,DISARMED,0,-0.000000,0.00000,7.4000,0.0000,25.00,25.00,0.00000,0.00000,0,520,0,500,0,0,0,0,20,0,520,0,0,0,0,0,0,0,0,600,600,600,100,100,0.00000,0.00000,9.80665,0.000000,0.00000,-0.00000,0.00000,0.00000,9.80665,0.000000,0.000000,0.000000,0,1,1,1,1,1,0,0,0,0
2026-09-21T06:31:24.560933+00:00,728445833,SIMULATED,158,1380332,DISARMED,0,-0.000000,0.00000,7.4000,0.0000,25.00,25.00,0.00000,0.00000,0,520,0,500,0,0,0,0,20,0,520,0,0,0,0,0,0,0,0,600,600,600,100,100,0.00000,0.00000,9.80665,0.000000,0.00000,-0.00000,0.00000,0.00000,9.80665,0.000000,0.000000,0.000000,0,1,1,1,1,1,0,0,0,0
2026-09-21T06:31:24.560969+00:00,728482208,SIMULATED,159,1382736,DISARMED,0,-0.000000,0.00000,7.4000,0.0000,25.00,25.00,0.00000,0.00000,0,520,0,500,0,0,0,0,20,0,520,0,0,0,0,0,0,0,0,600,600,600,100,100,0.00000,0.00000,9.80665,0.000000,0.00000,-0.00000,0.00000,0.00000,9.80665,0.000000,0.000000,0.000000,0,1,1,1,1,1,0,0,0,0
2026-09-21T06:31:24.561007+00:00,728520166,SIMULATED,160,1385140,DISARMED,0,-0.000000,0.00000,7.4000,0.0000,25.00,25.00,0.00000,0.00000,0,520,0,500,0,0,0,0,20,0,520,0,0,0,0,0,0,0,0,600,600,600,100,100,0.00000,0.00000,9.80665,0.000000,0.00000,-0.00000,0.00000,0.00000,9.80665,0.000000,0.000000,0.000000,0,1,1,1,1,1,0,0,0,0
2026-09-21T06:31:24.561042+00:00,728555416,SIMULATED,161,1387544,DISARMED,0,-0.000000,0.00000,7.4000,0.0000,25.00,25.00,0.00000,0.00000,0,520,0,500,0,0,0,0,20,0,520,0,0,0,0,0,0,0,0,600,600,600,100,100,0.00000,0.00000,9.80665,0.000000,0.00000,-0.00000,0.00000,0.00000,9.80665,0.000000,0.000000,0.000000,0,1,1,1,1,1,0,0,0,0
2026-09-21T06:31:24.561078+00:00,728590833,SIMULATED,162,1389948,DISARMED,0,-0.000000,0.00000,7.4000,0.0000,25.00,25.00,0.00000,0.00000,0,520,0,500,0,0,0,0,20,0,520,0,0,0,0,0,0,0,0,600,600,600,100,100,0.00000,0.00000,9.80665,0.000000,0.00000,-0.00000,0.00000,0.00000,9.80665,0.000000,0.000000,0.000000,0,1,1,1,1,1,0,0,0,0
2026-09-21T06:31:24.561112+00:00,728625375,SIMULATED,163,1392352,DISARMED,0,-0.000000,0.00000,7.4000,0.0000,25.00,25.00,0.00000,0.00000,0,520,0,500,0,0,0,0,20,0,520,0,0,0,0,0,0,0,0,600,600,600,100,100,0.00000,0.00000,9.80665,0.000000,0.00000,-0.00000,0.00000,0.00000,9.80665,0.000000,0.000000,0.000000,0,1,1,1,1,1,0,0,0,0
2026-09-21T06:31:24.561146+00:00,728659208,SIMULATED,164,1394756,DISARMED,0,-0.000000,0.00000,7.4000,0.0000,25.00,25.00,0.00000,0.00000,0,520,0,500,0,0,0,0,20,0,520,0,0,0,0,0,0,0,0,600,600,600,100,100,0.00000,0.00000,9.80665,0.000000,0.00000,-0.00000,0.00000,0.00000,9.80665,0.000000,0.000000,0.000000,0,1,1,1,1,1,0,0,0,0
2026-09-21T06:31:24.561184+00:00,728697083,SIMULATED,165,1397160,DISARMED,0,-0.000000,0.00000,7.4000,0.0000,25.00,25.00,0.00000,0.00000,0,520,0,500,0,0,0,0,20,0,520,0,0,0,0,0,0,0,0,600,600,600,100,100,0.00000,0.00000,9.80665,0.000000,0.00000,-0.00000,0.00000,0.00000,9.80665,0.000000,0.000000,0.000000,0,1,1,1,1,1,0,0,0,0
2026-09-21T06:31:24.561219+00:00,728732458,SIMULATED,166,1399564,DISARMED,0,-0.000000,0.00000,7.4000,0.0000,25.00,25.00,0.00000,0.00000,0,520,0,500,0,0,0,0,20,0,520,0,0,0,0,0,0,0,0,600,600,600,100,100,0.00000,0.00000,9.80665,0.000000,0.00000,-0.00000,0.00000,0.00000,9.80665,0.000000,0.000000,0.000000,0,1,1,1,1,1,0,0,0,0
2026-09-21T06:31:24.561254+00:00,728767458,SIMULATED,167,1401968,DISARMED,0,-0.000000,0.00000,7.4000,0.0000,25.00,25.00,0.00000,0.00000,0,520,0,500,0,0,0,0,20,0,520,0,0,0,0,0,0,0,0,600,600,600,100,100,0.00000,0.00000,9.80665,0.000000,0.00000,-0.00000,0.00000,0.00000,9.80665,0.000000,0.000000,0.000000,0,1,1,1,1,1,0,0,0,0
2026-09-21T06:31:24.561289+00:00,728802250,SIMULATED,168,1404372,DISARMED,0,-0.000000,0.00000,7.4000,0.0000,25.00,25.00,0.00000,0.00000,0,520,0,500,0,0,0,0,20,0,520,0,0,0,0,0,0,0,0,600,600,600,100,100,0.00000,0.00000,9.80665,0.000000,0.00000,-0.00000,0.00000,0.00000,9.80665,0.000000,0.000000,0.000000,0,1,1,1,1,1,0,0,0,0
2026-09-21T06:31:24.561324+00:00,728836916,SIMULATED,169,1406776,DISARMED,0,-0.000000,0.00000,7.4000,0.0000,25.00,25.00,0.00000,0.00000,0,520,0,500,0,0,0,0,20,0,520,0,0,0,0,0,0,0,0,600,600,600,100,100,0.00000,0.00000,9.80665,0.000000,0.00000,-0.00000,0.00000,0.00000,9.80665,0.000000,0.000000,0.000000,0,1,1,1,1,1,0,0,0,0
2026-09-21T06:31:24.561361+00:00,728874041,SIMULATED,170,1409180,DISARMED,0,-0.000000,0.00000,7.4000,0.0000,25.00,25.00,0.00000,0.00000,0,520,0,500,0,0,0,0,20,0,520,0,0,0,0,0,0,0,0,600,600,600,100,100,0.00000,0.00000,9.80665,0.000000,0.00000,-0.00000,0.00000,0.00000,9.80665,0.000000,0.000000,0.000000,0,1,1,1,1,1,0,0,0,0
2026-09-21T06:31:24.561397+00:00,728910291,SIMULATED,171,1411584,DISARMED,0,-0.000000,0.00000,7.4000,0.0000,25.00,25.00,0.00000,0.00000,0,520,0,500,0,0,0,0,20,0,520,0,0,0,0,0,0,0,0,600,600,600,100,100,0.00000,0.00000,9.80665,0.000000,0.00000,-0.00000,0.00000,0.00000,9.80665,0.000000,0.000000,0.000000,0,1,1,1,1,1,0,0,0,0
2026-09-21T06:31:24.561432+00:00,728945083,SIMULATED,172,1413988,DISARMED,0,-0.000000,0.00000,7.4000,0.0000,25.00,25.00,0.00000,0.00000,0,520,0,500,0,0,0,0,20,0,520,0,0,0,0,0,0,0,0,600,600,600,100,100,0.00000,0.00000,9.80665,0.000000,0.00000,-0.00000,0.00000,0.00000,9.80665,0.000000,0.000000,0.000000,0,1,1,1,1,1,0,0,0,0
2026-09-21T06:31:24.561469+00:00,728981750,SIMULATED,173,1416392,DISARMED,0,-0.000000,0.00000,7.4000,0.0000,25.00,25.00,0.00000,0.00000,0,520,0,500,0,0,0,0,20,0,520,0,0,0,0,0,0,0,0,600,600,600,100,100,0.00000,0.00000,9.80665,0.000000,0.00000,-0.00000,0.00000,0.00000,9.80665,0.000000,0.000000,0.000000,0,1,1,1,1,1,0,0,0,0
2026-09-21T06:31:24.561504+00:00,729017208,SIMULATED,174,1418796,DISARMED,0,-0.000000,0.00000,7.4000,0.0000,25.00,25.00,0.00000,0.00000,0,520,0,500,0,0,0,0,20,0,520,0,0,0,0,0,0,0,0,600,600,600,100,100,0.00000,0.00000,9.80665,0.000000,0.00000,-0.00000,0.00000,0.00000,9.80665,0.000000,0.000000,0.000000,0,1,1,1,1,1,0,0,0,0
2026-09-21T06:31:24.561539+00:00,729051916,SIMULATED,175,1421200,DISARMED,0,-0.000000,0.00000,7.4000,0.0000,25.00,25.00,0.00000,0.00000,0,520,0,500,0,0,0,0,20,0,520,0,0,0,0,0,0,0,0,600,600,600,100,100,0.00000,0.00000,9.80665,0.000000,0.00000,-0.00000,0.00000,0.00000,9.80665,0.000000,0.000000,0.000000,0,1,1,1,1,1,0,0,0,0
2026-09-21T06:31:24.561574+00:00,729086875,SIMULATED,176,1423604,DISARMED,0,-0.000000,0.00000,7.4000,0.0000,25.00,25.00,0.00000,0.00000,0,520,0,500,0,0,0,0,20,0,520,0,0,0,0,0,0,0,0,600,600,600,100,100,0.00000,0.00000,9.80665,0.000000,0.00000,-0.00000,0.00000,0.00000,9.80665,0.000000,0.000000,0.000000,0,1,1,1,1,1,0,0,0,0
2026-09-21T06:31:24.561615+00:00,729128750,SIMULATED,177,1426008,DISARMED,0,-0.000000,0.00000,7.4000,0.0000,25.00,25.00,0.00000,0.00000,0,520,0,500,0,0,0,0,20,0,520,0,0,0,0,0,0,0,0,600,600,600,100,100,0.00000,0.00000,9.80665,0.000000,0.00000,-0.00000,0.00000,0.00000,9.80665,0.000000,0.000000,0.000000,0,1,1,1,1,1,0,0,0,0
2026-09-21T06:31:24.561658+00:00,729170750,SIMULATED,178,1428412,DISARMED,0,-0.000000,0.00000,7.4000,0.0000,25.00,25.00,0.00000,0.00000,0,520,0,500,0,0,0,0,20,0,520,0,0,0,0,0,0,0,0,600,600,600,100,100,0.00000,0.00000,9.80665,0.000000,0.00000,-0.00000,0.00000,0.00000,9.80665,0.000000,0.000000,0.000000,0,1,1,1,1,1,0,0,0,0
2026-09-21T06:31:24.561692+00:00,729204708,SIMULATED,179,1430816,DISARMED,0,-0.000000,0.00000,7.4000,0.0000,25.00,25.00,0.00000,0.00000,0,520,0,500,0,0,0,0,20,0,520,0,0,0,0,0,0,0,0,600,600,600,100,100,0.00000,0.00000,9.80665,0.000000,0.00000,-0.00000,0.00000,0.00000,9.80665,0.000000,0.000000,0.000000,0,1,1,1,1,1,0,0,0,0
2026-09-21T06:31:24.561728+00:00,729241291,SIMULATED,180,1433220,DISARMED,0,-0.000000,0.00000,7.4000,0.0000,25.00,25.00,0.00000,0.00000,0,520,0,500,0,0,0,0,20,0,520,0,0,0,0,0,0,0,0,600,600,600,100,100,0.00000,0.00000,9.80665,0.000000,0.00000,-0.00000,0.00000,0.00000,9.80665,0.000000,0.000000,0.000000,0,1,1,1,1,1,0,0,0,0
2026-09-21T06:31:24.561763+00:00,729276291,SIMULATED,181,1435624,DISARMED,0,-0.000000,0.00000,7.4000,0.0000,25.00,25.00,0.00000,0.00000,0,520,0,500,0,0,0,0,20,0,520,0,0,0,0,0,0,0,0,600,600,600,100,100,0.00000,0.00000,9.80665,0.000000,0.00000,-0.00000,0.00000,0.00000,9.80665,0.000000,0.000000,0.000000,0,1,1,1,1,1,0,0,0,0
2026-09-21T06:31:24.561798+00:00,729311416,SIMULATED,182,1438028,DISARMED,0,-0.000000,0.00000,7.4000,0.0000,25.00,25.00,0.00000,0.00000,0,520,0,500,0,0,0,0,20,0,520,0,0,0,0,0,0,0,0,600,600,600,100,100,0.00000,0.00000,9.80665,0.000000,0.00000,-0.00000,0.00000,0.00000,9.80665,0.000000,0.000000,0.000000,0,1,1,1,1,1,0,0,0,0
2026-09-21T06:31:24.561835+00:00,729347875,SIMULATED,183,1440432,DISARMED,0,-0.000000,0.00000,7.4000,0.0000,25.00,25.00,0.00000,0.00000,0,520,0,500,0,0,0,0,20,0,520,0,0,0,0,0,0,0,0,600,600,600,100,100,0.00000,0.00000,9.80665,0.000000,0.00000,-0.00000,0.00000,0.00000,9.80665,0.000000,0.000000,0.000000,0,1,1,1,1,1,0,0,0,0
2026-09-21T06:31:24.561870+00:00,729383041,SIMULATED,184,1442836,DISARMED,0,-0.000000,0.00000,7.4000,0.0000,25.00,25.00,0.00000,0.00000,0,520,0,500,0,0,0,0,20,0,520,0,0,0,0,0,0,0,0,600,600,600,100,100,0.00000,0.00000,9.80665,0.000000,0.00000,-0.00000,0.00000,0.00000,9.80665,0.000000,0.000000,0.000000,0,1,1,1,1,1,0,0,0,0
2026-09-21T06:31:24.561905+00:00,729418125,SIMULATED,185,1445240,DISARMED,0,-0.000000,0.00000,7.4000,0.0000,25.00,25.00,0.00000,0.00000,0,520,0,500,0,0,0,0,20,0,520,0,0,0,0,0,0,0,0,600,600,600,100,100,0.00000,0.00000,9.80665,0.000000,0.00000,-0.00000,0.00000,0.00000,9.80665,0.000000,0.000000,0.000000,0,1,1,1,1,1,0,0,0,0
2026-09-21T06:31:24.561940+00:00,729453041,SIMULATED,186,1447644,DISARMED,0,-0.000000,0.00000,7.4000,0.0000,25.00,25.00,0.00000,0.00000,0,520,0,500,0,0,0,0,20,0,520,0,0,0,0,0,0,0,0,600,600,600,100,100,0.00000,0.00000,9.80665,0.000000,0.00000,-0.00000,0.00000,0.00000,9.80665,0.000000,0.000000,0.000000,0,1,1,1,1,1,0,0,0,0
2026-09-21T06:31:24.561975+00:00,729488083,SIMULATED,187,1450048,DISARMED,0,-0.000000,0.00000,7.4000,0.0000,25.00,25.00,0.00000,0.00000,0,520,0,500,0,0,0,0,20,0,520,0,0,0,0,0,0,0,0,600,600,600,100,100,0.00000,0.00000,9.80665,0.000000,0.00000,-0.00000,0.00000,0.00000,9.80665,0.000000,0.000000,0.000000,0,1,1,1,1,1,0,0,0,0
2026-09-21T06:31:24.562010+00:00,729523250,SIMULATED,188,1452452,DISARMED,0,-0.000000,0.00000,7.4000,0.0000,25.00,25.00,0.00000,0.00000,0,520,0,500,0,0,0,0,20,0,520,0,0,0,0,0,0,0,0,600,600,600,100,100,0.00000,0.00000,9.80665,0.000000,0.00000,-0.00000,0.00000,0.00000,9.80665,0.000000,0.000000,0.000000,0,1,1,1,1,1,0,0,0,0
2026-09-21T06:31:24.562047+00:00,729559666,SIMULATED,189,1454856,DISARMED,0,-0.000000,0.00000,7.4000,0.0000,25.00,25.00,0.00000,0.00000,0,520,0,500,0,0,0,0,20,0,520,0,0,0,0,0,0,0,0,600,600,600,100,100,0.00000,0.00000,9.80665,0.000000,0.00000,-0.00000,0.00000,0.00000,9.80665,0.000000,0.000000,0.000000,0,1,1,1,1,1,0,0,0,0
2026-09-21T06:31:24.562085+00:00,729598250,SIMULATED,190,1457260,DISARMED,0,-0.000000,0.00000,7.4000,0.0000,25.00,25.00,0.00000,0.00000,0,520,0,500,0,0,0,0,20,0,520,0,0,0,0,0,0,0,0,600,600,600,100,100,0.00000,0.00000,9.80665,0.000000,0.00000,-0.00000,0.00000,0.00000,9.80665,0.000000,0.000000,0.000000,0,1,1,1,1,1,0,0,0,0
2026-09-21T06:31:24.562121+00:00,729634000,SIMULATED,191,1459664,DISARMED,0,-0.000000,0.00000,7.4000,0.0000,25.00,25.00,0.00000,0.00000,0,520,0,500,0,0,0,0,20,0,520,0,0,0,0,0,0,0,0,600,600,600,100,100,0.00000,0.00000,9.80665,0.000000,0.00000,-0.00000,0.00000,0.00000,9.80665,0.000000,0.000000,0.000000,0,1,1,1,1,1,0,0,0,0
2026-09-21T06:31:24.562155+00:00,729667916,SIMULATED,192,1462068,DISARMED,0,-0.000000,0.00000,7.4000,0.0000,25.00,25.00,0.00000,0.00000,0,520,0,500,0,0,0,0,20,0,520,0,0,0,0,0,0,0,0,600,600,600,100,100,0.00000,0.00000,9.80665,0.000000,0.00000,-0.00000,0.00000,0.00000,9.80665,0.000000,0.000000,0.000000,0,1,1,1,1,1,0,0,0,0
2026-09-21T06:31:24.562189+00:00,729702000,SIMULATED,193,1464472,DISARMED,0,-0.000000,0.00000,7.4000,0.0000,25.00,25.00,0.00000,0.00000,0,520,0,500,0,0,0,0,20,0,520,0,0,0,0,0,0,0,0,600,600,600,100,100,0.00000,0.00000,9.80665,0.000000,0.00000,-0.00000,0.00000,0.00000,9.80665,0.000000,0.000000,0.000000,0,1,1,1,1,1,0,0,0,0
2026-09-21T06:31:24.562224+00:00,729736958,SIMULATED,194,1466876,DISARMED,0,-0.000000,0.00000,7.4000,0.0000,25.00,25.00,0.00000,0.00000,0,520,0,500,0,0,0,0,20,0,520,0,0,0,0,0,0,0,0,600,600,600,100,100,0.00000,0.00000,9.80665,0.000000,0.00000,-0.00000,0.00000,0.00000,9.80665,0.000000,0.000000,0.000000,0,1,1,1,1,1,0,0,0,0
2026-09-21T06:31:24.562260+00:00,729773416,SIMULATED,195,1469280,DISARMED,0,-0.000000,0.00000,7.4000,0.0000,25.00,25.00,0.00000,0.00000,0,520,0,500,0,0,0,0,20,0,520,0,0,0,0,0,0,0,0,600,600,600,100,100,0.00000,0.00000,9.80665,0.000000,0.00000,-0.00000,0.00000,0.00000,9.80665,0.000000,0.000000,0.000000,0,1,1,1,1,1,0,0,0,0
2026-09-21T06:31:24.562295+00:00,729808458,SIMULATED,196,1471684,DISARMED,0,-0.000000,0.00000,7.4000,0.0000,25.00,25.00,0.00000,0.00000,0,520,0,500,0,0,0,0,20,0,520,0,0,0,0,0,0,0,0,600,600,600,100,100,0.00000,0.00000,9.80665,0.000000,0.00000,-0.00000,0.00000,0.00000,9.80665,0.000000,0.000000,0.000000,0,1,1,1,1,1,0,0,0,0
2026-09-21T06:31:24.562331+00:00,729843708,SIMULATED,197,1474088,DISARMED,0,-0.000000,0.00000,7.4000,0.0000,25.00,25.00,0.00000,0.00000,0,520,0,500,0,0,0,0,20,0,520,0,0,0,0,0,0,0,0,600,600,600,100,100,0.00000,0.00000,9.80665,0.000000,0.00000,-0.00000,0.00000,0.00000,9.80665,0.000000,0.000000,0.000000,0,1,1,1,1,1,0,0,0,0
2026-09-21T06:31:24.562366+00:00,729878916,SIMULATED,198,1476492,DISARMED,0,-0.000000,0.00000,7.4000,0.0000,25.00,25.00,0.00000,0.00000,0,520,0,500,0,0,0,0,20,0,520,0,0,0,0,0,0,0,0,600,600,600,100,100,0.00000,0.00000,9.80665,0.000000,0.00000,-0.00000,0.00000,0.00000,9.80665,0.000000,0.000000,0.000000,0,1,1,1,1,1,0,0,0,0
2026-09-21T06:31:24.562401+00:00,729913833,SIMULATED,199,1478896,DISARMED,0,-0.000000,0.00000,7.4000,0.0000,25.00,25.00,0.00000,0.00000,0,520,0,500,0,0,0,0,20,0,520,0,0,0,0,0,0,0,0,600,600,600,100,100,0.00000,0.00000,9.80665,0.000000,0.00000,-0.00000,0.00000,0.00000,9.80665,0.000000,0.000000,0.000000,0,1,1,1,1,1,0,0,0,0
2026-09-21T06:31:24.562439+00:00,729951541,SIMULATED,200,1481300,DISARMED,0,-0.000000,0.00000,7.4000,0.0000,25.00,25.00,0.00000,0.00000,0,520,0,500,0,0,0,0,20,0,520,0,0,0,0,0,0,0,0,600,600,600,100,100,0.00000,0.00000,9.80665,0.000000,0.00000,-0.00000,0.00000,0.00000,9.80665,0.000000,0.000000,0.000000,0,1,1,1,1,1,0,0,0,0
2026-09-21T06:31:24.562475+00:00,729988250,SIMULATED,201,1483704,DISARMED,0,-0.000000,0.00000,7.4000,0.0000,25.00,25.00,0.00000,0.00000,0,520,0,500,0,0,0,0,20,0,520,0,0,0,0,0,0,0,0,600,600,600,100,100,0.00000,0.00000,9.80665,0.000000,0.00000,-0.00000,0.00000,0.00000,9.80665,0.000000,0.000000,0.000000,0,1,1,1,1,1,0,0,0,0
2026-09-21T06:31:24.562511+00:00,730024250,SIMULATED,202,1486108,DISARMED,0,-0.000000,0.00000,7.4000,0.0000,25.00,25.00,0.00000,0.00000,0,520,0,500,0,0,0,0,20,0,520,0,0,0,0,0,0,0,0,600,600,600,100,100,0.00000,0.00000,9.80665,0.000000,0.00000,-0.00000,0.00000,0.00000,9.80665,0.000000,0.000000,0.000000,0,1,1,1,1,1,0,0,0,0
2026-09-21T06:31:24.562549+00:00,730061875,SIMULATED,203,1488512,DISARMED,0,-0.000000,0.00000,7.4000,0.0000,25.00,25.00,0.00000,0.00000,0,520,0,500,0,0,0,0,20,0,520,0,0,0,0,0,0,0,0,600,600,600,100,100,0.00000,0.00000,9.80665,0.000000,0.00000,-0.00000,0.00000,0.00000,9.80665,0.000000,0.000000,0.000000,0,1,1,1,1,1,0,0,0,0
2026-09-21T06:31:24.562585+00:00,730097708,SIMULATED,204,1490916,DISARMED,0,-0.000000,0.00000,7.4000,0.0000,25.00,25.00,0.00000,0.00000,0,520,0,500,0,0,0,0,20,0,520,0,0,0,0,0,0,0,0,600,600,600,100,100,0.00000,0.00000,9.80665,0.000000,0.00000,-0.00000,0.00000,0.00000,9.80665,0.000000,0.000000,0.000000,0,1,1,1,1,1,0,0,0,0
2026-09-21T06:31:24.562619+00:00,730132291,SIMULATED,205,1493320,DISARMED,0,-0.000000,0.00000,7.4000,0.0000,25.00,25.00,0.00000,0.00000,0,520,0,500,0,0,0,0,20,0,520,0,0,0,0,0,0,0,0,600,600,600,100,100,0.00000,0.00000,9.80665,0.000000,0.00000,-0.00000,0.00000,0.00000,9.80665,0.000000,0.000000,0.000000,0,1,1,1,1,1,0,0,0,0
2026-09-21T06:31:24.562653+00:00,730166375,SIMULATED,206,1495724,DISARMED,0,-0.000000,0.00000,7.4000,0.0000,25.00,25.00,0.00000,0.00000,0,520,0,500,0,0,0,0,20,0,520,0,0,0,0,0,0,0,0,600,600,600,100,100,0.00000,0.00000,9.80665,0.000000,0.00000,-0.00000,0.00000,0.00000,9.80665,0.000000,0.000000,0.000000,0,1,1,1,1,1,0,0,0,0
2026-09-21T06:31:24.562692+00:00,730204958,SIMULATED,207,1498128,DISARMED,0,-0.000000,0.00000,7.4000,0.0000,25.00,25.00,0.00000,0.00000,0,520,0,500,0,0,0,0,20,0,520,0,0,0,0,0,0,0,0,600,600,600,100,100,0.00000,0.00000,9.80665,0.000000,0.00000,-0.00000,0.00000,0.00000,9.80665,0.000000,0.000000,0.000000,0,1,1,1,1,1,0,0,0,0
2026-09-21T06:31:24.562732+00:00,730244916,SIMULATED,208,1500532,DISARMED,0,-0.000000,0.00000,7.4000,0.0000,25.00,25.00,0.00000,0.00000,0,520,0,500,0,0,0,0,20,0,520,0,0,0,0,0,0,0,0,600,600,600,100,100,0.00000,0.00000,9.80665,0.000000,0.00000,-0.00000,0.00000,0.00000,9.80665,0.000000,0.000000,0.000000,0,1,1,1,1,1,0,0,0,0
2026-09-21T06:31:24.562768+00:00,730281583,SIMULATED,209,1502936,DISARMED,0,-0.000000,0.00000,7.4000,0.0000,25.00,25.00,0.00000,0.00000,0,520,0,500,0,0,0,0,20,0,520,0,0,0,0,0,0,0,0,600,600,600,100,100,0.00000,0.00000,9.80665,0.000000,0.00000,-0.00000,0.00000,0.00000,9.80665,0.000000,0.000000,0.000000,0,1,1,1,1,1,0,0,0,0
2026-09-21T06:31:24.562806+00:00,730318541,SIMULATED,210,1505340,DISARMED,0,-0.000000,0.00000,7.4000,0.0000,25.00,25.00,0.00000,0.00000,0,520,0,500,0,0,0,0,20,0,520,0,0,0,0,0,0,0,0,600,600,600,100,100,0.00000,0.00000,9.80665,0.000000,0.00000,-0.00000,0.00000,0.00000,9.80665,0.000000,0.000000,0.000000,0,1,1,1,1,1,0,0,0,0
2026-09-21T06:31:24.562841+00:00,730353750,SIMULATED,211,1507744,DISARMED,0,-0.000000,0.00000,7.4000,0.0000,25.00,25.00,0.00000,0.00000,0,520,0,500,0,0,0,0,20,0,520,0,0,0,0,0,0,0,0,600,600,600,100,100,0.00000,0.00000,9.80665,0.000000,0.00000,-0.00000,0.00000,0.00000,9.80665,0.000000,0.000000,0.000000,0,1,1,1,1,1,0,0,0,0
2026-09-21T06:31:24.562876+00:00,730388916,SIMULATED,212,1510148,DISARMED,0,-0.000000,0.00000,7.4000,0.0000,25.00,25.00,0.00000,0.00000,0,520,0,500,0,0,0,0,20,0,520,0,0,0,0,0,0,0,0,600,600,600,100,100,0.00000,0.00000,9.80665,0.000000,0.00000,-0.00000,0.00000,0.00000,9.80665,0.000000,0.000000,0.000000,0,1,1,1,1,1,0,0,0,0
2026-09-21T06:31:24.562912+00:00,730425083,SIMULATED,213,1512552,DISARMED,0,-0.000000,0.00000,7.4000,0.0000,25.00,25.00,0.00000,0.00000,0,520,0,500,0,0,0,0,20,0,520,0,0,0,0,0,0,0,0,600,600,600,100,100,0.00000,0.00000,9.80665,0.000000,0.00000,-0.00000,0.00000,0.00000,9.80665,0.000000,0.000000,0.000000,0,1,1,1,1,1,0,0,0,0
2026-09-21T06:31:24.562947+00:00,730460041,SIMULATED,214,1514956,DISARMED,0,-0.000000,0.00000,7.4000,0.0000,25.00,25.00,0.00000,0.00000,0,520,0,500,0,0,0,0,20,0,520,0,0,0,0,0,0,0,0,600,600,600,100,100,0.00000,0.00000,9.80665,0.000000,0.00000,-0.00000,0.00000,0.00000,9.80665,0.000000,0.000000,0.000000,0,1,1,1,1,1,0,0,0,0
2026-09-21T06:31:24.562984+00:00,730496916,SIMULATED,215,1517360,DISARMED,0,-0.000000,0.00000,7.4000,0.0000,25.00,25.00,0.00000,0.00000,0,520,0,500,0,0,0,0,20,0,520,0,0,0,0,0,0,0,0,600,600,600,100,100,0.00000,0.00000,9.80665,0.000000,0.00000,-0.00000,0.00000,0.00000,9.80665,0.000000,0.000000,0.000000,0,1,1,1,1,1,0,0,0,0
2026-09-21T06:31:24.563019+00:00,730531833,SIMULATED,216,1519764,DISARMED,0,-0.000000,0.00000,7.4000,0.0000,25.00,25.00,0.00000,0.00000,0,520,0,500,0,0,0,0,20,0,520,0,0,0,0,0,0,0,0,600,600,600,100,100,0.00000,0.00000,9.80665,0.000000,0.00000,-0.00000,0.00000,0.00000,9.80665,0.000000,0.000000,0.000000,0,1,1,1,1,1,0,0,0,0
2026-09-21T06:31:24.563054+00:00,730566708,SIMULATED,217,1522168,DISARMED,0,-0.000000,0.00000,7.4000,0.0000,25.00,25.00,0.00000,0.00000,0,520,0,500,0,0,0,0,20,0,520,0,0,0,0,0,0,0,0,600,600,600,100,100,0.00000,0.00000,9.80665,0.000000,0.00000,-0.00000,0.00000,0.00000,9.80665,0.000000,0.000000,0.000000,0,1,1,1,1,1,0,0,0,0
2026-09-21T06:31:24.563088+00:00,730601458,SIMULATED,218,1524572,DISARMED,0,-0.000000,0.00000,7.4000,0.0000,25.00,25.00,0.00000,0.00000,0,520,0,500,0,0,0,0,20,0,520,0,0,0,0,0,0,0,0,600,600,600,100,100,0.00000,0.00000,9.80665,0.000000,0.00000,-0.00000,0.00000,0.00000,9.80665,0.000000,0.000000,0.000000,0,1,1,1,1,1,0,0,0,0
2026-09-21T06:31:24.563123+00:00,730636208,SIMULATED,219,1526976,DISARMED,0,-0.000000,0.00000,7.4000,0.0000,25.00,25.00,0.00000,0.00000,0,520,0,500,0,0,0,0,20,0,520,0,0,0,0,0,0,0,0,600,600,600,100,100,0.00000,0.00000,9.80665,0.000000,0.00000,-0.00000,0.00000,0.00000,9.80665,0.000000,0.000000,0.000000,0,1,1,1,1,1,0,0,0,0
2026-09-21T06:31:24.563159+00:00,730671625,SIMULATED,220,1529380,DISARMED,0,-0.000000,0.00000,7.4000,0.0000,25.00,25.00,0.00000,0.00000,0,520,0,500,0,0,0,0,20,0,520,0,0,0,0,0,0,0,0,600,600,600,100,100,0.00000,0.00000,9.80665,0.000000,0.00000,-0.00000,0.00000,0.00000,9.80665,0.000000,0.000000,0.000000,0,1,1,1,1,1,0,0,0,0
2026-09-21T06:31:24.563193+00:00,730705666,SIMULATED,221,1531784,DISARMED,0,-0.000000,0.00000,7.4000,0.0000,25.00,25.00,0.00000,0.00000,0,520,0,500,0,0,0,0,20,0,520,0,0,0,0,0,0,0,0,600,600,600,100,100,0.00000,0.00000,9.80665,0.000000,0.00000,-0.00000,0.00000,0.00000,9.80665,0.000000,0.000000,0.000000,0,1,1,1,1,1,0,0,0,0
2026-09-21T06:31:24.563227+00:00,730740416,SIMULATED,222,1534188,DISARMED,0,-0.000000,0.00000,7.4000,0.0000,25.00,25.00,0.00000,0.00000,0,520,0,500,0,0,0,0,20,0,520,0,0,0,0,0,0,0,0,600,600,600,100,100,0.00000,0.00000,9.80665,0.000000,0.00000,-0.00000,0.00000,0.00000,9.80665,0.000000,0.000000,0.000000,0,1,1,1,1,1,0,0,0,0
2026-09-21T06:31:24.563264+00:00,730776750,SIMULATED,223,1536592,DISARMED,0,-0.000000,0.00000,7.4000,0.0000,25.00,25.00,0.00000,0.00000,0,520,0,500,0,0,0,0,20,0,520,0,0,0,0,0,0,0,0,600,600,600,100,100,0.00000,0.00000,9.80665,0.000000,0.00000,-0.00000,0.00000,0.00000,9.80665,0.000000,0.000000,0.000000,0,1,1,1,1,1,0,0,0,0
2026-09-21T06:31:24.563299+00:00,730811625,SIMULATED,224,1538996,DISARMED,0,-0.000000,0.00000,7.4000,0.0000,25.00,25.00,0.00000,0.00000,0,520,0,500,0,0,0,0,20,0,520,0,0,0,0,0,0,0,0,600,600,600,100,100,0.00000,0.00000,9.80665,0.000000,0.00000,-0.00000,0.00000,0.00000,9.80665,0.000000,0.000000,0.000000,0,1,1,1,1,1,0,0,0,0
2026-09-21T06:31:24.563335+00:00,730847541,SIMULATED,225,1541400,DISARMED,0,-0.000000,0.00000,7.4000,0.0000,25.00,25.00,0.00000,0.00000,0,520,0,500,0,0,0,0,20,0,520,0,0,0,0,0,0,0,0,600,600,600,100,100,0.00000,0.00000,9.80665,0.000000,0.00000,-0.00000,0.00000,0.00000,9.80665,0.000000,0.000000,0.000000,0,1,1,1,1,1,0,0,0,0
2026-09-21T06:31:24.563369+00:00,730882208,SIMULATED,226,1543804,DISARMED,0,-0.000000,0.00000,7.4000,0.0000,25.00,25.00,0.00000,0.00000,0,520,0,500,0,0,0,0,20,0,520,0,0,0,0,0,0,0,0,600,600,600,100,100,0.00000,0.00000,9.80665,0.000000,0.00000,-0.00000,0.00000,0.00000,9.80665,0.000000,0.000000,0.000000,0,1,1,1,1,1,0,0,0,0
2026-09-21T06:31:24.563404+00:00,730916833,SIMULATED,227,1546208,DISARMED,0,-0.000000,0.00000,7.4000,0.0000,25.00,25.00,0.00000,0.00000,0,520,0,500,0,0,0,0,20,0,520,0,0,0,0,0,0,0,0,600,600,600,100,100,0.00000,0.00000,9.80665,0.000000,0.00000,-0.00000,0.00000,0.00000,9.80665,0.000000,0.000000,0.000000,0,1,1,1,1,1,0,0,0,0
2026-09-21T06:31:24.563440+00:00,730953500,SIMULATED,228,1548612,DISARMED,0,-0.000000,0.00000,7.4000,0.0000,25.00,25.00,0.00000,0.00000,0,520,0,500,0,0,0,0,20,0,520,0,0,0,0,0,0,0,0,600,600,600,100,100,0.00000,0.00000,9.80665,0.000000,0.00000,-0.00000,0.00000,0.00000,9.80665,0.000000,0.000000,0.000000,0,1,1,1,1,1,0,0,0,0
2026-09-21T06:31:24.563475+00:00,730988291,SIMULATED,229,1551016,DISARMED,0,-0.000000,0.00000,7.4000,0.0000,25.00,25.00,0.00000,0.00000,0,520,0,500,0,0,0,0,20,0,520,0,0,0,0,0,0,0,0,600,600,600,100,100,0.00000,0.00000,9.80665,0.000000,0.00000,-0.00000,0.00000,0.00000,9.80665,0.000000,0.000000,0.000000,0,1,1,1,1,1,0,0,0,0
2026-09-21T06:31:24.563512+00:00,731025041,SIMULATED,230,1553420,DISARMED,0,-0.000000,0.00000,7.4000,0.0000,25.00,25.00,0.00000,0.00000,0,520,0,500,0,0,0,0,20,0,520,0,0,0,0,0,0,0,0,600,600,600,100,100,0.00000,0.00000,9.80665,0.000000,0.00000,-0.00000,0.00000,0.00000,9.80665,0.000000,0.000000,0.000000,0,1,1,1,1,1,0,0,0,0
2026-09-21T06:31:24.563548+00:00,731061375,SIMULATED,231,1555824,DISARMED,0,-0.000000,0.00000,7.4000,0.0000,25.00,25.00,0.00000,0.00000,0,520,0,500,0,0,0,0,20,0,520,0,0,0,0,0,0,0,0,600,600,600,100,100,0.00000,0.00000,9.80665,0.000000,0.00000,-0.00000,0.00000,0.00000,9.80665,0.000000,0.000000,0.000000,0,1,1,1,1,1,0,0,0,0
2026-09-21T06:31:24.563583+00:00,731096000,SIMULATED,232,1558228,DISARMED,0,-0.000000,0.00000,7.4000,0.0000,25.00,25.00,0.00000,0.00000,0,520,0,500,0,0,0,0,20,0,520,0,0,0,0,0,0,0,0,600,600,600,100,100,0.00000,0.00000,9.80665,0.000000,0.00000,-0.00000,0.00000,0.00000,9.80665,0.000000,0.000000,0.000000,0,1,1,1,1,1,0,0,0,0
2026-09-21T06:31:24.563617+00:00,731130333,SIMULATED,233,1560632,DISARMED,0,-0.000000,0.00000,7.4000,0.0000,25.00,25.00,0.00000,0.00000,0,520,0,500,0,0,0,0,20,0,520,0,0,0,0,0,0,0,0,600,600,600,100,100,0.00000,0.00000,9.80665,0.000000,0.00000,-0.00000,0.00000,0.00000,9.80665,0.000000,0.000000,0.000000,0,1,1,1,1,1,0,0,0,0
2026-09-21T06:31:24.563653+00:00,731165791,SIMULATED,234,1563036,DISARMED,0,-0.000000,0.00000,7.4000,0.0000,25.00,25.00,0.00000,0.00000,0,520,0,500,0,0,0,0,20,0,520,0,0,0,0,0,0,0,0,600,600,600,100,100,0.00000,0.00000,9.80665,0.000000,0.00000,-0.00000,0.00000,0.00000,9.80665,0.000000,0.000000,0.000000,0,1,1,1,1,1,0,0,0,0
2026-09-21T06:31:24.563691+00:00,731204083,SIMULATED,235,1565440,DISARMED,0,-0.000000,0.00000,7.4000,0.0000,25.00,25.00,0.00000,0.00000,0,520,0,500,0,0,0,0,20,0,520,0,0,0,0,0,0,0,0,600,600,600,100,100,0.00000,0.00000,9.80665,0.000000,0.00000,-0.00000,0.00000,0.00000,9.80665,0.000000,0.000000,0.000000,0,1,1,1,1,1,0,0,0,0
2026-09-21T06:31:24.563734+00:00,731246833,SIMULATED,236,1567844,DISARMED,0,-0.000000,0.00000,7.4000,0.0000,25.00,25.00,0.00000,0.00000,0,520,0,500,0,0,0,0,20,0,520,0,0,0,0,0,0,0,0,600,600,600,100,100,0.00000,0.00000,9.80665,0.000000,0.00000,-0.00000,0.00000,0.00000,9.80665,0.000000,0.000000,0.000000,0,1,1,1,1,1,0,0,0,0
2026-09-21T06:31:24.563773+00:00,731286166,SIMULATED,237,1570248,DISARMED,0,-0.000000,0.00000,7.4000,0.0000,25.00,25.00,0.00000,0.00000,0,520,0,500,0,0,0,0,20,0,520,0,0,0,0,0,0,0,0,600,600,600,100,100,0.00000,0.00000,9.80665,0.000000,0.00000,-0.00000,0.00000,0.00000,9.80665,0.000000,0.000000,0.000000,0,1,1,1,1,1,0,0,0,0
2026-09-21T06:31:24.563811+00:00,731324000,SIMULATED,238,1572652,DISARMED,0,-0.000000,0.00000,7.4000,0.0000,25.00,25.00,0.00000,0.00000,0,520,0,500,0,0,0,0,20,0,520,0,0,0,0,0,0,0,0,600,600,600,100,100,0.00000,0.00000,9.80665,0.000000,0.00000,-0.00000,0.00000,0.00000,9.80665,0.000000,0.000000,0.000000,0,1,1,1,1,1,0,0,0,0
2026-09-21T06:31:24.563846+00:00,731359458,SIMULATED,239,1575056,DISARMED,0,-0.000000,0.00000,7.4000,0.0000,25.00,25.00,0.00000,0.00000,0,520,0,500,0,0,0,0,20,0,520,0,0,0,0,0,0,0,0,600,600,600,100,100,0.00000,0.00000,9.80665,0.000000,0.00000,-0.00000,0.00000,0.00000,9.80665,0.000000,0.000000,0.000000,0,1,1,1,1,1,0,0,0,0
2026-09-21T06:31:24.563884+00:00,731397250,SIMULATED,240,1577460,DISARMED,0,-0.000000,0.00000,7.4000,0.0000,25.00,25.00,0.00000,0.00000,0,520,0,500,0,0,0,0,20,0,520,0,0,0,0,0,0,0,0,600,600,600,100,100,0.00000,0.00000,9.80665,0.000000,0.00000,-0.00000,0.00000,0.00000,9.80665,0.000000,0.000000,0.000000,0,1,1,1,1,1,0,0,0,0
2026-09-21T06:31:24.563921+00:00,731434041,SIMULATED,241,1579864,DISARMED,0,-0.000000,0.00000,7.4000,0.0000,25.00,25.00,0.00000,0.00000,0,520,0,500,0,0,0,0,20,0,520,0,0,0,0,0,0,0,0,600,600,600,100,100,0.00000,0.00000,9.80665,0.000000,0.00000,-0.00000,0.00000,0.00000,9.80665,0.000000,0.000000,0.000000,0,1,1,1,1,1,0,0,0,0
2026-09-21T06:31:24.563957+00:00,731470416,SIMULATED,242,1582268,DISARMED,0,-0.000000,0.00000,7.4000,0.0000,25.00,25.00,0.00000,0.00000,0,520,0,500,0,0,0,0,20,0,520,0,0,0,0,0,0,0,0,600,600,600,100,100,0.00000,0.00000,9.80665,0.000000,0.00000,-0.00000,0.00000,0.00000,9.80665,0.000000,0.000000,0.000000,0,1,1,1,1,1,0,0,0,0
2026-09-21T06:31:24.563994+00:00,731506875,SIMULATED,243,1584672,DISARMED,0,-0.000000,0.00000,7.4000,0.0000,25.00,25.00,0.00000,0.00000,0,520,0,500,0,0,0,0,20,0,520,0,0,0,0,0,0,0,0,600,600,600,100,100,0.00000,0.00000,9.80665,0.000000,0.00000,-0.00000,0.00000,0.00000,9.80665,0.000000,0.000000,0.000000,0,1,1,1,1,1,0,0,0,0
2026-09-21T06:31:24.564029+00:00,731541791,SIMULATED,244,1587076,DISARMED,0,-0.000000,0.00000,7.4000,0.0000,25.00,25.00,0.00000,0.00000,0,520,0,500,0,0,0,0,20,0,520,0,0,0,0,0,0,0,0,600,600,600,100,100,0.00000,0.00000,9.80665,0.000000,0.00000,-0.00000,0.00000,0.00000,9.80665,0.000000,0.000000,0.000000,0,1,1,1,1,1,0,0,0,0
2026-09-21T06:31:24.564064+00:00,731576916,SIMULATED,245,1589480,DISARMED,0,-0.000000,0.00000,7.4000,0.0000,25.00,25.00,0.00000,0.00000,0,520,0,500,0,0,0,0,20,0,520,0,0,0,0,0,0,0,0,600,600,600,100,100,0.00000,0.00000,9.80665,0.000000,0.00000,-0.00000,0.00000,0.00000,9.80665,0.000000,0.000000,0.000000,0,1,1,1,1,1,0,0,0,0
2026-09-21T06:31:24.564099+00:00,731611750,SIMULATED,246,1591884,DISARMED,0,-0.000000,0.00000,7.4000,0.0000,25.00,25.00,0.00000,0.00000,0,520,0,500,0,0,0,0,20,0,520,0,0,0,0,0,0,0,0,600,600,600,100,100,0.00000,0.00000,9.80665,0.000000,0.00000,-0.00000,0.00000,0.00000,9.80665,0.000000,0.000000,0.000000,0,1,1,1,1,1,0,0,0,0
2026-09-21T06:31:24.564133+00:00,731645833,SIMULATED,247,1594288,DISARMED,0,-0.000000,0.00000,7.4000,0.0000,25.00,25.00,0.00000,0.00000,0,520,0,500,0,0,0,0,20,0,520,0,0,0,0,0,0,0,0,600,600,600,100,100,0.00000,0.00000,9.80665,0.000000,0.00000,-0.00000,0.00000,0.00000,9.80665,0.000000,0.000000,0.000000,0,1,1,1,1,1,0,0,0,0
2026-09-21T06:31:24.564167+00:00,731679875,SIMULATED,248,1596692,DISARMED,0,-0.000000,0.00000,7.4000,0.0000,25.00,25.00,0.00000,0.00000,0,520,0,500,0,0,0,0,20,0,520,0,0,0,0,0,0,0,0,600,600,600,100,100,0.00000,0.00000,9.80665,0.000000,0.00000,-0.00000,0.00000,0.00000,9.80665,0.000000,0.000000,0.000000,0,1,1,1,1,1,0,0,0,0
2026-09-21T06:31:24.564203+00:00,731715875,SIMULATED,249,1599096,DISARMED,0,-0.000000,0.00000,7.4000,0.0000,25.00,25.00,0.00000,0.00000,0,520,0,500,0,0,0,0,20,0,520,0,0,0,0,0,0,0,0,600,600,600,100,100,0.00000,0.00000,9.80665,0.000000,0.00000,-0.00000,0.00000,0.00000,9.80665,0.000000,0.000000,0.000000,0,1,1,1,1,1,0,0,0,0
2026-09-21T06:31:24.564240+00:00,731752916,SIMULATED,250,1601500,DISARMED,0,-0.000000,0.00000,7.4000,0.0000,25.00,25.00,0.00000,0.00000,0,520,0,500,0,0,0,0,20,0,520,0,0,0,0,0,0,0,0,600,600,600,100,100,0.00000,0.00000,9.80665,0.000000,0.00000,-0.00000,0.00000,0.00000,9.80665,0.000000,0.000000,0.000000,0,1,1,1,1,1,0,0,0,0
2026-09-21T06:31:24.564275+00:00,731788125,SIMULATED,251,1603904,DISARMED,0,-0.000000,0.00000,7.4000,0.0000,25.00,25.00,0.00000,0.00000,0,520,0,500,0,0,0,0,20,0,520,0,0,0,0,0,0,0,0,600,600,600,100,100,0.00000,0.00000,9.80665,0.000000,0.00000,-0.00000,0.00000,0.00000,9.80665,0.000000,0.000000,0.000000,0,1,1,1,1,1,0,0,0,0
2026-09-21T06:31:24.564310+00:00,731823166,SIMULATED,252,1606308,DISARMED,0,-0.000000,0.00000,7.4000,0.0000,25.00,25.00,0.00000,0.00000,0,520,0,500,0,0,0,0,20,0,520,0,0,0,0,0,0,0,0,600,600,600,100,100,0.00000,0.00000,9.80665,0.000000,0.00000,-0.00000,0.00000,0.00000,9.80665,0.000000,0.000000,0.000000,0,1,1,1,1,1,0,0,0,0
2026-09-21T06:31:24.564348+00:00,731860750,SIMULATED,253,1608712,DISARMED,0,-0.000000,0.00000,7.4000,0.0000,25.00,25.00,0.00000,0.00000,0,520,0,500,0,0,0,0,20,0,520,0,0,0,0,0,0,0,0,600,600,600,100,100,0.00000,0.00000,9.80665,0.000000,0.00000,-0.00000,0.00000,0.00000,9.80665,0.000000,0.000000,0.000000,0,1,1,1,1,1,0,0,0,0
2026-09-21T06:31:24.564383+00:00,731895916,SIMULATED,254,1611116,DISARMED,0,-0.000000,0.00000,7.4000,0.0000,25.00,25.00,0.00000,0.00000,0,520,0,500,0,0,0,0,20,0,520,0,0,0,0,0,0,0,0,600,600,600,100,100,0.00000,0.00000,9.80665,0.000000,0.00000,-0.00000,0.00000,0.00000,9.80665,0.000000,0.000000,0.000000,0,1,1,1,1,1,0,0,0,0
2026-09-21T06:31:24.564419+00:00,731932125,SIMULATED,255,1613520,DISARMED,0,-0.000000,0.00000,7.4000,0.0000,25.00,25.00,0.00000,0.00000,0,520,0,500,0,0,0,0,20,0,520,0,0,0,0,0,0,0,0,600,600,600,100,100,0.00000,0.00000,9.80665,0.000000,0.00000,-0.00000,0.00000,0.00000,9.80665,0.000000,0.000000,0.000000,0,1,1,1,1,1,0,0,0,0
2026-09-21T06:31:24.564455+00:00,731968458,SIMULATED,256,1615924,DISARMED,0,-0.000000,0.00000,7.4000,0.0000,25.00,25.00,0.00000,0.00000,0,520,0,500,0,0,0,0,20,0,520,0,0,0,0,0,0,0,0,600,600,600,100,100,0.00000,0.00000,9.80665,0.000000,0.00000,-0.00000,0.00000,0.00000,9.80665,0.000000,0.000000,0.000000,0,1,1,1,1,1,0,0,0,0
2026-09-21T06:31:24.564491+00:00,732003583,SIMULATED,257,1618328,DISARMED,0,-0.000000,0.00000,7.4000,0.0000,25.00,25.00,0.00000,0.00000,0,520,0,500,0,0,0,0,20,0,520,0,0,0,0,0,0,0,0,600,600,600,100,100,0.00000,0.00000,9.80665,0.000000,0.00000,-0.00000,0.00000,0.00000,9.80665,0.000000,0.000000,0.000000,0,1,1,1,1,1,0,0,0,0
2026-09-21T06:31:24.564526+00:00,732038666,SIMULATED,258,1620732,DISARMED,0,-0.000000,0.00000,7.4000,0.0000,25.00,25.00,0.00000,0.00000,0,520,0,500,0,0,0,0,20,0,520,0,0,0,0,0,0,0,0,600,600,600,100,100,0.00000,0.00000,9.80665,0.000000,0.00000,-0.00000,0.00000,0.00000,9.80665,0.000000,0.000000,0.000000,0,1,1,1,1,1,0,0,0,0
2026-09-21T06:31:24.564561+00:00,732073791,SIMULATED,259,1623136,DISARMED,0,-0.000000,0.00000,7.4000,0.0000,25.00,25.00,0.00000,0.00000,0,520,0,500,0,0,0,0,20,0,520,0,0,0,0,0,0,0,0,600,600,600,100,100,0.00000,0.00000,9.80665,0.000000,0.00000,-0.00000,0.00000,0.00000,9.80665,0.000000,0.000000,0.000000,0,1,1,1,1,1,0,0,0,0
2026-09-21T06:31:24.564598+00:00,732110625,SIMULATED,260,1625540,DISARMED,0,-0.000000,0.00000,7.4000,0.0000,25.00,25.00,0.00000,0.00000,0,520,0,500,0,0,0,0,20,0,520,0,0,0,0,0,0,0,0,600,600,600,100,100,0.00000,0.00000,9.80665,0.000000,0.00000,-0.00000,0.00000,0.00000,9.80665,0.000000,0.000000,0.000000,0,1,1,1,1,1,0,0,0,0
2026-09-21T06:31:24.564638+00:00,732150916,SIMULATED,261,1627944,DISARMED,0,-0.000000,0.00000,7.4000,0.0000,25.00,25.00,0.00000,0.00000,0,520,0,500,0,0,0,0,20,0,520,0,0,0,0,0,0,0,0,600,600,600,100,100,0.00000,0.00000,9.80665,0.000000,0.00000,-0.00000,0.00000,0.00000,9.80665,0.000000,0.000000,0.000000,0,1,1,1,1,1,0,0,0,0
2026-09-21T06:31:24.564767+00:00,732281083,SIMULATED,262,1630348,DISARMED,0,-0.000000,0.00000,7.4000,0.0000,25.00,25.00,0.00000,0.00000,0,520,0,500,0,0,0,0,20,0,520,0,0,0,0,0,0,0,0,600,600,600,100,100,0.00000,0.00000,9.80665,0.000000,0.00000,-0.00000,0.00000,0.00000,9.80665,0.000000,0.000000,0.000000,0,1,1,1,1,1,0,0,0,0
2026-09-21T06:31:24.564812+00:00,732325125,SIMULATED,263,1632752,DISARMED,0,-0.000000,0.00000,7.4000,0.0000,25.00,25.00,0.00000,0.00000,0,520,0,500,0,0,0,0,20,0,520,0,0,0,0,0,0,0,0,600,600,600,100,100,0.00000,0.00000,9.80665,0.000000,0.00000,-0.00000,0.00000,0.00000,9.80665,0.000000,0.000000,0.000000,0,1,1,1,1,1,0,0,0,0
2026-09-21T06:31:24.564848+00:00,732360958,SIMULATED,264,1635156,DISARMED,0,-0.000000,0.00000,7.4000,0.0000,25.00,25.00,0.00000,0.00000,0,520,0,500,0,0,0,0,20,0,520,0,0,0,0,0,0,0,0,600,600,600,100,100,0.00000,0.00000,9.80665,0.000000,0.00000,-0.00000,0.00000,0.00000,9.80665,0.000000,0.000000,0.000000,0,1,1,1,1,1,0,0,0,0
2026-09-21T06:31:24.564884+00:00,732397291,SIMULATED,265,1637560,DISARMED,0,-0.000000,0.00000,7.4000,0.0000,25.00,25.00,0.00000,0.00000,0,520,0,500,0,0,0,0,20,0,520,0,0,0,0,0,0,0,0,600,600,600,100,100,0.00000,0.00000,9.80665,0.000000,0.00000,-0.00000,0.00000,0.00000,9.80665,0.000000,0.000000,0.000000,0,1,1,1,1,1,0,0,0,0
2026-09-21T06:31:24.564923+00:00,732435958,SIMULATED,266,1639964,DISARMED,0,-0.000000,0.00000,7.4000,0.0000,25.00,25.00,0.00000,0.00000,0,520,0,500,0,0,0,0,20,0,520,0,0,0,0,0,0,0,0,600,600,600,100,100,0.00000,0.00000,9.80665,0.000000,0.00000,-0.00000,0.00000,0.00000,9.80665,0.000000,0.000000,0.000000,0,1,1,1,1,1,0,0,0,0
2026-09-21T06:31:24.564963+00:00,732476625,SIMULATED,267,1642368,DISARMED,0,-0.000000,0.00000,7.4000,0.0000,25.00,25.00,0.00000,0.00000,0,520,0,500,0,0,0,0,20,0,520,0,0,0,0,0,0,0,0,600,600,600,100,100,0.00000,0.00000,9.80665,0.000000,0.00000,-0.00000,0.00000,0.00000,9.80665,0.000000,0.000000,0.000000,0,1,1,1,1,1,0,0,0,0
2026-09-21T06:31:24.565002+00:00,732514750,SIMULATED,268,1644772,DISARMED,0,-0.000000,0.00000,7.4000,0.0000,25.00,25.00,0.00000,0.00000,0,520,0,500,0,0,0,0,20,0,520,0,0,0,0,0,0,0,0,600,600,600,100,100,0.00000,0.00000,9.80665,0.000000,0.00000,-0.00000,0.00000,0.00000,9.80665,0.000000,0.000000,0.000000,0,1,1,1,1,1,0,0,0,0
2026-09-21T06:31:24.565037+00:00,732550500,SIMULATED,269,1647176,DISARMED,0,-0.000000,0.00000,7.4000,0.0000,25.00,25.00,0.00000,0.00000,0,520,0,500,0,0,0,0,20,0,520,0,0,0,0,0,0,0,0,600,600,600,100,100,0.00000,0.00000,9.80665,0.000000,0.00000,-0.00000,0.00000,0.00000,9.80665,0.000000,0.000000,0.000000,0,1,1,1,1,1,0,0,0,0
2026-09-21T06:31:24.565075+00:00,732588250,SIMULATED,270,1649580,DISARMED,0,-0.000000,0.00000,7.4000,0.0000,25.00,25.00,0.00000,0.00000,0,520,0,500,0,0,0,0,20,0,520,0,0,0,0,0,0,0,0,600,600,600,100,100,0.00000,0.00000,9.80665,0.000000,0.00000,-0.00000,0.00000,0.00000,9.80665,0.000000,0.000000,0.000000,0,1,1,1,1,1,0,0,0,0
2026-09-21T06:31:24.565110+00:00,732622666,SIMULATED,271,1651984,DISARMED,0,-0.000000,0.00000,7.4000,0.0000,25.00,25.00,0.00000,0.00000,0,520,0,500,0,0,0,0,20,0,520,0,0,0,0,0,0,0,0,600,600,600,100,100,0.00000,0.00000,9.80665,0.000000,0.00000,-0.00000,0.00000,0.00000,9.80665,0.000000,0.000000,0.000000,0,1,1,1,1,1,0,0,0,0
2026-09-21T06:31:24.565143+00:00,732656291,SIMULATED,272,1654388,DISARMED,0,-0.000000,0.00000,7.4000,0.0000,25.00,25.00,0.00000,0.00000,0,520,0,500,0,0,0,0,20,0,520,0,0,0,0,0,0,0,0,600,600,600,100,100,0.00000,0.00000,9.80665,0.000000,0.00000,-0.00000,0.00000,0.00000,9.80665,0.000000,0.000000,0.000000,0,1,1,1,1,1,0,0,0,0
2026-09-21T06:31:24.565182+00:00,732695125,SIMULATED,273,1656792,DISARMED,0,-0.000000,0.00000,7.4000,0.0000,25.00,25.00,0.00000,0.00000,0,520,0,500,0,0,0,0,20,0,520,0,0,0,0,0,0,0,0,600,600,600,100,100,0.00000,0.00000,9.80665,0.000000,0.00000,-0.00000,0.00000,0.00000,9.80665,0.000000,0.000000,0.000000,0,1,1,1,1,1,0,0,0,0
2026-09-21T06:31:24.565220+00:00,732733541,SIMULATED,274,1659196,DISARMED,0,-0.000000,0.00000,7.4000,0.0000,25.00,25.00,0.00000,0.00000,0,520,0,500,0,0,0,0,20,0,520,0,0,0,0,0,0,0,0,600,600,600,100,100,0.00000,0.00000,9.80665,0.000000,0.00000,-0.00000,0.00000,0.00000,9.80665,0.000000,0.000000,0.000000,0,1,1,1,1,1,0,0,0,0
2026-09-21T06:31:24.565256+00:00,732768750,SIMULATED,275,1661600,DISARMED,0,-0.000000,0.00000,7.4000,0.0000,25.00,25.00,0.00000,0.00000,0,520,0,500,0,0,0,0,20,0,520,0,0,0,0,0,0,0,0,600,600,600,100,100,0.00000,0.00000,9.80665,0.000000,0.00000,-0.00000,0.00000,0.00000,9.80665,0.000000,0.000000,0.000000,0,1,1,1,1,1,0,0,0,0
2026-09-21T06:31:24.565291+00:00,732803666,SIMULATED,276,1664004,DISARMED,0,-0.000000,0.00000,7.4000,0.0000,25.00,25.00,0.00000,0.00000,0,520,0,500,0,0,0,0,20,0,520,0,0,0,0,0,0,0,0,600,600,600,100,100,0.00000,0.00000,9.80665,0.000000,0.00000,-0.00000,0.00000,0.00000,9.80665,0.000000,0.000000,0.000000,0,1,1,1,1,1,0,0,0,0
2026-09-21T06:31:24.565325+00:00,732838333,SIMULATED,277,1666408,DISARMED,0,-0.000000,0.00000,7.4000,0.0000,25.00,25.00,0.00000,0.00000,0,520,0,500,0,0,0,0,20,0,520,0,0,0,0,0,0,0,0,600,600,600,100,100,0.00000,0.00000,9.80665,0.000000,0.00000,-0.00000,0.00000,0.00000,9.80665,0.000000,0.000000,0.000000,0,1,1,1,1,1,0,0,0,0
2026-09-21T06:31:24.565360+00:00,732872916,SIMULATED,278,1668812,DISARMED,0,-0.000000,0.00000,7.4000,0.0000,25.00,25.00,0.00000,0.00000,0,520,0,500,0,0,0,0,20,0,520,0,0,0,0,0,0,0,0,600,600,600,100,100,0.00000,0.00000,9.80665,0.000000,0.00000,-0.00000,0.00000,0.00000,9.80665,0.000000,0.000000,0.000000,0,1,1,1,1,1,0,0,0,0
2026-09-21T06:31:24.565398+00:00,732911125,SIMULATED,279,1671216,DISARMED,0,-0.000000,0.00000,7.4000,0.0000,25.00,25.00,0.00000,0.00000,0,520,0,500,0,0,0,0,20,0,520,0,0,0,0,0,0,0,0,600,600,600,100,100,0.00000,0.00000,9.80665,0.000000,0.00000,-0.00000,0.00000,0.00000,9.80665,0.000000,0.000000,0.000000,0,1,1,1,1,1,0,0,0,0
2026-09-21T06:31:24.565436+00:00,732948583,SIMULATED,280,1673620,DISARMED,0,-0.000000,0.00000,7.4000,0.0000,25.00,25.00,0.00000,0.00000,0,520,0,500,0,0,0,0,20,0,520,0,0,0,0,0,0,0,0,600,600,600,100,100,0.00000,0.00000,9.80665,0.000000,0.00000,-0.00000,0.00000,0.00000,9.80665,0.000000,0.000000,0.000000,0,1,1,1,1,1,0,0,0,0
2026-09-21T06:31:24.565470+00:00,732983208,SIMULATED,281,1676024,DISARMED,0,-0.000000,0.00000,7.4000,0.0000,25.00,25.00,0.00000,0.00000,0,520,0,500,0,0,0,0,20,0,520,0,0,0,0,0,0,0,0,600,600,600,100,100,0.00000,0.00000,9.80665,0.000000,0.00000,-0.00000,0.00000,0.00000,9.80665,0.000000,0.000000,0.000000,0,1,1,1,1,1,0,0,0,0
2026-09-21T06:31:24.565505+00:00,733017916,SIMULATED,282,1678428,DISARMED,0,-0.000000,0.00000,7.4000,0.0000,25.00,25.00,0.00000,0.00000,0,520,0,500,0,0,0,0,20,0,520,0,0,0,0,0,0,0,0,600,600,600,100,100,0.00000,0.00000,9.80665,0.000000,0.00000,-0.00000,0.00000,0.00000,9.80665,0.000000,0.000000,0.000000,0,1,1,1,1,1,0,0,0,0
2026-09-21T06:31:24.565539+00:00,733052500,SIMULATED,283,1680832,DISARMED,0,-0.000000,0.00000,7.4000,0.0000,25.00,25.00,0.00000,0.00000,0,520,0,500,0,0,0,0,20,0,520,0,0,0,0,0,0,0,0,600,600,600,100,100,0.00000,0.00000,9.80665,0.000000,0.00000,-0.00000,0.00000,0.00000,9.80665,0.000000,0.000000,0.000000,0,1,1,1,1,1,0,0,0,0
2026-09-21T06:31:24.565574+00:00,733086916,SIMULATED,284,1683236,DISARMED,0,-0.000000,0.00000,7.4000,0.0000,25.00,25.00,0.00000,0.00000,0,520,0,500,0,0,0,0,20,0,520,0,0,0,0,0,0,0,0,600,600,600,100,100,0.00000,0.00000,9.80665,0.000000,0.00000,-0.00000,0.00000,0.00000,9.80665,0.000000,0.000000,0.000000,0,1,1,1,1,1,0,0,0,0
2026-09-21T06:31:24.565610+00:00,733122708,SIMULATED,285,1685640,DISARMED,0,-0.000000,0.00000,7.4000,0.0000,25.00,25.00,0.00000,0.00000,0,520,0,500,0,0,0,0,20,0,520,0,0,0,0,0,0,0,0,600,600,600,100,100,0.00000,0.00000,9.80665,0.000000,0.00000,-0.00000,0.00000,0.00000,9.80665,0.000000,0.000000,0.000000,0,1,1,1,1,1,0,0,0,0
2026-09-21T06:31:24.565643+00:00,733156416,SIMULATED,286,1688044,DISARMED,0,-0.000000,0.00000,7.4000,0.0000,25.00,25.00,0.00000,0.00000,0,520,0,500,0,0,0,0,20,0,520,0,0,0,0,0,0,0,0,600,600,600,100,100,0.00000,0.00000,9.80665,0.000000,0.00000,-0.00000,0.00000,0.00000,9.80665,0.000000,0.000000,0.000000,0,1,1,1,1,1,0,0,0,0
2026-09-21T06:31:24.565677+00:00,733190208,SIMULATED,287,1690448,DISARMED,0,-0.000000,0.00000,7.4000,0.0000,25.00,25.00,0.00000,0.00000,0,520,0,500,0,0,0,0,20,0,520,0,0,0,0,0,0,0,0,600,600,600,100,100,0.00000,0.00000,9.80665,0.000000,0.00000,-0.00000,0.00000,0.00000,9.80665,0.000000,0.000000,0.000000,0,1,1,1,1,1,0,0,0,0
2026-09-21T06:31:24.565712+00:00,733225458,SIMULATED,288,1692852,DISARMED,0,-0.000000,0.00000,7.4000,0.0000,25.00,25.00,0.00000,0.00000,0,520,0,500,0,0,0,0,20,0,520,0,0,0,0,0,0,0,0,600,600,600,100,100,0.00000,0.00000,9.80665,0.000000,0.00000,-0.00000,0.00000,0.00000,9.80665,0.000000,0.000000,0.000000,0,1,1,1,1,1,0,0,0,0
2026-09-21T06:31:24.565747+00:00,733259958,SIMULATED,289,1695256,DISARMED,0,-0.000000,0.00000,7.4000,0.0000,25.00,25.00,0.00000,0.00000,0,520,0,500,0,0,0,0,20,0,520,0,0,0,0,0,0,0,0,600,600,600,100,100,0.00000,0.00000,9.80665,0.000000,0.00000,-0.00000,0.00000,0.00000,9.80665,0.000000,0.000000,0.000000,0,1,1,1,1,1,0,0,0,0
2026-09-21T06:31:24.565783+00:00,733296333,SIMULATED,290,1697660,DISARMED,0,-0.000000,0.00000,7.4000,0.0000,25.00,25.00,0.00000,0.00000,0,520,0,500,0,0,0,0,20,0,520,0,0,0,0,0,0,0,0,600,600,600,100,100,0.00000,0.00000,9.80665,0.000000,0.00000,-0.00000,0.00000,0.00000,9.80665,0.000000,0.000000,0.000000,0,1,1,1,1,1,0,0,0,0
2026-09-21T06:31:24.565821+00:00,733333666,SIMULATED,291,1700064,DISARMED,0,-0.000000,0.00000,7.4000,0.0000,25.00,25.00,0.00000,0.00000,0,520,0,500,0,0,0,0,20,0,520,0,0,0,0,0,0,0,0,600,600,600,100,100,0.00000,0.00000,9.80665,0.000000,0.00000,-0.00000,0.00000,0.00000,9.80665,0.000000,0.000000,0.000000,0,1,1,1,1,1,0,0,0,0
2026-09-21T06:31:24.565855+00:00,733368166,SIMULATED,292,1702468,DISARMED,0,-0.000000,0.00000,7.4000,0.0000,25.00,25.00,0.00000,0.00000,0,520,0,500,0,0,0,0,20,0,520,0,0,0,0,0,0,0,0,600,600,600,100,100,0.00000,0.00000,9.80665,0.000000,0.00000,-0.00000,0.00000,0.00000,9.80665,0.000000,0.000000,0.000000,0,1,1,1,1,1,0,0,0,0
2026-09-21T06:31:24.565889+00:00,733402250,SIMULATED,293,1704872,DISARMED,0,-0.000000,0.00000,7.4000,0.0000,25.00,25.00,0.00000,0.00000,0,520,0,500,0,0,0,0,20,0,520,0,0,0,0,0,0,0,0,600,600,600,100,100,0.00000,0.00000,9.80665,0.000000,0.00000,-0.00000,0.00000,0.00000,9.80665,0.000000,0.000000,0.000000,0,1,1,1,1,1,0,0,0,0
2026-09-21T06:31:24.565923+00:00,733436125,SIMULATED,294,1707276,DISARMED,0,-0.000000,0.00000,7.4000,0.0000,25.00,25.00,0.00000,0.00000,0,520,0,500,0,0,0,0,20,0,520,0,0,0,0,0,0,0,0,600,600,600,100,100,0.00000,0.00000,9.80665,0.000000,0.00000,-0.00000,0.00000,0.00000,9.80665,0.000000,0.000000,0.000000,0,1,1,1,1,1,0,0,0,0
2026-09-21T06:31:24.565957+00:00,733470500,SIMULATED,295,1709680,DISARMED,0,-0.000000,0.00000,7.4000,0.0000,25.00,25.00,0.00000,0.00000,0,520,0,500,0,0,0,0,20,0,520,0,0,0,0,0,0,0,0,600,600,600,100,100,0.00000,0.00000,9.80665,0.000000,0.00000,-0.00000,0.00000,0.00000,9.80665,0.000000,0.000000,0.000000,0,1,1,1,1,1,0,0,0,0
2026-09-21T06:31:24.565992+00:00,733505041,SIMULATED,296,1712084,DISARMED,0,-0.000000,0.00000,7.4000,0.0000,25.00,25.00,0.00000,0.00000,0,520,0,500,0,0,0,0,20,0,520,0,0,0,0,0,0,0,0,600,600,600,100,100,0.00000,0.00000,9.80665,0.000000,0.00000,-0.00000,0.00000,0.00000,9.80665,0.000000,0.000000,0.000000,0,1,1,1,1,1,0,0,0,0
2026-09-21T06:31:24.566031+00:00,733543708,SIMULATED,297,1714488,DISARMED,0,-0.000000,0.00000,7.4000,0.0000,25.00,25.00,0.00000,0.00000,0,520,0,500,0,0,0,0,20,0,520,0,0,0,0,0,0,0,0,600,600,600,100,100,0.00000,0.00000,9.80665,0.000000,0.00000,-0.00000,0.00000,0.00000,9.80665,0.000000,0.000000,0.000000,0,1,1,1,1,1,0,0,0,0
2026-09-21T06:31:24.566068+00:00,733581041,SIMULATED,298,1716892,DISARMED,0,-0.000000,0.00000,7.4000,0.0000,25.00,25.00,0.00000,0.00000,0,520,0,500,0,0,0,0,20,0,520,0,0,0,0,0,0,0,0,600,600,600,100,100,0.00000,0.00000,9.80665,0.000000,0.00000,-0.00000,0.00000,0.00000,9.80665,0.000000,0.000000,0.000000,0,1,1,1,1,1,0,0,0,0
2026-09-21T06:31:24.566102+00:00,733615250,SIMULATED,299,1719296,DISARMED,0,-0.000000,0.00000,7.4000,0.0000,25.00,25.00,0.00000,0.00000,0,520,0,500,0,0,0,0,20,0,520,0,0,0,0,0,0,0,0,600,600,600,100,100,0.00000,0.00000,9.80665,0.000000,0.00000,-0.00000,0.00000,0.00000,9.80665,0.000000,0.000000,0.000000,0,1,1,1,1,1,0,0,0,0
2026-09-21T06:31:24.566137+00:00,733650375,SIMULATED,300,1721700,DISARMED,0,-0.000000,0.00000,7.4000,0.0000,25.00,25.00,0.00000,0.00000,0,520,0,500,0,0,0,0,20,0,520,0,0,0,0,0,0,0,0,600,600,600,100,100,0.00000,0.00000,9.80665,0.000000,0.00000,-0.00000,0.00000,0.00000,9.80665,0.000000,0.000000,0.000000,0,1,1,1,1,1,0,0,0,0
2026-09-21T06:31:24.566171+00:00,733684250,SIMULATED,301,1724104,DISARMED,0,-0.000000,0.00000,7.4000,0.0000,25.00,25.00,0.00000,0.00000,0,520,0,500,0,0,0,0,20,0,520,0,0,0,0,0,0,0,0,600,600,600,100,100,0.00000,0.00000,9.80665,0.000000,0.00000,-0.00000,0.00000,0.00000,9.80665,0.000000,0.000000,0.000000,0,1,1,1,1,1,0,0,0,0
2026-09-21T06:31:24.566206+00:00,733718958,SIMULATED,302,1726508,DISARMED,0,-0.000000,0.00000,7.4000,0.0000,25.00,25.00,0.00000,0.00000,0,520,0,500,0,0,0,0,20,0,520,0,0,0,0,0,0,0,0,600,600,600,100,100,0.00000,0.00000,9.80665,0.000000,0.00000,-0.00000,0.00000,0.00000,9.80665,0.000000,0.000000,0.000000,0,1,1,1,1,1,0,0,0,0
2026-09-21T06:31:24.566241+00:00,733754416,SIMULATED,303,1728912,DISARMED,0,-0.000000,0.00000,7.4000,0.0000,25.00,25.00,0.00000,0.00000,0,520,0,500,0,0,0,0,20,0,520,0,0,0,0,0,0,0,0,600,600,600,100,100,0.00000,0.00000,9.80665,0.000000,0.00000,-0.00000,0.00000,0.00000,9.80665,0.000000,0.000000,0.000000,0,1,1,1,1,1,0,0,0,0
2026-09-21T06:31:24.566278+00:00,733791541,SIMULATED,304,1731316,DISARMED,0,-0.000000,0.00000,7.4000,0.0000,25.00,25.00,0.00000,0.00000,0,520,0,500,0,0,0,0,20,0,520,0,0,0,0,0,0,0,0,600,600,600,100,100,0.00000,0.00000,9.80665,0.000000,0.00000,-0.00000,0.00000,0.00000,9.80665,0.000000,0.000000,0.000000,0,1,1,1,1,1,0,0,0,0
2026-09-21T06:31:24.566313+00:00,733826166,SIMULATED,305,1733720,DISARMED,0,-0.000000,0.00000,7.4000,0.0000,25.00,25.00,0.00000,0.00000,0,520,0,500,0,0,0,0,20,0,520,0,0,0,0,0,0,0,0,600,600,600,100,100,0.00000,0.00000,9.80665,0.000000,0.00000,-0.00000,0.00000,0.00000,9.80665,0.000000,0.000000,0.000000,0,1,1,1,1,1,0,0,0,0
2026-09-21T06:31:24.566349+00:00,733862125,SIMULATED,306,1736124,DISARMED,0,-0.000000,0.00000,7.4000,0.0000,25.00,25.00,0.00000,0.00000,0,520,0,500,0,0,0,0,20,0,520,0,0,0,0,0,0,0,0,600,600,600,100,100,0.00000,0.00000,9.80665,0.000000,0.00000,-0.00000,0.00000,0.00000,9.80665,0.000000,0.000000,0.000000,0,1,1,1,1,1,0,0,0,0
2026-09-21T06:31:24.566383+00:00,733896416,SIMULATED,307,1738528,DISARMED,0,-0.000000,0.00000,7.4000,0.0000,25.00,25.00,0.00000,0.00000,0,520,0,500,0,0,0,0,20,0,520,0,0,0,0,0,0,0,0,600,600,600,100,100,0.00000,0.00000,9.80665,0.000000,0.00000,-0.00000,0.00000,0.00000,9.80665,0.000000,0.000000,0.000000,0,1,1,1,1,1,0,0,0,0
2026-09-21T06:31:24.566418+00:00,733931291,SIMULATED,308,1740932,DISARMED,0,-0.000000,0.00000,7.4000,0.0000,25.00,25.00,0.00000,0.00000,0,520,0,500,0,0,0,0,20,0,520,0,0,0,0,0,0,0,0,600,600,600,100,100,0.00000,0.00000,9.80665,0.000000,0.00000,-0.00000,0.00000,0.00000,9.80665,0.000000,0.000000,0.000000,0,1,1,1,1,1,0,0,0,0
2026-09-21T06:31:24.566454+00:00,733966750,SIMULATED,309,1743336,DISARMED,0,-0.000000,0.00000,7.4000,0.0000,25.00,25.00,0.00000,0.00000,0,520,0,500,0,0,0,0,20,0,520,0,0,0,0,0,0,0,0,600,600,600,100,100,0.00000,0.00000,9.80665,0.000000,0.00000,-0.00000,0.00000,0.00000,9.80665,0.000000,0.000000,0.000000,0,1,1,1,1,1,0,0,0,0
2026-09-21T06:31:24.566493+00:00,734006500,SIMULATED,310,1745740,DISARMED,0,-0.000000,0.00000,7.4000,0.0000,25.00,25.00,0.00000,0.00000,0,520,0,500,0,0,0,0,20,0,520,0,0,0,0,0,0,0,0,600,600,600,100,100,0.00000,0.00000,9.80665,0.000000,0.00000,-0.00000,0.00000,0.00000,9.80665,0.000000,0.000000,0.000000,0,1,1,1,1,1,0,0,0,0
2026-09-21T06:31:24.566528+00:00,734041333,SIMULATED,311,1748144,DISARMED,0,-0.000000,0.00000,7.4000,0.0000,25.00,25.00,0.00000,0.00000,0,520,0,500,0,0,0,0,20,0,520,0,0,0,0,0,0,0,0,600,600,600,100,100,0.00000,0.00000,9.80665,0.000000,0.00000,-0.00000,0.00000,0.00000,9.80665,0.000000,0.000000,0.000000,0,1,1,1,1,1,0,0,0,0
2026-09-21T06:31:24.566563+00:00,734075791,SIMULATED,312,1750548,DISARMED,0,-0.000000,0.00000,7.4000,0.0000,25.00,25.00,0.00000,0.00000,0,520,0,500,0,0,0,0,20,0,520,0,0,0,0,0,0,0,0,600,600,600,100,100,0.00000,0.00000,9.80665,0.000000,0.00000,-0.00000,0.00000,0.00000,9.80665,0.000000,0.000000,0.000000,0,1,1,1,1,1,0,0,0,0
2026-09-21T06:31:24.566597+00:00,734109875,SIMULATED,313,1752952,DISARMED,0,-0.000000,0.00000,7.4000,0.0000,25.00,25.00,0.00000,0.00000,0,520,0,500,0,0,0,0,20,0,520,0,0,0,0,0,0,0,0,600,600,600,100,100,0.00000,0.00000,9.80665,0.000000,0.00000,-0.00000,0.00000,0.00000,9.80665,0.000000,0.000000,0.000000,0,1,1,1,1,1,0,0,0,0
2026-09-21T06:31:24.566631+00:00,734143791,SIMULATED,314,1755356,DISARMED,0,-0.000000,0.00000,7.4000,0.0000,25.00,25.00,0.00000,0.00000,0,520,0,500,0,0,0,0,20,0,520,0,0,0,0,0,0,0,0,600,600,600,100,100,0.00000,0.00000,9.80665,0.000000,0.00000,-0.00000,0.00000,0.00000,9.80665,0.000000,0.000000,0.000000,0,1,1,1,1,1,0,0,0,0
2026-09-21T06:31:24.566676+00:00,734189541,SIMULATED,315,1757760,DISARMED,0,-0.000000,0.00000,7.4000,0.0000,25.00,25.00,0.00000,0.00000,0,520,0,500,0,0,0,0,20,0,520,0,0,0,0,0,0,0,0,600,600,600,100,100,0.00000,0.00000,9.80665,0.000000,0.00000,-0.00000,0.00000,0.00000,9.80665,0.000000,0.000000,0.000000,0,1,1,1,1,1,0,0,0,0
2026-09-21T06:31:24.566711+00:00,734224166,SIMULATED,316,1760164,DISARMED,0,-0.000000,0.00000,7.4000,0.0000,25.00,25.00,0.00000,0.00000,0,520,0,500,0,0,0,0,20,0,520,0,0,0,0,0,0,0,0,600,600,600,100,100,0.00000,0.00000,9.80665,0.000000,0.00000,-0.00000,0.00000,0.00000,9.80665,0.000000,0.000000,0.000000,0,1,1,1,1,1,0,0,0,0
2026-09-21T06:31:24.566748+00:00,734261041,SIMULATED,317,1762568,DISARMED,0,-0.000000,0.00000,7.4000,0.0000,25.00,25.00,0.00000,0.00000,0,520,0,500,0,0,0,0,20,0,520,0,0,0,0,0,0,0,0,600,600,600,100,100,0.00000,0.00000,9.80665,0.000000,0.00000,-0.00000,0.00000,0.00000,9.80665,0.000000,0.000000,0.000000,0,1,1,1,1,1,0,0,0,0
2026-09-21T06:31:24.566783+00:00,734296416,SIMULATED,318,1764972,DISARMED,0,-0.000000,0.00000,7.4000,0.0000,25.00,25.00,0.00000,0.00000,0,520,0,500,0,0,0,0,20,0,520,0,0,0,0,0,0,0,0,600,600,600,100,100,0.00000,0.00000,9.80665,0.000000,0.00000,-0.00000,0.00000,0.00000,9.80665,0.000000,0.000000,0.000000,0,1,1,1,1,1,0,0,0,0
2026-09-21T06:31:24.566819+00:00,734332083,SIMULATED,319,1767376,DISARMED,0,-0.000000,0.00000,7.4000,0.0000,25.00,25.00,0.00000,0.00000,0,520,0,500,0,0,0,0,20,0,520,0,0,0,0,0,0,0,0,600,600,600,100,100,0.00000,0.00000,9.80665,0.000000,0.00000,-0.00000,0.00000,0.00000,9.80665,0.000000,0.000000,0.000000,0,1,1,1,1,1,0,0,0,0
2026-09-21T06:31:24.566856+00:00,734369250,SIMULATED,320,1769780,DISARMED,0,-0.000000,0.00000,7.4000,0.0000,25.00,25.00,0.00000,0.00000,0,520,0,500,0,0,0,0,20,0,520,0,0,0,0,0,0,0,0,600,600,600,100,100,0.00000,0.00000,9.80665,0.000000,0.00000,-0.00000,0.00000,0.00000,9.80665,0.000000,0.000000,0.000000,0,1,1,1,1,1,0,0,0,0
2026-09-21T06:31:24.566891+00:00,734404541,SIMULATED,321,1772184,DISARMED,0,-0.000000,0.00000,7.4000,0.0000,25.00,25.00,0.00000,0.00000,0,520,0,500,0,0,0,0,20,0,520,0,0,0,0,0,0,0,0,600,600,600,100,100,0.00000,0.00000,9.80665,0.000000,0.00000,-0.00000,0.00000,0.00000,9.80665,0.000000,0.000000,0.000000,0,1,1,1,1,1,0,0,0,0
2026-09-21T06:31:24.566926+00:00,734438541,SIMULATED,322,1774588,DISARMED,0,-0.000000,0.00000,7.4000,0.0000,25.00,25.00,0.00000,0.00000,0,520,0,500,0,0,0,0,20,0,520,0,0,0,0,0,0,0,0,600,600,600,100,100,0.00000,0.00000,9.80665,0.000000,0.00000,-0.00000,0.00000,0.00000,9.80665,0.000000,0.000000,0.000000,0,1,1,1,1,1,0,0,0,0
2026-09-21T06:31:24.566960+00:00,734473000,SIMULATED,323,1776992,DISARMED,0,-0.000000,0.00000,7.4000,0.0000,25.00,25.00,0.00000,0.00000,0,520,0,500,0,0,0,0,20,0,520,0,0,0,0,0,0,0,0,600,600,600,100,100,0.00000,0.00000,9.80665,0.000000,0.00000,-0.00000,0.00000,0.00000,9.80665,0.000000,0.000000,0.000000,0,1,1,1,1,1,0,0,0,0
2026-09-21T06:31:24.566995+00:00,734508166,SIMULATED,324,1779396,DISARMED,0,-0.000000,0.00000,7.4000,0.0000,25.00,25.00,0.00000,0.00000,0,520,0,500,0,0,0,0,20,0,520,0,0,0,0,0,0,0,0,600,600,600,100,100,0.00000,0.00000,9.80665,0.000000,0.00000,-0.00000,0.00000,0.00000,9.80665,0.000000,0.000000,0.000000,0,1,1,1,1,1,0,0,0,0
2026-09-21T06:31:24.567030+00:00,734543333,SIMULATED,325,1781800,DISARMED,0,-0.000000,0.00000,7.4000,0.0000,25.00,25.00,0.00000,0.00000,0,520,0,500,0,0,0,0,20,0,520,0,0,0,0,0,0,0,0,600,600,600,100,100,0.00000,0.00000,9.80665,0.000000,0.00000,-0.00000,0.00000,0.00000,9.80665,0.000000,0.000000,0.000000,0,1,1,1,1,1,0,0,0,0
2026-09-21T06:31:24.567067+00:00,734580625,SIMULATED,326,1784204,DISARMED,0,-0.000000,0.00000,7.4000,0.0000,25.00,25.00,0.00000,0.00000,0,520,0,500,0,0,0,0,20,0,520,0,0,0,0,0,0,0,0,600,600,600,100,100,0.00000,0.00000,9.80665,0.000000,0.00000,-0.00000,0.00000,0.00000,9.80665,0.000000,0.000000,0.000000,0,1,1,1,1,1,0,0,0,0
2026-09-21T06:31:24.567106+00:00,734618583,SIMULATED,327,1786608,DISARMED,0,-0.000000,0.00000,7.4000,0.0000,25.00,25.00,0.00000,0.00000,0,520,0,500,0,0,0,0,20,0,520,0,0,0,0,0,0,0,0,600,600,600,100,100,0.00000,0.00000,9.80665,0.000000,0.00000,-0.00000,0.00000,0.00000,9.80665,0.000000,0.000000,0.000000,0,1,1,1,1,1,0,0,0,0
2026-09-21T06:31:24.567140+00:00,734653208,SIMULATED,328,1789012,DISARMED,0,-0.000000,0.00000,7.4000,0.0000,25.00,25.00,0.00000,0.00000,0,520,0,500,0,0,0,0,20,0,520,0,0,0,0,0,0,0,0,600,600,600,100,100,0.00000,0.00000,9.80665,0.000000,0.00000,-0.00000,0.00000,0.00000,9.80665,0.000000,0.000000,0.000000,0,1,1,1,1,1,0,0,0,0
2026-09-21T06:31:24.567175+00:00,734687625,SIMULATED,329,1791416,DISARMED,0,-0.000000,0.00000,7.4000,0.0000,25.00,25.00,0.00000,0.00000,0,520,0,500,0,0,0,0,20,0,520,0,0,0,0,0,0,0,0,600,600,600,100,100,0.00000,0.00000,9.80665,0.000000,0.00000,-0.00000,0.00000,0.00000,9.80665,0.000000,0.000000,0.000000,0,1,1,1,1,1,0,0,0,0
2026-09-21T06:31:24.567213+00:00,734725625,SIMULATED,330,1793820,DISARMED,0,-0.000000,0.00000,7.4000,0.0000,25.00,25.00,0.00000,0.00000,0,520,0,500,0,0,0,0,20,0,520,0,0,0,0,0,0,0,0,600,600,600,100,100,0.00000,0.00000,9.80665,0.000000,0.00000,-0.00000,0.00000,0.00000,9.80665,0.000000,0.000000,0.000000,0,1,1,1,1,1,0,0,0,0
2026-09-21T06:31:24.567247+00:00,734760166,SIMULATED,331,1796224,DISARMED,0,-0.000000,0.00000,7.4000,0.0000,25.00,25.00,0.00000,0.00000,0,520,0,500,0,0,0,0,20,0,520,0,0,0,0,0,0,0,0,600,600,600,100,100,0.00000,0.00000,9.80665,0.000000,0.00000,-0.00000,0.00000,0.00000,9.80665,0.000000,0.000000,0.000000,0,1,1,1,1,1,0,0,0,0
2026-09-21T06:31:24.567281+00:00,734794208,SIMULATED,332,1798628,DISARMED,0,-0.000000,0.00000,7.4000,0.0000,25.00,25.00,0.00000,0.00000,0,520,0,500,0,0,0,0,20,0,520,0,0,0,0,0,0,0,0,600,600,600,100,100,0.00000,0.00000,9.80665,0.000000,0.00000,-0.00000,0.00000,0.00000,9.80665,0.000000,0.000000,0.000000,0,1,1,1,1,1,0,0,0,0
2026-09-21T06:31:24.567317+00:00,734829666,SIMULATED,333,1801032,DISARMED,0,-0.000000,0.00000,7.4000,0.0000,25.00,25.00,0.00000,0.00000,0,520,0,500,0,0,0,0,20,0,520,0,0,0,0,0,0,0,0,600,600,600,100,100,0.00000,0.00000,9.80665,0.000000,0.00000,-0.00000,0.00000,0.00000,9.80665,0.000000,0.000000,0.000000,0,1,1,1,1,1,0,0,0,0
2026-09-21T06:31:24.567351+00:00,734863750,SIMULATED,334,1803436,DISARMED,0,-0.000000,0.00000,7.4000,0.0000,25.00,25.00,0.00000,0.00000,0,520,0,500,0,0,0,0,20,0,520,0,0,0,0,0,0,0,0,600,600,600,100,100,0.00000,0.00000,9.80665,0.000000,0.00000,-0.00000,0.00000,0.00000,9.80665,0.000000,0.000000,0.000000,0,1,1,1,1,1,0,0,0,0
2026-09-21T06:31:24.567385+00:00,734898166,SIMULATED,335,1805840,DISARMED,0,-0.000000,0.00000,7.4000,0.0000,25.00,25.00,0.00000,0.00000,0,520,0,500,0,0,0,0,20,0,520,0,0,0,0,0,0,0,0,600,600,600,100,100,0.00000,0.00000,9.80665,0.000000,0.00000,-0.00000,0.00000,0.00000,9.80665,0.000000,0.000000,0.000000,0,1,1,1,1,1,0,0,0,0
2026-09-21T06:31:24.567419+00:00,734932083,SIMULATED,336,1808244,DISARMED,0,-0.000000,0.00000,7.4000,0.0000,25.00,25.00,0.00000,0.00000,0,520,0,500,0,0,0,0,20,0,520,0,0,0,0,0,0,0,0,600,600,600,100,100,0.00000,0.00000,9.80665,0.000000,0.00000,-0.00000,0.00000,0.00000,9.80665,0.000000,0.000000,0.000000,0,1,1,1,1,1,0,0,0,0
2026-09-21T06:31:24.567454+00:00,734967250,SIMULATED,337,1810648,DISARMED,0,-0.000000,0.00000,7.4000,0.0000,25.00,25.00,0.00000,0.00000,0,520,0,500,0,0,0,0,20,0,520,0,0,0,0,0,0,0,0,600,600,600,100,100,0.00000,0.00000,9.80665,0.000000,0.00000,-0.00000,0.00000,0.00000,9.80665,0.000000,0.000000,0.000000,0,1,1,1,1,1,0,0,0,0
2026-09-21T06:31:24.567488+00:00,735001416,SIMULATED,338,1813052,DISARMED,0,-0.000000,0.00000,7.4000,0.0000,25.00,25.00,0.00000,0.00000,0,520,0,500,0,0,0,0,20,0,520,0,0,0,0,0,0,0,0,600,600,600,100,100,0.00000,0.00000,9.80665,0.000000,0.00000,-0.00000,0.00000,0.00000,9.80665,0.000000,0.000000,0.000000,0,1,1,1,1,1,0,0,0,0
2026-09-21T06:31:24.567524+00:00,735036958,SIMULATED,339,1815456,DISARMED,0,-0.000000,0.00000,7.4000,0.0000,25.00,25.00,0.00000,0.00000,0,520,0,500,0,0,0,0,20,0,520,0,0,0,0,0,0,0,0,600,600,600,100,100,0.00000,0.00000,9.80665,0.000000,0.00000,-0.00000,0.00000,0.00000,9.80665,0.000000,0.000000,0.000000,0,1,1,1,1,1,0,0,0,0
2026-09-21T06:31:24.567560+00:00,735072916,SIMULATED,340,1817860,DISARMED,0,-0.000000,0.00000,7.4000,0.0000,25.00,25.00,0.00000,0.00000,0,520,0,500,0,0,0,0,20,0,520,0,0,0,0,0,0,0,0,600,600,600,100,100,0.00000,0.00000,9.80665,0.000000,0.00000,-0.00000,0.00000,0.00000,9.80665,0.000000,0.000000,0.000000,0,1,1,1,1,1,0,0,0,0
2026-09-21T06:31:24.567594+00:00,735107125,SIMULATED,341,1820264,DISARMED,0,-0.000000,0.00000,7.4000,0.0000,25.00,25.00,0.00000,0.00000,0,520,0,500,0,0,0,0,20,0,520,0,0,0,0,0,0,0,0,600,600,600,100,100,0.00000,0.00000,9.80665,0.000000,0.00000,-0.00000,0.00000,0.00000,9.80665,0.000000,0.000000,0.000000,0,1,1,1,1,1,0,0,0,0
2026-09-21T06:31:24.567631+00:00,735143583,SIMULATED,342,1822668,DISARMED,0,-0.000000,0.00000,7.4000,0.0000,25.00,25.00,0.00000,0.00000,0,520,0,500,0,0,0,0,20,0,520,0,0,0,0,0,0,0,0,600,600,600,100,100,0.00000,0.00000,9.80665,0.000000,0.00000,-0.00000,0.00000,0.00000,9.80665,0.000000,0.000000,0.000000,0,1,1,1,1,1,0,0,0,0
2026-09-21T06:31:24.567665+00:00,735177958,SIMULATED,343,1825072,DISARMED,0,-0.000000,0.00000,7.4000,0.0000,25.00,25.00,0.00000,0.00000,0,520,0,500,0,0,0,0,20,0,520,0,0,0,0,0,0,0,0,600,600,600,100,100,0.00000,0.00000,9.80665,0.000000,0.00000,-0.00000,0.00000,0.00000,9.80665,0.000000,0.000000,0.000000,0,1,1,1,1,1,0,0,0,0
2026-09-21T06:31:24.567699+00:00,735211791,SIMULATED,344,1827476,DISARMED,0,-0.000000,0.00000,7.4000,0.0000,25.00,25.00,0.00000,0.00000,0,520,0,500,0,0,0,0,20,0,520,0,0,0,0,0,0,0,0,600,600,600,100,100,0.00000,0.00000,9.80665,0.000000,0.00000,-0.00000,0.00000,0.00000,9.80665,0.000000,0.000000,0.000000,0,1,1,1,1,1,0,0,0,0
2026-09-21T06:31:24.567735+00:00,735248333,SIMULATED,345,1829880,DISARMED,0,-0.000000,0.00000,7.4000,0.0000,25.00,25.00,0.00000,0.00000,0,520,0,500,0,0,0,0,20,0,520,0,0,0,0,0,0,0,0,600,600,600,100,100,0.00000,0.00000,9.80665,0.000000,0.00000,-0.00000,0.00000,0.00000,9.80665,0.000000,0.000000,0.000000,0,1,1,1,1,1,0,0,0,0
2026-09-21T06:31:24.567771+00:00,735284000,SIMULATED,346,1832284,DISARMED,0,-0.000000,0.00000,7.4000,0.0000,25.00,25.00,0.00000,0.00000,0,520,0,500,0,0,0,0,20,0,520,0,0,0,0,0,0,0,0,600,600,600,100,100,0.00000,0.00000,9.80665,0.000000,0.00000,-0.00000,0.00000,0.00000,9.80665,0.000000,0.000000,0.000000,0,1,1,1,1,1,0,0,0,0
2026-09-21T06:31:24.567807+00:00,735320458,SIMULATED,347,1834688,DISARMED,0,-0.000000,0.00000,7.4000,0.0000,25.00,25.00,0.00000,0.00000,0,520,0,500,0,0,0,0,20,0,520,0,0,0,0,0,0,0,0,600,600,600,100,100,0.00000,0.00000,9.80665,0.000000,0.00000,-0.00000,0.00000,0.00000,9.80665,0.000000,0.000000,0.000000,0,1,1,1,1,1,0,0,0,0
2026-09-21T06:31:24.567842+00:00,735355041,SIMULATED,348,1837092,DISARMED,0,-0.000000,0.00000,7.4000,0.0000,25.00,25.00,0.00000,0.00000,0,520,0,500,0,0,0,0,20,0,520,0,0,0,0,0,0,0,0,600,600,600,100,100,0.00000,0.00000,9.80665,0.000000,0.00000,-0.00000,0.00000,0.00000,9.80665,0.000000,0.000000,0.000000,0,1,1,1,1,1,0,0,0,0
2026-09-21T06:31:24.567876+00:00,735389333,SIMULATED,349,1839496,DISARMED,0,-0.000000,0.00000,7.4000,0.0000,25.00,25.00,0.00000,0.00000,0,520,0,500,0,0,0,0,20,0,520,0,0,0,0,0,0,0,0,600,600,600,100,100,0.00000,0.00000,9.80665,0.000000,0.00000,-0.00000,0.00000,0.00000,9.80665,0.000000,0.000000,0.000000,0,1,1,1,1,1,0,0,0,0
2026-09-21T06:31:24.567922+00:00,735435375,SIMULATED,350,1841900,DISARMED,0,-0.000000,0.00000,7.4000,0.0000,25.00,25.00,0.00000,0.00000,0,520,0,500,0,0,0,0,20,0,520,0,0,0,0,0,0,0,0,600,600,600,100,100,0.00000,0.00000,9.80665,0.000000,0.00000,-0.00000,0.00000,0.00000,9.80665,0.000000,0.000000,0.000000,0,1,1,1,1,1,0,0,0,0
2026-09-21T06:31:24.567959+00:00,735472125,SIMULATED,351,1844304,DISARMED,0,-0.000000,0.00000,7.4000,0.0000,25.00,25.00,0.00000,0.00000,0,520,0,500,0,0,0,0,20,0,520,0,0,0,0,0,0,0,0,600,600,600,100,100,0.00000,0.00000,9.80665,0.000000,0.00000,-0.00000,0.00000,0.00000,9.80665,0.000000,0.000000,0.000000,0,1,1,1,1,1,0,0,0,0
2026-09-21T06:31:24.567995+00:00,735507541,SIMULATED,352,1846708,DISARMED,0,-0.000000,0.00000,7.4000,0.0000,25.00,25.00,0.00000,0.00000,0,520,0,500,0,0,0,0,20,0,520,0,0,0,0,0,0,0,0,600,600,600,100,100,0.00000,0.00000,9.80665,0.000000,0.00000,-0.00000,0.00000,0.00000,9.80665,0.000000,0.000000,0.000000,0,1,1,1,1,1,0,0,0,0
2026-09-21T06:31:24.568030+00:00,735542625,SIMULATED,353,1849112,DISARMED,0,-0.000000,0.00000,7.4000,0.0000,25.00,25.00,0.00000,0.00000,0,520,0,500,0,0,0,0,20,0,520,0,0,0,0,0,0,0,0,600,600,600,100,100,0.00000,0.00000,9.80665,0.000000,0.00000,-0.00000,0.00000,0.00000,9.80665,0.000000,0.000000,0.000000,0,1,1,1,1,1,0,0,0,0
2026-09-21T06:31:24.568065+00:00,735577750,SIMULATED,354,1851516,DISARMED,0,-0.000000,0.00000,7.4000,0.0000,25.00,25.00,0.00000,0.00000,0,520,0,500,0,0,0,0,20,0,520,0,0,0,0,0,0,0,0,600,600,600,100,100,0.00000,0.00000,9.80665,0.000000,0.00000,-0.00000,0.00000,0.00000,9.80665,0.000000,0.000000,0.000000,0,1,1,1,1,1,0,0,0,0
2026-09-21T06:31:24.568103+00:00,735616083,SIMULATED,355,1853920,DISARMED,0,-0.000000,0.00000,7.4000,0.0000,25.00,25.00,0.00000,0.00000,0,520,0,500,0,0,0,0,20,0,520,0,0,0,0,0,0,0,0,600,600,600,100,100,0.00000,0.00000,9.80665,0.000000,0.00000,-0.00000,0.00000,0.00000,9.80665,0.000000,0.000000,0.000000,0,1,1,1,1,1,0,0,0,0
2026-09-21T06:31:24.568142+00:00,735654916,SIMULATED,356,1856324,DISARMED,0,-0.000000,0.00000,7.4000,0.0000,25.00,25.00,0.00000,0.00000,0,520,0,500,0,0,0,0,20,0,520,0,0,0,0,0,0,0,0,600,600,600,100,100,0.00000,0.00000,9.80665,0.000000,0.00000,-0.00000,0.00000,0.00000,9.80665,0.000000,0.000000,0.000000,0,1,1,1,1,1,0,0,0,0
2026-09-21T06:31:24.568184+00:00,735697000,SIMULATED,357,1858728,DISARMED,0,-0.000000,0.00000,7.4000,0.0000,25.00,25.00,0.00000,0.00000,0,520,0,500,0,0,0,0,20,0,520,0,0,0,0,0,0,0,0,600,600,600,100,100,0.00000,0.00000,9.80665,0.000000,0.00000,-0.00000,0.00000,0.00000,9.80665,0.000000,0.000000,0.000000,0,1,1,1,1,1,0,0,0,0
2026-09-21T06:31:24.568219+00:00,735731666,SIMULATED,358,1861132,DISARMED,0,-0.000000,0.00000,7.4000,0.0000,25.00,25.00,0.00000,0.00000,0,520,0,500,0,0,0,0,20,0,520,0,0,0,0,0,0,0,0,600,600,600,100,100,0.00000,0.00000,9.80665,0.000000,0.00000,-0.00000,0.00000,0.00000,9.80665,0.000000,0.000000,0.000000,0,1,1,1,1,1,0,0,0,0
2026-09-21T06:31:24.568255+00:00,735767708,SIMULATED,359,1863536,DISARMED,0,-0.000000,0.00000,7.4000,0.0000,25.00,25.00,0.00000,0.00000,0,520,0,500,0,0,0,0,20,0,520,0,0,0,0,0,0,0,0,600,600,600,100,100,0.00000,0.00000,9.80665,0.000000,0.00000,-0.00000,0.00000,0.00000,9.80665,0.000000,0.000000,0.000000,0,1,1,1,1,1,0,0,0,0
2026-09-21T06:31:24.568293+00:00,735806291,SIMULATED,360,1865940,DISARMED,0,-0.000000,0.00000,7.4000,0.0000,25.00,25.00,0.00000,0.00000,0,520,0,500,0,0,0,0,20,0,520,0,0,0,0,0,0,0,0,600,600,600,100,100,0.00000,0.00000,9.80665,0.000000,0.00000,-0.00000,0.00000,0.00000,9.80665,0.000000,0.000000,0.000000,0,1,1,1,1,1,0,0,0,0
2026-09-21T06:31:24.568328+00:00,735840750,SIMULATED,361,1868344,DISARMED,0,-0.000000,0.00000,7.4000,0.0000,25.00,25.00,0.00000,0.00000,0,520,0,500,0,0,0,0,20,0,520,0,0,0,0,0,0,0,0,600,600,600,100,100,0.00000,0.00000,9.80665,0.000000,0.00000,-0.00000,0.00000,0.00000,9.80665,0.000000,0.000000,0.000000,0,1,1,1,1,1,0,0,0,0
2026-09-21T06:31:24.568363+00:00,735876250,SIMULATED,362,1870748,DISARMED,0,-0.000000,0.00000,7.4000,0.0000,25.00,25.00,0.00000,0.00000,0,520,0,500,0,0,0,0,20,0,520,0,0,0,0,0,0,0,0,600,600,600,100,100,0.00000,0.00000,9.80665,0.000000,0.00000,-0.00000,0.00000,0.00000,9.80665,0.000000,0.000000,0.000000,0,1,1,1,1,1,0,0,0,0
2026-09-21T06:31:24.568399+00:00,735911958,SIMULATED,363,1873152,DISARMED,0,-0.000000,0.00000,7.4000,0.0000,25.00,25.00,0.00000,0.00000,0,520,0,500,0,0,0,0,20,0,520,0,0,0,0,0,0,0,0,600,600,600,100,100,0.00000,0.00000,9.80665,0.000000,0.00000,-0.00000,0.00000,0.00000,9.80665,0.000000,0.000000,0.000000,0,1,1,1,1,1,0,0,0,0
2026-09-21T06:31:24.568435+00:00,735947666,SIMULATED,364,1875556,DISARMED,0,-0.000000,0.00000,7.4000,0.0000,25.00,25.00,0.00000,0.00000,0,520,0,500,0,0,0,0,20,0,520,0,0,0,0,0,0,0,0,600,600,600,100,100,0.00000,0.00000,9.80665,0.000000,0.00000,-0.00000,0.00000,0.00000,9.80665,0.000000,0.000000,0.000000,0,1,1,1,1,1,0,0,0,0
2026-09-21T06:31:24.568470+00:00,735983208,SIMULATED,365,1877960,DISARMED,0,-0.000000,0.00000,7.4000,0.0000,25.00,25.00,0.00000,0.00000,0,520,0,500,0,0,0,0,20,0,520,0,0,0,0,0,0,0,0,600,600,600,100,100,0.00000,0.00000,9.80665,0.000000,0.00000,-0.00000,0.00000,0.00000,9.80665,0.000000,0.000000,0.000000,0,1,1,1,1,1,0,0,0,0
2026-09-21T06:31:24.568504+00:00,736017458,SIMULATED,366,1880364,DISARMED,0,-0.000000,0.00000,7.4000,0.0000,25.00,25.00,0.00000,0.00000,0,520,0,500,0,0,0,0,20,0,520,0,0,0,0,0,0,0,0,600,600,600,100,100,0.00000,0.00000,9.80665,0.000000,0.00000,-0.00000,0.00000,0.00000,9.80665,0.000000,0.000000,0.000000,0,1,1,1,1,1,0,0,0,0
2026-09-21T06:31:24.568540+00:00,736052750,SIMULATED,367,1882768,DISARMED,0,-0.000000,0.00000,7.4000,0.0000,25.00,25.00,0.00000,0.00000,0,520,0,500,0,0,0,0,20,0,520,0,0,0,0,0,0,0,0,600,600,600,100,100,0.00000,0.00000,9.80665,0.000000,0.00000,-0.00000,0.00000,0.00000,9.80665,0.000000,0.000000,0.000000,0,1,1,1,1,1,0,0,0,0
2026-09-21T06:31:24.568578+00:00,736091083,SIMULATED,368,1885172,DISARMED,0,-0.000000,0.00000,7.4000,0.0000,25.00,25.00,0.00000,0.00000,0,520,0,500,0,0,0,0,20,0,520,0,0,0,0,0,0,0,0,600,600,600,100,100,0.00000,0.00000,9.80665,0.000000,0.00000,-0.00000,0.00000,0.00000,9.80665,0.000000,0.000000,0.000000,0,1,1,1,1,1,0,0,0,0
2026-09-21T06:31:24.568615+00:00,736128333,SIMULATED,369,1887576,DISARMED,0,-0.000000,0.00000,7.4000,0.0000,25.00,25.00,0.00000,0.00000,0,520,0,500,0,0,0,0,20,0,520,0,0,0,0,0,0,0,0,600,600,600,100,100,0.00000,0.00000,9.80665,0.000000,0.00000,-0.00000,0.00000,0.00000,9.80665,0.000000,0.000000,0.000000,0,1,1,1,1,1,0,0,0,0
2026-09-21T06:31:24.568653+00:00,736165541,SIMULATED,370,1889980,DISARMED,0,-0.000000,0.00000,7.4000,0.0000,25.00,25.00,0.00000,0.00000,0,520,0,500,0,0,0,0,20,0,520,0,0,0,0,0,0,0,0,600,600,600,100,100,0.00000,0.00000,9.80665,0.000000,0.00000,-0.00000,0.00000,0.00000,9.80665,0.000000,0.000000,0.000000,0,1,1,1,1,1,0,0,0,0
2026-09-21T06:31:24.568689+00:00,736202041,SIMULATED,371,1892384,DISARMED,0,-0.000000,0.00000,7.4000,0.0000,25.00,25.00,0.00000,0.00000,0,520,0,500,0,0,0,0,20,0,520,0,0,0,0,0,0,0,0,600,600,600,100,100,0.00000,0.00000,9.80665,0.000000,0.00000,-0.00000,0.00000,0.00000,9.80665,0.000000,0.000000,0.000000,0,1,1,1,1,1,0,0,0,0
2026-09-21T06:31:24.568724+00:00,736236666,SIMULATED,372,1894788,DISARMED,0,-0.000000,0.00000,7.4000,0.0000,25.00,25.00,0.00000,0.00000,0,520,0,500,0,0,0,0,20,0,520,0,0,0,0,0,0,0,0,600,600,600,100,100,0.00000,0.00000,9.80665,0.000000,0.00000,-0.00000,0.00000,0.00000,9.80665,0.000000,0.000000,0.000000,0,1,1,1,1,1,0,0,0,0
2026-09-21T06:31:24.568759+00:00,736272000,SIMULATED,373,1897192,DISARMED,0,-0.000000,0.00000,7.4000,0.0000,25.00,25.00,0.00000,0.00000,0,520,0,500,0,0,0,0,20,0,520,0,0,0,0,0,0,0,0,600,600,600,100,100,0.00000,0.00000,9.80665,0.000000,0.00000,-0.00000,0.00000,0.00000,9.80665,0.000000,0.000000,0.000000,0,1,1,1,1,1,0,0,0,0
2026-09-21T06:31:24.568795+00:00,736308125,SIMULATED,374,1899596,DISARMED,0,-0.000000,0.00000,7.4000,0.0000,25.00,25.00,0.00000,0.00000,0,520,0,500,0,0,0,0,20,0,520,0,0,0,0,0,0,0,0,600,600,600,100,100,0.00000,0.00000,9.80665,0.000000,0.00000,-0.00000,0.00000,0.00000,9.80665,0.000000,0.000000,0.000000,0,1,1,1,1,1,0,0,0,0
2026-09-21T06:31:24.568831+00:00,736344000,SIMULATED,375,1902000,DISARMED,0,-0.000000,0.00000,7.4000,0.0000,25.00,25.00,0.00000,0.00000,0,520,0,500,0,0,0,0,20,0,520,0,0,0,0,0,0,0,0,600,600,600,100,100,0.00000,0.00000,9.80665,0.000000,0.00000,-0.00000,0.00000,0.00000,9.80665,0.000000,0.000000,0.000000,0,1,1,1,1,1,0,0,0,0
2026-09-21T06:31:24.568865+00:00,736378458,SIMULATED,376,1904404,DISARMED,0,-0.000000,0.00000,7.4000,0.0000,25.00,25.00,0.00000,0.00000,0,520,0,500,0,0,0,0,20,0,520,0,0,0,0,0,0,0,0,600,600,600,100,100,0.00000,0.00000,9.80665,0.000000,0.00000,-0.00000,0.00000,0.00000,9.80665,0.000000,0.000000,0.000000,0,1,1,1,1,1,0,0,0,0
2026-09-21T06:31:24.568900+00:00,736412541,SIMULATED,377,1906808,DISARMED,0,-0.000000,0.00000,7.4000,0.0000,25.00,25.00,0.00000,0.00000,0,520,0,500,0,0,0,0,20,0,520,0,0,0,0,0,0,0,0,600,600,600,100,100,0.00000,0.00000,9.80665,0.000000,0.00000,-0.00000,0.00000,0.00000,9.80665,0.000000,0.000000,0.000000,0,1,1,1,1,1,0,0,0,0
2026-09-21T06:31:24.568934+00:00,736447000,SIMULATED,378,1909212,DISARMED,0,-0.000000,0.00000,7.4000,0.0000,25.00,25.00,0.00000,0.00000,0,520,0,500,0,0,0,0,20,0,520,0,0,0,0,0,0,0,0,600,600,600,100,100,0.00000,0.00000,9.80665,0.000000,0.00000,-0.00000,0.00000,0.00000,9.80665,0.000000,0.000000,0.000000,0,1,1,1,1,1,0,0,0,0
2026-09-21T06:31:24.568968+00:00,736481500,SIMULATED,379,1911616,DISARMED,0,-0.000000,0.00000,7.4000,0.0000,25.00,25.00,0.00000,0.00000,0,520,0,500,0,0,0,0,20,0,520,0,0,0,0,0,0,0,0,600,600,600,100,100,0.00000,0.00000,9.80665,0.000000,0.00000,-0.00000,0.00000,0.00000,9.80665,0.000000,0.000000,0.000000,0,1,1,1,1,1,0,0,0,0
2026-09-21T06:31:24.569009+00:00,736522041,SIMULATED,380,1914020,DISARMED,0,-0.000000,0.00000,7.4000,0.0000,25.00,25.00,0.00000,0.00000,0,520,0,500,0,0,0,0,20,0,520,0,0,0,0,0,0,0,0,600,600,600,100,100,0.00000,0.00000,9.80665,0.000000,0.00000,-0.00000,0.00000,0.00000,9.80665,0.000000,0.000000,0.000000,0,1,1,1,1,1,0,0,0,0
2026-09-21T06:31:24.569045+00:00,736557791,SIMULATED,381,1916424,DISARMED,0,-0.000000,0.00000,7.4000,0.0000,25.00,25.00,0.00000,0.00000,0,520,0,500,0,0,0,0,20,0,520,0,0,0,0,0,0,0,0,600,600,600,100,100,0.00000,0.00000,9.80665,0.000000,0.00000,-0.00000,0.00000,0.00000,9.80665,0.000000,0.000000,0.000000,0,1,1,1,1,1,0,0,0,0
2026-09-21T06:31:24.569081+00:00,736593625,SIMULATED,382,1918828,DISARMED,0,-0.000000,0.00000,7.4000,0.0000,25.00,25.00,0.00000,0.00000,0,520,0,500,0,0,0,0,20,0,520,0,0,0,0,0,0,0,0,600,600,600,100,100,0.00000,0.00000,9.80665,0.000000,0.00000,-0.00000,0.00000,0.00000,9.80665,0.000000,0.000000,0.000000,0,1,1,1,1,1,0,0,0,0
2026-09-21T06:31:24.569115+00:00,736628333,SIMULATED,383,1921232,DISARMED,0,-0.000000,0.00000,7.4000,0.0000,25.00,25.00,0.00000,0.00000,0,520,0,500,0,0,0,0,20,0,520,0,0,0,0,0,0,0,0,600,600,600,100,100,0.00000,0.00000,9.80665,0.000000,0.00000,-0.00000,0.00000,0.00000,9.80665,0.000000,0.000000,0.000000,0,1,1,1,1,1,0,0,0,0
2026-09-21T06:31:24.569150+00:00,736662833,SIMULATED,384,1923636,DISARMED,0,-0.000000,0.00000,7.4000,0.0000,25.00,25.00,0.00000,0.00000,0,520,0,500,0,0,0,0,20,0,520,0,0,0,0,0,0,0,0,600,600,600,100,100,0.00000,0.00000,9.80665,0.000000,0.00000,-0.00000,0.00000,0.00000,9.80665,0.000000,0.000000,0.000000,0,1,1,1,1,1,0,0,0,0
2026-09-21T06:31:24.569184+00:00,736697291,SIMULATED,385,1926040,DISARMED,0,-0.000000,0.00000,7.4000,0.0000,25.00,25.00,0.00000,0.00000,0,520,0,500,0,0,0,0,20,0,520,0,0,0,0,0,0,0,0,600,600,600,100,100,0.00000,0.00000,9.80665,0.000000,0.00000,-0.00000,0.00000,0.00000,9.80665,0.000000,0.000000,0.000000,0,1,1,1,1,1,0,0,0,0
2026-09-21T06:31:24.569221+00:00,736734458,SIMULATED,386,1928444,DISARMED,0,-0.000000,0.00000,7.4000,0.0000,25.00,25.00,0.00000,0.00000,0,520,0,500,0,0,0,0,20,0,520,0,0,0,0,0,0,0,0,600,600,600,100,100,0.00000,0.00000,9.80665,0.000000,0.00000,-0.00000,0.00000,0.00000,9.80665,0.000000,0.000000,0.000000,0,1,1,1,1,1,0,0,0,0
2026-09-21T06:31:24.569260+00:00,736773125,SIMULATED,387,1930848,DISARMED,0,-0.000000,0.00000,7.4000,0.0000,25.00,25.00,0.00000,0.00000,0,520,0,500,0,0,0,0,20,0,520,0,0,0,0,0,0,0,0,600,600,600,100,100,0.00000,0.00000,9.80665,0.000000,0.00000,-0.00000,0.00000,0.00000,9.80665,0.000000,0.000000,0.000000,0,1,1,1,1,1,0,0,0,0
2026-09-21T06:31:24.569295+00:00,736807791,SIMULATED,388,1933252,DISARMED,0,-0.000000,0.00000,7.4000,0.0000,25.00,25.00,0.00000,0.00000,0,520,0,500,0,0,0,0,20,0,520,0,0,0,0,0,0,0,0,600,600,600,100,100,0.00000,0.00000,9.80665,0.000000,0.00000,-0.00000,0.00000,0.00000,9.80665,0.000000,0.000000,0.000000,0,1,1,1,1,1,0,0,0,0
2026-09-21T06:31:24.569329+00:00,736842166,SIMULATED,389,1935656,DISARMED,0,-0.000000,0.00000,7.4000,0.0000,25.00,25.00,0.00000,0.00000,0,520,0,500,0,0,0,0,20,0,520,0,0,0,0,0,0,0,0,600,600,600,100,100,0.00000,0.00000,9.80665,0.000000,0.00000,-0.00000,0.00000,0.00000,9.80665,0.000000,0.000000,0.000000,0,1,1,1,1,1,0,0,0,0
2026-09-21T06:31:24.569366+00:00,736878875,SIMULATED,390,1938060,DISARMED,0,-0.000000,0.00000,7.4000,0.0000,25.00,25.00,0.00000,0.00000,0,520,0,500,0,0,0,0,20,0,520,0,0,0,0,0,0,0,0,600,600,600,100,100,0.00000,0.00000,9.80665,0.000000,0.00000,-0.00000,0.00000,0.00000,9.80665,0.000000,0.000000,0.000000,0,1,1,1,1,1,0,0,0,0
2026-09-21T06:31:24.569400+00:00,736913208,SIMULATED,391,1940464,DISARMED,0,-0.000000,0.00000,7.4000,0.0000,25.00,25.00,0.00000,0.00000,0,520,0,500,0,0,0,0,20,0,520,0,0,0,0,0,0,0,0,600,600,600,100,100,0.00000,0.00000,9.80665,0.000000,0.00000,-0.00000,0.00000,0.00000,9.80665,0.000000,0.000000,0.000000,0,1,1,1,1,1,0,0,0,0
2026-09-21T06:31:24.569436+00:00,736948625,SIMULATED,392,1942868,DISARMED,0,-0.000000,0.00000,7.4000,0.0000,25.00,25.00,0.00000,0.00000,0,520,0,500,0,0,0,0,20,0,520,0,0,0,0,0,0,0,0,600,600,600,100,100,0.00000,0.00000,9.80665,0.000000,0.00000,-0.00000,0.00000,0.00000,9.80665,0.000000,0.000000,0.000000,0,1,1,1,1,1,0,0,0,0
2026-09-21T06:31:24.569475+00:00,736987625,SIMULATED,393,1945272,DISARMED,0,-0.000000,0.00000,7.4000,0.0000,25.00,25.00,0.00000,0.00000,0,520,0,500,0,0,0,0,20,0,520,0,0,0,0,0,0,0,0,600,600,600,100,100,0.00000,0.00000,9.80665,0.000000,0.00000,-0.00000,0.00000,0.00000,9.80665,0.000000,0.000000,0.000000,0,1,1,1,1,1,0,0,0,0
2026-09-21T06:31:24.569510+00:00,737023083,SIMULATED,394,1947676,DISARMED,0,-0.000000,0.00000,7.4000,0.0000,25.00,25.00,0.00000,0.00000,0,520,0,500,0,0,0,0,20,0,520,0,0,0,0,0,0,0,0,600,600,600,100,100,0.00000,0.00000,9.80665,0.000000,0.00000,-0.00000,0.00000,0.00000,9.80665,0.000000,0.000000,0.000000,0,1,1,1,1,1,0,0,0,0
2026-09-21T06:31:24.569544+00:00,737056791,SIMULATED,395,1950080,DISARMED,0,-0.000000,0.00000,7.4000,0.0000,25.00,25.00,0.00000,0.00000,0,520,0,500,0,0,0,0,20,0,520,0,0,0,0,0,0,0,0,600,600,600,100,100,0.00000,0.00000,9.80665,0.000000,0.00000,-0.00000,0.00000,0.00000,9.80665,0.000000,0.000000,0.000000,0,1,1,1,1,1,0,0,0,0
2026-09-21T06:31:24.569578+00:00,737091208,SIMULATED,396,1952484,DISARMED,0,-0.000000,0.00000,7.4000,0.0000,25.00,25.00,0.00000,0.00000,0,520,0,500,0,0,0,0,20,0,520,0,0,0,0,0,0,0,0,600,600,600,100,100,0.00000,0.00000,9.80665,0.000000,0.00000,-0.00000,0.00000,0.00000,9.80665,0.000000,0.000000,0.000000,0,1,1,1,1,1,0,0,0,0
2026-09-21T06:31:24.569612+00:00,737125500,SIMULATED,397,1954888,DISARMED,0,-0.000000,0.00000,7.4000,0.0000,25.00,25.00,0.00000,0.00000,0,520,0,500,0,0,0,0,20,0,520,0,0,0,0,0,0,0,0,600,600,600,100,100,0.00000,0.00000,9.80665,0.000000,0.00000,-0.00000,0.00000,0.00000,9.80665,0.000000,0.000000,0.000000,0,1,1,1,1,1,0,0,0,0
2026-09-21T06:31:24.569648+00:00,737161291,SIMULATED,398,1957292,DISARMED,0,-0.000000,0.00000,7.4000,0.0000,25.00,25.00,0.00000,0.00000,0,520,0,500,0,0,0,0,20,0,520,0,0,0,0,0,0,0,0,600,600,600,100,100,0.00000,0.00000,9.80665,0.000000,0.00000,-0.00000,0.00000,0.00000,9.80665,0.000000,0.000000,0.000000,0,1,1,1,1,1,0,0,0,0
2026-09-21T06:31:24.569685+00:00,737198375,SIMULATED,399,1959696,DISARMED,0,-0.000000,0.00000,7.4000,0.0000,25.00,25.00,0.00000,0.00000,0,520,0,500,0,0,0,0,20,0,520,0,0,0,0,0,0,0,0,600,600,600,100,100,0.00000,0.00000,9.80665,0.000000,0.00000,-0.00000,0.00000,0.00000,9.80665,0.000000,0.000000,0.000000,0,1,1,1,1,1,0,0,0,0
2026-09-21T06:31:24.569726+00:00,737238916,SIMULATED,400,1962100,DISARMED,0,-0.000000,0.00000,7.4000,0.0000,25.00,25.00,0.00000,0.00000,0,520,0,500,0,0,0,0,20,0,520,0,0,0,0,0,0,0,0,600,600,600,100,100,0.00000,0.00000,9.80665,0.000000,0.00000,-0.00000,0.00000,0.00000,9.80665,0.000000,0.000000,0.000000,0,1,1,1,1,1,0,0,0,0
2026-09-21T06:31:24.569761+00:00,737273708,SIMULATED,401,1964504,DISARMED,0,-0.000000,0.00000,7.4000,0.0000,25.00,25.00,0.00000,0.00000,0,520,0,500,0,0,0,0,20,0,520,0,0,0,0,0,0,0,0,600,600,600,100,100,0.00000,0.00000,9.80665,0.000000,0.00000,-0.00000,0.00000,0.00000,9.80665,0.000000,0.000000,0.000000,0,1,1,1,1,1,0,0,0,0
2026-09-21T06:31:24.569798+00:00,737310583,SIMULATED,402,1966908,DISARMED,0,-0.000000,0.00000,7.4000,0.0000,25.00,25.00,0.00000,0.00000,0,520,0,500,0,0,0,0,20,0,520,0,0,0,0,0,0,0,0,600,600,600,100,100,0.00000,0.00000,9.80665,0.000000,0.00000,-0.00000,0.00000,0.00000,9.80665,0.000000,0.000000,0.000000,0,1,1,1,1,1,0,0,0,0
2026-09-21T06:31:24.569832+00:00,737345166,SIMULATED,403,1969312,DISARMED,0,-0.000000,0.00000,7.4000,0.0000,25.00,25.00,0.00000,0.00000,0,520,0,500,0,0,0,0,20,0,520,0,0,0,0,0,0,0,0,600,600,600,100,100,0.00000,0.00000,9.80665,0.000000,0.00000,-0.00000,0.00000,0.00000,9.80665,0.000000,0.000000,0.000000,0,1,1,1,1,1,0,0,0,0
2026-09-21T06:31:24.569868+00:00,737380958,SIMULATED,404,1971716,DISARMED,0,-0.000000,0.00000,7.4000,0.0000,25.00,25.00,0.00000,0.00000,0,520,0,500,0,0,0,0,20,0,520,0,0,0,0,0,0,0,0,600,600,600,100,100,0.00000,0.00000,9.80665,0.000000,0.00000,-0.00000,0.00000,0.00000,9.80665,0.000000,0.000000,0.000000,0,1,1,1,1,1,0,0,0,0
2026-09-21T06:31:24.569906+00:00,737419416,SIMULATED,405,1974120,DISARMED,0,-0.000000,0.00000,7.4000,0.0000,25.00,25.00,0.00000,0.00000,0,520,0,500,0,0,0,0,20,0,520,0,0,0,0,0,0,0,0,600,600,600,100,100,0.00000,0.00000,9.80665,0.000000,0.00000,-0.00000,0.00000,0.00000,9.80665,0.000000,0.000000,0.000000,0,1,1,1,1,1,0,0,0,0
2026-09-21T06:31:24.569945+00:00,737458208,SIMULATED,406,1976524,DISARMED,0,-0.000000,0.00000,7.4000,0.0000,25.00,25.00,0.00000,0.00000,0,520,0,500,0,0,0,0,20,0,520,0,0,0,0,0,0,0,0,600,600,600,100,100,0.00000,0.00000,9.80665,0.000000,0.00000,-0.00000,0.00000,0.00000,9.80665,0.000000,0.000000,0.000000,0,1,1,1,1,1,0,0,0,0
2026-09-21T06:31:24.569980+00:00,737492833,SIMULATED,407,1978928,DISARMED,0,-0.000000,0.00000,7.4000,0.0000,25.00,25.00,0.00000,0.00000,0,520,0,500,0,0,0,0,20,0,520,0,0,0,0,0,0,0,0,600,600,600,100,100,0.00000,0.00000,9.80665,0.000000,0.00000,-0.00000,0.00000,0.00000,9.80665,0.000000,0.000000,0.000000,0,1,1,1,1,1,0,0,0,0
2026-09-21T06:31:24.570015+00:00,737527666,SIMULATED,408,1981332,DISARMED,0,-0.000000,0.00000,7.4000,0.0000,25.00,25.00,0.00000,0.00000,0,520,0,500,0,0,0,0,20,0,520,0,0,0,0,0,0,0,0,600,600,600,100,100,0.00000,0.00000,9.80665,0.000000,0.00000,-0.00000,0.00000,0.00000,9.80665,0.000000,0.000000,0.000000,0,1,1,1,1,1,0,0,0,0
2026-09-21T06:31:24.570051+00:00,737563791,SIMULATED,409,1983736,DISARMED,0,-0.000000,0.00000,7.4000,0.0000,25.00,25.00,0.00000,0.00000,0,520,0,500,0,0,0,0,20,0,520,0,0,0,0,0,0,0,0,600,600,600,100,100,0.00000,0.00000,9.80665,0.000000,0.00000,-0.00000,0.00000,0.00000,9.80665,0.000000,0.000000,0.000000,0,1,1,1,1,1,0,0,0,0
2026-09-21T06:31:24.570092+00:00,737604666,SIMULATED,410,1986140,DISARMED,0,-0.000000,0.00000,7.4000,0.0000,25.00,25.00,0.00000,0.00000,0,520,0,500,0,0,0,0,20,0,520,0,0,0,0,0,0,0,0,600,600,600,100,100,0.00000,0.00000,9.80665,0.000000,0.00000,-0.00000,0.00000,0.00000,9.80665,0.000000,0.000000,0.000000,0,1,1,1,1,1,0,0,0,0
2026-09-21T06:31:24.570129+00:00,737641750,SIMULATED,411,1988544,DISARMED,0,-0.000000,0.00000,7.4000,0.0000,25.00,25.00,0.00000,0.00000,0,520,0,500,0,0,0,0,20,0,520,0,0,0,0,0,0,0,0,600,600,600,100,100,0.00000,0.00000,9.80665,0.000000,0.00000,-0.00000,0.00000,0.00000,9.80665,0.000000,0.000000,0.000000,0,1,1,1,1,1,0,0,0,0
2026-09-21T06:31:24.570164+00:00,737676583,SIMULATED,412,1990948,DISARMED,0,-0.000000,0.00000,7.4000,0.0000,25.00,25.00,0.00000,0.00000,0,520,0,500,0,0,0,0,20,0,520,0,0,0,0,0,0,0,0,600,600,600,100,100,0.00000,0.00000,9.80665,0.000000,0.00000,-0.00000,0.00000,0.00000,9.80665,0.000000,0.000000,0.000000,0,1,1,1,1,1,0,0,0,0
2026-09-21T06:31:24.570199+00:00,737711958,SIMULATED,413,1993352,DISARMED,0,-0.000000,0.00000,7.4000,0.0000,25.00,25.00,0.00000,0.00000,0,520,0,500,0,0,0,0,20,0,520,0,0,0,0,0,0,0,0,600,600,600,100,100,0.00000,0.00000,9.80665,0.000000,0.00000,-0.00000,0.00000,0.00000,9.80665,0.000000,0.000000,0.000000,0,1,1,1,1,1,0,0,0,0
2026-09-21T06:31:24.570235+00:00,737748000,SIMULATED,414,1995756,DISARMED,0,-0.000000,0.00000,7.4000,0.0000,25.00,25.00,0.00000,0.00000,0,520,0,500,0,0,0,0,20,0,520,0,0,0,0,0,0,0,0,600,600,600,100,100,0.00000,0.00000,9.80665,0.000000,0.00000,-0.00000,0.00000,0.00000,9.80665,0.000000,0.000000,0.000000,0,1,1,1,1,1,0,0,0,0
2026-09-21T06:31:24.570270+00:00,737783125,SIMULATED,415,1998160,DISARMED,0,-0.000000,0.00000,7.4000,0.0000,25.00,25.00,0.00000,0.00000,0,520,0,500,0,0,0,0,20,0,520,0,0,0,0,0,0,0,0,600,600,600,100,100,0.00000,0.00000,9.80665,0.000000,0.00000,-0.00000,0.00000,0.00000,9.80665,0.000000,0.000000,0.000000,0,1,1,1,1,1,0,0,0,0
2026-09-21T06:31:24.570310+00:00,737823458,SIMULATED,416,2000564,DISARMED,0,-0.000000,0.00000,7.4000,0.0000,25.00,25.00,0.00000,0.00000,0,520,0,500,0,0,0,0,20,0,520,0,0,0,0,0,0,0,0,600,600,600,100,100,0.00000,0.00000,9.80665,0.000000,0.00000,-0.00000,0.00000,0.00000,9.80665,0.000000,0.000000,0.000000,0,1,1,1,1,1,0,0,0,0
2026-09-21T06:31:24.570347+00:00,737859708,SIMULATED,417,2002968,DISARMED,0,-0.000000,0.00000,7.4000,0.0000,25.00,25.00,0.00000,0.00000,0,520,0,500,0,0,0,0,20,0,520,0,0,0,0,0,0,0,0,600,600,600,100,100,0.00000,0.00000,9.80665,0.000000,0.00000,-0.00000,0.00000,0.00000,9.80665,0.000000,0.000000,0.000000,0,1,1,1,1,1,0,0,0,0
2026-09-21T06:31:24.570388+00:00,737900833,SIMULATED,418,2005372,DISARMED,0,-0.000000,0.00000,7.4000,0.0000,25.00,25.00,0.00000,0.00000,0,520,0,500,0,0,0,0,20,0,520,0,0,0,0,0,0,0,0,600,600,600,100,100,0.00000,0.00000,9.80665,0.000000,0.00000,-0.00000,0.00000,0.00000,9.80665,0.000000,0.000000,0.000000,0,1,1,1,1,1,0,0,0,0
2026-09-21T06:31:24.570423+00:00,737936375,SIMULATED,419,2007776,DISARMED,0,-0.000000,0.00000,7.4000,0.0000,25.00,25.00,0.00000,0.00000,0,520,0,500,0,0,0,0,20,0,520,0,0,0,0,0,0,0,0,600,600,600,100,100,0.00000,0.00000,9.80665,0.000000,0.00000,-0.00000,0.00000,0.00000,9.80665,0.000000,0.000000,0.000000,0,1,1,1,1,1,0,0,0,0
2026-09-21T06:31:24.570458+00:00,737971333,SIMULATED,420,2010180,DISARMED,0,-0.000000,0.00000,7.4000,0.0000,25.00,25.00,0.00000,0.00000,0,520,0,500,0,0,0,0,20,0,520,0,0,0,0,0,0,0,0,600,600,600,100,100,0.00000,0.00000,9.80665,0.000000,0.00000,-0.00000,0.00000,0.00000,9.80665,0.000000,0.000000,0.000000,0,1,1,1,1,1,0,0,0,0
2026-09-21T06:31:24.570495+00:00,738008000,SIMULATED,421,2012584,DISARMED,0,-0.000000,0.00000,7.4000,0.0000,25.00,25.00,0.00000,0.00000,0,520,0,500,0,0,0,0,20,0,520,0,0,0,0,0,0,0,0,600,600,600,100,100,0.00000,0.00000,9.80665,0.000000,0.00000,-0.00000,0.00000,0.00000,9.80665,0.000000,0.000000,0.000000,0,1,1,1,1,1,0,0,0,0
2026-09-21T06:31:24.570530+00:00,738043458,SIMULATED,422,2014988,DISARMED,0,-0.000000,0.00000,7.4000,0.0000,25.00,25.00,0.00000,0.00000,0,520,0,500,0,0,0,0,20,0,520,0,0,0,0,0,0,0,0,600,600,600,100,100,0.00000,0.00000,9.80665,0.000000,0.00000,-0.00000,0.00000,0.00000,9.80665,0.000000,0.000000,0.000000,0,1,1,1,1,1,0,0,0,0
2026-09-21T06:31:24.570568+00:00,738081041,SIMULATED,423,2017392,DISARMED,0,-0.000000,0.00000,7.4000,0.0000,25.00,25.00,0.00000,0.00000,0,520,0,500,0,0,0,0,20,0,520,0,0,0,0,0,0,0,0,600,600,600,100,100,0.00000,0.00000,9.80665,0.000000,0.00000,-0.00000,0.00000,0.00000,9.80665,0.000000,0.000000,0.000000,0,1,1,1,1,1,0,0,0,0
2026-09-21T06:31:24.570605+00:00,738117750,SIMULATED,424,2019796,DISARMED,0,-0.000000,0.00000,7.4000,0.0000,25.00,25.00,0.00000,0.00000,0,520,0,500,0,0,0,0,20,0,520,0,0,0,0,0,0,0,0,600,600,600,100,100,0.00000,0.00000,9.80665,0.000000,0.00000,-0.00000,0.00000,0.00000,9.80665,0.000000,0.000000,0.000000,0,1,1,1,1,1,0,0,0,0
2026-09-21T06:31:24.570641+00:00,738153916,SIMULATED,425,2022200,DISARMED,0,-0.000000,0.00000,7.4000,0.0000,25.00,25.00,0.00000,0.00000,0,520,0,500,0,0,0,0,20,0,520,0,0,0,0,0,0,0,0,600,600,600,100,100,0.00000,0.00000,9.80665,0.000000,0.00000,-0.00000,0.00000,0.00000,9.80665,0.000000,0.000000,0.000000,0,1,1,1,1,1,0,0,0,0
2026-09-21T06:31:24.570676+00:00,738188833,SIMULATED,426,2024604,DISARMED,0,-0.000000,0.00000,7.4000,0.0000,25.00,25.00,0.00000,0.00000,0,520,0,500,0,0,0,0,20,0,520,0,0,0,0,0,0,0,0,600,600,600,100,100,0.00000,0.00000,9.80665,0.000000,0.00000,-0.00000,0.00000,0.00000,9.80665,0.000000,0.000000,0.000000,0,1,1,1,1,1,0,0,0,0
2026-09-21T06:31:24.570712+00:00,738224625,SIMULATED,427,2027008,DISARMED,0,-0.000000,0.00000,7.4000,0.0000,25.00,25.00,0.00000,0.00000,0,520,0,500,0,0,0,0,20,0,520,0,0,0,0,0,0,0,0,600,600,600,100,100,0.00000,0.00000,9.80665,0.000000,0.00000,-0.00000,0.00000,0.00000,9.80665,0.000000,0.000000,0.000000,0,1,1,1,1,1,0,0,0,0
2026-09-21T06:31:24.570747+00:00,738260583,SIMULATED,428,2029412,DISARMED,0,-0.000000,0.00000,7.4000,0.0000,25.00,25.00,0.00000,0.00000,0,520,0,500,0,0,0,0,20,0,520,0,0,0,0,0,0,0,0,600,600,600,100,100,0.00000,0.00000,9.80665,0.000000,0.00000,-0.00000,0.00000,0.00000,9.80665,0.000000,0.000000,0.000000,0,1,1,1,1,1,0,0,0,0
2026-09-21T06:31:24.570786+00:00,738299083,SIMULATED,429,2031816,DISARMED,0,-0.000000,0.00000,7.4000,0.0000,25.00,25.00,0.00000,0.00000,0,520,0,500,0,0,0,0,20,0,520,0,0,0,0,0,0,0,0,600,600,600,100,100,0.00000,0.00000,9.80665,0.000000,0.00000,-0.00000,0.00000,0.00000,9.80665,0.000000,0.000000,0.000000,0,1,1,1,1,1,0,0,0,0
2026-09-21T06:31:24.570822+00:00,738334916,SIMULATED,430,2034220,DISARMED,0,-0.000000,0.00000,7.4000,0.0000,25.00,25.00,0.00000,0.00000,0,520,0,500,0,0,0,0,20,0,520,0,0,0,0,0,0,0,0,600,600,600,100,100,0.00000,0.00000,9.80665,0.000000,0.00000,-0.00000,0.00000,0.00000,9.80665,0.000000,0.000000,0.000000,0,1,1,1,1,1,0,0,0,0
2026-09-21T06:31:24.570863+00:00,738375750,SIMULATED,431,2036624,DISARMED,0,-0.000000,0.00000,7.4000,0.0000,25.00,25.00,0.00000,0.00000,0,520,0,500,0,0,0,0,20,0,520,0,0,0,0,0,0,0,0,600,600,600,100,100,0.00000,0.00000,9.80665,0.000000,0.00000,-0.00000,0.00000,0.00000,9.80665,0.000000,0.000000,0.000000,0,1,1,1,1,1,0,0,0,0
2026-09-21T06:31:24.570903+00:00,738415708,SIMULATED,432,2039028,DISARMED,0,-0.000000,0.00000,7.4000,0.0000,25.00,25.00,0.00000,0.00000,0,520,0,500,0,0,0,0,20,0,520,0,0,0,0,0,0,0,0,600,600,600,100,100,0.00000,0.00000,9.80665,0.000000,0.00000,-0.00000,0.00000,0.00000,9.80665,0.000000,0.000000,0.000000,0,1,1,1,1,1,0,0,0,0
2026-09-21T06:31:24.570941+00:00,738454000,SIMULATED,433,2041432,DISARMED,0,-0.000000,0.00000,7.4000,0.0000,25.00,25.00,0.00000,0.00000,0,520,0,500,0,0,0,0,20,0,520,0,0,0,0,0,0,0,0,600,600,600,100,100,0.00000,0.00000,9.80665,0.000000,0.00000,-0.00000,0.00000,0.00000,9.80665,0.000000,0.000000,0.000000,0,1,1,1,1,1,0,0,0,0
2026-09-21T06:31:24.570978+00:00,738491000,SIMULATED,434,2043836,DISARMED,0,-0.000000,0.00000,7.4000,0.0000,25.00,25.00,0.00000,0.00000,0,520,0,500,0,0,0,0,20,0,520,0,0,0,0,0,0,0,0,600,600,600,100,100,0.00000,0.00000,9.80665,0.000000,0.00000,-0.00000,0.00000,0.00000,9.80665,0.000000,0.000000,0.000000,0,1,1,1,1,1,0,0,0,0
2026-09-21T06:31:24.571016+00:00,738528916,SIMULATED,435,2046240,DISARMED,0,-0.000000,0.00000,7.4000,0.0000,25.00,25.00,0.00000,0.00000,0,520,0,500,0,0,0,0,20,0,520,0,0,0,0,0,0,0,0,600,600,600,100,100,0.00000,0.00000,9.80665,0.000000,0.00000,-0.00000,0.00000,0.00000,9.80665,0.000000,0.000000,0.000000,0,1,1,1,1,1,0,0,0,0
2026-09-21T06:31:24.571051+00:00,738564250,SIMULATED,436,2048644,DISARMED,0,-0.000000,0.00000,7.4000,0.0000,25.00,25.00,0.00000,0.00000,0,520,0,500,0,0,0,0,20,0,520,0,0,0,0,0,0,0,0,600,600,600,100,100,0.00000,0.00000,9.80665,0.000000,0.00000,-0.00000,0.00000,0.00000,9.80665,0.000000,0.000000,0.000000,0,1,1,1,1,1,0,0,0,0
2026-09-21T06:31:24.571086+00:00,738599000,SIMULATED,437,2051048,DISARMED,0,-0.000000,0.00000,7.4000,0.0000,25.00,25.00,0.00000,0.00000,0,520,0,500,0,0,0,0,20,0,520,0,0,0,0,0,0,0,0,600,600,600,100,100,0.00000,0.00000,9.80665,0.000000,0.00000,-0.00000,0.00000,0.00000,9.80665,0.000000,0.000000,0.000000,0,1,1,1,1,1,0,0,0,0
2026-09-21T06:31:24.571121+00:00,738634000,SIMULATED,438,2053452,DISARMED,0,-0.000000,0.00000,7.4000,0.0000,25.00,25.00,0.00000,0.00000,0,520,0,500,0,0,0,0,20,0,520,0,0,0,0,0,0,0,0,600,600,600,100,100,0.00000,0.00000,9.80665,0.000000,0.00000,-0.00000,0.00000,0.00000,9.80665,0.000000,0.000000,0.000000,0,1,1,1,1,1,0,0,0,0
2026-09-21T06:31:24.571156+00:00,738669000,SIMULATED,439,2055856,DISARMED,0,-0.000000,0.00000,7.4000,0.0000,25.00,25.00,0.00000,0.00000,0,520,0,500,0,0,0,0,20,0,520,0,0,0,0,0,0,0,0,600,600,600,100,100,0.00000,0.00000,9.80665,0.000000,0.00000,-0.00000,0.00000,0.00000,9.80665,0.000000,0.000000,0.000000,0,1,1,1,1,1,0,0,0,0
2026-09-21T06:31:24.571191+00:00,738703833,SIMULATED,440,2058260,DISARMED,0,-0.000000,0.00000,7.4000,0.0000,25.00,25.00,0.00000,0.00000,0,520,0,500,0,0,0,0,20,0,520,0,0,0,0,0,0,0,0,600,600,600,100,100,0.00000,0.00000,9.80665,0.000000,0.00000,-0.00000,0.00000,0.00000,9.80665,0.000000,0.000000,0.000000,0,1,1,1,1,1,0,0,0,0
2026-09-21T06:31:24.571230+00:00,738742666,SIMULATED,441,2060664,DISARMED,0,-0.000000,0.00000,7.4000,0.0000,25.00,25.00,0.00000,0.00000,0,520,0,500,0,0,0,0,20,0,520,0,0,0,0,0,0,0,0,600,600,600,100,100,0.00000,0.00000,9.80665,0.000000,0.00000,-0.00000,0.00000,0.00000,9.80665,0.000000,0.000000,0.000000,0,1,1,1,1,1,0,0,0,0
2026-09-21T06:31:24.571264+00:00,738777541,SIMULATED,442,2063068,DISARMED,0,-0.000000,0.00000,7.4000,0.0000,25.00,25.00,0.00000,0.00000,0,520,0,500,0,0,0,0,20,0,520,0,0,0,0,0,0,0,0,600,600,600,100,100,0.00000,0.00000,9.80665,0.000000,0.00000,-0.00000,0.00000,0.00000,9.80665,0.000000,0.000000,0.000000,0,1,1,1,1,1,0,0,0,0
2026-09-21T06:31:24.571300+00:00,738812708,SIMULATED,443,2065472,DISARMED,0,-0.000000,0.00000,7.4000,0.0000,25.00,25.00,0.00000,0.00000,0,520,0,500,0,0,0,0,20,0,520,0,0,0,0,0,0,0,0,600,600,600,100,100,0.00000,0.00000,9.80665,0.000000,0.00000,-0.00000,0.00000,0.00000,9.80665,0.000000,0.000000,0.000000,0,1,1,1,1,1,0,0,0,0
2026-09-21T06:31:24.571337+00:00,738849750,SIMULATED,444,2067876,DISARMED,0,-0.000000,0.00000,7.4000,0.0000,25.00,25.00,0.00000,0.00000,0,520,0,500,0,0,0,0,20,0,520,0,0,0,0,0,0,0,0,600,600,600,100,100,0.00000,0.00000,9.80665,0.000000,0.00000,-0.00000,0.00000,0.00000,9.80665,0.000000,0.000000,0.000000,0,1,1,1,1,1,0,0,0,0
2026-09-21T06:31:24.571374+00:00,738886666,SIMULATED,445,2070280,DISARMED,0,-0.000000,0.00000,7.4000,0.0000,25.00,25.00,0.00000,0.00000,0,520,0,500,0,0,0,0,20,0,520,0,0,0,0,0,0,0,0,600,600,600,100,100,0.00000,0.00000,9.80665,0.000000,0.00000,-0.00000,0.00000,0.00000,9.80665,0.000000,0.000000,0.000000,0,1,1,1,1,1,0,0,0,0
2026-09-21T06:31:24.571411+00:00,738924541,SIMULATED,446,2072684,DISARMED,0,-0.000000,0.00000,7.4000,0.0000,25.00,25.00,0.00000,0.00000,0,520,0,500,0,0,0,0,20,0,520,0,0,0,0,0,0,0,0,600,600,600,100,100,0.00000,0.00000,9.80665,0.000000,0.00000,-0.00000,0.00000,0.00000,9.80665,0.000000,0.000000,0.000000,0,1,1,1,1,1,0,0,0,0
2026-09-21T06:31:24.571449+00:00,738962000,SIMULATED,447,2075088,DISARMED,0,-0.000000,0.00000,7.4000,0.0000,25.00,25.00,0.00000,0.00000,0,520,0,500,0,0,0,0,20,0,520,0,0,0,0,0,0,0,0,600,600,600,100,100,0.00000,0.00000,9.80665,0.000000,0.00000,-0.00000,0.00000,0.00000,9.80665,0.000000,0.000000,0.000000,0,1,1,1,1,1,0,0,0,0
2026-09-21T06:31:24.571485+00:00,738997958,SIMULATED,448,2077492,DISARMED,0,-0.000000,0.00000,7.4000,0.0000,25.00,25.00,0.00000,0.00000,0,520,0,500,0,0,0,0,20,0,520,0,0,0,0,0,0,0,0,600,600,600,100,100,0.00000,0.00000,9.80665,0.000000,0.00000,-0.00000,0.00000,0.00000,9.80665,0.000000,0.000000,0.000000,0,1,1,1,1,1,0,0,0,0
2026-09-21T06:31:24.571520+00:00,739032750,SIMULATED,449,2079896,DISARMED,0,-0.000000,0.00000,7.4000,0.0000,25.00,25.00,0.00000,0.00000,0,520,0,500,0,0,0,0,20,0,520,0,0,0,0,0,0,0,0,600,600,600,100,100,0.00000,0.00000,9.80665,0.000000,0.00000,-0.00000,0.00000,0.00000,9.80665,0.000000,0.000000,0.000000,0,1,1,1,1,1,0,0,0,0
2026-09-21T06:31:24.571555+00:00,739068125,SIMULATED,450,2082300,DISARMED,0,-0.000000,0.00000,7.4000,0.0000,25.00,25.00,0.00000,0.00000,0,520,0,500,0,0,0,0,20,0,520,0,0,0,0,0,0,0,0,600,600,600,100,100,0.00000,0.00000,9.80665,0.000000,0.00000,-0.00000,0.00000,0.00000,9.80665,0.000000,0.000000,0.000000,0,1,1,1,1,1,0,0,0,0
2026-09-21T06:31:24.571592+00:00,739105125,SIMULATED,451,2084704,DISARMED,0,-0.000000,0.00000,7.4000,0.0000,25.00,25.00,0.00000,0.00000,0,520,0,500,0,0,0,0,20,0,520,0,0,0,0,0,0,0,0,600,600,600,100,100,0.00000,0.00000,9.80665,0.000000,0.00000,-0.00000,0.00000,0.00000,9.80665,0.000000,0.000000,0.000000,0,1,1,1,1,1,0,0,0,0
2026-09-21T06:31:24.571627+00:00,739140083,SIMULATED,452,2087108,DISARMED,0,-0.000000,0.00000,7.4000,0.0000,25.00,25.00,0.00000,0.00000,0,520,0,500,0,0,0,0,20,0,520,0,0,0,0,0,0,0,0,600,600,600,100,100,0.00000,0.00000,9.80665,0.000000,0.00000,-0.00000,0.00000,0.00000,9.80665,0.000000,0.000000,0.000000,0,1,1,1,1,1,0,0,0,0
2026-09-21T06:31:24.571664+00:00,739176666,SIMULATED,453,2089512,DISARMED,0,-0.000000,0.00000,7.4000,0.0000,25.00,25.00,0.00000,0.00000,0,520,0,500,0,0,0,0,20,0,520,0,0,0,0,0,0,0,0,600,600,600,100,100,0.00000,0.00000,9.80665,0.000000,0.00000,-0.00000,0.00000,0.00000,9.80665,0.000000,0.000000,0.000000,0,1,1,1,1,1,0,0,0,0
2026-09-21T06:31:24.571698+00:00,739211500,SIMULATED,454,2091916,DISARMED,0,-0.000000,0.00000,7.4000,0.0000,25.00,25.00,0.00000,0.00000,0,520,0,500,0,0,0,0,20,0,520,0,0,0,0,0,0,0,0,600,600,600,100,100,0.00000,0.00000,9.80665,0.000000,0.00000,-0.00000,0.00000,0.00000,9.80665,0.000000,0.000000,0.000000,0,1,1,1,1,1,0,0,0,0
2026-09-21T06:31:24.571734+00:00,739246916,SIMULATED,455,2094320,DISARMED,0,-0.000000,0.00000,7.4000,0.0000,25.00,25.00,0.00000,0.00000,0,520,0,500,0,0,0,0,20,0,520,0,0,0,0,0,0,0,0,600,600,600,100,100,0.00000,0.00000,9.80665,0.000000,0.00000,-0.00000,0.00000,0.00000,9.80665,0.000000,0.000000,0.000000,0,1,1,1,1,1,0,0,0,0
2026-09-21T06:31:24.571771+00:00,739284458,SIMULATED,456,2096724,DISARMED,0,-0.000000,0.00000,7.4000,0.0000,25.00,25.00,0.00000,0.00000,0,520,0,500,0,0,0,0,20,0,520,0,0,0,0,0,0,0,0,600,600,600,100,100,0.00000,0.00000,9.80665,0.000000,0.00000,-0.00000,0.00000,0.00000,9.80665,0.000000,0.000000,0.000000,0,1,1,1,1,1,0,0,0,0
2026-09-21T06:31:24.571806+00:00,739319416,SIMULATED,457,2099128,DISARMED,0,-0.000000,0.00000,7.4000,0.0000,25.00,25.00,0.00000,0.00000,0,520,0,500,0,0,0,0,20,0,520,0,0,0,0,0,0,0,0,600,600,600,100,100,0.00000,0.00000,9.80665,0.000000,0.00000,-0.00000,0.00000,0.00000,9.80665,0.000000,0.000000,0.000000,0,1,1,1,1,1,0,0,0,0
2026-09-21T06:31:24.571845+00:00,739357625,SIMULATED,458,2101532,DISARMED,0,-0.000000,0.00000,7.4000,0.0000,25.00,25.00,0.00000,0.00000,0,520,0,500,0,0,0,0,20,0,520,0,0,0,0,0,0,0,0,600,600,600,100,100,0.00000,0.00000,9.80665,0.000000,0.00000,-0.00000,0.00000,0.00000,9.80665,0.000000,0.000000,0.000000,0,1,1,1,1,1,0,0,0,0
2026-09-21T06:31:24.571881+00:00,739394416,SIMULATED,459,2103936,DISARMED,0,-0.000000,0.00000,7.4000,0.0000,25.00,25.00,0.00000,0.00000,0,520,0,500,0,0,0,0,20,0,520,0,0,0,0,0,0,0,0,600,600,600,100,100,0.00000,0.00000,9.80665,0.000000,0.00000,-0.00000,0.00000,0.00000,9.80665,0.000000,0.000000,0.000000,0,1,1,1,1,1,0,0,0,0
2026-09-21T06:31:24.571917+00:00,739429750,SIMULATED,460,2106340,DISARMED,0,-0.000000,0.00000,7.4000,0.0000,25.00,25.00,0.00000,0.00000,0,520,0,500,0,0,0,0,20,0,520,0,0,0,0,0,0,0,0,600,600,600,100,100,0.00000,0.00000,9.80665,0.000000,0.00000,-0.00000,0.00000,0.00000,9.80665,0.000000,0.000000,0.000000,0,1,1,1,1,1,0,0,0,0
2026-09-21T06:31:24.571954+00:00,739467500,SIMULATED,461,2108744,DISARMED,0,-0.000000,0.00000,7.4000,0.0000,25.00,25.00,0.00000,0.00000,0,520,0,500,0,0,0,0,20,0,520,0,0,0,0,0,0,0,0,600,600,600,100,100,0.00000,0.00000,9.80665,0.000000,0.00000,-0.00000,0.00000,0.00000,9.80665,0.000000,0.000000,0.000000,0,1,1,1,1,1,0,0,0,0
2026-09-21T06:31:24.571989+00:00,739502333,SIMULATED,462,2111148,DISARMED,0,-0.000000,0.00000,7.4000,0.0000,25.00,25.00,0.00000,0.00000,0,520,0,500,0,0,0,0,20,0,520,0,0,0,0,0,0,0,0,600,600,600,100,100,0.00000,0.00000,9.80665,0.000000,0.00000,-0.00000,0.00000,0.00000,9.80665,0.000000,0.000000,0.000000,0,1,1,1,1,1,0,0,0,0
2026-09-21T06:31:24.572025+00:00,739538375,SIMULATED,463,2113552,DISARMED,0,-0.000000,0.00000,7.4000,0.0000,25.00,25.00,0.00000,0.00000,0,520,0,500,0,0,0,0,20,0,520,0,0,0,0,0,0,0,0,600,600,600,100,100,0.00000,0.00000,9.80665,0.000000,0.00000,-0.00000,0.00000,0.00000,9.80665,0.000000,0.000000,0.000000,0,1,1,1,1,1,0,0,0,0
2026-09-21T06:31:24.572061+00:00,739573750,SIMULATED,464,2115956,DISARMED,0,-0.000000,0.00000,7.4000,0.0000,25.00,25.00,0.00000,0.00000,0,520,0,500,0,0,0,0,20,0,520,0,0,0,0,0,0,0,0,600,600,600,100,100,0.00000,0.00000,9.80665,0.000000,0.00000,-0.00000,0.00000,0.00000,9.80665,0.000000,0.000000,0.000000,0,1,1,1,1,1,0,0,0,0
2026-09-21T06:31:24.572097+00:00,739610041,SIMULATED,465,2118360,DISARMED,0,-0.000000,0.00000,7.4000,0.0000,25.00,25.00,0.00000,0.00000,0,520,0,500,0,0,0,0,20,0,520,0,0,0,0,0,0,0,0,600,600,600,100,100,0.00000,0.00000,9.80665,0.000000,0.00000,-0.00000,0.00000,0.00000,9.80665,0.000000,0.000000,0.000000,0,1,1,1,1,1,0,0,0,0
2026-09-21T06:31:24.572132+00:00,739645333,SIMULATED,466,2120764,DISARMED,0,-0.000000,0.00000,7.4000,0.0000,25.00,25.00,0.00000,0.00000,0,520,0,500,0,0,0,0,20,0,520,0,0,0,0,0,0,0,0,600,600,600,100,100,0.00000,0.00000,9.80665,0.000000,0.00000,-0.00000,0.00000,0.00000,9.80665,0.000000,0.000000,0.000000,0,1,1,1,1,1,0,0,0,0
2026-09-21T06:31:24.572167+00:00,739680375,SIMULATED,467,2123168,DISARMED,0,-0.000000,0.00000,7.4000,0.0000,25.00,25.00,0.00000,0.00000,0,520,0,500,0,0,0,0,20,0,520,0,0,0,0,0,0,0,0,600,600,600,100,100,0.00000,0.00000,9.80665,0.000000,0.00000,-0.00000,0.00000,0.00000,9.80665,0.000000,0.000000,0.000000,0,1,1,1,1,1,0,0,0,0
2026-09-21T06:31:24.572202+00:00,739715083,SIMULATED,468,2125572,DISARMED,0,-0.000000,0.00000,7.4000,0.0000,25.00,25.00,0.00000,0.00000,0,520,0,500,0,0,0,0,20,0,520,0,0,0,0,0,0,0,0,600,600,600,100,100,0.00000,0.00000,9.80665,0.000000,0.00000,-0.00000,0.00000,0.00000,9.80665,0.000000,0.000000,0.000000,0,1,1,1,1,1,0,0,0,0
2026-09-21T06:31:24.572238+00:00,739751250,SIMULATED,469,2127976,DISARMED,0,-0.000000,0.00000,7.4000,0.0000,25.00,25.00,0.00000,0.00000,0,520,0,500,0,0,0,0,20,0,520,0,0,0,0,0,0,0,0,600,600,600,100,100,0.00000,0.00000,9.80665,0.000000,0.00000,-0.00000,0.00000,0.00000,9.80665,0.000000,0.000000,0.000000,0,1,1,1,1,1,0,0,0,0
2026-09-21T06:31:24.572273+00:00,739785875,SIMULATED,470,2130380,DISARMED,0,-0.000000,0.00000,7.4000,0.0000,25.00,25.00,0.00000,0.00000,0,520,0,500,0,0,0,0,20,0,520,0,0,0,0,0,0,0,0,600,600,600,100,100,0.00000,0.00000,9.80665,0.000000,0.00000,-0.00000,0.00000,0.00000,9.80665,0.000000,0.000000,0.000000,0,1,1,1,1,1,0,0,0,0
2026-09-21T06:31:24.572310+00:00,739823458,SIMULATED,471,2132784,DISARMED,0,-0.000000,0.00000,7.4000,0.0000,25.00,25.00,0.00000,0.00000,0,520,0,500,0,0,0,0,20,0,520,0,0,0,0,0,0,0,0,600,600,600,100,100,0.00000,0.00000,9.80665,0.000000,0.00000,-0.00000,0.00000,0.00000,9.80665,0.000000,0.000000,0.000000,0,1,1,1,1,1,0,0,0,0
2026-09-21T06:31:24.572345+00:00,739858333,SIMULATED,472,2135188,DISARMED,0,-0.000000,0.00000,7.4000,0.0000,25.00,25.00,0.00000,0.00000,0,520,0,500,0,0,0,0,20,0,520,0,0,0,0,0,0,0,0,600,600,600,100,100,0.00000,0.00000,9.80665,0.000000,0.00000,-0.00000,0.00000,0.00000,9.80665,0.000000,0.000000,0.000000,0,1,1,1,1,1,0,0,0,0
2026-09-21T06:31:24.572381+00:00,739894000,SIMULATED,473,2137592,DISARMED,0,-0.000000,0.00000,7.4000,0.0000,25.00,25.00,0.00000,0.00000,0,520,0,500,0,0,0,0,20,0,520,0,0,0,0,0,0,0,0,600,600,600,100,100,0.00000,0.00000,9.80665,0.000000,0.00000,-0.00000,0.00000,0.00000,9.80665,0.000000,0.000000,0.000000,0,1,1,1,1,1,0,0,0,0
2026-09-21T06:31:24.572415+00:00,739928458,SIMULATED,474,2139996,DISARMED,0,-0.000000,0.00000,7.4000,0.0000,25.00,25.00,0.00000,0.00000,0,520,0,500,0,0,0,0,20,0,520,0,0,0,0,0,0,0,0,600,600,600,100,100,0.00000,0.00000,9.80665,0.000000,0.00000,-0.00000,0.00000,0.00000,9.80665,0.000000,0.000000,0.000000,0,1,1,1,1,1,0,0,0,0
2026-09-21T06:31:24.572450+00:00,739963166,SIMULATED,475,2142400,DISARMED,0,-0.000000,0.00000,7.4000,0.0000,25.00,25.00,0.00000,0.00000,0,520,0,500,0,0,0,0,20,0,520,0,0,0,0,0,0,0,0,600,600,600,100,100,0.00000,0.00000,9.80665,0.000000,0.00000,-0.00000,0.00000,0.00000,9.80665,0.000000,0.000000,0.000000,0,1,1,1,1,1,0,0,0,0
2026-09-21T06:31:24.572487+00:00,740000458,SIMULATED,476,2144804,DISARMED,0,-0.000000,0.00000,7.4000,0.0000,25.00,25.00,0.00000,0.00000,0,520,0,500,0,0,0,0,20,0,520,0,0,0,0,0,0,0,0,600,600,600,100,100,0.00000,0.00000,9.80665,0.000000,0.00000,-0.00000,0.00000,0.00000,9.80665,0.000000,0.000000,0.000000,0,1,1,1,1,1,0,0,0,0
2026-09-21T06:31:24.572525+00:00,740037708,SIMULATED,477,2147208,DISARMED,0,-0.000000,0.00000,7.4000,0.0000,25.00,25.00,0.00000,0.00000,0,520,0,500,0,0,0,0,20,0,520,0,0,0,0,0,0,0,0,600,600,600,100,100,0.00000,0.00000,9.80665,0.000000,0.00000,-0.00000,0.00000,0.00000,9.80665,0.000000,0.000000,0.000000,0,1,1,1,1,1,0,0,0,0
2026-09-21T06:31:24.572560+00:00,740072708,SIMULATED,478,2149612,DISARMED,0,-0.000000,0.00000,7.4000,0.0000,25.00,25.00,0.00000,0.00000,0,520,0,500,0,0,0,0,20,0,520,0,0,0,0,0,0,0,0,600,600,600,100,100,0.00000,0.00000,9.80665,0.000000,0.00000,-0.00000,0.00000,0.00000,9.80665,0.000000,0.000000,0.000000,0,1,1,1,1,1,0,0,0,0
2026-09-21T06:31:24.572594+00:00,740107541,SIMULATED,479,2152016,DISARMED,0,-0.000000,0.00000,7.4000,0.0000,25.00,25.00,0.00000,0.00000,0,520,0,500,0,0,0,0,20,0,520,0,0,0,0,0,0,0,0,600,600,600,100,100,0.00000,0.00000,9.80665,0.000000,0.00000,-0.00000,0.00000,0.00000,9.80665,0.000000,0.000000,0.000000,0,1,1,1,1,1,0,0,0,0
2026-09-21T06:31:24.572629+00:00,740142291,SIMULATED,480,2154420,DISARMED,0,-0.000000,0.00000,7.4000,0.0000,25.00,25.00,0.00000,0.00000,0,520,0,500,0,0,0,0,20,0,520,0,0,0,0,0,0,0,0,600,600,600,100,100,0.00000,0.00000,9.80665,0.000000,0.00000,-0.00000,0.00000,0.00000,9.80665,0.000000,0.000000,0.000000,0,1,1,1,1,1,0,0,0,0
2026-09-21T06:31:24.572667+00:00,740180333,SIMULATED,481,2156824,DISARMED,0,-0.000000,0.00000,7.4000,0.0000,25.00,25.00,0.00000,0.00000,0,520,0,500,0,0,0,0,20,0,520,0,0,0,0,0,0,0,0,600,600,600,100,100,0.00000,0.00000,9.80665,0.000000,0.00000,-0.00000,0.00000,0.00000,9.80665,0.000000,0.000000,0.000000,0,1,1,1,1,1,0,0,0,0
2026-09-21T06:31:24.572704+00:00,740217291,SIMULATED,482,2159228,DISARMED,0,-0.000000,0.00000,7.4000,0.0000,25.00,25.00,0.00000,0.00000,0,520,0,500,0,0,0,0,20,0,520,0,0,0,0,0,0,0,0,600,600,600,100,100,0.00000,0.00000,9.80665,0.000000,0.00000,-0.00000,0.00000,0.00000,9.80665,0.000000,0.000000,0.000000,0,1,1,1,1,1,0,0,0,0
2026-09-21T06:31:24.572740+00:00,740253291,SIMULATED,483,2161632,DISARMED,0,-0.000000,0.00000,7.4000,0.0000,25.00,25.00,0.00000,0.00000,0,520,0,500,0,0,0,0,20,0,520,0,0,0,0,0,0,0,0,600,600,600,100,100,0.00000,0.00000,9.80665,0.000000,0.00000,-0.00000,0.00000,0.00000,9.80665,0.000000,0.000000,0.000000,0,1,1,1,1,1,0,0,0,0
2026-09-21T06:31:24.572780+00:00,740293000,SIMULATED,484,2164036,DISARMED,0,-0.000000,0.00000,7.4000,0.0000,25.00,25.00,0.00000,0.00000,0,520,0,500,0,0,0,0,20,0,520,0,0,0,0,0,0,0,0,600,600,600,100,100,0.00000,0.00000,9.80665,0.000000,0.00000,-0.00000,0.00000,0.00000,9.80665,0.000000,0.000000,0.000000,0,1,1,1,1,1,0,0,0,0
2026-09-21T06:31:24.572818+00:00,740330916,SIMULATED,485,2166440,DISARMED,0,-0.000000,0.00000,7.4000,0.0000,25.00,25.00,0.00000,0.00000,0,520,0,500,0,0,0,0,20,0,520,0,0,0,0,0,0,0,0,600,600,600,100,100,0.00000,0.00000,9.80665,0.000000,0.00000,-0.00000,0.00000,0.00000,9.80665,0.000000,0.000000,0.000000,0,1,1,1,1,1,0,0,0,0
2026-09-21T06:31:24.572853+00:00,740365541,SIMULATED,486,2168844,DISARMED,0,-0.000000,0.00000,7.4000,0.0000,25.00,25.00,0.00000,0.00000,0,520,0,500,0,0,0,0,20,0,520,0,0,0,0,0,0,0,0,600,600,600,100,100,0.00000,0.00000,9.80665,0.000000,0.00000,-0.00000,0.00000,0.00000,9.80665,0.000000,0.000000,0.000000,0,1,1,1,1,1,0,0,0,0
2026-09-21T06:31:24.572887+00:00,740399916,SIMULATED,487,2171248,DISARMED,0,-0.000000,0.00000,7.4000,0.0000,25.00,25.00,0.00000,0.00000,0,520,0,500,0,0,0,0,20,0,520,0,0,0,0,0,0,0,0,600,600,600,100,100,0.00000,0.00000,9.80665,0.000000,0.00000,-0.00000,0.00000,0.00000,9.80665,0.000000,0.000000,0.000000,0,1,1,1,1,1,0,0,0,0
2026-09-21T06:31:24.572924+00:00,740436500,SIMULATED,488,2173652,DISARMED,0,-0.000000,0.00000,7.4000,0.0000,25.00,25.00,0.00000,0.00000,0,520,0,500,0,0,0,0,20,0,520,0,0,0,0,0,0,0,0,600,600,600,100,100,0.00000,0.00000,9.80665,0.000000,0.00000,-0.00000,0.00000,0.00000,9.80665,0.000000,0.000000,0.000000,0,1,1,1,1,1,0,0,0,0
2026-09-21T06:31:24.572961+00:00,740473750,SIMULATED,489,2176056,DISARMED,0,-0.000000,0.00000,7.4000,0.0000,25.00,25.00,0.00000,0.00000,0,520,0,500,0,0,0,0,20,0,520,0,0,0,0,0,0,0,0,600,600,600,100,100,0.00000,0.00000,9.80665,0.000000,0.00000,-0.00000,0.00000,0.00000,9.80665,0.000000,0.000000,0.000000,0,1,1,1,1,1,0,0,0,0
2026-09-21T06:31:24.572996+00:00,740509500,SIMULATED,490,2178460,DISARMED,0,-0.000000,0.00000,7.4000,0.0000,25.00,25.00,0.00000,0.00000,0,520,0,500,0,0,0,0,20,0,520,0,0,0,0,0,0,0,0,600,600,600,100,100,0.00000,0.00000,9.80665,0.000000,0.00000,-0.00000,0.00000,0.00000,9.80665,0.000000,0.000000,0.000000,0,1,1,1,1,1,0,0,0,0
2026-09-21T06:31:24.573034+00:00,740547500,SIMULATED,491,2180864,DISARMED,0,-0.000000,0.00000,7.4000,0.0000,25.00,25.00,0.00000,0.00000,0,520,0,500,0,0,0,0,20,0,520,0,0,0,0,0,0,0,0,600,600,600,100,100,0.00000,0.00000,9.80665,0.000000,0.00000,-0.00000,0.00000,0.00000,9.80665,0.000000,0.000000,0.000000,0,1,1,1,1,1,0,0,0,0
2026-09-21T06:31:24.573070+00:00,740582833,SIMULATED,492,2183268,DISARMED,0,-0.000000,0.00000,7.4000,0.0000,25.00,25.00,0.00000,0.00000,0,520,0,500,0,0,0,0,20,0,520,0,0,0,0,0,0,0,0,600,600,600,100,100,0.00000,0.00000,9.80665,0.000000,0.00000,-0.00000,0.00000,0.00000,9.80665,0.000000,0.000000,0.000000,0,1,1,1,1,1,0,0,0,0
2026-09-21T06:31:24.573104+00:00,740617291,SIMULATED,493,2185672,DISARMED,0,-0.000000,0.00000,7.4000,0.0000,25.00,25.00,0.00000,0.00000,0,520,0,500,0,0,0,0,20,0,520,0,0,0,0,0,0,0,0,600,600,600,100,100,0.00000,0.00000,9.80665,0.000000,0.00000,-0.00000,0.00000,0.00000,9.80665,0.000000,0.000000,0.000000,0,1,1,1,1,1,0,0,0,0
2026-09-21T06:31:24.573141+00:00,740654041,SIMULATED,494,2188076,DISARMED,0,-0.000000,0.00000,7.4000,0.0000,25.00,25.00,0.00000,0.00000,0,520,0,500,0,0,0,0,20,0,520,0,0,0,0,0,0,0,0,600,600,600,100,100,0.00000,0.00000,9.80665,0.000000,0.00000,-0.00000,0.00000,0.00000,9.80665,0.000000,0.000000,0.000000,0,1,1,1,1,1,0,0,0,0
2026-09-21T06:31:24.573179+00:00,740691708,SIMULATED,495,2190480,DISARMED,0,-0.000000,0.00000,7.4000,0.0000,25.00,25.00,0.00000,0.00000,0,520,0,500,0,0,0,0,20,0,520,0,0,0,0,0,0,0,0,600,600,600,100,100,0.00000,0.00000,9.80665,0.000000,0.00000,-0.00000,0.00000,0.00000,9.80665,0.000000,0.000000,0.000000,0,1,1,1,1,1,0,0,0,0
2026-09-21T06:31:24.573219+00:00,740731666,SIMULATED,496,2192884,DISARMED,0,-0.000000,0.00000,7.4000,0.0000,25.00,25.00,0.00000,0.00000,0,520,0,500,0,0,0,0,20,0,520,0,0,0,0,0,0,0,0,600,600,600,100,100,0.00000,0.00000,9.80665,0.000000,0.00000,-0.00000,0.00000,0.00000,9.80665,0.000000,0.000000,0.000000,0,1,1,1,1,1,0,0,0,0
2026-09-21T06:31:24.573254+00:00,740766708,SIMULATED,497,2195288,DISARMED,0,-0.000000,0.00000,7.4000,0.0000,25.00,25.00,0.00000,0.00000,0,520,0,500,0,0,0,0,20,0,520,0,0,0,0,0,0,0,0,600,600,600,100,100,0.00000,0.00000,9.80665,0.000000,0.00000,-0.00000,0.00000,0.00000,9.80665,0.000000,0.000000,0.000000,0,1,1,1,1,1,0,0,0,0
2026-09-21T06:31:24.573288+00:00,740801416,SIMULATED,498,2197692,DISARMED,0,-0.000000,0.00000,7.4000,0.0000,25.00,25.00,0.00000,0.00000,0,520,0,500,0,0,0,0,20,0,520,0,0,0,0,0,0,0,0,600,600,600,100,100,0.00000,0.00000,9.80665,0.000000,0.00000,-0.00000,0.00000,0.00000,9.80665,0.000000,0.000000,0.000000,0,1,1,1,1,1,0,0,0,0
2026-09-21T06:31:24.573324+00:00,740836833,SIMULATED,499,2200096,DISARMED,0,-0.000000,0.00000,7.4000,0.0000,25.00,25.00,0.00000,0.00000,0,520,0,500,0,0,0,0,20,0,520,0,0,0,0,0,0,0,0,600,600,600,100,100,0.00000,0.00000,9.80665,0.000000,0.00000,-0.00000,0.00000,0.00000,9.80665,0.000000,0.000000,0.000000,0,1,1,1,1,1,0,0,0,0
2026-09-21T06:31:24.573359+00:00,740872291,SIMULATED,500,2202500,DISARMED,0,-0.000000,0.00000,7.4000,0.0000,25.00,25.00,0.00000,0.00000,0,520,0,500,0,0,0,0,20,0,520,0,0,0,0,0,0,0,0,600,600,600,100,100,0.00000,0.00000,9.80665,0.000000,0.00000,-0.00000,0.00000,0.00000,9.80665,0.000000,0.000000,0.000000,0,1,1,1,1,1,0,0,0,0
2026-09-21T06:31:24.573402+00:00,740915041,SIMULATED,501,2204904,FAULT,2,-0.000000,0.00000,7.4000,0.0000,25.00,25.00,0.00000,0.00000,0,520,0,500,0,0,0,0,20,0,520,0,0,0,0,0,0,0,0,600,600,600,100,100,0.00000,0.00000,9.80665,0.000000,0.00000,-0.00000,0.00000,0.00000,9.80665,0.000000,0.000000,0.000000,2,1,0,1,1,1,0,0,0,0
2026-09-21T06:31:24.573438+00:00,740950958,SIMULATED,502,2207308,FAULT,2,-0.000000,0.00000,7.4000,0.0000,25.00,25.00,0.00000,0.00000,0,520,0,500,0,0,0,0,20,0,520,0,0,0,0,0,0,0,0,600,600,600,100,100,0.00000,0.00000,9.80665,0.000000,0.00000,-0.00000,0.00000,0.00000,9.80665,0.000000,0.000000,0.000000,2,1,0,1,1,1,0,0,0,0
2026-09-21T06:31:24.573474+00:00,740986791,SIMULATED,503,2209712,FAULT,2,-0.000000,0.00000,7.4000,0.0000,25.00,25.00,0.00000,0.00000,0,520,0,500,0,0,0,0,20,0,520,0,0,0,0,0,0,0,0,600,600,600,100,100,0.00000,0.00000,9.80665,0.000000,0.00000,-0.00000,0.00000,0.00000,9.80665,0.000000,0.000000,0.000000,2,1,0,1,1,1,0,0,0,0
2026-09-21T06:31:24.573510+00:00,741022750,SIMULATED,504,2212116,FAULT,2,-0.000000,0.00000,7.4000,0.0000,25.00,25.00,0.00000,0.00000,0,520,0,500,0,0,0,0,20,0,520,0,0,0,0,0,0,0,0,600,600,600,100,100,0.00000,0.00000,9.80665,0.000000,0.00000,-0.00000,0.00000,0.00000,9.80665,0.000000,0.000000,0.000000,2,1,0,1,1,1,0,0,0,0
2026-09-21T06:31:24.573546+00:00,741058750,SIMULATED,505,2214520,FAULT,2,-0.000000,0.00000,7.4000,0.0000,25.00,25.00,0.00000,0.00000,0,520,0,500,0,0,0,0,20,0,520,0,0,0,0,0,0,0,0,600,600,600,100,100,0.00000,0.00000,9.80665,0.000000,0.00000,-0.00000,0.00000,0.00000,9.80665,0.000000,0.000000,0.000000,2,1,0,1,1,1,0,0,0,0
2026-09-21T06:31:24.573584+00:00,741097458,SIMULATED,506,2216924,FAULT,2,-0.000000,0.00000,7.4000,0.0000,25.00,25.00,0.00000,0.00000,0,520,0,500,0,0,0,0,20,0,520,0,0,0,0,0,0,0,0,600,600,600,100,100,0.00000,0.00000,9.80665,0.000000,0.00000,-0.00000,0.00000,0.00000,9.80665,0.000000,0.000000,0.000000,2,1,0,1,1,1,0,0,0,0
2026-09-21T06:31:24.573626+00:00,741138625,SIMULATED,507,2219328,FAULT,2,-0.000000,0.00000,7.4000,0.0000,25.00,25.00,0.00000,0.00000,0,520,0,500,0,0,0,0,20,0,520,0,0,0,0,0,0,0,0,600,600,600,100,100,0.00000,0.00000,9.80665,0.000000,0.00000,-0.00000,0.00000,0.00000,9.80665,0.000000,0.000000,0.000000,2,1,0,1,1,1,0,0,0,0
2026-09-21T06:31:24.573664+00:00,741176750,SIMULATED,508,2221732,FAULT,2,-0.000000,0.00000,7.4000,0.0000,25.00,25.00,0.00000,0.00000,0,520,0,500,0,0,0,0,20,0,520,0,0,0,0,0,0,0,0,600,600,600,100,100,0.00000,0.00000,9.80665,0.000000,0.00000,-0.00000,0.00000,0.00000,9.80665,0.000000,0.000000,0.000000,2,1,0,1,1,1,0,0,0,0
2026-09-21T06:31:24.573701+00:00,741213666,SIMULATED,509,2224136,FAULT,2,-0.000000,0.00000,7.4000,0.0000,25.00,25.00,0.00000,0.00000,0,520,0,500,0,0,0,0,20,0,520,0,0,0,0,0,0,0,0,600,600,600,100,100,0.00000,0.00000,9.80665,0.000000,0.00000,-0.00000,0.00000,0.00000,9.80665,0.000000,0.000000,0.000000,2,1,0,1,1,1,0,0,0,0
2026-09-21T06:31:24.573737+00:00,741250416,SIMULATED,510,2226540,FAULT,2,-0.000000,0.00000,7.4000,0.0000,25.00,25.00,0.00000,0.00000,0,520,0,500,0,0,0,0,20,0,520,0,0,0,0,0,0,0,0,600,600,600,100,100,0.00000,0.00000,9.80665,0.000000,0.00000,-0.00000,0.00000,0.00000,9.80665,0.000000,0.000000,0.000000,2,1,0,1,1,1,0,0,0,0
2026-09-21T06:31:24.573777+00:00,741290250,SIMULATED,511,2228944,FAULT,2,-0.000000,0.00000,7.4000,0.0000,25.00,25.00,0.00000,0.00000,0,520,0,500,0,0,0,0,20,0,520,0,0,0,0,0,0,0,0,600,600,600,100,100,0.00000,0.00000,9.80665,0.000000,0.00000,-0.00000,0.00000,0.00000,9.80665,0.000000,0.000000,0.000000,2,1,0,1,1,1,0,0,0,0
2026-09-21T06:31:24.573814+00:00,741327083,SIMULATED,512,2231348,FAULT,2,-0.000000,0.00000,7.4000,0.0000,25.00,25.00,0.00000,0.00000,0,520,0,500,0,0,0,0,20,0,520,0,0,0,0,0,0,0,0,600,600,600,100,100,0.00000,0.00000,9.80665,0.000000,0.00000,-0.00000,0.00000,0.00000,9.80665,0.000000,0.000000,0.000000,2,1,0,1,1,1,0,0,0,0
2026-09-21T06:31:24.573854+00:00,741367291,SIMULATED,513,2233752,FAULT,2,-0.000000,0.00000,7.4000,0.0000,25.00,25.00,0.00000,0.00000,0,520,0,500,0,0,0,0,20,0,520,0,0,0,0,0,0,0,0,600,600,600,100,100,0.00000,0.00000,9.80665,0.000000,0.00000,-0.00000,0.00000,0.00000,9.80665,0.000000,0.000000,0.000000,2,1,0,1,1,1,0,0,0,0
2026-09-21T06:31:24.573890+00:00,741403541,SIMULATED,514,2236156,FAULT,2,-0.000000,0.00000,7.4000,0.0000,25.00,25.00,0.00000,0.00000,0,520,0,500,0,0,0,0,20,0,520,0,0,0,0,0,0,0,0,600,600,600,100,100,0.00000,0.00000,9.80665,0.000000,0.00000,-0.00000,0.00000,0.00000,9.80665,0.000000,0.000000,0.000000,2,1,0,1,1,1,0,0,0,0
2026-09-21T06:31:24.573929+00:00,741441666,SIMULATED,515,2238560,FAULT,2,-0.000000,0.00000,7.4000,0.0000,25.00,25.00,0.00000,0.00000,0,520,0,500,0,0,0,0,20,0,520,0,0,0,0,0,0,0,0,600,600,600,100,100,0.00000,0.00000,9.80665,0.000000,0.00000,-0.00000,0.00000,0.00000,9.80665,0.000000,0.000000,0.000000,2,1,0,1,1,1,0,0,0,0
2026-09-21T06:31:24.573967+00:00,741479958,SIMULATED,516,2240964,FAULT,2,-0.000000,0.00000,7.4000,0.0000,25.00,25.00,0.00000,0.00000,0,520,0,500,0,0,0,0,20,0,520,0,0,0,0,0,0,0,0,600,600,600,100,100,0.00000,0.00000,9.80665,0.000000,0.00000,-0.00000,0.00000,0.00000,9.80665,0.000000,0.000000,0.000000,2,1,0,1,1,1,0,0,0,0
2026-09-21T06:31:24.574006+00:00,741518791,SIMULATED,517,2243368,FAULT,2,-0.000000,0.00000,7.4000,0.0000,25.00,25.00,0.00000,0.00000,0,520,0,500,0,0,0,0,20,0,520,0,0,0,0,0,0,0,0,600,600,600,100,100,0.00000,0.00000,9.80665,0.000000,0.00000,-0.00000,0.00000,0.00000,9.80665,0.000000,0.000000,0.000000,2,1,0,1,1,1,0,0,0,0
2026-09-21T06:31:24.574045+00:00,741557916,SIMULATED,518,2245772,FAULT,2,-0.000000,0.00000,7.4000,0.0000,25.00,25.00,0.00000,0.00000,0,520,0,500,0,0,0,0,20,0,520,0,0,0,0,0,0,0,0,600,600,600,100,100,0.00000,0.00000,9.80665,0.000000,0.00000,-0.00000,0.00000,0.00000,9.80665,0.000000,0.000000,0.000000,2,1,0,1,1,1,0,0,0,0
2026-09-21T06:31:24.574085+00:00,741598416,SIMULATED,519,2248176,FAULT,2,-0.000000,0.00000,7.4000,0.0000,25.00,25.00,0.00000,0.00000,0,520,0,500,0,0,0,0,20,0,520,0,0,0,0,0,0,0,0,600,600,600,100,100,0.00000,0.00000,9.80665,0.000000,0.00000,-0.00000,0.00000,0.00000,9.80665,0.000000,0.000000,0.000000,2,1,0,1,1,1,0,0,0,0
2026-09-21T06:31:24.574128+00:00,741640750,SIMULATED,520,2250580,FAULT,2,-0.000000,0.00000,7.4000,0.0000,25.00,25.00,0.00000,0.00000,0,520,0,500,0,0,0,0,20,0,520,0,0,0,0,0,0,0,0,600,600,600,100,100,0.00000,0.00000,9.80665,0.000000,0.00000,-0.00000,0.00000,0.00000,9.80665,0.000000,0.000000,0.000000,2,1,0,1,1,1,0,0,0,0
2026-09-21T06:31:24.574167+00:00,741679833,SIMULATED,521,2252984,FAULT,2,-0.000000,0.00000,7.4000,0.0000,25.00,25.00,0.00000,0.00000,0,520,0,500,0,0,0,0,20,0,520,0,0,0,0,0,0,0,0,600,600,600,100,100,0.00000,0.00000,9.80665,0.000000,0.00000,-0.00000,0.00000,0.00000,9.80665,0.000000,0.000000,0.000000,2,1,0,1,1,1,0,0,0,0
2026-09-21T06:31:24.574203+00:00,741715625,SIMULATED,522,2255388,FAULT,2,-0.000000,0.00000,7.4000,0.0000,25.00,25.00,0.00000,0.00000,0,520,0,500,0,0,0,0,20,0,520,0,0,0,0,0,0,0,0,600,600,600,100,100,0.00000,0.00000,9.80665,0.000000,0.00000,-0.00000,0.00000,0.00000,9.80665,0.000000,0.000000,0.000000,2,1,0,1,1,1,0,0,0,0
2026-09-21T06:31:24.574241+00:00,741754125,SIMULATED,523,2257792,FAULT,2,-0.000000,0.00000,7.4000,0.0000,25.00,25.00,0.00000,0.00000,0,520,0,500,0,0,0,0,20,0,520,0,0,0,0,0,0,0,0,600,600,600,100,100,0.00000,0.00000,9.80665,0.000000,0.00000,-0.00000,0.00000,0.00000,9.80665,0.000000,0.000000,0.000000,2,1,0,1,1,1,0,0,0,0
2026-09-21T06:31:24.574281+00:00,741794083,SIMULATED,524,2260196,FAULT,2,-0.000000,0.00000,7.4000,0.0000,25.00,25.00,0.00000,0.00000,0,520,0,500,0,0,0,0,20,0,520,0,0,0,0,0,0,0,0,600,600,600,100,100,0.00000,0.00000,9.80665,0.000000,0.00000,-0.00000,0.00000,0.00000,9.80665,0.000000,0.000000,0.000000,2,1,0,1,1,1,0,0,0,0
2026-09-21T06:31:24.574321+00:00,741834166,SIMULATED,525,2262600,FAULT,2,-0.000000,0.00000,7.4000,0.0000,25.00,25.00,0.00000,0.00000,0,520,0,500,0,0,0,0,20,0,520,0,0,0,0,0,0,0,0,600,600,600,100,100,0.00000,0.00000,9.80665,0.000000,0.00000,-0.00000,0.00000,0.00000,9.80665,0.000000,0.000000,0.000000,2,1,0,1,1,1,0,0,0,0
2026-09-21T06:31:24.574366+00:00,741878666,SIMULATED,526,2265004,FAULT,2,-0.000000,0.00000,7.4000,0.0000,25.00,25.00,0.00000,0.00000,0,520,0,500,0,0,0,0,20,0,520,0,0,0,0,0,0,0,0,600,600,600,100,100,0.00000,0.00000,9.80665,0.000000,0.00000,-0.00000,0.00000,0.00000,9.80665,0.000000,0.000000,0.000000,2,1,0,1,1,1,0,0,0,0
2026-09-21T06:31:24.574405+00:00,741917625,SIMULATED,527,2267408,FAULT,2,-0.000000,0.00000,7.4000,0.0000,25.00,25.00,0.00000,0.00000,0,520,0,500,0,0,0,0,20,0,520,0,0,0,0,0,0,0,0,600,600,600,100,100,0.00000,0.00000,9.80665,0.000000,0.00000,-0.00000,0.00000,0.00000,9.80665,0.000000,0.000000,0.000000,2,1,0,1,1,1,0,0,0,0
2026-09-21T06:31:24.574445+00:00,741958458,SIMULATED,528,2269812,FAULT,2,-0.000000,0.00000,7.4000,0.0000,25.00,25.00,0.00000,0.00000,0,520,0,500,0,0,0,0,20,0,520,0,0,0,0,0,0,0,0,600,600,600,100,100,0.00000,0.00000,9.80665,0.000000,0.00000,-0.00000,0.00000,0.00000,9.80665,0.000000,0.000000,0.000000,2,1,0,1,1,1,0,0,0,0
2026-09-21T06:31:24.574481+00:00,741994416,SIMULATED,529,2272216,FAULT,2,-0.000000,0.00000,7.4000,0.0000,25.00,25.00,0.00000,0.00000,0,520,0,500,0,0,0,0,20,0,520,0,0,0,0,0,0,0,0,600,600,600,100,100,0.00000,0.00000,9.80665,0.000000,0.00000,-0.00000,0.00000,0.00000,9.80665,0.000000,0.000000,0.000000,2,1,0,1,1,1,0,0,0,0
2026-09-21T06:31:24.574517+00:00,742030166,SIMULATED,530,2274620,FAULT,2,-0.000000,0.00000,7.4000,0.0000,25.00,25.00,0.00000,0.00000,0,520,0,500,0,0,0,0,20,0,520,0,0,0,0,0,0,0,0,600,600,600,100,100,0.00000,0.00000,9.80665,0.000000,0.00000,-0.00000,0.00000,0.00000,9.80665,0.000000,0.000000,0.000000,2,1,0,1,1,1,0,0,0,0
2026-09-21T06:31:24.574560+00:00,742073166,SIMULATED,531,2277024,FAULT,2,-0.000000,0.00000,7.4000,0.0000,25.00,25.00,0.00000,0.00000,0,520,0,500,0,0,0,0,20,0,520,0,0,0,0,0,0,0,0,600,600,600,100,100,0.00000,0.00000,9.80665,0.000000,0.00000,-0.00000,0.00000,0.00000,9.80665,0.000000,0.000000,0.000000,2,1,0,1,1,1,0,0,0,0
2026-09-21T06:31:24.574596+00:00,742108916,SIMULATED,532,2279428,FAULT,2,-0.000000,0.00000,7.4000,0.0000,25.00,25.00,0.00000,0.00000,0,520,0,500,0,0,0,0,20,0,520,0,0,0,0,0,0,0,0,600,600,600,100,100,0.00000,0.00000,9.80665,0.000000,0.00000,-0.00000,0.00000,0.00000,9.80665,0.000000,0.000000,0.000000,2,1,0,1,1,1,0,0,0,0
2026-09-21T06:31:24.574634+00:00,742147541,SIMULATED,533,2281832,FAULT,2,-0.000000,0.00000,7.4000,0.0000,25.00,25.00,0.00000,0.00000,0,520,0,500,0,0,0,0,20,0,520,0,0,0,0,0,0,0,0,600,600,600,100,100,0.00000,0.00000,9.80665,0.000000,0.00000,-0.00000,0.00000,0.00000,9.80665,0.000000,0.000000,0.000000,2,1,0,1,1,1,0,0,0,0
2026-09-21T06:31:24.574670+00:00,742183250,SIMULATED,534,2284236,FAULT,2,-0.000000,0.00000,7.4000,0.0000,25.00,25.00,0.00000,0.00000,0,520,0,500,0,0,0,0,20,0,520,0,0,0,0,0,0,0,0,600,600,600,100,100,0.00000,0.00000,9.80665,0.000000,0.00000,-0.00000,0.00000,0.00000,9.80665,0.000000,0.000000,0.000000,2,1,0,1,1,1,0,0,0,0
2026-09-21T06:31:24.574706+00:00,742218833,SIMULATED,535,2286640,FAULT,2,-0.000000,0.00000,7.4000,0.0000,25.00,25.00,0.00000,0.00000,0,520,0,500,0,0,0,0,20,0,520,0,0,0,0,0,0,0,0,600,600,600,100,100,0.00000,0.00000,9.80665,0.000000,0.00000,-0.00000,0.00000,0.00000,9.80665,0.000000,0.000000,0.000000,2,1,0,1,1,1,0,0,0,0
2026-09-21T06:31:24.574749+00:00,742263041,SIMULATED,536,2289044,FAULT,2,-0.000000,0.00000,7.4000,0.0000,25.00,25.00,0.00000,0.00000,0,520,0,500,0,0,0,0,20,0,520,0,0,0,0,0,0,0,0,600,600,600,100,100,0.00000,0.00000,9.80665,0.000000,0.00000,-0.00000,0.00000,0.00000,9.80665,0.000000,0.000000,0.000000,2,1,0,1,1,1,0,0,0,0
2026-09-21T06:31:24.574799+00:00,742312208,SIMULATED,537,2291448,FAULT,2,-0.000000,0.00000,7.4000,0.0000,25.00,25.00,0.00000,0.00000,0,520,0,500,0,0,0,0,20,0,520,0,0,0,0,0,0,0,0,600,600,600,100,100,0.00000,0.00000,9.80665,0.000000,0.00000,-0.00000,0.00000,0.00000,9.80665,0.000000,0.000000,0.000000,2,1,0,1,1,1,0,0,0,0
2026-09-21T06:31:24.574839+00:00,742352375,SIMULATED,538,2293852,FAULT,2,-0.000000,0.00000,7.4000,0.0000,25.00,25.00,0.00000,0.00000,0,520,0,500,0,0,0,0,20,0,520,0,0,0,0,0,0,0,0,600,600,600,100,100,0.00000,0.00000,9.80665,0.000000,0.00000,-0.00000,0.00000,0.00000,9.80665,0.000000,0.000000,0.000000,2,1,0,1,1,1,0,0,0,0
2026-09-21T06:31:24.574877+00:00,742390583,SIMULATED,539,2296256,FAULT,2,-0.000000,0.00000,7.4000,0.0000,25.00,25.00,0.00000,0.00000,0,520,0,500,0,0,0,0,20,0,520,0,0,0,0,0,0,0,0,600,600,600,100,100,0.00000,0.00000,9.80665,0.000000,0.00000,-0.00000,0.00000,0.00000,9.80665,0.000000,0.000000,0.000000,2,1,0,1,1,1,0,0,0,0
2026-09-21T06:31:24.574917+00:00,742430250,SIMULATED,540,2298660,FAULT,2,-0.000000,0.00000,7.4000,0.0000,25.00,25.00,0.00000,0.00000,0,520,0,500,0,0,0,0,20,0,520,0,0,0,0,0,0,0,0,600,600,600,100,100,0.00000,0.00000,9.80665,0.000000,0.00000,-0.00000,0.00000,0.00000,9.80665,0.000000,0.000000,0.000000,2,1,0,1,1,1,0,0,0,0
2026-09-21T06:31:24.574959+00:00,742472250,SIMULATED,541,2301064,FAULT,2,-0.000000,0.00000,7.4000,0.0000,25.00,25.00,0.00000,0.00000,0,520,0,500,0,0,0,0,20,0,520,0,0,0,0,0,0,0,0,600,600,600,100,100,0.00000,0.00000,9.80665,0.000000,0.00000,-0.00000,0.00000,0.00000,9.80665,0.000000,0.000000,0.000000,2,1,0,1,1,1,0,0,0,0
2026-09-21T06:31:24.574996+00:00,742509125,SIMULATED,542,2303468,FAULT,2,-0.000000,0.00000,7.4000,0.0000,25.00,25.00,0.00000,0.00000,0,520,0,500,0,0,0,0,20,0,520,0,0,0,0,0,0,0,0,600,600,600,100,100,0.00000,0.00000,9.80665,0.000000,0.00000,-0.00000,0.00000,0.00000,9.80665,0.000000,0.000000,0.000000,2,1,0,1,1,1,0,0,0,0
2026-09-21T06:31:24.575034+00:00,742547458,SIMULATED,543,2305872,FAULT,2,-0.000000,0.00000,7.4000,0.0000,25.00,25.00,0.00000,0.00000,0,520,0,500,0,0,0,0,20,0,520,0,0,0,0,0,0,0,0,600,600,600,100,100,0.00000,0.00000,9.80665,0.000000,0.00000,-0.00000,0.00000,0.00000,9.80665,0.000000,0.000000,0.000000,2,1,0,1,1,1,0,0,0,0
2026-09-21T06:31:24.575072+00:00,742584666,SIMULATED,544,2308276,FAULT,2,-0.000000,0.00000,7.4000,0.0000,25.00,25.00,0.00000,0.00000,0,520,0,500,0,0,0,0,20,0,520,0,0,0,0,0,0,0,0,600,600,600,100,100,0.00000,0.00000,9.80665,0.000000,0.00000,-0.00000,0.00000,0.00000,9.80665,0.000000,0.000000,0.000000,2,1,0,1,1,1,0,0,0,0
2026-09-21T06:31:24.575109+00:00,742622208,SIMULATED,545,2310680,FAULT,2,-0.000000,0.00000,7.4000,0.0000,25.00,25.00,0.00000,0.00000,0,520,0,500,0,0,0,0,20,0,520,0,0,0,0,0,0,0,0,600,600,600,100,100,0.00000,0.00000,9.80665,0.000000,0.00000,-0.00000,0.00000,0.00000,9.80665,0.000000,0.000000,0.000000,2,1,0,1,1,1,0,0,0,0
2026-09-21T06:31:24.575152+00:00,742665416,SIMULATED,546,2313084,FAULT,2,-0.000000,0.00000,7.4000,0.0000,25.00,25.00,0.00000,0.00000,0,520,0,500,0,0,0,0,20,0,520,0,0,0,0,0,0,0,0,600,600,600,100,100,0.00000,0.00000,9.80665,0.000000,0.00000,-0.00000,0.00000,0.00000,9.80665,0.000000,0.000000,0.000000,2,1,0,1,1,1,0,0,0,0
2026-09-21T06:31:24.575189+00:00,742702041,SIMULATED,547,2315488,FAULT,2,-0.000000,0.00000,7.4000,0.0000,25.00,25.00,0.00000,0.00000,0,520,0,500,0,0,0,0,20,0,520,0,0,0,0,0,0,0,0,600,600,600,100,100,0.00000,0.00000,9.80665,0.000000,0.00000,-0.00000,0.00000,0.00000,9.80665,0.000000,0.000000,0.000000,2,1,0,1,1,1,0,0,0,0
2026-09-21T06:31:24.575224+00:00,742737541,SIMULATED,548,2317892,FAULT,2,-0.000000,0.00000,7.4000,0.0000,25.00,25.00,0.00000,0.00000,0,520,0,500,0,0,0,0,20,0,520,0,0,0,0,0,0,0,0,600,600,600,100,100,0.00000,0.00000,9.80665,0.000000,0.00000,-0.00000,0.00000,0.00000,9.80665,0.000000,0.000000,0.000000,2,1,0,1,1,1,0,0,0,0
2026-09-21T06:31:24.575261+00:00,742774416,SIMULATED,549,2320296,FAULT,2,-0.000000,0.00000,7.4000,0.0000,25.00,25.00,0.00000,0.00000,0,520,0,500,0,0,0,0,20,0,520,0,0,0,0,0,0,0,0,600,600,600,100,100,0.00000,0.00000,9.80665,0.000000,0.00000,-0.00000,0.00000,0.00000,9.80665,0.000000,0.000000,0.000000,2,1,0,1,1,1,0,0,0,0
2026-09-21T06:31:24.575297+00:00,742809708,SIMULATED,550,2322700,FAULT,2,-0.000000,0.00000,7.4000,0.0000,25.00,25.00,0.00000,0.00000,0,520,0,500,0,0,0,0,20,0,520,0,0,0,0,0,0,0,0,600,600,600,100,100,0.00000,0.00000,9.80665,0.000000,0.00000,-0.00000,0.00000,0.00000,9.80665,0.000000,0.000000,0.000000,2,1,0,1,1,1,0,0,0,0
2026-09-21T06:31:24.575334+00:00,742847500,SIMULATED,551,2325104,FAULT,2,-0.000000,0.00000,7.4000,0.0000,25.00,25.00,0.00000,0.00000,0,520,0,500,0,0,0,0,20,0,520,0,0,0,0,0,0,0,0,600,600,600,100,100,0.00000,0.00000,9.80665,0.000000,0.00000,-0.00000,0.00000,0.00000,9.80665,0.000000,0.000000,0.000000,2,1,0,1,1,1,0,0,0,0
2026-09-21T06:31:24.575369+00:00,742882333,SIMULATED,552,2327508,FAULT,2,-0.000000,0.00000,7.4000,0.0000,25.00,25.00,0.00000,0.00000,0,520,0,500,0,0,0,0,20,0,520,0,0,0,0,0,0,0,0,600,600,600,100,100,0.00000,0.00000,9.80665,0.000000,0.00000,-0.00000,0.00000,0.00000,9.80665,0.000000,0.000000,0.000000,2,1,0,1,1,1,0,0,0,0
2026-09-21T06:31:24.575404+00:00,742916875,SIMULATED,553,2329912,FAULT,2,-0.000000,0.00000,7.4000,0.0000,25.00,25.00,0.00000,0.00000,0,520,0,500,0,0,0,0,20,0,520,0,0,0,0,0,0,0,0,600,600,600,100,100,0.00000,0.00000,9.80665,0.000000,0.00000,-0.00000,0.00000,0.00000,9.80665,0.000000,0.000000,0.000000,2,1,0,1,1,1,0,0,0,0
2026-09-21T06:31:24.575438+00:00,742951375,SIMULATED,554,2332316,FAULT,2,-0.000000,0.00000,7.4000,0.0000,25.00,25.00,0.00000,0.00000,0,520,0,500,0,0,0,0,20,0,520,0,0,0,0,0,0,0,0,600,600,600,100,100,0.00000,0.00000,9.80665,0.000000,0.00000,-0.00000,0.00000,0.00000,9.80665,0.000000,0.000000,0.000000,2,1,0,1,1,1,0,0,0,0
2026-09-21T06:31:24.575475+00:00,742988125,SIMULATED,555,2334720,FAULT,2,-0.000000,0.00000,7.4000,0.0000,25.00,25.00,0.00000,0.00000,0,520,0,500,0,0,0,0,20,0,520,0,0,0,0,0,0,0,0,600,600,600,100,100,0.00000,0.00000,9.80665,0.000000,0.00000,-0.00000,0.00000,0.00000,9.80665,0.000000,0.000000,0.000000,2,1,0,1,1,1,0,0,0,0
2026-09-21T06:31:24.575514+00:00,743026750,SIMULATED,556,2337124,FAULT,2,-0.000000,0.00000,7.4000,0.0000,25.00,25.00,0.00000,0.00000,0,520,0,500,0,0,0,0,20,0,520,0,0,0,0,0,0,0,0,600,600,600,100,100,0.00000,0.00000,9.80665,0.000000,0.00000,-0.00000,0.00000,0.00000,9.80665,0.000000,0.000000,0.000000,2,1,0,1,1,1,0,0,0,0
2026-09-21T06:31:24.575550+00:00,743063000,SIMULATED,557,2339528,FAULT,2,-0.000000,0.00000,7.4000,0.0000,25.00,25.00,0.00000,0.00000,0,520,0,500,0,0,0,0,20,0,520,0,0,0,0,0,0,0,0,600,600,600,100,100,0.00000,0.00000,9.80665,0.000000,0.00000,-0.00000,0.00000,0.00000,9.80665,0.000000,0.000000,0.000000,2,1,0,1,1,1,0,0,0,0
2026-09-21T06:31:24.575589+00:00,743102291,SIMULATED,558,2341932,FAULT,2,-0.000000,0.00000,7.4000,0.0000,25.00,25.00,0.00000,0.00000,0,520,0,500,0,0,0,0,20,0,520,0,0,0,0,0,0,0,0,600,600,600,100,100,0.00000,0.00000,9.80665,0.000000,0.00000,-0.00000,0.00000,0.00000,9.80665,0.000000,0.000000,0.000000,2,1,0,1,1,1,0,0,0,0
2026-09-21T06:31:24.575624+00:00,743137458,SIMULATED,559,2344336,FAULT,2,-0.000000,0.00000,7.4000,0.0000,25.00,25.00,0.00000,0.00000,0,520,0,500,0,0,0,0,20,0,520,0,0,0,0,0,0,0,0,600,600,600,100,100,0.00000,0.00000,9.80665,0.000000,0.00000,-0.00000,0.00000,0.00000,9.80665,0.000000,0.000000,0.000000,2,1,0,1,1,1,0,0,0,0
2026-09-21T06:31:24.575659+00:00,743172500,SIMULATED,560,2346740,FAULT,2,-0.000000,0.00000,7.4000,0.0000,25.00,25.00,0.00000,0.00000,0,520,0,500,0,0,0,0,20,0,520,0,0,0,0,0,0,0,0,600,600,600,100,100,0.00000,0.00000,9.80665,0.000000,0.00000,-0.00000,0.00000,0.00000,9.80665,0.000000,0.000000,0.000000,2,1,0,1,1,1,0,0,0,0
2026-09-21T06:31:24.575696+00:00,743209000,SIMULATED,561,2349144,FAULT,2,-0.000000,0.00000,7.4000,0.0000,25.00,25.00,0.00000,0.00000,0,520,0,500,0,0,0,0,20,0,520,0,0,0,0,0,0,0,0,600,600,600,100,100,0.00000,0.00000,9.80665,0.000000,0.00000,-0.00000,0.00000,0.00000,9.80665,0.000000,0.000000,0.000000,2,1,0,1,1,1,0,0,0,0
2026-09-21T06:31:24.575860+00:00,743376250,SIMULATED,562,2351548,FAULT,2,-0.000000,0.00000,7.4000,0.0000,25.00,25.00,0.00000,0.00000,0,520,0,500,0,0,0,0,20,0,520,0,0,0,0,0,0,0,0,600,600,600,100,100,0.00000,0.00000,9.80665,0.000000,0.00000,-0.00000,0.00000,0.00000,9.80665,0.000000,0.000000,0.000000,2,1,0,1,1,1,0,0,0,0
2026-09-21T06:31:24.575916+00:00,743429416,SIMULATED,563,2353952,FAULT,2,-0.000000,0.00000,7.4000,0.0000,25.00,25.00,0.00000,0.00000,0,520,0,500,0,0,0,0,20,0,520,0,0,0,0,0,0,0,0,600,600,600,100,100,0.00000,0.00000,9.80665,0.000000,0.00000,-0.00000,0.00000,0.00000,9.80665,0.000000,0.000000,0.000000,2,1,0,1,1,1,0,0,0,0
2026-09-21T06:31:24.575957+00:00,743470916,SIMULATED,564,2356356,FAULT,2,-0.000000,0.00000,7.4000,0.0000,25.00,25.00,0.00000,0.00000,0,520,0,500,0,0,0,0,20,0,520,0,0,0,0,0,0,0,0,600,600,600,100,100,0.00000,0.00000,9.80665,0.000000,0.00000,-0.00000,0.00000,0.00000,9.80665,0.000000,0.000000,0.000000,2,1,0,1,1,1,0,0,0,0
2026-09-21T06:31:24.575996+00:00,743509708,SIMULATED,565,2358760,FAULT,2,-0.000000,0.00000,7.4000,0.0000,25.00,25.00,0.00000,0.00000,0,520,0,500,0,0,0,0,20,0,520,0,0,0,0,0,0,0,0,600,600,600,100,100,0.00000,0.00000,9.80665,0.000000,0.00000,-0.00000,0.00000,0.00000,9.80665,0.000000,0.000000,0.000000,2,1,0,1,1,1,0,0,0,0
2026-09-21T06:31:24.576038+00:00,743551666,SIMULATED,566,2361164,FAULT,2,-0.000000,0.00000,7.4000,0.0000,25.00,25.00,0.00000,0.00000,0,520,0,500,0,0,0,0,20,0,520,0,0,0,0,0,0,0,0,600,600,600,100,100,0.00000,0.00000,9.80665,0.000000,0.00000,-0.00000,0.00000,0.00000,9.80665,0.000000,0.000000,0.000000,2,1,0,1,1,1,0,0,0,0
2026-09-21T06:31:24.576079+00:00,743592708,SIMULATED,567,2363568,FAULT,2,-0.000000,0.00000,7.4000,0.0000,25.00,25.00,0.00000,0.00000,0,520,0,500,0,0,0,0,20,0,520,0,0,0,0,0,0,0,0,600,600,600,100,100,0.00000,0.00000,9.80665,0.000000,0.00000,-0.00000,0.00000,0.00000,9.80665,0.000000,0.000000,0.000000,2,1,0,1,1,1,0,0,0,0
2026-09-21T06:31:24.576117+00:00,743630000,SIMULATED,568,2365972,FAULT,2,-0.000000,0.00000,7.4000,0.0000,25.00,25.00,0.00000,0.00000,0,520,0,500,0,0,0,0,20,0,520,0,0,0,0,0,0,0,0,600,600,600,100,100,0.00000,0.00000,9.80665,0.000000,0.00000,-0.00000,0.00000,0.00000,9.80665,0.000000,0.000000,0.000000,2,1,0,1,1,1,0,0,0,0
2026-09-21T06:31:24.576153+00:00,743665958,SIMULATED,569,2368376,FAULT,2,-0.000000,0.00000,7.4000,0.0000,25.00,25.00,0.00000,0.00000,0,520,0,500,0,0,0,0,20,0,520,0,0,0,0,0,0,0,0,600,600,600,100,100,0.00000,0.00000,9.80665,0.000000,0.00000,-0.00000,0.00000,0.00000,9.80665,0.000000,0.000000,0.000000,2,1,0,1,1,1,0,0,0,0
2026-09-21T06:31:24.576189+00:00,743702166,SIMULATED,570,2370780,FAULT,2,-0.000000,0.00000,7.4000,0.0000,25.00,25.00,0.00000,0.00000,0,520,0,500,0,0,0,0,20,0,520,0,0,0,0,0,0,0,0,600,600,600,100,100,0.00000,0.00000,9.80665,0.000000,0.00000,-0.00000,0.00000,0.00000,9.80665,0.000000,0.000000,0.000000,2,1,0,1,1,1,0,0,0,0
2026-09-21T06:31:24.576230+00:00,743743208,SIMULATED,571,2373184,FAULT,2,-0.000000,0.00000,7.4000,0.0000,25.00,25.00,0.00000,0.00000,0,520,0,500,0,0,0,0,20,0,520,0,0,0,0,0,0,0,0,600,600,600,100,100,0.00000,0.00000,9.80665,0.000000,0.00000,-0.00000,0.00000,0.00000,9.80665,0.000000,0.000000,0.000000,2,1,0,1,1,1,0,0,0,0
2026-09-21T06:31:24.576269+00:00,743782083,SIMULATED,572,2375588,FAULT,2,-0.000000,0.00000,7.4000,0.0000,25.00,25.00,0.00000,0.00000,0,520,0,500,0,0,0,0,20,0,520,0,0,0,0,0,0,0,0,600,600,600,100,100,0.00000,0.00000,9.80665,0.000000,0.00000,-0.00000,0.00000,0.00000,9.80665,0.000000,0.000000,0.000000,2,1,0,1,1,1,0,0,0,0
2026-09-21T06:31:24.576306+00:00,743818708,SIMULATED,573,2377992,FAULT,2,-0.000000,0.00000,7.4000,0.0000,25.00,25.00,0.00000,0.00000,0,520,0,500,0,0,0,0,20,0,520,0,0,0,0,0,0,0,0,600,600,600,100,100,0.00000,0.00000,9.80665,0.000000,0.00000,-0.00000,0.00000,0.00000,9.80665,0.000000,0.000000,0.000000,2,1,0,1,1,1,0,0,0,0
2026-09-21T06:31:24.576341+00:00,743853875,SIMULATED,574,2380396,FAULT,2,-0.000000,0.00000,7.4000,0.0000,25.00,25.00,0.00000,0.00000,0,520,0,500,0,0,0,0,20,0,520,0,0,0,0,0,0,0,0,600,600,600,100,100,0.00000,0.00000,9.80665,0.000000,0.00000,-0.00000,0.00000,0.00000,9.80665,0.000000,0.000000,0.000000,2,1,0,1,1,1,0,0,0,0
2026-09-21T06:31:24.576376+00:00,743888958,SIMULATED,575,2382800,FAULT,2,-0.000000,0.00000,7.4000,0.0000,25.00,25.00,0.00000,0.00000,0,520,0,500,0,0,0,0,20,0,520,0,0,0,0,0,0,0,0,600,600,600,100,100,0.00000,0.00000,9.80665,0.000000,0.00000,-0.00000,0.00000,0.00000,9.80665,0.000000,0.000000,0.000000,2,1,0,1,1,1,0,0,0,0
2026-09-21T06:31:24.576411+00:00,743923875,SIMULATED,576,2385204,FAULT,2,-0.000000,0.00000,7.4000,0.0000,25.00,25.00,0.00000,0.00000,0,520,0,500,0,0,0,0,20,0,520,0,0,0,0,0,0,0,0,600,600,600,100,100,0.00000,0.00000,9.80665,0.000000,0.00000,-0.00000,0.00000,0.00000,9.80665,0.000000,0.000000,0.000000,2,1,0,1,1,1,0,0,0,0
2026-09-21T06:31:24.576446+00:00,743958708,SIMULATED,577,2387608,FAULT,2,-0.000000,0.00000,7.4000,0.0000,25.00,25.00,0.00000,0.00000,0,520,0,500,0,0,0,0,20,0,520,0,0,0,0,0,0,0,0,600,600,600,100,100,0.00000,0.00000,9.80665,0.000000,0.00000,-0.00000,0.00000,0.00000,9.80665,0.000000,0.000000,0.000000,2,1,0,1,1,1,0,0,0,0
2026-09-21T06:31:24.576481+00:00,743993750,SIMULATED,578,2390012,FAULT,2,-0.000000,0.00000,7.4000,0.0000,25.00,25.00,0.00000,0.00000,0,520,0,500,0,0,0,0,20,0,520,0,0,0,0,0,0,0,0,600,600,600,100,100,0.00000,0.00000,9.80665,0.000000,0.00000,-0.00000,0.00000,0.00000,9.80665,0.000000,0.000000,0.000000,2,1,0,1,1,1,0,0,0,0
2026-09-21T06:31:24.576517+00:00,744030291,SIMULATED,579,2392416,FAULT,2,-0.000000,0.00000,7.4000,0.0000,25.00,25.00,0.00000,0.00000,0,520,0,500,0,0,0,0,20,0,520,0,0,0,0,0,0,0,0,600,600,600,100,100,0.00000,0.00000,9.80665,0.000000,0.00000,-0.00000,0.00000,0.00000,9.80665,0.000000,0.000000,0.000000,2,1,0,1,1,1,0,0,0,0
2026-09-21T06:31:24.576552+00:00,744065375,SIMULATED,580,2394820,FAULT,2,-0.000000,0.00000,7.4000,0.0000,25.00,25.00,0.00000,0.00000,0,520,0,500,0,0,0,0,20,0,520,0,0,0,0,0,0,0,0,600,600,600,100,100,0.00000,0.00000,9.80665,0.000000,0.00000,-0.00000,0.00000,0.00000,9.80665,0.000000,0.000000,0.000000,2,1,0,1,1,1,0,0,0,0
2026-09-21T06:31:24.576587+00:00,744100375,SIMULATED,581,2397224,FAULT,2,-0.000000,0.00000,7.4000,0.0000,25.00,25.00,0.00000,0.00000,0,520,0,500,0,0,0,0,20,0,520,0,0,0,0,0,0,0,0,600,600,600,100,100,0.00000,0.00000,9.80665,0.000000,0.00000,-0.00000,0.00000,0.00000,9.80665,0.000000,0.000000,0.000000,2,1,0,1,1,1,0,0,0,0
2026-09-21T06:31:24.576624+00:00,744137291,SIMULATED,582,2399628,FAULT,2,-0.000000,0.00000,7.4000,0.0000,25.00,25.00,0.00000,0.00000,0,520,0,500,0,0,0,0,20,0,520,0,0,0,0,0,0,0,0,600,600,600,100,100,0.00000,0.00000,9.80665,0.000000,0.00000,-0.00000,0.00000,0.00000,9.80665,0.000000,0.000000,0.000000,2,1,0,1,1,1,0,0,0,0
2026-09-21T06:31:24.576659+00:00,744171916,SIMULATED,583,2402032,FAULT,2,-0.000000,0.00000,7.4000,0.0000,25.00,25.00,0.00000,0.00000,0,520,0,500,0,0,0,0,20,0,520,0,0,0,0,0,0,0,0,600,600,600,100,100,0.00000,0.00000,9.80665,0.000000,0.00000,-0.00000,0.00000,0.00000,9.80665,0.000000,0.000000,0.000000,2,1,0,1,1,1,0,0,0,0
2026-09-21T06:31:24.576696+00:00,744208875,SIMULATED,584,2404436,FAULT,2,-0.000000,0.00000,7.4000,0.0000,25.00,25.00,0.00000,0.00000,0,520,0,500,0,0,0,0,20,0,520,0,0,0,0,0,0,0,0,600,600,600,100,100,0.00000,0.00000,9.80665,0.000000,0.00000,-0.00000,0.00000,0.00000,9.80665,0.000000,0.000000,0.000000,2,1,0,1,1,1,0,0,0,0
2026-09-21T06:31:24.576732+00:00,744245583,SIMULATED,585,2406840,FAULT,2,-0.000000,0.00000,7.4000,0.0000,25.00,25.00,0.00000,0.00000,0,520,0,500,0,0,0,0,20,0,520,0,0,0,0,0,0,0,0,600,600,600,100,100,0.00000,0.00000,9.80665,0.000000,0.00000,-0.00000,0.00000,0.00000,9.80665,0.000000,0.000000,0.000000,2,1,0,1,1,1,0,0,0,0
2026-09-21T06:31:24.576768+00:00,744280958,SIMULATED,586,2409244,FAULT,2,-0.000000,0.00000,7.4000,0.0000,25.00,25.00,0.00000,0.00000,0,520,0,500,0,0,0,0,20,0,520,0,0,0,0,0,0,0,0,600,600,600,100,100,0.00000,0.00000,9.80665,0.000000,0.00000,-0.00000,0.00000,0.00000,9.80665,0.000000,0.000000,0.000000,2,1,0,1,1,1,0,0,0,0
2026-09-21T06:31:24.576803+00:00,744315875,SIMULATED,587,2411648,FAULT,2,-0.000000,0.00000,7.4000,0.0000,25.00,25.00,0.00000,0.00000,0,520,0,500,0,0,0,0,20,0,520,0,0,0,0,0,0,0,0,600,600,600,100,100,0.00000,0.00000,9.80665,0.000000,0.00000,-0.00000,0.00000,0.00000,9.80665,0.000000,0.000000,0.000000,2,1,0,1,1,1,0,0,0,0
2026-09-21T06:31:24.576838+00:00,744350791,SIMULATED,588,2414052,FAULT,2,-0.000000,0.00000,7.4000,0.0000,25.00,25.00,0.00000,0.00000,0,520,0,500,0,0,0,0,20,0,520,0,0,0,0,0,0,0,0,600,600,600,100,100,0.00000,0.00000,9.80665,0.000000,0.00000,-0.00000,0.00000,0.00000,9.80665,0.000000,0.000000,0.000000,2,1,0,1,1,1,0,0,0,0
2026-09-21T06:31:24.576873+00:00,744386583,SIMULATED,589,2416456,FAULT,2,-0.000000,0.00000,7.4000,0.0000,25.00,25.00,0.00000,0.00000,0,520,0,500,0,0,0,0,20,0,520,0,0,0,0,0,0,0,0,600,600,600,100,100,0.00000,0.00000,9.80665,0.000000,0.00000,-0.00000,0.00000,0.00000,9.80665,0.000000,0.000000,0.000000,2,1,0,1,1,1,0,0,0,0
2026-09-21T06:31:24.576908+00:00,744421500,SIMULATED,590,2418860,FAULT,2,-0.000000,0.00000,7.4000,0.0000,25.00,25.00,0.00000,0.00000,0,520,0,500,0,0,0,0,20,0,520,0,0,0,0,0,0,0,0,600,600,600,100,100,0.00000,0.00000,9.80665,0.000000,0.00000,-0.00000,0.00000,0.00000,9.80665,0.000000,0.000000,0.000000,2,1,0,1,1,1,0,0,0,0
2026-09-21T06:31:24.576946+00:00,744458916,SIMULATED,591,2421264,FAULT,2,-0.000000,0.00000,7.4000,0.0000,25.00,25.00,0.00000,0.00000,0,520,0,500,0,0,0,0,20,0,520,0,0,0,0,0,0,0,0,600,600,600,100,100,0.00000,0.00000,9.80665,0.000000,0.00000,-0.00000,0.00000,0.00000,9.80665,0.000000,0.000000,0.000000,2,1,0,1,1,1,0,0,0,0
2026-09-21T06:31:24.576983+00:00,744496625,SIMULATED,592,2423668,FAULT,2,-0.000000,0.00000,7.4000,0.0000,25.00,25.00,0.00000,0.00000,0,520,0,500,0,0,0,0,20,0,520,0,0,0,0,0,0,0,0,600,600,600,100,100,0.00000,0.00000,9.80665,0.000000,0.00000,-0.00000,0.00000,0.00000,9.80665,0.000000,0.000000,0.000000,2,1,0,1,1,1,0,0,0,0
2026-09-21T06:31:24.577019+00:00,744532041,SIMULATED,593,2426072,FAULT,2,-0.000000,0.00000,7.4000,0.0000,25.00,25.00,0.00000,0.00000,0,520,0,500,0,0,0,0,20,0,520,0,0,0,0,0,0,0,0,600,600,600,100,100,0.00000,0.00000,9.80665,0.000000,0.00000,-0.00000,0.00000,0.00000,9.80665,0.000000,0.000000,0.000000,2,1,0,1,1,1,0,0,0,0
2026-09-21T06:31:24.577057+00:00,744570333,SIMULATED,594,2428476,FAULT,2,-0.000000,0.00000,7.4000,0.0000,25.00,25.00,0.00000,0.00000,0,520,0,500,0,0,0,0,20,0,520,0,0,0,0,0,0,0,0,600,600,600,100,100,0.00000,0.00000,9.80665,0.000000,0.00000,-0.00000,0.00000,0.00000,9.80665,0.000000,0.000000,0.000000,2,1,0,1,1,1,0,0,0,0
2026-09-21T06:31:24.577092+00:00,744605416,SIMULATED,595,2430880,FAULT,2,-0.000000,0.00000,7.4000,0.0000,25.00,25.00,0.00000,0.00000,0,520,0,500,0,0,0,0,20,0,520,0,0,0,0,0,0,0,0,600,600,600,100,100,0.00000,0.00000,9.80665,0.000000,0.00000,-0.00000,0.00000,0.00000,9.80665,0.000000,0.000000,0.000000,2,1,0,1,1,1,0,0,0,0
2026-09-21T06:31:24.577128+00:00,744640583,SIMULATED,596,2433284,FAULT,2,-0.000000,0.00000,7.4000,0.0000,25.00,25.00,0.00000,0.00000,0,520,0,500,0,0,0,0,20,0,520,0,0,0,0,0,0,0,0,600,600,600,100,100,0.00000,0.00000,9.80665,0.000000,0.00000,-0.00000,0.00000,0.00000,9.80665,0.000000,0.000000,0.000000,2,1,0,1,1,1,0,0,0,0
2026-09-21T06:31:24.577170+00:00,744683125,SIMULATED,597,2435688,FAULT,2,-0.000000,0.00000,7.4000,0.0000,25.00,25.00,0.00000,0.00000,0,520,0,500,0,0,0,0,20,0,520,0,0,0,0,0,0,0,0,600,600,600,100,100,0.00000,0.00000,9.80665,0.000000,0.00000,-0.00000,0.00000,0.00000,9.80665,0.000000,0.000000,0.000000,2,1,0,1,1,1,0,0,0,0
2026-09-21T06:31:24.577206+00:00,744718875,SIMULATED,598,2438092,FAULT,2,-0.000000,0.00000,7.4000,0.0000,25.00,25.00,0.00000,0.00000,0,520,0,500,0,0,0,0,20,0,520,0,0,0,0,0,0,0,0,600,600,600,100,100,0.00000,0.00000,9.80665,0.000000,0.00000,-0.00000,0.00000,0.00000,9.80665,0.000000,0.000000,0.000000,2,1,0,1,1,1,0,0,0,0
2026-09-21T06:31:24.577275+00:00,744788625,SIMULATED,599,2440496,FAULT,2,-0.000000,0.00000,7.4000,0.0000,25.00,25.00,0.00000,0.00000,0,520,0,500,0,0,0,0,20,0,520,0,0,0,0,0,0,0,0,600,600,600,100,100,0.00000,0.00000,9.80665,0.000000,0.00000,-0.00000,0.00000,0.00000,9.80665,0.000000,0.000000,0.000000,2,1,0,1,1,1,0,0,0,0
2026-09-21T06:31:24.577316+00:00,744828583,SIMULATED,600,2442900,FAULT,2,-0.000000,0.00000,7.4000,0.0000,25.00,25.00,0.00000,0.00000,0,520,0,500,0,0,0,0,20,0,520,0,0,0,0,0,0,0,0,600,600,600,100,100,0.00000,0.00000,9.80665,0.000000,0.00000,-0.00000,0.00000,0.00000,9.80665,0.000000,0.000000,0.000000,2,1,0,1,1,1,0,0,0,0
2026-09-21T06:31:24.577351+00:00,744864000,SIMULATED,601,2445304,FAULT,2,-0.000000,0.00000,7.4000,0.0000,25.00,25.00,0.00000,0.00000,0,520,0,500,0,0,0,0,20,0,520,0,0,0,0,0,0,0,0,600,600,600,100,100,0.00000,0.00000,9.80665,0.000000,0.00000,-0.00000,0.00000,0.00000,9.80665,0.000000,0.000000,0.000000,2,1,0,1,1,1,0,0,0,0
2026-09-21T06:31:24.577389+00:00,744902541,SIMULATED,602,2447708,FAULT,2,-0.000000,0.00000,7.4000,0.0000,25.00,25.00,0.00000,0.00000,0,520,0,500,0,0,0,0,20,0,520,0,0,0,0,0,0,0,0,600,600,600,100,100,0.00000,0.00000,9.80665,0.000000,0.00000,-0.00000,0.00000,0.00000,9.80665,0.000000,0.000000,0.000000,2,1,0,1,1,1,0,0,0,0
2026-09-21T06:31:24.577427+00:00,744940333,SIMULATED,603,2450112,FAULT,2,-0.000000,0.00000,7.4000,0.0000,25.00,25.00,0.00000,0.00000,0,520,0,500,0,0,0,0,20,0,520,0,0,0,0,0,0,0,0,600,600,600,100,100,0.00000,0.00000,9.80665,0.000000,0.00000,-0.00000,0.00000,0.00000,9.80665,0.000000,0.000000,0.000000,2,1,0,1,1,1,0,0,0,0
2026-09-21T06:31:24.577463+00:00,744975625,SIMULATED,604,2452516,FAULT,2,-0.000000,0.00000,7.4000,0.0000,25.00,25.00,0.00000,0.00000,0,520,0,500,0,0,0,0,20,0,520,0,0,0,0,0,0,0,0,600,600,600,100,100,0.00000,0.00000,9.80665,0.000000,0.00000,-0.00000,0.00000,0.00000,9.80665,0.000000,0.000000,0.000000,2,1,0,1,1,1,0,0,0,0
2026-09-21T06:31:24.577498+00:00,745010708,SIMULATED,605,2454920,FAULT,2,-0.000000,0.00000,7.4000,0.0000,25.00,25.00,0.00000,0.00000,0,520,0,500,0,0,0,0,20,0,520,0,0,0,0,0,0,0,0,600,600,600,100,100,0.00000,0.00000,9.80665,0.000000,0.00000,-0.00000,0.00000,0.00000,9.80665,0.000000,0.000000,0.000000,2,1,0,1,1,1,0,0,0,0
2026-09-21T06:31:24.577532+00:00,745045541,SIMULATED,606,2457324,FAULT,2,-0.000000,0.00000,7.4000,0.0000,25.00,25.00,0.00000,0.00000,0,520,0,500,0,0,0,0,20,0,520,0,0,0,0,0,0,0,0,600,600,600,100,100,0.00000,0.00000,9.80665,0.000000,0.00000,-0.00000,0.00000,0.00000,9.80665,0.000000,0.000000,0.000000,2,1,0,1,1,1,0,0,0,0
2026-09-21T06:31:24.577567+00:00,745080083,SIMULATED,607,2459728,FAULT,2,-0.000000,0.00000,7.4000,0.0000,25.00,25.00,0.00000,0.00000,0,520,0,500,0,0,0,0,20,0,520,0,0,0,0,0,0,0,0,600,600,600,100,100,0.00000,0.00000,9.80665,0.000000,0.00000,-0.00000,0.00000,0.00000,9.80665,0.000000,0.000000,0.000000,2,1,0,1,1,1,0,0,0,0
2026-09-21T06:31:24.577602+00:00,745114583,SIMULATED,608,2462132,FAULT,2,-0.000000,0.00000,7.4000,0.0000,25.00,25.00,0.00000,0.00000,0,520,0,500,0,0,0,0,20,0,520,0,0,0,0,0,0,0,0,600,600,600,100,100,0.00000,0.00000,9.80665,0.000000,0.00000,-0.00000,0.00000,0.00000,9.80665,0.000000,0.000000,0.000000,2,1,0,1,1,1,0,0,0,0
2026-09-21T06:31:24.577637+00:00,745150583,SIMULATED,609,2464536,FAULT,2,-0.000000,0.00000,7.4000,0.0000,25.00,25.00,0.00000,0.00000,0,520,0,500,0,0,0,0,20,0,520,0,0,0,0,0,0,0,0,600,600,600,100,100,0.00000,0.00000,9.80665,0.000000,0.00000,-0.00000,0.00000,0.00000,9.80665,0.000000,0.000000,0.000000,2,1,0,1,1,1,0,0,0,0
2026-09-21T06:31:24.577675+00:00,745187916,SIMULATED,610,2466940,FAULT,2,-0.000000,0.00000,7.4000,0.0000,25.00,25.00,0.00000,0.00000,0,520,0,500,0,0,0,0,20,0,520,0,0,0,0,0,0,0,0,600,600,600,100,100,0.00000,0.00000,9.80665,0.000000,0.00000,-0.00000,0.00000,0.00000,9.80665,0.000000,0.000000,0.000000,2,1,0,1,1,1,0,0,0,0
2026-09-21T06:31:24.577710+00:00,745222875,SIMULATED,611,2469344,FAULT,2,-0.000000,0.00000,7.4000,0.0000,25.00,25.00,0.00000,0.00000,0,520,0,500,0,0,0,0,20,0,520,0,0,0,0,0,0,0,0,600,600,600,100,100,0.00000,0.00000,9.80665,0.000000,0.00000,-0.00000,0.00000,0.00000,9.80665,0.000000,0.000000,0.000000,2,1,0,1,1,1,0,0,0,0
2026-09-21T06:31:24.577746+00:00,745259583,SIMULATED,612,2471748,FAULT,2,-0.000000,0.00000,7.4000,0.0000,25.00,25.00,0.00000,0.00000,0,520,0,500,0,0,0,0,20,0,520,0,0,0,0,0,0,0,0,600,600,600,100,100,0.00000,0.00000,9.80665,0.000000,0.00000,-0.00000,0.00000,0.00000,9.80665,0.000000,0.000000,0.000000,2,1,0,1,1,1,0,0,0,0
2026-09-21T06:31:24.577781+00:00,745294208,SIMULATED,613,2474152,FAULT,2,-0.000000,0.00000,7.4000,0.0000,25.00,25.00,0.00000,0.00000,0,520,0,500,0,0,0,0,20,0,520,0,0,0,0,0,0,0,0,600,600,600,100,100,0.00000,0.00000,9.80665,0.000000,0.00000,-0.00000,0.00000,0.00000,9.80665,0.000000,0.000000,0.000000,2,1,0,1,1,1,0,0,0,0
2026-09-21T06:31:24.577816+00:00,745328958,SIMULATED,614,2476556,FAULT,2,-0.000000,0.00000,7.4000,0.0000,25.00,25.00,0.00000,0.00000,0,520,0,500,0,0,0,0,20,0,520,0,0,0,0,0,0,0,0,600,600,600,100,100,0.00000,0.00000,9.80665,0.000000,0.00000,-0.00000,0.00000,0.00000,9.80665,0.000000,0.000000,0.000000,2,1,0,1,1,1,0,0,0,0
2026-09-21T06:31:24.577852+00:00,745365208,SIMULATED,615,2478960,FAULT,2,-0.000000,0.00000,7.4000,0.0000,25.00,25.00,0.00000,0.00000,0,520,0,500,0,0,0,0,20,0,520,0,0,0,0,0,0,0,0,600,600,600,100,100,0.00000,0.00000,9.80665,0.000000,0.00000,-0.00000,0.00000,0.00000,9.80665,0.000000,0.000000,0.000000,2,1,0,1,1,1,0,0,0,0
2026-09-21T06:31:24.577887+00:00,745399958,SIMULATED,616,2481364,FAULT,2,-0.000000,0.00000,7.4000,0.0000,25.00,25.00,0.00000,0.00000,0,520,0,500,0,0,0,0,20,0,520,0,0,0,0,0,0,0,0,600,600,600,100,100,0.00000,0.00000,9.80665,0.000000,0.00000,-0.00000,0.00000,0.00000,9.80665,0.000000,0.000000,0.000000,2,1,0,1,1,1,0,0,0,0
2026-09-21T06:31:24.577922+00:00,745435416,SIMULATED,617,2483768,FAULT,2,-0.000000,0.00000,7.4000,0.0000,25.00,25.00,0.00000,0.00000,0,520,0,500,0,0,0,0,20,0,520,0,0,0,0,0,0,0,0,600,600,600,100,100,0.00000,0.00000,9.80665,0.000000,0.00000,-0.00000,0.00000,0.00000,9.80665,0.000000,0.000000,0.000000,2,1,0,1,1,1,0,0,0,0
2026-09-21T06:31:24.577958+00:00,745470750,SIMULATED,618,2486172,FAULT,2,-0.000000,0.00000,7.4000,0.0000,25.00,25.00,0.00000,0.00000,0,520,0,500,0,0,0,0,20,0,520,0,0,0,0,0,0,0,0,600,600,600,100,100,0.00000,0.00000,9.80665,0.000000,0.00000,-0.00000,0.00000,0.00000,9.80665,0.000000,0.000000,0.000000,2,1,0,1,1,1,0,0,0,0
2026-09-21T06:31:24.577992+00:00,745505375,SIMULATED,619,2488576,FAULT,2,-0.000000,0.00000,7.4000,0.0000,25.00,25.00,0.00000,0.00000,0,520,0,500,0,0,0,0,20,0,520,0,0,0,0,0,0,0,0,600,600,600,100,100,0.00000,0.00000,9.80665,0.000000,0.00000,-0.00000,0.00000,0.00000,9.80665,0.000000,0.000000,0.000000,2,1,0,1,1,1,0,0,0,0
2026-09-21T06:31:24.578027+00:00,745540416,SIMULATED,620,2490980,FAULT,2,-0.000000,0.00000,7.4000,0.0000,25.00,25.00,0.00000,0.00000,0,520,0,500,0,0,0,0,20,0,520,0,0,0,0,0,0,0,0,600,600,600,100,100,0.00000,0.00000,9.80665,0.000000,0.00000,-0.00000,0.00000,0.00000,9.80665,0.000000,0.000000,0.000000,2,1,0,1,1,1,0,0,0,0
2026-09-21T06:31:24.578066+00:00,745578583,SIMULATED,621,2493384,FAULT,2,-0.000000,0.00000,7.4000,0.0000,25.00,25.00,0.00000,0.00000,0,520,0,500,0,0,0,0,20,0,520,0,0,0,0,0,0,0,0,600,600,600,100,100,0.00000,0.00000,9.80665,0.000000,0.00000,-0.00000,0.00000,0.00000,9.80665,0.000000,0.000000,0.000000,2,1,0,1,1,1,0,0,0,0
2026-09-21T06:31:24.578105+00:00,745617708,SIMULATED,622,2495788,FAULT,2,-0.000000,0.00000,7.4000,0.0000,25.00,25.00,0.00000,0.00000,0,520,0,500,0,0,0,0,20,0,520,0,0,0,0,0,0,0,0,600,600,600,100,100,0.00000,0.00000,9.80665,0.000000,0.00000,-0.00000,0.00000,0.00000,9.80665,0.000000,0.000000,0.000000,2,1,0,1,1,1,0,0,0,0
2026-09-21T06:31:24.578140+00:00,745653291,SIMULATED,623,2498192,FAULT,2,-0.000000,0.00000,7.4000,0.0000,25.00,25.00,0.00000,0.00000,0,520,0,500,0,0,0,0,20,0,520,0,0,0,0,0,0,0,0,600,600,600,100,100,0.00000,0.00000,9.80665,0.000000,0.00000,-0.00000,0.00000,0.00000,9.80665,0.000000,0.000000,0.000000,2,1,0,1,1,1,0,0,0,0
2026-09-21T06:31:24.578176+00:00,745689166,SIMULATED,624,2500596,FAULT,2,-0.000000,0.00000,7.4000,0.0000,25.00,25.00,0.00000,0.00000,0,520,0,500,0,0,0,0,20,0,520,0,0,0,0,0,0,0,0,600,600,600,100,100,0.00000,0.00000,9.80665,0.000000,0.00000,-0.00000,0.00000,0.00000,9.80665,0.000000,0.000000,0.000000,2,1,0,1,1,1,0,0,0,0
2026-09-21T06:31:24.578213+00:00,745725791,SIMULATED,625,2503000,FAULT,2,-0.000000,0.00000,7.4000,0.0000,25.00,25.00,0.00000,0.00000,0,520,0,500,0,0,0,0,20,0,520,0,0,0,0,0,0,0,0,600,600,600,100,100,0.00000,0.00000,9.80665,0.000000,0.00000,-0.00000,0.00000,0.00000,9.80665,0.000000,0.000000,0.000000,2,1,0,1,1,1,0,0,0,0
2026-09-21T06:31:24.578247+00:00,745760500,SIMULATED,626,2505404,FAULT,2,-0.000000,0.00000,7.4000,0.0000,25.00,25.00,0.00000,0.00000,0,520,0,500,0,0,0,0,20,0,520,0,0,0,0,0,0,0,0,600,600,600,100,100,0.00000,0.00000,9.80665,0.000000,0.00000,-0.00000,0.00000,0.00000,9.80665,0.000000,0.000000,0.000000,2,1,0,1,1,1,0,0,0,0
2026-09-21T06:31:24.578287+00:00,745799791,SIMULATED,627,2507808,FAULT,2,-0.000000,0.00000,7.4000,0.0000,25.00,25.00,0.00000,0.00000,0,520,0,500,0,0,0,0,20,0,520,0,0,0,0,0,0,0,0,600,600,600,100,100,0.00000,0.00000,9.80665,0.000000,0.00000,-0.00000,0.00000,0.00000,9.80665,0.000000,0.000000,0.000000,2,1,0,1,1,1,0,0,0,0
2026-09-21T06:31:24.578326+00:00,745838666,SIMULATED,628,2510212,FAULT,2,-0.000000,0.00000,7.4000,0.0000,25.00,25.00,0.00000,0.00000,0,520,0,500,0,0,0,0,20,0,520,0,0,0,0,0,0,0,0,600,600,600,100,100,0.00000,0.00000,9.80665,0.000000,0.00000,-0.00000,0.00000,0.00000,9.80665,0.000000,0.000000,0.000000,2,1,0,1,1,1,0,0,0,0
2026-09-21T06:31:24.578360+00:00,745873250,SIMULATED,629,2512616,FAULT,2,-0.000000,0.00000,7.4000,0.0000,25.00,25.00,0.00000,0.00000,0,520,0,500,0,0,0,0,20,0,520,0,0,0,0,0,0,0,0,600,600,600,100,100,0.00000,0.00000,9.80665,0.000000,0.00000,-0.00000,0.00000,0.00000,9.80665,0.000000,0.000000,0.000000,2,1,0,1,1,1,0,0,0,0
2026-09-21T06:31:24.578395+00:00,745908500,SIMULATED,630,2515020,FAULT,2,-0.000000,0.00000,7.4000,0.0000,25.00,25.00,0.00000,0.00000,0,520,0,500,0,0,0,0,20,0,520,0,0,0,0,0,0,0,0,600,600,600,100,100,0.00000,0.00000,9.80665,0.000000,0.00000,-0.00000,0.00000,0.00000,9.80665,0.000000,0.000000,0.000000,2,1,0,1,1,1,0,0,0,0
2026-09-21T06:31:24.578431+00:00,745943625,SIMULATED,631,2517424,FAULT,2,-0.000000,0.00000,7.4000,0.0000,25.00,25.00,0.00000,0.00000,0,520,0,500,0,0,0,0,20,0,520,0,0,0,0,0,0,0,0,600,600,600,100,100,0.00000,0.00000,9.80665,0.000000,0.00000,-0.00000,0.00000,0.00000,9.80665,0.000000,0.000000,0.000000,2,1,0,1,1,1,0,0,0,0
2026-09-21T06:31:24.578469+00:00,745982125,SIMULATED,632,2519828,FAULT,2,-0.000000,0.00000,7.4000,0.0000,25.00,25.00,0.00000,0.00000,0,520,0,500,0,0,0,0,20,0,520,0,0,0,0,0,0,0,0,600,600,600,100,100,0.00000,0.00000,9.80665,0.000000,0.00000,-0.00000,0.00000,0.00000,9.80665,0.000000,0.000000,0.000000,2,1,0,1,1,1,0,0,0,0
2026-09-21T06:31:24.578505+00:00,746018500,SIMULATED,633,2522232,FAULT,2,-0.000000,0.00000,7.4000,0.0000,25.00,25.00,0.00000,0.00000,0,520,0,500,0,0,0,0,20,0,520,0,0,0,0,0,0,0,0,600,600,600,100,100,0.00000,0.00000,9.80665,0.000000,0.00000,-0.00000,0.00000,0.00000,9.80665,0.000000,0.000000,0.000000,2,1,0,1,1,1,0,0,0,0
2026-09-21T06:31:24.578541+00:00,746054250,SIMULATED,634,2524636,FAULT,2,-0.000000,0.00000,7.4000,0.0000,25.00,25.00,0.00000,0.00000,0,520,0,500,0,0,0,0,20,0,520,0,0,0,0,0,0,0,0,600,600,600,100,100,0.00000,0.00000,9.80665,0.000000,0.00000,-0.00000,0.00000,0.00000,9.80665,0.000000,0.000000,0.000000,2,1,0,1,1,1,0,0,0,0
2026-09-21T06:31:24.578578+00:00,746091416,SIMULATED,635,2527040,FAULT,2,-0.000000,0.00000,7.4000,0.0000,25.00,25.00,0.00000,0.00000,0,520,0,500,0,0,0,0,20,0,520,0,0,0,0,0,0,0,0,600,600,600,100,100,0.00000,0.00000,9.80665,0.000000,0.00000,-0.00000,0.00000,0.00000,9.80665,0.000000,0.000000,0.000000,2,1,0,1,1,1,0,0,0,0
2026-09-21T06:31:24.578613+00:00,746126333,SIMULATED,636,2529444,FAULT,2,-0.000000,0.00000,7.4000,0.0000,25.00,25.00,0.00000,0.00000,0,520,0,500,0,0,0,0,20,0,520,0,0,0,0,0,0,0,0,600,600,600,100,100,0.00000,0.00000,9.80665,0.000000,0.00000,-0.00000,0.00000,0.00000,9.80665,0.000000,0.000000,0.000000,2,1,0,1,1,1,0,0,0,0
2026-09-21T06:31:24.578648+00:00,746160875,SIMULATED,637,2531848,FAULT,2,-0.000000,0.00000,7.4000,0.0000,25.00,25.00,0.00000,0.00000,0,520,0,500,0,0,0,0,20,0,520,0,0,0,0,0,0,0,0,600,600,600,100,100,0.00000,0.00000,9.80665,0.000000,0.00000,-0.00000,0.00000,0.00000,9.80665,0.000000,0.000000,0.000000,2,1,0,1,1,1,0,0,0,0
2026-09-21T06:31:24.578683+00:00,746196250,SIMULATED,638,2534252,FAULT,2,-0.000000,0.00000,7.4000,0.0000,25.00,25.00,0.00000,0.00000,0,520,0,500,0,0,0,0,20,0,520,0,0,0,0,0,0,0,0,600,600,600,100,100,0.00000,0.00000,9.80665,0.000000,0.00000,-0.00000,0.00000,0.00000,9.80665,0.000000,0.000000,0.000000,2,1,0,1,1,1,0,0,0,0
2026-09-21T06:31:24.578719+00:00,746232500,SIMULATED,639,2536656,FAULT,2,-0.000000,0.00000,7.4000,0.0000,25.00,25.00,0.00000,0.00000,0,520,0,500,0,0,0,0,20,0,520,0,0,0,0,0,0,0,0,600,600,600,100,100,0.00000,0.00000,9.80665,0.000000,0.00000,-0.00000,0.00000,0.00000,9.80665,0.000000,0.000000,0.000000,2,1,0,1,1,1,0,0,0,0
2026-09-21T06:31:24.578755+00:00,746267875,SIMULATED,640,2539060,FAULT,2,-0.000000,0.00000,7.4000,0.0000,25.00,25.00,0.00000,0.00000,0,520,0,500,0,0,0,0,20,0,520,0,0,0,0,0,0,0,0,600,600,600,100,100,0.00000,0.00000,9.80665,0.000000,0.00000,-0.00000,0.00000,0.00000,9.80665,0.000000,0.000000,0.000000,2,1,0,1,1,1,0,0,0,0
2026-09-21T06:31:24.578789+00:00,746302458,SIMULATED,641,2541464,FAULT,2,-0.000000,0.00000,7.4000,0.0000,25.00,25.00,0.00000,0.00000,0,520,0,500,0,0,0,0,20,0,520,0,0,0,0,0,0,0,0,600,600,600,100,100,0.00000,0.00000,9.80665,0.000000,0.00000,-0.00000,0.00000,0.00000,9.80665,0.000000,0.000000,0.000000,2,1,0,1,1,1,0,0,0,0
2026-09-21T06:31:24.578827+00:00,746339916,SIMULATED,642,2543868,FAULT,2,-0.000000,0.00000,7.4000,0.0000,25.00,25.00,0.00000,0.00000,0,520,0,500,0,0,0,0,20,0,520,0,0,0,0,0,0,0,0,600,600,600,100,100,0.00000,0.00000,9.80665,0.000000,0.00000,-0.00000,0.00000,0.00000,9.80665,0.000000,0.000000,0.000000,2,1,0,1,1,1,0,0,0,0
2026-09-21T06:31:24.578862+00:00,746374791,SIMULATED,643,2546272,FAULT,2,-0.000000,0.00000,7.4000,0.0000,25.00,25.00,0.00000,0.00000,0,520,0,500,0,0,0,0,20,0,520,0,0,0,0,0,0,0,0,600,600,600,100,100,0.00000,0.00000,9.80665,0.000000,0.00000,-0.00000,0.00000,0.00000,9.80665,0.000000,0.000000,0.000000,2,1,0,1,1,1,0,0,0,0
2026-09-21T06:31:24.578896+00:00,746409333,SIMULATED,644,2548676,FAULT,2,-0.000000,0.00000,7.4000,0.0000,25.00,25.00,0.00000,0.00000,0,520,0,500,0,0,0,0,20,0,520,0,0,0,0,0,0,0,0,600,600,600,100,100,0.00000,0.00000,9.80665,0.000000,0.00000,-0.00000,0.00000,0.00000,9.80665,0.000000,0.000000,0.000000,2,1,0,1,1,1,0,0,0,0
2026-09-21T06:31:24.578932+00:00,746445416,SIMULATED,645,2551080,FAULT,2,-0.000000,0.00000,7.4000,0.0000,25.00,25.00,0.00000,0.00000,0,520,0,500,0,0,0,0,20,0,520,0,0,0,0,0,0,0,0,600,600,600,100,100,0.00000,0.00000,9.80665,0.000000,0.00000,-0.00000,0.00000,0.00000,9.80665,0.000000,0.000000,0.000000,2,1,0,1,1,1,0,0,0,0
2026-09-21T06:31:24.578967+00:00,746480291,SIMULATED,646,2553484,FAULT,2,-0.000000,0.00000,7.4000,0.0000,25.00,25.00,0.00000,0.00000,0,520,0,500,0,0,0,0,20,0,520,0,0,0,0,0,0,0,0,600,600,600,100,100,0.00000,0.00000,9.80665,0.000000,0.00000,-0.00000,0.00000,0.00000,9.80665,0.000000,0.000000,0.000000,2,1,0,1,1,1,0,0,0,0
2026-09-21T06:31:24.579002+00:00,746515083,SIMULATED,647,2555888,FAULT,2,-0.000000,0.00000,7.4000,0.0000,25.00,25.00,0.00000,0.00000,0,520,0,500,0,0,0,0,20,0,520,0,0,0,0,0,0,0,0,600,600,600,100,100,0.00000,0.00000,9.80665,0.000000,0.00000,-0.00000,0.00000,0.00000,9.80665,0.000000,0.000000,0.000000,2,1,0,1,1,1,0,0,0,0
2026-09-21T06:31:24.579044+00:00,746556791,SIMULATED,648,2558292,FAULT,2,-0.000000,0.00000,7.4000,0.0000,25.00,25.00,0.00000,0.00000,0,520,0,500,0,0,0,0,20,0,520,0,0,0,0,0,0,0,0,600,600,600,100,100,0.00000,0.00000,9.80665,0.000000,0.00000,-0.00000,0.00000,0.00000,9.80665,0.000000,0.000000,0.000000,2,1,0,1,1,1,0,0,0,0
2026-09-21T06:31:24.579080+00:00,746593375,SIMULATED,649,2560696,FAULT,2,-0.000000,0.00000,7.4000,0.0000,25.00,25.00,0.00000,0.00000,0,520,0,500,0,0,0,0,20,0,520,0,0,0,0,0,0,0,0,600,600,600,100,100,0.00000,0.00000,9.80665,0.000000,0.00000,-0.00000,0.00000,0.00000,9.80665,0.000000,0.000000,0.000000,2,1,0,1,1,1,0,0,0,0
2026-09-21T06:31:24.579115+00:00,746628041,SIMULATED,650,2563100,FAULT,2,-0.000000,0.00000,7.4000,0.0000,25.00,25.00,0.00000,0.00000,0,520,0,500,0,0,0,0,20,0,520,0,0,0,0,0,0,0,0,600,600,600,100,100,0.00000,0.00000,9.80665,0.000000,0.00000,-0.00000,0.00000,0.00000,9.80665,0.000000,0.000000,0.000000,2,1,0,1,1,1,0,0,0,0
2026-09-21T06:31:24.579151+00:00,746663791,SIMULATED,651,2565504,FAULT,2,-0.000000,0.00000,7.4000,0.0000,25.00,25.00,0.00000,0.00000,0,520,0,500,0,0,0,0,20,0,520,0,0,0,0,0,0,0,0,600,600,600,100,100,0.00000,0.00000,9.80665,0.000000,0.00000,-0.00000,0.00000,0.00000,9.80665,0.000000,0.000000,0.000000,2,1,0,1,1,1,0,0,0,0
2026-09-21T06:31:24.579187+00:00,746699750,SIMULATED,652,2567908,FAULT,2,-0.000000,0.00000,7.4000,0.0000,25.00,25.00,0.00000,0.00000,0,520,0,500,0,0,0,0,20,0,520,0,0,0,0,0,0,0,0,600,600,600,100,100,0.00000,0.00000,9.80665,0.000000,0.00000,-0.00000,0.00000,0.00000,9.80665,0.000000,0.000000,0.000000,2,1,0,1,1,1,0,0,0,0
2026-09-21T06:31:24.579224+00:00,746736666,SIMULATED,653,2570312,FAULT,2,-0.000000,0.00000,7.4000,0.0000,25.00,25.00,0.00000,0.00000,0,520,0,500,0,0,0,0,20,0,520,0,0,0,0,0,0,0,0,600,600,600,100,100,0.00000,0.00000,9.80665,0.000000,0.00000,-0.00000,0.00000,0.00000,9.80665,0.000000,0.000000,0.000000,2,1,0,1,1,1,0,0,0,0
2026-09-21T06:31:24.579259+00:00,746771583,SIMULATED,654,2572716,FAULT,2,-0.000000,0.00000,7.4000,0.0000,25.00,25.00,0.00000,0.00000,0,520,0,500,0,0,0,0,20,0,520,0,0,0,0,0,0,0,0,600,600,600,100,100,0.00000,0.00000,9.80665,0.000000,0.00000,-0.00000,0.00000,0.00000,9.80665,0.000000,0.000000,0.000000,2,1,0,1,1,1,0,0,0,0
2026-09-21T06:31:24.579294+00:00,746806583,SIMULATED,655,2575120,FAULT,2,-0.000000,0.00000,7.4000,0.0000,25.00,25.00,0.00000,0.00000,0,520,0,500,0,0,0,0,20,0,520,0,0,0,0,0,0,0,0,600,600,600,100,100,0.00000,0.00000,9.80665,0.000000,0.00000,-0.00000,0.00000,0.00000,9.80665,0.000000,0.000000,0.000000,2,1,0,1,1,1,0,0,0,0
2026-09-21T06:31:24.579328+00:00,746841291,SIMULATED,656,2577524,FAULT,2,-0.000000,0.00000,7.4000,0.0000,25.00,25.00,0.00000,0.00000,0,520,0,500,0,0,0,0,20,0,520,0,0,0,0,0,0,0,0,600,600,600,100,100,0.00000,0.00000,9.80665,0.000000,0.00000,-0.00000,0.00000,0.00000,9.80665,0.000000,0.000000,0.000000,2,1,0,1,1,1,0,0,0,0
2026-09-21T06:31:24.579367+00:00,746880166,SIMULATED,657,2579928,FAULT,2,-0.000000,0.00000,7.4000,0.0000,25.00,25.00,0.00000,0.00000,0,520,0,500,0,0,0,0,20,0,520,0,0,0,0,0,0,0,0,600,600,600,100,100,0.00000,0.00000,9.80665,0.000000,0.00000,-0.00000,0.00000,0.00000,9.80665,0.000000,0.000000,0.000000,2,1,0,1,1,1,0,0,0,0
2026-09-21T06:31:24.579402+00:00,746915541,SIMULATED,658,2582332,FAULT,2,-0.000000,0.00000,7.4000,0.0000,25.00,25.00,0.00000,0.00000,0,520,0,500,0,0,0,0,20,0,520,0,0,0,0,0,0,0,0,600,600,600,100,100,0.00000,0.00000,9.80665,0.000000,0.00000,-0.00000,0.00000,0.00000,9.80665,0.000000,0.000000,0.000000,2,1,0,1,1,1,0,0,0,0
2026-09-21T06:31:24.579437+00:00,746950458,SIMULATED,659,2584736,FAULT,2,-0.000000,0.00000,7.4000,0.0000,25.00,25.00,0.00000,0.00000,0,520,0,500,0,0,0,0,20,0,520,0,0,0,0,0,0,0,0,600,600,600,100,100,0.00000,0.00000,9.80665,0.000000,0.00000,-0.00000,0.00000,0.00000,9.80665,0.000000,0.000000,0.000000,2,1,0,1,1,1,0,0,0,0
2026-09-21T06:31:24.579472+00:00,746984958,SIMULATED,660,2587140,FAULT,2,-0.000000,0.00000,7.4000,0.0000,25.00,25.00,0.00000,0.00000,0,520,0,500,0,0,0,0,20,0,520,0,0,0,0,0,0,0,0,600,600,600,100,100,0.00000,0.00000,9.80665,0.000000,0.00000,-0.00000,0.00000,0.00000,9.80665,0.000000,0.000000,0.000000,2,1,0,1,1,1,0,0,0,0
2026-09-21T06:31:24.579509+00:00,747022458,SIMULATED,661,2589544,FAULT,2,-0.000000,0.00000,7.4000,0.0000,25.00,25.00,0.00000,0.00000,0,520,0,500,0,0,0,0,20,0,520,0,0,0,0,0,0,0,0,600,600,600,100,100,0.00000,0.00000,9.80665,0.000000,0.00000,-0.00000,0.00000,0.00000,9.80665,0.000000,0.000000,0.000000,2,1,0,1,1,1,0,0,0,0
2026-09-21T06:31:24.579544+00:00,747056708,SIMULATED,662,2591948,FAULT,2,-0.000000,0.00000,7.4000,0.0000,25.00,25.00,0.00000,0.00000,0,520,0,500,0,0,0,0,20,0,520,0,0,0,0,0,0,0,0,600,600,600,100,100,0.00000,0.00000,9.80665,0.000000,0.00000,-0.00000,0.00000,0.00000,9.80665,0.000000,0.000000,0.000000,2,1,0,1,1,1,0,0,0,0
2026-09-21T06:31:24.579582+00:00,747094916,SIMULATED,663,2594352,FAULT,2,-0.000000,0.00000,7.4000,0.0000,25.00,25.00,0.00000,0.00000,0,520,0,500,0,0,0,0,20,0,520,0,0,0,0,0,0,0,0,600,600,600,100,100,0.00000,0.00000,9.80665,0.000000,0.00000,-0.00000,0.00000,0.00000,9.80665,0.000000,0.000000,0.000000,2,1,0,1,1,1,0,0,0,0
2026-09-21T06:31:24.579616+00:00,747129416,SIMULATED,664,2596756,FAULT,2,-0.000000,0.00000,7.4000,0.0000,25.00,25.00,0.00000,0.00000,0,520,0,500,0,0,0,0,20,0,520,0,0,0,0,0,0,0,0,600,600,600,100,100,0.00000,0.00000,9.80665,0.000000,0.00000,-0.00000,0.00000,0.00000,9.80665,0.000000,0.000000,0.000000,2,1,0,1,1,1,0,0,0,0
2026-09-21T06:31:24.579651+00:00,747163833,SIMULATED,665,2599160,FAULT,2,-0.000000,0.00000,7.4000,0.0000,25.00,25.00,0.00000,0.00000,0,520,0,500,0,0,0,0,20,0,520,0,0,0,0,0,0,0,0,600,600,600,100,100,0.00000,0.00000,9.80665,0.000000,0.00000,-0.00000,0.00000,0.00000,9.80665,0.000000,0.000000,0.000000,2,1,0,1,1,1,0,0,0,0
2026-09-21T06:31:24.579687+00:00,747200500,SIMULATED,666,2601564,FAULT,2,-0.000000,0.00000,7.4000,0.0000,25.00,25.00,0.00000,0.00000,0,520,0,500,0,0,0,0,20,0,520,0,0,0,0,0,0,0,0,600,600,600,100,100,0.00000,0.00000,9.80665,0.000000,0.00000,-0.00000,0.00000,0.00000,9.80665,0.000000,0.000000,0.000000,2,1,0,1,1,1,0,0,0,0
2026-09-21T06:31:24.579722+00:00,747235250,SIMULATED,667,2603968,FAULT,2,-0.000000,0.00000,7.4000,0.0000,25.00,25.00,0.00000,0.00000,0,520,0,500,0,0,0,0,20,0,520,0,0,0,0,0,0,0,0,600,600,600,100,100,0.00000,0.00000,9.80665,0.000000,0.00000,-0.00000,0.00000,0.00000,9.80665,0.000000,0.000000,0.000000,2,1,0,1,1,1,0,0,0,0
2026-09-21T06:31:24.579757+00:00,747269916,SIMULATED,668,2606372,FAULT,2,-0.000000,0.00000,7.4000,0.0000,25.00,25.00,0.00000,0.00000,0,520,0,500,0,0,0,0,20,0,520,0,0,0,0,0,0,0,0,600,600,600,100,100,0.00000,0.00000,9.80665,0.000000,0.00000,-0.00000,0.00000,0.00000,9.80665,0.000000,0.000000,0.000000,2,1,0,1,1,1,0,0,0,0
2026-09-21T06:31:24.579794+00:00,747306708,SIMULATED,669,2608776,FAULT,2,-0.000000,0.00000,7.4000,0.0000,25.00,25.00,0.00000,0.00000,0,520,0,500,0,0,0,0,20,0,520,0,0,0,0,0,0,0,0,600,600,600,100,100,0.00000,0.00000,9.80665,0.000000,0.00000,-0.00000,0.00000,0.00000,9.80665,0.000000,0.000000,0.000000,2,1,0,1,1,1,0,0,0,0
2026-09-21T06:31:24.579828+00:00,747341500,SIMULATED,670,2611180,FAULT,2,-0.000000,0.00000,7.4000,0.0000,25.00,25.00,0.00000,0.00000,0,520,0,500,0,0,0,0,20,0,520,0,0,0,0,0,0,0,0,600,600,600,100,100,0.00000,0.00000,9.80665,0.000000,0.00000,-0.00000,0.00000,0.00000,9.80665,0.000000,0.000000,0.000000,2,1,0,1,1,1,0,0,0,0
2026-09-21T06:31:24.579864+00:00,747376583,SIMULATED,671,2613584,FAULT,2,-0.000000,0.00000,7.4000,0.0000,25.00,25.00,0.00000,0.00000,0,520,0,500,0,0,0,0,20,0,520,0,0,0,0,0,0,0,0,600,600,600,100,100,0.00000,0.00000,9.80665,0.000000,0.00000,-0.00000,0.00000,0.00000,9.80665,0.000000,0.000000,0.000000,2,1,0,1,1,1,0,0,0,0
2026-09-21T06:31:24.579898+00:00,747411083,SIMULATED,672,2615988,FAULT,2,-0.000000,0.00000,7.4000,0.0000,25.00,25.00,0.00000,0.00000,0,520,0,500,0,0,0,0,20,0,520,0,0,0,0,0,0,0,0,600,600,600,100,100,0.00000,0.00000,9.80665,0.000000,0.00000,-0.00000,0.00000,0.00000,9.80665,0.000000,0.000000,0.000000,2,1,0,1,1,1,0,0,0,0
2026-09-21T06:31:24.579935+00:00,747447750,SIMULATED,673,2618392,FAULT,2,-0.000000,0.00000,7.4000,0.0000,25.00,25.00,0.00000,0.00000,0,520,0,500,0,0,0,0,20,0,520,0,0,0,0,0,0,0,0,600,600,600,100,100,0.00000,0.00000,9.80665,0.000000,0.00000,-0.00000,0.00000,0.00000,9.80665,0.000000,0.000000,0.000000,2,1,0,1,1,1,0,0,0,0
2026-09-21T06:31:24.579972+00:00,747484750,SIMULATED,674,2620796,FAULT,2,-0.000000,0.00000,7.4000,0.0000,25.00,25.00,0.00000,0.00000,0,520,0,500,0,0,0,0,20,0,520,0,0,0,0,0,0,0,0,600,600,600,100,100,0.00000,0.00000,9.80665,0.000000,0.00000,-0.00000,0.00000,0.00000,9.80665,0.000000,0.000000,0.000000,2,1,0,1,1,1,0,0,0,0
2026-09-21T06:31:24.580008+00:00,747520625,SIMULATED,675,2623200,FAULT,2,-0.000000,0.00000,7.4000,0.0000,25.00,25.00,0.00000,0.00000,0,520,0,500,0,0,0,0,20,0,520,0,0,0,0,0,0,0,0,600,600,600,100,100,0.00000,0.00000,9.80665,0.000000,0.00000,-0.00000,0.00000,0.00000,9.80665,0.000000,0.000000,0.000000,2,1,0,1,1,1,0,0,0,0
2026-09-21T06:31:24.580043+00:00,747555583,SIMULATED,676,2625604,FAULT,2,-0.000000,0.00000,7.4000,0.0000,25.00,25.00,0.00000,0.00000,0,520,0,500,0,0,0,0,20,0,520,0,0,0,0,0,0,0,0,600,600,600,100,100,0.00000,0.00000,9.80665,0.000000,0.00000,-0.00000,0.00000,0.00000,9.80665,0.000000,0.000000,0.000000,2,1,0,1,1,1,0,0,0,0
2026-09-21T06:31:24.580078+00:00,747590916,SIMULATED,677,2628008,FAULT,2,-0.000000,0.00000,7.4000,0.0000,25.00,25.00,0.00000,0.00000,0,520,0,500,0,0,0,0,20,0,520,0,0,0,0,0,0,0,0,600,600,600,100,100,0.00000,0.00000,9.80665,0.000000,0.00000,-0.00000,0.00000,0.00000,9.80665,0.000000,0.000000,0.000000,2,1,0,1,1,1,0,0,0,0
2026-09-21T06:31:24.580113+00:00,747625791,SIMULATED,678,2630412,FAULT,2,-0.000000,0.00000,7.4000,0.0000,25.00,25.00,0.00000,0.00000,0,520,0,500,0,0,0,0,20,0,520,0,0,0,0,0,0,0,0,600,600,600,100,100,0.00000,0.00000,9.80665,0.000000,0.00000,-0.00000,0.00000,0.00000,9.80665,0.000000,0.000000,0.000000,2,1,0,1,1,1,0,0,0,0
2026-09-21T06:31:24.580148+00:00,747660625,SIMULATED,679,2632816,FAULT,2,-0.000000,0.00000,7.4000,0.0000,25.00,25.00,0.00000,0.00000,0,520,0,500,0,0,0,0,20,0,520,0,0,0,0,0,0,0,0,600,600,600,100,100,0.00000,0.00000,9.80665,0.000000,0.00000,-0.00000,0.00000,0.00000,9.80665,0.000000,0.000000,0.000000,2,1,0,1,1,1,0,0,0,0
2026-09-21T06:31:24.580182+00:00,747695041,SIMULATED,680,2635220,FAULT,2,-0.000000,0.00000,7.4000,0.0000,25.00,25.00,0.00000,0.00000,0,520,0,500,0,0,0,0,20,0,520,0,0,0,0,0,0,0,0,600,600,600,100,100,0.00000,0.00000,9.80665,0.000000,0.00000,-0.00000,0.00000,0.00000,9.80665,0.000000,0.000000,0.000000,2,1,0,1,1,1,0,0,0,0
2026-09-21T06:31:24.580218+00:00,747730541,SIMULATED,681,2637624,FAULT,2,-0.000000,0.00000,7.4000,0.0000,25.00,25.00,0.00000,0.00000,0,520,0,500,0,0,0,0,20,0,520,0,0,0,0,0,0,0,0,600,600,600,100,100,0.00000,0.00000,9.80665,0.000000,0.00000,-0.00000,0.00000,0.00000,9.80665,0.000000,0.000000,0.000000,2,1,0,1,1,1,0,0,0,0
2026-09-21T06:31:24.580252+00:00,747764958,SIMULATED,682,2640028,FAULT,2,-0.000000,0.00000,7.4000,0.0000,25.00,25.00,0.00000,0.00000,0,520,0,500,0,0,0,0,20,0,520,0,0,0,0,0,0,0,0,600,600,600,100,100,0.00000,0.00000,9.80665,0.000000,0.00000,-0.00000,0.00000,0.00000,9.80665,0.000000,0.000000,0.000000,2,1,0,1,1,1,0,0,0,0
2026-09-21T06:31:24.580289+00:00,747802083,SIMULATED,683,2642432,FAULT,2,-0.000000,0.00000,7.4000,0.0000,25.00,25.00,0.00000,0.00000,0,520,0,500,0,0,0,0,20,0,520,0,0,0,0,0,0,0,0,600,600,600,100,100,0.00000,0.00000,9.80665,0.000000,0.00000,-0.00000,0.00000,0.00000,9.80665,0.000000,0.000000,0.000000,2,1,0,1,1,1,0,0,0,0
2026-09-21T06:31:24.580324+00:00,747837458,SIMULATED,684,2644836,FAULT,2,-0.000000,0.00000,7.4000,0.0000,25.00,25.00,0.00000,0.00000,0,520,0,500,0,0,0,0,20,0,520,0,0,0,0,0,0,0,0,600,600,600,100,100,0.00000,0.00000,9.80665,0.000000,0.00000,-0.00000,0.00000,0.00000,9.80665,0.000000,0.000000,0.000000,2,1,0,1,1,1,0,0,0,0
2026-09-21T06:31:24.580359+00:00,747872041,SIMULATED,685,2647240,FAULT,2,-0.000000,0.00000,7.4000,0.0000,25.00,25.00,0.00000,0.00000,0,520,0,500,0,0,0,0,20,0,520,0,0,0,0,0,0,0,0,600,600,600,100,100,0.00000,0.00000,9.80665,0.000000,0.00000,-0.00000,0.00000,0.00000,9.80665,0.000000,0.000000,0.000000,2,1,0,1,1,1,0,0,0,0
2026-09-21T06:31:24.580396+00:00,747908916,SIMULATED,686,2649644,FAULT,2,-0.000000,0.00000,7.4000,0.0000,25.00,25.00,0.00000,0.00000,0,520,0,500,0,0,0,0,20,0,520,0,0,0,0,0,0,0,0,600,600,600,100,100,0.00000,0.00000,9.80665,0.000000,0.00000,-0.00000,0.00000,0.00000,9.80665,0.000000,0.000000,0.000000,2,1,0,1,1,1,0,0,0,0
2026-09-21T06:31:24.580522+00:00,748035083,SIMULATED,687,2652048,FAULT,2,-0.000000,0.00000,7.4000,0.0000,25.00,25.00,0.00000,0.00000,0,520,0,500,0,0,0,0,20,0,520,0,0,0,0,0,0,0,0,600,600,600,100,100,0.00000,0.00000,9.80665,0.000000,0.00000,-0.00000,0.00000,0.00000,9.80665,0.000000,0.000000,0.000000,2,1,0,1,1,1,0,0,0,0
2026-09-21T06:31:24.580562+00:00,748074666,SIMULATED,688,2654452,FAULT,2,-0.000000,0.00000,7.4000,0.0000,25.00,25.00,0.00000,0.00000,0,520,0,500,0,0,0,0,20,0,520,0,0,0,0,0,0,0,0,600,600,600,100,100,0.00000,0.00000,9.80665,0.000000,0.00000,-0.00000,0.00000,0.00000,9.80665,0.000000,0.000000,0.000000,2,1,0,1,1,1,0,0,0,0
2026-09-21T06:31:24.580598+00:00,748110583,SIMULATED,689,2656856,FAULT,2,-0.000000,0.00000,7.4000,0.0000,25.00,25.00,0.00000,0.00000,0,520,0,500,0,0,0,0,20,0,520,0,0,0,0,0,0,0,0,600,600,600,100,100,0.00000,0.00000,9.80665,0.000000,0.00000,-0.00000,0.00000,0.00000,9.80665,0.000000,0.000000,0.000000,2,1,0,1,1,1,0,0,0,0
2026-09-21T06:31:24.580633+00:00,748146375,SIMULATED,690,2659260,FAULT,2,-0.000000,0.00000,7.4000,0.0000,25.00,25.00,0.00000,0.00000,0,520,0,500,0,0,0,0,20,0,520,0,0,0,0,0,0,0,0,600,600,600,100,100,0.00000,0.00000,9.80665,0.000000,0.00000,-0.00000,0.00000,0.00000,9.80665,0.000000,0.000000,0.000000,2,1,0,1,1,1,0,0,0,0
2026-09-21T06:31:24.580669+00:00,748182500,SIMULATED,691,2661664,FAULT,2,-0.000000,0.00000,7.4000,0.0000,25.00,25.00,0.00000,0.00000,0,520,0,500,0,0,0,0,20,0,520,0,0,0,0,0,0,0,0,600,600,600,100,100,0.00000,0.00000,9.80665,0.000000,0.00000,-0.00000,0.00000,0.00000,9.80665,0.000000,0.000000,0.000000,2,1,0,1,1,1,0,0,0,0
2026-09-21T06:31:24.580705+00:00,748218041,SIMULATED,692,2664068,FAULT,2,-0.000000,0.00000,7.4000,0.0000,25.00,25.00,0.00000,0.00000,0,520,0,500,0,0,0,0,20,0,520,0,0,0,0,0,0,0,0,600,600,600,100,100,0.00000,0.00000,9.80665,0.000000,0.00000,-0.00000,0.00000,0.00000,9.80665,0.000000,0.000000,0.000000,2,1,0,1,1,1,0,0,0,0
2026-09-21T06:31:24.580745+00:00,748258375,SIMULATED,693,2666472,FAULT,2,-0.000000,0.00000,7.4000,0.0000,25.00,25.00,0.00000,0.00000,0,520,0,500,0,0,0,0,20,0,520,0,0,0,0,0,0,0,0,600,600,600,100,100,0.00000,0.00000,9.80665,0.000000,0.00000,-0.00000,0.00000,0.00000,9.80665,0.000000,0.000000,0.000000,2,1,0,1,1,1,0,0,0,0
2026-09-21T06:31:24.580781+00:00,748294083,SIMULATED,694,2668876,FAULT,2,-0.000000,0.00000,7.4000,0.0000,25.00,25.00,0.00000,0.00000,0,520,0,500,0,0,0,0,20,0,520,0,0,0,0,0,0,0,0,600,600,600,100,100,0.00000,0.00000,9.80665,0.000000,0.00000,-0.00000,0.00000,0.00000,9.80665,0.000000,0.000000,0.000000,2,1,0,1,1,1,0,0,0,0
2026-09-21T06:31:24.580817+00:00,748329791,SIMULATED,695,2671280,FAULT,2,-0.000000,0.00000,7.4000,0.0000,25.00,25.00,0.00000,0.00000,0,520,0,500,0,0,0,0,20,0,520,0,0,0,0,0,0,0,0,600,600,600,100,100,0.00000,0.00000,9.80665,0.000000,0.00000,-0.00000,0.00000,0.00000,9.80665,0.000000,0.000000,0.000000,2,1,0,1,1,1,0,0,0,0
2026-09-21T06:31:24.580853+00:00,748366041,SIMULATED,696,2673684,FAULT,2,-0.000000,0.00000,7.4000,0.0000,25.00,25.00,0.00000,0.00000,0,520,0,500,0,0,0,0,20,0,520,0,0,0,0,0,0,0,0,600,600,600,100,100,0.00000,0.00000,9.80665,0.000000,0.00000,-0.00000,0.00000,0.00000,9.80665,0.000000,0.000000,0.000000,2,1,0,1,1,1,0,0,0,0
2026-09-21T06:31:24.580890+00:00,748403541,SIMULATED,697,2676088,FAULT,2,-0.000000,0.00000,7.4000,0.0000,25.00,25.00,0.00000,0.00000,0,520,0,500,0,0,0,0,20,0,520,0,0,0,0,0,0,0,0,600,600,600,100,100,0.00000,0.00000,9.80665,0.000000,0.00000,-0.00000,0.00000,0.00000,9.80665,0.000000,0.000000,0.000000,2,1,0,1,1,1,0,0,0,0
2026-09-21T06:31:24.580926+00:00,748438708,SIMULATED,698,2678492,FAULT,2,-0.000000,0.00000,7.4000,0.0000,25.00,25.00,0.00000,0.00000,0,520,0,500,0,0,0,0,20,0,520,0,0,0,0,0,0,0,0,600,600,600,100,100,0.00000,0.00000,9.80665,0.000000,0.00000,-0.00000,0.00000,0.00000,9.80665,0.000000,0.000000,0.000000,2,1,0,1,1,1,0,0,0,0
2026-09-21T06:31:24.580964+00:00,748476791,SIMULATED,699,2680896,FAULT,2,-0.000000,0.00000,7.4000,0.0000,25.00,25.00,0.00000,0.00000,0,520,0,500,0,0,0,0,20,0,520,0,0,0,0,0,0,0,0,600,600,600,100,100,0.00000,0.00000,9.80665,0.000000,0.00000,-0.00000,0.00000,0.00000,9.80665,0.000000,0.000000,0.000000,2,1,0,1,1,1,0,0,0,0
2026-09-21T06:31:24.580999+00:00,748512541,SIMULATED,700,2683300,FAULT,2,-0.000000,0.00000,7.4000,0.0000,25.00,25.00,0.00000,0.00000,0,520,0,500,0,0,0,0,20,0,520,0,0,0,0,0,0,0,0,600,600,600,100,100,0.00000,0.00000,9.80665,0.000000,0.00000,-0.00000,0.00000,0.00000,9.80665,0.000000,0.000000,0.000000,2,1,0,1,1,1,0,0,0,0
2026-09-21T06:31:24.581034+00:00,748547541,SIMULATED,701,2685704,FAULT,2,-0.000000,0.00000,7.4000,0.0000,25.00,25.00,0.00000,0.00000,0,520,0,500,0,0,0,0,20,0,520,0,0,0,0,0,0,0,0,600,600,600,100,100,0.00000,0.00000,9.80665,0.000000,0.00000,-0.00000,0.00000,0.00000,9.80665,0.000000,0.000000,0.000000,2,1,0,1,1,1,0,0,0,0
2026-09-21T06:31:24.581069+00:00,748582375,SIMULATED,702,2688108,FAULT,2,-0.000000,0.00000,7.4000,0.0000,25.00,25.00,0.00000,0.00000,0,520,0,500,0,0,0,0,20,0,520,0,0,0,0,0,0,0,0,600,600,600,100,100,0.00000,0.00000,9.80665,0.000000,0.00000,-0.00000,0.00000,0.00000,9.80665,0.000000,0.000000,0.000000,2,1,0,1,1,1,0,0,0,0
2026-09-21T06:31:24.581107+00:00,748619750,SIMULATED,703,2690512,FAULT,2,-0.000000,0.00000,7.4000,0.0000,25.00,25.00,0.00000,0.00000,0,520,0,500,0,0,0,0,20,0,520,0,0,0,0,0,0,0,0,600,600,600,100,100,0.00000,0.00000,9.80665,0.000000,0.00000,-0.00000,0.00000,0.00000,9.80665,0.000000,0.000000,0.000000,2,1,0,1,1,1,0,0,0,0
2026-09-21T06:31:24.581141+00:00,748654208,SIMULATED,704,2692916,FAULT,2,-0.000000,0.00000,7.4000,0.0000,25.00,25.00,0.00000,0.00000,0,520,0,500,0,0,0,0,20,0,520,0,0,0,0,0,0,0,0,600,600,600,100,100,0.00000,0.00000,9.80665,0.000000,0.00000,-0.00000,0.00000,0.00000,9.80665,0.000000,0.000000,0.000000,2,1,0,1,1,1,0,0,0,0
2026-09-21T06:31:24.581177+00:00,748689833,SIMULATED,705,2695320,FAULT,2,-0.000000,0.00000,7.4000,0.0000,25.00,25.00,0.00000,0.00000,0,520,0,500,0,0,0,0,20,0,520,0,0,0,0,0,0,0,0,600,600,600,100,100,0.00000,0.00000,9.80665,0.000000,0.00000,-0.00000,0.00000,0.00000,9.80665,0.000000,0.000000,0.000000,2,1,0,1,1,1,0,0,0,0
2026-09-21T06:31:24.581211+00:00,748724333,SIMULATED,706,2697724,FAULT,2,-0.000000,0.00000,7.4000,0.0000,25.00,25.00,0.00000,0.00000,0,520,0,500,0,0,0,0,20,0,520,0,0,0,0,0,0,0,0,600,600,600,100,100,0.00000,0.00000,9.80665,0.000000,0.00000,-0.00000,0.00000,0.00000,9.80665,0.000000,0.000000,0.000000,2,1,0,1,1,1,0,0,0,0
2026-09-21T06:31:24.581246+00:00,748759083,SIMULATED,707,2700128,FAULT,2,-0.000000,0.00000,7.4000,0.0000,25.00,25.00,0.00000,0.00000,0,520,0,500,0,0,0,0,20,0,520,0,0,0,0,0,0,0,0,600,600,600,100,100,0.00000,0.00000,9.80665,0.000000,0.00000,-0.00000,0.00000,0.00000,9.80665,0.000000,0.000000,0.000000,2,1,0,1,1,1,0,0,0,0
2026-09-21T06:31:24.581281+00:00,748794375,SIMULATED,708,2702532,FAULT,2,-0.000000,0.00000,7.4000,0.0000,25.00,25.00,0.00000,0.00000,0,520,0,500,0,0,0,0,20,0,520,0,0,0,0,0,0,0,0,600,600,600,100,100,0.00000,0.00000,9.80665,0.000000,0.00000,-0.00000,0.00000,0.00000,9.80665,0.000000,0.000000,0.000000,2,1,0,1,1,1,0,0,0,0
2026-09-21T06:31:24.581316+00:00,748829250,SIMULATED,709,2704936,FAULT,2,-0.000000,0.00000,7.4000,0.0000,25.00,25.00,0.00000,0.00000,0,520,0,500,0,0,0,0,20,0,520,0,0,0,0,0,0,0,0,600,600,600,100,100,0.00000,0.00000,9.80665,0.000000,0.00000,-0.00000,0.00000,0.00000,9.80665,0.000000,0.000000,0.000000,2,1,0,1,1,1,0,0,0,0
2026-09-21T06:31:24.581352+00:00,748864625,SIMULATED,710,2707340,FAULT,2,-0.000000,0.00000,7.4000,0.0000,25.00,25.00,0.00000,0.00000,0,520,0,500,0,0,0,0,20,0,520,0,0,0,0,0,0,0,0,600,600,600,100,100,0.00000,0.00000,9.80665,0.000000,0.00000,-0.00000,0.00000,0.00000,9.80665,0.000000,0.000000,0.000000,2,1,0,1,1,1,0,0,0,0
2026-09-21T06:31:24.581388+00:00,748901291,SIMULATED,711,2709744,FAULT,2,-0.000000,0.00000,7.4000,0.0000,25.00,25.00,0.00000,0.00000,0,520,0,500,0,0,0,0,20,0,520,0,0,0,0,0,0,0,0,600,600,600,100,100,0.00000,0.00000,9.80665,0.000000,0.00000,-0.00000,0.00000,0.00000,9.80665,0.000000,0.000000,0.000000,2,1,0,1,1,1,0,0,0,0
2026-09-21T06:31:24.581426+00:00,748938875,SIMULATED,712,2712148,FAULT,2,-0.000000,0.00000,7.4000,0.0000,25.00,25.00,0.00000,0.00000,0,520,0,500,0,0,0,0,20,0,520,0,0,0,0,0,0,0,0,600,600,600,100,100,0.00000,0.00000,9.80665,0.000000,0.00000,-0.00000,0.00000,0.00000,9.80665,0.000000,0.000000,0.000000,2,1,0,1,1,1,0,0,0,0
2026-09-21T06:31:24.581462+00:00,748974791,SIMULATED,713,2714552,FAULT,2,-0.000000,0.00000,7.4000,0.0000,25.00,25.00,0.00000,0.00000,0,520,0,500,0,0,0,0,20,0,520,0,0,0,0,0,0,0,0,600,600,600,100,100,0.00000,0.00000,9.80665,0.000000,0.00000,-0.00000,0.00000,0.00000,9.80665,0.000000,0.000000,0.000000,2,1,0,1,1,1,0,0,0,0
2026-09-21T06:31:24.581496+00:00,749008791,SIMULATED,714,2716956,FAULT,2,-0.000000,0.00000,7.4000,0.0000,25.00,25.00,0.00000,0.00000,0,520,0,500,0,0,0,0,20,0,520,0,0,0,0,0,0,0,0,600,600,600,100,100,0.00000,0.00000,9.80665,0.000000,0.00000,-0.00000,0.00000,0.00000,9.80665,0.000000,0.000000,0.000000,2,1,0,1,1,1,0,0,0,0
2026-09-21T06:31:24.581531+00:00,749044166,SIMULATED,715,2719360,FAULT,2,-0.000000,0.00000,7.4000,0.0000,25.00,25.00,0.00000,0.00000,0,520,0,500,0,0,0,0,20,0,520,0,0,0,0,0,0,0,0,600,600,600,100,100,0.00000,0.00000,9.80665,0.000000,0.00000,-0.00000,0.00000,0.00000,9.80665,0.000000,0.000000,0.000000,2,1,0,1,1,1,0,0,0,0
2026-09-21T06:31:24.581565+00:00,749078333,SIMULATED,716,2721764,FAULT,2,-0.000000,0.00000,7.4000,0.0000,25.00,25.00,0.00000,0.00000,0,520,0,500,0,0,0,0,20,0,520,0,0,0,0,0,0,0,0,600,600,600,100,100,0.00000,0.00000,9.80665,0.000000,0.00000,-0.00000,0.00000,0.00000,9.80665,0.000000,0.000000,0.000000,2,1,0,1,1,1,0,0,0,0
2026-09-21T06:31:24.581610+00:00,749123333,SIMULATED,717,2724168,FAULT,2,-0.000000,0.00000,7.4000,0.0000,25.00,25.00,0.00000,0.00000,0,520,0,500,0,0,0,0,20,0,520,0,0,0,0,0,0,0,0,600,600,600,100,100,0.00000,0.00000,9.80665,0.000000,0.00000,-0.00000,0.00000,0.00000,9.80665,0.000000,0.000000,0.000000,2,1,0,1,1,1,0,0,0,0
2026-09-21T06:31:24.581648+00:00,749160708,SIMULATED,718,2726572,FAULT,2,-0.000000,0.00000,7.4000,0.0000,25.00,25.00,0.00000,0.00000,0,520,0,500,0,0,0,0,20,0,520,0,0,0,0,0,0,0,0,600,600,600,100,100,0.00000,0.00000,9.80665,0.000000,0.00000,-0.00000,0.00000,0.00000,9.80665,0.000000,0.000000,0.000000,2,1,0,1,1,1,0,0,0,0
2026-09-21T06:31:24.581682+00:00,749195000,SIMULATED,719,2728976,FAULT,2,-0.000000,0.00000,7.4000,0.0000,25.00,25.00,0.00000,0.00000,0,520,0,500,0,0,0,0,20,0,520,0,0,0,0,0,0,0,0,600,600,600,100,100,0.00000,0.00000,9.80665,0.000000,0.00000,-0.00000,0.00000,0.00000,9.80665,0.000000,0.000000,0.000000,2,1,0,1,1,1,0,0,0,0
2026-09-21T06:31:24.581716+00:00,749229208,SIMULATED,720,2731380,FAULT,2,-0.000000,0.00000,7.4000,0.0000,25.00,25.00,0.00000,0.00000,0,520,0,500,0,0,0,0,20,0,520,0,0,0,0,0,0,0,0,600,600,600,100,100,0.00000,0.00000,9.80665,0.000000,0.00000,-0.00000,0.00000,0.00000,9.80665,0.000000,0.000000,0.000000,2,1,0,1,1,1,0,0,0,0
2026-09-21T06:31:24.581750+00:00,749263083,SIMULATED,721,2733784,FAULT,2,-0.000000,0.00000,7.4000,0.0000,25.00,25.00,0.00000,0.00000,0,520,0,500,0,0,0,0,20,0,520,0,0,0,0,0,0,0,0,600,600,600,100,100,0.00000,0.00000,9.80665,0.000000,0.00000,-0.00000,0.00000,0.00000,9.80665,0.000000,0.000000,0.000000,2,1,0,1,1,1,0,0,0,0
2026-09-21T06:31:24.581784+00:00,749297458,SIMULATED,722,2736188,FAULT,2,-0.000000,0.00000,7.4000,0.0000,25.00,25.00,0.00000,0.00000,0,520,0,500,0,0,0,0,20,0,520,0,0,0,0,0,0,0,0,600,600,600,100,100,0.00000,0.00000,9.80665,0.000000,0.00000,-0.00000,0.00000,0.00000,9.80665,0.000000,0.000000,0.000000,2,1,0,1,1,1,0,0,0,0
2026-09-21T06:31:24.581822+00:00,749335500,SIMULATED,723,2738592,FAULT,2,-0.000000,0.00000,7.4000,0.0000,25.00,25.00,0.00000,0.00000,0,520,0,500,0,0,0,0,20,0,520,0,0,0,0,0,0,0,0,600,600,600,100,100,0.00000,0.00000,9.80665,0.000000,0.00000,-0.00000,0.00000,0.00000,9.80665,0.000000,0.000000,0.000000,2,1,0,1,1,1,0,0,0,0
2026-09-21T06:31:24.581857+00:00,749369875,SIMULATED,724,2740996,FAULT,2,-0.000000,0.00000,7.4000,0.0000,25.00,25.00,0.00000,0.00000,0,520,0,500,0,0,0,0,20,0,520,0,0,0,0,0,0,0,0,600,600,600,100,100,0.00000,0.00000,9.80665,0.000000,0.00000,-0.00000,0.00000,0.00000,9.80665,0.000000,0.000000,0.000000,2,1,0,1,1,1,0,0,0,0
2026-09-21T06:31:24.581893+00:00,749406166,SIMULATED,725,2743400,FAULT,2,-0.000000,0.00000,7.4000,0.0000,25.00,25.00,0.00000,0.00000,0,520,0,500,0,0,0,0,20,0,520,0,0,0,0,0,0,0,0,600,600,600,100,100,0.00000,0.00000,9.80665,0.000000,0.00000,-0.00000,0.00000,0.00000,9.80665,0.000000,0.000000,0.000000,2,1,0,1,1,1,0,0,0,0
2026-09-21T06:31:24.581927+00:00,749440500,SIMULATED,726,2745804,FAULT,2,-0.000000,0.00000,7.4000,0.0000,25.00,25.00,0.00000,0.00000,0,520,0,500,0,0,0,0,20,0,520,0,0,0,0,0,0,0,0,600,600,600,100,100,0.00000,0.00000,9.80665,0.000000,0.00000,-0.00000,0.00000,0.00000,9.80665,0.000000,0.000000,0.000000,2,1,0,1,1,1,0,0,0,0
2026-09-21T06:31:24.581962+00:00,749474875,SIMULATED,727,2748208,FAULT,2,-0.000000,0.00000,7.4000,0.0000,25.00,25.00,0.00000,0.00000,0,520,0,500,0,0,0,0,20,0,520,0,0,0,0,0,0,0,0,600,600,600,100,100,0.00000,0.00000,9.80665,0.000000,0.00000,-0.00000,0.00000,0.00000,9.80665,0.000000,0.000000,0.000000,2,1,0,1,1,1,0,0,0,0
2026-09-21T06:31:24.581997+00:00,749509958,SIMULATED,728,2750612,FAULT,2,-0.000000,0.00000,7.4000,0.0000,25.00,25.00,0.00000,0.00000,0,520,0,500,0,0,0,0,20,0,520,0,0,0,0,0,0,0,0,600,600,600,100,100,0.00000,0.00000,9.80665,0.000000,0.00000,-0.00000,0.00000,0.00000,9.80665,0.000000,0.000000,0.000000,2,1,0,1,1,1,0,0,0,0
2026-09-21T06:31:24.582033+00:00,749546416,SIMULATED,729,2753016,FAULT,2,-0.000000,0.00000,7.4000,0.0000,25.00,25.00,0.00000,0.00000,0,520,0,500,0,0,0,0,20,0,520,0,0,0,0,0,0,0,0,600,600,600,100,100,0.00000,0.00000,9.80665,0.000000,0.00000,-0.00000,0.00000,0.00000,9.80665,0.000000,0.000000,0.000000,2,1,0,1,1,1,0,0,0,0
2026-09-21T06:31:24.582068+00:00,749580875,SIMULATED,730,2755420,FAULT,2,-0.000000,0.00000,7.4000,0.0000,25.00,25.00,0.00000,0.00000,0,520,0,500,0,0,0,0,20,0,520,0,0,0,0,0,0,0,0,600,600,600,100,100,0.00000,0.00000,9.80665,0.000000,0.00000,-0.00000,0.00000,0.00000,9.80665,0.000000,0.000000,0.000000,2,1,0,1,1,1,0,0,0,0
2026-09-21T06:31:24.582102+00:00,749615500,SIMULATED,731,2757824,FAULT,2,-0.000000,0.00000,7.4000,0.0000,25.00,25.00,0.00000,0.00000,0,520,0,500,0,0,0,0,20,0,520,0,0,0,0,0,0,0,0,600,600,600,100,100,0.00000,0.00000,9.80665,0.000000,0.00000,-0.00000,0.00000,0.00000,9.80665,0.000000,0.000000,0.000000,2,1,0,1,1,1,0,0,0,0
2026-09-21T06:31:24.582137+00:00,749650208,SIMULATED,732,2760228,FAULT,2,-0.000000,0.00000,7.4000,0.0000,25.00,25.00,0.00000,0.00000,0,520,0,500,0,0,0,0,20,0,520,0,0,0,0,0,0,0,0,600,600,600,100,100,0.00000,0.00000,9.80665,0.000000,0.00000,-0.00000,0.00000,0.00000,9.80665,0.000000,0.000000,0.000000,2,1,0,1,1,1,0,0,0,0
2026-09-21T06:31:24.582174+00:00,749687416,SIMULATED,733,2762632,FAULT,2,-0.000000,0.00000,7.4000,0.0000,25.00,25.00,0.00000,0.00000,0,520,0,500,0,0,0,0,20,0,520,0,0,0,0,0,0,0,0,600,600,600,100,100,0.00000,0.00000,9.80665,0.000000,0.00000,-0.00000,0.00000,0.00000,9.80665,0.000000,0.000000,0.000000,2,1,0,1,1,1,0,0,0,0
2026-09-21T06:31:24.582209+00:00,749721916,SIMULATED,734,2765036,FAULT,2,-0.000000,0.00000,7.4000,0.0000,25.00,25.00,0.00000,0.00000,0,520,0,500,0,0,0,0,20,0,520,0,0,0,0,0,0,0,0,600,600,600,100,100,0.00000,0.00000,9.80665,0.000000,0.00000,-0.00000,0.00000,0.00000,9.80665,0.000000,0.000000,0.000000,2,1,0,1,1,1,0,0,0,0
2026-09-21T06:31:24.582244+00:00,749757083,SIMULATED,735,2767440,FAULT,2,-0.000000,0.00000,7.4000,0.0000,25.00,25.00,0.00000,0.00000,0,520,0,500,0,0,0,0,20,0,520,0,0,0,0,0,0,0,0,600,600,600,100,100,0.00000,0.00000,9.80665,0.000000,0.00000,-0.00000,0.00000,0.00000,9.80665,0.000000,0.000000,0.000000,2,1,0,1,1,1,0,0,0,0
2026-09-21T06:31:24.582278+00:00,749791083,SIMULATED,736,2769844,FAULT,2,-0.000000,0.00000,7.4000,0.0000,25.00,25.00,0.00000,0.00000,0,520,0,500,0,0,0,0,20,0,520,0,0,0,0,0,0,0,0,600,600,600,100,100,0.00000,0.00000,9.80665,0.000000,0.00000,-0.00000,0.00000,0.00000,9.80665,0.000000,0.000000,0.000000,2,1,0,1,1,1,0,0,0,0
2026-09-21T06:31:24.582312+00:00,749825500,SIMULATED,737,2772248,FAULT,2,-0.000000,0.00000,7.4000,0.0000,25.00,25.00,0.00000,0.00000,0,520,0,500,0,0,0,0,20,0,520,0,0,0,0,0,0,0,0,600,600,600,100,100,0.00000,0.00000,9.80665,0.000000,0.00000,-0.00000,0.00000,0.00000,9.80665,0.000000,0.000000,0.000000,2,1,0,1,1,1,0,0,0,0
2026-09-21T06:31:24.582350+00:00,749863041,SIMULATED,738,2774652,FAULT,2,-0.000000,0.00000,7.4000,0.0000,25.00,25.00,0.00000,0.00000,0,520,0,500,0,0,0,0,20,0,520,0,0,0,0,0,0,0,0,600,600,600,100,100,0.00000,0.00000,9.80665,0.000000,0.00000,-0.00000,0.00000,0.00000,9.80665,0.000000,0.000000,0.000000,2,1,0,1,1,1,0,0,0,0
2026-09-21T06:31:24.582384+00:00,749897458,SIMULATED,739,2777056,FAULT,2,-0.000000,0.00000,7.4000,0.0000,25.00,25.00,0.00000,0.00000,0,520,0,500,0,0,0,0,20,0,520,0,0,0,0,0,0,0,0,600,600,600,100,100,0.00000,0.00000,9.80665,0.000000,0.00000,-0.00000,0.00000,0.00000,9.80665,0.000000,0.000000,0.000000,2,1,0,1,1,1,0,0,0,0
2026-09-21T06:31:24.582420+00:00,749932750,SIMULATED,740,2779460,FAULT,2,-0.000000,0.00000,7.4000,0.0000,25.00,25.00,0.00000,0.00000,0,520,0,500,0,0,0,0,20,0,520,0,0,0,0,0,0,0,0,600,600,600,100,100,0.00000,0.00000,9.80665,0.000000,0.00000,-0.00000,0.00000,0.00000,9.80665,0.000000,0.000000,0.000000,2,1,0,1,1,1,0,0,0,0
2026-09-21T06:31:24.582456+00:00,749969166,SIMULATED,741,2781864,FAULT,2,-0.000000,0.00000,7.4000,0.0000,25.00,25.00,0.00000,0.00000,0,520,0,500,0,0,0,0,20,0,520,0,0,0,0,0,0,0,0,600,600,600,100,100,0.00000,0.00000,9.80665,0.000000,0.00000,-0.00000,0.00000,0.00000,9.80665,0.000000,0.000000,0.000000,2,1,0,1,1,1,0,0,0,0
2026-09-21T06:31:24.582490+00:00,750003500,SIMULATED,742,2784268,FAULT,2,-0.000000,0.00000,7.4000,0.0000,25.00,25.00,0.00000,0.00000,0,520,0,500,0,0,0,0,20,0,520,0,0,0,0,0,0,0,0,600,600,600,100,100,0.00000,0.00000,9.80665,0.000000,0.00000,-0.00000,0.00000,0.00000,9.80665,0.000000,0.000000,0.000000,2,1,0,1,1,1,0,0,0,0
2026-09-21T06:31:24.582525+00:00,750037625,SIMULATED,743,2786672,FAULT,2,-0.000000,0.00000,7.4000,0.0000,25.00,25.00,0.00000,0.00000,0,520,0,500,0,0,0,0,20,0,520,0,0,0,0,0,0,0,0,600,600,600,100,100,0.00000,0.00000,9.80665,0.000000,0.00000,-0.00000,0.00000,0.00000,9.80665,0.000000,0.000000,0.000000,2,1,0,1,1,1,0,0,0,0
2026-09-21T06:31:24.582561+00:00,750074250,SIMULATED,744,2789076,FAULT,2,-0.000000,0.00000,7.4000,0.0000,25.00,25.00,0.00000,0.00000,0,520,0,500,0,0,0,0,20,0,520,0,0,0,0,0,0,0,0,600,600,600,100,100,0.00000,0.00000,9.80665,0.000000,0.00000,-0.00000,0.00000,0.00000,9.80665,0.000000,0.000000,0.000000,2,1,0,1,1,1,0,0,0,0
2026-09-21T06:31:24.582596+00:00,750108958,SIMULATED,745,2791480,FAULT,2,-0.000000,0.00000,7.4000,0.0000,25.00,25.00,0.00000,0.00000,0,520,0,500,0,0,0,0,20,0,520,0,0,0,0,0,0,0,0,600,600,600,100,100,0.00000,0.00000,9.80665,0.000000,0.00000,-0.00000,0.00000,0.00000,9.80665,0.000000,0.000000,0.000000,2,1,0,1,1,1,0,0,0,0
2026-09-21T06:31:24.582631+00:00,750143875,SIMULATED,746,2793884,FAULT,2,-0.000000,0.00000,7.4000,0.0000,25.00,25.00,0.00000,0.00000,0,520,0,500,0,0,0,0,20,0,520,0,0,0,0,0,0,0,0,600,600,600,100,100,0.00000,0.00000,9.80665,0.000000,0.00000,-0.00000,0.00000,0.00000,9.80665,0.000000,0.000000,0.000000,2,1,0,1,1,1,0,0,0,0
2026-09-21T06:31:24.582668+00:00,750181166,SIMULATED,747,2796288,FAULT,2,-0.000000,0.00000,7.4000,0.0000,25.00,25.00,0.00000,0.00000,0,520,0,500,0,0,0,0,20,0,520,0,0,0,0,0,0,0,0,600,600,600,100,100,0.00000,0.00000,9.80665,0.000000,0.00000,-0.00000,0.00000,0.00000,9.80665,0.000000,0.000000,0.000000,2,1,0,1,1,1,0,0,0,0
2026-09-21T06:31:24.582706+00:00,750219208,SIMULATED,748,2798692,FAULT,2,-0.000000,0.00000,7.4000,0.0000,25.00,25.00,0.00000,0.00000,0,520,0,500,0,0,0,0,20,0,520,0,0,0,0,0,0,0,0,600,600,600,100,100,0.00000,0.00000,9.80665,0.000000,0.00000,-0.00000,0.00000,0.00000,9.80665,0.000000,0.000000,0.000000,2,1,0,1,1,1,0,0,0,0
2026-09-21T06:31:24.582741+00:00,750254541,SIMULATED,749,2801096,FAULT,2,-0.000000,0.00000,7.4000,0.0000,25.00,25.00,0.00000,0.00000,0,520,0,500,0,0,0,0,20,0,520,0,0,0,0,0,0,0,0,600,600,600,100,100,0.00000,0.00000,9.80665,0.000000,0.00000,-0.00000,0.00000,0.00000,9.80665,0.000000,0.000000,0.000000,2,1,0,1,1,1,0,0,0,0
2026-09-21T06:31:24.582779+00:00,750291875,SIMULATED,750,2803500,FAULT,2,-0.000000,0.00000,7.4000,0.0000,25.00,25.00,0.00000,0.00000,0,520,0,500,0,0,0,0,20,0,520,0,0,0,0,0,0,0,0,600,600,600,100,100,0.00000,0.00000,9.80665,0.000000,0.00000,-0.00000,0.00000,0.00000,9.80665,0.000000,0.000000,0.000000,2,1,0,1,1,1,0,0,0,0
2026-09-21T06:31:24.582814+00:00,750327375,SIMULATED,751,2805904,FAULT,2,-0.000000,0.00000,7.4000,0.0000,25.00,25.00,0.00000,0.00000,0,520,0,500,0,0,0,0,20,0,520,0,0,0,0,0,0,0,0,600,600,600,100,100,0.00000,0.00000,9.80665,0.000000,0.00000,-0.00000,0.00000,0.00000,9.80665,0.000000,0.000000,0.000000,2,1,0,1,1,1,0,0,0,0
2026-09-21T06:31:24.582850+00:00,750362666,SIMULATED,752,2808308,FAULT,2,-0.000000,0.00000,7.4000,0.0000,25.00,25.00,0.00000,0.00000,0,520,0,500,0,0,0,0,20,0,520,0,0,0,0,0,0,0,0,600,600,600,100,100,0.00000,0.00000,9.80665,0.000000,0.00000,-0.00000,0.00000,0.00000,9.80665,0.000000,0.000000,0.000000,2,1,0,1,1,1,0,0,0,0
2026-09-21T06:31:24.582886+00:00,750399166,SIMULATED,753,2810712,FAULT,2,-0.000000,0.00000,7.4000,0.0000,25.00,25.00,0.00000,0.00000,0,520,0,500,0,0,0,0,20,0,520,0,0,0,0,0,0,0,0,600,600,600,100,100,0.00000,0.00000,9.80665,0.000000,0.00000,-0.00000,0.00000,0.00000,9.80665,0.000000,0.000000,0.000000,2,1,0,1,1,1,0,0,0,0
2026-09-21T06:31:24.582923+00:00,750435833,SIMULATED,754,2813116,FAULT,2,-0.000000,0.00000,7.4000,0.0000,25.00,25.00,0.00000,0.00000,0,520,0,500,0,0,0,0,20,0,520,0,0,0,0,0,0,0,0,600,600,600,100,100,0.00000,0.00000,9.80665,0.000000,0.00000,-0.00000,0.00000,0.00000,9.80665,0.000000,0.000000,0.000000,2,1,0,1,1,1,0,0,0,0
2026-09-21T06:31:24.582958+00:00,750470750,SIMULATED,755,2815520,FAULT,2,-0.000000,0.00000,7.4000,0.0000,25.00,25.00,0.00000,0.00000,0,520,0,500,0,0,0,0,20,0,520,0,0,0,0,0,0,0,0,600,600,600,100,100,0.00000,0.00000,9.80665,0.000000,0.00000,-0.00000,0.00000,0.00000,9.80665,0.000000,0.000000,0.000000,2,1,0,1,1,1,0,0,0,0
2026-09-21T06:31:24.582993+00:00,750506291,SIMULATED,756,2817924,FAULT,2,-0.000000,0.00000,7.4000,0.0000,25.00,25.00,0.00000,0.00000,0,520,0,500,0,0,0,0,20,0,520,0,0,0,0,0,0,0,0,600,600,600,100,100,0.00000,0.00000,9.80665,0.000000,0.00000,-0.00000,0.00000,0.00000,9.80665,0.000000,0.000000,0.000000,2,1,0,1,1,1,0,0,0,0
2026-09-21T06:31:24.583038+00:00,750550875,SIMULATED,757,2820328,FAULT,2,-0.000000,0.00000,7.4000,0.0000,25.00,25.00,0.00000,0.00000,0,520,0,500,0,0,0,0,20,0,520,0,0,0,0,0,0,0,0,600,600,600,100,100,0.00000,0.00000,9.80665,0.000000,0.00000,-0.00000,0.00000,0.00000,9.80665,0.000000,0.000000,0.000000,2,1,0,1,1,1,0,0,0,0
2026-09-21T06:31:24.583072+00:00,750585458,SIMULATED,758,2822732,FAULT,2,-0.000000,0.00000,7.4000,0.0000,25.00,25.00,0.00000,0.00000,0,520,0,500,0,0,0,0,20,0,520,0,0,0,0,0,0,0,0,600,600,600,100,100,0.00000,0.00000,9.80665,0.000000,0.00000,-0.00000,0.00000,0.00000,9.80665,0.000000,0.000000,0.000000,2,1,0,1,1,1,0,0,0,0
2026-09-21T06:31:24.583108+00:00,750621250,SIMULATED,759,2825136,FAULT,2,-0.000000,0.00000,7.4000,0.0000,25.00,25.00,0.00000,0.00000,0,520,0,500,0,0,0,0,20,0,520,0,0,0,0,0,0,0,0,600,600,600,100,100,0.00000,0.00000,9.80665,0.000000,0.00000,-0.00000,0.00000,0.00000,9.80665,0.000000,0.000000,0.000000,2,1,0,1,1,1,0,0,0,0
2026-09-21T06:31:24.583146+00:00,750659541,SIMULATED,760,2827540,FAULT,2,-0.000000,0.00000,7.4000,0.0000,25.00,25.00,0.00000,0.00000,0,520,0,500,0,0,0,0,20,0,520,0,0,0,0,0,0,0,0,600,600,600,100,100,0.00000,0.00000,9.80665,0.000000,0.00000,-0.00000,0.00000,0.00000,9.80665,0.000000,0.000000,0.000000,2,1,0,1,1,1,0,0,0,0
2026-09-21T06:31:24.583181+00:00,750694208,SIMULATED,761,2829944,FAULT,2,-0.000000,0.00000,7.4000,0.0000,25.00,25.00,0.00000,0.00000,0,520,0,500,0,0,0,0,20,0,520,0,0,0,0,0,0,0,0,600,600,600,100,100,0.00000,0.00000,9.80665,0.000000,0.00000,-0.00000,0.00000,0.00000,9.80665,0.000000,0.000000,0.000000,2,1,0,1,1,1,0,0,0,0
2026-09-21T06:31:24.583218+00:00,750731458,SIMULATED,762,2832348,FAULT,2,-0.000000,0.00000,7.4000,0.0000,25.00,25.00,0.00000,0.00000,0,520,0,500,0,0,0,0,20,0,520,0,0,0,0,0,0,0,0,600,600,600,100,100,0.00000,0.00000,9.80665,0.000000,0.00000,-0.00000,0.00000,0.00000,9.80665,0.000000,0.000000,0.000000,2,1,0,1,1,1,0,0,0,0
2026-09-21T06:31:24.583255+00:00,750768291,SIMULATED,763,2834752,FAULT,2,-0.000000,0.00000,7.4000,0.0000,25.00,25.00,0.00000,0.00000,0,520,0,500,0,0,0,0,20,0,520,0,0,0,0,0,0,0,0,600,600,600,100,100,0.00000,0.00000,9.80665,0.000000,0.00000,-0.00000,0.00000,0.00000,9.80665,0.000000,0.000000,0.000000,2,1,0,1,1,1,0,0,0,0
2026-09-21T06:31:24.583292+00:00,750804666,SIMULATED,764,2837156,FAULT,2,-0.000000,0.00000,7.4000,0.0000,25.00,25.00,0.00000,0.00000,0,520,0,500,0,0,0,0,20,0,520,0,0,0,0,0,0,0,0,600,600,600,100,100,0.00000,0.00000,9.80665,0.000000,0.00000,-0.00000,0.00000,0.00000,9.80665,0.000000,0.000000,0.000000,2,1,0,1,1,1,0,0,0,0
2026-09-21T06:31:24.583332+00:00,750845291,SIMULATED,765,2839560,FAULT,2,-0.000000,0.00000,7.4000,0.0000,25.00,25.00,0.00000,0.00000,0,520,0,500,0,0,0,0,20,0,520,0,0,0,0,0,0,0,0,600,600,600,100,100,0.00000,0.00000,9.80665,0.000000,0.00000,-0.00000,0.00000,0.00000,9.80665,0.000000,0.000000,0.000000,2,1,0,1,1,1,0,0,0,0
2026-09-21T06:31:24.583366+00:00,750879250,SIMULATED,766,2841964,FAULT,2,-0.000000,0.00000,7.4000,0.0000,25.00,25.00,0.00000,0.00000,0,520,0,500,0,0,0,0,20,0,520,0,0,0,0,0,0,0,0,600,600,600,100,100,0.00000,0.00000,9.80665,0.000000,0.00000,-0.00000,0.00000,0.00000,9.80665,0.000000,0.000000,0.000000,2,1,0,1,1,1,0,0,0,0
2026-09-21T06:31:24.583400+00:00,750913041,SIMULATED,767,2844368,FAULT,2,-0.000000,0.00000,7.4000,0.0000,25.00,25.00,0.00000,0.00000,0,520,0,500,0,0,0,0,20,0,520,0,0,0,0,0,0,0,0,600,600,600,100,100,0.00000,0.00000,9.80665,0.000000,0.00000,-0.00000,0.00000,0.00000,9.80665,0.000000,0.000000,0.000000,2,1,0,1,1,1,0,0,0,0
2026-09-21T06:31:24.583434+00:00,750946791,SIMULATED,768,2846772,FAULT,2,-0.000000,0.00000,7.4000,0.0000,25.00,25.00,0.00000,0.00000,0,520,0,500,0,0,0,0,20,0,520,0,0,0,0,0,0,0,0,600,600,600,100,100,0.00000,0.00000,9.80665,0.000000,0.00000,-0.00000,0.00000,0.00000,9.80665,0.000000,0.000000,0.000000,2,1,0,1,1,1,0,0,0,0
2026-09-21T06:31:24.583495+00:00,751008208,SIMULATED,769,2849176,FAULT,2,-0.000000,0.00000,7.4000,0.0000,25.00,25.00,0.00000,0.00000,0,520,0,500,0,0,0,0,20,0,520,0,0,0,0,0,0,0,0,600,600,600,100,100,0.00000,0.00000,9.80665,0.000000,0.00000,-0.00000,0.00000,0.00000,9.80665,0.000000,0.000000,0.000000,2,1,0,1,1,1,0,0,0,0
2026-09-21T06:31:24.583559+00:00,751071958,SIMULATED,770,2851580,FAULT,2,-0.000000,0.00000,7.4000,0.0000,25.00,25.00,0.00000,0.00000,0,520,0,500,0,0,0,0,20,0,520,0,0,0,0,0,0,0,0,600,600,600,100,100,0.00000,0.00000,9.80665,0.000000,0.00000,-0.00000,0.00000,0.00000,9.80665,0.000000,0.000000,0.000000,2,1,0,1,1,1,0,0,0,0
2026-09-21T06:31:24.583617+00:00,751129791,SIMULATED,771,2853984,FAULT,2,-0.000000,0.00000,7.4000,0.0000,25.00,25.00,0.00000,0.00000,0,520,0,500,0,0,0,0,20,0,520,0,0,0,0,0,0,0,0,600,600,600,100,100,0.00000,0.00000,9.80665,0.000000,0.00000,-0.00000,0.00000,0.00000,9.80665,0.000000,0.000000,0.000000,2,1,0,1,1,1,0,0,0,0
2026-09-21T06:31:24.583677+00:00,751189708,SIMULATED,772,2856388,FAULT,2,-0.000000,0.00000,7.4000,0.0000,25.00,25.00,0.00000,0.00000,0,520,0,500,0,0,0,0,20,0,520,0,0,0,0,0,0,0,0,600,600,600,100,100,0.00000,0.00000,9.80665,0.000000,0.00000,-0.00000,0.00000,0.00000,9.80665,0.000000,0.000000,0.000000,2,1,0,1,1,1,0,0,0,0
2026-09-21T06:31:24.583738+00:00,751251333,SIMULATED,773,2858792,FAULT,2,-0.000000,0.00000,7.4000,0.0000,25.00,25.00,0.00000,0.00000,0,520,0,500,0,0,0,0,20,0,520,0,0,0,0,0,0,0,0,600,600,600,100,100,0.00000,0.00000,9.80665,0.000000,0.00000,-0.00000,0.00000,0.00000,9.80665,0.000000,0.000000,0.000000,2,1,0,1,1,1,0,0,0,0
2026-09-21T06:31:24.583776+00:00,751289375,SIMULATED,774,2861196,FAULT,2,-0.000000,0.00000,7.4000,0.0000,25.00,25.00,0.00000,0.00000,0,520,0,500,0,0,0,0,20,0,520,0,0,0,0,0,0,0,0,600,600,600,100,100,0.00000,0.00000,9.80665,0.000000,0.00000,-0.00000,0.00000,0.00000,9.80665,0.000000,0.000000,0.000000,2,1,0,1,1,1,0,0,0,0
2026-09-21T06:31:24.583812+00:00,751324791,SIMULATED,775,2863600,FAULT,2,-0.000000,0.00000,7.4000,0.0000,25.00,25.00,0.00000,0.00000,0,520,0,500,0,0,0,0,20,0,520,0,0,0,0,0,0,0,0,600,600,600,100,100,0.00000,0.00000,9.80665,0.000000,0.00000,-0.00000,0.00000,0.00000,9.80665,0.000000,0.000000,0.000000,2,1,0,1,1,1,0,0,0,0
2026-09-21T06:31:24.583858+00:00,751370916,SIMULATED,776,2866004,FAULT,2,-0.000000,0.00000,7.4000,0.0000,25.00,25.00,0.00000,0.00000,0,520,0,500,0,0,0,0,20,0,520,0,0,0,0,0,0,0,0,600,600,600,100,100,0.00000,0.00000,9.80665,0.000000,0.00000,-0.00000,0.00000,0.00000,9.80665,0.000000,0.000000,0.000000,2,1,0,1,1,1,0,0,0,0
2026-09-21T06:31:24.583918+00:00,751430666,SIMULATED,777,2868408,FAULT,2,-0.000000,0.00000,7.4000,0.0000,25.00,25.00,0.00000,0.00000,0,520,0,500,0,0,0,0,20,0,520,0,0,0,0,0,0,0,0,600,600,600,100,100,0.00000,0.00000,9.80665,0.000000,0.00000,-0.00000,0.00000,0.00000,9.80665,0.000000,0.000000,0.000000,2,1,0,1,1,1,0,0,0,0
2026-09-21T06:31:24.583960+00:00,751473375,SIMULATED,778,2870812,FAULT,2,-0.000000,0.00000,7.4000,0.0000,25.00,25.00,0.00000,0.00000,0,520,0,500,0,0,0,0,20,0,520,0,0,0,0,0,0,0,0,600,600,600,100,100,0.00000,0.00000,9.80665,0.000000,0.00000,-0.00000,0.00000,0.00000,9.80665,0.000000,0.000000,0.000000,2,1,0,1,1,1,0,0,0,0
2026-09-21T06:31:24.584021+00:00,751534166,SIMULATED,779,2873216,FAULT,2,-0.000000,0.00000,7.4000,0.0000,25.00,25.00,0.00000,0.00000,0,520,0,500,0,0,0,0,20,0,520,0,0,0,0,0,0,0,0,600,600,600,100,100,0.00000,0.00000,9.80665,0.000000,0.00000,-0.00000,0.00000,0.00000,9.80665,0.000000,0.000000,0.000000,2,1,0,1,1,1,0,0,0,0
2026-09-21T06:31:24.584082+00:00,751595083,SIMULATED,780,2875620,FAULT,2,-0.000000,0.00000,7.4000,0.0000,25.00,25.00,0.00000,0.00000,0,520,0,500,0,0,0,0,20,0,520,0,0,0,0,0,0,0,0,600,600,600,100,100,0.00000,0.00000,9.80665,0.000000,0.00000,-0.00000,0.00000,0.00000,9.80665,0.000000,0.000000,0.000000,2,1,0,1,1,1,0,0,0,0
2026-09-21T06:31:24.584136+00:00,751648916,SIMULATED,781,2878024,FAULT,2,-0.000000,0.00000,7.4000,0.0000,25.00,25.00,0.00000,0.00000,0,520,0,500,0,0,0,0,20,0,520,0,0,0,0,0,0,0,0,600,600,600,100,100,0.00000,0.00000,9.80665,0.000000,0.00000,-0.00000,0.00000,0.00000,9.80665,0.000000,0.000000,0.000000,2,1,0,1,1,1,0,0,0,0
2026-09-21T06:31:24.584195+00:00,751708625,SIMULATED,782,2880428,FAULT,2,-0.000000,0.00000,7.4000,0.0000,25.00,25.00,0.00000,0.00000,0,520,0,500,0,0,0,0,20,0,520,0,0,0,0,0,0,0,0,600,600,600,100,100,0.00000,0.00000,9.80665,0.000000,0.00000,-0.00000,0.00000,0.00000,9.80665,0.000000,0.000000,0.000000,2,1,0,1,1,1,0,0,0,0
2026-09-21T06:31:24.584232+00:00,751745541,SIMULATED,783,2882832,FAULT,2,-0.000000,0.00000,7.4000,0.0000,25.00,25.00,0.00000,0.00000,0,520,0,500,0,0,0,0,20,0,520,0,0,0,0,0,0,0,0,600,600,600,100,100,0.00000,0.00000,9.80665,0.000000,0.00000,-0.00000,0.00000,0.00000,9.80665,0.000000,0.000000,0.000000,2,1,0,1,1,1,0,0,0,0
2026-09-21T06:31:24.584302+00:00,751814958,SIMULATED,784,2885236,FAULT,2,-0.000000,0.00000,7.4000,0.0000,25.00,25.00,0.00000,0.00000,0,520,0,500,0,0,0,0,20,0,520,0,0,0,0,0,0,0,0,600,600,600,100,100,0.00000,0.00000,9.80665,0.000000,0.00000,-0.00000,0.00000,0.00000,9.80665,0.000000,0.000000,0.000000,2,1,0,1,1,1,0,0,0,0
2026-09-21T06:31:24.584354+00:00,751867375,SIMULATED,785,2887640,FAULT,2,-0.000000,0.00000,7.4000,0.0000,25.00,25.00,0.00000,0.00000,0,520,0,500,0,0,0,0,20,0,520,0,0,0,0,0,0,0,0,600,600,600,100,100,0.00000,0.00000,9.80665,0.000000,0.00000,-0.00000,0.00000,0.00000,9.80665,0.000000,0.000000,0.000000,2,1,0,1,1,1,0,0,0,0
2026-09-21T06:31:24.584389+00:00,751902250,SIMULATED,786,2890044,FAULT,2,-0.000000,0.00000,7.4000,0.0000,25.00,25.00,0.00000,0.00000,0,520,0,500,0,0,0,0,20,0,520,0,0,0,0,0,0,0,0,600,600,600,100,100,0.00000,0.00000,9.80665,0.000000,0.00000,-0.00000,0.00000,0.00000,9.80665,0.000000,0.000000,0.000000,2,1,0,1,1,1,0,0,0,0
2026-09-21T06:31:24.584443+00:00,751956375,SIMULATED,787,2892448,FAULT,2,-0.000000,0.00000,7.4000,0.0000,25.00,25.00,0.00000,0.00000,0,520,0,500,0,0,0,0,20,0,520,0,0,0,0,0,0,0,0,600,600,600,100,100,0.00000,0.00000,9.80665,0.000000,0.00000,-0.00000,0.00000,0.00000,9.80665,0.000000,0.000000,0.000000,2,1,0,1,1,1,0,0,0,0
2026-09-21T06:31:24.584479+00:00,751991583,SIMULATED,788,2894852,FAULT,2,-0.000000,0.00000,7.4000,0.0000,25.00,25.00,0.00000,0.00000,0,520,0,500,0,0,0,0,20,0,520,0,0,0,0,0,0,0,0,600,600,600,100,100,0.00000,0.00000,9.80665,0.000000,0.00000,-0.00000,0.00000,0.00000,9.80665,0.000000,0.000000,0.000000,2,1,0,1,1,1,0,0,0,0
2026-09-21T06:31:24.584536+00:00,752049166,SIMULATED,789,2897256,FAULT,2,-0.000000,0.00000,7.4000,0.0000,25.00,25.00,0.00000,0.00000,0,520,0,500,0,0,0,0,20,0,520,0,0,0,0,0,0,0,0,600,600,600,100,100,0.00000,0.00000,9.80665,0.000000,0.00000,-0.00000,0.00000,0.00000,9.80665,0.000000,0.000000,0.000000,2,1,0,1,1,1,0,0,0,0
2026-09-21T06:31:24.584571+00:00,752084291,SIMULATED,790,2899660,FAULT,2,-0.000000,0.00000,7.4000,0.0000,25.00,25.00,0.00000,0.00000,0,520,0,500,0,0,0,0,20,0,520,0,0,0,0,0,0,0,0,600,600,600,100,100,0.00000,0.00000,9.80665,0.000000,0.00000,-0.00000,0.00000,0.00000,9.80665,0.000000,0.000000,0.000000,2,1,0,1,1,1,0,0,0,0
2026-09-21T06:31:24.584625+00:00,752138166,SIMULATED,791,2902064,FAULT,2,-0.000000,0.00000,7.4000,0.0000,25.00,25.00,0.00000,0.00000,0,520,0,500,0,0,0,0,20,0,520,0,0,0,0,0,0,0,0,600,600,600,100,100,0.00000,0.00000,9.80665,0.000000,0.00000,-0.00000,0.00000,0.00000,9.80665,0.000000,0.000000,0.000000,2,1,0,1,1,1,0,0,0,0
2026-09-21T06:31:24.584680+00:00,752193333,SIMULATED,792,2904468,FAULT,2,-0.000000,0.00000,7.4000,0.0000,25.00,25.00,0.00000,0.00000,0,520,0,500,0,0,0,0,20,0,520,0,0,0,0,0,0,0,0,600,600,600,100,100,0.00000,0.00000,9.80665,0.000000,0.00000,-0.00000,0.00000,0.00000,9.80665,0.000000,0.000000,0.000000,2,1,0,1,1,1,0,0,0,0
2026-09-21T06:31:24.584715+00:00,752228500,SIMULATED,793,2906872,FAULT,2,-0.000000,0.00000,7.4000,0.0000,25.00,25.00,0.00000,0.00000,0,520,0,500,0,0,0,0,20,0,520,0,0,0,0,0,0,0,0,600,600,600,100,100,0.00000,0.00000,9.80665,0.000000,0.00000,-0.00000,0.00000,0.00000,9.80665,0.000000,0.000000,0.000000,2,1,0,1,1,1,0,0,0,0
2026-09-21T06:31:24.584752+00:00,752265458,SIMULATED,794,2909276,FAULT,2,-0.000000,0.00000,7.4000,0.0000,25.00,25.00,0.00000,0.00000,0,520,0,500,0,0,0,0,20,0,520,0,0,0,0,0,0,0,0,600,600,600,100,100,0.00000,0.00000,9.80665,0.000000,0.00000,-0.00000,0.00000,0.00000,9.80665,0.000000,0.000000,0.000000,2,1,0,1,1,1,0,0,0,0
2026-09-21T06:31:24.584791+00:00,752304166,SIMULATED,795,2911680,FAULT,2,-0.000000,0.00000,7.4000,0.0000,25.00,25.00,0.00000,0.00000,0,520,0,500,0,0,0,0,20,0,520,0,0,0,0,0,0,0,0,600,600,600,100,100,0.00000,0.00000,9.80665,0.000000,0.00000,-0.00000,0.00000,0.00000,9.80665,0.000000,0.000000,0.000000,2,1,0,1,1,1,0,0,0,0
2026-09-21T06:31:24.584825+00:00,752338166,SIMULATED,796,2914084,FAULT,2,-0.000000,0.00000,7.4000,0.0000,25.00,25.00,0.00000,0.00000,0,520,0,500,0,0,0,0,20,0,520,0,0,0,0,0,0,0,0,600,600,600,100,100,0.00000,0.00000,9.80665,0.000000,0.00000,-0.00000,0.00000,0.00000,9.80665,0.000000,0.000000,0.000000,2,1,0,1,1,1,0,0,0,0
2026-09-21T06:31:24.584859+00:00,752372083,SIMULATED,797,2916488,FAULT,2,-0.000000,0.00000,7.4000,0.0000,25.00,25.00,0.00000,0.00000,0,520,0,500,0,0,0,0,20,0,520,0,0,0,0,0,0,0,0,600,600,600,100,100,0.00000,0.00000,9.80665,0.000000,0.00000,-0.00000,0.00000,0.00000,9.80665,0.000000,0.000000,0.000000,2,1,0,1,1,1,0,0,0,0
2026-09-21T06:31:24.584893+00:00,752405875,SIMULATED,798,2918892,FAULT,2,-0.000000,0.00000,7.4000,0.0000,25.00,25.00,0.00000,0.00000,0,520,0,500,0,0,0,0,20,0,520,0,0,0,0,0,0,0,0,600,600,600,100,100,0.00000,0.00000,9.80665,0.000000,0.00000,-0.00000,0.00000,0.00000,9.80665,0.000000,0.000000,0.000000,2,1,0,1,1,1,0,0,0,0
2026-09-21T06:31:24.584927+00:00,752440041,SIMULATED,799,2921296,FAULT,2,-0.000000,0.00000,7.4000,0.0000,25.00,25.00,0.00000,0.00000,0,520,0,500,0,0,0,0,20,0,520,0,0,0,0,0,0,0,0,600,600,600,100,100,0.00000,0.00000,9.80665,0.000000,0.00000,-0.00000,0.00000,0.00000,9.80665,0.000000,0.000000,0.000000,2,1,0,1,1,1,0,0,0,0
2026-09-21T06:31:24.584961+00:00,752474208,SIMULATED,800,2923700,FAULT,2,-0.000000,0.00000,7.4000,0.0000,25.00,25.00,0.00000,0.00000,0,520,0,500,0,0,0,0,20,0,520,0,0,0,0,0,0,0,0,600,600,600,100,100,0.00000,0.00000,9.80665,0.000000,0.00000,-0.00000,0.00000,0.00000,9.80665,0.000000,0.000000,0.000000,2,1,0,1,1,1,0,0,0,0
2026-09-21T06:31:24.585000+00:00,752512625,SIMULATED,801,2926104,FAULT,2,-0.000000,0.00000,7.4000,0.0000,25.00,25.00,0.00000,0.00000,0,520,0,500,0,0,0,0,20,0,520,0,0,0,0,0,0,0,0,600,600,600,100,100,0.00000,0.00000,9.80665,0.000000,0.00000,-0.00000,0.00000,0.00000,9.80665,0.000000,0.000000,0.000000,2,1,0,1,1,1,0,0,0,0
2026-09-21T06:31:24.585036+00:00,752548708,SIMULATED,802,2928508,FAULT,2,-0.000000,0.00000,7.4000,0.0000,25.00,25.00,0.00000,0.00000,0,520,0,500,0,0,0,0,20,0,520,0,0,0,0,0,0,0,0,600,600,600,100,100,0.00000,0.00000,9.80665,0.000000,0.00000,-0.00000,0.00000,0.00000,9.80665,0.000000,0.000000,0.000000,2,1,0,1,1,1,0,0,0,0
2026-09-21T06:31:24.585070+00:00,752582791,SIMULATED,803,2930912,FAULT,2,-0.000000,0.00000,7.4000,0.0000,25.00,25.00,0.00000,0.00000,0,520,0,500,0,0,0,0,20,0,520,0,0,0,0,0,0,0,0,600,600,600,100,100,0.00000,0.00000,9.80665,0.000000,0.00000,-0.00000,0.00000,0.00000,9.80665,0.000000,0.000000,0.000000,2,1,0,1,1,1,0,0,0,0
2026-09-21T06:31:24.585108+00:00,752621458,SIMULATED,804,2933316,FAULT,2,-0.000000,0.00000,7.4000,0.0000,25.00,25.00,0.00000,0.00000,0,520,0,500,0,0,0,0,20,0,520,0,0,0,0,0,0,0,0,600,600,600,100,100,0.00000,0.00000,9.80665,0.000000,0.00000,-0.00000,0.00000,0.00000,9.80665,0.000000,0.000000,0.000000,2,1,0,1,1,1,0,0,0,0
2026-09-21T06:31:24.585142+00:00,752655416,SIMULATED,805,2935720,FAULT,2,-0.000000,0.00000,7.4000,0.0000,25.00,25.00,0.00000,0.00000,0,520,0,500,0,0,0,0,20,0,520,0,0,0,0,0,0,0,0,600,600,600,100,100,0.00000,0.00000,9.80665,0.000000,0.00000,-0.00000,0.00000,0.00000,9.80665,0.000000,0.000000,0.000000,2,1,0,1,1,1,0,0,0,0
2026-09-21T06:31:24.585176+00:00,752689416,SIMULATED,806,2938124,FAULT,2,-0.000000,0.00000,7.4000,0.0000,25.00,25.00,0.00000,0.00000,0,520,0,500,0,0,0,0,20,0,520,0,0,0,0,0,0,0,0,600,600,600,100,100,0.00000,0.00000,9.80665,0.000000,0.00000,-0.00000,0.00000,0.00000,9.80665,0.000000,0.000000,0.000000,2,1,0,1,1,1,0,0,0,0
2026-09-21T06:31:24.585212+00:00,752725208,SIMULATED,807,2940528,FAULT,2,-0.000000,0.00000,7.4000,0.0000,25.00,25.00,0.00000,0.00000,0,520,0,500,0,0,0,0,20,0,520,0,0,0,0,0,0,0,0,600,600,600,100,100,0.00000,0.00000,9.80665,0.000000,0.00000,-0.00000,0.00000,0.00000,9.80665,0.000000,0.000000,0.000000,2,1,0,1,1,1,0,0,0,0
2026-09-21T06:31:24.585248+00:00,752761291,SIMULATED,808,2942932,FAULT,2,-0.000000,0.00000,7.4000,0.0000,25.00,25.00,0.00000,0.00000,0,520,0,500,0,0,0,0,20,0,520,0,0,0,0,0,0,0,0,600,600,600,100,100,0.00000,0.00000,9.80665,0.000000,0.00000,-0.00000,0.00000,0.00000,9.80665,0.000000,0.000000,0.000000,2,1,0,1,1,1,0,0,0,0
2026-09-21T06:31:24.585282+00:00,752795375,SIMULATED,809,2945336,FAULT,2,-0.000000,0.00000,7.4000,0.0000,25.00,25.00,0.00000,0.00000,0,520,0,500,0,0,0,0,20,0,520,0,0,0,0,0,0,0,0,600,600,600,100,100,0.00000,0.00000,9.80665,0.000000,0.00000,-0.00000,0.00000,0.00000,9.80665,0.000000,0.000000,0.000000,2,1,0,1,1,1,0,0,0,0
2026-09-21T06:31:24.585320+00:00,752833500,SIMULATED,810,2947740,FAULT,2,-0.000000,0.00000,7.4000,0.0000,25.00,25.00,0.00000,0.00000,0,520,0,500,0,0,0,0,20,0,520,0,0,0,0,0,0,0,0,600,600,600,100,100,0.00000,0.00000,9.80665,0.000000,0.00000,-0.00000,0.00000,0.00000,9.80665,0.000000,0.000000,0.000000,2,1,0,1,1,1,0,0,0,0
2026-09-21T06:31:24.585354+00:00,752867375,SIMULATED,811,2950144,FAULT,2,-0.000000,0.00000,7.4000,0.0000,25.00,25.00,0.00000,0.00000,0,520,0,500,0,0,0,0,20,0,520,0,0,0,0,0,0,0,0,600,600,600,100,100,0.00000,0.00000,9.80665,0.000000,0.00000,-0.00000,0.00000,0.00000,9.80665,0.000000,0.000000,0.000000,2,1,0,1,1,1,0,0,0,0
2026-09-21T06:31:24.585389+00:00,752901708,SIMULATED,812,2952548,FAULT,2,-0.000000,0.00000,7.4000,0.0000,25.00,25.00,0.00000,0.00000,0,520,0,500,0,0,0,0,20,0,520,0,0,0,0,0,0,0,0,600,600,600,100,100,0.00000,0.00000,9.80665,0.000000,0.00000,-0.00000,0.00000,0.00000,9.80665,0.000000,0.000000,0.000000,2,1,0,1,1,1,0,0,0,0
2026-09-21T06:31:24.585427+00:00,752939875,SIMULATED,813,2954952,FAULT,2,-0.000000,0.00000,7.4000,0.0000,25.00,25.00,0.00000,0.00000,0,520,0,500,0,0,0,0,20,0,520,0,0,0,0,0,0,0,0,600,600,600,100,100,0.00000,0.00000,9.80665,0.000000,0.00000,-0.00000,0.00000,0.00000,9.80665,0.000000,0.000000,0.000000,2,1,0,1,1,1,0,0,0,0
2026-09-21T06:31:24.585468+00:00,752980916,SIMULATED,814,2957356,FAULT,2,-0.000000,0.00000,7.4000,0.0000,25.00,25.00,0.00000,0.00000,0,520,0,500,0,0,0,0,20,0,520,0,0,0,0,0,0,0,0,600,600,600,100,100,0.00000,0.00000,9.80665,0.000000,0.00000,-0.00000,0.00000,0.00000,9.80665,0.000000,0.000000,0.000000,2,1,0,1,1,1,0,0,0,0
2026-09-21T06:31:24.585502+00:00,753015083,SIMULATED,815,2959760,FAULT,2,-0.000000,0.00000,7.4000,0.0000,25.00,25.00,0.00000,0.00000,0,520,0,500,0,0,0,0,20,0,520,0,0,0,0,0,0,0,0,600,600,600,100,100,0.00000,0.00000,9.80665,0.000000,0.00000,-0.00000,0.00000,0.00000,9.80665,0.000000,0.000000,0.000000,2,1,0,1,1,1,0,0,0,0
2026-09-21T06:31:24.585536+00:00,753049125,SIMULATED,816,2962164,FAULT,2,-0.000000,0.00000,7.4000,0.0000,25.00,25.00,0.00000,0.00000,0,520,0,500,0,0,0,0,20,0,520,0,0,0,0,0,0,0,0,600,600,600,100,100,0.00000,0.00000,9.80665,0.000000,0.00000,-0.00000,0.00000,0.00000,9.80665,0.000000,0.000000,0.000000,2,1,0,1,1,1,0,0,0,0
2026-09-21T06:31:24.585570+00:00,753082958,SIMULATED,817,2964568,FAULT,2,-0.000000,0.00000,7.4000,0.0000,25.00,25.00,0.00000,0.00000,0,520,0,500,0,0,0,0,20,0,520,0,0,0,0,0,0,0,0,600,600,600,100,100,0.00000,0.00000,9.80665,0.000000,0.00000,-0.00000,0.00000,0.00000,9.80665,0.000000,0.000000,0.000000,2,1,0,1,1,1,0,0,0,0
2026-09-21T06:31:24.585604+00:00,753116875,SIMULATED,818,2966972,FAULT,2,-0.000000,0.00000,7.4000,0.0000,25.00,25.00,0.00000,0.00000,0,520,0,500,0,0,0,0,20,0,520,0,0,0,0,0,0,0,0,600,600,600,100,100,0.00000,0.00000,9.80665,0.000000,0.00000,-0.00000,0.00000,0.00000,9.80665,0.000000,0.000000,0.000000,2,1,0,1,1,1,0,0,0,0
2026-09-21T06:31:24.585644+00:00,753157416,SIMULATED,819,2969376,FAULT,2,-0.000000,0.00000,7.4000,0.0000,25.00,25.00,0.00000,0.00000,0,520,0,500,0,0,0,0,20,0,520,0,0,0,0,0,0,0,0,600,600,600,100,100,0.00000,0.00000,9.80665,0.000000,0.00000,-0.00000,0.00000,0.00000,9.80665,0.000000,0.000000,0.000000,2,1,0,1,1,1,0,0,0,0
2026-09-21T06:31:24.585678+00:00,753191416,SIMULATED,820,2971780,FAULT,2,-0.000000,0.00000,7.4000,0.0000,25.00,25.00,0.00000,0.00000,0,520,0,500,0,0,0,0,20,0,520,0,0,0,0,0,0,0,0,600,600,600,100,100,0.00000,0.00000,9.80665,0.000000,0.00000,-0.00000,0.00000,0.00000,9.80665,0.000000,0.000000,0.000000,2,1,0,1,1,1,0,0,0,0
2026-09-21T06:31:24.585712+00:00,753225375,SIMULATED,821,2974184,FAULT,2,-0.000000,0.00000,7.4000,0.0000,25.00,25.00,0.00000,0.00000,0,520,0,500,0,0,0,0,20,0,520,0,0,0,0,0,0,0,0,600,600,600,100,100,0.00000,0.00000,9.80665,0.000000,0.00000,-0.00000,0.00000,0.00000,9.80665,0.000000,0.000000,0.000000,2,1,0,1,1,1,0,0,0,0
2026-09-21T06:31:24.585746+00:00,753259375,SIMULATED,822,2976588,FAULT,2,-0.000000,0.00000,7.4000,0.0000,25.00,25.00,0.00000,0.00000,0,520,0,500,0,0,0,0,20,0,520,0,0,0,0,0,0,0,0,600,600,600,100,100,0.00000,0.00000,9.80665,0.000000,0.00000,-0.00000,0.00000,0.00000,9.80665,0.000000,0.000000,0.000000,2,1,0,1,1,1,0,0,0,0
2026-09-21T06:31:24.585784+00:00,753297083,SIMULATED,823,2978992,FAULT,2,-0.000000,0.00000,7.4000,0.0000,25.00,25.00,0.00000,0.00000,0,520,0,500,0,0,0,0,20,0,520,0,0,0,0,0,0,0,0,600,600,600,100,100,0.00000,0.00000,9.80665,0.000000,0.00000,-0.00000,0.00000,0.00000,9.80665,0.000000,0.000000,0.000000,2,1,0,1,1,1,0,0,0,0
2026-09-21T06:31:24.585820+00:00,753333250,SIMULATED,824,2981396,FAULT,2,-0.000000,0.00000,7.4000,0.0000,25.00,25.00,0.00000,0.00000,0,520,0,500,0,0,0,0,20,0,520,0,0,0,0,0,0,0,0,600,600,600,100,100,0.00000,0.00000,9.80665,0.000000,0.00000,-0.00000,0.00000,0.00000,9.80665,0.000000,0.000000,0.000000,2,1,0,1,1,1,0,0,0,0
2026-09-21T06:31:24.585855+00:00,753368541,SIMULATED,825,2983800,FAULT,2,-0.000000,0.00000,7.4000,0.0000,25.00,25.00,0.00000,0.00000,0,520,0,500,0,0,0,0,20,0,520,0,0,0,0,0,0,0,0,600,600,600,100,100,0.00000,0.00000,9.80665,0.000000,0.00000,-0.00000,0.00000,0.00000,9.80665,0.000000,0.000000,0.000000,2,1,0,1,1,1,0,0,0,0
2026-09-21T06:31:24.585889+00:00,753402416,SIMULATED,826,2986204,FAULT,2,-0.000000,0.00000,7.4000,0.0000,25.00,25.00,0.00000,0.00000,0,520,0,500,0,0,0,0,20,0,520,0,0,0,0,0,0,0,0,600,600,600,100,100,0.00000,0.00000,9.80665,0.000000,0.00000,-0.00000,0.00000,0.00000,9.80665,0.000000,0.000000,0.000000,2,1,0,1,1,1,0,0,0,0
2026-09-21T06:31:24.585925+00:00,753438250,SIMULATED,827,2988608,FAULT,2,-0.000000,0.00000,7.4000,0.0000,25.00,25.00,0.00000,0.00000,0,520,0,500,0,0,0,0,20,0,520,0,0,0,0,0,0,0,0,600,600,600,100,100,0.00000,0.00000,9.80665,0.000000,0.00000,-0.00000,0.00000,0.00000,9.80665,0.000000,0.000000,0.000000,2,1,0,1,1,1,0,0,0,0
2026-09-21T06:31:24.585959+00:00,753472333,SIMULATED,828,2991012,FAULT,2,-0.000000,0.00000,7.4000,0.0000,25.00,25.00,0.00000,0.00000,0,520,0,500,0,0,0,0,20,0,520,0,0,0,0,0,0,0,0,600,600,600,100,100,0.00000,0.00000,9.80665,0.000000,0.00000,-0.00000,0.00000,0.00000,9.80665,0.000000,0.000000,0.000000,2,1,0,1,1,1,0,0,0,0
2026-09-21T06:31:24.585993+00:00,753506208,SIMULATED,829,2993416,FAULT,2,-0.000000,0.00000,7.4000,0.0000,25.00,25.00,0.00000,0.00000,0,520,0,500,0,0,0,0,20,0,520,0,0,0,0,0,0,0,0,600,600,600,100,100,0.00000,0.00000,9.80665,0.000000,0.00000,-0.00000,0.00000,0.00000,9.80665,0.000000,0.000000,0.000000,2,1,0,1,1,1,0,0,0,0
2026-09-21T06:31:24.586114+00:00,753627291,SIMULATED,830,2995820,FAULT,2,-0.000000,0.00000,7.4000,0.0000,25.00,25.00,0.00000,0.00000,0,520,0,500,0,0,0,0,20,0,520,0,0,0,0,0,0,0,0,600,600,600,100,100,0.00000,0.00000,9.80665,0.000000,0.00000,-0.00000,0.00000,0.00000,9.80665,0.000000,0.000000,0.000000,2,1,0,1,1,1,0,0,0,0
2026-09-21T06:31:24.586150+00:00,753663333,SIMULATED,831,2998224,FAULT,2,-0.000000,0.00000,7.4000,0.0000,25.00,25.00,0.00000,0.00000,0,520,0,500,0,0,0,0,20,0,520,0,0,0,0,0,0,0,0,600,600,600,100,100,0.00000,0.00000,9.80665,0.000000,0.00000,-0.00000,0.00000,0.00000,9.80665,0.000000,0.000000,0.000000,2,1,0,1,1,1,0,0,0,0
2026-09-21T06:31:24.586184+00:00,753697208,SIMULATED,832,3000628,FAULT,2,-0.000000,0.00000,7.4000,0.0000,25.00,25.00,0.00000,0.00000,0,520,0,500,0,0,0,0,20,0,520,0,0,0,0,0,0,0,0,600,600,600,100,100,0.00000,0.00000,9.80665,0.000000,0.00000,-0.00000,0.00000,0.00000,9.80665,0.000000,0.000000,0.000000,2,1,0,1,1,1,0,0,0,0
2026-09-21T06:31:24.586218+00:00,753731083,SIMULATED,833,3003032,FAULT,2,-0.000000,0.00000,7.4000,0.0000,25.00,25.00,0.00000,0.00000,0,520,0,500,0,0,0,0,20,0,520,0,0,0,0,0,0,0,0,600,600,600,100,100,0.00000,0.00000,9.80665,0.000000,0.00000,-0.00000,0.00000,0.00000,9.80665,0.000000,0.000000,0.000000,2,1,0,1,1,1,0,0,0,0
2026-09-21T06:31:24.586252+00:00,753765000,SIMULATED,834,3005436,FAULT,2,-0.000000,0.00000,7.4000,0.0000,25.00,25.00,0.00000,0.00000,0,520,0,500,0,0,0,0,20,0,520,0,0,0,0,0,0,0,0,600,600,600,100,100,0.00000,0.00000,9.80665,0.000000,0.00000,-0.00000,0.00000,0.00000,9.80665,0.000000,0.000000,0.000000,2,1,0,1,1,1,0,0,0,0
2026-09-21T06:31:24.586288+00:00,753800958,SIMULATED,835,3007840,FAULT,2,-0.000000,0.00000,7.4000,0.0000,25.00,25.00,0.00000,0.00000,0,520,0,500,0,0,0,0,20,0,520,0,0,0,0,0,0,0,0,600,600,600,100,100,0.00000,0.00000,9.80665,0.000000,0.00000,-0.00000,0.00000,0.00000,9.80665,0.000000,0.000000,0.000000,2,1,0,1,1,1,0,0,0,0
2026-09-21T06:31:24.586322+00:00,753834750,SIMULATED,836,3010244,FAULT,2,-0.000000,0.00000,7.4000,0.0000,25.00,25.00,0.00000,0.00000,0,520,0,500,0,0,0,0,20,0,520,0,0,0,0,0,0,0,0,600,600,600,100,100,0.00000,0.00000,9.80665,0.000000,0.00000,-0.00000,0.00000,0.00000,9.80665,0.000000,0.000000,0.000000,2,1,0,1,1,1,0,0,0,0
2026-09-21T06:31:24.586357+00:00,753870125,SIMULATED,837,3012648,FAULT,2,-0.000000,0.00000,7.4000,0.0000,25.00,25.00,0.00000,0.00000,0,520,0,500,0,0,0,0,20,0,520,0,0,0,0,0,0,0,0,600,600,600,100,100,0.00000,0.00000,9.80665,0.000000,0.00000,-0.00000,0.00000,0.00000,9.80665,0.000000,0.000000,0.000000,2,1,0,1,1,1,0,0,0,0
2026-09-21T06:31:24.586393+00:00,753906166,SIMULATED,838,3015052,FAULT,2,-0.000000,0.00000,7.4000,0.0000,25.00,25.00,0.00000,0.00000,0,520,0,500,0,0,0,0,20,0,520,0,0,0,0,0,0,0,0,600,600,600,100,100,0.00000,0.00000,9.80665,0.000000,0.00000,-0.00000,0.00000,0.00000,9.80665,0.000000,0.000000,0.000000,2,1,0,1,1,1,0,0,0,0
2026-09-21T06:31:24.586427+00:00,753940375,SIMULATED,839,3017456,FAULT,2,-0.000000,0.00000,7.4000,0.0000,25.00,25.00,0.00000,0.00000,0,520,0,500,0,0,0,0,20,0,520,0,0,0,0,0,0,0,0,600,600,600,100,100,0.00000,0.00000,9.80665,0.000000,0.00000,-0.00000,0.00000,0.00000,9.80665,0.000000,0.000000,0.000000,2,1,0,1,1,1,0,0,0,0
2026-09-21T06:31:24.586463+00:00,753976083,SIMULATED,840,3019860,FAULT,2,-0.000000,0.00000,7.4000,0.0000,25.00,25.00,0.00000,0.00000,0,520,0,500,0,0,0,0,20,0,520,0,0,0,0,0,0,0,0,600,600,600,100,100,0.00000,0.00000,9.80665,0.000000,0.00000,-0.00000,0.00000,0.00000,9.80665,0.000000,0.000000,0.000000,2,1,0,1,1,1,0,0,0,0
2026-09-21T06:31:24.586501+00:00,754014083,SIMULATED,841,3022264,FAULT,2,-0.000000,0.00000,7.4000,0.0000,25.00,25.00,0.00000,0.00000,0,520,0,500,0,0,0,0,20,0,520,0,0,0,0,0,0,0,0,600,600,600,100,100,0.00000,0.00000,9.80665,0.000000,0.00000,-0.00000,0.00000,0.00000,9.80665,0.000000,0.000000,0.000000,2,1,0,1,1,1,0,0,0,0
2026-09-21T06:31:24.586535+00:00,754048208,SIMULATED,842,3024668,FAULT,2,-0.000000,0.00000,7.4000,0.0000,25.00,25.00,0.00000,0.00000,0,520,0,500,0,0,0,0,20,0,520,0,0,0,0,0,0,0,0,600,600,600,100,100,0.00000,0.00000,9.80665,0.000000,0.00000,-0.00000,0.00000,0.00000,9.80665,0.000000,0.000000,0.000000,2,1,0,1,1,1,0,0,0,0
2026-09-21T06:31:24.586571+00:00,754083916,SIMULATED,843,3027072,FAULT,2,-0.000000,0.00000,7.4000,0.0000,25.00,25.00,0.00000,0.00000,0,520,0,500,0,0,0,0,20,0,520,0,0,0,0,0,0,0,0,600,600,600,100,100,0.00000,0.00000,9.80665,0.000000,0.00000,-0.00000,0.00000,0.00000,9.80665,0.000000,0.000000,0.000000,2,1,0,1,1,1,0,0,0,0
2026-09-21T06:31:24.586605+00:00,754118000,SIMULATED,844,3029476,FAULT,2,-0.000000,0.00000,7.4000,0.0000,25.00,25.00,0.00000,0.00000,0,520,0,500,0,0,0,0,20,0,520,0,0,0,0,0,0,0,0,600,600,600,100,100,0.00000,0.00000,9.80665,0.000000,0.00000,-0.00000,0.00000,0.00000,9.80665,0.000000,0.000000,0.000000,2,1,0,1,1,1,0,0,0,0
2026-09-21T06:31:24.586642+00:00,754154833,SIMULATED,845,3031880,FAULT,2,-0.000000,0.00000,7.4000,0.0000,25.00,25.00,0.00000,0.00000,0,520,0,500,0,0,0,0,20,0,520,0,0,0,0,0,0,0,0,600,600,600,100,100,0.00000,0.00000,9.80665,0.000000,0.00000,-0.00000,0.00000,0.00000,9.80665,0.000000,0.000000,0.000000,2,1,0,1,1,1,0,0,0,0
2026-09-21T06:31:24.586676+00:00,754188916,SIMULATED,846,3034284,FAULT,2,-0.000000,0.00000,7.4000,0.0000,25.00,25.00,0.00000,0.00000,0,520,0,500,0,0,0,0,20,0,520,0,0,0,0,0,0,0,0,600,600,600,100,100,0.00000,0.00000,9.80665,0.000000,0.00000,-0.00000,0.00000,0.00000,9.80665,0.000000,0.000000,0.000000,2,1,0,1,1,1,0,0,0,0
2026-09-21T06:31:24.586712+00:00,754225083,SIMULATED,847,3036688,FAULT,2,-0.000000,0.00000,7.4000,0.0000,25.00,25.00,0.00000,0.00000,0,520,0,500,0,0,0,0,20,0,520,0,0,0,0,0,0,0,0,600,600,600,100,100,0.00000,0.00000,9.80665,0.000000,0.00000,-0.00000,0.00000,0.00000,9.80665,0.000000,0.000000,0.000000,2,1,0,1,1,1,0,0,0,0
2026-09-21T06:31:24.586746+00:00,754259166,SIMULATED,848,3039092,FAULT,2,-0.000000,0.00000,7.4000,0.0000,25.00,25.00,0.00000,0.00000,0,520,0,500,0,0,0,0,20,0,520,0,0,0,0,0,0,0,0,600,600,600,100,100,0.00000,0.00000,9.80665,0.000000,0.00000,-0.00000,0.00000,0.00000,9.80665,0.000000,0.000000,0.000000,2,1,0,1,1,1,0,0,0,0
2026-09-21T06:31:24.586782+00:00,754294833,SIMULATED,849,3041496,FAULT,2,-0.000000,0.00000,7.4000,0.0000,25.00,25.00,0.00000,0.00000,0,520,0,500,0,0,0,0,20,0,520,0,0,0,0,0,0,0,0,600,600,600,100,100,0.00000,0.00000,9.80665,0.000000,0.00000,-0.00000,0.00000,0.00000,9.80665,0.000000,0.000000,0.000000,2,1,0,1,1,1,0,0,0,0
2026-09-21T06:31:24.586816+00:00,754328958,SIMULATED,850,3043900,FAULT,2,-0.000000,0.00000,7.4000,0.0000,25.00,25.00,0.00000,0.00000,0,520,0,500,0,0,0,0,20,0,520,0,0,0,0,0,0,0,0,600,600,600,100,100,0.00000,0.00000,9.80665,0.000000,0.00000,-0.00000,0.00000,0.00000,9.80665,0.000000,0.000000,0.000000,2,1,0,1,1,1,0,0,0,0
2026-09-21T06:31:24.586850+00:00,754362875,SIMULATED,851,3046304,FAULT,2,-0.000000,0.00000,7.4000,0.0000,25.00,25.00,0.00000,0.00000,0,520,0,500,0,0,0,0,20,0,520,0,0,0,0,0,0,0,0,600,600,600,100,100,0.00000,0.00000,9.80665,0.000000,0.00000,-0.00000,0.00000,0.00000,9.80665,0.000000,0.000000,0.000000,2,1,0,1,1,1,0,0,0,0
2026-09-21T06:31:24.586884+00:00,754396875,SIMULATED,852,3048708,FAULT,2,-0.000000,0.00000,7.4000,0.0000,25.00,25.00,0.00000,0.00000,0,520,0,500,0,0,0,0,20,0,520,0,0,0,0,0,0,0,0,600,600,600,100,100,0.00000,0.00000,9.80665,0.000000,0.00000,-0.00000,0.00000,0.00000,9.80665,0.000000,0.000000,0.000000,2,1,0,1,1,1,0,0,0,0
2026-09-21T06:31:24.586920+00:00,754432708,SIMULATED,853,3051112,FAULT,2,-0.000000,0.00000,7.4000,0.0000,25.00,25.00,0.00000,0.00000,0,520,0,500,0,0,0,0,20,0,520,0,0,0,0,0,0,0,0,600,600,600,100,100,0.00000,0.00000,9.80665,0.000000,0.00000,-0.00000,0.00000,0.00000,9.80665,0.000000,0.000000,0.000000,2,1,0,1,1,1,0,0,0,0
2026-09-21T06:31:24.586954+00:00,754466833,SIMULATED,854,3053516,FAULT,2,-0.000000,0.00000,7.4000,0.0000,25.00,25.00,0.00000,0.00000,0,520,0,500,0,0,0,0,20,0,520,0,0,0,0,0,0,0,0,600,600,600,100,100,0.00000,0.00000,9.80665,0.000000,0.00000,-0.00000,0.00000,0.00000,9.80665,0.000000,0.000000,0.000000,2,1,0,1,1,1,0,0,0,0
2026-09-21T06:31:24.586992+00:00,754504625,SIMULATED,855,3055920,FAULT,2,-0.000000,0.00000,7.4000,0.0000,25.00,25.00,0.00000,0.00000,0,520,0,500,0,0,0,0,20,0,520,0,0,0,0,0,0,0,0,600,600,600,100,100,0.00000,0.00000,9.80665,0.000000,0.00000,-0.00000,0.00000,0.00000,9.80665,0.000000,0.000000,0.000000,2,1,0,1,1,1,0,0,0,0
2026-09-21T06:31:24.587026+00:00,754538625,SIMULATED,856,3058324,FAULT,2,-0.000000,0.00000,7.4000,0.0000,25.00,25.00,0.00000,0.00000,0,520,0,500,0,0,0,0,20,0,520,0,0,0,0,0,0,0,0,600,600,600,100,100,0.00000,0.00000,9.80665,0.000000,0.00000,-0.00000,0.00000,0.00000,9.80665,0.000000,0.000000,0.000000,2,1,0,1,1,1,0,0,0,0
2026-09-21T06:31:24.587060+00:00,754572708,SIMULATED,857,3060728,FAULT,2,-0.000000,0.00000,7.4000,0.0000,25.00,25.00,0.00000,0.00000,0,520,0,500,0,0,0,0,20,0,520,0,0,0,0,0,0,0,0,600,600,600,100,100,0.00000,0.00000,9.80665,0.000000,0.00000,-0.00000,0.00000,0.00000,9.80665,0.000000,0.000000,0.000000,2,1,0,1,1,1,0,0,0,0
2026-09-21T06:31:24.587094+00:00,754606666,SIMULATED,858,3063132,FAULT,2,-0.000000,0.00000,7.4000,0.0000,25.00,25.00,0.00000,0.00000,0,520,0,500,0,0,0,0,20,0,520,0,0,0,0,0,0,0,0,600,600,600,100,100,0.00000,0.00000,9.80665,0.000000,0.00000,-0.00000,0.00000,0.00000,9.80665,0.000000,0.000000,0.000000,2,1,0,1,1,1,0,0,0,0
2026-09-21T06:31:24.587128+00:00,754640708,SIMULATED,859,3065536,FAULT,2,-0.000000,0.00000,7.4000,0.0000,25.00,25.00,0.00000,0.00000,0,520,0,500,0,0,0,0,20,0,520,0,0,0,0,0,0,0,0,600,600,600,100,100,0.00000,0.00000,9.80665,0.000000,0.00000,-0.00000,0.00000,0.00000,9.80665,0.000000,0.000000,0.000000,2,1,0,1,1,1,0,0,0,0
2026-09-21T06:31:24.587162+00:00,754674583,SIMULATED,860,3067940,FAULT,2,-0.000000,0.00000,7.4000,0.0000,25.00,25.00,0.00000,0.00000,0,520,0,500,0,0,0,0,20,0,520,0,0,0,0,0,0,0,0,600,600,600,100,100,0.00000,0.00000,9.80665,0.000000,0.00000,-0.00000,0.00000,0.00000,9.80665,0.000000,0.000000,0.000000,2,1,0,1,1,1,0,0,0,0
2026-09-21T06:31:24.587197+00:00,754710000,SIMULATED,861,3070344,FAULT,2,-0.000000,0.00000,7.4000,0.0000,25.00,25.00,0.00000,0.00000,0,520,0,500,0,0,0,0,20,0,520,0,0,0,0,0,0,0,0,600,600,600,100,100,0.00000,0.00000,9.80665,0.000000,0.00000,-0.00000,0.00000,0.00000,9.80665,0.000000,0.000000,0.000000,2,1,0,1,1,1,0,0,0,0
2026-09-21T06:31:24.587232+00:00,754745000,SIMULATED,862,3072748,FAULT,2,-0.000000,0.00000,7.4000,0.0000,25.00,25.00,0.00000,0.00000,0,520,0,500,0,0,0,0,20,0,520,0,0,0,0,0,0,0,0,600,600,600,100,100,0.00000,0.00000,9.80665,0.000000,0.00000,-0.00000,0.00000,0.00000,9.80665,0.000000,0.000000,0.000000,2,1,0,1,1,1,0,0,0,0
2026-09-21T06:31:24.587266+00:00,754778958,SIMULATED,863,3075152,FAULT,2,-0.000000,0.00000,7.4000,0.0000,25.00,25.00,0.00000,0.00000,0,520,0,500,0,0,0,0,20,0,520,0,0,0,0,0,0,0,0,600,600,600,100,100,0.00000,0.00000,9.80665,0.000000,0.00000,-0.00000,0.00000,0.00000,9.80665,0.000000,0.000000,0.000000,2,1,0,1,1,1,0,0,0,0
2026-09-21T06:31:24.587300+00:00,754812875,SIMULATED,864,3077556,FAULT,2,-0.000000,0.00000,7.4000,0.0000,25.00,25.00,0.00000,0.00000,0,520,0,500,0,0,0,0,20,0,520,0,0,0,0,0,0,0,0,600,600,600,100,100,0.00000,0.00000,9.80665,0.000000,0.00000,-0.00000,0.00000,0.00000,9.80665,0.000000,0.000000,0.000000,2,1,0,1,1,1,0,0,0,0
2026-09-21T06:31:24.587336+00:00,754848750,SIMULATED,865,3079960,FAULT,2,-0.000000,0.00000,7.4000,0.0000,25.00,25.00,0.00000,0.00000,0,520,0,500,0,0,0,0,20,0,520,0,0,0,0,0,0,0,0,600,600,600,100,100,0.00000,0.00000,9.80665,0.000000,0.00000,-0.00000,0.00000,0.00000,9.80665,0.000000,0.000000,0.000000,2,1,0,1,1,1,0,0,0,0
2026-09-21T06:31:24.587373+00:00,754886000,SIMULATED,866,3082364,FAULT,2,-0.000000,0.00000,7.4000,0.0000,25.00,25.00,0.00000,0.00000,0,520,0,500,0,0,0,0,20,0,520,0,0,0,0,0,0,0,0,600,600,600,100,100,0.00000,0.00000,9.80665,0.000000,0.00000,-0.00000,0.00000,0.00000,9.80665,0.000000,0.000000,0.000000,2,1,0,1,1,1,0,0,0,0
2026-09-21T06:31:24.587411+00:00,754923708,SIMULATED,867,3084768,FAULT,2,-0.000000,0.00000,7.4000,0.0000,25.00,25.00,0.00000,0.00000,0,520,0,500,0,0,0,0,20,0,520,0,0,0,0,0,0,0,0,600,600,600,100,100,0.00000,0.00000,9.80665,0.000000,0.00000,-0.00000,0.00000,0.00000,9.80665,0.000000,0.000000,0.000000,2,1,0,1,1,1,0,0,0,0
2026-09-21T06:31:24.587445+00:00,754958291,SIMULATED,868,3087172,FAULT,2,-0.000000,0.00000,7.4000,0.0000,25.00,25.00,0.00000,0.00000,0,520,0,500,0,0,0,0,20,0,520,0,0,0,0,0,0,0,0,600,600,600,100,100,0.00000,0.00000,9.80665,0.000000,0.00000,-0.00000,0.00000,0.00000,9.80665,0.000000,0.000000,0.000000,2,1,0,1,1,1,0,0,0,0
2026-09-21T06:31:24.587482+00:00,754994583,SIMULATED,869,3089576,FAULT,2,-0.000000,0.00000,7.4000,0.0000,25.00,25.00,0.00000,0.00000,0,520,0,500,0,0,0,0,20,0,520,0,0,0,0,0,0,0,0,600,600,600,100,100,0.00000,0.00000,9.80665,0.000000,0.00000,-0.00000,0.00000,0.00000,9.80665,0.000000,0.000000,0.000000,2,1,0,1,1,1,0,0,0,0
2026-09-21T06:31:24.587517+00:00,755029791,SIMULATED,870,3091980,FAULT,2,-0.000000,0.00000,7.4000,0.0000,25.00,25.00,0.00000,0.00000,0,520,0,500,0,0,0,0,20,0,520,0,0,0,0,0,0,0,0,600,600,600,100,100,0.00000,0.00000,9.80665,0.000000,0.00000,-0.00000,0.00000,0.00000,9.80665,0.000000,0.000000,0.000000,2,1,0,1,1,1,0,0,0,0
2026-09-21T06:31:24.587551+00:00,755064416,SIMULATED,871,3094384,FAULT,2,-0.000000,0.00000,7.4000,0.0000,25.00,25.00,0.00000,0.00000,0,520,0,500,0,0,0,0,20,0,520,0,0,0,0,0,0,0,0,600,600,600,100,100,0.00000,0.00000,9.80665,0.000000,0.00000,-0.00000,0.00000,0.00000,9.80665,0.000000,0.000000,0.000000,2,1,0,1,1,1,0,0,0,0
2026-09-21T06:31:24.587586+00:00,755099416,SIMULATED,872,3096788,FAULT,2,-0.000000,0.00000,7.4000,0.0000,25.00,25.00,0.00000,0.00000,0,520,0,500,0,0,0,0,20,0,520,0,0,0,0,0,0,0,0,600,600,600,100,100,0.00000,0.00000,9.80665,0.000000,0.00000,-0.00000,0.00000,0.00000,9.80665,0.000000,0.000000,0.000000,2,1,0,1,1,1,0,0,0,0
2026-09-21T06:31:24.587623+00:00,755136166,SIMULATED,873,3099192,FAULT,2,-0.000000,0.00000,7.4000,0.0000,25.00,25.00,0.00000,0.00000,0,520,0,500,0,0,0,0,20,0,520,0,0,0,0,0,0,0,0,600,600,600,100,100,0.00000,0.00000,9.80665,0.000000,0.00000,-0.00000,0.00000,0.00000,9.80665,0.000000,0.000000,0.000000,2,1,0,1,1,1,0,0,0,0
2026-09-21T06:31:24.587658+00:00,755170791,SIMULATED,874,3101596,FAULT,2,-0.000000,0.00000,7.4000,0.0000,25.00,25.00,0.00000,0.00000,0,520,0,500,0,0,0,0,20,0,520,0,0,0,0,0,0,0,0,600,600,600,100,100,0.00000,0.00000,9.80665,0.000000,0.00000,-0.00000,0.00000,0.00000,9.80665,0.000000,0.000000,0.000000,2,1,0,1,1,1,0,0,0,0
2026-09-21T06:31:24.587695+00:00,755207750,SIMULATED,875,3104000,FAULT,2,-0.000000,0.00000,7.4000,0.0000,25.00,25.00,0.00000,0.00000,0,520,0,500,0,0,0,0,20,0,520,0,0,0,0,0,0,0,0,600,600,600,100,100,0.00000,0.00000,9.80665,0.000000,0.00000,-0.00000,0.00000,0.00000,9.80665,0.000000,0.000000,0.000000,2,1,0,1,1,1,0,0,0,0
2026-09-21T06:31:24.587729+00:00,755242250,SIMULATED,876,3106404,FAULT,2,-0.000000,0.00000,7.4000,0.0000,25.00,25.00,0.00000,0.00000,0,520,0,500,0,0,0,0,20,0,520,0,0,0,0,0,0,0,0,600,600,600,100,100,0.00000,0.00000,9.80665,0.000000,0.00000,-0.00000,0.00000,0.00000,9.80665,0.000000,0.000000,0.000000,2,1,0,1,1,1,0,0,0,0
2026-09-21T06:31:24.587763+00:00,755276416,SIMULATED,877,3108808,FAULT,2,-0.000000,0.00000,7.4000,0.0000,25.00,25.00,0.00000,0.00000,0,520,0,500,0,0,0,0,20,0,520,0,0,0,0,0,0,0,0,600,600,600,100,100,0.00000,0.00000,9.80665,0.000000,0.00000,-0.00000,0.00000,0.00000,9.80665,0.000000,0.000000,0.000000,2,1,0,1,1,1,0,0,0,0
2026-09-21T06:31:24.587799+00:00,755312000,SIMULATED,878,3111212,FAULT,2,-0.000000,0.00000,7.4000,0.0000,25.00,25.00,0.00000,0.00000,0,520,0,500,0,0,0,0,20,0,520,0,0,0,0,0,0,0,0,600,600,600,100,100,0.00000,0.00000,9.80665,0.000000,0.00000,-0.00000,0.00000,0.00000,9.80665,0.000000,0.000000,0.000000,2,1,0,1,1,1,0,0,0,0
2026-09-21T06:31:24.587837+00:00,755350083,SIMULATED,879,3113616,FAULT,2,-0.000000,0.00000,7.4000,0.0000,25.00,25.00,0.00000,0.00000,0,520,0,500,0,0,0,0,20,0,520,0,0,0,0,0,0,0,0,600,600,600,100,100,0.00000,0.00000,9.80665,0.000000,0.00000,-0.00000,0.00000,0.00000,9.80665,0.000000,0.000000,0.000000,2,1,0,1,1,1,0,0,0,0
2026-09-21T06:31:24.587871+00:00,755384166,SIMULATED,880,3116020,FAULT,2,-0.000000,0.00000,7.4000,0.0000,25.00,25.00,0.00000,0.00000,0,520,0,500,0,0,0,0,20,0,520,0,0,0,0,0,0,0,0,600,600,600,100,100,0.00000,0.00000,9.80665,0.000000,0.00000,-0.00000,0.00000,0.00000,9.80665,0.000000,0.000000,0.000000,2,1,0,1,1,1,0,0,0,0
2026-09-21T06:31:24.587905+00:00,755418333,SIMULATED,881,3118424,FAULT,2,-0.000000,0.00000,7.4000,0.0000,25.00,25.00,0.00000,0.00000,0,520,0,500,0,0,0,0,20,0,520,0,0,0,0,0,0,0,0,600,600,600,100,100,0.00000,0.00000,9.80665,0.000000,0.00000,-0.00000,0.00000,0.00000,9.80665,0.000000,0.000000,0.000000,2,1,0,1,1,1,0,0,0,0
2026-09-21T06:31:24.587939+00:00,755452416,SIMULATED,882,3120828,FAULT,2,-0.000000,0.00000,7.4000,0.0000,25.00,25.00,0.00000,0.00000,0,520,0,500,0,0,0,0,20,0,520,0,0,0,0,0,0,0,0,600,600,600,100,100,0.00000,0.00000,9.80665,0.000000,0.00000,-0.00000,0.00000,0.00000,9.80665,0.000000,0.000000,0.000000,2,1,0,1,1,1,0,0,0,0
2026-09-21T06:31:24.587973+00:00,755486416,SIMULATED,883,3123232,FAULT,2,-0.000000,0.00000,7.4000,0.0000,25.00,25.00,0.00000,0.00000,0,520,0,500,0,0,0,0,20,0,520,0,0,0,0,0,0,0,0,600,600,600,100,100,0.00000,0.00000,9.80665,0.000000,0.00000,-0.00000,0.00000,0.00000,9.80665,0.000000,0.000000,0.000000,2,1,0,1,1,1,0,0,0,0
2026-09-21T06:31:24.588007+00:00,755520250,SIMULATED,884,3125636,FAULT,2,-0.000000,0.00000,7.4000,0.0000,25.00,25.00,0.00000,0.00000,0,520,0,500,0,0,0,0,20,0,520,0,0,0,0,0,0,0,0,600,600,600,100,100,0.00000,0.00000,9.80665,0.000000,0.00000,-0.00000,0.00000,0.00000,9.80665,0.000000,0.000000,0.000000,2,1,0,1,1,1,0,0,0,0
2026-09-21T06:31:24.588045+00:00,755558125,SIMULATED,885,3128040,FAULT,2,-0.000000,0.00000,7.4000,0.0000,25.00,25.00,0.00000,0.00000,0,520,0,500,0,0,0,0,20,0,520,0,0,0,0,0,0,0,0,600,600,600,100,100,0.00000,0.00000,9.80665,0.000000,0.00000,-0.00000,0.00000,0.00000,9.80665,0.000000,0.000000,0.000000,2,1,0,1,1,1,0,0,0,0
2026-09-21T06:31:24.588080+00:00,755593333,SIMULATED,886,3130444,FAULT,2,-0.000000,0.00000,7.4000,0.0000,25.00,25.00,0.00000,0.00000,0,520,0,500,0,0,0,0,20,0,520,0,0,0,0,0,0,0,0,600,600,600,100,100,0.00000,0.00000,9.80665,0.000000,0.00000,-0.00000,0.00000,0.00000,9.80665,0.000000,0.000000,0.000000,2,1,0,1,1,1,0,0,0,0
2026-09-21T06:31:24.588115+00:00,755628083,SIMULATED,887,3132848,FAULT,2,-0.000000,0.00000,7.4000,0.0000,25.00,25.00,0.00000,0.00000,0,520,0,500,0,0,0,0,20,0,520,0,0,0,0,0,0,0,0,600,600,600,100,100,0.00000,0.00000,9.80665,0.000000,0.00000,-0.00000,0.00000,0.00000,9.80665,0.000000,0.000000,0.000000,2,1,0,1,1,1,0,0,0,0
2026-09-21T06:31:24.588150+00:00,755662708,SIMULATED,888,3135252,FAULT,2,-0.000000,0.00000,7.4000,0.0000,25.00,25.00,0.00000,0.00000,0,520,0,500,0,0,0,0,20,0,520,0,0,0,0,0,0,0,0,600,600,600,100,100,0.00000,0.00000,9.80665,0.000000,0.00000,-0.00000,0.00000,0.00000,9.80665,0.000000,0.000000,0.000000,2,1,0,1,1,1,0,0,0,0
2026-09-21T06:31:24.588184+00:00,755696958,SIMULATED,889,3137656,FAULT,2,-0.000000,0.00000,7.4000,0.0000,25.00,25.00,0.00000,0.00000,0,520,0,500,0,0,0,0,20,0,520,0,0,0,0,0,0,0,0,600,600,600,100,100,0.00000,0.00000,9.80665,0.000000,0.00000,-0.00000,0.00000,0.00000,9.80665,0.000000,0.000000,0.000000,2,1,0,1,1,1,0,0,0,0
2026-09-21T06:31:24.588218+00:00,755731041,SIMULATED,890,3140060,FAULT,2,-0.000000,0.00000,7.4000,0.0000,25.00,25.00,0.00000,0.00000,0,520,0,500,0,0,0,0,20,0,520,0,0,0,0,0,0,0,0,600,600,600,100,100,0.00000,0.00000,9.80665,0.000000,0.00000,-0.00000,0.00000,0.00000,9.80665,0.000000,0.000000,0.000000,2,1,0,1,1,1,0,0,0,0
2026-09-21T06:31:24.588256+00:00,755768875,SIMULATED,891,3142464,FAULT,2,-0.000000,0.00000,7.4000,0.0000,25.00,25.00,0.00000,0.00000,0,520,0,500,0,0,0,0,20,0,520,0,0,0,0,0,0,0,0,600,600,600,100,100,0.00000,0.00000,9.80665,0.000000,0.00000,-0.00000,0.00000,0.00000,9.80665,0.000000,0.000000,0.000000,2,1,0,1,1,1,0,0,0,0
2026-09-21T06:31:24.588290+00:00,755803166,SIMULATED,892,3144868,FAULT,2,-0.000000,0.00000,7.4000,0.0000,25.00,25.00,0.00000,0.00000,0,520,0,500,0,0,0,0,20,0,520,0,0,0,0,0,0,0,0,600,600,600,100,100,0.00000,0.00000,9.80665,0.000000,0.00000,-0.00000,0.00000,0.00000,9.80665,0.000000,0.000000,0.000000,2,1,0,1,1,1,0,0,0,0
2026-09-21T06:31:24.588325+00:00,755837625,SIMULATED,893,3147272,FAULT,2,-0.000000,0.00000,7.4000,0.0000,25.00,25.00,0.00000,0.00000,0,520,0,500,0,0,0,0,20,0,520,0,0,0,0,0,0,0,0,600,600,600,100,100,0.00000,0.00000,9.80665,0.000000,0.00000,-0.00000,0.00000,0.00000,9.80665,0.000000,0.000000,0.000000,2,1,0,1,1,1,0,0,0,0
2026-09-21T06:31:24.588359+00:00,755872208,SIMULATED,894,3149676,FAULT,2,-0.000000,0.00000,7.4000,0.0000,25.00,25.00,0.00000,0.00000,0,520,0,500,0,0,0,0,20,0,520,0,0,0,0,0,0,0,0,600,600,600,100,100,0.00000,0.00000,9.80665,0.000000,0.00000,-0.00000,0.00000,0.00000,9.80665,0.000000,0.000000,0.000000,2,1,0,1,1,1,0,0,0,0
2026-09-21T06:31:24.588395+00:00,755908541,SIMULATED,895,3152080,FAULT,2,-0.000000,0.00000,7.4000,0.0000,25.00,25.00,0.00000,0.00000,0,520,0,500,0,0,0,0,20,0,520,0,0,0,0,0,0,0,0,600,600,600,100,100,0.00000,0.00000,9.80665,0.000000,0.00000,-0.00000,0.00000,0.00000,9.80665,0.000000,0.000000,0.000000,2,1,0,1,1,1,0,0,0,0
2026-09-21T06:31:24.588430+00:00,755943250,SIMULATED,896,3154484,FAULT,2,-0.000000,0.00000,7.4000,0.0000,25.00,25.00,0.00000,0.00000,0,520,0,500,0,0,0,0,20,0,520,0,0,0,0,0,0,0,0,600,600,600,100,100,0.00000,0.00000,9.80665,0.000000,0.00000,-0.00000,0.00000,0.00000,9.80665,0.000000,0.000000,0.000000,2,1,0,1,1,1,0,0,0,0
2026-09-21T06:31:24.588466+00:00,755979083,SIMULATED,897,3156888,FAULT,2,-0.000000,0.00000,7.4000,0.0000,25.00,25.00,0.00000,0.00000,0,520,0,500,0,0,0,0,20,0,520,0,0,0,0,0,0,0,0,600,600,600,100,100,0.00000,0.00000,9.80665,0.000000,0.00000,-0.00000,0.00000,0.00000,9.80665,0.000000,0.000000,0.000000,2,1,0,1,1,1,0,0,0,0
2026-09-21T06:31:24.588500+00:00,756013458,SIMULATED,898,3159292,FAULT,2,-0.000000,0.00000,7.4000,0.0000,25.00,25.00,0.00000,0.00000,0,520,0,500,0,0,0,0,20,0,520,0,0,0,0,0,0,0,0,600,600,600,100,100,0.00000,0.00000,9.80665,0.000000,0.00000,-0.00000,0.00000,0.00000,9.80665,0.000000,0.000000,0.000000,2,1,0,1,1,1,0,0,0,0
2026-09-21T06:31:24.588537+00:00,756049708,SIMULATED,899,3161696,FAULT,2,-0.000000,0.00000,7.4000,0.0000,25.00,25.00,0.00000,0.00000,0,520,0,500,0,0,0,0,20,0,520,0,0,0,0,0,0,0,0,600,600,600,100,100,0.00000,0.00000,9.80665,0.000000,0.00000,-0.00000,0.00000,0.00000,9.80665,0.000000,0.000000,0.000000,2,1,0,1,1,1,0,0,0,0
2026-09-21T06:31:24.588573+00:00,756086083,SIMULATED,900,3164100,FAULT,2,-0.000000,0.00000,7.4000,0.0000,25.00,25.00,0.00000,0.00000,0,520,0,500,0,0,0,0,20,0,520,0,0,0,0,0,0,0,0,600,600,600,100,100,0.00000,0.00000,9.80665,0.000000,0.00000,-0.00000,0.00000,0.00000,9.80665,0.000000,0.000000,0.000000,2,1,0,1,1,1,0,0,0,0
2026-09-21T06:31:24.588608+00:00,756120625,SIMULATED,901,3166504,FAULT,2,-0.000000,0.00000,7.4000,0.0000,25.00,25.00,0.00000,0.00000,0,520,0,500,0,0,0,0,20,0,520,0,0,0,0,0,0,0,0,600,600,600,100,100,0.00000,0.00000,9.80665,0.000000,0.00000,-0.00000,0.00000,0.00000,9.80665,0.000000,0.000000,0.000000,2,1,0,1,1,1,0,0,0,0
2026-09-21T06:31:24.588642+00:00,756155083,SIMULATED,902,3168908,FAULT,2,-0.000000,0.00000,7.4000,0.0000,25.00,25.00,0.00000,0.00000,0,520,0,500,0,0,0,0,20,0,520,0,0,0,0,0,0,0,0,600,600,600,100,100,0.00000,0.00000,9.80665,0.000000,0.00000,-0.00000,0.00000,0.00000,9.80665,0.000000,0.000000,0.000000,2,1,0,1,1,1,0,0,0,0
2026-09-21T06:31:24.588678+00:00,756190750,SIMULATED,903,3171312,FAULT,2,-0.000000,0.00000,7.4000,0.0000,25.00,25.00,0.00000,0.00000,0,520,0,500,0,0,0,0,20,0,520,0,0,0,0,0,0,0,0,600,600,600,100,100,0.00000,0.00000,9.80665,0.000000,0.00000,-0.00000,0.00000,0.00000,9.80665,0.000000,0.000000,0.000000,2,1,0,1,1,1,0,0,0,0
2026-09-21T06:31:24.588715+00:00,756227708,SIMULATED,904,3173716,FAULT,2,-0.000000,0.00000,7.4000,0.0000,25.00,25.00,0.00000,0.00000,0,520,0,500,0,0,0,0,20,0,520,0,0,0,0,0,0,0,0,600,600,600,100,100,0.00000,0.00000,9.80665,0.000000,0.00000,-0.00000,0.00000,0.00000,9.80665,0.000000,0.000000,0.000000,2,1,0,1,1,1,0,0,0,0
2026-09-21T06:31:24.588751+00:00,756263625,SIMULATED,905,3176120,FAULT,2,-0.000000,0.00000,7.4000,0.0000,25.00,25.00,0.00000,0.00000,0,520,0,500,0,0,0,0,20,0,520,0,0,0,0,0,0,0,0,600,600,600,100,100,0.00000,0.00000,9.80665,0.000000,0.00000,-0.00000,0.00000,0.00000,9.80665,0.000000,0.000000,0.000000,2,1,0,1,1,1,0,0,0,0
2026-09-21T06:31:24.588786+00:00,756299000,SIMULATED,906,3178524,FAULT,2,-0.000000,0.00000,7.4000,0.0000,25.00,25.00,0.00000,0.00000,0,520,0,500,0,0,0,0,20,0,520,0,0,0,0,0,0,0,0,600,600,600,100,100,0.00000,0.00000,9.80665,0.000000,0.00000,-0.00000,0.00000,0.00000,9.80665,0.000000,0.000000,0.000000,2,1,0,1,1,1,0,0,0,0
2026-09-21T06:31:24.588821+00:00,756334000,SIMULATED,907,3180928,FAULT,2,-0.000000,0.00000,7.4000,0.0000,25.00,25.00,0.00000,0.00000,0,520,0,500,0,0,0,0,20,0,520,0,0,0,0,0,0,0,0,600,600,600,100,100,0.00000,0.00000,9.80665,0.000000,0.00000,-0.00000,0.00000,0.00000,9.80665,0.000000,0.000000,0.000000,2,1,0,1,1,1,0,0,0,0
2026-09-21T06:31:24.588856+00:00,756369000,SIMULATED,908,3183332,FAULT,2,-0.000000,0.00000,7.4000,0.0000,25.00,25.00,0.00000,0.00000,0,520,0,500,0,0,0,0,20,0,520,0,0,0,0,0,0,0,0,600,600,600,100,100,0.00000,0.00000,9.80665,0.000000,0.00000,-0.00000,0.00000,0.00000,9.80665,0.000000,0.000000,0.000000,2,1,0,1,1,1,0,0,0,0
2026-09-21T06:31:24.588892+00:00,756405000,SIMULATED,909,3185736,FAULT,2,-0.000000,0.00000,7.4000,0.0000,25.00,25.00,0.00000,0.00000,0,520,0,500,0,0,0,0,20,0,520,0,0,0,0,0,0,0,0,600,600,600,100,100,0.00000,0.00000,9.80665,0.000000,0.00000,-0.00000,0.00000,0.00000,9.80665,0.000000,0.000000,0.000000,2,1,0,1,1,1,0,0,0,0
2026-09-21T06:31:24.588932+00:00,756444875,SIMULATED,910,3188140,FAULT,2,-0.000000,0.00000,7.4000,0.0000,25.00,25.00,0.00000,0.00000,0,520,0,500,0,0,0,0,20,0,520,0,0,0,0,0,0,0,0,600,600,600,100,100,0.00000,0.00000,9.80665,0.000000,0.00000,-0.00000,0.00000,0.00000,9.80665,0.000000,0.000000,0.000000,2,1,0,1,1,1,0,0,0,0
2026-09-21T06:31:24.588972+00:00,756485458,SIMULATED,911,3190544,FAULT,2,-0.000000,0.00000,7.4000,0.0000,25.00,25.00,0.00000,0.00000,0,520,0,500,0,0,0,0,20,0,520,0,0,0,0,0,0,0,0,600,600,600,100,100,0.00000,0.00000,9.80665,0.000000,0.00000,-0.00000,0.00000,0.00000,9.80665,0.000000,0.000000,0.000000,2,1,0,1,1,1,0,0,0,0
2026-09-21T06:31:24.589011+00:00,756524333,SIMULATED,912,3192948,FAULT,2,-0.000000,0.00000,7.4000,0.0000,25.00,25.00,0.00000,0.00000,0,520,0,500,0,0,0,0,20,0,520,0,0,0,0,0,0,0,0,600,600,600,100,100,0.00000,0.00000,9.80665,0.000000,0.00000,-0.00000,0.00000,0.00000,9.80665,0.000000,0.000000,0.000000,2,1,0,1,1,1,0,0,0,0
2026-09-21T06:31:24.589046+00:00,756558916,SIMULATED,913,3195352,FAULT,2,-0.000000,0.00000,7.4000,0.0000,25.00,25.00,0.00000,0.00000,0,520,0,500,0,0,0,0,20,0,520,0,0,0,0,0,0,0,0,600,600,600,100,100,0.00000,0.00000,9.80665,0.000000,0.00000,-0.00000,0.00000,0.00000,9.80665,0.000000,0.000000,0.000000,2,1,0,1,1,1,0,0,0,0
2026-09-21T06:31:24.589080+00:00,756593000,SIMULATED,914,3197756,FAULT,2,-0.000000,0.00000,7.4000,0.0000,25.00,25.00,0.00000,0.00000,0,520,0,500,0,0,0,0,20,0,520,0,0,0,0,0,0,0,0,600,600,600,100,100,0.00000,0.00000,9.80665,0.000000,0.00000,-0.00000,0.00000,0.00000,9.80665,0.000000,0.000000,0.000000,2,1,0,1,1,1,0,0,0,0
2026-09-21T06:31:24.589115+00:00,756628291,SIMULATED,915,3200160,FAULT,2,-0.000000,0.00000,7.4000,0.0000,25.00,25.00,0.00000,0.00000,0,520,0,500,0,0,0,0,20,0,520,0,0,0,0,0,0,0,0,600,600,600,100,100,0.00000,0.00000,9.80665,0.000000,0.00000,-0.00000,0.00000,0.00000,9.80665,0.000000,0.000000,0.000000,2,1,0,1,1,1,0,0,0,0
2026-09-21T06:31:24.589151+00:00,756664083,SIMULATED,916,3202564,FAULT,2,-0.000000,0.00000,7.4000,0.0000,25.00,25.00,0.00000,0.00000,0,520,0,500,0,0,0,0,20,0,520,0,0,0,0,0,0,0,0,600,600,600,100,100,0.00000,0.00000,9.80665,0.000000,0.00000,-0.00000,0.00000,0.00000,9.80665,0.000000,0.000000,0.000000,2,1,0,1,1,1,0,0,0,0
2026-09-21T06:31:24.589188+00:00,756701000,SIMULATED,917,3204968,FAULT,2,-0.000000,0.00000,7.4000,0.0000,25.00,25.00,0.00000,0.00000,0,520,0,500,0,0,0,0,20,0,520,0,0,0,0,0,0,0,0,600,600,600,100,100,0.00000,0.00000,9.80665,0.000000,0.00000,-0.00000,0.00000,0.00000,9.80665,0.000000,0.000000,0.000000,2,1,0,1,1,1,0,0,0,0
2026-09-21T06:31:24.589223+00:00,756736291,SIMULATED,918,3207372,FAULT,2,-0.000000,0.00000,7.4000,0.0000,25.00,25.00,0.00000,0.00000,0,520,0,500,0,0,0,0,20,0,520,0,0,0,0,0,0,0,0,600,600,600,100,100,0.00000,0.00000,9.80665,0.000000,0.00000,-0.00000,0.00000,0.00000,9.80665,0.000000,0.000000,0.000000,2,1,0,1,1,1,0,0,0,0
2026-09-21T06:31:24.589258+00:00,756770708,SIMULATED,919,3209776,FAULT,2,-0.000000,0.00000,7.4000,0.0000,25.00,25.00,0.00000,0.00000,0,520,0,500,0,0,0,0,20,0,520,0,0,0,0,0,0,0,0,600,600,600,100,100,0.00000,0.00000,9.80665,0.000000,0.00000,-0.00000,0.00000,0.00000,9.80665,0.000000,0.000000,0.000000,2,1,0,1,1,1,0,0,0,0
2026-09-21T06:31:24.589295+00:00,756808125,SIMULATED,920,3212180,FAULT,2,-0.000000,0.00000,7.4000,0.0000,25.00,25.00,0.00000,0.00000,0,520,0,500,0,0,0,0,20,0,520,0,0,0,0,0,0,0,0,600,600,600,100,100,0.00000,0.00000,9.80665,0.000000,0.00000,-0.00000,0.00000,0.00000,9.80665,0.000000,0.000000,0.000000,2,1,0,1,1,1,0,0,0,0
2026-09-21T06:31:24.589332+00:00,756844750,SIMULATED,921,3214584,FAULT,2,-0.000000,0.00000,7.4000,0.0000,25.00,25.00,0.00000,0.00000,0,520,0,500,0,0,0,0,20,0,520,0,0,0,0,0,0,0,0,600,600,600,100,100,0.00000,0.00000,9.80665,0.000000,0.00000,-0.00000,0.00000,0.00000,9.80665,0.000000,0.000000,0.000000,2,1,0,1,1,1,0,0,0,0
2026-09-21T06:31:24.589367+00:00,756879875,SIMULATED,922,3216988,FAULT,2,-0.000000,0.00000,7.4000,0.0000,25.00,25.00,0.00000,0.00000,0,520,0,500,0,0,0,0,20,0,520,0,0,0,0,0,0,0,0,600,600,600,100,100,0.00000,0.00000,9.80665,0.000000,0.00000,-0.00000,0.00000,0.00000,9.80665,0.000000,0.000000,0.000000,2,1,0,1,1,1,0,0,0,0
2026-09-21T06:31:24.589402+00:00,756915375,SIMULATED,923,3219392,FAULT,2,-0.000000,0.00000,7.4000,0.0000,25.00,25.00,0.00000,0.00000,0,520,0,500,0,0,0,0,20,0,520,0,0,0,0,0,0,0,0,600,600,600,100,100,0.00000,0.00000,9.80665,0.000000,0.00000,-0.00000,0.00000,0.00000,9.80665,0.000000,0.000000,0.000000,2,1,0,1,1,1,0,0,0,0
2026-09-21T06:31:24.589437+00:00,756950125,SIMULATED,924,3221796,FAULT,2,-0.000000,0.00000,7.4000,0.0000,25.00,25.00,0.00000,0.00000,0,520,0,500,0,0,0,0,20,0,520,0,0,0,0,0,0,0,0,600,600,600,100,100,0.00000,0.00000,9.80665,0.000000,0.00000,-0.00000,0.00000,0.00000,9.80665,0.000000,0.000000,0.000000,2,1,0,1,1,1,0,0,0,0
2026-09-21T06:31:24.589472+00:00,756984833,SIMULATED,925,3224200,FAULT,2,-0.000000,0.00000,7.4000,0.0000,25.00,25.00,0.00000,0.00000,0,520,0,500,0,0,0,0,20,0,520,0,0,0,0,0,0,0,0,600,600,600,100,100,0.00000,0.00000,9.80665,0.000000,0.00000,-0.00000,0.00000,0.00000,9.80665,0.000000,0.000000,0.000000,2,1,0,1,1,1,0,0,0,0
2026-09-21T06:31:24.589509+00:00,757022250,SIMULATED,926,3226604,FAULT,2,-0.000000,0.00000,7.4000,0.0000,25.00,25.00,0.00000,0.00000,0,520,0,500,0,0,0,0,20,0,520,0,0,0,0,0,0,0,0,600,600,600,100,100,0.00000,0.00000,9.80665,0.000000,0.00000,-0.00000,0.00000,0.00000,9.80665,0.000000,0.000000,0.000000,2,1,0,1,1,1,0,0,0,0
2026-09-21T06:31:24.589546+00:00,757058625,SIMULATED,927,3229008,FAULT,2,-0.000000,0.00000,7.4000,0.0000,25.00,25.00,0.00000,0.00000,0,520,0,500,0,0,0,0,20,0,520,0,0,0,0,0,0,0,0,600,600,600,100,100,0.00000,0.00000,9.80665,0.000000,0.00000,-0.00000,0.00000,0.00000,9.80665,0.000000,0.000000,0.000000,2,1,0,1,1,1,0,0,0,0
2026-09-21T06:31:24.589581+00:00,757093833,SIMULATED,928,3231412,FAULT,2,-0.000000,0.00000,7.4000,0.0000,25.00,25.00,0.00000,0.00000,0,520,0,500,0,0,0,0,20,0,520,0,0,0,0,0,0,0,0,600,600,600,100,100,0.00000,0.00000,9.80665,0.000000,0.00000,-0.00000,0.00000,0.00000,9.80665,0.000000,0.000000,0.000000,2,1,0,1,1,1,0,0,0,0
2026-09-21T06:31:24.589618+00:00,757130625,SIMULATED,929,3233816,FAULT,2,-0.000000,0.00000,7.4000,0.0000,25.00,25.00,0.00000,0.00000,0,520,0,500,0,0,0,0,20,0,520,0,0,0,0,0,0,0,0,600,600,600,100,100,0.00000,0.00000,9.80665,0.000000,0.00000,-0.00000,0.00000,0.00000,9.80665,0.000000,0.000000,0.000000,2,1,0,1,1,1,0,0,0,0
2026-09-21T06:31:24.589654+00:00,757167208,SIMULATED,930,3236220,FAULT,2,-0.000000,0.00000,7.4000,0.0000,25.00,25.00,0.00000,0.00000,0,520,0,500,0,0,0,0,20,0,520,0,0,0,0,0,0,0,0,600,600,600,100,100,0.00000,0.00000,9.80665,0.000000,0.00000,-0.00000,0.00000,0.00000,9.80665,0.000000,0.000000,0.000000,2,1,0,1,1,1,0,0,0,0
2026-09-21T06:31:24.589689+00:00,757201875,SIMULATED,931,3238624,FAULT,2,-0.000000,0.00000,7.4000,0.0000,25.00,25.00,0.00000,0.00000,0,520,0,500,0,0,0,0,20,0,520,0,0,0,0,0,0,0,0,600,600,600,100,100,0.00000,0.00000,9.80665,0.000000,0.00000,-0.00000,0.00000,0.00000,9.80665,0.000000,0.000000,0.000000,2,1,0,1,1,1,0,0,0,0
2026-09-21T06:31:24.589723+00:00,757236041,SIMULATED,932,3241028,FAULT,2,-0.000000,0.00000,7.4000,0.0000,25.00,25.00,0.00000,0.00000,0,520,0,500,0,0,0,0,20,0,520,0,0,0,0,0,0,0,0,600,600,600,100,100,0.00000,0.00000,9.80665,0.000000,0.00000,-0.00000,0.00000,0.00000,9.80665,0.000000,0.000000,0.000000,2,1,0,1,1,1,0,0,0,0
2026-09-21T06:31:24.589759+00:00,757271833,SIMULATED,933,3243432,FAULT,2,-0.000000,0.00000,7.4000,0.0000,25.00,25.00,0.00000,0.00000,0,520,0,500,0,0,0,0,20,0,520,0,0,0,0,0,0,0,0,600,600,600,100,100,0.00000,0.00000,9.80665,0.000000,0.00000,-0.00000,0.00000,0.00000,9.80665,0.000000,0.000000,0.000000,2,1,0,1,1,1,0,0,0,0
2026-09-21T06:31:24.589793+00:00,757306125,SIMULATED,934,3245836,FAULT,2,-0.000000,0.00000,7.4000,0.0000,25.00,25.00,0.00000,0.00000,0,520,0,500,0,0,0,0,20,0,520,0,0,0,0,0,0,0,0,600,600,600,100,100,0.00000,0.00000,9.80665,0.000000,0.00000,-0.00000,0.00000,0.00000,9.80665,0.000000,0.000000,0.000000,2,1,0,1,1,1,0,0,0,0
2026-09-21T06:31:24.589827+00:00,757340416,SIMULATED,935,3248240,FAULT,2,-0.000000,0.00000,7.4000,0.0000,25.00,25.00,0.00000,0.00000,0,520,0,500,0,0,0,0,20,0,520,0,0,0,0,0,0,0,0,600,600,600,100,100,0.00000,0.00000,9.80665,0.000000,0.00000,-0.00000,0.00000,0.00000,9.80665,0.000000,0.000000,0.000000,2,1,0,1,1,1,0,0,0,0
2026-09-21T06:31:24.589866+00:00,757378583,SIMULATED,936,3250644,FAULT,2,-0.000000,0.00000,7.4000,0.0000,25.00,25.00,0.00000,0.00000,0,520,0,500,0,0,0,0,20,0,520,0,0,0,0,0,0,0,0,600,600,600,100,100,0.00000,0.00000,9.80665,0.000000,0.00000,-0.00000,0.00000,0.00000,9.80665,0.000000,0.000000,0.000000,2,1,0,1,1,1,0,0,0,0
2026-09-21T06:31:24.589900+00:00,757413166,SIMULATED,937,3253048,FAULT,2,-0.000000,0.00000,7.4000,0.0000,25.00,25.00,0.00000,0.00000,0,520,0,500,0,0,0,0,20,0,520,0,0,0,0,0,0,0,0,600,600,600,100,100,0.00000,0.00000,9.80665,0.000000,0.00000,-0.00000,0.00000,0.00000,9.80665,0.000000,0.000000,0.000000,2,1,0,1,1,1,0,0,0,0
2026-09-21T06:31:24.589935+00:00,757448166,SIMULATED,938,3255452,FAULT,2,-0.000000,0.00000,7.4000,0.0000,25.00,25.00,0.00000,0.00000,0,520,0,500,0,0,0,0,20,0,520,0,0,0,0,0,0,0,0,600,600,600,100,100,0.00000,0.00000,9.80665,0.000000,0.00000,-0.00000,0.00000,0.00000,9.80665,0.000000,0.000000,0.000000,2,1,0,1,1,1,0,0,0,0
2026-09-21T06:31:24.589971+00:00,757484208,SIMULATED,939,3257856,FAULT,2,-0.000000,0.00000,7.4000,0.0000,25.00,25.00,0.00000,0.00000,0,520,0,500,0,0,0,0,20,0,520,0,0,0,0,0,0,0,0,600,600,600,100,100,0.00000,0.00000,9.80665,0.000000,0.00000,-0.00000,0.00000,0.00000,9.80665,0.000000,0.000000,0.000000,2,1,0,1,1,1,0,0,0,0
2026-09-21T06:31:24.590006+00:00,757519125,SIMULATED,940,3260260,FAULT,2,-0.000000,0.00000,7.4000,0.0000,25.00,25.00,0.00000,0.00000,0,520,0,500,0,0,0,0,20,0,520,0,0,0,0,0,0,0,0,600,600,600,100,100,0.00000,0.00000,9.80665,0.000000,0.00000,-0.00000,0.00000,0.00000,9.80665,0.000000,0.000000,0.000000,2,1,0,1,1,1,0,0,0,0
2026-09-21T06:31:24.590040+00:00,757553333,SIMULATED,941,3262664,FAULT,2,-0.000000,0.00000,7.4000,0.0000,25.00,25.00,0.00000,0.00000,0,520,0,500,0,0,0,0,20,0,520,0,0,0,0,0,0,0,0,600,600,600,100,100,0.00000,0.00000,9.80665,0.000000,0.00000,-0.00000,0.00000,0.00000,9.80665,0.000000,0.000000,0.000000,2,1,0,1,1,1,0,0,0,0
2026-09-21T06:31:24.590077+00:00,757589833,SIMULATED,942,3265068,FAULT,2,-0.000000,0.00000,7.4000,0.0000,25.00,25.00,0.00000,0.00000,0,520,0,500,0,0,0,0,20,0,520,0,0,0,0,0,0,0,0,600,600,600,100,100,0.00000,0.00000,9.80665,0.000000,0.00000,-0.00000,0.00000,0.00000,9.80665,0.000000,0.000000,0.000000,2,1,0,1,1,1,0,0,0,0
2026-09-21T06:31:24.590112+00:00,757625250,SIMULATED,943,3267472,FAULT,2,-0.000000,0.00000,7.4000,0.0000,25.00,25.00,0.00000,0.00000,0,520,0,500,0,0,0,0,20,0,520,0,0,0,0,0,0,0,0,600,600,600,100,100,0.00000,0.00000,9.80665,0.000000,0.00000,-0.00000,0.00000,0.00000,9.80665,0.000000,0.000000,0.000000,2,1,0,1,1,1,0,0,0,0
2026-09-21T06:31:24.590146+00:00,757659458,SIMULATED,944,3269876,FAULT,2,-0.000000,0.00000,7.4000,0.0000,25.00,25.00,0.00000,0.00000,0,520,0,500,0,0,0,0,20,0,520,0,0,0,0,0,0,0,0,600,600,600,100,100,0.00000,0.00000,9.80665,0.000000,0.00000,-0.00000,0.00000,0.00000,9.80665,0.000000,0.000000,0.000000,2,1,0,1,1,1,0,0,0,0
2026-09-21T06:31:24.590182+00:00,757694958,SIMULATED,945,3272280,FAULT,2,-0.000000,0.00000,7.4000,0.0000,25.00,25.00,0.00000,0.00000,0,520,0,500,0,0,0,0,20,0,520,0,0,0,0,0,0,0,0,600,600,600,100,100,0.00000,0.00000,9.80665,0.000000,0.00000,-0.00000,0.00000,0.00000,9.80665,0.000000,0.000000,0.000000,2,1,0,1,1,1,0,0,0,0
2026-09-21T06:31:24.590219+00:00,757732125,SIMULATED,946,3274684,FAULT,2,-0.000000,0.00000,7.4000,0.0000,25.00,25.00,0.00000,0.00000,0,520,0,500,0,0,0,0,20,0,520,0,0,0,0,0,0,0,0,600,600,600,100,100,0.00000,0.00000,9.80665,0.000000,0.00000,-0.00000,0.00000,0.00000,9.80665,0.000000,0.000000,0.000000,2,1,0,1,1,1,0,0,0,0
2026-09-21T06:31:24.590253+00:00,757766250,SIMULATED,947,3277088,FAULT,2,-0.000000,0.00000,7.4000,0.0000,25.00,25.00,0.00000,0.00000,0,520,0,500,0,0,0,0,20,0,520,0,0,0,0,0,0,0,0,600,600,600,100,100,0.00000,0.00000,9.80665,0.000000,0.00000,-0.00000,0.00000,0.00000,9.80665,0.000000,0.000000,0.000000,2,1,0,1,1,1,0,0,0,0
2026-09-21T06:31:24.590287+00:00,757800291,SIMULATED,948,3279492,FAULT,2,-0.000000,0.00000,7.4000,0.0000,25.00,25.00,0.00000,0.00000,0,520,0,500,0,0,0,0,20,0,520,0,0,0,0,0,0,0,0,600,600,600,100,100,0.00000,0.00000,9.80665,0.000000,0.00000,-0.00000,0.00000,0.00000,9.80665,0.000000,0.000000,0.000000,2,1,0,1,1,1,0,0,0,0
2026-09-21T06:31:24.590323+00:00,757835750,SIMULATED,949,3281896,FAULT,2,-0.000000,0.00000,7.4000,0.0000,25.00,25.00,0.00000,0.00000,0,520,0,500,0,0,0,0,20,0,520,0,0,0,0,0,0,0,0,600,600,600,100,100,0.00000,0.00000,9.80665,0.000000,0.00000,-0.00000,0.00000,0.00000,9.80665,0.000000,0.000000,0.000000,2,1,0,1,1,1,0,0,0,0
2026-09-21T06:31:24.590357+00:00,757869750,SIMULATED,950,3284300,FAULT,2,-0.000000,0.00000,7.4000,0.0000,25.00,25.00,0.00000,0.00000,0,520,0,500,0,0,0,0,20,0,520,0,0,0,0,0,0,0,0,600,600,600,100,100,0.00000,0.00000,9.80665,0.000000,0.00000,-0.00000,0.00000,0.00000,9.80665,0.000000,0.000000,0.000000,2,1,0,1,1,1,0,0,0,0
2026-09-21T06:31:24.590392+00:00,757905250,SIMULATED,951,3286704,FAULT,2,-0.000000,0.00000,7.4000,0.0000,25.00,25.00,0.00000,0.00000,0,520,0,500,0,0,0,0,20,0,520,0,0,0,0,0,0,0,0,600,600,600,100,100,0.00000,0.00000,9.80665,0.000000,0.00000,-0.00000,0.00000,0.00000,9.80665,0.000000,0.000000,0.000000,2,1,0,1,1,1,0,0,0,0
2026-09-21T06:31:24.590426+00:00,757939458,SIMULATED,952,3289108,FAULT,2,-0.000000,0.00000,7.4000,0.0000,25.00,25.00,0.00000,0.00000,0,520,0,500,0,0,0,0,20,0,520,0,0,0,0,0,0,0,0,600,600,600,100,100,0.00000,0.00000,9.80665,0.000000,0.00000,-0.00000,0.00000,0.00000,9.80665,0.000000,0.000000,0.000000,2,1,0,1,1,1,0,0,0,0
2026-09-21T06:31:24.590461+00:00,757973500,SIMULATED,953,3291512,FAULT,2,-0.000000,0.00000,7.4000,0.0000,25.00,25.00,0.00000,0.00000,0,520,0,500,0,0,0,0,20,0,520,0,0,0,0,0,0,0,0,600,600,600,100,100,0.00000,0.00000,9.80665,0.000000,0.00000,-0.00000,0.00000,0.00000,9.80665,0.000000,0.000000,0.000000,2,1,0,1,1,1,0,0,0,0
2026-09-21T06:31:24.590495+00:00,758008208,SIMULATED,954,3293916,FAULT,2,-0.000000,0.00000,7.4000,0.0000,25.00,25.00,0.00000,0.00000,0,520,0,500,0,0,0,0,20,0,520,0,0,0,0,0,0,0,0,600,600,600,100,100,0.00000,0.00000,9.80665,0.000000,0.00000,-0.00000,0.00000,0.00000,9.80665,0.000000,0.000000,0.000000,2,1,0,1,1,1,0,0,0,0
2026-09-21T06:31:24.590531+00:00,758044541,SIMULATED,955,3296320,FAULT,2,-0.000000,0.00000,7.4000,0.0000,25.00,25.00,0.00000,0.00000,0,520,0,500,0,0,0,0,20,0,520,0,0,0,0,0,0,0,0,600,600,600,100,100,0.00000,0.00000,9.80665,0.000000,0.00000,-0.00000,0.00000,0.00000,9.80665,0.000000,0.000000,0.000000,2,1,0,1,1,1,0,0,0,0
2026-09-21T06:31:24.590567+00:00,758080416,SIMULATED,956,3298724,FAULT,2,-0.000000,0.00000,7.4000,0.0000,25.00,25.00,0.00000,0.00000,0,520,0,500,0,0,0,0,20,0,520,0,0,0,0,0,0,0,0,600,600,600,100,100,0.00000,0.00000,9.80665,0.000000,0.00000,-0.00000,0.00000,0.00000,9.80665,0.000000,0.000000,0.000000,2,1,0,1,1,1,0,0,0,0
2026-09-21T06:31:24.590603+00:00,758115833,SIMULATED,957,3301128,FAULT,2,-0.000000,0.00000,7.4000,0.0000,25.00,25.00,0.00000,0.00000,0,520,0,500,0,0,0,0,20,0,520,0,0,0,0,0,0,0,0,600,600,600,100,100,0.00000,0.00000,9.80665,0.000000,0.00000,-0.00000,0.00000,0.00000,9.80665,0.000000,0.000000,0.000000,2,1,0,1,1,1,0,0,0,0
2026-09-21T06:31:24.590637+00:00,758150375,SIMULATED,958,3303532,FAULT,2,-0.000000,0.00000,7.4000,0.0000,25.00,25.00,0.00000,0.00000,0,520,0,500,0,0,0,0,20,0,520,0,0,0,0,0,0,0,0,600,600,600,100,100,0.00000,0.00000,9.80665,0.000000,0.00000,-0.00000,0.00000,0.00000,9.80665,0.000000,0.000000,0.000000,2,1,0,1,1,1,0,0,0,0
2026-09-21T06:31:24.590673+00:00,758186583,SIMULATED,959,3305936,FAULT,2,-0.000000,0.00000,7.4000,0.0000,25.00,25.00,0.00000,0.00000,0,520,0,500,0,0,0,0,20,0,520,0,0,0,0,0,0,0,0,600,600,600,100,100,0.00000,0.00000,9.80665,0.000000,0.00000,-0.00000,0.00000,0.00000,9.80665,0.000000,0.000000,0.000000,2,1,0,1,1,1,0,0,0,0
2026-09-21T06:31:24.590708+00:00,758221375,SIMULATED,960,3308340,FAULT,2,-0.000000,0.00000,7.4000,0.0000,25.00,25.00,0.00000,0.00000,0,520,0,500,0,0,0,0,20,0,520,0,0,0,0,0,0,0,0,600,600,600,100,100,0.00000,0.00000,9.80665,0.000000,0.00000,-0.00000,0.00000,0.00000,9.80665,0.000000,0.000000,0.000000,2,1,0,1,1,1,0,0,0,0
2026-09-21T06:31:24.590743+00:00,758256458,SIMULATED,961,3310744,FAULT,2,-0.000000,0.00000,7.4000,0.0000,25.00,25.00,0.00000,0.00000,0,520,0,500,0,0,0,0,20,0,520,0,0,0,0,0,0,0,0,600,600,600,100,100,0.00000,0.00000,9.80665,0.000000,0.00000,-0.00000,0.00000,0.00000,9.80665,0.000000,0.000000,0.000000,2,1,0,1,1,1,0,0,0,0
2026-09-21T06:31:24.590778+00:00,758290958,SIMULATED,962,3313148,FAULT,2,-0.000000,0.00000,7.4000,0.0000,25.00,25.00,0.00000,0.00000,0,520,0,500,0,0,0,0,20,0,520,0,0,0,0,0,0,0,0,600,600,600,100,100,0.00000,0.00000,9.80665,0.000000,0.00000,-0.00000,0.00000,0.00000,9.80665,0.000000,0.000000,0.000000,2,1,0,1,1,1,0,0,0,0
2026-09-21T06:31:24.590814+00:00,758326791,SIMULATED,963,3315552,FAULT,2,-0.000000,0.00000,7.4000,0.0000,25.00,25.00,0.00000,0.00000,0,520,0,500,0,0,0,0,20,0,520,0,0,0,0,0,0,0,0,600,600,600,100,100,0.00000,0.00000,9.80665,0.000000,0.00000,-0.00000,0.00000,0.00000,9.80665,0.000000,0.000000,0.000000,2,1,0,1,1,1,0,0,0,0
2026-09-21T06:31:24.590848+00:00,758361500,SIMULATED,964,3317956,FAULT,2,-0.000000,0.00000,7.4000,0.0000,25.00,25.00,0.00000,0.00000,0,520,0,500,0,0,0,0,20,0,520,0,0,0,0,0,0,0,0,600,600,600,100,100,0.00000,0.00000,9.80665,0.000000,0.00000,-0.00000,0.00000,0.00000,9.80665,0.000000,0.000000,0.000000,2,1,0,1,1,1,0,0,0,0
2026-09-21T06:31:24.590883+00:00,758396208,SIMULATED,965,3320360,FAULT,2,-0.000000,0.00000,7.4000,0.0000,25.00,25.00,0.00000,0.00000,0,520,0,500,0,0,0,0,20,0,520,0,0,0,0,0,0,0,0,600,600,600,100,100,0.00000,0.00000,9.80665,0.000000,0.00000,-0.00000,0.00000,0.00000,9.80665,0.000000,0.000000,0.000000,2,1,0,1,1,1,0,0,0,0
2026-09-21T06:31:24.590921+00:00,758433625,SIMULATED,966,3322764,FAULT,2,-0.000000,0.00000,7.4000,0.0000,25.00,25.00,0.00000,0.00000,0,520,0,500,0,0,0,0,20,0,520,0,0,0,0,0,0,0,0,600,600,600,100,100,0.00000,0.00000,9.80665,0.000000,0.00000,-0.00000,0.00000,0.00000,9.80665,0.000000,0.000000,0.000000,2,1,0,1,1,1,0,0,0,0
2026-09-21T06:31:24.590956+00:00,758469291,SIMULATED,967,3325168,FAULT,2,-0.000000,0.00000,7.4000,0.0000,25.00,25.00,0.00000,0.00000,0,520,0,500,0,0,0,0,20,0,520,0,0,0,0,0,0,0,0,600,600,600,100,100,0.00000,0.00000,9.80665,0.000000,0.00000,-0.00000,0.00000,0.00000,9.80665,0.000000,0.000000,0.000000,2,1,0,1,1,1,0,0,0,0
2026-09-21T06:31:24.590993+00:00,758505916,SIMULATED,968,3327572,FAULT,2,-0.000000,0.00000,7.4000,0.0000,25.00,25.00,0.00000,0.00000,0,520,0,500,0,0,0,0,20,0,520,0,0,0,0,0,0,0,0,600,600,600,100,100,0.00000,0.00000,9.80665,0.000000,0.00000,-0.00000,0.00000,0.00000,9.80665,0.000000,0.000000,0.000000,2,1,0,1,1,1,0,0,0,0
2026-09-21T06:31:24.591028+00:00,758541125,SIMULATED,969,3329976,FAULT,2,-0.000000,0.00000,7.4000,0.0000,25.00,25.00,0.00000,0.00000,0,520,0,500,0,0,0,0,20,0,520,0,0,0,0,0,0,0,0,600,600,600,100,100,0.00000,0.00000,9.80665,0.000000,0.00000,-0.00000,0.00000,0.00000,9.80665,0.000000,0.000000,0.000000,2,1,0,1,1,1,0,0,0,0
2026-09-21T06:31:24.591062+00:00,758574916,SIMULATED,970,3332380,FAULT,2,-0.000000,0.00000,7.4000,0.0000,25.00,25.00,0.00000,0.00000,0,520,0,500,0,0,0,0,20,0,520,0,0,0,0,0,0,0,0,600,600,600,100,100,0.00000,0.00000,9.80665,0.000000,0.00000,-0.00000,0.00000,0.00000,9.80665,0.000000,0.000000,0.000000,2,1,0,1,1,1,0,0,0,0
2026-09-21T06:31:24.591096+00:00,758608541,SIMULATED,971,3334784,FAULT,2,-0.000000,0.00000,7.4000,0.0000,25.00,25.00,0.00000,0.00000,0,520,0,500,0,0,0,0,20,0,520,0,0,0,0,0,0,0,0,600,600,600,100,100,0.00000,0.00000,9.80665,0.000000,0.00000,-0.00000,0.00000,0.00000,9.80665,0.000000,0.000000,0.000000,2,1,0,1,1,1,0,0,0,0
2026-09-21T06:31:24.591129+00:00,758642416,SIMULATED,972,3337188,FAULT,2,-0.000000,0.00000,7.4000,0.0000,25.00,25.00,0.00000,0.00000,0,520,0,500,0,0,0,0,20,0,520,0,0,0,0,0,0,0,0,600,600,600,100,100,0.00000,0.00000,9.80665,0.000000,0.00000,-0.00000,0.00000,0.00000,9.80665,0.000000,0.000000,0.000000,2,1,0,1,1,1,0,0,0,0
2026-09-21T06:31:24.591163+00:00,758676208,SIMULATED,973,3339592,FAULT,2,-0.000000,0.00000,7.4000,0.0000,25.00,25.00,0.00000,0.00000,0,520,0,500,0,0,0,0,20,0,520,0,0,0,0,0,0,0,0,600,600,600,100,100,0.00000,0.00000,9.80665,0.000000,0.00000,-0.00000,0.00000,0.00000,9.80665,0.000000,0.000000,0.000000,2,1,0,1,1,1,0,0,0,0
2026-09-21T06:31:24.591199+00:00,758712416,SIMULATED,974,3341996,FAULT,2,-0.000000,0.00000,7.4000,0.0000,25.00,25.00,0.00000,0.00000,0,520,0,500,0,0,0,0,20,0,520,0,0,0,0,0,0,0,0,600,600,600,100,100,0.00000,0.00000,9.80665,0.000000,0.00000,-0.00000,0.00000,0.00000,9.80665,0.000000,0.000000,0.000000,2,1,0,1,1,1,0,0,0,0
2026-09-21T06:31:24.591236+00:00,758749500,SIMULATED,975,3344400,FAULT,2,-0.000000,0.00000,7.4000,0.0000,25.00,25.00,0.00000,0.00000,0,520,0,500,0,0,0,0,20,0,520,0,0,0,0,0,0,0,0,600,600,600,100,100,0.00000,0.00000,9.80665,0.000000,0.00000,-0.00000,0.00000,0.00000,9.80665,0.000000,0.000000,0.000000,2,1,0,1,1,1,0,0,0,0
2026-09-21T06:31:24.591273+00:00,758785541,SIMULATED,976,3346804,FAULT,2,-0.000000,0.00000,7.4000,0.0000,25.00,25.00,0.00000,0.00000,0,520,0,500,0,0,0,0,20,0,520,0,0,0,0,0,0,0,0,600,600,600,100,100,0.00000,0.00000,9.80665,0.000000,0.00000,-0.00000,0.00000,0.00000,9.80665,0.000000,0.000000,0.000000,2,1,0,1,1,1,0,0,0,0
2026-09-21T06:31:24.591306+00:00,758819166,SIMULATED,977,3349208,FAULT,2,-0.000000,0.00000,7.4000,0.0000,25.00,25.00,0.00000,0.00000,0,520,0,500,0,0,0,0,20,0,520,0,0,0,0,0,0,0,0,600,600,600,100,100,0.00000,0.00000,9.80665,0.000000,0.00000,-0.00000,0.00000,0.00000,9.80665,0.000000,0.000000,0.000000,2,1,0,1,1,1,0,0,0,0
2026-09-21T06:31:24.591340+00:00,758853166,SIMULATED,978,3351612,FAULT,2,-0.000000,0.00000,7.4000,0.0000,25.00,25.00,0.00000,0.00000,0,520,0,500,0,0,0,0,20,0,520,0,0,0,0,0,0,0,0,600,600,600,100,100,0.00000,0.00000,9.80665,0.000000,0.00000,-0.00000,0.00000,0.00000,9.80665,0.000000,0.000000,0.000000,2,1,0,1,1,1,0,0,0,0
2026-09-21T06:31:24.591374+00:00,758887125,SIMULATED,979,3354016,FAULT,2,-0.000000,0.00000,7.4000,0.0000,25.00,25.00,0.00000,0.00000,0,520,0,500,0,0,0,0,20,0,520,0,0,0,0,0,0,0,0,600,600,600,100,100,0.00000,0.00000,9.80665,0.000000,0.00000,-0.00000,0.00000,0.00000,9.80665,0.000000,0.000000,0.000000,2,1,0,1,1,1,0,0,0,0
2026-09-21T06:31:24.591408+00:00,758920958,SIMULATED,980,3356420,FAULT,2,-0.000000,0.00000,7.4000,0.0000,25.00,25.00,0.00000,0.00000,0,520,0,500,0,0,0,0,20,0,520,0,0,0,0,0,0,0,0,600,600,600,100,100,0.00000,0.00000,9.80665,0.000000,0.00000,-0.00000,0.00000,0.00000,9.80665,0.000000,0.000000,0.000000,2,1,0,1,1,1,0,0,0,0
2026-09-21T06:31:24.591447+00:00,758960000,SIMULATED,981,3358824,FAULT,2,-0.000000,0.00000,7.4000,0.0000,25.00,25.00,0.00000,0.00000,0,520,0,500,0,0,0,0,20,0,520,0,0,0,0,0,0,0,0,600,600,600,100,100,0.00000,0.00000,9.80665,0.000000,0.00000,-0.00000,0.00000,0.00000,9.80665,0.000000,0.000000,0.000000,2,1,0,1,1,1,0,0,0,0
2026-09-21T06:31:24.591481+00:00,758993666,SIMULATED,982,3361228,FAULT,2,-0.000000,0.00000,7.4000,0.0000,25.00,25.00,0.00000,0.00000,0,520,0,500,0,0,0,0,20,0,520,0,0,0,0,0,0,0,0,600,600,600,100,100,0.00000,0.00000,9.80665,0.000000,0.00000,-0.00000,0.00000,0.00000,9.80665,0.000000,0.000000,0.000000,2,1,0,1,1,1,0,0,0,0
2026-09-21T06:31:24.591515+00:00,759027833,SIMULATED,983,3363632,FAULT,2,-0.000000,0.00000,7.4000,0.0000,25.00,25.00,0.00000,0.00000,0,520,0,500,0,0,0,0,20,0,520,0,0,0,0,0,0,0,0,600,600,600,100,100,0.00000,0.00000,9.80665,0.000000,0.00000,-0.00000,0.00000,0.00000,9.80665,0.000000,0.000000,0.000000,2,1,0,1,1,1,0,0,0,0
2026-09-21T06:31:24.591549+00:00,759062041,SIMULATED,984,3366036,FAULT,2,-0.000000,0.00000,7.4000,0.0000,25.00,25.00,0.00000,0.00000,0,520,0,500,0,0,0,0,20,0,520,0,0,0,0,0,0,0,0,600,600,600,100,100,0.00000,0.00000,9.80665,0.000000,0.00000,-0.00000,0.00000,0.00000,9.80665,0.000000,0.000000,0.000000,2,1,0,1,1,1,0,0,0,0
2026-09-21T06:31:24.591583+00:00,759095958,SIMULATED,985,3368440,FAULT,2,-0.000000,0.00000,7.4000,0.0000,25.00,25.00,0.00000,0.00000,0,520,0,500,0,0,0,0,20,0,520,0,0,0,0,0,0,0,0,600,600,600,100,100,0.00000,0.00000,9.80665,0.000000,0.00000,-0.00000,0.00000,0.00000,9.80665,0.000000,0.000000,0.000000,2,1,0,1,1,1,0,0,0,0
2026-09-21T06:31:24.591619+00:00,759131958,SIMULATED,986,3370844,FAULT,2,-0.000000,0.00000,7.4000,0.0000,25.00,25.00,0.00000,0.00000,0,520,0,500,0,0,0,0,20,0,520,0,0,0,0,0,0,0,0,600,600,600,100,100,0.00000,0.00000,9.80665,0.000000,0.00000,-0.00000,0.00000,0.00000,9.80665,0.000000,0.000000,0.000000,2,1,0,1,1,1,0,0,0,0
2026-09-21T06:31:24.591659+00:00,759172208,SIMULATED,987,3373248,FAULT,2,-0.000000,0.00000,7.4000,0.0000,25.00,25.00,0.00000,0.00000,0,520,0,500,0,0,0,0,20,0,520,0,0,0,0,0,0,0,0,600,600,600,100,100,0.00000,0.00000,9.80665,0.000000,0.00000,-0.00000,0.00000,0.00000,9.80665,0.000000,0.000000,0.000000,2,1,0,1,1,1,0,0,0,0
2026-09-21T06:31:24.591693+00:00,759206083,SIMULATED,988,3375652,FAULT,2,-0.000000,0.00000,7.4000,0.0000,25.00,25.00,0.00000,0.00000,0,520,0,500,0,0,0,0,20,0,520,0,0,0,0,0,0,0,0,600,600,600,100,100,0.00000,0.00000,9.80665,0.000000,0.00000,-0.00000,0.00000,0.00000,9.80665,0.000000,0.000000,0.000000,2,1,0,1,1,1,0,0,0,0
2026-09-21T06:31:24.591727+00:00,759239791,SIMULATED,989,3378056,FAULT,2,-0.000000,0.00000,7.4000,0.0000,25.00,25.00,0.00000,0.00000,0,520,0,500,0,0,0,0,20,0,520,0,0,0,0,0,0,0,0,600,600,600,100,100,0.00000,0.00000,9.80665,0.000000,0.00000,-0.00000,0.00000,0.00000,9.80665,0.000000,0.000000,0.000000,2,1,0,1,1,1,0,0,0,0
2026-09-21T06:31:24.591765+00:00,759278583,SIMULATED,990,3380460,FAULT,2,-0.000000,0.00000,7.4000,0.0000,25.00,25.00,0.00000,0.00000,0,520,0,500,0,0,0,0,20,0,520,0,0,0,0,0,0,0,0,600,600,600,100,100,0.00000,0.00000,9.80665,0.000000,0.00000,-0.00000,0.00000,0.00000,9.80665,0.000000,0.000000,0.000000,2,1,0,1,1,1,0,0,0,0
2026-09-21T06:31:24.591800+00:00,759313208,SIMULATED,991,3382864,FAULT,2,-0.000000,0.00000,7.4000,0.0000,25.00,25.00,0.00000,0.00000,0,520,0,500,0,0,0,0,20,0,520,0,0,0,0,0,0,0,0,600,600,600,100,100,0.00000,0.00000,9.80665,0.000000,0.00000,-0.00000,0.00000,0.00000,9.80665,0.000000,0.000000,0.000000,2,1,0,1,1,1,0,0,0,0
2026-09-21T06:31:24.591834+00:00,759347291,SIMULATED,992,3385268,FAULT,2,-0.000000,0.00000,7.4000,0.0000,25.00,25.00,0.00000,0.00000,0,520,0,500,0,0,0,0,20,0,520,0,0,0,0,0,0,0,0,600,600,600,100,100,0.00000,0.00000,9.80665,0.000000,0.00000,-0.00000,0.00000,0.00000,9.80665,0.000000,0.000000,0.000000,2,1,0,1,1,1,0,0,0,0
2026-09-21T06:31:24.591870+00:00,759382583,SIMULATED,993,3387672,FAULT,2,-0.000000,0.00000,7.4000,0.0000,25.00,25.00,0.00000,0.00000,0,520,0,500,0,0,0,0,20,0,520,0,0,0,0,0,0,0,0,600,600,600,100,100,0.00000,0.00000,9.80665,0.000000,0.00000,-0.00000,0.00000,0.00000,9.80665,0.000000,0.000000,0.000000,2,1,0,1,1,1,0,0,0,0
2026-09-21T06:31:24.591905+00:00,759418541,SIMULATED,994,3390076,FAULT,2,-0.000000,0.00000,7.4000,0.0000,25.00,25.00,0.00000,0.00000,0,520,0,500,0,0,0,0,20,0,520,0,0,0,0,0,0,0,0,600,600,600,100,100,0.00000,0.00000,9.80665,0.000000,0.00000,-0.00000,0.00000,0.00000,9.80665,0.000000,0.000000,0.000000,2,1,0,1,1,1,0,0,0,0
2026-09-21T06:31:24.591940+00:00,759452958,SIMULATED,995,3392480,FAULT,2,-0.000000,0.00000,7.4000,0.0000,25.00,25.00,0.00000,0.00000,0,520,0,500,0,0,0,0,20,0,520,0,0,0,0,0,0,0,0,600,600,600,100,100,0.00000,0.00000,9.80665,0.000000,0.00000,-0.00000,0.00000,0.00000,9.80665,0.000000,0.000000,0.000000,2,1,0,1,1,1,0,0,0,0
2026-09-21T06:31:24.591976+00:00,759488625,SIMULATED,996,3394884,FAULT,2,-0.000000,0.00000,7.4000,0.0000,25.00,25.00,0.00000,0.00000,0,520,0,500,0,0,0,0,20,0,520,0,0,0,0,0,0,0,0,600,600,600,100,100,0.00000,0.00000,9.80665,0.000000,0.00000,-0.00000,0.00000,0.00000,9.80665,0.000000,0.000000,0.000000,2,1,0,1,1,1,0,0,0,0
2026-09-21T06:31:24.592010+00:00,759522791,SIMULATED,997,3397288,FAULT,2,-0.000000,0.00000,7.4000,0.0000,25.00,25.00,0.00000,0.00000,0,520,0,500,0,0,0,0,20,0,520,0,0,0,0,0,0,0,0,600,600,600,100,100,0.00000,0.00000,9.80665,0.000000,0.00000,-0.00000,0.00000,0.00000,9.80665,0.000000,0.000000,0.000000,2,1,0,1,1,1,0,0,0,0
2026-09-21T06:31:24.592044+00:00,759557291,SIMULATED,998,3399692,FAULT,2,-0.000000,0.00000,7.4000,0.0000,25.00,25.00,0.00000,0.00000,0,520,0,500,0,0,0,0,20,0,520,0,0,0,0,0,0,0,0,600,600,600,100,100,0.00000,0.00000,9.80665,0.000000,0.00000,-0.00000,0.00000,0.00000,9.80665,0.000000,0.000000,0.000000,2,1,0,1,1,1,0,0,0,0
2026-09-21T06:31:24.592081+00:00,759594333,SIMULATED,999,3402096,FAULT,2,-0.000000,0.00000,7.4000,0.0000,25.00,25.00,0.00000,0.00000,0,520,0,500,0,0,0,0,20,0,520,0,0,0,0,0,0,0,0,600,600,600,100,100,0.00000,0.00000,9.80665,0.000000,0.00000,-0.00000,0.00000,0.00000,9.80665,0.000000,0.000000,0.000000,2,1,0,1,1,1,0,0,0,0
2026-09-21T06:31:24.592116+00:00,759628708,SIMULATED,1000,3404500,FAULT,2,-0.000000,0.00000,7.4000,0.0000,25.00,25.00,0.00000,0.00000,0,520,0,500,0,0,0,0,20,0,520,0,0,0,0,0,0,0,0,600,600,600,100,100,0.00000,0.00000,9.80665,0.000000,0.00000,-0.00000,0.00000,0.00000,9.80665,0.000000,0.000000,0.000000,2,1,0,1,1,1,0,0,0,0
