host_utc,host_monotonic_ns,source,seq,device_us,state,fault,pitch_rad,v_m_s,bat_V,bus_A,TL_C,TR_C,uL,uR,enabled,run_us,wake_us,imu_io_us,monitor_io_us,encoder_us,fusion_us,feedback_us,pwm_submit_us,jitter_us,max_run_us,max_wake_us,max_jitter_us,sample_missed,log_dropped,command_overflows,reply_dropped,cal_count,head_enabled,p50_run_upper_us,p95_run_upper_us,p99_run_upper_us,p99_wake_upper_us,p99_jitter_upper_us,ax_m_s2,ay_m_s2,az_m_s2,gy_rad_s,vL_m_s,vR_m_s,raw_ax_m_s2,raw_ay_m_s2,raw_az_m_s2,raw_gx_rad_s,raw_gy_rad_s,raw_gz_rad_s,health_fault,driver_ok,estop_ok,imu_ok,monitor_ok,encoders_ok,low_battery,request_support,encoder_count_L,encoder_count_R
2026-09-21T05:52:50.823021+00:00,21899833,SIMULATED,1,1002904,DISARMED,0,-0.000000,0.00000,7.4000,0.0000,25.00,25.00,0.00000,0.00000,0,520,0,500,0,0,0,0,20,0,520,0,0,0,0,0,0,0,0,0,0,0,0,0,0.00000,0.00000,9.80665,0.000000,0.00000,-0.00000,0.00000,0.00000,9.80665,0.000000,0.000000,0.000000,0,1,1,1,1,1,0,0,0,0
2026-09-21T05:52:50.823132+00:00,22011375,SIMULATED,2,1005308,DISARMED,0,-0.000000,0.00000,7.4000,0.0000,25.00,25.00,0.00000,0.00000,0,520,0,500,0,0,0,0,20,0,520,0,0,0,0,0,0,0,0,600,600,600,100,100,0.00000,0.00000,9.80665,0.000000,0.00000,-0.00000,0.00000,0.00000,9.80665,0.000000,0.000000,0.000000,0,1,1,1,1,1,0,0,0,0
2026-09-21T05:52:50.823181+00:00,22060250,SIMULATED,3,1007712,DISARMED,0,-0.000000,0.00000,7.4000,0.0000,25.00,25.00,0.00000,0.00000,0,520,0,500,0,0,0,0,20,0,520,0,0,0,0,0,0,0,0,600,600,600,100,100,0.00000,0.00000,9.80665,0.000000,0.00000,-0.00000,0.00000,0.00000,9.80665,0.000000,0.000000,0.000000,0,1,1,1,1,1,0,0,0,0
2026-09-21T05:52:50.823222+00:00,22100666,SIMULATED,4,1010116,DISARMED,0,-0.000000,0.00000,7.4000,0.0000,25.00,25.00,0.00000,0.00000,0,520,0,500,0,0,0,0,20,0,520,0,0,0,0,0,0,0,0,600,600,600,100,100,0.00000,0.00000,9.80665,0.000000,0.00000,-0.00000,0.00000,0.00000,9.80665,0.000000,0.000000,0.000000,0,1,1,1,1,1,0,0,0,0
2026-09-21T05:52:50.823261+00:00,22139583,SIMULATED,5,1012520,DISARMED,0,-0.000000,0.00000,7.4000,0.0000,25.00,25.00,0.00000,0.00000,0,520,0,500,0,0,0,0,20,0,520,0,0,0,0,0,0,0,0,600,600,600,100,100,0.00000,0.00000,9.80665,0.000000,0.00000,-0.00000,0.00000,0.00000,9.80665,0.000000,0.000000,0.000000,0,1,1,1,1,1,0,0,0,0
2026-09-21T05:52:50.823298+00:00,22176958,SIMULATED,6,1014924,DISARMED,0,-0.000000,0.00000,7.4000,0.0000,25.00,25.00,0.00000,0.00000,0,520,0,500,0,0,0,0,20,0,520,0,0,0,0,0,0,0,0,600,600,600,100,100,0.00000,0.00000,9.80665,0.000000,0.00000,-0.00000,0.00000,0.00000,9.80665,0.000000,0.000000,0.000000,0,1,1,1,1,1,0,0,0,0
2026-09-21T05:52:50.823335+00:00,22213916,SIMULATED,7,1017328,DISARMED,0,-0.000000,0.00000,7.4000,0.0000,25.00,25.00,0.00000,0.00000,0,520,0,500,0,0,0,0,20,0,520,0,0,0,0,0,0,0,0,600,600,600,100,100,0.00000,0.00000,9.80665,0.000000,0.00000,-0.00000,0.00000,0.00000,9.80665,0.000000,0.000000,0.000000,0,1,1,1,1,1,0,0,0,0
2026-09-21T05:52:50.823372+00:00,22250458,SIMULATED,8,1019732,DISARMED,0,-0.000000,0.00000,7.4000,0.0000,25.00,25.00,0.00000,0.00000,0,520,0,500,0,0,0,0,20,0,520,0,0,0,0,0,0,0,0,600,600,600,100,100,0.00000,0.00000,9.80665,0.000000,0.00000,-0.00000,0.00000,0.00000,9.80665,0.000000,0.000000,0.000000,0,1,1,1,1,1,0,0,0,0
2026-09-21T05:52:50.823414+00:00,22293166,SIMULATED,9,1022136,DISARMED,0,-0.000000,0.00000,7.4000,0.0000,25.00,25.00,0.00000,0.00000,0,520,0,500,0,0,0,0,20,0,520,0,0,0,0,0,0,0,0,600,600,600,100,100,0.00000,0.00000,9.80665,0.000000,0.00000,-0.00000,0.00000,0.00000,9.80665,0.000000,0.000000,0.000000,0,1,1,1,1,1,0,0,0,0
2026-09-21T05:52:50.823524+00:00,22402541,SIMULATED,10,1024540,DISARMED,0,-0.000000,0.00000,7.4000,0.0000,25.00,25.00,0.00000,0.00000,0,520,0,500,0,0,0,0,20,0,520,0,0,0,0,0,0,0,0,600,600,600,100,100,0.00000,0.00000,9.80665,0.000000,0.00000,-0.00000,0.00000,0.00000,9.80665,0.000000,0.000000,0.000000,0,1,1,1,1,1,0,0,0,0
2026-09-21T05:52:50.823561+00:00,22439958,SIMULATED,11,1026944,DISARMED,0,-0.000000,0.00000,7.4000,0.0000,25.00,25.00,0.00000,0.00000,0,520,0,500,0,0,0,0,20,0,520,0,0,0,0,0,0,0,0,600,600,600,100,100,0.00000,0.00000,9.80665,0.000000,0.00000,-0.00000,0.00000,0.00000,9.80665,0.000000,0.000000,0.000000,0,1,1,1,1,1,0,0,0,0
2026-09-21T05:52:50.823599+00:00,22478083,SIMULATED,12,1029348,DISARMED,0,-0.000000,0.00000,7.4000,0.0000,25.00,25.00,0.00000,0.00000,0,520,0,500,0,0,0,0,20,0,520,0,0,0,0,0,0,0,0,600,600,600,100,100,0.00000,0.00000,9.80665,0.000000,0.00000,-0.00000,0.00000,0.00000,9.80665,0.000000,0.000000,0.000000,0,1,1,1,1,1,0,0,0,0
2026-09-21T05:52:50.823637+00:00,22515416,SIMULATED,13,1031752,DISARMED,0,-0.000000,0.00000,7.4000,0.0000,25.00,25.00,0.00000,0.00000,0,520,0,500,0,0,0,0,20,0,520,0,0,0,0,0,0,0,0,600,600,600,100,100,0.00000,0.00000,9.80665,0.000000,0.00000,-0.00000,0.00000,0.00000,9.80665,0.000000,0.000000,0.000000,0,1,1,1,1,1,0,0,0,0
2026-09-21T05:52:50.823671+00:00,22550041,SIMULATED,14,1034156,DISARMED,0,-0.000000,0.00000,7.4000,0.0000,25.00,25.00,0.00000,0.00000,0,520,0,500,0,0,0,0,20,0,520,0,0,0,0,0,0,0,0,600,600,600,100,100,0.00000,0.00000,9.80665,0.000000,0.00000,-0.00000,0.00000,0.00000,9.80665,0.000000,0.000000,0.000000,0,1,1,1,1,1,0,0,0,0
2026-09-21T05:52:50.823707+00:00,22586000,SIMULATED,15,1036560,DISARMED,0,-0.000000,0.00000,7.4000,0.0000,25.00,25.00,0.00000,0.00000,0,520,0,500,0,0,0,0,20,0,520,0,0,0,0,0,0,0,0,600,600,600,100,100,0.00000,0.00000,9.80665,0.000000,0.00000,-0.00000,0.00000,0.00000,9.80665,0.000000,0.000000,0.000000,0,1,1,1,1,1,0,0,0,0
2026-09-21T05:52:50.823742+00:00,22620291,SIMULATED,16,1038964,DISARMED,0,-0.000000,0.00000,7.4000,0.0000,25.00,25.00,0.00000,0.00000,0,520,0,500,0,0,0,0,20,0,520,0,0,0,0,0,0,0,0,600,600,600,100,100,0.00000,0.00000,9.80665,0.000000,0.00000,-0.00000,0.00000,0.00000,9.80665,0.000000,0.000000,0.000000,0,1,1,1,1,1,0,0,0,0
2026-09-21T05:52:50.823776+00:00,22654500,SIMULATED,17,1041368,DISARMED,0,-0.000000,0.00000,7.4000,0.0000,25.00,25.00,0.00000,0.00000,0,520,0,500,0,0,0,0,20,0,520,0,0,0,0,0,0,0,0,600,600,600,100,100,0.00000,0.00000,9.80665,0.000000,0.00000,-0.00000,0.00000,0.00000,9.80665,0.000000,0.000000,0.000000,0,1,1,1,1,1,0,0,0,0
2026-09-21T05:52:50.823810+00:00,22688791,SIMULATED,18,1043772,DISARMED,0,-0.000000,0.00000,7.4000,0.0000,25.00,25.00,0.00000,0.00000,0,520,0,500,0,0,0,0,20,0,520,0,0,0,0,0,0,0,0,600,600,600,100,100,0.00000,0.00000,9.80665,0.000000,0.00000,-0.00000,0.00000,0.00000,9.80665,0.000000,0.000000,0.000000,0,1,1,1,1,1,0,0,0,0
2026-09-21T05:52:50.823847+00:00,22726000,SIMULATED,19,1046176,DISARMED,0,-0.000000,0.00000,7.4000,0.0000,25.00,25.00,0.00000,0.00000,0,520,0,500,0,0,0,0,20,0,520,0,0,0,0,0,0,0,0,600,600,600,100,100,0.00000,0.00000,9.80665,0.000000,0.00000,-0.00000,0.00000,0.00000,9.80665,0.000000,0.000000,0.000000,0,1,1,1,1,1,0,0,0,0
2026-09-21T05:52:50.823882+00:00,22760375,SIMULATED,20,1048580,DISARMED,0,-0.000000,0.00000,7.4000,0.0000,25.00,25.00,0.00000,0.00000,0,520,0,500,0,0,0,0,20,0,520,0,0,0,0,0,0,0,0,600,600,600,100,100,0.00000,0.00000,9.80665,0.000000,0.00000,-0.00000,0.00000,0.00000,9.80665,0.000000,0.000000,0.000000,0,1,1,1,1,1,0,0,0,0
2026-09-21T05:52:50.823917+00:00,22795833,SIMULATED,21,1050984,DISARMED,0,-0.000000,0.00000,7.4000,0.0000,25.00,25.00,0.00000,0.00000,0,520,0,500,0,0,0,0,20,0,520,0,0,0,0,0,0,0,0,600,600,600,100,100,0.00000,0.00000,9.80665,0.000000,0.00000,-0.00000,0.00000,0.00000,9.80665,0.000000,0.000000,0.000000,0,1,1,1,1,1,0,0,0,0
2026-09-21T05:52:50.823951+00:00,22829916,SIMULATED,22,1053388,DISARMED,0,-0.000000,0.00000,7.4000,0.0000,25.00,25.00,0.00000,0.00000,0,520,0,500,0,0,0,0,20,0,520,0,0,0,0,0,0,0,0,600,600,600,100,100,0.00000,0.00000,9.80665,0.000000,0.00000,-0.00000,0.00000,0.00000,9.80665,0.000000,0.000000,0.000000,0,1,1,1,1,1,0,0,0,0
2026-09-21T05:52:50.823985+00:00,22863791,SIMULATED,23,1055792,DISARMED,0,-0.000000,0.00000,7.4000,0.0000,25.00,25.00,0.00000,0.00000,0,520,0,500,0,0,0,0,20,0,520,0,0,0,0,0,0,0,0,600,600,600,100,100,0.00000,0.00000,9.80665,0.000000,0.00000,-0.00000,0.00000,0.00000,9.80665,0.000000,0.000000,0.000000,0,1,1,1,1,1,0,0,0,0
2026-09-21T05:52:50.824019+00:00,22897750,SIMULATED,24,1058196,DISARMED,0,-0.000000,0.00000,7.4000,0.0000,25.00,25.00,0.00000,0.00000,0,520,0,500,0,0,0,0,20,0,520,0,0,0,0,0,0,0,0,600,600,600,100,100,0.00000,0.00000,9.80665,0.000000,0.00000,-0.00000,0.00000,0.00000,9.80665,0.000000,0.000000,0.000000,0,1,1,1,1,1,0,0,0,0
2026-09-21T05:52:50.824056+00:00,22934291,SIMULATED,25,1060600,DISARMED,0,-0.000000,0.00000,7.4000,0.0000,25.00,25.00,0.00000,0.00000,0,520,0,500,0,0,0,0,20,0,520,0,0,0,0,0,0,0,0,600,600,600,100,100,0.00000,0.00000,9.80665,0.000000,0.00000,-0.00000,0.00000,0.00000,9.80665,0.000000,0.000000,0.000000,0,1,1,1,1,1,0,0,0,0
2026-09-21T05:52:50.824090+00:00,22968916,SIMULATED,26,1063004,DISARMED,0,-0.000000,0.00000,7.4000,0.0000,25.00,25.00,0.00000,0.00000,0,520,0,500,0,0,0,0,20,0,520,0,0,0,0,0,0,0,0,600,600,600,100,100,0.00000,0.00000,9.80665,0.000000,0.00000,-0.00000,0.00000,0.00000,9.80665,0.000000,0.000000,0.000000,0,1,1,1,1,1,0,0,0,0
2026-09-21T05:52:50.824128+00:00,23007041,SIMULATED,27,1065408,DISARMED,0,-0.000000,0.00000,7.4000,0.0000,25.00,25.00,0.00000,0.00000,0,520,0,500,0,0,0,0,20,0,520,0,0,0,0,0,0,0,0,600,600,600,100,100,0.00000,0.00000,9.80665,0.000000,0.00000,-0.00000,0.00000,0.00000,9.80665,0.000000,0.000000,0.000000,0,1,1,1,1,1,0,0,0,0
2026-09-21T05:52:50.824167+00:00,23045583,SIMULATED,28,1067812,DISARMED,0,-0.000000,0.00000,7.4000,0.0000,25.00,25.00,0.00000,0.00000,0,520,0,500,0,0,0,0,20,0,520,0,0,0,0,0,0,0,0,600,600,600,100,100,0.00000,0.00000,9.80665,0.000000,0.00000,-0.00000,0.00000,0.00000,9.80665,0.000000,0.000000,0.000000,0,1,1,1,1,1,0,0,0,0
2026-09-21T05:52:50.824208+00:00,23086375,SIMULATED,29,1070216,DISARMED,0,-0.000000,0.00000,7.4000,0.0000,25.00,25.00,0.00000,0.00000,0,520,0,500,0,0,0,0,20,0,520,0,0,0,0,0,0,0,0,600,600,600,100,100,0.00000,0.00000,9.80665,0.000000,0.00000,-0.00000,0.00000,0.00000,9.80665,0.000000,0.000000,0.000000,0,1,1,1,1,1,0,0,0,0
2026-09-21T05:52:50.824242+00:00,23120625,SIMULATED,30,1072620,DISARMED,0,-0.000000,0.00000,7.4000,0.0000,25.00,25.00,0.00000,0.00000,0,520,0,500,0,0,0,0,20,0,520,0,0,0,0,0,0,0,0,600,600,600,100,100,0.00000,0.00000,9.80665,0.000000,0.00000,-0.00000,0.00000,0.00000,9.80665,0.000000,0.000000,0.000000,0,1,1,1,1,1,0,0,0,0
2026-09-21T05:52:50.824276+00:00,23154833,SIMULATED,31,1075024,DISARMED,0,-0.000000,0.00000,7.4000,0.0000,25.00,25.00,0.00000,0.00000,0,520,0,500,0,0,0,0,20,0,520,0,0,0,0,0,0,0,0,600,600,600,100,100,0.00000,0.00000,9.80665,0.000000,0.00000,-0.00000,0.00000,0.00000,9.80665,0.000000,0.000000,0.000000,0,1,1,1,1,1,0,0,0,0
2026-09-21T05:52:50.824310+00:00,23188750,SIMULATED,32,1077428,DISARMED,0,-0.000000,0.00000,7.4000,0.0000,25.00,25.00,0.00000,0.00000,0,520,0,500,0,0,0,0,20,0,520,0,0,0,0,0,0,0,0,600,600,600,100,100,0.00000,0.00000,9.80665,0.000000,0.00000,-0.00000,0.00000,0.00000,9.80665,0.000000,0.000000,0.000000,0,1,1,1,1,1,0,0,0,0
2026-09-21T05:52:50.824344+00:00,23222958,SIMULATED,33,1079832,DISARMED,0,-0.000000,0.00000,7.4000,0.0000,25.00,25.00,0.00000,0.00000,0,520,0,500,0,0,0,0,20,0,520,0,0,0,0,0,0,0,0,600,600,600,100,100,0.00000,0.00000,9.80665,0.000000,0.00000,-0.00000,0.00000,0.00000,9.80665,0.000000,0.000000,0.000000,0,1,1,1,1,1,0,0,0,0
2026-09-21T05:52:50.824378+00:00,23256125,SIMULATED,34,1082236,DISARMED,0,-0.000000,0.00000,7.4000,0.0000,25.00,25.00,0.00000,0.00000,0,520,0,500,0,0,0,0,20,0,520,0,0,0,0,0,0,0,0,600,600,600,100,100,0.00000,0.00000,9.80665,0.000000,0.00000,-0.00000,0.00000,0.00000,9.80665,0.000000,0.000000,0.000000,0,1,1,1,1,1,0,0,0,0
2026-09-21T05:52:50.824410+00:00,23289041,SIMULATED,35,1084640,DISARMED,0,-0.000000,0.00000,7.4000,0.0000,25.00,25.00,0.00000,0.00000,0,520,0,500,0,0,0,0,20,0,520,0,0,0,0,0,0,0,0,600,600,600,100,100,0.00000,0.00000,9.80665,0.000000,0.00000,-0.00000,0.00000,0.00000,9.80665,0.000000,0.000000,0.000000,0,1,1,1,1,1,0,0,0,0
2026-09-21T05:52:50.824443+00:00,23321750,SIMULATED,36,1087044,DISARMED,0,-0.000000,0.00000,7.4000,0.0000,25.00,25.00,0.00000,0.00000,0,520,0,500,0,0,0,0,20,0,520,0,0,0,0,0,0,0,0,600,600,600,100,100,0.00000,0.00000,9.80665,0.000000,0.00000,-0.00000,0.00000,0.00000,9.80665,0.000000,0.000000,0.000000,0,1,1,1,1,1,0,0,0,0
2026-09-21T05:52:50.824476+00:00,23354958,SIMULATED,37,1089448,DISARMED,0,-0.000000,0.00000,7.4000,0.0000,25.00,25.00,0.00000,0.00000,0,520,0,500,0,0,0,0,20,0,520,0,0,0,0,0,0,0,0,600,600,600,100,100,0.00000,0.00000,9.80665,0.000000,0.00000,-0.00000,0.00000,0.00000,9.80665,0.000000,0.000000,0.000000,0,1,1,1,1,1,0,0,0,0
2026-09-21T05:52:50.824511+00:00,23389625,SIMULATED,38,1091852,DISARMED,0,-0.000000,0.00000,7.4000,0.0000,25.00,25.00,0.00000,0.00000,0,520,0,500,0,0,0,0,20,0,520,0,0,0,0,0,0,0,0,600,600,600,100,100,0.00000,0.00000,9.80665,0.000000,0.00000,-0.00000,0.00000,0.00000,9.80665,0.000000,0.000000,0.000000,0,1,1,1,1,1,0,0,0,0
2026-09-21T05:52:50.824548+00:00,23426500,SIMULATED,39,1094256,DISARMED,0,-0.000000,0.00000,7.4000,0.0000,25.00,25.00,0.00000,0.00000,0,520,0,500,0,0,0,0,20,0,520,0,0,0,0,0,0,0,0,600,600,600,100,100,0.00000,0.00000,9.80665,0.000000,0.00000,-0.00000,0.00000,0.00000,9.80665,0.000000,0.000000,0.000000,0,1,1,1,1,1,0,0,0,0
2026-09-21T05:52:50.824581+00:00,23459625,SIMULATED,40,1096660,DISARMED,0,-0.000000,0.00000,7.4000,0.0000,25.00,25.00,0.00000,0.00000,0,520,0,500,0,0,0,0,20,0,520,0,0,0,0,0,0,0,0,600,600,600,100,100,0.00000,0.00000,9.80665,0.000000,0.00000,-0.00000,0.00000,0.00000,9.80665,0.000000,0.000000,0.000000,0,1,1,1,1,1,0,0,0,0
2026-09-21T05:52:50.824614+00:00,23492500,SIMULATED,41,1099064,DISARMED,0,-0.000000,0.00000,7.4000,0.0000,25.00,25.00,0.00000,0.00000,0,520,0,500,0,0,0,0,20,0,520,0,0,0,0,0,0,0,0,600,600,600,100,100,0.00000,0.00000,9.80665,0.000000,0.00000,-0.00000,0.00000,0.00000,9.80665,0.000000,0.000000,0.000000,0,1,1,1,1,1,0,0,0,0
2026-09-21T05:52:50.824646+00:00,23524916,SIMULATED,42,1101468,DISARMED,0,-0.000000,0.00000,7.4000,0.0000,25.00,25.00,0.00000,0.00000,0,520,0,500,0,0,0,0,20,0,520,0,0,0,0,0,0,0,0,600,600,600,100,100,0.00000,0.00000,9.80665,0.000000,0.00000,-0.00000,0.00000,0.00000,9.80665,0.000000,0.000000,0.000000,0,1,1,1,1,1,0,0,0,0
2026-09-21T05:52:50.824679+00:00,23557750,SIMULATED,43,1103872,DISARMED,0,-0.000000,0.00000,7.4000,0.0000,25.00,25.00,0.00000,0.00000,0,520,0,500,0,0,0,0,20,0,520,0,0,0,0,0,0,0,0,600,600,600,100,100,0.00000,0.00000,9.80665,0.000000,0.00000,-0.00000,0.00000,0.00000,9.80665,0.000000,0.000000,0.000000,0,1,1,1,1,1,0,0,0,0
2026-09-21T05:52:50.824712+00:00,23590416,SIMULATED,44,1106276,DISARMED,0,-0.000000,0.00000,7.4000,0.0000,25.00,25.00,0.00000,0.00000,0,520,0,500,0,0,0,0,20,0,520,0,0,0,0,0,0,0,0,600,600,600,100,100,0.00000,0.00000,9.80665,0.000000,0.00000,-0.00000,0.00000,0.00000,9.80665,0.000000,0.000000,0.000000,0,1,1,1,1,1,0,0,0,0
2026-09-21T05:52:50.824746+00:00,23625000,SIMULATED,45,1108680,DISARMED,0,-0.000000,0.00000,7.4000,0.0000,25.00,25.00,0.00000,0.00000,0,520,0,500,0,0,0,0,20,0,520,0,0,0,0,0,0,0,0,600,600,600,100,100,0.00000,0.00000,9.80665,0.000000,0.00000,-0.00000,0.00000,0.00000,9.80665,0.000000,0.000000,0.000000,0,1,1,1,1,1,0,0,0,0
2026-09-21T05:52:50.824781+00:00,23659250,SIMULATED,46,1111084,DISARMED,0,-0.000000,0.00000,7.4000,0.0000,25.00,25.00,0.00000,0.00000,0,520,0,500,0,0,0,0,20,0,520,0,0,0,0,0,0,0,0,600,600,600,100,100,0.00000,0.00000,9.80665,0.000000,0.00000,-0.00000,0.00000,0.00000,9.80665,0.000000,0.000000,0.000000,0,1,1,1,1,1,0,0,0,0
2026-09-21T05:52:50.824814+00:00,23692416,SIMULATED,47,1113488,DISARMED,0,-0.000000,0.00000,7.4000,0.0000,25.00,25.00,0.00000,0.00000,0,520,0,500,0,0,0,0,20,0,520,0,0,0,0,0,0,0,0,600,600,600,100,100,0.00000,0.00000,9.80665,0.000000,0.00000,-0.00000,0.00000,0.00000,9.80665,0.000000,0.000000,0.000000,0,1,1,1,1,1,0,0,0,0
2026-09-21T05:52:50.824846+00:00,23725041,SIMULATED,48,1115892,DISARMED,0,-0.000000,0.00000,7.4000,0.0000,25.00,25.00,0.00000,0.00000,0,520,0,500,0,0,0,0,20,0,520,0,0,0,0,0,0,0,0,600,600,600,100,100,0.00000,0.00000,9.80665,0.000000,0.00000,-0.00000,0.00000,0.00000,9.80665,0.000000,0.000000,0.000000,0,1,1,1,1,1,0,0,0,0
2026-09-21T05:52:50.824881+00:00,23759875,SIMULATED,49,1118296,DISARMED,0,-0.000000,0.00000,7.4000,0.0000,25.00,25.00,0.00000,0.00000,0,520,0,500,0,0,0,0,20,0,520,0,0,0,0,0,0,0,0,600,600,600,100,100,0.00000,0.00000,9.80665,0.000000,0.00000,-0.00000,0.00000,0.00000,9.80665,0.000000,0.000000,0.000000,0,1,1,1,1,1,0,0,0,0
2026-09-21T05:52:50.824914+00:00,23792458,SIMULATED,50,1120700,DISARMED,0,-0.000000,0.00000,7.4000,0.0000,25.00,25.00,0.00000,0.00000,0,520,0,500,0,0,0,0,20,0,520,0,0,0,0,0,0,0,0,600,600,600,100,100,0.00000,0.00000,9.80665,0.000000,0.00000,-0.00000,0.00000,0.00000,9.80665,0.000000,0.000000,0.000000,0,1,1,1,1,1,0,0,0,0
2026-09-21T05:52:50.824951+00:00,23829333,SIMULATED,51,1123104,DISARMED,0,-0.000000,0.00000,7.4000,0.0000,25.00,25.00,0.00000,0.00000,0,520,0,500,0,0,0,0,20,0,520,0,0,0,0,0,0,0,0,600,600,600,100,100,0.00000,0.00000,9.80665,0.000000,0.00000,-0.00000,0.00000,0.00000,9.80665,0.000000,0.000000,0.000000,0,1,1,1,1,1,0,0,0,0
2026-09-21T05:52:50.824984+00:00,23862500,SIMULATED,52,1125508,DISARMED,0,-0.000000,0.00000,7.4000,0.0000,25.00,25.00,0.00000,0.00000,0,520,0,500,0,0,0,0,20,0,520,0,0,0,0,0,0,0,0,600,600,600,100,100,0.00000,0.00000,9.80665,0.000000,0.00000,-0.00000,0.00000,0.00000,9.80665,0.000000,0.000000,0.000000,0,1,1,1,1,1,0,0,0,0
2026-09-21T05:52:50.825017+00:00,23895416,SIMULATED,53,1127912,DISARMED,0,-0.000000,0.00000,7.4000,0.0000,25.00,25.00,0.00000,0.00000,0,520,0,500,0,0,0,0,20,0,520,0,0,0,0,0,0,0,0,600,600,600,100,100,0.00000,0.00000,9.80665,0.000000,0.00000,-0.00000,0.00000,0.00000,9.80665,0.000000,0.000000,0.000000,0,1,1,1,1,1,0,0,0,0
2026-09-21T05:52:50.825050+00:00,23928166,SIMULATED,54,1130316,DISARMED,0,-0.000000,0.00000,7.4000,0.0000,25.00,25.00,0.00000,0.00000,0,520,0,500,0,0,0,0,20,0,520,0,0,0,0,0,0,0,0,600,600,600,100,100,0.00000,0.00000,9.80665,0.000000,0.00000,-0.00000,0.00000,0.00000,9.80665,0.000000,0.000000,0.000000,0,1,1,1,1,1,0,0,0,0
2026-09-21T05:52:50.825083+00:00,23961125,SIMULATED,55,1132720,DISARMED,0,-0.000000,0.00000,7.4000,0.0000,25.00,25.00,0.00000,0.00000,0,520,0,500,0,0,0,0,20,0,520,0,0,0,0,0,0,0,0,600,600,600,100,100,0.00000,0.00000,9.80665,0.000000,0.00000,-0.00000,0.00000,0.00000,9.80665,0.000000,0.000000,0.000000,0,1,1,1,1,1,0,0,0,0
2026-09-21T05:52:50.825116+00:00,23995125,SIMULATED,56,1135124,DISARMED,0,-0.000000,0.00000,7.4000,0.0000,25.00,25.00,0.00000,0.00000,0,520,0,500,0,0,0,0,20,0,520,0,0,0,0,0,0,0,0,600,600,600,100,100,0.00000,0.00000,9.80665,0.000000,0.00000,-0.00000,0.00000,0.00000,9.80665,0.000000,0.000000,0.000000,0,1,1,1,1,1,0,0,0,0
2026-09-21T05:52:50.825151+00:00,24029416,SIMULATED,57,1137528,DISARMED,0,-0.000000,0.00000,7.4000,0.0000,25.00,25.00,0.00000,0.00000,0,520,0,500,0,0,0,0,20,0,520,0,0,0,0,0,0,0,0,600,600,600,100,100,0.00000,0.00000,9.80665,0.000000,0.00000,-0.00000,0.00000,0.00000,9.80665,0.000000,0.000000,0.000000,0,1,1,1,1,1,0,0,0,0
2026-09-21T05:52:50.825187+00:00,24065541,SIMULATED,58,1139932,DISARMED,0,-0.000000,0.00000,7.4000,0.0000,25.00,25.00,0.00000,0.00000,0,520,0,500,0,0,0,0,20,0,520,0,0,0,0,0,0,0,0,600,600,600,100,100,0.00000,0.00000,9.80665,0.000000,0.00000,-0.00000,0.00000,0.00000,9.80665,0.000000,0.000000,0.000000,0,1,1,1,1,1,0,0,0,0
2026-09-21T05:52:50.825230+00:00,24108458,SIMULATED,59,1142336,DISARMED,0,-0.000000,0.00000,7.4000,0.0000,25.00,25.00,0.00000,0.00000,0,520,0,500,0,0,0,0,20,0,520,0,0,0,0,0,0,0,0,600,600,600,100,100,0.00000,0.00000,9.80665,0.000000,0.00000,-0.00000,0.00000,0.00000,9.80665,0.000000,0.000000,0.000000,0,1,1,1,1,1,0,0,0,0
2026-09-21T05:52:50.825264+00:00,24142666,SIMULATED,60,1144740,DISARMED,0,-0.000000,0.00000,7.4000,0.0000,25.00,25.00,0.00000,0.00000,0,520,0,500,0,0,0,0,20,0,520,0,0,0,0,0,0,0,0,600,600,600,100,100,0.00000,0.00000,9.80665,0.000000,0.00000,-0.00000,0.00000,0.00000,9.80665,0.000000,0.000000,0.000000,0,1,1,1,1,1,0,0,0,0
2026-09-21T05:52:50.825297+00:00,24175500,SIMULATED,61,1147144,DISARMED,0,-0.000000,0.00000,7.4000,0.0000,25.00,25.00,0.00000,0.00000,0,520,0,500,0,0,0,0,20,0,520,0,0,0,0,0,0,0,0,600,600,600,100,100,0.00000,0.00000,9.80665,0.000000,0.00000,-0.00000,0.00000,0.00000,9.80665,0.000000,0.000000,0.000000,0,1,1,1,1,1,0,0,0,0
2026-09-21T05:52:50.825330+00:00,24208291,SIMULATED,62,1149548,DISARMED,0,-0.000000,0.00000,7.4000,0.0000,25.00,25.00,0.00000,0.00000,0,520,0,500,0,0,0,0,20,0,520,0,0,0,0,0,0,0,0,600,600,600,100,100,0.00000,0.00000,9.80665,0.000000,0.00000,-0.00000,0.00000,0.00000,9.80665,0.000000,0.000000,0.000000,0,1,1,1,1,1,0,0,0,0
2026-09-21T05:52:50.825366+00:00,24244166,SIMULATED,63,1151952,DISARMED,0,-0.000000,0.00000,7.4000,0.0000,25.00,25.00,0.00000,0.00000,0,520,0,500,0,0,0,0,20,0,520,0,0,0,0,0,0,0,0,600,600,600,100,100,0.00000,0.00000,9.80665,0.000000,0.00000,-0.00000,0.00000,0.00000,9.80665,0.000000,0.000000,0.000000,0,1,1,1,1,1,0,0,0,0
2026-09-21T05:52:50.825399+00:00,24277500,SIMULATED,64,1154356,DISARMED,0,-0.000000,0.00000,7.4000,0.0000,25.00,25.00,0.00000,0.00000,0,520,0,500,0,0,0,0,20,0,520,0,0,0,0,0,0,0,0,600,600,600,100,100,0.00000,0.00000,9.80665,0.000000,0.00000,-0.00000,0.00000,0.00000,9.80665,0.000000,0.000000,0.000000,0,1,1,1,1,1,0,0,0,0
2026-09-21T05:52:50.825432+00:00,24310666,SIMULATED,65,1156760,DISARMED,0,-0.000000,0.00000,7.4000,0.0000,25.00,25.00,0.00000,0.00000,0,520,0,500,0,0,0,0,20,0,520,0,0,0,0,0,0,0,0,600,600,600,100,100,0.00000,0.00000,9.80665,0.000000,0.00000,-0.00000,0.00000,0.00000,9.80665,0.000000,0.000000,0.000000,0,1,1,1,1,1,0,0,0,0
2026-09-21T05:52:50.825466+00:00,24344041,SIMULATED,66,1159164,DISARMED,0,-0.000000,0.00000,7.4000,0.0000,25.00,25.00,0.00000,0.00000,0,520,0,500,0,0,0,0,20,0,520,0,0,0,0,0,0,0,0,600,600,600,100,100,0.00000,0.00000,9.80665,0.000000,0.00000,-0.00000,0.00000,0.00000,9.80665,0.000000,0.000000,0.000000,0,1,1,1,1,1,0,0,0,0
2026-09-21T05:52:50.825499+00:00,24377375,SIMULATED,67,1161568,DISARMED,0,-0.000000,0.00000,7.4000,0.0000,25.00,25.00,0.00000,0.00000,0,520,0,500,0,0,0,0,20,0,520,0,0,0,0,0,0,0,0,600,600,600,100,100,0.00000,0.00000,9.80665,0.000000,0.00000,-0.00000,0.00000,0.00000,9.80665,0.000000,0.000000,0.000000,0,1,1,1,1,1,0,0,0,0
2026-09-21T05:52:50.825532+00:00,24410208,SIMULATED,68,1163972,DISARMED,0,-0.000000,0.00000,7.4000,0.0000,25.00,25.00,0.00000,0.00000,0,520,0,500,0,0,0,0,20,0,520,0,0,0,0,0,0,0,0,600,600,600,100,100,0.00000,0.00000,9.80665,0.000000,0.00000,-0.00000,0.00000,0.00000,9.80665,0.000000,0.000000,0.000000,0,1,1,1,1,1,0,0,0,0
2026-09-21T05:52:50.825566+00:00,24444250,SIMULATED,69,1166376,DISARMED,0,-0.000000,0.00000,7.4000,0.0000,25.00,25.00,0.00000,0.00000,0,520,0,500,0,0,0,0,20,0,520,0,0,0,0,0,0,0,0,600,600,600,100,100,0.00000,0.00000,9.80665,0.000000,0.00000,-0.00000,0.00000,0.00000,9.80665,0.000000,0.000000,0.000000,0,1,1,1,1,1,0,0,0,0
2026-09-21T05:52:50.825601+00:00,24479083,SIMULATED,70,1168780,DISARMED,0,-0.000000,0.00000,7.4000,0.0000,25.00,25.00,0.00000,0.00000,0,520,0,500,0,0,0,0,20,0,520,0,0,0,0,0,0,0,0,600,600,600,100,100,0.00000,0.00000,9.80665,0.000000,0.00000,-0.00000,0.00000,0.00000,9.80665,0.000000,0.000000,0.000000,0,1,1,1,1,1,0,0,0,0
2026-09-21T05:52:50.825633+00:00,24511875,SIMULATED,71,1171184,DISARMED,0,-0.000000,0.00000,7.4000,0.0000,25.00,25.00,0.00000,0.00000,0,520,0,500,0,0,0,0,20,0,520,0,0,0,0,0,0,0,0,600,600,600,100,100,0.00000,0.00000,9.80665,0.000000,0.00000,-0.00000,0.00000,0.00000,9.80665,0.000000,0.000000,0.000000,0,1,1,1,1,1,0,0,0,0
2026-09-21T05:52:50.825666+00:00,24544750,SIMULATED,72,1173588,DISARMED,0,-0.000000,0.00000,7.4000,0.0000,25.00,25.00,0.00000,0.00000,0,520,0,500,0,0,0,0,20,0,520,0,0,0,0,0,0,0,0,600,600,600,100,100,0.00000,0.00000,9.80665,0.000000,0.00000,-0.00000,0.00000,0.00000,9.80665,0.000000,0.000000,0.000000,0,1,1,1,1,1,0,0,0,0
2026-09-21T05:52:50.825699+00:00,24577541,SIMULATED,73,1175992,DISARMED,0,-0.000000,0.00000,7.4000,0.0000,25.00,25.00,0.00000,0.00000,0,520,0,500,0,0,0,0,20,0,520,0,0,0,0,0,0,0,0,600,600,600,100,100,0.00000,0.00000,9.80665,0.000000,0.00000,-0.00000,0.00000,0.00000,9.80665,0.000000,0.000000,0.000000,0,1,1,1,1,1,0,0,0,0
2026-09-21T05:52:50.825732+00:00,24610541,SIMULATED,74,1178396,DISARMED,0,-0.000000,0.00000,7.4000,0.0000,25.00,25.00,0.00000,0.00000,0,520,0,500,0,0,0,0,20,0,520,0,0,0,0,0,0,0,0,600,600,600,100,100,0.00000,0.00000,9.80665,0.000000,0.00000,-0.00000,0.00000,0.00000,9.80665,0.000000,0.000000,0.000000,0,1,1,1,1,1,0,0,0,0
2026-09-21T05:52:50.825766+00:00,24644666,SIMULATED,75,1180800,DISARMED,0,-0.000000,0.00000,7.4000,0.0000,25.00,25.00,0.00000,0.00000,0,520,0,500,0,0,0,0,20,0,520,0,0,0,0,0,0,0,0,600,600,600,100,100,0.00000,0.00000,9.80665,0.000000,0.00000,-0.00000,0.00000,0.00000,9.80665,0.000000,0.000000,0.000000,0,1,1,1,1,1,0,0,0,0
2026-09-21T05:52:50.825800+00:00,24678916,SIMULATED,76,1183204,DISARMED,0,-0.000000,0.00000,7.4000,0.0000,25.00,25.00,0.00000,0.00000,0,520,0,500,0,0,0,0,20,0,520,0,0,0,0,0,0,0,0,600,600,600,100,100,0.00000,0.00000,9.80665,0.000000,0.00000,-0.00000,0.00000,0.00000,9.80665,0.000000,0.000000,0.000000,0,1,1,1,1,1,0,0,0,0
2026-09-21T05:52:50.825833+00:00,24711625,SIMULATED,77,1185608,DISARMED,0,-0.000000,0.00000,7.4000,0.0000,25.00,25.00,0.00000,0.00000,0,520,0,500,0,0,0,0,20,0,520,0,0,0,0,0,0,0,0,600,600,600,100,100,0.00000,0.00000,9.80665,0.000000,0.00000,-0.00000,0.00000,0.00000,9.80665,0.000000,0.000000,0.000000,0,1,1,1,1,1,0,0,0,0
2026-09-21T05:52:50.825866+00:00,24744583,SIMULATED,78,1188012,DISARMED,0,-0.000000,0.00000,7.4000,0.0000,25.00,25.00,0.00000,0.00000,0,520,0,500,0,0,0,0,20,0,520,0,0,0,0,0,0,0,0,600,600,600,100,100,0.00000,0.00000,9.80665,0.000000,0.00000,-0.00000,0.00000,0.00000,9.80665,0.000000,0.000000,0.000000,0,1,1,1,1,1,0,0,0,0
2026-09-21T05:52:50.825900+00:00,24778875,SIMULATED,79,1190416,DISARMED,0,-0.000000,0.00000,7.4000,0.0000,25.00,25.00,0.00000,0.00000,0,520,0,500,0,0,0,0,20,0,520,0,0,0,0,0,0,0,0,600,600,600,100,100,0.00000,0.00000,9.80665,0.000000,0.00000,-0.00000,0.00000,0.00000,9.80665,0.000000,0.000000,0.000000,0,1,1,1,1,1,0,0,0,0
2026-09-21T05:52:50.825936+00:00,24814500,SIMULATED,80,1192820,DISARMED,0,-0.000000,0.00000,7.4000,0.0000,25.00,25.00,0.00000,0.00000,0,520,0,500,0,0,0,0,20,0,520,0,0,0,0,0,0,0,0,600,600,600,100,100,0.00000,0.00000,9.80665,0.000000,0.00000,-0.00000,0.00000,0.00000,9.80665,0.000000,0.000000,0.000000,0,1,1,1,1,1,0,0,0,0
2026-09-21T05:52:50.825970+00:00,24848458,SIMULATED,81,1195224,DISARMED,0,-0.000000,0.00000,7.4000,0.0000,25.00,25.00,0.00000,0.00000,0,520,0,500,0,0,0,0,20,0,520,0,0,0,0,0,0,0,0,600,600,600,100,100,0.00000,0.00000,9.80665,0.000000,0.00000,-0.00000,0.00000,0.00000,9.80665,0.000000,0.000000,0.000000,0,1,1,1,1,1,0,0,0,0
2026-09-21T05:52:50.826002+00:00,24880916,SIMULATED,82,1197628,DISARMED,0,-0.000000,0.00000,7.4000,0.0000,25.00,25.00,0.00000,0.00000,0,520,0,500,0,0,0,0,20,0,520,0,0,0,0,0,0,0,0,600,600,600,100,100,0.00000,0.00000,9.80665,0.000000,0.00000,-0.00000,0.00000,0.00000,9.80665,0.000000,0.000000,0.000000,0,1,1,1,1,1,0,0,0,0
2026-09-21T05:52:50.826041+00:00,24919083,SIMULATED,83,1200032,DISARMED,0,-0.000000,0.00000,7.4000,0.0000,25.00,25.00,0.00000,0.00000,0,520,0,500,0,0,0,0,20,0,520,0,0,0,0,0,0,0,0,600,600,600,100,100,0.00000,0.00000,9.80665,0.000000,0.00000,-0.00000,0.00000,0.00000,9.80665,0.000000,0.000000,0.000000,0,1,1,1,1,1,0,0,0,0
2026-09-21T05:52:50.826075+00:00,24953125,SIMULATED,84,1202436,DISARMED,0,-0.000000,0.00000,7.4000,0.0000,25.00,25.00,0.00000,0.00000,0,520,0,500,0,0,0,0,20,0,520,0,0,0,0,0,0,0,0,600,600,600,100,100,0.00000,0.00000,9.80665,0.000000,0.00000,-0.00000,0.00000,0.00000,9.80665,0.000000,0.000000,0.000000,0,1,1,1,1,1,0,0,0,0
2026-09-21T05:52:50.826109+00:00,24987125,SIMULATED,85,1204840,DISARMED,0,-0.000000,0.00000,7.4000,0.0000,25.00,25.00,0.00000,0.00000,0,520,0,500,0,0,0,0,20,0,520,0,0,0,0,0,0,0,0,600,600,600,100,100,0.00000,0.00000,9.80665,0.000000,0.00000,-0.00000,0.00000,0.00000,9.80665,0.000000,0.000000,0.000000,0,1,1,1,1,1,0,0,0,0
2026-09-21T05:52:50.826143+00:00,25021166,SIMULATED,86,1207244,DISARMED,0,-0.000000,0.00000,7.4000,0.0000,25.00,25.00,0.00000,0.00000,0,520,0,500,0,0,0,0,20,0,520,0,0,0,0,0,0,0,0,600,600,600,100,100,0.00000,0.00000,9.80665,0.000000,0.00000,-0.00000,0.00000,0.00000,9.80665,0.000000,0.000000,0.000000,0,1,1,1,1,1,0,0,0,0
2026-09-21T05:52:50.826178+00:00,25056250,SIMULATED,87,1209648,DISARMED,0,-0.000000,0.00000,7.4000,0.0000,25.00,25.00,0.00000,0.00000,0,520,0,500,0,0,0,0,20,0,520,0,0,0,0,0,0,0,0,600,600,600,100,100,0.00000,0.00000,9.80665,0.000000,0.00000,-0.00000,0.00000,0.00000,9.80665,0.000000,0.000000,0.000000,0,1,1,1,1,1,0,0,0,0
2026-09-21T05:52:50.826215+00:00,25093250,SIMULATED,88,1212052,DISARMED,0,-0.000000,0.00000,7.4000,0.0000,25.00,25.00,0.00000,0.00000,0,520,0,500,0,0,0,0,20,0,520,0,0,0,0,0,0,0,0,600,600,600,100,100,0.00000,0.00000,9.80665,0.000000,0.00000,-0.00000,0.00000,0.00000,9.80665,0.000000,0.000000,0.000000,0,1,1,1,1,1,0,0,0,0
2026-09-21T05:52:50.826252+00:00,25130291,SIMULATED,89,1214456,DISARMED,0,-0.000000,0.00000,7.4000,0.0000,25.00,25.00,0.00000,0.00000,0,520,0,500,0,0,0,0,20,0,520,0,0,0,0,0,0,0,0,600,600,600,100,100,0.00000,0.00000,9.80665,0.000000,0.00000,-0.00000,0.00000,0.00000,9.80665,0.000000,0.000000,0.000000,0,1,1,1,1,1,0,0,0,0
2026-09-21T05:52:50.826288+00:00,25166500,SIMULATED,90,1216860,DISARMED,0,-0.000000,0.00000,7.4000,0.0000,25.00,25.00,0.00000,0.00000,0,520,0,500,0,0,0,0,20,0,520,0,0,0,0,0,0,0,0,600,600,600,100,100,0.00000,0.00000,9.80665,0.000000,0.00000,-0.00000,0.00000,0.00000,9.80665,0.000000,0.000000,0.000000,0,1,1,1,1,1,0,0,0,0
2026-09-21T05:52:50.826323+00:00,25201250,SIMULATED,91,1219264,DISARMED,0,-0.000000,0.00000,7.4000,0.0000,25.00,25.00,0.00000,0.00000,0,520,0,500,0,0,0,0,20,0,520,0,0,0,0,0,0,0,0,600,600,600,100,100,0.00000,0.00000,9.80665,0.000000,0.00000,-0.00000,0.00000,0.00000,9.80665,0.000000,0.000000,0.000000,0,1,1,1,1,1,0,0,0,0
2026-09-21T05:52:50.826357+00:00,25235291,SIMULATED,92,1221668,DISARMED,0,-0.000000,0.00000,7.4000,0.0000,25.00,25.00,0.00000,0.00000,0,520,0,500,0,0,0,0,20,0,520,0,0,0,0,0,0,0,0,600,600,600,100,100,0.00000,0.00000,9.80665,0.000000,0.00000,-0.00000,0.00000,0.00000,9.80665,0.000000,0.000000,0.000000,0,1,1,1,1,1,0,0,0,0
2026-09-21T05:52:50.826393+00:00,25272000,SIMULATED,93,1224072,DISARMED,0,-0.000000,0.00000,7.4000,0.0000,25.00,25.00,0.00000,0.00000,0,520,0,500,0,0,0,0,20,0,520,0,0,0,0,0,0,0,0,600,600,600,100,100,0.00000,0.00000,9.80665,0.000000,0.00000,-0.00000,0.00000,0.00000,9.80665,0.000000,0.000000,0.000000,0,1,1,1,1,1,0,0,0,0
2026-09-21T05:52:50.826428+00:00,25306250,SIMULATED,94,1226476,DISARMED,0,-0.000000,0.00000,7.4000,0.0000,25.00,25.00,0.00000,0.00000,0,520,0,500,0,0,0,0,20,0,520,0,0,0,0,0,0,0,0,600,600,600,100,100,0.00000,0.00000,9.80665,0.000000,0.00000,-0.00000,0.00000,0.00000,9.80665,0.000000,0.000000,0.000000,0,1,1,1,1,1,0,0,0,0
2026-09-21T05:52:50.826462+00:00,25340541,SIMULATED,95,1228880,DISARMED,0,-0.000000,0.00000,7.4000,0.0000,25.00,25.00,0.00000,0.00000,0,520,0,500,0,0,0,0,20,0,520,0,0,0,0,0,0,0,0,600,600,600,100,100,0.00000,0.00000,9.80665,0.000000,0.00000,-0.00000,0.00000,0.00000,9.80665,0.000000,0.000000,0.000000,0,1,1,1,1,1,0,0,0,0
2026-09-21T05:52:50.826496+00:00,25374833,SIMULATED,96,1231284,DISARMED,0,-0.000000,0.00000,7.4000,0.0000,25.00,25.00,0.00000,0.00000,0,520,0,500,0,0,0,0,20,0,520,0,0,0,0,0,0,0,0,600,600,600,100,100,0.00000,0.00000,9.80665,0.000000,0.00000,-0.00000,0.00000,0.00000,9.80665,0.000000,0.000000,0.000000,0,1,1,1,1,1,0,0,0,0
2026-09-21T05:52:50.826531+00:00,25409166,SIMULATED,97,1233688,DISARMED,0,-0.000000,0.00000,7.4000,0.0000,25.00,25.00,0.00000,0.00000,0,520,0,500,0,0,0,0,20,0,520,0,0,0,0,0,0,0,0,600,600,600,100,100,0.00000,0.00000,9.80665,0.000000,0.00000,-0.00000,0.00000,0.00000,9.80665,0.000000,0.000000,0.000000,0,1,1,1,1,1,0,0,0,0
2026-09-21T05:52:50.826564+00:00,25443041,SIMULATED,98,1236092,DISARMED,0,-0.000000,0.00000,7.4000,0.0000,25.00,25.00,0.00000,0.00000,0,520,0,500,0,0,0,0,20,0,520,0,0,0,0,0,0,0,0,600,600,600,100,100,0.00000,0.00000,9.80665,0.000000,0.00000,-0.00000,0.00000,0.00000,9.80665,0.000000,0.000000,0.000000,0,1,1,1,1,1,0,0,0,0
2026-09-21T05:52:50.826600+00:00,25478291,SIMULATED,99,1238496,DISARMED,0,-0.000000,0.00000,7.4000,0.0000,25.00,25.00,0.00000,0.00000,0,520,0,500,0,0,0,0,20,0,520,0,0,0,0,0,0,0,0,600,600,600,100,100,0.00000,0.00000,9.80665,0.000000,0.00000,-0.00000,0.00000,0.00000,9.80665,0.000000,0.000000,0.000000,0,1,1,1,1,1,0,0,0,0
2026-09-21T05:52:50.826635+00:00,25514083,SIMULATED,100,1240900,DISARMED,0,-0.000000,0.00000,7.4000,0.0000,25.00,25.00,0.00000,0.00000,0,520,0,500,0,0,0,0,20,0,520,0,0,0,0,0,0,0,0,600,600,600,100,100,0.00000,0.00000,9.80665,0.000000,0.00000,-0.00000,0.00000,0.00000,9.80665,0.000000,0.000000,0.000000,0,1,1,1,1,1,0,0,0,0
2026-09-21T05:52:50.826670+00:00,25548208,SIMULATED,101,1243304,DISARMED,0,-0.000000,0.00000,7.4000,0.0000,25.00,25.00,0.00000,0.00000,0,520,0,500,0,0,0,0,20,0,520,0,0,0,0,0,0,0,0,600,600,600,100,100,0.00000,0.00000,9.80665,0.000000,0.00000,-0.00000,0.00000,0.00000,9.80665,0.000000,0.000000,0.000000,0,1,1,1,1,1,0,0,0,0
2026-09-21T05:52:50.826706+00:00,25585000,SIMULATED,102,1245708,DISARMED,0,-0.000000,0.00000,7.4000,0.0000,25.00,25.00,0.00000,0.00000,0,520,0,500,0,0,0,0,20,0,520,0,0,0,0,0,0,0,0,600,600,600,100,100,0.00000,0.00000,9.80665,0.000000,0.00000,-0.00000,0.00000,0.00000,9.80665,0.000000,0.000000,0.000000,0,1,1,1,1,1,0,0,0,0
2026-09-21T05:52:50.826740+00:00,25619125,SIMULATED,103,1248112,DISARMED,0,-0.000000,0.00000,7.4000,0.0000,25.00,25.00,0.00000,0.00000,0,520,0,500,0,0,0,0,20,0,520,0,0,0,0,0,0,0,0,600,600,600,100,100,0.00000,0.00000,9.80665,0.000000,0.00000,-0.00000,0.00000,0.00000,9.80665,0.000000,0.000000,0.000000,0,1,1,1,1,1,0,0,0,0
2026-09-21T05:52:50.826775+00:00,25653166,SIMULATED,104,1250516,DISARMED,0,-0.000000,0.00000,7.4000,0.0000,25.00,25.00,0.00000,0.00000,0,520,0,500,0,0,0,0,20,0,520,0,0,0,0,0,0,0,0,600,600,600,100,100,0.00000,0.00000,9.80665,0.000000,0.00000,-0.00000,0.00000,0.00000,9.80665,0.000000,0.000000,0.000000,0,1,1,1,1,1,0,0,0,0
2026-09-21T05:52:50.826810+00:00,25688416,SIMULATED,105,1252920,DISARMED,0,-0.000000,0.00000,7.4000,0.0000,25.00,25.00,0.00000,0.00000,0,520,0,500,0,0,0,0,20,0,520,0,0,0,0,0,0,0,0,600,600,600,100,100,0.00000,0.00000,9.80665,0.000000,0.00000,-0.00000,0.00000,0.00000,9.80665,0.000000,0.000000,0.000000,0,1,1,1,1,1,0,0,0,0
2026-09-21T05:52:50.826853+00:00,25731750,SIMULATED,106,1255324,DISARMED,0,-0.000000,0.00000,7.4000,0.0000,25.00,25.00,0.00000,0.00000,0,520,0,500,0,0,0,0,20,0,520,0,0,0,0,0,0,0,0,600,600,600,100,100,0.00000,0.00000,9.80665,0.000000,0.00000,-0.00000,0.00000,0.00000,9.80665,0.000000,0.000000,0.000000,0,1,1,1,1,1,0,0,0,0
2026-09-21T05:52:50.826891+00:00,25769916,SIMULATED,107,1257728,DISARMED,0,-0.000000,0.00000,7.4000,0.0000,25.00,25.00,0.00000,0.00000,0,520,0,500,0,0,0,0,20,0,520,0,0,0,0,0,0,0,0,600,600,600,100,100,0.00000,0.00000,9.80665,0.000000,0.00000,-0.00000,0.00000,0.00000,9.80665,0.000000,0.000000,0.000000,0,1,1,1,1,1,0,0,0,0
2026-09-21T05:52:50.826987+00:00,25867541,SIMULATED,108,1260132,DISARMED,0,-0.000000,0.00000,7.4000,0.0000,25.00,25.00,0.00000,0.00000,0,520,0,500,0,0,0,0,20,0,520,0,0,0,0,0,0,0,0,600,600,600,100,100,0.00000,0.00000,9.80665,0.000000,0.00000,-0.00000,0.00000,0.00000,9.80665,0.000000,0.000000,0.000000,0,1,1,1,1,1,0,0,0,0
2026-09-21T05:52:50.827028+00:00,25906666,SIMULATED,109,1262536,DISARMED,0,-0.000000,0.00000,7.4000,0.0000,25.00,25.00,0.00000,0.00000,0,520,0,500,0,0,0,0,20,0,520,0,0,0,0,0,0,0,0,600,600,600,100,100,0.00000,0.00000,9.80665,0.000000,0.00000,-0.00000,0.00000,0.00000,9.80665,0.000000,0.000000,0.000000,0,1,1,1,1,1,0,0,0,0
2026-09-21T05:52:50.827072+00:00,25950416,SIMULATED,110,1264940,DISARMED,0,-0.000000,0.00000,7.4000,0.0000,25.00,25.00,0.00000,0.00000,0,520,0,500,0,0,0,0,20,0,520,0,0,0,0,0,0,0,0,600,600,600,100,100,0.00000,0.00000,9.80665,0.000000,0.00000,-0.00000,0.00000,0.00000,9.80665,0.000000,0.000000,0.000000,0,1,1,1,1,1,0,0,0,0
2026-09-21T05:52:50.827110+00:00,25989000,SIMULATED,111,1267344,DISARMED,0,-0.000000,0.00000,7.4000,0.0000,25.00,25.00,0.00000,0.00000,0,520,0,500,0,0,0,0,20,0,520,0,0,0,0,0,0,0,0,600,600,600,100,100,0.00000,0.00000,9.80665,0.000000,0.00000,-0.00000,0.00000,0.00000,9.80665,0.000000,0.000000,0.000000,0,1,1,1,1,1,0,0,0,0
2026-09-21T05:52:50.827152+00:00,26030291,SIMULATED,112,1269748,DISARMED,0,-0.000000,0.00000,7.4000,0.0000,25.00,25.00,0.00000,0.00000,0,520,0,500,0,0,0,0,20,0,520,0,0,0,0,0,0,0,0,600,600,600,100,100,0.00000,0.00000,9.80665,0.000000,0.00000,-0.00000,0.00000,0.00000,9.80665,0.000000,0.000000,0.000000,0,1,1,1,1,1,0,0,0,0
2026-09-21T05:52:50.827217+00:00,26096083,SIMULATED,113,1272152,DISARMED,0,-0.000000,0.00000,7.4000,0.0000,25.00,25.00,0.00000,0.00000,0,520,0,500,0,0,0,0,20,0,520,0,0,0,0,0,0,0,0,600,600,600,100,100,0.00000,0.00000,9.80665,0.000000,0.00000,-0.00000,0.00000,0.00000,9.80665,0.000000,0.000000,0.000000,0,1,1,1,1,1,0,0,0,0
2026-09-21T05:52:50.827261+00:00,26139250,SIMULATED,114,1274556,DISARMED,0,-0.000000,0.00000,7.4000,0.0000,25.00,25.00,0.00000,0.00000,0,520,0,500,0,0,0,0,20,0,520,0,0,0,0,0,0,0,0,600,600,600,100,100,0.00000,0.00000,9.80665,0.000000,0.00000,-0.00000,0.00000,0.00000,9.80665,0.000000,0.000000,0.000000,0,1,1,1,1,1,0,0,0,0
2026-09-21T05:52:50.827299+00:00,26177166,SIMULATED,115,1276960,DISARMED,0,-0.000000,0.00000,7.4000,0.0000,25.00,25.00,0.00000,0.00000,0,520,0,500,0,0,0,0,20,0,520,0,0,0,0,0,0,0,0,600,600,600,100,100,0.00000,0.00000,9.80665,0.000000,0.00000,-0.00000,0.00000,0.00000,9.80665,0.000000,0.000000,0.000000,0,1,1,1,1,1,0,0,0,0
2026-09-21T05:52:50.827339+00:00,26217958,SIMULATED,116,1279364,DISARMED,0,-0.000000,0.00000,7.4000,0.0000,25.00,25.00,0.00000,0.00000,0,520,0,500,0,0,0,0,20,0,520,0,0,0,0,0,0,0,0,600,600,600,100,100,0.00000,0.00000,9.80665,0.000000,0.00000,-0.00000,0.00000,0.00000,9.80665,0.000000,0.000000,0.000000,0,1,1,1,1,1,0,0,0,0
2026-09-21T05:52:50.827377+00:00,26255958,SIMULATED,117,1281768,DISARMED,0,-0.000000,0.00000,7.4000,0.0000,25.00,25.00,0.00000,0.00000,0,520,0,500,0,0,0,0,20,0,520,0,0,0,0,0,0,0,0,600,600,600,100,100,0.00000,0.00000,9.80665,0.000000,0.00000,-0.00000,0.00000,0.00000,9.80665,0.000000,0.000000,0.000000,0,1,1,1,1,1,0,0,0,0
2026-09-21T05:52:50.827416+00:00,26294541,SIMULATED,118,1284172,DISARMED,0,-0.000000,0.00000,7.4000,0.0000,25.00,25.00,0.00000,0.00000,0,520,0,500,0,0,0,0,20,0,520,0,0,0,0,0,0,0,0,600,600,600,100,100,0.00000,0.00000,9.80665,0.000000,0.00000,-0.00000,0.00000,0.00000,9.80665,0.000000,0.000000,0.000000,0,1,1,1,1,1,0,0,0,0
2026-09-21T05:52:50.827496+00:00,26374291,SIMULATED,119,1286576,DISARMED,0,-0.000000,0.00000,7.4000,0.0000,25.00,25.00,0.00000,0.00000,0,520,0,500,0,0,0,0,20,0,520,0,0,0,0,0,0,0,0,600,600,600,100,100,0.00000,0.00000,9.80665,0.000000,0.00000,-0.00000,0.00000,0.00000,9.80665,0.000000,0.000000,0.000000,0,1,1,1,1,1,0,0,0,0
2026-09-21T05:52:50.827537+00:00,26415333,SIMULATED,120,1288980,DISARMED,0,-0.000000,0.00000,7.4000,0.0000,25.00,25.00,0.00000,0.00000,0,520,0,500,0,0,0,0,20,0,520,0,0,0,0,0,0,0,0,600,600,600,100,100,0.00000,0.00000,9.80665,0.000000,0.00000,-0.00000,0.00000,0.00000,9.80665,0.000000,0.000000,0.000000,0,1,1,1,1,1,0,0,0,0
2026-09-21T05:52:50.827573+00:00,26451375,SIMULATED,121,1291384,DISARMED,0,-0.000000,0.00000,7.4000,0.0000,25.00,25.00,0.00000,0.00000,0,520,0,500,0,0,0,0,20,0,520,0,0,0,0,0,0,0,0,600,600,600,100,100,0.00000,0.00000,9.80665,0.000000,0.00000,-0.00000,0.00000,0.00000,9.80665,0.000000,0.000000,0.000000,0,1,1,1,1,1,0,0,0,0
2026-09-21T05:52:50.827610+00:00,26488708,SIMULATED,122,1293788,DISARMED,0,-0.000000,0.00000,7.4000,0.0000,25.00,25.00,0.00000,0.00000,0,520,0,500,0,0,0,0,20,0,520,0,0,0,0,0,0,0,0,600,600,600,100,100,0.00000,0.00000,9.80665,0.000000,0.00000,-0.00000,0.00000,0.00000,9.80665,0.000000,0.000000,0.000000,0,1,1,1,1,1,0,0,0,0
2026-09-21T05:52:50.827685+00:00,26567583,SIMULATED,123,1296192,DISARMED,0,-0.000000,0.00000,7.4000,0.0000,25.00,25.00,0.00000,0.00000,0,520,0,500,0,0,0,0,20,0,520,0,0,0,0,0,0,0,0,600,600,600,100,100,0.00000,0.00000,9.80665,0.000000,0.00000,-0.00000,0.00000,0.00000,9.80665,0.000000,0.000000,0.000000,0,1,1,1,1,1,0,0,0,0
2026-09-21T05:52:50.827762+00:00,26640750,SIMULATED,124,1298596,DISARMED,0,-0.000000,0.00000,7.4000,0.0000,25.00,25.00,0.00000,0.00000,0,520,0,500,0,0,0,0,20,0,520,0,0,0,0,0,0,0,0,600,600,600,100,100,0.00000,0.00000,9.80665,0.000000,0.00000,-0.00000,0.00000,0.00000,9.80665,0.000000,0.000000,0.000000,0,1,1,1,1,1,0,0,0,0
2026-09-21T05:52:50.827810+00:00,26689333,SIMULATED,125,1301000,DISARMED,0,-0.000000,0.00000,7.4000,0.0000,25.00,25.00,0.00000,0.00000,0,520,0,500,0,0,0,0,20,0,520,0,0,0,0,0,0,0,0,600,600,600,100,100,0.00000,0.00000,9.80665,0.000000,0.00000,-0.00000,0.00000,0.00000,9.80665,0.000000,0.000000,0.000000,0,1,1,1,1,1,0,0,0,0
2026-09-21T05:52:50.827852+00:00,26730750,SIMULATED,126,1303404,DISARMED,0,-0.000000,0.00000,7.4000,0.0000,25.00,25.00,0.00000,0.00000,0,520,0,500,0,0,0,0,20,0,520,0,0,0,0,0,0,0,0,600,600,600,100,100,0.00000,0.00000,9.80665,0.000000,0.00000,-0.00000,0.00000,0.00000,9.80665,0.000000,0.000000,0.000000,0,1,1,1,1,1,0,0,0,0
2026-09-21T05:52:50.827895+00:00,26774166,SIMULATED,127,1305808,DISARMED,0,-0.000000,0.00000,7.4000,0.0000,25.00,25.00,0.00000,0.00000,0,520,0,500,0,0,0,0,20,0,520,0,0,0,0,0,0,0,0,600,600,600,100,100,0.00000,0.00000,9.80665,0.000000,0.00000,-0.00000,0.00000,0.00000,9.80665,0.000000,0.000000,0.000000,0,1,1,1,1,1,0,0,0,0
2026-09-21T05:52:50.827933+00:00,26811458,SIMULATED,128,1308212,DISARMED,0,-0.000000,0.00000,7.4000,0.0000,25.00,25.00,0.00000,0.00000,0,520,0,500,0,0,0,0,20,0,520,0,0,0,0,0,0,0,0,600,600,600,100,100,0.00000,0.00000,9.80665,0.000000,0.00000,-0.00000,0.00000,0.00000,9.80665,0.000000,0.000000,0.000000,0,1,1,1,1,1,0,0,0,0
2026-09-21T05:52:50.827974+00:00,26852583,SIMULATED,129,1310616,DISARMED,0,-0.000000,0.00000,7.4000,0.0000,25.00,25.00,0.00000,0.00000,0,520,0,500,0,0,0,0,20,0,520,0,0,0,0,0,0,0,0,600,600,600,100,100,0.00000,0.00000,9.80665,0.000000,0.00000,-0.00000,0.00000,0.00000,9.80665,0.000000,0.000000,0.000000,0,1,1,1,1,1,0,0,0,0
2026-09-21T05:52:50.828015+00:00,26894166,SIMULATED,130,1313020,DISARMED,0,-0.000000,0.00000,7.4000,0.0000,25.00,25.00,0.00000,0.00000,0,520,0,500,0,0,0,0,20,0,520,0,0,0,0,0,0,0,0,600,600,600,100,100,0.00000,0.00000,9.80665,0.000000,0.00000,-0.00000,0.00000,0.00000,9.80665,0.000000,0.000000,0.000000,0,1,1,1,1,1,0,0,0,0
2026-09-21T05:52:50.828052+00:00,26930375,SIMULATED,131,1315424,DISARMED,0,-0.000000,0.00000,7.4000,0.0000,25.00,25.00,0.00000,0.00000,0,520,0,500,0,0,0,0,20,0,520,0,0,0,0,0,0,0,0,600,600,600,100,100,0.00000,0.00000,9.80665,0.000000,0.00000,-0.00000,0.00000,0.00000,9.80665,0.000000,0.000000,0.000000,0,1,1,1,1,1,0,0,0,0
2026-09-21T05:52:50.828091+00:00,26969916,SIMULATED,132,1317828,DISARMED,0,-0.000000,0.00000,7.4000,0.0000,25.00,25.00,0.00000,0.00000,0,520,0,500,0,0,0,0,20,0,520,0,0,0,0,0,0,0,0,600,600,600,100,100,0.00000,0.00000,9.80665,0.000000,0.00000,-0.00000,0.00000,0.00000,9.80665,0.000000,0.000000,0.000000,0,1,1,1,1,1,0,0,0,0
2026-09-21T05:52:50.828127+00:00,27005250,SIMULATED,133,1320232,DISARMED,0,-0.000000,0.00000,7.4000,0.0000,25.00,25.00,0.00000,0.00000,0,520,0,500,0,0,0,0,20,0,520,0,0,0,0,0,0,0,0,600,600,600,100,100,0.00000,0.00000,9.80665,0.000000,0.00000,-0.00000,0.00000,0.00000,9.80665,0.000000,0.000000,0.000000,0,1,1,1,1,1,0,0,0,0
2026-09-21T05:52:50.828166+00:00,27044916,SIMULATED,134,1322636,DISARMED,0,-0.000000,0.00000,7.4000,0.0000,25.00,25.00,0.00000,0.00000,0,520,0,500,0,0,0,0,20,0,520,0,0,0,0,0,0,0,0,600,600,600,100,100,0.00000,0.00000,9.80665,0.000000,0.00000,-0.00000,0.00000,0.00000,9.80665,0.000000,0.000000,0.000000,0,1,1,1,1,1,0,0,0,0
2026-09-21T05:52:50.828204+00:00,27082500,SIMULATED,135,1325040,DISARMED,0,-0.000000,0.00000,7.4000,0.0000,25.00,25.00,0.00000,0.00000,0,520,0,500,0,0,0,0,20,0,520,0,0,0,0,0,0,0,0,600,600,600,100,100,0.00000,0.00000,9.80665,0.000000,0.00000,-0.00000,0.00000,0.00000,9.80665,0.000000,0.000000,0.000000,0,1,1,1,1,1,0,0,0,0
2026-09-21T05:52:50.828241+00:00,27120208,SIMULATED,136,1327444,DISARMED,0,-0.000000,0.00000,7.4000,0.0000,25.00,25.00,0.00000,0.00000,0,520,0,500,0,0,0,0,20,0,520,0,0,0,0,0,0,0,0,600,600,600,100,100,0.00000,0.00000,9.80665,0.000000,0.00000,-0.00000,0.00000,0.00000,9.80665,0.000000,0.000000,0.000000,0,1,1,1,1,1,0,0,0,0
2026-09-21T05:52:50.828278+00:00,27156250,SIMULATED,137,1329848,DISARMED,0,-0.000000,0.00000,7.4000,0.0000,25.00,25.00,0.00000,0.00000,0,520,0,500,0,0,0,0,20,0,520,0,0,0,0,0,0,0,0,600,600,600,100,100,0.00000,0.00000,9.80665,0.000000,0.00000,-0.00000,0.00000,0.00000,9.80665,0.000000,0.000000,0.000000,0,1,1,1,1,1,0,0,0,0
2026-09-21T05:52:50.828316+00:00,27194916,SIMULATED,138,1332252,DISARMED,0,-0.000000,0.00000,7.4000,0.0000,25.00,25.00,0.00000,0.00000,0,520,0,500,0,0,0,0,20,0,520,0,0,0,0,0,0,0,0,600,600,600,100,100,0.00000,0.00000,9.80665,0.000000,0.00000,-0.00000,0.00000,0.00000,9.80665,0.000000,0.000000,0.000000,0,1,1,1,1,1,0,0,0,0
2026-09-21T05:52:50.828353+00:00,27231291,SIMULATED,139,1334656,DISARMED,0,-0.000000,0.00000,7.4000,0.0000,25.00,25.00,0.00000,0.00000,0,520,0,500,0,0,0,0,20,0,520,0,0,0,0,0,0,0,0,600,600,600,100,100,0.00000,0.00000,9.80665,0.000000,0.00000,-0.00000,0.00000,0.00000,9.80665,0.000000,0.000000,0.000000,0,1,1,1,1,1,0,0,0,0
2026-09-21T05:52:50.828392+00:00,27270875,SIMULATED,140,1337060,DISARMED,0,-0.000000,0.00000,7.4000,0.0000,25.00,25.00,0.00000,0.00000,0,520,0,500,0,0,0,0,20,0,520,0,0,0,0,0,0,0,0,600,600,600,100,100,0.00000,0.00000,9.80665,0.000000,0.00000,-0.00000,0.00000,0.00000,9.80665,0.000000,0.000000,0.000000,0,1,1,1,1,1,0,0,0,0
2026-09-21T05:52:50.828432+00:00,27311041,SIMULATED,141,1339464,DISARMED,0,-0.000000,0.00000,7.4000,0.0000,25.00,25.00,0.00000,0.00000,0,520,0,500,0,0,0,0,20,0,520,0,0,0,0,0,0,0,0,600,600,600,100,100,0.00000,0.00000,9.80665,0.000000,0.00000,-0.00000,0.00000,0.00000,9.80665,0.000000,0.000000,0.000000,0,1,1,1,1,1,0,0,0,0
2026-09-21T05:52:50.828467+00:00,27345833,SIMULATED,142,1341868,DISARMED,0,-0.000000,0.00000,7.4000,0.0000,25.00,25.00,0.00000,0.00000,0,520,0,500,0,0,0,0,20,0,520,0,0,0,0,0,0,0,0,600,600,600,100,100,0.00000,0.00000,9.80665,0.000000,0.00000,-0.00000,0.00000,0.00000,9.80665,0.000000,0.000000,0.000000,0,1,1,1,1,1,0,0,0,0
2026-09-21T05:52:50.828506+00:00,27384708,SIMULATED,143,1344272,DISARMED,0,-0.000000,0.00000,7.4000,0.0000,25.00,25.00,0.00000,0.00000,0,520,0,500,0,0,0,0,20,0,520,0,0,0,0,0,0,0,0,600,600,600,100,100,0.00000,0.00000,9.80665,0.000000,0.00000,-0.00000,0.00000,0.00000,9.80665,0.000000,0.000000,0.000000,0,1,1,1,1,1,0,0,0,0
2026-09-21T05:52:50.828542+00:00,27420375,SIMULATED,144,1346676,DISARMED,0,-0.000000,0.00000,7.4000,0.0000,25.00,25.00,0.00000,0.00000,0,520,0,500,0,0,0,0,20,0,520,0,0,0,0,0,0,0,0,600,600,600,100,100,0.00000,0.00000,9.80665,0.000000,0.00000,-0.00000,0.00000,0.00000,9.80665,0.000000,0.000000,0.000000,0,1,1,1,1,1,0,0,0,0
2026-09-21T05:52:50.828581+00:00,27460000,SIMULATED,145,1349080,DISARMED,0,-0.000000,0.00000,7.4000,0.0000,25.00,25.00,0.00000,0.00000,0,520,0,500,0,0,0,0,20,0,520,0,0,0,0,0,0,0,0,600,600,600,100,100,0.00000,0.00000,9.80665,0.000000,0.00000,-0.00000,0.00000,0.00000,9.80665,0.000000,0.000000,0.000000,0,1,1,1,1,1,0,0,0,0
2026-09-21T05:52:50.828616+00:00,27495166,SIMULATED,146,1351484,DISARMED,0,-0.000000,0.00000,7.4000,0.0000,25.00,25.00,0.00000,0.00000,0,520,0,500,0,0,0,0,20,0,520,0,0,0,0,0,0,0,0,600,600,600,100,100,0.00000,0.00000,9.80665,0.000000,0.00000,-0.00000,0.00000,0.00000,9.80665,0.000000,0.000000,0.000000,0,1,1,1,1,1,0,0,0,0
2026-09-21T05:52:50.828657+00:00,27535333,SIMULATED,147,1353888,DISARMED,0,-0.000000,0.00000,7.4000,0.0000,25.00,25.00,0.00000,0.00000,0,520,0,500,0,0,0,0,20,0,520,0,0,0,0,0,0,0,0,600,600,600,100,100,0.00000,0.00000,9.80665,0.000000,0.00000,-0.00000,0.00000,0.00000,9.80665,0.000000,0.000000,0.000000,0,1,1,1,1,1,0,0,0,0
2026-09-21T05:52:50.828700+00:00,27579125,SIMULATED,148,1356292,DISARMED,0,-0.000000,0.00000,7.4000,0.0000,25.00,25.00,0.00000,0.00000,0,520,0,500,0,0,0,0,20,0,520,0,0,0,0,0,0,0,0,600,600,600,100,100,0.00000,0.00000,9.80665,0.000000,0.00000,-0.00000,0.00000,0.00000,9.80665,0.000000,0.000000,0.000000,0,1,1,1,1,1,0,0,0,0
2026-09-21T05:52:50.828738+00:00,27617041,SIMULATED,149,1358696,DISARMED,0,-0.000000,0.00000,7.4000,0.0000,25.00,25.00,0.00000,0.00000,0,520,0,500,0,0,0,0,20,0,520,0,0,0,0,0,0,0,0,600,600,600,100,100,0.00000,0.00000,9.80665,0.000000,0.00000,-0.00000,0.00000,0.00000,9.80665,0.000000,0.000000,0.000000,0,1,1,1,1,1,0,0,0,0
2026-09-21T05:52:50.828777+00:00,27655666,SIMULATED,150,1361100,DISARMED,0,-0.000000,0.00000,7.4000,0.0000,25.00,25.00,0.00000,0.00000,0,520,0,500,0,0,0,0,20,0,520,0,0,0,0,0,0,0,0,600,600,600,100,100,0.00000,0.00000,9.80665,0.000000,0.00000,-0.00000,0.00000,0.00000,9.80665,0.000000,0.000000,0.000000,0,1,1,1,1,1,0,0,0,0
2026-09-21T05:52:50.828813+00:00,27691333,SIMULATED,151,1363504,DISARMED,0,-0.000000,0.00000,7.4000,0.0000,25.00,25.00,0.00000,0.00000,0,520,0,500,0,0,0,0,20,0,520,0,0,0,0,0,0,0,0,600,600,600,100,100,0.00000,0.00000,9.80665,0.000000,0.00000,-0.00000,0.00000,0.00000,9.80665,0.000000,0.000000,0.000000,0,1,1,1,1,1,0,0,0,0
2026-09-21T05:52:50.828863+00:00,27741708,SIMULATED,152,1365908,DISARMED,0,-0.000000,0.00000,7.4000,0.0000,25.00,25.00,0.00000,0.00000,0,520,0,500,0,0,0,0,20,0,520,0,0,0,0,0,0,0,0,600,600,600,100,100,0.00000,0.00000,9.80665,0.000000,0.00000,-0.00000,0.00000,0.00000,9.80665,0.000000,0.000000,0.000000,0,1,1,1,1,1,0,0,0,0
2026-09-21T05:52:50.828901+00:00,27779500,SIMULATED,153,1368312,DISARMED,0,-0.000000,0.00000,7.4000,0.0000,25.00,25.00,0.00000,0.00000,0,520,0,500,0,0,0,0,20,0,520,0,0,0,0,0,0,0,0,600,600,600,100,100,0.00000,0.00000,9.80665,0.000000,0.00000,-0.00000,0.00000,0.00000,9.80665,0.000000,0.000000,0.000000,0,1,1,1,1,1,0,0,0,0
2026-09-21T05:52:50.828938+00:00,27816416,SIMULATED,154,1370716,DISARMED,0,-0.000000,0.00000,7.4000,0.0000,25.00,25.00,0.00000,0.00000,0,520,0,500,0,0,0,0,20,0,520,0,0,0,0,0,0,0,0,600,600,600,100,100,0.00000,0.00000,9.80665,0.000000,0.00000,-0.00000,0.00000,0.00000,9.80665,0.000000,0.000000,0.000000,0,1,1,1,1,1,0,0,0,0
2026-09-21T05:52:50.828974+00:00,27853250,SIMULATED,155,1373120,DISARMED,0,-0.000000,0.00000,7.4000,0.0000,25.00,25.00,0.00000,0.00000,0,520,0,500,0,0,0,0,20,0,520,0,0,0,0,0,0,0,0,600,600,600,100,100,0.00000,0.00000,9.80665,0.000000,0.00000,-0.00000,0.00000,0.00000,9.80665,0.000000,0.000000,0.000000,0,1,1,1,1,1,0,0,0,0
2026-09-21T05:52:50.829013+00:00,27891250,SIMULATED,156,1375524,DISARMED,0,-0.000000,0.00000,7.4000,0.0000,25.00,25.00,0.00000,0.00000,0,520,0,500,0,0,0,0,20,0,520,0,0,0,0,0,0,0,0,600,600,600,100,100,0.00000,0.00000,9.80665,0.000000,0.00000,-0.00000,0.00000,0.00000,9.80665,0.000000,0.000000,0.000000,0,1,1,1,1,1,0,0,0,0
2026-09-21T05:52:50.829049+00:00,27927250,SIMULATED,157,1377928,DISARMED,0,-0.000000,0.00000,7.4000,0.0000,25.00,25.00,0.00000,0.00000,0,520,0,500,0,0,0,0,20,0,520,0,0,0,0,0,0,0,0,600,600,600,100,100,0.00000,0.00000,9.80665,0.000000,0.00000,-0.00000,0.00000,0.00000,9.80665,0.000000,0.000000,0.000000,0,1,1,1,1,1,0,0,0,0
2026-09-21T05:52:50.829086+00:00,27964958,SIMULATED,158,1380332,DISARMED,0,-0.000000,0.00000,7.4000,0.0000,25.00,25.00,0.00000,0.00000,0,520,0,500,0,0,0,0,20,0,520,0,0,0,0,0,0,0,0,600,600,600,100,100,0.00000,0.00000,9.80665,0.000000,0.00000,-0.00000,0.00000,0.00000,9.80665,0.000000,0.000000,0.000000,0,1,1,1,1,1,0,0,0,0
2026-09-21T05:52:50.829123+00:00,28001625,SIMULATED,159,1382736,DISARMED,0,-0.000000,0.00000,7.4000,0.0000,25.00,25.00,0.00000,0.00000,0,520,0,500,0,0,0,0,20,0,520,0,0,0,0,0,0,0,0,600,600,600,100,100,0.00000,0.00000,9.80665,0.000000,0.00000,-0.00000,0.00000,0.00000,9.80665,0.000000,0.000000,0.000000,0,1,1,1,1,1,0,0,0,0
2026-09-21T05:52:50.829161+00:00,28039833,SIMULATED,160,1385140,DISARMED,0,-0.000000,0.00000,7.4000,0.0000,25.00,25.00,0.00000,0.00000,0,520,0,500,0,0,0,0,20,0,520,0,0,0,0,0,0,0,0,600,600,600,100,100,0.00000,0.00000,9.80665,0.000000,0.00000,-0.00000,0.00000,0.00000,9.80665,0.000000,0.000000,0.000000,0,1,1,1,1,1,0,0,0,0
2026-09-21T05:52:50.829196+00:00,28075083,SIMULATED,161,1387544,DISARMED,0,-0.000000,0.00000,7.4000,0.0000,25.00,25.00,0.00000,0.00000,0,520,0,500,0,0,0,0,20,0,520,0,0,0,0,0,0,0,0,600,600,600,100,100,0.00000,0.00000,9.80665,0.000000,0.00000,-0.00000,0.00000,0.00000,9.80665,0.000000,0.000000,0.000000,0,1,1,1,1,1,0,0,0,0
2026-09-21T05:52:50.829232+00:00,28110541,SIMULATED,162,1389948,DISARMED,0,-0.000000,0.00000,7.4000,0.0000,25.00,25.00,0.00000,0.00000,0,520,0,500,0,0,0,0,20,0,520,0,0,0,0,0,0,0,0,600,600,600,100,100,0.00000,0.00000,9.80665,0.000000,0.00000,-0.00000,0.00000,0.00000,9.80665,0.000000,0.000000,0.000000,0,1,1,1,1,1,0,0,0,0
2026-09-21T05:52:50.829268+00:00,28146208,SIMULATED,163,1392352,DISARMED,0,-0.000000,0.00000,7.4000,0.0000,25.00,25.00,0.00000,0.00000,0,520,0,500,0,0,0,0,20,0,520,0,0,0,0,0,0,0,0,600,600,600,100,100,0.00000,0.00000,9.80665,0.000000,0.00000,-0.00000,0.00000,0.00000,9.80665,0.000000,0.000000,0.000000,0,1,1,1,1,1,0,0,0,0
2026-09-21T05:52:50.829303+00:00,28181250,SIMULATED,164,1394756,DISARMED,0,-0.000000,0.00000,7.4000,0.0000,25.00,25.00,0.00000,0.00000,0,520,0,500,0,0,0,0,20,0,520,0,0,0,0,0,0,0,0,600,600,600,100,100,0.00000,0.00000,9.80665,0.000000,0.00000,-0.00000,0.00000,0.00000,9.80665,0.000000,0.000000,0.000000,0,1,1,1,1,1,0,0,0,0
2026-09-21T05:52:50.829341+00:00,28220083,SIMULATED,165,1397160,DISARMED,0,-0.000000,0.00000,7.4000,0.0000,25.00,25.00,0.00000,0.00000,0,520,0,500,0,0,0,0,20,0,520,0,0,0,0,0,0,0,0,600,600,600,100,100,0.00000,0.00000,9.80665,0.000000,0.00000,-0.00000,0.00000,0.00000,9.80665,0.000000,0.000000,0.000000,0,1,1,1,1,1,0,0,0,0
2026-09-21T05:52:50.829377+00:00,28255625,SIMULATED,166,1399564,DISARMED,0,-0.000000,0.00000,7.4000,0.0000,25.00,25.00,0.00000,0.00000,0,520,0,500,0,0,0,0,20,0,520,0,0,0,0,0,0,0,0,600,600,600,100,100,0.00000,0.00000,9.80665,0.000000,0.00000,-0.00000,0.00000,0.00000,9.80665,0.000000,0.000000,0.000000,0,1,1,1,1,1,0,0,0,0
2026-09-21T05:52:50.829413+00:00,28291250,SIMULATED,167,1401968,DISARMED,0,-0.000000,0.00000,7.4000,0.0000,25.00,25.00,0.00000,0.00000,0,520,0,500,0,0,0,0,20,0,520,0,0,0,0,0,0,0,0,600,600,600,100,100,0.00000,0.00000,9.80665,0.000000,0.00000,-0.00000,0.00000,0.00000,9.80665,0.000000,0.000000,0.000000,0,1,1,1,1,1,0,0,0,0
2026-09-21T05:52:50.829448+00:00,28326833,SIMULATED,168,1404372,DISARMED,0,-0.000000,0.00000,7.4000,0.0000,25.00,25.00,0.00000,0.00000,0,520,0,500,0,0,0,0,20,0,520,0,0,0,0,0,0,0,0,600,600,600,100,100,0.00000,0.00000,9.80665,0.000000,0.00000,-0.00000,0.00000,0.00000,9.80665,0.000000,0.000000,0.000000,0,1,1,1,1,1,0,0,0,0
2026-09-21T05:52:50.829484+00:00,28362166,SIMULATED,169,1406776,DISARMED,0,-0.000000,0.00000,7.4000,0.0000,25.00,25.00,0.00000,0.00000,0,520,0,500,0,0,0,0,20,0,520,0,0,0,0,0,0,0,0,600,600,600,100,100,0.00000,0.00000,9.80665,0.000000,0.00000,-0.00000,0.00000,0.00000,9.80665,0.000000,0.000000,0.000000,0,1,1,1,1,1,0,0,0,0
2026-09-21T05:52:50.829521+00:00,28399833,SIMULATED,170,1409180,DISARMED,0,-0.000000,0.00000,7.4000,0.0000,25.00,25.00,0.00000,0.00000,0,520,0,500,0,0,0,0,20,0,520,0,0,0,0,0,0,0,0,600,600,600,100,100,0.00000,0.00000,9.80665,0.000000,0.00000,-0.00000,0.00000,0.00000,9.80665,0.000000,0.000000,0.000000,0,1,1,1,1,1,0,0,0,0
2026-09-21T05:52:50.829632+00:00,28510666,SIMULATED,171,1411584,DISARMED,0,-0.000000,0.00000,7.4000,0.0000,25.00,25.00,0.00000,0.00000,0,520,0,500,0,0,0,0,20,0,520,0,0,0,0,0,0,0,0,600,600,600,100,100,0.00000,0.00000,9.80665,0.000000,0.00000,-0.00000,0.00000,0.00000,9.80665,0.000000,0.000000,0.000000,0,1,1,1,1,1,0,0,0,0
2026-09-21T05:52:50.829668+00:00,28546333,SIMULATED,172,1413988,DISARMED,0,-0.000000,0.00000,7.4000,0.0000,25.00,25.00,0.00000,0.00000,0,520,0,500,0,0,0,0,20,0,520,0,0,0,0,0,0,0,0,600,600,600,100,100,0.00000,0.00000,9.80665,0.000000,0.00000,-0.00000,0.00000,0.00000,9.80665,0.000000,0.000000,0.000000,0,1,1,1,1,1,0,0,0,0
2026-09-21T05:52:50.829703+00:00,28581500,SIMULATED,173,1416392,DISARMED,0,-0.000000,0.00000,7.4000,0.0000,25.00,25.00,0.00000,0.00000,0,520,0,500,0,0,0,0,20,0,520,0,0,0,0,0,0,0,0,600,600,600,100,100,0.00000,0.00000,9.80665,0.000000,0.00000,-0.00000,0.00000,0.00000,9.80665,0.000000,0.000000,0.000000,0,1,1,1,1,1,0,0,0,0
2026-09-21T05:52:50.829738+00:00,28616958,SIMULATED,174,1418796,DISARMED,0,-0.000000,0.00000,7.4000,0.0000,25.00,25.00,0.00000,0.00000,0,520,0,500,0,0,0,0,20,0,520,0,0,0,0,0,0,0,0,600,600,600,100,100,0.00000,0.00000,9.80665,0.000000,0.00000,-0.00000,0.00000,0.00000,9.80665,0.000000,0.000000,0.000000,0,1,1,1,1,1,0,0,0,0
2026-09-21T05:52:50.829773+00:00,28652000,SIMULATED,175,1421200,DISARMED,0,-0.000000,0.00000,7.4000,0.0000,25.00,25.00,0.00000,0.00000,0,520,0,500,0,0,0,0,20,0,520,0,0,0,0,0,0,0,0,600,600,600,100,100,0.00000,0.00000,9.80665,0.000000,0.00000,-0.00000,0.00000,0.00000,9.80665,0.000000,0.000000,0.000000,0,1,1,1,1,1,0,0,0,0
2026-09-21T05:52:50.829808+00:00,28686708,SIMULATED,176,1423604,DISARMED,0,-0.000000,0.00000,7.4000,0.0000,25.00,25.00,0.00000,0.00000,0,520,0,500,0,0,0,0,20,0,520,0,0,0,0,0,0,0,0,600,600,600,100,100,0.00000,0.00000,9.80665,0.000000,0.00000,-0.00000,0.00000,0.00000,9.80665,0.000000,0.000000,0.000000,0,1,1,1,1,1,0,0,0,0
2026-09-21T05:52:50.829848+00:00,28726875,SIMULATED,177,1426008,DISARMED,0,-0.000000,0.00000,7.4000,0.0000,25.00,25.00,0.00000,0.00000,0,520,0,500,0,0,0,0,20,0,520,0,0,0,0,0,0,0,0,600,600,600,100,100,0.00000,0.00000,9.80665,0.000000,0.00000,-0.00000,0.00000,0.00000,9.80665,0.000000,0.000000,0.000000,0,1,1,1,1,1,0,0,0,0
2026-09-21T05:52:50.829886+00:00,28764458,SIMULATED,178,1428412,DISARMED,0,-0.000000,0.00000,7.4000,0.0000,25.00,25.00,0.00000,0.00000,0,520,0,500,0,0,0,0,20,0,520,0,0,0,0,0,0,0,0,600,600,600,100,100,0.00000,0.00000,9.80665,0.000000,0.00000,-0.00000,0.00000,0.00000,9.80665,0.000000,0.000000,0.000000,0,1,1,1,1,1,0,0,0,0
2026-09-21T05:52:50.829921+00:00,28799125,SIMULATED,179,1430816,DISARMED,0,-0.000000,0.00000,7.4000,0.0000,25.00,25.00,0.00000,0.00000,0,520,0,500,0,0,0,0,20,0,520,0,0,0,0,0,0,0,0,600,600,600,100,100,0.00000,0.00000,9.80665,0.000000,0.00000,-0.00000,0.00000,0.00000,9.80665,0.000000,0.000000,0.000000,0,1,1,1,1,1,0,0,0,0
2026-09-21T05:52:50.829957+00:00,28835833,SIMULATED,180,1433220,DISARMED,0,-0.000000,0.00000,7.4000,0.0000,25.00,25.00,0.00000,0.00000,0,520,0,500,0,0,0,0,20,0,520,0,0,0,0,0,0,0,0,600,600,600,100,100,0.00000,0.00000,9.80665,0.000000,0.00000,-0.00000,0.00000,0.00000,9.80665,0.000000,0.000000,0.000000,0,1,1,1,1,1,0,0,0,0
2026-09-21T05:52:50.829992+00:00,28870708,SIMULATED,181,1435624,DISARMED,0,-0.000000,0.00000,7.4000,0.0000,25.00,25.00,0.00000,0.00000,0,520,0,500,0,0,0,0,20,0,520,0,0,0,0,0,0,0,0,600,600,600,100,100,0.00000,0.00000,9.80665,0.000000,0.00000,-0.00000,0.00000,0.00000,9.80665,0.000000,0.000000,0.000000,0,1,1,1,1,1,0,0,0,0
2026-09-21T05:52:50.830029+00:00,28907416,SIMULATED,182,1438028,DISARMED,0,-0.000000,0.00000,7.4000,0.0000,25.00,25.00,0.00000,0.00000,0,520,0,500,0,0,0,0,20,0,520,0,0,0,0,0,0,0,0,600,600,600,100,100,0.00000,0.00000,9.80665,0.000000,0.00000,-0.00000,0.00000,0.00000,9.80665,0.000000,0.000000,0.000000,0,1,1,1,1,1,0,0,0,0
2026-09-21T05:52:50.830066+00:00,28944166,SIMULATED,183,1440432,DISARMED,0,-0.000000,0.00000,7.4000,0.0000,25.00,25.00,0.00000,0.00000,0,520,0,500,0,0,0,0,20,0,520,0,0,0,0,0,0,0,0,600,600,600,100,100,0.00000,0.00000,9.80665,0.000000,0.00000,-0.00000,0.00000,0.00000,9.80665,0.000000,0.000000,0.000000,0,1,1,1,1,1,0,0,0,0
2026-09-21T05:52:50.830100+00:00,28978708,SIMULATED,184,1442836,DISARMED,0,-0.000000,0.00000,7.4000,0.0000,25.00,25.00,0.00000,0.00000,0,520,0,500,0,0,0,0,20,0,520,0,0,0,0,0,0,0,0,600,600,600,100,100,0.00000,0.00000,9.80665,0.000000,0.00000,-0.00000,0.00000,0.00000,9.80665,0.000000,0.000000,0.000000,0,1,1,1,1,1,0,0,0,0
2026-09-21T05:52:50.830135+00:00,29013125,SIMULATED,185,1445240,DISARMED,0,-0.000000,0.00000,7.4000,0.0000,25.00,25.00,0.00000,0.00000,0,520,0,500,0,0,0,0,20,0,520,0,0,0,0,0,0,0,0,600,600,600,100,100,0.00000,0.00000,9.80665,0.000000,0.00000,-0.00000,0.00000,0.00000,9.80665,0.000000,0.000000,0.000000,0,1,1,1,1,1,0,0,0,0
2026-09-21T05:52:50.830169+00:00,29047625,SIMULATED,186,1447644,DISARMED,0,-0.000000,0.00000,7.4000,0.0000,25.00,25.00,0.00000,0.00000,0,520,0,500,0,0,0,0,20,0,520,0,0,0,0,0,0,0,0,600,600,600,100,100,0.00000,0.00000,9.80665,0.000000,0.00000,-0.00000,0.00000,0.00000,9.80665,0.000000,0.000000,0.000000,0,1,1,1,1,1,0,0,0,0
2026-09-21T05:52:50.830204+00:00,29082416,SIMULATED,187,1450048,DISARMED,0,-0.000000,0.00000,7.4000,0.0000,25.00,25.00,0.00000,0.00000,0,520,0,500,0,0,0,0,20,0,520,0,0,0,0,0,0,0,0,600,600,600,100,100,0.00000,0.00000,9.80665,0.000000,0.00000,-0.00000,0.00000,0.00000,9.80665,0.000000,0.000000,0.000000,0,1,1,1,1,1,0,0,0,0
2026-09-21T05:52:50.830239+00:00,29117208,SIMULATED,188,1452452,DISARMED,0,-0.000000,0.00000,7.4000,0.0000,25.00,25.00,0.00000,0.00000,0,520,0,500,0,0,0,0,20,0,520,0,0,0,0,0,0,0,0,600,600,600,100,100,0.00000,0.00000,9.80665,0.000000,0.00000,-0.00000,0.00000,0.00000,9.80665,0.000000,0.000000,0.000000,0,1,1,1,1,1,0,0,0,0
2026-09-21T05:52:50.830275+00:00,29154041,SIMULATED,189,1454856,DISARMED,0,-0.000000,0.00000,7.4000,0.0000,25.00,25.00,0.00000,0.00000,0,520,0,500,0,0,0,0,20,0,520,0,0,0,0,0,0,0,0,600,600,600,100,100,0.00000,0.00000,9.80665,0.000000,0.00000,-0.00000,0.00000,0.00000,9.80665,0.000000,0.000000,0.000000,0,1,1,1,1,1,0,0,0,0
2026-09-21T05:52:50.830312+00:00,29190958,SIMULATED,190,1457260,DISARMED,0,-0.000000,0.00000,7.4000,0.0000,25.00,25.00,0.00000,0.00000,0,520,0,500,0,0,0,0,20,0,520,0,0,0,0,0,0,0,0,600,600,600,100,100,0.00000,0.00000,9.80665,0.000000,0.00000,-0.00000,0.00000,0.00000,9.80665,0.000000,0.000000,0.000000,0,1,1,1,1,1,0,0,0,0
2026-09-21T05:52:50.830351+00:00,29229291,SIMULATED,191,1459664,DISARMED,0,-0.000000,0.00000,7.4000,0.0000,25.00,25.00,0.00000,0.00000,0,520,0,500,0,0,0,0,20,0,520,0,0,0,0,0,0,0,0,600,600,600,100,100,0.00000,0.00000,9.80665,0.000000,0.00000,-0.00000,0.00000,0.00000,9.80665,0.000000,0.000000,0.000000,0,1,1,1,1,1,0,0,0,0
2026-09-21T05:52:50.830385+00:00,29263916,SIMULATED,192,1462068,DISARMED,0,-0.000000,0.00000,7.4000,0.0000,25.00,25.00,0.00000,0.00000,0,520,0,500,0,0,0,0,20,0,520,0,0,0,0,0,0,0,0,600,600,600,100,100,0.00000,0.00000,9.80665,0.000000,0.00000,-0.00000,0.00000,0.00000,9.80665,0.000000,0.000000,0.000000,0,1,1,1,1,1,0,0,0,0
2026-09-21T05:52:50.830420+00:00,29298458,SIMULATED,193,1464472,DISARMED,0,-0.000000,0.00000,7.4000,0.0000,25.00,25.00,0.00000,0.00000,0,520,0,500,0,0,0,0,20,0,520,0,0,0,0,0,0,0,0,600,600,600,100,100,0.00000,0.00000,9.80665,0.000000,0.00000,-0.00000,0.00000,0.00000,9.80665,0.000000,0.000000,0.000000,0,1,1,1,1,1,0,0,0,0
2026-09-21T05:52:50.830455+00:00,29333250,SIMULATED,194,1466876,DISARMED,0,-0.000000,0.00000,7.4000,0.0000,25.00,25.00,0.00000,0.00000,0,520,0,500,0,0,0,0,20,0,520,0,0,0,0,0,0,0,0,600,600,600,100,100,0.00000,0.00000,9.80665,0.000000,0.00000,-0.00000,0.00000,0.00000,9.80665,0.000000,0.000000,0.000000,0,1,1,1,1,1,0,0,0,0
2026-09-21T05:52:50.830490+00:00,29369000,SIMULATED,195,1469280,DISARMED,0,-0.000000,0.00000,7.4000,0.0000,25.00,25.00,0.00000,0.00000,0,520,0,500,0,0,0,0,20,0,520,0,0,0,0,0,0,0,0,600,600,600,100,100,0.00000,0.00000,9.80665,0.000000,0.00000,-0.00000,0.00000,0.00000,9.80665,0.000000,0.000000,0.000000,0,1,1,1,1,1,0,0,0,0
2026-09-21T05:52:50.830525+00:00,29403500,SIMULATED,196,1471684,DISARMED,0,-0.000000,0.00000,7.4000,0.0000,25.00,25.00,0.00000,0.00000,0,520,0,500,0,0,0,0,20,0,520,0,0,0,0,0,0,0,0,600,600,600,100,100,0.00000,0.00000,9.80665,0.000000,0.00000,-0.00000,0.00000,0.00000,9.80665,0.000000,0.000000,0.000000,0,1,1,1,1,1,0,0,0,0
2026-09-21T05:52:50.830560+00:00,29438083,SIMULATED,197,1474088,DISARMED,0,-0.000000,0.00000,7.4000,0.0000,25.00,25.00,0.00000,0.00000,0,520,0,500,0,0,0,0,20,0,520,0,0,0,0,0,0,0,0,600,600,600,100,100,0.00000,0.00000,9.80665,0.000000,0.00000,-0.00000,0.00000,0.00000,9.80665,0.000000,0.000000,0.000000,0,1,1,1,1,1,0,0,0,0
2026-09-21T05:52:50.830594+00:00,29472416,SIMULATED,198,1476492,DISARMED,0,-0.000000,0.00000,7.4000,0.0000,25.00,25.00,0.00000,0.00000,0,520,0,500,0,0,0,0,20,0,520,0,0,0,0,0,0,0,0,600,600,600,100,100,0.00000,0.00000,9.80665,0.000000,0.00000,-0.00000,0.00000,0.00000,9.80665,0.000000,0.000000,0.000000,0,1,1,1,1,1,0,0,0,0
2026-09-21T05:52:50.830628+00:00,29506583,SIMULATED,199,1478896,DISARMED,0,-0.000000,0.00000,7.4000,0.0000,25.00,25.00,0.00000,0.00000,0,520,0,500,0,0,0,0,20,0,520,0,0,0,0,0,0,0,0,600,600,600,100,100,0.00000,0.00000,9.80665,0.000000,0.00000,-0.00000,0.00000,0.00000,9.80665,0.000000,0.000000,0.000000,0,1,1,1,1,1,0,0,0,0
2026-09-21T05:52:50.830666+00:00,29544291,SIMULATED,200,1481300,DISARMED,0,-0.000000,0.00000,7.4000,0.0000,25.00,25.00,0.00000,0.00000,0,520,0,500,0,0,0,0,20,0,520,0,0,0,0,0,0,0,0,600,600,600,100,100,0.00000,0.00000,9.80665,0.000000,0.00000,-0.00000,0.00000,0.00000,9.80665,0.000000,0.000000,0.000000,0,1,1,1,1,1,0,0,0,0
2026-09-21T05:52:50.830701+00:00,29579833,SIMULATED,1,1002904,DISARMED,0,-0.000000,0.00000,7.4000,0.0000,25.00,25.00,0.00000,0.00000,0,520,0,500,0,0,0,0,20,0,520,0,0,0,0,0,0,0,0,0,0,0,0,0,0.00000,0.00000,9.80665,0.000000,0.00000,-0.00000,0.00000,0.00000,9.80665,0.000000,0.000000,0.000000,0,1,1,1,1,1,0,0,0,0
2026-09-21T05:52:50.830736+00:00,29614916,SIMULATED,2,1005308,DISARMED,0,-0.000000,0.00000,7.4000,0.0000,25.00,25.00,0.00000,0.00000,0,520,0,500,0,0,0,0,20,0,520,0,0,0,0,0,0,0,0,600,600,600,100,100,0.00000,0.00000,9.80665,0.000000,0.00000,-0.00000,0.00000,0.00000,9.80665,0.000000,0.000000,0.000000,0,1,1,1,1,1,0,0,0,0
2026-09-21T05:52:50.830774+00:00,29652583,SIMULATED,3,1007712,DISARMED,0,-0.000000,0.00000,7.4000,0.0000,25.00,25.00,0.00000,0.00000,0,520,0,500,0,0,0,0,20,0,520,0,0,0,0,0,0,0,0,600,600,600,100,100,0.00000,0.00000,9.80665,0.000000,0.00000,-0.00000,0.00000,0.00000,9.80665,0.000000,0.000000,0.000000,0,1,1,1,1,1,0,0,0,0
2026-09-21T05:52:50.830809+00:00,29687416,SIMULATED,4,1010116,DISARMED,0,-0.000000,0.00000,7.4000,0.0000,25.00,25.00,0.00000,0.00000,0,520,0,500,0,0,0,0,20,0,520,0,0,0,0,0,0,0,0,600,600,600,100,100,0.00000,0.00000,9.80665,0.000000,0.00000,-0.00000,0.00000,0.00000,9.80665,0.000000,0.000000,0.000000,0,1,1,1,1,1,0,0,0,0
2026-09-21T05:52:50.830844+00:00,29722208,SIMULATED,5,1012520,DISARMED,0,-0.000000,0.00000,7.4000,0.0000,25.00,25.00,0.00000,0.00000,0,520,0,500,0,0,0,0,20,0,520,0,0,0,0,0,0,0,0,600,600,600,100,100,0.00000,0.00000,9.80665,0.000000,0.00000,-0.00000,0.00000,0.00000,9.80665,0.000000,0.000000,0.000000,0,1,1,1,1,1,0,0,0,0
2026-09-21T05:52:50.830878+00:00,29756916,SIMULATED,6,1014924,DISARMED,0,-0.000000,0.00000,7.4000,0.0000,25.00,25.00,0.00000,0.00000,0,520,0,500,0,0,0,0,20,0,520,0,0,0,0,0,0,0,0,600,600,600,100,100,0.00000,0.00000,9.80665,0.000000,0.00000,-0.00000,0.00000,0.00000,9.80665,0.000000,0.000000,0.000000,0,1,1,1,1,1,0,0,0,0
2026-09-21T05:52:50.830917+00:00,29795458,SIMULATED,7,1017328,DISARMED,0,-0.000000,0.00000,7.4000,0.0000,25.00,25.00,0.00000,0.00000,0,520,0,500,0,0,0,0,20,0,520,0,0,0,0,0,0,0,0,600,600,600,100,100,0.00000,0.00000,9.80665,0.000000,0.00000,-0.00000,0.00000,0.00000,9.80665,0.000000,0.000000,0.000000,0,1,1,1,1,1,0,0,0,0
2026-09-21T05:52:50.830952+00:00,29830083,SIMULATED,8,1019732,DISARMED,0,-0.000000,0.00000,7.4000,0.0000,25.00,25.00,0.00000,0.00000,0,520,0,500,0,0,0,0,20,0,520,0,0,0,0,0,0,0,0,600,600,600,100,100,0.00000,0.00000,9.80665,0.000000,0.00000,-0.00000,0.00000,0.00000,9.80665,0.000000,0.000000,0.000000,0,1,1,1,1,1,0,0,0,0
2026-09-21T05:52:50.830986+00:00,29864375,SIMULATED,9,1022136,DISARMED,0,-0.000000,0.00000,7.4000,0.0000,25.00,25.00,0.00000,0.00000,0,520,0,500,0,0,0,0,20,0,520,0,0,0,0,0,0,0,0,600,600,600,100,100,0.00000,0.00000,9.80665,0.000000,0.00000,-0.00000,0.00000,0.00000,9.80665,0.000000,0.000000,0.000000,0,1,1,1,1,1,0,0,0,0
2026-09-21T05:52:50.831022+00:00,29900958,SIMULATED,10,1024540,DISARMED,0,-0.000000,0.00000,7.4000,0.0000,25.00,25.00,0.00000,0.00000,0,520,0,500,0,0,0,0,20,0,520,0,0,0,0,0,0,0,0,600,600,600,100,100,0.00000,0.00000,9.80665,0.000000,0.00000,-0.00000,0.00000,0.00000,9.80665,0.000000,0.000000,0.000000,0,1,1,1,1,1,0,0,0,0
2026-09-21T05:52:50.831059+00:00,29937916,SIMULATED,11,1026944,DISARMED,0,-0.000000,0.00000,7.4000,0.0000,25.00,25.00,0.00000,0.00000,0,520,0,500,0,0,0,0,20,0,520,0,0,0,0,0,0,0,0,600,600,600,100,100,0.00000,0.00000,9.80665,0.000000,0.00000,-0.00000,0.00000,0.00000,9.80665,0.000000,0.000000,0.000000,0,1,1,1,1,1,0,0,0,0
2026-09-21T05:52:50.831095+00:00,29973125,SIMULATED,12,1029348,DISARMED,0,-0.000000,0.00000,7.4000,0.0000,25.00,25.00,0.00000,0.00000,0,520,0,500,0,0,0,0,20,0,520,0,0,0,0,0,0,0,0,600,600,600,100,100,0.00000,0.00000,9.80665,0.000000,0.00000,-0.00000,0.00000,0.00000,9.80665,0.000000,0.000000,0.000000,0,1,1,1,1,1,0,0,0,0
2026-09-21T05:52:50.831131+00:00,30009250,SIMULATED,13,1031752,DISARMED,0,-0.000000,0.00000,7.4000,0.0000,25.00,25.00,0.00000,0.00000,0,520,0,500,0,0,0,0,20,0,520,0,0,0,0,0,0,0,0,600,600,600,100,100,0.00000,0.00000,9.80665,0.000000,0.00000,-0.00000,0.00000,0.00000,9.80665,0.000000,0.000000,0.000000,0,1,1,1,1,1,0,0,0,0
2026-09-21T05:52:50.831165+00:00,30043625,SIMULATED,14,1034156,DISARMED,0,-0.000000,0.00000,7.4000,0.0000,25.00,25.00,0.00000,0.00000,0,520,0,500,0,0,0,0,20,0,520,0,0,0,0,0,0,0,0,600,600,600,100,100,0.00000,0.00000,9.80665,0.000000,0.00000,-0.00000,0.00000,0.00000,9.80665,0.000000,0.000000,0.000000,0,1,1,1,1,1,0,0,0,0
2026-09-21T05:52:50.831199+00:00,30077291,SIMULATED,15,1036560,DISARMED,0,-0.000000,0.00000,7.4000,0.0000,25.00,25.00,0.00000,0.00000,0,520,0,500,0,0,0,0,20,0,520,0,0,0,0,0,0,0,0,600,600,600,100,100,0.00000,0.00000,9.80665,0.000000,0.00000,-0.00000,0.00000,0.00000,9.80665,0.000000,0.000000,0.000000,0,1,1,1,1,1,0,0,0,0
2026-09-21T05:52:50.831234+00:00,30112250,SIMULATED,16,1038964,DISARMED,0,-0.000000,0.00000,7.4000,0.0000,25.00,25.00,0.00000,0.00000,0,520,0,500,0,0,0,0,20,0,520,0,0,0,0,0,0,0,0,600,600,600,100,100,0.00000,0.00000,9.80665,0.000000,0.00000,-0.00000,0.00000,0.00000,9.80665,0.000000,0.000000,0.000000,0,1,1,1,1,1,0,0,0,0
2026-09-21T05:52:50.831267+00:00,30145500,SIMULATED,17,1041368,DISARMED,0,-0.000000,0.00000,7.4000,0.0000,25.00,25.00,0.00000,0.00000,0,520,0,500,0,0,0,0,20,0,520,0,0,0,0,0,0,0,0,600,600,600,100,100,0.00000,0.00000,9.80665,0.000000,0.00000,-0.00000,0.00000,0.00000,9.80665,0.000000,0.000000,0.000000,0,1,1,1,1,1,0,0,0,0
2026-09-21T05:52:50.831300+00:00,30178458,SIMULATED,18,1043772,DISARMED,0,-0.000000,0.00000,7.4000,0.0000,25.00,25.00,0.00000,0.00000,0,520,0,500,0,0,0,0,20,0,520,0,0,0,0,0,0,0,0,600,600,600,100,100,0.00000,0.00000,9.80665,0.000000,0.00000,-0.00000,0.00000,0.00000,9.80665,0.000000,0.000000,0.000000,0,1,1,1,1,1,0,0,0,0
2026-09-21T05:52:50.831334+00:00,30212625,SIMULATED,19,1046176,DISARMED,0,-0.000000,0.00000,7.4000,0.0000,25.00,25.00,0.00000,0.00000,0,520,0,500,0,0,0,0,20,0,520,0,0,0,0,0,0,0,0,600,600,600,100,100,0.00000,0.00000,9.80665,0.000000,0.00000,-0.00000,0.00000,0.00000,9.80665,0.000000,0.000000,0.000000,0,1,1,1,1,1,0,0,0,0
2026-09-21T05:52:50.831367+00:00,30245583,SIMULATED,20,1048580,DISARMED,0,-0.000000,0.00000,7.4000,0.0000,25.00,25.00,0.00000,0.00000,0,520,0,500,0,0,0,0,20,0,520,0,0,0,0,0,0,0,0,600,600,600,100,100,0.00000,0.00000,9.80665,0.000000,0.00000,-0.00000,0.00000,0.00000,9.80665,0.000000,0.000000,0.000000,0,1,1,1,1,1,0,0,0,0
2026-09-21T05:52:50.831403+00:00,30281000,SIMULATED,21,1050984,DISARMED,0,-0.000000,0.00000,7.4000,0.0000,25.00,25.00,0.00000,0.00000,0,520,0,500,0,0,0,0,20,0,520,0,0,0,0,0,0,0,0,600,600,600,100,100,0.00000,0.00000,9.80665,0.000000,0.00000,-0.00000,0.00000,0.00000,9.80665,0.000000,0.000000,0.000000,0,1,1,1,1,1,0,0,0,0
2026-09-21T05:52:50.831441+00:00,30319791,SIMULATED,22,1053388,DISARMED,0,-0.000000,0.00000,7.4000,0.0000,25.00,25.00,0.00000,0.00000,0,520,0,500,0,0,0,0,20,0,520,0,0,0,0,0,0,0,0,600,600,600,100,100,0.00000,0.00000,9.80665,0.000000,0.00000,-0.00000,0.00000,0.00000,9.80665,0.000000,0.000000,0.000000,0,1,1,1,1,1,0,0,0,0
2026-09-21T05:52:50.831493+00:00,30371458,SIMULATED,23,1055792,DISARMED,0,-0.000000,0.00000,7.4000,0.0000,25.00,25.00,0.00000,0.00000,0,520,0,500,0,0,0,0,20,0,520,0,0,0,0,0,0,0,0,600,600,600,100,100,0.00000,0.00000,9.80665,0.000000,0.00000,-0.00000,0.00000,0.00000,9.80665,0.000000,0.000000,0.000000,0,1,1,1,1,1,0,0,0,0
2026-09-21T05:52:50.831530+00:00,30408458,SIMULATED,24,1058196,DISARMED,0,-0.000000,0.00000,7.4000,0.0000,25.00,25.00,0.00000,0.00000,0,520,0,500,0,0,0,0,20,0,520,0,0,0,0,0,0,0,0,600,600,600,100,100,0.00000,0.00000,9.80665,0.000000,0.00000,-0.00000,0.00000,0.00000,9.80665,0.000000,0.000000,0.000000,0,1,1,1,1,1,0,0,0,0
2026-09-21T05:52:50.831567+00:00,30445166,SIMULATED,25,1060600,DISARMED,0,-0.000000,0.00000,7.4000,0.0000,25.00,25.00,0.00000,0.00000,0,520,0,500,0,0,0,0,20,0,520,0,0,0,0,0,0,0,0,600,600,600,100,100,0.00000,0.00000,9.80665,0.000000,0.00000,-0.00000,0.00000,0.00000,9.80665,0.000000,0.000000,0.000000,0,1,1,1,1,1,0,0,0,0
2026-09-21T05:52:50.831601+00:00,30479750,SIMULATED,26,1063004,DISARMED,0,-0.000000,0.00000,7.4000,0.0000,25.00,25.00,0.00000,0.00000,0,520,0,500,0,0,0,0,20,0,520,0,0,0,0,0,0,0,0,600,600,600,100,100,0.00000,0.00000,9.80665,0.000000,0.00000,-0.00000,0.00000,0.00000,9.80665,0.000000,0.000000,0.000000,0,1,1,1,1,1,0,0,0,0
2026-09-21T05:52:50.831643+00:00,30521791,SIMULATED,27,1065408,DISARMED,0,-0.000000,0.00000,7.4000,0.0000,25.00,25.00,0.00000,0.00000,0,520,0,500,0,0,0,0,20,0,520,0,0,0,0,0,0,0,0,600,600,600,100,100,0.00000,0.00000,9.80665,0.000000,0.00000,-0.00000,0.00000,0.00000,9.80665,0.000000,0.000000,0.000000,0,1,1,1,1,1,0,0,0,0
2026-09-21T05:52:50.831684+00:00,30562625,SIMULATED,28,1067812,DISARMED,0,-0.000000,0.00000,7.4000,0.0000,25.00,25.00,0.00000,0.00000,0,520,0,500,0,0,0,0,20,0,520,0,0,0,0,0,0,0,0,600,600,600,100,100,0.00000,0.00000,9.80665,0.000000,0.00000,-0.00000,0.00000,0.00000,9.80665,0.000000,0.000000,0.000000,0,1,1,1,1,1,0,0,0,0
2026-09-21T05:52:50.831719+00:00,30597750,SIMULATED,29,1070216,DISARMED,0,-0.000000,0.00000,7.4000,0.0000,25.00,25.00,0.00000,0.00000,0,520,0,500,0,0,0,0,20,0,520,0,0,0,0,0,0,0,0,600,600,600,100,100,0.00000,0.00000,9.80665,0.000000,0.00000,-0.00000,0.00000,0.00000,9.80665,0.000000,0.000000,0.000000,0,1,1,1,1,1,0,0,0,0
2026-09-21T05:52:50.831768+00:00,30646916,SIMULATED,30,1072620,DISARMED,0,-0.000000,0.00000,7.4000,0.0000,25.00,25.00,0.00000,0.00000,0,520,0,500,0,0,0,0,20,0,520,0,0,0,0,0,0,0,0,600,600,600,100,100,0.00000,0.00000,9.80665,0.000000,0.00000,-0.00000,0.00000,0.00000,9.80665,0.000000,0.000000,0.000000,0,1,1,1,1,1,0,0,0,0
2026-09-21T05:52:50.831805+00:00,30683708,SIMULATED,31,1075024,DISARMED,0,-0.000000,0.00000,7.4000,0.0000,25.00,25.00,0.00000,0.00000,0,520,0,500,0,0,0,0,20,0,520,0,0,0,0,0,0,0,0,600,600,600,100,100,0.00000,0.00000,9.80665,0.000000,0.00000,-0.00000,0.00000,0.00000,9.80665,0.000000,0.000000,0.000000,0,1,1,1,1,1,0,0,0,0
2026-09-21T05:52:50.831843+00:00,30721125,SIMULATED,32,1077428,DISARMED,0,-0.000000,0.00000,7.4000,0.0000,25.00,25.00,0.00000,0.00000,0,520,0,500,0,0,0,0,20,0,520,0,0,0,0,0,0,0,0,600,600,600,100,100,0.00000,0.00000,9.80665,0.000000,0.00000,-0.00000,0.00000,0.00000,9.80665,0.000000,0.000000,0.000000,0,1,1,1,1,1,0,0,0,0
2026-09-21T05:52:50.831888+00:00,30766958,SIMULATED,33,1079832,DISARMED,0,-0.000000,0.00000,7.4000,0.0000,25.00,25.00,0.00000,0.00000,0,520,0,500,0,0,0,0,20,0,520,0,0,0,0,0,0,0,0,600,600,600,100,100,0.00000,0.00000,9.80665,0.000000,0.00000,-0.00000,0.00000,0.00000,9.80665,0.000000,0.000000,0.000000,0,1,1,1,1,1,0,0,0,0
2026-09-21T05:52:50.831924+00:00,30802500,SIMULATED,34,1082236,DISARMED,0,-0.000000,0.00000,7.4000,0.0000,25.00,25.00,0.00000,0.00000,0,520,0,500,0,0,0,0,20,0,520,0,0,0,0,0,0,0,0,600,600,600,100,100,0.00000,0.00000,9.80665,0.000000,0.00000,-0.00000,0.00000,0.00000,9.80665,0.000000,0.000000,0.000000,0,1,1,1,1,1,0,0,0,0
2026-09-21T05:52:50.831958+00:00,30836958,SIMULATED,35,1084640,DISARMED,0,-0.000000,0.00000,7.4000,0.0000,25.00,25.00,0.00000,0.00000,0,520,0,500,0,0,0,0,20,0,520,0,0,0,0,0,0,0,0,600,600,600,100,100,0.00000,0.00000,9.80665,0.000000,0.00000,-0.00000,0.00000,0.00000,9.80665,0.000000,0.000000,0.000000,0,1,1,1,1,1,0,0,0,0
2026-09-21T05:52:50.831992+00:00,30870291,SIMULATED,36,1087044,DISARMED,0,-0.000000,0.00000,7.4000,0.0000,25.00,25.00,0.00000,0.00000,0,520,0,500,0,0,0,0,20,0,520,0,0,0,0,0,0,0,0,600,600,600,100,100,0.00000,0.00000,9.80665,0.000000,0.00000,-0.00000,0.00000,0.00000,9.80665,0.000000,0.000000,0.000000,0,1,1,1,1,1,0,0,0,0
2026-09-21T05:52:50.832029+00:00,30907291,SIMULATED,37,1089448,DISARMED,0,-0.000000,0.00000,7.4000,0.0000,25.00,25.00,0.00000,0.00000,0,520,0,500,0,0,0,0,20,0,520,0,0,0,0,0,0,0,0,600,600,600,100,100,0.00000,0.00000,9.80665,0.000000,0.00000,-0.00000,0.00000,0.00000,9.80665,0.000000,0.000000,0.000000,0,1,1,1,1,1,0,0,0,0
2026-09-21T05:52:50.832063+00:00,30941083,SIMULATED,38,1091852,DISARMED,0,-0.000000,0.00000,7.4000,0.0000,25.00,25.00,0.00000,0.00000,0,520,0,500,0,0,0,0,20,0,520,0,0,0,0,0,0,0,0,600,600,600,100,100,0.00000,0.00000,9.80665,0.000000,0.00000,-0.00000,0.00000,0.00000,9.80665,0.000000,0.000000,0.000000,0,1,1,1,1,1,0,0,0,0
2026-09-21T05:52:50.832096+00:00,30974750,SIMULATED,39,1094256,DISARMED,0,-0.000000,0.00000,7.4000,0.0000,25.00,25.00,0.00000,0.00000,0,520,0,500,0,0,0,0,20,0,520,0,0,0,0,0,0,0,0,600,600,600,100,100,0.00000,0.00000,9.80665,0.000000,0.00000,-0.00000,0.00000,0.00000,9.80665,0.000000,0.000000,0.000000,0,1,1,1,1,1,0,0,0,0
2026-09-21T05:52:50.832137+00:00,31015625,SIMULATED,40,1096660,DISARMED,0,-0.000000,0.00000,7.4000,0.0000,25.00,25.00,0.00000,0.00000,0,520,0,500,0,0,0,0,20,0,520,0,0,0,0,0,0,0,0,600,600,600,100,100,0.00000,0.00000,9.80665,0.000000,0.00000,-0.00000,0.00000,0.00000,9.80665,0.000000,0.000000,0.000000,0,1,1,1,1,1,0,0,0,0
2026-09-21T05:52:50.832173+00:00,31052000,SIMULATED,41,1099064,DISARMED,0,-0.000000,0.00000,7.4000,0.0000,25.00,25.00,0.00000,0.00000,0,520,0,500,0,0,0,0,20,0,520,0,0,0,0,0,0,0,0,600,600,600,100,100,0.00000,0.00000,9.80665,0.000000,0.00000,-0.00000,0.00000,0.00000,9.80665,0.000000,0.000000,0.000000,0,1,1,1,1,1,0,0,0,0
2026-09-21T05:52:50.832211+00:00,31089166,SIMULATED,42,1101468,DISARMED,0,-0.000000,0.00000,7.4000,0.0000,25.00,25.00,0.00000,0.00000,0,520,0,500,0,0,0,0,20,0,520,0,0,0,0,0,0,0,0,600,600,600,100,100,0.00000,0.00000,9.80665,0.000000,0.00000,-0.00000,0.00000,0.00000,9.80665,0.000000,0.000000,0.000000,0,1,1,1,1,1,0,0,0,0
2026-09-21T05:52:50.832246+00:00,31124083,SIMULATED,43,1103872,DISARMED,0,-0.000000,0.00000,7.4000,0.0000,25.00,25.00,0.00000,0.00000,0,520,0,500,0,0,0,0,20,0,520,0,0,0,0,0,0,0,0,600,600,600,100,100,0.00000,0.00000,9.80665,0.000000,0.00000,-0.00000,0.00000,0.00000,9.80665,0.000000,0.000000,0.000000,0,1,1,1,1,1,0,0,0,0
2026-09-21T05:52:50.832279+00:00,31157250,SIMULATED,44,1106276,DISARMED,0,-0.000000,0.00000,7.4000,0.0000,25.00,25.00,0.00000,0.00000,0,520,0,500,0,0,0,0,20,0,520,0,0,0,0,0,0,0,0,600,600,600,100,100,0.00000,0.00000,9.80665,0.000000,0.00000,-0.00000,0.00000,0.00000,9.80665,0.000000,0.000000,0.000000,0,1,1,1,1,1,0,0,0,0
2026-09-21T05:52:50.832312+00:00,31190375,SIMULATED,45,1108680,DISARMED,0,-0.000000,0.00000,7.4000,0.0000,25.00,25.00,0.00000,0.00000,0,520,0,500,0,0,0,0,20,0,520,0,0,0,0,0,0,0,0,600,600,600,100,100,0.00000,0.00000,9.80665,0.000000,0.00000,-0.00000,0.00000,0.00000,9.80665,0.000000,0.000000,0.000000,0,1,1,1,1,1,0,0,0,0
2026-09-21T05:52:50.832345+00:00,31223291,SIMULATED,46,1111084,DISARMED,0,-0.000000,0.00000,7.4000,0.0000,25.00,25.00,0.00000,0.00000,0,520,0,500,0,0,0,0,20,0,520,0,0,0,0,0,0,0,0,600,600,600,100,100,0.00000,0.00000,9.80665,0.000000,0.00000,-0.00000,0.00000,0.00000,9.80665,0.000000,0.000000,0.000000,0,1,1,1,1,1,0,0,0,0
2026-09-21T05:52:50.832378+00:00,31256583,SIMULATED,47,1113488,DISARMED,0,-0.000000,0.00000,7.4000,0.0000,25.00,25.00,0.00000,0.00000,0,520,0,500,0,0,0,0,20,0,520,0,0,0,0,0,0,0,0,600,600,600,100,100,0.00000,0.00000,9.80665,0.000000,0.00000,-0.00000,0.00000,0.00000,9.80665,0.000000,0.000000,0.000000,0,1,1,1,1,1,0,0,0,0
2026-09-21T05:52:50.832411+00:00,31289833,SIMULATED,48,1115892,DISARMED,0,-0.000000,0.00000,7.4000,0.0000,25.00,25.00,0.00000,0.00000,0,520,0,500,0,0,0,0,20,0,520,0,0,0,0,0,0,0,0,600,600,600,100,100,0.00000,0.00000,9.80665,0.000000,0.00000,-0.00000,0.00000,0.00000,9.80665,0.000000,0.000000,0.000000,0,1,1,1,1,1,0,0,0,0
2026-09-21T05:52:50.832446+00:00,31324708,SIMULATED,49,1118296,DISARMED,0,-0.000000,0.00000,7.4000,0.0000,25.00,25.00,0.00000,0.00000,0,520,0,500,0,0,0,0,20,0,520,0,0,0,0,0,0,0,0,600,600,600,100,100,0.00000,0.00000,9.80665,0.000000,0.00000,-0.00000,0.00000,0.00000,9.80665,0.000000,0.000000,0.000000,0,1,1,1,1,1,0,0,0,0
2026-09-21T05:52:50.832480+00:00,31358500,SIMULATED,50,1120700,DISARMED,0,-0.000000,0.00000,7.4000,0.0000,25.00,25.00,0.00000,0.00000,0,520,0,500,0,0,0,0,20,0,520,0,0,0,0,0,0,0,0,600,600,600,100,100,0.00000,0.00000,9.80665,0.000000,0.00000,-0.00000,0.00000,0.00000,9.80665,0.000000,0.000000,0.000000,0,1,1,1,1,1,0,0,0,0
2026-09-21T05:52:50.832516+00:00,31394125,SIMULATED,51,1123104,DISARMED,0,-0.000000,0.00000,7.4000,0.0000,25.00,25.00,0.00000,0.00000,0,520,0,500,0,0,0,0,20,0,520,0,0,0,0,0,0,0,0,600,600,600,100,100,0.00000,0.00000,9.80665,0.000000,0.00000,-0.00000,0.00000,0.00000,9.80665,0.000000,0.000000,0.000000,0,1,1,1,1,1,0,0,0,0
2026-09-21T05:52:50.832550+00:00,31428166,SIMULATED,52,1125508,DISARMED,0,-0.000000,0.00000,7.4000,0.0000,25.00,25.00,0.00000,0.00000,0,520,0,500,0,0,0,0,20,0,520,0,0,0,0,0,0,0,0,600,600,600,100,100,0.00000,0.00000,9.80665,0.000000,0.00000,-0.00000,0.00000,0.00000,9.80665,0.000000,0.000000,0.000000,0,1,1,1,1,1,0,0,0,0
2026-09-21T05:52:50.832583+00:00,31461875,SIMULATED,53,1127912,DISARMED,0,-0.000000,0.00000,7.4000,0.0000,25.00,25.00,0.00000,0.00000,0,520,0,500,0,0,0,0,20,0,520,0,0,0,0,0,0,0,0,600,600,600,100,100,0.00000,0.00000,9.80665,0.000000,0.00000,-0.00000,0.00000,0.00000,9.80665,0.000000,0.000000,0.000000,0,1,1,1,1,1,0,0,0,0
2026-09-21T05:52:50.832620+00:00,31498333,SIMULATED,54,1130316,DISARMED,0,-0.000000,0.00000,7.4000,0.0000,25.00,25.00,0.00000,0.00000,0,520,0,500,0,0,0,0,20,0,520,0,0,0,0,0,0,0,0,600,600,600,100,100,0.00000,0.00000,9.80665,0.000000,0.00000,-0.00000,0.00000,0.00000,9.80665,0.000000,0.000000,0.000000,0,1,1,1,1,1,0,0,0,0
2026-09-21T05:52:50.832655+00:00,31533583,SIMULATED,55,1132720,DISARMED,0,-0.000000,0.00000,7.4000,0.0000,25.00,25.00,0.00000,0.00000,0,520,0,500,0,0,0,0,20,0,520,0,0,0,0,0,0,0,0,600,600,600,100,100,0.00000,0.00000,9.80665,0.000000,0.00000,-0.00000,0.00000,0.00000,9.80665,0.000000,0.000000,0.000000,0,1,1,1,1,1,0,0,0,0
2026-09-21T05:52:50.832690+00:00,31568375,SIMULATED,56,1135124,DISARMED,0,-0.000000,0.00000,7.4000,0.0000,25.00,25.00,0.00000,0.00000,0,520,0,500,0,0,0,0,20,0,520,0,0,0,0,0,0,0,0,600,600,600,100,100,0.00000,0.00000,9.80665,0.000000,0.00000,-0.00000,0.00000,0.00000,9.80665,0.000000,0.000000,0.000000,0,1,1,1,1,1,0,0,0,0
2026-09-21T05:52:50.832724+00:00,31602458,SIMULATED,57,1137528,DISARMED,0,-0.000000,0.00000,7.4000,0.0000,25.00,25.00,0.00000,0.00000,0,520,0,500,0,0,0,0,20,0,520,0,0,0,0,0,0,0,0,600,600,600,100,100,0.00000,0.00000,9.80665,0.000000,0.00000,-0.00000,0.00000,0.00000,9.80665,0.000000,0.000000,0.000000,0,1,1,1,1,1,0,0,0,0
2026-09-21T05:52:50.832757+00:00,31635875,SIMULATED,58,1139932,DISARMED,0,-0.000000,0.00000,7.4000,0.0000,25.00,25.00,0.00000,0.00000,0,520,0,500,0,0,0,0,20,0,520,0,0,0,0,0,0,0,0,600,600,600,100,100,0.00000,0.00000,9.80665,0.000000,0.00000,-0.00000,0.00000,0.00000,9.80665,0.000000,0.000000,0.000000,0,1,1,1,1,1,0,0,0,0
2026-09-21T05:52:50.832791+00:00,31669166,SIMULATED,59,1142336,DISARMED,0,-0.000000,0.00000,7.4000,0.0000,25.00,25.00,0.00000,0.00000,0,520,0,500,0,0,0,0,20,0,520,0,0,0,0,0,0,0,0,600,600,600,100,100,0.00000,0.00000,9.80665,0.000000,0.00000,-0.00000,0.00000,0.00000,9.80665,0.000000,0.000000,0.000000,0,1,1,1,1,1,0,0,0,0
2026-09-21T05:52:50.832824+00:00,31702666,SIMULATED,60,1144740,DISARMED,0,-0.000000,0.00000,7.4000,0.0000,25.00,25.00,0.00000,0.00000,0,520,0,500,0,0,0,0,20,0,520,0,0,0,0,0,0,0,0,600,600,600,100,100,0.00000,0.00000,9.80665,0.000000,0.00000,-0.00000,0.00000,0.00000,9.80665,0.000000,0.000000,0.000000,0,1,1,1,1,1,0,0,0,0
2026-09-21T05:52:50.832862+00:00,31741041,SIMULATED,61,1147144,DISARMED,0,-0.000000,0.00000,7.4000,0.0000,25.00,25.00,0.00000,0.00000,0,520,0,500,0,0,0,0,20,0,520,0,0,0,0,0,0,0,0,600,600,600,100,100,0.00000,0.00000,9.80665,0.000000,0.00000,-0.00000,0.00000,0.00000,9.80665,0.000000,0.000000,0.000000,0,1,1,1,1,1,0,0,0,0
2026-09-21T05:52:50.832897+00:00,31775708,SIMULATED,62,1149548,DISARMED,0,-0.000000,0.00000,7.4000,0.0000,25.00,25.00,0.00000,0.00000,0,520,0,500,0,0,0,0,20,0,520,0,0,0,0,0,0,0,0,600,600,600,100,100,0.00000,0.00000,9.80665,0.000000,0.00000,-0.00000,0.00000,0.00000,9.80665,0.000000,0.000000,0.000000,0,1,1,1,1,1,0,0,0,0
2026-09-21T05:52:50.832931+00:00,31809375,SIMULATED,63,1151952,DISARMED,0,-0.000000,0.00000,7.4000,0.0000,25.00,25.00,0.00000,0.00000,0,520,0,500,0,0,0,0,20,0,520,0,0,0,0,0,0,0,0,600,600,600,100,100,0.00000,0.00000,9.80665,0.000000,0.00000,-0.00000,0.00000,0.00000,9.80665,0.000000,0.000000,0.000000,0,1,1,1,1,1,0,0,0,0
2026-09-21T05:52:50.832964+00:00,31842791,SIMULATED,64,1154356,DISARMED,0,-0.000000,0.00000,7.4000,0.0000,25.00,25.00,0.00000,0.00000,0,520,0,500,0,0,0,0,20,0,520,0,0,0,0,0,0,0,0,600,600,600,100,100,0.00000,0.00000,9.80665,0.000000,0.00000,-0.00000,0.00000,0.00000,9.80665,0.000000,0.000000,0.000000,0,1,1,1,1,1,0,0,0,0
2026-09-21T05:52:50.832997+00:00,31875916,SIMULATED,65,1156760,DISARMED,0,-0.000000,0.00000,7.4000,0.0000,25.00,25.00,0.00000,0.00000,0,520,0,500,0,0,0,0,20,0,520,0,0,0,0,0,0,0,0,600,600,600,100,100,0.00000,0.00000,9.80665,0.000000,0.00000,-0.00000,0.00000,0.00000,9.80665,0.000000,0.000000,0.000000,0,1,1,1,1,1,0,0,0,0
2026-09-21T05:52:50.833031+00:00,31909416,SIMULATED,66,1159164,DISARMED,0,-0.000000,0.00000,7.4000,0.0000,25.00,25.00,0.00000,0.00000,0,520,0,500,0,0,0,0,20,0,520,0,0,0,0,0,0,0,0,600,600,600,100,100,0.00000,0.00000,9.80665,0.000000,0.00000,-0.00000,0.00000,0.00000,9.80665,0.000000,0.000000,0.000000,0,1,1,1,1,1,0,0,0,0
2026-09-21T05:52:50.833069+00:00,31947791,SIMULATED,67,1161568,DISARMED,0,-0.000000,0.00000,7.4000,0.0000,25.00,25.00,0.00000,0.00000,0,520,0,500,0,0,0,0,20,0,520,0,0,0,0,0,0,0,0,600,600,600,100,100,0.00000,0.00000,9.80665,0.000000,0.00000,-0.00000,0.00000,0.00000,9.80665,0.000000,0.000000,0.000000,0,1,1,1,1,1,0,0,0,0
2026-09-21T05:52:50.833103+00:00,31981583,SIMULATED,68,1163972,DISARMED,0,-0.000000,0.00000,7.4000,0.0000,25.00,25.00,0.00000,0.00000,0,520,0,500,0,0,0,0,20,0,520,0,0,0,0,0,0,0,0,600,600,600,100,100,0.00000,0.00000,9.80665,0.000000,0.00000,-0.00000,0.00000,0.00000,9.80665,0.000000,0.000000,0.000000,0,1,1,1,1,1,0,0,0,0
2026-09-21T05:52:50.833136+00:00,32014458,SIMULATED,69,1166376,DISARMED,0,-0.000000,0.00000,7.4000,0.0000,25.00,25.00,0.00000,0.00000,0,520,0,500,0,0,0,0,20,0,520,0,0,0,0,0,0,0,0,600,600,600,100,100,0.00000,0.00000,9.80665,0.000000,0.00000,-0.00000,0.00000,0.00000,9.80665,0.000000,0.000000,0.000000,0,1,1,1,1,1,0,0,0,0
2026-09-21T05:52:50.833170+00:00,32048458,SIMULATED,70,1168780,DISARMED,0,-0.000000,0.00000,7.4000,0.0000,25.00,25.00,0.00000,0.00000,0,520,0,500,0,0,0,0,20,0,520,0,0,0,0,0,0,0,0,600,600,600,100,100,0.00000,0.00000,9.80665,0.000000,0.00000,-0.00000,0.00000,0.00000,9.80665,0.000000,0.000000,0.000000,0,1,1,1,1,1,0,0,0,0
2026-09-21T05:52:50.833206+00:00,32084625,SIMULATED,71,1171184,DISARMED,0,-0.000000,0.00000,7.4000,0.0000,25.00,25.00,0.00000,0.00000,0,520,0,500,0,0,0,0,20,0,520,0,0,0,0,0,0,0,0,600,600,600,100,100,0.00000,0.00000,9.80665,0.000000,0.00000,-0.00000,0.00000,0.00000,9.80665,0.000000,0.000000,0.000000,0,1,1,1,1,1,0,0,0,0
2026-09-21T05:52:50.833241+00:00,32119041,SIMULATED,72,1173588,DISARMED,0,-0.000000,0.00000,7.4000,0.0000,25.00,25.00,0.00000,0.00000,0,520,0,500,0,0,0,0,20,0,520,0,0,0,0,0,0,0,0,600,600,600,100,100,0.00000,0.00000,9.80665,0.000000,0.00000,-0.00000,0.00000,0.00000,9.80665,0.000000,0.000000,0.000000,0,1,1,1,1,1,0,0,0,0
2026-09-21T05:52:50.833276+00:00,32154916,SIMULATED,73,1175992,DISARMED,0,-0.000000,0.00000,7.4000,0.0000,25.00,25.00,0.00000,0.00000,0,520,0,500,0,0,0,0,20,0,520,0,0,0,0,0,0,0,0,600,600,600,100,100,0.00000,0.00000,9.80665,0.000000,0.00000,-0.00000,0.00000,0.00000,9.80665,0.000000,0.000000,0.000000,0,1,1,1,1,1,0,0,0,0
2026-09-21T05:52:50.833311+00:00,32189625,SIMULATED,74,1178396,DISARMED,0,-0.000000,0.00000,7.4000,0.0000,25.00,25.00,0.00000,0.00000,0,520,0,500,0,0,0,0,20,0,520,0,0,0,0,0,0,0,0,600,600,600,100,100,0.00000,0.00000,9.80665,0.000000,0.00000,-0.00000,0.00000,0.00000,9.80665,0.000000,0.000000,0.000000,0,1,1,1,1,1,0,0,0,0
2026-09-21T05:52:50.833358+00:00,32236666,SIMULATED,75,1180800,DISARMED,0,-0.000000,0.00000,7.4000,0.0000,25.00,25.00,0.00000,0.00000,0,520,0,500,0,0,0,0,20,0,520,0,0,0,0,0,0,0,0,600,600,600,100,100,0.00000,0.00000,9.80665,0.000000,0.00000,-0.00000,0.00000,0.00000,9.80665,0.000000,0.000000,0.000000,0,1,1,1,1,1,0,0,0,0
2026-09-21T05:52:50.833394+00:00,32272208,SIMULATED,76,1183204,DISARMED,0,-0.000000,0.00000,7.4000,0.0000,25.00,25.00,0.00000,0.00000,0,520,0,500,0,0,0,0,20,0,520,0,0,0,0,0,0,0,0,600,600,600,100,100,0.00000,0.00000,9.80665,0.000000,0.00000,-0.00000,0.00000,0.00000,9.80665,0.000000,0.000000,0.000000,0,1,1,1,1,1,0,0,0,0
2026-09-21T05:52:50.833429+00:00,32307750,SIMULATED,77,1185608,DISARMED,0,-0.000000,0.00000,7.4000,0.0000,25.00,25.00,0.00000,0.00000,0,520,0,500,0,0,0,0,20,0,520,0,0,0,0,0,0,0,0,600,600,600,100,100,0.00000,0.00000,9.80665,0.000000,0.00000,-0.00000,0.00000,0.00000,9.80665,0.000000,0.000000,0.000000,0,1,1,1,1,1,0,0,0,0
2026-09-21T05:52:50.833465+00:00,32344000,SIMULATED,78,1188012,DISARMED,0,-0.000000,0.00000,7.4000,0.0000,25.00,25.00,0.00000,0.00000,0,520,0,500,0,0,0,0,20,0,520,0,0,0,0,0,0,0,0,600,600,600,100,100,0.00000,0.00000,9.80665,0.000000,0.00000,-0.00000,0.00000,0.00000,9.80665,0.000000,0.000000,0.000000,0,1,1,1,1,1,0,0,0,0
2026-09-21T05:52:50.833502+00:00,32381000,SIMULATED,79,1190416,DISARMED,0,-0.000000,0.00000,7.4000,0.0000,25.00,25.00,0.00000,0.00000,0,520,0,500,0,0,0,0,20,0,520,0,0,0,0,0,0,0,0,600,600,600,100,100,0.00000,0.00000,9.80665,0.000000,0.00000,-0.00000,0.00000,0.00000,9.80665,0.000000,0.000000,0.000000,0,1,1,1,1,1,0,0,0,0
2026-09-21T05:52:50.833539+00:00,32418041,SIMULATED,80,1192820,DISARMED,0,-0.000000,0.00000,7.4000,0.0000,25.00,25.00,0.00000,0.00000,0,520,0,500,0,0,0,0,20,0,520,0,0,0,0,0,0,0,0,600,600,600,100,100,0.00000,0.00000,9.80665,0.000000,0.00000,-0.00000,0.00000,0.00000,9.80665,0.000000,0.000000,0.000000,0,1,1,1,1,1,0,0,0,0
2026-09-21T05:52:50.833577+00:00,32455500,SIMULATED,81,1195224,DISARMED,0,-0.000000,0.00000,7.4000,0.0000,25.00,25.00,0.00000,0.00000,0,520,0,500,0,0,0,0,20,0,520,0,0,0,0,0,0,0,0,600,600,600,100,100,0.00000,0.00000,9.80665,0.000000,0.00000,-0.00000,0.00000,0.00000,9.80665,0.000000,0.000000,0.000000,0,1,1,1,1,1,0,0,0,0
2026-09-21T05:52:50.833611+00:00,32489208,SIMULATED,82,1197628,DISARMED,0,-0.000000,0.00000,7.4000,0.0000,25.00,25.00,0.00000,0.00000,0,520,0,500,0,0,0,0,20,0,520,0,0,0,0,0,0,0,0,600,600,600,100,100,0.00000,0.00000,9.80665,0.000000,0.00000,-0.00000,0.00000,0.00000,9.80665,0.000000,0.000000,0.000000,0,1,1,1,1,1,0,0,0,0
2026-09-21T05:52:50.833644+00:00,32522166,SIMULATED,83,1200032,DISARMED,0,-0.000000,0.00000,7.4000,0.0000,25.00,25.00,0.00000,0.00000,0,520,0,500,0,0,0,0,20,0,520,0,0,0,0,0,0,0,0,600,600,600,100,100,0.00000,0.00000,9.80665,0.000000,0.00000,-0.00000,0.00000,0.00000,9.80665,0.000000,0.000000,0.000000,0,1,1,1,1,1,0,0,0,0
2026-09-21T05:52:50.833677+00:00,32555375,SIMULATED,84,1202436,DISARMED,0,-0.000000,0.00000,7.4000,0.0000,25.00,25.00,0.00000,0.00000,0,520,0,500,0,0,0,0,20,0,520,0,0,0,0,0,0,0,0,600,600,600,100,100,0.00000,0.00000,9.80665,0.000000,0.00000,-0.00000,0.00000,0.00000,9.80665,0.000000,0.000000,0.000000,0,1,1,1,1,1,0,0,0,0
2026-09-21T05:52:50.833712+00:00,32590833,SIMULATED,85,1204840,DISARMED,0,-0.000000,0.00000,7.4000,0.0000,25.00,25.00,0.00000,0.00000,0,520,0,500,0,0,0,0,20,0,520,0,0,0,0,0,0,0,0,600,600,600,100,100,0.00000,0.00000,9.80665,0.000000,0.00000,-0.00000,0.00000,0.00000,9.80665,0.000000,0.000000,0.000000,0,1,1,1,1,1,0,0,0,0
2026-09-21T05:52:50.833747+00:00,32625875,SIMULATED,86,1207244,DISARMED,0,-0.000000,0.00000,7.4000,0.0000,25.00,25.00,0.00000,0.00000,0,520,0,500,0,0,0,0,20,0,520,0,0,0,0,0,0,0,0,600,600,600,100,100,0.00000,0.00000,9.80665,0.000000,0.00000,-0.00000,0.00000,0.00000,9.80665,0.000000,0.000000,0.000000,0,1,1,1,1,1,0,0,0,0
2026-09-21T05:52:50.833781+00:00,32659833,SIMULATED,87,1209648,DISARMED,0,-0.000000,0.00000,7.4000,0.0000,25.00,25.00,0.00000,0.00000,0,520,0,500,0,0,0,0,20,0,520,0,0,0,0,0,0,0,0,600,600,600,100,100,0.00000,0.00000,9.80665,0.000000,0.00000,-0.00000,0.00000,0.00000,9.80665,0.000000,0.000000,0.000000,0,1,1,1,1,1,0,0,0,0
2026-09-21T05:52:50.833816+00:00,32694250,SIMULATED,88,1212052,DISARMED,0,-0.000000,0.00000,7.4000,0.0000,25.00,25.00,0.00000,0.00000,0,520,0,500,0,0,0,0,20,0,520,0,0,0,0,0,0,0,0,600,600,600,100,100,0.00000,0.00000,9.80665,0.000000,0.00000,-0.00000,0.00000,0.00000,9.80665,0.000000,0.000000,0.000000,0,1,1,1,1,1,0,0,0,0
2026-09-21T05:52:50.833851+00:00,32729666,SIMULATED,89,1214456,DISARMED,0,-0.000000,0.00000,7.4000,0.0000,25.00,25.00,0.00000,0.00000,0,520,0,500,0,0,0,0,20,0,520,0,0,0,0,0,0,0,0,600,600,600,100,100,0.00000,0.00000,9.80665,0.000000,0.00000,-0.00000,0.00000,0.00000,9.80665,0.000000,0.000000,0.000000,0,1,1,1,1,1,0,0,0,0
2026-09-21T05:52:50.833886+00:00,32764291,SIMULATED,90,1216860,DISARMED,0,-0.000000,0.00000,7.4000,0.0000,25.00,25.00,0.00000,0.00000,0,520,0,500,0,0,0,0,20,0,520,0,0,0,0,0,0,0,0,600,600,600,100,100,0.00000,0.00000,9.80665,0.000000,0.00000,-0.00000,0.00000,0.00000,9.80665,0.000000,0.000000,0.000000,0,1,1,1,1,1,0,0,0,0
2026-09-21T05:52:50.833923+00:00,32801041,SIMULATED,91,1219264,DISARMED,0,-0.000000,0.00000,7.4000,0.0000,25.00,25.00,0.00000,0.00000,0,520,0,500,0,0,0,0,20,0,520,0,0,0,0,0,0,0,0,600,600,600,100,100,0.00000,0.00000,9.80665,0.000000,0.00000,-0.00000,0.00000,0.00000,9.80665,0.000000,0.000000,0.000000,0,1,1,1,1,1,0,0,0,0
2026-09-21T05:52:50.833956+00:00,32834166,SIMULATED,92,1221668,DISARMED,0,-0.000000,0.00000,7.4000,0.0000,25.00,25.00,0.00000,0.00000,0,520,0,500,0,0,0,0,20,0,520,0,0,0,0,0,0,0,0,600,600,600,100,100,0.00000,0.00000,9.80665,0.000000,0.00000,-0.00000,0.00000,0.00000,9.80665,0.000000,0.000000,0.000000,0,1,1,1,1,1,0,0,0,0
2026-09-21T05:52:50.833990+00:00,32868916,SIMULATED,93,1224072,DISARMED,0,-0.000000,0.00000,7.4000,0.0000,25.00,25.00,0.00000,0.00000,0,520,0,500,0,0,0,0,20,0,520,0,0,0,0,0,0,0,0,600,600,600,100,100,0.00000,0.00000,9.80665,0.000000,0.00000,-0.00000,0.00000,0.00000,9.80665,0.000000,0.000000,0.000000,0,1,1,1,1,1,0,0,0,0
2026-09-21T05:52:50.834024+00:00,32902333,SIMULATED,94,1226476,DISARMED,0,-0.000000,0.00000,7.4000,0.0000,25.00,25.00,0.00000,0.00000,0,520,0,500,0,0,0,0,20,0,520,0,0,0,0,0,0,0,0,600,600,600,100,100,0.00000,0.00000,9.80665,0.000000,0.00000,-0.00000,0.00000,0.00000,9.80665,0.000000,0.000000,0.000000,0,1,1,1,1,1,0,0,0,0
2026-09-21T05:52:50.834057+00:00,32935500,SIMULATED,95,1228880,DISARMED,0,-0.000000,0.00000,7.4000,0.0000,25.00,25.00,0.00000,0.00000,0,520,0,500,0,0,0,0,20,0,520,0,0,0,0,0,0,0,0,600,600,600,100,100,0.00000,0.00000,9.80665,0.000000,0.00000,-0.00000,0.00000,0.00000,9.80665,0.000000,0.000000,0.000000,0,1,1,1,1,1,0,0,0,0
2026-09-21T05:52:50.834090+00:00,32968833,SIMULATED,96,1231284,DISARMED,0,-0.000000,0.00000,7.4000,0.0000,25.00,25.00,0.00000,0.00000,0,520,0,500,0,0,0,0,20,0,520,0,0,0,0,0,0,0,0,600,600,600,100,100,0.00000,0.00000,9.80665,0.000000,0.00000,-0.00000,0.00000,0.00000,9.80665,0.000000,0.000000,0.000000,0,1,1,1,1,1,0,0,0,0
2026-09-21T05:52:50.834127+00:00,33005541,SIMULATED,97,1233688,DISARMED,0,-0.000000,0.00000,7.4000,0.0000,25.00,25.00,0.00000,0.00000,0,520,0,500,0,0,0,0,20,0,520,0,0,0,0,0,0,0,0,600,600,600,100,100,0.00000,0.00000,9.80665,0.000000,0.00000,-0.00000,0.00000,0.00000,9.80665,0.000000,0.000000,0.000000,0,1,1,1,1,1,0,0,0,0
2026-09-21T05:52:50.834161+00:00,33039291,SIMULATED,98,1236092,DISARMED,0,-0.000000,0.00000,7.4000,0.0000,25.00,25.00,0.00000,0.00000,0,520,0,500,0,0,0,0,20,0,520,0,0,0,0,0,0,0,0,600,600,600,100,100,0.00000,0.00000,9.80665,0.000000,0.00000,-0.00000,0.00000,0.00000,9.80665,0.000000,0.000000,0.000000,0,1,1,1,1,1,0,0,0,0
2026-09-21T05:52:50.834195+00:00,33073625,SIMULATED,99,1238496,DISARMED,0,-0.000000,0.00000,7.4000,0.0000,25.00,25.00,0.00000,0.00000,0,520,0,500,0,0,0,0,20,0,520,0,0,0,0,0,0,0,0,600,600,600,100,100,0.00000,0.00000,9.80665,0.000000,0.00000,-0.00000,0.00000,0.00000,9.80665,0.000000,0.000000,0.000000,0,1,1,1,1,1,0,0,0,0
2026-09-21T05:52:50.834230+00:00,33108541,SIMULATED,100,1240900,DISARMED,0,-0.000000,0.00000,7.4000,0.0000,25.00,25.00,0.00000,0.00000,0,520,0,500,0,0,0,0,20,0,520,0,0,0,0,0,0,0,0,600,600,600,100,100,0.00000,0.00000,9.80665,0.000000,0.00000,-0.00000,0.00000,0.00000,9.80665,0.000000,0.000000,0.000000,0,1,1,1,1,1,0,0,0,0
2026-09-21T05:52:50.834266+00:00,33144958,SIMULATED,101,1243304,DISARMED,0,-0.000000,0.00000,7.4000,0.0000,25.00,25.00,0.00000,0.00000,0,520,0,500,0,0,0,0,20,0,520,0,0,0,0,0,0,0,0,600,600,600,100,100,0.00000,0.00000,9.80665,0.000000,0.00000,-0.00000,0.00000,0.00000,9.80665,0.000000,0.000000,0.000000,0,1,1,1,1,1,0,0,0,0
2026-09-21T05:52:50.834301+00:00,33179625,SIMULATED,102,1245708,DISARMED,0,-0.000000,0.00000,7.4000,0.0000,25.00,25.00,0.00000,0.00000,0,520,0,500,0,0,0,0,20,0,520,0,0,0,0,0,0,0,0,600,600,600,100,100,0.00000,0.00000,9.80665,0.000000,0.00000,-0.00000,0.00000,0.00000,9.80665,0.000000,0.000000,0.000000,0,1,1,1,1,1,0,0,0,0
2026-09-21T05:52:50.834337+00:00,33215416,SIMULATED,103,1248112,DISARMED,0,-0.000000,0.00000,7.4000,0.0000,25.00,25.00,0.00000,0.00000,0,520,0,500,0,0,0,0,20,0,520,0,0,0,0,0,0,0,0,600,600,600,100,100,0.00000,0.00000,9.80665,0.000000,0.00000,-0.00000,0.00000,0.00000,9.80665,0.000000,0.000000,0.000000,0,1,1,1,1,1,0,0,0,0
2026-09-21T05:52:50.834374+00:00,33252750,SIMULATED,104,1250516,DISARMED,0,-0.000000,0.00000,7.4000,0.0000,25.00,25.00,0.00000,0.00000,0,520,0,500,0,0,0,0,20,0,520,0,0,0,0,0,0,0,0,600,600,600,100,100,0.00000,0.00000,9.80665,0.000000,0.00000,-0.00000,0.00000,0.00000,9.80665,0.000000,0.000000,0.000000,0,1,1,1,1,1,0,0,0,0
2026-09-21T05:52:50.834411+00:00,33289666,SIMULATED,105,1252920,DISARMED,0,-0.000000,0.00000,7.4000,0.0000,25.00,25.00,0.00000,0.00000,0,520,0,500,0,0,0,0,20,0,520,0,0,0,0,0,0,0,0,600,600,600,100,100,0.00000,0.00000,9.80665,0.000000,0.00000,-0.00000,0.00000,0.00000,9.80665,0.000000,0.000000,0.000000,0,1,1,1,1,1,0,0,0,0
2026-09-21T05:52:50.834444+00:00,33322625,SIMULATED,106,1255324,DISARMED,0,-0.000000,0.00000,7.4000,0.0000,25.00,25.00,0.00000,0.00000,0,520,0,500,0,0,0,0,20,0,520,0,0,0,0,0,0,0,0,600,600,600,100,100,0.00000,0.00000,9.80665,0.000000,0.00000,-0.00000,0.00000,0.00000,9.80665,0.000000,0.000000,0.000000,0,1,1,1,1,1,0,0,0,0
2026-09-21T05:52:50.834555+00:00,33433875,SIMULATED,107,1257728,DISARMED,0,-0.000000,0.00000,7.4000,0.0000,25.00,25.00,0.00000,0.00000,0,520,0,500,0,0,0,0,20,0,520,0,0,0,0,0,0,0,0,600,600,600,100,100,0.00000,0.00000,9.80665,0.000000,0.00000,-0.00000,0.00000,0.00000,9.80665,0.000000,0.000000,0.000000,0,1,1,1,1,1,0,0,0,0
2026-09-21T05:52:50.834599+00:00,33477458,SIMULATED,108,1260132,DISARMED,0,-0.000000,0.00000,7.4000,0.0000,25.00,25.00,0.00000,0.00000,0,520,0,500,0,0,0,0,20,0,520,0,0,0,0,0,0,0,0,600,600,600,100,100,0.00000,0.00000,9.80665,0.000000,0.00000,-0.00000,0.00000,0.00000,9.80665,0.000000,0.000000,0.000000,0,1,1,1,1,1,0,0,0,0
2026-09-21T05:52:50.834641+00:00,33519708,SIMULATED,109,1262536,DISARMED,0,-0.000000,0.00000,7.4000,0.0000,25.00,25.00,0.00000,0.00000,0,520,0,500,0,0,0,0,20,0,520,0,0,0,0,0,0,0,0,600,600,600,100,100,0.00000,0.00000,9.80665,0.000000,0.00000,-0.00000,0.00000,0.00000,9.80665,0.000000,0.000000,0.000000,0,1,1,1,1,1,0,0,0,0
2026-09-21T05:52:50.834687+00:00,33565458,SIMULATED,110,1264940,DISARMED,0,-0.000000,0.00000,7.4000,0.0000,25.00,25.00,0.00000,0.00000,0,520,0,500,0,0,0,0,20,0,520,0,0,0,0,0,0,0,0,600,600,600,100,100,0.00000,0.00000,9.80665,0.000000,0.00000,-0.00000,0.00000,0.00000,9.80665,0.000000,0.000000,0.000000,0,1,1,1,1,1,0,0,0,0
2026-09-21T05:52:50.834732+00:00,33610958,SIMULATED,111,1267344,DISARMED,0,-0.000000,0.00000,7.4000,0.0000,25.00,25.00,0.00000,0.00000,0,520,0,500,0,0,0,0,20,0,520,0,0,0,0,0,0,0,0,600,600,600,100,100,0.00000,0.00000,9.80665,0.000000,0.00000,-0.00000,0.00000,0.00000,9.80665,0.000000,0.000000,0.000000,0,1,1,1,1,1,0,0,0,0
2026-09-21T05:52:50.834769+00:00,33647666,SIMULATED,112,1269748,DISARMED,0,-0.000000,0.00000,7.4000,0.0000,25.00,25.00,0.00000,0.00000,0,520,0,500,0,0,0,0,20,0,520,0,0,0,0,0,0,0,0,600,600,600,100,100,0.00000,0.00000,9.80665,0.000000,0.00000,-0.00000,0.00000,0.00000,9.80665,0.000000,0.000000,0.000000,0,1,1,1,1,1,0,0,0,0
2026-09-21T05:52:50.834808+00:00,33686333,SIMULATED,113,1272152,DISARMED,0,-0.000000,0.00000,7.4000,0.0000,25.00,25.00,0.00000,0.00000,0,520,0,500,0,0,0,0,20,0,520,0,0,0,0,0,0,0,0,600,600,600,100,100,0.00000,0.00000,9.80665,0.000000,0.00000,-0.00000,0.00000,0.00000,9.80665,0.000000,0.000000,0.000000,0,1,1,1,1,1,0,0,0,0
2026-09-21T05:52:50.834847+00:00,33725166,SIMULATED,114,1274556,DISARMED,0,-0.000000,0.00000,7.4000,0.0000,25.00,25.00,0.00000,0.00000,0,520,0,500,0,0,0,0,20,0,520,0,0,0,0,0,0,0,0,600,600,600,100,100,0.00000,0.00000,9.80665,0.000000,0.00000,-0.00000,0.00000,0.00000,9.80665,0.000000,0.000000,0.000000,0,1,1,1,1,1,0,0,0,0
2026-09-21T05:52:50.834882+00:00,33760750,SIMULATED,115,1276960,DISARMED,0,-0.000000,0.00000,7.4000,0.0000,25.00,25.00,0.00000,0.00000,0,520,0,500,0,0,0,0,20,0,520,0,0,0,0,0,0,0,0,600,600,600,100,100,0.00000,0.00000,9.80665,0.000000,0.00000,-0.00000,0.00000,0.00000,9.80665,0.000000,0.000000,0.000000,0,1,1,1,1,1,0,0,0,0
2026-09-21T05:52:50.834915+00:00,33793666,SIMULATED,116,1279364,DISARMED,0,-0.000000,0.00000,7.4000,0.0000,25.00,25.00,0.00000,0.00000,0,520,0,500,0,0,0,0,20,0,520,0,0,0,0,0,0,0,0,600,600,600,100,100,0.00000,0.00000,9.80665,0.000000,0.00000,-0.00000,0.00000,0.00000,9.80665,0.000000,0.000000,0.000000,0,1,1,1,1,1,0,0,0,0
2026-09-21T05:52:50.834953+00:00,33831875,SIMULATED,117,1281768,DISARMED,0,-0.000000,0.00000,7.4000,0.0000,25.00,25.00,0.00000,0.00000,0,520,0,500,0,0,0,0,20,0,520,0,0,0,0,0,0,0,0,600,600,600,100,100,0.00000,0.00000,9.80665,0.000000,0.00000,-0.00000,0.00000,0.00000,9.80665,0.000000,0.000000,0.000000,0,1,1,1,1,1,0,0,0,0
2026-09-21T05:52:50.834988+00:00,33866708,SIMULATED,118,1284172,DISARMED,0,-0.000000,0.00000,7.4000,0.0000,25.00,25.00,0.00000,0.00000,0,520,0,500,0,0,0,0,20,0,520,0,0,0,0,0,0,0,0,600,600,600,100,100,0.00000,0.00000,9.80665,0.000000,0.00000,-0.00000,0.00000,0.00000,9.80665,0.000000,0.000000,0.000000,0,1,1,1,1,1,0,0,0,0
2026-09-21T05:52:50.835021+00:00,33899750,SIMULATED,119,1286576,DISARMED,0,-0.000000,0.00000,7.4000,0.0000,25.00,25.00,0.00000,0.00000,0,520,0,500,0,0,0,0,20,0,520,0,0,0,0,0,0,0,0,600,600,600,100,100,0.00000,0.00000,9.80665,0.000000,0.00000,-0.00000,0.00000,0.00000,9.80665,0.000000,0.000000,0.000000,0,1,1,1,1,1,0,0,0,0
2026-09-21T05:52:50.835054+00:00,33932291,SIMULATED,120,1288980,DISARMED,0,-0.000000,0.00000,7.4000,0.0000,25.00,25.00,0.00000,0.00000,0,520,0,500,0,0,0,0,20,0,520,0,0,0,0,0,0,0,0,600,600,600,100,100,0.00000,0.00000,9.80665,0.000000,0.00000,-0.00000,0.00000,0.00000,9.80665,0.000000,0.000000,0.000000,0,1,1,1,1,1,0,0,0,0
2026-09-21T05:52:50.835088+00:00,33965958,SIMULATED,121,1291384,DISARMED,0,-0.000000,0.00000,7.4000,0.0000,25.00,25.00,0.00000,0.00000,0,520,0,500,0,0,0,0,20,0,520,0,0,0,0,0,0,0,0,600,600,600,100,100,0.00000,0.00000,9.80665,0.000000,0.00000,-0.00000,0.00000,0.00000,9.80665,0.000000,0.000000,0.000000,0,1,1,1,1,1,0,0,0,0
2026-09-21T05:52:50.835124+00:00,34002333,SIMULATED,122,1293788,DISARMED,0,-0.000000,0.00000,7.4000,0.0000,25.00,25.00,0.00000,0.00000,0,520,0,500,0,0,0,0,20,0,520,0,0,0,0,0,0,0,0,600,600,600,100,100,0.00000,0.00000,9.80665,0.000000,0.00000,-0.00000,0.00000,0.00000,9.80665,0.000000,0.000000,0.000000,0,1,1,1,1,1,0,0,0,0
2026-09-21T05:52:50.835157+00:00,34035666,SIMULATED,123,1296192,DISARMED,0,-0.000000,0.00000,7.4000,0.0000,25.00,25.00,0.00000,0.00000,0,520,0,500,0,0,0,0,20,0,520,0,0,0,0,0,0,0,0,600,600,600,100,100,0.00000,0.00000,9.80665,0.000000,0.00000,-0.00000,0.00000,0.00000,9.80665,0.000000,0.000000,0.000000,0,1,1,1,1,1,0,0,0,0
2026-09-21T05:52:50.835191+00:00,34069416,SIMULATED,124,1298596,DISARMED,0,-0.000000,0.00000,7.4000,0.0000,25.00,25.00,0.00000,0.00000,0,520,0,500,0,0,0,0,20,0,520,0,0,0,0,0,0,0,0,600,600,600,100,100,0.00000,0.00000,9.80665,0.000000,0.00000,-0.00000,0.00000,0.00000,9.80665,0.000000,0.000000,0.000000,0,1,1,1,1,1,0,0,0,0
2026-09-21T05:52:50.835225+00:00,34103791,SIMULATED,125,1301000,DISARMED,0,-0.000000,0.00000,7.4000,0.0000,25.00,25.00,0.00000,0.00000,0,520,0,500,0,0,0,0,20,0,520,0,0,0,0,0,0,0,0,600,600,600,100,100,0.00000,0.00000,9.80665,0.000000,0.00000,-0.00000,0.00000,0.00000,9.80665,0.000000,0.000000,0.000000,0,1,1,1,1,1,0,0,0,0
2026-09-21T05:52:50.835262+00:00,34140458,SIMULATED,126,1303404,DISARMED,0,-0.000000,0.00000,7.4000,0.0000,25.00,25.00,0.00000,0.00000,0,520,0,500,0,0,0,0,20,0,520,0,0,0,0,0,0,0,0,600,600,600,100,100,0.00000,0.00000,9.80665,0.000000,0.00000,-0.00000,0.00000,0.00000,9.80665,0.000000,0.000000,0.000000,0,1,1,1,1,1,0,0,0,0
2026-09-21T05:52:50.835300+00:00,34178208,SIMULATED,127,1305808,DISARMED,0,-0.000000,0.00000,7.4000,0.0000,25.00,25.00,0.00000,0.00000,0,520,0,500,0,0,0,0,20,0,520,0,0,0,0,0,0,0,0,600,600,600,100,100,0.00000,0.00000,9.80665,0.000000,0.00000,-0.00000,0.00000,0.00000,9.80665,0.000000,0.000000,0.000000,0,1,1,1,1,1,0,0,0,0
2026-09-21T05:52:50.835334+00:00,34212333,SIMULATED,128,1308212,DISARMED,0,-0.000000,0.00000,7.4000,0.0000,25.00,25.00,0.00000,0.00000,0,520,0,500,0,0,0,0,20,0,520,0,0,0,0,0,0,0,0,600,600,600,100,100,0.00000,0.00000,9.80665,0.000000,0.00000,-0.00000,0.00000,0.00000,9.80665,0.000000,0.000000,0.000000,0,1,1,1,1,1,0,0,0,0
2026-09-21T05:52:50.835368+00:00,34246458,SIMULATED,129,1310616,DISARMED,0,-0.000000,0.00000,7.4000,0.0000,25.00,25.00,0.00000,0.00000,0,520,0,500,0,0,0,0,20,0,520,0,0,0,0,0,0,0,0,600,600,600,100,100,0.00000,0.00000,9.80665,0.000000,0.00000,-0.00000,0.00000,0.00000,9.80665,0.000000,0.000000,0.000000,0,1,1,1,1,1,0,0,0,0
2026-09-21T05:52:50.835401+00:00,34279666,SIMULATED,130,1313020,DISARMED,0,-0.000000,0.00000,7.4000,0.0000,25.00,25.00,0.00000,0.00000,0,520,0,500,0,0,0,0,20,0,520,0,0,0,0,0,0,0,0,600,600,600,100,100,0.00000,0.00000,9.80665,0.000000,0.00000,-0.00000,0.00000,0.00000,9.80665,0.000000,0.000000,0.000000,0,1,1,1,1,1,0,0,0,0
2026-09-21T05:52:50.835436+00:00,34314791,SIMULATED,131,1315424,DISARMED,0,-0.000000,0.00000,7.4000,0.0000,25.00,25.00,0.00000,0.00000,0,520,0,500,0,0,0,0,20,0,520,0,0,0,0,0,0,0,0,600,600,600,100,100,0.00000,0.00000,9.80665,0.000000,0.00000,-0.00000,0.00000,0.00000,9.80665,0.000000,0.000000,0.000000,0,1,1,1,1,1,0,0,0,0
2026-09-21T05:52:50.835471+00:00,34349708,SIMULATED,132,1317828,DISARMED,0,-0.000000,0.00000,7.4000,0.0000,25.00,25.00,0.00000,0.00000,0,520,0,500,0,0,0,0,20,0,520,0,0,0,0,0,0,0,0,600,600,600,100,100,0.00000,0.00000,9.80665,0.000000,0.00000,-0.00000,0.00000,0.00000,9.80665,0.000000,0.000000,0.000000,0,1,1,1,1,1,0,0,0,0
2026-09-21T05:52:50.835505+00:00,34383791,SIMULATED,133,1320232,DISARMED,0,-0.000000,0.00000,7.4000,0.0000,25.00,25.00,0.00000,0.00000,0,520,0,500,0,0,0,0,20,0,520,0,0,0,0,0,0,0,0,600,600,600,100,100,0.00000,0.00000,9.80665,0.000000,0.00000,-0.00000,0.00000,0.00000,9.80665,0.000000,0.000000,0.000000,0,1,1,1,1,1,0,0,0,0
2026-09-21T05:52:50.835538+00:00,34416416,SIMULATED,134,1322636,DISARMED,0,-0.000000,0.00000,7.4000,0.0000,25.00,25.00,0.00000,0.00000,0,520,0,500,0,0,0,0,20,0,520,0,0,0,0,0,0,0,0,600,600,600,100,100,0.00000,0.00000,9.80665,0.000000,0.00000,-0.00000,0.00000,0.00000,9.80665,0.000000,0.000000,0.000000,0,1,1,1,1,1,0,0,0,0
2026-09-21T05:52:50.835571+00:00,34449000,SIMULATED,135,1325040,DISARMED,0,-0.000000,0.00000,7.4000,0.0000,25.00,25.00,0.00000,0.00000,0,520,0,500,0,0,0,0,20,0,520,0,0,0,0,0,0,0,0,600,600,600,100,100,0.00000,0.00000,9.80665,0.000000,0.00000,-0.00000,0.00000,0.00000,9.80665,0.000000,0.000000,0.000000,0,1,1,1,1,1,0,0,0,0
2026-09-21T05:52:50.835604+00:00,34482791,SIMULATED,136,1327444,DISARMED,0,-0.000000,0.00000,7.4000,0.0000,25.00,25.00,0.00000,0.00000,0,520,0,500,0,0,0,0,20,0,520,0,0,0,0,0,0,0,0,600,600,600,100,100,0.00000,0.00000,9.80665,0.000000,0.00000,-0.00000,0.00000,0.00000,9.80665,0.000000,0.000000,0.000000,0,1,1,1,1,1,0,0,0,0
2026-09-21T05:52:50.835638+00:00,34516500,SIMULATED,137,1329848,DISARMED,0,-0.000000,0.00000,7.4000,0.0000,25.00,25.00,0.00000,0.00000,0,520,0,500,0,0,0,0,20,0,520,0,0,0,0,0,0,0,0,600,600,600,100,100,0.00000,0.00000,9.80665,0.000000,0.00000,-0.00000,0.00000,0.00000,9.80665,0.000000,0.000000,0.000000,0,1,1,1,1,1,0,0,0,0
2026-09-21T05:52:50.835672+00:00,34550583,SIMULATED,138,1332252,DISARMED,0,-0.000000,0.00000,7.4000,0.0000,25.00,25.00,0.00000,0.00000,0,520,0,500,0,0,0,0,20,0,520,0,0,0,0,0,0,0,0,600,600,600,100,100,0.00000,0.00000,9.80665,0.000000,0.00000,-0.00000,0.00000,0.00000,9.80665,0.000000,0.000000,0.000000,0,1,1,1,1,1,0,0,0,0
2026-09-21T05:52:50.835707+00:00,34585541,SIMULATED,139,1334656,DISARMED,0,-0.000000,0.00000,7.4000,0.0000,25.00,25.00,0.00000,0.00000,0,520,0,500,0,0,0,0,20,0,520,0,0,0,0,0,0,0,0,600,600,600,100,100,0.00000,0.00000,9.80665,0.000000,0.00000,-0.00000,0.00000,0.00000,9.80665,0.000000,0.000000,0.000000,0,1,1,1,1,1,0,0,0,0
2026-09-21T05:52:50.835742+00:00,34620708,SIMULATED,140,1337060,DISARMED,0,-0.000000,0.00000,7.4000,0.0000,25.00,25.00,0.00000,0.00000,0,520,0,500,0,0,0,0,20,0,520,0,0,0,0,0,0,0,0,600,600,600,100,100,0.00000,0.00000,9.80665,0.000000,0.00000,-0.00000,0.00000,0.00000,9.80665,0.000000,0.000000,0.000000,0,1,1,1,1,1,0,0,0,0
2026-09-21T05:52:50.835776+00:00,34654583,SIMULATED,141,1339464,DISARMED,0,-0.000000,0.00000,7.4000,0.0000,25.00,25.00,0.00000,0.00000,0,520,0,500,0,0,0,0,20,0,520,0,0,0,0,0,0,0,0,600,600,600,100,100,0.00000,0.00000,9.80665,0.000000,0.00000,-0.00000,0.00000,0.00000,9.80665,0.000000,0.000000,0.000000,0,1,1,1,1,1,0,0,0,0
2026-09-21T05:52:50.835812+00:00,34690458,SIMULATED,142,1341868,DISARMED,0,-0.000000,0.00000,7.4000,0.0000,25.00,25.00,0.00000,0.00000,0,520,0,500,0,0,0,0,20,0,520,0,0,0,0,0,0,0,0,600,600,600,100,100,0.00000,0.00000,9.80665,0.000000,0.00000,-0.00000,0.00000,0.00000,9.80665,0.000000,0.000000,0.000000,0,1,1,1,1,1,0,0,0,0
2026-09-21T05:52:50.835846+00:00,34724375,SIMULATED,143,1344272,DISARMED,0,-0.000000,0.00000,7.4000,0.0000,25.00,25.00,0.00000,0.00000,0,520,0,500,0,0,0,0,20,0,520,0,0,0,0,0,0,0,0,600,600,600,100,100,0.00000,0.00000,9.80665,0.000000,0.00000,-0.00000,0.00000,0.00000,9.80665,0.000000,0.000000,0.000000,0,1,1,1,1,1,0,0,0,0
2026-09-21T05:52:50.835882+00:00,34760333,SIMULATED,144,1346676,DISARMED,0,-0.000000,0.00000,7.4000,0.0000,25.00,25.00,0.00000,0.00000,0,520,0,500,0,0,0,0,20,0,520,0,0,0,0,0,0,0,0,600,600,600,100,100,0.00000,0.00000,9.80665,0.000000,0.00000,-0.00000,0.00000,0.00000,9.80665,0.000000,0.000000,0.000000,0,1,1,1,1,1,0,0,0,0
2026-09-21T05:52:50.835916+00:00,34794666,SIMULATED,145,1349080,DISARMED,0,-0.000000,0.00000,7.4000,0.0000,25.00,25.00,0.00000,0.00000,0,520,0,500,0,0,0,0,20,0,520,0,0,0,0,0,0,0,0,600,600,600,100,100,0.00000,0.00000,9.80665,0.000000,0.00000,-0.00000,0.00000,0.00000,9.80665,0.000000,0.000000,0.000000,0,1,1,1,1,1,0,0,0,0
2026-09-21T05:52:50.835949+00:00,34827458,SIMULATED,146,1351484,DISARMED,0,-0.000000,0.00000,7.4000,0.0000,25.00,25.00,0.00000,0.00000,0,520,0,500,0,0,0,0,20,0,520,0,0,0,0,0,0,0,0,600,600,600,100,100,0.00000,0.00000,9.80665,0.000000,0.00000,-0.00000,0.00000,0.00000,9.80665,0.000000,0.000000,0.000000,0,1,1,1,1,1,0,0,0,0
2026-09-21T05:52:50.835982+00:00,34860458,SIMULATED,147,1353888,DISARMED,0,-0.000000,0.00000,7.4000,0.0000,25.00,25.00,0.00000,0.00000,0,520,0,500,0,0,0,0,20,0,520,0,0,0,0,0,0,0,0,600,600,600,100,100,0.00000,0.00000,9.80665,0.000000,0.00000,-0.00000,0.00000,0.00000,9.80665,0.000000,0.000000,0.000000,0,1,1,1,1,1,0,0,0,0
2026-09-21T05:52:50.836015+00:00,34893375,SIMULATED,148,1356292,DISARMED,0,-0.000000,0.00000,7.4000,0.0000,25.00,25.00,0.00000,0.00000,0,520,0,500,0,0,0,0,20,0,520,0,0,0,0,0,0,0,0,600,600,600,100,100,0.00000,0.00000,9.80665,0.000000,0.00000,-0.00000,0.00000,0.00000,9.80665,0.000000,0.000000,0.000000,0,1,1,1,1,1,0,0,0,0
2026-09-21T05:52:50.836049+00:00,34927375,SIMULATED,149,1358696,DISARMED,0,-0.000000,0.00000,7.4000,0.0000,25.00,25.00,0.00000,0.00000,0,520,0,500,0,0,0,0,20,0,520,0,0,0,0,0,0,0,0,600,600,600,100,100,0.00000,0.00000,9.80665,0.000000,0.00000,-0.00000,0.00000,0.00000,9.80665,0.000000,0.000000,0.000000,0,1,1,1,1,1,0,0,0,0
2026-09-21T05:52:50.836083+00:00,34961625,SIMULATED,150,1361100,DISARMED,0,-0.000000,0.00000,7.4000,0.0000,25.00,25.00,0.00000,0.00000,0,520,0,500,0,0,0,0,20,0,520,0,0,0,0,0,0,0,0,600,600,600,100,100,0.00000,0.00000,9.80665,0.000000,0.00000,-0.00000,0.00000,0.00000,9.80665,0.000000,0.000000,0.000000,0,1,1,1,1,1,0,0,0,0
2026-09-21T05:52:50.836118+00:00,34996791,SIMULATED,151,1363504,DISARMED,0,-0.000000,0.00000,7.4000,0.0000,25.00,25.00,0.00000,0.00000,0,520,0,500,0,0,0,0,20,0,520,0,0,0,0,0,0,0,0,600,600,600,100,100,0.00000,0.00000,9.80665,0.000000,0.00000,-0.00000,0.00000,0.00000,9.80665,0.000000,0.000000,0.000000,0,1,1,1,1,1,0,0,0,0
2026-09-21T05:52:50.836155+00:00,35033083,SIMULATED,152,1365908,DISARMED,0,-0.000000,0.00000,7.4000,0.0000,25.00,25.00,0.00000,0.00000,0,520,0,500,0,0,0,0,20,0,520,0,0,0,0,0,0,0,0,600,600,600,100,100,0.00000,0.00000,9.80665,0.000000,0.00000,-0.00000,0.00000,0.00000,9.80665,0.000000,0.000000,0.000000,0,1,1,1,1,1,0,0,0,0
2026-09-21T05:52:50.836188+00:00,35067000,SIMULATED,153,1368312,DISARMED,0,-0.000000,0.00000,7.4000,0.0000,25.00,25.00,0.00000,0.00000,0,520,0,500,0,0,0,0,20,0,520,0,0,0,0,0,0,0,0,600,600,600,100,100,0.00000,0.00000,9.80665,0.000000,0.00000,-0.00000,0.00000,0.00000,9.80665,0.000000,0.000000,0.000000,0,1,1,1,1,1,0,0,0,0
2026-09-21T05:52:50.836225+00:00,35103291,SIMULATED,154,1370716,DISARMED,0,-0.000000,0.00000,7.4000,0.0000,25.00,25.00,0.00000,0.00000,0,520,0,500,0,0,0,0,20,0,520,0,0,0,0,0,0,0,0,600,600,600,100,100,0.00000,0.00000,9.80665,0.000000,0.00000,-0.00000,0.00000,0.00000,9.80665,0.000000,0.000000,0.000000,0,1,1,1,1,1,0,0,0,0
2026-09-21T05:52:50.836259+00:00,35137375,SIMULATED,155,1373120,DISARMED,0,-0.000000,0.00000,7.4000,0.0000,25.00,25.00,0.00000,0.00000,0,520,0,500,0,0,0,0,20,0,520,0,0,0,0,0,0,0,0,600,600,600,100,100,0.00000,0.00000,9.80665,0.000000,0.00000,-0.00000,0.00000,0.00000,9.80665,0.000000,0.000000,0.000000,0,1,1,1,1,1,0,0,0,0
2026-09-21T05:52:50.836296+00:00,35174125,SIMULATED,156,1375524,DISARMED,0,-0.000000,0.00000,7.4000,0.0000,25.00,25.00,0.00000,0.00000,0,520,0,500,0,0,0,0,20,0,520,0,0,0,0,0,0,0,0,600,600,600,100,100,0.00000,0.00000,9.80665,0.000000,0.00000,-0.00000,0.00000,0.00000,9.80665,0.000000,0.000000,0.000000,0,1,1,1,1,1,0,0,0,0
2026-09-21T05:52:50.836333+00:00,35211125,SIMULATED,157,1377928,DISARMED,0,-0.000000,0.00000,7.4000,0.0000,25.00,25.00,0.00000,0.00000,0,520,0,500,0,0,0,0,20,0,520,0,0,0,0,0,0,0,0,600,600,600,100,100,0.00000,0.00000,9.80665,0.000000,0.00000,-0.00000,0.00000,0.00000,9.80665,0.000000,0.000000,0.000000,0,1,1,1,1,1,0,0,0,0
2026-09-21T05:52:50.836367+00:00,35245583,SIMULATED,158,1380332,DISARMED,0,-0.000000,0.00000,7.4000,0.0000,25.00,25.00,0.00000,0.00000,0,520,0,500,0,0,0,0,20,0,520,0,0,0,0,0,0,0,0,600,600,600,100,100,0.00000,0.00000,9.80665,0.000000,0.00000,-0.00000,0.00000,0.00000,9.80665,0.000000,0.000000,0.000000,0,1,1,1,1,1,0,0,0,0
2026-09-21T05:52:50.836400+00:00,35278916,SIMULATED,159,1382736,DISARMED,0,-0.000000,0.00000,7.4000,0.0000,25.00,25.00,0.00000,0.00000,0,520,0,500,0,0,0,0,20,0,520,0,0,0,0,0,0,0,0,600,600,600,100,100,0.00000,0.00000,9.80665,0.000000,0.00000,-0.00000,0.00000,0.00000,9.80665,0.000000,0.000000,0.000000,0,1,1,1,1,1,0,0,0,0
2026-09-21T05:52:50.836433+00:00,35311666,SIMULATED,160,1385140,DISARMED,0,-0.000000,0.00000,7.4000,0.0000,25.00,25.00,0.00000,0.00000,0,520,0,500,0,0,0,0,20,0,520,0,0,0,0,0,0,0,0,600,600,600,100,100,0.00000,0.00000,9.80665,0.000000,0.00000,-0.00000,0.00000,0.00000,9.80665,0.000000,0.000000,0.000000,0,1,1,1,1,1,0,0,0,0
2026-09-21T05:52:50.836466+00:00,35344541,SIMULATED,161,1387544,DISARMED,0,-0.000000,0.00000,7.4000,0.0000,25.00,25.00,0.00000,0.00000,0,520,0,500,0,0,0,0,20,0,520,0,0,0,0,0,0,0,0,600,600,600,100,100,0.00000,0.00000,9.80665,0.000000,0.00000,-0.00000,0.00000,0.00000,9.80665,0.000000,0.000000,0.000000,0,1,1,1,1,1,0,0,0,0
2026-09-21T05:52:50.836502+00:00,35380000,SIMULATED,162,1389948,DISARMED,0,-0.000000,0.00000,7.4000,0.0000,25.00,25.00,0.00000,0.00000,0,520,0,500,0,0,0,0,20,0,520,0,0,0,0,0,0,0,0,600,600,600,100,100,0.00000,0.00000,9.80665,0.000000,0.00000,-0.00000,0.00000,0.00000,9.80665,0.000000,0.000000,0.000000,0,1,1,1,1,1,0,0,0,0
2026-09-21T05:52:50.836537+00:00,35415291,SIMULATED,163,1392352,DISARMED,0,-0.000000,0.00000,7.4000,0.0000,25.00,25.00,0.00000,0.00000,0,520,0,500,0,0,0,0,20,0,520,0,0,0,0,0,0,0,0,600,600,600,100,100,0.00000,0.00000,9.80665,0.000000,0.00000,-0.00000,0.00000,0.00000,9.80665,0.000000,0.000000,0.000000,0,1,1,1,1,1,0,0,0,0
2026-09-21T05:52:50.836571+00:00,35449250,SIMULATED,164,1394756,DISARMED,0,-0.000000,0.00000,7.4000,0.0000,25.00,25.00,0.00000,0.00000,0,520,0,500,0,0,0,0,20,0,520,0,0,0,0,0,0,0,0,600,600,600,100,100,0.00000,0.00000,9.80665,0.000000,0.00000,-0.00000,0.00000,0.00000,9.80665,0.000000,0.000000,0.000000,0,1,1,1,1,1,0,0,0,0
2026-09-21T05:52:50.836605+00:00,35483416,SIMULATED,165,1397160,DISARMED,0,-0.000000,0.00000,7.4000,0.0000,25.00,25.00,0.00000,0.00000,0,520,0,500,0,0,0,0,20,0,520,0,0,0,0,0,0,0,0,600,600,600,100,100,0.00000,0.00000,9.80665,0.000000,0.00000,-0.00000,0.00000,0.00000,9.80665,0.000000,0.000000,0.000000,0,1,1,1,1,1,0,0,0,0
2026-09-21T05:52:50.836639+00:00,35517458,SIMULATED,166,1399564,DISARMED,0,-0.000000,0.00000,7.4000,0.0000,25.00,25.00,0.00000,0.00000,0,520,0,500,0,0,0,0,20,0,520,0,0,0,0,0,0,0,0,600,600,600,100,100,0.00000,0.00000,9.80665,0.000000,0.00000,-0.00000,0.00000,0.00000,9.80665,0.000000,0.000000,0.000000,0,1,1,1,1,1,0,0,0,0
2026-09-21T05:52:50.836673+00:00,35551583,SIMULATED,167,1401968,DISARMED,0,-0.000000,0.00000,7.4000,0.0000,25.00,25.00,0.00000,0.00000,0,520,0,500,0,0,0,0,20,0,520,0,0,0,0,0,0,0,0,600,600,600,100,100,0.00000,0.00000,9.80665,0.000000,0.00000,-0.00000,0.00000,0.00000,9.80665,0.000000,0.000000,0.000000,0,1,1,1,1,1,0,0,0,0
2026-09-21T05:52:50.836707+00:00,35585583,SIMULATED,168,1404372,DISARMED,0,-0.000000,0.00000,7.4000,0.0000,25.00,25.00,0.00000,0.00000,0,520,0,500,0,0,0,0,20,0,520,0,0,0,0,0,0,0,0,600,600,600,100,100,0.00000,0.00000,9.80665,0.000000,0.00000,-0.00000,0.00000,0.00000,9.80665,0.000000,0.000000,0.000000,0,1,1,1,1,1,0,0,0,0
2026-09-21T05:52:50.836745+00:00,35623333,SIMULATED,169,1406776,DISARMED,0,-0.000000,0.00000,7.4000,0.0000,25.00,25.00,0.00000,0.00000,0,520,0,500,0,0,0,0,20,0,520,0,0,0,0,0,0,0,0,600,600,600,100,100,0.00000,0.00000,9.80665,0.000000,0.00000,-0.00000,0.00000,0.00000,9.80665,0.000000,0.000000,0.000000,0,1,1,1,1,1,0,0,0,0
2026-09-21T05:52:50.836779+00:00,35657458,SIMULATED,170,1409180,DISARMED,0,-0.000000,0.00000,7.4000,0.0000,25.00,25.00,0.00000,0.00000,0,520,0,500,0,0,0,0,20,0,520,0,0,0,0,0,0,0,0,600,600,600,100,100,0.00000,0.00000,9.80665,0.000000,0.00000,-0.00000,0.00000,0.00000,9.80665,0.000000,0.000000,0.000000,0,1,1,1,1,1,0,0,0,0
2026-09-21T05:52:50.836813+00:00,35691250,SIMULATED,171,1411584,DISARMED,0,-0.000000,0.00000,7.4000,0.0000,25.00,25.00,0.00000,0.00000,0,520,0,500,0,0,0,0,20,0,520,0,0,0,0,0,0,0,0,600,600,600,100,100,0.00000,0.00000,9.80665,0.000000,0.00000,-0.00000,0.00000,0.00000,9.80665,0.000000,0.000000,0.000000,0,1,1,1,1,1,0,0,0,0
2026-09-21T05:52:50.836849+00:00,35727166,SIMULATED,172,1413988,DISARMED,0,-0.000000,0.00000,7.4000,0.0000,25.00,25.00,0.00000,0.00000,0,520,0,500,0,0,0,0,20,0,520,0,0,0,0,0,0,0,0,600,600,600,100,100,0.00000,0.00000,9.80665,0.000000,0.00000,-0.00000,0.00000,0.00000,9.80665,0.000000,0.000000,0.000000,0,1,1,1,1,1,0,0,0,0
2026-09-21T05:52:50.836884+00:00,35762666,SIMULATED,173,1416392,DISARMED,0,-0.000000,0.00000,7.4000,0.0000,25.00,25.00,0.00000,0.00000,0,520,0,500,0,0,0,0,20,0,520,0,0,0,0,0,0,0,0,600,600,600,100,100,0.00000,0.00000,9.80665,0.000000,0.00000,-0.00000,0.00000,0.00000,9.80665,0.000000,0.000000,0.000000,0,1,1,1,1,1,0,0,0,0
2026-09-21T05:52:50.836917+00:00,35795833,SIMULATED,174,1418796,DISARMED,0,-0.000000,0.00000,7.4000,0.0000,25.00,25.00,0.00000,0.00000,0,520,0,500,0,0,0,0,20,0,520,0,0,0,0,0,0,0,0,600,600,600,100,100,0.00000,0.00000,9.80665,0.000000,0.00000,-0.00000,0.00000,0.00000,9.80665,0.000000,0.000000,0.000000,0,1,1,1,1,1,0,0,0,0
2026-09-21T05:52:50.836951+00:00,35829833,SIMULATED,175,1421200,DISARMED,0,-0.000000,0.00000,7.4000,0.0000,25.00,25.00,0.00000,0.00000,0,520,0,500,0,0,0,0,20,0,520,0,0,0,0,0,0,0,0,600,600,600,100,100,0.00000,0.00000,9.80665,0.000000,0.00000,-0.00000,0.00000,0.00000,9.80665,0.000000,0.000000,0.000000,0,1,1,1,1,1,0,0,0,0
2026-09-21T05:52:50.836985+00:00,35863833,SIMULATED,176,1423604,DISARMED,0,-0.000000,0.00000,7.4000,0.0000,25.00,25.00,0.00000,0.00000,0,520,0,500,0,0,0,0,20,0,520,0,0,0,0,0,0,0,0,600,600,600,100,100,0.00000,0.00000,9.80665,0.000000,0.00000,-0.00000,0.00000,0.00000,9.80665,0.000000,0.000000,0.000000,0,1,1,1,1,1,0,0,0,0
2026-09-21T05:52:50.837020+00:00,35898125,SIMULATED,177,1426008,DISARMED,0,-0.000000,0.00000,7.4000,0.0000,25.00,25.00,0.00000,0.00000,0,520,0,500,0,0,0,0,20,0,520,0,0,0,0,0,0,0,0,600,600,600,100,100,0.00000,0.00000,9.80665,0.000000,0.00000,-0.00000,0.00000,0.00000,9.80665,0.000000,0.000000,0.000000,0,1,1,1,1,1,0,0,0,0
2026-09-21T05:52:50.837054+00:00,35932958,SIMULATED,178,1428412,DISARMED,0,-0.000000,0.00000,7.4000,0.0000,25.00,25.00,0.00000,0.00000,0,520,0,500,0,0,0,0,20,0,520,0,0,0,0,0,0,0,0,600,600,600,100,100,0.00000,0.00000,9.80665,0.000000,0.00000,-0.00000,0.00000,0.00000,9.80665,0.000000,0.000000,0.000000,0,1,1,1,1,1,0,0,0,0
2026-09-21T05:52:50.837089+00:00,35967791,SIMULATED,179,1430816,DISARMED,0,-0.000000,0.00000,7.4000,0.0000,25.00,25.00,0.00000,0.00000,0,520,0,500,0,0,0,0,20,0,520,0,0,0,0,0,0,0,0,600,600,600,100,100,0.00000,0.00000,9.80665,0.000000,0.00000,-0.00000,0.00000,0.00000,9.80665,0.000000,0.000000,0.000000,0,1,1,1,1,1,0,0,0,0
2026-09-21T05:52:50.837125+00:00,36003250,SIMULATED,180,1433220,DISARMED,0,-0.000000,0.00000,7.4000,0.0000,25.00,25.00,0.00000,0.00000,0,520,0,500,0,0,0,0,20,0,520,0,0,0,0,0,0,0,0,600,600,600,100,100,0.00000,0.00000,9.80665,0.000000,0.00000,-0.00000,0.00000,0.00000,9.80665,0.000000,0.000000,0.000000,0,1,1,1,1,1,0,0,0,0
2026-09-21T05:52:50.837161+00:00,36039833,SIMULATED,181,1435624,DISARMED,0,-0.000000,0.00000,7.4000,0.0000,25.00,25.00,0.00000,0.00000,0,520,0,500,0,0,0,0,20,0,520,0,0,0,0,0,0,0,0,600,600,600,100,100,0.00000,0.00000,9.80665,0.000000,0.00000,-0.00000,0.00000,0.00000,9.80665,0.000000,0.000000,0.000000,0,1,1,1,1,1,0,0,0,0
2026-09-21T05:52:50.837201+00:00,36079208,SIMULATED,182,1438028,DISARMED,0,-0.000000,0.00000,7.4000,0.0000,25.00,25.00,0.00000,0.00000,0,520,0,500,0,0,0,0,20,0,520,0,0,0,0,0,0,0,0,600,600,600,100,100,0.00000,0.00000,9.80665,0.000000,0.00000,-0.00000,0.00000,0.00000,9.80665,0.000000,0.000000,0.000000,0,1,1,1,1,1,0,0,0,0
2026-09-21T05:52:50.837236+00:00,36114583,SIMULATED,183,1440432,DISARMED,0,-0.000000,0.00000,7.4000,0.0000,25.00,25.00,0.00000,0.00000,0,520,0,500,0,0,0,0,20,0,520,0,0,0,0,0,0,0,0,600,600,600,100,100,0.00000,0.00000,9.80665,0.000000,0.00000,-0.00000,0.00000,0.00000,9.80665,0.000000,0.000000,0.000000,0,1,1,1,1,1,0,0,0,0
2026-09-21T05:52:50.837271+00:00,36149250,SIMULATED,184,1442836,DISARMED,0,-0.000000,0.00000,7.4000,0.0000,25.00,25.00,0.00000,0.00000,0,520,0,500,0,0,0,0,20,0,520,0,0,0,0,0,0,0,0,600,600,600,100,100,0.00000,0.00000,9.80665,0.000000,0.00000,-0.00000,0.00000,0.00000,9.80665,0.000000,0.000000,0.000000,0,1,1,1,1,1,0,0,0,0
2026-09-21T05:52:50.837308+00:00,36186250,SIMULATED,185,1445240,DISARMED,0,-0.000000,0.00000,7.4000,0.0000,25.00,25.00,0.00000,0.00000,0,520,0,500,0,0,0,0,20,0,520,0,0,0,0,0,0,0,0,600,600,600,100,100,0.00000,0.00000,9.80665,0.000000,0.00000,-0.00000,0.00000,0.00000,9.80665,0.000000,0.000000,0.000000,0,1,1,1,1,1,0,0,0,0
2026-09-21T05:52:50.837343+00:00,36221333,SIMULATED,186,1447644,DISARMED,0,-0.000000,0.00000,7.4000,0.0000,25.00,25.00,0.00000,0.00000,0,520,0,500,0,0,0,0,20,0,520,0,0,0,0,0,0,0,0,600,600,600,100,100,0.00000,0.00000,9.80665,0.000000,0.00000,-0.00000,0.00000,0.00000,9.80665,0.000000,0.000000,0.000000,0,1,1,1,1,1,0,0,0,0
2026-09-21T05:52:50.837384+00:00,36262208,SIMULATED,187,1450048,DISARMED,0,-0.000000,0.00000,7.4000,0.0000,25.00,25.00,0.00000,0.00000,0,520,0,500,0,0,0,0,20,0,520,0,0,0,0,0,0,0,0,600,600,600,100,100,0.00000,0.00000,9.80665,0.000000,0.00000,-0.00000,0.00000,0.00000,9.80665,0.000000,0.000000,0.000000,0,1,1,1,1,1,0,0,0,0
2026-09-21T05:52:50.837419+00:00,36297166,SIMULATED,188,1452452,DISARMED,0,-0.000000,0.00000,7.4000,0.0000,25.00,25.00,0.00000,0.00000,0,520,0,500,0,0,0,0,20,0,520,0,0,0,0,0,0,0,0,600,600,600,100,100,0.00000,0.00000,9.80665,0.000000,0.00000,-0.00000,0.00000,0.00000,9.80665,0.000000,0.000000,0.000000,0,1,1,1,1,1,0,0,0,0
2026-09-21T05:52:50.837452+00:00,36330291,SIMULATED,189,1454856,DISARMED,0,-0.000000,0.00000,7.4000,0.0000,25.00,25.00,0.00000,0.00000,0,520,0,500,0,0,0,0,20,0,520,0,0,0,0,0,0,0,0,600,600,600,100,100,0.00000,0.00000,9.80665,0.000000,0.00000,-0.00000,0.00000,0.00000,9.80665,0.000000,0.000000,0.000000,0,1,1,1,1,1,0,0,0,0
2026-09-21T05:52:50.837486+00:00,36364083,SIMULATED,190,1457260,DISARMED,0,-0.000000,0.00000,7.4000,0.0000,25.00,25.00,0.00000,0.00000,0,520,0,500,0,0,0,0,20,0,520,0,0,0,0,0,0,0,0,600,600,600,100,100,0.00000,0.00000,9.80665,0.000000,0.00000,-0.00000,0.00000,0.00000,9.80665,0.000000,0.000000,0.000000,0,1,1,1,1,1,0,0,0,0
2026-09-21T05:52:50.837520+00:00,36398375,SIMULATED,191,1459664,DISARMED,0,-0.000000,0.00000,7.4000,0.0000,25.00,25.00,0.00000,0.00000,0,520,0,500,0,0,0,0,20,0,520,0,0,0,0,0,0,0,0,600,600,600,100,100,0.00000,0.00000,9.80665,0.000000,0.00000,-0.00000,0.00000,0.00000,9.80665,0.000000,0.000000,0.000000,0,1,1,1,1,1,0,0,0,0
2026-09-21T05:52:50.837557+00:00,36435458,SIMULATED,192,1462068,DISARMED,0,-0.000000,0.00000,7.4000,0.0000,25.00,25.00,0.00000,0.00000,0,520,0,500,0,0,0,0,20,0,520,0,0,0,0,0,0,0,0,600,600,600,100,100,0.00000,0.00000,9.80665,0.000000,0.00000,-0.00000,0.00000,0.00000,9.80665,0.000000,0.000000,0.000000,0,1,1,1,1,1,0,0,0,0
2026-09-21T05:52:50.837592+00:00,36471041,SIMULATED,193,1464472,DISARMED,0,-0.000000,0.00000,7.4000,0.0000,25.00,25.00,0.00000,0.00000,0,520,0,500,0,0,0,0,20,0,520,0,0,0,0,0,0,0,0,600,600,600,100,100,0.00000,0.00000,9.80665,0.000000,0.00000,-0.00000,0.00000,0.00000,9.80665,0.000000,0.000000,0.000000,0,1,1,1,1,1,0,0,0,0
2026-09-21T05:52:50.837628+00:00,36506333,SIMULATED,194,1466876,DISARMED,0,-0.000000,0.00000,7.4000,0.0000,25.00,25.00,0.00000,0.00000,0,520,0,500,0,0,0,0,20,0,520,0,0,0,0,0,0,0,0,600,600,600,100,100,0.00000,0.00000,9.80665,0.000000,0.00000,-0.00000,0.00000,0.00000,9.80665,0.000000,0.000000,0.000000,0,1,1,1,1,1,0,0,0,0
2026-09-21T05:52:50.837664+00:00,36542750,SIMULATED,195,1469280,DISARMED,0,-0.000000,0.00000,7.4000,0.0000,25.00,25.00,0.00000,0.00000,0,520,0,500,0,0,0,0,20,0,520,0,0,0,0,0,0,0,0,600,600,600,100,100,0.00000,0.00000,9.80665,0.000000,0.00000,-0.00000,0.00000,0.00000,9.80665,0.000000,0.000000,0.000000,0,1,1,1,1,1,0,0,0,0
2026-09-21T05:52:50.837699+00:00,36577041,SIMULATED,196,1471684,DISARMED,0,-0.000000,0.00000,7.4000,0.0000,25.00,25.00,0.00000,0.00000,0,520,0,500,0,0,0,0,20,0,520,0,0,0,0,0,0,0,0,600,600,600,100,100,0.00000,0.00000,9.80665,0.000000,0.00000,-0.00000,0.00000,0.00000,9.80665,0.000000,0.000000,0.000000,0,1,1,1,1,1,0,0,0,0
2026-09-21T05:52:50.837732+00:00,36610791,SIMULATED,197,1474088,DISARMED,0,-0.000000,0.00000,7.4000,0.0000,25.00,25.00,0.00000,0.00000,0,520,0,500,0,0,0,0,20,0,520,0,0,0,0,0,0,0,0,600,600,600,100,100,0.00000,0.00000,9.80665,0.000000,0.00000,-0.00000,0.00000,0.00000,9.80665,0.000000,0.000000,0.000000,0,1,1,1,1,1,0,0,0,0
2026-09-21T05:52:50.837767+00:00,36645291,SIMULATED,198,1476492,DISARMED,0,-0.000000,0.00000,7.4000,0.0000,25.00,25.00,0.00000,0.00000,0,520,0,500,0,0,0,0,20,0,520,0,0,0,0,0,0,0,0,600,600,600,100,100,0.00000,0.00000,9.80665,0.000000,0.00000,-0.00000,0.00000,0.00000,9.80665,0.000000,0.000000,0.000000,0,1,1,1,1,1,0,0,0,0
2026-09-21T05:52:50.837802+00:00,36680916,SIMULATED,199,1478896,DISARMED,0,-0.000000,0.00000,7.4000,0.0000,25.00,25.00,0.00000,0.00000,0,520,0,500,0,0,0,0,20,0,520,0,0,0,0,0,0,0,0,600,600,600,100,100,0.00000,0.00000,9.80665,0.000000,0.00000,-0.00000,0.00000,0.00000,9.80665,0.000000,0.000000,0.000000,0,1,1,1,1,1,0,0,0,0
2026-09-21T05:52:50.837837+00:00,36715125,SIMULATED,200,1481300,DISARMED,0,-0.000000,0.00000,7.4000,0.0000,25.00,25.00,0.00000,0.00000,0,520,0,500,0,0,0,0,20,0,520,0,0,0,0,0,0,0,0,600,600,600,100,100,0.00000,0.00000,9.80665,0.000000,0.00000,-0.00000,0.00000,0.00000,9.80665,0.000000,0.000000,0.000000,0,1,1,1,1,1,0,0,0,0
