host_utc,host_monotonic_ns,source,seq,device_us,state,fault,pitch_rad,v_m_s,bat_V,bus_A,TL_C,TR_C,uL,uR,enabled,run_us,wake_us,imu_io_us,monitor_io_us,encoder_us,fusion_us,feedback_us,pwm_submit_us,jitter_us,max_run_us,max_wake_us,max_jitter_us,sample_missed,log_dropped,command_overflows,reply_dropped,cal_count,head_enabled,p50_run_upper_us,p95_run_upper_us,p99_run_upper_us,p99_wake_upper_us,p99_jitter_upper_us,ax_m_s2,ay_m_s2,az_m_s2,gy_rad_s,vL_m_s,vR_m_s,raw_ax_m_s2,raw_ay_m_s2,raw_az_m_s2,raw_gx_rad_s,raw_gy_rad_s,raw_gz_rad_s,health_fault,driver_ok,estop_ok,imu_ok,monitor_ok,encoders_ok,low_battery,request_support,encoder_count_L,encoder_count_R
2026-09-21T05:52:50.665444+00:00,564280416,SIMULATED,1,1002904,DISARMED,0,-0.000000,0.00000,7.4000,0.0000,25.00,25.00,0.00000,0.00000,0,520,0,500,0,0,0,0,20,0,520,0,0,0,0,0,0,0,0,0,0,0,0,0,0.00000,0.00000,9.80665,0.000000,0.00000,-0.00000,0.00000,0.00000,9.80665,0.000000,0.000000,0.000000,0,1,1,1,1,1,0,0,0,0
2026-09-21T05:52:50.665857+00:00,564692375,SIMULATED,2,1005308,DISARMED,0,-0.000000,0.00000,7.4000,0.0000,25.00,25.00,0.00000,0.00000,0,520,0,500,0,0,0,0,20,0,520,0,0,0,0,0,0,0,0,600,600,600,100,100,0.00000,0.00000,9.80665,0.000000,0.00000,-0.00000,0.00000,0.00000,9.80665,0.000000,0.000000,0.000000,0,1,1,1,1,1,0,0,0,0
2026-09-21T05:52:50.666019+00:00,564853250,SIMULATED,3,1007712,DISARMED,0,-0.000000,0.00000,7.4000,0.0000,25.00,25.00,0.00000,0.00000,0,520,0,500,0,0,0,0,20,0,520,0,0,0,0,0,0,0,0,600,600,600,100,100,0.00000,0.00000,9.80665,0.000000,0.00000,-0.00000,0.00000,0.00000,9.80665,0.000000,0.000000,0.000000,0,1,1,1,1,1,0,0,0,0
2026-09-21T05:52:50.666150+00:00,564984041,SIMULATED,4,1010116,DISARMED,0,-0.000000,0.00000,7.4000,0.0000,25.00,25.00,0.00000,0.00000,0,520,0,500,0,0,0,0,20,0,520,0,0,0,0,0,0,0,0,600,600,600,100,100,0.00000,0.00000,9.80665,0.000000,0.00000,-0.00000,0.00000,0.00000,9.80665,0.000000,0.000000,0.000000,0,1,1,1,1,1,0,0,0,0
2026-09-21T05:52:50.666276+00:00,565109875,SIMULATED,5,1012520,DISARMED,0,-0.000000,0.00000,7.4000,0.0000,25.00,25.00,0.00000,0.00000,0,520,0,500,0,0,0,0,20,0,520,0,0,0,0,0,0,0,0,600,600,600,100,100,0.00000,0.00000,9.80665,0.000000,0.00000,-0.00000,0.00000,0.00000,9.80665,0.000000,0.000000,0.000000,0,1,1,1,1,1,0,0,0,0
2026-09-21T05:52:50.666401+00:00,565234750,SIMULATED,6,1014924,DISARMED,0,-0.000000,0.00000,7.4000,0.0000,25.00,25.00,0.00000,0.00000,0,520,0,500,0,0,0,0,20,0,520,0,0,0,0,0,0,0,0,600,600,600,100,100,0.00000,0.00000,9.80665,0.000000,0.00000,-0.00000,0.00000,0.00000,9.80665,0.000000,0.000000,0.000000,0,1,1,1,1,1,0,0,0,0
2026-09-21T05:52:50.666525+00:00,565358791,SIMULATED,7,1017328,DISARMED,0,-0.000000,0.00000,7.4000,0.0000,25.00,25.00,0.00000,0.00000,0,520,0,500,0,0,0,0,20,0,520,0,0,0,0,0,0,0,0,600,600,600,100,100,0.00000,0.00000,9.80665,0.000000,0.00000,-0.00000,0.00000,0.00000,9.80665,0.000000,0.000000,0.000000,0,1,1,1,1,1,0,0,0,0
2026-09-21T05:52:50.666654+00:00,565487750,SIMULATED,8,1019732,DISARMED,0,-0.000000,0.00000,7.4000,0.0000,25.00,25.00,0.00000,0.00000,0,520,0,500,0,0,0,0,20,0,520,0,0,0,0,0,0,0,0,600,600,600,100,100,0.00000,0.00000,9.80665,0.000000,0.00000,-0.00000,0.00000,0.00000,9.80665,0.000000,0.000000,0.000000,0,1,1,1,1,1,0,0,0,0
2026-09-21T05:52:50.666802+00:00,565636208,SIMULATED,9,1022136,DISARMED,0,-0.000000,0.00000,7.4000,0.0000,25.00,25.00,0.00000,0.00000,0,520,0,500,0,0,0,0,20,0,520,0,0,0,0,0,0,0,0,600,600,600,100,100,0.00000,0.00000,9.80665,0.000000,0.00000,-0.00000,0.00000,0.00000,9.80665,0.000000,0.000000,0.000000,0,1,1,1,1,1,0,0,0,0
2026-09-21T05:52:50.666925+00:00,565759541,SIMULATED,10,1024540,DISARMED,0,-0.000000,0.00000,7.4000,0.0000,25.00,25.00,0.00000,0.00000,0,520,0,500,0,0,0,0,20,0,520,0,0,0,0,0,0,0,0,600,600,600,100,100,0.00000,0.00000,9.80665,0.000000,0.00000,-0.00000,0.00000,0.00000,9.80665,0.000000,0.000000,0.000000,0,1,1,1,1,1,0,0,0,0
2026-09-21T05:52:50.667048+00:00,565882125,SIMULATED,11,1026944,DISARMED,0,-0.000000,0.00000,7.4000,0.0000,25.00,25.00,0.00000,0.00000,0,520,0,500,0,0,0,0,20,0,520,0,0,0,0,0,0,0,0,600,600,600,100,100,0.00000,0.00000,9.80665,0.000000,0.00000,-0.00000,0.00000,0.00000,9.80665,0.000000,0.000000,0.000000,0,1,1,1,1,1,0,0,0,0
2026-09-21T05:52:50.667179+00:00,566013291,SIMULATED,12,1029348,DISARMED,0,-0.000000,0.00000,7.4000,0.0000,25.00,25.00,0.00000,0.00000,0,520,0,500,0,0,0,0,20,0,520,0,0,0,0,0,0,0,0,600,600,600,100,100,0.00000,0.00000,9.80665,0.000000,0.00000,-0.00000,0.00000,0.00000,9.80665,0.000000,0.000000,0.000000,0,1,1,1,1,1,0,0,0,0
2026-09-21T05:52:50.667312+00:00,566146500,SIMULATED,13,1031752,DISARMED,0,-0.000000,0.00000,7.4000,0.0000,25.00,25.00,0.00000,0.00000,0,520,0,500,0,0,0,0,20,0,520,0,0,0,0,0,0,0,0,600,600,600,100,100,0.00000,0.00000,9.80665,0.000000,0.00000,-0.00000,0.00000,0.00000,9.80665,0.000000,0.000000,0.000000,0,1,1,1,1,1,0,0,0,0
2026-09-21T05:52:50.667436+00:00,566272166,SIMULATED,14,1034156,DISARMED,0,-0.000000,0.00000,7.4000,0.0000,25.00,25.00,0.00000,0.00000,0,520,0,500,0,0,0,0,20,0,520,0,0,0,0,0,0,0,0,600,600,600,100,100,0.00000,0.00000,9.80665,0.000000,0.00000,-0.00000,0.00000,0.00000,9.80665,0.000000,0.000000,0.000000,0,1,1,1,1,1,0,0,0,0
2026-09-21T05:52:50.667565+00:00,566399416,SIMULATED,15,1036560,DISARMED,0,-0.000000,0.00000,7.4000,0.0000,25.00,25.00,0.00000,0.00000,0,520,0,500,0,0,0,0,20,0,520,0,0,0,0,0,0,0,0,600,600,600,100,100,0.00000,0.00000,9.80665,0.000000,0.00000,-0.00000,0.00000,0.00000,9.80665,0.000000,0.000000,0.000000,0,1,1,1,1,1,0,0,0,0
2026-09-21T05:52:50.667670+00:00,566504000,SIMULATED,16,1038964,DISARMED,0,-0.000000,0.00000,7.4000,0.0000,25.00,25.00,0.00000,0.00000,0,520,0,500,0,0,0,0,20,0,520,0,0,0,0,0,0,0,0,600,600,600,100,100,0.00000,0.00000,9.80665,0.000000,0.00000,-0.00000,0.00000,0.00000,9.80665,0.000000,0.000000,0.000000,0,1,1,1,1,1,0,0,0,0
2026-09-21T05:52:50.667781+00:00,566614291,SIMULATED,17,1041368,DISARMED,0,-0.000000,0.00000,7.4000,0.0000,25.00,25.00,0.00000,0.00000,0,520,0,500,0,0,0,0,20,0,520,0,0,0,0,0,0,0,0,600,600,600,100,100,0.00000,0.00000,9.80665,0.000000,0.00000,-0.00000,0.00000,0.00000,9.80665,0.000000,0.000000,0.000000,0,1,1,1,1,1,0,0,0,0
2026-09-21T05:52:50.667883+00:00,566717166,SIMULATED,18,1043772,DISARMED,0,-0.000000,0.00000,7.4000,0.0000,25.00,25.00,0.00000,0.00000,0,520,0,500,0,0,0,0,20,0,520,0,0,0,0,0,0,0,0,600,600,600,100,100,0.00000,0.00000,9.80665,0.000000,0.00000,-0.00000,0.00000,0.00000,9.80665,0.000000,0.000000,0.000000,0,1,1,1,1,1,0,0,0,0
2026-09-21T05:52:50.667993+00:00,566826458,SIMULATED,19,1046176,DISARMED,0,-0.000000,0.00000,7.4000,0.0000,25.00,25.00,0.00000,0.00000,0,520,0,500,0,0,0,0,20,0,520,0,0,0,0,0,0,0,0,600,600,600,100,100,0.00000,0.00000,9.80665,0.000000,0.00000,-0.00000,0.00000,0.00000,9.80665,0.000000,0.000000,0.000000,0,1,1,1,1,1,0,0,0,0
2026-09-21T05:52:50.668094+00:00,566927833,SIMULATED,20,1048580,DISARMED,0,-0.000000,0.00000,7.4000,0.0000,25.00,25.00,0.00000,0.00000,0,520,0,500,0,0,0,0,20,0,520,0,0,0,0,0,0,0,0,600,600,600,100,100,0.00000,0.00000,9.80665,0.000000,0.00000,-0.00000,0.00000,0.00000,9.80665,0.000000,0.000000,0.000000,0,1,1,1,1,1,0,0,0,0
2026-09-21T05:52:50.668203+00:00,567036791,SIMULATED,21,1050984,DISARMED,0,-0.000000,0.00000,7.4000,0.0000,25.00,25.00,0.00000,0.00000,0,520,0,500,0,0,0,0,20,0,520,0,0,0,0,0,0,0,0,600,600,600,100,100,0.00000,0.00000,9.80665,0.000000,0.00000,-0.00000,0.00000,0.00000,9.80665,0.000000,0.000000,0.000000,0,1,1,1,1,1,0,0,0,0
2026-09-21T05:52:50.668305+00:00,567138458,SIMULATED,22,1053388,DISARMED,0,-0.000000,0.00000,7.4000,0.0000,25.00,25.00,0.00000,0.00000,0,520,0,500,0,0,0,0,20,0,520,0,0,0,0,0,0,0,0,600,600,600,100,100,0.00000,0.00000,9.80665,0.000000,0.00000,-0.00000,0.00000,0.00000,9.80665,0.000000,0.000000,0.000000,0,1,1,1,1,1,0,0,0,0
2026-09-21T05:52:50.668407+00:00,567240291,SIMULATED,23,1055792,DISARMED,0,-0.000000,0.00000,7.4000,0.0000,25.00,25.00,0.00000,0.00000,0,520,0,500,0,0,0,0,20,0,520,0,0,0,0,0,0,0,0,600,600,600,100,100,0.00000,0.00000,9.80665,0.000000,0.00000,-0.00000,0.00000,0.00000,9.80665,0.000000,0.000000,0.000000,0,1,1,1,1,1,0,0,0,0
2026-09-21T05:52:50.668511+00:00,567344250,SIMULATED,24,1058196,DISARMED,0,-0.000000,0.00000,7.4000,0.0000,25.00,25.00,0.00000,0.00000,0,520,0,500,0,0,0,0,20,0,520,0,0,0,0,0,0,0,0,600,600,600,100,100,0.00000,0.00000,9.80665,0.000000,0.00000,-0.00000,0.00000,0.00000,9.80665,0.000000,0.000000,0.000000,0,1,1,1,1,1,0,0,0,0
2026-09-21T05:52:50.668617+00:00,567451125,SIMULATED,25,1060600,DISARMED,0,-0.000000,0.00000,7.4000,0.0000,25.00,25.00,0.00000,0.00000,0,520,0,500,0,0,0,0,20,0,520,0,0,0,0,0,0,0,0,600,600,600,100,100,0.00000,0.00000,9.80665,0.000000,0.00000,-0.00000,0.00000,0.00000,9.80665,0.000000,0.000000,0.000000,0,1,1,1,1,1,0,0,0,0
2026-09-21T05:52:50.668723+00:00,567556208,SIMULATED,26,1063004,DISARMED,0,-0.000000,0.00000,7.4000,0.0000,25.00,25.00,0.00000,0.00000,0,520,0,500,0,0,0,0,20,0,520,0,0,0,0,0,0,0,0,600,600,600,100,100,0.00000,0.00000,9.80665,0.000000,0.00000,-0.00000,0.00000,0.00000,9.80665,0.000000,0.000000,0.000000,0,1,1,1,1,1,0,0,0,0
2026-09-21T05:52:50.668835+00:00,567669083,SIMULATED,27,1065408,DISARMED,0,-0.000000,0.00000,7.4000,0.0000,25.00,25.00,0.00000,0.00000,0,520,0,500,0,0,0,0,20,0,520,0,0,0,0,0,0,0,0,600,600,600,100,100,0.00000,0.00000,9.80665,0.000000,0.00000,-0.00000,0.00000,0.00000,9.80665,0.000000,0.000000,0.000000,0,1,1,1,1,1,0,0,0,0
2026-09-21T05:52:50.668950+00:00,567783666,SIMULATED,28,1067812,DISARMED,0,-0.000000,0.00000,7.4000,0.0000,25.00,25.00,0.00000,0.00000,0,520,0,500,0,0,0,0,20,0,520,0,0,0,0,0,0,0,0,600,600,600,100,100,0.00000,0.00000,9.80665,0.000000,0.00000,-0.00000,0.00000,0.00000,9.80665,0.000000,0.000000,0.000000,0,1,1,1,1,1,0,0,0,0
2026-09-21T05:52:50.669057+00:00,567890541,SIMULATED,29,1070216,DISARMED,0,-0.000000,0.00000,7.4000,0.0000,25.00,25.00,0.00000,0.00000,0,520,0,500,0,0,0,0,20,0,520,0,0,0,0,0,0,0,0,600,600,600,100,100,0.00000,0.00000,9.80665,0.000000,0.00000,-0.00000,0.00000,0.00000,9.80665,0.000000,0.000000,0.000000,0,1,1,1,1,1,0,0,0,0
2026-09-21T05:52:50.669157+00:00,567990250,SIMULATED,30,1072620,DISARMED,0,-0.000000,0.00000,7.4000,0.0000,25.00,25.00,0.00000,0.00000,0,520,0,500,0,0,0,0,20,0,520,0,0,0,0,0,0,0,0,600,600,600,100,100,0.00000,0.00000,9.80665,0.000000,0.00000,-0.00000,0.00000,0.00000,9.80665,0.000000,0.000000,0.000000,0,1,1,1,1,1,0,0,0,0
2026-09-21T05:52:50.669262+00:00,568095333,SIMULATED,31,1075024,DISARMED,0,-0.000000,0.00000,7.4000,0.0000,25.00,25.00,0.00000,0.00000,0,520,0,500,0,0,0,0,20,0,520,0,0,0,0,0,0,0,0,600,600,600,100,100,0.00000,0.00000,9.80665,0.000000,0.00000,-0.00000,0.00000,0.00000,9.80665,0.000000,0.000000,0.000000,0,1,1,1,1,1,0,0,0,0
2026-09-21T05:52:50.669361+00:00,568194625,SIMULATED,32,1077428,DISARMED,0,-0.000000,0.00000,7.4000,0.0000,25.00,25.00,0.00000,0.00000,0,520,0,500,0,0,0,0,20,0,520,0,0,0,0,0,0,0,0,600,600,600,100,100,0.00000,0.00000,9.80665,0.000000,0.00000,-0.00000,0.00000,0.00000,9.80665,0.000000,0.000000,0.000000,0,1,1,1,1,1,0,0,0,0
2026-09-21T05:52:50.669466+00:00,568300125,SIMULATED,33,1079832,DISARMED,0,-0.000000,0.00000,7.4000,0.0000,25.00,25.00,0.00000,0.00000,0,520,0,500,0,0,0,0,20,0,520,0,0,0,0,0,0,0,0,600,600,600,100,100,0.00000,0.00000,9.80665,0.000000,0.00000,-0.00000,0.00000,0.00000,9.80665,0.000000,0.000000,0.000000,0,1,1,1,1,1,0,0,0,0
2026-09-21T05:52:50.669567+00:00,568401083,SIMULATED,34,1082236,DISARMED,0,-0.000000,0.00000,7.4000,0.0000,25.00,25.00,0.00000,0.00000,0,520,0,500,0,0,0,0,20,0,520,0,0,0,0,0,0,0,0,600,600,600,100,100,0.00000,0.00000,9.80665,0.000000,0.00000,-0.00000,0.00000,0.00000,9.80665,0.000000,0.000000,0.000000,0,1,1,1,1,1,0,0,0,0
2026-09-21T05:52:50.669667+00:00,568501083,SIMULATED,35,1084640,DISARMED,0,-0.000000,0.00000,7.4000,0.0000,25.00,25.00,0.00000,0.00000,0,520,0,500,0,0,0,0,20,0,520,0,0,0,0,0,0,0,0,600,600,600,100,100,0.00000,0.00000,9.80665,0.000000,0.00000,-0.00000,0.00000,0.00000,9.80665,0.000000,0.000000,0.000000,0,1,1,1,1,1,0,0,0,0
2026-09-21T05:52:50.669771+00:00,568604791,SIMULATED,36,1087044,DISARMED,0,-0.000000,0.00000,7.4000,0.0000,25.00,25.00,0.00000,0.00000,0,520,0,500,0,0,0,0,20,0,520,0,0,0,0,0,0,0,0,600,600,600,100,100,0.00000,0.00000,9.80665,0.000000,0.00000,-0.00000,0.00000,0.00000,9.80665,0.000000,0.000000,0.000000,0,1,1,1,1,1,0,0,0,0
2026-09-21T05:52:50.669874+00:00,568708750,SIMULATED,37,1089448,DISARMED,0,-0.000000,0.00000,7.4000,0.0000,25.00,25.00,0.00000,0.00000,0,520,0,500,0,0,0,0,20,0,520,0,0,0,0,0,0,0,0,600,600,600,100,100,0.00000,0.00000,9.80665,0.000000,0.00000,-0.00000,0.00000,0.00000,9.80665,0.000000,0.000000,0.000000,0,1,1,1,1,1,0,0,0,0
2026-09-21T05:52:50.669982+00:00,568815833,SIMULATED,38,1091852,DISARMED,0,-0.000000,0.00000,7.4000,0.0000,25.00,25.00,0.00000,0.00000,0,520,0,500,0,0,0,0,20,0,520,0,0,0,0,0,0,0,0,600,600,600,100,100,0.00000,0.00000,9.80665,0.000000,0.00000,-0.00000,0.00000,0.00000,9.80665,0.000000,0.000000,0.000000,0,1,1,1,1,1,0,0,0,0
2026-09-21T05:52:50.670092+00:00,568925750,SIMULATED,39,1094256,DISARMED,0,-0.000000,0.00000,7.4000,0.0000,25.00,25.00,0.00000,0.00000,0,520,0,500,0,0,0,0,20,0,520,0,0,0,0,0,0,0,0,600,600,600,100,100,0.00000,0.00000,9.80665,0.000000,0.00000,-0.00000,0.00000,0.00000,9.80665,0.000000,0.000000,0.000000,0,1,1,1,1,1,0,0,0,0
2026-09-21T05:52:50.670196+00:00,569029791,SIMULATED,40,1096660,DISARMED,0,-0.000000,0.00000,7.4000,0.0000,25.00,25.00,0.00000,0.00000,0,520,0,500,0,0,0,0,20,0,520,0,0,0,0,0,0,0,0,600,600,600,100,100,0.00000,0.00000,9.80665,0.000000,0.00000,-0.00000,0.00000,0.00000,9.80665,0.000000,0.000000,0.000000,0,1,1,1,1,1,0,0,0,0
2026-09-21T05:52:50.670298+00:00,569131875,SIMULATED,41,1099064,DISARMED,0,-0.000000,0.00000,7.4000,0.0000,25.00,25.00,0.00000,0.00000,0,520,0,500,0,0,0,0,20,0,520,0,0,0,0,0,0,0,0,600,600,600,100,100,0.00000,0.00000,9.80665,0.000000,0.00000,-0.00000,0.00000,0.00000,9.80665,0.000000,0.000000,0.000000,0,1,1,1,1,1,0,0,0,0
2026-09-21T05:52:50.670398+00:00,569231750,SIMULATED,42,1101468,DISARMED,0,-0.000000,0.00000,7.4000,0.0000,25.00,25.00,0.00000,0.00000,0,520,0,500,0,0,0,0,20,0,520,0,0,0,0,0,0,0,0,600,600,600,100,100,0.00000,0.00000,9.80665,0.000000,0.00000,-0.00000,0.00000,0.00000,9.80665,0.000000,0.000000,0.000000,0,1,1,1,1,1,0,0,0,0
2026-09-21T05:52:50.670498+00:00,569331250,SIMULATED,43,1103872,DISARMED,0,-0.000000,0.00000,7.4000,0.0000,25.00,25.00,0.00000,0.00000,0,520,0,500,0,0,0,0,20,0,520,0,0,0,0,0,0,0,0,600,600,600,100,100,0.00000,0.00000,9.80665,0.000000,0.00000,-0.00000,0.00000,0.00000,9.80665,0.000000,0.000000,0.000000,0,1,1,1,1,1,0,0,0,0
2026-09-21T05:52:50.670599+00:00,569432250,SIMULATED,44,1106276,DISARMED,0,-0.000000,0.00000,7.4000,0.0000,25.00,25.00,0.00000,0.00000,0,520,0,500,0,0,0,0,20,0,520,0,0,0,0,0,0,0,0,600,600,600,100,100,0.00000,0.00000,9.80665,0.000000,0.00000,-0.00000,0.00000,0.00000,9.80665,0.000000,0.000000,0.000000,0,1,1,1,1,1,0,0,0,0
2026-09-21T05:52:50.670702+00:00,569535458,SIMULATED,45,1108680,DISARMED,0,-0.000000,0.00000,7.4000,0.0000,25.00,25.00,0.00000,0.00000,0,520,0,500,0,0,0,0,20,0,520,0,0,0,0,0,0,0,0,600,600,600,100,100,0.00000,0.00000,9.80665,0.000000,0.00000,-0.00000,0.00000,0.00000,9.80665,0.000000,0.000000,0.000000,0,1,1,1,1,1,0,0,0,0
2026-09-21T05:52:50.670804+00:00,569637541,SIMULATED,46,1111084,DISARMED,0,-0.000000,0.00000,7.4000,0.0000,25.00,25.00,0.00000,0.00000,0,520,0,500,0,0,0,0,20,0,520,0,0,0,0,0,0,0,0,600,600,600,100,100,0.00000,0.00000,9.80665,0.000000,0.00000,-0.00000,0.00000,0.00000,9.80665,0.000000,0.000000,0.000000,0,1,1,1,1,1,0,0,0,0
2026-09-21T05:52:50.670902+00:00,569735833,SIMULATED,47,1113488,DISARMED,0,-0.000000,0.00000,7.4000,0.0000,25.00,25.00,0.00000,0.00000,0,520,0,500,0,0,0,0,20,0,520,0,0,0,0,0,0,0,0,600,600,600,100,100,0.00000,0.00000,9.80665,0.000000,0.00000,-0.00000,0.00000,0.00000,9.80665,0.000000,0.000000,0.000000,0,1,1,1,1,1,0,0,0,0
2026-09-21T05:52:50.671000+00:00,569834041,SIMULATED,48,1115892,DISARMED,0,-0.000000,0.00000,7.4000,0.0000,25.00,25.00,0.00000,0.00000,0,520,0,500,0,0,0,0,20,0,520,0,0,0,0,0,0,0,0,600,600,600,100,100,0.00000,0.00000,9.80665,0.000000,0.00000,-0.00000,0.00000,0.00000,9.80665,0.000000,0.000000,0.000000,0,1,1,1,1,1,0,0,0,0
2026-09-21T05:52:50.671104+00:00,569937750,SIMULATED,49,1118296,DISARMED,0,-0.000000,0.00000,7.4000,0.0000,25.00,25.00,0.00000,0.00000,0,520,0,500,0,0,0,0,20,0,520,0,0,0,0,0,0,0,0,600,600,600,100,100,0.00000,0.00000,9.80665,0.000000,0.00000,-0.00000,0.00000,0.00000,9.80665,0.000000,0.000000,0.000000,0,1,1,1,1,1,0,0,0,0
2026-09-21T05:52:50.671211+00:00,570044333,SIMULATED,50,1120700,DISARMED,0,-0.000000,0.00000,7.4000,0.0000,25.00,25.00,0.00000,0.00000,0,520,0,500,0,0,0,0,20,0,520,0,0,0,0,0,0,0,0,600,600,600,100,100,0.00000,0.00000,9.80665,0.000000,0.00000,-0.00000,0.00000,0.00000,9.80665,0.000000,0.000000,0.000000,0,1,1,1,1,1,0,0,0,0
2026-09-21T05:52:50.671315+00:00,570149000,SIMULATED,51,1123104,DISARMED,0,-0.000000,0.00000,7.4000,0.0000,25.00,25.00,0.00000,0.00000,0,520,0,500,0,0,0,0,20,0,520,0,0,0,0,0,0,0,0,600,600,600,100,100,0.00000,0.00000,9.80665,0.000000,0.00000,-0.00000,0.00000,0.00000,9.80665,0.000000,0.000000,0.000000,0,1,1,1,1,1,0,0,0,0
2026-09-21T05:52:50.671414+00:00,570247458,SIMULATED,52,1125508,DISARMED,0,-0.000000,0.00000,7.4000,0.0000,25.00,25.00,0.00000,0.00000,0,520,0,500,0,0,0,0,20,0,520,0,0,0,0,0,0,0,0,600,600,600,100,100,0.00000,0.00000,9.80665,0.000000,0.00000,-0.00000,0.00000,0.00000,9.80665,0.000000,0.000000,0.000000,0,1,1,1,1,1,0,0,0,0
2026-09-21T05:52:50.671514+00:00,570347291,SIMULATED,53,1127912,DISARMED,0,-0.000000,0.00000,7.4000,0.0000,25.00,25.00,0.00000,0.00000,0,520,0,500,0,0,0,0,20,0,520,0,0,0,0,0,0,0,0,600,600,600,100,100,0.00000,0.00000,9.80665,0.000000,0.00000,-0.00000,0.00000,0.00000,9.80665,0.000000,0.000000,0.000000,0,1,1,1,1,1,0,0,0,0
2026-09-21T05:52:50.671600+00:00,570433791,SIMULATED,54,1130316,DISARMED,0,-0.000000,0.00000,7.4000,0.0000,25.00,25.00,0.00000,0.00000,0,520,0,500,0,0,0,0,20,0,520,0,0,0,0,0,0,0,0,600,600,600,100,100,0.00000,0.00000,9.80665,0.000000,0.00000,-0.00000,0.00000,0.00000,9.80665,0.000000,0.000000,0.000000,0,1,1,1,1,1,0,0,0,0
2026-09-21T05:52:50.671687+00:00,570520291,SIMULATED,55,1132720,DISARMED,0,-0.000000,0.00000,7.4000,0.0000,25.00,25.00,0.00000,0.00000,0,520,0,500,0,0,0,0,20,0,520,0,0,0,0,0,0,0,0,600,600,600,100,100,0.00000,0.00000,9.80665,0.000000,0.00000,-0.00000,0.00000,0.00000,9.80665,0.000000,0.000000,0.000000,0,1,1,1,1,1,0,0,0,0
2026-09-21T05:52:50.671776+00:00,570609208,SIMULATED,56,1135124,DISARMED,0,-0.000000,0.00000,7.4000,0.0000,25.00,25.00,0.00000,0.00000,0,520,0,500,0,0,0,0,20,0,520,0,0,0,0,0,0,0,0,600,600,600,100,100,0.00000,0.00000,9.80665,0.000000,0.00000,-0.00000,0.00000,0.00000,9.80665,0.000000,0.000000,0.000000,0,1,1,1,1,1,0,0,0,0
2026-09-21T05:52:50.671867+00:00,570699958,SIMULATED,57,1137528,DISARMED,0,-0.000000,0.00000,7.4000,0.0000,25.00,25.00,0.00000,0.00000,0,520,0,500,0,0,0,0,20,0,520,0,0,0,0,0,0,0,0,600,600,600,100,100,0.00000,0.00000,9.80665,0.000000,0.00000,-0.00000,0.00000,0.00000,9.80665,0.000000,0.000000,0.000000,0,1,1,1,1,1,0,0,0,0
2026-09-21T05:52:50.671960+00:00,570793541,SIMULATED,58,1139932,DISARMED,0,-0.000000,0.00000,7.4000,0.0000,25.00,25.00,0.00000,0.00000,0,520,0,500,0,0,0,0,20,0,520,0,0,0,0,0,0,0,0,600,600,600,100,100,0.00000,0.00000,9.80665,0.000000,0.00000,-0.00000,0.00000,0.00000,9.80665,0.000000,0.000000,0.000000,0,1,1,1,1,1,0,0,0,0
2026-09-21T05:52:50.672053+00:00,570886333,SIMULATED,59,1142336,DISARMED,0,-0.000000,0.00000,7.4000,0.0000,25.00,25.00,0.00000,0.00000,0,520,0,500,0,0,0,0,20,0,520,0,0,0,0,0,0,0,0,600,600,600,100,100,0.00000,0.00000,9.80665,0.000000,0.00000,-0.00000,0.00000,0.00000,9.80665,0.000000,0.000000,0.000000,0,1,1,1,1,1,0,0,0,0
2026-09-21T05:52:50.672139+00:00,570972416,SIMULATED,60,1144740,DISARMED,0,-0.000000,0.00000,7.4000,0.0000,25.00,25.00,0.00000,0.00000,0,520,0,500,0,0,0,0,20,0,520,0,0,0,0,0,0,0,0,600,600,600,100,100,0.00000,0.00000,9.80665,0.000000,0.00000,-0.00000,0.00000,0.00000,9.80665,0.000000,0.000000,0.000000,0,1,1,1,1,1,0,0,0,0
2026-09-21T05:52:50.672226+00:00,571058958,SIMULATED,61,1147144,DISARMED,0,-0.000000,0.00000,7.4000,0.0000,25.00,25.00,0.00000,0.00000,0,520,0,500,0,0,0,0,20,0,520,0,0,0,0,0,0,0,0,600,600,600,100,100,0.00000,0.00000,9.80665,0.000000,0.00000,-0.00000,0.00000,0.00000,9.80665,0.000000,0.000000,0.000000,0,1,1,1,1,1,0,0,0,0
2026-09-21T05:52:50.672314+00:00,571147375,SIMULATED,62,1149548,DISARMED,0,-0.000000,0.00000,7.4000,0.0000,25.00,25.00,0.00000,0.00000,0,520,0,500,0,0,0,0,20,0,520,0,0,0,0,0,0,0,0,600,600,600,100,100,0.00000,0.00000,9.80665,0.000000,0.00000,-0.00000,0.00000,0.00000,9.80665,0.000000,0.000000,0.000000,0,1,1,1,1,1,0,0,0,0
2026-09-21T05:52:50.672410+00:00,571243916,SIMULATED,63,1151952,DISARMED,0,-0.000000,0.00000,7.4000,0.0000,25.00,25.00,0.00000,0.00000,0,520,0,500,0,0,0,0,20,0,520,0,0,0,0,0,0,0,0,600,600,600,100,100,0.00000,0.00000,9.80665,0.000000,0.00000,-0.00000,0.00000,0.00000,9.80665,0.000000,0.000000,0.000000,0,1,1,1,1,1,0,0,0,0
2026-09-21T05:52:50.672500+00:00,571333250,SIMULATED,64,1154356,DISARMED,0,-0.000000,0.00000,7.4000,0.0000,25.00,25.00,0.00000,0.00000,0,520,0,500,0,0,0,0,20,0,520,0,0,0,0,0,0,0,0,600,600,600,100,100,0.00000,0.00000,9.80665,0.000000,0.00000,-0.00000,0.00000,0.00000,9.80665,0.000000,0.000000,0.000000,0,1,1,1,1,1,0,0,0,0
2026-09-21T05:52:50.672589+00:00,571421958,SIMULATED,65,1156760,DISARMED,0,-0.000000,0.00000,7.4000,0.0000,25.00,25.00,0.00000,0.00000,0,520,0,500,0,0,0,0,20,0,520,0,0,0,0,0,0,0,0,600,600,600,100,100,0.00000,0.00000,9.80665,0.000000,0.00000,-0.00000,0.00000,0.00000,9.80665,0.000000,0.000000,0.000000,0,1,1,1,1,1,0,0,0,0
2026-09-21T05:52:50.672680+00:00,571513208,SIMULATED,66,1159164,DISARMED,0,-0.000000,0.00000,7.4000,0.0000,25.00,25.00,0.00000,0.00000,0,520,0,500,0,0,0,0,20,0,520,0,0,0,0,0,0,0,0,600,600,600,100,100,0.00000,0.00000,9.80665,0.000000,0.00000,-0.00000,0.00000,0.00000,9.80665,0.000000,0.000000,0.000000,0,1,1,1,1,1,0,0,0,0
2026-09-21T05:52:50.672768+00:00,571601708,SIMULATED,67,1161568,DISARMED,0,-0.000000,0.00000,7.4000,0.0000,25.00,25.00,0.00000,0.00000,0,520,0,500,0,0,0,0,20,0,520,0,0,0,0,0,0,0,0,600,600,600,100,100,0.00000,0.00000,9.80665,0.000000,0.00000,-0.00000,0.00000,0.00000,9.80665,0.000000,0.000000,0.000000,0,1,1,1,1,1,0,0,0,0
2026-09-21T05:52:50.672854+00:00,571687541,SIMULATED,68,1163972,DISARMED,0,-0.000000,0.00000,7.4000,0.0000,25.00,25.00,0.00000,0.00000,0,520,0,500,0,0,0,0,20,0,520,0,0,0,0,0,0,0,0,600,600,600,100,100,0.00000,0.00000,9.80665,0.000000,0.00000,-0.00000,0.00000,0.00000,9.80665,0.000000,0.000000,0.000000,0,1,1,1,1,1,0,0,0,0
2026-09-21T05:52:50.672948+00:00,571781750,SIMULATED,69,1166376,DISARMED,0,-0.000000,0.00000,7.4000,0.0000,25.00,25.00,0.00000,0.00000,0,520,0,500,0,0,0,0,20,0,520,0,0,0,0,0,0,0,0,600,600,600,100,100,0.00000,0.00000,9.80665,0.000000,0.00000,-0.00000,0.00000,0.00000,9.80665,0.000000,0.000000,0.000000,0,1,1,1,1,1,0,0,0,0
2026-09-21T05:52:50.673038+00:00,571871291,SIMULATED,70,1168780,DISARMED,0,-0.000000,0.00000,7.4000,0.0000,25.00,25.00,0.00000,0.00000,0,520,0,500,0,0,0,0,20,0,520,0,0,0,0,0,0,0,0,600,600,600,100,100,0.00000,0.00000,9.80665,0.000000,0.00000,-0.00000,0.00000,0.00000,9.80665,0.000000,0.000000,0.000000,0,1,1,1,1,1,0,0,0,0
2026-09-21T05:52:50.673125+00:00,571958666,SIMULATED,71,1171184,DISARMED,0,-0.000000,0.00000,7.4000,0.0000,25.00,25.00,0.00000,0.00000,0,520,0,500,0,0,0,0,20,0,520,0,0,0,0,0,0,0,0,600,600,600,100,100,0.00000,0.00000,9.80665,0.000000,0.00000,-0.00000,0.00000,0.00000,9.80665,0.000000,0.000000,0.000000,0,1,1,1,1,1,0,0,0,0
2026-09-21T05:52:50.673212+00:00,572045666,SIMULATED,72,1173588,DISARMED,0,-0.000000,0.00000,7.4000,0.0000,25.00,25.00,0.00000,0.00000,0,520,0,500,0,0,0,0,20,0,520,0,0,0,0,0,0,0,0,600,600,600,100,100,0.00000,0.00000,9.80665,0.000000,0.00000,-0.00000,0.00000,0.00000,9.80665,0.000000,0.000000,0.000000,0,1,1,1,1,1,0,0,0,0
2026-09-21T05:52:50.673298+00:00,572131541,SIMULATED,73,1175992,DISARMED,0,-0.000000,0.00000,7.4000,0.0000,25.00,25.00,0.00000,0.00000,0,520,0,500,0,0,0,0,20,0,520,0,0,0,0,0,0,0,0,600,600,600,100,100,0.00000,0.00000,9.80665,0.000000,0.00000,-0.00000,0.00000,0.00000,9.80665,0.000000,0.000000,0.000000,0,1,1,1,1,1,0,0,0,0
2026-09-21T05:52:50.673387+00:00,572220625,SIMULATED,74,1178396,DISARMED,0,-0.000000,0.00000,7.4000,0.0000,25.00,25.00,0.00000,0.00000,0,520,0,500,0,0,0,0,20,0,520,0,0,0,0,0,0,0,0,600,600,600,100,100,0.00000,0.00000,9.80665,0.000000,0.00000,-0.00000,0.00000,0.00000,9.80665,0.000000,0.000000,0.000000,0,1,1,1,1,1,0,0,0,0
2026-09-21T05:52:50.673482+00:00,572315000,SIMULATED,75,1180800,DISARMED,0,-0.000000,0.00000,7.4000,0.0000,25.00,25.00,0.00000,0.00000,0,520,0,500,0,0,0,0,20,0,520,0,0,0,0,0,0,0,0,600,600,600,100,100,0.00000,0.00000,9.80665,0.000000,0.00000,-0.00000,0.00000,0.00000,9.80665,0.000000,0.000000,0.000000,0,1,1,1,1,1,0,0,0,0
2026-09-21T05:52:50.673573+00:00,572406083,SIMULATED,76,1183204,DISARMED,0,-0.000000,0.00000,7.4000,0.0000,25.00,25.00,0.00000,0.00000,0,520,0,500,0,0,0,0,20,0,520,0,0,0,0,0,0,0,0,600,600,600,100,100,0.00000,0.00000,9.80665,0.000000,0.00000,-0.00000,0.00000,0.00000,9.80665,0.000000,0.000000,0.000000,0,1,1,1,1,1,0,0,0,0
2026-09-21T05:52:50.673659+00:00,572492041,SIMULATED,77,1185608,DISARMED,0,-0.000000,0.00000,7.4000,0.0000,25.00,25.00,0.00000,0.00000,0,520,0,500,0,0,0,0,20,0,520,0,0,0,0,0,0,0,0,600,600,600,100,100,0.00000,0.00000,9.80665,0.000000,0.00000,-0.00000,0.00000,0.00000,9.80665,0.000000,0.000000,0.000000,0,1,1,1,1,1,0,0,0,0
2026-09-21T05:52:50.673749+00:00,572582208,SIMULATED,78,1188012,DISARMED,0,-0.000000,0.00000,7.4000,0.0000,25.00,25.00,0.00000,0.00000,0,520,0,500,0,0,0,0,20,0,520,0,0,0,0,0,0,0,0,600,600,600,100,100,0.00000,0.00000,9.80665,0.000000,0.00000,-0.00000,0.00000,0.00000,9.80665,0.000000,0.000000,0.000000,0,1,1,1,1,1,0,0,0,0
2026-09-21T05:52:50.673845+00:00,572678750,SIMULATED,79,1190416,DISARMED,0,-0.000000,0.00000,7.4000,0.0000,25.00,25.00,0.00000,0.00000,0,520,0,500,0,0,0,0,20,0,520,0,0,0,0,0,0,0,0,600,600,600,100,100,0.00000,0.00000,9.80665,0.000000,0.00000,-0.00000,0.00000,0.00000,9.80665,0.000000,0.000000,0.000000,0,1,1,1,1,1,0,0,0,0
2026-09-21T05:52:50.673932+00:00,572765416,SIMULATED,80,1192820,DISARMED,0,-0.000000,0.00000,7.4000,0.0000,25.00,25.00,0.00000,0.00000,0,520,0,500,0,0,0,0,20,0,520,0,0,0,0,0,0,0,0,600,600,600,100,100,0.00000,0.00000,9.80665,0.000000,0.00000,-0.00000,0.00000,0.00000,9.80665,0.000000,0.000000,0.000000,0,1,1,1,1,1,0,0,0,0
2026-09-21T05:52:50.674022+00:00,572855416,SIMULATED,81,1195224,DISARMED,0,-0.000000,0.00000,7.4000,0.0000,25.00,25.00,0.00000,0.00000,0,520,0,500,0,0,0,0,20,0,520,0,0,0,0,0,0,0,0,600,600,600,100,100,0.00000,0.00000,9.80665,0.000000,0.00000,-0.00000,0.00000,0.00000,9.80665,0.000000,0.000000,0.000000,0,1,1,1,1,1,0,0,0,0
2026-09-21T05:52:50.674114+00:00,572947583,SIMULATED,82,1197628,DISARMED,0,-0.000000,0.00000,7.4000,0.0000,25.00,25.00,0.00000,0.00000,0,520,0,500,0,0,0,0,20,0,520,0,0,0,0,0,0,0,0,600,600,600,100,100,0.00000,0.00000,9.80665,0.000000,0.00000,-0.00000,0.00000,0.00000,9.80665,0.000000,0.000000,0.000000,0,1,1,1,1,1,0,0,0,0
2026-09-21T05:52:50.674201+00:00,573034708,SIMULATED,83,1200032,DISARMED,0,-0.000000,0.00000,7.4000,0.0000,25.00,25.00,0.00000,0.00000,0,520,0,500,0,0,0,0,20,0,520,0,0,0,0,0,0,0,0,600,600,600,100,100,0.00000,0.00000,9.80665,0.000000,0.00000,-0.00000,0.00000,0.00000,9.80665,0.000000,0.000000,0.000000,0,1,1,1,1,1,0,0,0,0
2026-09-21T05:52:50.674288+00:00,573120958,SIMULATED,84,1202436,DISARMED,0,-0.000000,0.00000,7.4000,0.0000,25.00,25.00,0.00000,0.00000,0,520,0,500,0,0,0,0,20,0,520,0,0,0,0,0,0,0,0,600,600,600,100,100,0.00000,0.00000,9.80665,0.000000,0.00000,-0.00000,0.00000,0.00000,9.80665,0.000000,0.000000,0.000000,0,1,1,1,1,1,0,0,0,0
2026-09-21T05:52:50.674374+00:00,573207083,SIMULATED,85,1204840,DISARMED,0,-0.000000,0.00000,7.4000,0.0000,25.00,25.00,0.00000,0.00000,0,520,0,500,0,0,0,0,20,0,520,0,0,0,0,0,0,0,0,600,600,600,100,100,0.00000,0.00000,9.80665,0.000000,0.00000,-0.00000,0.00000,0.00000,9.80665,0.000000,0.000000,0.000000,0,1,1,1,1,1,0,0,0,0
2026-09-21T05:52:50.674463+00:00,573296791,SIMULATED,86,1207244,DISARMED,0,-0.000000,0.00000,7.4000,0.0000,25.00,25.00,0.00000,0.00000,0,520,0,500,0,0,0,0,20,0,520,0,0,0,0,0,0,0,0,600,600,600,100,100,0.00000,0.00000,9.80665,0.000000,0.00000,-0.00000,0.00000,0.00000,9.80665,0.000000,0.000000,0.000000,0,1,1,1,1,1,0,0,0,0
2026-09-21T05:52:50.674556+00:00,573389833,SIMULATED,87,1209648,DISARMED,0,-0.000000,0.00000,7.4000,0.0000,25.00,25.00,0.00000,0.00000,0,520,0,500,0,0,0,0,20,0,520,0,0,0,0,0,0,0,0,600,600,600,100,100,0.00000,0.00000,9.80665,0.000000,0.00000,-0.00000,0.00000,0.00000,9.80665,0.000000,0.000000,0.000000,0,1,1,1,1,1,0,0,0,0
2026-09-21T05:52:50.674651+00:00,573484958,SIMULATED,88,1212052,DISARMED,0,-0.000000,0.00000,7.4000,0.0000,25.00,25.00,0.00000,0.00000,0,520,0,500,0,0,0,0,20,0,520,0,0,0,0,0,0,0,0,600,600,600,100,100,0.00000,0.00000,9.80665,0.000000,0.00000,-0.00000,0.00000,0.00000,9.80665,0.000000,0.000000,0.000000,0,1,1,1,1,1,0,0,0,0
2026-09-21T05:52:50.674743+00:00,573576458,SIMULATED,89,1214456,DISARMED,0,-0.000000,0.00000,7.4000,0.0000,25.00,25.00,0.00000,0.00000,0,520,0,500,0,0,0,0,20,0,520,0,0,0,0,0,0,0,0,600,600,600,100,100,0.00000,0.00000,9.80665,0.000000,0.00000,-0.00000,0.00000,0.00000,9.80665,0.000000,0.000000,0.000000,0,1,1,1,1,1,0,0,0,0
2026-09-21T05:52:50.674834+00:00,573666916,SIMULATED,90,1216860,DISARMED,0,-0.000000,0.00000,7.4000,0.0000,25.00,25.00,0.00000,0.00000,0,520,0,500,0,0,0,0,20,0,520,0,0,0,0,0,0,0,0,600,600,600,100,100,0.00000,0.00000,9.80665,0.000000,0.00000,-0.00000,0.00000,0.00000,9.80665,0.000000,0.000000,0.000000,0,1,1,1,1,1,0,0,0,0
2026-09-21T05:52:50.674922+00:00,573755041,SIMULATED,91,1219264,DISARMED,0,-0.000000,0.00000,7.4000,0.0000,25.00,25.00,0.00000,0.00000,0,520,0,500,0,0,0,0,20,0,520,0,0,0,0,0,0,0,0,600,600,600,100,100,0.00000,0.00000,9.80665,0.000000,0.00000,-0.00000,0.00000,0.00000,9.80665,0.000000,0.000000,0.000000,0,1,1,1,1,1,0,0,0,0
2026-09-21T05:52:50.675007+00:00,573840041,SIMULATED,92,1221668,DISARMED,0,-0.000000,0.00000,7.4000,0.0000,25.00,25.00,0.00000,0.00000,0,520,0,500,0,0,0,0,20,0,520,0,0,0,0,0,0,0,0,600,600,600,100,100,0.00000,0.00000,9.80665,0.000000,0.00000,-0.00000,0.00000,0.00000,9.80665,0.000000,0.000000,0.000000,0,1,1,1,1,1,0,0,0,0
2026-09-21T05:52:50.675097+00:00,573930083,SIMULATED,93,1224072,DISARMED,0,-0.000000,0.00000,7.4000,0.0000,25.00,25.00,0.00000,0.00000,0,520,0,500,0,0,0,0,20,0,520,0,0,0,0,0,0,0,0,600,600,600,100,100,0.00000,0.00000,9.80665,0.000000,0.00000,-0.00000,0.00000,0.00000,9.80665,0.000000,0.000000,0.000000,0,1,1,1,1,1,0,0,0,0
2026-09-21T05:52:50.675189+00:00,574022833,SIMULATED,94,1226476,DISARMED,0,-0.000000,0.00000,7.4000,0.0000,25.00,25.00,0.00000,0.00000,0,520,0,500,0,0,0,0,20,0,520,0,0,0,0,0,0,0,0,600,600,600,100,100,0.00000,0.00000,9.80665,0.000000,0.00000,-0.00000,0.00000,0.00000,9.80665,0.000000,0.000000,0.000000,0,1,1,1,1,1,0,0,0,0
2026-09-21T05:52:50.675277+00:00,574110208,SIMULATED,95,1228880,DISARMED,0,-0.000000,0.00000,7.4000,0.0000,25.00,25.00,0.00000,0.00000,0,520,0,500,0,0,0,0,20,0,520,0,0,0,0,0,0,0,0,600,600,600,100,100,0.00000,0.00000,9.80665,0.000000,0.00000,-0.00000,0.00000,0.00000,9.80665,0.000000,0.000000,0.000000,0,1,1,1,1,1,0,0,0,0
2026-09-21T05:52:50.675363+00:00,574196291,SIMULATED,96,1231284,DISARMED,0,-0.000000,0.00000,7.4000,0.0000,25.00,25.00,0.00000,0.00000,0,520,0,500,0,0,0,0,20,0,520,0,0,0,0,0,0,0,0,600,600,600,100,100,0.00000,0.00000,9.80665,0.000000,0.00000,-0.00000,0.00000,0.00000,9.80665,0.000000,0.000000,0.000000,0,1,1,1,1,1,0,0,0,0
2026-09-21T05:52:50.675453+00:00,574286083,SIMULATED,97,1233688,DISARMED,0,-0.000000,0.00000,7.4000,0.0000,25.00,25.00,0.00000,0.00000,0,520,0,500,0,0,0,0,20,0,520,0,0,0,0,0,0,0,0,600,600,600,100,100,0.00000,0.00000,9.80665,0.000000,0.00000,-0.00000,0.00000,0.00000,9.80665,0.000000,0.000000,0.000000,0,1,1,1,1,1,0,0,0,0
2026-09-21T05:52:50.675540+00:00,574373166,SIMULATED,98,1236092,DISARMED,0,-0.000000,0.00000,7.4000,0.0000,25.00,25.00,0.00000,0.00000,0,520,0,500,0,0,0,0,20,0,520,0,0,0,0,0,0,0,0,600,600,600,100,100,0.00000,0.00000,9.80665,0.000000,0.00000,-0.00000,0.00000,0.00000,9.80665,0.000000,0.000000,0.000000,0,1,1,1,1,1,0,0,0,0
2026-09-21T05:52:50.675632+00:00,574465000,SIMULATED,99,1238496,DISARMED,0,-0.000000,0.00000,7.4000,0.0000,25.00,25.00,0.00000,0.00000,0,520,0,500,0,0,0,0,20,0,520,0,0,0,0,0,0,0,0,600,600,600,100,100,0.00000,0.00000,9.80665,0.000000,0.00000,-0.00000,0.00000,0.00000,9.80665,0.000000,0.000000,0.000000,0,1,1,1,1,1,0,0,0,0
2026-09-21T05:52:50.675726+00:00,574559000,SIMULATED,100,1240900,DISARMED,0,-0.000000,0.00000,7.4000,0.0000,25.00,25.00,0.00000,0.00000,0,520,0,500,0,0,0,0,20,0,520,0,0,0,0,0,0,0,0,600,600,600,100,100,0.00000,0.00000,9.80665,0.000000,0.00000,-0.00000,0.00000,0.00000,9.80665,0.000000,0.000000,0.000000,0,1,1,1,1,1,0,0,0,0
2026-09-21T05:52:50.675820+00:00,574653500,SIMULATED,101,1243304,DISARMED,0,-0.000000,0.00000,7.4000,0.0000,25.00,25.00,0.00000,0.00000,0,520,0,500,0,0,0,0,20,0,520,0,0,0,0,0,0,0,0,600,600,600,100,100,0.00000,0.00000,9.80665,0.000000,0.00000,-0.00000,0.00000,0.00000,9.80665,0.000000,0.000000,0.000000,0,1,1,1,1,1,0,0,0,0
2026-09-21T05:52:50.675908+00:00,574741541,SIMULATED,102,1245708,DISARMED,0,-0.000000,0.00000,7.4000,0.0000,25.00,25.00,0.00000,0.00000,0,520,0,500,0,0,0,0,20,0,520,0,0,0,0,0,0,0,0,600,600,600,100,100,0.00000,0.00000,9.80665,0.000000,0.00000,-0.00000,0.00000,0.00000,9.80665,0.000000,0.000000,0.000000,0,1,1,1,1,1,0,0,0,0
2026-09-21T05:52:50.676000+00:00,574833166,SIMULATED,103,1248112,DISARMED,0,-0.000000,0.00000,7.4000,0.0000,25.00,25.00,0.00000,0.00000,0,520,0,500,0,0,0,0,20,0,520,0,0,0,0,0,0,0,0,600,600,600,100,100,0.00000,0.00000,9.80665,0.000000,0.00000,-0.00000,0.00000,0.00000,9.80665,0.000000,0.000000,0.000000,0,1,1,1,1,1,0,0,0,0
2026-09-21T05:52:50.676088+00:00,574921958,SIMULATED,104,1250516,DISARMED,0,-0.000000,0.00000,7.4000,0.0000,25.00,25.00,0.00000,0.00000,0,520,0,500,0,0,0,0,20,0,520,0,0,0,0,0,0,0,0,600,600,600,100,100,0.00000,0.00000,9.80665,0.000000,0.00000,-0.00000,0.00000,0.00000,9.80665,0.000000,0.000000,0.000000,0,1,1,1,1,1,0,0,0,0
2026-09-21T05:52:50.676183+00:00,575016416,SIMULATED,105,1252920,DISARMED,0,-0.000000,0.00000,7.4000,0.0000,25.00,25.00,0.00000,0.00000,0,520,0,500,0,0,0,0,20,0,520,0,0,0,0,0,0,0,0,600,600,600,100,100,0.00000,0.00000,9.80665,0.000000,0.00000,-0.00000,0.00000,0.00000,9.80665,0.000000,0.000000,0.000000,0,1,1,1,1,1,0,0,0,0
2026-09-21T05:52:50.676271+00:00,575104333,SIMULATED,106,1255324,DISARMED,0,-0.000000,0.00000,7.4000,0.0000,25.00,25.00,0.00000,0.00000,0,520,0,500,0,0,0,0,20,0,520,0,0,0,0,0,0,0,0,600,600,600,100,100,0.00000,0.00000,9.80665,0.000000,0.00000,-0.00000,0.00000,0.00000,9.80665,0.000000,0.000000,0.000000,0,1,1,1,1,1,0,0,0,0
2026-09-21T05:52:50.676358+00:00,575191750,SIMULATED,107,1257728,DISARMED,0,-0.000000,0.00000,7.4000,0.0000,25.00,25.00,0.00000,0.00000,0,520,0,500,0,0,0,0,20,0,520,0,0,0,0,0,0,0,0,600,600,600,100,100,0.00000,0.00000,9.80665,0.000000,0.00000,-0.00000,0.00000,0.00000,9.80665,0.000000,0.000000,0.000000,0,1,1,1,1,1,0,0,0,0
2026-09-21T05:52:50.676450+00:00,575282875,SIMULATED,108,1260132,DISARMED,0,-0.000000,0.00000,7.4000,0.0000,25.00,25.00,0.00000,0.00000,0,520,0,500,0,0,0,0,20,0,520,0,0,0,0,0,0,0,0,600,600,600,100,100,0.00000,0.00000,9.80665,0.000000,0.00000,-0.00000,0.00000,0.00000,9.80665,0.000000,0.000000,0.000000,0,1,1,1,1,1,0,0,0,0
2026-09-21T05:52:50.676537+00:00,575370208,SIMULATED,109,1262536,DISARMED,0,-0.000000,0.00000,7.4000,0.0000,25.00,25.00,0.00000,0.00000,0,520,0,500,0,0,0,0,20,0,520,0,0,0,0,0,0,0,0,600,600,600,100,100,0.00000,0.00000,9.80665,0.000000,0.00000,-0.00000,0.00000,0.00000,9.80665,0.000000,0.000000,0.000000,0,1,1,1,1,1,0,0,0,0
2026-09-21T05:52:50.676632+00:00,575465333,SIMULATED,110,1264940,DISARMED,0,-0.000000,0.00000,7.4000,0.0000,25.00,25.00,0.00000,0.00000,0,520,0,500,0,0,0,0,20,0,520,0,0,0,0,0,0,0,0,600,600,600,100,100,0.00000,0.00000,9.80665,0.000000,0.00000,-0.00000,0.00000,0.00000,9.80665,0.000000,0.000000,0.000000,0,1,1,1,1,1,0,0,0,0
2026-09-21T05:52:50.676726+00:00,575558916,SIMULATED,111,1267344,DISARMED,0,-0.000000,0.00000,7.4000,0.0000,25.00,25.00,0.00000,0.00000,0,520,0,500,0,0,0,0,20,0,520,0,0,0,0,0,0,0,0,600,600,600,100,100,0.00000,0.00000,9.80665,0.000000,0.00000,-0.00000,0.00000,0.00000,9.80665,0.000000,0.000000,0.000000,0,1,1,1,1,1,0,0,0,0
2026-09-21T05:52:50.676812+00:00,575644875,SIMULATED,112,1269748,DISARMED,0,-0.000000,0.00000,7.4000,0.0000,25.00,25.00,0.00000,0.00000,0,520,0,500,0,0,0,0,20,0,520,0,0,0,0,0,0,0,0,600,600,600,100,100,0.00000,0.00000,9.80665,0.000000,0.00000,-0.00000,0.00000,0.00000,9.80665,0.000000,0.000000,0.000000,0,1,1,1,1,1,0,0,0,0
2026-09-21T05:52:50.676898+00:00,575731708,SIMULATED,113,1272152,DISARMED,0,-0.000000,0.00000,7.4000,0.0000,25.00,25.00,0.00000,0.00000,0,520,0,500,0,0,0,0,20,0,520,0,0,0,0,0,0,0,0,600,600,600,100,100,0.00000,0.00000,9.80665,0.000000,0.00000,-0.00000,0.00000,0.00000,9.80665,0.000000,0.000000,0.000000,0,1,1,1,1,1,0,0,0,0
2026-09-21T05:52:50.676989+00:00,575822791,SIMULATED,114,1274556,DISARMED,0,-0.000000,0.00000,7.4000,0.0000,25.00,25.00,0.00000,0.00000,0,520,0,500,0,0,0,0,20,0,520,0,0,0,0,0,0,0,0,600,600,600,100,100,0.00000,0.00000,9.80665,0.000000,0.00000,-0.00000,0.00000,0.00000,9.80665,0.000000,0.000000,0.000000,0,1,1,1,1,1,0,0,0,0
2026-09-21T05:52:50.677080+00:00,575913375,SIMULATED,115,1276960,DISARMED,0,-0.000000,0.00000,7.4000,0.0000,25.00,25.00,0.00000,0.00000,0,520,0,500,0,0,0,0,20,0,520,0,0,0,0,0,0,0,0,600,600,600,100,100,0.00000,0.00000,9.80665,0.000000,0.00000,-0.00000,0.00000,0.00000,9.80665,0.000000,0.000000,0.000000,0,1,1,1,1,1,0,0,0,0
2026-09-21T05:52:50.677166+00:00,575999666,SIMULATED,116,1279364,DISARMED,0,-0.000000,0.00000,7.4000,0.0000,25.00,25.00,0.00000,0.00000,0,520,0,500,0,0,0,0,20,0,520,0,0,0,0,0,0,0,0,600,600,600,100,100,0.00000,0.00000,9.80665,0.000000,0.00000,-0.00000,0.00000,0.00000,9.80665,0.000000,0.000000,0.000000,0,1,1,1,1,1,0,0,0,0
2026-09-21T05:52:50.677257+00:00,576090208,SIMULATED,117,1281768,DISARMED,0,-0.000000,0.00000,7.4000,0.0000,25.00,25.00,0.00000,0.00000,0,520,0,500,0,0,0,0,20,0,520,0,0,0,0,0,0,0,0,600,600,600,100,100,0.00000,0.00000,9.80665,0.000000,0.00000,-0.00000,0.00000,0.00000,9.80665,0.000000,0.000000,0.000000,0,1,1,1,1,1,0,0,0,0
2026-09-21T05:52:50.677350+00:00,576183291,SIMULATED,118,1284172,DISARMED,0,-0.000000,0.00000,7.4000,0.0000,25.00,25.00,0.00000,0.00000,0,520,0,500,0,0,0,0,20,0,520,0,0,0,0,0,0,0,0,600,600,600,100,100,0.00000,0.00000,9.80665,0.000000,0.00000,-0.00000,0.00000,0.00000,9.80665,0.000000,0.000000,0.000000,0,1,1,1,1,1,0,0,0,0
2026-09-21T05:52:50.677441+00:00,576273916,SIMULATED,119,1286576,DISARMED,0,-0.000000,0.00000,7.4000,0.0000,25.00,25.00,0.00000,0.00000,0,520,0,500,0,0,0,0,20,0,520,0,0,0,0,0,0,0,0,600,600,600,100,100,0.00000,0.00000,9.80665,0.000000,0.00000,-0.00000,0.00000,0.00000,9.80665,0.000000,0.000000,0.000000,0,1,1,1,1,1,0,0,0,0
2026-09-21T05:52:50.677532+00:00,576365625,SIMULATED,120,1288980,DISARMED,0,-0.000000,0.00000,7.4000,0.0000,25.00,25.00,0.00000,0.00000,0,520,0,500,0,0,0,0,20,0,520,0,0,0,0,0,0,0,0,600,600,600,100,100,0.00000,0.00000,9.80665,0.000000,0.00000,-0.00000,0.00000,0.00000,9.80665,0.000000,0.000000,0.000000,0,1,1,1,1,1,0,0,0,0
2026-09-21T05:52:50.677619+00:00,576451958,SIMULATED,121,1291384,DISARMED,0,-0.000000,0.00000,7.4000,0.0000,25.00,25.00,0.00000,0.00000,0,520,0,500,0,0,0,0,20,0,520,0,0,0,0,0,0,0,0,600,600,600,100,100,0.00000,0.00000,9.80665,0.000000,0.00000,-0.00000,0.00000,0.00000,9.80665,0.000000,0.000000,0.000000,0,1,1,1,1,1,0,0,0,0
2026-09-21T05:52:50.677704+00:00,576538000,SIMULATED,122,1293788,DISARMED,0,-0.000000,0.00000,7.4000,0.0000,25.00,25.00,0.00000,0.00000,0,520,0,500,0,0,0,0,20,0,520,0,0,0,0,0,0,0,0,600,600,600,100,100,0.00000,0.00000,9.80665,0.000000,0.00000,-0.00000,0.00000,0.00000,9.80665,0.000000,0.000000,0.000000,0,1,1,1,1,1,0,0,0,0
2026-09-21T05:52:50.677799+00:00,576632625,SIMULATED,123,1296192,DISARMED,0,-0.000000,0.00000,7.4000,0.0000,25.00,25.00,0.00000,0.00000,0,520,0,500,0,0,0,0,20,0,520,0,0,0,0,0,0,0,0,600,600,600,100,100,0.00000,0.00000,9.80665,0.000000,0.00000,-0.00000,0.00000,0.00000,9.80665,0.000000,0.000000,0.000000,0,1,1,1,1,1,0,0,0,0
2026-09-21T05:52:50.677885+00:00,576718375,SIMULATED,124,1298596,DISARMED,0,-0.000000,0.00000,7.4000,0.0000,25.00,25.00,0.00000,0.00000,0,520,0,500,0,0,0,0,20,0,520,0,0,0,0,0,0,0,0,600,600,600,100,100,0.00000,0.00000,9.80665,0.000000,0.00000,-0.00000,0.00000,0.00000,9.80665,0.000000,0.000000,0.000000,0,1,1,1,1,1,0,0,0,0
2026-09-21T05:52:50.677973+00:00,576806416,SIMULATED,125,1301000,DISARMED,0,-0.000000,0.00000,7.4000,0.0000,25.00,25.00,0.00000,0.00000,0,520,0,500,0,0,0,0,20,0,520,0,0,0,0,0,0,0,0,600,600,600,100,100,0.00000,0.00000,9.80665,0.000000,0.00000,-0.00000,0.00000,0.00000,9.80665,0.000000,0.000000,0.000000,0,1,1,1,1,1,0,0,0,0
2026-09-21T05:52:50.678060+00:00,576892916,SIMULATED,126,1303404,DISARMED,0,-0.000000,0.00000,7.4000,0.0000,25.00,25.00,0.00000,0.00000,0,520,0,500,0,0,0,0,20,0,520,0,0,0,0,0,0,0,0,600,600,600,100,100,0.00000,0.00000,9.80665,0.000000,0.00000,-0.00000,0.00000,0.00000,9.80665,0.000000,0.000000,0.000000,0,1,1,1,1,1,0,0,0,0
2026-09-21T05:52:50.678150+00:00,576983750,SIMULATED,127,1305808,DISARMED,0,-0.000000,0.00000,7.4000,0.0000,25.00,25.00,0.00000,0.00000,0,520,0,500,0,0,0,0,20,0,520,0,0,0,0,0,0,0,0,600,600,600,100,100,0.00000,0.00000,9.80665,0.000000,0.00000,-0.00000,0.00000,0.00000,9.80665,0.000000,0.000000,0.000000,0,1,1,1,1,1,0,0,0,0
2026-09-21T05:52:50.678238+00:00,577071000,SIMULATED,128,1308212,DISARMED,0,-0.000000,0.00000,7.4000,0.0000,25.00,25.00,0.00000,0.00000,0,520,0,500,0,0,0,0,20,0,520,0,0,0,0,0,0,0,0,600,600,600,100,100,0.00000,0.00000,9.80665,0.000000,0.00000,-0.00000,0.00000,0.00000,9.80665,0.000000,0.000000,0.000000,0,1,1,1,1,1,0,0,0,0
2026-09-21T05:52:50.678327+00:00,577160625,SIMULATED,129,1310616,DISARMED,0,-0.000000,0.00000,7.4000,0.0000,25.00,25.00,0.00000,0.00000,0,520,0,500,0,0,0,0,20,0,520,0,0,0,0,0,0,0,0,600,600,600,100,100,0.00000,0.00000,9.80665,0.000000,0.00000,-0.00000,0.00000,0.00000,9.80665,0.000000,0.000000,0.000000,0,1,1,1,1,1,0,0,0,0
2026-09-21T05:52:50.678428+00:00,577261583,SIMULATED,130,1313020,DISARMED,0,-0.000000,0.00000,7.4000,0.0000,25.00,25.00,0.00000,0.00000,0,520,0,500,0,0,0,0,20,0,520,0,0,0,0,0,0,0,0,600,600,600,100,100,0.00000,0.00000,9.80665,0.000000,0.00000,-0.00000,0.00000,0.00000,9.80665,0.000000,0.000000,0.000000,0,1,1,1,1,1,0,0,0,0
2026-09-21T05:52:50.678518+00:00,577351000,SIMULATED,131,1315424,DISARMED,0,-0.000000,0.00000,7.4000,0.0000,25.00,25.00,0.00000,0.00000,0,520,0,500,0,0,0,0,20,0,520,0,0,0,0,0,0,0,0,600,600,600,100,100,0.00000,0.00000,9.80665,0.000000,0.00000,-0.00000,0.00000,0.00000,9.80665,0.000000,0.000000,0.000000,0,1,1,1,1,1,0,0,0,0
2026-09-21T05:52:50.678606+00:00,577439541,SIMULATED,132,1317828,DISARMED,0,-0.000000,0.00000,7.4000,0.0000,25.00,25.00,0.00000,0.00000,0,520,0,500,0,0,0,0,20,0,520,0,0,0,0,0,0,0,0,600,600,600,100,100,0.00000,0.00000,9.80665,0.000000,0.00000,-0.00000,0.00000,0.00000,9.80665,0.000000,0.000000,0.000000,0,1,1,1,1,1,0,0,0,0
2026-09-21T05:52:50.678698+00:00,577531916,SIMULATED,133,1320232,DISARMED,0,-0.000000,0.00000,7.4000,0.0000,25.00,25.00,0.00000,0.00000,0,520,0,500,0,0,0,0,20,0,520,0,0,0,0,0,0,0,0,600,600,600,100,100,0.00000,0.00000,9.80665,0.000000,0.00000,-0.00000,0.00000,0.00000,9.80665,0.000000,0.000000,0.000000,0,1,1,1,1,1,0,0,0,0
2026-09-21T05:52:50.678789+00:00,577622375,SIMULATED,134,1322636,DISARMED,0,-0.000000,0.00000,7.4000,0.0000,25.00,25.00,0.00000,0.00000,0,520,0,500,0,0,0,0,20,0,520,0,0,0,0,0,0,0,0,600,600,600,100,100,0.00000,0.00000,9.80665,0.000000,0.00000,-0.00000,0.00000,0.00000,9.80665,0.000000,0.000000,0.000000,0,1,1,1,1,1,0,0,0,0
2026-09-21T05:52:50.678881+00:00,577714666,SIMULATED,135,1325040,DISARMED,0,-0.000000,0.00000,7.4000,0.0000,25.00,25.00,0.00000,0.00000,0,520,0,500,0,0,0,0,20,0,520,0,0,0,0,0,0,0,0,600,600,600,100,100,0.00000,0.00000,9.80665,0.000000,0.00000,-0.00000,0.00000,0.00000,9.80665,0.000000,0.000000,0.000000,0,1,1,1,1,1,0,0,0,0
2026-09-21T05:52:50.678967+00:00,577800833,SIMULATED,136,1327444,DISARMED,0,-0.000000,0.00000,7.4000,0.0000,25.00,25.00,0.00000,0.00000,0,520,0,500,0,0,0,0,20,0,520,0,0,0,0,0,0,0,0,600,600,600,100,100,0.00000,0.00000,9.80665,0.000000,0.00000,-0.00000,0.00000,0.00000,9.80665,0.000000,0.000000,0.000000,0,1,1,1,1,1,0,0,0,0
2026-09-21T05:52:50.679054+00:00,577887375,SIMULATED,137,1329848,DISARMED,0,-0.000000,0.00000,7.4000,0.0000,25.00,25.00,0.00000,0.00000,0,520,0,500,0,0,0,0,20,0,520,0,0,0,0,0,0,0,0,600,600,600,100,100,0.00000,0.00000,9.80665,0.000000,0.00000,-0.00000,0.00000,0.00000,9.80665,0.000000,0.000000,0.000000,0,1,1,1,1,1,0,0,0,0
2026-09-21T05:52:50.679142+00:00,577975875,SIMULATED,138,1332252,DISARMED,0,-0.000000,0.00000,7.4000,0.0000,25.00,25.00,0.00000,0.00000,0,520,0,500,0,0,0,0,20,0,520,0,0,0,0,0,0,0,0,600,600,600,100,100,0.00000,0.00000,9.80665,0.000000,0.00000,-0.00000,0.00000,0.00000,9.80665,0.000000,0.000000,0.000000,0,1,1,1,1,1,0,0,0,0
2026-09-21T05:52:50.679233+00:00,578066583,SIMULATED,139,1334656,DISARMED,0,-0.000000,0.00000,7.4000,0.0000,25.00,25.00,0.00000,0.00000,0,520,0,500,0,0,0,0,20,0,520,0,0,0,0,0,0,0,0,600,600,600,100,100,0.00000,0.00000,9.80665,0.000000,0.00000,-0.00000,0.00000,0.00000,9.80665,0.000000,0.000000,0.000000,0,1,1,1,1,1,0,0,0,0
2026-09-21T05:52:50.679326+00:00,578159000,SIMULATED,140,1337060,DISARMED,0,-0.000000,0.00000,7.4000,0.0000,25.00,25.00,0.00000,0.00000,0,520,0,500,0,0,0,0,20,0,520,0,0,0,0,0,0,0,0,600,600,600,100,100,0.00000,0.00000,9.80665,0.000000,0.00000,-0.00000,0.00000,0.00000,9.80665,0.000000,0.000000,0.000000,0,1,1,1,1,1,0,0,0,0
2026-09-21T05:52:50.679416+00:00,578249208,SIMULATED,141,1339464,DISARMED,0,-0.000000,0.00000,7.4000,0.0000,25.00,25.00,0.00000,0.00000,0,520,0,500,0,0,0,0,20,0,520,0,0,0,0,0,0,0,0,600,600,600,100,100,0.00000,0.00000,9.80665,0.000000,0.00000,-0.00000,0.00000,0.00000,9.80665,0.000000,0.000000,0.000000,0,1,1,1,1,1,0,0,0,0
2026-09-21T05:52:50.679496+00:00,578328750,SIMULATED,142,1341868,DISARMED,0,-0.000000,0.00000,7.4000,0.0000,25.00,25.00,0.00000,0.00000,0,520,0,500,0,0,0,0,20,0,520,0,0,0,0,0,0,0,0,600,600,600,100,100,0.00000,0.00000,9.80665,0.000000,0.00000,-0.00000,0.00000,0.00000,9.80665,0.000000,0.000000,0.000000,0,1,1,1,1,1,0,0,0,0
2026-09-21T05:52:50.679575+00:00,578407666,SIMULATED,143,1344272,DISARMED,0,-0.000000,0.00000,7.4000,0.0000,25.00,25.00,0.00000,0.00000,0,520,0,500,0,0,0,0,20,0,520,0,0,0,0,0,0,0,0,600,600,600,100,100,0.00000,0.00000,9.80665,0.000000,0.00000,-0.00000,0.00000,0.00000,9.80665,0.000000,0.000000,0.000000,0,1,1,1,1,1,0,0,0,0
2026-09-21T05:52:50.679657+00:00,578490625,SIMULATED,144,1346676,DISARMED,0,-0.000000,0.00000,7.4000,0.0000,25.00,25.00,0.00000,0.00000,0,520,0,500,0,0,0,0,20,0,520,0,0,0,0,0,0,0,0,600,600,600,100,100,0.00000,0.00000,9.80665,0.000000,0.00000,-0.00000,0.00000,0.00000,9.80665,0.000000,0.000000,0.000000,0,1,1,1,1,1,0,0,0,0
2026-09-21T05:52:50.679735+00:00,578568250,SIMULATED,145,1349080,DISARMED,0,-0.000000,0.00000,7.4000,0.0000,25.00,25.00,0.00000,0.00000,0,520,0,500,0,0,0,0,20,0,520,0,0,0,0,0,0,0,0,600,600,600,100,100,0.00000,0.00000,9.80665,0.000000,0.00000,-0.00000,0.00000,0.00000,9.80665,0.000000,0.000000,0.000000,0,1,1,1,1,1,0,0,0,0
2026-09-21T05:52:50.679823+00:00,578656916,SIMULATED,146,1351484,DISARMED,0,-0.000000,0.00000,7.4000,0.0000,25.00,25.00,0.00000,0.00000,0,520,0,500,0,0,0,0,20,0,520,0,0,0,0,0,0,0,0,600,600,600,100,100,0.00000,0.00000,9.80665,0.000000,0.00000,-0.00000,0.00000,0.00000,9.80665,0.000000,0.000000,0.000000,0,1,1,1,1,1,0,0,0,0
2026-09-21T05:52:50.679910+00:00,578743625,SIMULATED,147,1353888,DISARMED,0,-0.000000,0.00000,7.4000,0.0000,25.00,25.00,0.00000,0.00000,0,520,0,500,0,0,0,0,20,0,520,0,0,0,0,0,0,0,0,600,600,600,100,100,0.00000,0.00000,9.80665,0.000000,0.00000,-0.00000,0.00000,0.00000,9.80665,0.000000,0.000000,0.000000,0,1,1,1,1,1,0,0,0,0
2026-09-21T05:52:50.679994+00:00,578827791,SIMULATED,148,1356292,DISARMED,0,-0.000000,0.00000,7.4000,0.0000,25.00,25.00,0.00000,0.00000,0,520,0,500,0,0,0,0,20,0,520,0,0,0,0,0,0,0,0,600,600,600,100,100,0.00000,0.00000,9.80665,0.000000,0.00000,-0.00000,0.00000,0.00000,9.80665,0.000000,0.000000,0.000000,0,1,1,1,1,1,0,0,0,0
2026-09-21T05:52:50.680074+00:00,578907125,SIMULATED,149,1358696,DISARMED,0,-0.000000,0.00000,7.4000,0.0000,25.00,25.00,0.00000,0.00000,0,520,0,500,0,0,0,0,20,0,520,0,0,0,0,0,0,0,0,600,600,600,100,100,0.00000,0.00000,9.80665,0.000000,0.00000,-0.00000,0.00000,0.00000,9.80665,0.000000,0.000000,0.000000,0,1,1,1,1,1,0,0,0,0
2026-09-21T05:52:50.680164+00:00,578997500,SIMULATED,150,1361100,DISARMED,0,-0.000000,0.00000,7.4000,0.0000,25.00,25.00,0.00000,0.00000,0,520,0,500,0,0,0,0,20,0,520,0,0,0,0,0,0,0,0,600,600,600,100,100,0.00000,0.00000,9.80665,0.000000,0.00000,-0.00000,0.00000,0.00000,9.80665,0.000000,0.000000,0.000000,0,1,1,1,1,1,0,0,0,0
2026-09-21T05:52:50.680243+00:00,579076291,SIMULATED,151,1363504,DISARMED,0,-0.000000,0.00000,7.4000,0.0000,25.00,25.00,0.00000,0.00000,0,520,0,500,0,0,0,0,20,0,520,0,0,0,0,0,0,0,0,600,600,600,100,100,0.00000,0.00000,9.80665,0.000000,0.00000,-0.00000,0.00000,0.00000,9.80665,0.000000,0.000000,0.000000,0,1,1,1,1,1,0,0,0,0
2026-09-21T05:52:50.680324+00:00,579157000,SIMULATED,152,1365908,DISARMED,0,-0.000000,0.00000,7.4000,0.0000,25.00,25.00,0.00000,0.00000,0,520,0,500,0,0,0,0,20,0,520,0,0,0,0,0,0,0,0,600,600,600,100,100,0.00000,0.00000,9.80665,0.000000,0.00000,-0.00000,0.00000,0.00000,9.80665,0.000000,0.000000,0.000000,0,1,1,1,1,1,0,0,0,0
2026-09-21T05:52:50.680407+00:00,579239833,SIMULATED,153,1368312,DISARMED,0,-0.000000,0.00000,7.4000,0.0000,25.00,25.00,0.00000,0.00000,0,520,0,500,0,0,0,0,20,0,520,0,0,0,0,0,0,0,0,600,600,600,100,100,0.00000,0.00000,9.80665,0.000000,0.00000,-0.00000,0.00000,0.00000,9.80665,0.000000,0.000000,0.000000,0,1,1,1,1,1,0,0,0,0
2026-09-21T05:52:50.680483+00:00,579315833,SIMULATED,154,1370716,DISARMED,0,-0.000000,0.00000,7.4000,0.0000,25.00,25.00,0.00000,0.00000,0,520,0,500,0,0,0,0,20,0,520,0,0,0,0,0,0,0,0,600,600,600,100,100,0.00000,0.00000,9.80665,0.000000,0.00000,-0.00000,0.00000,0.00000,9.80665,0.000000,0.000000,0.000000,0,1,1,1,1,1,0,0,0,0
2026-09-21T05:52:50.680559+00:00,579391750,SIMULATED,155,1373120,DISARMED,0,-0.000000,0.00000,7.4000,0.0000,25.00,25.00,0.00000,0.00000,0,520,0,500,0,0,0,0,20,0,520,0,0,0,0,0,0,0,0,600,600,600,100,100,0.00000,0.00000,9.80665,0.000000,0.00000,-0.00000,0.00000,0.00000,9.80665,0.000000,0.000000,0.000000,0,1,1,1,1,1,0,0,0,0
2026-09-21T05:52:50.680634+00:00,579467458,SIMULATED,156,1375524,DISARMED,0,-0.000000,0.00000,7.4000,0.0000,25.00,25.00,0.00000,0.00000,0,520,0,500,0,0,0,0,20,0,520,0,0,0,0,0,0,0,0,600,600,600,100,100,0.00000,0.00000,9.80665,0.000000,0.00000,-0.00000,0.00000,0.00000,9.80665,0.000000,0.000000,0.000000,0,1,1,1,1,1,0,0,0,0
2026-09-21T05:52:50.680711+00:00,579543916,SIMULATED,157,1377928,DISARMED,0,-0.000000,0.00000,7.4000,0.0000,25.00,25.00,0.00000,0.00000,0,520,0,500,0,0,0,0,20,0,520,0,0,0,0,0,0,0,0,600,600,600,100,100,0.00000,0.00000,9.80665,0.000000,0.00000,-0.00000,0.00000,0.00000,9.80665,0.000000,0.000000,0.000000,0,1,1,1,1,1,0,0,0,0
2026-09-21T05:52:50.680793+00:00,579626333,SIMULATED,158,1380332,DISARMED,0,-0.000000,0.00000,7.4000,0.0000,25.00,25.00,0.00000,0.00000,0,520,0,500,0,0,0,0,20,0,520,0,0,0,0,0,0,0,0,600,600,600,100,100,0.00000,0.00000,9.80665,0.000000,0.00000,-0.00000,0.00000,0.00000,9.80665,0.000000,0.000000,0.000000,0,1,1,1,1,1,0,0,0,0
2026-09-21T05:52:50.680875+00:00,579708291,SIMULATED,159,1382736,DISARMED,0,-0.000000,0.00000,7.4000,0.0000,25.00,25.00,0.00000,0.00000,0,520,0,500,0,0,0,0,20,0,520,0,0,0,0,0,0,0,0,600,600,600,100,100,0.00000,0.00000,9.80665,0.000000,0.00000,-0.00000,0.00000,0.00000,9.80665,0.000000,0.000000,0.000000,0,1,1,1,1,1,0,0,0,0
2026-09-21T05:52:50.681005+00:00,579840208,SIMULATED,160,1385140,DISARMED,0,-0.000000,0.00000,7.4000,0.0000,25.00,25.00,0.00000,0.00000,0,520,0,500,0,0,0,0,20,0,520,0,0,0,0,0,0,0,0,600,600,600,100,100,0.00000,0.00000,9.80665,0.000000,0.00000,-0.00000,0.00000,0.00000,9.80665,0.000000,0.000000,0.000000,0,1,1,1,1,1,0,0,0,0
2026-09-21T05:52:50.681101+00:00,579934750,SIMULATED,161,1387544,DISARMED,0,-0.000000,0.00000,7.4000,0.0000,25.00,25.00,0.00000,0.00000,0,520,0,500,0,0,0,0,20,0,520,0,0,0,0,0,0,0,0,600,600,600,100,100,0.00000,0.00000,9.80665,0.000000,0.00000,-0.00000,0.00000,0.00000,9.80665,0.000000,0.000000,0.000000,0,1,1,1,1,1,0,0,0,0
2026-09-21T05:52:50.681185+00:00,580018166,SIMULATED,162,1389948,DISARMED,0,-0.000000,0.00000,7.4000,0.0000,25.00,25.00,0.00000,0.00000,0,520,0,500,0,0,0,0,20,0,520,0,0,0,0,0,0,0,0,600,600,600,100,100,0.00000,0.00000,9.80665,0.000000,0.00000,-0.00000,0.00000,0.00000,9.80665,0.000000,0.000000,0.000000,0,1,1,1,1,1,0,0,0,0
2026-09-21T05:52:50.681264+00:00,580097708,SIMULATED,163,1392352,DISARMED,0,-0.000000,0.00000,7.4000,0.0000,25.00,25.00,0.00000,0.00000,0,520,0,500,0,0,0,0,20,0,520,0,0,0,0,0,0,0,0,600,600,600,100,100,0.00000,0.00000,9.80665,0.000000,0.00000,-0.00000,0.00000,0.00000,9.80665,0.000000,0.000000,0.000000,0,1,1,1,1,1,0,0,0,0
2026-09-21T05:52:50.681370+00:00,580211625,SIMULATED,164,1394756,DISARMED,0,-0.000000,0.00000,7.4000,0.0000,25.00,25.00,0.00000,0.00000,0,520,0,500,0,0,0,0,20,0,520,0,0,0,0,0,0,0,0,600,600,600,100,100,0.00000,0.00000,9.80665,0.000000,0.00000,-0.00000,0.00000,0.00000,9.80665,0.000000,0.000000,0.000000,0,1,1,1,1,1,0,0,0,0
2026-09-21T05:52:50.681574+00:00,580409458,SIMULATED,165,1397160,DISARMED,0,-0.000000,0.00000,7.4000,0.0000,25.00,25.00,0.00000,0.00000,0,520,0,500,0,0,0,0,20,0,520,0,0,0,0,0,0,0,0,600,600,600,100,100,0.00000,0.00000,9.80665,0.000000,0.00000,-0.00000,0.00000,0.00000,9.80665,0.000000,0.000000,0.000000,0,1,1,1,1,1,0,0,0,0
2026-09-21T05:52:50.681690+00:00,580524666,SIMULATED,166,1399564,DISARMED,0,-0.000000,0.00000,7.4000,0.0000,25.00,25.00,0.00000,0.00000,0,520,0,500,0,0,0,0,20,0,520,0,0,0,0,0,0,0,0,600,600,600,100,100,0.00000,0.00000,9.80665,0.000000,0.00000,-0.00000,0.00000,0.00000,9.80665,0.000000,0.000000,0.000000,0,1,1,1,1,1,0,0,0,0
2026-09-21T05:52:50.681795+00:00,580628791,SIMULATED,167,1401968,DISARMED,0,-0.000000,0.00000,7.4000,0.0000,25.00,25.00,0.00000,0.00000,0,520,0,500,0,0,0,0,20,0,520,0,0,0,0,0,0,0,0,600,600,600,100,100,0.00000,0.00000,9.80665,0.000000,0.00000,-0.00000,0.00000,0.00000,9.80665,0.000000,0.000000,0.000000,0,1,1,1,1,1,0,0,0,0
2026-09-21T05:52:50.681895+00:00,580729083,SIMULATED,168,1404372,DISARMED,0,-0.000000,0.00000,7.4000,0.0000,25.00,25.00,0.00000,0.00000,0,520,0,500,0,0,0,0,20,0,520,0,0,0,0,0,0,0,0,600,600,600,100,100,0.00000,0.00000,9.80665,0.000000,0.00000,-0.00000,0.00000,0.00000,9.80665,0.000000,0.000000,0.000000,0,1,1,1,1,1,0,0,0,0
2026-09-21T05:52:50.681994+00:00,580827500,SIMULATED,169,1406776,DISARMED,0,-0.000000,0.00000,7.4000,0.0000,25.00,25.00,0.00000,0.00000,0,520,0,500,0,0,0,0,20,0,520,0,0,0,0,0,0,0,0,600,600,600,100,100,0.00000,0.00000,9.80665,0.000000,0.00000,-0.00000,0.00000,0.00000,9.80665,0.000000,0.000000,0.000000,0,1,1,1,1,1,0,0,0,0
2026-09-21T05:52:50.682099+00:00,580932208,SIMULATED,170,1409180,DISARMED,0,-0.000000,0.00000,7.4000,0.0000,25.00,25.00,0.00000,0.00000,0,520,0,500,0,0,0,0,20,0,520,0,0,0,0,0,0,0,0,600,600,600,100,100,0.00000,0.00000,9.80665,0.000000,0.00000,-0.00000,0.00000,0.00000,9.80665,0.000000,0.000000,0.000000,0,1,1,1,1,1,0,0,0,0
2026-09-21T05:52:50.682312+00:00,581145208,SIMULATED,171,1411584,DISARMED,0,-0.000000,0.00000,7.4000,0.0000,25.00,25.00,0.00000,0.00000,0,520,0,500,0,0,0,0,20,0,520,0,0,0,0,0,0,0,0,600,600,600,100,100,0.00000,0.00000,9.80665,0.000000,0.00000,-0.00000,0.00000,0.00000,9.80665,0.000000,0.000000,0.000000,0,1,1,1,1,1,0,0,0,0
2026-09-21T05:52:50.682408+00:00,581241291,SIMULATED,172,1413988,DISARMED,0,-0.000000,0.00000,7.4000,0.0000,25.00,25.00,0.00000,0.00000,0,520,0,500,0,0,0,0,20,0,520,0,0,0,0,0,0,0,0,600,600,600,100,100,0.00000,0.00000,9.80665,0.000000,0.00000,-0.00000,0.00000,0.00000,9.80665,0.000000,0.000000,0.000000,0,1,1,1,1,1,0,0,0,0
2026-09-21T05:52:50.682503+00:00,581336125,SIMULATED,173,1416392,DISARMED,0,-0.000000,0.00000,7.4000,0.0000,25.00,25.00,0.00000,0.00000,0,520,0,500,0,0,0,0,20,0,520,0,0,0,0,0,0,0,0,600,600,600,100,100,0.00000,0.00000,9.80665,0.000000,0.00000,-0.00000,0.00000,0.00000,9.80665,0.000000,0.000000,0.000000,0,1,1,1,1,1,0,0,0,0
2026-09-21T05:52:50.682599+00:00,581432541,SIMULATED,174,1418796,DISARMED,0,-0.000000,0.00000,7.4000,0.0000,25.00,25.00,0.00000,0.00000,0,520,0,500,0,0,0,0,20,0,520,0,0,0,0,0,0,0,0,600,600,600,100,100,0.00000,0.00000,9.80665,0.000000,0.00000,-0.00000,0.00000,0.00000,9.80665,0.000000,0.000000,0.000000,0,1,1,1,1,1,0,0,0,0
2026-09-21T05:52:50.682695+00:00,581528333,SIMULATED,175,1421200,DISARMED,0,-0.000000,0.00000,7.4000,0.0000,25.00,25.00,0.00000,0.00000,0,520,0,500,0,0,0,0,20,0,520,0,0,0,0,0,0,0,0,600,600,600,100,100,0.00000,0.00000,9.80665,0.000000,0.00000,-0.00000,0.00000,0.00000,9.80665,0.000000,0.000000,0.000000,0,1,1,1,1,1,0,0,0,0
2026-09-21T05:52:50.682789+00:00,581622458,SIMULATED,176,1423604,DISARMED,0,-0.000000,0.00000,7.4000,0.0000,25.00,25.00,0.00000,0.00000,0,520,0,500,0,0,0,0,20,0,520,0,0,0,0,0,0,0,0,600,600,600,100,100,0.00000,0.00000,9.80665,0.000000,0.00000,-0.00000,0.00000,0.00000,9.80665,0.000000,0.000000,0.000000,0,1,1,1,1,1,0,0,0,0
2026-09-21T05:52:50.682908+00:00,581741291,SIMULATED,177,1426008,DISARMED,0,-0.000000,0.00000,7.4000,0.0000,25.00,25.00,0.00000,0.00000,0,520,0,500,0,0,0,0,20,0,520,0,0,0,0,0,0,0,0,600,600,600,100,100,0.00000,0.00000,9.80665,0.000000,0.00000,-0.00000,0.00000,0.00000,9.80665,0.000000,0.000000,0.000000,0,1,1,1,1,1,0,0,0,0
2026-09-21T05:52:50.683004+00:00,581837583,SIMULATED,178,1428412,DISARMED,0,-0.000000,0.00000,7.4000,0.0000,25.00,25.00,0.00000,0.00000,0,520,0,500,0,0,0,0,20,0,520,0,0,0,0,0,0,0,0,600,600,600,100,100,0.00000,0.00000,9.80665,0.000000,0.00000,-0.00000,0.00000,0.00000,9.80665,0.000000,0.000000,0.000000,0,1,1,1,1,1,0,0,0,0
2026-09-21T05:52:50.683098+00:00,581931583,SIMULATED,179,1430816,DISARMED,0,-0.000000,0.00000,7.4000,0.0000,25.00,25.00,0.00000,0.00000,0,520,0,500,0,0,0,0,20,0,520,0,0,0,0,0,0,0,0,600,600,600,100,100,0.00000,0.00000,9.80665,0.000000,0.00000,-0.00000,0.00000,0.00000,9.80665,0.000000,0.000000,0.000000,0,1,1,1,1,1,0,0,0,0
2026-09-21T05:52:50.683197+00:00,582030375,SIMULATED,180,1433220,DISARMED,0,-0.000000,0.00000,7.4000,0.0000,25.00,25.00,0.00000,0.00000,0,520,0,500,0,0,0,0,20,0,520,0,0,0,0,0,0,0,0,600,600,600,100,100,0.00000,0.00000,9.80665,0.000000,0.00000,-0.00000,0.00000,0.00000,9.80665,0.000000,0.000000,0.000000,0,1,1,1,1,1,0,0,0,0
2026-09-21T05:52:50.683290+00:00,582123291,SIMULATED,181,1435624,DISARMED,0,-0.000000,0.00000,7.4000,0.0000,25.00,25.00,0.00000,0.00000,0,520,0,500,0,0,0,0,20,0,520,0,0,0,0,0,0,0,0,600,600,600,100,100,0.00000,0.00000,9.80665,0.000000,0.00000,-0.00000,0.00000,0.00000,9.80665,0.000000,0.000000,0.000000,0,1,1,1,1,1,0,0,0,0
2026-09-21T05:52:50.683379+00:00,582212375,SIMULATED,182,1438028,DISARMED,0,-0.000000,0.00000,7.4000,0.0000,25.00,25.00,0.00000,0.00000,0,520,0,500,0,0,0,0,20,0,520,0,0,0,0,0,0,0,0,600,600,600,100,100,0.00000,0.00000,9.80665,0.000000,0.00000,-0.00000,0.00000,0.00000,9.80665,0.000000,0.000000,0.000000,0,1,1,1,1,1,0,0,0,0
2026-09-21T05:52:50.683462+00:00,582295166,SIMULATED,183,1440432,DISARMED,0,-0.000000,0.00000,7.4000,0.0000,25.00,25.00,0.00000,0.00000,0,520,0,500,0,0,0,0,20,0,520,0,0,0,0,0,0,0,0,600,600,600,100,100,0.00000,0.00000,9.80665,0.000000,0.00000,-0.00000,0.00000,0.00000,9.80665,0.000000,0.000000,0.000000,0,1,1,1,1,1,0,0,0,0
2026-09-21T05:52:50.683543+00:00,582375458,SIMULATED,184,1442836,DISARMED,0,-0.000000,0.00000,7.4000,0.0000,25.00,25.00,0.00000,0.00000,0,520,0,500,0,0,0,0,20,0,520,0,0,0,0,0,0,0,0,600,600,600,100,100,0.00000,0.00000,9.80665,0.000000,0.00000,-0.00000,0.00000,0.00000,9.80665,0.000000,0.000000,0.000000,0,1,1,1,1,1,0,0,0,0
2026-09-21T05:52:50.683621+00:00,582454041,SIMULATED,185,1445240,DISARMED,0,-0.000000,0.00000,7.4000,0.0000,25.00,25.00,0.00000,0.00000,0,520,0,500,0,0,0,0,20,0,520,0,0,0,0,0,0,0,0,600,600,600,100,100,0.00000,0.00000,9.80665,0.000000,0.00000,-0.00000,0.00000,0.00000,9.80665,0.000000,0.000000,0.000000,0,1,1,1,1,1,0,0,0,0
2026-09-21T05:52:50.683700+00:00,582532750,SIMULATED,186,1447644,DISARMED,0,-0.000000,0.00000,7.4000,0.0000,25.00,25.00,0.00000,0.00000,0,520,0,500,0,0,0,0,20,0,520,0,0,0,0,0,0,0,0,600,600,600,100,100,0.00000,0.00000,9.80665,0.000000,0.00000,-0.00000,0.00000,0.00000,9.80665,0.000000,0.000000,0.000000,0,1,1,1,1,1,0,0,0,0
2026-09-21T05:52:50.683777+00:00,582609916,SIMULATED,187,1450048,DISARMED,0,-0.000000,0.00000,7.4000,0.0000,25.00,25.00,0.00000,0.00000,0,520,0,500,0,0,0,0,20,0,520,0,0,0,0,0,0,0,0,600,600,600,100,100,0.00000,0.00000,9.80665,0.000000,0.00000,-0.00000,0.00000,0.00000,9.80665,0.000000,0.000000,0.000000,0,1,1,1,1,1,0,0,0,0
2026-09-21T05:52:50.683855+00:00,582687833,SIMULATED,188,1452452,DISARMED,0,-0.000000,0.00000,7.4000,0.0000,25.00,25.00,0.00000,0.00000,0,520,0,500,0,0,0,0,20,0,520,0,0,0,0,0,0,0,0,600,600,600,100,100,0.00000,0.00000,9.80665,0.000000,0.00000,-0.00000,0.00000,0.00000,9.80665,0.000000,0.000000,0.000000,0,1,1,1,1,1,0,0,0,0
2026-09-21T05:52:50.683937+00:00,582769708,SIMULATED,189,1454856,DISARMED,0,-0.000000,0.00000,7.4000,0.0000,25.00,25.00,0.00000,0.00000,0,520,0,500,0,0,0,0,20,0,520,0,0,0,0,0,0,0,0,600,600,600,100,100,0.00000,0.00000,9.80665,0.000000,0.00000,-0.00000,0.00000,0.00000,9.80665,0.000000,0.000000,0.000000,0,1,1,1,1,1,0,0,0,0
2026-09-21T05:52:50.684025+00:00,582857791,SIMULATED,190,1457260,DISARMED,0,-0.000000,0.00000,7.4000,0.0000,25.00,25.00,0.00000,0.00000,0,520,0,500,0,0,0,0,20,0,520,0,0,0,0,0,0,0,0,600,600,600,100,100,0.00000,0.00000,9.80665,0.000000,0.00000,-0.00000,0.00000,0.00000,9.80665,0.000000,0.000000,0.000000,0,1,1,1,1,1,0,0,0,0
2026-09-21T05:52:50.684106+00:00,582939416,SIMULATED,191,1459664,DISARMED,0,-0.000000,0.00000,7.4000,0.0000,25.00,25.00,0.00000,0.00000,0,520,0,500,0,0,0,0,20,0,520,0,0,0,0,0,0,0,0,600,600,600,100,100,0.00000,0.00000,9.80665,0.000000,0.00000,-0.00000,0.00000,0.00000,9.80665,0.000000,0.000000,0.000000,0,1,1,1,1,1,0,0,0,0
2026-09-21T05:52:50.684185+00:00,583017541,SIMULATED,192,1462068,DISARMED,0,-0.000000,0.00000,7.4000,0.0000,25.00,25.00,0.00000,0.00000,0,520,0,500,0,0,0,0,20,0,520,0,0,0,0,0,0,0,0,600,600,600,100,100,0.00000,0.00000,9.80665,0.000000,0.00000,-0.00000,0.00000,0.00000,9.80665,0.000000,0.000000,0.000000,0,1,1,1,1,1,0,0,0,0
2026-09-21T05:52:50.684262+00:00,583095166,SIMULATED,193,1464472,DISARMED,0,-0.000000,0.00000,7.4000,0.0000,25.00,25.00,0.00000,0.00000,0,520,0,500,0,0,0,0,20,0,520,0,0,0,0,0,0,0,0,600,600,600,100,100,0.00000,0.00000,9.80665,0.000000,0.00000,-0.00000,0.00000,0.00000,9.80665,0.000000,0.000000,0.000000,0,1,1,1,1,1,0,0,0,0
2026-09-21T05:52:50.684340+00:00,583173250,SIMULATED,194,1466876,DISARMED,0,-0.000000,0.00000,7.4000,0.0000,25.00,25.00,0.00000,0.00000,0,520,0,500,0,0,0,0,20,0,520,0,0,0,0,0,0,0,0,600,600,600,100,100,0.00000,0.00000,9.80665,0.000000,0.00000,-0.00000,0.00000,0.00000,9.80665,0.000000,0.000000,0.000000,0,1,1,1,1,1,0,0,0,0
2026-09-21T05:52:50.684422+00:00,583254458,SIMULATED,195,1469280,DISARMED,0,-0.000000,0.00000,7.4000,0.0000,25.00,25.00,0.00000,0.00000,0,520,0,500,0,0,0,0,20,0,520,0,0,0,0,0,0,0,0,600,600,600,100,100,0.00000,0.00000,9.80665,0.000000,0.00000,-0.00000,0.00000,0.00000,9.80665,0.000000,0.000000,0.000000,0,1,1,1,1,1,0,0,0,0
2026-09-21T05:52:50.684498+00:00,583331250,SIMULATED,196,1471684,DISARMED,0,-0.000000,0.00000,7.4000,0.0000,25.00,25.00,0.00000,0.00000,0,520,0,500,0,0,0,0,20,0,520,0,0,0,0,0,0,0,0,600,600,600,100,100,0.00000,0.00000,9.80665,0.000000,0.00000,-0.00000,0.00000,0.00000,9.80665,0.000000,0.000000,0.000000,0,1,1,1,1,1,0,0,0,0
2026-09-21T05:52:50.684576+00:00,583408875,SIMULATED,197,1474088,DISARMED,0,-0.000000,0.00000,7.4000,0.0000,25.00,25.00,0.00000,0.00000,0,520,0,500,0,0,0,0,20,0,520,0,0,0,0,0,0,0,0,600,600,600,100,100,0.00000,0.00000,9.80665,0.000000,0.00000,-0.00000,0.00000,0.00000,9.80665,0.000000,0.000000,0.000000,0,1,1,1,1,1,0,0,0,0
2026-09-21T05:52:50.684653+00:00,583485708,SIMULATED,198,1476492,DISARMED,0,-0.000000,0.00000,7.4000,0.0000,25.00,25.00,0.00000,0.00000,0,520,0,500,0,0,0,0,20,0,520,0,0,0,0,0,0,0,0,600,600,600,100,100,0.00000,0.00000,9.80665,0.000000,0.00000,-0.00000,0.00000,0.00000,9.80665,0.000000,0.000000,0.000000,0,1,1,1,1,1,0,0,0,0
2026-09-21T05:52:50.684729+00:00,583562166,SIMULATED,199,1478896,DISARMED,0,-0.000000,0.00000,7.4000,0.0000,25.00,25.00,0.00000,0.00000,0,520,0,500,0,0,0,0,20,0,520,0,0,0,0,0,0,0,0,600,600,600,100,100,0.00000,0.00000,9.80665,0.000000,0.00000,-0.00000,0.00000,0.00000,9.80665,0.000000,0.000000,0.000000,0,1,1,1,1,1,0,0,0,0
2026-09-21T05:52:50.684814+00:00,583646916,SIMULATED,200,1481300,DISARMED,0,-0.000000,0.00000,7.4000,0.0000,25.00,25.00,0.00000,0.00000,0,520,0,500,0,0,0,0,20,0,520,0,0,0,0,0,0,0,0,600,600,600,100,100,0.00000,0.00000,9.80665,0.000000,0.00000,-0.00000,0.00000,0.00000,9.80665,0.000000,0.000000,0.000000,0,1,1,1,1,1,0,0,0,0
2026-09-21T05:52:50.684894+00:00,583726541,SIMULATED,201,1483704,DISARMED,0,-0.000000,0.00000,7.4000,0.0000,25.00,25.00,0.00000,0.00000,0,520,0,500,0,0,0,0,20,0,520,0,0,0,0,0,0,0,0,600,600,600,100,100,0.00000,0.00000,9.80665,0.000000,0.00000,-0.00000,0.00000,0.00000,9.80665,0.000000,0.000000,0.000000,0,1,1,1,1,1,0,0,0,0
2026-09-21T05:52:50.684972+00:00,583804500,SIMULATED,202,1486108,DISARMED,0,-0.000000,0.00000,7.4000,0.0000,25.00,25.00,0.00000,0.00000,0,520,0,500,0,0,0,0,20,0,520,0,0,0,0,0,0,0,0,600,600,600,100,100,0.00000,0.00000,9.80665,0.000000,0.00000,-0.00000,0.00000,0.00000,9.80665,0.000000,0.000000,0.000000,0,1,1,1,1,1,0,0,0,0
2026-09-21T05:52:50.685055+00:00,583887583,SIMULATED,203,1488512,DISARMED,0,-0.000000,0.00000,7.4000,0.0000,25.00,25.00,0.00000,0.00000,0,520,0,500,0,0,0,0,20,0,520,0,0,0,0,0,0,0,0,600,600,600,100,100,0.00000,0.00000,9.80665,0.000000,0.00000,-0.00000,0.00000,0.00000,9.80665,0.000000,0.000000,0.000000,0,1,1,1,1,1,0,0,0,0
2026-09-21T05:52:50.685132+00:00,583964791,SIMULATED,204,1490916,DISARMED,0,-0.000000,0.00000,7.4000,0.0000,25.00,25.00,0.00000,0.00000,0,520,0,500,0,0,0,0,20,0,520,0,0,0,0,0,0,0,0,600,600,600,100,100,0.00000,0.00000,9.80665,0.000000,0.00000,-0.00000,0.00000,0.00000,9.80665,0.000000,0.000000,0.000000,0,1,1,1,1,1,0,0,0,0
2026-09-21T05:52:50.685208+00:00,584040875,SIMULATED,205,1493320,DISARMED,0,-0.000000,0.00000,7.4000,0.0000,25.00,25.00,0.00000,0.00000,0,520,0,500,0,0,0,0,20,0,520,0,0,0,0,0,0,0,0,600,600,600,100,100,0.00000,0.00000,9.80665,0.000000,0.00000,-0.00000,0.00000,0.00000,9.80665,0.000000,0.000000,0.000000,0,1,1,1,1,1,0,0,0,0
2026-09-21T05:52:50.685285+00:00,584117583,SIMULATED,206,1495724,DISARMED,0,-0.000000,0.00000,7.4000,0.0000,25.00,25.00,0.00000,0.00000,0,520,0,500,0,0,0,0,20,0,520,0,0,0,0,0,0,0,0,600,600,600,100,100,0.00000,0.00000,9.80665,0.000000,0.00000,-0.00000,0.00000,0.00000,9.80665,0.000000,0.000000,0.000000,0,1,1,1,1,1,0,0,0,0
2026-09-21T05:52:50.685371+00:00,584204208,SIMULATED,207,1498128,DISARMED,0,-0.000000,0.00000,7.4000,0.0000,25.00,25.00,0.00000,0.00000,0,520,0,500,0,0,0,0,20,0,520,0,0,0,0,0,0,0,0,600,600,600,100,100,0.00000,0.00000,9.80665,0.000000,0.00000,-0.00000,0.00000,0.00000,9.80665,0.000000,0.000000,0.000000,0,1,1,1,1,1,0,0,0,0
2026-09-21T05:52:50.685449+00:00,584282166,SIMULATED,208,1500532,DISARMED,0,-0.000000,0.00000,7.4000,0.0000,25.00,25.00,0.00000,0.00000,0,520,0,500,0,0,0,0,20,0,520,0,0,0,0,0,0,0,0,600,600,600,100,100,0.00000,0.00000,9.80665,0.000000,0.00000,-0.00000,0.00000,0.00000,9.80665,0.000000,0.000000,0.000000,0,1,1,1,1,1,0,0,0,0
2026-09-21T05:52:50.685529+00:00,584361583,SIMULATED,209,1502936,DISARMED,0,-0.000000,0.00000,7.4000,0.0000,25.00,25.00,0.00000,0.00000,0,520,0,500,0,0,0,0,20,0,520,0,0,0,0,0,0,0,0,600,600,600,100,100,0.00000,0.00000,9.80665,0.000000,0.00000,-0.00000,0.00000,0.00000,9.80665,0.000000,0.000000,0.000000,0,1,1,1,1,1,0,0,0,0
2026-09-21T05:52:50.685611+00:00,584443625,SIMULATED,210,1505340,DISARMED,0,-0.000000,0.00000,7.4000,0.0000,25.00,25.00,0.00000,0.00000,0,520,0,500,0,0,0,0,20,0,520,0,0,0,0,0,0,0,0,600,600,600,100,100,0.00000,0.00000,9.80665,0.000000,0.00000,-0.00000,0.00000,0.00000,9.80665,0.000000,0.000000,0.000000,0,1,1,1,1,1,0,0,0,0
2026-09-21T05:52:50.685688+00:00,584520958,SIMULATED,211,1507744,DISARMED,0,-0.000000,0.00000,7.4000,0.0000,25.00,25.00,0.00000,0.00000,0,520,0,500,0,0,0,0,20,0,520,0,0,0,0,0,0,0,0,600,600,600,100,100,0.00000,0.00000,9.80665,0.000000,0.00000,-0.00000,0.00000,0.00000,9.80665,0.000000,0.000000,0.000000,0,1,1,1,1,1,0,0,0,0
2026-09-21T05:52:50.685765+00:00,584597916,SIMULATED,212,1510148,DISARMED,0,-0.000000,0.00000,7.4000,0.0000,25.00,25.00,0.00000,0.00000,0,520,0,500,0,0,0,0,20,0,520,0,0,0,0,0,0,0,0,600,600,600,100,100,0.00000,0.00000,9.80665,0.000000,0.00000,-0.00000,0.00000,0.00000,9.80665,0.000000,0.000000,0.000000,0,1,1,1,1,1,0,0,0,0
2026-09-21T05:52:50.685847+00:00,584679708,SIMULATED,213,1512552,DISARMED,0,-0.000000,0.00000,7.4000,0.0000,25.00,25.00,0.00000,0.00000,0,520,0,500,0,0,0,0,20,0,520,0,0,0,0,0,0,0,0,600,600,600,100,100,0.00000,0.00000,9.80665,0.000000,0.00000,-0.00000,0.00000,0.00000,9.80665,0.000000,0.000000,0.000000,0,1,1,1,1,1,0,0,0,0
2026-09-21T05:52:50.685924+00:00,584757208,SIMULATED,214,1514956,DISARMED,0,-0.000000,0.00000,7.4000,0.0000,25.00,25.00,0.00000,0.00000,0,520,0,500,0,0,0,0,20,0,520,0,0,0,0,0,0,0,0,600,600,600,100,100,0.00000,0.00000,9.80665,0.000000,0.00000,-0.00000,0.00000,0.00000,9.80665,0.000000,0.000000,0.000000,0,1,1,1,1,1,0,0,0,0
2026-09-21T05:52:50.686006+00:00,584839250,SIMULATED,215,1517360,DISARMED,0,-0.000000,0.00000,7.4000,0.0000,25.00,25.00,0.00000,0.00000,0,520,0,500,0,0,0,0,20,0,520,0,0,0,0,0,0,0,0,600,600,600,100,100,0.00000,0.00000,9.80665,0.000000,0.00000,-0.00000,0.00000,0.00000,9.80665,0.000000,0.000000,0.000000,0,1,1,1,1,1,0,0,0,0
2026-09-21T05:52:50.686083+00:00,584915875,SIMULATED,216,1519764,DISARMED,0,-0.000000,0.00000,7.4000,0.0000,25.00,25.00,0.00000,0.00000,0,520,0,500,0,0,0,0,20,0,520,0,0,0,0,0,0,0,0,600,600,600,100,100,0.00000,0.00000,9.80665,0.000000,0.00000,-0.00000,0.00000,0.00000,9.80665,0.000000,0.000000,0.000000,0,1,1,1,1,1,0,0,0,0
2026-09-21T05:52:50.686159+00:00,584992166,SIMULATED,217,1522168,DISARMED,0,-0.000000,0.00000,7.4000,0.0000,25.00,25.00,0.00000,0.00000,0,520,0,500,0,0,0,0,20,0,520,0,0,0,0,0,0,0,0,600,600,600,100,100,0.00000,0.00000,9.80665,0.000000,0.00000,-0.00000,0.00000,0.00000,9.80665,0.000000,0.000000,0.000000,0,1,1,1,1,1,0,0,0,0
2026-09-21T05:52:50.686236+00:00,585069291,SIMULATED,218,1524572,DISARMED,0,-0.000000,0.00000,7.4000,0.0000,25.00,25.00,0.00000,0.00000,0,520,0,500,0,0,0,0,20,0,520,0,0,0,0,0,0,0,0,600,600,600,100,100,0.00000,0.00000,9.80665,0.000000,0.00000,-0.00000,0.00000,0.00000,9.80665,0.000000,0.000000,0.000000,0,1,1,1,1,1,0,0,0,0
2026-09-21T05:52:50.686316+00:00,585149291,SIMULATED,219,1526976,DISARMED,0,-0.000000,0.00000,7.4000,0.0000,25.00,25.00,0.00000,0.00000,0,520,0,500,0,0,0,0,20,0,520,0,0,0,0,0,0,0,0,600,600,600,100,100,0.00000,0.00000,9.80665,0.000000,0.00000,-0.00000,0.00000,0.00000,9.80665,0.000000,0.000000,0.000000,0,1,1,1,1,1,0,0,0,0
2026-09-21T05:52:50.686397+00:00,585230416,SIMULATED,220,1529380,DISARMED,0,-0.000000,0.00000,7.4000,0.0000,25.00,25.00,0.00000,0.00000,0,520,0,500,0,0,0,0,20,0,520,0,0,0,0,0,0,0,0,600,600,600,100,100,0.00000,0.00000,9.80665,0.000000,0.00000,-0.00000,0.00000,0.00000,9.80665,0.000000,0.000000,0.000000,0,1,1,1,1,1,0,0,0,0
2026-09-21T05:52:50.686474+00:00,585307041,SIMULATED,221,1531784,DISARMED,0,-0.000000,0.00000,7.4000,0.0000,25.00,25.00,0.00000,0.00000,0,520,0,500,0,0,0,0,20,0,520,0,0,0,0,0,0,0,0,600,600,600,100,100,0.00000,0.00000,9.80665,0.000000,0.00000,-0.00000,0.00000,0.00000,9.80665,0.000000,0.000000,0.000000,0,1,1,1,1,1,0,0,0,0
2026-09-21T05:52:50.686554+00:00,585387041,SIMULATED,222,1534188,DISARMED,0,-0.000000,0.00000,7.4000,0.0000,25.00,25.00,0.00000,0.00000,0,520,0,500,0,0,0,0,20,0,520,0,0,0,0,0,0,0,0,600,600,600,100,100,0.00000,0.00000,9.80665,0.000000,0.00000,-0.00000,0.00000,0.00000,9.80665,0.000000,0.000000,0.000000,0,1,1,1,1,1,0,0,0,0
2026-09-21T05:52:50.686634+00:00,585467375,SIMULATED,223,1536592,DISARMED,0,-0.000000,0.00000,7.4000,0.0000,25.00,25.00,0.00000,0.00000,0,520,0,500,0,0,0,0,20,0,520,0,0,0,0,0,0,0,0,600,600,600,100,100,0.00000,0.00000,9.80665,0.000000,0.00000,-0.00000,0.00000,0.00000,9.80665,0.000000,0.000000,0.000000,0,1,1,1,1,1,0,0,0,0
2026-09-21T05:52:50.686711+00:00,585543958,SIMULATED,224,1538996,DISARMED,0,-0.000000,0.00000,7.4000,0.0000,25.00,25.00,0.00000,0.00000,0,520,0,500,0,0,0,0,20,0,520,0,0,0,0,0,0,0,0,600,600,600,100,100,0.00000,0.00000,9.80665,0.000000,0.00000,-0.00000,0.00000,0.00000,9.80665,0.000000,0.000000,0.000000,0,1,1,1,1,1,0,0,0,0
2026-09-21T05:52:50.686790+00:00,585622916,SIMULATED,225,1541400,DISARMED,0,-0.000000,0.00000,7.4000,0.0000,25.00,25.00,0.00000,0.00000,0,520,0,500,0,0,0,0,20,0,520,0,0,0,0,0,0,0,0,600,600,600,100,100,0.00000,0.00000,9.80665,0.000000,0.00000,-0.00000,0.00000,0.00000,9.80665,0.000000,0.000000,0.000000,0,1,1,1,1,1,0,0,0,0
2026-09-21T05:52:50.686867+00:00,585699416,SIMULATED,226,1543804,DISARMED,0,-0.000000,0.00000,7.4000,0.0000,25.00,25.00,0.00000,0.00000,0,520,0,500,0,0,0,0,20,0,520,0,0,0,0,0,0,0,0,600,600,600,100,100,0.00000,0.00000,9.80665,0.000000,0.00000,-0.00000,0.00000,0.00000,9.80665,0.000000,0.000000,0.000000,0,1,1,1,1,1,0,0,0,0
2026-09-21T05:52:50.686943+00:00,585776083,SIMULATED,227,1546208,DISARMED,0,-0.000000,0.00000,7.4000,0.0000,25.00,25.00,0.00000,0.00000,0,520,0,500,0,0,0,0,20,0,520,0,0,0,0,0,0,0,0,600,600,600,100,100,0.00000,0.00000,9.80665,0.000000,0.00000,-0.00000,0.00000,0.00000,9.80665,0.000000,0.000000,0.000000,0,1,1,1,1,1,0,0,0,0
2026-09-21T05:52:50.687025+00:00,585857666,SIMULATED,228,1548612,DISARMED,0,-0.000000,0.00000,7.4000,0.0000,25.00,25.00,0.00000,0.00000,0,520,0,500,0,0,0,0,20,0,520,0,0,0,0,0,0,0,0,600,600,600,100,100,0.00000,0.00000,9.80665,0.000000,0.00000,-0.00000,0.00000,0.00000,9.80665,0.000000,0.000000,0.000000,0,1,1,1,1,1,0,0,0,0
2026-09-21T05:52:50.687102+00:00,585934625,SIMULATED,229,1551016,DISARMED,0,-0.000000,0.00000,7.4000,0.0000,25.00,25.00,0.00000,0.00000,0,520,0,500,0,0,0,0,20,0,520,0,0,0,0,0,0,0,0,600,600,600,100,100,0.00000,0.00000,9.80665,0.000000,0.00000,-0.00000,0.00000,0.00000,9.80665,0.000000,0.000000,0.000000,0,1,1,1,1,1,0,0,0,0
2026-09-21T05:52:50.687183+00:00,586016083,SIMULATED,230,1553420,DISARMED,0,-0.000000,0.00000,7.4000,0.0000,25.00,25.00,0.00000,0.00000,0,520,0,500,0,0,0,0,20,0,520,0,0,0,0,0,0,0,0,600,600,600,100,100,0.00000,0.00000,9.80665,0.000000,0.00000,-0.00000,0.00000,0.00000,9.80665,0.000000,0.000000,0.000000,0,1,1,1,1,1,0,0,0,0
2026-09-21T05:52:50.687263+00:00,586095750,SIMULATED,231,1555824,DISARMED,0,-0.000000,0.00000,7.4000,0.0000,25.00,25.00,0.00000,0.00000,0,520,0,500,0,0,0,0,20,0,520,0,0,0,0,0,0,0,0,600,600,600,100,100,0.00000,0.00000,9.80665,0.000000,0.00000,-0.00000,0.00000,0.00000,9.80665,0.000000,0.000000,0.000000,0,1,1,1,1,1,0,0,0,0
2026-09-21T05:52:50.687340+00:00,586172541,SIMULATED,232,1558228,DISARMED,0,-0.000000,0.00000,7.4000,0.0000,25.00,25.00,0.00000,0.00000,0,520,0,500,0,0,0,0,20,0,520,0,0,0,0,0,0,0,0,600,600,600,100,100,0.00000,0.00000,9.80665,0.000000,0.00000,-0.00000,0.00000,0.00000,9.80665,0.000000,0.000000,0.000000,0,1,1,1,1,1,0,0,0,0
2026-09-21T05:52:50.687417+00:00,586250291,SIMULATED,233,1560632,DISARMED,0,-0.000000,0.00000,7.4000,0.0000,25.00,25.00,0.00000,0.00000,0,520,0,500,0,0,0,0,20,0,520,0,0,0,0,0,0,0,0,600,600,600,100,100,0.00000,0.00000,9.80665,0.000000,0.00000,-0.00000,0.00000,0.00000,9.80665,0.000000,0.000000,0.000000,0,1,1,1,1,1,0,0,0,0
2026-09-21T05:52:50.687499+00:00,586331625,SIMULATED,234,1563036,DISARMED,0,-0.000000,0.00000,7.4000,0.0000,25.00,25.00,0.00000,0.00000,0,520,0,500,0,0,0,0,20,0,520,0,0,0,0,0,0,0,0,600,600,600,100,100,0.00000,0.00000,9.80665,0.000000,0.00000,-0.00000,0.00000,0.00000,9.80665,0.000000,0.000000,0.000000,0,1,1,1,1,1,0,0,0,0
2026-09-21T05:52:50.687576+00:00,586408500,SIMULATED,235,1565440,DISARMED,0,-0.000000,0.00000,7.4000,0.0000,25.00,25.00,0.00000,0.00000,0,520,0,500,0,0,0,0,20,0,520,0,0,0,0,0,0,0,0,600,600,600,100,100,0.00000,0.00000,9.80665,0.000000,0.00000,-0.00000,0.00000,0.00000,9.80665,0.000000,0.000000,0.000000,0,1,1,1,1,1,0,0,0,0
2026-09-21T05:52:50.687651+00:00,586483916,SIMULATED,236,1567844,DISARMED,0,-0.000000,0.00000,7.4000,0.0000,25.00,25.00,0.00000,0.00000,0,520,0,500,0,0,0,0,20,0,520,0,0,0,0,0,0,0,0,600,600,600,100,100,0.00000,0.00000,9.80665,0.000000,0.00000,-0.00000,0.00000,0.00000,9.80665,0.000000,0.000000,0.000000,0,1,1,1,1,1,0,0,0,0
2026-09-21T05:52:50.687736+00:00,586569000,SIMULATED,237,1570248,DISARMED,0,-0.000000,0.00000,7.4000,0.0000,25.00,25.00,0.00000,0.00000,0,520,0,500,0,0,0,0,20,0,520,0,0,0,0,0,0,0,0,600,600,600,100,100,0.00000,0.00000,9.80665,0.000000,0.00000,-0.00000,0.00000,0.00000,9.80665,0.000000,0.000000,0.000000,0,1,1,1,1,1,0,0,0,0
2026-09-21T05:52:50.687813+00:00,586646333,SIMULATED,238,1572652,DISARMED,0,-0.000000,0.00000,7.4000,0.0000,25.00,25.00,0.00000,0.00000,0,520,0,500,0,0,0,0,20,0,520,0,0,0,0,0,0,0,0,600,600,600,100,100,0.00000,0.00000,9.80665,0.000000,0.00000,-0.00000,0.00000,0.00000,9.80665,0.000000,0.000000,0.000000,0,1,1,1,1,1,0,0,0,0
2026-09-21T05:52:50.687890+00:00,586723041,SIMULATED,239,1575056,DISARMED,0,-0.000000,0.00000,7.4000,0.0000,25.00,25.00,0.00000,0.00000,0,520,0,500,0,0,0,0,20,0,520,0,0,0,0,0,0,0,0,600,600,600,100,100,0.00000,0.00000,9.80665,0.000000,0.00000,-0.00000,0.00000,0.00000,9.80665,0.000000,0.000000,0.000000,0,1,1,1,1,1,0,0,0,0
2026-09-21T05:52:50.687973+00:00,586805416,SIMULATED,240,1577460,DISARMED,0,-0.000000,0.00000,7.4000,0.0000,25.00,25.00,0.00000,0.00000,0,520,0,500,0,0,0,0,20,0,520,0,0,0,0,0,0,0,0,600,600,600,100,100,0.00000,0.00000,9.80665,0.000000,0.00000,-0.00000,0.00000,0.00000,9.80665,0.000000,0.000000,0.000000,0,1,1,1,1,1,0,0,0,0
2026-09-21T05:52:50.688053+00:00,586886000,SIMULATED,241,1579864,DISARMED,0,-0.000000,0.00000,7.4000,0.0000,25.00,25.00,0.00000,0.00000,0,520,0,500,0,0,0,0,20,0,520,0,0,0,0,0,0,0,0,600,600,600,100,100,0.00000,0.00000,9.80665,0.000000,0.00000,-0.00000,0.00000,0.00000,9.80665,0.000000,0.000000,0.000000,0,1,1,1,1,1,0,0,0,0
2026-09-21T05:52:50.688132+00:00,586965000,SIMULATED,242,1582268,DISARMED,0,-0.000000,0.00000,7.4000,0.0000,25.00,25.00,0.00000,0.00000,0,520,0,500,0,0,0,0,20,0,520,0,0,0,0,0,0,0,0,600,600,600,100,100,0.00000,0.00000,9.80665,0.000000,0.00000,-0.00000,0.00000,0.00000,9.80665,0.000000,0.000000,0.000000,0,1,1,1,1,1,0,0,0,0
2026-09-21T05:52:50.688212+00:00,587044833,SIMULATED,243,1584672,DISARMED,0,-0.000000,0.00000,7.4000,0.0000,25.00,25.00,0.00000,0.00000,0,520,0,500,0,0,0,0,20,0,520,0,0,0,0,0,0,0,0,600,600,600,100,100,0.00000,0.00000,9.80665,0.000000,0.00000,-0.00000,0.00000,0.00000,9.80665,0.000000,0.000000,0.000000,0,1,1,1,1,1,0,0,0,0
2026-09-21T05:52:50.688288+00:00,587120958,SIMULATED,244,1587076,DISARMED,0,-0.000000,0.00000,7.4000,0.0000,25.00,25.00,0.00000,0.00000,0,520,0,500,0,0,0,0,20,0,520,0,0,0,0,0,0,0,0,600,600,600,100,100,0.00000,0.00000,9.80665,0.000000,0.00000,-0.00000,0.00000,0.00000,9.80665,0.000000,0.000000,0.000000,0,1,1,1,1,1,0,0,0,0
2026-09-21T05:52:50.688364+00:00,587196916,SIMULATED,245,1589480,DISARMED,0,-0.000000,0.00000,7.4000,0.0000,25.00,25.00,0.00000,0.00000,0,520,0,500,0,0,0,0,20,0,520,0,0,0,0,0,0,0,0,600,600,600,100,100,0.00000,0.00000,9.80665,0.000000,0.00000,-0.00000,0.00000,0.00000,9.80665,0.000000,0.000000,0.000000,0,1,1,1,1,1,0,0,0,0
2026-09-21T05:52:50.688440+00:00,587273041,SIMULATED,246,1591884,DISARMED,0,-0.000000,0.00000,7.4000,0.0000,25.00,25.00,0.00000,0.00000,0,520,0,500,0,0,0,0,20,0,520,0,0,0,0,0,0,0,0,600,600,600,100,100,0.00000,0.00000,9.80665,0.000000,0.00000,-0.00000,0.00000,0.00000,9.80665,0.000000,0.000000,0.000000,0,1,1,1,1,1,0,0,0,0
2026-09-21T05:52:50.688517+00:00,587349583,SIMULATED,247,1594288,DISARMED,0,-0.000000,0.00000,7.4000,0.0000,25.00,25.00,0.00000,0.00000,0,520,0,500,0,0,0,0,20,0,520,0,0,0,0,0,0,0,0,600,600,600,100,100,0.00000,0.00000,9.80665,0.000000,0.00000,-0.00000,0.00000,0.00000,9.80665,0.000000,0.000000,0.000000,0,1,1,1,1,1,0,0,0,0
2026-09-21T05:52:50.688593+00:00,587426041,SIMULATED,248,1596692,DISARMED,0,-0.000000,0.00000,7.4000,0.0000,25.00,25.00,0.00000,0.00000,0,520,0,500,0,0,0,0,20,0,520,0,0,0,0,0,0,0,0,600,600,600,100,100,0.00000,0.00000,9.80665,0.000000,0.00000,-0.00000,0.00000,0.00000,9.80665,0.000000,0.000000,0.000000,0,1,1,1,1,1,0,0,0,0
2026-09-21T05:52:50.688672+00:00,587505333,SIMULATED,249,1599096,DISARMED,0,-0.000000,0.00000,7.4000,0.0000,25.00,25.00,0.00000,0.00000,0,520,0,500,0,0,0,0,20,0,520,0,0,0,0,0,0,0,0,600,600,600,100,100,0.00000,0.00000,9.80665,0.000000,0.00000,-0.00000,0.00000,0.00000,9.80665,0.000000,0.000000,0.000000,0,1,1,1,1,1,0,0,0,0
2026-09-21T05:52:50.688753+00:00,587586083,SIMULATED,250,1601500,DISARMED,0,-0.000000,0.00000,7.4000,0.0000,25.00,25.00,0.00000,0.00000,0,520,0,500,0,0,0,0,20,0,520,0,0,0,0,0,0,0,0,600,600,600,100,100,0.00000,0.00000,9.80665,0.000000,0.00000,-0.00000,0.00000,0.00000,9.80665,0.000000,0.000000,0.000000,0,1,1,1,1,1,0,0,0,0
2026-09-21T05:52:50.688829+00:00,587662166,SIMULATED,251,1603904,DISARMED,0,-0.000000,0.00000,7.4000,0.0000,25.00,25.00,0.00000,0.00000,0,520,0,500,0,0,0,0,20,0,520,0,0,0,0,0,0,0,0,600,600,600,100,100,0.00000,0.00000,9.80665,0.000000,0.00000,-0.00000,0.00000,0.00000,9.80665,0.000000,0.000000,0.000000,0,1,1,1,1,1,0,0,0,0
2026-09-21T05:52:50.688905+00:00,587738000,SIMULATED,252,1606308,DISARMED,0,-0.000000,0.00000,7.4000,0.0000,25.00,25.00,0.00000,0.00000,0,520,0,500,0,0,0,0,20,0,520,0,0,0,0,0,0,0,0,600,600,600,100,100,0.00000,0.00000,9.80665,0.000000,0.00000,-0.00000,0.00000,0.00000,9.80665,0.000000,0.000000,0.000000,0,1,1,1,1,1,0,0,0,0
2026-09-21T05:52:50.688987+00:00,587820041,SIMULATED,253,1608712,DISARMED,0,-0.000000,0.00000,7.4000,0.0000,25.00,25.00,0.00000,0.00000,0,520,0,500,0,0,0,0,20,0,520,0,0,0,0,0,0,0,0,600,600,600,100,100,0.00000,0.00000,9.80665,0.000000,0.00000,-0.00000,0.00000,0.00000,9.80665,0.000000,0.000000,0.000000,0,1,1,1,1,1,0,0,0,0
2026-09-21T05:52:50.689064+00:00,587896750,SIMULATED,254,1611116,DISARMED,0,-0.000000,0.00000,7.4000,0.0000,25.00,25.00,0.00000,0.00000,0,520,0,500,0,0,0,0,20,0,520,0,0,0,0,0,0,0,0,600,600,600,100,100,0.00000,0.00000,9.80665,0.000000,0.00000,-0.00000,0.00000,0.00000,9.80665,0.000000,0.000000,0.000000,0,1,1,1,1,1,0,0,0,0
2026-09-21T05:52:50.689144+00:00,587976458,SIMULATED,255,1613520,DISARMED,0,-0.000000,0.00000,7.4000,0.0000,25.00,25.00,0.00000,0.00000,0,520,0,500,0,0,0,0,20,0,520,0,0,0,0,0,0,0,0,600,600,600,100,100,0.00000,0.00000,9.80665,0.000000,0.00000,-0.00000,0.00000,0.00000,9.80665,0.000000,0.000000,0.000000,0,1,1,1,1,1,0,0,0,0
2026-09-21T05:52:50.689222+00:00,588055458,SIMULATED,256,1615924,DISARMED,0,-0.000000,0.00000,7.4000,0.0000,25.00,25.00,0.00000,0.00000,0,520,0,500,0,0,0,0,20,0,520,0,0,0,0,0,0,0,0,600,600,600,100,100,0.00000,0.00000,9.80665,0.000000,0.00000,-0.00000,0.00000,0.00000,9.80665,0.000000,0.000000,0.000000,0,1,1,1,1,1,0,0,0,0
2026-09-21T05:52:50.689299+00:00,588132416,SIMULATED,257,1618328,DISARMED,0,-0.000000,0.00000,7.4000,0.0000,25.00,25.00,0.00000,0.00000,0,520,0,500,0,0,0,0,20,0,520,0,0,0,0,0,0,0,0,600,600,600,100,100,0.00000,0.00000,9.80665,0.000000,0.00000,-0.00000,0.00000,0.00000,9.80665,0.000000,0.000000,0.000000,0,1,1,1,1,1,0,0,0,0
2026-09-21T05:52:50.689376+00:00,588208500,SIMULATED,258,1620732,DISARMED,0,-0.000000,0.00000,7.4000,0.0000,25.00,25.00,0.00000,0.00000,0,520,0,500,0,0,0,0,20,0,520,0,0,0,0,0,0,0,0,600,600,600,100,100,0.00000,0.00000,9.80665,0.000000,0.00000,-0.00000,0.00000,0.00000,9.80665,0.000000,0.000000,0.000000,0,1,1,1,1,1,0,0,0,0
2026-09-21T05:52:50.689452+00:00,588284958,SIMULATED,259,1623136,DISARMED,0,-0.000000,0.00000,7.4000,0.0000,25.00,25.00,0.00000,0.00000,0,520,0,500,0,0,0,0,20,0,520,0,0,0,0,0,0,0,0,600,600,600,100,100,0.00000,0.00000,9.80665,0.000000,0.00000,-0.00000,0.00000,0.00000,9.80665,0.000000,0.000000,0.000000,0,1,1,1,1,1,0,0,0,0
2026-09-21T05:52:50.689581+00:00,588418791,SIMULATED,260,1625540,DISARMED,0,-0.000000,0.00000,7.4000,0.0000,25.00,25.00,0.00000,0.00000,0,520,0,500,0,0,0,0,20,0,520,0,0,0,0,0,0,0,0,600,600,600,100,100,0.00000,0.00000,9.80665,0.000000,0.00000,-0.00000,0.00000,0.00000,9.80665,0.000000,0.000000,0.000000,0,1,1,1,1,1,0,0,0,0
2026-09-21T05:52:50.689699+00:00,588533500,SIMULATED,261,1627944,DISARMED,0,-0.000000,0.00000,7.4000,0.0000,25.00,25.00,0.00000,0.00000,0,520,0,500,0,0,0,0,20,0,520,0,0,0,0,0,0,0,0,600,600,600,100,100,0.00000,0.00000,9.80665,0.000000,0.00000,-0.00000,0.00000,0.00000,9.80665,0.000000,0.000000,0.000000,0,1,1,1,1,1,0,0,0,0
2026-09-21T05:52:50.689791+00:00,588624500,SIMULATED,262,1630348,DISARMED,0,-0.000000,0.00000,7.4000,0.0000,25.00,25.00,0.00000,0.00000,0,520,0,500,0,0,0,0,20,0,520,0,0,0,0,0,0,0,0,600,600,600,100,100,0.00000,0.00000,9.80665,0.000000,0.00000,-0.00000,0.00000,0.00000,9.80665,0.000000,0.000000,0.000000,0,1,1,1,1,1,0,0,0,0
2026-09-21T05:52:50.689875+00:00,588708833,SIMULATED,263,1632752,DISARMED,0,-0.000000,0.00000,7.4000,0.0000,25.00,25.00,0.00000,0.00000,0,520,0,500,0,0,0,0,20,0,520,0,0,0,0,0,0,0,0,600,600,600,100,100,0.00000,0.00000,9.80665,0.000000,0.00000,-0.00000,0.00000,0.00000,9.80665,0.000000,0.000000,0.000000,0,1,1,1,1,1,0,0,0,0
2026-09-21T05:52:50.689957+00:00,588790333,SIMULATED,264,1635156,DISARMED,0,-0.000000,0.00000,7.4000,0.0000,25.00,25.00,0.00000,0.00000,0,520,0,500,0,0,0,0,20,0,520,0,0,0,0,0,0,0,0,600,600,600,100,100,0.00000,0.00000,9.80665,0.000000,0.00000,-0.00000,0.00000,0.00000,9.80665,0.000000,0.000000,0.000000,0,1,1,1,1,1,0,0,0,0
2026-09-21T05:52:50.690038+00:00,588871583,SIMULATED,265,1637560,DISARMED,0,-0.000000,0.00000,7.4000,0.0000,25.00,25.00,0.00000,0.00000,0,520,0,500,0,0,0,0,20,0,520,0,0,0,0,0,0,0,0,600,600,600,100,100,0.00000,0.00000,9.80665,0.000000,0.00000,-0.00000,0.00000,0.00000,9.80665,0.000000,0.000000,0.000000,0,1,1,1,1,1,0,0,0,0
2026-09-21T05:52:50.690129+00:00,588962583,SIMULATED,266,1639964,DISARMED,0,-0.000000,0.00000,7.4000,0.0000,25.00,25.00,0.00000,0.00000,0,520,0,500,0,0,0,0,20,0,520,0,0,0,0,0,0,0,0,600,600,600,100,100,0.00000,0.00000,9.80665,0.000000,0.00000,-0.00000,0.00000,0.00000,9.80665,0.000000,0.000000,0.000000,0,1,1,1,1,1,0,0,0,0
2026-09-21T05:52:50.690223+00:00,589056541,SIMULATED,267,1642368,DISARMED,0,-0.000000,0.00000,7.4000,0.0000,25.00,25.00,0.00000,0.00000,0,520,0,500,0,0,0,0,20,0,520,0,0,0,0,0,0,0,0,600,600,600,100,100,0.00000,0.00000,9.80665,0.000000,0.00000,-0.00000,0.00000,0.00000,9.80665,0.000000,0.000000,0.000000,0,1,1,1,1,1,0,0,0,0
2026-09-21T05:52:50.690305+00:00,589138666,SIMULATED,268,1644772,DISARMED,0,-0.000000,0.00000,7.4000,0.0000,25.00,25.00,0.00000,0.00000,0,520,0,500,0,0,0,0,20,0,520,0,0,0,0,0,0,0,0,600,600,600,100,100,0.00000,0.00000,9.80665,0.000000,0.00000,-0.00000,0.00000,0.00000,9.80665,0.000000,0.000000,0.000000,0,1,1,1,1,1,0,0,0,0
2026-09-21T05:52:50.690385+00:00,589218458,SIMULATED,269,1647176,DISARMED,0,-0.000000,0.00000,7.4000,0.0000,25.00,25.00,0.00000,0.00000,0,520,0,500,0,0,0,0,20,0,520,0,0,0,0,0,0,0,0,600,600,600,100,100,0.00000,0.00000,9.80665,0.000000,0.00000,-0.00000,0.00000,0.00000,9.80665,0.000000,0.000000,0.000000,0,1,1,1,1,1,0,0,0,0
2026-09-21T05:52:50.690471+00:00,589304333,SIMULATED,270,1649580,DISARMED,0,-0.000000,0.00000,7.4000,0.0000,25.00,25.00,0.00000,0.00000,0,520,0,500,0,0,0,0,20,0,520,0,0,0,0,0,0,0,0,600,600,600,100,100,0.00000,0.00000,9.80665,0.000000,0.00000,-0.00000,0.00000,0.00000,9.80665,0.000000,0.000000,0.000000,0,1,1,1,1,1,0,0,0,0
2026-09-21T05:52:50.690549+00:00,589382541,SIMULATED,271,1651984,DISARMED,0,-0.000000,0.00000,7.4000,0.0000,25.00,25.00,0.00000,0.00000,0,520,0,500,0,0,0,0,20,0,520,0,0,0,0,0,0,0,0,600,600,600,100,100,0.00000,0.00000,9.80665,0.000000,0.00000,-0.00000,0.00000,0.00000,9.80665,0.000000,0.000000,0.000000,0,1,1,1,1,1,0,0,0,0
2026-09-21T05:52:50.690627+00:00,589460375,SIMULATED,272,1654388,DISARMED,0,-0.000000,0.00000,7.4000,0.0000,25.00,25.00,0.00000,0.00000,0,520,0,500,0,0,0,0,20,0,520,0,0,0,0,0,0,0,0,600,600,600,100,100,0.00000,0.00000,9.80665,0.000000,0.00000,-0.00000,0.00000,0.00000,9.80665,0.000000,0.000000,0.000000,0,1,1,1,1,1,0,0,0,0
2026-09-21T05:52:50.690710+00:00,589542708,SIMULATED,273,1656792,DISARMED,0,-0.000000,0.00000,7.4000,0.0000,25.00,25.00,0.00000,0.00000,0,520,0,500,0,0,0,0,20,0,520,0,0,0,0,0,0,0,0,600,600,600,100,100,0.00000,0.00000,9.80665,0.000000,0.00000,-0.00000,0.00000,0.00000,9.80665,0.000000,0.000000,0.000000,0,1,1,1,1,1,0,0,0,0
2026-09-21T05:52:50.690800+00:00,589633416,SIMULATED,274,1659196,DISARMED,0,-0.000000,0.00000,7.4000,0.0000,25.00,25.00,0.00000,0.00000,0,520,0,500,0,0,0,0,20,0,520,0,0,0,0,0,0,0,0,600,600,600,100,100,0.00000,0.00000,9.80665,0.000000,0.00000,-0.00000,0.00000,0.00000,9.80665,0.000000,0.000000,0.000000,0,1,1,1,1,1,0,0,0,0
2026-09-21T05:52:50.690880+00:00,589712583,SIMULATED,275,1661600,DISARMED,0,-0.000000,0.00000,7.4000,0.0000,25.00,25.00,0.00000,0.00000,0,520,0,500,0,0,0,0,20,0,520,0,0,0,0,0,0,0,0,600,600,600,100,100,0.00000,0.00000,9.80665,0.000000,0.00000,-0.00000,0.00000,0.00000,9.80665,0.000000,0.000000,0.000000,0,1,1,1,1,1,0,0,0,0
2026-09-21T05:52:50.690964+00:00,589796708,SIMULATED,276,1664004,DISARMED,0,-0.000000,0.00000,7.4000,0.0000,25.00,25.00,0.00000,0.00000,0,520,0,500,0,0,0,0,20,0,520,0,0,0,0,0,0,0,0,600,600,600,100,100,0.00000,0.00000,9.80665,0.000000,0.00000,-0.00000,0.00000,0.00000,9.80665,0.000000,0.000000,0.000000,0,1,1,1,1,1,0,0,0,0
2026-09-21T05:52:50.691043+00:00,589876166,SIMULATED,277,1666408,DISARMED,0,-0.000000,0.00000,7.4000,0.0000,25.00,25.00,0.00000,0.00000,0,520,0,500,0,0,0,0,20,0,520,0,0,0,0,0,0,0,0,600,600,600,100,100,0.00000,0.00000,9.80665,0.000000,0.00000,-0.00000,0.00000,0.00000,9.80665,0.000000,0.000000,0.000000,0,1,1,1,1,1,0,0,0,0
2026-09-21T05:52:50.691122+00:00,589955083,SIMULATED,278,1668812,DISARMED,0,-0.000000,0.00000,7.4000,0.0000,25.00,25.00,0.00000,0.00000,0,520,0,500,0,0,0,0,20,0,520,0,0,0,0,0,0,0,0,600,600,600,100,100,0.00000,0.00000,9.80665,0.000000,0.00000,-0.00000,0.00000,0.00000,9.80665,0.000000,0.000000,0.000000,0,1,1,1,1,1,0,0,0,0
2026-09-21T05:52:50.691211+00:00,590043958,SIMULATED,279,1671216,DISARMED,0,-0.000000,0.00000,7.4000,0.0000,25.00,25.00,0.00000,0.00000,0,520,0,500,0,0,0,0,20,0,520,0,0,0,0,0,0,0,0,600,600,600,100,100,0.00000,0.00000,9.80665,0.000000,0.00000,-0.00000,0.00000,0.00000,9.80665,0.000000,0.000000,0.000000,0,1,1,1,1,1,0,0,0,0
2026-09-21T05:52:50.691294+00:00,590127125,SIMULATED,280,1673620,DISARMED,0,-0.000000,0.00000,7.4000,0.0000,25.00,25.00,0.00000,0.00000,0,520,0,500,0,0,0,0,20,0,520,0,0,0,0,0,0,0,0,600,600,600,100,100,0.00000,0.00000,9.80665,0.000000,0.00000,-0.00000,0.00000,0.00000,9.80665,0.000000,0.000000,0.000000,0,1,1,1,1,1,0,0,0,0
2026-09-21T05:52:50.691364+00:00,590196250,SIMULATED,281,1676024,DISARMED,0,-0.000000,0.00000,7.4000,0.0000,25.00,25.00,0.00000,0.00000,0,520,0,500,0,0,0,0,20,0,520,0,0,0,0,0,0,0,0,600,600,600,100,100,0.00000,0.00000,9.80665,0.000000,0.00000,-0.00000,0.00000,0.00000,9.80665,0.000000,0.000000,0.000000,0,1,1,1,1,1,0,0,0,0
2026-09-21T05:52:50.691432+00:00,590264541,SIMULATED,282,1678428,DISARMED,0,-0.000000,0.00000,7.4000,0.0000,25.00,25.00,0.00000,0.00000,0,520,0,500,0,0,0,0,20,0,520,0,0,0,0,0,0,0,0,600,600,600,100,100,0.00000,0.00000,9.80665,0.000000,0.00000,-0.00000,0.00000,0.00000,9.80665,0.000000,0.000000,0.000000,0,1,1,1,1,1,0,0,0,0
2026-09-21T05:52:50.691501+00:00,590333541,SIMULATED,283,1680832,DISARMED,0,-0.000000,0.00000,7.4000,0.0000,25.00,25.00,0.00000,0.00000,0,520,0,500,0,0,0,0,20,0,520,0,0,0,0,0,0,0,0,600,600,600,100,100,0.00000,0.00000,9.80665,0.000000,0.00000,-0.00000,0.00000,0.00000,9.80665,0.000000,0.000000,0.000000,0,1,1,1,1,1,0,0,0,0
2026-09-21T05:52:50.691569+00:00,590401375,SIMULATED,284,1683236,DISARMED,0,-0.000000,0.00000,7.4000,0.0000,25.00,25.00,0.00000,0.00000,0,520,0,500,0,0,0,0,20,0,520,0,0,0,0,0,0,0,0,600,600,600,100,100,0.00000,0.00000,9.80665,0.000000,0.00000,-0.00000,0.00000,0.00000,9.80665,0.000000,0.000000,0.000000,0,1,1,1,1,1,0,0,0,0
2026-09-21T05:52:50.691640+00:00,590472541,SIMULATED,285,1685640,DISARMED,0,-0.000000,0.00000,7.4000,0.0000,25.00,25.00,0.00000,0.00000,0,520,0,500,0,0,0,0,20,0,520,0,0,0,0,0,0,0,0,600,600,600,100,100,0.00000,0.00000,9.80665,0.000000,0.00000,-0.00000,0.00000,0.00000,9.80665,0.000000,0.000000,0.000000,0,1,1,1,1,1,0,0,0,0
2026-09-21T05:52:50.691708+00:00,590541083,SIMULATED,286,1688044,DISARMED,0,-0.000000,0.00000,7.4000,0.0000,25.00,25.00,0.00000,0.00000,0,520,0,500,0,0,0,0,20,0,520,0,0,0,0,0,0,0,0,600,600,600,100,100,0.00000,0.00000,9.80665,0.000000,0.00000,-0.00000,0.00000,0.00000,9.80665,0.000000,0.000000,0.000000,0,1,1,1,1,1,0,0,0,0
2026-09-21T05:52:50.691778+00:00,590611166,SIMULATED,287,1690448,DISARMED,0,-0.000000,0.00000,7.4000,0.0000,25.00,25.00,0.00000,0.00000,0,520,0,500,0,0,0,0,20,0,520,0,0,0,0,0,0,0,0,600,600,600,100,100,0.00000,0.00000,9.80665,0.000000,0.00000,-0.00000,0.00000,0.00000,9.80665,0.000000,0.000000,0.000000,0,1,1,1,1,1,0,0,0,0
2026-09-21T05:52:50.691848+00:00,590681166,SIMULATED,288,1692852,DISARMED,0,-0.000000,0.00000,7.4000,0.0000,25.00,25.00,0.00000,0.00000,0,520,0,500,0,0,0,0,20,0,520,0,0,0,0,0,0,0,0,600,600,600,100,100,0.00000,0.00000,9.80665,0.000000,0.00000,-0.00000,0.00000,0.00000,9.80665,0.000000,0.000000,0.000000,0,1,1,1,1,1,0,0,0,0
2026-09-21T05:52:50.691917+00:00,590750208,SIMULATED,289,1695256,DISARMED,0,-0.000000,0.00000,7.4000,0.0000,25.00,25.00,0.00000,0.00000,0,520,0,500,0,0,0,0,20,0,520,0,0,0,0,0,0,0,0,600,600,600,100,100,0.00000,0.00000,9.80665,0.000000,0.00000,-0.00000,0.00000,0.00000,9.80665,0.000000,0.000000,0.000000,0,1,1,1,1,1,0,0,0,0
2026-09-21T05:52:50.692071+00:00,590904625,SIMULATED,290,1697660,DISARMED,0,-0.000000,0.00000,7.4000,0.0000,25.00,25.00,0.00000,0.00000,0,520,0,500,0,0,0,0,20,0,520,0,0,0,0,0,0,0,0,600,600,600,100,100,0.00000,0.00000,9.80665,0.000000,0.00000,-0.00000,0.00000,0.00000,9.80665,0.000000,0.000000,0.000000,0,1,1,1,1,1,0,0,0,0
2026-09-21T05:52:50.692151+00:00,590983666,SIMULATED,291,1700064,DISARMED,0,-0.000000,0.00000,7.4000,0.0000,25.00,25.00,0.00000,0.00000,0,520,0,500,0,0,0,0,20,0,520,0,0,0,0,0,0,0,0,600,600,600,100,100,0.00000,0.00000,9.80665,0.000000,0.00000,-0.00000,0.00000,0.00000,9.80665,0.000000,0.000000,0.000000,0,1,1,1,1,1,0,0,0,0
2026-09-21T05:52:50.692218+00:00,591051083,SIMULATED,292,1702468,DISARMED,0,-0.000000,0.00000,7.4000,0.0000,25.00,25.00,0.00000,0.00000,0,520,0,500,0,0,0,0,20,0,520,0,0,0,0,0,0,0,0,600,600,600,100,100,0.00000,0.00000,9.80665,0.000000,0.00000,-0.00000,0.00000,0.00000,9.80665,0.000000,0.000000,0.000000,0,1,1,1,1,1,0,0,0,0
2026-09-21T05:52:50.692285+00:00,591117833,SIMULATED,293,1704872,DISARMED,0,-0.000000,0.00000,7.4000,0.0000,25.00,25.00,0.00000,0.00000,0,520,0,500,0,0,0,0,20,0,520,0,0,0,0,0,0,0,0,600,600,600,100,100,0.00000,0.00000,9.80665,0.000000,0.00000,-0.00000,0.00000,0.00000,9.80665,0.000000,0.000000,0.000000,0,1,1,1,1,1,0,0,0,0
2026-09-21T05:52:50.692353+00:00,591185791,SIMULATED,294,1707276,DISARMED,0,-0.000000,0.00000,7.4000,0.0000,25.00,25.00,0.00000,0.00000,0,520,0,500,0,0,0,0,20,0,520,0,0,0,0,0,0,0,0,600,600,600,100,100,0.00000,0.00000,9.80665,0.000000,0.00000,-0.00000,0.00000,0.00000,9.80665,0.000000,0.000000,0.000000,0,1,1,1,1,1,0,0,0,0
2026-09-21T05:52:50.692419+00:00,591251875,SIMULATED,295,1709680,DISARMED,0,-0.000000,0.00000,7.4000,0.0000,25.00,25.00,0.00000,0.00000,0,520,0,500,0,0,0,0,20,0,520,0,0,0,0,0,0,0,0,600,600,600,100,100,0.00000,0.00000,9.80665,0.000000,0.00000,-0.00000,0.00000,0.00000,9.80665,0.000000,0.000000,0.000000,0,1,1,1,1,1,0,0,0,0
2026-09-21T05:52:50.692485+00:00,591318083,SIMULATED,296,1712084,DISARMED,0,-0.000000,0.00000,7.4000,0.0000,25.00,25.00,0.00000,0.00000,0,520,0,500,0,0,0,0,20,0,520,0,0,0,0,0,0,0,0,600,600,600,100,100,0.00000,0.00000,9.80665,0.000000,0.00000,-0.00000,0.00000,0.00000,9.80665,0.000000,0.000000,0.000000,0,1,1,1,1,1,0,0,0,0
2026-09-21T05:52:50.692560+00:00,591392541,SIMULATED,297,1714488,DISARMED,0,-0.000000,0.00000,7.4000,0.0000,25.00,25.00,0.00000,0.00000,0,520,0,500,0,0,0,0,20,0,520,0,0,0,0,0,0,0,0,600,600,600,100,100,0.00000,0.00000,9.80665,0.000000,0.00000,-0.00000,0.00000,0.00000,9.80665,0.000000,0.000000,0.000000,0,1,1,1,1,1,0,0,0,0
2026-09-21T05:52:50.692627+00:00,591459875,SIMULATED,298,1716892,DISARMED,0,-0.000000,0.00000,7.4000,0.0000,25.00,25.00,0.00000,0.00000,0,520,0,500,0,0,0,0,20,0,520,0,0,0,0,0,0,0,0,600,600,600,100,100,0.00000,0.00000,9.80665,0.000000,0.00000,-0.00000,0.00000,0.00000,9.80665,0.000000,0.000000,0.000000,0,1,1,1,1,1,0,0,0,0
2026-09-21T05:52:50.692694+00:00,591526458,SIMULATED,299,1719296,DISARMED,0,-0.000000,0.00000,7.4000,0.0000,25.00,25.00,0.00000,0.00000,0,520,0,500,0,0,0,0,20,0,520,0,0,0,0,0,0,0,0,600,600,600,100,100,0.00000,0.00000,9.80665,0.000000,0.00000,-0.00000,0.00000,0.00000,9.80665,0.000000,0.000000,0.000000,0,1,1,1,1,1,0,0,0,0
2026-09-21T05:52:50.692764+00:00,591597125,SIMULATED,300,1721700,DISARMED,0,-0.000000,0.00000,7.4000,0.0000,25.00,25.00,0.00000,0.00000,0,520,0,500,0,0,0,0,20,0,520,0,0,0,0,0,0,0,0,600,600,600,100,100,0.00000,0.00000,9.80665,0.000000,0.00000,-0.00000,0.00000,0.00000,9.80665,0.000000,0.000000,0.000000,0,1,1,1,1,1,0,0,0,0
2026-09-21T05:52:50.692831+00:00,591663333,SIMULATED,301,1724104,DISARMED,0,-0.000000,0.00000,7.4000,0.0000,25.00,25.00,0.00000,0.00000,0,520,0,500,0,0,0,0,20,0,520,0,0,0,0,0,0,0,0,600,600,600,100,100,0.00000,0.00000,9.80665,0.000000,0.00000,-0.00000,0.00000,0.00000,9.80665,0.000000,0.000000,0.000000,0,1,1,1,1,1,0,0,0,0
2026-09-21T05:52:50.692897+00:00,591730208,SIMULATED,302,1726508,DISARMED,0,-0.000000,0.00000,7.4000,0.0000,25.00,25.00,0.00000,0.00000,0,520,0,500,0,0,0,0,20,0,520,0,0,0,0,0,0,0,0,600,600,600,100,100,0.00000,0.00000,9.80665,0.000000,0.00000,-0.00000,0.00000,0.00000,9.80665,0.000000,0.000000,0.000000,0,1,1,1,1,1,0,0,0,0
2026-09-21T05:52:50.692967+00:00,591799583,SIMULATED,303,1728912,DISARMED,0,-0.000000,0.00000,7.4000,0.0000,25.00,25.00,0.00000,0.00000,0,520,0,500,0,0,0,0,20,0,520,0,0,0,0,0,0,0,0,600,600,600,100,100,0.00000,0.00000,9.80665,0.000000,0.00000,-0.00000,0.00000,0.00000,9.80665,0.000000,0.000000,0.000000,0,1,1,1,1,1,0,0,0,0
2026-09-21T05:52:50.693038+00:00,591870916,SIMULATED,304,1731316,DISARMED,0,-0.000000,0.00000,7.4000,0.0000,25.00,25.00,0.00000,0.00000,0,520,0,500,0,0,0,0,20,0,520,0,0,0,0,0,0,0,0,600,600,600,100,100,0.00000,0.00000,9.80665,0.000000,0.00000,-0.00000,0.00000,0.00000,9.80665,0.000000,0.000000,0.000000,0,1,1,1,1,1,0,0,0,0
2026-09-21T05:52:50.693105+00:00,591937583,SIMULATED,305,1733720,DISARMED,0,-0.000000,0.00000,7.4000,0.0000,25.00,25.00,0.00000,0.00000,0,520,0,500,0,0,0,0,20,0,520,0,0,0,0,0,0,0,0,600,600,600,100,100,0.00000,0.00000,9.80665,0.000000,0.00000,-0.00000,0.00000,0.00000,9.80665,0.000000,0.000000,0.000000,0,1,1,1,1,1,0,0,0,0
2026-09-21T05:52:50.693175+00:00,592007291,SIMULATED,306,1736124,DISARMED,0,-0.000000,0.00000,7.4000,0.0000,25.00,25.00,0.00000,0.00000,0,520,0,500,0,0,0,0,20,0,520,0,0,0,0,0,0,0,0,600,600,600,100,100,0.00000,0.00000,9.80665,0.000000,0.00000,-0.00000,0.00000,0.00000,9.80665,0.000000,0.000000,0.000000,0,1,1,1,1,1,0,0,0,0
2026-09-21T05:52:50.693241+00:00,592073500,SIMULATED,307,1738528,DISARMED,0,-0.000000,0.00000,7.4000,0.0000,25.00,25.00,0.00000,0.00000,0,520,0,500,0,0,0,0,20,0,520,0,0,0,0,0,0,0,0,600,600,600,100,100,0.00000,0.00000,9.80665,0.000000,0.00000,-0.00000,0.00000,0.00000,9.80665,0.000000,0.000000,0.000000,0,1,1,1,1,1,0,0,0,0
2026-09-21T05:52:50.693308+00:00,592140375,SIMULATED,308,1740932,DISARMED,0,-0.000000,0.00000,7.4000,0.0000,25.00,25.00,0.00000,0.00000,0,520,0,500,0,0,0,0,20,0,520,0,0,0,0,0,0,0,0,600,600,600,100,100,0.00000,0.00000,9.80665,0.000000,0.00000,-0.00000,0.00000,0.00000,9.80665,0.000000,0.000000,0.000000,0,1,1,1,1,1,0,0,0,0
2026-09-21T05:52:50.693377+00:00,592209333,SIMULATED,309,1743336,DISARMED,0,-0.000000,0.00000,7.4000,0.0000,25.00,25.00,0.00000,0.00000,0,520,0,500,0,0,0,0,20,0,520,0,0,0,0,0,0,0,0,600,600,600,100,100,0.00000,0.00000,9.80665,0.000000,0.00000,-0.00000,0.00000,0.00000,9.80665,0.000000,0.000000,0.000000,0,1,1,1,1,1,0,0,0,0
2026-09-21T05:52:50.693451+00:00,592284291,SIMULATED,310,1745740,DISARMED,0,-0.000000,0.00000,7.4000,0.0000,25.00,25.00,0.00000,0.00000,0,520,0,500,0,0,0,0,20,0,520,0,0,0,0,0,0,0,0,600,600,600,100,100,0.00000,0.00000,9.80665,0.000000,0.00000,-0.00000,0.00000,0.00000,9.80665,0.000000,0.000000,0.000000,0,1,1,1,1,1,0,0,0,0
2026-09-21T05:52:50.693518+00:00,592351125,SIMULATED,311,1748144,DISARMED,0,-0.000000,0.00000,7.4000,0.0000,25.00,25.00,0.00000,0.00000,0,520,0,500,0,0,0,0,20,0,520,0,0,0,0,0,0,0,0,600,600,600,100,100,0.00000,0.00000,9.80665,0.000000,0.00000,-0.00000,0.00000,0.00000,9.80665,0.000000,0.000000,0.000000,0,1,1,1,1,1,0,0,0,0
2026-09-21T05:52:50.693584+00:00,592416833,SIMULATED,312,1750548,DISARMED,0,-0.000000,0.00000,7.4000,0.0000,25.00,25.00,0.00000,0.00000,0,520,0,500,0,0,0,0,20,0,520,0,0,0,0,0,0,0,0,600,600,600,100,100,0.00000,0.00000,9.80665,0.000000,0.00000,-0.00000,0.00000,0.00000,9.80665,0.000000,0.000000,0.000000,0,1,1,1,1,1,0,0,0,0
2026-09-21T05:52:50.693650+00:00,592483041,SIMULATED,313,1752952,DISARMED,0,-0.000000,0.00000,7.4000,0.0000,25.00,25.00,0.00000,0.00000,0,520,0,500,0,0,0,0,20,0,520,0,0,0,0,0,0,0,0,600,600,600,100,100,0.00000,0.00000,9.80665,0.000000,0.00000,-0.00000,0.00000,0.00000,9.80665,0.000000,0.000000,0.000000,0,1,1,1,1,1,0,0,0,0
2026-09-21T05:52:50.693716+00:00,592549000,SIMULATED,314,1755356,DISARMED,0,-0.000000,0.00000,7.4000,0.0000,25.00,25.00,0.00000,0.00000,0,520,0,500,0,0,0,0,20,0,520,0,0,0,0,0,0,0,0,600,600,600,100,100,0.00000,0.00000,9.80665,0.000000,0.00000,-0.00000,0.00000,0.00000,9.80665,0.000000,0.000000,0.000000,0,1,1,1,1,1,0,0,0,0
2026-09-21T05:52:50.693786+00:00,592618291,SIMULATED,315,1757760,DISARMED,0,-0.000000,0.00000,7.4000,0.0000,25.00,25.00,0.00000,0.00000,0,520,0,500,0,0,0,0,20,0,520,0,0,0,0,0,0,0,0,600,600,600,100,100,0.00000,0.00000,9.80665,0.000000,0.00000,-0.00000,0.00000,0.00000,9.80665,0.000000,0.000000,0.000000,0,1,1,1,1,1,0,0,0,0
2026-09-21T05:52:50.693852+00:00,592684708,SIMULATED,316,1760164,DISARMED,0,-0.000000,0.00000,7.4000,0.0000,25.00,25.00,0.00000,0.00000,0,520,0,500,0,0,0,0,20,0,520,0,0,0,0,0,0,0,0,600,600,600,100,100,0.00000,0.00000,9.80665,0.000000,0.00000,-0.00000,0.00000,0.00000,9.80665,0.000000,0.000000,0.000000,0,1,1,1,1,1,0,0,0,0
2026-09-21T05:52:50.693922+00:00,592754875,SIMULATED,317,1762568,DISARMED,0,-0.000000,0.00000,7.4000,0.0000,25.00,25.00,0.00000,0.00000,0,520,0,500,0,0,0,0,20,0,520,0,0,0,0,0,0,0,0,600,600,600,100,100,0.00000,0.00000,9.80665,0.000000,0.00000,-0.00000,0.00000,0.00000,9.80665,0.000000,0.000000,0.000000,0,1,1,1,1,1,0,0,0,0
2026-09-21T05:52:50.693988+00:00,592820958,SIMULATED,318,1764972,DISARMED,0,-0.000000,0.00000,7.4000,0.0000,25.00,25.00,0.00000,0.00000,0,520,0,500,0,0,0,0,20,0,520,0,0,0,0,0,0,0,0,600,600,600,100,100,0.00000,0.00000,9.80665,0.000000,0.00000,-0.00000,0.00000,0.00000,9.80665,0.000000,0.000000,0.000000,0,1,1,1,1,1,0,0,0,0
2026-09-21T05:52:50.694058+00:00,592890958,SIMULATED,319,1767376,DISARMED,0,-0.000000,0.00000,7.4000,0.0000,25.00,25.00,0.00000,0.00000,0,520,0,500,0,0,0,0,20,0,520,0,0,0,0,0,0,0,0,600,600,600,100,100,0.00000,0.00000,9.80665,0.000000,0.00000,-0.00000,0.00000,0.00000,9.80665,0.000000,0.000000,0.000000,0,1,1,1,1,1,0,0,0,0
2026-09-21T05:52:50.694156+00:00,592989208,SIMULATED,320,1769780,DISARMED,0,-0.000000,0.00000,7.4000,0.0000,25.00,25.00,0.00000,0.00000,0,520,0,500,0,0,0,0,20,0,520,0,0,0,0,0,0,0,0,600,600,600,100,100,0.00000,0.00000,9.80665,0.000000,0.00000,-0.00000,0.00000,0.00000,9.80665,0.000000,0.000000,0.000000,0,1,1,1,1,1,0,0,0,0
2026-09-21T05:52:50.694225+00:00,593057958,SIMULATED,321,1772184,DISARMED,0,-0.000000,0.00000,7.4000,0.0000,25.00,25.00,0.00000,0.00000,0,520,0,500,0,0,0,0,20,0,520,0,0,0,0,0,0,0,0,600,600,600,100,100,0.00000,0.00000,9.80665,0.000000,0.00000,-0.00000,0.00000,0.00000,9.80665,0.000000,0.000000,0.000000,0,1,1,1,1,1,0,0,0,0
2026-09-21T05:52:50.694292+00:00,593124250,SIMULATED,322,1774588,DISARMED,0,-0.000000,0.00000,7.4000,0.0000,25.00,25.00,0.00000,0.00000,0,520,0,500,0,0,0,0,20,0,520,0,0,0,0,0,0,0,0,600,600,600,100,100,0.00000,0.00000,9.80665,0.000000,0.00000,-0.00000,0.00000,0.00000,9.80665,0.000000,0.000000,0.000000,0,1,1,1,1,1,0,0,0,0
2026-09-21T05:52:50.694358+00:00,593190458,SIMULATED,323,1776992,DISARMED,0,-0.000000,0.00000,7.4000,0.0000,25.00,25.00,0.00000,0.00000,0,520,0,500,0,0,0,0,20,0,520,0,0,0,0,0,0,0,0,600,600,600,100,100,0.00000,0.00000,9.80665,0.000000,0.00000,-0.00000,0.00000,0.00000,9.80665,0.000000,0.000000,0.000000,0,1,1,1,1,1,0,0,0,0
2026-09-21T05:52:50.694424+00:00,593256583,SIMULATED,324,1779396,DISARMED,0,-0.000000,0.00000,7.4000,0.0000,25.00,25.00,0.00000,0.00000,0,520,0,500,0,0,0,0,20,0,520,0,0,0,0,0,0,0,0,600,600,600,100,100,0.00000,0.00000,9.80665,0.000000,0.00000,-0.00000,0.00000,0.00000,9.80665,0.000000,0.000000,0.000000,0,1,1,1,1,1,0,0,0,0
2026-09-21T05:52:50.694490+00:00,593322708,SIMULATED,325,1781800,DISARMED,0,-0.000000,0.00000,7.4000,0.0000,25.00,25.00,0.00000,0.00000,0,520,0,500,0,0,0,0,20,0,520,0,0,0,0,0,0,0,0,600,600,600,100,100,0.00000,0.00000,9.80665,0.000000,0.00000,-0.00000,0.00000,0.00000,9.80665,0.000000,0.000000,0.000000,0,1,1,1,1,1,0,0,0,0
2026-09-21T05:52:50.694556+00:00,593388833,SIMULATED,326,1784204,DISARMED,0,-0.000000,0.00000,7.4000,0.0000,25.00,25.00,0.00000,0.00000,0,520,0,500,0,0,0,0,20,0,520,0,0,0,0,0,0,0,0,600,600,600,100,100,0.00000,0.00000,9.80665,0.000000,0.00000,-0.00000,0.00000,0.00000,9.80665,0.000000,0.000000,0.000000,0,1,1,1,1,1,0,0,0,0
2026-09-21T05:52:50.694630+00:00,593462458,SIMULATED,327,1786608,DISARMED,0,-0.000000,0.00000,7.4000,0.0000,25.00,25.00,0.00000,0.00000,0,520,0,500,0,0,0,0,20,0,520,0,0,0,0,0,0,0,0,600,600,600,100,100,0.00000,0.00000,9.80665,0.000000,0.00000,-0.00000,0.00000,0.00000,9.80665,0.000000,0.000000,0.000000,0,1,1,1,1,1,0,0,0,0
2026-09-21T05:52:50.694697+00:00,593529416,SIMULATED,328,1789012,DISARMED,0,-0.000000,0.00000,7.4000,0.0000,25.00,25.00,0.00000,0.00000,0,520,0,500,0,0,0,0,20,0,520,0,0,0,0,0,0,0,0,600,600,600,100,100,0.00000,0.00000,9.80665,0.000000,0.00000,-0.00000,0.00000,0.00000,9.80665,0.000000,0.000000,0.000000,0,1,1,1,1,1,0,0,0,0
2026-09-21T05:52:50.694764+00:00,593596625,SIMULATED,329,1791416,DISARMED,0,-0.000000,0.00000,7.4000,0.0000,25.00,25.00,0.00000,0.00000,0,520,0,500,0,0,0,0,20,0,520,0,0,0,0,0,0,0,0,600,600,600,100,100,0.00000,0.00000,9.80665,0.000000,0.00000,-0.00000,0.00000,0.00000,9.80665,0.000000,0.000000,0.000000,0,1,1,1,1,1,0,0,0,0
2026-09-21T05:52:50.694838+00:00,593670291,SIMULATED,330,1793820,DISARMED,0,-0.000000,0.00000,7.4000,0.0000,25.00,25.00,0.00000,0.00000,0,520,0,500,0,0,0,0,20,0,520,0,0,0,0,0,0,0,0,600,600,600,100,100,0.00000,0.00000,9.80665,0.000000,0.00000,-0.00000,0.00000,0.00000,9.80665,0.000000,0.000000,0.000000,0,1,1,1,1,1,0,0,0,0
2026-09-21T05:52:50.694904+00:00,593736833,SIMULATED,331,1796224,DISARMED,0,-0.000000,0.00000,7.4000,0.0000,25.00,25.00,0.00000,0.00000,0,520,0,500,0,0,0,0,20,0,520,0,0,0,0,0,0,0,0,600,600,600,100,100,0.00000,0.00000,9.80665,0.000000,0.00000,-0.00000,0.00000,0.00000,9.80665,0.000000,0.000000,0.000000,0,1,1,1,1,1,0,0,0,0
2026-09-21T05:52:50.694971+00:00,593803291,SIMULATED,332,1798628,DISARMED,0,-0.000000,0.00000,7.4000,0.0000,25.00,25.00,0.00000,0.00000,0,520,0,500,0,0,0,0,20,0,520,0,0,0,0,0,0,0,0,600,600,600,100,100,0.00000,0.00000,9.80665,0.000000,0.00000,-0.00000,0.00000,0.00000,9.80665,0.000000,0.000000,0.000000,0,1,1,1,1,1,0,0,0,0
2026-09-21T05:52:50.695040+00:00,593873208,SIMULATED,333,1801032,DISARMED,0,-0.000000,0.00000,7.4000,0.0000,25.00,25.00,0.00000,0.00000,0,520,0,500,0,0,0,0,20,0,520,0,0,0,0,0,0,0,0,600,600,600,100,100,0.00000,0.00000,9.80665,0.000000,0.00000,-0.00000,0.00000,0.00000,9.80665,0.000000,0.000000,0.000000,0,1,1,1,1,1,0,0,0,0
2026-09-21T05:52:50.695107+00:00,593939083,SIMULATED,334,1803436,DISARMED,0,-0.000000,0.00000,7.4000,0.0000,25.00,25.00,0.00000,0.00000,0,520,0,500,0,0,0,0,20,0,520,0,0,0,0,0,0,0,0,600,600,600,100,100,0.00000,0.00000,9.80665,0.000000,0.00000,-0.00000,0.00000,0.00000,9.80665,0.000000,0.000000,0.000000,0,1,1,1,1,1,0,0,0,0
2026-09-21T05:52:50.695173+00:00,594005291,SIMULATED,335,1805840,DISARMED,0,-0.000000,0.00000,7.4000,0.0000,25.00,25.00,0.00000,0.00000,0,520,0,500,0,0,0,0,20,0,520,0,0,0,0,0,0,0,0,600,600,600,100,100,0.00000,0.00000,9.80665,0.000000,0.00000,-0.00000,0.00000,0.00000,9.80665,0.000000,0.000000,0.000000,0,1,1,1,1,1,0,0,0,0
2026-09-21T05:52:50.695239+00:00,594071625,SIMULATED,336,1808244,DISARMED,0,-0.000000,0.00000,7.4000,0.0000,25.00,25.00,0.00000,0.00000,0,520,0,500,0,0,0,0,20,0,520,0,0,0,0,0,0,0,0,600,600,600,100,100,0.00000,0.00000,9.80665,0.000000,0.00000,-0.00000,0.00000,0.00000,9.80665,0.000000,0.000000,0.000000,0,1,1,1,1,1,0,0,0,0
2026-09-21T05:52:50.695307+00:00,594139875,SIMULATED,337,1810648,DISARMED,0,-0.000000,0.00000,7.4000,0.0000,25.00,25.00,0.00000,0.00000,0,520,0,500,0,0,0,0,20,0,520,0,0,0,0,0,0,0,0,600,600,600,100,100,0.00000,0.00000,9.80665,0.000000,0.00000,-0.00000,0.00000,0.00000,9.80665,0.000000,0.000000,0.000000,0,1,1,1,1,1,0,0,0,0
2026-09-21T05:52:50.695374+00:00,594206291,SIMULATED,338,1813052,DISARMED,0,-0.000000,0.00000,7.4000,0.0000,25.00,25.00,0.00000,0.00000,0,520,0,500,0,0,0,0,20,0,520,0,0,0,0,0,0,0,0,600,600,600,100,100,0.00000,0.00000,9.80665,0.000000,0.00000,-0.00000,0.00000,0.00000,9.80665,0.000000,0.000000,0.000000,0,1,1,1,1,1,0,0,0,0
2026-09-21T05:52:50.695443+00:00,594275708,SIMULATED,339,1815456,DISARMED,0,-0.000000,0.00000,7.4000,0.0000,25.00,25.00,0.00000,0.00000,0,520,0,500,0,0,0,0,20,0,520,0,0,0,0,0,0,0,0,600,600,600,100,100,0.00000,0.00000,9.80665,0.000000,0.00000,-0.00000,0.00000,0.00000,9.80665,0.000000,0.000000,0.000000,0,1,1,1,1,1,0,0,0,0
2026-09-21T05:52:50.695510+00:00,594342250,SIMULATED,340,1817860,DISARMED,0,-0.000000,0.00000,7.4000,0.0000,25.00,25.00,0.00000,0.00000,0,520,0,500,0,0,0,0,20,0,520,0,0,0,0,0,0,0,0,600,600,600,100,100,0.00000,0.00000,9.80665,0.000000,0.00000,-0.00000,0.00000,0.00000,9.80665,0.000000,0.000000,0.000000,0,1,1,1,1,1,0,0,0,0
2026-09-21T05:52:50.695580+00:00,594412333,SIMULATED,341,1820264,DISARMED,0,-0.000000,0.00000,7.4000,0.0000,25.00,25.00,0.00000,0.00000,0,520,0,500,0,0,0,0,20,0,520,0,0,0,0,0,0,0,0,600,600,600,100,100,0.00000,0.00000,9.80665,0.000000,0.00000,-0.00000,0.00000,0.00000,9.80665,0.000000,0.000000,0.000000,0,1,1,1,1,1,0,0,0,0
2026-09-21T05:52:50.695650+00:00,594482833,SIMULATED,342,1822668,DISARMED,0,-0.000000,0.00000,7.4000,0.0000,25.00,25.00,0.00000,0.00000,0,520,0,500,0,0,0,0,20,0,520,0,0,0,0,0,0,0,0,600,600,600,100,100,0.00000,0.00000,9.80665,0.000000,0.00000,-0.00000,0.00000,0.00000,9.80665,0.000000,0.000000,0.000000,0,1,1,1,1,1,0,0,0,0
2026-09-21T05:52:50.695717+00:00,594549500,SIMULATED,343,1825072,DISARMED,0,-0.000000,0.00000,7.4000,0.0000,25.00,25.00,0.00000,0.00000,0,520,0,500,0,0,0,0,20,0,520,0,0,0,0,0,0,0,0,600,600,600,100,100,0.00000,0.00000,9.80665,0.000000,0.00000,-0.00000,0.00000,0.00000,9.80665,0.000000,0.000000,0.000000,0,1,1,1,1,1,0,0,0,0
2026-09-21T05:52:50.695784+00:00,594616500,SIMULATED,344,1827476,DISARMED,0,-0.000000,0.00000,7.4000,0.0000,25.00,25.00,0.00000,0.00000,0,520,0,500,0,0,0,0,20,0,520,0,0,0,0,0,0,0,0,600,600,600,100,100,0.00000,0.00000,9.80665,0.000000,0.00000,-0.00000,0.00000,0.00000,9.80665,0.000000,0.000000,0.000000,0,1,1,1,1,1,0,0,0,0
2026-09-21T05:52:50.695853+00:00,594685375,SIMULATED,345,1829880,DISARMED,0,-0.000000,0.00000,7.4000,0.0000,25.00,25.00,0.00000,0.00000,0,520,0,500,0,0,0,0,20,0,520,0,0,0,0,0,0,0,0,600,600,600,100,100,0.00000,0.00000,9.80665,0.000000,0.00000,-0.00000,0.00000,0.00000,9.80665,0.000000,0.000000,0.000000,0,1,1,1,1,1,0,0,0,0
2026-09-21T05:52:50.695919+00:00,594751666,SIMULATED,346,1832284,DISARMED,0,-0.000000,0.00000,7.4000,0.0000,25.00,25.00,0.00000,0.00000,0,520,0,500,0,0,0,0,20,0,520,0,0,0,0,0,0,0,0,600,600,600,100,100,0.00000,0.00000,9.80665,0.000000,0.00000,-0.00000,0.00000,0.00000,9.80665,0.000000,0.000000,0.000000,0,1,1,1,1,1,0,0,0,0
2026-09-21T05:52:50.695986+00:00,594818958,SIMULATED,347,1834688,DISARMED,0,-0.000000,0.00000,7.4000,0.0000,25.00,25.00,0.00000,0.00000,0,520,0,500,0,0,0,0,20,0,520,0,0,0,0,0,0,0,0,600,600,600,100,100,0.00000,0.00000,9.80665,0.000000,0.00000,-0.00000,0.00000,0.00000,9.80665,0.000000,0.000000,0.000000,0,1,1,1,1,1,0,0,0,0
2026-09-21T05:52:50.696053+00:00,594885791,SIMULATED,348,1837092,DISARMED,0,-0.000000,0.00000,7.4000,0.0000,25.00,25.00,0.00000,0.00000,0,520,0,500,0,0,0,0,20,0,520,0,0,0,0,0,0,0,0,600,600,600,100,100,0.00000,0.00000,9.80665,0.000000,0.00000,-0.00000,0.00000,0.00000,9.80665,0.000000,0.000000,0.000000,0,1,1,1,1,1,0,0,0,0
2026-09-21T05:52:50.696120+00:00,594952583,SIMULATED,349,1839496,DISARMED,0,-0.000000,0.00000,7.4000,0.0000,25.00,25.00,0.00000,0.00000,0,520,0,500,0,0,0,0,20,0,520,0,0,0,0,0,0,0,0,600,600,600,100,100,0.00000,0.00000,9.80665,0.000000,0.00000,-0.00000,0.00000,0.00000,9.80665,0.000000,0.000000,0.000000,0,1,1,1,1,1,0,0,0,0
2026-09-21T05:52:50.696187+00:00,595020125,SIMULATED,350,1841900,DISARMED,0,-0.000000,0.00000,7.4000,0.0000,25.00,25.00,0.00000,0.00000,0,520,0,500,0,0,0,0,20,0,520,0,0,0,0,0,0,0,0,600,600,600,100,100,0.00000,0.00000,9.80665,0.000000,0.00000,-0.00000,0.00000,0.00000,9.80665,0.000000,0.000000,0.000000,0,1,1,1,1,1,0,0,0,0
2026-09-21T05:52:50.696262+00:00,595094541,SIMULATED,351,1844304,DISARMED,0,-0.000000,0.00000,7.4000,0.0000,25.00,25.00,0.00000,0.00000,0,520,0,500,0,0,0,0,20,0,520,0,0,0,0,0,0,0,0,600,600,600,100,100,0.00000,0.00000,9.80665,0.000000,0.00000,-0.00000,0.00000,0.00000,9.80665,0.000000,0.000000,0.000000,0,1,1,1,1,1,0,0,0,0
2026-09-21T05:52:50.696329+00:00,595161291,SIMULATED,352,1846708,DISARMED,0,-0.000000,0.00000,7.4000,0.0000,25.00,25.00,0.00000,0.00000,0,520,0,500,0,0,0,0,20,0,520,0,0,0,0,0,0,0,0,600,600,600,100,100,0.00000,0.00000,9.80665,0.000000,0.00000,-0.00000,0.00000,0.00000,9.80665,0.000000,0.000000,0.000000,0,1,1,1,1,1,0,0,0,0
2026-09-21T05:52:50.696395+00:00,595227208,SIMULATED,353,1849112,DISARMED,0,-0.000000,0.00000,7.4000,0.0000,25.00,25.00,0.00000,0.00000,0,520,0,500,0,0,0,0,20,0,520,0,0,0,0,0,0,0,0,600,600,600,100,100,0.00000,0.00000,9.80665,0.000000,0.00000,-0.00000,0.00000,0.00000,9.80665,0.000000,0.000000,0.000000,0,1,1,1,1,1,0,0,0,0
2026-09-21T05:52:50.696461+00:00,595294000,SIMULATED,354,1851516,DISARMED,0,-0.000000,0.00000,7.4000,0.0000,25.00,25.00,0.00000,0.00000,0,520,0,500,0,0,0,0,20,0,520,0,0,0,0,0,0,0,0,600,600,600,100,100,0.00000,0.00000,9.80665,0.000000,0.00000,-0.00000,0.00000,0.00000,9.80665,0.000000,0.000000,0.000000,0,1,1,1,1,1,0,0,0,0
2026-09-21T05:52:50.696533+00:00,595365625,SIMULATED,355,1853920,DISARMED,0,-0.000000,0.00000,7.4000,0.0000,25.00,25.00,0.00000,0.00000,0,520,0,500,0,0,0,0,20,0,520,0,0,0,0,0,0,0,0,600,600,600,100,100,0.00000,0.00000,9.80665,0.000000,0.00000,-0.00000,0.00000,0.00000,9.80665,0.000000,0.000000,0.000000,0,1,1,1,1,1,0,0,0,0
2026-09-21T05:52:50.696599+00:00,595432041,SIMULATED,356,1856324,DISARMED,0,-0.000000,0.00000,7.4000,0.0000,25.00,25.00,0.00000,0.00000,0,520,0,500,0,0,0,0,20,0,520,0,0,0,0,0,0,0,0,600,600,600,100,100,0.00000,0.00000,9.80665,0.000000,0.00000,-0.00000,0.00000,0.00000,9.80665,0.000000,0.000000,0.000000,0,1,1,1,1,1,0,0,0,0
2026-09-21T05:52:50.696673+00:00,595506000,SIMULATED,357,1858728,DISARMED,0,-0.000000,0.00000,7.4000,0.0000,25.00,25.00,0.00000,0.00000,0,520,0,500,0,0,0,0,20,0,520,0,0,0,0,0,0,0,0,600,600,600,100,100,0.00000,0.00000,9.80665,0.000000,0.00000,-0.00000,0.00000,0.00000,9.80665,0.000000,0.000000,0.000000,0,1,1,1,1,1,0,0,0,0
2026-09-21T05:52:50.696740+00:00,595572250,SIMULATED,358,1861132,DISARMED,0,-0.000000,0.00000,7.4000,0.0000,25.00,25.00,0.00000,0.00000,0,520,0,500,0,0,0,0,20,0,520,0,0,0,0,0,0,0,0,600,600,600,100,100,0.00000,0.00000,9.80665,0.000000,0.00000,-0.00000,0.00000,0.00000,9.80665,0.000000,0.000000,0.000000,0,1,1,1,1,1,0,0,0,0
2026-09-21T05:52:50.696806+00:00,595638500,SIMULATED,359,1863536,DISARMED,0,-0.000000,0.00000,7.4000,0.0000,25.00,25.00,0.00000,0.00000,0,520,0,500,0,0,0,0,20,0,520,0,0,0,0,0,0,0,0,600,600,600,100,100,0.00000,0.00000,9.80665,0.000000,0.00000,-0.00000,0.00000,0.00000,9.80665,0.000000,0.000000,0.000000,0,1,1,1,1,1,0,0,0,0
2026-09-21T05:52:50.696872+00:00,595704375,SIMULATED,360,1865940,DISARMED,0,-0.000000,0.00000,7.4000,0.0000,25.00,25.00,0.00000,0.00000,0,520,0,500,0,0,0,0,20,0,520,0,0,0,0,0,0,0,0,600,600,600,100,100,0.00000,0.00000,9.80665,0.000000,0.00000,-0.00000,0.00000,0.00000,9.80665,0.000000,0.000000,0.000000,0,1,1,1,1,1,0,0,0,0
2026-09-21T05:52:50.696944+00:00,595776250,SIMULATED,361,1868344,DISARMED,0,-0.000000,0.00000,7.4000,0.0000,25.00,25.00,0.00000,0.00000,0,520,0,500,0,0,0,0,20,0,520,0,0,0,0,0,0,0,0,600,600,600,100,100,0.00000,0.00000,9.80665,0.000000,0.00000,-0.00000,0.00000,0.00000,9.80665,0.000000,0.000000,0.000000,0,1,1,1,1,1,0,0,0,0
2026-09-21T05:52:50.697009+00:00,595841916,SIMULATED,362,1870748,DISARMED,0,-0.000000,0.00000,7.4000,0.0000,25.00,25.00,0.00000,0.00000,0,520,0,500,0,0,0,0,20,0,520,0,0,0,0,0,0,0,0,600,600,600,100,100,0.00000,0.00000,9.80665,0.000000,0.00000,-0.00000,0.00000,0.00000,9.80665,0.000000,0.000000,0.000000,0,1,1,1,1,1,0,0,0,0
2026-09-21T05:52:50.697078+00:00,595910500,SIMULATED,363,1873152,DISARMED,0,-0.000000,0.00000,7.4000,0.0000,25.00,25.00,0.00000,0.00000,0,520,0,500,0,0,0,0,20,0,520,0,0,0,0,0,0,0,0,600,600,600,100,100,0.00000,0.00000,9.80665,0.000000,0.00000,-0.00000,0.00000,0.00000,9.80665,0.000000,0.000000,0.000000,0,1,1,1,1,1,0,0,0,0
2026-09-21T05:52:50.697144+00:00,595976166,SIMULATED,364,1875556,DISARMED,0,-0.000000,0.00000,7.4000,0.0000,25.00,25.00,0.00000,0.00000,0,520,0,500,0,0,0,0,20,0,520,0,0,0,0,0,0,0,0,600,600,600,100,100,0.00000,0.00000,9.80665,0.000000,0.00000,-0.00000,0.00000,0.00000,9.80665,0.000000,0.000000,0.000000,0,1,1,1,1,1,0,0,0,0
2026-09-21T05:52:50.697208+00:00,596040250,SIMULATED,365,1877960,DISARMED,0,-0.000000,0.00000,7.4000,0.0000,25.00,25.00,0.00000,0.00000,0,520,0,500,0,0,0,0,20,0,520,0,0,0,0,0,0,0,0,600,600,600,100,100,0.00000,0.00000,9.80665,0.000000,0.00000,-0.00000,0.00000,0.00000,9.80665,0.000000,0.000000,0.000000,0,1,1,1,1,1,0,0,0,0
2026-09-21T05:52:50.697266+00:00,596098375,SIMULATED,366,1880364,DISARMED,0,-0.000000,0.00000,7.4000,0.0000,25.00,25.00,0.00000,0.00000,0,520,0,500,0,0,0,0,20,0,520,0,0,0,0,0,0,0,0,600,600,600,100,100,0.00000,0.00000,9.80665,0.000000,0.00000,-0.00000,0.00000,0.00000,9.80665,0.000000,0.000000,0.000000,0,1,1,1,1,1,0,0,0,0
2026-09-21T05:52:50.697325+00:00,596157208,SIMULATED,367,1882768,DISARMED,0,-0.000000,0.00000,7.4000,0.0000,25.00,25.00,0.00000,0.00000,0,520,0,500,0,0,0,0,20,0,520,0,0,0,0,0,0,0,0,600,600,600,100,100,0.00000,0.00000,9.80665,0.000000,0.00000,-0.00000,0.00000,0.00000,9.80665,0.000000,0.000000,0.000000,0,1,1,1,1,1,0,0,0,0
2026-09-21T05:52:50.697386+00:00,596218666,SIMULATED,368,1885172,DISARMED,0,-0.000000,0.00000,7.4000,0.0000,25.00,25.00,0.00000,0.00000,0,520,0,500,0,0,0,0,20,0,520,0,0,0,0,0,0,0,0,600,600,600,100,100,0.00000,0.00000,9.80665,0.000000,0.00000,-0.00000,0.00000,0.00000,9.80665,0.000000,0.000000,0.000000,0,1,1,1,1,1,0,0,0,0
2026-09-21T05:52:50.697449+00:00,596281750,SIMULATED,369,1887576,DISARMED,0,-0.000000,0.00000,7.4000,0.0000,25.00,25.00,0.00000,0.00000,0,520,0,500,0,0,0,0,20,0,520,0,0,0,0,0,0,0,0,600,600,600,100,100,0.00000,0.00000,9.80665,0.000000,0.00000,-0.00000,0.00000,0.00000,9.80665,0.000000,0.000000,0.000000,0,1,1,1,1,1,0,0,0,0
2026-09-21T05:52:50.697508+00:00,596340041,SIMULATED,370,1889980,DISARMED,0,-0.000000,0.00000,7.4000,0.0000,25.00,25.00,0.00000,0.00000,0,520,0,500,0,0,0,0,20,0,520,0,0,0,0,0,0,0,0,600,600,600,100,100,0.00000,0.00000,9.80665,0.000000,0.00000,-0.00000,0.00000,0.00000,9.80665,0.000000,0.000000,0.000000,0,1,1,1,1,1,0,0,0,0
2026-09-21T05:52:50.697569+00:00,596401791,SIMULATED,371,1892384,DISARMED,0,-0.000000,0.00000,7.4000,0.0000,25.00,25.00,0.00000,0.00000,0,520,0,500,0,0,0,0,20,0,520,0,0,0,0,0,0,0,0,600,600,600,100,100,0.00000,0.00000,9.80665,0.000000,0.00000,-0.00000,0.00000,0.00000,9.80665,0.000000,0.000000,0.000000,0,1,1,1,1,1,0,0,0,0
2026-09-21T05:52:50.697627+00:00,596459875,SIMULATED,372,1894788,DISARMED,0,-0.000000,0.00000,7.4000,0.0000,25.00,25.00,0.00000,0.00000,0,520,0,500,0,0,0,0,20,0,520,0,0,0,0,0,0,0,0,600,600,600,100,100,0.00000,0.00000,9.80665,0.000000,0.00000,-0.00000,0.00000,0.00000,9.80665,0.000000,0.000000,0.000000,0,1,1,1,1,1,0,0,0,0
2026-09-21T05:52:50.697686+00:00,596518125,SIMULATED,373,1897192,DISARMED,0,-0.000000,0.00000,7.4000,0.0000,25.00,25.00,0.00000,0.00000,0,520,0,500,0,0,0,0,20,0,520,0,0,0,0,0,0,0,0,600,600,600,100,100,0.00000,0.00000,9.80665,0.000000,0.00000,-0.00000,0.00000,0.00000,9.80665,0.000000,0.000000,0.000000,0,1,1,1,1,1,0,0,0,0
2026-09-21T05:52:50.697745+00:00,596577583,SIMULATED,374,1899596,DISARMED,0,-0.000000,0.00000,7.4000,0.0000,25.00,25.00,0.00000,0.00000,0,520,0,500,0,0,0,0,20,0,520,0,0,0,0,0,0,0,0,600,600,600,100,100,0.00000,0.00000,9.80665,0.000000,0.00000,-0.00000,0.00000,0.00000,9.80665,0.000000,0.000000,0.000000,0,1,1,1,1,1,0,0,0,0
2026-09-21T05:52:50.697806+00:00,596638375,SIMULATED,375,1902000,DISARMED,0,-0.000000,0.00000,7.4000,0.0000,25.00,25.00,0.00000,0.00000,0,520,0,500,0,0,0,0,20,0,520,0,0,0,0,0,0,0,0,600,600,600,100,100,0.00000,0.00000,9.80665,0.000000,0.00000,-0.00000,0.00000,0.00000,9.80665,0.000000,0.000000,0.000000,0,1,1,1,1,1,0,0,0,0
2026-09-21T05:52:50.697864+00:00,596696750,SIMULATED,376,1904404,DISARMED,0,-0.000000,0.00000,7.4000,0.0000,25.00,25.00,0.00000,0.00000,0,520,0,500,0,0,0,0,20,0,520,0,0,0,0,0,0,0,0,600,600,600,100,100,0.00000,0.00000,9.80665,0.000000,0.00000,-0.00000,0.00000,0.00000,9.80665,0.000000,0.000000,0.000000,0,1,1,1,1,1,0,0,0,0
2026-09-21T05:52:50.697923+00:00,596755083,SIMULATED,377,1906808,DISARMED,0,-0.000000,0.00000,7.4000,0.0000,25.00,25.00,0.00000,0.00000,0,520,0,500,0,0,0,0,20,0,520,0,0,0,0,0,0,0,0,600,600,600,100,100,0.00000,0.00000,9.80665,0.000000,0.00000,-0.00000,0.00000,0.00000,9.80665,0.000000,0.000000,0.000000,0,1,1,1,1,1,0,0,0,0
2026-09-21T05:52:50.697982+00:00,596814041,SIMULATED,378,1909212,DISARMED,0,-0.000000,0.00000,7.4000,0.0000,25.00,25.00,0.00000,0.00000,0,520,0,500,0,0,0,0,20,0,520,0,0,0,0,0,0,0,0,600,600,600,100,100,0.00000,0.00000,9.80665,0.000000,0.00000,-0.00000,0.00000,0.00000,9.80665,0.000000,0.000000,0.000000,0,1,1,1,1,1,0,0,0,0
2026-09-21T05:52:50.698040+00:00,596872750,SIMULATED,379,1911616,DISARMED,0,-0.000000,0.00000,7.4000,0.0000,25.00,25.00,0.00000,0.00000,0,520,0,500,0,0,0,0,20,0,520,0,0,0,0,0,0,0,0,600,600,600,100,100,0.00000,0.00000,9.80665,0.000000,0.00000,-0.00000,0.00000,0.00000,9.80665,0.000000,0.000000,0.000000,0,1,1,1,1,1,0,0,0,0
2026-09-21T05:52:50.698102+00:00,596934916,SIMULATED,380,1914020,DISARMED,0,-0.000000,0.00000,7.4000,0.0000,25.00,25.00,0.00000,0.00000,0,520,0,500,0,0,0,0,20,0,520,0,0,0,0,0,0,0,0,600,600,600,100,100,0.00000,0.00000,9.80665,0.000000,0.00000,-0.00000,0.00000,0.00000,9.80665,0.000000,0.000000,0.000000,0,1,1,1,1,1,0,0,0,0
2026-09-21T05:52:50.698167+00:00,596999458,SIMULATED,381,1916424,DISARMED,0,-0.000000,0.00000,7.4000,0.0000,25.00,25.00,0.00000,0.00000,0,520,0,500,0,0,0,0,20,0,520,0,0,0,0,0,0,0,0,600,600,600,100,100,0.00000,0.00000,9.80665,0.000000,0.00000,-0.00000,0.00000,0.00000,9.80665,0.000000,0.000000,0.000000,0,1,1,1,1,1,0,0,0,0
2026-09-21T05:52:50.698228+00:00,597060250,SIMULATED,382,1918828,DISARMED,0,-0.000000,0.00000,7.4000,0.0000,25.00,25.00,0.00000,0.00000,0,520,0,500,0,0,0,0,20,0,520,0,0,0,0,0,0,0,0,600,600,600,100,100,0.00000,0.00000,9.80665,0.000000,0.00000,-0.00000,0.00000,0.00000,9.80665,0.000000,0.000000,0.000000,0,1,1,1,1,1,0,0,0,0
2026-09-21T05:52:50.698287+00:00,597119000,SIMULATED,383,1921232,DISARMED,0,-0.000000,0.00000,7.4000,0.0000,25.00,25.00,0.00000,0.00000,0,520,0,500,0,0,0,0,20,0,520,0,0,0,0,0,0,0,0,600,600,600,100,100,0.00000,0.00000,9.80665,0.000000,0.00000,-0.00000,0.00000,0.00000,9.80665,0.000000,0.000000,0.000000,0,1,1,1,1,1,0,0,0,0
2026-09-21T05:52:50.698345+00:00,597177750,SIMULATED,384,1923636,DISARMED,0,-0.000000,0.00000,7.4000,0.0000,25.00,25.00,0.00000,0.00000,0,520,0,500,0,0,0,0,20,0,520,0,0,0,0,0,0,0,0,600,600,600,100,100,0.00000,0.00000,9.80665,0.000000,0.00000,-0.00000,0.00000,0.00000,9.80665,0.000000,0.000000,0.000000,0,1,1,1,1,1,0,0,0,0
2026-09-21T05:52:50.698404+00:00,597236708,SIMULATED,385,1926040,DISARMED,0,-0.000000,0.00000,7.4000,0.0000,25.00,25.00,0.00000,0.00000,0,520,0,500,0,0,0,0,20,0,520,0,0,0,0,0,0,0,0,600,600,600,100,100,0.00000,0.00000,9.80665,0.000000,0.00000,-0.00000,0.00000,0.00000,9.80665,0.000000,0.000000,0.000000,0,1,1,1,1,1,0,0,0,0
2026-09-21T05:52:50.698463+00:00,597295375,SIMULATED,386,1928444,DISARMED,0,-0.000000,0.00000,7.4000,0.0000,25.00,25.00,0.00000,0.00000,0,520,0,500,0,0,0,0,20,0,520,0,0,0,0,0,0,0,0,600,600,600,100,100,0.00000,0.00000,9.80665,0.000000,0.00000,-0.00000,0.00000,0.00000,9.80665,0.000000,0.000000,0.000000,0,1,1,1,1,1,0,0,0,0
2026-09-21T05:52:50.698528+00:00,597360750,SIMULATED,387,1930848,DISARMED,0,-0.000000,0.00000,7.4000,0.0000,25.00,25.00,0.00000,0.00000,0,520,0,500,0,0,0,0,20,0,520,0,0,0,0,0,0,0,0,600,600,600,100,100,0.00000,0.00000,9.80665,0.000000,0.00000,-0.00000,0.00000,0.00000,9.80665,0.000000,0.000000,0.000000,0,1,1,1,1,1,0,0,0,0
2026-09-21T05:52:50.698587+00:00,597419625,SIMULATED,388,1933252,DISARMED,0,-0.000000,0.00000,7.4000,0.0000,25.00,25.00,0.00000,0.00000,0,520,0,500,0,0,0,0,20,0,520,0,0,0,0,0,0,0,0,600,600,600,100,100,0.00000,0.00000,9.80665,0.000000,0.00000,-0.00000,0.00000,0.00000,9.80665,0.000000,0.000000,0.000000,0,1,1,1,1,1,0,0,0,0
2026-09-21T05:52:50.698646+00:00,597478458,SIMULATED,389,1935656,DISARMED,0,-0.000000,0.00000,7.4000,0.0000,25.00,25.00,0.00000,0.00000,0,520,0,500,0,0,0,0,20,0,520,0,0,0,0,0,0,0,0,600,600,600,100,100,0.00000,0.00000,9.80665,0.000000,0.00000,-0.00000,0.00000,0.00000,9.80665,0.000000,0.000000,0.000000,0,1,1,1,1,1,0,0,0,0
2026-09-21T05:52:50.698705+00:00,597537166,SIMULATED,390,1938060,DISARMED,0,-0.000000,0.00000,7.4000,0.0000,25.00,25.00,0.00000,0.00000,0,520,0,500,0,0,0,0,20,0,520,0,0,0,0,0,0,0,0,600,600,600,100,100,0.00000,0.00000,9.80665,0.000000,0.00000,-0.00000,0.00000,0.00000,9.80665,0.000000,0.000000,0.000000,0,1,1,1,1,1,0,0,0,0
2026-09-21T05:52:50.698767+00:00,597599666,SIMULATED,391,1940464,DISARMED,0,-0.000000,0.00000,7.4000,0.0000,25.00,25.00,0.00000,0.00000,0,520,0,500,0,0,0,0,20,0,520,0,0,0,0,0,0,0,0,600,600,600,100,100,0.00000,0.00000,9.80665,0.000000,0.00000,-0.00000,0.00000,0.00000,9.80665,0.000000,0.000000,0.000000,0,1,1,1,1,1,0,0,0,0
2026-09-21T05:52:50.698827+00:00,597659333,SIMULATED,392,1942868,DISARMED,0,-0.000000,0.00000,7.4000,0.0000,25.00,25.00,0.00000,0.00000,0,520,0,500,0,0,0,0,20,0,520,0,0,0,0,0,0,0,0,600,600,600,100,100,0.00000,0.00000,9.80665,0.000000,0.00000,-0.00000,0.00000,0.00000,9.80665,0.000000,0.000000,0.000000,0,1,1,1,1,1,0,0,0,0
2026-09-21T05:52:50.698891+00:00,597723583,SIMULATED,393,1945272,DISARMED,0,-0.000000,0.00000,7.4000,0.0000,25.00,25.00,0.00000,0.00000,0,520,0,500,0,0,0,0,20,0,520,0,0,0,0,0,0,0,0,600,600,600,100,100,0.00000,0.00000,9.80665,0.000000,0.00000,-0.00000,0.00000,0.00000,9.80665,0.000000,0.000000,0.000000,0,1,1,1,1,1,0,0,0,0
2026-09-21T05:52:50.698950+00:00,597782333,SIMULATED,394,1947676,DISARMED,0,-0.000000,0.00000,7.4000,0.0000,25.00,25.00,0.00000,0.00000,0,520,0,500,0,0,0,0,20,0,520,0,0,0,0,0,0,0,0,600,600,600,100,100,0.00000,0.00000,9.80665,0.000000,0.00000,-0.00000,0.00000,0.00000,9.80665,0.000000,0.000000,0.000000,0,1,1,1,1,1,0,0,0,0
2026-09-21T05:52:50.699009+00:00,597841166,SIMULATED,395,1950080,DISARMED,0,-0.000000,0.00000,7.4000,0.0000,25.00,25.00,0.00000,0.00000,0,520,0,500,0,0,0,0,20,0,520,0,0,0,0,0,0,0,0,600,600,600,100,100,0.00000,0.00000,9.80665,0.000000,0.00000,-0.00000,0.00000,0.00000,9.80665,0.000000,0.000000,0.000000,0,1,1,1,1,1,0,0,0,0
2026-09-21T05:52:50.699068+00:00,597900000,SIMULATED,396,1952484,DISARMED,0,-0.000000,0.00000,7.4000,0.0000,25.00,25.00,0.00000,0.00000,0,520,0,500,0,0,0,0,20,0,520,0,0,0,0,0,0,0,0,600,600,600,100,100,0.00000,0.00000,9.80665,0.000000,0.00000,-0.00000,0.00000,0.00000,9.80665,0.000000,0.000000,0.000000,0,1,1,1,1,1,0,0,0,0
2026-09-21T05:52:50.699127+00:00,597959583,SIMULATED,397,1954888,DISARMED,0,-0.000000,0.00000,7.4000,0.0000,25.00,25.00,0.00000,0.00000,0,520,0,500,0,0,0,0,20,0,520,0,0,0,0,0,0,0,0,600,600,600,100,100,0.00000,0.00000,9.80665,0.000000,0.00000,-0.00000,0.00000,0.00000,9.80665,0.000000,0.000000,0.000000,0,1,1,1,1,1,0,0,0,0
2026-09-21T05:52:50.699186+00:00,598018500,SIMULATED,398,1957292,DISARMED,0,-0.000000,0.00000,7.4000,0.0000,25.00,25.00,0.00000,0.00000,0,520,0,500,0,0,0,0,20,0,520,0,0,0,0,0,0,0,0,600,600,600,100,100,0.00000,0.00000,9.80665,0.000000,0.00000,-0.00000,0.00000,0.00000,9.80665,0.000000,0.000000,0.000000,0,1,1,1,1,1,0,0,0,0
2026-09-21T05:52:50.699246+00:00,598078958,SIMULATED,399,1959696,DISARMED,0,-0.000000,0.00000,7.4000,0.0000,25.00,25.00,0.00000,0.00000,0,520,0,500,0,0,0,0,20,0,520,0,0,0,0,0,0,0,0,600,600,600,100,100,0.00000,0.00000,9.80665,0.000000,0.00000,-0.00000,0.00000,0.00000,9.80665,0.000000,0.000000,0.000000,0,1,1,1,1,1,0,0,0,0
2026-09-21T05:52:50.699307+00:00,598139125,SIMULATED,400,1962100,DISARMED,0,-0.000000,0.00000,7.4000,0.0000,25.00,25.00,0.00000,0.00000,0,520,0,500,0,0,0,0,20,0,520,0,0,0,0,0,0,0,0,600,600,600,100,100,0.00000,0.00000,9.80665,0.000000,0.00000,-0.00000,0.00000,0.00000,9.80665,0.000000,0.000000,0.000000,0,1,1,1,1,1,0,0,0,0
2026-09-21T05:52:50.699370+00:00,598202583,SIMULATED,401,1964504,DISARMED,0,-0.000000,0.00000,7.4000,0.0000,25.00,25.00,0.00000,0.00000,0,520,0,500,0,0,0,0,20,0,520,0,0,0,0,0,0,0,0,600,600,600,100,100,0.00000,0.00000,9.80665,0.000000,0.00000,-0.00000,0.00000,0.00000,9.80665,0.000000,0.000000,0.000000,0,1,1,1,1,1,0,0,0,0
2026-09-21T05:52:50.699433+00:00,598265958,SIMULATED,402,1966908,DISARMED,0,-0.000000,0.00000,7.4000,0.0000,25.00,25.00,0.00000,0.00000,0,520,0,500,0,0,0,0,20,0,520,0,0,0,0,0,0,0,0,600,600,600,100,100,0.00000,0.00000,9.80665,0.000000,0.00000,-0.00000,0.00000,0.00000,9.80665,0.000000,0.000000,0.000000,0,1,1,1,1,1,0,0,0,0
2026-09-21T05:52:50.699493+00:00,598325625,SIMULATED,403,1969312,DISARMED,0,-0.000000,0.00000,7.4000,0.0000,25.00,25.00,0.00000,0.00000,0,520,0,500,0,0,0,0,20,0,520,0,0,0,0,0,0,0,0,600,600,600,100,100,0.00000,0.00000,9.80665,0.000000,0.00000,-0.00000,0.00000,0.00000,9.80665,0.000000,0.000000,0.000000,0,1,1,1,1,1,0,0,0,0
2026-09-21T05:52:50.699552+00:00,598384833,SIMULATED,404,1971716,DISARMED,0,-0.000000,0.00000,7.4000,0.0000,25.00,25.00,0.00000,0.00000,0,520,0,500,0,0,0,0,20,0,520,0,0,0,0,0,0,0,0,600,600,600,100,100,0.00000,0.00000,9.80665,0.000000,0.00000,-0.00000,0.00000,0.00000,9.80665,0.000000,0.000000,0.000000,0,1,1,1,1,1,0,0,0,0
2026-09-21T05:52:50.699614+00:00,598446166,SIMULATED,405,1974120,DISARMED,0,-0.000000,0.00000,7.4000,0.0000,25.00,25.00,0.00000,0.00000,0,520,0,500,0,0,0,0,20,0,520,0,0,0,0,0,0,0,0,600,600,600,100,100,0.00000,0.00000,9.80665,0.000000,0.00000,-0.00000,0.00000,0.00000,9.80665,0.000000,0.000000,0.000000,0,1,1,1,1,1,0,0,0,0
2026-09-21T05:52:50.699677+00:00,598509625,SIMULATED,406,1976524,DISARMED,0,-0.000000,0.00000,7.4000,0.0000,25.00,25.00,0.00000,0.00000,0,520,0,500,0,0,0,0,20,0,520,0,0,0,0,0,0,0,0,600,600,600,100,100,0.00000,0.00000,9.80665,0.000000,0.00000,-0.00000,0.00000,0.00000,9.80665,0.000000,0.000000,0.000000,0,1,1,1,1,1,0,0,0,0
2026-09-21T05:52:50.699737+00:00,598569125,SIMULATED,407,1978928,DISARMED,0,-0.000000,0.00000,7.4000,0.0000,25.00,25.00,0.00000,0.00000,0,520,0,500,0,0,0,0,20,0,520,0,0,0,0,0,0,0,0,600,600,600,100,100,0.00000,0.00000,9.80665,0.000000,0.00000,-0.00000,0.00000,0.00000,9.80665,0.000000,0.000000,0.000000,0,1,1,1,1,1,0,0,0,0
2026-09-21T05:52:50.699796+00:00,598628000,SIMULATED,408,1981332,DISARMED,0,-0.000000,0.00000,7.4000,0.0000,25.00,25.00,0.00000,0.00000,0,520,0,500,0,0,0,0,20,0,520,0,0,0,0,0,0,0,0,600,600,600,100,100,0.00000,0.00000,9.80665,0.000000,0.00000,-0.00000,0.00000,0.00000,9.80665,0.000000,0.000000,0.000000,0,1,1,1,1,1,0,0,0,0
2026-09-21T05:52:50.699854+00:00,598686666,SIMULATED,409,1983736,DISARMED,0,-0.000000,0.00000,7.4000,0.0000,25.00,25.00,0.00000,0.00000,0,520,0,500,0,0,0,0,20,0,520,0,0,0,0,0,0,0,0,600,600,600,100,100,0.00000,0.00000,9.80665,0.000000,0.00000,-0.00000,0.00000,0.00000,9.80665,0.000000,0.000000,0.000000,0,1,1,1,1,1,0,0,0,0
2026-09-21T05:52:50.699913+00:00,598745041,SIMULATED,410,1986140,DISARMED,0,-0.000000,0.00000,7.4000,0.0000,25.00,25.00,0.00000,0.00000,0,520,0,500,0,0,0,0,20,0,520,0,0,0,0,0,0,0,0,600,600,600,100,100,0.00000,0.00000,9.80665,0.000000,0.00000,-0.00000,0.00000,0.00000,9.80665,0.000000,0.000000,0.000000,0,1,1,1,1,1,0,0,0,0
2026-09-21T05:52:50.699977+00:00,598809916,SIMULATED,411,1988544,DISARMED,0,-0.000000,0.00000,7.4000,0.0000,25.00,25.00,0.00000,0.00000,0,520,0,500,0,0,0,0,20,0,520,0,0,0,0,0,0,0,0,600,600,600,100,100,0.00000,0.00000,9.80665,0.000000,0.00000,-0.00000,0.00000,0.00000,9.80665,0.000000,0.000000,0.000000,0,1,1,1,1,1,0,0,0,0
2026-09-21T05:52:50.700036+00:00,598868958,SIMULATED,412,1990948,DISARMED,0,-0.000000,0.00000,7.4000,0.0000,25.00,25.00,0.00000,0.00000,0,520,0,500,0,0,0,0,20,0,520,0,0,0,0,0,0,0,0,600,600,600,100,100,0.00000,0.00000,9.80665,0.000000,0.00000,-0.00000,0.00000,0.00000,9.80665,0.000000,0.000000,0.000000,0,1,1,1,1,1,0,0,0,0
2026-09-21T05:52:50.700095+00:00,598927458,SIMULATED,413,1993352,DISARMED,0,-0.000000,0.00000,7.4000,0.0000,25.00,25.00,0.00000,0.00000,0,520,0,500,0,0,0,0,20,0,520,0,0,0,0,0,0,0,0,600,600,600,100,100,0.00000,0.00000,9.80665,0.000000,0.00000,-0.00000,0.00000,0.00000,9.80665,0.000000,0.000000,0.000000,0,1,1,1,1,1,0,0,0,0
2026-09-21T05:52:50.700155+00:00,598987875,SIMULATED,414,1995756,DISARMED,0,-0.000000,0.00000,7.4000,0.0000,25.00,25.00,0.00000,0.00000,0,520,0,500,0,0,0,0,20,0,520,0,0,0,0,0,0,0,0,600,600,600,100,100,0.00000,0.00000,9.80665,0.000000,0.00000,-0.00000,0.00000,0.00000,9.80665,0.000000,0.000000,0.000000,0,1,1,1,1,1,0,0,0,0
2026-09-21T05:52:50.700214+00:00,599046666,SIMULATED,415,1998160,DISARMED,0,-0.000000,0.00000,7.4000,0.0000,25.00,25.00,0.00000,0.00000,0,520,0,500,0,0,0,0,20,0,520,0,0,0,0,0,0,0,0,600,600,600,100,100,0.00000,0.00000,9.80665,0.000000,0.00000,-0.00000,0.00000,0.00000,9.80665,0.000000,0.000000,0.000000,0,1,1,1,1,1,0,0,0,0
2026-09-21T05:52:50.700273+00:00,599105166,SIMULATED,416,2000564,DISARMED,0,-0.000000,0.00000,7.4000,0.0000,25.00,25.00,0.00000,0.00000,0,520,0,500,0,0,0,0,20,0,520,0,0,0,0,0,0,0,0,600,600,600,100,100,0.00000,0.00000,9.80665,0.000000,0.00000,-0.00000,0.00000,0.00000,9.80665,0.000000,0.000000,0.000000,0,1,1,1,1,1,0,0,0,0
2026-09-21T05:52:50.700337+00:00,599169791,SIMULATED,417,2002968,DISARMED,0,-0.000000,0.00000,7.4000,0.0000,25.00,25.00,0.00000,0.00000,0,520,0,500,0,0,0,0,20,0,520,0,0,0,0,0,0,0,0,600,600,600,100,100,0.00000,0.00000,9.80665,0.000000,0.00000,-0.00000,0.00000,0.00000,9.80665,0.000000,0.000000,0.000000,0,1,1,1,1,1,0,0,0,0
2026-09-21T05:52:50.700399+00:00,599231708,SIMULATED,418,2005372,DISARMED,0,-0.000000,0.00000,7.4000,0.0000,25.00,25.00,0.00000,0.00000,0,520,0,500,0,0,0,0,20,0,520,0,0,0,0,0,0,0,0,600,600,600,100,100,0.00000,0.00000,9.80665,0.000000,0.00000,-0.00000,0.00000,0.00000,9.80665,0.000000,0.000000,0.000000,0,1,1,1,1,1,0,0,0,0
2026-09-21T05:52:50.700458+00:00,599290333,SIMULATED,419,2007776,DISARMED,0,-0.000000,0.00000,7.4000,0.0000,25.00,25.00,0.00000,0.00000,0,520,0,500,0,0,0,0,20,0,520,0,0,0,0,0,0,0,0,600,600,600,100,100,0.00000,0.00000,9.80665,0.000000,0.00000,-0.00000,0.00000,0.00000,9.80665,0.000000,0.000000,0.000000,0,1,1,1,1,1,0,0,0,0
2026-09-21T05:52:50.700518+00:00,599350833,SIMULATED,420,2010180,DISARMED,0,-0.000000,0.00000,7.4000,0.0000,25.00,25.00,0.00000,0.00000,0,520,0,500,0,0,0,0,20,0,520,0,0,0,0,0,0,0,0,600,600,600,100,100,0.00000,0.00000,9.80665,0.000000,0.00000,-0.00000,0.00000,0.00000,9.80665,0.000000,0.000000,0.000000,0,1,1,1,1,1,0,0,0,0
2026-09-21T05:52:50.700581+00:00,599413375,SIMULATED,421,2012584,DISARMED,0,-0.000000,0.00000,7.4000,0.0000,25.00,25.00,0.00000,0.00000,0,520,0,500,0,0,0,0,20,0,520,0,0,0,0,0,0,0,0,600,600,600,100,100,0.00000,0.00000,9.80665,0.000000,0.00000,-0.00000,0.00000,0.00000,9.80665,0.000000,0.000000,0.000000,0,1,1,1,1,1,0,0,0,0
2026-09-21T05:52:50.700640+00:00,599472083,SIMULATED,422,2014988,DISARMED,0,-0.000000,0.00000,7.4000,0.0000,25.00,25.00,0.00000,0.00000,0,520,0,500,0,0,0,0,20,0,520,0,0,0,0,0,0,0,0,600,600,600,100,100,0.00000,0.00000,9.80665,0.000000,0.00000,-0.00000,0.00000,0.00000,9.80665,0.000000,0.000000,0.000000,0,1,1,1,1,1,0,0,0,0
2026-09-21T05:52:50.700700+00:00,599532833,SIMULATED,423,2017392,DISARMED,0,-0.000000,0.00000,7.4000,0.0000,25.00,25.00,0.00000,0.00000,0,520,0,500,0,0,0,0,20,0,520,0,0,0,0,0,0,0,0,600,600,600,100,100,0.00000,0.00000,9.80665,0.000000,0.00000,-0.00000,0.00000,0.00000,9.80665,0.000000,0.000000,0.000000,0,1,1,1,1,1,0,0,0,0
2026-09-21T05:52:50.700759+00:00,599591333,SIMULATED,424,2019796,DISARMED,0,-0.000000,0.00000,7.4000,0.0000,25.00,25.00,0.00000,0.00000,0,520,0,500,0,0,0,0,20,0,520,0,0,0,0,0,0,0,0,600,600,600,100,100,0.00000,0.00000,9.80665,0.000000,0.00000,-0.00000,0.00000,0.00000,9.80665,0.000000,0.000000,0.000000,0,1,1,1,1,1,0,0,0,0
2026-09-21T05:52:50.700817+00:00,599649291,SIMULATED,425,2022200,DISARMED,0,-0.000000,0.00000,7.4000,0.0000,25.00,25.00,0.00000,0.00000,0,520,0,500,0,0,0,0,20,0,520,0,0,0,0,0,0,0,0,600,600,600,100,100,0.00000,0.00000,9.80665,0.000000,0.00000,-0.00000,0.00000,0.00000,9.80665,0.000000,0.000000,0.000000,0,1,1,1,1,1,0,0,0,0
2026-09-21T05:52:50.700876+00:00,599708291,SIMULATED,426,2024604,DISARMED,0,-0.000000,0.00000,7.4000,0.0000,25.00,25.00,0.00000,0.00000,0,520,0,500,0,0,0,0,20,0,520,0,0,0,0,0,0,0,0,600,600,600,100,100,0.00000,0.00000,9.80665,0.000000,0.00000,-0.00000,0.00000,0.00000,9.80665,0.000000,0.000000,0.000000,0,1,1,1,1,1,0,0,0,0
2026-09-21T05:52:50.700935+00:00,599767208,SIMULATED,427,2027008,DISARMED,0,-0.000000,0.00000,7.4000,0.0000,25.00,25.00,0.00000,0.00000,0,520,0,500,0,0,0,0,20,0,520,0,0,0,0,0,0,0,0,600,600,600,100,100,0.00000,0.00000,9.80665,0.000000,0.00000,-0.00000,0.00000,0.00000,9.80665,0.000000,0.000000,0.000000,0,1,1,1,1,1,0,0,0,0
2026-09-21T05:52:50.700994+00:00,599826291,SIMULATED,428,2029412,DISARMED,0,-0.000000,0.00000,7.4000,0.0000,25.00,25.00,0.00000,0.00000,0,520,0,500,0,0,0,0,20,0,520,0,0,0,0,0,0,0,0,600,600,600,100,100,0.00000,0.00000,9.80665,0.000000,0.00000,-0.00000,0.00000,0.00000,9.80665,0.000000,0.000000,0.000000,0,1,1,1,1,1,0,0,0,0
2026-09-21T05:52:50.701055+00:00,599887208,SIMULATED,429,2031816,DISARMED,0,-0.000000,0.00000,7.4000,0.0000,25.00,25.00,0.00000,0.00000,0,520,0,500,0,0,0,0,20,0,520,0,0,0,0,0,0,0,0,600,600,600,100,100,0.00000,0.00000,9.80665,0.000000,0.00000,-0.00000,0.00000,0.00000,9.80665,0.000000,0.000000,0.000000,0,1,1,1,1,1,0,0,0,0
2026-09-21T05:52:50.701114+00:00,599946250,SIMULATED,430,2034220,DISARMED,0,-0.000000,0.00000,7.4000,0.0000,25.00,25.00,0.00000,0.00000,0,520,0,500,0,0,0,0,20,0,520,0,0,0,0,0,0,0,0,600,600,600,100,100,0.00000,0.00000,9.80665,0.000000,0.00000,-0.00000,0.00000,0.00000,9.80665,0.000000,0.000000,0.000000,0,1,1,1,1,1,0,0,0,0
2026-09-21T05:52:50.701180+00:00,600012166,SIMULATED,431,2036624,DISARMED,0,-0.000000,0.00000,7.4000,0.0000,25.00,25.00,0.00000,0.00000,0,520,0,500,0,0,0,0,20,0,520,0,0,0,0,0,0,0,0,600,600,600,100,100,0.00000,0.00000,9.80665,0.000000,0.00000,-0.00000,0.00000,0.00000,9.80665,0.000000,0.000000,0.000000,0,1,1,1,1,1,0,0,0,0
2026-09-21T05:52:50.701241+00:00,600073666,SIMULATED,432,2039028,DISARMED,0,-0.000000,0.00000,7.4000,0.0000,25.00,25.00,0.00000,0.00000,0,520,0,500,0,0,0,0,20,0,520,0,0,0,0,0,0,0,0,600,600,600,100,100,0.00000,0.00000,9.80665,0.000000,0.00000,-0.00000,0.00000,0.00000,9.80665,0.000000,0.000000,0.000000,0,1,1,1,1,1,0,0,0,0
2026-09-21T05:52:50.701300+00:00,600132083,SIMULATED,433,2041432,DISARMED,0,-0.000000,0.00000,7.4000,0.0000,25.00,25.00,0.00000,0.00000,0,520,0,500,0,0,0,0,20,0,520,0,0,0,0,0,0,0,0,600,600,600,100,100,0.00000,0.00000,9.80665,0.000000,0.00000,-0.00000,0.00000,0.00000,9.80665,0.000000,0.000000,0.000000,0,1,1,1,1,1,0,0,0,0
2026-09-21T05:52:50.701358+00:00,600190250,SIMULATED,434,2043836,DISARMED,0,-0.000000,0.00000,7.4000,0.0000,25.00,25.00,0.00000,0.00000,0,520,0,500,0,0,0,0,20,0,520,0,0,0,0,0,0,0,0,600,600,600,100,100,0.00000,0.00000,9.80665,0.000000,0.00000,-0.00000,0.00000,0.00000,9.80665,0.000000,0.000000,0.000000,0,1,1,1,1,1,0,0,0,0
2026-09-21T05:52:50.701419+00:00,600250958,SIMULATED,435,2046240,DISARMED,0,-0.000000,0.00000,7.4000,0.0000,25.00,25.00,0.00000,0.00000,0,520,0,500,0,0,0,0,20,0,520,0,0,0,0,0,0,0,0,600,600,600,100,100,0.00000,0.00000,9.80665,0.000000,0.00000,-0.00000,0.00000,0.00000,9.80665,0.000000,0.000000,0.000000,0,1,1,1,1,1,0,0,0,0
2026-09-21T05:52:50.701477+00:00,600309333,SIMULATED,436,2048644,DISARMED,0,-0.000000,0.00000,7.4000,0.0000,25.00,25.00,0.00000,0.00000,0,520,0,500,0,0,0,0,20,0,520,0,0,0,0,0,0,0,0,600,600,600,100,100,0.00000,0.00000,9.80665,0.000000,0.00000,-0.00000,0.00000,0.00000,9.80665,0.000000,0.000000,0.000000,0,1,1,1,1,1,0,0,0,0
2026-09-21T05:52:50.701535+00:00,600367625,SIMULATED,437,2051048,DISARMED,0,-0.000000,0.00000,7.4000,0.0000,25.00,25.00,0.00000,0.00000,0,520,0,500,0,0,0,0,20,0,520,0,0,0,0,0,0,0,0,600,600,600,100,100,0.00000,0.00000,9.80665,0.000000,0.00000,-0.00000,0.00000,0.00000,9.80665,0.000000,0.000000,0.000000,0,1,1,1,1,1,0,0,0,0
2026-09-21T05:52:50.701594+00:00,600426041,SIMULATED,438,2053452,DISARMED,0,-0.000000,0.00000,7.4000,0.0000,25.00,25.00,0.00000,0.00000,0,520,0,500,0,0,0,0,20,0,520,0,0,0,0,0,0,0,0,600,600,600,100,100,0.00000,0.00000,9.80665,0.000000,0.00000,-0.00000,0.00000,0.00000,9.80665,0.000000,0.000000,0.000000,0,1,1,1,1,1,0,0,0,0
2026-09-21T05:52:50.701652+00:00,600484208,SIMULATED,439,2055856,DISARMED,0,-0.000000,0.00000,7.4000,0.0000,25.00,25.00,0.00000,0.00000,0,520,0,500,0,0,0,0,20,0,520,0,0,0,0,0,0,0,0,600,600,600,100,100,0.00000,0.00000,9.80665,0.000000,0.00000,-0.00000,0.00000,0.00000,9.80665,0.000000,0.000000,0.000000,0,1,1,1,1,1,0,0,0,0
2026-09-21T05:52:50.701710+00:00,600542625,SIMULATED,440,2058260,DISARMED,0,-0.000000,0.00000,7.4000,0.0000,25.00,25.00,0.00000,0.00000,0,520,0,500,0,0,0,0,20,0,520,0,0,0,0,0,0,0,0,600,600,600,100,100,0.00000,0.00000,9.80665,0.000000,0.00000,-0.00000,0.00000,0.00000,9.80665,0.000000,0.000000,0.000000,0,1,1,1,1,1,0,0,0,0
2026-09-21T05:52:50.701777+00:00,600609166,SIMULATED,441,2060664,DISARMED,0,-0.000000,0.00000,7.4000,0.0000,25.00,25.00,0.00000,0.00000,0,520,0,500,0,0,0,0,20,0,520,0,0,0,0,0,0,0,0,600,600,600,100,100,0.00000,0.00000,9.80665,0.000000,0.00000,-0.00000,0.00000,0.00000,9.80665,0.000000,0.000000,0.000000,0,1,1,1,1,1,0,0,0,0
2026-09-21T05:52:50.701836+00:00,600668291,SIMULATED,442,2063068,DISARMED,0,-0.000000,0.00000,7.4000,0.0000,25.00,25.00,0.00000,0.00000,0,520,0,500,0,0,0,0,20,0,520,0,0,0,0,0,0,0,0,600,600,600,100,100,0.00000,0.00000,9.80665,0.000000,0.00000,-0.00000,0.00000,0.00000,9.80665,0.000000,0.000000,0.000000,0,1,1,1,1,1,0,0,0,0
2026-09-21T05:52:50.701894+00:00,600726875,SIMULATED,443,2065472,DISARMED,0,-0.000000,0.00000,7.4000,0.0000,25.00,25.00,0.00000,0.00000,0,520,0,500,0,0,0,0,20,0,520,0,0,0,0,0,0,0,0,600,600,600,100,100,0.00000,0.00000,9.80665,0.000000,0.00000,-0.00000,0.00000,0.00000,9.80665,0.000000,0.000000,0.000000,0,1,1,1,1,1,0,0,0,0
2026-09-21T05:52:50.701956+00:00,600788791,SIMULATED,444,2067876,DISARMED,0,-0.000000,0.00000,7.4000,0.0000,25.00,25.00,0.00000,0.00000,0,520,0,500,0,0,0,0,20,0,520,0,0,0,0,0,0,0,0,600,600,600,100,100,0.00000,0.00000,9.80665,0.000000,0.00000,-0.00000,0.00000,0.00000,9.80665,0.000000,0.000000,0.000000,0,1,1,1,1,1,0,0,0,0
2026-09-21T05:52:50.702021+00:00,600853375,SIMULATED,445,2070280,DISARMED,0,-0.000000,0.00000,7.4000,0.0000,25.00,25.00,0.00000,0.00000,0,520,0,500,0,0,0,0,20,0,520,0,0,0,0,0,0,0,0,600,600,600,100,100,0.00000,0.00000,9.80665,0.000000,0.00000,-0.00000,0.00000,0.00000,9.80665,0.000000,0.000000,0.000000,0,1,1,1,1,1,0,0,0,0
2026-09-21T05:52:50.702080+00:00,600912291,SIMULATED,446,2072684,DISARMED,0,-0.000000,0.00000,7.4000,0.0000,25.00,25.00,0.00000,0.00000,0,520,0,500,0,0,0,0,20,0,520,0,0,0,0,0,0,0,0,600,600,600,100,100,0.00000,0.00000,9.80665,0.000000,0.00000,-0.00000,0.00000,0.00000,9.80665,0.000000,0.000000,0.000000,0,1,1,1,1,1,0,0,0,0
2026-09-21T05:52:50.702149+00:00,600981458,SIMULATED,447,2075088,DISARMED,0,-0.000000,0.00000,7.4000,0.0000,25.00,25.00,0.00000,0.00000,0,520,0,500,0,0,0,0,20,0,520,0,0,0,0,0,0,0,0,600,600,600,100,100,0.00000,0.00000,9.80665,0.000000,0.00000,-0.00000,0.00000,0.00000,9.80665,0.000000,0.000000,0.000000,0,1,1,1,1,1,0,0,0,0
2026-09-21T05:52:50.702209+00:00,601041083,SIMULATED,448,2077492,DISARMED,0,-0.000000,0.00000,7.4000,0.0000,25.00,25.00,0.00000,0.00000,0,520,0,500,0,0,0,0,20,0,520,0,0,0,0,0,0,0,0,600,600,600,100,100,0.00000,0.00000,9.80665,0.000000,0.00000,-0.00000,0.00000,0.00000,9.80665,0.000000,0.000000,0.000000,0,1,1,1,1,1,0,0,0,0
2026-09-21T05:52:50.702267+00:00,601099458,SIMULATED,449,2079896,DISARMED,0,-0.000000,0.00000,7.4000,0.0000,25.00,25.00,0.00000,0.00000,0,520,0,500,0,0,0,0,20,0,520,0,0,0,0,0,0,0,0,600,600,600,100,100,0.00000,0.00000,9.80665,0.000000,0.00000,-0.00000,0.00000,0.00000,9.80665,0.000000,0.000000,0.000000,0,1,1,1,1,1,0,0,0,0
2026-09-21T05:52:50.702326+00:00,601158250,SIMULATED,450,2082300,DISARMED,0,-0.000000,0.00000,7.4000,0.0000,25.00,25.00,0.00000,0.00000,0,520,0,500,0,0,0,0,20,0,520,0,0,0,0,0,0,0,0,600,600,600,100,100,0.00000,0.00000,9.80665,0.000000,0.00000,-0.00000,0.00000,0.00000,9.80665,0.000000,0.000000,0.000000,0,1,1,1,1,1,0,0,0,0
2026-09-21T05:52:50.702387+00:00,601219791,SIMULATED,451,2084704,DISARMED,0,-0.000000,0.00000,7.4000,0.0000,25.00,25.00,0.00000,0.00000,0,520,0,500,0,0,0,0,20,0,520,0,0,0,0,0,0,0,0,600,600,600,100,100,0.00000,0.00000,9.80665,0.000000,0.00000,-0.00000,0.00000,0.00000,9.80665,0.000000,0.000000,0.000000,0,1,1,1,1,1,0,0,0,0
2026-09-21T05:52:50.702446+00:00,601278250,SIMULATED,452,2087108,DISARMED,0,-0.000000,0.00000,7.4000,0.0000,25.00,25.00,0.00000,0.00000,0,520,0,500,0,0,0,0,20,0,520,0,0,0,0,0,0,0,0,600,600,600,100,100,0.00000,0.00000,9.80665,0.000000,0.00000,-0.00000,0.00000,0.00000,9.80665,0.000000,0.000000,0.000000,0,1,1,1,1,1,0,0,0,0
2026-09-21T05:52:50.702506+00:00,601338791,SIMULATED,453,2089512,DISARMED,0,-0.000000,0.00000,7.4000,0.0000,25.00,25.00,0.00000,0.00000,0,520,0,500,0,0,0,0,20,0,520,0,0,0,0,0,0,0,0,600,600,600,100,100,0.00000,0.00000,9.80665,0.000000,0.00000,-0.00000,0.00000,0.00000,9.80665,0.000000,0.000000,0.000000,0,1,1,1,1,1,0,0,0,0
2026-09-21T05:52:50.702565+00:00,601397875,SIMULATED,454,2091916,DISARMED,0,-0.000000,0.00000,7.4000,0.0000,25.00,25.00,0.00000,0.00000,0,520,0,500,0,0,0,0,20,0,520,0,0,0,0,0,0,0,0,600,600,600,100,100,0.00000,0.00000,9.80665,0.000000,0.00000,-0.00000,0.00000,0.00000,9.80665,0.000000,0.000000,0.000000,0,1,1,1,1,1,0,0,0,0
2026-09-21T05:52:50.702624+00:00,601456791,SIMULATED,455,2094320,DISARMED,0,-0.000000,0.00000,7.4000,0.0000,25.00,25.00,0.00000,0.00000,0,520,0,500,0,0,0,0,20,0,520,0,0,0,0,0,0,0,0,600,600,600,100,100,0.00000,0.00000,9.80665,0.000000,0.00000,-0.00000,0.00000,0.00000,9.80665,0.000000,0.000000,0.000000,0,1,1,1,1,1,0,0,0,0
2026-09-21T05:52:50.702687+00:00,601519583,SIMULATED,456,2096724,DISARMED,0,-0.000000,0.00000,7.4000,0.0000,25.00,25.00,0.00000,0.00000,0,520,0,500,0,0,0,0,20,0,520,0,0,0,0,0,0,0,0,600,600,600,100,100,0.00000,0.00000,9.80665,0.000000,0.00000,-0.00000,0.00000,0.00000,9.80665,0.000000,0.000000,0.000000,0,1,1,1,1,1,0,0,0,0
2026-09-21T05:52:50.702745+00:00,601577833,SIMULATED,457,2099128,DISARMED,0,-0.000000,0.00000,7.4000,0.0000,25.00,25.00,0.00000,0.00000,0,520,0,500,0,0,0,0,20,0,520,0,0,0,0,0,0,0,0,600,600,600,100,100,0.00000,0.00000,9.80665,0.000000,0.00000,-0.00000,0.00000,0.00000,9.80665,0.000000,0.000000,0.000000,0,1,1,1,1,1,0,0,0,0
2026-09-21T05:52:50.702804+00:00,601636833,SIMULATED,458,2101532,DISARMED,0,-0.000000,0.00000,7.4000,0.0000,25.00,25.00,0.00000,0.00000,0,520,0,500,0,0,0,0,20,0,520,0,0,0,0,0,0,0,0,600,600,600,100,100,0.00000,0.00000,9.80665,0.000000,0.00000,-0.00000,0.00000,0.00000,9.80665,0.000000,0.000000,0.000000,0,1,1,1,1,1,0,0,0,0
2026-09-21T05:52:50.702865+00:00,601697750,SIMULATED,459,2103936,DISARMED,0,-0.000000,0.00000,7.4000,0.0000,25.00,25.00,0.00000,0.00000,0,520,0,500,0,0,0,0,20,0,520,0,0,0,0,0,0,0,0,600,600,600,100,100,0.00000,0.00000,9.80665,0.000000,0.00000,-0.00000,0.00000,0.00000,9.80665,0.000000,0.000000,0.000000,0,1,1,1,1,1,0,0,0,0
2026-09-21T05:52:50.702923+00:00,601755791,SIMULATED,460,2106340,DISARMED,0,-0.000000,0.00000,7.4000,0.0000,25.00,25.00,0.00000,0.00000,0,520,0,500,0,0,0,0,20,0,520,0,0,0,0,0,0,0,0,600,600,600,100,100,0.00000,0.00000,9.80665,0.000000,0.00000,-0.00000,0.00000,0.00000,9.80665,0.000000,0.000000,0.000000,0,1,1,1,1,1,0,0,0,0
2026-09-21T05:52:50.702985+00:00,601817750,SIMULATED,461,2108744,DISARMED,0,-0.000000,0.00000,7.4000,0.0000,25.00,25.00,0.00000,0.00000,0,520,0,500,0,0,0,0,20,0,520,0,0,0,0,0,0,0,0,600,600,600,100,100,0.00000,0.00000,9.80665,0.000000,0.00000,-0.00000,0.00000,0.00000,9.80665,0.000000,0.000000,0.000000,0,1,1,1,1,1,0,0,0,0
2026-09-21T05:52:50.703050+00:00,601882625,SIMULATED,462,2111148,DISARMED,0,-0.000000,0.00000,7.4000,0.0000,25.00,25.00,0.00000,0.00000,0,520,0,500,0,0,0,0,20,0,520,0,0,0,0,0,0,0,0,600,600,600,100,100,0.00000,0.00000,9.80665,0.000000,0.00000,-0.00000,0.00000,0.00000,9.80665,0.000000,0.000000,0.000000,0,1,1,1,1,1,0,0,0,0
2026-09-21T05:52:50.703111+00:00,601943250,SIMULATED,463,2113552,DISARMED,0,-0.000000,0.00000,7.4000,0.0000,25.00,25.00,0.00000,0.00000,0,520,0,500,0,0,0,0,20,0,520,0,0,0,0,0,0,0,0,600,600,600,100,100,0.00000,0.00000,9.80665,0.000000,0.00000,-0.00000,0.00000,0.00000,9.80665,0.000000,0.000000,0.000000,0,1,1,1,1,1,0,0,0,0
2026-09-21T05:52:50.703163+00:00,601995250,SIMULATED,464,2115956,DISARMED,0,-0.000000,0.00000,7.4000,0.0000,25.00,25.00,0.00000,0.00000,0,520,0,500,0,0,0,0,20,0,520,0,0,0,0,0,0,0,0,600,600,600,100,100,0.00000,0.00000,9.80665,0.000000,0.00000,-0.00000,0.00000,0.00000,9.80665,0.000000,0.000000,0.000000,0,1,1,1,1,1,0,0,0,0
2026-09-21T05:52:50.703217+00:00,602049458,SIMULATED,465,2118360,DISARMED,0,-0.000000,0.00000,7.4000,0.0000,25.00,25.00,0.00000,0.00000,0,520,0,500,0,0,0,0,20,0,520,0,0,0,0,0,0,0,0,600,600,600,100,100,0.00000,0.00000,9.80665,0.000000,0.00000,-0.00000,0.00000,0.00000,9.80665,0.000000,0.000000,0.000000,0,1,1,1,1,1,0,0,0,0
2026-09-21T05:52:50.703269+00:00,602101708,SIMULATED,466,2120764,DISARMED,0,-0.000000,0.00000,7.4000,0.0000,25.00,25.00,0.00000,0.00000,0,520,0,500,0,0,0,0,20,0,520,0,0,0,0,0,0,0,0,600,600,600,100,100,0.00000,0.00000,9.80665,0.000000,0.00000,-0.00000,0.00000,0.00000,9.80665,0.000000,0.000000,0.000000,0,1,1,1,1,1,0,0,0,0
2026-09-21T05:52:50.703322+00:00,602153958,SIMULATED,467,2123168,DISARMED,0,-0.000000,0.00000,7.4000,0.0000,25.00,25.00,0.00000,0.00000,0,520,0,500,0,0,0,0,20,0,520,0,0,0,0,0,0,0,0,600,600,600,100,100,0.00000,0.00000,9.80665,0.000000,0.00000,-0.00000,0.00000,0.00000,9.80665,0.000000,0.000000,0.000000,0,1,1,1,1,1,0,0,0,0
2026-09-21T05:52:50.703374+00:00,602206208,SIMULATED,468,2125572,DISARMED,0,-0.000000,0.00000,7.4000,0.0000,25.00,25.00,0.00000,0.00000,0,520,0,500,0,0,0,0,20,0,520,0,0,0,0,0,0,0,0,600,600,600,100,100,0.00000,0.00000,9.80665,0.000000,0.00000,-0.00000,0.00000,0.00000,9.80665,0.000000,0.000000,0.000000,0,1,1,1,1,1,0,0,0,0
2026-09-21T05:52:50.703429+00:00,602261000,SIMULATED,469,2127976,DISARMED,0,-0.000000,0.00000,7.4000,0.0000,25.00,25.00,0.00000,0.00000,0,520,0,500,0,0,0,0,20,0,520,0,0,0,0,0,0,0,0,600,600,600,100,100,0.00000,0.00000,9.80665,0.000000,0.00000,-0.00000,0.00000,0.00000,9.80665,0.000000,0.000000,0.000000,0,1,1,1,1,1,0,0,0,0
2026-09-21T05:52:50.703481+00:00,602312791,SIMULATED,470,2130380,DISARMED,0,-0.000000,0.00000,7.4000,0.0000,25.00,25.00,0.00000,0.00000,0,520,0,500,0,0,0,0,20,0,520,0,0,0,0,0,0,0,0,600,600,600,100,100,0.00000,0.00000,9.80665,0.000000,0.00000,-0.00000,0.00000,0.00000,9.80665,0.000000,0.000000,0.000000,0,1,1,1,1,1,0,0,0,0
2026-09-21T05:52:50.703538+00:00,602370375,SIMULATED,471,2132784,DISARMED,0,-0.000000,0.00000,7.4000,0.0000,25.00,25.00,0.00000,0.00000,0,520,0,500,0,0,0,0,20,0,520,0,0,0,0,0,0,0,0,600,600,600,100,100,0.00000,0.00000,9.80665,0.000000,0.00000,-0.00000,0.00000,0.00000,9.80665,0.000000,0.000000,0.000000,0,1,1,1,1,1,0,0,0,0
2026-09-21T05:52:50.703591+00:00,602423083,SIMULATED,472,2135188,DISARMED,0,-0.000000,0.00000,7.4000,0.0000,25.00,25.00,0.00000,0.00000,0,520,0,500,0,0,0,0,20,0,520,0,0,0,0,0,0,0,0,600,600,600,100,100,0.00000,0.00000,9.80665,0.000000,0.00000,-0.00000,0.00000,0.00000,9.80665,0.000000,0.000000,0.000000,0,1,1,1,1,1,0,0,0,0
2026-09-21T05:52:50.703643+00:00,602475291,SIMULATED,473,2137592,DISARMED,0,-0.000000,0.00000,7.4000,0.0000,25.00,25.00,0.00000,0.00000,0,520,0,500,0,0,0,0,20,0,520,0,0,0,0,0,0,0,0,600,600,600,100,100,0.00000,0.00000,9.80665,0.000000,0.00000,-0.00000,0.00000,0.00000,9.80665,0.000000,0.000000,0.000000,0,1,1,1,1,1,0,0,0,0
2026-09-21T05:52:50.703695+00:00,602527208,SIMULATED,474,2139996,DISARMED,0,-0.000000,0.00000,7.4000,0.0000,25.00,25.00,0.00000,0.00000,0,520,0,500,0,0,0,0,20,0,520,0,0,0,0,0,0,0,0,600,600,600,100,100,0.00000,0.00000,9.80665,0.000000,0.00000,-0.00000,0.00000,0.00000,9.80665,0.000000,0.000000,0.000000,0,1,1,1,1,1,0,0,0,0
2026-09-21T05:52:50.703747+00:00,602579541,SIMULATED,475,2142400,DISARMED,0,-0.000000,0.00000,7.4000,0.0000,25.00,25.00,0.00000,0.00000,0,520,0,500,0,0,0,0,20,0,520,0,0,0,0,0,0,0,0,600,600,600,100,100,0.00000,0.00000,9.80665,0.000000,0.00000,-0.00000,0.00000,0.00000,9.80665,0.000000,0.000000,0.000000,0,1,1,1,1,1,0,0,0,0
2026-09-21T05:52:50.703803+00:00,602635583,SIMULATED,476,2144804,DISARMED,0,-0.000000,0.00000,7.4000,0.0000,25.00,25.00,0.00000,0.00000,0,520,0,500,0,0,0,0,20,0,520,0,0,0,0,0,0,0,0,600,600,600,100,100,0.00000,0.00000,9.80665,0.000000,0.00000,-0.00000,0.00000,0.00000,9.80665,0.000000,0.000000,0.000000,0,1,1,1,1,1,0,0,0,0
2026-09-21T05:52:50.703859+00:00,602691333,SIMULATED,477,2147208,DISARMED,0,-0.000000,0.00000,7.4000,0.0000,25.00,25.00,0.00000,0.00000,0,520,0,500,0,0,0,0,20,0,520,0,0,0,0,0,0,0,0,600,600,600,100,100,0.00000,0.00000,9.80665,0.000000,0.00000,-0.00000,0.00000,0.00000,9.80665,0.000000,0.000000,0.000000,0,1,1,1,1,1,0,0,0,0
2026-09-21T05:52:50.703912+00:00,602743875,SIMULATED,478,2149612,DISARMED,0,-0.000000,0.00000,7.4000,0.0000,25.00,25.00,0.00000,0.00000,0,520,0,500,0,0,0,0,20,0,520,0,0,0,0,0,0,0,0,600,600,600,100,100,0.00000,0.00000,9.80665,0.000000,0.00000,-0.00000,0.00000,0.00000,9.80665,0.000000,0.000000,0.000000,0,1,1,1,1,1,0,0,0,0
2026-09-21T05:52:50.703965+00:00,602796833,SIMULATED,479,2152016,DISARMED,0,-0.000000,0.00000,7.4000,0.0000,25.00,25.00,0.00000,0.00000,0,520,0,500,0,0,0,0,20,0,520,0,0,0,0,0,0,0,0,600,600,600,100,100,0.00000,0.00000,9.80665,0.000000,0.00000,-0.00000,0.00000,0.00000,9.80665,0.000000,0.000000,0.000000,0,1,1,1,1,1,0,0,0,0
2026-09-21T05:52:50.704017+00:00,602849375,SIMULATED,480,2154420,DISARMED,0,-0.000000,0.00000,7.4000,0.0000,25.00,25.00,0.00000,0.00000,0,520,0,500,0,0,0,0,20,0,520,0,0,0,0,0,0,0,0,600,600,600,100,100,0.00000,0.00000,9.80665,0.000000,0.00000,-0.00000,0.00000,0.00000,9.80665,0.000000,0.000000,0.000000,0,1,1,1,1,1,0,0,0,0
2026-09-21T05:52:50.704075+00:00,602907708,SIMULATED,481,2156824,DISARMED,0,-0.000000,0.00000,7.4000,0.0000,25.00,25.00,0.00000,0.00000,0,520,0,500,0,0,0,0,20,0,520,0,0,0,0,0,0,0,0,600,600,600,100,100,0.00000,0.00000,9.80665,0.000000,0.00000,-0.00000,0.00000,0.00000,9.80665,0.000000,0.000000,0.000000,0,1,1,1,1,1,0,0,0,0
2026-09-21T05:52:50.704130+00:00,602962625,SIMULATED,482,2159228,DISARMED,0,-0.000000,0.00000,7.4000,0.0000,25.00,25.00,0.00000,0.00000,0,520,0,500,0,0,0,0,20,0,520,0,0,0,0,0,0,0,0,600,600,600,100,100,0.00000,0.00000,9.80665,0.000000,0.00000,-0.00000,0.00000,0.00000,9.80665,0.000000,0.000000,0.000000,0,1,1,1,1,1,0,0,0,0
2026-09-21T05:52:50.704185+00:00,603017125,SIMULATED,483,2161632,DISARMED,0,-0.000000,0.00000,7.4000,0.0000,25.00,25.00,0.00000,0.00000,0,520,0,500,0,0,0,0,20,0,520,0,0,0,0,0,0,0,0,600,600,600,100,100,0.00000,0.00000,9.80665,0.000000,0.00000,-0.00000,0.00000,0.00000,9.80665,0.000000,0.000000,0.000000,0,1,1,1,1,1,0,0,0,0
2026-09-21T05:52:50.704237+00:00,603069166,SIMULATED,484,2164036,DISARMED,0,-0.000000,0.00000,7.4000,0.0000,25.00,25.00,0.00000,0.00000,0,520,0,500,0,0,0,0,20,0,520,0,0,0,0,0,0,0,0,600,600,600,100,100,0.00000,0.00000,9.80665,0.000000,0.00000,-0.00000,0.00000,0.00000,9.80665,0.000000,0.000000,0.000000,0,1,1,1,1,1,0,0,0,0
2026-09-21T05:52:50.704289+00:00,603121125,SIMULATED,485,2166440,DISARMED,0,-0.000000,0.00000,7.4000,0.0000,25.00,25.00,0.00000,0.00000,0,520,0,500,0,0,0,0,20,0,520,0,0,0,0,0,0,0,0,600,600,600,100,100,0.00000,0.00000,9.80665,0.000000,0.00000,-0.00000,0.00000,0.00000,9.80665,0.000000,0.000000,0.000000,0,1,1,1,1,1,0,0,0,0
2026-09-21T05:52:50.704341+00:00,603173041,SIMULATED,486,2168844,DISARMED,0,-0.000000,0.00000,7.4000,0.0000,25.00,25.00,0.00000,0.00000,0,520,0,500,0,0,0,0,20,0,520,0,0,0,0,0,0,0,0,600,600,600,100,100,0.00000,0.00000,9.80665,0.000000,0.00000,-0.00000,0.00000,0.00000,9.80665,0.000000,0.000000,0.000000,0,1,1,1,1,1,0,0,0,0
2026-09-21T05:52:50.704393+00:00,603225041,SIMULATED,487,2171248,DISARMED,0,-0.000000,0.00000,7.4000,0.0000,25.00,25.00,0.00000,0.00000,0,520,0,500,0,0,0,0,20,0,520,0,0,0,0,0,0,0,0,600,600,600,100,100,0.00000,0.00000,9.80665,0.000000,0.00000,-0.00000,0.00000,0.00000,9.80665,0.000000,0.000000,0.000000,0,1,1,1,1,1,0,0,0,0
2026-09-21T05:52:50.704444+00:00,603276708,SIMULATED,488,2173652,DISARMED,0,-0.000000,0.00000,7.4000,0.0000,25.00,25.00,0.00000,0.00000,0,520,0,500,0,0,0,0,20,0,520,0,0,0,0,0,0,0,0,600,600,600,100,100,0.00000,0.00000,9.80665,0.000000,0.00000,-0.00000,0.00000,0.00000,9.80665,0.000000,0.000000,0.000000,0,1,1,1,1,1,0,0,0,0
2026-09-21T05:52:50.704498+00:00,603330708,SIMULATED,489,2176056,DISARMED,0,-0.000000,0.00000,7.4000,0.0000,25.00,25.00,0.00000,0.00000,0,520,0,500,0,0,0,0,20,0,520,0,0,0,0,0,0,0,0,600,600,600,100,100,0.00000,0.00000,9.80665,0.000000,0.00000,-0.00000,0.00000,0.00000,9.80665,0.000000,0.000000,0.000000,0,1,1,1,1,1,0,0,0,0
2026-09-21T05:52:50.704550+00:00,603382625,SIMULATED,490,2178460,DISARMED,0,-0.000000,0.00000,7.4000,0.0000,25.00,25.00,0.00000,0.00000,0,520,0,500,0,0,0,0,20,0,520,0,0,0,0,0,0,0,0,600,600,600,100,100,0.00000,0.00000,9.80665,0.000000,0.00000,-0.00000,0.00000,0.00000,9.80665,0.000000,0.000000,0.000000,0,1,1,1,1,1,0,0,0,0
2026-09-21T05:52:50.704605+00:00,603437208,SIMULATED,491,2180864,DISARMED,0,-0.000000,0.00000,7.4000,0.0000,25.00,25.00,0.00000,0.00000,0,520,0,500,0,0,0,0,20,0,520,0,0,0,0,0,0,0,0,600,600,600,100,100,0.00000,0.00000,9.80665,0.000000,0.00000,-0.00000,0.00000,0.00000,9.80665,0.000000,0.000000,0.000000,0,1,1,1,1,1,0,0,0,0
2026-09-21T05:52:50.704657+00:00,603488916,SIMULATED,492,2183268,DISARMED,0,-0.000000,0.00000,7.4000,0.0000,25.00,25.00,0.00000,0.00000,0,520,0,500,0,0,0,0,20,0,520,0,0,0,0,0,0,0,0,600,600,600,100,100,0.00000,0.00000,9.80665,0.000000,0.00000,-0.00000,0.00000,0.00000,9.80665,0.000000,0.000000,0.000000,0,1,1,1,1,1,0,0,0,0
2026-09-21T05:52:50.704708+00:00,603540541,SIMULATED,493,2185672,DISARMED,0,-0.000000,0.00000,7.4000,0.0000,25.00,25.00,0.00000,0.00000,0,520,0,500,0,0,0,0,20,0,520,0,0,0,0,0,0,0,0,600,600,600,100,100,0.00000,0.00000,9.80665,0.000000,0.00000,-0.00000,0.00000,0.00000,9.80665,0.000000,0.000000,0.000000,0,1,1,1,1,1,0,0,0,0
2026-09-21T05:52:50.704763+00:00,603595125,SIMULATED,494,2188076,DISARMED,0,-0.000000,0.00000,7.4000,0.0000,25.00,25.00,0.00000,0.00000,0,520,0,500,0,0,0,0,20,0,520,0,0,0,0,0,0,0,0,600,600,600,100,100,0.00000,0.00000,9.80665,0.000000,0.00000,-0.00000,0.00000,0.00000,9.80665,0.000000,0.000000,0.000000,0,1,1,1,1,1,0,0,0,0
2026-09-21T05:52:50.704819+00:00,603651250,SIMULATED,495,2190480,DISARMED,0,-0.000000,0.00000,7.4000,0.0000,25.00,25.00,0.00000,0.00000,0,520,0,500,0,0,0,0,20,0,520,0,0,0,0,0,0,0,0,600,600,600,100,100,0.00000,0.00000,9.80665,0.000000,0.00000,-0.00000,0.00000,0.00000,9.80665,0.000000,0.000000,0.000000,0,1,1,1,1,1,0,0,0,0
2026-09-21T05:52:50.704871+00:00,603703208,SIMULATED,496,2192884,DISARMED,0,-0.000000,0.00000,7.4000,0.0000,25.00,25.00,0.00000,0.00000,0,520,0,500,0,0,0,0,20,0,520,0,0,0,0,0,0,0,0,600,600,600,100,100,0.00000,0.00000,9.80665,0.000000,0.00000,-0.00000,0.00000,0.00000,9.80665,0.000000,0.000000,0.000000,0,1,1,1,1,1,0,0,0,0
2026-09-21T05:52:50.704923+00:00,603755083,SIMULATED,497,2195288,DISARMED,0,-0.000000,0.00000,7.4000,0.0000,25.00,25.00,0.00000,0.00000,0,520,0,500,0,0,0,0,20,0,520,0,0,0,0,0,0,0,0,600,600,600,100,100,0.00000,0.00000,9.80665,0.000000,0.00000,-0.00000,0.00000,0.00000,9.80665,0.000000,0.000000,0.000000,0,1,1,1,1,1,0,0,0,0
2026-09-21T05:52:50.704974+00:00,603806708,SIMULATED,498,2197692,DISARMED,0,-0.000000,0.00000,7.4000,0.0000,25.00,25.00,0.00000,0.00000,0,520,0,500,0,0,0,0,20,0,520,0,0,0,0,0,0,0,0,600,600,600,100,100,0.00000,0.00000,9.80665,0.000000,0.00000,-0.00000,0.00000,0.00000,9.80665,0.000000,0.000000,0.000000,0,1,1,1,1,1,0,0,0,0
2026-09-21T05:52:50.705026+00:00,603858500,SIMULATED,499,2200096,DISARMED,0,-0.000000,0.00000,7.4000,0.0000,25.00,25.00,0.00000,0.00000,0,520,0,500,0,0,0,0,20,0,520,0,0,0,0,0,0,0,0,600,600,600,100,100,0.00000,0.00000,9.80665,0.000000,0.00000,-0.00000,0.00000,0.00000,9.80665,0.000000,0.000000,0.000000,0,1,1,1,1,1,0,0,0,0
2026-09-21T05:52:50.705078+00:00,603910541,SIMULATED,500,2202500,DISARMED,0,-0.000000,0.00000,7.4000,0.0000,25.00,25.00,0.00000,0.00000,0,520,0,500,0,0,0,0,20,0,520,0,0,0,0,0,0,0,0,600,600,600,100,100,0.00000,0.00000,9.80665,0.000000,0.00000,-0.00000,0.00000,0.00000,9.80665,0.000000,0.000000,0.000000,0,1,1,1,1,1,0,0,0,0
2026-09-21T05:52:50.705135+00:00,603967666,SIMULATED,501,2204904,FAULT,2,-0.000000,0.00000,7.4000,0.0000,25.00,25.00,0.00000,0.00000,0,520,0,500,0,0,0,0,20,0,520,0,0,0,0,0,0,0,0,600,600,600,100,100,0.00000,0.00000,9.80665,0.000000,0.00000,-0.00000,0.00000,0.00000,9.80665,0.000000,0.000000,0.000000,2,1,0,1,1,1,0,0,0,0
2026-09-21T05:52:50.705188+00:00,604020416,SIMULATED,502,2207308,FAULT,2,-0.000000,0.00000,7.4000,0.0000,25.00,25.00,0.00000,0.00000,0,520,0,500,0,0,0,0,20,0,520,0,0,0,0,0,0,0,0,600,600,600,100,100,0.00000,0.00000,9.80665,0.000000,0.00000,-0.00000,0.00000,0.00000,9.80665,0.000000,0.000000,0.000000,2,1,0,1,1,1,0,0,0,0
2026-09-21T05:52:50.705240+00:00,604072500,SIMULATED,503,2209712,FAULT,2,-0.000000,0.00000,7.4000,0.0000,25.00,25.00,0.00000,0.00000,0,520,0,500,0,0,0,0,20,0,520,0,0,0,0,0,0,0,0,600,600,600,100,100,0.00000,0.00000,9.80665,0.000000,0.00000,-0.00000,0.00000,0.00000,9.80665,0.000000,0.000000,0.000000,2,1,0,1,1,1,0,0,0,0
2026-09-21T05:52:50.705293+00:00,604125041,SIMULATED,504,2212116,FAULT,2,-0.000000,0.00000,7.4000,0.0000,25.00,25.00,0.00000,0.00000,0,520,0,500,0,0,0,0,20,0,520,0,0,0,0,0,0,0,0,600,600,600,100,100,0.00000,0.00000,9.80665,0.000000,0.00000,-0.00000,0.00000,0.00000,9.80665,0.000000,0.000000,0.000000,2,1,0,1,1,1,0,0,0,0
2026-09-21T05:52:50.705344+00:00,604176708,SIMULATED,505,2214520,FAULT,2,-0.000000,0.00000,7.4000,0.0000,25.00,25.00,0.00000,0.00000,0,520,0,500,0,0,0,0,20,0,520,0,0,0,0,0,0,0,0,600,600,600,100,100,0.00000,0.00000,9.80665,0.000000,0.00000,-0.00000,0.00000,0.00000,9.80665,0.000000,0.000000,0.000000,2,1,0,1,1,1,0,0,0,0
2026-09-21T05:52:50.705400+00:00,604232375,SIMULATED,506,2216924,FAULT,2,-0.000000,0.00000,7.4000,0.0000,25.00,25.00,0.00000,0.00000,0,520,0,500,0,0,0,0,20,0,520,0,0,0,0,0,0,0,0,600,600,600,100,100,0.00000,0.00000,9.80665,0.000000,0.00000,-0.00000,0.00000,0.00000,9.80665,0.000000,0.000000,0.000000,2,1,0,1,1,1,0,0,0,0
2026-09-21T05:52:50.705459+00:00,604291333,SIMULATED,507,2219328,FAULT,2,-0.000000,0.00000,7.4000,0.0000,25.00,25.00,0.00000,0.00000,0,520,0,500,0,0,0,0,20,0,520,0,0,0,0,0,0,0,0,600,600,600,100,100,0.00000,0.00000,9.80665,0.000000,0.00000,-0.00000,0.00000,0.00000,9.80665,0.000000,0.000000,0.000000,2,1,0,1,1,1,0,0,0,0
2026-09-21T05:52:50.705513+00:00,604345333,SIMULATED,508,2221732,FAULT,2,-0.000000,0.00000,7.4000,0.0000,25.00,25.00,0.00000,0.00000,0,520,0,500,0,0,0,0,20,0,520,0,0,0,0,0,0,0,0,600,600,600,100,100,0.00000,0.00000,9.80665,0.000000,0.00000,-0.00000,0.00000,0.00000,9.80665,0.000000,0.000000,0.000000,2,1,0,1,1,1,0,0,0,0
2026-09-21T05:52:50.705565+00:00,604397208,SIMULATED,509,2224136,FAULT,2,-0.000000,0.00000,7.4000,0.0000,25.00,25.00,0.00000,0.00000,0,520,0,500,0,0,0,0,20,0,520,0,0,0,0,0,0,0,0,600,600,600,100,100,0.00000,0.00000,9.80665,0.000000,0.00000,-0.00000,0.00000,0.00000,9.80665,0.000000,0.000000,0.000000,2,1,0,1,1,1,0,0,0,0
2026-09-21T05:52:50.705617+00:00,604449250,SIMULATED,510,2226540,FAULT,2,-0.000000,0.00000,7.4000,0.0000,25.00,25.00,0.00000,0.00000,0,520,0,500,0,0,0,0,20,0,520,0,0,0,0,0,0,0,0,600,600,600,100,100,0.00000,0.00000,9.80665,0.000000,0.00000,-0.00000,0.00000,0.00000,9.80665,0.000000,0.000000,0.000000,2,1,0,1,1,1,0,0,0,0
2026-09-21T05:52:50.705672+00:00,604503916,SIMULATED,511,2228944,FAULT,2,-0.000000,0.00000,7.4000,0.0000,25.00,25.00,0.00000,0.00000,0,520,0,500,0,0,0,0,20,0,520,0,0,0,0,0,0,0,0,600,600,600,100,100,0.00000,0.00000,9.80665,0.000000,0.00000,-0.00000,0.00000,0.00000,9.80665,0.000000,0.000000,0.000000,2,1,0,1,1,1,0,0,0,0
2026-09-21T05:52:50.705724+00:00,604555916,SIMULATED,512,2231348,FAULT,2,-0.000000,0.00000,7.4000,0.0000,25.00,25.00,0.00000,0.00000,0,520,0,500,0,0,0,0,20,0,520,0,0,0,0,0,0,0,0,600,600,600,100,100,0.00000,0.00000,9.80665,0.000000,0.00000,-0.00000,0.00000,0.00000,9.80665,0.000000,0.000000,0.000000,2,1,0,1,1,1,0,0,0,0
2026-09-21T05:52:50.705778+00:00,604610333,SIMULATED,513,2233752,FAULT,2,-0.000000,0.00000,7.4000,0.0000,25.00,25.00,0.00000,0.00000,0,520,0,500,0,0,0,0,20,0,520,0,0,0,0,0,0,0,0,600,600,600,100,100,0.00000,0.00000,9.80665,0.000000,0.00000,-0.00000,0.00000,0.00000,9.80665,0.000000,0.000000,0.000000,2,1,0,1,1,1,0,0,0,0
2026-09-21T05:52:50.705830+00:00,604661958,SIMULATED,514,2236156,FAULT,2,-0.000000,0.00000,7.4000,0.0000,25.00,25.00,0.00000,0.00000,0,520,0,500,0,0,0,0,20,0,520,0,0,0,0,0,0,0,0,600,600,600,100,100,0.00000,0.00000,9.80665,0.000000,0.00000,-0.00000,0.00000,0.00000,9.80665,0.000000,0.000000,0.000000,2,1,0,1,1,1,0,0,0,0
2026-09-21T05:52:50.705882+00:00,604713833,SIMULATED,515,2238560,FAULT,2,-0.000000,0.00000,7.4000,0.0000,25.00,25.00,0.00000,0.00000,0,520,0,500,0,0,0,0,20,0,520,0,0,0,0,0,0,0,0,600,600,600,100,100,0.00000,0.00000,9.80665,0.000000,0.00000,-0.00000,0.00000,0.00000,9.80665,0.000000,0.000000,0.000000,2,1,0,1,1,1,0,0,0,0
2026-09-21T05:52:50.705934+00:00,604765750,SIMULATED,516,2240964,FAULT,2,-0.000000,0.00000,7.4000,0.0000,25.00,25.00,0.00000,0.00000,0,520,0,500,0,0,0,0,20,0,520,0,0,0,0,0,0,0,0,600,600,600,100,100,0.00000,0.00000,9.80665,0.000000,0.00000,-0.00000,0.00000,0.00000,9.80665,0.000000,0.000000,0.000000,2,1,0,1,1,1,0,0,0,0
2026-09-21T05:52:50.705985+00:00,604817208,SIMULATED,517,2243368,FAULT,2,-0.000000,0.00000,7.4000,0.0000,25.00,25.00,0.00000,0.00000,0,520,0,500,0,0,0,0,20,0,520,0,0,0,0,0,0,0,0,600,600,600,100,100,0.00000,0.00000,9.80665,0.000000,0.00000,-0.00000,0.00000,0.00000,9.80665,0.000000,0.000000,0.000000,2,1,0,1,1,1,0,0,0,0
2026-09-21T05:52:50.706037+00:00,604868958,SIMULATED,518,2245772,FAULT,2,-0.000000,0.00000,7.4000,0.0000,25.00,25.00,0.00000,0.00000,0,520,0,500,0,0,0,0,20,0,520,0,0,0,0,0,0,0,0,600,600,600,100,100,0.00000,0.00000,9.80665,0.000000,0.00000,-0.00000,0.00000,0.00000,9.80665,0.000000,0.000000,0.000000,2,1,0,1,1,1,0,0,0,0
2026-09-21T05:52:50.706090+00:00,604922458,SIMULATED,519,2248176,FAULT,2,-0.000000,0.00000,7.4000,0.0000,25.00,25.00,0.00000,0.00000,0,520,0,500,0,0,0,0,20,0,520,0,0,0,0,0,0,0,0,600,600,600,100,100,0.00000,0.00000,9.80665,0.000000,0.00000,-0.00000,0.00000,0.00000,9.80665,0.000000,0.000000,0.000000,2,1,0,1,1,1,0,0,0,0
2026-09-21T05:52:50.706145+00:00,604977291,SIMULATED,520,2250580,FAULT,2,-0.000000,0.00000,7.4000,0.0000,25.00,25.00,0.00000,0.00000,0,520,0,500,0,0,0,0,20,0,520,0,0,0,0,0,0,0,0,600,600,600,100,100,0.00000,0.00000,9.80665,0.000000,0.00000,-0.00000,0.00000,0.00000,9.80665,0.000000,0.000000,0.000000,2,1,0,1,1,1,0,0,0,0
2026-09-21T05:52:50.706201+00:00,605033083,SIMULATED,521,2252984,FAULT,2,-0.000000,0.00000,7.4000,0.0000,25.00,25.00,0.00000,0.00000,0,520,0,500,0,0,0,0,20,0,520,0,0,0,0,0,0,0,0,600,600,600,100,100,0.00000,0.00000,9.80665,0.000000,0.00000,-0.00000,0.00000,0.00000,9.80665,0.000000,0.000000,0.000000,2,1,0,1,1,1,0,0,0,0
2026-09-21T05:52:50.706253+00:00,605085125,SIMULATED,522,2255388,FAULT,2,-0.000000,0.00000,7.4000,0.0000,25.00,25.00,0.00000,0.00000,0,520,0,500,0,0,0,0,20,0,520,0,0,0,0,0,0,0,0,600,600,600,100,100,0.00000,0.00000,9.80665,0.000000,0.00000,-0.00000,0.00000,0.00000,9.80665,0.000000,0.000000,0.000000,2,1,0,1,1,1,0,0,0,0
2026-09-21T05:52:50.706305+00:00,605136958,SIMULATED,523,2257792,FAULT,2,-0.000000,0.00000,7.4000,0.0000,25.00,25.00,0.00000,0.00000,0,520,0,500,0,0,0,0,20,0,520,0,0,0,0,0,0,0,0,600,600,600,100,100,0.00000,0.00000,9.80665,0.000000,0.00000,-0.00000,0.00000,0.00000,9.80665,0.000000,0.000000,0.000000,2,1,0,1,1,1,0,0,0,0
2026-09-21T05:52:50.706357+00:00,605189458,SIMULATED,524,2260196,FAULT,2,-0.000000,0.00000,7.4000,0.0000,25.00,25.00,0.00000,0.00000,0,520,0,500,0,0,0,0,20,0,520,0,0,0,0,0,0,0,0,600,600,600,100,100,0.00000,0.00000,9.80665,0.000000,0.00000,-0.00000,0.00000,0.00000,9.80665,0.000000,0.000000,0.000000,2,1,0,1,1,1,0,0,0,0
2026-09-21T05:52:50.706412+00:00,605243916,SIMULATED,525,2262600,FAULT,2,-0.000000,0.00000,7.4000,0.0000,25.00,25.00,0.00000,0.00000,0,520,0,500,0,0,0,0,20,0,520,0,0,0,0,0,0,0,0,600,600,600,100,100,0.00000,0.00000,9.80665,0.000000,0.00000,-0.00000,0.00000,0.00000,9.80665,0.000000,0.000000,0.000000,2,1,0,1,1,1,0,0,0,0
2026-09-21T05:52:50.706469+00:00,605301083,SIMULATED,526,2265004,FAULT,2,-0.000000,0.00000,7.4000,0.0000,25.00,25.00,0.00000,0.00000,0,520,0,500,0,0,0,0,20,0,520,0,0,0,0,0,0,0,0,600,600,600,100,100,0.00000,0.00000,9.80665,0.000000,0.00000,-0.00000,0.00000,0.00000,9.80665,0.000000,0.000000,0.000000,2,1,0,1,1,1,0,0,0,0
2026-09-21T05:52:50.706521+00:00,605353291,SIMULATED,527,2267408,FAULT,2,-0.000000,0.00000,7.4000,0.0000,25.00,25.00,0.00000,0.00000,0,520,0,500,0,0,0,0,20,0,520,0,0,0,0,0,0,0,0,600,600,600,100,100,0.00000,0.00000,9.80665,0.000000,0.00000,-0.00000,0.00000,0.00000,9.80665,0.000000,0.000000,0.000000,2,1,0,1,1,1,0,0,0,0
2026-09-21T05:52:50.706573+00:00,605405208,SIMULATED,528,2269812,FAULT,2,-0.000000,0.00000,7.4000,0.0000,25.00,25.00,0.00000,0.00000,0,520,0,500,0,0,0,0,20,0,520,0,0,0,0,0,0,0,0,600,600,600,100,100,0.00000,0.00000,9.80665,0.000000,0.00000,-0.00000,0.00000,0.00000,9.80665,0.000000,0.000000,0.000000,2,1,0,1,1,1,0,0,0,0
2026-09-21T05:52:50.706625+00:00,605457166,SIMULATED,529,2272216,FAULT,2,-0.000000,0.00000,7.4000,0.0000,25.00,25.00,0.00000,0.00000,0,520,0,500,0,0,0,0,20,0,520,0,0,0,0,0,0,0,0,600,600,600,100,100,0.00000,0.00000,9.80665,0.000000,0.00000,-0.00000,0.00000,0.00000,9.80665,0.000000,0.000000,0.000000,2,1,0,1,1,1,0,0,0,0
2026-09-21T05:52:50.706677+00:00,605509041,SIMULATED,530,2274620,FAULT,2,-0.000000,0.00000,7.4000,0.0000,25.00,25.00,0.00000,0.00000,0,520,0,500,0,0,0,0,20,0,520,0,0,0,0,0,0,0,0,600,600,600,100,100,0.00000,0.00000,9.80665,0.000000,0.00000,-0.00000,0.00000,0.00000,9.80665,0.000000,0.000000,0.000000,2,1,0,1,1,1,0,0,0,0
2026-09-21T05:52:50.706734+00:00,605566500,SIMULATED,531,2277024,FAULT,2,-0.000000,0.00000,7.4000,0.0000,25.00,25.00,0.00000,0.00000,0,520,0,500,0,0,0,0,20,0,520,0,0,0,0,0,0,0,0,600,600,600,100,100,0.00000,0.00000,9.80665,0.000000,0.00000,-0.00000,0.00000,0.00000,9.80665,0.000000,0.000000,0.000000,2,1,0,1,1,1,0,0,0,0
2026-09-21T05:52:50.706786+00:00,605618125,SIMULATED,532,2279428,FAULT,2,-0.000000,0.00000,7.4000,0.0000,25.00,25.00,0.00000,0.00000,0,520,0,500,0,0,0,0,20,0,520,0,0,0,0,0,0,0,0,600,600,600,100,100,0.00000,0.00000,9.80665,0.000000,0.00000,-0.00000,0.00000,0.00000,9.80665,0.000000,0.000000,0.000000,2,1,0,1,1,1,0,0,0,0
2026-09-21T05:52:50.706840+00:00,605672416,SIMULATED,533,2281832,FAULT,2,-0.000000,0.00000,7.4000,0.0000,25.00,25.00,0.00000,0.00000,0,520,0,500,0,0,0,0,20,0,520,0,0,0,0,0,0,0,0,600,600,600,100,100,0.00000,0.00000,9.80665,0.000000,0.00000,-0.00000,0.00000,0.00000,9.80665,0.000000,0.000000,0.000000,2,1,0,1,1,1,0,0,0,0
2026-09-21T05:52:50.706892+00:00,605724000,SIMULATED,534,2284236,FAULT,2,-0.000000,0.00000,7.4000,0.0000,25.00,25.00,0.00000,0.00000,0,520,0,500,0,0,0,0,20,0,520,0,0,0,0,0,0,0,0,600,600,600,100,100,0.00000,0.00000,9.80665,0.000000,0.00000,-0.00000,0.00000,0.00000,9.80665,0.000000,0.000000,0.000000,2,1,0,1,1,1,0,0,0,0
2026-09-21T05:52:50.706943+00:00,605775750,SIMULATED,535,2286640,FAULT,2,-0.000000,0.00000,7.4000,0.0000,25.00,25.00,0.00000,0.00000,0,520,0,500,0,0,0,0,20,0,520,0,0,0,0,0,0,0,0,600,600,600,100,100,0.00000,0.00000,9.80665,0.000000,0.00000,-0.00000,0.00000,0.00000,9.80665,0.000000,0.000000,0.000000,2,1,0,1,1,1,0,0,0,0
2026-09-21T05:52:50.706995+00:00,605827541,SIMULATED,536,2289044,FAULT,2,-0.000000,0.00000,7.4000,0.0000,25.00,25.00,0.00000,0.00000,0,520,0,500,0,0,0,0,20,0,520,0,0,0,0,0,0,0,0,600,600,600,100,100,0.00000,0.00000,9.80665,0.000000,0.00000,-0.00000,0.00000,0.00000,9.80665,0.000000,0.000000,0.000000,2,1,0,1,1,1,0,0,0,0
2026-09-21T05:52:50.707053+00:00,605885291,SIMULATED,537,2291448,FAULT,2,-0.000000,0.00000,7.4000,0.0000,25.00,25.00,0.00000,0.00000,0,520,0,500,0,0,0,0,20,0,520,0,0,0,0,0,0,0,0,600,600,600,100,100,0.00000,0.00000,9.80665,0.000000,0.00000,-0.00000,0.00000,0.00000,9.80665,0.000000,0.000000,0.000000,2,1,0,1,1,1,0,0,0,0
2026-09-21T05:52:50.707105+00:00,605937750,SIMULATED,538,2293852,FAULT,2,-0.000000,0.00000,7.4000,0.0000,25.00,25.00,0.00000,0.00000,0,520,0,500,0,0,0,0,20,0,520,0,0,0,0,0,0,0,0,600,600,600,100,100,0.00000,0.00000,9.80665,0.000000,0.00000,-0.00000,0.00000,0.00000,9.80665,0.000000,0.000000,0.000000,2,1,0,1,1,1,0,0,0,0
2026-09-21T05:52:50.707158+00:00,605989916,SIMULATED,539,2296256,FAULT,2,-0.000000,0.00000,7.4000,0.0000,25.00,25.00,0.00000,0.00000,0,520,0,500,0,0,0,0,20,0,520,0,0,0,0,0,0,0,0,600,600,600,100,100,0.00000,0.00000,9.80665,0.000000,0.00000,-0.00000,0.00000,0.00000,9.80665,0.000000,0.000000,0.000000,2,1,0,1,1,1,0,0,0,0
2026-09-21T05:52:50.707212+00:00,606043916,SIMULATED,540,2298660,FAULT,2,-0.000000,0.00000,7.4000,0.0000,25.00,25.00,0.00000,0.00000,0,520,0,500,0,0,0,0,20,0,520,0,0,0,0,0,0,0,0,600,600,600,100,100,0.00000,0.00000,9.80665,0.000000,0.00000,-0.00000,0.00000,0.00000,9.80665,0.000000,0.000000,0.000000,2,1,0,1,1,1,0,0,0,0
2026-09-21T05:52:50.707263+00:00,606095708,SIMULATED,541,2301064,FAULT,2,-0.000000,0.00000,7.4000,0.0000,25.00,25.00,0.00000,0.00000,0,520,0,500,0,0,0,0,20,0,520,0,0,0,0,0,0,0,0,600,600,600,100,100,0.00000,0.00000,9.80665,0.000000,0.00000,-0.00000,0.00000,0.00000,9.80665,0.000000,0.000000,0.000000,2,1,0,1,1,1,0,0,0,0
2026-09-21T05:52:50.707318+00:00,606150375,SIMULATED,542,2303468,FAULT,2,-0.000000,0.00000,7.4000,0.0000,25.00,25.00,0.00000,0.00000,0,520,0,500,0,0,0,0,20,0,520,0,0,0,0,0,0,0,0,600,600,600,100,100,0.00000,0.00000,9.80665,0.000000,0.00000,-0.00000,0.00000,0.00000,9.80665,0.000000,0.000000,0.000000,2,1,0,1,1,1,0,0,0,0
2026-09-21T05:52:50.707372+00:00,606204208,SIMULATED,543,2305872,FAULT,2,-0.000000,0.00000,7.4000,0.0000,25.00,25.00,0.00000,0.00000,0,520,0,500,0,0,0,0,20,0,520,0,0,0,0,0,0,0,0,600,600,600,100,100,0.00000,0.00000,9.80665,0.000000,0.00000,-0.00000,0.00000,0.00000,9.80665,0.000000,0.000000,0.000000,2,1,0,1,1,1,0,0,0,0
2026-09-21T05:52:50.707424+00:00,606256000,SIMULATED,544,2308276,FAULT,2,-0.000000,0.00000,7.4000,0.0000,25.00,25.00,0.00000,0.00000,0,520,0,500,0,0,0,0,20,0,520,0,0,0,0,0,0,0,0,600,600,600,100,100,0.00000,0.00000,9.80665,0.000000,0.00000,-0.00000,0.00000,0.00000,9.80665,0.000000,0.000000,0.000000,2,1,0,1,1,1,0,0,0,0
2026-09-21T05:52:50.707475+00:00,606307458,SIMULATED,545,2310680,FAULT,2,-0.000000,0.00000,7.4000,0.0000,25.00,25.00,0.00000,0.00000,0,520,0,500,0,0,0,0,20,0,520,0,0,0,0,0,0,0,0,600,600,600,100,100,0.00000,0.00000,9.80665,0.000000,0.00000,-0.00000,0.00000,0.00000,9.80665,0.000000,0.000000,0.000000,2,1,0,1,1,1,0,0,0,0
2026-09-21T05:52:50.707530+00:00,606362791,SIMULATED,546,2313084,FAULT,2,-0.000000,0.00000,7.4000,0.0000,25.00,25.00,0.00000,0.00000,0,520,0,500,0,0,0,0,20,0,520,0,0,0,0,0,0,0,0,600,600,600,100,100,0.00000,0.00000,9.80665,0.000000,0.00000,-0.00000,0.00000,0.00000,9.80665,0.000000,0.000000,0.000000,2,1,0,1,1,1,0,0,0,0
2026-09-21T05:52:50.707583+00:00,606414958,SIMULATED,547,2315488,FAULT,2,-0.000000,0.00000,7.4000,0.0000,25.00,25.00,0.00000,0.00000,0,520,0,500,0,0,0,0,20,0,520,0,0,0,0,0,0,0,0,600,600,600,100,100,0.00000,0.00000,9.80665,0.000000,0.00000,-0.00000,0.00000,0.00000,9.80665,0.000000,0.000000,0.000000,2,1,0,1,1,1,0,0,0,0
2026-09-21T05:52:50.707634+00:00,606466500,SIMULATED,548,2317892,FAULT,2,-0.000000,0.00000,7.4000,0.0000,25.00,25.00,0.00000,0.00000,0,520,0,500,0,0,0,0,20,0,520,0,0,0,0,0,0,0,0,600,600,600,100,100,0.00000,0.00000,9.80665,0.000000,0.00000,-0.00000,0.00000,0.00000,9.80665,0.000000,0.000000,0.000000,2,1,0,1,1,1,0,0,0,0
2026-09-21T05:52:50.707688+00:00,606520625,SIMULATED,549,2320296,FAULT,2,-0.000000,0.00000,7.4000,0.0000,25.00,25.00,0.00000,0.00000,0,520,0,500,0,0,0,0,20,0,520,0,0,0,0,0,0,0,0,600,600,600,100,100,0.00000,0.00000,9.80665,0.000000,0.00000,-0.00000,0.00000,0.00000,9.80665,0.000000,0.000000,0.000000,2,1,0,1,1,1,0,0,0,0
2026-09-21T05:52:50.707741+00:00,606573083,SIMULATED,550,2322700,FAULT,2,-0.000000,0.00000,7.4000,0.0000,25.00,25.00,0.00000,0.00000,0,520,0,500,0,0,0,0,20,0,520,0,0,0,0,0,0,0,0,600,600,600,100,100,0.00000,0.00000,9.80665,0.000000,0.00000,-0.00000,0.00000,0.00000,9.80665,0.000000,0.000000,0.000000,2,1,0,1,1,1,0,0,0,0
2026-09-21T05:52:50.707793+00:00,606624750,SIMULATED,551,2325104,FAULT,2,-0.000000,0.00000,7.4000,0.0000,25.00,25.00,0.00000,0.00000,0,520,0,500,0,0,0,0,20,0,520,0,0,0,0,0,0,0,0,600,600,600,100,100,0.00000,0.00000,9.80665,0.000000,0.00000,-0.00000,0.00000,0.00000,9.80665,0.000000,0.000000,0.000000,2,1,0,1,1,1,0,0,0,0
2026-09-21T05:52:50.707848+00:00,606679875,SIMULATED,552,2327508,FAULT,2,-0.000000,0.00000,7.4000,0.0000,25.00,25.00,0.00000,0.00000,0,520,0,500,0,0,0,0,20,0,520,0,0,0,0,0,0,0,0,600,600,600,100,100,0.00000,0.00000,9.80665,0.000000,0.00000,-0.00000,0.00000,0.00000,9.80665,0.000000,0.000000,0.000000,2,1,0,1,1,1,0,0,0,0
2026-09-21T05:52:50.707900+00:00,606732000,SIMULATED,553,2329912,FAULT,2,-0.000000,0.00000,7.4000,0.0000,25.00,25.00,0.00000,0.00000,0,520,0,500,0,0,0,0,20,0,520,0,0,0,0,0,0,0,0,600,600,600,100,100,0.00000,0.00000,9.80665,0.000000,0.00000,-0.00000,0.00000,0.00000,9.80665,0.000000,0.000000,0.000000,2,1,0,1,1,1,0,0,0,0
2026-09-21T05:52:50.707952+00:00,606784250,SIMULATED,554,2332316,FAULT,2,-0.000000,0.00000,7.4000,0.0000,25.00,25.00,0.00000,0.00000,0,520,0,500,0,0,0,0,20,0,520,0,0,0,0,0,0,0,0,600,600,600,100,100,0.00000,0.00000,9.80665,0.000000,0.00000,-0.00000,0.00000,0.00000,9.80665,0.000000,0.000000,0.000000,2,1,0,1,1,1,0,0,0,0
2026-09-21T05:52:50.708006+00:00,606838125,SIMULATED,555,2334720,FAULT,2,-0.000000,0.00000,7.4000,0.0000,25.00,25.00,0.00000,0.00000,0,520,0,500,0,0,0,0,20,0,520,0,0,0,0,0,0,0,0,600,600,600,100,100,0.00000,0.00000,9.80665,0.000000,0.00000,-0.00000,0.00000,0.00000,9.80665,0.000000,0.000000,0.000000,2,1,0,1,1,1,0,0,0,0
2026-09-21T05:52:50.708058+00:00,606889833,SIMULATED,556,2337124,FAULT,2,-0.000000,0.00000,7.4000,0.0000,25.00,25.00,0.00000,0.00000,0,520,0,500,0,0,0,0,20,0,520,0,0,0,0,0,0,0,0,600,600,600,100,100,0.00000,0.00000,9.80665,0.000000,0.00000,-0.00000,0.00000,0.00000,9.80665,0.000000,0.000000,0.000000,2,1,0,1,1,1,0,0,0,0
2026-09-21T05:52:50.708109+00:00,606941208,SIMULATED,557,2339528,FAULT,2,-0.000000,0.00000,7.4000,0.0000,25.00,25.00,0.00000,0.00000,0,520,0,500,0,0,0,0,20,0,520,0,0,0,0,0,0,0,0,600,600,600,100,100,0.00000,0.00000,9.80665,0.000000,0.00000,-0.00000,0.00000,0.00000,9.80665,0.000000,0.000000,0.000000,2,1,0,1,1,1,0,0,0,0
2026-09-21T05:52:50.708169+00:00,607001541,SIMULATED,558,2341932,FAULT,2,-0.000000,0.00000,7.4000,0.0000,25.00,25.00,0.00000,0.00000,0,520,0,500,0,0,0,0,20,0,520,0,0,0,0,0,0,0,0,600,600,600,100,100,0.00000,0.00000,9.80665,0.000000,0.00000,-0.00000,0.00000,0.00000,9.80665,0.000000,0.000000,0.000000,2,1,0,1,1,1,0,0,0,0
2026-09-21T05:52:50.708222+00:00,607053916,SIMULATED,559,2344336,FAULT,2,-0.000000,0.00000,7.4000,0.0000,25.00,25.00,0.00000,0.00000,0,520,0,500,0,0,0,0,20,0,520,0,0,0,0,0,0,0,0,600,600,600,100,100,0.00000,0.00000,9.80665,0.000000,0.00000,-0.00000,0.00000,0.00000,9.80665,0.000000,0.000000,0.000000,2,1,0,1,1,1,0,0,0,0
2026-09-21T05:52:50.708274+00:00,607106041,SIMULATED,560,2346740,FAULT,2,-0.000000,0.00000,7.4000,0.0000,25.00,25.00,0.00000,0.00000,0,520,0,500,0,0,0,0,20,0,520,0,0,0,0,0,0,0,0,600,600,600,100,100,0.00000,0.00000,9.80665,0.000000,0.00000,-0.00000,0.00000,0.00000,9.80665,0.000000,0.000000,0.000000,2,1,0,1,1,1,0,0,0,0
2026-09-21T05:52:50.708328+00:00,607160583,SIMULATED,561,2349144,FAULT,2,-0.000000,0.00000,7.4000,0.0000,25.00,25.00,0.00000,0.00000,0,520,0,500,0,0,0,0,20,0,520,0,0,0,0,0,0,0,0,600,600,600,100,100,0.00000,0.00000,9.80665,0.000000,0.00000,-0.00000,0.00000,0.00000,9.80665,0.000000,0.000000,0.000000,2,1,0,1,1,1,0,0,0,0
2026-09-21T05:52:50.708384+00:00,607216791,SIMULATED,562,2351548,FAULT,2,-0.000000,0.00000,7.4000,0.0000,25.00,25.00,0.00000,0.00000,0,520,0,500,0,0,0,0,20,0,520,0,0,0,0,0,0,0,0,600,600,600,100,100,0.00000,0.00000,9.80665,0.000000,0.00000,-0.00000,0.00000,0.00000,9.80665,0.000000,0.000000,0.000000,2,1,0,1,1,1,0,0,0,0
2026-09-21T05:52:50.708436+00:00,607268625,SIMULATED,563,2353952,FAULT,2,-0.000000,0.00000,7.4000,0.0000,25.00,25.00,0.00000,0.00000,0,520,0,500,0,0,0,0,20,0,520,0,0,0,0,0,0,0,0,600,600,600,100,100,0.00000,0.00000,9.80665,0.000000,0.00000,-0.00000,0.00000,0.00000,9.80665,0.000000,0.000000,0.000000,2,1,0,1,1,1,0,0,0,0
2026-09-21T05:52:50.708488+00:00,607320750,SIMULATED,564,2356356,FAULT,2,-0.000000,0.00000,7.4000,0.0000,25.00,25.00,0.00000,0.00000,0,520,0,500,0,0,0,0,20,0,520,0,0,0,0,0,0,0,0,600,600,600,100,100,0.00000,0.00000,9.80665,0.000000,0.00000,-0.00000,0.00000,0.00000,9.80665,0.000000,0.000000,0.000000,2,1,0,1,1,1,0,0,0,0
2026-09-21T05:52:50.708540+00:00,607372625,SIMULATED,565,2358760,FAULT,2,-0.000000,0.00000,7.4000,0.0000,25.00,25.00,0.00000,0.00000,0,520,0,500,0,0,0,0,20,0,520,0,0,0,0,0,0,0,0,600,600,600,100,100,0.00000,0.00000,9.80665,0.000000,0.00000,-0.00000,0.00000,0.00000,9.80665,0.000000,0.000000,0.000000,2,1,0,1,1,1,0,0,0,0
2026-09-21T05:52:50.708592+00:00,607424333,SIMULATED,566,2361164,FAULT,2,-0.000000,0.00000,7.4000,0.0000,25.00,25.00,0.00000,0.00000,0,520,0,500,0,0,0,0,20,0,520,0,0,0,0,0,0,0,0,600,600,600,100,100,0.00000,0.00000,9.80665,0.000000,0.00000,-0.00000,0.00000,0.00000,9.80665,0.000000,0.000000,0.000000,2,1,0,1,1,1,0,0,0,0
2026-09-21T05:52:50.708650+00:00,607482333,SIMULATED,567,2363568,FAULT,2,-0.000000,0.00000,7.4000,0.0000,25.00,25.00,0.00000,0.00000,0,520,0,500,0,0,0,0,20,0,520,0,0,0,0,0,0,0,0,600,600,600,100,100,0.00000,0.00000,9.80665,0.000000,0.00000,-0.00000,0.00000,0.00000,9.80665,0.000000,0.000000,0.000000,2,1,0,1,1,1,0,0,0,0
2026-09-21T05:52:50.708702+00:00,607534583,SIMULATED,568,2365972,FAULT,2,-0.000000,0.00000,7.4000,0.0000,25.00,25.00,0.00000,0.00000,0,520,0,500,0,0,0,0,20,0,520,0,0,0,0,0,0,0,0,600,600,600,100,100,0.00000,0.00000,9.80665,0.000000,0.00000,-0.00000,0.00000,0.00000,9.80665,0.000000,0.000000,0.000000,2,1,0,1,1,1,0,0,0,0
2026-09-21T05:52:50.708754+00:00,607586333,SIMULATED,569,2368376,FAULT,2,-0.000000,0.00000,7.4000,0.0000,25.00,25.00,0.00000,0.00000,0,520,0,500,0,0,0,0,20,0,520,0,0,0,0,0,0,0,0,600,600,600,100,100,0.00000,0.00000,9.80665,0.000000,0.00000,-0.00000,0.00000,0.00000,9.80665,0.000000,0.000000,0.000000,2,1,0,1,1,1,0,0,0,0
2026-09-21T05:52:50.708806+00:00,607638291,SIMULATED,570,2370780,FAULT,2,-0.000000,0.00000,7.4000,0.0000,25.00,25.00,0.00000,0.00000,0,520,0,500,0,0,0,0,20,0,520,0,0,0,0,0,0,0,0,600,600,600,100,100,0.00000,0.00000,9.80665,0.000000,0.00000,-0.00000,0.00000,0.00000,9.80665,0.000000,0.000000,0.000000,2,1,0,1,1,1,0,0,0,0
2026-09-21T05:52:50.708863+00:00,607694916,SIMULATED,571,2373184,FAULT,2,-0.000000,0.00000,7.4000,0.0000,25.00,25.00,0.00000,0.00000,0,520,0,500,0,0,0,0,20,0,520,0,0,0,0,0,0,0,0,600,600,600,100,100,0.00000,0.00000,9.80665,0.000000,0.00000,-0.00000,0.00000,0.00000,9.80665,0.000000,0.000000,0.000000,2,1,0,1,1,1,0,0,0,0
2026-09-21T05:52:50.708918+00:00,607750083,SIMULATED,572,2375588,FAULT,2,-0.000000,0.00000,7.4000,0.0000,25.00,25.00,0.00000,0.00000,0,520,0,500,0,0,0,0,20,0,520,0,0,0,0,0,0,0,0,600,600,600,100,100,0.00000,0.00000,9.80665,0.000000,0.00000,-0.00000,0.00000,0.00000,9.80665,0.000000,0.000000,0.000000,2,1,0,1,1,1,0,0,0,0
2026-09-21T05:52:50.708973+00:00,607805083,SIMULATED,573,2377992,FAULT,2,-0.000000,0.00000,7.4000,0.0000,25.00,25.00,0.00000,0.00000,0,520,0,500,0,0,0,0,20,0,520,0,0,0,0,0,0,0,0,600,600,600,100,100,0.00000,0.00000,9.80665,0.000000,0.00000,-0.00000,0.00000,0.00000,9.80665,0.000000,0.000000,0.000000,2,1,0,1,1,1,0,0,0,0
2026-09-21T05:52:50.709025+00:00,607856958,SIMULATED,574,2380396,FAULT,2,-0.000000,0.00000,7.4000,0.0000,25.00,25.00,0.00000,0.00000,0,520,0,500,0,0,0,0,20,0,520,0,0,0,0,0,0,0,0,600,600,600,100,100,0.00000,0.00000,9.80665,0.000000,0.00000,-0.00000,0.00000,0.00000,9.80665,0.000000,0.000000,0.000000,2,1,0,1,1,1,0,0,0,0
2026-09-21T05:52:50.709076+00:00,607908666,SIMULATED,575,2382800,FAULT,2,-0.000000,0.00000,7.4000,0.0000,25.00,25.00,0.00000,0.00000,0,520,0,500,0,0,0,0,20,0,520,0,0,0,0,0,0,0,0,600,600,600,100,100,0.00000,0.00000,9.80665,0.000000,0.00000,-0.00000,0.00000,0.00000,9.80665,0.000000,0.000000,0.000000,2,1,0,1,1,1,0,0,0,0
2026-09-21T05:52:50.709129+00:00,607960958,SIMULATED,576,2385204,FAULT,2,-0.000000,0.00000,7.4000,0.0000,25.00,25.00,0.00000,0.00000,0,520,0,500,0,0,0,0,20,0,520,0,0,0,0,0,0,0,0,600,600,600,100,100,0.00000,0.00000,9.80665,0.000000,0.00000,-0.00000,0.00000,0.00000,9.80665,0.000000,0.000000,0.000000,2,1,0,1,1,1,0,0,0,0
2026-09-21T05:52:50.709181+00:00,608012791,SIMULATED,577,2387608,FAULT,2,-0.000000,0.00000,7.4000,0.0000,25.00,25.00,0.00000,0.00000,0,520,0,500,0,0,0,0,20,0,520,0,0,0,0,0,0,0,0,600,600,600,100,100,0.00000,0.00000,9.80665,0.000000,0.00000,-0.00000,0.00000,0.00000,9.80665,0.000000,0.000000,0.000000,2,1,0,1,1,1,0,0,0,0
2026-09-21T05:52:50.709233+00:00,608064875,SIMULATED,578,2390012,FAULT,2,-0.000000,0.00000,7.4000,0.0000,25.00,25.00,0.00000,0.00000,0,520,0,500,0,0,0,0,20,0,520,0,0,0,0,0,0,0,0,600,600,600,100,100,0.00000,0.00000,9.80665,0.000000,0.00000,-0.00000,0.00000,0.00000,9.80665,0.000000,0.000000,0.000000,2,1,0,1,1,1,0,0,0,0
2026-09-21T05:52:50.709287+00:00,608118916,SIMULATED,579,2392416,FAULT,2,-0.000000,0.00000,7.4000,0.0000,25.00,25.00,0.00000,0.00000,0,520,0,500,0,0,0,0,20,0,520,0,0,0,0,0,0,0,0,600,600,600,100,100,0.00000,0.00000,9.80665,0.000000,0.00000,-0.00000,0.00000,0.00000,9.80665,0.000000,0.000000,0.000000,2,1,0,1,1,1,0,0,0,0
2026-09-21T05:52:50.709339+00:00,608171291,SIMULATED,580,2394820,FAULT,2,-0.000000,0.00000,7.4000,0.0000,25.00,25.00,0.00000,0.00000,0,520,0,500,0,0,0,0,20,0,520,0,0,0,0,0,0,0,0,600,600,600,100,100,0.00000,0.00000,9.80665,0.000000,0.00000,-0.00000,0.00000,0.00000,9.80665,0.000000,0.000000,0.000000,2,1,0,1,1,1,0,0,0,0
2026-09-21T05:52:50.709391+00:00,608223458,SIMULATED,581,2397224,FAULT,2,-0.000000,0.00000,7.4000,0.0000,25.00,25.00,0.00000,0.00000,0,520,0,500,0,0,0,0,20,0,520,0,0,0,0,0,0,0,0,600,600,600,100,100,0.00000,0.00000,9.80665,0.000000,0.00000,-0.00000,0.00000,0.00000,9.80665,0.000000,0.000000,0.000000,2,1,0,1,1,1,0,0,0,0
2026-09-21T05:52:50.709446+00:00,608277958,SIMULATED,582,2399628,FAULT,2,-0.000000,0.00000,7.4000,0.0000,25.00,25.00,0.00000,0.00000,0,520,0,500,0,0,0,0,20,0,520,0,0,0,0,0,0,0,0,600,600,600,100,100,0.00000,0.00000,9.80665,0.000000,0.00000,-0.00000,0.00000,0.00000,9.80665,0.000000,0.000000,0.000000,2,1,0,1,1,1,0,0,0,0
2026-09-21T05:52:50.709497+00:00,608329708,SIMULATED,583,2402032,FAULT,2,-0.000000,0.00000,7.4000,0.0000,25.00,25.00,0.00000,0.00000,0,520,0,500,0,0,0,0,20,0,520,0,0,0,0,0,0,0,0,600,600,600,100,100,0.00000,0.00000,9.80665,0.000000,0.00000,-0.00000,0.00000,0.00000,9.80665,0.000000,0.000000,0.000000,2,1,0,1,1,1,0,0,0,0
2026-09-21T05:52:50.709552+00:00,608384166,SIMULATED,584,2404436,FAULT,2,-0.000000,0.00000,7.4000,0.0000,25.00,25.00,0.00000,0.00000,0,520,0,500,0,0,0,0,20,0,520,0,0,0,0,0,0,0,0,600,600,600,100,100,0.00000,0.00000,9.80665,0.000000,0.00000,-0.00000,0.00000,0.00000,9.80665,0.000000,0.000000,0.000000,2,1,0,1,1,1,0,0,0,0
2026-09-21T05:52:50.709606+00:00,608438208,SIMULATED,585,2406840,FAULT,2,-0.000000,0.00000,7.4000,0.0000,25.00,25.00,0.00000,0.00000,0,520,0,500,0,0,0,0,20,0,520,0,0,0,0,0,0,0,0,600,600,600,100,100,0.00000,0.00000,9.80665,0.000000,0.00000,-0.00000,0.00000,0.00000,9.80665,0.000000,0.000000,0.000000,2,1,0,1,1,1,0,0,0,0
2026-09-21T05:52:50.709658+00:00,608490125,SIMULATED,586,2409244,FAULT,2,-0.000000,0.00000,7.4000,0.0000,25.00,25.00,0.00000,0.00000,0,520,0,500,0,0,0,0,20,0,520,0,0,0,0,0,0,0,0,600,600,600,100,100,0.00000,0.00000,9.80665,0.000000,0.00000,-0.00000,0.00000,0.00000,9.80665,0.000000,0.000000,0.000000,2,1,0,1,1,1,0,0,0,0
2026-09-21T05:52:50.709710+00:00,608542083,SIMULATED,587,2411648,FAULT,2,-0.000000,0.00000,7.4000,0.0000,25.00,25.00,0.00000,0.00000,0,520,0,500,0,0,0,0,20,0,520,0,0,0,0,0,0,0,0,600,600,600,100,100,0.00000,0.00000,9.80665,0.000000,0.00000,-0.00000,0.00000,0.00000,9.80665,0.000000,0.000000,0.000000,2,1,0,1,1,1,0,0,0,0
2026-09-21T05:52:50.709761+00:00,608593625,SIMULATED,588,2414052,FAULT,2,-0.000000,0.00000,7.4000,0.0000,25.00,25.00,0.00000,0.00000,0,520,0,500,0,0,0,0,20,0,520,0,0,0,0,0,0,0,0,600,600,600,100,100,0.00000,0.00000,9.80665,0.000000,0.00000,-0.00000,0.00000,0.00000,9.80665,0.000000,0.000000,0.000000,2,1,0,1,1,1,0,0,0,0
2026-09-21T05:52:50.709815+00:00,608646875,SIMULATED,589,2416456,FAULT,2,-0.000000,0.00000,7.4000,0.0000,25.00,25.00,0.00000,0.00000,0,520,0,500,0,0,0,0,20,0,520,0,0,0,0,0,0,0,0,600,600,600,100,100,0.00000,0.00000,9.80665,0.000000,0.00000,-0.00000,0.00000,0.00000,9.80665,0.000000,0.000000,0.000000,2,1,0,1,1,1,0,0,0,0
2026-09-21T05:52:50.709867+00:00,608698958,SIMULATED,590,2418860,FAULT,2,-0.000000,0.00000,7.4000,0.0000,25.00,25.00,0.00000,0.00000,0,520,0,500,0,0,0,0,20,0,520,0,0,0,0,0,0,0,0,600,600,600,100,100,0.00000,0.00000,9.80665,0.000000,0.00000,-0.00000,0.00000,0.00000,9.80665,0.000000,0.000000,0.000000,2,1,0,1,1,1,0,0,0,0
2026-09-21T05:52:50.709923+00:00,608755250,SIMULATED,591,2421264,FAULT,2,-0.000000,0.00000,7.4000,0.0000,25.00,25.00,0.00000,0.00000,0,520,0,500,0,0,0,0,20,0,520,0,0,0,0,0,0,0,0,600,600,600,100,100,0.00000,0.00000,9.80665,0.000000,0.00000,-0.00000,0.00000,0.00000,9.80665,0.000000,0.000000,0.000000,2,1,0,1,1,1,0,0,0,0
2026-09-21T05:52:50.709979+00:00,608810833,SIMULATED,592,2423668,FAULT,2,-0.000000,0.00000,7.4000,0.0000,25.00,25.00,0.00000,0.00000,0,520,0,500,0,0,0,0,20,0,520,0,0,0,0,0,0,0,0,600,600,600,100,100,0.00000,0.00000,9.80665,0.000000,0.00000,-0.00000,0.00000,0.00000,9.80665,0.000000,0.000000,0.000000,2,1,0,1,1,1,0,0,0,0
2026-09-21T05:52:50.710031+00:00,608863041,SIMULATED,593,2426072,FAULT,2,-0.000000,0.00000,7.4000,0.0000,25.00,25.00,0.00000,0.00000,0,520,0,500,0,0,0,0,20,0,520,0,0,0,0,0,0,0,0,600,600,600,100,100,0.00000,0.00000,9.80665,0.000000,0.00000,-0.00000,0.00000,0.00000,9.80665,0.000000,0.000000,0.000000,2,1,0,1,1,1,0,0,0,0
2026-09-21T05:52:50.710087+00:00,608919041,SIMULATED,594,2428476,FAULT,2,-0.000000,0.00000,7.4000,0.0000,25.00,25.00,0.00000,0.00000,0,520,0,500,0,0,0,0,20,0,520,0,0,0,0,0,0,0,0,600,600,600,100,100,0.00000,0.00000,9.80665,0.000000,0.00000,-0.00000,0.00000,0.00000,9.80665,0.000000,0.000000,0.000000,2,1,0,1,1,1,0,0,0,0
2026-09-21T05:52:50.710139+00:00,608971166,SIMULATED,595,2430880,FAULT,2,-0.000000,0.00000,7.4000,0.0000,25.00,25.00,0.00000,0.00000,0,520,0,500,0,0,0,0,20,0,520,0,0,0,0,0,0,0,0,600,600,600,100,100,0.00000,0.00000,9.80665,0.000000,0.00000,-0.00000,0.00000,0.00000,9.80665,0.000000,0.000000,0.000000,2,1,0,1,1,1,0,0,0,0
2026-09-21T05:52:50.710191+00:00,609023208,SIMULATED,596,2433284,FAULT,2,-0.000000,0.00000,7.4000,0.0000,25.00,25.00,0.00000,0.00000,0,520,0,500,0,0,0,0,20,0,520,0,0,0,0,0,0,0,0,600,600,600,100,100,0.00000,0.00000,9.80665,0.000000,0.00000,-0.00000,0.00000,0.00000,9.80665,0.000000,0.000000,0.000000,2,1,0,1,1,1,0,0,0,0
2026-09-21T05:52:50.710252+00:00,609084208,SIMULATED,597,2435688,FAULT,2,-0.000000,0.00000,7.4000,0.0000,25.00,25.00,0.00000,0.00000,0,520,0,500,0,0,0,0,20,0,520,0,0,0,0,0,0,0,0,600,600,600,100,100,0.00000,0.00000,9.80665,0.000000,0.00000,-0.00000,0.00000,0.00000,9.80665,0.000000,0.000000,0.000000,2,1,0,1,1,1,0,0,0,0
2026-09-21T05:52:50.710305+00:00,609137208,SIMULATED,598,2438092,FAULT,2,-0.000000,0.00000,7.4000,0.0000,25.00,25.00,0.00000,0.00000,0,520,0,500,0,0,0,0,20,0,520,0,0,0,0,0,0,0,0,600,600,600,100,100,0.00000,0.00000,9.80665,0.000000,0.00000,-0.00000,0.00000,0.00000,9.80665,0.000000,0.000000,0.000000,2,1,0,1,1,1,0,0,0,0
2026-09-21T05:52:50.710357+00:00,609189208,SIMULATED,599,2440496,FAULT,2,-0.000000,0.00000,7.4000,0.0000,25.00,25.00,0.00000,0.00000,0,520,0,500,0,0,0,0,20,0,520,0,0,0,0,0,0,0,0,600,600,600,100,100,0.00000,0.00000,9.80665,0.000000,0.00000,-0.00000,0.00000,0.00000,9.80665,0.000000,0.000000,0.000000,2,1,0,1,1,1,0,0,0,0
2026-09-21T05:52:50.710409+00:00,609241208,SIMULATED,600,2442900,FAULT,2,-0.000000,0.00000,7.4000,0.0000,25.00,25.00,0.00000,0.00000,0,520,0,500,0,0,0,0,20,0,520,0,0,0,0,0,0,0,0,600,600,600,100,100,0.00000,0.00000,9.80665,0.000000,0.00000,-0.00000,0.00000,0.00000,9.80665,0.000000,0.000000,0.000000,2,1,0,1,1,1,0,0,0,0
2026-09-21T05:52:50.710461+00:00,609293166,SIMULATED,601,2445304,FAULT,2,-0.000000,0.00000,7.4000,0.0000,25.00,25.00,0.00000,0.00000,0,520,0,500,0,0,0,0,20,0,520,0,0,0,0,0,0,0,0,600,600,600,100,100,0.00000,0.00000,9.80665,0.000000,0.00000,-0.00000,0.00000,0.00000,9.80665,0.000000,0.000000,0.000000,2,1,0,1,1,1,0,0,0,0
2026-09-21T05:52:50.710518+00:00,609350333,SIMULATED,602,2447708,FAULT,2,-0.000000,0.00000,7.4000,0.0000,25.00,25.00,0.00000,0.00000,0,520,0,500,0,0,0,0,20,0,520,0,0,0,0,0,0,0,0,600,600,600,100,100,0.00000,0.00000,9.80665,0.000000,0.00000,-0.00000,0.00000,0.00000,9.80665,0.000000,0.000000,0.000000,2,1,0,1,1,1,0,0,0,0
2026-09-21T05:52:50.710573+00:00,609405208,SIMULATED,603,2450112,FAULT,2,-0.000000,0.00000,7.4000,0.0000,25.00,25.00,0.00000,0.00000,0,520,0,500,0,0,0,0,20,0,520,0,0,0,0,0,0,0,0,600,600,600,100,100,0.00000,0.00000,9.80665,0.000000,0.00000,-0.00000,0.00000,0.00000,9.80665,0.000000,0.000000,0.000000,2,1,0,1,1,1,0,0,0,0
2026-09-21T05:52:50.710625+00:00,609457166,SIMULATED,604,2452516,FAULT,2,-0.000000,0.00000,7.4000,0.0000,25.00,25.00,0.00000,0.00000,0,520,0,500,0,0,0,0,20,0,520,0,0,0,0,0,0,0,0,600,600,600,100,100,0.00000,0.00000,9.80665,0.000000,0.00000,-0.00000,0.00000,0.00000,9.80665,0.000000,0.000000,0.000000,2,1,0,1,1,1,0,0,0,0
2026-09-21T05:52:50.710678+00:00,609509833,SIMULATED,605,2454920,FAULT,2,-0.000000,0.00000,7.4000,0.0000,25.00,25.00,0.00000,0.00000,0,520,0,500,0,0,0,0,20,0,520,0,0,0,0,0,0,0,0,600,600,600,100,100,0.00000,0.00000,9.80665,0.000000,0.00000,-0.00000,0.00000,0.00000,9.80665,0.000000,0.000000,0.000000,2,1,0,1,1,1,0,0,0,0
2026-09-21T05:52:50.710730+00:00,609561875,SIMULATED,606,2457324,FAULT,2,-0.000000,0.00000,7.4000,0.0000,25.00,25.00,0.00000,0.00000,0,520,0,500,0,0,0,0,20,0,520,0,0,0,0,0,0,0,0,600,600,600,100,100,0.00000,0.00000,9.80665,0.000000,0.00000,-0.00000,0.00000,0.00000,9.80665,0.000000,0.000000,0.000000,2,1,0,1,1,1,0,0,0,0
2026-09-21T05:52:50.710782+00:00,609613958,SIMULATED,607,2459728,FAULT,2,-0.000000,0.00000,7.4000,0.0000,25.00,25.00,0.00000,0.00000,0,520,0,500,0,0,0,0,20,0,520,0,0,0,0,0,0,0,0,600,600,600,100,100,0.00000,0.00000,9.80665,0.000000,0.00000,-0.00000,0.00000,0.00000,9.80665,0.000000,0.000000,0.000000,2,1,0,1,1,1,0,0,0,0
2026-09-21T05:52:50.710834+00:00,609665875,SIMULATED,608,2462132,FAULT,2,-0.000000,0.00000,7.4000,0.0000,25.00,25.00,0.00000,0.00000,0,520,0,500,0,0,0,0,20,0,520,0,0,0,0,0,0,0,0,600,600,600,100,100,0.00000,0.00000,9.80665,0.000000,0.00000,-0.00000,0.00000,0.00000,9.80665,0.000000,0.000000,0.000000,2,1,0,1,1,1,0,0,0,0
2026-09-21T05:52:50.710889+00:00,609720875,SIMULATED,609,2464536,FAULT,2,-0.000000,0.00000,7.4000,0.0000,25.00,25.00,0.00000,0.00000,0,520,0,500,0,0,0,0,20,0,520,0,0,0,0,0,0,0,0,600,600,600,100,100,0.00000,0.00000,9.80665,0.000000,0.00000,-0.00000,0.00000,0.00000,9.80665,0.000000,0.000000,0.000000,2,1,0,1,1,1,0,0,0,0
2026-09-21T05:52:50.710945+00:00,609776958,SIMULATED,610,2466940,FAULT,2,-0.000000,0.00000,7.4000,0.0000,25.00,25.00,0.00000,0.00000,0,520,0,500,0,0,0,0,20,0,520,0,0,0,0,0,0,0,0,600,600,600,100,100,0.00000,0.00000,9.80665,0.000000,0.00000,-0.00000,0.00000,0.00000,9.80665,0.000000,0.000000,0.000000,2,1,0,1,1,1,0,0,0,0
2026-09-21T05:52:50.710997+00:00,609828958,SIMULATED,611,2469344,FAULT,2,-0.000000,0.00000,7.4000,0.0000,25.00,25.00,0.00000,0.00000,0,520,0,500,0,0,0,0,20,0,520,0,0,0,0,0,0,0,0,600,600,600,100,100,0.00000,0.00000,9.80665,0.000000,0.00000,-0.00000,0.00000,0.00000,9.80665,0.000000,0.000000,0.000000,2,1,0,1,1,1,0,0,0,0
2026-09-21T05:52:50.711052+00:00,609883708,SIMULATED,612,2471748,FAULT,2,-0.000000,0.00000,7.4000,0.0000,25.00,25.00,0.00000,0.00000,0,520,0,500,0,0,0,0,20,0,520,0,0,0,0,0,0,0,0,600,600,600,100,100,0.00000,0.00000,9.80665,0.000000,0.00000,-0.00000,0.00000,0.00000,9.80665,0.000000,0.000000,0.000000,2,1,0,1,1,1,0,0,0,0
2026-09-21T05:52:50.711100+00:00,609932083,SIMULATED,613,2474152,FAULT,2,-0.000000,0.00000,7.4000,0.0000,25.00,25.00,0.00000,0.00000,0,520,0,500,0,0,0,0,20,0,520,0,0,0,0,0,0,0,0,600,600,600,100,100,0.00000,0.00000,9.80665,0.000000,0.00000,-0.00000,0.00000,0.00000,9.80665,0.000000,0.000000,0.000000,2,1,0,1,1,1,0,0,0,0
2026-09-21T05:52:50.711147+00:00,609979333,SIMULATED,614,2476556,FAULT,2,-0.000000,0.00000,7.4000,0.0000,25.00,25.00,0.00000,0.00000,0,520,0,500,0,0,0,0,20,0,520,0,0,0,0,0,0,0,0,600,600,600,100,100,0.00000,0.00000,9.80665,0.000000,0.00000,-0.00000,0.00000,0.00000,9.80665,0.000000,0.000000,0.000000,2,1,0,1,1,1,0,0,0,0
2026-09-21T05:52:50.711197+00:00,610029041,SIMULATED,615,2478960,FAULT,2,-0.000000,0.00000,7.4000,0.0000,25.00,25.00,0.00000,0.00000,0,520,0,500,0,0,0,0,20,0,520,0,0,0,0,0,0,0,0,600,600,600,100,100,0.00000,0.00000,9.80665,0.000000,0.00000,-0.00000,0.00000,0.00000,9.80665,0.000000,0.000000,0.000000,2,1,0,1,1,1,0,0,0,0
2026-09-21T05:52:50.711245+00:00,610076833,SIMULATED,616,2481364,FAULT,2,-0.000000,0.00000,7.4000,0.0000,25.00,25.00,0.00000,0.00000,0,520,0,500,0,0,0,0,20,0,520,0,0,0,0,0,0,0,0,600,600,600,100,100,0.00000,0.00000,9.80665,0.000000,0.00000,-0.00000,0.00000,0.00000,9.80665,0.000000,0.000000,0.000000,2,1,0,1,1,1,0,0,0,0
2026-09-21T05:52:50.711292+00:00,610124208,SIMULATED,617,2483768,FAULT,2,-0.000000,0.00000,7.4000,0.0000,25.00,25.00,0.00000,0.00000,0,520,0,500,0,0,0,0,20,0,520,0,0,0,0,0,0,0,0,600,600,600,100,100,0.00000,0.00000,9.80665,0.000000,0.00000,-0.00000,0.00000,0.00000,9.80665,0.000000,0.000000,0.000000,2,1,0,1,1,1,0,0,0,0
2026-09-21T05:52:50.711339+00:00,610171500,SIMULATED,618,2486172,FAULT,2,-0.000000,0.00000,7.4000,0.0000,25.00,25.00,0.00000,0.00000,0,520,0,500,0,0,0,0,20,0,520,0,0,0,0,0,0,0,0,600,600,600,100,100,0.00000,0.00000,9.80665,0.000000,0.00000,-0.00000,0.00000,0.00000,9.80665,0.000000,0.000000,0.000000,2,1,0,1,1,1,0,0,0,0
2026-09-21T05:52:50.711387+00:00,610219291,SIMULATED,619,2488576,FAULT,2,-0.000000,0.00000,7.4000,0.0000,25.00,25.00,0.00000,0.00000,0,520,0,500,0,0,0,0,20,0,520,0,0,0,0,0,0,0,0,600,600,600,100,100,0.00000,0.00000,9.80665,0.000000,0.00000,-0.00000,0.00000,0.00000,9.80665,0.000000,0.000000,0.000000,2,1,0,1,1,1,0,0,0,0
2026-09-21T05:52:50.711435+00:00,610267000,SIMULATED,620,2490980,FAULT,2,-0.000000,0.00000,7.4000,0.0000,25.00,25.00,0.00000,0.00000,0,520,0,500,0,0,0,0,20,0,520,0,0,0,0,0,0,0,0,600,600,600,100,100,0.00000,0.00000,9.80665,0.000000,0.00000,-0.00000,0.00000,0.00000,9.80665,0.000000,0.000000,0.000000,2,1,0,1,1,1,0,0,0,0
2026-09-21T05:52:50.711486+00:00,610318416,SIMULATED,621,2493384,FAULT,2,-0.000000,0.00000,7.4000,0.0000,25.00,25.00,0.00000,0.00000,0,520,0,500,0,0,0,0,20,0,520,0,0,0,0,0,0,0,0,600,600,600,100,100,0.00000,0.00000,9.80665,0.000000,0.00000,-0.00000,0.00000,0.00000,9.80665,0.000000,0.000000,0.000000,2,1,0,1,1,1,0,0,0,0
2026-09-21T05:52:50.711537+00:00,610369583,SIMULATED,622,2495788,FAULT,2,-0.000000,0.00000,7.4000,0.0000,25.00,25.00,0.00000,0.00000,0,520,0,500,0,0,0,0,20,0,520,0,0,0,0,0,0,0,0,600,600,600,100,100,0.00000,0.00000,9.80665,0.000000,0.00000,-0.00000,0.00000,0.00000,9.80665,0.000000,0.000000,0.000000,2,1,0,1,1,1,0,0,0,0
2026-09-21T05:52:50.711588+00:00,610420333,SIMULATED,623,2498192,FAULT,2,-0.000000,0.00000,7.4000,0.0000,25.00,25.00,0.00000,0.00000,0,520,0,500,0,0,0,0,20,0,520,0,0,0,0,0,0,0,0,600,600,600,100,100,0.00000,0.00000,9.80665,0.000000,0.00000,-0.00000,0.00000,0.00000,9.80665,0.000000,0.000000,0.000000,2,1,0,1,1,1,0,0,0,0
2026-09-21T05:52:50.711636+00:00,610468041,SIMULATED,624,2500596,FAULT,2,-0.000000,0.00000,7.4000,0.0000,25.00,25.00,0.00000,0.00000,0,520,0,500,0,0,0,0,20,0,520,0,0,0,0,0,0,0,0,600,600,600,100,100,0.00000,0.00000,9.80665,0.000000,0.00000,-0.00000,0.00000,0.00000,9.80665,0.000000,0.000000,0.000000,2,1,0,1,1,1,0,0,0,0
2026-09-21T05:52:50.711684+00:00,610515750,SIMULATED,625,2503000,FAULT,2,-0.000000,0.00000,7.4000,0.0000,25.00,25.00,0.00000,0.00000,0,520,0,500,0,0,0,0,20,0,520,0,0,0,0,0,0,0,0,600,600,600,100,100,0.00000,0.00000,9.80665,0.000000,0.00000,-0.00000,0.00000,0.00000,9.80665,0.000000,0.000000,0.000000,2,1,0,1,1,1,0,0,0,0
2026-09-21T05:52:50.711731+00:00,610563083,SIMULATED,626,2505404,FAULT,2,-0.000000,0.00000,7.4000,0.0000,25.00,25.00,0.00000,0.00000,0,520,0,500,0,0,0,0,20,0,520,0,0,0,0,0,0,0,0,600,600,600,100,100,0.00000,0.00000,9.80665,0.000000,0.00000,-0.00000,0.00000,0.00000,9.80665,0.000000,0.000000,0.000000,2,1,0,1,1,1,0,0,0,0
2026-09-21T05:52:50.711785+00:00,610617125,SIMULATED,627,2507808,FAULT,2,-0.000000,0.00000,7.4000,0.0000,25.00,25.00,0.00000,0.00000,0,520,0,500,0,0,0,0,20,0,520,0,0,0,0,0,0,0,0,600,600,600,100,100,0.00000,0.00000,9.80665,0.000000,0.00000,-0.00000,0.00000,0.00000,9.80665,0.000000,0.000000,0.000000,2,1,0,1,1,1,0,0,0,0
2026-09-21T05:52:50.711833+00:00,610665541,SIMULATED,628,2510212,FAULT,2,-0.000000,0.00000,7.4000,0.0000,25.00,25.00,0.00000,0.00000,0,520,0,500,0,0,0,0,20,0,520,0,0,0,0,0,0,0,0,600,600,600,100,100,0.00000,0.00000,9.80665,0.000000,0.00000,-0.00000,0.00000,0.00000,9.80665,0.000000,0.000000,0.000000,2,1,0,1,1,1,0,0,0,0
2026-09-21T05:52:50.711881+00:00,610713291,SIMULATED,629,2512616,FAULT,2,-0.000000,0.00000,7.4000,0.0000,25.00,25.00,0.00000,0.00000,0,520,0,500,0,0,0,0,20,0,520,0,0,0,0,0,0,0,0,600,600,600,100,100,0.00000,0.00000,9.80665,0.000000,0.00000,-0.00000,0.00000,0.00000,9.80665,0.000000,0.000000,0.000000,2,1,0,1,1,1,0,0,0,0
2026-09-21T05:52:50.711929+00:00,610761000,SIMULATED,630,2515020,FAULT,2,-0.000000,0.00000,7.4000,0.0000,25.00,25.00,0.00000,0.00000,0,520,0,500,0,0,0,0,20,0,520,0,0,0,0,0,0,0,0,600,600,600,100,100,0.00000,0.00000,9.80665,0.000000,0.00000,-0.00000,0.00000,0.00000,9.80665,0.000000,0.000000,0.000000,2,1,0,1,1,1,0,0,0,0
2026-09-21T05:52:50.711977+00:00,610808833,SIMULATED,631,2517424,FAULT,2,-0.000000,0.00000,7.4000,0.0000,25.00,25.00,0.00000,0.00000,0,520,0,500,0,0,0,0,20,0,520,0,0,0,0,0,0,0,0,600,600,600,100,100,0.00000,0.00000,9.80665,0.000000,0.00000,-0.00000,0.00000,0.00000,9.80665,0.000000,0.000000,0.000000,2,1,0,1,1,1,0,0,0,0
2026-09-21T05:52:50.712027+00:00,610859166,SIMULATED,632,2519828,FAULT,2,-0.000000,0.00000,7.4000,0.0000,25.00,25.00,0.00000,0.00000,0,520,0,500,0,0,0,0,20,0,520,0,0,0,0,0,0,0,0,600,600,600,100,100,0.00000,0.00000,9.80665,0.000000,0.00000,-0.00000,0.00000,0.00000,9.80665,0.000000,0.000000,0.000000,2,1,0,1,1,1,0,0,0,0
2026-09-21T05:52:50.712080+00:00,610912125,SIMULATED,633,2522232,FAULT,2,-0.000000,0.00000,7.4000,0.0000,25.00,25.00,0.00000,0.00000,0,520,0,500,0,0,0,0,20,0,520,0,0,0,0,0,0,0,0,600,600,600,100,100,0.00000,0.00000,9.80665,0.000000,0.00000,-0.00000,0.00000,0.00000,9.80665,0.000000,0.000000,0.000000,2,1,0,1,1,1,0,0,0,0
2026-09-21T05:52:50.712130+00:00,610962291,SIMULATED,634,2524636,FAULT,2,-0.000000,0.00000,7.4000,0.0000,25.00,25.00,0.00000,0.00000,0,520,0,500,0,0,0,0,20,0,520,0,0,0,0,0,0,0,0,600,600,600,100,100,0.00000,0.00000,9.80665,0.000000,0.00000,-0.00000,0.00000,0.00000,9.80665,0.000000,0.000000,0.000000,2,1,0,1,1,1,0,0,0,0
2026-09-21T05:52:50.712181+00:00,611013083,SIMULATED,635,2527040,FAULT,2,-0.000000,0.00000,7.4000,0.0000,25.00,25.00,0.00000,0.00000,0,520,0,500,0,0,0,0,20,0,520,0,0,0,0,0,0,0,0,600,600,600,100,100,0.00000,0.00000,9.80665,0.000000,0.00000,-0.00000,0.00000,0.00000,9.80665,0.000000,0.000000,0.000000,2,1,0,1,1,1,0,0,0,0
2026-09-21T05:52:50.712229+00:00,611060750,SIMULATED,636,2529444,FAULT,2,-0.000000,0.00000,7.4000,0.0000,25.00,25.00,0.00000,0.00000,0,520,0,500,0,0,0,0,20,0,520,0,0,0,0,0,0,0,0,600,600,600,100,100,0.00000,0.00000,9.80665,0.000000,0.00000,-0.00000,0.00000,0.00000,9.80665,0.000000,0.000000,0.000000,2,1,0,1,1,1,0,0,0,0
2026-09-21T05:52:50.712277+00:00,611108666,SIMULATED,637,2531848,FAULT,2,-0.000000,0.00000,7.4000,0.0000,25.00,25.00,0.00000,0.00000,0,520,0,500,0,0,0,0,20,0,520,0,0,0,0,0,0,0,0,600,600,600,100,100,0.00000,0.00000,9.80665,0.000000,0.00000,-0.00000,0.00000,0.00000,9.80665,0.000000,0.000000,0.000000,2,1,0,1,1,1,0,0,0,0
2026-09-21T05:52:50.712325+00:00,611156750,SIMULATED,638,2534252,FAULT,2,-0.000000,0.00000,7.4000,0.0000,25.00,25.00,0.00000,0.00000,0,520,0,500,0,0,0,0,20,0,520,0,0,0,0,0,0,0,0,600,600,600,100,100,0.00000,0.00000,9.80665,0.000000,0.00000,-0.00000,0.00000,0.00000,9.80665,0.000000,0.000000,0.000000,2,1,0,1,1,1,0,0,0,0
2026-09-21T05:52:50.712376+00:00,611207875,SIMULATED,639,2536656,FAULT,2,-0.000000,0.00000,7.4000,0.0000,25.00,25.00,0.00000,0.00000,0,520,0,500,0,0,0,0,20,0,520,0,0,0,0,0,0,0,0,600,600,600,100,100,0.00000,0.00000,9.80665,0.000000,0.00000,-0.00000,0.00000,0.00000,9.80665,0.000000,0.000000,0.000000,2,1,0,1,1,1,0,0,0,0
2026-09-21T05:52:50.712424+00:00,611255916,SIMULATED,640,2539060,FAULT,2,-0.000000,0.00000,7.4000,0.0000,25.00,25.00,0.00000,0.00000,0,520,0,500,0,0,0,0,20,0,520,0,0,0,0,0,0,0,0,600,600,600,100,100,0.00000,0.00000,9.80665,0.000000,0.00000,-0.00000,0.00000,0.00000,9.80665,0.000000,0.000000,0.000000,2,1,0,1,1,1,0,0,0,0
2026-09-21T05:52:50.712471+00:00,611303375,SIMULATED,641,2541464,FAULT,2,-0.000000,0.00000,7.4000,0.0000,25.00,25.00,0.00000,0.00000,0,520,0,500,0,0,0,0,20,0,520,0,0,0,0,0,0,0,0,600,600,600,100,100,0.00000,0.00000,9.80665,0.000000,0.00000,-0.00000,0.00000,0.00000,9.80665,0.000000,0.000000,0.000000,2,1,0,1,1,1,0,0,0,0
2026-09-21T05:52:50.712519+00:00,611351041,SIMULATED,642,2543868,FAULT,2,-0.000000,0.00000,7.4000,0.0000,25.00,25.00,0.00000,0.00000,0,520,0,500,0,0,0,0,20,0,520,0,0,0,0,0,0,0,0,600,600,600,100,100,0.00000,0.00000,9.80665,0.000000,0.00000,-0.00000,0.00000,0.00000,9.80665,0.000000,0.000000,0.000000,2,1,0,1,1,1,0,0,0,0
2026-09-21T05:52:50.712571+00:00,611403458,SIMULATED,643,2546272,FAULT,2,-0.000000,0.00000,7.4000,0.0000,25.00,25.00,0.00000,0.00000,0,520,0,500,0,0,0,0,20,0,520,0,0,0,0,0,0,0,0,600,600,600,100,100,0.00000,0.00000,9.80665,0.000000,0.00000,-0.00000,0.00000,0.00000,9.80665,0.000000,0.000000,0.000000,2,1,0,1,1,1,0,0,0,0
2026-09-21T05:52:50.712619+00:00,611451666,SIMULATED,644,2548676,FAULT,2,-0.000000,0.00000,7.4000,0.0000,25.00,25.00,0.00000,0.00000,0,520,0,500,0,0,0,0,20,0,520,0,0,0,0,0,0,0,0,600,600,600,100,100,0.00000,0.00000,9.80665,0.000000,0.00000,-0.00000,0.00000,0.00000,9.80665,0.000000,0.000000,0.000000,2,1,0,1,1,1,0,0,0,0
2026-09-21T05:52:50.712669+00:00,611501458,SIMULATED,645,2551080,FAULT,2,-0.000000,0.00000,7.4000,0.0000,25.00,25.00,0.00000,0.00000,0,520,0,500,0,0,0,0,20,0,520,0,0,0,0,0,0,0,0,600,600,600,100,100,0.00000,0.00000,9.80665,0.000000,0.00000,-0.00000,0.00000,0.00000,9.80665,0.000000,0.000000,0.000000,2,1,0,1,1,1,0,0,0,0
2026-09-21T05:52:50.712717+00:00,611549041,SIMULATED,646,2553484,FAULT,2,-0.000000,0.00000,7.4000,0.0000,25.00,25.00,0.00000,0.00000,0,520,0,500,0,0,0,0,20,0,520,0,0,0,0,0,0,0,0,600,600,600,100,100,0.00000,0.00000,9.80665,0.000000,0.00000,-0.00000,0.00000,0.00000,9.80665,0.000000,0.000000,0.000000,2,1,0,1,1,1,0,0,0,0
2026-09-21T05:52:50.712765+00:00,611596666,SIMULATED,647,2555888,FAULT,2,-0.000000,0.00000,7.4000,0.0000,25.00,25.00,0.00000,0.00000,0,520,0,500,0,0,0,0,20,0,520,0,0,0,0,0,0,0,0,600,600,600,100,100,0.00000,0.00000,9.80665,0.000000,0.00000,-0.00000,0.00000,0.00000,9.80665,0.000000,0.000000,0.000000,2,1,0,1,1,1,0,0,0,0
2026-09-21T05:52:50.712816+00:00,611648416,SIMULATED,648,2558292,FAULT,2,-0.000000,0.00000,7.4000,0.0000,25.00,25.00,0.00000,0.00000,0,520,0,500,0,0,0,0,20,0,520,0,0,0,0,0,0,0,0,600,600,600,100,100,0.00000,0.00000,9.80665,0.000000,0.00000,-0.00000,0.00000,0.00000,9.80665,0.000000,0.000000,0.000000,2,1,0,1,1,1,0,0,0,0
2026-09-21T05:52:50.712864+00:00,611696291,SIMULATED,649,2560696,FAULT,2,-0.000000,0.00000,7.4000,0.0000,25.00,25.00,0.00000,0.00000,0,520,0,500,0,0,0,0,20,0,520,0,0,0,0,0,0,0,0,600,600,600,100,100,0.00000,0.00000,9.80665,0.000000,0.00000,-0.00000,0.00000,0.00000,9.80665,0.000000,0.000000,0.000000,2,1,0,1,1,1,0,0,0,0
2026-09-21T05:52:50.712912+00:00,611744041,SIMULATED,650,2563100,FAULT,2,-0.000000,0.00000,7.4000,0.0000,25.00,25.00,0.00000,0.00000,0,520,0,500,0,0,0,0,20,0,520,0,0,0,0,0,0,0,0,600,600,600,100,100,0.00000,0.00000,9.80665,0.000000,0.00000,-0.00000,0.00000,0.00000,9.80665,0.000000,0.000000,0.000000,2,1,0,1,1,1,0,0,0,0
2026-09-21T05:52:50.712962+00:00,611794208,SIMULATED,651,2565504,FAULT,2,-0.000000,0.00000,7.4000,0.0000,25.00,25.00,0.00000,0.00000,0,520,0,500,0,0,0,0,20,0,520,0,0,0,0,0,0,0,0,600,600,600,100,100,0.00000,0.00000,9.80665,0.000000,0.00000,-0.00000,0.00000,0.00000,9.80665,0.000000,0.000000,0.000000,2,1,0,1,1,1,0,0,0,0
2026-09-21T05:52:50.713013+00:00,611844666,SIMULATED,652,2567908,FAULT,2,-0.000000,0.00000,7.4000,0.0000,25.00,25.00,0.00000,0.00000,0,520,0,500,0,0,0,0,20,0,520,0,0,0,0,0,0,0,0,600,600,600,100,100,0.00000,0.00000,9.80665,0.000000,0.00000,-0.00000,0.00000,0.00000,9.80665,0.000000,0.000000,0.000000,2,1,0,1,1,1,0,0,0,0
2026-09-21T05:52:50.713063+00:00,611895583,SIMULATED,653,2570312,FAULT,2,-0.000000,0.00000,7.4000,0.0000,25.00,25.00,0.00000,0.00000,0,520,0,500,0,0,0,0,20,0,520,0,0,0,0,0,0,0,0,600,600,600,100,100,0.00000,0.00000,9.80665,0.000000,0.00000,-0.00000,0.00000,0.00000,9.80665,0.000000,0.000000,0.000000,2,1,0,1,1,1,0,0,0,0
2026-09-21T05:52:50.713111+00:00,611943375,SIMULATED,654,2572716,FAULT,2,-0.000000,0.00000,7.4000,0.0000,25.00,25.00,0.00000,0.00000,0,520,0,500,0,0,0,0,20,0,520,0,0,0,0,0,0,0,0,600,600,600,100,100,0.00000,0.00000,9.80665,0.000000,0.00000,-0.00000,0.00000,0.00000,9.80665,0.000000,0.000000,0.000000,2,1,0,1,1,1,0,0,0,0
2026-09-21T05:52:50.713159+00:00,611991250,SIMULATED,655,2575120,FAULT,2,-0.000000,0.00000,7.4000,0.0000,25.00,25.00,0.00000,0.00000,0,520,0,500,0,0,0,0,20,0,520,0,0,0,0,0,0,0,0,600,600,600,100,100,0.00000,0.00000,9.80665,0.000000,0.00000,-0.00000,0.00000,0.00000,9.80665,0.000000,0.000000,0.000000,2,1,0,1,1,1,0,0,0,0
2026-09-21T05:52:50.713207+00:00,612039041,SIMULATED,656,2577524,FAULT,2,-0.000000,0.00000,7.4000,0.0000,25.00,25.00,0.00000,0.00000,0,520,0,500,0,0,0,0,20,0,520,0,0,0,0,0,0,0,0,600,600,600,100,100,0.00000,0.00000,9.80665,0.000000,0.00000,-0.00000,0.00000,0.00000,9.80665,0.000000,0.000000,0.000000,2,1,0,1,1,1,0,0,0,0
2026-09-21T05:52:50.713257+00:00,612089041,SIMULATED,657,2579928,FAULT,2,-0.000000,0.00000,7.4000,0.0000,25.00,25.00,0.00000,0.00000,0,520,0,500,0,0,0,0,20,0,520,0,0,0,0,0,0,0,0,600,600,600,100,100,0.00000,0.00000,9.80665,0.000000,0.00000,-0.00000,0.00000,0.00000,9.80665,0.000000,0.000000,0.000000,2,1,0,1,1,1,0,0,0,0
2026-09-21T05:52:50.713308+00:00,612140125,SIMULATED,658,2582332,FAULT,2,-0.000000,0.00000,7.4000,0.0000,25.00,25.00,0.00000,0.00000,0,520,0,500,0,0,0,0,20,0,520,0,0,0,0,0,0,0,0,600,600,600,100,100,0.00000,0.00000,9.80665,0.000000,0.00000,-0.00000,0.00000,0.00000,9.80665,0.000000,0.000000,0.000000,2,1,0,1,1,1,0,0,0,0
2026-09-21T05:52:50.713356+00:00,612188000,SIMULATED,659,2584736,FAULT,2,-0.000000,0.00000,7.4000,0.0000,25.00,25.00,0.00000,0.00000,0,520,0,500,0,0,0,0,20,0,520,0,0,0,0,0,0,0,0,600,600,600,100,100,0.00000,0.00000,9.80665,0.000000,0.00000,-0.00000,0.00000,0.00000,9.80665,0.000000,0.000000,0.000000,2,1,0,1,1,1,0,0,0,0
2026-09-21T05:52:50.713404+00:00,612235791,SIMULATED,660,2587140,FAULT,2,-0.000000,0.00000,7.4000,0.0000,25.00,25.00,0.00000,0.00000,0,520,0,500,0,0,0,0,20,0,520,0,0,0,0,0,0,0,0,600,600,600,100,100,0.00000,0.00000,9.80665,0.000000,0.00000,-0.00000,0.00000,0.00000,9.80665,0.000000,0.000000,0.000000,2,1,0,1,1,1,0,0,0,0
2026-09-21T05:52:50.713457+00:00,612288791,SIMULATED,661,2589544,FAULT,2,-0.000000,0.00000,7.4000,0.0000,25.00,25.00,0.00000,0.00000,0,520,0,500,0,0,0,0,20,0,520,0,0,0,0,0,0,0,0,600,600,600,100,100,0.00000,0.00000,9.80665,0.000000,0.00000,-0.00000,0.00000,0.00000,9.80665,0.000000,0.000000,0.000000,2,1,0,1,1,1,0,0,0,0
2026-09-21T05:52:50.713505+00:00,612336833,SIMULATED,662,2591948,FAULT,2,-0.000000,0.00000,7.4000,0.0000,25.00,25.00,0.00000,0.00000,0,520,0,500,0,0,0,0,20,0,520,0,0,0,0,0,0,0,0,600,600,600,100,100,0.00000,0.00000,9.80665,0.000000,0.00000,-0.00000,0.00000,0.00000,9.80665,0.000000,0.000000,0.000000,2,1,0,1,1,1,0,0,0,0
2026-09-21T05:52:50.713557+00:00,612389250,SIMULATED,663,2594352,FAULT,2,-0.000000,0.00000,7.4000,0.0000,25.00,25.00,0.00000,0.00000,0,520,0,500,0,0,0,0,20,0,520,0,0,0,0,0,0,0,0,600,600,600,100,100,0.00000,0.00000,9.80665,0.000000,0.00000,-0.00000,0.00000,0.00000,9.80665,0.000000,0.000000,0.000000,2,1,0,1,1,1,0,0,0,0
2026-09-21T05:52:50.713605+00:00,612437125,SIMULATED,664,2596756,FAULT,2,-0.000000,0.00000,7.4000,0.0000,25.00,25.00,0.00000,0.00000,0,520,0,500,0,0,0,0,20,0,520,0,0,0,0,0,0,0,0,600,600,600,100,100,0.00000,0.00000,9.80665,0.000000,0.00000,-0.00000,0.00000,0.00000,9.80665,0.000000,0.000000,0.000000,2,1,0,1,1,1,0,0,0,0
2026-09-21T05:52:50.713652+00:00,612484500,SIMULATED,665,2599160,FAULT,2,-0.000000,0.00000,7.4000,0.0000,25.00,25.00,0.00000,0.00000,0,520,0,500,0,0,0,0,20,0,520,0,0,0,0,0,0,0,0,600,600,600,100,100,0.00000,0.00000,9.80665,0.000000,0.00000,-0.00000,0.00000,0.00000,9.80665,0.000000,0.000000,0.000000,2,1,0,1,1,1,0,0,0,0
2026-09-21T05:52:50.713702+00:00,612533791,SIMULATED,666,2601564,FAULT,2,-0.000000,0.00000,7.4000,0.0000,25.00,25.00,0.00000,0.00000,0,520,0,500,0,0,0,0,20,0,520,0,0,0,0,0,0,0,0,600,600,600,100,100,0.00000,0.00000,9.80665,0.000000,0.00000,-0.00000,0.00000,0.00000,9.80665,0.000000,0.000000,0.000000,2,1,0,1,1,1,0,0,0,0
2026-09-21T05:52:50.713750+00:00,612582083,SIMULATED,667,2603968,FAULT,2,-0.000000,0.00000,7.4000,0.0000,25.00,25.00,0.00000,0.00000,0,520,0,500,0,0,0,0,20,0,520,0,0,0,0,0,0,0,0,600,600,600,100,100,0.00000,0.00000,9.80665,0.000000,0.00000,-0.00000,0.00000,0.00000,9.80665,0.000000,0.000000,0.000000,2,1,0,1,1,1,0,0,0,0
2026-09-21T05:52:50.713798+00:00,612630125,SIMULATED,668,2606372,FAULT,2,-0.000000,0.00000,7.4000,0.0000,25.00,25.00,0.00000,0.00000,0,520,0,500,0,0,0,0,20,0,520,0,0,0,0,0,0,0,0,600,600,600,100,100,0.00000,0.00000,9.80665,0.000000,0.00000,-0.00000,0.00000,0.00000,9.80665,0.000000,0.000000,0.000000,2,1,0,1,1,1,0,0,0,0
2026-09-21T05:52:50.713848+00:00,612679750,SIMULATED,669,2608776,FAULT,2,-0.000000,0.00000,7.4000,0.0000,25.00,25.00,0.00000,0.00000,0,520,0,500,0,0,0,0,20,0,520,0,0,0,0,0,0,0,0,600,600,600,100,100,0.00000,0.00000,9.80665,0.000000,0.00000,-0.00000,0.00000,0.00000,9.80665,0.000000,0.000000,0.000000,2,1,0,1,1,1,0,0,0,0
2026-09-21T05:52:50.713895+00:00,612727333,SIMULATED,670,2611180,FAULT,2,-0.000000,0.00000,7.4000,0.0000,25.00,25.00,0.00000,0.00000,0,520,0,500,0,0,0,0,20,0,520,0,0,0,0,0,0,0,0,600,600,600,100,100,0.00000,0.00000,9.80665,0.000000,0.00000,-0.00000,0.00000,0.00000,9.80665,0.000000,0.000000,0.000000,2,1,0,1,1,1,0,0,0,0
2026-09-21T05:52:50.713943+00:00,612774958,SIMULATED,671,2613584,FAULT,2,-0.000000,0.00000,7.4000,0.0000,25.00,25.00,0.00000,0.00000,0,520,0,500,0,0,0,0,20,0,520,0,0,0,0,0,0,0,0,600,600,600,100,100,0.00000,0.00000,9.80665,0.000000,0.00000,-0.00000,0.00000,0.00000,9.80665,0.000000,0.000000,0.000000,2,1,0,1,1,1,0,0,0,0
2026-09-21T05:52:50.713990+00:00,612822541,SIMULATED,672,2615988,FAULT,2,-0.000000,0.00000,7.4000,0.0000,25.00,25.00,0.00000,0.00000,0,520,0,500,0,0,0,0,20,0,520,0,0,0,0,0,0,0,0,600,600,600,100,100,0.00000,0.00000,9.80665,0.000000,0.00000,-0.00000,0.00000,0.00000,9.80665,0.000000,0.000000,0.000000,2,1,0,1,1,1,0,0,0,0
2026-09-21T05:52:50.714041+00:00,612873833,SIMULATED,673,2618392,FAULT,2,-0.000000,0.00000,7.4000,0.0000,25.00,25.00,0.00000,0.00000,0,520,0,500,0,0,0,0,20,0,520,0,0,0,0,0,0,0,0,600,600,600,100,100,0.00000,0.00000,9.80665,0.000000,0.00000,-0.00000,0.00000,0.00000,9.80665,0.000000,0.000000,0.000000,2,1,0,1,1,1,0,0,0,0
2026-09-21T05:52:50.714184+00:00,613019458,SIMULATED,674,2620796,FAULT,2,-0.000000,0.00000,7.4000,0.0000,25.00,25.00,0.00000,0.00000,0,520,0,500,0,0,0,0,20,0,520,0,0,0,0,0,0,0,0,600,600,600,100,100,0.00000,0.00000,9.80665,0.000000,0.00000,-0.00000,0.00000,0.00000,9.80665,0.000000,0.000000,0.000000,2,1,0,1,1,1,0,0,0,0
2026-09-21T05:52:50.714266+00:00,613099833,SIMULATED,675,2623200,FAULT,2,-0.000000,0.00000,7.4000,0.0000,25.00,25.00,0.00000,0.00000,0,520,0,500,0,0,0,0,20,0,520,0,0,0,0,0,0,0,0,600,600,600,100,100,0.00000,0.00000,9.80665,0.000000,0.00000,-0.00000,0.00000,0.00000,9.80665,0.000000,0.000000,0.000000,2,1,0,1,1,1,0,0,0,0
2026-09-21T05:52:50.714329+00:00,613161583,SIMULATED,676,2625604,FAULT,2,-0.000000,0.00000,7.4000,0.0000,25.00,25.00,0.00000,0.00000,0,520,0,500,0,0,0,0,20,0,520,0,0,0,0,0,0,0,0,600,600,600,100,100,0.00000,0.00000,9.80665,0.000000,0.00000,-0.00000,0.00000,0.00000,9.80665,0.000000,0.000000,0.000000,2,1,0,1,1,1,0,0,0,0
2026-09-21T05:52:50.714383+00:00,613215958,SIMULATED,677,2628008,FAULT,2,-0.000000,0.00000,7.4000,0.0000,25.00,25.00,0.00000,0.00000,0,520,0,500,0,0,0,0,20,0,520,0,0,0,0,0,0,0,0,600,600,600,100,100,0.00000,0.00000,9.80665,0.000000,0.00000,-0.00000,0.00000,0.00000,9.80665,0.000000,0.000000,0.000000,2,1,0,1,1,1,0,0,0,0
2026-09-21T05:52:50.714436+00:00,613268375,SIMULATED,678,2630412,FAULT,2,-0.000000,0.00000,7.4000,0.0000,25.00,25.00,0.00000,0.00000,0,520,0,500,0,0,0,0,20,0,520,0,0,0,0,0,0,0,0,600,600,600,100,100,0.00000,0.00000,9.80665,0.000000,0.00000,-0.00000,0.00000,0.00000,9.80665,0.000000,0.000000,0.000000,2,1,0,1,1,1,0,0,0,0
2026-09-21T05:52:50.714487+00:00,613319166,SIMULATED,679,2632816,FAULT,2,-0.000000,0.00000,7.4000,0.0000,25.00,25.00,0.00000,0.00000,0,520,0,500,0,0,0,0,20,0,520,0,0,0,0,0,0,0,0,600,600,600,100,100,0.00000,0.00000,9.80665,0.000000,0.00000,-0.00000,0.00000,0.00000,9.80665,0.000000,0.000000,0.000000,2,1,0,1,1,1,0,0,0,0
2026-09-21T05:52:50.714537+00:00,613369666,SIMULATED,680,2635220,FAULT,2,-0.000000,0.00000,7.4000,0.0000,25.00,25.00,0.00000,0.00000,0,520,0,500,0,0,0,0,20,0,520,0,0,0,0,0,0,0,0,600,600,600,100,100,0.00000,0.00000,9.80665,0.000000,0.00000,-0.00000,0.00000,0.00000,9.80665,0.000000,0.000000,0.000000,2,1,0,1,1,1,0,0,0,0
2026-09-21T05:52:50.714590+00:00,613422791,SIMULATED,681,2637624,FAULT,2,-0.000000,0.00000,7.4000,0.0000,25.00,25.00,0.00000,0.00000,0,520,0,500,0,0,0,0,20,0,520,0,0,0,0,0,0,0,0,600,600,600,100,100,0.00000,0.00000,9.80665,0.000000,0.00000,-0.00000,0.00000,0.00000,9.80665,0.000000,0.000000,0.000000,2,1,0,1,1,1,0,0,0,0
2026-09-21T05:52:50.714640+00:00,613472208,SIMULATED,682,2640028,FAULT,2,-0.000000,0.00000,7.4000,0.0000,25.00,25.00,0.00000,0.00000,0,520,0,500,0,0,0,0,20,0,520,0,0,0,0,0,0,0,0,600,600,600,100,100,0.00000,0.00000,9.80665,0.000000,0.00000,-0.00000,0.00000,0.00000,9.80665,0.000000,0.000000,0.000000,2,1,0,1,1,1,0,0,0,0
2026-09-21T05:52:50.714695+00:00,613527583,SIMULATED,683,2642432,FAULT,2,-0.000000,0.00000,7.4000,0.0000,25.00,25.00,0.00000,0.00000,0,520,0,500,0,0,0,0,20,0,520,0,0,0,0,0,0,0,0,600,600,600,100,100,0.00000,0.00000,9.80665,0.000000,0.00000,-0.00000,0.00000,0.00000,9.80665,0.000000,0.000000,0.000000,2,1,0,1,1,1,0,0,0,0
2026-09-21T05:52:50.714747+00:00,613578875,SIMULATED,684,2644836,FAULT,2,-0.000000,0.00000,7.4000,0.0000,25.00,25.00,0.00000,0.00000,0,520,0,500,0,0,0,0,20,0,520,0,0,0,0,0,0,0,0,600,600,600,100,100,0.00000,0.00000,9.80665,0.000000,0.00000,-0.00000,0.00000,0.00000,9.80665,0.000000,0.000000,0.000000,2,1,0,1,1,1,0,0,0,0
2026-09-21T05:52:50.714796+00:00,613627750,SIMULATED,685,2647240,FAULT,2,-0.000000,0.00000,7.4000,0.0000,25.00,25.00,0.00000,0.00000,0,520,0,500,0,0,0,0,20,0,520,0,0,0,0,0,0,0,0,600,600,600,100,100,0.00000,0.00000,9.80665,0.000000,0.00000,-0.00000,0.00000,0.00000,9.80665,0.000000,0.000000,0.000000,2,1,0,1,1,1,0,0,0,0
2026-09-21T05:52:50.714847+00:00,613679833,SIMULATED,686,2649644,FAULT,2,-0.000000,0.00000,7.4000,0.0000,25.00,25.00,0.00000,0.00000,0,520,0,500,0,0,0,0,20,0,520,0,0,0,0,0,0,0,0,600,600,600,100,100,0.00000,0.00000,9.80665,0.000000,0.00000,-0.00000,0.00000,0.00000,9.80665,0.000000,0.000000,0.000000,2,1,0,1,1,1,0,0,0,0
2026-09-21T05:52:50.714899+00:00,613730958,SIMULATED,687,2652048,FAULT,2,-0.000000,0.00000,7.4000,0.0000,25.00,25.00,0.00000,0.00000,0,520,0,500,0,0,0,0,20,0,520,0,0,0,0,0,0,0,0,600,600,600,100,100,0.00000,0.00000,9.80665,0.000000,0.00000,-0.00000,0.00000,0.00000,9.80665,0.000000,0.000000,0.000000,2,1,0,1,1,1,0,0,0,0
2026-09-21T05:52:50.714952+00:00,613784750,SIMULATED,688,2654452,FAULT,2,-0.000000,0.00000,7.4000,0.0000,25.00,25.00,0.00000,0.00000,0,520,0,500,0,0,0,0,20,0,520,0,0,0,0,0,0,0,0,600,600,600,100,100,0.00000,0.00000,9.80665,0.000000,0.00000,-0.00000,0.00000,0.00000,9.80665,0.000000,0.000000,0.000000,2,1,0,1,1,1,0,0,0,0
2026-09-21T05:52:50.715002+00:00,613834583,SIMULATED,689,2656856,FAULT,2,-0.000000,0.00000,7.4000,0.0000,25.00,25.00,0.00000,0.00000,0,520,0,500,0,0,0,0,20,0,520,0,0,0,0,0,0,0,0,600,600,600,100,100,0.00000,0.00000,9.80665,0.000000,0.00000,-0.00000,0.00000,0.00000,9.80665,0.000000,0.000000,0.000000,2,1,0,1,1,1,0,0,0,0
2026-09-21T05:52:50.715051+00:00,613883000,SIMULATED,690,2659260,FAULT,2,-0.000000,0.00000,7.4000,0.0000,25.00,25.00,0.00000,0.00000,0,520,0,500,0,0,0,0,20,0,520,0,0,0,0,0,0,0,0,600,600,600,100,100,0.00000,0.00000,9.80665,0.000000,0.00000,-0.00000,0.00000,0.00000,9.80665,0.000000,0.000000,0.000000,2,1,0,1,1,1,0,0,0,0
2026-09-21T05:52:50.715099+00:00,613930833,SIMULATED,691,2661664,FAULT,2,-0.000000,0.00000,7.4000,0.0000,25.00,25.00,0.00000,0.00000,0,520,0,500,0,0,0,0,20,0,520,0,0,0,0,0,0,0,0,600,600,600,100,100,0.00000,0.00000,9.80665,0.000000,0.00000,-0.00000,0.00000,0.00000,9.80665,0.000000,0.000000,0.000000,2,1,0,1,1,1,0,0,0,0
2026-09-21T05:52:50.715146+00:00,613978333,SIMULATED,692,2664068,FAULT,2,-0.000000,0.00000,7.4000,0.0000,25.00,25.00,0.00000,0.00000,0,520,0,500,0,0,0,0,20,0,520,0,0,0,0,0,0,0,0,600,600,600,100,100,0.00000,0.00000,9.80665,0.000000,0.00000,-0.00000,0.00000,0.00000,9.80665,0.000000,0.000000,0.000000,2,1,0,1,1,1,0,0,0,0
2026-09-21T05:52:50.715200+00:00,614032291,SIMULATED,693,2666472,FAULT,2,-0.000000,0.00000,7.4000,0.0000,25.00,25.00,0.00000,0.00000,0,520,0,500,0,0,0,0,20,0,520,0,0,0,0,0,0,0,0,600,600,600,100,100,0.00000,0.00000,9.80665,0.000000,0.00000,-0.00000,0.00000,0.00000,9.80665,0.000000,0.000000,0.000000,2,1,0,1,1,1,0,0,0,0
2026-09-21T05:52:50.715248+00:00,614080208,SIMULATED,694,2668876,FAULT,2,-0.000000,0.00000,7.4000,0.0000,25.00,25.00,0.00000,0.00000,0,520,0,500,0,0,0,0,20,0,520,0,0,0,0,0,0,0,0,600,600,600,100,100,0.00000,0.00000,9.80665,0.000000,0.00000,-0.00000,0.00000,0.00000,9.80665,0.000000,0.000000,0.000000,2,1,0,1,1,1,0,0,0,0
2026-09-21T05:52:50.715296+00:00,614128083,SIMULATED,695,2671280,FAULT,2,-0.000000,0.00000,7.4000,0.0000,25.00,25.00,0.00000,0.00000,0,520,0,500,0,0,0,0,20,0,520,0,0,0,0,0,0,0,0,600,600,600,100,100,0.00000,0.00000,9.80665,0.000000,0.00000,-0.00000,0.00000,0.00000,9.80665,0.000000,0.000000,0.000000,2,1,0,1,1,1,0,0,0,0
2026-09-21T05:52:50.715343+00:00,614175500,SIMULATED,696,2673684,FAULT,2,-0.000000,0.00000,7.4000,0.0000,25.00,25.00,0.00000,0.00000,0,520,0,500,0,0,0,0,20,0,520,0,0,0,0,0,0,0,0,600,600,600,100,100,0.00000,0.00000,9.80665,0.000000,0.00000,-0.00000,0.00000,0.00000,9.80665,0.000000,0.000000,0.000000,2,1,0,1,1,1,0,0,0,0
2026-09-21T05:52:50.715393+00:00,614225583,SIMULATED,697,2676088,FAULT,2,-0.000000,0.00000,7.4000,0.0000,25.00,25.00,0.00000,0.00000,0,520,0,500,0,0,0,0,20,0,520,0,0,0,0,0,0,0,0,600,600,600,100,100,0.00000,0.00000,9.80665,0.000000,0.00000,-0.00000,0.00000,0.00000,9.80665,0.000000,0.000000,0.000000,2,1,0,1,1,1,0,0,0,0
2026-09-21T05:52:50.715442+00:00,614274375,SIMULATED,698,2678492,FAULT,2,-0.000000,0.00000,7.4000,0.0000,25.00,25.00,0.00000,0.00000,0,520,0,500,0,0,0,0,20,0,520,0,0,0,0,0,0,0,0,600,600,600,100,100,0.00000,0.00000,9.80665,0.000000,0.00000,-0.00000,0.00000,0.00000,9.80665,0.000000,0.000000,0.000000,2,1,0,1,1,1,0,0,0,0
2026-09-21T05:52:50.715495+00:00,614327208,SIMULATED,699,2680896,FAULT,2,-0.000000,0.00000,7.4000,0.0000,25.00,25.00,0.00000,0.00000,0,520,0,500,0,0,0,0,20,0,520,0,0,0,0,0,0,0,0,600,600,600,100,100,0.00000,0.00000,9.80665,0.000000,0.00000,-0.00000,0.00000,0.00000,9.80665,0.000000,0.000000,0.000000,2,1,0,1,1,1,0,0,0,0
2026-09-21T05:52:50.715543+00:00,614375000,SIMULATED,700,2683300,FAULT,2,-0.000000,0.00000,7.4000,0.0000,25.00,25.00,0.00000,0.00000,0,520,0,500,0,0,0,0,20,0,520,0,0,0,0,0,0,0,0,600,600,600,100,100,0.00000,0.00000,9.80665,0.000000,0.00000,-0.00000,0.00000,0.00000,9.80665,0.000000,0.000000,0.000000,2,1,0,1,1,1,0,0,0,0
2026-09-21T05:52:50.715590+00:00,614422333,SIMULATED,701,2685704,FAULT,2,-0.000000,0.00000,7.4000,0.0000,25.00,25.00,0.00000,0.00000,0,520,0,500,0,0,0,0,20,0,520,0,0,0,0,0,0,0,0,600,600,600,100,100,0.00000,0.00000,9.80665,0.000000,0.00000,-0.00000,0.00000,0.00000,9.80665,0.000000,0.000000,0.000000,2,1,0,1,1,1,0,0,0,0
2026-09-21T05:52:50.715638+00:00,614470000,SIMULATED,702,2688108,FAULT,2,-0.000000,0.00000,7.4000,0.0000,25.00,25.00,0.00000,0.00000,0,520,0,500,0,0,0,0,20,0,520,0,0,0,0,0,0,0,0,600,600,600,100,100,0.00000,0.00000,9.80665,0.000000,0.00000,-0.00000,0.00000,0.00000,9.80665,0.000000,0.000000,0.000000,2,1,0,1,1,1,0,0,0,0
2026-09-21T05:52:50.715688+00:00,614520500,SIMULATED,703,2690512,FAULT,2,-0.000000,0.00000,7.4000,0.0000,25.00,25.00,0.00000,0.00000,0,520,0,500,0,0,0,0,20,0,520,0,0,0,0,0,0,0,0,600,600,600,100,100,0.00000,0.00000,9.80665,0.000000,0.00000,-0.00000,0.00000,0.00000,9.80665,0.000000,0.000000,0.000000,2,1,0,1,1,1,0,0,0,0
2026-09-21T05:52:50.715735+00:00,614567583,SIMULATED,704,2692916,FAULT,2,-0.000000,0.00000,7.4000,0.0000,25.00,25.00,0.00000,0.00000,0,520,0,500,0,0,0,0,20,0,520,0,0,0,0,0,0,0,0,600,600,600,100,100,0.00000,0.00000,9.80665,0.000000,0.00000,-0.00000,0.00000,0.00000,9.80665,0.000000,0.000000,0.000000,2,1,0,1,1,1,0,0,0,0
2026-09-21T05:52:50.715785+00:00,614617083,SIMULATED,705,2695320,FAULT,2,-0.000000,0.00000,7.4000,0.0000,25.00,25.00,0.00000,0.00000,0,520,0,500,0,0,0,0,20,0,520,0,0,0,0,0,0,0,0,600,600,600,100,100,0.00000,0.00000,9.80665,0.000000,0.00000,-0.00000,0.00000,0.00000,9.80665,0.000000,0.000000,0.000000,2,1,0,1,1,1,0,0,0,0
2026-09-21T05:52:50.715833+00:00,614664958,SIMULATED,706,2697724,FAULT,2,-0.000000,0.00000,7.4000,0.0000,25.00,25.00,0.00000,0.00000,0,520,0,500,0,0,0,0,20,0,520,0,0,0,0,0,0,0,0,600,600,600,100,100,0.00000,0.00000,9.80665,0.000000,0.00000,-0.00000,0.00000,0.00000,9.80665,0.000000,0.000000,0.000000,2,1,0,1,1,1,0,0,0,0
2026-09-21T05:52:50.715880+00:00,614712291,SIMULATED,707,2700128,FAULT,2,-0.000000,0.00000,7.4000,0.0000,25.00,25.00,0.00000,0.00000,0,520,0,500,0,0,0,0,20,0,520,0,0,0,0,0,0,0,0,600,600,600,100,100,0.00000,0.00000,9.80665,0.000000,0.00000,-0.00000,0.00000,0.00000,9.80665,0.000000,0.000000,0.000000,2,1,0,1,1,1,0,0,0,0
2026-09-21T05:52:50.715927+00:00,614759416,SIMULATED,708,2702532,FAULT,2,-0.000000,0.00000,7.4000,0.0000,25.00,25.00,0.00000,0.00000,0,520,0,500,0,0,0,0,20,0,520,0,0,0,0,0,0,0,0,600,600,600,100,100,0.00000,0.00000,9.80665,0.000000,0.00000,-0.00000,0.00000,0.00000,9.80665,0.000000,0.000000,0.000000,2,1,0,1,1,1,0,0,0,0
2026-09-21T05:52:50.715974+00:00,614806541,SIMULATED,709,2704936,FAULT,2,-0.000000,0.00000,7.4000,0.0000,25.00,25.00,0.00000,0.00000,0,520,0,500,0,0,0,0,20,0,520,0,0,0,0,0,0,0,0,600,600,600,100,100,0.00000,0.00000,9.80665,0.000000,0.00000,-0.00000,0.00000,0.00000,9.80665,0.000000,0.000000,0.000000,2,1,0,1,1,1,0,0,0,0
2026-09-21T05:52:50.716022+00:00,614853666,SIMULATED,710,2707340,FAULT,2,-0.000000,0.00000,7.4000,0.0000,25.00,25.00,0.00000,0.00000,0,520,0,500,0,0,0,0,20,0,520,0,0,0,0,0,0,0,0,600,600,600,100,100,0.00000,0.00000,9.80665,0.000000,0.00000,-0.00000,0.00000,0.00000,9.80665,0.000000,0.000000,0.000000,2,1,0,1,1,1,0,0,0,0
2026-09-21T05:52:50.716071+00:00,614902958,SIMULATED,711,2709744,FAULT,2,-0.000000,0.00000,7.4000,0.0000,25.00,25.00,0.00000,0.00000,0,520,0,500,0,0,0,0,20,0,520,0,0,0,0,0,0,0,0,600,600,600,100,100,0.00000,0.00000,9.80665,0.000000,0.00000,-0.00000,0.00000,0.00000,9.80665,0.000000,0.000000,0.000000,2,1,0,1,1,1,0,0,0,0
2026-09-21T05:52:50.716124+00:00,614956625,SIMULATED,712,2712148,FAULT,2,-0.000000,0.00000,7.4000,0.0000,25.00,25.00,0.00000,0.00000,0,520,0,500,0,0,0,0,20,0,520,0,0,0,0,0,0,0,0,600,600,600,100,100,0.00000,0.00000,9.80665,0.000000,0.00000,-0.00000,0.00000,0.00000,9.80665,0.000000,0.000000,0.000000,2,1,0,1,1,1,0,0,0,0
2026-09-21T05:52:50.716173+00:00,615004833,SIMULATED,713,2714552,FAULT,2,-0.000000,0.00000,7.4000,0.0000,25.00,25.00,0.00000,0.00000,0,520,0,500,0,0,0,0,20,0,520,0,0,0,0,0,0,0,0,600,600,600,100,100,0.00000,0.00000,9.80665,0.000000,0.00000,-0.00000,0.00000,0.00000,9.80665,0.000000,0.000000,0.000000,2,1,0,1,1,1,0,0,0,0
2026-09-21T05:52:50.716223+00:00,615055458,SIMULATED,714,2716956,FAULT,2,-0.000000,0.00000,7.4000,0.0000,25.00,25.00,0.00000,0.00000,0,520,0,500,0,0,0,0,20,0,520,0,0,0,0,0,0,0,0,600,600,600,100,100,0.00000,0.00000,9.80665,0.000000,0.00000,-0.00000,0.00000,0.00000,9.80665,0.000000,0.000000,0.000000,2,1,0,1,1,1,0,0,0,0
2026-09-21T05:52:50.716273+00:00,615105416,SIMULATED,715,2719360,FAULT,2,-0.000000,0.00000,7.4000,0.0000,25.00,25.00,0.00000,0.00000,0,520,0,500,0,0,0,0,20,0,520,0,0,0,0,0,0,0,0,600,600,600,100,100,0.00000,0.00000,9.80665,0.000000,0.00000,-0.00000,0.00000,0.00000,9.80665,0.000000,0.000000,0.000000,2,1,0,1,1,1,0,0,0,0
2026-09-21T05:52:50.716321+00:00,615152750,SIMULATED,716,2721764,FAULT,2,-0.000000,0.00000,7.4000,0.0000,25.00,25.00,0.00000,0.00000,0,520,0,500,0,0,0,0,20,0,520,0,0,0,0,0,0,0,0,600,600,600,100,100,0.00000,0.00000,9.80665,0.000000,0.00000,-0.00000,0.00000,0.00000,9.80665,0.000000,0.000000,0.000000,2,1,0,1,1,1,0,0,0,0
2026-09-21T05:52:50.716369+00:00,615201500,SIMULATED,717,2724168,FAULT,2,-0.000000,0.00000,7.4000,0.0000,25.00,25.00,0.00000,0.00000,0,520,0,500,0,0,0,0,20,0,520,0,0,0,0,0,0,0,0,600,600,600,100,100,0.00000,0.00000,9.80665,0.000000,0.00000,-0.00000,0.00000,0.00000,9.80665,0.000000,0.000000,0.000000,2,1,0,1,1,1,0,0,0,0
2026-09-21T05:52:50.716421+00:00,615253500,SIMULATED,718,2726572,FAULT,2,-0.000000,0.00000,7.4000,0.0000,25.00,25.00,0.00000,0.00000,0,520,0,500,0,0,0,0,20,0,520,0,0,0,0,0,0,0,0,600,600,600,100,100,0.00000,0.00000,9.80665,0.000000,0.00000,-0.00000,0.00000,0.00000,9.80665,0.000000,0.000000,0.000000,2,1,0,1,1,1,0,0,0,0
2026-09-21T05:52:50.716469+00:00,615301291,SIMULATED,719,2728976,FAULT,2,-0.000000,0.00000,7.4000,0.0000,25.00,25.00,0.00000,0.00000,0,520,0,500,0,0,0,0,20,0,520,0,0,0,0,0,0,0,0,600,600,600,100,100,0.00000,0.00000,9.80665,0.000000,0.00000,-0.00000,0.00000,0.00000,9.80665,0.000000,0.000000,0.000000,2,1,0,1,1,1,0,0,0,0
2026-09-21T05:52:50.716517+00:00,615348791,SIMULATED,720,2731380,FAULT,2,-0.000000,0.00000,7.4000,0.0000,25.00,25.00,0.00000,0.00000,0,520,0,500,0,0,0,0,20,0,520,0,0,0,0,0,0,0,0,600,600,600,100,100,0.00000,0.00000,9.80665,0.000000,0.00000,-0.00000,0.00000,0.00000,9.80665,0.000000,0.000000,0.000000,2,1,0,1,1,1,0,0,0,0
2026-09-21T05:52:50.716564+00:00,615395625,SIMULATED,721,2733784,FAULT,2,-0.000000,0.00000,7.4000,0.0000,25.00,25.00,0.00000,0.00000,0,520,0,500,0,0,0,0,20,0,520,0,0,0,0,0,0,0,0,600,600,600,100,100,0.00000,0.00000,9.80665,0.000000,0.00000,-0.00000,0.00000,0.00000,9.80665,0.000000,0.000000,0.000000,2,1,0,1,1,1,0,0,0,0
2026-09-21T05:52:50.716610+00:00,615442416,SIMULATED,722,2736188,FAULT,2,-0.000000,0.00000,7.4000,0.0000,25.00,25.00,0.00000,0.00000,0,520,0,500,0,0,0,0,20,0,520,0,0,0,0,0,0,0,0,600,600,600,100,100,0.00000,0.00000,9.80665,0.000000,0.00000,-0.00000,0.00000,0.00000,9.80665,0.000000,0.000000,0.000000,2,1,0,1,1,1,0,0,0,0
2026-09-21T05:52:50.716660+00:00,615492125,SIMULATED,723,2738592,FAULT,2,-0.000000,0.00000,7.4000,0.0000,25.00,25.00,0.00000,0.00000,0,520,0,500,0,0,0,0,20,0,520,0,0,0,0,0,0,0,0,600,600,600,100,100,0.00000,0.00000,9.80665,0.000000,0.00000,-0.00000,0.00000,0.00000,9.80665,0.000000,0.000000,0.000000,2,1,0,1,1,1,0,0,0,0
2026-09-21T05:52:50.716712+00:00,615544708,SIMULATED,724,2740996,FAULT,2,-0.000000,0.00000,7.4000,0.0000,25.00,25.00,0.00000,0.00000,0,520,0,500,0,0,0,0,20,0,520,0,0,0,0,0,0,0,0,600,600,600,100,100,0.00000,0.00000,9.80665,0.000000,0.00000,-0.00000,0.00000,0.00000,9.80665,0.000000,0.000000,0.000000,2,1,0,1,1,1,0,0,0,0
2026-09-21T05:52:50.716763+00:00,615594875,SIMULATED,725,2743400,FAULT,2,-0.000000,0.00000,7.4000,0.0000,25.00,25.00,0.00000,0.00000,0,520,0,500,0,0,0,0,20,0,520,0,0,0,0,0,0,0,0,600,600,600,100,100,0.00000,0.00000,9.80665,0.000000,0.00000,-0.00000,0.00000,0.00000,9.80665,0.000000,0.000000,0.000000,2,1,0,1,1,1,0,0,0,0
2026-09-21T05:52:50.716811+00:00,615643541,SIMULATED,726,2745804,FAULT,2,-0.000000,0.00000,7.4000,0.0000,25.00,25.00,0.00000,0.00000,0,520,0,500,0,0,0,0,20,0,520,0,0,0,0,0,0,0,0,600,600,600,100,100,0.00000,0.00000,9.80665,0.000000,0.00000,-0.00000,0.00000,0.00000,9.80665,0.000000,0.000000,0.000000,2,1,0,1,1,1,0,0,0,0
2026-09-21T05:52:50.716859+00:00,615691083,SIMULATED,727,2748208,FAULT,2,-0.000000,0.00000,7.4000,0.0000,25.00,25.00,0.00000,0.00000,0,520,0,500,0,0,0,0,20,0,520,0,0,0,0,0,0,0,0,600,600,600,100,100,0.00000,0.00000,9.80665,0.000000,0.00000,-0.00000,0.00000,0.00000,9.80665,0.000000,0.000000,0.000000,2,1,0,1,1,1,0,0,0,0
2026-09-21T05:52:50.716906+00:00,615738291,SIMULATED,728,2750612,FAULT,2,-0.000000,0.00000,7.4000,0.0000,25.00,25.00,0.00000,0.00000,0,520,0,500,0,0,0,0,20,0,520,0,0,0,0,0,0,0,0,600,600,600,100,100,0.00000,0.00000,9.80665,0.000000,0.00000,-0.00000,0.00000,0.00000,9.80665,0.000000,0.000000,0.000000,2,1,0,1,1,1,0,0,0,0
2026-09-21T05:52:50.716958+00:00,615790166,SIMULATED,729,2753016,FAULT,2,-0.000000,0.00000,7.4000,0.0000,25.00,25.00,0.00000,0.00000,0,520,0,500,0,0,0,0,20,0,520,0,0,0,0,0,0,0,0,600,600,600,100,100,0.00000,0.00000,9.80665,0.000000,0.00000,-0.00000,0.00000,0.00000,9.80665,0.000000,0.000000,0.000000,2,1,0,1,1,1,0,0,0,0
2026-09-21T05:52:50.717002+00:00,615834416,SIMULATED,730,2755420,FAULT,2,-0.000000,0.00000,7.4000,0.0000,25.00,25.00,0.00000,0.00000,0,520,0,500,0,0,0,0,20,0,520,0,0,0,0,0,0,0,0,600,600,600,100,100,0.00000,0.00000,9.80665,0.000000,0.00000,-0.00000,0.00000,0.00000,9.80665,0.000000,0.000000,0.000000,2,1,0,1,1,1,0,0,0,0
2026-09-21T05:52:50.717046+00:00,615878416,SIMULATED,731,2757824,FAULT,2,-0.000000,0.00000,7.4000,0.0000,25.00,25.00,0.00000,0.00000,0,520,0,500,0,0,0,0,20,0,520,0,0,0,0,0,0,0,0,600,600,600,100,100,0.00000,0.00000,9.80665,0.000000,0.00000,-0.00000,0.00000,0.00000,9.80665,0.000000,0.000000,0.000000,2,1,0,1,1,1,0,0,0,0
2026-09-21T05:52:50.717093+00:00,615925250,SIMULATED,732,2760228,FAULT,2,-0.000000,0.00000,7.4000,0.0000,25.00,25.00,0.00000,0.00000,0,520,0,500,0,0,0,0,20,0,520,0,0,0,0,0,0,0,0,600,600,600,100,100,0.00000,0.00000,9.80665,0.000000,0.00000,-0.00000,0.00000,0.00000,9.80665,0.000000,0.000000,0.000000,2,1,0,1,1,1,0,0,0,0
2026-09-21T05:52:50.717138+00:00,615969750,SIMULATED,733,2762632,FAULT,2,-0.000000,0.00000,7.4000,0.0000,25.00,25.00,0.00000,0.00000,0,520,0,500,0,0,0,0,20,0,520,0,0,0,0,0,0,0,0,600,600,600,100,100,0.00000,0.00000,9.80665,0.000000,0.00000,-0.00000,0.00000,0.00000,9.80665,0.000000,0.000000,0.000000,2,1,0,1,1,1,0,0,0,0
2026-09-21T05:52:50.717184+00:00,616016500,SIMULATED,734,2765036,FAULT,2,-0.000000,0.00000,7.4000,0.0000,25.00,25.00,0.00000,0.00000,0,520,0,500,0,0,0,0,20,0,520,0,0,0,0,0,0,0,0,600,600,600,100,100,0.00000,0.00000,9.80665,0.000000,0.00000,-0.00000,0.00000,0.00000,9.80665,0.000000,0.000000,0.000000,2,1,0,1,1,1,0,0,0,0
2026-09-21T05:52:50.717231+00:00,616063375,SIMULATED,735,2767440,FAULT,2,-0.000000,0.00000,7.4000,0.0000,25.00,25.00,0.00000,0.00000,0,520,0,500,0,0,0,0,20,0,520,0,0,0,0,0,0,0,0,600,600,600,100,100,0.00000,0.00000,9.80665,0.000000,0.00000,-0.00000,0.00000,0.00000,9.80665,0.000000,0.000000,0.000000,2,1,0,1,1,1,0,0,0,0
2026-09-21T05:52:50.717275+00:00,616107166,SIMULATED,736,2769844,FAULT,2,-0.000000,0.00000,7.4000,0.0000,25.00,25.00,0.00000,0.00000,0,520,0,500,0,0,0,0,20,0,520,0,0,0,0,0,0,0,0,600,600,600,100,100,0.00000,0.00000,9.80665,0.000000,0.00000,-0.00000,0.00000,0.00000,9.80665,0.000000,0.000000,0.000000,2,1,0,1,1,1,0,0,0,0
2026-09-21T05:52:50.717319+00:00,616150916,SIMULATED,737,2772248,FAULT,2,-0.000000,0.00000,7.4000,0.0000,25.00,25.00,0.00000,0.00000,0,520,0,500,0,0,0,0,20,0,520,0,0,0,0,0,0,0,0,600,600,600,100,100,0.00000,0.00000,9.80665,0.000000,0.00000,-0.00000,0.00000,0.00000,9.80665,0.000000,0.000000,0.000000,2,1,0,1,1,1,0,0,0,0
2026-09-21T05:52:50.717366+00:00,616197875,SIMULATED,738,2774652,FAULT,2,-0.000000,0.00000,7.4000,0.0000,25.00,25.00,0.00000,0.00000,0,520,0,500,0,0,0,0,20,0,520,0,0,0,0,0,0,0,0,600,600,600,100,100,0.00000,0.00000,9.80665,0.000000,0.00000,-0.00000,0.00000,0.00000,9.80665,0.000000,0.000000,0.000000,2,1,0,1,1,1,0,0,0,0
2026-09-21T05:52:50.717410+00:00,616241875,SIMULATED,739,2777056,FAULT,2,-0.000000,0.00000,7.4000,0.0000,25.00,25.00,0.00000,0.00000,0,520,0,500,0,0,0,0,20,0,520,0,0,0,0,0,0,0,0,600,600,600,100,100,0.00000,0.00000,9.80665,0.000000,0.00000,-0.00000,0.00000,0.00000,9.80665,0.000000,0.000000,0.000000,2,1,0,1,1,1,0,0,0,0
2026-09-21T05:52:50.717453+00:00,616285458,SIMULATED,740,2779460,FAULT,2,-0.000000,0.00000,7.4000,0.0000,25.00,25.00,0.00000,0.00000,0,520,0,500,0,0,0,0,20,0,520,0,0,0,0,0,0,0,0,600,600,600,100,100,0.00000,0.00000,9.80665,0.000000,0.00000,-0.00000,0.00000,0.00000,9.80665,0.000000,0.000000,0.000000,2,1,0,1,1,1,0,0,0,0
2026-09-21T05:52:50.717500+00:00,616332250,SIMULATED,741,2781864,FAULT,2,-0.000000,0.00000,7.4000,0.0000,25.00,25.00,0.00000,0.00000,0,520,0,500,0,0,0,0,20,0,520,0,0,0,0,0,0,0,0,600,600,600,100,100,0.00000,0.00000,9.80665,0.000000,0.00000,-0.00000,0.00000,0.00000,9.80665,0.000000,0.000000,0.000000,2,1,0,1,1,1,0,0,0,0
2026-09-21T05:52:50.717545+00:00,616376833,SIMULATED,742,2784268,FAULT,2,-0.000000,0.00000,7.4000,0.0000,25.00,25.00,0.00000,0.00000,0,520,0,500,0,0,0,0,20,0,520,0,0,0,0,0,0,0,0,600,600,600,100,100,0.00000,0.00000,9.80665,0.000000,0.00000,-0.00000,0.00000,0.00000,9.80665,0.000000,0.000000,0.000000,2,1,0,1,1,1,0,0,0,0
2026-09-21T05:52:50.717589+00:00,616420875,SIMULATED,743,2786672,FAULT,2,-0.000000,0.00000,7.4000,0.0000,25.00,25.00,0.00000,0.00000,0,520,0,500,0,0,0,0,20,0,520,0,0,0,0,0,0,0,0,600,600,600,100,100,0.00000,0.00000,9.80665,0.000000,0.00000,-0.00000,0.00000,0.00000,9.80665,0.000000,0.000000,0.000000,2,1,0,1,1,1,0,0,0,0
2026-09-21T05:52:50.717635+00:00,616467208,SIMULATED,744,2789076,FAULT,2,-0.000000,0.00000,7.4000,0.0000,25.00,25.00,0.00000,0.00000,0,520,0,500,0,0,0,0,20,0,520,0,0,0,0,0,0,0,0,600,600,600,100,100,0.00000,0.00000,9.80665,0.000000,0.00000,-0.00000,0.00000,0.00000,9.80665,0.000000,0.000000,0.000000,2,1,0,1,1,1,0,0,0,0
2026-09-21T05:52:50.717679+00:00,616510916,SIMULATED,745,2791480,FAULT,2,-0.000000,0.00000,7.4000,0.0000,25.00,25.00,0.00000,0.00000,0,520,0,500,0,0,0,0,20,0,520,0,0,0,0,0,0,0,0,600,600,600,100,100,0.00000,0.00000,9.80665,0.000000,0.00000,-0.00000,0.00000,0.00000,9.80665,0.000000,0.000000,0.000000,2,1,0,1,1,1,0,0,0,0
2026-09-21T05:52:50.717723+00:00,616554666,SIMULATED,746,2793884,FAULT,2,-0.000000,0.00000,7.4000,0.0000,25.00,25.00,0.00000,0.00000,0,520,0,500,0,0,0,0,20,0,520,0,0,0,0,0,0,0,0,600,600,600,100,100,0.00000,0.00000,9.80665,0.000000,0.00000,-0.00000,0.00000,0.00000,9.80665,0.000000,0.000000,0.000000,2,1,0,1,1,1,0,0,0,0
2026-09-21T05:52:50.717770+00:00,616602125,SIMULATED,747,2796288,FAULT,2,-0.000000,0.00000,7.4000,0.0000,25.00,25.00,0.00000,0.00000,0,520,0,500,0,0,0,0,20,0,520,0,0,0,0,0,0,0,0,600,600,600,100,100,0.00000,0.00000,9.80665,0.000000,0.00000,-0.00000,0.00000,0.00000,9.80665,0.000000,0.000000,0.000000,2,1,0,1,1,1,0,0,0,0
2026-09-21T05:52:50.717818+00:00,616649708,SIMULATED,748,2798692,FAULT,2,-0.000000,0.00000,7.4000,0.0000,25.00,25.00,0.00000,0.00000,0,520,0,500,0,0,0,0,20,0,520,0,0,0,0,0,0,0,0,600,600,600,100,100,0.00000,0.00000,9.80665,0.000000,0.00000,-0.00000,0.00000,0.00000,9.80665,0.000000,0.000000,0.000000,2,1,0,1,1,1,0,0,0,0
2026-09-21T05:52:50.717863+00:00,616694875,SIMULATED,749,2801096,FAULT,2,-0.000000,0.00000,7.4000,0.0000,25.00,25.00,0.00000,0.00000,0,520,0,500,0,0,0,0,20,0,520,0,0,0,0,0,0,0,0,600,600,600,100,100,0.00000,0.00000,9.80665,0.000000,0.00000,-0.00000,0.00000,0.00000,9.80665,0.000000,0.000000,0.000000,2,1,0,1,1,1,0,0,0,0
2026-09-21T05:52:50.717910+00:00,616742250,SIMULATED,750,2803500,FAULT,2,-0.000000,0.00000,7.4000,0.0000,25.00,25.00,0.00000,0.00000,0,520,0,500,0,0,0,0,20,0,520,0,0,0,0,0,0,0,0,600,600,600,100,100,0.00000,0.00000,9.80665,0.000000,0.00000,-0.00000,0.00000,0.00000,9.80665,0.000000,0.000000,0.000000,2,1,0,1,1,1,0,0,0,0
2026-09-21T05:52:50.717955+00:00,616787416,SIMULATED,751,2805904,FAULT,2,-0.000000,0.00000,7.4000,0.0000,25.00,25.00,0.00000,0.00000,0,520,0,500,0,0,0,0,20,0,520,0,0,0,0,0,0,0,0,600,600,600,100,100,0.00000,0.00000,9.80665,0.000000,0.00000,-0.00000,0.00000,0.00000,9.80665,0.000000,0.000000,0.000000,2,1,0,1,1,1,0,0,0,0
2026-09-21T05:52:50.718000+00:00,616831833,SIMULATED,752,2808308,FAULT,2,-0.000000,0.00000,7.4000,0.0000,25.00,25.00,0.00000,0.00000,0,520,0,500,0,0,0,0,20,0,520,0,0,0,0,0,0,0,0,600,600,600,100,100,0.00000,0.00000,9.80665,0.000000,0.00000,-0.00000,0.00000,0.00000,9.80665,0.000000,0.000000,0.000000,2,1,0,1,1,1,0,0,0,0
2026-09-21T05:52:50.718047+00:00,616879375,SIMULATED,753,2810712,FAULT,2,-0.000000,0.00000,7.4000,0.0000,25.00,25.00,0.00000,0.00000,0,520,0,500,0,0,0,0,20,0,520,0,0,0,0,0,0,0,0,600,600,600,100,100,0.00000,0.00000,9.80665,0.000000,0.00000,-0.00000,0.00000,0.00000,9.80665,0.000000,0.000000,0.000000,2,1,0,1,1,1,0,0,0,0
2026-09-21T05:52:50.718095+00:00,616927541,SIMULATED,754,2813116,FAULT,2,-0.000000,0.00000,7.4000,0.0000,25.00,25.00,0.00000,0.00000,0,520,0,500,0,0,0,0,20,0,520,0,0,0,0,0,0,0,0,600,600,600,100,100,0.00000,0.00000,9.80665,0.000000,0.00000,-0.00000,0.00000,0.00000,9.80665,0.000000,0.000000,0.000000,2,1,0,1,1,1,0,0,0,0
2026-09-21T05:52:50.718140+00:00,616972041,SIMULATED,755,2815520,FAULT,2,-0.000000,0.00000,7.4000,0.0000,25.00,25.00,0.00000,0.00000,0,520,0,500,0,0,0,0,20,0,520,0,0,0,0,0,0,0,0,600,600,600,100,100,0.00000,0.00000,9.80665,0.000000,0.00000,-0.00000,0.00000,0.00000,9.80665,0.000000,0.000000,0.000000,2,1,0,1,1,1,0,0,0,0
2026-09-21T05:52:50.718185+00:00,617017166,SIMULATED,756,2817924,FAULT,2,-0.000000,0.00000,7.4000,0.0000,25.00,25.00,0.00000,0.00000,0,520,0,500,0,0,0,0,20,0,520,0,0,0,0,0,0,0,0,600,600,600,100,100,0.00000,0.00000,9.80665,0.000000,0.00000,-0.00000,0.00000,0.00000,9.80665,0.000000,0.000000,0.000000,2,1,0,1,1,1,0,0,0,0
2026-09-21T05:52:50.718229+00:00,617061250,SIMULATED,757,2820328,FAULT,2,-0.000000,0.00000,7.4000,0.0000,25.00,25.00,0.00000,0.00000,0,520,0,500,0,0,0,0,20,0,520,0,0,0,0,0,0,0,0,600,600,600,100,100,0.00000,0.00000,9.80665,0.000000,0.00000,-0.00000,0.00000,0.00000,9.80665,0.000000,0.000000,0.000000,2,1,0,1,1,1,0,0,0,0
2026-09-21T05:52:50.718273+00:00,617105375,SIMULATED,758,2822732,FAULT,2,-0.000000,0.00000,7.4000,0.0000,25.00,25.00,0.00000,0.00000,0,520,0,500,0,0,0,0,20,0,520,0,0,0,0,0,0,0,0,600,600,600,100,100,0.00000,0.00000,9.80665,0.000000,0.00000,-0.00000,0.00000,0.00000,9.80665,0.000000,0.000000,0.000000,2,1,0,1,1,1,0,0,0,0
2026-09-21T05:52:50.718320+00:00,617152250,SIMULATED,759,2825136,FAULT,2,-0.000000,0.00000,7.4000,0.0000,25.00,25.00,0.00000,0.00000,0,520,0,500,0,0,0,0,20,0,520,0,0,0,0,0,0,0,0,600,600,600,100,100,0.00000,0.00000,9.80665,0.000000,0.00000,-0.00000,0.00000,0.00000,9.80665,0.000000,0.000000,0.000000,2,1,0,1,1,1,0,0,0,0
2026-09-21T05:52:50.718366+00:00,617198083,SIMULATED,760,2827540,FAULT,2,-0.000000,0.00000,7.4000,0.0000,25.00,25.00,0.00000,0.00000,0,520,0,500,0,0,0,0,20,0,520,0,0,0,0,0,0,0,0,600,600,600,100,100,0.00000,0.00000,9.80665,0.000000,0.00000,-0.00000,0.00000,0.00000,9.80665,0.000000,0.000000,0.000000,2,1,0,1,1,1,0,0,0,0
2026-09-21T05:52:50.718410+00:00,617241625,SIMULATED,761,2829944,FAULT,2,-0.000000,0.00000,7.4000,0.0000,25.00,25.00,0.00000,0.00000,0,520,0,500,0,0,0,0,20,0,520,0,0,0,0,0,0,0,0,600,600,600,100,100,0.00000,0.00000,9.80665,0.000000,0.00000,-0.00000,0.00000,0.00000,9.80665,0.000000,0.000000,0.000000,2,1,0,1,1,1,0,0,0,0
2026-09-21T05:52:50.718454+00:00,617286041,SIMULATED,762,2832348,FAULT,2,-0.000000,0.00000,7.4000,0.0000,25.00,25.00,0.00000,0.00000,0,520,0,500,0,0,0,0,20,0,520,0,0,0,0,0,0,0,0,600,600,600,100,100,0.00000,0.00000,9.80665,0.000000,0.00000,-0.00000,0.00000,0.00000,9.80665,0.000000,0.000000,0.000000,2,1,0,1,1,1,0,0,0,0
2026-09-21T05:52:50.718503+00:00,617335416,SIMULATED,763,2834752,FAULT,2,-0.000000,0.00000,7.4000,0.0000,25.00,25.00,0.00000,0.00000,0,520,0,500,0,0,0,0,20,0,520,0,0,0,0,0,0,0,0,600,600,600,100,100,0.00000,0.00000,9.80665,0.000000,0.00000,-0.00000,0.00000,0.00000,9.80665,0.000000,0.000000,0.000000,2,1,0,1,1,1,0,0,0,0
2026-09-21T05:52:50.718550+00:00,617382458,SIMULATED,764,2837156,FAULT,2,-0.000000,0.00000,7.4000,0.0000,25.00,25.00,0.00000,0.00000,0,520,0,500,0,0,0,0,20,0,520,0,0,0,0,0,0,0,0,600,600,600,100,100,0.00000,0.00000,9.80665,0.000000,0.00000,-0.00000,0.00000,0.00000,9.80665,0.000000,0.000000,0.000000,2,1,0,1,1,1,0,0,0,0
2026-09-21T05:52:50.718596+00:00,617428291,SIMULATED,765,2839560,FAULT,2,-0.000000,0.00000,7.4000,0.0000,25.00,25.00,0.00000,0.00000,0,520,0,500,0,0,0,0,20,0,520,0,0,0,0,0,0,0,0,600,600,600,100,100,0.00000,0.00000,9.80665,0.000000,0.00000,-0.00000,0.00000,0.00000,9.80665,0.000000,0.000000,0.000000,2,1,0,1,1,1,0,0,0,0
2026-09-21T05:52:50.718640+00:00,617471833,SIMULATED,766,2841964,FAULT,2,-0.000000,0.00000,7.4000,0.0000,25.00,25.00,0.00000,0.00000,0,520,0,500,0,0,0,0,20,0,520,0,0,0,0,0,0,0,0,600,600,600,100,100,0.00000,0.00000,9.80665,0.000000,0.00000,-0.00000,0.00000,0.00000,9.80665,0.000000,0.000000,0.000000,2,1,0,1,1,1,0,0,0,0
2026-09-21T05:52:50.718683+00:00,617515375,SIMULATED,767,2844368,FAULT,2,-0.000000,0.00000,7.4000,0.0000,25.00,25.00,0.00000,0.00000,0,520,0,500,0,0,0,0,20,0,520,0,0,0,0,0,0,0,0,600,600,600,100,100,0.00000,0.00000,9.80665,0.000000,0.00000,-0.00000,0.00000,0.00000,9.80665,0.000000,0.000000,0.000000,2,1,0,1,1,1,0,0,0,0
2026-09-21T05:52:50.718727+00:00,617558625,SIMULATED,768,2846772,FAULT,2,-0.000000,0.00000,7.4000,0.0000,25.00,25.00,0.00000,0.00000,0,520,0,500,0,0,0,0,20,0,520,0,0,0,0,0,0,0,0,600,600,600,100,100,0.00000,0.00000,9.80665,0.000000,0.00000,-0.00000,0.00000,0.00000,9.80665,0.000000,0.000000,0.000000,2,1,0,1,1,1,0,0,0,0
2026-09-21T05:52:50.718770+00:00,617602291,SIMULATED,769,2849176,FAULT,2,-0.000000,0.00000,7.4000,0.0000,25.00,25.00,0.00000,0.00000,0,520,0,500,0,0,0,0,20,0,520,0,0,0,0,0,0,0,0,600,600,600,100,100,0.00000,0.00000,9.80665,0.000000,0.00000,-0.00000,0.00000,0.00000,9.80665,0.000000,0.000000,0.000000,2,1,0,1,1,1,0,0,0,0
2026-09-21T05:52:50.718814+00:00,617645791,SIMULATED,770,2851580,FAULT,2,-0.000000,0.00000,7.4000,0.0000,25.00,25.00,0.00000,0.00000,0,520,0,500,0,0,0,0,20,0,520,0,0,0,0,0,0,0,0,600,600,600,100,100,0.00000,0.00000,9.80665,0.000000,0.00000,-0.00000,0.00000,0.00000,9.80665,0.000000,0.000000,0.000000,2,1,0,1,1,1,0,0,0,0
2026-09-21T05:52:50.718866+00:00,617698583,SIMULATED,771,2853984,FAULT,2,-0.000000,0.00000,7.4000,0.0000,25.00,25.00,0.00000,0.00000,0,520,0,500,0,0,0,0,20,0,520,0,0,0,0,0,0,0,0,600,600,600,100,100,0.00000,0.00000,9.80665,0.000000,0.00000,-0.00000,0.00000,0.00000,9.80665,0.000000,0.000000,0.000000,2,1,0,1,1,1,0,0,0,0
2026-09-21T05:52:50.718910+00:00,617742375,SIMULATED,772,2856388,FAULT,2,-0.000000,0.00000,7.4000,0.0000,25.00,25.00,0.00000,0.00000,0,520,0,500,0,0,0,0,20,0,520,0,0,0,0,0,0,0,0,600,600,600,100,100,0.00000,0.00000,9.80665,0.000000,0.00000,-0.00000,0.00000,0.00000,9.80665,0.000000,0.000000,0.000000,2,1,0,1,1,1,0,0,0,0
2026-09-21T05:52:50.718954+00:00,617785791,SIMULATED,773,2858792,FAULT,2,-0.000000,0.00000,7.4000,0.0000,25.00,25.00,0.00000,0.00000,0,520,0,500,0,0,0,0,20,0,520,0,0,0,0,0,0,0,0,600,600,600,100,100,0.00000,0.00000,9.80665,0.000000,0.00000,-0.00000,0.00000,0.00000,9.80665,0.000000,0.000000,0.000000,2,1,0,1,1,1,0,0,0,0
2026-09-21T05:52:50.719000+00:00,617831833,SIMULATED,774,2861196,FAULT,2,-0.000000,0.00000,7.4000,0.0000,25.00,25.00,0.00000,0.00000,0,520,0,500,0,0,0,0,20,0,520,0,0,0,0,0,0,0,0,600,600,600,100,100,0.00000,0.00000,9.80665,0.000000,0.00000,-0.00000,0.00000,0.00000,9.80665,0.000000,0.000000,0.000000,2,1,0,1,1,1,0,0,0,0
2026-09-21T05:52:50.719043+00:00,617875333,SIMULATED,775,2863600,FAULT,2,-0.000000,0.00000,7.4000,0.0000,25.00,25.00,0.00000,0.00000,0,520,0,500,0,0,0,0,20,0,520,0,0,0,0,0,0,0,0,600,600,600,100,100,0.00000,0.00000,9.80665,0.000000,0.00000,-0.00000,0.00000,0.00000,9.80665,0.000000,0.000000,0.000000,2,1,0,1,1,1,0,0,0,0
2026-09-21T05:52:50.719089+00:00,617921333,SIMULATED,776,2866004,FAULT,2,-0.000000,0.00000,7.4000,0.0000,25.00,25.00,0.00000,0.00000,0,520,0,500,0,0,0,0,20,0,520,0,0,0,0,0,0,0,0,600,600,600,100,100,0.00000,0.00000,9.80665,0.000000,0.00000,-0.00000,0.00000,0.00000,9.80665,0.000000,0.000000,0.000000,2,1,0,1,1,1,0,0,0,0
2026-09-21T05:52:50.719136+00:00,617968041,SIMULATED,777,2868408,FAULT,2,-0.000000,0.00000,7.4000,0.0000,25.00,25.00,0.00000,0.00000,0,520,0,500,0,0,0,0,20,0,520,0,0,0,0,0,0,0,0,600,600,600,100,100,0.00000,0.00000,9.80665,0.000000,0.00000,-0.00000,0.00000,0.00000,9.80665,0.000000,0.000000,0.000000,2,1,0,1,1,1,0,0,0,0
2026-09-21T05:52:50.719186+00:00,618018250,SIMULATED,778,2870812,FAULT,2,-0.000000,0.00000,7.4000,0.0000,25.00,25.00,0.00000,0.00000,0,520,0,500,0,0,0,0,20,0,520,0,0,0,0,0,0,0,0,600,600,600,100,100,0.00000,0.00000,9.80665,0.000000,0.00000,-0.00000,0.00000,0.00000,9.80665,0.000000,0.000000,0.000000,2,1,0,1,1,1,0,0,0,0
2026-09-21T05:52:50.719231+00:00,618062833,SIMULATED,779,2873216,FAULT,2,-0.000000,0.00000,7.4000,0.0000,25.00,25.00,0.00000,0.00000,0,520,0,500,0,0,0,0,20,0,520,0,0,0,0,0,0,0,0,600,600,600,100,100,0.00000,0.00000,9.80665,0.000000,0.00000,-0.00000,0.00000,0.00000,9.80665,0.000000,0.000000,0.000000,2,1,0,1,1,1,0,0,0,0
2026-09-21T05:52:50.719274+00:00,618106541,SIMULATED,780,2875620,FAULT,2,-0.000000,0.00000,7.4000,0.0000,25.00,25.00,0.00000,0.00000,0,520,0,500,0,0,0,0,20,0,520,0,0,0,0,0,0,0,0,600,600,600,100,100,0.00000,0.00000,9.80665,0.000000,0.00000,-0.00000,0.00000,0.00000,9.80665,0.000000,0.000000,0.000000,2,1,0,1,1,1,0,0,0,0
2026-09-21T05:52:50.719319+00:00,618150625,SIMULATED,781,2878024,FAULT,2,-0.000000,0.00000,7.4000,0.0000,25.00,25.00,0.00000,0.00000,0,520,0,500,0,0,0,0,20,0,520,0,0,0,0,0,0,0,0,600,600,600,100,100,0.00000,0.00000,9.80665,0.000000,0.00000,-0.00000,0.00000,0.00000,9.80665,0.000000,0.000000,0.000000,2,1,0,1,1,1,0,0,0,0
2026-09-21T05:52:50.719362+00:00,618194541,SIMULATED,782,2880428,FAULT,2,-0.000000,0.00000,7.4000,0.0000,25.00,25.00,0.00000,0.00000,0,520,0,500,0,0,0,0,20,0,520,0,0,0,0,0,0,0,0,600,600,600,100,100,0.00000,0.00000,9.80665,0.000000,0.00000,-0.00000,0.00000,0.00000,9.80665,0.000000,0.000000,0.000000,2,1,0,1,1,1,0,0,0,0
2026-09-21T05:52:50.719409+00:00,618241166,SIMULATED,783,2882832,FAULT,2,-0.000000,0.00000,7.4000,0.0000,25.00,25.00,0.00000,0.00000,0,520,0,500,0,0,0,0,20,0,520,0,0,0,0,0,0,0,0,600,600,600,100,100,0.00000,0.00000,9.80665,0.000000,0.00000,-0.00000,0.00000,0.00000,9.80665,0.000000,0.000000,0.000000,2,1,0,1,1,1,0,0,0,0
2026-09-21T05:52:50.719461+00:00,618293041,SIMULATED,784,2885236,FAULT,2,-0.000000,0.00000,7.4000,0.0000,25.00,25.00,0.00000,0.00000,0,520,0,500,0,0,0,0,20,0,520,0,0,0,0,0,0,0,0,600,600,600,100,100,0.00000,0.00000,9.80665,0.000000,0.00000,-0.00000,0.00000,0.00000,9.80665,0.000000,0.000000,0.000000,2,1,0,1,1,1,0,0,0,0
2026-09-21T05:52:50.719506+00:00,618338250,SIMULATED,785,2887640,FAULT,2,-0.000000,0.00000,7.4000,0.0000,25.00,25.00,0.00000,0.00000,0,520,0,500,0,0,0,0,20,0,520,0,0,0,0,0,0,0,0,600,600,600,100,100,0.00000,0.00000,9.80665,0.000000,0.00000,-0.00000,0.00000,0.00000,9.80665,0.000000,0.000000,0.000000,2,1,0,1,1,1,0,0,0,0
2026-09-21T05:52:50.719550+00:00,618381791,SIMULATED,786,2890044,FAULT,2,-0.000000,0.00000,7.4000,0.0000,25.00,25.00,0.00000,0.00000,0,520,0,500,0,0,0,0,20,0,520,0,0,0,0,0,0,0,0,600,600,600,100,100,0.00000,0.00000,9.80665,0.000000,0.00000,-0.00000,0.00000,0.00000,9.80665,0.000000,0.000000,0.000000,2,1,0,1,1,1,0,0,0,0
2026-09-21T05:52:50.719594+00:00,618425583,SIMULATED,787,2892448,FAULT,2,-0.000000,0.00000,7.4000,0.0000,25.00,25.00,0.00000,0.00000,0,520,0,500,0,0,0,0,20,0,520,0,0,0,0,0,0,0,0,600,600,600,100,100,0.00000,0.00000,9.80665,0.000000,0.00000,-0.00000,0.00000,0.00000,9.80665,0.000000,0.000000,0.000000,2,1,0,1,1,1,0,0,0,0
2026-09-21T05:52:50.719637+00:00,618468833,SIMULATED,788,2894852,FAULT,2,-0.000000,0.00000,7.4000,0.0000,25.00,25.00,0.00000,0.00000,0,520,0,500,0,0,0,0,20,0,520,0,0,0,0,0,0,0,0,600,600,600,100,100,0.00000,0.00000,9.80665,0.000000,0.00000,-0.00000,0.00000,0.00000,9.80665,0.000000,0.000000,0.000000,2,1,0,1,1,1,0,0,0,0
2026-09-21T05:52:50.719687+00:00,618518750,SIMULATED,789,2897256,FAULT,2,-0.000000,0.00000,7.4000,0.0000,25.00,25.00,0.00000,0.00000,0,520,0,500,0,0,0,0,20,0,520,0,0,0,0,0,0,0,0,600,600,600,100,100,0.00000,0.00000,9.80665,0.000000,0.00000,-0.00000,0.00000,0.00000,9.80665,0.000000,0.000000,0.000000,2,1,0,1,1,1,0,0,0,0
2026-09-21T05:52:50.719730+00:00,618562333,SIMULATED,790,2899660,FAULT,2,-0.000000,0.00000,7.4000,0.0000,25.00,25.00,0.00000,0.00000,0,520,0,500,0,0,0,0,20,0,520,0,0,0,0,0,0,0,0,600,600,600,100,100,0.00000,0.00000,9.80665,0.000000,0.00000,-0.00000,0.00000,0.00000,9.80665,0.000000,0.000000,0.000000,2,1,0,1,1,1,0,0,0,0
2026-09-21T05:52:50.719775+00:00,618606791,SIMULATED,791,2902064,FAULT,2,-0.000000,0.00000,7.4000,0.0000,25.00,25.00,0.00000,0.00000,0,520,0,500,0,0,0,0,20,0,520,0,0,0,0,0,0,0,0,600,600,600,100,100,0.00000,0.00000,9.80665,0.000000,0.00000,-0.00000,0.00000,0.00000,9.80665,0.000000,0.000000,0.000000,2,1,0,1,1,1,0,0,0,0
2026-09-21T05:52:50.719820+00:00,618652500,SIMULATED,792,2904468,FAULT,2,-0.000000,0.00000,7.4000,0.0000,25.00,25.00,0.00000,0.00000,0,520,0,500,0,0,0,0,20,0,520,0,0,0,0,0,0,0,0,600,600,600,100,100,0.00000,0.00000,9.80665,0.000000,0.00000,-0.00000,0.00000,0.00000,9.80665,0.000000,0.000000,0.000000,2,1,0,1,1,1,0,0,0,0
2026-09-21T05:52:50.719864+00:00,618696416,SIMULATED,793,2906872,FAULT,2,-0.000000,0.00000,7.4000,0.0000,25.00,25.00,0.00000,0.00000,0,520,0,500,0,0,0,0,20,0,520,0,0,0,0,0,0,0,0,600,600,600,100,100,0.00000,0.00000,9.80665,0.000000,0.00000,-0.00000,0.00000,0.00000,9.80665,0.000000,0.000000,0.000000,2,1,0,1,1,1,0,0,0,0
2026-09-21T05:52:50.719910+00:00,618742583,SIMULATED,794,2909276,FAULT,2,-0.000000,0.00000,7.4000,0.0000,25.00,25.00,0.00000,0.00000,0,520,0,500,0,0,0,0,20,0,520,0,0,0,0,0,0,0,0,600,600,600,100,100,0.00000,0.00000,9.80665,0.000000,0.00000,-0.00000,0.00000,0.00000,9.80665,0.000000,0.000000,0.000000,2,1,0,1,1,1,0,0,0,0
2026-09-21T05:52:50.719956+00:00,618788000,SIMULATED,795,2911680,FAULT,2,-0.000000,0.00000,7.4000,0.0000,25.00,25.00,0.00000,0.00000,0,520,0,500,0,0,0,0,20,0,520,0,0,0,0,0,0,0,0,600,600,600,100,100,0.00000,0.00000,9.80665,0.000000,0.00000,-0.00000,0.00000,0.00000,9.80665,0.000000,0.000000,0.000000,2,1,0,1,1,1,0,0,0,0
2026-09-21T05:52:50.720000+00:00,618831625,SIMULATED,796,2914084,FAULT,2,-0.000000,0.00000,7.4000,0.0000,25.00,25.00,0.00000,0.00000,0,520,0,500,0,0,0,0,20,0,520,0,0,0,0,0,0,0,0,600,600,600,100,100,0.00000,0.00000,9.80665,0.000000,0.00000,-0.00000,0.00000,0.00000,9.80665,0.000000,0.000000,0.000000,2,1,0,1,1,1,0,0,0,0
2026-09-21T05:52:50.720043+00:00,618875166,SIMULATED,797,2916488,FAULT,2,-0.000000,0.00000,7.4000,0.0000,25.00,25.00,0.00000,0.00000,0,520,0,500,0,0,0,0,20,0,520,0,0,0,0,0,0,0,0,600,600,600,100,100,0.00000,0.00000,9.80665,0.000000,0.00000,-0.00000,0.00000,0.00000,9.80665,0.000000,0.000000,0.000000,2,1,0,1,1,1,0,0,0,0
2026-09-21T05:52:50.720087+00:00,618919083,SIMULATED,798,2918892,FAULT,2,-0.000000,0.00000,7.4000,0.0000,25.00,25.00,0.00000,0.00000,0,520,0,500,0,0,0,0,20,0,520,0,0,0,0,0,0,0,0,600,600,600,100,100,0.00000,0.00000,9.80665,0.000000,0.00000,-0.00000,0.00000,0.00000,9.80665,0.000000,0.000000,0.000000,2,1,0,1,1,1,0,0,0,0
2026-09-21T05:52:50.720131+00:00,618962666,SIMULATED,799,2921296,FAULT,2,-0.000000,0.00000,7.4000,0.0000,25.00,25.00,0.00000,0.00000,0,520,0,500,0,0,0,0,20,0,520,0,0,0,0,0,0,0,0,600,600,600,100,100,0.00000,0.00000,9.80665,0.000000,0.00000,-0.00000,0.00000,0.00000,9.80665,0.000000,0.000000,0.000000,2,1,0,1,1,1,0,0,0,0
2026-09-21T05:52:50.720178+00:00,619009833,SIMULATED,800,2923700,FAULT,2,-0.000000,0.00000,7.4000,0.0000,25.00,25.00,0.00000,0.00000,0,520,0,500,0,0,0,0,20,0,520,0,0,0,0,0,0,0,0,600,600,600,100,100,0.00000,0.00000,9.80665,0.000000,0.00000,-0.00000,0.00000,0.00000,9.80665,0.000000,0.000000,0.000000,2,1,0,1,1,1,0,0,0,0
2026-09-21T05:52:50.720224+00:00,619056333,SIMULATED,801,2926104,FAULT,2,-0.000000,0.00000,7.4000,0.0000,25.00,25.00,0.00000,0.00000,0,520,0,500,0,0,0,0,20,0,520,0,0,0,0,0,0,0,0,600,600,600,100,100,0.00000,0.00000,9.80665,0.000000,0.00000,-0.00000,0.00000,0.00000,9.80665,0.000000,0.000000,0.000000,2,1,0,1,1,1,0,0,0,0
2026-09-21T05:52:50.720271+00:00,619103000,SIMULATED,802,2928508,FAULT,2,-0.000000,0.00000,7.4000,0.0000,25.00,25.00,0.00000,0.00000,0,520,0,500,0,0,0,0,20,0,520,0,0,0,0,0,0,0,0,600,600,600,100,100,0.00000,0.00000,9.80665,0.000000,0.00000,-0.00000,0.00000,0.00000,9.80665,0.000000,0.000000,0.000000,2,1,0,1,1,1,0,0,0,0
2026-09-21T05:52:50.720315+00:00,619147125,SIMULATED,803,2930912,FAULT,2,-0.000000,0.00000,7.4000,0.0000,25.00,25.00,0.00000,0.00000,0,520,0,500,0,0,0,0,20,0,520,0,0,0,0,0,0,0,0,600,600,600,100,100,0.00000,0.00000,9.80665,0.000000,0.00000,-0.00000,0.00000,0.00000,9.80665,0.000000,0.000000,0.000000,2,1,0,1,1,1,0,0,0,0
2026-09-21T05:52:50.720359+00:00,619190916,SIMULATED,804,2933316,FAULT,2,-0.000000,0.00000,7.4000,0.0000,25.00,25.00,0.00000,0.00000,0,520,0,500,0,0,0,0,20,0,520,0,0,0,0,0,0,0,0,600,600,600,100,100,0.00000,0.00000,9.80665,0.000000,0.00000,-0.00000,0.00000,0.00000,9.80665,0.000000,0.000000,0.000000,2,1,0,1,1,1,0,0,0,0
2026-09-21T05:52:50.720408+00:00,619240416,SIMULATED,805,2935720,FAULT,2,-0.000000,0.00000,7.4000,0.0000,25.00,25.00,0.00000,0.00000,0,520,0,500,0,0,0,0,20,0,520,0,0,0,0,0,0,0,0,600,600,600,100,100,0.00000,0.00000,9.80665,0.000000,0.00000,-0.00000,0.00000,0.00000,9.80665,0.000000,0.000000,0.000000,2,1,0,1,1,1,0,0,0,0
2026-09-21T05:52:50.720452+00:00,619284041,SIMULATED,806,2938124,FAULT,2,-0.000000,0.00000,7.4000,0.0000,25.00,25.00,0.00000,0.00000,0,520,0,500,0,0,0,0,20,0,520,0,0,0,0,0,0,0,0,600,600,600,100,100,0.00000,0.00000,9.80665,0.000000,0.00000,-0.00000,0.00000,0.00000,9.80665,0.000000,0.000000,0.000000,2,1,0,1,1,1,0,0,0,0
2026-09-21T05:52:50.720498+00:00,619330416,SIMULATED,807,2940528,FAULT,2,-0.000000,0.00000,7.4000,0.0000,25.00,25.00,0.00000,0.00000,0,520,0,500,0,0,0,0,20,0,520,0,0,0,0,0,0,0,0,600,600,600,100,100,0.00000,0.00000,9.80665,0.000000,0.00000,-0.00000,0.00000,0.00000,9.80665,0.000000,0.000000,0.000000,2,1,0,1,1,1,0,0,0,0
2026-09-21T05:52:50.720542+00:00,619374291,SIMULATED,808,2942932,FAULT,2,-0.000000,0.00000,7.4000,0.0000,25.00,25.00,0.00000,0.00000,0,520,0,500,0,0,0,0,20,0,520,0,0,0,0,0,0,0,0,600,600,600,100,100,0.00000,0.00000,9.80665,0.000000,0.00000,-0.00000,0.00000,0.00000,9.80665,0.000000,0.000000,0.000000,2,1,0,1,1,1,0,0,0,0
2026-09-21T05:52:50.720588+00:00,619420583,SIMULATED,809,2945336,FAULT,2,-0.000000,0.00000,7.4000,0.0000,25.00,25.00,0.00000,0.00000,0,520,0,500,0,0,0,0,20,0,520,0,0,0,0,0,0,0,0,600,600,600,100,100,0.00000,0.00000,9.80665,0.000000,0.00000,-0.00000,0.00000,0.00000,9.80665,0.000000,0.000000,0.000000,2,1,0,1,1,1,0,0,0,0
2026-09-21T05:52:50.720634+00:00,619466416,SIMULATED,810,2947740,FAULT,2,-0.000000,0.00000,7.4000,0.0000,25.00,25.00,0.00000,0.00000,0,520,0,500,0,0,0,0,20,0,520,0,0,0,0,0,0,0,0,600,600,600,100,100,0.00000,0.00000,9.80665,0.000000,0.00000,-0.00000,0.00000,0.00000,9.80665,0.000000,0.000000,0.000000,2,1,0,1,1,1,0,0,0,0
2026-09-21T05:52:50.720678+00:00,619510375,SIMULATED,811,2950144,FAULT,2,-0.000000,0.00000,7.4000,0.0000,25.00,25.00,0.00000,0.00000,0,520,0,500,0,0,0,0,20,0,520,0,0,0,0,0,0,0,0,600,600,600,100,100,0.00000,0.00000,9.80665,0.000000,0.00000,-0.00000,0.00000,0.00000,9.80665,0.000000,0.000000,0.000000,2,1,0,1,1,1,0,0,0,0
2026-09-21T05:52:50.720722+00:00,619554208,SIMULATED,812,2952548,FAULT,2,-0.000000,0.00000,7.4000,0.0000,25.00,25.00,0.00000,0.00000,0,520,0,500,0,0,0,0,20,0,520,0,0,0,0,0,0,0,0,600,600,600,100,100,0.00000,0.00000,9.80665,0.000000,0.00000,-0.00000,0.00000,0.00000,9.80665,0.000000,0.000000,0.000000,2,1,0,1,1,1,0,0,0,0
2026-09-21T05:52:50.720768+00:00,619600458,SIMULATED,813,2954952,FAULT,2,-0.000000,0.00000,7.4000,0.0000,25.00,25.00,0.00000,0.00000,0,520,0,500,0,0,0,0,20,0,520,0,0,0,0,0,0,0,0,600,600,600,100,100,0.00000,0.00000,9.80665,0.000000,0.00000,-0.00000,0.00000,0.00000,9.80665,0.000000,0.000000,0.000000,2,1,0,1,1,1,0,0,0,0
2026-09-21T05:52:50.720817+00:00,619649541,SIMULATED,814,2957356,FAULT,2,-0.000000,0.00000,7.4000,0.0000,25.00,25.00,0.00000,0.00000,0,520,0,500,0,0,0,0,20,0,520,0,0,0,0,0,0,0,0,600,600,600,100,100,0.00000,0.00000,9.80665,0.000000,0.00000,-0.00000,0.00000,0.00000,9.80665,0.000000,0.000000,0.000000,2,1,0,1,1,1,0,0,0,0
2026-09-21T05:52:50.720864+00:00,619695625,SIMULATED,815,2959760,FAULT,2,-0.000000,0.00000,7.4000,0.0000,25.00,25.00,0.00000,0.00000,0,520,0,500,0,0,0,0,20,0,520,0,0,0,0,0,0,0,0,600,600,600,100,100,0.00000,0.00000,9.80665,0.000000,0.00000,-0.00000,0.00000,0.00000,9.80665,0.000000,0.000000,0.000000,2,1,0,1,1,1,0,0,0,0
2026-09-21T05:52:50.720907+00:00,619739416,SIMULATED,816,2962164,FAULT,2,-0.000000,0.00000,7.4000,0.0000,25.00,25.00,0.00000,0.00000,0,520,0,500,0,0,0,0,20,0,520,0,0,0,0,0,0,0,0,600,600,600,100,100,0.00000,0.00000,9.80665,0.000000,0.00000,-0.00000,0.00000,0.00000,9.80665,0.000000,0.000000,0.000000,2,1,0,1,1,1,0,0,0,0
2026-09-21T05:52:50.720951+00:00,619782833,SIMULATED,817,2964568,FAULT,2,-0.000000,0.00000,7.4000,0.0000,25.00,25.00,0.00000,0.00000,0,520,0,500,0,0,0,0,20,0,520,0,0,0,0,0,0,0,0,600,600,600,100,100,0.00000,0.00000,9.80665,0.000000,0.00000,-0.00000,0.00000,0.00000,9.80665,0.000000,0.000000,0.000000,2,1,0,1,1,1,0,0,0,0
2026-09-21T05:52:50.720994+00:00,619826166,SIMULATED,818,2966972,FAULT,2,-0.000000,0.00000,7.4000,0.0000,25.00,25.00,0.00000,0.00000,0,520,0,500,0,0,0,0,20,0,520,0,0,0,0,0,0,0,0,600,600,600,100,100,0.00000,0.00000,9.80665,0.000000,0.00000,-0.00000,0.00000,0.00000,9.80665,0.000000,0.000000,0.000000,2,1,0,1,1,1,0,0,0,0
2026-09-21T05:52:50.721040+00:00,619871708,SIMULATED,819,2969376,FAULT,2,-0.000000,0.00000,7.4000,0.0000,25.00,25.00,0.00000,0.00000,0,520,0,500,0,0,0,0,20,0,520,0,0,0,0,0,0,0,0,600,600,600,100,100,0.00000,0.00000,9.80665,0.000000,0.00000,-0.00000,0.00000,0.00000,9.80665,0.000000,0.000000,0.000000,2,1,0,1,1,1,0,0,0,0
2026-09-21T05:52:50.721083+00:00,619915375,SIMULATED,820,2971780,FAULT,2,-0.000000,0.00000,7.4000,0.0000,25.00,25.00,0.00000,0.00000,0,520,0,500,0,0,0,0,20,0,520,0,0,0,0,0,0,0,0,600,600,600,100,100,0.00000,0.00000,9.80665,0.000000,0.00000,-0.00000,0.00000,0.00000,9.80665,0.000000,0.000000,0.000000,2,1,0,1,1,1,0,0,0,0
2026-09-21T05:52:50.721127+00:00,619958583,SIMULATED,821,2974184,FAULT,2,-0.000000,0.00000,7.4000,0.0000,25.00,25.00,0.00000,0.00000,0,520,0,500,0,0,0,0,20,0,520,0,0,0,0,0,0,0,0,600,600,600,100,100,0.00000,0.00000,9.80665,0.000000,0.00000,-0.00000,0.00000,0.00000,9.80665,0.000000,0.000000,0.000000,2,1,0,1,1,1,0,0,0,0
2026-09-21T05:52:50.721170+00:00,620002291,SIMULATED,822,2976588,FAULT,2,-0.000000,0.00000,7.4000,0.0000,25.00,25.00,0.00000,0.00000,0,520,0,500,0,0,0,0,20,0,520,0,0,0,0,0,0,0,0,600,600,600,100,100,0.00000,0.00000,9.80665,0.000000,0.00000,-0.00000,0.00000,0.00000,9.80665,0.000000,0.000000,0.000000,2,1,0,1,1,1,0,0,0,0
2026-09-21T05:52:50.721215+00:00,620047250,SIMULATED,823,2978992,FAULT,2,-0.000000,0.00000,7.4000,0.0000,25.00,25.00,0.00000,0.00000,0,520,0,500,0,0,0,0,20,0,520,0,0,0,0,0,0,0,0,600,600,600,100,100,0.00000,0.00000,9.80665,0.000000,0.00000,-0.00000,0.00000,0.00000,9.80665,0.000000,0.000000,0.000000,2,1,0,1,1,1,0,0,0,0
2026-09-21T05:52:50.721259+00:00,620090666,SIMULATED,824,2981396,FAULT,2,-0.000000,0.00000,7.4000,0.0000,25.00,25.00,0.00000,0.00000,0,520,0,500,0,0,0,0,20,0,520,0,0,0,0,0,0,0,0,600,600,600,100,100,0.00000,0.00000,9.80665,0.000000,0.00000,-0.00000,0.00000,0.00000,9.80665,0.000000,0.000000,0.000000,2,1,0,1,1,1,0,0,0,0
2026-09-21T05:52:50.721306+00:00,620138333,SIMULATED,825,2983800,FAULT,2,-0.000000,0.00000,7.4000,0.0000,25.00,25.00,0.00000,0.00000,0,520,0,500,0,0,0,0,20,0,520,0,0,0,0,0,0,0,0,600,600,600,100,100,0.00000,0.00000,9.80665,0.000000,0.00000,-0.00000,0.00000,0.00000,9.80665,0.000000,0.000000,0.000000,2,1,0,1,1,1,0,0,0,0
2026-09-21T05:52:50.721350+00:00,620182583,SIMULATED,826,2986204,FAULT,2,-0.000000,0.00000,7.4000,0.0000,25.00,25.00,0.00000,0.00000,0,520,0,500,0,0,0,0,20,0,520,0,0,0,0,0,0,0,0,600,600,600,100,100,0.00000,0.00000,9.80665,0.000000,0.00000,-0.00000,0.00000,0.00000,9.80665,0.000000,0.000000,0.000000,2,1,0,1,1,1,0,0,0,0
2026-09-21T05:52:50.721397+00:00,620228750,SIMULATED,827,2988608,FAULT,2,-0.000000,0.00000,7.4000,0.0000,25.00,25.00,0.00000,0.00000,0,520,0,500,0,0,0,0,20,0,520,0,0,0,0,0,0,0,0,600,600,600,100,100,0.00000,0.00000,9.80665,0.000000,0.00000,-0.00000,0.00000,0.00000,9.80665,0.000000,0.000000,0.000000,2,1,0,1,1,1,0,0,0,0
2026-09-21T05:52:50.721441+00:00,620273000,SIMULATED,828,2991012,FAULT,2,-0.000000,0.00000,7.4000,0.0000,25.00,25.00,0.00000,0.00000,0,520,0,500,0,0,0,0,20,0,520,0,0,0,0,0,0,0,0,600,600,600,100,100,0.00000,0.00000,9.80665,0.000000,0.00000,-0.00000,0.00000,0.00000,9.80665,0.000000,0.000000,0.000000,2,1,0,1,1,1,0,0,0,0
2026-09-21T05:52:50.721485+00:00,620316791,SIMULATED,829,2993416,FAULT,2,-0.000000,0.00000,7.4000,0.0000,25.00,25.00,0.00000,0.00000,0,520,0,500,0,0,0,0,20,0,520,0,0,0,0,0,0,0,0,600,600,600,100,100,0.00000,0.00000,9.80665,0.000000,0.00000,-0.00000,0.00000,0.00000,9.80665,0.000000,0.000000,0.000000,2,1,0,1,1,1,0,0,0,0
2026-09-21T05:52:50.721528+00:00,620360208,SIMULATED,830,2995820,FAULT,2,-0.000000,0.00000,7.4000,0.0000,25.00,25.00,0.00000,0.00000,0,520,0,500,0,0,0,0,20,0,520,0,0,0,0,0,0,0,0,600,600,600,100,100,0.00000,0.00000,9.80665,0.000000,0.00000,-0.00000,0.00000,0.00000,9.80665,0.000000,0.000000,0.000000,2,1,0,1,1,1,0,0,0,0
2026-09-21T05:52:50.721574+00:00,620406041,SIMULATED,831,2998224,FAULT,2,-0.000000,0.00000,7.4000,0.0000,25.00,25.00,0.00000,0.00000,0,520,0,500,0,0,0,0,20,0,520,0,0,0,0,0,0,0,0,600,600,600,100,100,0.00000,0.00000,9.80665,0.000000,0.00000,-0.00000,0.00000,0.00000,9.80665,0.000000,0.000000,0.000000,2,1,0,1,1,1,0,0,0,0
2026-09-21T05:52:50.721619+00:00,620450791,SIMULATED,832,3000628,FAULT,2,-0.000000,0.00000,7.4000,0.0000,25.00,25.00,0.00000,0.00000,0,520,0,500,0,0,0,0,20,0,520,0,0,0,0,0,0,0,0,600,600,600,100,100,0.00000,0.00000,9.80665,0.000000,0.00000,-0.00000,0.00000,0.00000,9.80665,0.000000,0.000000,0.000000,2,1,0,1,1,1,0,0,0,0
2026-09-21T05:52:50.721663+00:00,620495000,SIMULATED,833,3003032,FAULT,2,-0.000000,0.00000,7.4000,0.0000,25.00,25.00,0.00000,0.00000,0,520,0,500,0,0,0,0,20,0,520,0,0,0,0,0,0,0,0,600,600,600,100,100,0.00000,0.00000,9.80665,0.000000,0.00000,-0.00000,0.00000,0.00000,9.80665,0.000000,0.000000,0.000000,2,1,0,1,1,1,0,0,0,0
2026-09-21T05:52:50.721707+00:00,620538583,SIMULATED,834,3005436,FAULT,2,-0.000000,0.00000,7.4000,0.0000,25.00,25.00,0.00000,0.00000,0,520,0,500,0,0,0,0,20,0,520,0,0,0,0,0,0,0,0,600,600,600,100,100,0.00000,0.00000,9.80665,0.000000,0.00000,-0.00000,0.00000,0.00000,9.80665,0.000000,0.000000,0.000000,2,1,0,1,1,1,0,0,0,0
2026-09-21T05:52:50.721754+00:00,620585625,SIMULATED,835,3007840,FAULT,2,-0.000000,0.00000,7.4000,0.0000,25.00,25.00,0.00000,0.00000,0,520,0,500,0,0,0,0,20,0,520,0,0,0,0,0,0,0,0,600,600,600,100,100,0.00000,0.00000,9.80665,0.000000,0.00000,-0.00000,0.00000,0.00000,9.80665,0.000000,0.000000,0.000000,2,1,0,1,1,1,0,0,0,0
2026-09-21T05:52:50.721798+00:00,620630000,SIMULATED,836,3010244,FAULT,2,-0.000000,0.00000,7.4000,0.0000,25.00,25.00,0.00000,0.00000,0,520,0,500,0,0,0,0,20,0,520,0,0,0,0,0,0,0,0,600,600,600,100,100,0.00000,0.00000,9.80665,0.000000,0.00000,-0.00000,0.00000,0.00000,9.80665,0.000000,0.000000,0.000000,2,1,0,1,1,1,0,0,0,0
2026-09-21T05:52:50.721844+00:00,620676333,SIMULATED,837,3012648,FAULT,2,-0.000000,0.00000,7.4000,0.0000,25.00,25.00,0.00000,0.00000,0,520,0,500,0,0,0,0,20,0,520,0,0,0,0,0,0,0,0,600,600,600,100,100,0.00000,0.00000,9.80665,0.000000,0.00000,-0.00000,0.00000,0.00000,9.80665,0.000000,0.000000,0.000000,2,1,0,1,1,1,0,0,0,0
2026-09-21T05:52:50.721889+00:00,620721333,SIMULATED,838,3015052,FAULT,2,-0.000000,0.00000,7.4000,0.0000,25.00,25.00,0.00000,0.00000,0,520,0,500,0,0,0,0,20,0,520,0,0,0,0,0,0,0,0,600,600,600,100,100,0.00000,0.00000,9.80665,0.000000,0.00000,-0.00000,0.00000,0.00000,9.80665,0.000000,0.000000,0.000000,2,1,0,1,1,1,0,0,0,0
2026-09-21T05:52:50.721936+00:00,620768250,SIMULATED,839,3017456,FAULT,2,-0.000000,0.00000,7.4000,0.0000,25.00,25.00,0.00000,0.00000,0,520,0,500,0,0,0,0,20,0,520,0,0,0,0,0,0,0,0,600,600,600,100,100,0.00000,0.00000,9.80665,0.000000,0.00000,-0.00000,0.00000,0.00000,9.80665,0.000000,0.000000,0.000000,2,1,0,1,1,1,0,0,0,0
2026-09-21T05:52:50.721984+00:00,620816458,SIMULATED,840,3019860,FAULT,2,-0.000000,0.00000,7.4000,0.0000,25.00,25.00,0.00000,0.00000,0,520,0,500,0,0,0,0,20,0,520,0,0,0,0,0,0,0,0,600,600,600,100,100,0.00000,0.00000,9.80665,0.000000,0.00000,-0.00000,0.00000,0.00000,9.80665,0.000000,0.000000,0.000000,2,1,0,1,1,1,0,0,0,0
2026-09-21T05:52:50.722031+00:00,620863041,SIMULATED,841,3022264,FAULT,2,-0.000000,0.00000,7.4000,0.0000,25.00,25.00,0.00000,0.00000,0,520,0,500,0,0,0,0,20,0,520,0,0,0,0,0,0,0,0,600,600,600,100,100,0.00000,0.00000,9.80665,0.000000,0.00000,-0.00000,0.00000,0.00000,9.80665,0.000000,0.000000,0.000000,2,1,0,1,1,1,0,0,0,0
2026-09-21T05:52:50.722075+00:00,620906958,SIMULATED,842,3024668,FAULT,2,-0.000000,0.00000,7.4000,0.0000,25.00,25.00,0.00000,0.00000,0,520,0,500,0,0,0,0,20,0,520,0,0,0,0,0,0,0,0,600,600,600,100,100,0.00000,0.00000,9.80665,0.000000,0.00000,-0.00000,0.00000,0.00000,9.80665,0.000000,0.000000,0.000000,2,1,0,1,1,1,0,0,0,0
2026-09-21T05:52:50.722121+00:00,620953041,SIMULATED,843,3027072,FAULT,2,-0.000000,0.00000,7.4000,0.0000,25.00,25.00,0.00000,0.00000,0,520,0,500,0,0,0,0,20,0,520,0,0,0,0,0,0,0,0,600,600,600,100,100,0.00000,0.00000,9.80665,0.000000,0.00000,-0.00000,0.00000,0.00000,9.80665,0.000000,0.000000,0.000000,2,1,0,1,1,1,0,0,0,0
2026-09-21T05:52:50.722165+00:00,620996625,SIMULATED,844,3029476,FAULT,2,-0.000000,0.00000,7.4000,0.0000,25.00,25.00,0.00000,0.00000,0,520,0,500,0,0,0,0,20,0,520,0,0,0,0,0,0,0,0,600,600,600,100,100,0.00000,0.00000,9.80665,0.000000,0.00000,-0.00000,0.00000,0.00000,9.80665,0.000000,0.000000,0.000000,2,1,0,1,1,1,0,0,0,0
2026-09-21T05:52:50.722213+00:00,621044708,SIMULATED,845,3031880,FAULT,2,-0.000000,0.00000,7.4000,0.0000,25.00,25.00,0.00000,0.00000,0,520,0,500,0,0,0,0,20,0,520,0,0,0,0,0,0,0,0,600,600,600,100,100,0.00000,0.00000,9.80665,0.000000,0.00000,-0.00000,0.00000,0.00000,9.80665,0.000000,0.000000,0.000000,2,1,0,1,1,1,0,0,0,0
2026-09-21T05:52:50.722257+00:00,621089416,SIMULATED,846,3034284,FAULT,2,-0.000000,0.00000,7.4000,0.0000,25.00,25.00,0.00000,0.00000,0,520,0,500,0,0,0,0,20,0,520,0,0,0,0,0,0,0,0,600,600,600,100,100,0.00000,0.00000,9.80665,0.000000,0.00000,-0.00000,0.00000,0.00000,9.80665,0.000000,0.000000,0.000000,2,1,0,1,1,1,0,0,0,0
2026-09-21T05:52:50.722302+00:00,621133666,SIMULATED,847,3036688,FAULT,2,-0.000000,0.00000,7.4000,0.0000,25.00,25.00,0.00000,0.00000,0,520,0,500,0,0,0,0,20,0,520,0,0,0,0,0,0,0,0,600,600,600,100,100,0.00000,0.00000,9.80665,0.000000,0.00000,-0.00000,0.00000,0.00000,9.80665,0.000000,0.000000,0.000000,2,1,0,1,1,1,0,0,0,0
2026-09-21T05:52:50.722346+00:00,621178458,SIMULATED,848,3039092,FAULT,2,-0.000000,0.00000,7.4000,0.0000,25.00,25.00,0.00000,0.00000,0,520,0,500,0,0,0,0,20,0,520,0,0,0,0,0,0,0,0,600,600,600,100,100,0.00000,0.00000,9.80665,0.000000,0.00000,-0.00000,0.00000,0.00000,9.80665,0.000000,0.000000,0.000000,2,1,0,1,1,1,0,0,0,0
2026-09-21T05:52:50.722393+00:00,621224875,SIMULATED,849,3041496,FAULT,2,-0.000000,0.00000,7.4000,0.0000,25.00,25.00,0.00000,0.00000,0,520,0,500,0,0,0,0,20,0,520,0,0,0,0,0,0,0,0,600,600,600,100,100,0.00000,0.00000,9.80665,0.000000,0.00000,-0.00000,0.00000,0.00000,9.80665,0.000000,0.000000,0.000000,2,1,0,1,1,1,0,0,0,0
2026-09-21T05:52:50.722437+00:00,621269291,SIMULATED,850,3043900,FAULT,2,-0.000000,0.00000,7.4000,0.0000,25.00,25.00,0.00000,0.00000,0,520,0,500,0,0,0,0,20,0,520,0,0,0,0,0,0,0,0,600,600,600,100,100,0.00000,0.00000,9.80665,0.000000,0.00000,-0.00000,0.00000,0.00000,9.80665,0.000000,0.000000,0.000000,2,1,0,1,1,1,0,0,0,0
2026-09-21T05:52:50.722481+00:00,621312708,SIMULATED,851,3046304,FAULT,2,-0.000000,0.00000,7.4000,0.0000,25.00,25.00,0.00000,0.00000,0,520,0,500,0,0,0,0,20,0,520,0,0,0,0,0,0,0,0,600,600,600,100,100,0.00000,0.00000,9.80665,0.000000,0.00000,-0.00000,0.00000,0.00000,9.80665,0.000000,0.000000,0.000000,2,1,0,1,1,1,0,0,0,0
2026-09-21T05:52:50.722526+00:00,621357833,SIMULATED,852,3048708,FAULT,2,-0.000000,0.00000,7.4000,0.0000,25.00,25.00,0.00000,0.00000,0,520,0,500,0,0,0,0,20,0,520,0,0,0,0,0,0,0,0,600,600,600,100,100,0.00000,0.00000,9.80665,0.000000,0.00000,-0.00000,0.00000,0.00000,9.80665,0.000000,0.000000,0.000000,2,1,0,1,1,1,0,0,0,0
2026-09-21T05:52:50.722573+00:00,621405291,SIMULATED,853,3051112,FAULT,2,-0.000000,0.00000,7.4000,0.0000,25.00,25.00,0.00000,0.00000,0,520,0,500,0,0,0,0,20,0,520,0,0,0,0,0,0,0,0,600,600,600,100,100,0.00000,0.00000,9.80665,0.000000,0.00000,-0.00000,0.00000,0.00000,9.80665,0.000000,0.000000,0.000000,2,1,0,1,1,1,0,0,0,0
2026-09-21T05:52:50.722618+00:00,621450458,SIMULATED,854,3053516,FAULT,2,-0.000000,0.00000,7.4000,0.0000,25.00,25.00,0.00000,0.00000,0,520,0,500,0,0,0,0,20,0,520,0,0,0,0,0,0,0,0,600,600,600,100,100,0.00000,0.00000,9.80665,0.000000,0.00000,-0.00000,0.00000,0.00000,9.80665,0.000000,0.000000,0.000000,2,1,0,1,1,1,0,0,0,0
2026-09-21T05:52:50.722669+00:00,621500916,SIMULATED,855,3055920,FAULT,2,-0.000000,0.00000,7.4000,0.0000,25.00,25.00,0.00000,0.00000,0,520,0,500,0,0,0,0,20,0,520,0,0,0,0,0,0,0,0,600,600,600,100,100,0.00000,0.00000,9.80665,0.000000,0.00000,-0.00000,0.00000,0.00000,9.80665,0.000000,0.000000,0.000000,2,1,0,1,1,1,0,0,0,0
2026-09-21T05:52:50.722713+00:00,621545500,SIMULATED,856,3058324,FAULT,2,-0.000000,0.00000,7.4000,0.0000,25.00,25.00,0.00000,0.00000,0,520,0,500,0,0,0,0,20,0,520,0,0,0,0,0,0,0,0,600,600,600,100,100,0.00000,0.00000,9.80665,0.000000,0.00000,-0.00000,0.00000,0.00000,9.80665,0.000000,0.000000,0.000000,2,1,0,1,1,1,0,0,0,0
2026-09-21T05:52:50.722758+00:00,621589666,SIMULATED,857,3060728,FAULT,2,-0.000000,0.00000,7.4000,0.0000,25.00,25.00,0.00000,0.00000,0,520,0,500,0,0,0,0,20,0,520,0,0,0,0,0,0,0,0,600,600,600,100,100,0.00000,0.00000,9.80665,0.000000,0.00000,-0.00000,0.00000,0.00000,9.80665,0.000000,0.000000,0.000000,2,1,0,1,1,1,0,0,0,0
2026-09-21T05:52:50.722802+00:00,621633791,SIMULATED,858,3063132,FAULT,2,-0.000000,0.00000,7.4000,0.0000,25.00,25.00,0.00000,0.00000,0,520,0,500,0,0,0,0,20,0,520,0,0,0,0,0,0,0,0,600,600,600,100,100,0.00000,0.00000,9.80665,0.000000,0.00000,-0.00000,0.00000,0.00000,9.80665,0.000000,0.000000,0.000000,2,1,0,1,1,1,0,0,0,0
2026-09-21T05:52:50.722846+00:00,621677875,SIMULATED,859,3065536,FAULT,2,-0.000000,0.00000,7.4000,0.0000,25.00,25.00,0.00000,0.00000,0,520,0,500,0,0,0,0,20,0,520,0,0,0,0,0,0,0,0,600,600,600,100,100,0.00000,0.00000,9.80665,0.000000,0.00000,-0.00000,0.00000,0.00000,9.80665,0.000000,0.000000,0.000000,2,1,0,1,1,1,0,0,0,0
2026-09-21T05:52:50.722890+00:00,621721625,SIMULATED,860,3067940,FAULT,2,-0.000000,0.00000,7.4000,0.0000,25.00,25.00,0.00000,0.00000,0,520,0,500,0,0,0,0,20,0,520,0,0,0,0,0,0,0,0,600,600,600,100,100,0.00000,0.00000,9.80665,0.000000,0.00000,-0.00000,0.00000,0.00000,9.80665,0.000000,0.000000,0.000000,2,1,0,1,1,1,0,0,0,0
2026-09-21T05:52:50.722935+00:00,621766916,SIMULATED,861,3070344,FAULT,2,-0.000000,0.00000,7.4000,0.0000,25.00,25.00,0.00000,0.00000,0,520,0,500,0,0,0,0,20,0,520,0,0,0,0,0,0,0,0,600,600,600,100,100,0.00000,0.00000,9.80665,0.000000,0.00000,-0.00000,0.00000,0.00000,9.80665,0.000000,0.000000,0.000000,2,1,0,1,1,1,0,0,0,0
2026-09-21T05:52:50.722982+00:00,621814208,SIMULATED,862,3072748,FAULT,2,-0.000000,0.00000,7.4000,0.0000,25.00,25.00,0.00000,0.00000,0,520,0,500,0,0,0,0,20,0,520,0,0,0,0,0,0,0,0,600,600,600,100,100,0.00000,0.00000,9.80665,0.000000,0.00000,-0.00000,0.00000,0.00000,9.80665,0.000000,0.000000,0.000000,2,1,0,1,1,1,0,0,0,0
2026-09-21T05:52:50.723026+00:00,621858250,SIMULATED,863,3075152,FAULT,2,-0.000000,0.00000,7.4000,0.0000,25.00,25.00,0.00000,0.00000,0,520,0,500,0,0,0,0,20,0,520,0,0,0,0,0,0,0,0,600,600,600,100,100,0.00000,0.00000,9.80665,0.000000,0.00000,-0.00000,0.00000,0.00000,9.80665,0.000000,0.000000,0.000000,2,1,0,1,1,1,0,0,0,0
2026-09-21T05:52:50.723070+00:00,621901958,SIMULATED,864,3077556,FAULT,2,-0.000000,0.00000,7.4000,0.0000,25.00,25.00,0.00000,0.00000,0,520,0,500,0,0,0,0,20,0,520,0,0,0,0,0,0,0,0,600,600,600,100,100,0.00000,0.00000,9.80665,0.000000,0.00000,-0.00000,0.00000,0.00000,9.80665,0.000000,0.000000,0.000000,2,1,0,1,1,1,0,0,0,0
2026-09-21T05:52:50.723116+00:00,621948291,SIMULATED,865,3079960,FAULT,2,-0.000000,0.00000,7.4000,0.0000,25.00,25.00,0.00000,0.00000,0,520,0,500,0,0,0,0,20,0,520,0,0,0,0,0,0,0,0,600,600,600,100,100,0.00000,0.00000,9.80665,0.000000,0.00000,-0.00000,0.00000,0.00000,9.80665,0.000000,0.000000,0.000000,2,1,0,1,1,1,0,0,0,0
2026-09-21T05:52:50.723163+00:00,621995083,SIMULATED,866,3082364,FAULT,2,-0.000000,0.00000,7.4000,0.0000,25.00,25.00,0.00000,0.00000,0,520,0,500,0,0,0,0,20,0,520,0,0,0,0,0,0,0,0,600,600,600,100,100,0.00000,0.00000,9.80665,0.000000,0.00000,-0.00000,0.00000,0.00000,9.80665,0.000000,0.000000,0.000000,2,1,0,1,1,1,0,0,0,0
2026-09-21T05:52:50.723212+00:00,622043625,SIMULATED,867,3084768,FAULT,2,-0.000000,0.00000,7.4000,0.0000,25.00,25.00,0.00000,0.00000,0,520,0,500,0,0,0,0,20,0,520,0,0,0,0,0,0,0,0,600,600,600,100,100,0.00000,0.00000,9.80665,0.000000,0.00000,-0.00000,0.00000,0.00000,9.80665,0.000000,0.000000,0.000000,2,1,0,1,1,1,0,0,0,0
2026-09-21T05:52:50.723255+00:00,622087125,SIMULATED,868,3087172,FAULT,2,-0.000000,0.00000,7.4000,0.0000,25.00,25.00,0.00000,0.00000,0,520,0,500,0,0,0,0,20,0,520,0,0,0,0,0,0,0,0,600,600,600,100,100,0.00000,0.00000,9.80665,0.000000,0.00000,-0.00000,0.00000,0.00000,9.80665,0.000000,0.000000,0.000000,2,1,0,1,1,1,0,0,0,0
2026-09-21T05:52:50.723301+00:00,622132708,SIMULATED,869,3089576,FAULT,2,-0.000000,0.00000,7.4000,0.0000,25.00,25.00,0.00000,0.00000,0,520,0,500,0,0,0,0,20,0,520,0,0,0,0,0,0,0,0,600,600,600,100,100,0.00000,0.00000,9.80665,0.000000,0.00000,-0.00000,0.00000,0.00000,9.80665,0.000000,0.000000,0.000000,2,1,0,1,1,1,0,0,0,0
2026-09-21T05:52:50.723345+00:00,622176958,SIMULATED,870,3091980,FAULT,2,-0.000000,0.00000,7.4000,0.0000,25.00,25.00,0.00000,0.00000,0,520,0,500,0,0,0,0,20,0,520,0,0,0,0,0,0,0,0,600,600,600,100,100,0.00000,0.00000,9.80665,0.000000,0.00000,-0.00000,0.00000,0.00000,9.80665,0.000000,0.000000,0.000000,2,1,0,1,1,1,0,0,0,0
2026-09-21T05:52:50.723389+00:00,622220583,SIMULATED,871,3094384,FAULT,2,-0.000000,0.00000,7.4000,0.0000,25.00,25.00,0.00000,0.00000,0,520,0,500,0,0,0,0,20,0,520,0,0,0,0,0,0,0,0,600,600,600,100,100,0.00000,0.00000,9.80665,0.000000,0.00000,-0.00000,0.00000,0.00000,9.80665,0.000000,0.000000,0.000000,2,1,0,1,1,1,0,0,0,0
2026-09-21T05:52:50.723432+00:00,622263916,SIMULATED,872,3096788,FAULT,2,-0.000000,0.00000,7.4000,0.0000,25.00,25.00,0.00000,0.00000,0,520,0,500,0,0,0,0,20,0,520,0,0,0,0,0,0,0,0,600,600,600,100,100,0.00000,0.00000,9.80665,0.000000,0.00000,-0.00000,0.00000,0.00000,9.80665,0.000000,0.000000,0.000000,2,1,0,1,1,1,0,0,0,0
2026-09-21T05:52:50.723478+00:00,622310583,SIMULATED,873,3099192,FAULT,2,-0.000000,0.00000,7.4000,0.0000,25.00,25.00,0.00000,0.00000,0,520,0,500,0,0,0,0,20,0,520,0,0,0,0,0,0,0,0,600,600,600,100,100,0.00000,0.00000,9.80665,0.000000,0.00000,-0.00000,0.00000,0.00000,9.80665,0.000000,0.000000,0.000000,2,1,0,1,1,1,0,0,0,0
2026-09-21T05:52:50.723522+00:00,622354125,SIMULATED,874,3101596,FAULT,2,-0.000000,0.00000,7.4000,0.0000,25.00,25.00,0.00000,0.00000,0,520,0,500,0,0,0,0,20,0,520,0,0,0,0,0,0,0,0,600,600,600,100,100,0.00000,0.00000,9.80665,0.000000,0.00000,-0.00000,0.00000,0.00000,9.80665,0.000000,0.000000,0.000000,2,1,0,1,1,1,0,0,0,0
2026-09-21T05:52:50.723568+00:00,622399958,SIMULATED,875,3104000,FAULT,2,-0.000000,0.00000,7.4000,0.0000,25.00,25.00,0.00000,0.00000,0,520,0,500,0,0,0,0,20,0,520,0,0,0,0,0,0,0,0,600,600,600,100,100,0.00000,0.00000,9.80665,0.000000,0.00000,-0.00000,0.00000,0.00000,9.80665,0.000000,0.000000,0.000000,2,1,0,1,1,1,0,0,0,0
2026-09-21T05:52:50.723611+00:00,622443250,SIMULATED,876,3106404,FAULT,2,-0.000000,0.00000,7.4000,0.0000,25.00,25.00,0.00000,0.00000,0,520,0,500,0,0,0,0,20,0,520,0,0,0,0,0,0,0,0,600,600,600,100,100,0.00000,0.00000,9.80665,0.000000,0.00000,-0.00000,0.00000,0.00000,9.80665,0.000000,0.000000,0.000000,2,1,0,1,1,1,0,0,0,0
2026-09-21T05:52:50.723655+00:00,622487541,SIMULATED,877,3108808,FAULT,2,-0.000000,0.00000,7.4000,0.0000,25.00,25.00,0.00000,0.00000,0,520,0,500,0,0,0,0,20,0,520,0,0,0,0,0,0,0,0,600,600,600,100,100,0.00000,0.00000,9.80665,0.000000,0.00000,-0.00000,0.00000,0.00000,9.80665,0.000000,0.000000,0.000000,2,1,0,1,1,1,0,0,0,0
2026-09-21T05:52:50.723702+00:00,622534291,SIMULATED,878,3111212,FAULT,2,-0.000000,0.00000,7.4000,0.0000,25.00,25.00,0.00000,0.00000,0,520,0,500,0,0,0,0,20,0,520,0,0,0,0,0,0,0,0,600,600,600,100,100,0.00000,0.00000,9.80665,0.000000,0.00000,-0.00000,0.00000,0.00000,9.80665,0.000000,0.000000,0.000000,2,1,0,1,1,1,0,0,0,0
2026-09-21T05:52:50.723748+00:00,622580333,SIMULATED,879,3113616,FAULT,2,-0.000000,0.00000,7.4000,0.0000,25.00,25.00,0.00000,0.00000,0,520,0,500,0,0,0,0,20,0,520,0,0,0,0,0,0,0,0,600,600,600,100,100,0.00000,0.00000,9.80665,0.000000,0.00000,-0.00000,0.00000,0.00000,9.80665,0.000000,0.000000,0.000000,2,1,0,1,1,1,0,0,0,0
2026-09-21T05:52:50.723792+00:00,622623666,SIMULATED,880,3116020,FAULT,2,-0.000000,0.00000,7.4000,0.0000,25.00,25.00,0.00000,0.00000,0,520,0,500,0,0,0,0,20,0,520,0,0,0,0,0,0,0,0,600,600,600,100,100,0.00000,0.00000,9.80665,0.000000,0.00000,-0.00000,0.00000,0.00000,9.80665,0.000000,0.000000,0.000000,2,1,0,1,1,1,0,0,0,0
2026-09-21T05:52:50.723835+00:00,622667041,SIMULATED,881,3118424,FAULT,2,-0.000000,0.00000,7.4000,0.0000,25.00,25.00,0.00000,0.00000,0,520,0,500,0,0,0,0,20,0,520,0,0,0,0,0,0,0,0,600,600,600,100,100,0.00000,0.00000,9.80665,0.000000,0.00000,-0.00000,0.00000,0.00000,9.80665,0.000000,0.000000,0.000000,2,1,0,1,1,1,0,0,0,0
2026-09-21T05:52:50.723879+00:00,622710791,SIMULATED,882,3120828,FAULT,2,-0.000000,0.00000,7.4000,0.0000,25.00,25.00,0.00000,0.00000,0,520,0,500,0,0,0,0,20,0,520,0,0,0,0,0,0,0,0,600,600,600,100,100,0.00000,0.00000,9.80665,0.000000,0.00000,-0.00000,0.00000,0.00000,9.80665,0.000000,0.000000,0.000000,2,1,0,1,1,1,0,0,0,0
2026-09-21T05:52:50.723922+00:00,622754250,SIMULATED,883,3123232,FAULT,2,-0.000000,0.00000,7.4000,0.0000,25.00,25.00,0.00000,0.00000,0,520,0,500,0,0,0,0,20,0,520,0,0,0,0,0,0,0,0,600,600,600,100,100,0.00000,0.00000,9.80665,0.000000,0.00000,-0.00000,0.00000,0.00000,9.80665,0.000000,0.000000,0.000000,2,1,0,1,1,1,0,0,0,0
2026-09-21T05:52:50.723966+00:00,622797833,SIMULATED,884,3125636,FAULT,2,-0.000000,0.00000,7.4000,0.0000,25.00,25.00,0.00000,0.00000,0,520,0,500,0,0,0,0,20,0,520,0,0,0,0,0,0,0,0,600,600,600,100,100,0.00000,0.00000,9.80665,0.000000,0.00000,-0.00000,0.00000,0.00000,9.80665,0.000000,0.000000,0.000000,2,1,0,1,1,1,0,0,0,0
2026-09-21T05:52:50.724017+00:00,622848666,SIMULATED,885,3128040,FAULT,2,-0.000000,0.00000,7.4000,0.0000,25.00,25.00,0.00000,0.00000,0,520,0,500,0,0,0,0,20,0,520,0,0,0,0,0,0,0,0,600,600,600,100,100,0.00000,0.00000,9.80665,0.000000,0.00000,-0.00000,0.00000,0.00000,9.80665,0.000000,0.000000,0.000000,2,1,0,1,1,1,0,0,0,0
2026-09-21T05:52:50.724062+00:00,622893625,SIMULATED,886,3130444,FAULT,2,-0.000000,0.00000,7.4000,0.0000,25.00,25.00,0.00000,0.00000,0,520,0,500,0,0,0,0,20,0,520,0,0,0,0,0,0,0,0,600,600,600,100,100,0.00000,0.00000,9.80665,0.000000,0.00000,-0.00000,0.00000,0.00000,9.80665,0.000000,0.000000,0.000000,2,1,0,1,1,1,0,0,0,0
2026-09-21T05:52:50.724108+00:00,622940333,SIMULATED,887,3132848,FAULT,2,-0.000000,0.00000,7.4000,0.0000,25.00,25.00,0.00000,0.00000,0,520,0,500,0,0,0,0,20,0,520,0,0,0,0,0,0,0,0,600,600,600,100,100,0.00000,0.00000,9.80665,0.000000,0.00000,-0.00000,0.00000,0.00000,9.80665,0.000000,0.000000,0.000000,2,1,0,1,1,1,0,0,0,0
2026-09-21T05:52:50.724152+00:00,622983916,SIMULATED,888,3135252,FAULT,2,-0.000000,0.00000,7.4000,0.0000,25.00,25.00,0.00000,0.00000,0,520,0,500,0,0,0,0,20,0,520,0,0,0,0,0,0,0,0,600,600,600,100,100,0.00000,0.00000,9.80665,0.000000,0.00000,-0.00000,0.00000,0.00000,9.80665,0.000000,0.000000,0.000000,2,1,0,1,1,1,0,0,0,0
2026-09-21T05:52:50.724195+00:00,623027333,SIMULATED,889,3137656,FAULT,2,-0.000000,0.00000,7.4000,0.0000,25.00,25.00,0.00000,0.00000,0,520,0,500,0,0,0,0,20,0,520,0,0,0,0,0,0,0,0,600,600,600,100,100,0.00000,0.00000,9.80665,0.000000,0.00000,-0.00000,0.00000,0.00000,9.80665,0.000000,0.000000,0.000000,2,1,0,1,1,1,0,0,0,0
2026-09-21T05:52:50.724239+00:00,623070875,SIMULATED,890,3140060,FAULT,2,-0.000000,0.00000,7.4000,0.0000,25.00,25.00,0.00000,0.00000,0,520,0,500,0,0,0,0,20,0,520,0,0,0,0,0,0,0,0,600,600,600,100,100,0.00000,0.00000,9.80665,0.000000,0.00000,-0.00000,0.00000,0.00000,9.80665,0.000000,0.000000,0.000000,2,1,0,1,1,1,0,0,0,0
2026-09-21T05:52:50.724287+00:00,623119291,SIMULATED,891,3142464,FAULT,2,-0.000000,0.00000,7.4000,0.0000,25.00,25.00,0.00000,0.00000,0,520,0,500,0,0,0,0,20,0,520,0,0,0,0,0,0,0,0,600,600,600,100,100,0.00000,0.00000,9.80665,0.000000,0.00000,-0.00000,0.00000,0.00000,9.80665,0.000000,0.000000,0.000000,2,1,0,1,1,1,0,0,0,0
2026-09-21T05:52:50.724331+00:00,623163541,SIMULATED,892,3144868,FAULT,2,-0.000000,0.00000,7.4000,0.0000,25.00,25.00,0.00000,0.00000,0,520,0,500,0,0,0,0,20,0,520,0,0,0,0,0,0,0,0,600,600,600,100,100,0.00000,0.00000,9.80665,0.000000,0.00000,-0.00000,0.00000,0.00000,9.80665,0.000000,0.000000,0.000000,2,1,0,1,1,1,0,0,0,0
2026-09-21T05:52:50.724375+00:00,623207333,SIMULATED,893,3147272,FAULT,2,-0.000000,0.00000,7.4000,0.0000,25.00,25.00,0.00000,0.00000,0,520,0,500,0,0,0,0,20,0,520,0,0,0,0,0,0,0,0,600,600,600,100,100,0.00000,0.00000,9.80665,0.000000,0.00000,-0.00000,0.00000,0.00000,9.80665,0.000000,0.000000,0.000000,2,1,0,1,1,1,0,0,0,0
2026-09-21T05:52:50.724419+00:00,623250958,SIMULATED,894,3149676,FAULT,2,-0.000000,0.00000,7.4000,0.0000,25.00,25.00,0.00000,0.00000,0,520,0,500,0,0,0,0,20,0,520,0,0,0,0,0,0,0,0,600,600,600,100,100,0.00000,0.00000,9.80665,0.000000,0.00000,-0.00000,0.00000,0.00000,9.80665,0.000000,0.000000,0.000000,2,1,0,1,1,1,0,0,0,0
2026-09-21T05:52:50.724463+00:00,623294625,SIMULATED,895,3152080,FAULT,2,-0.000000,0.00000,7.4000,0.0000,25.00,25.00,0.00000,0.00000,0,520,0,500,0,0,0,0,20,0,520,0,0,0,0,0,0,0,0,600,600,600,100,100,0.00000,0.00000,9.80665,0.000000,0.00000,-0.00000,0.00000,0.00000,9.80665,0.000000,0.000000,0.000000,2,1,0,1,1,1,0,0,0,0
2026-09-21T05:52:50.724508+00:00,623340416,SIMULATED,896,3154484,FAULT,2,-0.000000,0.00000,7.4000,0.0000,25.00,25.00,0.00000,0.00000,0,520,0,500,0,0,0,0,20,0,520,0,0,0,0,0,0,0,0,600,600,600,100,100,0.00000,0.00000,9.80665,0.000000,0.00000,-0.00000,0.00000,0.00000,9.80665,0.000000,0.000000,0.000000,2,1,0,1,1,1,0,0,0,0
2026-09-21T05:52:50.724554+00:00,623385666,SIMULATED,897,3156888,FAULT,2,-0.000000,0.00000,7.4000,0.0000,25.00,25.00,0.00000,0.00000,0,520,0,500,0,0,0,0,20,0,520,0,0,0,0,0,0,0,0,600,600,600,100,100,0.00000,0.00000,9.80665,0.000000,0.00000,-0.00000,0.00000,0.00000,9.80665,0.000000,0.000000,0.000000,2,1,0,1,1,1,0,0,0,0
2026-09-21T05:52:50.724597+00:00,623429000,SIMULATED,898,3159292,FAULT,2,-0.000000,0.00000,7.4000,0.0000,25.00,25.00,0.00000,0.00000,0,520,0,500,0,0,0,0,20,0,520,0,0,0,0,0,0,0,0,600,600,600,100,100,0.00000,0.00000,9.80665,0.000000,0.00000,-0.00000,0.00000,0.00000,9.80665,0.000000,0.000000,0.000000,2,1,0,1,1,1,0,0,0,0
2026-09-21T05:52:50.724642+00:00,623474541,SIMULATED,899,3161696,FAULT,2,-0.000000,0.00000,7.4000,0.0000,25.00,25.00,0.00000,0.00000,0,520,0,500,0,0,0,0,20,0,520,0,0,0,0,0,0,0,0,600,600,600,100,100,0.00000,0.00000,9.80665,0.000000,0.00000,-0.00000,0.00000,0.00000,9.80665,0.000000,0.000000,0.000000,2,1,0,1,1,1,0,0,0,0
2026-09-21T05:52:50.724686+00:00,623518333,SIMULATED,900,3164100,FAULT,2,-0.000000,0.00000,7.4000,0.0000,25.00,25.00,0.00000,0.00000,0,520,0,500,0,0,0,0,20,0,520,0,0,0,0,0,0,0,0,600,600,600,100,100,0.00000,0.00000,9.80665,0.000000,0.00000,-0.00000,0.00000,0.00000,9.80665,0.000000,0.000000,0.000000,2,1,0,1,1,1,0,0,0,0
2026-09-21T05:52:50.724730+00:00,623561833,SIMULATED,901,3166504,FAULT,2,-0.000000,0.00000,7.4000,0.0000,25.00,25.00,0.00000,0.00000,0,520,0,500,0,0,0,0,20,0,520,0,0,0,0,0,0,0,0,600,600,600,100,100,0.00000,0.00000,9.80665,0.000000,0.00000,-0.00000,0.00000,0.00000,9.80665,0.000000,0.000000,0.000000,2,1,0,1,1,1,0,0,0,0
2026-09-21T05:52:50.724773+00:00,623605041,SIMULATED,902,3168908,FAULT,2,-0.000000,0.00000,7.4000,0.0000,25.00,25.00,0.00000,0.00000,0,520,0,500,0,0,0,0,20,0,520,0,0,0,0,0,0,0,0,600,600,600,100,100,0.00000,0.00000,9.80665,0.000000,0.00000,-0.00000,0.00000,0.00000,9.80665,0.000000,0.000000,0.000000,2,1,0,1,1,1,0,0,0,0
2026-09-21T05:52:50.724819+00:00,623651250,SIMULATED,903,3171312,FAULT,2,-0.000000,0.00000,7.4000,0.0000,25.00,25.00,0.00000,0.00000,0,520,0,500,0,0,0,0,20,0,520,0,0,0,0,0,0,0,0,600,600,600,100,100,0.00000,0.00000,9.80665,0.000000,0.00000,-0.00000,0.00000,0.00000,9.80665,0.000000,0.000000,0.000000,2,1,0,1,1,1,0,0,0,0
2026-09-21T05:52:50.724865+00:00,623697041,SIMULATED,904,3173716,FAULT,2,-0.000000,0.00000,7.4000,0.0000,25.00,25.00,0.00000,0.00000,0,520,0,500,0,0,0,0,20,0,520,0,0,0,0,0,0,0,0,600,600,600,100,100,0.00000,0.00000,9.80665,0.000000,0.00000,-0.00000,0.00000,0.00000,9.80665,0.000000,0.000000,0.000000,2,1,0,1,1,1,0,0,0,0
2026-09-21T05:52:50.724907+00:00,623738708,SIMULATED,905,3176120,FAULT,2,-0.000000,0.00000,7.4000,0.0000,25.00,25.00,0.00000,0.00000,0,520,0,500,0,0,0,0,20,0,520,0,0,0,0,0,0,0,0,600,600,600,100,100,0.00000,0.00000,9.80665,0.000000,0.00000,-0.00000,0.00000,0.00000,9.80665,0.000000,0.000000,0.000000,2,1,0,1,1,1,0,0,0,0
2026-09-21T05:52:50.724950+00:00,623782041,SIMULATED,906,3178524,FAULT,2,-0.000000,0.00000,7.4000,0.0000,25.00,25.00,0.00000,0.00000,0,520,0,500,0,0,0,0,20,0,520,0,0,0,0,0,0,0,0,600,600,600,100,100,0.00000,0.00000,9.80665,0.000000,0.00000,-0.00000,0.00000,0.00000,9.80665,0.000000,0.000000,0.000000,2,1,0,1,1,1,0,0,0,0
2026-09-21T05:52:50.724993+00:00,623825333,SIMULATED,907,3180928,FAULT,2,-0.000000,0.00000,7.4000,0.0000,25.00,25.00,0.00000,0.00000,0,520,0,500,0,0,0,0,20,0,520,0,0,0,0,0,0,0,0,600,600,600,100,100,0.00000,0.00000,9.80665,0.000000,0.00000,-0.00000,0.00000,0.00000,9.80665,0.000000,0.000000,0.000000,2,1,0,1,1,1,0,0,0,0
2026-09-21T05:52:50.725035+00:00,623866708,SIMULATED,908,3183332,FAULT,2,-0.000000,0.00000,7.4000,0.0000,25.00,25.00,0.00000,0.00000,0,520,0,500,0,0,0,0,20,0,520,0,0,0,0,0,0,0,0,600,600,600,100,100,0.00000,0.00000,9.80665,0.000000,0.00000,-0.00000,0.00000,0.00000,9.80665,0.000000,0.000000,0.000000,2,1,0,1,1,1,0,0,0,0
2026-09-21T05:52:50.725078+00:00,623909833,SIMULATED,909,3185736,FAULT,2,-0.000000,0.00000,7.4000,0.0000,25.00,25.00,0.00000,0.00000,0,520,0,500,0,0,0,0,20,0,520,0,0,0,0,0,0,0,0,600,600,600,100,100,0.00000,0.00000,9.80665,0.000000,0.00000,-0.00000,0.00000,0.00000,9.80665,0.000000,0.000000,0.000000,2,1,0,1,1,1,0,0,0,0
2026-09-21T05:52:50.725158+00:00,623992625,SIMULATED,910,3188140,FAULT,2,-0.000000,0.00000,7.4000,0.0000,25.00,25.00,0.00000,0.00000,0,520,0,500,0,0,0,0,20,0,520,0,0,0,0,0,0,0,0,600,600,600,100,100,0.00000,0.00000,9.80665,0.000000,0.00000,-0.00000,0.00000,0.00000,9.80665,0.000000,0.000000,0.000000,2,1,0,1,1,1,0,0,0,0
2026-09-21T05:52:50.725220+00:00,624053375,SIMULATED,911,3190544,FAULT,2,-0.000000,0.00000,7.4000,0.0000,25.00,25.00,0.00000,0.00000,0,520,0,500,0,0,0,0,20,0,520,0,0,0,0,0,0,0,0,600,600,600,100,100,0.00000,0.00000,9.80665,0.000000,0.00000,-0.00000,0.00000,0.00000,9.80665,0.000000,0.000000,0.000000,2,1,0,1,1,1,0,0,0,0
2026-09-21T05:52:50.725270+00:00,624102541,SIMULATED,912,3192948,FAULT,2,-0.000000,0.00000,7.4000,0.0000,25.00,25.00,0.00000,0.00000,0,520,0,500,0,0,0,0,20,0,520,0,0,0,0,0,0,0,0,600,600,600,100,100,0.00000,0.00000,9.80665,0.000000,0.00000,-0.00000,0.00000,0.00000,9.80665,0.000000,0.000000,0.000000,2,1,0,1,1,1,0,0,0,0
2026-09-21T05:52:50.725318+00:00,624150375,SIMULATED,913,3195352,FAULT,2,-0.000000,0.00000,7.4000,0.0000,25.00,25.00,0.00000,0.00000,0,520,0,500,0,0,0,0,20,0,520,0,0,0,0,0,0,0,0,600,600,600,100,100,0.00000,0.00000,9.80665,0.000000,0.00000,-0.00000,0.00000,0.00000,9.80665,0.000000,0.000000,0.000000,2,1,0,1,1,1,0,0,0,0
2026-09-21T05:52:50.725363+00:00,624195333,SIMULATED,914,3197756,FAULT,2,-0.000000,0.00000,7.4000,0.0000,25.00,25.00,0.00000,0.00000,0,520,0,500,0,0,0,0,20,0,520,0,0,0,0,0,0,0,0,600,600,600,100,100,0.00000,0.00000,9.80665,0.000000,0.00000,-0.00000,0.00000,0.00000,9.80665,0.000000,0.000000,0.000000,2,1,0,1,1,1,0,0,0,0
2026-09-21T05:52:50.725411+00:00,624243125,SIMULATED,915,3200160,FAULT,2,-0.000000,0.00000,7.4000,0.0000,25.00,25.00,0.00000,0.00000,0,520,0,500,0,0,0,0,20,0,520,0,0,0,0,0,0,0,0,600,600,600,100,100,0.00000,0.00000,9.80665,0.000000,0.00000,-0.00000,0.00000,0.00000,9.80665,0.000000,0.000000,0.000000,2,1,0,1,1,1,0,0,0,0
2026-09-21T05:52:50.725460+00:00,624291791,SIMULATED,916,3202564,FAULT,2,-0.000000,0.00000,7.4000,0.0000,25.00,25.00,0.00000,0.00000,0,520,0,500,0,0,0,0,20,0,520,0,0,0,0,0,0,0,0,600,600,600,100,100,0.00000,0.00000,9.80665,0.000000,0.00000,-0.00000,0.00000,0.00000,9.80665,0.000000,0.000000,0.000000,2,1,0,1,1,1,0,0,0,0
2026-09-21T05:52:50.725507+00:00,624339166,SIMULATED,917,3204968,FAULT,2,-0.000000,0.00000,7.4000,0.0000,25.00,25.00,0.00000,0.00000,0,520,0,500,0,0,0,0,20,0,520,0,0,0,0,0,0,0,0,600,600,600,100,100,0.00000,0.00000,9.80665,0.000000,0.00000,-0.00000,0.00000,0.00000,9.80665,0.000000,0.000000,0.000000,2,1,0,1,1,1,0,0,0,0
2026-09-21T05:52:50.725552+00:00,624384333,SIMULATED,918,3207372,FAULT,2,-0.000000,0.00000,7.4000,0.0000,25.00,25.00,0.00000,0.00000,0,520,0,500,0,0,0,0,20,0,520,0,0,0,0,0,0,0,0,600,600,600,100,100,0.00000,0.00000,9.80665,0.000000,0.00000,-0.00000,0.00000,0.00000,9.80665,0.000000,0.000000,0.000000,2,1,0,1,1,1,0,0,0,0
2026-09-21T05:52:50.725595+00:00,624426916,SIMULATED,919,3209776,FAULT,2,-0.000000,0.00000,7.4000,0.0000,25.00,25.00,0.00000,0.00000,0,520,0,500,0,0,0,0,20,0,520,0,0,0,0,0,0,0,0,600,600,600,100,100,0.00000,0.00000,9.80665,0.000000,0.00000,-0.00000,0.00000,0.00000,9.80665,0.000000,0.000000,0.000000,2,1,0,1,1,1,0,0,0,0
2026-09-21T05:52:50.725638+00:00,624469791,SIMULATED,920,3212180,FAULT,2,-0.000000,0.00000,7.4000,0.0000,25.00,25.00,0.00000,0.00000,0,520,0,500,0,0,0,0,20,0,520,0,0,0,0,0,0,0,0,600,600,600,100,100,0.00000,0.00000,9.80665,0.000000,0.00000,-0.00000,0.00000,0.00000,9.80665,0.000000,0.000000,0.000000,2,1,0,1,1,1,0,0,0,0
2026-09-21T05:52:50.725682+00:00,624514583,SIMULATED,921,3214584,FAULT,2,-0.000000,0.00000,7.4000,0.0000,25.00,25.00,0.00000,0.00000,0,520,0,500,0,0,0,0,20,0,520,0,0,0,0,0,0,0,0,600,600,600,100,100,0.00000,0.00000,9.80665,0.000000,0.00000,-0.00000,0.00000,0.00000,9.80665,0.000000,0.000000,0.000000,2,1,0,1,1,1,0,0,0,0
2026-09-21T05:52:50.725725+00:00,624557458,SIMULATED,922,3216988,FAULT,2,-0.000000,0.00000,7.4000,0.0000,25.00,25.00,0.00000,0.00000,0,520,0,500,0,0,0,0,20,0,520,0,0,0,0,0,0,0,0,600,600,600,100,100,0.00000,0.00000,9.80665,0.000000,0.00000,-0.00000,0.00000,0.00000,9.80665,0.000000,0.000000,0.000000,2,1,0,1,1,1,0,0,0,0
2026-09-21T05:52:50.725768+00:00,624599750,SIMULATED,923,3219392,FAULT,2,-0.000000,0.00000,7.4000,0.0000,25.00,25.00,0.00000,0.00000,0,520,0,500,0,0,0,0,20,0,520,0,0,0,0,0,0,0,0,600,600,600,100,100,0.00000,0.00000,9.80665,0.000000,0.00000,-0.00000,0.00000,0.00000,9.80665,0.000000,0.000000,0.000000,2,1,0,1,1,1,0,0,0,0
2026-09-21T05:52:50.725810+00:00,624642208,SIMULATED,924,3221796,FAULT,2,-0.000000,0.00000,7.4000,0.0000,25.00,25.00,0.00000,0.00000,0,520,0,500,0,0,0,0,20,0,520,0,0,0,0,0,0,0,0,600,600,600,100,100,0.00000,0.00000,9.80665,0.000000,0.00000,-0.00000,0.00000,0.00000,9.80665,0.000000,0.000000,0.000000,2,1,0,1,1,1,0,0,0,0
2026-09-21T05:52:50.725852+00:00,624684166,SIMULATED,925,3224200,FAULT,2,-0.000000,0.00000,7.4000,0.0000,25.00,25.00,0.00000,0.00000,0,520,0,500,0,0,0,0,20,0,520,0,0,0,0,0,0,0,0,600,600,600,100,100,0.00000,0.00000,9.80665,0.000000,0.00000,-0.00000,0.00000,0.00000,9.80665,0.000000,0.000000,0.000000,2,1,0,1,1,1,0,0,0,0
2026-09-21T05:52:50.725899+00:00,624730750,SIMULATED,926,3226604,FAULT,2,-0.000000,0.00000,7.4000,0.0000,25.00,25.00,0.00000,0.00000,0,520,0,500,0,0,0,0,20,0,520,0,0,0,0,0,0,0,0,600,600,600,100,100,0.00000,0.00000,9.80665,0.000000,0.00000,-0.00000,0.00000,0.00000,9.80665,0.000000,0.000000,0.000000,2,1,0,1,1,1,0,0,0,0
2026-09-21T05:52:50.725943+00:00,624775416,SIMULATED,927,3229008,FAULT,2,-0.000000,0.00000,7.4000,0.0000,25.00,25.00,0.00000,0.00000,0,520,0,500,0,0,0,0,20,0,520,0,0,0,0,0,0,0,0,600,600,600,100,100,0.00000,0.00000,9.80665,0.000000,0.00000,-0.00000,0.00000,0.00000,9.80665,0.000000,0.000000,0.000000,2,1,0,1,1,1,0,0,0,0
2026-09-21T05:52:50.725986+00:00,624817916,SIMULATED,928,3231412,FAULT,2,-0.000000,0.00000,7.4000,0.0000,25.00,25.00,0.00000,0.00000,0,520,0,500,0,0,0,0,20,0,520,0,0,0,0,0,0,0,0,600,600,600,100,100,0.00000,0.00000,9.80665,0.000000,0.00000,-0.00000,0.00000,0.00000,9.80665,0.000000,0.000000,0.000000,2,1,0,1,1,1,0,0,0,0
2026-09-21T05:52:50.726028+00:00,624860250,SIMULATED,929,3233816,FAULT,2,-0.000000,0.00000,7.4000,0.0000,25.00,25.00,0.00000,0.00000,0,520,0,500,0,0,0,0,20,0,520,0,0,0,0,0,0,0,0,600,600,600,100,100,0.00000,0.00000,9.80665,0.000000,0.00000,-0.00000,0.00000,0.00000,9.80665,0.000000,0.000000,0.000000,2,1,0,1,1,1,0,0,0,0
2026-09-21T05:52:50.726077+00:00,624908958,SIMULATED,930,3236220,FAULT,2,-0.000000,0.00000,7.4000,0.0000,25.00,25.00,0.00000,0.00000,0,520,0,500,0,0,0,0,20,0,520,0,0,0,0,0,0,0,0,600,600,600,100,100,0.00000,0.00000,9.80665,0.000000,0.00000,-0.00000,0.00000,0.00000,9.80665,0.000000,0.000000,0.000000,2,1,0,1,1,1,0,0,0,0
2026-09-21T05:52:50.726120+00:00,624951833,SIMULATED,931,3238624,FAULT,2,-0.000000,0.00000,7.4000,0.0000,25.00,25.00,0.00000,0.00000,0,520,0,500,0,0,0,0,20,0,520,0,0,0,0,0,0,0,0,600,600,600,100,100,0.00000,0.00000,9.80665,0.000000,0.00000,-0.00000,0.00000,0.00000,9.80665,0.000000,0.000000,0.000000,2,1,0,1,1,1,0,0,0,0
2026-09-21T05:52:50.726162+00:00,624994041,SIMULATED,932,3241028,FAULT,2,-0.000000,0.00000,7.4000,0.0000,25.00,25.00,0.00000,0.00000,0,520,0,500,0,0,0,0,20,0,520,0,0,0,0,0,0,0,0,600,600,600,100,100,0.00000,0.00000,9.80665,0.000000,0.00000,-0.00000,0.00000,0.00000,9.80665,0.000000,0.000000,0.000000,2,1,0,1,1,1,0,0,0,0
2026-09-21T05:52:50.726206+00:00,625038375,SIMULATED,933,3243432,FAULT,2,-0.000000,0.00000,7.4000,0.0000,25.00,25.00,0.00000,0.00000,0,520,0,500,0,0,0,0,20,0,520,0,0,0,0,0,0,0,0,600,600,600,100,100,0.00000,0.00000,9.80665,0.000000,0.00000,-0.00000,0.00000,0.00000,9.80665,0.000000,0.000000,0.000000,2,1,0,1,1,1,0,0,0,0
2026-09-21T05:52:50.726248+00:00,625080541,SIMULATED,934,3245836,FAULT,2,-0.000000,0.00000,7.4000,0.0000,25.00,25.00,0.00000,0.00000,0,520,0,500,0,0,0,0,20,0,520,0,0,0,0,0,0,0,0,600,600,600,100,100,0.00000,0.00000,9.80665,0.000000,0.00000,-0.00000,0.00000,0.00000,9.80665,0.000000,0.000000,0.000000,2,1,0,1,1,1,0,0,0,0
2026-09-21T05:52:50.726291+00:00,625122625,SIMULATED,935,3248240,FAULT,2,-0.000000,0.00000,7.4000,0.0000,25.00,25.00,0.00000,0.00000,0,520,0,500,0,0,0,0,20,0,520,0,0,0,0,0,0,0,0,600,600,600,100,100,0.00000,0.00000,9.80665,0.000000,0.00000,-0.00000,0.00000,0.00000,9.80665,0.000000,0.000000,0.000000,2,1,0,1,1,1,0,0,0,0
2026-09-21T05:52:50.726337+00:00,625168958,SIMULATED,936,3250644,FAULT,2,-0.000000,0.00000,7.4000,0.0000,25.00,25.00,0.00000,0.00000,0,520,0,500,0,0,0,0,20,0,520,0,0,0,0,0,0,0,0,600,600,600,100,100,0.00000,0.00000,9.80665,0.000000,0.00000,-0.00000,0.00000,0.00000,9.80665,0.000000,0.000000,0.000000,2,1,0,1,1,1,0,0,0,0
2026-09-21T05:52:50.726379+00:00,625210833,SIMULATED,937,3253048,FAULT,2,-0.000000,0.00000,7.4000,0.0000,25.00,25.00,0.00000,0.00000,0,520,0,500,0,0,0,0,20,0,520,0,0,0,0,0,0,0,0,600,600,600,100,100,0.00000,0.00000,9.80665,0.000000,0.00000,-0.00000,0.00000,0.00000,9.80665,0.000000,0.000000,0.000000,2,1,0,1,1,1,0,0,0,0
2026-09-21T05:52:50.726421+00:00,625252875,SIMULATED,938,3255452,FAULT,2,-0.000000,0.00000,7.4000,0.0000,25.00,25.00,0.00000,0.00000,0,520,0,500,0,0,0,0,20,0,520,0,0,0,0,0,0,0,0,600,600,600,100,100,0.00000,0.00000,9.80665,0.000000,0.00000,-0.00000,0.00000,0.00000,9.80665,0.000000,0.000000,0.000000,2,1,0,1,1,1,0,0,0,0
2026-09-21T05:52:50.726465+00:00,625296666,SIMULATED,939,3257856,FAULT,2,-0.000000,0.00000,7.4000,0.0000,25.00,25.00,0.00000,0.00000,0,520,0,500,0,0,0,0,20,0,520,0,0,0,0,0,0,0,0,600,600,600,100,100,0.00000,0.00000,9.80665,0.000000,0.00000,-0.00000,0.00000,0.00000,9.80665,0.000000,0.000000,0.000000,2,1,0,1,1,1,0,0,0,0
2026-09-21T05:52:50.726507+00:00,625338708,SIMULATED,940,3260260,FAULT,2,-0.000000,0.00000,7.4000,0.0000,25.00,25.00,0.00000,0.00000,0,520,0,500,0,0,0,0,20,0,520,0,0,0,0,0,0,0,0,600,600,600,100,100,0.00000,0.00000,9.80665,0.000000,0.00000,-0.00000,0.00000,0.00000,9.80665,0.000000,0.000000,0.000000,2,1,0,1,1,1,0,0,0,0
2026-09-21T05:52:50.726549+00:00,625380875,SIMULATED,941,3262664,FAULT,2,-0.000000,0.00000,7.4000,0.0000,25.00,25.00,0.00000,0.00000,0,520,0,500,0,0,0,0,20,0,520,0,0,0,0,0,0,0,0,600,600,600,100,100,0.00000,0.00000,9.80665,0.000000,0.00000,-0.00000,0.00000,0.00000,9.80665,0.000000,0.000000,0.000000,2,1,0,1,1,1,0,0,0,0
2026-09-21T05:52:50.726593+00:00,625425000,SIMULATED,942,3265068,FAULT,2,-0.000000,0.00000,7.4000,0.0000,25.00,25.00,0.00000,0.00000,0,520,0,500,0,0,0,0,20,0,520,0,0,0,0,0,0,0,0,600,600,600,100,100,0.00000,0.00000,9.80665,0.000000,0.00000,-0.00000,0.00000,0.00000,9.80665,0.000000,0.000000,0.000000,2,1,0,1,1,1,0,0,0,0
2026-09-21T05:52:50.726635+00:00,625466875,SIMULATED,943,3267472,FAULT,2,-0.000000,0.00000,7.4000,0.0000,25.00,25.00,0.00000,0.00000,0,520,0,500,0,0,0,0,20,0,520,0,0,0,0,0,0,0,0,600,600,600,100,100,0.00000,0.00000,9.80665,0.000000,0.00000,-0.00000,0.00000,0.00000,9.80665,0.000000,0.000000,0.000000,2,1,0,1,1,1,0,0,0,0
2026-09-21T05:52:50.726677+00:00,625508708,SIMULATED,944,3269876,FAULT,2,-0.000000,0.00000,7.4000,0.0000,25.00,25.00,0.00000,0.00000,0,520,0,500,0,0,0,0,20,0,520,0,0,0,0,0,0,0,0,600,600,600,100,100,0.00000,0.00000,9.80665,0.000000,0.00000,-0.00000,0.00000,0.00000,9.80665,0.000000,0.000000,0.000000,2,1,0,1,1,1,0,0,0,0
2026-09-21T05:52:50.726720+00:00,625552458,SIMULATED,945,3272280,FAULT,2,-0.000000,0.00000,7.4000,0.0000,25.00,25.00,0.00000,0.00000,0,520,0,500,0,0,0,0,20,0,520,0,0,0,0,0,0,0,0,600,600,600,100,100,0.00000,0.00000,9.80665,0.000000,0.00000,-0.00000,0.00000,0.00000,9.80665,0.000000,0.000000,0.000000,2,1,0,1,1,1,0,0,0,0
2026-09-21T05:52:50.726765+00:00,625596833,SIMULATED,946,3274684,FAULT,2,-0.000000,0.00000,7.4000,0.0000,25.00,25.00,0.00000,0.00000,0,520,0,500,0,0,0,0,20,0,520,0,0,0,0,0,0,0,0,600,600,600,100,100,0.00000,0.00000,9.80665,0.000000,0.00000,-0.00000,0.00000,0.00000,9.80665,0.000000,0.000000,0.000000,2,1,0,1,1,1,0,0,0,0
2026-09-21T05:52:50.726807+00:00,625639125,SIMULATED,947,3277088,FAULT,2,-0.000000,0.00000,7.4000,0.0000,25.00,25.00,0.00000,0.00000,0,520,0,500,0,0,0,0,20,0,520,0,0,0,0,0,0,0,0,600,600,600,100,100,0.00000,0.00000,9.80665,0.000000,0.00000,-0.00000,0.00000,0.00000,9.80665,0.000000,0.000000,0.000000,2,1,0,1,1,1,0,0,0,0
2026-09-21T05:52:50.726849+00:00,625680750,SIMULATED,948,3279492,FAULT,2,-0.000000,0.00000,7.4000,0.0000,25.00,25.00,0.00000,0.00000,0,520,0,500,0,0,0,0,20,0,520,0,0,0,0,0,0,0,0,600,600,600,100,100,0.00000,0.00000,9.80665,0.000000,0.00000,-0.00000,0.00000,0.00000,9.80665,0.000000,0.000000,0.000000,2,1,0,1,1,1,0,0,0,0
2026-09-21T05:52:50.726892+00:00,625724333,SIMULATED,949,3281896,FAULT,2,-0.000000,0.00000,7.4000,0.0000,25.00,25.00,0.00000,0.00000,0,520,0,500,0,0,0,0,20,0,520,0,0,0,0,0,0,0,0,600,600,600,100,100,0.00000,0.00000,9.80665,0.000000,0.00000,-0.00000,0.00000,0.00000,9.80665,0.000000,0.000000,0.000000,2,1,0,1,1,1,0,0,0,0
2026-09-21T05:52:50.726934+00:00,625766375,SIMULATED,950,3284300,FAULT,2,-0.000000,0.00000,7.4000,0.0000,25.00,25.00,0.00000,0.00000,0,520,0,500,0,0,0,0,20,0,520,0,0,0,0,0,0,0,0,600,600,600,100,100,0.00000,0.00000,9.80665,0.000000,0.00000,-0.00000,0.00000,0.00000,9.80665,0.000000,0.000000,0.000000,2,1,0,1,1,1,0,0,0,0
2026-09-21T05:52:50.726978+00:00,625809833,SIMULATED,951,3286704,FAULT,2,-0.000000,0.00000,7.4000,0.0000,25.00,25.00,0.00000,0.00000,0,520,0,500,0,0,0,0,20,0,520,0,0,0,0,0,0,0,0,600,600,600,100,100,0.00000,0.00000,9.80665,0.000000,0.00000,-0.00000,0.00000,0.00000,9.80665,0.000000,0.000000,0.000000,2,1,0,1,1,1,0,0,0,0
2026-09-21T05:52:50.727020+00:00,625851666,SIMULATED,952,3289108,FAULT,2,-0.000000,0.00000,7.4000,0.0000,25.00,25.00,0.00000,0.00000,0,520,0,500,0,0,0,0,20,0,520,0,0,0,0,0,0,0,0,600,600,600,100,100,0.00000,0.00000,9.80665,0.000000,0.00000,-0.00000,0.00000,0.00000,9.80665,0.000000,0.000000,0.000000,2,1,0,1,1,1,0,0,0,0
2026-09-21T05:52:50.727061+00:00,625893291,SIMULATED,953,3291512,FAULT,2,-0.000000,0.00000,7.4000,0.0000,25.00,25.00,0.00000,0.00000,0,520,0,500,0,0,0,0,20,0,520,0,0,0,0,0,0,0,0,600,600,600,100,100,0.00000,0.00000,9.80665,0.000000,0.00000,-0.00000,0.00000,0.00000,9.80665,0.000000,0.000000,0.000000,2,1,0,1,1,1,0,0,0,0
2026-09-21T05:52:50.727103+00:00,625935208,SIMULATED,954,3293916,FAULT,2,-0.000000,0.00000,7.4000,0.0000,25.00,25.00,0.00000,0.00000,0,520,0,500,0,0,0,0,20,0,520,0,0,0,0,0,0,0,0,600,600,600,100,100,0.00000,0.00000,9.80665,0.000000,0.00000,-0.00000,0.00000,0.00000,9.80665,0.000000,0.000000,0.000000,2,1,0,1,1,1,0,0,0,0
2026-09-21T05:52:50.727147+00:00,625979250,SIMULATED,955,3296320,FAULT,2,-0.000000,0.00000,7.4000,0.0000,25.00,25.00,0.00000,0.00000,0,520,0,500,0,0,0,0,20,0,520,0,0,0,0,0,0,0,0,600,600,600,100,100,0.00000,0.00000,9.80665,0.000000,0.00000,-0.00000,0.00000,0.00000,9.80665,0.000000,0.000000,0.000000,2,1,0,1,1,1,0,0,0,0
2026-09-21T05:52:50.727191+00:00,626023375,SIMULATED,956,3298724,FAULT,2,-0.000000,0.00000,7.4000,0.0000,25.00,25.00,0.00000,0.00000,0,520,0,500,0,0,0,0,20,0,520,0,0,0,0,0,0,0,0,600,600,600,100,100,0.00000,0.00000,9.80665,0.000000,0.00000,-0.00000,0.00000,0.00000,9.80665,0.000000,0.000000,0.000000,2,1,0,1,1,1,0,0,0,0
2026-09-21T05:52:50.727235+00:00,626067250,SIMULATED,957,3301128,FAULT,2,-0.000000,0.00000,7.4000,0.0000,25.00,25.00,0.00000,0.00000,0,520,0,500,0,0,0,0,20,0,520,0,0,0,0,0,0,0,0,600,600,600,100,100,0.00000,0.00000,9.80665,0.000000,0.00000,-0.00000,0.00000,0.00000,9.80665,0.000000,0.000000,0.000000,2,1,0,1,1,1,0,0,0,0
2026-09-21T05:52:50.727277+00:00,626109416,SIMULATED,958,3303532,FAULT,2,-0.000000,0.00000,7.4000,0.0000,25.00,25.00,0.00000,0.00000,0,520,0,500,0,0,0,0,20,0,520,0,0,0,0,0,0,0,0,600,600,600,100,100,0.00000,0.00000,9.80665,0.000000,0.00000,-0.00000,0.00000,0.00000,9.80665,0.000000,0.000000,0.000000,2,1,0,1,1,1,0,0,0,0
2026-09-21T05:52:50.727319+00:00,626151208,SIMULATED,959,3305936,FAULT,2,-0.000000,0.00000,7.4000,0.0000,25.00,25.00,0.00000,0.00000,0,520,0,500,0,0,0,0,20,0,520,0,0,0,0,0,0,0,0,600,600,600,100,100,0.00000,0.00000,9.80665,0.000000,0.00000,-0.00000,0.00000,0.00000,9.80665,0.000000,0.000000,0.000000,2,1,0,1,1,1,0,0,0,0
2026-09-21T05:52:50.727364+00:00,626195708,SIMULATED,960,3308340,FAULT,2,-0.000000,0.00000,7.4000,0.0000,25.00,25.00,0.00000,0.00000,0,520,0,500,0,0,0,0,20,0,520,0,0,0,0,0,0,0,0,600,600,600,100,100,0.00000,0.00000,9.80665,0.000000,0.00000,-0.00000,0.00000,0.00000,9.80665,0.000000,0.000000,0.000000,2,1,0,1,1,1,0,0,0,0
2026-09-21T05:52:50.727406+00:00,626237666,SIMULATED,961,3310744,FAULT,2,-0.000000,0.00000,7.4000,0.0000,25.00,25.00,0.00000,0.00000,0,520,0,500,0,0,0,0,20,0,520,0,0,0,0,0,0,0,0,600,600,600,100,100,0.00000,0.00000,9.80665,0.000000,0.00000,-0.00000,0.00000,0.00000,9.80665,0.000000,0.000000,0.000000,2,1,0,1,1,1,0,0,0,0
2026-09-21T05:52:50.727447+00:00,626279416,SIMULATED,962,3313148,FAULT,2,-0.000000,0.00000,7.4000,0.0000,25.00,25.00,0.00000,0.00000,0,520,0,500,0,0,0,0,20,0,520,0,0,0,0,0,0,0,0,600,600,600,100,100,0.00000,0.00000,9.80665,0.000000,0.00000,-0.00000,0.00000,0.00000,9.80665,0.000000,0.000000,0.000000,2,1,0,1,1,1,0,0,0,0
2026-09-21T05:52:50.727492+00:00,626323791,SIMULATED,963,3315552,FAULT,2,-0.000000,0.00000,7.4000,0.0000,25.00,25.00,0.00000,0.00000,0,520,0,500,0,0,0,0,20,0,520,0,0,0,0,0,0,0,0,600,600,600,100,100,0.00000,0.00000,9.80665,0.000000,0.00000,-0.00000,0.00000,0.00000,9.80665,0.000000,0.000000,0.000000,2,1,0,1,1,1,0,0,0,0
2026-09-21T05:52:50.727533+00:00,626365416,SIMULATED,964,3317956,FAULT,2,-0.000000,0.00000,7.4000,0.0000,25.00,25.00,0.00000,0.00000,0,520,0,500,0,0,0,0,20,0,520,0,0,0,0,0,0,0,0,600,600,600,100,100,0.00000,0.00000,9.80665,0.000000,0.00000,-0.00000,0.00000,0.00000,9.80665,0.000000,0.000000,0.000000,2,1,0,1,1,1,0,0,0,0
2026-09-21T05:52:50.727575+00:00,626407333,SIMULATED,965,3320360,FAULT,2,-0.000000,0.00000,7.4000,0.0000,25.00,25.00,0.00000,0.00000,0,520,0,500,0,0,0,0,20,0,520,0,0,0,0,0,0,0,0,600,600,600,100,100,0.00000,0.00000,9.80665,0.000000,0.00000,-0.00000,0.00000,0.00000,9.80665,0.000000,0.000000,0.000000,2,1,0,1,1,1,0,0,0,0
2026-09-21T05:52:50.727621+00:00,626452708,SIMULATED,966,3322764,FAULT,2,-0.000000,0.00000,7.4000,0.0000,25.00,25.00,0.00000,0.00000,0,520,0,500,0,0,0,0,20,0,520,0,0,0,0,0,0,0,0,600,600,600,100,100,0.00000,0.00000,9.80665,0.000000,0.00000,-0.00000,0.00000,0.00000,9.80665,0.000000,0.000000,0.000000,2,1,0,1,1,1,0,0,0,0
2026-09-21T05:52:50.727664+00:00,626496125,SIMULATED,967,3325168,FAULT,2,-0.000000,0.00000,7.4000,0.0000,25.00,25.00,0.00000,0.00000,0,520,0,500,0,0,0,0,20,0,520,0,0,0,0,0,0,0,0,600,600,600,100,100,0.00000,0.00000,9.80665,0.000000,0.00000,-0.00000,0.00000,0.00000,9.80665,0.000000,0.000000,0.000000,2,1,0,1,1,1,0,0,0,0
2026-09-21T05:52:50.727712+00:00,626543750,SIMULATED,968,3327572,FAULT,2,-0.000000,0.00000,7.4000,0.0000,25.00,25.00,0.00000,0.00000,0,520,0,500,0,0,0,0,20,0,520,0,0,0,0,0,0,0,0,600,600,600,100,100,0.00000,0.00000,9.80665,0.000000,0.00000,-0.00000,0.00000,0.00000,9.80665,0.000000,0.000000,0.000000,2,1,0,1,1,1,0,0,0,0
2026-09-21T05:52:50.727756+00:00,626587875,SIMULATED,969,3329976,FAULT,2,-0.000000,0.00000,7.4000,0.0000,25.00,25.00,0.00000,0.00000,0,520,0,500,0,0,0,0,20,0,520,0,0,0,0,0,0,0,0,600,600,600,100,100,0.00000,0.00000,9.80665,0.000000,0.00000,-0.00000,0.00000,0.00000,9.80665,0.000000,0.000000,0.000000,2,1,0,1,1,1,0,0,0,0
2026-09-21T05:52:50.727798+00:00,626629875,SIMULATED,970,3332380,FAULT,2,-0.000000,0.00000,7.4000,0.0000,25.00,25.00,0.00000,0.00000,0,520,0,500,0,0,0,0,20,0,520,0,0,0,0,0,0,0,0,600,600,600,100,100,0.00000,0.00000,9.80665,0.000000,0.00000,-0.00000,0.00000,0.00000,9.80665,0.000000,0.000000,0.000000,2,1,0,1,1,1,0,0,0,0
2026-09-21T05:52:50.727840+00:00,626671625,SIMULATED,971,3334784,FAULT,2,-0.000000,0.00000,7.4000,0.0000,25.00,25.00,0.00000,0.00000,0,520,0,500,0,0,0,0,20,0,520,0,0,0,0,0,0,0,0,600,600,600,100,100,0.00000,0.00000,9.80665,0.000000,0.00000,-0.00000,0.00000,0.00000,9.80665,0.000000,0.000000,0.000000,2,1,0,1,1,1,0,0,0,0
2026-09-21T05:52:50.727882+00:00,626713625,SIMULATED,972,3337188,FAULT,2,-0.000000,0.00000,7.4000,0.0000,25.00,25.00,0.00000,0.00000,0,520,0,500,0,0,0,0,20,0,520,0,0,0,0,0,0,0,0,600,600,600,100,100,0.00000,0.00000,9.80665,0.000000,0.00000,-0.00000,0.00000,0.00000,9.80665,0.000000,0.000000,0.000000,2,1,0,1,1,1,0,0,0,0
2026-09-21T05:52:50.727923+00:00,626754958,SIMULATED,973,3339592,FAULT,2,-0.000000,0.00000,7.4000,0.0000,25.00,25.00,0.00000,0.00000,0,520,0,500,0,0,0,0,20,0,520,0,0,0,0,0,0,0,0,600,600,600,100,100,0.00000,0.00000,9.80665,0.000000,0.00000,-0.00000,0.00000,0.00000,9.80665,0.000000,0.000000,0.000000,2,1,0,1,1,1,0,0,0,0
2026-09-21T05:52:50.727967+00:00,626799166,SIMULATED,974,3341996,FAULT,2,-0.000000,0.00000,7.4000,0.0000,25.00,25.00,0.00000,0.00000,0,520,0,500,0,0,0,0,20,0,520,0,0,0,0,0,0,0,0,600,600,600,100,100,0.00000,0.00000,9.80665,0.000000,0.00000,-0.00000,0.00000,0.00000,9.80665,0.000000,0.000000,0.000000,2,1,0,1,1,1,0,0,0,0
2026-09-21T05:52:50.728011+00:00,626843500,SIMULATED,975,3344400,FAULT,2,-0.000000,0.00000,7.4000,0.0000,25.00,25.00,0.00000,0.00000,0,520,0,500,0,0,0,0,20,0,520,0,0,0,0,0,0,0,0,600,600,600,100,100,0.00000,0.00000,9.80665,0.000000,0.00000,-0.00000,0.00000,0.00000,9.80665,0.000000,0.000000,0.000000,2,1,0,1,1,1,0,0,0,0
2026-09-21T05:52:50.728056+00:00,626887750,SIMULATED,976,3346804,FAULT,2,-0.000000,0.00000,7.4000,0.0000,25.00,25.00,0.00000,0.00000,0,520,0,500,0,0,0,0,20,0,520,0,0,0,0,0,0,0,0,600,600,600,100,100,0.00000,0.00000,9.80665,0.000000,0.00000,-0.00000,0.00000,0.00000,9.80665,0.000000,0.000000,0.000000,2,1,0,1,1,1,0,0,0,0
2026-09-21T05:52:50.728097+00:00,626929333,SIMULATED,977,3349208,FAULT,2,-0.000000,0.00000,7.4000,0.0000,25.00,25.00,0.00000,0.00000,0,520,0,500,0,0,0,0,20,0,520,0,0,0,0,0,0,0,0,600,600,600,100,100,0.00000,0.00000,9.80665,0.000000,0.00000,-0.00000,0.00000,0.00000,9.80665,0.000000,0.000000,0.000000,2,1,0,1,1,1,0,0,0,0
2026-09-21T05:52:50.728139+00:00,626971083,SIMULATED,978,3351612,FAULT,2,-0.000000,0.00000,7.4000,0.0000,25.00,25.00,0.00000,0.00000,0,520,0,500,0,0,0,0,20,0,520,0,0,0,0,0,0,0,0,600,600,600,100,100,0.00000,0.00000,9.80665,0.000000,0.00000,-0.00000,0.00000,0.00000,9.80665,0.000000,0.000000,0.000000,2,1,0,1,1,1,0,0,0,0
2026-09-21T05:52:50.728181+00:00,627012875,SIMULATED,979,3354016,FAULT,2,-0.000000,0.00000,7.4000,0.0000,25.00,25.00,0.00000,0.00000,0,520,0,500,0,0,0,0,20,0,520,0,0,0,0,0,0,0,0,600,600,600,100,100,0.00000,0.00000,9.80665,0.000000,0.00000,-0.00000,0.00000,0.00000,9.80665,0.000000,0.000000,0.000000,2,1,0,1,1,1,0,0,0,0
2026-09-21T05:52:50.728222+00:00,627054416,SIMULATED,980,3356420,FAULT,2,-0.000000,0.00000,7.4000,0.0000,25.00,25.00,0.00000,0.00000,0,520,0,500,0,0,0,0,20,0,520,0,0,0,0,0,0,0,0,600,600,600,100,100,0.00000,0.00000,9.80665,0.000000,0.00000,-0.00000,0.00000,0.00000,9.80665,0.000000,0.000000,0.000000,2,1,0,1,1,1,0,0,0,0
2026-09-21T05:52:50.728270+00:00,627101625,SIMULATED,981,3358824,FAULT,2,-0.000000,0.00000,7.4000,0.0000,25.00,25.00,0.00000,0.00000,0,520,0,500,0,0,0,0,20,0,520,0,0,0,0,0,0,0,0,600,600,600,100,100,0.00000,0.00000,9.80665,0.000000,0.00000,-0.00000,0.00000,0.00000,9.80665,0.000000,0.000000,0.000000,2,1,0,1,1,1,0,0,0,0
2026-09-21T05:52:50.728311+00:00,627143541,SIMULATED,982,3361228,FAULT,2,-0.000000,0.00000,7.4000,0.0000,25.00,25.00,0.00000,0.00000,0,520,0,500,0,0,0,0,20,0,520,0,0,0,0,0,0,0,0,600,600,600,100,100,0.00000,0.00000,9.80665,0.000000,0.00000,-0.00000,0.00000,0.00000,9.80665,0.000000,0.000000,0.000000,2,1,0,1,1,1,0,0,0,0
2026-09-21T05:52:50.728353+00:00,627185375,SIMULATED,983,3363632,FAULT,2,-0.000000,0.00000,7.4000,0.0000,25.00,25.00,0.00000,0.00000,0,520,0,500,0,0,0,0,20,0,520,0,0,0,0,0,0,0,0,600,600,600,100,100,0.00000,0.00000,9.80665,0.000000,0.00000,-0.00000,0.00000,0.00000,9.80665,0.000000,0.000000,0.000000,2,1,0,1,1,1,0,0,0,0
2026-09-21T05:52:50.728395+00:00,627226916,SIMULATED,984,3366036,FAULT,2,-0.000000,0.00000,7.4000,0.0000,25.00,25.00,0.00000,0.00000,0,520,0,500,0,0,0,0,20,0,520,0,0,0,0,0,0,0,0,600,600,600,100,100,0.00000,0.00000,9.80665,0.000000,0.00000,-0.00000,0.00000,0.00000,9.80665,0.000000,0.000000,0.000000,2,1,0,1,1,1,0,0,0,0
2026-09-21T05:52:50.728437+00:00,627268625,SIMULATED,985,3368440,FAULT,2,-0.000000,0.00000,7.4000,0.0000,25.00,25.00,0.00000,0.00000,0,520,0,500,0,0,0,0,20,0,520,0,0,0,0,0,0,0,0,600,600,600,100,100,0.00000,0.00000,9.80665,0.000000,0.00000,-0.00000,0.00000,0.00000,9.80665,0.000000,0.000000,0.000000,2,1,0,1,1,1,0,0,0,0
2026-09-21T05:52:50.728478+00:00,627310291,SIMULATED,986,3370844,FAULT,2,-0.000000,0.00000,7.4000,0.0000,25.00,25.00,0.00000,0.00000,0,520,0,500,0,0,0,0,20,0,520,0,0,0,0,0,0,0,0,600,600,600,100,100,0.00000,0.00000,9.80665,0.000000,0.00000,-0.00000,0.00000,0.00000,9.80665,0.000000,0.000000,0.000000,2,1,0,1,1,1,0,0,0,0
2026-09-21T05:52:50.728524+00:00,627356291,SIMULATED,987,3373248,FAULT,2,-0.000000,0.00000,7.4000,0.0000,25.00,25.00,0.00000,0.00000,0,520,0,500,0,0,0,0,20,0,520,0,0,0,0,0,0,0,0,600,600,600,100,100,0.00000,0.00000,9.80665,0.000000,0.00000,-0.00000,0.00000,0.00000,9.80665,0.000000,0.000000,0.000000,2,1,0,1,1,1,0,0,0,0
2026-09-21T05:52:50.728566+00:00,627398166,SIMULATED,988,3375652,FAULT,2,-0.000000,0.00000,7.4000,0.0000,25.00,25.00,0.00000,0.00000,0,520,0,500,0,0,0,0,20,0,520,0,0,0,0,0,0,0,0,600,600,600,100,100,0.00000,0.00000,9.80665,0.000000,0.00000,-0.00000,0.00000,0.00000,9.80665,0.000000,0.000000,0.000000,2,1,0,1,1,1,0,0,0,0
2026-09-21T05:52:50.728608+00:00,627440500,SIMULATED,989,3378056,FAULT,2,-0.000000,0.00000,7.4000,0.0000,25.00,25.00,0.00000,0.00000,0,520,0,500,0,0,0,0,20,0,520,0,0,0,0,0,0,0,0,600,600,600,100,100,0.00000,0.00000,9.80665,0.000000,0.00000,-0.00000,0.00000,0.00000,9.80665,0.000000,0.000000,0.000000,2,1,0,1,1,1,0,0,0,0
2026-09-21T05:52:50.728655+00:00,627487500,SIMULATED,990,3380460,FAULT,2,-0.000000,0.00000,7.4000,0.0000,25.00,25.00,0.00000,0.00000,0,520,0,500,0,0,0,0,20,0,520,0,0,0,0,0,0,0,0,600,600,600,100,100,0.00000,0.00000,9.80665,0.000000,0.00000,-0.00000,0.00000,0.00000,9.80665,0.000000,0.000000,0.000000,2,1,0,1,1,1,0,0,0,0
2026-09-21T05:52:50.728698+00:00,627530416,SIMULATED,991,3382864,FAULT,2,-0.000000,0.00000,7.4000,0.0000,25.00,25.00,0.00000,0.00000,0,520,0,500,0,0,0,0,20,0,520,0,0,0,0,0,0,0,0,600,600,600,100,100,0.00000,0.00000,9.80665,0.000000,0.00000,-0.00000,0.00000,0.00000,9.80665,0.000000,0.000000,0.000000,2,1,0,1,1,1,0,0,0,0
2026-09-21T05:52:50.728740+00:00,627572291,SIMULATED,992,3385268,FAULT,2,-0.000000,0.00000,7.4000,0.0000,25.00,25.00,0.00000,0.00000,0,520,0,500,0,0,0,0,20,0,520,0,0,0,0,0,0,0,0,600,600,600,100,100,0.00000,0.00000,9.80665,0.000000,0.00000,-0.00000,0.00000,0.00000,9.80665,0.000000,0.000000,0.000000,2,1,0,1,1,1,0,0,0,0
2026-09-21T05:52:50.728785+00:00,627616791,SIMULATED,993,3387672,FAULT,2,-0.000000,0.00000,7.4000,0.0000,25.00,25.00,0.00000,0.00000,0,520,0,500,0,0,0,0,20,0,520,0,0,0,0,0,0,0,0,600,600,600,100,100,0.00000,0.00000,9.80665,0.000000,0.00000,-0.00000,0.00000,0.00000,9.80665,0.000000,0.000000,0.000000,2,1,0,1,1,1,0,0,0,0
2026-09-21T05:52:50.728829+00:00,627661125,SIMULATED,994,3390076,FAULT,2,-0.000000,0.00000,7.4000,0.0000,25.00,25.00,0.00000,0.00000,0,520,0,500,0,0,0,0,20,0,520,0,0,0,0,0,0,0,0,600,600,600,100,100,0.00000,0.00000,9.80665,0.000000,0.00000,-0.00000,0.00000,0.00000,9.80665,0.000000,0.000000,0.000000,2,1,0,1,1,1,0,0,0,0
2026-09-21T05:52:50.728871+00:00,627703166,SIMULATED,995,3392480,FAULT,2,-0.000000,0.00000,7.4000,0.0000,25.00,25.00,0.00000,0.00000,0,520,0,500,0,0,0,0,20,0,520,0,0,0,0,0,0,0,0,600,600,600,100,100,0.00000,0.00000,9.80665,0.000000,0.00000,-0.00000,0.00000,0.00000,9.80665,0.000000,0.000000,0.000000,2,1,0,1,1,1,0,0,0,0
2026-09-21T05:52:50.728913+00:00,627745166,SIMULATED,996,3394884,FAULT,2,-0.000000,0.00000,7.4000,0.0000,25.00,25.00,0.00000,0.00000,0,520,0,500,0,0,0,0,20,0,520,0,0,0,0,0,0,0,0,600,600,600,100,100,0.00000,0.00000,9.80665,0.000000,0.00000,-0.00000,0.00000,0.00000,9.80665,0.000000,0.000000,0.000000,2,1,0,1,1,1,0,0,0,0
2026-09-21T05:52:50.728957+00:00,627789291,SIMULATED,997,3397288,FAULT,2,-0.000000,0.00000,7.4000,0.0000,25.00,25.00,0.00000,0.00000,0,520,0,500,0,0,0,0,20,0,520,0,0,0,0,0,0,0,0,600,600,600,100,100,0.00000,0.00000,9.80665,0.000000,0.00000,-0.00000,0.00000,0.00000,9.80665,0.000000,0.000000,0.000000,2,1,0,1,1,1,0,0,0,0
2026-09-21T05:52:50.729000+00:00,627831750,SIMULATED,998,3399692,FAULT,2,-0.000000,0.00000,7.4000,0.0000,25.00,25.00,0.00000,0.00000,0,520,0,500,0,0,0,0,20,0,520,0,0,0,0,0,0,0,0,600,600,600,100,100,0.00000,0.00000,9.80665,0.000000,0.00000,-0.00000,0.00000,0.00000,9.80665,0.000000,0.000000,0.000000,2,1,0,1,1,1,0,0,0,0
2026-09-21T05:52:50.729045+00:00,627877000,SIMULATED,999,3402096,FAULT,2,-0.000000,0.00000,7.4000,0.0000,25.00,25.00,0.00000,0.00000,0,520,0,500,0,0,0,0,20,0,520,0,0,0,0,0,0,0,0,600,600,600,100,100,0.00000,0.00000,9.80665,0.000000,0.00000,-0.00000,0.00000,0.00000,9.80665,0.000000,0.000000,0.000000,2,1,0,1,1,1,0,0,0,0
2026-09-21T05:52:50.729087+00:00,627918916,SIMULATED,1000,3404500,FAULT,2,-0.000000,0.00000,7.4000,0.0000,25.00,25.00,0.00000,0.00000,0,520,0,500,0,0,0,0,20,0,520,0,0,0,0,0,0,0,0,600,600,600,100,100,0.00000,0.00000,9.80665,0.000000,0.00000,-0.00000,0.00000,0.00000,9.80665,0.000000,0.000000,0.000000,2,1,0,1,1,1,0,0,0,0
