board,type,uuid,before,after
MORI_power_P5R5,tracks,4f3c7a8b-950a-45b3-83c0-801219b41b80,"{""uuid"": ""4f3c7a8b-950a-45b3-83c0-801219b41b80"", ""net"": ""/+5V_CAM"", ""layer"": ""F.Cu"", ""a"": [10.0, 38.475], ""z"": [10.0, 40.525], ""width"": 0.8, ""length"": 2.049999999999997}",
MORI_power_P5R5,tracks,eafff13b-dc62-4a47-9160-d81d99946fde,,"{""uuid"": ""eafff13b-dc62-4a47-9160-d81d99946fde"", ""net"": ""/M5_EN"", ""layer"": ""B.Cu"", ""a"": [31.0, 29.1], ""z"": [28.1, 29.1], ""width"": 0.2, ""length"": 2.8999999999999986}"
MORI_power_P5R5,tracks,2e2e0aad-2dce-4796-8eb7-f88b249a4d21,"{""uuid"": ""2e2e0aad-2dce-4796-8eb7-f88b249a4d21"", ""net"": ""/WHEEL_ADC"", ""layer"": ""F.Cu"", ""a"": [35.864799, 8.8392], ""z"": [21.2344, 8.8392], ""width"": 0.2, ""length"": 14.630398999999997}",
MORI_power_P5R5,tracks,61e65850-2fa6-4800-96c1-5d4f929174ab,,"{""uuid"": ""61e65850-2fa6-4800-96c1-5d4f929174ab"", ""net"": ""/M5_VIN"", ""layer"": ""B.Cu"", ""a"": [28.98, 27.3], ""z"": [28.38, 27.9], ""width"": 0.6, ""length"": 0.8485281374238566}"
MORI_power_P5R5,tracks,2fa86af3-8bd0-441d-8b6b-f65bfe2c3ad5,,"{""uuid"": ""2fa86af3-8bd0-441d-8b6b-f65bfe2c3ad5"", ""net"": ""/+5V_MOTION"", ""layer"": ""F.Cu"", ""a"": [8.475, 25.0], ""z"": [7.478, 25.997], ""width"": 0.2, ""length"": 1.4099709216859757}"
MORI_power_P5R5,tracks,99f7cd9e-ea44-4c6e-a93b-2ac66ed0925f,,"{""uuid"": ""99f7cd9e-ea44-4c6e-a93b-2ac66ed0925f"", ""net"": ""/WHEEL_ADC"", ""layer"": ""B.Cu"", ""a"": [25.1, 43.9], ""z"": [25.1, 46.1], ""width"": 0.2, ""length"": 2.200000000000003}"
MORI_power_P5R5,tracks,cd474fca-0872-42e7-93cf-64eb241874cc,"{""uuid"": ""cd474fca-0872-42e7-93cf-64eb241874cc"", ""net"": ""/CHG_N"", ""layer"": ""B.Cu"", ""a"": [47.9552, 37.7952], ""z"": [47.9552, 33.2232], ""width"": 0.2, ""length"": 4.572000000000003}",
MORI_power_P5R5,tracks,cc40b542-244a-4e18-8741-b67aa0cc3489,,"{""uuid"": ""cc40b542-244a-4e18-8741-b67aa0cc3489"", ""net"": ""/GND"", ""layer"": ""In1.Cu"", ""a"": [31.8, 43.5], ""z"": [29.0, 43.5], ""width"": 0.2, ""length"": 2.8000000000000007}"
MORI_power_P5R5,tracks,68824630-01c3-4863-b668-d25ffc88aca2,"{""uuid"": ""68824630-01c3-4863-b668-d25ffc88aca2"", ""net"": ""/C5_EN"", ""layer"": ""B.Cu"", ""a"": [32.003999, 33.9344], ""z"": [31.9024, 33.8328], ""width"": 0.2, ""length"": 0.14368339083206375}",
MORI_power_P5R5,tracks,8a9e8331-e148-4352-bd58-e90f478799ec,,"{""uuid"": ""8a9e8331-e148-4352-bd58-e90f478799ec"", ""net"": ""/GND"", ""layer"": ""F.Cu"", ""a"": [24.9, 37.7], ""z"": [24.9, 39.05], ""width"": 0.2, ""length"": 1.3499999999999943}"
MORI_power_P5R5,tracks,6a37300d-3598-4b6d-b693-5c71320f4a93,,"{""uuid"": ""6a37300d-3598-4b6d-b693-5c71320f4a93"", ""net"": ""/+5V_MOTION"", ""layer"": ""F.Cu"", ""a"": [30.825, 28.55], ""z"": [32.25, 28.55], ""width"": 0.2, ""length"": 1.4250000000000007}"
MORI_power_P5R5,tracks,f5c04e49-aa15-41ab-9826-10c3ff5e3749,,"{""uuid"": ""f5c04e49-aa15-41ab-9826-10c3ff5e3749"", ""net"": ""/C5_VIN"", ""layer"": ""F.Cu"", ""a"": [22.45, 40.775], ""z"": [22.5, 42.225], ""width"": 0.8, ""length"": 1.4508618128546937}"
MORI_power_P5R5,tracks,59cc674e-e55b-484d-87c2-0f53f3e2e5e0,"{""uuid"": ""59cc674e-e55b-484d-87c2-0f53f3e2e5e0"", ""net"": ""/WHEEL_ADC"", ""layer"": ""B.Cu"", ""a"": [45.0088, 21.539199], ""z"": [43.8912, 20.421599], ""width"": 0.2, ""length"": 1.5805250773081727}",
MORI_power_P5R5,tracks,f77b9b98-48b0-44d7-be61-9bd94155816f,,"{""uuid"": ""f77b9b98-48b0-44d7-be61-9bd94155816f"", ""net"": ""/C5_VIN"", ""layer"": ""B.Cu"", ""a"": [30.5, 41.3], ""z"": [29.5, 41.3], ""width"": 0.6, ""length"": 1.0}"
MORI_power_P5R5,tracks,8b64ab8b-a425-4c8a-bebd-59c63bc2d191,"{""uuid"": ""8b64ab8b-a425-4c8a-bebd-59c63bc2d191"", ""net"": ""/CHG_N"", ""layer"": ""B.Cu"", ""a"": [46.736, 43.7976], ""z"": [46.736, 39.014399], ""width"": 0.2, ""length"": 4.783201000000005}",
MORI_power_P5R5,tracks,28024b70-a8c8-47a1-90f0-d9240d6b335d,"{""uuid"": ""28024b70-a8c8-47a1-90f0-d9240d6b335d"", ""net"": ""/+5V_MOTION"", ""layer"": ""F.Cu"", ""a"": [31.175, 29.0], ""z"": [30.675, 29.0], ""width"": 0.2, ""length"": 0.5}",
MORI_power_P5R5,tracks,bdba5f7f-2f31-4d6a-aa2f-d318f499a621,,"{""uuid"": ""bdba5f7f-2f31-4d6a-aa2f-d318f499a621"", ""net"": ""/GND"", ""layer"": ""F.Cu"", ""a"": [23.9, 38.6], ""z"": [23.075, 38.6], ""width"": 0.5, ""length"": 0.8249999999999993}"
MORI_power_P5R5,tracks,fa7e3ad9-0f90-4f12-a5e9-e1d99569b274,"{""uuid"": ""fa7e3ad9-0f90-4f12-a5e9-e1d99569b274"", ""net"": ""/C5_FB"", ""layer"": ""F.Cu"", ""a"": [29.000001, 41.699999], ""z"": [27.599998, 41.699999], ""width"": 0.2, ""length"": 1.4000030000000017}",
MORI_power_P5R5,tracks,e3a6c0b4-be1a-4885-8061-2dced5ae4775,"{""uuid"": ""e3a6c0b4-be1a-4885-8061-2dced5ae4775"", ""net"": ""/CHG_N"", ""layer"": ""F.Cu"", ""a"": [11.684, 40.7416], ""z"": [11.684, 39.5224], ""width"": 0.2, ""length"": 1.2192000000000007}",
MORI_power_P5R5,tracks,34e45b80-d210-4e3c-a207-b69ad412d4ab,"{""uuid"": ""34e45b80-d210-4e3c-a207-b69ad412d4ab"", ""net"": ""/CHG_N"", ""layer"": ""B.Cu"", ""a"": [43.078399, 46.6344], ""z"": [43.5864, 46.1264], ""width"": 0.2, ""length"": 0.7184211967926635}",
MORI_power_P5R5,tracks,d4ef4fb0-27b1-4566-8d61-4d1bd4cb4567,,"{""uuid"": ""d4ef4fb0-27b1-4566-8d61-4d1bd4cb4567"", ""net"": ""/M5_VIN"", ""layer"": ""B.Cu"", ""a"": [28.38, 27.9], ""z"": [24.45, 27.9], ""width"": 0.6, ""length"": 3.9299999999999997}"
MORI_power_P5R5,tracks,2242b3fe-5c3b-446e-9c0a-fcb3dadbe557,"{""uuid"": ""2242b3fe-5c3b-446e-9c0a-fcb3dadbe557"", ""net"": ""/CHG_N"", ""layer"": ""B.Cu"", ""a"": [44.196, 46.1264], ""z"": [45.0088, 45.3136], ""width"": 0.2, ""length"": 1.1494727834968508}",
MORI_power_P5R5,tracks,4e33177e-541f-4d87-934f-2009fee43b15,,"{""uuid"": ""4e33177e-541f-4d87-934f-2009fee43b15"", ""net"": ""/GND"", ""layer"": ""F.Cu"", ""a"": [24.65, 24.6], ""z"": [23.825, 24.6], ""width"": 0.5, ""length"": 0.8249999999999993}"
MORI_power_P5R5,tracks,4fe31eff-aac4-4226-99bc-7830f3533291,,"{""uuid"": ""4fe31eff-aac4-4226-99bc-7830f3533291"", ""net"": ""/GND"", ""layer"": ""In1.Cu"", ""a"": [29.0, 29.000001], ""z"": [29.499999, 29.5], ""width"": 0.2, ""length"": 0.7071053669729838}"
MORI_power_P5R5,tracks,c1b945f5-d29c-49ae-a5e0-5922251289ba,,"{""uuid"": ""c1b945f5-d29c-49ae-a5e0-5922251289ba"", ""net"": ""/WHEEL_ADC"", ""layer"": ""B.Cu"", ""a"": [44.6, 45.2], ""z"": [42.5, 43.1], ""width"": 0.2, ""length"": 2.9698484809835017}"
MORI_power_P5R5,tracks,8f2f2dc7-7702-400d-acd4-127a19bb7360,"{""uuid"": ""8f2f2dc7-7702-400d-acd4-127a19bb7360"", ""net"": ""/WHEEL_ADC"", ""layer"": ""F.Cu"", ""a"": [21.2344, 8.8392], ""z"": [20.9296, 9.144], ""width"": 0.2, ""length"": 0.43105229381131965}",
MORI_power_P5R5,tracks,934f08af-6443-4d51-b395-034824045a8c,"{""uuid"": ""934f08af-6443-4d51-b395-034824045a8c"", ""net"": ""/WHEEL_ADC"", ""layer"": ""F.Cu"", ""a"": [41.0464, 28.448], ""z"": [41.0464, 35.864799], ""width"": 0.2, ""length"": 7.4167989999999975}",
MORI_power_P5R5,tracks,817dd4a1-7092-4eae-aa2f-b11a84ce44e1,,"{""uuid"": ""817dd4a1-7092-4eae-aa2f-b11a84ce44e1"", ""net"": ""/M5_FB"", ""layer"": ""F.Cu"", ""a"": [28.6, 30.1], ""z"": [29.175, 30.1], ""width"": 0.2, ""length"": 0.5749999999999993}"
MORI_power_P5R5,tracks,5af18fb8-7106-452c-b0c1-092c9b980e0c,,"{""uuid"": ""5af18fb8-7106-452c-b0c1-092c9b980e0c"", ""net"": ""/WHEEL_ADC"", ""layer"": ""B.Cu"", ""a"": [20.9296, 9.144], ""z"": [20.9296, 9.4488], ""width"": 0.2, ""length"": 0.3048000000000002}"
MORI_power_P5R5,tracks,88fa579a-1f64-419d-b404-a2032c5f565c,"{""uuid"": ""88fa579a-1f64-419d-b404-a2032c5f565c"", ""net"": ""/CHG_N"", ""layer"": ""B.Cu"", ""a"": [11.684, 39.5224], ""z"": [10.8712, 38.7096], ""width"": 0.2, ""length"": 1.1494727834968481}",
MORI_power_P5R5,tracks,6ee14740-4582-49b7-a844-3165e0bf7a0b,"{""uuid"": ""6ee14740-4582-49b7-a844-3165e0bf7a0b"", ""net"": ""/M5_FB"", ""layer"": ""F.Cu"", ""a"": [26.35, 26.95], ""z"": [27.1012, 26.95], ""width"": 0.2, ""length"": 0.7511999999999972}",
MORI_power_P5R5,tracks,b85f9b3d-6fbc-4aa7-a5b6-55f494c5b062,"{""uuid"": ""b85f9b3d-6fbc-4aa7-a5b6-55f494c5b062"", ""net"": ""/WHEEL_ADC"", ""layer"": ""F.Cu"", ""a"": [41.0464, 35.864799], ""z"": [42.2656, 37.083999], ""width"": 0.2, ""length"": 1.7242091752452786}",
MORI_power_P5R5,tracks,53f02afa-fc20-4303-aa45-ffb83f68643d,,"{""uuid"": ""53f02afa-fc20-4303-aa45-ffb83f68643d"", ""net"": ""/C5_EN"", ""layer"": ""B.Cu"", ""a"": [28.6, 34.2392], ""z"": [29.108, 33.7312], ""width"": 0.2, ""length"": 0.7184204896855285}"
MORI_power_P5R5,tracks,8dffd0a0-5408-4b45-b4e4-5ec711bcfd9d,"{""uuid"": ""8dffd0a0-5408-4b45-b4e4-5ec711bcfd9d"", ""net"": ""/M5_FB"", ""layer"": ""F.Cu"", ""a"": [31.325, 31.5], ""z"": [31.825, 31.5], ""width"": 0.2, ""length"": 0.5}",
MORI_power_P5R5,tracks,ec793f47-c167-4e85-bc8f-100da5783d29,"{""uuid"": ""ec793f47-c167-4e85-bc8f-100da5783d29"", ""net"": ""/CHG_N"", ""layer"": ""F.Cu"", ""a"": [15.3416, 42.5704], ""z"": [16.154399, 41.7576], ""width"": 0.2, ""length"": 1.1494720763902913}",
MORI_power_P5R5,tracks,504e494e-0a61-4351-89b6-13d4deefde22,"{""uuid"": ""504e494e-0a61-4351-89b6-13d4deefde22"", ""net"": ""/C5_VIN"", ""layer"": ""F.Cu"", ""a"": [30.5, 39.455], ""z"": [30.5, 40.66], ""width"": 0.8, ""length"": 1.2049999999999983}",
MORI_power_P5R5,tracks,895d7f63-38d7-492f-9ccc-124c9c447003,,"{""uuid"": ""895d7f63-38d7-492f-9ccc-124c9c447003"", ""net"": ""/+5V_MOTION"", ""layer"": ""F.Cu"", ""a"": [16.6, 29.5], ""z"": [15.153552, 28.053552], ""width"": 0.2, ""length"": 2.04558637886744}"
MORI_power_P5R5,tracks,5e5856a5-04be-4a04-8370-511b4cc952ca,,"{""uuid"": ""5e5856a5-04be-4a04-8370-511b4cc952ca"", ""net"": ""/CHG_N"", ""layer"": ""B.Cu"", ""a"": [46.736, 41.0464], ""z"": [46.736, 33.6296], ""width"": 0.2, ""length"": 7.416799999999995}"
MORI_power_P5R5,tracks,dff96fcc-f517-4cf5-af7b-02468a047a88,"{""uuid"": ""dff96fcc-f517-4cf5-af7b-02468a047a88"", ""net"": ""/WHEEL_ADC"", ""layer"": ""F.Cu"", ""a"": [45.407199, 23.875999], ""z"": [47.3456, 23.875999], ""width"": 0.2, ""length"": 1.938400999999999}",
MORI_power_P5R5,tracks,ae3c7409-d2a8-4bb1-8e6d-301b1bc795f8,"{""uuid"": ""ae3c7409-d2a8-4bb1-8e6d-301b1bc795f8"", ""net"": ""/C5_EN"", ""layer"": ""B.Cu"", ""a"": [31.9024, 33.8328], ""z"": [29.057599, 33.8328], ""width"": 0.2, ""length"": 2.8448010000000004}",
MORI_power_P5R5,tracks,ff04aecb-616c-4aaf-9dac-b251b5c804b3,,"{""uuid"": ""ff04aecb-616c-4aaf-9dac-b251b5c804b3"", ""net"": ""/GND"", ""layer"": ""F.Cu"", ""a"": [26.000001, 32.799999], ""z"": [26.5, 32.3], ""width"": 0.8, ""length"": 0.7071053669729862}"
MORI_power_P5R5,tracks,a3637546-bd62-4fc8-a4a2-9b389dd38b81,,"{""uuid"": ""a3637546-bd62-4fc8-a4a2-9b389dd38b81"", ""net"": ""/M5_VIN"", ""layer"": ""F.Cu"", ""a"": [22.5, 27.475], ""z"": [22.5, 29.125], ""width"": 0.8, ""length"": 1.6499999999999986}"
MORI_power_P5R5,tracks,740875a2-82b5-4c2d-8763-c2ee6a543a13,"{""uuid"": ""740875a2-82b5-4c2d-8763-c2ee6a543a13"", ""net"": ""/+5V_MOTION"", ""layer"": ""F.Cu"", ""a"": [13.817599, 28.448], ""z"": [12.7, 27.330399], ""width"": 0.2, ""length"": 1.580525077308804}",
MORI_power_P5R5,tracks,457a2a70-c199-4192-b97e-2f99881167d3,"{""uuid"": ""457a2a70-c199-4192-b97e-2f99881167d3"", ""net"": ""/M5_EN"", ""layer"": ""F.Cu"", ""a"": [11.684, 21.6408], ""z"": [11.684, 23.368], ""width"": 0.2, ""length"": 1.7271999999999998}",
MORI_power_P5R5,tracks,c026b633-c722-43a8-844c-89165ed9cc2f,"{""uuid"": ""c026b633-c722-43a8-844c-89165ed9cc2f"", ""net"": ""/WHEEL_ADC"", ""layer"": ""F.Cu"", ""a"": [30.1752, 26.8224], ""z"": [39.4208, 26.8224], ""width"": 0.2, ""length"": 9.2456}",
MORI_power_P5R5,tracks,9761a240-cca1-4b63-8c0b-4bd7658ba491,"{""uuid"": ""9761a240-cca1-4b63-8c0b-4bd7658ba491"", ""net"": ""/+5V_CAM"", ""layer"": ""F.Cu"", ""a"": [32.0, 43.825], ""z"": [32.0, 44.325], ""width"": 0.2, ""length"": 0.5}",
MORI_power_P5R5,tracks,d1f45fa0-67f3-4862-9566-bf03fa8619eb,,"{""uuid"": ""d1f45fa0-67f3-4862-9566-bf03fa8619eb"", ""net"": ""/WHEEL_ADC"", ""layer"": ""B.Cu"", ""a"": [25.75, 46.75], ""z"": [32.0, 46.75], ""width"": 0.2, ""length"": 6.25}"
MORI_power_P5R5,tracks,3d2e63d1-e554-4e67-b06b-46c3b6a3db91,,"{""uuid"": ""3d2e63d1-e554-4e67-b06b-46c3b6a3db91"", ""net"": ""/WHEEL_ADC"", ""layer"": ""B.Cu"", ""a"": [40.453552, 41.953552], ""z"": [40.453552, 41.246447], ""width"": 0.2, ""length"": 0.7071049999999985}"
MORI_power_P5R5,tracks,8e9935da-d6c7-4023-89b1-ace3a6af7fa8,,"{""uuid"": ""8e9935da-d6c7-4023-89b1-ace3a6af7fa8"", ""net"": ""/CHG_N"", ""layer"": ""F.Cu"", ""a"": [16.662399, 42.3672], ""z"": [19.6088, 45.3136], ""width"": 0.2, ""length"": 4.16683954728293}"
MORI_power_P5R5,tracks,f05175b3-cb7e-4d0b-990a-d8617755ca31,"{""uuid"": ""f05175b3-cb7e-4d0b-990a-d8617755ca31"", ""net"": ""/C5_VIN"", ""layer"": ""F.Cu"", ""a"": [23.6728, 41.5544], ""z"": [24.6888, 42.5704], ""width"": 0.8, ""length"": 1.4368409793710648}",
MORI_power_P5R5,tracks,fc741911-2aab-4d58-94d8-d1d775206094,"{""uuid"": ""fc741911-2aab-4d58-94d8-d1d775206094"", ""net"": ""/M5_VIN"", ""layer"": ""F.Cu"", ""a"": [19.5, 29.025], ""z"": [19.5, 28.4], ""width"": 0.8, ""length"": 0.625}",
MORI_power_P5R5,tracks,b90b320c-b33d-4ca0-8da0-90ccf6edf381,,"{""uuid"": ""b90b320c-b33d-4ca0-8da0-90ccf6edf381"", ""net"": ""/CHG_N"", ""layer"": ""F.Cu"", ""a"": [19.6088, 45.3136], ""z"": [19.6088, 49.9872], ""width"": 0.2, ""length"": 4.6736}"
MORI_power_P5R5,tracks,6878e74e-32ff-48de-8c77-415a04e180ea,,"{""uuid"": ""6878e74e-32ff-48de-8c77-415a04e180ea"", ""net"": ""/GND"", ""layer"": ""F.Cu"", ""a"": [20.4, 41.4], ""z"": [20.4, 41.6], ""width"": 0.6, ""length"": 0.20000000000000284}"
MORI_power_P5R5,tracks,71231580-078b-49aa-98a4-5505e38a02da,,"{""uuid"": ""71231580-078b-49aa-98a4-5505e38a02da"", ""net"": ""/GND"", ""layer"": ""F.Cu"", ""a"": [21.799999, 39.225], ""z"": [21.3, 39.724999], ""width"": 0.6, ""length"": 0.7071053669729812}"
MORI_power_P5R5,tracks,5af2903c-390d-4740-b61b-dc7918af0805,,"{""uuid"": ""5af2903c-390d-4740-b61b-dc7918af0805"", ""net"": ""/+5V_CAM"", ""layer"": ""B.Cu"", ""a"": [21.843999, 34.4424], ""z"": [12.5984, 34.4424], ""width"": 0.2, ""length"": 9.245599}"
MORI_power_P5R5,tracks,7d6f49e8-0e40-4359-a442-a2512c96137a,,"{""uuid"": ""7d6f49e8-0e40-4359-a442-a2512c96137a"", ""net"": ""/WHEEL_ADC"", ""layer"": ""F.Cu"", ""a"": [43.8912, 20.116799], ""z"": [44.907199, 21.1328], ""width"": 0.2, ""length"": 1.4368409793717605}"
MORI_power_P5R5,tracks,d74e23f2-8a94-4670-a497-c95ff7f75435,,"{""uuid"": ""d74e23f2-8a94-4670-a497-c95ff7f75435"", ""net"": ""/GND"", ""layer"": ""F.Cu"", ""a"": [22.5, 45.875], ""z"": [22.5, 46.100001], ""width"": 0.8, ""length"": 0.2250009999999989}"
MORI_power_P5R5,tracks,3f3ec8f7-71a0-461e-831e-97009e794d65,,"{""uuid"": ""3f3ec8f7-71a0-461e-831e-97009e794d65"", ""net"": ""/CHG_N"", ""layer"": ""B.Cu"", ""a"": [47.398446, 41.708847], ""z"": [46.736, 41.0464], ""width"": 0.2, ""length"": 0.9368408246468575}"
MORI_power_P5R5,tracks,b19be310-b083-401e-99ae-a652403eb4e2,"{""uuid"": ""b19be310-b083-401e-99ae-a652403eb4e2"", ""net"": ""/+5V_CAM"", ""layer"": ""B.Cu"", ""a"": [21.843999, 34.4424], ""z"": [12.5984, 34.4424], ""width"": 0.2, ""length"": 9.245599}",
MORI_power_P5R5,tracks,9f615ed1-5d5f-4c7f-986d-720f7d51bff9,,"{""uuid"": ""9f615ed1-5d5f-4c7f-986d-720f7d51bff9"", ""net"": ""/C5_EN"", ""layer"": ""F.Cu"", ""a"": [35.1536, 43.7896], ""z"": [35.7896, 43.7896], ""width"": 0.2, ""length"": 0.6360000000000028}"
MORI_power_P5R5,tracks,a476895d-0674-4f61-8453-a3e2a6b31688,"{""uuid"": ""a476895d-0674-4f61-8453-a3e2a6b31688"", ""net"": ""/+5V_CAM"", ""layer"": ""B.Cu"", ""a"": [31.2928, 40.233599], ""z"": [27.635199, 40.233599], ""width"": 0.2, ""length"": 3.6576009999999997}",
MORI_power_P5R5,tracks,8fb32d0d-ccc3-44b1-8cf0-fe66690b1503,"{""uuid"": ""8fb32d0d-ccc3-44b1-8cf0-fe66690b1503"", ""net"": ""/M5_BOOT"", ""layer"": ""F.Cu"", ""a"": [26.775, 23.0], ""z"": [26.775, 24.625], ""width"": 0.2, ""length"": 1.625}",
MORI_power_P5R5,tracks,f894695c-1e3b-4221-b317-45dd0b083edf,,"{""uuid"": ""f894695c-1e3b-4221-b317-45dd0b083edf"", ""net"": ""/WHEEL_ADC"", ""layer"": ""B.Cu"", ""a"": [41.5, 37.7], ""z"": [42.2, 37.0], ""width"": 0.2, ""length"": 0.9899494936611706}"
MORI_power_P5R5,tracks,f667428f-84e3-45ca-878a-3b7a0e381001,"{""uuid"": ""f667428f-84e3-45ca-878a-3b7a0e381001"", ""net"": ""/GND"", ""layer"": ""F.Cu"", ""a"": [29.675, 31.5], ""z"": [28.625, 31.5], ""width"": 0.2, ""length"": 1.0500000000000007}",
MORI_power_P5R5,tracks,c9f91acb-e529-40cd-b6d8-dbe2ca790eab,"{""uuid"": ""c9f91acb-e529-40cd-b6d8-dbe2ca790eab"", ""net"": ""/M5_VIN"", ""layer"": ""F.Cu"", ""a"": [21.336, 26.7208], ""z"": [22.5044, 26.7208], ""width"": 0.8, ""length"": 1.1684000000000019}",
MORI_power_P5R5,tracks,c4e3b733-2e3b-4b8f-86ba-e3a75fae21a9,"{""uuid"": ""c4e3b733-2e3b-4b8f-86ba-e3a75fae21a9"", ""net"": ""/+5V_MOTION"", ""layer"": ""F.Cu"", ""a"": [4.5, 24.003], ""z"": [7.478, 24.003], ""width"": 0.8, ""length"": 2.9779999999999998}",
MORI_power_P5R5,tracks,3fe51292-7cac-4927-8d1b-4c1df3400ba0,"{""uuid"": ""3fe51292-7cac-4927-8d1b-4c1df3400ba0"", ""net"": ""/M5_SW"", ""layer"": ""F.Cu"", ""a"": [20.5232, 23.9776], ""z"": [22.148799, 23.9776], ""width"": 0.6, ""length"": 1.6255990000000011}",
MORI_power_P5R5,tracks,e8d74138-ab9e-434d-849a-8f0526520753,"{""uuid"": ""e8d74138-ab9e-434d-849a-8f0526520753"", ""net"": ""/BAT_REV"", ""layer"": ""F.Cu"", ""a"": [28.175, 17.5], ""z"": [27.4, 17.5], ""width"": 0.2, ""length"": 0.7750000000000021}",
MORI_power_P5R5,tracks,9d56ae75-56ab-4079-a051-91b50babf6e4,"{""uuid"": ""9d56ae75-56ab-4079-a051-91b50babf6e4"", ""net"": ""/+5V_CAM"", ""layer"": ""F.Cu"", ""a"": [30.276799, 43.4848], ""z"": [30.784799, 42.9768], ""width"": 0.2, ""length"": 0.7184204896855335}",
MORI_power_P5R5,tracks,a0d3e8dc-5d9f-417b-81ca-3e935e38f129,"{""uuid"": ""a0d3e8dc-5d9f-417b-81ca-3e935e38f129"", ""net"": ""/M5_VIN"", ""layer"": ""F.Cu"", ""a"": [30.45, 25.075], ""z"": [26.0, 29.525], ""width"": 0.8, ""length"": 6.293250352560272}",
MORI_power_P5R5,tracks,02e28d4a-c5c9-4c06-8550-7edd085d8bf4,,"{""uuid"": ""02e28d4a-c5c9-4c06-8550-7edd085d8bf4"", ""net"": ""/GND"", ""layer"": ""F.Cu"", ""a"": [20.4, 27.6], ""z"": [20.4, 32.075], ""width"": 0.6, ""length"": 4.475000000000001}"
MORI_power_P5R5,tracks,ac4ec75b-0f05-42cd-842b-240a1a79f64a,,"{""uuid"": ""ac4ec75b-0f05-42cd-842b-240a1a79f64a"", ""net"": ""/CHG_N"", ""layer"": ""B.Cu"", ""a"": [7.5, 38.0], ""z"": [5.0, 38.0], ""width"": 0.2, ""length"": 2.5}"
MORI_power_P5R5,tracks,7bf21147-4e53-456b-b176-e3fc292c9472,"{""uuid"": ""7bf21147-4e53-456b-b176-e3fc292c9472"", ""net"": ""/WHEEL_ADC"", ""layer"": ""B.Cu"", ""a"": [46.0248, 21.539199], ""z"": [49.6824, 17.8816], ""width"": 0.2, ""length"": 5.172626818629102}",
MORI_power_P5R5,tracks,18d3f48f-0f5c-487f-9cbd-4be836e1ef12,"{""uuid"": ""18d3f48f-0f5c-487f-9cbd-4be836e1ef12"", ""net"": ""/GND"", ""layer"": ""F.Cu"", ""a"": [26.0, 32.475], ""z"": [26.0, 33.1], ""width"": 0.2, ""length"": 0.625}",
MORI_power_P5R5,tracks,551ee23b-86a0-4c14-9a4b-082bd6c4aa99,"{""uuid"": ""551ee23b-86a0-4c14-9a4b-082bd6c4aa99"", ""net"": ""/BAT_REV"", ""layer"": ""F.Cu"", ""a"": [28.175, 14.405], ""z"": [28.175, 17.5], ""width"": 0.2, ""length"": 3.0950000000000006}",
MORI_power_P5R5,tracks,38f1077b-4cec-4d63-a596-294be256d4bc,"{""uuid"": ""38f1077b-4cec-4d63-a596-294be256d4bc"", ""net"": ""/M5_EN"", ""layer"": ""B.Cu"", ""a"": [11.684, 32.2072], ""z"": [11.684, 23.368], ""width"": 0.2, ""length"": 8.839200000000002}",
MORI_power_P5R5,tracks,24ed63da-f483-4c73-87df-7e09ed97163a,"{""uuid"": ""24ed63da-f483-4c73-87df-7e09ed97163a"", ""net"": ""/GND"", ""layer"": ""F.Cu"", ""a"": [19.5, 31.975], ""z"": [17.5, 31.975], ""width"": 0.8, ""length"": 2.0}",
MORI_power_P5R5,tracks,190d45e1-7170-4316-8922-295cdc618686,"{""uuid"": ""190d45e1-7170-4316-8922-295cdc618686"", ""net"": ""/+5V_MOTION"", ""layer"": ""F.Cu"", ""a"": [29.464, 30.276799], ""z"": [28.956, 29.7688], ""width"": 0.2, ""length"": 0.7184197825790996}",
MORI_power_P5R5,tracks,2b7812f4-ef24-4a95-b71c-f232e9a2410c,,"{""uuid"": ""2b7812f4-ef24-4a95-b71c-f232e9a2410c"", ""net"": ""/+5V_MOTION"", ""layer"": ""F.Cu"", ""a"": [30.2, 31.9], ""z"": [30.2, 32.1], ""width"": 0.2, ""length"": 0.20000000000000284}"
MORI_power_P5R5,tracks,c5a32267-b8a4-4467-916a-c816ff75d5e4,"{""uuid"": ""c5a32267-b8a4-4467-916a-c816ff75d5e4"", ""net"": ""/M5_VIN"", ""layer"": ""F.Cu"", ""a"": [22.8092, 26.9748], ""z"": [22.6568, 26.8224], ""width"": 0.8, ""length"": 0.21552614690565983}",
MORI_power_P5R5,tracks,f91f1fe5-c976-4866-951a-0df668016fd6,,"{""uuid"": ""f91f1fe5-c976-4866-951a-0df668016fd6"", ""net"": ""/+5V_CAM"", ""layer"": ""F.Cu"", ""a"": [30.784799, 42.2656], ""z"": [31.5976, 41.4528], ""width"": 0.2, ""length"": 1.1494734906038475}"
MORI_power_P5R5,tracks,56aef920-ded7-445c-a093-57a5e5a9ffc4,"{""uuid"": ""56aef920-ded7-445c-a093-57a5e5a9ffc4"", ""net"": ""/+5V_MOTION"", ""layer"": ""F.Cu"", ""a"": [10.0, 24.475], ""z"": [10.0, 26.525], ""width"": 0.8, ""length"": 2.049999999999997}",
MORI_power_P5R5,tracks,e8861576-e7fa-49dd-8435-8af239d7732c,,"{""uuid"": ""e8861576-e7fa-49dd-8435-8af239d7732c"", ""net"": ""/+5V_MOTION"", ""layer"": ""F.Cu"", ""a"": [30.5, 31.6], ""z"": [30.2, 31.9], ""width"": 0.2, ""length"": 0.424264068711927}"
MORI_power_P5R5,tracks,ad66523e-fba2-4477-8673-05992b25ab1c,"{""uuid"": ""ad66523e-fba2-4477-8673-05992b25ab1c"", ""net"": ""/C5_VIN"", ""layer"": ""F.Cu"", ""a"": [23.15, 44.25], ""z"": [23.15, 40.95], ""width"": 0.8, ""length"": 3.299999999999997}",
MORI_power_P5R5,tracks,5ee502cb-a0c5-4f64-8e73-718cfd11efe7,,"{""uuid"": ""5ee502cb-a0c5-4f64-8e73-718cfd11efe7"", ""net"": ""/WHEEL_ADC"", ""layer"": ""F.Cu"", ""a"": [35.864799, 8.8392], ""z"": [21.2344, 8.8392], ""width"": 0.2, ""length"": 14.630398999999997}"
MORI_power_P5R5,tracks,42a7ca69-70a6-4daa-8352-7a6fae907fac,,"{""uuid"": ""42a7ca69-70a6-4daa-8352-7a6fae907fac"", ""net"": ""/C5_EN"", ""layer"": ""B.Cu"", ""a"": [32.003999, 33.934399], ""z"": [32.003999, 40.64], ""width"": 0.2, ""length"": 6.7056010000000015}"
MORI_power_P5R5,tracks,da3ddb37-b6f1-42fe-854d-576d0c301436,"{""uuid"": ""da3ddb37-b6f1-42fe-854d-576d0c301436"", ""net"": ""/C5_EN"", ""layer"": ""F.Cu"", ""a"": [32.8168, 41.148], ""z"": [32.8168, 42.005201], ""width"": 0.2, ""length"": 0.8572009999999963}",
MORI_power_P5R5,tracks,b99f9059-5665-4b85-aa49-ad3c49894661,,"{""uuid"": ""b99f9059-5665-4b85-aa49-ad3c49894661"", ""net"": ""/BAT_REV"", ""layer"": ""F.Cu"", ""a"": [28.175, 17.000001], ""z"": [27.675001, 17.5], ""width"": 0.2, ""length"": 0.7071053669729838}"
MORI_power_P5R5,tracks,e966d1fc-55f2-48ab-82f5-e7b91ee38e2c,"{""uuid"": ""e966d1fc-55f2-48ab-82f5-e7b91ee38e2c"", ""net"": ""/WHEEL_ADC"", ""layer"": ""B.Cu"", ""a"": [20.9296, 9.144], ""z"": [20.9296, 9.4488], ""width"": 0.2, ""length"": 0.3048000000000002}",
MORI_power_P5R5,tracks,7caf1595-259f-4aaf-ac81-f1bd68641828,"{""uuid"": ""7caf1595-259f-4aaf-ac81-f1bd68641828"", ""net"": ""/M5_SW"", ""layer"": ""F.Cu"", ""a"": [22.648798, 25.603199], ""z"": [22.6568, 25.603199], ""width"": 0.6, ""length"": 0.008002000000001175}",
MORI_power_P5R5,tracks,f3b29207-7e3c-4249-a7a7-2af873857fc6,,"{""uuid"": ""f3b29207-7e3c-4249-a7a7-2af873857fc6"", ""net"": ""/WHEEL_ADC"", ""layer"": ""B.Cu"", ""a"": [41.6, 43.1], ""z"": [40.453552, 41.953552], ""width"": 0.2, ""length"": 1.6213223101555094}"
MORI_power_P5R5,tracks,855933b7-82dc-42b1-9068-5c733d3beae7,"{""uuid"": ""855933b7-82dc-42b1-9068-5c733d3beae7"", ""net"": ""/WHEEL_ADC"", ""layer"": ""B.Cu"", ""a"": [46.0248, 21.539199], ""z"": [45.0088, 21.539199], ""width"": 0.2, ""length"": 1.0159999999999982}",
MORI_power_P5R5,tracks,9e6b2bcc-17bf-4945-871a-54f610faeeb7,,"{""uuid"": ""9e6b2bcc-17bf-4945-871a-54f610faeeb7"", ""net"": ""/CHG_N"", ""layer"": ""F.Cu"", ""a"": [13.512799, 43.078399], ""z"": [12.7, 42.2656], ""width"": 0.2, ""length"": 1.149471369283288}"
MORI_power_P5R5,tracks,ed259718-5041-48be-a2ab-2ede1a1e46ad,,"{""uuid"": ""ed259718-5041-48be-a2ab-2ede1a1e46ad"", ""net"": ""/+5V_MOTION"", ""layer"": ""F.Cu"", ""a"": [10.0, 24.475], ""z"": [10.0, 26.525], ""width"": 0.8, ""length"": 2.049999999999997}"
MORI_power_P5R5,tracks,33b304eb-b598-4a5c-a1cd-d89e60de9dd2,,"{""uuid"": ""33b304eb-b598-4a5c-a1cd-d89e60de9dd2"", ""net"": ""/M5_VIN"", ""layer"": ""F.Cu"", ""a"": [31.545, 23.0], ""z"": [29.6, 23.0], ""width"": 0.8, ""length"": 1.9450000000000003}"
MORI_power_P5R5,tracks,d32642ae-d40e-49ab-8637-0c2bd15d99cb,,"{""uuid"": ""d32642ae-d40e-49ab-8637-0c2bd15d99cb"", ""net"": ""/+5V_CAM"", ""layer"": ""F.Cu"", ""a"": [10.0, 38.475], ""z"": [10.0, 40.525], ""width"": 0.8, ""length"": 2.049999999999997}"
MORI_power_P5R5,tracks,1f2bc5ce-f8d7-440a-af1a-3e0e86563f7b,"{""uuid"": ""1f2bc5ce-f8d7-440a-af1a-3e0e86563f7b"", ""net"": ""/C5_VIN"", ""layer"": ""F.Cu"", ""a"": [22.605999, 40.7924], ""z"": [22.5552, 40.7924], ""width"": 0.8, ""length"": 0.05079900000000137}",
MORI_power_P5R5,tracks,74db560c-12c5-4aba-937c-51ecb6adf698,,"{""uuid"": ""74db560c-12c5-4aba-937c-51ecb6adf698"", ""net"": ""/WHEEL_ADC"", ""layer"": ""B.Cu"", ""a"": [44.2, 46.2], ""z"": [44.6, 45.8], ""width"": 0.2, ""length"": 0.565685424949241}"
MORI_power_P5R5,tracks,0ac6d8ee-82ab-438c-8621-d9c681c9432c,"{""uuid"": ""0ac6d8ee-82ab-438c-8621-d9c681c9432c"", ""net"": ""/+5V_CAM"", ""layer"": ""B.Cu"", ""a"": [30.784799, 42.9768], ""z"": [30.784799, 42.773599], ""width"": 0.2, ""length"": 0.20320099999999996}",
MORI_power_P5R5,tracks,fbfa95b8-7938-4c7c-879c-b2a0fbe870e2,,"{""uuid"": ""fbfa95b8-7938-4c7c-879c-b2a0fbe870e2"", ""net"": ""/CHG_N"", ""layer"": ""B.Cu"", ""a"": [19.6088, 49.9872], ""z"": [22.352, 52.730399], ""width"": 0.2, ""length"": 3.879469937195157}"
MORI_power_P5R5,tracks,fe602c7b-f046-49a0-b6c9-aee92d3f797d,"{""uuid"": ""fe602c7b-f046-49a0-b6c9-aee92d3f797d"", ""net"": ""/+5V_MOTION"", ""layer"": ""F.Cu"", ""a"": [30.1752, 30.276799], ""z"": [29.464, 30.276799], ""width"": 0.2, ""length"": 0.7112000000000016}",
MORI_power_P5R5,tracks,a18acc03-f076-4cdf-9f72-b8f781ff1368,"{""uuid"": ""a18acc03-f076-4cdf-9f72-b8f781ff1368"", ""net"": ""/GND"", ""layer"": ""F.Cu"", ""a"": [22.0, 28.275], ""z"": [22.0, 29.5], ""width"": 0.5, ""length"": 1.2250000000000014}",
MORI_power_P5R5,tracks,a0608072-4562-4d2e-b917-ab55c9e8b721,"{""uuid"": ""a0608072-4562-4d2e-b917-ab55c9e8b721"", ""net"": ""/M5_FB"", ""layer"": ""F.Cu"", ""a"": [28.0416, 28.6512], ""z"": [28.0416, 28.956], ""width"": 0.2, ""length"": 0.3048000000000002}",
MORI_power_P5R5,tracks,55f2eb53-2db5-4011-8b4b-05e516487b24,,"{""uuid"": ""55f2eb53-2db5-4011-8b4b-05e516487b24"", ""net"": ""/M5_FB"", ""layer"": ""F.Cu"", ""a"": [28.6, 28.55], ""z"": [29.175, 28.55], ""width"": 0.2, ""length"": 0.5749999999999993}"
MORI_power_P5R5,tracks,9bd7998d-9318-4e12-b729-d7fa1f1185f5,,"{""uuid"": ""9bd7998d-9318-4e12-b729-d7fa1f1185f5"", ""net"": ""/WHEEL_ADC"", ""layer"": ""B.Cu"", ""a"": [20.5, 40.7], ""z"": [22.4, 42.6], ""width"": 0.2, ""length"": 2.687005768508879}"
MORI_power_P5R5,tracks,985c2910-1034-4c31-8db1-96f59824bbef,,"{""uuid"": ""985c2910-1034-4c31-8db1-96f59824bbef"", ""net"": ""/GND"", ""layer"": ""F.Cu"", ""a"": [26.5, 46.100001], ""z"": [26.5, 45.875], ""width"": 0.8, ""length"": 0.2250009999999989}"
MORI_power_P5R5,tracks,7715c5db-c945-42da-a07e-9ed204ae608c,"{""uuid"": ""7715c5db-c945-42da-a07e-9ed204ae608c"", ""net"": ""/+5V_CAM"", ""layer"": ""F.Cu"", ""a"": [7.924799, 47.8536], ""z"": [10.058399, 49.9872], ""width"": 0.8, ""length"": 3.017366056679236}",
MORI_power_P5R5,tracks,911dfccb-2648-48ea-81fc-20240d275d0f,"{""uuid"": ""911dfccb-2648-48ea-81fc-20240d275d0f"", ""net"": ""/C5_FB"", ""layer"": ""F.Cu"", ""a"": [28.6512, 42.9768], ""z"": [29.362399, 42.2656], ""width"": 0.2, ""length"": 1.0057879784532118}",
MORI_power_P5R5,tracks,52b10ccc-5205-410f-8e4c-a803b4e705e0,"{""uuid"": ""52b10ccc-5205-410f-8e4c-a803b4e705e0"", ""net"": ""/CHG_N"", ""layer"": ""F.Cu"", ""a"": [4.5, 31.0], ""z"": [4.4704, 33.8328], ""width"": 0.2, ""length"": 2.8329546413594398}",
MORI_power_P5R5,tracks,e55b44fc-614a-40c0-9e8c-03cda7e1928b,"{""uuid"": ""e55b44fc-614a-40c0-9e8c-03cda7e1928b"", ""net"": ""/+5V_MOTION"", ""layer"": ""B.Cu"", ""a"": [26.517599, 28.448], ""z"": [13.817599, 28.448], ""width"": 0.2, ""length"": 12.700000000000001}",
MORI_power_P5R5,tracks,48ad9028-cc9b-4fec-aab1-115ebc02f113,"{""uuid"": ""48ad9028-cc9b-4fec-aab1-115ebc02f113"", ""net"": ""/CHG_N"", ""layer"": ""B.Cu"", ""a"": [47.9552, 33.2232], ""z"": [47.1932, 32.410399], ""width"": 0.2, ""length"": 1.1141317092700491}",
MORI_power_P5R5,tracks,e7545a64-8816-4ee9-9284-cdd090e63956,,"{""uuid"": ""e7545a64-8816-4ee9-9284-cdd090e63956"", ""net"": ""/+5V_MOTION"", ""layer"": ""B.Cu"", ""a"": [27.4, 32.9], ""z"": [18.3, 32.9], ""width"": 0.2, ""length"": 9.099999999999998}"
MORI_power_P5R5,tracks,d0d66a0e-c1fe-47da-9af8-85e981e22e5b,"{""uuid"": ""d0d66a0e-c1fe-47da-9af8-85e981e22e5b"", ""net"": ""/M5_VIN"", ""layer"": ""F.Cu"", ""a"": [22.6568, 26.8224], ""z"": [22.605999, 26.8224], ""width"": 0.8, ""length"": 0.050800999999999874}",
MORI_power_P5R5,tracks,9dd56809-0545-4aa1-a4b8-c16a572e5f56,"{""uuid"": ""9dd56809-0545-4aa1-a4b8-c16a572e5f56"", ""net"": ""/CHG_N"", ""layer"": ""B.Cu"", ""a"": [45.0088, 44.797598], ""z"": [45.508799, 44.297599], ""width"": 0.2, ""length"": 0.7071053669729888}",
MORI_power_P5R5,tracks,21d0bba9-fe79-4e58-9e3a-3c70334b3a2c,,"{""uuid"": ""21d0bba9-fe79-4e58-9e3a-3c70334b3a2c"", ""net"": ""/+5V_CAM"", ""layer"": ""B.Cu"", ""a"": [31.5976, 41.4528], ""z"": [31.2928, 41.147999], ""width"": 0.2, ""length"": 0.43105300091868404}"
MORI_power_P5R5,tracks,ae032106-55af-4992-913a-aca7c5a9b1f1,,"{""uuid"": ""ae032106-55af-4992-913a-aca7c5a9b1f1"", ""net"": ""/GND"", ""layer"": ""In1.Cu"", ""a"": [29.0, 24.799999], ""z"": [29.0, 29.000001], ""width"": 0.2, ""length"": 4.200002000000001}"
MORI_power_P5R5,tracks,5c0a411c-97d0-48e7-a79b-63211e726242,"{""uuid"": ""5c0a411c-97d0-48e7-a79b-63211e726242"", ""net"": ""/WHEEL_ADC"", ""layer"": ""B.Cu"", ""a"": [49.6824, 10.9728], ""z"": [48.26, 9.5504], ""width"": 0.2, ""length"": 2.0115773711194924}",
MORI_power_P5R5,tracks,f4de2740-3924-47fb-a1de-cf579e52c5a7,"{""uuid"": ""f4de2740-3924-47fb-a1de-cf579e52c5a7"", ""net"": ""/CHG_N"", ""layer"": ""F.Cu"", ""a"": [13.512799, 42.5704], ""z"": [11.684, 40.7416], ""width"": 0.2, ""length"": 2.5863130557612326}",
MORI_power_P5R5,tracks,417cbcab-b78c-4ce8-8cb7-94cc32401376,"{""uuid"": ""417cbcab-b78c-4ce8-8cb7-94cc32401376"", ""net"": ""/+5V_MOTION"", ""layer"": ""F.Cu"", ""a"": [29.0, 29.775], ""z"": [29.0, 30.3], ""width"": 0.8, ""length"": 0.5250000000000021}",
MORI_power_P5R5,tracks,42d41a6c-7382-4137-b1f6-04d249f84756,"{""uuid"": ""42d41a6c-7382-4137-b1f6-04d249f84756"", ""net"": ""/M5_VIN"", ""layer"": ""F.Cu"", ""a"": [30.45, 23.499999], ""z"": [30.45, 25.075], ""width"": 0.8, ""length"": 1.5750010000000003}",
MORI_power_P5R5,tracks,417c83ac-5971-4e2b-a972-96988f1b67ea,,"{""uuid"": ""417c83ac-5971-4e2b-a972-96988f1b67ea"", ""net"": ""/+5V_MOTION"", ""layer"": ""B.Cu"", ""a"": [29.7, 32.6], ""z"": [28.9, 31.8], ""width"": 0.2, ""length"": 1.1313708498984771}"
MORI_power_P5R5,tracks,706388ab-8c70-4716-8964-461f5f6b3c44,"{""uuid"": ""706388ab-8c70-4716-8964-461f5f6b3c44"", ""net"": ""/M5_FB"", ""layer"": ""B.Cu"", ""a"": [28.0416, 28.956], ""z"": [28.0416, 26.0096], ""width"": 0.2, ""length"": 2.9464000000000006}",
MORI_power_P5R5,tracks,f87c44fa-52e4-4b86-a585-4796407daa2d,"{""uuid"": ""f87c44fa-52e4-4b86-a585-4796407daa2d"", ""net"": ""/C5_BOOT"", ""layer"": ""F.Cu"", ""a"": [26.775, 38.625], ""z"": [26.35, 39.05], ""width"": 0.2, ""length"": 0.6010407640085614}",
MORI_power_P5R5,tracks,c7f81bb3-af65-4d74-8e2a-91a18fe2de6c,"{""uuid"": ""c7f81bb3-af65-4d74-8e2a-91a18fe2de6c"", ""net"": ""/M5_EN"", ""layer"": ""B.Cu"", ""a"": [6.604, 37.2872], ""z"": [11.684, 32.2072], ""width"": 0.2, ""length"": 7.184204896855321}",
MORI_power_P5R5,tracks,3ae246d9-d85e-4ff7-adbe-b24c843ba747,,"{""uuid"": ""3ae246d9-d85e-4ff7-adbe-b24c843ba747"", ""net"": ""/GND"", ""layer"": ""In1.Cu"", ""a"": [27.3, 41.8], ""z"": [27.3, 38.199999], ""width"": 0.2, ""length"": 3.600000999999999}"
MORI_power_P5R5,tracks,39dc4bd1-2fc7-495f-a27a-7336ab3e8d91,"{""uuid"": ""39dc4bd1-2fc7-495f-a27a-7336ab3e8d91"", ""net"": ""/WHEEL_ADC"", ""layer"": ""B.Cu"", ""a"": [19.1008, 19.304], ""z"": [23.7744, 19.304], ""width"": 0.2, ""length"": 4.6736}",
MORI_power_P5R5,tracks,c12bf28e-8abd-418e-b527-fc8f23f8a67c,,"{""uuid"": ""c12bf28e-8abd-418e-b527-fc8f23f8a67c"", ""net"": ""/M5_SW"", ""layer"": ""B.Cu"", ""a"": [24.35, 26.0], ""z"": [24.35, 24.0], ""width"": 0.8, ""length"": 2.0}"
MORI_power_P5R5,tracks,3891439e-1558-4f6c-aa81-c65a87500936,,"{""uuid"": ""3891439e-1558-4f6c-aa81-c65a87500936"", ""net"": ""/+5V_CAM"", ""layer"": ""F.Cu"", ""a"": [12.5984, 34.4424], ""z"": [12.5984, 37.083999], ""width"": 0.2, ""length"": 2.6415989999999994}"
MORI_power_P5R5,tracks,36fdec19-068d-4bfe-8911-d7131bc7d1f6,"{""uuid"": ""36fdec19-068d-4bfe-8911-d7131bc7d1f6"", ""net"": ""/+5V_CAM"", ""layer"": ""B.Cu"", ""a"": [38.7096, 45.9232], ""z"": [40.7416, 45.9232], ""width"": 0.2, ""length"": 2.0319999999999965}",
MORI_power_P5R5,tracks,bb2e5966-0fa0-404a-8373-47b8debbe414,"{""uuid"": ""bb2e5966-0fa0-404a-8373-47b8debbe414"", ""net"": ""/M5_FB"", ""layer"": ""F.Cu"", ""a"": [28.956, 27.7368], ""z"": [28.0416, 28.6512], ""width"": 0.2, ""length"": 1.293156881433959}",
MORI_power_P5R5,tracks,d55e1e10-0aa4-4b20-b558-d574be5be367,"{""uuid"": ""d55e1e10-0aa4-4b20-b558-d574be5be367"", ""net"": ""/C5_SW"", ""layer"": ""F.Cu"", ""a"": [25.225, 37.0], ""z"": [24.7, 37.0], ""width"": 0.8, ""length"": 0.5250000000000021}",
MORI_power_P5R5,tracks,b70a1fe8-443c-41d4-baa9-4ec22fc1ecdc,,"{""uuid"": ""b70a1fe8-443c-41d4-baa9-4ec22fc1ecdc"", ""net"": ""/+5V_CAM"", ""layer"": ""F.Cu"", ""a"": [30.784799, 42.5704], ""z"": [30.784799, 42.2656], ""width"": 0.2, ""length"": 0.3048000000000002}"
MORI_power_P5R5,tracks,47448f6f-8681-4805-a4a0-2bf2635692aa,,"{""uuid"": ""47448f6f-8681-4805-a4a0-2bf2635692aa"", ""net"": ""/M5_EN"", ""layer"": ""B.Cu"", ""a"": [29.7, 26.19], ""z"": [29.7, 27.4], ""width"": 0.2, ""length"": 1.2099999999999973}"
MORI_power_P5R5,tracks,09bb26f6-27f0-495e-bbf7-a408ada4f89d,"{""uuid"": ""09bb26f6-27f0-495e-bbf7-a408ada4f89d"", ""net"": ""/C5_VIN"", ""layer"": ""F.Cu"", ""a"": [22.7584, 40.9448], ""z"": [22.605999, 40.7924], ""width"": 0.8, ""length"": 0.21552685401360167}",
MORI_power_P5R5,tracks,e6eae24e-216d-461e-bf64-836316113126,,"{""uuid"": ""e6eae24e-216d-461e-bf64-836316113126"", ""net"": ""/+5V_CAM"", ""layer"": ""F.Cu"", ""a"": [32.75, 43.049999], ""z"": [32.75, 45.9232], ""width"": 0.2, ""length"": 2.8732010000000017}"
MORI_power_P5R5,tracks,d4ab1cba-f914-4ea1-98a1-52abdbbe142e,,"{""uuid"": ""d4ab1cba-f914-4ea1-98a1-52abdbbe142e"", ""net"": ""/+5V_CAM"", ""layer"": ""F.Cu"", ""a"": [7.924799, 41.3512], ""z"": [7.924799, 47.8536], ""width"": 0.8, ""length"": 6.5024000000000015}"
MORI_power_P5R5,tracks,8eda0e65-4804-4247-ba28-284b5ac7b93a,,"{""uuid"": ""8eda0e65-4804-4247-ba28-284b5ac7b93a"", ""net"": ""/GND"", ""layer"": ""F.Cu"", ""a"": [31.8, 43.600001], ""z"": [31.8, 43.5], ""width"": 0.2, ""length"": 0.1000009999999989}"
MORI_power_P5R5,tracks,c6916d13-5eaa-4fd1-b575-fbb6b7fdea26,,"{""uuid"": ""c6916d13-5eaa-4fd1-b575-fbb6b7fdea26"", ""net"": ""/GND"", ""layer"": ""F.Cu"", ""a"": [25.1, 25.05], ""z"": [24.65, 24.6], ""width"": 0.5, ""length"": 0.6363961030678943}"
MORI_power_P5R5,tracks,5e458751-8ba1-4851-9df1-fecf284491e5,,"{""uuid"": ""5e458751-8ba1-4851-9df1-fecf284491e5"", ""net"": ""/WHEEL_ADC"", ""layer"": ""F.Cu"", ""a"": [35.15, 46.75], ""z"": [35.3, 46.9], ""width"": 0.2, ""length"": 0.21213203435596226}"
MORI_power_P5R5,tracks,6a0545eb-e961-4e76-aa66-8f26b91a8d39,"{""uuid"": ""6a0545eb-e961-4e76-aa66-8f26b91a8d39"", ""net"": ""/+5V_MOTION"", ""layer"": ""F.Cu"", ""a"": [30.6832, 28.956], ""z"": [30.1752, 28.448], ""width"": 0.2, ""length"": 0.7184204896855311}",
MORI_power_P5R5,tracks,fe1bc276-9db7-4521-a517-aeebb221622c,"{""uuid"": ""fe1bc276-9db7-4521-a517-aeebb221622c"", ""net"": ""/C5_SW"", ""layer"": ""F.Cu"", ""a"": [22.5044, 37.846], ""z"": [22.5044, 39.471599], ""width"": 0.6, ""length"": 1.6255990000000011}",
MORI_power_P5R5,tracks,e2cfde8b-d3fe-49b1-96c6-e5273b3f975f,"{""uuid"": ""e2cfde8b-d3fe-49b1-96c6-e5273b3f975f"", ""net"": ""/GND"", ""layer"": ""F.Cu"", ""a"": [22.0, 42.275], ""z"": [22.0, 42.8], ""width"": 0.2, ""length"": 0.5249999999999986}",
MORI_power_P5R5,tracks,c5163c8a-e038-4289-b580-fe548d02b29b,,"{""uuid"": ""c5163c8a-e038-4289-b580-fe548d02b29b"", ""net"": ""/C5_SW"", ""layer"": ""B.Cu"", ""a"": [23.6, 40.0], ""z"": [23.6, 38.0], ""width"": 0.8, ""length"": 2.0}"
MORI_power_P5R5,tracks,2edb6371-ceec-4097-9dcf-c4f32a9fe3a1,"{""uuid"": ""2edb6371-ceec-4097-9dcf-c4f32a9fe3a1"", ""net"": ""/WHEEL_ADC"", ""layer"": ""F.Cu"", ""a"": [42.2656, 37.083999], ""z"": [44.3992, 37.083999], ""width"": 0.2, ""length"": 2.1336000000000013}",
MORI_power_P5R5,tracks,902316c5-f0c3-427b-8b18-ebaea435811e,"{""uuid"": ""902316c5-f0c3-427b-8b18-ebaea435811e"", ""net"": ""/+5V_MOTION"", ""layer"": ""F.Cu"", ""a"": [8.475, 25.0], ""z"": [7.478, 25.997], ""width"": 0.2, ""length"": 1.4099709216859757}",
MORI_power_P5R5,tracks,8ff44995-908c-4ae7-bb5c-d111c54dd902,,"{""uuid"": ""8ff44995-908c-4ae7-bb5c-d111c54dd902"", ""net"": ""/M5_EN"", ""layer"": ""F.Cu"", ""a"": [6.5024, 37.388799], ""z"": [6.5024, 38.608], ""width"": 0.2, ""length"": 1.2192009999999982}"
MORI_power_P5R5,tracks,8d2ae732-dd51-40dc-b04c-520cac3937bb,"{""uuid"": ""8d2ae732-dd51-40dc-b04c-520cac3937bb"", ""net"": ""/C5_BOOT"", ""layer"": ""F.Cu"", ""a"": [26.775, 37.0], ""z"": [26.775, 38.625], ""width"": 0.2, ""length"": 1.625}",
MORI_power_P5R5,tracks,6b11ed92-7599-4ee1-926c-b6abfa584f8f,,"{""uuid"": ""6b11ed92-7599-4ee1-926c-b6abfa584f8f"", ""net"": ""/GND"", ""layer"": ""F.Cu"", ""a"": [21.5, 26.5], ""z"": [21.5, 25.724999], ""width"": 0.6, ""length"": 0.7750009999999996}"
MORI_power_P5R5,tracks,a881b96f-1ab3-40a7-a3d1-4529ba95b507,"{""uuid"": ""a881b96f-1ab3-40a7-a3d1-4529ba95b507"", ""net"": ""/C5_FB"", ""layer"": ""F.Cu"", ""a"": [29.5, 42.199998], ""z"": [29.000001, 41.699999], ""width"": 0.2, ""length"": 0.7071053669729862}",
MORI_power_P5R5,tracks,b6ee5186-d587-4a5b-a4a6-fd27a5fc6288,"{""uuid"": ""b6ee5186-d587-4a5b-a4a6-fd27a5fc6288"", ""net"": ""/+5V_MOTION"", ""layer"": ""F.Cu"", ""a"": [12.024999, 24.475], ""z"": [10.0, 24.475], ""width"": 0.8, ""length"": 2.0249989999999993}",
MORI_power_P5R5,tracks,dda9aac1-2efc-485a-9c3c-a1ff8312ea64,,"{""uuid"": ""dda9aac1-2efc-485a-9c3c-a1ff8312ea64"", ""net"": ""/WHEEL_ADC"", ""layer"": ""B.Cu"", ""a"": [41.5, 40.2], ""z"": [41.5, 37.7], ""width"": 0.2, ""length"": 2.5}"
MORI_power_P5R5,tracks,79187f01-6d24-4430-97ac-28337db66edd,,"{""uuid"": ""79187f01-6d24-4430-97ac-28337db66edd"", ""net"": ""/M5_SW"", ""layer"": ""F.Cu"", ""a"": [25.65, 26.0], ""z"": [24.35, 26.0], ""width"": 0.6, ""length"": 1.2999999999999972}"
MORI_power_P5R5,tracks,f09a353c-6f82-4b77-a998-2d2e0dd45b1d,,"{""uuid"": ""f09a353c-6f82-4b77-a998-2d2e0dd45b1d"", ""net"": ""/WHEEL_ADC"", ""layer"": ""F.Cu"", ""a"": [32.0, 46.75], ""z"": [35.15, 46.75], ""width"": 0.2, ""length"": 3.1499999999999986}"
MORI_power_P5R5,tracks,d8d1146c-52c4-4bbc-8ab6-3f873e8bb8d8,"{""uuid"": ""d8d1146c-52c4-4bbc-8ab6-3f873e8bb8d8"", ""net"": ""/GND"", ""layer"": ""F.Cu"", ""a"": [27.675, 45.0], ""z"": [28.675, 46.0], ""width"": 0.2, ""length"": 1.4142135623730951}",
MORI_power_P5R5,tracks,f17afcc9-9ef9-465d-90ba-62c90e54e04e,,"{""uuid"": ""f17afcc9-9ef9-465d-90ba-62c90e54e04e"", ""net"": ""/CHG_N"", ""layer"": ""B.Cu"", ""a"": [45.0088, 44.8056], ""z"": [47.398446, 42.415952], ""width"": 0.2, ""length"": 3.3794711966844755}"
MORI_power_P5R5,tracks,cacec19c-d8a4-451e-b30f-c3cb41cb811d,,"{""uuid"": ""cacec19c-d8a4-451e-b30f-c3cb41cb811d"", ""net"": ""/WHEEL_ADC"", ""layer"": ""B.Cu"", ""a"": [20.9296, 9.4488], ""z"": [19.1008, 11.2776], ""width"": 0.2, ""length"": 2.5863137628679165}"
MORI_power_P5R5,tracks,71528ab5-420b-4770-a0a9-b9965c41e007,,"{""uuid"": ""71528ab5-420b-4770-a0a9-b9965c41e007"", ""net"": ""/WHEEL_ADC"", ""layer"": ""F.Cu"", ""a"": [19.6, 33.9], ""z"": [20.6, 34.9], ""width"": 0.2, ""length"": 1.4142135623730951}"
MORI_power_P5R5,tracks,275308b6-c6f3-4c2d-a389-36a4c8858cc2,,"{""uuid"": ""275308b6-c6f3-4c2d-a389-36a4c8858cc2"", ""net"": ""/CHG_N"", ""layer"": ""B.Cu"", ""a"": [47.6504, 52.730399], ""z"": [48.8696, 51.511199], ""width"": 0.2, ""length"": 1.7242091752452786}"
MORI_power_P5R5,tracks,bc9cb350-3502-46c8-bf6b-cb0b71575991,,"{""uuid"": ""bc9cb350-3502-46c8-bf6b-cb0b71575991"", ""net"": ""/M5_EN"", ""layer"": ""F.Cu"", ""a"": [6.5024, 38.608], ""z"": [5.588, 39.5224], ""width"": 0.2, ""length"": 1.2931568814339582}"
MORI_power_P5R5,tracks,74925385-5be6-4b51-8253-63e6e051eb30,,"{""uuid"": ""74925385-5be6-4b51-8253-63e6e051eb30"", ""net"": ""/GND"", ""layer"": ""F.Cu"", ""a"": [24.35, 39.05], ""z"": [23.9, 38.6], ""width"": 0.5, ""length"": 0.6363961030678917}"
MORI_power_P5R5,tracks,0c9fd2b8-cbef-44d4-a3db-b116675fdbbe,"{""uuid"": ""0c9fd2b8-cbef-44d4-a3db-b116675fdbbe"", ""net"": ""/+5V_CAM"", ""layer"": ""B.Cu"", ""a"": [36.9824, 47.6504], ""z"": [38.7096, 45.9232], ""width"": 0.2, ""length"": 2.4426296649308092}",
MORI_power_P5R5,tracks,01228e50-46fb-4c33-bf94-6dcf5f89247e,"{""uuid"": ""01228e50-46fb-4c33-bf94-6dcf5f89247e"", ""net"": ""/CHG_N"", ""layer"": ""F.Cu"", ""a"": [16.662399, 41.7576], ""z"": [17.0688, 42.164], ""width"": 0.2, ""length"": 0.5747370988556447}",
MORI_power_P5R5,tracks,6c4093a0-cddc-4c41-8737-9ab45be6218e,"{""uuid"": ""6c4093a0-cddc-4c41-8737-9ab45be6218e"", ""net"": ""/+5V_CAM"", ""layer"": ""F.Cu"", ""a"": [12.024999, 38.475], ""z"": [10.0, 38.475], ""width"": 0.8, ""length"": 2.0249989999999993}",
MORI_power_P5R5,tracks,9a7ffaf4-d3fa-4dd3-ad9f-9f567c3c2c23,,"{""uuid"": ""9a7ffaf4-d3fa-4dd3-ad9f-9f567c3c2c23"", ""net"": ""/GND"", ""layer"": ""F.Cu"", ""a"": [25.65, 25.05], ""z"": [25.1, 25.05], ""width"": 0.5, ""length"": 0.5499999999999972}"
MORI_power_P5R5,tracks,65d0d9d9-9279-420a-a857-d14435d0a3a0,"{""uuid"": ""65d0d9d9-9279-420a-a857-d14435d0a3a0"", ""net"": ""/M5_FB"", ""layer"": ""F.Cu"", ""a"": [32.825, 29.0], ""z"": [32.825, 30.499999], ""width"": 0.2, ""length"": 1.499998999999999}",
MORI_power_P5R5,tracks,acf5b5f4-b910-45e5-a9e8-b470c2ad12fb,,"{""uuid"": ""acf5b5f4-b910-45e5-a9e8-b470c2ad12fb"", ""net"": ""/WHEEL_ADC"", ""layer"": ""B.Cu"", ""a"": [43.8912, 20.421599], ""z"": [43.8912, 20.116799], ""width"": 0.2, ""length"": 0.3048000000000002}"
MORI_power_P5R5,tracks,4719f48a-075c-4c8a-9e95-1d0ce98cbe37,,"{""uuid"": ""4719f48a-075c-4c8a-9e95-1d0ce98cbe37"", ""net"": ""/CHG_N"", ""layer"": ""B.Cu"", ""a"": [5.0, 38.0], ""z"": [2.953552, 35.953552], ""width"": 0.2, ""length"": 2.8941145162912942}"
MORI_power_P5R5,tracks,e72d9d98-ff07-4daf-9c37-dd1a80616eda,"{""uuid"": ""e72d9d98-ff07-4daf-9c37-dd1a80616eda"", ""net"": ""/CHG_N"", ""layer"": ""F.Cu"", ""a"": [17.0688, 42.164], ""z"": [17.0688, 46.3296], ""width"": 0.2, ""length"": 4.165599999999998}",
MORI_power_P5R5,tracks,c6e16e58-8c61-49e2-af51-8dfe1e7ea4ba,,"{""uuid"": ""c6e16e58-8c61-49e2-af51-8dfe1e7ea4ba"", ""net"": ""/+5V_CAM"", ""layer"": ""B.Cu"", ""a"": [36.9824, 48.971199], ""z"": [36.9824, 47.6504], ""width"": 0.2, ""length"": 1.320799000000001}"
MORI_power_P5R5,tracks,cc077111-96f7-466c-9dbd-8914a6effb22,,"{""uuid"": ""cc077111-96f7-466c-9dbd-8914a6effb22"", ""net"": ""/GND"", ""layer"": ""In1.Cu"", ""a"": [29.499999, 29.5], ""z"": [31.8, 29.5], ""width"": 0.2, ""length"": 2.3000010000000017}"
MORI_power_P5R5,tracks,bdbde466-14ed-4062-ab4f-fde75bbdd347,"{""uuid"": ""bdbde466-14ed-4062-ab4f-fde75bbdd347"", ""net"": ""/M5_SW"", ""layer"": ""F.Cu"", ""a"": [22.148799, 25.1032], ""z"": [22.648798, 25.603199], ""width"": 0.6, ""length"": 0.7071053669729838}",
MORI_power_P5R5,tracks,dc3e79d5-b305-4df5-82a9-c036fc288513,,"{""uuid"": ""dc3e79d5-b305-4df5-82a9-c036fc288513"", ""net"": ""/WHEEL_ADC"", ""layer"": ""B.Cu"", ""a"": [45.0088, 21.539199], ""z"": [43.8912, 20.421599], ""width"": 0.2, ""length"": 1.5805250773081727}"
MORI_power_P5R5,tracks,94d59354-dbc2-41c5-af9e-07495bd51707,"{""uuid"": ""94d59354-dbc2-41c5-af9e-07495bd51707"", ""net"": ""/GND"", ""layer"": ""F.Cu"", ""a"": [26.0, 32.475], ""z"": [26.0, 34.125], ""width"": 0.8, ""length"": 1.6499999999999986}",
MORI_power_P5R5,tracks,eca21f2f-ae6d-4b9d-b399-dee435742b4e,"{""uuid"": ""eca21f2f-ae6d-4b9d-b399-dee435742b4e"", ""net"": ""/+5V_MOTION"", ""layer"": ""F.Cu"", ""a"": [12.5, 24.0], ""z"": [12.024999, 24.475], ""width"": 0.8, ""length"": 0.671752149234375}",
MORI_power_P5R5,tracks,e8308e51-1ddd-4531-822b-32f9e9a3686c,"{""uuid"": ""e8308e51-1ddd-4531-822b-32f9e9a3686c"", ""net"": ""/M5_VIN"", ""layer"": ""F.Cu"", ""a"": [23.65, 28.4], ""z"": [24.15, 28.9], ""width"": 0.8, ""length"": 0.7071067811865476}",
MORI_power_P5R5,tracks,71f187ef-68e4-44f9-ae9f-dfe7a78b536b,,"{""uuid"": ""71f187ef-68e4-44f9-ae9f-dfe7a78b536b"", ""net"": ""/M5_VIN"", ""layer"": ""B.Cu"", ""a"": [29.6, 23.0], ""z"": [28.98, 23.62], ""width"": 0.6, ""length"": 0.8768124086713204}"
MORI_power_P5R5,tracks,cd029717-9c4e-41ad-a9c2-929700746492,,"{""uuid"": ""cd029717-9c4e-41ad-a9c2-929700746492"", ""net"": ""/WHEEL_ADC"", ""layer"": ""B.Cu"", ""a"": [19.1008, 19.304], ""z"": [22.0, 22.2], ""width"": 0.2, ""length"": 4.097825843053851}"
MORI_power_P5R5,tracks,416457a7-d5f1-4958-b673-70c9260994ac,,"{""uuid"": ""416457a7-d5f1-4958-b673-70c9260994ac"", ""net"": ""/+5V_MOTION"", ""layer"": ""F.Cu"", ""a"": [10.0, 26.525], ""z"": [7.478, 24.003], ""width"": 0.8, ""length"": 3.5666466043049447}"
MORI_power_P5R5,tracks,de6f7d1b-c3c9-4bee-a3be-7dd90065f0e5,,"{""uuid"": ""de6f7d1b-c3c9-4bee-a3be-7dd90065f0e5"", ""net"": ""/C5_EN"", ""layer"": ""F.Cu"", ""a"": [28.6, 39.500001], ""z"": [28.100001, 40.0], ""width"": 0.2, ""length"": 0.7071053669729888}"
MORI_power_P5R5,tracks,8eb001bc-c9bb-4af1-a1a0-56cdc0b16000,,"{""uuid"": ""8eb001bc-c9bb-4af1-a1a0-56cdc0b16000"", ""net"": ""/WHEEL_ADC"", ""layer"": ""B.Cu"", ""a"": [46.0248, 21.539199], ""z"": [45.0088, 21.539199], ""width"": 0.2, ""length"": 1.0159999999999982}"
MORI_power_P5R5,tracks,23c45ac9-321d-480d-ac4a-965a2f949178,"{""uuid"": ""23c45ac9-321d-480d-ac4a-965a2f949178"", ""net"": ""/C5_VIN"", ""layer"": ""F.Cu"", ""a"": [22.5552, 40.7924], ""z"": [22.5044, 40.7416], ""width"": 0.8, ""length"": 0.0718420489685541}",
MORI_power_P5R5,tracks,f0e2c74b-e9de-4747-931a-34fd7fae8246,,"{""uuid"": ""f0e2c74b-e9de-4747-931a-34fd7fae8246"", ""net"": ""/+5V_MOTION"", ""layer"": ""F.Cu"", ""a"": [16.6, 31.2], ""z"": [16.6, 29.5], ""width"": 0.2, ""length"": 1.6999999999999993}"
MORI_power_P5R5,tracks,3866a93a-2b8c-4998-8e27-3d4cd780c0c6,"{""uuid"": ""3866a93a-2b8c-4998-8e27-3d4cd780c0c6"", ""net"": ""/C5_EN"", ""layer"": ""F.Cu"", ""a"": [35.311599, 44.5], ""z"": [36.5, 44.5], ""width"": 0.2, ""length"": 1.188400999999999}",
MORI_power_P5R5,tracks,9303b584-239a-4258-842a-2edb4120fd5c,,"{""uuid"": ""9303b584-239a-4258-842a-2edb4120fd5c"", ""net"": ""/GND"", ""layer"": ""F.Cu"", ""a"": [25.65, 23.7], ""z"": [25.65, 25.05], ""width"": 0.2, ""length"": 1.3500000000000014}"
MORI_power_P5R5,tracks,94b6fa3e-d5c6-4e3e-9f64-5f066f696eb0,,"{""uuid"": ""94b6fa3e-d5c6-4e3e-9f64-5f066f696eb0"", ""net"": ""/GND"", ""layer"": ""F.Cu"", ""a"": [21.5, 26.5], ""z"": [20.4, 27.6], ""width"": 0.6, ""length"": 1.5556349186104066}"
MORI_power_P5R5,tracks,dc395215-b107-41b1-94d7-f46261d3bf58,,"{""uuid"": ""dc395215-b107-41b1-94d7-f46261d3bf58"", ""net"": ""/C5_EN"", ""layer"": ""F.Cu"", ""a"": [28.100001, 40.0], ""z"": [27.6, 40.0], ""width"": 0.2, ""length"": 0.5000009999999975}"
MORI_power_P5R5,tracks,ef614182-33ef-44b4-b835-0dec02129691,,"{""uuid"": ""ef614182-33ef-44b4-b835-0dec02129691"", ""net"": ""/CHG_N"", ""layer"": ""B.Cu"", ""a"": [3.546447, 34.653552], ""z"": [2.953552, 35.246447], ""width"": 0.2, ""length"": 0.8384801500632001}"
MORI_power_P5R5,tracks,3391d4bd-c9b1-4f55-8984-2482b410f569,"{""uuid"": ""3391d4bd-c9b1-4f55-8984-2482b410f569"", ""net"": ""/C5_SW"", ""layer"": ""F.Cu"", ""a"": [22.5044, 39.471599], ""z"": [23.0124, 39.9796], ""width"": 0.6, ""length"": 0.7184211967926609}",
MORI_power_P5R5,tracks,61f43da2-fe97-4f38-a60b-0343e9e8b7b8,"{""uuid"": ""61f43da2-fe97-4f38-a60b-0343e9e8b7b8"", ""net"": ""/WHEEL_ADC"", ""layer"": ""F.Cu"", ""a"": [44.907199, 21.1328], ""z"": [44.907199, 23.375999], ""width"": 0.2, ""length"": 2.2431990000000006}",
MORI_power_P5R5,tracks,b517fba2-7c27-4af0-a031-1d9e708d052c,,"{""uuid"": ""b517fba2-7c27-4af0-a031-1d9e708d052c"", ""net"": ""/C5_EN"", ""layer"": ""F.Cu"", ""a"": [32.6136, 41.2496], ""z"": [35.1536, 43.7896], ""width"": 0.2, ""length"": 3.5921024484276605}"
MORI_power_P5R5,tracks,c7d1658d-4e9f-4d4f-a349-0303d101cda6,,"{""uuid"": ""c7d1658d-4e9f-4d4f-a349-0303d101cda6"", ""net"": ""/M5_EN"", ""layer"": ""B.Cu"", ""a"": [11.2, 31.6], ""z"": [11.2, 32.6912], ""width"": 0.2, ""length"": 1.0912000000000006}"
MORI_power_P5R5,tracks,f1d280fb-d60d-4451-a9a5-456d0824e887,,"{""uuid"": ""f1d280fb-d60d-4451-a9a5-456d0824e887"", ""net"": ""/GND"", ""layer"": ""In1.Cu"", ""a"": [26.25, 24.3], ""z"": [25.65, 23.7], ""width"": 0.2, ""length"": 0.8485281374238591}"
MORI_power_P5R5,tracks,c85d72cd-d7d7-4daf-91bd-a78b758d7d58,,"{""uuid"": ""c85d72cd-d7d7-4daf-91bd-a78b758d7d58"", ""net"": ""/+5V_MOTION"", ""layer"": ""F.Cu"", ""a"": [32.25, 31.65], ""z"": [30.475, 31.65], ""width"": 0.2, ""length"": 1.7749999999999986}"
MORI_power_P5R5,tracks,184ec45e-4a1c-4af6-9597-a7085cea41dd,"{""uuid"": ""184ec45e-4a1c-4af6-9597-a7085cea41dd"", ""net"": ""/M5_FB"", ""layer"": ""F.Cu"", ""a"": [32.105599, 29.8704], ""z"": [30.784799, 29.8704], ""width"": 0.2, ""length"": 1.3207999999999984}",
MORI_power_P5R5,tracks,c1d25cd8-661a-4fcc-9df8-81c2d984134f,"{""uuid"": ""c1d25cd8-661a-4fcc-9df8-81c2d984134f"", ""net"": ""/CHG_N"", ""layer"": ""B.Cu"", ""a"": [45.0088, 45.3136], ""z"": [45.0088, 44.797598], ""width"": 0.2, ""length"": 0.5160020000000003}",
MORI_power_P5R5,tracks,ea277773-5101-4a61-aa41-b1d38146912b,"{""uuid"": ""ea277773-5101-4a61-aa41-b1d38146912b"", ""net"": ""/C5_EN"", ""layer"": ""B.Cu"", ""a"": [28.3464, 34.544], ""z"": [28.3464, 38.3032], ""width"": 0.2, ""length"": 3.7592}",
MORI_power_P5R5,tracks,2e9c622a-f5aa-44e3-892a-f42400d7e9d8,,"{""uuid"": ""2e9c622a-f5aa-44e3-892a-f42400d7e9d8"", ""net"": ""/M5_SW"", ""layer"": ""B.Cu"", ""a"": [24.35, 21.149998], ""z"": [24.849999, 20.65], ""width"": 0.6, ""length"": 0.7071046598665579}"
MORI_power_P5R5,tracks,407aa8cf-93af-4131-be82-1c7a27ca721a,"{""uuid"": ""407aa8cf-93af-4131-be82-1c7a27ca721a"", ""net"": ""/GND"", ""layer"": ""F.Cu"", ""a"": [31.325, 45.5], ""z"": [31.825, 45.5], ""width"": 0.2, ""length"": 0.5}",
MORI_power_P5R5,tracks,047811f8-4c86-4a8b-ad42-1d3614b5d1d6,"{""uuid"": ""047811f8-4c86-4a8b-ad42-1d3614b5d1d6"", ""net"": ""/GND"", ""layer"": ""F.Cu"", ""a"": [27.475, 45.0], ""z"": [28.099999, 45.0], ""width"": 0.2, ""length"": 0.624998999999999}",
MORI_power_P5R5,tracks,16bc98c7-e6be-4579-b8b4-4b0ba11c6c88,,"{""uuid"": ""16bc98c7-e6be-4579-b8b4-4b0ba11c6c88"", ""net"": ""/M5_VIN"", ""layer"": ""F.Cu"", ""a"": [23.2, 26.775], ""z"": [22.5, 27.475], ""width"": 0.8, ""length"": 0.989949493661168}"
MORI_power_P5R5,tracks,2479c73e-4029-4ad9-8ad6-5c5f79f5b0a4,,"{""uuid"": ""2479c73e-4029-4ad9-8ad6-5c5f79f5b0a4"", ""net"": ""/+5V_CAM"", ""layer"": ""F.Cu"", ""a"": [35.9664, 46.6344], ""z"": [35.9664, 46.532799], ""width"": 0.2, ""length"": 0.10160100000000227}"
MORI_power_P5R5,tracks,3020c6a8-506c-4704-9086-1c41eb792c15,"{""uuid"": ""3020c6a8-506c-4704-9086-1c41eb792c15"", ""net"": ""/+5V_CAM"", ""layer"": ""F.Cu"", ""a"": [9.8552, 40.690799], ""z"": [8.5852, 40.690799], ""width"": 0.8, ""length"": 1.2699999999999996}",
MORI_power_P5R5,tracks,404843f6-06fd-4143-872b-5e4fa55c0d19,,"{""uuid"": ""404843f6-06fd-4143-872b-5e4fa55c0d19"", ""net"": ""/CHG_N"", ""layer"": ""B.Cu"", ""a"": [45.9232, 32.8168], ""z"": [44.704, 32.8168], ""width"": 0.2, ""length"": 1.2192000000000007}"
MORI_power_P5R5,tracks,745fa503-86bd-429a-950f-85c593695b9e,"{""uuid"": ""745fa503-86bd-429a-950f-85c593695b9e"", ""net"": ""/+5V_CAM"", ""layer"": ""B.Cu"", ""a"": [36.9824, 48.971199], ""z"": [36.9824, 47.6504], ""width"": 0.2, ""length"": 1.320799000000001}",
MORI_power_P5R5,tracks,9c2f8285-ce28-46eb-9184-3b81b7d3f646,,"{""uuid"": ""9c2f8285-ce28-46eb-9184-3b81b7d3f646"", ""net"": ""/+5V_MOTION"", ""layer"": ""F.Cu"", ""a"": [4.5, 24.003], ""z"": [7.478, 24.003], ""width"": 0.8, ""length"": 2.9779999999999998}"
MORI_power_P5R5,tracks,871f5059-05f2-44f5-8686-3ea1d359461e,,"{""uuid"": ""871f5059-05f2-44f5-8686-3ea1d359461e"", ""net"": ""/CHG_N"", ""layer"": ""B.Cu"", ""a"": [46.0248, 47.244], ""z"": [45.0088, 46.228], ""width"": 0.2, ""length"": 1.4368409793710621}"
MORI_power_P5R5,tracks,5bd91db3-c0c7-491e-918c-c1b0a4ee3786,,"{""uuid"": ""5bd91db3-c0c7-491e-918c-c1b0a4ee3786"", ""net"": ""/GND"", ""layer"": ""F.Cu"", ""a"": [26.000001, 46.6], ""z"": [26.5, 46.100001], ""width"": 0.8, ""length"": 0.7071053669729862}"
MORI_power_P5R5,tracks,ef5a9f80-01cb-4bb7-9f4a-3bb0b4c1e704,,"{""uuid"": ""ef5a9f80-01cb-4bb7-9f4a-3bb0b4c1e704"", ""net"": ""/C5_VIN"", ""layer"": ""F.Cu"", ""a"": [24.25, 41.6], ""z"": [23.275, 41.6], ""width"": 0.6, ""length"": 0.9750000000000014}"
MORI_power_P5R5,tracks,b3949397-ce54-45b0-aa4e-5c2d4673e211,,"{""uuid"": ""b3949397-ce54-45b0-aa4e-5c2d4673e211"", ""net"": ""/GND"", ""layer"": ""F.Cu"", ""a"": [30.825, 44.1], ""z"": [31.300001, 44.1], ""width"": 0.2, ""length"": 0.47500100000000245}"
MORI_power_P5R5,tracks,cb1f8a44-f1f4-4f26-a26a-d9e2821b2fb9,,"{""uuid"": ""cb1f8a44-f1f4-4f26-a26a-d9e2821b2fb9"", ""net"": ""/C5_FB"", ""layer"": ""F.Cu"", ""a"": [28.6, 44.1], ""z"": [29.175, 44.1], ""width"": 0.2, ""length"": 0.5749999999999993}"
MORI_power_P5R5,tracks,2ee07ab3-8dfe-40aa-b54d-884899031f5b,"{""uuid"": ""2ee07ab3-8dfe-40aa-b54d-884899031f5b"", ""net"": ""/GND"", ""layer"": ""F.Cu"", ""a"": [22.0, 42.275], ""z"": [21.85, 42.275], ""width"": 0.3, ""length"": 0.14999999999999858}",
MORI_power_P5R5,tracks,d00cca5b-2ef8-4803-aace-1fc161f220e9,"{""uuid"": ""d00cca5b-2ef8-4803-aace-1fc161f220e9"", ""net"": ""/WHEEL_ADC"", ""layer"": ""F.Cu"", ""a"": [36.576, 9.5504], ""z"": [35.864799, 8.8392], ""width"": 0.2, ""length"": 1.0057893926667767}",
MORI_power_P5R5,tracks,ee6e3f15-09f8-47f0-82d7-fe42dc7b7223,"{""uuid"": ""ee6e3f15-09f8-47f0-82d7-fe42dc7b7223"", ""net"": ""/+5V_CAM"", ""layer"": ""F.Cu"", ""a"": [8.5852, 40.690799], ""z"": [7.924799, 41.3512], ""width"": 0.8, ""length"": 0.9339480508047547}",
MORI_power_P5R5,tracks,1e7fa7d3-674d-442e-bd8d-5cf9ec166faf,,"{""uuid"": ""1e7fa7d3-674d-442e-bd8d-5cf9ec166faf"", ""net"": ""/GND"", ""layer"": ""In1.Cu"", ""a"": [26.800001, 37.7], ""z"": [24.9, 37.7], ""width"": 0.2, ""length"": 1.9000010000000032}"
MORI_power_P5R5,tracks,aaf121a4-5334-407a-a162-aacda7ac281e,,"{""uuid"": ""aaf121a4-5334-407a-a162-aacda7ac281e"", ""net"": ""/M5_EN"", ""layer"": ""B.Cu"", ""a"": [31.0, 28.0], ""z"": [31.0, 29.1], ""width"": 0.2, ""length"": 1.1000000000000014}"
MORI_power_P5R5,tracks,028c53ec-d81a-4cbd-a751-80d764765f71,,"{""uuid"": ""028c53ec-d81a-4cbd-a751-80d764765f71"", ""net"": ""/GND"", ""layer"": ""F.Cu"", ""a"": [31.300001, 44.1], ""z"": [31.8, 43.600001], ""width"": 0.2, ""length"": 0.7071053669729862}"
MORI_power_P5R5,tracks,5f707fae-ac15-4047-afc3-4a3a026df9fc,"{""uuid"": ""5f707fae-ac15-4047-afc3-4a3a026df9fc"", ""net"": ""/M5_EN"", ""layer"": ""F.Cu"", ""a"": [13.9192, 20.421599], ""z"": [12.9032, 20.421599], ""width"": 0.2, ""length"": 1.016}",
MORI_power_P5R5,tracks,ee922b16-177e-4abc-a2c5-6e89305d95c6,,"{""uuid"": ""ee922b16-177e-4abc-a2c5-6e89305d95c6"", ""net"": ""/C5_VIN"", ""layer"": ""F.Cu"", ""a"": [24.9, 42.824999], ""z"": [26.5, 42.925], ""width"": 0.8, ""length"": 1.6031220165667381}"
MORI_power_P5R5,tracks,c986c620-baf5-4705-a741-b536dddd7b71,,"{""uuid"": ""c986c620-baf5-4705-a741-b536dddd7b71"", ""net"": ""/C5_FB"", ""layer"": ""F.Cu"", ""a"": [28.6, 42.55], ""z"": [29.175, 42.55], ""width"": 0.2, ""length"": 0.5749999999999993}"
MORI_power_P5R5,tracks,e08e3ec2-3ecd-4096-b7f5-b10c3366f13e,"{""uuid"": ""e08e3ec2-3ecd-4096-b7f5-b10c3366f13e"", ""net"": ""/M5_EN"", ""layer"": ""B.Cu"", ""a"": [27.7368, 24.9936], ""z"": [26.416, 24.9936], ""width"": 0.2, ""length"": 1.3207999999999984}",
MORI_power_P5R5,tracks,4dff72b3-8a46-475d-b402-16eeae5a5a40,"{""uuid"": ""4dff72b3-8a46-475d-b402-16eeae5a5a40"", ""net"": ""/CHG_N"", ""layer"": ""F.Cu"", ""a"": [17.4752, 46.736], ""z"": [42.976799, 46.736], ""width"": 0.2, ""length"": 25.501599}",
MORI_power_P5R5,tracks,b8887e86-e473-4c9e-bc18-d93a9154404b,"{""uuid"": ""b8887e86-e473-4c9e-bc18-d93a9154404b"", ""net"": ""/+5V_CAM"", ""layer"": ""F.Cu"", ""a"": [29.974999, 43.825], ""z"": [32.0, 43.825], ""width"": 0.2, ""length"": 2.0250009999999996}",
MORI_power_P5R5,tracks,8236f403-65e0-49b0-b05c-b1ccabd6d102,"{""uuid"": ""8236f403-65e0-49b0-b05c-b1ccabd6d102"", ""net"": ""/C5_VIN"", ""layer"": ""F.Cu"", ""a"": [20.975, 45.0], ""z"": [24.525, 45.0], ""width"": 0.8, ""length"": 3.549999999999997}",
MORI_power_P5R5,tracks,7eefaece-a8c8-45f1-9cc3-60aa4bc3dc17,"{""uuid"": ""7eefaece-a8c8-45f1-9cc3-60aa4bc3dc17"", ""net"": ""/+5V_MOTION"", ""layer"": ""F.Cu"", ""a"": [30.1752, 28.448], ""z"": [30.1752, 28.244799], ""width"": 0.2, ""length"": 0.20320099999999996}",
MORI_power_P5R5,tracks,028661c8-38d4-40b0-9e78-05e59f48fc37,"{""uuid"": ""028661c8-38d4-40b0-9e78-05e59f48fc37"", ""net"": ""/WHEEL_ADC"", ""layer"": ""B.Cu"", ""a"": [48.26, 9.5504], ""z"": [36.576, 9.5504], ""width"": 0.2, ""length"": 11.683999999999997}",
MORI_power_P5R5,tracks,66b12ea3-a874-418c-87ee-2aa0fb2ed775,,"{""uuid"": ""66b12ea3-a874-418c-87ee-2aa0fb2ed775"", ""net"": ""/C5_SW"", ""layer"": ""B.Cu"", ""a"": [23.6, 38.0], ""z"": [21.5, 38.0], ""width"": 0.8, ""length"": 2.1000000000000014}"
MORI_power_P5R5,tracks,59c0d9a5-3176-4b72-91ca-8aeab7845238,"{""uuid"": ""59c0d9a5-3176-4b72-91ca-8aeab7845238"", ""net"": ""/WHEEL_ADC"", ""layer"": ""F.Cu"", ""a"": [19.1008, 17.8816], ""z"": [19.1008, 19.304], ""width"": 0.2, ""length"": 1.4223999999999997}",
MORI_power_P5R5,tracks,e12bda44-0d3c-40d1-8495-4c8b740bab91,,"{""uuid"": ""e12bda44-0d3c-40d1-8495-4c8b740bab91"", ""net"": ""/+5V_CAM"", ""layer"": ""F.Cu"", ""a"": [36.8808, 47.5488], ""z"": [35.9664, 46.6344], ""width"": 0.2, ""length"": 1.293156881433959}"
MORI_power_P5R5,tracks,fffa4e34-ff01-4f09-9055-1e004353dbba,,"{""uuid"": ""fffa4e34-ff01-4f09-9055-1e004353dbba"", ""net"": ""/C5_EN"", ""layer"": ""F.Cu"", ""a"": [28.6, 37.9], ""z"": [28.6, 39.500001], ""width"": 0.2, ""length"": 1.600000999999999}"
MORI_power_P5R5,tracks,09a99b5e-49b0-4c5a-9df4-68c0b11144a9,"{""uuid"": ""09a99b5e-49b0-4c5a-9df4-68c0b11144a9"", ""net"": ""/+5V_MOTION"", ""layer"": ""B.Cu"", ""a"": [27.432, 29.362399], ""z"": [26.517599, 28.448], ""width"": 0.2, ""length"": 1.2931568814347296}",
MORI_power_P5R5,tracks,472a8000-c04e-42d6-a90c-9fdd1abd215e,,"{""uuid"": ""472a8000-c04e-42d6-a90c-9fdd1abd215e"", ""net"": ""/CHG_N"", ""layer"": ""F.Cu"", ""a"": [15.748, 42.3672], ""z"": [16.662399, 42.3672], ""width"": 0.2, ""length"": 0.9143990000000013}"
MORI_power_P5R5,tracks,c9262632-ce60-448e-bb4a-e28ac52414ca,,"{""uuid"": ""c9262632-ce60-448e-bb4a-e28ac52414ca"", ""net"": ""/C5_EN"", ""layer"": ""F.Cu"", ""a"": [35.7896, 43.7896], ""z"": [36.5, 44.5], ""width"": 0.2, ""length"": 1.0046573147098468}"
MORI_power_P5R5,tracks,2bbbdeb6-b2ad-4ff8-8bb8-4091d5bc1295,,"{""uuid"": ""2bbbdeb6-b2ad-4ff8-8bb8-4091d5bc1295"", ""net"": ""/CHG_N"", ""layer"": ""B.Cu"", ""a"": [48.8696, 51.511199], ""z"": [48.8696, 49.8856], ""width"": 0.2, ""length"": 1.6255990000000011}"
MORI_power_P5R5,tracks,f2a9aea4-4d53-42a0-9134-0b66d2e4742d,"{""uuid"": ""f2a9aea4-4d53-42a0-9134-0b66d2e4742d"", ""net"": ""/GND"", ""layer"": ""F.Cu"", ""a"": [19.5, 31.975], ""z"": [19.5, 32.6], ""width"": 0.2, ""length"": 0.625}",
MORI_power_P5R5,tracks,9ce2f8e7-4612-4cef-81d1-5bb4c926f9e3,,"{""uuid"": ""9ce2f8e7-4612-4cef-81d1-5bb4c926f9e3"", ""net"": ""/GND"", ""layer"": ""F.Cu"", ""a"": [23.825, 24.6], ""z"": [23.2, 25.225], ""width"": 0.5, ""length"": 0.8838834764831844}"
MORI_power_P5R5,tracks,c45c2b10-c98e-4e71-90b8-85a793272537,"{""uuid"": ""c45c2b10-c98e-4e71-90b8-85a793272537"", ""net"": ""/WHEEL_ADC"", ""layer"": ""F.Cu"", ""a"": [43.8912, 20.116799], ""z"": [44.907199, 21.1328], ""width"": 0.2, ""length"": 1.4368409793717605}",
MORI_power_P5R5,tracks,702a0ec7-cbe1-4822-8fdc-9f616bc9cb7a,,"{""uuid"": ""702a0ec7-cbe1-4822-8fdc-9f616bc9cb7a"", ""net"": ""/CHG_N"", ""layer"": ""B.Cu"", ""a"": [48.8696, 49.8856], ""z"": [48.056799, 49.0728], ""width"": 0.2, ""length"": 1.1494734906038475}"
MORI_power_P5R5,tracks,59d7bd44-a48e-4f43-b890-2489e1023856,"{""uuid"": ""59d7bd44-a48e-4f43-b890-2489e1023856"", ""net"": ""/C5_FB"", ""layer"": ""F.Cu"", ""a"": [27.599998, 41.699999], ""z"": [26.85, 40.95], ""width"": 0.2, ""length"": 1.0606580504597087}",
MORI_power_P5R5,tracks,15c786af-510d-442f-b261-4c67dfc32796,"{""uuid"": ""15c786af-510d-442f-b261-4c67dfc32796"", ""net"": ""/+5V_MOTION"", ""layer"": ""F.Cu"", ""a"": [7.478, 29.978], ""z"": [9.5, 32.0], ""width"": 0.2, ""length"": 2.8595398231183973}",
MORI_power_P5R5,tracks,c63e55b0-650d-459e-9369-39dfd158f15a,,"{""uuid"": ""c63e55b0-650d-459e-9369-39dfd158f15a"", ""net"": ""/+5V_CAM"", ""layer"": ""F.Cu"", ""a"": [23.368, 34.4424], ""z"": [21.843999, 34.4424], ""width"": 0.2, ""length"": 1.5240009999999984}"
MORI_power_P5R5,tracks,00cc9aec-020a-4e42-852f-2dd2d259bded,,"{""uuid"": ""00cc9aec-020a-4e42-852f-2dd2d259bded"", ""net"": ""/C5_VIN"", ""layer"": ""F.Cu"", ""a"": [23.275, 41.6], ""z"": [22.45, 40.775], ""width"": 0.6, ""length"": 1.1667261889578049}"
MORI_power_P5R5,tracks,291feaed-b31f-4727-8d60-0600a646c4bf,,"{""uuid"": ""291feaed-b31f-4727-8d60-0600a646c4bf"", ""net"": ""/GND"", ""layer"": ""F.Cu"", ""a"": [21.5, 25.724999], ""z"": [21.999999, 25.225], ""width"": 0.6, ""length"": 0.7071053669729838}"
MORI_power_P5R5,tracks,c0524772-a204-42dd-9ef9-26be6f0edaae,"{""uuid"": ""c0524772-a204-42dd-9ef9-26be6f0edaae"", ""net"": ""/M5_VIN"", ""layer"": ""F.Cu"", ""a"": [21.336, 26.7208], ""z"": [19.659599, 28.397199], ""width"": 0.8, ""length"": 2.3707876159626773}",
MORI_power_P5R5,tracks,a7d0c6fc-0734-4bcd-b56a-35e4d6d0a500,"{""uuid"": ""a7d0c6fc-0734-4bcd-b56a-35e4d6d0a500"", ""net"": ""/+5V_CAM"", ""layer"": ""F.Cu"", ""a"": [12.5, 38.0], ""z"": [12.024999, 38.475], ""width"": 0.8, ""length"": 0.671752149234375}",
MORI_power_P5R5,tracks,d40ea687-6a29-482c-944f-cde8bb8170c9,,"{""uuid"": ""d40ea687-6a29-482c-944f-cde8bb8170c9"", ""net"": ""/WHEEL_ADC"", ""layer"": ""F.Cu"", ""a"": [45.407199, 23.875999], ""z"": [47.3456, 23.875999], ""width"": 0.2, ""length"": 1.938400999999999}"
MORI_power_P5R5,tracks,2cd3c326-f08a-4f32-927f-701b365f9d24,,"{""uuid"": ""2cd3c326-f08a-4f32-927f-701b365f9d24"", ""net"": ""/C5_SW"", ""layer"": ""F.Cu"", ""a"": [27.6, 34.15], ""z"": [27.6, 35.325], ""width"": 0.5, ""length"": 1.1750000000000043}"
MORI_power_P5R5,tracks,464b34f8-75fb-4a39-b578-39a8be0e41f2,"{""uuid"": ""464b34f8-75fb-4a39-b578-39a8be0e41f2"", ""net"": ""/M5_SW"", ""layer"": ""F.Cu"", ""a"": [23.0632, 26.0096], ""z"": [23.1648, 26.0096], ""width"": 0.6, ""length"": 0.10160000000000124}",
MORI_power_P5R5,tracks,771625ad-1722-4c0c-949e-226c9e919a2e,,"{""uuid"": ""771625ad-1722-4c0c-949e-226c9e919a2e"", ""net"": ""/C5_EN"", ""layer"": ""B.Cu"", ""a"": [29.108, 33.7312], ""z"": [31.8008, 33.7312], ""width"": 0.2, ""length"": 2.6927999999999983}"
MORI_power_P5R5,tracks,604eb27d-8d61-4150-9c37-e1eb16a928f8,"{""uuid"": ""604eb27d-8d61-4150-9c37-e1eb16a928f8"", ""net"": ""/+5V_CAM"", ""layer"": ""B.Cu"", ""a"": [31.9024, 40.843199], ""z"": [31.2928, 40.233599], ""width"": 0.2, ""length"": 0.8621045876226393}",
MORI_power_P5R5,tracks,f1f57553-1a35-4c48-9cfc-b8f257ef0b8b,,"{""uuid"": ""f1f57553-1a35-4c48-9cfc-b8f257ef0b8b"", ""net"": ""/GND"", ""layer"": ""F.Cu"", ""a"": [23.075, 38.6], ""z"": [22.45, 39.225], ""width"": 0.5, ""length"": 0.8838834764831844}"
MORI_power_P5R5,tracks,c3d96858-40a6-4b89-9ad1-34e200cbe4b8,"{""uuid"": ""c3d96858-40a6-4b89-9ad1-34e200cbe4b8"", ""net"": ""/CHG_N"", ""layer"": ""F.Cu"", ""a"": [13.512799, 42.5704], ""z"": [15.3416, 42.5704], ""width"": 0.2, ""length"": 1.8288010000000003}",
MORI_power_P5R5,tracks,a4ec1c9a-2e04-458a-92fd-93362459f18f,"{""uuid"": ""a4ec1c9a-2e04-458a-92fd-93362459f18f"", ""net"": ""/C5_EN"", ""layer"": ""B.Cu"", ""a"": [32.003999, 40.3352], ""z"": [32.8168, 41.148], ""width"": 0.2, ""length"": 1.1494734906038526}",
MORI_power_P5R5,tracks,bf37ef9f-69cb-41f8-aa5c-7c05092719b0,"{""uuid"": ""bf37ef9f-69cb-41f8-aa5c-7c05092719b0"", ""net"": ""/C5_VIN"", ""layer"": ""F.Cu"", ""a"": [24.525, 45.0], ""z"": [23.15, 44.25], ""width"": 0.8, ""length"": 1.5662455107677085}",
MORI_power_P5R5,tracks,d766396c-da89-434d-ae4b-d28ce798fec6,"{""uuid"": ""d766396c-da89-434d-ae4b-d28ce798fec6"", ""net"": ""/C5_BOOT"", ""layer"": ""F.Cu"", ""a"": [26.775, 37.0], ""z"": [27.3, 37.0], ""width"": 0.2, ""length"": 0.5250000000000021}",
MORI_power_P5R5,tracks,4af0a2dd-4a4a-4d70-8cf8-32b63f9f017a,"{""uuid"": ""4af0a2dd-4a4a-4d70-8cf8-32b63f9f017a"", ""net"": ""/GND"", ""layer"": ""F.Cu"", ""a"": [22.0, 28.275], ""z"": [22.0, 28.8], ""width"": 0.2, ""length"": 0.5250000000000021}",
MORI_power_P5R5,tracks,54c110d5-471c-4eb2-92e3-9f3725aac881,,"{""uuid"": ""54c110d5-471c-4eb2-92e3-9f3725aac881"", ""net"": ""/GND"", ""layer"": ""F.Cu"", ""a"": [31.8, 29.600001], ""z"": [31.300001, 30.1], ""width"": 0.2, ""length"": 0.7071053669729862}"
MORI_power_P5R5,tracks,d1edeb1c-b192-4001-8ae8-7dcd0190ccea,,"{""uuid"": ""d1edeb1c-b192-4001-8ae8-7dcd0190ccea"", ""net"": ""/GND"", ""layer"": ""F.Cu"", ""a"": [20.4, 45.875], ""z"": [22.5, 45.875], ""width"": 0.6, ""length"": 2.1000000000000014}"
MORI_power_P5R5,tracks,e898a0a4-8407-4591-b97b-7da96f7a4a65,,"{""uuid"": ""e898a0a4-8407-4591-b97b-7da96f7a4a65"", ""net"": ""/CHG_N"", ""layer"": ""B.Cu"", ""a"": [46.736, 33.6296], ""z"": [45.9232, 32.8168], ""width"": 0.2, ""length"": 1.1494727834968508}"
MORI_power_P5R5,tracks,f8eeeb1e-c824-4509-ba97-f8a4d3b0257a,"{""uuid"": ""f8eeeb1e-c824-4509-ba97-f8a4d3b0257a"", ""net"": ""/M5_EN"", ""layer"": ""F.Cu"", ""a"": [14.224, 20.116799], ""z"": [13.9192, 20.421599], ""width"": 0.2, ""length"": 0.43105229381131965}",
MORI_power_P5R5,tracks,3cad09d7-cf30-4f20-84f2-a995a29d31c6,,"{""uuid"": ""3cad09d7-cf30-4f20-84f2-a995a29d31c6"", ""net"": ""/C5_FB"", ""layer"": ""F.Cu"", ""a"": [28.6, 41.95], ""z"": [28.6, 45.9232], ""width"": 0.2, ""length"": 3.9731999999999985}"
MORI_power_P5R5,tracks,1b711d5d-188d-46e6-b5a3-0f16252b2602,,"{""uuid"": ""1b711d5d-188d-46e6-b5a3-0f16252b2602"", ""net"": ""/GND"", ""layer"": ""F.Cu"", ""a"": [20.4, 32.075], ""z"": [22.5, 32.075], ""width"": 0.6, ""length"": 2.1000000000000014}"
MORI_power_P5R5,tracks,e3a42782-8b50-4b44-8858-f212ae374b56,,"{""uuid"": ""e3a42782-8b50-4b44-8858-f212ae374b56"", ""net"": ""/M5_VIN"", ""layer"": ""B.Cu"", ""a"": [28.98, 23.62], ""z"": [28.98, 27.3], ""width"": 0.6, ""length"": 3.6799999999999997}"
MORI_power_P5R5,tracks,9b847fff-2ad1-4266-9b32-47a15bbb7a68,"{""uuid"": ""9b847fff-2ad1-4266-9b32-47a15bbb7a68"", ""net"": ""/C5_VIN"", ""layer"": ""F.Cu"", ""a"": [24.6888, 42.5704], ""z"": [27.939999, 42.5704], ""width"": 0.8, ""length"": 3.2511989999999997}",
MORI_power_P5R5,tracks,920146fc-b4ea-4877-aebe-7cf7138c1c88,,"{""uuid"": ""920146fc-b4ea-4877-aebe-7cf7138c1c88"", ""net"": ""/WHEEL_ADC"", ""layer"": ""B.Cu"", ""a"": [19.1008, 11.2776], ""z"": [19.1008, 17.8816], ""width"": 0.2, ""length"": 6.603999999999999}"
MORI_power_P5R5,tracks,f01312d3-08d6-48a9-8c40-892301584c48,"{""uuid"": ""f01312d3-08d6-48a9-8c40-892301584c48"", ""net"": ""/+5V_CAM"", ""layer"": ""B.Cu"", ""a"": [27.635199, 40.233599], ""z"": [21.843999, 34.4424], ""width"": 0.2, ""length"": 8.189992875308317}",
MORI_power_P5R5,tracks,60bd3fd7-888f-45b1-a3ca-24cdefde5f67,,"{""uuid"": ""60bd3fd7-888f-45b1-a3ca-24cdefde5f67"", ""net"": ""/M5_BOOT"", ""layer"": ""F.Cu"", ""a"": [28.35, 23.375], ""z"": [28.35, 25.05], ""width"": 0.2, ""length"": 1.6750000000000007}"
MORI_power_P5R5,tracks,2af15621-4081-47d6-9c88-9ba1a0edd3a8,"{""uuid"": ""2af15621-4081-47d6-9c88-9ba1a0edd3a8"", ""net"": ""/WHEEL_ADC"", ""layer"": ""B.Cu"", ""a"": [49.6824, 17.8816], ""z"": [49.6824, 10.9728], ""width"": 0.2, ""length"": 6.908799999999999}",
MORI_power_P5R5,tracks,1527a5a0-3f27-4621-933a-4e6888c105fb,,"{""uuid"": ""1527a5a0-3f27-4621-933a-4e6888c105fb"", ""net"": ""/+5V_MOTION"", ""layer"": ""F.Cu"", ""a"": [12.7, 27.330399], ""z"": [12.7, 24.892], ""width"": 0.2, ""length"": 2.4383990000000004}"
MORI_power_P5R5,tracks,3eb97d06-5777-46cb-96a4-1e92b5f30419,,"{""uuid"": ""3eb97d06-5777-46cb-96a4-1e92b5f30419"", ""net"": ""/+5V_MOTION"", ""layer"": ""F.Cu"", ""a"": [7.478, 29.978], ""z"": [9.5, 32.0], ""width"": 0.2, ""length"": 2.8595398231183973}"
MORI_power_P5R5,tracks,d99534d2-28f1-4b86-8c50-83c2ac28cff8,"{""uuid"": ""d99534d2-28f1-4b86-8c50-83c2ac28cff8"", ""net"": ""/C5_FB"", ""layer"": ""F.Cu"", ""a"": [29.667199, 45.5168], ""z"": [28.6512, 44.5008], ""width"": 0.2, ""length"": 1.4368402722644615}",
MORI_power_P5R5,tracks,966ca96f-d528-42c6-81cc-cf049ed2ac46,,"{""uuid"": ""966ca96f-d528-42c6-81cc-cf049ed2ac46"", ""net"": ""/M5_EN"", ""layer"": ""B.Cu"", ""a"": [11.2, 32.6912], ""z"": [6.604, 37.2872], ""width"": 0.2, ""length"": 6.4997255326667425}"
MORI_power_P5R5,tracks,65ed8cd3-7282-4a1d-a277-7e0d3ce29296,"{""uuid"": ""65ed8cd3-7282-4a1d-a277-7e0d3ce29296"", ""net"": ""/C5_FB"", ""layer"": ""F.Cu"", ""a"": [29.975001, 42.175], ""z"": [32.0, 42.175], ""width"": 0.2, ""length"": 2.024999000000001}",
MORI_power_P5R5,tracks,6ec75746-2fea-45bd-961e-a476483f7bfe,,"{""uuid"": ""6ec75746-2fea-45bd-961e-a476483f7bfe"", ""net"": ""/WHEEL_ADC"", ""layer"": ""B.Cu"", ""a"": [40.453552, 41.246447], ""z"": [41.5, 40.2], ""width"": 0.2, ""length"": 1.4799002468115872}"
MORI_power_P5R5,tracks,eb337112-77fc-4a0c-9921-6852b942f6ea,"{""uuid"": ""eb337112-77fc-4a0c-9921-6852b942f6ea"", ""net"": ""/M5_VIN"", ""layer"": ""F.Cu"", ""a"": [19.659599, 28.397199], ""z"": [19.507199, 28.397199], ""width"": 0.8, ""length"": 0.1524000000000001}",
MORI_power_P5R5,tracks,f40d7d38-3bee-468d-9af4-27b032babf6b,"{""uuid"": ""f40d7d38-3bee-468d-9af4-27b032babf6b"", ""net"": ""/M5_VIN"", ""layer"": ""F.Cu"", ""a"": [22.605999, 26.8224], ""z"": [22.5044, 26.7208], ""width"": 0.8, ""length"": 0.14368339083206375}",
MORI_power_P5R5,tracks,edc505ef-6777-4705-8143-ed8778e2880c,,"{""uuid"": ""edc505ef-6777-4705-8143-ed8778e2880c"", ""net"": ""/WHEEL_ADC"", ""layer"": ""F.Cu"", ""a"": [19.4, 28.6], ""z"": [19.6, 28.8], ""width"": 0.2, ""length"": 0.2828427124746205}"
MORI_power_P5R5,tracks,36c2406c-ed04-4d3a-be0e-066916065e8c,"{""uuid"": ""36c2406c-ed04-4d3a-be0e-066916065e8c"", ""net"": ""/M5_VIN"", ""layer"": ""F.Cu"", ""a"": [23.1648, 26.9748], ""z"": [22.8092, 26.9748], ""width"": 0.8, ""length"": 0.35559999999999903}",
MORI_power_P5R5,tracks,8cf184fa-9157-4c43-8cdd-4da5325af4af,,"{""uuid"": ""8cf184fa-9157-4c43-8cdd-4da5325af4af"", ""net"": ""/CHG_N"", ""layer"": ""F.Cu"", ""a"": [12.7, 42.2656], ""z"": [12.7, 41.0464], ""width"": 0.2, ""length"": 1.2192000000000007}"
MORI_power_P5R5,tracks,edaddff9-7d35-4ae4-a81e-5ac780acbf15,,"{""uuid"": ""edaddff9-7d35-4ae4-a81e-5ac780acbf15"", ""net"": ""/GND"", ""layer"": ""F.Cu"", ""a"": [21.3, 40.5], ""z"": [20.4, 41.4], ""width"": 0.6, ""length"": 1.2727922061357861}"
MORI_power_P5R5,tracks,25750b58-4677-4505-8a5e-68ce4df2eb74,,"{""uuid"": ""25750b58-4677-4505-8a5e-68ce4df2eb74"", ""net"": ""/GND"", ""layer"": ""F.Cu"", ""a"": [26.5, 32.3], ""z"": [26.5, 32.075], ""width"": 0.8, ""length"": 0.22499999999999432}"
MORI_power_P5R5,tracks,026055a6-32d6-40aa-89ce-de4c53b98661,"{""uuid"": ""026055a6-32d6-40aa-89ce-de4c53b98661"", ""net"": ""/WHEEL_ADC"", ""layer"": ""B.Cu"", ""a"": [23.7744, 19.304], ""z"": [30.1752, 25.7048], ""width"": 0.2, ""length"": 9.052098170037707}",
MORI_power_P5R5,tracks,a1e71533-dec8-4938-8f24-dfc9931ad285,,"{""uuid"": ""a1e71533-dec8-4938-8f24-dfc9931ad285"", ""net"": ""/M5_EN"", ""layer"": ""B.Cu"", ""a"": [18.6, 30.4], ""z"": [15.8, 30.4], ""width"": 0.2, ""length"": 2.8000000000000007}"
MORI_power_P5R5,tracks,0edc049f-bc63-4811-8f1a-4cc130c99890,,"{""uuid"": ""0edc049f-bc63-4811-8f1a-4cc130c99890"", ""net"": ""/C5_EN"", ""layer"": ""B.Cu"", ""a"": [28.6, 37.9], ""z"": [28.6, 34.2392], ""width"": 0.2, ""length"": 3.660800000000002}"
MORI_power_P5R5,tracks,f9b76105-d433-432b-8bc9-926adf75e3a7,,"{""uuid"": ""f9b76105-d433-432b-8bc9-926adf75e3a7"", ""net"": ""/GND"", ""layer"": ""F.Cu"", ""a"": [22.5, 46.100001], ""z"": [22.999999, 46.6], ""width"": 0.8, ""length"": 0.7071053669729862}"
MORI_power_P5R5,tracks,e266fd1f-08e2-466b-a959-edb0de603283,"{""uuid"": ""e266fd1f-08e2-466b-a959-edb0de603283"", ""net"": ""/C5_SW"", ""layer"": ""F.Cu"", ""a"": [22.5044, 37.846], ""z"": [23.350399, 37.0], ""width"": 0.6, ""length"": 1.196423966661063}",
MORI_power_P5R5,tracks,e746f770-d3b7-425a-94b9-341ca4758522,,"{""uuid"": ""e746f770-d3b7-425a-94b9-341ca4758522"", ""net"": ""/+5V_MOTION"", ""layer"": ""B.Cu"", ""a"": [28.5, 31.8], ""z"": [27.4, 32.9], ""width"": 0.2, ""length"": 1.555634918610404}"
MORI_power_P5R5,tracks,0cfe04f3-59ce-4204-b8a9-043ed1a6f29f,"{""uuid"": ""0cfe04f3-59ce-4204-b8a9-043ed1a6f29f"", ""net"": ""/M5_BOOT"", ""layer"": ""F.Cu"", ""a"": [26.775, 24.625], ""z"": [26.35, 25.05], ""width"": 0.2, ""length"": 0.6010407640085639}",
MORI_power_P5R5,tracks,5b591f93-c5a4-4e14-b824-7b2f0db475a0,"{""uuid"": ""5b591f93-c5a4-4e14-b824-7b2f0db475a0"", ""net"": ""/+5V_MOTION"", ""layer"": ""F.Cu"", ""a"": [7.478, 25.997], ""z"": [7.478, 29.978], ""width"": 0.2, ""length"": 3.9810000000000016}",
MORI_power_P5R5,tracks,f1e0d166-c5fa-4389-84c7-5ec8e7042a89,,"{""uuid"": ""f1e0d166-c5fa-4389-84c7-5ec8e7042a89"", ""net"": ""/C5_VIN"", ""layer"": ""B.Cu"", ""a"": [29.5, 41.3], ""z"": [29.0, 41.8], ""width"": 0.6, ""length"": 0.7071067811865476}"
MORI_power_P5R5,tracks,940f48bb-0402-49bf-a617-b5ba46abc446,"{""uuid"": ""940f48bb-0402-49bf-a617-b5ba46abc446"", ""net"": ""/C5_EN"", ""layer"": ""F.Cu"", ""a"": [27.8464, 40.0304], ""z"": [28.3464, 39.5304], ""width"": 0.2, ""length"": 0.7071067811865476}",
MORI_power_P5R5,tracks,e05979d0-1e27-4fe3-aef5-f70b0e24bb3b,,"{""uuid"": ""e05979d0-1e27-4fe3-aef5-f70b0e24bb3b"", ""net"": ""/CHG_N"", ""layer"": ""B.Cu"", ""a"": [11.9888, 40.3352], ""z"": [10.4648, 38.8112], ""width"": 0.2, ""length"": 2.155261469056597}"
MORI_power_P5R5,tracks,dd691975-8e73-48c7-9ae8-1fdd4f12030b,,"{""uuid"": ""dd691975-8e73-48c7-9ae8-1fdd4f12030b"", ""net"": ""/WHEEL_ADC"", ""layer"": ""B.Cu"", ""a"": [44.6, 45.8], ""z"": [44.6, 45.2], ""width"": 0.2, ""length"": 0.5999999999999943}"
MORI_power_P5R5,tracks,8a771aa6-ed1a-4ca5-96b7-4faabe0f2c18,,"{""uuid"": ""8a771aa6-ed1a-4ca5-96b7-4faabe0f2c18"", ""net"": ""/WHEEL_ADC"", ""layer"": ""B.Cu"", ""a"": [49.6824, 17.8816], ""z"": [49.6824, 10.9728], ""width"": 0.2, ""length"": 6.908799999999999}"
MORI_power_P5R5,tracks,4bf1048e-266b-4d65-9dcd-12cb29900c1a,,"{""uuid"": ""4bf1048e-266b-4d65-9dcd-12cb29900c1a"", ""net"": ""/M5_EN"", ""layer"": ""B.Cu"", ""a"": [28.1, 29.1], ""z"": [27.8, 28.8], ""width"": 0.2, ""length"": 0.42426406871192957}"
MORI_power_P5R5,tracks,3579bc93-1bba-4a99-be67-5a9f4178a5ac,"{""uuid"": ""3579bc93-1bba-4a99-be67-5a9f4178a5ac"", ""net"": ""/+5V_MOTION"", ""layer"": ""F.Cu"", ""a"": [12.7, 27.330399], ""z"": [12.7, 24.892], ""width"": 0.2, ""length"": 2.4383990000000004}",
MORI_power_P5R5,tracks,20ba1d56-9eeb-4388-b664-b3194979de9b,,"{""uuid"": ""20ba1d56-9eeb-4388-b664-b3194979de9b"", ""net"": ""/WHEEL_ADC"", ""layer"": ""B.Cu"", ""a"": [35.3, 46.9], ""z"": [36.0, 46.2], ""width"": 0.2, ""length"": 0.9899494936611655}"
MORI_power_P5R5,tracks,30e22b7c-7093-4692-83be-7ecba160ef83,"{""uuid"": ""30e22b7c-7093-4692-83be-7ecba160ef83"", ""net"": ""/CHG_N"", ""layer"": ""F.Cu"", ""a"": [44.5, 33.0], ""z"": [46.603599, 33.0], ""width"": 0.2, ""length"": 2.1035990000000027}",
MORI_power_P5R5,tracks,53d27fed-0437-435a-86a8-b4a69a6ac0d9,,"{""uuid"": ""53d27fed-0437-435a-86a8-b4a69a6ac0d9"", ""net"": ""/+5V_CAM"", ""layer"": ""F.Cu"", ""a"": [24.7904, 35.864799], ""z"": [23.368, 34.4424], ""width"": 0.2, ""length"": 2.0115766640128347}"
MORI_power_P5R5,tracks,fe8f227b-e97b-4dd0-b8cc-d8f952f002f4,,"{""uuid"": ""fe8f227b-e97b-4dd0-b8cc-d8f952f002f4"", ""net"": ""/M5_EN"", ""layer"": ""F.Cu"", ""a"": [15.8, 30.4], ""z"": [12.4, 30.4], ""width"": 0.2, ""length"": 3.4000000000000004}"
MORI_power_P5R5,tracks,9e01d4b8-0256-4a98-a37d-079141421833,"{""uuid"": ""9e01d4b8-0256-4a98-a37d-079141421833"", ""net"": ""/C5_SW"", ""layer"": ""F.Cu"", ""a"": [21.539199, 36.8808], ""z"": [22.5044, 37.846], ""width"": 0.6, ""length"": 1.364999637509473}",
MORI_power_P5R5,tracks,234f67e6-aef3-490d-acdb-0d4bfafa6852,"{""uuid"": ""234f67e6-aef3-490d-acdb-0d4bfafa6852"", ""net"": ""/M5_VIN"", ""layer"": ""F.Cu"", ""a"": [23.65, 26.95], ""z"": [23.65, 28.4], ""width"": 0.8, ""length"": 1.4499999999999993}",
MORI_power_P5R5,tracks,96878882-affd-4dca-acc3-d9af5e2faa1d,"{""uuid"": ""96878882-affd-4dca-acc3-d9af5e2faa1d"", ""net"": ""/C5_VIN"", ""layer"": ""F.Cu"", ""a"": [23.1648, 40.9448], ""z"": [22.7584, 40.9448], ""width"": 0.8, ""length"": 0.4063999999999979}",
MORI_power_P5R5,tracks,7fb97a55-22fe-459c-89aa-288898dfa392,"{""uuid"": ""7fb97a55-22fe-459c-89aa-288898dfa392"", ""net"": ""/M5_FB"", ""layer"": ""F.Cu"", ""a"": [30.784799, 29.8704], ""z"": [29.057599, 28.1432], ""width"": 0.2, ""length"": 2.4426296649308097}",
MORI_power_P5R5,tracks,2d5567db-8ace-48a2-8e5d-0712c59120e3,,"{""uuid"": ""2d5567db-8ace-48a2-8e5d-0712c59120e3"", ""net"": ""/CHG_N"", ""layer"": ""B.Cu"", ""a"": [48.056799, 47.6504], ""z"": [47.6504, 47.244], ""width"": 0.2, ""length"": 0.5747356846420784}"
MORI_power_P5R5,tracks,676086c0-0c35-43d6-b42d-38ea84c27181,,"{""uuid"": ""676086c0-0c35-43d6-b42d-38ea84c27181"", ""net"": ""/+5V_CAM"", ""layer"": ""F.Cu"", ""a"": [35.3568, 45.9232], ""z"": [33.019999, 45.9232], ""width"": 0.2, ""length"": 2.3368010000000012}"
MORI_power_P5R5,tracks,8f7a6988-9886-4edf-bdc3-449243e808b6,"{""uuid"": ""8f7a6988-9886-4edf-bdc3-449243e808b6"", ""net"": ""/+5V_CAM"", ""layer"": ""F.Cu"", ""a"": [29.7688, 43.4848], ""z"": [30.276799, 43.4848], ""width"": 0.2, ""length"": 0.5079990000000016}",
MORI_power_P5R5,tracks,d531bd29-272f-4031-b7e4-5521e4d5f94d,,"{""uuid"": ""d531bd29-272f-4031-b7e4-5521e4d5f94d"", ""net"": ""/GND"", ""layer"": ""In1.Cu"", ""a"": [28.500001, 24.3], ""z"": [29.0, 24.799999], ""width"": 0.2, ""length"": 0.7071053669729838}"
MORI_power_P5R5,tracks,f9954114-bf1e-4d13-9bfa-d5e171c714c5,,"{""uuid"": ""f9954114-bf1e-4d13-9bfa-d5e171c714c5"", ""net"": ""/M5_EN"", ""layer"": ""B.Cu"", ""a"": [29.89, 26.0], ""z"": [29.7, 26.19], ""width"": 0.2, ""length"": 0.2687005768508899}"
MORI_power_P5R5,tracks,24362a95-1c09-4ddb-b846-f9ffb119913b,,"{""uuid"": ""24362a95-1c09-4ddb-b846-f9ffb119913b"", ""net"": ""/C5_VIN"", ""layer"": ""F.Cu"", ""a"": [24.9, 40.95], ""z"": [24.25, 41.6], ""width"": 0.6, ""length"": 0.9192388155425099}"
MORI_power_P5R5,tracks,e4967f87-822e-4b75-a6ee-382ad5f1066a,,"{""uuid"": ""e4967f87-822e-4b75-a6ee-382ad5f1066a"", ""net"": ""/CHG_N"", ""layer"": ""B.Cu"", ""a"": [8.3, 38.8], ""z"": [7.5, 38.0], ""width"": 0.2, ""length"": 1.1313708498984745}"
MORI_power_P5R5,tracks,0da68d61-8dd1-4d1e-b0f4-f157aededa28,,"{""uuid"": ""0da68d61-8dd1-4d1e-b0f4-f157aededa28"", ""net"": ""/C5_VIN"", ""layer"": ""F.Cu"", ""a"": [30.5, 39.455], ""z"": [30.5, 41.3], ""width"": 0.8, ""length"": 1.8449999999999989}"
MORI_power_P5R5,tracks,32479628-2c7f-4eb6-9840-89c9c5da3535,"{""uuid"": ""32479628-2c7f-4eb6-9840-89c9c5da3535"", ""net"": ""/C5_SW"", ""layer"": ""F.Cu"", ""a"": [23.0124, 39.9796], ""z"": [23.1648, 39.9796], ""width"": 0.6, ""length"": 0.1524000000000001}",
MORI_power_P5R5,tracks,94419e5e-b722-4ba1-a689-0892317d67dd,,"{""uuid"": ""94419e5e-b722-4ba1-a689-0892317d67dd"", ""net"": ""/CHG_N"", ""layer"": ""B.Cu"", ""a"": [47.6504, 47.244], ""z"": [46.0248, 47.244], ""width"": 0.2, ""length"": 1.6255999999999986}"
MORI_power_P5R5,tracks,51cb62d4-bebf-48da-ae1b-9f800c6811c3,,"{""uuid"": ""51cb62d4-bebf-48da-ae1b-9f800c6811c3"", ""net"": ""/M5_FB"", ""layer"": ""F.Cu"", ""a"": [28.6, 31.65], ""z"": [28.925, 31.65], ""width"": 0.2, ""length"": 0.3249999999999993}"
MORI_power_P5R5,tracks,e96d7fb9-1c8a-4bac-a44c-6c48a7dbca1c,,"{""uuid"": ""e96d7fb9-1c8a-4bac-a44c-6c48a7dbca1c"", ""net"": ""/M5_EN"", ""layer"": ""F.Cu"", ""a"": [12.4, 30.4], ""z"": [11.2, 31.6], ""width"": 0.2, ""length"": 1.697056274847717}"
MORI_power_P5R5,tracks,6ce50fc9-1487-48e8-b4da-50ca2be63bc8,,"{""uuid"": ""6ce50fc9-1487-48e8-b4da-50ca2be63bc8"", ""net"": ""/GND"", ""layer"": ""F.Cu"", ""a"": [10.0, 29.475], ""z"": [12.2, 29.475], ""width"": 0.6, ""length"": 2.1999999999999993}"
MORI_power_P5R5,tracks,2b2c087b-c354-43ba-a849-24bcecd17159,,"{""uuid"": ""2b2c087b-c354-43ba-a849-24bcecd17159"", ""net"": ""/+5V_CAM"", ""layer"": ""F.Cu"", ""a"": [34.9504, 51.0032], ""z"": [36.9824, 48.971199], ""width"": 0.2, ""length"": 2.8736826658489956}"
MORI_power_P5R5,tracks,30ba6c1d-460d-4189-b5a8-237c949d6c16,,"{""uuid"": ""30ba6c1d-460d-4189-b5a8-237c949d6c16"", ""net"": ""/C5_VIN"", ""layer"": ""F.Cu"", ""a"": [24.9, 40.95], ""z"": [24.9, 42.824999], ""width"": 0.8, ""length"": 1.8749989999999954}"
MORI_power_P5R5,tracks,59cdea53-6a06-4ec3-ac79-43cfe780fb37,"{""uuid"": ""59cdea53-6a06-4ec3-ac79-43cfe780fb37"", ""net"": ""/GND"", ""layer"": ""F.Cu"", ""a"": [23.45, 24.85], ""z"": [23.45, 24.0], ""width"": 0.2, ""length"": 0.8500000000000014}",
MORI_power_P5R5,tracks,c6278f12-7be3-47e9-ba76-a488c0f26f2f,,"{""uuid"": ""c6278f12-7be3-47e9-ba76-a488c0f26f2f"", ""net"": ""/+5V_CAM"", ""layer"": ""F.Cu"", ""a"": [32.75, 45.9232], ""z"": [30.475, 45.9232], ""width"": 0.2, ""length"": 2.2749999999999986}"
MORI_power_P5R5,tracks,de0d8104-c07b-4626-b892-f225d5336c3b,"{""uuid"": ""de0d8104-c07b-4626-b892-f225d5336c3b"", ""net"": ""/M5_SW"", ""layer"": ""F.Cu"", ""a"": [25.225, 23.0], ""z"": [24.7, 23.0], ""width"": 0.8, ""length"": 0.5250000000000021}",
MORI_power_P5R5,tracks,746a4672-8b23-476d-b905-ea7e7cb18187,,"{""uuid"": ""746a4672-8b23-476d-b905-ea7e7cb18187"", ""net"": ""/M5_FB"", ""layer"": ""F.Cu"", ""a"": [28.6, 27.2], ""z"": [28.6, 31.65], ""width"": 0.2, ""length"": 4.449999999999999}"
MORI_power_P5R5,tracks,7d915372-f279-4a87-bf8f-8c9cc42bf81e,"{""uuid"": ""7d915372-f279-4a87-bf8f-8c9cc42bf81e"", ""net"": ""/GND"", ""layer"": ""F.Cu"", ""a"": [31.325, 44.7], ""z"": [31.125, 44.5], ""width"": 0.2, ""length"": 0.2828427124746205}",
MORI_power_P5R5,tracks,1ae637d5-820e-4471-bd6c-6b13f9f72a5e,"{""uuid"": ""1ae637d5-820e-4471-bd6c-6b13f9f72a5e"", ""net"": ""/M5_EN"", ""layer"": ""B.Cu"", ""a"": [21.539199, 20.116799], ""z"": [14.224, 20.116799], ""width"": 0.2, ""length"": 7.315199}",
MORI_power_P5R5,tracks,b524dbca-8444-4388-8676-761d7e87f665,,"{""uuid"": ""b524dbca-8444-4388-8676-761d7e87f665"", ""net"": ""/BAT_REV"", ""layer"": ""F.Cu"", ""a"": [27.675001, 17.5], ""z"": [27.4, 17.5], ""width"": 0.2, ""length"": 0.27500100000000316}"
MORI_power_P5R5,tracks,3e6ef5c8-b044-4525-8a6d-95686d470e91,,"{""uuid"": ""3e6ef5c8-b044-4525-8a6d-95686d470e91"", ""net"": ""/GND"", ""layer"": ""F.Cu"", ""a"": [20.4, 45.875], ""z"": [20.4, 44.575], ""width"": 0.8, ""length"": 1.2999999999999972}"
MORI_power_P5R5,tracks,e9489383-a10b-46af-a0f1-4bab919dcc45,,"{""uuid"": ""e9489383-a10b-46af-a0f1-4bab919dcc45"", ""net"": ""/C5_FB"", ""layer"": ""F.Cu"", ""a"": [28.6, 45.9232], ""z"": [28.925, 45.9232], ""width"": 0.2, ""length"": 0.3249999999999993}"
MORI_power_P5R5,tracks,c7fba748-bf06-48f3-97d4-e26ed3a911e8,,"{""uuid"": ""c7fba748-bf06-48f3-97d4-e26ed3a911e8"", ""net"": ""/WHEEL_ADC"", ""layer"": ""F.Cu"", ""a"": [44.907199, 21.1328], ""z"": [44.907199, 23.375999], ""width"": 0.2, ""length"": 2.2431990000000006}"
MORI_power_P5R5,tracks,43530776-303f-4052-ba87-6d953dc1aace,"{""uuid"": ""43530776-303f-4052-ba87-6d953dc1aace"", ""net"": ""/C5_VIN"", ""layer"": ""F.Cu"", ""a"": [22.0, 40.725], ""z"": [22.0, 40.199999], ""width"": 0.2, ""length"": 0.5250010000000032}",
MORI_power_P5R5,tracks,971ce48b-5f26-40b6-9380-416b9e0967c4,,"{""uuid"": ""971ce48b-5f26-40b6-9380-416b9e0967c4"", ""net"": ""/M5_EN"", ""layer"": ""F.Cu"", ""a"": [6.604, 37.2872], ""z"": [6.5024, 37.388799], ""width"": 0.2, ""length"": 0.1436833908320656}"
MORI_power_P5R5,tracks,67a5e4ad-8347-4173-a033-26bdfe7ec1e4,,"{""uuid"": ""67a5e4ad-8347-4173-a033-26bdfe7ec1e4"", ""net"": ""/M5_FB"", ""layer"": ""F.Cu"", ""a"": [28.35, 26.95], ""z"": [28.6, 27.2], ""width"": 0.2, ""length"": 0.3535533905932738}"
MORI_power_P5R5,tracks,8c01c578-fa8f-40bb-9134-b70075f89000,"{""uuid"": ""8c01c578-fa8f-40bb-9134-b70075f89000"", ""net"": ""/M5_EN"", ""layer"": ""F.Cu"", ""a"": [12.9032, 20.421599], ""z"": [11.684, 21.6408], ""width"": 0.2, ""length"": 1.724209882352203}",
MORI_power_P5R5,tracks,8b606d0f-989b-41f4-89d6-131cfb5e8b70,,"{""uuid"": ""8b606d0f-989b-41f4-89d6-131cfb5e8b70"", ""net"": ""/+5V_MOTION"", ""layer"": ""F.Cu"", ""a"": [30.2, 32.1], ""z"": [29.7, 32.6], ""width"": 0.2, ""length"": 0.7071067811865476}"
MORI_power_P5R5,tracks,260f7497-ced6-43cd-8555-3e36a1343d7d,,"{""uuid"": ""260f7497-ced6-43cd-8555-3e36a1343d7d"", ""net"": ""/+5V_CAM"", ""layer"": ""F.Cu"", ""a"": [30.825, 42.55], ""z"": [32.25, 42.55], ""width"": 0.2, ""length"": 1.4250000000000007}"
MORI_power_P5R5,tracks,d5264435-daea-41ab-b86a-88b967b4b1db,,"{""uuid"": ""d5264435-daea-41ab-b86a-88b967b4b1db"", ""net"": ""/M5_EN"", ""layer"": ""B.Cu"", ""a"": [30.3, 28.0], ""z"": [31.0, 28.0], ""width"": 0.2, ""length"": 0.6999999999999993}"
MORI_power_P5R5,tracks,546891f9-b51e-46db-8386-1824f2a928a7,,"{""uuid"": ""546891f9-b51e-46db-8386-1824f2a928a7"", ""net"": ""/+5V_MOTION"", ""layer"": ""F.Cu"", ""a"": [12.5, 24.0], ""z"": [12.024999, 24.475], ""width"": 0.8, ""length"": 0.671752149234375}"
MORI_power_P5R5,tracks,539ca132-b1d3-4829-b35d-bdca267d4ab5,,"{""uuid"": ""539ca132-b1d3-4829-b35d-bdca267d4ab5"", ""net"": ""/M5_VIN"", ""layer"": ""F.Cu"", ""a"": [24.025, 27.6], ""z"": [23.2, 26.775], ""width"": 0.6, ""length"": 1.1667261889578049}"
MORI_power_P5R5,tracks,f6578456-7652-4749-a946-33e727e2dbaf,,"{""uuid"": ""f6578456-7652-4749-a946-33e727e2dbaf"", ""net"": ""/+5V_CAM"", ""layer"": ""F.Cu"", ""a"": [12.5, 38.0], ""z"": [12.024999, 38.475], ""width"": 0.8, ""length"": 0.671752149234375}"
MORI_power_P5R5,tracks,1d64bef1-67a2-4266-bedb-360f11d75dd1,,"{""uuid"": ""1d64bef1-67a2-4266-bedb-360f11d75dd1"", ""net"": ""/+5V_CAM"", ""layer"": ""B.Cu"", ""a"": [36.9824, 47.6504], ""z"": [36.8808, 47.5488], ""width"": 0.2, ""length"": 0.1436840979371032}"
MORI_power_P5R5,tracks,af83ed02-805f-4a24-8ab9-2116a535fe57,,"{""uuid"": ""af83ed02-805f-4a24-8ab9-2116a535fe57"", ""net"": ""/GND"", ""layer"": ""F.Cu"", ""a"": [24.9, 39.05], ""z"": [24.35, 39.05], ""width"": 0.5, ""length"": 0.5499999999999972}"
MORI_power_P5R5,tracks,60433d91-8cd4-41d2-8bf5-cd11f92c5ad9,,"{""uuid"": ""60433d91-8cd4-41d2-8bf5-cd11f92c5ad9"", ""net"": ""/WHEEL_ADC"", ""layer"": ""B.Cu"", ""a"": [22.0, 22.2], ""z"": [20.2, 24.0], ""width"": 0.2, ""length"": 2.5455844122715723}"
MORI_power_P5R5,tracks,b0cf5045-fe15-47fe-97b7-016bef06f771,"{""uuid"": ""b0cf5045-fe15-47fe-97b7-016bef06f771"", ""net"": ""/+5V_MOTION"", ""layer"": ""F.Cu"", ""a"": [28.3464, 29.7688], ""z"": [27.939999, 30.1752], ""width"": 0.2, ""length"": 0.5747370988556422}",
MORI_power_P5R5,tracks,7c4b7156-19e8-4cab-9acc-8197b001c048,"{""uuid"": ""7c4b7156-19e8-4cab-9acc-8197b001c048"", ""net"": ""/M5_SW"", ""layer"": ""F.Cu"", ""a"": [22.648799, 23.0], ""z"": [24.7, 23.0], ""width"": 0.6, ""length"": 2.051200999999999}",
MORI_power_P5R5,tracks,c9bbca98-47a7-4b0d-9e10-bc4b8c71cab0,,"{""uuid"": ""c9bbca98-47a7-4b0d-9e10-bc4b8c71cab0"", ""net"": ""/+5V_CAM"", ""layer"": ""F.Cu"", ""a"": [7.924799, 47.8536], ""z"": [10.058399, 49.9872], ""width"": 0.8, ""length"": 3.017366056679236}"
MORI_power_P5R5,tracks,f0cb0287-7c7c-4209-bf60-e92568e49c61,,"{""uuid"": ""f0cb0287-7c7c-4209-bf60-e92568e49c61"", ""net"": ""/+5V_CAM"", ""layer"": ""F.Cu"", ""a"": [32.25, 42.55], ""z"": [32.75, 43.049999], ""width"": 0.2, ""length"": 0.7071060740801217}"
MORI_power_P5R5,tracks,f2ccf8ac-0fe8-4317-975e-56da264c3f9e,,"{""uuid"": ""f2ccf8ac-0fe8-4317-975e-56da264c3f9e"", ""net"": ""/+5V_CAM"", ""layer"": ""B.Cu"", ""a"": [31.2928, 41.147999], ""z"": [31.2928, 40.7416], ""width"": 0.2, ""length"": 0.4063990000000004}"
MORI_power_P5R5,tracks,3eca93d7-53df-43ef-939e-87ee93779ac5,"{""uuid"": ""3eca93d7-53df-43ef-939e-87ee93779ac5"", ""net"": ""/M5_EN"", ""layer"": ""B.Cu"", ""a"": [26.416, 24.9936], ""z"": [21.539199, 20.116799], ""width"": 0.2, ""length"": 6.896838115194673}",
MORI_power_P5R5,tracks,beae3000-564e-4581-b09f-0ed59f65dfd0,"{""uuid"": ""beae3000-564e-4581-b09f-0ed59f65dfd0"", ""net"": ""/WHEEL_ADC"", ""layer"": ""B.Cu"", ""a"": [43.8912, 20.421599], ""z"": [43.8912, 20.116799], ""width"": 0.2, ""length"": 0.3048000000000002}",
MORI_power_P5R5,tracks,a227a880-f45d-4bf1-ac5f-f9517218469d,"{""uuid"": ""a227a880-f45d-4bf1-ac5f-f9517218469d"", ""net"": ""/M5_FB"", ""layer"": ""F.Cu"", ""a"": [32.6136, 29.362399], ""z"": [32.105599, 29.8704], ""width"": 0.2, ""length"": 0.7184219038990949}",
MORI_power_P5R5,tracks,fa903350-51fb-4f83-8803-9e1a9261fe4a,"{""uuid"": ""fa903350-51fb-4f83-8803-9e1a9261fe4a"", ""net"": ""/WHEEL_ADC"", ""layer"": ""B.Cu"", ""a"": [20.9296, 9.4488], ""z"": [19.1008, 11.2776], ""width"": 0.2, ""length"": 2.5863137628679165}",
MORI_power_P5R5,tracks,de522c87-4a25-4ded-a4eb-7a90873fc5c7,,"{""uuid"": ""de522c87-4a25-4ded-a4eb-7a90873fc5c7"", ""net"": ""/WHEEL_ADC"", ""layer"": ""B.Cu"", ""a"": [20.6, 35.6], ""z"": [20.6, 40.4], ""width"": 0.2, ""length"": 4.799999999999997}"
MORI_power_P5R5,tracks,d28f7aef-efdc-46be-b061-427cbb1cec79,"{""uuid"": ""d28f7aef-efdc-46be-b061-427cbb1cec79"", ""net"": ""/C5_VIN"", ""layer"": ""F.Cu"", ""a"": [30.48, 40.64], ""z"": [31.089599, 41.2496], ""width"": 0.8, ""length"": 0.8621038805161473}",
MORI_power_P5R5,tracks,e107745f-45f2-42ce-9d8f-25ec876e8bc7,,"{""uuid"": ""e107745f-45f2-42ce-9d8f-25ec876e8bc7"", ""net"": ""/WHEEL_ADC"", ""layer"": ""F.Cu"", ""a"": [42.2, 37.0], ""z"": [44.5, 37.0], ""width"": 0.2, ""length"": 2.299999999999997}"
MORI_power_P5R5,tracks,dfc2e9df-a71d-429a-921a-d311952d257c,"{""uuid"": ""dfc2e9df-a71d-429a-921a-d311952d257c"", ""net"": ""/+5V_MOTION"", ""layer"": ""B.Cu"", ""a"": [30.1752, 28.244799], ""z"": [30.1752, 30.276799], ""width"": 0.2, ""length"": 2.032}",
MORI_power_P5R5,tracks,20fc0420-e3f6-4f0a-a2a5-ea13def71cd1,,"{""uuid"": ""20fc0420-e3f6-4f0a-a2a5-ea13def71cd1"", ""net"": ""/CHG_N"", ""layer"": ""B.Cu"", ""a"": [4.7752, 31.2928], ""z"": [4.4704, 30.988], ""width"": 0.2, ""length"": 0.43105229381131965}"
MORI_power_P5R5,tracks,367d027c-36ad-4b3d-aeac-43d9c427d5eb,,"{""uuid"": ""367d027c-36ad-4b3d-aeac-43d9c427d5eb"", ""net"": ""/+5V_MOTION"", ""layer"": ""F.Cu"", ""a"": [14.1, 28.4], ""z"": [13.8, 28.4], ""width"": 0.2, ""length"": 0.29999999999999893}"
MORI_power_P5R5,tracks,8830fd67-cd3b-48c6-8cc8-76376906ea88,,"{""uuid"": ""8830fd67-cd3b-48c6-8cc8-76376906ea88"", ""net"": ""/WHEEL_ADC"", ""layer"": ""F.Cu"", ""a"": [36.576, 9.5504], ""z"": [35.864799, 8.8392], ""width"": 0.2, ""length"": 1.0057893926667767}"
MORI_power_P5R5,tracks,19ef2537-06d0-43cf-81fe-be284046f827,"{""uuid"": ""19ef2537-06d0-43cf-81fe-be284046f827"", ""net"": ""/CHG_N"", ""layer"": ""F.Cu"", ""a"": [46.603599, 33.0], ""z"": [47.1932, 32.410399], ""width"": 0.2, ""length"": 0.8338217305887368}",
MORI_power_P5R5,tracks,e6dfbdbd-a27c-4738-837a-3acd58c0504b,,"{""uuid"": ""e6dfbdbd-a27c-4738-837a-3acd58c0504b"", ""net"": ""/+5V_MOTION"", ""layer"": ""B.Cu"", ""a"": [18.3, 32.9], ""z"": [16.6, 31.2], ""width"": 0.2, ""length"": 2.404163056034261}"
MORI_power_P5R5,tracks,794119f7-6613-42f0-a5ca-fd6a23e8975d,,"{""uuid"": ""794119f7-6613-42f0-a5ca-fd6a23e8975d"", ""net"": ""/GND"", ""layer"": ""In1.Cu"", ""a"": [29.0, 43.5], ""z"": [27.3, 41.8], ""width"": 0.2, ""length"": 2.404163056034263}"
MORI_power_P5R5,tracks,a9a8b1eb-7b62-4e32-a92b-678987cef9f7,,"{""uuid"": ""a9a8b1eb-7b62-4e32-a92b-678987cef9f7"", ""net"": ""/+5V_MOTION"", ""layer"": ""F.Cu"", ""a"": [14.446447, 28.053552], ""z"": [14.1, 28.4], ""width"": 0.2, ""length"": 0.4899507531507619}"
MORI_power_P5R5,tracks,7d6aa95e-801f-4654-ace0-abe79e93cf6c,,"{""uuid"": ""7d6aa95e-801f-4654-ace0-abe79e93cf6c"", ""net"": ""/CHG_N"", ""layer"": ""B.Cu"", ""a"": [2.953552, 35.953552], ""z"": [2.953552, 35.246447], ""width"": 0.2, ""length"": 0.7071049999999985}"
MORI_power_P5R5,tracks,0825deef-34e0-4a81-83c1-d549d5593ebf,,"{""uuid"": ""0825deef-34e0-4a81-83c1-d549d5593ebf"", ""net"": ""/CHG_N"", ""layer"": ""B.Cu"", ""a"": [22.352, 52.730399], ""z"": [47.6504, 52.730399], ""width"": 0.2, ""length"": 25.298399999999997}"
MORI_power_P5R5,tracks,5cf765c6-a117-4fa8-a549-953b45241a94,,"{""uuid"": ""5cf765c6-a117-4fa8-a549-953b45241a94"", ""net"": ""/+5V_MOTION"", ""layer"": ""B.Cu"", ""a"": [28.9, 31.8], ""z"": [28.5, 31.8], ""width"": 0.2, ""length"": 0.3999999999999986}"
MORI_power_P5R5,tracks,6f4e9e04-f633-4d3c-a113-d8f6d12a3071,"{""uuid"": ""6f4e9e04-f633-4d3c-a113-d8f6d12a3071"", ""net"": ""/M5_EN"", ""layer"": ""F.Cu"", ""a"": [6.5024, 37.388799], ""z"": [6.5024, 38.608], ""width"": 0.2, ""length"": 1.2192009999999982}",
MORI_power_P5R5,tracks,7c879be5-92d3-41fd-9a07-35d90fe1a481,"{""uuid"": ""7c879be5-92d3-41fd-9a07-35d90fe1a481"", ""net"": ""/M5_VIN"", ""layer"": ""F.Cu"", ""a"": [22.0, 26.725], ""z"": [22.0, 26.2], ""width"": 0.2, ""length"": 0.5250000000000021}",
MORI_power_P5R5,tracks,09379bbe-bb65-442c-867d-31460fc15204,"{""uuid"": ""09379bbe-bb65-442c-867d-31460fc15204"", ""net"": ""/C5_VIN"", ""layer"": ""B.Cu"", ""a"": [27.939999, 42.5704], ""z"": [29.2608, 41.2496], ""width"": 0.8, ""length"": 1.8678939802892973}",
MORI_power_P5R5,tracks,1e8d0bea-12a3-448a-861b-3eec6e66634b,,"{""uuid"": ""1e8d0bea-12a3-448a-861b-3eec6e66634b"", ""net"": ""/+5V_CAM"", ""layer"": ""F.Cu"", ""a"": [8.5852, 40.690799], ""z"": [7.924799, 41.3512], ""width"": 0.8, ""length"": 0.9339480508047547}"
MORI_power_P5R5,tracks,c4074786-8f58-4235-b78b-a4ae6b5599fc,"{""uuid"": ""c4074786-8f58-4235-b78b-a4ae6b5599fc"", ""net"": ""/+5V_CAM"", ""layer"": ""B.Cu"", ""a"": [31.9024, 41.656], ""z"": [31.9024, 40.843199], ""width"": 0.2, ""length"": 0.8128010000000003}",
MORI_power_P5R5,tracks,a662cb4e-644f-4080-a698-aea12fd811db,"{""uuid"": ""a662cb4e-644f-4080-a698-aea12fd811db"", ""net"": ""/+5V_CAM"", ""layer"": ""F.Cu"", ""a"": [7.924799, 41.3512], ""z"": [7.924799, 47.8536], ""width"": 0.8, ""length"": 6.5024000000000015}",
MORI_power_P5R5,tracks,ca3ce5b1-1fcd-4c92-b4fb-60b2290d795b,"{""uuid"": ""ca3ce5b1-1fcd-4c92-b4fb-60b2290d795b"", ""net"": ""/WHEEL_ADC"", ""layer"": ""F.Cu"", ""a"": [44.907199, 23.375999], ""z"": [45.407199, 23.875999], ""width"": 0.2, ""length"": 0.7071067811865476}",
MORI_power_P5R5,tracks,7b686ce7-bd17-45a4-8b77-ea707913ea91,,"{""uuid"": ""7b686ce7-bd17-45a4-8b77-ea707913ea91"", ""net"": ""/WHEEL_ADC"", ""layer"": ""B.Cu"", ""a"": [20.6, 40.4], ""z"": [20.5, 40.5], ""width"": 0.2, ""length"": 0.14142135623731153}"
MORI_power_P5R5,tracks,ab98d88a-4ca1-47f3-9333-d677965e0fdd,,"{""uuid"": ""ab98d88a-4ca1-47f3-9333-d677965e0fdd"", ""net"": ""/C5_EN"", ""layer"": ""B.Cu"", ""a"": [32.003999, 40.64], ""z"": [32.6136, 41.2496], ""width"": 0.2, ""length"": 0.8621052947297085}"
MORI_power_P5R5,tracks,17182457-9720-415e-84aa-a0aee0fc3374,"{""uuid"": ""17182457-9720-415e-84aa-a0aee0fc3374"", ""net"": ""/+5V_CAM"", ""layer"": ""F.Cu"", ""a"": [29.974999, 43.825], ""z"": [29.5, 44.3], ""width"": 0.8, ""length"": 0.6717507350208073}",
MORI_power_P5R5,tracks,c3d66ea1-4ebc-46f4-b293-a5a0d268cf18,,"{""uuid"": ""c3d66ea1-4ebc-46f4-b293-a5a0d268cf18"", ""net"": ""/WHEEL_ADC"", ""layer"": ""F.Cu"", ""a"": [44.907199, 23.375999], ""z"": [45.407199, 23.875999], ""width"": 0.2, ""length"": 0.7071067811865476}"
MORI_power_P5R5,tracks,8520c060-5a16-453e-94a4-b0c6cac7b540,,"{""uuid"": ""8520c060-5a16-453e-94a4-b0c6cac7b540"", ""net"": ""/CHG_N"", ""layer"": ""B.Cu"", ""a"": [47.398446, 42.415952], ""z"": [47.398446, 41.708847], ""width"": 0.2, ""length"": 0.7071049999999985}"
MORI_power_P5R5,tracks,012be673-3efd-4622-a953-0563f4779534,,"{""uuid"": ""012be673-3efd-4622-a953-0563f4779534"", ""net"": ""/M5_EN"", ""layer"": ""F.Cu"", ""a"": [28.35, 26.0], ""z"": [29.89, 26.0], ""width"": 0.2, ""length"": 1.5399999999999991}"
MORI_power_P5R5,tracks,bfec3878-703e-46ce-a9fe-5990943d4f55,"{""uuid"": ""bfec3878-703e-46ce-a9fe-5990943d4f55"", ""net"": ""/CHG_N"", ""layer"": ""F.Cu"", ""a"": [17.0688, 46.3296], ""z"": [17.4752, 46.736], ""width"": 0.2, ""length"": 0.5747363917484254}",
MORI_power_P5R5,tracks,51893476-9f38-4de5-9781-5d2d1c95fbce,,"{""uuid"": ""51893476-9f38-4de5-9781-5d2d1c95fbce"", ""net"": ""/GND"", ""layer"": ""In1.Cu"", ""a"": [27.3, 38.199999], ""z"": [26.800001, 37.7], ""width"": 0.2, ""length"": 0.7071053669729812}"
MORI_power_P5R5,tracks,e6ab08ef-614b-40e1-92a4-4c8fd25fc9ca,,"{""uuid"": ""e6ab08ef-614b-40e1-92a4-4c8fd25fc9ca"", ""net"": ""/GND"", ""layer"": ""F.Cu"", ""a"": [22.5, 32.8], ""z"": [22.5, 32.075], ""width"": 0.8, ""length"": 0.7249999999999943}"
MORI_power_P5R5,tracks,fecda11e-078c-4933-8da8-e87e9067dd93,,"{""uuid"": ""fecda11e-078c-4933-8da8-e87e9067dd93"", ""net"": ""/M5_VIN"", ""layer"": ""F.Cu"", ""a"": [25.0, 27.6], ""z"": [24.025, 27.6], ""width"": 0.6, ""length"": 0.9750000000000014}"
MORI_power_P5R5,tracks,50a19303-051c-4eaf-bc32-61770a579b3a,"{""uuid"": ""50a19303-051c-4eaf-bc32-61770a579b3a"", ""net"": ""/CHG_N"", ""layer"": ""B.Cu"", ""a"": [6.908799, 38.7096], ""z"": [4.4704, 36.2712], ""width"": 0.2, ""length"": 3.4484176433838476}",
MORI_power_P5R5,tracks,ac1b042c-cb3b-449f-90ee-87c041a6f76a,,"{""uuid"": ""ac1b042c-cb3b-449f-90ee-87c041a6f76a"", ""net"": ""/+5V_CAM"", ""layer"": ""F.Cu"", ""a"": [33.019999, 45.9232], ""z"": [32.75, 45.9232], ""width"": 0.2, ""length"": 0.26999899999999855}"
MORI_power_P5R5,tracks,2339aebb-9c4a-4136-a913-3413dfaca6b4,"{""uuid"": ""2339aebb-9c4a-4136-a913-3413dfaca6b4"", ""net"": ""/CHG_N"", ""layer"": ""F.Cu"", ""a"": [42.976799, 46.736], ""z"": [43.078399, 46.6344], ""width"": 0.2, ""length"": 0.1436840979371032}",
MORI_power_P5R5,tracks,f81e706f-d895-44e9-91c0-5d1d79a1f928,,"{""uuid"": ""f81e706f-d895-44e9-91c0-5d1d79a1f928"", ""net"": ""/CHG_N"", ""layer"": ""B.Cu"", ""a"": [3.454399, 33.9344], ""z"": [4.7752, 32.6136], ""width"": 0.2, ""length"": 1.867893980289298}"
MORI_power_P5R5,tracks,11b2f307-75b6-4915-a32a-e322849aecbd,,"{""uuid"": ""11b2f307-75b6-4915-a32a-e322849aecbd"", ""net"": ""/C5_BOOT"", ""layer"": ""F.Cu"", ""a"": [27.6, 36.875], ""z"": [27.6, 39.05], ""width"": 0.2, ""length"": 2.174999999999997}"
MORI_power_P5R5,tracks,48ddf46a-0f4a-44c3-bcda-2be2a571b53d,"{""uuid"": ""48ddf46a-0f4a-44c3-bcda-2be2a571b53d"", ""net"": ""/M5_FB"", ""layer"": ""F.Cu"", ""a"": [27.1012, 26.95], ""z"": [28.0416, 26.0096], ""width"": 0.2, ""length"": 1.3299264340556591}",
MORI_power_P5R5,tracks,05a76626-9b6b-4d50-aa91-04397aaf7f81,,"{""uuid"": ""05a76626-9b6b-4d50-aa91-04397aaf7f81"", ""net"": ""/GND"", ""layer"": ""F.Cu"", ""a"": [21.999999, 25.225], ""z"": [23.2, 25.225], ""width"": 0.6, ""length"": 1.2000010000000003}"
MORI_power_P5R5,tracks,796d1978-902d-45dd-a68e-007fc46783c3,,"{""uuid"": ""796d1978-902d-45dd-a68e-007fc46783c3"", ""net"": ""/C5_SW"", ""layer"": ""B.Cu"", ""a"": [23.6, 34.649999], ""z"": [24.099999, 34.15], ""width"": 0.6, ""length"": 0.7071053669729862}"
MORI_power_P5R5,tracks,27c38291-fb5b-41c2-ab8c-cdb936318be6,,"{""uuid"": ""27c38291-fb5b-41c2-ab8c-cdb936318be6"", ""net"": ""/CHG_N"", ""layer"": ""B.Cu"", ""a"": [4.7752, 32.6136], ""z"": [4.7752, 31.2928], ""width"": 0.2, ""length"": 1.3207999999999984}"
MORI_power_P5R5,tracks,18fa7c2a-6495-4c97-a412-581644132590,"{""uuid"": ""18fa7c2a-6495-4c97-a412-581644132590"", ""net"": ""/M5_EN"", ""layer"": ""F.Cu"", ""a"": [6.604, 37.2872], ""z"": [6.5024, 37.388799], ""width"": 0.2, ""length"": 0.1436833908320656}",
MORI_power_P5R5,tracks,08cdf530-28a8-4001-b264-61bc4c809196,,"{""uuid"": ""08cdf530-28a8-4001-b264-61bc4c809196"", ""net"": ""/C5_VIN"", ""layer"": ""F.Cu"", ""a"": [24.45, 41.6], ""z"": [24.45, 41.9], ""width"": 0.6, ""length"": 0.29999999999999716}"
MORI_power_P5R5,tracks,2e48bdaa-5f5d-415c-bc62-90706b650e13,,"{""uuid"": ""2e48bdaa-5f5d-415c-bc62-90706b650e13"", ""net"": ""/+5V_MOTION"", ""layer"": ""F.Cu"", ""a"": [12.024999, 24.475], ""z"": [10.0, 24.475], ""width"": 0.8, ""length"": 2.0249989999999993}"
MORI_power_P5R5,tracks,d875a49b-716b-4ad2-b41d-bae44f1a53b3,,"{""uuid"": ""d875a49b-716b-4ad2-b41d-bae44f1a53b3"", ""net"": ""/GND"", ""layer"": ""F.Cu"", ""a"": [21.3, 39.724999], ""z"": [21.3, 40.5], ""width"": 0.6, ""length"": 0.7750010000000032}"
MORI_power_P5R5,tracks,87dbc568-7439-4254-a2ab-d66d99f70cbd,,"{""uuid"": ""87dbc568-7439-4254-a2ab-d66d99f70cbd"", ""net"": ""/M5_VIN"", ""layer"": ""F.Cu"", ""a"": [25.65, 26.95], ""z"": [25.65, 28.275], ""width"": 0.8, ""length"": 1.3249999999999993}"
MORI_power_P5R5,tracks,c24cf400-e89c-404e-99c9-06cd000c2d2a,,"{""uuid"": ""c24cf400-e89c-404e-99c9-06cd000c2d2a"", ""net"": ""/C5_SW"", ""layer"": ""B.Cu"", ""a"": [23.6, 38.0], ""z"": [23.6, 34.649999], ""width"": 0.6, ""length"": 3.350000999999999}"
MORI_power_P5R5,tracks,23201c41-3a92-4412-89db-6251ca414549,"{""uuid"": ""23201c41-3a92-4412-89db-6251ca414549"", ""net"": ""/+5V_MOTION"", ""layer"": ""F.Cu"", ""a"": [10.0, 26.525], ""z"": [7.478, 24.003], ""width"": 0.8, ""length"": 3.5666466043049447}",
MORI_power_P5R5,tracks,33c26ff6-2adf-4ddb-bb1f-005b105ba560,,"{""uuid"": ""33c26ff6-2adf-4ddb-bb1f-005b105ba560"", ""net"": ""/+5V_CAM"", ""layer"": ""B.Cu"", ""a"": [29.1592, 40.233599], ""z"": [24.7904, 35.864799], ""width"": 0.2, ""length"": 6.178416211295575}"
MORI_power_P5R5,tracks,2770a593-7331-46b4-9fae-80671290cb1b,"{""uuid"": ""2770a593-7331-46b4-9fae-80671290cb1b"", ""net"": ""/+5V_CAM"", ""layer"": ""F.Cu"", ""a"": [40.7416, 45.9232], ""z"": [33.6296, 45.9232], ""width"": 0.2, ""length"": 7.111999999999995}",
MORI_power_P5R5,tracks,8bf33c55-e884-4250-bfa9-a5ccec734527,,"{""uuid"": ""8bf33c55-e884-4250-bfa9-a5ccec734527"", ""net"": ""/C5_VIN"", ""layer"": ""B.Cu"", ""a"": [24.55, 41.8], ""z"": [24.45, 41.9], ""width"": 0.6, ""length"": 0.14142135623731153}"
MORI_power_P5R5,tracks,5b1d4978-5e4c-4d2e-8bc5-775e7b96760b,,"{""uuid"": ""5b1d4978-5e4c-4d2e-8bc5-775e7b96760b"", ""net"": ""/WHEEL_ADC"", ""layer"": ""B.Cu"", ""a"": [20.2, 24.0], ""z"": [20.2, 27.8], ""width"": 0.2, ""length"": 3.8000000000000007}"
MORI_power_P5R5,tracks,873fcabc-1895-4159-9d4a-e676048e2104,,"{""uuid"": ""873fcabc-1895-4159-9d4a-e676048e2104"", ""net"": ""/CHG_N"", ""layer"": ""F.Cu"", ""a"": [12.7, 41.0464], ""z"": [11.9888, 40.3352], ""width"": 0.2, ""length"": 1.0057886855597438}"
MORI_power_P5R5,tracks,de4c0607-f0c3-48d5-8ac7-ddf63c77ff3c,"{""uuid"": ""de4c0607-f0c3-48d5-8ac7-ddf63c77ff3c"", ""net"": ""/M5_SW"", ""layer"": ""F.Cu"", ""a"": [22.148799, 23.5], ""z"": [22.148799, 25.1032], ""width"": 0.6, ""length"": 1.603200000000001}",
MORI_power_P5R5,tracks,9c9cfdc8-fdc0-4762-8f73-0bd08d778f48,,"{""uuid"": ""9c9cfdc8-fdc0-4762-8f73-0bd08d778f48"", ""net"": ""/WHEEL_ADC"", ""layer"": ""F.Cu"", ""a"": [21.2344, 8.8392], ""z"": [20.9296, 9.144], ""width"": 0.2, ""length"": 0.43105229381131965}"
MORI_power_P5R5,tracks,61442803-8a34-487c-9f21-75df126267bf,,"{""uuid"": ""61442803-8a34-487c-9f21-75df126267bf"", ""net"": ""/WHEEL_ADC"", ""layer"": ""B.Cu"", ""a"": [25.1, 46.1], ""z"": [25.75, 46.75], ""width"": 0.2, ""length"": 0.9192388155425099}"
MORI_power_P5R5,tracks,0b3c5f79-0e0e-4007-8d85-6e7fc98676e0,"{""uuid"": ""0b3c5f79-0e0e-4007-8d85-6e7fc98676e0"", ""net"": ""/GND"", ""layer"": ""F.Cu"", ""a"": [16.5, 42.675], ""z"": [16.5, 42.175], ""width"": 0.2, ""length"": 0.5}",
MORI_power_P5R5,tracks,40d2c440-337b-41bd-8ec3-766d49bd3270,,"{""uuid"": ""40d2c440-337b-41bd-8ec3-766d49bd3270"", ""net"": ""/WHEEL_ADC"", ""layer"": ""F.Cu"", ""a"": [19.6, 28.8], ""z"": [19.6, 33.9], ""width"": 0.2, ""length"": 5.099999999999998}"
MORI_power_P5R5,tracks,66295890-dde2-459f-907a-837960d52ac7,"{""uuid"": ""66295890-dde2-459f-907a-837960d52ac7"", ""net"": ""/C5_FB"", ""layer"": ""F.Cu"", ""a"": [28.6512, 44.5008], ""z"": [28.6512, 42.9768], ""width"": 0.2, ""length"": 1.524000000000001}",
MORI_power_P5R5,tracks,c7466c01-8823-4769-b040-fbc8eaf0e796,,"{""uuid"": ""c7466c01-8823-4769-b040-fbc8eaf0e796"", ""net"": ""/+5V_CAM"", ""layer"": ""F.Cu"", ""a"": [12.024999, 38.475], ""z"": [10.0, 38.475], ""width"": 0.8, ""length"": 2.0249989999999993}"
MORI_power_P5R5,tracks,20bd755f-950a-4fef-8b09-99b9970fd335,,"{""uuid"": ""20bd755f-950a-4fef-8b09-99b9970fd335"", ""net"": ""/+5V_MOTION"", ""layer"": ""F.Cu"", ""a"": [13.817599, 28.448], ""z"": [12.7, 27.330399], ""width"": 0.2, ""length"": 1.580525077308804}"
MORI_power_P5R5,tracks,4bae061c-fa96-4cd7-9fac-2d6a1efb5e62,"{""uuid"": ""4bae061c-fa96-4cd7-9fac-2d6a1efb5e62"", ""net"": ""/+5V_CAM"", ""layer"": ""F.Cu"", ""a"": [34.9504, 51.0032], ""z"": [36.9824, 48.971199], ""width"": 0.2, ""length"": 2.8736826658489956}",
MORI_power_P5R5,tracks,1e4b2592-22bf-403b-95fd-18ea83682579,"{""uuid"": ""1e4b2592-22bf-403b-95fd-18ea83682579"", ""net"": ""/CHG_N"", ""layer"": ""B.Cu"", ""a"": [43.5864, 46.1264], ""z"": [44.196, 46.1264], ""width"": 0.2, ""length"": 0.6096000000000004}",
MORI_power_P5R5,tracks,ba60a875-01d3-47b8-be6e-72ce4772ee43,,"{""uuid"": ""ba60a875-01d3-47b8-be6e-72ce4772ee43"", ""net"": ""/+5V_MOTION"", ""layer"": ""F.Cu"", ""a"": [32.75, 29.049999], ""z"": [32.75, 31.150001], ""width"": 0.2, ""length"": 2.100002}"
MORI_power_P5R5,tracks,0821f1e0-8281-434c-a3b0-c8ec14a8bb83,"{""uuid"": ""0821f1e0-8281-434c-a3b0-c8ec14a8bb83"", ""net"": ""/M5_VIN"", ""layer"": ""F.Cu"", ""a"": [26.0, 29.399998], ""z"": [25.500001, 28.9], ""width"": 0.8, ""length"": 0.7071046598665579}",
MORI_power_P5R5,tracks,9a3a5559-0525-4f27-a635-7bdac0a7fdb2,,"{""uuid"": ""9a3a5559-0525-4f27-a635-7bdac0a7fdb2"", ""net"": ""/+5V_CAM"", ""layer"": ""F.Cu"", ""a"": [13.0, 50.0], ""z"": [10.05, 50.0], ""width"": 0.8, ""length"": 2.9499999999999993}"
MORI_power_P5R5,tracks,eec91c84-a289-4505-890d-7bd55421f5d9,"{""uuid"": ""eec91c84-a289-4505-890d-7bd55421f5d9"", ""net"": ""/WHEEL_ADC"", ""layer"": ""F.Cu"", ""a"": [39.4208, 26.8224], ""z"": [41.0464, 28.448], ""width"": 0.2, ""length"": 2.298945566993704}",
MORI_power_P5R5,tracks,464739e9-9cec-429e-9277-dd1e51b3f2bd,"{""uuid"": ""464739e9-9cec-429e-9277-dd1e51b3f2bd"", ""net"": ""/WHEEL_ADC"", ""layer"": ""B.Cu"", ""a"": [30.1752, 25.7048], ""z"": [30.1752, 26.8224], ""width"": 0.2, ""length"": 1.1175999999999995}",
MORI_power_P5R5,tracks,e2cb9047-cb1b-4b04-91f3-7e01ad52c08b,"{""uuid"": ""e2cb9047-cb1b-4b04-91f3-7e01ad52c08b"", ""net"": ""/M5_FB"", ""layer"": ""F.Cu"", ""a"": [29.0, 28.225], ""z"": [29.0, 27.7], ""width"": 0.2, ""length"": 0.5250000000000021}",
MORI_power_P5R5,tracks,00e414a7-0c40-457a-91da-90952cf23fb5,,"{""uuid"": ""00e414a7-0c40-457a-91da-90952cf23fb5"", ""net"": ""/WHEEL_ADC"", ""layer"": ""F.Cu"", ""a"": [20.6, 34.9], ""z"": [20.6, 35.6], ""width"": 0.2, ""length"": 0.7000000000000028}"
MORI_power_P5R5,tracks,5a99b97a-60fb-423a-b13c-e35d6ffb06cb,,"{""uuid"": ""5a99b97a-60fb-423a-b13c-e35d6ffb06cb"", ""net"": ""/WHEEL_ADC"", ""layer"": ""B.Cu"", ""a"": [23.8, 42.6], ""z"": [25.1, 43.9], ""width"": 0.2, ""length"": 1.8384776310850222}"
MORI_power_P5R5,tracks,246ff608-25a3-4d11-ad2f-6ca80cf75750,"{""uuid"": ""246ff608-25a3-4d11-ad2f-6ca80cf75750"", ""net"": ""/M5_VIN"", ""layer"": ""F.Cu"", ""a"": [25.500001, 28.9], ""z"": [24.15, 28.9], ""width"": 0.8, ""length"": 1.3500010000000024}",
MORI_power_P5R5,tracks,c7361562-f8fd-4a51-b578-703b93694480,"{""uuid"": ""c7361562-f8fd-4a51-b578-703b93694480"", ""net"": ""/+5V_MOTION"", ""layer"": ""B.Cu"", ""a"": [27.432, 29.667199], ""z"": [27.432, 29.362399], ""width"": 0.2, ""length"": 0.3048000000000002}",
MORI_power_P5R5,tracks,18ae0e0c-3b6e-46cc-93d2-b405be1303db,,"{""uuid"": ""18ae0e0c-3b6e-46cc-93d2-b405be1303db"", ""net"": ""/M5_EN"", ""layer"": ""B.Cu"", ""a"": [29.7, 27.4], ""z"": [30.3, 28.0], ""width"": 0.2, ""length"": 0.8485281374238591}"
MORI_power_P5R5,tracks,b1ac3e46-212e-4aa8-b510-de282e1478db,"{""uuid"": ""b1ac3e46-212e-4aa8-b510-de282e1478db"", ""net"": ""/+5V_MOTION"", ""layer"": ""B.Cu"", ""a"": [27.939999, 30.1752], ""z"": [27.432, 29.667199], ""width"": 0.2, ""length"": 0.7184204896869255}",
MORI_power_P5R5,tracks,fc97ee13-a55d-4430-b677-819d898f8ed7,"{""uuid"": ""fc97ee13-a55d-4430-b677-819d898f8ed7"", ""net"": ""/CHG_N"", ""layer"": ""B.Cu"", ""a"": [46.236001, 44.297599], ""z"": [46.736, 43.7976], ""width"": 0.2, ""length"": 0.7071053669729788}",
MORI_power_P5R5,tracks,bf9d998e-4dcb-4262-ac80-6ff7187745a5,,"{""uuid"": ""bf9d998e-4dcb-4262-ac80-6ff7187745a5"", ""net"": ""/GND"", ""layer"": ""F.Cu"", ""a"": [31.300001, 30.1], ""z"": [30.825, 30.1], ""width"": 0.2, ""length"": 0.47500100000000245}"
MORI_power_P5R5,tracks,5b111aad-e24b-470e-9cc5-28390e2daa28,"{""uuid"": ""5b111aad-e24b-470e-9cc5-28390e2daa28"", ""net"": ""/CHG_N"", ""layer"": ""B.Cu"", ""a"": [4.4704, 36.2712], ""z"": [4.4704, 33.8328], ""width"": 0.2, ""length"": 2.4384000000000015}",
MORI_power_P5R5,tracks,a75af3ab-853a-4be8-8a7b-71d6d26a9136,,"{""uuid"": ""a75af3ab-853a-4be8-8a7b-71d6d26a9136"", ""net"": ""/BAT_REV"", ""layer"": ""F.Cu"", ""a"": [28.175, 14.405], ""z"": [28.175, 17.000001], ""width"": 0.2, ""length"": 2.5950010000000017}"
MORI_power_P5R5,tracks,283c20be-96ab-47bf-b471-3d7e8ea6549f,"{""uuid"": ""283c20be-96ab-47bf-b471-3d7e8ea6549f"", ""net"": ""/C5_VIN"", ""layer"": ""B.Cu"", ""a"": [29.2608, 41.2496], ""z"": [31.089599, 41.2496], ""width"": 0.8, ""length"": 1.828799}",
MORI_power_P5R5,tracks,6ef6bc4a-e3b0-4dc0-a529-30a9cbd0cfcc,,"{""uuid"": ""6ef6bc4a-e3b0-4dc0-a529-30a9cbd0cfcc"", ""net"": ""/GND"", ""layer"": ""In1.Cu"", ""a"": [26.25, 24.3], ""z"": [28.500001, 24.3], ""width"": 0.2, ""length"": 2.250001000000001}"
MORI_power_P5R5,tracks,69190eea-6cd6-48c4-a6ac-7743108f5f6c,"{""uuid"": ""69190eea-6cd6-48c4-a6ac-7743108f5f6c"", ""net"": ""/CHG_N"", ""layer"": ""B.Cu"", ""a"": [45.508799, 44.297599], ""z"": [46.236001, 44.297599], ""width"": 0.2, ""length"": 0.7272019999999983}",
MORI_power_P5R5,tracks,a142fd5f-8edd-417e-aaec-0caf896f590f,"{""uuid"": ""a142fd5f-8edd-417e-aaec-0caf896f590f"", ""net"": ""/+5V_CAM"", ""layer"": ""F.Cu"", ""a"": [33.6296, 45.9232], ""z"": [32.003999, 44.297599], ""width"": 0.2, ""length"": 2.2989469812072705}",
MORI_power_P5R5,tracks,f10be8d6-f4b2-4fed-b44e-e4bedcb126db,,"{""uuid"": ""f10be8d6-f4b2-4fed-b44e-e4bedcb126db"", ""net"": ""/+5V_CAM"", ""layer"": ""F.Cu"", ""a"": [9.8552, 40.690799], ""z"": [8.5852, 40.690799], ""width"": 0.8, ""length"": 1.2699999999999996}"
MORI_power_P5R5,tracks,751cd51d-bdf7-42db-b94a-b0a2e1695218,,"{""uuid"": ""751cd51d-bdf7-42db-b94a-b0a2e1695218"", ""net"": ""/WHEEL_ADC"", ""layer"": ""B.Cu"", ""a"": [20.5, 40.5], ""z"": [20.5, 40.7], ""width"": 0.2, ""length"": 0.20000000000000284}"
MORI_power_P5R5,tracks,118443ab-9c84-4437-9ced-745e09f28c92,,"{""uuid"": ""118443ab-9c84-4437-9ced-745e09f28c92"", ""net"": ""/M5_SW"", ""layer"": ""B.Cu"", ""a"": [24.35, 24.0], ""z"": [21.5, 24.0], ""width"": 0.8, ""length"": 2.8500000000000014}"
MORI_power_P5R5,tracks,ca0b8f22-bd2b-499d-ab9c-8f7c9f231099,,"{""uuid"": ""ca0b8f22-bd2b-499d-ab9c-8f7c9f231099"", ""net"": ""/GND"", ""layer"": ""F.Cu"", ""a"": [20.4, 41.6], ""z"": [20.4, 45.875], ""width"": 0.6, ""length"": 4.274999999999999}"
MORI_power_P5R5,tracks,f0520d3d-1def-49e4-9bf6-20478cbe98f6,,"{""uuid"": ""f0520d3d-1def-49e4-9bf6-20478cbe98f6"", ""net"": ""/M5_VIN"", ""layer"": ""F.Cu"", ""a"": [25.65, 28.275], ""z"": [26.5, 29.125], ""width"": 0.8, ""length"": 1.2020815280171329}"
MORI_power_P5R5,tracks,e838b5a4-b13b-4792-a545-99fe42e3b3fb,,"{""uuid"": ""e838b5a4-b13b-4792-a545-99fe42e3b3fb"", ""net"": ""/CHG_N"", ""layer"": ""F.Cu"", ""a"": [15.0368, 43.078399], ""z"": [15.748, 42.3672], ""width"": 0.2, ""length"": 1.0057879784532129}"
MORI_power_P5R5,tracks,00c5a850-9146-411e-b9fd-216cfa024a6d,,"{""uuid"": ""00c5a850-9146-411e-b9fd-216cfa024a6d"", ""net"": ""/CHG_N"", ""layer"": ""B.Cu"", ""a"": [45.0088, 46.228], ""z"": [45.0088, 44.8056], ""width"": 0.2, ""length"": 1.4224000000000032}"
MORI_power_P5R5,tracks,d6155b23-b37e-4e51-a6c0-2904140765a6,,"{""uuid"": ""d6155b23-b37e-4e51-a6c0-2904140765a6"", ""net"": ""/WHEEL_ADC"", ""layer"": ""B.Cu"", ""a"": [48.26, 9.5504], ""z"": [36.576, 9.5504], ""width"": 0.2, ""length"": 11.683999999999997}"
MORI_power_P5R5,tracks,8bae7c37-34fb-4adf-873f-7f34b2ff9a0c,,"{""uuid"": ""8bae7c37-34fb-4adf-873f-7f34b2ff9a0c"", ""net"": ""/GND"", ""layer"": ""F.Cu"", ""a"": [22.999999, 46.6], ""z"": [26.000001, 46.6], ""width"": 0.8, ""length"": 3.000002000000002}"
MORI_power_P5R5,tracks,e747eac7-86d0-4ccd-a482-895dd0dd95b9,,"{""uuid"": ""e747eac7-86d0-4ccd-a482-895dd0dd95b9"", ""net"": ""/C5_SW"", ""layer"": ""F.Cu"", ""a"": [24.9, 40.0], ""z"": [23.6, 40.0], ""width"": 0.6, ""length"": 1.2999999999999972}"
MORI_power_P5R5,tracks,2c4e7f87-6032-4eb6-a9c0-701252ab3a0f,,"{""uuid"": ""2c4e7f87-6032-4eb6-a9c0-701252ab3a0f"", ""net"": ""/CHG_N"", ""layer"": ""B.Cu"", ""a"": [10.4648, 38.8112], ""z"": [8.331199, 38.8112], ""width"": 0.2, ""length"": 2.1336010000000005}"
MORI_power_P5R5,tracks,a462e775-910c-4254-8f1d-a3dc7f85757e,,"{""uuid"": ""a462e775-910c-4254-8f1d-a3dc7f85757e"", ""net"": ""/M5_SW"", ""layer"": ""B.Cu"", ""a"": [24.849999, 20.65], ""z"": [28.35, 20.65], ""width"": 0.6, ""length"": 3.500001000000001}"
MORI_power_P5R5,tracks,9dc15fab-2f68-4b5b-9cba-effdd17a3020,"{""uuid"": ""9dc15fab-2f68-4b5b-9cba-effdd17a3020"", ""net"": ""/M5_SW"", ""layer"": ""F.Cu"", ""a"": [22.148799, 23.5], ""z"": [22.648799, 23.0], ""width"": 0.6, ""length"": 0.7071067811865476}",
MORI_power_P5R5,tracks,7b2c7135-cb3b-44e9-b2d2-3ac637587f8e,,"{""uuid"": ""7b2c7135-cb3b-44e9-b2d2-3ac637587f8e"", ""net"": ""/C5_SW"", ""layer"": ""B.Cu"", ""a"": [24.099999, 34.15], ""z"": [27.6, 34.15], ""width"": 0.6, ""length"": 3.500001000000001}"
MORI_power_P5R5,tracks,928787e5-67e2-4420-adab-9900997d9720,"{""uuid"": ""928787e5-67e2-4420-adab-9900997d9720"", ""net"": ""/M5_FB"", ""layer"": ""F.Cu"", ""a"": [32.825, 30.499999], ""z"": [31.825, 31.5], ""width"": 0.2, ""length"": 1.4142142694800564}",
MORI_power_P5R5,tracks,14cc246d-104b-46e0-a536-79458ea8b9c3,,"{""uuid"": ""14cc246d-104b-46e0-a536-79458ea8b9c3"", ""net"": ""/+5V_CAM"", ""layer"": ""F.Cu"", ""a"": [35.9664, 46.532799], ""z"": [35.3568, 45.9232], ""width"": 0.2, ""length"": 0.8621038805161448}"
MORI_power_P5R5,tracks,56ee8ba7-948c-4b66-a6d2-d7672cbf39c9,"{""uuid"": ""56ee8ba7-948c-4b66-a6d2-d7672cbf39c9"", ""net"": ""/M5_EN"", ""layer"": ""F.Cu"", ""a"": [6.5024, 38.608], ""z"": [5.588, 39.5224], ""width"": 0.2, ""length"": 1.2931568814339582}",
MORI_power_P5R5,tracks,7bb5ded4-befd-4e0d-a021-0041c27f25b3,,"{""uuid"": ""7bb5ded4-befd-4e0d-a021-0041c27f25b3"", ""net"": ""/C5_VIN"", ""layer"": ""B.Cu"", ""a"": [29.0, 41.8], ""z"": [24.55, 41.8], ""width"": 0.6, ""length"": 4.449999999999999}"
MORI_power_P5R5,tracks,a25b1d45-f659-4fd6-8ca3-0599d7e50c75,"{""uuid"": ""a25b1d45-f659-4fd6-8ca3-0599d7e50c75"", ""net"": ""/C5_EN"", ""layer"": ""F.Cu"", ""a"": [32.8168, 42.005201], ""z"": [35.311599, 44.5], ""width"": 0.2, ""length"": 3.528178581194836}",
MORI_power_P5R5,tracks,0f2a8817-64c9-4648-8df0-cf2eff998fe5,,"{""uuid"": ""0f2a8817-64c9-4648-8df0-cf2eff998fe5"", ""net"": ""/CHG_N"", ""layer"": ""B.Cu"", ""a"": [3.546447, 33.946447], ""z"": [3.546447, 34.653552], ""width"": 0.2, ""length"": 0.7071049999999985}"
MORI_power_P5R5,tracks,a69b5b5e-458e-4f24-8429-899547db1c09,,"{""uuid"": ""a69b5b5e-458e-4f24-8429-899547db1c09"", ""net"": ""/M5_SW"", ""layer"": ""B.Cu"", ""a"": [24.35, 24.0], ""z"": [24.35, 21.149998], ""width"": 0.6, ""length"": 2.850002}"
MORI_power_P5R5,tracks,d662472f-b0ab-4381-8656-1fedded78364,,"{""uuid"": ""d662472f-b0ab-4381-8656-1fedded78364"", ""net"": ""/C5_SW"", ""layer"": ""F.Cu"", ""a"": [21.5, 38.0], ""z"": [19.225, 38.0], ""width"": 0.8, ""length"": 2.2749999999999986}"
MORI_power_P5R5,tracks,84934cb0-e634-4e65-9b61-7511aeb1bc50,,"{""uuid"": ""84934cb0-e634-4e65-9b61-7511aeb1bc50"", ""net"": ""/WHEEL_ADC"", ""layer"": ""B.Cu"", ""a"": [46.0248, 21.539199], ""z"": [49.6824, 17.8816], ""width"": 0.2, ""length"": 5.172626818629102}"
MORI_power_P5R5,tracks,3eb74532-c5cc-45b0-8bb4-29c7f5641834,,"{""uuid"": ""3eb74532-c5cc-45b0-8bb4-29c7f5641834"", ""net"": ""/GND"", ""layer"": ""F.Cu"", ""a"": [22.45, 39.225], ""z"": [21.799999, 39.225], ""width"": 0.6, ""length"": 0.6500009999999996}"
MORI_power_P5R5,tracks,5501b968-c3c5-4bf0-aec7-a8ebaa0b8432,,"{""uuid"": ""5501b968-c3c5-4bf0-aec7-a8ebaa0b8432"", ""net"": ""/WHEEL_ADC"", ""layer"": ""B.Cu"", ""a"": [20.2, 27.8], ""z"": [19.4, 28.6], ""width"": 0.2, ""length"": 1.1313708498984771}"
MORI_power_P5R5,tracks,ebcaff89-981b-4fd0-9148-e0fd441ef3d8,,"{""uuid"": ""ebcaff89-981b-4fd0-9148-e0fd441ef3d8"", ""net"": ""/C5_VIN"", ""layer"": ""F.Cu"", ""a"": [22.5, 42.225], ""z"": [22.5, 42.925], ""width"": 0.8, ""length"": 0.6999999999999957}"
MORI_power_P5R5,tracks,1ef77b49-530e-44e6-a3d3-d35adc3b0894,,"{""uuid"": ""1ef77b49-530e-44e6-a3d3-d35adc3b0894"", ""net"": ""/M5_EN"", ""layer"": ""B.Cu"", ""a"": [27.8, 28.8], ""z"": [20.2, 28.8], ""width"": 0.2, ""length"": 7.600000000000001}"
MORI_power_P5R5,tracks,ee0a8cde-ddf6-4306-bee7-5421daf1928d,,"{""uuid"": ""ee0a8cde-ddf6-4306-bee7-5421daf1928d"", ""net"": ""/CHG_N"", ""layer"": ""B.Cu"", ""a"": [3.5, 33.9], ""z"": [3.546447, 33.946447], ""width"": 0.2, ""length"": 0.06568597733154363}"
MORI_power_P5R5,tracks,cdc1e876-d498-4b16-be07-4596ecfb8feb,,"{""uuid"": ""cdc1e876-d498-4b16-be07-4596ecfb8feb"", ""net"": ""/+5V_MOTION"", ""layer"": ""F.Cu"", ""a"": [15.153552, 28.053552], ""z"": [14.446447, 28.053552], ""width"": 0.2, ""length"": 0.7071050000000003}"
MORI_power_P5R5,tracks,8df4b8ae-1dc2-4987-af9b-175218b368dd,,"{""uuid"": ""8df4b8ae-1dc2-4987-af9b-175218b368dd"", ""net"": ""/M5_VIN"", ""layer"": ""F.Cu"", ""a"": [24.45, 27.6], ""z"": [24.45, 27.9], ""width"": 0.6, ""length"": 0.29999999999999716}"
MORI_power_P5R5,tracks,56f6b3bf-d9cc-466f-8523-e323df061907,"{""uuid"": ""56f6b3bf-d9cc-466f-8523-e323df061907"", ""net"": ""/+5V_CAM"", ""layer"": ""F.Cu"", ""a"": [12.5984, 34.4424], ""z"": [12.5984, 37.083999], ""width"": 0.2, ""length"": 2.6415989999999994}",
MORI_power_P5R5,tracks,ea5872c9-6c6d-4ba6-96f5-ba8eaa5da297,,"{""uuid"": ""ea5872c9-6c6d-4ba6-96f5-ba8eaa5da297"", ""net"": ""/WHEEL_ADC"", ""layer"": ""B.Cu"", ""a"": [49.6824, 10.9728], ""z"": [48.26, 9.5504], ""width"": 0.2, ""length"": 2.0115773711194924}"
MORI_power_P5R5,tracks,4c31879f-053c-4f62-aa2a-593867f6cad9,"{""uuid"": ""4c31879f-053c-4f62-aa2a-593867f6cad9"", ""net"": ""/M5_VIN"", ""layer"": ""F.Cu"", ""a"": [30.949999, 23.0], ""z"": [30.45, 23.499999], ""width"": 0.8, ""length"": 0.7071053669729838}",
MORI_power_P5R5,tracks,60fc93d7-19cb-439f-8348-6873764b9135,"{""uuid"": ""60fc93d7-19cb-439f-8348-6873764b9135"", ""net"": ""/+5V_CAM"", ""layer"": ""F.Cu"", ""a"": [13.0, 50.0], ""z"": [10.05, 50.0], ""width"": 0.8, ""length"": 2.9499999999999993}",
MORI_power_P5R5,tracks,3d7c4371-00df-478c-96e0-1a87d799d33b,,"{""uuid"": ""3d7c4371-00df-478c-96e0-1a87d799d33b"", ""net"": ""/M5_VIN"", ""layer"": ""F.Cu"", ""a"": [25.65, 26.95], ""z"": [25.0, 27.6], ""width"": 0.6, ""length"": 0.9192388155425123}"
MORI_power_P5R5,tracks,e2251a31-a9ae-4326-b8b6-e2478f0076c7,,"{""uuid"": ""e2251a31-a9ae-4326-b8b6-e2478f0076c7"", ""net"": ""/M5_SW"", ""layer"": ""F.Cu"", ""a"": [21.5, 24.0], ""z"": [19.225, 24.0], ""width"": 0.8, ""length"": 2.2749999999999986}"
MORI_power_P5R5,tracks,2f310466-6983-4dc1-a638-07b8af0481bf,,"{""uuid"": ""2f310466-6983-4dc1-a638-07b8af0481bf"", ""net"": ""/GND"", ""layer"": ""F.Cu"", ""a"": [31.8, 29.5], ""z"": [31.8, 29.600001], ""width"": 0.2, ""length"": 0.1000009999999989}"
MORI_power_P5R5,tracks,66568180-5956-409e-b560-9c4c39552712,,"{""uuid"": ""66568180-5956-409e-b560-9c4c39552712"", ""net"": ""/+5V_MOTION"", ""layer"": ""F.Cu"", ""a"": [32.25, 28.55], ""z"": [32.75, 29.049999], ""width"": 0.2, ""length"": 0.7071060740801192}"
MORI_power_P5R5,tracks,2b718790-b2ea-487e-8ed5-25e58dfdb3f2,"{""uuid"": ""2b718790-b2ea-487e-8ed5-25e58dfdb3f2"", ""net"": ""/C5_SW"", ""layer"": ""F.Cu"", ""a"": [19.4564, 36.8808], ""z"": [21.539199, 36.8808], ""width"": 0.6, ""length"": 2.0827990000000014}",
MORI_power_P5R5,tracks,2fee0690-80a7-4454-9128-7ba3d751f947,,"{""uuid"": ""2fee0690-80a7-4454-9128-7ba3d751f947"", ""net"": ""/CHG_N"", ""layer"": ""B.Cu"", ""a"": [48.056799, 49.0728], ""z"": [48.056799, 47.6504], ""width"": 0.2, ""length"": 1.4224000000000032}"
MORI_power_P5R5,tracks,58a7b959-3e3b-4644-95d7-674235579df2,"{""uuid"": ""58a7b959-3e3b-4644-95d7-674235579df2"", ""net"": ""/C5_EN"", ""layer"": ""B.Cu"", ""a"": [29.057599, 33.8328], ""z"": [28.3464, 34.544], ""width"": 0.2, ""length"": 1.0057879784532118}",
MORI_power_P5R5,tracks,ada50105-8920-4db2-a86c-3a0189dcca20,"{""uuid"": ""ada50105-8920-4db2-a86c-3a0189dcca20"", ""net"": ""/M5_BOOT"", ""layer"": ""F.Cu"", ""a"": [26.775, 23.0], ""z"": [27.3, 23.0], ""width"": 0.2, ""length"": 0.5250000000000021}",
MORI_power_P5R5,tracks,9058eaa4-2914-406e-8cca-c21c37139a38,,"{""uuid"": ""9058eaa4-2914-406e-8cca-c21c37139a38"", ""net"": ""/C5_EN"", ""layer"": ""B.Cu"", ""a"": [31.8008, 33.7312], ""z"": [32.003999, 33.934399], ""width"": 0.2, ""length"": 0.2873667816606501}"
MORI_power_P5R5,tracks,5e21afe6-2614-43cb-acfb-b1dc28b4392b,,"{""uuid"": ""5e21afe6-2614-43cb-acfb-b1dc28b4392b"", ""net"": ""/+5V_CAM"", ""layer"": ""B.Cu"", ""a"": [31.2928, 40.7416], ""z"": [30.784799, 40.233599], ""width"": 0.2, ""length"": 0.7184219038990949}"
MORI_power_P5R5,tracks,a3055a4e-f29c-40f0-b8ca-0af18bf01caf,,"{""uuid"": ""a3055a4e-f29c-40f0-b8ca-0af18bf01caf"", ""net"": ""/+5V_CAM"", ""layer"": ""B.Cu"", ""a"": [30.784799, 40.233599], ""z"": [29.1592, 40.233599], ""width"": 0.2, ""length"": 1.6255990000000011}"
MORI_power_P5R5,tracks,ecd5f009-6422-4e7d-b6b5-f0f4f497138b,"{""uuid"": ""ecd5f009-6422-4e7d-b6b5-f0f4f497138b"", ""net"": ""/C5_EN"", ""layer"": ""B.Cu"", ""a"": [32.003999, 40.3352], ""z"": [32.003999, 33.9344], ""width"": 0.2, ""length"": 6.400800000000004}",
MORI_power_P5R5,tracks,e9ddd4a4-0cea-4f28-bbc3-aa44e1c28754,"{""uuid"": ""e9ddd4a4-0cea-4f28-bbc3-aa44e1c28754"", ""net"": ""/WHEEL_ADC"", ""layer"": ""B.Cu"", ""a"": [19.1008, 11.2776], ""z"": [19.1008, 17.8816], ""width"": 0.2, ""length"": 6.603999999999999}",
MORI_power_P5R5,tracks,725c42dc-dcad-4374-80b4-6491d78f44dd,,"{""uuid"": ""725c42dc-dcad-4374-80b4-6491d78f44dd"", ""net"": ""/+5V_MOTION"", ""layer"": ""F.Cu"", ""a"": [32.75, 31.150001], ""z"": [32.25, 31.65], ""width"": 0.2, ""length"": 0.7071060740801192}"
MORI_power_P5R5,tracks,77921a1f-776f-43df-80f5-d6fdd75a6f2b,,"{""uuid"": ""77921a1f-776f-43df-80f5-d6fdd75a6f2b"", ""net"": ""/GND"", ""layer"": ""F.Cu"", ""a"": [20.4, 32.075], ""z"": [20.4, 30.775], ""width"": 0.8, ""length"": 1.3000000000000043}"
MORI_power_P5R5,tracks,7a92e38c-0d64-4011-9bab-ed353fe9def0,,"{""uuid"": ""7a92e38c-0d64-4011-9bab-ed353fe9def0"", ""net"": ""/WHEEL_ADC"", ""layer"": ""B.Cu"", ""a"": [36.0, 46.2], ""z"": [44.2, 46.2], ""width"": 0.2, ""length"": 8.200000000000003}"
MORI_power_P5R5,tracks,3f1c61cc-1ea1-4248-8139-61d6e3667d92,"{""uuid"": ""3f1c61cc-1ea1-4248-8139-61d6e3667d92"", ""net"": ""/CHG_N"", ""layer"": ""F.Cu"", ""a"": [16.154399, 41.7576], ""z"": [16.662399, 41.7576], ""width"": 0.2, ""length"": 0.5079999999999991}",
MORI_power_P5R5,tracks,607158c5-50ab-4636-82d1-84fe341e3283,,"{""uuid"": ""607158c5-50ab-4636-82d1-84fe341e3283"", ""net"": ""/C5_FB"", ""layer"": ""F.Cu"", ""a"": [27.6, 40.95], ""z"": [28.6, 41.95], ""width"": 0.2, ""length"": 1.4142135623730951}"
MORI_power_P5R5,tracks,074a3f9a-04b8-473a-a19c-94aab0bf0dca,"{""uuid"": ""074a3f9a-04b8-473a-a19c-94aab0bf0dca"", ""net"": ""/M5_SW"", ""layer"": ""F.Cu"", ""a"": [22.6568, 25.603199], ""z"": [23.0632, 26.0096], ""width"": 0.6, ""length"": 0.5747370988556397}",
MORI_power_P5R5,tracks,3eb64638-5efa-4cd6-9d8c-eb3000d96ce7,,"{""uuid"": ""3eb64638-5efa-4cd6-9d8c-eb3000d96ce7"", ""net"": ""/M5_EN"", ""layer"": ""B.Cu"", ""a"": [20.2, 28.8], ""z"": [18.6, 30.4], ""width"": 0.2, ""length"": 2.2627416997969494}"
MORI_power_P5R5,tracks,91ca8736-2c96-402b-b565-edaa426029dd,,"{""uuid"": ""91ca8736-2c96-402b-b565-edaa426029dd"", ""net"": ""/+5V_MOTION"", ""layer"": ""F.Cu"", ""a"": [7.478, 25.997], ""z"": [7.478, 29.978], ""width"": 0.2, ""length"": 3.9810000000000016}"
MORI_power_P5R5,tracks,5946cb39-a83f-4931-a32f-9a9b2f4c2e9c,,"{""uuid"": ""5946cb39-a83f-4931-a32f-9a9b2f4c2e9c"", ""net"": ""/M5_SW"", ""layer"": ""F.Cu"", ""a"": [28.35, 20.65], ""z"": [28.35, 21.825], ""width"": 0.5, ""length"": 1.1750000000000007}"
MORI_power_P5R5,tracks,a895a000-ccca-4d5c-a7aa-34440878c31e,"{""uuid"": ""a895a000-ccca-4d5c-a7aa-34440878c31e"", ""net"": ""/GND"", ""layer"": ""F.Cu"", ""a"": [18.025, 45.0], ""z"": [18.025, 43.0], ""width"": 0.8, ""length"": 2.0}",
MORI_power_P5R5,tracks,7f3efeea-ade3-4b44-bde0-d81dd17f73a1,"{""uuid"": ""7f3efeea-ade3-4b44-bde0-d81dd17f73a1"", ""net"": ""/C5_SW"", ""layer"": ""F.Cu"", ""a"": [23.350399, 37.0], ""z"": [24.7, 37.0], ""width"": 0.6, ""length"": 1.3496009999999998}",
MORI_power_P5R5,tracks,08337cec-1fe6-4245-a35a-4cacf501367c,,"{""uuid"": ""08337cec-1fe6-4245-a35a-4cacf501367c"", ""net"": ""/WHEEL_ADC"", ""layer"": ""B.Cu"", ""a"": [22.4, 42.6], ""z"": [23.8, 42.6], ""width"": 0.2, ""length"": 1.4000000000000021}"
MORI_power_P5R5,tracks,3b4ff70a-3701-44e2-affa-7ed54ca0cf1f,"{""uuid"": ""3b4ff70a-3701-44e2-affa-7ed54ca0cf1f"", ""net"": ""/C5_EN"", ""layer"": ""F.Cu"", ""a"": [28.3464, 39.5304], ""z"": [28.3464, 38.3032], ""width"": 0.2, ""length"": 1.2272000000000034}",
MORI_power_P5R5,tracks,a958e902-671e-43c1-bcde-03c8477d98ba,,"{""uuid"": ""a958e902-671e-43c1-bcde-03c8477d98ba"", ""net"": ""/WHEEL_ADC"", ""layer"": ""F.Cu"", ""a"": [19.1008, 17.8816], ""z"": [19.1008, 19.304], ""width"": 0.2, ""length"": 1.4223999999999997}"
MORI_power_P5R5,tracks,810a6d0f-9fe4-4972-81b4-20aa2106afff,,"{""uuid"": ""810a6d0f-9fe4-4972-81b4-20aa2106afff"", ""net"": ""/CHG_N"", ""layer"": ""B.Cu"", ""a"": [44.704, 32.8168], ""z"": [44.5008, 33.019999], ""width"": 0.2, ""length"": 0.287367488768302}"
MORI_power_P5R5,tracks,99497616-9629-4d4d-9bc0-daaa6e9f5882,"{""uuid"": ""99497616-9629-4d4d-9bc0-daaa6e9f5882"", ""net"": ""/CHG_N"", ""layer"": ""B.Cu"", ""a"": [10.8712, 38.7096], ""z"": [6.908799, 38.7096], ""width"": 0.2, ""length"": 3.962401}",
MORI_power_P5R5,tracks,5e5b551a-bf8d-4f95-b05b-cbcf829a047e,"{""uuid"": ""5e5b551a-bf8d-4f95-b05b-cbcf829a047e"", ""net"": ""/C5_EN"", ""layer"": ""F.Cu"", ""a"": [26.8224, 40.0304], ""z"": [27.8464, 40.0304], ""width"": 0.2, ""length"": 1.024000000000001}",
MORI_power_P5R5,tracks,30aa790a-7f90-474b-a226-106d3dee3187,,"{""uuid"": ""30aa790a-7f90-474b-a226-106d3dee3187"", ""net"": ""/GND"", ""layer"": ""F.Cu"", ""a"": [22.5, 32.799999], ""z"": [26.000001, 32.799999], ""width"": 0.8, ""length"": 3.500001000000001}"
MORI_power_P5R5,tracks,189df64f-6234-45c9-b978-01643b85a97d,"{""uuid"": ""189df64f-6234-45c9-b978-01643b85a97d"", ""net"": ""/+5V_MOTION"", ""layer"": ""F.Cu"", ""a"": [28.956, 29.7688], ""z"": [28.3464, 29.7688], ""width"": 0.2, ""length"": 0.6096000000000004}",
MORI_power_P5R5,tracks,79075234-52c1-47ed-9ac1-aedb01ea0925,,"{""uuid"": ""79075234-52c1-47ed-9ac1-aedb01ea0925"", ""net"": ""/WHEEL_ADC"", ""layer"": ""B.Cu"", ""a"": [42.5, 43.1], ""z"": [41.6, 43.1], ""width"": 0.2, ""length"": 0.8999999999999986}"
MORI_power_P5R5,tracks,b0716ca2-40d2-47bb-b531-1e10346f60c3,"{""uuid"": ""b0716ca2-40d2-47bb-b531-1e10346f60c3"", ""net"": ""/GND"", ""layer"": ""F.Cu"", ""a"": [29.675, 31.5], ""z"": [29.175, 31.5], ""width"": 0.2, ""length"": 0.5}",
MORI_power_P5R5,tracks,b0b33526-2083-40e7-8c96-a5894cf75019,"{""uuid"": ""b0b33526-2083-40e7-8c96-a5894cf75019"", ""net"": ""/+5V_CAM"", ""layer"": ""B.Cu"", ""a"": [30.784799, 42.773599], ""z"": [31.9024, 41.656], ""width"": 0.2, ""length"": 1.5805250773088029}",
MORI_power_P5R5,tracks,1e1d3d7d-f14d-470f-bb7b-1eb26406892e,"{""uuid"": ""1e1d3d7d-f14d-470f-bb7b-1eb26406892e"", ""net"": ""/GND"", ""layer"": ""F.Cu"", ""a"": [31.325, 45.5], ""z"": [31.325, 44.7], ""width"": 0.2, ""length"": 0.7999999999999972}",
MORI_power_P5R5,tracks,daadfd0c-627a-49c2-a9bf-55607324763f,"{""uuid"": ""daadfd0c-627a-49c2-a9bf-55607324763f"", ""net"": ""/CHG_N"", ""layer"": ""B.Cu"", ""a"": [46.736, 39.014399], ""z"": [47.9552, 37.7952], ""width"": 0.2, ""length"": 1.7242084681386391}",
MORI_power_P5R5,tracks,b9a635a7-0bcf-4660-ad91-e848978870ff,"{""uuid"": ""b9a635a7-0bcf-4660-ad91-e848978870ff"", ""net"": ""/GND"", ""layer"": ""F.Cu"", ""a"": [21.85, 42.275], ""z"": [21.1, 43.025], ""width"": 0.3, ""length"": 1.0606601717798214}",
MORI_power_P5R5,tracks,a23cf3ce-aeee-4245-bffa-4775e9f970c6,,"{""uuid"": ""a23cf3ce-aeee-4245-bffa-4775e9f970c6"", ""net"": ""/CHG_N"", ""layer"": ""F.Cu"", ""a"": [13.512799, 43.078399], ""z"": [15.0368, 43.078399], ""width"": 0.2, ""length"": 1.5240010000000002}"
MORI_power_P5R5,tracks,d6a0983b-b3ba-448f-9b98-f73a6d84abdc,"{""uuid"": ""d6a0983b-b3ba-448f-9b98-f73a6d84abdc"", ""net"": ""/M5_EN"", ""layer"": ""F.Cu"", ""a"": [26.7208, 26.0096], ""z"": [27.7368, 24.9936], ""width"": 0.2, ""length"": 1.4368409793710621}",
MORI_power_P5R5,vias,2471f3b4-d626-4f93-9e41-1a8d461cef03,"{""uuid"": ""2471f3b4-d626-4f93-9e41-1a8d461cef03"", ""net"": ""/M5_EN"", ""xy"": [14.224, 20.116799], ""diameter"": 0.8, ""drill"": 0.3}",
MORI_power_P5R5,vias,f9d6bb5e-38cd-4896-8bb3-d45efb109b5a,"{""uuid"": ""f9d6bb5e-38cd-4896-8bb3-d45efb109b5a"", ""net"": ""/WHEEL_ADC"", ""xy"": [30.1752, 26.8224], ""diameter"": 0.8, ""drill"": 0.3}",
MORI_power_P5R5,vias,64ff0ec0-fd60-420c-92d4-04dc9386d63e,,"{""uuid"": ""64ff0ec0-fd60-420c-92d4-04dc9386d63e"", ""net"": ""/C5_SW"", ""xy"": [23.6, 40.0], ""diameter"": 1.0, ""drill"": 0.45}"
MORI_power_P5R5,vias,66e3e879-8581-4cb5-8080-5d63a41fa1f2,,"{""uuid"": ""66e3e879-8581-4cb5-8080-5d63a41fa1f2"", ""net"": ""/GND"", ""xy"": [25.65, 23.7], ""diameter"": 0.8, ""drill"": 0.3}"
MORI_power_P5R5,vias,1dca5ada-19e9-4417-8975-2692b556f8cb,,"{""uuid"": ""1dca5ada-19e9-4417-8975-2692b556f8cb"", ""net"": ""/+5V_CAM"", ""xy"": [31.5976, 41.4528], ""diameter"": 0.8, ""drill"": 0.3}"
MORI_power_P5R5,vias,c0f7141d-0a7b-4d0e-9d01-1ecc0f3d1c8a,,"{""uuid"": ""c0f7141d-0a7b-4d0e-9d01-1ecc0f3d1c8a"", ""net"": ""/+5V_CAM"", ""xy"": [12.5984, 34.4424], ""diameter"": 0.8, ""drill"": 0.3}"
MORI_power_P5R5,vias,7737af1b-93f7-416d-a621-d95ecb603f99,"{""uuid"": ""7737af1b-93f7-416d-a621-d95ecb603f99"", ""net"": ""/M5_FB"", ""xy"": [28.0416, 26.0096], ""diameter"": 0.8, ""drill"": 0.3}",
MORI_power_P5R5,vias,9f0a7511-2c7c-448e-93bf-5adbcecf51bf,,"{""uuid"": ""9f0a7511-2c7c-448e-93bf-5adbcecf51bf"", ""net"": ""/WHEEL_ADC"", ""xy"": [20.6, 35.6], ""diameter"": 0.8, ""drill"": 0.3}"
MORI_power_P5R5,vias,24de0e02-ad89-44ba-a484-d9452193d213,"{""uuid"": ""24de0e02-ad89-44ba-a484-d9452193d213"", ""net"": ""/WHEEL_ADC"", ""xy"": [36.576, 9.5504], ""diameter"": 0.8, ""drill"": 0.3}",
MORI_power_P5R5,vias,d33aec77-f9ab-46cb-be88-104dcf6646f7,"{""uuid"": ""d33aec77-f9ab-46cb-be88-104dcf6646f7"", ""net"": ""/+5V_CAM"", ""xy"": [36.9824, 48.971199], ""diameter"": 0.8, ""drill"": 0.3}",
MORI_power_P5R5,vias,76ea172e-93f5-4322-b85d-efcbe8992e59,,"{""uuid"": ""76ea172e-93f5-4322-b85d-efcbe8992e59"", ""net"": ""/GND"", ""xy"": [31.8, 29.5], ""diameter"": 0.8, ""drill"": 0.3}"
MORI_power_P5R5,vias,d88f25b4-13f5-4d6f-8e7b-d9815d2feffd,,"{""uuid"": ""d88f25b4-13f5-4d6f-8e7b-d9815d2feffd"", ""net"": ""/CHG_N"", ""xy"": [11.9888, 40.3352], ""diameter"": 0.8, ""drill"": 0.3}"
MORI_power_P5R5,vias,0a411102-3bb1-4eac-ab7a-5d4ac94ef543,"{""uuid"": ""0a411102-3bb1-4eac-ab7a-5d4ac94ef543"", ""net"": ""/GND"", ""xy"": [24.0, 38.0], ""diameter"": 0.8, ""drill"": 0.3}",
MORI_power_P5R5,vias,11e85e0e-5ea3-44bc-8d42-185a6b3e4306,"{""uuid"": ""11e85e0e-5ea3-44bc-8d42-185a6b3e4306"", ""net"": ""/GND"", ""xy"": [21.1, 43.025], ""diameter"": 0.8, ""drill"": 0.3}",
MORI_power_P5R5,vias,7465af56-9615-491e-8e4c-8fa865abdde5,"{""uuid"": ""7465af56-9615-491e-8e4c-8fa865abdde5"", ""net"": ""/WHEEL_ADC"", ""xy"": [19.1008, 19.304], ""diameter"": 0.8, ""drill"": 0.3}",
MORI_power_P5R5,vias,90ed8596-be18-4316-8bb4-3120e6e4f0c0,,"{""uuid"": ""90ed8596-be18-4316-8bb4-3120e6e4f0c0"", ""net"": ""/CHG_N"", ""xy"": [19.6088, 49.9872], ""diameter"": 0.8, ""drill"": 0.3}"
MORI_power_P5R5,vias,de87f27c-c96d-42da-98d8-4ff559d9f93d,,"{""uuid"": ""de87f27c-c96d-42da-98d8-4ff559d9f93d"", ""net"": ""/C5_VIN"", ""xy"": [30.5, 41.3], ""diameter"": 1.0, ""drill"": 0.45}"
MORI_power_P5R5,vias,4c5cf283-1900-4d45-9260-6c1a95db1e4d,"{""uuid"": ""4c5cf283-1900-4d45-9260-6c1a95db1e4d"", ""net"": ""/CHG_N"", ""xy"": [11.684, 39.5224], ""diameter"": 0.8, ""drill"": 0.3}",
MORI_power_P5R5,vias,6da6cd7f-8e33-4e37-a0b6-f3440c4d257a,,"{""uuid"": ""6da6cd7f-8e33-4e37-a0b6-f3440c4d257a"", ""net"": ""/GND"", ""xy"": [12.2, 29.475], ""diameter"": 1.0, ""drill"": 0.45}"
MORI_power_P5R5,vias,817f1af7-946c-4f8f-a544-0000d65b6350,"{""uuid"": ""817f1af7-946c-4f8f-a544-0000d65b6350"", ""net"": ""/WHEEL_ADC"", ""xy"": [19.1008, 17.8816], ""diameter"": 0.8, ""drill"": 0.3}",
MORI_power_P5R5,vias,8365a1ae-fce3-4b1e-b38d-3dfc4c2e92ee,,"{""uuid"": ""8365a1ae-fce3-4b1e-b38d-3dfc4c2e92ee"", ""net"": ""/GND"", ""xy"": [21.3, 40.5], ""diameter"": 0.8, ""drill"": 0.3}"
MORI_power_P5R5,vias,c203dfbb-5821-403a-a596-885455149737,,"{""uuid"": ""c203dfbb-5821-403a-a596-885455149737"", ""net"": ""/WHEEL_ADC"", ""xy"": [20.9296, 9.144], ""diameter"": 0.8, ""drill"": 0.3}"
MORI_power_P5R5,vias,7769fa5f-63b7-4d74-8591-c8cfdda18254,"{""uuid"": ""7769fa5f-63b7-4d74-8591-c8cfdda18254"", ""net"": ""/GND"", ""xy"": [31.125, 44.5], ""diameter"": 0.6, ""drill"": 0.3}",
MORI_power_P5R5,vias,90ac57d0-6ed2-407c-968f-c5c43660e8eb,,"{""uuid"": ""90ac57d0-6ed2-407c-968f-c5c43660e8eb"", ""net"": ""/GND"", ""xy"": [20.4, 32.075], ""diameter"": 0.8, ""drill"": 0.3}"
MORI_power_P5R5,vias,32dcb567-ef15-4028-9057-eee552e52f94,"{""uuid"": ""32dcb567-ef15-4028-9057-eee552e52f94"", ""net"": ""/C5_EN"", ""xy"": [28.3464, 38.3032], ""diameter"": 0.8, ""drill"": 0.3}",
MORI_power_P5R5,vias,081ec3c2-8134-49c3-9a93-c82750a93e16,,"{""uuid"": ""081ec3c2-8134-49c3-9a93-c82750a93e16"", ""net"": ""/+5V_MOTION"", ""xy"": [29.7, 32.6], ""diameter"": 0.8, ""drill"": 0.3}"
MORI_power_P5R5,vias,975f9e93-973f-474c-a677-a03ca0b956a4,,"{""uuid"": ""975f9e93-973f-474c-a677-a03ca0b956a4"", ""net"": ""/WHEEL_ADC"", ""xy"": [43.8912, 20.116799], ""diameter"": 0.8, ""drill"": 0.3}"
MORI_power_P5R5,vias,f919baa0-2e23-4673-b264-d047e23204c3,,"{""uuid"": ""f919baa0-2e23-4673-b264-d047e23204c3"", ""net"": ""/M5_EN"", ""xy"": [15.8, 30.4], ""diameter"": 0.8, ""drill"": 0.3}"
MORI_power_P5R5,vias,f4547de5-f95d-46de-b280-bf3183c2fd67,"{""uuid"": ""f4547de5-f95d-46de-b280-bf3183c2fd67"", ""net"": ""/M5_EN"", ""xy"": [11.684, 23.368], ""diameter"": 0.8, ""drill"": 0.3}",
MORI_power_P5R5,vias,bf5aa959-2ff5-49cb-a99e-4ebf6a8be5e2,"{""uuid"": ""bf5aa959-2ff5-49cb-a99e-4ebf6a8be5e2"", ""net"": ""/GND"", ""xy"": [17.5, 31.975], ""diameter"": 0.8, ""drill"": 0.3}",
MORI_power_P5R5,vias,be7aec8b-c496-492e-9569-3c260811e7ad,,"{""uuid"": ""be7aec8b-c496-492e-9569-3c260811e7ad"", ""net"": ""/WHEEL_ADC"", ""xy"": [32.0, 46.75], ""diameter"": 0.8, ""drill"": 0.3}"
MORI_power_P5R5,vias,85eecdc1-6f9d-45c1-a0ff-76a398aee0df,,"{""uuid"": ""85eecdc1-6f9d-45c1-a0ff-76a398aee0df"", ""net"": ""/WHEEL_ADC"", ""xy"": [19.1008, 17.8816], ""diameter"": 0.8, ""drill"": 0.3}"
MORI_power_P5R5,vias,29fe6d79-d4eb-4291-b3ab-b0c8cfd10ef9,"{""uuid"": ""29fe6d79-d4eb-4291-b3ab-b0c8cfd10ef9"", ""net"": ""/+5V_CAM"", ""xy"": [30.784799, 42.9768], ""diameter"": 0.8, ""drill"": 0.3}",
MORI_power_P5R5,vias,768ce15e-575b-42a3-a98e-7ed1fd35bb90,"{""uuid"": ""768ce15e-575b-42a3-a98e-7ed1fd35bb90"", ""net"": ""/CHG_N"", ""xy"": [43.078399, 46.6344], ""diameter"": 0.8, ""drill"": 0.3}",
MORI_power_P5R5,vias,27e02573-18d8-4664-815f-b085f50c8c87,,"{""uuid"": ""27e02573-18d8-4664-815f-b085f50c8c87"", ""net"": ""/C5_EN"", ""xy"": [32.6136, 41.2496], ""diameter"": 0.8, ""drill"": 0.3}"
MORI_power_P5R5,vias,5fc6385e-6ae0-42e9-a30a-00b151c744b2,,"{""uuid"": ""5fc6385e-6ae0-42e9-a30a-00b151c744b2"", ""net"": ""/C5_SW"", ""xy"": [21.5, 38.0], ""diameter"": 1.0, ""drill"": 0.45}"
MORI_power_P5R5,vias,72833f79-c49d-4ab3-896d-5e439a7fbbc7,,"{""uuid"": ""72833f79-c49d-4ab3-896d-5e439a7fbbc7"", ""net"": ""/M5_SW"", ""xy"": [28.35, 20.65], ""diameter"": 0.8, ""drill"": 0.3}"
MORI_power_P5R5,vias,c9f7f7eb-3bc3-4503-812c-3fc5309cb84b,"{""uuid"": ""c9f7f7eb-3bc3-4503-812c-3fc5309cb84b"", ""net"": ""/+5V_MOTION"", ""xy"": [27.939999, 30.1752], ""diameter"": 0.8, ""drill"": 0.3}",
MORI_power_P5R5,vias,a9ec8c8a-03d9-4ddc-99e8-405fa5baa1ae,,"{""uuid"": ""a9ec8c8a-03d9-4ddc-99e8-405fa5baa1ae"", ""net"": ""/M5_EN"", ""xy"": [11.2, 31.6], ""diameter"": 0.8, ""drill"": 0.3}"
MORI_power_P5R5,vias,950133c1-dd0d-4a5a-9a0f-641b311577a9,,"{""uuid"": ""950133c1-dd0d-4a5a-9a0f-641b311577a9"", ""net"": ""/GND"", ""xy"": [24.9, 37.7], ""diameter"": 0.8, ""drill"": 0.3}"
MORI_power_P5R5,vias,f05742e0-3d38-41f0-b339-606a2e9ee64c,"{""uuid"": ""f05742e0-3d38-41f0-b339-606a2e9ee64c"", ""net"": ""/+5V_MOTION"", ""xy"": [30.1752, 30.276799], ""diameter"": 0.8, ""drill"": 0.3}",
MORI_power_P5R5,vias,74f434cf-9369-4b6f-84a6-b24b421363c1,,"{""uuid"": ""74f434cf-9369-4b6f-84a6-b24b421363c1"", ""net"": ""/M5_VIN"", ""xy"": [29.6, 23.0], ""diameter"": 1.0, ""drill"": 0.45}"
MORI_power_P5R5,vias,f50c76a2-d586-437f-8f45-a3d19885d654,"{""uuid"": ""f50c76a2-d586-437f-8f45-a3d19885d654"", ""net"": ""/C5_VIN"", ""xy"": [27.939999, 42.5704], ""diameter"": 1.0, ""drill"": 0.45}",
MORI_power_P5R5,vias,432af62d-f8fa-4a60-abd7-7c9cee842a2b,"{""uuid"": ""432af62d-f8fa-4a60-abd7-7c9cee842a2b"", ""net"": ""/C5_EN"", ""xy"": [32.8168, 41.148], ""diameter"": 0.8, ""drill"": 0.3}",
MORI_power_P5R5,vias,d612976e-e717-4333-a8c5-7a17aae68cce,,"{""uuid"": ""d612976e-e717-4333-a8c5-7a17aae68cce"", ""net"": ""/GND"", ""xy"": [20.4, 44.575], ""diameter"": 0.8, ""drill"": 0.3}"
MORI_power_P5R5,vias,3d749f9f-e172-486d-b6d5-94e2f9c8a101,"{""uuid"": ""3d749f9f-e172-486d-b6d5-94e2f9c8a101"", ""net"": ""/+5V_MOTION"", ""xy"": [13.817599, 28.448], ""diameter"": 0.8, ""drill"": 0.3}",
MORI_power_P5R5,vias,52bf566b-c8a2-4298-9270-14ec732d4de5,,"{""uuid"": ""52bf566b-c8a2-4298-9270-14ec732d4de5"", ""net"": ""/WHEEL_ADC"", ""xy"": [19.4, 28.6], ""diameter"": 0.8, ""drill"": 0.3}"
MORI_power_P5R5,vias,3b5dda83-b571-4d03-8d05-5734a90ad6ea,,"{""uuid"": ""3b5dda83-b571-4d03-8d05-5734a90ad6ea"", ""net"": ""/GND"", ""xy"": [20.4, 45.875], ""diameter"": 0.8, ""drill"": 0.3}"
MORI_power_P5R5,vias,f417e7c7-5817-42ec-a937-10db1d67846d,,"{""uuid"": ""f417e7c7-5817-42ec-a937-10db1d67846d"", ""net"": ""/WHEEL_ADC"", ""xy"": [35.3, 46.9], ""diameter"": 0.8, ""drill"": 0.3}"
MORI_power_P5R5,vias,53a91620-576c-44b7-bbd4-c7cfa754bce2,"{""uuid"": ""53a91620-576c-44b7-bbd4-c7cfa754bce2"", ""net"": ""/M5_EN"", ""xy"": [27.7368, 24.9936], ""diameter"": 0.8, ""drill"": 0.3}",
MORI_power_P5R5,vias,b5cff1c0-1a3a-496d-8a43-cf322c12ab65,"{""uuid"": ""b5cff1c0-1a3a-496d-8a43-cf322c12ab65"", ""net"": ""/+5V_CAM"", ""xy"": [40.7416, 45.9232], ""diameter"": 0.8, ""drill"": 0.3}",
MORI_power_P5R5,vias,04993008-f227-4e06-bad1-25ab4dd8ac0d,,"{""uuid"": ""04993008-f227-4e06-bad1-25ab4dd8ac0d"", ""net"": ""/M5_VIN"", ""xy"": [24.45, 27.9], ""diameter"": 0.8, ""drill"": 0.3}"
MORI_power_P5R5,vias,43d9a8e7-4dbc-4c8f-83f1-37764c96f89e,,"{""uuid"": ""43d9a8e7-4dbc-4c8f-83f1-37764c96f89e"", ""net"": ""/+5V_MOTION"", ""xy"": [16.6, 31.2], ""diameter"": 0.8, ""drill"": 0.3}"
MORI_power_P5R5,vias,6e5a5c86-2dc1-4814-b2aa-921bcbd1b91c,"{""uuid"": ""6e5a5c86-2dc1-4814-b2aa-921bcbd1b91c"", ""net"": ""/WHEEL_ADC"", ""xy"": [43.8912, 20.116799], ""diameter"": 0.8, ""drill"": 0.3}",
MORI_power_P5R5,vias,95121bdc-06a6-4fab-b4dd-5111ef59b8b9,,"{""uuid"": ""95121bdc-06a6-4fab-b4dd-5111ef59b8b9"", ""net"": ""/WHEEL_ADC"", ""xy"": [19.1008, 19.304], ""diameter"": 0.8, ""drill"": 0.3}"
MORI_power_P5R5,vias,feac205f-6192-4716-b75a-1550aabbe9e6,"{""uuid"": ""feac205f-6192-4716-b75a-1550aabbe9e6"", ""net"": ""/GND"", ""xy"": [22.0, 29.5], ""diameter"": 0.8, ""drill"": 0.3}",
MORI_power_P5R5,vias,dec6330d-7b97-4d45-9cec-6f2fbd594b4b,"{""uuid"": ""dec6330d-7b97-4d45-9cec-6f2fbd594b4b"", ""net"": ""/+5V_MOTION"", ""xy"": [30.1752, 28.244799], ""diameter"": 0.8, ""drill"": 0.3}",
MORI_power_P5R5,vias,8b8b4739-9bb2-4194-b688-a2d5cccbced7,"{""uuid"": ""8b8b4739-9bb2-4194-b688-a2d5cccbced7"", ""net"": ""/GND"", ""xy"": [18.025, 43.0], ""diameter"": 0.8, ""drill"": 0.3}",
MORI_power_P5R5,vias,2ff90f9a-af8d-4fbd-949a-a83b8c030453,"{""uuid"": ""2ff90f9a-af8d-4fbd-949a-a83b8c030453"", ""net"": ""/M5_FB"", ""xy"": [28.0416, 28.956], ""diameter"": 0.8, ""drill"": 0.3}",
MORI_power_P5R5,vias,5392eee6-31c3-4266-923d-9a80fa401bd4,"{""uuid"": ""5392eee6-31c3-4266-923d-9a80fa401bd4"", ""net"": ""/GND"", ""xy"": [26.0, 34.125], ""diameter"": 0.8, ""drill"": 0.3}",
MORI_power_P5R5,vias,9deab1b2-2309-42dc-8a57-d34853e263d3,"{""uuid"": ""9deab1b2-2309-42dc-8a57-d34853e263d3"", ""net"": ""/GND"", ""xy"": [28.625, 31.5], ""diameter"": 0.8, ""drill"": 0.3}",
MORI_power_P5R5,vias,bd0b1e0c-f9fb-42a0-8fc9-0c4f84da5ab8,"{""uuid"": ""bd0b1e0c-f9fb-42a0-8fc9-0c4f84da5ab8"", ""net"": ""/CHG_N"", ""xy"": [47.1932, 32.410399], ""diameter"": 0.8, ""drill"": 0.3}",
MORI_power_P5R5,vias,42322df4-e3e1-423f-b61c-edc2b2799e2f,,"{""uuid"": ""42322df4-e3e1-423f-b61c-edc2b2799e2f"", ""net"": ""/GND"", ""xy"": [21.5, 26.5], ""diameter"": 0.8, ""drill"": 0.3}"
MORI_power_P5R5,vias,f2ebd827-344e-4fa4-8884-5f78e6a98461,"{""uuid"": ""f2ebd827-344e-4fa4-8884-5f78e6a98461"", ""net"": ""/CHG_N"", ""xy"": [4.4704, 33.8328], ""diameter"": 0.8, ""drill"": 0.3}",
MORI_power_P5R5,vias,85f2e8e6-7fdd-4dca-b83a-06e4fd3788c9,"{""uuid"": ""85f2e8e6-7fdd-4dca-b83a-06e4fd3788c9"", ""net"": ""/M5_EN"", ""xy"": [6.604, 37.2872], ""diameter"": 0.8, ""drill"": 0.3}",
MORI_power_P5R5,vias,048f9638-098f-46c4-ad3a-e89daf446b99,,"{""uuid"": ""048f9638-098f-46c4-ad3a-e89daf446b99"", ""net"": ""/M5_SW"", ""xy"": [24.35, 26.0], ""diameter"": 1.0, ""drill"": 0.45}"
MORI_power_P5R5,vias,de601f48-8302-46ee-9aa2-e71cf452110d,"{""uuid"": ""de601f48-8302-46ee-9aa2-e71cf452110d"", ""net"": ""/GND"", ""xy"": [28.675, 46.0], ""diameter"": 0.8, ""drill"": 0.3}",
MORI_power_P5R5,vias,ae80e56f-85ea-4b0a-8e42-ea54e4ef760b,,"{""uuid"": ""ae80e56f-85ea-4b0a-8e42-ea54e4ef760b"", ""net"": ""/GND"", ""xy"": [20.4, 30.775], ""diameter"": 0.8, ""drill"": 0.3}"
MORI_power_P5R5,vias,5cd9a732-c0eb-4ffd-acbd-e8f426818958,,"{""uuid"": ""5cd9a732-c0eb-4ffd-acbd-e8f426818958"", ""net"": ""/+5V_CAM"", ""xy"": [24.7904, 35.864799], ""diameter"": 0.8, ""drill"": 0.3}"
MORI_power_P5R5,vias,558f215a-4cfb-4dc6-89f6-b247d52ceb11,,"{""uuid"": ""558f215a-4cfb-4dc6-89f6-b247d52ceb11"", ""net"": ""/WHEEL_ADC"", ""xy"": [36.576, 9.5504], ""diameter"": 0.8, ""drill"": 0.3}"
MORI_power_P5R5,vias,0db44685-5684-4ee2-82c4-b565368e381b,,"{""uuid"": ""0db44685-5684-4ee2-82c4-b565368e381b"", ""net"": ""/WHEEL_ADC"", ""xy"": [42.2, 37.0], ""diameter"": 0.8, ""drill"": 0.3}"
MORI_power_P5R5,vias,30286d06-e416-40ca-85d2-df8356b7d8ea,,"{""uuid"": ""30286d06-e416-40ca-85d2-df8356b7d8ea"", ""net"": ""/+5V_CAM"", ""xy"": [21.843999, 34.4424], ""diameter"": 0.8, ""drill"": 0.3}"
MORI_power_P5R5,vias,e0259258-65dd-4a43-b3a8-9e74cb4c913f,,"{""uuid"": ""e0259258-65dd-4a43-b3a8-9e74cb4c913f"", ""net"": ""/M5_EN"", ""xy"": [6.604, 37.2872], ""diameter"": 0.8, ""drill"": 0.3}"
MORI_power_P5R5,vias,fb169bf3-2623-4112-98f7-91cb70234782,,"{""uuid"": ""fb169bf3-2623-4112-98f7-91cb70234782"", ""net"": ""/+5V_CAM"", ""xy"": [36.8808, 47.5488], ""diameter"": 0.8, ""drill"": 0.3}"
MORI_power_P5R5,vias,5ac8e333-d36f-420b-889e-7664d83b3e84,,"{""uuid"": ""5ac8e333-d36f-420b-889e-7664d83b3e84"", ""net"": ""/M5_EN"", ""xy"": [29.89, 26.0], ""diameter"": 0.8, ""drill"": 0.3}"
MORI_power_P5R5,vias,b83f8a75-3b76-40d6-9c5e-3a87558b885c,"{""uuid"": ""b83f8a75-3b76-40d6-9c5e-3a87558b885c"", ""net"": ""/WHEEL_ADC"", ""xy"": [20.9296, 9.144], ""diameter"": 0.8, ""drill"": 0.3}",
MORI_power_P5R5,vias,06141420-e271-492e-b9c4-4941dcd3d2bb,,"{""uuid"": ""06141420-e271-492e-b9c4-4941dcd3d2bb"", ""net"": ""/GND"", ""xy"": [31.8, 43.5], ""diameter"": 0.8, ""drill"": 0.3}"
MORI_power_P5R5,vias,56077b8a-3f9a-4d6c-89d7-26cd1458cf13,"{""uuid"": ""56077b8a-3f9a-4d6c-89d7-26cd1458cf13"", ""net"": ""/C5_VIN"", ""xy"": [31.089599, 41.2496], ""diameter"": 1.0, ""drill"": 0.45}",
MORI_power_P5R5,vias,d84b8960-ed00-483b-a3de-610b536c7dbb,,"{""uuid"": ""d84b8960-ed00-483b-a3de-610b536c7dbb"", ""net"": ""/+5V_CAM"", ""xy"": [36.9824, 48.971199], ""diameter"": 0.8, ""drill"": 0.3}"
MORI_power_P5R5,vias,dc96e9a2-e4bb-4a61-9b27-23be32d48144,,"{""uuid"": ""dc96e9a2-e4bb-4a61-9b27-23be32d48144"", ""net"": ""/C5_EN"", ""xy"": [28.6, 37.9], ""diameter"": 0.8, ""drill"": 0.3}"
MORI_power_P5R5,vias,7a631248-ce50-4b99-8188-150cbb6b7b4d,,"{""uuid"": ""7a631248-ce50-4b99-8188-150cbb6b7b4d"", ""net"": ""/C5_SW"", ""xy"": [27.6, 34.15], ""diameter"": 0.8, ""drill"": 0.3}"
MORI_power_P5R5,vias,c1a3c364-7a49-4ef0-9b02-aee60bcb71a3,,"{""uuid"": ""c1a3c364-7a49-4ef0-9b02-aee60bcb71a3"", ""net"": ""/C5_VIN"", ""xy"": [24.45, 41.9], ""diameter"": 0.8, ""drill"": 0.3}"
MORI_power_P5R5,vias,ce0721e5-26f8-4345-b796-3516ac388c3a,"{""uuid"": ""ce0721e5-26f8-4345-b796-3516ac388c3a"", ""net"": ""/+5V_CAM"", ""xy"": [12.5984, 34.4424], ""diameter"": 0.8, ""drill"": 0.3}",
MORI_power_P5R5,vias,5e7d7d81-21b3-4a90-8e48-5e288982a3bd,"{""uuid"": ""5e7d7d81-21b3-4a90-8e48-5e288982a3bd"", ""net"": ""/GND"", ""xy"": [23.45, 24.0], ""diameter"": 0.8, ""drill"": 0.3}",
MORI_power_P5R5,vias,a7b51c60-45b9-4360-a557-2221f0a7bd16,,"{""uuid"": ""a7b51c60-45b9-4360-a557-2221f0a7bd16"", ""net"": ""/M5_SW"", ""xy"": [21.5, 24.0], ""diameter"": 1.0, ""drill"": 0.45}"
