uuid,net,layer,a,z,width,length,flags
079fbb9f-e28e-4da7-bb5c-0c9b65b342a5,/C5_FB,F.Cu,"(26.35, 40.95)","(26.85, 40.95)",0.2,0.5,[]
1ddfc141-78e0-456d-ba10-799c4cee61b0,/C5_FB,F.Cu,"(29.362399, 42.2656)","(29.464, 42.2656)",0.2,0.10160099999999872,"['C0001', 'C0003', 'C0004', 'C0006', 'C0010']"
313f54df-ec08-4d15-803a-08913868dbfa,/C5_FB,F.Cu,"(29.5, 42.225)","(29.975001, 42.175)",0.2,0.4776253238690337,"['C0002', 'C0003', 'C0005', 'C0007', 'C0011', 'C0014']"
59d7bd44-a48e-4f43-b890-2489e1023856,/C5_FB,F.Cu,"(27.599998, 41.699999)","(26.85, 40.95)",0.2,1.0606580504597087,[]
65ed8cd3-7282-4a1d-a277-7e0d3ce29296,/C5_FB,F.Cu,"(29.975001, 42.175)","(32.0, 42.175)",0.2,2.024999000000001,[]
66295890-dde2-459f-907a-837960d52ac7,/C5_FB,F.Cu,"(28.6512, 44.5008)","(28.6512, 42.9768)",0.2,1.524000000000001,[]
911dfccb-2648-48ea-81fc-20240d275d0f,/C5_FB,F.Cu,"(28.6512, 42.9768)","(29.362399, 42.2656)",0.2,1.0057879784532118,"['C0004', 'C0005', 'C0008', 'C0012']"
a881b96f-1ab3-40a7-a3d1-4529ba95b507,/C5_FB,F.Cu,"(29.5, 42.199998)","(29.000001, 41.699999)",0.2,0.7071053669729862,"['C0006', 'C0007', 'C0008', 'C0013']"
d99534d2-28f1-4b86-8c50-83c2ac28cff8,/C5_FB,F.Cu,"(29.667199, 45.5168)","(28.6512, 44.5008)",0.2,1.4368402722644615,[]
e8adf724-dcd2-42cc-aef6-0a273d51bfa5,/C5_FB,F.Cu,"(29.5, 42.225)","(29.5, 42.199998)",0.2,0.025002000000000635,"['C0009', 'C0010', 'C0011', 'C0012', 'C0013', 'C0014']"
fa7e3ad9-0f90-4f12-a5e9-e1d99569b274,/C5_FB,F.Cu,"(29.000001, 41.699999)","(27.599998, 41.699999)",0.2,1.4000030000000017,[]
047811f8-4c86-4a8b-ad42-1d3614b5d1d6,/GND,F.Cu,"(27.475, 45.0)","(28.099999, 45.0)",0.2,0.624998999999999,[]
0b3c5f79-0e0e-4007-8d85-6e7fc98676e0,/GND,F.Cu,"(16.5, 42.675)","(16.5, 42.175)",0.2,0.5,[]
0d65fe1a-1866-4480-b28d-ec031a070303,/GND,F.Cu,"(38.5064, 20.725)","(38.5064, 19.5326)",0.2,1.1924000000000028,"['C0019', 'C0020']"
0e12dc52-c832-408e-b131-14b96eb59efc,/GND,F.Cu,"(64.095, 11.525)","(64.095, 11.025)",0.2,0.5,[]
0f0e08cf-e86c-4053-8dfc-4b1acc77e538,/GND,F.Cu,"(45.175, 45.5)","(44.675, 45.5)",0.2,0.5,"['C0015', 'C0016']"
129b46d8-af55-4f4e-8f08-a3adaad968b2,/GND,F.Cu,"(54.55, 50.5625)","(54.55, 50.0625)",0.2,0.5,[]
184a9843-c2cf-49cb-a278-c96dea74483b,/GND,F.Cu,"(39.04, 44.5)","(40.5, 44.5)",0.2,1.4600000000000009,[]
18d3f48f-0f5c-487f-9cbd-4be836e1ef12,/GND,F.Cu,"(26.0, 32.475)","(26.0, 33.1)",0.2,0.625,[]
1e1d3d7d-f14d-470f-bb7b-1eb26406892e,/GND,F.Cu,"(31.325, 45.5)","(31.325, 44.7)",0.2,0.7999999999999972,[]
26ec7678-bc4b-4470-847d-0f3043a6bb16,/GND,F.Cu,"(42.95, 19.4375)","(42.95, 20.5218)",0.2,1.084299999999999,[]
27532f74-9d47-4fd2-9e6d-b641fb62f037,/GND,F.Cu,"(56.95, 36.9375)","(56.95, 37.4375)",0.2,0.5,[]
276acbf5-6858-4283-9aa5-c02a25b60640,/GND,F.Cu,"(14.45, 44.9375)","(14.45, 45.4375)",0.2,0.5,[]
2a7ab986-ace8-4b8b-b848-84eadd753106,/GND,F.Cu,"(74.4, 9.5)","(74.9, 9.5)",0.2,0.5,[]
31320c7e-f0f2-4a35-948a-738ebf324fcb,/GND,F.Cu,"(57.0, 22.0)","(60.0, 22.0)",0.2,3.0,[]
34b2d367-62cc-4f93-9ce9-c8ff36e428a5,/GND,F.Cu,"(15.5, 50.0)","(18.45, 50.0)",0.2,2.9499999999999993,[]
37ab7878-d6f6-4135-a306-ceca29ee3cc3,/GND,F.Cu,"(71.0, 13.225)","(71.0, 12.7)",0.2,0.5250000000000004,[]
38f688e6-40ec-438c-84f2-87669497ce30,/GND,F.Cu,"(63.45, 19.8)","(63.45, 20.800001)",0.2,1.000001000000001,[]
3b73f730-71e4-4a69-a1a8-c78f49bdf4bd,/GND,F.Cu,"(22.0, 6.0)","(18.9, 6.0)",0.2,3.1000000000000014,[]
3cfbd8e7-9795-4b00-ab2f-160320d3774c,/GND,F.Cu,"(60.9, 51.0)","(61.4, 51.0)",0.2,0.5,[]
3e44e4ab-bdbd-4bb9-b9c3-776d8083637b,/GND,F.Cu,"(72.475, 31.72)","(72.475, 31.25)",0.2,0.46999999999999886,[]
407aa8cf-93af-4131-be82-1c7a27ca721a,/GND,F.Cu,"(31.325, 45.5)","(31.825, 45.5)",0.2,0.5,[]
46eb454c-9854-465a-9a07-df10e58d12fb,/GND,F.Cu,"(71.275, 32.595)","(71.6, 32.595)",0.2,0.32499999999998863,[]
4af0a2dd-4a4a-4d70-8cf8-32b63f9f017a,/GND,F.Cu,"(22.0, 28.275)","(22.0, 28.8)",0.2,0.5250000000000021,[]
4f9f3ae4-28fc-48c5-b747-926a136816ae,/GND,F.Cu,"(10.0, 29.475)","(10.0, 30.099999)",0.2,0.624998999999999,[]
543019b3-b683-4b16-87c7-d45961f1279f,/GND,F.Cu,"(67.325, 38.5)","(67.825, 38.5)",0.2,0.5,[]
559eb267-4f9d-490d-a6ab-459c7a009aeb,/GND,F.Cu,"(56.9682, 32.0)","(56.3626, 31.394399)",0.2,0.8564484404802213,[]
59cdea53-6a06-4ec3-ac79-43cfe780fb37,/GND,F.Cu,"(23.45, 24.85)","(23.45, 24.0)",0.2,0.8500000000000014,[]
5a1212ed-b10d-4bbb-bd97-b686bf182cdc,/GND,F.Cu,"(15.4, 43.975)","(15.4, 43.674999)",0.2,0.30000100000000174,[]
62f076fb-8077-4fde-9865-fca939f666c5,/GND,F.Cu,"(63.45, 20.800001)","(62.950001, 21.3)",0.2,0.7071053669729862,['C0018']
69611017-dcf3-40a1-b5b2-925cd9b6d265,/GND,F.Cu,"(71.775, 38.5)","(72.3, 38.5)",0.2,0.5249999999999915,[]
73488a69-74f4-43bc-b20d-3d4a2b671a7c,/GND,F.Cu,"(45.175, 45.4914)","(43.9674, 45.4914)",0.2,1.2075999999999993,"['C0015', 'C0016']"
762fcccf-bf73-4883-9a23-3552f7c961c6,/GND,F.Cu,"(40.0, 50.0)","(36.9, 50.0)",0.2,3.1000000000000014,[]
7c0af74f-5791-452c-a161-ae23c78680d8,/GND,F.Cu,"(69.775, 21.1)","(70.3, 21.1)",0.2,0.5249999999999915,[]
7d915372-f279-4a87-bf8f-8c9cc42bf81e,/GND,F.Cu,"(31.325, 44.7)","(31.125, 44.5)",0.2,0.2828427124746205,[]
7e6a36a7-bc91-4785-8d97-ec6c4943ecec,/GND,F.Cu,"(4.5, 29.0)","(4.5, 26.55)",0.2,2.4499999999999993,[]
7ef9db14-8f9b-412b-92bd-9bcf6d50041d,/GND,F.Cu,"(75.0, 32.0)","(75.0, 29.55)",0.2,2.4499999999999993,[]
82b51981-08cc-41af-bafc-1bab43ea933e,/GND,F.Cu,"(48.0, 6.0)","(44.9, 6.0)",0.2,3.1000000000000014,[]
8325f3bc-a740-4077-81d4-006b1df60607,/GND,F.Cu,"(15.4, 43.674999)","(15.899999, 43.175)",0.2,0.7071053669729862,[]
89458930-920e-474a-bdcc-64ed26806fa6,/GND,F.Cu,"(75.0, 41.0)","(72.39, 41.0)",0.2,2.6099999999999994,[]
8bff3285-070f-4409-a48a-ede13f1ae99b,/GND,F.Cu,"(75.0, 19.0)","(75.0, 21.95)",0.2,2.9499999999999993,[]
8ccf2756-a59a-4fad-acd9-18a37f4e6de1,/GND,F.Cu,"(62.950001, 21.3)","(62.825, 21.3)",0.2,0.12500099999999748,"['C0017', 'C0018']"
8f589824-26d6-4c35-9684-3c2de2afed1a,/GND,F.Cu,"(59.5, 14.4375)","(59.5, 14.9375)",0.2,0.5,[]
94669f6e-a3d7-4531-af77-34339a9da73c,/GND,F.Cu,"(15.899999, 43.175)","(16.2, 43.175)",0.2,0.30000099999999996,[]
95684c41-7641-499f-bbd3-bb1743ed7b0a,/GND,F.Cu,"(62.525, 36.398199)","(59.334399, 36.398199)",0.2,3.190601000000001,"['C0021', 'C0022']"
95c58c6c-841c-4756-932c-fd7538e559b3,/GND,F.Cu,"(41.825, 22.0)","(42.325, 22.0)",0.2,0.5,[]
99c12a7f-1e91-4f95-a386-27e2c6f023dc,/GND,F.Cu,"(23.65, 25.05)","(23.45, 24.85)",0.2,0.282842712474618,['C0023']
99f42d23-f5f1-4705-9258-4fbb4317ce73,/GND,F.Cu,"(23.65, 39.05)","(23.15, 39.05)",0.2,0.5,[]
9b04de5a-69a6-448a-bb0a-0912194c4327,/GND,F.Cu,"(25.0, 50.0)","(21.9, 50.0)",0.2,3.1000000000000014,[]
a3a1ae75-73fb-4fc3-9c21-a75e2e4d915a,/GND,F.Cu,"(10.0, 35.525)","(10.0, 34.9)",0.2,0.625,[]
a527cde1-4aec-4166-b2d6-54b566405794,/GND,F.Cu,"(42.95, 20.5218)","(43.561, 21.1328)",0.2,0.8640844866099595,[]
ab702703-9ea3-45c4-9955-85822ca57997,/GND,F.Cu,"(64.0, 42.5)","(61.05, 42.5)",0.2,2.950000000000003,[]
af043deb-c16d-4d28-8936-b02bbeeed0aa,/GND,F.Cu,"(38.0, 10.225)","(38.0, 9.7)",0.2,0.5250000000000004,[]
b0716ca2-40d2-47bb-b531-1e10346f60c3,/GND,F.Cu,"(29.675, 31.5)","(29.175, 31.5)",0.2,0.5,[]
b13bf3b3-2278-4cf3-b243-f31487a97e6f,/GND,F.Cu,"(56.9682, 32.0)","(57.5625, 32.0)",0.2,0.5942999999999969,[]
b45b632c-ce7a-4547-a9fd-b32baaf68662,/GND,F.Cu,"(23.65, 25.05)","(23.15, 25.05)",0.2,0.5,['C0023']
b526b491-fd33-482a-a35b-d08345abc971,/GND,F.Cu,"(38.5, 20.725)","(38.5, 20.2)",0.2,0.5250000000000021,"['C0019', 'C0020']"
bc013010-74e4-4068-a9d4-426a471438cc,/GND,F.Cu,"(58.0, 44.0)","(61.0, 44.0)",0.2,3.0,[]
c4cc3532-e5a0-4606-a6c3-7b67a3199122,/GND,F.Cu,"(4.5, 44.0)","(4.5, 41.55)",0.2,2.450000000000003,[]
c805b936-e4da-4d48-a88f-d3d14849c7e4,/GND,F.Cu,"(9.0, 6.0)","(5.899999, 6.0)",0.2,3.100001,[]
d4d82a12-154a-4ed0-8329-e5b9a9997784,/GND,F.Cu,"(4.5, 15.0)","(4.5, 12.55)",0.2,2.4499999999999993,[]
d622891d-f945-4100-9077-0fba5a1440ea,/GND,F.Cu,"(72.4375, 5.55)","(72.9375, 5.55)",0.2,0.5,[]
d8d1146c-52c4-4bbc-8ab6-3f873e8bb8d8,/GND,F.Cu,"(27.675, 45.0)","(28.675, 46.0)",0.2,1.4142135623730951,[]
e150a341-15e7-421b-b080-93e2d71f00cd,/GND,F.Cu,"(62.525, 36.405)","(62.025, 36.405)",0.2,0.5,"['C0021', 'C0022']"
e2cfde8b-d3fe-49b1-96c6-e5273b3f975f,/GND,F.Cu,"(22.0, 42.275)","(22.0, 42.8)",0.2,0.5249999999999986,[]
eb68b01a-2fec-4cbd-a6f2-12fce4c4d3fe,/GND,F.Cu,"(10.0, 43.475)","(10.0, 44.1)",0.2,0.625,[]
f2a9aea4-4d53-42a0-9134-0b66d2e4742d,/GND,F.Cu,"(19.5, 31.975)","(19.5, 32.6)",0.2,0.625,[]
f2d0cb18-dbf8-4fad-93bf-a2d3e56554c4,/GND,F.Cu,"(71.6, 32.595)","(72.475, 31.72)",0.2,1.2374368670764582,[]
fc72999a-983e-4882-8fa4-a68815bdad26,/GND,F.Cu,"(53.675, 28.8)","(53.175, 28.8)",0.2,0.5,[]
fe9b1600-af24-49d4-8486-080628012020,/GND,F.Cu,"(10.0, 21.525)","(10.0, 20.9)",0.2,0.625,[]
04a26a60-1a0b-41d3-ae2a-92aaf442e8d6,/BAT_MON,F.Cu,"(35.9664, 22.453599)","(35.9664, 21.539199)",0.8,0.9144000000000005,[]
0963496c-f4e5-44c4-b87c-b8ce9eb1a217,/BAT_MON,F.Cu,"(36.455, 23.0)","(37.675, 23.0)",0.2,1.2199999999999989,"['C0027', 'C0028', 'C0032', 'C0039']"
2824942a-3b8f-471c-af41-a29e6af0d58f,/BAT_MON,F.Cu,"(35.2552, 20.828)","(32.6136, 20.828)",0.8,2.641600000000004,"['C0026', 'C0035']"
47649ba7-2058-404a-9fb7-d577bc16ff40,/BAT_MON,F.Cu,"(31.1912, 33.4264)","(30.48, 33.4264)",0.8,0.7111999999999981,['C0030']
5ee63494-a2bf-4d6d-a668-24c0ea520c07,/BAT_MON,F.Cu,"(30.124399, 5.9944)","(30.6324, 6.5024)",2.0,0.7184211967926616,['C0024']
75227cc4-2596-4bca-ae91-effc6bb9984e,/BAT_MON,F.Cu,"(37.675, 23.0)","(38.675, 24.0)",0.2,1.4142135623730951,['C0029']
7da95d9c-a0c7-4742-aed1-15a50b17b4ca,/BAT_MON,F.Cu,"(36.626799, 11.9888)","(36.626799, 13.7668)",2.0,1.7780000000000005,"['C0031', 'C0034', 'C0037', 'C0038']"
8606a0a0-ef56-47cf-a6e7-48fea0e8df5d,/BAT_MON,F.Cu,"(27.0, 6.0)","(30.099999, 6.0)",2.0,3.0999990000000004,['C0024']
8c67640a-eee1-4587-af18-29ac37e738dd,/BAT_MON,F.Cu,"(32.105599, 32.512)","(31.1912, 33.4264)",0.8,1.2931561743273703,[]
8e5eac43-967a-4b16-bcd6-98282a8f4c88,/BAT_MON,F.Cu,"(32.6136, 20.828)","(32.512, 20.7264)",0.8,0.1436840979371032,"['C0025', 'C0026', 'C0036']"
9541b80b-ca7b-4590-a7d0-31eddb58d372,/BAT_MON,F.Cu,"(36.455, 23.0)","(37.55, 23.0)",0.8,1.0949999999999989,"['C0027', 'C0028', 'C0029', 'C0033', 'C0039']"
a1534866-92b3-4bc7-84bc-ccc4ad99075c,/BAT_MON,F.Cu,"(30.5, 34.545)","(30.5, 33.449999)",0.8,1.0950010000000034,['C0030']
adc86355-e086-4bc7-8312-7533258316d7,/BAT_MON,F.Cu,"(35.7632, 14.6304)","(36.576, 13.817599)",2.0,1.1494734906038526,['C0031']
c431ca84-02a9-42f1-9475-821a65c17e5a,/BAT_MON,F.Cu,"(36.474399, 22.9616)","(35.9664, 22.453599)",0.8,0.718420489686923,"['C0032', 'C0033']"
c777c33e-a64c-4c95-9cb6-52e735c4a345,/BAT_MON,F.Cu,"(38.0, 11.775)","(38.0, 12.299999)",0.8,0.5249989999999993,['C0034']
ca87abb3-c96a-4994-b615-6842ec1bde81,/BAT_MON,F.Cu,"(37.9984, 15.24)","(37.9984, 15.6464)",0.2,0.40639999999999965,[]
cab8f339-13b4-42d6-973d-3719f5b351e0,/BAT_MON,F.Cu,"(32.512, 20.7264)","(32.003999, 20.7264)",0.8,0.5080010000000001,"['C0035', 'C0036']"
de90a031-e64e-4aaa-b537-ab1ecf5fd34f,/BAT_MON,F.Cu,"(35.9625, 12.0)","(36.65, 12.0)",0.8,0.6875,['C0037']
e94ddfcd-1bbd-4eb1-b294-35af24057d65,/BAT_MON,F.Cu,"(35.9664, 21.539199)","(35.2552, 20.828)",0.8,1.0057879784532118,[]
f97c57d7-ab30-4f27-91a3-604dd4b6b416,/BAT_MON,F.Cu,"(36.576, 13.817599)","(37.9984, 15.24)",0.2,2.0115780782263935,['C0038']
058b4dc8-af61-405f-bc27-09164c0b6a2d,/BAT_MON,B.Cu,"(30.6324, 6.5024)","(31.394399, 8.229601)",2.0,1.88782037556596,['C0040']
07dd7672-4419-4f54-a97f-36eaf90578e2,/BAT_MON,B.Cu,"(30.6324, 15.0368)","(31.1912, 15.0368)",2.0,0.558799999999998,['C0043']
0a3430aa-a7f9-4f46-b36e-911ded05dacc,/BAT_MON,B.Cu,"(55.6448, 2.0)","(56.642, 2.9972)",2.0,1.4102537643984547,[]
0e3a2592-cd29-43c9-bc54-f32b3c9c6c65,/BAT_MON,B.Cu,"(31.394399, 2.946399)","(32.3408, 2.0)",2.0,1.3384117154306454,[]
11048970-a34d-4365-b42c-3084f146671f,/BAT_MON,B.Cu,"(40.132, 38.9636)","(36.8808, 42.2148)",2.0,4.597891133987403,[]
17d35ac1-0cd6-4209-95c9-fc56a047985a,/BAT_MON,B.Cu,"(30.6324, 14.6304)","(30.6324, 15.0368)",2.0,0.40639999999999965,[]
1aa8881d-adbb-4717-8324-a5aea8a3d56a,/BAT_MON,B.Cu,"(39.5224, 30.429199)","(40.132, 31.0388)",2.0,0.8621052947297085,[]
1c6f6782-d17d-42f1-82bd-1b0d21ece8a2,/BAT_MON,B.Cu,"(31.851599, 15.697199)","(32.003999, 20.7264)",2.0,5.031509560599186,['C0041']
2022a4aa-edb3-49f0-a42f-872fa8d3413d,/BAT_MON,B.Cu,"(31.851599, 20.8788)","(31.496, 21.2344)",2.0,0.5028936356735915,[]
220454fd-491d-4567-94ed-4395cc484bf2,/BAT_MON,B.Cu,"(33.6296, 43.383199)","(33.6296, 48.9204)",2.0,5.537201000000003,[]
3000fd07-8c15-4f05-844d-a3d1b1a2b6cc,/BAT_MON,B.Cu,"(40.132, 31.0388)","(40.132, 38.9636)",2.0,7.924800000000001,[]
38ffed52-4ce4-4920-8b06-fa17e8515cb9,/BAT_MON,B.Cu,"(29.6164, 10.0076)","(31.394399, 8.229601)",2.0,2.514470299685801,[]
4335593f-de1e-4325-8d08-7aa3b9e973f9,/BAT_MON,B.Cu,"(33.6296, 48.9204)","(32.562799, 49.9872)",2.0,1.5086837354465688,[]
47b7c1e8-c915-471f-bb54-1713498ada43,/BAT_MON,B.Cu,"(31.1912, 15.0368)","(31.851599, 15.697199)",2.0,0.9339452223776308,[]
64a86cc9-8e11-497f-be25-e941c9c3b43c,/BAT_MON,B.Cu,"(36.8808, 42.2148)","(34.798, 42.2148)",2.0,2.082799999999999,[]
745be445-45e6-444d-82cd-b5d4dc131aa8,/BAT_MON,B.Cu,"(56.641999, 4.876799)","(55.5244, 5.9944)",2.0,1.5805250773088024,[]
764d1dc5-1e9e-4fd1-bfce-8af1fb7798e7,/BAT_MON,B.Cu,"(34.29, 28.7528)","(32.105599, 30.988)",0.8,3.125336264916305,"['C0042', 'C0045', 'C0047']"
8327b31e-1f9f-42c7-bd84-e34112de0ad2,/BAT_MON,B.Cu,"(34.29, 28.7528)","(35.9664, 30.429199)",2.0,2.3707869088555813,"['C0046', 'C0048']"
833c8251-9a4a-40d5-bd5e-6f1f015f55b0,/BAT_MON,B.Cu,"(32.105599, 30.988)","(32.105599, 32.512)",0.8,1.524000000000001,[]
8fc0302e-9960-4509-821a-a19c164196b0,/BAT_MON,B.Cu,"(34.798, 42.2148)","(33.6296, 43.383199)",2.0,1.6523664191700935,[]
9ebd176c-69f5-4dcc-b5ec-defc3501d5fc,/BAT_MON,B.Cu,"(31.394399, 8.2296)","(31.394399, 2.946399)",2.0,5.283201,[]
a28e5d2c-ceb3-4072-b705-be55cb76b5ac,/BAT_MON,B.Cu,"(31.496, 21.2344)","(31.496, 25.8572)",2.0,4.622799999999998,[]
c06795c2-24a1-4a8e-aec4-f1ab64168f25,/BAT_MON,B.Cu,"(35.9664, 30.429199)","(39.5224, 30.429199)",2.0,3.5559999999999974,[]
ca878613-ffba-4c80-b3ec-2dee0a26278a,/BAT_MON,B.Cu,"(29.6164, 10.0076)","(29.6164, 14.0208)",2.0,4.013199999999999,[]
cb45de66-30aa-4731-8583-753942c4046b,/BAT_MON,B.Cu,"(55.5244, 5.9944)","(52.9844, 5.9944)",2.0,2.539999999999999,[]
d0cadff5-d8f3-4d8e-80b3-763511ad17f0,/BAT_MON,B.Cu,"(32.562799, 49.9872)","(30.0228, 49.9872)",2.0,2.539998999999998,[]
d11a85f4-d05f-4d04-9a8d-b407c8cb8b21,/BAT_MON,B.Cu,"(30.226, 14.6304)","(35.7632, 14.6304)",2.0,5.537199999999999,['C0043']
d94a9f0e-cee9-4c1e-b1b5-d017b8d2a5c0,/BAT_MON,B.Cu,"(34.29, 28.6512)","(34.29, 28.7528)",2.0,0.10160000000000124,"['C0044', 'C0045', 'C0046', 'C0049']"
ec33fb72-71fa-4f11-b9b2-0c2678e0b14a,/BAT_MON,B.Cu,"(31.496, 25.8572)","(34.29, 28.6512)",2.0,3.9513126932704283,"['C0047', 'C0048', 'C0049']"
f2222000-8e70-49c9-b6bb-7efd226cea31,/BAT_MON,B.Cu,"(32.3408, 2.0)","(55.6448, 2.0)",2.0,23.303999999999995,[]
f4637f6d-3489-4906-8869-6e845c1dd565,/BAT_MON,B.Cu,"(56.641999, 2.9972)","(56.641999, 4.876799)",2.0,1.8795990000000002,[]
06c22d8b-1070-4081-a1e9-968da04079bb,/BAT_ADC,F.Cu,"(39.8272, 20.9296)","(39.8272, 21.7424)",0.2,0.8127999999999993,[]
53057c79-9efe-453f-a11c-01de55ac01fd,/BAT_ADC,F.Cu,"(41.000001, 24.0)","(41.5, 24.499999)",0.2,0.7071053669729862,[]
76c2cf63-94a4-4cf1-878b-c183f9ad0a2e,/BAT_ADC,F.Cu,"(40.3352, 24.180799)","(39.4208, 25.0952)",0.2,1.2931575885409317,[]
7c58ad6d-73f6-41d7-85d8-e92bc5c76fd1,/BAT_ADC,F.Cu,"(41.5, 34.500001)","(41.999999, 35.0)",0.2,0.7071053669729888,[]
81f09194-937c-4ac5-a4de-9bbeeb304199,/BAT_ADC,F.Cu,"(41.5, 24.499999)","(41.5, 34.500001)",0.2,10.000001999999999,[]
8ed6ff60-cd00-4844-99b2-79edbe384273,/BAT_ADC,F.Cu,"(40.325, 24.0)","(41.000001, 24.0)",0.2,0.6750009999999946,['C0051']
ced50f98-f270-4092-a225-ebff48855201,/BAT_ADC,F.Cu,"(39.8272, 21.7424)","(40.132, 22.0472)",0.2,0.43105229381131965,[]
cf8024df-77a1-4552-bb82-c650c1b85f7d,/BAT_ADC,F.Cu,"(40.3352, 23.9776)","(40.3352, 24.180799)",0.2,0.20319900000000146,"['C0050', 'C0051']"
dc6a3602-0ba1-4259-968b-225200dd06b0,/BAT_ADC,F.Cu,"(39.4208, 25.0952)","(38.9128, 25.0952)",0.2,0.5080000000000027,[]
e40e1b3b-7bc8-426a-a590-c3bf5ee2d9f4,/BAT_ADC,F.Cu,"(41.999999, 35.0)","(44.5, 35.0)",0.2,2.5000009999999975,[]
2b7dc1c1-e550-496a-8b5e-b220f4b52d82,/BAT_ADC,B.Cu,"(39.8272, 21.6408)","(39.8272, 20.9296)",0.2,0.7111999999999981,[]
9a9097e2-6f72-4f46-921c-4875610c0787,/BAT_ADC,B.Cu,"(38.9128, 22.5552)","(39.8272, 21.6408)",0.2,1.293156881433959,[]
fa04a501-1d6d-40db-af6b-4fb267e4b0d8,/BAT_ADC,B.Cu,"(38.9128, 25.0952)","(38.9128, 22.5552)",0.2,2.539999999999999,[]
00905f4d-d98d-4b5d-acc2-d0584be82c77,/W9_IN,F.Cu,"(40.132, 9.5504)","(39.5224, 10.16)",1.5,0.8621045876226393,[]
1b95a26e-b98f-4022-a542-4201c785b810,/W9_IN,F.Cu,"(40.538399, 13.6144)","(40.64, 13.512799)",1.5,0.1436855121506708,"['C0052', 'C0053']"
4ba0e019-5889-4483-aa27-93d132d49220,/W9_IN,F.Cu,"(43.383199, 8.9408)","(42.773599, 9.5504)",1.5,0.8621045876226393,[]
88fe1434-918a-4f5f-8960-154a7a5cebbc,/W9_IN,F.Cu,"(39.5224, 10.16)","(39.5224, 12.5984)",1.5,2.4383999999999997,[]
89af8f0a-9165-4a56-b1c7-0adebddf3381,/W9_IN,F.Cu,"(40.0304, 5.9944)","(40.7416, 6.7056)",1.5,1.0057886855597438,[]
8edd5e58-4994-420f-8c81-0154b7023c3a,/W9_IN,F.Cu,"(40.7416, 6.7056)","(42.9768, 6.7056)",1.5,2.235199999999999,[]
9a5215de-8389-4510-9173-ffe7d8790e48,/W9_IN,F.Cu,"(42.9768, 6.7056)","(43.383199, 7.112)",1.5,0.5747356846420802,[]
a63ac6f3-612b-4a9e-ab31-e3205ef13d94,/W9_IN,F.Cu,"(39.5224, 12.5984)","(40.538399, 13.6144)",1.5,1.436840272264458,['C0053']
e2a26e60-9aae-40c4-94a7-6fd50d376d5e,/W9_IN,F.Cu,"(43.383199, 7.112)","(43.383199, 8.9408)",1.5,1.8287999999999993,[]
eb95c55d-61fe-42fe-99d6-7ca8f13ccc97,/W9_IN,F.Cu,"(42.773599, 9.5504)","(40.132, 9.5504)",1.5,2.6415989999999994,[]
04197413-138e-47de-a19b-092918f10cee,/PACK_FUSED,F.Cu,"(10.058399, 11.4808)","(10.058399, 10.668)",0.2,0.8128000000000011,[]
0a7f9c5e-0ce9-4ff6-8055-15b6dead6f5f,/PACK_FUSED,F.Cu,"(11.125, 11.365)","(10.9, 11.365)",0.2,0.22499999999999964,['C0054']
341af6d9-80d1-4522-a120-cf07e372860a,/PACK_FUSED,F.Cu,"(5.4864, 11.785599)","(6.2992, 12.5984)",0.2,1.1494734906038508,['C0058']
3a6097c1-6f12-4f98-bf9a-8fa831c2918b,/PACK_FUSED,F.Cu,"(10.4, 10.865)","(10.4, 10.5)",0.2,0.3650000000000002,[]
48385622-fcea-4d60-b4af-e19e0a5ddefe,/PACK_FUSED,F.Cu,"(11.125, 10.095)","(11.5316, 11.4808)",1.2,1.4442178506028787,"['C0055', 'C0060']"
4eb09625-f179-493f-bfcf-3430942dcbe4,/PACK_FUSED,F.Cu,"(10.058399, 10.668)","(9.8552, 10.4648)",0.2,0.2873674887683007,['C0056']
5489c8e3-b08c-4ce3-8155-20cebf9ab092,/PACK_FUSED,F.Cu,"(10.9, 11.365)","(10.4, 10.865)",0.2,0.7071067811865476,[]
6473dfe4-80c2-453d-bf45-c120a9ca6220,/PACK_FUSED,F.Cu,"(11.125, 12.635)","(12.025, 12.635)",0.6,0.9000000000000004,[]
67818f67-1c0f-45a9-999d-e30ace41f044,/PACK_FUSED,F.Cu,"(11.5316, 11.4808)","(10.3124, 12.7)",2.0,1.7242091752452762,['C0059']
67cfb966-9ee9-4dde-a38a-70c9b934ca2d,/PACK_FUSED,F.Cu,"(9.9, 10.5)","(10.4, 10.5)",0.2,0.5,['C0056']
81d50fef-b0d9-474f-9827-5044f9d43b25,/PACK_FUSED,F.Cu,"(11.125, 11.365)","(12.025, 11.365)",0.6,0.9000000000000004,[]
9b445aec-8cb5-4acd-a7c8-310b89a7dbee,/PACK_FUSED,F.Cu,"(6.2992, 12.5984)","(6.400799, 12.5984)",0.2,0.10159900000000022,"['C0057', 'C0058']"
ce6caf02-366c-43f9-8b7f-a178cbdf6700,/PACK_FUSED,F.Cu,"(8.9408, 12.5984)","(10.058399, 11.4808)",0.2,1.5805243702015477,['C0059']
e377216a-2aa2-4d0b-a233-b539cd27d5c7,/PACK_FUSED,F.Cu,"(11.125, 10.095)","(12.025, 10.095)",0.6,0.9000000000000004,['C0060']
fe975cbc-846b-4aae-901c-12e77b8e050c,/PACK_FUSED,F.Cu,"(11.5316, 10.1092)","(11.5316, 11.4808)",2.0,1.3716000000000008,[]
1b9182a3-a8a0-4ba4-80f1-b9309e39c646,/PACK_FUSED,B.Cu,"(17.6276, 14.732)","(17.6276, 7.112)",2.0,7.619999999999999,[]
1bd64534-fee8-4d36-b5f0-0878d2f23ad6,/PACK_FUSED,B.Cu,"(6.400799, 12.5984)","(8.9408, 12.5984)",0.2,2.5400009999999993,[]
2ff54682-2277-417f-ad0e-5cb770e658be,/PACK_FUSED,B.Cu,"(11.5316, 14.8844)","(12.1412, 15.494)",2.0,0.8621045876226393,[]
42791d97-f1f1-444c-a329-90e2b364cb3c,/PACK_FUSED,B.Cu,"(12.1412, 15.494)","(16.8656, 15.494)",2.0,4.724400000000001,[]
530c817d-1329-47b9-b030-a66b298f73fa,/PACK_FUSED,B.Cu,"(16.8656, 15.494)","(17.6276, 14.732)",2.0,1.0776307345282992,[]
6db29938-5dbe-45c8-9ea9-7ab452f49b95,/PACK_FUSED,B.Cu,"(17.6276, 7.112)","(16.509999, 5.9944)",2.0,1.5805257844151108,[]
8fd145df-c296-436f-816d-5a4d86f7de06,/PACK_FUSED,B.Cu,"(10.3124, 12.7)","(11.5316, 13.9192)",2.0,1.7242091752452773,[]
d09d5875-ea1b-4e51-a3d5-12ac0b0b43c2,/PACK_FUSED,B.Cu,"(11.5316, 13.9192)","(11.5316, 14.8844)",2.0,0.9651999999999994,[]
de8d741c-3600-4ddb-9ba2-166d3212d33e,/PACK_FUSED,B.Cu,"(16.509999, 5.9944)","(14.0208, 5.9944)",2.0,2.489199000000001,[]
11c07487-ff2b-44bf-8493-8ab23d3882b2,/MASTER_GATE,F.Cu,"(11.525, 13.905)","(11.525, 15.675)",0.2,1.7700000000000014,[]
21c3fe8c-de89-496c-9529-165aecf63186,/MASTER_GATE,F.Cu,"(10.0125, 15.1625)","(9.0, 16.175)",0.2,1.431891231902759,[]
267416c9-f85d-48a2-947b-aaf502e99d29,/MASTER_GATE,F.Cu,"(12.025, 13.905)","(11.525, 13.905)",0.2,0.5,[]
425a0368-c7b2-48e1-970e-c4aed28973a2,/MASTER_GATE,F.Cu,"(6.6, 10.175)","(6.6, 11.75)",0.2,1.5749999999999993,[]
5e7541e2-ea24-4189-97b3-38fc62af0191,/MASTER_GATE,F.Cu,"(7.1, 10.5)","(6.6, 10.5)",0.2,0.5,[]
64937f13-7f9f-4fb5-afc2-3f12de61b750,/MASTER_GATE,F.Cu,"(10.671447, 15.821447)","(11.378552, 15.821447)",0.2,0.7071050000000003,[]
6c726e2d-405a-4be6-a82c-3089e1a4455f,/MASTER_GATE,F.Cu,"(11.378552, 15.821447)","(11.525, 15.675)",0.2,0.20710804067683944,['C0061']
a69c1b21-f467-4a3c-aecf-3950ba71dc30,/MASTER_GATE,F.Cu,"(9.0, 16.675)","(9.0, 16.175)",0.2,0.5,[]
f1afa85b-6473-4fdf-b32b-7386da9d2634,/MASTER_GATE,F.Cu,"(6.6, 11.75)","(10.671447, 15.821447)",0.2,5.757895565883251,[]
fc805bc4-4bf0-4c02-b53c-3f0991b55382,/MASTER_GATE,F.Cu,"(5.5, 10.175)","(6.6, 10.175)",0.2,1.0999999999999996,[]
1247ed17-af54-4cf7-bc38-98715a4c7e69,/VBUS_CHARGE,F.Cu,"(8.9408, 45.8216)","(8.636, 45.5168)",0.2,0.4310522938113146,['C0062']
7d5f0df6-5b83-40d1-b4ee-9d28c117c4b8,/VBUS_CHARGE,F.Cu,"(9.175, 45.5)","(8.675, 45.5)",0.2,0.5,['C0062']
f29e53d9-a54b-4c22-87bc-5cd7dcbb2233,/VBUS_CHARGE,F.Cu,"(8.9408, 46.9392)","(8.9408, 45.8216)",0.2,1.117600000000003,[]
49bfb083-2bfb-48e3-bb81-16cb57b4979e,/VBUS_CHARGE,B.Cu,"(7.416799, 48.4632)","(8.9408, 46.9392)",0.2,2.155262176163494,[]
7f2e882c-5a5f-4c3b-80e2-8a2cb3c53a55,/VBUS_CHARGE,B.Cu,"(5.08, 48.4632)","(7.416799, 48.4632)",0.2,2.336799,"['C0064', 'C0065']"
841081c2-1b52-44ea-9d68-5db96d5ce32c,/VBUS_CHARGE,B.Cu,"(4.9784, 48.361599)","(5.08, 48.4632)",0.2,0.14368480504562942,"['C0063', 'C0064', 'C0066']"
a0825d9a-6a7f-4e67-ae34-283f4e00bdf1,/VBUS_CHARGE,B.Cu,"(4.9784, 46.532799)","(4.9784, 48.361599)",0.2,1.828800000000001,"['C0065', 'C0066']"
a396a535-6c45-44cc-8709-3fc94f33d2aa,/VBUS_CHARGE,B.Cu,"(4.4704, 46.0248)","(4.9784, 46.532799)",0.2,0.7184197825790978,[]
25ecfb8d-131f-4e66-84e8-65d6925b8abf,/CHG_BASE,F.Cu,"(14.122399, 46.0248)","(15.24, 46.0248)",0.2,1.1176010000000005,[]
4fdc4bbd-8e71-4ea5-bc7b-e895c75d104a,/CHG_BASE,F.Cu,"(16.154399, 45.1104)","(16.154399, 44.8056)",0.2,0.3048000000000002,[]
8b1ac5fd-3306-4284-9f6a-891b479220a6,/CHG_BASE,F.Cu,"(13.0048, 44.907199)","(14.122399, 46.0248)",0.2,1.580525077308804,[]
9bf98776-ca70-40a9-8678-0d6e00c96845,/CHG_BASE,F.Cu,"(12.5984, 44.907199)","(13.0048, 44.907199)",0.2,0.40639999999999965,['C0067']
bf1ab2e7-7ce6-4538-9c05-7d29d21fc8dc,/CHG_BASE,F.Cu,"(11.9875, 45.5)","(10.825, 45.5)",0.2,1.1625000000000014,[]
cdd927f2-fc09-41cc-8dea-36b47111a436,/CHG_BASE,F.Cu,"(12.55, 44.9375)","(11.9875, 45.5)",0.2,0.7954951288348661,['C0067']
d4f5ca4e-3815-4d7f-a645-f4d8e73d9d62,/CHG_BASE,F.Cu,"(15.24, 46.0248)","(16.154399, 45.1104)",0.2,1.2931561743273716,[]
01228e50-46fb-4c33-bf94-6dcf5f89247e,/CHG_N,F.Cu,"(16.662399, 41.7576)","(17.0688, 42.164)",0.2,0.5747370988556447,[]
125d1cd5-3e96-47c9-9479-68ed15f3486a,/CHG_N,F.Cu,"(17.4752, 46.736)","(42.5704, 46.736)",0.2,25.0952,['C0070']
19ef2537-06d0-43cf-81fe-be284046f827,/CHG_N,F.Cu,"(46.603599, 33.0)","(47.1932, 32.410399)",0.2,0.8338217305887368,[]
30e22b7c-7093-4692-83be-7ecba160ef83,/CHG_N,F.Cu,"(44.5, 33.0)","(46.603599, 33.0)",0.2,2.1035990000000027,['C0068']
3b8996a9-b03f-478d-a559-ceaed7f023fe,/CHG_N,F.Cu,"(44.704, 32.8168)","(44.5008, 33.019999)",0.2,0.287367488768302,['C0068']
3f1c61cc-1ea1-4248-8139-61d6e3667d92,/CHG_N,F.Cu,"(16.154399, 41.7576)","(16.662399, 41.7576)",0.2,0.5079999999999991,[]
52b10ccc-5205-410f-8e4c-a803b4e705e0,/CHG_N,F.Cu,"(4.5, 31.0)","(4.4704, 33.8328)",0.2,2.8329546413594398,['C0069']
a02340a5-3f19-4354-810c-5bf91ccbc6e5,/CHG_N,F.Cu,"(13.5, 43.0625)","(13.5, 42.5625)",0.2,0.5,"['C0071', 'C0072']"
a5afcbd6-3ca6-447c-bd04-c3d80724f0c7,/CHG_N,F.Cu,"(29.5656, 46.6344)","(43.078399, 46.6344)",0.2,13.512798999999998,['C0070']
bfec3878-703e-46ce-a9fe-5990943d4f55,/CHG_N,F.Cu,"(17.0688, 46.3296)","(17.4752, 46.736)",0.2,0.5747363917484254,[]
c3d96858-40a6-4b89-9ad1-34e200cbe4b8,/CHG_N,F.Cu,"(13.512799, 42.5704)","(15.3416, 42.5704)",0.2,1.8288010000000003,['C0071']
e3a6c0b4-be1a-4885-8061-2dced5ae4775,/CHG_N,F.Cu,"(11.684, 40.7416)","(11.684, 39.5224)",0.2,1.2192000000000007,[]
e72d9d98-ff07-4daf-9c37-dd1a80616eda,/CHG_N,F.Cu,"(17.0688, 42.164)","(17.0688, 46.3296)",0.2,4.165599999999998,[]
ec793f47-c167-4e85-bc8f-100da5783d29,/CHG_N,F.Cu,"(15.3416, 42.5704)","(16.154399, 41.7576)",0.2,1.1494720763902913,[]
f4de2740-3924-47fb-a1de-cf579e52c5a7,/CHG_N,F.Cu,"(13.512799, 42.5704)","(11.684, 40.7416)",0.2,2.5863130557612326,['C0072']
1e4b2592-22bf-403b-95fd-18ea83682579,/CHG_N,B.Cu,"(43.5864, 46.1264)","(44.196, 46.1264)",0.2,0.6096000000000004,[]
2242b3fe-5c3b-446e-9c0a-fcb3dadbe557,/CHG_N,B.Cu,"(44.196, 46.1264)","(45.0088, 45.3136)",0.2,1.1494727834968508,[]
34e45b80-d210-4e3c-a207-b69ad412d4ab,/CHG_N,B.Cu,"(43.078399, 46.6344)","(43.5864, 46.1264)",0.2,0.7184211967926635,[]
48ad9028-cc9b-4fec-aab1-115ebc02f113,/CHG_N,B.Cu,"(47.9552, 33.2232)","(47.1932, 32.410399)",0.2,1.1141317092700491,['C0073']
50a19303-051c-4eaf-bc32-61770a579b3a,/CHG_N,B.Cu,"(6.908799, 38.7096)","(4.4704, 36.2712)",0.2,3.4484176433838476,[]
5b111aad-e24b-470e-9cc5-28390e2daa28,/CHG_N,B.Cu,"(4.4704, 36.2712)","(4.4704, 33.8328)",0.2,2.4384000000000015,[]
69190eea-6cd6-48c4-a6ac-7743108f5f6c,/CHG_N,B.Cu,"(45.508799, 44.297599)","(46.236001, 44.297599)",0.2,0.7272019999999983,[]
88fa579a-1f64-419d-b404-a2032c5f565c,/CHG_N,B.Cu,"(11.684, 39.5224)","(10.8712, 38.7096)",0.2,1.1494727834968481,[]
8b64ab8b-a425-4c8a-bebd-59c63bc2d191,/CHG_N,B.Cu,"(46.736, 43.7976)","(46.736, 39.014399)",0.2,4.783201000000005,[]
99497616-9629-4d4d-9bc0-daaa6e9f5882,/CHG_N,B.Cu,"(10.8712, 38.7096)","(6.908799, 38.7096)",0.2,3.962401,[]
9dd56809-0545-4aa1-a4b8-c16a572e5f56,/CHG_N,B.Cu,"(45.0088, 44.797598)","(45.508799, 44.297599)",0.2,0.7071053669729888,[]
c1d25cd8-661a-4fcc-9df8-81c2d984134f,/CHG_N,B.Cu,"(45.0088, 45.3136)","(45.0088, 44.797598)",0.2,0.5160020000000003,[]
cd474fca-0872-42e7-93cf-64eb241874cc,/CHG_N,B.Cu,"(47.9552, 37.7952)","(47.9552, 33.2232)",0.2,4.572000000000003,[]
daadfd0c-627a-49c2-a9bf-55607324763f,/CHG_N,B.Cu,"(46.736, 39.014399)","(47.9552, 37.7952)",0.2,1.7242084681386391,[]
fc97ee13-a55d-4430-b677-819d898f8ed7,/CHG_N,B.Cu,"(46.236001, 44.297599)","(46.736, 43.7976)",0.2,0.7071053669729788,[]
2505aba3-2545-49fd-bb71-e803d5294cf0,/+3V3,F.Cu,"(36.779199, 20.32)","(37.7952, 21.336)",0.2,1.4368416864780205,[]
31b203ca-8ee4-4259-b160-9dbd10839f55,/+3V3,F.Cu,"(38.5, 22.275)","(38.5, 22.300001)",0.2,0.02500100000000316,"['C0074', 'C0076', 'C0078']"
3ca9ca8f-997e-4a04-95bb-2da70ba36779,/+3V3,F.Cu,"(38.999999, 22.8)","(43.16, 22.8)",0.2,4.160000999999994,[]
71e0d4ea-c36c-40ae-b8c1-49944dce03e7,/+3V3,F.Cu,"(44.5008, 24.180799)","(44.297599, 24.180799)",0.2,0.20320099999999996,"['C0075', 'C0077']"
75d57a54-2bae-4af7-9005-7d5b3f3f911b,/+3V3,F.Cu,"(37.9984, 21.9456)","(37.7952, 21.7424)",0.2,0.2873681958742089,[]
8e8a88f5-5a56-44f2-b30f-1f597598aec5,/+3V3,F.Cu,"(38.5, 22.300001)","(38.999999, 22.8)",0.2,0.7071053669729862,"['C0076', 'C0079']"
9264a888-e38f-4267-8c6a-59b8cff4e401,/+3V3,F.Cu,"(43.16, 22.8)","(44.5, 24.14)",0.2,1.8950461735799495,['C0077']
b51dece5-b302-4258-97c3-74d4f8ec8b7f,/+3V3,F.Cu,"(37.7952, 21.7424)","(37.7952, 21.336)",0.2,0.4064000000000014,[]
d7d388ed-3fd0-4f05-8dd2-20ea5192ef2f,/+3V3,F.Cu,"(35.7392, 17.55)","(36.3474, 16.9418)",0.2,0.860124688635319,[]
e4f6b9a2-b94c-4dc0-a4e5-c0b11c185475,/+3V3,F.Cu,"(38.5064, 22.2504)","(38.2016, 21.9456)",0.2,0.43105229381131965,"['C0078', 'C0079']"
e7e2a870-3c3d-46b1-bc35-7af11def5af9,/+3V3,F.Cu,"(38.2016, 21.9456)","(37.9984, 21.9456)",0.2,0.2032000000000025,['C0080']
efd7b36f-7acd-492c-8e4c-0b0f78b0b9a8,/+3V3,F.Cu,"(35.1375, 17.55)","(35.7392, 17.55)",0.2,0.6016999999999939,[]
4f02a796-c788-4c8b-9105-ac270e15982e,/+3V3,B.Cu,"(46.736, 24.5872)","(46.736, 26.416)",0.2,1.828800000000001,"['C0081', 'C0083']"
75fbbe96-3879-4b06-939b-88c795165b11,/+3V3,B.Cu,"(44.602399, 24.485599)","(46.6344, 24.485599)",0.2,2.032001000000001,"['C0081', 'C0084']"
8936b4bb-1766-46a8-a2ee-c03c5d2e88af,/+3V3,B.Cu,"(44.297599, 24.180799)","(44.602399, 24.485599)",0.2,0.43105229381131965,[]
92ff7aea-a07c-459d-9c4b-2ce54c2d2004,/+3V3,B.Cu,"(36.779199, 17.373599)","(36.779199, 20.32)",0.2,2.9464010000000016,[]
b821f07f-83e4-4737-ae0a-13f50df2d6d7,/+3V3,B.Cu,"(36.3474, 16.9418)","(36.779199, 17.373599)",0.2,0.6106560020191374,[]
da0d2851-2733-438a-944f-7c7f7e955d27,/+3V3,B.Cu,"(44.704, 27.2288)","(44.5008, 27.025599)",0.2,0.28736890298186574,[]
dac02755-e0d7-44ac-8d02-0b3f7d147ad3,/+3V3,B.Cu,"(46.736, 26.416)","(45.9232, 27.2288)",0.2,1.1494727834968481,[]
e3687826-911f-4c3b-a02c-32ffa745390b,/+3V3,B.Cu,"(45.9232, 27.2288)","(44.704, 27.2288)",0.2,1.2192000000000007,[]
fe2fb82b-a061-4bdb-95fe-febe574750cb,/+3V3,B.Cu,"(46.6344, 24.485599)","(46.736, 24.5872)",0.2,0.14368480504562506,"['C0082', 'C0083', 'C0084']"
17182457-9720-415e-84aa-a0aee0fc3374,/+5V_CAM,F.Cu,"(29.974999, 43.825)","(29.5, 44.3)",0.8,0.6717507350208073,"['C0085', 'C0086', 'C0093']"
2770a593-7331-46b4-9fae-80671290cb1b,/+5V_CAM,F.Cu,"(40.7416, 45.9232)","(33.6296, 45.9232)",0.2,7.111999999999995,[]
3020c6a8-506c-4704-9086-1c41eb792c15,/+5V_CAM,F.Cu,"(9.8552, 40.690799)","(8.5852, 40.690799)",0.8,1.2699999999999996,[]
4bae061c-fa96-4cd7-9fac-2d6a1efb5e62,/+5V_CAM,F.Cu,"(34.9504, 51.0032)","(36.9824, 48.971199)",0.2,2.8736826658489956,[]
4f3c7a8b-950a-45b3-83c0-801219b41b80,/+5V_CAM,F.Cu,"(10.0, 38.475)","(10.0, 40.525)",0.8,2.049999999999997,['C0090']
56ec8339-75b3-490b-a735-bba6812fed07,/+5V_CAM,F.Cu,"(29.464, 43.7896)","(29.7688, 43.4848)",0.2,0.43105229381131965,['C0085']
56f6b3bf-d9cc-466f-8523-e323df061907,/+5V_CAM,F.Cu,"(12.5984, 34.4424)","(12.5984, 37.083999)",0.2,2.6415989999999994,[]
60fc93d7-19cb-439f-8348-6873764b9135,/+5V_CAM,F.Cu,"(13.0, 50.0)","(10.05, 50.0)",0.8,2.9499999999999993,['C0087']
6c4093a0-cddc-4c41-8737-9ab45be6218e,/+5V_CAM,F.Cu,"(12.024999, 38.475)","(10.0, 38.475)",0.8,2.0249989999999993,[]
6eab88b5-80c0-4689-b2de-6c131c243a2b,/+5V_CAM,F.Cu,"(29.5, 44.3)","(29.974999, 43.825)",0.2,0.6717507350208073,"['C0086', 'C0093']"
7715c5db-c945-42da-a07e-9ed204ae608c,/+5V_CAM,F.Cu,"(7.924799, 47.8536)","(10.058399, 49.9872)",0.8,3.017366056679236,['C0087']
8f7a6988-9886-4edf-bdc3-449243e808b6,/+5V_CAM,F.Cu,"(29.7688, 43.4848)","(30.276799, 43.4848)",0.2,0.5079990000000016,[]
9761a240-cca1-4b63-8c0b-4bd7658ba491,/+5V_CAM,F.Cu,"(32.0, 43.825)","(32.0, 44.325)",0.2,0.5,['C0088']
9d56ae75-56ab-4079-a051-91b50babf6e4,/+5V_CAM,F.Cu,"(30.276799, 43.4848)","(30.784799, 42.9768)",0.2,0.7184204896855335,[]
a142fd5f-8edd-417e-aaec-0caf896f590f,/+5V_CAM,F.Cu,"(33.6296, 45.9232)","(32.003999, 44.297599)",0.2,2.2989469812072705,['C0088']
a35e866c-78f0-4f78-b824-10388e8b1bc3,/+5V_CAM,F.Cu,"(12.5984, 37.083999)","(13.512799, 37.9984)",0.2,1.2931568814347296,[]
a662cb4e-644f-4080-a698-aea12fd811db,/+5V_CAM,F.Cu,"(7.924799, 41.3512)","(7.924799, 47.8536)",0.8,6.5024000000000015,[]
a7d0c6fc-0734-4bcd-b56a-35e4d6d0a500,/+5V_CAM,F.Cu,"(12.5, 38.0)","(12.024999, 38.475)",0.8,0.671752149234375,[]
b32eff2f-0af5-4379-b921-c27e0a2ecfd0,/+5V_CAM,F.Cu,"(13.512799, 37.9984)","(13.817599, 37.9984)",0.2,0.3048000000000002,"['C0091', 'C0092']"
b8887e86-e473-4c9e-bc18-d93a9154404b,/+5V_CAM,F.Cu,"(29.974999, 43.825)","(32.0, 43.825)",0.2,2.0250009999999996,[]
cd668c6d-ea3b-4027-8b18-935706e5be90,/+5V_CAM,F.Cu,"(10.0076, 40.538399)","(9.8552, 40.690799)",0.8,0.21552614690565983,"['C0089', 'C0090']"
e37e6731-4922-4d75-849e-11a9fb914d01,/+5V_CAM,F.Cu,"(13.775, 38.0)","(12.5, 38.0)",0.8,1.2750000000000004,"['C0091', 'C0092']"
ee6e3f15-09f8-47f0-82d7-fe42dc7b7223,/+5V_CAM,F.Cu,"(8.5852, 40.690799)","(7.924799, 41.3512)",0.8,0.9339480508047547,[]
0ac6d8ee-82ab-438c-8621-d9c681c9432c,/+5V_CAM,B.Cu,"(30.784799, 42.9768)","(30.784799, 42.773599)",0.2,0.20320099999999996,['C0094']
0c9fd2b8-cbef-44d4-a3db-b116675fdbbe,/+5V_CAM,B.Cu,"(36.9824, 47.6504)","(38.7096, 45.9232)",0.2,2.4426296649308092,[]
36fdec19-068d-4bfe-8911-d7131bc7d1f6,/+5V_CAM,B.Cu,"(38.7096, 45.9232)","(40.7416, 45.9232)",0.2,2.0319999999999965,[]
604eb27d-8d61-4150-9c37-e1eb16a928f8,/+5V_CAM,B.Cu,"(31.9024, 40.843199)","(31.2928, 40.233599)",0.2,0.8621045876226393,[]
745fa503-86bd-429a-950f-85c593695b9e,/+5V_CAM,B.Cu,"(36.9824, 48.971199)","(36.9824, 47.6504)",0.2,1.320799000000001,[]
a476895d-0674-4f61-8453-a3e2a6b31688,/+5V_CAM,B.Cu,"(31.2928, 40.233599)","(27.635199, 40.233599)",0.2,3.6576009999999997,[]
b0b33526-2083-40e7-8c96-a5894cf75019,/+5V_CAM,B.Cu,"(30.784799, 42.773599)","(31.9024, 41.656)",0.2,1.5805250773088029,[]
b19be310-b083-401e-99ae-a652403eb4e2,/+5V_CAM,B.Cu,"(21.843999, 34.4424)","(12.5984, 34.4424)",0.2,9.245599,[]
c4074786-8f58-4235-b78b-a4ae6b5599fc,/+5V_CAM,B.Cu,"(31.9024, 41.656)","(31.9024, 40.843199)",0.2,0.8128010000000003,[]
f01312d3-08d6-48a9-8c40-892301584c48,/+5V_CAM,B.Cu,"(27.635199, 40.233599)","(21.843999, 34.4424)",0.2,8.189992875308317,[]
15c786af-510d-442f-b261-4c67dfc32796,/+5V_MOTION,F.Cu,"(7.478, 29.978)","(9.5, 32.0)",0.2,2.8595398231183973,[]
189df64f-6234-45c9-b978-01643b85a97d,/+5V_MOTION,F.Cu,"(28.956, 29.7688)","(28.3464, 29.7688)",0.2,0.6096000000000004,['C0095']
190d45e1-7170-4316-8922-295cdc618686,/+5V_MOTION,F.Cu,"(29.464, 30.276799)","(28.956, 29.7688)",0.2,0.7184197825790996,['C0096']
23201c41-3a92-4412-89db-6251ca414549,/+5V_MOTION,F.Cu,"(10.0, 26.525)","(7.478, 24.003)",0.8,3.5666466043049447,['C0103']
28024b70-a8c8-47a1-90f0-d9240d6b335d,/+5V_MOTION,F.Cu,"(31.175, 29.0)","(30.675, 29.0)",0.2,0.5,['C0097']
3579bc93-1bba-4a99-be67-5a9f4178a5ac,/+5V_MOTION,F.Cu,"(12.7, 27.330399)","(12.7, 24.892)",0.2,2.4383990000000004,[]
417cbcab-b78c-4ce8-8cb7-94cc32401376,/+5V_MOTION,F.Cu,"(29.0, 29.775)","(29.0, 30.3)",0.8,0.5250000000000021,"['C0095', 'C0096']"
56aef920-ded7-445c-a093-57a5e5a9ffc4,/+5V_MOTION,F.Cu,"(10.0, 24.475)","(10.0, 26.525)",0.8,2.049999999999997,['C0103']
5b591f93-c5a4-4e14-b824-7b2f0db475a0,/+5V_MOTION,F.Cu,"(7.478, 25.997)","(7.478, 29.978)",0.2,3.9810000000000016,[]
6a0545eb-e961-4e76-aa66-8f26b91a8d39,/+5V_MOTION,F.Cu,"(30.6832, 28.956)","(30.1752, 28.448)",0.2,0.7184204896855311,['C0097']
740875a2-82b5-4c2d-8763-c2ee6a543a13,/+5V_MOTION,F.Cu,"(13.817599, 28.448)","(12.7, 27.330399)",0.2,1.580525077308804,[]
7eefaece-a8c8-45f1-9cc3-60aa4bc3dc17,/+5V_MOTION,F.Cu,"(30.1752, 28.448)","(30.1752, 28.244799)",0.2,0.20320099999999996,['C0098']
902316c5-f0c3-427b-8b18-ebaea435811e,/+5V_MOTION,F.Cu,"(8.475, 25.0)","(7.478, 25.997)",0.2,1.4099709216859757,[]
a9560981-3099-4198-b6a0-a56b97b1aaf1,/+5V_MOTION,F.Cu,"(13.716, 23.875999)","(13.817599, 23.9776)",0.2,0.14368409794406542,"['C0099', 'C0100', 'C0101']"
b0cf5045-fe15-47fe-97b7-016bef06f771,/+5V_MOTION,F.Cu,"(28.3464, 29.7688)","(27.939999, 30.1752)",0.2,0.5747370988556422,[]
b10c50f7-7d16-4759-8bdc-dc808e2a7de3,/+5V_MOTION,F.Cu,"(12.7, 24.892)","(13.716, 23.875999)",0.2,1.4368416864780191,"['C0100', 'C0102']"
b6ee5186-d587-4a5b-a4a6-fd27a5fc6288,/+5V_MOTION,F.Cu,"(12.024999, 24.475)","(10.0, 24.475)",0.8,2.0249989999999993,[]
c4e3b733-2e3b-4b8f-86ba-e3a75fae21a9,/+5V_MOTION,F.Cu,"(4.5, 24.003)","(7.478, 24.003)",0.8,2.9779999999999998,[]
eca21f2f-ae6d-4b9d-b399-dee435742b4e,/+5V_MOTION,F.Cu,"(12.5, 24.0)","(12.024999, 24.475)",0.8,0.671752149234375,[]
ed1e9947-2d49-4d33-ba8a-33879341da50,/+5V_MOTION,F.Cu,"(13.775, 24.0)","(12.5, 24.0)",0.8,1.2750000000000004,"['C0101', 'C0102']"
fe602c7b-f046-49a0-b6c9-aee92d3f797d,/+5V_MOTION,F.Cu,"(30.1752, 30.276799)","(29.464, 30.276799)",0.2,0.7112000000000016,[]
09a99b5e-49b0-4c5a-9df4-68c0b11144a9,/+5V_MOTION,B.Cu,"(27.432, 29.362399)","(26.517599, 28.448)",0.2,1.2931568814347296,[]
b1ac3e46-212e-4aa8-b510-de282e1478db,/+5V_MOTION,B.Cu,"(27.939999, 30.1752)","(27.432, 29.667199)",0.2,0.7184204896869255,[]
c7361562-f8fd-4a51-b578-703b93694480,/+5V_MOTION,B.Cu,"(27.432, 29.667199)","(27.432, 29.362399)",0.2,0.3048000000000002,[]
dfc2e9df-a71d-429a-921a-d311952d257c,/+5V_MOTION,B.Cu,"(30.1752, 28.244799)","(30.1752, 30.276799)",0.2,2.032,[]
e55b44fc-614a-40c0-9e8c-03cda7e1928b,/+5V_MOTION,B.Cu,"(26.517599, 28.448)","(13.817599, 28.448)",0.2,12.700000000000001,[]
184ec45e-4a1c-4af6-9597-a7085cea41dd,/M5_FB,F.Cu,"(32.105599, 29.8704)","(30.784799, 29.8704)",0.2,1.3207999999999984,[]
3df849a6-4006-4c45-b94f-151344f4db63,/M5_FB,F.Cu,"(26.9488, 26.95)","(27.558999, 26.3398)",0.2,0.8629524086535715,"['C0104', 'C0109']"
413f46b2-f7f7-46ca-ac33-2f193e53215a,/M5_FB,F.Cu,"(28.0416, 26.0096)","(27.635199, 26.416)",0.2,0.5747370988556422,"['C0104', 'C0110']"
65d0d9d9-9279-420a-a857-d14435d0a3a0,/M5_FB,F.Cu,"(32.825, 29.0)","(32.825, 30.499999)",0.2,1.499998999999999,['C0105']
6fae3b77-f394-4f81-a19e-9844955a420b,/M5_FB,F.Cu,"(32.8168, 28.956)","(32.6136, 29.1592)",0.2,0.2873681958742139,['C0105']
70f32520-59d9-4620-88bf-1b9833509e61,/M5_FB,F.Cu,"(26.35, 26.95)","(26.9488, 26.95)",0.2,0.5987999999999971,[]
7fb97a55-22fe-459c-89aa-288898dfa392,/M5_FB,F.Cu,"(30.784799, 29.8704)","(29.057599, 28.1432)",0.2,2.4426296649308097,"['C0107', 'C0112']"
8dffd0a0-5408-4b45-b4e4-5ec711bcfd9d,/M5_FB,F.Cu,"(31.325, 31.5)","(31.825, 31.5)",0.2,0.5,[]
928787e5-67e2-4420-adab-9900997d9720,/M5_FB,F.Cu,"(32.825, 30.499999)","(31.825, 31.5)",0.2,1.4142142694800564,[]
a0608072-4562-4d2e-b917-ab55c9e8b721,/M5_FB,F.Cu,"(28.0416, 28.6512)","(28.0416, 28.956)",0.2,0.3048000000000002,[]
a227a880-f45d-4bf1-ac5f-f9517218469d,/M5_FB,F.Cu,"(32.6136, 29.362399)","(32.105599, 29.8704)",0.2,0.7184219038990949,[]
b57189a6-9a7e-48f5-ab27-4807e4f2c1d9,/M5_FB,F.Cu,"(29.057599, 28.1432)","(28.956, 28.244799)",0.2,0.1436826837235444,"['C0106', 'C0107', 'C0113']"
bb2e5966-0fa0-404a-8373-47b8debbe414,/M5_FB,F.Cu,"(28.956, 27.7368)","(28.0416, 28.6512)",0.2,1.293156881433959,['C0114']
bda2ac70-41f9-4fb5-a7e7-0d72e3861d3b,/M5_FB,F.Cu,"(27.635199, 26.416)","(27.5336, 26.3144)",0.2,0.14368339083206624,"['C0108', 'C0109', 'C0110']"
c45d9980-6426-40ac-8a90-01e864d870c8,/M5_FB,F.Cu,"(32.6136, 29.1592)","(32.6136, 29.362399)",0.2,0.20319900000000146,['C0111']
e2cb9047-cb1b-4b04-91f3-7e01ad52c08b,/M5_FB,F.Cu,"(29.0, 28.225)","(29.0, 27.7)",0.2,0.5250000000000021,"['C0112', 'C0113', 'C0114']"
706388ab-8c70-4716-8964-461f5f6b3c44,/M5_FB,B.Cu,"(28.0416, 28.956)","(28.0416, 26.0096)",0.2,2.9464000000000006,[]
074a3f9a-04b8-473a-a19c-94aab0bf0dca,/M5_SW,F.Cu,"(22.6568, 25.603199)","(23.0632, 26.0096)",0.6,0.5747370988556397,"['C0116', 'C0118', 'C0119', 'C0121']"
3fe51292-7cac-4927-8d1b-4c1df3400ba0,/M5_SW,F.Cu,"(20.5232, 23.9776)","(22.148799, 23.9776)",0.6,1.6255990000000011,['C0123']
464b34f8-75fb-4a39-b578-39a8be0e41f2,/M5_SW,F.Cu,"(23.0632, 26.0096)","(23.1648, 26.0096)",0.6,0.10160000000000124,"['C0115', 'C0116', 'C0122']"
7c4b7156-19e8-4cab-9acc-8197b001c048,/M5_SW,F.Cu,"(22.648799, 23.0)","(24.7, 23.0)",0.6,2.051200999999999,[]
7caf1595-259f-4aaf-ac81-f1bd68641828,/M5_SW,F.Cu,"(22.648798, 25.603199)","(22.6568, 25.603199)",0.6,0.008002000000001175,"['C0117', 'C0118', 'C0120']"
9dc15fab-2f68-4b5b-9cba-effdd17a3020,/M5_SW,F.Cu,"(22.148799, 23.5)","(22.648799, 23.0)",0.6,0.7071067811865476,[]
bdbde466-14ed-4062-ab4f-fde75bbdd347,/M5_SW,F.Cu,"(22.148799, 25.1032)","(22.648798, 25.603199)",0.6,0.7071053669729838,"['C0119', 'C0120']"
c7fd0aa8-8306-4d91-a48a-ed28f9aaee27,/M5_SW,F.Cu,"(23.65, 26.0)","(23.15, 26.0)",0.6,0.5,"['C0121', 'C0122']"
de0d8104-c07b-4626-b892-f225d5336c3b,/M5_SW,F.Cu,"(25.225, 23.0)","(24.7, 23.0)",0.8,0.5250000000000021,[]
de4c0607-f0c3-48d5-8ac7-ddf63c77ff3c,/M5_SW,F.Cu,"(22.148799, 23.5)","(22.148799, 25.1032)",0.6,1.603200000000001,[]
f62ed0c2-4d31-4e8d-98a8-fba76117ef4e,/M5_SW,F.Cu,"(19.225, 24.0)","(20.5, 24.0)",0.8,1.2749999999999986,['C0123']
29f28cb0-c308-4952-ab8a-10b1b9ee8d18,/W_BRAKE_GATE,F.Cu,"(71.628, 9.5504)","(71.628, 9.144)",0.2,0.40639999999999965,[]
30299165-3b7a-4f5b-be4f-a2cf01499e8e,/W_BRAKE_GATE,F.Cu,"(71.424799, 8.5344)","(71.8312, 8.128)",0.2,0.5747370988556435,[]
389a1514-e70b-4c64-8060-c9370c9ed565,/W_BRAKE_GATE,F.Cu,"(68.072, 11.4808)","(67.8688, 11.4808)",0.2,0.2032000000000096,['C0124']
411c6cdc-64dc-4125-b7a1-e92cf4ee1579,/W_BRAKE_GATE,F.Cu,"(67.6656, 19.507199)","(67.2592, 19.1008)",0.2,0.5747356846420734,[]
465b032a-1c1a-4b6f-9e34-aa00d2f0d72f,/W_BRAKE_GATE,F.Cu,"(71.424799, 8.9408)","(71.424799, 8.5344)",0.2,0.40639999999999965,[]
6c9a0a45-6337-4236-9128-3e81ffc98ddf,/W_BRAKE_GATE,F.Cu,"(72.2376, 8.128)","(72.4408, 7.924799)",0.2,0.28736890298186074,[]
92ecf1b2-d67a-4aab-9e33-9d135c35844e,/W_BRAKE_GATE,F.Cu,"(71.628, 9.144)","(71.424799, 8.9408)",0.2,0.28736890298186957,[]
a090156e-f815-4473-86de-f0a0e031b92b,/W_BRAKE_GATE,F.Cu,"(72.4408, 7.924799)","(72.4408, 7.416799)",0.2,0.508,[]
c0bf64fc-36b6-49a4-bd19-6d6b7b4981ff,/W_BRAKE_GATE,F.Cu,"(72.136, 19.1008)","(71.3232, 18.288)",0.2,1.1494727834968481,[]
c3a78492-49a9-44ad-a15e-5271cedcc5e5,/W_BRAKE_GATE,F.Cu,"(68.6816, 12.090399)","(68.6816, 18.4912)",0.2,6.4008009999999995,[]
dd56c461-a21d-46ba-95a6-59375e9d5d8d,/W_BRAKE_GATE,F.Cu,"(68.6816, 12.090399)","(68.072, 11.4808)",0.2,0.8621038805161473,[]
e65b455d-3294-4dd8-adb9-ace487f5f880,/W_BRAKE_GATE,F.Cu,"(68.6816, 18.4912)","(67.6656, 19.507199)",0.2,1.4368402722644615,[]
ebf48bed-a491-4fd1-8253-c7ff46a1beba,/W_BRAKE_GATE,F.Cu,"(71.628, 9.5504)","(68.6816, 12.090399)",0.2,3.890098697976824,['C0125']
fd18d848-558e-4b63-8a51-a52e4f9666ad,/W_BRAKE_GATE,F.Cu,"(71.8312, 8.128)","(72.2376, 8.128)",0.2,0.406400000000005,[]
6a206e6f-39ce-499a-8e4c-556042402d21,/W_BRAKE_GATE,B.Cu,"(67.2592, 19.1008)","(72.136, 19.1008)",0.2,4.876799999999989,[]
0821f1e0-8281-434c-a3b0-c8ec14a8bb83,/M5_VIN,F.Cu,"(26.0, 29.399998)","(25.500001, 28.9)",0.8,0.7071046598665579,"['C0126', 'C0132']"
234f67e6-aef3-490d-acdb-0d4bfafa6852,/M5_VIN,F.Cu,"(23.65, 26.95)","(23.65, 28.4)",0.8,1.4499999999999993,[]
246ff608-25a3-4d11-ad2f-6ca80cf75750,/M5_VIN,F.Cu,"(25.500001, 28.9)","(24.15, 28.9)",0.8,1.3500010000000024,[]
36c2406c-ed04-4d3a-be0e-066916065e8c,/M5_VIN,F.Cu,"(23.1648, 26.9748)","(22.8092, 26.9748)",0.8,0.35559999999999903,['C0134']
42d41a6c-7382-4137-b1f6-04d249f84756,/M5_VIN,F.Cu,"(30.45, 23.499999)","(30.45, 25.075)",0.8,1.5750010000000003,[]
4c31879f-053c-4f62-aa2a-593867f6cad9,/M5_VIN,F.Cu,"(30.949999, 23.0)","(30.45, 23.499999)",0.8,0.7071053669729838,[]
7c879be5-92d3-41fd-9a07-35d90fe1a481,/M5_VIN,F.Cu,"(22.0, 26.725)","(22.0, 26.2)",0.2,0.5250000000000021,[]
a0d3e8dc-5d9f-417b-81ca-3e935e38f129,/M5_VIN,F.Cu,"(30.45, 25.075)","(26.0, 29.525)",0.8,6.293250352560272,"['C0126', 'C0133', 'C0143']"
be2580a8-77f8-42b5-bc16-41c659482ce8,/M5_VIN,F.Cu,"(31.545, 23.0)","(30.949999, 23.0)",0.8,0.5950010000000034,[]
c0524772-a204-42dd-9ef9-26be6f0edaae,/M5_VIN,F.Cu,"(21.336, 26.7208)","(19.659599, 28.397199)",0.8,2.3707876159626773,"['C0136', 'C0141']"
c5a32267-b8a4-4467-916a-c816ff75d5e4,/M5_VIN,F.Cu,"(22.8092, 26.9748)","(22.6568, 26.8224)",0.8,0.21552614690565983,"['C0127', 'C0129', 'C0138']"
c9f91acb-e529-40cd-b6d8-dbe2ca790eab,/M5_VIN,F.Cu,"(21.336, 26.7208)","(22.5044, 26.7208)",0.8,1.1684000000000019,"['C0130', 'C0139']"
d0d66a0e-c1fe-47da-9af8-85e981e22e5b,/M5_VIN,F.Cu,"(22.6568, 26.8224)","(22.605999, 26.8224)",0.8,0.050800999999999874,"['C0128', 'C0129', 'C0130', 'C0140']"
e11a6ea9-3e0d-4f22-842b-fe5256e3dab4,/M5_VIN,F.Cu,"(26.0, 29.525)","(26.0, 29.399998)",0.8,0.1250019999999985,"['C0131', 'C0132', 'C0133', 'C0143']"
e8308e51-1ddd-4531-822b-32f9e9a3686c,/M5_VIN,F.Cu,"(23.65, 28.4)","(24.15, 28.9)",0.8,0.7071067811865476,[]
e8b6a1cc-d90c-402c-8e22-36ac98698975,/M5_VIN,F.Cu,"(23.65, 26.95)","(23.15, 26.95)",0.6,0.5,['C0134']
eb337112-77fc-4a0c-9921-6852b942f6ea,/M5_VIN,F.Cu,"(19.659599, 28.397199)","(19.507199, 28.397199)",0.8,0.1524000000000001,"['C0135', 'C0136', 'C0142']"
f40d7d38-3bee-468d-9af4-27b032babf6b,/M5_VIN,F.Cu,"(22.605999, 26.8224)","(22.5044, 26.7208)",0.8,0.14368339083206375,"['C0137', 'C0138', 'C0139', 'C0140']"
fc741911-2aab-4d58-94d8-d1d775206094,/M5_VIN,F.Cu,"(19.5, 29.025)","(19.5, 28.4)",0.8,0.625,"['C0141', 'C0142']"
035b88ff-a811-41f9-963c-3c2bf659ab85,/ARM_Q,F.Cu,"(46.1264, 46.3296)","(43.7896, 46.3296)",0.2,2.3367999999999967,[]
182e70de-1166-41bd-9cae-dfffcfd52ffb,/ARM_Q,F.Cu,"(48.5648, 28.3464)","(46.837599, 28.3464)",0.2,1.7272010000000009,"['C0145', 'C0148']"
1c7bd9be-d58a-49d8-bb45-19a80b81f86d,/ARM_Q,F.Cu,"(46.825, 45.5)","(47.325, 45.5)",0.2,0.5,['C0146']
206fe09d-82f5-414d-bb9b-3829c9035c88,/ARM_Q,F.Cu,"(55.05, 36.9375)","(55.05, 37.4375)",0.2,0.5,"['C0147', 'C0153']"
24202a21-d226-46d1-b02e-61320534dc67,/ARM_Q,F.Cu,"(46.837599, 28.3464)","(46.736, 28.448)",0.2,0.14368339083206624,"['C0144', 'C0145', 'C0149']"
354cc5a3-2f3c-427d-bc58-cfcbe2d67be9,/ARM_Q,F.Cu,"(46.590399, 29.0)","(47.1932, 28.397199)",0.2,0.8524893496120634,[]
3eb64755-0b28-4791-8c70-ea3aa293a520,/ARM_Q,F.Cu,"(43.7896, 46.3296)","(42.8752, 45.4152)",0.2,1.293156881433959,[]
419252aa-fec3-45d7-86aa-5eaa26ccfdcb,/ARM_Q,F.Cu,"(47.3456, 45.5168)","(46.3296, 46.532799)",0.2,1.4368402722644515,['C0146']
4313b1f3-553d-4c8f-b820-292bb28cf6a1,/ARM_Q,F.Cu,"(44.5, 29.0)","(46.590399, 29.0)",0.2,2.090398999999998,['C0151']
43ba3a16-1575-410c-9c73-f439f30aa6af,/ARM_Q,F.Cu,"(41.05, 19.4375)","(41.05, 19.9375)",0.2,0.5,['C0150']
479481da-7435-4c8c-bc54-673d110d4986,/ARM_Q,F.Cu,"(36.474399, 40.233599)","(34.3408, 40.233599)",0.2,2.1335989999999967,[]
48745eda-3741-4d68-8750-ffd179769a03,/ARM_Q,F.Cu,"(53.848, 36.2712)","(54.965599, 37.388799)",0.2,1.5805236630946067,"['C0147', 'C0154']"
5f5d3ae8-4818-4381-9c8e-19ecd6e7b190,/ARM_Q,F.Cu,"(28.0416, 9.5504)","(35.559999, 9.5504)",0.2,7.518398999999999,[]
752229bf-da78-455c-bdfe-dd3fd7d6d228,/ARM_Q,F.Cu,"(54.660799, 31.089599)","(51.9176, 28.3464)",0.2,3.87946923008831,[]
9f580b64-6f85-47ba-95f3-8b669d85e9d7,/ARM_Q,F.Cu,"(40.3352, 19.6088)","(40.64, 19.9136)",0.2,0.43105229381131965,[]
be329b14-62d0-4816-a18b-3a47b5c27a2d,/ARM_Q,F.Cu,"(46.736, 28.448)","(45.0088, 28.448)",0.2,1.7271999999999963,"['C0148', 'C0149']"
be5f61e8-f3fb-40ff-a3a4-20a26cef8108,/ARM_Q,F.Cu,"(40.3352, 17.3736)","(40.3352, 19.6088)",0.2,2.235199999999999,[]
c287fb4c-598b-4c46-a3f6-b016bf7f7621,/ARM_Q,F.Cu,"(40.64, 19.9136)","(41.0464, 19.9136)",0.2,0.4063999999999979,['C0150']
d4069230-736b-4419-9c76-2a4ad0fee1be,/ARM_Q,F.Cu,"(38.8112, 42.5704)","(36.474399, 40.233599)",0.2,3.3047356667670127,[]
dae480d6-b51e-45e4-97f0-fee4e0f8d801,/ARM_Q,F.Cu,"(46.3296, 46.532799)","(46.1264, 46.3296)",0.2,0.287367488768302,[]
e8047520-245f-450b-b1e5-1041e6c65a86,/ARM_Q,F.Cu,"(45.0088, 28.448)","(44.5008, 28.956)",0.2,0.7184204896855335,['C0151']
ff8f2f56-7b99-422a-b3a3-d4e82b475e76,/ARM_Q,F.Cu,"(54.965599, 37.388799)","(55.0672, 37.388799)",0.2,0.10160100000000227,"['C0152', 'C0153', 'C0154']"
091bd017-f67c-434c-9c00-2f0cc5769302,/ARM_Q,B.Cu,"(40.0304, 42.5704)","(38.8112, 42.5704)",0.2,1.2192000000000007,[]
1a94bfc0-7775-48a1-90c0-0f0d8ef0b153,/ARM_Q,B.Cu,"(32.410399, 38.3032)","(32.410399, 33.7312)",0.2,4.571999999999996,[]
2177bc77-1f46-485f-9853-f8498faaf9c8,/ARM_Q,B.Cu,"(32.003999, 33.324799)","(17.6784, 33.324799)",0.2,14.325599,[]
2fe6d176-3b8b-4d54-a69b-1c7a1563649d,/ARM_Q,B.Cu,"(35.559999, 9.5504)","(37.388799, 11.3792)",0.2,2.586313762867918,[]
3725fe31-a2f8-42c0-969e-76306888b0b0,/ARM_Q,B.Cu,"(49.275999, 40.843199)","(53.848, 36.2712)",0.2,6.465784407169944,[]
42a02753-ff5d-4d3a-80fa-1982a1c60f5c,/ARM_Q,B.Cu,"(53.848, 34.1376)","(54.660799, 33.324799)",0.2,1.1494727834977208,[]
484a9bea-a7c1-418c-963f-22a09fdb87c2,/ARM_Q,B.Cu,"(12.801599, 20.5232)","(14.732, 18.5928)",0.2,2.7299985679118945,[]
7d1aa703-e860-41de-9ec6-5ca0fec0a51c,/ARM_Q,B.Cu,"(42.8752, 45.4152)","(40.0304, 42.5704)",0.2,4.02315474223898,[]
7e2f4ffb-fa9c-4a16-918f-87c8a07d429e,/ARM_Q,B.Cu,"(17.6784, 33.324799)","(12.801599, 28.448)",0.2,6.896836700981253,[]
8b552639-4593-4a2c-b930-fcd0bef980a7,/ARM_Q,B.Cu,"(37.388799, 14.4272)","(40.3352, 17.3736)",0.2,4.1668395472829305,[]
917b3915-2508-4b80-b677-cabe817d1a97,/ARM_Q,B.Cu,"(34.3408, 40.233599)","(32.410399, 38.3032)",0.2,2.7299978608053923,[]
94921b0e-5132-4f7b-8e3e-95ce0806adc6,/ARM_Q,B.Cu,"(12.801599, 28.448)","(12.801599, 20.5232)",0.2,7.924800000000001,[]
9bde38b2-5d7a-4e4a-8544-3942b1d201de,/ARM_Q,B.Cu,"(49.275999, 43.5864)","(49.275999, 40.843199)",0.2,2.743200999999999,[]
b324a281-c00e-4590-855c-caa433243acc,/ARM_Q,B.Cu,"(48.5648, 28.3464)","(51.9176, 28.3464)",0.2,3.352800000000002,[]
b48d7c7d-0531-4b51-94a0-965b8f36de90,/ARM_Q,B.Cu,"(53.848, 36.2712)","(53.848, 34.1376)",0.2,2.1336000000000013,[]
bbdd99c9-2c82-4a29-ae7e-b1d85eee8d36,/ARM_Q,B.Cu,"(32.410399, 33.7312)","(32.003999, 33.324799)",0.2,0.5747370988556423,[]
c7d17043-15ea-462e-a466-53556db09b0b,/ARM_Q,B.Cu,"(37.388799, 11.3792)","(37.388799, 14.4272)",0.2,3.0479999999999983,[]
ca2c601a-1726-440e-9637-6b6e2d738fdc,/ARM_Q,B.Cu,"(28.0416, 17.9832)","(28.0416, 9.5504)",0.2,8.4328,[]
eb334fb6-a9eb-428f-8299-a110fa971688,/ARM_Q,B.Cu,"(27.432, 18.5928)","(28.0416, 17.9832)",0.2,0.8621045876226393,[]
f03e57a0-e1ca-4bc0-93b1-c3466abe5ae7,/ARM_Q,B.Cu,"(14.732, 18.5928)","(27.432, 18.5928)",0.2,12.7,[]
f1f2b58b-e030-492a-b296-38e637581b0b,/ARM_Q,B.Cu,"(46.3296, 46.532799)","(49.275999, 43.5864)",0.2,4.166837425962525,[]
f3806755-5de0-45f5-8e26-7f494c6f00b1,/ARM_Q,B.Cu,"(54.660799, 31.089599)","(54.660799, 33.324799)",0.2,2.235199999999999,[]
13856b6e-a8b9-4b1d-993d-88f123c51f9d,/W_SENSE,F.Cu,"(62.0776, 20.2184)","(62.0776, 19.7104)",0.2,0.5079999999999991,"['C0155', 'C0156', 'C0158', 'C0160']"
18248c10-3320-4ba9-9373-99698c1999fc,/W_SENSE,F.Cu,"(62.0, 19.625)","(62.0, 20.5232)",0.2,0.8981999999999992,"['C0155', 'C0156', 'C0161', 'C0164']"
1b69d1ea-6484-465b-a561-ac66338dd18e,/W_SENSE,F.Cu,"(70.0024, 18.796)","(69.6976, 18.4912)",0.2,0.43105229381131965,[]
2c802d55-df32-46e6-a829-d98c68b5118f,/W_SENSE,F.Cu,"(65.3288, 10.5664)","(65.3288, 11.4808)",0.2,0.9144000000000005,[]
31ea520d-11cf-4ad5-a551-413368396ec6,/W_SENSE,F.Cu,"(61.163199, 21.336)","(61.3664, 21.1328)",0.2,0.2873689029818633,[]
4ab0fd68-48e6-4471-bda4-187495e01ec3,/W_SENSE,F.Cu,"(61.3664, 20.9296)","(62.0, 19.625)",0.2,1.450320695570467,"['C0157', 'C0158', 'C0162', 'C0164']"
50b201bb-eaa2-46bd-a7fc-3147e2dd43fe,/W_SENSE,F.Cu,"(70.4088, 18.796)","(70.0024, 18.796)",0.2,0.406400000000005,[]
5a16340d-916c-471c-90a0-c3a1959dd8f6,/W_SENSE,F.Cu,"(62.0776, 19.7104)","(61.976, 19.6088)",0.2,0.1436840979371057,"['C0159', 'C0160', 'C0161', 'C0162']"
7050ee39-ca37-4a69-8f60-d7d38947f0ed,/W_SENSE,F.Cu,"(70.7136, 20.5232)","(70.7136, 19.1008)",0.2,1.4223999999999997,[]
899d9e20-db26-4162-813f-eed7d3b77393,/W_SENSE,F.Cu,"(70.7136, 19.1008)","(70.4088, 18.796)",0.2,0.43105229381131965,[]
8ce93f62-43c0-4860-b3cc-ee26366c8fd8,/W_SENSE,F.Cu,"(64.1096, 9.347199)","(65.3288, 10.5664)",0.2,1.7242098823522043,[]
c776afb1-8e54-42bf-9101-def3a7933a7f,/W_SENSE,F.Cu,"(69.6976, 12.4968)","(69.6976, 18.4912)",0.2,5.994399999999999,[]
cc9cdd5a-d769-4064-b32d-5b75091f94ad,/W_SENSE,F.Cu,"(61.3664, 21.1328)","(61.3664, 20.9296)",0.2,0.20319999999999894,['C0163']
e8d22def-48f2-4bec-b5d2-0d40bd3f971f,/W_SENSE,F.Cu,"(69.6976, 12.4968)","(70.815199, 11.3792)",0.2,1.5805243702015566,[]
34cfb9b1-ccf2-4bf7-a0cb-8890d7a63f68,/W_SENSE,B.Cu,"(70.5104, 5.08)","(68.6816, 3.2512)",0.2,2.586313762867917,[]
4934c3b3-c18c-4811-a078-b7d90dc35c94,/W_SENSE,B.Cu,"(58.3184, 8.7376)","(63.5, 8.7376)",0.2,5.181600000000003,"['C0168', 'C0169']"
65c53615-9765-49bc-af0a-90ba68e48c1d,/W_SENSE,B.Cu,"(68.6816, 3.2512)","(58.3184, 3.2512)",0.2,10.363200000000006,"['C0166', 'C0170']"
79387945-8f16-4d0c-bd08-133c8a96be74,/W_SENSE,B.Cu,"(63.5, 8.7376)","(64.1096, 9.347199)",0.2,0.8621038805161473,[]
8d6f73ea-257f-4fab-a666-3973b868844c,/W_SENSE,B.Cu,"(58.3184, 3.2512)","(58.2168, 3.3528)",0.2,0.14368409793710477,"['C0165', 'C0166', 'C0171']"
b64e6f50-1d3c-4a3a-be6c-c3bf48321f62,/W_SENSE,B.Cu,"(62.0, 20.5232)","(70.7136, 20.5232)",0.2,8.7136,[]
c6ec2578-3a64-4a65-bc48-73f358b993f2,/W_SENSE,B.Cu,"(58.2168, 8.636)","(58.3184, 8.7376)",0.2,0.1436840979371057,"['C0167', 'C0168', 'C0172']"
e744525a-6cf5-46ed-8845-66ee49d14bf3,/W_SENSE,B.Cu,"(70.5104, 11.074399)","(70.5104, 5.08)",0.2,5.994399,[]
f2b49c19-3902-4768-8990-e2750610bb35,/W_SENSE,B.Cu,"(70.815199, 11.3792)","(70.5104, 11.074399)",0.2,0.431052293813642,[]
ff2ebae0-c9b5-4927-9215-ad40393c706d,/W_SENSE,B.Cu,"(58.2168, 3.3528)","(58.2168, 8.636)",0.2,5.283199999999999,"['C0169', 'C0170', 'C0171', 'C0172']"
09e655e6-93b5-4629-bbdf-eb8ad0fed496,/H_OVSENSE,F.Cu,"(69.441552, 37.742351)","(69.441552, 37.035246)",0.2,0.7071049999999985,[]
13230fdb-ce91-4d3b-81cd-60a0d180f925,/H_OVSENSE,F.Cu,"(55.372, 31.2928)","(55.372, 28.7528)",0.2,2.539999999999999,[]
191b6f3f-8238-41e9-a882-0322366453c5,/H_OVSENSE,F.Cu,"(56.184799, 32.003999)","(57.6072, 33.4264)",0.2,2.011578785333054,"['C0173', 'C0178']"
2bdad104-267a-4864-b750-bc005c901e6f,/H_OVSENSE,F.Cu,"(56.0832, 32.003999)","(55.372, 31.2928)",0.2,1.0057879784532118,"['C0173', 'C0179']"
33fee06c-e0cf-4dce-93ba-79718e32cb8d,/H_OVSENSE,F.Cu,"(64.312799, 39.8272)","(64.211199, 39.7256)",0.2,0.1436840979371082,"['C0174', 'C0176']"
3afd7c83-099e-416c-be7e-8c0108591fde,/H_OVSENSE,F.Cu,"(69.088, 35.1536)","(69.6976, 36.779199)",0.2,1.7361406247193816,"['C0175', 'C0180']"
43239ed0-769a-49bc-8271-745a65a87580,/H_OVSENSE,F.Cu,"(68.8848, 39.8272)","(64.312799, 39.8272)",0.2,4.572001,['C0176']
59802687-1a6c-44c7-9ed1-e2d4f1e161df,/H_OVSENSE,F.Cu,"(56.184799, 32.003999)","(56.0832, 32.003999)",0.2,0.10159900000000022,"['C0177', 'C0178', 'C0179']"
728f4eac-9cf5-4d73-9d76-cf283823d04f,/H_OVSENSE,F.Cu,"(70.2056, 38.5064)","(69.441552, 37.742351)",0.2,1.0805277510110527,[]
74fbbc4c-cd51-492c-89ba-971d74052527,/H_OVSENSE,F.Cu,"(69.441552, 37.035246)","(69.6976, 36.779199)",0.2,0.362105847112412,[]
7da3eaae-4095-4a5c-be88-72a669c990f0,/H_OVSENSE,F.Cu,"(67.475, 35.135)","(69.1, 35.135)",0.2,1.625,['C0180']
a3abcadd-4564-4f9b-b074-b2e213f9c329,/H_OVSENSE,F.Cu,"(57.404, 37.8968)","(57.6072, 37.6936)",0.2,0.2873681958742064,[]
c9d775f9-1707-409d-a13e-08fecd22fee1,/H_OVSENSE,F.Cu,"(69.6976, 36.779199)","(69.6976, 36.474399)",0.2,0.3048000000000002,[]
cb2cc209-a463-459c-9628-9c83ee18c226,/H_OVSENSE,F.Cu,"(57.404, 38.7096)","(57.404, 37.8968)",0.2,0.8128000000000029,[]
e1eccf2d-0eb5-4b3a-9122-41be8211ca5a,/H_OVSENSE,F.Cu,"(57.6072, 37.6936)","(57.6072, 33.4264)",0.2,4.2672000000000025,[]
fe9fe409-ec5a-4945-b423-4da19ce75051,/H_OVSENSE,F.Cu,"(70.2056, 38.5064)","(68.8848, 39.8272)",0.2,1.867893273182387,[]
30206756-795c-4d29-8314-729945f6807a,/H_OVSENSE,B.Cu,"(59.436, 38.7096)","(57.404, 38.7096)",0.2,2.0319999999999965,[]
bc592134-ccc6-499f-98df-84d4b241fae5,/H_OVSENSE,B.Cu,"(60.452, 39.7256)","(59.436, 38.7096)",0.2,1.4368409793710621,[]
f6c4d5e1-e7da-47dd-8926-fcb1a99c0169,/H_OVSENSE,B.Cu,"(64.211199, 39.7256)","(60.452, 39.7256)",0.2,3.7591989999999953,[]
0df212f8-8338-4e1f-a813-58625931c48b,/H_VM,F.Cu,"(52.905, 36.475)","(52.905, 37.375)",0.6,0.8999999999999986,[]
0f8da2e7-1490-4767-9530-10a1ca86e286,/H_VM,F.Cu,"(60.96, 38.3032)","(61.163199, 38.5064)",0.2,0.287367488768302,[]
219e0bd2-3f2d-4fac-90e5-8d575d2c55fc,/H_VM,F.Cu,"(50.365, 36.475)","(50.365, 37.375)",0.6,0.8999999999999986,[]
2a02b69a-f300-4d73-8684-961a0926d65a,/H_VM,F.Cu,"(67.6656, 32.410399)","(67.4624, 32.6136)",0.2,0.28736890298186074,"['C0181', 'C0184']"
2d9c6579-13d4-4900-9a9c-c467552ef19c,/H_VM,F.Cu,"(72.7456, 37.8968)","(72.7456, 38.8112)",0.2,0.9144000000000005,[]
2e434134-46ed-400e-8436-6d45683ab2c6,/H_VM,F.Cu,"(51.635, 36.475)","(51.635, 37.375)",0.6,0.8999999999999986,[]
2f048fa5-9d4f-489e-95f0-72c60c20dda2,/H_VM,F.Cu,"(67.475, 32.595)","(67.975, 32.595)",0.8,0.5,"['C0181', 'C0185', 'C0189']"
42585164-390e-42d9-88db-d9e58ab1e518,/H_VM,F.Cu,"(69.6976, 32.715199)","(69.6976, 32.6136)",0.2,0.10159900000000022,"['C0182', 'C0183', 'C0186']"
4f19586b-d8e5-4395-96cd-3ddcfd0b075f,/H_VM,F.Cu,"(49.095, 37.375)","(52.905, 37.375)",1.2,3.8100000000000023,[]
56c38d32-804b-4826-8ecd-bf6140189abe,/H_VM,F.Cu,"(50.0, 40.28)","(50.0, 44.0)",1.0,3.719999999999999,[]
57336c64-70f7-4f92-97a8-11c4f41218b4,/H_VM,F.Cu,"(56.4388, 29.049598)","(56.938799, 28.549599)",0.2,0.7071053669729862,[]
5d7b7a6f-024c-4585-bbe6-6754ffc0dfc8,/H_VM,F.Cu,"(70.5104, 33.528)","(69.6976, 32.715199)",0.2,1.1494734906038577,"['C0183', 'C0187']"
61ba6c08-3322-440f-91ca-2b00052eab73,/H_VM,F.Cu,"(71.3232, 36.474399)","(72.7456, 37.8968)",0.2,2.0115780782263935,[]
7b96224d-c950-4658-b51e-ed26f24926e0,/H_VM,F.Cu,"(49.095, 36.475)","(49.095, 37.375)",0.6,0.8999999999999986,[]
859cc1fd-0ba2-4d34-acea-2b0e3631fc01,/H_VM,F.Cu,"(67.475, 32.595)","(69.725, 32.595)",0.2,2.25,"['C0184', 'C0185', 'C0186', 'C0187', 'C0189']"
8efe39bf-862e-42f4-94bd-6739de04fba0,/H_VM,F.Cu,"(52.905, 37.375)","(50.0, 40.28)",1.0,4.108290398693843,[]
91e8ffd0-d164-4fb4-a634-187fa6a83c02,/H_VM,F.Cu,"(70.0024, 31.699199)","(71.729599, 29.971999)",0.2,2.4426289578241303,['C0188']
a107f663-616b-41a5-9b8f-011a3674333c,/H_VM,F.Cu,"(70.0, 32.225)","(70.0, 31.699999)",0.2,0.5250010000000032,['C0188']
a3a18c32-5851-4d87-ac3a-e292d1f6c298,/H_VM,F.Cu,"(57.404, 30.988)","(56.438799, 30.022799)",0.2,1.3650003446160743,[]
a4ca370c-83ac-4838-b2c3-91515ade59a3,/H_VM,F.Cu,"(71.729599, 29.971999)","(71.729599, 28.549599)",0.2,1.4223999999999997,[]
b2614091-b872-4b45-b098-f33b0cd16525,/H_VM,F.Cu,"(53.0, 44.0)","(50.0, 44.0)",0.8,3.0,[]
bed121cd-7583-415b-871f-83998540e430,/H_VM,F.Cu,"(56.438799, 30.022799)","(56.4388, 29.049598)",0.2,0.9732010000005132,[]
c5b1121c-34ab-4c82-afb3-2b6d6ff24e3f,/H_VM,F.Cu,"(72.7456, 38.8112)","(71.9328, 39.623999)",0.2,1.1494720763902837,[]
e6e6c9a7-09b9-4b47-aca9-ab8330b9e939,/H_VM,F.Cu,"(56.938799, 28.549599)","(57.2008, 28.549599)",0.2,0.26200099999999793,[]
ff7b63ba-2512-4de3-aa7b-45488dfb5000,/H_VM,F.Cu,"(60.96, 37.388799)","(60.96, 38.3032)",0.2,0.914400999999998,[]
06f2b40f-6c72-4fa2-96b7-f4a3913b300d,/H_VM,B.Cu,"(66.497199, 40.2844)","(66.497199, 42.5196)",1.0,2.235199999999999,[]
08adbfde-12a7-4e30-b7fa-88ef88306e42,/H_VM,B.Cu,"(50.0888, 43.230799)","(50.0888, 41.6052)",1.0,1.625598999999994,[]
0ecd5755-4d0e-476a-8c55-025248669c6a,/H_VM,B.Cu,"(60.96, 36.6776)","(60.6552, 36.6776)",0.2,0.3048000000000002,[]
0f3bad63-3979-4d08-b7c4-5201ad4e8ec5,/H_VM,B.Cu,"(60.6552, 36.6776)","(57.404, 33.4264)",0.2,4.597891133987403,[]
29a429a3-1671-48f9-ace6-acd861ee7b57,/H_VM,B.Cu,"(71.9328, 39.623999)","(71.729599, 39.623999)",0.2,0.20320100000000707,"['C0190', 'C0193', 'C0196']"
2c0dbdbf-08eb-4e7e-a5f2-56c2b5772e7c,/H_VM,B.Cu,"(72.339199, 40.2844)","(72.339199, 46.3804)",1.0,6.096000000000004,[]
3403017b-8c8a-4237-9cce-3358916b2ac6,/H_VM,B.Cu,"(72.339199, 46.3804)","(73.152, 47.1932)",1.0,1.1494734906038526,[]
35f5616e-b43f-4fee-a150-348f9a8fd699,/H_VM,B.Cu,"(73.152, 47.1932)","(73.152, 48.666399)",1.0,1.473199000000001,[]
55ac5673-2fbc-4ba4-80e3-9f9b2723ac7f,/H_VM,B.Cu,"(52.9844, 43.992799)","(50.8508, 43.992799)",1.0,2.1336000000000013,[]
5cfa2dd6-5a0f-485a-82de-0429edabf86f,/H_VM,B.Cu,"(65.6844, 39.623999)","(65.8368, 39.623999)",1.0,0.1524000000000001,"['C0191', 'C0192', 'C0194']"
619c4040-91d0-4f2c-9adb-a301e7880715,/H_VM,B.Cu,"(50.0888, 41.6052)","(54.1528, 37.5412)",1.0,5.747363917484258,[]
69e054cd-690d-4072-bfe5-5494566f4f1f,/H_VM,B.Cu,"(50.8508, 43.992799)","(50.0888, 43.230799)",1.0,1.0776307345282992,[]
763e0a8f-45b0-43a4-bbb8-2111c4e9e436,/H_VM,B.Cu,"(65.8368, 39.623999)","(66.497199, 40.2844)",1.0,0.9339466365922615,"['C0192', 'C0195']"
774e9c2b-8652-421b-98c5-225fbf671d8d,/H_VM,B.Cu,"(71.8312, 49.9872)","(70.0024, 49.9872)",1.0,1.828800000000001,[]
8c403e5e-adb5-4821-a7aa-4b3a5e5fff3b,/H_VM,B.Cu,"(73.152, 48.666399)","(71.8312, 49.9872)",1.0,1.867893980289305,[]
8f239ff3-ca32-45cb-9506-b01836bd0948,/H_VM,B.Cu,"(71.6788, 39.623999)","(72.339199, 40.2844)",1.0,0.9339466365922615,['C0193']
92ae5557-29b1-43d4-81a1-d7254a08ed4a,/H_VM,B.Cu,"(71.5264, 36.474399)","(71.5264, 34.544)",0.2,1.9303990000000013,[]
9cf772bb-5f0d-4454-a938-dda880c278ec,/H_VM,B.Cu,"(71.5264, 34.544)","(70.5104, 33.528)",0.2,1.436840979371057,[]
aeb0e52e-fad2-40b9-b01b-8c3055f896c4,/H_VM,B.Cu,"(57.404, 33.4264)","(57.404, 30.988)",0.2,2.4384000000000015,[]
af706332-0c52-428a-bed4-5ab0222c65de,/H_VM,B.Cu,"(72.2376, 37.1856)","(71.5264, 36.474399)",0.2,1.0057893926667805,[]
b0a72515-d85e-4c00-8ac6-5038eab6a3ec,/H_VM,B.Cu,"(63.6016, 37.5412)","(65.6844, 39.623999)",1.0,2.9455233006039814,"['C0194', 'C0195']"
b857b2c7-0802-48e3-8ee1-9a567d9e0169,/H_VM,B.Cu,"(66.497199, 40.2844)","(67.1576, 39.623999)",1.0,0.9339480508047596,[]
be2a8219-aeda-43d1-9eaa-cd07932830f9,/H_VM,B.Cu,"(54.1528, 37.5412)","(63.6016, 37.5412)",1.0,9.448799999999999,[]
d176571a-2bf3-490c-97b0-6c51001ff4fe,/H_VM,B.Cu,"(67.1576, 39.623999)","(71.6788, 39.623999)",1.0,4.521199999999993,['C0196']
f023d980-5587-422f-8ec1-b3c3a34eeff1,/H_VM,B.Cu,"(60.96, 37.5412)","(60.96, 36.6776)",0.2,0.8636000000000053,"['C0197', 'C0198']"
f194c1e4-ddf7-48e5-849a-9713771c545b,/H_VM,B.Cu,"(60.96, 36.6776)","(60.96, 37.388799)",0.2,0.7111990000000006,"['C0197', 'C0198']"
1134ad84-0972-4ceb-97d0-fddc0a45db61,/H_BRAKE_GATE,F.Cu,"(63.175, 30.708599)","(61.6712, 30.708599)",0.2,1.5037999999999982,['C0202']
16662521-d0a3-4a56-9460-42be6e27d819,/H_BRAKE_GATE,F.Cu,"(70.4088, 30.1752)","(69.7992, 30.784799)",0.2,0.8621038805161473,[]
1716dc7d-4ca4-4f59-8e83-487ff1956ca2,/H_BRAKE_GATE,F.Cu,"(56.489599, 50.291999)","(56.489599, 50.596799)",0.2,0.3048000000000002,[]
19cfd5cd-8292-4668-893e-bc6885eaa5b0,/H_BRAKE_GATE,F.Cu,"(59.5376, 47.244)","(56.489599, 50.291999)",0.2,4.310522938113423,[]
22a799b3-fe6e-44f1-983c-b31df96e34b4,/H_BRAKE_GATE,F.Cu,"(73.9648, 29.057599)","(77.0128, 29.057599)",0.2,3.048000000000002,[]
2512ae14-2c44-4f8c-bf4c-2e8c3263be2d,/H_BRAKE_GATE,F.Cu,"(77.0128, 29.057599)","(77.9272, 29.971999)",0.2,1.293156881433959,[]
38a2d936-93db-43ed-9568-caa997a28da1,/H_BRAKE_GATE,F.Cu,"(70.4088, 29.667199)","(70.4088, 30.1752)",0.2,0.5080010000000001,[]
5d5ad21b-d619-4f10-ba01-72447a6be1a6,/H_BRAKE_GATE,F.Cu,"(65.8368, 30.784799)","(69.7992, 30.784799)",0.2,3.9624000000000024,[]
63046e16-e943-4296-a757-9f6e4dab9e96,/H_BRAKE_GATE,F.Cu,"(62.525, 32.595)","(61.6136, 32.595)",0.2,0.9114000000000004,"['C0200', 'C0203']"
72c6d26e-087b-42e4-af2c-f065ede61b5d,/H_BRAKE_GATE,F.Cu,"(56.489599, 50.596799)","(57.7088, 50.596799)",0.2,1.2192009999999982,[]
819585f6-07d3-4c09-b495-13e962a5c59c,/H_BRAKE_GATE,F.Cu,"(76.0984, 47.244)","(59.5376, 47.244)",0.2,16.5608,[]
8d078457-17c8-4fb5-96ac-263c40f9f6d9,/H_BRAKE_GATE,F.Cu,"(61.6712, 32.512)","(61.569599, 32.6136)",0.2,0.14368480504562753,"['C0199', 'C0200', 'C0204']"
91d36330-27b5-4261-a7dc-f95b6e9660a5,/H_BRAKE_GATE,F.Cu,"(73.152, 28.2448)","(73.9648, 29.0576)",0.2,1.1494727834968481,[]
97eaf35d-48fa-40da-abe7-d55d469ef42f,/H_BRAKE_GATE,F.Cu,"(73.152, 28.244799)","(73.152, 28.0416)",0.2,0.20319900000000146,['C0201']
abec1ddd-66ba-4816-a875-d1622ce1b16e,/H_BRAKE_GATE,F.Cu,"(70.612, 28.448)","(70.612, 29.464)",0.2,1.0159999999999982,[]
ae67bf31-bf64-43f5-bc31-1613d5485d78,/H_BRAKE_GATE,F.Cu,"(77.9272, 29.971999)","(77.9272, 45.4152)",0.2,15.443200999999998,[]
b0dc8e9c-feb9-4dfa-80a0-f2928eb272ea,/H_BRAKE_GATE,F.Cu,"(61.6712, 30.6832)","(61.6712, 32.512)",0.2,1.828800000000001,"['C0202', 'C0203', 'C0204']"
c74ce9fb-9ecc-442e-a27c-363fd227b327,/H_BRAKE_GATE,F.Cu,"(73.152, 28.0416)","(72.7456, 27.635199)",0.2,0.5747370988556447,[]
d5832711-665e-4f16-883a-d2139c970613,/H_BRAKE_GATE,F.Cu,"(57.7088, 50.596799)","(58.115199, 51.0032)",0.2,0.5747363917501678,[]
d7f7f865-c055-4d0f-bfae-926efc813c8b,/H_BRAKE_GATE,F.Cu,"(71.424799, 27.635199)","(70.612, 28.448)",0.2,1.1494727834977208,[]
de2187a3-dacb-4cea-9768-2502a1fa179a,/H_BRAKE_GATE,F.Cu,"(70.612, 29.464)","(70.4088, 29.667199)",0.2,0.2873674887682995,[]
e9df5c8b-b42e-4348-922a-62ad045c2304,/H_BRAKE_GATE,F.Cu,"(72.7456, 27.635199)","(71.424799, 27.635199)",0.2,1.320801000000003,[]
ee99b5f6-dbe3-40c8-8b94-834a8630f961,/H_BRAKE_GATE,F.Cu,"(77.9272, 45.4152)","(76.0984, 47.244)",0.2,2.586313762867918,[]
0ae4ac9c-920d-4c41-968a-a6bbb1477120,/H_BRAKE_GATE,B.Cu,"(64.4144, 31.2928)","(63.093599, 31.2928)",0.2,1.320801000000003,[]
0b598a76-484f-4029-a097-abd1270005a2,/H_BRAKE_GATE,B.Cu,"(64.922399, 30.784799)","(64.4144, 31.2928)",0.2,0.718420489686923,[]
0fdf7ede-65e4-4a1d-93fa-3ba9d09cc0a9,/H_BRAKE_GATE,B.Cu,"(64.922399, 30.784799)","(65.8368, 30.784799)",0.2,0.914400999999998,[]
dd9cdc2a-fc1f-4dfd-8175-a63a99cb83ea,/H_BRAKE_GATE,B.Cu,"(63.093599, 31.2928)","(62.483999, 30.6832)",0.2,0.8621045876226393,[]
f6edc33a-ac02-4636-a43f-af00fb68edc5,/H_BRAKE_GATE,B.Cu,"(62.483999, 30.6832)","(61.6712, 30.708599)",0.2,0.8131957474077182,['C0205']
0cfe04f3-59ce-4204-b8a9-043ed1a6f29f,/M5_BOOT,F.Cu,"(26.775, 24.625)","(26.35, 25.05)",0.2,0.6010407640085639,['C0206']
731dc713-55a1-448a-b844-e5ddbbea3e86,/M5_BOOT,F.Cu,"(26.35, 25.05)","(26.85, 25.05)",0.2,0.5,['C0206']
8fb32d0d-ccc3-44b1-8cf0-fe66690b1503,/M5_BOOT,F.Cu,"(26.775, 23.0)","(26.775, 24.625)",0.2,1.625,[]
ada50105-8920-4db2-a86c-3a0189dcca20,/M5_BOOT,F.Cu,"(26.775, 23.0)","(27.3, 23.0)",0.2,0.5250000000000021,[]
06ce25d1-700d-4b57-84e6-c2c250df4516,/BAT_REV,F.Cu,"(28.175, 17.5)","(28.675, 17.0)",0.2,0.7071067811865476,[]
1929f594-1429-4e40-9d63-86d23c5e7dbc,/BAT_REV,F.Cu,"(28.175, 13.905)","(28.675, 14.405)",0.2,0.7071067811865476,[]
29d60c4c-2ac5-4027-ad48-c2e8e21f0af7,/BAT_REV,F.Cu,"(26.375, 11.365)","(26.375, 13.905)",1.2,2.539999999999999,[]
4b558500-2981-4dd4-add6-1e44459f2af3,/BAT_REV,F.Cu,"(25.475, 13.905)","(26.375, 13.905)",0.6,0.8999999999999986,[]
4cb79932-cada-4109-82fa-4b3004e65557,/BAT_REV,F.Cu,"(25.475, 11.365)","(26.375, 11.365)",0.6,0.8999999999999986,[]
4de0f48b-e4ae-4d19-b969-ff1fb4f11155,/BAT_REV,F.Cu,"(26.375, 12.635)","(27.009999, 12.0)",2.0,0.8980249050004128,[]
79f312a4-5fb9-48ce-8315-00a9cc9968ea,/BAT_REV,F.Cu,"(27.009999, 12.0)","(29.35, 12.0)",2.0,2.340001000000001,[]
a577ccd6-bc73-4a97-bd8c-7c6f3b439fee,/BAT_REV,F.Cu,"(25.475, 12.635)","(26.375, 12.635)",0.6,0.8999999999999986,[]
d1427915-2ed7-4b64-8acb-92c92407a125,/BAT_REV,F.Cu,"(30.0375, 12.0)","(29.35, 12.0)",0.8,0.6875,[]
d703b3d9-a050-466b-a48b-3a441ab86ad1,/BAT_REV,F.Cu,"(28.675, 14.405)","(28.675, 17.0)",0.2,2.5950000000000006,[]
d7ec241f-461e-4869-8bf2-78aa7348e3d3,/BAT_REV,F.Cu,"(29.175, 16.5)","(28.675, 16.5)",0.2,0.5,[]
f0213282-b6eb-417b-bf0c-bdeb5b82972b,/BAT_REV,F.Cu,"(27.4, 17.5)","(28.175, 17.5)",0.2,0.7750000000000021,[]
f073fcf3-dac4-4f79-b2e3-0e67741819f2,/BAT_REV,F.Cu,"(26.375, 13.905)","(28.175, 13.905)",0.2,1.8000000000000007,[]
211c9ebe-582d-4fb5-bb2f-b634e8b9b094,/REV_GATE,F.Cu,"(25.5016, 10.058399)","(27.1272, 10.058399)",0.2,1.6255999999999986,"['C0207', 'C0208']"
24634914-2338-49e8-9369-8ea36ccf9f1a,/REV_GATE,F.Cu,"(25.0952, 15.9512)","(24.485599, 16.5608)",0.2,0.8621052947297085,[]
648debaf-0cc6-4355-a8de-9fbfa1aa5d22,/REV_GATE,F.Cu,"(25.475, 10.095)","(25.975, 10.095)",0.2,0.5,"['C0207', 'C0208']"
6aa87e40-892c-416f-9bff-093aa0a79bfe,/REV_GATE,F.Cu,"(24.485599, 17.3736)","(24.5872, 17.4752)",0.2,0.14368480504562756,"['C0209', 'C0210', 'C0211']"
70dbc408-7448-42fe-9635-6849b32c2a8c,/REV_GATE,F.Cu,"(24.485599, 16.5608)","(24.485599, 17.3736)",0.2,0.8127999999999993,['C0210']
fe1f79a4-bd07-45eb-a189-f2070f777956,/REV_GATE,F.Cu,"(22.825, 17.5)","(24.6, 17.5)",0.2,1.7750000000000021,['C0211']
52d7eda5-86eb-40ce-a9e1-e4d2f788e68f,/REV_GATE,B.Cu,"(27.1272, 10.058399)","(25.0952, 12.090399)",0.2,2.873681958742129,[]
d3115017-05b1-48d3-8671-91c8196d4587,/REV_GATE,B.Cu,"(25.0952, 12.090399)","(25.0952, 15.9512)",0.2,3.8608010000000004,[]
0f7c6850-9f46-4878-98cd-47fb85e04365,/BAT_IN,F.Cu,"(16.975, 12.635)","(17.875, 12.635)",0.6,0.8999999999999986,[]
1504168b-bcc4-4773-9f67-33cef5ea45e9,/BAT_IN,F.Cu,"(19.625, 12.635)","(20.525, 12.635)",0.6,0.8999999999999986,[]
2781ce04-2ea2-4489-9760-2863a67af80e,/BAT_IN,F.Cu,"(17.875, 10.095)","(17.875, 13.905)",1.2,3.8099999999999987,[]
2e6f6995-de80-4535-9efb-d71d714fc82b,/BAT_IN,F.Cu,"(19.625, 10.095)","(20.525, 10.095)",0.6,0.8999999999999986,[]
3863e543-ce78-4194-8853-1af98ae813aa,/BAT_IN,F.Cu,"(16.975, 10.095)","(17.875, 10.095)",0.6,0.8999999999999986,[]
43407018-3905-4c74-bfdc-cdfcdfa8b5bd,/BAT_IN,F.Cu,"(19.625, 10.095)","(17.875, 10.095)",2.0,1.75,[]
48f3e02f-6ffb-4964-8b5a-0e9b2a3e076e,/BAT_IN,F.Cu,"(19.625, 10.095)","(19.625, 13.905)",1.2,3.8099999999999987,[]
4a5c7051-1692-4b8e-8244-4bca8c1e77e4,/BAT_IN,F.Cu,"(16.975, 11.365)","(17.875, 11.365)",0.6,0.8999999999999986,[]
633f65e4-bab6-434a-8fff-5c524a60f95a,/BAT_IN,F.Cu,"(19.625, 13.905)","(20.525, 13.905)",0.6,0.8999999999999986,[]
93862f11-17ab-4669-a271-2ba7d1b6ba98,/BAT_IN,F.Cu,"(16.975, 13.905)","(17.875, 13.905)",0.6,0.8999999999999986,[]
fbfebae0-5830-445d-9657-fb05a72fc620,/BAT_IN,F.Cu,"(19.625, 11.365)","(20.525, 11.365)",0.6,0.8999999999999986,[]
106ef97f-c39a-467e-9240-c05fef8269ee,/KELVIN_N,F.Cu,"(38.0, 17.325)","(38.0, 18.95)",0.381,1.625,[]
6ba01ee7-d892-4d06-958a-a8c39897de3a,/KELVIN_N,F.Cu,"(38.0, 18.95)","(37.5, 19.45)",0.381,0.7071067811865476,[]
b30d9d50-cc6b-4d41-a622-066194541d1b,/KELVIN_N,F.Cu,"(37.5, 19.45)","(35.1375, 19.45)",0.381,2.362499999999997,[]
09bb26f6-27f0-495e-bbf7-a408ada4f89d,/C5_VIN,F.Cu,"(22.7584, 40.9448)","(22.605999, 40.7924)",0.8,0.21552685401360167,"['C0212', 'C0214', 'C0216', 'C0224']"
1165f2ae-22c5-4ba4-bd18-80ac0ee1290e,/C5_VIN,F.Cu,"(23.65, 40.95)","(23.15, 40.95)",0.6,0.5,"['C0218', 'C0219']"
1f2bc5ce-f8d7-440a-af1a-3e0e86563f7b,/C5_VIN,F.Cu,"(22.605999, 40.7924)","(22.5552, 40.7924)",0.8,0.05079900000000137,"['C0213', 'C0214', 'C0217', 'C0225']"
23c45ac9-321d-480d-ac4a-965a2f949178,/C5_VIN,F.Cu,"(22.5552, 40.7924)","(22.5044, 40.7416)",0.8,0.0718420489685541,"['C0215', 'C0216', 'C0217', 'C0226']"
43530776-303f-4052-ba87-6d953dc1aace,/C5_VIN,F.Cu,"(22.0, 40.725)","(22.0, 40.199999)",0.2,0.5250010000000032,['C0227']
504e494e-0a61-4351-89b6-13d4deefde22,/C5_VIN,F.Cu,"(30.5, 39.455)","(30.5, 40.66)",0.8,1.2049999999999983,['C0223']
6ae5f103-f4ff-4d52-9449-00253a2f15ca,/C5_VIN,F.Cu,"(23.6728, 40.9448)","(23.6728, 41.5544)",0.8,0.6096000000000004,"['C0218', 'C0220']"
8236f403-65e0-49b0-b05c-b1ccabd6d102,/C5_VIN,F.Cu,"(20.975, 45.0)","(24.525, 45.0)",0.8,3.549999999999997,['C0228']
96878882-affd-4dca-acc3-d9af5e2faa1d,/C5_VIN,F.Cu,"(23.1648, 40.9448)","(22.7584, 40.9448)",0.8,0.4063999999999979,"['C0219', 'C0221']"
9b847fff-2ad1-4266-9b32-47a15bbb7a68,/C5_VIN,F.Cu,"(24.6888, 42.5704)","(27.939999, 42.5704)",0.8,3.2511989999999997,[]
ad66523e-fba2-4477-8673-05992b25ab1c,/C5_VIN,F.Cu,"(23.15, 44.25)","(23.15, 40.95)",0.8,3.299999999999997,"['C0220', 'C0221']"
bf37ef9f-69cb-41f8-aa5c-7c05092719b0,/C5_VIN,F.Cu,"(24.525, 45.0)","(23.15, 44.25)",0.8,1.5662455107677085,"['C0222', 'C0228']"
d28f7aef-efdc-46be-b061-427cbb1cec79,/C5_VIN,F.Cu,"(30.48, 40.64)","(31.089599, 41.2496)",0.8,0.8621038805161473,['C0223']
d8b80e14-f2e8-41cd-a5bc-c8832d93ee60,/C5_VIN,F.Cu,"(22.5044, 40.7416)","(21.996399, 40.7416)",0.8,0.5080010000000001,"['C0224', 'C0225', 'C0226', 'C0227']"
f05175b3-cb7e-4d0b-990a-d8617755ca31,/C5_VIN,F.Cu,"(23.6728, 41.5544)","(24.6888, 42.5704)",0.8,1.4368409793710648,[]
09379bbe-bb65-442c-867d-31460fc15204,/C5_VIN,B.Cu,"(27.939999, 42.5704)","(29.2608, 41.2496)",0.8,1.8678939802892973,[]
283c20be-96ab-47bf-b471-3d7e8ea6549f,/C5_VIN,B.Cu,"(29.2608, 41.2496)","(31.089599, 41.2496)",0.8,1.828799,[]
12854358-0339-43b6-83eb-c0e29eab5a78,/W_OVSENSE,F.Cu,"(66.344799, 21.2344)","(66.344799, 20.116799)",0.2,1.1176010000000005,[]
1f2ec992-3146-4f3a-ad81-fd1ad7ce1f79,/W_OVSENSE,F.Cu,"(65.125599, 18.8976)","(65.125599, 16.662399)",0.2,2.235201,[]
20313144-cb86-44f3-909e-1f30ea236da9,/W_OVSENSE,F.Cu,"(70.0024, 22.352)","(70.0024, 22.453599)",0.2,0.10159900000000022,"['C0229', 'C0230', 'C0231']"
3c6231e0-d313-46e6-ae1d-d960fa6b5af2,/W_OVSENSE,F.Cu,"(73.0504, 25.5016)","(74.167999, 25.5016)",0.2,1.1175989999999985,[]
78b95f56-de5c-45b8-b7c3-77c0db35fbab,/W_OVSENSE,F.Cu,"(67.1576, 22.0472)","(66.344799, 21.2344)",0.2,1.149473490603855,[]
7cd5d20f-58d4-4869-a0f7-448cf444629e,/W_OVSENSE,F.Cu,"(66.344799, 20.116799)","(65.125599, 18.8976)",0.2,1.7242084681386416,[]
8b181740-de50-4e18-ad0b-e52bdced4703,/W_OVSENSE,F.Cu,"(70.0024, 22.453599)","(73.0504, 25.5016)",0.2,4.310523645220034,"['C0230', 'C0232']"
c2802b90-312c-4ad6-9fdc-9cc0b7f52c9e,/W_OVSENSE,F.Cu,"(69.6976, 22.0472)","(67.1576, 22.0472)",0.2,2.539999999999992,[]
e50c5aa0-24d4-4e95-9723-13f766ec340a,/W_OVSENSE,F.Cu,"(65.125599, 16.662399)","(65.3288, 16.4592)",0.2,0.2873681958776988,[]
f2538115-6a9f-4ba6-a578-89803690f64f,/W_OVSENSE,F.Cu,"(69.6976, 22.0472)","(70.0024, 22.352)",0.2,0.43105229381131965,"['C0231', 'C0232']"
3da5d4d5-1e8c-465d-a5d6-0e1e355978c8,/W_BUS,B.Cu,"(74.9808, 12.2936)","(74.9808, 14.0208)",0.2,1.7271999999999998,[]
4273b603-8c91-4700-8b56-593f98f3972a,/W_BUS,B.Cu,"(73.152, 25.1968)","(68.7832, 25.1968)",0.2,4.368800000000007,[]
42bea088-4d29-45d4-bb2f-63416d693021,/W_BUS,B.Cu,"(75.8952, 11.3792)","(74.9808, 12.2936)",0.2,1.2931568814339578,[]
4fc071b6-b27a-47bd-b3ce-094683bd7475,/W_BUS,B.Cu,"(74.9808, 35.864799)","(75.692, 36.576)",0.2,1.0057893926667705,[]
50597ed5-ad63-4f79-8a33-6af7a6ec1b24,/W_BUS,B.Cu,"(78.4352, 11.3792)","(75.8952, 11.3792)",0.2,2.539999999999992,"['C0233', 'C0243']"
80160d36-a8b4-4e0b-a642-2be7b6ae69c4,/W_BUS,B.Cu,"(78.5368, 21.539199)","(78.5368, 11.4808)",0.2,10.058399,"['C0233', 'C0235', 'C0240', 'C0244']"
8733a440-8ab9-4d95-87f1-db9e539aaa4d,/W_BUS,B.Cu,"(75.692, 36.576)","(77.8256, 36.576)",0.2,2.1336000000000013,"['C0236', 'C0238']"
891910c6-3dc7-4fc1-a313-08078996698b,/W_BUS,B.Cu,"(78.4352, 21.6408)","(78.5368, 21.539199)",0.2,0.14368480504563005,"['C0234', 'C0235', 'C0241']"
9d3d6342-1d5c-457e-abba-967801c03e79,/W_BUS,B.Cu,"(77.9272, 36.474399)","(77.9272, 29.971999)",0.2,6.502399999999998,"['C0236', 'C0239']"
a9a35c24-1156-4079-be2d-74d0ec95f807,/W_BUS,B.Cu,"(77.8256, 36.576)","(77.9272, 36.474399)",0.2,0.14368480504563258,"['C0237', 'C0238', 'C0239']"
bc25bc4a-364b-4dd2-bf46-b1004e6131ca,/W_BUS,B.Cu,"(73.152, 25.1968)","(76.708, 21.6408)",0.2,5.028943427798724,[]
ca9c9108-4887-4d98-8299-beae90dd31b3,/W_BUS,B.Cu,"(74.9808, 34.036)","(74.9808, 35.864799)",0.2,1.8287989999999965,[]
ce958acf-3a9d-4251-8c19-3c91370520ac,/W_BUS,B.Cu,"(77.9272, 29.971999)","(73.152, 25.1968)",0.2,6.7531518959372585,[]
d9270645-ff12-4e92-920d-6a12bf0d512f,/W_BUS,B.Cu,"(68.7832, 25.1968)","(67.9704, 26.0096)",0.2,1.1494727834968481,[]
dd1875db-9f68-41db-bf97-46271504fd02,/W_BUS,B.Cu,"(76.708, 21.6408)","(78.4352, 21.6408)",0.2,1.7271999999999963,"['C0240', 'C0241']"
e8bc0f41-874c-48c8-ab13-14ef95d7665a,/W_BUS,B.Cu,"(78.5368, 11.4808)","(78.4352, 11.3792)",0.2,0.14368409793710948,"['C0242', 'C0243', 'C0244']"
0c8479a1-9d66-4e32-b83a-2d916a5c45f6,/W_VM,F.Cu,"(52.120799, 16.154399)","(48.768, 19.507199)",0.2,4.741574524817782,"['C0246', 'C0247', 'C0252', 'C0253']"
1850eefc-1011-4431-b4e4-545536c48747,/W_VM,F.Cu,"(71.0, 16.0)","(71.0, 15.299999)",0.2,0.7000010000000003,[]
1a0c6461-0862-4782-b725-6964173222ab,/W_VM,F.Cu,"(67.905, 16.475)","(67.905, 18.2)",0.2,1.7249999999999979,"['C0255', 'C0266']"
25976282-cfa2-4342-b5c5-5158d83e3772,/W_VM,F.Cu,"(55.475, 14.405)","(56.375, 14.405)",0.6,0.8999999999999986,[]
270b68a8-0a36-4a25-a418-0e5bec08d88c,/W_VM,F.Cu,"(56.388, 10.6172)","(58.3184, 10.6172)",1.5,1.9303999999999988,"['C0251', 'C0258']"
275f1aa9-7f06-4a6e-8e30-dd52cb4cc2a9,/W_VM,F.Cu,"(55.475, 11.865)","(56.375, 11.865)",0.6,0.8999999999999986,[]
2adf5162-d409-48b6-9273-6d67f0a2b7a0,/W_VM,F.Cu,"(68.58, 21.2344)","(69.7992, 20.0152)",0.2,1.7242091752452786,[]
2cd05435-de89-43b7-8318-a2d7e398ebf5,/W_VM,F.Cu,"(62.0776, 17.3736)","(61.976, 17.4752)",0.2,0.1436840979371057,"['C0245', 'C0248', 'C0249']"
2e87176a-a06c-4bf9-8484-3f4de1f2f58a,/W_VM,F.Cu,"(54.7624, 16.205199)","(52.120799, 16.205199)",1.5,2.6416010000000014,['C0246']
2efe459b-e5b5-4648-8484-1aa3889495be,/W_VM,F.Cu,"(75.0, 16.5)","(72.149999, 16.5)",1.5,2.850001000000006,[]
2f8abf3c-50cd-4928-9143-9341f1f0b8fa,/W_VM,F.Cu,"(48.6, 19.725998)","(48.6, 22.0)",1.5,2.2740019999999994,[]
463cc55d-9719-496d-9b1e-107628ed1bf6,/W_VM,F.Cu,"(72.149999, 16.5)","(71.5, 16.5)",0.2,0.649998999999994,[]
47123f6e-fa73-4900-99df-f4fbf63cbe2d,/W_VM,F.Cu,"(48.818799, 19.507199)","(48.6, 19.725998)",1.5,0.3094285132336692,"['C0247', 'C0254']"
4ea0cc67-8d1e-481e-bea2-466bd0e066a8,/W_VM,F.Cu,"(55.475, 13.135)","(56.375, 13.135)",0.6,0.8999999999999986,[]
56077ef5-1b8c-4bc8-a597-995698240323,/W_VM,F.Cu,"(71.5, 16.5)","(71.0, 16.0)",0.2,0.7071067811865476,[]
5b252785-bab9-483f-8c9b-68a0dca42ad9,/W_VM,F.Cu,"(61.325, 10.0)","(61.825, 10.0)",0.8,0.5,['C0259']
5c65416d-fa57-4de1-bfec-90ae1b0a3c1c,/W_VM,F.Cu,"(62.0, 17.975)","(62.0, 17.475)",0.8,0.5,"['C0248', 'C0250']"
60e42f3e-0bbe-4c39-af18-645eaa80891d,/W_VM,F.Cu,"(64.675, 20.8)","(64.675, 21.977601)",0.2,1.1776009999999992,[]
62f94ab3-133c-4a42-93b2-468f0e68eb19,/W_VM,F.Cu,"(64.675, 20.8)","(64.175, 20.8)",0.8,0.5,[]
8422dfe4-e523-4ad5-9807-881d2d1daf12,/W_VM,F.Cu,"(55.727599, 15.24)","(54.7624, 16.205199)",1.5,1.364997516188948,[]
9000af88-8a09-413a-9ae6-05297cb22bb6,/W_VM,F.Cu,"(71.0, 14.775)","(71.0, 15.299999)",0.8,0.5249989999999993,[]
9040770e-b76c-4334-88e6-5e5fb68d4a75,/W_VM,F.Cu,"(55.9816, 14.4272)","(55.727599, 14.681199)",1.5,0.3592102448455519,[]
93ef1ac8-b1e6-4156-9cc6-6b17e20dc15d,/W_VM,F.Cu,"(62.0776, 16.9672)","(62.0776, 17.3736)",0.2,0.4064000000000014,"['C0249', 'C0250']"
a2267cf4-e5a2-4c03-b3cb-31f3d09b4b55,/W_VM,F.Cu,"(55.475, 10.595)","(56.375, 10.595)",0.6,0.8999999999999986,['C0251']
a5ac036d-65d7-4a15-8f6b-fdd7b52a1057,/W_VM,F.Cu,"(52.120799, 16.205199)","(48.6, 19.725998)",1.5,4.979161696189628,"['C0252', 'C0253', 'C0254']"
a654dc7a-095b-4673-9a6c-321fd43ae688,/W_VM,F.Cu,"(64.675, 21.977601)","(65.506599, 22.8092)",0.2,1.176058584255902,['C0256']
a7028c46-0585-4bd6-900b-2074832b9c62,/W_VM,F.Cu,"(67.905, 16.475)","(67.905, 16.975)",0.8,0.5,"['C0255', 'C0266']"
b03dfe20-21fc-4452-95aa-d0a6630c194e,/W_VM,F.Cu,"(65.506599, 26.0)","(65.506599, 22.8092)",0.8,3.1907999999999994,['C0257']
b190b117-fbed-47bd-ba05-0f6480ad8bdf,/W_VM,F.Cu,"(55.727599, 14.681199)","(55.727599, 15.24)",1.5,0.5588010000000008,[]
bcd7d38b-84f9-411b-8fd7-e9071ea59099,/W_VM,F.Cu,"(65.532, 22.86)","(61.2648, 22.86)",1.5,4.267199999999995,"['C0256', 'C0257']"
bf15fbc7-f7c7-46e4-8963-8cfdb8bf5957,/W_VM,F.Cu,"(60.6552, 11.176)","(61.3664, 10.4648)",0.2,1.0057886855597438,[]
c855a017-1310-432a-bc70-b9018e8211fb,/W_VM,F.Cu,"(56.375, 10.595)","(56.375, 14.405)",1.2,3.8099999999999987,['C0258']
cbfd4944-0487-47f4-8496-92f520258e77,/W_VM,F.Cu,"(48.818799, 21.2852)","(49.53, 21.996399)",1.5,1.0057886855607419,[]
d169039a-97a0-4460-a1b1-81106529030a,/W_VM,F.Cu,"(61.3664, 10.4648)","(61.3664, 9.9568)",0.2,0.5080000000000009,['C0259']
d3edb725-6e66-409d-b8f4-286d7410f102,/W_VM,F.Cu,"(49.53, 21.996399)","(52.0192, 21.996399)",1.5,2.4891999999999967,"['C0261', 'C0262', 'C0263', 'C0264']"
d4efee1d-ab5f-4f0d-8ade-88cc029e6bf9,/W_VM,F.Cu,"(69.7992, 20.0152)","(69.7992, 19.811999)",0.2,0.20320099999999996,['C0260']
e08b5edd-9bab-4f28-af72-ffdcb16d6290,/W_VM,F.Cu,"(52.0, 22.0)","(49.0, 22.0)",0.8,3.0,"['C0261', 'C0262', 'C0265', 'C0267']"
ef1cd79a-b25a-4f0b-983a-c326f3a9df50,/W_VM,F.Cu,"(48.6, 22.0)","(52.0, 22.0)",1.5,3.3999999999999986,"['C0263', 'C0264', 'C0265', 'C0267']"
fb1ca575-de21-45bb-86de-67c63a02b61a,/W_VM,F.Cu,"(46.325, 21.0)","(48.4, 21.0)",0.2,2.0749999999999957,[]
0f4a77e2-dc98-489b-9761-4036f3ef3d82,/W_VM,B.Cu,"(67.106799, 11.176)","(69.3928, 11.176)",1.5,2.286000999999999,[]
6a470c60-34fa-4b40-ba69-7cb521f11136,/W_VM,B.Cu,"(68.1736, 18.1864)","(67.905, 18.2)",0.2,0.2689440834076775,['C0268']
74009457-2784-407f-8b2c-36cf32d59c89,/W_VM,B.Cu,"(65.532, 24.2824)","(68.58, 21.2344)",0.2,4.310522938113194,[]
7479da2b-b3fa-4904-9b44-e308d9196497,/W_VM,B.Cu,"(61.976, 16.8656)","(62.0776, 16.9672)",0.2,0.1436840979371032,"['C0269', 'C0272', 'C0273']"
776bd729-3157-4b7e-8282-78905f51f273,/W_VM,B.Cu,"(69.3928, 7.2136)","(68.1736, 5.9944)",1.5,1.7242091752452777,[]
78fc3ea8-63de-46ee-8d71-31fc0e0b2bd1,/W_VM,B.Cu,"(58.3184, 10.6172)","(59.181999, 10.6172)",1.5,0.8635990000000007,[]
8392e26e-6344-43b5-b48c-560591409de1,/W_VM,B.Cu,"(60.6552, 11.176)","(67.106799, 11.176)",1.5,6.4515989999999945,[]
8416bf4a-f3c9-45b7-8dbb-21778c9c3053,/W_VM,B.Cu,"(59.7408, 11.176)","(60.6552, 11.176)",0.2,0.9144000000000005,[]
8bdac883-e2b8-475b-9ee6-32bd1fb85ce0,/W_VM,B.Cu,"(59.181999, 10.6172)","(59.7408, 11.176)",1.5,0.7902632457611846,[]
8c7ee716-2aaa-45c9-8604-06b3e988db32,/W_VM,B.Cu,"(69.596, 16.764)","(69.9008, 16.4592)",1.5,0.43105229381131965,"['C0270', 'C0271']"
a3e480a2-0459-40b0-9056-dc120a72879e,/W_VM,B.Cu,"(68.1736, 5.9944)","(65.9892, 5.9944)",1.5,2.1843999999999966,[]
a46618b0-8976-40ae-a341-aa2693d3edeb,/W_VM,B.Cu,"(69.3928, 16.0)","(69.8928, 16.5)",1.5,0.7071067811865476,['C0270']
a7dbdb04-93c3-4abb-8d61-3ae8b0c63c22,/W_VM,B.Cu,"(65.532, 26.0096)","(65.532, 24.2824)",0.2,1.7271999999999998,[]
afbdaaa7-2270-498c-b6b4-d8115d434a6f,/W_VM,B.Cu,"(60.3504, 21.9456)","(60.3504, 18.4912)",1.5,3.4543999999999997,[]
c38bd671-ad54-4a29-b525-fd4dac1656e0,/W_VM,B.Cu,"(69.8928, 16.5)","(75.0, 16.5)",1.5,5.107200000000006,['C0271']
c8d0b161-4f10-4d3a-b801-cb909bd2b0e4,/W_VM,B.Cu,"(61.2648, 22.86)","(60.3504, 21.9456)",1.5,1.293156881433959,[]
ce18f77a-3112-426f-aa08-a24981e4c566,/W_VM,B.Cu,"(60.3504, 18.4912)","(62.0776, 16.764)",1.5,2.442629664930807,['C0272']
cf98fe77-fd23-43c4-8c01-1f09cbf823ee,/W_VM,B.Cu,"(62.0776, 16.764)","(69.596, 16.764)",1.5,7.518400000000007,['C0273']
d03f970b-1e7d-4908-af85-7f0c5ed8ea95,/W_VM,B.Cu,"(68.1736, 16.764)","(68.1736, 18.1864)",0.2,1.4223999999999997,[]
de96842b-a73e-4e75-b751-610c47bcbf81,/W_VM,B.Cu,"(69.3928, 7.2136)","(69.3928, 16.0)",1.5,8.7864,[]
05ec9955-b808-4349-bbdf-77b45e376aec,/W_DUMP_D,F.Cu,"(57.810399, 3.2512)","(57.810399, 4.673599)",1.0,1.4223990000000004,[]
45ad8699-b7b7-40c3-94c8-592cb7719092,/W_DUMP_D,F.Cu,"(58.2168, 2.8448)","(57.810399, 3.2512)",1.0,0.5747370988556435,[]
4babc3a2-22bf-4d6c-9145-06f353ac1f46,/W_DUMP_D,F.Cu,"(59.436, 6.2992)","(60.6552, 6.2992)",1.0,1.2192000000000007,[]
839adefa-586f-4120-a182-f850023950a7,/W_DUMP_D,F.Cu,"(68.7832, 2.8448)","(58.2168, 2.8448)",1.0,10.566399999999994,[]
a1d696ea-4c8e-457f-883b-8b38f9271afd,/W_DUMP_D,F.Cu,"(70.104, 4.165599)","(68.7832, 2.8448)",1.0,1.8678925660757408,[]
a94d4371-843d-4d1f-92ff-40a6bdeb4519,/W_DUMP_D,F.Cu,"(60.6552, 6.2992)","(60.96, 5.9944)",1.0,0.43105229381131965,[]
b0717590-98a1-4cdc-9031-dcf21023f66e,/W_DUMP_D,F.Cu,"(57.810399, 4.673599)","(59.436, 6.2992)",1.0,2.2989469812072674,[]
b497ac6b-bbf8-490d-aed1-70789a0dce32,/W_DUMP_D,F.Cu,"(70.5625, 6.5)","(70.0625, 6.5)",0.2,0.5,['C0274']
e2397fde-5131-4043-9670-4bfff76a6abf,/W_DUMP_D,F.Cu,"(70.104, 6.5024)","(70.104, 4.165599)",1.0,2.3368009999999995,['C0274']
196f80fa-e21f-4366-9b39-7bbaa4227271,/H_DUMP_D,F.Cu,"(55.5, 52.4375)","(55.5, 52.9375)",0.6,0.5,['C0275']
33f1fa6d-cdff-4611-945a-231708a0223e,/H_DUMP_D,F.Cu,"(55.4736, 52.9336)","(60.6552, 52.9336)",1.0,5.181600000000003,['C0275']
3ae95368-2e5e-43e6-a75a-f2184f466547,/H_DUMP_D,F.Cu,"(65.0, 50.0)","(61.874399, 49.9872)",1.0,3.125627209249532,['C0276']
64865b57-8eee-4406-b184-76219a00abd2,/H_DUMP_D,B.Cu,"(61.874399, 51.7144)","(61.874399, 49.9872)",1.0,1.7271999999999963,[]
8669ebdd-585f-4587-b0cc-e1396cb38e1a,/H_DUMP_D,B.Cu,"(60.6552, 52.9336)","(61.874399, 51.7144)",1.0,1.7242084681386391,[]
0736359c-661e-4578-a6b5-8b9ededcda34,/W_REF,F.Cu,"(63.093599, 9.4488)","(63.451247, 9.806447)",0.2,0.5057899450493291,[]
440747c0-2890-4a6f-9c7c-871fd6ee595d,/W_REF,F.Cu,"(66.039999, 10.5664)","(65.6336, 10.16)",0.2,0.5747356846420746,[]
66295014-9d47-4ea3-82d7-3e5c07dbecc9,/W_REF,F.Cu,"(66.649599, 11.4808)","(66.039999, 10.8712)",0.2,0.8621045876226393,[]
6a3306fa-dc42-4871-9181-7a902d753929,/W_REF,F.Cu,"(58.5216, 12.5984)","(61.3664, 12.5984)",0.2,2.8447999999999993,['C0277']
6e5f3ff8-2f02-428d-a932-c22d2f5f01e2,/W_REF,F.Cu,"(63.398399, 14.6304)","(63.398399, 16.052799)",0.2,1.4223990000000004,[]
71aabb24-728c-4121-a5a3-02cc78eff70c,/W_REF,F.Cu,"(65.6336, 9.753599)","(65.6336, 10.16)",0.2,0.4064010000000007,[]
82f32b09-f1a5-48d8-b9ba-41eb7e55983d,/W_REF,F.Cu,"(63.8048, 16.4592)","(64.1096, 16.4592)",0.2,0.3048000000000002,[]
93dc37ef-9f9f-42e9-8bf4-7807d47bd271,/W_REF,F.Cu,"(66.039999, 10.8712)","(66.039999, 10.5664)",0.2,0.3048000000000002,[]
ab37dac7-691a-48a9-9321-29708c9d45da,/W_REF,F.Cu,"(61.3664, 12.5984)","(63.398399, 14.6304)",0.2,2.873681251635434,[]
c37754f0-e6ac-442e-9780-b48ac20f5c39,/W_REF,F.Cu,"(63.451247, 9.806447)","(63.451247, 10.513552)",0.2,0.7071050000000003,[]
d485bc51-cf8c-4be9-b781-cdbd089dbde1,/W_REF,F.Cu,"(58.5216, 12.5984)","(59.639199, 11.4808)",0.2,1.5805243702015463,['C0277']
f296054f-8729-41f4-be19-02120f91fb72,/W_REF,F.Cu,"(63.451247, 10.513552)","(61.3664, 12.5984)",0.2,2.948419609979728,[]
f6c12b51-e624-4402-8bb6-007483ced1cc,/W_REF,F.Cu,"(63.398399, 16.052799)","(63.8048, 16.4592)",0.2,0.5747378059619892,[]
fd227e12-fd73-42c2-a383-64454219be0d,/W_REF,F.Cu,"(59.639199, 11.4808)","(59.639199, 9.9568)",0.2,1.524000000000001,[]
01507c83-ec8f-47b6-be17-11b32bb5af35,/W_REF,B.Cu,"(63.093599, 9.4488)","(63.703199, 10.058399)",0.2,0.8621038805161473,[]
65284d74-c492-4dcf-8e36-a67216b521d9,/W_REF,B.Cu,"(63.703199, 10.058399)","(65.3288, 10.058399)",0.2,1.6256010000000032,[]
7ea5ecd0-9395-434b-bb3e-239f830e55f3,/W_REF,B.Cu,"(65.3288, 10.058399)","(65.6336, 9.753599)",0.2,0.43105229381131965,[]
02ba0947-df59-4ea9-8c0f-b506dcc0db02,/FAULT_N,F.Cu,"(60.452, 22.148799)","(59.5376, 23.0632)",0.2,1.2931575885409317,[]
1cf29296-d4b9-4137-a32a-1f0b4329b321,/FAULT_N,F.Cu,"(67.475, 33.8582)","(69.2658, 33.8582)",0.2,1.7908000000000044,[]
336257f4-dce3-4465-bbc5-6caf4c4e6b0d,/FAULT_N,F.Cu,"(61.7728, 16.256)","(60.452, 17.5768)",0.2,1.8678932731823819,[]
465eb919-3911-4854-b474-a254523406de,/FAULT_N,F.Cu,"(62.3824, 16.256)","(61.7728, 16.256)",0.2,0.6096000000000004,[]
486948b0-a72a-40ca-8cc5-a836fff924bd,/FAULT_N,F.Cu,"(60.452, 17.5768)","(60.452, 22.148799)",0.2,4.571999000000002,[]
58a267cd-e08b-456e-b5bd-fced25681b9e,/FAULT_N,F.Cu,"(59.5376, 23.0632)","(59.5376, 24.2824)",0.2,1.2192000000000007,[]
7d0ead46-880f-4227-9f75-12cf9e6fc80d,/FAULT_N,F.Cu,"(62.788799, 16.662399)","(62.3824, 16.256)",0.2,0.574734977534864,[]
94370a07-1cbe-4471-8784-3330726059aa,/FAULT_N,F.Cu,"(66.6242, 16.475)","(66.6242, 18.2626)",0.2,1.7875999999999976,[]
a3fa8ca9-5153-481a-8704-7388cf51e809,/FAULT_N,F.Cu,"(63.093599, 18.4912)","(62.788799, 18.1864)",0.2,0.43105229381131965,[]
d3066538-fc95-4d35-8035-ba789ecea019,/FAULT_N,F.Cu,"(44.5, 30.988)","(47.1932, 30.988)",0.2,2.6931999999999974,[]
d68f6b73-c220-47cf-8de9-889f52b24467,/FAULT_N,F.Cu,"(62.788799, 18.1864)","(62.788799, 16.662399)",0.2,1.5240009999999984,[]
186e45d1-2c6b-4688-857e-c488ded20169,/FAULT_N,B.Cu,"(56.6928, 27.1272)","(50.0888, 27.1272)",0.2,6.603999999999999,[]
3b0f4b6e-e563-466c-a6ca-b5197609835f,/FAULT_N,B.Cu,"(50.0888, 27.1272)","(49.5808, 26.6192)",0.2,0.7184204896855285,[]
3b9cb696-3725-4668-9992-0e4e2b091145,/FAULT_N,B.Cu,"(64.7192, 20.116799)","(63.093599, 18.4912)",0.2,2.298945566994141,[]
3c1459b5-418e-4215-8f4a-74f4a9f71109,/FAULT_N,B.Cu,"(46.837599, 30.6832)","(47.142399, 30.988)",0.2,0.43105229381131965,['C0278']
5e33e18b-74e1-4fea-a47d-815062b4fc55,/FAULT_N,B.Cu,"(49.712, 30.988)","(47.1932, 30.988)",0.2,2.518800000000006,['C0278']
66808211-bcd8-41e8-9721-a9522c6f544b,/FAULT_N,B.Cu,"(68.4658, 29.7)","(61.5, 29.7)",0.2,6.9658000000000015,[]
7f03e24f-2f79-410d-ac09-9c64a9eeff93,/FAULT_N,B.Cu,"(61.0, 30.2)","(50.5, 30.2)",0.2,10.5,[]
965ce78f-c1bf-4405-9742-e627c95ab6a5,/FAULT_N,B.Cu,"(50.5, 30.2)","(49.712, 30.988)",0.2,1.1144002871499967,[]
a9e948b6-60be-459d-a60f-e6e33eaa604e,/FAULT_N,B.Cu,"(48.666399, 26.6192)","(46.837599, 28.448)",0.2,2.586313762867918,[]
ab11874c-d3e7-45ba-9d82-5a6d323112d2,/FAULT_N,B.Cu,"(59.5376, 24.2824)","(56.6928, 27.1272)",0.2,4.02315474223898,[]
b1ca66b5-c62d-4777-b62d-b8fa362c7436,/FAULT_N,B.Cu,"(46.837599, 28.448)","(46.837599, 30.6832)",0.2,2.235199999999999,[]
b1e8dcd1-5d0f-4c43-bdf7-7cde28c144bc,/FAULT_N,B.Cu,"(49.5808, 26.6192)","(48.666399, 26.6192)",0.2,0.9144010000000051,[]
d134cbaf-4309-48ee-a56f-7cd65e383cc9,/FAULT_N,B.Cu,"(61.5, 29.7)","(61.0, 30.2)",0.2,0.7071067811865476,[]
ddc24603-87c6-4a7b-87c3-65e79d4ca28f,/FAULT_N,B.Cu,"(66.4464, 20.0152)","(66.344799, 20.116799)",0.2,0.14368409794406795,"['C0279', 'C0281', 'C0282']"
e34be0c0-eb2b-4d16-8642-7abc64a3c392,/FAULT_N,B.Cu,"(66.6242, 18.2626)","(66.4464, 20.0152)",0.2,1.761595753855011,"['C0280', 'C0281', 'C0283']"
e8c47e53-88b5-4794-a878-b5c3df39b6ed,/FAULT_N,B.Cu,"(69.2658, 30.5)","(68.4658, 29.7)",0.2,1.1313708498984745,[]
eecdac62-b268-4abf-a39a-b50e058c73ca,/FAULT_N,B.Cu,"(66.344799, 20.116799)","(64.7192, 20.116799)",0.2,1.625598999999994,"['C0282', 'C0283']"
f71914a2-2953-4f0d-859a-dec11dd6d32d,/FAULT_N,B.Cu,"(69.2658, 33.8582)","(69.2658, 30.5)",0.2,3.3581999999999965,[]
07b8de16-f2fb-4121-ac46-e8cf46e930ef,/H6_IN,F.Cu,"(45.0088, 49.9872)","(45.974, 49.022)",1.0,1.3649989304025105,[]
159109f0-c3d4-4338-875d-b83cf1a2fbc8,/H6_IN,F.Cu,"(48.1584, 45.059599)","(47.3964, 44.297599)",1.0,1.0776307345282992,[]
20861aa4-64f8-419a-9461-4e05d150d6a1,/H6_IN,F.Cu,"(48.1584, 48.666399)","(48.1584, 45.059599)",1.0,3.6068,[]
21df7c5a-88af-4ed4-9fd8-2591dcc6a23c,/H6_IN,F.Cu,"(36.0, 38.4)","(36.0, 39.05)",0.2,0.6499999999999986,['C0284']
4d71f7b9-49d0-4dd7-aff5-338de1368b0b,/H6_IN,F.Cu,"(45.974, 49.022)","(47.8028, 49.022)",1.0,1.828800000000001,[]
623a2ff0-4778-412b-bd59-76b1e427fb23,/H6_IN,F.Cu,"(47.8028, 49.022)","(48.1584, 48.666399)",1.0,0.5028950498871527,[]
908c7005-3347-4da9-800e-4206e96933e0,/H6_IN,F.Cu,"(42.1132, 44.297599)","(36.8808, 39.0652)",1.0,7.399730336654235,[]
9b27e1ec-a5da-48c9-856d-761b629979eb,/H6_IN,F.Cu,"(47.3964, 44.297599)","(42.1132, 44.297599)",1.0,5.283200000000001,[]
a8513ff1-f568-4754-9efb-e1f879200202,/H6_IN,F.Cu,"(36.8808, 39.0652)","(36.017199, 39.0652)",1.0,0.8636010000000027,['C0284']
0aa2d2bd-b4c4-4418-abc8-a2bd395e8dcf,/H_REF,F.Cu,"(65.024, 37.388799)","(66.548, 37.6936)",0.2,1.554181343859527,['C0285']
28e8cf0b-6c12-4ae2-bd88-ea2fad677c17,/H_REF,F.Cu,"(60.1472, 29.8704)","(69.6976, 29.8704)",0.2,9.550399999999996,[]
2ad44592-f5a4-4e05-ab30-9c3ce15edba1,/H_REF,F.Cu,"(59.4375, 32.95)","(59.9375, 32.95)",0.2,0.5,"['C0288', 'C0293']"
4853fef5-a7ba-43c7-a31f-2d7234c420bb,/H_REF,F.Cu,"(61.874399, 33.7312)","(61.976, 33.8328)",0.2,0.14368480504562753,"['C0286', 'C0289', 'C0292']"
4c24ac09-ac40-4f2b-b0ee-7a197e8266cd,/H_REF,F.Cu,"(70.815199, 34.6456)","(70.815199, 35.4584)",0.2,0.8127999999999957,[]
5dd33b03-f675-4049-987d-d5d70cc2eab1,/H_REF,F.Cu,"(67.6656, 36.576)","(67.4624, 36.3728)",0.2,0.2873681958742114,['C0291']
79e905fd-792d-4634-97d2-6605033f6c48,/H_REF,F.Cu,"(59.4375, 31.05)","(59.9375, 31.05)",0.2,0.5,[]
8fb295fc-836a-41a7-bd96-81fdebb08b25,/H_REF,F.Cu,"(59.4375, 29.112499)","(58.825, 28.5)",0.2,0.866205099847026,['C0290']
945a871f-4932-4e5f-b249-7acadd356e71,/H_REF,F.Cu,"(71.729599, 33.7312)","(70.815199, 34.6456)",0.2,1.293156881433949,[]
9e80e96f-4b88-41c7-b865-f16409e0745a,/H_REF,F.Cu,"(60.1472, 29.8704)","(59.4375, 32.95)",0.2,3.1603180615248228,"['C0287', 'C0293']"
9ed2454c-dfd5-4bfa-af1b-7914c9c75577,/H_REF,F.Cu,"(59.943999, 32.9184)","(60.6552, 32.2072)",0.2,1.0057893926667756,['C0288']
a54e64a7-271d-46de-9eec-ed329fcb9716,/H_REF,F.Cu,"(62.525, 33.865)","(62.025, 33.865)",0.2,0.5,['C0289']
bffbd910-a0c0-4cf3-9fde-96df6b42ca49,/H_REF,F.Cu,"(60.1472, 29.8704)","(59.436, 29.1592)",0.2,1.005788685559745,['C0290']
c03f6ee4-439a-4acb-8325-584ea9b47354,/H_REF,F.Cu,"(66.548, 37.6936)","(67.6656, 36.576)",0.2,1.5805250773081703,[]
f0323cf0-a01d-46ae-b701-d2a65cbd7eb9,/H_REF,F.Cu,"(67.475, 36.405)","(67.975, 36.405)",0.2,0.5,['C0291']
fb9d06bc-ad6c-4db1-8e80-b9dd9c8b0f1f,/H_REF,F.Cu,"(60.6552, 34.9504)","(61.874399, 33.7312)",0.2,1.7242084681386391,['C0292']
3f0003be-10e6-4308-acb2-7fc62fc469a0,/H_REF,B.Cu,"(71.729599, 33.7312)","(71.729599, 31.902399)",0.2,1.8288010000000021,[]
41e18ec0-664f-48fd-97a6-74707acdc58e,/H_REF,B.Cu,"(70.0024, 35.864799)","(68.2752, 35.864799)",0.2,1.7271999999999963,[]
442169a5-a629-4750-b92e-bdcc9fa04c0d,/H_REF,B.Cu,"(70.4088, 35.4584)","(70.0024, 35.864799)",0.2,0.5747356846420834,[]
60ba62af-fb25-4b48-b196-54cbb51a7a4b,/H_REF,B.Cu,"(71.729599, 31.902399)","(69.6976, 29.8704)",0.2,2.8736805445285656,[]
7c700ef1-e3cc-43ee-8b5a-904bce272dde,/H_REF,B.Cu,"(70.815199, 35.4584)","(70.4088, 35.4584)",0.2,0.4063990000000075,[]
a296e368-1f5e-48fe-8e5b-040ab48972bd,/H_REF,B.Cu,"(60.6552, 32.2072)","(60.6552, 34.9504)",0.2,2.7432000000000016,[]
e04ee28c-9a6e-4e15-85c8-c3c65e2492aa,/H_REF,B.Cu,"(68.2752, 35.864799)","(66.7512, 37.388799)",0.2,2.1552614690565983,[]
f48d3935-72fd-4bdc-b348-31cbc5ef7d2c,/H_REF,B.Cu,"(66.7512, 37.388799)","(65.024, 37.388799)",0.2,1.7271999999999963,[]
164446d7-3b2a-48fb-9d06-2fa3f79d8548,/H_GATE_LOW,F.Cu,"(55.9816, 35.052)","(53.9496, 33.019999)",0.2,2.8736826658490005,['C0295']
25caa5fd-d24c-4684-a7d3-cafe359abf8c,/H_GATE_LOW,F.Cu,"(48.768, 40.0304)","(49.784, 39.014399)",0.2,1.4368416864780205,['C0294']
35f44dcf-6744-45a9-bee8-4d6281684cb2,/H_GATE_LOW,F.Cu,"(49.325, 39.0)","(49.825, 39.0)",0.2,0.5,['C0294']
d33c1daf-da75-49f1-94dc-ab61116cbcdd,/H_GATE_LOW,F.Cu,"(56.0, 35.0625)","(56.0, 34.5625)",0.2,0.5,['C0295']
013a57a5-5816-4b3c-bfb3-5170600f6642,/H_GATE_LOW,B.Cu,"(48.4632, 31.9024)","(48.361599, 32.003999)",0.2,0.14368409794406795,"['C0296', 'C0297', 'C0298']"
2cad5ca0-c295-458c-8e78-87973223ee77,/H_GATE_LOW,B.Cu,"(49.0728, 38.5064)","(49.0728, 39.7256)",0.2,1.2192000000000007,[]
7f3aa81a-993a-4fcf-96be-32340ce9ed1a,/H_GATE_LOW,B.Cu,"(53.9496, 33.019999)","(53.9496, 32.4024)",0.2,0.6175989999999985,[]
80b199e7-5aec-44d7-9f73-afc6c6ef69c0,/H_GATE_LOW,B.Cu,"(53.6448, 32.715199)","(53.6448, 32.105599)",0.2,0.6096000000000004,[]
a174f0ef-172e-44b9-9d75-0eb0a92e496d,/H_GATE_LOW,B.Cu,"(48.4632, 31.9024)","(53.4496, 31.9024)",0.2,4.986399999999996,"['C0297', 'C0299']"
b6ceabab-7127-4c9c-b27c-4071fdd2fa11,/H_GATE_LOW,B.Cu,"(48.361599, 37.7952)","(49.0728, 38.5064)",0.2,1.0057893926667756,[]
ddd58d00-7f8b-45f0-8df1-d3dc9a1648f9,/H_GATE_LOW,B.Cu,"(49.0728, 39.7256)","(48.768, 40.0304)",0.2,0.43105229381131965,[]
f060a467-cee8-4cb9-9ba1-56834f33d70d,/H_GATE_LOW,B.Cu,"(48.361599, 32.003999)","(48.361599, 37.7952)",0.2,5.791201000000001,"['C0298', 'C0299']"
f84fc019-5b42-46e7-af7d-d171b3c4afc4,/H_GATE_LOW,B.Cu,"(53.9496, 32.4024)","(53.4496, 31.9024)",0.2,0.7071067811865476,[]
291d70bf-1aa7-4b23-8cdc-6a50c34ed883,/KELVIN_P,F.Cu,"(31.55, 17.0)","(31.55, 18.95)",0.381,1.9499999999999993,[]
2d5f9162-29c9-4939-9c62-5fc9509825a5,/KELVIN_P,F.Cu,"(31.05, 16.5)","(31.55, 17.0)",0.381,0.7071067811865476,[]
a2795495-532c-41e4-8d80-0b3521227804,/KELVIN_P,F.Cu,"(31.55, 18.95)","(32.049999, 19.45)",0.381,0.7071060740801192,[]
c69f93f5-8ae9-49d0-9174-d1cc8e992782,/KELVIN_P,F.Cu,"(32.049999, 19.45)","(32.862499, 19.45)",0.381,0.8125,[]
d4e50cdf-3553-4282-a7f0-778e2ba088fa,/KELVIN_P,F.Cu,"(30.825, 16.5)","(31.05, 16.5)",0.381,0.22500000000000142,['C0300']
4c275555-5cbb-4285-af26-997282e32ef1,/H_PRE,F.Cu,"(49.825, 29.5)","(50.325, 29.5)",0.2,0.5,[]
509db4ed-fc47-42be-8f12-7058fc987473,/H_PRE,F.Cu,"(50.3936, 30.988)","(50.3936, 25.7048)",1.0,5.283200000000001,['C0302']
5cce49d7-f200-4a0e-b144-c83354687220,/H_PRE,F.Cu,"(38.5064, 30.8864)","(36.068, 30.8864)",1.0,2.4384000000000015,"['C0301', 'C0304']"
696904ff-04c2-45aa-96f2-5da134ae045d,/H_PRE,F.Cu,"(40.0, 29.3928)","(38.5064, 30.8864)",1.0,2.1122693767604535,[]
8aa2e289-703c-4b8e-aa76-d69710b65808,/H_PRE,F.Cu,"(36.0, 31.6)","(36.0, 30.95)",0.2,0.6500000000000021,"['C0301', 'C0305']"
8afbf470-b6e8-4dc4-a949-fa88efb41cfd,/H_PRE,F.Cu,"(51.635, 30.625)","(51.635, 31.525)",0.6,0.8999999999999986,[]
8e4da79b-4d89-4973-9ca5-dc4341fdee41,/H_PRE,F.Cu,"(50.365, 30.625)","(50.365, 31.525)",0.6,0.8999999999999986,['C0302']
9e6b03cf-e7f8-4224-b715-86b259f35231,/H_PRE,F.Cu,"(50.365, 30.625)","(52.905, 30.625)",1.2,2.539999999999999,[]
ba200aab-07af-4870-a1a7-fb2af129b8e9,/H_PRE,F.Cu,"(40.0, 28.549599)","(40.0, 29.3928)",1.0,0.8432010000000005,[]
c1d53a74-d05a-4ae8-83b0-586e776a8f71,/H_PRE,F.Cu,"(36.068, 30.8864)","(35.9664, 30.988)",1.0,0.1436840979371057,"['C0303', 'C0304', 'C0305']"
c3b86f77-eb95-49c6-aea7-821c295a4e09,/H_PRE,F.Cu,"(52.905, 30.625)","(52.905, 31.525)",0.6,0.8999999999999986,[]
cdec2d41-4a4f-420a-9672-ea36e680acc0,/H_PRE,F.Cu,"(50.3936, 25.7048)","(49.1744, 24.485599)",1.0,1.724209882352203,[]
2d6bb1b7-9b0f-4efc-8751-f5ce2907c54a,/H_PRE,B.Cu,"(42.8752, 22.6568)","(40.0, 25.532)",1.0,4.066146834535123,[]
325047d7-4a30-42b2-9545-529c5e9609e2,/H_PRE,B.Cu,"(48.971199, 24.2824)","(48.971199, 22.9616)",1.0,1.3207999999999984,[]
4cdc5f63-75d9-4bff-9a4d-99ede6c6ba33,/H_PRE,B.Cu,"(48.971199, 22.9616)","(48.666399, 22.6568)",1.0,0.43105229381131965,[]
9b231ce3-f27a-4a6f-849a-717bebed8c17,/H_PRE,B.Cu,"(40.0, 25.532)","(40.0, 28.549599)",1.0,3.0175990000000006,[]
bc5b6fd4-690d-472e-b789-6810643cde7b,/H_PRE,B.Cu,"(48.666399, 22.6568)","(42.8752, 22.6568)",1.0,5.791198999999999,[]
c0dd6d44-6333-4b0c-b52a-6ca40b6e6728,/H_PRE,B.Cu,"(49.1744, 24.485599)","(48.971199, 24.2824)",1.0,0.2873681958776938,[]
06593d68-4f8b-4bde-8543-63147fd731e0,/H_GATE,F.Cu,"(48.666399, 31.9024)","(48.4632, 31.9024)",0.2,0.2031989999999979,['C0306']
2bc59ab1-ccd6-4a3e-a020-9164fe4e9a20,/H_GATE,F.Cu,"(49.095, 31.525)","(49.095, 31.025)",0.2,0.5,['C0307']
2edd6ff8-4f64-43bc-be0e-dbc170a52367,/H_GATE,F.Cu,"(47.9552, 32.410399)","(47.9552, 34.9504)",0.2,2.5400010000000037,[]
39dc312a-9701-4420-8ca7-44ce5a1e4951,/H_GATE,F.Cu,"(48.26, 35.2552)","(48.26, 36.9824)",0.2,1.7271999999999963,[]
517b7dcb-f03a-4bad-a86f-4edcfcfc59fb,/H_GATE,F.Cu,"(48.4632, 31.9024)","(47.9552, 32.410399)",0.2,0.7184197825790997,[]
5fb4131c-f61d-42c4-887d-39f791939081,/H_GATE,F.Cu,"(49.0728, 31.496)","(48.666399, 31.9024)",0.2,0.5747370988556447,['C0307']
664c4561-a7f6-48a2-98b1-414ae59f3c8e,/H_GATE,F.Cu,"(47.5488, 38.9128)","(47.6504, 39.014399)",0.2,0.14368339083206375,"['C0308', 'C0309']"
7aeda638-e7af-4485-afa5-bb04f480dc2c,/H_GATE,F.Cu,"(47.5488, 37.6936)","(47.5488, 38.9128)",0.2,1.2191999999999936,['C0309']
aa8710cd-4eed-4d35-964a-3f114a1c3ced,/H_GATE,F.Cu,"(49.095, 31.025)","(48.175, 30.104999)",0.2,1.3010771844902214,[]
b72409f7-866b-4c50-bcb4-e55e092b1ccd,/H_GATE,F.Cu,"(48.26, 36.9824)","(47.5488, 37.6936)",0.2,1.0057886855597475,[]
b9300270-91a9-43fb-aa7e-17ae080f21bc,/H_GATE,F.Cu,"(47.9552, 34.9504)","(48.26, 35.2552)",0.2,0.43105229381131965,[]
f7772fca-a4a2-4a54-a799-a7e0ff6fad4a,/H_GATE,F.Cu,"(48.175, 30.104999)","(48.175, 29.5)",0.2,0.6049989999999994,[]
3866a93a-2b8c-4998-8e27-3d4cd780c0c6,/C5_EN,F.Cu,"(35.311599, 44.5)","(36.5, 44.5)",0.2,1.188400999999999,[]
9198b031-5db4-4a31-a188-b212341b6201,/C5_EN,F.Cu,"(27.5336, 40.7416)","(26.8224, 40.0304)",0.2,1.005788685559745,['C0310']
a25b1d45-f659-4fd6-8ca3-0599d7e50c75,/C5_EN,F.Cu,"(32.8168, 42.005201)","(35.311599, 44.5)",0.2,3.528178581194836,[]
a5b39915-91f0-4d9a-97e0-868df45b4382,/C5_EN,F.Cu,"(28.3464, 40.2416)","(28.3464, 38.3032)",0.2,1.9384000000000015,[]
bd23d8c4-bd73-425a-b164-23bc23a2eabd,/C5_EN,F.Cu,"(27.5336, 40.7416)","(27.846401, 40.7416)",0.2,0.31280100000000033,[]
da3ddb37-b6f1-42fe-854d-576d0c301436,/C5_EN,F.Cu,"(32.8168, 41.148)","(32.8168, 42.005201)",0.2,0.8572009999999963,[]
dd3715ec-94e1-4485-8b24-cc34b8e0986d,/C5_EN,F.Cu,"(26.35, 40.0)","(26.85, 40.0)",0.2,0.5,['C0310']
eb105a6d-f6ca-4b2e-aa31-b25ad7597d60,/C5_EN,F.Cu,"(27.846401, 40.7416)","(28.3464, 40.2416)",0.2,0.7071060740801192,[]
58a7b959-3e3b-4644-95d7-674235579df2,/C5_EN,B.Cu,"(29.057599, 33.8328)","(28.3464, 34.544)",0.2,1.0057879784532118,[]
68824630-01c3-4863-b668-d25ffc88aca2,/C5_EN,B.Cu,"(32.003999, 33.9344)","(31.9024, 33.8328)",0.2,0.14368339083206375,"['C0311', 'C0312', 'C0313']"
a4ec1c9a-2e04-458a-92fd-93362459f18f,/C5_EN,B.Cu,"(32.003999, 40.3352)","(32.8168, 41.148)",0.2,1.1494734906038526,[]
ae3c7409-d2a8-4bb1-8e6d-301b1bc795f8,/C5_EN,B.Cu,"(31.9024, 33.8328)","(29.057599, 33.8328)",0.2,2.8448010000000004,"['C0312', 'C0314']"
ea277773-5101-4a61-aa41-b1d38146912b,/C5_EN,B.Cu,"(28.3464, 34.544)","(28.3464, 38.3032)",0.2,3.7592,[]
ecd5f009-6422-4e7d-b6b5-f0f4f497138b,/C5_EN,B.Cu,"(32.003999, 40.3352)","(32.003999, 33.9344)",0.2,6.400800000000004,"['C0313', 'C0314']"
165c45f8-6373-4187-af61-5c2eb7527663,/H_SENSE,F.Cu,"(58.0136, 34.4424)","(58.269647, 34.186352)",0.2,0.36210584711241695,[]
35cf68fe-2bd3-47be-bc15-689c3f4ef9df,/H_SENSE,F.Cu,"(59.7408, 39.4208)","(59.1312, 39.4208)",0.2,0.6096000000000004,[]
370ea961-64c6-4c1e-8e15-3313e191bc8e,/H_SENSE,F.Cu,"(58.269647, 34.186352)","(58.976752, 34.186352)",0.2,0.7071049999999985,[]
5b6c8993-de18-4c38-a964-c9db0945f1ad,/H_SENSE,F.Cu,"(61.874399, 39.7256)","(62.788799, 38.8112)",0.2,1.293156881433959,[]
5bfe844c-e844-4659-a65e-48985ec50b7e,/H_SENSE,F.Cu,"(61.7914, 35.135)","(60.96, 35.9664)",0.2,1.1757771557569943,[]
625f40af-19ca-4b53-b50d-eb9778bf4657,/H_SENSE,F.Cu,"(58.976752, 34.186352)","(59.436, 34.6456)",0.2,0.6494747500927225,[]
668de7f6-dd25-4a43-8d61-bc606ff7c2d3,/H_SENSE,F.Cu,"(59.1312, 39.4208)","(58.0136, 38.3032)",0.2,1.5805250773081754,[]
6756021c-03e8-4abe-828c-3645c68e0496,/H_SENSE,F.Cu,"(62.825, 38.5)","(65.675, 38.5)",0.2,2.8499999999999943,"['C0317', 'C0318', 'C0321']"
6fa424f0-9025-4247-b985-909d4b1a0a78,/H_SENSE,F.Cu,"(62.3824, 31.5976)","(64.1096, 31.5976)",0.2,1.7272000000000034,[]
7f412208-909e-43b0-ab35-2865df282e17,/H_SENSE,F.Cu,"(60.2, 39.2)","(59.943999, 39.2176)",0.2,0.25660528443701675,['C0315']
8828f9fb-7e28-4563-8211-87c7a5b0ccef,/H_SENSE,F.Cu,"(59.436, 34.6456)","(59.639199, 34.6456)",0.2,0.2031989999999979,['C0316']
966eaaba-76a9-4abc-b859-0e83483b00ec,/H_SENSE,F.Cu,"(59.943999, 39.2176)","(59.7408, 39.4208)",0.2,0.287367488768302,[]
9842737d-91c4-426b-9a0f-d2b7703cadf2,/H_SENSE,F.Cu,"(62.788799, 38.5064)","(65.6336, 38.5064)",0.2,2.844801000000004,"['C0317', 'C0318']"
99b90d58-088f-40e4-bae8-ece41f198a10,/H_SENSE,F.Cu,"(60.6552, 39.7256)","(61.874399, 39.7256)",0.2,1.2191989999999961,['C0320']
9cd1c3e6-fa58-44b1-9288-d49074a0325c,/H_SENSE,F.Cu,"(64.820799, 30.8864)","(64.820799, 30.6832)",0.2,0.20319999999999894,['C0319']
9fab25d3-a913-49a1-8918-33eb4abe9c03,/H_SENSE,F.Cu,"(59.639199, 34.6456)","(59.943999, 34.9504)",0.2,0.43105229381131965,[]
b5a4a905-8d76-4a18-994b-0050137f65b4,/H_SENSE,F.Cu,"(60.7, 39.7)","(60.2, 39.2)",0.2,0.7071067811865476,['C0320']
b6c3c67d-c729-46a1-96ef-b95ba8e156ef,/H_SENSE,F.Cu,"(64.1096, 31.5976)","(64.820799, 30.8864)",0.2,1.005787978453209,[]
b7542ea3-36a1-4005-934d-985f149c18bb,/H_SENSE,F.Cu,"(62.525, 35.135)","(61.7914, 35.135)",0.2,0.7335999999999956,[]
bccf41b8-f39b-47db-aee1-409ca962a33e,/H_SENSE,F.Cu,"(58.0136, 38.3032)","(58.0136, 34.4424)",0.2,3.8607999999999976,[]
bf20ec6a-95bc-458a-82a2-1f00e6a756a3,/H_SENSE,F.Cu,"(59.943999, 35.2552)","(60.6552, 35.9664)",0.2,1.0057893926667756,[]
c4f533a2-76f0-4704-9442-d6b814543245,/H_SENSE,F.Cu,"(59.943999, 34.9504)","(59.943999, 35.2552)",0.2,0.3048000000000002,[]
ce693862-553a-4791-b86f-60871edb1668,/H_SENSE,F.Cu,"(60.6552, 35.9664)","(60.96, 35.9664)",0.2,0.3048000000000002,[]
e284d4eb-85ab-4c79-80d1-fa586cb09a5d,/H_SENSE,F.Cu,"(62.788799, 38.8112)","(62.788799, 38.5064)",0.2,0.3048000000000002,['C0321']
3e43d49b-affd-414c-b43a-500b55712320,/H_SENSE,B.Cu,"(60.6552, 35.9664)","(60.96, 35.9664)",0.2,0.3048000000000002,[]
91d7e392-880e-4754-9f91-a3fec5fef8c4,/H_SENSE,B.Cu,"(59.639199, 34.6456)","(59.943999, 34.9504)",0.2,0.43105229381131965,[]
bcd2c3c2-f551-45d3-a32d-7340732864da,/H_SENSE,B.Cu,"(59.943999, 35.2552)","(60.6552, 35.9664)",0.2,1.0057893926667756,[]
cffbbf87-36da-426a-98da-56740f442e70,/H_SENSE,B.Cu,"(62.3824, 34.544)","(62.3824, 31.5976)",0.2,2.946399999999997,[]
e113ba3c-461f-49ae-94a6-3297ef32bf27,/H_SENSE,B.Cu,"(60.96, 35.9664)","(62.3824, 34.544)",0.2,2.01157737111949,[]
e24fcd80-d64a-47b2-b2d0-8fb218c90509,/H_SENSE,B.Cu,"(59.943999, 34.9504)","(59.943999, 35.2552)",0.2,0.3048000000000002,[]
0a4ce591-4d55-4459-9b06-6f9f25483404,/W_GATE,F.Cu,"(45.0088, 19.304)","(45.211999, 19.1008)",0.2,0.2873674887682995,[]
2eb5cd70-b7a3-4852-9060-34ba8c4cc16e,/W_GATE,F.Cu,"(48.26, 16.256)","(49.9872, 14.528799)",0.2,2.4426303720376965,"['C0322', 'C0324']"
3db130b0-3f72-44fb-8cb0-c2f21ed77953,/W_GATE,F.Cu,"(46.736, 19.507199)","(47.0408, 19.507199)",0.2,0.3048000000000002,['C0326']
52cb1e9f-c5bb-4d72-a401-7654fe9b3cd9,/W_GATE,F.Cu,"(49.9872, 14.4272)","(50.4952, 14.4272)",0.2,0.5079999999999956,"['C0322', 'C0325']"
a3d43b1a-2445-428f-938f-ba956f67294f,/W_GATE,F.Cu,"(46.837599, 19.304)","(46.532799, 19.304)",0.2,0.3048000000000002,[]
ae527b3d-ab80-46da-894e-a38063eb28f6,/W_GATE,F.Cu,"(46.3296, 19.1008)","(46.736, 19.507199)",0.2,0.5747356846420784,[]
aee5e80d-c753-4889-ac02-8b3e0ec8ea3e,/W_GATE,F.Cu,"(45.211999, 19.1008)","(46.3296, 19.1008)",0.2,1.1176010000000005,[]
e099d163-ba02-4e66-9eca-43319fe6e368,/W_GATE,F.Cu,"(47.0408, 19.507199)","(46.837599, 19.304)",0.2,0.2873681958776938,['C0326']
e6be3404-fc77-45eb-b9b8-93af358476a9,/W_GATE,F.Cu,"(49.9872, 14.528799)","(49.9872, 14.4272)",0.2,0.10159900000000022,"['C0323', 'C0324', 'C0325']"
04d89a85-7650-4a2d-ac3c-936977dfc427,/W_GATE,B.Cu,"(47.751999, 16.764)","(48.26, 16.256)",0.2,0.7184211967926609,[]
17f78da5-9982-419a-b511-6c4c1b03e466,/W_GATE,B.Cu,"(46.9392, 16.764)","(47.751999, 16.764)",0.2,0.8127989999999983,[]
8fa15859-4761-4ae8-a86d-984d564eac3a,/W_GATE,B.Cu,"(46.0248, 18.796)","(46.0248, 17.6784)",0.2,1.1175999999999995,[]
d072a5c1-e75f-41d4-914b-1cc2dd378669,/W_GATE,B.Cu,"(46.0248, 17.6784)","(46.9392, 16.764)",0.2,1.293156881433959,[]
d83d526b-e13d-49f3-8540-dfee473dfe00,/W_GATE_LOW,F.Cu,"(45.0088, 17.6784)","(42.3672, 17.6784)",0.2,2.641600000000004,[]
e67d7ae3-4f06-46cd-af24-4ddc21be2d03,/W_GATE_LOW,F.Cu,"(42.3672, 17.6784)","(41.9608, 18.084799)",0.2,0.5747356846420784,[]
0003bdcb-406d-4732-9d45-dc8fd2c31581,/CURRENT_ADC,F.Cu,"(55.7784, 8.636)","(54.7624, 9.652)",0.2,1.4368409793710633,[]
07e2be11-103a-4947-ae12-ddce921ef1bc,/CURRENT_ADC,F.Cu,"(32.8168, 17.5768)","(33.019999, 17.3736)",0.2,0.2873674887682995,[]
1aedc13d-dad0-4c08-abf7-c54f95182570,/CURRENT_ADC,F.Cu,"(72.339199, 46.3296)","(75.9968, 46.3296)",0.2,3.6576009999999997,[]
265b4954-da33-4160-91b4-b99d7b404661,/CURRENT_ADC,F.Cu,"(44.5, 39.0)","(46.0866, 39.0)",0.2,1.5865999999999971,[]
2ad45450-e94b-4070-98e2-e1ac3556daab,/CURRENT_ADC,F.Cu,"(46.0866, 39.0)","(48.4886, 41.402)",0.2,3.396940976820176,['C0327']
33099df2-d305-40ae-91a3-3363028f086f,/CURRENT_ADC,F.Cu,"(33.019999, 16.9672)","(33.4264, 16.5608)",0.2,0.5747370988556423,[]
43fa758c-9162-4176-86e3-24dccabe9d34,/CURRENT_ADC,F.Cu,"(54.7624, 9.652)","(48.5648, 9.652)",0.2,6.197600000000001,[]
48b79208-f790-4cbe-b877-654db7bfa099,/CURRENT_ADC,F.Cu,"(48.5648, 9.652)","(47.9552, 10.2616)",0.2,0.8621045876226393,[]
48f4ac90-fc9a-4484-9db4-fb9da2fcdaf5,/CURRENT_ADC,F.Cu,"(39.8272, 15.849599)","(39.8272, 16.8656)",0.2,1.016001000000001,[]
49319c82-4b8b-4bf3-9891-f3c062f3ae3d,/CURRENT_ADC,F.Cu,"(78.638399, 10.3632)","(70.3072, 2.032)",0.2,11.782095323735978,[]
5fde945a-a3fe-4e56-bc5d-6b0c5ee5c79e,/CURRENT_ADC,F.Cu,"(39.5224, 17.1704)","(39.5224, 19.6088)",0.2,2.438399999999998,[]
65bb7a61-b18b-4f5e-abd4-650d4fd0f474,/CURRENT_ADC,F.Cu,"(61.163199, 46.1264)","(72.136, 46.1264)",0.2,10.972800999999997,[]
6b297b19-66a2-413e-bede-17e9cb7ad296,/CURRENT_ADC,F.Cu,"(55.7784, 4.064)","(55.7784, 8.636)",0.2,4.571999999999999,[]
83e290d6-d6e1-4293-add1-3157a8fa75d2,/CURRENT_ADC,F.Cu,"(33.4264, 16.5608)","(34.9504, 16.5608)",0.2,1.524000000000001,[]
ad59c09d-9ef2-47e2-83e9-81008a93caec,/CURRENT_ADC,F.Cu,"(57.810399, 2.032)","(55.7784, 4.064)",0.2,2.873681251635434,[]
b8f38e0f-3a57-4b58-9724-0caea4928a3e,/CURRENT_ADC,F.Cu,"(39.8272, 16.8656)","(39.5224, 17.1704)",0.2,0.43105229381131965,[]
b9bd9a56-af74-4d10-98cf-a30cda7987bd,/CURRENT_ADC,F.Cu,"(49.275999, 44.3992)","(48.4632, 43.5864)",0.2,1.1494720763902888,[]
c9b35673-1943-443a-b762-0d1106f290c3,/CURRENT_ADC,F.Cu,"(70.3072, 2.032)","(57.810399, 2.032)",0.2,12.496800999999998,[]
ca2fd358-84c3-4ab1-91c5-400b09cbdbc0,/CURRENT_ADC,F.Cu,"(72.136, 46.1264)","(72.339199, 46.3296)",0.2,0.287367488768302,[]
cfd62c2f-f1e5-46ca-a359-0e3d82ae45e8,/CURRENT_ADC,F.Cu,"(33.019999, 17.3736)","(33.019999, 16.9672)",0.2,0.4064000000000014,[]
dfefd931-c6c9-4237-b95f-988572230ebe,/CURRENT_ADC,F.Cu,"(48.4632, 43.5864)","(48.4632, 41.4528)",0.2,2.133599999999994,['C0327']
e91f627a-025b-493d-b953-3ab8223d5dc9,/CURRENT_ADC,F.Cu,"(78.638399, 45.5168)","(78.638399, 10.3632)",0.2,35.153600000000004,[]
fba826de-9b85-47f6-beb5-ba8d2bc4a16a,/CURRENT_ADC,F.Cu,"(49.275999, 45.1104)","(49.275999, 44.3992)",0.2,0.7111999999999981,[]
00ccc55c-f7d7-44c0-8593-4e624eceea0c,/CURRENT_ADC,B.Cu,"(75.9968, 46.3296)","(76.8096, 45.5168)",0.2,1.1494727834968557,[]
032ea063-cac2-47a2-ab8c-5d8847d431fd,/CURRENT_ADC,B.Cu,"(60.6552, 46.1264)","(57.6072, 49.1744)",0.2,4.310522938113197,[]
08646252-dc8a-41b1-a033-d87f5e78ce7c,/CURRENT_ADC,B.Cu,"(38.3032, 20.2184)","(38.9128, 20.2184)",0.2,0.6096000000000004,[]
2ad0090f-7f13-4411-8e3c-cb6a5c848a01,/CURRENT_ADC,B.Cu,"(36.2712, 17.8816)","(34.9504, 16.5608)",0.2,1.8678932731823819,[]
378889d1-65be-42d0-abd9-650e24314622,/CURRENT_ADC,B.Cu,"(40.3352, 10.2616)","(39.8272, 10.769599)",0.2,0.7184197825791009,[]
3a7494ee-14d4-4d01-89e0-9a730c46938f,/CURRENT_ADC,B.Cu,"(39.8272, 10.769599)","(39.8272, 15.849599)",0.2,5.08,[]
462a6786-6d9e-4579-af28-d00a75775244,/CURRENT_ADC,B.Cu,"(36.068, 18.9992)","(36.2712, 18.796)",0.2,0.2873681958742139,[]
4a99acc6-2301-45c0-a078-5280425d9606,/CURRENT_ADC,B.Cu,"(44.704, 39.2176)","(44.5008, 39.014399)",0.2,0.28736890298186574,[]
66794b76-6fc3-4aa3-b0af-d7e39302eb9e,/CURRENT_ADC,B.Cu,"(36.2712, 18.796)","(36.2712, 17.8816)",0.2,0.9144000000000005,[]
6b67d647-dd41-4919-89bf-3e90c22ed6e6,/CURRENT_ADC,B.Cu,"(57.6072, 49.1744)","(53.34, 49.1744)",0.2,4.267199999999995,[]
71c717db-4edc-4389-b36a-539a902c50d2,/CURRENT_ADC,B.Cu,"(53.34, 49.1744)","(49.275999, 45.1104)",0.2,5.747364624591086,[]
7d44549f-3196-47d0-80b0-59d2baf2a1dc,/CURRENT_ADC,B.Cu,"(37.4904, 21.0312)","(36.474399, 21.0312)",0.2,1.0160010000000028,[]
871cc47f-af00-4bf4-a65e-7463114bacd4,/CURRENT_ADC,B.Cu,"(36.474399, 21.0312)","(36.068, 20.6248)",0.2,0.5747356846420784,[]
8bdd9964-30bb-420f-9765-9c8f56809b43,/CURRENT_ADC,B.Cu,"(60.6552, 46.1264)","(61.163199, 46.1264)",0.2,0.5079989999999981,[]
a3d24ee9-900b-4dc3-b65e-65f35cc6b26c,/CURRENT_ADC,B.Cu,"(39.5224, 19.6088)","(38.9128, 20.2184)",0.2,0.8621045876226393,[]
ccb74002-454d-4fea-9500-fe96a53083d6,/CURRENT_ADC,B.Cu,"(36.068, 20.6248)","(36.068, 18.9992)",0.2,1.6256000000000022,[]
d1104413-7547-4a6d-a96d-17f3a23f2fce,/CURRENT_ADC,B.Cu,"(47.9552, 10.2616)","(40.3352, 10.2616)",0.2,7.619999999999997,[]
eefc61ae-a87f-4b02-ad8d-6e7e20c409c1,/CURRENT_ADC,B.Cu,"(38.3032, 20.2184)","(37.4904, 21.0312)",0.2,1.1494727834968481,[]
efc644ef-3cc8-4d31-89e2-cca61c64e03b,/CURRENT_ADC,B.Cu,"(76.8096, 45.5168)","(78.638399, 45.5168)",0.2,1.8287990000000036,[]
1afcd5d4-61c4-4ac8-a9d1-78246e2e09a6,/C5_SW,F.Cu,"(19.2024, 37.9984)","(19.2024, 37.1348)",0.6,0.8635999999999981,[]
2b718790-b2ea-487e-8ed5-25e58dfdb3f2,/C5_SW,F.Cu,"(19.4564, 36.8808)","(21.539199, 36.8808)",0.6,2.0827990000000014,[]
32479628-2c7f-4eb6-9840-89c9c5da3535,/C5_SW,F.Cu,"(23.0124, 39.9796)","(23.1648, 39.9796)",0.6,0.1524000000000001,"['C0328', 'C0329', 'C0330']"
32a0ff98-9ec3-4d1a-bcd8-e50a2065d987,/C5_SW,F.Cu,"(23.65, 40.0)","(23.15, 40.0)",0.6,0.5,"['C0329', 'C0331']"
3391d4bd-c9b1-4f55-8984-2482b410f569,/C5_SW,F.Cu,"(22.5044, 39.471599)","(23.0124, 39.9796)",0.6,0.7184211967926609,"['C0330', 'C0331']"
7a7c5f01-bebb-46cd-b9ff-c50d05373955,/C5_SW,F.Cu,"(19.2024, 37.1348)","(19.4564, 36.8808)",0.6,0.35921024484276304,[]
7f3efeea-ade3-4b44-bde0-d81dd17f73a1,/C5_SW,F.Cu,"(23.350399, 37.0)","(24.7, 37.0)",0.6,1.3496009999999998,[]
9e01d4b8-0256-4a98-a37d-079141421833,/C5_SW,F.Cu,"(21.539199, 36.8808)","(22.5044, 37.846)",0.6,1.364999637509473,[]
d55e1e10-0aa4-4b20-b558-d574be5be367,/C5_SW,F.Cu,"(25.225, 37.0)","(24.7, 37.0)",0.8,0.5250000000000021,[]
e266fd1f-08e2-466b-a959-edb0de603283,/C5_SW,F.Cu,"(22.5044, 37.846)","(23.350399, 37.0)",0.6,1.196423966661063,[]
fe1bc276-9db7-4521-a517-aeebb221622c,/C5_SW,F.Cu,"(22.5044, 37.846)","(22.5044, 39.471599)",0.6,1.6255990000000011,[]
18fa7c2a-6495-4c97-a412-581644132590,/M5_EN,F.Cu,"(6.604, 37.2872)","(6.5024, 37.388799)",0.2,0.1436833908320656,"['C0332', 'C0333']"
27b953a3-ba63-4b15-b6c1-82d07c5bb185,/M5_EN,F.Cu,"(26.3144, 26.0096)","(26.7208, 26.0096)",0.2,0.4064000000000014,[]
457a2a70-c199-4192-b97e-2f99881167d3,/M5_EN,F.Cu,"(11.684, 21.6408)","(11.684, 23.368)",0.2,1.7271999999999998,[]
56ee8ba7-948c-4b66-a6d2-d7672cbf39c9,/M5_EN,F.Cu,"(6.5024, 38.608)","(5.588, 39.5224)",0.2,1.2931568814339582,[]
5f707fae-ac15-4047-afc3-4a3a026df9fc,/M5_EN,F.Cu,"(13.9192, 20.421599)","(12.9032, 20.421599)",0.2,1.016,[]
6f4e9e04-f633-4d3c-a113-d8f6d12a3071,/M5_EN,F.Cu,"(6.5024, 37.388799)","(6.5024, 38.608)",0.2,1.2192009999999982,['C0333']
8979a2b8-90c6-4457-9716-78a2c10c30bc,/M5_EN,F.Cu,"(5.588, 39.5224)","(4.9784, 39.5224)",0.2,0.6096000000000004,[]
8c01c578-fa8f-40bb-9134-b70075f89000,/M5_EN,F.Cu,"(12.9032, 20.421599)","(11.684, 21.6408)",0.2,1.724209882352203,[]
d6a0983b-b3ba-448f-9b98-f73a6d84abdc,/M5_EN,F.Cu,"(26.7208, 26.0096)","(27.7368, 24.9936)",0.2,1.4368409793710621,[]
f8eeeb1e-c824-4509-ba97-f8a4d3b0257a,/M5_EN,F.Cu,"(14.224, 20.116799)","(13.9192, 20.421599)",0.2,0.43105229381131965,[]
1ae637d5-820e-4471-bd6c-6b13f9f72a5e,/M5_EN,B.Cu,"(21.539199, 20.116799)","(14.224, 20.116799)",0.2,7.315199,[]
38f1077b-4cec-4d63-a596-294be256d4bc,/M5_EN,B.Cu,"(11.684, 32.2072)","(11.684, 23.368)",0.2,8.839200000000002,[]
3eca93d7-53df-43ef-939e-87ee93779ac5,/M5_EN,B.Cu,"(26.416, 24.9936)","(21.539199, 20.116799)",0.2,6.896838115194673,[]
c7f81bb3-af65-4d74-8e2a-91a18fe2de6c,/M5_EN,B.Cu,"(6.604, 37.2872)","(11.684, 32.2072)",0.2,7.184204896855321,[]
e08e3ec2-3ecd-4096-b7f5-b10c3366f13e,/M5_EN,B.Cu,"(27.7368, 24.9936)","(26.416, 24.9936)",0.2,1.3207999999999984,[]
024d3b02-7b9e-476f-965e-16553cf8fb14,/C5_BOOT,F.Cu,"(26.35, 39.05)","(26.85, 39.05)",0.2,0.5,['C0334']
8d2ae732-dd51-40dc-b04c-520cac3937bb,/C5_BOOT,F.Cu,"(26.775, 37.0)","(26.775, 38.625)",0.2,1.625,[]
d766396c-da89-434d-ae4b-d28ce798fec6,/C5_BOOT,F.Cu,"(26.775, 37.0)","(27.3, 37.0)",0.2,0.5250000000000021,[]
f87c44fa-52e4-4b86-a585-4796407daa2d,/C5_BOOT,F.Cu,"(26.775, 38.625)","(26.35, 39.05)",0.2,0.6010407640085614,['C0334']
4a5b65e9-cc2f-47ab-b309-a8ff7403fda2,/H_BUS,F.Cu,"(71.95, 42.999999)","(71.450001, 42.5)",0.2,0.7071053669729888,[]
a5e03bbb-f4a5-4f68-a81d-11565d379fd2,/H_BUS,F.Cu,"(75.0, 45.360001)","(74.500001, 45.86)",0.2,0.7071053669729888,[]
a6104012-14f9-4fc6-ab6a-3333f9253192,/H_BUS,F.Cu,"(71.450001, 42.5)","(69.0, 42.5)",0.2,2.4500010000000003,[]
ae51931b-9aef-4988-8248-402345ab8dfb,/H_BUS,F.Cu,"(74.500001, 45.86)","(72.45, 45.86)",0.2,2.0500009999999946,[]
ddc109d4-d676-4bf3-9c30-19624b50adb1,/H_BUS,F.Cu,"(75.0, 43.0)","(75.0, 45.360001)",0.2,2.360000999999997,[]
ee48e4ae-1597-4da9-a2c9-664724d65a90,/H_BUS,F.Cu,"(71.95, 45.36)","(71.95, 42.999999)",0.2,2.360000999999997,[]
fce610c5-f27b-473e-9d2a-4454c9efe6a8,/H_BUS,F.Cu,"(71.95, 45.36)","(72.45, 45.86)",0.2,0.7071067811865476,[]
220e443d-cf66-46d3-99cf-4ccf2cf8acb2,/W_PRE,F.Cu,"(50.525, 11.865)","(49.625, 11.865)",0.6,0.8999999999999986,['C0335']
5319462f-04d9-4b83-924b-be72300b0eb3,/W_PRE,F.Cu,"(47.9078, 16.9672)","(48.971199, 16.9672)",0.2,1.0633989999999969,[]
5ba1f69f-a4af-4910-a60d-460be0f99221,/W_PRE,F.Cu,"(50.525, 13.135)","(49.625, 13.135)",0.6,0.8999999999999986,[]
615e691c-e3df-473f-ac56-423ea85e0104,/W_PRE,F.Cu,"(49.5808, 11.8872)","(48.971199, 11.2776)",0.2,0.8621052947297136,['C0335']
b6a90cae-36b6-4824-b667-6fa8794f68b3,/W_PRE,F.Cu,"(47.765, 13.135)","(47.4, 13.5)",1.5,0.5161879502661813,[]
cb234957-4fc4-4d49-916a-c7e876642546,/W_PRE,F.Cu,"(47.0, 17.875)","(47.9078, 16.9672)",0.2,1.2838230719222983,[]
e013368a-d4af-4de7-afd7-4743b5341f8d,/W_PRE,F.Cu,"(50.525, 10.595)","(49.625, 10.595)",0.6,0.8999999999999986,[]
e978cd14-4508-4f56-8f79-97b831ee9778,/W_PRE,F.Cu,"(49.625, 10.595)","(49.625, 13.135)",1.2,2.539999999999999,[]
f06767d6-51fa-4b76-9ae8-3bac03fb5265,/W_PRE,F.Cu,"(49.625, 13.135)","(47.765, 13.135)",1.5,1.8599999999999994,[]
4a336d7f-422d-4530-b1d6-45222807cf71,/W_PRE,B.Cu,"(48.971199, 11.2776)","(48.971199, 16.9672)",0.2,5.689599999999999,[]
2621d674-012d-4437-a173-d9712c7c8615,/MASTER_RETURN,F.Cu,"(4.165599, 17.272)","(4.4704, 16.9672)",0.2,0.43105300091868026,[]
360007c9-981c-4778-8112-583d33d602f5,/MASTER_RETURN,F.Cu,"(9.042399, 18.288)","(8.5344, 18.288)",0.2,0.5079989999999999,[]
5caf014d-d0e7-4e1e-9691-b7e49021703f,/MASTER_RETURN,F.Cu,"(8.5344, 18.288)","(7.3152, 19.507199)",0.2,1.724208468138641,[]
63e506e4-eba0-462b-a6fe-e219adcfa9d7,/MASTER_RETURN,F.Cu,"(4.165599, 18.4912)","(4.165599, 17.272)",0.2,1.2192000000000007,[]
dd69a18c-b461-489a-840a-1ec89ef9e3a8,/MASTER_RETURN,F.Cu,"(5.1816, 19.507199)","(4.165599, 18.4912)",0.2,1.4368409793717611,[]
ddb6be1f-d774-4aff-8f00-c49961dc0e56,/MASTER_RETURN,F.Cu,"(7.3152, 19.507199)","(5.1816, 19.507199)",0.2,2.1335999999999995,[]
2e2e0aad-2dce-4796-8eb7-f88b249a4d21,/WHEEL_ADC,F.Cu,"(35.864799, 8.8392)","(21.2344, 8.8392)",0.2,14.630398999999997,[]
2edb6371-ceec-4097-9dcf-c4f32a9fe3a1,/WHEEL_ADC,F.Cu,"(42.2656, 37.083999)","(44.3992, 37.083999)",0.2,2.1336000000000013,['C0337']
3f5d26fb-3744-46d8-9c50-cdaa8559d421,/WHEEL_ADC,F.Cu,"(47.5488, 23.6728)","(47.3456, 23.875999)",0.2,0.28736748876830454,[]
59c0d9a5-3176-4b72-91ca-8aeab7845238,/WHEEL_ADC,F.Cu,"(19.1008, 17.8816)","(19.1008, 19.304)",0.2,1.4223999999999997,[]
61f43da2-fe97-4f38-a60b-0343e9e8b7b8,/WHEEL_ADC,F.Cu,"(44.907199, 21.1328)","(44.907199, 23.375999)",0.2,2.2431990000000006,[]
6a19d3d9-2a1d-4d1a-b3c5-7e1a15876b15,/WHEEL_ADC,F.Cu,"(44.3992, 37.083999)","(44.5008, 36.9824)",0.2,0.14368339083206375,"['C0336', 'C0337']"
8f2f2dc7-7702-400d-acd4-127a19bb7360,/WHEEL_ADC,F.Cu,"(21.2344, 8.8392)","(20.9296, 9.144)",0.2,0.43105229381131965,[]
934f08af-6443-4d51-b395-034824045a8c,/WHEEL_ADC,F.Cu,"(41.0464, 28.448)","(41.0464, 35.864799)",0.2,7.4167989999999975,[]
b85f9b3d-6fbc-4aa7-a5b6-55f494c5b062,/WHEEL_ADC,F.Cu,"(41.0464, 35.864799)","(42.2656, 37.083999)",0.2,1.7242091752452786,[]
c026b633-c722-43a8-844c-89165ed9cc2f,/WHEEL_ADC,F.Cu,"(30.1752, 26.8224)","(39.4208, 26.8224)",0.2,9.2456,[]
c45c2b10-c98e-4e71-90b8-85a793272537,/WHEEL_ADC,F.Cu,"(43.8912, 20.116799)","(44.907199, 21.1328)",0.2,1.4368409793717605,[]
ca3ce5b1-1fcd-4c92-b4fb-60b2290d795b,/WHEEL_ADC,F.Cu,"(44.907199, 23.375999)","(45.407199, 23.875999)",0.2,0.7071067811865476,[]
d00cca5b-2ef8-4803-aace-1fc161f220e9,/WHEEL_ADC,F.Cu,"(36.576, 9.5504)","(35.864799, 8.8392)",0.2,1.0057893926667767,[]
dff96fcc-f517-4cf5-af7b-02468a047a88,/WHEEL_ADC,F.Cu,"(45.407199, 23.875999)","(47.3456, 23.875999)",0.2,1.938400999999999,[]
eec91c84-a289-4505-890d-7bd55421f5d9,/WHEEL_ADC,F.Cu,"(39.4208, 26.8224)","(41.0464, 28.448)",0.2,2.298945566993704,[]
026055a6-32d6-40aa-89ce-de4c53b98661,/WHEEL_ADC,B.Cu,"(23.7744, 19.304)","(30.1752, 25.7048)",0.2,9.052098170037707,[]
028661c8-38d4-40b0-9e78-05e59f48fc37,/WHEEL_ADC,B.Cu,"(48.26, 9.5504)","(36.576, 9.5504)",0.2,11.683999999999997,[]
2af15621-4081-47d6-9c88-9ba1a0edd3a8,/WHEEL_ADC,B.Cu,"(49.6824, 17.8816)","(49.6824, 10.9728)",0.2,6.908799999999999,[]
39dc4bd1-2fc7-495f-a27a-7336ab3e8d91,/WHEEL_ADC,B.Cu,"(19.1008, 19.304)","(23.7744, 19.304)",0.2,4.6736,[]
464739e9-9cec-429e-9277-dd1e51b3f2bd,/WHEEL_ADC,B.Cu,"(30.1752, 25.7048)","(30.1752, 26.8224)",0.2,1.1175999999999995,[]
59cc674e-e55b-484d-87c2-0f53f3e2e5e0,/WHEEL_ADC,B.Cu,"(45.0088, 21.539199)","(43.8912, 20.421599)",0.2,1.5805250773081727,[]
5c0a411c-97d0-48e7-a79b-63211e726242,/WHEEL_ADC,B.Cu,"(49.6824, 10.9728)","(48.26, 9.5504)",0.2,2.0115773711194924,[]
7bf21147-4e53-456b-b176-e3fc292c9472,/WHEEL_ADC,B.Cu,"(46.0248, 21.539199)","(49.6824, 17.8816)",0.2,5.172626818629102,[]
855933b7-82dc-42b1-9068-5c733d3beae7,/WHEEL_ADC,B.Cu,"(46.0248, 21.539199)","(45.0088, 21.539199)",0.2,1.0159999999999982,[]
beae3000-564e-4581-b09f-0ed59f65dfd0,/WHEEL_ADC,B.Cu,"(43.8912, 20.421599)","(43.8912, 20.116799)",0.2,0.3048000000000002,[]
e966d1fc-55f2-48ab-82f5-e7b91ee38e2c,/WHEEL_ADC,B.Cu,"(20.9296, 9.144)","(20.9296, 9.4488)",0.2,0.3048000000000002,[]
e9ddd4a4-0cea-4f28-bbc3-aa44e1c28754,/WHEEL_ADC,B.Cu,"(19.1008, 11.2776)","(19.1008, 17.8816)",0.2,6.603999999999999,[]
fa903350-51fb-4f83-8803-9e1a9261fe4a,/WHEEL_ADC,B.Cu,"(20.9296, 9.4488)","(19.1008, 11.2776)",0.2,2.5863137628679165,[]
