00:01.900  blend            | Read blend: "/Users/dean/Documents/MORI/mechanical/mori_assembly_animation.blend"
00:02.321  render           | Rendering animation (frames 1..1296)
00:02.333  render           | Rendering frame 1
00:02.334  render           | Start rendering: MORI_Assembly_Animation, 视图层
00:02.334  render           | Engine: EEVEE
00:02.698  render           | Fra: 1 | Rendering 1 / 32 samples
Blender 5.2.1 LTS (hash 9e2066aef7ef built 2026-08-25 01:35:57)
Scene switch for render: 'MORI_Assembly_Animation' in file: '/Users/dean/Documents/MORI/mechanical/mori_assembly_animation.blend'
00:02.773  render           | Fra: 1 | Rendering 25 / 32 samples
00:02.793  render           | Fra: 1 | Rendering 32 / 32 samples
00:02.833  render           | Video append frame 1
00:02.833  render           | Time: 00:00.49 (Saving: 00:00.03)
00:02.833  render           | Rendering frame 2
00:02.834  render           | Start rendering: MORI_Assembly_Animation, 视图层
00:02.834  render           | Engine: EEVEE
00:02.881  render           | Fra: 2 | Rendering 1 / 32 samples
00:03.051  render           | Fra: 2 | Rendering 25 / 32 samples
00:03.099  render           | Fra: 2 | Rendering 32 / 32 samples
00:03.113  render           | Video append frame 2
00:03.113  render           | Time: 00:00.27 (Saving: 00:00.01)
00:03.113  render           | Rendering frame 3
00:03.113  render           | Start rendering: MORI_Assembly_Animation, 视图层
00:03.113  render           | Engine: EEVEE
00:03.175  render           | Fra: 3 | Rendering 1 / 32 samples
00:03.339  render           | Fra: 3 | Rendering 25 / 32 samples
00:03.380  render           | Fra: 3 | Rendering 32 / 32 samples
00:03.393  render           | Video append frame 3
00:03.393  render           | Time: 00:00.27 (Saving: 00:00.00)
00:03.393  render           | Rendering frame 4
00:03.393  render           | Start rendering: MORI_Assembly_Animation, 视图层
00:03.393  render           | Engine: EEVEE
00:03.453  render           | Fra: 4 | Rendering 1 / 32 samples
00:03.589  render           | Fra: 4 | Rendering 25 / 32 samples
00:03.629  render           | Fra: 4 | Rendering 32 / 32 samples
00:03.642  render           | Video append frame 4
00:03.643  render           | Time: 00:00.24 (Saving: 00:00.00)
00:03.643  render           | Rendering frame 5
00:03.643  render           | Start rendering: MORI_Assembly_Animation, 视图层
00:03.643  render           | Engine: EEVEE
00:03.704  render           | Fra: 5 | Rendering 1 / 32 samples
00:03.777  render           | Fra: 5 | Rendering 25 / 32 samples
00:03.798  render           | Fra: 5 | Rendering 32 / 32 samples
00:03.808  render           | Video append frame 5
00:03.808  render           | Time: 00:00.16 (Saving: 00:00.00)
00:03.808  render           | Rendering frame 6
00:03.808  render           | Start rendering: MORI_Assembly_Animation, 视图层
00:03.808  render           | Engine: EEVEE
00:03.861  render           | Fra: 6 | Rendering 1 / 32 samples
00:04.019  render           | Fra: 6 | Rendering 25 / 32 samples
00:04.065  render           | Fra: 6 | Rendering 32 / 32 samples
00:04.078  render           | Video append frame 6
00:04.078  render           | Time: 00:00.27 (Saving: 00:00.00)
00:04.078  render           | Rendering frame 7
00:04.078  render           | Start rendering: MORI_Assembly_Animation, 视图层
00:04.078  render           | Engine: EEVEE
00:04.130  render           | Fra: 7 | Rendering 1 / 32 samples
00:04.281  render           | Fra: 7 | Rendering 25 / 32 samples
00:04.320  render           | Fra: 7 | Rendering 32 / 32 samples
00:04.332  render           | Video append frame 7
00:04.332  render           | Time: 00:00.25 (Saving: 00:00.00)
00:04.332  render           | Rendering frame 8
00:04.332  render           | Start rendering: MORI_Assembly_Animation, 视图层
00:04.332  render           | Engine: EEVEE
00:04.388  render           | Fra: 8 | Rendering 1 / 32 samples
00:04.521  render           | Fra: 8 | Rendering 25 / 32 samples
00:04.559  render           | Fra: 8 | Rendering 32 / 32 samples
00:04.571  render           | Video append frame 8
00:04.571  render           | Time: 00:00.23 (Saving: 00:00.00)
00:04.571  render           | Rendering frame 9
00:04.571  render           | Start rendering: MORI_Assembly_Animation, 视图层
00:04.571  render           | Engine: EEVEE
00:04.626  render           | Fra: 9 | Rendering 1 / 32 samples
00:04.759  render           | Fra: 9 | Rendering 25 / 32 samples
00:04.798  render           | Fra: 9 | Rendering 32 / 32 samples
00:04.809  render           | Video append frame 9
00:04.809  render           | Time: 00:00.23 (Saving: 00:00.00)
00:04.809  render           | Rendering frame 10
00:04.809  render           | Start rendering: MORI_Assembly_Animation, 视图层
00:04.809  render           | Engine: EEVEE
00:04.860  render           | Fra: 10 | Rendering 1 / 32 samples
00:04.997  render           | Fra: 10 | Rendering 25 / 32 samples
00:05.036  render           | Fra: 10 | Rendering 32 / 32 samples
00:05.049  render           | Video append frame 10
00:05.049  render           | Time: 00:00.24 (Saving: 00:00.00)
00:05.049  render           | Rendering frame 11
00:05.049  render           | Start rendering: MORI_Assembly_Animation, 视图层
00:05.049  render           | Engine: EEVEE
00:05.099  render           | Fra: 11 | Rendering 1 / 32 samples
00:05.239  render           | Fra: 11 | Rendering 25 / 32 samples
00:05.277  render           | Fra: 11 | Rendering 32 / 32 samples
00:05.289  render           | Video append frame 11
00:05.290  render           | Time: 00:00.24 (Saving: 00:00.00)
00:05.290  render           | Rendering frame 12
00:05.290  render           | Start rendering: MORI_Assembly_Animation, 视图层
00:05.290  render           | Engine: EEVEE
00:05.344  render           | Fra: 12 | Rendering 1 / 32 samples
00:05.470  render           | Fra: 12 | Rendering 25 / 32 samples
00:05.506  render           | Fra: 12 | Rendering 32 / 32 samples
00:05.517  render           | Video append frame 12
00:05.517  render           | Time: 00:00.22 (Saving: 00:00.00)
00:05.517  render           | Rendering frame 13
00:05.517  render           | Start rendering: MORI_Assembly_Animation, 视图层
00:05.517  render           | Engine: EEVEE
00:05.565  render           | Fra: 13 | Rendering 1 / 32 samples
00:05.694  render           | Fra: 13 | Rendering 25 / 32 samples
00:05.733  render           | Fra: 13 | Rendering 32 / 32 samples
00:05.742  render           | Video append frame 13
00:05.742  render           | Time: 00:00.22 (Saving: 00:00.00)
00:05.742  render           | Rendering frame 14
00:05.743  render           | Start rendering: MORI_Assembly_Animation, 视图层
00:05.743  render           | Engine: EEVEE
00:05.797  render           | Fra: 14 | Rendering 1 / 32 samples
00:05.932  render           | Fra: 14 | Rendering 25 / 32 samples
00:05.968  render           | Fra: 14 | Rendering 32 / 32 samples
00:05.981  render           | Video append frame 14
00:05.981  render           | Time: 00:00.23 (Saving: 00:00.00)
00:05.981  render           | Rendering frame 15
00:05.981  render           | Start rendering: MORI_Assembly_Animation, 视图层
00:05.981  render           | Engine: EEVEE
00:06.031  render           | Fra: 15 | Rendering 1 / 32 samples
00:06.158  render           | Fra: 15 | Rendering 25 / 32 samples
00:06.197  render           | Fra: 15 | Rendering 32 / 32 samples
00:06.208  render           | Video append frame 15
00:06.208  render           | Time: 00:00.22 (Saving: 00:00.00)
00:06.209  render           | Rendering frame 16
00:06.209  render           | Start rendering: MORI_Assembly_Animation, 视图层
00:06.209  render           | Engine: EEVEE
00:06.259  render           | Fra: 16 | Rendering 1 / 32 samples
00:06.394  render           | Fra: 16 | Rendering 25 / 32 samples
00:06.433  render           | Fra: 16 | Rendering 32 / 32 samples
00:06.447  render           | Video append frame 16
00:06.447  render           | Time: 00:00.23 (Saving: 00:00.00)
00:06.447  render           | Rendering frame 17
00:06.447  render           | Start rendering: MORI_Assembly_Animation, 视图层
00:06.447  render           | Engine: EEVEE
00:06.495  render           | Fra: 17 | Rendering 1 / 32 samples
00:06.629  render           | Fra: 17 | Rendering 25 / 32 samples
00:06.669  render           | Fra: 17 | Rendering 32 / 32 samples
00:06.685  render           | Video append frame 17
00:06.686  render           | Time: 00:00.23 (Saving: 00:00.01)
00:06.686  render           | Rendering frame 18
00:06.686  render           | Start rendering: MORI_Assembly_Animation, 视图层
00:06.686  render           | Engine: EEVEE
00:06.732  render           | Fra: 18 | Rendering 1 / 32 samples
00:06.864  render           | Fra: 18 | Rendering 25 / 32 samples
00:06.900  render           | Fra: 18 | Rendering 32 / 32 samples
00:06.911  render           | Video append frame 18
00:06.911  render           | Time: 00:00.22 (Saving: 00:00.00)
00:06.911  render           | Rendering frame 19
00:06.911  render           | Start rendering: MORI_Assembly_Animation, 视图层
00:06.911  render           | Engine: EEVEE
00:06.956  render           | Fra: 19 | Rendering 1 / 32 samples
00:07.080  render           | Fra: 19 | Rendering 25 / 32 samples
00:07.116  render           | Fra: 19 | Rendering 32 / 32 samples
00:07.127  render           | Video append frame 19
00:07.127  render           | Time: 00:00.21 (Saving: 00:00.00)
00:07.127  render           | Rendering frame 20
00:07.127  render           | Start rendering: MORI_Assembly_Animation, 视图层
00:07.127  render           | Engine: EEVEE
00:07.176  render           | Fra: 20 | Rendering 1 / 32 samples
00:07.310  render           | Fra: 20 | Rendering 25 / 32 samples
00:07.350  render           | Fra: 20 | Rendering 32 / 32 samples
00:07.363  render           | Video append frame 20
00:07.363  render           | Time: 00:00.23 (Saving: 00:00.00)
00:07.363  render           | Rendering frame 21
00:07.363  render           | Start rendering: MORI_Assembly_Animation, 视图层
00:07.363  render           | Engine: EEVEE
00:07.411  render           | Fra: 21 | Rendering 1 / 32 samples
00:07.544  render           | Fra: 21 | Rendering 25 / 32 samples
00:07.582  render           | Fra: 21 | Rendering 32 / 32 samples
00:07.593  render           | Video append frame 21
00:07.593  render           | Time: 00:00.22 (Saving: 00:00.00)
00:07.593  render           | Rendering frame 22
00:07.593  render           | Start rendering: MORI_Assembly_Animation, 视图层
00:07.593  render           | Engine: EEVEE
00:07.643  render           | Fra: 22 | Rendering 1 / 32 samples
00:07.779  render           | Fra: 22 | Rendering 25 / 32 samples
00:07.818  render           | Fra: 22 | Rendering 32 / 32 samples
00:07.830  render           | Video append frame 22
00:07.830  render           | Time: 00:00.23 (Saving: 00:00.00)
00:07.830  render           | Rendering frame 23
00:07.830  render           | Start rendering: MORI_Assembly_Animation, 视图层
00:07.830  render           | Engine: EEVEE
00:07.887  render           | Fra: 23 | Rendering 1 / 32 samples
00:08.019  render           | Fra: 23 | Rendering 25 / 32 samples
00:08.057  render           | Fra: 23 | Rendering 32 / 32 samples
00:08.081  render           | Video append frame 23
00:08.081  render           | Time: 00:00.25 (Saving: 00:00.02)
00:08.081  render           | Rendering frame 24
00:08.082  render           | Start rendering: MORI_Assembly_Animation, 视图层
00:08.082  render           | Engine: EEVEE
00:08.135  render           | Fra: 24 | Rendering 1 / 32 samples
00:08.270  render           | Fra: 24 | Rendering 25 / 32 samples
00:08.308  render           | Fra: 24 | Rendering 32 / 32 samples
00:08.320  render           | Video append frame 24
00:08.320  render           | Time: 00:00.23 (Saving: 00:00.00)
00:08.320  render           | Rendering frame 25
00:08.320  render           | Start rendering: MORI_Assembly_Animation, 视图层
00:08.320  render           | Engine: EEVEE
00:08.374  render           | Fra: 25 | Rendering 1 / 32 samples
00:08.520  render           | Fra: 25 | Rendering 25 / 32 samples
00:08.561  render           | Fra: 25 | Rendering 32 / 32 samples
00:08.575  render           | Video append frame 25
00:08.575  render           | Time: 00:00.25 (Saving: 00:00.00)
00:08.575  render           | Rendering frame 26
00:08.575  render           | Start rendering: MORI_Assembly_Animation, 视图层
00:08.575  render           | Engine: EEVEE
00:08.630  render           | Fra: 26 | Rendering 1 / 32 samples
00:08.780  render           | Fra: 26 | Rendering 25 / 32 samples
00:08.819  render           | Fra: 26 | Rendering 32 / 32 samples
00:08.831  render           | Video append frame 26
00:08.831  render           | Time: 00:00.25 (Saving: 00:00.00)
00:08.831  render           | Rendering frame 27
00:08.831  render           | Start rendering: MORI_Assembly_Animation, 视图层
00:08.831  render           | Engine: EEVEE
00:08.884  render           | Fra: 27 | Rendering 1 / 32 samples
00:09.017  render           | Fra: 27 | Rendering 25 / 32 samples
00:09.053  render           | Fra: 27 | Rendering 32 / 32 samples
00:09.065  render           | Video append frame 27
00:09.065  render           | Time: 00:00.23 (Saving: 00:00.00)
00:09.065  render           | Rendering frame 28
00:09.065  render           | Start rendering: MORI_Assembly_Animation, 视图层
00:09.065  render           | Engine: EEVEE
00:09.115  render           | Fra: 28 | Rendering 1 / 32 samples
00:09.253  render           | Fra: 28 | Rendering 25 / 32 samples
00:09.291  render           | Fra: 28 | Rendering 32 / 32 samples
00:09.303  render           | Video append frame 28
00:09.303  render           | Time: 00:00.23 (Saving: 00:00.00)
00:09.303  render           | Rendering frame 29
00:09.303  render           | Start rendering: MORI_Assembly_Animation, 视图层
00:09.303  render           | Engine: EEVEE
00:09.360  render           | Fra: 29 | Rendering 1 / 32 samples
00:09.489  render           | Fra: 29 | Rendering 25 / 32 samples
00:09.527  render           | Fra: 29 | Rendering 32 / 32 samples
00:09.540  render           | Video append frame 29
00:09.540  render           | Time: 00:00.23 (Saving: 00:00.00)
00:09.540  render           | Rendering frame 30
00:09.540  render           | Start rendering: MORI_Assembly_Animation, 视图层
00:09.540  render           | Engine: EEVEE
00:09.592  render           | Fra: 30 | Rendering 1 / 32 samples
00:09.725  render           | Fra: 30 | Rendering 25 / 32 samples
00:09.764  render           | Fra: 30 | Rendering 32 / 32 samples
00:09.776  render           | Video append frame 30
00:09.776  render           | Time: 00:00.23 (Saving: 00:00.00)
00:09.776  render           | Rendering frame 31
00:09.776  render           | Start rendering: MORI_Assembly_Animation, 视图层
00:09.776  render           | Engine: EEVEE
00:09.828  render           | Fra: 31 | Rendering 1 / 32 samples
00:09.960  render           | Fra: 31 | Rendering 25 / 32 samples
00:09.999  render           | Fra: 31 | Rendering 32 / 32 samples
00:10.012  render           | Video append frame 31
00:10.012  render           | Time: 00:00.23 (Saving: 00:00.00)
00:10.012  render           | Rendering frame 32
00:10.012  render           | Start rendering: MORI_Assembly_Animation, 视图层
00:10.012  render           | Engine: EEVEE
00:10.060  render           | Fra: 32 | Rendering 1 / 32 samples
00:10.191  render           | Fra: 32 | Rendering 25 / 32 samples
00:10.230  render           | Fra: 32 | Rendering 32 / 32 samples
00:10.241  render           | Video append frame 32
00:10.241  render           | Time: 00:00.22 (Saving: 00:00.00)
00:10.241  render           | Rendering frame 33
00:10.241  render           | Start rendering: MORI_Assembly_Animation, 视图层
00:10.241  render           | Engine: EEVEE
00:10.295  render           | Fra: 33 | Rendering 1 / 32 samples
00:10.430  render           | Fra: 33 | Rendering 25 / 32 samples
00:10.469  render           | Fra: 33 | Rendering 32 / 32 samples
00:10.482  render           | Video append frame 33
00:10.482  render           | Time: 00:00.24 (Saving: 00:00.00)
00:10.482  render           | Rendering frame 34
00:10.482  render           | Start rendering: MORI_Assembly_Animation, 视图层
00:10.482  render           | Engine: EEVEE
00:10.533  render           | Fra: 34 | Rendering 1 / 32 samples
00:10.669  render           | Fra: 34 | Rendering 25 / 32 samples
00:10.706  render           | Fra: 34 | Rendering 32 / 32 samples
00:10.718  render           | Video append frame 34
00:10.718  render           | Time: 00:00.23 (Saving: 00:00.00)
00:10.718  render           | Rendering frame 35
00:10.719  render           | Start rendering: MORI_Assembly_Animation, 视图层
00:10.719  render           | Engine: EEVEE
00:10.770  render           | Fra: 35 | Rendering 1 / 32 samples
00:10.898  render           | Fra: 35 | Rendering 25 / 32 samples
00:10.936  render           | Fra: 35 | Rendering 32 / 32 samples
00:10.948  render           | Video append frame 35
00:10.948  render           | Time: 00:00.22 (Saving: 00:00.00)
00:10.948  render           | Rendering frame 36
00:10.948  render           | Start rendering: MORI_Assembly_Animation, 视图层
00:10.948  render           | Engine: EEVEE
00:10.999  render           | Fra: 36 | Rendering 1 / 32 samples
00:11.124  render           | Fra: 36 | Rendering 25 / 32 samples
00:11.164  render           | Fra: 36 | Rendering 32 / 32 samples
00:11.176  render           | Video append frame 36
00:11.176  render           | Time: 00:00.22 (Saving: 00:00.00)
00:11.176  render           | Rendering frame 37
00:11.176  render           | Start rendering: MORI_Assembly_Animation, 视图层
00:11.176  render           | Engine: EEVEE
00:11.233  render           | Fra: 37 | Rendering 1 / 32 samples
00:11.365  render           | Fra: 37 | Rendering 25 / 32 samples
00:11.401  render           | Fra: 37 | Rendering 32 / 32 samples
00:11.413  render           | Video append frame 37
00:11.413  render           | Time: 00:00.23 (Saving: 00:00.00)
00:11.413  render           | Rendering frame 38
00:11.414  render           | Start rendering: MORI_Assembly_Animation, 视图层
00:11.414  render           | Engine: EEVEE
00:11.463  render           | Fra: 38 | Rendering 1 / 32 samples
00:11.601  render           | Fra: 38 | Rendering 25 / 32 samples
00:11.646  render           | Fra: 38 | Rendering 32 / 32 samples
00:11.659  render           | Video append frame 38
00:11.659  render           | Time: 00:00.24 (Saving: 00:00.00)
00:11.659  render           | Rendering frame 39
00:11.659  render           | Start rendering: MORI_Assembly_Animation, 视图层
00:11.659  render           | Engine: EEVEE
00:11.714  render           | Fra: 39 | Rendering 1 / 32 samples
00:11.857  render           | Fra: 39 | Rendering 25 / 32 samples
00:11.895  render           | Fra: 39 | Rendering 32 / 32 samples
00:11.907  render           | Video append frame 39
00:11.907  render           | Time: 00:00.24 (Saving: 00:00.00)
00:11.907  render           | Rendering frame 40
00:11.907  render           | Start rendering: MORI_Assembly_Animation, 视图层
00:11.907  render           | Engine: EEVEE
00:11.960  render           | Fra: 40 | Rendering 1 / 32 samples
00:12.091  render           | Fra: 40 | Rendering 25 / 32 samples
00:12.130  render           | Fra: 40 | Rendering 32 / 32 samples
00:12.142  render           | Video append frame 40
00:12.142  render           | Time: 00:00.23 (Saving: 00:00.00)
00:12.142  render           | Rendering frame 41
00:12.142  render           | Start rendering: MORI_Assembly_Animation, 视图层
00:12.142  render           | Engine: EEVEE
00:12.195  render           | Fra: 41 | Rendering 1 / 32 samples
00:12.327  render           | Fra: 41 | Rendering 25 / 32 samples
00:12.365  render           | Fra: 41 | Rendering 32 / 32 samples
00:12.375  render           | Video append frame 41
00:12.375  render           | Time: 00:00.23 (Saving: 00:00.00)
00:12.375  render           | Rendering frame 42
00:12.375  render           | Start rendering: MORI_Assembly_Animation, 视图层
00:12.375  render           | Engine: EEVEE
00:12.424  render           | Fra: 42 | Rendering 1 / 32 samples
00:12.556  render           | Fra: 42 | Rendering 25 / 32 samples
00:12.596  render           | Fra: 42 | Rendering 32 / 32 samples
00:12.608  render           | Video append frame 42
00:12.608  render           | Time: 00:00.23 (Saving: 00:00.00)
00:12.608  render           | Rendering frame 43
00:12.608  render           | Start rendering: MORI_Assembly_Animation, 视图层
00:12.608  render           | Engine: EEVEE
00:12.658  render           | Fra: 43 | Rendering 1 / 32 samples
00:12.797  render           | Fra: 43 | Rendering 25 / 32 samples
00:12.836  render           | Fra: 43 | Rendering 32 / 32 samples
00:12.847  render           | Video append frame 43
00:12.847  render           | Time: 00:00.23 (Saving: 00:00.00)
00:12.847  render           | Rendering frame 44
00:12.847  render           | Start rendering: MORI_Assembly_Animation, 视图层
00:12.847  render           | Engine: EEVEE
00:12.894  render           | Fra: 44 | Rendering 1 / 32 samples
00:13.023  render           | Fra: 44 | Rendering 25 / 32 samples
00:13.058  render           | Fra: 44 | Rendering 32 / 32 samples
00:13.070  render           | Video append frame 44
00:13.070  render           | Time: 00:00.22 (Saving: 00:00.00)
00:13.070  render           | Rendering frame 45
00:13.070  render           | Start rendering: MORI_Assembly_Animation, 视图层
00:13.070  render           | Engine: EEVEE
00:13.119  render           | Fra: 45 | Rendering 1 / 32 samples
00:13.253  render           | Fra: 45 | Rendering 25 / 32 samples
00:13.291  render           | Fra: 45 | Rendering 32 / 32 samples
00:13.303  render           | Video append frame 45
00:13.303  render           | Time: 00:00.23 (Saving: 00:00.00)
00:13.303  render           | Rendering frame 46
00:13.303  render           | Start rendering: MORI_Assembly_Animation, 视图层
00:13.303  render           | Engine: EEVEE
00:13.353  render           | Fra: 46 | Rendering 1 / 32 samples
00:13.481  render           | Fra: 46 | Rendering 25 / 32 samples
00:13.519  render           | Fra: 46 | Rendering 32 / 32 samples
00:13.531  render           | Video append frame 46
00:13.531  render           | Time: 00:00.22 (Saving: 00:00.00)
00:13.531  render           | Rendering frame 47
00:13.531  render           | Start rendering: MORI_Assembly_Animation, 视图层
00:13.531  render           | Engine: EEVEE
00:13.578  render           | Fra: 47 | Rendering 1 / 32 samples
00:13.710  render           | Fra: 47 | Rendering 25 / 32 samples
00:13.750  render           | Fra: 47 | Rendering 32 / 32 samples
00:13.761  render           | Video append frame 47
00:13.761  render           | Time: 00:00.23 (Saving: 00:00.00)
00:13.761  render           | Rendering frame 48
00:13.761  render           | Start rendering: MORI_Assembly_Animation, 视图层
00:13.761  render           | Engine: EEVEE
00:13.810  render           | Fra: 48 | Rendering 1 / 32 samples
00:13.942  render           | Fra: 48 | Rendering 25 / 32 samples
00:13.980  render           | Fra: 48 | Rendering 32 / 32 samples
00:13.992  render           | Video append frame 48
00:13.992  render           | Time: 00:00.23 (Saving: 00:00.00)
00:13.992  render           | Rendering frame 49
00:13.992  render           | Start rendering: MORI_Assembly_Animation, 视图层
00:13.992  render           | Engine: EEVEE
00:14.048  render           | Fra: 49 | Rendering 1 / 32 samples
00:14.192  render           | Fra: 49 | Rendering 25 / 32 samples
00:14.231  render           | Fra: 49 | Rendering 32 / 32 samples
00:14.242  render           | Video append frame 49
00:14.242  render           | Time: 00:00.24 (Saving: 00:00.00)
00:14.242  render           | Rendering frame 50
00:14.242  render           | Start rendering: MORI_Assembly_Animation, 视图层
00:14.242  render           | Engine: EEVEE
00:14.292  render           | Fra: 50 | Rendering 1 / 32 samples
00:14.417  render           | Fra: 50 | Rendering 25 / 32 samples
00:14.453  render           | Fra: 50 | Rendering 32 / 32 samples
00:14.464  render           | Video append frame 50
00:14.464  render           | Time: 00:00.22 (Saving: 00:00.00)
00:14.464  render           | Rendering frame 51
00:14.464  render           | Start rendering: MORI_Assembly_Animation, 视图层
00:14.464  render           | Engine: EEVEE
00:14.508  render           | Fra: 51 | Rendering 1 / 32 samples
00:14.631  render           | Fra: 51 | Rendering 25 / 32 samples
00:14.666  render           | Fra: 51 | Rendering 32 / 32 samples
00:14.675  render           | Video append frame 51
00:14.675  render           | Time: 00:00.21 (Saving: 00:00.00)
00:14.675  render           | Rendering frame 52
00:14.675  render           | Start rendering: MORI_Assembly_Animation, 视图层
00:14.675  render           | Engine: EEVEE
00:14.719  render           | Fra: 52 | Rendering 1 / 32 samples
00:14.840  render           | Fra: 52 | Rendering 25 / 32 samples
00:14.873  render           | Fra: 52 | Rendering 32 / 32 samples
00:14.885  render           | Video append frame 52
00:14.885  render           | Time: 00:00.20 (Saving: 00:00.00)
00:14.885  render           | Rendering frame 53
00:14.885  render           | Start rendering: MORI_Assembly_Animation, 视图层
00:14.885  render           | Engine: EEVEE
00:14.927  render           | Fra: 53 | Rendering 1 / 32 samples
00:15.049  render           | Fra: 53 | Rendering 25 / 32 samples
00:15.085  render           | Fra: 53 | Rendering 32 / 32 samples
00:15.095  render           | Video append frame 53
00:15.095  render           | Time: 00:00.21 (Saving: 00:00.00)
00:15.095  render           | Rendering frame 54
00:15.095  render           | Start rendering: MORI_Assembly_Animation, 视图层
00:15.095  render           | Engine: EEVEE
00:15.142  render           | Fra: 54 | Rendering 1 / 32 samples
00:15.269  render           | Fra: 54 | Rendering 25 / 32 samples
00:15.306  render           | Fra: 54 | Rendering 32 / 32 samples
00:15.316  render           | Video append frame 54
00:15.316  render           | Time: 00:00.22 (Saving: 00:00.00)
00:15.316  render           | Rendering frame 55
00:15.316  render           | Start rendering: MORI_Assembly_Animation, 视图层
00:15.316  render           | Engine: EEVEE
00:15.365  render           | Fra: 55 | Rendering 1 / 32 samples
00:15.487  render           | Fra: 55 | Rendering 25 / 32 samples
00:15.521  render           | Fra: 55 | Rendering 32 / 32 samples
00:15.530  render           | Video append frame 55
00:15.530  render           | Time: 00:00.21 (Saving: 00:00.00)
00:15.530  render           | Rendering frame 56
00:15.530  render           | Start rendering: MORI_Assembly_Animation, 视图层
00:15.530  render           | Engine: EEVEE
00:15.573  render           | Fra: 56 | Rendering 1 / 32 samples
00:15.690  render           | Fra: 56 | Rendering 25 / 32 samples
00:15.724  render           | Fra: 56 | Rendering 32 / 32 samples
00:15.731  render           | Video append frame 56
00:15.731  render           | Time: 00:00.20 (Saving: 00:00.00)
00:15.731  render           | Rendering frame 57
00:15.731  render           | Start rendering: MORI_Assembly_Animation, 视图层
00:15.731  render           | Engine: EEVEE
00:15.774  render           | Fra: 57 | Rendering 1 / 32 samples
00:15.892  render           | Fra: 57 | Rendering 25 / 32 samples
00:15.926  render           | Fra: 57 | Rendering 32 / 32 samples
00:15.934  render           | Video append frame 57
00:15.934  render           | Time: 00:00.20 (Saving: 00:00.00)
00:15.934  render           | Rendering frame 58
00:15.934  render           | Start rendering: MORI_Assembly_Animation, 视图层
00:15.934  render           | Engine: EEVEE
00:15.977  render           | Fra: 58 | Rendering 1 / 32 samples
00:16.101  render           | Fra: 58 | Rendering 25 / 32 samples
00:16.139  render           | Fra: 58 | Rendering 32 / 32 samples
00:16.148  render           | Video append frame 58
00:16.148  render           | Time: 00:00.21 (Saving: 00:00.00)
00:16.148  render           | Rendering frame 59
00:16.148  render           | Start rendering: MORI_Assembly_Animation, 视图层
00:16.148  render           | Engine: EEVEE
00:16.192  render           | Fra: 59 | Rendering 1 / 32 samples
00:16.312  render           | Fra: 59 | Rendering 25 / 32 samples
00:16.346  render           | Fra: 59 | Rendering 32 / 32 samples
00:16.354  render           | Video append frame 59
00:16.354  render           | Time: 00:00.20 (Saving: 00:00.00)
00:16.354  render           | Rendering frame 60
00:16.354  render           | Start rendering: MORI_Assembly_Animation, 视图层
00:16.354  render           | Engine: EEVEE
00:16.393  render           | Fra: 60 | Rendering 1 / 32 samples
00:16.515  render           | Fra: 60 | Rendering 25 / 32 samples
00:16.549  render           | Fra: 60 | Rendering 32 / 32 samples
00:16.557  render           | Video append frame 60
00:16.557  render           | Time: 00:00.20 (Saving: 00:00.00)
00:16.557  render           | Rendering frame 61
00:16.557  render           | Start rendering: MORI_Assembly_Animation, 视图层
00:16.557  render           | Engine: EEVEE
00:16.598  render           | Fra: 61 | Rendering 1 / 32 samples
00:16.723  render           | Fra: 61 | Rendering 25 / 32 samples
00:16.759  render           | Fra: 61 | Rendering 32 / 32 samples
00:16.768  render           | Video append frame 61
00:16.768  render           | Time: 00:00.21 (Saving: 00:00.00)
00:16.768  render           | Rendering frame 62
00:16.768  render           | Start rendering: MORI_Assembly_Animation, 视图层
00:16.768  render           | Engine: EEVEE
00:16.812  render           | Fra: 62 | Rendering 1 / 32 samples
00:16.932  render           | Fra: 62 | Rendering 25 / 32 samples
00:16.967  render           | Fra: 62 | Rendering 32 / 32 samples
00:16.975  render           | Video append frame 62
00:16.975  render           | Time: 00:00.20 (Saving: 00:00.00)
00:16.975  render           | Rendering frame 63
00:16.975  render           | Start rendering: MORI_Assembly_Animation, 视图层
00:16.975  render           | Engine: EEVEE
00:17.016  render           | Fra: 63 | Rendering 1 / 32 samples
00:17.147  render           | Fra: 63 | Rendering 25 / 32 samples
00:17.184  render           | Fra: 63 | Rendering 32 / 32 samples
00:17.194  render           | Video append frame 63
00:17.194  render           | Time: 00:00.21 (Saving: 00:00.00)
00:17.194  render           | Rendering frame 64
00:17.194  render           | Start rendering: MORI_Assembly_Animation, 视图层
00:17.194  render           | Engine: EEVEE
00:17.241  render           | Fra: 64 | Rendering 1 / 32 samples
00:17.375  render           | Fra: 64 | Rendering 25 / 32 samples
00:17.414  render           | Fra: 64 | Rendering 32 / 32 samples
00:17.425  render           | Video append frame 64
00:17.425  render           | Time: 00:00.23 (Saving: 00:00.00)
00:17.425  render           | Rendering frame 65
00:17.425  render           | Start rendering: MORI_Assembly_Animation, 视图层
00:17.425  render           | Engine: EEVEE
00:17.470  render           | Fra: 65 | Rendering 1 / 32 samples
00:17.596  render           | Fra: 65 | Rendering 25 / 32 samples
00:17.633  render           | Fra: 65 | Rendering 32 / 32 samples
00:17.646  render           | Video append frame 65
00:17.646  render           | Time: 00:00.22 (Saving: 00:00.00)
00:17.646  render           | Rendering frame 66
00:17.646  render           | Start rendering: MORI_Assembly_Animation, 视图层
00:17.646  render           | Engine: EEVEE
00:17.692  render           | Fra: 66 | Rendering 1 / 32 samples
00:17.823  render           | Fra: 66 | Rendering 25 / 32 samples
00:17.862  render           | Fra: 66 | Rendering 32 / 32 samples
00:17.875  render           | Video append frame 66
00:17.875  render           | Time: 00:00.22 (Saving: 00:00.00)
00:17.875  render           | Rendering frame 67
00:17.875  render           | Start rendering: MORI_Assembly_Animation, 视图层
00:17.875  render           | Engine: EEVEE
00:17.920  render           | Fra: 67 | Rendering 1 / 32 samples
00:18.055  render           | Fra: 67 | Rendering 25 / 32 samples
00:18.093  render           | Fra: 67 | Rendering 32 / 32 samples
00:18.105  render           | Video append frame 67
00:18.105  render           | Time: 00:00.23 (Saving: 00:00.00)
00:18.105  render           | Rendering frame 68
00:18.106  render           | Start rendering: MORI_Assembly_Animation, 视图层
00:18.106  render           | Engine: EEVEE
00:18.155  render           | Fra: 68 | Rendering 1 / 32 samples
00:18.287  render           | Fra: 68 | Rendering 25 / 32 samples
00:18.326  render           | Fra: 68 | Rendering 32 / 32 samples
00:18.338  render           | Video append frame 68
00:18.338  render           | Time: 00:00.23 (Saving: 00:00.00)
00:18.338  render           | Rendering frame 69
00:18.338  render           | Start rendering: MORI_Assembly_Animation, 视图层
00:18.338  render           | Engine: EEVEE
00:18.384  render           | Fra: 69 | Rendering 1 / 32 samples
00:18.511  render           | Fra: 69 | Rendering 25 / 32 samples
00:18.549  render           | Fra: 69 | Rendering 32 / 32 samples
00:18.561  render           | Video append frame 69
00:18.561  render           | Time: 00:00.22 (Saving: 00:00.00)
00:18.561  render           | Rendering frame 70
00:18.561  render           | Start rendering: MORI_Assembly_Animation, 视图层
00:18.561  render           | Engine: EEVEE
00:18.610  render           | Fra: 70 | Rendering 1 / 32 samples
00:18.743  render           | Fra: 70 | Rendering 25 / 32 samples
00:18.782  render           | Fra: 70 | Rendering 32 / 32 samples
00:18.793  render           | Video append frame 70
00:18.793  render           | Time: 00:00.23 (Saving: 00:00.00)
00:18.793  render           | Rendering frame 71
00:18.793  render           | Start rendering: MORI_Assembly_Animation, 视图层
00:18.793  render           | Engine: EEVEE
00:18.839  render           | Fra: 71 | Rendering 1 / 32 samples
00:18.977  render           | Fra: 71 | Rendering 25 / 32 samples
00:19.016  render           | Fra: 71 | Rendering 32 / 32 samples
00:19.030  render           | Video append frame 71
00:19.030  render           | Time: 00:00.23 (Saving: 00:00.00)
00:19.030  render           | Rendering frame 72
00:19.030  render           | Start rendering: MORI_Assembly_Animation, 视图层
00:19.030  render           | Engine: EEVEE
00:19.081  render           | Fra: 72 | Rendering 1 / 32 samples
00:19.214  render           | Fra: 72 | Rendering 25 / 32 samples
00:19.253  render           | Fra: 72 | Rendering 32 / 32 samples
00:19.266  render           | Video append frame 72
00:19.266  render           | Time: 00:00.23 (Saving: 00:00.00)
00:19.266  render           | Rendering frame 73
00:19.266  render           | Start rendering: MORI_Assembly_Animation, 视图层
00:19.266  render           | Engine: EEVEE
00:19.315  render           | Fra: 73 | Rendering 1 / 32 samples
00:19.447  render           | Fra: 73 | Rendering 25 / 32 samples
00:19.486  render           | Fra: 73 | Rendering 32 / 32 samples
00:19.497  render           | Video append frame 73
00:19.497  render           | Time: 00:00.23 (Saving: 00:00.00)
00:19.497  render           | Rendering frame 74
00:19.497  render           | Start rendering: MORI_Assembly_Animation, 视图层
00:19.497  render           | Engine: EEVEE
00:19.546  render           | Fra: 74 | Rendering 1 / 32 samples
00:19.676  render           | Fra: 74 | Rendering 25 / 32 samples
00:19.715  render           | Fra: 74 | Rendering 32 / 32 samples
00:19.724  render           | Video append frame 74
00:19.724  render           | Time: 00:00.22 (Saving: 00:00.00)
00:19.724  render           | Rendering frame 75
00:19.724  render           | Start rendering: MORI_Assembly_Animation, 视图层
00:19.724  render           | Engine: EEVEE
00:19.776  render           | Fra: 75 | Rendering 1 / 32 samples
00:19.907  render           | Fra: 75 | Rendering 25 / 32 samples
00:19.948  render           | Fra: 75 | Rendering 32 / 32 samples
00:19.958  render           | Video append frame 75
00:19.958  render           | Time: 00:00.23 (Saving: 00:00.00)
00:19.958  render           | Rendering frame 76
00:19.958  render           | Start rendering: MORI_Assembly_Animation, 视图层
00:19.958  render           | Engine: EEVEE
00:20.009  render           | Fra: 76 | Rendering 1 / 32 samples
00:20.144  render           | Fra: 76 | Rendering 25 / 32 samples
00:20.182  render           | Fra: 76 | Rendering 32 / 32 samples
00:20.193  render           | Video append frame 76
00:20.193  render           | Time: 00:00.23 (Saving: 00:00.00)
00:20.193  render           | Rendering frame 77
00:20.193  render           | Start rendering: MORI_Assembly_Animation, 视图层
00:20.193  render           | Engine: EEVEE
00:20.243  render           | Fra: 77 | Rendering 1 / 32 samples
00:20.377  render           | Fra: 77 | Rendering 25 / 32 samples
00:20.416  render           | Fra: 77 | Rendering 32 / 32 samples
00:20.427  render           | Video append frame 77
00:20.427  render           | Time: 00:00.23 (Saving: 00:00.00)
00:20.427  render           | Rendering frame 78
00:20.427  render           | Start rendering: MORI_Assembly_Animation, 视图层
00:20.427  render           | Engine: EEVEE
00:20.474  render           | Fra: 78 | Rendering 1 / 32 samples
00:20.609  render           | Fra: 78 | Rendering 25 / 32 samples
00:20.649  render           | Fra: 78 | Rendering 32 / 32 samples
00:20.660  render           | Video append frame 78
00:20.660  render           | Time: 00:00.23 (Saving: 00:00.00)
00:20.660  render           | Rendering frame 79
00:20.661  render           | Start rendering: MORI_Assembly_Animation, 视图层
00:20.661  render           | Engine: EEVEE
00:20.709  render           | Fra: 79 | Rendering 1 / 32 samples
00:20.843  render           | Fra: 79 | Rendering 25 / 32 samples
00:20.882  render           | Fra: 79 | Rendering 32 / 32 samples
00:20.893  render           | Video append frame 79
00:20.893  render           | Time: 00:00.23 (Saving: 00:00.00)
00:20.893  render           | Rendering frame 80
00:20.893  render           | Start rendering: MORI_Assembly_Animation, 视图层
00:20.893  render           | Engine: EEVEE
00:20.946  render           | Fra: 80 | Rendering 1 / 32 samples
00:21.082  render           | Fra: 80 | Rendering 25 / 32 samples
00:21.121  render           | Fra: 80 | Rendering 32 / 32 samples
00:21.133  render           | Video append frame 80
00:21.134  render           | Time: 00:00.24 (Saving: 00:00.00)
00:21.134  render           | Rendering frame 81
00:21.134  render           | Start rendering: MORI_Assembly_Animation, 视图层
00:21.134  render           | Engine: EEVEE
00:21.188  render           | Fra: 81 | Rendering 1 / 32 samples
00:21.322  render           | Fra: 81 | Rendering 25 / 32 samples
00:21.362  render           | Fra: 81 | Rendering 32 / 32 samples
00:21.374  render           | Video append frame 81
00:21.374  render           | Time: 00:00.24 (Saving: 00:00.00)
00:21.374  render           | Rendering frame 82
00:21.374  render           | Start rendering: MORI_Assembly_Animation, 视图层
00:21.374  render           | Engine: EEVEE
00:21.427  render           | Fra: 82 | Rendering 1 / 32 samples
00:21.556  render           | Fra: 82 | Rendering 25 / 32 samples
00:21.594  render           | Fra: 82 | Rendering 32 / 32 samples
00:21.607  render           | Video append frame 82
00:21.607  render           | Time: 00:00.23 (Saving: 00:00.00)
00:21.607  render           | Rendering frame 83
00:21.607  render           | Start rendering: MORI_Assembly_Animation, 视图层
00:21.607  render           | Engine: EEVEE
00:21.659  render           | Fra: 83 | Rendering 1 / 32 samples
00:21.793  render           | Fra: 83 | Rendering 25 / 32 samples
00:21.833  render           | Fra: 83 | Rendering 32 / 32 samples
00:21.845  render           | Video append frame 83
00:21.845  render           | Time: 00:00.23 (Saving: 00:00.00)
00:21.845  render           | Rendering frame 84
00:21.846  render           | Start rendering: MORI_Assembly_Animation, 视图层
00:21.846  render           | Engine: EEVEE
00:21.896  render           | Fra: 84 | Rendering 1 / 32 samples
00:22.028  render           | Fra: 84 | Rendering 25 / 32 samples
00:22.068  render           | Fra: 84 | Rendering 32 / 32 samples
00:22.080  render           | Video append frame 84
00:22.080  render           | Time: 00:00.23 (Saving: 00:00.00)
00:22.080  render           | Rendering frame 85
00:22.080  render           | Start rendering: MORI_Assembly_Animation, 视图层
00:22.080  render           | Engine: EEVEE
00:22.133  render           | Fra: 85 | Rendering 1 / 32 samples
00:22.266  render           | Fra: 85 | Rendering 25 / 32 samples
00:22.305  render           | Fra: 85 | Rendering 32 / 32 samples
00:22.316  render           | Video append frame 85
00:22.316  render           | Time: 00:00.23 (Saving: 00:00.00)
00:22.316  render           | Rendering frame 86
00:22.316  render           | Start rendering: MORI_Assembly_Animation, 视图层
00:22.316  render           | Engine: EEVEE
00:22.368  render           | Fra: 86 | Rendering 1 / 32 samples
00:22.497  render           | Fra: 86 | Rendering 25 / 32 samples
00:22.533  render           | Fra: 86 | Rendering 32 / 32 samples
00:22.545  render           | Video append frame 86
00:22.545  render           | Time: 00:00.22 (Saving: 00:00.00)
00:22.545  render           | Rendering frame 87
00:22.545  render           | Start rendering: MORI_Assembly_Animation, 视图层
00:22.545  render           | Engine: EEVEE
00:22.596  render           | Fra: 87 | Rendering 1 / 32 samples
00:22.731  render           | Fra: 87 | Rendering 25 / 32 samples
00:22.770  render           | Fra: 87 | Rendering 32 / 32 samples
00:22.781  render           | Video append frame 87
00:22.782  render           | Time: 00:00.23 (Saving: 00:00.00)
00:22.782  render           | Rendering frame 88
00:22.782  render           | Start rendering: MORI_Assembly_Animation, 视图层
00:22.782  render           | Engine: EEVEE
00:22.834  render           | Fra: 88 | Rendering 1 / 32 samples
00:22.966  render           | Fra: 88 | Rendering 25 / 32 samples
00:23.005  render           | Fra: 88 | Rendering 32 / 32 samples
00:23.017  render           | Video append frame 88
00:23.017  render           | Time: 00:00.23 (Saving: 00:00.00)
00:23.017  render           | Rendering frame 89
00:23.017  render           | Start rendering: MORI_Assembly_Animation, 视图层
00:23.017  render           | Engine: EEVEE
00:23.068  render           | Fra: 89 | Rendering 1 / 32 samples
00:23.201  render           | Fra: 89 | Rendering 25 / 32 samples
00:23.240  render           | Fra: 89 | Rendering 32 / 32 samples
00:23.253  render           | Video append frame 89
00:23.253  render           | Time: 00:00.23 (Saving: 00:00.00)
00:23.253  render           | Rendering frame 90
00:23.253  render           | Start rendering: MORI_Assembly_Animation, 视图层
00:23.253  render           | Engine: EEVEE
00:23.305  render           | Fra: 90 | Rendering 1 / 32 samples
00:23.434  render           | Fra: 90 | Rendering 25 / 32 samples
00:23.472  render           | Fra: 90 | Rendering 32 / 32 samples
00:23.485  render           | Video append frame 90
00:23.485  render           | Time: 00:00.23 (Saving: 00:00.00)
00:23.485  render           | Rendering frame 91
00:23.485  render           | Start rendering: MORI_Assembly_Animation, 视图层
00:23.485  render           | Engine: EEVEE
00:23.531  render           | Fra: 91 | Rendering 1 / 32 samples
00:23.663  render           | Fra: 91 | Rendering 25 / 32 samples
00:23.702  render           | Fra: 91 | Rendering 32 / 32 samples
00:23.714  render           | Video append frame 91
00:23.714  render           | Time: 00:00.22 (Saving: 00:00.00)
00:23.714  render           | Rendering frame 92
00:23.714  render           | Start rendering: MORI_Assembly_Animation, 视图层
00:23.714  render           | Engine: EEVEE
00:23.765  render           | Fra: 92 | Rendering 1 / 32 samples
00:23.897  render           | Fra: 92 | Rendering 25 / 32 samples
00:23.938  render           | Fra: 92 | Rendering 32 / 32 samples
00:23.951  render           | Video append frame 92
00:23.952  render           | Time: 00:00.23 (Saving: 00:00.00)
00:23.952  render           | Rendering frame 93
00:23.952  render           | Start rendering: MORI_Assembly_Animation, 视图层
00:23.952  render           | Engine: EEVEE
00:24.000  render           | Fra: 93 | Rendering 1 / 32 samples
00:24.134  render           | Fra: 93 | Rendering 25 / 32 samples
00:24.172  render           | Fra: 93 | Rendering 32 / 32 samples
00:24.183  render           | Video append frame 93
00:24.183  render           | Time: 00:00.23 (Saving: 00:00.00)
00:24.183  render           | Rendering frame 94
00:24.183  render           | Start rendering: MORI_Assembly_Animation, 视图层
00:24.183  render           | Engine: EEVEE
00:24.232  render           | Fra: 94 | Rendering 1 / 32 samples
00:24.366  render           | Fra: 94 | Rendering 25 / 32 samples
00:24.405  render           | Fra: 94 | Rendering 32 / 32 samples
00:24.417  render           | Video append frame 94
00:24.417  render           | Time: 00:00.23 (Saving: 00:00.00)
00:24.417  render           | Rendering frame 95
00:24.417  render           | Start rendering: MORI_Assembly_Animation, 视图层
00:24.417  render           | Engine: EEVEE
00:24.465  render           | Fra: 95 | Rendering 1 / 32 samples
00:24.599  render           | Fra: 95 | Rendering 25 / 32 samples
00:24.639  render           | Fra: 95 | Rendering 32 / 32 samples
00:24.652  render           | Video append frame 95
00:24.652  render           | Time: 00:00.23 (Saving: 00:00.00)
00:24.652  render           | Rendering frame 96
00:24.652  render           | Start rendering: MORI_Assembly_Animation, 视图层
00:24.652  render           | Engine: EEVEE
00:24.699  render           | Fra: 96 | Rendering 1 / 32 samples
00:24.845  render           | Fra: 96 | Rendering 25 / 32 samples
00:24.884  render           | Fra: 96 | Rendering 32 / 32 samples
00:24.897  render           | Video append frame 96
00:24.897  render           | Time: 00:00.24 (Saving: 00:00.00)
00:24.897  render           | Rendering frame 97
00:24.897  render           | Start rendering: MORI_Assembly_Animation, 视图层
00:24.897  render           | Engine: EEVEE
00:24.947  render           | Fra: 97 | Rendering 1 / 32 samples
00:25.084  render           | Fra: 97 | Rendering 25 / 32 samples
00:25.123  render           | Fra: 97 | Rendering 32 / 32 samples
00:25.136  render           | Video append frame 97
00:25.136  render           | Time: 00:00.23 (Saving: 00:00.00)
00:25.136  render           | Rendering frame 98
00:25.136  render           | Start rendering: MORI_Assembly_Animation, 视图层
00:25.136  render           | Engine: EEVEE
00:25.183  render           | Fra: 98 | Rendering 1 / 32 samples
00:25.321  render           | Fra: 98 | Rendering 25 / 32 samples
00:25.362  render           | Fra: 98 | Rendering 32 / 32 samples
00:25.374  render           | Video append frame 98
00:25.374  render           | Time: 00:00.23 (Saving: 00:00.00)
00:25.374  render           | Rendering frame 99
00:25.374  render           | Start rendering: MORI_Assembly_Animation, 视图层
00:25.374  render           | Engine: EEVEE
00:25.421  render           | Fra: 99 | Rendering 1 / 32 samples
00:25.549  render           | Fra: 99 | Rendering 25 / 32 samples
00:25.588  render           | Fra: 99 | Rendering 32 / 32 samples
00:25.599  render           | Video append frame 99
00:25.599  render           | Time: 00:00.22 (Saving: 00:00.00)
00:25.599  render           | Rendering frame 100
00:25.599  render           | Start rendering: MORI_Assembly_Animation, 视图层
00:25.599  render           | Engine: EEVEE
00:25.647  render           | Fra: 100 | Rendering 1 / 32 samples
00:25.779  render           | Fra: 100 | Rendering 25 / 32 samples
00:25.817  render           | Fra: 100 | Rendering 32 / 32 samples
00:25.829  render           | Video append frame 100
00:25.829  render           | Time: 00:00.22 (Saving: 00:00.00)
00:25.829  render           | Rendering frame 101
00:25.829  render           | Start rendering: MORI_Assembly_Animation, 视图层
00:25.829  render           | Engine: EEVEE
00:25.875  render           | Fra: 101 | Rendering 1 / 32 samples
00:26.008  render           | Fra: 101 | Rendering 25 / 32 samples
00:26.048  render           | Fra: 101 | Rendering 32 / 32 samples
00:26.060  render           | Video append frame 101
00:26.060  render           | Time: 00:00.23 (Saving: 00:00.00)
00:26.060  render           | Rendering frame 102
00:26.060  render           | Start rendering: MORI_Assembly_Animation, 视图层
00:26.060  render           | Engine: EEVEE
00:26.105  render           | Fra: 102 | Rendering 1 / 32 samples
00:26.239  render           | Fra: 102 | Rendering 25 / 32 samples
00:26.277  render           | Fra: 102 | Rendering 32 / 32 samples
00:26.290  render           | Video append frame 102
00:26.290  render           | Time: 00:00.23 (Saving: 00:00.00)
00:26.290  render           | Rendering frame 103
00:26.290  render           | Start rendering: MORI_Assembly_Animation, 视图层
00:26.290  render           | Engine: EEVEE
00:26.332  render           | Fra: 103 | Rendering 1 / 32 samples
00:26.463  render           | Fra: 103 | Rendering 25 / 32 samples
00:26.501  render           | Fra: 103 | Rendering 32 / 32 samples
00:26.513  render           | Video append frame 103
00:26.513  render           | Time: 00:00.22 (Saving: 00:00.00)
00:26.513  render           | Rendering frame 104
00:26.513  render           | Start rendering: MORI_Assembly_Animation, 视图层
00:26.513  render           | Engine: EEVEE
00:26.561  render           | Fra: 104 | Rendering 1 / 32 samples
00:26.693  render           | Fra: 104 | Rendering 25 / 32 samples
00:26.732  render           | Fra: 104 | Rendering 32 / 32 samples
00:26.743  render           | Video append frame 104
00:26.743  render           | Time: 00:00.22 (Saving: 00:00.00)
00:26.743  render           | Rendering frame 105
00:26.743  render           | Start rendering: MORI_Assembly_Animation, 视图层
00:26.743  render           | Engine: EEVEE
00:26.790  render           | Fra: 105 | Rendering 1 / 32 samples
00:26.922  render           | Fra: 105 | Rendering 25 / 32 samples
00:26.962  render           | Fra: 105 | Rendering 32 / 32 samples
00:26.975  render           | Video append frame 105
00:26.975  render           | Time: 00:00.23 (Saving: 00:00.00)
00:26.975  render           | Rendering frame 106
00:26.975  render           | Start rendering: MORI_Assembly_Animation, 视图层
00:26.975  render           | Engine: EEVEE
00:27.022  render           | Fra: 106 | Rendering 1 / 32 samples
00:27.155  render           | Fra: 106 | Rendering 25 / 32 samples
00:27.193  render           | Fra: 106 | Rendering 32 / 32 samples
00:27.207  render           | Video append frame 106
00:27.207  render           | Time: 00:00.23 (Saving: 00:00.00)
00:27.207  render           | Rendering frame 107
00:27.207  render           | Start rendering: MORI_Assembly_Animation, 视图层
00:27.207  render           | Engine: EEVEE
00:27.256  render           | Fra: 107 | Rendering 1 / 32 samples
00:27.389  render           | Fra: 107 | Rendering 25 / 32 samples
00:27.429  render           | Fra: 107 | Rendering 32 / 32 samples
00:27.440  render           | Video append frame 107
00:27.440  render           | Time: 00:00.23 (Saving: 00:00.00)
00:27.440  render           | Rendering frame 108
00:27.441  render           | Start rendering: MORI_Assembly_Animation, 视图层
00:27.441  render           | Engine: EEVEE
00:27.488  render           | Fra: 108 | Rendering 1 / 32 samples
00:27.622  render           | Fra: 108 | Rendering 25 / 32 samples
00:27.661  render           | Fra: 108 | Rendering 32 / 32 samples
00:27.673  render           | Video append frame 108
00:27.673  render           | Time: 00:00.23 (Saving: 00:00.00)
00:27.673  render           | Rendering frame 109
00:27.674  render           | Start rendering: MORI_Assembly_Animation, 视图层
00:27.674  render           | Engine: EEVEE
00:27.723  render           | Fra: 109 | Rendering 1 / 32 samples
00:27.856  render           | Fra: 109 | Rendering 25 / 32 samples
00:27.896  render           | Fra: 109 | Rendering 32 / 32 samples
00:27.908  render           | Video append frame 109
00:27.908  render           | Time: 00:00.23 (Saving: 00:00.00)
00:27.908  render           | Rendering frame 110
00:27.908  render           | Start rendering: MORI_Assembly_Animation, 视图层
00:27.908  render           | Engine: EEVEE
00:27.956  render           | Fra: 110 | Rendering 1 / 32 samples
00:28.096  render           | Fra: 110 | Rendering 25 / 32 samples
00:28.133  render           | Fra: 110 | Rendering 32 / 32 samples
00:28.143  render           | Video append frame 110
00:28.143  render           | Time: 00:00.23 (Saving: 00:00.00)
00:28.143  render           | Rendering frame 111
00:28.143  render           | Start rendering: MORI_Assembly_Animation, 视图层
00:28.143  render           | Engine: EEVEE
00:28.189  render           | Fra: 111 | Rendering 1 / 32 samples
00:28.322  render           | Fra: 111 | Rendering 25 / 32 samples
00:28.360  render           | Fra: 111 | Rendering 32 / 32 samples
00:28.374  render           | Video append frame 111
00:28.374  render           | Time: 00:00.23 (Saving: 00:00.00)
00:28.374  render           | Rendering frame 112
00:28.374  render           | Start rendering: MORI_Assembly_Animation, 视图层
00:28.374  render           | Engine: EEVEE
00:28.421  render           | Fra: 112 | Rendering 1 / 32 samples
00:28.555  render           | Fra: 112 | Rendering 25 / 32 samples
00:28.593  render           | Fra: 112 | Rendering 32 / 32 samples
00:28.606  render           | Video append frame 112
00:28.606  render           | Time: 00:00.23 (Saving: 00:00.00)
00:28.606  render           | Rendering frame 113
00:28.606  render           | Start rendering: MORI_Assembly_Animation, 视图层
00:28.606  render           | Engine: EEVEE
00:28.651  render           | Fra: 113 | Rendering 1 / 32 samples
00:28.783  render           | Fra: 113 | Rendering 25 / 32 samples
00:28.823  render           | Fra: 113 | Rendering 32 / 32 samples
00:28.835  render           | Video append frame 113
00:28.835  render           | Time: 00:00.22 (Saving: 00:00.00)
00:28.835  render           | Rendering frame 114
00:28.835  render           | Start rendering: MORI_Assembly_Animation, 视图层
00:28.835  render           | Engine: EEVEE
00:28.880  render           | Fra: 114 | Rendering 1 / 32 samples
00:29.014  render           | Fra: 114 | Rendering 25 / 32 samples
00:29.054  render           | Fra: 114 | Rendering 32 / 32 samples
00:29.066  render           | Video append frame 114
00:29.066  render           | Time: 00:00.23 (Saving: 00:00.00)
00:29.066  render           | Rendering frame 115
00:29.066  render           | Start rendering: MORI_Assembly_Animation, 视图层
00:29.066  render           | Engine: EEVEE
00:29.118  render           | Fra: 115 | Rendering 1 / 32 samples
00:29.253  render           | Fra: 115 | Rendering 25 / 32 samples
00:29.292  render           | Fra: 115 | Rendering 32 / 32 samples
00:29.307  render           | Video append frame 115
00:29.307  render           | Time: 00:00.24 (Saving: 00:00.00)
00:29.307  render           | Rendering frame 116
00:29.307  render           | Start rendering: MORI_Assembly_Animation, 视图层
00:29.307  render           | Engine: EEVEE
00:29.352  render           | Fra: 116 | Rendering 1 / 32 samples
00:29.482  render           | Fra: 116 | Rendering 25 / 32 samples
00:29.519  render           | Fra: 116 | Rendering 32 / 32 samples
00:29.532  render           | Video append frame 116
00:29.533  render           | Time: 00:00.22 (Saving: 00:00.00)
00:29.533  render           | Rendering frame 117
00:29.533  render           | Start rendering: MORI_Assembly_Animation, 视图层
00:29.533  render           | Engine: EEVEE
00:29.579  render           | Fra: 117 | Rendering 1 / 32 samples
00:29.715  render           | Fra: 117 | Rendering 25 / 32 samples
00:29.755  render           | Fra: 117 | Rendering 32 / 32 samples
00:29.767  render           | Video append frame 117
00:29.767  render           | Time: 00:00.23 (Saving: 00:00.00)
00:29.767  render           | Rendering frame 118
00:29.767  render           | Start rendering: MORI_Assembly_Animation, 视图层
00:29.767  render           | Engine: EEVEE
00:29.814  render           | Fra: 118 | Rendering 1 / 32 samples
00:29.951  render           | Fra: 118 | Rendering 25 / 32 samples
00:29.992  render           | Fra: 118 | Rendering 32 / 32 samples
00:30.004  render           | Video append frame 118
00:30.004  render           | Time: 00:00.23 (Saving: 00:00.00)
00:30.004  render           | Rendering frame 119
00:30.004  render           | Start rendering: MORI_Assembly_Animation, 视图层
00:30.004  render           | Engine: EEVEE
00:30.050  render           | Fra: 119 | Rendering 1 / 32 samples
00:30.181  render           | Fra: 119 | Rendering 25 / 32 samples
00:30.222  render           | Fra: 119 | Rendering 32 / 32 samples
00:30.234  render           | Video append frame 119
00:30.234  render           | Time: 00:00.22 (Saving: 00:00.00)
00:30.234  render           | Rendering frame 120
00:30.234  render           | Start rendering: MORI_Assembly_Animation, 视图层
00:30.234  render           | Engine: EEVEE
00:30.283  render           | Fra: 120 | Rendering 1 / 32 samples
00:30.411  render           | Fra: 120 | Rendering 25 / 32 samples
00:30.449  render           | Fra: 120 | Rendering 32 / 32 samples
00:30.460  render           | Video append frame 120
00:30.460  render           | Time: 00:00.22 (Saving: 00:00.00)
00:30.460  render           | Rendering frame 121
00:30.461  render           | Start rendering: MORI_Assembly_Animation, 视图层
00:30.461  render           | Engine: EEVEE
00:30.504  render           | Fra: 121 | Rendering 1 / 32 samples
00:30.631  render           | Fra: 121 | Rendering 25 / 32 samples
00:30.671  render           | Fra: 121 | Rendering 32 / 32 samples
00:30.684  render           | Video append frame 121
00:30.684  render           | Time: 00:00.22 (Saving: 00:00.00)
00:30.684  render           | Rendering frame 122
00:30.684  render           | Start rendering: MORI_Assembly_Animation, 视图层
00:30.684  render           | Engine: EEVEE
00:30.730  render           | Fra: 122 | Rendering 1 / 32 samples
00:30.865  render           | Fra: 122 | Rendering 25 / 32 samples
00:30.901  render           | Fra: 122 | Rendering 32 / 32 samples
00:30.913  render           | Video append frame 122
00:30.913  render           | Time: 00:00.22 (Saving: 00:00.00)
00:30.913  render           | Rendering frame 123
00:30.913  render           | Start rendering: MORI_Assembly_Animation, 视图层
00:30.913  render           | Engine: EEVEE
00:30.958  render           | Fra: 123 | Rendering 1 / 32 samples
00:31.091  render           | Fra: 123 | Rendering 25 / 32 samples
00:31.131  render           | Fra: 123 | Rendering 32 / 32 samples
00:31.143  render           | Video append frame 123
00:31.143  render           | Time: 00:00.22 (Saving: 00:00.00)
00:31.143  render           | Rendering frame 124
00:31.143  render           | Start rendering: MORI_Assembly_Animation, 视图层
00:31.143  render           | Engine: EEVEE
00:31.190  render           | Fra: 124 | Rendering 1 / 32 samples
00:31.327  render           | Fra: 124 | Rendering 25 / 32 samples
00:31.368  render           | Fra: 124 | Rendering 32 / 32 samples
00:31.380  render           | Video append frame 124
00:31.380  render           | Time: 00:00.23 (Saving: 00:00.00)
00:31.380  render           | Rendering frame 125
00:31.380  render           | Start rendering: MORI_Assembly_Animation, 视图层
00:31.380  render           | Engine: EEVEE
00:31.428  render           | Fra: 125 | Rendering 1 / 32 samples
00:31.555  render           | Fra: 125 | Rendering 25 / 32 samples
00:31.595  render           | Fra: 125 | Rendering 32 / 32 samples
00:31.607  render           | Video append frame 125
00:31.607  render           | Time: 00:00.22 (Saving: 00:00.00)
00:31.607  render           | Rendering frame 126
00:31.607  render           | Start rendering: MORI_Assembly_Animation, 视图层
00:31.607  render           | Engine: EEVEE
00:31.657  render           | Fra: 126 | Rendering 1 / 32 samples
00:31.791  render           | Fra: 126 | Rendering 25 / 32 samples
00:31.830  render           | Fra: 126 | Rendering 32 / 32 samples
00:31.843  render           | Video append frame 126
00:31.843  render           | Time: 00:00.23 (Saving: 00:00.00)
00:31.843  render           | Rendering frame 127
00:31.843  render           | Start rendering: MORI_Assembly_Animation, 视图层
00:31.843  render           | Engine: EEVEE
00:31.891  render           | Fra: 127 | Rendering 1 / 32 samples
00:32.026  render           | Fra: 127 | Rendering 25 / 32 samples
00:32.065  render           | Fra: 127 | Rendering 32 / 32 samples
00:32.076  render           | Video append frame 127
00:32.076  render           | Time: 00:00.23 (Saving: 00:00.00)
00:32.076  render           | Rendering frame 128
00:32.076  render           | Start rendering: MORI_Assembly_Animation, 视图层
00:32.076  render           | Engine: EEVEE
00:32.127  render           | Fra: 128 | Rendering 1 / 32 samples
00:32.263  render           | Fra: 128 | Rendering 25 / 32 samples
00:32.303  render           | Fra: 128 | Rendering 32 / 32 samples
00:32.314  render           | Video append frame 128
00:32.314  render           | Time: 00:00.23 (Saving: 00:00.00)
00:32.314  render           | Rendering frame 129
00:32.314  render           | Start rendering: MORI_Assembly_Animation, 视图层
00:32.314  render           | Engine: EEVEE
00:32.365  render           | Fra: 129 | Rendering 1 / 32 samples
00:32.500  render           | Fra: 129 | Rendering 25 / 32 samples
00:32.540  render           | Fra: 129 | Rendering 32 / 32 samples
00:32.553  render           | Video append frame 129
00:32.553  render           | Time: 00:00.23 (Saving: 00:00.00)
00:32.553  render           | Rendering frame 130
00:32.553  render           | Start rendering: MORI_Assembly_Animation, 视图层
00:32.553  render           | Engine: EEVEE
00:32.603  render           | Fra: 130 | Rendering 1 / 32 samples
00:32.741  render           | Fra: 130 | Rendering 25 / 32 samples
00:32.779  render           | Fra: 130 | Rendering 32 / 32 samples
00:32.789  render           | Video append frame 130
00:32.789  render           | Time: 00:00.23 (Saving: 00:00.00)
00:32.789  render           | Rendering frame 131
00:32.789  render           | Start rendering: MORI_Assembly_Animation, 视图层
00:32.789  render           | Engine: EEVEE
00:32.847  render           | Fra: 131 | Rendering 1 / 32 samples
00:32.984  render           | Fra: 131 | Rendering 25 / 32 samples
00:33.023  render           | Fra: 131 | Rendering 32 / 32 samples
00:33.034  render           | Video append frame 131
00:33.034  render           | Time: 00:00.24 (Saving: 00:00.00)
00:33.034  render           | Rendering frame 132
00:33.034  render           | Start rendering: MORI_Assembly_Animation, 视图层
00:33.034  render           | Engine: EEVEE
00:33.084  render           | Fra: 132 | Rendering 1 / 32 samples
00:33.216  render           | Fra: 132 | Rendering 25 / 32 samples
00:33.256  render           | Fra: 132 | Rendering 32 / 32 samples
00:33.269  render           | Video append frame 132
00:33.269  render           | Time: 00:00.23 (Saving: 00:00.00)
00:33.269  render           | Rendering frame 133
00:33.269  render           | Start rendering: MORI_Assembly_Animation, 视图层
00:33.269  render           | Engine: EEVEE
00:33.323  render           | Fra: 133 | Rendering 1 / 32 samples
00:33.454  render           | Fra: 133 | Rendering 25 / 32 samples
00:33.491  render           | Fra: 133 | Rendering 32 / 32 samples
00:33.503  render           | Video append frame 133
00:33.503  render           | Time: 00:00.23 (Saving: 00:00.00)
00:33.503  render           | Rendering frame 134
00:33.503  render           | Start rendering: MORI_Assembly_Animation, 视图层
00:33.503  render           | Engine: EEVEE
00:33.552  render           | Fra: 134 | Rendering 1 / 32 samples
00:33.685  render           | Fra: 134 | Rendering 25 / 32 samples
00:33.723  render           | Fra: 134 | Rendering 32 / 32 samples
00:33.736  render           | Video append frame 134
00:33.736  render           | Time: 00:00.23 (Saving: 00:00.00)
00:33.736  render           | Rendering frame 135
00:33.736  render           | Start rendering: MORI_Assembly_Animation, 视图层
00:33.736  render           | Engine: EEVEE
00:33.785  render           | Fra: 135 | Rendering 1 / 32 samples
00:33.917  render           | Fra: 135 | Rendering 25 / 32 samples
00:33.956  render           | Fra: 135 | Rendering 32 / 32 samples
00:33.968  render           | Video append frame 135
00:33.968  render           | Time: 00:00.23 (Saving: 00:00.00)
00:33.969  render           | Rendering frame 136
00:33.969  render           | Start rendering: MORI_Assembly_Animation, 视图层
00:33.969  render           | Engine: EEVEE
00:34.014  render           | Fra: 136 | Rendering 1 / 32 samples
00:34.149  render           | Fra: 136 | Rendering 25 / 32 samples
00:34.189  render           | Fra: 136 | Rendering 32 / 32 samples
00:34.200  render           | Video append frame 136
00:34.200  render           | Time: 00:00.23 (Saving: 00:00.00)
00:34.200  render           | Rendering frame 137
00:34.200  render           | Start rendering: MORI_Assembly_Animation, 视图层
00:34.200  render           | Engine: EEVEE
00:34.249  render           | Fra: 137 | Rendering 1 / 32 samples
00:34.388  render           | Fra: 137 | Rendering 25 / 32 samples
00:34.425  render           | Fra: 137 | Rendering 32 / 32 samples
00:34.436  render           | Video append frame 137
00:34.436  render           | Time: 00:00.23 (Saving: 00:00.00)
00:34.436  render           | Rendering frame 138
00:34.437  render           | Start rendering: MORI_Assembly_Animation, 视图层
00:34.437  render           | Engine: EEVEE
00:34.484  render           | Fra: 138 | Rendering 1 / 32 samples
00:34.617  render           | Fra: 138 | Rendering 25 / 32 samples
00:34.656  render           | Fra: 138 | Rendering 32 / 32 samples
00:34.669  render           | Video append frame 138
00:34.669  render           | Time: 00:00.23 (Saving: 00:00.00)
00:34.669  render           | Rendering frame 139
00:34.669  render           | Start rendering: MORI_Assembly_Animation, 视图层
00:34.669  render           | Engine: EEVEE
00:34.718  render           | Fra: 139 | Rendering 1 / 32 samples
00:34.849  render           | Fra: 139 | Rendering 25 / 32 samples
00:34.889  render           | Fra: 139 | Rendering 32 / 32 samples
00:34.901  render           | Video append frame 139
00:34.901  render           | Time: 00:00.23 (Saving: 00:00.00)
00:34.901  render           | Rendering frame 140
00:34.902  render           | Start rendering: MORI_Assembly_Animation, 视图层
00:34.902  render           | Engine: EEVEE
00:34.948  render           | Fra: 140 | Rendering 1 / 32 samples
00:35.082  render           | Fra: 140 | Rendering 25 / 32 samples
00:35.122  render           | Fra: 140 | Rendering 32 / 32 samples
00:35.134  render           | Video append frame 140
00:35.134  render           | Time: 00:00.23 (Saving: 00:00.00)
00:35.134  render           | Rendering frame 141
00:35.135  render           | Start rendering: MORI_Assembly_Animation, 视图层
00:35.135  render           | Engine: EEVEE
00:35.184  render           | Fra: 141 | Rendering 1 / 32 samples
00:35.321  render           | Fra: 141 | Rendering 25 / 32 samples
00:35.360  render           | Fra: 141 | Rendering 32 / 32 samples
00:35.373  render           | Video append frame 141
00:35.373  render           | Time: 00:00.23 (Saving: 00:00.00)
00:35.373  render           | Rendering frame 142
00:35.374  render           | Start rendering: MORI_Assembly_Animation, 视图层
00:35.374  render           | Engine: EEVEE
00:35.421  render           | Fra: 142 | Rendering 1 / 32 samples
00:35.547  render           | Fra: 142 | Rendering 25 / 32 samples
00:35.584  render           | Fra: 142 | Rendering 32 / 32 samples
00:35.596  render           | Video append frame 142
00:35.596  render           | Time: 00:00.22 (Saving: 00:00.00)
00:35.596  render           | Rendering frame 143
00:35.596  render           | Start rendering: MORI_Assembly_Animation, 视图层
00:35.596  render           | Engine: EEVEE
00:35.646  render           | Fra: 143 | Rendering 1 / 32 samples
00:35.778  render           | Fra: 143 | Rendering 25 / 32 samples
00:35.817  render           | Fra: 143 | Rendering 32 / 32 samples
00:35.829  render           | Video append frame 143
00:35.829  render           | Time: 00:00.23 (Saving: 00:00.00)
00:35.829  render           | Rendering frame 144
00:35.830  render           | Start rendering: MORI_Assembly_Animation, 视图层
00:35.830  render           | Engine: EEVEE
00:35.882  render           | Fra: 144 | Rendering 1 / 32 samples
00:36.015  render           | Fra: 144 | Rendering 25 / 32 samples
00:36.055  render           | Fra: 144 | Rendering 32 / 32 samples
00:36.068  render           | Video append frame 144
00:36.068  render           | Time: 00:00.23 (Saving: 00:00.00)
00:36.068  render           | Rendering frame 145
00:36.068  render           | Start rendering: MORI_Assembly_Animation, 视图层
00:36.068  render           | Engine: EEVEE
00:36.120  render           | Fra: 145 | Rendering 1 / 32 samples
00:36.255  render           | Fra: 145 | Rendering 25 / 32 samples
00:36.294  render           | Fra: 145 | Rendering 32 / 32 samples
00:36.306  render           | Video append frame 145
00:36.306  render           | Time: 00:00.23 (Saving: 00:00.00)
00:36.306  render           | Rendering frame 146
00:36.306  render           | Start rendering: MORI_Assembly_Animation, 视图层
00:36.306  render           | Engine: EEVEE
00:36.357  render           | Fra: 146 | Rendering 1 / 32 samples
00:36.492  render           | Fra: 146 | Rendering 25 / 32 samples
00:36.532  render           | Fra: 146 | Rendering 32 / 32 samples
00:36.544  render           | Video append frame 146
00:36.544  render           | Time: 00:00.23 (Saving: 00:00.00)
00:36.544  render           | Rendering frame 147
00:36.544  render           | Start rendering: MORI_Assembly_Animation, 视图层
00:36.544  render           | Engine: EEVEE
00:36.595  render           | Fra: 147 | Rendering 1 / 32 samples
00:36.733  render           | Fra: 147 | Rendering 25 / 32 samples
00:36.772  render           | Fra: 147 | Rendering 32 / 32 samples
00:36.786  render           | Video append frame 147
00:36.786  render           | Time: 00:00.24 (Saving: 00:00.01)
00:36.786  render           | Rendering frame 148
00:36.786  render           | Start rendering: MORI_Assembly_Animation, 视图层
00:36.786  render           | Engine: EEVEE
00:36.843  render           | Fra: 148 | Rendering 1 / 32 samples
00:36.982  render           | Fra: 148 | Rendering 25 / 32 samples
00:37.020  render           | Fra: 148 | Rendering 32 / 32 samples
00:37.030  render           | Video append frame 148
00:37.030  render           | Time: 00:00.24 (Saving: 00:00.00)
00:37.030  render           | Rendering frame 149
00:37.031  render           | Start rendering: MORI_Assembly_Animation, 视图层
00:37.031  render           | Engine: EEVEE
00:37.080  render           | Fra: 149 | Rendering 1 / 32 samples
00:37.218  render           | Fra: 149 | Rendering 25 / 32 samples
00:37.256  render           | Fra: 149 | Rendering 32 / 32 samples
00:37.269  render           | Video append frame 149
00:37.269  render           | Time: 00:00.23 (Saving: 00:00.00)
00:37.269  render           | Rendering frame 150
00:37.269  render           | Start rendering: MORI_Assembly_Animation, 视图层
00:37.269  render           | Engine: EEVEE
00:37.316  render           | Fra: 150 | Rendering 1 / 32 samples
00:37.447  render           | Fra: 150 | Rendering 25 / 32 samples
00:37.486  render           | Fra: 150 | Rendering 32 / 32 samples
00:37.499  render           | Video append frame 150
00:37.500  render           | Time: 00:00.23 (Saving: 00:00.00)
00:37.500  render           | Rendering frame 151
00:37.500  render           | Start rendering: MORI_Assembly_Animation, 视图层
00:37.500  render           | Engine: EEVEE
00:37.547  render           | Fra: 151 | Rendering 1 / 32 samples
00:37.684  render           | Fra: 151 | Rendering 25 / 32 samples
00:37.724  render           | Fra: 151 | Rendering 32 / 32 samples
00:37.736  render           | Video append frame 151
00:37.736  render           | Time: 00:00.23 (Saving: 00:00.00)
00:37.736  render           | Rendering frame 152
00:37.737  render           | Start rendering: MORI_Assembly_Animation, 视图层
00:37.737  render           | Engine: EEVEE
00:37.786  render           | Fra: 152 | Rendering 1 / 32 samples
00:37.917  render           | Fra: 152 | Rendering 25 / 32 samples
00:37.954  render           | Fra: 152 | Rendering 32 / 32 samples
00:37.963  render           | Video append frame 152
00:37.963  render           | Time: 00:00.22 (Saving: 00:00.00)
00:37.963  render           | Rendering frame 153
00:37.964  render           | Start rendering: MORI_Assembly_Animation, 视图层
00:37.964  render           | Engine: EEVEE
00:38.008  render           | Fra: 153 | Rendering 1 / 32 samples
00:38.135  render           | Fra: 153 | Rendering 25 / 32 samples
00:38.171  render           | Fra: 153 | Rendering 32 / 32 samples
00:38.180  render           | Video append frame 153
00:38.180  render           | Time: 00:00.21 (Saving: 00:00.00)
00:38.180  render           | Rendering frame 154
00:38.180  render           | Start rendering: MORI_Assembly_Animation, 视图层
00:38.180  render           | Engine: EEVEE
00:38.224  render           | Fra: 154 | Rendering 1 / 32 samples
00:38.355  render           | Fra: 154 | Rendering 25 / 32 samples
00:38.391  render           | Fra: 154 | Rendering 32 / 32 samples
00:38.400  render           | Video append frame 154
00:38.400  render           | Time: 00:00.21 (Saving: 00:00.00)
00:38.400  render           | Rendering frame 155
00:38.400  render           | Start rendering: MORI_Assembly_Animation, 视图层
00:38.400  render           | Engine: EEVEE
00:38.442  render           | Fra: 155 | Rendering 1 / 32 samples
00:38.566  render           | Fra: 155 | Rendering 25 / 32 samples
00:38.605  render           | Fra: 155 | Rendering 32 / 32 samples
00:38.615  render           | Video append frame 155
00:38.615  render           | Time: 00:00.21 (Saving: 00:00.00)
00:38.615  render           | Rendering frame 156
00:38.615  render           | Start rendering: MORI_Assembly_Animation, 视图层
00:38.615  render           | Engine: EEVEE
00:38.658  render           | Fra: 156 | Rendering 1 / 32 samples
00:38.791  render           | Fra: 156 | Rendering 25 / 32 samples
00:38.828  render           | Fra: 156 | Rendering 32 / 32 samples
00:38.839  render           | Video append frame 156
00:38.839  render           | Time: 00:00.22 (Saving: 00:00.00)
00:38.839  render           | Rendering frame 157
00:38.839  render           | Start rendering: MORI_Assembly_Animation, 视图层
00:38.839  render           | Engine: EEVEE
00:38.878  render           | Fra: 157 | Rendering 1 / 32 samples
00:39.009  render           | Fra: 157 | Rendering 25 / 32 samples
00:39.049  render           | Fra: 157 | Rendering 32 / 32 samples
00:39.077  render           | Video append frame 157
00:39.077  render           | Time: 00:00.23 (Saving: 00:00.02)
00:39.077  render           | Rendering frame 158
00:39.077  render           | Start rendering: MORI_Assembly_Animation, 视图层
00:39.077  render           | Engine: EEVEE
00:39.117  render           | Fra: 158 | Rendering 1 / 32 samples
00:39.249  render           | Fra: 158 | Rendering 25 / 32 samples
00:39.288  render           | Fra: 158 | Rendering 32 / 32 samples
00:39.298  render           | Video append frame 158
00:39.298  render           | Time: 00:00.22 (Saving: 00:00.00)
00:39.298  render           | Rendering frame 159
00:39.298  render           | Start rendering: MORI_Assembly_Animation, 视图层
00:39.298  render           | Engine: EEVEE
00:39.342  render           | Fra: 159 | Rendering 1 / 32 samples
00:39.473  render           | Fra: 159 | Rendering 25 / 32 samples
00:39.513  render           | Fra: 159 | Rendering 32 / 32 samples
00:39.524  render           | Video append frame 159
00:39.524  render           | Time: 00:00.22 (Saving: 00:00.00)
00:39.524  render           | Rendering frame 160
00:39.524  render           | Start rendering: MORI_Assembly_Animation, 视图层
00:39.524  render           | Engine: EEVEE
00:39.568  render           | Fra: 160 | Rendering 1 / 32 samples
00:39.707  render           | Fra: 160 | Rendering 25 / 32 samples
00:39.744  render           | Fra: 160 | Rendering 32 / 32 samples
00:39.755  render           | Video append frame 160
00:39.755  render           | Time: 00:00.23 (Saving: 00:00.00)
00:39.755  render           | Rendering frame 161
00:39.755  render           | Start rendering: MORI_Assembly_Animation, 视图层
00:39.755  render           | Engine: EEVEE
00:39.802  render           | Fra: 161 | Rendering 1 / 32 samples
00:39.932  render           | Fra: 161 | Rendering 25 / 32 samples
00:39.968  render           | Fra: 161 | Rendering 32 / 32 samples
00:39.980  render           | Video append frame 161
00:39.980  render           | Time: 00:00.22 (Saving: 00:00.00)
00:39.980  render           | Rendering frame 162
00:39.980  render           | Start rendering: MORI_Assembly_Animation, 视图层
00:39.980  render           | Engine: EEVEE
00:40.025  render           | Fra: 162 | Rendering 1 / 32 samples
00:40.155  render           | Fra: 162 | Rendering 25 / 32 samples
00:40.194  render           | Fra: 162 | Rendering 32 / 32 samples
00:40.205  render           | Video append frame 162
00:40.205  render           | Time: 00:00.22 (Saving: 00:00.00)
00:40.205  render           | Rendering frame 163
00:40.206  render           | Start rendering: MORI_Assembly_Animation, 视图层
00:40.206  render           | Engine: EEVEE
00:40.251  render           | Fra: 163 | Rendering 1 / 32 samples
00:40.381  render           | Fra: 163 | Rendering 25 / 32 samples
00:40.419  render           | Fra: 163 | Rendering 32 / 32 samples
00:40.431  render           | Video append frame 163
00:40.431  render           | Time: 00:00.22 (Saving: 00:00.00)
00:40.431  render           | Rendering frame 164
00:40.431  render           | Start rendering: MORI_Assembly_Animation, 视图层
00:40.431  render           | Engine: EEVEE
00:40.476  render           | Fra: 164 | Rendering 1 / 32 samples
00:40.606  render           | Fra: 164 | Rendering 25 / 32 samples
00:40.643  render           | Fra: 164 | Rendering 32 / 32 samples
00:40.655  render           | Video append frame 164
00:40.656  render           | Time: 00:00.22 (Saving: 00:00.00)
00:40.656  render           | Rendering frame 165
00:40.656  render           | Start rendering: MORI_Assembly_Animation, 视图层
00:40.656  render           | Engine: EEVEE
00:40.703  render           | Fra: 165 | Rendering 1 / 32 samples
00:40.836  render           | Fra: 165 | Rendering 25 / 32 samples
00:40.873  render           | Fra: 165 | Rendering 32 / 32 samples
00:40.884  render           | Video append frame 165
00:40.884  render           | Time: 00:00.22 (Saving: 00:00.00)
00:40.884  render           | Rendering frame 166
00:40.884  render           | Start rendering: MORI_Assembly_Animation, 视图层
00:40.884  render           | Engine: EEVEE
00:40.930  render           | Fra: 166 | Rendering 1 / 32 samples
00:41.068  render           | Fra: 166 | Rendering 25 / 32 samples
00:41.108  render           | Fra: 166 | Rendering 32 / 32 samples
00:41.121  render           | Video append frame 166
00:41.121  render           | Time: 00:00.23 (Saving: 00:00.00)
00:41.121  render           | Rendering frame 167
00:41.121  render           | Start rendering: MORI_Assembly_Animation, 视图层
00:41.121  render           | Engine: EEVEE
00:41.178  render           | Fra: 167 | Rendering 1 / 32 samples
00:41.311  render           | Fra: 167 | Rendering 25 / 32 samples
00:41.349  render           | Fra: 167 | Rendering 32 / 32 samples
00:41.362  render           | Video append frame 167
00:41.362  render           | Time: 00:00.24 (Saving: 00:00.00)
00:41.362  render           | Rendering frame 168
00:41.362  render           | Start rendering: MORI_Assembly_Animation, 视图层
00:41.362  render           | Engine: EEVEE
00:41.406  render           | Fra: 168 | Rendering 1 / 32 samples
00:41.532  render           | Fra: 168 | Rendering 25 / 32 samples
00:41.569  render           | Fra: 168 | Rendering 32 / 32 samples
00:41.582  render           | Video append frame 168
00:41.582  render           | Time: 00:00.22 (Saving: 00:00.00)
00:41.582  render           | Rendering frame 169
00:41.582  render           | Start rendering: MORI_Assembly_Animation, 视图层
00:41.582  render           | Engine: EEVEE
00:41.629  render           | Fra: 169 | Rendering 1 / 32 samples
00:41.761  render           | Fra: 169 | Rendering 25 / 32 samples
00:41.800  render           | Fra: 169 | Rendering 32 / 32 samples
00:41.812  render           | Video append frame 169
00:41.812  render           | Time: 00:00.22 (Saving: 00:00.00)
00:41.812  render           | Rendering frame 170
00:41.812  render           | Start rendering: MORI_Assembly_Animation, 视图层
00:41.812  render           | Engine: EEVEE
00:41.858  render           | Fra: 170 | Rendering 1 / 32 samples
00:41.990  render           | Fra: 170 | Rendering 25 / 32 samples
00:42.027  render           | Fra: 170 | Rendering 32 / 32 samples
00:42.040  render           | Video append frame 170
00:42.040  render           | Time: 00:00.22 (Saving: 00:00.00)
00:42.040  render           | Rendering frame 171
00:42.040  render           | Start rendering: MORI_Assembly_Animation, 视图层
00:42.040  render           | Engine: EEVEE
00:42.089  render           | Fra: 171 | Rendering 1 / 32 samples
00:42.222  render           | Fra: 171 | Rendering 25 / 32 samples
00:42.261  render           | Fra: 171 | Rendering 32 / 32 samples
00:42.274  render           | Video append frame 171
00:42.274  render           | Time: 00:00.23 (Saving: 00:00.00)
00:42.274  render           | Rendering frame 172
00:42.274  render           | Start rendering: MORI_Assembly_Animation, 视图层
00:42.274  render           | Engine: EEVEE
00:42.322  render           | Fra: 172 | Rendering 1 / 32 samples
00:42.454  render           | Fra: 172 | Rendering 25 / 32 samples
00:42.493  render           | Fra: 172 | Rendering 32 / 32 samples
00:42.505  render           | Video append frame 172
00:42.505  render           | Time: 00:00.23 (Saving: 00:00.00)
00:42.505  render           | Rendering frame 173
00:42.505  render           | Start rendering: MORI_Assembly_Animation, 视图层
00:42.505  render           | Engine: EEVEE
00:42.553  render           | Fra: 173 | Rendering 1 / 32 samples
00:42.692  render           | Fra: 173 | Rendering 25 / 32 samples
00:42.731  render           | Fra: 173 | Rendering 32 / 32 samples
00:42.743  render           | Video append frame 173
00:42.743  render           | Time: 00:00.23 (Saving: 00:00.00)
00:42.743  render           | Rendering frame 174
00:42.743  render           | Start rendering: MORI_Assembly_Animation, 视图层
00:42.743  render           | Engine: EEVEE
00:42.793  render           | Fra: 174 | Rendering 1 / 32 samples
00:42.929  render           | Fra: 174 | Rendering 25 / 32 samples
00:42.968  render           | Fra: 174 | Rendering 32 / 32 samples
00:42.980  render           | Video append frame 174
00:42.980  render           | Time: 00:00.23 (Saving: 00:00.00)
00:42.980  render           | Rendering frame 175
00:42.980  render           | Start rendering: MORI_Assembly_Animation, 视图层
00:42.980  render           | Engine: EEVEE
00:43.031  render           | Fra: 175 | Rendering 1 / 32 samples
00:43.167  render           | Fra: 175 | Rendering 25 / 32 samples
00:43.206  render           | Fra: 175 | Rendering 32 / 32 samples
00:43.218  render           | Video append frame 175
00:43.218  render           | Time: 00:00.23 (Saving: 00:00.00)
00:43.218  render           | Rendering frame 176
00:43.218  render           | Start rendering: MORI_Assembly_Animation, 视图层
00:43.218  render           | Engine: EEVEE
00:43.265  render           | Fra: 176 | Rendering 1 / 32 samples
00:43.399  render           | Fra: 176 | Rendering 25 / 32 samples
00:43.438  render           | Fra: 176 | Rendering 32 / 32 samples
00:43.450  render           | Video append frame 176
00:43.450  render           | Time: 00:00.23 (Saving: 00:00.00)
00:43.450  render           | Rendering frame 177
00:43.450  render           | Start rendering: MORI_Assembly_Animation, 视图层
00:43.450  render           | Engine: EEVEE
00:43.497  render           | Fra: 177 | Rendering 1 / 32 samples
00:43.627  render           | Fra: 177 | Rendering 25 / 32 samples
00:43.667  render           | Fra: 177 | Rendering 32 / 32 samples
00:43.680  render           | Video append frame 177
00:43.680  render           | Time: 00:00.22 (Saving: 00:00.00)
00:43.680  render           | Rendering frame 178
00:43.680  render           | Start rendering: MORI_Assembly_Animation, 视图层
00:43.680  render           | Engine: EEVEE
00:43.728  render           | Fra: 178 | Rendering 1 / 32 samples
00:43.859  render           | Fra: 178 | Rendering 25 / 32 samples
00:43.899  render           | Fra: 178 | Rendering 32 / 32 samples
00:43.912  render           | Video append frame 178
00:43.912  render           | Time: 00:00.23 (Saving: 00:00.00)
00:43.912  render           | Rendering frame 179
00:43.912  render           | Start rendering: MORI_Assembly_Animation, 视图层
00:43.912  render           | Engine: EEVEE
00:43.956  render           | Fra: 179 | Rendering 1 / 32 samples
00:44.089  render           | Fra: 179 | Rendering 25 / 32 samples
00:44.128  render           | Fra: 179 | Rendering 32 / 32 samples
00:44.142  render           | Video append frame 179
00:44.142  render           | Time: 00:00.22 (Saving: 00:00.00)
00:44.142  render           | Rendering frame 180
00:44.142  render           | Start rendering: MORI_Assembly_Animation, 视图层
00:44.142  render           | Engine: EEVEE
00:44.190  render           | Fra: 180 | Rendering 1 / 32 samples
00:44.328  render           | Fra: 180 | Rendering 25 / 32 samples
00:44.371  render           | Fra: 180 | Rendering 32 / 32 samples
00:44.386  render           | Video append frame 180
00:44.386  render           | Time: 00:00.24 (Saving: 00:00.00)
00:44.386  render           | Rendering frame 181
00:44.386  render           | Start rendering: MORI_Assembly_Animation, 视图层
00:44.386  render           | Engine: EEVEE
00:44.433  render           | Fra: 181 | Rendering 1 / 32 samples
00:44.576  render           | Fra: 181 | Rendering 25 / 32 samples
00:44.615  render           | Fra: 181 | Rendering 32 / 32 samples
00:44.626  render           | Video append frame 181
00:44.626  render           | Time: 00:00.24 (Saving: 00:00.00)
00:44.626  render           | Rendering frame 182
00:44.626  render           | Start rendering: MORI_Assembly_Animation, 视图层
00:44.626  render           | Engine: EEVEE
00:44.676  render           | Fra: 182 | Rendering 1 / 32 samples
00:44.814  render           | Fra: 182 | Rendering 25 / 32 samples
00:44.854  render           | Fra: 182 | Rendering 32 / 32 samples
00:44.865  render           | Video append frame 182
00:44.865  render           | Time: 00:00.23 (Saving: 00:00.00)
00:44.865  render           | Rendering frame 183
00:44.865  render           | Start rendering: MORI_Assembly_Animation, 视图层
00:44.865  render           | Engine: EEVEE
00:44.913  render           | Fra: 183 | Rendering 1 / 32 samples
00:45.044  render           | Fra: 183 | Rendering 25 / 32 samples
00:45.084  render           | Fra: 183 | Rendering 32 / 32 samples
00:45.097  render           | Video append frame 183
00:45.097  render           | Time: 00:00.23 (Saving: 00:00.00)
00:45.097  render           | Rendering frame 184
00:45.097  render           | Start rendering: MORI_Assembly_Animation, 视图层
00:45.097  render           | Engine: EEVEE
00:45.144  render           | Fra: 184 | Rendering 1 / 32 samples
00:45.277  render           | Fra: 184 | Rendering 25 / 32 samples
00:45.317  render           | Fra: 184 | Rendering 32 / 32 samples
00:45.329  render           | Video append frame 184
00:45.329  render           | Time: 00:00.23 (Saving: 00:00.00)
00:45.329  render           | Rendering frame 185
00:45.329  render           | Start rendering: MORI_Assembly_Animation, 视图层
00:45.329  render           | Engine: EEVEE
00:45.376  render           | Fra: 185 | Rendering 1 / 32 samples
00:45.503  render           | Fra: 185 | Rendering 25 / 32 samples
00:45.539  render           | Fra: 185 | Rendering 32 / 32 samples
00:45.551  render           | Video append frame 185
00:45.551  render           | Time: 00:00.22 (Saving: 00:00.00)
00:45.551  render           | Rendering frame 186
00:45.551  render           | Start rendering: MORI_Assembly_Animation, 视图层
00:45.551  render           | Engine: EEVEE
00:45.599  render           | Fra: 186 | Rendering 1 / 32 samples
00:45.733  render           | Fra: 186 | Rendering 25 / 32 samples
00:45.772  render           | Fra: 186 | Rendering 32 / 32 samples
00:45.782  render           | Video append frame 186
00:45.782  render           | Time: 00:00.23 (Saving: 00:00.00)
00:45.782  render           | Rendering frame 187
00:45.782  render           | Start rendering: MORI_Assembly_Animation, 视图层
00:45.782  render           | Engine: EEVEE
00:45.832  render           | Fra: 187 | Rendering 1 / 32 samples
00:45.965  render           | Fra: 187 | Rendering 25 / 32 samples
00:46.004  render           | Fra: 187 | Rendering 32 / 32 samples
00:46.016  render           | Video append frame 187
00:46.016  render           | Time: 00:00.23 (Saving: 00:00.00)
00:46.016  render           | Rendering frame 188
00:46.016  render           | Start rendering: MORI_Assembly_Animation, 视图层
00:46.016  render           | Engine: EEVEE
00:46.063  render           | Fra: 188 | Rendering 1 / 32 samples
00:46.199  render           | Fra: 188 | Rendering 25 / 32 samples
00:46.240  render           | Fra: 188 | Rendering 32 / 32 samples
00:46.253  render           | Video append frame 188
00:46.253  render           | Time: 00:00.23 (Saving: 00:00.00)
00:46.253  render           | Rendering frame 189
00:46.253  render           | Start rendering: MORI_Assembly_Animation, 视图层
00:46.253  render           | Engine: EEVEE
00:46.299  render           | Fra: 189 | Rendering 1 / 32 samples
00:46.433  render           | Fra: 189 | Rendering 25 / 32 samples
00:46.469  render           | Fra: 189 | Rendering 32 / 32 samples
00:46.481  render           | Video append frame 189
00:46.481  render           | Time: 00:00.22 (Saving: 00:00.00)
00:46.481  render           | Rendering frame 190
00:46.481  render           | Start rendering: MORI_Assembly_Animation, 视图层
00:46.481  render           | Engine: EEVEE
00:46.528  render           | Fra: 190 | Rendering 1 / 32 samples
00:46.654  render           | Fra: 190 | Rendering 25 / 32 samples
00:46.691  render           | Fra: 190 | Rendering 32 / 32 samples
00:46.702  render           | Video append frame 190
00:46.702  render           | Time: 00:00.22 (Saving: 00:00.00)
00:46.702  render           | Rendering frame 191
00:46.702  render           | Start rendering: MORI_Assembly_Animation, 视图层
00:46.702  render           | Engine: EEVEE
00:46.748  render           | Fra: 191 | Rendering 1 / 32 samples
00:46.883  render           | Fra: 191 | Rendering 25 / 32 samples
00:46.923  render           | Fra: 191 | Rendering 32 / 32 samples
00:46.935  render           | Video append frame 191
00:46.935  render           | Time: 00:00.23 (Saving: 00:00.00)
00:46.935  render           | Rendering frame 192
00:46.935  render           | Start rendering: MORI_Assembly_Animation, 视图层
00:46.935  render           | Engine: EEVEE
00:46.982  render           | Fra: 192 | Rendering 1 / 32 samples
00:47.116  render           | Fra: 192 | Rendering 25 / 32 samples
00:47.156  render           | Fra: 192 | Rendering 32 / 32 samples
00:47.167  render           | Video append frame 192
00:47.167  render           | Time: 00:00.23 (Saving: 00:00.00)
00:47.167  render           | Rendering frame 193
00:47.167  render           | Start rendering: MORI_Assembly_Animation, 视图层
00:47.167  render           | Engine: EEVEE
00:47.215  render           | Fra: 193 | Rendering 1 / 32 samples
00:47.350  render           | Fra: 193 | Rendering 25 / 32 samples
00:47.389  render           | Fra: 193 | Rendering 32 / 32 samples
00:47.402  render           | Video append frame 193
00:47.402  render           | Time: 00:00.23 (Saving: 00:00.00)
00:47.402  render           | Rendering frame 194
00:47.402  render           | Start rendering: MORI_Assembly_Animation, 视图层
00:47.402  render           | Engine: EEVEE
00:47.450  render           | Fra: 194 | Rendering 1 / 32 samples
00:47.583  render           | Fra: 194 | Rendering 25 / 32 samples
00:47.621  render           | Fra: 194 | Rendering 32 / 32 samples
00:47.632  render           | Video append frame 194
00:47.632  render           | Time: 00:00.22 (Saving: 00:00.00)
00:47.632  render           | Rendering frame 195
00:47.632  render           | Start rendering: MORI_Assembly_Animation, 视图层
00:47.632  render           | Engine: EEVEE
00:47.680  render           | Fra: 195 | Rendering 1 / 32 samples
00:47.815  render           | Fra: 195 | Rendering 25 / 32 samples
00:47.852  render           | Fra: 195 | Rendering 32 / 32 samples
00:47.864  render           | Video append frame 195
00:47.864  render           | Time: 00:00.23 (Saving: 00:00.00)
00:47.864  render           | Rendering frame 196
00:47.864  render           | Start rendering: MORI_Assembly_Animation, 视图层
00:47.864  render           | Engine: EEVEE
00:47.911  render           | Fra: 196 | Rendering 1 / 32 samples
00:48.037  render           | Fra: 196 | Rendering 25 / 32 samples
00:48.071  render           | Fra: 196 | Rendering 32 / 32 samples
00:48.083  render           | Video append frame 196
00:48.083  render           | Time: 00:00.21 (Saving: 00:00.00)
00:48.083  render           | Rendering frame 197
00:48.083  render           | Start rendering: MORI_Assembly_Animation, 视图层
00:48.083  render           | Engine: EEVEE
00:48.131  render           | Fra: 197 | Rendering 1 / 32 samples
00:48.264  render           | Fra: 197 | Rendering 25 / 32 samples
00:48.304  render           | Fra: 197 | Rendering 32 / 32 samples
00:48.317  render           | Video append frame 197
00:48.317  render           | Time: 00:00.23 (Saving: 00:00.00)
00:48.317  render           | Rendering frame 198
00:48.317  render           | Start rendering: MORI_Assembly_Animation, 视图层
00:48.317  render           | Engine: EEVEE
00:48.363  render           | Fra: 198 | Rendering 1 / 32 samples
00:48.488  render           | Fra: 198 | Rendering 25 / 32 samples
00:48.524  render           | Fra: 198 | Rendering 32 / 32 samples
00:48.536  render           | Video append frame 198
00:48.536  render           | Time: 00:00.21 (Saving: 00:00.00)
00:48.536  render           | Rendering frame 199
00:48.536  render           | Start rendering: MORI_Assembly_Animation, 视图层
00:48.536  render           | Engine: EEVEE
00:48.581  render           | Fra: 199 | Rendering 1 / 32 samples
00:48.709  render           | Fra: 199 | Rendering 25 / 32 samples
00:48.748  render           | Fra: 199 | Rendering 32 / 32 samples
00:48.759  render           | Video append frame 199
00:48.759  render           | Time: 00:00.22 (Saving: 00:00.00)
00:48.759  render           | Rendering frame 200
00:48.759  render           | Start rendering: MORI_Assembly_Animation, 视图层
00:48.759  render           | Engine: EEVEE
00:48.805  render           | Fra: 200 | Rendering 1 / 32 samples
00:48.934  render           | Fra: 200 | Rendering 25 / 32 samples
00:48.972  render           | Fra: 200 | Rendering 32 / 32 samples
00:48.985  render           | Video append frame 200
00:48.985  render           | Time: 00:00.22 (Saving: 00:00.00)
00:48.985  render           | Rendering frame 201
00:48.985  render           | Start rendering: MORI_Assembly_Animation, 视图层
00:48.985  render           | Engine: EEVEE
00:49.031  render           | Fra: 201 | Rendering 1 / 32 samples
00:49.165  render           | Fra: 201 | Rendering 25 / 32 samples
00:49.205  render           | Fra: 201 | Rendering 32 / 32 samples
00:49.217  render           | Video append frame 201
00:49.217  render           | Time: 00:00.23 (Saving: 00:00.00)
00:49.217  render           | Rendering frame 202
00:49.217  render           | Start rendering: MORI_Assembly_Animation, 视图层
00:49.217  render           | Engine: EEVEE
00:49.265  render           | Fra: 202 | Rendering 1 / 32 samples
00:49.399  render           | Fra: 202 | Rendering 25 / 32 samples
00:49.438  render           | Fra: 202 | Rendering 32 / 32 samples
00:49.451  render           | Video append frame 202
00:49.451  render           | Time: 00:00.23 (Saving: 00:00.00)
00:49.451  render           | Rendering frame 203
00:49.451  render           | Start rendering: MORI_Assembly_Animation, 视图层
00:49.451  render           | Engine: EEVEE
00:49.505  render           | Fra: 203 | Rendering 1 / 32 samples
00:49.641  render           | Fra: 203 | Rendering 25 / 32 samples
00:49.680  render           | Fra: 203 | Rendering 32 / 32 samples
00:49.692  render           | Video append frame 203
00:49.692  render           | Time: 00:00.24 (Saving: 00:00.00)
00:49.692  render           | Rendering frame 204
00:49.692  render           | Start rendering: MORI_Assembly_Animation, 视图层
00:49.692  render           | Engine: EEVEE
00:49.743  render           | Fra: 204 | Rendering 1 / 32 samples
00:49.876  render           | Fra: 204 | Rendering 25 / 32 samples
00:49.915  render           | Fra: 204 | Rendering 32 / 32 samples
00:49.925  render           | Video append frame 204
00:49.925  render           | Time: 00:00.23 (Saving: 00:00.00)
00:49.925  render           | Rendering frame 205
00:49.925  render           | Start rendering: MORI_Assembly_Animation, 视图层
00:49.925  render           | Engine: EEVEE
00:49.971  render           | Fra: 205 | Rendering 1 / 32 samples
00:50.105  render           | Fra: 205 | Rendering 25 / 32 samples
00:50.144  render           | Fra: 205 | Rendering 32 / 32 samples
00:50.156  render           | Video append frame 205
00:50.156  render           | Time: 00:00.23 (Saving: 00:00.00)
00:50.156  render           | Rendering frame 206
00:50.156  render           | Start rendering: MORI_Assembly_Animation, 视图层
00:50.156  render           | Engine: EEVEE
00:50.202  render           | Fra: 206 | Rendering 1 / 32 samples
00:50.338  render           | Fra: 206 | Rendering 25 / 32 samples
00:50.376  render           | Fra: 206 | Rendering 32 / 32 samples
00:50.388  render           | Video append frame 206
00:50.388  render           | Time: 00:00.23 (Saving: 00:00.00)
00:50.388  render           | Rendering frame 207
00:50.388  render           | Start rendering: MORI_Assembly_Animation, 视图层
00:50.388  render           | Engine: EEVEE
00:50.436  render           | Fra: 207 | Rendering 1 / 32 samples
00:50.570  render           | Fra: 207 | Rendering 25 / 32 samples
00:50.609  render           | Fra: 207 | Rendering 32 / 32 samples
00:50.621  render           | Video append frame 207
00:50.621  render           | Time: 00:00.23 (Saving: 00:00.00)
00:50.621  render           | Rendering frame 208
00:50.621  render           | Start rendering: MORI_Assembly_Animation, 视图层
00:50.621  render           | Engine: EEVEE
00:50.669  render           | Fra: 208 | Rendering 1 / 32 samples
00:50.801  render           | Fra: 208 | Rendering 25 / 32 samples
00:50.840  render           | Fra: 208 | Rendering 32 / 32 samples
00:50.853  render           | Video append frame 208
00:50.853  render           | Time: 00:00.23 (Saving: 00:00.00)
00:50.853  render           | Rendering frame 209
00:50.853  render           | Start rendering: MORI_Assembly_Animation, 视图层
00:50.853  render           | Engine: EEVEE
00:50.899  render           | Fra: 209 | Rendering 1 / 32 samples
00:51.035  render           | Fra: 209 | Rendering 25 / 32 samples
00:51.074  render           | Fra: 209 | Rendering 32 / 32 samples
00:51.086  render           | Video append frame 209
00:51.086  render           | Time: 00:00.23 (Saving: 00:00.00)
00:51.086  render           | Rendering frame 210
00:51.086  render           | Start rendering: MORI_Assembly_Animation, 视图层
00:51.086  render           | Engine: EEVEE
00:51.132  render           | Fra: 210 | Rendering 1 / 32 samples
00:51.266  render           | Fra: 210 | Rendering 25 / 32 samples
00:51.306  render           | Fra: 210 | Rendering 32 / 32 samples
00:51.317  render           | Video append frame 210
00:51.317  render           | Time: 00:00.23 (Saving: 00:00.00)
00:51.317  render           | Rendering frame 211
00:51.317  render           | Start rendering: MORI_Assembly_Animation, 视图层
00:51.317  render           | Engine: EEVEE
00:51.365  render           | Fra: 211 | Rendering 1 / 32 samples
00:51.497  render           | Fra: 211 | Rendering 25 / 32 samples
00:51.534  render           | Fra: 211 | Rendering 32 / 32 samples
00:51.546  render           | Video append frame 211
00:51.546  render           | Time: 00:00.22 (Saving: 00:00.00)
00:51.546  render           | Rendering frame 212
00:51.546  render           | Start rendering: MORI_Assembly_Animation, 视图层
00:51.546  render           | Engine: EEVEE
00:51.592  render           | Fra: 212 | Rendering 1 / 32 samples
00:51.727  render           | Fra: 212 | Rendering 25 / 32 samples
00:51.767  render           | Fra: 212 | Rendering 32 / 32 samples
00:51.779  render           | Video append frame 212
00:51.779  render           | Time: 00:00.23 (Saving: 00:00.00)
00:51.779  render           | Rendering frame 213
00:51.779  render           | Start rendering: MORI_Assembly_Animation, 视图层
00:51.779  render           | Engine: EEVEE
00:51.827  render           | Fra: 213 | Rendering 1 / 32 samples
00:51.960  render           | Fra: 213 | Rendering 25 / 32 samples
00:52.000  render           | Fra: 213 | Rendering 32 / 32 samples
00:52.013  render           | Video append frame 213
00:52.013  render           | Time: 00:00.23 (Saving: 00:00.00)
00:52.013  render           | Rendering frame 214
00:52.013  render           | Start rendering: MORI_Assembly_Animation, 视图层
00:52.013  render           | Engine: EEVEE
00:52.064  render           | Fra: 214 | Rendering 1 / 32 samples
00:52.197  render           | Fra: 214 | Rendering 25 / 32 samples
00:52.237  render           | Fra: 214 | Rendering 32 / 32 samples
00:52.248  render           | Video append frame 214
00:52.248  render           | Time: 00:00.23 (Saving: 00:00.00)
00:52.248  render           | Rendering frame 215
00:52.248  render           | Start rendering: MORI_Assembly_Animation, 视图层
00:52.248  render           | Engine: EEVEE
00:52.297  render           | Fra: 215 | Rendering 1 / 32 samples
00:52.429  render           | Fra: 215 | Rendering 25 / 32 samples
00:52.465  render           | Fra: 215 | Rendering 32 / 32 samples
00:52.477  render           | Video append frame 215
00:52.477  render           | Time: 00:00.22 (Saving: 00:00.00)
00:52.477  render           | Rendering frame 216
00:52.477  render           | Start rendering: MORI_Assembly_Animation, 视图层
00:52.477  render           | Engine: EEVEE
00:52.523  render           | Fra: 216 | Rendering 1 / 32 samples
00:52.657  render           | Fra: 216 | Rendering 25 / 32 samples
00:52.694  render           | Fra: 216 | Rendering 32 / 32 samples
00:52.707  render           | Video append frame 216
00:52.707  render           | Time: 00:00.23 (Saving: 00:00.00)
00:52.707  render           | Rendering frame 217
00:52.707  render           | Start rendering: MORI_Assembly_Animation, 视图层
00:52.707  render           | Engine: EEVEE
00:52.755  render           | Fra: 217 | Rendering 1 / 32 samples
00:52.887  render           | Fra: 217 | Rendering 25 / 32 samples
00:52.926  render           | Fra: 217 | Rendering 32 / 32 samples
00:52.938  render           | Video append frame 217
00:52.938  render           | Time: 00:00.23 (Saving: 00:00.00)
00:52.938  render           | Rendering frame 218
00:52.939  render           | Start rendering: MORI_Assembly_Animation, 视图层
00:52.939  render           | Engine: EEVEE
00:52.986  render           | Fra: 218 | Rendering 1 / 32 samples
00:53.120  render           | Fra: 218 | Rendering 25 / 32 samples
00:53.158  render           | Fra: 218 | Rendering 32 / 32 samples
00:53.170  render           | Video append frame 218
00:53.170  render           | Time: 00:00.23 (Saving: 00:00.00)
00:53.170  render           | Rendering frame 219
00:53.170  render           | Start rendering: MORI_Assembly_Animation, 视图层
00:53.170  render           | Engine: EEVEE
00:53.219  render           | Fra: 219 | Rendering 1 / 32 samples
00:53.353  render           | Fra: 219 | Rendering 25 / 32 samples
00:53.392  render           | Fra: 219 | Rendering 32 / 32 samples
00:53.403  render           | Video append frame 219
00:53.403  render           | Time: 00:00.23 (Saving: 00:00.00)
00:53.403  render           | Rendering frame 220
00:53.404  render           | Start rendering: MORI_Assembly_Animation, 视图层
00:53.404  render           | Engine: EEVEE
00:53.450  render           | Fra: 220 | Rendering 1 / 32 samples
00:53.592  render           | Fra: 220 | Rendering 25 / 32 samples
00:53.632  render           | Fra: 220 | Rendering 32 / 32 samples
00:53.645  render           | Video append frame 220
00:53.645  render           | Time: 00:00.24 (Saving: 00:00.00)
00:53.645  render           | Rendering frame 221
00:53.645  render           | Start rendering: MORI_Assembly_Animation, 视图层
00:53.645  render           | Engine: EEVEE
00:53.697  render           | Fra: 221 | Rendering 1 / 32 samples
00:53.839  render           | Fra: 221 | Rendering 25 / 32 samples
00:53.879  render           | Fra: 221 | Rendering 32 / 32 samples
00:53.892  render           | Video append frame 221
00:53.892  render           | Time: 00:00.24 (Saving: 00:00.00)
00:53.892  render           | Rendering frame 222
00:53.892  render           | Start rendering: MORI_Assembly_Animation, 视图层
00:53.892  render           | Engine: EEVEE
00:53.942  render           | Fra: 222 | Rendering 1 / 32 samples
00:54.082  render           | Fra: 222 | Rendering 25 / 32 samples
00:54.123  render           | Fra: 222 | Rendering 32 / 32 samples
00:54.136  render           | Video append frame 222
00:54.136  render           | Time: 00:00.24 (Saving: 00:00.00)
00:54.136  render           | Rendering frame 223
00:54.137  render           | Start rendering: MORI_Assembly_Animation, 视图层
00:54.137  render           | Engine: EEVEE
00:54.188  render           | Fra: 223 | Rendering 1 / 32 samples
00:54.323  render           | Fra: 223 | Rendering 25 / 32 samples
00:54.362  render           | Fra: 223 | Rendering 32 / 32 samples
00:54.375  render           | Video append frame 223
00:54.375  render           | Time: 00:00.23 (Saving: 00:00.00)
00:54.375  render           | Rendering frame 224
00:54.375  render           | Start rendering: MORI_Assembly_Animation, 视图层
00:54.375  render           | Engine: EEVEE
00:54.427  render           | Fra: 224 | Rendering 1 / 32 samples
00:54.570  render           | Fra: 224 | Rendering 25 / 32 samples
00:54.608  render           | Fra: 224 | Rendering 32 / 32 samples
00:54.623  render           | Video append frame 224
00:54.623  render           | Time: 00:00.24 (Saving: 00:00.01)
00:54.623  render           | Rendering frame 225
00:54.623  render           | Start rendering: MORI_Assembly_Animation, 视图层
00:54.623  render           | Engine: EEVEE
00:54.673  render           | Fra: 225 | Rendering 1 / 32 samples
00:54.811  render           | Fra: 225 | Rendering 25 / 32 samples
00:54.850  render           | Fra: 225 | Rendering 32 / 32 samples
00:54.878  render           | Video append frame 225
00:54.878  render           | Time: 00:00.25 (Saving: 00:00.01)
00:54.878  render           | Rendering frame 226
00:54.879  render           | Start rendering: MORI_Assembly_Animation, 视图层
00:54.879  render           | Engine: EEVEE
00:54.920  render           | Fra: 226 | Rendering 1 / 32 samples
00:55.053  render           | Fra: 226 | Rendering 25 / 32 samples
00:55.093  render           | Fra: 226 | Rendering 32 / 32 samples
00:55.105  render           | Video append frame 226
00:55.105  render           | Time: 00:00.22 (Saving: 00:00.00)
00:55.105  render           | Rendering frame 227
00:55.105  render           | Start rendering: MORI_Assembly_Animation, 视图层
00:55.105  render           | Engine: EEVEE
00:55.147  render           | Fra: 227 | Rendering 1 / 32 samples
00:55.282  render           | Fra: 227 | Rendering 25 / 32 samples
00:55.322  render           | Fra: 227 | Rendering 32 / 32 samples
00:55.336  render           | Video append frame 227
00:55.336  render           | Time: 00:00.23 (Saving: 00:00.01)
00:55.336  render           | Rendering frame 228
00:55.336  render           | Start rendering: MORI_Assembly_Animation, 视图层
00:55.336  render           | Engine: EEVEE
00:55.381  render           | Fra: 228 | Rendering 1 / 32 samples
00:55.517  render           | Fra: 228 | Rendering 25 / 32 samples
00:55.558  render           | Fra: 228 | Rendering 32 / 32 samples
00:55.573  render           | Video append frame 228
00:55.573  render           | Time: 00:00.23 (Saving: 00:00.01)
00:55.573  render           | Rendering frame 229
00:55.573  render           | Start rendering: MORI_Assembly_Animation, 视图层
00:55.573  render           | Engine: EEVEE
00:55.622  render           | Fra: 229 | Rendering 1 / 32 samples
00:55.757  render           | Fra: 229 | Rendering 25 / 32 samples
00:55.797  render           | Fra: 229 | Rendering 32 / 32 samples
00:55.809  render           | Video append frame 229
00:55.810  render           | Time: 00:00.23 (Saving: 00:00.00)
00:55.810  render           | Rendering frame 230
00:55.810  render           | Start rendering: MORI_Assembly_Animation, 视图层
00:55.810  render           | Engine: EEVEE
00:55.857  render           | Fra: 230 | Rendering 1 / 32 samples
00:55.987  render           | Fra: 230 | Rendering 25 / 32 samples
00:56.024  render           | Fra: 230 | Rendering 32 / 32 samples
00:56.037  render           | Video append frame 230
00:56.037  render           | Time: 00:00.22 (Saving: 00:00.00)
00:56.037  render           | Rendering frame 231
00:56.037  render           | Start rendering: MORI_Assembly_Animation, 视图层
00:56.037  render           | Engine: EEVEE
00:56.091  render           | Fra: 231 | Rendering 1 / 32 samples
00:56.225  render           | Fra: 231 | Rendering 25 / 32 samples
00:56.264  render           | Fra: 231 | Rendering 32 / 32 samples
00:56.276  render           | Video append frame 231
00:56.276  render           | Time: 00:00.23 (Saving: 00:00.00)
00:56.276  render           | Rendering frame 232
00:56.276  render           | Start rendering: MORI_Assembly_Animation, 视图层
00:56.276  render           | Engine: EEVEE
00:56.336  render           | Fra: 232 | Rendering 1 / 32 samples
00:56.466  render           | Fra: 232 | Rendering 25 / 32 samples
00:56.504  render           | Fra: 232 | Rendering 32 / 32 samples
00:56.517  render           | Video append frame 232
00:56.518  render           | Time: 00:00.24 (Saving: 00:00.01)
00:56.518  render           | Rendering frame 233
00:56.518  render           | Start rendering: MORI_Assembly_Animation, 视图层
00:56.518  render           | Engine: EEVEE
00:56.573  render           | Fra: 233 | Rendering 1 / 32 samples
00:56.707  render           | Fra: 233 | Rendering 25 / 32 samples
00:56.745  render           | Fra: 233 | Rendering 32 / 32 samples
00:56.757  render           | Video append frame 233
00:56.757  render           | Time: 00:00.23 (Saving: 00:00.00)
00:56.757  render           | Rendering frame 234
00:56.757  render           | Start rendering: MORI_Assembly_Animation, 视图层
00:56.757  render           | Engine: EEVEE
00:56.818  render           | Fra: 234 | Rendering 1 / 32 samples
00:56.944  render           | Fra: 234 | Rendering 25 / 32 samples
00:56.980  render           | Fra: 234 | Rendering 32 / 32 samples
00:56.993  render           | Video append frame 234
00:56.993  render           | Time: 00:00.23 (Saving: 00:00.00)
00:56.993  render           | Rendering frame 235
00:56.993  render           | Start rendering: MORI_Assembly_Animation, 视图层
00:56.993  render           | Engine: EEVEE
00:57.045  render           | Fra: 235 | Rendering 1 / 32 samples
00:57.175  render           | Fra: 235 | Rendering 25 / 32 samples
00:57.214  render           | Fra: 235 | Rendering 32 / 32 samples
00:57.226  render           | Video append frame 235
00:57.226  render           | Time: 00:00.23 (Saving: 00:00.00)
00:57.226  render           | Rendering frame 236
00:57.226  render           | Start rendering: MORI_Assembly_Animation, 视图层
00:57.226  render           | Engine: EEVEE
00:57.277  render           | Fra: 236 | Rendering 1 / 32 samples
00:57.407  render           | Fra: 236 | Rendering 25 / 32 samples
00:57.443  render           | Fra: 236 | Rendering 32 / 32 samples
00:57.456  render           | Video append frame 236
00:57.456  render           | Time: 00:00.23 (Saving: 00:00.00)
00:57.456  render           | Rendering frame 237
00:57.456  render           | Start rendering: MORI_Assembly_Animation, 视图层
00:57.456  render           | Engine: EEVEE
00:57.508  render           | Fra: 237 | Rendering 1 / 32 samples
00:57.638  render           | Fra: 237 | Rendering 25 / 32 samples
00:57.677  render           | Fra: 237 | Rendering 32 / 32 samples
00:57.693  render           | Video append frame 237
00:57.693  render           | Time: 00:00.23 (Saving: 00:00.00)
00:57.693  render           | Rendering frame 238
00:57.693  render           | Start rendering: MORI_Assembly_Animation, 视图层
00:57.694  render           | Engine: EEVEE
00:57.746  render           | Fra: 238 | Rendering 1 / 32 samples
00:57.884  render           | Fra: 238 | Rendering 25 / 32 samples
00:57.922  render           | Fra: 238 | Rendering 32 / 32 samples
00:57.931  render           | Video append frame 238
00:57.931  render           | Time: 00:00.23 (Saving: 00:00.00)
00:57.931  render           | Rendering frame 239
00:57.931  render           | Start rendering: MORI_Assembly_Animation, 视图层
00:57.932  render           | Engine: EEVEE
00:57.982  render           | Fra: 239 | Rendering 1 / 32 samples
00:58.112  render           | Fra: 239 | Rendering 25 / 32 samples
00:58.151  render           | Fra: 239 | Rendering 32 / 32 samples
00:58.163  render           | Video append frame 239
00:58.163  render           | Time: 00:00.23 (Saving: 00:00.00)
00:58.163  render           | Rendering frame 240
00:58.163  render           | Start rendering: MORI_Assembly_Animation, 视图层
00:58.163  render           | Engine: EEVEE
00:58.213  render           | Fra: 240 | Rendering 1 / 32 samples
00:58.342  render           | Fra: 240 | Rendering 25 / 32 samples
00:58.379  render           | Fra: 240 | Rendering 32 / 32 samples
00:58.391  render           | Video append frame 240
00:58.391  render           | Time: 00:00.22 (Saving: 00:00.00)
00:58.391  render           | Rendering frame 241
00:58.391  render           | Start rendering: MORI_Assembly_Animation, 视图层
00:58.391  render           | Engine: EEVEE
00:58.440  render           | Fra: 241 | Rendering 1 / 32 samples
00:58.568  render           | Fra: 241 | Rendering 25 / 32 samples
00:58.606  render           | Fra: 241 | Rendering 32 / 32 samples
00:58.616  render           | Video append frame 241
00:58.616  render           | Time: 00:00.22 (Saving: 00:00.00)
00:58.616  render           | Rendering frame 242
00:58.616  render           | Start rendering: MORI_Assembly_Animation, 视图层
00:58.616  render           | Engine: EEVEE
00:58.664  render           | Fra: 242 | Rendering 1 / 32 samples
00:58.788  render           | Fra: 242 | Rendering 25 / 32 samples
00:58.825  render           | Fra: 242 | Rendering 32 / 32 samples
00:58.837  render           | Video append frame 242
00:58.837  render           | Time: 00:00.22 (Saving: 00:00.00)
00:58.837  render           | Rendering frame 243
00:58.837  render           | Start rendering: MORI_Assembly_Animation, 视图层
00:58.837  render           | Engine: EEVEE
00:58.885  render           | Fra: 243 | Rendering 1 / 32 samples
00:59.022  render           | Fra: 243 | Rendering 25 / 32 samples
00:59.063  render           | Fra: 243 | Rendering 32 / 32 samples
00:59.076  render           | Video append frame 243
00:59.076  render           | Time: 00:00.23 (Saving: 00:00.00)
00:59.076  render           | Rendering frame 244
00:59.076  render           | Start rendering: MORI_Assembly_Animation, 视图层
00:59.076  render           | Engine: EEVEE
00:59.127  render           | Fra: 244 | Rendering 1 / 32 samples
00:59.262  render           | Fra: 244 | Rendering 25 / 32 samples
00:59.300  render           | Fra: 244 | Rendering 32 / 32 samples
00:59.313  render           | Video append frame 244
00:59.313  render           | Time: 00:00.23 (Saving: 00:00.00)
00:59.313  render           | Rendering frame 245
00:59.313  render           | Start rendering: MORI_Assembly_Animation, 视图层
00:59.313  render           | Engine: EEVEE
00:59.362  render           | Fra: 245 | Rendering 1 / 32 samples
00:59.490  render           | Fra: 245 | Rendering 25 / 32 samples
00:59.527  render           | Fra: 245 | Rendering 32 / 32 samples
00:59.541  render           | Video append frame 245
00:59.541  render           | Time: 00:00.22 (Saving: 00:00.01)
00:59.541  render           | Rendering frame 246
00:59.542  render           | Start rendering: MORI_Assembly_Animation, 视图层
00:59.542  render           | Engine: EEVEE
00:59.594  render           | Fra: 246 | Rendering 1 / 32 samples
00:59.726  render           | Fra: 246 | Rendering 25 / 32 samples
00:59.766  render           | Fra: 246 | Rendering 32 / 32 samples
00:59.778  render           | Video append frame 246
00:59.778  render           | Time: 00:00.23 (Saving: 00:00.00)
00:59.778  render           | Rendering frame 247
00:59.779  render           | Start rendering: MORI_Assembly_Animation, 视图层
00:59.779  render           | Engine: EEVEE
00:59.829  render           | Fra: 247 | Rendering 1 / 32 samples
00:59.972  render           | Fra: 247 | Rendering 25 / 32 samples
01:00.010  render           | Fra: 247 | Rendering 32 / 32 samples
01:00.023  render           | Video append frame 247
01:00.023  render           | Time: 00:00.24 (Saving: 00:00.00)
01:00.023  render           | Rendering frame 248
01:00.023  render           | Start rendering: MORI_Assembly_Animation, 视图层
01:00.023  render           | Engine: EEVEE
01:00.077  render           | Fra: 248 | Rendering 1 / 32 samples
01:00.223  render           | Fra: 248 | Rendering 25 / 32 samples
01:00.261  render           | Fra: 248 | Rendering 32 / 32 samples
01:00.273  render           | Video append frame 248
01:00.273  render           | Time: 00:00.24 (Saving: 00:00.00)
01:00.273  render           | Rendering frame 249
01:00.273  render           | Start rendering: MORI_Assembly_Animation, 视图层
01:00.273  render           | Engine: EEVEE
01:00.325  render           | Fra: 249 | Rendering 1 / 32 samples
01:00.467  render           | Fra: 249 | Rendering 25 / 32 samples
01:00.509  render           | Fra: 249 | Rendering 32 / 32 samples
01:00.521  render           | Video append frame 249
01:00.522  render           | Time: 00:00.24 (Saving: 00:00.00)
01:00.522  render           | Rendering frame 250
01:00.522  render           | Start rendering: MORI_Assembly_Animation, 视图层
01:00.522  render           | Engine: EEVEE
01:00.575  render           | Fra: 250 | Rendering 1 / 32 samples
01:00.714  render           | Fra: 250 | Rendering 25 / 32 samples
01:00.753  render           | Fra: 250 | Rendering 32 / 32 samples
01:00.766  render           | Video append frame 250
01:00.766  render           | Time: 00:00.24 (Saving: 00:00.00)
01:00.766  render           | Rendering frame 251
01:00.767  render           | Start rendering: MORI_Assembly_Animation, 视图层
01:00.767  render           | Engine: EEVEE
01:00.816  render           | Fra: 251 | Rendering 1 / 32 samples
01:00.950  render           | Fra: 251 | Rendering 25 / 32 samples
01:00.992  render           | Fra: 251 | Rendering 32 / 32 samples
01:01.003  render           | Video append frame 251
01:01.003  render           | Time: 00:00.23 (Saving: 00:00.00)
01:01.003  render           | Rendering frame 252
01:01.003  render           | Start rendering: MORI_Assembly_Animation, 视图层
01:01.003  render           | Engine: EEVEE
01:01.054  render           | Fra: 252 | Rendering 1 / 32 samples
01:01.187  render           | Fra: 252 | Rendering 25 / 32 samples
01:01.228  render           | Fra: 252 | Rendering 32 / 32 samples
01:01.240  render           | Video append frame 252
01:01.240  render           | Time: 00:00.23 (Saving: 00:00.00)
01:01.240  render           | Rendering frame 253
01:01.240  render           | Start rendering: MORI_Assembly_Animation, 视图层
01:01.240  render           | Engine: EEVEE
01:01.289  render           | Fra: 253 | Rendering 1 / 32 samples
01:01.424  render           | Fra: 253 | Rendering 25 / 32 samples
01:01.461  render           | Fra: 253 | Rendering 32 / 32 samples
01:01.473  render           | Video append frame 253
01:01.473  render           | Time: 00:00.23 (Saving: 00:00.00)
01:01.473  render           | Rendering frame 254
01:01.473  render           | Start rendering: MORI_Assembly_Animation, 视图层
01:01.473  render           | Engine: EEVEE
01:01.521  render           | Fra: 254 | Rendering 1 / 32 samples
01:01.651  render           | Fra: 254 | Rendering 25 / 32 samples
01:01.691  render           | Fra: 254 | Rendering 32 / 32 samples
01:01.704  render           | Video append frame 254
01:01.704  render           | Time: 00:00.23 (Saving: 00:00.00)
01:01.704  render           | Rendering frame 255
01:01.704  render           | Start rendering: MORI_Assembly_Animation, 视图层
01:01.704  render           | Engine: EEVEE
01:01.753  render           | Fra: 255 | Rendering 1 / 32 samples
01:01.887  render           | Fra: 255 | Rendering 25 / 32 samples
01:01.926  render           | Fra: 255 | Rendering 32 / 32 samples
01:01.938  render           | Video append frame 255
01:01.938  render           | Time: 00:00.23 (Saving: 00:00.00)
01:01.938  render           | Rendering frame 256
01:01.938  render           | Start rendering: MORI_Assembly_Animation, 视图层
01:01.938  render           | Engine: EEVEE
01:01.987  render           | Fra: 256 | Rendering 1 / 32 samples
01:02.121  render           | Fra: 256 | Rendering 25 / 32 samples
01:02.158  render           | Fra: 256 | Rendering 32 / 32 samples
01:02.172  render           | Video append frame 256
01:02.172  render           | Time: 00:00.23 (Saving: 00:00.00)
01:02.172  render           | Rendering frame 257
01:02.172  render           | Start rendering: MORI_Assembly_Animation, 视图层
01:02.172  render           | Engine: EEVEE
01:02.222  render           | Fra: 257 | Rendering 1 / 32 samples
01:02.359  render           | Fra: 257 | Rendering 25 / 32 samples
01:02.400  render           | Fra: 257 | Rendering 32 / 32 samples
01:02.413  render           | Video append frame 257
01:02.413  render           | Time: 00:00.24 (Saving: 00:00.00)
01:02.413  render           | Rendering frame 258
01:02.413  render           | Start rendering: MORI_Assembly_Animation, 视图层
01:02.413  render           | Engine: EEVEE
01:02.463  render           | Fra: 258 | Rendering 1 / 32 samples
01:02.594  render           | Fra: 258 | Rendering 25 / 32 samples
01:02.633  render           | Fra: 258 | Rendering 32 / 32 samples
01:02.645  render           | Video append frame 258
01:02.647  render           | Time: 00:00.23 (Saving: 00:00.01)
01:02.647  render           | Rendering frame 259
01:02.647  render           | Start rendering: MORI_Assembly_Animation, 视图层
01:02.647  render           | Engine: EEVEE
01:02.697  render           | Fra: 259 | Rendering 1 / 32 samples
01:02.831  render           | Fra: 259 | Rendering 25 / 32 samples
01:02.871  render           | Fra: 259 | Rendering 32 / 32 samples
01:02.882  render           | Video append frame 259
01:02.882  render           | Time: 00:00.23 (Saving: 00:00.00)
01:02.882  render           | Rendering frame 260
01:02.883  render           | Start rendering: MORI_Assembly_Animation, 视图层
01:02.883  render           | Engine: EEVEE
01:02.932  render           | Fra: 260 | Rendering 1 / 32 samples
01:03.066  render           | Fra: 260 | Rendering 25 / 32 samples
01:03.105  render           | Fra: 260 | Rendering 32 / 32 samples
01:03.119  render           | Video append frame 260
01:03.119  render           | Time: 00:00.23 (Saving: 00:00.00)
01:03.119  render           | Rendering frame 261
01:03.119  render           | Start rendering: MORI_Assembly_Animation, 视图层
01:03.119  render           | Engine: EEVEE
01:03.165  render           | Fra: 261 | Rendering 1 / 32 samples
01:03.298  render           | Fra: 261 | Rendering 25 / 32 samples
01:03.338  render           | Fra: 261 | Rendering 32 / 32 samples
01:03.350  render           | Video append frame 261
01:03.350  render           | Time: 00:00.23 (Saving: 00:00.00)
01:03.350  render           | Rendering frame 262
01:03.350  render           | Start rendering: MORI_Assembly_Animation, 视图层
01:03.350  render           | Engine: EEVEE
01:03.398  render           | Fra: 262 | Rendering 1 / 32 samples
01:03.526  render           | Fra: 262 | Rendering 25 / 32 samples
01:03.563  render           | Fra: 262 | Rendering 32 / 32 samples
01:03.575  render           | Video append frame 262
01:03.576  render           | Time: 00:00.22 (Saving: 00:00.00)
01:03.576  render           | Rendering frame 263
01:03.576  render           | Start rendering: MORI_Assembly_Animation, 视图层
01:03.576  render           | Engine: EEVEE
01:03.626  render           | Fra: 263 | Rendering 1 / 32 samples
01:03.762  render           | Fra: 263 | Rendering 25 / 32 samples
01:03.800  render           | Fra: 263 | Rendering 32 / 32 samples
01:03.813  render           | Video append frame 263
01:03.813  render           | Time: 00:00.23 (Saving: 00:00.00)
01:03.813  render           | Rendering frame 264
01:03.813  render           | Start rendering: MORI_Assembly_Animation, 视图层
01:03.813  render           | Engine: EEVEE
01:03.864  render           | Fra: 264 | Rendering 1 / 32 samples
01:04.016  render           | Fra: 264 | Rendering 25 / 32 samples
01:04.059  render           | Fra: 264 | Rendering 32 / 32 samples
01:04.074  render           | Video append frame 264
01:04.074  render           | Time: 00:00.26 (Saving: 00:00.00)
01:04.074  render           | Rendering frame 265
01:04.074  render           | Start rendering: MORI_Assembly_Animation, 视图层
01:04.074  render           | Engine: EEVEE
01:04.127  render           | Fra: 265 | Rendering 1 / 32 samples
01:04.269  render           | Fra: 265 | Rendering 25 / 32 samples
01:04.308  render           | Fra: 265 | Rendering 32 / 32 samples
01:04.320  render           | Video append frame 265
01:04.320  render           | Time: 00:00.24 (Saving: 00:00.00)
01:04.320  render           | Rendering frame 266
01:04.320  render           | Start rendering: MORI_Assembly_Animation, 视图层
01:04.320  render           | Engine: EEVEE
01:04.370  render           | Fra: 266 | Rendering 1 / 32 samples
01:04.494  render           | Fra: 266 | Rendering 25 / 32 samples
01:04.532  render           | Fra: 266 | Rendering 32 / 32 samples
01:04.543  render           | Video append frame 266
01:04.543  render           | Time: 00:00.22 (Saving: 00:00.00)
01:04.543  render           | Rendering frame 267
01:04.543  render           | Start rendering: MORI_Assembly_Animation, 视图层
01:04.543  render           | Engine: EEVEE
01:04.590  render           | Fra: 267 | Rendering 1 / 32 samples
01:04.722  render           | Fra: 267 | Rendering 25 / 32 samples
01:04.760  render           | Fra: 267 | Rendering 32 / 32 samples
01:04.774  render           | Video append frame 267
01:04.774  render           | Time: 00:00.23 (Saving: 00:00.00)
01:04.774  render           | Rendering frame 268
01:04.774  render           | Start rendering: MORI_Assembly_Animation, 视图层
01:04.774  render           | Engine: EEVEE
01:04.820  render           | Fra: 268 | Rendering 1 / 32 samples
01:04.953  render           | Fra: 268 | Rendering 25 / 32 samples
01:04.992  render           | Fra: 268 | Rendering 32 / 32 samples
01:05.003  render           | Video append frame 268
01:05.003  render           | Time: 00:00.22 (Saving: 00:00.00)
01:05.003  render           | Rendering frame 269
01:05.003  render           | Start rendering: MORI_Assembly_Animation, 视图层
01:05.003  render           | Engine: EEVEE
01:05.055  render           | Fra: 269 | Rendering 1 / 32 samples
01:05.188  render           | Fra: 269 | Rendering 25 / 32 samples
01:05.226  render           | Fra: 269 | Rendering 32 / 32 samples
01:05.240  render           | Video append frame 269
01:05.240  render           | Time: 00:00.23 (Saving: 00:00.00)
01:05.240  render           | Rendering frame 270
01:05.240  render           | Start rendering: MORI_Assembly_Animation, 视图层
01:05.240  render           | Engine: EEVEE
01:05.290  render           | Fra: 270 | Rendering 1 / 32 samples
01:05.420  render           | Fra: 270 | Rendering 25 / 32 samples
01:05.457  render           | Fra: 270 | Rendering 32 / 32 samples
01:05.470  render           | Video append frame 270
01:05.470  render           | Time: 00:00.22 (Saving: 00:00.00)
01:05.470  render           | Rendering frame 271
01:05.470  render           | Start rendering: MORI_Assembly_Animation, 视图层
01:05.470  render           | Engine: EEVEE
01:05.524  render           | Fra: 271 | Rendering 1 / 32 samples
01:05.670  render           | Fra: 271 | Rendering 25 / 32 samples
01:05.708  render           | Fra: 271 | Rendering 32 / 32 samples
01:05.720  render           | Video append frame 271
01:05.720  render           | Time: 00:00.25 (Saving: 00:00.00)
01:05.720  render           | Rendering frame 272
01:05.720  render           | Start rendering: MORI_Assembly_Animation, 视图层
01:05.720  render           | Engine: EEVEE
01:05.769  render           | Fra: 272 | Rendering 1 / 32 samples
01:05.903  render           | Fra: 272 | Rendering 25 / 32 samples
01:05.941  render           | Fra: 272 | Rendering 32 / 32 samples
01:05.953  render           | Video append frame 272
01:05.953  render           | Time: 00:00.23 (Saving: 00:00.00)
01:05.953  render           | Rendering frame 273
01:05.953  render           | Start rendering: MORI_Assembly_Animation, 视图层
01:05.953  render           | Engine: EEVEE
01:06.002  render           | Fra: 273 | Rendering 1 / 32 samples
01:06.138  render           | Fra: 273 | Rendering 25 / 32 samples
01:06.175  render           | Fra: 273 | Rendering 32 / 32 samples
01:06.187  render           | Video append frame 273
01:06.187  render           | Time: 00:00.23 (Saving: 00:00.00)
01:06.187  render           | Rendering frame 274
01:06.187  render           | Start rendering: MORI_Assembly_Animation, 视图层
01:06.187  render           | Engine: EEVEE
01:06.234  render           | Fra: 274 | Rendering 1 / 32 samples
01:06.369  render           | Fra: 274 | Rendering 25 / 32 samples
01:06.409  render           | Fra: 274 | Rendering 32 / 32 samples
01:06.424  render           | Video append frame 274
01:06.424  render           | Time: 00:00.23 (Saving: 00:00.00)
01:06.424  render           | Rendering frame 275
01:06.424  render           | Start rendering: MORI_Assembly_Animation, 视图层
01:06.424  render           | Engine: EEVEE
01:06.475  render           | Fra: 275 | Rendering 1 / 32 samples
01:06.609  render           | Fra: 275 | Rendering 25 / 32 samples
01:06.649  render           | Fra: 275 | Rendering 32 / 32 samples
01:06.661  render           | Video append frame 275
01:06.661  render           | Time: 00:00.23 (Saving: 00:00.00)
01:06.661  render           | Rendering frame 276
01:06.661  render           | Start rendering: MORI_Assembly_Animation, 视图层
01:06.661  render           | Engine: EEVEE
01:06.715  render           | Fra: 276 | Rendering 1 / 32 samples
01:06.853  render           | Fra: 276 | Rendering 25 / 32 samples
01:06.891  render           | Fra: 276 | Rendering 32 / 32 samples
01:06.903  render           | Video append frame 276
01:06.903  render           | Time: 00:00.24 (Saving: 00:00.00)
01:06.903  render           | Rendering frame 277
01:06.903  render           | Start rendering: MORI_Assembly_Animation, 视图层
01:06.903  render           | Engine: EEVEE
01:06.952  render           | Fra: 277 | Rendering 1 / 32 samples
01:07.086  render           | Fra: 277 | Rendering 25 / 32 samples
01:07.125  render           | Fra: 277 | Rendering 32 / 32 samples
01:07.138  render           | Video append frame 277
01:07.139  render           | Time: 00:00.23 (Saving: 00:00.00)
01:07.139  render           | Rendering frame 278
01:07.139  render           | Start rendering: MORI_Assembly_Animation, 视图层
01:07.139  render           | Engine: EEVEE
01:07.180  render           | Fra: 278 | Rendering 1 / 32 samples
01:07.314  render           | Fra: 278 | Rendering 25 / 32 samples
01:07.354  render           | Fra: 278 | Rendering 32 / 32 samples
01:07.366  render           | Video append frame 278
01:07.366  render           | Time: 00:00.22 (Saving: 00:00.00)
01:07.366  render           | Rendering frame 279
01:07.367  render           | Start rendering: MORI_Assembly_Animation, 视图层
01:07.367  render           | Engine: EEVEE
01:07.419  render           | Fra: 279 | Rendering 1 / 32 samples
01:07.547  render           | Fra: 279 | Rendering 25 / 32 samples
01:07.586  render           | Fra: 279 | Rendering 32 / 32 samples
01:07.598  render           | Video append frame 279
01:07.598  render           | Time: 00:00.23 (Saving: 00:00.00)
01:07.598  render           | Rendering frame 280
01:07.598  render           | Start rendering: MORI_Assembly_Animation, 视图层
01:07.598  render           | Engine: EEVEE
01:07.648  render           | Fra: 280 | Rendering 1 / 32 samples
01:07.784  render           | Fra: 280 | Rendering 25 / 32 samples
01:07.826  render           | Fra: 280 | Rendering 32 / 32 samples
01:07.838  render           | Video append frame 280
01:07.838  render           | Time: 00:00.23 (Saving: 00:00.00)
01:07.838  render           | Rendering frame 281
01:07.838  render           | Start rendering: MORI_Assembly_Animation, 视图层
01:07.838  render           | Engine: EEVEE
01:07.887  render           | Fra: 281 | Rendering 1 / 32 samples
01:08.023  render           | Fra: 281 | Rendering 25 / 32 samples
01:08.062  render           | Fra: 281 | Rendering 32 / 32 samples
01:08.074  render           | Video append frame 281
01:08.074  render           | Time: 00:00.23 (Saving: 00:00.00)
01:08.074  render           | Rendering frame 282
01:08.074  render           | Start rendering: MORI_Assembly_Animation, 视图层
01:08.074  render           | Engine: EEVEE
01:08.124  render           | Fra: 282 | Rendering 1 / 32 samples
01:08.263  render           | Fra: 282 | Rendering 25 / 32 samples
01:08.302  render           | Fra: 282 | Rendering 32 / 32 samples
01:08.314  render           | Video append frame 282
01:08.314  render           | Time: 00:00.23 (Saving: 00:00.00)
01:08.314  render           | Rendering frame 283
01:08.314  render           | Start rendering: MORI_Assembly_Animation, 视图层
01:08.314  render           | Engine: EEVEE
01:08.364  render           | Fra: 283 | Rendering 1 / 32 samples
01:08.494  render           | Fra: 283 | Rendering 25 / 32 samples
01:08.531  render           | Fra: 283 | Rendering 32 / 32 samples
01:08.542  render           | Video append frame 283
01:08.542  render           | Time: 00:00.22 (Saving: 00:00.00)
01:08.542  render           | Rendering frame 284
01:08.542  render           | Start rendering: MORI_Assembly_Animation, 视图层
01:08.542  render           | Engine: EEVEE
01:08.588  render           | Fra: 284 | Rendering 1 / 32 samples
01:08.722  render           | Fra: 284 | Rendering 25 / 32 samples
01:08.761  render           | Fra: 284 | Rendering 32 / 32 samples
01:08.774  render           | Video append frame 284
01:08.774  render           | Time: 00:00.23 (Saving: 00:00.00)
01:08.774  render           | Rendering frame 285
01:08.774  render           | Start rendering: MORI_Assembly_Animation, 视图层
01:08.774  render           | Engine: EEVEE
01:08.822  render           | Fra: 285 | Rendering 1 / 32 samples
01:08.956  render           | Fra: 285 | Rendering 25 / 32 samples
01:08.995  render           | Fra: 285 | Rendering 32 / 32 samples
01:09.008  render           | Video append frame 285
01:09.009  render           | Time: 00:00.23 (Saving: 00:00.00)
01:09.009  render           | Rendering frame 286
01:09.009  render           | Start rendering: MORI_Assembly_Animation, 视图层
01:09.009  render           | Engine: EEVEE
01:09.056  render           | Fra: 286 | Rendering 1 / 32 samples
01:09.199  render           | Fra: 286 | Rendering 25 / 32 samples
01:09.238  render           | Fra: 286 | Rendering 32 / 32 samples
01:09.250  render           | Video append frame 286
01:09.251  render           | Time: 00:00.24 (Saving: 00:00.00)
01:09.251  render           | Rendering frame 287
01:09.251  render           | Start rendering: MORI_Assembly_Animation, 视图层
01:09.251  render           | Engine: EEVEE
01:09.299  render           | Fra: 287 | Rendering 1 / 32 samples
01:09.432  render           | Fra: 287 | Rendering 25 / 32 samples
01:09.468  render           | Fra: 287 | Rendering 32 / 32 samples
01:09.481  render           | Video append frame 287
01:09.481  render           | Time: 00:00.23 (Saving: 00:00.00)
01:09.481  render           | Rendering frame 288
01:09.481  render           | Start rendering: MORI_Assembly_Animation, 视图层
01:09.481  render           | Engine: EEVEE
01:09.525  render           | Fra: 288 | Rendering 1 / 32 samples
01:09.660  render           | Fra: 288 | Rendering 25 / 32 samples
01:09.700  render           | Fra: 288 | Rendering 32 / 32 samples
01:09.712  render           | Video append frame 288
01:09.712  render           | Time: 00:00.23 (Saving: 00:00.00)
01:09.712  render           | Rendering frame 289
01:09.713  render           | Start rendering: MORI_Assembly_Animation, 视图层
01:09.713  render           | Engine: EEVEE
01:09.759  render           | Fra: 289 | Rendering 1 / 32 samples
01:09.895  render           | Fra: 289 | Rendering 25 / 32 samples
01:09.933  render           | Fra: 289 | Rendering 32 / 32 samples
01:09.947  render           | Video append frame 289
01:09.947  render           | Time: 00:00.23 (Saving: 00:00.00)
01:09.947  render           | Rendering frame 290
01:09.947  render           | Start rendering: MORI_Assembly_Animation, 视图层
01:09.947  render           | Engine: EEVEE
01:09.994  render           | Fra: 290 | Rendering 1 / 32 samples
01:10.126  render           | Fra: 290 | Rendering 25 / 32 samples
01:10.166  render           | Fra: 290 | Rendering 32 / 32 samples
01:10.178  render           | Video append frame 290
01:10.178  render           | Time: 00:00.23 (Saving: 00:00.00)
01:10.178  render           | Rendering frame 291
01:10.178  render           | Start rendering: MORI_Assembly_Animation, 视图层
01:10.178  render           | Engine: EEVEE
01:10.224  render           | Fra: 291 | Rendering 1 / 32 samples
01:10.358  render           | Fra: 291 | Rendering 25 / 32 samples
01:10.398  render           | Fra: 291 | Rendering 32 / 32 samples
01:10.410  render           | Video append frame 291
01:10.410  render           | Time: 00:00.23 (Saving: 00:00.00)
01:10.410  render           | Rendering frame 292
01:10.410  render           | Start rendering: MORI_Assembly_Animation, 视图层
01:10.410  render           | Engine: EEVEE
01:10.456  render           | Fra: 292 | Rendering 1 / 32 samples
01:10.591  render           | Fra: 292 | Rendering 25 / 32 samples
01:10.630  render           | Fra: 292 | Rendering 32 / 32 samples
01:10.642  render           | Video append frame 292
01:10.642  render           | Time: 00:00.23 (Saving: 00:00.00)
01:10.642  render           | Rendering frame 293
01:10.642  render           | Start rendering: MORI_Assembly_Animation, 视图层
01:10.642  render           | Engine: EEVEE
01:10.692  render           | Fra: 293 | Rendering 1 / 32 samples
01:10.829  render           | Fra: 293 | Rendering 25 / 32 samples
01:10.870  render           | Fra: 293 | Rendering 32 / 32 samples
01:10.883  render           | Video append frame 293
01:10.883  render           | Time: 00:00.24 (Saving: 00:00.00)
01:10.883  render           | Rendering frame 294
01:10.883  render           | Start rendering: MORI_Assembly_Animation, 视图层
01:10.883  render           | Engine: EEVEE
01:10.931  render           | Fra: 294 | Rendering 1 / 32 samples
01:11.065  render           | Fra: 294 | Rendering 25 / 32 samples
01:11.105  render           | Fra: 294 | Rendering 32 / 32 samples
01:11.117  render           | Video append frame 294
01:11.117  render           | Time: 00:00.23 (Saving: 00:00.00)
01:11.117  render           | Rendering frame 295
01:11.118  render           | Start rendering: MORI_Assembly_Animation, 视图层
01:11.118  render           | Engine: EEVEE
01:11.163  render           | Fra: 295 | Rendering 1 / 32 samples
01:11.297  render           | Fra: 295 | Rendering 25 / 32 samples
01:11.338  render           | Fra: 295 | Rendering 32 / 32 samples
01:11.350  render           | Video append frame 295
01:11.350  render           | Time: 00:00.23 (Saving: 00:00.00)
01:11.350  render           | Rendering frame 296
01:11.350  render           | Start rendering: MORI_Assembly_Animation, 视图层
01:11.350  render           | Engine: EEVEE
01:11.397  render           | Fra: 296 | Rendering 1 / 32 samples
01:11.526  render           | Fra: 296 | Rendering 25 / 32 samples
01:11.563  render           | Fra: 296 | Rendering 32 / 32 samples
01:11.575  render           | Video append frame 296
01:11.576  render           | Time: 00:00.22 (Saving: 00:00.00)
01:11.576  render           | Rendering frame 297
01:11.576  render           | Start rendering: MORI_Assembly_Animation, 视图层
01:11.576  render           | Engine: EEVEE
01:11.622  render           | Fra: 297 | Rendering 1 / 32 samples
01:11.756  render           | Fra: 297 | Rendering 25 / 32 samples
01:11.794  render           | Fra: 297 | Rendering 32 / 32 samples
01:11.807  render           | Video append frame 297
01:11.807  render           | Time: 00:00.23 (Saving: 00:00.00)
01:11.807  render           | Rendering frame 298
01:11.807  render           | Start rendering: MORI_Assembly_Animation, 视图层
01:11.808  render           | Engine: EEVEE
01:11.852  render           | Fra: 298 | Rendering 1 / 32 samples
01:11.982  render           | Fra: 298 | Rendering 25 / 32 samples
01:12.019  render           | Fra: 298 | Rendering 32 / 32 samples
01:12.031  render           | Video append frame 298
01:12.031  render           | Time: 00:00.22 (Saving: 00:00.00)
01:12.031  render           | Rendering frame 299
01:12.031  render           | Start rendering: MORI_Assembly_Animation, 视图层
01:12.031  render           | Engine: EEVEE
01:12.075  render           | Fra: 299 | Rendering 1 / 32 samples
01:12.206  render           | Fra: 299 | Rendering 25 / 32 samples
01:12.245  render           | Fra: 299 | Rendering 32 / 32 samples
01:12.258  render           | Video append frame 299
01:12.258  render           | Time: 00:00.22 (Saving: 00:00.00)
01:12.258  render           | Rendering frame 300
01:12.258  render           | Start rendering: MORI_Assembly_Animation, 视图层
01:12.258  render           | Engine: EEVEE
01:12.304  render           | Fra: 300 | Rendering 1 / 32 samples
01:12.435  render           | Fra: 300 | Rendering 25 / 32 samples
01:12.472  render           | Fra: 300 | Rendering 32 / 32 samples
01:12.485  render           | Video append frame 300
01:12.485  render           | Time: 00:00.22 (Saving: 00:00.00)
01:12.485  render           | Rendering frame 301
01:12.485  render           | Start rendering: MORI_Assembly_Animation, 视图层
01:12.485  render           | Engine: EEVEE
01:12.527  render           | Fra: 301 | Rendering 1 / 32 samples
01:12.658  render           | Fra: 301 | Rendering 25 / 32 samples
01:12.699  render           | Fra: 301 | Rendering 32 / 32 samples
01:12.709  render           | Video append frame 301
01:12.709  render           | Time: 00:00.22 (Saving: 00:00.00)
01:12.709  render           | Rendering frame 302
01:12.710  render           | Start rendering: MORI_Assembly_Animation, 视图层
01:12.710  render           | Engine: EEVEE
01:12.755  render           | Fra: 302 | Rendering 1 / 32 samples
01:12.886  render           | Fra: 302 | Rendering 25 / 32 samples
01:12.924  render           | Fra: 302 | Rendering 32 / 32 samples
01:12.935  render           | Video append frame 302
01:12.935  render           | Time: 00:00.22 (Saving: 00:00.00)
01:12.935  render           | Rendering frame 303
01:12.935  render           | Start rendering: MORI_Assembly_Animation, 视图层
01:12.935  render           | Engine: EEVEE
01:12.980  render           | Fra: 303 | Rendering 1 / 32 samples
01:13.105  render           | Fra: 303 | Rendering 25 / 32 samples
01:13.144  render           | Fra: 303 | Rendering 32 / 32 samples
01:13.157  render           | Video append frame 303
01:13.157  render           | Time: 00:00.22 (Saving: 00:00.00)
01:13.157  render           | Rendering frame 304
01:13.157  render           | Start rendering: MORI_Assembly_Animation, 视图层
01:13.157  render           | Engine: EEVEE
01:13.207  render           | Fra: 304 | Rendering 1 / 32 samples
01:13.342  render           | Fra: 304 | Rendering 25 / 32 samples
01:13.380  render           | Fra: 304 | Rendering 32 / 32 samples
01:13.392  render           | Video append frame 304
01:13.392  render           | Time: 00:00.23 (Saving: 00:00.00)
01:13.392  render           | Rendering frame 305
01:13.392  render           | Start rendering: MORI_Assembly_Animation, 视图层
01:13.392  render           | Engine: EEVEE
01:13.436  render           | Fra: 305 | Rendering 1 / 32 samples
01:13.562  render           | Fra: 305 | Rendering 25 / 32 samples
01:13.598  render           | Fra: 305 | Rendering 32 / 32 samples
01:13.610  render           | Video append frame 305
01:13.610  render           | Time: 00:00.21 (Saving: 00:00.00)
01:13.610  render           | Rendering frame 306
01:13.610  render           | Start rendering: MORI_Assembly_Animation, 视图层
01:13.610  render           | Engine: EEVEE
01:13.656  render           | Fra: 306 | Rendering 1 / 32 samples
01:13.790  render           | Fra: 306 | Rendering 25 / 32 samples
01:13.828  render           | Fra: 306 | Rendering 32 / 32 samples
01:13.841  render           | Video append frame 306
01:13.841  render           | Time: 00:00.23 (Saving: 00:00.00)
01:13.841  render           | Rendering frame 307
01:13.841  render           | Start rendering: MORI_Assembly_Animation, 视图层
01:13.841  render           | Engine: EEVEE
01:13.890  render           | Fra: 307 | Rendering 1 / 32 samples
01:14.026  render           | Fra: 307 | Rendering 25 / 32 samples
01:14.066  render           | Fra: 307 | Rendering 32 / 32 samples
01:14.079  render           | Video append frame 307
01:14.079  render           | Time: 00:00.23 (Saving: 00:00.00)
01:14.079  render           | Rendering frame 308
01:14.079  render           | Start rendering: MORI_Assembly_Animation, 视图层
01:14.079  render           | Engine: EEVEE
01:14.125  render           | Fra: 308 | Rendering 1 / 32 samples
01:14.259  render           | Fra: 308 | Rendering 25 / 32 samples
01:14.299  render           | Fra: 308 | Rendering 32 / 32 samples
01:14.327  render           | Video append frame 308
01:14.327  render           | Time: 00:00.24 (Saving: 00:00.01)
01:14.327  render           | Rendering frame 309
01:14.327  render           | Start rendering: MORI_Assembly_Animation, 视图层
01:14.327  render           | Engine: EEVEE
01:14.377  render           | Fra: 309 | Rendering 1 / 32 samples
01:14.511  render           | Fra: 309 | Rendering 25 / 32 samples
01:14.551  render           | Fra: 309 | Rendering 32 / 32 samples
01:14.564  render           | Video append frame 309
01:14.564  render           | Time: 00:00.23 (Saving: 00:00.00)
01:14.564  render           | Rendering frame 310
01:14.564  render           | Start rendering: MORI_Assembly_Animation, 视图层
01:14.564  render           | Engine: EEVEE
01:14.616  render           | Fra: 310 | Rendering 1 / 32 samples
01:14.750  render           | Fra: 310 | Rendering 25 / 32 samples
01:14.790  render           | Fra: 310 | Rendering 32 / 32 samples
01:14.804  render           | Video append frame 310
01:14.804  render           | Time: 00:00.23 (Saving: 00:00.00)
01:14.804  render           | Rendering frame 311
01:14.804  render           | Start rendering: MORI_Assembly_Animation, 视图层
01:14.804  render           | Engine: EEVEE
01:14.863  render           | Fra: 311 | Rendering 1 / 32 samples
01:14.995  render           | Fra: 311 | Rendering 25 / 32 samples
01:15.034  render           | Fra: 311 | Rendering 32 / 32 samples
01:15.046  render           | Video append frame 311
01:15.046  render           | Time: 00:00.24 (Saving: 00:00.00)
01:15.046  render           | Rendering frame 312
01:15.046  render           | Start rendering: MORI_Assembly_Animation, 视图层
01:15.046  render           | Engine: EEVEE
01:15.095  render           | Fra: 312 | Rendering 1 / 32 samples
01:15.227  render           | Fra: 312 | Rendering 25 / 32 samples
01:15.267  render           | Fra: 312 | Rendering 32 / 32 samples
01:15.279  render           | Video append frame 312
01:15.279  render           | Time: 00:00.23 (Saving: 00:00.00)
01:15.279  render           | Rendering frame 313
01:15.279  render           | Start rendering: MORI_Assembly_Animation, 视图层
01:15.279  render           | Engine: EEVEE
01:15.325  render           | Fra: 313 | Rendering 1 / 32 samples
01:15.460  render           | Fra: 313 | Rendering 25 / 32 samples
01:15.497  render           | Fra: 313 | Rendering 32 / 32 samples
01:15.508  render           | Video append frame 313
01:15.508  render           | Time: 00:00.22 (Saving: 00:00.00)
01:15.508  render           | Rendering frame 314
01:15.508  render           | Start rendering: MORI_Assembly_Animation, 视图层
01:15.508  render           | Engine: EEVEE
01:15.560  render           | Fra: 314 | Rendering 1 / 32 samples
01:15.696  render           | Fra: 314 | Rendering 25 / 32 samples
01:15.735  render           | Fra: 314 | Rendering 32 / 32 samples
01:15.746  render           | Video append frame 314
01:15.746  render           | Time: 00:00.23 (Saving: 00:00.00)
01:15.746  render           | Rendering frame 315
01:15.746  render           | Start rendering: MORI_Assembly_Animation, 视图层
01:15.746  render           | Engine: EEVEE
01:15.797  render           | Fra: 315 | Rendering 1 / 32 samples
01:15.930  render           | Fra: 315 | Rendering 25 / 32 samples
01:15.970  render           | Fra: 315 | Rendering 32 / 32 samples
01:15.982  render           | Video append frame 315
01:15.982  render           | Time: 00:00.23 (Saving: 00:00.00)
01:15.982  render           | Rendering frame 316
01:15.982  render           | Start rendering: MORI_Assembly_Animation, 视图层
01:15.982  render           | Engine: EEVEE
01:16.033  render           | Fra: 316 | Rendering 1 / 32 samples
01:16.166  render           | Fra: 316 | Rendering 25 / 32 samples
01:16.206  render           | Fra: 316 | Rendering 32 / 32 samples
01:16.217  render           | Video append frame 316
01:16.217  render           | Time: 00:00.23 (Saving: 00:00.00)
01:16.217  render           | Rendering frame 317
01:16.217  render           | Start rendering: MORI_Assembly_Animation, 视图层
01:16.217  render           | Engine: EEVEE
01:16.266  render           | Fra: 317 | Rendering 1 / 32 samples
01:16.397  render           | Fra: 317 | Rendering 25 / 32 samples
01:16.434  render           | Fra: 317 | Rendering 32 / 32 samples
01:16.447  render           | Video append frame 317
01:16.447  render           | Time: 00:00.22 (Saving: 00:00.00)
01:16.447  render           | Rendering frame 318
01:16.447  render           | Start rendering: MORI_Assembly_Animation, 视图层
01:16.447  render           | Engine: EEVEE
01:16.490  render           | Fra: 318 | Rendering 1 / 32 samples
01:16.618  render           | Fra: 318 | Rendering 25 / 32 samples
01:16.657  render           | Fra: 318 | Rendering 32 / 32 samples
01:16.670  render           | Video append frame 318
01:16.670  render           | Time: 00:00.22 (Saving: 00:00.00)
01:16.670  render           | Rendering frame 319
01:16.671  render           | Start rendering: MORI_Assembly_Animation, 视图层
01:16.671  render           | Engine: EEVEE
01:16.720  render           | Fra: 319 | Rendering 1 / 32 samples
01:16.854  render           | Fra: 319 | Rendering 25 / 32 samples
01:16.892  render           | Fra: 319 | Rendering 32 / 32 samples
01:16.905  render           | Video append frame 319
01:16.905  render           | Time: 00:00.23 (Saving: 00:00.00)
01:16.905  render           | Rendering frame 320
01:16.905  render           | Start rendering: MORI_Assembly_Animation, 视图层
01:16.905  render           | Engine: EEVEE
01:16.952  render           | Fra: 320 | Rendering 1 / 32 samples
01:17.086  render           | Fra: 320 | Rendering 25 / 32 samples
01:17.124  render           | Fra: 320 | Rendering 32 / 32 samples
01:17.137  render           | Video append frame 320
01:17.137  render           | Time: 00:00.23 (Saving: 00:00.00)
01:17.137  render           | Rendering frame 321
01:17.137  render           | Start rendering: MORI_Assembly_Animation, 视图层
01:17.137  render           | Engine: EEVEE
01:17.185  render           | Fra: 321 | Rendering 1 / 32 samples
01:17.324  render           | Fra: 321 | Rendering 25 / 32 samples
01:17.364  render           | Fra: 321 | Rendering 32 / 32 samples
01:17.375  render           | Video append frame 321
01:17.376  render           | Time: 00:00.23 (Saving: 00:00.00)
01:17.376  render           | Rendering frame 322
01:17.376  render           | Start rendering: MORI_Assembly_Animation, 视图层
01:17.376  render           | Engine: EEVEE
01:17.424  render           | Fra: 322 | Rendering 1 / 32 samples
01:17.549  render           | Fra: 322 | Rendering 25 / 32 samples
01:17.586  render           | Fra: 322 | Rendering 32 / 32 samples
01:17.598  render           | Video append frame 322
01:17.598  render           | Time: 00:00.22 (Saving: 00:00.00)
01:17.598  render           | Rendering frame 323
01:17.599  render           | Start rendering: MORI_Assembly_Animation, 视图层
01:17.599  render           | Engine: EEVEE
01:17.647  render           | Fra: 323 | Rendering 1 / 32 samples
01:17.782  render           | Fra: 323 | Rendering 25 / 32 samples
01:17.822  render           | Fra: 323 | Rendering 32 / 32 samples
01:17.835  render           | Video append frame 323
01:17.835  render           | Time: 00:00.23 (Saving: 00:00.00)
01:17.835  render           | Rendering frame 324
01:17.835  render           | Start rendering: MORI_Assembly_Animation, 视图层
01:17.835  render           | Engine: EEVEE
01:17.881  render           | Fra: 324 | Rendering 1 / 32 samples
01:18.015  render           | Fra: 324 | Rendering 25 / 32 samples
01:18.053  render           | Fra: 324 | Rendering 32 / 32 samples
01:18.066  render           | Video append frame 324
01:18.066  render           | Time: 00:00.23 (Saving: 00:00.00)
01:18.066  render           | Rendering frame 325
01:18.066  render           | Start rendering: MORI_Assembly_Animation, 视图层
01:18.066  render           | Engine: EEVEE
01:18.114  render           | Fra: 325 | Rendering 1 / 32 samples
01:18.250  render           | Fra: 325 | Rendering 25 / 32 samples
01:18.290  render           | Fra: 325 | Rendering 32 / 32 samples
01:18.303  render           | Video append frame 325
01:18.303  render           | Time: 00:00.23 (Saving: 00:00.00)
01:18.303  render           | Rendering frame 326
01:18.303  render           | Start rendering: MORI_Assembly_Animation, 视图层
01:18.303  render           | Engine: EEVEE
01:18.352  render           | Fra: 326 | Rendering 1 / 32 samples
01:18.484  render           | Fra: 326 | Rendering 25 / 32 samples
01:18.524  render           | Fra: 326 | Rendering 32 / 32 samples
01:18.536  render           | Video append frame 326
01:18.536  render           | Time: 00:00.23 (Saving: 00:00.00)
01:18.536  render           | Rendering frame 327
01:18.537  render           | Start rendering: MORI_Assembly_Animation, 视图层
01:18.537  render           | Engine: EEVEE
01:18.588  render           | Fra: 327 | Rendering 1 / 32 samples
01:18.723  render           | Fra: 327 | Rendering 25 / 32 samples
01:18.763  render           | Fra: 327 | Rendering 32 / 32 samples
01:18.773  render           | Video append frame 327
01:18.774  render           | Time: 00:00.23 (Saving: 00:00.00)
01:18.774  render           | Rendering frame 328
01:18.774  render           | Start rendering: MORI_Assembly_Animation, 视图层
01:18.774  render           | Engine: EEVEE
01:18.824  render           | Fra: 328 | Rendering 1 / 32 samples
01:18.959  render           | Fra: 328 | Rendering 25 / 32 samples
01:18.999  render           | Fra: 328 | Rendering 32 / 32 samples
01:19.010  render           | Video append frame 328
01:19.010  render           | Time: 00:00.23 (Saving: 00:00.00)
01:19.010  render           | Rendering frame 329
01:19.010  render           | Start rendering: MORI_Assembly_Animation, 视图层
01:19.010  render           | Engine: EEVEE
01:19.063  render           | Fra: 329 | Rendering 1 / 32 samples
01:19.197  render           | Fra: 329 | Rendering 25 / 32 samples
01:19.237  render           | Fra: 329 | Rendering 32 / 32 samples
01:19.248  render           | Video append frame 329
01:19.248  render           | Time: 00:00.23 (Saving: 00:00.00)
01:19.248  render           | Rendering frame 330
01:19.248  render           | Start rendering: MORI_Assembly_Animation, 视图层
01:19.248  render           | Engine: EEVEE
01:19.299  render           | Fra: 330 | Rendering 1 / 32 samples
01:19.431  render           | Fra: 330 | Rendering 25 / 32 samples
01:19.470  render           | Fra: 330 | Rendering 32 / 32 samples
01:19.482  render           | Video append frame 330
01:19.482  render           | Time: 00:00.23 (Saving: 00:00.00)
01:19.482  render           | Rendering frame 331
01:19.482  render           | Start rendering: MORI_Assembly_Animation, 视图层
01:19.482  render           | Engine: EEVEE
01:19.541  render           | Fra: 331 | Rendering 1 / 32 samples
01:19.674  render           | Fra: 331 | Rendering 25 / 32 samples
01:19.713  render           | Fra: 331 | Rendering 32 / 32 samples
01:19.725  render           | Video append frame 331
01:19.725  render           | Time: 00:00.24 (Saving: 00:00.00)
01:19.725  render           | Rendering frame 332
01:19.726  render           | Start rendering: MORI_Assembly_Animation, 视图层
01:19.726  render           | Engine: EEVEE
01:19.776  render           | Fra: 332 | Rendering 1 / 32 samples
01:19.909  render           | Fra: 332 | Rendering 25 / 32 samples
01:19.950  render           | Fra: 332 | Rendering 32 / 32 samples
01:19.963  render           | Video append frame 332
01:19.963  render           | Time: 00:00.23 (Saving: 00:00.00)
01:19.963  render           | Rendering frame 333
01:19.963  render           | Start rendering: MORI_Assembly_Animation, 视图层
01:19.963  render           | Engine: EEVEE
01:20.013  render           | Fra: 333 | Rendering 1 / 32 samples
01:20.153  render           | Fra: 333 | Rendering 25 / 32 samples
01:20.193  render           | Fra: 333 | Rendering 32 / 32 samples
01:20.207  render           | Video append frame 333
01:20.207  render           | Time: 00:00.24 (Saving: 00:00.00)
01:20.207  render           | Rendering frame 334
01:20.207  render           | Start rendering: MORI_Assembly_Animation, 视图层
01:20.207  render           | Engine: EEVEE
01:20.257  render           | Fra: 334 | Rendering 1 / 32 samples
01:20.400  render           | Fra: 334 | Rendering 25 / 32 samples
01:20.438  render           | Fra: 334 | Rendering 32 / 32 samples
01:20.449  render           | Video append frame 334
01:20.449  render           | Time: 00:00.24 (Saving: 00:00.00)
01:20.449  render           | Rendering frame 335
01:20.449  render           | Start rendering: MORI_Assembly_Animation, 视图层
01:20.449  render           | Engine: EEVEE
01:20.503  render           | Fra: 335 | Rendering 1 / 32 samples
01:20.635  render           | Fra: 335 | Rendering 25 / 32 samples
01:20.673  render           | Fra: 335 | Rendering 32 / 32 samples
01:20.684  render           | Video append frame 335
01:20.684  render           | Time: 00:00.23 (Saving: 00:00.00)
01:20.684  render           | Rendering frame 336
01:20.684  render           | Start rendering: MORI_Assembly_Animation, 视图层
01:20.684  render           | Engine: EEVEE
01:20.739  render           | Fra: 336 | Rendering 1 / 32 samples
01:20.872  render           | Fra: 336 | Rendering 25 / 32 samples
01:20.909  render           | Fra: 336 | Rendering 32 / 32 samples
01:20.920  render           | Video append frame 336
01:20.920  render           | Time: 00:00.23 (Saving: 00:00.00)
01:20.920  render           | Rendering frame 337
01:20.920  render           | Start rendering: MORI_Assembly_Animation, 视图层
01:20.920  render           | Engine: EEVEE
01:20.973  render           | Fra: 337 | Rendering 1 / 32 samples
01:21.110  render           | Fra: 337 | Rendering 25 / 32 samples
01:21.150  render           | Fra: 337 | Rendering 32 / 32 samples
01:21.163  render           | Video append frame 337
01:21.163  render           | Time: 00:00.24 (Saving: 00:00.00)
01:21.163  render           | Rendering frame 338
01:21.164  render           | Start rendering: MORI_Assembly_Animation, 视图层
01:21.164  render           | Engine: EEVEE
01:21.216  render           | Fra: 338 | Rendering 1 / 32 samples
01:21.354  render           | Fra: 338 | Rendering 25 / 32 samples
01:21.392  render           | Fra: 338 | Rendering 32 / 32 samples
01:21.403  render           | Video append frame 338
01:21.404  render           | Time: 00:00.23 (Saving: 00:00.00)
01:21.404  render           | Rendering frame 339
01:21.404  render           | Start rendering: MORI_Assembly_Animation, 视图层
01:21.404  render           | Engine: EEVEE
01:21.451  render           | Fra: 339 | Rendering 1 / 32 samples
01:21.582  render           | Fra: 339 | Rendering 25 / 32 samples
01:21.623  render           | Fra: 339 | Rendering 32 / 32 samples
01:21.635  render           | Video append frame 339
01:21.636  render           | Time: 00:00.23 (Saving: 00:00.00)
01:21.636  render           | Rendering frame 340
01:21.636  render           | Start rendering: MORI_Assembly_Animation, 视图层
01:21.636  render           | Engine: EEVEE
01:21.686  render           | Fra: 340 | Rendering 1 / 32 samples
01:21.823  render           | Fra: 340 | Rendering 25 / 32 samples
01:21.864  render           | Fra: 340 | Rendering 32 / 32 samples
01:21.876  render           | Video append frame 340
01:21.876  render           | Time: 00:00.24 (Saving: 00:00.00)
01:21.876  render           | Rendering frame 341
01:21.876  render           | Start rendering: MORI_Assembly_Animation, 视图层
01:21.876  render           | Engine: EEVEE
01:21.925  render           | Fra: 341 | Rendering 1 / 32 samples
01:22.062  render           | Fra: 341 | Rendering 25 / 32 samples
01:22.101  render           | Fra: 341 | Rendering 32 / 32 samples
01:22.113  render           | Video append frame 341
01:22.113  render           | Time: 00:00.23 (Saving: 00:00.00)
01:22.113  render           | Rendering frame 342
01:22.113  render           | Start rendering: MORI_Assembly_Animation, 视图层
01:22.113  render           | Engine: EEVEE
01:22.164  render           | Fra: 342 | Rendering 1 / 32 samples
01:22.299  render           | Fra: 342 | Rendering 25 / 32 samples
01:22.339  render           | Fra: 342 | Rendering 32 / 32 samples
01:22.352  render           | Video append frame 342
01:22.352  render           | Time: 00:00.23 (Saving: 00:00.00)
01:22.352  render           | Rendering frame 343
01:22.352  render           | Start rendering: MORI_Assembly_Animation, 视图层
01:22.352  render           | Engine: EEVEE
01:22.404  render           | Fra: 343 | Rendering 1 / 32 samples
01:22.540  render           | Fra: 343 | Rendering 25 / 32 samples
01:22.579  render           | Fra: 343 | Rendering 32 / 32 samples
01:22.591  render           | Video append frame 343
01:22.591  render           | Time: 00:00.23 (Saving: 00:00.00)
01:22.591  render           | Rendering frame 344
01:22.591  render           | Start rendering: MORI_Assembly_Animation, 视图层
01:22.591  render           | Engine: EEVEE
01:22.639  render           | Fra: 344 | Rendering 1 / 32 samples
01:22.773  render           | Fra: 344 | Rendering 25 / 32 samples
01:22.811  render           | Fra: 344 | Rendering 32 / 32 samples
01:22.824  render           | Video append frame 344
01:22.824  render           | Time: 00:00.23 (Saving: 00:00.00)
01:22.824  render           | Rendering frame 345
01:22.825  render           | Start rendering: MORI_Assembly_Animation, 视图层
01:22.825  render           | Engine: EEVEE
01:22.872  render           | Fra: 345 | Rendering 1 / 32 samples
01:23.012  render           | Fra: 345 | Rendering 25 / 32 samples
01:23.049  render           | Fra: 345 | Rendering 32 / 32 samples
01:23.062  render           | Video append frame 345
01:23.063  render           | Time: 00:00.23 (Saving: 00:00.00)
01:23.063  render           | Rendering frame 346
01:23.063  render           | Start rendering: MORI_Assembly_Animation, 视图层
01:23.063  render           | Engine: EEVEE
01:23.111  render           | Fra: 346 | Rendering 1 / 32 samples
01:23.244  render           | Fra: 346 | Rendering 25 / 32 samples
01:23.284  render           | Fra: 346 | Rendering 32 / 32 samples
01:23.297  render           | Video append frame 346
01:23.297  render           | Time: 00:00.23 (Saving: 00:00.00)
01:23.297  render           | Rendering frame 347
01:23.297  render           | Start rendering: MORI_Assembly_Animation, 视图层
01:23.297  render           | Engine: EEVEE
01:23.346  render           | Fra: 347 | Rendering 1 / 32 samples
01:23.482  render           | Fra: 347 | Rendering 25 / 32 samples
01:23.519  render           | Fra: 347 | Rendering 32 / 32 samples
01:23.529  render           | Video append frame 347
01:23.529  render           | Time: 00:00.23 (Saving: 00:00.00)
01:23.529  render           | Rendering frame 348
01:23.529  render           | Start rendering: MORI_Assembly_Animation, 视图层
01:23.529  render           | Engine: EEVEE
01:23.577  render           | Fra: 348 | Rendering 1 / 32 samples
01:23.720  render           | Fra: 348 | Rendering 25 / 32 samples
01:23.759  render           | Fra: 348 | Rendering 32 / 32 samples
01:23.771  render           | Video append frame 348
01:23.771  render           | Time: 00:00.24 (Saving: 00:00.00)
01:23.771  render           | Rendering frame 349
01:23.771  render           | Start rendering: MORI_Assembly_Animation, 视图层
01:23.771  render           | Engine: EEVEE
01:23.823  render           | Fra: 349 | Rendering 1 / 32 samples
01:23.958  render           | Fra: 349 | Rendering 25 / 32 samples
01:23.997  render           | Fra: 349 | Rendering 32 / 32 samples
01:24.009  render           | Video append frame 349
01:24.009  render           | Time: 00:00.23 (Saving: 00:00.00)
01:24.009  render           | Rendering frame 350
01:24.009  render           | Start rendering: MORI_Assembly_Animation, 视图层
01:24.009  render           | Engine: EEVEE
01:24.062  render           | Fra: 350 | Rendering 1 / 32 samples
01:24.197  render           | Fra: 350 | Rendering 25 / 32 samples
01:24.237  render           | Fra: 350 | Rendering 32 / 32 samples
01:24.249  render           | Video append frame 350
01:24.249  render           | Time: 00:00.23 (Saving: 00:00.00)
01:24.249  render           | Rendering frame 351
01:24.249  render           | Start rendering: MORI_Assembly_Animation, 视图层
01:24.249  render           | Engine: EEVEE
01:24.293  render           | Fra: 351 | Rendering 1 / 32 samples
01:24.430  render           | Fra: 351 | Rendering 25 / 32 samples
01:24.468  render           | Fra: 351 | Rendering 32 / 32 samples
01:24.481  render           | Video append frame 351
01:24.481  render           | Time: 00:00.23 (Saving: 00:00.00)
01:24.481  render           | Rendering frame 352
01:24.481  render           | Start rendering: MORI_Assembly_Animation, 视图层
01:24.481  render           | Engine: EEVEE
01:24.530  render           | Fra: 352 | Rendering 1 / 32 samples
01:24.666  render           | Fra: 352 | Rendering 25 / 32 samples
01:24.709  render           | Fra: 352 | Rendering 32 / 32 samples
01:24.722  render           | Video append frame 352
01:24.722  render           | Time: 00:00.24 (Saving: 00:00.00)
01:24.722  render           | Rendering frame 353
01:24.722  render           | Start rendering: MORI_Assembly_Animation, 视图层
01:24.722  render           | Engine: EEVEE
01:24.772  render           | Fra: 353 | Rendering 1 / 32 samples
01:24.905  render           | Fra: 353 | Rendering 25 / 32 samples
01:24.944  render           | Fra: 353 | Rendering 32 / 32 samples
01:24.956  render           | Video append frame 353
01:24.956  render           | Time: 00:00.23 (Saving: 00:00.00)
01:24.956  render           | Rendering frame 354
01:24.956  render           | Start rendering: MORI_Assembly_Animation, 视图层
01:24.956  render           | Engine: EEVEE
01:25.006  render           | Fra: 354 | Rendering 1 / 32 samples
01:25.146  render           | Fra: 354 | Rendering 25 / 32 samples
01:25.189  render           | Fra: 354 | Rendering 32 / 32 samples
01:25.202  render           | Video append frame 354
01:25.202  render           | Time: 00:00.24 (Saving: 00:00.00)
01:25.202  render           | Rendering frame 355
01:25.202  render           | Start rendering: MORI_Assembly_Animation, 视图层
01:25.202  render           | Engine: EEVEE
01:25.249  render           | Fra: 355 | Rendering 1 / 32 samples
01:25.388  render           | Fra: 355 | Rendering 25 / 32 samples
01:25.424  render           | Fra: 355 | Rendering 32 / 32 samples
01:25.437  render           | Video append frame 355
01:25.437  render           | Time: 00:00.23 (Saving: 00:00.00)
01:25.437  render           | Rendering frame 356
01:25.437  render           | Start rendering: MORI_Assembly_Animation, 视图层
01:25.437  render           | Engine: EEVEE
01:25.484  render           | Fra: 356 | Rendering 1 / 32 samples
01:25.615  render           | Fra: 356 | Rendering 25 / 32 samples
01:25.655  render           | Fra: 356 | Rendering 32 / 32 samples
01:25.667  render           | Video append frame 356
01:25.667  render           | Time: 00:00.23 (Saving: 00:00.00)
01:25.667  render           | Rendering frame 357
01:25.667  render           | Start rendering: MORI_Assembly_Animation, 视图层
01:25.667  render           | Engine: EEVEE
01:25.718  render           | Fra: 357 | Rendering 1 / 32 samples
01:25.850  render           | Fra: 357 | Rendering 25 / 32 samples
01:25.889  render           | Fra: 357 | Rendering 32 / 32 samples
01:25.902  render           | Video append frame 357
01:25.902  render           | Time: 00:00.23 (Saving: 00:00.00)
01:25.902  render           | Rendering frame 358
01:25.902  render           | Start rendering: MORI_Assembly_Animation, 视图层
01:25.902  render           | Engine: EEVEE
01:25.951  render           | Fra: 358 | Rendering 1 / 32 samples
01:26.084  render           | Fra: 358 | Rendering 25 / 32 samples
01:26.123  render           | Fra: 358 | Rendering 32 / 32 samples
01:26.137  render           | Video append frame 358
01:26.137  render           | Time: 00:00.23 (Saving: 00:00.00)
01:26.137  render           | Rendering frame 359
01:26.137  render           | Start rendering: MORI_Assembly_Animation, 视图层
01:26.137  render           | Engine: EEVEE
01:26.183  render           | Fra: 359 | Rendering 1 / 32 samples
01:26.316  render           | Fra: 359 | Rendering 25 / 32 samples
01:26.356  render           | Fra: 359 | Rendering 32 / 32 samples
01:26.370  render           | Video append frame 359
01:26.370  render           | Time: 00:00.23 (Saving: 00:00.00)
01:26.370  render           | Rendering frame 360
01:26.370  render           | Start rendering: MORI_Assembly_Animation, 视图层
01:26.370  render           | Engine: EEVEE
01:26.421  render           | Fra: 360 | Rendering 1 / 32 samples
01:26.556  render           | Fra: 360 | Rendering 25 / 32 samples
01:26.594  render           | Fra: 360 | Rendering 32 / 32 samples
01:26.608  render           | Video append frame 360
01:26.608  render           | Time: 00:00.23 (Saving: 00:00.00)
01:26.608  render           | Rendering frame 361
01:26.608  render           | Start rendering: MORI_Assembly_Animation, 视图层
01:26.608  render           | Engine: EEVEE
01:26.658  render           | Fra: 361 | Rendering 1 / 32 samples
01:26.795  render           | Fra: 361 | Rendering 25 / 32 samples
01:26.832  render           | Fra: 361 | Rendering 32 / 32 samples
01:26.844  render           | Video append frame 361
01:26.844  render           | Time: 00:00.23 (Saving: 00:00.00)
01:26.844  render           | Rendering frame 362
01:26.844  render           | Start rendering: MORI_Assembly_Animation, 视图层
01:26.844  render           | Engine: EEVEE
01:26.894  render           | Fra: 362 | Rendering 1 / 32 samples
01:27.028  render           | Fra: 362 | Rendering 25 / 32 samples
01:27.067  render           | Fra: 362 | Rendering 32 / 32 samples
01:27.076  render           | Video append frame 362
01:27.076  render           | Time: 00:00.23 (Saving: 00:00.00)
01:27.076  render           | Rendering frame 363
01:27.076  render           | Start rendering: MORI_Assembly_Animation, 视图层
01:27.076  render           | Engine: EEVEE
01:27.128  render           | Fra: 363 | Rendering 1 / 32 samples
01:27.261  render           | Fra: 363 | Rendering 25 / 32 samples
01:27.301  render           | Fra: 363 | Rendering 32 / 32 samples
01:27.313  render           | Video append frame 363
01:27.313  render           | Time: 00:00.23 (Saving: 00:00.00)
01:27.313  render           | Rendering frame 364
01:27.313  render           | Start rendering: MORI_Assembly_Animation, 视图层
01:27.313  render           | Engine: EEVEE
01:27.364  render           | Fra: 364 | Rendering 1 / 32 samples
01:27.497  render           | Fra: 364 | Rendering 25 / 32 samples
01:27.533  render           | Fra: 364 | Rendering 32 / 32 samples
01:27.544  render           | Video append frame 364
01:27.545  render           | Time: 00:00.23 (Saving: 00:00.00)
01:27.545  render           | Rendering frame 365
01:27.545  render           | Start rendering: MORI_Assembly_Animation, 视图层
01:27.545  render           | Engine: EEVEE
01:27.595  render           | Fra: 365 | Rendering 1 / 32 samples
01:27.725  render           | Fra: 365 | Rendering 25 / 32 samples
01:27.765  render           | Fra: 365 | Rendering 32 / 32 samples
01:27.777  render           | Video append frame 365
01:27.777  render           | Time: 00:00.23 (Saving: 00:00.00)
01:27.777  render           | Rendering frame 366
01:27.777  render           | Start rendering: MORI_Assembly_Animation, 视图层
01:27.777  render           | Engine: EEVEE
01:27.822  render           | Fra: 366 | Rendering 1 / 32 samples
01:27.952  render           | Fra: 366 | Rendering 25 / 32 samples
01:27.990  render           | Fra: 366 | Rendering 32 / 32 samples
01:28.002  render           | Video append frame 366
01:28.002  render           | Time: 00:00.22 (Saving: 00:00.00)
01:28.002  render           | Rendering frame 367
01:28.002  render           | Start rendering: MORI_Assembly_Animation, 视图层
01:28.002  render           | Engine: EEVEE
01:28.051  render           | Fra: 367 | Rendering 1 / 32 samples
01:28.184  render           | Fra: 367 | Rendering 25 / 32 samples
01:28.224  render           | Fra: 367 | Rendering 32 / 32 samples
01:28.236  render           | Video append frame 367
01:28.236  render           | Time: 00:00.23 (Saving: 00:00.00)
01:28.236  render           | Rendering frame 368
01:28.236  render           | Start rendering: MORI_Assembly_Animation, 视图层
01:28.236  render           | Engine: EEVEE
01:28.285  render           | Fra: 368 | Rendering 1 / 32 samples
01:28.431  render           | Fra: 368 | Rendering 25 / 32 samples
01:28.469  render           | Fra: 368 | Rendering 32 / 32 samples
01:28.479  render           | Video append frame 368
01:28.479  render           | Time: 00:00.24 (Saving: 00:00.00)
01:28.479  render           | Rendering frame 369
01:28.479  render           | Start rendering: MORI_Assembly_Animation, 视图层
01:28.479  render           | Engine: EEVEE
01:28.530  render           | Fra: 369 | Rendering 1 / 32 samples
01:28.667  render           | Fra: 369 | Rendering 25 / 32 samples
01:28.706  render           | Fra: 369 | Rendering 32 / 32 samples
01:28.715  render           | Video append frame 369
01:28.715  render           | Time: 00:00.23 (Saving: 00:00.00)
01:28.715  render           | Rendering frame 370
01:28.716  render           | Start rendering: MORI_Assembly_Animation, 视图层
01:28.716  render           | Engine: EEVEE
01:28.756  render           | Fra: 370 | Rendering 1 / 32 samples
01:28.892  render           | Fra: 370 | Rendering 25 / 32 samples
01:28.929  render           | Fra: 370 | Rendering 32 / 32 samples
01:28.938  render           | Video append frame 370
01:28.938  render           | Time: 00:00.22 (Saving: 00:00.00)
01:28.938  render           | Rendering frame 371
01:28.938  render           | Start rendering: MORI_Assembly_Animation, 视图层
01:28.938  render           | Engine: EEVEE
01:28.986  render           | Fra: 371 | Rendering 1 / 32 samples
01:29.122  render           | Fra: 371 | Rendering 25 / 32 samples
01:29.162  render           | Fra: 371 | Rendering 32 / 32 samples
01:29.171  render           | Video append frame 371
01:29.171  render           | Time: 00:00.23 (Saving: 00:00.00)
01:29.171  render           | Rendering frame 372
01:29.172  render           | Start rendering: MORI_Assembly_Animation, 视图层
01:29.172  render           | Engine: EEVEE
01:29.216  render           | Fra: 372 | Rendering 1 / 32 samples
01:29.357  render           | Fra: 372 | Rendering 25 / 32 samples
01:29.396  render           | Fra: 372 | Rendering 32 / 32 samples
01:29.405  render           | Video append frame 372
01:29.405  render           | Time: 00:00.23 (Saving: 00:00.00)
01:29.405  render           | Rendering frame 373
01:29.405  render           | Start rendering: MORI_Assembly_Animation, 视图层
01:29.405  render           | Engine: EEVEE
01:29.448  render           | Fra: 373 | Rendering 1 / 32 samples
01:29.584  render           | Fra: 373 | Rendering 25 / 32 samples
01:29.626  render           | Fra: 373 | Rendering 32 / 32 samples
01:29.634  render           | Video append frame 373
01:29.634  render           | Time: 00:00.22 (Saving: 00:00.00)
01:29.634  render           | Rendering frame 374
01:29.634  render           | Start rendering: MORI_Assembly_Animation, 视图层
01:29.634  render           | Engine: EEVEE
01:29.670  render           | Fra: 374 | Rendering 1 / 32 samples
01:29.805  render           | Fra: 374 | Rendering 25 / 32 samples
01:29.844  render           | Fra: 374 | Rendering 32 / 32 samples
01:29.855  render           | Video append frame 374
01:29.855  render           | Time: 00:00.22 (Saving: 00:00.00)
01:29.855  render           | Rendering frame 375
01:29.855  render           | Start rendering: MORI_Assembly_Animation, 视图层
01:29.855  render           | Engine: EEVEE
01:29.900  render           | Fra: 375 | Rendering 1 / 32 samples
01:30.027  render           | Fra: 375 | Rendering 25 / 32 samples
01:30.065  render           | Fra: 375 | Rendering 32 / 32 samples
01:30.077  render           | Video append frame 375
01:30.077  render           | Time: 00:00.22 (Saving: 00:00.00)
01:30.077  render           | Rendering frame 376
01:30.077  render           | Start rendering: MORI_Assembly_Animation, 视图层
01:30.077  render           | Engine: EEVEE
01:30.122  render           | Fra: 376 | Rendering 1 / 32 samples
01:30.255  render           | Fra: 376 | Rendering 25 / 32 samples
01:30.294  render           | Fra: 376 | Rendering 32 / 32 samples
01:30.307  render           | Video append frame 376
01:30.307  render           | Time: 00:00.23 (Saving: 00:00.00)
01:30.307  render           | Rendering frame 377
01:30.307  render           | Start rendering: MORI_Assembly_Animation, 视图层
01:30.307  render           | Engine: EEVEE
01:30.350  render           | Fra: 377 | Rendering 1 / 32 samples
01:30.483  render           | Fra: 377 | Rendering 25 / 32 samples
01:30.522  render           | Fra: 377 | Rendering 32 / 32 samples
01:30.534  render           | Video append frame 377
01:30.534  render           | Time: 00:00.22 (Saving: 00:00.00)
01:30.534  render           | Rendering frame 378
01:30.534  render           | Start rendering: MORI_Assembly_Animation, 视图层
01:30.534  render           | Engine: EEVEE
01:30.583  render           | Fra: 378 | Rendering 1 / 32 samples
01:30.715  render           | Fra: 378 | Rendering 25 / 32 samples
01:30.755  render           | Fra: 378 | Rendering 32 / 32 samples
01:30.767  render           | Video append frame 378
01:30.767  render           | Time: 00:00.23 (Saving: 00:00.00)
01:30.767  render           | Rendering frame 379
01:30.767  render           | Start rendering: MORI_Assembly_Animation, 视图层
01:30.767  render           | Engine: EEVEE
01:30.815  render           | Fra: 379 | Rendering 1 / 32 samples
01:30.950  render           | Fra: 379 | Rendering 25 / 32 samples
01:30.990  render           | Fra: 379 | Rendering 32 / 32 samples
01:31.003  render           | Video append frame 379
01:31.003  render           | Time: 00:00.23 (Saving: 00:00.00)
01:31.003  render           | Rendering frame 380
01:31.003  render           | Start rendering: MORI_Assembly_Animation, 视图层
01:31.003  render           | Engine: EEVEE
01:31.049  render           | Fra: 380 | Rendering 1 / 32 samples
01:31.182  render           | Fra: 380 | Rendering 25 / 32 samples
01:31.221  render           | Fra: 380 | Rendering 32 / 32 samples
01:31.232  render           | Video append frame 380
01:31.232  render           | Time: 00:00.22 (Saving: 00:00.00)
01:31.232  render           | Rendering frame 381
01:31.232  render           | Start rendering: MORI_Assembly_Animation, 视图层
01:31.232  render           | Engine: EEVEE
01:31.279  render           | Fra: 381 | Rendering 1 / 32 samples
01:31.410  render           | Fra: 381 | Rendering 25 / 32 samples
01:31.449  render           | Fra: 381 | Rendering 32 / 32 samples
01:31.461  render           | Video append frame 381
01:31.461  render           | Time: 00:00.22 (Saving: 00:00.00)
01:31.461  render           | Rendering frame 382
01:31.461  render           | Start rendering: MORI_Assembly_Animation, 视图层
01:31.461  render           | Engine: EEVEE
01:31.506  render           | Fra: 382 | Rendering 1 / 32 samples
01:31.642  render           | Fra: 382 | Rendering 25 / 32 samples
01:31.681  render           | Fra: 382 | Rendering 32 / 32 samples
01:31.693  render           | Video append frame 382
01:31.693  render           | Time: 00:00.23 (Saving: 00:00.00)
01:31.693  render           | Rendering frame 383
01:31.693  render           | Start rendering: MORI_Assembly_Animation, 视图层
01:31.693  render           | Engine: EEVEE
01:31.739  render           | Fra: 383 | Rendering 1 / 32 samples
01:31.890  render           | Fra: 383 | Rendering 25 / 32 samples
01:31.935  render           | Fra: 383 | Rendering 32 / 32 samples
01:31.948  render           | Video append frame 383
01:31.948  render           | Time: 00:00.25 (Saving: 00:00.00)
01:31.948  render           | Rendering frame 384
01:31.948  render           | Start rendering: MORI_Assembly_Animation, 视图层
01:31.948  render           | Engine: EEVEE
01:31.999  render           | Fra: 384 | Rendering 1 / 32 samples
01:32.158  render           | Fra: 384 | Rendering 25 / 32 samples
01:32.205  render           | Fra: 384 | Rendering 32 / 32 samples
01:32.218  render           | Video append frame 384
01:32.218  render           | Time: 00:00.26 (Saving: 00:00.00)
01:32.218  render           | Rendering frame 385
01:32.219  render           | Start rendering: MORI_Assembly_Animation, 视图层
01:32.219  render           | Engine: EEVEE
01:32.271  render           | Fra: 385 | Rendering 1 / 32 samples
01:32.406  render           | Fra: 385 | Rendering 25 / 32 samples
01:32.442  render           | Fra: 385 | Rendering 32 / 32 samples
01:32.452  render           | Video append frame 385
01:32.452  render           | Time: 00:00.23 (Saving: 00:00.00)
01:32.452  render           | Rendering frame 386
01:32.452  render           | Start rendering: MORI_Assembly_Animation, 视图层
01:32.452  render           | Engine: EEVEE
01:32.498  render           | Fra: 386 | Rendering 1 / 32 samples
01:32.621  render           | Fra: 386 | Rendering 25 / 32 samples
01:32.657  render           | Fra: 386 | Rendering 32 / 32 samples
01:32.669  render           | Video append frame 386
01:32.669  render           | Time: 00:00.21 (Saving: 00:00.00)
01:32.669  render           | Rendering frame 387
01:32.669  render           | Start rendering: MORI_Assembly_Animation, 视图层
01:32.669  render           | Engine: EEVEE
01:32.714  render           | Fra: 387 | Rendering 1 / 32 samples
01:32.841  render           | Fra: 387 | Rendering 25 / 32 samples
01:32.880  render           | Fra: 387 | Rendering 32 / 32 samples
01:32.891  render           | Video append frame 387
01:32.891  render           | Time: 00:00.22 (Saving: 00:00.00)
01:32.891  render           | Rendering frame 388
01:32.891  render           | Start rendering: MORI_Assembly_Animation, 视图层
01:32.891  render           | Engine: EEVEE
01:32.938  render           | Fra: 388 | Rendering 1 / 32 samples
01:33.059  render           | Fra: 388 | Rendering 25 / 32 samples
01:33.093  render           | Fra: 388 | Rendering 32 / 32 samples
01:33.105  render           | Video append frame 388
01:33.105  render           | Time: 00:00.21 (Saving: 00:00.00)
01:33.105  render           | Rendering frame 389
01:33.105  render           | Start rendering: MORI_Assembly_Animation, 视图层
01:33.105  render           | Engine: EEVEE
01:33.154  render           | Fra: 389 | Rendering 1 / 32 samples
01:33.278  render           | Fra: 389 | Rendering 25 / 32 samples
01:33.314  render           | Fra: 389 | Rendering 32 / 32 samples
01:33.325  render           | Video append frame 389
01:33.325  render           | Time: 00:00.22 (Saving: 00:00.00)
01:33.325  render           | Rendering frame 390
01:33.325  render           | Start rendering: MORI_Assembly_Animation, 视图层
01:33.325  render           | Engine: EEVEE
01:33.373  render           | Fra: 390 | Rendering 1 / 32 samples
01:33.495  render           | Fra: 390 | Rendering 25 / 32 samples
01:33.530  render           | Fra: 390 | Rendering 32 / 32 samples
01:33.541  render           | Video append frame 390
01:33.542  render           | Time: 00:00.21 (Saving: 00:00.00)
01:33.542  render           | Rendering frame 391
01:33.542  render           | Start rendering: MORI_Assembly_Animation, 视图层
01:33.542  render           | Engine: EEVEE
01:33.591  render           | Fra: 391 | Rendering 1 / 32 samples
01:33.726  render           | Fra: 391 | Rendering 25 / 32 samples
01:33.766  render           | Fra: 391 | Rendering 32 / 32 samples
01:33.777  render           | Video append frame 391
01:33.777  render           | Time: 00:00.23 (Saving: 00:00.00)
01:33.777  render           | Rendering frame 392
01:33.777  render           | Start rendering: MORI_Assembly_Animation, 视图层
01:33.777  render           | Engine: EEVEE
01:33.829  render           | Fra: 392 | Rendering 1 / 32 samples
01:33.976  render           | Fra: 392 | Rendering 25 / 32 samples
01:34.018  render           | Fra: 392 | Rendering 32 / 32 samples
01:34.030  render           | Video append frame 392
01:34.030  render           | Time: 00:00.25 (Saving: 00:00.00)
01:34.030  render           | Rendering frame 393
01:34.030  render           | Start rendering: MORI_Assembly_Animation, 视图层
01:34.030  render           | Engine: EEVEE
01:34.079  render           | Fra: 393 | Rendering 1 / 32 samples
01:34.235  render           | Fra: 393 | Rendering 25 / 32 samples
01:34.281  render           | Fra: 393 | Rendering 32 / 32 samples
01:34.293  render           | Video append frame 393
01:34.293  render           | Time: 00:00.26 (Saving: 00:00.00)
01:34.293  render           | Rendering frame 394
01:34.293  render           | Start rendering: MORI_Assembly_Animation, 视图层
01:34.293  render           | Engine: EEVEE
01:34.344  render           | Fra: 394 | Rendering 1 / 32 samples
01:34.489  render           | Fra: 394 | Rendering 25 / 32 samples
01:34.529  render           | Fra: 394 | Rendering 32 / 32 samples
01:34.542  render           | Video append frame 394
01:34.542  render           | Time: 00:00.24 (Saving: 00:00.00)
01:34.542  render           | Rendering frame 395
01:34.542  render           | Start rendering: MORI_Assembly_Animation, 视图层
01:34.542  render           | Engine: EEVEE
01:34.592  render           | Fra: 395 | Rendering 1 / 32 samples
01:34.727  render           | Fra: 395 | Rendering 25 / 32 samples
01:34.766  render           | Fra: 395 | Rendering 32 / 32 samples
01:34.778  render           | Video append frame 395
01:34.778  render           | Time: 00:00.23 (Saving: 00:00.00)
01:34.778  render           | Rendering frame 396
01:34.778  render           | Start rendering: MORI_Assembly_Animation, 视图层
01:34.778  render           | Engine: EEVEE
01:34.828  render           | Fra: 396 | Rendering 1 / 32 samples
01:34.960  render           | Fra: 396 | Rendering 25 / 32 samples
01:35.000  render           | Fra: 396 | Rendering 32 / 32 samples
01:35.013  render           | Video append frame 396
01:35.013  render           | Time: 00:00.23 (Saving: 00:00.00)
01:35.013  render           | Rendering frame 397
01:35.013  render           | Start rendering: MORI_Assembly_Animation, 视图层
01:35.013  render           | Engine: EEVEE
01:35.057  render           | Fra: 397 | Rendering 1 / 32 samples
01:35.192  render           | Fra: 397 | Rendering 25 / 32 samples
01:35.232  render           | Fra: 397 | Rendering 32 / 32 samples
01:35.243  render           | Video append frame 397
01:35.243  render           | Time: 00:00.22 (Saving: 00:00.00)
01:35.243  render           | Rendering frame 398
01:35.243  render           | Start rendering: MORI_Assembly_Animation, 视图层
01:35.243  render           | Engine: EEVEE
01:35.290  render           | Fra: 398 | Rendering 1 / 32 samples
01:35.424  render           | Fra: 398 | Rendering 25 / 32 samples
01:35.460  render           | Fra: 398 | Rendering 32 / 32 samples
01:35.473  render           | Video append frame 398
01:35.473  render           | Time: 00:00.22 (Saving: 00:00.00)
01:35.473  render           | Rendering frame 399
01:35.473  render           | Start rendering: MORI_Assembly_Animation, 视图层
01:35.473  render           | Engine: EEVEE
01:35.519  render           | Fra: 399 | Rendering 1 / 32 samples
01:35.647  render           | Fra: 399 | Rendering 25 / 32 samples
01:35.687  render           | Fra: 399 | Rendering 32 / 32 samples
01:35.699  render           | Video append frame 399
01:35.699  render           | Time: 00:00.22 (Saving: 00:00.00)
01:35.699  render           | Rendering frame 400
01:35.699  render           | Start rendering: MORI_Assembly_Animation, 视图层
01:35.699  render           | Engine: EEVEE
01:35.746  render           | Fra: 400 | Rendering 1 / 32 samples
01:35.876  render           | Fra: 400 | Rendering 25 / 32 samples
01:35.916  render           | Fra: 400 | Rendering 32 / 32 samples
01:35.929  render           | Video append frame 400
01:35.929  render           | Time: 00:00.22 (Saving: 00:00.00)
01:35.929  render           | Rendering frame 401
01:35.929  render           | Start rendering: MORI_Assembly_Animation, 视图层
01:35.929  render           | Engine: EEVEE
01:35.974  render           | Fra: 401 | Rendering 1 / 32 samples
01:36.105  render           | Fra: 401 | Rendering 25 / 32 samples
01:36.143  render           | Fra: 401 | Rendering 32 / 32 samples
01:36.156  render           | Video append frame 401
01:36.156  render           | Time: 00:00.22 (Saving: 00:00.00)
01:36.156  render           | Rendering frame 402
01:36.156  render           | Start rendering: MORI_Assembly_Animation, 视图层
01:36.156  render           | Engine: EEVEE
01:36.204  render           | Fra: 402 | Rendering 1 / 32 samples
01:36.337  render           | Fra: 402 | Rendering 25 / 32 samples
01:36.372  render           | Fra: 402 | Rendering 32 / 32 samples
01:36.383  render           | Video append frame 402
01:36.383  render           | Time: 00:00.22 (Saving: 00:00.00)
01:36.383  render           | Rendering frame 403
01:36.384  render           | Start rendering: MORI_Assembly_Animation, 视图层
01:36.384  render           | Engine: EEVEE
01:36.431  render           | Fra: 403 | Rendering 1 / 32 samples
01:36.559  render           | Fra: 403 | Rendering 25 / 32 samples
01:36.598  render           | Fra: 403 | Rendering 32 / 32 samples
01:36.609  render           | Video append frame 403
01:36.609  render           | Time: 00:00.22 (Saving: 00:00.00)
01:36.609  render           | Rendering frame 404
01:36.609  render           | Start rendering: MORI_Assembly_Animation, 视图层
01:36.609  render           | Engine: EEVEE
01:36.657  render           | Fra: 404 | Rendering 1 / 32 samples
01:36.802  render           | Fra: 404 | Rendering 25 / 32 samples
01:36.841  render           | Fra: 404 | Rendering 32 / 32 samples
01:36.853  render           | Video append frame 404
01:36.853  render           | Time: 00:00.24 (Saving: 00:00.00)
01:36.853  render           | Rendering frame 405
01:36.853  render           | Start rendering: MORI_Assembly_Animation, 视图层
01:36.853  render           | Engine: EEVEE
01:36.902  render           | Fra: 405 | Rendering 1 / 32 samples
01:37.038  render           | Fra: 405 | Rendering 25 / 32 samples
01:37.076  render           | Fra: 405 | Rendering 32 / 32 samples
01:37.089  render           | Video append frame 405
01:37.089  render           | Time: 00:00.23 (Saving: 00:00.00)
01:37.089  render           | Rendering frame 406
01:37.090  render           | Start rendering: MORI_Assembly_Animation, 视图层
01:37.090  render           | Engine: EEVEE
01:37.144  render           | Fra: 406 | Rendering 1 / 32 samples
01:37.280  render           | Fra: 406 | Rendering 25 / 32 samples
01:37.320  render           | Fra: 406 | Rendering 32 / 32 samples
01:37.333  render           | Video append frame 406
01:37.333  render           | Time: 00:00.24 (Saving: 00:00.00)
01:37.333  render           | Rendering frame 407
01:37.333  render           | Start rendering: MORI_Assembly_Animation, 视图层
01:37.334  render           | Engine: EEVEE
01:37.382  render           | Fra: 407 | Rendering 1 / 32 samples
01:37.509  render           | Fra: 407 | Rendering 25 / 32 samples
01:37.546  render           | Fra: 407 | Rendering 32 / 32 samples
01:37.557  render           | Video append frame 407
01:37.557  render           | Time: 00:00.22 (Saving: 00:00.00)
01:37.557  render           | Rendering frame 408
01:37.557  render           | Start rendering: MORI_Assembly_Animation, 视图层
01:37.557  render           | Engine: EEVEE
01:37.603  render           | Fra: 408 | Rendering 1 / 32 samples
01:37.737  render           | Fra: 408 | Rendering 25 / 32 samples
01:37.778  render           | Fra: 408 | Rendering 32 / 32 samples
01:37.790  render           | Video append frame 408
01:37.790  render           | Time: 00:00.23 (Saving: 00:00.00)
01:37.790  render           | Rendering frame 409
01:37.791  render           | Start rendering: MORI_Assembly_Animation, 视图层
01:37.791  render           | Engine: EEVEE
01:37.837  render           | Fra: 409 | Rendering 1 / 32 samples
01:37.964  render           | Fra: 409 | Rendering 25 / 32 samples
01:38.004  render           | Fra: 409 | Rendering 32 / 32 samples
01:38.017  render           | Video append frame 409
01:38.017  render           | Time: 00:00.22 (Saving: 00:00.00)
01:38.017  render           | Rendering frame 410
01:38.017  render           | Start rendering: MORI_Assembly_Animation, 视图层
01:38.017  render           | Engine: EEVEE
01:38.063  render           | Fra: 410 | Rendering 1 / 32 samples
01:38.201  render           | Fra: 410 | Rendering 25 / 32 samples
01:38.240  render           | Fra: 410 | Rendering 32 / 32 samples
01:38.252  render           | Video append frame 410
01:38.252  render           | Time: 00:00.23 (Saving: 00:00.00)
01:38.252  render           | Rendering frame 411
01:38.253  render           | Start rendering: MORI_Assembly_Animation, 视图层
01:38.253  render           | Engine: EEVEE
01:38.298  render           | Fra: 411 | Rendering 1 / 32 samples
01:38.433  render           | Fra: 411 | Rendering 25 / 32 samples
01:38.474  render           | Fra: 411 | Rendering 32 / 32 samples
01:38.486  render           | Video append frame 411
01:38.486  render           | Time: 00:00.23 (Saving: 00:00.00)
01:38.486  render           | Rendering frame 412
01:38.486  render           | Start rendering: MORI_Assembly_Animation, 视图层
01:38.486  render           | Engine: EEVEE
01:38.533  render           | Fra: 412 | Rendering 1 / 32 samples
01:38.673  render           | Fra: 412 | Rendering 25 / 32 samples
01:38.712  render           | Fra: 412 | Rendering 32 / 32 samples
01:38.725  render           | Video append frame 412
01:38.725  render           | Time: 00:00.23 (Saving: 00:00.00)
01:38.725  render           | Rendering frame 413
01:38.725  render           | Start rendering: MORI_Assembly_Animation, 视图层
01:38.725  render           | Engine: EEVEE
01:38.773  render           | Fra: 413 | Rendering 1 / 32 samples
01:38.908  render           | Fra: 413 | Rendering 25 / 32 samples
01:38.948  render           | Fra: 413 | Rendering 32 / 32 samples
01:38.959  render           | Video append frame 413
01:38.959  render           | Time: 00:00.23 (Saving: 00:00.00)
01:38.959  render           | Rendering frame 414
01:38.959  render           | Start rendering: MORI_Assembly_Animation, 视图层
01:38.959  render           | Engine: EEVEE
01:39.006  render           | Fra: 414 | Rendering 1 / 32 samples
01:39.141  render           | Fra: 414 | Rendering 25 / 32 samples
01:39.181  render           | Fra: 414 | Rendering 32 / 32 samples
01:39.192  render           | Video append frame 414
01:39.192  render           | Time: 00:00.23 (Saving: 00:00.00)
01:39.192  render           | Rendering frame 415
01:39.192  render           | Start rendering: MORI_Assembly_Animation, 视图层
01:39.192  render           | Engine: EEVEE
01:39.247  render           | Fra: 415 | Rendering 1 / 32 samples
01:39.384  render           | Fra: 415 | Rendering 25 / 32 samples
01:39.423  render           | Fra: 415 | Rendering 32 / 32 samples
01:39.435  render           | Video append frame 415
01:39.435  render           | Time: 00:00.24 (Saving: 00:00.00)
01:39.435  render           | Rendering frame 416
01:39.435  render           | Start rendering: MORI_Assembly_Animation, 视图层
01:39.435  render           | Engine: EEVEE
01:39.482  render           | Fra: 416 | Rendering 1 / 32 samples
01:39.623  render           | Fra: 416 | Rendering 25 / 32 samples
01:39.667  render           | Fra: 416 | Rendering 32 / 32 samples
01:39.680  render           | Video append frame 416
01:39.680  render           | Time: 00:00.24 (Saving: 00:00.00)
01:39.680  render           | Rendering frame 417
01:39.681  render           | Start rendering: MORI_Assembly_Animation, 视图层
01:39.681  render           | Engine: EEVEE
01:39.730  render           | Fra: 417 | Rendering 1 / 32 samples
01:39.866  render           | Fra: 417 | Rendering 25 / 32 samples
01:39.906  render           | Fra: 417 | Rendering 32 / 32 samples
01:39.919  render           | Video append frame 417
01:39.919  render           | Time: 00:00.23 (Saving: 00:00.00)
01:39.919  render           | Rendering frame 418
01:39.919  render           | Start rendering: MORI_Assembly_Animation, 视图层
01:39.919  render           | Engine: EEVEE
01:39.971  render           | Fra: 418 | Rendering 1 / 32 samples
01:40.113  render           | Fra: 418 | Rendering 25 / 32 samples
01:40.153  render           | Fra: 418 | Rendering 32 / 32 samples
01:40.165  render           | Video append frame 418
01:40.165  render           | Time: 00:00.24 (Saving: 00:00.00)
01:40.165  render           | Rendering frame 419
01:40.165  render           | Start rendering: MORI_Assembly_Animation, 视图层
01:40.165  render           | Engine: EEVEE
01:40.214  render           | Fra: 419 | Rendering 1 / 32 samples
01:40.350  render           | Fra: 419 | Rendering 25 / 32 samples
01:40.390  render           | Fra: 419 | Rendering 32 / 32 samples
01:40.402  render           | Video append frame 419
01:40.402  render           | Time: 00:00.23 (Saving: 00:00.00)
01:40.402  render           | Rendering frame 420
01:40.402  render           | Start rendering: MORI_Assembly_Animation, 视图层
01:40.402  render           | Engine: EEVEE
01:40.449  render           | Fra: 420 | Rendering 1 / 32 samples
01:40.594  render           | Fra: 420 | Rendering 25 / 32 samples
01:40.636  render           | Fra: 420 | Rendering 32 / 32 samples
01:40.649  render           | Video append frame 420
01:40.649  render           | Time: 00:00.24 (Saving: 00:00.00)
01:40.649  render           | Rendering frame 421
01:40.649  render           | Start rendering: MORI_Assembly_Animation, 视图层
01:40.649  render           | Engine: EEVEE
01:40.700  render           | Fra: 421 | Rendering 1 / 32 samples
01:40.842  render           | Fra: 421 | Rendering 25 / 32 samples
01:40.881  render           | Fra: 421 | Rendering 32 / 32 samples
01:40.893  render           | Video append frame 421
01:40.893  render           | Time: 00:00.24 (Saving: 00:00.00)
01:40.893  render           | Rendering frame 422
01:40.894  render           | Start rendering: MORI_Assembly_Animation, 视图层
01:40.894  render           | Engine: EEVEE
01:40.940  render           | Fra: 422 | Rendering 1 / 32 samples
01:41.085  render           | Fra: 422 | Rendering 25 / 32 samples
01:41.127  render           | Fra: 422 | Rendering 32 / 32 samples
01:41.140  render           | Video append frame 422
01:41.140  render           | Time: 00:00.24 (Saving: 00:00.00)
01:41.140  render           | Rendering frame 423
01:41.140  render           | Start rendering: MORI_Assembly_Animation, 视图层
01:41.140  render           | Engine: EEVEE
01:41.189  render           | Fra: 423 | Rendering 1 / 32 samples
01:41.326  render           | Fra: 423 | Rendering 25 / 32 samples
01:41.365  render           | Fra: 423 | Rendering 32 / 32 samples
01:41.377  render           | Video append frame 423
01:41.377  render           | Time: 00:00.23 (Saving: 00:00.00)
01:41.377  render           | Rendering frame 424
01:41.378  render           | Start rendering: MORI_Assembly_Animation, 视图层
01:41.378  render           | Engine: EEVEE
01:41.424  render           | Fra: 424 | Rendering 1 / 32 samples
01:41.554  render           | Fra: 424 | Rendering 25 / 32 samples
01:41.594  render           | Fra: 424 | Rendering 32 / 32 samples
01:41.607  render           | Video append frame 424
01:41.607  render           | Time: 00:00.22 (Saving: 00:00.00)
01:41.607  render           | Rendering frame 425
01:41.607  render           | Start rendering: MORI_Assembly_Animation, 视图层
01:41.607  render           | Engine: EEVEE
01:41.653  render           | Fra: 425 | Rendering 1 / 32 samples
01:41.788  render           | Fra: 425 | Rendering 25 / 32 samples
01:41.826  render           | Fra: 425 | Rendering 32 / 32 samples
01:41.839  render           | Video append frame 425
01:41.839  render           | Time: 00:00.23 (Saving: 00:00.00)
01:41.839  render           | Rendering frame 426
01:41.839  render           | Start rendering: MORI_Assembly_Animation, 视图层
01:41.839  render           | Engine: EEVEE
01:41.886  render           | Fra: 426 | Rendering 1 / 32 samples
01:42.019  render           | Fra: 426 | Rendering 25 / 32 samples
01:42.058  render           | Fra: 426 | Rendering 32 / 32 samples
01:42.070  render           | Video append frame 426
01:42.070  render           | Time: 00:00.23 (Saving: 00:00.00)
01:42.070  render           | Rendering frame 427
01:42.070  render           | Start rendering: MORI_Assembly_Animation, 视图层
01:42.070  render           | Engine: EEVEE
01:42.117  render           | Fra: 427 | Rendering 1 / 32 samples
01:42.251  render           | Fra: 427 | Rendering 25 / 32 samples
01:42.292  render           | Fra: 427 | Rendering 32 / 32 samples
01:42.305  render           | Video append frame 427
01:42.305  render           | Time: 00:00.23 (Saving: 00:00.00)
01:42.305  render           | Rendering frame 428
01:42.305  render           | Start rendering: MORI_Assembly_Animation, 视图层
01:42.305  render           | Engine: EEVEE
01:42.353  render           | Fra: 428 | Rendering 1 / 32 samples
01:42.488  render           | Fra: 428 | Rendering 25 / 32 samples
01:42.527  render           | Fra: 428 | Rendering 32 / 32 samples
01:42.540  render           | Video append frame 428
01:42.540  render           | Time: 00:00.23 (Saving: 00:00.00)
01:42.540  render           | Rendering frame 429
01:42.540  render           | Start rendering: MORI_Assembly_Animation, 视图层
01:42.540  render           | Engine: EEVEE
01:42.589  render           | Fra: 429 | Rendering 1 / 32 samples
01:42.723  render           | Fra: 429 | Rendering 25 / 32 samples
01:42.761  render           | Fra: 429 | Rendering 32 / 32 samples
01:42.774  render           | Video append frame 429
01:42.774  render           | Time: 00:00.23 (Saving: 00:00.00)
01:42.774  render           | Rendering frame 430
01:42.774  render           | Start rendering: MORI_Assembly_Animation, 视图层
01:42.774  render           | Engine: EEVEE
01:42.822  render           | Fra: 430 | Rendering 1 / 32 samples
01:42.957  render           | Fra: 430 | Rendering 25 / 32 samples
01:42.998  render           | Fra: 430 | Rendering 32 / 32 samples
01:43.009  render           | Video append frame 430
01:43.009  render           | Time: 00:00.23 (Saving: 00:00.00)
01:43.009  render           | Rendering frame 431
01:43.009  render           | Start rendering: MORI_Assembly_Animation, 视图层
01:43.009  render           | Engine: EEVEE
01:43.057  render           | Fra: 431 | Rendering 1 / 32 samples
01:43.193  render           | Fra: 431 | Rendering 25 / 32 samples
01:43.233  render           | Fra: 431 | Rendering 32 / 32 samples
01:43.246  render           | Video append frame 431
01:43.246  render           | Time: 00:00.23 (Saving: 00:00.00)
01:43.246  render           | Rendering frame 432
01:43.246  render           | Start rendering: MORI_Assembly_Animation, 视图层
01:43.246  render           | Engine: EEVEE
01:43.295  render           | Fra: 432 | Rendering 1 / 32 samples
01:43.426  render           | Fra: 432 | Rendering 25 / 32 samples
01:43.466  render           | Fra: 432 | Rendering 32 / 32 samples
01:43.478  render           | Video append frame 432
01:43.478  render           | Time: 00:00.23 (Saving: 00:00.00)
01:43.478  render           | Rendering frame 433
01:43.479  render           | Start rendering: MORI_Assembly_Animation, 视图层
01:43.479  render           | Engine: EEVEE
01:43.532  render           | Fra: 433 | Rendering 1 / 32 samples
01:43.664  render           | Fra: 433 | Rendering 25 / 32 samples
01:43.704  render           | Fra: 433 | Rendering 32 / 32 samples
01:43.717  render           | Video append frame 433
01:43.717  render           | Time: 00:00.23 (Saving: 00:00.00)
01:43.717  render           | Rendering frame 434
01:43.717  render           | Start rendering: MORI_Assembly_Animation, 视图层
01:43.717  render           | Engine: EEVEE
01:43.772  render           | Fra: 434 | Rendering 1 / 32 samples
01:43.905  render           | Fra: 434 | Rendering 25 / 32 samples
01:43.944  render           | Fra: 434 | Rendering 32 / 32 samples
01:43.957  render           | Video append frame 434
01:43.957  render           | Time: 00:00.24 (Saving: 00:00.00)
01:43.957  render           | Rendering frame 435
01:43.957  render           | Start rendering: MORI_Assembly_Animation, 视图层
01:43.957  render           | Engine: EEVEE
01:44.009  render           | Fra: 435 | Rendering 1 / 32 samples
01:44.157  render           | Fra: 435 | Rendering 25 / 32 samples
01:44.204  render           | Fra: 435 | Rendering 32 / 32 samples
01:44.220  render           | Video append frame 435
01:44.220  render           | Time: 00:00.26 (Saving: 00:00.00)
01:44.220  render           | Rendering frame 436
01:44.220  render           | Start rendering: MORI_Assembly_Animation, 视图层
01:44.220  render           | Engine: EEVEE
01:44.273  render           | Fra: 436 | Rendering 1 / 32 samples
01:44.435  render           | Fra: 436 | Rendering 25 / 32 samples
01:44.479  render           | Fra: 436 | Rendering 32 / 32 samples
01:44.491  render           | Video append frame 436
01:44.491  render           | Time: 00:00.27 (Saving: 00:00.00)
01:44.491  render           | Rendering frame 437
01:44.491  render           | Start rendering: MORI_Assembly_Animation, 视图层
01:44.491  render           | Engine: EEVEE
01:44.548  render           | Fra: 437 | Rendering 1 / 32 samples
01:44.711  render           | Fra: 437 | Rendering 25 / 32 samples
01:44.758  render           | Fra: 437 | Rendering 32 / 32 samples
01:44.772  render           | Video append frame 437
01:44.772  render           | Time: 00:00.28 (Saving: 00:00.00)
01:44.772  render           | Rendering frame 438
01:44.772  render           | Start rendering: MORI_Assembly_Animation, 视图层
01:44.772  render           | Engine: EEVEE
01:44.824  render           | Fra: 438 | Rendering 1 / 32 samples
01:44.977  render           | Fra: 438 | Rendering 25 / 32 samples
01:45.021  render           | Fra: 438 | Rendering 32 / 32 samples
01:45.032  render           | Video append frame 438
01:45.032  render           | Time: 00:00.25 (Saving: 00:00.00)
01:45.032  render           | Rendering frame 439
01:45.032  render           | Start rendering: MORI_Assembly_Animation, 视图层
01:45.032  render           | Engine: EEVEE
01:45.084  render           | Fra: 439 | Rendering 1 / 32 samples
01:45.241  render           | Fra: 439 | Rendering 25 / 32 samples
01:45.282  render           | Fra: 439 | Rendering 32 / 32 samples
01:45.294  render           | Video append frame 439
01:45.295  render           | Time: 00:00.26 (Saving: 00:00.00)
01:45.295  render           | Rendering frame 440
01:45.295  render           | Start rendering: MORI_Assembly_Animation, 视图层
01:45.295  render           | Engine: EEVEE
01:45.342  render           | Fra: 440 | Rendering 1 / 32 samples
01:45.477  render           | Fra: 440 | Rendering 25 / 32 samples
01:45.514  render           | Fra: 440 | Rendering 32 / 32 samples
01:45.526  render           | Video append frame 440
01:45.526  render           | Time: 00:00.23 (Saving: 00:00.00)
01:45.526  render           | Rendering frame 441
01:45.526  render           | Start rendering: MORI_Assembly_Animation, 视图层
01:45.526  render           | Engine: EEVEE
01:45.573  render           | Fra: 441 | Rendering 1 / 32 samples
01:45.711  render           | Fra: 441 | Rendering 25 / 32 samples
01:45.745  render           | Fra: 441 | Rendering 32 / 32 samples
01:45.756  render           | Video append frame 441
01:45.756  render           | Time: 00:00.22 (Saving: 00:00.00)
01:45.756  render           | Rendering frame 442
01:45.756  render           | Start rendering: MORI_Assembly_Animation, 视图层
01:45.756  render           | Engine: EEVEE
01:45.801  render           | Fra: 442 | Rendering 1 / 32 samples
01:45.919  render           | Fra: 442 | Rendering 25 / 32 samples
01:45.953  render           | Fra: 442 | Rendering 32 / 32 samples
01:45.964  render           | Video append frame 442
01:45.964  render           | Time: 00:00.20 (Saving: 00:00.00)
01:45.964  render           | Rendering frame 443
01:45.964  render           | Start rendering: MORI_Assembly_Animation, 视图层
01:45.964  render           | Engine: EEVEE
01:46.009  render           | Fra: 443 | Rendering 1 / 32 samples
01:46.129  render           | Fra: 443 | Rendering 25 / 32 samples
01:46.163  render           | Fra: 443 | Rendering 32 / 32 samples
01:46.176  render           | Video append frame 443
01:46.176  render           | Time: 00:00.21 (Saving: 00:00.00)
01:46.176  render           | Rendering frame 444
01:46.176  render           | Start rendering: MORI_Assembly_Animation, 视图层
01:46.176  render           | Engine: EEVEE
01:46.220  render           | Fra: 444 | Rendering 1 / 32 samples
01:46.341  render           | Fra: 444 | Rendering 25 / 32 samples
01:46.375  render           | Fra: 444 | Rendering 32 / 32 samples
01:46.386  render           | Video append frame 444
01:46.386  render           | Time: 00:00.21 (Saving: 00:00.00)
01:46.386  render           | Rendering frame 445
01:46.386  render           | Start rendering: MORI_Assembly_Animation, 视图层
01:46.386  render           | Engine: EEVEE
01:46.430  render           | Fra: 445 | Rendering 1 / 32 samples
01:46.547  render           | Fra: 445 | Rendering 25 / 32 samples
01:46.581  render           | Fra: 445 | Rendering 32 / 32 samples
01:46.591  render           | Video append frame 445
01:46.591  render           | Time: 00:00.20 (Saving: 00:00.00)
01:46.591  render           | Rendering frame 446
01:46.591  render           | Start rendering: MORI_Assembly_Animation, 视图层
01:46.591  render           | Engine: EEVEE
01:46.637  render           | Fra: 446 | Rendering 1 / 32 samples
01:46.753  render           | Fra: 446 | Rendering 25 / 32 samples
01:46.788  render           | Fra: 446 | Rendering 32 / 32 samples
01:46.799  render           | Video append frame 446
01:46.799  render           | Time: 00:00.20 (Saving: 00:00.00)
01:46.799  render           | Rendering frame 447
01:46.799  render           | Start rendering: MORI_Assembly_Animation, 视图层
01:46.799  render           | Engine: EEVEE
01:46.846  render           | Fra: 447 | Rendering 1 / 32 samples
01:46.962  render           | Fra: 447 | Rendering 25 / 32 samples
01:46.997  render           | Fra: 447 | Rendering 32 / 32 samples
01:47.008  render           | Video append frame 447
01:47.008  render           | Time: 00:00.20 (Saving: 00:00.00)
01:47.008  render           | Rendering frame 448
01:47.008  render           | Start rendering: MORI_Assembly_Animation, 视图层
01:47.008  render           | Engine: EEVEE
01:47.054  render           | Fra: 448 | Rendering 1 / 32 samples
01:47.170  render           | Fra: 448 | Rendering 25 / 32 samples
01:47.205  render           | Fra: 448 | Rendering 32 / 32 samples
01:47.215  render           | Video append frame 448
01:47.215  render           | Time: 00:00.20 (Saving: 00:00.00)
01:47.215  render           | Rendering frame 449
01:47.215  render           | Start rendering: MORI_Assembly_Animation, 视图层
01:47.215  render           | Engine: EEVEE
01:47.266  render           | Fra: 449 | Rendering 1 / 32 samples
01:47.387  render           | Fra: 449 | Rendering 25 / 32 samples
01:47.421  render           | Fra: 449 | Rendering 32 / 32 samples
01:47.433  render           | Video append frame 449
01:47.433  render           | Time: 00:00.21 (Saving: 00:00.00)
01:47.433  render           | Rendering frame 450
01:47.433  render           | Start rendering: MORI_Assembly_Animation, 视图层
01:47.433  render           | Engine: EEVEE
01:47.478  render           | Fra: 450 | Rendering 1 / 32 samples
01:47.603  render           | Fra: 450 | Rendering 25 / 32 samples
01:47.638  render           | Fra: 450 | Rendering 32 / 32 samples
01:47.650  render           | Video append frame 450
01:47.650  render           | Time: 00:00.21 (Saving: 00:00.00)
01:47.650  render           | Rendering frame 451
01:47.650  render           | Start rendering: MORI_Assembly_Animation, 视图层
01:47.650  render           | Engine: EEVEE
01:47.698  render           | Fra: 451 | Rendering 1 / 32 samples
01:47.833  render           | Fra: 451 | Rendering 25 / 32 samples
01:47.871  render           | Fra: 451 | Rendering 32 / 32 samples
01:47.884  render           | Video append frame 451
01:47.885  render           | Time: 00:00.23 (Saving: 00:00.00)
01:47.885  render           | Rendering frame 452
01:47.885  render           | Start rendering: MORI_Assembly_Animation, 视图层
01:47.885  render           | Engine: EEVEE
01:47.932  render           | Fra: 452 | Rendering 1 / 32 samples
01:48.079  render           | Fra: 452 | Rendering 25 / 32 samples
01:48.121  render           | Fra: 452 | Rendering 32 / 32 samples
01:48.135  render           | Video append frame 452
01:48.135  render           | Time: 00:00.25 (Saving: 00:00.00)
01:48.135  render           | Rendering frame 453
01:48.136  render           | Start rendering: MORI_Assembly_Animation, 视图层
01:48.136  render           | Engine: EEVEE
01:48.185  render           | Fra: 453 | Rendering 1 / 32 samples
01:48.338  render           | Fra: 453 | Rendering 25 / 32 samples
01:48.383  render           | Fra: 453 | Rendering 32 / 32 samples
01:48.397  render           | Video append frame 453
01:48.397  render           | Time: 00:00.26 (Saving: 00:00.00)
01:48.397  render           | Rendering frame 454
01:48.397  render           | Start rendering: MORI_Assembly_Animation, 视图层
01:48.397  render           | Engine: EEVEE
01:48.448  render           | Fra: 454 | Rendering 1 / 32 samples
01:48.594  render           | Fra: 454 | Rendering 25 / 32 samples
01:48.638  render           | Fra: 454 | Rendering 32 / 32 samples
01:48.653  render           | Video append frame 454
01:48.653  render           | Time: 00:00.25 (Saving: 00:00.00)
01:48.653  render           | Rendering frame 455
01:48.653  render           | Start rendering: MORI_Assembly_Animation, 视图层
01:48.653  render           | Engine: EEVEE
01:48.702  render           | Fra: 455 | Rendering 1 / 32 samples
01:48.849  render           | Fra: 455 | Rendering 25 / 32 samples
01:48.893  render           | Fra: 455 | Rendering 32 / 32 samples
01:48.908  render           | Video append frame 455
01:48.908  render           | Time: 00:00.25 (Saving: 00:00.00)
01:48.908  render           | Rendering frame 456
01:48.908  render           | Start rendering: MORI_Assembly_Animation, 视图层
01:48.908  render           | Engine: EEVEE
01:48.962  render           | Fra: 456 | Rendering 1 / 32 samples
01:49.108  render           | Fra: 456 | Rendering 25 / 32 samples
01:49.148  render           | Fra: 456 | Rendering 32 / 32 samples
01:49.159  render           | Video append frame 456
01:49.159  render           | Time: 00:00.25 (Saving: 00:00.00)
01:49.159  render           | Rendering frame 457
01:49.159  render           | Start rendering: MORI_Assembly_Animation, 视图层
01:49.159  render           | Engine: EEVEE
01:49.207  render           | Fra: 457 | Rendering 1 / 32 samples
01:49.342  render           | Fra: 457 | Rendering 25 / 32 samples
01:49.381  render           | Fra: 457 | Rendering 32 / 32 samples
01:49.394  render           | Video append frame 457
01:49.394  render           | Time: 00:00.23 (Saving: 00:00.00)
01:49.394  render           | Rendering frame 458
01:49.394  render           | Start rendering: MORI_Assembly_Animation, 视图层
01:49.394  render           | Engine: EEVEE
01:49.443  render           | Fra: 458 | Rendering 1 / 32 samples
01:49.569  render           | Fra: 458 | Rendering 25 / 32 samples
01:49.608  render           | Fra: 458 | Rendering 32 / 32 samples
01:49.620  render           | Video append frame 458
01:49.620  render           | Time: 00:00.22 (Saving: 00:00.00)
01:49.620  render           | Rendering frame 459
01:49.620  render           | Start rendering: MORI_Assembly_Animation, 视图层
01:49.620  render           | Engine: EEVEE
01:49.668  render           | Fra: 459 | Rendering 1 / 32 samples
01:49.800  render           | Fra: 459 | Rendering 25 / 32 samples
01:49.839  render           | Fra: 459 | Rendering 32 / 32 samples
01:49.851  render           | Video append frame 459
01:49.851  render           | Time: 00:00.23 (Saving: 00:00.00)
01:49.851  render           | Rendering frame 460
01:49.851  render           | Start rendering: MORI_Assembly_Animation, 视图层
01:49.851  render           | Engine: EEVEE
01:49.907  render           | Fra: 460 | Rendering 1 / 32 samples
01:50.041  render           | Fra: 460 | Rendering 25 / 32 samples
01:50.081  render           | Fra: 460 | Rendering 32 / 32 samples
01:50.094  render           | Video append frame 460
01:50.094  render           | Time: 00:00.24 (Saving: 00:00.00)
01:50.094  render           | Rendering frame 461
01:50.094  render           | Start rendering: MORI_Assembly_Animation, 视图层
01:50.094  render           | Engine: EEVEE
01:50.144  render           | Fra: 461 | Rendering 1 / 32 samples
01:50.280  render           | Fra: 461 | Rendering 25 / 32 samples
01:50.320  render           | Fra: 461 | Rendering 32 / 32 samples
01:50.331  render           | Video append frame 461
01:50.331  render           | Time: 00:00.23 (Saving: 00:00.00)
01:50.331  render           | Rendering frame 462
01:50.331  render           | Start rendering: MORI_Assembly_Animation, 视图层
01:50.331  render           | Engine: EEVEE
01:50.377  render           | Fra: 462 | Rendering 1 / 32 samples
01:50.513  render           | Fra: 462 | Rendering 25 / 32 samples
01:50.553  render           | Fra: 462 | Rendering 32 / 32 samples
01:50.565  render           | Video append frame 462
01:50.565  render           | Time: 00:00.23 (Saving: 00:00.00)
01:50.565  render           | Rendering frame 463
01:50.566  render           | Start rendering: MORI_Assembly_Animation, 视图层
01:50.566  render           | Engine: EEVEE
01:50.616  render           | Fra: 463 | Rendering 1 / 32 samples
01:50.753  render           | Fra: 463 | Rendering 25 / 32 samples
01:50.792  render           | Fra: 463 | Rendering 32 / 32 samples
01:50.803  render           | Video append frame 463
01:50.803  render           | Time: 00:00.23 (Saving: 00:00.00)
01:50.803  render           | Rendering frame 464
01:50.803  render           | Start rendering: MORI_Assembly_Animation, 视图层
01:50.803  render           | Engine: EEVEE
01:50.852  render           | Fra: 464 | Rendering 1 / 32 samples
01:50.987  render           | Fra: 464 | Rendering 25 / 32 samples
01:51.026  render           | Fra: 464 | Rendering 32 / 32 samples
01:51.039  render           | Video append frame 464
01:51.039  render           | Time: 00:00.23 (Saving: 00:00.00)
01:51.039  render           | Rendering frame 465
01:51.040  render           | Start rendering: MORI_Assembly_Animation, 视图层
01:51.040  render           | Engine: EEVEE
01:51.088  render           | Fra: 465 | Rendering 1 / 32 samples
01:51.223  render           | Fra: 465 | Rendering 25 / 32 samples
01:51.263  render           | Fra: 465 | Rendering 32 / 32 samples
01:51.275  render           | Video append frame 465
01:51.275  render           | Time: 00:00.23 (Saving: 00:00.00)
01:51.275  render           | Rendering frame 466
01:51.275  render           | Start rendering: MORI_Assembly_Animation, 视图层
01:51.275  render           | Engine: EEVEE
01:51.322  render           | Fra: 466 | Rendering 1 / 32 samples
01:51.454  render           | Fra: 466 | Rendering 25 / 32 samples
01:51.491  render           | Fra: 466 | Rendering 32 / 32 samples
01:51.502  render           | Video append frame 466
01:51.502  render           | Time: 00:00.22 (Saving: 00:00.00)
01:51.502  render           | Rendering frame 467
01:51.502  render           | Start rendering: MORI_Assembly_Animation, 视图层
01:51.502  render           | Engine: EEVEE
01:51.550  render           | Fra: 467 | Rendering 1 / 32 samples
01:51.688  render           | Fra: 467 | Rendering 25 / 32 samples
01:51.728  render           | Fra: 467 | Rendering 32 / 32 samples
01:51.742  render           | Video append frame 467
01:51.742  render           | Time: 00:00.23 (Saving: 00:00.00)
01:51.742  render           | Rendering frame 468
01:51.742  render           | Start rendering: MORI_Assembly_Animation, 视图层
01:51.742  render           | Engine: EEVEE
01:51.790  render           | Fra: 468 | Rendering 1 / 32 samples
01:51.929  render           | Fra: 468 | Rendering 25 / 32 samples
01:51.969  render           | Fra: 468 | Rendering 32 / 32 samples
01:51.983  render           | Video append frame 468
01:51.983  render           | Time: 00:00.24 (Saving: 00:00.00)
01:51.983  render           | Rendering frame 469
01:51.983  render           | Start rendering: MORI_Assembly_Animation, 视图层
01:51.983  render           | Engine: EEVEE
01:52.038  render           | Fra: 469 | Rendering 1 / 32 samples
01:52.176  render           | Fra: 469 | Rendering 25 / 32 samples
01:52.217  render           | Fra: 469 | Rendering 32 / 32 samples
01:52.230  render           | Video append frame 469
01:52.230  render           | Time: 00:00.24 (Saving: 00:00.00)
01:52.230  render           | Rendering frame 470
01:52.230  render           | Start rendering: MORI_Assembly_Animation, 视图层
01:52.230  render           | Engine: EEVEE
01:52.275  render           | Fra: 470 | Rendering 1 / 32 samples
01:52.411  render           | Fra: 470 | Rendering 25 / 32 samples
01:52.451  render           | Fra: 470 | Rendering 32 / 32 samples
01:52.463  render           | Video append frame 470
01:52.463  render           | Time: 00:00.23 (Saving: 00:00.00)
01:52.463  render           | Rendering frame 471
01:52.463  render           | Start rendering: MORI_Assembly_Animation, 视图层
01:52.463  render           | Engine: EEVEE
01:52.510  render           | Fra: 471 | Rendering 1 / 32 samples
01:52.643  render           | Fra: 471 | Rendering 25 / 32 samples
01:52.683  render           | Fra: 471 | Rendering 32 / 32 samples
01:52.696  render           | Video append frame 471
01:52.696  render           | Time: 00:00.23 (Saving: 00:00.00)
01:52.696  render           | Rendering frame 472
01:52.696  render           | Start rendering: MORI_Assembly_Animation, 视图层
01:52.696  render           | Engine: EEVEE
01:52.743  render           | Fra: 472 | Rendering 1 / 32 samples
01:52.884  render           | Fra: 472 | Rendering 25 / 32 samples
01:52.923  render           | Fra: 472 | Rendering 32 / 32 samples
01:52.936  render           | Video append frame 472
01:52.936  render           | Time: 00:00.24 (Saving: 00:00.00)
01:52.936  render           | Rendering frame 473
01:52.936  render           | Start rendering: MORI_Assembly_Animation, 视图层
01:52.936  render           | Engine: EEVEE
01:52.982  render           | Fra: 473 | Rendering 1 / 32 samples
01:53.121  render           | Fra: 473 | Rendering 25 / 32 samples
01:53.161  render           | Fra: 473 | Rendering 32 / 32 samples
01:53.174  render           | Video append frame 473
01:53.174  render           | Time: 00:00.23 (Saving: 00:00.00)
01:53.174  render           | Rendering frame 474
01:53.174  render           | Start rendering: MORI_Assembly_Animation, 视图层
01:53.174  render           | Engine: EEVEE
01:53.223  render           | Fra: 474 | Rendering 1 / 32 samples
01:53.354  render           | Fra: 474 | Rendering 25 / 32 samples
01:53.391  render           | Fra: 474 | Rendering 32 / 32 samples
01:53.402  render           | Video append frame 474
01:53.402  render           | Time: 00:00.22 (Saving: 00:00.00)
01:53.402  render           | Rendering frame 475
01:53.403  render           | Start rendering: MORI_Assembly_Animation, 视图层
01:53.403  render           | Engine: EEVEE
01:53.449  render           | Fra: 475 | Rendering 1 / 32 samples
01:53.576  render           | Fra: 475 | Rendering 25 / 32 samples
01:53.615  render           | Fra: 475 | Rendering 32 / 32 samples
01:53.627  render           | Video append frame 475
01:53.627  render           | Time: 00:00.22 (Saving: 00:00.00)
01:53.627  render           | Rendering frame 476
01:53.627  render           | Start rendering: MORI_Assembly_Animation, 视图层
01:53.627  render           | Engine: EEVEE
01:53.676  render           | Fra: 476 | Rendering 1 / 32 samples
01:53.812  render           | Fra: 476 | Rendering 25 / 32 samples
01:53.850  render           | Fra: 476 | Rendering 32 / 32 samples
01:53.864  render           | Video append frame 476
01:53.864  render           | Time: 00:00.23 (Saving: 00:00.00)
01:53.864  render           | Rendering frame 477
01:53.864  render           | Start rendering: MORI_Assembly_Animation, 视图层
01:53.864  render           | Engine: EEVEE
01:53.912  render           | Fra: 477 | Rendering 1 / 32 samples
01:54.048  render           | Fra: 477 | Rendering 25 / 32 samples
01:54.089  render           | Fra: 477 | Rendering 32 / 32 samples
01:54.102  render           | Video append frame 477
01:54.102  render           | Time: 00:00.23 (Saving: 00:00.00)
01:54.102  render           | Rendering frame 478
01:54.103  render           | Start rendering: MORI_Assembly_Animation, 视图层
01:54.103  render           | Engine: EEVEE
01:54.150  render           | Fra: 478 | Rendering 1 / 32 samples
01:54.287  render           | Fra: 478 | Rendering 25 / 32 samples
01:54.326  render           | Fra: 478 | Rendering 32 / 32 samples
01:54.339  render           | Video append frame 478
01:54.339  render           | Time: 00:00.23 (Saving: 00:00.00)
01:54.339  render           | Rendering frame 479
01:54.339  render           | Start rendering: MORI_Assembly_Animation, 视图层
01:54.339  render           | Engine: EEVEE
01:54.385  render           | Fra: 479 | Rendering 1 / 32 samples
01:54.521  render           | Fra: 479 | Rendering 25 / 32 samples
01:54.560  render           | Fra: 479 | Rendering 32 / 32 samples
01:54.573  render           | Video append frame 479
01:54.573  render           | Time: 00:00.23 (Saving: 00:00.00)
01:54.573  render           | Rendering frame 480
01:54.573  render           | Start rendering: MORI_Assembly_Animation, 视图层
01:54.573  render           | Engine: EEVEE
01:54.621  render           | Fra: 480 | Rendering 1 / 32 samples
01:54.774  render           | Fra: 480 | Rendering 25 / 32 samples
01:54.818  render           | Fra: 480 | Rendering 32 / 32 samples
01:54.832  render           | Video append frame 480
01:54.832  render           | Time: 00:00.25 (Saving: 00:00.00)
01:54.832  render           | Rendering frame 481
01:54.832  render           | Start rendering: MORI_Assembly_Animation, 视图层
01:54.832  render           | Engine: EEVEE
01:54.888  render           | Fra: 481 | Rendering 1 / 32 samples
01:55.052  render           | Fra: 481 | Rendering 25 / 32 samples
01:55.100  render           | Fra: 481 | Rendering 32 / 32 samples
01:55.116  render           | Video append frame 481
01:55.116  render           | Time: 00:00.28 (Saving: 00:00.01)
01:55.116  render           | Rendering frame 482
01:55.116  render           | Start rendering: MORI_Assembly_Animation, 视图层
01:55.116  render           | Engine: EEVEE
01:55.169  render           | Fra: 482 | Rendering 1 / 32 samples
01:55.331  render           | Fra: 482 | Rendering 25 / 32 samples
01:55.378  render           | Fra: 482 | Rendering 32 / 32 samples
01:55.393  render           | Video append frame 482
01:55.393  render           | Time: 00:00.27 (Saving: 00:00.00)
01:55.393  render           | Rendering frame 483
01:55.393  render           | Start rendering: MORI_Assembly_Animation, 视图层
01:55.393  render           | Engine: EEVEE
01:55.444  render           | Fra: 483 | Rendering 1 / 32 samples
01:55.598  render           | Fra: 483 | Rendering 25 / 32 samples
01:55.645  render           | Fra: 483 | Rendering 32 / 32 samples
01:55.660  render           | Video append frame 483
01:55.661  render           | Time: 00:00.26 (Saving: 00:00.01)
01:55.661  render           | Rendering frame 484
01:55.661  render           | Start rendering: MORI_Assembly_Animation, 视图层
01:55.661  render           | Engine: EEVEE
01:55.711  render           | Fra: 484 | Rendering 1 / 32 samples
01:55.871  render           | Fra: 484 | Rendering 25 / 32 samples
01:55.916  render           | Fra: 484 | Rendering 32 / 32 samples
01:55.932  render           | Video append frame 484
01:55.932  render           | Time: 00:00.27 (Saving: 00:00.01)
01:55.932  render           | Rendering frame 485
01:55.932  render           | Start rendering: MORI_Assembly_Animation, 视图层
01:55.932  render           | Engine: EEVEE
01:55.983  render           | Fra: 485 | Rendering 1 / 32 samples
01:56.134  render           | Fra: 485 | Rendering 25 / 32 samples
01:56.181  render           | Fra: 485 | Rendering 32 / 32 samples
01:56.193  render           | Video append frame 485
01:56.193  render           | Time: 00:00.26 (Saving: 00:00.00)
01:56.194  render           | Rendering frame 486
01:56.194  render           | Start rendering: MORI_Assembly_Animation, 视图层
01:56.194  render           | Engine: EEVEE
01:56.246  render           | Fra: 486 | Rendering 1 / 32 samples
01:56.405  render           | Fra: 486 | Rendering 25 / 32 samples
01:56.451  render           | Fra: 486 | Rendering 32 / 32 samples
01:56.468  render           | Video append frame 486
01:56.468  render           | Time: 00:00.27 (Saving: 00:00.00)
01:56.468  render           | Rendering frame 487
01:56.468  render           | Start rendering: MORI_Assembly_Animation, 视图层
01:56.468  render           | Engine: EEVEE
01:56.521  render           | Fra: 487 | Rendering 1 / 32 samples
01:56.677  render           | Fra: 487 | Rendering 25 / 32 samples
01:56.722  render           | Fra: 487 | Rendering 32 / 32 samples
01:56.737  render           | Video append frame 487
01:56.737  render           | Time: 00:00.26 (Saving: 00:00.00)
01:56.737  render           | Rendering frame 488
01:56.737  render           | Start rendering: MORI_Assembly_Animation, 视图层
01:56.737  render           | Engine: EEVEE
01:56.789  render           | Fra: 488 | Rendering 1 / 32 samples
01:56.943  render           | Fra: 488 | Rendering 25 / 32 samples
01:56.987  render           | Fra: 488 | Rendering 32 / 32 samples
01:57.003  render           | Video append frame 488
01:57.003  render           | Time: 00:00.26 (Saving: 00:00.01)
01:57.003  render           | Rendering frame 489
01:57.003  render           | Start rendering: MORI_Assembly_Animation, 视图层
01:57.003  render           | Engine: EEVEE
01:57.059  render           | Fra: 489 | Rendering 1 / 32 samples
01:57.212  render           | Fra: 489 | Rendering 25 / 32 samples
01:57.253  render           | Fra: 489 | Rendering 32 / 32 samples
01:57.266  render           | Video append frame 489
01:57.266  render           | Time: 00:00.26 (Saving: 00:00.00)
01:57.266  render           | Rendering frame 490
01:57.266  render           | Start rendering: MORI_Assembly_Animation, 视图层
01:57.266  render           | Engine: EEVEE
01:57.317  render           | Fra: 490 | Rendering 1 / 32 samples
01:57.455  render           | Fra: 490 | Rendering 25 / 32 samples
01:57.493  render           | Fra: 490 | Rendering 32 / 32 samples
01:57.508  render           | Video append frame 490
01:57.508  render           | Time: 00:00.24 (Saving: 00:00.00)
01:57.508  render           | Rendering frame 491
01:57.508  render           | Start rendering: MORI_Assembly_Animation, 视图层
01:57.508  render           | Engine: EEVEE
01:57.559  render           | Fra: 491 | Rendering 1 / 32 samples
01:57.706  render           | Fra: 491 | Rendering 25 / 32 samples
01:57.748  render           | Fra: 491 | Rendering 32 / 32 samples
01:57.762  render           | Video append frame 491
01:57.762  render           | Time: 00:00.25 (Saving: 00:00.00)
01:57.762  render           | Rendering frame 492
01:57.762  render           | Start rendering: MORI_Assembly_Animation, 视图层
01:57.762  render           | Engine: EEVEE
01:57.818  render           | Fra: 492 | Rendering 1 / 32 samples
01:57.962  render           | Fra: 492 | Rendering 25 / 32 samples
01:58.000  render           | Fra: 492 | Rendering 32 / 32 samples
01:58.015  render           | Video append frame 492
01:58.015  render           | Time: 00:00.25 (Saving: 00:00.00)
01:58.015  render           | Rendering frame 493
01:58.015  render           | Start rendering: MORI_Assembly_Animation, 视图层
01:58.015  render           | Engine: EEVEE
01:58.072  render           | Fra: 493 | Rendering 1 / 32 samples
01:58.207  render           | Fra: 493 | Rendering 25 / 32 samples
01:58.247  render           | Fra: 493 | Rendering 32 / 32 samples
01:58.258  render           | Video append frame 493
01:58.259  render           | Time: 00:00.24 (Saving: 00:00.00)
01:58.259  render           | Rendering frame 494
01:58.259  render           | Start rendering: MORI_Assembly_Animation, 视图层
01:58.259  render           | Engine: EEVEE
01:58.305  render           | Fra: 494 | Rendering 1 / 32 samples
01:58.442  render           | Fra: 494 | Rendering 25 / 32 samples
01:58.483  render           | Fra: 494 | Rendering 32 / 32 samples
01:58.496  render           | Video append frame 494
01:58.496  render           | Time: 00:00.23 (Saving: 00:00.00)
01:58.496  render           | Rendering frame 495
01:58.496  render           | Start rendering: MORI_Assembly_Animation, 视图层
01:58.496  render           | Engine: EEVEE
01:58.549  render           | Fra: 495 | Rendering 1 / 32 samples
01:58.691  render           | Fra: 495 | Rendering 25 / 32 samples
01:58.731  render           | Fra: 495 | Rendering 32 / 32 samples
01:58.743  render           | Video append frame 495
01:58.743  render           | Time: 00:00.24 (Saving: 00:00.00)
01:58.743  render           | Rendering frame 496
01:58.743  render           | Start rendering: MORI_Assembly_Animation, 视图层
01:58.743  render           | Engine: EEVEE
01:58.791  render           | Fra: 496 | Rendering 1 / 32 samples
01:58.934  render           | Fra: 496 | Rendering 25 / 32 samples
01:58.975  render           | Fra: 496 | Rendering 32 / 32 samples
01:58.987  render           | Video append frame 496
01:58.987  render           | Time: 00:00.24 (Saving: 00:00.00)
01:58.987  render           | Rendering frame 497
01:58.987  render           | Start rendering: MORI_Assembly_Animation, 视图层
01:58.987  render           | Engine: EEVEE
01:59.033  render           | Fra: 497 | Rendering 1 / 32 samples
01:59.172  render           | Fra: 497 | Rendering 25 / 32 samples
01:59.212  render           | Fra: 497 | Rendering 32 / 32 samples
01:59.224  render           | Video append frame 497
01:59.224  render           | Time: 00:00.23 (Saving: 00:00.00)
01:59.224  render           | Rendering frame 498
01:59.225  render           | Start rendering: MORI_Assembly_Animation, 视图层
01:59.225  render           | Engine: EEVEE
01:59.271  render           | Fra: 498 | Rendering 1 / 32 samples
01:59.411  render           | Fra: 498 | Rendering 25 / 32 samples
01:59.451  render           | Fra: 498 | Rendering 32 / 32 samples
01:59.463  render           | Video append frame 498
01:59.463  render           | Time: 00:00.23 (Saving: 00:00.00)
01:59.463  render           | Rendering frame 499
01:59.463  render           | Start rendering: MORI_Assembly_Animation, 视图层
01:59.463  render           | Engine: EEVEE
01:59.511  render           | Fra: 499 | Rendering 1 / 32 samples
01:59.647  render           | Fra: 499 | Rendering 25 / 32 samples
01:59.687  render           | Fra: 499 | Rendering 32 / 32 samples
01:59.700  render           | Video append frame 499
01:59.700  render           | Time: 00:00.23 (Saving: 00:00.00)
01:59.700  render           | Rendering frame 500
01:59.700  render           | Start rendering: MORI_Assembly_Animation, 视图层
01:59.700  render           | Engine: EEVEE
01:59.749  render           | Fra: 500 | Rendering 1 / 32 samples
01:59.888  render           | Fra: 500 | Rendering 25 / 32 samples
01:59.929  render           | Fra: 500 | Rendering 32 / 32 samples
01:59.942  render           | Video append frame 500
01:59.943  render           | Time: 00:00.24 (Saving: 00:00.00)
01:59.943  render           | Rendering frame 501
01:59.943  render           | Start rendering: MORI_Assembly_Animation, 视图层
01:59.943  render           | Engine: EEVEE
01:59.992  render           | Fra: 501 | Rendering 1 / 32 samples
02:00.134  render           | Fra: 501 | Rendering 25 / 32 samples
02:00.178  render           | Fra: 501 | Rendering 32 / 32 samples
02:00.191  render           | Video append frame 501
02:00.191  render           | Time: 00:00.24 (Saving: 00:00.00)
02:00.191  render           | Rendering frame 502
02:00.191  render           | Start rendering: MORI_Assembly_Animation, 视图层
02:00.191  render           | Engine: EEVEE
02:00.240  render           | Fra: 502 | Rendering 1 / 32 samples
02:00.382  render           | Fra: 502 | Rendering 25 / 32 samples
02:00.423  render           | Fra: 502 | Rendering 32 / 32 samples
02:00.436  render           | Video append frame 502
02:00.436  render           | Time: 00:00.24 (Saving: 00:00.00)
02:00.436  render           | Rendering frame 503
02:00.437  render           | Start rendering: MORI_Assembly_Animation, 视图层
02:00.437  render           | Engine: EEVEE
02:00.487  render           | Fra: 503 | Rendering 1 / 32 samples
02:00.625  render           | Fra: 503 | Rendering 25 / 32 samples
02:00.667  render           | Fra: 503 | Rendering 32 / 32 samples
02:00.680  render           | Video append frame 503
02:00.680  render           | Time: 00:00.24 (Saving: 00:00.00)
02:00.680  render           | Rendering frame 504
02:00.680  render           | Start rendering: MORI_Assembly_Animation, 视图层
02:00.680  render           | Engine: EEVEE
02:00.730  render           | Fra: 504 | Rendering 1 / 32 samples
02:00.873  render           | Fra: 504 | Rendering 25 / 32 samples
02:00.916  render           | Fra: 504 | Rendering 32 / 32 samples
02:00.930  render           | Video append frame 504
02:00.930  render           | Time: 00:00.25 (Saving: 00:00.00)
02:00.930  render           | Rendering frame 505
02:00.930  render           | Start rendering: MORI_Assembly_Animation, 视图层
02:00.930  render           | Engine: EEVEE
02:00.979  render           | Fra: 505 | Rendering 1 / 32 samples
02:01.121  render           | Fra: 505 | Rendering 25 / 32 samples
02:01.163  render           | Fra: 505 | Rendering 32 / 32 samples
02:01.176  render           | Video append frame 505
02:01.176  render           | Time: 00:00.24 (Saving: 00:00.00)
02:01.176  render           | Rendering frame 506
02:01.176  render           | Start rendering: MORI_Assembly_Animation, 视图层
02:01.176  render           | Engine: EEVEE
02:01.227  render           | Fra: 506 | Rendering 1 / 32 samples
02:01.365  render           | Fra: 506 | Rendering 25 / 32 samples
02:01.406  render           | Fra: 506 | Rendering 32 / 32 samples
02:01.419  render           | Video append frame 506
02:01.419  render           | Time: 00:00.24 (Saving: 00:00.00)
02:01.419  render           | Rendering frame 507
02:01.419  render           | Start rendering: MORI_Assembly_Animation, 视图层
02:01.419  render           | Engine: EEVEE
02:01.465  render           | Fra: 507 | Rendering 1 / 32 samples
02:01.607  render           | Fra: 507 | Rendering 25 / 32 samples
02:01.650  render           | Fra: 507 | Rendering 32 / 32 samples
02:01.665  render           | Video append frame 507
02:01.665  render           | Time: 00:00.24 (Saving: 00:00.01)
02:01.665  render           | Rendering frame 508
02:01.665  render           | Start rendering: MORI_Assembly_Animation, 视图层
02:01.665  render           | Engine: EEVEE
02:01.714  render           | Fra: 508 | Rendering 1 / 32 samples
02:01.853  render           | Fra: 508 | Rendering 25 / 32 samples
02:01.893  render           | Fra: 508 | Rendering 32 / 32 samples
02:01.906  render           | Video append frame 508
02:01.906  render           | Time: 00:00.24 (Saving: 00:00.00)
02:01.906  render           | Rendering frame 509
02:01.906  render           | Start rendering: MORI_Assembly_Animation, 视图层
02:01.906  render           | Engine: EEVEE
02:01.954  render           | Fra: 509 | Rendering 1 / 32 samples
02:02.089  render           | Fra: 509 | Rendering 25 / 32 samples
02:02.128  render           | Fra: 509 | Rendering 32 / 32 samples
02:02.141  render           | Video append frame 509
02:02.141  render           | Time: 00:00.23 (Saving: 00:00.00)
02:02.141  render           | Rendering frame 510
02:02.141  render           | Start rendering: MORI_Assembly_Animation, 视图层
02:02.141  render           | Engine: EEVEE
02:02.189  render           | Fra: 510 | Rendering 1 / 32 samples
02:02.325  render           | Fra: 510 | Rendering 25 / 32 samples
02:02.365  render           | Fra: 510 | Rendering 32 / 32 samples
02:02.379  render           | Video append frame 510
02:02.379  render           | Time: 00:00.23 (Saving: 00:00.00)
02:02.379  render           | Rendering frame 511
02:02.379  render           | Start rendering: MORI_Assembly_Animation, 视图层
02:02.379  render           | Engine: EEVEE
02:02.431  render           | Fra: 511 | Rendering 1 / 32 samples
02:02.567  render           | Fra: 511 | Rendering 25 / 32 samples
02:02.609  render           | Fra: 511 | Rendering 32 / 32 samples
02:02.623  render           | Video append frame 511
02:02.623  render           | Time: 00:00.24 (Saving: 00:00.00)
02:02.623  render           | Rendering frame 512
02:02.623  render           | Start rendering: MORI_Assembly_Animation, 视图层
02:02.623  render           | Engine: EEVEE
02:02.672  render           | Fra: 512 | Rendering 1 / 32 samples
02:02.808  render           | Fra: 512 | Rendering 25 / 32 samples
02:02.848  render           | Fra: 512 | Rendering 32 / 32 samples
02:02.861  render           | Video append frame 512
02:02.861  render           | Time: 00:00.23 (Saving: 00:00.00)
02:02.861  render           | Rendering frame 513
02:02.861  render           | Start rendering: MORI_Assembly_Animation, 视图层
02:02.861  render           | Engine: EEVEE
02:02.907  render           | Fra: 513 | Rendering 1 / 32 samples
02:03.044  render           | Fra: 513 | Rendering 25 / 32 samples
02:03.084  render           | Fra: 513 | Rendering 32 / 32 samples
02:03.096  render           | Video append frame 513
02:03.096  render           | Time: 00:00.23 (Saving: 00:00.00)
02:03.096  render           | Rendering frame 514
02:03.097  render           | Start rendering: MORI_Assembly_Animation, 视图层
02:03.097  render           | Engine: EEVEE
02:03.173  render           | Fra: 514 | Rendering 1 / 32 samples
02:03.347  render           | Fra: 514 | Rendering 25 / 32 samples
02:03.389  render           | Fra: 514 | Rendering 32 / 32 samples
02:03.407  render           | Video append frame 514
02:03.407  render           | Time: 00:00.31 (Saving: 00:00.01)
02:03.407  render           | Rendering frame 515
02:03.408  render           | Start rendering: MORI_Assembly_Animation, 视图层
02:03.408  render           | Engine: EEVEE
02:03.461  render           | Fra: 515 | Rendering 1 / 32 samples
02:03.605  render           | Fra: 515 | Rendering 25 / 32 samples
02:03.644  render           | Fra: 515 | Rendering 32 / 32 samples
02:03.656  render           | Video append frame 515
02:03.656  render           | Time: 00:00.24 (Saving: 00:00.00)
02:03.656  render           | Rendering frame 516
02:03.656  render           | Start rendering: MORI_Assembly_Animation, 视图层
02:03.656  render           | Engine: EEVEE
02:03.703  render           | Fra: 516 | Rendering 1 / 32 samples
02:03.839  render           | Fra: 516 | Rendering 25 / 32 samples
02:03.879  render           | Fra: 516 | Rendering 32 / 32 samples
02:03.892  render           | Video append frame 516
02:03.892  render           | Time: 00:00.23 (Saving: 00:00.00)
02:03.892  render           | Rendering frame 517
02:03.892  render           | Start rendering: MORI_Assembly_Animation, 视图层
02:03.892  render           | Engine: EEVEE
02:03.944  render           | Fra: 517 | Rendering 1 / 32 samples
02:04.077  render           | Fra: 517 | Rendering 25 / 32 samples
02:04.117  render           | Fra: 517 | Rendering 32 / 32 samples
02:04.132  render           | Video append frame 517
02:04.132  render           | Time: 00:00.23 (Saving: 00:00.00)
02:04.132  render           | Rendering frame 518
02:04.132  render           | Start rendering: MORI_Assembly_Animation, 视图层
02:04.132  render           | Engine: EEVEE
02:04.181  render           | Fra: 518 | Rendering 1 / 32 samples
02:04.317  render           | Fra: 518 | Rendering 25 / 32 samples
02:04.356  render           | Fra: 518 | Rendering 32 / 32 samples
02:04.369  render           | Video append frame 518
02:04.369  render           | Time: 00:00.23 (Saving: 00:00.00)
02:04.369  render           | Rendering frame 519
02:04.369  render           | Start rendering: MORI_Assembly_Animation, 视图层
02:04.369  render           | Engine: EEVEE
02:04.415  render           | Fra: 519 | Rendering 1 / 32 samples
02:04.541  render           | Fra: 519 | Rendering 25 / 32 samples
02:04.579  render           | Fra: 519 | Rendering 32 / 32 samples
02:04.591  render           | Video append frame 519
02:04.591  render           | Time: 00:00.22 (Saving: 00:00.00)
02:04.591  render           | Rendering frame 520
02:04.591  render           | Start rendering: MORI_Assembly_Animation, 视图层
02:04.591  render           | Engine: EEVEE
02:04.640  render           | Fra: 520 | Rendering 1 / 32 samples
02:04.775  render           | Fra: 520 | Rendering 25 / 32 samples
02:04.816  render           | Fra: 520 | Rendering 32 / 32 samples
02:04.829  render           | Video append frame 520
02:04.829  render           | Time: 00:00.23 (Saving: 00:00.00)
02:04.829  render           | Rendering frame 521
02:04.829  render           | Start rendering: MORI_Assembly_Animation, 视图层
02:04.829  render           | Engine: EEVEE
02:04.876  render           | Fra: 521 | Rendering 1 / 32 samples
02:05.007  render           | Fra: 521 | Rendering 25 / 32 samples
02:05.048  render           | Fra: 521 | Rendering 32 / 32 samples
02:05.063  render           | Video append frame 521
02:05.063  render           | Time: 00:00.23 (Saving: 00:00.00)
02:05.063  render           | Rendering frame 522
02:05.063  render           | Start rendering: MORI_Assembly_Animation, 视图层
02:05.063  render           | Engine: EEVEE
02:05.113  render           | Fra: 522 | Rendering 1 / 32 samples
02:05.249  render           | Fra: 522 | Rendering 25 / 32 samples
02:05.292  render           | Fra: 522 | Rendering 32 / 32 samples
02:05.307  render           | Video append frame 522
02:05.307  render           | Time: 00:00.24 (Saving: 00:00.00)
02:05.307  render           | Rendering frame 523
02:05.307  render           | Start rendering: MORI_Assembly_Animation, 视图层
02:05.307  render           | Engine: EEVEE
02:05.357  render           | Fra: 523 | Rendering 1 / 32 samples
02:05.505  render           | Fra: 523 | Rendering 25 / 32 samples
02:05.550  render           | Fra: 523 | Rendering 32 / 32 samples
02:05.564  render           | Video append frame 523
02:05.564  render           | Time: 00:00.25 (Saving: 00:00.00)
02:05.564  render           | Rendering frame 524
02:05.564  render           | Start rendering: MORI_Assembly_Animation, 视图层
02:05.564  render           | Engine: EEVEE
02:05.618  render           | Fra: 524 | Rendering 1 / 32 samples
02:05.766  render           | Fra: 524 | Rendering 25 / 32 samples
02:05.809  render           | Fra: 524 | Rendering 32 / 32 samples
02:05.823  render           | Video append frame 524
02:05.823  render           | Time: 00:00.25 (Saving: 00:00.00)
02:05.823  render           | Rendering frame 525
02:05.823  render           | Start rendering: MORI_Assembly_Animation, 视图层
02:05.823  render           | Engine: EEVEE
02:05.875  render           | Fra: 525 | Rendering 1 / 32 samples
02:06.030  render           | Fra: 525 | Rendering 25 / 32 samples
02:06.078  render           | Fra: 525 | Rendering 32 / 32 samples
02:06.093  render           | Video append frame 525
02:06.093  render           | Time: 00:00.26 (Saving: 00:00.00)
02:06.093  render           | Rendering frame 526
02:06.093  render           | Start rendering: MORI_Assembly_Animation, 视图层
02:06.093  render           | Engine: EEVEE
02:06.149  render           | Fra: 526 | Rendering 1 / 32 samples
02:06.297  render           | Fra: 526 | Rendering 25 / 32 samples
02:06.337  render           | Fra: 526 | Rendering 32 / 32 samples
02:06.350  render           | Video append frame 526
02:06.351  render           | Time: 00:00.25 (Saving: 00:00.00)
02:06.351  render           | Rendering frame 527
02:06.351  render           | Start rendering: MORI_Assembly_Animation, 视图层
02:06.351  render           | Engine: EEVEE
02:06.404  render           | Fra: 527 | Rendering 1 / 32 samples
02:06.546  render           | Fra: 527 | Rendering 25 / 32 samples
02:06.587  render           | Fra: 527 | Rendering 32 / 32 samples
02:06.601  render           | Video append frame 527
02:06.601  render           | Time: 00:00.25 (Saving: 00:00.00)
02:06.601  render           | Rendering frame 528
02:06.601  render           | Start rendering: MORI_Assembly_Animation, 视图层
02:06.601  render           | Engine: EEVEE
02:06.655  render           | Fra: 528 | Rendering 1 / 32 samples
02:06.798  render           | Fra: 528 | Rendering 25 / 32 samples
02:06.839  render           | Fra: 528 | Rendering 32 / 32 samples
02:06.852  render           | Video append frame 528
02:06.853  render           | Time: 00:00.25 (Saving: 00:00.00)
02:06.853  render           | Rendering frame 529
02:06.853  render           | Start rendering: MORI_Assembly_Animation, 视图层
02:06.853  render           | Engine: EEVEE
02:06.903  render           | Fra: 529 | Rendering 1 / 32 samples
02:07.046  render           | Fra: 529 | Rendering 25 / 32 samples
02:07.086  render           | Fra: 529 | Rendering 32 / 32 samples
02:07.099  render           | Video append frame 529
02:07.099  render           | Time: 00:00.24 (Saving: 00:00.00)
02:07.099  render           | Rendering frame 530
02:07.099  render           | Start rendering: MORI_Assembly_Animation, 视图层
02:07.099  render           | Engine: EEVEE
02:07.153  render           | Fra: 530 | Rendering 1 / 32 samples
02:07.291  render           | Fra: 530 | Rendering 25 / 32 samples
02:07.331  render           | Fra: 530 | Rendering 32 / 32 samples
02:07.344  render           | Video append frame 530
02:07.344  render           | Time: 00:00.24 (Saving: 00:00.00)
02:07.344  render           | Rendering frame 531
02:07.344  render           | Start rendering: MORI_Assembly_Animation, 视图层
02:07.344  render           | Engine: EEVEE
02:07.392  render           | Fra: 531 | Rendering 1 / 32 samples
02:07.537  render           | Fra: 531 | Rendering 25 / 32 samples
02:07.578  render           | Fra: 531 | Rendering 32 / 32 samples
02:07.593  render           | Video append frame 531
02:07.593  render           | Time: 00:00.24 (Saving: 00:00.01)
02:07.593  render           | Rendering frame 532
02:07.593  render           | Start rendering: MORI_Assembly_Animation, 视图层
02:07.593  render           | Engine: EEVEE
02:07.644  render           | Fra: 532 | Rendering 1 / 32 samples
02:07.791  render           | Fra: 532 | Rendering 25 / 32 samples
02:07.833  render           | Fra: 532 | Rendering 32 / 32 samples
02:07.847  render           | Video append frame 532
02:07.847  render           | Time: 00:00.25 (Saving: 00:00.00)
02:07.847  render           | Rendering frame 533
02:07.847  render           | Start rendering: MORI_Assembly_Animation, 视图层
02:07.847  render           | Engine: EEVEE
02:07.897  render           | Fra: 533 | Rendering 1 / 32 samples
02:08.035  render           | Fra: 533 | Rendering 25 / 32 samples
02:08.076  render           | Fra: 533 | Rendering 32 / 32 samples
02:08.091  render           | Video append frame 533
02:08.091  render           | Time: 00:00.24 (Saving: 00:00.00)
02:08.091  render           | Rendering frame 534
02:08.091  render           | Start rendering: MORI_Assembly_Animation, 视图层
02:08.091  render           | Engine: EEVEE
02:08.142  render           | Fra: 534 | Rendering 1 / 32 samples
02:08.284  render           | Fra: 534 | Rendering 25 / 32 samples
02:08.325  render           | Fra: 534 | Rendering 32 / 32 samples
02:08.338  render           | Video append frame 534
02:08.338  render           | Time: 00:00.24 (Saving: 00:00.00)
02:08.338  render           | Rendering frame 535
02:08.338  render           | Start rendering: MORI_Assembly_Animation, 视图层
02:08.338  render           | Engine: EEVEE
02:08.387  render           | Fra: 535 | Rendering 1 / 32 samples
02:08.523  render           | Fra: 535 | Rendering 25 / 32 samples
02:08.562  render           | Fra: 535 | Rendering 32 / 32 samples
02:08.575  render           | Video append frame 535
02:08.575  render           | Time: 00:00.23 (Saving: 00:00.00)
02:08.575  render           | Rendering frame 536
02:08.575  render           | Start rendering: MORI_Assembly_Animation, 视图层
02:08.575  render           | Engine: EEVEE
02:08.624  render           | Fra: 536 | Rendering 1 / 32 samples
02:08.763  render           | Fra: 536 | Rendering 25 / 32 samples
02:08.804  render           | Fra: 536 | Rendering 32 / 32 samples
02:08.816  render           | Video append frame 536
02:08.816  render           | Time: 00:00.24 (Saving: 00:00.00)
02:08.816  render           | Rendering frame 537
02:08.816  render           | Start rendering: MORI_Assembly_Animation, 视图层
02:08.816  render           | Engine: EEVEE
02:08.867  render           | Fra: 537 | Rendering 1 / 32 samples
02:09.006  render           | Fra: 537 | Rendering 25 / 32 samples
02:09.047  render           | Fra: 537 | Rendering 32 / 32 samples
02:09.061  render           | Video append frame 537
02:09.061  render           | Time: 00:00.24 (Saving: 00:00.00)
02:09.061  render           | Rendering frame 538
02:09.062  render           | Start rendering: MORI_Assembly_Animation, 视图层
02:09.062  render           | Engine: EEVEE
02:09.110  render           | Fra: 538 | Rendering 1 / 32 samples
02:09.250  render           | Fra: 538 | Rendering 25 / 32 samples
02:09.292  render           | Fra: 538 | Rendering 32 / 32 samples
02:09.304  render           | Video append frame 538
02:09.304  render           | Time: 00:00.24 (Saving: 00:00.00)
02:09.304  render           | Rendering frame 539
02:09.304  render           | Start rendering: MORI_Assembly_Animation, 视图层
02:09.304  render           | Engine: EEVEE
02:09.356  render           | Fra: 539 | Rendering 1 / 32 samples
02:09.493  render           | Fra: 539 | Rendering 25 / 32 samples
02:09.531  render           | Fra: 539 | Rendering 32 / 32 samples
02:09.543  render           | Video append frame 539
02:09.543  render           | Time: 00:00.23 (Saving: 00:00.00)
02:09.543  render           | Rendering frame 540
02:09.543  render           | Start rendering: MORI_Assembly_Animation, 视图层
02:09.543  render           | Engine: EEVEE
02:09.594  render           | Fra: 540 | Rendering 1 / 32 samples
02:09.732  render           | Fra: 540 | Rendering 25 / 32 samples
02:09.773  render           | Fra: 540 | Rendering 32 / 32 samples
02:09.785  render           | Video append frame 540
02:09.785  render           | Time: 00:00.24 (Saving: 00:00.00)
02:09.785  render           | Rendering frame 541
02:09.785  render           | Start rendering: MORI_Assembly_Animation, 视图层
02:09.785  render           | Engine: EEVEE
02:09.836  render           | Fra: 541 | Rendering 1 / 32 samples
02:09.972  render           | Fra: 541 | Rendering 25 / 32 samples
02:10.012  render           | Fra: 541 | Rendering 32 / 32 samples
02:10.025  render           | Video append frame 541
02:10.025  render           | Time: 00:00.23 (Saving: 00:00.00)
02:10.025  render           | Rendering frame 542
02:10.026  render           | Start rendering: MORI_Assembly_Animation, 视图层
02:10.026  render           | Engine: EEVEE
02:10.075  render           | Fra: 542 | Rendering 1 / 32 samples
02:10.221  render           | Fra: 542 | Rendering 25 / 32 samples
02:10.261  render           | Fra: 542 | Rendering 32 / 32 samples
02:10.271  render           | Video append frame 542
02:10.271  render           | Time: 00:00.24 (Saving: 00:00.00)
02:10.271  render           | Rendering frame 543
02:10.271  render           | Start rendering: MORI_Assembly_Animation, 视图层
02:10.271  render           | Engine: EEVEE
02:10.321  render           | Fra: 543 | Rendering 1 / 32 samples
02:10.465  render           | Fra: 543 | Rendering 25 / 32 samples
02:10.507  render           | Fra: 543 | Rendering 32 / 32 samples
02:10.520  render           | Video append frame 543
02:10.520  render           | Time: 00:00.24 (Saving: 00:00.00)
02:10.520  render           | Rendering frame 544
02:10.520  render           | Start rendering: MORI_Assembly_Animation, 视图层
02:10.520  render           | Engine: EEVEE
02:10.570  render           | Fra: 544 | Rendering 1 / 32 samples
02:10.707  render           | Fra: 544 | Rendering 25 / 32 samples
02:10.749  render           | Fra: 544 | Rendering 32 / 32 samples
02:10.761  render           | Video append frame 544
02:10.761  render           | Time: 00:00.24 (Saving: 00:00.00)
02:10.761  render           | Rendering frame 545
02:10.761  render           | Start rendering: MORI_Assembly_Animation, 视图层
02:10.761  render           | Engine: EEVEE
02:10.811  render           | Fra: 545 | Rendering 1 / 32 samples
02:10.953  render           | Fra: 545 | Rendering 25 / 32 samples
02:10.994  render           | Fra: 545 | Rendering 32 / 32 samples
02:11.008  render           | Video append frame 545
02:11.008  render           | Time: 00:00.24 (Saving: 00:00.00)
02:11.008  render           | Rendering frame 546
02:11.009  render           | Start rendering: MORI_Assembly_Animation, 视图层
02:11.009  render           | Engine: EEVEE
02:11.059  render           | Fra: 546 | Rendering 1 / 32 samples
02:11.199  render           | Fra: 546 | Rendering 25 / 32 samples
02:11.239  render           | Fra: 546 | Rendering 32 / 32 samples
02:11.251  render           | Video append frame 546
02:11.251  render           | Time: 00:00.24 (Saving: 00:00.00)
02:11.251  render           | Rendering frame 547
02:11.251  render           | Start rendering: MORI_Assembly_Animation, 视图层
02:11.251  render           | Engine: EEVEE
02:11.306  render           | Fra: 547 | Rendering 1 / 32 samples
02:11.444  render           | Fra: 547 | Rendering 25 / 32 samples
02:11.483  render           | Fra: 547 | Rendering 32 / 32 samples
02:11.496  render           | Video append frame 547
02:11.496  render           | Time: 00:00.24 (Saving: 00:00.00)
02:11.496  render           | Rendering frame 548
02:11.496  render           | Start rendering: MORI_Assembly_Animation, 视图层
02:11.496  render           | Engine: EEVEE
02:11.546  render           | Fra: 548 | Rendering 1 / 32 samples
02:11.698  render           | Fra: 548 | Rendering 25 / 32 samples
02:11.741  render           | Fra: 548 | Rendering 32 / 32 samples
02:11.757  render           | Video append frame 548
02:11.757  render           | Time: 00:00.26 (Saving: 00:00.01)
02:11.757  render           | Rendering frame 549
02:11.757  render           | Start rendering: MORI_Assembly_Animation, 视图层
02:11.757  render           | Engine: EEVEE
02:11.808  render           | Fra: 549 | Rendering 1 / 32 samples
02:11.956  render           | Fra: 549 | Rendering 25 / 32 samples
02:12.003  render           | Fra: 549 | Rendering 32 / 32 samples
02:12.017  render           | Video append frame 549
02:12.017  render           | Time: 00:00.25 (Saving: 00:00.00)
02:12.017  render           | Rendering frame 550
02:12.017  render           | Start rendering: MORI_Assembly_Animation, 视图层
02:12.017  render           | Engine: EEVEE
02:12.070  render           | Fra: 550 | Rendering 1 / 32 samples
02:12.233  render           | Fra: 550 | Rendering 25 / 32 samples
02:12.279  render           | Fra: 550 | Rendering 32 / 32 samples
02:12.294  render           | Video append frame 550
02:12.294  render           | Time: 00:00.27 (Saving: 00:00.00)
02:12.294  render           | Rendering frame 551
02:12.294  render           | Start rendering: MORI_Assembly_Animation, 视图层
02:12.294  render           | Engine: EEVEE
02:12.348  render           | Fra: 551 | Rendering 1 / 32 samples
02:12.500  render           | Fra: 551 | Rendering 25 / 32 samples
02:12.545  render           | Fra: 551 | Rendering 32 / 32 samples
02:12.561  render           | Video append frame 551
02:12.562  render           | Time: 00:00.26 (Saving: 00:00.01)
02:12.562  render           | Rendering frame 552
02:12.562  render           | Start rendering: MORI_Assembly_Animation, 视图层
02:12.562  render           | Engine: EEVEE
02:12.617  render           | Fra: 552 | Rendering 1 / 32 samples
02:12.769  render           | Fra: 552 | Rendering 25 / 32 samples
02:12.813  render           | Fra: 552 | Rendering 32 / 32 samples
02:12.827  render           | Video append frame 552
02:12.827  render           | Time: 00:00.26 (Saving: 00:00.00)
02:12.827  render           | Rendering frame 553
02:12.827  render           | Start rendering: MORI_Assembly_Animation, 视图层
02:12.827  render           | Engine: EEVEE
02:12.878  render           | Fra: 553 | Rendering 1 / 32 samples
02:13.030  render           | Fra: 553 | Rendering 25 / 32 samples
02:13.073  render           | Fra: 553 | Rendering 32 / 32 samples
02:13.088  render           | Video append frame 553
02:13.088  render           | Time: 00:00.26 (Saving: 00:00.01)
02:13.088  render           | Rendering frame 554
02:13.088  render           | Start rendering: MORI_Assembly_Animation, 视图层
02:13.088  render           | Engine: EEVEE
02:13.141  render           | Fra: 554 | Rendering 1 / 32 samples
02:13.288  render           | Fra: 554 | Rendering 25 / 32 samples
02:13.330  render           | Fra: 554 | Rendering 32 / 32 samples
02:13.343  render           | Video append frame 554
02:13.343  render           | Time: 00:00.25 (Saving: 00:00.00)
02:13.343  render           | Rendering frame 555
02:13.343  render           | Start rendering: MORI_Assembly_Animation, 视图层
02:13.343  render           | Engine: EEVEE
02:13.392  render           | Fra: 555 | Rendering 1 / 32 samples
02:13.543  render           | Fra: 555 | Rendering 25 / 32 samples
02:13.588  render           | Fra: 555 | Rendering 32 / 32 samples
02:13.603  render           | Video append frame 555
02:13.603  render           | Time: 00:00.25 (Saving: 00:00.00)
02:13.603  render           | Rendering frame 556
02:13.603  render           | Start rendering: MORI_Assembly_Animation, 视图层
02:13.603  render           | Engine: EEVEE
02:13.655  render           | Fra: 556 | Rendering 1 / 32 samples
02:13.806  render           | Fra: 556 | Rendering 25 / 32 samples
02:13.849  render           | Fra: 556 | Rendering 32 / 32 samples
02:13.864  render           | Video append frame 556
02:13.864  render           | Time: 00:00.26 (Saving: 00:00.00)
02:13.864  render           | Rendering frame 557
02:13.864  render           | Start rendering: MORI_Assembly_Animation, 视图层
02:13.864  render           | Engine: EEVEE
02:13.915  render           | Fra: 557 | Rendering 1 / 32 samples
02:14.057  render           | Fra: 557 | Rendering 25 / 32 samples
02:14.100  render           | Fra: 557 | Rendering 32 / 32 samples
02:14.116  render           | Video append frame 557
02:14.116  render           | Time: 00:00.25 (Saving: 00:00.01)
02:14.116  render           | Rendering frame 558
02:14.117  render           | Start rendering: MORI_Assembly_Animation, 视图层
02:14.117  render           | Engine: EEVEE
02:14.170  render           | Fra: 558 | Rendering 1 / 32 samples
02:14.318  render           | Fra: 558 | Rendering 25 / 32 samples
02:14.360  render           | Fra: 558 | Rendering 32 / 32 samples
02:14.372  render           | Video append frame 558
02:14.372  render           | Time: 00:00.25 (Saving: 00:00.00)
02:14.372  render           | Rendering frame 559
02:14.372  render           | Start rendering: MORI_Assembly_Animation, 视图层
02:14.372  render           | Engine: EEVEE
02:14.420  render           | Fra: 559 | Rendering 1 / 32 samples
02:14.564  render           | Fra: 559 | Rendering 25 / 32 samples
02:14.605  render           | Fra: 559 | Rendering 32 / 32 samples
02:14.618  render           | Video append frame 559
02:14.618  render           | Time: 00:00.24 (Saving: 00:00.00)
02:14.618  render           | Rendering frame 560
02:14.619  render           | Start rendering: MORI_Assembly_Animation, 视图层
02:14.619  render           | Engine: EEVEE
02:14.671  render           | Fra: 560 | Rendering 1 / 32 samples
02:14.813  render           | Fra: 560 | Rendering 25 / 32 samples
02:14.855  render           | Fra: 560 | Rendering 32 / 32 samples
02:14.868  render           | Video append frame 560
02:14.868  render           | Time: 00:00.24 (Saving: 00:00.00)
02:14.868  render           | Rendering frame 561
02:14.869  render           | Start rendering: MORI_Assembly_Animation, 视图层
02:14.869  render           | Engine: EEVEE
02:14.920  render           | Fra: 561 | Rendering 1 / 32 samples
02:15.073  render           | Fra: 561 | Rendering 25 / 32 samples
02:15.116  render           | Fra: 561 | Rendering 32 / 32 samples
02:15.130  render           | Video append frame 561
02:15.130  render           | Time: 00:00.26 (Saving: 00:00.00)
02:15.130  render           | Rendering frame 562
02:15.130  render           | Start rendering: MORI_Assembly_Animation, 视图层
02:15.130  render           | Engine: EEVEE
02:15.185  render           | Fra: 562 | Rendering 1 / 32 samples
02:15.329  render           | Fra: 562 | Rendering 25 / 32 samples
02:15.372  render           | Fra: 562 | Rendering 32 / 32 samples
02:15.386  render           | Video append frame 562
02:15.386  render           | Time: 00:00.25 (Saving: 00:00.00)
02:15.386  render           | Rendering frame 563
02:15.386  render           | Start rendering: MORI_Assembly_Animation, 视图层
02:15.386  render           | Engine: EEVEE
02:15.434  render           | Fra: 563 | Rendering 1 / 32 samples
02:15.576  render           | Fra: 563 | Rendering 25 / 32 samples
02:15.619  render           | Fra: 563 | Rendering 32 / 32 samples
02:15.629  render           | Video append frame 563
02:15.629  render           | Time: 00:00.24 (Saving: 00:00.00)
02:15.629  render           | Rendering frame 564
02:15.629  render           | Start rendering: MORI_Assembly_Animation, 视图层
02:15.629  render           | Engine: EEVEE
02:15.678  render           | Fra: 564 | Rendering 1 / 32 samples
02:15.825  render           | Fra: 564 | Rendering 25 / 32 samples
02:15.866  render           | Fra: 564 | Rendering 32 / 32 samples
02:15.879  render           | Video append frame 564
02:15.879  render           | Time: 00:00.25 (Saving: 00:00.00)
02:15.879  render           | Rendering frame 565
02:15.880  render           | Start rendering: MORI_Assembly_Animation, 视图层
02:15.880  render           | Engine: EEVEE
02:15.931  render           | Fra: 565 | Rendering 1 / 32 samples
02:16.082  render           | Fra: 565 | Rendering 25 / 32 samples
02:16.125  render           | Fra: 565 | Rendering 32 / 32 samples
02:16.139  render           | Video append frame 565
02:16.140  render           | Time: 00:00.25 (Saving: 00:00.00)
02:16.140  render           | Rendering frame 566
02:16.140  render           | Start rendering: MORI_Assembly_Animation, 视图层
02:16.140  render           | Engine: EEVEE
02:16.190  render           | Fra: 566 | Rendering 1 / 32 samples
02:16.336  render           | Fra: 566 | Rendering 25 / 32 samples
02:16.379  render           | Fra: 566 | Rendering 32 / 32 samples
02:16.393  render           | Video append frame 566
02:16.393  render           | Time: 00:00.25 (Saving: 00:00.00)
02:16.393  render           | Rendering frame 567
02:16.394  render           | Start rendering: MORI_Assembly_Animation, 视图层
02:16.394  render           | Engine: EEVEE
02:16.447  render           | Fra: 567 | Rendering 1 / 32 samples
02:16.595  render           | Fra: 567 | Rendering 25 / 32 samples
02:16.637  render           | Fra: 567 | Rendering 32 / 32 samples
02:16.652  render           | Video append frame 567
02:16.652  render           | Time: 00:00.25 (Saving: 00:00.00)
02:16.652  render           | Rendering frame 568
02:16.652  render           | Start rendering: MORI_Assembly_Animation, 视图层
02:16.652  render           | Engine: EEVEE
02:16.704  render           | Fra: 568 | Rendering 1 / 32 samples
02:16.851  render           | Fra: 568 | Rendering 25 / 32 samples
02:16.893  render           | Fra: 568 | Rendering 32 / 32 samples
02:16.908  render           | Video append frame 568
02:16.908  render           | Time: 00:00.25 (Saving: 00:00.01)
02:16.908  render           | Rendering frame 569
02:16.909  render           | Start rendering: MORI_Assembly_Animation, 视图层
02:16.909  render           | Engine: EEVEE
02:16.962  render           | Fra: 569 | Rendering 1 / 32 samples
02:17.107  render           | Fra: 569 | Rendering 25 / 32 samples
02:17.149  render           | Fra: 569 | Rendering 32 / 32 samples
02:17.163  render           | Video append frame 569
02:17.163  render           | Time: 00:00.25 (Saving: 00:00.00)
02:17.163  render           | Rendering frame 570
02:17.163  render           | Start rendering: MORI_Assembly_Animation, 视图层
02:17.163  render           | Engine: EEVEE
02:17.214  render           | Fra: 570 | Rendering 1 / 32 samples
02:17.366  render           | Fra: 570 | Rendering 25 / 32 samples
02:17.407  render           | Fra: 570 | Rendering 32 / 32 samples
02:17.420  render           | Video append frame 570
02:17.420  render           | Time: 00:00.25 (Saving: 00:00.00)
02:17.420  render           | Rendering frame 571
02:17.420  render           | Start rendering: MORI_Assembly_Animation, 视图层
02:17.420  render           | Engine: EEVEE
02:17.472  render           | Fra: 571 | Rendering 1 / 32 samples
02:17.618  render           | Fra: 571 | Rendering 25 / 32 samples
02:17.663  render           | Fra: 571 | Rendering 32 / 32 samples
02:17.685  render           | Video append frame 571
02:17.685  render           | Time: 00:00.26 (Saving: 00:00.00)
02:17.685  render           | Rendering frame 572
02:17.685  render           | Start rendering: MORI_Assembly_Animation, 视图层
02:17.685  render           | Engine: EEVEE
02:17.738  render           | Fra: 572 | Rendering 1 / 32 samples
02:17.890  render           | Fra: 572 | Rendering 25 / 32 samples
02:17.932  render           | Fra: 572 | Rendering 32 / 32 samples
02:17.944  render           | Video append frame 572
02:17.944  render           | Time: 00:00.25 (Saving: 00:00.00)
02:17.944  render           | Rendering frame 573
02:17.944  render           | Start rendering: MORI_Assembly_Animation, 视图层
02:17.944  render           | Engine: EEVEE
02:17.997  render           | Fra: 573 | Rendering 1 / 32 samples
02:18.145  render           | Fra: 573 | Rendering 25 / 32 samples
02:18.188  render           | Fra: 573 | Rendering 32 / 32 samples
02:18.202  render           | Video append frame 573
02:18.202  render           | Time: 00:00.25 (Saving: 00:00.00)
02:18.202  render           | Rendering frame 574
02:18.202  render           | Start rendering: MORI_Assembly_Animation, 视图层
02:18.202  render           | Engine: EEVEE
02:18.252  render           | Fra: 574 | Rendering 1 / 32 samples
02:18.395  render           | Fra: 574 | Rendering 25 / 32 samples
02:18.436  render           | Fra: 574 | Rendering 32 / 32 samples
02:18.446  render           | Video append frame 574
02:18.446  render           | Time: 00:00.24 (Saving: 00:00.00)
02:18.446  render           | Rendering frame 575
02:18.446  render           | Start rendering: MORI_Assembly_Animation, 视图层
02:18.446  render           | Engine: EEVEE
02:18.496  render           | Fra: 575 | Rendering 1 / 32 samples
02:18.643  render           | Fra: 575 | Rendering 25 / 32 samples
02:18.685  render           | Fra: 575 | Rendering 32 / 32 samples
02:18.697  render           | Video append frame 575
02:18.697  render           | Time: 00:00.25 (Saving: 00:00.00)
02:18.697  render           | Rendering frame 576
02:18.697  render           | Start rendering: MORI_Assembly_Animation, 视图层
02:18.698  render           | Engine: EEVEE
02:18.751  render           | Fra: 576 | Rendering 1 / 32 samples
02:18.896  render           | Fra: 576 | Rendering 25 / 32 samples
02:18.937  render           | Fra: 576 | Rendering 32 / 32 samples
02:18.950  render           | Video append frame 576
02:18.950  render           | Time: 00:00.25 (Saving: 00:00.00)
02:18.950  render           | Rendering frame 577
02:18.950  render           | Start rendering: MORI_Assembly_Animation, 视图层
02:18.950  render           | Engine: EEVEE
02:19.001  render           | Fra: 577 | Rendering 1 / 32 samples
02:19.141  render           | Fra: 577 | Rendering 25 / 32 samples
02:19.182  render           | Fra: 577 | Rendering 32 / 32 samples
02:19.194  render           | Video append frame 577
02:19.194  render           | Time: 00:00.24 (Saving: 00:00.00)
02:19.194  render           | Rendering frame 578
02:19.194  render           | Start rendering: MORI_Assembly_Animation, 视图层
02:19.194  render           | Engine: EEVEE
02:19.242  render           | Fra: 578 | Rendering 1 / 32 samples
02:19.377  render           | Fra: 578 | Rendering 25 / 32 samples
02:19.416  render           | Fra: 578 | Rendering 32 / 32 samples
02:19.429  render           | Video append frame 578
02:19.429  render           | Time: 00:00.23 (Saving: 00:00.00)
02:19.429  render           | Rendering frame 579
02:19.429  render           | Start rendering: MORI_Assembly_Animation, 视图层
02:19.429  render           | Engine: EEVEE
02:19.479  render           | Fra: 579 | Rendering 1 / 32 samples
02:19.611  render           | Fra: 579 | Rendering 25 / 32 samples
02:19.651  render           | Fra: 579 | Rendering 32 / 32 samples
02:19.664  render           | Video append frame 579
02:19.664  render           | Time: 00:00.23 (Saving: 00:00.00)
02:19.664  render           | Rendering frame 580
02:19.664  render           | Start rendering: MORI_Assembly_Animation, 视图层
02:19.664  render           | Engine: EEVEE
02:19.713  render           | Fra: 580 | Rendering 1 / 32 samples
02:19.851  render           | Fra: 580 | Rendering 25 / 32 samples
02:19.888  render           | Fra: 580 | Rendering 32 / 32 samples
02:19.901  render           | Video append frame 580
02:19.901  render           | Time: 00:00.23 (Saving: 00:00.00)
02:19.901  render           | Rendering frame 581
02:19.901  render           | Start rendering: MORI_Assembly_Animation, 视图层
02:19.901  render           | Engine: EEVEE
02:19.951  render           | Fra: 581 | Rendering 1 / 32 samples
02:20.088  render           | Fra: 581 | Rendering 25 / 32 samples
02:20.130  render           | Fra: 581 | Rendering 32 / 32 samples
02:20.145  render           | Video append frame 581
02:20.145  render           | Time: 00:00.24 (Saving: 00:00.01)
02:20.145  render           | Rendering frame 582
02:20.145  render           | Start rendering: MORI_Assembly_Animation, 视图层
02:20.146  render           | Engine: EEVEE
02:20.194  render           | Fra: 582 | Rendering 1 / 32 samples
02:20.347  render           | Fra: 582 | Rendering 25 / 32 samples
02:20.399  render           | Fra: 582 | Rendering 32 / 32 samples
02:20.416  render           | Video append frame 582
02:20.416  render           | Time: 00:00.27 (Saving: 00:00.00)
02:20.416  render           | Rendering frame 583
02:20.416  render           | Start rendering: MORI_Assembly_Animation, 视图层
02:20.416  render           | Engine: EEVEE
02:20.471  render           | Fra: 583 | Rendering 1 / 32 samples
02:20.633  render           | Fra: 583 | Rendering 25 / 32 samples
02:20.682  render           | Fra: 583 | Rendering 32 / 32 samples
02:20.702  render           | Video append frame 583
02:20.702  render           | Time: 00:00.28 (Saving: 00:00.01)
02:20.702  render           | Rendering frame 584
02:20.702  render           | Start rendering: MORI_Assembly_Animation, 视图层
02:20.702  render           | Engine: EEVEE
02:20.760  render           | Fra: 584 | Rendering 1 / 32 samples
02:20.921  render           | Fra: 584 | Rendering 25 / 32 samples
02:20.968  render           | Fra: 584 | Rendering 32 / 32 samples
02:20.985  render           | Video append frame 584
02:20.985  render           | Time: 00:00.28 (Saving: 00:00.01)
02:20.985  render           | Rendering frame 585
02:20.985  render           | Start rendering: MORI_Assembly_Animation, 视图层
02:20.985  render           | Engine: EEVEE
02:21.040  render           | Fra: 585 | Rendering 1 / 32 samples
02:21.203  render           | Fra: 585 | Rendering 25 / 32 samples
02:21.254  render           | Fra: 585 | Rendering 32 / 32 samples
02:21.270  render           | Video append frame 585
02:21.270  render           | Time: 00:00.28 (Saving: 00:00.01)
02:21.270  render           | Rendering frame 586
02:21.270  render           | Start rendering: MORI_Assembly_Animation, 视图层
02:21.270  render           | Engine: EEVEE
02:21.325  render           | Fra: 586 | Rendering 1 / 32 samples
02:21.485  render           | Fra: 586 | Rendering 25 / 32 samples
02:21.531  render           | Fra: 586 | Rendering 32 / 32 samples
02:21.540  render           | Video append frame 586
02:21.541  render           | Time: 00:00.27 (Saving: 00:00.00)
02:21.541  render           | Rendering frame 587
02:21.541  render           | Start rendering: MORI_Assembly_Animation, 视图层
02:21.541  render           | Engine: EEVEE
02:21.591  render           | Fra: 587 | Rendering 1 / 32 samples
02:21.750  render           | Fra: 587 | Rendering 25 / 32 samples
02:21.795  render           | Fra: 587 | Rendering 32 / 32 samples
02:21.806  render           | Video append frame 587
02:21.806  render           | Time: 00:00.26 (Saving: 00:00.00)
02:21.806  render           | Rendering frame 588
02:21.806  render           | Start rendering: MORI_Assembly_Animation, 视图层
02:21.806  render           | Engine: EEVEE
02:21.859  render           | Fra: 588 | Rendering 1 / 32 samples
02:22.012  render           | Fra: 588 | Rendering 25 / 32 samples
02:22.056  render           | Fra: 588 | Rendering 32 / 32 samples
02:22.069  render           | Video append frame 588
02:22.069  render           | Time: 00:00.26 (Saving: 00:00.00)
02:22.069  render           | Rendering frame 589
02:22.070  render           | Start rendering: MORI_Assembly_Animation, 视图层
02:22.070  render           | Engine: EEVEE
02:22.123  render           | Fra: 589 | Rendering 1 / 32 samples
02:22.272  render           | Fra: 589 | Rendering 25 / 32 samples
02:22.313  render           | Fra: 589 | Rendering 32 / 32 samples
02:22.325  render           | Video append frame 589
02:22.325  render           | Time: 00:00.25 (Saving: 00:00.00)
02:22.325  render           | Rendering frame 590
02:22.325  render           | Start rendering: MORI_Assembly_Animation, 视图层
02:22.325  render           | Engine: EEVEE
02:22.374  render           | Fra: 590 | Rendering 1 / 32 samples
02:22.517  render           | Fra: 590 | Rendering 25 / 32 samples
02:22.558  render           | Fra: 590 | Rendering 32 / 32 samples
02:22.570  render           | Video append frame 590
02:22.570  render           | Time: 00:00.24 (Saving: 00:00.00)
02:22.570  render           | Rendering frame 591
02:22.570  render           | Start rendering: MORI_Assembly_Animation, 视图层
02:22.570  render           | Engine: EEVEE
02:22.621  render           | Fra: 591 | Rendering 1 / 32 samples
02:22.757  render           | Fra: 591 | Rendering 25 / 32 samples
02:22.794  render           | Fra: 591 | Rendering 32 / 32 samples
02:22.807  render           | Video append frame 591
02:22.807  render           | Time: 00:00.23 (Saving: 00:00.00)
02:22.807  render           | Rendering frame 592
02:22.807  render           | Start rendering: MORI_Assembly_Animation, 视图层
02:22.807  render           | Engine: EEVEE
02:22.858  render           | Fra: 592 | Rendering 1 / 32 samples
02:22.994  render           | Fra: 592 | Rendering 25 / 32 samples
02:23.034  render           | Fra: 592 | Rendering 32 / 32 samples
02:23.047  render           | Video append frame 592
02:23.047  render           | Time: 00:00.23 (Saving: 00:00.00)
02:23.047  render           | Rendering frame 593
02:23.047  render           | Start rendering: MORI_Assembly_Animation, 视图层
02:23.047  render           | Engine: EEVEE
02:23.097  render           | Fra: 593 | Rendering 1 / 32 samples
02:23.231  render           | Fra: 593 | Rendering 25 / 32 samples
02:23.271  render           | Fra: 593 | Rendering 32 / 32 samples
02:23.283  render           | Video append frame 593
02:23.283  render           | Time: 00:00.23 (Saving: 00:00.00)
02:23.283  render           | Rendering frame 594
02:23.283  render           | Start rendering: MORI_Assembly_Animation, 视图层
02:23.283  render           | Engine: EEVEE
02:23.332  render           | Fra: 594 | Rendering 1 / 32 samples
02:23.464  render           | Fra: 594 | Rendering 25 / 32 samples
02:23.501  render           | Fra: 594 | Rendering 32 / 32 samples
02:23.514  render           | Video append frame 594
02:23.514  render           | Time: 00:00.23 (Saving: 00:00.00)
02:23.515  render           | Rendering frame 595
02:23.515  render           | Start rendering: MORI_Assembly_Animation, 视图层
02:23.515  render           | Engine: EEVEE
02:23.562  render           | Fra: 595 | Rendering 1 / 32 samples
02:23.700  render           | Fra: 595 | Rendering 25 / 32 samples
02:23.741  render           | Fra: 595 | Rendering 32 / 32 samples
02:23.753  render           | Video append frame 595
02:23.753  render           | Time: 00:00.23 (Saving: 00:00.00)
02:23.753  render           | Rendering frame 596
02:23.753  render           | Start rendering: MORI_Assembly_Animation, 视图层
02:23.753  render           | Engine: EEVEE
02:23.806  render           | Fra: 596 | Rendering 1 / 32 samples
02:23.946  render           | Fra: 596 | Rendering 25 / 32 samples
02:23.989  render           | Fra: 596 | Rendering 32 / 32 samples
02:24.005  render           | Video append frame 596
02:24.005  render           | Time: 00:00.25 (Saving: 00:00.01)
02:24.005  render           | Rendering frame 597
02:24.005  render           | Start rendering: MORI_Assembly_Animation, 视图层
02:24.005  render           | Engine: EEVEE
02:24.063  render           | Fra: 597 | Rendering 1 / 32 samples
02:24.210  render           | Fra: 597 | Rendering 25 / 32 samples
02:24.252  render           | Fra: 597 | Rendering 32 / 32 samples
02:24.265  render           | Video append frame 597
02:24.265  render           | Time: 00:00.26 (Saving: 00:00.00)
02:24.265  render           | Rendering frame 598
02:24.265  render           | Start rendering: MORI_Assembly_Animation, 视图层
02:24.265  render           | Engine: EEVEE
02:24.310  render           | Fra: 598 | Rendering 1 / 32 samples
02:24.456  render           | Fra: 598 | Rendering 25 / 32 samples
02:24.498  render           | Fra: 598 | Rendering 32 / 32 samples
02:24.512  render           | Video append frame 598
02:24.512  render           | Time: 00:00.24 (Saving: 00:00.00)
02:24.512  render           | Rendering frame 599
02:24.512  render           | Start rendering: MORI_Assembly_Animation, 视图层
02:24.512  render           | Engine: EEVEE
02:24.560  render           | Fra: 599 | Rendering 1 / 32 samples
02:24.707  render           | Fra: 599 | Rendering 25 / 32 samples
02:24.748  render           | Fra: 599 | Rendering 32 / 32 samples
02:24.761  render           | Video append frame 599
02:24.761  render           | Time: 00:00.24 (Saving: 00:00.00)
02:24.761  render           | Rendering frame 600
02:24.761  render           | Start rendering: MORI_Assembly_Animation, 视图层
02:24.761  render           | Engine: EEVEE
02:24.810  render           | Fra: 600 | Rendering 1 / 32 samples
02:24.958  render           | Fra: 600 | Rendering 25 / 32 samples
02:25.003  render           | Fra: 600 | Rendering 32 / 32 samples
02:25.023  render           | Video append frame 600
02:25.023  render           | Time: 00:00.26 (Saving: 00:00.01)
02:25.023  render           | Rendering frame 601
02:25.023  render           | Start rendering: MORI_Assembly_Animation, 视图层
02:25.023  render           | Engine: EEVEE
02:25.068  render           | Fra: 601 | Rendering 1 / 32 samples
02:25.212  render           | Fra: 601 | Rendering 25 / 32 samples
02:25.254  render           | Fra: 601 | Rendering 32 / 32 samples
02:25.267  render           | Video append frame 601
02:25.267  render           | Time: 00:00.24 (Saving: 00:00.00)
02:25.267  render           | Rendering frame 602
02:25.267  render           | Start rendering: MORI_Assembly_Animation, 视图层
02:25.267  render           | Engine: EEVEE
02:25.314  render           | Fra: 602 | Rendering 1 / 32 samples
02:25.458  render           | Fra: 602 | Rendering 25 / 32 samples
02:25.504  render           | Fra: 602 | Rendering 32 / 32 samples
02:25.520  render           | Video append frame 602
02:25.520  render           | Time: 00:00.25 (Saving: 00:00.00)
02:25.520  render           | Rendering frame 603
02:25.520  render           | Start rendering: MORI_Assembly_Animation, 视图层
02:25.520  render           | Engine: EEVEE
02:25.566  render           | Fra: 603 | Rendering 1 / 32 samples
02:25.713  render           | Fra: 603 | Rendering 25 / 32 samples
02:25.757  render           | Fra: 603 | Rendering 32 / 32 samples
02:25.766  render           | Video append frame 603
02:25.766  render           | Time: 00:00.24 (Saving: 00:00.00)
02:25.766  render           | Rendering frame 604
02:25.766  render           | Start rendering: MORI_Assembly_Animation, 视图层
02:25.766  render           | Engine: EEVEE
02:25.815  render           | Fra: 604 | Rendering 1 / 32 samples
02:25.957  render           | Fra: 604 | Rendering 25 / 32 samples
02:25.998  render           | Fra: 604 | Rendering 32 / 32 samples
02:26.010  render           | Video append frame 604
02:26.010  render           | Time: 00:00.24 (Saving: 00:00.00)
02:26.010  render           | Rendering frame 605
02:26.010  render           | Start rendering: MORI_Assembly_Animation, 视图层
02:26.010  render           | Engine: EEVEE
02:26.059  render           | Fra: 605 | Rendering 1 / 32 samples
02:26.210  render           | Fra: 605 | Rendering 25 / 32 samples
02:26.254  render           | Fra: 605 | Rendering 32 / 32 samples
02:26.266  render           | Video append frame 605
02:26.266  render           | Time: 00:00.25 (Saving: 00:00.00)
02:26.266  render           | Rendering frame 606
02:26.267  render           | Start rendering: MORI_Assembly_Animation, 视图层
02:26.267  render           | Engine: EEVEE
02:26.318  render           | Fra: 606 | Rendering 1 / 32 samples
02:26.468  render           | Fra: 606 | Rendering 25 / 32 samples
02:26.508  render           | Fra: 606 | Rendering 32 / 32 samples
02:26.519  render           | Video append frame 606
02:26.519  render           | Time: 00:00.25 (Saving: 00:00.00)
02:26.519  render           | Rendering frame 607
02:26.519  render           | Start rendering: MORI_Assembly_Animation, 视图层
02:26.519  render           | Engine: EEVEE
02:26.565  render           | Fra: 607 | Rendering 1 / 32 samples
02:26.716  render           | Fra: 607 | Rendering 25 / 32 samples
02:26.763  render           | Fra: 607 | Rendering 32 / 32 samples
02:26.777  render           | Video append frame 607
02:26.777  render           | Time: 00:00.25 (Saving: 00:00.00)
02:26.777  render           | Rendering frame 608
02:26.777  render           | Start rendering: MORI_Assembly_Animation, 视图层
02:26.777  render           | Engine: EEVEE
02:26.830  render           | Fra: 608 | Rendering 1 / 32 samples
02:26.979  render           | Fra: 608 | Rendering 25 / 32 samples
02:27.021  render           | Fra: 608 | Rendering 32 / 32 samples
02:27.033  render           | Video append frame 608
02:27.033  render           | Time: 00:00.25 (Saving: 00:00.00)
02:27.033  render           | Rendering frame 609
02:27.034  render           | Start rendering: MORI_Assembly_Animation, 视图层
02:27.034  render           | Engine: EEVEE
02:27.084  render           | Fra: 609 | Rendering 1 / 32 samples
02:27.228  render           | Fra: 609 | Rendering 25 / 32 samples
02:27.269  render           | Fra: 609 | Rendering 32 / 32 samples
02:27.282  render           | Video append frame 609
02:27.282  render           | Time: 00:00.24 (Saving: 00:00.00)
02:27.282  render           | Rendering frame 610
02:27.282  render           | Start rendering: MORI_Assembly_Animation, 视图层
02:27.282  render           | Engine: EEVEE
02:27.332  render           | Fra: 610 | Rendering 1 / 32 samples
02:27.477  render           | Fra: 610 | Rendering 25 / 32 samples
02:27.517  render           | Fra: 610 | Rendering 32 / 32 samples
02:27.531  render           | Video append frame 610
02:27.531  render           | Time: 00:00.24 (Saving: 00:00.00)
02:27.531  render           | Rendering frame 611
02:27.531  render           | Start rendering: MORI_Assembly_Animation, 视图层
02:27.531  render           | Engine: EEVEE
02:27.582  render           | Fra: 611 | Rendering 1 / 32 samples
02:27.727  render           | Fra: 611 | Rendering 25 / 32 samples
02:27.769  render           | Fra: 611 | Rendering 32 / 32 samples
02:27.782  render           | Video append frame 611
02:27.782  render           | Time: 00:00.25 (Saving: 00:00.00)
02:27.782  render           | Rendering frame 612
02:27.782  render           | Start rendering: MORI_Assembly_Animation, 视图层
02:27.782  render           | Engine: EEVEE
02:27.833  render           | Fra: 612 | Rendering 1 / 32 samples
02:27.974  render           | Fra: 612 | Rendering 25 / 32 samples
02:28.016  render           | Fra: 612 | Rendering 32 / 32 samples
02:28.032  render           | Video append frame 612
02:28.032  render           | Time: 00:00.24 (Saving: 00:00.01)
02:28.032  render           | Rendering frame 613
02:28.032  render           | Start rendering: MORI_Assembly_Animation, 视图层
02:28.032  render           | Engine: EEVEE
02:28.083  render           | Fra: 613 | Rendering 1 / 32 samples
02:28.223  render           | Fra: 613 | Rendering 25 / 32 samples
02:28.261  render           | Fra: 613 | Rendering 32 / 32 samples
02:28.274  render           | Video append frame 613
02:28.274  render           | Time: 00:00.24 (Saving: 00:00.00)
02:28.274  render           | Rendering frame 614
02:28.274  render           | Start rendering: MORI_Assembly_Animation, 视图层
02:28.274  render           | Engine: EEVEE
02:28.323  render           | Fra: 614 | Rendering 1 / 32 samples
02:28.452  render           | Fra: 614 | Rendering 25 / 32 samples
02:28.489  render           | Fra: 614 | Rendering 32 / 32 samples
02:28.501  render           | Video append frame 614
02:28.501  render           | Time: 00:00.22 (Saving: 00:00.00)
02:28.501  render           | Rendering frame 615
02:28.501  render           | Start rendering: MORI_Assembly_Animation, 视图层
02:28.501  render           | Engine: EEVEE
02:28.552  render           | Fra: 615 | Rendering 1 / 32 samples
02:28.689  render           | Fra: 615 | Rendering 25 / 32 samples
02:28.732  render           | Fra: 615 | Rendering 32 / 32 samples
02:28.746  render           | Video append frame 615
02:28.746  render           | Time: 00:00.24 (Saving: 00:00.00)
02:28.746  render           | Rendering frame 616
02:28.746  render           | Start rendering: MORI_Assembly_Animation, 视图层
02:28.746  render           | Engine: EEVEE
02:28.800  render           | Fra: 616 | Rendering 1 / 32 samples
02:28.942  render           | Fra: 616 | Rendering 25 / 32 samples
02:28.982  render           | Fra: 616 | Rendering 32 / 32 samples
02:28.993  render           | Video append frame 616
02:28.993  render           | Time: 00:00.24 (Saving: 00:00.00)
02:28.993  render           | Rendering frame 617
02:28.993  render           | Start rendering: MORI_Assembly_Animation, 视图层
02:28.993  render           | Engine: EEVEE
02:29.043  render           | Fra: 617 | Rendering 1 / 32 samples
02:29.190  render           | Fra: 617 | Rendering 25 / 32 samples
02:29.234  render           | Fra: 617 | Rendering 32 / 32 samples
02:29.246  render           | Video append frame 617
02:29.246  render           | Time: 00:00.25 (Saving: 00:00.00)
02:29.246  render           | Rendering frame 618
02:29.246  render           | Start rendering: MORI_Assembly_Animation, 视图层
02:29.246  render           | Engine: EEVEE
02:29.297  render           | Fra: 618 | Rendering 1 / 32 samples
02:29.444  render           | Fra: 618 | Rendering 25 / 32 samples
02:29.488  render           | Fra: 618 | Rendering 32 / 32 samples
02:29.501  render           | Video append frame 618
02:29.501  render           | Time: 00:00.25 (Saving: 00:00.00)
02:29.501  render           | Rendering frame 619
02:29.501  render           | Start rendering: MORI_Assembly_Animation, 视图层
02:29.501  render           | Engine: EEVEE
02:29.554  render           | Fra: 619 | Rendering 1 / 32 samples
02:29.697  render           | Fra: 619 | Rendering 25 / 32 samples
02:29.739  render           | Fra: 619 | Rendering 32 / 32 samples
02:29.751  render           | Video append frame 619
02:29.751  render           | Time: 00:00.24 (Saving: 00:00.00)
02:29.751  render           | Rendering frame 620
02:29.752  render           | Start rendering: MORI_Assembly_Animation, 视图层
02:29.752  render           | Engine: EEVEE
02:29.804  render           | Fra: 620 | Rendering 1 / 32 samples
02:29.948  render           | Fra: 620 | Rendering 25 / 32 samples
02:29.990  render           | Fra: 620 | Rendering 32 / 32 samples
02:30.002  render           | Video append frame 620
02:30.002  render           | Time: 00:00.25 (Saving: 00:00.00)
02:30.002  render           | Rendering frame 621
02:30.003  render           | Start rendering: MORI_Assembly_Animation, 视图层
02:30.003  render           | Engine: EEVEE
02:30.053  render           | Fra: 621 | Rendering 1 / 32 samples
02:30.201  render           | Fra: 621 | Rendering 25 / 32 samples
02:30.246  render           | Fra: 621 | Rendering 32 / 32 samples
02:30.258  render           | Video append frame 621
02:30.258  render           | Time: 00:00.25 (Saving: 00:00.00)
02:30.258  render           | Rendering frame 622
02:30.258  render           | Start rendering: MORI_Assembly_Animation, 视图层
02:30.258  render           | Engine: EEVEE
02:30.309  render           | Fra: 622 | Rendering 1 / 32 samples
02:30.464  render           | Fra: 622 | Rendering 25 / 32 samples
02:30.507  render           | Fra: 622 | Rendering 32 / 32 samples
02:30.520  render           | Video append frame 622
02:30.520  render           | Time: 00:00.26 (Saving: 00:00.00)
02:30.520  render           | Rendering frame 623
02:30.520  render           | Start rendering: MORI_Assembly_Animation, 视图层
02:30.520  render           | Engine: EEVEE
02:30.571  render           | Fra: 623 | Rendering 1 / 32 samples
02:30.723  render           | Fra: 623 | Rendering 25 / 32 samples
02:30.770  render           | Fra: 623 | Rendering 32 / 32 samples
02:30.784  render           | Video append frame 623
02:30.784  render           | Time: 00:00.26 (Saving: 00:00.00)
02:30.784  render           | Rendering frame 624
02:30.784  render           | Start rendering: MORI_Assembly_Animation, 视图层
02:30.784  render           | Engine: EEVEE
02:30.835  render           | Fra: 624 | Rendering 1 / 32 samples
02:30.975  render           | Fra: 624 | Rendering 25 / 32 samples
02:31.016  render           | Fra: 624 | Rendering 32 / 32 samples
02:31.030  render           | Video append frame 624
02:31.030  render           | Time: 00:00.24 (Saving: 00:00.00)
02:31.030  render           | Rendering frame 625
02:31.030  render           | Start rendering: MORI_Assembly_Animation, 视图层
02:31.030  render           | Engine: EEVEE
02:31.081  render           | Fra: 625 | Rendering 1 / 32 samples
02:31.219  render           | Fra: 625 | Rendering 25 / 32 samples
02:31.258  render           | Fra: 625 | Rendering 32 / 32 samples
02:31.270  render           | Video append frame 625
02:31.270  render           | Time: 00:00.23 (Saving: 00:00.00)
02:31.270  render           | Rendering frame 626
02:31.270  render           | Start rendering: MORI_Assembly_Animation, 视图层
02:31.270  render           | Engine: EEVEE
02:31.318  render           | Fra: 626 | Rendering 1 / 32 samples
02:31.453  render           | Fra: 626 | Rendering 25 / 32 samples
02:31.491  render           | Fra: 626 | Rendering 32 / 32 samples
02:31.502  render           | Video append frame 626
02:31.502  render           | Time: 00:00.23 (Saving: 00:00.00)
02:31.502  render           | Rendering frame 627
02:31.503  render           | Start rendering: MORI_Assembly_Animation, 视图层
02:31.503  render           | Engine: EEVEE
02:31.550  render           | Fra: 627 | Rendering 1 / 32 samples
02:31.687  render           | Fra: 627 | Rendering 25 / 32 samples
02:31.727  render           | Fra: 627 | Rendering 32 / 32 samples
02:31.741  render           | Video append frame 627
02:31.741  render           | Time: 00:00.23 (Saving: 00:00.00)
02:31.741  render           | Rendering frame 628
02:31.741  render           | Start rendering: MORI_Assembly_Animation, 视图层
02:31.741  render           | Engine: EEVEE
02:31.790  render           | Fra: 628 | Rendering 1 / 32 samples
02:31.928  render           | Fra: 628 | Rendering 25 / 32 samples
02:31.967  render           | Fra: 628 | Rendering 32 / 32 samples
02:31.980  render           | Video append frame 628
02:31.980  render           | Time: 00:00.23 (Saving: 00:00.00)
02:31.980  render           | Rendering frame 629
02:31.980  render           | Start rendering: MORI_Assembly_Animation, 视图层
02:31.980  render           | Engine: EEVEE
02:32.029  render           | Fra: 629 | Rendering 1 / 32 samples
02:32.171  render           | Fra: 629 | Rendering 25 / 32 samples
02:32.212  render           | Fra: 629 | Rendering 32 / 32 samples
02:32.225  render           | Video append frame 629
02:32.225  render           | Time: 00:00.24 (Saving: 00:00.00)
02:32.225  render           | Rendering frame 630
02:32.225  render           | Start rendering: MORI_Assembly_Animation, 视图层
02:32.225  render           | Engine: EEVEE
02:32.281  render           | Fra: 630 | Rendering 1 / 32 samples
02:32.433  render           | Fra: 630 | Rendering 25 / 32 samples
02:32.474  render           | Fra: 630 | Rendering 32 / 32 samples
02:32.486  render           | Video append frame 630
02:32.486  render           | Time: 00:00.26 (Saving: 00:00.00)
02:32.486  render           | Rendering frame 631
02:32.486  render           | Start rendering: MORI_Assembly_Animation, 视图层
02:32.486  render           | Engine: EEVEE
02:32.540  render           | Fra: 631 | Rendering 1 / 32 samples
02:32.687  render           | Fra: 631 | Rendering 25 / 32 samples
02:32.729  render           | Fra: 631 | Rendering 32 / 32 samples
02:32.742  render           | Video append frame 631
02:32.742  render           | Time: 00:00.25 (Saving: 00:00.00)
02:32.742  render           | Rendering frame 632
02:32.742  render           | Start rendering: MORI_Assembly_Animation, 视图层
02:32.742  render           | Engine: EEVEE
02:32.794  render           | Fra: 632 | Rendering 1 / 32 samples
02:32.940  render           | Fra: 632 | Rendering 25 / 32 samples
02:32.984  render           | Fra: 632 | Rendering 32 / 32 samples
02:32.999  render           | Video append frame 632
02:32.999  render           | Time: 00:00.25 (Saving: 00:00.00)
02:32.999  render           | Rendering frame 633
02:32.999  render           | Start rendering: MORI_Assembly_Animation, 视图层
02:32.999  render           | Engine: EEVEE
02:33.053  render           | Fra: 633 | Rendering 1 / 32 samples
02:33.199  render           | Fra: 633 | Rendering 25 / 32 samples
02:33.240  render           | Fra: 633 | Rendering 32 / 32 samples
02:33.253  render           | Video append frame 633
02:33.253  render           | Time: 00:00.25 (Saving: 00:00.00)
02:33.253  render           | Rendering frame 634
02:33.253  render           | Start rendering: MORI_Assembly_Animation, 视图层
02:33.253  render           | Engine: EEVEE
02:33.304  render           | Fra: 634 | Rendering 1 / 32 samples
02:33.448  render           | Fra: 634 | Rendering 25 / 32 samples
02:33.490  render           | Fra: 634 | Rendering 32 / 32 samples
02:33.503  render           | Video append frame 634
02:33.503  render           | Time: 00:00.25 (Saving: 00:00.00)
02:33.503  render           | Rendering frame 635
02:33.503  render           | Start rendering: MORI_Assembly_Animation, 视图层
02:33.503  render           | Engine: EEVEE
02:33.554  render           | Fra: 635 | Rendering 1 / 32 samples
02:33.698  render           | Fra: 635 | Rendering 25 / 32 samples
02:33.739  render           | Fra: 635 | Rendering 32 / 32 samples
02:33.753  render           | Video append frame 635
02:33.753  render           | Time: 00:00.24 (Saving: 00:00.00)
02:33.753  render           | Rendering frame 636
02:33.753  render           | Start rendering: MORI_Assembly_Animation, 视图层
02:33.753  render           | Engine: EEVEE
02:33.804  render           | Fra: 636 | Rendering 1 / 32 samples
02:33.948  render           | Fra: 636 | Rendering 25 / 32 samples
02:33.991  render           | Fra: 636 | Rendering 32 / 32 samples
02:34.005  render           | Video append frame 636
02:34.006  render           | Time: 00:00.25 (Saving: 00:00.00)
02:34.006  render           | Rendering frame 637
02:34.006  render           | Start rendering: MORI_Assembly_Animation, 视图层
02:34.006  render           | Engine: EEVEE
02:34.056  render           | Fra: 637 | Rendering 1 / 32 samples
02:34.204  render           | Fra: 637 | Rendering 25 / 32 samples
02:34.246  render           | Fra: 637 | Rendering 32 / 32 samples
02:34.257  render           | Video append frame 637
02:34.257  render           | Time: 00:00.25 (Saving: 00:00.00)
02:34.257  render           | Rendering frame 638
02:34.257  render           | Start rendering: MORI_Assembly_Animation, 视图层
02:34.257  render           | Engine: EEVEE
02:34.308  render           | Fra: 638 | Rendering 1 / 32 samples
02:34.453  render           | Fra: 638 | Rendering 25 / 32 samples
02:34.496  render           | Fra: 638 | Rendering 32 / 32 samples
02:34.507  render           | Video append frame 638
02:34.507  render           | Time: 00:00.24 (Saving: 00:00.00)
02:34.507  render           | Rendering frame 639
02:34.507  render           | Start rendering: MORI_Assembly_Animation, 视图层
02:34.507  render           | Engine: EEVEE
02:34.558  render           | Fra: 639 | Rendering 1 / 32 samples
02:34.710  render           | Fra: 639 | Rendering 25 / 32 samples
02:34.754  render           | Fra: 639 | Rendering 32 / 32 samples
02:34.770  render           | Video append frame 639
02:34.770  render           | Time: 00:00.26 (Saving: 00:00.01)
02:34.770  render           | Rendering frame 640
02:34.770  render           | Start rendering: MORI_Assembly_Animation, 视图层
02:34.770  render           | Engine: EEVEE
02:34.821  render           | Fra: 640 | Rendering 1 / 32 samples
02:34.977  render           | Fra: 640 | Rendering 25 / 32 samples
02:35.023  render           | Fra: 640 | Rendering 32 / 32 samples
02:35.037  render           | Video append frame 640
02:35.037  render           | Time: 00:00.26 (Saving: 00:00.00)
02:35.037  render           | Rendering frame 641
02:35.037  render           | Start rendering: MORI_Assembly_Animation, 视图层
02:35.037  render           | Engine: EEVEE
02:35.091  render           | Fra: 641 | Rendering 1 / 32 samples
02:35.237  render           | Fra: 641 | Rendering 25 / 32 samples
02:35.278  render           | Fra: 641 | Rendering 32 / 32 samples
02:35.290  render           | Video append frame 641
02:35.290  render           | Time: 00:00.25 (Saving: 00:00.00)
02:35.290  render           | Rendering frame 642
02:35.291  render           | Start rendering: MORI_Assembly_Animation, 视图层
02:35.291  render           | Engine: EEVEE
02:35.338  render           | Fra: 642 | Rendering 1 / 32 samples
02:35.469  render           | Fra: 642 | Rendering 25 / 32 samples
02:35.505  render           | Fra: 642 | Rendering 32 / 32 samples
02:35.517  render           | Video append frame 642
02:35.517  render           | Time: 00:00.22 (Saving: 00:00.00)
02:35.517  render           | Rendering frame 643
02:35.517  render           | Start rendering: MORI_Assembly_Animation, 视图层
02:35.517  render           | Engine: EEVEE
02:35.563  render           | Fra: 643 | Rendering 1 / 32 samples
02:35.699  render           | Fra: 643 | Rendering 25 / 32 samples
02:35.743  render           | Fra: 643 | Rendering 32 / 32 samples
02:35.755  render           | Video append frame 643
02:35.756  render           | Time: 00:00.23 (Saving: 00:00.00)
02:35.756  render           | Rendering frame 644
02:35.756  render           | Start rendering: MORI_Assembly_Animation, 视图层
02:35.756  render           | Engine: EEVEE
02:35.803  render           | Fra: 644 | Rendering 1 / 32 samples
02:35.936  render           | Fra: 644 | Rendering 25 / 32 samples
02:35.973  render           | Fra: 644 | Rendering 32 / 32 samples
02:35.986  render           | Video append frame 644
02:35.986  render           | Time: 00:00.22 (Saving: 00:00.00)
02:35.986  render           | Rendering frame 645
02:35.986  render           | Start rendering: MORI_Assembly_Animation, 视图层
02:35.986  render           | Engine: EEVEE
02:36.033  render           | Fra: 645 | Rendering 1 / 32 samples
02:36.166  render           | Fra: 645 | Rendering 25 / 32 samples
02:36.207  render           | Fra: 645 | Rendering 32 / 32 samples
02:36.219  render           | Video append frame 645
02:36.219  render           | Time: 00:00.23 (Saving: 00:00.00)
02:36.219  render           | Rendering frame 646
02:36.219  render           | Start rendering: MORI_Assembly_Animation, 视图层
02:36.219  render           | Engine: EEVEE
02:36.267  render           | Fra: 646 | Rendering 1 / 32 samples
02:36.399  render           | Fra: 646 | Rendering 25 / 32 samples
02:36.437  render           | Fra: 646 | Rendering 32 / 32 samples
02:36.449  render           | Video append frame 646
02:36.449  render           | Time: 00:00.22 (Saving: 00:00.00)
02:36.449  render           | Rendering frame 647
02:36.449  render           | Start rendering: MORI_Assembly_Animation, 视图层
02:36.449  render           | Engine: EEVEE
02:36.497  render           | Fra: 647 | Rendering 1 / 32 samples
02:36.632  render           | Fra: 647 | Rendering 25 / 32 samples
02:36.675  render           | Fra: 647 | Rendering 32 / 32 samples
02:36.689  render           | Video append frame 647
02:36.689  render           | Time: 00:00.23 (Saving: 00:00.00)
02:36.689  render           | Rendering frame 648
02:36.689  render           | Start rendering: MORI_Assembly_Animation, 视图层
02:36.689  render           | Engine: EEVEE
02:36.739  render           | Fra: 648 | Rendering 1 / 32 samples
02:36.884  render           | Fra: 648 | Rendering 25 / 32 samples
02:36.925  render           | Fra: 648 | Rendering 32 / 32 samples
02:36.939  render           | Video append frame 648
02:36.939  render           | Time: 00:00.24 (Saving: 00:00.00)
02:36.939  render           | Rendering frame 649
02:36.939  render           | Start rendering: MORI_Assembly_Animation, 视图层
02:36.939  render           | Engine: EEVEE
02:36.988  render           | Fra: 649 | Rendering 1 / 32 samples
02:37.135  render           | Fra: 649 | Rendering 25 / 32 samples
02:37.179  render           | Fra: 649 | Rendering 32 / 32 samples
02:37.191  render           | Video append frame 649
02:37.191  render           | Time: 00:00.25 (Saving: 00:00.00)
02:37.191  render           | Rendering frame 650
02:37.191  render           | Start rendering: MORI_Assembly_Animation, 视图层
02:37.191  render           | Engine: EEVEE
02:37.243  render           | Fra: 650 | Rendering 1 / 32 samples
02:37.389  render           | Fra: 650 | Rendering 25 / 32 samples
02:37.433  render           | Fra: 650 | Rendering 32 / 32 samples
02:37.446  render           | Video append frame 650
02:37.446  render           | Time: 00:00.25 (Saving: 00:00.00)
02:37.446  render           | Rendering frame 651
02:37.446  render           | Start rendering: MORI_Assembly_Animation, 视图层
02:37.446  render           | Engine: EEVEE
02:37.498  render           | Fra: 651 | Rendering 1 / 32 samples
02:37.644  render           | Fra: 651 | Rendering 25 / 32 samples
02:37.687  render           | Fra: 651 | Rendering 32 / 32 samples
02:37.702  render           | Video append frame 651
02:37.702  render           | Time: 00:00.25 (Saving: 00:00.00)
02:37.702  render           | Rendering frame 652
02:37.702  render           | Start rendering: MORI_Assembly_Animation, 视图层
02:37.702  render           | Engine: EEVEE
02:37.753  render           | Fra: 652 | Rendering 1 / 32 samples
02:37.900  render           | Fra: 652 | Rendering 25 / 32 samples
02:37.941  render           | Fra: 652 | Rendering 32 / 32 samples
02:37.956  render           | Video append frame 652
02:37.956  render           | Time: 00:00.25 (Saving: 00:00.00)
02:37.956  render           | Rendering frame 653
02:37.956  render           | Start rendering: MORI_Assembly_Animation, 视图层
02:37.956  render           | Engine: EEVEE
02:38.008  render           | Fra: 653 | Rendering 1 / 32 samples
02:38.154  render           | Fra: 653 | Rendering 25 / 32 samples
02:38.196  render           | Fra: 653 | Rendering 32 / 32 samples
02:38.208  render           | Video append frame 653
02:38.208  render           | Time: 00:00.25 (Saving: 00:00.00)
02:38.208  render           | Rendering frame 654
02:38.208  render           | Start rendering: MORI_Assembly_Animation, 视图层
02:38.208  render           | Engine: EEVEE
02:38.258  render           | Fra: 654 | Rendering 1 / 32 samples
02:38.402  render           | Fra: 654 | Rendering 25 / 32 samples
02:38.442  render           | Fra: 654 | Rendering 32 / 32 samples
02:38.454  render           | Video append frame 654
02:38.454  render           | Time: 00:00.24 (Saving: 00:00.00)
02:38.454  render           | Rendering frame 655
02:38.454  render           | Start rendering: MORI_Assembly_Animation, 视图层
02:38.454  render           | Engine: EEVEE
02:38.505  render           | Fra: 655 | Rendering 1 / 32 samples
02:38.654  render           | Fra: 655 | Rendering 25 / 32 samples
02:38.695  render           | Fra: 655 | Rendering 32 / 32 samples
02:38.705  render           | Video append frame 655
02:38.705  render           | Time: 00:00.25 (Saving: 00:00.00)
02:38.705  render           | Rendering frame 656
02:38.705  render           | Start rendering: MORI_Assembly_Animation, 视图层
02:38.705  render           | Engine: EEVEE
02:38.758  render           | Fra: 656 | Rendering 1 / 32 samples
02:38.906  render           | Fra: 656 | Rendering 25 / 32 samples
02:38.950  render           | Fra: 656 | Rendering 32 / 32 samples
02:38.964  render           | Video append frame 656
02:38.964  render           | Time: 00:00.25 (Saving: 00:00.00)
02:38.964  render           | Rendering frame 657
02:38.964  render           | Start rendering: MORI_Assembly_Animation, 视图层
02:38.964  render           | Engine: EEVEE
02:39.015  render           | Fra: 657 | Rendering 1 / 32 samples
02:39.161  render           | Fra: 657 | Rendering 25 / 32 samples
02:39.202  render           | Fra: 657 | Rendering 32 / 32 samples
02:39.213  render           | Video append frame 657
02:39.213  render           | Time: 00:00.24 (Saving: 00:00.00)
02:39.214  render           | Rendering frame 658
02:39.214  render           | Start rendering: MORI_Assembly_Animation, 视图层
02:39.214  render           | Engine: EEVEE
02:39.268  render           | Fra: 658 | Rendering 1 / 32 samples
02:39.412  render           | Fra: 658 | Rendering 25 / 32 samples
02:39.453  render           | Fra: 658 | Rendering 32 / 32 samples
02:39.465  render           | Video append frame 658
02:39.465  render           | Time: 00:00.25 (Saving: 00:00.00)
02:39.465  render           | Rendering frame 659
02:39.465  render           | Start rendering: MORI_Assembly_Animation, 视图层
02:39.465  render           | Engine: EEVEE
02:39.518  render           | Fra: 659 | Rendering 1 / 32 samples
02:39.659  render           | Fra: 659 | Rendering 25 / 32 samples
02:39.702  render           | Fra: 659 | Rendering 32 / 32 samples
02:39.715  render           | Video append frame 659
02:39.715  render           | Time: 00:00.24 (Saving: 00:00.00)
02:39.715  render           | Rendering frame 660
02:39.715  render           | Start rendering: MORI_Assembly_Animation, 视图层
02:39.715  render           | Engine: EEVEE
02:39.767  render           | Fra: 660 | Rendering 1 / 32 samples
02:39.912  render           | Fra: 660 | Rendering 25 / 32 samples
02:39.955  render           | Fra: 660 | Rendering 32 / 32 samples
02:39.969  render           | Video append frame 660
02:39.969  render           | Time: 00:00.25 (Saving: 00:00.00)
02:39.969  render           | Rendering frame 661
02:39.969  render           | Start rendering: MORI_Assembly_Animation, 视图层
02:39.969  render           | Engine: EEVEE
02:40.023  render           | Fra: 661 | Rendering 1 / 32 samples
02:40.168  render           | Fra: 661 | Rendering 25 / 32 samples
02:40.210  render           | Fra: 661 | Rendering 32 / 32 samples
02:40.223  render           | Video append frame 661
02:40.223  render           | Time: 00:00.25 (Saving: 00:00.00)
02:40.223  render           | Rendering frame 662
02:40.223  render           | Start rendering: MORI_Assembly_Animation, 视图层
02:40.223  render           | Engine: EEVEE
02:40.277  render           | Fra: 662 | Rendering 1 / 32 samples
02:40.426  render           | Fra: 662 | Rendering 25 / 32 samples
02:40.470  render           | Fra: 662 | Rendering 32 / 32 samples
02:40.483  render           | Video append frame 662
02:40.483  render           | Time: 00:00.25 (Saving: 00:00.00)
02:40.483  render           | Rendering frame 663
02:40.483  render           | Start rendering: MORI_Assembly_Animation, 视图层
02:40.483  render           | Engine: EEVEE
02:40.538  render           | Fra: 663 | Rendering 1 / 32 samples
02:40.681  render           | Fra: 663 | Rendering 25 / 32 samples
02:40.722  render           | Fra: 663 | Rendering 32 / 32 samples
02:40.736  render           | Video append frame 663
02:40.736  render           | Time: 00:00.25 (Saving: 00:00.00)
02:40.736  render           | Rendering frame 664
02:40.736  render           | Start rendering: MORI_Assembly_Animation, 视图层
02:40.736  render           | Engine: EEVEE
02:40.790  render           | Fra: 664 | Rendering 1 / 32 samples
02:40.930  render           | Fra: 664 | Rendering 25 / 32 samples
02:40.972  render           | Fra: 664 | Rendering 32 / 32 samples
02:40.986  render           | Video append frame 664
02:40.986  render           | Time: 00:00.24 (Saving: 00:00.00)
02:40.986  render           | Rendering frame 665
02:40.986  render           | Start rendering: MORI_Assembly_Animation, 视图层
02:40.986  render           | Engine: EEVEE
02:41.037  render           | Fra: 665 | Rendering 1 / 32 samples
02:41.180  render           | Fra: 665 | Rendering 25 / 32 samples
02:41.220  render           | Fra: 665 | Rendering 32 / 32 samples
02:41.232  render           | Video append frame 665
02:41.232  render           | Time: 00:00.24 (Saving: 00:00.00)
02:41.232  render           | Rendering frame 666
02:41.232  render           | Start rendering: MORI_Assembly_Animation, 视图层
02:41.232  render           | Engine: EEVEE
02:41.283  render           | Fra: 666 | Rendering 1 / 32 samples
02:41.428  render           | Fra: 666 | Rendering 25 / 32 samples
02:41.471  render           | Fra: 666 | Rendering 32 / 32 samples
02:41.485  render           | Video append frame 666
02:41.485  render           | Time: 00:00.25 (Saving: 00:00.00)
02:41.485  render           | Rendering frame 667
02:41.485  render           | Start rendering: MORI_Assembly_Animation, 视图层
02:41.485  render           | Engine: EEVEE
02:41.538  render           | Fra: 667 | Rendering 1 / 32 samples
02:41.680  render           | Fra: 667 | Rendering 25 / 32 samples
02:41.720  render           | Fra: 667 | Rendering 32 / 32 samples
02:41.734  render           | Video append frame 667
02:41.734  render           | Time: 00:00.24 (Saving: 00:00.00)
02:41.734  render           | Rendering frame 668
02:41.734  render           | Start rendering: MORI_Assembly_Animation, 视图层
02:41.734  render           | Engine: EEVEE
02:41.787  render           | Fra: 668 | Rendering 1 / 32 samples
02:41.931  render           | Fra: 668 | Rendering 25 / 32 samples
02:41.976  render           | Fra: 668 | Rendering 32 / 32 samples
02:41.990  render           | Video append frame 668
02:41.990  render           | Time: 00:00.25 (Saving: 00:00.00)
02:41.990  render           | Rendering frame 669
02:41.991  render           | Start rendering: MORI_Assembly_Animation, 视图层
02:41.991  render           | Engine: EEVEE
02:42.041  render           | Fra: 669 | Rendering 1 / 32 samples
02:42.190  render           | Fra: 669 | Rendering 25 / 32 samples
02:42.232  render           | Fra: 669 | Rendering 32 / 32 samples
02:42.243  render           | Video append frame 669
02:42.244  render           | Time: 00:00.25 (Saving: 00:00.00)
02:42.244  render           | Rendering frame 670
02:42.244  render           | Start rendering: MORI_Assembly_Animation, 视图层
02:42.244  render           | Engine: EEVEE
02:42.296  render           | Fra: 670 | Rendering 1 / 32 samples
02:42.449  render           | Fra: 670 | Rendering 25 / 32 samples
02:42.495  render           | Fra: 670 | Rendering 32 / 32 samples
02:42.509  render           | Video append frame 670
02:42.509  render           | Time: 00:00.26 (Saving: 00:00.00)
02:42.509  render           | Rendering frame 671
02:42.509  render           | Start rendering: MORI_Assembly_Animation, 视图层
02:42.509  render           | Engine: EEVEE
02:42.559  render           | Fra: 671 | Rendering 1 / 32 samples
02:42.722  render           | Fra: 671 | Rendering 25 / 32 samples
02:42.768  render           | Fra: 671 | Rendering 32 / 32 samples
02:42.782  render           | Video append frame 671
02:42.782  render           | Time: 00:00.27 (Saving: 00:00.00)
02:42.782  render           | Rendering frame 672
02:42.782  render           | Start rendering: MORI_Assembly_Animation, 视图层
02:42.782  render           | Engine: EEVEE
02:42.837  render           | Fra: 672 | Rendering 1 / 32 samples
02:42.994  render           | Fra: 672 | Rendering 25 / 32 samples
02:43.045  render           | Fra: 672 | Rendering 32 / 32 samples
02:43.060  render           | Video append frame 672
02:43.060  render           | Time: 00:00.27 (Saving: 00:00.00)
02:43.060  render           | Rendering frame 673
02:43.060  render           | Start rendering: MORI_Assembly_Animation, 视图层
02:43.060  render           | Engine: EEVEE
02:43.117  render           | Fra: 673 | Rendering 1 / 32 samples
02:43.276  render           | Fra: 673 | Rendering 25 / 32 samples
02:43.320  render           | Fra: 673 | Rendering 32 / 32 samples
02:43.334  render           | Video append frame 673
02:43.334  render           | Time: 00:00.27 (Saving: 00:00.00)
02:43.334  render           | Rendering frame 674
02:43.334  render           | Start rendering: MORI_Assembly_Animation, 视图层
02:43.334  render           | Engine: EEVEE
02:43.389  render           | Fra: 674 | Rendering 1 / 32 samples
02:43.541  render           | Fra: 674 | Rendering 25 / 32 samples
02:43.586  render           | Fra: 674 | Rendering 32 / 32 samples
02:43.599  render           | Video append frame 674
02:43.599  render           | Time: 00:00.26 (Saving: 00:00.00)
02:43.599  render           | Rendering frame 675
02:43.599  render           | Start rendering: MORI_Assembly_Animation, 视图层
02:43.599  render           | Engine: EEVEE
02:43.656  render           | Fra: 675 | Rendering 1 / 32 samples
02:43.809  render           | Fra: 675 | Rendering 25 / 32 samples
02:43.849  render           | Fra: 675 | Rendering 32 / 32 samples
02:43.862  render           | Video append frame 675
02:43.863  render           | Time: 00:00.26 (Saving: 00:00.00)
02:43.863  render           | Rendering frame 676
02:43.863  render           | Start rendering: MORI_Assembly_Animation, 视图层
02:43.863  render           | Engine: EEVEE
02:43.912  render           | Fra: 676 | Rendering 1 / 32 samples
02:44.052  render           | Fra: 676 | Rendering 25 / 32 samples
02:44.094  render           | Fra: 676 | Rendering 32 / 32 samples
02:44.107  render           | Video append frame 676
02:44.107  render           | Time: 00:00.24 (Saving: 00:00.00)
02:44.107  render           | Rendering frame 677
02:44.107  render           | Start rendering: MORI_Assembly_Animation, 视图层
02:44.107  render           | Engine: EEVEE
02:44.165  render           | Fra: 677 | Rendering 1 / 32 samples
02:44.314  render           | Fra: 677 | Rendering 25 / 32 samples
02:44.358  render           | Fra: 677 | Rendering 32 / 32 samples
02:44.370  render           | Video append frame 677
02:44.370  render           | Time: 00:00.26 (Saving: 00:00.00)
02:44.370  render           | Rendering frame 678
02:44.370  render           | Start rendering: MORI_Assembly_Animation, 视图层
02:44.370  render           | Engine: EEVEE
02:44.421  render           | Fra: 678 | Rendering 1 / 32 samples
02:44.558  render           | Fra: 678 | Rendering 25 / 32 samples
02:44.599  render           | Fra: 678 | Rendering 32 / 32 samples
02:44.612  render           | Video append frame 678
02:44.612  render           | Time: 00:00.24 (Saving: 00:00.00)
02:44.612  render           | Rendering frame 679
02:44.613  render           | Start rendering: MORI_Assembly_Animation, 视图层
02:44.613  render           | Engine: EEVEE
02:44.666  render           | Fra: 679 | Rendering 1 / 32 samples
02:44.804  render           | Fra: 679 | Rendering 25 / 32 samples
02:44.844  render           | Fra: 679 | Rendering 32 / 32 samples
02:44.857  render           | Video append frame 679
02:44.857  render           | Time: 00:00.24 (Saving: 00:00.00)
02:44.857  render           | Rendering frame 680
02:44.857  render           | Start rendering: MORI_Assembly_Animation, 视图层
02:44.857  render           | Engine: EEVEE
02:44.907  render           | Fra: 680 | Rendering 1 / 32 samples
02:45.050  render           | Fra: 680 | Rendering 25 / 32 samples
02:45.089  render           | Fra: 680 | Rendering 32 / 32 samples
02:45.101  render           | Video append frame 680
02:45.101  render           | Time: 00:00.24 (Saving: 00:00.00)
02:45.101  render           | Rendering frame 681
02:45.101  render           | Start rendering: MORI_Assembly_Animation, 视图层
02:45.101  render           | Engine: EEVEE
02:45.151  render           | Fra: 681 | Rendering 1 / 32 samples
02:45.290  render           | Fra: 681 | Rendering 25 / 32 samples
02:45.331  render           | Fra: 681 | Rendering 32 / 32 samples
02:45.342  render           | Video append frame 681
02:45.342  render           | Time: 00:00.24 (Saving: 00:00.00)
02:45.342  render           | Rendering frame 682
02:45.342  render           | Start rendering: MORI_Assembly_Animation, 视图层
02:45.342  render           | Engine: EEVEE
02:45.394  render           | Fra: 682 | Rendering 1 / 32 samples
02:45.528  render           | Fra: 682 | Rendering 25 / 32 samples
02:45.567  render           | Fra: 682 | Rendering 32 / 32 samples
02:45.577  render           | Video append frame 682
02:45.577  render           | Time: 00:00.23 (Saving: 00:00.00)
02:45.577  render           | Rendering frame 683
02:45.577  render           | Start rendering: MORI_Assembly_Animation, 视图层
02:45.577  render           | Engine: EEVEE
02:45.632  render           | Fra: 683 | Rendering 1 / 32 samples
02:45.768  render           | Fra: 683 | Rendering 25 / 32 samples
02:45.807  render           | Fra: 683 | Rendering 32 / 32 samples
02:45.817  render           | Video append frame 683
02:45.817  render           | Time: 00:00.23 (Saving: 00:00.00)
02:45.817  render           | Rendering frame 684
02:45.817  render           | Start rendering: MORI_Assembly_Animation, 视图层
02:45.817  render           | Engine: EEVEE
02:45.869  render           | Fra: 684 | Rendering 1 / 32 samples
02:46.005  render           | Fra: 684 | Rendering 25 / 32 samples
02:46.045  render           | Fra: 684 | Rendering 32 / 32 samples
02:46.057  render           | Video append frame 684
02:46.057  render           | Time: 00:00.23 (Saving: 00:00.00)
02:46.057  render           | Rendering frame 685
02:46.057  render           | Start rendering: MORI_Assembly_Animation, 视图层
02:46.057  render           | Engine: EEVEE
02:46.106  render           | Fra: 685 | Rendering 1 / 32 samples
02:46.247  render           | Fra: 685 | Rendering 25 / 32 samples
02:46.288  render           | Fra: 685 | Rendering 32 / 32 samples
02:46.300  render           | Video append frame 685
02:46.300  render           | Time: 00:00.24 (Saving: 00:00.00)
02:46.300  render           | Rendering frame 686
02:46.300  render           | Start rendering: MORI_Assembly_Animation, 视图层
02:46.300  render           | Engine: EEVEE
02:46.351  render           | Fra: 686 | Rendering 1 / 32 samples
02:46.485  render           | Fra: 686 | Rendering 25 / 32 samples
02:46.523  render           | Fra: 686 | Rendering 32 / 32 samples
02:46.535  render           | Video append frame 686
02:46.535  render           | Time: 00:00.23 (Saving: 00:00.00)
02:46.535  render           | Rendering frame 687
02:46.535  render           | Start rendering: MORI_Assembly_Animation, 视图层
02:46.535  render           | Engine: EEVEE
02:46.586  render           | Fra: 687 | Rendering 1 / 32 samples
02:46.724  render           | Fra: 687 | Rendering 25 / 32 samples
02:46.765  render           | Fra: 687 | Rendering 32 / 32 samples
02:46.777  render           | Video append frame 687
02:46.777  render           | Time: 00:00.24 (Saving: 00:00.00)
02:46.777  render           | Rendering frame 688
02:46.777  render           | Start rendering: MORI_Assembly_Animation, 视图层
02:46.777  render           | Engine: EEVEE
02:46.829  render           | Fra: 688 | Rendering 1 / 32 samples
02:46.968  render           | Fra: 688 | Rendering 25 / 32 samples
02:47.008  render           | Fra: 688 | Rendering 32 / 32 samples
02:47.020  render           | Video append frame 688
02:47.020  render           | Time: 00:00.24 (Saving: 00:00.00)
02:47.020  render           | Rendering frame 689
02:47.020  render           | Start rendering: MORI_Assembly_Animation, 视图层
02:47.020  render           | Engine: EEVEE
02:47.071  render           | Fra: 689 | Rendering 1 / 32 samples
02:47.219  render           | Fra: 689 | Rendering 25 / 32 samples
02:47.260  render           | Fra: 689 | Rendering 32 / 32 samples
02:47.273  render           | Video append frame 689
02:47.273  render           | Time: 00:00.25 (Saving: 00:00.00)
02:47.273  render           | Rendering frame 690
02:47.273  render           | Start rendering: MORI_Assembly_Animation, 视图层
02:47.273  render           | Engine: EEVEE
02:47.322  render           | Fra: 690 | Rendering 1 / 32 samples
02:47.466  render           | Fra: 690 | Rendering 25 / 32 samples
02:47.506  render           | Fra: 690 | Rendering 32 / 32 samples
02:47.519  render           | Video append frame 690
02:47.519  render           | Time: 00:00.24 (Saving: 00:00.00)
02:47.519  render           | Rendering frame 691
02:47.519  render           | Start rendering: MORI_Assembly_Animation, 视图层
02:47.519  render           | Engine: EEVEE
02:47.580  render           | Fra: 691 | Rendering 1 / 32 samples
02:47.729  render           | Fra: 691 | Rendering 25 / 32 samples
02:47.771  render           | Fra: 691 | Rendering 32 / 32 samples
02:47.784  render           | Video append frame 691
02:47.784  render           | Time: 00:00.26 (Saving: 00:00.00)
02:47.784  render           | Rendering frame 692
02:47.784  render           | Start rendering: MORI_Assembly_Animation, 视图层
02:47.784  render           | Engine: EEVEE
02:47.836  render           | Fra: 692 | Rendering 1 / 32 samples
02:47.981  render           | Fra: 692 | Rendering 25 / 32 samples
02:48.023  render           | Fra: 692 | Rendering 32 / 32 samples
02:48.036  render           | Video append frame 692
02:48.036  render           | Time: 00:00.25 (Saving: 00:00.00)
02:48.036  render           | Rendering frame 693
02:48.036  render           | Start rendering: MORI_Assembly_Animation, 视图层
02:48.036  render           | Engine: EEVEE
02:48.090  render           | Fra: 693 | Rendering 1 / 32 samples
02:48.235  render           | Fra: 693 | Rendering 25 / 32 samples
02:48.276  render           | Fra: 693 | Rendering 32 / 32 samples
02:48.289  render           | Video append frame 693
02:48.289  render           | Time: 00:00.25 (Saving: 00:00.00)
02:48.289  render           | Rendering frame 694
02:48.289  render           | Start rendering: MORI_Assembly_Animation, 视图层
02:48.289  render           | Engine: EEVEE
02:48.346  render           | Fra: 694 | Rendering 1 / 32 samples
02:48.490  render           | Fra: 694 | Rendering 25 / 32 samples
02:48.531  render           | Fra: 694 | Rendering 32 / 32 samples
02:48.543  render           | Video append frame 694
02:48.543  render           | Time: 00:00.25 (Saving: 00:00.00)
02:48.543  render           | Rendering frame 695
02:48.543  render           | Start rendering: MORI_Assembly_Animation, 视图层
02:48.543  render           | Engine: EEVEE
02:48.596  render           | Fra: 695 | Rendering 1 / 32 samples
02:48.740  render           | Fra: 695 | Rendering 25 / 32 samples
02:48.781  render           | Fra: 695 | Rendering 32 / 32 samples
02:48.793  render           | Video append frame 695
02:48.793  render           | Time: 00:00.24 (Saving: 00:00.00)
02:48.793  render           | Rendering frame 696
02:48.793  render           | Start rendering: MORI_Assembly_Animation, 视图层
02:48.793  render           | Engine: EEVEE
02:48.846  render           | Fra: 696 | Rendering 1 / 32 samples
02:48.994  render           | Fra: 696 | Rendering 25 / 32 samples
02:49.036  render           | Fra: 696 | Rendering 32 / 32 samples
02:49.049  render           | Video append frame 696
02:49.049  render           | Time: 00:00.25 (Saving: 00:00.00)
02:49.049  render           | Rendering frame 697
02:49.050  render           | Start rendering: MORI_Assembly_Animation, 视图层
02:49.050  render           | Engine: EEVEE
02:49.105  render           | Fra: 697 | Rendering 1 / 32 samples
02:49.251  render           | Fra: 697 | Rendering 25 / 32 samples
02:49.290  render           | Fra: 697 | Rendering 32 / 32 samples
02:49.299  render           | Video append frame 697
02:49.299  render           | Time: 00:00.24 (Saving: 00:00.00)
02:49.299  render           | Rendering frame 698
02:49.300  render           | Start rendering: MORI_Assembly_Animation, 视图层
02:49.300  render           | Engine: EEVEE
02:49.350  render           | Fra: 698 | Rendering 1 / 32 samples
02:49.488  render           | Fra: 698 | Rendering 25 / 32 samples
02:49.528  render           | Fra: 698 | Rendering 32 / 32 samples
02:49.540  render           | Video append frame 698
02:49.540  render           | Time: 00:00.24 (Saving: 00:00.00)
02:49.540  render           | Rendering frame 699
02:49.540  render           | Start rendering: MORI_Assembly_Animation, 视图层
02:49.540  render           | Engine: EEVEE
02:49.590  render           | Fra: 699 | Rendering 1 / 32 samples
02:49.736  render           | Fra: 699 | Rendering 25 / 32 samples
02:49.776  render           | Fra: 699 | Rendering 32 / 32 samples
02:49.790  render           | Video append frame 699
02:49.790  render           | Time: 00:00.24 (Saving: 00:00.00)
02:49.790  render           | Rendering frame 700
02:49.790  render           | Start rendering: MORI_Assembly_Animation, 视图层
02:49.790  render           | Engine: EEVEE
02:49.841  render           | Fra: 700 | Rendering 1 / 32 samples
02:49.984  render           | Fra: 700 | Rendering 25 / 32 samples
02:50.024  render           | Fra: 700 | Rendering 32 / 32 samples
02:50.036  render           | Video append frame 700
02:50.036  render           | Time: 00:00.24 (Saving: 00:00.00)
02:50.036  render           | Rendering frame 701
02:50.036  render           | Start rendering: MORI_Assembly_Animation, 视图层
02:50.036  render           | Engine: EEVEE
02:50.088  render           | Fra: 701 | Rendering 1 / 32 samples
02:50.227  render           | Fra: 701 | Rendering 25 / 32 samples
02:50.267  render           | Fra: 701 | Rendering 32 / 32 samples
02:50.280  render           | Video append frame 701
02:50.280  render           | Time: 00:00.24 (Saving: 00:00.00)
02:50.280  render           | Rendering frame 702
02:50.280  render           | Start rendering: MORI_Assembly_Animation, 视图层
02:50.280  render           | Engine: EEVEE
02:50.336  render           | Fra: 702 | Rendering 1 / 32 samples
02:50.478  render           | Fra: 702 | Rendering 25 / 32 samples
02:50.520  render           | Fra: 702 | Rendering 32 / 32 samples
02:50.535  render           | Video append frame 702
02:50.535  render           | Time: 00:00.25 (Saving: 00:00.00)
02:50.535  render           | Rendering frame 703
02:50.535  render           | Start rendering: MORI_Assembly_Animation, 视图层
02:50.535  render           | Engine: EEVEE
02:50.590  render           | Fra: 703 | Rendering 1 / 32 samples
02:50.746  render           | Fra: 703 | Rendering 25 / 32 samples
02:50.789  render           | Fra: 703 | Rendering 32 / 32 samples
02:50.802  render           | Video append frame 703
02:50.802  render           | Time: 00:00.26 (Saving: 00:00.00)
02:50.802  render           | Rendering frame 704
02:50.803  render           | Start rendering: MORI_Assembly_Animation, 视图层
02:50.803  render           | Engine: EEVEE
02:50.855  render           | Fra: 704 | Rendering 1 / 32 samples
02:51.002  render           | Fra: 704 | Rendering 25 / 32 samples
02:51.045  render           | Fra: 704 | Rendering 32 / 32 samples
02:51.058  render           | Video append frame 704
02:51.058  render           | Time: 00:00.25 (Saving: 00:00.00)
02:51.058  render           | Rendering frame 705
02:51.059  render           | Start rendering: MORI_Assembly_Animation, 视图层
02:51.059  render           | Engine: EEVEE
02:51.113  render           | Fra: 705 | Rendering 1 / 32 samples
02:51.257  render           | Fra: 705 | Rendering 25 / 32 samples
02:51.298  render           | Fra: 705 | Rendering 32 / 32 samples
02:51.310  render           | Video append frame 705
02:51.310  render           | Time: 00:00.25 (Saving: 00:00.00)
02:51.310  render           | Rendering frame 706
02:51.310  render           | Start rendering: MORI_Assembly_Animation, 视图层
02:51.310  render           | Engine: EEVEE
02:51.363  render           | Fra: 706 | Rendering 1 / 32 samples
02:51.510  render           | Fra: 706 | Rendering 25 / 32 samples
02:51.556  render           | Fra: 706 | Rendering 32 / 32 samples
02:51.569  render           | Video append frame 706
02:51.569  render           | Time: 00:00.25 (Saving: 00:00.00)
02:51.569  render           | Rendering frame 707
02:51.569  render           | Start rendering: MORI_Assembly_Animation, 视图层
02:51.569  render           | Engine: EEVEE
02:51.621  render           | Fra: 707 | Rendering 1 / 32 samples
02:51.769  render           | Fra: 707 | Rendering 25 / 32 samples
02:51.810  render           | Fra: 707 | Rendering 32 / 32 samples
02:51.824  render           | Video append frame 707
02:51.824  render           | Time: 00:00.25 (Saving: 00:00.00)
02:51.824  render           | Rendering frame 708
02:51.824  render           | Start rendering: MORI_Assembly_Animation, 视图层
02:51.824  render           | Engine: EEVEE
02:51.874  render           | Fra: 708 | Rendering 1 / 32 samples
02:52.025  render           | Fra: 708 | Rendering 25 / 32 samples
02:52.070  render           | Fra: 708 | Rendering 32 / 32 samples
02:52.088  render           | Video append frame 708
02:52.088  render           | Time: 00:00.26 (Saving: 00:00.00)
02:52.088  render           | Rendering frame 709
02:52.088  render           | Start rendering: MORI_Assembly_Animation, 视图层
02:52.088  render           | Engine: EEVEE
02:52.141  render           | Fra: 709 | Rendering 1 / 32 samples
02:52.300  render           | Fra: 709 | Rendering 25 / 32 samples
02:52.345  render           | Fra: 709 | Rendering 32 / 32 samples
02:52.358  render           | Video append frame 709
02:52.358  render           | Time: 00:00.26 (Saving: 00:00.00)
02:52.358  render           | Rendering frame 710
02:52.358  render           | Start rendering: MORI_Assembly_Animation, 视图层
02:52.358  render           | Engine: EEVEE
02:52.412  render           | Fra: 710 | Rendering 1 / 32 samples
02:52.563  render           | Fra: 710 | Rendering 25 / 32 samples
02:52.608  render           | Fra: 710 | Rendering 32 / 32 samples
02:52.623  render           | Video append frame 710
02:52.623  render           | Time: 00:00.26 (Saving: 00:00.00)
02:52.623  render           | Rendering frame 711
02:52.623  render           | Start rendering: MORI_Assembly_Animation, 视图层
02:52.623  render           | Engine: EEVEE
02:52.677  render           | Fra: 711 | Rendering 1 / 32 samples
02:52.834  render           | Fra: 711 | Rendering 25 / 32 samples
02:52.879  render           | Fra: 711 | Rendering 32 / 32 samples
02:52.893  render           | Video append frame 711
02:52.893  render           | Time: 00:00.26 (Saving: 00:00.00)
02:52.893  render           | Rendering frame 712
02:52.893  render           | Start rendering: MORI_Assembly_Animation, 视图层
02:52.893  render           | Engine: EEVEE
02:52.945  render           | Fra: 712 | Rendering 1 / 32 samples
02:53.098  render           | Fra: 712 | Rendering 25 / 32 samples
02:53.140  render           | Fra: 712 | Rendering 32 / 32 samples
02:53.153  render           | Video append frame 712
02:53.153  render           | Time: 00:00.26 (Saving: 00:00.00)
02:53.153  render           | Rendering frame 713
02:53.153  render           | Start rendering: MORI_Assembly_Animation, 视图层
02:53.153  render           | Engine: EEVEE
02:53.206  render           | Fra: 713 | Rendering 1 / 32 samples
02:53.355  render           | Fra: 713 | Rendering 25 / 32 samples
02:53.399  render           | Fra: 713 | Rendering 32 / 32 samples
02:53.411  render           | Video append frame 713
02:53.411  render           | Time: 00:00.25 (Saving: 00:00.00)
02:53.411  render           | Rendering frame 714
02:53.412  render           | Start rendering: MORI_Assembly_Animation, 视图层
02:53.412  render           | Engine: EEVEE
02:53.462  render           | Fra: 714 | Rendering 1 / 32 samples
02:53.611  render           | Fra: 714 | Rendering 25 / 32 samples
02:53.655  render           | Fra: 714 | Rendering 32 / 32 samples
02:53.670  render           | Video append frame 714
02:53.670  render           | Time: 00:00.25 (Saving: 00:00.01)
02:53.670  render           | Rendering frame 715
02:53.670  render           | Start rendering: MORI_Assembly_Animation, 视图层
02:53.670  render           | Engine: EEVEE
02:53.720  render           | Fra: 715 | Rendering 1 / 32 samples
02:53.864  render           | Fra: 715 | Rendering 25 / 32 samples
02:53.906  render           | Fra: 715 | Rendering 32 / 32 samples
02:53.919  render           | Video append frame 715
02:53.919  render           | Time: 00:00.24 (Saving: 00:00.00)
02:53.919  render           | Rendering frame 716
02:53.919  render           | Start rendering: MORI_Assembly_Animation, 视图层
02:53.919  render           | Engine: EEVEE
02:53.973  render           | Fra: 716 | Rendering 1 / 32 samples
02:54.119  render           | Fra: 716 | Rendering 25 / 32 samples
02:54.165  render           | Fra: 716 | Rendering 32 / 32 samples
02:54.181  render           | Video append frame 716
02:54.181  render           | Time: 00:00.26 (Saving: 00:00.00)
02:54.181  render           | Rendering frame 717
02:54.181  render           | Start rendering: MORI_Assembly_Animation, 视图层
02:54.181  render           | Engine: EEVEE
02:54.234  render           | Fra: 717 | Rendering 1 / 32 samples
02:54.378  render           | Fra: 717 | Rendering 25 / 32 samples
02:54.420  render           | Fra: 717 | Rendering 32 / 32 samples
02:54.429  render           | Video append frame 717
02:54.429  render           | Time: 00:00.24 (Saving: 00:00.00)
02:54.429  render           | Rendering frame 718
02:54.429  render           | Start rendering: MORI_Assembly_Animation, 视图层
02:54.430  render           | Engine: EEVEE
02:54.485  render           | Fra: 718 | Rendering 1 / 32 samples
02:54.628  render           | Fra: 718 | Rendering 25 / 32 samples
02:54.670  render           | Fra: 718 | Rendering 32 / 32 samples
02:54.682  render           | Video append frame 718
02:54.682  render           | Time: 00:00.25 (Saving: 00:00.00)
02:54.682  render           | Rendering frame 719
02:54.682  render           | Start rendering: MORI_Assembly_Animation, 视图层
02:54.682  render           | Engine: EEVEE
02:54.735  render           | Fra: 719 | Rendering 1 / 32 samples
02:54.880  render           | Fra: 719 | Rendering 25 / 32 samples
02:54.922  render           | Fra: 719 | Rendering 32 / 32 samples
02:54.935  render           | Video append frame 719
02:54.935  render           | Time: 00:00.25 (Saving: 00:00.00)
02:54.935  render           | Rendering frame 720
02:54.935  render           | Start rendering: MORI_Assembly_Animation, 视图层
02:54.935  render           | Engine: EEVEE
02:54.988  render           | Fra: 720 | Rendering 1 / 32 samples
02:55.130  render           | Fra: 720 | Rendering 25 / 32 samples
02:55.171  render           | Fra: 720 | Rendering 32 / 32 samples
02:55.183  render           | Video append frame 720
02:55.184  render           | Time: 00:00.24 (Saving: 00:00.00)
02:55.184  render           | Rendering frame 721
02:55.184  render           | Start rendering: MORI_Assembly_Animation, 视图层
02:55.184  render           | Engine: EEVEE
02:55.234  render           | Fra: 721 | Rendering 1 / 32 samples
02:55.375  render           | Fra: 721 | Rendering 25 / 32 samples
02:55.416  render           | Fra: 721 | Rendering 32 / 32 samples
02:55.429  render           | Video append frame 721
02:55.429  render           | Time: 00:00.24 (Saving: 00:00.00)
02:55.429  render           | Rendering frame 722
02:55.429  render           | Start rendering: MORI_Assembly_Animation, 视图层
02:55.429  render           | Engine: EEVEE
02:55.483  render           | Fra: 722 | Rendering 1 / 32 samples
02:55.624  render           | Fra: 722 | Rendering 25 / 32 samples
02:55.665  render           | Fra: 722 | Rendering 32 / 32 samples
02:55.678  render           | Video append frame 722
02:55.678  render           | Time: 00:00.24 (Saving: 00:00.00)
02:55.678  render           | Rendering frame 723
02:55.678  render           | Start rendering: MORI_Assembly_Animation, 视图层
02:55.678  render           | Engine: EEVEE
02:55.732  render           | Fra: 723 | Rendering 1 / 32 samples
02:55.872  render           | Fra: 723 | Rendering 25 / 32 samples
02:55.912  render           | Fra: 723 | Rendering 32 / 32 samples
02:55.924  render           | Video append frame 723
02:55.924  render           | Time: 00:00.24 (Saving: 00:00.00)
02:55.924  render           | Rendering frame 724
02:55.924  render           | Start rendering: MORI_Assembly_Animation, 视图层
02:55.924  render           | Engine: EEVEE
02:55.975  render           | Fra: 724 | Rendering 1 / 32 samples
02:56.123  render           | Fra: 724 | Rendering 25 / 32 samples
02:56.166  render           | Fra: 724 | Rendering 32 / 32 samples
02:56.180  render           | Video append frame 724
02:56.180  render           | Time: 00:00.25 (Saving: 00:00.00)
02:56.180  render           | Rendering frame 725
02:56.180  render           | Start rendering: MORI_Assembly_Animation, 视图层
02:56.180  render           | Engine: EEVEE
02:56.246  render           | Fra: 725 | Rendering 1 / 32 samples
02:56.407  render           | Fra: 725 | Rendering 25 / 32 samples
02:56.451  render           | Fra: 725 | Rendering 32 / 32 samples
02:56.464  render           | Video append frame 725
02:56.464  render           | Time: 00:00.28 (Saving: 00:00.00)
02:56.464  render           | Rendering frame 726
02:56.465  render           | Start rendering: MORI_Assembly_Animation, 视图层
02:56.465  render           | Engine: EEVEE
02:56.521  render           | Fra: 726 | Rendering 1 / 32 samples
02:56.671  render           | Fra: 726 | Rendering 25 / 32 samples
02:56.715  render           | Fra: 726 | Rendering 32 / 32 samples
02:56.728  render           | Video append frame 726
02:56.728  render           | Time: 00:00.26 (Saving: 00:00.00)
02:56.728  render           | Rendering frame 727
02:56.728  render           | Start rendering: MORI_Assembly_Animation, 视图层
02:56.728  render           | Engine: EEVEE
02:56.787  render           | Fra: 727 | Rendering 1 / 32 samples
02:56.933  render           | Fra: 727 | Rendering 25 / 32 samples
02:56.974  render           | Fra: 727 | Rendering 32 / 32 samples
02:56.988  render           | Video append frame 727
02:56.988  render           | Time: 00:00.25 (Saving: 00:00.00)
02:56.988  render           | Rendering frame 728
02:56.988  render           | Start rendering: MORI_Assembly_Animation, 视图层
02:56.988  render           | Engine: EEVEE
02:57.040  render           | Fra: 728 | Rendering 1 / 32 samples
02:57.186  render           | Fra: 728 | Rendering 25 / 32 samples
02:57.228  render           | Fra: 728 | Rendering 32 / 32 samples
02:57.241  render           | Video append frame 728
02:57.241  render           | Time: 00:00.25 (Saving: 00:00.00)
02:57.241  render           | Rendering frame 729
02:57.241  render           | Start rendering: MORI_Assembly_Animation, 视图层
02:57.241  render           | Engine: EEVEE
02:57.295  render           | Fra: 729 | Rendering 1 / 32 samples
02:57.445  render           | Fra: 729 | Rendering 25 / 32 samples
02:57.490  render           | Fra: 729 | Rendering 32 / 32 samples
02:57.503  render           | Video append frame 729
02:57.503  render           | Time: 00:00.26 (Saving: 00:00.00)
02:57.503  render           | Rendering frame 730
02:57.503  render           | Start rendering: MORI_Assembly_Animation, 视图层
02:57.503  render           | Engine: EEVEE
02:57.559  render           | Fra: 730 | Rendering 1 / 32 samples
02:57.712  render           | Fra: 730 | Rendering 25 / 32 samples
02:57.756  render           | Fra: 730 | Rendering 32 / 32 samples
02:57.770  render           | Video append frame 730
02:57.770  render           | Time: 00:00.26 (Saving: 00:00.00)
02:57.770  render           | Rendering frame 731
02:57.770  render           | Start rendering: MORI_Assembly_Animation, 视图层
02:57.770  render           | Engine: EEVEE
02:57.830  render           | Fra: 731 | Rendering 1 / 32 samples
02:57.981  render           | Fra: 731 | Rendering 25 / 32 samples
02:58.026  render           | Fra: 731 | Rendering 32 / 32 samples
02:58.040  render           | Video append frame 731
02:58.040  render           | Time: 00:00.27 (Saving: 00:00.00)
02:58.040  render           | Rendering frame 732
02:58.040  render           | Start rendering: MORI_Assembly_Animation, 视图层
02:58.040  render           | Engine: EEVEE
02:58.088  render           | Fra: 732 | Rendering 1 / 32 samples
02:58.237  render           | Fra: 732 | Rendering 25 / 32 samples
02:58.281  render           | Fra: 732 | Rendering 32 / 32 samples
02:58.293  render           | Video append frame 732
02:58.293  render           | Time: 00:00.25 (Saving: 00:00.00)
02:58.293  render           | Rendering frame 733
02:58.293  render           | Start rendering: MORI_Assembly_Animation, 视图层
02:58.293  render           | Engine: EEVEE
02:58.351  render           | Fra: 733 | Rendering 1 / 32 samples
02:58.500  render           | Fra: 733 | Rendering 25 / 32 samples
02:58.548  render           | Fra: 733 | Rendering 32 / 32 samples
02:58.563  render           | Video append frame 733
02:58.563  render           | Time: 00:00.26 (Saving: 00:00.00)
02:58.563  render           | Rendering frame 734
02:58.563  render           | Start rendering: MORI_Assembly_Animation, 视图层
02:58.563  render           | Engine: EEVEE
02:58.615  render           | Fra: 734 | Rendering 1 / 32 samples
02:58.767  render           | Fra: 734 | Rendering 25 / 32 samples
02:58.809  render           | Fra: 734 | Rendering 32 / 32 samples
02:58.822  render           | Video append frame 734
02:58.822  render           | Time: 00:00.25 (Saving: 00:00.00)
02:58.822  render           | Rendering frame 735
02:58.822  render           | Start rendering: MORI_Assembly_Animation, 视图层
02:58.822  render           | Engine: EEVEE
02:58.874  render           | Fra: 735 | Rendering 1 / 32 samples
02:59.020  render           | Fra: 735 | Rendering 25 / 32 samples
02:59.063  render           | Fra: 735 | Rendering 32 / 32 samples
02:59.077  render           | Video append frame 735
02:59.077  render           | Time: 00:00.25 (Saving: 00:00.00)
02:59.077  render           | Rendering frame 736
02:59.077  render           | Start rendering: MORI_Assembly_Animation, 视图层
02:59.078  render           | Engine: EEVEE
02:59.131  render           | Fra: 736 | Rendering 1 / 32 samples
02:59.280  render           | Fra: 736 | Rendering 25 / 32 samples
02:59.322  render           | Fra: 736 | Rendering 32 / 32 samples
02:59.336  render           | Video append frame 736
02:59.336  render           | Time: 00:00.25 (Saving: 00:00.00)
02:59.336  render           | Rendering frame 737
02:59.336  render           | Start rendering: MORI_Assembly_Animation, 视图层
02:59.336  render           | Engine: EEVEE
02:59.386  render           | Fra: 737 | Rendering 1 / 32 samples
02:59.533  render           | Fra: 737 | Rendering 25 / 32 samples
02:59.577  render           | Fra: 737 | Rendering 32 / 32 samples
02:59.591  render           | Video append frame 737
02:59.591  render           | Time: 00:00.25 (Saving: 00:00.00)
02:59.591  render           | Rendering frame 738
02:59.591  render           | Start rendering: MORI_Assembly_Animation, 视图层
02:59.591  render           | Engine: EEVEE
02:59.643  render           | Fra: 738 | Rendering 1 / 32 samples
02:59.798  render           | Fra: 738 | Rendering 25 / 32 samples
02:59.844  render           | Fra: 738 | Rendering 32 / 32 samples
02:59.859  render           | Video append frame 738
02:59.859  render           | Time: 00:00.26 (Saving: 00:00.01)
02:59.859  render           | Rendering frame 739
02:59.859  render           | Start rendering: MORI_Assembly_Animation, 视图层
02:59.859  render           | Engine: EEVEE
02:59.912  render           | Fra: 739 | Rendering 1 / 32 samples
03:00.062  render           | Fra: 739 | Rendering 25 / 32 samples
03:00.105  render           | Fra: 739 | Rendering 32 / 32 samples
03:00.120  render           | Video append frame 739
03:00.120  render           | Time: 00:00.26 (Saving: 00:00.00)
03:00.120  render           | Rendering frame 740
03:00.120  render           | Start rendering: MORI_Assembly_Animation, 视图层
03:00.120  render           | Engine: EEVEE
03:00.173  render           | Fra: 740 | Rendering 1 / 32 samples
03:00.319  render           | Fra: 740 | Rendering 25 / 32 samples
03:00.361  render           | Fra: 740 | Rendering 32 / 32 samples
03:00.375  render           | Video append frame 740
03:00.375  render           | Time: 00:00.25 (Saving: 00:00.00)
03:00.375  render           | Rendering frame 741
03:00.375  render           | Start rendering: MORI_Assembly_Animation, 视图层
03:00.375  render           | Engine: EEVEE
03:00.425  render           | Fra: 741 | Rendering 1 / 32 samples
03:00.575  render           | Fra: 741 | Rendering 25 / 32 samples
03:00.618  render           | Fra: 741 | Rendering 32 / 32 samples
03:00.631  render           | Video append frame 741
03:00.631  render           | Time: 00:00.25 (Saving: 00:00.00)
03:00.631  render           | Rendering frame 742
03:00.631  render           | Start rendering: MORI_Assembly_Animation, 视图层
03:00.631  render           | Engine: EEVEE
03:00.684  render           | Fra: 742 | Rendering 1 / 32 samples
03:00.825  render           | Fra: 742 | Rendering 25 / 32 samples
03:00.866  render           | Fra: 742 | Rendering 32 / 32 samples
03:00.879  render           | Video append frame 742
03:00.879  render           | Time: 00:00.24 (Saving: 00:00.00)
03:00.879  render           | Rendering frame 743
03:00.879  render           | Start rendering: MORI_Assembly_Animation, 视图层
03:00.879  render           | Engine: EEVEE
03:00.930  render           | Fra: 743 | Rendering 1 / 32 samples
03:01.079  render           | Fra: 743 | Rendering 25 / 32 samples
03:01.122  render           | Fra: 743 | Rendering 32 / 32 samples
03:01.135  render           | Video append frame 743
03:01.135  render           | Time: 00:00.25 (Saving: 00:00.00)
03:01.135  render           | Rendering frame 744
03:01.135  render           | Start rendering: MORI_Assembly_Animation, 视图层
03:01.135  render           | Engine: EEVEE
03:01.187  render           | Fra: 744 | Rendering 1 / 32 samples
03:01.328  render           | Fra: 744 | Rendering 25 / 32 samples
03:01.369  render           | Fra: 744 | Rendering 32 / 32 samples
03:01.381  render           | Video append frame 744
03:01.381  render           | Time: 00:00.24 (Saving: 00:00.00)
03:01.381  render           | Rendering frame 745
03:01.381  render           | Start rendering: MORI_Assembly_Animation, 视图层
03:01.381  render           | Engine: EEVEE
03:01.432  render           | Fra: 745 | Rendering 1 / 32 samples
03:01.577  render           | Fra: 745 | Rendering 25 / 32 samples
03:01.618  render           | Fra: 745 | Rendering 32 / 32 samples
03:01.632  render           | Video append frame 745
03:01.632  render           | Time: 00:00.25 (Saving: 00:00.00)
03:01.632  render           | Rendering frame 746
03:01.632  render           | Start rendering: MORI_Assembly_Animation, 视图层
03:01.632  render           | Engine: EEVEE
03:01.685  render           | Fra: 746 | Rendering 1 / 32 samples
03:01.840  render           | Fra: 746 | Rendering 25 / 32 samples
03:01.887  render           | Fra: 746 | Rendering 32 / 32 samples
03:01.902  render           | Video append frame 746
03:01.902  render           | Time: 00:00.27 (Saving: 00:00.01)
03:01.902  render           | Rendering frame 747
03:01.903  render           | Start rendering: MORI_Assembly_Animation, 视图层
03:01.903  render           | Engine: EEVEE
03:01.955  render           | Fra: 747 | Rendering 1 / 32 samples
03:02.103  render           | Fra: 747 | Rendering 25 / 32 samples
03:02.148  render           | Fra: 747 | Rendering 32 / 32 samples
03:02.161  render           | Video append frame 747
03:02.161  render           | Time: 00:00.25 (Saving: 00:00.00)
03:02.161  render           | Rendering frame 748
03:02.162  render           | Start rendering: MORI_Assembly_Animation, 视图层
03:02.162  render           | Engine: EEVEE
03:02.213  render           | Fra: 748 | Rendering 1 / 32 samples
03:02.361  render           | Fra: 748 | Rendering 25 / 32 samples
03:02.405  render           | Fra: 748 | Rendering 32 / 32 samples
03:02.420  render           | Video append frame 748
03:02.420  render           | Time: 00:00.25 (Saving: 00:00.01)
03:02.420  render           | Rendering frame 749
03:02.420  render           | Start rendering: MORI_Assembly_Animation, 视图层
03:02.420  render           | Engine: EEVEE
03:02.471  render           | Fra: 749 | Rendering 1 / 32 samples
03:02.617  render           | Fra: 749 | Rendering 25 / 32 samples
03:02.659  render           | Fra: 749 | Rendering 32 / 32 samples
03:02.674  render           | Video append frame 749
03:02.674  render           | Time: 00:00.25 (Saving: 00:00.00)
03:02.674  render           | Rendering frame 750
03:02.674  render           | Start rendering: MORI_Assembly_Animation, 视图层
03:02.674  render           | Engine: EEVEE
03:02.726  render           | Fra: 750 | Rendering 1 / 32 samples
03:02.879  render           | Fra: 750 | Rendering 25 / 32 samples
03:02.921  render           | Fra: 750 | Rendering 32 / 32 samples
03:02.935  render           | Video append frame 750
03:02.935  render           | Time: 00:00.26 (Saving: 00:00.00)
03:02.935  render           | Rendering frame 751
03:02.935  render           | Start rendering: MORI_Assembly_Animation, 视图层
03:02.935  render           | Engine: EEVEE
03:02.992  render           | Fra: 751 | Rendering 1 / 32 samples
03:03.140  render           | Fra: 751 | Rendering 25 / 32 samples
03:03.181  render           | Fra: 751 | Rendering 32 / 32 samples
03:03.193  render           | Video append frame 751
03:03.193  render           | Time: 00:00.25 (Saving: 00:00.00)
03:03.193  render           | Rendering frame 752
03:03.193  render           | Start rendering: MORI_Assembly_Animation, 视图层
03:03.193  render           | Engine: EEVEE
03:03.244  render           | Fra: 752 | Rendering 1 / 32 samples
03:03.396  render           | Fra: 752 | Rendering 25 / 32 samples
03:03.438  render           | Fra: 752 | Rendering 32 / 32 samples
03:03.450  render           | Video append frame 752
03:03.450  render           | Time: 00:00.25 (Saving: 00:00.00)
03:03.450  render           | Rendering frame 753
03:03.450  render           | Start rendering: MORI_Assembly_Animation, 视图层
03:03.450  render           | Engine: EEVEE
03:03.502  render           | Fra: 753 | Rendering 1 / 32 samples
03:03.646  render           | Fra: 753 | Rendering 25 / 32 samples
03:03.687  render           | Fra: 753 | Rendering 32 / 32 samples
03:03.700  render           | Video append frame 753
03:03.700  render           | Time: 00:00.24 (Saving: 00:00.00)
03:03.700  render           | Rendering frame 754
03:03.700  render           | Start rendering: MORI_Assembly_Animation, 视图层
03:03.700  render           | Engine: EEVEE
03:03.750  render           | Fra: 754 | Rendering 1 / 32 samples
03:03.888  render           | Fra: 754 | Rendering 25 / 32 samples
03:03.928  render           | Fra: 754 | Rendering 32 / 32 samples
03:03.941  render           | Video append frame 754
03:03.941  render           | Time: 00:00.24 (Saving: 00:00.00)
03:03.941  render           | Rendering frame 755
03:03.942  render           | Start rendering: MORI_Assembly_Animation, 视图层
03:03.942  render           | Engine: EEVEE
03:03.990  render           | Fra: 755 | Rendering 1 / 32 samples
03:04.136  render           | Fra: 755 | Rendering 25 / 32 samples
03:04.176  render           | Fra: 755 | Rendering 32 / 32 samples
03:04.189  render           | Video append frame 755
03:04.189  render           | Time: 00:00.24 (Saving: 00:00.00)
03:04.189  render           | Rendering frame 756
03:04.189  render           | Start rendering: MORI_Assembly_Animation, 视图层
03:04.189  render           | Engine: EEVEE
03:04.237  render           | Fra: 756 | Rendering 1 / 32 samples
03:04.375  render           | Fra: 756 | Rendering 25 / 32 samples
03:04.416  render           | Fra: 756 | Rendering 32 / 32 samples
03:04.429  render           | Video append frame 756
03:04.429  render           | Time: 00:00.23 (Saving: 00:00.00)
03:04.429  render           | Rendering frame 757
03:04.429  render           | Start rendering: MORI_Assembly_Animation, 视图层
03:04.429  render           | Engine: EEVEE
03:04.475  render           | Fra: 757 | Rendering 1 / 32 samples
03:04.613  render           | Fra: 757 | Rendering 25 / 32 samples
03:04.654  render           | Fra: 757 | Rendering 32 / 32 samples
03:04.667  render           | Video append frame 757
03:04.667  render           | Time: 00:00.23 (Saving: 00:00.00)
03:04.667  render           | Rendering frame 758
03:04.667  render           | Start rendering: MORI_Assembly_Animation, 视图层
03:04.667  render           | Engine: EEVEE
03:04.715  render           | Fra: 758 | Rendering 1 / 32 samples
03:04.854  render           | Fra: 758 | Rendering 25 / 32 samples
03:04.895  render           | Fra: 758 | Rendering 32 / 32 samples
03:04.908  render           | Video append frame 758
03:04.908  render           | Time: 00:00.24 (Saving: 00:00.00)
03:04.908  render           | Rendering frame 759
03:04.909  render           | Start rendering: MORI_Assembly_Animation, 视图层
03:04.909  render           | Engine: EEVEE
03:04.958  render           | Fra: 759 | Rendering 1 / 32 samples
03:05.095  render           | Fra: 759 | Rendering 25 / 32 samples
03:05.134  render           | Fra: 759 | Rendering 32 / 32 samples
03:05.146  render           | Video append frame 759
03:05.146  render           | Time: 00:00.23 (Saving: 00:00.00)
03:05.146  render           | Rendering frame 760
03:05.147  render           | Start rendering: MORI_Assembly_Animation, 视图层
03:05.147  render           | Engine: EEVEE
03:05.197  render           | Fra: 760 | Rendering 1 / 32 samples
03:05.334  render           | Fra: 760 | Rendering 25 / 32 samples
03:05.377  render           | Fra: 760 | Rendering 32 / 32 samples
03:05.390  render           | Video append frame 760
03:05.391  render           | Time: 00:00.24 (Saving: 00:00.00)
03:05.391  render           | Rendering frame 761
03:05.391  render           | Start rendering: MORI_Assembly_Animation, 视图层
03:05.391  render           | Engine: EEVEE
03:05.439  render           | Fra: 761 | Rendering 1 / 32 samples
03:05.573  render           | Fra: 761 | Rendering 25 / 32 samples
03:05.611  render           | Fra: 761 | Rendering 32 / 32 samples
03:05.624  render           | Video append frame 761
03:05.624  render           | Time: 00:00.23 (Saving: 00:00.00)
03:05.624  render           | Rendering frame 762
03:05.624  render           | Start rendering: MORI_Assembly_Animation, 视图层
03:05.624  render           | Engine: EEVEE
03:05.673  render           | Fra: 762 | Rendering 1 / 32 samples
03:05.817  render           | Fra: 762 | Rendering 25 / 32 samples
03:05.861  render           | Fra: 762 | Rendering 32 / 32 samples
03:05.874  render           | Video append frame 762
03:05.874  render           | Time: 00:00.25 (Saving: 00:00.00)
03:05.874  render           | Rendering frame 763
03:05.875  render           | Start rendering: MORI_Assembly_Animation, 视图层
03:05.875  render           | Engine: EEVEE
03:05.925  render           | Fra: 763 | Rendering 1 / 32 samples
03:06.081  render           | Fra: 763 | Rendering 25 / 32 samples
03:06.128  render           | Fra: 763 | Rendering 32 / 32 samples
03:06.142  render           | Video append frame 763
03:06.142  render           | Time: 00:00.26 (Saving: 00:00.00)
03:06.142  render           | Rendering frame 764
03:06.142  render           | Start rendering: MORI_Assembly_Animation, 视图层
03:06.142  render           | Engine: EEVEE
03:06.197  render           | Fra: 764 | Rendering 1 / 32 samples
03:06.355  render           | Fra: 764 | Rendering 25 / 32 samples
03:06.401  render           | Fra: 764 | Rendering 32 / 32 samples
03:06.417  render           | Video append frame 764
03:06.417  render           | Time: 00:00.27 (Saving: 00:00.01)
03:06.417  render           | Rendering frame 765
03:06.418  render           | Start rendering: MORI_Assembly_Animation, 视图层
03:06.418  render           | Engine: EEVEE
03:06.469  render           | Fra: 765 | Rendering 1 / 32 samples
03:06.623  render           | Fra: 765 | Rendering 25 / 32 samples
03:06.671  render           | Fra: 765 | Rendering 32 / 32 samples
03:06.686  render           | Video append frame 765
03:06.686  render           | Time: 00:00.26 (Saving: 00:00.01)
03:06.686  render           | Rendering frame 766
03:06.687  render           | Start rendering: MORI_Assembly_Animation, 视图层
03:06.687  render           | Engine: EEVEE
03:06.739  render           | Fra: 766 | Rendering 1 / 32 samples
03:06.892  render           | Fra: 766 | Rendering 25 / 32 samples
03:06.937  render           | Fra: 766 | Rendering 32 / 32 samples
03:06.952  render           | Video append frame 766
03:06.952  render           | Time: 00:00.26 (Saving: 00:00.01)
03:06.952  render           | Rendering frame 767
03:06.952  render           | Start rendering: MORI_Assembly_Animation, 视图层
03:06.952  render           | Engine: EEVEE
03:07.007  render           | Fra: 767 | Rendering 1 / 32 samples
03:07.153  render           | Fra: 767 | Rendering 25 / 32 samples
03:07.195  render           | Fra: 767 | Rendering 32 / 32 samples
03:07.207  render           | Video append frame 767
03:07.207  render           | Time: 00:00.25 (Saving: 00:00.00)
03:07.208  render           | Rendering frame 768
03:07.208  render           | Start rendering: MORI_Assembly_Animation, 视图层
03:07.208  render           | Engine: EEVEE
03:07.258  render           | Fra: 768 | Rendering 1 / 32 samples
03:07.413  render           | Fra: 768 | Rendering 25 / 32 samples
03:07.461  render           | Fra: 768 | Rendering 32 / 32 samples
03:07.478  render           | Video append frame 768
03:07.478  render           | Time: 00:00.27 (Saving: 00:00.01)
03:07.478  render           | Rendering frame 769
03:07.478  render           | Start rendering: MORI_Assembly_Animation, 视图层
03:07.478  render           | Engine: EEVEE
03:07.530  render           | Fra: 769 | Rendering 1 / 32 samples
03:07.680  render           | Fra: 769 | Rendering 25 / 32 samples
03:07.723  render           | Fra: 769 | Rendering 32 / 32 samples
03:07.736  render           | Video append frame 769
03:07.737  render           | Time: 00:00.25 (Saving: 00:00.00)
03:07.737  render           | Rendering frame 770
03:07.737  render           | Start rendering: MORI_Assembly_Animation, 视图层
03:07.737  render           | Engine: EEVEE
03:07.790  render           | Fra: 770 | Rendering 1 / 32 samples
03:07.938  render           | Fra: 770 | Rendering 25 / 32 samples
03:07.981  render           | Fra: 770 | Rendering 32 / 32 samples
03:07.995  render           | Video append frame 770
03:07.995  render           | Time: 00:00.25 (Saving: 00:00.00)
03:07.995  render           | Rendering frame 771
03:07.995  render           | Start rendering: MORI_Assembly_Animation, 视图层
03:07.995  render           | Engine: EEVEE
03:08.046  render           | Fra: 771 | Rendering 1 / 32 samples
03:08.195  render           | Fra: 771 | Rendering 25 / 32 samples
03:08.238  render           | Fra: 771 | Rendering 32 / 32 samples
03:08.251  render           | Video append frame 771
03:08.251  render           | Time: 00:00.25 (Saving: 00:00.00)
03:08.251  render           | Rendering frame 772
03:08.251  render           | Start rendering: MORI_Assembly_Animation, 视图层
03:08.251  render           | Engine: EEVEE
03:08.301  render           | Fra: 772 | Rendering 1 / 32 samples
03:08.445  render           | Fra: 772 | Rendering 25 / 32 samples
03:08.486  render           | Fra: 772 | Rendering 32 / 32 samples
03:08.500  render           | Video append frame 772
03:08.500  render           | Time: 00:00.24 (Saving: 00:00.00)
03:08.500  render           | Rendering frame 773
03:08.500  render           | Start rendering: MORI_Assembly_Animation, 视图层
03:08.500  render           | Engine: EEVEE
03:08.552  render           | Fra: 773 | Rendering 1 / 32 samples
03:08.692  render           | Fra: 773 | Rendering 25 / 32 samples
03:08.733  render           | Fra: 773 | Rendering 32 / 32 samples
03:08.747  render           | Video append frame 773
03:08.747  render           | Time: 00:00.24 (Saving: 00:00.00)
03:08.747  render           | Rendering frame 774
03:08.747  render           | Start rendering: MORI_Assembly_Animation, 视图层
03:08.747  render           | Engine: EEVEE
03:08.797  render           | Fra: 774 | Rendering 1 / 32 samples
03:08.937  render           | Fra: 774 | Rendering 25 / 32 samples
03:08.978  render           | Fra: 774 | Rendering 32 / 32 samples
03:08.992  render           | Video append frame 774
03:08.992  render           | Time: 00:00.24 (Saving: 00:00.00)
03:08.992  render           | Rendering frame 775
03:08.992  render           | Start rendering: MORI_Assembly_Animation, 视图层
03:08.992  render           | Engine: EEVEE
03:09.042  render           | Fra: 775 | Rendering 1 / 32 samples
03:09.183  render           | Fra: 775 | Rendering 25 / 32 samples
03:09.224  render           | Fra: 775 | Rendering 32 / 32 samples
03:09.236  render           | Video append frame 775
03:09.236  render           | Time: 00:00.24 (Saving: 00:00.00)
03:09.236  render           | Rendering frame 776
03:09.236  render           | Start rendering: MORI_Assembly_Animation, 视图层
03:09.236  render           | Engine: EEVEE
03:09.286  render           | Fra: 776 | Rendering 1 / 32 samples
03:09.430  render           | Fra: 776 | Rendering 25 / 32 samples
03:09.471  render           | Fra: 776 | Rendering 32 / 32 samples
03:09.483  render           | Video append frame 776
03:09.483  render           | Time: 00:00.24 (Saving: 00:00.00)
03:09.483  render           | Rendering frame 777
03:09.484  render           | Start rendering: MORI_Assembly_Animation, 视图层
03:09.484  render           | Engine: EEVEE
03:09.535  render           | Fra: 777 | Rendering 1 / 32 samples
03:09.672  render           | Fra: 777 | Rendering 25 / 32 samples
03:09.713  render           | Fra: 777 | Rendering 32 / 32 samples
03:09.726  render           | Video append frame 777
03:09.726  render           | Time: 00:00.24 (Saving: 00:00.00)
03:09.726  render           | Rendering frame 778
03:09.726  render           | Start rendering: MORI_Assembly_Animation, 视图层
03:09.726  render           | Engine: EEVEE
03:09.778  render           | Fra: 778 | Rendering 1 / 32 samples
03:09.924  render           | Fra: 778 | Rendering 25 / 32 samples
03:09.967  render           | Fra: 778 | Rendering 32 / 32 samples
03:09.982  render           | Video append frame 778
03:09.982  render           | Time: 00:00.25 (Saving: 00:00.01)
03:09.982  render           | Rendering frame 779
03:09.982  render           | Start rendering: MORI_Assembly_Animation, 视图层
03:09.982  render           | Engine: EEVEE
03:10.033  render           | Fra: 779 | Rendering 1 / 32 samples
03:10.182  render           | Fra: 779 | Rendering 25 / 32 samples
03:10.226  render           | Fra: 779 | Rendering 32 / 32 samples
03:10.239  render           | Video append frame 779
03:10.239  render           | Time: 00:00.25 (Saving: 00:00.00)
03:10.239  render           | Rendering frame 780
03:10.239  render           | Start rendering: MORI_Assembly_Animation, 视图层
03:10.239  render           | Engine: EEVEE
03:10.291  render           | Fra: 780 | Rendering 1 / 32 samples
03:10.438  render           | Fra: 780 | Rendering 25 / 32 samples
03:10.481  render           | Fra: 780 | Rendering 32 / 32 samples
03:10.495  render           | Video append frame 780
03:10.495  render           | Time: 00:00.25 (Saving: 00:00.00)
03:10.495  render           | Rendering frame 781
03:10.495  render           | Start rendering: MORI_Assembly_Animation, 视图层
03:10.495  render           | Engine: EEVEE
03:10.544  render           | Fra: 781 | Rendering 1 / 32 samples
03:10.692  render           | Fra: 781 | Rendering 25 / 32 samples
03:10.736  render           | Fra: 781 | Rendering 32 / 32 samples
03:10.751  render           | Video append frame 781
03:10.751  render           | Time: 00:00.25 (Saving: 00:00.01)
03:10.752  render           | Rendering frame 782
03:10.752  render           | Start rendering: MORI_Assembly_Animation, 视图层
03:10.752  render           | Engine: EEVEE
03:10.805  render           | Fra: 782 | Rendering 1 / 32 samples
03:10.956  render           | Fra: 782 | Rendering 25 / 32 samples
03:11.001  render           | Fra: 782 | Rendering 32 / 32 samples
03:11.017  render           | Video append frame 782
03:11.017  render           | Time: 00:00.26 (Saving: 00:00.01)
03:11.017  render           | Rendering frame 783
03:11.018  render           | Start rendering: MORI_Assembly_Animation, 视图层
03:11.018  render           | Engine: EEVEE
03:11.073  render           | Fra: 783 | Rendering 1 / 32 samples
03:11.222  render           | Fra: 783 | Rendering 25 / 32 samples
03:11.266  render           | Fra: 783 | Rendering 32 / 32 samples
03:11.278  render           | Video append frame 783
03:11.278  render           | Time: 00:00.26 (Saving: 00:00.00)
03:11.279  render           | Rendering frame 784
03:11.279  render           | Start rendering: MORI_Assembly_Animation, 视图层
03:11.279  render           | Engine: EEVEE
03:11.329  render           | Fra: 784 | Rendering 1 / 32 samples
03:11.479  render           | Fra: 784 | Rendering 25 / 32 samples
03:11.521  render           | Fra: 784 | Rendering 32 / 32 samples
03:11.535  render           | Video append frame 784
03:11.536  render           | Time: 00:00.25 (Saving: 00:00.00)
03:11.536  render           | Rendering frame 785
03:11.536  render           | Start rendering: MORI_Assembly_Animation, 视图层
03:11.536  render           | Engine: EEVEE
03:11.588  render           | Fra: 785 | Rendering 1 / 32 samples
03:11.743  render           | Fra: 785 | Rendering 25 / 32 samples
03:11.785  render           | Fra: 785 | Rendering 32 / 32 samples
03:11.798  render           | Video append frame 785
03:11.798  render           | Time: 00:00.26 (Saving: 00:00.00)
03:11.798  render           | Rendering frame 786
03:11.798  render           | Start rendering: MORI_Assembly_Animation, 视图层
03:11.798  render           | Engine: EEVEE
03:11.854  render           | Fra: 786 | Rendering 1 / 32 samples
03:12.003  render           | Fra: 786 | Rendering 25 / 32 samples
03:12.046  render           | Fra: 786 | Rendering 32 / 32 samples
03:12.059  render           | Video append frame 786
03:12.059  render           | Time: 00:00.26 (Saving: 00:00.00)
03:12.059  render           | Rendering frame 787
03:12.059  render           | Start rendering: MORI_Assembly_Animation, 视图层
03:12.059  render           | Engine: EEVEE
03:12.113  render           | Fra: 787 | Rendering 1 / 32 samples
03:12.265  render           | Fra: 787 | Rendering 25 / 32 samples
03:12.308  render           | Fra: 787 | Rendering 32 / 32 samples
03:12.322  render           | Video append frame 787
03:12.322  render           | Time: 00:00.26 (Saving: 00:00.00)
03:12.322  render           | Rendering frame 788
03:12.322  render           | Start rendering: MORI_Assembly_Animation, 视图层
03:12.322  render           | Engine: EEVEE
03:12.375  render           | Fra: 788 | Rendering 1 / 32 samples
03:12.521  render           | Fra: 788 | Rendering 25 / 32 samples
03:12.563  render           | Fra: 788 | Rendering 32 / 32 samples
03:12.575  render           | Video append frame 788
03:12.575  render           | Time: 00:00.25 (Saving: 00:00.00)
03:12.575  render           | Rendering frame 789
03:12.575  render           | Start rendering: MORI_Assembly_Animation, 视图层
03:12.575  render           | Engine: EEVEE
03:12.626  render           | Fra: 789 | Rendering 1 / 32 samples
03:12.777  render           | Fra: 789 | Rendering 25 / 32 samples
03:12.821  render           | Fra: 789 | Rendering 32 / 32 samples
03:12.834  render           | Video append frame 789
03:12.834  render           | Time: 00:00.25 (Saving: 00:00.00)
03:12.834  render           | Rendering frame 790
03:12.834  render           | Start rendering: MORI_Assembly_Animation, 视图层
03:12.834  render           | Engine: EEVEE
03:12.887  render           | Fra: 790 | Rendering 1 / 32 samples
03:13.025  render           | Fra: 790 | Rendering 25 / 32 samples
03:13.065  render           | Fra: 790 | Rendering 32 / 32 samples
03:13.078  render           | Video append frame 790
03:13.078  render           | Time: 00:00.24 (Saving: 00:00.00)
03:13.078  render           | Rendering frame 791
03:13.078  render           | Start rendering: MORI_Assembly_Animation, 视图层
03:13.078  render           | Engine: EEVEE
03:13.125  render           | Fra: 791 | Rendering 1 / 32 samples
03:13.263  render           | Fra: 791 | Rendering 25 / 32 samples
03:13.303  render           | Fra: 791 | Rendering 32 / 32 samples
03:13.312  render           | Video append frame 791
03:13.312  render           | Time: 00:00.23 (Saving: 00:00.00)
03:13.312  render           | Rendering frame 792
03:13.312  render           | Start rendering: MORI_Assembly_Animation, 视图层
03:13.312  render           | Engine: EEVEE
03:13.357  render           | Fra: 792 | Rendering 1 / 32 samples
03:13.482  render           | Fra: 792 | Rendering 25 / 32 samples
03:13.516  render           | Fra: 792 | Rendering 32 / 32 samples
03:13.526  render           | Video append frame 792
03:13.526  render           | Time: 00:00.21 (Saving: 00:00.00)
03:13.526  render           | Rendering frame 793
03:13.526  render           | Start rendering: MORI_Assembly_Animation, 视图层
03:13.526  render           | Engine: EEVEE
03:13.572  render           | Fra: 793 | Rendering 1 / 32 samples
03:13.704  render           | Fra: 793 | Rendering 25 / 32 samples
03:13.742  render           | Fra: 793 | Rendering 32 / 32 samples
03:13.755  render           | Video append frame 793
03:13.755  render           | Time: 00:00.22 (Saving: 00:00.00)
03:13.755  render           | Rendering frame 794
03:13.755  render           | Start rendering: MORI_Assembly_Animation, 视图层
03:13.755  render           | Engine: EEVEE
03:13.804  render           | Fra: 794 | Rendering 1 / 32 samples
03:13.935  render           | Fra: 794 | Rendering 25 / 32 samples
03:13.971  render           | Fra: 794 | Rendering 32 / 32 samples
03:13.982  render           | Video append frame 794
03:13.982  render           | Time: 00:00.22 (Saving: 00:00.00)
03:13.982  render           | Rendering frame 795
03:13.982  render           | Start rendering: MORI_Assembly_Animation, 视图层
03:13.982  render           | Engine: EEVEE
03:14.029  render           | Fra: 795 | Rendering 1 / 32 samples
03:14.161  render           | Fra: 795 | Rendering 25 / 32 samples
03:14.198  render           | Fra: 795 | Rendering 32 / 32 samples
03:14.209  render           | Video append frame 795
03:14.209  render           | Time: 00:00.22 (Saving: 00:00.00)
03:14.209  render           | Rendering frame 796
03:14.209  render           | Start rendering: MORI_Assembly_Animation, 视图层
03:14.209  render           | Engine: EEVEE
03:14.258  render           | Fra: 796 | Rendering 1 / 32 samples
03:14.391  render           | Fra: 796 | Rendering 25 / 32 samples
03:14.431  render           | Fra: 796 | Rendering 32 / 32 samples
03:14.443  render           | Video append frame 796
03:14.443  render           | Time: 00:00.23 (Saving: 00:00.00)
03:14.443  render           | Rendering frame 797
03:14.444  render           | Start rendering: MORI_Assembly_Animation, 视图层
03:14.444  render           | Engine: EEVEE
03:14.491  render           | Fra: 797 | Rendering 1 / 32 samples
03:14.627  render           | Fra: 797 | Rendering 25 / 32 samples
03:14.668  render           | Fra: 797 | Rendering 32 / 32 samples
03:14.681  render           | Video append frame 797
03:14.681  render           | Time: 00:00.23 (Saving: 00:00.00)
03:14.681  render           | Rendering frame 798
03:14.681  render           | Start rendering: MORI_Assembly_Animation, 视图层
03:14.681  render           | Engine: EEVEE
03:14.735  render           | Fra: 798 | Rendering 1 / 32 samples
03:14.882  render           | Fra: 798 | Rendering 25 / 32 samples
03:14.923  render           | Fra: 798 | Rendering 32 / 32 samples
03:14.937  render           | Video append frame 798
03:14.937  render           | Time: 00:00.25 (Saving: 00:00.00)
03:14.937  render           | Rendering frame 799
03:14.937  render           | Start rendering: MORI_Assembly_Animation, 视图层
03:14.937  render           | Engine: EEVEE
03:14.992  render           | Fra: 799 | Rendering 1 / 32 samples
03:15.138  render           | Fra: 799 | Rendering 25 / 32 samples
03:15.182  render           | Fra: 799 | Rendering 32 / 32 samples
03:15.193  render           | Video append frame 799
03:15.193  render           | Time: 00:00.25 (Saving: 00:00.00)
03:15.193  render           | Rendering frame 800
03:15.193  render           | Start rendering: MORI_Assembly_Animation, 视图层
03:15.193  render           | Engine: EEVEE
03:15.244  render           | Fra: 800 | Rendering 1 / 32 samples
03:15.390  render           | Fra: 800 | Rendering 25 / 32 samples
03:15.432  render           | Fra: 800 | Rendering 32 / 32 samples
03:15.443  render           | Video append frame 800
03:15.443  render           | Time: 00:00.25 (Saving: 00:00.00)
03:15.443  render           | Rendering frame 801
03:15.443  render           | Start rendering: MORI_Assembly_Animation, 视图层
03:15.443  render           | Engine: EEVEE
03:15.493  render           | Fra: 801 | Rendering 1 / 32 samples
03:15.642  render           | Fra: 801 | Rendering 25 / 32 samples
03:15.685  render           | Fra: 801 | Rendering 32 / 32 samples
03:15.695  render           | Video append frame 801
03:15.695  render           | Time: 00:00.25 (Saving: 00:00.00)
03:15.695  render           | Rendering frame 802
03:15.695  render           | Start rendering: MORI_Assembly_Animation, 视图层
03:15.695  render           | Engine: EEVEE
03:15.746  render           | Fra: 802 | Rendering 1 / 32 samples
03:15.896  render           | Fra: 802 | Rendering 25 / 32 samples
03:15.941  render           | Fra: 802 | Rendering 32 / 32 samples
03:15.954  render           | Video append frame 802
03:15.954  render           | Time: 00:00.25 (Saving: 00:00.00)
03:15.954  render           | Rendering frame 803
03:15.954  render           | Start rendering: MORI_Assembly_Animation, 视图层
03:15.954  render           | Engine: EEVEE
03:16.004  render           | Fra: 803 | Rendering 1 / 32 samples
03:16.155  render           | Fra: 803 | Rendering 25 / 32 samples
03:16.198  render           | Fra: 803 | Rendering 32 / 32 samples
03:16.210  render           | Video append frame 803
03:16.210  render           | Time: 00:00.25 (Saving: 00:00.00)
03:16.210  render           | Rendering frame 804
03:16.210  render           | Start rendering: MORI_Assembly_Animation, 视图层
03:16.210  render           | Engine: EEVEE
03:16.262  render           | Fra: 804 | Rendering 1 / 32 samples
03:16.410  render           | Fra: 804 | Rendering 25 / 32 samples
03:16.453  render           | Fra: 804 | Rendering 32 / 32 samples
03:16.467  render           | Video append frame 804
03:16.467  render           | Time: 00:00.25 (Saving: 00:00.00)
03:16.467  render           | Rendering frame 805
03:16.467  render           | Start rendering: MORI_Assembly_Animation, 视图层
03:16.467  render           | Engine: EEVEE
03:16.521  render           | Fra: 805 | Rendering 1 / 32 samples
03:16.665  render           | Fra: 805 | Rendering 25 / 32 samples
03:16.706  render           | Fra: 805 | Rendering 32 / 32 samples
03:16.719  render           | Video append frame 805
03:16.719  render           | Time: 00:00.25 (Saving: 00:00.00)
03:16.719  render           | Rendering frame 806
03:16.719  render           | Start rendering: MORI_Assembly_Animation, 视图层
03:16.719  render           | Engine: EEVEE
03:16.771  render           | Fra: 806 | Rendering 1 / 32 samples
03:16.912  render           | Fra: 806 | Rendering 25 / 32 samples
03:16.953  render           | Fra: 806 | Rendering 32 / 32 samples
03:16.965  render           | Video append frame 806
03:16.965  render           | Time: 00:00.24 (Saving: 00:00.00)
03:16.965  render           | Rendering frame 807
03:16.966  render           | Start rendering: MORI_Assembly_Animation, 视图层
03:16.966  render           | Engine: EEVEE
03:17.019  render           | Fra: 807 | Rendering 1 / 32 samples
03:17.157  render           | Fra: 807 | Rendering 25 / 32 samples
03:17.198  render           | Fra: 807 | Rendering 32 / 32 samples
03:17.209  render           | Video append frame 807
03:17.210  render           | Time: 00:00.24 (Saving: 00:00.00)
03:17.210  render           | Rendering frame 808
03:17.210  render           | Start rendering: MORI_Assembly_Animation, 视图层
03:17.210  render           | Engine: EEVEE
03:17.261  render           | Fra: 808 | Rendering 1 / 32 samples
03:17.405  render           | Fra: 808 | Rendering 25 / 32 samples
03:17.446  render           | Fra: 808 | Rendering 32 / 32 samples
03:17.459  render           | Video append frame 808
03:17.459  render           | Time: 00:00.24 (Saving: 00:00.00)
03:17.459  render           | Rendering frame 809
03:17.459  render           | Start rendering: MORI_Assembly_Animation, 视图层
03:17.459  render           | Engine: EEVEE
03:17.510  render           | Fra: 809 | Rendering 1 / 32 samples
03:17.654  render           | Fra: 809 | Rendering 25 / 32 samples
03:17.694  render           | Fra: 809 | Rendering 32 / 32 samples
03:17.709  render           | Video append frame 809
03:17.709  render           | Time: 00:00.25 (Saving: 00:00.00)
03:17.709  render           | Rendering frame 810
03:17.709  render           | Start rendering: MORI_Assembly_Animation, 视图层
03:17.709  render           | Engine: EEVEE
03:17.759  render           | Fra: 810 | Rendering 1 / 32 samples
03:17.904  render           | Fra: 810 | Rendering 25 / 32 samples
03:17.946  render           | Fra: 810 | Rendering 32 / 32 samples
03:17.959  render           | Video append frame 810
03:17.959  render           | Time: 00:00.25 (Saving: 00:00.00)
03:17.959  render           | Rendering frame 811
03:17.960  render           | Start rendering: MORI_Assembly_Animation, 视图层
03:17.960  render           | Engine: EEVEE
03:18.010  render           | Fra: 811 | Rendering 1 / 32 samples
03:18.162  render           | Fra: 811 | Rendering 25 / 32 samples
03:18.205  render           | Fra: 811 | Rendering 32 / 32 samples
03:18.218  render           | Video append frame 811
03:18.219  render           | Time: 00:00.25 (Saving: 00:00.00)
03:18.219  render           | Rendering frame 812
03:18.219  render           | Start rendering: MORI_Assembly_Animation, 视图层
03:18.219  render           | Engine: EEVEE
03:18.268  render           | Fra: 812 | Rendering 1 / 32 samples
03:18.422  render           | Fra: 812 | Rendering 25 / 32 samples
03:18.468  render           | Fra: 812 | Rendering 32 / 32 samples
03:18.483  render           | Video append frame 812
03:18.483  render           | Time: 00:00.26 (Saving: 00:00.00)
03:18.483  render           | Rendering frame 813
03:18.483  render           | Start rendering: MORI_Assembly_Animation, 视图层
03:18.483  render           | Engine: EEVEE
03:18.534  render           | Fra: 813 | Rendering 1 / 32 samples
03:18.690  render           | Fra: 813 | Rendering 25 / 32 samples
03:18.735  render           | Fra: 813 | Rendering 32 / 32 samples
03:18.750  render           | Video append frame 813
03:18.750  render           | Time: 00:00.26 (Saving: 00:00.01)
03:18.750  render           | Rendering frame 814
03:18.751  render           | Start rendering: MORI_Assembly_Animation, 视图层
03:18.751  render           | Engine: EEVEE
03:18.805  render           | Fra: 814 | Rendering 1 / 32 samples
03:18.954  render           | Fra: 814 | Rendering 25 / 32 samples
03:18.997  render           | Fra: 814 | Rendering 32 / 32 samples
03:19.010  render           | Video append frame 814
03:19.010  render           | Time: 00:00.25 (Saving: 00:00.00)
03:19.010  render           | Rendering frame 815
03:19.010  render           | Start rendering: MORI_Assembly_Animation, 视图层
03:19.010  render           | Engine: EEVEE
03:19.061  render           | Fra: 815 | Rendering 1 / 32 samples
03:19.210  render           | Fra: 815 | Rendering 25 / 32 samples
03:19.253  render           | Fra: 815 | Rendering 32 / 32 samples
03:19.266  render           | Video append frame 815
03:19.266  render           | Time: 00:00.25 (Saving: 00:00.00)
03:19.266  render           | Rendering frame 816
03:19.266  render           | Start rendering: MORI_Assembly_Animation, 视图层
03:19.266  render           | Engine: EEVEE
03:19.316  render           | Fra: 816 | Rendering 1 / 32 samples
03:19.463  render           | Fra: 816 | Rendering 25 / 32 samples
03:19.506  render           | Fra: 816 | Rendering 32 / 32 samples
03:19.519  render           | Video append frame 816
03:19.519  render           | Time: 00:00.25 (Saving: 00:00.00)
03:19.519  render           | Rendering frame 817
03:19.520  render           | Start rendering: MORI_Assembly_Animation, 视图层
03:19.520  render           | Engine: EEVEE
03:19.577  render           | Fra: 817 | Rendering 1 / 32 samples
03:19.729  render           | Fra: 817 | Rendering 25 / 32 samples
03:19.770  render           | Fra: 817 | Rendering 32 / 32 samples
03:19.783  render           | Video append frame 817
03:19.783  render           | Time: 00:00.26 (Saving: 00:00.00)
03:19.783  render           | Rendering frame 818
03:19.783  render           | Start rendering: MORI_Assembly_Animation, 视图层
03:19.783  render           | Engine: EEVEE
03:19.835  render           | Fra: 818 | Rendering 1 / 32 samples
03:19.979  render           | Fra: 818 | Rendering 25 / 32 samples
03:20.022  render           | Fra: 818 | Rendering 32 / 32 samples
03:20.036  render           | Video append frame 818
03:20.036  render           | Time: 00:00.25 (Saving: 00:00.00)
03:20.036  render           | Rendering frame 819
03:20.036  render           | Start rendering: MORI_Assembly_Animation, 视图层
03:20.036  render           | Engine: EEVEE
03:20.121  render           | Fra: 819 | Rendering 1 / 32 samples
03:20.289  render           | Fra: 819 | Rendering 25 / 32 samples
03:20.335  render           | Fra: 819 | Rendering 32 / 32 samples
03:20.349  render           | Video append frame 819
03:20.349  render           | Time: 00:00.31 (Saving: 00:00.00)
03:20.349  render           | Rendering frame 820
03:20.349  render           | Start rendering: MORI_Assembly_Animation, 视图层
03:20.349  render           | Engine: EEVEE
03:20.404  render           | Fra: 820 | Rendering 1 / 32 samples
03:20.557  render           | Fra: 820 | Rendering 25 / 32 samples
03:20.601  render           | Fra: 820 | Rendering 32 / 32 samples
03:20.615  render           | Video append frame 820
03:20.615  render           | Time: 00:00.26 (Saving: 00:00.00)
03:20.615  render           | Rendering frame 821
03:20.615  render           | Start rendering: MORI_Assembly_Animation, 视图层
03:20.615  render           | Engine: EEVEE
03:20.672  render           | Fra: 821 | Rendering 1 / 32 samples
03:20.821  render           | Fra: 821 | Rendering 25 / 32 samples
03:20.864  render           | Fra: 821 | Rendering 32 / 32 samples
03:20.879  render           | Video append frame 821
03:20.879  render           | Time: 00:00.26 (Saving: 00:00.00)
03:20.879  render           | Rendering frame 822
03:20.879  render           | Start rendering: MORI_Assembly_Animation, 视图层
03:20.879  render           | Engine: EEVEE
03:20.936  render           | Fra: 822 | Rendering 1 / 32 samples
03:21.079  render           | Fra: 822 | Rendering 25 / 32 samples
03:21.122  render           | Fra: 822 | Rendering 32 / 32 samples
03:21.134  render           | Video append frame 822
03:21.134  render           | Time: 00:00.25 (Saving: 00:00.00)
03:21.134  render           | Rendering frame 823
03:21.134  render           | Start rendering: MORI_Assembly_Animation, 视图层
03:21.134  render           | Engine: EEVEE
03:21.192  render           | Fra: 823 | Rendering 1 / 32 samples
03:21.340  render           | Fra: 823 | Rendering 25 / 32 samples
03:21.382  render           | Fra: 823 | Rendering 32 / 32 samples
03:21.399  render           | Video append frame 823
03:21.399  render           | Time: 00:00.26 (Saving: 00:00.01)
03:21.399  render           | Rendering frame 824
03:21.399  render           | Start rendering: MORI_Assembly_Animation, 视图层
03:21.399  render           | Engine: EEVEE
03:21.449  render           | Fra: 824 | Rendering 1 / 32 samples
03:21.595  render           | Fra: 824 | Rendering 25 / 32 samples
03:21.638  render           | Fra: 824 | Rendering 32 / 32 samples
03:21.652  render           | Video append frame 824
03:21.652  render           | Time: 00:00.25 (Saving: 00:00.00)
03:21.652  render           | Rendering frame 825
03:21.652  render           | Start rendering: MORI_Assembly_Animation, 视图层
03:21.652  render           | Engine: EEVEE
03:21.705  render           | Fra: 825 | Rendering 1 / 32 samples
03:21.853  render           | Fra: 825 | Rendering 25 / 32 samples
03:21.896  render           | Fra: 825 | Rendering 32 / 32 samples
03:21.910  render           | Video append frame 825
03:21.911  render           | Time: 00:00.25 (Saving: 00:00.01)
03:21.911  render           | Rendering frame 826
03:21.911  render           | Start rendering: MORI_Assembly_Animation, 视图层
03:21.911  render           | Engine: EEVEE
03:21.966  render           | Fra: 826 | Rendering 1 / 32 samples
03:22.114  render           | Fra: 826 | Rendering 25 / 32 samples
03:22.156  render           | Fra: 826 | Rendering 32 / 32 samples
03:22.165  render           | Video append frame 826
03:22.165  render           | Time: 00:00.25 (Saving: 00:00.00)
03:22.165  render           | Rendering frame 827
03:22.166  render           | Start rendering: MORI_Assembly_Animation, 视图层
03:22.166  render           | Engine: EEVEE
03:22.222  render           | Fra: 827 | Rendering 1 / 32 samples
03:22.368  render           | Fra: 827 | Rendering 25 / 32 samples
03:22.409  render           | Fra: 827 | Rendering 32 / 32 samples
03:22.422  render           | Video append frame 827
03:22.422  render           | Time: 00:00.25 (Saving: 00:00.00)
03:22.422  render           | Rendering frame 828
03:22.422  render           | Start rendering: MORI_Assembly_Animation, 视图层
03:22.422  render           | Engine: EEVEE
03:22.472  render           | Fra: 828 | Rendering 1 / 32 samples
03:22.623  render           | Fra: 828 | Rendering 25 / 32 samples
03:22.668  render           | Fra: 828 | Rendering 32 / 32 samples
03:22.682  render           | Video append frame 828
03:22.682  render           | Time: 00:00.25 (Saving: 00:00.00)
03:22.682  render           | Rendering frame 829
03:22.682  render           | Start rendering: MORI_Assembly_Animation, 视图层
03:22.682  render           | Engine: EEVEE
03:22.738  render           | Fra: 829 | Rendering 1 / 32 samples
03:22.886  render           | Fra: 829 | Rendering 25 / 32 samples
03:22.927  render           | Fra: 829 | Rendering 32 / 32 samples
03:22.939  render           | Video append frame 829
03:22.939  render           | Time: 00:00.25 (Saving: 00:00.00)
03:22.939  render           | Rendering frame 830
03:22.939  render           | Start rendering: MORI_Assembly_Animation, 视图层
03:22.939  render           | Engine: EEVEE
03:22.993  render           | Fra: 830 | Rendering 1 / 32 samples
03:23.138  render           | Fra: 830 | Rendering 25 / 32 samples
03:23.183  render           | Fra: 830 | Rendering 32 / 32 samples
03:23.196  render           | Video append frame 830
03:23.196  render           | Time: 00:00.25 (Saving: 00:00.00)
03:23.196  render           | Rendering frame 831
03:23.196  render           | Start rendering: MORI_Assembly_Animation, 视图层
03:23.196  render           | Engine: EEVEE
03:23.247  render           | Fra: 831 | Rendering 1 / 32 samples
03:23.394  render           | Fra: 831 | Rendering 25 / 32 samples
03:23.436  render           | Fra: 831 | Rendering 32 / 32 samples
03:23.450  render           | Video append frame 831
03:23.450  render           | Time: 00:00.25 (Saving: 00:00.00)
03:23.450  render           | Rendering frame 832
03:23.450  render           | Start rendering: MORI_Assembly_Animation, 视图层
03:23.450  render           | Engine: EEVEE
03:23.500  render           | Fra: 832 | Rendering 1 / 32 samples
03:23.646  render           | Fra: 832 | Rendering 25 / 32 samples
03:23.691  render           | Fra: 832 | Rendering 32 / 32 samples
03:23.712  render           | Video append frame 832
03:23.712  render           | Time: 00:00.26 (Saving: 00:00.01)
03:23.712  render           | Rendering frame 833
03:23.712  render           | Start rendering: MORI_Assembly_Animation, 视图层
03:23.712  render           | Engine: EEVEE
03:23.768  render           | Fra: 833 | Rendering 1 / 32 samples
03:23.913  render           | Fra: 833 | Rendering 25 / 32 samples
03:23.954  render           | Fra: 833 | Rendering 32 / 32 samples
03:23.968  render           | Video append frame 833
03:23.968  render           | Time: 00:00.25 (Saving: 00:00.00)
03:23.968  render           | Rendering frame 834
03:23.968  render           | Start rendering: MORI_Assembly_Animation, 视图层
03:23.968  render           | Engine: EEVEE
03:24.020  render           | Fra: 834 | Rendering 1 / 32 samples
03:24.165  render           | Fra: 834 | Rendering 25 / 32 samples
03:24.207  render           | Fra: 834 | Rendering 32 / 32 samples
03:24.219  render           | Video append frame 834
03:24.219  render           | Time: 00:00.25 (Saving: 00:00.00)
03:24.219  render           | Rendering frame 835
03:24.219  render           | Start rendering: MORI_Assembly_Animation, 视图层
03:24.219  render           | Engine: EEVEE
03:24.271  render           | Fra: 835 | Rendering 1 / 32 samples
03:24.414  render           | Fra: 835 | Rendering 25 / 32 samples
03:24.456  render           | Fra: 835 | Rendering 32 / 32 samples
03:24.470  render           | Video append frame 835
03:24.470  render           | Time: 00:00.25 (Saving: 00:00.00)
03:24.470  render           | Rendering frame 836
03:24.470  render           | Start rendering: MORI_Assembly_Animation, 视图层
03:24.470  render           | Engine: EEVEE
03:24.523  render           | Fra: 836 | Rendering 1 / 32 samples
03:24.674  render           | Fra: 836 | Rendering 25 / 32 samples
03:24.716  render           | Fra: 836 | Rendering 32 / 32 samples
03:24.731  render           | Video append frame 836
03:24.731  render           | Time: 00:00.26 (Saving: 00:00.00)
03:24.731  render           | Rendering frame 837
03:24.731  render           | Start rendering: MORI_Assembly_Animation, 视图层
03:24.731  render           | Engine: EEVEE
03:24.784  render           | Fra: 837 | Rendering 1 / 32 samples
03:24.930  render           | Fra: 837 | Rendering 25 / 32 samples
03:24.973  render           | Fra: 837 | Rendering 32 / 32 samples
03:24.986  render           | Video append frame 837
03:24.986  render           | Time: 00:00.25 (Saving: 00:00.00)
03:24.986  render           | Rendering frame 838
03:24.986  render           | Start rendering: MORI_Assembly_Animation, 视图层
03:24.986  render           | Engine: EEVEE
03:25.040  render           | Fra: 838 | Rendering 1 / 32 samples
03:25.182  render           | Fra: 838 | Rendering 25 / 32 samples
03:25.224  render           | Fra: 838 | Rendering 32 / 32 samples
03:25.236  render           | Video append frame 838
03:25.236  render           | Time: 00:00.24 (Saving: 00:00.00)
03:25.236  render           | Rendering frame 839
03:25.236  render           | Start rendering: MORI_Assembly_Animation, 视图层
03:25.236  render           | Engine: EEVEE
03:25.289  render           | Fra: 839 | Rendering 1 / 32 samples
03:25.435  render           | Fra: 839 | Rendering 25 / 32 samples
03:25.476  render           | Fra: 839 | Rendering 32 / 32 samples
03:25.490  render           | Video append frame 839
03:25.490  render           | Time: 00:00.25 (Saving: 00:00.00)
03:25.490  render           | Rendering frame 840
03:25.491  render           | Start rendering: MORI_Assembly_Animation, 视图层
03:25.491  render           | Engine: EEVEE
03:25.542  render           | Fra: 840 | Rendering 1 / 32 samples
03:25.685  render           | Fra: 840 | Rendering 25 / 32 samples
03:25.725  render           | Fra: 840 | Rendering 32 / 32 samples
03:25.736  render           | Video append frame 840
03:25.736  render           | Time: 00:00.24 (Saving: 00:00.00)
03:25.736  render           | Rendering frame 841
03:25.736  render           | Start rendering: MORI_Assembly_Animation, 视图层
03:25.736  render           | Engine: EEVEE
03:25.785  render           | Fra: 841 | Rendering 1 / 32 samples
03:25.928  render           | Fra: 841 | Rendering 25 / 32 samples
03:25.972  render           | Fra: 841 | Rendering 32 / 32 samples
03:25.985  render           | Video append frame 841
03:25.985  render           | Time: 00:00.24 (Saving: 00:00.00)
03:25.985  render           | Rendering frame 842
03:25.985  render           | Start rendering: MORI_Assembly_Animation, 视图层
03:25.985  render           | Engine: EEVEE
03:26.037  render           | Fra: 842 | Rendering 1 / 32 samples
03:26.181  render           | Fra: 842 | Rendering 25 / 32 samples
03:26.222  render           | Fra: 842 | Rendering 32 / 32 samples
03:26.235  render           | Video append frame 842
03:26.235  render           | Time: 00:00.25 (Saving: 00:00.00)
03:26.235  render           | Rendering frame 843
03:26.235  render           | Start rendering: MORI_Assembly_Animation, 视图层
03:26.235  render           | Engine: EEVEE
03:26.286  render           | Fra: 843 | Rendering 1 / 32 samples
03:26.430  render           | Fra: 843 | Rendering 25 / 32 samples
03:26.473  render           | Fra: 843 | Rendering 32 / 32 samples
03:26.486  render           | Video append frame 843
03:26.486  render           | Time: 00:00.25 (Saving: 00:00.00)
03:26.486  render           | Rendering frame 844
03:26.486  render           | Start rendering: MORI_Assembly_Animation, 视图层
03:26.486  render           | Engine: EEVEE
03:26.537  render           | Fra: 844 | Rendering 1 / 32 samples
03:26.681  render           | Fra: 844 | Rendering 25 / 32 samples
03:26.723  render           | Fra: 844 | Rendering 32 / 32 samples
03:26.737  render           | Video append frame 844
03:26.737  render           | Time: 00:00.25 (Saving: 00:00.00)
03:26.737  render           | Rendering frame 845
03:26.737  render           | Start rendering: MORI_Assembly_Animation, 视图层
03:26.737  render           | Engine: EEVEE
03:26.790  render           | Fra: 845 | Rendering 1 / 32 samples
03:26.936  render           | Fra: 845 | Rendering 25 / 32 samples
03:26.980  render           | Fra: 845 | Rendering 32 / 32 samples
03:26.994  render           | Video append frame 845
03:26.994  render           | Time: 00:00.25 (Saving: 00:00.00)
03:26.994  render           | Rendering frame 846
03:26.994  render           | Start rendering: MORI_Assembly_Animation, 视图层
03:26.994  render           | Engine: EEVEE
03:27.046  render           | Fra: 846 | Rendering 1 / 32 samples
03:27.187  render           | Fra: 846 | Rendering 25 / 32 samples
03:27.228  render           | Fra: 846 | Rendering 32 / 32 samples
03:27.241  render           | Video append frame 846
03:27.241  render           | Time: 00:00.24 (Saving: 00:00.00)
03:27.241  render           | Rendering frame 847
03:27.241  render           | Start rendering: MORI_Assembly_Animation, 视图层
03:27.241  render           | Engine: EEVEE
03:27.293  render           | Fra: 847 | Rendering 1 / 32 samples
03:27.440  render           | Fra: 847 | Rendering 25 / 32 samples
03:27.483  render           | Fra: 847 | Rendering 32 / 32 samples
03:27.496  render           | Video append frame 847
03:27.496  render           | Time: 00:00.25 (Saving: 00:00.00)
03:27.496  render           | Rendering frame 848
03:27.496  render           | Start rendering: MORI_Assembly_Animation, 视图层
03:27.496  render           | Engine: EEVEE
03:27.547  render           | Fra: 848 | Rendering 1 / 32 samples
03:27.700  render           | Fra: 848 | Rendering 25 / 32 samples
03:27.748  render           | Fra: 848 | Rendering 32 / 32 samples
03:27.765  render           | Video append frame 848
03:27.765  render           | Time: 00:00.26 (Saving: 00:00.00)
03:27.765  render           | Rendering frame 849
03:27.765  render           | Start rendering: MORI_Assembly_Animation, 视图层
03:27.765  render           | Engine: EEVEE
03:27.818  render           | Fra: 849 | Rendering 1 / 32 samples
03:27.970  render           | Fra: 849 | Rendering 25 / 32 samples
03:28.014  render           | Fra: 849 | Rendering 32 / 32 samples
03:28.030  render           | Video append frame 849
03:28.030  render           | Time: 00:00.26 (Saving: 00:00.01)
03:28.030  render           | Rendering frame 850
03:28.030  render           | Start rendering: MORI_Assembly_Animation, 视图层
03:28.030  render           | Engine: EEVEE
03:28.082  render           | Fra: 850 | Rendering 1 / 32 samples
03:28.231  render           | Fra: 850 | Rendering 25 / 32 samples
03:28.274  render           | Fra: 850 | Rendering 32 / 32 samples
03:28.289  render           | Video append frame 850
03:28.289  render           | Time: 00:00.25 (Saving: 00:00.00)
03:28.289  render           | Rendering frame 851
03:28.289  render           | Start rendering: MORI_Assembly_Animation, 视图层
03:28.289  render           | Engine: EEVEE
03:28.339  render           | Fra: 851 | Rendering 1 / 32 samples
03:28.488  render           | Fra: 851 | Rendering 25 / 32 samples
03:28.532  render           | Fra: 851 | Rendering 32 / 32 samples
03:28.546  render           | Video append frame 851
03:28.546  render           | Time: 00:00.25 (Saving: 00:00.00)
03:28.546  render           | Rendering frame 852
03:28.546  render           | Start rendering: MORI_Assembly_Animation, 视图层
03:28.546  render           | Engine: EEVEE
03:28.596  render           | Fra: 852 | Rendering 1 / 32 samples
03:28.751  render           | Fra: 852 | Rendering 25 / 32 samples
03:28.798  render           | Fra: 852 | Rendering 32 / 32 samples
03:28.813  render           | Video append frame 852
03:28.813  render           | Time: 00:00.26 (Saving: 00:00.00)
03:28.813  render           | Rendering frame 853
03:28.814  render           | Start rendering: MORI_Assembly_Animation, 视图层
03:28.814  render           | Engine: EEVEE
03:28.865  render           | Fra: 853 | Rendering 1 / 32 samples
03:29.024  render           | Fra: 853 | Rendering 25 / 32 samples
03:29.069  render           | Fra: 853 | Rendering 32 / 32 samples
03:29.083  render           | Video append frame 853
03:29.083  render           | Time: 00:00.26 (Saving: 00:00.00)
03:29.083  render           | Rendering frame 854
03:29.083  render           | Start rendering: MORI_Assembly_Animation, 视图层
03:29.083  render           | Engine: EEVEE
03:29.135  render           | Fra: 854 | Rendering 1 / 32 samples
03:29.282  render           | Fra: 854 | Rendering 25 / 32 samples
03:29.326  render           | Fra: 854 | Rendering 32 / 32 samples
03:29.340  render           | Video append frame 854
03:29.341  render           | Time: 00:00.25 (Saving: 00:00.00)
03:29.341  render           | Rendering frame 855
03:29.341  render           | Start rendering: MORI_Assembly_Animation, 视图层
03:29.341  render           | Engine: EEVEE
03:29.391  render           | Fra: 855 | Rendering 1 / 32 samples
03:29.539  render           | Fra: 855 | Rendering 25 / 32 samples
03:29.586  render           | Fra: 855 | Rendering 32 / 32 samples
03:29.602  render           | Video append frame 855
03:29.602  render           | Time: 00:00.26 (Saving: 00:00.01)
03:29.602  render           | Rendering frame 856
03:29.602  render           | Start rendering: MORI_Assembly_Animation, 视图层
03:29.602  render           | Engine: EEVEE
03:29.654  render           | Fra: 856 | Rendering 1 / 32 samples
03:29.813  render           | Fra: 856 | Rendering 25 / 32 samples
03:29.856  render           | Fra: 856 | Rendering 32 / 32 samples
03:29.871  render           | Video append frame 856
03:29.871  render           | Time: 00:00.26 (Saving: 00:00.01)
03:29.871  render           | Rendering frame 857
03:29.872  render           | Start rendering: MORI_Assembly_Animation, 视图层
03:29.872  render           | Engine: EEVEE
03:29.923  render           | Fra: 857 | Rendering 1 / 32 samples
03:30.072  render           | Fra: 857 | Rendering 25 / 32 samples
03:30.122  render           | Fra: 857 | Rendering 32 / 32 samples
03:30.137  render           | Video append frame 857
03:30.137  render           | Time: 00:00.26 (Saving: 00:00.00)
03:30.137  render           | Rendering frame 858
03:30.137  render           | Start rendering: MORI_Assembly_Animation, 视图层
03:30.137  render           | Engine: EEVEE
03:30.190  render           | Fra: 858 | Rendering 1 / 32 samples
03:30.344  render           | Fra: 858 | Rendering 25 / 32 samples
03:30.387  render           | Fra: 858 | Rendering 32 / 32 samples
03:30.399  render           | Video append frame 858
03:30.399  render           | Time: 00:00.26 (Saving: 00:00.00)
03:30.399  render           | Rendering frame 859
03:30.399  render           | Start rendering: MORI_Assembly_Animation, 视图层
03:30.399  render           | Engine: EEVEE
03:30.450  render           | Fra: 859 | Rendering 1 / 32 samples
03:30.598  render           | Fra: 859 | Rendering 25 / 32 samples
03:30.646  render           | Fra: 859 | Rendering 32 / 32 samples
03:30.660  render           | Video append frame 859
03:30.660  render           | Time: 00:00.26 (Saving: 00:00.00)
03:30.660  render           | Rendering frame 860
03:30.660  render           | Start rendering: MORI_Assembly_Animation, 视图层
03:30.660  render           | Engine: EEVEE
03:30.710  render           | Fra: 860 | Rendering 1 / 32 samples
03:30.863  render           | Fra: 860 | Rendering 25 / 32 samples
03:30.907  render           | Fra: 860 | Rendering 32 / 32 samples
03:30.924  render           | Video append frame 860
03:30.924  render           | Time: 00:00.26 (Saving: 00:00.01)
03:30.925  render           | Rendering frame 861
03:30.925  render           | Start rendering: MORI_Assembly_Animation, 视图层
03:30.925  render           | Engine: EEVEE
03:30.976  render           | Fra: 861 | Rendering 1 / 32 samples
03:31.125  render           | Fra: 861 | Rendering 25 / 32 samples
03:31.172  render           | Fra: 861 | Rendering 32 / 32 samples
03:31.185  render           | Video append frame 861
03:31.185  render           | Time: 00:00.26 (Saving: 00:00.00)
03:31.185  render           | Rendering frame 862
03:31.186  render           | Start rendering: MORI_Assembly_Animation, 视图层
03:31.186  render           | Engine: EEVEE
03:31.238  render           | Fra: 862 | Rendering 1 / 32 samples
03:31.388  render           | Fra: 862 | Rendering 25 / 32 samples
03:31.432  render           | Fra: 862 | Rendering 32 / 32 samples
03:31.446  render           | Video append frame 862
03:31.446  render           | Time: 00:00.26 (Saving: 00:00.00)
03:31.446  render           | Rendering frame 863
03:31.446  render           | Start rendering: MORI_Assembly_Animation, 视图层
03:31.446  render           | Engine: EEVEE
03:31.499  render           | Fra: 863 | Rendering 1 / 32 samples
03:31.646  render           | Fra: 863 | Rendering 25 / 32 samples
03:31.691  render           | Fra: 863 | Rendering 32 / 32 samples
03:31.705  render           | Video append frame 863
03:31.705  render           | Time: 00:00.25 (Saving: 00:00.00)
03:31.705  render           | Rendering frame 864
03:31.705  render           | Start rendering: MORI_Assembly_Animation, 视图层
03:31.705  render           | Engine: EEVEE
03:31.760  render           | Fra: 864 | Rendering 1 / 32 samples
03:31.910  render           | Fra: 864 | Rendering 25 / 32 samples
03:31.956  render           | Fra: 864 | Rendering 32 / 32 samples
03:31.973  render           | Video append frame 864
03:31.973  render           | Time: 00:00.26 (Saving: 00:00.01)
03:31.973  render           | Rendering frame 865
03:31.973  render           | Start rendering: MORI_Assembly_Animation, 视图层
03:31.973  render           | Engine: EEVEE
03:32.030  render           | Fra: 865 | Rendering 1 / 32 samples
03:32.180  render           | Fra: 865 | Rendering 25 / 32 samples
03:32.224  render           | Fra: 865 | Rendering 32 / 32 samples
03:32.238  render           | Video append frame 865
03:32.238  render           | Time: 00:00.26 (Saving: 00:00.01)
03:32.238  render           | Rendering frame 866
03:32.239  render           | Start rendering: MORI_Assembly_Animation, 视图层
03:32.239  render           | Engine: EEVEE
03:32.288  render           | Fra: 866 | Rendering 1 / 32 samples
03:32.439  render           | Fra: 866 | Rendering 25 / 32 samples
03:32.483  render           | Fra: 866 | Rendering 32 / 32 samples
03:32.494  render           | Video append frame 866
03:32.494  render           | Time: 00:00.25 (Saving: 00:00.00)
03:32.494  render           | Rendering frame 867
03:32.495  render           | Start rendering: MORI_Assembly_Animation, 视图层
03:32.495  render           | Engine: EEVEE
03:32.548  render           | Fra: 867 | Rendering 1 / 32 samples
03:32.704  render           | Fra: 867 | Rendering 25 / 32 samples
03:32.747  render           | Fra: 867 | Rendering 32 / 32 samples
03:32.758  render           | Video append frame 867
03:32.758  render           | Time: 00:00.26 (Saving: 00:00.00)
03:32.758  render           | Rendering frame 868
03:32.759  render           | Start rendering: MORI_Assembly_Animation, 视图层
03:32.759  render           | Engine: EEVEE
03:32.813  render           | Fra: 868 | Rendering 1 / 32 samples
03:32.961  render           | Fra: 868 | Rendering 25 / 32 samples
03:33.004  render           | Fra: 868 | Rendering 32 / 32 samples
03:33.014  render           | Video append frame 868
03:33.014  render           | Time: 00:00.25 (Saving: 00:00.00)
03:33.014  render           | Rendering frame 869
03:33.015  render           | Start rendering: MORI_Assembly_Animation, 视图层
03:33.015  render           | Engine: EEVEE
03:33.070  render           | Fra: 869 | Rendering 1 / 32 samples
03:33.221  render           | Fra: 869 | Rendering 25 / 32 samples
03:33.264  render           | Fra: 869 | Rendering 32 / 32 samples
03:33.277  render           | Video append frame 869
03:33.277  render           | Time: 00:00.26 (Saving: 00:00.00)
03:33.277  render           | Rendering frame 870
03:33.277  render           | Start rendering: MORI_Assembly_Animation, 视图层
03:33.277  render           | Engine: EEVEE
03:33.326  render           | Fra: 870 | Rendering 1 / 32 samples
03:33.480  render           | Fra: 870 | Rendering 25 / 32 samples
03:33.524  render           | Fra: 870 | Rendering 32 / 32 samples
03:33.538  render           | Video append frame 870
03:33.538  render           | Time: 00:00.26 (Saving: 00:00.00)
03:33.538  render           | Rendering frame 871
03:33.538  render           | Start rendering: MORI_Assembly_Animation, 视图层
03:33.538  render           | Engine: EEVEE
03:33.590  render           | Fra: 871 | Rendering 1 / 32 samples
03:33.741  render           | Fra: 871 | Rendering 25 / 32 samples
03:33.785  render           | Fra: 871 | Rendering 32 / 32 samples
03:33.798  render           | Video append frame 871
03:33.798  render           | Time: 00:00.26 (Saving: 00:00.00)
03:33.798  render           | Rendering frame 872
03:33.798  render           | Start rendering: MORI_Assembly_Animation, 视图层
03:33.798  render           | Engine: EEVEE
03:33.853  render           | Fra: 872 | Rendering 1 / 32 samples
03:34.004  render           | Fra: 872 | Rendering 25 / 32 samples
03:34.049  render           | Fra: 872 | Rendering 32 / 32 samples
03:34.064  render           | Video append frame 872
03:34.064  render           | Time: 00:00.26 (Saving: 00:00.01)
03:34.064  render           | Rendering frame 873
03:34.064  render           | Start rendering: MORI_Assembly_Animation, 视图层
03:34.064  render           | Engine: EEVEE
03:34.118  render           | Fra: 873 | Rendering 1 / 32 samples
03:34.266  render           | Fra: 873 | Rendering 25 / 32 samples
03:34.309  render           | Fra: 873 | Rendering 32 / 32 samples
03:34.323  render           | Video append frame 873
03:34.323  render           | Time: 00:00.25 (Saving: 00:00.00)
03:34.323  render           | Rendering frame 874
03:34.323  render           | Start rendering: MORI_Assembly_Animation, 视图层
03:34.323  render           | Engine: EEVEE
03:34.373  render           | Fra: 874 | Rendering 1 / 32 samples
03:34.523  render           | Fra: 874 | Rendering 25 / 32 samples
03:34.565  render           | Fra: 874 | Rendering 32 / 32 samples
03:34.576  render           | Video append frame 874
03:34.576  render           | Time: 00:00.25 (Saving: 00:00.00)
03:34.576  render           | Rendering frame 875
03:34.576  render           | Start rendering: MORI_Assembly_Animation, 视图层
03:34.576  render           | Engine: EEVEE
03:34.627  render           | Fra: 875 | Rendering 1 / 32 samples
03:34.775  render           | Fra: 875 | Rendering 25 / 32 samples
03:34.819  render           | Fra: 875 | Rendering 32 / 32 samples
03:34.832  render           | Video append frame 875
03:34.832  render           | Time: 00:00.25 (Saving: 00:00.00)
03:34.832  render           | Rendering frame 876
03:34.832  render           | Start rendering: MORI_Assembly_Animation, 视图层
03:34.832  render           | Engine: EEVEE
03:34.886  render           | Fra: 876 | Rendering 1 / 32 samples
03:35.035  render           | Fra: 876 | Rendering 25 / 32 samples
03:35.081  render           | Fra: 876 | Rendering 32 / 32 samples
03:35.093  render           | Video append frame 876
03:35.093  render           | Time: 00:00.26 (Saving: 00:00.00)
03:35.093  render           | Rendering frame 877
03:35.093  render           | Start rendering: MORI_Assembly_Animation, 视图层
03:35.093  render           | Engine: EEVEE
03:35.147  render           | Fra: 877 | Rendering 1 / 32 samples
03:35.297  render           | Fra: 877 | Rendering 25 / 32 samples
03:35.350  render           | Fra: 877 | Rendering 32 / 32 samples
03:35.361  render           | Video append frame 877
03:35.361  render           | Time: 00:00.26 (Saving: 00:00.00)
03:35.361  render           | Rendering frame 878
03:35.361  render           | Start rendering: MORI_Assembly_Animation, 视图层
03:35.361  render           | Engine: EEVEE
03:35.410  render           | Fra: 878 | Rendering 1 / 32 samples
03:35.560  render           | Fra: 878 | Rendering 25 / 32 samples
03:35.605  render           | Fra: 878 | Rendering 32 / 32 samples
03:35.619  render           | Video append frame 878
03:35.619  render           | Time: 00:00.25 (Saving: 00:00.00)
03:35.619  render           | Rendering frame 879
03:35.619  render           | Start rendering: MORI_Assembly_Animation, 视图层
03:35.619  render           | Engine: EEVEE
03:35.671  render           | Fra: 879 | Rendering 1 / 32 samples
03:35.824  render           | Fra: 879 | Rendering 25 / 32 samples
03:35.868  render           | Fra: 879 | Rendering 32 / 32 samples
03:35.880  render           | Video append frame 879
03:35.881  render           | Time: 00:00.26 (Saving: 00:00.00)
03:35.881  render           | Rendering frame 880
03:35.881  render           | Start rendering: MORI_Assembly_Animation, 视图层
03:35.881  render           | Engine: EEVEE
03:35.930  render           | Fra: 880 | Rendering 1 / 32 samples
03:36.082  render           | Fra: 880 | Rendering 25 / 32 samples
03:36.127  render           | Fra: 880 | Rendering 32 / 32 samples
03:36.140  render           | Video append frame 880
03:36.140  render           | Time: 00:00.25 (Saving: 00:00.00)
03:36.140  render           | Rendering frame 881
03:36.140  render           | Start rendering: MORI_Assembly_Animation, 视图层
03:36.140  render           | Engine: EEVEE
03:36.190  render           | Fra: 881 | Rendering 1 / 32 samples
03:36.352  render           | Fra: 881 | Rendering 25 / 32 samples
03:36.396  render           | Fra: 881 | Rendering 32 / 32 samples
03:36.407  render           | Video append frame 881
03:36.407  render           | Time: 00:00.26 (Saving: 00:00.00)
03:36.407  render           | Rendering frame 882
03:36.408  render           | Start rendering: MORI_Assembly_Animation, 视图层
03:36.408  render           | Engine: EEVEE
03:36.456  render           | Fra: 882 | Rendering 1 / 32 samples
03:36.606  render           | Fra: 882 | Rendering 25 / 32 samples
03:36.650  render           | Fra: 882 | Rendering 32 / 32 samples
03:36.664  render           | Video append frame 882
03:36.664  render           | Time: 00:00.25 (Saving: 00:00.00)
03:36.664  render           | Rendering frame 883
03:36.664  render           | Start rendering: MORI_Assembly_Animation, 视图层
03:36.664  render           | Engine: EEVEE
03:36.715  render           | Fra: 883 | Rendering 1 / 32 samples
03:36.865  render           | Fra: 883 | Rendering 25 / 32 samples
03:36.908  render           | Fra: 883 | Rendering 32 / 32 samples
03:36.922  render           | Video append frame 883
03:36.922  render           | Time: 00:00.25 (Saving: 00:00.00)
03:36.922  render           | Rendering frame 884
03:36.923  render           | Start rendering: MORI_Assembly_Animation, 视图层
03:36.923  render           | Engine: EEVEE
03:36.974  render           | Fra: 884 | Rendering 1 / 32 samples
03:37.126  render           | Fra: 884 | Rendering 25 / 32 samples
03:37.170  render           | Fra: 884 | Rendering 32 / 32 samples
03:37.182  render           | Video append frame 884
03:37.182  render           | Time: 00:00.25 (Saving: 00:00.00)
03:37.182  render           | Rendering frame 885
03:37.182  render           | Start rendering: MORI_Assembly_Animation, 视图层
03:37.182  render           | Engine: EEVEE
03:37.235  render           | Fra: 885 | Rendering 1 / 32 samples
03:37.379  render           | Fra: 885 | Rendering 25 / 32 samples
03:37.421  render           | Fra: 885 | Rendering 32 / 32 samples
03:37.433  render           | Video append frame 885
03:37.434  render           | Time: 00:00.25 (Saving: 00:00.00)
03:37.434  render           | Rendering frame 886
03:37.434  render           | Start rendering: MORI_Assembly_Animation, 视图层
03:37.434  render           | Engine: EEVEE
03:37.483  render           | Fra: 886 | Rendering 1 / 32 samples
03:37.631  render           | Fra: 886 | Rendering 25 / 32 samples
03:37.674  render           | Fra: 886 | Rendering 32 / 32 samples
03:37.689  render           | Video append frame 886
03:37.689  render           | Time: 00:00.25 (Saving: 00:00.00)
03:37.689  render           | Rendering frame 887
03:37.689  render           | Start rendering: MORI_Assembly_Animation, 视图层
03:37.689  render           | Engine: EEVEE
03:37.738  render           | Fra: 887 | Rendering 1 / 32 samples
03:37.884  render           | Fra: 887 | Rendering 25 / 32 samples
03:37.925  render           | Fra: 887 | Rendering 32 / 32 samples
03:37.939  render           | Video append frame 887
03:37.939  render           | Time: 00:00.25 (Saving: 00:00.00)
03:37.939  render           | Rendering frame 888
03:37.939  render           | Start rendering: MORI_Assembly_Animation, 视图层
03:37.939  render           | Engine: EEVEE
03:37.990  render           | Fra: 888 | Rendering 1 / 32 samples
03:38.135  render           | Fra: 888 | Rendering 25 / 32 samples
03:38.175  render           | Fra: 888 | Rendering 32 / 32 samples
03:38.188  render           | Video append frame 888
03:38.188  render           | Time: 00:00.24 (Saving: 00:00.00)
03:38.188  render           | Rendering frame 889
03:38.188  render           | Start rendering: MORI_Assembly_Animation, 视图层
03:38.188  render           | Engine: EEVEE
03:38.238  render           | Fra: 889 | Rendering 1 / 32 samples
03:38.389  render           | Fra: 889 | Rendering 25 / 32 samples
03:38.433  render           | Fra: 889 | Rendering 32 / 32 samples
03:38.455  render           | Video append frame 889
03:38.455  render           | Time: 00:00.26 (Saving: 00:00.01)
03:38.455  render           | Rendering frame 890
03:38.456  render           | Start rendering: MORI_Assembly_Animation, 视图层
03:38.456  render           | Engine: EEVEE
03:38.505  render           | Fra: 890 | Rendering 1 / 32 samples
03:38.656  render           | Fra: 890 | Rendering 25 / 32 samples
03:38.698  render           | Fra: 890 | Rendering 32 / 32 samples
03:38.707  render           | Video append frame 890
03:38.707  render           | Time: 00:00.25 (Saving: 00:00.00)
03:38.707  render           | Rendering frame 891
03:38.707  render           | Start rendering: MORI_Assembly_Animation, 视图层
03:38.707  render           | Engine: EEVEE
03:38.759  render           | Fra: 891 | Rendering 1 / 32 samples
03:38.903  render           | Fra: 891 | Rendering 25 / 32 samples
03:38.945  render           | Fra: 891 | Rendering 32 / 32 samples
03:38.957  render           | Video append frame 891
03:38.957  render           | Time: 00:00.24 (Saving: 00:00.00)
03:38.957  render           | Rendering frame 892
03:38.957  render           | Start rendering: MORI_Assembly_Animation, 视图层
03:38.957  render           | Engine: EEVEE
03:39.006  render           | Fra: 892 | Rendering 1 / 32 samples
03:39.149  render           | Fra: 892 | Rendering 25 / 32 samples
03:39.193  render           | Fra: 892 | Rendering 32 / 32 samples
03:39.205  render           | Video append frame 892
03:39.205  render           | Time: 00:00.24 (Saving: 00:00.00)
03:39.205  render           | Rendering frame 893
03:39.205  render           | Start rendering: MORI_Assembly_Animation, 视图层
03:39.205  render           | Engine: EEVEE
03:39.256  render           | Fra: 893 | Rendering 1 / 32 samples
03:39.406  render           | Fra: 893 | Rendering 25 / 32 samples
03:39.448  render           | Fra: 893 | Rendering 32 / 32 samples
03:39.460  render           | Video append frame 893
03:39.460  render           | Time: 00:00.25 (Saving: 00:00.00)
03:39.460  render           | Rendering frame 894
03:39.460  render           | Start rendering: MORI_Assembly_Animation, 视图层
03:39.460  render           | Engine: EEVEE
03:39.509  render           | Fra: 894 | Rendering 1 / 32 samples
03:39.652  render           | Fra: 894 | Rendering 25 / 32 samples
03:39.692  render           | Fra: 894 | Rendering 32 / 32 samples
03:39.706  render           | Video append frame 894
03:39.706  render           | Time: 00:00.24 (Saving: 00:00.00)
03:39.706  render           | Rendering frame 895
03:39.706  render           | Start rendering: MORI_Assembly_Animation, 视图层
03:39.706  render           | Engine: EEVEE
03:39.767  render           | Fra: 895 | Rendering 1 / 32 samples
03:39.910  render           | Fra: 895 | Rendering 25 / 32 samples
03:39.950  render           | Fra: 895 | Rendering 32 / 32 samples
03:39.963  render           | Video append frame 895
03:39.963  render           | Time: 00:00.25 (Saving: 00:00.00)
03:39.963  render           | Rendering frame 896
03:39.963  render           | Start rendering: MORI_Assembly_Animation, 视图层
03:39.963  render           | Engine: EEVEE
03:40.014  render           | Fra: 896 | Rendering 1 / 32 samples
03:40.161  render           | Fra: 896 | Rendering 25 / 32 samples
03:40.206  render           | Fra: 896 | Rendering 32 / 32 samples
03:40.219  render           | Video append frame 896
03:40.219  render           | Time: 00:00.25 (Saving: 00:00.00)
03:40.219  render           | Rendering frame 897
03:40.219  render           | Start rendering: MORI_Assembly_Animation, 视图层
03:40.219  render           | Engine: EEVEE
03:40.270  render           | Fra: 897 | Rendering 1 / 32 samples
03:40.422  render           | Fra: 897 | Rendering 25 / 32 samples
03:40.465  render           | Fra: 897 | Rendering 32 / 32 samples
03:40.479  render           | Video append frame 897
03:40.479  render           | Time: 00:00.26 (Saving: 00:00.00)
03:40.479  render           | Rendering frame 898
03:40.479  render           | Start rendering: MORI_Assembly_Animation, 视图层
03:40.479  render           | Engine: EEVEE
03:40.531  render           | Fra: 898 | Rendering 1 / 32 samples
03:40.693  render           | Fra: 898 | Rendering 25 / 32 samples
03:40.739  render           | Fra: 898 | Rendering 32 / 32 samples
03:40.753  render           | Video append frame 898
03:40.753  render           | Time: 00:00.27 (Saving: 00:00.00)
03:40.753  render           | Rendering frame 899
03:40.753  render           | Start rendering: MORI_Assembly_Animation, 视图层
03:40.753  render           | Engine: EEVEE
03:40.807  render           | Fra: 899 | Rendering 1 / 32 samples
03:40.976  render           | Fra: 899 | Rendering 25 / 32 samples
03:41.025  render           | Fra: 899 | Rendering 32 / 32 samples
03:41.042  render           | Video append frame 899
03:41.042  render           | Time: 00:00.28 (Saving: 00:00.01)
03:41.042  render           | Rendering frame 900
03:41.043  render           | Start rendering: MORI_Assembly_Animation, 视图层
03:41.043  render           | Engine: EEVEE
03:41.099  render           | Fra: 900 | Rendering 1 / 32 samples
03:41.265  render           | Fra: 900 | Rendering 25 / 32 samples
03:41.314  render           | Fra: 900 | Rendering 32 / 32 samples
03:41.329  render           | Video append frame 900
03:41.329  render           | Time: 00:00.28 (Saving: 00:00.00)
03:41.329  render           | Rendering frame 901
03:41.329  render           | Start rendering: MORI_Assembly_Animation, 视图层
03:41.329  render           | Engine: EEVEE
03:41.383  render           | Fra: 901 | Rendering 1 / 32 samples
03:41.543  render           | Fra: 901 | Rendering 25 / 32 samples
03:41.595  render           | Fra: 901 | Rendering 32 / 32 samples
03:41.612  render           | Video append frame 901
03:41.612  render           | Time: 00:00.28 (Saving: 00:00.01)
03:41.612  render           | Rendering frame 902
03:41.613  render           | Start rendering: MORI_Assembly_Animation, 视图层
03:41.613  render           | Engine: EEVEE
03:41.669  render           | Fra: 902 | Rendering 1 / 32 samples
03:41.828  render           | Fra: 902 | Rendering 25 / 32 samples
03:41.874  render           | Fra: 902 | Rendering 32 / 32 samples
03:41.890  render           | Video append frame 902
03:41.892  render           | Time: 00:00.27 (Saving: 00:00.01)
03:41.892  render           | Rendering frame 903
03:41.892  render           | Start rendering: MORI_Assembly_Animation, 视图层
03:41.892  render           | Engine: EEVEE
03:41.944  render           | Fra: 903 | Rendering 1 / 32 samples
03:42.097  render           | Fra: 903 | Rendering 25 / 32 samples
03:42.141  render           | Fra: 903 | Rendering 32 / 32 samples
03:42.157  render           | Video append frame 903
03:42.157  render           | Time: 00:00.26 (Saving: 00:00.00)
03:42.157  render           | Rendering frame 904
03:42.157  render           | Start rendering: MORI_Assembly_Animation, 视图层
03:42.157  render           | Engine: EEVEE
03:42.210  render           | Fra: 904 | Rendering 1 / 32 samples
03:42.358  render           | Fra: 904 | Rendering 25 / 32 samples
03:42.404  render           | Fra: 904 | Rendering 32 / 32 samples
03:42.418  render           | Video append frame 904
03:42.418  render           | Time: 00:00.26 (Saving: 00:00.00)
03:42.418  render           | Rendering frame 905
03:42.418  render           | Start rendering: MORI_Assembly_Animation, 视图层
03:42.418  render           | Engine: EEVEE
03:42.469  render           | Fra: 905 | Rendering 1 / 32 samples
03:42.618  render           | Fra: 905 | Rendering 25 / 32 samples
03:42.665  render           | Fra: 905 | Rendering 32 / 32 samples
03:42.681  render           | Video append frame 905
03:42.681  render           | Time: 00:00.26 (Saving: 00:00.00)
03:42.681  render           | Rendering frame 906
03:42.681  render           | Start rendering: MORI_Assembly_Animation, 视图层
03:42.681  render           | Engine: EEVEE
03:42.735  render           | Fra: 906 | Rendering 1 / 32 samples
03:42.883  render           | Fra: 906 | Rendering 25 / 32 samples
03:42.928  render           | Fra: 906 | Rendering 32 / 32 samples
03:42.943  render           | Video append frame 906
03:42.943  render           | Time: 00:00.26 (Saving: 00:00.01)
03:42.943  render           | Rendering frame 907
03:42.944  render           | Start rendering: MORI_Assembly_Animation, 视图层
03:42.944  render           | Engine: EEVEE
03:42.997  render           | Fra: 907 | Rendering 1 / 32 samples
03:43.146  render           | Fra: 907 | Rendering 25 / 32 samples
03:43.191  render           | Fra: 907 | Rendering 32 / 32 samples
03:43.204  render           | Video append frame 907
03:43.204  render           | Time: 00:00.26 (Saving: 00:00.00)
03:43.204  render           | Rendering frame 908
03:43.204  render           | Start rendering: MORI_Assembly_Animation, 视图层
03:43.204  render           | Engine: EEVEE
03:43.256  render           | Fra: 908 | Rendering 1 / 32 samples
03:43.407  render           | Fra: 908 | Rendering 25 / 32 samples
03:43.455  render           | Fra: 908 | Rendering 32 / 32 samples
03:43.469  render           | Video append frame 908
03:43.469  render           | Time: 00:00.26 (Saving: 00:00.00)
03:43.469  render           | Rendering frame 909
03:43.469  render           | Start rendering: MORI_Assembly_Animation, 视图层
03:43.469  render           | Engine: EEVEE
03:43.524  render           | Fra: 909 | Rendering 1 / 32 samples
03:43.684  render           | Fra: 909 | Rendering 25 / 32 samples
03:43.730  render           | Fra: 909 | Rendering 32 / 32 samples
03:43.742  render           | Video append frame 909
03:43.742  render           | Time: 00:00.27 (Saving: 00:00.00)
03:43.742  render           | Rendering frame 910
03:43.743  render           | Start rendering: MORI_Assembly_Animation, 视图层
03:43.743  render           | Engine: EEVEE
03:43.795  render           | Fra: 910 | Rendering 1 / 32 samples
03:43.953  render           | Fra: 910 | Rendering 25 / 32 samples
03:43.998  render           | Fra: 910 | Rendering 32 / 32 samples
03:44.010  render           | Video append frame 910
03:44.010  render           | Time: 00:00.26 (Saving: 00:00.00)
03:44.010  render           | Rendering frame 911
03:44.011  render           | Start rendering: MORI_Assembly_Animation, 视图层
03:44.011  render           | Engine: EEVEE
03:44.068  render           | Fra: 911 | Rendering 1 / 32 samples
03:44.218  render           | Fra: 911 | Rendering 25 / 32 samples
03:44.262  render           | Fra: 911 | Rendering 32 / 32 samples
03:44.275  render           | Video append frame 911
03:44.275  render           | Time: 00:00.26 (Saving: 00:00.00)
03:44.275  render           | Rendering frame 912
03:44.275  render           | Start rendering: MORI_Assembly_Animation, 视图层
03:44.275  render           | Engine: EEVEE
03:44.326  render           | Fra: 912 | Rendering 1 / 32 samples
03:44.476  render           | Fra: 912 | Rendering 25 / 32 samples
03:44.521  render           | Fra: 912 | Rendering 32 / 32 samples
03:44.536  render           | Video append frame 912
03:44.536  render           | Time: 00:00.26 (Saving: 00:00.00)
03:44.536  render           | Rendering frame 913
03:44.536  render           | Start rendering: MORI_Assembly_Animation, 视图层
03:44.536  render           | Engine: EEVEE
03:44.589  render           | Fra: 913 | Rendering 1 / 32 samples
03:44.739  render           | Fra: 913 | Rendering 25 / 32 samples
03:44.785  render           | Fra: 913 | Rendering 32 / 32 samples
03:44.799  render           | Video append frame 913
03:44.799  render           | Time: 00:00.26 (Saving: 00:00.00)
03:44.799  render           | Rendering frame 914
03:44.799  render           | Start rendering: MORI_Assembly_Animation, 视图层
03:44.799  render           | Engine: EEVEE
03:44.852  render           | Fra: 914 | Rendering 1 / 32 samples
03:45.000  render           | Fra: 914 | Rendering 25 / 32 samples
03:45.045  render           | Fra: 914 | Rendering 32 / 32 samples
03:45.060  render           | Video append frame 914
03:45.060  render           | Time: 00:00.26 (Saving: 00:00.00)
03:45.060  render           | Rendering frame 915
03:45.060  render           | Start rendering: MORI_Assembly_Animation, 视图层
03:45.060  render           | Engine: EEVEE
03:45.114  render           | Fra: 915 | Rendering 1 / 32 samples
03:45.269  render           | Fra: 915 | Rendering 25 / 32 samples
03:45.315  render           | Fra: 915 | Rendering 32 / 32 samples
03:45.331  render           | Video append frame 915
03:45.331  render           | Time: 00:00.27 (Saving: 00:00.00)
03:45.331  render           | Rendering frame 916
03:45.331  render           | Start rendering: MORI_Assembly_Animation, 视图层
03:45.331  render           | Engine: EEVEE
03:45.404  render           | Fra: 916 | Rendering 1 / 32 samples
03:45.638  render           | Fra: 916 | Rendering 25 / 32 samples
03:45.706  render           | Fra: 916 | Rendering 32 / 32 samples
03:45.717  render           | Video append frame 916
03:45.717  render           | Time: 00:00.38 (Saving: 00:00.00)
03:45.717  render           | Rendering frame 917
03:45.718  render           | Start rendering: MORI_Assembly_Animation, 视图层
03:45.718  render           | Engine: EEVEE
03:45.772  render           | Fra: 917 | Rendering 1 / 32 samples
03:46.042  render           | Fra: 917 | Rendering 25 / 32 samples
03:46.122  render           | Fra: 917 | Rendering 32 / 32 samples
03:46.132  render           | Video append frame 917
03:46.132  render           | Time: 00:00.41 (Saving: 00:00.00)
03:46.132  render           | Rendering frame 918
03:46.132  render           | Start rendering: MORI_Assembly_Animation, 视图层
03:46.132  render           | Engine: EEVEE
03:46.190  render           | Fra: 918 | Rendering 1 / 32 samples
03:46.470  render           | Fra: 918 | Rendering 25 / 32 samples
03:46.556  render           | Fra: 918 | Rendering 32 / 32 samples
03:46.579  render           | Video append frame 918
03:46.579  render           | Time: 00:00.44 (Saving: 00:00.01)
03:46.579  render           | Rendering frame 919
03:46.580  render           | Start rendering: MORI_Assembly_Animation, 视图层
03:46.580  render           | Engine: EEVEE
03:46.639  render           | Fra: 919 | Rendering 1 / 32 samples
03:46.914  render           | Fra: 919 | Rendering 25 / 32 samples
03:46.994  render           | Fra: 919 | Rendering 32 / 32 samples
03:47.007  render           | Video append frame 919
03:47.007  render           | Time: 00:00.42 (Saving: 00:00.00)
03:47.007  render           | Rendering frame 920
03:47.007  render           | Start rendering: MORI_Assembly_Animation, 视图层
03:47.007  render           | Engine: EEVEE
03:47.062  render           | Fra: 920 | Rendering 1 / 32 samples
03:47.343  render           | Fra: 920 | Rendering 25 / 32 samples
03:47.428  render           | Fra: 920 | Rendering 32 / 32 samples
03:47.449  render           | Video append frame 920
03:47.449  render           | Time: 00:00.44 (Saving: 00:00.01)
03:47.449  render           | Rendering frame 921
03:47.449  render           | Start rendering: MORI_Assembly_Animation, 视图层
03:47.449  render           | Engine: EEVEE
03:47.506  render           | Fra: 921 | Rendering 1 / 32 samples
03:47.783  render           | Fra: 921 | Rendering 25 / 32 samples
03:47.872  render           | Fra: 921 | Rendering 32 / 32 samples
03:47.892  render           | Video append frame 921
03:47.892  render           | Time: 00:00.44 (Saving: 00:00.01)
03:47.892  render           | Rendering frame 922
03:47.892  render           | Start rendering: MORI_Assembly_Animation, 视图层
03:47.892  render           | Engine: EEVEE
03:47.948  render           | Fra: 922 | Rendering 1 / 32 samples
03:48.226  render           | Fra: 922 | Rendering 25 / 32 samples
03:48.313  render           | Fra: 922 | Rendering 32 / 32 samples
03:48.335  render           | Video append frame 922
03:48.335  render           | Time: 00:00.44 (Saving: 00:00.01)
03:48.335  render           | Rendering frame 923
03:48.335  render           | Start rendering: MORI_Assembly_Animation, 视图层
03:48.335  render           | Engine: EEVEE
03:48.388  render           | Fra: 923 | Rendering 1 / 32 samples
03:48.660  render           | Fra: 923 | Rendering 25 / 32 samples
03:48.748  render           | Fra: 923 | Rendering 32 / 32 samples
03:48.770  render           | Video append frame 923
03:48.770  render           | Time: 00:00.43 (Saving: 00:00.01)
03:48.770  render           | Rendering frame 924
03:48.770  render           | Start rendering: MORI_Assembly_Animation, 视图层
03:48.770  render           | Engine: EEVEE
03:48.825  render           | Fra: 924 | Rendering 1 / 32 samples
03:49.119  render           | Fra: 924 | Rendering 25 / 32 samples
03:49.207  render           | Fra: 924 | Rendering 32 / 32 samples
03:49.230  render           | Video append frame 924
03:49.230  render           | Time: 00:00.45 (Saving: 00:00.01)
03:49.230  render           | Rendering frame 925
03:49.230  render           | Start rendering: MORI_Assembly_Animation, 视图层
03:49.230  render           | Engine: EEVEE
03:49.287  render           | Fra: 925 | Rendering 1 / 32 samples
03:49.574  render           | Fra: 925 | Rendering 25 / 32 samples
03:49.665  render           | Fra: 925 | Rendering 32 / 32 samples
03:49.688  render           | Video append frame 925
03:49.688  render           | Time: 00:00.45 (Saving: 00:00.01)
03:49.688  render           | Rendering frame 926
03:49.688  render           | Start rendering: MORI_Assembly_Animation, 视图层
03:49.688  render           | Engine: EEVEE
03:49.740  render           | Fra: 926 | Rendering 1 / 32 samples
03:50.033  render           | Fra: 926 | Rendering 25 / 32 samples
03:50.123  render           | Fra: 926 | Rendering 32 / 32 samples
03:50.144  render           | Video append frame 926
03:50.144  render           | Time: 00:00.45 (Saving: 00:00.01)
03:50.144  render           | Rendering frame 927
03:50.145  render           | Start rendering: MORI_Assembly_Animation, 视图层
03:50.145  render           | Engine: EEVEE
03:50.200  render           | Fra: 927 | Rendering 1 / 32 samples
03:50.490  render           | Fra: 927 | Rendering 25 / 32 samples
03:50.577  render           | Fra: 927 | Rendering 32 / 32 samples
03:50.599  render           | Video append frame 927
03:50.599  render           | Time: 00:00.45 (Saving: 00:00.01)
03:50.599  render           | Rendering frame 928
03:50.600  render           | Start rendering: MORI_Assembly_Animation, 视图层
03:50.600  render           | Engine: EEVEE
03:50.656  render           | Fra: 928 | Rendering 1 / 32 samples
03:50.952  render           | Fra: 928 | Rendering 25 / 32 samples
03:51.038  render           | Fra: 928 | Rendering 32 / 32 samples
03:51.059  render           | Video append frame 928
03:51.059  render           | Time: 00:00.45 (Saving: 00:00.01)
03:51.059  render           | Rendering frame 929
03:51.060  render           | Start rendering: MORI_Assembly_Animation, 视图层
03:51.060  render           | Engine: EEVEE
03:51.115  render           | Fra: 929 | Rendering 1 / 32 samples
03:51.399  render           | Fra: 929 | Rendering 25 / 32 samples
03:51.482  render           | Fra: 929 | Rendering 32 / 32 samples
03:51.492  render           | Video append frame 929
03:51.492  render           | Time: 00:00.43 (Saving: 00:00.00)
03:51.492  render           | Rendering frame 930
03:51.492  render           | Start rendering: MORI_Assembly_Animation, 视图层
03:51.492  render           | Engine: EEVEE
03:51.554  render           | Fra: 930 | Rendering 1 / 32 samples
03:51.842  render           | Fra: 930 | Rendering 25 / 32 samples
03:51.925  render           | Fra: 930 | Rendering 32 / 32 samples
03:51.936  render           | Video append frame 930
03:51.936  render           | Time: 00:00.44 (Saving: 00:00.00)
03:51.936  render           | Rendering frame 931
03:51.937  render           | Start rendering: MORI_Assembly_Animation, 视图层
03:51.937  render           | Engine: EEVEE
03:51.989  render           | Fra: 931 | Rendering 1 / 32 samples
03:52.281  render           | Fra: 931 | Rendering 25 / 32 samples
03:52.368  render           | Fra: 931 | Rendering 32 / 32 samples
03:52.389  render           | Video append frame 931
03:52.389  render           | Time: 00:00.45 (Saving: 00:00.01)
03:52.389  render           | Rendering frame 932
03:52.389  render           | Start rendering: MORI_Assembly_Animation, 视图层
03:52.389  render           | Engine: EEVEE
03:52.447  render           | Fra: 932 | Rendering 1 / 32 samples
03:52.742  render           | Fra: 932 | Rendering 25 / 32 samples
03:52.832  render           | Fra: 932 | Rendering 32 / 32 samples
03:52.856  render           | Video append frame 932
03:52.856  render           | Time: 00:00.46 (Saving: 00:00.01)
03:52.856  render           | Rendering frame 933
03:52.856  render           | Start rendering: MORI_Assembly_Animation, 视图层
03:52.856  render           | Engine: EEVEE
03:52.910  render           | Fra: 933 | Rendering 1 / 32 samples
03:53.198  render           | Fra: 933 | Rendering 25 / 32 samples
03:53.287  render           | Fra: 933 | Rendering 32 / 32 samples
03:53.309  render           | Video append frame 933
03:53.309  render           | Time: 00:00.45 (Saving: 00:00.01)
03:53.309  render           | Rendering frame 934
03:53.309  render           | Start rendering: MORI_Assembly_Animation, 视图层
03:53.309  render           | Engine: EEVEE
03:53.363  render           | Fra: 934 | Rendering 1 / 32 samples
03:53.652  render           | Fra: 934 | Rendering 25 / 32 samples
03:53.741  render           | Fra: 934 | Rendering 32 / 32 samples
03:53.763  render           | Video append frame 934
03:53.764  render           | Time: 00:00.45 (Saving: 00:00.01)
03:53.764  render           | Rendering frame 935
03:53.764  render           | Start rendering: MORI_Assembly_Animation, 视图层
03:53.764  render           | Engine: EEVEE
03:53.822  render           | Fra: 935 | Rendering 1 / 32 samples
03:54.109  render           | Fra: 935 | Rendering 25 / 32 samples
03:54.199  render           | Fra: 935 | Rendering 32 / 32 samples
03:54.219  render           | Video append frame 935
03:54.219  render           | Time: 00:00.45 (Saving: 00:00.01)
03:54.219  render           | Rendering frame 936
03:54.220  render           | Start rendering: MORI_Assembly_Animation, 视图层
03:54.220  render           | Engine: EEVEE
03:54.276  render           | Fra: 936 | Rendering 1 / 32 samples
03:54.573  render           | Fra: 936 | Rendering 25 / 32 samples
03:54.664  render           | Fra: 936 | Rendering 32 / 32 samples
03:54.686  render           | Video append frame 936
03:54.686  render           | Time: 00:00.46 (Saving: 00:00.01)
03:54.686  render           | Rendering frame 937
03:54.686  render           | Start rendering: MORI_Assembly_Animation, 视图层
03:54.686  render           | Engine: EEVEE
03:54.739  render           | Fra: 937 | Rendering 1 / 32 samples
03:55.038  render           | Fra: 937 | Rendering 25 / 32 samples
03:55.130  render           | Fra: 937 | Rendering 32 / 32 samples
03:55.149  render           | Video append frame 937
03:55.149  render           | Time: 00:00.46 (Saving: 00:00.01)
03:55.149  render           | Rendering frame 938
03:55.150  render           | Start rendering: MORI_Assembly_Animation, 视图层
03:55.150  render           | Engine: EEVEE
03:55.208  render           | Fra: 938 | Rendering 1 / 32 samples
03:55.499  render           | Fra: 938 | Rendering 25 / 32 samples
03:55.585  render           | Fra: 938 | Rendering 32 / 32 samples
03:55.602  render           | Video append frame 938
03:55.602  render           | Time: 00:00.45 (Saving: 00:00.01)
03:55.602  render           | Rendering frame 939
03:55.602  render           | Start rendering: MORI_Assembly_Animation, 视图层
03:55.602  render           | Engine: EEVEE
03:55.660  render           | Fra: 939 | Rendering 1 / 32 samples
03:55.951  render           | Fra: 939 | Rendering 25 / 32 samples
03:56.041  render           | Fra: 939 | Rendering 32 / 32 samples
03:56.063  render           | Video append frame 939
03:56.063  render           | Time: 00:00.46 (Saving: 00:00.01)
03:56.063  render           | Rendering frame 940
03:56.064  render           | Start rendering: MORI_Assembly_Animation, 视图层
03:56.064  render           | Engine: EEVEE
03:56.119  render           | Fra: 940 | Rendering 1 / 32 samples
03:56.416  render           | Fra: 940 | Rendering 25 / 32 samples
03:56.504  render           | Fra: 940 | Rendering 32 / 32 samples
03:56.525  render           | Video append frame 940
03:56.525  render           | Time: 00:00.46 (Saving: 00:00.01)
03:56.525  render           | Rendering frame 941
03:56.526  render           | Start rendering: MORI_Assembly_Animation, 视图层
03:56.526  render           | Engine: EEVEE
03:56.583  render           | Fra: 941 | Rendering 1 / 32 samples
03:56.879  render           | Fra: 941 | Rendering 25 / 32 samples
03:56.970  render           | Fra: 941 | Rendering 32 / 32 samples
03:56.993  render           | Video append frame 941
03:56.993  render           | Time: 00:00.46 (Saving: 00:00.01)
03:56.993  render           | Rendering frame 942
03:56.993  render           | Start rendering: MORI_Assembly_Animation, 视图层
03:56.993  render           | Engine: EEVEE
03:57.047  render           | Fra: 942 | Rendering 1 / 32 samples
03:57.343  render           | Fra: 942 | Rendering 25 / 32 samples
03:57.437  render           | Fra: 942 | Rendering 32 / 32 samples
03:57.459  render           | Video append frame 942
03:57.459  render           | Time: 00:00.46 (Saving: 00:00.01)
03:57.459  render           | Rendering frame 943
03:57.459  render           | Start rendering: MORI_Assembly_Animation, 视图层
03:57.459  render           | Engine: EEVEE
03:57.515  render           | Fra: 943 | Rendering 1 / 32 samples
03:57.819  render           | Fra: 943 | Rendering 25 / 32 samples
03:57.909  render           | Fra: 943 | Rendering 32 / 32 samples
03:57.930  render           | Video append frame 943
03:57.931  render           | Time: 00:00.47 (Saving: 00:00.01)
03:57.931  render           | Rendering frame 944
03:57.931  render           | Start rendering: MORI_Assembly_Animation, 视图层
03:57.931  render           | Engine: EEVEE
03:57.985  render           | Fra: 944 | Rendering 1 / 32 samples
03:58.281  render           | Fra: 944 | Rendering 25 / 32 samples
03:58.372  render           | Fra: 944 | Rendering 32 / 32 samples
03:58.394  render           | Video append frame 944
03:58.394  render           | Time: 00:00.46 (Saving: 00:00.01)
03:58.394  render           | Rendering frame 945
03:58.394  render           | Start rendering: MORI_Assembly_Animation, 视图层
03:58.394  render           | Engine: EEVEE
03:58.448  render           | Fra: 945 | Rendering 1 / 32 samples
03:58.744  render           | Fra: 945 | Rendering 25 / 32 samples
03:58.832  render           | Fra: 945 | Rendering 32 / 32 samples
03:58.853  render           | Video append frame 945
03:58.853  render           | Time: 00:00.45 (Saving: 00:00.01)
03:58.853  render           | Rendering frame 946
03:58.853  render           | Start rendering: MORI_Assembly_Animation, 视图层
03:58.853  render           | Engine: EEVEE
03:58.908  render           | Fra: 946 | Rendering 1 / 32 samples
03:59.202  render           | Fra: 946 | Rendering 25 / 32 samples
03:59.291  render           | Fra: 946 | Rendering 32 / 32 samples
03:59.313  render           | Video append frame 946
03:59.313  render           | Time: 00:00.46 (Saving: 00:00.01)
03:59.313  render           | Rendering frame 947
03:59.313  render           | Start rendering: MORI_Assembly_Animation, 视图层
03:59.313  render           | Engine: EEVEE
03:59.368  render           | Fra: 947 | Rendering 1 / 32 samples
03:59.667  render           | Fra: 947 | Rendering 25 / 32 samples
03:59.757  render           | Fra: 947 | Rendering 32 / 32 samples
03:59.780  render           | Video append frame 947
03:59.780  render           | Time: 00:00.46 (Saving: 00:00.01)
03:59.780  render           | Rendering frame 948
03:59.780  render           | Start rendering: MORI_Assembly_Animation, 视图层
03:59.780  render           | Engine: EEVEE
03:59.837  render           | Fra: 948 | Rendering 1 / 32 samples
04:00.134  render           | Fra: 948 | Rendering 25 / 32 samples
04:00.229  render           | Fra: 948 | Rendering 32 / 32 samples
04:00.249  render           | Video append frame 948
04:00.249  render           | Time: 00:00.46 (Saving: 00:00.01)
04:00.249  render           | Rendering frame 949
04:00.249  render           | Start rendering: MORI_Assembly_Animation, 视图层
04:00.249  render           | Engine: EEVEE
04:00.304  render           | Fra: 949 | Rendering 1 / 32 samples
04:00.603  render           | Fra: 949 | Rendering 25 / 32 samples
04:00.693  render           | Fra: 949 | Rendering 32 / 32 samples
04:00.715  render           | Video append frame 949
04:00.715  render           | Time: 00:00.46 (Saving: 00:00.01)
04:00.715  render           | Rendering frame 950
04:00.715  render           | Start rendering: MORI_Assembly_Animation, 视图层
04:00.715  render           | Engine: EEVEE
04:00.769  render           | Fra: 950 | Rendering 1 / 32 samples
04:01.071  render           | Fra: 950 | Rendering 25 / 32 samples
04:01.163  render           | Fra: 950 | Rendering 32 / 32 samples
04:01.185  render           | Video append frame 950
04:01.185  render           | Time: 00:00.46 (Saving: 00:00.01)
04:01.185  render           | Rendering frame 951
04:01.185  render           | Start rendering: MORI_Assembly_Animation, 视图层
04:01.185  render           | Engine: EEVEE
04:01.239  render           | Fra: 951 | Rendering 1 / 32 samples
04:01.531  render           | Fra: 951 | Rendering 25 / 32 samples
04:01.622  render           | Fra: 951 | Rendering 32 / 32 samples
04:01.643  render           | Video append frame 951
04:01.644  render           | Time: 00:00.45 (Saving: 00:00.01)
04:01.644  render           | Rendering frame 952
04:01.644  render           | Start rendering: MORI_Assembly_Animation, 视图层
04:01.644  render           | Engine: EEVEE
04:01.700  render           | Fra: 952 | Rendering 1 / 32 samples
04:01.998  render           | Fra: 952 | Rendering 25 / 32 samples
04:02.090  render           | Fra: 952 | Rendering 32 / 32 samples
04:02.113  render           | Video append frame 952
04:02.113  render           | Time: 00:00.46 (Saving: 00:00.01)
04:02.113  render           | Rendering frame 953
04:02.114  render           | Start rendering: MORI_Assembly_Animation, 视图层
04:02.114  render           | Engine: EEVEE
04:02.171  render           | Fra: 953 | Rendering 1 / 32 samples
04:02.460  render           | Fra: 953 | Rendering 25 / 32 samples
04:02.544  render           | Fra: 953 | Rendering 32 / 32 samples
04:02.556  render           | Video append frame 953
04:02.556  render           | Time: 00:00.44 (Saving: 00:00.00)
04:02.556  render           | Rendering frame 954
04:02.556  render           | Start rendering: MORI_Assembly_Animation, 视图层
04:02.556  render           | Engine: EEVEE
04:02.612  render           | Fra: 954 | Rendering 1 / 32 samples
04:02.912  render           | Fra: 954 | Rendering 25 / 32 samples
04:03.003  render           | Fra: 954 | Rendering 32 / 32 samples
04:03.023  render           | Video append frame 954
04:03.023  render           | Time: 00:00.46 (Saving: 00:00.01)
04:03.023  render           | Rendering frame 955
04:03.024  render           | Start rendering: MORI_Assembly_Animation, 视图层
04:03.024  render           | Engine: EEVEE
04:03.079  render           | Fra: 955 | Rendering 1 / 32 samples
04:03.374  render           | Fra: 955 | Rendering 25 / 32 samples
04:03.466  render           | Fra: 955 | Rendering 32 / 32 samples
04:03.487  render           | Video append frame 955
04:03.487  render           | Time: 00:00.46 (Saving: 00:00.01)
04:03.488  render           | Rendering frame 956
04:03.488  render           | Start rendering: MORI_Assembly_Animation, 视图层
04:03.488  render           | Engine: EEVEE
04:03.542  render           | Fra: 956 | Rendering 1 / 32 samples
04:03.857  render           | Fra: 956 | Rendering 25 / 32 samples
04:03.954  render           | Fra: 956 | Rendering 32 / 32 samples
04:03.976  render           | Video append frame 956
04:03.976  render           | Time: 00:00.48 (Saving: 00:00.01)
04:03.976  render           | Rendering frame 957
04:03.976  render           | Start rendering: MORI_Assembly_Animation, 视图层
04:03.976  render           | Engine: EEVEE
04:04.030  render           | Fra: 957 | Rendering 1 / 32 samples
04:04.343  render           | Fra: 957 | Rendering 25 / 32 samples
04:04.438  render           | Fra: 957 | Rendering 32 / 32 samples
04:04.461  render           | Video append frame 957
04:04.462  render           | Time: 00:00.48 (Saving: 00:00.01)
04:04.462  render           | Rendering frame 958
04:04.462  render           | Start rendering: MORI_Assembly_Animation, 视图层
04:04.462  render           | Engine: EEVEE
04:04.511  render           | Fra: 958 | Rendering 1 / 32 samples
04:04.821  render           | Fra: 958 | Rendering 25 / 32 samples
04:04.915  render           | Fra: 958 | Rendering 32 / 32 samples
04:04.938  render           | Video append frame 958
04:04.938  render           | Time: 00:00.47 (Saving: 00:00.01)
04:04.938  render           | Rendering frame 959
04:04.938  render           | Start rendering: MORI_Assembly_Animation, 视图层
04:04.938  render           | Engine: EEVEE
04:04.992  render           | Fra: 959 | Rendering 1 / 32 samples
04:05.305  render           | Fra: 959 | Rendering 25 / 32 samples
04:05.401  render           | Fra: 959 | Rendering 32 / 32 samples
04:05.423  render           | Video append frame 959
04:05.423  render           | Time: 00:00.48 (Saving: 00:00.01)
04:05.423  render           | Rendering frame 960
04:05.424  render           | Start rendering: MORI_Assembly_Animation, 视图层
04:05.424  render           | Engine: EEVEE
04:05.479  render           | Fra: 960 | Rendering 1 / 32 samples
04:05.790  render           | Fra: 960 | Rendering 25 / 32 samples
04:05.886  render           | Fra: 960 | Rendering 32 / 32 samples
04:05.908  render           | Video append frame 960
04:05.908  render           | Time: 00:00.48 (Saving: 00:00.01)
04:05.908  render           | Rendering frame 961
04:05.909  render           | Start rendering: MORI_Assembly_Animation, 视图层
04:05.909  render           | Engine: EEVEE
04:05.963  render           | Fra: 961 | Rendering 1 / 32 samples
04:06.264  render           | Fra: 961 | Rendering 25 / 32 samples
04:06.353  render           | Fra: 961 | Rendering 32 / 32 samples
04:06.363  render           | Video append frame 961
04:06.363  render           | Time: 00:00.45 (Saving: 00:00.00)
04:06.363  render           | Rendering frame 962
04:06.363  render           | Start rendering: MORI_Assembly_Animation, 视图层
04:06.363  render           | Engine: EEVEE
04:06.415  render           | Fra: 962 | Rendering 1 / 32 samples
04:06.727  render           | Fra: 962 | Rendering 25 / 32 samples
04:06.823  render           | Fra: 962 | Rendering 32 / 32 samples
04:06.844  render           | Video append frame 962
04:06.844  render           | Time: 00:00.48 (Saving: 00:00.01)
04:06.844  render           | Rendering frame 963
04:06.845  render           | Start rendering: MORI_Assembly_Animation, 视图层
04:06.845  render           | Engine: EEVEE
04:06.899  render           | Fra: 963 | Rendering 1 / 32 samples
04:07.210  render           | Fra: 963 | Rendering 25 / 32 samples
04:07.305  render           | Fra: 963 | Rendering 32 / 32 samples
04:07.326  render           | Video append frame 963
04:07.326  render           | Time: 00:00.48 (Saving: 00:00.01)
04:07.326  render           | Rendering frame 964
04:07.326  render           | Start rendering: MORI_Assembly_Animation, 视图层
04:07.326  render           | Engine: EEVEE
04:07.381  render           | Fra: 964 | Rendering 1 / 32 samples
04:07.694  render           | Fra: 964 | Rendering 25 / 32 samples
04:07.792  render           | Fra: 964 | Rendering 32 / 32 samples
04:07.814  render           | Video append frame 964
04:07.814  render           | Time: 00:00.48 (Saving: 00:00.01)
04:07.814  render           | Rendering frame 965
04:07.815  render           | Start rendering: MORI_Assembly_Animation, 视图层
04:07.815  render           | Engine: EEVEE
04:07.869  render           | Fra: 965 | Rendering 1 / 32 samples
04:08.179  render           | Fra: 965 | Rendering 25 / 32 samples
04:08.274  render           | Fra: 965 | Rendering 32 / 32 samples
04:08.297  render           | Video append frame 965
04:08.297  render           | Time: 00:00.48 (Saving: 00:00.01)
04:08.297  render           | Rendering frame 966
04:08.297  render           | Start rendering: MORI_Assembly_Animation, 视图层
04:08.297  render           | Engine: EEVEE
04:08.351  render           | Fra: 966 | Rendering 1 / 32 samples
04:08.659  render           | Fra: 966 | Rendering 25 / 32 samples
04:08.754  render           | Fra: 966 | Rendering 32 / 32 samples
04:08.776  render           | Video append frame 966
04:08.776  render           | Time: 00:00.47 (Saving: 00:00.01)
04:08.776  render           | Rendering frame 967
04:08.776  render           | Start rendering: MORI_Assembly_Animation, 视图层
04:08.776  render           | Engine: EEVEE
04:08.830  render           | Fra: 967 | Rendering 1 / 32 samples
04:09.129  render           | Fra: 967 | Rendering 25 / 32 samples
04:09.218  render           | Fra: 967 | Rendering 32 / 32 samples
04:09.229  render           | Video append frame 967
04:09.229  render           | Time: 00:00.45 (Saving: 00:00.00)
04:09.229  render           | Rendering frame 968
04:09.229  render           | Start rendering: MORI_Assembly_Animation, 视图层
04:09.229  render           | Engine: EEVEE
04:09.280  render           | Fra: 968 | Rendering 1 / 32 samples
04:09.588  render           | Fra: 968 | Rendering 25 / 32 samples
04:09.686  render           | Fra: 968 | Rendering 32 / 32 samples
04:09.707  render           | Video append frame 968
04:09.707  render           | Time: 00:00.47 (Saving: 00:00.01)
04:09.707  render           | Rendering frame 969
04:09.708  render           | Start rendering: MORI_Assembly_Animation, 视图层
04:09.708  render           | Engine: EEVEE
04:09.763  render           | Fra: 969 | Rendering 1 / 32 samples
04:10.064  render           | Fra: 969 | Rendering 25 / 32 samples
04:10.152  render           | Fra: 969 | Rendering 32 / 32 samples
04:10.161  render           | Video append frame 969
04:10.162  render           | Time: 00:00.45 (Saving: 00:00.00)
04:10.162  render           | Rendering frame 970
04:10.162  render           | Start rendering: MORI_Assembly_Animation, 视图层
04:10.162  render           | Engine: EEVEE
04:10.209  render           | Fra: 970 | Rendering 1 / 32 samples
04:10.525  render           | Fra: 970 | Rendering 25 / 32 samples
04:10.621  render           | Fra: 970 | Rendering 32 / 32 samples
04:10.642  render           | Video append frame 970
04:10.643  render           | Time: 00:00.48 (Saving: 00:00.01)
04:10.643  render           | Rendering frame 971
04:10.643  render           | Start rendering: MORI_Assembly_Animation, 视图层
04:10.643  render           | Engine: EEVEE
04:10.698  render           | Fra: 971 | Rendering 1 / 32 samples
04:11.013  render           | Fra: 971 | Rendering 25 / 32 samples
04:11.110  render           | Fra: 971 | Rendering 32 / 32 samples
04:11.132  render           | Video append frame 971
04:11.132  render           | Time: 00:00.48 (Saving: 00:00.01)
04:11.132  render           | Rendering frame 972
04:11.132  render           | Start rendering: MORI_Assembly_Animation, 视图层
04:11.132  render           | Engine: EEVEE
04:11.188  render           | Fra: 972 | Rendering 1 / 32 samples
04:11.501  render           | Fra: 972 | Rendering 25 / 32 samples
04:11.597  render           | Fra: 972 | Rendering 32 / 32 samples
04:11.617  render           | Video append frame 972
04:11.618  render           | Time: 00:00.48 (Saving: 00:00.01)
04:11.618  render           | Rendering frame 973
04:11.618  render           | Start rendering: MORI_Assembly_Animation, 视图层
04:11.618  render           | Engine: EEVEE
04:11.668  render           | Fra: 973 | Rendering 1 / 32 samples
04:11.747  render           | Fra: 973 | Rendering 25 / 32 samples
04:11.770  render           | Fra: 973 | Rendering 32 / 32 samples
04:11.779  render           | Video append frame 973
04:11.779  render           | Time: 00:00.16 (Saving: 00:00.00)
04:11.779  render           | Rendering frame 974
04:11.779  render           | Start rendering: MORI_Assembly_Animation, 视图层
04:11.779  render           | Engine: EEVEE
04:11.820  render           | Fra: 974 | Rendering 1 / 32 samples
04:11.940  render           | Fra: 974 | Rendering 25 / 32 samples
04:11.973  render           | Fra: 974 | Rendering 32 / 32 samples
04:11.984  render           | Video append frame 974
04:11.984  render           | Time: 00:00.20 (Saving: 00:00.00)
04:11.984  render           | Rendering frame 975
04:11.984  render           | Start rendering: MORI_Assembly_Animation, 视图层
04:11.984  render           | Engine: EEVEE
04:12.024  render           | Fra: 975 | Rendering 1 / 32 samples
04:12.142  render           | Fra: 975 | Rendering 25 / 32 samples
04:12.176  render           | Fra: 975 | Rendering 32 / 32 samples
04:12.189  render           | Video append frame 975
04:12.189  render           | Time: 00:00.20 (Saving: 00:00.00)
04:12.189  render           | Rendering frame 976
04:12.189  render           | Start rendering: MORI_Assembly_Animation, 视图层
04:12.189  render           | Engine: EEVEE
04:12.230  render           | Fra: 976 | Rendering 1 / 32 samples
04:12.348  render           | Fra: 976 | Rendering 25 / 32 samples
04:12.383  render           | Fra: 976 | Rendering 32 / 32 samples
04:12.394  render           | Video append frame 976
04:12.394  render           | Time: 00:00.20 (Saving: 00:00.00)
04:12.394  render           | Rendering frame 977
04:12.395  render           | Start rendering: MORI_Assembly_Animation, 视图层
04:12.395  render           | Engine: EEVEE
04:12.439  render           | Fra: 977 | Rendering 1 / 32 samples
04:12.556  render           | Fra: 977 | Rendering 25 / 32 samples
04:12.591  render           | Fra: 977 | Rendering 32 / 32 samples
04:12.603  render           | Video append frame 977
04:12.603  render           | Time: 00:00.20 (Saving: 00:00.00)
04:12.603  render           | Rendering frame 978
04:12.603  render           | Start rendering: MORI_Assembly_Animation, 视图层
04:12.603  render           | Engine: EEVEE
04:12.644  render           | Fra: 978 | Rendering 1 / 32 samples
04:12.760  render           | Fra: 978 | Rendering 25 / 32 samples
04:12.793  render           | Fra: 978 | Rendering 32 / 32 samples
04:12.802  render           | Video append frame 978
04:12.803  render           | Time: 00:00.19 (Saving: 00:00.00)
04:12.803  render           | Rendering frame 979
04:12.803  render           | Start rendering: MORI_Assembly_Animation, 视图层
04:12.803  render           | Engine: EEVEE
04:12.844  render           | Fra: 979 | Rendering 1 / 32 samples
04:12.958  render           | Fra: 979 | Rendering 25 / 32 samples
04:12.991  render           | Fra: 979 | Rendering 32 / 32 samples
04:13.000  render           | Video append frame 979
04:13.000  render           | Time: 00:00.19 (Saving: 00:00.00)
04:13.000  render           | Rendering frame 980
04:13.000  render           | Start rendering: MORI_Assembly_Animation, 视图层
04:13.000  render           | Engine: EEVEE
04:13.038  render           | Fra: 980 | Rendering 1 / 32 samples
04:13.156  render           | Fra: 980 | Rendering 25 / 32 samples
04:13.189  render           | Fra: 980 | Rendering 32 / 32 samples
04:13.198  render           | Video append frame 980
04:13.198  render           | Time: 00:00.19 (Saving: 00:00.00)
04:13.198  render           | Rendering frame 981
04:13.198  render           | Start rendering: MORI_Assembly_Animation, 视图层
04:13.198  render           | Engine: EEVEE
04:13.241  render           | Fra: 981 | Rendering 1 / 32 samples
04:13.365  render           | Fra: 981 | Rendering 25 / 32 samples
04:13.399  render           | Fra: 981 | Rendering 32 / 32 samples
04:13.409  render           | Video append frame 981
04:13.409  render           | Time: 00:00.21 (Saving: 00:00.00)
04:13.409  render           | Rendering frame 982
04:13.409  render           | Start rendering: MORI_Assembly_Animation, 视图层
04:13.409  render           | Engine: EEVEE
04:13.449  render           | Fra: 982 | Rendering 1 / 32 samples
04:13.576  render           | Fra: 982 | Rendering 25 / 32 samples
04:13.611  render           | Fra: 982 | Rendering 32 / 32 samples
04:13.623  render           | Video append frame 982
04:13.623  render           | Time: 00:00.21 (Saving: 00:00.00)
04:13.623  render           | Rendering frame 983
04:13.623  render           | Start rendering: MORI_Assembly_Animation, 视图层
04:13.623  render           | Engine: EEVEE
04:13.667  render           | Fra: 983 | Rendering 1 / 32 samples
04:13.800  render           | Fra: 983 | Rendering 25 / 32 samples
04:13.838  render           | Fra: 983 | Rendering 32 / 32 samples
04:13.851  render           | Video append frame 983
04:13.851  render           | Time: 00:00.22 (Saving: 00:00.00)
04:13.851  render           | Rendering frame 984
04:13.851  render           | Start rendering: MORI_Assembly_Animation, 视图层
04:13.851  render           | Engine: EEVEE
04:13.895  render           | Fra: 984 | Rendering 1 / 32 samples
04:14.034  render           | Fra: 984 | Rendering 25 / 32 samples
04:14.072  render           | Fra: 984 | Rendering 32 / 32 samples
04:14.085  render           | Video append frame 984
04:14.085  render           | Time: 00:00.23 (Saving: 00:00.00)
04:14.085  render           | Rendering frame 985
04:14.085  render           | Start rendering: MORI_Assembly_Animation, 视图层
04:14.085  render           | Engine: EEVEE
04:14.131  render           | Fra: 985 | Rendering 1 / 32 samples
04:14.278  render           | Fra: 985 | Rendering 25 / 32 samples
04:14.321  render           | Fra: 985 | Rendering 32 / 32 samples
04:14.334  render           | Video append frame 985
04:14.334  render           | Time: 00:00.24 (Saving: 00:00.00)
04:14.334  render           | Rendering frame 986
04:14.334  render           | Start rendering: MORI_Assembly_Animation, 视图层
04:14.334  render           | Engine: EEVEE
04:14.379  render           | Fra: 986 | Rendering 1 / 32 samples
04:14.522  render           | Fra: 986 | Rendering 25 / 32 samples
04:14.564  render           | Fra: 986 | Rendering 32 / 32 samples
04:14.577  render           | Video append frame 986
04:14.577  render           | Time: 00:00.24 (Saving: 00:00.00)
04:14.577  render           | Rendering frame 987
04:14.577  render           | Start rendering: MORI_Assembly_Animation, 视图层
04:14.577  render           | Engine: EEVEE
04:14.623  render           | Fra: 987 | Rendering 1 / 32 samples
04:14.764  render           | Fra: 987 | Rendering 25 / 32 samples
04:14.803  render           | Fra: 987 | Rendering 32 / 32 samples
04:14.815  render           | Video append frame 987
04:14.815  render           | Time: 00:00.23 (Saving: 00:00.00)
04:14.815  render           | Rendering frame 988
04:14.816  render           | Start rendering: MORI_Assembly_Animation, 视图层
04:14.816  render           | Engine: EEVEE
04:14.860  render           | Fra: 988 | Rendering 1 / 32 samples
04:14.994  render           | Fra: 988 | Rendering 25 / 32 samples
04:15.033  render           | Fra: 988 | Rendering 32 / 32 samples
04:15.046  render           | Video append frame 988
04:15.046  render           | Time: 00:00.23 (Saving: 00:00.00)
04:15.046  render           | Rendering frame 989
04:15.047  render           | Start rendering: MORI_Assembly_Animation, 视图层
04:15.047  render           | Engine: EEVEE
04:15.094  render           | Fra: 989 | Rendering 1 / 32 samples
04:15.227  render           | Fra: 989 | Rendering 25 / 32 samples
04:15.266  render           | Fra: 989 | Rendering 32 / 32 samples
04:15.279  render           | Video append frame 989
04:15.279  render           | Time: 00:00.23 (Saving: 00:00.00)
04:15.279  render           | Rendering frame 990
04:15.279  render           | Start rendering: MORI_Assembly_Animation, 视图层
04:15.279  render           | Engine: EEVEE
04:15.325  render           | Fra: 990 | Rendering 1 / 32 samples
04:15.459  render           | Fra: 990 | Rendering 25 / 32 samples
04:15.499  render           | Fra: 990 | Rendering 32 / 32 samples
04:15.512  render           | Video append frame 990
04:15.512  render           | Time: 00:00.23 (Saving: 00:00.00)
04:15.512  render           | Rendering frame 991
04:15.513  render           | Start rendering: MORI_Assembly_Animation, 视图层
04:15.513  render           | Engine: EEVEE
04:15.558  render           | Fra: 991 | Rendering 1 / 32 samples
04:15.691  render           | Fra: 991 | Rendering 25 / 32 samples
04:15.730  render           | Fra: 991 | Rendering 32 / 32 samples
04:15.741  render           | Video append frame 991
04:15.741  render           | Time: 00:00.22 (Saving: 00:00.00)
04:15.741  render           | Rendering frame 992
04:15.741  render           | Start rendering: MORI_Assembly_Animation, 视图层
04:15.741  render           | Engine: EEVEE
04:15.784  render           | Fra: 992 | Rendering 1 / 32 samples
04:15.919  render           | Fra: 992 | Rendering 25 / 32 samples
04:15.957  render           | Fra: 992 | Rendering 32 / 32 samples
04:15.967  render           | Video append frame 992
04:15.967  render           | Time: 00:00.22 (Saving: 00:00.00)
04:15.967  render           | Rendering frame 993
04:15.967  render           | Start rendering: MORI_Assembly_Animation, 视图层
04:15.967  render           | Engine: EEVEE
04:16.012  render           | Fra: 993 | Rendering 1 / 32 samples
04:16.146  render           | Fra: 993 | Rendering 25 / 32 samples
04:16.183  render           | Fra: 993 | Rendering 32 / 32 samples
04:16.194  render           | Video append frame 993
04:16.194  render           | Time: 00:00.22 (Saving: 00:00.00)
04:16.194  render           | Rendering frame 994
04:16.194  render           | Start rendering: MORI_Assembly_Animation, 视图层
04:16.194  render           | Engine: EEVEE
04:16.237  render           | Fra: 994 | Rendering 1 / 32 samples
04:16.371  render           | Fra: 994 | Rendering 25 / 32 samples
04:16.409  render           | Fra: 994 | Rendering 32 / 32 samples
04:16.422  render           | Video append frame 994
04:16.422  render           | Time: 00:00.22 (Saving: 00:00.00)
04:16.422  render           | Rendering frame 995
04:16.422  render           | Start rendering: MORI_Assembly_Animation, 视图层
04:16.422  render           | Engine: EEVEE
04:16.466  render           | Fra: 995 | Rendering 1 / 32 samples
04:16.591  render           | Fra: 995 | Rendering 25 / 32 samples
04:16.631  render           | Fra: 995 | Rendering 32 / 32 samples
04:16.643  render           | Video append frame 995
04:16.643  render           | Time: 00:00.22 (Saving: 00:00.00)
04:16.643  render           | Rendering frame 996
04:16.643  render           | Start rendering: MORI_Assembly_Animation, 视图层
04:16.643  render           | Engine: EEVEE
04:16.688  render           | Fra: 996 | Rendering 1 / 32 samples
04:16.823  render           | Fra: 996 | Rendering 25 / 32 samples
04:16.860  render           | Fra: 996 | Rendering 32 / 32 samples
04:16.874  render           | Video append frame 996
04:16.874  render           | Time: 00:00.23 (Saving: 00:00.00)
04:16.874  render           | Rendering frame 997
04:16.874  render           | Start rendering: MORI_Assembly_Animation, 视图层
04:16.874  render           | Engine: EEVEE
04:16.918  render           | Fra: 997 | Rendering 1 / 32 samples
04:17.050  render           | Fra: 997 | Rendering 25 / 32 samples
04:17.089  render           | Fra: 997 | Rendering 32 / 32 samples
04:17.102  render           | Video append frame 997
04:17.102  render           | Time: 00:00.22 (Saving: 00:00.00)
04:17.102  render           | Rendering frame 998
04:17.103  render           | Start rendering: MORI_Assembly_Animation, 视图层
04:17.103  render           | Engine: EEVEE
04:17.148  render           | Fra: 998 | Rendering 1 / 32 samples
04:17.283  render           | Fra: 998 | Rendering 25 / 32 samples
04:17.323  render           | Fra: 998 | Rendering 32 / 32 samples
04:17.336  render           | Video append frame 998
04:17.336  render           | Time: 00:00.23 (Saving: 00:00.00)
04:17.336  render           | Rendering frame 999
04:17.336  render           | Start rendering: MORI_Assembly_Animation, 视图层
04:17.336  render           | Engine: EEVEE
04:17.381  render           | Fra: 999 | Rendering 1 / 32 samples
04:17.509  render           | Fra: 999 | Rendering 25 / 32 samples
04:17.546  render           | Fra: 999 | Rendering 32 / 32 samples
04:17.558  render           | Video append frame 999
04:17.558  render           | Time: 00:00.22 (Saving: 00:00.00)
04:17.558  render           | Rendering frame 1000
04:17.559  render           | Start rendering: MORI_Assembly_Animation, 视图层
04:17.559  render           | Engine: EEVEE
04:17.603  render           | Fra: 1000 | Rendering 1 / 32 samples
04:17.737  render           | Fra: 1000 | Rendering 25 / 32 samples
04:17.776  render           | Fra: 1000 | Rendering 32 / 32 samples
04:17.788  render           | Video append frame 1000
04:17.788  render           | Time: 00:00.22 (Saving: 00:00.00)
04:17.788  render           | Rendering frame 1001
04:17.788  render           | Start rendering: MORI_Assembly_Animation, 视图层
04:17.788  render           | Engine: EEVEE
04:17.831  render           | Fra: 1001 | Rendering 1 / 32 samples
04:17.962  render           | Fra: 1001 | Rendering 25 / 32 samples
04:18.002  render           | Fra: 1001 | Rendering 32 / 32 samples
04:18.016  render           | Video append frame 1001
04:18.016  render           | Time: 00:00.22 (Saving: 00:00.00)
04:18.016  render           | Rendering frame 1002
04:18.016  render           | Start rendering: MORI_Assembly_Animation, 视图层
04:18.016  render           | Engine: EEVEE
04:18.060  render           | Fra: 1002 | Rendering 1 / 32 samples
04:18.193  render           | Fra: 1002 | Rendering 25 / 32 samples
04:18.233  render           | Fra: 1002 | Rendering 32 / 32 samples
04:18.246  render           | Video append frame 1002
04:18.246  render           | Time: 00:00.23 (Saving: 00:00.00)
04:18.246  render           | Rendering frame 1003
04:18.246  render           | Start rendering: MORI_Assembly_Animation, 视图层
04:18.246  render           | Engine: EEVEE
04:18.291  render           | Fra: 1003 | Rendering 1 / 32 samples
04:18.421  render           | Fra: 1003 | Rendering 25 / 32 samples
04:18.457  render           | Fra: 1003 | Rendering 32 / 32 samples
04:18.469  render           | Video append frame 1003
04:18.469  render           | Time: 00:00.22 (Saving: 00:00.00)
04:18.469  render           | Rendering frame 1004
04:18.469  render           | Start rendering: MORI_Assembly_Animation, 视图层
04:18.469  render           | Engine: EEVEE
04:18.514  render           | Fra: 1004 | Rendering 1 / 32 samples
04:18.641  render           | Fra: 1004 | Rendering 25 / 32 samples
04:18.680  render           | Fra: 1004 | Rendering 32 / 32 samples
04:18.692  render           | Video append frame 1004
04:18.692  render           | Time: 00:00.22 (Saving: 00:00.00)
04:18.692  render           | Rendering frame 1005
04:18.692  render           | Start rendering: MORI_Assembly_Animation, 视图层
04:18.692  render           | Engine: EEVEE
04:18.737  render           | Fra: 1005 | Rendering 1 / 32 samples
04:18.870  render           | Fra: 1005 | Rendering 25 / 32 samples
04:18.909  render           | Fra: 1005 | Rendering 32 / 32 samples
04:18.920  render           | Video append frame 1005
04:18.920  render           | Time: 00:00.22 (Saving: 00:00.00)
04:18.920  render           | Rendering frame 1006
04:18.920  render           | Start rendering: MORI_Assembly_Animation, 视图层
04:18.920  render           | Engine: EEVEE
04:18.961  render           | Fra: 1006 | Rendering 1 / 32 samples
04:19.091  render           | Fra: 1006 | Rendering 25 / 32 samples
04:19.129  render           | Fra: 1006 | Rendering 32 / 32 samples
04:19.140  render           | Video append frame 1006
04:19.140  render           | Time: 00:00.22 (Saving: 00:00.00)
04:19.140  render           | Rendering frame 1007
04:19.140  render           | Start rendering: MORI_Assembly_Animation, 视图层
04:19.140  render           | Engine: EEVEE
04:19.182  render           | Fra: 1007 | Rendering 1 / 32 samples
04:19.315  render           | Fra: 1007 | Rendering 25 / 32 samples
04:19.353  render           | Fra: 1007 | Rendering 32 / 32 samples
04:19.365  render           | Video append frame 1007
04:19.365  render           | Time: 00:00.22 (Saving: 00:00.00)
04:19.365  render           | Rendering frame 1008
04:19.366  render           | Start rendering: MORI_Assembly_Animation, 视图层
04:19.366  render           | Engine: EEVEE
04:19.412  render           | Fra: 1008 | Rendering 1 / 32 samples
04:19.543  render           | Fra: 1008 | Rendering 25 / 32 samples
04:19.583  render           | Fra: 1008 | Rendering 32 / 32 samples
04:19.596  render           | Video append frame 1008
04:19.596  render           | Time: 00:00.23 (Saving: 00:00.00)
04:19.596  render           | Rendering frame 1009
04:19.596  render           | Start rendering: MORI_Assembly_Animation, 视图层
04:19.596  render           | Engine: EEVEE
04:19.641  render           | Fra: 1009 | Rendering 1 / 32 samples
04:19.776  render           | Fra: 1009 | Rendering 25 / 32 samples
04:19.814  render           | Fra: 1009 | Rendering 32 / 32 samples
04:19.826  render           | Video append frame 1009
04:19.826  render           | Time: 00:00.22 (Saving: 00:00.00)
04:19.826  render           | Rendering frame 1010
04:19.826  render           | Start rendering: MORI_Assembly_Animation, 视图层
04:19.826  render           | Engine: EEVEE
04:19.876  render           | Fra: 1010 | Rendering 1 / 32 samples
04:20.011  render           | Fra: 1010 | Rendering 25 / 32 samples
04:20.050  render           | Fra: 1010 | Rendering 32 / 32 samples
04:20.062  render           | Video append frame 1010
04:20.062  render           | Time: 00:00.23 (Saving: 00:00.00)
04:20.062  render           | Rendering frame 1011
04:20.062  render           | Start rendering: MORI_Assembly_Animation, 视图层
04:20.062  render           | Engine: EEVEE
04:20.107  render           | Fra: 1011 | Rendering 1 / 32 samples
04:20.242  render           | Fra: 1011 | Rendering 25 / 32 samples
04:20.282  render           | Fra: 1011 | Rendering 32 / 32 samples
04:20.295  render           | Video append frame 1011
04:20.295  render           | Time: 00:00.23 (Saving: 00:00.00)
04:20.295  render           | Rendering frame 1012
04:20.295  render           | Start rendering: MORI_Assembly_Animation, 视图层
04:20.295  render           | Engine: EEVEE
04:20.341  render           | Fra: 1012 | Rendering 1 / 32 samples
04:20.474  render           | Fra: 1012 | Rendering 25 / 32 samples
04:20.514  render           | Fra: 1012 | Rendering 32 / 32 samples
04:20.526  render           | Video append frame 1012
04:20.526  render           | Time: 00:00.23 (Saving: 00:00.00)
04:20.526  render           | Rendering frame 1013
04:20.526  render           | Start rendering: MORI_Assembly_Animation, 视图层
04:20.526  render           | Engine: EEVEE
04:20.570  render           | Fra: 1013 | Rendering 1 / 32 samples
04:20.713  render           | Fra: 1013 | Rendering 25 / 32 samples
04:20.753  render           | Fra: 1013 | Rendering 32 / 32 samples
04:20.765  render           | Video append frame 1013
04:20.765  render           | Time: 00:00.23 (Saving: 00:00.00)
04:20.765  render           | Rendering frame 1014
04:20.765  render           | Start rendering: MORI_Assembly_Animation, 视图层
04:20.765  render           | Engine: EEVEE
04:20.810  render           | Fra: 1014 | Rendering 1 / 32 samples
04:20.947  render           | Fra: 1014 | Rendering 25 / 32 samples
04:20.987  render           | Fra: 1014 | Rendering 32 / 32 samples
04:21.000  render           | Video append frame 1014
04:21.000  render           | Time: 00:00.23 (Saving: 00:00.00)
04:21.000  render           | Rendering frame 1015
04:21.001  render           | Start rendering: MORI_Assembly_Animation, 视图层
04:21.001  render           | Engine: EEVEE
04:21.046  render           | Fra: 1015 | Rendering 1 / 32 samples
04:21.195  render           | Fra: 1015 | Rendering 25 / 32 samples
04:21.233  render           | Fra: 1015 | Rendering 32 / 32 samples
04:21.247  render           | Video append frame 1015
04:21.247  render           | Time: 00:00.24 (Saving: 00:00.00)
04:21.247  render           | Rendering frame 1016
04:21.247  render           | Start rendering: MORI_Assembly_Animation, 视图层
04:21.247  render           | Engine: EEVEE
04:21.292  render           | Fra: 1016 | Rendering 1 / 32 samples
04:21.426  render           | Fra: 1016 | Rendering 25 / 32 samples
04:21.465  render           | Fra: 1016 | Rendering 32 / 32 samples
04:21.479  render           | Video append frame 1016
04:21.479  render           | Time: 00:00.23 (Saving: 00:00.00)
04:21.479  render           | Rendering frame 1017
04:21.479  render           | Start rendering: MORI_Assembly_Animation, 视图层
04:21.479  render           | Engine: EEVEE
04:21.524  render           | Fra: 1017 | Rendering 1 / 32 samples
04:21.671  render           | Fra: 1017 | Rendering 25 / 32 samples
04:21.714  render           | Fra: 1017 | Rendering 32 / 32 samples
04:21.728  render           | Video append frame 1017
04:21.728  render           | Time: 00:00.24 (Saving: 00:00.00)
04:21.729  render           | Rendering frame 1018
04:21.729  render           | Start rendering: MORI_Assembly_Animation, 视图层
04:21.729  render           | Engine: EEVEE
04:21.775  render           | Fra: 1018 | Rendering 1 / 32 samples
04:21.922  render           | Fra: 1018 | Rendering 25 / 32 samples
04:21.963  render           | Fra: 1018 | Rendering 32 / 32 samples
04:21.977  render           | Video append frame 1018
04:21.977  render           | Time: 00:00.24 (Saving: 00:00.00)
04:21.977  render           | Rendering frame 1019
04:21.977  render           | Start rendering: MORI_Assembly_Animation, 视图层
04:21.977  render           | Engine: EEVEE
04:22.024  render           | Fra: 1019 | Rendering 1 / 32 samples
04:22.169  render           | Fra: 1019 | Rendering 25 / 32 samples
04:22.211  render           | Fra: 1019 | Rendering 32 / 32 samples
04:22.223  render           | Video append frame 1019
04:22.223  render           | Time: 00:00.24 (Saving: 00:00.00)
04:22.223  render           | Rendering frame 1020
04:22.224  render           | Start rendering: MORI_Assembly_Animation, 视图层
04:22.224  render           | Engine: EEVEE
04:22.271  render           | Fra: 1020 | Rendering 1 / 32 samples
04:22.414  render           | Fra: 1020 | Rendering 25 / 32 samples
04:22.455  render           | Fra: 1020 | Rendering 32 / 32 samples
04:22.469  render           | Video append frame 1020
04:22.469  render           | Time: 00:00.24 (Saving: 00:00.00)
04:22.469  render           | Rendering frame 1021
04:22.469  render           | Start rendering: MORI_Assembly_Animation, 视图层
04:22.469  render           | Engine: EEVEE
04:22.514  render           | Fra: 1021 | Rendering 1 / 32 samples
04:22.656  render           | Fra: 1021 | Rendering 25 / 32 samples
04:22.696  render           | Fra: 1021 | Rendering 32 / 32 samples
04:22.709  render           | Video append frame 1021
04:22.709  render           | Time: 00:00.23 (Saving: 00:00.00)
04:22.709  render           | Rendering frame 1022
04:22.709  render           | Start rendering: MORI_Assembly_Animation, 视图层
04:22.709  render           | Engine: EEVEE
04:22.756  render           | Fra: 1022 | Rendering 1 / 32 samples
04:22.892  render           | Fra: 1022 | Rendering 25 / 32 samples
04:22.930  render           | Fra: 1022 | Rendering 32 / 32 samples
04:22.939  render           | Video append frame 1022
04:22.939  render           | Time: 00:00.23 (Saving: 00:00.00)
04:22.939  render           | Rendering frame 1023
04:22.940  render           | Start rendering: MORI_Assembly_Animation, 视图层
04:22.940  render           | Engine: EEVEE
04:22.984  render           | Fra: 1023 | Rendering 1 / 32 samples
04:23.118  render           | Fra: 1023 | Rendering 25 / 32 samples
04:23.156  render           | Fra: 1023 | Rendering 32 / 32 samples
04:23.168  render           | Video append frame 1023
04:23.169  render           | Time: 00:00.22 (Saving: 00:00.00)
04:23.169  render           | Rendering frame 1024
04:23.169  render           | Start rendering: MORI_Assembly_Animation, 视图层
04:23.169  render           | Engine: EEVEE
04:23.214  render           | Fra: 1024 | Rendering 1 / 32 samples
04:23.349  render           | Fra: 1024 | Rendering 25 / 32 samples
04:23.388  render           | Fra: 1024 | Rendering 32 / 32 samples
04:23.400  render           | Video append frame 1024
04:23.400  render           | Time: 00:00.23 (Saving: 00:00.00)
04:23.400  render           | Rendering frame 1025
04:23.400  render           | Start rendering: MORI_Assembly_Animation, 视图层
04:23.400  render           | Engine: EEVEE
04:23.447  render           | Fra: 1025 | Rendering 1 / 32 samples
04:23.581  render           | Fra: 1025 | Rendering 25 / 32 samples
04:23.620  render           | Fra: 1025 | Rendering 32 / 32 samples
04:23.632  render           | Video append frame 1025
04:23.632  render           | Time: 00:00.23 (Saving: 00:00.00)
04:23.632  render           | Rendering frame 1026
04:23.633  render           | Start rendering: MORI_Assembly_Animation, 视图层
04:23.633  render           | Engine: EEVEE
04:23.681  render           | Fra: 1026 | Rendering 1 / 32 samples
04:23.819  render           | Fra: 1026 | Rendering 25 / 32 samples
04:23.857  render           | Fra: 1026 | Rendering 32 / 32 samples
04:23.869  render           | Video append frame 1026
04:23.869  render           | Time: 00:00.23 (Saving: 00:00.00)
04:23.869  render           | Rendering frame 1027
04:23.869  render           | Start rendering: MORI_Assembly_Animation, 视图层
04:23.869  render           | Engine: EEVEE
04:23.916  render           | Fra: 1027 | Rendering 1 / 32 samples
04:24.052  render           | Fra: 1027 | Rendering 25 / 32 samples
04:24.090  render           | Fra: 1027 | Rendering 32 / 32 samples
04:24.100  render           | Video append frame 1027
04:24.100  render           | Time: 00:00.23 (Saving: 00:00.00)
04:24.100  render           | Rendering frame 1028
04:24.101  render           | Start rendering: MORI_Assembly_Animation, 视图层
04:24.101  render           | Engine: EEVEE
04:24.145  render           | Fra: 1028 | Rendering 1 / 32 samples
04:24.279  render           | Fra: 1028 | Rendering 25 / 32 samples
04:24.317  render           | Fra: 1028 | Rendering 32 / 32 samples
04:24.329  render           | Video append frame 1028
04:24.329  render           | Time: 00:00.22 (Saving: 00:00.00)
04:24.329  render           | Rendering frame 1029
04:24.329  render           | Start rendering: MORI_Assembly_Animation, 视图层
04:24.329  render           | Engine: EEVEE
04:24.371  render           | Fra: 1029 | Rendering 1 / 32 samples
04:24.503  render           | Fra: 1029 | Rendering 25 / 32 samples
04:24.541  render           | Fra: 1029 | Rendering 32 / 32 samples
04:24.552  render           | Video append frame 1029
04:24.552  render           | Time: 00:00.22 (Saving: 00:00.00)
04:24.552  render           | Rendering frame 1030
04:24.553  render           | Start rendering: MORI_Assembly_Animation, 视图层
04:24.553  render           | Engine: EEVEE
04:24.600  render           | Fra: 1030 | Rendering 1 / 32 samples
04:24.736  render           | Fra: 1030 | Rendering 25 / 32 samples
04:24.775  render           | Fra: 1030 | Rendering 32 / 32 samples
04:24.787  render           | Video append frame 1030
04:24.787  render           | Time: 00:00.23 (Saving: 00:00.00)
04:24.787  render           | Rendering frame 1031
04:24.787  render           | Start rendering: MORI_Assembly_Animation, 视图层
04:24.787  render           | Engine: EEVEE
04:24.836  render           | Fra: 1031 | Rendering 1 / 32 samples
04:24.970  render           | Fra: 1031 | Rendering 25 / 32 samples
04:25.008  render           | Fra: 1031 | Rendering 32 / 32 samples
04:25.022  render           | Video append frame 1031
04:25.022  render           | Time: 00:00.23 (Saving: 00:00.00)
04:25.022  render           | Rendering frame 1032
04:25.022  render           | Start rendering: MORI_Assembly_Animation, 视图层
04:25.022  render           | Engine: EEVEE
04:25.069  render           | Fra: 1032 | Rendering 1 / 32 samples
04:25.216  render           | Fra: 1032 | Rendering 25 / 32 samples
04:25.258  render           | Fra: 1032 | Rendering 32 / 32 samples
04:25.272  render           | Video append frame 1032
04:25.272  render           | Time: 00:00.25 (Saving: 00:00.00)
04:25.272  render           | Rendering frame 1033
04:25.272  render           | Start rendering: MORI_Assembly_Animation, 视图层
04:25.272  render           | Engine: EEVEE
04:25.318  render           | Fra: 1033 | Rendering 1 / 32 samples
04:25.459  render           | Fra: 1033 | Rendering 25 / 32 samples
04:25.501  render           | Fra: 1033 | Rendering 32 / 32 samples
04:25.514  render           | Video append frame 1033
04:25.514  render           | Time: 00:00.24 (Saving: 00:00.00)
04:25.514  render           | Rendering frame 1034
04:25.514  render           | Start rendering: MORI_Assembly_Animation, 视图层
04:25.514  render           | Engine: EEVEE
04:25.559  render           | Fra: 1034 | Rendering 1 / 32 samples
04:25.703  render           | Fra: 1034 | Rendering 25 / 32 samples
04:25.742  render           | Fra: 1034 | Rendering 32 / 32 samples
04:25.754  render           | Video append frame 1034
04:25.754  render           | Time: 00:00.23 (Saving: 00:00.00)
04:25.754  render           | Rendering frame 1035
04:25.754  render           | Start rendering: MORI_Assembly_Animation, 视图层
04:25.754  render           | Engine: EEVEE
04:25.801  render           | Fra: 1035 | Rendering 1 / 32 samples
04:25.935  render           | Fra: 1035 | Rendering 25 / 32 samples
04:25.972  render           | Fra: 1035 | Rendering 32 / 32 samples
04:25.984  render           | Video append frame 1035
04:25.984  render           | Time: 00:00.23 (Saving: 00:00.00)
04:25.984  render           | Rendering frame 1036
04:25.984  render           | Start rendering: MORI_Assembly_Animation, 视图层
04:25.984  render           | Engine: EEVEE
04:26.030  render           | Fra: 1036 | Rendering 1 / 32 samples
04:26.166  render           | Fra: 1036 | Rendering 25 / 32 samples
04:26.206  render           | Fra: 1036 | Rendering 32 / 32 samples
04:26.218  render           | Video append frame 1036
04:26.218  render           | Time: 00:00.23 (Saving: 00:00.00)
04:26.218  render           | Rendering frame 1037
04:26.219  render           | Start rendering: MORI_Assembly_Animation, 视图层
04:26.219  render           | Engine: EEVEE
04:26.264  render           | Fra: 1037 | Rendering 1 / 32 samples
04:26.397  render           | Fra: 1037 | Rendering 25 / 32 samples
04:26.434  render           | Fra: 1037 | Rendering 32 / 32 samples
04:26.446  render           | Video append frame 1037
04:26.446  render           | Time: 00:00.22 (Saving: 00:00.00)
04:26.446  render           | Rendering frame 1038
04:26.447  render           | Start rendering: MORI_Assembly_Animation, 视图层
04:26.447  render           | Engine: EEVEE
04:26.492  render           | Fra: 1038 | Rendering 1 / 32 samples
04:26.624  render           | Fra: 1038 | Rendering 25 / 32 samples
04:26.664  render           | Fra: 1038 | Rendering 32 / 32 samples
04:26.676  render           | Video append frame 1038
04:26.676  render           | Time: 00:00.22 (Saving: 00:00.00)
04:26.676  render           | Rendering frame 1039
04:26.677  render           | Start rendering: MORI_Assembly_Animation, 视图层
04:26.677  render           | Engine: EEVEE
04:26.720  render           | Fra: 1039 | Rendering 1 / 32 samples
04:26.854  render           | Fra: 1039 | Rendering 25 / 32 samples
04:26.893  render           | Fra: 1039 | Rendering 32 / 32 samples
04:26.906  render           | Video append frame 1039
04:26.906  render           | Time: 00:00.22 (Saving: 00:00.00)
04:26.906  render           | Rendering frame 1040
04:26.906  render           | Start rendering: MORI_Assembly_Animation, 视图层
04:26.906  render           | Engine: EEVEE
04:26.951  render           | Fra: 1040 | Rendering 1 / 32 samples
04:27.086  render           | Fra: 1040 | Rendering 25 / 32 samples
04:27.125  render           | Fra: 1040 | Rendering 32 / 32 samples
04:27.139  render           | Video append frame 1040
04:27.139  render           | Time: 00:00.23 (Saving: 00:00.00)
04:27.139  render           | Rendering frame 1041
04:27.139  render           | Start rendering: MORI_Assembly_Animation, 视图层
04:27.139  render           | Engine: EEVEE
04:27.186  render           | Fra: 1041 | Rendering 1 / 32 samples
04:27.323  render           | Fra: 1041 | Rendering 25 / 32 samples
04:27.360  render           | Fra: 1041 | Rendering 32 / 32 samples
04:27.372  render           | Video append frame 1041
04:27.372  render           | Time: 00:00.23 (Saving: 00:00.00)
04:27.372  render           | Rendering frame 1042
04:27.372  render           | Start rendering: MORI_Assembly_Animation, 视图层
04:27.372  render           | Engine: EEVEE
04:27.417  render           | Fra: 1042 | Rendering 1 / 32 samples
04:27.540  render           | Fra: 1042 | Rendering 25 / 32 samples
04:27.580  render           | Fra: 1042 | Rendering 32 / 32 samples
04:27.591  render           | Video append frame 1042
04:27.591  render           | Time: 00:00.21 (Saving: 00:00.00)
04:27.591  render           | Rendering frame 1043
04:27.591  render           | Start rendering: MORI_Assembly_Animation, 视图层
04:27.591  render           | Engine: EEVEE
04:27.636  render           | Fra: 1043 | Rendering 1 / 32 samples
04:27.770  render           | Fra: 1043 | Rendering 25 / 32 samples
04:27.808  render           | Fra: 1043 | Rendering 32 / 32 samples
04:27.822  render           | Video append frame 1043
04:27.822  render           | Time: 00:00.23 (Saving: 00:00.00)
04:27.822  render           | Rendering frame 1044
04:27.822  render           | Start rendering: MORI_Assembly_Animation, 视图层
04:27.822  render           | Engine: EEVEE
04:27.867  render           | Fra: 1044 | Rendering 1 / 32 samples
04:28.000  render           | Fra: 1044 | Rendering 25 / 32 samples
04:28.037  render           | Fra: 1044 | Rendering 32 / 32 samples
04:28.051  render           | Video append frame 1044
04:28.051  render           | Time: 00:00.22 (Saving: 00:00.00)
04:28.051  render           | Rendering frame 1045
04:28.051  render           | Start rendering: MORI_Assembly_Animation, 视图层
04:28.051  render           | Engine: EEVEE
04:28.096  render           | Fra: 1045 | Rendering 1 / 32 samples
04:28.232  render           | Fra: 1045 | Rendering 25 / 32 samples
04:28.271  render           | Fra: 1045 | Rendering 32 / 32 samples
04:28.284  render           | Video append frame 1045
04:28.284  render           | Time: 00:00.23 (Saving: 00:00.00)
04:28.284  render           | Rendering frame 1046
04:28.284  render           | Start rendering: MORI_Assembly_Animation, 视图层
04:28.284  render           | Engine: EEVEE
04:28.329  render           | Fra: 1046 | Rendering 1 / 32 samples
04:28.473  render           | Fra: 1046 | Rendering 25 / 32 samples
04:28.516  render           | Fra: 1046 | Rendering 32 / 32 samples
04:28.529  render           | Video append frame 1046
04:28.529  render           | Time: 00:00.24 (Saving: 00:00.00)
04:28.529  render           | Rendering frame 1047
04:28.529  render           | Start rendering: MORI_Assembly_Animation, 视图层
04:28.529  render           | Engine: EEVEE
04:28.575  render           | Fra: 1047 | Rendering 1 / 32 samples
04:28.722  render           | Fra: 1047 | Rendering 25 / 32 samples
04:28.764  render           | Fra: 1047 | Rendering 32 / 32 samples
04:28.776  render           | Video append frame 1047
04:28.776  render           | Time: 00:00.24 (Saving: 00:00.00)
04:28.776  render           | Rendering frame 1048
04:28.776  render           | Start rendering: MORI_Assembly_Animation, 视图层
04:28.776  render           | Engine: EEVEE
04:28.823  render           | Fra: 1048 | Rendering 1 / 32 samples
04:28.965  render           | Fra: 1048 | Rendering 25 / 32 samples
04:29.006  render           | Fra: 1048 | Rendering 32 / 32 samples
04:29.019  render           | Video append frame 1048
04:29.019  render           | Time: 00:00.24 (Saving: 00:00.00)
04:29.019  render           | Rendering frame 1049
04:29.019  render           | Start rendering: MORI_Assembly_Animation, 视图层
04:29.019  render           | Engine: EEVEE
04:29.067  render           | Fra: 1049 | Rendering 1 / 32 samples
04:29.213  render           | Fra: 1049 | Rendering 25 / 32 samples
04:29.256  render           | Fra: 1049 | Rendering 32 / 32 samples
04:29.269  render           | Video append frame 1049
04:29.269  render           | Time: 00:00.24 (Saving: 00:00.00)
04:29.269  render           | Rendering frame 1050
04:29.269  render           | Start rendering: MORI_Assembly_Animation, 视图层
04:29.269  render           | Engine: EEVEE
04:29.316  render           | Fra: 1050 | Rendering 1 / 32 samples
04:29.457  render           | Fra: 1050 | Rendering 25 / 32 samples
04:29.497  render           | Fra: 1050 | Rendering 32 / 32 samples
04:29.511  render           | Video append frame 1050
04:29.511  render           | Time: 00:00.24 (Saving: 00:00.00)
04:29.511  render           | Rendering frame 1051
04:29.511  render           | Start rendering: MORI_Assembly_Animation, 视图层
04:29.511  render           | Engine: EEVEE
04:29.557  render           | Fra: 1051 | Rendering 1 / 32 samples
04:29.705  render           | Fra: 1051 | Rendering 25 / 32 samples
04:29.749  render           | Fra: 1051 | Rendering 32 / 32 samples
04:29.764  render           | Video append frame 1051
04:29.764  render           | Time: 00:00.25 (Saving: 00:00.00)
04:29.764  render           | Rendering frame 1052
04:29.764  render           | Start rendering: MORI_Assembly_Animation, 视图层
04:29.764  render           | Engine: EEVEE
04:29.813  render           | Fra: 1052 | Rendering 1 / 32 samples
04:29.959  render           | Fra: 1052 | Rendering 25 / 32 samples
04:30.001  render           | Fra: 1052 | Rendering 32 / 32 samples
04:30.015  render           | Video append frame 1052
04:30.015  render           | Time: 00:00.25 (Saving: 00:00.00)
04:30.015  render           | Rendering frame 1053
04:30.015  render           | Start rendering: MORI_Assembly_Animation, 视图层
04:30.015  render           | Engine: EEVEE
04:30.063  render           | Fra: 1053 | Rendering 1 / 32 samples
04:30.208  render           | Fra: 1053 | Rendering 25 / 32 samples
04:30.250  render           | Fra: 1053 | Rendering 32 / 32 samples
04:30.263  render           | Video append frame 1053
04:30.263  render           | Time: 00:00.24 (Saving: 00:00.00)
04:30.263  render           | Rendering frame 1054
04:30.263  render           | Start rendering: MORI_Assembly_Animation, 视图层
04:30.263  render           | Engine: EEVEE
04:30.307  render           | Fra: 1054 | Rendering 1 / 32 samples
04:30.450  render           | Fra: 1054 | Rendering 25 / 32 samples
04:30.492  render           | Fra: 1054 | Rendering 32 / 32 samples
04:30.503  render           | Video append frame 1054
04:30.503  render           | Time: 00:00.23 (Saving: 00:00.00)
04:30.503  render           | Rendering frame 1055
04:30.503  render           | Start rendering: MORI_Assembly_Animation, 视图层
04:30.503  render           | Engine: EEVEE
04:30.547  render           | Fra: 1055 | Rendering 1 / 32 samples
04:30.689  render           | Fra: 1055 | Rendering 25 / 32 samples
04:30.729  render           | Fra: 1055 | Rendering 32 / 32 samples
04:30.742  render           | Video append frame 1055
04:30.742  render           | Time: 00:00.23 (Saving: 00:00.00)
04:30.742  render           | Rendering frame 1056
04:30.742  render           | Start rendering: MORI_Assembly_Animation, 视图层
04:30.742  render           | Engine: EEVEE
04:30.787  render           | Fra: 1056 | Rendering 1 / 32 samples
04:30.933  render           | Fra: 1056 | Rendering 25 / 32 samples
04:30.973  render           | Fra: 1056 | Rendering 32 / 32 samples
04:30.987  render           | Video append frame 1056
04:30.987  render           | Time: 00:00.24 (Saving: 00:00.00)
04:30.987  render           | Rendering frame 1057
04:30.987  render           | Start rendering: MORI_Assembly_Animation, 视图层
04:30.987  render           | Engine: EEVEE
04:31.055  render           | Fra: 1057 | Rendering 1 / 32 samples
04:31.405  render           | Fra: 1057 | Rendering 25 / 32 samples
04:31.501  render           | Fra: 1057 | Rendering 32 / 32 samples
04:31.524  render           | Video append frame 1057
04:31.524  render           | Time: 00:00.53 (Saving: 00:00.01)
04:31.524  render           | Rendering frame 1058
04:31.524  render           | Start rendering: MORI_Assembly_Animation, 视图层
04:31.524  render           | Engine: EEVEE
04:31.582  render           | Fra: 1058 | Rendering 1 / 32 samples
04:31.916  render           | Fra: 1058 | Rendering 25 / 32 samples
04:32.019  render           | Fra: 1058 | Rendering 32 / 32 samples
04:32.040  render           | Video append frame 1058
04:32.040  render           | Time: 00:00.51 (Saving: 00:00.01)
04:32.040  render           | Rendering frame 1059
04:32.040  render           | Start rendering: MORI_Assembly_Animation, 视图层
04:32.040  render           | Engine: EEVEE
04:32.095  render           | Fra: 1059 | Rendering 1 / 32 samples
04:32.430  render           | Fra: 1059 | Rendering 25 / 32 samples
04:32.526  render           | Fra: 1059 | Rendering 32 / 32 samples
04:32.547  render           | Video append frame 1059
04:32.547  render           | Time: 00:00.50 (Saving: 00:00.01)
04:32.547  render           | Rendering frame 1060
04:32.548  render           | Start rendering: MORI_Assembly_Animation, 视图层
04:32.548  render           | Engine: EEVEE
04:32.605  render           | Fra: 1060 | Rendering 1 / 32 samples
04:32.926  render           | Fra: 1060 | Rendering 25 / 32 samples
04:33.025  render           | Fra: 1060 | Rendering 32 / 32 samples
04:33.046  render           | Video append frame 1060
04:33.046  render           | Time: 00:00.49 (Saving: 00:00.01)
04:33.046  render           | Rendering frame 1061
04:33.046  render           | Start rendering: MORI_Assembly_Animation, 视图层
04:33.046  render           | Engine: EEVEE
04:33.103  render           | Fra: 1061 | Rendering 1 / 32 samples
04:33.426  render           | Fra: 1061 | Rendering 25 / 32 samples
04:33.524  render           | Fra: 1061 | Rendering 32 / 32 samples
04:33.547  render           | Video append frame 1061
04:33.547  render           | Time: 00:00.50 (Saving: 00:00.01)
04:33.547  render           | Rendering frame 1062
04:33.547  render           | Start rendering: MORI_Assembly_Animation, 视图层
04:33.547  render           | Engine: EEVEE
04:33.605  render           | Fra: 1062 | Rendering 1 / 32 samples
04:33.951  render           | Fra: 1062 | Rendering 25 / 32 samples
04:34.056  render           | Fra: 1062 | Rendering 32 / 32 samples
04:34.077  render           | Video append frame 1062
04:34.077  render           | Time: 00:00.52 (Saving: 00:00.01)
04:34.077  render           | Rendering frame 1063
04:34.077  render           | Start rendering: MORI_Assembly_Animation, 视图层
04:34.077  render           | Engine: EEVEE
04:34.136  render           | Fra: 1063 | Rendering 1 / 32 samples
04:34.472  render           | Fra: 1063 | Rendering 25 / 32 samples
04:34.572  render           | Fra: 1063 | Rendering 32 / 32 samples
04:34.593  render           | Video append frame 1063
04:34.593  render           | Time: 00:00.51 (Saving: 00:00.01)
04:34.593  render           | Rendering frame 1064
04:34.593  render           | Start rendering: MORI_Assembly_Animation, 视图层
04:34.593  render           | Engine: EEVEE
04:34.648  render           | Fra: 1064 | Rendering 1 / 32 samples
04:34.989  render           | Fra: 1064 | Rendering 25 / 32 samples
04:35.089  render           | Fra: 1064 | Rendering 32 / 32 samples
04:35.110  render           | Video append frame 1064
04:35.110  render           | Time: 00:00.51 (Saving: 00:00.01)
04:35.110  render           | Rendering frame 1065
04:35.110  render           | Start rendering: MORI_Assembly_Animation, 视图层
04:35.111  render           | Engine: EEVEE
04:35.168  render           | Fra: 1065 | Rendering 1 / 32 samples
04:35.509  render           | Fra: 1065 | Rendering 25 / 32 samples
04:35.614  render           | Fra: 1065 | Rendering 32 / 32 samples
04:35.628  render           | Video append frame 1065
04:35.628  render           | Time: 00:00.51 (Saving: 00:00.00)
04:35.628  render           | Rendering frame 1066
04:35.628  render           | Start rendering: MORI_Assembly_Animation, 视图层
04:35.628  render           | Engine: EEVEE
04:35.684  render           | Fra: 1066 | Rendering 1 / 32 samples
04:36.015  render           | Fra: 1066 | Rendering 25 / 32 samples
04:36.109  render           | Fra: 1066 | Rendering 32 / 32 samples
04:36.127  render           | Video append frame 1066
04:36.127  render           | Time: 00:00.49 (Saving: 00:00.01)
04:36.127  render           | Rendering frame 1067
04:36.127  render           | Start rendering: MORI_Assembly_Animation, 视图层
04:36.127  render           | Engine: EEVEE
04:36.185  render           | Fra: 1067 | Rendering 1 / 32 samples
04:36.523  render           | Fra: 1067 | Rendering 25 / 32 samples
04:36.629  render           | Fra: 1067 | Rendering 32 / 32 samples
04:36.649  render           | Video append frame 1067
04:36.649  render           | Time: 00:00.52 (Saving: 00:00.01)
04:36.649  render           | Rendering frame 1068
04:36.650  render           | Start rendering: MORI_Assembly_Animation, 视图层
04:36.650  render           | Engine: EEVEE
04:36.708  render           | Fra: 1068 | Rendering 1 / 32 samples
04:37.055  render           | Fra: 1068 | Rendering 25 / 32 samples
04:37.156  render           | Fra: 1068 | Rendering 32 / 32 samples
04:37.173  render           | Video append frame 1068
04:37.173  render           | Time: 00:00.52 (Saving: 00:00.01)
04:37.173  render           | Rendering frame 1069
04:37.173  render           | Start rendering: MORI_Assembly_Animation, 视图层
04:37.173  render           | Engine: EEVEE
04:37.227  render           | Fra: 1069 | Rendering 1 / 32 samples
04:37.554  render           | Fra: 1069 | Rendering 25 / 32 samples
04:37.649  render           | Fra: 1069 | Rendering 32 / 32 samples
04:37.660  render           | Video append frame 1069
04:37.660  render           | Time: 00:00.48 (Saving: 00:00.00)
04:37.660  render           | Rendering frame 1070
04:37.660  render           | Start rendering: MORI_Assembly_Animation, 视图层
04:37.660  render           | Engine: EEVEE
04:37.714  render           | Fra: 1070 | Rendering 1 / 32 samples
04:38.037  render           | Fra: 1070 | Rendering 25 / 32 samples
04:38.132  render           | Fra: 1070 | Rendering 32 / 32 samples
04:38.141  render           | Video append frame 1070
04:38.141  render           | Time: 00:00.48 (Saving: 00:00.00)
04:38.141  render           | Rendering frame 1071
04:38.141  render           | Start rendering: MORI_Assembly_Animation, 视图层
04:38.141  render           | Engine: EEVEE
04:38.191  render           | Fra: 1071 | Rendering 1 / 32 samples
04:38.539  render           | Fra: 1071 | Rendering 25 / 32 samples
04:38.641  render           | Fra: 1071 | Rendering 32 / 32 samples
04:38.664  render           | Video append frame 1071
04:38.664  render           | Time: 00:00.52 (Saving: 00:00.01)
04:38.664  render           | Rendering frame 1072
04:38.664  render           | Start rendering: MORI_Assembly_Animation, 视图层
04:38.664  render           | Engine: EEVEE
04:38.720  render           | Fra: 1072 | Rendering 1 / 32 samples
04:39.045  render           | Fra: 1072 | Rendering 25 / 32 samples
04:39.142  render           | Fra: 1072 | Rendering 32 / 32 samples
04:39.152  render           | Video append frame 1072
04:39.152  render           | Time: 00:00.48 (Saving: 00:00.00)
04:39.152  render           | Rendering frame 1073
04:39.152  render           | Start rendering: MORI_Assembly_Animation, 视图层
04:39.152  render           | Engine: EEVEE
04:39.205  render           | Fra: 1073 | Rendering 1 / 32 samples
04:39.547  render           | Fra: 1073 | Rendering 25 / 32 samples
04:39.649  render           | Fra: 1073 | Rendering 32 / 32 samples
04:39.674  render           | Video append frame 1073
04:39.674  render           | Time: 00:00.52 (Saving: 00:00.01)
04:39.674  render           | Rendering frame 1074
04:39.675  render           | Start rendering: MORI_Assembly_Animation, 视图层
04:39.675  render           | Engine: EEVEE
04:39.731  render           | Fra: 1074 | Rendering 1 / 32 samples
04:40.056  render           | Fra: 1074 | Rendering 25 / 32 samples
04:40.151  render           | Fra: 1074 | Rendering 32 / 32 samples
04:40.161  render           | Video append frame 1074
04:40.161  render           | Time: 00:00.48 (Saving: 00:00.00)
04:40.161  render           | Rendering frame 1075
04:40.162  render           | Start rendering: MORI_Assembly_Animation, 视图层
04:40.162  render           | Engine: EEVEE
04:40.215  render           | Fra: 1075 | Rendering 1 / 32 samples
04:40.562  render           | Fra: 1075 | Rendering 25 / 32 samples
04:40.668  render           | Fra: 1075 | Rendering 32 / 32 samples
04:40.690  render           | Video append frame 1075
04:40.690  render           | Time: 00:00.52 (Saving: 00:00.01)
04:40.690  render           | Rendering frame 1076
04:40.690  render           | Start rendering: MORI_Assembly_Animation, 视图层
04:40.690  render           | Engine: EEVEE
04:40.748  render           | Fra: 1076 | Rendering 1 / 32 samples
04:41.094  render           | Fra: 1076 | Rendering 25 / 32 samples
04:41.199  render           | Fra: 1076 | Rendering 32 / 32 samples
04:41.220  render           | Video append frame 1076
04:41.220  render           | Time: 00:00.52 (Saving: 00:00.01)
04:41.220  render           | Rendering frame 1077
04:41.220  render           | Start rendering: MORI_Assembly_Animation, 视图层
04:41.220  render           | Engine: EEVEE
04:41.276  render           | Fra: 1077 | Rendering 1 / 32 samples
04:41.616  render           | Fra: 1077 | Rendering 25 / 32 samples
04:41.718  render           | Fra: 1077 | Rendering 32 / 32 samples
04:41.742  render           | Video append frame 1077
04:41.742  render           | Time: 00:00.52 (Saving: 00:00.01)
04:41.742  render           | Rendering frame 1078
04:41.742  render           | Start rendering: MORI_Assembly_Animation, 视图层
04:41.742  render           | Engine: EEVEE
04:41.795  render           | Fra: 1078 | Rendering 1 / 32 samples
04:42.115  render           | Fra: 1078 | Rendering 25 / 32 samples
04:42.211  render           | Fra: 1078 | Rendering 32 / 32 samples
04:42.221  render           | Video append frame 1078
04:42.221  render           | Time: 00:00.47 (Saving: 00:00.00)
04:42.221  render           | Rendering frame 1079
04:42.221  render           | Start rendering: MORI_Assembly_Animation, 视图层
04:42.221  render           | Engine: EEVEE
04:42.276  render           | Fra: 1079 | Rendering 1 / 32 samples
04:42.607  render           | Fra: 1079 | Rendering 25 / 32 samples
04:42.704  render           | Fra: 1079 | Rendering 32 / 32 samples
04:42.714  render           | Video append frame 1079
04:42.714  render           | Time: 00:00.49 (Saving: 00:00.00)
04:42.714  render           | Rendering frame 1080
04:42.714  render           | Start rendering: MORI_Assembly_Animation, 视图层
04:42.714  render           | Engine: EEVEE
04:42.765  render           | Fra: 1080 | Rendering 1 / 32 samples
04:43.095  render           | Fra: 1080 | Rendering 25 / 32 samples
04:43.192  render           | Fra: 1080 | Rendering 32 / 32 samples
04:43.205  render           | Video append frame 1080
04:43.205  render           | Time: 00:00.49 (Saving: 00:00.00)
04:43.205  render           | Rendering frame 1081
04:43.206  render           | Start rendering: MORI_Assembly_Animation, 视图层
04:43.206  render           | Engine: EEVEE
04:43.261  render           | Fra: 1081 | Rendering 1 / 32 samples
04:43.598  render           | Fra: 1081 | Rendering 25 / 32 samples
04:43.705  render           | Fra: 1081 | Rendering 32 / 32 samples
04:43.725  render           | Video append frame 1081
04:43.725  render           | Time: 00:00.51 (Saving: 00:00.01)
04:43.725  render           | Rendering frame 1082
04:43.726  render           | Start rendering: MORI_Assembly_Animation, 视图层
04:43.726  render           | Engine: EEVEE
04:43.784  render           | Fra: 1082 | Rendering 1 / 32 samples
04:44.106  render           | Fra: 1082 | Rendering 25 / 32 samples
04:44.202  render           | Fra: 1082 | Rendering 32 / 32 samples
04:44.216  render           | Video append frame 1082
04:44.216  render           | Time: 00:00.49 (Saving: 00:00.00)
04:44.216  render           | Rendering frame 1083
04:44.216  render           | Start rendering: MORI_Assembly_Animation, 视图层
04:44.216  render           | Engine: EEVEE
04:44.270  render           | Fra: 1083 | Rendering 1 / 32 samples
04:44.597  render           | Fra: 1083 | Rendering 25 / 32 samples
04:44.694  render           | Fra: 1083 | Rendering 32 / 32 samples
04:44.704  render           | Video append frame 1083
04:44.704  render           | Time: 00:00.48 (Saving: 00:00.00)
04:44.704  render           | Rendering frame 1084
04:44.704  render           | Start rendering: MORI_Assembly_Animation, 视图层
04:44.704  render           | Engine: EEVEE
04:44.754  render           | Fra: 1084 | Rendering 1 / 32 samples
04:45.087  render           | Fra: 1084 | Rendering 25 / 32 samples
04:45.183  render           | Fra: 1084 | Rendering 32 / 32 samples
04:45.195  render           | Video append frame 1084
04:45.195  render           | Time: 00:00.49 (Saving: 00:00.00)
04:45.195  render           | Rendering frame 1085
04:45.195  render           | Start rendering: MORI_Assembly_Animation, 视图层
04:45.195  render           | Engine: EEVEE
04:45.250  render           | Fra: 1085 | Rendering 1 / 32 samples
04:45.580  render           | Fra: 1085 | Rendering 25 / 32 samples
04:45.677  render           | Fra: 1085 | Rendering 32 / 32 samples
04:45.686  render           | Video append frame 1085
04:45.686  render           | Time: 00:00.49 (Saving: 00:00.00)
04:45.686  render           | Rendering frame 1086
04:45.687  render           | Start rendering: MORI_Assembly_Animation, 视图层
04:45.687  render           | Engine: EEVEE
04:45.739  render           | Fra: 1086 | Rendering 1 / 32 samples
04:46.062  render           | Fra: 1086 | Rendering 25 / 32 samples
04:46.154  render           | Fra: 1086 | Rendering 32 / 32 samples
04:46.164  render           | Video append frame 1086
04:46.164  render           | Time: 00:00.47 (Saving: 00:00.00)
04:46.164  render           | Rendering frame 1087
04:46.164  render           | Start rendering: MORI_Assembly_Animation, 视图层
04:46.164  render           | Engine: EEVEE
04:46.222  render           | Fra: 1087 | Rendering 1 / 32 samples
04:46.548  render           | Fra: 1087 | Rendering 25 / 32 samples
04:46.642  render           | Fra: 1087 | Rendering 32 / 32 samples
04:46.652  render           | Video append frame 1087
04:46.653  render           | Time: 00:00.48 (Saving: 00:00.00)
04:46.653  render           | Rendering frame 1088
04:46.653  render           | Start rendering: MORI_Assembly_Animation, 视图层
04:46.653  render           | Engine: EEVEE
04:46.704  render           | Fra: 1088 | Rendering 1 / 32 samples
04:47.048  render           | Fra: 1088 | Rendering 25 / 32 samples
04:47.143  render           | Fra: 1088 | Rendering 32 / 32 samples
04:47.154  render           | Video append frame 1088
04:47.154  render           | Time: 00:00.50 (Saving: 00:00.00)
04:47.154  render           | Rendering frame 1089
04:47.154  render           | Start rendering: MORI_Assembly_Animation, 视图层
04:47.154  render           | Engine: EEVEE
04:47.208  render           | Fra: 1089 | Rendering 1 / 32 samples
04:47.538  render           | Fra: 1089 | Rendering 25 / 32 samples
04:47.634  render           | Fra: 1089 | Rendering 32 / 32 samples
04:47.647  render           | Video append frame 1089
04:47.647  render           | Time: 00:00.49 (Saving: 00:00.00)
04:47.647  render           | Rendering frame 1090
04:47.647  render           | Start rendering: MORI_Assembly_Animation, 视图层
04:47.647  render           | Engine: EEVEE
04:47.703  render           | Fra: 1090 | Rendering 1 / 32 samples
04:48.032  render           | Fra: 1090 | Rendering 25 / 32 samples
04:48.123  render           | Fra: 1090 | Rendering 32 / 32 samples
04:48.133  render           | Video append frame 1090
04:48.133  render           | Time: 00:00.48 (Saving: 00:00.00)
04:48.133  render           | Rendering frame 1091
04:48.133  render           | Start rendering: MORI_Assembly_Animation, 视图层
04:48.133  render           | Engine: EEVEE
04:48.186  render           | Fra: 1091 | Rendering 1 / 32 samples
04:48.516  render           | Fra: 1091 | Rendering 25 / 32 samples
04:48.613  render           | Fra: 1091 | Rendering 32 / 32 samples
04:48.624  render           | Video append frame 1091
04:48.624  render           | Time: 00:00.49 (Saving: 00:00.00)
04:48.624  render           | Rendering frame 1092
04:48.625  render           | Start rendering: MORI_Assembly_Animation, 视图层
04:48.625  render           | Engine: EEVEE
04:48.680  render           | Fra: 1092 | Rendering 1 / 32 samples
04:49.024  render           | Fra: 1092 | Rendering 25 / 32 samples
04:49.123  render           | Fra: 1092 | Rendering 32 / 32 samples
04:49.133  render           | Video append frame 1092
04:49.133  render           | Time: 00:00.50 (Saving: 00:00.00)
04:49.133  render           | Rendering frame 1093
04:49.133  render           | Start rendering: MORI_Assembly_Animation, 视图层
04:49.133  render           | Engine: EEVEE
04:49.185  render           | Fra: 1093 | Rendering 1 / 32 samples
04:49.516  render           | Fra: 1093 | Rendering 25 / 32 samples
04:49.609  render           | Fra: 1093 | Rendering 32 / 32 samples
04:49.620  render           | Video append frame 1093
04:49.620  render           | Time: 00:00.48 (Saving: 00:00.00)
04:49.620  render           | Rendering frame 1094
04:49.620  render           | Start rendering: MORI_Assembly_Animation, 视图层
04:49.620  render           | Engine: EEVEE
04:49.668  render           | Fra: 1094 | Rendering 1 / 32 samples
04:49.993  render           | Fra: 1094 | Rendering 25 / 32 samples
04:50.084  render           | Fra: 1094 | Rendering 32 / 32 samples
04:50.095  render           | Video append frame 1094
04:50.095  render           | Time: 00:00.47 (Saving: 00:00.00)
04:50.095  render           | Rendering frame 1095
04:50.095  render           | Start rendering: MORI_Assembly_Animation, 视图层
04:50.095  render           | Engine: EEVEE
04:50.146  render           | Fra: 1095 | Rendering 1 / 32 samples
04:50.473  render           | Fra: 1095 | Rendering 25 / 32 samples
04:50.575  render           | Fra: 1095 | Rendering 32 / 32 samples
04:50.596  render           | Video append frame 1095
04:50.596  render           | Time: 00:00.50 (Saving: 00:00.01)
04:50.596  render           | Rendering frame 1096
04:50.596  render           | Start rendering: MORI_Assembly_Animation, 视图层
04:50.596  render           | Engine: EEVEE
04:50.651  render           | Fra: 1096 | Rendering 1 / 32 samples
04:50.990  render           | Fra: 1096 | Rendering 25 / 32 samples
04:51.091  render           | Fra: 1096 | Rendering 32 / 32 samples
04:51.113  render           | Video append frame 1096
04:51.113  render           | Time: 00:00.51 (Saving: 00:00.01)
04:51.113  render           | Rendering frame 1097
04:51.113  render           | Start rendering: MORI_Assembly_Animation, 视图层
04:51.113  render           | Engine: EEVEE
04:51.166  render           | Fra: 1097 | Rendering 1 / 32 samples
04:51.498  render           | Fra: 1097 | Rendering 25 / 32 samples
04:51.599  render           | Fra: 1097 | Rendering 32 / 32 samples
04:51.619  render           | Video append frame 1097
04:51.619  render           | Time: 00:00.50 (Saving: 00:00.01)
04:51.619  render           | Rendering frame 1098
04:51.619  render           | Start rendering: MORI_Assembly_Animation, 视图层
04:51.619  render           | Engine: EEVEE
04:51.674  render           | Fra: 1098 | Rendering 1 / 32 samples
04:52.015  render           | Fra: 1098 | Rendering 25 / 32 samples
04:52.117  render           | Fra: 1098 | Rendering 32 / 32 samples
04:52.140  render           | Video append frame 1098
04:52.140  render           | Time: 00:00.52 (Saving: 00:00.01)
04:52.140  render           | Rendering frame 1099
04:52.140  render           | Start rendering: MORI_Assembly_Animation, 视图层
04:52.140  render           | Engine: EEVEE
04:52.194  render           | Fra: 1099 | Rendering 1 / 32 samples
04:52.524  render           | Fra: 1099 | Rendering 25 / 32 samples
04:52.625  render           | Fra: 1099 | Rendering 32 / 32 samples
04:52.647  render           | Video append frame 1099
04:52.647  render           | Time: 00:00.50 (Saving: 00:00.01)
04:52.647  render           | Rendering frame 1100
04:52.647  render           | Start rendering: MORI_Assembly_Animation, 视图层
04:52.647  render           | Engine: EEVEE
04:52.702  render           | Fra: 1100 | Rendering 1 / 32 samples
04:53.031  render           | Fra: 1100 | Rendering 25 / 32 samples
04:53.132  render           | Fra: 1100 | Rendering 32 / 32 samples
04:53.154  render           | Video append frame 1100
04:53.154  render           | Time: 00:00.50 (Saving: 00:00.01)
04:53.154  render           | Rendering frame 1101
04:53.154  render           | Start rendering: MORI_Assembly_Animation, 视图层
04:53.154  render           | Engine: EEVEE
04:53.209  render           | Fra: 1101 | Rendering 1 / 32 samples
04:53.543  render           | Fra: 1101 | Rendering 25 / 32 samples
04:53.646  render           | Fra: 1101 | Rendering 32 / 32 samples
04:53.669  render           | Video append frame 1101
04:53.669  render           | Time: 00:00.51 (Saving: 00:00.01)
04:53.669  render           | Rendering frame 1102
04:53.669  render           | Start rendering: MORI_Assembly_Animation, 视图层
04:53.669  render           | Engine: EEVEE
04:53.723  render           | Fra: 1102 | Rendering 1 / 32 samples
04:54.056  render           | Fra: 1102 | Rendering 25 / 32 samples
04:54.155  render           | Fra: 1102 | Rendering 32 / 32 samples
04:54.174  render           | Video append frame 1102
04:54.174  render           | Time: 00:00.50 (Saving: 00:00.01)
04:54.174  render           | Rendering frame 1103
04:54.174  render           | Start rendering: MORI_Assembly_Animation, 视图层
04:54.174  render           | Engine: EEVEE
04:54.230  render           | Fra: 1103 | Rendering 1 / 32 samples
04:54.565  render           | Fra: 1103 | Rendering 25 / 32 samples
04:54.665  render           | Fra: 1103 | Rendering 32 / 32 samples
04:54.687  render           | Video append frame 1103
04:54.687  render           | Time: 00:00.51 (Saving: 00:00.01)
04:54.687  render           | Rendering frame 1104
04:54.687  render           | Start rendering: MORI_Assembly_Animation, 视图层
04:54.687  render           | Engine: EEVEE
04:54.742  render           | Fra: 1104 | Rendering 1 / 32 samples
04:55.069  render           | Fra: 1104 | Rendering 25 / 32 samples
04:55.170  render           | Fra: 1104 | Rendering 32 / 32 samples
04:55.191  render           | Video append frame 1104
04:55.192  render           | Time: 00:00.50 (Saving: 00:00.01)
04:55.192  render           | Rendering frame 1105
04:55.192  render           | Start rendering: MORI_Assembly_Animation, 视图层
04:55.192  render           | Engine: EEVEE
04:55.251  render           | Fra: 1105 | Rendering 1 / 32 samples
04:55.579  render           | Fra: 1105 | Rendering 25 / 32 samples
04:55.673  render           | Fra: 1105 | Rendering 32 / 32 samples
04:55.683  render           | Video append frame 1105
04:55.683  render           | Time: 00:00.49 (Saving: 00:00.00)
04:55.683  render           | Rendering frame 1106
04:55.683  render           | Start rendering: MORI_Assembly_Animation, 视图层
04:55.683  render           | Engine: EEVEE
04:55.736  render           | Fra: 1106 | Rendering 1 / 32 samples
04:56.064  render           | Fra: 1106 | Rendering 25 / 32 samples
04:56.159  render           | Fra: 1106 | Rendering 32 / 32 samples
04:56.170  render           | Video append frame 1106
04:56.170  render           | Time: 00:00.48 (Saving: 00:00.00)
04:56.170  render           | Rendering frame 1107
04:56.171  render           | Start rendering: MORI_Assembly_Animation, 视图层
04:56.171  render           | Engine: EEVEE
04:56.221  render           | Fra: 1107 | Rendering 1 / 32 samples
04:56.550  render           | Fra: 1107 | Rendering 25 / 32 samples
04:56.643  render           | Fra: 1107 | Rendering 32 / 32 samples
04:56.655  render           | Video append frame 1107
04:56.655  render           | Time: 00:00.48 (Saving: 00:00.00)
04:56.655  render           | Rendering frame 1108
04:56.655  render           | Start rendering: MORI_Assembly_Animation, 视图层
04:56.655  render           | Engine: EEVEE
04:56.706  render           | Fra: 1108 | Rendering 1 / 32 samples
04:57.032  render           | Fra: 1108 | Rendering 25 / 32 samples
04:57.130  render           | Fra: 1108 | Rendering 32 / 32 samples
04:57.150  render           | Video append frame 1108
04:57.150  render           | Time: 00:00.49 (Saving: 00:00.01)
04:57.150  render           | Rendering frame 1109
04:57.150  render           | Start rendering: MORI_Assembly_Animation, 视图层
04:57.150  render           | Engine: EEVEE
04:57.208  render           | Fra: 1109 | Rendering 1 / 32 samples
04:57.545  render           | Fra: 1109 | Rendering 25 / 32 samples
04:57.647  render           | Fra: 1109 | Rendering 32 / 32 samples
04:57.670  render           | Video append frame 1109
04:57.670  render           | Time: 00:00.52 (Saving: 00:00.01)
04:57.671  render           | Rendering frame 1110
04:57.671  render           | Start rendering: MORI_Assembly_Animation, 视图层
04:57.671  render           | Engine: EEVEE
04:57.726  render           | Fra: 1110 | Rendering 1 / 32 samples
04:58.061  render           | Fra: 1110 | Rendering 25 / 32 samples
04:58.161  render           | Fra: 1110 | Rendering 32 / 32 samples
04:58.184  render           | Video append frame 1110
04:58.184  render           | Time: 00:00.51 (Saving: 00:00.01)
04:58.184  render           | Rendering frame 1111
04:58.184  render           | Start rendering: MORI_Assembly_Animation, 视图层
04:58.184  render           | Engine: EEVEE
04:58.241  render           | Fra: 1111 | Rendering 1 / 32 samples
04:58.563  render           | Fra: 1111 | Rendering 25 / 32 samples
04:58.657  render           | Fra: 1111 | Rendering 32 / 32 samples
04:58.668  render           | Video append frame 1111
04:58.668  render           | Time: 00:00.48 (Saving: 00:00.00)
04:58.668  render           | Rendering frame 1112
04:58.668  render           | Start rendering: MORI_Assembly_Animation, 视图层
04:58.668  render           | Engine: EEVEE
04:58.718  render           | Fra: 1112 | Rendering 1 / 32 samples
04:59.048  render           | Fra: 1112 | Rendering 25 / 32 samples
04:59.140  render           | Fra: 1112 | Rendering 32 / 32 samples
04:59.151  render           | Video append frame 1112
04:59.151  render           | Time: 00:00.48 (Saving: 00:00.00)
04:59.151  render           | Rendering frame 1113
04:59.151  render           | Start rendering: MORI_Assembly_Animation, 视图层
04:59.151  render           | Engine: EEVEE
04:59.202  render           | Fra: 1113 | Rendering 1 / 32 samples
04:59.531  render           | Fra: 1113 | Rendering 25 / 32 samples
04:59.624  render           | Fra: 1113 | Rendering 32 / 32 samples
04:59.634  render           | Video append frame 1113
04:59.634  render           | Time: 00:00.48 (Saving: 00:00.00)
04:59.634  render           | Rendering frame 1114
04:59.634  render           | Start rendering: MORI_Assembly_Animation, 视图层
04:59.634  render           | Engine: EEVEE
04:59.687  render           | Fra: 1114 | Rendering 1 / 32 samples
05:00.018  render           | Fra: 1114 | Rendering 25 / 32 samples
05:00.120  render           | Fra: 1114 | Rendering 32 / 32 samples
05:00.133  render           | Video append frame 1114
05:00.133  render           | Time: 00:00.49 (Saving: 00:00.00)
05:00.133  render           | Rendering frame 1115
05:00.133  render           | Start rendering: MORI_Assembly_Animation, 视图层
05:00.133  render           | Engine: EEVEE
05:00.190  render           | Fra: 1115 | Rendering 1 / 32 samples
05:00.546  render           | Fra: 1115 | Rendering 25 / 32 samples
05:00.641  render           | Fra: 1115 | Rendering 32 / 32 samples
05:00.653  render           | Video append frame 1115
05:00.653  render           | Time: 00:00.51 (Saving: 00:00.00)
05:00.653  render           | Rendering frame 1116
05:00.653  render           | Start rendering: MORI_Assembly_Animation, 视图层
05:00.653  render           | Engine: EEVEE
05:00.703  render           | Fra: 1116 | Rendering 1 / 32 samples
05:01.025  render           | Fra: 1116 | Rendering 25 / 32 samples
05:01.124  render           | Fra: 1116 | Rendering 32 / 32 samples
05:01.144  render           | Video append frame 1116
05:01.144  render           | Time: 00:00.49 (Saving: 00:00.01)
05:01.144  render           | Rendering frame 1117
05:01.145  render           | Start rendering: MORI_Assembly_Animation, 视图层
05:01.145  render           | Engine: EEVEE
05:01.203  render           | Fra: 1117 | Rendering 1 / 32 samples
05:01.531  render           | Fra: 1117 | Rendering 25 / 32 samples
05:01.629  render           | Fra: 1117 | Rendering 32 / 32 samples
05:01.653  render           | Video append frame 1117
05:01.653  render           | Time: 00:00.50 (Saving: 00:00.01)
05:01.653  render           | Rendering frame 1118
05:01.653  render           | Start rendering: MORI_Assembly_Animation, 视图层
05:01.653  render           | Engine: EEVEE
05:01.709  render           | Fra: 1118 | Rendering 1 / 32 samples
05:02.034  render           | Fra: 1118 | Rendering 25 / 32 samples
05:02.127  render           | Fra: 1118 | Rendering 32 / 32 samples
05:02.137  render           | Video append frame 1118
05:02.137  render           | Time: 00:00.48 (Saving: 00:00.00)
05:02.137  render           | Rendering frame 1119
05:02.137  render           | Start rendering: MORI_Assembly_Animation, 视图层
05:02.137  render           | Engine: EEVEE
05:02.187  render           | Fra: 1119 | Rendering 1 / 32 samples
05:02.507  render           | Fra: 1119 | Rendering 25 / 32 samples
05:02.600  render           | Fra: 1119 | Rendering 32 / 32 samples
05:02.614  render           | Video append frame 1119
05:02.614  render           | Time: 00:00.47 (Saving: 00:00.00)
05:02.614  render           | Rendering frame 1120
05:02.614  render           | Start rendering: MORI_Assembly_Animation, 视图层
05:02.614  render           | Engine: EEVEE
05:02.668  render           | Fra: 1120 | Rendering 1 / 32 samples
05:02.999  render           | Fra: 1120 | Rendering 25 / 32 samples
05:03.098  render           | Fra: 1120 | Rendering 32 / 32 samples
05:03.122  render           | Video append frame 1120
05:03.122  render           | Time: 00:00.50 (Saving: 00:00.01)
05:03.122  render           | Rendering frame 1121
05:03.123  render           | Start rendering: MORI_Assembly_Animation, 视图层
05:03.123  render           | Engine: EEVEE
05:03.178  render           | Fra: 1121 | Rendering 1 / 32 samples
05:03.505  render           | Fra: 1121 | Rendering 25 / 32 samples
05:03.602  render           | Fra: 1121 | Rendering 32 / 32 samples
05:03.618  render           | Video append frame 1121
05:03.618  render           | Time: 00:00.49 (Saving: 00:00.01)
05:03.618  render           | Rendering frame 1122
05:03.618  render           | Start rendering: MORI_Assembly_Animation, 视图层
05:03.618  render           | Engine: EEVEE
05:03.673  render           | Fra: 1122 | Rendering 1 / 32 samples
05:04.003  render           | Fra: 1122 | Rendering 25 / 32 samples
05:04.102  render           | Fra: 1122 | Rendering 32 / 32 samples
05:04.122  render           | Video append frame 1122
05:04.123  render           | Time: 00:00.50 (Saving: 00:00.01)
05:04.123  render           | Rendering frame 1123
05:04.123  render           | Start rendering: MORI_Assembly_Animation, 视图层
05:04.123  render           | Engine: EEVEE
05:04.188  render           | Fra: 1123 | Rendering 1 / 32 samples
05:04.508  render           | Fra: 1123 | Rendering 25 / 32 samples
05:04.600  render           | Fra: 1123 | Rendering 32 / 32 samples
05:04.611  render           | Video append frame 1123
05:04.611  render           | Time: 00:00.48 (Saving: 00:00.00)
05:04.611  render           | Rendering frame 1124
05:04.611  render           | Start rendering: MORI_Assembly_Animation, 视图层
05:04.611  render           | Engine: EEVEE
05:04.668  render           | Fra: 1124 | Rendering 1 / 32 samples
05:05.002  render           | Fra: 1124 | Rendering 25 / 32 samples
05:05.105  render           | Fra: 1124 | Rendering 32 / 32 samples
05:05.129  render           | Video append frame 1124
05:05.129  render           | Time: 00:00.51 (Saving: 00:00.01)
05:05.129  render           | Rendering frame 1125
05:05.129  render           | Start rendering: MORI_Assembly_Animation, 视图层
05:05.129  render           | Engine: EEVEE
05:05.185  render           | Fra: 1125 | Rendering 1 / 32 samples
05:05.509  render           | Fra: 1125 | Rendering 25 / 32 samples
05:05.607  render           | Fra: 1125 | Rendering 32 / 32 samples
05:05.628  render           | Video append frame 1125
05:05.628  render           | Time: 00:00.49 (Saving: 00:00.01)
05:05.628  render           | Rendering frame 1126
05:05.628  render           | Start rendering: MORI_Assembly_Animation, 视图层
05:05.629  render           | Engine: EEVEE
05:05.685  render           | Fra: 1126 | Rendering 1 / 32 samples
05:06.005  render           | Fra: 1126 | Rendering 25 / 32 samples
05:06.100  render           | Fra: 1126 | Rendering 32 / 32 samples
05:06.124  render           | Video append frame 1126
05:06.125  render           | Time: 00:00.49 (Saving: 00:00.01)
05:06.125  render           | Rendering frame 1127
05:06.125  render           | Start rendering: MORI_Assembly_Animation, 视图层
05:06.125  render           | Engine: EEVEE
05:06.179  render           | Fra: 1127 | Rendering 1 / 32 samples
05:06.503  render           | Fra: 1127 | Rendering 25 / 32 samples
05:06.600  render           | Fra: 1127 | Rendering 32 / 32 samples
05:06.624  render           | Video append frame 1127
05:06.624  render           | Time: 00:00.49 (Saving: 00:00.01)
05:06.624  render           | Rendering frame 1128
05:06.624  render           | Start rendering: MORI_Assembly_Animation, 视图层
05:06.624  render           | Engine: EEVEE
05:06.673  render           | Fra: 1128 | Rendering 1 / 32 samples
05:07.004  render           | Fra: 1128 | Rendering 25 / 32 samples
05:07.104  render           | Fra: 1128 | Rendering 32 / 32 samples
05:07.135  render           | Video append frame 1128
05:07.135  render           | Time: 00:00.51 (Saving: 00:00.01)
05:07.135  render           | Rendering frame 1129
05:07.135  render           | Start rendering: MORI_Assembly_Animation, 视图层
05:07.135  render           | Engine: EEVEE
05:07.187  render           | Fra: 1129 | Rendering 1 / 32 samples
05:07.518  render           | Fra: 1129 | Rendering 25 / 32 samples
05:07.620  render           | Fra: 1129 | Rendering 32 / 32 samples
05:07.643  render           | Video append frame 1129
05:07.643  render           | Time: 00:00.50 (Saving: 00:00.01)
05:07.643  render           | Rendering frame 1130
05:07.643  render           | Start rendering: MORI_Assembly_Animation, 视图层
05:07.643  render           | Engine: EEVEE
05:07.699  render           | Fra: 1130 | Rendering 1 / 32 samples
05:08.019  render           | Fra: 1130 | Rendering 25 / 32 samples
05:08.111  render           | Fra: 1130 | Rendering 32 / 32 samples
05:08.124  render           | Video append frame 1130
05:08.124  render           | Time: 00:00.48 (Saving: 00:00.00)
05:08.124  render           | Rendering frame 1131
05:08.124  render           | Start rendering: MORI_Assembly_Animation, 视图层
05:08.124  render           | Engine: EEVEE
05:08.180  render           | Fra: 1131 | Rendering 1 / 32 samples
05:08.502  render           | Fra: 1131 | Rendering 25 / 32 samples
05:08.598  render           | Fra: 1131 | Rendering 32 / 32 samples
05:08.618  render           | Video append frame 1131
05:08.618  render           | Time: 00:00.49 (Saving: 00:00.01)
05:08.618  render           | Rendering frame 1132
05:08.619  render           | Start rendering: MORI_Assembly_Animation, 视图层
05:08.619  render           | Engine: EEVEE
05:08.674  render           | Fra: 1132 | Rendering 1 / 32 samples
05:09.003  render           | Fra: 1132 | Rendering 25 / 32 samples
05:09.102  render           | Fra: 1132 | Rendering 32 / 32 samples
05:09.127  render           | Video append frame 1132
05:09.127  render           | Time: 00:00.50 (Saving: 00:00.01)
05:09.127  render           | Rendering frame 1133
05:09.127  render           | Start rendering: MORI_Assembly_Animation, 视图层
05:09.127  render           | Engine: EEVEE
05:09.176  render           | Fra: 1133 | Rendering 1 / 32 samples
05:09.506  render           | Fra: 1133 | Rendering 25 / 32 samples
05:09.604  render           | Fra: 1133 | Rendering 32 / 32 samples
05:09.626  render           | Video append frame 1133
05:09.626  render           | Time: 00:00.49 (Saving: 00:00.01)
05:09.626  render           | Rendering frame 1134
05:09.626  render           | Start rendering: MORI_Assembly_Animation, 视图层
05:09.626  render           | Engine: EEVEE
05:09.680  render           | Fra: 1134 | Rendering 1 / 32 samples
05:10.003  render           | Fra: 1134 | Rendering 25 / 32 samples
05:10.100  render           | Fra: 1134 | Rendering 32 / 32 samples
05:10.112  render           | Video append frame 1134
05:10.112  render           | Time: 00:00.48 (Saving: 00:00.00)
05:10.112  render           | Rendering frame 1135
05:10.112  render           | Start rendering: MORI_Assembly_Animation, 视图层
05:10.112  render           | Engine: EEVEE
05:10.164  render           | Fra: 1135 | Rendering 1 / 32 samples
05:10.488  render           | Fra: 1135 | Rendering 25 / 32 samples
05:10.589  render           | Fra: 1135 | Rendering 32 / 32 samples
05:10.612  render           | Video append frame 1135
05:10.612  render           | Time: 00:00.49 (Saving: 00:00.01)
05:10.612  render           | Rendering frame 1136
05:10.612  render           | Start rendering: MORI_Assembly_Animation, 视图层
05:10.612  render           | Engine: EEVEE
05:10.669  render           | Fra: 1136 | Rendering 1 / 32 samples
05:10.988  render           | Fra: 1136 | Rendering 25 / 32 samples
05:11.080  render           | Fra: 1136 | Rendering 32 / 32 samples
05:11.093  render           | Video append frame 1136
05:11.093  render           | Time: 00:00.48 (Saving: 00:00.00)
05:11.093  render           | Rendering frame 1137
05:11.093  render           | Start rendering: MORI_Assembly_Animation, 视图层
05:11.093  render           | Engine: EEVEE
05:11.149  render           | Fra: 1137 | Rendering 1 / 32 samples
05:11.478  render           | Fra: 1137 | Rendering 25 / 32 samples
05:11.577  render           | Fra: 1137 | Rendering 32 / 32 samples
05:11.599  render           | Video append frame 1137
05:11.599  render           | Time: 00:00.50 (Saving: 00:00.01)
05:11.599  render           | Rendering frame 1138
05:11.599  render           | Start rendering: MORI_Assembly_Animation, 视图层
05:11.599  render           | Engine: EEVEE
05:11.657  render           | Fra: 1138 | Rendering 1 / 32 samples
05:11.981  render           | Fra: 1138 | Rendering 25 / 32 samples
05:12.082  render           | Fra: 1138 | Rendering 32 / 32 samples
05:12.102  render           | Video append frame 1138
05:12.102  render           | Time: 00:00.50 (Saving: 00:00.01)
05:12.102  render           | Rendering frame 1139
05:12.103  render           | Start rendering: MORI_Assembly_Animation, 视图层
05:12.103  render           | Engine: EEVEE
05:12.159  render           | Fra: 1139 | Rendering 1 / 32 samples
05:12.488  render           | Fra: 1139 | Rendering 25 / 32 samples
05:12.585  render           | Fra: 1139 | Rendering 32 / 32 samples
05:12.609  render           | Video append frame 1139
05:12.609  render           | Time: 00:00.50 (Saving: 00:00.01)
05:12.609  render           | Rendering frame 1140
05:12.610  render           | Start rendering: MORI_Assembly_Animation, 视图层
05:12.610  render           | Engine: EEVEE
05:12.667  render           | Fra: 1140 | Rendering 1 / 32 samples
05:12.987  render           | Fra: 1140 | Rendering 25 / 32 samples
05:13.079  render           | Fra: 1140 | Rendering 32 / 32 samples
05:13.092  render           | Video append frame 1140
05:13.092  render           | Time: 00:00.48 (Saving: 00:00.00)
05:13.092  render           | Rendering frame 1141
05:13.093  render           | Start rendering: MORI_Assembly_Animation, 视图层
05:13.093  render           | Engine: EEVEE
05:13.147  render           | Fra: 1141 | Rendering 1 / 32 samples
05:13.478  render           | Fra: 1141 | Rendering 25 / 32 samples
05:13.578  render           | Fra: 1141 | Rendering 32 / 32 samples
05:13.602  render           | Video append frame 1141
05:13.602  render           | Time: 00:00.50 (Saving: 00:00.01)
05:13.602  render           | Rendering frame 1142
05:13.602  render           | Start rendering: MORI_Assembly_Animation, 视图层
05:13.602  render           | Engine: EEVEE
05:13.657  render           | Fra: 1142 | Rendering 1 / 32 samples
05:13.989  render           | Fra: 1142 | Rendering 25 / 32 samples
05:14.088  render           | Fra: 1142 | Rendering 32 / 32 samples
05:14.110  render           | Video append frame 1142
05:14.110  render           | Time: 00:00.50 (Saving: 00:00.01)
05:14.110  render           | Rendering frame 1143
05:14.110  render           | Start rendering: MORI_Assembly_Animation, 视图层
05:14.110  render           | Engine: EEVEE
05:14.166  render           | Fra: 1143 | Rendering 1 / 32 samples
05:14.495  render           | Fra: 1143 | Rendering 25 / 32 samples
05:14.592  render           | Fra: 1143 | Rendering 32 / 32 samples
05:14.614  render           | Video append frame 1143
05:14.614  render           | Time: 00:00.50 (Saving: 00:00.01)
05:14.614  render           | Rendering frame 1144
05:14.615  render           | Start rendering: MORI_Assembly_Animation, 视图层
05:14.615  render           | Engine: EEVEE
05:14.672  render           | Fra: 1144 | Rendering 1 / 32 samples
05:14.992  render           | Fra: 1144 | Rendering 25 / 32 samples
05:15.085  render           | Fra: 1144 | Rendering 32 / 32 samples
05:15.103  render           | Video append frame 1144
05:15.103  render           | Time: 00:00.48 (Saving: 00:00.01)
05:15.103  render           | Rendering frame 1145
05:15.103  render           | Start rendering: MORI_Assembly_Animation, 视图层
05:15.103  render           | Engine: EEVEE
05:15.162  render           | Fra: 1145 | Rendering 1 / 32 samples
05:15.486  render           | Fra: 1145 | Rendering 25 / 32 samples
05:15.578  render           | Fra: 1145 | Rendering 32 / 32 samples
05:15.591  render           | Video append frame 1145
05:15.591  render           | Time: 00:00.48 (Saving: 00:00.00)
05:15.591  render           | Rendering frame 1146
05:15.591  render           | Start rendering: MORI_Assembly_Animation, 视图层
05:15.591  render           | Engine: EEVEE
05:15.649  render           | Fra: 1146 | Rendering 1 / 32 samples
05:15.984  render           | Fra: 1146 | Rendering 25 / 32 samples
05:16.082  render           | Fra: 1146 | Rendering 32 / 32 samples
05:16.103  render           | Video append frame 1146
05:16.103  render           | Time: 00:00.51 (Saving: 00:00.01)
05:16.103  render           | Rendering frame 1147
05:16.103  render           | Start rendering: MORI_Assembly_Animation, 视图层
05:16.103  render           | Engine: EEVEE
05:16.160  render           | Fra: 1147 | Rendering 1 / 32 samples
05:16.488  render           | Fra: 1147 | Rendering 25 / 32 samples
05:16.584  render           | Fra: 1147 | Rendering 32 / 32 samples
05:16.601  render           | Video append frame 1147
05:16.601  render           | Time: 00:00.49 (Saving: 00:00.01)
05:16.601  render           | Rendering frame 1148
05:16.602  render           | Start rendering: MORI_Assembly_Animation, 视图层
05:16.602  render           | Engine: EEVEE
05:16.659  render           | Fra: 1148 | Rendering 1 / 32 samples
05:16.989  render           | Fra: 1148 | Rendering 25 / 32 samples
05:17.085  render           | Fra: 1148 | Rendering 32 / 32 samples
05:17.105  render           | Video append frame 1148
05:17.105  render           | Time: 00:00.50 (Saving: 00:00.01)
05:17.105  render           | Rendering frame 1149
05:17.106  render           | Start rendering: MORI_Assembly_Animation, 视图层
05:17.106  render           | Engine: EEVEE
05:17.163  render           | Fra: 1149 | Rendering 1 / 32 samples
05:17.487  render           | Fra: 1149 | Rendering 25 / 32 samples
05:17.585  render           | Fra: 1149 | Rendering 32 / 32 samples
05:17.604  render           | Video append frame 1149
05:17.604  render           | Time: 00:00.49 (Saving: 00:00.01)
05:17.604  render           | Rendering frame 1150
05:17.604  render           | Start rendering: MORI_Assembly_Animation, 视图层
05:17.604  render           | Engine: EEVEE
05:17.661  render           | Fra: 1150 | Rendering 1 / 32 samples
05:17.986  render           | Fra: 1150 | Rendering 25 / 32 samples
05:18.085  render           | Fra: 1150 | Rendering 32 / 32 samples
05:18.106  render           | Video append frame 1150
05:18.106  render           | Time: 00:00.50 (Saving: 00:00.01)
05:18.106  render           | Rendering frame 1151
05:18.106  render           | Start rendering: MORI_Assembly_Animation, 视图层
05:18.106  render           | Engine: EEVEE
05:18.166  render           | Fra: 1151 | Rendering 1 / 32 samples
05:18.496  render           | Fra: 1151 | Rendering 25 / 32 samples
05:18.601  render           | Fra: 1151 | Rendering 32 / 32 samples
05:18.624  render           | Video append frame 1151
05:18.624  render           | Time: 00:00.51 (Saving: 00:00.01)
05:18.624  render           | Rendering frame 1152
05:18.624  render           | Start rendering: MORI_Assembly_Animation, 视图层
05:18.624  render           | Engine: EEVEE
05:18.679  render           | Fra: 1152 | Rendering 1 / 32 samples
05:19.015  render           | Fra: 1152 | Rendering 25 / 32 samples
05:19.120  render           | Fra: 1152 | Rendering 32 / 32 samples
05:19.140  render           | Video append frame 1152
05:19.140  render           | Time: 00:00.51 (Saving: 00:00.01)
05:19.140  render           | Rendering frame 1153
05:19.140  render           | Start rendering: MORI_Assembly_Animation, 视图层
05:19.140  render           | Engine: EEVEE
05:19.197  render           | Fra: 1153 | Rendering 1 / 32 samples
05:19.528  render           | Fra: 1153 | Rendering 25 / 32 samples
05:19.627  render           | Fra: 1153 | Rendering 32 / 32 samples
05:19.648  render           | Video append frame 1153
05:19.648  render           | Time: 00:00.50 (Saving: 00:00.01)
05:19.648  render           | Rendering frame 1154
05:19.649  render           | Start rendering: MORI_Assembly_Animation, 视图层
05:19.649  render           | Engine: EEVEE
05:19.706  render           | Fra: 1154 | Rendering 1 / 32 samples
05:20.046  render           | Fra: 1154 | Rendering 25 / 32 samples
05:20.153  render           | Fra: 1154 | Rendering 32 / 32 samples
05:20.177  render           | Video append frame 1154
05:20.177  render           | Time: 00:00.52 (Saving: 00:00.01)
05:20.177  render           | Rendering frame 1155
05:20.177  render           | Start rendering: MORI_Assembly_Animation, 视图层
05:20.177  render           | Engine: EEVEE
05:20.234  render           | Fra: 1155 | Rendering 1 / 32 samples
05:20.566  render           | Fra: 1155 | Rendering 25 / 32 samples
05:20.664  render           | Fra: 1155 | Rendering 32 / 32 samples
05:20.689  render           | Video append frame 1155
05:20.689  render           | Time: 00:00.51 (Saving: 00:00.01)
05:20.689  render           | Rendering frame 1156
05:20.689  render           | Start rendering: MORI_Assembly_Animation, 视图层
05:20.689  render           | Engine: EEVEE
05:20.743  render           | Fra: 1156 | Rendering 1 / 32 samples
05:21.068  render           | Fra: 1156 | Rendering 25 / 32 samples
05:21.159  render           | Fra: 1156 | Rendering 32 / 32 samples
05:21.172  render           | Video append frame 1156
05:21.172  render           | Time: 00:00.48 (Saving: 00:00.00)
05:21.172  render           | Rendering frame 1157
05:21.173  render           | Start rendering: MORI_Assembly_Animation, 视图层
05:21.173  render           | Engine: EEVEE
05:21.228  render           | Fra: 1157 | Rendering 1 / 32 samples
05:21.557  render           | Fra: 1157 | Rendering 25 / 32 samples
05:21.657  render           | Fra: 1157 | Rendering 32 / 32 samples
05:21.679  render           | Video append frame 1157
05:21.679  render           | Time: 00:00.50 (Saving: 00:00.01)
05:21.679  render           | Rendering frame 1158
05:21.680  render           | Start rendering: MORI_Assembly_Animation, 视图层
05:21.680  render           | Engine: EEVEE
05:21.736  render           | Fra: 1158 | Rendering 1 / 32 samples
05:22.067  render           | Fra: 1158 | Rendering 25 / 32 samples
05:22.162  render           | Fra: 1158 | Rendering 32 / 32 samples
05:22.175  render           | Video append frame 1158
05:22.175  render           | Time: 00:00.49 (Saving: 00:00.00)
05:22.175  render           | Rendering frame 1159
05:22.175  render           | Start rendering: MORI_Assembly_Animation, 视图层
05:22.175  render           | Engine: EEVEE
05:22.232  render           | Fra: 1159 | Rendering 1 / 32 samples
05:22.566  render           | Fra: 1159 | Rendering 25 / 32 samples
05:22.665  render           | Fra: 1159 | Rendering 32 / 32 samples
05:22.687  render           | Video append frame 1159
05:22.687  render           | Time: 00:00.51 (Saving: 00:00.01)
05:22.687  render           | Rendering frame 1160
05:22.687  render           | Start rendering: MORI_Assembly_Animation, 视图层
05:22.687  render           | Engine: EEVEE
05:22.742  render           | Fra: 1160 | Rendering 1 / 32 samples
05:23.070  render           | Fra: 1160 | Rendering 25 / 32 samples
05:23.167  render           | Fra: 1160 | Rendering 32 / 32 samples
05:23.177  render           | Video append frame 1160
05:23.177  render           | Time: 00:00.48 (Saving: 00:00.00)
05:23.177  render           | Rendering frame 1161
05:23.177  render           | Start rendering: MORI_Assembly_Animation, 视图层
05:23.177  render           | Engine: EEVEE
05:23.233  render           | Fra: 1161 | Rendering 1 / 32 samples
05:23.551  render           | Fra: 1161 | Rendering 25 / 32 samples
05:23.648  render           | Fra: 1161 | Rendering 32 / 32 samples
05:23.673  render           | Video append frame 1161
05:23.674  render           | Time: 00:00.49 (Saving: 00:00.01)
05:23.674  render           | Rendering frame 1162
05:23.674  render           | Start rendering: MORI_Assembly_Animation, 视图层
05:23.674  render           | Engine: EEVEE
05:23.731  render           | Fra: 1162 | Rendering 1 / 32 samples
05:24.058  render           | Fra: 1162 | Rendering 25 / 32 samples
05:24.150  render           | Fra: 1162 | Rendering 32 / 32 samples
05:24.161  render           | Video append frame 1162
05:24.161  render           | Time: 00:00.48 (Saving: 00:00.00)
05:24.161  render           | Rendering frame 1163
05:24.162  render           | Start rendering: MORI_Assembly_Animation, 视图层
05:24.162  render           | Engine: EEVEE
05:24.217  render           | Fra: 1163 | Rendering 1 / 32 samples
05:24.553  render           | Fra: 1163 | Rendering 25 / 32 samples
05:24.654  render           | Fra: 1163 | Rendering 32 / 32 samples
05:24.675  render           | Video append frame 1163
05:24.675  render           | Time: 00:00.51 (Saving: 00:00.01)
05:24.675  render           | Rendering frame 1164
05:24.675  render           | Start rendering: MORI_Assembly_Animation, 视图层
05:24.675  render           | Engine: EEVEE
05:24.732  render           | Fra: 1164 | Rendering 1 / 32 samples
05:25.069  render           | Fra: 1164 | Rendering 25 / 32 samples
05:25.171  render           | Fra: 1164 | Rendering 32 / 32 samples
05:25.193  render           | Video append frame 1164
05:25.193  render           | Time: 00:00.51 (Saving: 00:00.01)
05:25.193  render           | Rendering frame 1165
05:25.193  render           | Start rendering: MORI_Assembly_Animation, 视图层
05:25.193  render           | Engine: EEVEE
05:25.248  render           | Fra: 1165 | Rendering 1 / 32 samples
05:25.572  render           | Fra: 1165 | Rendering 25 / 32 samples
05:25.664  render           | Fra: 1165 | Rendering 32 / 32 samples
05:25.676  render           | Video append frame 1165
05:25.676  render           | Time: 00:00.48 (Saving: 00:00.00)
05:25.676  render           | Rendering frame 1166
05:25.676  render           | Start rendering: MORI_Assembly_Animation, 视图层
05:25.676  render           | Engine: EEVEE
05:25.733  render           | Fra: 1166 | Rendering 1 / 32 samples
05:26.060  render           | Fra: 1166 | Rendering 25 / 32 samples
05:26.153  render           | Fra: 1166 | Rendering 32 / 32 samples
05:26.166  render           | Video append frame 1166
05:26.166  render           | Time: 00:00.48 (Saving: 00:00.00)
05:26.166  render           | Rendering frame 1167
05:26.166  render           | Start rendering: MORI_Assembly_Animation, 视图层
05:26.166  render           | Engine: EEVEE
05:26.226  render           | Fra: 1167 | Rendering 1 / 32 samples
05:26.548  render           | Fra: 1167 | Rendering 25 / 32 samples
05:26.641  render           | Fra: 1167 | Rendering 32 / 32 samples
05:26.653  render           | Video append frame 1167
05:26.653  render           | Time: 00:00.48 (Saving: 00:00.00)
05:26.653  render           | Rendering frame 1168
05:26.653  render           | Start rendering: MORI_Assembly_Animation, 视图层
05:26.653  render           | Engine: EEVEE
05:26.711  render           | Fra: 1168 | Rendering 1 / 32 samples
05:27.030  render           | Fra: 1168 | Rendering 25 / 32 samples
05:27.122  render           | Fra: 1168 | Rendering 32 / 32 samples
05:27.131  render           | Video append frame 1168
05:27.131  render           | Time: 00:00.47 (Saving: 00:00.00)
05:27.131  render           | Rendering frame 1169
05:27.132  render           | Start rendering: MORI_Assembly_Animation, 视图层
05:27.132  render           | Engine: EEVEE
05:27.186  render           | Fra: 1169 | Rendering 1 / 32 samples
05:27.503  render           | Fra: 1169 | Rendering 25 / 32 samples
05:27.596  render           | Fra: 1169 | Rendering 32 / 32 samples
05:27.610  render           | Video append frame 1169
05:27.610  render           | Time: 00:00.47 (Saving: 00:00.00)
05:27.610  render           | Rendering frame 1170
05:27.610  render           | Start rendering: MORI_Assembly_Animation, 视图层
05:27.610  render           | Engine: EEVEE
05:27.665  render           | Fra: 1170 | Rendering 1 / 32 samples
05:28.000  render           | Fra: 1170 | Rendering 25 / 32 samples
05:28.099  render           | Fra: 1170 | Rendering 32 / 32 samples
05:28.120  render           | Video append frame 1170
05:28.120  render           | Time: 00:00.51 (Saving: 00:00.01)
05:28.120  render           | Rendering frame 1171
05:28.120  render           | Start rendering: MORI_Assembly_Animation, 视图层
05:28.120  render           | Engine: EEVEE
05:28.177  render           | Fra: 1171 | Rendering 1 / 32 samples
05:28.501  render           | Fra: 1171 | Rendering 25 / 32 samples
05:28.597  render           | Fra: 1171 | Rendering 32 / 32 samples
05:28.616  render           | Video append frame 1171
05:28.617  render           | Time: 00:00.49 (Saving: 00:00.01)
05:28.617  render           | Rendering frame 1172
05:28.617  render           | Start rendering: MORI_Assembly_Animation, 视图层
05:28.617  render           | Engine: EEVEE
05:28.675  render           | Fra: 1172 | Rendering 1 / 32 samples
05:29.006  render           | Fra: 1172 | Rendering 25 / 32 samples
05:29.098  render           | Fra: 1172 | Rendering 32 / 32 samples
05:29.111  render           | Video append frame 1172
05:29.111  render           | Time: 00:00.49 (Saving: 00:00.00)
05:29.111  render           | Rendering frame 1173
05:29.111  render           | Start rendering: MORI_Assembly_Animation, 视图层
05:29.111  render           | Engine: EEVEE
05:29.170  render           | Fra: 1173 | Rendering 1 / 32 samples
05:29.505  render           | Fra: 1173 | Rendering 25 / 32 samples
05:29.597  render           | Fra: 1173 | Rendering 32 / 32 samples
05:29.609  render           | Video append frame 1173
05:29.609  render           | Time: 00:00.49 (Saving: 00:00.00)
05:29.609  render           | Rendering frame 1174
05:29.610  render           | Start rendering: MORI_Assembly_Animation, 视图层
05:29.610  render           | Engine: EEVEE
05:29.666  render           | Fra: 1174 | Rendering 1 / 32 samples
05:29.997  render           | Fra: 1174 | Rendering 25 / 32 samples
05:30.095  render           | Fra: 1174 | Rendering 32 / 32 samples
05:30.119  render           | Video append frame 1174
05:30.119  render           | Time: 00:00.50 (Saving: 00:00.01)
05:30.119  render           | Rendering frame 1175
05:30.119  render           | Start rendering: MORI_Assembly_Animation, 视图层
05:30.119  render           | Engine: EEVEE
05:30.175  render           | Fra: 1175 | Rendering 1 / 32 samples
05:30.515  render           | Fra: 1175 | Rendering 25 / 32 samples
05:30.616  render           | Fra: 1175 | Rendering 32 / 32 samples
05:30.638  render           | Video append frame 1175
05:30.638  render           | Time: 00:00.51 (Saving: 00:00.01)
05:30.638  render           | Rendering frame 1176
05:30.638  render           | Start rendering: MORI_Assembly_Animation, 视图层
05:30.638  render           | Engine: EEVEE
05:30.694  render           | Fra: 1176 | Rendering 1 / 32 samples
05:31.020  render           | Fra: 1176 | Rendering 25 / 32 samples
05:31.114  render           | Fra: 1176 | Rendering 32 / 32 samples
05:31.127  render           | Video append frame 1176
05:31.127  render           | Time: 00:00.48 (Saving: 00:00.00)
05:31.127  render           | Rendering frame 1177
05:31.127  render           | Start rendering: MORI_Assembly_Animation, 视图层
05:31.127  render           | Engine: EEVEE
05:31.184  render           | Fra: 1177 | Rendering 1 / 32 samples
05:31.516  render           | Fra: 1177 | Rendering 25 / 32 samples
05:31.618  render           | Fra: 1177 | Rendering 32 / 32 samples
05:31.639  render           | Video append frame 1177
05:31.639  render           | Time: 00:00.51 (Saving: 00:00.01)
05:31.639  render           | Rendering frame 1178
05:31.640  render           | Start rendering: MORI_Assembly_Animation, 视图层
05:31.640  render           | Engine: EEVEE
05:31.696  render           | Fra: 1178 | Rendering 1 / 32 samples
05:32.027  render           | Fra: 1178 | Rendering 25 / 32 samples
05:32.130  render           | Fra: 1178 | Rendering 32 / 32 samples
05:32.157  render           | Video append frame 1178
05:32.157  render           | Time: 00:00.51 (Saving: 00:00.02)
05:32.157  render           | Rendering frame 1179
05:32.157  render           | Start rendering: MORI_Assembly_Animation, 视图层
05:32.157  render           | Engine: EEVEE
05:32.218  render           | Fra: 1179 | Rendering 1 / 32 samples
05:32.546  render           | Fra: 1179 | Rendering 25 / 32 samples
05:32.640  render           | Fra: 1179 | Rendering 32 / 32 samples
05:32.653  render           | Video append frame 1179
05:32.653  render           | Time: 00:00.49 (Saving: 00:00.00)
05:32.653  render           | Rendering frame 1180
05:32.654  render           | Start rendering: MORI_Assembly_Animation, 视图层
05:32.654  render           | Engine: EEVEE
05:32.710  render           | Fra: 1180 | Rendering 1 / 32 samples
05:33.035  render           | Fra: 1180 | Rendering 25 / 32 samples
05:33.129  render           | Fra: 1180 | Rendering 32 / 32 samples
05:33.142  render           | Video append frame 1180
05:33.142  render           | Time: 00:00.48 (Saving: 00:00.00)
05:33.142  render           | Rendering frame 1181
05:33.142  render           | Start rendering: MORI_Assembly_Animation, 视图层
05:33.142  render           | Engine: EEVEE
05:33.197  render           | Fra: 1181 | Rendering 1 / 32 samples
05:33.529  render           | Fra: 1181 | Rendering 25 / 32 samples
05:33.630  render           | Fra: 1181 | Rendering 32 / 32 samples
05:33.653  render           | Video append frame 1181
05:33.653  render           | Time: 00:00.51 (Saving: 00:00.01)
05:33.653  render           | Rendering frame 1182
05:33.653  render           | Start rendering: MORI_Assembly_Animation, 视图层
05:33.653  render           | Engine: EEVEE
05:33.711  render           | Fra: 1182 | Rendering 1 / 32 samples
05:34.041  render           | Fra: 1182 | Rendering 25 / 32 samples
05:34.146  render           | Fra: 1182 | Rendering 32 / 32 samples
05:34.168  render           | Video append frame 1182
05:34.168  render           | Time: 00:00.51 (Saving: 00:00.01)
05:34.168  render           | Rendering frame 1183
05:34.169  render           | Start rendering: MORI_Assembly_Animation, 视图层
05:34.169  render           | Engine: EEVEE
05:34.225  render           | Fra: 1183 | Rendering 1 / 32 samples
05:34.556  render           | Fra: 1183 | Rendering 25 / 32 samples
05:34.655  render           | Fra: 1183 | Rendering 32 / 32 samples
05:34.679  render           | Video append frame 1183
05:34.679  render           | Time: 00:00.51 (Saving: 00:00.01)
05:34.679  render           | Rendering frame 1184
05:34.679  render           | Start rendering: MORI_Assembly_Animation, 视图层
05:34.679  render           | Engine: EEVEE
05:34.735  render           | Fra: 1184 | Rendering 1 / 32 samples
05:35.071  render           | Fra: 1184 | Rendering 25 / 32 samples
05:35.166  render           | Fra: 1184 | Rendering 32 / 32 samples
05:35.176  render           | Video append frame 1184
05:35.176  render           | Time: 00:00.49 (Saving: 00:00.00)
05:35.176  render           | Rendering frame 1185
05:35.176  render           | Start rendering: MORI_Assembly_Animation, 视图层
05:35.176  render           | Engine: EEVEE
05:35.229  render           | Fra: 1185 | Rendering 1 / 32 samples
05:35.563  render           | Fra: 1185 | Rendering 25 / 32 samples
05:35.659  render           | Fra: 1185 | Rendering 32 / 32 samples
05:35.679  render           | Video append frame 1185
05:35.679  render           | Time: 00:00.50 (Saving: 00:00.01)
05:35.679  render           | Rendering frame 1186
05:35.679  render           | Start rendering: MORI_Assembly_Animation, 视图层
05:35.679  render           | Engine: EEVEE
05:35.733  render           | Fra: 1186 | Rendering 1 / 32 samples
05:36.068  render           | Fra: 1186 | Rendering 25 / 32 samples
05:36.172  render           | Fra: 1186 | Rendering 32 / 32 samples
05:36.191  render           | Video append frame 1186
05:36.191  render           | Time: 00:00.51 (Saving: 00:00.01)
05:36.192  render           | Rendering frame 1187
05:36.192  render           | Start rendering: MORI_Assembly_Animation, 视图层
05:36.192  render           | Engine: EEVEE
05:36.245  render           | Fra: 1187 | Rendering 1 / 32 samples
05:36.566  render           | Fra: 1187 | Rendering 25 / 32 samples
05:36.658  render           | Fra: 1187 | Rendering 32 / 32 samples
05:36.671  render           | Video append frame 1187
05:36.671  render           | Time: 00:00.47 (Saving: 00:00.00)
05:36.671  render           | Rendering frame 1188
05:36.671  render           | Start rendering: MORI_Assembly_Animation, 视图层
05:36.671  render           | Engine: EEVEE
05:36.727  render           | Fra: 1188 | Rendering 1 / 32 samples
05:37.065  render           | Fra: 1188 | Rendering 25 / 32 samples
05:37.164  render           | Fra: 1188 | Rendering 32 / 32 samples
05:37.183  render           | Video append frame 1188
05:37.183  render           | Time: 00:00.51 (Saving: 00:00.01)
05:37.183  render           | Rendering frame 1189
05:37.183  render           | Start rendering: MORI_Assembly_Animation, 视图层
05:37.183  render           | Engine: EEVEE
05:37.239  render           | Fra: 1189 | Rendering 1 / 32 samples
05:37.566  render           | Fra: 1189 | Rendering 25 / 32 samples
05:37.664  render           | Fra: 1189 | Rendering 32 / 32 samples
05:37.687  render           | Video append frame 1189
05:37.687  render           | Time: 00:00.50 (Saving: 00:00.01)
05:37.687  render           | Rendering frame 1190
05:37.687  render           | Start rendering: MORI_Assembly_Animation, 视图层
05:37.687  render           | Engine: EEVEE
05:37.742  render           | Fra: 1190 | Rendering 1 / 32 samples
05:38.074  render           | Fra: 1190 | Rendering 25 / 32 samples
05:38.175  render           | Fra: 1190 | Rendering 32 / 32 samples
05:38.197  render           | Video append frame 1190
05:38.197  render           | Time: 00:00.50 (Saving: 00:00.01)
05:38.197  render           | Rendering frame 1191
05:38.197  render           | Start rendering: MORI_Assembly_Animation, 视图层
05:38.197  render           | Engine: EEVEE
05:38.248  render           | Fra: 1191 | Rendering 1 / 32 samples
05:38.593  render           | Fra: 1191 | Rendering 25 / 32 samples
05:38.695  render           | Fra: 1191 | Rendering 32 / 32 samples
05:38.717  render           | Video append frame 1191
05:38.717  render           | Time: 00:00.52 (Saving: 00:00.01)
05:38.717  render           | Rendering frame 1192
05:38.718  render           | Start rendering: MORI_Assembly_Animation, 视图层
05:38.718  render           | Engine: EEVEE
05:38.775  render           | Fra: 1192 | Rendering 1 / 32 samples
05:39.104  render           | Fra: 1192 | Rendering 25 / 32 samples
05:39.194  render           | Fra: 1192 | Rendering 32 / 32 samples
05:39.204  render           | Video append frame 1192
05:39.204  render           | Time: 00:00.48 (Saving: 00:00.00)
05:39.204  render           | Rendering frame 1193
05:39.204  render           | Start rendering: MORI_Assembly_Animation, 视图层
05:39.204  render           | Engine: EEVEE
05:39.256  render           | Fra: 1193 | Rendering 1 / 32 samples
05:39.575  render           | Fra: 1193 | Rendering 25 / 32 samples
05:39.664  render           | Fra: 1193 | Rendering 32 / 32 samples
05:39.674  render           | Video append frame 1193
05:39.674  render           | Time: 00:00.46 (Saving: 00:00.00)
05:39.674  render           | Rendering frame 1194
05:39.674  render           | Start rendering: MORI_Assembly_Animation, 视图层
05:39.674  render           | Engine: EEVEE
05:39.723  render           | Fra: 1194 | Rendering 1 / 32 samples
05:40.042  render           | Fra: 1194 | Rendering 25 / 32 samples
05:40.132  render           | Fra: 1194 | Rendering 32 / 32 samples
05:40.141  render           | Video append frame 1194
05:40.141  render           | Time: 00:00.46 (Saving: 00:00.00)
05:40.141  render           | Rendering frame 1195
05:40.141  render           | Start rendering: MORI_Assembly_Animation, 视图层
05:40.141  render           | Engine: EEVEE
05:40.188  render           | Fra: 1195 | Rendering 1 / 32 samples
05:40.505  render           | Fra: 1195 | Rendering 25 / 32 samples
05:40.595  render           | Fra: 1195 | Rendering 32 / 32 samples
05:40.604  render           | Video append frame 1195
05:40.604  render           | Time: 00:00.46 (Saving: 00:00.00)
05:40.604  render           | Rendering frame 1196
05:40.604  render           | Start rendering: MORI_Assembly_Animation, 视图层
05:40.604  render           | Engine: EEVEE
05:40.658  render           | Fra: 1196 | Rendering 1 / 32 samples
05:40.979  render           | Fra: 1196 | Rendering 25 / 32 samples
05:41.068  render           | Fra: 1196 | Rendering 32 / 32 samples
05:41.079  render           | Video append frame 1196
05:41.079  render           | Time: 00:00.47 (Saving: 00:00.00)
05:41.079  render           | Rendering frame 1197
05:41.079  render           | Start rendering: MORI_Assembly_Animation, 视图层
05:41.079  render           | Engine: EEVEE
05:41.128  render           | Fra: 1197 | Rendering 1 / 32 samples
05:41.451  render           | Fra: 1197 | Rendering 25 / 32 samples
05:41.543  render           | Fra: 1197 | Rendering 32 / 32 samples
05:41.552  render           | Video append frame 1197
05:41.552  render           | Time: 00:00.47 (Saving: 00:00.00)
05:41.552  render           | Rendering frame 1198
05:41.552  render           | Start rendering: MORI_Assembly_Animation, 视图层
05:41.552  render           | Engine: EEVEE
05:41.607  render           | Fra: 1198 | Rendering 1 / 32 samples
05:41.922  render           | Fra: 1198 | Rendering 25 / 32 samples
05:42.012  render           | Fra: 1198 | Rendering 32 / 32 samples
05:42.021  render           | Video append frame 1198
05:42.021  render           | Time: 00:00.46 (Saving: 00:00.00)
05:42.021  render           | Rendering frame 1199
05:42.021  render           | Start rendering: MORI_Assembly_Animation, 视图层
05:42.021  render           | Engine: EEVEE
05:42.073  render           | Fra: 1199 | Rendering 1 / 32 samples
05:42.391  render           | Fra: 1199 | Rendering 25 / 32 samples
05:42.483  render           | Fra: 1199 | Rendering 32 / 32 samples
05:42.492  render           | Video append frame 1199
05:42.492  render           | Time: 00:00.47 (Saving: 00:00.00)
05:42.492  render           | Rendering frame 1200
05:42.492  render           | Start rendering: MORI_Assembly_Animation, 视图层
05:42.492  render           | Engine: EEVEE
05:42.542  render           | Fra: 1200 | Rendering 1 / 32 samples
05:42.877  render           | Fra: 1200 | Rendering 25 / 32 samples
05:42.979  render           | Fra: 1200 | Rendering 32 / 32 samples
05:42.999  render           | Video append frame 1200
05:42.999  render           | Time: 00:00.50 (Saving: 00:00.01)
05:42.999  render           | Rendering frame 1201
05:42.999  render           | Start rendering: MORI_Assembly_Animation, 视图层
05:42.999  render           | Engine: EEVEE
05:43.060  render           | Fra: 1201 | Rendering 1 / 32 samples
05:43.395  render           | Fra: 1201 | Rendering 25 / 32 samples
05:43.491  render           | Fra: 1201 | Rendering 32 / 32 samples
05:43.501  render           | Video append frame 1201
05:43.501  render           | Time: 00:00.50 (Saving: 00:00.00)
05:43.501  render           | Rendering frame 1202
05:43.501  render           | Start rendering: MORI_Assembly_Animation, 视图层
05:43.501  render           | Engine: EEVEE
05:43.557  render           | Fra: 1202 | Rendering 1 / 32 samples
05:43.893  render           | Fra: 1202 | Rendering 25 / 32 samples
05:43.997  render           | Fra: 1202 | Rendering 32 / 32 samples
05:44.018  render           | Video append frame 1202
05:44.018  render           | Time: 00:00.51 (Saving: 00:00.01)
05:44.018  render           | Rendering frame 1203
05:44.019  render           | Start rendering: MORI_Assembly_Animation, 视图层
05:44.019  render           | Engine: EEVEE
05:44.077  render           | Fra: 1203 | Rendering 1 / 32 samples
05:44.412  render           | Fra: 1203 | Rendering 25 / 32 samples
05:44.504  render           | Fra: 1203 | Rendering 32 / 32 samples
05:44.514  render           | Video append frame 1203
05:44.514  render           | Time: 00:00.49 (Saving: 00:00.00)
05:44.514  render           | Rendering frame 1204
05:44.514  render           | Start rendering: MORI_Assembly_Animation, 视图层
05:44.514  render           | Engine: EEVEE
05:44.569  render           | Fra: 1204 | Rendering 1 / 32 samples
05:44.899  render           | Fra: 1204 | Rendering 25 / 32 samples
05:44.997  render           | Fra: 1204 | Rendering 32 / 32 samples
05:45.018  render           | Video append frame 1204
05:45.018  render           | Time: 00:00.50 (Saving: 00:00.01)
05:45.018  render           | Rendering frame 1205
05:45.018  render           | Start rendering: MORI_Assembly_Animation, 视图层
05:45.018  render           | Engine: EEVEE
05:45.073  render           | Fra: 1205 | Rendering 1 / 32 samples
05:45.402  render           | Fra: 1205 | Rendering 25 / 32 samples
05:45.501  render           | Fra: 1205 | Rendering 32 / 32 samples
05:45.522  render           | Video append frame 1205
05:45.522  render           | Time: 00:00.50 (Saving: 00:00.01)
05:45.522  render           | Rendering frame 1206
05:45.522  render           | Start rendering: MORI_Assembly_Animation, 视图层
05:45.522  render           | Engine: EEVEE
05:45.577  render           | Fra: 1206 | Rendering 1 / 32 samples
05:45.909  render           | Fra: 1206 | Rendering 25 / 32 samples
05:46.007  render           | Fra: 1206 | Rendering 32 / 32 samples
05:46.034  render           | Video append frame 1206
05:46.034  render           | Time: 00:00.51 (Saving: 00:00.01)
05:46.034  render           | Rendering frame 1207
05:46.034  render           | Start rendering: MORI_Assembly_Animation, 视图层
05:46.034  render           | Engine: EEVEE
05:46.088  render           | Fra: 1207 | Rendering 1 / 32 samples
05:46.417  render           | Fra: 1207 | Rendering 25 / 32 samples
05:46.509  render           | Fra: 1207 | Rendering 32 / 32 samples
05:46.524  render           | Video append frame 1207
05:46.524  render           | Time: 00:00.48 (Saving: 00:00.00)
05:46.524  render           | Rendering frame 1208
05:46.524  render           | Start rendering: MORI_Assembly_Animation, 视图层
05:46.524  render           | Engine: EEVEE
05:46.584  render           | Fra: 1208 | Rendering 1 / 32 samples
05:46.915  render           | Fra: 1208 | Rendering 25 / 32 samples
05:47.012  render           | Fra: 1208 | Rendering 32 / 32 samples
05:47.036  render           | Video append frame 1208
05:47.036  render           | Time: 00:00.51 (Saving: 00:00.01)
05:47.036  render           | Rendering frame 1209
05:47.036  render           | Start rendering: MORI_Assembly_Animation, 视图层
05:47.036  render           | Engine: EEVEE
05:47.094  render           | Fra: 1209 | Rendering 1 / 32 samples
05:47.425  render           | Fra: 1209 | Rendering 25 / 32 samples
05:47.527  render           | Fra: 1209 | Rendering 32 / 32 samples
05:47.550  render           | Video append frame 1209
05:47.550  render           | Time: 00:00.51 (Saving: 00:00.01)
05:47.550  render           | Rendering frame 1210
05:47.550  render           | Start rendering: MORI_Assembly_Animation, 视图层
05:47.550  render           | Engine: EEVEE
05:47.610  render           | Fra: 1210 | Rendering 1 / 32 samples
05:47.943  render           | Fra: 1210 | Rendering 25 / 32 samples
05:48.035  render           | Fra: 1210 | Rendering 32 / 32 samples
05:48.049  render           | Video append frame 1210
05:48.049  render           | Time: 00:00.49 (Saving: 00:00.00)
05:48.049  render           | Rendering frame 1211
05:48.049  render           | Start rendering: MORI_Assembly_Animation, 视图层
05:48.049  render           | Engine: EEVEE
05:48.103  render           | Fra: 1211 | Rendering 1 / 32 samples
05:48.451  render           | Fra: 1211 | Rendering 25 / 32 samples
05:48.550  render           | Fra: 1211 | Rendering 32 / 32 samples
05:48.572  render           | Video append frame 1211
05:48.572  render           | Time: 00:00.52 (Saving: 00:00.01)
05:48.572  render           | Rendering frame 1212
05:48.572  render           | Start rendering: MORI_Assembly_Animation, 视图层
05:48.572  render           | Engine: EEVEE
05:48.627  render           | Fra: 1212 | Rendering 1 / 32 samples
05:48.959  render           | Fra: 1212 | Rendering 25 / 32 samples
05:49.056  render           | Fra: 1212 | Rendering 32 / 32 samples
05:49.080  render           | Video append frame 1212
05:49.080  render           | Time: 00:00.50 (Saving: 00:00.01)
05:49.080  render           | Rendering frame 1213
05:49.080  render           | Start rendering: MORI_Assembly_Animation, 视图层
05:49.080  render           | Engine: EEVEE
05:49.136  render           | Fra: 1213 | Rendering 1 / 32 samples
05:49.456  render           | Fra: 1213 | Rendering 25 / 32 samples
05:49.548  render           | Fra: 1213 | Rendering 32 / 32 samples
05:49.561  render           | Video append frame 1213
05:49.561  render           | Time: 00:00.48 (Saving: 00:00.00)
05:49.561  render           | Rendering frame 1214
05:49.561  render           | Start rendering: MORI_Assembly_Animation, 视图层
05:49.561  render           | Engine: EEVEE
05:49.617  render           | Fra: 1214 | Rendering 1 / 32 samples
05:49.948  render           | Fra: 1214 | Rendering 25 / 32 samples
05:50.043  render           | Fra: 1214 | Rendering 32 / 32 samples
05:50.063  render           | Video append frame 1214
05:50.063  render           | Time: 00:00.50 (Saving: 00:00.01)
05:50.063  render           | Rendering frame 1215
05:50.063  render           | Start rendering: MORI_Assembly_Animation, 视图层
05:50.063  render           | Engine: EEVEE
05:50.122  render           | Fra: 1215 | Rendering 1 / 32 samples
05:50.446  render           | Fra: 1215 | Rendering 25 / 32 samples
05:50.539  render           | Fra: 1215 | Rendering 32 / 32 samples
05:50.548  render           | Video append frame 1215
05:50.548  render           | Time: 00:00.48 (Saving: 00:00.00)
05:50.548  render           | Rendering frame 1216
05:50.548  render           | Start rendering: MORI_Assembly_Animation, 视图层
05:50.548  render           | Engine: EEVEE
05:50.599  render           | Fra: 1216 | Rendering 1 / 32 samples
05:50.926  render           | Fra: 1216 | Rendering 25 / 32 samples
05:51.034  render           | Fra: 1216 | Rendering 32 / 32 samples
05:51.051  render           | Video append frame 1216
05:51.051  render           | Time: 00:00.50 (Saving: 00:00.01)
05:51.051  render           | Rendering frame 1217
05:51.051  render           | Start rendering: MORI_Assembly_Animation, 视图层
05:51.051  render           | Engine: EEVEE
05:51.126  render           | Fra: 1217 | Rendering 1 / 32 samples
05:51.451  render           | Fra: 1217 | Rendering 25 / 32 samples
05:51.543  render           | Fra: 1217 | Rendering 32 / 32 samples
05:51.556  render           | Video append frame 1217
05:51.556  render           | Time: 00:00.50 (Saving: 00:00.00)
05:51.557  render           | Rendering frame 1218
05:51.557  render           | Start rendering: MORI_Assembly_Animation, 视图层
05:51.557  render           | Engine: EEVEE
05:51.614  render           | Fra: 1218 | Rendering 1 / 32 samples
05:51.934  render           | Fra: 1218 | Rendering 25 / 32 samples
05:52.028  render           | Fra: 1218 | Rendering 32 / 32 samples
05:52.041  render           | Video append frame 1218
05:52.041  render           | Time: 00:00.48 (Saving: 00:00.00)
05:52.041  render           | Rendering frame 1219
05:52.041  render           | Start rendering: MORI_Assembly_Animation, 视图层
05:52.041  render           | Engine: EEVEE
05:52.103  render           | Fra: 1219 | Rendering 1 / 32 samples
05:52.473  render           | Fra: 1219 | Rendering 25 / 32 samples
05:52.564  render           | Fra: 1219 | Rendering 32 / 32 samples
05:52.576  render           | Video append frame 1219
05:52.576  render           | Time: 00:00.53 (Saving: 00:00.00)
05:52.576  render           | Rendering frame 1220
05:52.576  render           | Start rendering: MORI_Assembly_Animation, 视图层
05:52.576  render           | Engine: EEVEE
05:52.632  render           | Fra: 1220 | Rendering 1 / 32 samples
05:52.961  render           | Fra: 1220 | Rendering 25 / 32 samples
05:53.056  render           | Fra: 1220 | Rendering 32 / 32 samples
05:53.068  render           | Video append frame 1220
05:53.068  render           | Time: 00:00.49 (Saving: 00:00.00)
05:53.068  render           | Rendering frame 1221
05:53.068  render           | Start rendering: MORI_Assembly_Animation, 视图层
05:53.068  render           | Engine: EEVEE
05:53.122  render           | Fra: 1221 | Rendering 1 / 32 samples
05:53.437  render           | Fra: 1221 | Rendering 25 / 32 samples
05:53.535  render           | Fra: 1221 | Rendering 32 / 32 samples
05:53.557  render           | Video append frame 1221
05:53.557  render           | Time: 00:00.48 (Saving: 00:00.01)
05:53.557  render           | Rendering frame 1222
05:53.558  render           | Start rendering: MORI_Assembly_Animation, 视图层
05:53.558  render           | Engine: EEVEE
05:53.615  render           | Fra: 1222 | Rendering 1 / 32 samples
05:53.942  render           | Fra: 1222 | Rendering 25 / 32 samples
05:54.042  render           | Fra: 1222 | Rendering 32 / 32 samples
05:54.064  render           | Video append frame 1222
05:54.064  render           | Time: 00:00.50 (Saving: 00:00.01)
05:54.064  render           | Rendering frame 1223
05:54.064  render           | Start rendering: MORI_Assembly_Animation, 视图层
05:54.064  render           | Engine: EEVEE
05:54.120  render           | Fra: 1223 | Rendering 1 / 32 samples
05:54.447  render           | Fra: 1223 | Rendering 25 / 32 samples
05:54.547  render           | Fra: 1223 | Rendering 32 / 32 samples
05:54.569  render           | Video append frame 1223
05:54.569  render           | Time: 00:00.50 (Saving: 00:00.01)
05:54.569  render           | Rendering frame 1224
05:54.569  render           | Start rendering: MORI_Assembly_Animation, 视图层
05:54.569  render           | Engine: EEVEE
05:54.625  render           | Fra: 1224 | Rendering 1 / 32 samples
05:54.949  render           | Fra: 1224 | Rendering 25 / 32 samples
05:55.041  render           | Fra: 1224 | Rendering 32 / 32 samples
05:55.053  render           | Video append frame 1224
05:55.053  render           | Time: 00:00.48 (Saving: 00:00.00)
05:55.053  render           | Rendering frame 1225
05:55.054  render           | Start rendering: MORI_Assembly_Animation, 视图层
05:55.054  render           | Engine: EEVEE
05:55.110  render           | Fra: 1225 | Rendering 1 / 32 samples
05:55.445  render           | Fra: 1225 | Rendering 25 / 32 samples
05:55.544  render           | Fra: 1225 | Rendering 32 / 32 samples
05:55.567  render           | Video append frame 1225
05:55.567  render           | Time: 00:00.51 (Saving: 00:00.01)
05:55.567  render           | Rendering frame 1226
05:55.567  render           | Start rendering: MORI_Assembly_Animation, 视图层
05:55.567  render           | Engine: EEVEE
05:55.624  render           | Fra: 1226 | Rendering 1 / 32 samples
05:55.941  render           | Fra: 1226 | Rendering 25 / 32 samples
05:56.041  render           | Fra: 1226 | Rendering 32 / 32 samples
05:56.065  render           | Video append frame 1226
05:56.065  render           | Time: 00:00.49 (Saving: 00:00.01)
05:56.065  render           | Rendering frame 1227
05:56.066  render           | Start rendering: MORI_Assembly_Animation, 视图层
05:56.066  render           | Engine: EEVEE
05:56.126  render           | Fra: 1227 | Rendering 1 / 32 samples
05:56.455  render           | Fra: 1227 | Rendering 25 / 32 samples
05:56.554  render           | Fra: 1227 | Rendering 32 / 32 samples
05:56.577  render           | Video append frame 1227
05:56.577  render           | Time: 00:00.51 (Saving: 00:00.01)
05:56.577  render           | Rendering frame 1228
05:56.577  render           | Start rendering: MORI_Assembly_Animation, 视图层
05:56.577  render           | Engine: EEVEE
05:56.634  render           | Fra: 1228 | Rendering 1 / 32 samples
05:56.962  render           | Fra: 1228 | Rendering 25 / 32 samples
05:57.054  render           | Fra: 1228 | Rendering 32 / 32 samples
05:57.068  render           | Video append frame 1228
05:57.068  render           | Time: 00:00.49 (Saving: 00:00.00)
05:57.068  render           | Rendering frame 1229
05:57.068  render           | Start rendering: MORI_Assembly_Animation, 视图层
05:57.068  render           | Engine: EEVEE
05:57.126  render           | Fra: 1229 | Rendering 1 / 32 samples
05:57.449  render           | Fra: 1229 | Rendering 25 / 32 samples
05:57.545  render           | Fra: 1229 | Rendering 32 / 32 samples
05:57.566  render           | Video append frame 1229
05:57.566  render           | Time: 00:00.49 (Saving: 00:00.01)
05:57.566  render           | Rendering frame 1230
05:57.566  render           | Start rendering: MORI_Assembly_Animation, 视图层
05:57.566  render           | Engine: EEVEE
05:57.626  render           | Fra: 1230 | Rendering 1 / 32 samples
05:57.951  render           | Fra: 1230 | Rendering 25 / 32 samples
05:58.050  render           | Fra: 1230 | Rendering 32 / 32 samples
05:58.072  render           | Video append frame 1230
05:58.072  render           | Time: 00:00.50 (Saving: 00:00.01)
05:58.072  render           | Rendering frame 1231
05:58.072  render           | Start rendering: MORI_Assembly_Animation, 视图层
05:58.072  render           | Engine: EEVEE
05:58.128  render           | Fra: 1231 | Rendering 1 / 32 samples
05:58.460  render           | Fra: 1231 | Rendering 25 / 32 samples
05:58.560  render           | Fra: 1231 | Rendering 32 / 32 samples
05:58.582  render           | Video append frame 1231
05:58.582  render           | Time: 00:00.51 (Saving: 00:00.01)
05:58.582  render           | Rendering frame 1232
05:58.582  render           | Start rendering: MORI_Assembly_Animation, 视图层
05:58.582  render           | Engine: EEVEE
05:58.638  render           | Fra: 1232 | Rendering 1 / 32 samples
05:58.967  render           | Fra: 1232 | Rendering 25 / 32 samples
05:59.063  render           | Fra: 1232 | Rendering 32 / 32 samples
05:59.085  render           | Video append frame 1232
05:59.086  render           | Time: 00:00.50 (Saving: 00:00.01)
05:59.086  render           | Rendering frame 1233
05:59.086  render           | Start rendering: MORI_Assembly_Animation, 视图层
05:59.086  render           | Engine: EEVEE
05:59.141  render           | Fra: 1233 | Rendering 1 / 32 samples
05:59.469  render           | Fra: 1233 | Rendering 25 / 32 samples
05:59.567  render           | Fra: 1233 | Rendering 32 / 32 samples
05:59.589  render           | Video append frame 1233
05:59.589  render           | Time: 00:00.50 (Saving: 00:00.01)
05:59.589  render           | Rendering frame 1234
05:59.589  render           | Start rendering: MORI_Assembly_Animation, 视图层
05:59.589  render           | Engine: EEVEE
05:59.645  render           | Fra: 1234 | Rendering 1 / 32 samples
05:59.964  render           | Fra: 1234 | Rendering 25 / 32 samples
06:00.056  render           | Fra: 1234 | Rendering 32 / 32 samples
06:00.069  render           | Video append frame 1234
06:00.069  render           | Time: 00:00.47 (Saving: 00:00.00)
06:00.069  render           | Rendering frame 1235
06:00.070  render           | Start rendering: MORI_Assembly_Animation, 视图层
06:00.070  render           | Engine: EEVEE
06:00.129  render           | Fra: 1235 | Rendering 1 / 32 samples
06:00.457  render           | Fra: 1235 | Rendering 25 / 32 samples
06:00.549  render           | Fra: 1235 | Rendering 32 / 32 samples
06:00.562  render           | Video append frame 1235
06:00.562  render           | Time: 00:00.49 (Saving: 00:00.00)
06:00.562  render           | Rendering frame 1236
06:00.562  render           | Start rendering: MORI_Assembly_Animation, 视图层
06:00.562  render           | Engine: EEVEE
06:00.619  render           | Fra: 1236 | Rendering 1 / 32 samples
06:00.952  render           | Fra: 1236 | Rendering 25 / 32 samples
06:01.051  render           | Fra: 1236 | Rendering 32 / 32 samples
06:01.072  render           | Video append frame 1236
06:01.072  render           | Time: 00:00.50 (Saving: 00:00.01)
06:01.072  render           | Rendering frame 1237
06:01.072  render           | Start rendering: MORI_Assembly_Animation, 视图层
06:01.072  render           | Engine: EEVEE
06:01.131  render           | Fra: 1237 | Rendering 1 / 32 samples
06:01.458  render           | Fra: 1237 | Rendering 25 / 32 samples
06:01.553  render           | Fra: 1237 | Rendering 32 / 32 samples
06:01.575  render           | Video append frame 1237
06:01.575  render           | Time: 00:00.50 (Saving: 00:00.01)
06:01.575  render           | Rendering frame 1238
06:01.575  render           | Start rendering: MORI_Assembly_Animation, 视图层
06:01.575  render           | Engine: EEVEE
06:01.635  render           | Fra: 1238 | Rendering 1 / 32 samples
06:01.962  render           | Fra: 1238 | Rendering 25 / 32 samples
06:02.059  render           | Fra: 1238 | Rendering 32 / 32 samples
06:02.082  render           | Video append frame 1238
06:02.082  render           | Time: 00:00.50 (Saving: 00:00.01)
06:02.082  render           | Rendering frame 1239
06:02.083  render           | Start rendering: MORI_Assembly_Animation, 视图层
06:02.083  render           | Engine: EEVEE
06:02.138  render           | Fra: 1239 | Rendering 1 / 32 samples
06:02.495  render           | Fra: 1239 | Rendering 25 / 32 samples
06:02.593  render           | Fra: 1239 | Rendering 32 / 32 samples
06:02.607  render           | Video append frame 1239
06:02.607  render           | Time: 00:00.52 (Saving: 00:00.00)
06:02.607  render           | Rendering frame 1240
06:02.607  render           | Start rendering: MORI_Assembly_Animation, 视图层
06:02.607  render           | Engine: EEVEE
06:02.681  render           | Fra: 1240 | Rendering 1 / 32 samples
06:03.024  render           | Fra: 1240 | Rendering 25 / 32 samples
06:03.116  render           | Fra: 1240 | Rendering 32 / 32 samples
06:03.128  render           | Video append frame 1240
06:03.128  render           | Time: 00:00.52 (Saving: 00:00.00)
06:03.128  render           | Rendering frame 1241
06:03.128  render           | Start rendering: MORI_Assembly_Animation, 视图层
06:03.128  render           | Engine: EEVEE
06:03.183  render           | Fra: 1241 | Rendering 1 / 32 samples
06:03.537  render           | Fra: 1241 | Rendering 25 / 32 samples
06:03.629  render           | Fra: 1241 | Rendering 32 / 32 samples
06:03.640  render           | Video append frame 1241
06:03.640  render           | Time: 00:00.51 (Saving: 00:00.00)
06:03.640  render           | Rendering frame 1242
06:03.640  render           | Start rendering: MORI_Assembly_Animation, 视图层
06:03.640  render           | Engine: EEVEE
06:03.695  render           | Fra: 1242 | Rendering 1 / 32 samples
06:04.023  render           | Fra: 1242 | Rendering 25 / 32 samples
06:04.116  render           | Fra: 1242 | Rendering 32 / 32 samples
06:04.128  render           | Video append frame 1242
06:04.128  render           | Time: 00:00.48 (Saving: 00:00.00)
06:04.128  render           | Rendering frame 1243
06:04.129  render           | Start rendering: MORI_Assembly_Animation, 视图层
06:04.129  render           | Engine: EEVEE
06:04.181  render           | Fra: 1243 | Rendering 1 / 32 samples
06:04.513  render           | Fra: 1243 | Rendering 25 / 32 samples
06:04.609  render           | Fra: 1243 | Rendering 32 / 32 samples
06:04.632  render           | Video append frame 1243
06:04.632  render           | Time: 00:00.50 (Saving: 00:00.01)
06:04.632  render           | Rendering frame 1244
06:04.632  render           | Start rendering: MORI_Assembly_Animation, 视图层
06:04.632  render           | Engine: EEVEE
06:04.687  render           | Fra: 1244 | Rendering 1 / 32 samples
06:05.024  render           | Fra: 1244 | Rendering 25 / 32 samples
06:05.126  render           | Fra: 1244 | Rendering 32 / 32 samples
06:05.147  render           | Video append frame 1244
06:05.147  render           | Time: 00:00.51 (Saving: 00:00.01)
06:05.147  render           | Rendering frame 1245
06:05.148  render           | Start rendering: MORI_Assembly_Animation, 视图层
06:05.148  render           | Engine: EEVEE
06:05.204  render           | Fra: 1245 | Rendering 1 / 32 samples
06:05.548  render           | Fra: 1245 | Rendering 25 / 32 samples
06:05.655  render           | Fra: 1245 | Rendering 32 / 32 samples
06:05.678  render           | Video append frame 1245
06:05.678  render           | Time: 00:00.53 (Saving: 00:00.01)
06:05.678  render           | Rendering frame 1246
06:05.678  render           | Start rendering: MORI_Assembly_Animation, 视图层
06:05.678  render           | Engine: EEVEE
06:05.734  render           | Fra: 1246 | Rendering 1 / 32 samples
06:06.065  render           | Fra: 1246 | Rendering 25 / 32 samples
06:06.158  render           | Fra: 1246 | Rendering 32 / 32 samples
06:06.169  render           | Video append frame 1246
06:06.170  render           | Time: 00:00.49 (Saving: 00:00.00)
06:06.170  render           | Rendering frame 1247
06:06.170  render           | Start rendering: MORI_Assembly_Animation, 视图层
06:06.170  render           | Engine: EEVEE
06:06.222  render           | Fra: 1247 | Rendering 1 / 32 samples
06:06.558  render           | Fra: 1247 | Rendering 25 / 32 samples
06:06.655  render           | Fra: 1247 | Rendering 32 / 32 samples
06:06.667  render           | Video append frame 1247
06:06.667  render           | Time: 00:00.49 (Saving: 00:00.00)
06:06.667  render           | Rendering frame 1248
06:06.667  render           | Start rendering: MORI_Assembly_Animation, 视图层
06:06.667  render           | Engine: EEVEE
06:06.715  render           | Fra: 1248 | Rendering 1 / 32 samples
06:07.057  render           | Fra: 1248 | Rendering 25 / 32 samples
06:07.165  render           | Fra: 1248 | Rendering 32 / 32 samples
06:07.189  render           | Video append frame 1248
06:07.189  render           | Time: 00:00.52 (Saving: 00:00.01)
06:07.189  render           | Rendering frame 1249
06:07.190  render           | Start rendering: MORI_Assembly_Animation, 视图层
06:07.190  render           | Engine: EEVEE
06:07.247  render           | Fra: 1249 | Rendering 1 / 32 samples
06:07.593  render           | Fra: 1249 | Rendering 25 / 32 samples
06:07.693  render           | Fra: 1249 | Rendering 32 / 32 samples
06:07.716  render           | Video append frame 1249
06:07.716  render           | Time: 00:00.52 (Saving: 00:00.01)
06:07.716  render           | Rendering frame 1250
06:07.716  render           | Start rendering: MORI_Assembly_Animation, 视图层
06:07.716  render           | Engine: EEVEE
06:07.768  render           | Fra: 1250 | Rendering 1 / 32 samples
06:08.117  render           | Fra: 1250 | Rendering 25 / 32 samples
06:08.223  render           | Fra: 1250 | Rendering 32 / 32 samples
06:08.245  render           | Video append frame 1250
06:08.245  render           | Time: 00:00.52 (Saving: 00:00.01)
06:08.245  render           | Rendering frame 1251
06:08.246  render           | Start rendering: MORI_Assembly_Animation, 视图层
06:08.246  render           | Engine: EEVEE
06:08.301  render           | Fra: 1251 | Rendering 1 / 32 samples
06:08.647  render           | Fra: 1251 | Rendering 25 / 32 samples
06:08.750  render           | Fra: 1251 | Rendering 32 / 32 samples
06:08.774  render           | Video append frame 1251
06:08.774  render           | Time: 00:00.52 (Saving: 00:00.01)
06:08.774  render           | Rendering frame 1252
06:08.774  render           | Start rendering: MORI_Assembly_Animation, 视图层
06:08.774  render           | Engine: EEVEE
06:08.831  render           | Fra: 1252 | Rendering 1 / 32 samples
06:09.176  render           | Fra: 1252 | Rendering 25 / 32 samples
06:09.273  render           | Fra: 1252 | Rendering 32 / 32 samples
06:09.283  render           | Video append frame 1252
06:09.283  render           | Time: 00:00.50 (Saving: 00:00.00)
06:09.283  render           | Rendering frame 1253
06:09.283  render           | Start rendering: MORI_Assembly_Animation, 视图层
06:09.283  render           | Engine: EEVEE
06:09.332  render           | Fra: 1253 | Rendering 1 / 32 samples
06:09.671  render           | Fra: 1253 | Rendering 25 / 32 samples
06:09.764  render           | Fra: 1253 | Rendering 32 / 32 samples
06:09.777  render           | Video append frame 1253
06:09.777  render           | Time: 00:00.49 (Saving: 00:00.00)
06:09.777  render           | Rendering frame 1254
06:09.777  render           | Start rendering: MORI_Assembly_Animation, 视图层
06:09.777  render           | Engine: EEVEE
06:09.831  render           | Fra: 1254 | Rendering 1 / 32 samples
06:10.158  render           | Fra: 1254 | Rendering 25 / 32 samples
06:10.255  render           | Fra: 1254 | Rendering 32 / 32 samples
06:10.278  render           | Video append frame 1254
06:10.278  render           | Time: 00:00.50 (Saving: 00:00.01)
06:10.278  render           | Rendering frame 1255
06:10.279  render           | Start rendering: MORI_Assembly_Animation, 视图层
06:10.279  render           | Engine: EEVEE
06:10.334  render           | Fra: 1255 | Rendering 1 / 32 samples
06:10.666  render           | Fra: 1255 | Rendering 25 / 32 samples
06:10.764  render           | Fra: 1255 | Rendering 32 / 32 samples
06:10.775  render           | Video append frame 1255
06:10.775  render           | Time: 00:00.49 (Saving: 00:00.00)
06:10.775  render           | Rendering frame 1256
06:10.775  render           | Start rendering: MORI_Assembly_Animation, 视图层
06:10.775  render           | Engine: EEVEE
06:10.831  render           | Fra: 1256 | Rendering 1 / 32 samples
06:11.179  render           | Fra: 1256 | Rendering 25 / 32 samples
06:11.284  render           | Fra: 1256 | Rendering 32 / 32 samples
06:11.306  render           | Video append frame 1256
06:11.306  render           | Time: 00:00.53 (Saving: 00:00.01)
06:11.306  render           | Rendering frame 1257
06:11.306  render           | Start rendering: MORI_Assembly_Animation, 视图层
06:11.306  render           | Engine: EEVEE
06:11.364  render           | Fra: 1257 | Rendering 1 / 32 samples
06:11.712  render           | Fra: 1257 | Rendering 25 / 32 samples
06:11.819  render           | Fra: 1257 | Rendering 32 / 32 samples
06:11.842  render           | Video append frame 1257
06:11.842  render           | Time: 00:00.53 (Saving: 00:00.01)
06:11.842  render           | Rendering frame 1258
06:11.843  render           | Start rendering: MORI_Assembly_Animation, 视图层
06:11.843  render           | Engine: EEVEE
06:11.897  render           | Fra: 1258 | Rendering 1 / 32 samples
06:12.233  render           | Fra: 1258 | Rendering 25 / 32 samples
06:12.337  render           | Fra: 1258 | Rendering 32 / 32 samples
06:12.360  render           | Video append frame 1258
06:12.360  render           | Time: 00:00.51 (Saving: 00:00.01)
06:12.360  render           | Rendering frame 1259
06:12.361  render           | Start rendering: MORI_Assembly_Animation, 视图层
06:12.361  render           | Engine: EEVEE
06:12.417  render           | Fra: 1259 | Rendering 1 / 32 samples
06:12.753  render           | Fra: 1259 | Rendering 25 / 32 samples
06:12.850  render           | Fra: 1259 | Rendering 32 / 32 samples
06:12.862  render           | Video append frame 1259
06:12.862  render           | Time: 00:00.50 (Saving: 00:00.00)
06:12.862  render           | Rendering frame 1260
06:12.862  render           | Start rendering: MORI_Assembly_Animation, 视图层
06:12.862  render           | Engine: EEVEE
06:12.916  render           | Fra: 1260 | Rendering 1 / 32 samples
06:13.265  render           | Fra: 1260 | Rendering 25 / 32 samples
06:13.378  render           | Fra: 1260 | Rendering 32 / 32 samples
06:13.399  render           | Video append frame 1260
06:13.399  render           | Time: 00:00.53 (Saving: 00:00.01)
06:13.399  render           | Rendering frame 1261
06:13.399  render           | Start rendering: MORI_Assembly_Animation, 视图层
06:13.399  render           | Engine: EEVEE
06:13.455  render           | Fra: 1261 | Rendering 1 / 32 samples
06:13.800  render           | Fra: 1261 | Rendering 25 / 32 samples
06:13.906  render           | Fra: 1261 | Rendering 32 / 32 samples
06:13.928  render           | Video append frame 1261
06:13.929  render           | Time: 00:00.52 (Saving: 00:00.01)
06:13.929  render           | Rendering frame 1262
06:13.929  render           | Start rendering: MORI_Assembly_Animation, 视图层
06:13.929  render           | Engine: EEVEE
06:13.984  render           | Fra: 1262 | Rendering 1 / 32 samples
06:14.311  render           | Fra: 1262 | Rendering 25 / 32 samples
06:14.410  render           | Fra: 1262 | Rendering 32 / 32 samples
06:14.421  render           | Video append frame 1262
06:14.421  render           | Time: 00:00.49 (Saving: 00:00.00)
06:14.421  render           | Rendering frame 1263
06:14.421  render           | Start rendering: MORI_Assembly_Animation, 视图层
06:14.421  render           | Engine: EEVEE
06:14.471  render           | Fra: 1263 | Rendering 1 / 32 samples
06:14.816  render           | Fra: 1263 | Rendering 25 / 32 samples
06:14.925  render           | Fra: 1263 | Rendering 32 / 32 samples
06:14.946  render           | Video append frame 1263
06:14.946  render           | Time: 00:00.52 (Saving: 00:00.01)
06:14.946  render           | Rendering frame 1264
06:14.947  render           | Start rendering: MORI_Assembly_Animation, 视图层
06:14.947  render           | Engine: EEVEE
06:15.002  render           | Fra: 1264 | Rendering 1 / 32 samples
06:15.333  render           | Fra: 1264 | Rendering 25 / 32 samples
06:15.432  render           | Fra: 1264 | Rendering 32 / 32 samples
06:15.441  render           | Video append frame 1264
06:15.441  render           | Time: 00:00.49 (Saving: 00:00.00)
06:15.441  render           | Rendering frame 1265
06:15.441  render           | Start rendering: MORI_Assembly_Animation, 视图层
06:15.441  render           | Engine: EEVEE
06:15.493  render           | Fra: 1265 | Rendering 1 / 32 samples
06:15.822  render           | Fra: 1265 | Rendering 25 / 32 samples
06:15.925  render           | Fra: 1265 | Rendering 32 / 32 samples
06:15.947  render           | Video append frame 1265
06:15.947  render           | Time: 00:00.50 (Saving: 00:00.01)
06:15.947  render           | Rendering frame 1266
06:15.947  render           | Start rendering: MORI_Assembly_Animation, 视图层
06:15.947  render           | Engine: EEVEE
06:16.004  render           | Fra: 1266 | Rendering 1 / 32 samples
06:16.337  render           | Fra: 1266 | Rendering 25 / 32 samples
06:16.437  render           | Fra: 1266 | Rendering 32 / 32 samples
06:16.447  render           | Video append frame 1266
06:16.447  render           | Time: 00:00.50 (Saving: 00:00.00)
06:16.447  render           | Rendering frame 1267
06:16.447  render           | Start rendering: MORI_Assembly_Animation, 视图层
06:16.447  render           | Engine: EEVEE
06:16.498  render           | Fra: 1267 | Rendering 1 / 32 samples
06:16.850  render           | Fra: 1267 | Rendering 25 / 32 samples
06:16.956  render           | Fra: 1267 | Rendering 32 / 32 samples
06:17.009  render           | Video append frame 1267
06:17.009  render           | Time: 00:00.56 (Saving: 00:00.03)
06:17.009  render           | Rendering frame 1268
06:17.009  render           | Start rendering: MORI_Assembly_Animation, 视图层
06:17.009  render           | Engine: EEVEE
06:17.061  render           | Fra: 1268 | Rendering 1 / 32 samples
06:17.409  render           | Fra: 1268 | Rendering 25 / 32 samples
06:17.516  render           | Fra: 1268 | Rendering 32 / 32 samples
06:17.535  render           | Video append frame 1268
06:17.535  render           | Time: 00:00.52 (Saving: 00:00.01)
06:17.535  render           | Rendering frame 1269
06:17.535  render           | Start rendering: MORI_Assembly_Animation, 视图层
06:17.535  render           | Engine: EEVEE
06:17.593  render           | Fra: 1269 | Rendering 1 / 32 samples
06:17.925  render           | Fra: 1269 | Rendering 25 / 32 samples
06:18.028  render           | Fra: 1269 | Rendering 32 / 32 samples
06:18.046  render           | Video append frame 1269
06:18.046  render           | Time: 00:00.51 (Saving: 00:00.01)
06:18.046  render           | Rendering frame 1270
06:18.046  render           | Start rendering: MORI_Assembly_Animation, 视图层
06:18.046  render           | Engine: EEVEE
06:18.102  render           | Fra: 1270 | Rendering 1 / 32 samples
06:18.444  render           | Fra: 1270 | Rendering 25 / 32 samples
06:18.549  render           | Fra: 1270 | Rendering 32 / 32 samples
06:18.571  render           | Video append frame 1270
06:18.571  render           | Time: 00:00.52 (Saving: 00:00.01)
06:18.571  render           | Rendering frame 1271
06:18.571  render           | Start rendering: MORI_Assembly_Animation, 视图层
06:18.571  render           | Engine: EEVEE
06:18.627  render           | Fra: 1271 | Rendering 1 / 32 samples
06:18.965  render           | Fra: 1271 | Rendering 25 / 32 samples
06:19.070  render           | Fra: 1271 | Rendering 32 / 32 samples
06:19.092  render           | Video append frame 1271
06:19.092  render           | Time: 00:00.52 (Saving: 00:00.01)
06:19.092  render           | Rendering frame 1272
06:19.092  render           | Start rendering: MORI_Assembly_Animation, 视图层
06:19.092  render           | Engine: EEVEE
06:19.151  render           | Fra: 1272 | Rendering 1 / 32 samples
06:19.479  render           | Fra: 1272 | Rendering 25 / 32 samples
06:19.576  render           | Fra: 1272 | Rendering 32 / 32 samples
06:19.586  render           | Video append frame 1272
06:19.586  render           | Time: 00:00.49 (Saving: 00:00.00)
06:19.586  render           | Rendering frame 1273
06:19.586  render           | Start rendering: MORI_Assembly_Animation, 视图层
06:19.586  render           | Engine: EEVEE
06:19.639  render           | Fra: 1273 | Rendering 1 / 32 samples
06:19.971  render           | Fra: 1273 | Rendering 25 / 32 samples
06:20.068  render           | Fra: 1273 | Rendering 32 / 32 samples
06:20.084  render           | Video append frame 1273
06:20.084  render           | Time: 00:00.49 (Saving: 00:00.01)
06:20.084  render           | Rendering frame 1274
06:20.084  render           | Start rendering: MORI_Assembly_Animation, 视图层
06:20.084  render           | Engine: EEVEE
06:20.137  render           | Fra: 1274 | Rendering 1 / 32 samples
06:20.468  render           | Fra: 1274 | Rendering 25 / 32 samples
06:20.571  render           | Fra: 1274 | Rendering 32 / 32 samples
06:20.588  render           | Video append frame 1274
06:20.588  render           | Time: 00:00.50 (Saving: 00:00.01)
06:20.588  render           | Rendering frame 1275
06:20.588  render           | Start rendering: MORI_Assembly_Animation, 视图层
06:20.588  render           | Engine: EEVEE
06:20.644  render           | Fra: 1275 | Rendering 1 / 32 samples
06:20.963  render           | Fra: 1275 | Rendering 25 / 32 samples
06:21.057  render           | Fra: 1275 | Rendering 32 / 32 samples
06:21.071  render           | Video append frame 1275
06:21.071  render           | Time: 00:00.48 (Saving: 00:00.00)
06:21.071  render           | Rendering frame 1276
06:21.071  render           | Start rendering: MORI_Assembly_Animation, 视图层
06:21.071  render           | Engine: EEVEE
06:21.125  render           | Fra: 1276 | Rendering 1 / 32 samples
06:21.455  render           | Fra: 1276 | Rendering 25 / 32 samples
06:21.553  render           | Fra: 1276 | Rendering 32 / 32 samples
06:21.566  render           | Video append frame 1276
06:21.566  render           | Time: 00:00.49 (Saving: 00:00.00)
06:21.566  render           | Rendering frame 1277
06:21.566  render           | Start rendering: MORI_Assembly_Animation, 视图层
06:21.566  render           | Engine: EEVEE
06:21.619  render           | Fra: 1277 | Rendering 1 / 32 samples
06:21.946  render           | Fra: 1277 | Rendering 25 / 32 samples
06:22.045  render           | Fra: 1277 | Rendering 32 / 32 samples
06:22.065  render           | Video append frame 1277
06:22.065  render           | Time: 00:00.49 (Saving: 00:00.01)
06:22.065  render           | Rendering frame 1278
06:22.066  render           | Start rendering: MORI_Assembly_Animation, 视图层
06:22.066  render           | Engine: EEVEE
06:22.122  render           | Fra: 1278 | Rendering 1 / 32 samples
06:22.448  render           | Fra: 1278 | Rendering 25 / 32 samples
06:22.542  render           | Fra: 1278 | Rendering 32 / 32 samples
06:22.555  render           | Video append frame 1278
06:22.555  render           | Time: 00:00.48 (Saving: 00:00.00)
06:22.555  render           | Rendering frame 1279
06:22.555  render           | Start rendering: MORI_Assembly_Animation, 视图层
06:22.555  render           | Engine: EEVEE
06:22.610  render           | Fra: 1279 | Rendering 1 / 32 samples
06:22.948  render           | Fra: 1279 | Rendering 25 / 32 samples
06:23.045  render           | Fra: 1279 | Rendering 32 / 32 samples
06:23.066  render           | Video append frame 1279
06:23.066  render           | Time: 00:00.51 (Saving: 00:00.01)
06:23.066  render           | Rendering frame 1280
06:23.066  render           | Start rendering: MORI_Assembly_Animation, 视图层
06:23.066  render           | Engine: EEVEE
06:23.122  render           | Fra: 1280 | Rendering 1 / 32 samples
06:23.448  render           | Fra: 1280 | Rendering 25 / 32 samples
06:23.551  render           | Fra: 1280 | Rendering 32 / 32 samples
06:23.574  render           | Video append frame 1280
06:23.574  render           | Time: 00:00.50 (Saving: 00:00.01)
06:23.574  render           | Rendering frame 1281
06:23.574  render           | Start rendering: MORI_Assembly_Animation, 视图层
06:23.574  render           | Engine: EEVEE
06:23.633  render           | Fra: 1281 | Rendering 1 / 32 samples
06:23.967  render           | Fra: 1281 | Rendering 25 / 32 samples
06:24.060  render           | Fra: 1281 | Rendering 32 / 32 samples
06:24.073  render           | Video append frame 1281
06:24.073  render           | Time: 00:00.49 (Saving: 00:00.00)
06:24.073  render           | Rendering frame 1282
06:24.073  render           | Start rendering: MORI_Assembly_Animation, 视图层
06:24.073  render           | Engine: EEVEE
06:24.125  render           | Fra: 1282 | Rendering 1 / 32 samples
06:24.457  render           | Fra: 1282 | Rendering 25 / 32 samples
06:24.550  render           | Fra: 1282 | Rendering 32 / 32 samples
06:24.565  render           | Video append frame 1282
06:24.565  render           | Time: 00:00.49 (Saving: 00:00.00)
06:24.565  render           | Rendering frame 1283
06:24.565  render           | Start rendering: MORI_Assembly_Animation, 视图层
06:24.565  render           | Engine: EEVEE
06:24.619  render           | Fra: 1283 | Rendering 1 / 32 samples
06:24.948  render           | Fra: 1283 | Rendering 25 / 32 samples
06:25.044  render           | Fra: 1283 | Rendering 32 / 32 samples
06:25.063  render           | Video append frame 1283
06:25.063  render           | Time: 00:00.49 (Saving: 00:00.01)
06:25.063  render           | Rendering frame 1284
06:25.063  render           | Start rendering: MORI_Assembly_Animation, 视图层
06:25.063  render           | Engine: EEVEE
06:25.117  render           | Fra: 1284 | Rendering 1 / 32 samples
06:25.448  render           | Fra: 1284 | Rendering 25 / 32 samples
06:25.551  render           | Fra: 1284 | Rendering 32 / 32 samples
06:25.572  render           | Video append frame 1284
06:25.572  render           | Time: 00:00.50 (Saving: 00:00.01)
06:25.572  render           | Rendering frame 1285
06:25.573  render           | Start rendering: MORI_Assembly_Animation, 视图层
06:25.573  render           | Engine: EEVEE
06:25.629  render           | Fra: 1285 | Rendering 1 / 32 samples
06:25.954  render           | Fra: 1285 | Rendering 25 / 32 samples
06:26.054  render           | Fra: 1285 | Rendering 32 / 32 samples
06:26.067  render           | Video append frame 1285
06:26.067  render           | Time: 00:00.49 (Saving: 00:00.00)
06:26.067  render           | Rendering frame 1286
06:26.068  render           | Start rendering: MORI_Assembly_Animation, 视图层
06:26.068  render           | Engine: EEVEE
06:26.121  render           | Fra: 1286 | Rendering 1 / 32 samples
06:26.454  render           | Fra: 1286 | Rendering 25 / 32 samples
06:26.553  render           | Fra: 1286 | Rendering 32 / 32 samples
06:26.574  render           | Video append frame 1286
06:26.575  render           | Time: 00:00.50 (Saving: 00:00.01)
06:26.575  render           | Rendering frame 1287
06:26.575  render           | Start rendering: MORI_Assembly_Animation, 视图层
06:26.575  render           | Engine: EEVEE
06:26.631  render           | Fra: 1287 | Rendering 1 / 32 samples
06:26.962  render           | Fra: 1287 | Rendering 25 / 32 samples
06:27.057  render           | Fra: 1287 | Rendering 32 / 32 samples
06:27.068  render           | Video append frame 1287
06:27.068  render           | Time: 00:00.49 (Saving: 00:00.00)
06:27.068  render           | Rendering frame 1288
06:27.069  render           | Start rendering: MORI_Assembly_Animation, 视图层
06:27.069  render           | Engine: EEVEE
06:27.122  render           | Fra: 1288 | Rendering 1 / 32 samples
06:27.457  render           | Fra: 1288 | Rendering 25 / 32 samples
06:27.558  render           | Fra: 1288 | Rendering 32 / 32 samples
06:27.577  render           | Video append frame 1288
06:27.578  render           | Time: 00:00.50 (Saving: 00:00.01)
06:27.578  render           | Rendering frame 1289
06:27.578  render           | Start rendering: MORI_Assembly_Animation, 视图层
06:27.578  render           | Engine: EEVEE
06:27.633  render           | Fra: 1289 | Rendering 1 / 32 samples
06:27.967  render           | Fra: 1289 | Rendering 25 / 32 samples
06:28.064  render           | Fra: 1289 | Rendering 32 / 32 samples
06:28.083  render           | Video append frame 1289
06:28.083  render           | Time: 00:00.50 (Saving: 00:00.01)
06:28.083  render           | Rendering frame 1290
06:28.083  render           | Start rendering: MORI_Assembly_Animation, 视图层
06:28.083  render           | Engine: EEVEE
06:28.140  render           | Fra: 1290 | Rendering 1 / 32 samples
06:28.466  render           | Fra: 1290 | Rendering 25 / 32 samples
06:28.565  render           | Fra: 1290 | Rendering 32 / 32 samples
06:28.587  render           | Video append frame 1290
06:28.587  render           | Time: 00:00.50 (Saving: 00:00.01)
06:28.587  render           | Rendering frame 1291
06:28.587  render           | Start rendering: MORI_Assembly_Animation, 视图层
06:28.587  render           | Engine: EEVEE
06:28.643  render           | Fra: 1291 | Rendering 1 / 32 samples
06:28.971  render           | Fra: 1291 | Rendering 25 / 32 samples
06:29.064  render           | Fra: 1291 | Rendering 32 / 32 samples
06:29.077  render           | Video append frame 1291
06:29.077  render           | Time: 00:00.48 (Saving: 00:00.00)
06:29.077  render           | Rendering frame 1292
06:29.077  render           | Start rendering: MORI_Assembly_Animation, 视图层
06:29.077  render           | Engine: EEVEE
06:29.129  render           | Fra: 1292 | Rendering 1 / 32 samples
06:29.462  render           | Fra: 1292 | Rendering 25 / 32 samples
06:29.560  render           | Fra: 1292 | Rendering 32 / 32 samples
06:29.571  render           | Video append frame 1292
06:29.571  render           | Time: 00:00.49 (Saving: 00:00.00)
06:29.571  render           | Rendering frame 1293
06:29.571  render           | Start rendering: MORI_Assembly_Animation, 视图层
06:29.571  render           | Engine: EEVEE
06:29.622  render           | Fra: 1293 | Rendering 1 / 32 samples
06:29.944  render           | Fra: 1293 | Rendering 25 / 32 samples
06:30.041  render           | Fra: 1293 | Rendering 32 / 32 samples
06:30.051  render           | Video append frame 1293
06:30.051  render           | Time: 00:00.47 (Saving: 00:00.00)
06:30.051  render           | Rendering frame 1294
06:30.051  render           | Start rendering: MORI_Assembly_Animation, 视图层
06:30.051  render           | Engine: EEVEE
06:30.102  render           | Fra: 1294 | Rendering 1 / 32 samples
06:30.431  render           | Fra: 1294 | Rendering 25 / 32 samples
06:30.531  render           | Fra: 1294 | Rendering 32 / 32 samples
06:30.547  render           | Video append frame 1294
06:30.547  render           | Time: 00:00.49 (Saving: 00:00.01)
06:30.547  render           | Rendering frame 1295
06:30.547  render           | Start rendering: MORI_Assembly_Animation, 视图层
06:30.547  render           | Engine: EEVEE
06:30.599  render           | Fra: 1295 | Rendering 1 / 32 samples
06:30.931  render           | Fra: 1295 | Rendering 25 / 32 samples
06:31.028  render           | Fra: 1295 | Rendering 32 / 32 samples
06:31.052  render           | Video append frame 1295
06:31.052  render           | Time: 00:00.50 (Saving: 00:00.01)
06:31.052  render           | Rendering frame 1296
06:31.053  render           | Start rendering: MORI_Assembly_Animation, 视图层
06:31.053  render           | Engine: EEVEE
06:31.104  render           | Fra: 1296 | Rendering 1 / 32 samples
06:31.441  render           | Fra: 1296 | Rendering 25 / 32 samples
06:31.548  render           | Fra: 1296 | Rendering 32 / 32 samples
06:31.569  render           | Video append frame 1296
06:31.569  render           | Time: 00:00.51 (Saving: 00:00.01)

Blender quit
