00:00.500  blend            | Read blend: "/Users/dean/Documents/MORI/mechanical/mori_assembly_animation.blend"
00:00.969  render           | Rendering animation (frames 1..1338)
00:00.980  render           | Rendering frame 1
00:00.980  render           | Start rendering: MORI_Assembly_Animation, 视图层
00:00.980  render           | Engine: EEVEE
00:01.206  render           | Fra: 1 | Rendering 1 / 32 samples
Blender 5.2.1 LTS (hash 9e2066aef7ef built 2026-08-25 01:35:57)
Scene switch for render: 'MORI_Assembly_Animation' in file: '/Users/dean/Documents/MORI/mechanical/mori_assembly_animation.blend'
00:01.270  render           | Fra: 1 | Rendering 25 / 32 samples
00:01.285  render           | Fra: 1 | Rendering 32 / 32 samples
00:01.321  render           | Video append frame 1
00:01.321  render           | Time: 00:00.34 (Saving: 00:00.03)
00:01.321  render           | Rendering frame 2
00:01.322  render           | Start rendering: MORI_Assembly_Animation, 视图层
00:01.322  render           | Engine: EEVEE
00:01.355  render           | Fra: 2 | Rendering 1 / 32 samples
00:01.453  render           | Fra: 2 | Rendering 25 / 32 samples
00:01.481  render           | Fra: 2 | Rendering 32 / 32 samples
00:01.489  render           | Video append frame 2
00:01.489  render           | Time: 00:00.16 (Saving: 00:00.00)
00:01.489  render           | Rendering frame 3
00:01.489  render           | Start rendering: MORI_Assembly_Animation, 视图层
00:01.489  render           | Engine: EEVEE
00:01.523  render           | Fra: 3 | Rendering 1 / 32 samples
00:01.626  render           | Fra: 3 | Rendering 25 / 32 samples
00:01.655  render           | Fra: 3 | Rendering 32 / 32 samples
00:01.663  render           | Video append frame 3
00:01.663  render           | Time: 00:00.17 (Saving: 00:00.00)
00:01.663  render           | Rendering frame 4
00:01.663  render           | Start rendering: MORI_Assembly_Animation, 视图层
00:01.663  render           | Engine: EEVEE
00:01.696  render           | Fra: 4 | Rendering 1 / 32 samples
00:01.794  render           | Fra: 4 | Rendering 25 / 32 samples
00:01.822  render           | Fra: 4 | Rendering 32 / 32 samples
00:01.831  render           | Video append frame 4
00:01.831  render           | Time: 00:00.16 (Saving: 00:00.00)
00:01.831  render           | Rendering frame 5
00:01.831  render           | Start rendering: MORI_Assembly_Animation, 视图层
00:01.831  render           | Engine: EEVEE
00:01.866  render           | Fra: 5 | Rendering 1 / 32 samples
00:01.930  render           | Fra: 5 | Rendering 25 / 32 samples
00:01.949  render           | Fra: 5 | Rendering 32 / 32 samples
00:01.958  render           | Video append frame 5
00:01.958  render           | Time: 00:00.12 (Saving: 00:00.00)
00:01.958  render           | Rendering frame 6
00:01.958  render           | Start rendering: MORI_Assembly_Animation, 视图层
00:01.958  render           | Engine: EEVEE
00:01.992  render           | Fra: 6 | Rendering 1 / 32 samples
00:02.112  render           | Fra: 6 | Rendering 25 / 32 samples
00:02.149  render           | Fra: 6 | Rendering 32 / 32 samples
00:02.158  render           | Video append frame 6
00:02.158  render           | Time: 00:00.19 (Saving: 00:00.00)
00:02.158  render           | Rendering frame 7
00:02.158  render           | Start rendering: MORI_Assembly_Animation, 视图层
00:02.158  render           | Engine: EEVEE
00:02.195  render           | Fra: 7 | Rendering 1 / 32 samples
00:02.324  render           | Fra: 7 | Rendering 25 / 32 samples
00:02.363  render           | Fra: 7 | Rendering 32 / 32 samples
00:02.371  render           | Video append frame 7
00:02.371  render           | Time: 00:00.21 (Saving: 00:00.00)
00:02.371  render           | Rendering frame 8
00:02.371  render           | Start rendering: MORI_Assembly_Animation, 视图层
00:02.372  render           | Engine: EEVEE
00:02.401  render           | Fra: 8 | Rendering 1 / 32 samples
00:02.529  render           | Fra: 8 | Rendering 25 / 32 samples
00:02.565  render           | Fra: 8 | Rendering 32 / 32 samples
00:02.572  render           | Video append frame 8
00:02.572  render           | Time: 00:00.20 (Saving: 00:00.00)
00:02.572  render           | Rendering frame 9
00:02.572  render           | Start rendering: MORI_Assembly_Animation, 视图层
00:02.572  render           | Engine: EEVEE
00:02.606  render           | Fra: 9 | Rendering 1 / 32 samples
00:02.732  render           | Fra: 9 | Rendering 25 / 32 samples
00:02.767  render           | Fra: 9 | Rendering 32 / 32 samples
00:02.775  render           | Video append frame 9
00:02.775  render           | Time: 00:00.20 (Saving: 00:00.00)
00:02.775  render           | Rendering frame 10
00:02.775  render           | Start rendering: MORI_Assembly_Animation, 视图层
00:02.775  render           | Engine: EEVEE
00:02.809  render           | Fra: 10 | Rendering 1 / 32 samples
00:02.933  render           | Fra: 10 | Rendering 25 / 32 samples
00:02.969  render           | Fra: 10 | Rendering 32 / 32 samples
00:02.977  render           | Video append frame 10
00:02.977  render           | Time: 00:00.20 (Saving: 00:00.00)
00:02.977  render           | Rendering frame 11
00:02.977  render           | Start rendering: MORI_Assembly_Animation, 视图层
00:02.977  render           | Engine: EEVEE
00:03.010  render           | Fra: 11 | Rendering 1 / 32 samples
00:03.134  render           | Fra: 11 | Rendering 25 / 32 samples
00:03.170  render           | Fra: 11 | Rendering 32 / 32 samples
00:03.177  render           | Video append frame 11
00:03.177  render           | Time: 00:00.20 (Saving: 00:00.00)
00:03.177  render           | Rendering frame 12
00:03.177  render           | Start rendering: MORI_Assembly_Animation, 视图层
00:03.177  render           | Engine: EEVEE
00:03.211  render           | Fra: 12 | Rendering 1 / 32 samples
00:03.336  render           | Fra: 12 | Rendering 25 / 32 samples
00:03.373  render           | Fra: 12 | Rendering 32 / 32 samples
00:03.382  render           | Video append frame 12
00:03.382  render           | Time: 00:00.20 (Saving: 00:00.00)
00:03.382  render           | Rendering frame 13
00:03.382  render           | Start rendering: MORI_Assembly_Animation, 视图层
00:03.382  render           | Engine: EEVEE
00:03.420  render           | Fra: 13 | Rendering 1 / 32 samples
00:03.548  render           | Fra: 13 | Rendering 25 / 32 samples
00:03.586  render           | Fra: 13 | Rendering 32 / 32 samples
00:03.593  render           | Video append frame 13
00:03.594  render           | Time: 00:00.21 (Saving: 00:00.00)
00:03.594  render           | Rendering frame 14
00:03.594  render           | Start rendering: MORI_Assembly_Animation, 视图层
00:03.594  render           | Engine: EEVEE
00:03.629  render           | Fra: 14 | Rendering 1 / 32 samples
00:03.755  render           | Fra: 14 | Rendering 25 / 32 samples
00:03.792  render           | Fra: 14 | Rendering 32 / 32 samples
00:03.803  render           | Video append frame 14
00:03.803  render           | Time: 00:00.20 (Saving: 00:00.00)
00:03.803  render           | Rendering frame 15
00:03.803  render           | Start rendering: MORI_Assembly_Animation, 视图层
00:03.803  render           | Engine: EEVEE
00:03.837  render           | Fra: 15 | Rendering 1 / 32 samples
00:03.963  render           | Fra: 15 | Rendering 25 / 32 samples
00:04.000  render           | Fra: 15 | Rendering 32 / 32 samples
00:04.023  render           | Video append frame 15
00:04.023  render           | Time: 00:00.22 (Saving: 00:00.02)
00:04.023  render           | Rendering frame 16
00:04.023  render           | Start rendering: MORI_Assembly_Animation, 视图层
00:04.023  render           | Engine: EEVEE
00:04.056  render           | Fra: 16 | Rendering 1 / 32 samples
00:04.184  render           | Fra: 16 | Rendering 25 / 32 samples
00:04.220  render           | Fra: 16 | Rendering 32 / 32 samples
00:04.255  render           | Video append frame 16
00:04.255  render           | Time: 00:00.23 (Saving: 00:00.02)
00:04.255  render           | Rendering frame 17
00:04.255  render           | Start rendering: MORI_Assembly_Animation, 视图层
00:04.255  render           | Engine: EEVEE
00:04.288  render           | Fra: 17 | Rendering 1 / 32 samples
00:04.417  render           | Fra: 17 | Rendering 25 / 32 samples
00:04.455  render           | Fra: 17 | Rendering 32 / 32 samples
00:04.487  render           | Video append frame 17
00:04.487  render           | Time: 00:00.23 (Saving: 00:00.02)
00:04.487  render           | Rendering frame 18
00:04.487  render           | Start rendering: MORI_Assembly_Animation, 视图层
00:04.487  render           | Engine: EEVEE
00:04.521  render           | Fra: 18 | Rendering 1 / 32 samples
00:04.646  render           | Fra: 18 | Rendering 25 / 32 samples
00:04.683  render           | Fra: 18 | Rendering 32 / 32 samples
00:04.697  render           | Video append frame 18
00:04.697  render           | Time: 00:00.21 (Saving: 00:00.01)
00:04.697  render           | Rendering frame 19
00:04.698  render           | Start rendering: MORI_Assembly_Animation, 视图层
00:04.698  render           | Engine: EEVEE
00:04.731  render           | Fra: 19 | Rendering 1 / 32 samples
00:04.857  render           | Fra: 19 | Rendering 25 / 32 samples
00:04.894  render           | Fra: 19 | Rendering 32 / 32 samples
00:04.916  render           | Video append frame 19
00:04.916  render           | Time: 00:00.21 (Saving: 00:00.01)
00:04.916  render           | Rendering frame 20
00:04.916  render           | Start rendering: MORI_Assembly_Animation, 视图层
00:04.916  render           | Engine: EEVEE
00:04.949  render           | Fra: 20 | Rendering 1 / 32 samples
00:05.078  render           | Fra: 20 | Rendering 25 / 32 samples
00:05.114  render           | Fra: 20 | Rendering 32 / 32 samples
00:05.131  render           | Video append frame 20
00:05.131  render           | Time: 00:00.21 (Saving: 00:00.01)
00:05.131  render           | Rendering frame 21
00:05.131  render           | Start rendering: MORI_Assembly_Animation, 视图层
00:05.131  render           | Engine: EEVEE
00:05.164  render           | Fra: 21 | Rendering 1 / 32 samples
00:05.291  render           | Fra: 21 | Rendering 25 / 32 samples
00:05.327  render           | Fra: 21 | Rendering 32 / 32 samples
00:05.353  render           | Video append frame 21
00:05.353  render           | Time: 00:00.22 (Saving: 00:00.02)
00:05.353  render           | Rendering frame 22
00:05.353  render           | Start rendering: MORI_Assembly_Animation, 视图层
00:05.353  render           | Engine: EEVEE
00:05.387  render           | Fra: 22 | Rendering 1 / 32 samples
00:05.514  render           | Fra: 22 | Rendering 25 / 32 samples
00:05.550  render           | Fra: 22 | Rendering 32 / 32 samples
00:05.584  render           | Video append frame 22
00:05.584  render           | Time: 00:00.23 (Saving: 00:00.02)
00:05.584  render           | Rendering frame 23
00:05.584  render           | Start rendering: MORI_Assembly_Animation, 视图层
00:05.584  render           | Engine: EEVEE
00:05.616  render           | Fra: 23 | Rendering 1 / 32 samples
00:05.743  render           | Fra: 23 | Rendering 25 / 32 samples
00:05.780  render           | Fra: 23 | Rendering 32 / 32 samples
00:05.788  render           | Video append frame 23
00:05.788  render           | Time: 00:00.20 (Saving: 00:00.00)
00:05.788  render           | Rendering frame 24
00:05.788  render           | Start rendering: MORI_Assembly_Animation, 视图层
00:05.788  render           | Engine: EEVEE
00:05.820  render           | Fra: 24 | Rendering 1 / 32 samples
00:05.947  render           | Fra: 24 | Rendering 25 / 32 samples
00:05.984  render           | Fra: 24 | Rendering 32 / 32 samples
00:05.992  render           | Video append frame 24
00:05.992  render           | Time: 00:00.20 (Saving: 00:00.00)
00:05.992  render           | Rendering frame 25
00:05.992  render           | Start rendering: MORI_Assembly_Animation, 视图层
00:05.992  render           | Engine: EEVEE
00:06.026  render           | Fra: 25 | Rendering 1 / 32 samples
00:06.156  render           | Fra: 25 | Rendering 25 / 32 samples
00:06.193  render           | Fra: 25 | Rendering 32 / 32 samples
00:06.201  render           | Video append frame 25
00:06.201  render           | Time: 00:00.20 (Saving: 00:00.00)
00:06.201  render           | Rendering frame 26
00:06.201  render           | Start rendering: MORI_Assembly_Animation, 视图层
00:06.201  render           | Engine: EEVEE
00:06.239  render           | Fra: 26 | Rendering 1 / 32 samples
00:06.367  render           | Fra: 26 | Rendering 25 / 32 samples
00:06.404  render           | Fra: 26 | Rendering 32 / 32 samples
00:06.412  render           | Video append frame 26
00:06.412  render           | Time: 00:00.21 (Saving: 00:00.00)
00:06.412  render           | Rendering frame 27
00:06.412  render           | Start rendering: MORI_Assembly_Animation, 视图层
00:06.412  render           | Engine: EEVEE
00:06.448  render           | Fra: 27 | Rendering 1 / 32 samples
00:06.575  render           | Fra: 27 | Rendering 25 / 32 samples
00:06.612  render           | Fra: 27 | Rendering 32 / 32 samples
00:06.623  render           | Video append frame 27
00:06.624  render           | Time: 00:00.21 (Saving: 00:00.00)
00:06.624  render           | Rendering frame 28
00:06.624  render           | Start rendering: MORI_Assembly_Animation, 视图层
00:06.624  render           | Engine: EEVEE
00:06.659  render           | Fra: 28 | Rendering 1 / 32 samples
00:06.788  render           | Fra: 28 | Rendering 25 / 32 samples
00:06.824  render           | Fra: 28 | Rendering 32 / 32 samples
00:06.832  render           | Video append frame 28
00:06.832  render           | Time: 00:00.20 (Saving: 00:00.00)
00:06.832  render           | Rendering frame 29
00:06.833  render           | Start rendering: MORI_Assembly_Animation, 视图层
00:06.833  render           | Engine: EEVEE
00:06.870  render           | Fra: 29 | Rendering 1 / 32 samples
00:06.997  render           | Fra: 29 | Rendering 25 / 32 samples
00:07.034  render           | Fra: 29 | Rendering 32 / 32 samples
00:07.042  render           | Video append frame 29
00:07.042  render           | Time: 00:00.20 (Saving: 00:00.00)
00:07.042  render           | Rendering frame 30
00:07.043  render           | Start rendering: MORI_Assembly_Animation, 视图层
00:07.043  render           | Engine: EEVEE
00:07.080  render           | Fra: 30 | Rendering 1 / 32 samples
00:07.209  render           | Fra: 30 | Rendering 25 / 32 samples
00:07.246  render           | Fra: 30 | Rendering 32 / 32 samples
00:07.254  render           | Video append frame 30
00:07.254  render           | Time: 00:00.21 (Saving: 00:00.00)
00:07.254  render           | Rendering frame 31
00:07.254  render           | Start rendering: MORI_Assembly_Animation, 视图层
00:07.254  render           | Engine: EEVEE
00:07.292  render           | Fra: 31 | Rendering 1 / 32 samples
00:07.419  render           | Fra: 31 | Rendering 25 / 32 samples
00:07.455  render           | Fra: 31 | Rendering 32 / 32 samples
00:07.463  render           | Video append frame 31
00:07.463  render           | Time: 00:00.20 (Saving: 00:00.00)
00:07.463  render           | Rendering frame 32
00:07.463  render           | Start rendering: MORI_Assembly_Animation, 视图层
00:07.463  render           | Engine: EEVEE
00:07.497  render           | Fra: 32 | Rendering 1 / 32 samples
00:07.622  render           | Fra: 32 | Rendering 25 / 32 samples
00:07.658  render           | Fra: 32 | Rendering 32 / 32 samples
00:07.666  render           | Video append frame 32
00:07.666  render           | Time: 00:00.20 (Saving: 00:00.00)
00:07.666  render           | Rendering frame 33
00:07.666  render           | Start rendering: MORI_Assembly_Animation, 视图层
00:07.666  render           | Engine: EEVEE
00:07.701  render           | Fra: 33 | Rendering 1 / 32 samples
00:07.826  render           | Fra: 33 | Rendering 25 / 32 samples
00:07.863  render           | Fra: 33 | Rendering 32 / 32 samples
00:07.870  render           | Video append frame 33
00:07.870  render           | Time: 00:00.20 (Saving: 00:00.00)
00:07.870  render           | Rendering frame 34
00:07.870  render           | Start rendering: MORI_Assembly_Animation, 视图层
00:07.870  render           | Engine: EEVEE
00:07.906  render           | Fra: 34 | Rendering 1 / 32 samples
00:08.033  render           | Fra: 34 | Rendering 25 / 32 samples
00:08.069  render           | Fra: 34 | Rendering 32 / 32 samples
00:08.077  render           | Video append frame 34
00:08.077  render           | Time: 00:00.20 (Saving: 00:00.00)
00:08.077  render           | Rendering frame 35
00:08.077  render           | Start rendering: MORI_Assembly_Animation, 视图层
00:08.077  render           | Engine: EEVEE
00:08.116  render           | Fra: 35 | Rendering 1 / 32 samples
00:08.244  render           | Fra: 35 | Rendering 25 / 32 samples
00:08.280  render           | Fra: 35 | Rendering 32 / 32 samples
00:08.288  render           | Video append frame 35
00:08.288  render           | Time: 00:00.21 (Saving: 00:00.00)
00:08.288  render           | Rendering frame 36
00:08.288  render           | Start rendering: MORI_Assembly_Animation, 视图层
00:08.288  render           | Engine: EEVEE
00:08.324  render           | Fra: 36 | Rendering 1 / 32 samples
00:08.453  render           | Fra: 36 | Rendering 25 / 32 samples
00:08.489  render           | Fra: 36 | Rendering 32 / 32 samples
00:08.497  render           | Video append frame 36
00:08.497  render           | Time: 00:00.20 (Saving: 00:00.00)
00:08.497  render           | Rendering frame 37
00:08.497  render           | Start rendering: MORI_Assembly_Animation, 视图层
00:08.497  render           | Engine: EEVEE
00:08.532  render           | Fra: 37 | Rendering 1 / 32 samples
00:08.657  render           | Fra: 37 | Rendering 25 / 32 samples
00:08.694  render           | Fra: 37 | Rendering 32 / 32 samples
00:08.702  render           | Video append frame 37
00:08.702  render           | Time: 00:00.20 (Saving: 00:00.00)
00:08.702  render           | Rendering frame 38
00:08.702  render           | Start rendering: MORI_Assembly_Animation, 视图层
00:08.702  render           | Engine: EEVEE
00:08.735  render           | Fra: 38 | Rendering 1 / 32 samples
00:08.860  render           | Fra: 38 | Rendering 25 / 32 samples
00:08.896  render           | Fra: 38 | Rendering 32 / 32 samples
00:08.906  render           | Video append frame 38
00:08.906  render           | Time: 00:00.20 (Saving: 00:00.00)
00:08.906  render           | Rendering frame 39
00:08.906  render           | Start rendering: MORI_Assembly_Animation, 视图层
00:08.906  render           | Engine: EEVEE
00:08.939  render           | Fra: 39 | Rendering 1 / 32 samples
00:09.067  render           | Fra: 39 | Rendering 25 / 32 samples
00:09.104  render           | Fra: 39 | Rendering 32 / 32 samples
00:09.125  render           | Video append frame 39
00:09.125  render           | Time: 00:00.21 (Saving: 00:00.01)
00:09.125  render           | Rendering frame 40
00:09.125  render           | Start rendering: MORI_Assembly_Animation, 视图层
00:09.125  render           | Engine: EEVEE
00:09.158  render           | Fra: 40 | Rendering 1 / 32 samples
00:09.284  render           | Fra: 40 | Rendering 25 / 32 samples
00:09.320  render           | Fra: 40 | Rendering 32 / 32 samples
00:09.345  render           | Video append frame 40
00:09.345  render           | Time: 00:00.21 (Saving: 00:00.02)
00:09.345  render           | Rendering frame 41
00:09.345  render           | Start rendering: MORI_Assembly_Animation, 视图层
00:09.345  render           | Engine: EEVEE
00:09.375  render           | Fra: 41 | Rendering 1 / 32 samples
00:09.501  render           | Fra: 41 | Rendering 25 / 32 samples
00:09.537  render           | Fra: 41 | Rendering 32 / 32 samples
00:09.570  render           | Video append frame 41
00:09.570  render           | Time: 00:00.22 (Saving: 00:00.02)
00:09.570  render           | Rendering frame 42
00:09.570  render           | Start rendering: MORI_Assembly_Animation, 视图层
00:09.570  render           | Engine: EEVEE
00:09.604  render           | Fra: 42 | Rendering 1 / 32 samples
00:09.730  render           | Fra: 42 | Rendering 25 / 32 samples
00:09.766  render           | Fra: 42 | Rendering 32 / 32 samples
00:09.791  render           | Video append frame 42
00:09.791  render           | Time: 00:00.22 (Saving: 00:00.02)
00:09.791  render           | Rendering frame 43
00:09.791  render           | Start rendering: MORI_Assembly_Animation, 视图层
00:09.791  render           | Engine: EEVEE
00:09.824  render           | Fra: 43 | Rendering 1 / 32 samples
00:09.950  render           | Fra: 43 | Rendering 25 / 32 samples
00:09.987  render           | Fra: 43 | Rendering 32 / 32 samples
00:10.012  render           | Video append frame 43
00:10.012  render           | Time: 00:00.22 (Saving: 00:00.02)
00:10.012  render           | Rendering frame 44
00:10.013  render           | Start rendering: MORI_Assembly_Animation, 视图层
00:10.013  render           | Engine: EEVEE
00:10.047  render           | Fra: 44 | Rendering 1 / 32 samples
00:10.173  render           | Fra: 44 | Rendering 25 / 32 samples
00:10.210  render           | Fra: 44 | Rendering 32 / 32 samples
00:10.238  render           | Video append frame 44
00:10.238  render           | Time: 00:00.22 (Saving: 00:00.02)
00:10.238  render           | Rendering frame 45
00:10.238  render           | Start rendering: MORI_Assembly_Animation, 视图层
00:10.238  render           | Engine: EEVEE
00:10.271  render           | Fra: 45 | Rendering 1 / 32 samples
00:10.398  render           | Fra: 45 | Rendering 25 / 32 samples
00:10.435  render           | Fra: 45 | Rendering 32 / 32 samples
00:10.443  render           | Video append frame 45
00:10.443  render           | Time: 00:00.20 (Saving: 00:00.00)
00:10.443  render           | Rendering frame 46
00:10.443  render           | Start rendering: MORI_Assembly_Animation, 视图层
00:10.443  render           | Engine: EEVEE
00:10.480  render           | Fra: 46 | Rendering 1 / 32 samples
00:10.608  render           | Fra: 46 | Rendering 25 / 32 samples
00:10.644  render           | Fra: 46 | Rendering 32 / 32 samples
00:10.652  render           | Video append frame 46
00:10.652  render           | Time: 00:00.20 (Saving: 00:00.00)
00:10.652  render           | Rendering frame 47
00:10.653  render           | Start rendering: MORI_Assembly_Animation, 视图层
00:10.653  render           | Engine: EEVEE
00:10.688  render           | Fra: 47 | Rendering 1 / 32 samples
00:10.815  render           | Fra: 47 | Rendering 25 / 32 samples
00:10.852  render           | Fra: 47 | Rendering 32 / 32 samples
00:10.860  render           | Video append frame 47
00:10.860  render           | Time: 00:00.20 (Saving: 00:00.00)
00:10.860  render           | Rendering frame 48
00:10.860  render           | Start rendering: MORI_Assembly_Animation, 视图层
00:10.860  render           | Engine: EEVEE
00:10.896  render           | Fra: 48 | Rendering 1 / 32 samples
00:11.023  render           | Fra: 48 | Rendering 25 / 32 samples
00:11.059  render           | Fra: 48 | Rendering 32 / 32 samples
00:11.067  render           | Video append frame 48
00:11.067  render           | Time: 00:00.20 (Saving: 00:00.00)
00:11.067  render           | Rendering frame 49
00:11.067  render           | Start rendering: MORI_Assembly_Animation, 视图层
00:11.067  render           | Engine: EEVEE
00:11.112  render           | Fra: 49 | Rendering 1 / 32 samples
00:11.248  render           | Fra: 49 | Rendering 25 / 32 samples
00:11.284  render           | Fra: 49 | Rendering 32 / 32 samples
00:11.293  render           | Video append frame 49
00:11.293  render           | Time: 00:00.22 (Saving: 00:00.00)
00:11.293  render           | Rendering frame 50
00:11.293  render           | Start rendering: MORI_Assembly_Animation, 视图层
00:11.293  render           | Engine: EEVEE
00:11.329  render           | Fra: 50 | Rendering 1 / 32 samples
00:11.462  render           | Fra: 50 | Rendering 25 / 32 samples
00:11.500  render           | Fra: 50 | Rendering 32 / 32 samples
00:11.508  render           | Video append frame 50
00:11.508  render           | Time: 00:00.21 (Saving: 00:00.00)
00:11.508  render           | Rendering frame 51
00:11.508  render           | Start rendering: MORI_Assembly_Animation, 视图层
00:11.508  render           | Engine: EEVEE
00:11.546  render           | Fra: 51 | Rendering 1 / 32 samples
00:11.678  render           | Fra: 51 | Rendering 25 / 32 samples
00:11.716  render           | Fra: 51 | Rendering 32 / 32 samples
00:11.724  render           | Video append frame 51
00:11.724  render           | Time: 00:00.21 (Saving: 00:00.00)
00:11.724  render           | Rendering frame 52
00:11.724  render           | Start rendering: MORI_Assembly_Animation, 视图层
00:11.724  render           | Engine: EEVEE
00:11.762  render           | Fra: 52 | Rendering 1 / 32 samples
00:11.892  render           | Fra: 52 | Rendering 25 / 32 samples
00:11.933  render           | Fra: 52 | Rendering 32 / 32 samples
00:11.942  render           | Video append frame 52
00:11.942  render           | Time: 00:00.21 (Saving: 00:00.00)
00:11.942  render           | Rendering frame 53
00:11.942  render           | Start rendering: MORI_Assembly_Animation, 视图层
00:11.942  render           | Engine: EEVEE
00:11.980  render           | Fra: 53 | Rendering 1 / 32 samples
00:12.118  render           | Fra: 53 | Rendering 25 / 32 samples
00:12.157  render           | Fra: 53 | Rendering 32 / 32 samples
00:12.165  render           | Video append frame 53
00:12.165  render           | Time: 00:00.22 (Saving: 00:00.00)
00:12.165  render           | Rendering frame 54
00:12.165  render           | Start rendering: MORI_Assembly_Animation, 视图层
00:12.165  render           | Engine: EEVEE
00:12.202  render           | Fra: 54 | Rendering 1 / 32 samples
00:12.341  render           | Fra: 54 | Rendering 25 / 32 samples
00:12.380  render           | Fra: 54 | Rendering 32 / 32 samples
00:12.387  render           | Video append frame 54
00:12.387  render           | Time: 00:00.22 (Saving: 00:00.00)
00:12.387  render           | Rendering frame 55
00:12.387  render           | Start rendering: MORI_Assembly_Animation, 视图层
00:12.387  render           | Engine: EEVEE
00:12.421  render           | Fra: 55 | Rendering 1 / 32 samples
00:12.557  render           | Fra: 55 | Rendering 25 / 32 samples
00:12.596  render           | Fra: 55 | Rendering 32 / 32 samples
00:12.603  render           | Video append frame 55
00:12.603  render           | Time: 00:00.21 (Saving: 00:00.00)
00:12.603  render           | Rendering frame 56
00:12.604  render           | Start rendering: MORI_Assembly_Animation, 视图层
00:12.604  render           | Engine: EEVEE
00:12.641  render           | Fra: 56 | Rendering 1 / 32 samples
00:12.790  render           | Fra: 56 | Rendering 25 / 32 samples
00:12.835  render           | Fra: 56 | Rendering 32 / 32 samples
00:12.843  render           | Video append frame 56
00:12.843  render           | Time: 00:00.23 (Saving: 00:00.00)
00:12.843  render           | Rendering frame 57
00:12.843  render           | Start rendering: MORI_Assembly_Animation, 视图层
00:12.843  render           | Engine: EEVEE
00:12.879  render           | Fra: 57 | Rendering 1 / 32 samples
00:13.040  render           | Fra: 57 | Rendering 25 / 32 samples
00:13.087  render           | Fra: 57 | Rendering 32 / 32 samples
00:13.095  render           | Video append frame 57
00:13.095  render           | Time: 00:00.25 (Saving: 00:00.00)
00:13.095  render           | Rendering frame 58
00:13.095  render           | Start rendering: MORI_Assembly_Animation, 视图层
00:13.095  render           | Engine: EEVEE
00:13.131  render           | Fra: 58 | Rendering 1 / 32 samples
00:13.292  render           | Fra: 58 | Rendering 25 / 32 samples
00:13.339  render           | Fra: 58 | Rendering 32 / 32 samples
00:13.347  render           | Video append frame 58
00:13.347  render           | Time: 00:00.25 (Saving: 00:00.00)
00:13.347  render           | Rendering frame 59
00:13.347  render           | Start rendering: MORI_Assembly_Animation, 视图层
00:13.347  render           | Engine: EEVEE
00:13.381  render           | Fra: 59 | Rendering 1 / 32 samples
00:13.541  render           | Fra: 59 | Rendering 25 / 32 samples
00:13.589  render           | Fra: 59 | Rendering 32 / 32 samples
00:13.597  render           | Video append frame 59
00:13.597  render           | Time: 00:00.25 (Saving: 00:00.00)
00:13.597  render           | Rendering frame 60
00:13.597  render           | Start rendering: MORI_Assembly_Animation, 视图层
00:13.597  render           | Engine: EEVEE
00:13.630  render           | Fra: 60 | Rendering 1 / 32 samples
00:13.792  render           | Fra: 60 | Rendering 25 / 32 samples
00:13.840  render           | Fra: 60 | Rendering 32 / 32 samples
00:13.850  render           | Video append frame 60
00:13.850  render           | Time: 00:00.25 (Saving: 00:00.00)
00:13.850  render           | Rendering frame 61
00:13.850  render           | Start rendering: MORI_Assembly_Animation, 视图层
00:13.850  render           | Engine: EEVEE
00:13.883  render           | Fra: 61 | Rendering 1 / 32 samples
00:14.045  render           | Fra: 61 | Rendering 25 / 32 samples
00:14.092  render           | Fra: 61 | Rendering 32 / 32 samples
00:14.102  render           | Video append frame 61
00:14.102  render           | Time: 00:00.25 (Saving: 00:00.00)
00:14.102  render           | Rendering frame 62
00:14.102  render           | Start rendering: MORI_Assembly_Animation, 视图层
00:14.102  render           | Engine: EEVEE
00:14.135  render           | Fra: 62 | Rendering 1 / 32 samples
00:14.298  render           | Fra: 62 | Rendering 25 / 32 samples
00:14.346  render           | Fra: 62 | Rendering 32 / 32 samples
00:14.381  render           | Video append frame 62
00:14.381  render           | Time: 00:00.27 (Saving: 00:00.02)
00:14.381  render           | Rendering frame 63
00:14.382  render           | Start rendering: MORI_Assembly_Animation, 视图层
00:14.382  render           | Engine: EEVEE
00:14.413  render           | Fra: 63 | Rendering 1 / 32 samples
00:14.590  render           | Fra: 63 | Rendering 25 / 32 samples
00:14.640  render           | Fra: 63 | Rendering 32 / 32 samples
00:14.664  render           | Video append frame 63
00:14.664  render           | Time: 00:00.28 (Saving: 00:00.02)
00:14.664  render           | Rendering frame 64
00:14.664  render           | Start rendering: MORI_Assembly_Animation, 视图层
00:14.664  render           | Engine: EEVEE
00:14.698  render           | Fra: 64 | Rendering 1 / 32 samples
00:14.862  render           | Fra: 64 | Rendering 25 / 32 samples
00:14.907  render           | Fra: 64 | Rendering 32 / 32 samples
00:14.942  render           | Video append frame 64
00:14.942  render           | Time: 00:00.27 (Saving: 00:00.02)
00:14.942  render           | Rendering frame 65
00:14.942  render           | Start rendering: MORI_Assembly_Animation, 视图层
00:14.942  render           | Engine: EEVEE
00:14.976  render           | Fra: 65 | Rendering 1 / 32 samples
00:15.132  render           | Fra: 65 | Rendering 25 / 32 samples
00:15.178  render           | Fra: 65 | Rendering 32 / 32 samples
00:15.186  render           | Video append frame 65
00:15.186  render           | Time: 00:00.24 (Saving: 00:00.00)
00:15.186  render           | Rendering frame 66
00:15.186  render           | Start rendering: MORI_Assembly_Animation, 视图层
00:15.186  render           | Engine: EEVEE
00:15.224  render           | Fra: 66 | Rendering 1 / 32 samples
00:15.382  render           | Fra: 66 | Rendering 25 / 32 samples
00:15.427  render           | Fra: 66 | Rendering 32 / 32 samples
00:15.435  render           | Video append frame 66
00:15.435  render           | Time: 00:00.24 (Saving: 00:00.00)
00:15.435  render           | Rendering frame 67
00:15.435  render           | Start rendering: MORI_Assembly_Animation, 视图层
00:15.435  render           | Engine: EEVEE
00:15.471  render           | Fra: 67 | Rendering 1 / 32 samples
00:15.628  render           | Fra: 67 | Rendering 25 / 32 samples
00:15.675  render           | Fra: 67 | Rendering 32 / 32 samples
00:15.684  render           | Video append frame 67
00:15.684  render           | Time: 00:00.24 (Saving: 00:00.00)
00:15.684  render           | Rendering frame 68
00:15.684  render           | Start rendering: MORI_Assembly_Animation, 视图层
00:15.684  render           | Engine: EEVEE
00:15.721  render           | Fra: 68 | Rendering 1 / 32 samples
00:15.878  render           | Fra: 68 | Rendering 25 / 32 samples
00:15.924  render           | Fra: 68 | Rendering 32 / 32 samples
00:15.933  render           | Video append frame 68
00:15.933  render           | Time: 00:00.24 (Saving: 00:00.00)
00:15.933  render           | Rendering frame 69
00:15.933  render           | Start rendering: MORI_Assembly_Animation, 视图层
00:15.933  render           | Engine: EEVEE
00:15.970  render           | Fra: 69 | Rendering 1 / 32 samples
00:16.127  render           | Fra: 69 | Rendering 25 / 32 samples
00:16.174  render           | Fra: 69 | Rendering 32 / 32 samples
00:16.184  render           | Video append frame 69
00:16.184  render           | Time: 00:00.25 (Saving: 00:00.00)
00:16.184  render           | Rendering frame 70
00:16.184  render           | Start rendering: MORI_Assembly_Animation, 视图层
00:16.184  render           | Engine: EEVEE
00:16.221  render           | Fra: 70 | Rendering 1 / 32 samples
00:16.380  render           | Fra: 70 | Rendering 25 / 32 samples
00:16.427  render           | Fra: 70 | Rendering 32 / 32 samples
00:16.435  render           | Video append frame 70
00:16.435  render           | Time: 00:00.25 (Saving: 00:00.00)
00:16.435  render           | Rendering frame 71
00:16.435  render           | Start rendering: MORI_Assembly_Animation, 视图层
00:16.435  render           | Engine: EEVEE
00:16.472  render           | Fra: 71 | Rendering 1 / 32 samples
00:16.633  render           | Fra: 71 | Rendering 25 / 32 samples
00:16.681  render           | Fra: 71 | Rendering 32 / 32 samples
00:16.690  render           | Video append frame 71
00:16.690  render           | Time: 00:00.25 (Saving: 00:00.00)
00:16.690  render           | Rendering frame 72
00:16.690  render           | Start rendering: MORI_Assembly_Animation, 视图层
00:16.690  render           | Engine: EEVEE
00:16.728  render           | Fra: 72 | Rendering 1 / 32 samples
00:16.889  render           | Fra: 72 | Rendering 25 / 32 samples
00:16.936  render           | Fra: 72 | Rendering 32 / 32 samples
00:16.944  render           | Video append frame 72
00:16.944  render           | Time: 00:00.25 (Saving: 00:00.00)
00:16.944  render           | Rendering frame 73
00:16.944  render           | Start rendering: MORI_Assembly_Animation, 视图层
00:16.944  render           | Engine: EEVEE
00:16.977  render           | Fra: 73 | Rendering 1 / 32 samples
00:17.142  render           | Fra: 73 | Rendering 25 / 32 samples
00:17.190  render           | Fra: 73 | Rendering 32 / 32 samples
00:17.198  render           | Video append frame 73
00:17.198  render           | Time: 00:00.25 (Saving: 00:00.00)
00:17.198  render           | Rendering frame 74
00:17.198  render           | Start rendering: MORI_Assembly_Animation, 视图层
00:17.198  render           | Engine: EEVEE
00:17.232  render           | Fra: 74 | Rendering 1 / 32 samples
00:17.399  render           | Fra: 74 | Rendering 25 / 32 samples
00:17.447  render           | Fra: 74 | Rendering 32 / 32 samples
00:17.455  render           | Video append frame 74
00:17.455  render           | Time: 00:00.25 (Saving: 00:00.00)
00:17.455  render           | Rendering frame 75
00:17.455  render           | Start rendering: MORI_Assembly_Animation, 视图层
00:17.455  render           | Engine: EEVEE
00:17.489  render           | Fra: 75 | Rendering 1 / 32 samples
00:17.649  render           | Fra: 75 | Rendering 25 / 32 samples
00:17.696  render           | Fra: 75 | Rendering 32 / 32 samples
00:17.705  render           | Video append frame 75
00:17.705  render           | Time: 00:00.24 (Saving: 00:00.00)
00:17.705  render           | Rendering frame 76
00:17.705  render           | Start rendering: MORI_Assembly_Animation, 视图层
00:17.705  render           | Engine: EEVEE
00:17.738  render           | Fra: 76 | Rendering 1 / 32 samples
00:17.899  render           | Fra: 76 | Rendering 25 / 32 samples
00:17.946  render           | Fra: 76 | Rendering 32 / 32 samples
00:17.955  render           | Video append frame 76
00:17.955  render           | Time: 00:00.25 (Saving: 00:00.00)
00:17.955  render           | Rendering frame 77
00:17.955  render           | Start rendering: MORI_Assembly_Animation, 视图层
00:17.955  render           | Engine: EEVEE
00:17.989  render           | Fra: 77 | Rendering 1 / 32 samples
00:18.149  render           | Fra: 77 | Rendering 25 / 32 samples
00:18.197  render           | Fra: 77 | Rendering 32 / 32 samples
00:18.205  render           | Video append frame 77
00:18.205  render           | Time: 00:00.24 (Saving: 00:00.00)
00:18.205  render           | Rendering frame 78
00:18.205  render           | Start rendering: MORI_Assembly_Animation, 视图层
00:18.205  render           | Engine: EEVEE
00:18.239  render           | Fra: 78 | Rendering 1 / 32 samples
00:18.404  render           | Fra: 78 | Rendering 25 / 32 samples
00:18.450  render           | Fra: 78 | Rendering 32 / 32 samples
00:18.470  render           | Video append frame 78
00:18.470  render           | Time: 00:00.26 (Saving: 00:00.01)
00:18.470  render           | Rendering frame 79
00:18.470  render           | Start rendering: MORI_Assembly_Animation, 视图层
00:18.470  render           | Engine: EEVEE
00:18.503  render           | Fra: 79 | Rendering 1 / 32 samples
00:18.667  render           | Fra: 79 | Rendering 25 / 32 samples
00:18.714  render           | Fra: 79 | Rendering 32 / 32 samples
00:18.750  render           | Video append frame 79
00:18.750  render           | Time: 00:00.28 (Saving: 00:00.02)
00:18.750  render           | Rendering frame 80
00:18.750  render           | Start rendering: MORI_Assembly_Animation, 视图层
00:18.750  render           | Engine: EEVEE
00:18.783  render           | Fra: 80 | Rendering 1 / 32 samples
00:18.950  render           | Fra: 80 | Rendering 25 / 32 samples
00:18.999  render           | Fra: 80 | Rendering 32 / 32 samples
00:19.020  render           | Video append frame 80
00:19.020  render           | Time: 00:00.26 (Saving: 00:00.01)
00:19.020  render           | Rendering frame 81
00:19.020  render           | Start rendering: MORI_Assembly_Animation, 视图层
00:19.020  render           | Engine: EEVEE
00:19.055  render           | Fra: 81 | Rendering 1 / 32 samples
00:19.217  render           | Fra: 81 | Rendering 25 / 32 samples
00:19.265  render           | Fra: 81 | Rendering 32 / 32 samples
00:19.277  render           | Video append frame 81
00:19.277  render           | Time: 00:00.25 (Saving: 00:00.00)
00:19.277  render           | Rendering frame 82
00:19.277  render           | Start rendering: MORI_Assembly_Animation, 视图层
00:19.277  render           | Engine: EEVEE
00:19.313  render           | Fra: 82 | Rendering 1 / 32 samples
00:19.481  render           | Fra: 82 | Rendering 25 / 32 samples
00:19.527  render           | Fra: 82 | Rendering 32 / 32 samples
00:19.536  render           | Video append frame 82
00:19.536  render           | Time: 00:00.25 (Saving: 00:00.00)
00:19.536  render           | Rendering frame 83
00:19.536  render           | Start rendering: MORI_Assembly_Animation, 视图层
00:19.536  render           | Engine: EEVEE
00:19.571  render           | Fra: 83 | Rendering 1 / 32 samples
00:19.737  render           | Fra: 83 | Rendering 25 / 32 samples
00:19.785  render           | Fra: 83 | Rendering 32 / 32 samples
00:19.795  render           | Video append frame 83
00:19.795  render           | Time: 00:00.25 (Saving: 00:00.00)
00:19.795  render           | Rendering frame 84
00:19.795  render           | Start rendering: MORI_Assembly_Animation, 视图层
00:19.795  render           | Engine: EEVEE
00:19.832  render           | Fra: 84 | Rendering 1 / 32 samples
00:19.998  render           | Fra: 84 | Rendering 25 / 32 samples
00:20.047  render           | Fra: 84 | Rendering 32 / 32 samples
00:20.061  render           | Video append frame 84
00:20.061  render           | Time: 00:00.26 (Saving: 00:00.01)
00:20.061  render           | Rendering frame 85
00:20.061  render           | Start rendering: MORI_Assembly_Animation, 视图层
00:20.061  render           | Engine: EEVEE
00:20.098  render           | Fra: 85 | Rendering 1 / 32 samples
00:20.266  render           | Fra: 85 | Rendering 25 / 32 samples
00:20.315  render           | Fra: 85 | Rendering 32 / 32 samples
00:20.326  render           | Video append frame 85
00:20.326  render           | Time: 00:00.26 (Saving: 00:00.00)
00:20.326  render           | Rendering frame 86
00:20.326  render           | Start rendering: MORI_Assembly_Animation, 视图层
00:20.326  render           | Engine: EEVEE
00:20.362  render           | Fra: 86 | Rendering 1 / 32 samples
00:20.528  render           | Fra: 86 | Rendering 25 / 32 samples
00:20.575  render           | Fra: 86 | Rendering 32 / 32 samples
00:20.583  render           | Video append frame 86
00:20.583  render           | Time: 00:00.25 (Saving: 00:00.00)
00:20.583  render           | Rendering frame 87
00:20.583  render           | Start rendering: MORI_Assembly_Animation, 视图层
00:20.583  render           | Engine: EEVEE
00:20.620  render           | Fra: 87 | Rendering 1 / 32 samples
00:20.786  render           | Fra: 87 | Rendering 25 / 32 samples
00:20.833  render           | Fra: 87 | Rendering 32 / 32 samples
00:20.842  render           | Video append frame 87
00:20.842  render           | Time: 00:00.25 (Saving: 00:00.00)
00:20.842  render           | Rendering frame 88
00:20.842  render           | Start rendering: MORI_Assembly_Animation, 视图层
00:20.842  render           | Engine: EEVEE
00:20.878  render           | Fra: 88 | Rendering 1 / 32 samples
00:21.044  render           | Fra: 88 | Rendering 25 / 32 samples
00:21.092  render           | Fra: 88 | Rendering 32 / 32 samples
00:21.101  render           | Video append frame 88
00:21.101  render           | Time: 00:00.25 (Saving: 00:00.00)
00:21.101  render           | Rendering frame 89
00:21.101  render           | Start rendering: MORI_Assembly_Animation, 视图层
00:21.101  render           | Engine: EEVEE
00:21.142  render           | Fra: 89 | Rendering 1 / 32 samples
00:21.307  render           | Fra: 89 | Rendering 25 / 32 samples
00:21.355  render           | Fra: 89 | Rendering 32 / 32 samples
00:21.364  render           | Video append frame 89
00:21.364  render           | Time: 00:00.26 (Saving: 00:00.00)
00:21.364  render           | Rendering frame 90
00:21.364  render           | Start rendering: MORI_Assembly_Animation, 视图层
00:21.364  render           | Engine: EEVEE
00:21.399  render           | Fra: 90 | Rendering 1 / 32 samples
00:21.561  render           | Fra: 90 | Rendering 25 / 32 samples
00:21.609  render           | Fra: 90 | Rendering 32 / 32 samples
00:21.617  render           | Video append frame 90
00:21.617  render           | Time: 00:00.25 (Saving: 00:00.00)
00:21.617  render           | Rendering frame 91
00:21.617  render           | Start rendering: MORI_Assembly_Animation, 视图层
00:21.617  render           | Engine: EEVEE
00:21.654  render           | Fra: 91 | Rendering 1 / 32 samples
00:21.816  render           | Fra: 91 | Rendering 25 / 32 samples
00:21.863  render           | Fra: 91 | Rendering 32 / 32 samples
00:21.872  render           | Video append frame 91
00:21.872  render           | Time: 00:00.25 (Saving: 00:00.00)
00:21.872  render           | Rendering frame 92
00:21.872  render           | Start rendering: MORI_Assembly_Animation, 视图层
00:21.872  render           | Engine: EEVEE
00:21.906  render           | Fra: 92 | Rendering 1 / 32 samples
00:22.068  render           | Fra: 92 | Rendering 25 / 32 samples
00:22.115  render           | Fra: 92 | Rendering 32 / 32 samples
00:22.123  render           | Video append frame 92
00:22.123  render           | Time: 00:00.25 (Saving: 00:00.00)
00:22.123  render           | Rendering frame 93
00:22.123  render           | Start rendering: MORI_Assembly_Animation, 视图层
00:22.123  render           | Engine: EEVEE
00:22.159  render           | Fra: 93 | Rendering 1 / 32 samples
00:22.320  render           | Fra: 93 | Rendering 25 / 32 samples
00:22.366  render           | Fra: 93 | Rendering 32 / 32 samples
00:22.374  render           | Video append frame 93
00:22.374  render           | Time: 00:00.25 (Saving: 00:00.00)
00:22.374  render           | Rendering frame 94
00:22.374  render           | Start rendering: MORI_Assembly_Animation, 视图层
00:22.374  render           | Engine: EEVEE
00:22.408  render           | Fra: 94 | Rendering 1 / 32 samples
00:22.570  render           | Fra: 94 | Rendering 25 / 32 samples
00:22.616  render           | Fra: 94 | Rendering 32 / 32 samples
00:22.625  render           | Video append frame 94
00:22.625  render           | Time: 00:00.25 (Saving: 00:00.00)
00:22.625  render           | Rendering frame 95
00:22.625  render           | Start rendering: MORI_Assembly_Animation, 视图层
00:22.625  render           | Engine: EEVEE
00:22.657  render           | Fra: 95 | Rendering 1 / 32 samples
00:22.818  render           | Fra: 95 | Rendering 25 / 32 samples
00:22.865  render           | Fra: 95 | Rendering 32 / 32 samples
00:22.888  render           | Video append frame 95
00:22.888  render           | Time: 00:00.26 (Saving: 00:00.02)
00:22.888  render           | Rendering frame 96
00:22.888  render           | Start rendering: MORI_Assembly_Animation, 视图层
00:22.888  render           | Engine: EEVEE
00:22.921  render           | Fra: 96 | Rendering 1 / 32 samples
00:23.083  render           | Fra: 96 | Rendering 25 / 32 samples
00:23.131  render           | Fra: 96 | Rendering 32 / 32 samples
00:23.157  render           | Video append frame 96
00:23.157  render           | Time: 00:00.26 (Saving: 00:00.02)
00:23.157  render           | Rendering frame 97
00:23.157  render           | Start rendering: MORI_Assembly_Animation, 视图层
00:23.157  render           | Engine: EEVEE
00:23.191  render           | Fra: 97 | Rendering 1 / 32 samples
00:23.366  render           | Fra: 97 | Rendering 25 / 32 samples
00:23.415  render           | Fra: 97 | Rendering 32 / 32 samples
00:23.462  render           | Video append frame 97
00:23.462  render           | Time: 00:00.30 (Saving: 00:00.03)
00:23.462  render           | Rendering frame 98
00:23.462  render           | Start rendering: MORI_Assembly_Animation, 视图层
00:23.462  render           | Engine: EEVEE
00:23.492  render           | Fra: 98 | Rendering 1 / 32 samples
00:23.656  render           | Fra: 98 | Rendering 25 / 32 samples
00:23.701  render           | Fra: 98 | Rendering 32 / 32 samples
00:23.726  render           | Video append frame 98
00:23.726  render           | Time: 00:00.26 (Saving: 00:00.02)
00:23.726  render           | Rendering frame 99
00:23.726  render           | Start rendering: MORI_Assembly_Animation, 视图层
00:23.726  render           | Engine: EEVEE
00:23.759  render           | Fra: 99 | Rendering 1 / 32 samples
00:23.917  render           | Fra: 99 | Rendering 25 / 32 samples
00:23.963  render           | Fra: 99 | Rendering 32 / 32 samples
00:23.972  render           | Video append frame 99
00:23.972  render           | Time: 00:00.24 (Saving: 00:00.00)
00:23.972  render           | Rendering frame 100
00:23.972  render           | Start rendering: MORI_Assembly_Animation, 视图层
00:23.972  render           | Engine: EEVEE
00:24.013  render           | Fra: 100 | Rendering 1 / 32 samples
00:24.175  render           | Fra: 100 | Rendering 25 / 32 samples
00:24.221  render           | Fra: 100 | Rendering 32 / 32 samples
00:24.229  render           | Video append frame 100
00:24.229  render           | Time: 00:00.25 (Saving: 00:00.00)
00:24.229  render           | Rendering frame 101
00:24.229  render           | Start rendering: MORI_Assembly_Animation, 视图层
00:24.229  render           | Engine: EEVEE
00:24.266  render           | Fra: 101 | Rendering 1 / 32 samples
00:24.429  render           | Fra: 101 | Rendering 25 / 32 samples
00:24.475  render           | Fra: 101 | Rendering 32 / 32 samples
00:24.484  render           | Video append frame 101
00:24.484  render           | Time: 00:00.25 (Saving: 00:00.00)
00:24.484  render           | Rendering frame 102
00:24.484  render           | Start rendering: MORI_Assembly_Animation, 视图层
00:24.484  render           | Engine: EEVEE
00:24.521  render           | Fra: 102 | Rendering 1 / 32 samples
00:24.679  render           | Fra: 102 | Rendering 25 / 32 samples
00:24.725  render           | Fra: 102 | Rendering 32 / 32 samples
00:24.733  render           | Video append frame 102
00:24.733  render           | Time: 00:00.24 (Saving: 00:00.00)
00:24.733  render           | Rendering frame 103
00:24.733  render           | Start rendering: MORI_Assembly_Animation, 视图层
00:24.733  render           | Engine: EEVEE
00:24.770  render           | Fra: 103 | Rendering 1 / 32 samples
00:24.932  render           | Fra: 103 | Rendering 25 / 32 samples
00:24.978  render           | Fra: 103 | Rendering 32 / 32 samples
00:24.987  render           | Video append frame 103
00:24.987  render           | Time: 00:00.25 (Saving: 00:00.00)
00:24.987  render           | Rendering frame 104
00:24.987  render           | Start rendering: MORI_Assembly_Animation, 视图层
00:24.987  render           | Engine: EEVEE
00:25.025  render           | Fra: 104 | Rendering 1 / 32 samples
00:25.197  render           | Fra: 104 | Rendering 25 / 32 samples
00:25.247  render           | Fra: 104 | Rendering 32 / 32 samples
00:25.256  render           | Video append frame 104
00:25.256  render           | Time: 00:00.26 (Saving: 00:00.00)
00:25.256  render           | Rendering frame 105
00:25.256  render           | Start rendering: MORI_Assembly_Animation, 视图层
00:25.256  render           | Engine: EEVEE
00:25.293  render           | Fra: 105 | Rendering 1 / 32 samples
00:25.465  render           | Fra: 105 | Rendering 25 / 32 samples
00:25.515  render           | Fra: 105 | Rendering 32 / 32 samples
00:25.523  render           | Video append frame 105
00:25.523  render           | Time: 00:00.26 (Saving: 00:00.00)
00:25.523  render           | Rendering frame 106
00:25.524  render           | Start rendering: MORI_Assembly_Animation, 视图层
00:25.524  render           | Engine: EEVEE
00:25.576  render           | Fra: 106 | Rendering 1 / 32 samples
00:25.744  render           | Fra: 106 | Rendering 25 / 32 samples
00:25.793  render           | Fra: 106 | Rendering 32 / 32 samples
00:25.801  render           | Video append frame 106
00:25.801  render           | Time: 00:00.27 (Saving: 00:00.00)
00:25.801  render           | Rendering frame 107
00:25.801  render           | Start rendering: MORI_Assembly_Animation, 视图层
00:25.801  render           | Engine: EEVEE
00:25.842  render           | Fra: 107 | Rendering 1 / 32 samples
00:26.010  render           | Fra: 107 | Rendering 25 / 32 samples
00:26.058  render           | Fra: 107 | Rendering 32 / 32 samples
00:26.067  render           | Video append frame 107
00:26.067  render           | Time: 00:00.26 (Saving: 00:00.00)
00:26.067  render           | Rendering frame 108
00:26.067  render           | Start rendering: MORI_Assembly_Animation, 视图层
00:26.067  render           | Engine: EEVEE
00:26.104  render           | Fra: 108 | Rendering 1 / 32 samples
00:26.272  render           | Fra: 108 | Rendering 25 / 32 samples
00:26.320  render           | Fra: 108 | Rendering 32 / 32 samples
00:26.328  render           | Video append frame 108
00:26.328  render           | Time: 00:00.26 (Saving: 00:00.00)
00:26.328  render           | Rendering frame 109
00:26.328  render           | Start rendering: MORI_Assembly_Animation, 视图层
00:26.328  render           | Engine: EEVEE
00:26.363  render           | Fra: 109 | Rendering 1 / 32 samples
00:26.531  render           | Fra: 109 | Rendering 25 / 32 samples
00:26.581  render           | Fra: 109 | Rendering 32 / 32 samples
00:26.594  render           | Video append frame 109
00:26.594  render           | Time: 00:00.26 (Saving: 00:00.01)
00:26.594  render           | Rendering frame 110
00:26.594  render           | Start rendering: MORI_Assembly_Animation, 视图层
00:26.594  render           | Engine: EEVEE
00:26.633  render           | Fra: 110 | Rendering 1 / 32 samples
00:26.800  render           | Fra: 110 | Rendering 25 / 32 samples
00:26.849  render           | Fra: 110 | Rendering 32 / 32 samples
00:26.856  render           | Video append frame 110
00:26.856  render           | Time: 00:00.26 (Saving: 00:00.00)
00:26.856  render           | Rendering frame 111
00:26.857  render           | Start rendering: MORI_Assembly_Animation, 视图层
00:26.857  render           | Engine: EEVEE
00:26.893  render           | Fra: 111 | Rendering 1 / 32 samples
00:27.062  render           | Fra: 111 | Rendering 25 / 32 samples
00:27.110  render           | Fra: 111 | Rendering 32 / 32 samples
00:27.119  render           | Video append frame 111
00:27.119  render           | Time: 00:00.26 (Saving: 00:00.00)
00:27.119  render           | Rendering frame 112
00:27.119  render           | Start rendering: MORI_Assembly_Animation, 视图层
00:27.119  render           | Engine: EEVEE
00:27.159  render           | Fra: 112 | Rendering 1 / 32 samples
00:27.328  render           | Fra: 112 | Rendering 25 / 32 samples
00:27.380  render           | Fra: 112 | Rendering 32 / 32 samples
00:27.402  render           | Video append frame 112
00:27.403  render           | Time: 00:00.28 (Saving: 00:00.01)
00:27.404  render           | Rendering frame 113
00:27.404  render           | Start rendering: MORI_Assembly_Animation, 视图层
00:27.404  render           | Engine: EEVEE
00:27.440  render           | Fra: 113 | Rendering 1 / 32 samples
00:27.609  render           | Fra: 113 | Rendering 25 / 32 samples
00:27.658  render           | Fra: 113 | Rendering 32 / 32 samples
00:27.678  render           | Video append frame 113
00:27.678  render           | Time: 00:00.27 (Saving: 00:00.01)
00:27.678  render           | Rendering frame 114
00:27.678  render           | Start rendering: MORI_Assembly_Animation, 视图层
00:27.678  render           | Engine: EEVEE
00:27.713  render           | Fra: 114 | Rendering 1 / 32 samples
00:27.883  render           | Fra: 114 | Rendering 25 / 32 samples
00:27.933  render           | Fra: 114 | Rendering 32 / 32 samples
00:27.944  render           | Video append frame 114
00:27.944  render           | Time: 00:00.26 (Saving: 00:00.00)
00:27.944  render           | Rendering frame 115
00:27.944  render           | Start rendering: MORI_Assembly_Animation, 视图层
00:27.944  render           | Engine: EEVEE
00:28.000  render           | Fra: 115 | Rendering 1 / 32 samples
00:28.173  render           | Fra: 115 | Rendering 25 / 32 samples
00:28.224  render           | Fra: 115 | Rendering 32 / 32 samples
00:28.233  render           | Video append frame 115
00:28.233  render           | Time: 00:00.28 (Saving: 00:00.00)
00:28.233  render           | Rendering frame 116
00:28.233  render           | Start rendering: MORI_Assembly_Animation, 视图层
00:28.233  render           | Engine: EEVEE
00:28.280  render           | Fra: 116 | Rendering 1 / 32 samples
00:28.453  render           | Fra: 116 | Rendering 25 / 32 samples
00:28.503  render           | Fra: 116 | Rendering 32 / 32 samples
00:28.512  render           | Video append frame 116
00:28.512  render           | Time: 00:00.27 (Saving: 00:00.00)
00:28.512  render           | Rendering frame 117
00:28.512  render           | Start rendering: MORI_Assembly_Animation, 视图层
00:28.512  render           | Engine: EEVEE
00:28.555  render           | Fra: 117 | Rendering 1 / 32 samples
00:28.727  render           | Fra: 117 | Rendering 25 / 32 samples
00:28.776  render           | Fra: 117 | Rendering 32 / 32 samples
00:28.785  render           | Video append frame 117
00:28.785  render           | Time: 00:00.27 (Saving: 00:00.00)
00:28.785  render           | Rendering frame 118
00:28.785  render           | Start rendering: MORI_Assembly_Animation, 视图层
00:28.785  render           | Engine: EEVEE
00:28.826  render           | Fra: 118 | Rendering 1 / 32 samples
00:28.998  render           | Fra: 118 | Rendering 25 / 32 samples
00:29.048  render           | Fra: 118 | Rendering 32 / 32 samples
00:29.056  render           | Video append frame 118
00:29.056  render           | Time: 00:00.27 (Saving: 00:00.00)
00:29.056  render           | Rendering frame 119
00:29.056  render           | Start rendering: MORI_Assembly_Animation, 视图层
00:29.056  render           | Engine: EEVEE
00:29.095  render           | Fra: 119 | Rendering 1 / 32 samples
00:29.268  render           | Fra: 119 | Rendering 25 / 32 samples
00:29.317  render           | Fra: 119 | Rendering 32 / 32 samples
00:29.326  render           | Video append frame 119
00:29.326  render           | Time: 00:00.26 (Saving: 00:00.00)
00:29.326  render           | Rendering frame 120
00:29.326  render           | Start rendering: MORI_Assembly_Animation, 视图层
00:29.326  render           | Engine: EEVEE
00:29.374  render           | Fra: 120 | Rendering 1 / 32 samples
00:29.545  render           | Fra: 120 | Rendering 25 / 32 samples
00:29.593  render           | Fra: 120 | Rendering 32 / 32 samples
00:29.602  render           | Video append frame 120
00:29.602  render           | Time: 00:00.27 (Saving: 00:00.00)
00:29.602  render           | Rendering frame 121
00:29.602  render           | Start rendering: MORI_Assembly_Animation, 视图层
00:29.602  render           | Engine: EEVEE
00:29.643  render           | Fra: 121 | Rendering 1 / 32 samples
00:29.809  render           | Fra: 121 | Rendering 25 / 32 samples
00:29.857  render           | Fra: 121 | Rendering 32 / 32 samples
00:29.864  render           | Video append frame 121
00:29.864  render           | Time: 00:00.26 (Saving: 00:00.00)
00:29.864  render           | Rendering frame 122
00:29.865  render           | Start rendering: MORI_Assembly_Animation, 视图层
00:29.865  render           | Engine: EEVEE
00:29.904  render           | Fra: 122 | Rendering 1 / 32 samples
00:30.072  render           | Fra: 122 | Rendering 25 / 32 samples
00:30.120  render           | Fra: 122 | Rendering 32 / 32 samples
00:30.128  render           | Video append frame 122
00:30.128  render           | Time: 00:00.26 (Saving: 00:00.00)
00:30.128  render           | Rendering frame 123
00:30.128  render           | Start rendering: MORI_Assembly_Animation, 视图层
00:30.128  render           | Engine: EEVEE
00:30.165  render           | Fra: 123 | Rendering 1 / 32 samples
00:30.333  render           | Fra: 123 | Rendering 25 / 32 samples
00:30.382  render           | Fra: 123 | Rendering 32 / 32 samples
00:30.390  render           | Video append frame 123
00:30.390  render           | Time: 00:00.26 (Saving: 00:00.00)
00:30.390  render           | Rendering frame 124
00:30.390  render           | Start rendering: MORI_Assembly_Animation, 视图层
00:30.390  render           | Engine: EEVEE
00:30.428  render           | Fra: 124 | Rendering 1 / 32 samples
00:30.596  render           | Fra: 124 | Rendering 25 / 32 samples
00:30.644  render           | Fra: 124 | Rendering 32 / 32 samples
00:30.653  render           | Video append frame 124
00:30.653  render           | Time: 00:00.26 (Saving: 00:00.00)
00:30.653  render           | Rendering frame 125
00:30.653  render           | Start rendering: MORI_Assembly_Animation, 视图层
00:30.653  render           | Engine: EEVEE
00:30.697  render           | Fra: 125 | Rendering 1 / 32 samples
00:30.864  render           | Fra: 125 | Rendering 25 / 32 samples
00:30.913  render           | Fra: 125 | Rendering 32 / 32 samples
00:30.920  render           | Video append frame 125
00:30.921  render           | Time: 00:00.26 (Saving: 00:00.00)
00:30.921  render           | Rendering frame 126
00:30.921  render           | Start rendering: MORI_Assembly_Animation, 视图层
00:30.921  render           | Engine: EEVEE
00:30.957  render           | Fra: 126 | Rendering 1 / 32 samples
00:31.120  render           | Fra: 126 | Rendering 25 / 32 samples
00:31.166  render           | Fra: 126 | Rendering 32 / 32 samples
00:31.194  render           | Video append frame 126
00:31.194  render           | Time: 00:00.27 (Saving: 00:00.02)
00:31.194  render           | Rendering frame 127
00:31.194  render           | Start rendering: MORI_Assembly_Animation, 视图层
00:31.194  render           | Engine: EEVEE
00:31.230  render           | Fra: 127 | Rendering 1 / 32 samples
00:31.393  render           | Fra: 127 | Rendering 25 / 32 samples
00:31.442  render           | Fra: 127 | Rendering 32 / 32 samples
00:31.471  render           | Video append frame 127
00:31.471  render           | Time: 00:00.27 (Saving: 00:00.01)
00:31.471  render           | Rendering frame 128
00:31.471  render           | Start rendering: MORI_Assembly_Animation, 视图层
00:31.471  render           | Engine: EEVEE
00:31.509  render           | Fra: 128 | Rendering 1 / 32 samples
00:31.673  render           | Fra: 128 | Rendering 25 / 32 samples
00:31.720  render           | Fra: 128 | Rendering 32 / 32 samples
00:31.737  render           | Video append frame 128
00:31.737  render           | Time: 00:00.26 (Saving: 00:00.01)
00:31.737  render           | Rendering frame 129
00:31.737  render           | Start rendering: MORI_Assembly_Animation, 视图层
00:31.737  render           | Engine: EEVEE
00:31.773  render           | Fra: 129 | Rendering 1 / 32 samples
00:31.935  render           | Fra: 129 | Rendering 25 / 32 samples
00:31.982  render           | Fra: 129 | Rendering 32 / 32 samples
00:32.008  render           | Video append frame 129
00:32.008  render           | Time: 00:00.27 (Saving: 00:00.02)
00:32.008  render           | Rendering frame 130
00:32.008  render           | Start rendering: MORI_Assembly_Animation, 视图层
00:32.008  render           | Engine: EEVEE
00:32.045  render           | Fra: 130 | Rendering 1 / 32 samples
00:32.210  render           | Fra: 130 | Rendering 25 / 32 samples
00:32.258  render           | Fra: 130 | Rendering 32 / 32 samples
00:32.285  render           | Video append frame 130
00:32.285  render           | Time: 00:00.27 (Saving: 00:00.01)
00:32.285  render           | Rendering frame 131
00:32.285  render           | Start rendering: MORI_Assembly_Animation, 视图层
00:32.285  render           | Engine: EEVEE
00:32.321  render           | Fra: 131 | Rendering 1 / 32 samples
00:32.493  render           | Fra: 131 | Rendering 25 / 32 samples
00:32.543  render           | Fra: 131 | Rendering 32 / 32 samples
00:32.577  render           | Video append frame 131
00:32.577  render           | Time: 00:00.29 (Saving: 00:00.02)
00:32.577  render           | Rendering frame 132
00:32.577  render           | Start rendering: MORI_Assembly_Animation, 视图层
00:32.577  render           | Engine: EEVEE
00:32.613  render           | Fra: 132 | Rendering 1 / 32 samples
00:32.783  render           | Fra: 132 | Rendering 25 / 32 samples
00:32.832  render           | Fra: 132 | Rendering 32 / 32 samples
00:32.853  render           | Video append frame 132
00:32.853  render           | Time: 00:00.27 (Saving: 00:00.01)
00:32.853  render           | Rendering frame 133
00:32.853  render           | Start rendering: MORI_Assembly_Animation, 视图层
00:32.853  render           | Engine: EEVEE
00:32.891  render           | Fra: 133 | Rendering 1 / 32 samples
00:33.061  render           | Fra: 133 | Rendering 25 / 32 samples
00:33.110  render           | Fra: 133 | Rendering 32 / 32 samples
00:33.120  render           | Video append frame 133
00:33.120  render           | Time: 00:00.26 (Saving: 00:00.00)
00:33.120  render           | Rendering frame 134
00:33.120  render           | Start rendering: MORI_Assembly_Animation, 视图层
00:33.120  render           | Engine: EEVEE
00:33.160  render           | Fra: 134 | Rendering 1 / 32 samples
00:33.331  render           | Fra: 134 | Rendering 25 / 32 samples
00:33.381  render           | Fra: 134 | Rendering 32 / 32 samples
00:33.390  render           | Video append frame 134
00:33.390  render           | Time: 00:00.27 (Saving: 00:00.00)
00:33.390  render           | Rendering frame 135
00:33.390  render           | Start rendering: MORI_Assembly_Animation, 视图层
00:33.390  render           | Engine: EEVEE
00:33.430  render           | Fra: 135 | Rendering 1 / 32 samples
00:33.603  render           | Fra: 135 | Rendering 25 / 32 samples
00:33.654  render           | Fra: 135 | Rendering 32 / 32 samples
00:33.663  render           | Video append frame 135
00:33.663  render           | Time: 00:00.27 (Saving: 00:00.00)
00:33.663  render           | Rendering frame 136
00:33.663  render           | Start rendering: MORI_Assembly_Animation, 视图层
00:33.663  render           | Engine: EEVEE
00:33.702  render           | Fra: 136 | Rendering 1 / 32 samples
00:33.875  render           | Fra: 136 | Rendering 25 / 32 samples
00:33.925  render           | Fra: 136 | Rendering 32 / 32 samples
00:33.934  render           | Video append frame 136
00:33.934  render           | Time: 00:00.27 (Saving: 00:00.00)
00:33.934  render           | Rendering frame 137
00:33.934  render           | Start rendering: MORI_Assembly_Animation, 视图层
00:33.934  render           | Engine: EEVEE
00:33.976  render           | Fra: 137 | Rendering 1 / 32 samples
00:34.148  render           | Fra: 137 | Rendering 25 / 32 samples
00:34.198  render           | Fra: 137 | Rendering 32 / 32 samples
00:34.206  render           | Video append frame 137
00:34.206  render           | Time: 00:00.27 (Saving: 00:00.00)
00:34.206  render           | Rendering frame 138
00:34.207  render           | Start rendering: MORI_Assembly_Animation, 视图层
00:34.207  render           | Engine: EEVEE
00:34.245  render           | Fra: 138 | Rendering 1 / 32 samples
00:34.418  render           | Fra: 138 | Rendering 25 / 32 samples
00:34.468  render           | Fra: 138 | Rendering 32 / 32 samples
00:34.478  render           | Video append frame 138
00:34.478  render           | Time: 00:00.27 (Saving: 00:00.00)
00:34.478  render           | Rendering frame 139
00:34.478  render           | Start rendering: MORI_Assembly_Animation, 视图层
00:34.478  render           | Engine: EEVEE
00:34.518  render           | Fra: 139 | Rendering 1 / 32 samples
00:34.676  render           | Fra: 139 | Rendering 25 / 32 samples
00:34.721  render           | Fra: 139 | Rendering 32 / 32 samples
00:34.728  render           | Video append frame 139
00:34.729  render           | Time: 00:00.25 (Saving: 00:00.00)
00:34.729  render           | Rendering frame 140
00:34.729  render           | Start rendering: MORI_Assembly_Animation, 视图层
00:34.729  render           | Engine: EEVEE
00:34.767  render           | Fra: 140 | Rendering 1 / 32 samples
00:34.921  render           | Fra: 140 | Rendering 25 / 32 samples
00:34.966  render           | Fra: 140 | Rendering 32 / 32 samples
00:34.975  render           | Video append frame 140
00:34.975  render           | Time: 00:00.24 (Saving: 00:00.00)
00:34.975  render           | Rendering frame 141
00:34.975  render           | Start rendering: MORI_Assembly_Animation, 视图层
00:34.975  render           | Engine: EEVEE
00:35.010  render           | Fra: 141 | Rendering 1 / 32 samples
00:35.164  render           | Fra: 141 | Rendering 25 / 32 samples
00:35.210  render           | Fra: 141 | Rendering 32 / 32 samples
00:35.218  render           | Video append frame 141
00:35.218  render           | Time: 00:00.24 (Saving: 00:00.00)
00:35.218  render           | Rendering frame 142
00:35.218  render           | Start rendering: MORI_Assembly_Animation, 视图层
00:35.218  render           | Engine: EEVEE
00:35.253  render           | Fra: 142 | Rendering 1 / 32 samples
00:35.408  render           | Fra: 142 | Rendering 25 / 32 samples
00:35.453  render           | Fra: 142 | Rendering 32 / 32 samples
00:35.461  render           | Video append frame 142
00:35.461  render           | Time: 00:00.24 (Saving: 00:00.00)
00:35.461  render           | Rendering frame 143
00:35.461  render           | Start rendering: MORI_Assembly_Animation, 视图层
00:35.461  render           | Engine: EEVEE
00:35.499  render           | Fra: 143 | Rendering 1 / 32 samples
00:35.661  render           | Fra: 143 | Rendering 25 / 32 samples
00:35.707  render           | Fra: 143 | Rendering 32 / 32 samples
00:35.715  render           | Video append frame 143
00:35.715  render           | Time: 00:00.25 (Saving: 00:00.00)
00:35.715  render           | Rendering frame 144
00:35.715  render           | Start rendering: MORI_Assembly_Animation, 视图层
00:35.715  render           | Engine: EEVEE
00:35.751  render           | Fra: 144 | Rendering 1 / 32 samples
00:35.913  render           | Fra: 144 | Rendering 25 / 32 samples
00:35.959  render           | Fra: 144 | Rendering 32 / 32 samples
00:35.967  render           | Video append frame 144
00:35.967  render           | Time: 00:00.25 (Saving: 00:00.00)
00:35.967  render           | Rendering frame 145
00:35.968  render           | Start rendering: MORI_Assembly_Animation, 视图层
00:35.968  render           | Engine: EEVEE
00:36.002  render           | Fra: 145 | Rendering 1 / 32 samples
00:36.166  render           | Fra: 145 | Rendering 25 / 32 samples
00:36.214  render           | Fra: 145 | Rendering 32 / 32 samples
00:36.224  render           | Video append frame 145
00:36.224  render           | Time: 00:00.25 (Saving: 00:00.00)
00:36.224  render           | Rendering frame 146
00:36.224  render           | Start rendering: MORI_Assembly_Animation, 视图层
00:36.224  render           | Engine: EEVEE
00:36.259  render           | Fra: 146 | Rendering 1 / 32 samples
00:36.425  render           | Fra: 146 | Rendering 25 / 32 samples
00:36.474  render           | Fra: 146 | Rendering 32 / 32 samples
00:36.491  render           | Video append frame 146
00:36.491  render           | Time: 00:00.26 (Saving: 00:00.01)
00:36.491  render           | Rendering frame 147
00:36.492  render           | Start rendering: MORI_Assembly_Animation, 视图层
00:36.492  render           | Engine: EEVEE
00:36.527  render           | Fra: 147 | Rendering 1 / 32 samples
00:36.699  render           | Fra: 147 | Rendering 25 / 32 samples
00:36.747  render           | Fra: 147 | Rendering 32 / 32 samples
00:36.772  render           | Video append frame 147
00:36.772  render           | Time: 00:00.28 (Saving: 00:00.02)
00:36.772  render           | Rendering frame 148
00:36.772  render           | Start rendering: MORI_Assembly_Animation, 视图层
00:36.772  render           | Engine: EEVEE
00:36.809  render           | Fra: 148 | Rendering 1 / 32 samples
00:36.974  render           | Fra: 148 | Rendering 25 / 32 samples
00:37.020  render           | Fra: 148 | Rendering 32 / 32 samples
00:37.040  render           | Video append frame 148
00:37.040  render           | Time: 00:00.26 (Saving: 00:00.01)
00:37.040  render           | Rendering frame 149
00:37.040  render           | Start rendering: MORI_Assembly_Animation, 视图层
00:37.040  render           | Engine: EEVEE
00:37.076  render           | Fra: 149 | Rendering 1 / 32 samples
00:37.233  render           | Fra: 149 | Rendering 25 / 32 samples
00:37.279  render           | Fra: 149 | Rendering 32 / 32 samples
00:37.308  render           | Video append frame 149
00:37.308  render           | Time: 00:00.26 (Saving: 00:00.02)
00:37.308  render           | Rendering frame 150
00:37.308  render           | Start rendering: MORI_Assembly_Animation, 视图层
00:37.308  render           | Engine: EEVEE
00:37.345  render           | Fra: 150 | Rendering 1 / 32 samples
00:37.504  render           | Fra: 150 | Rendering 25 / 32 samples
00:37.550  render           | Fra: 150 | Rendering 32 / 32 samples
00:37.563  render           | Video append frame 150
00:37.563  render           | Time: 00:00.25 (Saving: 00:00.00)
00:37.563  render           | Rendering frame 151
00:37.563  render           | Start rendering: MORI_Assembly_Animation, 视图层
00:37.563  render           | Engine: EEVEE
00:37.600  render           | Fra: 151 | Rendering 1 / 32 samples
00:37.762  render           | Fra: 151 | Rendering 25 / 32 samples
00:37.808  render           | Fra: 151 | Rendering 32 / 32 samples
00:37.817  render           | Video append frame 151
00:37.817  render           | Time: 00:00.25 (Saving: 00:00.00)
00:37.817  render           | Rendering frame 152
00:37.817  render           | Start rendering: MORI_Assembly_Animation, 视图层
00:37.817  render           | Engine: EEVEE
00:37.856  render           | Fra: 152 | Rendering 1 / 32 samples
00:38.015  render           | Fra: 152 | Rendering 25 / 32 samples
00:38.062  render           | Fra: 152 | Rendering 32 / 32 samples
00:38.070  render           | Video append frame 152
00:38.070  render           | Time: 00:00.25 (Saving: 00:00.00)
00:38.070  render           | Rendering frame 153
00:38.070  render           | Start rendering: MORI_Assembly_Animation, 视图层
00:38.070  render           | Engine: EEVEE
00:38.112  render           | Fra: 153 | Rendering 1 / 32 samples
00:38.272  render           | Fra: 153 | Rendering 25 / 32 samples
00:38.319  render           | Fra: 153 | Rendering 32 / 32 samples
00:38.328  render           | Video append frame 153
00:38.328  render           | Time: 00:00.25 (Saving: 00:00.00)
00:38.328  render           | Rendering frame 154
00:38.328  render           | Start rendering: MORI_Assembly_Animation, 视图层
00:38.328  render           | Engine: EEVEE
00:38.365  render           | Fra: 154 | Rendering 1 / 32 samples
00:38.502  render           | Fra: 154 | Rendering 25 / 32 samples
00:38.539  render           | Fra: 154 | Rendering 32 / 32 samples
00:38.547  render           | Video append frame 154
00:38.547  render           | Time: 00:00.21 (Saving: 00:00.00)
00:38.547  render           | Rendering frame 155
00:38.547  render           | Start rendering: MORI_Assembly_Animation, 视图层
00:38.547  render           | Engine: EEVEE
00:38.587  render           | Fra: 155 | Rendering 1 / 32 samples
00:38.725  render           | Fra: 155 | Rendering 25 / 32 samples
00:38.763  render           | Fra: 155 | Rendering 32 / 32 samples
00:38.772  render           | Video append frame 155
00:38.772  render           | Time: 00:00.22 (Saving: 00:00.00)
00:38.772  render           | Rendering frame 156
00:38.772  render           | Start rendering: MORI_Assembly_Animation, 视图层
00:38.772  render           | Engine: EEVEE
00:38.811  render           | Fra: 156 | Rendering 1 / 32 samples
00:38.947  render           | Fra: 156 | Rendering 25 / 32 samples
00:38.984  render           | Fra: 156 | Rendering 32 / 32 samples
00:38.993  render           | Video append frame 156
00:38.993  render           | Time: 00:00.22 (Saving: 00:00.00)
00:38.993  render           | Rendering frame 157
00:38.993  render           | Start rendering: MORI_Assembly_Animation, 视图层
00:38.993  render           | Engine: EEVEE
00:39.031  render           | Fra: 157 | Rendering 1 / 32 samples
00:39.167  render           | Fra: 157 | Rendering 25 / 32 samples
00:39.207  render           | Fra: 157 | Rendering 32 / 32 samples
00:39.216  render           | Video append frame 157
00:39.216  render           | Time: 00:00.22 (Saving: 00:00.00)
00:39.216  render           | Rendering frame 158
00:39.216  render           | Start rendering: MORI_Assembly_Animation, 视图层
00:39.216  render           | Engine: EEVEE
00:39.255  render           | Fra: 158 | Rendering 1 / 32 samples
00:39.395  render           | Fra: 158 | Rendering 25 / 32 samples
00:39.434  render           | Fra: 158 | Rendering 32 / 32 samples
00:39.442  render           | Video append frame 158
00:39.442  render           | Time: 00:00.22 (Saving: 00:00.00)
00:39.442  render           | Rendering frame 159
00:39.442  render           | Start rendering: MORI_Assembly_Animation, 视图层
00:39.442  render           | Engine: EEVEE
00:39.478  render           | Fra: 159 | Rendering 1 / 32 samples
00:39.633  render           | Fra: 159 | Rendering 25 / 32 samples
00:39.678  render           | Fra: 159 | Rendering 32 / 32 samples
00:39.686  render           | Video append frame 159
00:39.687  render           | Time: 00:00.24 (Saving: 00:00.00)
00:39.687  render           | Rendering frame 160
00:39.687  render           | Start rendering: MORI_Assembly_Animation, 视图层
00:39.687  render           | Engine: EEVEE
00:39.720  render           | Fra: 160 | Rendering 1 / 32 samples
00:39.887  render           | Fra: 160 | Rendering 25 / 32 samples
00:39.933  render           | Fra: 160 | Rendering 32 / 32 samples
00:39.943  render           | Video append frame 160
00:39.943  render           | Time: 00:00.25 (Saving: 00:00.00)
00:39.943  render           | Rendering frame 161
00:39.943  render           | Start rendering: MORI_Assembly_Animation, 视图层
00:39.943  render           | Engine: EEVEE
00:39.977  render           | Fra: 161 | Rendering 1 / 32 samples
00:40.142  render           | Fra: 161 | Rendering 25 / 32 samples
00:40.190  render           | Fra: 161 | Rendering 32 / 32 samples
00:40.198  render           | Video append frame 161
00:40.198  render           | Time: 00:00.25 (Saving: 00:00.00)
00:40.198  render           | Rendering frame 162
00:40.198  render           | Start rendering: MORI_Assembly_Animation, 视图层
00:40.198  render           | Engine: EEVEE
00:40.232  render           | Fra: 162 | Rendering 1 / 32 samples
00:40.398  render           | Fra: 162 | Rendering 25 / 32 samples
00:40.447  render           | Fra: 162 | Rendering 32 / 32 samples
00:40.456  render           | Video append frame 162
00:40.456  render           | Time: 00:00.25 (Saving: 00:00.00)
00:40.456  render           | Rendering frame 163
00:40.456  render           | Start rendering: MORI_Assembly_Animation, 视图层
00:40.456  render           | Engine: EEVEE
00:40.492  render           | Fra: 163 | Rendering 1 / 32 samples
00:40.658  render           | Fra: 163 | Rendering 25 / 32 samples
00:40.706  render           | Fra: 163 | Rendering 32 / 32 samples
00:40.714  render           | Video append frame 163
00:40.714  render           | Time: 00:00.25 (Saving: 00:00.00)
00:40.714  render           | Rendering frame 164
00:40.714  render           | Start rendering: MORI_Assembly_Animation, 视图层
00:40.714  render           | Engine: EEVEE
00:40.749  render           | Fra: 164 | Rendering 1 / 32 samples
00:40.915  render           | Fra: 164 | Rendering 25 / 32 samples
00:40.964  render           | Fra: 164 | Rendering 32 / 32 samples
00:40.998  render           | Video append frame 164
00:40.998  render           | Time: 00:00.28 (Saving: 00:00.02)
00:40.998  render           | Rendering frame 165
00:40.999  render           | Start rendering: MORI_Assembly_Animation, 视图层
00:40.999  render           | Engine: EEVEE
00:41.032  render           | Fra: 165 | Rendering 1 / 32 samples
00:41.197  render           | Fra: 165 | Rendering 25 / 32 samples
00:41.244  render           | Fra: 165 | Rendering 32 / 32 samples
00:41.256  render           | Video append frame 165
00:41.256  render           | Time: 00:00.25 (Saving: 00:00.00)
00:41.256  render           | Rendering frame 166
00:41.256  render           | Start rendering: MORI_Assembly_Animation, 视图层
00:41.256  render           | Engine: EEVEE
00:41.291  render           | Fra: 166 | Rendering 1 / 32 samples
00:41.457  render           | Fra: 166 | Rendering 25 / 32 samples
00:41.505  render           | Fra: 166 | Rendering 32 / 32 samples
00:41.528  render           | Video append frame 166
00:41.528  render           | Time: 00:00.27 (Saving: 00:00.01)
00:41.528  render           | Rendering frame 167
00:41.528  render           | Start rendering: MORI_Assembly_Animation, 视图层
00:41.528  render           | Engine: EEVEE
00:41.565  render           | Fra: 167 | Rendering 1 / 32 samples
00:41.730  render           | Fra: 167 | Rendering 25 / 32 samples
00:41.778  render           | Fra: 167 | Rendering 32 / 32 samples
00:41.792  render           | Video append frame 167
00:41.792  render           | Time: 00:00.26 (Saving: 00:00.01)
00:41.792  render           | Rendering frame 168
00:41.792  render           | Start rendering: MORI_Assembly_Animation, 视图层
00:41.792  render           | Engine: EEVEE
00:41.828  render           | Fra: 168 | Rendering 1 / 32 samples
00:41.993  render           | Fra: 168 | Rendering 25 / 32 samples
00:42.041  render           | Fra: 168 | Rendering 32 / 32 samples
00:42.057  render           | Video append frame 168
00:42.057  render           | Time: 00:00.26 (Saving: 00:00.01)
00:42.057  render           | Rendering frame 169
00:42.057  render           | Start rendering: MORI_Assembly_Animation, 视图层
00:42.057  render           | Engine: EEVEE
00:42.094  render           | Fra: 169 | Rendering 1 / 32 samples
00:42.260  render           | Fra: 169 | Rendering 25 / 32 samples
00:42.309  render           | Fra: 169 | Rendering 32 / 32 samples
00:42.320  render           | Video append frame 169
00:42.320  render           | Time: 00:00.26 (Saving: 00:00.00)
00:42.320  render           | Rendering frame 170
00:42.320  render           | Start rendering: MORI_Assembly_Animation, 视图层
00:42.320  render           | Engine: EEVEE
00:42.358  render           | Fra: 170 | Rendering 1 / 32 samples
00:42.525  render           | Fra: 170 | Rendering 25 / 32 samples
00:42.573  render           | Fra: 170 | Rendering 32 / 32 samples
00:42.581  render           | Video append frame 170
00:42.581  render           | Time: 00:00.26 (Saving: 00:00.00)
00:42.581  render           | Rendering frame 171
00:42.581  render           | Start rendering: MORI_Assembly_Animation, 视图层
00:42.581  render           | Engine: EEVEE
00:42.619  render           | Fra: 171 | Rendering 1 / 32 samples
00:42.786  render           | Fra: 171 | Rendering 25 / 32 samples
00:42.833  render           | Fra: 171 | Rendering 32 / 32 samples
00:42.842  render           | Video append frame 171
00:42.842  render           | Time: 00:00.26 (Saving: 00:00.00)
00:42.842  render           | Rendering frame 172
00:42.843  render           | Start rendering: MORI_Assembly_Animation, 视图层
00:42.843  render           | Engine: EEVEE
00:42.879  render           | Fra: 172 | Rendering 1 / 32 samples
00:43.047  render           | Fra: 172 | Rendering 25 / 32 samples
00:43.094  render           | Fra: 172 | Rendering 32 / 32 samples
00:43.104  render           | Video append frame 172
00:43.104  render           | Time: 00:00.26 (Saving: 00:00.00)
00:43.104  render           | Rendering frame 173
00:43.104  render           | Start rendering: MORI_Assembly_Animation, 视图层
00:43.104  render           | Engine: EEVEE
00:43.140  render           | Fra: 173 | Rendering 1 / 32 samples
00:43.311  render           | Fra: 173 | Rendering 25 / 32 samples
00:43.361  render           | Fra: 173 | Rendering 32 / 32 samples
00:43.370  render           | Video append frame 173
00:43.370  render           | Time: 00:00.26 (Saving: 00:00.00)
00:43.370  render           | Rendering frame 174
00:43.370  render           | Start rendering: MORI_Assembly_Animation, 视图层
00:43.370  render           | Engine: EEVEE
00:43.409  render           | Fra: 174 | Rendering 1 / 32 samples
00:43.577  render           | Fra: 174 | Rendering 25 / 32 samples
00:43.627  render           | Fra: 174 | Rendering 32 / 32 samples
00:43.636  render           | Video append frame 174
00:43.636  render           | Time: 00:00.26 (Saving: 00:00.00)
00:43.636  render           | Rendering frame 175
00:43.637  render           | Start rendering: MORI_Assembly_Animation, 视图层
00:43.637  render           | Engine: EEVEE
00:43.676  render           | Fra: 175 | Rendering 1 / 32 samples
00:43.844  render           | Fra: 175 | Rendering 25 / 32 samples
00:43.893  render           | Fra: 175 | Rendering 32 / 32 samples
00:43.902  render           | Video append frame 175
00:43.902  render           | Time: 00:00.26 (Saving: 00:00.00)
00:43.902  render           | Rendering frame 176
00:43.902  render           | Start rendering: MORI_Assembly_Animation, 视图层
00:43.902  render           | Engine: EEVEE
00:43.942  render           | Fra: 176 | Rendering 1 / 32 samples
00:44.107  render           | Fra: 176 | Rendering 25 / 32 samples
00:44.156  render           | Fra: 176 | Rendering 32 / 32 samples
00:44.164  render           | Video append frame 176
00:44.164  render           | Time: 00:00.26 (Saving: 00:00.00)
00:44.164  render           | Rendering frame 177
00:44.164  render           | Start rendering: MORI_Assembly_Animation, 视图层
00:44.164  render           | Engine: EEVEE
00:44.200  render           | Fra: 177 | Rendering 1 / 32 samples
00:44.362  render           | Fra: 177 | Rendering 25 / 32 samples
00:44.410  render           | Fra: 177 | Rendering 32 / 32 samples
00:44.418  render           | Video append frame 177
00:44.418  render           | Time: 00:00.25 (Saving: 00:00.00)
00:44.418  render           | Rendering frame 178
00:44.418  render           | Start rendering: MORI_Assembly_Animation, 视图层
00:44.418  render           | Engine: EEVEE
00:44.452  render           | Fra: 178 | Rendering 1 / 32 samples
00:44.616  render           | Fra: 178 | Rendering 25 / 32 samples
00:44.665  render           | Fra: 178 | Rendering 32 / 32 samples
00:44.673  render           | Video append frame 178
00:44.673  render           | Time: 00:00.25 (Saving: 00:00.00)
00:44.673  render           | Rendering frame 179
00:44.673  render           | Start rendering: MORI_Assembly_Animation, 视图层
00:44.673  render           | Engine: EEVEE
00:44.706  render           | Fra: 179 | Rendering 1 / 32 samples
00:44.866  render           | Fra: 179 | Rendering 25 / 32 samples
00:44.913  render           | Fra: 179 | Rendering 32 / 32 samples
00:44.922  render           | Video append frame 179
00:44.922  render           | Time: 00:00.24 (Saving: 00:00.00)
00:44.922  render           | Rendering frame 180
00:44.922  render           | Start rendering: MORI_Assembly_Animation, 视图层
00:44.922  render           | Engine: EEVEE
00:44.956  render           | Fra: 180 | Rendering 1 / 32 samples
00:45.116  render           | Fra: 180 | Rendering 25 / 32 samples
00:45.163  render           | Fra: 180 | Rendering 32 / 32 samples
00:45.171  render           | Video append frame 180
00:45.171  render           | Time: 00:00.24 (Saving: 00:00.00)
00:45.171  render           | Rendering frame 181
00:45.171  render           | Start rendering: MORI_Assembly_Animation, 视图层
00:45.171  render           | Engine: EEVEE
00:45.207  render           | Fra: 181 | Rendering 1 / 32 samples
00:45.369  render           | Fra: 181 | Rendering 25 / 32 samples
00:45.417  render           | Fra: 181 | Rendering 32 / 32 samples
00:45.427  render           | Video append frame 181
00:45.427  render           | Time: 00:00.25 (Saving: 00:00.00)
00:45.427  render           | Rendering frame 182
00:45.427  render           | Start rendering: MORI_Assembly_Animation, 视图层
00:45.427  render           | Engine: EEVEE
00:45.462  render           | Fra: 182 | Rendering 1 / 32 samples
00:45.626  render           | Fra: 182 | Rendering 25 / 32 samples
00:45.673  render           | Fra: 182 | Rendering 32 / 32 samples
00:45.696  render           | Video append frame 182
00:45.696  render           | Time: 00:00.26 (Saving: 00:00.01)
00:45.696  render           | Rendering frame 183
00:45.696  render           | Start rendering: MORI_Assembly_Animation, 视图层
00:45.696  render           | Engine: EEVEE
00:45.730  render           | Fra: 183 | Rendering 1 / 32 samples
00:45.897  render           | Fra: 183 | Rendering 25 / 32 samples
00:45.946  render           | Fra: 183 | Rendering 32 / 32 samples
00:45.971  render           | Video append frame 183
00:45.971  render           | Time: 00:00.27 (Saving: 00:00.02)
00:45.971  render           | Rendering frame 184
00:45.971  render           | Start rendering: MORI_Assembly_Animation, 视图层
00:45.971  render           | Engine: EEVEE
00:46.004  render           | Fra: 184 | Rendering 1 / 32 samples
00:46.173  render           | Fra: 184 | Rendering 25 / 32 samples
00:46.222  render           | Fra: 184 | Rendering 32 / 32 samples
00:46.240  render           | Video append frame 184
00:46.240  render           | Time: 00:00.26 (Saving: 00:00.01)
00:46.240  render           | Rendering frame 185
00:46.240  render           | Start rendering: MORI_Assembly_Animation, 视图层
00:46.240  render           | Engine: EEVEE
00:46.277  render           | Fra: 185 | Rendering 1 / 32 samples
00:46.445  render           | Fra: 185 | Rendering 25 / 32 samples
00:46.494  render           | Fra: 185 | Rendering 32 / 32 samples
00:46.509  render           | Video append frame 185
00:46.509  render           | Time: 00:00.26 (Saving: 00:00.01)
00:46.509  render           | Rendering frame 186
00:46.509  render           | Start rendering: MORI_Assembly_Animation, 视图层
00:46.509  render           | Engine: EEVEE
00:46.545  render           | Fra: 186 | Rendering 1 / 32 samples
00:46.713  render           | Fra: 186 | Rendering 25 / 32 samples
00:46.762  render           | Fra: 186 | Rendering 32 / 32 samples
00:46.787  render           | Video append frame 186
00:46.787  render           | Time: 00:00.27 (Saving: 00:00.02)
00:46.787  render           | Rendering frame 187
00:46.787  render           | Start rendering: MORI_Assembly_Animation, 视图层
00:46.787  render           | Engine: EEVEE
00:46.850  render           | Fra: 187 | Rendering 1 / 32 samples
00:47.029  render           | Fra: 187 | Rendering 25 / 32 samples
00:47.079  render           | Fra: 187 | Rendering 32 / 32 samples
00:47.106  render           | Video append frame 187
00:47.106  render           | Time: 00:00.31 (Saving: 00:00.02)
00:47.106  render           | Rendering frame 188
00:47.106  render           | Start rendering: MORI_Assembly_Animation, 视图层
00:47.106  render           | Engine: EEVEE
00:47.149  render           | Fra: 188 | Rendering 1 / 32 samples
00:47.332  render           | Fra: 188 | Rendering 25 / 32 samples
00:47.383  render           | Fra: 188 | Rendering 32 / 32 samples
00:47.394  render           | Video append frame 188
00:47.394  render           | Time: 00:00.28 (Saving: 00:00.00)
00:47.394  render           | Rendering frame 189
00:47.394  render           | Start rendering: MORI_Assembly_Animation, 视图层
00:47.394  render           | Engine: EEVEE
00:47.433  render           | Fra: 189 | Rendering 1 / 32 samples
00:47.612  render           | Fra: 189 | Rendering 25 / 32 samples
00:47.661  render           | Fra: 189 | Rendering 32 / 32 samples
00:47.670  render           | Video append frame 189
00:47.670  render           | Time: 00:00.27 (Saving: 00:00.00)
00:47.670  render           | Rendering frame 190
00:47.670  render           | Start rendering: MORI_Assembly_Animation, 视图层
00:47.670  render           | Engine: EEVEE
00:47.710  render           | Fra: 190 | Rendering 1 / 32 samples
00:47.875  render           | Fra: 190 | Rendering 25 / 32 samples
00:47.923  render           | Fra: 190 | Rendering 32 / 32 samples
00:47.932  render           | Video append frame 190
00:47.932  render           | Time: 00:00.26 (Saving: 00:00.00)
00:47.932  render           | Rendering frame 191
00:47.932  render           | Start rendering: MORI_Assembly_Animation, 视图层
00:47.932  render           | Engine: EEVEE
00:47.972  render           | Fra: 191 | Rendering 1 / 32 samples
00:48.132  render           | Fra: 191 | Rendering 25 / 32 samples
00:48.179  render           | Fra: 191 | Rendering 32 / 32 samples
00:48.188  render           | Video append frame 191
00:48.188  render           | Time: 00:00.25 (Saving: 00:00.00)
00:48.188  render           | Rendering frame 192
00:48.188  render           | Start rendering: MORI_Assembly_Animation, 视图层
00:48.188  render           | Engine: EEVEE
00:48.229  render           | Fra: 192 | Rendering 1 / 32 samples
00:48.388  render           | Fra: 192 | Rendering 25 / 32 samples
00:48.435  render           | Fra: 192 | Rendering 32 / 32 samples
00:48.443  render           | Video append frame 192
00:48.443  render           | Time: 00:00.25 (Saving: 00:00.00)
00:48.443  render           | Rendering frame 193
00:48.443  render           | Start rendering: MORI_Assembly_Animation, 视图层
00:48.443  render           | Engine: EEVEE
00:48.481  render           | Fra: 193 | Rendering 1 / 32 samples
00:48.642  render           | Fra: 193 | Rendering 25 / 32 samples
00:48.688  render           | Fra: 193 | Rendering 32 / 32 samples
00:48.696  render           | Video append frame 193
00:48.696  render           | Time: 00:00.25 (Saving: 00:00.00)
00:48.696  render           | Rendering frame 194
00:48.696  render           | Start rendering: MORI_Assembly_Animation, 视图层
00:48.696  render           | Engine: EEVEE
00:48.732  render           | Fra: 194 | Rendering 1 / 32 samples
00:48.888  render           | Fra: 194 | Rendering 25 / 32 samples
00:48.933  render           | Fra: 194 | Rendering 32 / 32 samples
00:48.941  render           | Video append frame 194
00:48.941  render           | Time: 00:00.24 (Saving: 00:00.00)
00:48.941  render           | Rendering frame 195
00:48.941  render           | Start rendering: MORI_Assembly_Animation, 视图层
00:48.941  render           | Engine: EEVEE
00:48.978  render           | Fra: 195 | Rendering 1 / 32 samples
00:49.134  render           | Fra: 195 | Rendering 25 / 32 samples
00:49.179  render           | Fra: 195 | Rendering 32 / 32 samples
00:49.188  render           | Video append frame 195
00:49.188  render           | Time: 00:00.24 (Saving: 00:00.00)
00:49.188  render           | Rendering frame 196
00:49.188  render           | Start rendering: MORI_Assembly_Animation, 视图层
00:49.188  render           | Engine: EEVEE
00:49.222  render           | Fra: 196 | Rendering 1 / 32 samples
00:49.378  render           | Fra: 196 | Rendering 25 / 32 samples
00:49.424  render           | Fra: 196 | Rendering 32 / 32 samples
00:49.432  render           | Video append frame 196
00:49.432  render           | Time: 00:00.24 (Saving: 00:00.00)
00:49.432  render           | Rendering frame 197
00:49.432  render           | Start rendering: MORI_Assembly_Animation, 视图层
00:49.432  render           | Engine: EEVEE
00:49.473  render           | Fra: 197 | Rendering 1 / 32 samples
00:49.629  render           | Fra: 197 | Rendering 25 / 32 samples
00:49.674  render           | Fra: 197 | Rendering 32 / 32 samples
00:49.683  render           | Video append frame 197
00:49.683  render           | Time: 00:00.25 (Saving: 00:00.00)
00:49.683  render           | Rendering frame 198
00:49.683  render           | Start rendering: MORI_Assembly_Animation, 视图层
00:49.683  render           | Engine: EEVEE
00:49.720  render           | Fra: 198 | Rendering 1 / 32 samples
00:49.877  render           | Fra: 198 | Rendering 25 / 32 samples
00:49.922  render           | Fra: 198 | Rendering 32 / 32 samples
00:49.931  render           | Video append frame 198
00:49.931  render           | Time: 00:00.24 (Saving: 00:00.00)
00:49.931  render           | Rendering frame 199
00:49.931  render           | Start rendering: MORI_Assembly_Animation, 视图层
00:49.931  render           | Engine: EEVEE
00:49.970  render           | Fra: 199 | Rendering 1 / 32 samples
00:50.126  render           | Fra: 199 | Rendering 25 / 32 samples
00:50.171  render           | Fra: 199 | Rendering 32 / 32 samples
00:50.180  render           | Video append frame 199
00:50.180  render           | Time: 00:00.24 (Saving: 00:00.00)
00:50.180  render           | Rendering frame 200
00:50.180  render           | Start rendering: MORI_Assembly_Animation, 视图层
00:50.180  render           | Engine: EEVEE
00:50.216  render           | Fra: 200 | Rendering 1 / 32 samples
00:50.372  render           | Fra: 200 | Rendering 25 / 32 samples
00:50.417  render           | Fra: 200 | Rendering 32 / 32 samples
00:50.444  render           | Video append frame 200
00:50.444  render           | Time: 00:00.26 (Saving: 00:00.02)
00:50.444  render           | Rendering frame 201
00:50.444  render           | Start rendering: MORI_Assembly_Animation, 视图层
00:50.444  render           | Engine: EEVEE
00:50.481  render           | Fra: 201 | Rendering 1 / 32 samples
00:50.637  render           | Fra: 201 | Rendering 25 / 32 samples
00:50.682  render           | Fra: 201 | Rendering 32 / 32 samples
00:50.707  render           | Video append frame 201
00:50.707  render           | Time: 00:00.26 (Saving: 00:00.02)
00:50.707  render           | Rendering frame 202
00:50.707  render           | Start rendering: MORI_Assembly_Animation, 视图层
00:50.707  render           | Engine: EEVEE
00:50.746  render           | Fra: 202 | Rendering 1 / 32 samples
00:50.903  render           | Fra: 202 | Rendering 25 / 32 samples
00:50.949  render           | Fra: 202 | Rendering 32 / 32 samples
00:50.977  render           | Video append frame 202
00:50.977  render           | Time: 00:00.26 (Saving: 00:00.02)
00:50.977  render           | Rendering frame 203
00:50.977  render           | Start rendering: MORI_Assembly_Animation, 视图层
00:50.977  render           | Engine: EEVEE
00:51.014  render           | Fra: 203 | Rendering 1 / 32 samples
00:51.172  render           | Fra: 203 | Rendering 25 / 32 samples
00:51.217  render           | Fra: 203 | Rendering 32 / 32 samples
00:51.228  render           | Video append frame 203
00:51.228  render           | Time: 00:00.25 (Saving: 00:00.00)
00:51.228  render           | Rendering frame 204
00:51.228  render           | Start rendering: MORI_Assembly_Animation, 视图层
00:51.228  render           | Engine: EEVEE
00:51.266  render           | Fra: 204 | Rendering 1 / 32 samples
00:51.423  render           | Fra: 204 | Rendering 25 / 32 samples
00:51.469  render           | Fra: 204 | Rendering 32 / 32 samples
00:51.480  render           | Video append frame 204
00:51.480  render           | Time: 00:00.25 (Saving: 00:00.00)
00:51.480  render           | Rendering frame 205
00:51.480  render           | Start rendering: MORI_Assembly_Animation, 视图层
00:51.480  render           | Engine: EEVEE
00:51.518  render           | Fra: 205 | Rendering 1 / 32 samples
00:51.676  render           | Fra: 205 | Rendering 25 / 32 samples
00:51.721  render           | Fra: 205 | Rendering 32 / 32 samples
00:51.751  render           | Video append frame 205
00:51.751  render           | Time: 00:00.27 (Saving: 00:00.02)
00:51.751  render           | Rendering frame 206
00:51.751  render           | Start rendering: MORI_Assembly_Animation, 视图层
00:51.751  render           | Engine: EEVEE
00:51.791  render           | Fra: 206 | Rendering 1 / 32 samples
00:51.950  render           | Fra: 206 | Rendering 25 / 32 samples
00:51.995  render           | Fra: 206 | Rendering 32 / 32 samples
00:52.020  render           | Video append frame 206
00:52.020  render           | Time: 00:00.26 (Saving: 00:00.02)
00:52.020  render           | Rendering frame 207
00:52.020  render           | Start rendering: MORI_Assembly_Animation, 视图层
00:52.020  render           | Engine: EEVEE
00:52.055  render           | Fra: 207 | Rendering 1 / 32 samples
00:52.211  render           | Fra: 207 | Rendering 25 / 32 samples
00:52.257  render           | Fra: 207 | Rendering 32 / 32 samples
00:52.285  render           | Video append frame 207
00:52.285  render           | Time: 00:00.26 (Saving: 00:00.02)
00:52.285  render           | Rendering frame 208
00:52.285  render           | Start rendering: MORI_Assembly_Animation, 视图层
00:52.285  render           | Engine: EEVEE
00:52.323  render           | Fra: 208 | Rendering 1 / 32 samples
00:52.480  render           | Fra: 208 | Rendering 25 / 32 samples
00:52.526  render           | Fra: 208 | Rendering 32 / 32 samples
00:52.546  render           | Video append frame 208
00:52.546  render           | Time: 00:00.26 (Saving: 00:00.01)
00:52.546  render           | Rendering frame 209
00:52.546  render           | Start rendering: MORI_Assembly_Animation, 视图层
00:52.546  render           | Engine: EEVEE
00:52.585  render           | Fra: 209 | Rendering 1 / 32 samples
00:52.743  render           | Fra: 209 | Rendering 25 / 32 samples
00:52.789  render           | Fra: 209 | Rendering 32 / 32 samples
00:52.808  render           | Video append frame 209
00:52.808  render           | Time: 00:00.26 (Saving: 00:00.01)
00:52.808  render           | Rendering frame 210
00:52.808  render           | Start rendering: MORI_Assembly_Animation, 视图层
00:52.808  render           | Engine: EEVEE
00:52.847  render           | Fra: 210 | Rendering 1 / 32 samples
00:53.008  render           | Fra: 210 | Rendering 25 / 32 samples
00:53.054  render           | Fra: 210 | Rendering 32 / 32 samples
00:53.062  render           | Video append frame 210
00:53.062  render           | Time: 00:00.25 (Saving: 00:00.00)
00:53.062  render           | Rendering frame 211
00:53.062  render           | Start rendering: MORI_Assembly_Animation, 视图层
00:53.062  render           | Engine: EEVEE
00:53.103  render           | Fra: 211 | Rendering 1 / 32 samples
00:53.262  render           | Fra: 211 | Rendering 25 / 32 samples
00:53.308  render           | Fra: 211 | Rendering 32 / 32 samples
00:53.317  render           | Video append frame 211
00:53.317  render           | Time: 00:00.25 (Saving: 00:00.00)
00:53.317  render           | Rendering frame 212
00:53.317  render           | Start rendering: MORI_Assembly_Animation, 视图层
00:53.317  render           | Engine: EEVEE
00:53.363  render           | Fra: 212 | Rendering 1 / 32 samples
00:53.523  render           | Fra: 212 | Rendering 25 / 32 samples
00:53.568  render           | Fra: 212 | Rendering 32 / 32 samples
00:53.577  render           | Video append frame 212
00:53.577  render           | Time: 00:00.26 (Saving: 00:00.00)
00:53.577  render           | Rendering frame 213
00:53.577  render           | Start rendering: MORI_Assembly_Animation, 视图层
00:53.577  render           | Engine: EEVEE
00:53.619  render           | Fra: 213 | Rendering 1 / 32 samples
00:53.779  render           | Fra: 213 | Rendering 25 / 32 samples
00:53.825  render           | Fra: 213 | Rendering 32 / 32 samples
00:53.834  render           | Video append frame 213
00:53.834  render           | Time: 00:00.25 (Saving: 00:00.00)
00:53.834  render           | Rendering frame 214
00:53.834  render           | Start rendering: MORI_Assembly_Animation, 视图层
00:53.834  render           | Engine: EEVEE
00:53.877  render           | Fra: 214 | Rendering 1 / 32 samples
00:54.038  render           | Fra: 214 | Rendering 25 / 32 samples
00:54.085  render           | Fra: 214 | Rendering 32 / 32 samples
00:54.094  render           | Video append frame 214
00:54.094  render           | Time: 00:00.26 (Saving: 00:00.00)
00:54.094  render           | Rendering frame 215
00:54.094  render           | Start rendering: MORI_Assembly_Animation, 视图层
00:54.094  render           | Engine: EEVEE
00:54.137  render           | Fra: 215 | Rendering 1 / 32 samples
00:54.296  render           | Fra: 215 | Rendering 25 / 32 samples
00:54.343  render           | Fra: 215 | Rendering 32 / 32 samples
00:54.353  render           | Video append frame 215
00:54.354  render           | Time: 00:00.25 (Saving: 00:00.00)
00:54.354  render           | Rendering frame 216
00:54.354  render           | Start rendering: MORI_Assembly_Animation, 视图层
00:54.354  render           | Engine: EEVEE
00:54.410  render           | Fra: 216 | Rendering 1 / 32 samples
00:54.580  render           | Fra: 216 | Rendering 25 / 32 samples
00:54.630  render           | Fra: 216 | Rendering 32 / 32 samples
00:54.638  render           | Video append frame 216
00:54.638  render           | Time: 00:00.28 (Saving: 00:00.00)
00:54.638  render           | Rendering frame 217
00:54.638  render           | Start rendering: MORI_Assembly_Animation, 视图层
00:54.638  render           | Engine: EEVEE
00:54.680  render           | Fra: 217 | Rendering 1 / 32 samples
00:54.844  render           | Fra: 217 | Rendering 25 / 32 samples
00:54.892  render           | Fra: 217 | Rendering 32 / 32 samples
00:54.902  render           | Video append frame 217
00:54.902  render           | Time: 00:00.26 (Saving: 00:00.00)
00:54.902  render           | Rendering frame 218
00:54.902  render           | Start rendering: MORI_Assembly_Animation, 视图层
00:54.902  render           | Engine: EEVEE
00:54.945  render           | Fra: 218 | Rendering 1 / 32 samples
00:55.110  render           | Fra: 218 | Rendering 25 / 32 samples
00:55.159  render           | Fra: 218 | Rendering 32 / 32 samples
00:55.168  render           | Video append frame 218
00:55.168  render           | Time: 00:00.26 (Saving: 00:00.00)
00:55.168  render           | Rendering frame 219
00:55.168  render           | Start rendering: MORI_Assembly_Animation, 视图层
00:55.168  render           | Engine: EEVEE
00:55.209  render           | Fra: 219 | Rendering 1 / 32 samples
00:55.376  render           | Fra: 219 | Rendering 25 / 32 samples
00:55.425  render           | Fra: 219 | Rendering 32 / 32 samples
00:55.433  render           | Video append frame 219
00:55.433  render           | Time: 00:00.26 (Saving: 00:00.00)
00:55.433  render           | Rendering frame 220
00:55.433  render           | Start rendering: MORI_Assembly_Animation, 视图层
00:55.433  render           | Engine: EEVEE
00:55.476  render           | Fra: 220 | Rendering 1 / 32 samples
00:55.639  render           | Fra: 220 | Rendering 25 / 32 samples
00:55.686  render           | Fra: 220 | Rendering 32 / 32 samples
00:55.695  render           | Video append frame 220
00:55.695  render           | Time: 00:00.26 (Saving: 00:00.00)
00:55.695  render           | Rendering frame 221
00:55.695  render           | Start rendering: MORI_Assembly_Animation, 视图层
00:55.695  render           | Engine: EEVEE
00:55.735  render           | Fra: 221 | Rendering 1 / 32 samples
00:55.898  render           | Fra: 221 | Rendering 25 / 32 samples
00:55.946  render           | Fra: 221 | Rendering 32 / 32 samples
00:55.954  render           | Video append frame 221
00:55.954  render           | Time: 00:00.25 (Saving: 00:00.00)
00:55.954  render           | Rendering frame 222
00:55.954  render           | Start rendering: MORI_Assembly_Animation, 视图层
00:55.954  render           | Engine: EEVEE
00:55.991  render           | Fra: 222 | Rendering 1 / 32 samples
00:56.157  render           | Fra: 222 | Rendering 25 / 32 samples
00:56.204  render           | Fra: 222 | Rendering 32 / 32 samples
00:56.221  render           | Video append frame 222
00:56.221  render           | Time: 00:00.26 (Saving: 00:00.01)
00:56.221  render           | Rendering frame 223
00:56.222  render           | Start rendering: MORI_Assembly_Animation, 视图层
00:56.222  render           | Engine: EEVEE
00:56.258  render           | Fra: 223 | Rendering 1 / 32 samples
00:56.423  render           | Fra: 223 | Rendering 25 / 32 samples
00:56.470  render           | Fra: 223 | Rendering 32 / 32 samples
00:56.496  render           | Video append frame 223
00:56.496  render           | Time: 00:00.27 (Saving: 00:00.02)
00:56.496  render           | Rendering frame 224
00:56.496  render           | Start rendering: MORI_Assembly_Animation, 视图层
00:56.496  render           | Engine: EEVEE
00:56.533  render           | Fra: 224 | Rendering 1 / 32 samples
00:56.696  render           | Fra: 224 | Rendering 25 / 32 samples
00:56.744  render           | Fra: 224 | Rendering 32 / 32 samples
00:56.767  render           | Video append frame 224
00:56.767  render           | Time: 00:00.27 (Saving: 00:00.01)
00:56.767  render           | Rendering frame 225
00:56.767  render           | Start rendering: MORI_Assembly_Animation, 视图层
00:56.767  render           | Engine: EEVEE
00:56.806  render           | Fra: 225 | Rendering 1 / 32 samples
00:56.977  render           | Fra: 225 | Rendering 25 / 32 samples
00:57.026  render           | Fra: 225 | Rendering 32 / 32 samples
00:57.058  render           | Video append frame 225
00:57.058  render           | Time: 00:00.29 (Saving: 00:00.02)
00:57.058  render           | Rendering frame 226
00:57.058  render           | Start rendering: MORI_Assembly_Animation, 视图层
00:57.058  render           | Engine: EEVEE
00:57.093  render           | Fra: 226 | Rendering 1 / 32 samples
00:57.271  render           | Fra: 226 | Rendering 25 / 32 samples
00:57.323  render           | Fra: 226 | Rendering 32 / 32 samples
00:57.332  render           | Video append frame 226
00:57.333  render           | Time: 00:00.27 (Saving: 00:00.00)
00:57.333  render           | Rendering frame 227
00:57.333  render           | Start rendering: MORI_Assembly_Animation, 视图层
00:57.333  render           | Engine: EEVEE
00:57.378  render           | Fra: 227 | Rendering 1 / 32 samples
00:57.552  render           | Fra: 227 | Rendering 25 / 32 samples
00:57.599  render           | Fra: 227 | Rendering 32 / 32 samples
00:57.608  render           | Video append frame 227
00:57.609  render           | Time: 00:00.27 (Saving: 00:00.00)
00:57.609  render           | Rendering frame 228
00:57.609  render           | Start rendering: MORI_Assembly_Animation, 视图层
00:57.609  render           | Engine: EEVEE
00:57.651  render           | Fra: 228 | Rendering 1 / 32 samples
00:57.817  render           | Fra: 228 | Rendering 25 / 32 samples
00:57.866  render           | Fra: 228 | Rendering 32 / 32 samples
00:57.874  render           | Video append frame 228
00:57.874  render           | Time: 00:00.26 (Saving: 00:00.00)
00:57.874  render           | Rendering frame 229
00:57.874  render           | Start rendering: MORI_Assembly_Animation, 视图层
00:57.875  render           | Engine: EEVEE
00:57.914  render           | Fra: 229 | Rendering 1 / 32 samples
00:58.079  render           | Fra: 229 | Rendering 25 / 32 samples
00:58.126  render           | Fra: 229 | Rendering 32 / 32 samples
00:58.135  render           | Video append frame 229
00:58.135  render           | Time: 00:00.26 (Saving: 00:00.00)
00:58.135  render           | Rendering frame 230
00:58.135  render           | Start rendering: MORI_Assembly_Animation, 视图层
00:58.135  render           | Engine: EEVEE
00:58.174  render           | Fra: 230 | Rendering 1 / 32 samples
00:58.342  render           | Fra: 230 | Rendering 25 / 32 samples
00:58.391  render           | Fra: 230 | Rendering 32 / 32 samples
00:58.399  render           | Video append frame 230
00:58.399  render           | Time: 00:00.26 (Saving: 00:00.00)
00:58.399  render           | Rendering frame 231
00:58.399  render           | Start rendering: MORI_Assembly_Animation, 视图层
00:58.399  render           | Engine: EEVEE
00:58.441  render           | Fra: 231 | Rendering 1 / 32 samples
00:58.609  render           | Fra: 231 | Rendering 25 / 32 samples
00:58.657  render           | Fra: 231 | Rendering 32 / 32 samples
00:58.666  render           | Video append frame 231
00:58.666  render           | Time: 00:00.26 (Saving: 00:00.00)
00:58.666  render           | Rendering frame 232
00:58.666  render           | Start rendering: MORI_Assembly_Animation, 视图层
00:58.666  render           | Engine: EEVEE
00:58.710  render           | Fra: 232 | Rendering 1 / 32 samples
00:58.881  render           | Fra: 232 | Rendering 25 / 32 samples
00:58.929  render           | Fra: 232 | Rendering 32 / 32 samples
00:58.938  render           | Video append frame 232
00:58.938  render           | Time: 00:00.27 (Saving: 00:00.00)
00:58.938  render           | Rendering frame 233
00:58.938  render           | Start rendering: MORI_Assembly_Animation, 视图层
00:58.938  render           | Engine: EEVEE
00:58.975  render           | Fra: 233 | Rendering 1 / 32 samples
00:59.138  render           | Fra: 233 | Rendering 25 / 32 samples
00:59.183  render           | Fra: 233 | Rendering 32 / 32 samples
00:59.191  render           | Video append frame 233
00:59.191  render           | Time: 00:00.25 (Saving: 00:00.00)
00:59.191  render           | Rendering frame 234
00:59.191  render           | Start rendering: MORI_Assembly_Animation, 视图层
00:59.191  render           | Engine: EEVEE
00:59.229  render           | Fra: 234 | Rendering 1 / 32 samples
00:59.383  render           | Fra: 234 | Rendering 25 / 32 samples
00:59.427  render           | Fra: 234 | Rendering 32 / 32 samples
00:59.435  render           | Video append frame 234
00:59.435  render           | Time: 00:00.24 (Saving: 00:00.00)
00:59.435  render           | Rendering frame 235
00:59.435  render           | Start rendering: MORI_Assembly_Animation, 视图层
00:59.435  render           | Engine: EEVEE
00:59.476  render           | Fra: 235 | Rendering 1 / 32 samples
00:59.627  render           | Fra: 235 | Rendering 25 / 32 samples
00:59.672  render           | Fra: 235 | Rendering 32 / 32 samples
00:59.680  render           | Video append frame 235
00:59.680  render           | Time: 00:00.24 (Saving: 00:00.00)
00:59.680  render           | Rendering frame 236
00:59.680  render           | Start rendering: MORI_Assembly_Animation, 视图层
00:59.680  render           | Engine: EEVEE
00:59.721  render           | Fra: 236 | Rendering 1 / 32 samples
00:59.873  render           | Fra: 236 | Rendering 25 / 32 samples
00:59.916  render           | Fra: 236 | Rendering 32 / 32 samples
00:59.924  render           | Video append frame 236
00:59.924  render           | Time: 00:00.24 (Saving: 00:00.00)
00:59.924  render           | Rendering frame 237
00:59.924  render           | Start rendering: MORI_Assembly_Animation, 视图层
00:59.924  render           | Engine: EEVEE
00:59.963  render           | Fra: 237 | Rendering 1 / 32 samples
01:00.112  render           | Fra: 237 | Rendering 25 / 32 samples
01:00.157  render           | Fra: 237 | Rendering 32 / 32 samples
01:00.165  render           | Video append frame 237
01:00.165  render           | Time: 00:00.24 (Saving: 00:00.00)
01:00.165  render           | Rendering frame 238
01:00.165  render           | Start rendering: MORI_Assembly_Animation, 视图层
01:00.165  render           | Engine: EEVEE
01:00.204  render           | Fra: 238 | Rendering 1 / 32 samples
01:00.355  render           | Fra: 238 | Rendering 25 / 32 samples
01:00.399  render           | Fra: 238 | Rendering 32 / 32 samples
01:00.421  render           | Video append frame 238
01:00.421  render           | Time: 00:00.25 (Saving: 00:00.01)
01:00.421  render           | Rendering frame 239
01:00.421  render           | Start rendering: MORI_Assembly_Animation, 视图层
01:00.421  render           | Engine: EEVEE
01:00.458  render           | Fra: 239 | Rendering 1 / 32 samples
01:00.615  render           | Fra: 239 | Rendering 25 / 32 samples
01:00.660  render           | Fra: 239 | Rendering 32 / 32 samples
01:00.691  render           | Video append frame 239
01:00.691  render           | Time: 00:00.26 (Saving: 00:00.02)
01:00.691  render           | Rendering frame 240
01:00.691  render           | Start rendering: MORI_Assembly_Animation, 视图层
01:00.691  render           | Engine: EEVEE
01:00.730  render           | Fra: 240 | Rendering 1 / 32 samples
01:00.887  render           | Fra: 240 | Rendering 25 / 32 samples
01:00.932  render           | Fra: 240 | Rendering 32 / 32 samples
01:00.951  render           | Video append frame 240
01:00.951  render           | Time: 00:00.25 (Saving: 00:00.01)
01:00.951  render           | Rendering frame 241
01:00.951  render           | Start rendering: MORI_Assembly_Animation, 视图层
01:00.951  render           | Engine: EEVEE
01:00.989  render           | Fra: 241 | Rendering 1 / 32 samples
01:01.147  render           | Fra: 241 | Rendering 25 / 32 samples
01:01.192  render           | Fra: 241 | Rendering 32 / 32 samples
01:01.209  render           | Video append frame 241
01:01.209  render           | Time: 00:00.25 (Saving: 00:00.01)
01:01.209  render           | Rendering frame 242
01:01.209  render           | Start rendering: MORI_Assembly_Animation, 视图层
01:01.209  render           | Engine: EEVEE
01:01.254  render           | Fra: 242 | Rendering 1 / 32 samples
01:01.413  render           | Fra: 242 | Rendering 25 / 32 samples
01:01.459  render           | Fra: 242 | Rendering 32 / 32 samples
01:01.467  render           | Video append frame 242
01:01.467  render           | Time: 00:00.25 (Saving: 00:00.00)
01:01.467  render           | Rendering frame 243
01:01.467  render           | Start rendering: MORI_Assembly_Animation, 视图层
01:01.467  render           | Engine: EEVEE
01:01.509  render           | Fra: 243 | Rendering 1 / 32 samples
01:01.673  render           | Fra: 243 | Rendering 25 / 32 samples
01:01.719  render           | Fra: 243 | Rendering 32 / 32 samples
01:01.728  render           | Video append frame 243
01:01.728  render           | Time: 00:00.26 (Saving: 00:00.00)
01:01.728  render           | Rendering frame 244
01:01.728  render           | Start rendering: MORI_Assembly_Animation, 视图层
01:01.728  render           | Engine: EEVEE
01:01.771  render           | Fra: 244 | Rendering 1 / 32 samples
01:01.933  render           | Fra: 244 | Rendering 25 / 32 samples
01:01.979  render           | Fra: 244 | Rendering 32 / 32 samples
01:01.988  render           | Video append frame 244
01:01.988  render           | Time: 00:00.25 (Saving: 00:00.00)
01:01.988  render           | Rendering frame 245
01:01.988  render           | Start rendering: MORI_Assembly_Animation, 视图层
01:01.988  render           | Engine: EEVEE
01:02.026  render           | Fra: 245 | Rendering 1 / 32 samples
01:02.188  render           | Fra: 245 | Rendering 25 / 32 samples
01:02.234  render           | Fra: 245 | Rendering 32 / 32 samples
01:02.244  render           | Video append frame 245
01:02.244  render           | Time: 00:00.25 (Saving: 00:00.00)
01:02.244  render           | Rendering frame 246
01:02.244  render           | Start rendering: MORI_Assembly_Animation, 视图层
01:02.244  render           | Engine: EEVEE
01:02.285  render           | Fra: 246 | Rendering 1 / 32 samples
01:02.444  render           | Fra: 246 | Rendering 25 / 32 samples
01:02.490  render           | Fra: 246 | Rendering 32 / 32 samples
01:02.499  render           | Video append frame 246
01:02.499  render           | Time: 00:00.25 (Saving: 00:00.00)
01:02.499  render           | Rendering frame 247
01:02.499  render           | Start rendering: MORI_Assembly_Animation, 视图层
01:02.499  render           | Engine: EEVEE
01:02.540  render           | Fra: 247 | Rendering 1 / 32 samples
01:02.700  render           | Fra: 247 | Rendering 25 / 32 samples
01:02.746  render           | Fra: 247 | Rendering 32 / 32 samples
01:02.755  render           | Video append frame 247
01:02.755  render           | Time: 00:00.25 (Saving: 00:00.00)
01:02.755  render           | Rendering frame 248
01:02.755  render           | Start rendering: MORI_Assembly_Animation, 视图层
01:02.755  render           | Engine: EEVEE
01:02.797  render           | Fra: 248 | Rendering 1 / 32 samples
01:02.954  render           | Fra: 248 | Rendering 25 / 32 samples
01:02.999  render           | Fra: 248 | Rendering 32 / 32 samples
01:03.007  render           | Video append frame 248
01:03.007  render           | Time: 00:00.25 (Saving: 00:00.00)
01:03.007  render           | Rendering frame 249
01:03.007  render           | Start rendering: MORI_Assembly_Animation, 视图层
01:03.007  render           | Engine: EEVEE
01:03.045  render           | Fra: 249 | Rendering 1 / 32 samples
01:03.203  render           | Fra: 249 | Rendering 25 / 32 samples
01:03.248  render           | Fra: 249 | Rendering 32 / 32 samples
01:03.257  render           | Video append frame 249
01:03.257  render           | Time: 00:00.24 (Saving: 00:00.00)
01:03.257  render           | Rendering frame 250
01:03.257  render           | Start rendering: MORI_Assembly_Animation, 视图层
01:03.257  render           | Engine: EEVEE
01:03.297  render           | Fra: 250 | Rendering 1 / 32 samples
01:03.454  render           | Fra: 250 | Rendering 25 / 32 samples
01:03.499  render           | Fra: 250 | Rendering 32 / 32 samples
01:03.506  render           | Video append frame 250
01:03.506  render           | Time: 00:00.24 (Saving: 00:00.00)
01:03.506  render           | Rendering frame 251
01:03.506  render           | Start rendering: MORI_Assembly_Animation, 视图层
01:03.506  render           | Engine: EEVEE
01:03.547  render           | Fra: 251 | Rendering 1 / 32 samples
01:03.702  render           | Fra: 251 | Rendering 25 / 32 samples
01:03.747  render           | Fra: 251 | Rendering 32 / 32 samples
01:03.756  render           | Video append frame 251
01:03.756  render           | Time: 00:00.24 (Saving: 00:00.00)
01:03.756  render           | Rendering frame 252
01:03.756  render           | Start rendering: MORI_Assembly_Animation, 视图层
01:03.756  render           | Engine: EEVEE
01:03.796  render           | Fra: 252 | Rendering 1 / 32 samples
01:03.952  render           | Fra: 252 | Rendering 25 / 32 samples
01:03.997  render           | Fra: 252 | Rendering 32 / 32 samples
01:04.006  render           | Video append frame 252
01:04.006  render           | Time: 00:00.24 (Saving: 00:00.00)
01:04.006  render           | Rendering frame 253
01:04.006  render           | Start rendering: MORI_Assembly_Animation, 视图层
01:04.006  render           | Engine: EEVEE
01:04.045  render           | Fra: 253 | Rendering 1 / 32 samples
01:04.201  render           | Fra: 253 | Rendering 25 / 32 samples
01:04.246  render           | Fra: 253 | Rendering 32 / 32 samples
01:04.255  render           | Video append frame 253
01:04.256  render           | Time: 00:00.24 (Saving: 00:00.00)
01:04.256  render           | Rendering frame 254
01:04.256  render           | Start rendering: MORI_Assembly_Animation, 视图层
01:04.256  render           | Engine: EEVEE
01:04.291  render           | Fra: 254 | Rendering 1 / 32 samples
01:04.447  render           | Fra: 254 | Rendering 25 / 32 samples
01:04.493  render           | Fra: 254 | Rendering 32 / 32 samples
01:04.524  render           | Video append frame 254
01:04.524  render           | Time: 00:00.26 (Saving: 00:00.02)
01:04.524  render           | Rendering frame 255
01:04.524  render           | Start rendering: MORI_Assembly_Animation, 视图层
01:04.524  render           | Engine: EEVEE
01:04.562  render           | Fra: 255 | Rendering 1 / 32 samples
01:04.739  render           | Fra: 255 | Rendering 25 / 32 samples
01:04.789  render           | Fra: 255 | Rendering 32 / 32 samples
01:04.822  render           | Video append frame 255
01:04.822  render           | Time: 00:00.29 (Saving: 00:00.02)
01:04.822  render           | Rendering frame 256
01:04.822  render           | Start rendering: MORI_Assembly_Animation, 视图层
01:04.822  render           | Engine: EEVEE
01:04.860  render           | Fra: 256 | Rendering 1 / 32 samples
01:05.031  render           | Fra: 256 | Rendering 25 / 32 samples
01:05.081  render           | Fra: 256 | Rendering 32 / 32 samples
01:05.118  render           | Video append frame 256
01:05.118  render           | Time: 00:00.29 (Saving: 00:00.02)
01:05.118  render           | Rendering frame 257
01:05.118  render           | Start rendering: MORI_Assembly_Animation, 视图层
01:05.118  render           | Engine: EEVEE
01:05.150  render           | Fra: 257 | Rendering 1 / 32 samples
01:05.320  render           | Fra: 257 | Rendering 25 / 32 samples
01:05.369  render           | Fra: 257 | Rendering 32 / 32 samples
01:05.388  render           | Video append frame 257
01:05.388  render           | Time: 00:00.27 (Saving: 00:00.01)
01:05.388  render           | Rendering frame 258
01:05.389  render           | Start rendering: MORI_Assembly_Animation, 视图层
01:05.389  render           | Engine: EEVEE
01:05.426  render           | Fra: 258 | Rendering 1 / 32 samples
01:05.592  render           | Fra: 258 | Rendering 25 / 32 samples
01:05.641  render           | Fra: 258 | Rendering 32 / 32 samples
01:05.670  render           | Video append frame 258
01:05.670  render           | Time: 00:00.28 (Saving: 00:00.01)
01:05.670  render           | Rendering frame 259
01:05.670  render           | Start rendering: MORI_Assembly_Animation, 视图层
01:05.670  render           | Engine: EEVEE
01:05.710  render           | Fra: 259 | Rendering 1 / 32 samples
01:05.875  render           | Fra: 259 | Rendering 25 / 32 samples
01:05.924  render           | Fra: 259 | Rendering 32 / 32 samples
01:05.937  render           | Video append frame 259
01:05.937  render           | Time: 00:00.26 (Saving: 00:00.01)
01:05.937  render           | Rendering frame 260
01:05.937  render           | Start rendering: MORI_Assembly_Animation, 视图层
01:05.937  render           | Engine: EEVEE
01:05.976  render           | Fra: 260 | Rendering 1 / 32 samples
01:06.141  render           | Fra: 260 | Rendering 25 / 32 samples
01:06.189  render           | Fra: 260 | Rendering 32 / 32 samples
01:06.206  render           | Video append frame 260
01:06.206  render           | Time: 00:00.26 (Saving: 00:00.01)
01:06.207  render           | Rendering frame 261
01:06.207  render           | Start rendering: MORI_Assembly_Animation, 视图层
01:06.207  render           | Engine: EEVEE
01:06.245  render           | Fra: 261 | Rendering 1 / 32 samples
01:06.409  render           | Fra: 261 | Rendering 25 / 32 samples
01:06.458  render           | Fra: 261 | Rendering 32 / 32 samples
01:06.480  render           | Video append frame 261
01:06.480  render           | Time: 00:00.27 (Saving: 00:00.01)
01:06.480  render           | Rendering frame 262
01:06.480  render           | Start rendering: MORI_Assembly_Animation, 视图层
01:06.480  render           | Engine: EEVEE
01:06.518  render           | Fra: 262 | Rendering 1 / 32 samples
01:06.685  render           | Fra: 262 | Rendering 25 / 32 samples
01:06.733  render           | Fra: 262 | Rendering 32 / 32 samples
01:06.749  render           | Video append frame 262
01:06.749  render           | Time: 00:00.26 (Saving: 00:00.01)
01:06.749  render           | Rendering frame 263
01:06.749  render           | Start rendering: MORI_Assembly_Animation, 视图层
01:06.749  render           | Engine: EEVEE
01:06.788  render           | Fra: 263 | Rendering 1 / 32 samples
01:06.959  render           | Fra: 263 | Rendering 25 / 32 samples
01:07.009  render           | Fra: 263 | Rendering 32 / 32 samples
01:07.017  render           | Video append frame 263
01:07.017  render           | Time: 00:00.26 (Saving: 00:00.00)
01:07.017  render           | Rendering frame 264
01:07.017  render           | Start rendering: MORI_Assembly_Animation, 视图层
01:07.017  render           | Engine: EEVEE
01:07.061  render           | Fra: 264 | Rendering 1 / 32 samples
01:07.233  render           | Fra: 264 | Rendering 25 / 32 samples
01:07.283  render           | Fra: 264 | Rendering 32 / 32 samples
01:07.291  render           | Video append frame 264
01:07.291  render           | Time: 00:00.27 (Saving: 00:00.00)
01:07.291  render           | Rendering frame 265
01:07.291  render           | Start rendering: MORI_Assembly_Animation, 视图层
01:07.291  render           | Engine: EEVEE
01:07.336  render           | Fra: 265 | Rendering 1 / 32 samples
01:07.507  render           | Fra: 265 | Rendering 25 / 32 samples
01:07.554  render           | Fra: 265 | Rendering 32 / 32 samples
01:07.566  render           | Video append frame 265
01:07.566  render           | Time: 00:00.27 (Saving: 00:00.00)
01:07.566  render           | Rendering frame 266
01:07.567  render           | Start rendering: MORI_Assembly_Animation, 视图层
01:07.567  render           | Engine: EEVEE
01:07.614  render           | Fra: 266 | Rendering 1 / 32 samples
01:07.784  render           | Fra: 266 | Rendering 25 / 32 samples
01:07.833  render           | Fra: 266 | Rendering 32 / 32 samples
01:07.842  render           | Video append frame 266
01:07.842  render           | Time: 00:00.27 (Saving: 00:00.00)
01:07.842  render           | Rendering frame 267
01:07.842  render           | Start rendering: MORI_Assembly_Animation, 视图层
01:07.842  render           | Engine: EEVEE
01:07.888  render           | Fra: 267 | Rendering 1 / 32 samples
01:08.058  render           | Fra: 267 | Rendering 25 / 32 samples
01:08.106  render           | Fra: 267 | Rendering 32 / 32 samples
01:08.115  render           | Video append frame 267
01:08.115  render           | Time: 00:00.27 (Saving: 00:00.00)
01:08.115  render           | Rendering frame 268
01:08.115  render           | Start rendering: MORI_Assembly_Animation, 视图层
01:08.115  render           | Engine: EEVEE
01:08.159  render           | Fra: 268 | Rendering 1 / 32 samples
01:08.325  render           | Fra: 268 | Rendering 25 / 32 samples
01:08.372  render           | Fra: 268 | Rendering 32 / 32 samples
01:08.380  render           | Video append frame 268
01:08.380  render           | Time: 00:00.26 (Saving: 00:00.00)
01:08.380  render           | Rendering frame 269
01:08.380  render           | Start rendering: MORI_Assembly_Animation, 视图层
01:08.380  render           | Engine: EEVEE
01:08.425  render           | Fra: 269 | Rendering 1 / 32 samples
01:08.588  render           | Fra: 269 | Rendering 25 / 32 samples
01:08.634  render           | Fra: 269 | Rendering 32 / 32 samples
01:08.642  render           | Video append frame 269
01:08.642  render           | Time: 00:00.26 (Saving: 00:00.00)
01:08.642  render           | Rendering frame 270
01:08.642  render           | Start rendering: MORI_Assembly_Animation, 视图层
01:08.642  render           | Engine: EEVEE
01:08.679  render           | Fra: 270 | Rendering 1 / 32 samples
01:08.841  render           | Fra: 270 | Rendering 25 / 32 samples
01:08.888  render           | Fra: 270 | Rendering 32 / 32 samples
01:08.896  render           | Video append frame 270
01:08.896  render           | Time: 00:00.25 (Saving: 00:00.00)
01:08.896  render           | Rendering frame 271
01:08.896  render           | Start rendering: MORI_Assembly_Animation, 视图层
01:08.896  render           | Engine: EEVEE
01:08.939  render           | Fra: 271 | Rendering 1 / 32 samples
01:09.107  render           | Fra: 271 | Rendering 25 / 32 samples
01:09.152  render           | Fra: 271 | Rendering 32 / 32 samples
01:09.160  render           | Video append frame 271
01:09.160  render           | Time: 00:00.26 (Saving: 00:00.00)
01:09.160  render           | Rendering frame 272
01:09.160  render           | Start rendering: MORI_Assembly_Animation, 视图层
01:09.160  render           | Engine: EEVEE
01:09.198  render           | Fra: 272 | Rendering 1 / 32 samples
01:09.354  render           | Fra: 272 | Rendering 25 / 32 samples
01:09.397  render           | Fra: 272 | Rendering 32 / 32 samples
01:09.406  render           | Video append frame 272
01:09.406  render           | Time: 00:00.24 (Saving: 00:00.00)
01:09.406  render           | Rendering frame 273
01:09.406  render           | Start rendering: MORI_Assembly_Animation, 视图层
01:09.406  render           | Engine: EEVEE
01:09.444  render           | Fra: 273 | Rendering 1 / 32 samples
01:09.594  render           | Fra: 273 | Rendering 25 / 32 samples
01:09.634  render           | Fra: 273 | Rendering 32 / 32 samples
01:09.643  render           | Video append frame 273
01:09.643  render           | Time: 00:00.23 (Saving: 00:00.00)
01:09.643  render           | Rendering frame 274
01:09.643  render           | Start rendering: MORI_Assembly_Animation, 视图层
01:09.643  render           | Engine: EEVEE
01:09.681  render           | Fra: 274 | Rendering 1 / 32 samples
01:09.817  render           | Fra: 274 | Rendering 25 / 32 samples
01:09.854  render           | Fra: 274 | Rendering 32 / 32 samples
01:09.862  render           | Video append frame 274
01:09.862  render           | Time: 00:00.21 (Saving: 00:00.00)
01:09.862  render           | Rendering frame 275
01:09.863  render           | Start rendering: MORI_Assembly_Animation, 视图层
01:09.863  render           | Engine: EEVEE
01:09.899  render           | Fra: 275 | Rendering 1 / 32 samples
01:10.026  render           | Fra: 275 | Rendering 25 / 32 samples
01:10.062  render           | Fra: 275 | Rendering 32 / 32 samples
01:10.074  render           | Video append frame 275
01:10.074  render           | Time: 00:00.21 (Saving: 00:00.00)
01:10.074  render           | Rendering frame 276
01:10.074  render           | Start rendering: MORI_Assembly_Animation, 视图层
01:10.074  render           | Engine: EEVEE
01:10.113  render           | Fra: 276 | Rendering 1 / 32 samples
01:10.242  render           | Fra: 276 | Rendering 25 / 32 samples
01:10.279  render           | Fra: 276 | Rendering 32 / 32 samples
01:10.301  render           | Video append frame 276
01:10.301  render           | Time: 00:00.22 (Saving: 00:00.01)
01:10.301  render           | Rendering frame 277
01:10.301  render           | Start rendering: MORI_Assembly_Animation, 视图层
01:10.301  render           | Engine: EEVEE
01:10.338  render           | Fra: 277 | Rendering 1 / 32 samples
01:10.467  render           | Fra: 277 | Rendering 25 / 32 samples
01:10.503  render           | Fra: 277 | Rendering 32 / 32 samples
01:10.514  render           | Video append frame 277
01:10.514  render           | Time: 00:00.21 (Saving: 00:00.00)
01:10.514  render           | Rendering frame 278
01:10.514  render           | Start rendering: MORI_Assembly_Animation, 视图层
01:10.514  render           | Engine: EEVEE
01:10.550  render           | Fra: 278 | Rendering 1 / 32 samples
01:10.677  render           | Fra: 278 | Rendering 25 / 32 samples
01:10.714  render           | Fra: 278 | Rendering 32 / 32 samples
01:10.726  render           | Video append frame 278
01:10.726  render           | Time: 00:00.21 (Saving: 00:00.00)
01:10.726  render           | Rendering frame 279
01:10.726  render           | Start rendering: MORI_Assembly_Animation, 视图层
01:10.726  render           | Engine: EEVEE
01:10.763  render           | Fra: 279 | Rendering 1 / 32 samples
01:10.891  render           | Fra: 279 | Rendering 25 / 32 samples
01:10.928  render           | Fra: 279 | Rendering 32 / 32 samples
01:10.950  render           | Video append frame 279
01:10.950  render           | Time: 00:00.22 (Saving: 00:00.01)
01:10.950  render           | Rendering frame 280
01:10.950  render           | Start rendering: MORI_Assembly_Animation, 视图层
01:10.950  render           | Engine: EEVEE
01:10.990  render           | Fra: 280 | Rendering 1 / 32 samples
01:11.128  render           | Fra: 280 | Rendering 25 / 32 samples
01:11.169  render           | Fra: 280 | Rendering 32 / 32 samples
01:11.188  render           | Video append frame 280
01:11.188  render           | Time: 00:00.23 (Saving: 00:00.01)
01:11.188  render           | Rendering frame 281
01:11.188  render           | Start rendering: MORI_Assembly_Animation, 视图层
01:11.188  render           | Engine: EEVEE
01:11.227  render           | Fra: 281 | Rendering 1 / 32 samples
01:11.361  render           | Fra: 281 | Rendering 25 / 32 samples
01:11.398  render           | Fra: 281 | Rendering 32 / 32 samples
01:11.425  render           | Video append frame 281
01:11.425  render           | Time: 00:00.23 (Saving: 00:00.01)
01:11.425  render           | Rendering frame 282
01:11.425  render           | Start rendering: MORI_Assembly_Animation, 视图层
01:11.425  render           | Engine: EEVEE
01:11.464  render           | Fra: 282 | Rendering 1 / 32 samples
01:11.592  render           | Fra: 282 | Rendering 25 / 32 samples
01:11.629  render           | Fra: 282 | Rendering 32 / 32 samples
01:11.662  render           | Video append frame 282
01:11.662  render           | Time: 00:00.23 (Saving: 00:00.02)
01:11.662  render           | Rendering frame 283
01:11.663  render           | Start rendering: MORI_Assembly_Animation, 视图层
01:11.663  render           | Engine: EEVEE
01:11.700  render           | Fra: 283 | Rendering 1 / 32 samples
01:11.828  render           | Fra: 283 | Rendering 25 / 32 samples
01:11.866  render           | Fra: 283 | Rendering 32 / 32 samples
01:11.883  render           | Video append frame 283
01:11.883  render           | Time: 00:00.22 (Saving: 00:00.01)
01:11.883  render           | Rendering frame 284
01:11.883  render           | Start rendering: MORI_Assembly_Animation, 视图层
01:11.883  render           | Engine: EEVEE
01:11.923  render           | Fra: 284 | Rendering 1 / 32 samples
01:12.053  render           | Fra: 284 | Rendering 25 / 32 samples
01:12.091  render           | Fra: 284 | Rendering 32 / 32 samples
01:12.110  render           | Video append frame 284
01:12.110  render           | Time: 00:00.22 (Saving: 00:00.01)
01:12.110  render           | Rendering frame 285
01:12.110  render           | Start rendering: MORI_Assembly_Animation, 视图层
01:12.110  render           | Engine: EEVEE
01:12.149  render           | Fra: 285 | Rendering 1 / 32 samples
01:12.278  render           | Fra: 285 | Rendering 25 / 32 samples
01:12.315  render           | Fra: 285 | Rendering 32 / 32 samples
01:12.332  render           | Video append frame 285
01:12.332  render           | Time: 00:00.22 (Saving: 00:00.01)
01:12.332  render           | Rendering frame 286
01:12.332  render           | Start rendering: MORI_Assembly_Animation, 视图层
01:12.332  render           | Engine: EEVEE
01:12.370  render           | Fra: 286 | Rendering 1 / 32 samples
01:12.498  render           | Fra: 286 | Rendering 25 / 32 samples
01:12.536  render           | Fra: 286 | Rendering 32 / 32 samples
01:12.556  render           | Video append frame 286
01:12.556  render           | Time: 00:00.22 (Saving: 00:00.01)
01:12.556  render           | Rendering frame 287
01:12.556  render           | Start rendering: MORI_Assembly_Animation, 视图层
01:12.556  render           | Engine: EEVEE
01:12.596  render           | Fra: 287 | Rendering 1 / 32 samples
01:12.724  render           | Fra: 287 | Rendering 25 / 32 samples
01:12.761  render           | Fra: 287 | Rendering 32 / 32 samples
01:12.774  render           | Video append frame 287
01:12.774  render           | Time: 00:00.21 (Saving: 00:00.00)
01:12.774  render           | Rendering frame 288
01:12.774  render           | Start rendering: MORI_Assembly_Animation, 视图层
01:12.774  render           | Engine: EEVEE
01:12.814  render           | Fra: 288 | Rendering 1 / 32 samples
01:12.943  render           | Fra: 288 | Rendering 25 / 32 samples
01:12.980  render           | Fra: 288 | Rendering 32 / 32 samples
01:12.997  render           | Video append frame 288
01:12.997  render           | Time: 00:00.22 (Saving: 00:00.01)
01:12.997  render           | Rendering frame 289
01:12.997  render           | Start rendering: MORI_Assembly_Animation, 视图层
01:12.997  render           | Engine: EEVEE
01:13.037  render           | Fra: 289 | Rendering 1 / 32 samples
01:13.166  render           | Fra: 289 | Rendering 25 / 32 samples
01:13.204  render           | Fra: 289 | Rendering 32 / 32 samples
01:13.213  render           | Video append frame 289
01:13.213  render           | Time: 00:00.21 (Saving: 00:00.00)
01:13.213  render           | Rendering frame 290
01:13.213  render           | Start rendering: MORI_Assembly_Animation, 视图层
01:13.213  render           | Engine: EEVEE
01:13.254  render           | Fra: 290 | Rendering 1 / 32 samples
01:13.382  render           | Fra: 290 | Rendering 25 / 32 samples
01:13.419  render           | Fra: 290 | Rendering 32 / 32 samples
01:13.435  render           | Video append frame 290
01:13.435  render           | Time: 00:00.22 (Saving: 00:00.01)
01:13.435  render           | Rendering frame 291
01:13.435  render           | Start rendering: MORI_Assembly_Animation, 视图层
01:13.435  render           | Engine: EEVEE
01:13.474  render           | Fra: 291 | Rendering 1 / 32 samples
01:13.603  render           | Fra: 291 | Rendering 25 / 32 samples
01:13.640  render           | Fra: 291 | Rendering 32 / 32 samples
01:13.673  render           | Video append frame 291
01:13.673  render           | Time: 00:00.23 (Saving: 00:00.02)
01:13.673  render           | Rendering frame 292
01:13.673  render           | Start rendering: MORI_Assembly_Animation, 视图层
01:13.673  render           | Engine: EEVEE
01:13.710  render           | Fra: 292 | Rendering 1 / 32 samples
01:13.839  render           | Fra: 292 | Rendering 25 / 32 samples
01:13.876  render           | Fra: 292 | Rendering 32 / 32 samples
01:13.886  render           | Video append frame 292
01:13.886  render           | Time: 00:00.21 (Saving: 00:00.00)
01:13.886  render           | Rendering frame 293
01:13.886  render           | Start rendering: MORI_Assembly_Animation, 视图层
01:13.886  render           | Engine: EEVEE
01:13.926  render           | Fra: 293 | Rendering 1 / 32 samples
01:14.055  render           | Fra: 293 | Rendering 25 / 32 samples
01:14.093  render           | Fra: 293 | Rendering 32 / 32 samples
01:14.115  render           | Video append frame 293
01:14.115  render           | Time: 00:00.22 (Saving: 00:00.01)
01:14.115  render           | Rendering frame 294
01:14.116  render           | Start rendering: MORI_Assembly_Animation, 视图层
01:14.116  render           | Engine: EEVEE
01:14.156  render           | Fra: 294 | Rendering 1 / 32 samples
01:14.287  render           | Fra: 294 | Rendering 25 / 32 samples
01:14.325  render           | Fra: 294 | Rendering 32 / 32 samples
01:14.336  render           | Video append frame 294
01:14.336  render           | Time: 00:00.22 (Saving: 00:00.00)
01:14.336  render           | Rendering frame 295
01:14.336  render           | Start rendering: MORI_Assembly_Animation, 视图层
01:14.336  render           | Engine: EEVEE
01:14.380  render           | Fra: 295 | Rendering 1 / 32 samples
01:14.510  render           | Fra: 295 | Rendering 25 / 32 samples
01:14.548  render           | Fra: 295 | Rendering 32 / 32 samples
01:14.557  render           | Video append frame 295
01:14.557  render           | Time: 00:00.22 (Saving: 00:00.00)
01:14.557  render           | Rendering frame 296
01:14.557  render           | Start rendering: MORI_Assembly_Animation, 视图层
01:14.557  render           | Engine: EEVEE
01:14.598  render           | Fra: 296 | Rendering 1 / 32 samples
01:14.730  render           | Fra: 296 | Rendering 25 / 32 samples
01:14.767  render           | Fra: 296 | Rendering 32 / 32 samples
01:14.776  render           | Video append frame 296
01:14.776  render           | Time: 00:00.21 (Saving: 00:00.00)
01:14.776  render           | Rendering frame 297
01:14.776  render           | Start rendering: MORI_Assembly_Animation, 视图层
01:14.776  render           | Engine: EEVEE
01:14.817  render           | Fra: 297 | Rendering 1 / 32 samples
01:14.947  render           | Fra: 297 | Rendering 25 / 32 samples
01:14.984  render           | Fra: 297 | Rendering 32 / 32 samples
01:14.993  render           | Video append frame 297
01:14.993  render           | Time: 00:00.21 (Saving: 00:00.00)
01:14.993  render           | Rendering frame 298
01:14.994  render           | Start rendering: MORI_Assembly_Animation, 视图层
01:14.994  render           | Engine: EEVEE
01:15.032  render           | Fra: 298 | Rendering 1 / 32 samples
01:15.165  render           | Fra: 298 | Rendering 25 / 32 samples
01:15.206  render           | Fra: 298 | Rendering 32 / 32 samples
01:15.214  render           | Video append frame 298
01:15.214  render           | Time: 00:00.22 (Saving: 00:00.00)
01:15.214  render           | Rendering frame 299
01:15.214  render           | Start rendering: MORI_Assembly_Animation, 视图层
01:15.214  render           | Engine: EEVEE
01:15.258  render           | Fra: 299 | Rendering 1 / 32 samples
01:15.390  render           | Fra: 299 | Rendering 25 / 32 samples
01:15.428  render           | Fra: 299 | Rendering 32 / 32 samples
01:15.439  render           | Video append frame 299
01:15.439  render           | Time: 00:00.22 (Saving: 00:00.00)
01:15.439  render           | Rendering frame 300
01:15.439  render           | Start rendering: MORI_Assembly_Animation, 视图层
01:15.439  render           | Engine: EEVEE
01:15.480  render           | Fra: 300 | Rendering 1 / 32 samples
01:15.610  render           | Fra: 300 | Rendering 25 / 32 samples
01:15.647  render           | Fra: 300 | Rendering 32 / 32 samples
01:15.656  render           | Video append frame 300
01:15.656  render           | Time: 00:00.21 (Saving: 00:00.00)
01:15.656  render           | Rendering frame 301
01:15.656  render           | Start rendering: MORI_Assembly_Animation, 视图层
01:15.656  render           | Engine: EEVEE
01:15.697  render           | Fra: 301 | Rendering 1 / 32 samples
01:15.829  render           | Fra: 301 | Rendering 25 / 32 samples
01:15.867  render           | Fra: 301 | Rendering 32 / 32 samples
01:15.877  render           | Video append frame 301
01:15.877  render           | Time: 00:00.22 (Saving: 00:00.00)
01:15.877  render           | Rendering frame 302
01:15.877  render           | Start rendering: MORI_Assembly_Animation, 视图层
01:15.877  render           | Engine: EEVEE
01:15.921  render           | Fra: 302 | Rendering 1 / 32 samples
01:16.048  render           | Fra: 302 | Rendering 25 / 32 samples
01:16.085  render           | Fra: 302 | Rendering 32 / 32 samples
01:16.093  render           | Video append frame 302
01:16.093  render           | Time: 00:00.21 (Saving: 00:00.00)
01:16.093  render           | Rendering frame 303
01:16.094  render           | Start rendering: MORI_Assembly_Animation, 视图层
01:16.094  render           | Engine: EEVEE
01:16.130  render           | Fra: 303 | Rendering 1 / 32 samples
01:16.257  render           | Fra: 303 | Rendering 25 / 32 samples
01:16.293  render           | Fra: 303 | Rendering 32 / 32 samples
01:16.301  render           | Video append frame 303
01:16.301  render           | Time: 00:00.20 (Saving: 00:00.00)
01:16.301  render           | Rendering frame 304
01:16.301  render           | Start rendering: MORI_Assembly_Animation, 视图层
01:16.301  render           | Engine: EEVEE
01:16.338  render           | Fra: 304 | Rendering 1 / 32 samples
01:16.464  render           | Fra: 304 | Rendering 25 / 32 samples
01:16.500  render           | Fra: 304 | Rendering 32 / 32 samples
01:16.508  render           | Video append frame 304
01:16.508  render           | Time: 00:00.20 (Saving: 00:00.00)
01:16.508  render           | Rendering frame 305
01:16.508  render           | Start rendering: MORI_Assembly_Animation, 视图层
01:16.508  render           | Engine: EEVEE
01:16.543  render           | Fra: 305 | Rendering 1 / 32 samples
01:16.669  render           | Fra: 305 | Rendering 25 / 32 samples
01:16.706  render           | Fra: 305 | Rendering 32 / 32 samples
01:16.714  render           | Video append frame 305
01:16.714  render           | Time: 00:00.20 (Saving: 00:00.00)
01:16.714  render           | Rendering frame 306
01:16.714  render           | Start rendering: MORI_Assembly_Animation, 视图层
01:16.714  render           | Engine: EEVEE
01:16.753  render           | Fra: 306 | Rendering 1 / 32 samples
01:16.879  render           | Fra: 306 | Rendering 25 / 32 samples
01:16.915  render           | Fra: 306 | Rendering 32 / 32 samples
01:16.923  render           | Video append frame 306
01:16.923  render           | Time: 00:00.20 (Saving: 00:00.00)
01:16.923  render           | Rendering frame 307
01:16.923  render           | Start rendering: MORI_Assembly_Animation, 视图层
01:16.923  render           | Engine: EEVEE
01:16.959  render           | Fra: 307 | Rendering 1 / 32 samples
01:17.085  render           | Fra: 307 | Rendering 25 / 32 samples
01:17.122  render           | Fra: 307 | Rendering 32 / 32 samples
01:17.129  render           | Video append frame 307
01:17.129  render           | Time: 00:00.20 (Saving: 00:00.00)
01:17.129  render           | Rendering frame 308
01:17.130  render           | Start rendering: MORI_Assembly_Animation, 视图层
01:17.130  render           | Engine: EEVEE
01:17.165  render           | Fra: 308 | Rendering 1 / 32 samples
01:17.292  render           | Fra: 308 | Rendering 25 / 32 samples
01:17.329  render           | Fra: 308 | Rendering 32 / 32 samples
01:17.337  render           | Video append frame 308
01:17.337  render           | Time: 00:00.20 (Saving: 00:00.00)
01:17.337  render           | Rendering frame 309
01:17.337  render           | Start rendering: MORI_Assembly_Animation, 视图层
01:17.337  render           | Engine: EEVEE
01:17.374  render           | Fra: 309 | Rendering 1 / 32 samples
01:17.500  render           | Fra: 309 | Rendering 25 / 32 samples
01:17.537  render           | Fra: 309 | Rendering 32 / 32 samples
01:17.559  render           | Video append frame 309
01:17.559  render           | Time: 00:00.22 (Saving: 00:00.01)
01:17.559  render           | Rendering frame 310
01:17.559  render           | Start rendering: MORI_Assembly_Animation, 视图层
01:17.559  render           | Engine: EEVEE
01:17.594  render           | Fra: 310 | Rendering 1 / 32 samples
01:17.721  render           | Fra: 310 | Rendering 25 / 32 samples
01:17.758  render           | Fra: 310 | Rendering 32 / 32 samples
01:17.774  render           | Video append frame 310
01:17.774  render           | Time: 00:00.21 (Saving: 00:00.01)
01:17.774  render           | Rendering frame 311
01:17.774  render           | Start rendering: MORI_Assembly_Animation, 视图层
01:17.774  render           | Engine: EEVEE
01:17.810  render           | Fra: 311 | Rendering 1 / 32 samples
01:17.937  render           | Fra: 311 | Rendering 25 / 32 samples
01:17.974  render           | Fra: 311 | Rendering 32 / 32 samples
01:17.993  render           | Video append frame 311
01:17.993  render           | Time: 00:00.21 (Saving: 00:00.01)
01:17.993  render           | Rendering frame 312
01:17.993  render           | Start rendering: MORI_Assembly_Animation, 视图层
01:17.994  render           | Engine: EEVEE
01:18.033  render           | Fra: 312 | Rendering 1 / 32 samples
01:18.161  render           | Fra: 312 | Rendering 25 / 32 samples
01:18.198  render           | Fra: 312 | Rendering 32 / 32 samples
01:18.229  render           | Video append frame 312
01:18.229  render           | Time: 00:00.23 (Saving: 00:00.02)
01:18.229  render           | Rendering frame 313
01:18.229  render           | Start rendering: MORI_Assembly_Animation, 视图层
01:18.229  render           | Engine: EEVEE
01:18.261  render           | Fra: 313 | Rendering 1 / 32 samples
01:18.390  render           | Fra: 313 | Rendering 25 / 32 samples
01:18.427  render           | Fra: 313 | Rendering 32 / 32 samples
01:18.444  render           | Video append frame 313
01:18.444  render           | Time: 00:00.21 (Saving: 00:00.01)
01:18.444  render           | Rendering frame 314
01:18.444  render           | Start rendering: MORI_Assembly_Animation, 视图层
01:18.444  render           | Engine: EEVEE
01:18.483  render           | Fra: 314 | Rendering 1 / 32 samples
01:18.611  render           | Fra: 314 | Rendering 25 / 32 samples
01:18.648  render           | Fra: 314 | Rendering 32 / 32 samples
01:18.671  render           | Video append frame 314
01:18.671  render           | Time: 00:00.22 (Saving: 00:00.01)
01:18.671  render           | Rendering frame 315
01:18.671  render           | Start rendering: MORI_Assembly_Animation, 视图层
01:18.671  render           | Engine: EEVEE
01:18.710  render           | Fra: 315 | Rendering 1 / 32 samples
01:18.838  render           | Fra: 315 | Rendering 25 / 32 samples
01:18.875  render           | Fra: 315 | Rendering 32 / 32 samples
01:18.904  render           | Video append frame 315
01:18.904  render           | Time: 00:00.23 (Saving: 00:00.02)
01:18.904  render           | Rendering frame 316
01:18.904  render           | Start rendering: MORI_Assembly_Animation, 视图层
01:18.904  render           | Engine: EEVEE
01:18.942  render           | Fra: 316 | Rendering 1 / 32 samples
01:19.070  render           | Fra: 316 | Rendering 25 / 32 samples
01:19.107  render           | Fra: 316 | Rendering 32 / 32 samples
01:19.130  render           | Video append frame 316
01:19.130  render           | Time: 00:00.22 (Saving: 00:00.01)
01:19.130  render           | Rendering frame 317
01:19.130  render           | Start rendering: MORI_Assembly_Animation, 视图层
01:19.130  render           | Engine: EEVEE
01:19.170  render           | Fra: 317 | Rendering 1 / 32 samples
01:19.299  render           | Fra: 317 | Rendering 25 / 32 samples
01:19.337  render           | Fra: 317 | Rendering 32 / 32 samples
01:19.359  render           | Video append frame 317
01:19.359  render           | Time: 00:00.22 (Saving: 00:00.01)
01:19.359  render           | Rendering frame 318
01:19.359  render           | Start rendering: MORI_Assembly_Animation, 视图层
01:19.359  render           | Engine: EEVEE
01:19.398  render           | Fra: 318 | Rendering 1 / 32 samples
01:19.527  render           | Fra: 318 | Rendering 25 / 32 samples
01:19.564  render           | Fra: 318 | Rendering 32 / 32 samples
01:19.585  render           | Video append frame 318
01:19.585  render           | Time: 00:00.22 (Saving: 00:00.01)
01:19.585  render           | Rendering frame 319
01:19.585  render           | Start rendering: MORI_Assembly_Animation, 视图层
01:19.585  render           | Engine: EEVEE
01:19.625  render           | Fra: 319 | Rendering 1 / 32 samples
01:19.754  render           | Fra: 319 | Rendering 25 / 32 samples
01:19.790  render           | Fra: 319 | Rendering 32 / 32 samples
01:19.816  render           | Video append frame 319
01:19.816  render           | Time: 00:00.23 (Saving: 00:00.02)
01:19.816  render           | Rendering frame 320
01:19.816  render           | Start rendering: MORI_Assembly_Animation, 视图层
01:19.816  render           | Engine: EEVEE
01:19.857  render           | Fra: 320 | Rendering 1 / 32 samples
01:20.007  render           | Fra: 320 | Rendering 25 / 32 samples
01:20.052  render           | Fra: 320 | Rendering 32 / 32 samples
01:20.073  render           | Video append frame 320
01:20.073  render           | Time: 00:00.25 (Saving: 00:00.01)
01:20.073  render           | Rendering frame 321
01:20.073  render           | Start rendering: MORI_Assembly_Animation, 视图层
01:20.073  render           | Engine: EEVEE
01:20.115  render           | Fra: 321 | Rendering 1 / 32 samples
01:20.273  render           | Fra: 321 | Rendering 25 / 32 samples
01:20.317  render           | Fra: 321 | Rendering 32 / 32 samples
01:20.346  render           | Video append frame 321
01:20.346  render           | Time: 00:00.27 (Saving: 00:00.02)
01:20.346  render           | Rendering frame 322
01:20.346  render           | Start rendering: MORI_Assembly_Animation, 视图层
01:20.347  render           | Engine: EEVEE
01:20.387  render           | Fra: 322 | Rendering 1 / 32 samples
01:20.547  render           | Fra: 322 | Rendering 25 / 32 samples
01:20.593  render           | Fra: 322 | Rendering 32 / 32 samples
01:20.606  render           | Video append frame 322
01:20.606  render           | Time: 00:00.25 (Saving: 00:00.01)
01:20.606  render           | Rendering frame 323
01:20.606  render           | Start rendering: MORI_Assembly_Animation, 视图层
01:20.606  render           | Engine: EEVEE
01:20.647  render           | Fra: 323 | Rendering 1 / 32 samples
01:20.805  render           | Fra: 323 | Rendering 25 / 32 samples
01:20.851  render           | Fra: 323 | Rendering 32 / 32 samples
01:20.865  render           | Video append frame 323
01:20.865  render           | Time: 00:00.25 (Saving: 00:00.01)
01:20.865  render           | Rendering frame 324
01:20.866  render           | Start rendering: MORI_Assembly_Animation, 视图层
01:20.866  render           | Engine: EEVEE
01:20.906  render           | Fra: 324 | Rendering 1 / 32 samples
01:21.066  render           | Fra: 324 | Rendering 25 / 32 samples
01:21.112  render           | Fra: 324 | Rendering 32 / 32 samples
01:21.136  render           | Video append frame 324
01:21.136  render           | Time: 00:00.27 (Saving: 00:00.02)
01:21.136  render           | Rendering frame 325
01:21.136  render           | Start rendering: MORI_Assembly_Animation, 视图层
01:21.136  render           | Engine: EEVEE
01:21.177  render           | Fra: 325 | Rendering 1 / 32 samples
01:21.334  render           | Fra: 325 | Rendering 25 / 32 samples
01:21.379  render           | Fra: 325 | Rendering 32 / 32 samples
01:21.408  render           | Video append frame 325
01:21.408  render           | Time: 00:00.27 (Saving: 00:00.02)
01:21.408  render           | Rendering frame 326
01:21.408  render           | Start rendering: MORI_Assembly_Animation, 视图层
01:21.408  render           | Engine: EEVEE
01:21.448  render           | Fra: 326 | Rendering 1 / 32 samples
01:21.606  render           | Fra: 326 | Rendering 25 / 32 samples
01:21.652  render           | Fra: 326 | Rendering 32 / 32 samples
01:21.690  render           | Video append frame 326
01:21.690  render           | Time: 00:00.28 (Saving: 00:00.02)
01:21.690  render           | Rendering frame 327
01:21.690  render           | Start rendering: MORI_Assembly_Animation, 视图层
01:21.690  render           | Engine: EEVEE
01:21.731  render           | Fra: 327 | Rendering 1 / 32 samples
01:21.889  render           | Fra: 327 | Rendering 25 / 32 samples
01:21.934  render           | Fra: 327 | Rendering 32 / 32 samples
01:21.950  render           | Video append frame 327
01:21.950  render           | Time: 00:00.25 (Saving: 00:00.01)
01:21.950  render           | Rendering frame 328
01:21.950  render           | Start rendering: MORI_Assembly_Animation, 视图层
01:21.950  render           | Engine: EEVEE
01:22.000  render           | Fra: 328 | Rendering 1 / 32 samples
01:22.157  render           | Fra: 328 | Rendering 25 / 32 samples
01:22.201  render           | Fra: 328 | Rendering 32 / 32 samples
01:22.210  render           | Video append frame 328
01:22.210  render           | Time: 00:00.26 (Saving: 00:00.00)
01:22.210  render           | Rendering frame 329
01:22.210  render           | Start rendering: MORI_Assembly_Animation, 视图层
01:22.211  render           | Engine: EEVEE
01:22.253  render           | Fra: 329 | Rendering 1 / 32 samples
01:22.406  render           | Fra: 329 | Rendering 25 / 32 samples
01:22.450  render           | Fra: 329 | Rendering 32 / 32 samples
01:22.459  render           | Video append frame 329
01:22.459  render           | Time: 00:00.24 (Saving: 00:00.00)
01:22.459  render           | Rendering frame 330
01:22.459  render           | Start rendering: MORI_Assembly_Animation, 视图层
01:22.459  render           | Engine: EEVEE
01:22.502  render           | Fra: 330 | Rendering 1 / 32 samples
01:22.658  render           | Fra: 330 | Rendering 25 / 32 samples
01:22.703  render           | Fra: 330 | Rendering 32 / 32 samples
01:22.712  render           | Video append frame 330
01:22.712  render           | Time: 00:00.25 (Saving: 00:00.00)
01:22.712  render           | Rendering frame 331
01:22.712  render           | Start rendering: MORI_Assembly_Animation, 视图层
01:22.712  render           | Engine: EEVEE
01:22.764  render           | Fra: 331 | Rendering 1 / 32 samples
01:22.918  render           | Fra: 331 | Rendering 25 / 32 samples
01:22.959  render           | Fra: 331 | Rendering 32 / 32 samples
01:22.970  render           | Video append frame 331
01:22.970  render           | Time: 00:00.25 (Saving: 00:00.00)
01:22.970  render           | Rendering frame 332
01:22.970  render           | Start rendering: MORI_Assembly_Animation, 视图层
01:22.970  render           | Engine: EEVEE
01:23.014  render           | Fra: 332 | Rendering 1 / 32 samples
01:23.159  render           | Fra: 332 | Rendering 25 / 32 samples
01:23.200  render           | Fra: 332 | Rendering 32 / 32 samples
01:23.209  render           | Video append frame 332
01:23.209  render           | Time: 00:00.23 (Saving: 00:00.00)
01:23.209  render           | Rendering frame 333
01:23.209  render           | Start rendering: MORI_Assembly_Animation, 视图层
01:23.209  render           | Engine: EEVEE
01:23.257  render           | Fra: 333 | Rendering 1 / 32 samples
01:23.400  render           | Fra: 333 | Rendering 25 / 32 samples
01:23.442  render           | Fra: 333 | Rendering 32 / 32 samples
01:23.451  render           | Video append frame 333
01:23.451  render           | Time: 00:00.24 (Saving: 00:00.00)
01:23.451  render           | Rendering frame 334
01:23.451  render           | Start rendering: MORI_Assembly_Animation, 视图层
01:23.451  render           | Engine: EEVEE
01:23.493  render           | Fra: 334 | Rendering 1 / 32 samples
01:23.638  render           | Fra: 334 | Rendering 25 / 32 samples
01:23.678  render           | Fra: 334 | Rendering 32 / 32 samples
01:23.687  render           | Video append frame 334
01:23.687  render           | Time: 00:00.23 (Saving: 00:00.00)
01:23.687  render           | Rendering frame 335
01:23.687  render           | Start rendering: MORI_Assembly_Animation, 视图层
01:23.687  render           | Engine: EEVEE
01:23.732  render           | Fra: 335 | Rendering 1 / 32 samples
01:23.873  render           | Fra: 335 | Rendering 25 / 32 samples
01:23.912  render           | Fra: 335 | Rendering 32 / 32 samples
01:23.920  render           | Video append frame 335
01:23.920  render           | Time: 00:00.23 (Saving: 00:00.00)
01:23.920  render           | Rendering frame 336
01:23.920  render           | Start rendering: MORI_Assembly_Animation, 视图层
01:23.920  render           | Engine: EEVEE
01:23.961  render           | Fra: 336 | Rendering 1 / 32 samples
01:24.110  render           | Fra: 336 | Rendering 25 / 32 samples
01:24.153  render           | Fra: 336 | Rendering 32 / 32 samples
01:24.162  render           | Video append frame 336
01:24.162  render           | Time: 00:00.24 (Saving: 00:00.00)
01:24.162  render           | Rendering frame 337
01:24.162  render           | Start rendering: MORI_Assembly_Animation, 视图层
01:24.162  render           | Engine: EEVEE
01:24.204  render           | Fra: 337 | Rendering 1 / 32 samples
01:24.355  render           | Fra: 337 | Rendering 25 / 32 samples
01:24.400  render           | Fra: 337 | Rendering 32 / 32 samples
01:24.410  render           | Video append frame 337
01:24.410  render           | Time: 00:00.24 (Saving: 00:00.00)
01:24.410  render           | Rendering frame 338
01:24.410  render           | Start rendering: MORI_Assembly_Animation, 视图层
01:24.410  render           | Engine: EEVEE
01:24.452  render           | Fra: 338 | Rendering 1 / 32 samples
01:24.607  render           | Fra: 338 | Rendering 25 / 32 samples
01:24.653  render           | Fra: 338 | Rendering 32 / 32 samples
01:24.662  render           | Video append frame 338
01:24.662  render           | Time: 00:00.25 (Saving: 00:00.00)
01:24.662  render           | Rendering frame 339
01:24.662  render           | Start rendering: MORI_Assembly_Animation, 视图层
01:24.662  render           | Engine: EEVEE
01:24.705  render           | Fra: 339 | Rendering 1 / 32 samples
01:24.858  render           | Fra: 339 | Rendering 25 / 32 samples
01:24.899  render           | Fra: 339 | Rendering 32 / 32 samples
01:24.908  render           | Video append frame 339
01:24.908  render           | Time: 00:00.24 (Saving: 00:00.00)
01:24.908  render           | Rendering frame 340
01:24.908  render           | Start rendering: MORI_Assembly_Animation, 视图层
01:24.908  render           | Engine: EEVEE
01:24.951  render           | Fra: 340 | Rendering 1 / 32 samples
01:25.106  render           | Fra: 340 | Rendering 25 / 32 samples
01:25.151  render           | Fra: 340 | Rendering 32 / 32 samples
01:25.160  render           | Video append frame 340
01:25.160  render           | Time: 00:00.25 (Saving: 00:00.00)
01:25.160  render           | Rendering frame 341
01:25.160  render           | Start rendering: MORI_Assembly_Animation, 视图层
01:25.160  render           | Engine: EEVEE
01:25.205  render           | Fra: 341 | Rendering 1 / 32 samples
01:25.360  render           | Fra: 341 | Rendering 25 / 32 samples
01:25.405  render           | Fra: 341 | Rendering 32 / 32 samples
01:25.440  render           | Video append frame 341
01:25.440  render           | Time: 00:00.27 (Saving: 00:00.02)
01:25.440  render           | Rendering frame 342
01:25.440  render           | Start rendering: MORI_Assembly_Animation, 视图层
01:25.440  render           | Engine: EEVEE
01:25.479  render           | Fra: 342 | Rendering 1 / 32 samples
01:25.630  render           | Fra: 342 | Rendering 25 / 32 samples
01:25.672  render           | Fra: 342 | Rendering 32 / 32 samples
01:25.699  render           | Video append frame 342
01:25.699  render           | Time: 00:00.25 (Saving: 00:00.01)
01:25.699  render           | Rendering frame 343
01:25.699  render           | Start rendering: MORI_Assembly_Animation, 视图层
01:25.699  render           | Engine: EEVEE
01:25.740  render           | Fra: 343 | Rendering 1 / 32 samples
01:25.891  render           | Fra: 343 | Rendering 25 / 32 samples
01:25.930  render           | Fra: 343 | Rendering 32 / 32 samples
01:25.939  render           | Video append frame 343
01:25.939  render           | Time: 00:00.24 (Saving: 00:00.00)
01:25.939  render           | Rendering frame 344
01:25.939  render           | Start rendering: MORI_Assembly_Animation, 视图层
01:25.939  render           | Engine: EEVEE
01:25.979  render           | Fra: 344 | Rendering 1 / 32 samples
01:26.108  render           | Fra: 344 | Rendering 25 / 32 samples
01:26.145  render           | Fra: 344 | Rendering 32 / 32 samples
01:26.158  render           | Video append frame 344
01:26.158  render           | Time: 00:00.21 (Saving: 00:00.00)
01:26.158  render           | Rendering frame 345
01:26.158  render           | Start rendering: MORI_Assembly_Animation, 视图层
01:26.158  render           | Engine: EEVEE
01:26.198  render           | Fra: 345 | Rendering 1 / 32 samples
01:26.327  render           | Fra: 345 | Rendering 25 / 32 samples
01:26.364  render           | Fra: 345 | Rendering 32 / 32 samples
01:26.389  render           | Video append frame 345
01:26.389  render           | Time: 00:00.23 (Saving: 00:00.02)
01:26.389  render           | Rendering frame 346
01:26.389  render           | Start rendering: MORI_Assembly_Animation, 视图层
01:26.389  render           | Engine: EEVEE
01:26.430  render           | Fra: 346 | Rendering 1 / 32 samples
01:26.559  render           | Fra: 346 | Rendering 25 / 32 samples
01:26.596  render           | Fra: 346 | Rendering 32 / 32 samples
01:26.624  render           | Video append frame 346
01:26.624  render           | Time: 00:00.23 (Saving: 00:00.02)
01:26.625  render           | Rendering frame 347
01:26.625  render           | Start rendering: MORI_Assembly_Animation, 视图层
01:26.625  render           | Engine: EEVEE
01:26.666  render           | Fra: 347 | Rendering 1 / 32 samples
01:26.806  render           | Fra: 347 | Rendering 25 / 32 samples
01:26.847  render           | Fra: 347 | Rendering 32 / 32 samples
01:26.872  render           | Video append frame 347
01:26.872  render           | Time: 00:00.24 (Saving: 00:00.02)
01:26.872  render           | Rendering frame 348
01:26.872  render           | Start rendering: MORI_Assembly_Animation, 视图层
01:26.872  render           | Engine: EEVEE
01:26.915  render           | Fra: 348 | Rendering 1 / 32 samples
01:27.064  render           | Fra: 348 | Rendering 25 / 32 samples
01:27.105  render           | Fra: 348 | Rendering 32 / 32 samples
01:27.130  render           | Video append frame 348
01:27.130  render           | Time: 00:00.25 (Saving: 00:00.02)
01:27.130  render           | Rendering frame 349
01:27.130  render           | Start rendering: MORI_Assembly_Animation, 视图层
01:27.130  render           | Engine: EEVEE
01:27.173  render           | Fra: 349 | Rendering 1 / 32 samples
01:27.308  render           | Fra: 349 | Rendering 25 / 32 samples
01:27.346  render           | Fra: 349 | Rendering 32 / 32 samples
01:27.373  render           | Video append frame 349
01:27.373  render           | Time: 00:00.24 (Saving: 00:00.02)
01:27.373  render           | Rendering frame 350
01:27.373  render           | Start rendering: MORI_Assembly_Animation, 视图层
01:27.373  render           | Engine: EEVEE
01:27.418  render           | Fra: 350 | Rendering 1 / 32 samples
01:27.548  render           | Fra: 350 | Rendering 25 / 32 samples
01:27.586  render           | Fra: 350 | Rendering 32 / 32 samples
01:27.612  render           | Video append frame 350
01:27.612  render           | Time: 00:00.23 (Saving: 00:00.02)
01:27.612  render           | Rendering frame 351
01:27.612  render           | Start rendering: MORI_Assembly_Animation, 视图层
01:27.612  render           | Engine: EEVEE
01:27.656  render           | Fra: 351 | Rendering 1 / 32 samples
01:27.786  render           | Fra: 351 | Rendering 25 / 32 samples
01:27.823  render           | Fra: 351 | Rendering 32 / 32 samples
01:27.846  render           | Video append frame 351
01:27.846  render           | Time: 00:00.23 (Saving: 00:00.01)
01:27.846  render           | Rendering frame 352
01:27.846  render           | Start rendering: MORI_Assembly_Animation, 视图层
01:27.846  render           | Engine: EEVEE
01:27.888  render           | Fra: 352 | Rendering 1 / 32 samples
01:28.017  render           | Fra: 352 | Rendering 25 / 32 samples
01:28.054  render           | Fra: 352 | Rendering 32 / 32 samples
01:28.097  render           | Video append frame 352
01:28.097  render           | Time: 00:00.25 (Saving: 00:00.03)
01:28.097  render           | Rendering frame 353
01:28.097  render           | Start rendering: MORI_Assembly_Animation, 视图层
01:28.097  render           | Engine: EEVEE
01:28.140  render           | Fra: 353 | Rendering 1 / 32 samples
01:28.274  render           | Fra: 353 | Rendering 25 / 32 samples
01:28.311  render           | Fra: 353 | Rendering 32 / 32 samples
01:28.331  render           | Video append frame 353
01:28.331  render           | Time: 00:00.23 (Saving: 00:00.01)
01:28.331  render           | Rendering frame 354
01:28.331  render           | Start rendering: MORI_Assembly_Animation, 视图层
01:28.331  render           | Engine: EEVEE
01:28.374  render           | Fra: 354 | Rendering 1 / 32 samples
01:28.503  render           | Fra: 354 | Rendering 25 / 32 samples
01:28.540  render           | Fra: 354 | Rendering 32 / 32 samples
01:28.557  render           | Video append frame 354
01:28.557  render           | Time: 00:00.22 (Saving: 00:00.01)
01:28.557  render           | Rendering frame 355
01:28.557  render           | Start rendering: MORI_Assembly_Animation, 视图层
01:28.557  render           | Engine: EEVEE
01:28.599  render           | Fra: 355 | Rendering 1 / 32 samples
01:28.728  render           | Fra: 355 | Rendering 25 / 32 samples
01:28.765  render           | Fra: 355 | Rendering 32 / 32 samples
01:28.788  render           | Video append frame 355
01:28.788  render           | Time: 00:00.23 (Saving: 00:00.01)
01:28.788  render           | Rendering frame 356
01:28.788  render           | Start rendering: MORI_Assembly_Animation, 视图层
01:28.788  render           | Engine: EEVEE
01:28.829  render           | Fra: 356 | Rendering 1 / 32 samples
01:28.958  render           | Fra: 356 | Rendering 25 / 32 samples
01:28.995  render           | Fra: 356 | Rendering 32 / 32 samples
01:29.024  render           | Video append frame 356
01:29.024  render           | Time: 00:00.23 (Saving: 00:00.02)
01:29.024  render           | Rendering frame 357
01:29.024  render           | Start rendering: MORI_Assembly_Animation, 视图层
01:29.024  render           | Engine: EEVEE
01:29.066  render           | Fra: 357 | Rendering 1 / 32 samples
01:29.195  render           | Fra: 357 | Rendering 25 / 32 samples
01:29.232  render           | Fra: 357 | Rendering 32 / 32 samples
01:29.258  render           | Video append frame 357
01:29.258  render           | Time: 00:00.23 (Saving: 00:00.02)
01:29.258  render           | Rendering frame 358
01:29.258  render           | Start rendering: MORI_Assembly_Animation, 视图层
01:29.258  render           | Engine: EEVEE
01:29.300  render           | Fra: 358 | Rendering 1 / 32 samples
01:29.432  render           | Fra: 358 | Rendering 25 / 32 samples
01:29.472  render           | Fra: 358 | Rendering 32 / 32 samples
01:29.489  render           | Video append frame 358
01:29.489  render           | Time: 00:00.23 (Saving: 00:00.01)
01:29.489  render           | Rendering frame 359
01:29.489  render           | Start rendering: MORI_Assembly_Animation, 视图层
01:29.489  render           | Engine: EEVEE
01:29.531  render           | Fra: 359 | Rendering 1 / 32 samples
01:29.662  render           | Fra: 359 | Rendering 25 / 32 samples
01:29.699  render           | Fra: 359 | Rendering 32 / 32 samples
01:29.715  render           | Video append frame 359
01:29.716  render           | Time: 00:00.22 (Saving: 00:00.01)
01:29.716  render           | Rendering frame 360
01:29.716  render           | Start rendering: MORI_Assembly_Animation, 视图层
01:29.716  render           | Engine: EEVEE
01:29.759  render           | Fra: 360 | Rendering 1 / 32 samples
01:29.889  render           | Fra: 360 | Rendering 25 / 32 samples
01:29.928  render           | Fra: 360 | Rendering 32 / 32 samples
01:29.943  render           | Video append frame 360
01:29.943  render           | Time: 00:00.22 (Saving: 00:00.01)
01:29.943  render           | Rendering frame 361
01:29.943  render           | Start rendering: MORI_Assembly_Animation, 视图层
01:29.943  render           | Engine: EEVEE
01:29.986  render           | Fra: 361 | Rendering 1 / 32 samples
01:30.118  render           | Fra: 361 | Rendering 25 / 32 samples
01:30.155  render           | Fra: 361 | Rendering 32 / 32 samples
01:30.179  render           | Video append frame 361
01:30.179  render           | Time: 00:00.23 (Saving: 00:00.02)
01:30.179  render           | Rendering frame 362
01:30.179  render           | Start rendering: MORI_Assembly_Animation, 视图层
01:30.179  render           | Engine: EEVEE
01:30.222  render           | Fra: 362 | Rendering 1 / 32 samples
01:30.352  render           | Fra: 362 | Rendering 25 / 32 samples
01:30.389  render           | Fra: 362 | Rendering 32 / 32 samples
01:30.401  render           | Video append frame 362
01:30.401  render           | Time: 00:00.22 (Saving: 00:00.00)
01:30.401  render           | Rendering frame 363
01:30.401  render           | Start rendering: MORI_Assembly_Animation, 视图层
01:30.401  render           | Engine: EEVEE
01:30.452  render           | Fra: 363 | Rendering 1 / 32 samples
01:30.587  render           | Fra: 363 | Rendering 25 / 32 samples
01:30.624  render           | Fra: 363 | Rendering 32 / 32 samples
01:30.634  render           | Video append frame 363
01:30.634  render           | Time: 00:00.23 (Saving: 00:00.00)
01:30.634  render           | Rendering frame 364
01:30.634  render           | Start rendering: MORI_Assembly_Animation, 视图层
01:30.634  render           | Engine: EEVEE
01:30.686  render           | Fra: 364 | Rendering 1 / 32 samples
01:30.818  render           | Fra: 364 | Rendering 25 / 32 samples
01:30.857  render           | Fra: 364 | Rendering 32 / 32 samples
01:30.869  render           | Video append frame 364
01:30.869  render           | Time: 00:00.23 (Saving: 00:00.00)
01:30.869  render           | Rendering frame 365
01:30.869  render           | Start rendering: MORI_Assembly_Animation, 视图层
01:30.869  render           | Engine: EEVEE
01:30.917  render           | Fra: 365 | Rendering 1 / 32 samples
01:31.051  render           | Fra: 365 | Rendering 25 / 32 samples
01:31.091  render           | Fra: 365 | Rendering 32 / 32 samples
01:31.100  render           | Video append frame 365
01:31.100  render           | Time: 00:00.23 (Saving: 00:00.00)
01:31.100  render           | Rendering frame 366
01:31.101  render           | Start rendering: MORI_Assembly_Animation, 视图层
01:31.101  render           | Engine: EEVEE
01:31.144  render           | Fra: 366 | Rendering 1 / 32 samples
01:31.279  render           | Fra: 366 | Rendering 25 / 32 samples
01:31.318  render           | Fra: 366 | Rendering 32 / 32 samples
01:31.327  render           | Video append frame 366
01:31.327  render           | Time: 00:00.22 (Saving: 00:00.00)
01:31.327  render           | Rendering frame 367
01:31.327  render           | Start rendering: MORI_Assembly_Animation, 视图层
01:31.327  render           | Engine: EEVEE
01:31.375  render           | Fra: 367 | Rendering 1 / 32 samples
01:31.512  render           | Fra: 367 | Rendering 25 / 32 samples
01:31.552  render           | Fra: 367 | Rendering 32 / 32 samples
01:31.561  render           | Video append frame 367
01:31.561  render           | Time: 00:00.23 (Saving: 00:00.00)
01:31.561  render           | Rendering frame 368
01:31.562  render           | Start rendering: MORI_Assembly_Animation, 视图层
01:31.562  render           | Engine: EEVEE
01:31.611  render           | Fra: 368 | Rendering 1 / 32 samples
01:31.748  render           | Fra: 368 | Rendering 25 / 32 samples
01:31.787  render           | Fra: 368 | Rendering 32 / 32 samples
01:31.796  render           | Video append frame 368
01:31.796  render           | Time: 00:00.23 (Saving: 00:00.00)
01:31.796  render           | Rendering frame 369
01:31.796  render           | Start rendering: MORI_Assembly_Animation, 视图层
01:31.796  render           | Engine: EEVEE
01:31.840  render           | Fra: 369 | Rendering 1 / 32 samples
01:31.971  render           | Fra: 369 | Rendering 25 / 32 samples
01:32.013  render           | Fra: 369 | Rendering 32 / 32 samples
01:32.022  render           | Video append frame 369
01:32.022  render           | Time: 00:00.22 (Saving: 00:00.00)
01:32.022  render           | Rendering frame 370
01:32.022  render           | Start rendering: MORI_Assembly_Animation, 视图层
01:32.022  render           | Engine: EEVEE
01:32.067  render           | Fra: 370 | Rendering 1 / 32 samples
01:32.201  render           | Fra: 370 | Rendering 25 / 32 samples
01:32.239  render           | Fra: 370 | Rendering 32 / 32 samples
01:32.247  render           | Video append frame 370
01:32.247  render           | Time: 00:00.22 (Saving: 00:00.00)
01:32.247  render           | Rendering frame 371
01:32.248  render           | Start rendering: MORI_Assembly_Animation, 视图层
01:32.248  render           | Engine: EEVEE
01:32.292  render           | Fra: 371 | Rendering 1 / 32 samples
01:32.420  render           | Fra: 371 | Rendering 25 / 32 samples
01:32.457  render           | Fra: 371 | Rendering 32 / 32 samples
01:32.465  render           | Video append frame 371
01:32.465  render           | Time: 00:00.21 (Saving: 00:00.00)
01:32.465  render           | Rendering frame 372
01:32.465  render           | Start rendering: MORI_Assembly_Animation, 视图层
01:32.465  render           | Engine: EEVEE
01:32.506  render           | Fra: 372 | Rendering 1 / 32 samples
01:32.632  render           | Fra: 372 | Rendering 25 / 32 samples
01:32.669  render           | Fra: 372 | Rendering 32 / 32 samples
01:32.678  render           | Video append frame 372
01:32.678  render           | Time: 00:00.21 (Saving: 00:00.00)
01:32.678  render           | Rendering frame 373
01:32.678  render           | Start rendering: MORI_Assembly_Animation, 视图层
01:32.678  render           | Engine: EEVEE
01:32.719  render           | Fra: 373 | Rendering 1 / 32 samples
01:32.847  render           | Fra: 373 | Rendering 25 / 32 samples
01:32.884  render           | Fra: 373 | Rendering 32 / 32 samples
01:32.891  render           | Video append frame 373
01:32.891  render           | Time: 00:00.21 (Saving: 00:00.00)
01:32.891  render           | Rendering frame 374
01:32.891  render           | Start rendering: MORI_Assembly_Animation, 视图层
01:32.891  render           | Engine: EEVEE
01:32.937  render           | Fra: 374 | Rendering 1 / 32 samples
01:33.064  render           | Fra: 374 | Rendering 25 / 32 samples
01:33.101  render           | Fra: 374 | Rendering 32 / 32 samples
01:33.110  render           | Video append frame 374
01:33.110  render           | Time: 00:00.21 (Saving: 00:00.00)
01:33.110  render           | Rendering frame 375
01:33.110  render           | Start rendering: MORI_Assembly_Animation, 视图层
01:33.110  render           | Engine: EEVEE
01:33.149  render           | Fra: 375 | Rendering 1 / 32 samples
01:33.276  render           | Fra: 375 | Rendering 25 / 32 samples
01:33.313  render           | Fra: 375 | Rendering 32 / 32 samples
01:33.321  render           | Video append frame 375
01:33.321  render           | Time: 00:00.21 (Saving: 00:00.00)
01:33.321  render           | Rendering frame 376
01:33.321  render           | Start rendering: MORI_Assembly_Animation, 视图层
01:33.321  render           | Engine: EEVEE
01:33.364  render           | Fra: 376 | Rendering 1 / 32 samples
01:33.491  render           | Fra: 376 | Rendering 25 / 32 samples
01:33.528  render           | Fra: 376 | Rendering 32 / 32 samples
01:33.536  render           | Video append frame 376
01:33.536  render           | Time: 00:00.21 (Saving: 00:00.00)
01:33.536  render           | Rendering frame 377
01:33.536  render           | Start rendering: MORI_Assembly_Animation, 视图层
01:33.536  render           | Engine: EEVEE
01:33.577  render           | Fra: 377 | Rendering 1 / 32 samples
01:33.704  render           | Fra: 377 | Rendering 25 / 32 samples
01:33.740  render           | Fra: 377 | Rendering 32 / 32 samples
01:33.748  render           | Video append frame 377
01:33.748  render           | Time: 00:00.21 (Saving: 00:00.00)
01:33.748  render           | Rendering frame 378
01:33.748  render           | Start rendering: MORI_Assembly_Animation, 视图层
01:33.748  render           | Engine: EEVEE
01:33.796  render           | Fra: 378 | Rendering 1 / 32 samples
01:33.925  render           | Fra: 378 | Rendering 25 / 32 samples
01:33.962  render           | Fra: 378 | Rendering 32 / 32 samples
01:33.982  render           | Video append frame 378
01:33.982  render           | Time: 00:00.23 (Saving: 00:00.01)
01:33.982  render           | Rendering frame 379
01:33.982  render           | Start rendering: MORI_Assembly_Animation, 视图层
01:33.982  render           | Engine: EEVEE
01:34.025  render           | Fra: 379 | Rendering 1 / 32 samples
01:34.153  render           | Fra: 379 | Rendering 25 / 32 samples
01:34.191  render           | Fra: 379 | Rendering 32 / 32 samples
01:34.209  render           | Video append frame 379
01:34.209  render           | Time: 00:00.22 (Saving: 00:00.01)
01:34.209  render           | Rendering frame 380
01:34.209  render           | Start rendering: MORI_Assembly_Animation, 视图层
01:34.209  render           | Engine: EEVEE
01:34.250  render           | Fra: 380 | Rendering 1 / 32 samples
01:34.379  render           | Fra: 380 | Rendering 25 / 32 samples
01:34.417  render           | Fra: 380 | Rendering 32 / 32 samples
01:34.430  render           | Video append frame 380
01:34.430  render           | Time: 00:00.22 (Saving: 00:00.01)
01:34.430  render           | Rendering frame 381
01:34.430  render           | Start rendering: MORI_Assembly_Animation, 视图层
01:34.430  render           | Engine: EEVEE
01:34.473  render           | Fra: 381 | Rendering 1 / 32 samples
01:34.603  render           | Fra: 381 | Rendering 25 / 32 samples
01:34.641  render           | Fra: 381 | Rendering 32 / 32 samples
01:34.660  render           | Video append frame 381
01:34.660  render           | Time: 00:00.22 (Saving: 00:00.01)
01:34.660  render           | Rendering frame 382
01:34.660  render           | Start rendering: MORI_Assembly_Animation, 视图层
01:34.660  render           | Engine: EEVEE
01:34.706  render           | Fra: 382 | Rendering 1 / 32 samples
01:34.836  render           | Fra: 382 | Rendering 25 / 32 samples
01:34.873  render           | Fra: 382 | Rendering 32 / 32 samples
01:34.891  render           | Video append frame 382
01:34.891  render           | Time: 00:00.23 (Saving: 00:00.01)
01:34.891  render           | Rendering frame 383
01:34.891  render           | Start rendering: MORI_Assembly_Animation, 视图层
01:34.891  render           | Engine: EEVEE
01:34.934  render           | Fra: 383 | Rendering 1 / 32 samples
01:35.066  render           | Fra: 383 | Rendering 25 / 32 samples
01:35.103  render           | Fra: 383 | Rendering 32 / 32 samples
01:35.126  render           | Video append frame 383
01:35.126  render           | Time: 00:00.23 (Saving: 00:00.02)
01:35.126  render           | Rendering frame 384
01:35.127  render           | Start rendering: MORI_Assembly_Animation, 视图层
01:35.127  render           | Engine: EEVEE
01:35.168  render           | Fra: 384 | Rendering 1 / 32 samples
01:35.297  render           | Fra: 384 | Rendering 25 / 32 samples
01:35.334  render           | Fra: 384 | Rendering 32 / 32 samples
01:35.359  render           | Video append frame 384
01:35.359  render           | Time: 00:00.23 (Saving: 00:00.02)
01:35.359  render           | Rendering frame 385
01:35.359  render           | Start rendering: MORI_Assembly_Animation, 视图层
01:35.359  render           | Engine: EEVEE
01:35.397  render           | Fra: 385 | Rendering 1 / 32 samples
01:35.526  render           | Fra: 385 | Rendering 25 / 32 samples
01:35.563  render           | Fra: 385 | Rendering 32 / 32 samples
01:35.587  render           | Video append frame 385
01:35.587  render           | Time: 00:00.22 (Saving: 00:00.02)
01:35.587  render           | Rendering frame 386
01:35.587  render           | Start rendering: MORI_Assembly_Animation, 视图层
01:35.587  render           | Engine: EEVEE
01:35.630  render           | Fra: 386 | Rendering 1 / 32 samples
01:35.760  render           | Fra: 386 | Rendering 25 / 32 samples
01:35.797  render           | Fra: 386 | Rendering 32 / 32 samples
01:35.823  render           | Video append frame 386
01:35.823  render           | Time: 00:00.23 (Saving: 00:00.02)
01:35.823  render           | Rendering frame 387
01:35.823  render           | Start rendering: MORI_Assembly_Animation, 视图层
01:35.823  render           | Engine: EEVEE
01:35.865  render           | Fra: 387 | Rendering 1 / 32 samples
01:35.997  render           | Fra: 387 | Rendering 25 / 32 samples
01:36.034  render           | Fra: 387 | Rendering 32 / 32 samples
01:36.045  render           | Video append frame 387
01:36.045  render           | Time: 00:00.22 (Saving: 00:00.00)
01:36.045  render           | Rendering frame 388
01:36.045  render           | Start rendering: MORI_Assembly_Animation, 视图层
01:36.045  render           | Engine: EEVEE
01:36.093  render           | Fra: 388 | Rendering 1 / 32 samples
01:36.229  render           | Fra: 388 | Rendering 25 / 32 samples
01:36.267  render           | Fra: 388 | Rendering 32 / 32 samples
01:36.276  render           | Video append frame 388
01:36.276  render           | Time: 00:00.23 (Saving: 00:00.00)
01:36.276  render           | Rendering frame 389
01:36.276  render           | Start rendering: MORI_Assembly_Animation, 视图层
01:36.276  render           | Engine: EEVEE
01:36.325  render           | Fra: 389 | Rendering 1 / 32 samples
01:36.459  render           | Fra: 389 | Rendering 25 / 32 samples
01:36.498  render           | Fra: 389 | Rendering 32 / 32 samples
01:36.507  render           | Video append frame 389
01:36.507  render           | Time: 00:00.23 (Saving: 00:00.00)
01:36.507  render           | Rendering frame 390
01:36.507  render           | Start rendering: MORI_Assembly_Animation, 视图层
01:36.507  render           | Engine: EEVEE
01:36.553  render           | Fra: 390 | Rendering 1 / 32 samples
01:36.686  render           | Fra: 390 | Rendering 25 / 32 samples
01:36.724  render           | Fra: 390 | Rendering 32 / 32 samples
01:36.732  render           | Video append frame 390
01:36.732  render           | Time: 00:00.22 (Saving: 00:00.00)
01:36.732  render           | Rendering frame 391
01:36.732  render           | Start rendering: MORI_Assembly_Animation, 视图层
01:36.732  render           | Engine: EEVEE
01:36.777  render           | Fra: 391 | Rendering 1 / 32 samples
01:36.910  render           | Fra: 391 | Rendering 25 / 32 samples
01:36.947  render           | Fra: 391 | Rendering 32 / 32 samples
01:36.956  render           | Video append frame 391
01:36.956  render           | Time: 00:00.22 (Saving: 00:00.00)
01:36.956  render           | Rendering frame 392
01:36.956  render           | Start rendering: MORI_Assembly_Animation, 视图层
01:36.956  render           | Engine: EEVEE
01:37.003  render           | Fra: 392 | Rendering 1 / 32 samples
01:37.144  render           | Fra: 392 | Rendering 25 / 32 samples
01:37.182  render           | Fra: 392 | Rendering 32 / 32 samples
01:37.193  render           | Video append frame 392
01:37.193  render           | Time: 00:00.23 (Saving: 00:00.00)
01:37.193  render           | Rendering frame 393
01:37.193  render           | Start rendering: MORI_Assembly_Animation, 视图层
01:37.193  render           | Engine: EEVEE
01:37.237  render           | Fra: 393 | Rendering 1 / 32 samples
01:37.373  render           | Fra: 393 | Rendering 25 / 32 samples
01:37.412  render           | Fra: 393 | Rendering 32 / 32 samples
01:37.420  render           | Video append frame 393
01:37.421  render           | Time: 00:00.22 (Saving: 00:00.00)
01:37.421  render           | Rendering frame 394
01:37.421  render           | Start rendering: MORI_Assembly_Animation, 视图层
01:37.421  render           | Engine: EEVEE
01:37.468  render           | Fra: 394 | Rendering 1 / 32 samples
01:37.602  render           | Fra: 394 | Rendering 25 / 32 samples
01:37.640  render           | Fra: 394 | Rendering 32 / 32 samples
01:37.649  render           | Video append frame 394
01:37.649  render           | Time: 00:00.22 (Saving: 00:00.00)
01:37.649  render           | Rendering frame 395
01:37.649  render           | Start rendering: MORI_Assembly_Animation, 视图层
01:37.649  render           | Engine: EEVEE
01:37.695  render           | Fra: 395 | Rendering 1 / 32 samples
01:37.828  render           | Fra: 395 | Rendering 25 / 32 samples
01:37.867  render           | Fra: 395 | Rendering 32 / 32 samples
01:37.877  render           | Video append frame 395
01:37.877  render           | Time: 00:00.22 (Saving: 00:00.00)
01:37.877  render           | Rendering frame 396
01:37.877  render           | Start rendering: MORI_Assembly_Animation, 视图层
01:37.877  render           | Engine: EEVEE
01:37.912  render           | Fra: 396 | Rendering 1 / 32 samples
01:38.044  render           | Fra: 396 | Rendering 25 / 32 samples
01:38.083  render           | Fra: 396 | Rendering 32 / 32 samples
01:38.092  render           | Video append frame 396
01:38.092  render           | Time: 00:00.21 (Saving: 00:00.00)
01:38.092  render           | Rendering frame 397
01:38.092  render           | Start rendering: MORI_Assembly_Animation, 视图层
01:38.092  render           | Engine: EEVEE
01:38.131  render           | Fra: 397 | Rendering 1 / 32 samples
01:38.258  render           | Fra: 397 | Rendering 25 / 32 samples
01:38.295  render           | Fra: 397 | Rendering 32 / 32 samples
01:38.304  render           | Video append frame 397
01:38.304  render           | Time: 00:00.21 (Saving: 00:00.00)
01:38.304  render           | Rendering frame 398
01:38.304  render           | Start rendering: MORI_Assembly_Animation, 视图层
01:38.304  render           | Engine: EEVEE
01:38.342  render           | Fra: 398 | Rendering 1 / 32 samples
01:38.469  render           | Fra: 398 | Rendering 25 / 32 samples
01:38.506  render           | Fra: 398 | Rendering 32 / 32 samples
01:38.514  render           | Video append frame 398
01:38.514  render           | Time: 00:00.20 (Saving: 00:00.00)
01:38.514  render           | Rendering frame 399
01:38.514  render           | Start rendering: MORI_Assembly_Animation, 视图层
01:38.514  render           | Engine: EEVEE
01:38.556  render           | Fra: 399 | Rendering 1 / 32 samples
01:38.682  render           | Fra: 399 | Rendering 25 / 32 samples
01:38.719  render           | Fra: 399 | Rendering 32 / 32 samples
01:38.727  render           | Video append frame 399
01:38.727  render           | Time: 00:00.21 (Saving: 00:00.00)
01:38.727  render           | Rendering frame 400
01:38.727  render           | Start rendering: MORI_Assembly_Animation, 视图层
01:38.727  render           | Engine: EEVEE
01:38.766  render           | Fra: 400 | Rendering 1 / 32 samples
01:38.893  render           | Fra: 400 | Rendering 25 / 32 samples
01:38.930  render           | Fra: 400 | Rendering 32 / 32 samples
01:38.938  render           | Video append frame 400
01:38.938  render           | Time: 00:00.21 (Saving: 00:00.00)
01:38.938  render           | Rendering frame 401
01:38.938  render           | Start rendering: MORI_Assembly_Animation, 视图层
01:38.938  render           | Engine: EEVEE
01:38.976  render           | Fra: 401 | Rendering 1 / 32 samples
01:39.106  render           | Fra: 401 | Rendering 25 / 32 samples
01:39.143  render           | Fra: 401 | Rendering 32 / 32 samples
01:39.151  render           | Video append frame 401
01:39.151  render           | Time: 00:00.21 (Saving: 00:00.00)
01:39.151  render           | Rendering frame 402
01:39.151  render           | Start rendering: MORI_Assembly_Animation, 视图层
01:39.151  render           | Engine: EEVEE
01:39.190  render           | Fra: 402 | Rendering 1 / 32 samples
01:39.317  render           | Fra: 402 | Rendering 25 / 32 samples
01:39.354  render           | Fra: 402 | Rendering 32 / 32 samples
01:39.380  render           | Video append frame 402
01:39.380  render           | Time: 00:00.22 (Saving: 00:00.01)
01:39.380  render           | Rendering frame 403
01:39.380  render           | Start rendering: MORI_Assembly_Animation, 视图层
01:39.381  render           | Engine: EEVEE
01:39.423  render           | Fra: 403 | Rendering 1 / 32 samples
01:39.551  render           | Fra: 403 | Rendering 25 / 32 samples
01:39.588  render           | Fra: 403 | Rendering 32 / 32 samples
01:39.611  render           | Video append frame 403
01:39.611  render           | Time: 00:00.23 (Saving: 00:00.01)
01:39.611  render           | Rendering frame 404
01:39.611  render           | Start rendering: MORI_Assembly_Animation, 视图层
01:39.611  render           | Engine: EEVEE
01:39.650  render           | Fra: 404 | Rendering 1 / 32 samples
01:39.778  render           | Fra: 404 | Rendering 25 / 32 samples
01:39.815  render           | Fra: 404 | Rendering 32 / 32 samples
01:39.840  render           | Video append frame 404
01:39.840  render           | Time: 00:00.22 (Saving: 00:00.02)
01:39.840  render           | Rendering frame 405
01:39.840  render           | Start rendering: MORI_Assembly_Animation, 视图层
01:39.840  render           | Engine: EEVEE
01:39.882  render           | Fra: 405 | Rendering 1 / 32 samples
01:40.013  render           | Fra: 405 | Rendering 25 / 32 samples
01:40.050  render           | Fra: 405 | Rendering 32 / 32 samples
01:40.067  render           | Video append frame 405
01:40.067  render           | Time: 00:00.22 (Saving: 00:00.01)
01:40.067  render           | Rendering frame 406
01:40.068  render           | Start rendering: MORI_Assembly_Animation, 视图层
01:40.068  render           | Engine: EEVEE
01:40.109  render           | Fra: 406 | Rendering 1 / 32 samples
01:40.239  render           | Fra: 406 | Rendering 25 / 32 samples
01:40.276  render           | Fra: 406 | Rendering 32 / 32 samples
01:40.300  render           | Video append frame 406
01:40.300  render           | Time: 00:00.23 (Saving: 00:00.02)
01:40.300  render           | Rendering frame 407
01:40.300  render           | Start rendering: MORI_Assembly_Animation, 视图层
01:40.300  render           | Engine: EEVEE
01:40.341  render           | Fra: 407 | Rendering 1 / 32 samples
01:40.471  render           | Fra: 407 | Rendering 25 / 32 samples
01:40.508  render           | Fra: 407 | Rendering 32 / 32 samples
01:40.522  render           | Video append frame 407
01:40.522  render           | Time: 00:00.22 (Saving: 00:00.01)
01:40.522  render           | Rendering frame 408
01:40.522  render           | Start rendering: MORI_Assembly_Animation, 视图层
01:40.522  render           | Engine: EEVEE
01:40.562  render           | Fra: 408 | Rendering 1 / 32 samples
01:40.691  render           | Fra: 408 | Rendering 25 / 32 samples
01:40.728  render           | Fra: 408 | Rendering 32 / 32 samples
01:40.759  render           | Video append frame 408
01:40.759  render           | Time: 00:00.23 (Saving: 00:00.02)
01:40.759  render           | Rendering frame 409
01:40.759  render           | Start rendering: MORI_Assembly_Animation, 视图层
01:40.759  render           | Engine: EEVEE
01:40.801  render           | Fra: 409 | Rendering 1 / 32 samples
01:40.930  render           | Fra: 409 | Rendering 25 / 32 samples
01:40.967  render           | Fra: 409 | Rendering 32 / 32 samples
01:40.986  render           | Video append frame 409
01:40.986  render           | Time: 00:00.22 (Saving: 00:00.01)
01:40.986  render           | Rendering frame 410
01:40.987  render           | Start rendering: MORI_Assembly_Animation, 视图层
01:40.987  render           | Engine: EEVEE
01:41.026  render           | Fra: 410 | Rendering 1 / 32 samples
01:41.156  render           | Fra: 410 | Rendering 25 / 32 samples
01:41.194  render           | Fra: 410 | Rendering 32 / 32 samples
01:41.212  render           | Video append frame 410
01:41.212  render           | Time: 00:00.22 (Saving: 00:00.01)
01:41.212  render           | Rendering frame 411
01:41.212  render           | Start rendering: MORI_Assembly_Animation, 视图层
01:41.212  render           | Engine: EEVEE
01:41.255  render           | Fra: 411 | Rendering 1 / 32 samples
01:41.384  render           | Fra: 411 | Rendering 25 / 32 samples
01:41.423  render           | Fra: 411 | Rendering 32 / 32 samples
01:41.441  render           | Video append frame 411
01:41.441  render           | Time: 00:00.22 (Saving: 00:00.01)
01:41.441  render           | Rendering frame 412
01:41.441  render           | Start rendering: MORI_Assembly_Animation, 视图层
01:41.441  render           | Engine: EEVEE
01:41.489  render           | Fra: 412 | Rendering 1 / 32 samples
01:41.622  render           | Fra: 412 | Rendering 25 / 32 samples
01:41.662  render           | Fra: 412 | Rendering 32 / 32 samples
01:41.671  render           | Video append frame 412
01:41.672  render           | Time: 00:00.23 (Saving: 00:00.00)
01:41.672  render           | Rendering frame 413
01:41.672  render           | Start rendering: MORI_Assembly_Animation, 视图层
01:41.672  render           | Engine: EEVEE
01:41.718  render           | Fra: 413 | Rendering 1 / 32 samples
01:41.878  render           | Fra: 413 | Rendering 25 / 32 samples
01:41.925  render           | Fra: 413 | Rendering 32 / 32 samples
01:41.935  render           | Video append frame 413
01:41.935  render           | Time: 00:00.26 (Saving: 00:00.00)
01:41.935  render           | Rendering frame 414
01:41.935  render           | Start rendering: MORI_Assembly_Animation, 视图层
01:41.935  render           | Engine: EEVEE
01:41.981  render           | Fra: 414 | Rendering 1 / 32 samples
01:42.143  render           | Fra: 414 | Rendering 25 / 32 samples
01:42.188  render           | Fra: 414 | Rendering 32 / 32 samples
01:42.197  render           | Video append frame 414
01:42.197  render           | Time: 00:00.26 (Saving: 00:00.00)
01:42.197  render           | Rendering frame 415
01:42.197  render           | Start rendering: MORI_Assembly_Animation, 视图层
01:42.197  render           | Engine: EEVEE
01:42.242  render           | Fra: 415 | Rendering 1 / 32 samples
01:42.400  render           | Fra: 415 | Rendering 25 / 32 samples
01:42.445  render           | Fra: 415 | Rendering 32 / 32 samples
01:42.454  render           | Video append frame 415
01:42.454  render           | Time: 00:00.25 (Saving: 00:00.00)
01:42.454  render           | Rendering frame 416
01:42.454  render           | Start rendering: MORI_Assembly_Animation, 视图层
01:42.454  render           | Engine: EEVEE
01:42.499  render           | Fra: 416 | Rendering 1 / 32 samples
01:42.655  render           | Fra: 416 | Rendering 25 / 32 samples
01:42.700  render           | Fra: 416 | Rendering 32 / 32 samples
01:42.710  render           | Video append frame 416
01:42.710  render           | Time: 00:00.25 (Saving: 00:00.00)
01:42.710  render           | Rendering frame 417
01:42.710  render           | Start rendering: MORI_Assembly_Animation, 视图层
01:42.710  render           | Engine: EEVEE
01:42.753  render           | Fra: 417 | Rendering 1 / 32 samples
01:42.912  render           | Fra: 417 | Rendering 25 / 32 samples
01:42.959  render           | Fra: 417 | Rendering 32 / 32 samples
01:42.968  render           | Video append frame 417
01:42.968  render           | Time: 00:00.25 (Saving: 00:00.00)
01:42.968  render           | Rendering frame 418
01:42.969  render           | Start rendering: MORI_Assembly_Animation, 视图层
01:42.969  render           | Engine: EEVEE
01:43.013  render           | Fra: 418 | Rendering 1 / 32 samples
01:43.159  render           | Fra: 418 | Rendering 25 / 32 samples
01:43.197  render           | Fra: 418 | Rendering 32 / 32 samples
01:43.206  render           | Video append frame 418
01:43.206  render           | Time: 00:00.23 (Saving: 00:00.00)
01:43.206  render           | Rendering frame 419
01:43.206  render           | Start rendering: MORI_Assembly_Animation, 视图层
01:43.206  render           | Engine: EEVEE
01:43.245  render           | Fra: 419 | Rendering 1 / 32 samples
01:43.372  render           | Fra: 419 | Rendering 25 / 32 samples
01:43.409  render           | Fra: 419 | Rendering 32 / 32 samples
01:43.418  render           | Video append frame 419
01:43.418  render           | Time: 00:00.21 (Saving: 00:00.00)
01:43.418  render           | Rendering frame 420
01:43.418  render           | Start rendering: MORI_Assembly_Animation, 视图层
01:43.418  render           | Engine: EEVEE
01:43.458  render           | Fra: 420 | Rendering 1 / 32 samples
01:43.584  render           | Fra: 420 | Rendering 25 / 32 samples
01:43.621  render           | Fra: 420 | Rendering 32 / 32 samples
01:43.629  render           | Video append frame 420
01:43.629  render           | Time: 00:00.21 (Saving: 00:00.00)
01:43.629  render           | Rendering frame 421
01:43.629  render           | Start rendering: MORI_Assembly_Animation, 视图层
01:43.629  render           | Engine: EEVEE
01:43.671  render           | Fra: 421 | Rendering 1 / 32 samples
01:43.798  render           | Fra: 421 | Rendering 25 / 32 samples
01:43.834  render           | Fra: 421 | Rendering 32 / 32 samples
01:43.842  render           | Video append frame 421
01:43.843  render           | Time: 00:00.21 (Saving: 00:00.00)
01:43.843  render           | Rendering frame 422
01:43.843  render           | Start rendering: MORI_Assembly_Animation, 视图层
01:43.843  render           | Engine: EEVEE
01:43.882  render           | Fra: 422 | Rendering 1 / 32 samples
01:44.009  render           | Fra: 422 | Rendering 25 / 32 samples
01:44.046  render           | Fra: 422 | Rendering 32 / 32 samples
01:44.054  render           | Video append frame 422
01:44.054  render           | Time: 00:00.21 (Saving: 00:00.00)
01:44.054  render           | Rendering frame 423
01:44.054  render           | Start rendering: MORI_Assembly_Animation, 视图层
01:44.054  render           | Engine: EEVEE
01:44.095  render           | Fra: 423 | Rendering 1 / 32 samples
01:44.222  render           | Fra: 423 | Rendering 25 / 32 samples
01:44.259  render           | Fra: 423 | Rendering 32 / 32 samples
01:44.267  render           | Video append frame 423
01:44.267  render           | Time: 00:00.21 (Saving: 00:00.00)
01:44.267  render           | Rendering frame 424
01:44.267  render           | Start rendering: MORI_Assembly_Animation, 视图层
01:44.267  render           | Engine: EEVEE
01:44.306  render           | Fra: 424 | Rendering 1 / 32 samples
01:44.434  render           | Fra: 424 | Rendering 25 / 32 samples
01:44.470  render           | Fra: 424 | Rendering 32 / 32 samples
01:44.478  render           | Video append frame 424
01:44.478  render           | Time: 00:00.21 (Saving: 00:00.00)
01:44.478  render           | Rendering frame 425
01:44.478  render           | Start rendering: MORI_Assembly_Animation, 视图层
01:44.478  render           | Engine: EEVEE
01:44.520  render           | Fra: 425 | Rendering 1 / 32 samples
01:44.648  render           | Fra: 425 | Rendering 25 / 32 samples
01:44.684  render           | Fra: 425 | Rendering 32 / 32 samples
01:44.707  render           | Video append frame 425
01:44.707  render           | Time: 00:00.22 (Saving: 00:00.01)
01:44.707  render           | Rendering frame 426
01:44.707  render           | Start rendering: MORI_Assembly_Animation, 视图层
01:44.707  render           | Engine: EEVEE
01:44.745  render           | Fra: 426 | Rendering 1 / 32 samples
01:44.873  render           | Fra: 426 | Rendering 25 / 32 samples
01:44.910  render           | Fra: 426 | Rendering 32 / 32 samples
01:44.929  render           | Video append frame 426
01:44.929  render           | Time: 00:00.22 (Saving: 00:00.01)
01:44.929  render           | Rendering frame 427
01:44.929  render           | Start rendering: MORI_Assembly_Animation, 视图层
01:44.929  render           | Engine: EEVEE
01:44.993  render           | Fra: 427 | Rendering 1 / 32 samples
01:45.158  render           | Fra: 427 | Rendering 25 / 32 samples
01:45.204  render           | Fra: 427 | Rendering 32 / 32 samples
01:45.249  render           | Video append frame 427
01:45.249  render           | Time: 00:00.32 (Saving: 00:00.03)
01:45.249  render           | Rendering frame 428
01:45.250  render           | Start rendering: MORI_Assembly_Animation, 视图层
01:45.250  render           | Engine: EEVEE
01:45.292  render           | Fra: 428 | Rendering 1 / 32 samples
01:45.454  render           | Fra: 428 | Rendering 25 / 32 samples
01:45.500  render           | Fra: 428 | Rendering 32 / 32 samples
01:45.528  render           | Video append frame 428
01:45.528  render           | Time: 00:00.27 (Saving: 00:00.02)
01:45.528  render           | Rendering frame 429
01:45.528  render           | Start rendering: MORI_Assembly_Animation, 视图层
01:45.528  render           | Engine: EEVEE
01:45.572  render           | Fra: 429 | Rendering 1 / 32 samples
01:45.734  render           | Fra: 429 | Rendering 25 / 32 samples
01:45.781  render           | Fra: 429 | Rendering 32 / 32 samples
01:45.800  render           | Video append frame 429
01:45.800  render           | Time: 00:00.27 (Saving: 00:00.01)
01:45.800  render           | Rendering frame 430
01:45.800  render           | Start rendering: MORI_Assembly_Animation, 视图层
01:45.800  render           | Engine: EEVEE
01:45.843  render           | Fra: 430 | Rendering 1 / 32 samples
01:46.001  render           | Fra: 430 | Rendering 25 / 32 samples
01:46.048  render           | Fra: 430 | Rendering 32 / 32 samples
01:46.071  render           | Video append frame 430
01:46.071  render           | Time: 00:00.27 (Saving: 00:00.00)
01:46.071  render           | Rendering frame 431
01:46.071  render           | Start rendering: MORI_Assembly_Animation, 视图层
01:46.071  render           | Engine: EEVEE
01:46.118  render           | Fra: 431 | Rendering 1 / 32 samples
01:46.280  render           | Fra: 431 | Rendering 25 / 32 samples
01:46.326  render           | Fra: 431 | Rendering 32 / 32 samples
01:46.336  render           | Video append frame 431
01:46.336  render           | Time: 00:00.26 (Saving: 00:00.00)
01:46.336  render           | Rendering frame 432
01:46.336  render           | Start rendering: MORI_Assembly_Animation, 视图层
01:46.336  render           | Engine: EEVEE
01:46.384  render           | Fra: 432 | Rendering 1 / 32 samples
01:46.548  render           | Fra: 432 | Rendering 25 / 32 samples
01:46.594  render           | Fra: 432 | Rendering 32 / 32 samples
01:46.604  render           | Video append frame 432
01:46.604  render           | Time: 00:00.26 (Saving: 00:00.00)
01:46.604  render           | Rendering frame 433
01:46.604  render           | Start rendering: MORI_Assembly_Animation, 视图层
01:46.604  render           | Engine: EEVEE
01:46.653  render           | Fra: 433 | Rendering 1 / 32 samples
01:46.815  render           | Fra: 433 | Rendering 25 / 32 samples
01:46.861  render           | Fra: 433 | Rendering 32 / 32 samples
01:46.872  render           | Video append frame 433
01:46.872  render           | Time: 00:00.26 (Saving: 00:00.00)
01:46.872  render           | Rendering frame 434
01:46.872  render           | Start rendering: MORI_Assembly_Animation, 视图层
01:46.872  render           | Engine: EEVEE
01:46.919  render           | Fra: 434 | Rendering 1 / 32 samples
01:47.082  render           | Fra: 434 | Rendering 25 / 32 samples
01:47.130  render           | Fra: 434 | Rendering 32 / 32 samples
01:47.140  render           | Video append frame 434
01:47.140  render           | Time: 00:00.26 (Saving: 00:00.00)
01:47.140  render           | Rendering frame 435
01:47.140  render           | Start rendering: MORI_Assembly_Animation, 视图层
01:47.140  render           | Engine: EEVEE
01:47.188  render           | Fra: 435 | Rendering 1 / 32 samples
01:47.362  render           | Fra: 435 | Rendering 25 / 32 samples
01:47.409  render           | Fra: 435 | Rendering 32 / 32 samples
01:47.419  render           | Video append frame 435
01:47.419  render           | Time: 00:00.27 (Saving: 00:00.00)
01:47.419  render           | Rendering frame 436
01:47.419  render           | Start rendering: MORI_Assembly_Animation, 视图层
01:47.419  render           | Engine: EEVEE
01:47.470  render           | Fra: 436 | Rendering 1 / 32 samples
01:47.635  render           | Fra: 436 | Rendering 25 / 32 samples
01:47.682  render           | Fra: 436 | Rendering 32 / 32 samples
01:47.692  render           | Video append frame 436
01:47.692  render           | Time: 00:00.27 (Saving: 00:00.00)
01:47.692  render           | Rendering frame 437
01:47.692  render           | Start rendering: MORI_Assembly_Animation, 视图层
01:47.692  render           | Engine: EEVEE
01:47.741  render           | Fra: 437 | Rendering 1 / 32 samples
01:47.899  render           | Fra: 437 | Rendering 25 / 32 samples
01:47.945  render           | Fra: 437 | Rendering 32 / 32 samples
01:47.954  render           | Video append frame 437
01:47.954  render           | Time: 00:00.26 (Saving: 00:00.00)
01:47.954  render           | Rendering frame 438
01:47.954  render           | Start rendering: MORI_Assembly_Animation, 视图层
01:47.954  render           | Engine: EEVEE
01:47.998  render           | Fra: 438 | Rendering 1 / 32 samples
01:48.157  render           | Fra: 438 | Rendering 25 / 32 samples
01:48.203  render           | Fra: 438 | Rendering 32 / 32 samples
01:48.213  render           | Video append frame 438
01:48.213  render           | Time: 00:00.25 (Saving: 00:00.00)
01:48.213  render           | Rendering frame 439
01:48.213  render           | Start rendering: MORI_Assembly_Animation, 视图层
01:48.213  render           | Engine: EEVEE
01:48.260  render           | Fra: 439 | Rendering 1 / 32 samples
01:48.417  render           | Fra: 439 | Rendering 25 / 32 samples
01:48.462  render           | Fra: 439 | Rendering 32 / 32 samples
01:48.471  render           | Video append frame 439
01:48.471  render           | Time: 00:00.25 (Saving: 00:00.00)
01:48.471  render           | Rendering frame 440
01:48.471  render           | Start rendering: MORI_Assembly_Animation, 视图层
01:48.471  render           | Engine: EEVEE
01:48.513  render           | Fra: 440 | Rendering 1 / 32 samples
01:48.670  render           | Fra: 440 | Rendering 25 / 32 samples
01:48.716  render           | Fra: 440 | Rendering 32 / 32 samples
01:48.725  render           | Video append frame 440
01:48.725  render           | Time: 00:00.25 (Saving: 00:00.00)
01:48.725  render           | Rendering frame 441
01:48.725  render           | Start rendering: MORI_Assembly_Animation, 视图层
01:48.725  render           | Engine: EEVEE
01:48.773  render           | Fra: 441 | Rendering 1 / 32 samples
01:48.930  render           | Fra: 441 | Rendering 25 / 32 samples
01:48.975  render           | Fra: 441 | Rendering 32 / 32 samples
01:48.984  render           | Video append frame 441
01:48.984  render           | Time: 00:00.25 (Saving: 00:00.00)
01:48.984  render           | Rendering frame 442
01:48.984  render           | Start rendering: MORI_Assembly_Animation, 视图层
01:48.984  render           | Engine: EEVEE
01:49.030  render           | Fra: 442 | Rendering 1 / 32 samples
01:49.188  render           | Fra: 442 | Rendering 25 / 32 samples
01:49.234  render           | Fra: 442 | Rendering 32 / 32 samples
01:49.244  render           | Video append frame 442
01:49.244  render           | Time: 00:00.25 (Saving: 00:00.00)
01:49.244  render           | Rendering frame 443
01:49.244  render           | Start rendering: MORI_Assembly_Animation, 视图层
01:49.244  render           | Engine: EEVEE
01:49.283  render           | Fra: 443 | Rendering 1 / 32 samples
01:49.443  render           | Fra: 443 | Rendering 25 / 32 samples
01:49.489  render           | Fra: 443 | Rendering 32 / 32 samples
01:49.508  render           | Video append frame 443
01:49.508  render           | Time: 00:00.26 (Saving: 00:00.01)
01:49.508  render           | Rendering frame 444
01:49.508  render           | Start rendering: MORI_Assembly_Animation, 视图层
01:49.508  render           | Engine: EEVEE
01:49.552  render           | Fra: 444 | Rendering 1 / 32 samples
01:49.711  render           | Fra: 444 | Rendering 25 / 32 samples
01:49.757  render           | Fra: 444 | Rendering 32 / 32 samples
01:49.777  render           | Video append frame 444
01:49.777  render           | Time: 00:00.26 (Saving: 00:00.01)
01:49.777  render           | Rendering frame 445
01:49.777  render           | Start rendering: MORI_Assembly_Animation, 视图层
01:49.777  render           | Engine: EEVEE
01:49.822  render           | Fra: 445 | Rendering 1 / 32 samples
01:49.981  render           | Fra: 445 | Rendering 25 / 32 samples
01:50.028  render           | Fra: 445 | Rendering 32 / 32 samples
01:50.059  render           | Video append frame 445
01:50.059  render           | Time: 00:00.28 (Saving: 00:00.01)
01:50.059  render           | Rendering frame 446
01:50.059  render           | Start rendering: MORI_Assembly_Animation, 视图层
01:50.059  render           | Engine: EEVEE
01:50.123  render           | Fra: 446 | Rendering 1 / 32 samples
01:50.316  render           | Fra: 446 | Rendering 25 / 32 samples
01:50.372  render           | Fra: 446 | Rendering 32 / 32 samples
01:50.383  render           | Video append frame 446
01:50.383  render           | Time: 00:00.32 (Saving: 00:00.00)
01:50.383  render           | Rendering frame 447
01:50.383  render           | Start rendering: MORI_Assembly_Animation, 视图层
01:50.383  render           | Engine: EEVEE
01:50.436  render           | Fra: 447 | Rendering 1 / 32 samples
01:50.636  render           | Fra: 447 | Rendering 25 / 32 samples
01:50.692  render           | Fra: 447 | Rendering 32 / 32 samples
01:50.703  render           | Video append frame 447
01:50.703  render           | Time: 00:00.32 (Saving: 00:00.00)
01:50.703  render           | Rendering frame 448
01:50.703  render           | Start rendering: MORI_Assembly_Animation, 视图层
01:50.703  render           | Engine: EEVEE
01:50.748  render           | Fra: 448 | Rendering 1 / 32 samples
01:50.941  render           | Fra: 448 | Rendering 25 / 32 samples
01:50.996  render           | Fra: 448 | Rendering 32 / 32 samples
01:51.007  render           | Video append frame 448
01:51.007  render           | Time: 00:00.30 (Saving: 00:00.00)
01:51.007  render           | Rendering frame 449
01:51.007  render           | Start rendering: MORI_Assembly_Animation, 视图层
01:51.007  render           | Engine: EEVEE
01:51.056  render           | Fra: 449 | Rendering 1 / 32 samples
01:51.250  render           | Fra: 449 | Rendering 25 / 32 samples
01:51.305  render           | Fra: 449 | Rendering 32 / 32 samples
01:51.317  render           | Video append frame 449
01:51.317  render           | Time: 00:00.31 (Saving: 00:00.00)
01:51.317  render           | Rendering frame 450
01:51.317  render           | Start rendering: MORI_Assembly_Animation, 视图层
01:51.318  render           | Engine: EEVEE
01:51.366  render           | Fra: 450 | Rendering 1 / 32 samples
01:51.558  render           | Fra: 450 | Rendering 25 / 32 samples
01:51.615  render           | Fra: 450 | Rendering 32 / 32 samples
01:51.625  render           | Video append frame 450
01:51.625  render           | Time: 00:00.30 (Saving: 00:00.00)
01:51.625  render           | Rendering frame 451
01:51.625  render           | Start rendering: MORI_Assembly_Animation, 视图层
01:51.625  render           | Engine: EEVEE
01:51.674  render           | Fra: 451 | Rendering 1 / 32 samples
01:51.867  render           | Fra: 451 | Rendering 25 / 32 samples
01:51.922  render           | Fra: 451 | Rendering 32 / 32 samples
01:51.934  render           | Video append frame 451
01:51.934  render           | Time: 00:00.30 (Saving: 00:00.00)
01:51.934  render           | Rendering frame 452
01:51.934  render           | Start rendering: MORI_Assembly_Animation, 视图层
01:51.934  render           | Engine: EEVEE
01:51.981  render           | Fra: 452 | Rendering 1 / 32 samples
01:52.168  render           | Fra: 452 | Rendering 25 / 32 samples
01:52.223  render           | Fra: 452 | Rendering 32 / 32 samples
01:52.233  render           | Video append frame 452
01:52.233  render           | Time: 00:00.29 (Saving: 00:00.00)
01:52.233  render           | Rendering frame 453
01:52.233  render           | Start rendering: MORI_Assembly_Animation, 视图层
01:52.233  render           | Engine: EEVEE
01:52.278  render           | Fra: 453 | Rendering 1 / 32 samples
01:52.465  render           | Fra: 453 | Rendering 25 / 32 samples
01:52.518  render           | Fra: 453 | Rendering 32 / 32 samples
01:52.528  render           | Video append frame 453
01:52.528  render           | Time: 00:00.29 (Saving: 00:00.00)
01:52.528  render           | Rendering frame 454
01:52.528  render           | Start rendering: MORI_Assembly_Animation, 视图层
01:52.528  render           | Engine: EEVEE
01:52.572  render           | Fra: 454 | Rendering 1 / 32 samples
01:52.758  render           | Fra: 454 | Rendering 25 / 32 samples
01:52.812  render           | Fra: 454 | Rendering 32 / 32 samples
01:52.822  render           | Video append frame 454
01:52.822  render           | Time: 00:00.29 (Saving: 00:00.00)
01:52.822  render           | Rendering frame 455
01:52.822  render           | Start rendering: MORI_Assembly_Animation, 视图层
01:52.822  render           | Engine: EEVEE
01:52.866  render           | Fra: 455 | Rendering 1 / 32 samples
01:53.054  render           | Fra: 455 | Rendering 25 / 32 samples
01:53.108  render           | Fra: 455 | Rendering 32 / 32 samples
01:53.118  render           | Video append frame 455
01:53.118  render           | Time: 00:00.29 (Saving: 00:00.00)
01:53.118  render           | Rendering frame 456
01:53.118  render           | Start rendering: MORI_Assembly_Animation, 视图层
01:53.118  render           | Engine: EEVEE
01:53.161  render           | Fra: 456 | Rendering 1 / 32 samples
01:53.348  render           | Fra: 456 | Rendering 25 / 32 samples
01:53.402  render           | Fra: 456 | Rendering 32 / 32 samples
01:53.412  render           | Video append frame 456
01:53.412  render           | Time: 00:00.29 (Saving: 00:00.00)
01:53.412  render           | Rendering frame 457
01:53.412  render           | Start rendering: MORI_Assembly_Animation, 视图层
01:53.412  render           | Engine: EEVEE
01:53.454  render           | Fra: 457 | Rendering 1 / 32 samples
01:53.642  render           | Fra: 457 | Rendering 25 / 32 samples
01:53.697  render           | Fra: 457 | Rendering 32 / 32 samples
01:53.716  render           | Video append frame 457
01:53.716  render           | Time: 00:00.30 (Saving: 00:00.01)
01:53.716  render           | Rendering frame 458
01:53.716  render           | Start rendering: MORI_Assembly_Animation, 视图层
01:53.716  render           | Engine: EEVEE
01:53.760  render           | Fra: 458 | Rendering 1 / 32 samples
01:53.949  render           | Fra: 458 | Rendering 25 / 32 samples
01:54.004  render           | Fra: 458 | Rendering 32 / 32 samples
01:54.026  render           | Video append frame 458
01:54.026  render           | Time: 00:00.31 (Saving: 00:00.01)
01:54.026  render           | Rendering frame 459
01:54.026  render           | Start rendering: MORI_Assembly_Animation, 视图层
01:54.026  render           | Engine: EEVEE
01:54.072  render           | Fra: 459 | Rendering 1 / 32 samples
01:54.260  render           | Fra: 459 | Rendering 25 / 32 samples
01:54.314  render           | Fra: 459 | Rendering 32 / 32 samples
01:54.348  render           | Video append frame 459
01:54.348  render           | Time: 00:00.32 (Saving: 00:00.02)
01:54.348  render           | Rendering frame 460
01:54.348  render           | Start rendering: MORI_Assembly_Animation, 视图层
01:54.348  render           | Engine: EEVEE
01:54.395  render           | Fra: 460 | Rendering 1 / 32 samples
01:54.586  render           | Fra: 460 | Rendering 25 / 32 samples
01:54.641  render           | Fra: 460 | Rendering 32 / 32 samples
01:54.661  render           | Video append frame 460
01:54.661  render           | Time: 00:00.31 (Saving: 00:00.01)
01:54.661  render           | Rendering frame 461
01:54.661  render           | Start rendering: MORI_Assembly_Animation, 视图层
01:54.661  render           | Engine: EEVEE
01:54.714  render           | Fra: 461 | Rendering 1 / 32 samples
01:54.907  render           | Fra: 461 | Rendering 25 / 32 samples
01:54.962  render           | Fra: 461 | Rendering 32 / 32 samples
01:54.972  render           | Video append frame 461
01:54.972  render           | Time: 00:00.31 (Saving: 00:00.00)
01:54.972  render           | Rendering frame 462
01:54.972  render           | Start rendering: MORI_Assembly_Animation, 视图层
01:54.972  render           | Engine: EEVEE
01:55.016  render           | Fra: 462 | Rendering 1 / 32 samples
01:55.211  render           | Fra: 462 | Rendering 25 / 32 samples
01:55.267  render           | Fra: 462 | Rendering 32 / 32 samples
01:55.277  render           | Video append frame 462
01:55.277  render           | Time: 00:00.30 (Saving: 00:00.00)
01:55.277  render           | Rendering frame 463
01:55.277  render           | Start rendering: MORI_Assembly_Animation, 视图层
01:55.277  render           | Engine: EEVEE
01:55.326  render           | Fra: 463 | Rendering 1 / 32 samples
01:55.516  render           | Fra: 463 | Rendering 25 / 32 samples
01:55.572  render           | Fra: 463 | Rendering 32 / 32 samples
01:55.582  render           | Video append frame 463
01:55.582  render           | Time: 00:00.30 (Saving: 00:00.00)
01:55.582  render           | Rendering frame 464
01:55.582  render           | Start rendering: MORI_Assembly_Animation, 视图层
01:55.582  render           | Engine: EEVEE
01:55.630  render           | Fra: 464 | Rendering 1 / 32 samples
01:55.822  render           | Fra: 464 | Rendering 25 / 32 samples
01:55.878  render           | Fra: 464 | Rendering 32 / 32 samples
01:55.888  render           | Video append frame 464
01:55.888  render           | Time: 00:00.30 (Saving: 00:00.00)
01:55.888  render           | Rendering frame 465
01:55.888  render           | Start rendering: MORI_Assembly_Animation, 视图层
01:55.888  render           | Engine: EEVEE
01:55.939  render           | Fra: 465 | Rendering 1 / 32 samples
01:56.131  render           | Fra: 465 | Rendering 25 / 32 samples
01:56.187  render           | Fra: 465 | Rendering 32 / 32 samples
01:56.198  render           | Video append frame 465
01:56.198  render           | Time: 00:00.30 (Saving: 00:00.00)
01:56.198  render           | Rendering frame 466
01:56.198  render           | Start rendering: MORI_Assembly_Animation, 视图层
01:56.198  render           | Engine: EEVEE
01:56.248  render           | Fra: 466 | Rendering 1 / 32 samples
01:56.438  render           | Fra: 466 | Rendering 25 / 32 samples
01:56.493  render           | Fra: 466 | Rendering 32 / 32 samples
01:56.503  render           | Video append frame 466
01:56.503  render           | Time: 00:00.30 (Saving: 00:00.00)
01:56.503  render           | Rendering frame 467
01:56.503  render           | Start rendering: MORI_Assembly_Animation, 视图层
01:56.503  render           | Engine: EEVEE
01:56.548  render           | Fra: 467 | Rendering 1 / 32 samples
01:56.733  render           | Fra: 467 | Rendering 25 / 32 samples
01:56.788  render           | Fra: 467 | Rendering 32 / 32 samples
01:56.797  render           | Video append frame 467
01:56.797  render           | Time: 00:00.29 (Saving: 00:00.00)
01:56.797  render           | Rendering frame 468
01:56.797  render           | Start rendering: MORI_Assembly_Animation, 视图层
01:56.797  render           | Engine: EEVEE
01:56.839  render           | Fra: 468 | Rendering 1 / 32 samples
01:57.028  render           | Fra: 468 | Rendering 25 / 32 samples
01:57.082  render           | Fra: 468 | Rendering 32 / 32 samples
01:57.092  render           | Video append frame 468
01:57.092  render           | Time: 00:00.29 (Saving: 00:00.00)
01:57.092  render           | Rendering frame 469
01:57.092  render           | Start rendering: MORI_Assembly_Animation, 视图层
01:57.092  render           | Engine: EEVEE
01:57.135  render           | Fra: 469 | Rendering 1 / 32 samples
01:57.322  render           | Fra: 469 | Rendering 25 / 32 samples
01:57.376  render           | Fra: 469 | Rendering 32 / 32 samples
01:57.386  render           | Video append frame 469
01:57.386  render           | Time: 00:00.29 (Saving: 00:00.00)
01:57.386  render           | Rendering frame 470
01:57.386  render           | Start rendering: MORI_Assembly_Animation, 视图层
01:57.386  render           | Engine: EEVEE
01:57.428  render           | Fra: 470 | Rendering 1 / 32 samples
01:57.615  render           | Fra: 470 | Rendering 25 / 32 samples
01:57.670  render           | Fra: 470 | Rendering 32 / 32 samples
01:57.679  render           | Video append frame 470
01:57.679  render           | Time: 00:00.29 (Saving: 00:00.00)
01:57.679  render           | Rendering frame 471
01:57.679  render           | Start rendering: MORI_Assembly_Animation, 视图层
01:57.679  render           | Engine: EEVEE
01:57.722  render           | Fra: 471 | Rendering 1 / 32 samples
01:57.906  render           | Fra: 471 | Rendering 25 / 32 samples
01:57.961  render           | Fra: 471 | Rendering 32 / 32 samples
01:57.979  render           | Video append frame 471
01:57.979  render           | Time: 00:00.30 (Saving: 00:00.01)
01:57.979  render           | Rendering frame 472
01:57.979  render           | Start rendering: MORI_Assembly_Animation, 视图层
01:57.979  render           | Engine: EEVEE
01:58.021  render           | Fra: 472 | Rendering 1 / 32 samples
01:58.207  render           | Fra: 472 | Rendering 25 / 32 samples
01:58.262  render           | Fra: 472 | Rendering 32 / 32 samples
01:58.275  render           | Video append frame 472
01:58.275  render           | Time: 00:00.29 (Saving: 00:00.00)
01:58.275  render           | Rendering frame 473
01:58.275  render           | Start rendering: MORI_Assembly_Animation, 视图层
01:58.275  render           | Engine: EEVEE
01:58.319  render           | Fra: 473 | Rendering 1 / 32 samples
01:58.506  render           | Fra: 473 | Rendering 25 / 32 samples
01:58.562  render           | Fra: 473 | Rendering 32 / 32 samples
01:58.584  render           | Video append frame 473
01:58.584  render           | Time: 00:00.30 (Saving: 00:00.01)
01:58.584  render           | Rendering frame 474
01:58.584  render           | Start rendering: MORI_Assembly_Animation, 视图层
01:58.584  render           | Engine: EEVEE
01:58.629  render           | Fra: 474 | Rendering 1 / 32 samples
01:58.818  render           | Fra: 474 | Rendering 25 / 32 samples
01:58.873  render           | Fra: 474 | Rendering 32 / 32 samples
01:58.896  render           | Video append frame 474
01:58.896  render           | Time: 00:00.31 (Saving: 00:00.01)
01:58.896  render           | Rendering frame 475
01:58.896  render           | Start rendering: MORI_Assembly_Animation, 视图层
01:58.896  render           | Engine: EEVEE
01:58.999  render           | Fra: 475 | Rendering 1 / 32 samples
01:59.220  render           | Fra: 475 | Rendering 25 / 32 samples
01:59.275  render           | Fra: 475 | Rendering 32 / 32 samples
01:59.303  render           | Video append frame 475
01:59.303  render           | Time: 00:00.40 (Saving: 00:00.02)
01:59.303  render           | Rendering frame 476
01:59.303  render           | Start rendering: MORI_Assembly_Animation, 视图层
01:59.303  render           | Engine: EEVEE
01:59.354  render           | Fra: 476 | Rendering 1 / 32 samples
01:59.520  render           | Fra: 476 | Rendering 25 / 32 samples
01:59.567  render           | Fra: 476 | Rendering 32 / 32 samples
01:59.593  render           | Video append frame 476
01:59.593  render           | Time: 00:00.29 (Saving: 00:00.02)
01:59.593  render           | Rendering frame 477
01:59.593  render           | Start rendering: MORI_Assembly_Animation, 视图层
01:59.593  render           | Engine: EEVEE
01:59.641  render           | Fra: 477 | Rendering 1 / 32 samples
01:59.802  render           | Fra: 477 | Rendering 25 / 32 samples
01:59.849  render           | Fra: 477 | Rendering 32 / 32 samples
01:59.859  render           | Video append frame 477
01:59.859  render           | Time: 00:00.26 (Saving: 00:00.00)
01:59.859  render           | Rendering frame 478
01:59.859  render           | Start rendering: MORI_Assembly_Animation, 视图层
01:59.859  render           | Engine: EEVEE
01:59.908  render           | Fra: 478 | Rendering 1 / 32 samples
02:00.069  render           | Fra: 478 | Rendering 25 / 32 samples
02:00.117  render           | Fra: 478 | Rendering 32 / 32 samples
02:00.127  render           | Video append frame 478
02:00.127  render           | Time: 00:00.26 (Saving: 00:00.00)
02:00.127  render           | Rendering frame 479
02:00.127  render           | Start rendering: MORI_Assembly_Animation, 视图层
02:00.127  render           | Engine: EEVEE
02:00.177  render           | Fra: 479 | Rendering 1 / 32 samples
02:00.342  render           | Fra: 479 | Rendering 25 / 32 samples
02:00.389  render           | Fra: 479 | Rendering 32 / 32 samples
02:00.399  render           | Video append frame 479
02:00.399  render           | Time: 00:00.27 (Saving: 00:00.00)
02:00.399  render           | Rendering frame 480
02:00.399  render           | Start rendering: MORI_Assembly_Animation, 视图层
02:00.399  render           | Engine: EEVEE
02:00.452  render           | Fra: 480 | Rendering 1 / 32 samples
02:00.614  render           | Fra: 480 | Rendering 25 / 32 samples
02:00.663  render           | Fra: 480 | Rendering 32 / 32 samples
02:00.674  render           | Video append frame 480
02:00.674  render           | Time: 00:00.27 (Saving: 00:00.00)
02:00.674  render           | Rendering frame 481
02:00.674  render           | Start rendering: MORI_Assembly_Animation, 视图层
02:00.674  render           | Engine: EEVEE
02:00.727  render           | Fra: 481 | Rendering 1 / 32 samples
02:00.893  render           | Fra: 481 | Rendering 25 / 32 samples
02:00.940  render           | Fra: 481 | Rendering 32 / 32 samples
02:00.951  render           | Video append frame 481
02:00.951  render           | Time: 00:00.27 (Saving: 00:00.00)
02:00.951  render           | Rendering frame 482
02:00.951  render           | Start rendering: MORI_Assembly_Animation, 视图层
02:00.951  render           | Engine: EEVEE
02:01.001  render           | Fra: 482 | Rendering 1 / 32 samples
02:01.165  render           | Fra: 482 | Rendering 25 / 32 samples
02:01.212  render           | Fra: 482 | Rendering 32 / 32 samples
02:01.222  render           | Video append frame 482
02:01.222  render           | Time: 00:00.27 (Saving: 00:00.00)
02:01.222  render           | Rendering frame 483
02:01.222  render           | Start rendering: MORI_Assembly_Animation, 视图层
02:01.222  render           | Engine: EEVEE
02:01.271  render           | Fra: 483 | Rendering 1 / 32 samples
02:01.436  render           | Fra: 483 | Rendering 25 / 32 samples
02:01.483  render           | Fra: 483 | Rendering 32 / 32 samples
02:01.493  render           | Video append frame 483
02:01.493  render           | Time: 00:00.27 (Saving: 00:00.00)
02:01.493  render           | Rendering frame 484
02:01.494  render           | Start rendering: MORI_Assembly_Animation, 视图层
02:01.494  render           | Engine: EEVEE
02:01.545  render           | Fra: 484 | Rendering 1 / 32 samples
02:01.706  render           | Fra: 484 | Rendering 25 / 32 samples
02:01.751  render           | Fra: 484 | Rendering 32 / 32 samples
02:01.761  render           | Video append frame 484
02:01.761  render           | Time: 00:00.26 (Saving: 00:00.00)
02:01.761  render           | Rendering frame 485
02:01.761  render           | Start rendering: MORI_Assembly_Animation, 视图层
02:01.761  render           | Engine: EEVEE
02:01.812  render           | Fra: 485 | Rendering 1 / 32 samples
02:01.969  render           | Fra: 485 | Rendering 25 / 32 samples
02:02.015  render           | Fra: 485 | Rendering 32 / 32 samples
02:02.024  render           | Video append frame 485
02:02.024  render           | Time: 00:00.26 (Saving: 00:00.00)
02:02.024  render           | Rendering frame 486
02:02.024  render           | Start rendering: MORI_Assembly_Animation, 视图层
02:02.024  render           | Engine: EEVEE
02:02.072  render           | Fra: 486 | Rendering 1 / 32 samples
02:02.229  render           | Fra: 486 | Rendering 25 / 32 samples
02:02.274  render           | Fra: 486 | Rendering 32 / 32 samples
02:02.284  render           | Video append frame 486
02:02.284  render           | Time: 00:00.25 (Saving: 00:00.00)
02:02.284  render           | Rendering frame 487
02:02.284  render           | Start rendering: MORI_Assembly_Animation, 视图层
02:02.284  render           | Engine: EEVEE
02:02.330  render           | Fra: 487 | Rendering 1 / 32 samples
02:02.487  render           | Fra: 487 | Rendering 25 / 32 samples
02:02.533  render           | Fra: 487 | Rendering 32 / 32 samples
02:02.543  render           | Video append frame 487
02:02.543  render           | Time: 00:00.25 (Saving: 00:00.00)
02:02.543  render           | Rendering frame 488
02:02.543  render           | Start rendering: MORI_Assembly_Animation, 视图层
02:02.543  render           | Engine: EEVEE
02:02.588  render           | Fra: 488 | Rendering 1 / 32 samples
02:02.745  render           | Fra: 488 | Rendering 25 / 32 samples
02:02.791  render           | Fra: 488 | Rendering 32 / 32 samples
02:02.801  render           | Video append frame 488
02:02.801  render           | Time: 00:00.25 (Saving: 00:00.00)
02:02.801  render           | Rendering frame 489
02:02.801  render           | Start rendering: MORI_Assembly_Animation, 视图层
02:02.801  render           | Engine: EEVEE
02:02.847  render           | Fra: 489 | Rendering 1 / 32 samples
02:03.005  render           | Fra: 489 | Rendering 25 / 32 samples
02:03.051  render           | Fra: 489 | Rendering 32 / 32 samples
02:03.060  render           | Video append frame 489
02:03.060  render           | Time: 00:00.25 (Saving: 00:00.00)
02:03.060  render           | Rendering frame 490
02:03.061  render           | Start rendering: MORI_Assembly_Animation, 视图层
02:03.061  render           | Engine: EEVEE
02:03.106  render           | Fra: 490 | Rendering 1 / 32 samples
02:03.265  render           | Fra: 490 | Rendering 25 / 32 samples
02:03.311  render           | Fra: 490 | Rendering 32 / 32 samples
02:03.341  render           | Video append frame 490
02:03.341  render           | Time: 00:00.28 (Saving: 00:00.02)
02:03.341  render           | Rendering frame 491
02:03.341  render           | Start rendering: MORI_Assembly_Animation, 视图层
02:03.341  render           | Engine: EEVEE
02:03.387  render           | Fra: 491 | Rendering 1 / 32 samples
02:03.548  render           | Fra: 491 | Rendering 25 / 32 samples
02:03.595  render           | Fra: 491 | Rendering 32 / 32 samples
02:03.628  render           | Video append frame 491
02:03.628  render           | Time: 00:00.28 (Saving: 00:00.02)
02:03.628  render           | Rendering frame 492
02:03.628  render           | Start rendering: MORI_Assembly_Animation, 视图层
02:03.628  render           | Engine: EEVEE
02:03.677  render           | Fra: 492 | Rendering 1 / 32 samples
02:03.837  render           | Fra: 492 | Rendering 25 / 32 samples
02:03.885  render           | Fra: 492 | Rendering 32 / 32 samples
02:03.899  render           | Video append frame 492
02:03.899  render           | Time: 00:00.27 (Saving: 00:00.00)
02:03.899  render           | Rendering frame 493
02:03.899  render           | Start rendering: MORI_Assembly_Animation, 视图层
02:03.899  render           | Engine: EEVEE
02:03.949  render           | Fra: 493 | Rendering 1 / 32 samples
02:04.112  render           | Fra: 493 | Rendering 25 / 32 samples
02:04.159  render           | Fra: 493 | Rendering 32 / 32 samples
02:04.182  render           | Video append frame 493
02:04.182  render           | Time: 00:00.28 (Saving: 00:00.01)
02:04.182  render           | Rendering frame 494
02:04.182  render           | Start rendering: MORI_Assembly_Animation, 视图层
02:04.182  render           | Engine: EEVEE
02:04.235  render           | Fra: 494 | Rendering 1 / 32 samples
02:04.397  render           | Fra: 494 | Rendering 25 / 32 samples
02:04.444  render           | Fra: 494 | Rendering 32 / 32 samples
02:04.472  render           | Video append frame 494
02:04.472  render           | Time: 00:00.28 (Saving: 00:00.02)
02:04.472  render           | Rendering frame 495
02:04.472  render           | Start rendering: MORI_Assembly_Animation, 视图层
02:04.472  render           | Engine: EEVEE
02:04.522  render           | Fra: 495 | Rendering 1 / 32 samples
02:04.684  render           | Fra: 495 | Rendering 25 / 32 samples
02:04.731  render           | Fra: 495 | Rendering 32 / 32 samples
02:04.759  render           | Video append frame 495
02:04.759  render           | Time: 00:00.28 (Saving: 00:00.01)
02:04.759  render           | Rendering frame 496
02:04.759  render           | Start rendering: MORI_Assembly_Animation, 视图层
02:04.759  render           | Engine: EEVEE
02:04.809  render           | Fra: 496 | Rendering 1 / 32 samples
02:04.975  render           | Fra: 496 | Rendering 25 / 32 samples
02:05.023  render           | Fra: 496 | Rendering 32 / 32 samples
02:05.034  render           | Video append frame 496
02:05.034  render           | Time: 00:00.27 (Saving: 00:00.00)
02:05.034  render           | Rendering frame 497
02:05.035  render           | Start rendering: MORI_Assembly_Animation, 视图层
02:05.035  render           | Engine: EEVEE
02:05.085  render           | Fra: 497 | Rendering 1 / 32 samples
02:05.249  render           | Fra: 497 | Rendering 25 / 32 samples
02:05.296  render           | Fra: 497 | Rendering 32 / 32 samples
02:05.312  render           | Video append frame 497
02:05.312  render           | Time: 00:00.27 (Saving: 00:00.01)
02:05.312  render           | Rendering frame 498
02:05.313  render           | Start rendering: MORI_Assembly_Animation, 视图层
02:05.313  render           | Engine: EEVEE
02:05.364  render           | Fra: 498 | Rendering 1 / 32 samples
02:05.528  render           | Fra: 498 | Rendering 25 / 32 samples
02:05.575  render           | Fra: 498 | Rendering 32 / 32 samples
02:05.585  render           | Video append frame 498
02:05.585  render           | Time: 00:00.27 (Saving: 00:00.00)
02:05.585  render           | Rendering frame 499
02:05.585  render           | Start rendering: MORI_Assembly_Animation, 视图层
02:05.585  render           | Engine: EEVEE
02:05.637  render           | Fra: 499 | Rendering 1 / 32 samples
02:05.799  render           | Fra: 499 | Rendering 25 / 32 samples
02:05.846  render           | Fra: 499 | Rendering 32 / 32 samples
02:05.857  render           | Video append frame 499
02:05.857  render           | Time: 00:00.27 (Saving: 00:00.00)
02:05.857  render           | Rendering frame 500
02:05.857  render           | Start rendering: MORI_Assembly_Animation, 视图层
02:05.857  render           | Engine: EEVEE
02:05.911  render           | Fra: 500 | Rendering 1 / 32 samples
02:06.074  render           | Fra: 500 | Rendering 25 / 32 samples
02:06.122  render           | Fra: 500 | Rendering 32 / 32 samples
02:06.132  render           | Video append frame 500
02:06.132  render           | Time: 00:00.27 (Saving: 00:00.00)
02:06.132  render           | Rendering frame 501
02:06.132  render           | Start rendering: MORI_Assembly_Animation, 视图层
02:06.132  render           | Engine: EEVEE
02:06.184  render           | Fra: 501 | Rendering 1 / 32 samples
02:06.347  render           | Fra: 501 | Rendering 25 / 32 samples
02:06.395  render           | Fra: 501 | Rendering 32 / 32 samples
02:06.405  render           | Video append frame 501
02:06.405  render           | Time: 00:00.27 (Saving: 00:00.00)
02:06.405  render           | Rendering frame 502
02:06.405  render           | Start rendering: MORI_Assembly_Animation, 视图层
02:06.405  render           | Engine: EEVEE
02:06.458  render           | Fra: 502 | Rendering 1 / 32 samples
02:06.622  render           | Fra: 502 | Rendering 25 / 32 samples
02:06.669  render           | Fra: 502 | Rendering 32 / 32 samples
02:06.680  render           | Video append frame 502
02:06.680  render           | Time: 00:00.27 (Saving: 00:00.00)
02:06.680  render           | Rendering frame 503
02:06.680  render           | Start rendering: MORI_Assembly_Animation, 视图层
02:06.680  render           | Engine: EEVEE
02:06.734  render           | Fra: 503 | Rendering 1 / 32 samples
02:06.893  render           | Fra: 503 | Rendering 25 / 32 samples
02:06.939  render           | Fra: 503 | Rendering 32 / 32 samples
02:06.949  render           | Video append frame 503
02:06.949  render           | Time: 00:00.26 (Saving: 00:00.00)
02:06.949  render           | Rendering frame 504
02:06.949  render           | Start rendering: MORI_Assembly_Animation, 视图层
02:06.949  render           | Engine: EEVEE
02:06.999  render           | Fra: 504 | Rendering 1 / 32 samples
02:07.157  render           | Fra: 504 | Rendering 25 / 32 samples
02:07.203  render           | Fra: 504 | Rendering 32 / 32 samples
02:07.212  render           | Video append frame 504
02:07.212  render           | Time: 00:00.26 (Saving: 00:00.00)
02:07.212  render           | Rendering frame 505
02:07.212  render           | Start rendering: MORI_Assembly_Animation, 视图层
02:07.212  render           | Engine: EEVEE
02:07.262  render           | Fra: 505 | Rendering 1 / 32 samples
02:07.419  render           | Fra: 505 | Rendering 25 / 32 samples
02:07.464  render           | Fra: 505 | Rendering 32 / 32 samples
02:07.474  render           | Video append frame 505
02:07.474  render           | Time: 00:00.26 (Saving: 00:00.00)
02:07.474  render           | Rendering frame 506
02:07.474  render           | Start rendering: MORI_Assembly_Animation, 视图层
02:07.474  render           | Engine: EEVEE
02:07.521  render           | Fra: 506 | Rendering 1 / 32 samples
02:07.678  render           | Fra: 506 | Rendering 25 / 32 samples
02:07.724  render           | Fra: 506 | Rendering 32 / 32 samples
02:07.733  render           | Video append frame 506
02:07.733  render           | Time: 00:00.25 (Saving: 00:00.00)
02:07.733  render           | Rendering frame 507
02:07.733  render           | Start rendering: MORI_Assembly_Animation, 视图层
02:07.733  render           | Engine: EEVEE
02:07.780  render           | Fra: 507 | Rendering 1 / 32 samples
02:07.939  render           | Fra: 507 | Rendering 25 / 32 samples
02:07.985  render           | Fra: 507 | Rendering 32 / 32 samples
02:07.994  render           | Video append frame 507
02:07.994  render           | Time: 00:00.26 (Saving: 00:00.00)
02:07.994  render           | Rendering frame 508
02:07.994  render           | Start rendering: MORI_Assembly_Animation, 视图层
02:07.994  render           | Engine: EEVEE
02:08.039  render           | Fra: 508 | Rendering 1 / 32 samples
02:08.196  render           | Fra: 508 | Rendering 25 / 32 samples
02:08.241  render           | Fra: 508 | Rendering 32 / 32 samples
02:08.250  render           | Video append frame 508
02:08.250  render           | Time: 00:00.25 (Saving: 00:00.00)
02:08.250  render           | Rendering frame 509
02:08.250  render           | Start rendering: MORI_Assembly_Animation, 视图层
02:08.251  render           | Engine: EEVEE
02:08.295  render           | Fra: 509 | Rendering 1 / 32 samples
02:08.455  render           | Fra: 509 | Rendering 25 / 32 samples
02:08.501  render           | Fra: 509 | Rendering 32 / 32 samples
02:08.521  render           | Video append frame 509
02:08.521  render           | Time: 00:00.27 (Saving: 00:00.01)
02:08.521  render           | Rendering frame 510
02:08.521  render           | Start rendering: MORI_Assembly_Animation, 视图层
02:08.521  render           | Engine: EEVEE
02:08.568  render           | Fra: 510 | Rendering 1 / 32 samples
02:08.728  render           | Fra: 510 | Rendering 25 / 32 samples
02:08.775  render           | Fra: 510 | Rendering 32 / 32 samples
02:08.808  render           | Video append frame 510
02:08.808  render           | Time: 00:00.28 (Saving: 00:00.02)
02:08.808  render           | Rendering frame 511
02:08.808  render           | Start rendering: MORI_Assembly_Animation, 视图层
02:08.808  render           | Engine: EEVEE
02:08.860  render           | Fra: 511 | Rendering 1 / 32 samples
02:09.022  render           | Fra: 511 | Rendering 25 / 32 samples
02:09.069  render           | Fra: 511 | Rendering 32 / 32 samples
02:09.087  render           | Video append frame 511
02:09.087  render           | Time: 00:00.27 (Saving: 00:00.01)
02:09.087  render           | Rendering frame 512
02:09.087  render           | Start rendering: MORI_Assembly_Animation, 视图层
02:09.087  render           | Engine: EEVEE
02:09.139  render           | Fra: 512 | Rendering 1 / 32 samples
02:09.300  render           | Fra: 512 | Rendering 25 / 32 samples
02:09.348  render           | Fra: 512 | Rendering 32 / 32 samples
02:09.382  render           | Video append frame 512
02:09.382  render           | Time: 00:00.29 (Saving: 00:00.02)
02:09.382  render           | Rendering frame 513
02:09.382  render           | Start rendering: MORI_Assembly_Animation, 视图层
02:09.382  render           | Engine: EEVEE
02:09.441  render           | Fra: 513 | Rendering 1 / 32 samples
02:09.607  render           | Fra: 513 | Rendering 25 / 32 samples
02:09.654  render           | Fra: 513 | Rendering 32 / 32 samples
02:09.675  render           | Video append frame 513
02:09.675  render           | Time: 00:00.29 (Saving: 00:00.01)
02:09.675  render           | Rendering frame 514
02:09.675  render           | Start rendering: MORI_Assembly_Animation, 视图层
02:09.675  render           | Engine: EEVEE
02:09.726  render           | Fra: 514 | Rendering 1 / 32 samples
02:09.895  render           | Fra: 514 | Rendering 25 / 32 samples
02:09.943  render           | Fra: 514 | Rendering 32 / 32 samples
02:09.954  render           | Video append frame 514
02:09.954  render           | Time: 00:00.27 (Saving: 00:00.00)
02:09.954  render           | Rendering frame 515
02:09.954  render           | Start rendering: MORI_Assembly_Animation, 视图层
02:09.954  render           | Engine: EEVEE
02:10.004  render           | Fra: 515 | Rendering 1 / 32 samples
02:10.167  render           | Fra: 515 | Rendering 25 / 32 samples
02:10.213  render           | Fra: 515 | Rendering 32 / 32 samples
02:10.223  render           | Video append frame 515
02:10.223  render           | Time: 00:00.26 (Saving: 00:00.00)
02:10.223  render           | Rendering frame 516
02:10.223  render           | Start rendering: MORI_Assembly_Animation, 视图层
02:10.223  render           | Engine: EEVEE
02:10.275  render           | Fra: 516 | Rendering 1 / 32 samples
02:10.439  render           | Fra: 516 | Rendering 25 / 32 samples
02:10.486  render           | Fra: 516 | Rendering 32 / 32 samples
02:10.498  render           | Video append frame 516
02:10.498  render           | Time: 00:00.27 (Saving: 00:00.00)
02:10.498  render           | Rendering frame 517
02:10.498  render           | Start rendering: MORI_Assembly_Animation, 视图层
02:10.498  render           | Engine: EEVEE
02:10.548  render           | Fra: 517 | Rendering 1 / 32 samples
02:10.709  render           | Fra: 517 | Rendering 25 / 32 samples
02:10.758  render           | Fra: 517 | Rendering 32 / 32 samples
02:10.767  render           | Video append frame 517
02:10.767  render           | Time: 00:00.26 (Saving: 00:00.00)
02:10.767  render           | Rendering frame 518
02:10.767  render           | Start rendering: MORI_Assembly_Animation, 视图层
02:10.767  render           | Engine: EEVEE
02:10.815  render           | Fra: 518 | Rendering 1 / 32 samples
02:10.981  render           | Fra: 518 | Rendering 25 / 32 samples
02:11.028  render           | Fra: 518 | Rendering 32 / 32 samples
02:11.038  render           | Video append frame 518
02:11.038  render           | Time: 00:00.27 (Saving: 00:00.00)
02:11.038  render           | Rendering frame 519
02:11.038  render           | Start rendering: MORI_Assembly_Animation, 视图层
02:11.038  render           | Engine: EEVEE
02:11.088  render           | Fra: 519 | Rendering 1 / 32 samples
02:11.251  render           | Fra: 519 | Rendering 25 / 32 samples
02:11.298  render           | Fra: 519 | Rendering 32 / 32 samples
02:11.308  render           | Video append frame 519
02:11.308  render           | Time: 00:00.27 (Saving: 00:00.00)
02:11.308  render           | Rendering frame 520
02:11.308  render           | Start rendering: MORI_Assembly_Animation, 视图层
02:11.308  render           | Engine: EEVEE
02:11.361  render           | Fra: 520 | Rendering 1 / 32 samples
02:11.528  render           | Fra: 520 | Rendering 25 / 32 samples
02:11.575  render           | Fra: 520 | Rendering 32 / 32 samples
02:11.585  render           | Video append frame 520
02:11.585  render           | Time: 00:00.27 (Saving: 00:00.00)
02:11.585  render           | Rendering frame 521
02:11.585  render           | Start rendering: MORI_Assembly_Animation, 视图层
02:11.585  render           | Engine: EEVEE
02:11.646  render           | Fra: 521 | Rendering 1 / 32 samples
02:11.807  render           | Fra: 521 | Rendering 25 / 32 samples
02:11.853  render           | Fra: 521 | Rendering 32 / 32 samples
02:11.862  render           | Video append frame 521
02:11.862  render           | Time: 00:00.27 (Saving: 00:00.00)
02:11.862  render           | Rendering frame 522
02:11.863  render           | Start rendering: MORI_Assembly_Animation, 视图层
02:11.863  render           | Engine: EEVEE
02:11.915  render           | Fra: 522 | Rendering 1 / 32 samples
02:12.073  render           | Fra: 522 | Rendering 25 / 32 samples
02:12.119  render           | Fra: 522 | Rendering 32 / 32 samples
02:12.128  render           | Video append frame 522
02:12.128  render           | Time: 00:00.26 (Saving: 00:00.00)
02:12.128  render           | Rendering frame 523
02:12.128  render           | Start rendering: MORI_Assembly_Animation, 视图层
02:12.128  render           | Engine: EEVEE
02:12.186  render           | Fra: 523 | Rendering 1 / 32 samples
02:12.343  render           | Fra: 523 | Rendering 25 / 32 samples
02:12.389  render           | Fra: 523 | Rendering 32 / 32 samples
02:12.398  render           | Video append frame 523
02:12.398  render           | Time: 00:00.26 (Saving: 00:00.00)
02:12.398  render           | Rendering frame 524
02:12.398  render           | Start rendering: MORI_Assembly_Animation, 视图层
02:12.398  render           | Engine: EEVEE
02:12.452  render           | Fra: 524 | Rendering 1 / 32 samples
02:12.610  render           | Fra: 524 | Rendering 25 / 32 samples
02:12.656  render           | Fra: 524 | Rendering 32 / 32 samples
02:12.665  render           | Video append frame 524
02:12.665  render           | Time: 00:00.26 (Saving: 00:00.00)
02:12.665  render           | Rendering frame 525
02:12.665  render           | Start rendering: MORI_Assembly_Animation, 视图层
02:12.665  render           | Engine: EEVEE
02:12.710  render           | Fra: 525 | Rendering 1 / 32 samples
02:12.869  render           | Fra: 525 | Rendering 25 / 32 samples
02:12.915  render           | Fra: 525 | Rendering 32 / 32 samples
02:12.924  render           | Video append frame 525
02:12.924  render           | Time: 00:00.25 (Saving: 00:00.00)
02:12.924  render           | Rendering frame 526
02:12.924  render           | Start rendering: MORI_Assembly_Animation, 视图层
02:12.924  render           | Engine: EEVEE
02:12.972  render           | Fra: 526 | Rendering 1 / 32 samples
02:13.130  render           | Fra: 526 | Rendering 25 / 32 samples
02:13.176  render           | Fra: 526 | Rendering 32 / 32 samples
02:13.186  render           | Video append frame 526
02:13.186  render           | Time: 00:00.26 (Saving: 00:00.00)
02:13.186  render           | Rendering frame 527
02:13.186  render           | Start rendering: MORI_Assembly_Animation, 视图层
02:13.186  render           | Engine: EEVEE
02:13.230  render           | Fra: 527 | Rendering 1 / 32 samples
02:13.390  render           | Fra: 527 | Rendering 25 / 32 samples
02:13.436  render           | Fra: 527 | Rendering 32 / 32 samples
02:13.462  render           | Video append frame 527
02:13.462  render           | Time: 00:00.27 (Saving: 00:00.02)
02:13.462  render           | Rendering frame 528
02:13.462  render           | Start rendering: MORI_Assembly_Animation, 视图层
02:13.462  render           | Engine: EEVEE
02:13.512  render           | Fra: 528 | Rendering 1 / 32 samples
02:13.673  render           | Fra: 528 | Rendering 25 / 32 samples
02:13.720  render           | Fra: 528 | Rendering 32 / 32 samples
02:13.742  render           | Video append frame 528
02:13.742  render           | Time: 00:00.28 (Saving: 00:00.01)
02:13.742  render           | Rendering frame 529
02:13.742  render           | Start rendering: MORI_Assembly_Animation, 视图层
02:13.742  render           | Engine: EEVEE
02:13.791  render           | Fra: 529 | Rendering 1 / 32 samples
02:13.953  render           | Fra: 529 | Rendering 25 / 32 samples
02:13.999  render           | Fra: 529 | Rendering 32 / 32 samples
02:14.023  render           | Video append frame 529
02:14.023  render           | Time: 00:00.28 (Saving: 00:00.01)
02:14.023  render           | Rendering frame 530
02:14.023  render           | Start rendering: MORI_Assembly_Animation, 视图层
02:14.023  render           | Engine: EEVEE
02:14.073  render           | Fra: 530 | Rendering 1 / 32 samples
02:14.235  render           | Fra: 530 | Rendering 25 / 32 samples
02:14.281  render           | Fra: 530 | Rendering 32 / 32 samples
02:14.310  render           | Video append frame 530
02:14.310  render           | Time: 00:00.28 (Saving: 00:00.02)
02:14.310  render           | Rendering frame 531
02:14.310  render           | Start rendering: MORI_Assembly_Animation, 视图层
02:14.310  render           | Engine: EEVEE
02:14.363  render           | Fra: 531 | Rendering 1 / 32 samples
02:14.524  render           | Fra: 531 | Rendering 25 / 32 samples
02:14.571  render           | Fra: 531 | Rendering 32 / 32 samples
02:14.601  render           | Video append frame 531
02:14.601  render           | Time: 00:00.29 (Saving: 00:00.02)
02:14.601  render           | Rendering frame 532
02:14.602  render           | Start rendering: MORI_Assembly_Animation, 视图层
02:14.602  render           | Engine: EEVEE
02:14.655  render           | Fra: 532 | Rendering 1 / 32 samples
02:14.816  render           | Fra: 532 | Rendering 25 / 32 samples
02:14.863  render           | Fra: 532 | Rendering 32 / 32 samples
02:14.893  render           | Video append frame 532
02:14.893  render           | Time: 00:00.29 (Saving: 00:00.02)
02:14.893  render           | Rendering frame 533
02:14.894  render           | Start rendering: MORI_Assembly_Animation, 视图层
02:14.894  render           | Engine: EEVEE
02:14.947  render           | Fra: 533 | Rendering 1 / 32 samples
02:15.110  render           | Fra: 533 | Rendering 25 / 32 samples
02:15.157  render           | Fra: 533 | Rendering 32 / 32 samples
02:15.179  render           | Video append frame 533
02:15.179  render           | Time: 00:00.28 (Saving: 00:00.01)
02:15.179  render           | Rendering frame 534
02:15.179  render           | Start rendering: MORI_Assembly_Animation, 视图层
02:15.179  render           | Engine: EEVEE
02:15.235  render           | Fra: 534 | Rendering 1 / 32 samples
02:15.400  render           | Fra: 534 | Rendering 25 / 32 samples
02:15.447  render           | Fra: 534 | Rendering 32 / 32 samples
02:15.462  render           | Video append frame 534
02:15.462  render           | Time: 00:00.28 (Saving: 00:00.00)
02:15.462  render           | Rendering frame 535
02:15.462  render           | Start rendering: MORI_Assembly_Animation, 视图层
02:15.462  render           | Engine: EEVEE
02:15.517  render           | Fra: 535 | Rendering 1 / 32 samples
02:15.680  render           | Fra: 535 | Rendering 25 / 32 samples
02:15.727  render           | Fra: 535 | Rendering 32 / 32 samples
02:15.748  render           | Video append frame 535
02:15.748  render           | Time: 00:00.28 (Saving: 00:00.01)
02:15.748  render           | Rendering frame 536
02:15.748  render           | Start rendering: MORI_Assembly_Animation, 视图层
02:15.748  render           | Engine: EEVEE
02:15.810  render           | Fra: 536 | Rendering 1 / 32 samples
02:15.976  render           | Fra: 536 | Rendering 25 / 32 samples
02:16.023  render           | Fra: 536 | Rendering 32 / 32 samples
02:16.034  render           | Video append frame 536
02:16.034  render           | Time: 00:00.28 (Saving: 00:00.00)
02:16.034  render           | Rendering frame 537
02:16.034  render           | Start rendering: MORI_Assembly_Animation, 视图层
02:16.034  render           | Engine: EEVEE
02:16.084  render           | Fra: 537 | Rendering 1 / 32 samples
02:16.251  render           | Fra: 537 | Rendering 25 / 32 samples
02:16.299  render           | Fra: 537 | Rendering 32 / 32 samples
02:16.308  render           | Video append frame 537
02:16.309  render           | Time: 00:00.27 (Saving: 00:00.00)
02:16.309  render           | Rendering frame 538
02:16.309  render           | Start rendering: MORI_Assembly_Animation, 视图层
02:16.309  render           | Engine: EEVEE
02:16.362  render           | Fra: 538 | Rendering 1 / 32 samples
02:16.526  render           | Fra: 538 | Rendering 25 / 32 samples
02:16.573  render           | Fra: 538 | Rendering 32 / 32 samples
02:16.583  render           | Video append frame 538
02:16.583  render           | Time: 00:00.27 (Saving: 00:00.00)
02:16.583  render           | Rendering frame 539
02:16.583  render           | Start rendering: MORI_Assembly_Animation, 视图层
02:16.583  render           | Engine: EEVEE
02:16.633  render           | Fra: 539 | Rendering 1 / 32 samples
02:16.796  render           | Fra: 539 | Rendering 25 / 32 samples
02:16.847  render           | Fra: 539 | Rendering 32 / 32 samples
02:16.857  render           | Video append frame 539
02:16.857  render           | Time: 00:00.27 (Saving: 00:00.00)
02:16.857  render           | Rendering frame 540
02:16.857  render           | Start rendering: MORI_Assembly_Animation, 视图层
02:16.857  render           | Engine: EEVEE
02:16.907  render           | Fra: 540 | Rendering 1 / 32 samples
02:17.071  render           | Fra: 540 | Rendering 25 / 32 samples
02:17.118  render           | Fra: 540 | Rendering 32 / 32 samples
02:17.129  render           | Video append frame 540
02:17.129  render           | Time: 00:00.27 (Saving: 00:00.00)
02:17.129  render           | Rendering frame 541
02:17.129  render           | Start rendering: MORI_Assembly_Animation, 视图层
02:17.129  render           | Engine: EEVEE
02:17.182  render           | Fra: 541 | Rendering 1 / 32 samples
02:17.345  render           | Fra: 541 | Rendering 25 / 32 samples
02:17.393  render           | Fra: 541 | Rendering 32 / 32 samples
02:17.403  render           | Video append frame 541
02:17.403  render           | Time: 00:00.27 (Saving: 00:00.00)
02:17.403  render           | Rendering frame 542
02:17.403  render           | Start rendering: MORI_Assembly_Animation, 视图层
02:17.403  render           | Engine: EEVEE
02:17.461  render           | Fra: 542 | Rendering 1 / 32 samples
02:17.627  render           | Fra: 542 | Rendering 25 / 32 samples
02:17.675  render           | Fra: 542 | Rendering 32 / 32 samples
02:17.688  render           | Video append frame 542
02:17.688  render           | Time: 00:00.28 (Saving: 00:00.00)
02:17.688  render           | Rendering frame 543
02:17.688  render           | Start rendering: MORI_Assembly_Animation, 视图层
02:17.688  render           | Engine: EEVEE
02:17.739  render           | Fra: 543 | Rendering 1 / 32 samples
02:17.899  render           | Fra: 543 | Rendering 25 / 32 samples
02:17.945  render           | Fra: 543 | Rendering 32 / 32 samples
02:17.955  render           | Video append frame 543
02:17.955  render           | Time: 00:00.26 (Saving: 00:00.00)
02:17.955  render           | Rendering frame 544
02:17.955  render           | Start rendering: MORI_Assembly_Animation, 视图层
02:17.955  render           | Engine: EEVEE
02:18.005  render           | Fra: 544 | Rendering 1 / 32 samples
02:18.164  render           | Fra: 544 | Rendering 25 / 32 samples
02:18.209  render           | Fra: 544 | Rendering 32 / 32 samples
02:18.219  render           | Video append frame 544
02:18.219  render           | Time: 00:00.26 (Saving: 00:00.00)
02:18.219  render           | Rendering frame 545
02:18.219  render           | Start rendering: MORI_Assembly_Animation, 视图层
02:18.219  render           | Engine: EEVEE
02:18.268  render           | Fra: 545 | Rendering 1 / 32 samples
02:18.426  render           | Fra: 545 | Rendering 25 / 32 samples
02:18.472  render           | Fra: 545 | Rendering 32 / 32 samples
02:18.481  render           | Video append frame 545
02:18.481  render           | Time: 00:00.26 (Saving: 00:00.00)
02:18.481  render           | Rendering frame 546
02:18.482  render           | Start rendering: MORI_Assembly_Animation, 视图层
02:18.482  render           | Engine: EEVEE
02:18.530  render           | Fra: 546 | Rendering 1 / 32 samples
02:18.688  render           | Fra: 546 | Rendering 25 / 32 samples
02:18.734  render           | Fra: 546 | Rendering 32 / 32 samples
02:18.744  render           | Video append frame 546
02:18.744  render           | Time: 00:00.26 (Saving: 00:00.00)
02:18.744  render           | Rendering frame 547
02:18.744  render           | Start rendering: MORI_Assembly_Animation, 视图层
02:18.744  render           | Engine: EEVEE
02:18.788  render           | Fra: 547 | Rendering 1 / 32 samples
02:18.949  render           | Fra: 547 | Rendering 25 / 32 samples
02:18.995  render           | Fra: 547 | Rendering 32 / 32 samples
02:19.005  render           | Video append frame 547
02:19.005  render           | Time: 00:00.26 (Saving: 00:00.00)
02:19.005  render           | Rendering frame 548
02:19.005  render           | Start rendering: MORI_Assembly_Animation, 视图层
02:19.005  render           | Engine: EEVEE
02:19.052  render           | Fra: 548 | Rendering 1 / 32 samples
02:19.211  render           | Fra: 548 | Rendering 25 / 32 samples
02:19.256  render           | Fra: 548 | Rendering 32 / 32 samples
02:19.266  render           | Video append frame 548
02:19.266  render           | Time: 00:00.26 (Saving: 00:00.00)
02:19.266  render           | Rendering frame 549
02:19.266  render           | Start rendering: MORI_Assembly_Animation, 视图层
02:19.266  render           | Engine: EEVEE
02:19.313  render           | Fra: 549 | Rendering 1 / 32 samples
02:19.474  render           | Fra: 549 | Rendering 25 / 32 samples
02:19.521  render           | Fra: 549 | Rendering 32 / 32 samples
02:19.552  render           | Video append frame 549
02:19.552  render           | Time: 00:00.28 (Saving: 00:00.01)
02:19.552  render           | Rendering frame 550
02:19.552  render           | Start rendering: MORI_Assembly_Animation, 视图层
02:19.552  render           | Engine: EEVEE
02:19.595  render           | Fra: 550 | Rendering 1 / 32 samples
02:19.755  render           | Fra: 550 | Rendering 25 / 32 samples
02:19.801  render           | Fra: 550 | Rendering 32 / 32 samples
02:19.825  render           | Video append frame 550
02:19.825  render           | Time: 00:00.27 (Saving: 00:00.02)
02:19.825  render           | Rendering frame 551
02:19.825  render           | Start rendering: MORI_Assembly_Animation, 视图层
02:19.826  render           | Engine: EEVEE
02:19.876  render           | Fra: 551 | Rendering 1 / 32 samples
02:20.036  render           | Fra: 551 | Rendering 25 / 32 samples
02:20.082  render           | Fra: 551 | Rendering 32 / 32 samples
02:20.111  render           | Video append frame 551
02:20.111  render           | Time: 00:00.28 (Saving: 00:00.02)
02:20.111  render           | Rendering frame 552
02:20.111  render           | Start rendering: MORI_Assembly_Animation, 视图层
02:20.111  render           | Engine: EEVEE
02:20.160  render           | Fra: 552 | Rendering 1 / 32 samples
02:20.321  render           | Fra: 552 | Rendering 25 / 32 samples
02:20.369  render           | Fra: 552 | Rendering 32 / 32 samples
02:20.379  render           | Video append frame 552
02:20.379  render           | Time: 00:00.26 (Saving: 00:00.00)
02:20.379  render           | Rendering frame 553
02:20.379  render           | Start rendering: MORI_Assembly_Animation, 视图层
02:20.379  render           | Engine: EEVEE
02:20.430  render           | Fra: 553 | Rendering 1 / 32 samples
02:20.593  render           | Fra: 553 | Rendering 25 / 32 samples
02:20.640  render           | Fra: 553 | Rendering 32 / 32 samples
02:20.650  render           | Video append frame 553
02:20.650  render           | Time: 00:00.27 (Saving: 00:00.00)
02:20.650  render           | Rendering frame 554
02:20.650  render           | Start rendering: MORI_Assembly_Animation, 视图层
02:20.650  render           | Engine: EEVEE
02:20.701  render           | Fra: 554 | Rendering 1 / 32 samples
02:20.867  render           | Fra: 554 | Rendering 25 / 32 samples
02:20.914  render           | Fra: 554 | Rendering 32 / 32 samples
02:20.924  render           | Video append frame 554
02:20.924  render           | Time: 00:00.27 (Saving: 00:00.00)
02:20.924  render           | Rendering frame 555
02:20.924  render           | Start rendering: MORI_Assembly_Animation, 视图层
02:20.924  render           | Engine: EEVEE
02:20.976  render           | Fra: 555 | Rendering 1 / 32 samples
02:21.139  render           | Fra: 555 | Rendering 25 / 32 samples
02:21.185  render           | Fra: 555 | Rendering 32 / 32 samples
02:21.195  render           | Video append frame 555
02:21.195  render           | Time: 00:00.27 (Saving: 00:00.00)
02:21.195  render           | Rendering frame 556
02:21.195  render           | Start rendering: MORI_Assembly_Animation, 视图层
02:21.195  render           | Engine: EEVEE
02:21.247  render           | Fra: 556 | Rendering 1 / 32 samples
02:21.413  render           | Fra: 556 | Rendering 25 / 32 samples
02:21.461  render           | Fra: 556 | Rendering 32 / 32 samples
02:21.470  render           | Video append frame 556
02:21.470  render           | Time: 00:00.27 (Saving: 00:00.00)
02:21.470  render           | Rendering frame 557
02:21.471  render           | Start rendering: MORI_Assembly_Animation, 视图层
02:21.471  render           | Engine: EEVEE
02:21.522  render           | Fra: 557 | Rendering 1 / 32 samples
02:21.685  render           | Fra: 557 | Rendering 25 / 32 samples
02:21.732  render           | Fra: 557 | Rendering 32 / 32 samples
02:21.742  render           | Video append frame 557
02:21.742  render           | Time: 00:00.27 (Saving: 00:00.00)
02:21.742  render           | Rendering frame 558
02:21.742  render           | Start rendering: MORI_Assembly_Animation, 视图层
02:21.742  render           | Engine: EEVEE
02:21.796  render           | Fra: 558 | Rendering 1 / 32 samples
02:21.962  render           | Fra: 558 | Rendering 25 / 32 samples
02:22.010  render           | Fra: 558 | Rendering 32 / 32 samples
02:22.022  render           | Video append frame 558
02:22.022  render           | Time: 00:00.27 (Saving: 00:00.00)
02:22.022  render           | Rendering frame 559
02:22.022  render           | Start rendering: MORI_Assembly_Animation, 视图层
02:22.022  render           | Engine: EEVEE
02:22.078  render           | Fra: 559 | Rendering 1 / 32 samples
02:22.244  render           | Fra: 559 | Rendering 25 / 32 samples
02:22.290  render           | Fra: 559 | Rendering 32 / 32 samples
02:22.299  render           | Video append frame 559
02:22.299  render           | Time: 00:00.27 (Saving: 00:00.00)
02:22.299  render           | Rendering frame 560
02:22.299  render           | Start rendering: MORI_Assembly_Animation, 视图层
02:22.299  render           | Engine: EEVEE
02:22.353  render           | Fra: 560 | Rendering 1 / 32 samples
02:22.511  render           | Fra: 560 | Rendering 25 / 32 samples
02:22.557  render           | Fra: 560 | Rendering 32 / 32 samples
02:22.567  render           | Video append frame 560
02:22.567  render           | Time: 00:00.26 (Saving: 00:00.00)
02:22.567  render           | Rendering frame 561
02:22.567  render           | Start rendering: MORI_Assembly_Animation, 视图层
02:22.567  render           | Engine: EEVEE
02:22.614  render           | Fra: 561 | Rendering 1 / 32 samples
02:22.772  render           | Fra: 561 | Rendering 25 / 32 samples
02:22.818  render           | Fra: 561 | Rendering 32 / 32 samples
02:22.827  render           | Video append frame 561
02:22.827  render           | Time: 00:00.25 (Saving: 00:00.00)
02:22.827  render           | Rendering frame 562
02:22.827  render           | Start rendering: MORI_Assembly_Animation, 视图层
02:22.827  render           | Engine: EEVEE
02:22.880  render           | Fra: 562 | Rendering 1 / 32 samples
02:23.039  render           | Fra: 562 | Rendering 25 / 32 samples
02:23.084  render           | Fra: 562 | Rendering 32 / 32 samples
02:23.094  render           | Video append frame 562
02:23.094  render           | Time: 00:00.26 (Saving: 00:00.00)
02:23.094  render           | Rendering frame 563
02:23.094  render           | Start rendering: MORI_Assembly_Animation, 视图层
02:23.094  render           | Engine: EEVEE
02:23.145  render           | Fra: 563 | Rendering 1 / 32 samples
02:23.306  render           | Fra: 563 | Rendering 25 / 32 samples
02:23.352  render           | Fra: 563 | Rendering 32 / 32 samples
02:23.361  render           | Video append frame 563
02:23.361  render           | Time: 00:00.26 (Saving: 00:00.00)
02:23.361  render           | Rendering frame 564
02:23.362  render           | Start rendering: MORI_Assembly_Animation, 视图层
02:23.362  render           | Engine: EEVEE
02:23.409  render           | Fra: 564 | Rendering 1 / 32 samples
02:23.567  render           | Fra: 564 | Rendering 25 / 32 samples
02:23.613  render           | Fra: 564 | Rendering 32 / 32 samples
02:23.622  render           | Video append frame 564
02:23.622  render           | Time: 00:00.26 (Saving: 00:00.00)
02:23.622  render           | Rendering frame 565
02:23.622  render           | Start rendering: MORI_Assembly_Animation, 视图层
02:23.622  render           | Engine: EEVEE
02:23.668  render           | Fra: 565 | Rendering 1 / 32 samples
02:23.826  render           | Fra: 565 | Rendering 25 / 32 samples
02:23.872  render           | Fra: 565 | Rendering 32 / 32 samples
02:23.891  render           | Video append frame 565
02:23.891  render           | Time: 00:00.26 (Saving: 00:00.01)
02:23.891  render           | Rendering frame 566
02:23.891  render           | Start rendering: MORI_Assembly_Animation, 视图层
02:23.891  render           | Engine: EEVEE
02:23.937  render           | Fra: 566 | Rendering 1 / 32 samples
02:24.097  render           | Fra: 566 | Rendering 25 / 32 samples
02:24.144  render           | Fra: 566 | Rendering 32 / 32 samples
02:24.185  render           | Video append frame 566
02:24.185  render           | Time: 00:00.29 (Saving: 00:00.02)
02:24.185  render           | Rendering frame 567
02:24.185  render           | Start rendering: MORI_Assembly_Animation, 视图层
02:24.185  render           | Engine: EEVEE
02:24.232  render           | Fra: 567 | Rendering 1 / 32 samples
02:24.393  render           | Fra: 567 | Rendering 25 / 32 samples
02:24.440  render           | Fra: 567 | Rendering 32 / 32 samples
02:24.475  render           | Video append frame 567
02:24.475  render           | Time: 00:00.28 (Saving: 00:00.03)
02:24.475  render           | Rendering frame 568
02:24.475  render           | Start rendering: MORI_Assembly_Animation, 视图层
02:24.475  render           | Engine: EEVEE
02:24.524  render           | Fra: 568 | Rendering 1 / 32 samples
02:24.686  render           | Fra: 568 | Rendering 25 / 32 samples
02:24.732  render           | Fra: 568 | Rendering 32 / 32 samples
02:24.752  render           | Video append frame 568
02:24.752  render           | Time: 00:00.27 (Saving: 00:00.01)
02:24.752  render           | Rendering frame 569
02:24.752  render           | Start rendering: MORI_Assembly_Animation, 视图层
02:24.752  render           | Engine: EEVEE
02:24.804  render           | Fra: 569 | Rendering 1 / 32 samples
02:24.966  render           | Fra: 569 | Rendering 25 / 32 samples
02:25.013  render           | Fra: 569 | Rendering 32 / 32 samples
02:25.030  render           | Video append frame 569
02:25.030  render           | Time: 00:00.27 (Saving: 00:00.01)
02:25.030  render           | Rendering frame 570
02:25.030  render           | Start rendering: MORI_Assembly_Animation, 视图层
02:25.030  render           | Engine: EEVEE
02:25.081  render           | Fra: 570 | Rendering 1 / 32 samples
02:25.244  render           | Fra: 570 | Rendering 25 / 32 samples
02:25.291  render           | Fra: 570 | Rendering 32 / 32 samples
02:25.309  render           | Video append frame 570
02:25.309  render           | Time: 00:00.27 (Saving: 00:00.01)
02:25.309  render           | Rendering frame 571
02:25.309  render           | Start rendering: MORI_Assembly_Animation, 视图层
02:25.309  render           | Engine: EEVEE
02:25.361  render           | Fra: 571 | Rendering 1 / 32 samples
02:25.526  render           | Fra: 571 | Rendering 25 / 32 samples
02:25.574  render           | Fra: 571 | Rendering 32 / 32 samples
02:25.585  render           | Video append frame 571
02:25.585  render           | Time: 00:00.27 (Saving: 00:00.00)
02:25.585  render           | Rendering frame 572
02:25.585  render           | Start rendering: MORI_Assembly_Animation, 视图层
02:25.585  render           | Engine: EEVEE
02:25.640  render           | Fra: 572 | Rendering 1 / 32 samples
02:25.804  render           | Fra: 572 | Rendering 25 / 32 samples
02:25.851  render           | Fra: 572 | Rendering 32 / 32 samples
02:25.861  render           | Video append frame 572
02:25.861  render           | Time: 00:00.27 (Saving: 00:00.00)
02:25.861  render           | Rendering frame 573
02:25.861  render           | Start rendering: MORI_Assembly_Animation, 视图层
02:25.861  render           | Engine: EEVEE
02:25.911  render           | Fra: 573 | Rendering 1 / 32 samples
02:26.075  render           | Fra: 573 | Rendering 25 / 32 samples
02:26.123  render           | Fra: 573 | Rendering 32 / 32 samples
02:26.135  render           | Video append frame 573
02:26.135  render           | Time: 00:00.27 (Saving: 00:00.00)
02:26.135  render           | Rendering frame 574
02:26.135  render           | Start rendering: MORI_Assembly_Animation, 视图层
02:26.135  render           | Engine: EEVEE
02:26.191  render           | Fra: 574 | Rendering 1 / 32 samples
02:26.355  render           | Fra: 574 | Rendering 25 / 32 samples
02:26.403  render           | Fra: 574 | Rendering 32 / 32 samples
02:26.412  render           | Video append frame 574
02:26.412  render           | Time: 00:00.27 (Saving: 00:00.00)
02:26.412  render           | Rendering frame 575
02:26.412  render           | Start rendering: MORI_Assembly_Animation, 视图层
02:26.412  render           | Engine: EEVEE
02:26.464  render           | Fra: 575 | Rendering 1 / 32 samples
02:26.630  render           | Fra: 575 | Rendering 25 / 32 samples
02:26.679  render           | Fra: 575 | Rendering 32 / 32 samples
02:26.689  render           | Video append frame 575
02:26.689  render           | Time: 00:00.27 (Saving: 00:00.00)
02:26.689  render           | Rendering frame 576
02:26.689  render           | Start rendering: MORI_Assembly_Animation, 视图层
02:26.689  render           | Engine: EEVEE
02:26.744  render           | Fra: 576 | Rendering 1 / 32 samples
02:26.911  render           | Fra: 576 | Rendering 25 / 32 samples
02:26.958  render           | Fra: 576 | Rendering 32 / 32 samples
02:26.969  render           | Video append frame 576
02:26.969  render           | Time: 00:00.27 (Saving: 00:00.00)
02:26.969  render           | Rendering frame 577
02:26.969  render           | Start rendering: MORI_Assembly_Animation, 视图层
02:26.969  render           | Engine: EEVEE
02:27.021  render           | Fra: 577 | Rendering 1 / 32 samples
02:27.190  render           | Fra: 577 | Rendering 25 / 32 samples
02:27.240  render           | Fra: 577 | Rendering 32 / 32 samples
02:27.253  render           | Video append frame 577
02:27.253  render           | Time: 00:00.28 (Saving: 00:00.00)
02:27.253  render           | Rendering frame 578
02:27.253  render           | Start rendering: MORI_Assembly_Animation, 视图层
02:27.253  render           | Engine: EEVEE
02:27.312  render           | Fra: 578 | Rendering 1 / 32 samples
02:27.481  render           | Fra: 578 | Rendering 25 / 32 samples
02:27.529  render           | Fra: 578 | Rendering 32 / 32 samples
02:27.540  render           | Video append frame 578
02:27.540  render           | Time: 00:00.28 (Saving: 00:00.00)
02:27.540  render           | Rendering frame 579
02:27.540  render           | Start rendering: MORI_Assembly_Animation, 视图层
02:27.540  render           | Engine: EEVEE
02:27.593  render           | Fra: 579 | Rendering 1 / 32 samples
02:27.754  render           | Fra: 579 | Rendering 25 / 32 samples
02:27.800  render           | Fra: 579 | Rendering 32 / 32 samples
02:27.811  render           | Video append frame 579
02:27.811  render           | Time: 00:00.27 (Saving: 00:00.00)
02:27.811  render           | Rendering frame 580
02:27.811  render           | Start rendering: MORI_Assembly_Animation, 视图层
02:27.811  render           | Engine: EEVEE
02:27.865  render           | Fra: 580 | Rendering 1 / 32 samples
02:28.024  render           | Fra: 580 | Rendering 25 / 32 samples
02:28.070  render           | Fra: 580 | Rendering 32 / 32 samples
02:28.080  render           | Video append frame 580
02:28.080  render           | Time: 00:00.26 (Saving: 00:00.00)
02:28.080  render           | Rendering frame 581
02:28.081  render           | Start rendering: MORI_Assembly_Animation, 视图层
02:28.081  render           | Engine: EEVEE
02:28.130  render           | Fra: 581 | Rendering 1 / 32 samples
02:28.289  render           | Fra: 581 | Rendering 25 / 32 samples
02:28.335  render           | Fra: 581 | Rendering 32 / 32 samples
02:28.344  render           | Video append frame 581
02:28.344  render           | Time: 00:00.26 (Saving: 00:00.00)
02:28.344  render           | Rendering frame 582
02:28.344  render           | Start rendering: MORI_Assembly_Animation, 视图层
02:28.344  render           | Engine: EEVEE
02:28.391  render           | Fra: 582 | Rendering 1 / 32 samples
02:28.550  render           | Fra: 582 | Rendering 25 / 32 samples
02:28.596  render           | Fra: 582 | Rendering 32 / 32 samples
02:28.605  render           | Video append frame 582
02:28.605  render           | Time: 00:00.26 (Saving: 00:00.00)
02:28.605  render           | Rendering frame 583
02:28.606  render           | Start rendering: MORI_Assembly_Animation, 视图层
02:28.606  render           | Engine: EEVEE
02:28.653  render           | Fra: 583 | Rendering 1 / 32 samples
02:28.811  render           | Fra: 583 | Rendering 25 / 32 samples
02:28.857  render           | Fra: 583 | Rendering 32 / 32 samples
02:28.866  render           | Video append frame 583
02:28.866  render           | Time: 00:00.26 (Saving: 00:00.00)
02:28.866  render           | Rendering frame 584
02:28.866  render           | Start rendering: MORI_Assembly_Animation, 视图层
02:28.866  render           | Engine: EEVEE
02:28.912  render           | Fra: 584 | Rendering 1 / 32 samples
02:29.071  render           | Fra: 584 | Rendering 25 / 32 samples
02:29.117  render           | Fra: 584 | Rendering 32 / 32 samples
02:29.127  render           | Video append frame 584
02:29.127  render           | Time: 00:00.26 (Saving: 00:00.00)
02:29.127  render           | Rendering frame 585
02:29.127  render           | Start rendering: MORI_Assembly_Animation, 视图层
02:29.127  render           | Engine: EEVEE
02:29.172  render           | Fra: 585 | Rendering 1 / 32 samples
02:29.331  render           | Fra: 585 | Rendering 25 / 32 samples
02:29.378  render           | Fra: 585 | Rendering 32 / 32 samples
02:29.401  render           | Video append frame 585
02:29.401  render           | Time: 00:00.27 (Saving: 00:00.01)
02:29.401  render           | Rendering frame 586
02:29.401  render           | Start rendering: MORI_Assembly_Animation, 视图层
02:29.401  render           | Engine: EEVEE
02:29.450  render           | Fra: 586 | Rendering 1 / 32 samples
02:29.610  render           | Fra: 586 | Rendering 25 / 32 samples
02:29.657  render           | Fra: 586 | Rendering 32 / 32 samples
02:29.688  render           | Video append frame 586
02:29.688  render           | Time: 00:00.28 (Saving: 00:00.01)
02:29.688  render           | Rendering frame 587
02:29.688  render           | Start rendering: MORI_Assembly_Animation, 视图层
02:29.688  render           | Engine: EEVEE
02:29.741  render           | Fra: 587 | Rendering 1 / 32 samples
02:29.903  render           | Fra: 587 | Rendering 25 / 32 samples
02:29.950  render           | Fra: 587 | Rendering 32 / 32 samples
02:29.964  render           | Video append frame 587
02:29.964  render           | Time: 00:00.27 (Saving: 00:00.00)
02:29.964  render           | Rendering frame 588
02:29.964  render           | Start rendering: MORI_Assembly_Animation, 视图层
02:29.964  render           | Engine: EEVEE
02:30.016  render           | Fra: 588 | Rendering 1 / 32 samples
02:30.178  render           | Fra: 588 | Rendering 25 / 32 samples
02:30.225  render           | Fra: 588 | Rendering 32 / 32 samples
02:30.240  render           | Video append frame 588
02:30.240  render           | Time: 00:00.27 (Saving: 00:00.01)
02:30.240  render           | Rendering frame 589
02:30.240  render           | Start rendering: MORI_Assembly_Animation, 视图层
02:30.240  render           | Engine: EEVEE
02:30.317  render           | Fra: 589 | Rendering 1 / 32 samples
02:30.480  render           | Fra: 589 | Rendering 25 / 32 samples
02:30.527  render           | Fra: 589 | Rendering 32 / 32 samples
02:30.540  render           | Video append frame 589
02:30.540  render           | Time: 00:00.30 (Saving: 00:00.00)
02:30.540  render           | Rendering frame 590
02:30.540  render           | Start rendering: MORI_Assembly_Animation, 视图层
02:30.540  render           | Engine: EEVEE
02:30.595  render           | Fra: 590 | Rendering 1 / 32 samples
02:30.757  render           | Fra: 590 | Rendering 25 / 32 samples
02:30.805  render           | Fra: 590 | Rendering 32 / 32 samples
02:30.826  render           | Video append frame 590
02:30.826  render           | Time: 00:00.28 (Saving: 00:00.01)
02:30.826  render           | Rendering frame 591
02:30.827  render           | Start rendering: MORI_Assembly_Animation, 视图层
02:30.827  render           | Engine: EEVEE
02:30.882  render           | Fra: 591 | Rendering 1 / 32 samples
02:31.046  render           | Fra: 591 | Rendering 25 / 32 samples
02:31.093  render           | Fra: 591 | Rendering 32 / 32 samples
02:31.127  render           | Video append frame 591
02:31.127  render           | Time: 00:00.30 (Saving: 00:00.02)
02:31.127  render           | Rendering frame 592
02:31.127  render           | Start rendering: MORI_Assembly_Animation, 视图层
02:31.127  render           | Engine: EEVEE
02:31.184  render           | Fra: 592 | Rendering 1 / 32 samples
02:31.350  render           | Fra: 592 | Rendering 25 / 32 samples
02:31.398  render           | Fra: 592 | Rendering 32 / 32 samples
02:31.447  render           | Video append frame 592
02:31.447  render           | Time: 00:00.32 (Saving: 00:00.03)
02:31.447  render           | Rendering frame 593
02:31.448  render           | Start rendering: MORI_Assembly_Animation, 视图层
02:31.448  render           | Engine: EEVEE
02:31.501  render           | Fra: 593 | Rendering 1 / 32 samples
02:31.665  render           | Fra: 593 | Rendering 25 / 32 samples
02:31.713  render           | Fra: 593 | Rendering 32 / 32 samples
02:31.733  render           | Video append frame 593
02:31.733  render           | Time: 00:00.28 (Saving: 00:00.01)
02:31.733  render           | Rendering frame 594
02:31.733  render           | Start rendering: MORI_Assembly_Animation, 视图层
02:31.733  render           | Engine: EEVEE
02:31.791  render           | Fra: 594 | Rendering 1 / 32 samples
02:31.957  render           | Fra: 594 | Rendering 25 / 32 samples
02:32.005  render           | Fra: 594 | Rendering 32 / 32 samples
02:32.016  render           | Video append frame 594
02:32.016  render           | Time: 00:00.28 (Saving: 00:00.00)
02:32.016  render           | Rendering frame 595
02:32.016  render           | Start rendering: MORI_Assembly_Animation, 视图层
02:32.016  render           | Engine: EEVEE
02:32.069  render           | Fra: 595 | Rendering 1 / 32 samples
02:32.233  render           | Fra: 595 | Rendering 25 / 32 samples
02:32.283  render           | Fra: 595 | Rendering 32 / 32 samples
02:32.292  render           | Video append frame 595
02:32.292  render           | Time: 00:00.27 (Saving: 00:00.00)
02:32.292  render           | Rendering frame 596
02:32.292  render           | Start rendering: MORI_Assembly_Animation, 视图层
02:32.292  render           | Engine: EEVEE
02:32.345  render           | Fra: 596 | Rendering 1 / 32 samples
02:32.509  render           | Fra: 596 | Rendering 25 / 32 samples
02:32.556  render           | Fra: 596 | Rendering 32 / 32 samples
02:32.566  render           | Video append frame 596
02:32.566  render           | Time: 00:00.27 (Saving: 00:00.00)
02:32.566  render           | Rendering frame 597
02:32.566  render           | Start rendering: MORI_Assembly_Animation, 视图层
02:32.566  render           | Engine: EEVEE
02:32.617  render           | Fra: 597 | Rendering 1 / 32 samples
02:32.780  render           | Fra: 597 | Rendering 25 / 32 samples
02:32.827  render           | Fra: 597 | Rendering 32 / 32 samples
02:32.837  render           | Video append frame 597
02:32.837  render           | Time: 00:00.27 (Saving: 00:00.00)
02:32.837  render           | Rendering frame 598
02:32.837  render           | Start rendering: MORI_Assembly_Animation, 视图层
02:32.837  render           | Engine: EEVEE
02:32.890  render           | Fra: 598 | Rendering 1 / 32 samples
02:33.055  render           | Fra: 598 | Rendering 25 / 32 samples
02:33.103  render           | Fra: 598 | Rendering 32 / 32 samples
02:33.114  render           | Video append frame 598
02:33.115  render           | Time: 00:00.27 (Saving: 00:00.00)
02:33.115  render           | Rendering frame 599
02:33.115  render           | Start rendering: MORI_Assembly_Animation, 视图层
02:33.115  render           | Engine: EEVEE
02:33.182  render           | Fra: 599 | Rendering 1 / 32 samples
02:33.349  render           | Fra: 599 | Rendering 25 / 32 samples
02:33.396  render           | Fra: 599 | Rendering 32 / 32 samples
02:33.407  render           | Video append frame 599
02:33.407  render           | Time: 00:00.29 (Saving: 00:00.00)
02:33.407  render           | Rendering frame 600
02:33.407  render           | Start rendering: MORI_Assembly_Animation, 视图层
02:33.407  render           | Engine: EEVEE
02:33.461  render           | Fra: 600 | Rendering 1 / 32 samples
02:33.629  render           | Fra: 600 | Rendering 25 / 32 samples
02:33.676  render           | Fra: 600 | Rendering 32 / 32 samples
02:33.687  render           | Video append frame 600
02:33.687  render           | Time: 00:00.27 (Saving: 00:00.00)
02:33.687  render           | Rendering frame 601
02:33.687  render           | Start rendering: MORI_Assembly_Animation, 视图层
02:33.687  render           | Engine: EEVEE
02:33.746  render           | Fra: 601 | Rendering 1 / 32 samples
02:33.909  render           | Fra: 601 | Rendering 25 / 32 samples
02:33.955  render           | Fra: 601 | Rendering 32 / 32 samples
02:33.964  render           | Video append frame 601
02:33.964  render           | Time: 00:00.27 (Saving: 00:00.00)
02:33.964  render           | Rendering frame 602
02:33.964  render           | Start rendering: MORI_Assembly_Animation, 视图层
02:33.964  render           | Engine: EEVEE
02:34.016  render           | Fra: 602 | Rendering 1 / 32 samples
02:34.175  render           | Fra: 602 | Rendering 25 / 32 samples
02:34.221  render           | Fra: 602 | Rendering 32 / 32 samples
02:34.232  render           | Video append frame 602
02:34.232  render           | Time: 00:00.26 (Saving: 00:00.00)
02:34.232  render           | Rendering frame 603
02:34.232  render           | Start rendering: MORI_Assembly_Animation, 视图层
02:34.232  render           | Engine: EEVEE
02:34.283  render           | Fra: 603 | Rendering 1 / 32 samples
02:34.443  render           | Fra: 603 | Rendering 25 / 32 samples
02:34.489  render           | Fra: 603 | Rendering 32 / 32 samples
02:34.498  render           | Video append frame 603
02:34.498  render           | Time: 00:00.26 (Saving: 00:00.00)
02:34.498  render           | Rendering frame 604
02:34.498  render           | Start rendering: MORI_Assembly_Animation, 视图层
02:34.498  render           | Engine: EEVEE
02:34.550  render           | Fra: 604 | Rendering 1 / 32 samples
02:34.709  render           | Fra: 604 | Rendering 25 / 32 samples
02:34.755  render           | Fra: 604 | Rendering 32 / 32 samples
02:34.764  render           | Video append frame 604
02:34.764  render           | Time: 00:00.26 (Saving: 00:00.00)
02:34.764  render           | Rendering frame 605
02:34.765  render           | Start rendering: MORI_Assembly_Animation, 视图层
02:34.765  render           | Engine: EEVEE
02:34.812  render           | Fra: 605 | Rendering 1 / 32 samples
02:34.971  render           | Fra: 605 | Rendering 25 / 32 samples
02:35.017  render           | Fra: 605 | Rendering 32 / 32 samples
02:35.026  render           | Video append frame 605
02:35.026  render           | Time: 00:00.26 (Saving: 00:00.00)
02:35.026  render           | Rendering frame 606
02:35.027  render           | Start rendering: MORI_Assembly_Animation, 视图层
02:35.027  render           | Engine: EEVEE
02:35.072  render           | Fra: 606 | Rendering 1 / 32 samples
02:35.230  render           | Fra: 606 | Rendering 25 / 32 samples
02:35.276  render           | Fra: 606 | Rendering 32 / 32 samples
02:35.287  render           | Video append frame 606
02:35.287  render           | Time: 00:00.26 (Saving: 00:00.00)
02:35.287  render           | Rendering frame 607
02:35.287  render           | Start rendering: MORI_Assembly_Animation, 视图层
02:35.287  render           | Engine: EEVEE
02:35.335  render           | Fra: 607 | Rendering 1 / 32 samples
02:35.493  render           | Fra: 607 | Rendering 25 / 32 samples
02:35.539  render           | Fra: 607 | Rendering 32 / 32 samples
02:35.584  render           | Video append frame 607
02:35.584  render           | Time: 00:00.29 (Saving: 00:00.03)
02:35.584  render           | Rendering frame 608
02:35.584  render           | Start rendering: MORI_Assembly_Animation, 视图层
02:35.584  render           | Engine: EEVEE
02:35.630  render           | Fra: 608 | Rendering 1 / 32 samples
02:35.790  render           | Fra: 608 | Rendering 25 / 32 samples
02:35.837  render           | Fra: 608 | Rendering 32 / 32 samples
02:35.854  render           | Video append frame 608
02:35.854  render           | Time: 00:00.27 (Saving: 00:00.01)
02:35.854  render           | Rendering frame 609
02:35.854  render           | Start rendering: MORI_Assembly_Animation, 视图层
02:35.854  render           | Engine: EEVEE
02:35.905  render           | Fra: 609 | Rendering 1 / 32 samples
02:36.065  render           | Fra: 609 | Rendering 25 / 32 samples
02:36.112  render           | Fra: 609 | Rendering 32 / 32 samples
02:36.139  render           | Video append frame 609
02:36.139  render           | Time: 00:00.28 (Saving: 00:00.02)
02:36.139  render           | Rendering frame 610
02:36.139  render           | Start rendering: MORI_Assembly_Animation, 视图层
02:36.139  render           | Engine: EEVEE
02:36.190  render           | Fra: 610 | Rendering 1 / 32 samples
02:36.350  render           | Fra: 610 | Rendering 25 / 32 samples
02:36.397  render           | Fra: 610 | Rendering 32 / 32 samples
02:36.422  render           | Video append frame 610
02:36.422  render           | Time: 00:00.28 (Saving: 00:00.01)
02:36.422  render           | Rendering frame 611
02:36.422  render           | Start rendering: MORI_Assembly_Animation, 视图层
02:36.422  render           | Engine: EEVEE
02:36.476  render           | Fra: 611 | Rendering 1 / 32 samples
02:36.639  render           | Fra: 611 | Rendering 25 / 32 samples
02:36.686  render           | Fra: 611 | Rendering 32 / 32 samples
02:36.703  render           | Video append frame 611
02:36.703  render           | Time: 00:00.28 (Saving: 00:00.01)
02:36.703  render           | Rendering frame 612
02:36.703  render           | Start rendering: MORI_Assembly_Animation, 视图层
02:36.703  render           | Engine: EEVEE
02:36.759  render           | Fra: 612 | Rendering 1 / 32 samples
02:36.922  render           | Fra: 612 | Rendering 25 / 32 samples
02:36.970  render           | Fra: 612 | Rendering 32 / 32 samples
02:37.013  render           | Video append frame 612
02:37.013  render           | Time: 00:00.31 (Saving: 00:00.03)
02:37.013  render           | Rendering frame 613
02:37.013  render           | Start rendering: MORI_Assembly_Animation, 视图层
02:37.013  render           | Engine: EEVEE
02:37.071  render           | Fra: 613 | Rendering 1 / 32 samples
02:37.236  render           | Fra: 613 | Rendering 25 / 32 samples
02:37.284  render           | Fra: 613 | Rendering 32 / 32 samples
02:37.318  render           | Video append frame 613
02:37.318  render           | Time: 00:00.30 (Saving: 00:00.02)
02:37.318  render           | Rendering frame 614
02:37.318  render           | Start rendering: MORI_Assembly_Animation, 视图层
02:37.318  render           | Engine: EEVEE
02:37.376  render           | Fra: 614 | Rendering 1 / 32 samples
02:37.547  render           | Fra: 614 | Rendering 25 / 32 samples
02:37.595  render           | Fra: 614 | Rendering 32 / 32 samples
02:37.606  render           | Video append frame 614
02:37.606  render           | Time: 00:00.28 (Saving: 00:00.00)
02:37.606  render           | Rendering frame 615
02:37.607  render           | Start rendering: MORI_Assembly_Animation, 视图层
02:37.607  render           | Engine: EEVEE
02:37.662  render           | Fra: 615 | Rendering 1 / 32 samples
02:37.826  render           | Fra: 615 | Rendering 25 / 32 samples
02:37.874  render           | Fra: 615 | Rendering 32 / 32 samples
02:37.884  render           | Video append frame 615
02:37.884  render           | Time: 00:00.27 (Saving: 00:00.00)
02:37.884  render           | Rendering frame 616
02:37.884  render           | Start rendering: MORI_Assembly_Animation, 视图层
02:37.884  render           | Engine: EEVEE
02:37.938  render           | Fra: 616 | Rendering 1 / 32 samples
02:38.102  render           | Fra: 616 | Rendering 25 / 32 samples
02:38.149  render           | Fra: 616 | Rendering 32 / 32 samples
02:38.160  render           | Video append frame 616
02:38.160  render           | Time: 00:00.27 (Saving: 00:00.00)
02:38.160  render           | Rendering frame 617
02:38.160  render           | Start rendering: MORI_Assembly_Animation, 视图层
02:38.160  render           | Engine: EEVEE
02:38.214  render           | Fra: 617 | Rendering 1 / 32 samples
02:38.378  render           | Fra: 617 | Rendering 25 / 32 samples
02:38.426  render           | Fra: 617 | Rendering 32 / 32 samples
02:38.437  render           | Video append frame 617
02:38.437  render           | Time: 00:00.27 (Saving: 00:00.00)
02:38.437  render           | Rendering frame 618
02:38.437  render           | Start rendering: MORI_Assembly_Animation, 视图层
02:38.437  render           | Engine: EEVEE
02:38.487  render           | Fra: 618 | Rendering 1 / 32 samples
02:38.654  render           | Fra: 618 | Rendering 25 / 32 samples
02:38.701  render           | Fra: 618 | Rendering 32 / 32 samples
02:38.711  render           | Video append frame 618
02:38.711  render           | Time: 00:00.27 (Saving: 00:00.00)
02:38.711  render           | Rendering frame 619
02:38.711  render           | Start rendering: MORI_Assembly_Animation, 视图层
02:38.711  render           | Engine: EEVEE
02:38.767  render           | Fra: 619 | Rendering 1 / 32 samples
02:38.930  render           | Fra: 619 | Rendering 25 / 32 samples
02:38.977  render           | Fra: 619 | Rendering 32 / 32 samples
02:38.986  render           | Video append frame 619
02:38.986  render           | Time: 00:00.27 (Saving: 00:00.00)
02:38.986  render           | Rendering frame 620
02:38.986  render           | Start rendering: MORI_Assembly_Animation, 视图层
02:38.986  render           | Engine: EEVEE
02:39.043  render           | Fra: 620 | Rendering 1 / 32 samples
02:39.208  render           | Fra: 620 | Rendering 25 / 32 samples
02:39.255  render           | Fra: 620 | Rendering 32 / 32 samples
02:39.271  render           | Video append frame 620
02:39.271  render           | Time: 00:00.28 (Saving: 00:00.01)
02:39.271  render           | Rendering frame 621
02:39.272  render           | Start rendering: MORI_Assembly_Animation, 视图层
02:39.272  render           | Engine: EEVEE
02:39.324  render           | Fra: 621 | Rendering 1 / 32 samples
02:39.487  render           | Fra: 621 | Rendering 25 / 32 samples
02:39.533  render           | Fra: 621 | Rendering 32 / 32 samples
02:39.543  render           | Video append frame 621
02:39.543  render           | Time: 00:00.27 (Saving: 00:00.00)
02:39.543  render           | Rendering frame 622
02:39.543  render           | Start rendering: MORI_Assembly_Animation, 视图层
02:39.543  render           | Engine: EEVEE
02:39.601  render           | Fra: 622 | Rendering 1 / 32 samples
02:39.761  render           | Fra: 622 | Rendering 25 / 32 samples
02:39.807  render           | Fra: 622 | Rendering 32 / 32 samples
02:39.816  render           | Video append frame 622
02:39.816  render           | Time: 00:00.27 (Saving: 00:00.00)
02:39.816  render           | Rendering frame 623
02:39.816  render           | Start rendering: MORI_Assembly_Animation, 视图层
02:39.816  render           | Engine: EEVEE
02:39.873  render           | Fra: 623 | Rendering 1 / 32 samples
02:40.032  render           | Fra: 623 | Rendering 25 / 32 samples
02:40.078  render           | Fra: 623 | Rendering 32 / 32 samples
02:40.087  render           | Video append frame 623
02:40.087  render           | Time: 00:00.27 (Saving: 00:00.00)
02:40.087  render           | Rendering frame 624
02:40.087  render           | Start rendering: MORI_Assembly_Animation, 视图层
02:40.087  render           | Engine: EEVEE
02:40.140  render           | Fra: 624 | Rendering 1 / 32 samples
02:40.300  render           | Fra: 624 | Rendering 25 / 32 samples
02:40.346  render           | Fra: 624 | Rendering 32 / 32 samples
02:40.356  render           | Video append frame 624
02:40.356  render           | Time: 00:00.26 (Saving: 00:00.00)
02:40.356  render           | Rendering frame 625
02:40.356  render           | Start rendering: MORI_Assembly_Animation, 视图层
02:40.356  render           | Engine: EEVEE
02:40.411  render           | Fra: 625 | Rendering 1 / 32 samples
02:40.568  render           | Fra: 625 | Rendering 25 / 32 samples
02:40.614  render           | Fra: 625 | Rendering 32 / 32 samples
02:40.625  render           | Video append frame 625
02:40.625  render           | Time: 00:00.26 (Saving: 00:00.00)
02:40.625  render           | Rendering frame 626
02:40.625  render           | Start rendering: MORI_Assembly_Animation, 视图层
02:40.625  render           | Engine: EEVEE
02:40.672  render           | Fra: 626 | Rendering 1 / 32 samples
02:40.830  render           | Fra: 626 | Rendering 25 / 32 samples
02:40.876  render           | Fra: 626 | Rendering 32 / 32 samples
02:40.885  render           | Video append frame 626
02:40.885  render           | Time: 00:00.26 (Saving: 00:00.00)
02:40.885  render           | Rendering frame 627
02:40.885  render           | Start rendering: MORI_Assembly_Animation, 视图层
02:40.885  render           | Engine: EEVEE
02:40.931  render           | Fra: 627 | Rendering 1 / 32 samples
02:41.091  render           | Fra: 627 | Rendering 25 / 32 samples
02:41.138  render           | Fra: 627 | Rendering 32 / 32 samples
02:41.165  render           | Video append frame 627
02:41.165  render           | Time: 00:00.28 (Saving: 00:00.02)
02:41.165  render           | Rendering frame 628
02:41.165  render           | Start rendering: MORI_Assembly_Animation, 视图层
02:41.165  render           | Engine: EEVEE
02:41.212  render           | Fra: 628 | Rendering 1 / 32 samples
02:41.371  render           | Fra: 628 | Rendering 25 / 32 samples
02:41.418  render           | Fra: 628 | Rendering 32 / 32 samples
02:41.446  render           | Video append frame 628
02:41.446  render           | Time: 00:00.28 (Saving: 00:00.02)
02:41.446  render           | Rendering frame 629
02:41.446  render           | Start rendering: MORI_Assembly_Animation, 视图层
02:41.446  render           | Engine: EEVEE
02:41.499  render           | Fra: 629 | Rendering 1 / 32 samples
02:41.664  render           | Fra: 629 | Rendering 25 / 32 samples
02:41.711  render           | Fra: 629 | Rendering 32 / 32 samples
02:41.750  render           | Video append frame 629
02:41.750  render           | Time: 00:00.30 (Saving: 00:00.02)
02:41.750  render           | Rendering frame 630
02:41.750  render           | Start rendering: MORI_Assembly_Animation, 视图层
02:41.750  render           | Engine: EEVEE
02:41.808  render           | Fra: 630 | Rendering 1 / 32 samples
02:42.010  render           | Fra: 630 | Rendering 25 / 32 samples
02:42.068  render           | Fra: 630 | Rendering 32 / 32 samples
02:42.106  render           | Video append frame 630
02:42.106  render           | Time: 00:00.35 (Saving: 00:00.02)
02:42.106  render           | Rendering frame 631
02:42.106  render           | Start rendering: MORI_Assembly_Animation, 视图层
02:42.106  render           | Engine: EEVEE
02:42.169  render           | Fra: 631 | Rendering 1 / 32 samples
02:42.366  render           | Fra: 631 | Rendering 25 / 32 samples
02:42.423  render           | Fra: 631 | Rendering 32 / 32 samples
02:42.449  render           | Video append frame 631
02:42.449  render           | Time: 00:00.34 (Saving: 00:00.02)
02:42.449  render           | Rendering frame 632
02:42.449  render           | Start rendering: MORI_Assembly_Animation, 视图层
02:42.449  render           | Engine: EEVEE
02:42.511  render           | Fra: 632 | Rendering 1 / 32 samples
02:42.707  render           | Fra: 632 | Rendering 25 / 32 samples
02:42.764  render           | Fra: 632 | Rendering 32 / 32 samples
02:42.795  render           | Video append frame 632
02:42.795  render           | Time: 00:00.34 (Saving: 00:00.02)
02:42.795  render           | Rendering frame 633
02:42.795  render           | Start rendering: MORI_Assembly_Animation, 视图层
02:42.795  render           | Engine: EEVEE
02:42.858  render           | Fra: 633 | Rendering 1 / 32 samples
02:43.053  render           | Fra: 633 | Rendering 25 / 32 samples
02:43.110  render           | Fra: 633 | Rendering 32 / 32 samples
02:43.128  render           | Video append frame 633
02:43.128  render           | Time: 00:00.33 (Saving: 00:00.01)
02:43.128  render           | Rendering frame 634
02:43.128  render           | Start rendering: MORI_Assembly_Animation, 视图层
02:43.128  render           | Engine: EEVEE
02:43.195  render           | Fra: 634 | Rendering 1 / 32 samples
02:43.392  render           | Fra: 634 | Rendering 25 / 32 samples
02:43.449  render           | Fra: 634 | Rendering 32 / 32 samples
02:43.460  render           | Video append frame 634
02:43.460  render           | Time: 00:00.33 (Saving: 00:00.00)
02:43.460  render           | Rendering frame 635
02:43.460  render           | Start rendering: MORI_Assembly_Animation, 视图层
02:43.460  render           | Engine: EEVEE
02:43.518  render           | Fra: 635 | Rendering 1 / 32 samples
02:43.713  render           | Fra: 635 | Rendering 25 / 32 samples
02:43.769  render           | Fra: 635 | Rendering 32 / 32 samples
02:43.780  render           | Video append frame 635
02:43.780  render           | Time: 00:00.32 (Saving: 00:00.00)
02:43.780  render           | Rendering frame 636
02:43.780  render           | Start rendering: MORI_Assembly_Animation, 视图层
02:43.780  render           | Engine: EEVEE
02:43.833  render           | Fra: 636 | Rendering 1 / 32 samples
02:44.027  render           | Fra: 636 | Rendering 25 / 32 samples
02:44.083  render           | Fra: 636 | Rendering 32 / 32 samples
02:44.092  render           | Video append frame 636
02:44.092  render           | Time: 00:00.31 (Saving: 00:00.00)
02:44.092  render           | Rendering frame 637
02:44.093  render           | Start rendering: MORI_Assembly_Animation, 视图层
02:44.093  render           | Engine: EEVEE
02:44.146  render           | Fra: 637 | Rendering 1 / 32 samples
02:44.342  render           | Fra: 637 | Rendering 25 / 32 samples
02:44.398  render           | Fra: 637 | Rendering 32 / 32 samples
02:44.409  render           | Video append frame 637
02:44.409  render           | Time: 00:00.31 (Saving: 00:00.00)
02:44.409  render           | Rendering frame 638
02:44.409  render           | Start rendering: MORI_Assembly_Animation, 视图层
02:44.410  render           | Engine: EEVEE
02:44.487  render           | Fra: 638 | Rendering 1 / 32 samples
02:44.683  render           | Fra: 638 | Rendering 25 / 32 samples
02:44.740  render           | Fra: 638 | Rendering 32 / 32 samples
02:44.752  render           | Video append frame 638
02:44.752  render           | Time: 00:00.34 (Saving: 00:00.00)
02:44.752  render           | Rendering frame 639
02:44.753  render           | Start rendering: MORI_Assembly_Animation, 视图层
02:44.753  render           | Engine: EEVEE
02:44.811  render           | Fra: 639 | Rendering 1 / 32 samples
02:45.006  render           | Fra: 639 | Rendering 25 / 32 samples
02:45.063  render           | Fra: 639 | Rendering 32 / 32 samples
02:45.073  render           | Video append frame 639
02:45.073  render           | Time: 00:00.32 (Saving: 00:00.00)
02:45.073  render           | Rendering frame 640
02:45.073  render           | Start rendering: MORI_Assembly_Animation, 视图层
02:45.073  render           | Engine: EEVEE
02:45.136  render           | Fra: 640 | Rendering 1 / 32 samples
02:45.325  render           | Fra: 640 | Rendering 25 / 32 samples
02:45.380  render           | Fra: 640 | Rendering 32 / 32 samples
02:45.390  render           | Video append frame 640
02:45.390  render           | Time: 00:00.31 (Saving: 00:00.00)
02:45.390  render           | Rendering frame 641
02:45.390  render           | Start rendering: MORI_Assembly_Animation, 视图层
02:45.390  render           | Engine: EEVEE
02:45.445  render           | Fra: 641 | Rendering 1 / 32 samples
02:45.633  render           | Fra: 641 | Rendering 25 / 32 samples
02:45.688  render           | Fra: 641 | Rendering 32 / 32 samples
02:45.698  render           | Video append frame 641
02:45.698  render           | Time: 00:00.30 (Saving: 00:00.00)
02:45.698  render           | Rendering frame 642
02:45.698  render           | Start rendering: MORI_Assembly_Animation, 视图层
02:45.698  render           | Engine: EEVEE
02:45.748  render           | Fra: 642 | Rendering 1 / 32 samples
02:45.937  render           | Fra: 642 | Rendering 25 / 32 samples
02:45.991  render           | Fra: 642 | Rendering 32 / 32 samples
02:46.001  render           | Video append frame 642
02:46.001  render           | Time: 00:00.30 (Saving: 00:00.00)
02:46.001  render           | Rendering frame 643
02:46.001  render           | Start rendering: MORI_Assembly_Animation, 视图层
02:46.001  render           | Engine: EEVEE
02:46.051  render           | Fra: 643 | Rendering 1 / 32 samples
02:46.240  render           | Fra: 643 | Rendering 25 / 32 samples
02:46.294  render           | Fra: 643 | Rendering 32 / 32 samples
02:46.304  render           | Video append frame 643
02:46.304  render           | Time: 00:00.30 (Saving: 00:00.00)
02:46.304  render           | Rendering frame 644
02:46.304  render           | Start rendering: MORI_Assembly_Animation, 视图层
02:46.304  render           | Engine: EEVEE
02:46.354  render           | Fra: 644 | Rendering 1 / 32 samples
02:46.544  render           | Fra: 644 | Rendering 25 / 32 samples
02:46.599  render           | Fra: 644 | Rendering 32 / 32 samples
02:46.610  render           | Video append frame 644
02:46.610  render           | Time: 00:00.30 (Saving: 00:00.00)
02:46.610  render           | Rendering frame 645
02:46.610  render           | Start rendering: MORI_Assembly_Animation, 视图层
02:46.610  render           | Engine: EEVEE
02:46.660  render           | Fra: 645 | Rendering 1 / 32 samples
02:46.851  render           | Fra: 645 | Rendering 25 / 32 samples
02:46.906  render           | Fra: 645 | Rendering 32 / 32 samples
02:46.930  render           | Video append frame 645
02:46.930  render           | Time: 00:00.31 (Saving: 00:00.01)
02:46.930  render           | Rendering frame 646
02:46.930  render           | Start rendering: MORI_Assembly_Animation, 视图层
02:46.930  render           | Engine: EEVEE
02:46.980  render           | Fra: 646 | Rendering 1 / 32 samples
02:47.172  render           | Fra: 646 | Rendering 25 / 32 samples
02:47.228  render           | Fra: 646 | Rendering 32 / 32 samples
02:47.246  render           | Video append frame 646
02:47.247  render           | Time: 00:00.31 (Saving: 00:00.01)
02:47.247  render           | Rendering frame 647
02:47.247  render           | Start rendering: MORI_Assembly_Animation, 视图层
02:47.247  render           | Engine: EEVEE
02:47.301  render           | Fra: 647 | Rendering 1 / 32 samples
02:47.494  render           | Fra: 647 | Rendering 25 / 32 samples
02:47.550  render           | Fra: 647 | Rendering 32 / 32 samples
02:47.576  render           | Video append frame 647
02:47.576  render           | Time: 00:00.32 (Saving: 00:00.02)
02:47.576  render           | Rendering frame 648
02:47.576  render           | Start rendering: MORI_Assembly_Animation, 视图层
02:47.576  render           | Engine: EEVEE
02:47.631  render           | Fra: 648 | Rendering 1 / 32 samples
02:47.824  render           | Fra: 648 | Rendering 25 / 32 samples
02:47.880  render           | Fra: 648 | Rendering 32 / 32 samples
02:47.900  render           | Video append frame 648
02:47.900  render           | Time: 00:00.32 (Saving: 00:00.01)
02:47.900  render           | Rendering frame 649
02:47.900  render           | Start rendering: MORI_Assembly_Animation, 视图层
02:47.900  render           | Engine: EEVEE
02:47.956  render           | Fra: 649 | Rendering 1 / 32 samples
02:48.149  render           | Fra: 649 | Rendering 25 / 32 samples
02:48.205  render           | Fra: 649 | Rendering 32 / 32 samples
02:48.228  render           | Video append frame 649
02:48.229  render           | Time: 00:00.32 (Saving: 00:00.01)
02:48.229  render           | Rendering frame 650
02:48.229  render           | Start rendering: MORI_Assembly_Animation, 视图层
02:48.229  render           | Engine: EEVEE
02:48.287  render           | Fra: 650 | Rendering 1 / 32 samples
02:48.481  render           | Fra: 650 | Rendering 25 / 32 samples
02:48.537  render           | Fra: 650 | Rendering 32 / 32 samples
02:48.552  render           | Video append frame 650
02:48.552  render           | Time: 00:00.32 (Saving: 00:00.00)
02:48.552  render           | Rendering frame 651
02:48.552  render           | Start rendering: MORI_Assembly_Animation, 视图层
02:48.552  render           | Engine: EEVEE
02:48.609  render           | Fra: 651 | Rendering 1 / 32 samples
02:48.805  render           | Fra: 651 | Rendering 25 / 32 samples
02:48.862  render           | Fra: 651 | Rendering 32 / 32 samples
02:48.881  render           | Video append frame 651
02:48.882  render           | Time: 00:00.32 (Saving: 00:00.01)
02:48.882  render           | Rendering frame 652
02:48.882  render           | Start rendering: MORI_Assembly_Animation, 视图层
02:48.882  render           | Engine: EEVEE
02:48.942  render           | Fra: 652 | Rendering 1 / 32 samples
02:49.137  render           | Fra: 652 | Rendering 25 / 32 samples
02:49.194  render           | Fra: 652 | Rendering 32 / 32 samples
02:49.208  render           | Video append frame 652
02:49.208  render           | Time: 00:00.32 (Saving: 00:00.00)
02:49.208  render           | Rendering frame 653
02:49.208  render           | Start rendering: MORI_Assembly_Animation, 视图层
02:49.208  render           | Engine: EEVEE
02:49.269  render           | Fra: 653 | Rendering 1 / 32 samples
02:49.464  render           | Fra: 653 | Rendering 25 / 32 samples
02:49.521  render           | Fra: 653 | Rendering 32 / 32 samples
02:49.564  render           | Video append frame 653
02:49.564  render           | Time: 00:00.35 (Saving: 00:00.03)
02:49.564  render           | Rendering frame 654
02:49.564  render           | Start rendering: MORI_Assembly_Animation, 视图层
02:49.564  render           | Engine: EEVEE
02:49.622  render           | Fra: 654 | Rendering 1 / 32 samples
02:49.822  render           | Fra: 654 | Rendering 25 / 32 samples
02:49.879  render           | Fra: 654 | Rendering 32 / 32 samples
02:49.910  render           | Video append frame 654
02:49.910  render           | Time: 00:00.34 (Saving: 00:00.02)
02:49.910  render           | Rendering frame 655
02:49.911  render           | Start rendering: MORI_Assembly_Animation, 视图层
02:49.911  render           | Engine: EEVEE
02:50.014  render           | Fra: 655 | Rendering 1 / 32 samples
02:50.202  render           | Fra: 655 | Rendering 25 / 32 samples
02:50.257  render           | Fra: 655 | Rendering 32 / 32 samples
02:50.301  render           | Video append frame 655
02:50.301  render           | Time: 00:00.39 (Saving: 00:00.03)
02:50.301  render           | Rendering frame 656
02:50.301  render           | Start rendering: MORI_Assembly_Animation, 视图层
02:50.301  render           | Engine: EEVEE
02:50.363  render           | Fra: 656 | Rendering 1 / 32 samples
02:50.560  render           | Fra: 656 | Rendering 25 / 32 samples
02:50.618  render           | Fra: 656 | Rendering 32 / 32 samples
02:50.638  render           | Video append frame 656
02:50.638  render           | Time: 00:00.33 (Saving: 00:00.01)
02:50.638  render           | Rendering frame 657
02:50.638  render           | Start rendering: MORI_Assembly_Animation, 视图层
02:50.638  render           | Engine: EEVEE
02:50.700  render           | Fra: 657 | Rendering 1 / 32 samples
02:50.897  render           | Fra: 657 | Rendering 25 / 32 samples
02:50.953  render           | Fra: 657 | Rendering 32 / 32 samples
02:50.977  render           | Video append frame 657
02:50.977  render           | Time: 00:00.33 (Saving: 00:00.01)
02:50.977  render           | Rendering frame 658
02:50.977  render           | Start rendering: MORI_Assembly_Animation, 视图层
02:50.977  render           | Engine: EEVEE
02:51.037  render           | Fra: 658 | Rendering 1 / 32 samples
02:51.234  render           | Fra: 658 | Rendering 25 / 32 samples
02:51.290  render           | Fra: 658 | Rendering 32 / 32 samples
02:51.314  render           | Video append frame 658
02:51.314  render           | Time: 00:00.33 (Saving: 00:00.01)
02:51.314  render           | Rendering frame 659
02:51.314  render           | Start rendering: MORI_Assembly_Animation, 视图层
02:51.314  render           | Engine: EEVEE
02:51.371  render           | Fra: 659 | Rendering 1 / 32 samples
02:51.565  render           | Fra: 659 | Rendering 25 / 32 samples
02:51.624  render           | Fra: 659 | Rendering 32 / 32 samples
02:51.661  render           | Video append frame 659
02:51.661  render           | Time: 00:00.34 (Saving: 00:00.03)
02:51.661  render           | Rendering frame 660
02:51.661  render           | Start rendering: MORI_Assembly_Animation, 视图层
02:51.661  render           | Engine: EEVEE
02:51.718  render           | Fra: 660 | Rendering 1 / 32 samples
02:51.914  render           | Fra: 660 | Rendering 25 / 32 samples
02:51.971  render           | Fra: 660 | Rendering 32 / 32 samples
02:52.006  render           | Video append frame 660
02:52.006  render           | Time: 00:00.34 (Saving: 00:00.02)
02:52.006  render           | Rendering frame 661
02:52.006  render           | Start rendering: MORI_Assembly_Animation, 视图层
02:52.006  render           | Engine: EEVEE
02:52.062  render           | Fra: 661 | Rendering 1 / 32 samples
02:52.257  render           | Fra: 661 | Rendering 25 / 32 samples
02:52.314  render           | Fra: 661 | Rendering 32 / 32 samples
02:52.346  render           | Video append frame 661
02:52.346  render           | Time: 00:00.33 (Saving: 00:00.02)
02:52.346  render           | Rendering frame 662
02:52.346  render           | Start rendering: MORI_Assembly_Animation, 视图层
02:52.346  render           | Engine: EEVEE
02:52.397  render           | Fra: 662 | Rendering 1 / 32 samples
02:52.593  render           | Fra: 662 | Rendering 25 / 32 samples
02:52.649  render           | Fra: 662 | Rendering 32 / 32 samples
02:52.676  render           | Video append frame 662
02:52.676  render           | Time: 00:00.32 (Saving: 00:00.02)
02:52.676  render           | Rendering frame 663
02:52.676  render           | Start rendering: MORI_Assembly_Animation, 视图层
02:52.676  render           | Engine: EEVEE
02:52.732  render           | Fra: 663 | Rendering 1 / 32 samples
02:52.928  render           | Fra: 663 | Rendering 25 / 32 samples
02:52.985  render           | Fra: 663 | Rendering 32 / 32 samples
02:52.998  render           | Video append frame 663
02:52.998  render           | Time: 00:00.32 (Saving: 00:00.00)
02:52.998  render           | Rendering frame 664
02:52.999  render           | Start rendering: MORI_Assembly_Animation, 视图层
02:52.999  render           | Engine: EEVEE
02:53.056  render           | Fra: 664 | Rendering 1 / 32 samples
02:53.250  render           | Fra: 664 | Rendering 25 / 32 samples
02:53.307  render           | Fra: 664 | Rendering 32 / 32 samples
02:53.335  render           | Video append frame 664
02:53.335  render           | Time: 00:00.33 (Saving: 00:00.02)
02:53.335  render           | Rendering frame 665
02:53.335  render           | Start rendering: MORI_Assembly_Animation, 视图层
02:53.335  render           | Engine: EEVEE
02:53.390  render           | Fra: 665 | Rendering 1 / 32 samples
02:53.585  render           | Fra: 665 | Rendering 25 / 32 samples
02:53.641  render           | Fra: 665 | Rendering 32 / 32 samples
02:53.660  render           | Video append frame 665
02:53.660  render           | Time: 00:00.32 (Saving: 00:00.01)
02:53.660  render           | Rendering frame 666
02:53.660  render           | Start rendering: MORI_Assembly_Animation, 视图层
02:53.660  render           | Engine: EEVEE
02:53.716  render           | Fra: 666 | Rendering 1 / 32 samples
02:53.911  render           | Fra: 666 | Rendering 25 / 32 samples
02:53.968  render           | Fra: 666 | Rendering 32 / 32 samples
02:53.997  render           | Video append frame 666
02:53.997  render           | Time: 00:00.33 (Saving: 00:00.02)
02:53.997  render           | Rendering frame 667
02:53.998  render           | Start rendering: MORI_Assembly_Animation, 视图层
02:53.998  render           | Engine: EEVEE
02:54.055  render           | Fra: 667 | Rendering 1 / 32 samples
02:54.249  render           | Fra: 667 | Rendering 25 / 32 samples
02:54.306  render           | Fra: 667 | Rendering 32 / 32 samples
02:54.357  render           | Video append frame 667
02:54.357  render           | Time: 00:00.35 (Saving: 00:00.03)
02:54.357  render           | Rendering frame 668
02:54.357  render           | Start rendering: MORI_Assembly_Animation, 视图层
02:54.357  render           | Engine: EEVEE
02:54.411  render           | Fra: 668 | Rendering 1 / 32 samples
02:54.608  render           | Fra: 668 | Rendering 25 / 32 samples
02:54.664  render           | Fra: 668 | Rendering 32 / 32 samples
02:54.694  render           | Video append frame 668
02:54.694  render           | Time: 00:00.33 (Saving: 00:00.02)
02:54.694  render           | Rendering frame 669
02:54.694  render           | Start rendering: MORI_Assembly_Animation, 视图层
02:54.694  render           | Engine: EEVEE
02:54.750  render           | Fra: 669 | Rendering 1 / 32 samples
02:54.945  render           | Fra: 669 | Rendering 25 / 32 samples
02:55.001  render           | Fra: 669 | Rendering 32 / 32 samples
02:55.014  render           | Video append frame 669
02:55.014  render           | Time: 00:00.32 (Saving: 00:00.00)
02:55.014  render           | Rendering frame 670
02:55.015  render           | Start rendering: MORI_Assembly_Animation, 视图层
02:55.015  render           | Engine: EEVEE
02:55.080  render           | Fra: 670 | Rendering 1 / 32 samples
02:55.283  render           | Fra: 670 | Rendering 25 / 32 samples
02:55.339  render           | Fra: 670 | Rendering 32 / 32 samples
02:55.349  render           | Video append frame 670
02:55.349  render           | Time: 00:00.33 (Saving: 00:00.00)
02:55.349  render           | Rendering frame 671
02:55.349  render           | Start rendering: MORI_Assembly_Animation, 视图层
02:55.349  render           | Engine: EEVEE
02:55.401  render           | Fra: 671 | Rendering 1 / 32 samples
02:55.596  render           | Fra: 671 | Rendering 25 / 32 samples
02:55.654  render           | Fra: 671 | Rendering 32 / 32 samples
02:55.665  render           | Video append frame 671
02:55.665  render           | Time: 00:00.31 (Saving: 00:00.00)
02:55.665  render           | Rendering frame 672
02:55.665  render           | Start rendering: MORI_Assembly_Animation, 视图层
02:55.665  render           | Engine: EEVEE
02:55.723  render           | Fra: 672 | Rendering 1 / 32 samples
02:55.916  render           | Fra: 672 | Rendering 25 / 32 samples
02:55.972  render           | Fra: 672 | Rendering 32 / 32 samples
02:55.981  render           | Video append frame 672
02:55.981  render           | Time: 00:00.31 (Saving: 00:00.00)
02:55.982  render           | Rendering frame 673
02:55.982  render           | Start rendering: MORI_Assembly_Animation, 视图层
02:55.982  render           | Engine: EEVEE
02:56.034  render           | Fra: 673 | Rendering 1 / 32 samples
02:56.229  render           | Fra: 673 | Rendering 25 / 32 samples
02:56.286  render           | Fra: 673 | Rendering 32 / 32 samples
02:56.297  render           | Video append frame 673
02:56.298  render           | Time: 00:00.31 (Saving: 00:00.00)
02:56.298  render           | Rendering frame 674
02:56.298  render           | Start rendering: MORI_Assembly_Animation, 视图层
02:56.298  render           | Engine: EEVEE
02:56.362  render           | Fra: 674 | Rendering 1 / 32 samples
02:56.556  render           | Fra: 674 | Rendering 25 / 32 samples
02:56.612  render           | Fra: 674 | Rendering 32 / 32 samples
02:56.625  render           | Video append frame 674
02:56.625  render           | Time: 00:00.32 (Saving: 00:00.00)
02:56.625  render           | Rendering frame 675
02:56.625  render           | Start rendering: MORI_Assembly_Animation, 视图层
02:56.625  render           | Engine: EEVEE
02:56.680  render           | Fra: 675 | Rendering 1 / 32 samples
02:56.875  render           | Fra: 675 | Rendering 25 / 32 samples
02:56.932  render           | Fra: 675 | Rendering 32 / 32 samples
02:56.944  render           | Video append frame 675
02:56.944  render           | Time: 00:00.31 (Saving: 00:00.00)
02:56.944  render           | Rendering frame 676
02:56.944  render           | Start rendering: MORI_Assembly_Animation, 视图层
02:56.944  render           | Engine: EEVEE
02:56.993  render           | Fra: 676 | Rendering 1 / 32 samples
02:57.184  render           | Fra: 676 | Rendering 25 / 32 samples
02:57.239  render           | Fra: 676 | Rendering 32 / 32 samples
02:57.250  render           | Video append frame 676
02:57.250  render           | Time: 00:00.30 (Saving: 00:00.00)
02:57.250  render           | Rendering frame 677
02:57.250  render           | Start rendering: MORI_Assembly_Animation, 视图层
02:57.250  render           | Engine: EEVEE
02:57.307  render           | Fra: 677 | Rendering 1 / 32 samples
02:57.495  render           | Fra: 677 | Rendering 25 / 32 samples
02:57.549  render           | Fra: 677 | Rendering 32 / 32 samples
02:57.560  render           | Video append frame 677
02:57.560  render           | Time: 00:00.31 (Saving: 00:00.00)
02:57.560  render           | Rendering frame 678
02:57.560  render           | Start rendering: MORI_Assembly_Animation, 视图层
02:57.560  render           | Engine: EEVEE
02:57.612  render           | Fra: 678 | Rendering 1 / 32 samples
02:57.800  render           | Fra: 678 | Rendering 25 / 32 samples
02:57.855  render           | Fra: 678 | Rendering 32 / 32 samples
02:57.865  render           | Video append frame 678
02:57.865  render           | Time: 00:00.30 (Saving: 00:00.00)
02:57.865  render           | Rendering frame 679
02:57.865  render           | Start rendering: MORI_Assembly_Animation, 视图层
02:57.865  render           | Engine: EEVEE
02:57.913  render           | Fra: 679 | Rendering 1 / 32 samples
02:58.101  render           | Fra: 679 | Rendering 25 / 32 samples
02:58.156  render           | Fra: 679 | Rendering 32 / 32 samples
02:58.166  render           | Video append frame 679
02:58.166  render           | Time: 00:00.30 (Saving: 00:00.00)
02:58.166  render           | Rendering frame 680
02:58.166  render           | Start rendering: MORI_Assembly_Animation, 视图层
02:58.166  render           | Engine: EEVEE
02:58.212  render           | Fra: 680 | Rendering 1 / 32 samples
02:58.400  render           | Fra: 680 | Rendering 25 / 32 samples
02:58.455  render           | Fra: 680 | Rendering 32 / 32 samples
02:58.465  render           | Video append frame 680
02:58.465  render           | Time: 00:00.29 (Saving: 00:00.00)
02:58.465  render           | Rendering frame 681
02:58.465  render           | Start rendering: MORI_Assembly_Animation, 视图层
02:58.465  render           | Engine: EEVEE
02:58.512  render           | Fra: 681 | Rendering 1 / 32 samples
02:58.696  render           | Fra: 681 | Rendering 25 / 32 samples
02:58.743  render           | Fra: 681 | Rendering 32 / 32 samples
02:58.767  render           | Video append frame 681
02:58.767  render           | Time: 00:00.30 (Saving: 00:00.01)
02:58.767  render           | Rendering frame 682
02:58.767  render           | Start rendering: MORI_Assembly_Animation, 视图层
02:58.767  render           | Engine: EEVEE
02:58.814  render           | Fra: 682 | Rendering 1 / 32 samples
02:58.976  render           | Fra: 682 | Rendering 25 / 32 samples
02:59.022  render           | Fra: 682 | Rendering 32 / 32 samples
02:59.043  render           | Video append frame 682
02:59.043  render           | Time: 00:00.27 (Saving: 00:00.01)
02:59.043  render           | Rendering frame 683
02:59.043  render           | Start rendering: MORI_Assembly_Animation, 视图层
02:59.043  render           | Engine: EEVEE
02:59.093  render           | Fra: 683 | Rendering 1 / 32 samples
02:59.255  render           | Fra: 683 | Rendering 25 / 32 samples
02:59.302  render           | Fra: 683 | Rendering 32 / 32 samples
02:59.340  render           | Video append frame 683
02:59.340  render           | Time: 00:00.29 (Saving: 00:00.02)
02:59.340  render           | Rendering frame 684
02:59.340  render           | Start rendering: MORI_Assembly_Animation, 视图层
02:59.340  render           | Engine: EEVEE
02:59.390  render           | Fra: 684 | Rendering 1 / 32 samples
02:59.551  render           | Fra: 684 | Rendering 25 / 32 samples
02:59.598  render           | Fra: 684 | Rendering 32 / 32 samples
02:59.613  render           | Video append frame 684
02:59.613  render           | Time: 00:00.27 (Saving: 00:00.00)
02:59.613  render           | Rendering frame 685
02:59.613  render           | Start rendering: MORI_Assembly_Animation, 视图层
02:59.613  render           | Engine: EEVEE
02:59.665  render           | Fra: 685 | Rendering 1 / 32 samples
02:59.829  render           | Fra: 685 | Rendering 25 / 32 samples
02:59.877  render           | Fra: 685 | Rendering 32 / 32 samples
02:59.892  render           | Video append frame 685
02:59.892  render           | Time: 00:00.27 (Saving: 00:00.01)
02:59.892  render           | Rendering frame 686
02:59.892  render           | Start rendering: MORI_Assembly_Animation, 视图层
02:59.892  render           | Engine: EEVEE
02:59.947  render           | Fra: 686 | Rendering 1 / 32 samples
03:00.113  render           | Fra: 686 | Rendering 25 / 32 samples
03:00.161  render           | Fra: 686 | Rendering 32 / 32 samples
03:00.189  render           | Video append frame 686
03:00.190  render           | Time: 00:00.29 (Saving: 00:00.02)
03:00.190  render           | Rendering frame 687
03:00.190  render           | Start rendering: MORI_Assembly_Animation, 视图层
03:00.190  render           | Engine: EEVEE
03:00.248  render           | Fra: 687 | Rendering 1 / 32 samples
03:00.413  render           | Fra: 687 | Rendering 25 / 32 samples
03:00.461  render           | Fra: 687 | Rendering 32 / 32 samples
03:00.485  render           | Video append frame 687
03:00.485  render           | Time: 00:00.29 (Saving: 00:00.01)
03:00.485  render           | Rendering frame 688
03:00.485  render           | Start rendering: MORI_Assembly_Animation, 视图层
03:00.485  render           | Engine: EEVEE
03:00.544  render           | Fra: 688 | Rendering 1 / 32 samples
03:00.710  render           | Fra: 688 | Rendering 25 / 32 samples
03:00.758  render           | Fra: 688 | Rendering 32 / 32 samples
03:00.774  render           | Video append frame 688
03:00.774  render           | Time: 00:00.28 (Saving: 00:00.01)
03:00.774  render           | Rendering frame 689
03:00.774  render           | Start rendering: MORI_Assembly_Animation, 视图层
03:00.774  render           | Engine: EEVEE
03:00.832  render           | Fra: 689 | Rendering 1 / 32 samples
03:00.997  render           | Fra: 689 | Rendering 25 / 32 samples
03:01.045  render           | Fra: 689 | Rendering 32 / 32 samples
03:01.072  render           | Video append frame 689
03:01.072  render           | Time: 00:00.29 (Saving: 00:00.02)
03:01.072  render           | Rendering frame 690
03:01.072  render           | Start rendering: MORI_Assembly_Animation, 视图层
03:01.072  render           | Engine: EEVEE
03:01.130  render           | Fra: 690 | Rendering 1 / 32 samples
03:01.294  render           | Fra: 690 | Rendering 25 / 32 samples
03:01.342  render           | Fra: 690 | Rendering 32 / 32 samples
03:01.359  render           | Video append frame 690
03:01.359  render           | Time: 00:00.28 (Saving: 00:00.01)
03:01.359  render           | Rendering frame 691
03:01.359  render           | Start rendering: MORI_Assembly_Animation, 视图层
03:01.359  render           | Engine: EEVEE
03:01.418  render           | Fra: 691 | Rendering 1 / 32 samples
03:01.583  render           | Fra: 691 | Rendering 25 / 32 samples
03:01.631  render           | Fra: 691 | Rendering 32 / 32 samples
03:01.662  render           | Video append frame 691
03:01.662  render           | Time: 00:00.30 (Saving: 00:00.02)
03:01.662  render           | Rendering frame 692
03:01.663  render           | Start rendering: MORI_Assembly_Animation, 视图层
03:01.663  render           | Engine: EEVEE
03:01.716  render           | Fra: 692 | Rendering 1 / 32 samples
03:01.881  render           | Fra: 692 | Rendering 25 / 32 samples
03:01.931  render           | Fra: 692 | Rendering 32 / 32 samples
03:01.943  render           | Video append frame 692
03:01.943  render           | Time: 00:00.28 (Saving: 00:00.00)
03:01.943  render           | Rendering frame 693
03:01.943  render           | Start rendering: MORI_Assembly_Animation, 视图层
03:01.943  render           | Engine: EEVEE
03:02.003  render           | Fra: 693 | Rendering 1 / 32 samples
03:02.170  render           | Fra: 693 | Rendering 25 / 32 samples
03:02.218  render           | Fra: 693 | Rendering 32 / 32 samples
03:02.228  render           | Video append frame 693
03:02.229  render           | Time: 00:00.28 (Saving: 00:00.00)
03:02.229  render           | Rendering frame 694
03:02.229  render           | Start rendering: MORI_Assembly_Animation, 视图层
03:02.229  render           | Engine: EEVEE
03:02.283  render           | Fra: 694 | Rendering 1 / 32 samples
03:02.451  render           | Fra: 694 | Rendering 25 / 32 samples
03:02.499  render           | Fra: 694 | Rendering 32 / 32 samples
03:02.508  render           | Video append frame 694
03:02.508  render           | Time: 00:00.27 (Saving: 00:00.00)
03:02.509  render           | Rendering frame 695
03:02.509  render           | Start rendering: MORI_Assembly_Animation, 视图层
03:02.509  render           | Engine: EEVEE
03:02.559  render           | Fra: 695 | Rendering 1 / 32 samples
03:02.725  render           | Fra: 695 | Rendering 25 / 32 samples
03:02.772  render           | Fra: 695 | Rendering 32 / 32 samples
03:02.782  render           | Video append frame 695
03:02.782  render           | Time: 00:00.27 (Saving: 00:00.00)
03:02.782  render           | Rendering frame 696
03:02.782  render           | Start rendering: MORI_Assembly_Animation, 视图层
03:02.782  render           | Engine: EEVEE
03:02.831  render           | Fra: 696 | Rendering 1 / 32 samples
03:02.994  render           | Fra: 696 | Rendering 25 / 32 samples
03:03.044  render           | Fra: 696 | Rendering 32 / 32 samples
03:03.054  render           | Video append frame 696
03:03.054  render           | Time: 00:00.27 (Saving: 00:00.00)
03:03.054  render           | Rendering frame 697
03:03.055  render           | Start rendering: MORI_Assembly_Animation, 视图层
03:03.055  render           | Engine: EEVEE
03:03.105  render           | Fra: 697 | Rendering 1 / 32 samples
03:03.269  render           | Fra: 697 | Rendering 25 / 32 samples
03:03.321  render           | Fra: 697 | Rendering 32 / 32 samples
03:03.330  render           | Video append frame 697
03:03.330  render           | Time: 00:00.27 (Saving: 00:00.00)
03:03.330  render           | Rendering frame 698
03:03.330  render           | Start rendering: MORI_Assembly_Animation, 视图层
03:03.330  render           | Engine: EEVEE
03:03.382  render           | Fra: 698 | Rendering 1 / 32 samples
03:03.547  render           | Fra: 698 | Rendering 25 / 32 samples
03:03.595  render           | Fra: 698 | Rendering 32 / 32 samples
03:03.605  render           | Video append frame 698
03:03.606  render           | Time: 00:00.27 (Saving: 00:00.00)
03:03.606  render           | Rendering frame 699
03:03.606  render           | Start rendering: MORI_Assembly_Animation, 视图层
03:03.606  render           | Engine: EEVEE
03:03.674  render           | Fra: 699 | Rendering 1 / 32 samples
03:03.839  render           | Fra: 699 | Rendering 25 / 32 samples
03:03.887  render           | Fra: 699 | Rendering 32 / 32 samples
03:03.896  render           | Video append frame 699
03:03.896  render           | Time: 00:00.29 (Saving: 00:00.00)
03:03.896  render           | Rendering frame 700
03:03.897  render           | Start rendering: MORI_Assembly_Animation, 视图层
03:03.897  render           | Engine: EEVEE
03:03.954  render           | Fra: 700 | Rendering 1 / 32 samples
03:04.114  render           | Fra: 700 | Rendering 25 / 32 samples
03:04.160  render           | Fra: 700 | Rendering 32 / 32 samples
03:04.169  render           | Video append frame 700
03:04.169  render           | Time: 00:00.27 (Saving: 00:00.00)
03:04.169  render           | Rendering frame 701
03:04.169  render           | Start rendering: MORI_Assembly_Animation, 视图层
03:04.169  render           | Engine: EEVEE
03:04.221  render           | Fra: 701 | Rendering 1 / 32 samples
03:04.379  render           | Fra: 701 | Rendering 25 / 32 samples
03:04.424  render           | Fra: 701 | Rendering 32 / 32 samples
03:04.433  render           | Video append frame 701
03:04.433  render           | Time: 00:00.26 (Saving: 00:00.00)
03:04.433  render           | Rendering frame 702
03:04.433  render           | Start rendering: MORI_Assembly_Animation, 视图层
03:04.433  render           | Engine: EEVEE
03:04.492  render           | Fra: 702 | Rendering 1 / 32 samples
03:04.649  render           | Fra: 702 | Rendering 25 / 32 samples
03:04.695  render           | Fra: 702 | Rendering 32 / 32 samples
03:04.704  render           | Video append frame 702
03:04.704  render           | Time: 00:00.27 (Saving: 00:00.00)
03:04.704  render           | Rendering frame 703
03:04.704  render           | Start rendering: MORI_Assembly_Animation, 视图层
03:04.704  render           | Engine: EEVEE
03:04.751  render           | Fra: 703 | Rendering 1 / 32 samples
03:04.911  render           | Fra: 703 | Rendering 25 / 32 samples
03:04.957  render           | Fra: 703 | Rendering 32 / 32 samples
03:04.967  render           | Video append frame 703
03:04.967  render           | Time: 00:00.26 (Saving: 00:00.00)
03:04.967  render           | Rendering frame 704
03:04.967  render           | Start rendering: MORI_Assembly_Animation, 视图层
03:04.967  render           | Engine: EEVEE
03:05.013  render           | Fra: 704 | Rendering 1 / 32 samples
03:05.171  render           | Fra: 704 | Rendering 25 / 32 samples
03:05.217  render           | Fra: 704 | Rendering 32 / 32 samples
03:05.226  render           | Video append frame 704
03:05.226  render           | Time: 00:00.25 (Saving: 00:00.00)
03:05.226  render           | Rendering frame 705
03:05.226  render           | Start rendering: MORI_Assembly_Animation, 视图层
03:05.226  render           | Engine: EEVEE
03:05.272  render           | Fra: 705 | Rendering 1 / 32 samples
03:05.429  render           | Fra: 705 | Rendering 25 / 32 samples
03:05.475  render           | Fra: 705 | Rendering 32 / 32 samples
03:05.484  render           | Video append frame 705
03:05.484  render           | Time: 00:00.25 (Saving: 00:00.00)
03:05.485  render           | Rendering frame 706
03:05.485  render           | Start rendering: MORI_Assembly_Animation, 视图层
03:05.485  render           | Engine: EEVEE
03:05.532  render           | Fra: 706 | Rendering 1 / 32 samples
03:05.692  render           | Fra: 706 | Rendering 25 / 32 samples
03:05.739  render           | Fra: 706 | Rendering 32 / 32 samples
03:05.762  render           | Video append frame 706
03:05.762  render           | Time: 00:00.27 (Saving: 00:00.01)
03:05.762  render           | Rendering frame 707
03:05.763  render           | Start rendering: MORI_Assembly_Animation, 视图层
03:05.763  render           | Engine: EEVEE
03:05.813  render           | Fra: 707 | Rendering 1 / 32 samples
03:05.976  render           | Fra: 707 | Rendering 25 / 32 samples
03:06.024  render           | Fra: 707 | Rendering 32 / 32 samples
03:06.049  render           | Video append frame 707
03:06.049  render           | Time: 00:00.28 (Saving: 00:00.02)
03:06.049  render           | Rendering frame 708
03:06.049  render           | Start rendering: MORI_Assembly_Animation, 视图层
03:06.049  render           | Engine: EEVEE
03:06.107  render           | Fra: 708 | Rendering 1 / 32 samples
03:06.296  render           | Fra: 708 | Rendering 25 / 32 samples
03:06.354  render           | Fra: 708 | Rendering 32 / 32 samples
03:06.380  render           | Video append frame 708
03:06.380  render           | Time: 00:00.33 (Saving: 00:00.02)
03:06.380  render           | Rendering frame 709
03:06.380  render           | Start rendering: MORI_Assembly_Animation, 视图层
03:06.380  render           | Engine: EEVEE
03:06.447  render           | Fra: 709 | Rendering 1 / 32 samples
03:06.681  render           | Fra: 709 | Rendering 25 / 32 samples
03:06.743  render           | Fra: 709 | Rendering 32 / 32 samples
03:06.755  render           | Video append frame 709
03:06.755  render           | Time: 00:00.37 (Saving: 00:00.00)
03:06.755  render           | Rendering frame 710
03:06.755  render           | Start rendering: MORI_Assembly_Animation, 视图层
03:06.755  render           | Engine: EEVEE
03:06.815  render           | Fra: 710 | Rendering 1 / 32 samples
03:07.016  render           | Fra: 710 | Rendering 25 / 32 samples
03:07.072  render           | Fra: 710 | Rendering 32 / 32 samples
03:07.083  render           | Video append frame 710
03:07.083  render           | Time: 00:00.32 (Saving: 00:00.00)
03:07.083  render           | Rendering frame 711
03:07.083  render           | Start rendering: MORI_Assembly_Animation, 视图层
03:07.083  render           | Engine: EEVEE
03:07.138  render           | Fra: 711 | Rendering 1 / 32 samples
03:07.331  render           | Fra: 711 | Rendering 25 / 32 samples
03:07.387  render           | Fra: 711 | Rendering 32 / 32 samples
03:07.398  render           | Video append frame 711
03:07.398  render           | Time: 00:00.31 (Saving: 00:00.00)
03:07.398  render           | Rendering frame 712
03:07.399  render           | Start rendering: MORI_Assembly_Animation, 视图层
03:07.399  render           | Engine: EEVEE
03:07.451  render           | Fra: 712 | Rendering 1 / 32 samples
03:07.647  render           | Fra: 712 | Rendering 25 / 32 samples
03:07.703  render           | Fra: 712 | Rendering 32 / 32 samples
03:07.714  render           | Video append frame 712
03:07.714  render           | Time: 00:00.31 (Saving: 00:00.00)
03:07.714  render           | Rendering frame 713
03:07.714  render           | Start rendering: MORI_Assembly_Animation, 视图层
03:07.714  render           | Engine: EEVEE
03:07.768  render           | Fra: 713 | Rendering 1 / 32 samples
03:07.961  render           | Fra: 713 | Rendering 25 / 32 samples
03:08.018  render           | Fra: 713 | Rendering 32 / 32 samples
03:08.028  render           | Video append frame 713
03:08.028  render           | Time: 00:00.31 (Saving: 00:00.00)
03:08.028  render           | Rendering frame 714
03:08.028  render           | Start rendering: MORI_Assembly_Animation, 视图层
03:08.028  render           | Engine: EEVEE
03:08.083  render           | Fra: 714 | Rendering 1 / 32 samples
03:08.280  render           | Fra: 714 | Rendering 25 / 32 samples
03:08.336  render           | Fra: 714 | Rendering 32 / 32 samples
03:08.347  render           | Video append frame 714
03:08.347  render           | Time: 00:00.31 (Saving: 00:00.00)
03:08.347  render           | Rendering frame 715
03:08.347  render           | Start rendering: MORI_Assembly_Animation, 视图层
03:08.347  render           | Engine: EEVEE
03:08.398  render           | Fra: 715 | Rendering 1 / 32 samples
03:08.587  render           | Fra: 715 | Rendering 25 / 32 samples
03:08.642  render           | Fra: 715 | Rendering 32 / 32 samples
03:08.651  render           | Video append frame 715
03:08.651  render           | Time: 00:00.30 (Saving: 00:00.00)
03:08.651  render           | Rendering frame 716
03:08.651  render           | Start rendering: MORI_Assembly_Animation, 视图层
03:08.651  render           | Engine: EEVEE
03:08.700  render           | Fra: 716 | Rendering 1 / 32 samples
03:08.888  render           | Fra: 716 | Rendering 25 / 32 samples
03:08.946  render           | Fra: 716 | Rendering 32 / 32 samples
03:08.955  render           | Video append frame 716
03:08.955  render           | Time: 00:00.30 (Saving: 00:00.00)
03:08.955  render           | Rendering frame 717
03:08.955  render           | Start rendering: MORI_Assembly_Animation, 视图层
03:08.955  render           | Engine: EEVEE
03:09.004  render           | Fra: 717 | Rendering 1 / 32 samples
03:09.192  render           | Fra: 717 | Rendering 25 / 32 samples
03:09.246  render           | Fra: 717 | Rendering 32 / 32 samples
03:09.257  render           | Video append frame 717
03:09.257  render           | Time: 00:00.30 (Saving: 00:00.00)
03:09.257  render           | Rendering frame 718
03:09.257  render           | Start rendering: MORI_Assembly_Animation, 视图层
03:09.257  render           | Engine: EEVEE
03:09.304  render           | Fra: 718 | Rendering 1 / 32 samples
03:09.467  render           | Fra: 718 | Rendering 25 / 32 samples
03:09.513  render           | Fra: 718 | Rendering 32 / 32 samples
03:09.522  render           | Video append frame 718
03:09.522  render           | Time: 00:00.26 (Saving: 00:00.00)
03:09.522  render           | Rendering frame 719
03:09.522  render           | Start rendering: MORI_Assembly_Animation, 视图层
03:09.522  render           | Engine: EEVEE
03:09.566  render           | Fra: 719 | Rendering 1 / 32 samples
03:09.724  render           | Fra: 719 | Rendering 25 / 32 samples
03:09.768  render           | Fra: 719 | Rendering 32 / 32 samples
03:09.777  render           | Video append frame 719
03:09.777  render           | Time: 00:00.25 (Saving: 00:00.00)
03:09.777  render           | Rendering frame 720
03:09.777  render           | Start rendering: MORI_Assembly_Animation, 视图层
03:09.777  render           | Engine: EEVEE
03:09.819  render           | Fra: 720 | Rendering 1 / 32 samples
03:09.977  render           | Fra: 720 | Rendering 25 / 32 samples
03:10.023  render           | Fra: 720 | Rendering 32 / 32 samples
03:10.038  render           | Video append frame 720
03:10.038  render           | Time: 00:00.26 (Saving: 00:00.01)
03:10.038  render           | Rendering frame 721
03:10.038  render           | Start rendering: MORI_Assembly_Animation, 视图层
03:10.038  render           | Engine: EEVEE
03:10.082  render           | Fra: 721 | Rendering 1 / 32 samples
03:10.229  render           | Fra: 721 | Rendering 25 / 32 samples
03:10.268  render           | Fra: 721 | Rendering 32 / 32 samples
03:10.286  render           | Video append frame 721
03:10.286  render           | Time: 00:00.24 (Saving: 00:00.01)
03:10.286  render           | Rendering frame 722
03:10.286  render           | Start rendering: MORI_Assembly_Animation, 视图层
03:10.286  render           | Engine: EEVEE
03:10.335  render           | Fra: 722 | Rendering 1 / 32 samples
03:10.482  render           | Fra: 722 | Rendering 25 / 32 samples
03:10.524  render           | Fra: 722 | Rendering 32 / 32 samples
03:10.541  render           | Video append frame 722
03:10.541  render           | Time: 00:00.25 (Saving: 00:00.01)
03:10.541  render           | Rendering frame 723
03:10.541  render           | Start rendering: MORI_Assembly_Animation, 视图层
03:10.541  render           | Engine: EEVEE
03:10.598  render           | Fra: 723 | Rendering 1 / 32 samples
03:10.739  render           | Fra: 723 | Rendering 25 / 32 samples
03:10.779  render           | Fra: 723 | Rendering 32 / 32 samples
03:10.813  render           | Video append frame 723
03:10.813  render           | Time: 00:00.27 (Saving: 00:00.02)
03:10.813  render           | Rendering frame 724
03:10.813  render           | Start rendering: MORI_Assembly_Animation, 视图层
03:10.814  render           | Engine: EEVEE
03:10.869  render           | Fra: 724 | Rendering 1 / 32 samples
03:11.009  render           | Fra: 724 | Rendering 25 / 32 samples
03:11.055  render           | Fra: 724 | Rendering 32 / 32 samples
03:11.092  render           | Video append frame 724
03:11.092  render           | Time: 00:00.27 (Saving: 00:00.02)
03:11.092  render           | Rendering frame 725
03:11.092  render           | Start rendering: MORI_Assembly_Animation, 视图层
03:11.092  render           | Engine: EEVEE
03:11.150  render           | Fra: 725 | Rendering 1 / 32 samples
03:11.300  render           | Fra: 725 | Rendering 25 / 32 samples
03:11.346  render           | Fra: 725 | Rendering 32 / 32 samples
03:11.373  render           | Video append frame 725
03:11.373  render           | Time: 00:00.28 (Saving: 00:00.02)
03:11.373  render           | Rendering frame 726
03:11.373  render           | Start rendering: MORI_Assembly_Animation, 视图层
03:11.373  render           | Engine: EEVEE
03:11.433  render           | Fra: 726 | Rendering 1 / 32 samples
03:11.600  render           | Fra: 726 | Rendering 25 / 32 samples
03:11.649  render           | Fra: 726 | Rendering 32 / 32 samples
03:11.671  render           | Video append frame 726
03:11.671  render           | Time: 00:00.29 (Saving: 00:00.01)
03:11.671  render           | Rendering frame 727
03:11.671  render           | Start rendering: MORI_Assembly_Animation, 视图层
03:11.671  render           | Engine: EEVEE
03:11.731  render           | Fra: 727 | Rendering 1 / 32 samples
03:11.900  render           | Fra: 727 | Rendering 25 / 32 samples
03:11.948  render           | Fra: 727 | Rendering 32 / 32 samples
03:11.994  render           | Video append frame 727
03:11.994  render           | Time: 00:00.32 (Saving: 00:00.04)
03:11.994  render           | Rendering frame 728
03:11.994  render           | Start rendering: MORI_Assembly_Animation, 视图层
03:11.994  render           | Engine: EEVEE
03:12.051  render           | Fra: 728 | Rendering 1 / 32 samples
03:12.219  render           | Fra: 728 | Rendering 25 / 32 samples
03:12.267  render           | Fra: 728 | Rendering 32 / 32 samples
03:12.284  render           | Video append frame 728
03:12.284  render           | Time: 00:00.28 (Saving: 00:00.01)
03:12.284  render           | Rendering frame 729
03:12.284  render           | Start rendering: MORI_Assembly_Animation, 视图层
03:12.284  render           | Engine: EEVEE
03:12.340  render           | Fra: 729 | Rendering 1 / 32 samples
03:12.507  render           | Fra: 729 | Rendering 25 / 32 samples
03:12.555  render           | Fra: 729 | Rendering 32 / 32 samples
03:12.585  render           | Video append frame 729
03:12.585  render           | Time: 00:00.30 (Saving: 00:00.02)
03:12.585  render           | Rendering frame 730
03:12.586  render           | Start rendering: MORI_Assembly_Animation, 视图层
03:12.586  render           | Engine: EEVEE
03:12.645  render           | Fra: 730 | Rendering 1 / 32 samples
03:12.811  render           | Fra: 730 | Rendering 25 / 32 samples
03:12.859  render           | Fra: 730 | Rendering 32 / 32 samples
03:12.890  render           | Video append frame 730
03:12.890  render           | Time: 00:00.30 (Saving: 00:00.02)
03:12.890  render           | Rendering frame 731
03:12.891  render           | Start rendering: MORI_Assembly_Animation, 视图层
03:12.891  render           | Engine: EEVEE
03:12.953  render           | Fra: 731 | Rendering 1 / 32 samples
03:13.119  render           | Fra: 731 | Rendering 25 / 32 samples
03:13.167  render           | Fra: 731 | Rendering 32 / 32 samples
03:13.188  render           | Video append frame 731
03:13.188  render           | Time: 00:00.29 (Saving: 00:00.01)
03:13.188  render           | Rendering frame 732
03:13.188  render           | Start rendering: MORI_Assembly_Animation, 视图层
03:13.188  render           | Engine: EEVEE
03:13.247  render           | Fra: 732 | Rendering 1 / 32 samples
03:13.413  render           | Fra: 732 | Rendering 25 / 32 samples
03:13.461  render           | Fra: 732 | Rendering 32 / 32 samples
03:13.492  render           | Video append frame 732
03:13.492  render           | Time: 00:00.30 (Saving: 00:00.02)
03:13.492  render           | Rendering frame 733
03:13.493  render           | Start rendering: MORI_Assembly_Animation, 视图层
03:13.493  render           | Engine: EEVEE
03:13.575  render           | Fra: 733 | Rendering 1 / 32 samples
03:13.776  render           | Fra: 733 | Rendering 25 / 32 samples
03:13.834  render           | Fra: 733 | Rendering 32 / 32 samples
03:13.865  render           | Video append frame 733
03:13.865  render           | Time: 00:00.37 (Saving: 00:00.02)
03:13.865  render           | Rendering frame 734
03:13.865  render           | Start rendering: MORI_Assembly_Animation, 视图层
03:13.865  render           | Engine: EEVEE
03:13.937  render           | Fra: 734 | Rendering 1 / 32 samples
03:14.144  render           | Fra: 734 | Rendering 25 / 32 samples
03:14.203  render           | Fra: 734 | Rendering 32 / 32 samples
03:14.237  render           | Video append frame 734
03:14.237  render           | Time: 00:00.37 (Saving: 00:00.02)
03:14.237  render           | Rendering frame 735
03:14.237  render           | Start rendering: MORI_Assembly_Animation, 视图层
03:14.237  render           | Engine: EEVEE
03:14.296  render           | Fra: 735 | Rendering 1 / 32 samples
03:14.493  render           | Fra: 735 | Rendering 25 / 32 samples
03:14.551  render           | Fra: 735 | Rendering 32 / 32 samples
03:14.585  render           | Video append frame 735
03:14.585  render           | Time: 00:00.34 (Saving: 00:00.02)
03:14.585  render           | Rendering frame 736
03:14.585  render           | Start rendering: MORI_Assembly_Animation, 视图层
03:14.585  render           | Engine: EEVEE
03:14.646  render           | Fra: 736 | Rendering 1 / 32 samples
03:14.842  render           | Fra: 736 | Rendering 25 / 32 samples
03:14.900  render           | Fra: 736 | Rendering 32 / 32 samples
03:14.937  render           | Video append frame 736
03:14.937  render           | Time: 00:00.35 (Saving: 00:00.03)
03:14.937  render           | Rendering frame 737
03:14.937  render           | Start rendering: MORI_Assembly_Animation, 视图层
03:14.937  render           | Engine: EEVEE
03:14.996  render           | Fra: 737 | Rendering 1 / 32 samples
03:15.193  render           | Fra: 737 | Rendering 25 / 32 samples
03:15.250  render           | Fra: 737 | Rendering 32 / 32 samples
03:15.274  render           | Video append frame 737
03:15.274  render           | Time: 00:00.33 (Saving: 00:00.01)
03:15.274  render           | Rendering frame 738
03:15.275  render           | Start rendering: MORI_Assembly_Animation, 视图层
03:15.275  render           | Engine: EEVEE
03:15.335  render           | Fra: 738 | Rendering 1 / 32 samples
03:15.531  render           | Fra: 738 | Rendering 25 / 32 samples
03:15.589  render           | Fra: 738 | Rendering 32 / 32 samples
03:15.614  render           | Video append frame 738
03:15.614  render           | Time: 00:00.33 (Saving: 00:00.01)
03:15.614  render           | Rendering frame 739
03:15.614  render           | Start rendering: MORI_Assembly_Animation, 视图层
03:15.614  render           | Engine: EEVEE
03:15.671  render           | Fra: 739 | Rendering 1 / 32 samples
03:15.867  render           | Fra: 739 | Rendering 25 / 32 samples
03:15.924  render           | Fra: 739 | Rendering 32 / 32 samples
03:15.949  render           | Video append frame 739
03:15.949  render           | Time: 00:00.33 (Saving: 00:00.01)
03:15.949  render           | Rendering frame 740
03:15.949  render           | Start rendering: MORI_Assembly_Animation, 视图层
03:15.949  render           | Engine: EEVEE
03:16.008  render           | Fra: 740 | Rendering 1 / 32 samples
03:16.204  render           | Fra: 740 | Rendering 25 / 32 samples
03:16.260  render           | Fra: 740 | Rendering 32 / 32 samples
03:16.286  render           | Video append frame 740
03:16.286  render           | Time: 00:00.33 (Saving: 00:00.02)
03:16.286  render           | Rendering frame 741
03:16.286  render           | Start rendering: MORI_Assembly_Animation, 视图层
03:16.286  render           | Engine: EEVEE
03:16.344  render           | Fra: 741 | Rendering 1 / 32 samples
03:16.540  render           | Fra: 741 | Rendering 25 / 32 samples
03:16.596  render           | Fra: 741 | Rendering 32 / 32 samples
03:16.623  render           | Video append frame 741
03:16.623  render           | Time: 00:00.33 (Saving: 00:00.02)
03:16.623  render           | Rendering frame 742
03:16.624  render           | Start rendering: MORI_Assembly_Animation, 视图层
03:16.624  render           | Engine: EEVEE
03:16.684  render           | Fra: 742 | Rendering 1 / 32 samples
03:16.880  render           | Fra: 742 | Rendering 25 / 32 samples
03:16.937  render           | Fra: 742 | Rendering 32 / 32 samples
03:16.951  render           | Video append frame 742
03:16.951  render           | Time: 00:00.32 (Saving: 00:00.00)
03:16.951  render           | Rendering frame 743
03:16.951  render           | Start rendering: MORI_Assembly_Animation, 视图层
03:16.951  render           | Engine: EEVEE
03:17.010  render           | Fra: 743 | Rendering 1 / 32 samples
03:17.206  render           | Fra: 743 | Rendering 25 / 32 samples
03:17.263  render           | Fra: 743 | Rendering 32 / 32 samples
03:17.280  render           | Video append frame 743
03:17.280  render           | Time: 00:00.32 (Saving: 00:00.01)
03:17.280  render           | Rendering frame 744
03:17.280  render           | Start rendering: MORI_Assembly_Animation, 视图层
03:17.280  render           | Engine: EEVEE
03:17.341  render           | Fra: 744 | Rendering 1 / 32 samples
03:17.537  render           | Fra: 744 | Rendering 25 / 32 samples
03:17.595  render           | Fra: 744 | Rendering 32 / 32 samples
03:17.616  render           | Video append frame 744
03:17.616  render           | Time: 00:00.33 (Saving: 00:00.01)
03:17.616  render           | Rendering frame 745
03:17.616  render           | Start rendering: MORI_Assembly_Animation, 视图层
03:17.616  render           | Engine: EEVEE
03:17.676  render           | Fra: 745 | Rendering 1 / 32 samples
03:17.873  render           | Fra: 745 | Rendering 25 / 32 samples
03:17.930  render           | Fra: 745 | Rendering 32 / 32 samples
03:17.954  render           | Video append frame 745
03:17.954  render           | Time: 00:00.33 (Saving: 00:00.01)
03:17.954  render           | Rendering frame 746
03:17.954  render           | Start rendering: MORI_Assembly_Animation, 视图层
03:17.954  render           | Engine: EEVEE
03:18.013  render           | Fra: 746 | Rendering 1 / 32 samples
03:18.210  render           | Fra: 746 | Rendering 25 / 32 samples
03:18.267  render           | Fra: 746 | Rendering 32 / 32 samples
03:18.298  render           | Video append frame 746
03:18.298  render           | Time: 00:00.34 (Saving: 00:00.02)
03:18.298  render           | Rendering frame 747
03:18.298  render           | Start rendering: MORI_Assembly_Animation, 视图层
03:18.298  render           | Engine: EEVEE
03:18.357  render           | Fra: 747 | Rendering 1 / 32 samples
03:18.554  render           | Fra: 747 | Rendering 25 / 32 samples
03:18.612  render           | Fra: 747 | Rendering 32 / 32 samples
03:18.656  render           | Video append frame 747
03:18.656  render           | Time: 00:00.35 (Saving: 00:00.03)
03:18.656  render           | Rendering frame 748
03:18.656  render           | Start rendering: MORI_Assembly_Animation, 视图层
03:18.656  render           | Engine: EEVEE
03:18.719  render           | Fra: 748 | Rendering 1 / 32 samples
03:18.916  render           | Fra: 748 | Rendering 25 / 32 samples
03:18.973  render           | Fra: 748 | Rendering 32 / 32 samples
03:18.999  render           | Video append frame 748
03:18.999  render           | Time: 00:00.34 (Saving: 00:00.02)
03:18.999  render           | Rendering frame 749
03:18.999  render           | Start rendering: MORI_Assembly_Animation, 视图层
03:18.999  render           | Engine: EEVEE
03:19.060  render           | Fra: 749 | Rendering 1 / 32 samples
03:19.257  render           | Fra: 749 | Rendering 25 / 32 samples
03:19.314  render           | Fra: 749 | Rendering 32 / 32 samples
03:19.342  render           | Video append frame 749
03:19.342  render           | Time: 00:00.34 (Saving: 00:00.02)
03:19.342  render           | Rendering frame 750
03:19.342  render           | Start rendering: MORI_Assembly_Animation, 视图层
03:19.342  render           | Engine: EEVEE
03:19.403  render           | Fra: 750 | Rendering 1 / 32 samples
03:19.599  render           | Fra: 750 | Rendering 25 / 32 samples
03:19.656  render           | Fra: 750 | Rendering 32 / 32 samples
03:19.678  render           | Video append frame 750
03:19.678  render           | Time: 00:00.33 (Saving: 00:00.01)
03:19.678  render           | Rendering frame 751
03:19.678  render           | Start rendering: MORI_Assembly_Animation, 视图层
03:19.678  render           | Engine: EEVEE
03:19.737  render           | Fra: 751 | Rendering 1 / 32 samples
03:19.933  render           | Fra: 751 | Rendering 25 / 32 samples
03:19.990  render           | Fra: 751 | Rendering 32 / 32 samples
03:20.014  render           | Video append frame 751
03:20.014  render           | Time: 00:00.33 (Saving: 00:00.01)
03:20.014  render           | Rendering frame 752
03:20.014  render           | Start rendering: MORI_Assembly_Animation, 视图层
03:20.014  render           | Engine: EEVEE
03:20.070  render           | Fra: 752 | Rendering 1 / 32 samples
03:20.267  render           | Fra: 752 | Rendering 25 / 32 samples
03:20.324  render           | Fra: 752 | Rendering 32 / 32 samples
03:20.336  render           | Video append frame 752
03:20.336  render           | Time: 00:00.32 (Saving: 00:00.00)
03:20.336  render           | Rendering frame 753
03:20.336  render           | Start rendering: MORI_Assembly_Animation, 视图层
03:20.336  render           | Engine: EEVEE
03:20.396  render           | Fra: 753 | Rendering 1 / 32 samples
03:20.593  render           | Fra: 753 | Rendering 25 / 32 samples
03:20.651  render           | Fra: 753 | Rendering 32 / 32 samples
03:20.661  render           | Video append frame 753
03:20.661  render           | Time: 00:00.32 (Saving: 00:00.00)
03:20.661  render           | Rendering frame 754
03:20.661  render           | Start rendering: MORI_Assembly_Animation, 视图层
03:20.661  render           | Engine: EEVEE
03:20.715  render           | Fra: 754 | Rendering 1 / 32 samples
03:20.910  render           | Fra: 754 | Rendering 25 / 32 samples
03:20.966  render           | Fra: 754 | Rendering 32 / 32 samples
03:20.977  render           | Video append frame 754
03:20.977  render           | Time: 00:00.31 (Saving: 00:00.00)
03:20.977  render           | Rendering frame 755
03:20.977  render           | Start rendering: MORI_Assembly_Animation, 视图层
03:20.977  render           | Engine: EEVEE
03:21.028  render           | Fra: 755 | Rendering 1 / 32 samples
03:21.224  render           | Fra: 755 | Rendering 25 / 32 samples
03:21.282  render           | Fra: 755 | Rendering 32 / 32 samples
03:21.293  render           | Video append frame 755
03:21.293  render           | Time: 00:00.31 (Saving: 00:00.00)
03:21.293  render           | Rendering frame 756
03:21.293  render           | Start rendering: MORI_Assembly_Animation, 视图层
03:21.293  render           | Engine: EEVEE
03:21.347  render           | Fra: 756 | Rendering 1 / 32 samples
03:21.542  render           | Fra: 756 | Rendering 25 / 32 samples
03:21.599  render           | Fra: 756 | Rendering 32 / 32 samples
03:21.608  render           | Video append frame 756
03:21.609  render           | Time: 00:00.31 (Saving: 00:00.00)
03:21.609  render           | Rendering frame 757
03:21.609  render           | Start rendering: MORI_Assembly_Animation, 视图层
03:21.609  render           | Engine: EEVEE
03:21.664  render           | Fra: 757 | Rendering 1 / 32 samples
03:21.858  render           | Fra: 757 | Rendering 25 / 32 samples
03:21.914  render           | Fra: 757 | Rendering 32 / 32 samples
03:21.924  render           | Video append frame 757
03:21.924  render           | Time: 00:00.31 (Saving: 00:00.00)
03:21.924  render           | Rendering frame 758
03:21.925  render           | Start rendering: MORI_Assembly_Animation, 视图层
03:21.925  render           | Engine: EEVEE
03:21.980  render           | Fra: 758 | Rendering 1 / 32 samples
03:22.171  render           | Fra: 758 | Rendering 25 / 32 samples
03:22.226  render           | Fra: 758 | Rendering 32 / 32 samples
03:22.236  render           | Video append frame 758
03:22.236  render           | Time: 00:00.31 (Saving: 00:00.00)
03:22.236  render           | Rendering frame 759
03:22.236  render           | Start rendering: MORI_Assembly_Animation, 视图层
03:22.236  render           | Engine: EEVEE
03:22.289  render           | Fra: 759 | Rendering 1 / 32 samples
03:22.477  render           | Fra: 759 | Rendering 25 / 32 samples
03:22.532  render           | Fra: 759 | Rendering 32 / 32 samples
03:22.542  render           | Video append frame 759
03:22.542  render           | Time: 00:00.30 (Saving: 00:00.00)
03:22.542  render           | Rendering frame 760
03:22.542  render           | Start rendering: MORI_Assembly_Animation, 视图层
03:22.542  render           | Engine: EEVEE
03:22.610  render           | Fra: 760 | Rendering 1 / 32 samples
03:22.799  render           | Fra: 760 | Rendering 25 / 32 samples
03:22.854  render           | Fra: 760 | Rendering 32 / 32 samples
03:22.864  render           | Video append frame 760
03:22.864  render           | Time: 00:00.32 (Saving: 00:00.00)
03:22.864  render           | Rendering frame 761
03:22.864  render           | Start rendering: MORI_Assembly_Animation, 视图层
03:22.864  render           | Engine: EEVEE
03:22.912  render           | Fra: 761 | Rendering 1 / 32 samples
03:23.101  render           | Fra: 761 | Rendering 25 / 32 samples
03:23.156  render           | Fra: 761 | Rendering 32 / 32 samples
03:23.165  render           | Video append frame 761
03:23.165  render           | Time: 00:00.30 (Saving: 00:00.00)
03:23.165  render           | Rendering frame 762
03:23.165  render           | Start rendering: MORI_Assembly_Animation, 视图层
03:23.165  render           | Engine: EEVEE
03:23.214  render           | Fra: 762 | Rendering 1 / 32 samples
03:23.402  render           | Fra: 762 | Rendering 25 / 32 samples
03:23.457  render           | Fra: 762 | Rendering 32 / 32 samples
03:23.467  render           | Video append frame 762
03:23.467  render           | Time: 00:00.30 (Saving: 00:00.00)
03:23.467  render           | Rendering frame 763
03:23.467  render           | Start rendering: MORI_Assembly_Animation, 视图层
03:23.467  render           | Engine: EEVEE
03:23.516  render           | Fra: 763 | Rendering 1 / 32 samples
03:23.705  render           | Fra: 763 | Rendering 25 / 32 samples
03:23.760  render           | Fra: 763 | Rendering 32 / 32 samples
03:23.779  render           | Video append frame 763
03:23.779  render           | Time: 00:00.31 (Saving: 00:00.01)
03:23.779  render           | Rendering frame 764
03:23.779  render           | Start rendering: MORI_Assembly_Animation, 视图层
03:23.779  render           | Engine: EEVEE
03:23.825  render           | Fra: 764 | Rendering 1 / 32 samples
03:24.015  render           | Fra: 764 | Rendering 25 / 32 samples
03:24.070  render           | Fra: 764 | Rendering 32 / 32 samples
03:24.108  render           | Video append frame 764
03:24.108  render           | Time: 00:00.32 (Saving: 00:00.02)
03:24.108  render           | Rendering frame 765
03:24.108  render           | Start rendering: MORI_Assembly_Animation, 视图层
03:24.108  render           | Engine: EEVEE
03:24.164  render           | Fra: 765 | Rendering 1 / 32 samples
03:24.361  render           | Fra: 765 | Rendering 25 / 32 samples
03:24.418  render           | Fra: 765 | Rendering 32 / 32 samples
03:24.431  render           | Video append frame 765
03:24.431  render           | Time: 00:00.32 (Saving: 00:00.00)
03:24.431  render           | Rendering frame 766
03:24.431  render           | Start rendering: MORI_Assembly_Animation, 视图层
03:24.431  render           | Engine: EEVEE
03:24.496  render           | Fra: 766 | Rendering 1 / 32 samples
03:24.692  render           | Fra: 766 | Rendering 25 / 32 samples
03:24.750  render           | Fra: 766 | Rendering 32 / 32 samples
03:24.761  render           | Video append frame 766
03:24.761  render           | Time: 00:00.32 (Saving: 00:00.00)
03:24.761  render           | Rendering frame 767
03:24.761  render           | Start rendering: MORI_Assembly_Animation, 视图层
03:24.761  render           | Engine: EEVEE
03:24.821  render           | Fra: 767 | Rendering 1 / 32 samples
03:25.021  render           | Fra: 767 | Rendering 25 / 32 samples
03:25.078  render           | Fra: 767 | Rendering 32 / 32 samples
03:25.089  render           | Video append frame 767
03:25.089  render           | Time: 00:00.32 (Saving: 00:00.00)
03:25.089  render           | Rendering frame 768
03:25.089  render           | Start rendering: MORI_Assembly_Animation, 视图层
03:25.089  render           | Engine: EEVEE
03:25.147  render           | Fra: 768 | Rendering 1 / 32 samples
03:25.341  render           | Fra: 768 | Rendering 25 / 32 samples
03:25.397  render           | Fra: 768 | Rendering 32 / 32 samples
03:25.407  render           | Video append frame 768
03:25.407  render           | Time: 00:00.31 (Saving: 00:00.00)
03:25.407  render           | Rendering frame 769
03:25.407  render           | Start rendering: MORI_Assembly_Animation, 视图层
03:25.407  render           | Engine: EEVEE
03:25.460  render           | Fra: 769 | Rendering 1 / 32 samples
03:25.656  render           | Fra: 769 | Rendering 25 / 32 samples
03:25.712  render           | Fra: 769 | Rendering 32 / 32 samples
03:25.723  render           | Video append frame 769
03:25.723  render           | Time: 00:00.31 (Saving: 00:00.00)
03:25.723  render           | Rendering frame 770
03:25.723  render           | Start rendering: MORI_Assembly_Animation, 视图层
03:25.723  render           | Engine: EEVEE
03:25.779  render           | Fra: 770 | Rendering 1 / 32 samples
03:25.974  render           | Fra: 770 | Rendering 25 / 32 samples
03:26.031  render           | Fra: 770 | Rendering 32 / 32 samples
03:26.040  render           | Video append frame 770
03:26.040  render           | Time: 00:00.31 (Saving: 00:00.00)
03:26.040  render           | Rendering frame 771
03:26.041  render           | Start rendering: MORI_Assembly_Animation, 视图层
03:26.041  render           | Engine: EEVEE
03:26.103  render           | Fra: 771 | Rendering 1 / 32 samples
03:26.299  render           | Fra: 771 | Rendering 25 / 32 samples
03:26.355  render           | Fra: 771 | Rendering 32 / 32 samples
03:26.366  render           | Video append frame 771
03:26.366  render           | Time: 00:00.32 (Saving: 00:00.00)
03:26.366  render           | Rendering frame 772
03:26.366  render           | Start rendering: MORI_Assembly_Animation, 视图层
03:26.366  render           | Engine: EEVEE
03:26.425  render           | Fra: 772 | Rendering 1 / 32 samples
03:26.622  render           | Fra: 772 | Rendering 25 / 32 samples
03:26.677  render           | Fra: 772 | Rendering 32 / 32 samples
03:26.687  render           | Video append frame 772
03:26.687  render           | Time: 00:00.32 (Saving: 00:00.00)
03:26.687  render           | Rendering frame 773
03:26.687  render           | Start rendering: MORI_Assembly_Animation, 视图层
03:26.687  render           | Engine: EEVEE
03:26.742  render           | Fra: 773 | Rendering 1 / 32 samples
03:26.932  render           | Fra: 773 | Rendering 25 / 32 samples
03:26.988  render           | Fra: 773 | Rendering 32 / 32 samples
03:26.998  render           | Video append frame 773
03:26.998  render           | Time: 00:00.31 (Saving: 00:00.00)
03:26.998  render           | Rendering frame 774
03:26.998  render           | Start rendering: MORI_Assembly_Animation, 视图层
03:26.998  render           | Engine: EEVEE
03:27.057  render           | Fra: 774 | Rendering 1 / 32 samples
03:27.249  render           | Fra: 774 | Rendering 25 / 32 samples
03:27.306  render           | Fra: 774 | Rendering 32 / 32 samples
03:27.318  render           | Video append frame 774
03:27.318  render           | Time: 00:00.32 (Saving: 00:00.00)
03:27.319  render           | Rendering frame 775
03:27.319  render           | Start rendering: MORI_Assembly_Animation, 视图层
03:27.319  render           | Engine: EEVEE
03:27.370  render           | Fra: 775 | Rendering 1 / 32 samples
03:27.559  render           | Fra: 775 | Rendering 25 / 32 samples
03:27.614  render           | Fra: 775 | Rendering 32 / 32 samples
03:27.624  render           | Video append frame 775
03:27.624  render           | Time: 00:00.30 (Saving: 00:00.00)
03:27.624  render           | Rendering frame 776
03:27.624  render           | Start rendering: MORI_Assembly_Animation, 视图层
03:27.624  render           | Engine: EEVEE
03:27.673  render           | Fra: 776 | Rendering 1 / 32 samples
03:27.861  render           | Fra: 776 | Rendering 25 / 32 samples
03:27.916  render           | Fra: 776 | Rendering 32 / 32 samples
03:27.925  render           | Video append frame 776
03:27.925  render           | Time: 00:00.30 (Saving: 00:00.00)
03:27.925  render           | Rendering frame 777
03:27.925  render           | Start rendering: MORI_Assembly_Animation, 视图层
03:27.925  render           | Engine: EEVEE
03:27.975  render           | Fra: 777 | Rendering 1 / 32 samples
03:28.165  render           | Fra: 777 | Rendering 25 / 32 samples
03:28.220  render           | Fra: 777 | Rendering 32 / 32 samples
03:28.242  render           | Video append frame 777
03:28.242  render           | Time: 00:00.31 (Saving: 00:00.01)
03:28.242  render           | Rendering frame 778
03:28.242  render           | Start rendering: MORI_Assembly_Animation, 视图层
03:28.242  render           | Engine: EEVEE
03:28.295  render           | Fra: 778 | Rendering 1 / 32 samples
03:28.490  render           | Fra: 778 | Rendering 25 / 32 samples
03:28.546  render           | Fra: 778 | Rendering 32 / 32 samples
03:28.574  render           | Video append frame 778
03:28.574  render           | Time: 00:00.33 (Saving: 00:00.02)
03:28.574  render           | Rendering frame 779
03:28.574  render           | Start rendering: MORI_Assembly_Animation, 视图层
03:28.574  render           | Engine: EEVEE
03:28.632  render           | Fra: 779 | Rendering 1 / 32 samples
03:28.829  render           | Fra: 779 | Rendering 25 / 32 samples
03:28.886  render           | Fra: 779 | Rendering 32 / 32 samples
03:28.914  render           | Video append frame 779
03:28.914  render           | Time: 00:00.33 (Saving: 00:00.02)
03:28.914  render           | Rendering frame 780
03:28.914  render           | Start rendering: MORI_Assembly_Animation, 视图层
03:28.914  render           | Engine: EEVEE
03:28.977  render           | Fra: 780 | Rendering 1 / 32 samples
03:29.175  render           | Fra: 780 | Rendering 25 / 32 samples
03:29.238  render           | Fra: 780 | Rendering 32 / 32 samples
03:29.264  render           | Video append frame 780
03:29.264  render           | Time: 00:00.35 (Saving: 00:00.01)
03:29.264  render           | Rendering frame 781
03:29.264  render           | Start rendering: MORI_Assembly_Animation, 视图层
03:29.264  render           | Engine: EEVEE
03:29.327  render           | Fra: 781 | Rendering 1 / 32 samples
03:29.526  render           | Fra: 781 | Rendering 25 / 32 samples
03:29.584  render           | Fra: 781 | Rendering 32 / 32 samples
03:29.631  render           | Video append frame 781
03:29.631  render           | Time: 00:00.36 (Saving: 00:00.04)
03:29.631  render           | Rendering frame 782
03:29.632  render           | Start rendering: MORI_Assembly_Animation, 视图层
03:29.632  render           | Engine: EEVEE
03:29.693  render           | Fra: 782 | Rendering 1 / 32 samples
03:29.891  render           | Fra: 782 | Rendering 25 / 32 samples
03:29.948  render           | Fra: 782 | Rendering 32 / 32 samples
03:29.965  render           | Video append frame 782
03:29.966  render           | Time: 00:00.33 (Saving: 00:00.01)
03:29.966  render           | Rendering frame 783
03:29.966  render           | Start rendering: MORI_Assembly_Animation, 视图层
03:29.966  render           | Engine: EEVEE
03:30.026  render           | Fra: 783 | Rendering 1 / 32 samples
03:30.222  render           | Fra: 783 | Rendering 25 / 32 samples
03:30.279  render           | Fra: 783 | Rendering 32 / 32 samples
03:30.307  render           | Video append frame 783
03:30.307  render           | Time: 00:00.34 (Saving: 00:00.02)
03:30.307  render           | Rendering frame 784
03:30.307  render           | Start rendering: MORI_Assembly_Animation, 视图层
03:30.307  render           | Engine: EEVEE
03:30.368  render           | Fra: 784 | Rendering 1 / 32 samples
03:30.564  render           | Fra: 784 | Rendering 25 / 32 samples
03:30.621  render           | Fra: 784 | Rendering 32 / 32 samples
03:30.638  render           | Video append frame 784
03:30.638  render           | Time: 00:00.33 (Saving: 00:00.01)
03:30.638  render           | Rendering frame 785
03:30.638  render           | Start rendering: MORI_Assembly_Animation, 视图层
03:30.638  render           | Engine: EEVEE
03:30.701  render           | Fra: 785 | Rendering 1 / 32 samples
03:30.898  render           | Fra: 785 | Rendering 25 / 32 samples
03:30.955  render           | Fra: 785 | Rendering 32 / 32 samples
03:30.999  render           | Video append frame 785
03:30.999  render           | Time: 00:00.36 (Saving: 00:00.02)
03:30.999  render           | Rendering frame 786
03:30.999  render           | Start rendering: MORI_Assembly_Animation, 视图层
03:30.999  render           | Engine: EEVEE
03:31.059  render           | Fra: 786 | Rendering 1 / 32 samples
03:31.255  render           | Fra: 786 | Rendering 25 / 32 samples
03:31.312  render           | Fra: 786 | Rendering 32 / 32 samples
03:31.344  render           | Video append frame 786
03:31.344  render           | Time: 00:00.34 (Saving: 00:00.02)
03:31.344  render           | Rendering frame 787
03:31.344  render           | Start rendering: MORI_Assembly_Animation, 视图层
03:31.344  render           | Engine: EEVEE
03:31.404  render           | Fra: 787 | Rendering 1 / 32 samples
03:31.599  render           | Fra: 787 | Rendering 25 / 32 samples
03:31.656  render           | Fra: 787 | Rendering 32 / 32 samples
03:31.679  render           | Video append frame 787
03:31.679  render           | Time: 00:00.33 (Saving: 00:00.01)
03:31.679  render           | Rendering frame 788
03:31.679  render           | Start rendering: MORI_Assembly_Animation, 视图层
03:31.679  render           | Engine: EEVEE
03:31.741  render           | Fra: 788 | Rendering 1 / 32 samples
03:31.938  render           | Fra: 788 | Rendering 25 / 32 samples
03:31.995  render           | Fra: 788 | Rendering 32 / 32 samples
03:32.026  render           | Video append frame 788
03:32.026  render           | Time: 00:00.34 (Saving: 00:00.02)
03:32.026  render           | Rendering frame 789
03:32.026  render           | Start rendering: MORI_Assembly_Animation, 视图层
03:32.026  render           | Engine: EEVEE
03:32.090  render           | Fra: 789 | Rendering 1 / 32 samples
03:32.287  render           | Fra: 789 | Rendering 25 / 32 samples
03:32.344  render           | Fra: 789 | Rendering 32 / 32 samples
03:32.359  render           | Video append frame 789
03:32.359  render           | Time: 00:00.33 (Saving: 00:00.01)
03:32.359  render           | Rendering frame 790
03:32.359  render           | Start rendering: MORI_Assembly_Animation, 视图层
03:32.359  render           | Engine: EEVEE
03:32.421  render           | Fra: 790 | Rendering 1 / 32 samples
03:32.618  render           | Fra: 790 | Rendering 25 / 32 samples
03:32.675  render           | Fra: 790 | Rendering 32 / 32 samples
03:32.690  render           | Video append frame 790
03:32.691  render           | Time: 00:00.33 (Saving: 00:00.01)
03:32.691  render           | Rendering frame 791
03:32.691  render           | Start rendering: MORI_Assembly_Animation, 视图层
03:32.691  render           | Engine: EEVEE
03:32.751  render           | Fra: 791 | Rendering 1 / 32 samples
03:32.949  render           | Fra: 791 | Rendering 25 / 32 samples
03:33.006  render           | Fra: 791 | Rendering 32 / 32 samples
03:33.029  render           | Video append frame 791
03:33.029  render           | Time: 00:00.33 (Saving: 00:00.01)
03:33.029  render           | Rendering frame 792
03:33.029  render           | Start rendering: MORI_Assembly_Animation, 视图层
03:33.029  render           | Engine: EEVEE
03:33.093  render           | Fra: 792 | Rendering 1 / 32 samples
03:33.289  render           | Fra: 792 | Rendering 25 / 32 samples
03:33.344  render           | Fra: 792 | Rendering 32 / 32 samples
03:33.373  render           | Video append frame 792
03:33.373  render           | Time: 00:00.34 (Saving: 00:00.02)
03:33.373  render           | Rendering frame 793
03:33.373  render           | Start rendering: MORI_Assembly_Animation, 视图层
03:33.373  render           | Engine: EEVEE
03:33.455  render           | Fra: 793 | Rendering 1 / 32 samples
03:33.652  render           | Fra: 793 | Rendering 25 / 32 samples
03:33.709  render           | Fra: 793 | Rendering 32 / 32 samples
03:33.731  render           | Video append frame 793
03:33.731  render           | Time: 00:00.35 (Saving: 00:00.01)
03:33.731  render           | Rendering frame 794
03:33.731  render           | Start rendering: MORI_Assembly_Animation, 视图层
03:33.731  render           | Engine: EEVEE
03:33.794  render           | Fra: 794 | Rendering 1 / 32 samples
03:34.003  render           | Fra: 794 | Rendering 25 / 32 samples
03:34.060  render           | Fra: 794 | Rendering 32 / 32 samples
03:34.082  render           | Video append frame 794
03:34.082  render           | Time: 00:00.35 (Saving: 00:00.01)
03:34.082  render           | Rendering frame 795
03:34.083  render           | Start rendering: MORI_Assembly_Animation, 视图层
03:34.083  render           | Engine: EEVEE
03:34.147  render           | Fra: 795 | Rendering 1 / 32 samples
03:34.344  render           | Fra: 795 | Rendering 25 / 32 samples
03:34.401  render           | Fra: 795 | Rendering 32 / 32 samples
03:34.428  render           | Video append frame 795
03:34.428  render           | Time: 00:00.34 (Saving: 00:00.02)
03:34.428  render           | Rendering frame 796
03:34.429  render           | Start rendering: MORI_Assembly_Animation, 视图层
03:34.429  render           | Engine: EEVEE
03:34.489  render           | Fra: 796 | Rendering 1 / 32 samples
03:34.687  render           | Fra: 796 | Rendering 25 / 32 samples
03:34.744  render           | Fra: 796 | Rendering 32 / 32 samples
03:34.771  render           | Video append frame 796
03:34.771  render           | Time: 00:00.34 (Saving: 00:00.01)
03:34.771  render           | Rendering frame 797
03:34.771  render           | Start rendering: MORI_Assembly_Animation, 视图层
03:34.771  render           | Engine: EEVEE
03:34.832  render           | Fra: 797 | Rendering 1 / 32 samples
03:35.030  render           | Fra: 797 | Rendering 25 / 32 samples
03:35.087  render           | Fra: 797 | Rendering 32 / 32 samples
03:35.113  render           | Video append frame 797
03:35.113  render           | Time: 00:00.34 (Saving: 00:00.01)
03:35.113  render           | Rendering frame 798
03:35.113  render           | Start rendering: MORI_Assembly_Animation, 视图层
03:35.113  render           | Engine: EEVEE
03:35.174  render           | Fra: 798 | Rendering 1 / 32 samples
03:35.371  render           | Fra: 798 | Rendering 25 / 32 samples
03:35.429  render           | Fra: 798 | Rendering 32 / 32 samples
03:35.458  render           | Video append frame 798
03:35.458  render           | Time: 00:00.34 (Saving: 00:00.02)
03:35.458  render           | Rendering frame 799
03:35.459  render           | Start rendering: MORI_Assembly_Animation, 视图层
03:35.459  render           | Engine: EEVEE
03:35.518  render           | Fra: 799 | Rendering 1 / 32 samples
03:35.717  render           | Fra: 799 | Rendering 25 / 32 samples
03:35.775  render           | Fra: 799 | Rendering 32 / 32 samples
03:35.789  render           | Video append frame 799
03:35.789  render           | Time: 00:00.33 (Saving: 00:00.00)
03:35.789  render           | Rendering frame 800
03:35.789  render           | Start rendering: MORI_Assembly_Animation, 视图层
03:35.789  render           | Engine: EEVEE
03:35.852  render           | Fra: 800 | Rendering 1 / 32 samples
03:36.048  render           | Fra: 800 | Rendering 25 / 32 samples
03:36.107  render           | Fra: 800 | Rendering 32 / 32 samples
03:36.118  render           | Video append frame 800
03:36.118  render           | Time: 00:00.32 (Saving: 00:00.00)
03:36.118  render           | Rendering frame 801
03:36.118  render           | Start rendering: MORI_Assembly_Animation, 视图层
03:36.118  render           | Engine: EEVEE
03:36.175  render           | Fra: 801 | Rendering 1 / 32 samples
03:36.373  render           | Fra: 801 | Rendering 25 / 32 samples
03:36.430  render           | Fra: 801 | Rendering 32 / 32 samples
03:36.442  render           | Video append frame 801
03:36.442  render           | Time: 00:00.32 (Saving: 00:00.00)
03:36.442  render           | Rendering frame 802
03:36.442  render           | Start rendering: MORI_Assembly_Animation, 视图层
03:36.442  render           | Engine: EEVEE
03:36.500  render           | Fra: 802 | Rendering 1 / 32 samples
03:36.695  render           | Fra: 802 | Rendering 25 / 32 samples
03:36.752  render           | Fra: 802 | Rendering 32 / 32 samples
03:36.762  render           | Video append frame 802
03:36.762  render           | Time: 00:00.32 (Saving: 00:00.00)
03:36.762  render           | Rendering frame 803
03:36.762  render           | Start rendering: MORI_Assembly_Animation, 视图层
03:36.762  render           | Engine: EEVEE
03:36.820  render           | Fra: 803 | Rendering 1 / 32 samples
03:37.015  render           | Fra: 803 | Rendering 25 / 32 samples
03:37.072  render           | Fra: 803 | Rendering 32 / 32 samples
03:37.083  render           | Video append frame 803
03:37.083  render           | Time: 00:00.32 (Saving: 00:00.00)
03:37.083  render           | Rendering frame 804
03:37.084  render           | Start rendering: MORI_Assembly_Animation, 视图层
03:37.084  render           | Engine: EEVEE
03:37.140  render           | Fra: 804 | Rendering 1 / 32 samples
03:37.336  render           | Fra: 804 | Rendering 25 / 32 samples
03:37.394  render           | Fra: 804 | Rendering 32 / 32 samples
03:37.404  render           | Video append frame 804
03:37.405  render           | Time: 00:00.32 (Saving: 00:00.00)
03:37.405  render           | Rendering frame 805
03:37.405  render           | Start rendering: MORI_Assembly_Animation, 视图层
03:37.405  render           | Engine: EEVEE
03:37.459  render           | Fra: 805 | Rendering 1 / 32 samples
03:37.659  render           | Fra: 805 | Rendering 25 / 32 samples
03:37.714  render           | Fra: 805 | Rendering 32 / 32 samples
03:37.724  render           | Video append frame 805
03:37.724  render           | Time: 00:00.31 (Saving: 00:00.00)
03:37.724  render           | Rendering frame 806
03:37.724  render           | Start rendering: MORI_Assembly_Animation, 视图层
03:37.724  render           | Engine: EEVEE
03:37.787  render           | Fra: 806 | Rendering 1 / 32 samples
03:37.977  render           | Fra: 806 | Rendering 25 / 32 samples
03:38.031  render           | Fra: 806 | Rendering 32 / 32 samples
03:38.041  render           | Video append frame 806
03:38.041  render           | Time: 00:00.31 (Saving: 00:00.00)
03:38.041  render           | Rendering frame 807
03:38.041  render           | Start rendering: MORI_Assembly_Animation, 视图层
03:38.041  render           | Engine: EEVEE
03:38.092  render           | Fra: 807 | Rendering 1 / 32 samples
03:38.263  render           | Fra: 807 | Rendering 25 / 32 samples
03:38.310  render           | Fra: 807 | Rendering 32 / 32 samples
03:38.319  render           | Video append frame 807
03:38.319  render           | Time: 00:00.27 (Saving: 00:00.00)
03:38.319  render           | Rendering frame 808
03:38.319  render           | Start rendering: MORI_Assembly_Animation, 视图层
03:38.319  render           | Engine: EEVEE
03:38.364  render           | Fra: 808 | Rendering 1 / 32 samples
03:38.522  render           | Fra: 808 | Rendering 25 / 32 samples
03:38.568  render           | Fra: 808 | Rendering 32 / 32 samples
03:38.577  render           | Video append frame 808
03:38.577  render           | Time: 00:00.25 (Saving: 00:00.00)
03:38.577  render           | Rendering frame 809
03:38.577  render           | Start rendering: MORI_Assembly_Animation, 视图层
03:38.577  render           | Engine: EEVEE
03:38.628  render           | Fra: 809 | Rendering 1 / 32 samples
03:38.787  render           | Fra: 809 | Rendering 25 / 32 samples
03:38.833  render           | Fra: 809 | Rendering 32 / 32 samples
03:38.842  render           | Video append frame 809
03:38.842  render           | Time: 00:00.26 (Saving: 00:00.00)
03:38.842  render           | Rendering frame 810
03:38.842  render           | Start rendering: MORI_Assembly_Animation, 视图层
03:38.842  render           | Engine: EEVEE
03:38.888  render           | Fra: 810 | Rendering 1 / 32 samples
03:39.047  render           | Fra: 810 | Rendering 25 / 32 samples
03:39.093  render           | Fra: 810 | Rendering 32 / 32 samples
03:39.103  render           | Video append frame 810
03:39.103  render           | Time: 00:00.26 (Saving: 00:00.00)
03:39.103  render           | Rendering frame 811
03:39.103  render           | Start rendering: MORI_Assembly_Animation, 视图层
03:39.103  render           | Engine: EEVEE
03:39.148  render           | Fra: 811 | Rendering 1 / 32 samples
03:39.308  render           | Fra: 811 | Rendering 25 / 32 samples
03:39.355  render           | Fra: 811 | Rendering 32 / 32 samples
03:39.377  render           | Video append frame 811
03:39.377  render           | Time: 00:00.27 (Saving: 00:00.01)
03:39.377  render           | Rendering frame 812
03:39.377  render           | Start rendering: MORI_Assembly_Animation, 视图层
03:39.377  render           | Engine: EEVEE
03:39.429  render           | Fra: 812 | Rendering 1 / 32 samples
03:39.595  render           | Fra: 812 | Rendering 25 / 32 samples
03:39.643  render           | Fra: 812 | Rendering 32 / 32 samples
03:39.677  render           | Video append frame 812
03:39.677  render           | Time: 00:00.29 (Saving: 00:00.02)
03:39.677  render           | Rendering frame 813
03:39.677  render           | Start rendering: MORI_Assembly_Animation, 视图层
03:39.677  render           | Engine: EEVEE
03:39.738  render           | Fra: 813 | Rendering 1 / 32 samples
03:39.911  render           | Fra: 813 | Rendering 25 / 32 samples
03:39.961  render           | Fra: 813 | Rendering 32 / 32 samples
03:39.991  render           | Video append frame 813
03:39.991  render           | Time: 00:00.31 (Saving: 00:00.02)
03:39.991  render           | Rendering frame 814
03:39.992  render           | Start rendering: MORI_Assembly_Animation, 视图层
03:39.992  render           | Engine: EEVEE
03:40.068  render           | Fra: 814 | Rendering 1 / 32 samples
03:40.269  render           | Fra: 814 | Rendering 25 / 32 samples
03:40.328  render           | Fra: 814 | Rendering 32 / 32 samples
03:40.345  render           | Video append frame 814
03:40.346  render           | Time: 00:00.35 (Saving: 00:00.01)
03:40.346  render           | Rendering frame 815
03:40.346  render           | Start rendering: MORI_Assembly_Animation, 视图层
03:40.346  render           | Engine: EEVEE
03:40.427  render           | Fra: 815 | Rendering 1 / 32 samples
03:40.643  render           | Fra: 815 | Rendering 25 / 32 samples
03:40.701  render           | Fra: 815 | Rendering 32 / 32 samples
03:40.729  render           | Video append frame 815
03:40.729  render           | Time: 00:00.38 (Saving: 00:00.02)
03:40.729  render           | Rendering frame 816
03:40.729  render           | Start rendering: MORI_Assembly_Animation, 视图层
03:40.729  render           | Engine: EEVEE
03:40.800  render           | Fra: 816 | Rendering 1 / 32 samples
03:40.999  render           | Fra: 816 | Rendering 25 / 32 samples
03:41.057  render           | Fra: 816 | Rendering 32 / 32 samples
03:41.087  render           | Video append frame 816
03:41.087  render           | Time: 00:00.35 (Saving: 00:00.02)
03:41.087  render           | Rendering frame 817
03:41.087  render           | Start rendering: MORI_Assembly_Animation, 视图层
03:41.087  render           | Engine: EEVEE
03:41.155  render           | Fra: 817 | Rendering 1 / 32 samples
03:41.352  render           | Fra: 817 | Rendering 25 / 32 samples
03:41.410  render           | Fra: 817 | Rendering 32 / 32 samples
03:41.442  render           | Video append frame 817
03:41.442  render           | Time: 00:00.35 (Saving: 00:00.02)
03:41.442  render           | Rendering frame 818
03:41.442  render           | Start rendering: MORI_Assembly_Animation, 视图层
03:41.442  render           | Engine: EEVEE
03:41.499  render           | Fra: 818 | Rendering 1 / 32 samples
03:41.695  render           | Fra: 818 | Rendering 25 / 32 samples
03:41.752  render           | Fra: 818 | Rendering 32 / 32 samples
03:41.780  render           | Video append frame 818
03:41.780  render           | Time: 00:00.33 (Saving: 00:00.02)
03:41.780  render           | Rendering frame 819
03:41.781  render           | Start rendering: MORI_Assembly_Animation, 视图层
03:41.781  render           | Engine: EEVEE
03:41.841  render           | Fra: 819 | Rendering 1 / 32 samples
03:42.039  render           | Fra: 819 | Rendering 25 / 32 samples
03:42.097  render           | Fra: 819 | Rendering 32 / 32 samples
03:42.126  render           | Video append frame 819
03:42.126  render           | Time: 00:00.34 (Saving: 00:00.02)
03:42.126  render           | Rendering frame 820
03:42.126  render           | Start rendering: MORI_Assembly_Animation, 视图层
03:42.126  render           | Engine: EEVEE
03:42.188  render           | Fra: 820 | Rendering 1 / 32 samples
03:42.386  render           | Fra: 820 | Rendering 25 / 32 samples
03:42.443  render           | Fra: 820 | Rendering 32 / 32 samples
03:42.467  render           | Video append frame 820
03:42.467  render           | Time: 00:00.34 (Saving: 00:00.01)
03:42.467  render           | Rendering frame 821
03:42.467  render           | Start rendering: MORI_Assembly_Animation, 视图层
03:42.467  render           | Engine: EEVEE
03:42.527  render           | Fra: 821 | Rendering 1 / 32 samples
03:42.726  render           | Fra: 821 | Rendering 25 / 32 samples
03:42.783  render           | Fra: 821 | Rendering 32 / 32 samples
03:42.834  render           | Video append frame 821
03:42.834  render           | Time: 00:00.36 (Saving: 00:00.04)
03:42.834  render           | Rendering frame 822
03:42.834  render           | Start rendering: MORI_Assembly_Animation, 视图层
03:42.834  render           | Engine: EEVEE
03:42.896  render           | Fra: 822 | Rendering 1 / 32 samples
03:43.093  render           | Fra: 822 | Rendering 25 / 32 samples
03:43.150  render           | Fra: 822 | Rendering 32 / 32 samples
03:43.201  render           | Video append frame 822
03:43.201  render           | Time: 00:00.36 (Saving: 00:00.03)
03:43.201  render           | Rendering frame 823
03:43.201  render           | Start rendering: MORI_Assembly_Animation, 视图层
03:43.201  render           | Engine: EEVEE
03:43.256  render           | Fra: 823 | Rendering 1 / 32 samples
03:43.452  render           | Fra: 823 | Rendering 25 / 32 samples
03:43.510  render           | Fra: 823 | Rendering 32 / 32 samples
03:43.544  render           | Video append frame 823
03:43.545  render           | Time: 00:00.34 (Saving: 00:00.02)
03:43.545  render           | Rendering frame 824
03:43.545  render           | Start rendering: MORI_Assembly_Animation, 视图层
03:43.545  render           | Engine: EEVEE
03:43.605  render           | Fra: 824 | Rendering 1 / 32 samples
03:43.803  render           | Fra: 824 | Rendering 25 / 32 samples
03:43.860  render           | Fra: 824 | Rendering 32 / 32 samples
03:43.893  render           | Video append frame 824
03:43.893  render           | Time: 00:00.34 (Saving: 00:00.02)
03:43.893  render           | Rendering frame 825
03:43.893  render           | Start rendering: MORI_Assembly_Animation, 视图层
03:43.893  render           | Engine: EEVEE
03:43.954  render           | Fra: 825 | Rendering 1 / 32 samples
03:44.151  render           | Fra: 825 | Rendering 25 / 32 samples
03:44.208  render           | Fra: 825 | Rendering 32 / 32 samples
03:44.237  render           | Video append frame 825
03:44.237  render           | Time: 00:00.34 (Saving: 00:00.02)
03:44.237  render           | Rendering frame 826
03:44.237  render           | Start rendering: MORI_Assembly_Animation, 视图层
03:44.237  render           | Engine: EEVEE
03:44.298  render           | Fra: 826 | Rendering 1 / 32 samples
03:44.496  render           | Fra: 826 | Rendering 25 / 32 samples
03:44.554  render           | Fra: 826 | Rendering 32 / 32 samples
03:44.570  render           | Video append frame 826
03:44.570  render           | Time: 00:00.33 (Saving: 00:00.01)
03:44.570  render           | Rendering frame 827
03:44.570  render           | Start rendering: MORI_Assembly_Animation, 视图层
03:44.570  render           | Engine: EEVEE
03:44.633  render           | Fra: 827 | Rendering 1 / 32 samples
03:44.834  render           | Fra: 827 | Rendering 25 / 32 samples
03:44.892  render           | Fra: 827 | Rendering 32 / 32 samples
03:44.904  render           | Video append frame 827
03:44.904  render           | Time: 00:00.33 (Saving: 00:00.00)
03:44.904  render           | Rendering frame 828
03:44.904  render           | Start rendering: MORI_Assembly_Animation, 视图层
03:44.904  render           | Engine: EEVEE
03:44.966  render           | Fra: 828 | Rendering 1 / 32 samples
03:45.165  render           | Fra: 828 | Rendering 25 / 32 samples
03:45.224  render           | Fra: 828 | Rendering 32 / 32 samples
03:45.235  render           | Video append frame 828
03:45.235  render           | Time: 00:00.33 (Saving: 00:00.00)
03:45.235  render           | Rendering frame 829
03:45.235  render           | Start rendering: MORI_Assembly_Animation, 视图层
03:45.235  render           | Engine: EEVEE
03:45.290  render           | Fra: 829 | Rendering 1 / 32 samples
03:45.485  render           | Fra: 829 | Rendering 25 / 32 samples
03:45.541  render           | Fra: 829 | Rendering 32 / 32 samples
03:45.552  render           | Video append frame 829
03:45.552  render           | Time: 00:00.31 (Saving: 00:00.00)
03:45.552  render           | Rendering frame 830
03:45.552  render           | Start rendering: MORI_Assembly_Animation, 视图层
03:45.552  render           | Engine: EEVEE
03:45.608  render           | Fra: 830 | Rendering 1 / 32 samples
03:45.808  render           | Fra: 830 | Rendering 25 / 32 samples
03:45.864  render           | Fra: 830 | Rendering 32 / 32 samples
03:45.874  render           | Video append frame 830
03:45.874  render           | Time: 00:00.32 (Saving: 00:00.00)
03:45.874  render           | Rendering frame 831
03:45.874  render           | Start rendering: MORI_Assembly_Animation, 视图层
03:45.874  render           | Engine: EEVEE
03:45.928  render           | Fra: 831 | Rendering 1 / 32 samples
03:46.124  render           | Fra: 831 | Rendering 25 / 32 samples
03:46.181  render           | Fra: 831 | Rendering 32 / 32 samples
03:46.191  render           | Video append frame 831
03:46.191  render           | Time: 00:00.31 (Saving: 00:00.00)
03:46.191  render           | Rendering frame 832
03:46.191  render           | Start rendering: MORI_Assembly_Animation, 视图层
03:46.191  render           | Engine: EEVEE
03:46.244  render           | Fra: 832 | Rendering 1 / 32 samples
03:46.441  render           | Fra: 832 | Rendering 25 / 32 samples
03:46.497  render           | Fra: 832 | Rendering 32 / 32 samples
03:46.507  render           | Video append frame 832
03:46.507  render           | Time: 00:00.31 (Saving: 00:00.00)
03:46.508  render           | Rendering frame 833
03:46.508  render           | Start rendering: MORI_Assembly_Animation, 视图层
03:46.508  render           | Engine: EEVEE
03:46.562  render           | Fra: 833 | Rendering 1 / 32 samples
03:46.747  render           | Fra: 833 | Rendering 25 / 32 samples
03:46.793  render           | Fra: 833 | Rendering 32 / 32 samples
03:46.803  render           | Video append frame 833
03:46.803  render           | Time: 00:00.29 (Saving: 00:00.00)
03:46.803  render           | Rendering frame 834
03:46.803  render           | Start rendering: MORI_Assembly_Animation, 视图层
03:46.803  render           | Engine: EEVEE
03:46.849  render           | Fra: 834 | Rendering 1 / 32 samples
03:47.009  render           | Fra: 834 | Rendering 25 / 32 samples
03:47.055  render           | Fra: 834 | Rendering 32 / 32 samples
03:47.064  render           | Video append frame 834
03:47.064  render           | Time: 00:00.26 (Saving: 00:00.00)
03:47.064  render           | Rendering frame 835
03:47.064  render           | Start rendering: MORI_Assembly_Animation, 视图层
03:47.064  render           | Engine: EEVEE
03:47.110  render           | Fra: 835 | Rendering 1 / 32 samples
03:47.268  render           | Fra: 835 | Rendering 25 / 32 samples
03:47.314  render           | Fra: 835 | Rendering 32 / 32 samples
03:47.323  render           | Video append frame 835
03:47.323  render           | Time: 00:00.25 (Saving: 00:00.00)
03:47.323  render           | Rendering frame 836
03:47.323  render           | Start rendering: MORI_Assembly_Animation, 视图层
03:47.323  render           | Engine: EEVEE
03:47.366  render           | Fra: 836 | Rendering 1 / 32 samples
03:47.524  render           | Fra: 836 | Rendering 25 / 32 samples
03:47.570  render           | Fra: 836 | Rendering 32 / 32 samples
03:47.579  render           | Video append frame 836
03:47.579  render           | Time: 00:00.25 (Saving: 00:00.00)
03:47.579  render           | Rendering frame 837
03:47.579  render           | Start rendering: MORI_Assembly_Animation, 视图层
03:47.579  render           | Engine: EEVEE
03:47.627  render           | Fra: 837 | Rendering 1 / 32 samples
03:47.785  render           | Fra: 837 | Rendering 25 / 32 samples
03:47.831  render           | Fra: 837 | Rendering 32 / 32 samples
03:47.841  render           | Video append frame 837
03:47.841  render           | Time: 00:00.26 (Saving: 00:00.00)
03:47.841  render           | Rendering frame 838
03:47.841  render           | Start rendering: MORI_Assembly_Animation, 视图层
03:47.841  render           | Engine: EEVEE
03:47.887  render           | Fra: 838 | Rendering 1 / 32 samples
03:48.046  render           | Fra: 838 | Rendering 25 / 32 samples
03:48.093  render           | Fra: 838 | Rendering 32 / 32 samples
03:48.102  render           | Video append frame 838
03:48.102  render           | Time: 00:00.26 (Saving: 00:00.00)
03:48.102  render           | Rendering frame 839
03:48.102  render           | Start rendering: MORI_Assembly_Animation, 视图层
03:48.102  render           | Engine: EEVEE
03:48.148  render           | Fra: 839 | Rendering 1 / 32 samples
03:48.309  render           | Fra: 839 | Rendering 25 / 32 samples
03:48.357  render           | Fra: 839 | Rendering 32 / 32 samples
03:48.374  render           | Video append frame 839
03:48.374  render           | Time: 00:00.27 (Saving: 00:00.01)
03:48.374  render           | Rendering frame 840
03:48.374  render           | Start rendering: MORI_Assembly_Animation, 视图层
03:48.374  render           | Engine: EEVEE
03:48.431  render           | Fra: 840 | Rendering 1 / 32 samples
03:48.600  render           | Fra: 840 | Rendering 25 / 32 samples
03:48.650  render           | Fra: 840 | Rendering 32 / 32 samples
03:48.668  render           | Video append frame 840
03:48.668  render           | Time: 00:00.29 (Saving: 00:00.01)
03:48.668  render           | Rendering frame 841
03:48.668  render           | Start rendering: MORI_Assembly_Animation, 视图层
03:48.668  render           | Engine: EEVEE
03:48.744  render           | Fra: 841 | Rendering 1 / 32 samples
03:48.926  render           | Fra: 841 | Rendering 25 / 32 samples
03:48.982  render           | Fra: 841 | Rendering 32 / 32 samples
03:49.022  render           | Video append frame 841
03:49.022  render           | Time: 00:00.35 (Saving: 00:00.03)
03:49.022  render           | Rendering frame 842
03:49.022  render           | Start rendering: MORI_Assembly_Animation, 视图层
03:49.022  render           | Engine: EEVEE
03:49.108  render           | Fra: 842 | Rendering 1 / 32 samples
03:49.313  render           | Fra: 842 | Rendering 25 / 32 samples
03:49.372  render           | Fra: 842 | Rendering 32 / 32 samples
03:49.398  render           | Video append frame 842
03:49.398  render           | Time: 00:00.37 (Saving: 00:00.01)
03:49.398  render           | Rendering frame 843
03:49.398  render           | Start rendering: MORI_Assembly_Animation, 视图层
03:49.398  render           | Engine: EEVEE
03:49.476  render           | Fra: 843 | Rendering 1 / 32 samples
03:49.678  render           | Fra: 843 | Rendering 25 / 32 samples
03:49.736  render           | Fra: 843 | Rendering 32 / 32 samples
03:49.773  render           | Video append frame 843
03:49.773  render           | Time: 00:00.37 (Saving: 00:00.02)
03:49.773  render           | Rendering frame 844
03:49.773  render           | Start rendering: MORI_Assembly_Animation, 视图层
03:49.773  render           | Engine: EEVEE
03:49.845  render           | Fra: 844 | Rendering 1 / 32 samples
03:50.046  render           | Fra: 844 | Rendering 25 / 32 samples
03:50.104  render           | Fra: 844 | Rendering 32 / 32 samples
03:50.129  render           | Video append frame 844
03:50.129  render           | Time: 00:00.35 (Saving: 00:00.01)
03:50.129  render           | Rendering frame 845
03:50.129  render           | Start rendering: MORI_Assembly_Animation, 视图层
03:50.129  render           | Engine: EEVEE
03:50.195  render           | Fra: 845 | Rendering 1 / 32 samples
03:50.394  render           | Fra: 845 | Rendering 25 / 32 samples
03:50.451  render           | Fra: 845 | Rendering 32 / 32 samples
03:50.477  render           | Video append frame 845
03:50.477  render           | Time: 00:00.34 (Saving: 00:00.02)
03:50.477  render           | Rendering frame 846
03:50.477  render           | Start rendering: MORI_Assembly_Animation, 视图层
03:50.477  render           | Engine: EEVEE
03:50.535  render           | Fra: 846 | Rendering 1 / 32 samples
03:50.733  render           | Fra: 846 | Rendering 25 / 32 samples
03:50.790  render           | Fra: 846 | Rendering 32 / 32 samples
03:50.819  render           | Video append frame 846
03:50.819  render           | Time: 00:00.34 (Saving: 00:00.02)
03:50.819  render           | Rendering frame 847
03:50.819  render           | Start rendering: MORI_Assembly_Animation, 视图层
03:50.819  render           | Engine: EEVEE
03:50.878  render           | Fra: 847 | Rendering 1 / 32 samples
03:51.076  render           | Fra: 847 | Rendering 25 / 32 samples
03:51.133  render           | Fra: 847 | Rendering 32 / 32 samples
03:51.170  render           | Video append frame 847
03:51.170  render           | Time: 00:00.35 (Saving: 00:00.02)
03:51.170  render           | Rendering frame 848
03:51.170  render           | Start rendering: MORI_Assembly_Animation, 视图层
03:51.170  render           | Engine: EEVEE
03:51.231  render           | Fra: 848 | Rendering 1 / 32 samples
03:51.430  render           | Fra: 848 | Rendering 25 / 32 samples
03:51.487  render           | Fra: 848 | Rendering 32 / 32 samples
03:51.510  render           | Video append frame 848
03:51.510  render           | Time: 00:00.33 (Saving: 00:00.01)
03:51.510  render           | Rendering frame 849
03:51.510  render           | Start rendering: MORI_Assembly_Animation, 视图层
03:51.510  render           | Engine: EEVEE
03:51.570  render           | Fra: 849 | Rendering 1 / 32 samples
03:51.768  render           | Fra: 849 | Rendering 25 / 32 samples
03:51.825  render           | Fra: 849 | Rendering 32 / 32 samples
03:51.840  render           | Video append frame 849
03:51.840  render           | Time: 00:00.33 (Saving: 00:00.00)
03:51.840  render           | Rendering frame 850
03:51.840  render           | Start rendering: MORI_Assembly_Animation, 视图层
03:51.840  render           | Engine: EEVEE
03:51.899  render           | Fra: 850 | Rendering 1 / 32 samples
03:52.097  render           | Fra: 850 | Rendering 25 / 32 samples
03:52.154  render           | Fra: 850 | Rendering 32 / 32 samples
03:52.193  render           | Video append frame 850
03:52.193  render           | Time: 00:00.35 (Saving: 00:00.02)
03:52.193  render           | Rendering frame 851
03:52.193  render           | Start rendering: MORI_Assembly_Animation, 视图层
03:52.193  render           | Engine: EEVEE
03:52.254  render           | Fra: 851 | Rendering 1 / 32 samples
03:52.451  render           | Fra: 851 | Rendering 25 / 32 samples
03:52.508  render           | Fra: 851 | Rendering 32 / 32 samples
03:52.551  render           | Video append frame 851
03:52.551  render           | Time: 00:00.35 (Saving: 00:00.02)
03:52.551  render           | Rendering frame 852
03:52.551  render           | Start rendering: MORI_Assembly_Animation, 视图层
03:52.551  render           | Engine: EEVEE
03:52.613  render           | Fra: 852 | Rendering 1 / 32 samples
03:52.810  render           | Fra: 852 | Rendering 25 / 32 samples
03:52.867  render           | Fra: 852 | Rendering 32 / 32 samples
03:52.887  render           | Video append frame 852
03:52.887  render           | Time: 00:00.33 (Saving: 00:00.01)
03:52.887  render           | Rendering frame 853
03:52.888  render           | Start rendering: MORI_Assembly_Animation, 视图层
03:52.888  render           | Engine: EEVEE
03:52.947  render           | Fra: 853 | Rendering 1 / 32 samples
03:53.144  render           | Fra: 853 | Rendering 25 / 32 samples
03:53.202  render           | Fra: 853 | Rendering 32 / 32 samples
03:53.216  render           | Video append frame 853
03:53.216  render           | Time: 00:00.32 (Saving: 00:00.00)
03:53.216  render           | Rendering frame 854
03:53.216  render           | Start rendering: MORI_Assembly_Animation, 视图层
03:53.216  render           | Engine: EEVEE
03:53.276  render           | Fra: 854 | Rendering 1 / 32 samples
03:53.473  render           | Fra: 854 | Rendering 25 / 32 samples
03:53.531  render           | Fra: 854 | Rendering 32 / 32 samples
03:53.560  render           | Video append frame 854
03:53.560  render           | Time: 00:00.34 (Saving: 00:00.02)
03:53.560  render           | Rendering frame 855
03:53.560  render           | Start rendering: MORI_Assembly_Animation, 视图层
03:53.560  render           | Engine: EEVEE
03:53.620  render           | Fra: 855 | Rendering 1 / 32 samples
03:53.818  render           | Fra: 855 | Rendering 25 / 32 samples
03:53.875  render           | Fra: 855 | Rendering 32 / 32 samples
03:53.906  render           | Video append frame 855
03:53.906  render           | Time: 00:00.34 (Saving: 00:00.02)
03:53.906  render           | Rendering frame 856
03:53.906  render           | Start rendering: MORI_Assembly_Animation, 视图层
03:53.906  render           | Engine: EEVEE
03:53.967  render           | Fra: 856 | Rendering 1 / 32 samples
03:54.164  render           | Fra: 856 | Rendering 25 / 32 samples
03:54.222  render           | Fra: 856 | Rendering 32 / 32 samples
03:54.265  render           | Video append frame 856
03:54.265  render           | Time: 00:00.35 (Saving: 00:00.03)
03:54.265  render           | Rendering frame 857
03:54.266  render           | Start rendering: MORI_Assembly_Animation, 视图层
03:54.266  render           | Engine: EEVEE
03:54.321  render           | Fra: 857 | Rendering 1 / 32 samples
03:54.519  render           | Fra: 857 | Rendering 25 / 32 samples
03:54.576  render           | Fra: 857 | Rendering 32 / 32 samples
03:54.604  render           | Video append frame 857
03:54.604  render           | Time: 00:00.33 (Saving: 00:00.02)
03:54.604  render           | Rendering frame 858
03:54.604  render           | Start rendering: MORI_Assembly_Animation, 视图层
03:54.604  render           | Engine: EEVEE
03:54.665  render           | Fra: 858 | Rendering 1 / 32 samples
03:54.862  render           | Fra: 858 | Rendering 25 / 32 samples
03:54.920  render           | Fra: 858 | Rendering 32 / 32 samples
03:54.945  render           | Video append frame 858
03:54.945  render           | Time: 00:00.34 (Saving: 00:00.01)
03:54.945  render           | Rendering frame 859
03:54.945  render           | Start rendering: MORI_Assembly_Animation, 视图层
03:54.945  render           | Engine: EEVEE
03:55.063  render           | Fra: 859 | Rendering 1 / 32 samples
03:55.263  render           | Fra: 859 | Rendering 25 / 32 samples
03:55.320  render           | Fra: 859 | Rendering 32 / 32 samples
03:55.348  render           | Video append frame 859
03:55.348  render           | Time: 00:00.40 (Saving: 00:00.02)
03:55.348  render           | Rendering frame 860
03:55.348  render           | Start rendering: MORI_Assembly_Animation, 视图层
03:55.348  render           | Engine: EEVEE
03:55.410  render           | Fra: 860 | Rendering 1 / 32 samples
03:55.608  render           | Fra: 860 | Rendering 25 / 32 samples
03:55.666  render           | Fra: 860 | Rendering 32 / 32 samples
03:55.679  render           | Video append frame 860
03:55.679  render           | Time: 00:00.33 (Saving: 00:00.00)
03:55.679  render           | Rendering frame 861
03:55.679  render           | Start rendering: MORI_Assembly_Animation, 视图层
03:55.679  render           | Engine: EEVEE
03:55.774  render           | Fra: 861 | Rendering 1 / 32 samples
03:56.003  render           | Fra: 861 | Rendering 25 / 32 samples
03:56.068  render           | Fra: 861 | Rendering 32 / 32 samples
03:56.079  render           | Video append frame 861
03:56.079  render           | Time: 00:00.39 (Saving: 00:00.00)
03:56.079  render           | Rendering frame 862
03:56.079  render           | Start rendering: MORI_Assembly_Animation, 视图层
03:56.079  render           | Engine: EEVEE
03:56.138  render           | Fra: 862 | Rendering 1 / 32 samples
03:56.339  render           | Fra: 862 | Rendering 25 / 32 samples
03:56.396  render           | Fra: 862 | Rendering 32 / 32 samples
03:56.407  render           | Video append frame 862
03:56.407  render           | Time: 00:00.32 (Saving: 00:00.00)
03:56.407  render           | Rendering frame 863
03:56.407  render           | Start rendering: MORI_Assembly_Animation, 视图层
03:56.407  render           | Engine: EEVEE
03:56.464  render           | Fra: 863 | Rendering 1 / 32 samples
03:56.661  render           | Fra: 863 | Rendering 25 / 32 samples
03:56.719  render           | Fra: 863 | Rendering 32 / 32 samples
03:56.729  render           | Video append frame 863
03:56.729  render           | Time: 00:00.32 (Saving: 00:00.00)
03:56.729  render           | Rendering frame 864
03:56.729  render           | Start rendering: MORI_Assembly_Animation, 视图层
03:56.729  render           | Engine: EEVEE
03:56.792  render           | Fra: 864 | Rendering 1 / 32 samples
03:56.989  render           | Fra: 864 | Rendering 25 / 32 samples
03:57.047  render           | Fra: 864 | Rendering 32 / 32 samples
03:57.060  render           | Video append frame 864
03:57.060  render           | Time: 00:00.33 (Saving: 00:00.00)
03:57.060  render           | Rendering frame 865
03:57.061  render           | Start rendering: MORI_Assembly_Animation, 视图层
03:57.061  render           | Engine: EEVEE
03:57.123  render           | Fra: 865 | Rendering 1 / 32 samples
03:57.321  render           | Fra: 865 | Rendering 25 / 32 samples
03:57.379  render           | Fra: 865 | Rendering 32 / 32 samples
03:57.391  render           | Video append frame 865
03:57.391  render           | Time: 00:00.33 (Saving: 00:00.00)
03:57.391  render           | Rendering frame 866
03:57.391  render           | Start rendering: MORI_Assembly_Animation, 视图层
03:57.391  render           | Engine: EEVEE
03:57.449  render           | Fra: 866 | Rendering 1 / 32 samples
03:57.651  render           | Fra: 866 | Rendering 25 / 32 samples
03:57.708  render           | Fra: 866 | Rendering 32 / 32 samples
03:57.721  render           | Video append frame 866
03:57.721  render           | Time: 00:00.32 (Saving: 00:00.00)
03:57.721  render           | Rendering frame 867
03:57.721  render           | Start rendering: MORI_Assembly_Animation, 视图层
03:57.721  render           | Engine: EEVEE
03:57.794  render           | Fra: 867 | Rendering 1 / 32 samples
03:57.991  render           | Fra: 867 | Rendering 25 / 32 samples
03:58.046  render           | Fra: 867 | Rendering 32 / 32 samples
03:58.057  render           | Video append frame 867
03:58.057  render           | Time: 00:00.33 (Saving: 00:00.00)
03:58.057  render           | Rendering frame 868
03:58.058  render           | Start rendering: MORI_Assembly_Animation, 视图层
03:58.058  render           | Engine: EEVEE
03:58.113  render           | Fra: 868 | Rendering 1 / 32 samples
03:58.303  render           | Fra: 868 | Rendering 25 / 32 samples
03:58.356  render           | Fra: 868 | Rendering 32 / 32 samples
03:58.366  render           | Video append frame 868
03:58.366  render           | Time: 00:00.30 (Saving: 00:00.00)
03:58.366  render           | Rendering frame 869
03:58.366  render           | Start rendering: MORI_Assembly_Animation, 视图层
03:58.366  render           | Engine: EEVEE
03:58.421  render           | Fra: 869 | Rendering 1 / 32 samples
03:58.601  render           | Fra: 869 | Rendering 25 / 32 samples
03:58.649  render           | Fra: 869 | Rendering 32 / 32 samples
03:58.660  render           | Video append frame 869
03:58.660  render           | Time: 00:00.29 (Saving: 00:00.00)
03:58.660  render           | Rendering frame 870
03:58.660  render           | Start rendering: MORI_Assembly_Animation, 视图层
03:58.660  render           | Engine: EEVEE
03:58.714  render           | Fra: 870 | Rendering 1 / 32 samples
03:58.876  render           | Fra: 870 | Rendering 25 / 32 samples
03:58.923  render           | Fra: 870 | Rendering 32 / 32 samples
03:58.934  render           | Video append frame 870
03:58.934  render           | Time: 00:00.27 (Saving: 00:00.00)
03:58.934  render           | Rendering frame 871
03:58.934  render           | Start rendering: MORI_Assembly_Animation, 视图层
03:58.934  render           | Engine: EEVEE
03:58.987  render           | Fra: 871 | Rendering 1 / 32 samples
03:59.149  render           | Fra: 871 | Rendering 25 / 32 samples
03:59.195  render           | Fra: 871 | Rendering 32 / 32 samples
03:59.206  render           | Video append frame 871
03:59.206  render           | Time: 00:00.27 (Saving: 00:00.00)
03:59.206  render           | Rendering frame 872
03:59.207  render           | Start rendering: MORI_Assembly_Animation, 视图层
03:59.207  render           | Engine: EEVEE
03:59.261  render           | Fra: 872 | Rendering 1 / 32 samples
03:59.421  render           | Fra: 872 | Rendering 25 / 32 samples
03:59.468  render           | Fra: 872 | Rendering 32 / 32 samples
03:59.479  render           | Video append frame 872
03:59.479  render           | Time: 00:00.27 (Saving: 00:00.00)
03:59.479  render           | Rendering frame 873
03:59.479  render           | Start rendering: MORI_Assembly_Animation, 视图层
03:59.479  render           | Engine: EEVEE
03:59.532  render           | Fra: 873 | Rendering 1 / 32 samples
03:59.694  render           | Fra: 873 | Rendering 25 / 32 samples
03:59.742  render           | Fra: 873 | Rendering 32 / 32 samples
03:59.755  render           | Video append frame 873
03:59.755  render           | Time: 00:00.27 (Saving: 00:00.00)
03:59.755  render           | Rendering frame 874
03:59.755  render           | Start rendering: MORI_Assembly_Animation, 视图层
03:59.755  render           | Engine: EEVEE
03:59.813  render           | Fra: 874 | Rendering 1 / 32 samples
03:59.982  render           | Fra: 874 | Rendering 25 / 32 samples
04:00.032  render           | Fra: 874 | Rendering 32 / 32 samples
04:00.067  render           | Video append frame 874
04:00.067  render           | Time: 00:00.31 (Saving: 00:00.02)
04:00.067  render           | Rendering frame 875
04:00.067  render           | Start rendering: MORI_Assembly_Animation, 视图层
04:00.067  render           | Engine: EEVEE
04:00.141  render           | Fra: 875 | Rendering 1 / 32 samples
04:00.350  render           | Fra: 875 | Rendering 25 / 32 samples
04:00.409  render           | Fra: 875 | Rendering 32 / 32 samples
04:00.449  render           | Video append frame 875
04:00.449  render           | Time: 00:00.38 (Saving: 00:00.02)
04:00.449  render           | Rendering frame 876
04:00.449  render           | Start rendering: MORI_Assembly_Animation, 视图层
04:00.449  render           | Engine: EEVEE
04:00.535  render           | Fra: 876 | Rendering 1 / 32 samples
04:00.746  render           | Fra: 876 | Rendering 25 / 32 samples
04:00.806  render           | Fra: 876 | Rendering 32 / 32 samples
04:00.842  render           | Video append frame 876
04:00.843  render           | Time: 00:00.39 (Saving: 00:00.03)
04:00.843  render           | Rendering frame 877
04:00.843  render           | Start rendering: MORI_Assembly_Animation, 视图层
04:00.843  render           | Engine: EEVEE
04:00.922  render           | Fra: 877 | Rendering 1 / 32 samples
04:01.129  render           | Fra: 877 | Rendering 25 / 32 samples
04:01.188  render           | Fra: 877 | Rendering 32 / 32 samples
04:01.224  render           | Video append frame 877
04:01.224  render           | Time: 00:00.38 (Saving: 00:00.02)
04:01.224  render           | Rendering frame 878
04:01.224  render           | Start rendering: MORI_Assembly_Animation, 视图层
04:01.224  render           | Engine: EEVEE
04:01.296  render           | Fra: 878 | Rendering 1 / 32 samples
04:01.501  render           | Fra: 878 | Rendering 25 / 32 samples
04:01.560  render           | Fra: 878 | Rendering 32 / 32 samples
04:01.587  render           | Video append frame 878
04:01.588  render           | Time: 00:00.36 (Saving: 00:00.02)
04:01.588  render           | Rendering frame 879
04:01.588  render           | Start rendering: MORI_Assembly_Animation, 视图层
04:01.588  render           | Engine: EEVEE
04:01.659  render           | Fra: 879 | Rendering 1 / 32 samples
04:01.863  render           | Fra: 879 | Rendering 25 / 32 samples
04:01.921  render           | Fra: 879 | Rendering 32 / 32 samples
04:01.953  render           | Video append frame 879
04:01.953  render           | Time: 00:00.36 (Saving: 00:00.01)
04:01.953  render           | Rendering frame 880
04:01.953  render           | Start rendering: MORI_Assembly_Animation, 视图层
04:01.953  render           | Engine: EEVEE
04:02.021  render           | Fra: 880 | Rendering 1 / 32 samples
04:02.222  render           | Fra: 880 | Rendering 25 / 32 samples
04:02.280  render           | Fra: 880 | Rendering 32 / 32 samples
04:02.322  render           | Video append frame 880
04:02.322  render           | Time: 00:00.36 (Saving: 00:00.02)
04:02.322  render           | Rendering frame 881
04:02.322  render           | Start rendering: MORI_Assembly_Animation, 视图层
04:02.322  render           | Engine: EEVEE
04:02.388  render           | Fra: 881 | Rendering 1 / 32 samples
04:02.588  render           | Fra: 881 | Rendering 25 / 32 samples
04:02.646  render           | Fra: 881 | Rendering 32 / 32 samples
04:02.668  render           | Video append frame 881
04:02.668  render           | Time: 00:00.34 (Saving: 00:00.01)
04:02.668  render           | Rendering frame 882
04:02.669  render           | Start rendering: MORI_Assembly_Animation, 视图层
04:02.669  render           | Engine: EEVEE
04:02.733  render           | Fra: 882 | Rendering 1 / 32 samples
04:02.933  render           | Fra: 882 | Rendering 25 / 32 samples
04:02.990  render           | Fra: 882 | Rendering 32 / 32 samples
04:03.023  render           | Video append frame 882
04:03.023  render           | Time: 00:00.35 (Saving: 00:00.01)
04:03.023  render           | Rendering frame 883
04:03.023  render           | Start rendering: MORI_Assembly_Animation, 视图层
04:03.023  render           | Engine: EEVEE
04:03.085  render           | Fra: 883 | Rendering 1 / 32 samples
04:03.283  render           | Fra: 883 | Rendering 25 / 32 samples
04:03.341  render           | Fra: 883 | Rendering 32 / 32 samples
04:03.358  render           | Video append frame 883
04:03.358  render           | Time: 00:00.33 (Saving: 00:00.01)
04:03.358  render           | Rendering frame 884
04:03.358  render           | Start rendering: MORI_Assembly_Animation, 视图层
04:03.358  render           | Engine: EEVEE
04:03.422  render           | Fra: 884 | Rendering 1 / 32 samples
04:03.623  render           | Fra: 884 | Rendering 25 / 32 samples
04:03.681  render           | Fra: 884 | Rendering 32 / 32 samples
04:03.709  render           | Video append frame 884
04:03.709  render           | Time: 00:00.35 (Saving: 00:00.02)
04:03.709  render           | Rendering frame 885
04:03.709  render           | Start rendering: MORI_Assembly_Animation, 视图层
04:03.709  render           | Engine: EEVEE
04:03.776  render           | Fra: 885 | Rendering 1 / 32 samples
04:03.980  render           | Fra: 885 | Rendering 25 / 32 samples
04:04.038  render           | Fra: 885 | Rendering 32 / 32 samples
04:04.078  render           | Video append frame 885
04:04.078  render           | Time: 00:00.36 (Saving: 00:00.03)
04:04.078  render           | Rendering frame 886
04:04.078  render           | Start rendering: MORI_Assembly_Animation, 视图层
04:04.078  render           | Engine: EEVEE
04:04.138  render           | Fra: 886 | Rendering 1 / 32 samples
04:04.342  render           | Fra: 886 | Rendering 25 / 32 samples
04:04.399  render           | Fra: 886 | Rendering 32 / 32 samples
04:04.431  render           | Video append frame 886
04:04.431  render           | Time: 00:00.35 (Saving: 00:00.02)
04:04.431  render           | Rendering frame 887
04:04.431  render           | Start rendering: MORI_Assembly_Animation, 视图层
04:04.431  render           | Engine: EEVEE
04:04.497  render           | Fra: 887 | Rendering 1 / 32 samples
04:04.698  render           | Fra: 887 | Rendering 25 / 32 samples
04:04.756  render           | Fra: 887 | Rendering 32 / 32 samples
04:04.776  render           | Video append frame 887
04:04.776  render           | Time: 00:00.34 (Saving: 00:00.01)
04:04.776  render           | Rendering frame 888
04:04.776  render           | Start rendering: MORI_Assembly_Animation, 视图层
04:04.776  render           | Engine: EEVEE
04:04.841  render           | Fra: 888 | Rendering 1 / 32 samples
04:05.042  render           | Fra: 888 | Rendering 25 / 32 samples
04:05.100  render           | Fra: 888 | Rendering 32 / 32 samples
04:05.122  render           | Video append frame 888
04:05.122  render           | Time: 00:00.34 (Saving: 00:00.01)
04:05.122  render           | Rendering frame 889
04:05.122  render           | Start rendering: MORI_Assembly_Animation, 视图层
04:05.122  render           | Engine: EEVEE
04:05.187  render           | Fra: 889 | Rendering 1 / 32 samples
04:05.387  render           | Fra: 889 | Rendering 25 / 32 samples
04:05.445  render           | Fra: 889 | Rendering 32 / 32 samples
04:05.475  render           | Video append frame 889
04:05.476  render           | Time: 00:00.35 (Saving: 00:00.02)
04:05.476  render           | Rendering frame 890
04:05.476  render           | Start rendering: MORI_Assembly_Animation, 视图层
04:05.476  render           | Engine: EEVEE
04:05.541  render           | Fra: 890 | Rendering 1 / 32 samples
04:05.743  render           | Fra: 890 | Rendering 25 / 32 samples
04:05.801  render           | Fra: 890 | Rendering 32 / 32 samples
04:05.842  render           | Video append frame 890
04:05.842  render           | Time: 00:00.36 (Saving: 00:00.03)
04:05.842  render           | Rendering frame 891
04:05.843  render           | Start rendering: MORI_Assembly_Animation, 视图层
04:05.843  render           | Engine: EEVEE
04:05.905  render           | Fra: 891 | Rendering 1 / 32 samples
04:06.107  render           | Fra: 891 | Rendering 25 / 32 samples
04:06.166  render           | Fra: 891 | Rendering 32 / 32 samples
04:06.178  render           | Video append frame 891
04:06.178  render           | Time: 00:00.33 (Saving: 00:00.00)
04:06.178  render           | Rendering frame 892
04:06.178  render           | Start rendering: MORI_Assembly_Animation, 视图层
04:06.178  render           | Engine: EEVEE
04:06.240  render           | Fra: 892 | Rendering 1 / 32 samples
04:06.442  render           | Fra: 892 | Rendering 25 / 32 samples
04:06.500  render           | Fra: 892 | Rendering 32 / 32 samples
04:06.511  render           | Video append frame 892
04:06.511  render           | Time: 00:00.33 (Saving: 00:00.00)
04:06.511  render           | Rendering frame 893
04:06.511  render           | Start rendering: MORI_Assembly_Animation, 视图层
04:06.511  render           | Engine: EEVEE
04:06.576  render           | Fra: 893 | Rendering 1 / 32 samples
04:06.776  render           | Fra: 893 | Rendering 25 / 32 samples
04:06.833  render           | Fra: 893 | Rendering 32 / 32 samples
04:06.845  render           | Video append frame 893
04:06.845  render           | Time: 00:00.33 (Saving: 00:00.00)
04:06.845  render           | Rendering frame 894
04:06.846  render           | Start rendering: MORI_Assembly_Animation, 视图层
04:06.846  render           | Engine: EEVEE
04:06.909  render           | Fra: 894 | Rendering 1 / 32 samples
04:07.109  render           | Fra: 894 | Rendering 25 / 32 samples
04:07.167  render           | Fra: 894 | Rendering 32 / 32 samples
04:07.182  render           | Video append frame 894
04:07.182  render           | Time: 00:00.33 (Saving: 00:00.00)
04:07.182  render           | Rendering frame 895
04:07.182  render           | Start rendering: MORI_Assembly_Animation, 视图层
04:07.182  render           | Engine: EEVEE
04:07.240  render           | Fra: 895 | Rendering 1 / 32 samples
04:07.437  render           | Fra: 895 | Rendering 25 / 32 samples
04:07.494  render           | Fra: 895 | Rendering 32 / 32 samples
04:07.507  render           | Video append frame 895
04:07.507  render           | Time: 00:00.32 (Saving: 00:00.00)
04:07.507  render           | Rendering frame 896
04:07.507  render           | Start rendering: MORI_Assembly_Animation, 视图层
04:07.507  render           | Engine: EEVEE
04:07.571  render           | Fra: 896 | Rendering 1 / 32 samples
04:07.769  render           | Fra: 896 | Rendering 25 / 32 samples
04:07.826  render           | Fra: 896 | Rendering 32 / 32 samples
04:07.837  render           | Video append frame 896
04:07.837  render           | Time: 00:00.33 (Saving: 00:00.00)
04:07.837  render           | Rendering frame 897
04:07.837  render           | Start rendering: MORI_Assembly_Animation, 视图层
04:07.837  render           | Engine: EEVEE
04:07.899  render           | Fra: 897 | Rendering 1 / 32 samples
04:08.099  render           | Fra: 897 | Rendering 25 / 32 samples
04:08.156  render           | Fra: 897 | Rendering 32 / 32 samples
04:08.167  render           | Video append frame 897
04:08.167  render           | Time: 00:00.33 (Saving: 00:00.00)
04:08.167  render           | Rendering frame 898
04:08.168  render           | Start rendering: MORI_Assembly_Animation, 视图层
04:08.168  render           | Engine: EEVEE
04:08.226  render           | Fra: 898 | Rendering 1 / 32 samples
04:08.418  render           | Fra: 898 | Rendering 25 / 32 samples
04:08.473  render           | Fra: 898 | Rendering 32 / 32 samples
04:08.483  render           | Video append frame 898
04:08.483  render           | Time: 00:00.31 (Saving: 00:00.00)
04:08.483  render           | Rendering frame 899
04:08.483  render           | Start rendering: MORI_Assembly_Animation, 视图层
04:08.483  render           | Engine: EEVEE
04:08.541  render           | Fra: 899 | Rendering 1 / 32 samples
04:08.731  render           | Fra: 899 | Rendering 25 / 32 samples
04:08.787  render           | Fra: 899 | Rendering 32 / 32 samples
04:08.797  render           | Video append frame 899
04:08.797  render           | Time: 00:00.31 (Saving: 00:00.00)
04:08.797  render           | Rendering frame 900
04:08.798  render           | Start rendering: MORI_Assembly_Animation, 视图层
04:08.798  render           | Engine: EEVEE
04:08.848  render           | Fra: 900 | Rendering 1 / 32 samples
04:09.038  render           | Fra: 900 | Rendering 25 / 32 samples
04:09.093  render           | Fra: 900 | Rendering 32 / 32 samples
04:09.103  render           | Video append frame 900
04:09.103  render           | Time: 00:00.30 (Saving: 00:00.00)
04:09.103  render           | Rendering frame 901
04:09.103  render           | Start rendering: MORI_Assembly_Animation, 视图层
04:09.103  render           | Engine: EEVEE
04:09.151  render           | Fra: 901 | Rendering 1 / 32 samples
04:09.341  render           | Fra: 901 | Rendering 25 / 32 samples
04:09.396  render           | Fra: 901 | Rendering 32 / 32 samples
04:09.406  render           | Video append frame 901
04:09.406  render           | Time: 00:00.30 (Saving: 00:00.00)
04:09.406  render           | Rendering frame 902
04:09.406  render           | Start rendering: MORI_Assembly_Animation, 视图层
04:09.406  render           | Engine: EEVEE
04:09.457  render           | Fra: 902 | Rendering 1 / 32 samples
04:09.648  render           | Fra: 902 | Rendering 25 / 32 samples
04:09.704  render           | Fra: 902 | Rendering 32 / 32 samples
04:09.713  render           | Video append frame 902
04:09.713  render           | Time: 00:00.30 (Saving: 00:00.00)
04:09.713  render           | Rendering frame 903
04:09.713  render           | Start rendering: MORI_Assembly_Animation, 视图层
04:09.713  render           | Engine: EEVEE
04:09.766  render           | Fra: 903 | Rendering 1 / 32 samples
04:09.961  render           | Fra: 903 | Rendering 25 / 32 samples
04:10.018  render           | Fra: 903 | Rendering 32 / 32 samples
04:10.042  render           | Video append frame 903
04:10.042  render           | Time: 00:00.32 (Saving: 00:00.01)
04:10.042  render           | Rendering frame 904
04:10.042  render           | Start rendering: MORI_Assembly_Animation, 视图层
04:10.042  render           | Engine: EEVEE
04:10.102  render           | Fra: 904 | Rendering 1 / 32 samples
04:10.299  render           | Fra: 904 | Rendering 25 / 32 samples
04:10.357  render           | Fra: 904 | Rendering 32 / 32 samples
04:10.392  render           | Video append frame 904
04:10.392  render           | Time: 00:00.35 (Saving: 00:00.02)
04:10.392  render           | Rendering frame 905
04:10.392  render           | Start rendering: MORI_Assembly_Animation, 视图层
04:10.392  render           | Engine: EEVEE
04:10.472  render           | Fra: 905 | Rendering 1 / 32 samples
04:10.677  render           | Fra: 905 | Rendering 25 / 32 samples
04:10.737  render           | Fra: 905 | Rendering 32 / 32 samples
04:10.755  render           | Video append frame 905
04:10.755  render           | Time: 00:00.36 (Saving: 00:00.01)
04:10.755  render           | Rendering frame 906
04:10.755  render           | Start rendering: MORI_Assembly_Animation, 视图层
04:10.755  render           | Engine: EEVEE
04:10.837  render           | Fra: 906 | Rendering 1 / 32 samples
04:11.046  render           | Fra: 906 | Rendering 25 / 32 samples
04:11.106  render           | Fra: 906 | Rendering 32 / 32 samples
04:11.143  render           | Video append frame 906
04:11.143  render           | Time: 00:00.38 (Saving: 00:00.03)
04:11.143  render           | Rendering frame 907
04:11.144  render           | Start rendering: MORI_Assembly_Animation, 视图层
04:11.144  render           | Engine: EEVEE
04:11.224  render           | Fra: 907 | Rendering 1 / 32 samples
04:11.423  render           | Fra: 907 | Rendering 25 / 32 samples
04:11.480  render           | Fra: 907 | Rendering 32 / 32 samples
04:11.510  render           | Video append frame 907
04:11.510  render           | Time: 00:00.36 (Saving: 00:00.02)
04:11.510  render           | Rendering frame 908
04:11.511  render           | Start rendering: MORI_Assembly_Animation, 视图层
04:11.511  render           | Engine: EEVEE
04:11.591  render           | Fra: 908 | Rendering 1 / 32 samples
04:11.781  render           | Fra: 908 | Rendering 25 / 32 samples
04:11.832  render           | Fra: 908 | Rendering 32 / 32 samples
04:11.867  render           | Video append frame 908
04:11.867  render           | Time: 00:00.35 (Saving: 00:00.03)
04:11.867  render           | Rendering frame 909
04:11.867  render           | Start rendering: MORI_Assembly_Animation, 视图层
04:11.867  render           | Engine: EEVEE
04:11.933  render           | Fra: 909 | Rendering 1 / 32 samples
04:12.120  render           | Fra: 909 | Rendering 25 / 32 samples
04:12.175  render           | Fra: 909 | Rendering 32 / 32 samples
04:12.192  render           | Video append frame 909
04:12.193  render           | Time: 00:00.32 (Saving: 00:00.01)
04:12.193  render           | Rendering frame 910
04:12.193  render           | Start rendering: MORI_Assembly_Animation, 视图层
04:12.193  render           | Engine: EEVEE
04:12.260  render           | Fra: 910 | Rendering 1 / 32 samples
04:12.457  render           | Fra: 910 | Rendering 25 / 32 samples
04:12.514  render           | Fra: 910 | Rendering 32 / 32 samples
04:12.528  render           | Video append frame 910
04:12.528  render           | Time: 00:00.33 (Saving: 00:00.00)
04:12.528  render           | Rendering frame 911
04:12.528  render           | Start rendering: MORI_Assembly_Animation, 视图层
04:12.528  render           | Engine: EEVEE
04:12.596  render           | Fra: 911 | Rendering 1 / 32 samples
04:12.797  render           | Fra: 911 | Rendering 25 / 32 samples
04:12.856  render           | Fra: 911 | Rendering 32 / 32 samples
04:12.869  render           | Video append frame 911
04:12.869  render           | Time: 00:00.34 (Saving: 00:00.00)
04:12.869  render           | Rendering frame 912
04:12.869  render           | Start rendering: MORI_Assembly_Animation, 视图层
04:12.869  render           | Engine: EEVEE
04:12.933  render           | Fra: 912 | Rendering 1 / 32 samples
04:13.135  render           | Fra: 912 | Rendering 25 / 32 samples
04:13.193  render           | Fra: 912 | Rendering 32 / 32 samples
04:13.205  render           | Video append frame 912
04:13.205  render           | Time: 00:00.33 (Saving: 00:00.00)
04:13.205  render           | Rendering frame 913
04:13.205  render           | Start rendering: MORI_Assembly_Animation, 视图层
04:13.205  render           | Engine: EEVEE
04:13.266  render           | Fra: 913 | Rendering 1 / 32 samples
04:13.467  render           | Fra: 913 | Rendering 25 / 32 samples
04:13.524  render           | Fra: 913 | Rendering 32 / 32 samples
04:13.535  render           | Video append frame 913
04:13.535  render           | Time: 00:00.33 (Saving: 00:00.00)
04:13.535  render           | Rendering frame 914
04:13.535  render           | Start rendering: MORI_Assembly_Animation, 视图层
04:13.535  render           | Engine: EEVEE
04:13.597  render           | Fra: 914 | Rendering 1 / 32 samples
04:13.799  render           | Fra: 914 | Rendering 25 / 32 samples
04:13.856  render           | Fra: 914 | Rendering 32 / 32 samples
04:13.866  render           | Video append frame 914
04:13.866  render           | Time: 00:00.33 (Saving: 00:00.00)
04:13.866  render           | Rendering frame 915
04:13.866  render           | Start rendering: MORI_Assembly_Animation, 视图层
04:13.866  render           | Engine: EEVEE
04:13.927  render           | Fra: 915 | Rendering 1 / 32 samples
04:14.134  render           | Fra: 915 | Rendering 25 / 32 samples
04:14.191  render           | Fra: 915 | Rendering 32 / 32 samples
04:14.202  render           | Video append frame 915
04:14.203  render           | Time: 00:00.33 (Saving: 00:00.00)
04:14.203  render           | Rendering frame 916
04:14.203  render           | Start rendering: MORI_Assembly_Animation, 视图层
04:14.203  render           | Engine: EEVEE
04:14.262  render           | Fra: 916 | Rendering 1 / 32 samples
04:14.463  render           | Fra: 916 | Rendering 25 / 32 samples
04:14.520  render           | Fra: 916 | Rendering 32 / 32 samples
04:14.531  render           | Video append frame 916
04:14.531  render           | Time: 00:00.32 (Saving: 00:00.00)
04:14.531  render           | Rendering frame 917
04:14.532  render           | Start rendering: MORI_Assembly_Animation, 视图层
04:14.532  render           | Engine: EEVEE
04:14.596  render           | Fra: 917 | Rendering 1 / 32 samples
04:14.792  render           | Fra: 917 | Rendering 25 / 32 samples
04:14.847  render           | Fra: 917 | Rendering 32 / 32 samples
04:14.858  render           | Video append frame 917
04:14.858  render           | Time: 00:00.32 (Saving: 00:00.00)
04:14.858  render           | Rendering frame 918
04:14.858  render           | Start rendering: MORI_Assembly_Animation, 视图层
04:14.858  render           | Engine: EEVEE
04:14.917  render           | Fra: 918 | Rendering 1 / 32 samples
04:15.096  render           | Fra: 918 | Rendering 25 / 32 samples
04:15.144  render           | Fra: 918 | Rendering 32 / 32 samples
04:15.153  render           | Video append frame 918
04:15.153  render           | Time: 00:00.29 (Saving: 00:00.00)
04:15.153  render           | Rendering frame 919
04:15.153  render           | Start rendering: MORI_Assembly_Animation, 视图层
04:15.153  render           | Engine: EEVEE
04:15.202  render           | Fra: 919 | Rendering 1 / 32 samples
04:15.366  render           | Fra: 919 | Rendering 25 / 32 samples
04:15.413  render           | Fra: 919 | Rendering 32 / 32 samples
04:15.422  render           | Video append frame 919
04:15.422  render           | Time: 00:00.26 (Saving: 00:00.00)
04:15.422  render           | Rendering frame 920
04:15.422  render           | Start rendering: MORI_Assembly_Animation, 视图层
04:15.422  render           | Engine: EEVEE
04:15.482  render           | Fra: 920 | Rendering 1 / 32 samples
04:15.642  render           | Fra: 920 | Rendering 25 / 32 samples
04:15.688  render           | Fra: 920 | Rendering 32 / 32 samples
04:15.698  render           | Video append frame 920
04:15.698  render           | Time: 00:00.27 (Saving: 00:00.00)
04:15.698  render           | Rendering frame 921
04:15.698  render           | Start rendering: MORI_Assembly_Animation, 视图层
04:15.698  render           | Engine: EEVEE
04:15.753  render           | Fra: 921 | Rendering 1 / 32 samples
04:15.909  render           | Fra: 921 | Rendering 25 / 32 samples
04:15.957  render           | Fra: 921 | Rendering 32 / 32 samples
04:15.969  render           | Video append frame 921
04:15.969  render           | Time: 00:00.27 (Saving: 00:00.00)
04:15.969  render           | Rendering frame 922
04:15.970  render           | Start rendering: MORI_Assembly_Animation, 视图层
04:15.970  render           | Engine: EEVEE
04:16.022  render           | Fra: 922 | Rendering 1 / 32 samples
04:16.174  render           | Fra: 922 | Rendering 25 / 32 samples
04:16.217  render           | Fra: 922 | Rendering 32 / 32 samples
04:16.228  render           | Video append frame 922
04:16.228  render           | Time: 00:00.25 (Saving: 00:00.00)
04:16.228  render           | Rendering frame 923
04:16.229  render           | Start rendering: MORI_Assembly_Animation, 视图层
04:16.229  render           | Engine: EEVEE
04:16.284  render           | Fra: 923 | Rendering 1 / 32 samples
04:16.433  render           | Fra: 923 | Rendering 25 / 32 samples
04:16.477  render           | Fra: 923 | Rendering 32 / 32 samples
04:16.488  render           | Video append frame 923
04:16.488  render           | Time: 00:00.25 (Saving: 00:00.00)
04:16.488  render           | Rendering frame 924
04:16.488  render           | Start rendering: MORI_Assembly_Animation, 视图层
04:16.488  render           | Engine: EEVEE
04:16.549  render           | Fra: 924 | Rendering 1 / 32 samples
04:16.702  render           | Fra: 924 | Rendering 25 / 32 samples
04:16.752  render           | Fra: 924 | Rendering 32 / 32 samples
04:16.765  render           | Video append frame 924
04:16.765  render           | Time: 00:00.27 (Saving: 00:00.00)
04:16.765  render           | Rendering frame 925
04:16.765  render           | Start rendering: MORI_Assembly_Animation, 视图层
04:16.765  render           | Engine: EEVEE
04:16.835  render           | Fra: 925 | Rendering 1 / 32 samples
04:17.002  render           | Fra: 925 | Rendering 25 / 32 samples
04:17.056  render           | Fra: 925 | Rendering 32 / 32 samples
04:17.131  render           | Video append frame 925
04:17.131  render           | Time: 00:00.36 (Saving: 00:00.05)
04:17.131  render           | Rendering frame 926
04:17.131  render           | Start rendering: MORI_Assembly_Animation, 视图层
04:17.131  render           | Engine: EEVEE
04:17.215  render           | Fra: 926 | Rendering 1 / 32 samples
04:17.387  render           | Fra: 926 | Rendering 25 / 32 samples
04:17.439  render           | Fra: 926 | Rendering 32 / 32 samples
04:17.478  render           | Video append frame 926
04:17.478  render           | Time: 00:00.34 (Saving: 00:00.03)
04:17.478  render           | Rendering frame 927
04:17.478  render           | Start rendering: MORI_Assembly_Animation, 视图层
04:17.478  render           | Engine: EEVEE
04:17.557  render           | Fra: 927 | Rendering 1 / 32 samples
04:17.762  render           | Fra: 927 | Rendering 25 / 32 samples
04:17.821  render           | Fra: 927 | Rendering 32 / 32 samples
04:17.849  render           | Video append frame 927
04:17.849  render           | Time: 00:00.37 (Saving: 00:00.02)
04:17.849  render           | Rendering frame 928
04:17.849  render           | Start rendering: MORI_Assembly_Animation, 视图层
04:17.849  render           | Engine: EEVEE
04:17.927  render           | Fra: 928 | Rendering 1 / 32 samples
04:18.151  render           | Fra: 928 | Rendering 25 / 32 samples
04:18.213  render           | Fra: 928 | Rendering 32 / 32 samples
04:18.232  render           | Video append frame 928
04:18.232  render           | Time: 00:00.38 (Saving: 00:00.01)
04:18.232  render           | Rendering frame 929
04:18.232  render           | Start rendering: MORI_Assembly_Animation, 视图层
04:18.232  render           | Engine: EEVEE
04:18.307  render           | Fra: 929 | Rendering 1 / 32 samples
04:18.519  render           | Fra: 929 | Rendering 25 / 32 samples
04:18.578  render           | Fra: 929 | Rendering 32 / 32 samples
04:18.603  render           | Video append frame 929
04:18.603  render           | Time: 00:00.37 (Saving: 00:00.01)
04:18.603  render           | Rendering frame 930
04:18.603  render           | Start rendering: MORI_Assembly_Animation, 视图层
04:18.603  render           | Engine: EEVEE
04:18.674  render           | Fra: 930 | Rendering 1 / 32 samples
04:18.876  render           | Fra: 930 | Rendering 25 / 32 samples
04:18.934  render           | Fra: 930 | Rendering 32 / 32 samples
04:18.978  render           | Video append frame 930
04:18.978  render           | Time: 00:00.37 (Saving: 00:00.03)
04:18.978  render           | Rendering frame 931
04:18.978  render           | Start rendering: MORI_Assembly_Animation, 视图层
04:18.978  render           | Engine: EEVEE
04:19.048  render           | Fra: 931 | Rendering 1 / 32 samples
04:19.252  render           | Fra: 931 | Rendering 25 / 32 samples
04:19.314  render           | Fra: 931 | Rendering 32 / 32 samples
04:19.329  render           | Video append frame 931
04:19.329  render           | Time: 00:00.35 (Saving: 00:00.00)
04:19.329  render           | Rendering frame 932
04:19.329  render           | Start rendering: MORI_Assembly_Animation, 视图层
04:19.329  render           | Engine: EEVEE
04:19.401  render           | Fra: 932 | Rendering 1 / 32 samples
04:19.601  render           | Fra: 932 | Rendering 25 / 32 samples
04:19.659  render           | Fra: 932 | Rendering 32 / 32 samples
04:19.670  render           | Video append frame 932
04:19.670  render           | Time: 00:00.34 (Saving: 00:00.00)
04:19.670  render           | Rendering frame 933
04:19.670  render           | Start rendering: MORI_Assembly_Animation, 视图层
04:19.670  render           | Engine: EEVEE
04:19.731  render           | Fra: 933 | Rendering 1 / 32 samples
04:19.932  render           | Fra: 933 | Rendering 25 / 32 samples
04:19.989  render           | Fra: 933 | Rendering 32 / 32 samples
04:20.001  render           | Video append frame 933
04:20.001  render           | Time: 00:00.33 (Saving: 00:00.00)
04:20.001  render           | Rendering frame 934
04:20.001  render           | Start rendering: MORI_Assembly_Animation, 视图层
04:20.001  render           | Engine: EEVEE
04:20.062  render           | Fra: 934 | Rendering 1 / 32 samples
04:20.259  render           | Fra: 934 | Rendering 25 / 32 samples
04:20.316  render           | Fra: 934 | Rendering 32 / 32 samples
04:20.327  render           | Video append frame 934
04:20.327  render           | Time: 00:00.32 (Saving: 00:00.00)
04:20.327  render           | Rendering frame 935
04:20.327  render           | Start rendering: MORI_Assembly_Animation, 视图层
04:20.327  render           | Engine: EEVEE
04:20.384  render           | Fra: 935 | Rendering 1 / 32 samples
04:20.583  render           | Fra: 935 | Rendering 25 / 32 samples
04:20.639  render           | Fra: 935 | Rendering 32 / 32 samples
04:20.650  render           | Video append frame 935
04:20.650  render           | Time: 00:00.32 (Saving: 00:00.00)
04:20.650  render           | Rendering frame 936
04:20.650  render           | Start rendering: MORI_Assembly_Animation, 视图层
04:20.650  render           | Engine: EEVEE
04:20.714  render           | Fra: 936 | Rendering 1 / 32 samples
04:20.913  render           | Fra: 936 | Rendering 25 / 32 samples
04:20.970  render           | Fra: 936 | Rendering 32 / 32 samples
04:20.981  render           | Video append frame 936
04:20.981  render           | Time: 00:00.33 (Saving: 00:00.00)
04:20.981  render           | Rendering frame 937
04:20.981  render           | Start rendering: MORI_Assembly_Animation, 视图层
04:20.981  render           | Engine: EEVEE
04:21.055  render           | Fra: 937 | Rendering 1 / 32 samples
04:21.256  render           | Fra: 937 | Rendering 25 / 32 samples
04:21.314  render           | Fra: 937 | Rendering 32 / 32 samples
04:21.326  render           | Video append frame 937
04:21.326  render           | Time: 00:00.34 (Saving: 00:00.00)
04:21.326  render           | Rendering frame 938
04:21.327  render           | Start rendering: MORI_Assembly_Animation, 视图层
04:21.327  render           | Engine: EEVEE
04:21.400  render           | Fra: 938 | Rendering 1 / 32 samples
04:21.594  render           | Fra: 938 | Rendering 25 / 32 samples
04:21.650  render           | Fra: 938 | Rendering 32 / 32 samples
04:21.661  render           | Video append frame 938
04:21.661  render           | Time: 00:00.33 (Saving: 00:00.00)
04:21.661  render           | Rendering frame 939
04:21.661  render           | Start rendering: MORI_Assembly_Animation, 视图层
04:21.661  render           | Engine: EEVEE
04:21.717  render           | Fra: 939 | Rendering 1 / 32 samples
04:21.907  render           | Fra: 939 | Rendering 25 / 32 samples
04:21.963  render           | Fra: 939 | Rendering 32 / 32 samples
04:21.972  render           | Video append frame 939
04:21.972  render           | Time: 00:00.31 (Saving: 00:00.00)
04:21.972  render           | Rendering frame 940
04:21.972  render           | Start rendering: MORI_Assembly_Animation, 视图层
04:21.972  render           | Engine: EEVEE
04:22.021  render           | Fra: 940 | Rendering 1 / 32 samples
04:22.212  render           | Fra: 940 | Rendering 25 / 32 samples
04:22.267  render           | Fra: 940 | Rendering 32 / 32 samples
04:22.278  render           | Video append frame 940
04:22.278  render           | Time: 00:00.30 (Saving: 00:00.00)
04:22.278  render           | Rendering frame 941
04:22.279  render           | Start rendering: MORI_Assembly_Animation, 视图层
04:22.279  render           | Engine: EEVEE
04:22.329  render           | Fra: 941 | Rendering 1 / 32 samples
04:22.518  render           | Fra: 941 | Rendering 25 / 32 samples
04:22.574  render           | Fra: 941 | Rendering 32 / 32 samples
04:22.584  render           | Video append frame 941
04:22.584  render           | Time: 00:00.30 (Saving: 00:00.00)
04:22.584  render           | Rendering frame 942
04:22.584  render           | Start rendering: MORI_Assembly_Animation, 视图层
04:22.584  render           | Engine: EEVEE
04:22.635  render           | Fra: 942 | Rendering 1 / 32 samples
04:22.824  render           | Fra: 942 | Rendering 25 / 32 samples
04:22.879  render           | Fra: 942 | Rendering 32 / 32 samples
04:22.889  render           | Video append frame 942
04:22.889  render           | Time: 00:00.30 (Saving: 00:00.00)
04:22.889  render           | Rendering frame 943
04:22.890  render           | Start rendering: MORI_Assembly_Animation, 视图层
04:22.890  render           | Engine: EEVEE
04:22.939  render           | Fra: 943 | Rendering 1 / 32 samples
04:23.117  render           | Fra: 943 | Rendering 25 / 32 samples
04:23.169  render           | Fra: 943 | Rendering 32 / 32 samples
04:23.189  render           | Video append frame 943
04:23.189  render           | Time: 00:00.29 (Saving: 00:00.01)
04:23.189  render           | Rendering frame 944
04:23.189  render           | Start rendering: MORI_Assembly_Animation, 视图层
04:23.189  render           | Engine: EEVEE
04:23.246  render           | Fra: 944 | Rendering 1 / 32 samples
04:23.414  render           | Fra: 944 | Rendering 25 / 32 samples
04:23.464  render           | Fra: 944 | Rendering 32 / 32 samples
04:23.495  render           | Video append frame 944
04:23.495  render           | Time: 00:00.30 (Saving: 00:00.02)
04:23.495  render           | Rendering frame 945
04:23.495  render           | Start rendering: MORI_Assembly_Animation, 视图层
04:23.495  render           | Engine: EEVEE
04:23.591  render           | Fra: 945 | Rendering 1 / 32 samples
04:23.768  render           | Fra: 945 | Rendering 25 / 32 samples
04:23.835  render           | Fra: 945 | Rendering 32 / 32 samples
04:23.872  render           | Video append frame 945
04:23.872  render           | Time: 00:00.37 (Saving: 00:00.02)
04:23.872  render           | Rendering frame 946
04:23.872  render           | Start rendering: MORI_Assembly_Animation, 视图层
04:23.872  render           | Engine: EEVEE
04:23.954  render           | Fra: 946 | Rendering 1 / 32 samples
04:24.162  render           | Fra: 946 | Rendering 25 / 32 samples
04:24.222  render           | Fra: 946 | Rendering 32 / 32 samples
04:24.243  render           | Video append frame 946
04:24.243  render           | Time: 00:00.37 (Saving: 00:00.01)
04:24.243  render           | Rendering frame 947
04:24.243  render           | Start rendering: MORI_Assembly_Animation, 视图层
04:24.243  render           | Engine: EEVEE
04:24.326  render           | Fra: 947 | Rendering 1 / 32 samples
04:24.562  render           | Fra: 947 | Rendering 25 / 32 samples
04:24.629  render           | Fra: 947 | Rendering 32 / 32 samples
04:24.654  render           | Video append frame 947
04:24.654  render           | Time: 00:00.41 (Saving: 00:00.01)
04:24.654  render           | Rendering frame 948
04:24.655  render           | Start rendering: MORI_Assembly_Animation, 视图层
04:24.655  render           | Engine: EEVEE
04:24.736  render           | Fra: 948 | Rendering 1 / 32 samples
04:24.955  render           | Fra: 948 | Rendering 25 / 32 samples
04:25.013  render           | Fra: 948 | Rendering 32 / 32 samples
04:25.031  render           | Video append frame 948
04:25.031  render           | Time: 00:00.37 (Saving: 00:00.01)
04:25.031  render           | Rendering frame 949
04:25.031  render           | Start rendering: MORI_Assembly_Animation, 视图层
04:25.031  render           | Engine: EEVEE
04:25.099  render           | Fra: 949 | Rendering 1 / 32 samples
04:25.284  render           | Fra: 949 | Rendering 25 / 32 samples
04:25.335  render           | Fra: 949 | Rendering 32 / 32 samples
04:25.371  render           | Video append frame 949
04:25.371  render           | Time: 00:00.33 (Saving: 00:00.02)
04:25.371  render           | Rendering frame 950
04:25.371  render           | Start rendering: MORI_Assembly_Animation, 视图层
04:25.371  render           | Engine: EEVEE
04:25.439  render           | Fra: 950 | Rendering 1 / 32 samples
04:25.625  render           | Fra: 950 | Rendering 25 / 32 samples
04:25.681  render           | Fra: 950 | Rendering 32 / 32 samples
04:25.694  render           | Video append frame 950
04:25.694  render           | Time: 00:00.32 (Saving: 00:00.00)
04:25.694  render           | Rendering frame 951
04:25.694  render           | Start rendering: MORI_Assembly_Animation, 视图层
04:25.694  render           | Engine: EEVEE
04:25.758  render           | Fra: 951 | Rendering 1 / 32 samples
04:25.958  render           | Fra: 951 | Rendering 25 / 32 samples
04:26.016  render           | Fra: 951 | Rendering 32 / 32 samples
04:26.029  render           | Video append frame 951
04:26.029  render           | Time: 00:00.33 (Saving: 00:00.00)
04:26.029  render           | Rendering frame 952
04:26.029  render           | Start rendering: MORI_Assembly_Animation, 视图层
04:26.029  render           | Engine: EEVEE
04:26.097  render           | Fra: 952 | Rendering 1 / 32 samples
04:26.297  render           | Fra: 952 | Rendering 25 / 32 samples
04:26.355  render           | Fra: 952 | Rendering 32 / 32 samples
04:26.367  render           | Video append frame 952
04:26.368  render           | Time: 00:00.33 (Saving: 00:00.00)
04:26.368  render           | Rendering frame 953
04:26.368  render           | Start rendering: MORI_Assembly_Animation, 视图层
04:26.368  render           | Engine: EEVEE
04:26.429  render           | Fra: 953 | Rendering 1 / 32 samples
04:26.629  render           | Fra: 953 | Rendering 25 / 32 samples
04:26.687  render           | Fra: 953 | Rendering 32 / 32 samples
04:26.698  render           | Video append frame 953
04:26.699  render           | Time: 00:00.33 (Saving: 00:00.00)
04:26.699  render           | Rendering frame 954
04:26.699  render           | Start rendering: MORI_Assembly_Animation, 视图层
04:26.699  render           | Engine: EEVEE
04:26.760  render           | Fra: 954 | Rendering 1 / 32 samples
04:26.960  render           | Fra: 954 | Rendering 25 / 32 samples
04:27.020  render           | Fra: 954 | Rendering 32 / 32 samples
04:27.041  render           | Video append frame 954
04:27.041  render           | Time: 00:00.34 (Saving: 00:00.01)
04:27.041  render           | Rendering frame 955
04:27.041  render           | Start rendering: MORI_Assembly_Animation, 视图层
04:27.041  render           | Engine: EEVEE
04:27.120  render           | Fra: 955 | Rendering 1 / 32 samples
04:27.337  render           | Fra: 955 | Rendering 25 / 32 samples
04:27.398  render           | Fra: 955 | Rendering 32 / 32 samples
04:27.417  render           | Video append frame 955
04:27.417  render           | Time: 00:00.37 (Saving: 00:00.01)
04:27.417  render           | Rendering frame 956
04:27.418  render           | Start rendering: MORI_Assembly_Animation, 视图层
04:27.418  render           | Engine: EEVEE
04:27.512  render           | Fra: 956 | Rendering 1 / 32 samples
04:27.720  render           | Fra: 956 | Rendering 25 / 32 samples
04:27.778  render           | Fra: 956 | Rendering 32 / 32 samples
04:27.793  render           | Video append frame 956
04:27.793  render           | Time: 00:00.37 (Saving: 00:00.00)
04:27.793  render           | Rendering frame 957
04:27.793  render           | Start rendering: MORI_Assembly_Animation, 视图层
04:27.793  render           | Engine: EEVEE
04:27.862  render           | Fra: 957 | Rendering 1 / 32 samples
04:28.067  render           | Fra: 957 | Rendering 25 / 32 samples
04:28.128  render           | Fra: 957 | Rendering 32 / 32 samples
04:28.144  render           | Video append frame 957
04:28.144  render           | Time: 00:00.35 (Saving: 00:00.00)
04:28.144  render           | Rendering frame 958
04:28.145  render           | Start rendering: MORI_Assembly_Animation, 视图层
04:28.145  render           | Engine: EEVEE
04:28.242  render           | Fra: 958 | Rendering 1 / 32 samples
04:28.554  render           | Fra: 958 | Rendering 25 / 32 samples
04:28.631  render           | Fra: 958 | Rendering 32 / 32 samples
04:28.648  render           | Video append frame 958
04:28.648  render           | Time: 00:00.50 (Saving: 00:00.00)
04:28.648  render           | Rendering frame 959
04:28.648  render           | Start rendering: MORI_Assembly_Animation, 视图层
04:28.648  render           | Engine: EEVEE
04:28.716  render           | Fra: 959 | Rendering 1 / 32 samples
04:29.011  render           | Fra: 959 | Rendering 25 / 32 samples
04:29.096  render           | Fra: 959 | Rendering 32 / 32 samples
04:29.110  render           | Video append frame 959
04:29.110  render           | Time: 00:00.46 (Saving: 00:00.00)
04:29.110  render           | Rendering frame 960
04:29.110  render           | Start rendering: MORI_Assembly_Animation, 视图层
04:29.110  render           | Engine: EEVEE
04:29.172  render           | Fra: 960 | Rendering 1 / 32 samples
04:29.477  render           | Fra: 960 | Rendering 25 / 32 samples
04:29.567  render           | Fra: 960 | Rendering 32 / 32 samples
04:29.581  render           | Video append frame 960
04:29.581  render           | Time: 00:00.47 (Saving: 00:00.00)
04:29.581  render           | Rendering frame 961
04:29.581  render           | Start rendering: MORI_Assembly_Animation, 视图层
04:29.581  render           | Engine: EEVEE
04:29.644  render           | Fra: 961 | Rendering 1 / 32 samples
04:29.943  render           | Fra: 961 | Rendering 25 / 32 samples
04:30.037  render           | Fra: 961 | Rendering 32 / 32 samples
04:30.052  render           | Video append frame 961
04:30.052  render           | Time: 00:00.47 (Saving: 00:00.00)
04:30.052  render           | Rendering frame 962
04:30.052  render           | Start rendering: MORI_Assembly_Animation, 视图层
04:30.052  render           | Engine: EEVEE
04:30.113  render           | Fra: 962 | Rendering 1 / 32 samples
04:30.422  render           | Fra: 962 | Rendering 25 / 32 samples
04:30.514  render           | Fra: 962 | Rendering 32 / 32 samples
04:30.529  render           | Video append frame 962
04:30.529  render           | Time: 00:00.47 (Saving: 00:00.00)
04:30.529  render           | Rendering frame 963
04:30.529  render           | Start rendering: MORI_Assembly_Animation, 视图层
04:30.529  render           | Engine: EEVEE
04:30.593  render           | Fra: 963 | Rendering 1 / 32 samples
04:30.900  render           | Fra: 963 | Rendering 25 / 32 samples
04:30.994  render           | Fra: 963 | Rendering 32 / 32 samples
04:31.009  render           | Video append frame 963
04:31.009  render           | Time: 00:00.47 (Saving: 00:00.01)
04:31.009  render           | Rendering frame 964
04:31.009  render           | Start rendering: MORI_Assembly_Animation, 视图层
04:31.009  render           | Engine: EEVEE
04:31.075  render           | Fra: 964 | Rendering 1 / 32 samples
04:31.384  render           | Fra: 964 | Rendering 25 / 32 samples
04:31.480  render           | Fra: 964 | Rendering 32 / 32 samples
04:31.497  render           | Video append frame 964
04:31.497  render           | Time: 00:00.48 (Saving: 00:00.01)
04:31.497  render           | Rendering frame 965
04:31.497  render           | Start rendering: MORI_Assembly_Animation, 视图层
04:31.497  render           | Engine: EEVEE
04:31.567  render           | Fra: 965 | Rendering 1 / 32 samples
04:31.886  render           | Fra: 965 | Rendering 25 / 32 samples
04:31.982  render           | Fra: 965 | Rendering 32 / 32 samples
04:32.028  render           | Video append frame 965
04:32.028  render           | Time: 00:00.53 (Saving: 00:00.03)
04:32.028  render           | Rendering frame 966
04:32.028  render           | Start rendering: MORI_Assembly_Animation, 视图层
04:32.028  render           | Engine: EEVEE
04:32.110  render           | Fra: 966 | Rendering 1 / 32 samples
04:32.443  render           | Fra: 966 | Rendering 25 / 32 samples
04:32.544  render           | Fra: 966 | Rendering 32 / 32 samples
04:32.572  render           | Video append frame 966
04:32.572  render           | Time: 00:00.54 (Saving: 00:00.01)
04:32.572  render           | Rendering frame 967
04:32.573  render           | Start rendering: MORI_Assembly_Animation, 视图层
04:32.573  render           | Engine: EEVEE
04:32.668  render           | Fra: 967 | Rendering 1 / 32 samples
04:32.994  render           | Fra: 967 | Rendering 25 / 32 samples
04:33.093  render           | Fra: 967 | Rendering 32 / 32 samples
04:33.150  render           | Video append frame 967
04:33.150  render           | Time: 00:00.57 (Saving: 00:00.04)
04:33.150  render           | Rendering frame 968
04:33.150  render           | Start rendering: MORI_Assembly_Animation, 视图层
04:33.150  render           | Engine: EEVEE
04:33.246  render           | Fra: 968 | Rendering 1 / 32 samples
04:33.571  render           | Fra: 968 | Rendering 25 / 32 samples
04:33.663  render           | Fra: 968 | Rendering 32 / 32 samples
04:33.729  render           | Video append frame 968
04:33.729  render           | Time: 00:00.57 (Saving: 00:00.05)
04:33.729  render           | Rendering frame 969
04:33.729  render           | Start rendering: MORI_Assembly_Animation, 视图层
04:33.729  render           | Engine: EEVEE
04:33.801  render           | Fra: 969 | Rendering 1 / 32 samples
04:34.130  render           | Fra: 969 | Rendering 25 / 32 samples
04:34.222  render           | Fra: 969 | Rendering 32 / 32 samples
04:34.260  render           | Video append frame 969
04:34.260  render           | Time: 00:00.53 (Saving: 00:00.02)
04:34.260  render           | Rendering frame 970
04:34.260  render           | Start rendering: MORI_Assembly_Animation, 视图层
04:34.260  render           | Engine: EEVEE
04:34.349  render           | Fra: 970 | Rendering 1 / 32 samples
04:34.670  render           | Fra: 970 | Rendering 25 / 32 samples
04:34.765  render           | Fra: 970 | Rendering 32 / 32 samples
04:34.805  render           | Video append frame 970
04:34.805  render           | Time: 00:00.54 (Saving: 00:00.02)
04:34.805  render           | Rendering frame 971
04:34.805  render           | Start rendering: MORI_Assembly_Animation, 视图层
04:34.805  render           | Engine: EEVEE
04:34.898  render           | Fra: 971 | Rendering 1 / 32 samples
04:35.219  render           | Fra: 971 | Rendering 25 / 32 samples
04:35.317  render           | Fra: 971 | Rendering 32 / 32 samples
04:35.358  render           | Video append frame 971
04:35.358  render           | Time: 00:00.55 (Saving: 00:00.02)
04:35.358  render           | Rendering frame 972
04:35.359  render           | Start rendering: MORI_Assembly_Animation, 视图层
04:35.359  render           | Engine: EEVEE
04:35.450  render           | Fra: 972 | Rendering 1 / 32 samples
04:35.775  render           | Fra: 972 | Rendering 25 / 32 samples
04:35.869  render           | Fra: 972 | Rendering 32 / 32 samples
04:35.931  render           | Video append frame 972
04:35.931  render           | Time: 00:00.57 (Saving: 00:00.04)
04:35.931  render           | Rendering frame 973
04:35.931  render           | Start rendering: MORI_Assembly_Animation, 视图层
04:35.931  render           | Engine: EEVEE
04:36.008  render           | Fra: 973 | Rendering 1 / 32 samples
04:36.361  render           | Fra: 973 | Rendering 25 / 32 samples
04:36.453  render           | Fra: 973 | Rendering 32 / 32 samples
04:36.503  render           | Video append frame 973
04:36.503  render           | Time: 00:00.57 (Saving: 00:00.03)
04:36.503  render           | Rendering frame 974
04:36.503  render           | Start rendering: MORI_Assembly_Animation, 视图层
04:36.503  render           | Engine: EEVEE
04:36.591  render           | Fra: 974 | Rendering 1 / 32 samples
04:36.912  render           | Fra: 974 | Rendering 25 / 32 samples
04:37.006  render           | Fra: 974 | Rendering 32 / 32 samples
04:37.060  render           | Video append frame 974
04:37.060  render           | Time: 00:00.55 (Saving: 00:00.04)
04:37.060  render           | Rendering frame 975
04:37.060  render           | Start rendering: MORI_Assembly_Animation, 视图层
04:37.060  render           | Engine: EEVEE
04:37.151  render           | Fra: 975 | Rendering 1 / 32 samples
04:37.482  render           | Fra: 975 | Rendering 25 / 32 samples
04:37.573  render           | Fra: 975 | Rendering 32 / 32 samples
04:37.625  render           | Video append frame 975
04:37.625  render           | Time: 00:00.56 (Saving: 00:00.03)
04:37.625  render           | Rendering frame 976
04:37.625  render           | Start rendering: MORI_Assembly_Animation, 视图层
04:37.625  render           | Engine: EEVEE
04:37.708  render           | Fra: 976 | Rendering 1 / 32 samples
04:38.025  render           | Fra: 976 | Rendering 25 / 32 samples
04:38.116  render           | Fra: 976 | Rendering 32 / 32 samples
04:38.169  render           | Video append frame 976
04:38.169  render           | Time: 00:00.54 (Saving: 00:00.03)
04:38.169  render           | Rendering frame 977
04:38.170  render           | Start rendering: MORI_Assembly_Animation, 视图层
04:38.170  render           | Engine: EEVEE
04:38.261  render           | Fra: 977 | Rendering 1 / 32 samples
04:38.579  render           | Fra: 977 | Rendering 25 / 32 samples
04:38.673  render           | Fra: 977 | Rendering 32 / 32 samples
04:38.715  render           | Video append frame 977
04:38.715  render           | Time: 00:00.54 (Saving: 00:00.02)
04:38.715  render           | Rendering frame 978
04:38.715  render           | Start rendering: MORI_Assembly_Animation, 视图层
04:38.715  render           | Engine: EEVEE
04:38.816  render           | Fra: 978 | Rendering 1 / 32 samples
04:39.150  render           | Fra: 978 | Rendering 25 / 32 samples
04:39.250  render           | Fra: 978 | Rendering 32 / 32 samples
04:39.280  render           | Video append frame 978
04:39.280  render           | Time: 00:00.56 (Saving: 00:00.02)
04:39.280  render           | Rendering frame 979
04:39.281  render           | Start rendering: MORI_Assembly_Animation, 视图层
04:39.281  render           | Engine: EEVEE
04:39.359  render           | Fra: 979 | Rendering 1 / 32 samples
04:39.695  render           | Fra: 979 | Rendering 25 / 32 samples
04:39.798  render           | Fra: 979 | Rendering 32 / 32 samples
04:39.824  render           | Video append frame 979
04:39.824  render           | Time: 00:00.54 (Saving: 00:00.01)
04:39.824  render           | Rendering frame 980
04:39.825  render           | Start rendering: MORI_Assembly_Animation, 视图层
04:39.825  render           | Engine: EEVEE
04:39.906  render           | Fra: 980 | Rendering 1 / 32 samples
04:40.248  render           | Fra: 980 | Rendering 25 / 32 samples
04:40.349  render           | Fra: 980 | Rendering 32 / 32 samples
04:40.370  render           | Video append frame 980
04:40.370  render           | Time: 00:00.54 (Saving: 00:00.01)
04:40.370  render           | Rendering frame 981
04:40.370  render           | Start rendering: MORI_Assembly_Animation, 视图层
04:40.370  render           | Engine: EEVEE
04:40.454  render           | Fra: 981 | Rendering 1 / 32 samples
04:40.800  render           | Fra: 981 | Rendering 25 / 32 samples
04:40.899  render           | Fra: 981 | Rendering 32 / 32 samples
04:40.920  render           | Video append frame 981
04:40.920  render           | Time: 00:00.54 (Saving: 00:00.01)
04:40.920  render           | Rendering frame 982
04:40.920  render           | Start rendering: MORI_Assembly_Animation, 视图层
04:40.920  render           | Engine: EEVEE
04:41.008  render           | Fra: 982 | Rendering 1 / 32 samples
04:41.337  render           | Fra: 982 | Rendering 25 / 32 samples
04:41.438  render           | Fra: 982 | Rendering 32 / 32 samples
04:41.466  render           | Video append frame 982
04:41.466  render           | Time: 00:00.54 (Saving: 00:00.02)
04:41.466  render           | Rendering frame 983
04:41.467  render           | Start rendering: MORI_Assembly_Animation, 视图层
04:41.467  render           | Engine: EEVEE
04:41.547  render           | Fra: 983 | Rendering 1 / 32 samples
04:41.905  render           | Fra: 983 | Rendering 25 / 32 samples
04:42.009  render           | Fra: 983 | Rendering 32 / 32 samples
04:42.037  render           | Video append frame 983
04:42.037  render           | Time: 00:00.57 (Saving: 00:00.01)
04:42.037  render           | Rendering frame 984
04:42.037  render           | Start rendering: MORI_Assembly_Animation, 视图层
04:42.037  render           | Engine: EEVEE
04:42.115  render           | Fra: 984 | Rendering 1 / 32 samples
04:42.452  render           | Fra: 984 | Rendering 25 / 32 samples
04:42.551  render           | Fra: 984 | Rendering 32 / 32 samples
04:42.570  render           | Video append frame 984
04:42.570  render           | Time: 00:00.53 (Saving: 00:00.01)
04:42.570  render           | Rendering frame 985
04:42.571  render           | Start rendering: MORI_Assembly_Animation, 视图层
04:42.571  render           | Engine: EEVEE
04:42.645  render           | Fra: 985 | Rendering 1 / 32 samples
04:43.004  render           | Fra: 985 | Rendering 25 / 32 samples
04:43.106  render           | Fra: 985 | Rendering 32 / 32 samples
04:43.131  render           | Video append frame 985
04:43.132  render           | Time: 00:00.56 (Saving: 00:00.01)
04:43.132  render           | Rendering frame 986
04:43.132  render           | Start rendering: MORI_Assembly_Animation, 视图层
04:43.132  render           | Engine: EEVEE
04:43.222  render           | Fra: 986 | Rendering 1 / 32 samples
04:43.573  render           | Fra: 986 | Rendering 25 / 32 samples
04:43.675  render           | Fra: 986 | Rendering 32 / 32 samples
04:43.704  render           | Video append frame 986
04:43.704  render           | Time: 00:00.57 (Saving: 00:00.02)
04:43.704  render           | Rendering frame 987
04:43.705  render           | Start rendering: MORI_Assembly_Animation, 视图层
04:43.705  render           | Engine: EEVEE
04:43.798  render           | Fra: 987 | Rendering 1 / 32 samples
04:44.154  render           | Fra: 987 | Rendering 25 / 32 samples
04:44.258  render           | Fra: 987 | Rendering 32 / 32 samples
04:44.285  render           | Video append frame 987
04:44.285  render           | Time: 00:00.58 (Saving: 00:00.01)
04:44.285  render           | Rendering frame 988
04:44.285  render           | Start rendering: MORI_Assembly_Animation, 视图层
04:44.285  render           | Engine: EEVEE
04:44.370  render           | Fra: 988 | Rendering 1 / 32 samples
04:44.713  render           | Fra: 988 | Rendering 25 / 32 samples
04:44.812  render           | Fra: 988 | Rendering 32 / 32 samples
04:44.868  render           | Video append frame 988
04:44.868  render           | Time: 00:00.58 (Saving: 00:00.04)
04:44.868  render           | Rendering frame 989
04:44.869  render           | Start rendering: MORI_Assembly_Animation, 视图层
04:44.869  render           | Engine: EEVEE
04:44.939  render           | Fra: 989 | Rendering 1 / 32 samples
04:45.283  render           | Fra: 989 | Rendering 25 / 32 samples
04:45.381  render           | Fra: 989 | Rendering 32 / 32 samples
04:45.408  render           | Video append frame 989
04:45.408  render           | Time: 00:00.53 (Saving: 00:00.02)
04:45.408  render           | Rendering frame 990
04:45.408  render           | Start rendering: MORI_Assembly_Animation, 视图层
04:45.408  render           | Engine: EEVEE
04:45.490  render           | Fra: 990 | Rendering 1 / 32 samples
04:45.848  render           | Fra: 990 | Rendering 25 / 32 samples
04:45.946  render           | Fra: 990 | Rendering 32 / 32 samples
04:45.967  render           | Video append frame 990
04:45.968  render           | Time: 00:00.55 (Saving: 00:00.01)
04:45.968  render           | Rendering frame 991
04:45.968  render           | Start rendering: MORI_Assembly_Animation, 视图层
04:45.968  render           | Engine: EEVEE
04:46.045  render           | Fra: 991 | Rendering 1 / 32 samples
04:46.381  render           | Fra: 991 | Rendering 25 / 32 samples
04:46.479  render           | Fra: 991 | Rendering 32 / 32 samples
04:46.497  render           | Video append frame 991
04:46.497  render           | Time: 00:00.52 (Saving: 00:00.01)
04:46.497  render           | Rendering frame 992
04:46.497  render           | Start rendering: MORI_Assembly_Animation, 视图层
04:46.497  render           | Engine: EEVEE
04:46.575  render           | Fra: 992 | Rendering 1 / 32 samples
04:46.904  render           | Fra: 992 | Rendering 25 / 32 samples
04:47.001  render           | Fra: 992 | Rendering 32 / 32 samples
04:47.015  render           | Video append frame 992
04:47.015  render           | Time: 00:00.51 (Saving: 00:00.00)
04:47.015  render           | Rendering frame 993
04:47.015  render           | Start rendering: MORI_Assembly_Animation, 视图层
04:47.015  render           | Engine: EEVEE
04:47.092  render           | Fra: 993 | Rendering 1 / 32 samples
04:47.415  render           | Fra: 993 | Rendering 25 / 32 samples
04:47.508  render           | Fra: 993 | Rendering 32 / 32 samples
04:47.523  render           | Video append frame 993
04:47.523  render           | Time: 00:00.50 (Saving: 00:00.00)
04:47.523  render           | Rendering frame 994
04:47.523  render           | Start rendering: MORI_Assembly_Animation, 视图层
04:47.523  render           | Engine: EEVEE
04:47.590  render           | Fra: 994 | Rendering 1 / 32 samples
04:47.912  render           | Fra: 994 | Rendering 25 / 32 samples
04:48.009  render           | Fra: 994 | Rendering 32 / 32 samples
04:48.024  render           | Video append frame 994
04:48.024  render           | Time: 00:00.50 (Saving: 00:00.01)
04:48.024  render           | Rendering frame 995
04:48.025  render           | Start rendering: MORI_Assembly_Animation, 视图层
04:48.025  render           | Engine: EEVEE
04:48.094  render           | Fra: 995 | Rendering 1 / 32 samples
04:48.418  render           | Fra: 995 | Rendering 25 / 32 samples
04:48.517  render           | Fra: 995 | Rendering 32 / 32 samples
04:48.531  render           | Video append frame 995
04:48.531  render           | Time: 00:00.50 (Saving: 00:00.00)
04:48.531  render           | Rendering frame 996
04:48.531  render           | Start rendering: MORI_Assembly_Animation, 视图层
04:48.531  render           | Engine: EEVEE
04:48.599  render           | Fra: 996 | Rendering 1 / 32 samples
04:48.919  render           | Fra: 996 | Rendering 25 / 32 samples
04:49.013  render           | Fra: 996 | Rendering 32 / 32 samples
04:49.027  render           | Video append frame 996
04:49.027  render           | Time: 00:00.49 (Saving: 00:00.00)
04:49.027  render           | Rendering frame 997
04:49.027  render           | Start rendering: MORI_Assembly_Animation, 视图层
04:49.027  render           | Engine: EEVEE
04:49.096  render           | Fra: 997 | Rendering 1 / 32 samples
04:49.428  render           | Fra: 997 | Rendering 25 / 32 samples
04:49.533  render           | Fra: 997 | Rendering 32 / 32 samples
04:49.579  render           | Video append frame 997
04:49.580  render           | Time: 00:00.55 (Saving: 00:00.03)
04:49.580  render           | Rendering frame 998
04:49.580  render           | Start rendering: MORI_Assembly_Animation, 视图层
04:49.580  render           | Engine: EEVEE
04:49.663  render           | Fra: 998 | Rendering 1 / 32 samples
04:50.021  render           | Fra: 998 | Rendering 25 / 32 samples
04:50.130  render           | Fra: 998 | Rendering 32 / 32 samples
04:50.179  render           | Video append frame 998
04:50.179  render           | Time: 00:00.59 (Saving: 00:00.03)
04:50.179  render           | Rendering frame 999
04:50.180  render           | Start rendering: MORI_Assembly_Animation, 视图层
04:50.180  render           | Engine: EEVEE
04:50.280  render           | Fra: 999 | Rendering 1 / 32 samples
04:50.633  render           | Fra: 999 | Rendering 25 / 32 samples
04:50.734  render           | Fra: 999 | Rendering 32 / 32 samples
04:50.796  render           | Video append frame 999
04:50.796  render           | Time: 00:00.61 (Saving: 00:00.04)
04:50.796  render           | Rendering frame 1000
04:50.796  render           | Start rendering: MORI_Assembly_Animation, 视图层
04:50.796  render           | Engine: EEVEE
04:50.894  render           | Fra: 1000 | Rendering 1 / 32 samples
04:51.241  render           | Fra: 1000 | Rendering 25 / 32 samples
04:51.345  render           | Fra: 1000 | Rendering 32 / 32 samples
04:51.388  render           | Video append frame 1000
04:51.388  render           | Time: 00:00.59 (Saving: 00:00.02)
04:51.388  render           | Rendering frame 1001
04:51.389  render           | Start rendering: MORI_Assembly_Animation, 视图层
04:51.389  render           | Engine: EEVEE
04:51.469  render           | Fra: 1001 | Rendering 1 / 32 samples
04:51.817  render           | Fra: 1001 | Rendering 25 / 32 samples
04:51.917  render           | Fra: 1001 | Rendering 32 / 32 samples
04:51.980  render           | Video append frame 1001
04:51.980  render           | Time: 00:00.59 (Saving: 00:00.04)
04:51.980  render           | Rendering frame 1002
04:51.981  render           | Start rendering: MORI_Assembly_Animation, 视图层
04:51.981  render           | Engine: EEVEE
04:52.067  render           | Fra: 1002 | Rendering 1 / 32 samples
04:52.415  render           | Fra: 1002 | Rendering 25 / 32 samples
04:52.516  render           | Fra: 1002 | Rendering 32 / 32 samples
04:52.569  render           | Video append frame 1002
04:52.569  render           | Time: 00:00.58 (Saving: 00:00.03)
04:52.569  render           | Rendering frame 1003
04:52.569  render           | Start rendering: MORI_Assembly_Animation, 视图层
04:52.569  render           | Engine: EEVEE
04:52.662  render           | Fra: 1003 | Rendering 1 / 32 samples
04:53.006  render           | Fra: 1003 | Rendering 25 / 32 samples
04:53.108  render           | Fra: 1003 | Rendering 32 / 32 samples
04:53.176  render           | Video append frame 1003
04:53.176  render           | Time: 00:00.60 (Saving: 00:00.05)
04:53.176  render           | Rendering frame 1004
04:53.176  render           | Start rendering: MORI_Assembly_Animation, 视图层
04:53.176  render           | Engine: EEVEE
04:53.256  render           | Fra: 1004 | Rendering 1 / 32 samples
04:53.608  render           | Fra: 1004 | Rendering 25 / 32 samples
04:53.708  render           | Fra: 1004 | Rendering 32 / 32 samples
04:53.752  render           | Video append frame 1004
04:53.752  render           | Time: 00:00.57 (Saving: 00:00.03)
04:53.752  render           | Rendering frame 1005
04:53.752  render           | Start rendering: MORI_Assembly_Animation, 视图层
04:53.752  render           | Engine: EEVEE
04:53.843  render           | Fra: 1005 | Rendering 1 / 32 samples
04:54.189  render           | Fra: 1005 | Rendering 25 / 32 samples
04:54.289  render           | Fra: 1005 | Rendering 32 / 32 samples
04:54.326  render           | Video append frame 1005
04:54.326  render           | Time: 00:00.57 (Saving: 00:00.02)
04:54.326  render           | Rendering frame 1006
04:54.326  render           | Start rendering: MORI_Assembly_Animation, 视图层
04:54.326  render           | Engine: EEVEE
04:54.424  render           | Fra: 1006 | Rendering 1 / 32 samples
04:54.773  render           | Fra: 1006 | Rendering 25 / 32 samples
04:54.877  render           | Fra: 1006 | Rendering 32 / 32 samples
04:54.940  render           | Video append frame 1006
04:54.940  render           | Time: 00:00.61 (Saving: 00:00.04)
04:54.940  render           | Rendering frame 1007
04:54.941  render           | Start rendering: MORI_Assembly_Animation, 视图层
04:54.941  render           | Engine: EEVEE
04:55.011  render           | Fra: 1007 | Rendering 1 / 32 samples
04:55.361  render           | Fra: 1007 | Rendering 25 / 32 samples
04:55.463  render           | Fra: 1007 | Rendering 32 / 32 samples
04:55.507  render           | Video append frame 1007
04:55.507  render           | Time: 00:00.56 (Saving: 00:00.03)
04:55.507  render           | Rendering frame 1008
04:55.507  render           | Start rendering: MORI_Assembly_Animation, 视图层
04:55.507  render           | Engine: EEVEE
04:55.597  render           | Fra: 1008 | Rendering 1 / 32 samples
04:55.942  render           | Fra: 1008 | Rendering 25 / 32 samples
04:56.043  render           | Fra: 1008 | Rendering 32 / 32 samples
04:56.103  render           | Video append frame 1008
04:56.103  render           | Time: 00:00.59 (Saving: 00:00.04)
04:56.103  render           | Rendering frame 1009
04:56.103  render           | Start rendering: MORI_Assembly_Animation, 视图层
04:56.103  render           | Engine: EEVEE
04:56.197  render           | Fra: 1009 | Rendering 1 / 32 samples
04:56.545  render           | Fra: 1009 | Rendering 25 / 32 samples
04:56.646  render           | Fra: 1009 | Rendering 32 / 32 samples
04:56.673  render           | Video append frame 1009
04:56.673  render           | Time: 00:00.57 (Saving: 00:00.01)
04:56.673  render           | Rendering frame 1010
04:56.674  render           | Start rendering: MORI_Assembly_Animation, 视图层
04:56.674  render           | Engine: EEVEE
04:56.778  render           | Fra: 1010 | Rendering 1 / 32 samples
04:57.131  render           | Fra: 1010 | Rendering 25 / 32 samples
04:57.231  render           | Fra: 1010 | Rendering 32 / 32 samples
04:57.249  render           | Video append frame 1010
04:57.249  render           | Time: 00:00.57 (Saving: 00:00.01)
04:57.249  render           | Rendering frame 1011
04:57.250  render           | Start rendering: MORI_Assembly_Animation, 视图层
04:57.250  render           | Engine: EEVEE
04:57.325  render           | Fra: 1011 | Rendering 1 / 32 samples
04:57.672  render           | Fra: 1011 | Rendering 25 / 32 samples
04:57.776  render           | Fra: 1011 | Rendering 32 / 32 samples
04:57.798  render           | Video append frame 1011
04:57.798  render           | Time: 00:00.54 (Saving: 00:00.01)
04:57.798  render           | Rendering frame 1012
04:57.798  render           | Start rendering: MORI_Assembly_Animation, 视图层
04:57.798  render           | Engine: EEVEE
04:57.879  render           | Fra: 1012 | Rendering 1 / 32 samples
04:58.228  render           | Fra: 1012 | Rendering 25 / 32 samples
04:58.335  render           | Fra: 1012 | Rendering 32 / 32 samples
04:58.355  render           | Video append frame 1012
04:58.355  render           | Time: 00:00.55 (Saving: 00:00.01)
04:58.355  render           | Rendering frame 1013
04:58.355  render           | Start rendering: MORI_Assembly_Animation, 视图层
04:58.355  render           | Engine: EEVEE
04:58.431  render           | Fra: 1013 | Rendering 1 / 32 samples
04:58.784  render           | Fra: 1013 | Rendering 25 / 32 samples
04:58.894  render           | Fra: 1013 | Rendering 32 / 32 samples
04:58.913  render           | Video append frame 1013
04:58.914  render           | Time: 00:00.55 (Saving: 00:00.01)
04:58.914  render           | Rendering frame 1014
04:58.914  render           | Start rendering: MORI_Assembly_Animation, 视图层
04:58.914  render           | Engine: EEVEE
04:58.993  render           | Fra: 1014 | Rendering 1 / 32 samples
04:59.351  render           | Fra: 1014 | Rendering 25 / 32 samples
04:59.463  render           | Fra: 1014 | Rendering 32 / 32 samples
04:59.485  render           | Video append frame 1014
04:59.485  render           | Time: 00:00.57 (Saving: 00:00.01)
04:59.485  render           | Rendering frame 1015
04:59.485  render           | Start rendering: MORI_Assembly_Animation, 视图层
04:59.485  render           | Engine: EEVEE
04:59.562  render           | Fra: 1015 | Rendering 1 / 32 samples
04:59.657  render           | Fra: 1015 | Rendering 25 / 32 samples
04:59.681  render           | Fra: 1015 | Rendering 32 / 32 samples
04:59.695  render           | Video append frame 1015
04:59.695  render           | Time: 00:00.21 (Saving: 00:00.01)
04:59.695  render           | Rendering frame 1016
04:59.696  render           | Start rendering: MORI_Assembly_Animation, 视图层
04:59.696  render           | Engine: EEVEE
04:59.756  render           | Fra: 1016 | Rendering 1 / 32 samples
04:59.881  render           | Fra: 1016 | Rendering 25 / 32 samples
04:59.915  render           | Fra: 1016 | Rendering 32 / 32 samples
04:59.928  render           | Video append frame 1016
04:59.928  render           | Time: 00:00.23 (Saving: 00:00.00)
04:59.928  render           | Rendering frame 1017
04:59.928  render           | Start rendering: MORI_Assembly_Animation, 视图层
04:59.928  render           | Engine: EEVEE
04:59.991  render           | Fra: 1017 | Rendering 1 / 32 samples
05:00.124  render           | Fra: 1017 | Rendering 25 / 32 samples
05:00.162  render           | Fra: 1017 | Rendering 32 / 32 samples
05:00.175  render           | Video append frame 1017
05:00.175  render           | Time: 00:00.24 (Saving: 00:00.00)
05:00.175  render           | Rendering frame 1018
05:00.175  render           | Start rendering: MORI_Assembly_Animation, 视图层
05:00.175  render           | Engine: EEVEE
05:00.227  render           | Fra: 1018 | Rendering 1 / 32 samples
05:00.385  render           | Fra: 1018 | Rendering 25 / 32 samples
05:00.432  render           | Fra: 1018 | Rendering 32 / 32 samples
05:00.446  render           | Video append frame 1018
05:00.446  render           | Time: 00:00.27 (Saving: 00:00.00)
05:00.446  render           | Rendering frame 1019
05:00.447  render           | Start rendering: MORI_Assembly_Animation, 视图层
05:00.447  render           | Engine: EEVEE
05:00.501  render           | Fra: 1019 | Rendering 1 / 32 samples
05:00.671  render           | Fra: 1019 | Rendering 25 / 32 samples
05:00.717  render           | Fra: 1019 | Rendering 32 / 32 samples
05:00.729  render           | Video append frame 1019
05:00.729  render           | Time: 00:00.28 (Saving: 00:00.00)
05:00.729  render           | Rendering frame 1020
05:00.730  render           | Start rendering: MORI_Assembly_Animation, 视图层
05:00.730  render           | Engine: EEVEE
05:00.783  render           | Fra: 1020 | Rendering 1 / 32 samples
05:00.944  render           | Fra: 1020 | Rendering 25 / 32 samples
05:00.991  render           | Fra: 1020 | Rendering 32 / 32 samples
05:01.002  render           | Video append frame 1020
05:01.002  render           | Time: 00:00.27 (Saving: 00:00.00)
05:01.002  render           | Rendering frame 1021
05:01.002  render           | Start rendering: MORI_Assembly_Animation, 视图层
05:01.002  render           | Engine: EEVEE
05:01.055  render           | Fra: 1021 | Rendering 1 / 32 samples
05:01.215  render           | Fra: 1021 | Rendering 25 / 32 samples
05:01.260  render           | Fra: 1021 | Rendering 32 / 32 samples
05:01.270  render           | Video append frame 1021
05:01.270  render           | Time: 00:00.26 (Saving: 00:00.00)
05:01.270  render           | Rendering frame 1022
05:01.271  render           | Start rendering: MORI_Assembly_Animation, 视图层
05:01.271  render           | Engine: EEVEE
05:01.310  render           | Fra: 1022 | Rendering 1 / 32 samples
05:01.465  render           | Fra: 1022 | Rendering 25 / 32 samples
05:01.510  render           | Fra: 1022 | Rendering 32 / 32 samples
05:01.519  render           | Video append frame 1022
05:01.520  render           | Time: 00:00.24 (Saving: 00:00.00)
05:01.520  render           | Rendering frame 1023
05:01.520  render           | Start rendering: MORI_Assembly_Animation, 视图层
05:01.520  render           | Engine: EEVEE
05:01.562  render           | Fra: 1023 | Rendering 1 / 32 samples
05:01.716  render           | Fra: 1023 | Rendering 25 / 32 samples
05:01.761  render           | Fra: 1023 | Rendering 32 / 32 samples
05:01.771  render           | Video append frame 1023
05:01.771  render           | Time: 00:00.25 (Saving: 00:00.00)
05:01.771  render           | Rendering frame 1024
05:01.771  render           | Start rendering: MORI_Assembly_Animation, 视图层
05:01.771  render           | Engine: EEVEE
05:01.820  render           | Fra: 1024 | Rendering 1 / 32 samples
05:01.976  render           | Fra: 1024 | Rendering 25 / 32 samples
05:02.021  render           | Fra: 1024 | Rendering 32 / 32 samples
05:02.031  render           | Video append frame 1024
05:02.031  render           | Time: 00:00.26 (Saving: 00:00.00)
05:02.031  render           | Rendering frame 1025
05:02.031  render           | Start rendering: MORI_Assembly_Animation, 视图层
05:02.031  render           | Engine: EEVEE
05:02.067  render           | Fra: 1025 | Rendering 1 / 32 samples
05:02.222  render           | Fra: 1025 | Rendering 25 / 32 samples
05:02.267  render           | Fra: 1025 | Rendering 32 / 32 samples
05:02.278  render           | Video append frame 1025
05:02.278  render           | Time: 00:00.24 (Saving: 00:00.00)
05:02.278  render           | Rendering frame 1026
05:02.278  render           | Start rendering: MORI_Assembly_Animation, 视图层
05:02.278  render           | Engine: EEVEE
05:02.316  render           | Fra: 1026 | Rendering 1 / 32 samples
05:02.472  render           | Fra: 1026 | Rendering 25 / 32 samples
05:02.517  render           | Fra: 1026 | Rendering 32 / 32 samples
05:02.527  render           | Video append frame 1026
05:02.527  render           | Time: 00:00.24 (Saving: 00:00.00)
05:02.527  render           | Rendering frame 1027
05:02.527  render           | Start rendering: MORI_Assembly_Animation, 视图层
05:02.527  render           | Engine: EEVEE
05:02.564  render           | Fra: 1027 | Rendering 1 / 32 samples
05:02.720  render           | Fra: 1027 | Rendering 25 / 32 samples
05:02.765  render           | Fra: 1027 | Rendering 32 / 32 samples
05:02.774  render           | Video append frame 1027
05:02.774  render           | Time: 00:00.24 (Saving: 00:00.00)
05:02.774  render           | Rendering frame 1028
05:02.774  render           | Start rendering: MORI_Assembly_Animation, 视图层
05:02.774  render           | Engine: EEVEE
05:02.811  render           | Fra: 1028 | Rendering 1 / 32 samples
05:02.968  render           | Fra: 1028 | Rendering 25 / 32 samples
05:03.014  render           | Fra: 1028 | Rendering 32 / 32 samples
05:03.049  render           | Video append frame 1028
05:03.049  render           | Time: 00:00.27 (Saving: 00:00.02)
05:03.049  render           | Rendering frame 1029
05:03.049  render           | Start rendering: MORI_Assembly_Animation, 视图层
05:03.049  render           | Engine: EEVEE
05:03.094  render           | Fra: 1029 | Rendering 1 / 32 samples
05:03.253  render           | Fra: 1029 | Rendering 25 / 32 samples
05:03.300  render           | Fra: 1029 | Rendering 32 / 32 samples
05:03.321  render           | Video append frame 1029
05:03.321  render           | Time: 00:00.27 (Saving: 00:00.01)
05:03.321  render           | Rendering frame 1030
05:03.321  render           | Start rendering: MORI_Assembly_Animation, 视图层
05:03.321  render           | Engine: EEVEE
05:03.376  render           | Fra: 1030 | Rendering 1 / 32 samples
05:03.538  render           | Fra: 1030 | Rendering 25 / 32 samples
05:03.585  render           | Fra: 1030 | Rendering 32 / 32 samples
05:03.623  render           | Video append frame 1030
05:03.623  render           | Time: 00:00.30 (Saving: 00:00.03)
05:03.623  render           | Rendering frame 1031
05:03.623  render           | Start rendering: MORI_Assembly_Animation, 视图层
05:03.623  render           | Engine: EEVEE
05:03.691  render           | Fra: 1031 | Rendering 1 / 32 samples
05:03.876  render           | Fra: 1031 | Rendering 25 / 32 samples
05:03.928  render           | Fra: 1031 | Rendering 32 / 32 samples
05:03.960  render           | Video append frame 1031
05:03.960  render           | Time: 00:00.33 (Saving: 00:00.02)
05:03.960  render           | Rendering frame 1032
05:03.960  render           | Start rendering: MORI_Assembly_Animation, 视图层
05:03.960  render           | Engine: EEVEE
05:04.027  render           | Fra: 1032 | Rendering 1 / 32 samples
05:04.208  render           | Fra: 1032 | Rendering 25 / 32 samples
05:04.255  render           | Fra: 1032 | Rendering 32 / 32 samples
05:04.287  render           | Video append frame 1032
05:04.287  render           | Time: 00:00.32 (Saving: 00:00.02)
05:04.287  render           | Rendering frame 1033
05:04.287  render           | Start rendering: MORI_Assembly_Animation, 视图层
05:04.287  render           | Engine: EEVEE
05:04.344  render           | Fra: 1033 | Rendering 1 / 32 samples
05:04.508  render           | Fra: 1033 | Rendering 25 / 32 samples
05:04.555  render           | Fra: 1033 | Rendering 32 / 32 samples
05:04.582  render           | Video append frame 1033
05:04.582  render           | Time: 00:00.29 (Saving: 00:00.02)
05:04.582  render           | Rendering frame 1034
05:04.582  render           | Start rendering: MORI_Assembly_Animation, 视图层
05:04.582  render           | Engine: EEVEE
05:04.639  render           | Fra: 1034 | Rendering 1 / 32 samples
05:04.802  render           | Fra: 1034 | Rendering 25 / 32 samples
05:04.849  render           | Fra: 1034 | Rendering 32 / 32 samples
05:04.876  render           | Video append frame 1034
05:04.876  render           | Time: 00:00.29 (Saving: 00:00.02)
05:04.876  render           | Rendering frame 1035
05:04.876  render           | Start rendering: MORI_Assembly_Animation, 视图层
05:04.876  render           | Engine: EEVEE
05:04.932  render           | Fra: 1035 | Rendering 1 / 32 samples
05:05.094  render           | Fra: 1035 | Rendering 25 / 32 samples
05:05.141  render           | Fra: 1035 | Rendering 32 / 32 samples
05:05.175  render           | Video append frame 1035
05:05.175  render           | Time: 00:00.29 (Saving: 00:00.02)
05:05.175  render           | Rendering frame 1036
05:05.175  render           | Start rendering: MORI_Assembly_Animation, 视图层
05:05.175  render           | Engine: EEVEE
05:05.229  render           | Fra: 1036 | Rendering 1 / 32 samples
05:05.392  render           | Fra: 1036 | Rendering 25 / 32 samples
05:05.439  render           | Fra: 1036 | Rendering 32 / 32 samples
05:05.468  render           | Video append frame 1036
05:05.468  render           | Time: 00:00.29 (Saving: 00:00.02)
05:05.468  render           | Rendering frame 1037
05:05.468  render           | Start rendering: MORI_Assembly_Animation, 视图层
05:05.468  render           | Engine: EEVEE
05:05.527  render           | Fra: 1037 | Rendering 1 / 32 samples
05:05.640  render           | Fra: 1037 | Rendering 25 / 32 samples
05:05.676  render           | Fra: 1037 | Rendering 32 / 32 samples
05:05.689  render           | Video append frame 1037
05:05.689  render           | Time: 00:00.22 (Saving: 00:00.00)
05:05.689  render           | Rendering frame 1038
05:05.689  render           | Start rendering: MORI_Assembly_Animation, 视图层
05:05.689  render           | Engine: EEVEE
05:05.743  render           | Fra: 1038 | Rendering 1 / 32 samples
05:05.937  render           | Fra: 1038 | Rendering 25 / 32 samples
05:05.991  render           | Fra: 1038 | Rendering 32 / 32 samples
05:06.002  render           | Video append frame 1038
05:06.002  render           | Time: 00:00.31 (Saving: 00:00.00)
05:06.002  render           | Rendering frame 1039
05:06.002  render           | Start rendering: MORI_Assembly_Animation, 视图层
05:06.002  render           | Engine: EEVEE
05:06.049  render           | Fra: 1039 | Rendering 1 / 32 samples
05:06.218  render           | Fra: 1039 | Rendering 25 / 32 samples
05:06.264  render           | Fra: 1039 | Rendering 32 / 32 samples
05:06.275  render           | Video append frame 1039
05:06.275  render           | Time: 00:00.27 (Saving: 00:00.00)
05:06.275  render           | Rendering frame 1040
05:06.275  render           | Start rendering: MORI_Assembly_Animation, 视图层
05:06.275  render           | Engine: EEVEE
05:06.320  render           | Fra: 1040 | Rendering 1 / 32 samples
05:06.481  render           | Fra: 1040 | Rendering 25 / 32 samples
05:06.527  render           | Fra: 1040 | Rendering 32 / 32 samples
05:06.537  render           | Video append frame 1040
05:06.537  render           | Time: 00:00.26 (Saving: 00:00.00)
05:06.537  render           | Rendering frame 1041
05:06.537  render           | Start rendering: MORI_Assembly_Animation, 视图层
05:06.537  render           | Engine: EEVEE
05:06.578  render           | Fra: 1041 | Rendering 1 / 32 samples
05:06.738  render           | Fra: 1041 | Rendering 25 / 32 samples
05:06.787  render           | Fra: 1041 | Rendering 32 / 32 samples
05:06.796  render           | Video append frame 1041
05:06.796  render           | Time: 00:00.25 (Saving: 00:00.00)
05:06.796  render           | Rendering frame 1042
05:06.797  render           | Start rendering: MORI_Assembly_Animation, 视图层
05:06.797  render           | Engine: EEVEE
05:06.839  render           | Fra: 1042 | Rendering 1 / 32 samples
05:06.997  render           | Fra: 1042 | Rendering 25 / 32 samples
05:07.045  render           | Fra: 1042 | Rendering 32 / 32 samples
05:07.055  render           | Video append frame 1042
05:07.055  render           | Time: 00:00.25 (Saving: 00:00.00)
05:07.055  render           | Rendering frame 1043
05:07.056  render           | Start rendering: MORI_Assembly_Animation, 视图层
05:07.056  render           | Engine: EEVEE
05:07.104  render           | Fra: 1043 | Rendering 1 / 32 samples
05:07.266  render           | Fra: 1043 | Rendering 25 / 32 samples
05:07.312  render           | Fra: 1043 | Rendering 32 / 32 samples
05:07.322  render           | Video append frame 1043
05:07.322  render           | Time: 00:00.26 (Saving: 00:00.00)
05:07.322  render           | Rendering frame 1044
05:07.322  render           | Start rendering: MORI_Assembly_Animation, 视图层
05:07.322  render           | Engine: EEVEE
05:07.370  render           | Fra: 1044 | Rendering 1 / 32 samples
05:07.530  render           | Fra: 1044 | Rendering 25 / 32 samples
05:07.576  render           | Fra: 1044 | Rendering 32 / 32 samples
05:07.587  render           | Video append frame 1044
05:07.587  render           | Time: 00:00.26 (Saving: 00:00.00)
05:07.587  render           | Rendering frame 1045
05:07.587  render           | Start rendering: MORI_Assembly_Animation, 视图层
05:07.587  render           | Engine: EEVEE
05:07.638  render           | Fra: 1045 | Rendering 1 / 32 samples
05:07.798  render           | Fra: 1045 | Rendering 25 / 32 samples
05:07.843  render           | Fra: 1045 | Rendering 32 / 32 samples
05:07.853  render           | Video append frame 1045
05:07.853  render           | Time: 00:00.26 (Saving: 00:00.00)
05:07.853  render           | Rendering frame 1046
05:07.853  render           | Start rendering: MORI_Assembly_Animation, 视图层
05:07.853  render           | Engine: EEVEE
05:07.897  render           | Fra: 1046 | Rendering 1 / 32 samples
05:08.054  render           | Fra: 1046 | Rendering 25 / 32 samples
05:08.099  render           | Fra: 1046 | Rendering 32 / 32 samples
05:08.108  render           | Video append frame 1046
05:08.108  render           | Time: 00:00.25 (Saving: 00:00.00)
05:08.108  render           | Rendering frame 1047
05:08.108  render           | Start rendering: MORI_Assembly_Animation, 视图层
05:08.108  render           | Engine: EEVEE
05:08.146  render           | Fra: 1047 | Rendering 1 / 32 samples
05:08.301  render           | Fra: 1047 | Rendering 25 / 32 samples
05:08.346  render           | Fra: 1047 | Rendering 32 / 32 samples
05:08.356  render           | Video append frame 1047
05:08.356  render           | Time: 00:00.24 (Saving: 00:00.00)
05:08.356  render           | Rendering frame 1048
05:08.356  render           | Start rendering: MORI_Assembly_Animation, 视图层
05:08.356  render           | Engine: EEVEE
05:08.398  render           | Fra: 1048 | Rendering 1 / 32 samples
05:08.554  render           | Fra: 1048 | Rendering 25 / 32 samples
05:08.600  render           | Fra: 1048 | Rendering 32 / 32 samples
05:08.610  render           | Video append frame 1048
05:08.610  render           | Time: 00:00.25 (Saving: 00:00.00)
05:08.610  render           | Rendering frame 1049
05:08.611  render           | Start rendering: MORI_Assembly_Animation, 视图层
05:08.611  render           | Engine: EEVEE
05:08.652  render           | Fra: 1049 | Rendering 1 / 32 samples
05:08.809  render           | Fra: 1049 | Rendering 25 / 32 samples
05:08.855  render           | Fra: 1049 | Rendering 32 / 32 samples
05:08.867  render           | Video append frame 1049
05:08.867  render           | Time: 00:00.25 (Saving: 00:00.00)
05:08.867  render           | Rendering frame 1050
05:08.867  render           | Start rendering: MORI_Assembly_Animation, 视图层
05:08.867  render           | Engine: EEVEE
05:08.910  render           | Fra: 1050 | Rendering 1 / 32 samples
05:09.066  render           | Fra: 1050 | Rendering 25 / 32 samples
05:09.111  render           | Fra: 1050 | Rendering 32 / 32 samples
05:09.123  render           | Video append frame 1050
05:09.123  render           | Time: 00:00.25 (Saving: 00:00.00)
05:09.123  render           | Rendering frame 1051
05:09.123  render           | Start rendering: MORI_Assembly_Animation, 视图层
05:09.123  render           | Engine: EEVEE
05:09.164  render           | Fra: 1051 | Rendering 1 / 32 samples
05:09.321  render           | Fra: 1051 | Rendering 25 / 32 samples
05:09.366  render           | Fra: 1051 | Rendering 32 / 32 samples
05:09.376  render           | Video append frame 1051
05:09.376  render           | Time: 00:00.25 (Saving: 00:00.00)
05:09.376  render           | Rendering frame 1052
05:09.376  render           | Start rendering: MORI_Assembly_Animation, 视图层
05:09.376  render           | Engine: EEVEE
05:09.418  render           | Fra: 1052 | Rendering 1 / 32 samples
05:09.576  render           | Fra: 1052 | Rendering 25 / 32 samples
05:09.623  render           | Fra: 1052 | Rendering 32 / 32 samples
05:09.636  render           | Video append frame 1052
05:09.636  render           | Time: 00:00.25 (Saving: 00:00.00)
05:09.636  render           | Rendering frame 1053
05:09.636  render           | Start rendering: MORI_Assembly_Animation, 视图层
05:09.636  render           | Engine: EEVEE
05:09.684  render           | Fra: 1053 | Rendering 1 / 32 samples
05:09.844  render           | Fra: 1053 | Rendering 25 / 32 samples
05:09.890  render           | Fra: 1053 | Rendering 32 / 32 samples
05:09.914  render           | Video append frame 1053
05:09.914  render           | Time: 00:00.27 (Saving: 00:00.01)
05:09.914  render           | Rendering frame 1054
05:09.914  render           | Start rendering: MORI_Assembly_Animation, 视图层
05:09.914  render           | Engine: EEVEE
05:09.971  render           | Fra: 1054 | Rendering 1 / 32 samples
05:10.133  render           | Fra: 1054 | Rendering 25 / 32 samples
05:10.181  render           | Fra: 1054 | Rendering 32 / 32 samples
05:10.214  render           | Video append frame 1054
05:10.214  render           | Time: 00:00.30 (Saving: 00:00.02)
05:10.214  render           | Rendering frame 1055
05:10.214  render           | Start rendering: MORI_Assembly_Animation, 视图层
05:10.214  render           | Engine: EEVEE
05:10.279  render           | Fra: 1055 | Rendering 1 / 32 samples
05:10.446  render           | Fra: 1055 | Rendering 25 / 32 samples
05:10.494  render           | Fra: 1055 | Rendering 32 / 32 samples
05:10.532  render           | Video append frame 1055
05:10.532  render           | Time: 00:00.31 (Saving: 00:00.02)
05:10.532  render           | Rendering frame 1056
05:10.532  render           | Start rendering: MORI_Assembly_Animation, 视图层
05:10.532  render           | Engine: EEVEE
05:10.607  render           | Fra: 1056 | Rendering 1 / 32 samples
05:10.772  render           | Fra: 1056 | Rendering 25 / 32 samples
05:10.820  render           | Fra: 1056 | Rendering 32 / 32 samples
05:10.853  render           | Video append frame 1056
05:10.853  render           | Time: 00:00.32 (Saving: 00:00.02)
05:10.853  render           | Rendering frame 1057
05:10.853  render           | Start rendering: MORI_Assembly_Animation, 视图层
05:10.853  render           | Engine: EEVEE
05:10.914  render           | Fra: 1057 | Rendering 1 / 32 samples
05:11.079  render           | Fra: 1057 | Rendering 25 / 32 samples
05:11.127  render           | Fra: 1057 | Rendering 32 / 32 samples
05:11.150  render           | Video append frame 1057
05:11.150  render           | Time: 00:00.29 (Saving: 00:00.01)
05:11.150  render           | Rendering frame 1058
05:11.150  render           | Start rendering: MORI_Assembly_Animation, 视图层
05:11.150  render           | Engine: EEVEE
05:11.208  render           | Fra: 1058 | Rendering 1 / 32 samples
05:11.372  render           | Fra: 1058 | Rendering 25 / 32 samples
05:11.420  render           | Fra: 1058 | Rendering 32 / 32 samples
05:11.444  render           | Video append frame 1058
05:11.445  render           | Time: 00:00.29 (Saving: 00:00.02)
05:11.445  render           | Rendering frame 1059
05:11.445  render           | Start rendering: MORI_Assembly_Animation, 视图层
05:11.445  render           | Engine: EEVEE
05:11.502  render           | Fra: 1059 | Rendering 1 / 32 samples
05:11.664  render           | Fra: 1059 | Rendering 25 / 32 samples
05:11.710  render           | Fra: 1059 | Rendering 32 / 32 samples
05:11.730  render           | Video append frame 1059
05:11.730  render           | Time: 00:00.28 (Saving: 00:00.01)
05:11.730  render           | Rendering frame 1060
05:11.730  render           | Start rendering: MORI_Assembly_Animation, 视图层
05:11.730  render           | Engine: EEVEE
05:11.789  render           | Fra: 1060 | Rendering 1 / 32 samples
05:11.956  render           | Fra: 1060 | Rendering 25 / 32 samples
05:12.003  render           | Fra: 1060 | Rendering 32 / 32 samples
05:12.036  render           | Video append frame 1060
05:12.036  render           | Time: 00:00.30 (Saving: 00:00.02)
05:12.036  render           | Rendering frame 1061
05:12.036  render           | Start rendering: MORI_Assembly_Animation, 视图层
05:12.036  render           | Engine: EEVEE
05:12.091  render           | Fra: 1061 | Rendering 1 / 32 samples
05:12.253  render           | Fra: 1061 | Rendering 25 / 32 samples
05:12.300  render           | Fra: 1061 | Rendering 32 / 32 samples
05:12.329  render           | Video append frame 1061
05:12.329  render           | Time: 00:00.29 (Saving: 00:00.02)
05:12.329  render           | Rendering frame 1062
05:12.329  render           | Start rendering: MORI_Assembly_Animation, 视图层
05:12.329  render           | Engine: EEVEE
05:12.382  render           | Fra: 1062 | Rendering 1 / 32 samples
05:12.544  render           | Fra: 1062 | Rendering 25 / 32 samples
05:12.591  render           | Fra: 1062 | Rendering 32 / 32 samples
05:12.604  render           | Video append frame 1062
05:12.604  render           | Time: 00:00.27 (Saving: 00:00.00)
05:12.604  render           | Rendering frame 1063
05:12.604  render           | Start rendering: MORI_Assembly_Animation, 视图层
05:12.604  render           | Engine: EEVEE
05:12.660  render           | Fra: 1063 | Rendering 1 / 32 samples
05:12.822  render           | Fra: 1063 | Rendering 25 / 32 samples
05:12.868  render           | Fra: 1063 | Rendering 32 / 32 samples
05:12.880  render           | Video append frame 1063
05:12.880  render           | Time: 00:00.27 (Saving: 00:00.00)
05:12.880  render           | Rendering frame 1064
05:12.880  render           | Start rendering: MORI_Assembly_Animation, 视图层
05:12.880  render           | Engine: EEVEE
05:12.929  render           | Fra: 1064 | Rendering 1 / 32 samples
05:13.091  render           | Fra: 1064 | Rendering 25 / 32 samples
05:13.138  render           | Fra: 1064 | Rendering 32 / 32 samples
05:13.154  render           | Video append frame 1064
05:13.154  render           | Time: 00:00.27 (Saving: 00:00.00)
05:13.154  render           | Rendering frame 1065
05:13.155  render           | Start rendering: MORI_Assembly_Animation, 视图层
05:13.155  render           | Engine: EEVEE
05:13.199  render           | Fra: 1065 | Rendering 1 / 32 samples
05:13.359  render           | Fra: 1065 | Rendering 25 / 32 samples
05:13.405  render           | Fra: 1065 | Rendering 32 / 32 samples
05:13.416  render           | Video append frame 1065
05:13.416  render           | Time: 00:00.26 (Saving: 00:00.00)
05:13.416  render           | Rendering frame 1066
05:13.416  render           | Start rendering: MORI_Assembly_Animation, 视图层
05:13.416  render           | Engine: EEVEE
05:13.463  render           | Fra: 1066 | Rendering 1 / 32 samples
05:13.622  render           | Fra: 1066 | Rendering 25 / 32 samples
05:13.668  render           | Fra: 1066 | Rendering 32 / 32 samples
05:13.678  render           | Video append frame 1066
05:13.678  render           | Time: 00:00.26 (Saving: 00:00.00)
05:13.678  render           | Rendering frame 1067
05:13.678  render           | Start rendering: MORI_Assembly_Animation, 视图层
05:13.678  render           | Engine: EEVEE
05:13.723  render           | Fra: 1067 | Rendering 1 / 32 samples
05:13.885  render           | Fra: 1067 | Rendering 25 / 32 samples
05:13.931  render           | Fra: 1067 | Rendering 32 / 32 samples
05:13.941  render           | Video append frame 1067
05:13.941  render           | Time: 00:00.26 (Saving: 00:00.00)
05:13.941  render           | Rendering frame 1068
05:13.941  render           | Start rendering: MORI_Assembly_Animation, 视图层
05:13.941  render           | Engine: EEVEE
05:13.988  render           | Fra: 1068 | Rendering 1 / 32 samples
05:14.172  render           | Fra: 1068 | Rendering 25 / 32 samples
05:14.218  render           | Fra: 1068 | Rendering 32 / 32 samples
05:14.228  render           | Video append frame 1068
05:14.228  render           | Time: 00:00.28 (Saving: 00:00.00)
05:14.228  render           | Rendering frame 1069
05:14.228  render           | Start rendering: MORI_Assembly_Animation, 视图层
05:14.228  render           | Engine: EEVEE
05:14.276  render           | Fra: 1069 | Rendering 1 / 32 samples
05:14.436  render           | Fra: 1069 | Rendering 25 / 32 samples
05:14.483  render           | Fra: 1069 | Rendering 32 / 32 samples
05:14.496  render           | Video append frame 1069
05:14.496  render           | Time: 00:00.26 (Saving: 00:00.00)
05:14.496  render           | Rendering frame 1070
05:14.497  render           | Start rendering: MORI_Assembly_Animation, 视图层
05:14.497  render           | Engine: EEVEE
05:14.549  render           | Fra: 1070 | Rendering 1 / 32 samples
05:14.710  render           | Fra: 1070 | Rendering 25 / 32 samples
05:14.757  render           | Fra: 1070 | Rendering 32 / 32 samples
05:14.767  render           | Video append frame 1070
05:14.767  render           | Time: 00:00.27 (Saving: 00:00.00)
05:14.767  render           | Rendering frame 1071
05:14.768  render           | Start rendering: MORI_Assembly_Animation, 视图层
05:14.768  render           | Engine: EEVEE
05:14.814  render           | Fra: 1071 | Rendering 1 / 32 samples
05:14.972  render           | Fra: 1071 | Rendering 25 / 32 samples
05:15.017  render           | Fra: 1071 | Rendering 32 / 32 samples
05:15.027  render           | Video append frame 1071
05:15.027  render           | Time: 00:00.25 (Saving: 00:00.00)
05:15.027  render           | Rendering frame 1072
05:15.027  render           | Start rendering: MORI_Assembly_Animation, 视图层
05:15.027  render           | Engine: EEVEE
05:15.066  render           | Fra: 1072 | Rendering 1 / 32 samples
05:15.223  render           | Fra: 1072 | Rendering 25 / 32 samples
05:15.268  render           | Fra: 1072 | Rendering 32 / 32 samples
05:15.279  render           | Video append frame 1072
05:15.279  render           | Time: 00:00.25 (Saving: 00:00.00)
05:15.279  render           | Rendering frame 1073
05:15.279  render           | Start rendering: MORI_Assembly_Animation, 视图层
05:15.279  render           | Engine: EEVEE
05:15.322  render           | Fra: 1073 | Rendering 1 / 32 samples
05:15.479  render           | Fra: 1073 | Rendering 25 / 32 samples
05:15.524  render           | Fra: 1073 | Rendering 32 / 32 samples
05:15.534  render           | Video append frame 1073
05:15.534  render           | Time: 00:00.25 (Saving: 00:00.00)
05:15.534  render           | Rendering frame 1074
05:15.534  render           | Start rendering: MORI_Assembly_Animation, 视图层
05:15.534  render           | Engine: EEVEE
05:15.579  render           | Fra: 1074 | Rendering 1 / 32 samples
05:15.734  render           | Fra: 1074 | Rendering 25 / 32 samples
05:15.779  render           | Fra: 1074 | Rendering 32 / 32 samples
05:15.789  render           | Video append frame 1074
05:15.789  render           | Time: 00:00.25 (Saving: 00:00.00)
05:15.789  render           | Rendering frame 1075
05:15.789  render           | Start rendering: MORI_Assembly_Animation, 视图层
05:15.789  render           | Engine: EEVEE
05:15.833  render           | Fra: 1075 | Rendering 1 / 32 samples
05:15.989  render           | Fra: 1075 | Rendering 25 / 32 samples
05:16.034  render           | Fra: 1075 | Rendering 32 / 32 samples
05:16.045  render           | Video append frame 1075
05:16.045  render           | Time: 00:00.25 (Saving: 00:00.00)
05:16.045  render           | Rendering frame 1076
05:16.045  render           | Start rendering: MORI_Assembly_Animation, 视图层
05:16.045  render           | Engine: EEVEE
05:16.084  render           | Fra: 1076 | Rendering 1 / 32 samples
05:16.240  render           | Fra: 1076 | Rendering 25 / 32 samples
05:16.285  render           | Fra: 1076 | Rendering 32 / 32 samples
05:16.295  render           | Video append frame 1076
05:16.295  render           | Time: 00:00.24 (Saving: 00:00.00)
05:16.295  render           | Rendering frame 1077
05:16.295  render           | Start rendering: MORI_Assembly_Animation, 视图层
05:16.295  render           | Engine: EEVEE
05:16.334  render           | Fra: 1077 | Rendering 1 / 32 samples
05:16.491  render           | Fra: 1077 | Rendering 25 / 32 samples
05:16.536  render           | Fra: 1077 | Rendering 32 / 32 samples
05:16.555  render           | Video append frame 1077
05:16.555  render           | Time: 00:00.26 (Saving: 00:00.01)
05:16.555  render           | Rendering frame 1078
05:16.555  render           | Start rendering: MORI_Assembly_Animation, 视图层
05:16.555  render           | Engine: EEVEE
05:16.597  render           | Fra: 1078 | Rendering 1 / 32 samples
05:16.757  render           | Fra: 1078 | Rendering 25 / 32 samples
05:16.803  render           | Fra: 1078 | Rendering 32 / 32 samples
05:16.828  render           | Video append frame 1078
05:16.828  render           | Time: 00:00.27 (Saving: 00:00.02)
05:16.828  render           | Rendering frame 1079
05:16.828  render           | Start rendering: MORI_Assembly_Animation, 视图层
05:16.828  render           | Engine: EEVEE
05:16.881  render           | Fra: 1079 | Rendering 1 / 32 samples
05:17.045  render           | Fra: 1079 | Rendering 25 / 32 samples
05:17.092  render           | Fra: 1079 | Rendering 32 / 32 samples
05:17.128  render           | Video append frame 1079
05:17.128  render           | Time: 00:00.29 (Saving: 00:00.03)
05:17.128  render           | Rendering frame 1080
05:17.128  render           | Start rendering: MORI_Assembly_Animation, 视图层
05:17.128  render           | Engine: EEVEE
05:17.191  render           | Fra: 1080 | Rendering 1 / 32 samples
05:17.355  render           | Fra: 1080 | Rendering 25 / 32 samples
05:17.403  render           | Fra: 1080 | Rendering 32 / 32 samples
05:17.438  render           | Video append frame 1080
05:17.438  render           | Time: 00:00.31 (Saving: 00:00.02)
05:17.438  render           | Rendering frame 1081
05:17.438  render           | Start rendering: MORI_Assembly_Animation, 视图层
05:17.438  render           | Engine: EEVEE
05:17.502  render           | Fra: 1081 | Rendering 1 / 32 samples
05:17.667  render           | Fra: 1081 | Rendering 25 / 32 samples
05:17.715  render           | Fra: 1081 | Rendering 32 / 32 samples
05:17.733  render           | Video append frame 1081
05:17.733  render           | Time: 00:00.29 (Saving: 00:00.01)
05:17.733  render           | Rendering frame 1082
05:17.733  render           | Start rendering: MORI_Assembly_Animation, 视图层
05:17.733  render           | Engine: EEVEE
05:17.797  render           | Fra: 1082 | Rendering 1 / 32 samples
05:17.963  render           | Fra: 1082 | Rendering 25 / 32 samples
05:18.011  render           | Fra: 1082 | Rendering 32 / 32 samples
05:18.049  render           | Video append frame 1082
05:18.049  render           | Time: 00:00.31 (Saving: 00:00.03)
05:18.049  render           | Rendering frame 1083
05:18.049  render           | Start rendering: MORI_Assembly_Animation, 视图层
05:18.049  render           | Engine: EEVEE
05:18.107  render           | Fra: 1083 | Rendering 1 / 32 samples
05:18.274  render           | Fra: 1083 | Rendering 25 / 32 samples
05:18.322  render           | Fra: 1083 | Rendering 32 / 32 samples
05:18.350  render           | Video append frame 1083
05:18.351  render           | Time: 00:00.30 (Saving: 00:00.02)
05:18.351  render           | Rendering frame 1084
05:18.351  render           | Start rendering: MORI_Assembly_Animation, 视图层
05:18.351  render           | Engine: EEVEE
05:18.404  render           | Fra: 1084 | Rendering 1 / 32 samples
05:18.567  render           | Fra: 1084 | Rendering 25 / 32 samples
05:18.615  render           | Fra: 1084 | Rendering 32 / 32 samples
05:18.638  render           | Video append frame 1084
05:18.638  render           | Time: 00:00.28 (Saving: 00:00.01)
05:18.638  render           | Rendering frame 1085
05:18.638  render           | Start rendering: MORI_Assembly_Animation, 视图层
05:18.638  render           | Engine: EEVEE
05:18.699  render           | Fra: 1085 | Rendering 1 / 32 samples
05:18.866  render           | Fra: 1085 | Rendering 25 / 32 samples
05:18.915  render           | Fra: 1085 | Rendering 32 / 32 samples
05:18.935  render           | Video append frame 1085
05:18.935  render           | Time: 00:00.29 (Saving: 00:00.01)
05:18.935  render           | Rendering frame 1086
05:18.935  render           | Start rendering: MORI_Assembly_Animation, 视图层
05:18.935  render           | Engine: EEVEE
05:18.991  render           | Fra: 1086 | Rendering 1 / 32 samples
05:19.153  render           | Fra: 1086 | Rendering 25 / 32 samples
05:19.200  render           | Fra: 1086 | Rendering 32 / 32 samples
05:19.230  render           | Video append frame 1086
05:19.231  render           | Time: 00:00.29 (Saving: 00:00.02)
05:19.231  render           | Rendering frame 1087
05:19.231  render           | Start rendering: MORI_Assembly_Animation, 视图层
05:19.231  render           | Engine: EEVEE
05:19.286  render           | Fra: 1087 | Rendering 1 / 32 samples
05:19.448  render           | Fra: 1087 | Rendering 25 / 32 samples
05:19.495  render           | Fra: 1087 | Rendering 32 / 32 samples
05:19.508  render           | Video append frame 1087
05:19.508  render           | Time: 00:00.27 (Saving: 00:00.00)
05:19.508  render           | Rendering frame 1088
05:19.508  render           | Start rendering: MORI_Assembly_Animation, 视图层
05:19.508  render           | Engine: EEVEE
05:19.563  render           | Fra: 1088 | Rendering 1 / 32 samples
05:19.734  render           | Fra: 1088 | Rendering 25 / 32 samples
05:19.780  render           | Fra: 1088 | Rendering 32 / 32 samples
05:19.792  render           | Video append frame 1088
05:19.792  render           | Time: 00:00.28 (Saving: 00:00.00)
05:19.792  render           | Rendering frame 1089
05:19.792  render           | Start rendering: MORI_Assembly_Animation, 视图层
05:19.792  render           | Engine: EEVEE
05:19.840  render           | Fra: 1089 | Rendering 1 / 32 samples
05:20.002  render           | Fra: 1089 | Rendering 25 / 32 samples
05:20.049  render           | Fra: 1089 | Rendering 32 / 32 samples
05:20.059  render           | Video append frame 1089
05:20.059  render           | Time: 00:00.26 (Saving: 00:00.00)
05:20.059  render           | Rendering frame 1090
05:20.059  render           | Start rendering: MORI_Assembly_Animation, 视图层
05:20.059  render           | Engine: EEVEE
05:20.103  render           | Fra: 1090 | Rendering 1 / 32 samples
05:20.264  render           | Fra: 1090 | Rendering 25 / 32 samples
05:20.310  render           | Fra: 1090 | Rendering 32 / 32 samples
05:20.321  render           | Video append frame 1090
05:20.321  render           | Time: 00:00.26 (Saving: 00:00.00)
05:20.321  render           | Rendering frame 1091
05:20.321  render           | Start rendering: MORI_Assembly_Animation, 视图层
05:20.321  render           | Engine: EEVEE
05:20.365  render           | Fra: 1091 | Rendering 1 / 32 samples
05:20.525  render           | Fra: 1091 | Rendering 25 / 32 samples
05:20.571  render           | Fra: 1091 | Rendering 32 / 32 samples
05:20.582  render           | Video append frame 1091
05:20.582  render           | Time: 00:00.26 (Saving: 00:00.00)
05:20.582  render           | Rendering frame 1092
05:20.582  render           | Start rendering: MORI_Assembly_Animation, 视图层
05:20.582  render           | Engine: EEVEE
05:20.625  render           | Fra: 1092 | Rendering 1 / 32 samples
05:20.786  render           | Fra: 1092 | Rendering 25 / 32 samples
05:20.832  render           | Fra: 1092 | Rendering 32 / 32 samples
05:20.844  render           | Video append frame 1092
05:20.844  render           | Time: 00:00.26 (Saving: 00:00.00)
05:20.844  render           | Rendering frame 1093
05:20.844  render           | Start rendering: MORI_Assembly_Animation, 视图层
05:20.844  render           | Engine: EEVEE
05:20.890  render           | Fra: 1093 | Rendering 1 / 32 samples
05:21.059  render           | Fra: 1093 | Rendering 25 / 32 samples
05:21.106  render           | Fra: 1093 | Rendering 32 / 32 samples
05:21.117  render           | Video append frame 1093
05:21.117  render           | Time: 00:00.27 (Saving: 00:00.00)
05:21.117  render           | Rendering frame 1094
05:21.117  render           | Start rendering: MORI_Assembly_Animation, 视图层
05:21.117  render           | Engine: EEVEE
05:21.160  render           | Fra: 1094 | Rendering 1 / 32 samples
05:21.320  render           | Fra: 1094 | Rendering 25 / 32 samples
05:21.367  render           | Fra: 1094 | Rendering 32 / 32 samples
05:21.384  render           | Video append frame 1094
05:21.385  render           | Time: 00:00.26 (Saving: 00:00.01)
05:21.385  render           | Rendering frame 1095
05:21.385  render           | Start rendering: MORI_Assembly_Animation, 视图层
05:21.385  render           | Engine: EEVEE
05:21.431  render           | Fra: 1095 | Rendering 1 / 32 samples
05:21.592  render           | Fra: 1095 | Rendering 25 / 32 samples
05:21.639  render           | Fra: 1095 | Rendering 32 / 32 samples
05:21.651  render           | Video append frame 1095
05:21.651  render           | Time: 00:00.26 (Saving: 00:00.00)
05:21.651  render           | Rendering frame 1096
05:21.651  render           | Start rendering: MORI_Assembly_Animation, 视图层
05:21.651  render           | Engine: EEVEE
05:21.702  render           | Fra: 1096 | Rendering 1 / 32 samples
05:21.859  render           | Fra: 1096 | Rendering 25 / 32 samples
05:21.904  render           | Fra: 1096 | Rendering 32 / 32 samples
05:21.913  render           | Video append frame 1096
05:21.913  render           | Time: 00:00.26 (Saving: 00:00.00)
05:21.913  render           | Rendering frame 1097
05:21.913  render           | Start rendering: MORI_Assembly_Animation, 视图层
05:21.913  render           | Engine: EEVEE
05:21.958  render           | Fra: 1097 | Rendering 1 / 32 samples
05:22.113  render           | Fra: 1097 | Rendering 25 / 32 samples
05:22.157  render           | Fra: 1097 | Rendering 32 / 32 samples
05:22.167  render           | Video append frame 1097
05:22.167  render           | Time: 00:00.25 (Saving: 00:00.00)
05:22.167  render           | Rendering frame 1098
05:22.167  render           | Start rendering: MORI_Assembly_Animation, 视图层
05:22.167  render           | Engine: EEVEE
05:22.205  render           | Fra: 1098 | Rendering 1 / 32 samples
05:22.360  render           | Fra: 1098 | Rendering 25 / 32 samples
05:22.405  render           | Fra: 1098 | Rendering 32 / 32 samples
05:22.414  render           | Video append frame 1098
05:22.414  render           | Time: 00:00.24 (Saving: 00:00.00)
05:22.414  render           | Rendering frame 1099
05:22.415  render           | Start rendering: MORI_Assembly_Animation, 视图层
05:22.415  render           | Engine: EEVEE
05:22.500  render           | Fra: 1099 | Rendering 1 / 32 samples
05:22.904  render           | Fra: 1099 | Rendering 25 / 32 samples
05:23.004  render           | Fra: 1099 | Rendering 32 / 32 samples
05:23.015  render           | Video append frame 1099
05:23.015  render           | Time: 00:00.60 (Saving: 00:00.00)
05:23.015  render           | Rendering frame 1100
05:23.015  render           | Start rendering: MORI_Assembly_Animation, 视图层
05:23.015  render           | Engine: EEVEE
05:23.071  render           | Fra: 1100 | Rendering 1 / 32 samples
05:23.429  render           | Fra: 1100 | Rendering 25 / 32 samples
05:23.541  render           | Fra: 1100 | Rendering 32 / 32 samples
05:23.562  render           | Video append frame 1100
05:23.562  render           | Time: 00:00.54 (Saving: 00:00.01)
05:23.562  render           | Rendering frame 1101
05:23.562  render           | Start rendering: MORI_Assembly_Animation, 视图层
05:23.562  render           | Engine: EEVEE
05:23.633  render           | Fra: 1101 | Rendering 1 / 32 samples
05:24.062  render           | Fra: 1101 | Rendering 25 / 32 samples
05:24.188  render           | Fra: 1101 | Rendering 32 / 32 samples
05:24.221  render           | Video append frame 1101
05:24.221  render           | Time: 00:00.65 (Saving: 00:00.01)
05:24.221  render           | Rendering frame 1102
05:24.221  render           | Start rendering: MORI_Assembly_Animation, 视图层
05:24.221  render           | Engine: EEVEE
05:24.326  render           | Fra: 1102 | Rendering 1 / 32 samples
05:24.706  render           | Fra: 1102 | Rendering 25 / 32 samples
05:24.820  render           | Fra: 1102 | Rendering 32 / 32 samples
05:24.866  render           | Video append frame 1102
05:24.866  render           | Time: 00:00.64 (Saving: 00:00.03)
05:24.866  render           | Rendering frame 1103
05:24.866  render           | Start rendering: MORI_Assembly_Animation, 视图层
05:24.866  render           | Engine: EEVEE
05:24.962  render           | Fra: 1103 | Rendering 1 / 32 samples
05:25.343  render           | Fra: 1103 | Rendering 25 / 32 samples
05:25.457  render           | Fra: 1103 | Rendering 32 / 32 samples
05:25.494  render           | Video append frame 1103
05:25.494  render           | Time: 00:00.62 (Saving: 00:00.02)
05:25.494  render           | Rendering frame 1104
05:25.494  render           | Start rendering: MORI_Assembly_Animation, 视图层
05:25.494  render           | Engine: EEVEE
05:25.588  render           | Fra: 1104 | Rendering 1 / 32 samples
05:25.975  render           | Fra: 1104 | Rendering 25 / 32 samples
05:26.084  render           | Fra: 1104 | Rendering 32 / 32 samples
05:26.161  render           | Video append frame 1104
05:26.161  render           | Time: 00:00.66 (Saving: 00:00.06)
05:26.161  render           | Rendering frame 1105
05:26.162  render           | Start rendering: MORI_Assembly_Animation, 视图层
05:26.162  render           | Engine: EEVEE
05:26.240  render           | Fra: 1105 | Rendering 1 / 32 samples
05:26.623  render           | Fra: 1105 | Rendering 25 / 32 samples
05:26.739  render           | Fra: 1105 | Rendering 32 / 32 samples
05:26.768  render           | Video append frame 1105
05:26.768  render           | Time: 00:00.60 (Saving: 00:00.02)
05:26.768  render           | Rendering frame 1106
05:26.769  render           | Start rendering: MORI_Assembly_Animation, 视图层
05:26.769  render           | Engine: EEVEE
05:26.849  render           | Fra: 1106 | Rendering 1 / 32 samples
05:27.231  render           | Fra: 1106 | Rendering 25 / 32 samples
05:27.341  render           | Fra: 1106 | Rendering 32 / 32 samples
05:27.376  render           | Video append frame 1106
05:27.377  render           | Time: 00:00.60 (Saving: 00:00.03)
05:27.378  render           | Rendering frame 1107
05:27.379  render           | Start rendering: MORI_Assembly_Animation, 视图层
05:27.379  render           | Engine: EEVEE
05:27.460  render           | Fra: 1107 | Rendering 1 / 32 samples
05:27.848  render           | Fra: 1107 | Rendering 25 / 32 samples
05:27.964  render           | Fra: 1107 | Rendering 32 / 32 samples
05:27.982  render           | Video append frame 1107
05:27.982  render           | Time: 00:00.60 (Saving: 00:00.01)
05:27.982  render           | Rendering frame 1108
05:27.983  render           | Start rendering: MORI_Assembly_Animation, 视图层
05:27.983  render           | Engine: EEVEE
05:28.063  render           | Fra: 1108 | Rendering 1 / 32 samples
05:28.445  render           | Fra: 1108 | Rendering 25 / 32 samples
05:28.562  render           | Fra: 1108 | Rendering 32 / 32 samples
05:28.590  render           | Video append frame 1108
05:28.590  render           | Time: 00:00.60 (Saving: 00:00.02)
05:28.590  render           | Rendering frame 1109
05:28.591  render           | Start rendering: MORI_Assembly_Animation, 视图层
05:28.591  render           | Engine: EEVEE
05:28.675  render           | Fra: 1109 | Rendering 1 / 32 samples
05:29.064  render           | Fra: 1109 | Rendering 25 / 32 samples
05:29.181  render           | Fra: 1109 | Rendering 32 / 32 samples
05:29.201  render           | Video append frame 1109
05:29.201  render           | Time: 00:00.61 (Saving: 00:00.01)
05:29.201  render           | Rendering frame 1110
05:29.201  render           | Start rendering: MORI_Assembly_Animation, 视图层
05:29.201  render           | Engine: EEVEE
05:29.280  render           | Fra: 1110 | Rendering 1 / 32 samples
05:29.660  render           | Fra: 1110 | Rendering 25 / 32 samples
05:29.775  render           | Fra: 1110 | Rendering 32 / 32 samples
05:29.792  render           | Video append frame 1110
05:29.792  render           | Time: 00:00.59 (Saving: 00:00.01)
05:29.792  render           | Rendering frame 1111
05:29.792  render           | Start rendering: MORI_Assembly_Animation, 视图层
05:29.792  render           | Engine: EEVEE
05:29.872  render           | Fra: 1111 | Rendering 1 / 32 samples
05:30.246  render           | Fra: 1111 | Rendering 25 / 32 samples
05:30.363  render           | Fra: 1111 | Rendering 32 / 32 samples
05:30.392  render           | Video append frame 1111
05:30.392  render           | Time: 00:00.60 (Saving: 00:00.02)
05:30.392  render           | Rendering frame 1112
05:30.393  render           | Start rendering: MORI_Assembly_Animation, 视图层
05:30.393  render           | Engine: EEVEE
05:30.474  render           | Fra: 1112 | Rendering 1 / 32 samples
05:30.862  render           | Fra: 1112 | Rendering 25 / 32 samples
05:30.974  render           | Fra: 1112 | Rendering 32 / 32 samples
05:30.999  render           | Video append frame 1112
05:30.999  render           | Time: 00:00.60 (Saving: 00:00.01)
05:30.999  render           | Rendering frame 1113
05:30.999  render           | Start rendering: MORI_Assembly_Animation, 视图层
05:30.999  render           | Engine: EEVEE
05:31.075  render           | Fra: 1113 | Rendering 1 / 32 samples
05:31.467  render           | Fra: 1113 | Rendering 25 / 32 samples
05:31.583  render           | Fra: 1113 | Rendering 32 / 32 samples
05:31.610  render           | Video append frame 1113
05:31.610  render           | Time: 00:00.61 (Saving: 00:00.01)
05:31.610  render           | Rendering frame 1114
05:31.610  render           | Start rendering: MORI_Assembly_Animation, 视图层
05:31.610  render           | Engine: EEVEE
05:31.695  render           | Fra: 1114 | Rendering 1 / 32 samples
05:32.082  render           | Fra: 1114 | Rendering 25 / 32 samples
05:32.196  render           | Fra: 1114 | Rendering 32 / 32 samples
05:32.217  render           | Video append frame 1114
05:32.217  render           | Time: 00:00.60 (Saving: 00:00.01)
05:32.217  render           | Rendering frame 1115
05:32.217  render           | Start rendering: MORI_Assembly_Animation, 视图层
05:32.217  render           | Engine: EEVEE
05:32.293  render           | Fra: 1115 | Rendering 1 / 32 samples
05:32.670  render           | Fra: 1115 | Rendering 25 / 32 samples
05:32.789  render           | Fra: 1115 | Rendering 32 / 32 samples
05:32.813  render           | Video append frame 1115
05:32.813  render           | Time: 00:00.59 (Saving: 00:00.01)
05:32.813  render           | Rendering frame 1116
05:32.813  render           | Start rendering: MORI_Assembly_Animation, 视图层
05:32.813  render           | Engine: EEVEE
05:32.896  render           | Fra: 1116 | Rendering 1 / 32 samples
05:33.275  render           | Fra: 1116 | Rendering 25 / 32 samples
05:33.390  render           | Fra: 1116 | Rendering 32 / 32 samples
05:33.412  render           | Video append frame 1116
05:33.412  render           | Time: 00:00.59 (Saving: 00:00.01)
05:33.412  render           | Rendering frame 1117
05:33.412  render           | Start rendering: MORI_Assembly_Animation, 视图层
05:33.412  render           | Engine: EEVEE
05:33.500  render           | Fra: 1117 | Rendering 1 / 32 samples
05:33.865  render           | Fra: 1117 | Rendering 25 / 32 samples
05:33.979  render           | Fra: 1117 | Rendering 32 / 32 samples
05:33.994  render           | Video append frame 1117
05:33.994  render           | Time: 00:00.58 (Saving: 00:00.00)
05:33.994  render           | Rendering frame 1118
05:33.994  render           | Start rendering: MORI_Assembly_Animation, 视图层
05:33.994  render           | Engine: EEVEE
05:34.074  render           | Fra: 1118 | Rendering 1 / 32 samples
05:34.438  render           | Fra: 1118 | Rendering 25 / 32 samples
05:34.547  render           | Fra: 1118 | Rendering 32 / 32 samples
05:34.563  render           | Video append frame 1118
05:34.563  render           | Time: 00:00.56 (Saving: 00:00.01)
05:34.563  render           | Rendering frame 1119
05:34.563  render           | Start rendering: MORI_Assembly_Animation, 视图层
05:34.563  render           | Engine: EEVEE
05:34.636  render           | Fra: 1119 | Rendering 1 / 32 samples
05:34.997  render           | Fra: 1119 | Rendering 25 / 32 samples
05:35.108  render           | Fra: 1119 | Rendering 32 / 32 samples
05:35.122  render           | Video append frame 1119
05:35.122  render           | Time: 00:00.55 (Saving: 00:00.00)
05:35.122  render           | Rendering frame 1120
05:35.123  render           | Start rendering: MORI_Assembly_Animation, 视图层
05:35.123  render           | Engine: EEVEE
05:35.189  render           | Fra: 1120 | Rendering 1 / 32 samples
05:35.559  render           | Fra: 1120 | Rendering 25 / 32 samples
05:35.671  render           | Fra: 1120 | Rendering 32 / 32 samples
05:35.685  render           | Video append frame 1120
05:35.685  render           | Time: 00:00.56 (Saving: 00:00.00)
05:35.685  render           | Rendering frame 1121
05:35.685  render           | Start rendering: MORI_Assembly_Animation, 视图层
05:35.685  render           | Engine: EEVEE
05:35.754  render           | Fra: 1121 | Rendering 1 / 32 samples
05:36.132  render           | Fra: 1121 | Rendering 25 / 32 samples
05:36.243  render           | Fra: 1121 | Rendering 32 / 32 samples
05:36.257  render           | Video append frame 1121
05:36.257  render           | Time: 00:00.57 (Saving: 00:00.00)
05:36.257  render           | Rendering frame 1122
05:36.257  render           | Start rendering: MORI_Assembly_Animation, 视图层
05:36.257  render           | Engine: EEVEE
05:36.325  render           | Fra: 1122 | Rendering 1 / 32 samples
05:36.705  render           | Fra: 1122 | Rendering 25 / 32 samples
05:36.816  render           | Fra: 1122 | Rendering 32 / 32 samples
05:36.831  render           | Video append frame 1122
05:36.831  render           | Time: 00:00.57 (Saving: 00:00.00)
05:36.831  render           | Rendering frame 1123
05:36.831  render           | Start rendering: MORI_Assembly_Animation, 视图层
05:36.831  render           | Engine: EEVEE
05:36.906  render           | Fra: 1123 | Rendering 1 / 32 samples
05:37.298  render           | Fra: 1123 | Rendering 25 / 32 samples
05:37.416  render           | Fra: 1123 | Rendering 32 / 32 samples
05:37.469  render           | Video append frame 1123
05:37.469  render           | Time: 00:00.63 (Saving: 00:00.04)
05:37.469  render           | Rendering frame 1124
05:37.470  render           | Start rendering: MORI_Assembly_Animation, 视图层
05:37.470  render           | Engine: EEVEE
05:37.565  render           | Fra: 1124 | Rendering 1 / 32 samples
05:37.946  render           | Fra: 1124 | Rendering 25 / 32 samples
05:38.061  render           | Fra: 1124 | Rendering 32 / 32 samples
05:38.118  render           | Video append frame 1124
05:38.119  render           | Time: 00:00.64 (Saving: 00:00.04)
05:38.119  render           | Rendering frame 1125
05:38.119  render           | Start rendering: MORI_Assembly_Animation, 视图层
05:38.119  render           | Engine: EEVEE
05:38.217  render           | Fra: 1125 | Rendering 1 / 32 samples
05:38.595  render           | Fra: 1125 | Rendering 25 / 32 samples
05:38.706  render           | Fra: 1125 | Rendering 32 / 32 samples
05:38.745  render           | Video append frame 1125
05:38.745  render           | Time: 00:00.62 (Saving: 00:00.02)
05:38.745  render           | Rendering frame 1126
05:38.746  render           | Start rendering: MORI_Assembly_Animation, 视图层
05:38.746  render           | Engine: EEVEE
05:38.835  render           | Fra: 1126 | Rendering 1 / 32 samples
05:39.226  render           | Fra: 1126 | Rendering 25 / 32 samples
05:39.335  render           | Fra: 1126 | Rendering 32 / 32 samples
05:39.418  render           | Video append frame 1126
05:39.418  render           | Time: 00:00.67 (Saving: 00:00.06)
05:39.418  render           | Rendering frame 1127
05:39.418  render           | Start rendering: MORI_Assembly_Animation, 视图层
05:39.418  render           | Engine: EEVEE
05:39.503  render           | Fra: 1127 | Rendering 1 / 32 samples
05:39.886  render           | Fra: 1127 | Rendering 25 / 32 samples
05:39.997  render           | Fra: 1127 | Rendering 32 / 32 samples
05:40.034  render           | Video append frame 1127
05:40.034  render           | Time: 00:00.61 (Saving: 00:00.02)
05:40.034  render           | Rendering frame 1128
05:40.034  render           | Start rendering: MORI_Assembly_Animation, 视图层
05:40.034  render           | Engine: EEVEE
05:40.133  render           | Fra: 1128 | Rendering 1 / 32 samples
05:40.515  render           | Fra: 1128 | Rendering 25 / 32 samples
05:40.627  render           | Fra: 1128 | Rendering 32 / 32 samples
05:40.674  render           | Video append frame 1128
05:40.674  render           | Time: 00:00.63 (Saving: 00:00.03)
05:40.674  render           | Rendering frame 1129
05:40.674  render           | Start rendering: MORI_Assembly_Animation, 视图层
05:40.674  render           | Engine: EEVEE
05:40.770  render           | Fra: 1129 | Rendering 1 / 32 samples
05:41.156  render           | Fra: 1129 | Rendering 25 / 32 samples
05:41.266  render           | Fra: 1129 | Rendering 32 / 32 samples
05:41.318  render           | Video append frame 1129
05:41.318  render           | Time: 00:00.64 (Saving: 00:00.04)
05:41.318  render           | Rendering frame 1130
05:41.318  render           | Start rendering: MORI_Assembly_Animation, 视图层
05:41.318  render           | Engine: EEVEE
05:41.413  render           | Fra: 1130 | Rendering 1 / 32 samples
05:41.794  render           | Fra: 1130 | Rendering 25 / 32 samples
05:41.904  render           | Fra: 1130 | Rendering 32 / 32 samples
05:41.951  render           | Video append frame 1130
05:41.951  render           | Time: 00:00.63 (Saving: 00:00.03)
05:41.951  render           | Rendering frame 1131
05:41.952  render           | Start rendering: MORI_Assembly_Animation, 视图层
05:41.952  render           | Engine: EEVEE
05:42.048  render           | Fra: 1131 | Rendering 1 / 32 samples
05:42.430  render           | Fra: 1131 | Rendering 25 / 32 samples
05:42.539  render           | Fra: 1131 | Rendering 32 / 32 samples
05:42.594  render           | Video append frame 1131
05:42.594  render           | Time: 00:00.64 (Saving: 00:00.03)
05:42.594  render           | Rendering frame 1132
05:42.595  render           | Start rendering: MORI_Assembly_Animation, 视图层
05:42.595  render           | Engine: EEVEE
05:42.681  render           | Fra: 1132 | Rendering 1 / 32 samples
05:43.060  render           | Fra: 1132 | Rendering 25 / 32 samples
05:43.170  render           | Fra: 1132 | Rendering 32 / 32 samples
05:43.209  render           | Video append frame 1132
05:43.210  render           | Time: 00:00.61 (Saving: 00:00.02)
05:43.210  render           | Rendering frame 1133
05:43.210  render           | Start rendering: MORI_Assembly_Animation, 视图层
05:43.210  render           | Engine: EEVEE
05:43.303  render           | Fra: 1133 | Rendering 1 / 32 samples
05:43.696  render           | Fra: 1133 | Rendering 25 / 32 samples
05:43.807  render           | Fra: 1133 | Rendering 32 / 32 samples
05:43.838  render           | Video append frame 1133
05:43.838  render           | Time: 00:00.62 (Saving: 00:00.01)
05:43.838  render           | Rendering frame 1134
05:43.839  render           | Start rendering: MORI_Assembly_Animation, 视图层
05:43.839  render           | Engine: EEVEE
05:43.946  render           | Fra: 1134 | Rendering 1 / 32 samples
05:44.336  render           | Fra: 1134 | Rendering 25 / 32 samples
05:44.446  render           | Fra: 1134 | Rendering 32 / 32 samples
05:44.507  render           | Video append frame 1134
05:44.507  render           | Time: 00:00.66 (Saving: 00:00.04)
05:44.507  render           | Rendering frame 1135
05:44.507  render           | Start rendering: MORI_Assembly_Animation, 视图层
05:44.507  render           | Engine: EEVEE
05:44.591  render           | Fra: 1135 | Rendering 1 / 32 samples
05:44.970  render           | Fra: 1135 | Rendering 25 / 32 samples
05:45.082  render           | Fra: 1135 | Rendering 32 / 32 samples
05:45.144  render           | Video append frame 1135
05:45.144  render           | Time: 00:00.63 (Saving: 00:00.04)
05:45.144  render           | Rendering frame 1136
05:45.145  render           | Start rendering: MORI_Assembly_Animation, 视图层
05:45.145  render           | Engine: EEVEE
05:45.238  render           | Fra: 1136 | Rendering 1 / 32 samples
05:45.623  render           | Fra: 1136 | Rendering 25 / 32 samples
05:45.737  render           | Fra: 1136 | Rendering 32 / 32 samples
05:45.798  render           | Video append frame 1136
05:45.798  render           | Time: 00:00.65 (Saving: 00:00.04)
05:45.798  render           | Rendering frame 1137
05:45.798  render           | Start rendering: MORI_Assembly_Animation, 视图层
05:45.798  render           | Engine: EEVEE
05:45.876  render           | Fra: 1137 | Rendering 1 / 32 samples
05:46.261  render           | Fra: 1137 | Rendering 25 / 32 samples
05:46.371  render           | Fra: 1137 | Rendering 32 / 32 samples
05:46.412  render           | Video append frame 1137
05:46.412  render           | Time: 00:00.61 (Saving: 00:00.02)
05:46.412  render           | Rendering frame 1138
05:46.413  render           | Start rendering: MORI_Assembly_Animation, 视图层
05:46.413  render           | Engine: EEVEE
05:46.505  render           | Fra: 1138 | Rendering 1 / 32 samples
05:46.873  render           | Fra: 1138 | Rendering 25 / 32 samples
05:46.980  render           | Fra: 1138 | Rendering 32 / 32 samples
05:47.001  render           | Video append frame 1138
05:47.001  render           | Time: 00:00.58 (Saving: 00:00.01)
05:47.001  render           | Rendering frame 1139
05:47.001  render           | Start rendering: MORI_Assembly_Animation, 视图层
05:47.001  render           | Engine: EEVEE
05:47.075  render           | Fra: 1139 | Rendering 1 / 32 samples
05:47.451  render           | Fra: 1139 | Rendering 25 / 32 samples
05:47.566  render           | Fra: 1139 | Rendering 32 / 32 samples
05:47.588  render           | Video append frame 1139
05:47.588  render           | Time: 00:00.58 (Saving: 00:00.01)
05:47.588  render           | Rendering frame 1140
05:47.588  render           | Start rendering: MORI_Assembly_Animation, 视图层
05:47.588  render           | Engine: EEVEE
05:47.671  render           | Fra: 1140 | Rendering 1 / 32 samples
05:48.049  render           | Fra: 1140 | Rendering 25 / 32 samples
05:48.162  render           | Fra: 1140 | Rendering 32 / 32 samples
05:48.181  render           | Video append frame 1140
05:48.181  render           | Time: 00:00.59 (Saving: 00:00.01)
05:48.181  render           | Rendering frame 1141
05:48.181  render           | Start rendering: MORI_Assembly_Animation, 视图层
05:48.181  render           | Engine: EEVEE
05:48.267  render           | Fra: 1141 | Rendering 1 / 32 samples
05:48.648  render           | Fra: 1141 | Rendering 25 / 32 samples
05:48.763  render           | Fra: 1141 | Rendering 32 / 32 samples
05:48.782  render           | Video append frame 1141
05:48.782  render           | Time: 00:00.60 (Saving: 00:00.01)
05:48.782  render           | Rendering frame 1142
05:48.782  render           | Start rendering: MORI_Assembly_Animation, 视图层
05:48.782  render           | Engine: EEVEE
05:48.873  render           | Fra: 1142 | Rendering 1 / 32 samples
05:49.256  render           | Fra: 1142 | Rendering 25 / 32 samples
05:49.372  render           | Fra: 1142 | Rendering 32 / 32 samples
05:49.394  render           | Video append frame 1142
05:49.394  render           | Time: 00:00.61 (Saving: 00:00.01)
05:49.394  render           | Rendering frame 1143
05:49.394  render           | Start rendering: MORI_Assembly_Animation, 视图层
05:49.394  render           | Engine: EEVEE
05:49.489  render           | Fra: 1143 | Rendering 1 / 32 samples
05:49.872  render           | Fra: 1143 | Rendering 25 / 32 samples
05:49.987  render           | Fra: 1143 | Rendering 32 / 32 samples
05:50.014  render           | Video append frame 1143
05:50.014  render           | Time: 00:00.62 (Saving: 00:00.02)
05:50.014  render           | Rendering frame 1144
05:50.015  render           | Start rendering: MORI_Assembly_Animation, 视图层
05:50.015  render           | Engine: EEVEE
05:50.100  render           | Fra: 1144 | Rendering 1 / 32 samples
05:50.480  render           | Fra: 1144 | Rendering 25 / 32 samples
05:50.589  render           | Fra: 1144 | Rendering 32 / 32 samples
05:50.614  render           | Video append frame 1144
05:50.615  render           | Time: 00:00.60 (Saving: 00:00.01)
05:50.615  render           | Rendering frame 1145
05:50.615  render           | Start rendering: MORI_Assembly_Animation, 视图层
05:50.615  render           | Engine: EEVEE
05:50.694  render           | Fra: 1145 | Rendering 1 / 32 samples
05:51.067  render           | Fra: 1145 | Rendering 25 / 32 samples
05:51.185  render           | Fra: 1145 | Rendering 32 / 32 samples
05:51.206  render           | Video append frame 1145
05:51.206  render           | Time: 00:00.59 (Saving: 00:00.01)
05:51.206  render           | Rendering frame 1146
05:51.207  render           | Start rendering: MORI_Assembly_Animation, 视图层
05:51.207  render           | Engine: EEVEE
05:51.292  render           | Fra: 1146 | Rendering 1 / 32 samples
05:51.670  render           | Fra: 1146 | Rendering 25 / 32 samples
05:51.782  render           | Fra: 1146 | Rendering 32 / 32 samples
05:51.817  render           | Video append frame 1146
05:51.817  render           | Time: 00:00.61 (Saving: 00:00.02)
05:51.817  render           | Rendering frame 1147
05:51.817  render           | Start rendering: MORI_Assembly_Animation, 视图层
05:51.817  render           | Engine: EEVEE
05:51.900  render           | Fra: 1147 | Rendering 1 / 32 samples
05:52.282  render           | Fra: 1147 | Rendering 25 / 32 samples
05:52.395  render           | Fra: 1147 | Rendering 32 / 32 samples
05:52.415  render           | Video append frame 1147
05:52.415  render           | Time: 00:00.59 (Saving: 00:00.01)
05:52.415  render           | Rendering frame 1148
05:52.415  render           | Start rendering: MORI_Assembly_Animation, 视图层
05:52.416  render           | Engine: EEVEE
05:52.500  render           | Fra: 1148 | Rendering 1 / 32 samples
05:52.882  render           | Fra: 1148 | Rendering 25 / 32 samples
05:52.996  render           | Fra: 1148 | Rendering 32 / 32 samples
05:53.013  render           | Video append frame 1148
05:53.013  render           | Time: 00:00.59 (Saving: 00:00.01)
05:53.013  render           | Rendering frame 1149
05:53.013  render           | Start rendering: MORI_Assembly_Animation, 视图层
05:53.013  render           | Engine: EEVEE
05:53.093  render           | Fra: 1149 | Rendering 1 / 32 samples
05:53.466  render           | Fra: 1149 | Rendering 25 / 32 samples
05:53.581  render           | Fra: 1149 | Rendering 32 / 32 samples
05:53.603  render           | Video append frame 1149
05:53.603  render           | Time: 00:00.59 (Saving: 00:00.01)
05:53.603  render           | Rendering frame 1150
05:53.603  render           | Start rendering: MORI_Assembly_Animation, 视图层
05:53.603  render           | Engine: EEVEE
05:53.683  render           | Fra: 1150 | Rendering 1 / 32 samples
05:54.049  render           | Fra: 1150 | Rendering 25 / 32 samples
05:54.160  render           | Fra: 1150 | Rendering 32 / 32 samples
05:54.178  render           | Video append frame 1150
05:54.178  render           | Time: 00:00.57 (Saving: 00:00.01)
05:54.178  render           | Rendering frame 1151
05:54.178  render           | Start rendering: MORI_Assembly_Animation, 视图层
05:54.178  render           | Engine: EEVEE
05:54.261  render           | Fra: 1151 | Rendering 1 / 32 samples
05:54.620  render           | Fra: 1151 | Rendering 25 / 32 samples
05:54.728  render           | Fra: 1151 | Rendering 32 / 32 samples
05:54.744  render           | Video append frame 1151
05:54.744  render           | Time: 00:00.56 (Saving: 00:00.01)
05:54.744  render           | Rendering frame 1152
05:54.744  render           | Start rendering: MORI_Assembly_Animation, 视图层
05:54.744  render           | Engine: EEVEE
05:54.812  render           | Fra: 1152 | Rendering 1 / 32 samples
05:55.176  render           | Fra: 1152 | Rendering 25 / 32 samples
05:55.282  render           | Fra: 1152 | Rendering 32 / 32 samples
05:55.297  render           | Video append frame 1152
05:55.297  render           | Time: 00:00.55 (Saving: 00:00.01)
05:55.297  render           | Rendering frame 1153
05:55.297  render           | Start rendering: MORI_Assembly_Animation, 视图层
05:55.297  render           | Engine: EEVEE
05:55.362  render           | Fra: 1153 | Rendering 1 / 32 samples
05:55.729  render           | Fra: 1153 | Rendering 25 / 32 samples
05:55.841  render           | Fra: 1153 | Rendering 32 / 32 samples
05:55.858  render           | Video append frame 1153
05:55.858  render           | Time: 00:00.56 (Saving: 00:00.01)
05:55.858  render           | Rendering frame 1154
05:55.858  render           | Start rendering: MORI_Assembly_Animation, 视图层
05:55.858  render           | Engine: EEVEE
05:55.932  render           | Fra: 1154 | Rendering 1 / 32 samples
05:56.294  render           | Fra: 1154 | Rendering 25 / 32 samples
05:56.405  render           | Fra: 1154 | Rendering 32 / 32 samples
05:56.420  render           | Video append frame 1154
05:56.420  render           | Time: 00:00.56 (Saving: 00:00.00)
05:56.420  render           | Rendering frame 1155
05:56.420  render           | Start rendering: MORI_Assembly_Animation, 视图层
05:56.420  render           | Engine: EEVEE
05:56.491  render           | Fra: 1155 | Rendering 1 / 32 samples
05:56.857  render           | Fra: 1155 | Rendering 25 / 32 samples
05:56.970  render           | Fra: 1155 | Rendering 32 / 32 samples
05:56.983  render           | Video append frame 1155
05:56.983  render           | Time: 00:00.56 (Saving: 00:00.00)
05:56.983  render           | Rendering frame 1156
05:56.983  render           | Start rendering: MORI_Assembly_Animation, 视图层
05:56.983  render           | Engine: EEVEE
05:57.051  render           | Fra: 1156 | Rendering 1 / 32 samples
05:57.431  render           | Fra: 1156 | Rendering 25 / 32 samples
05:57.551  render           | Fra: 1156 | Rendering 32 / 32 samples
05:57.602  render           | Video append frame 1156
05:57.602  render           | Time: 00:00.61 (Saving: 00:00.03)
05:57.602  render           | Rendering frame 1157
05:57.603  render           | Start rendering: MORI_Assembly_Animation, 视图层
05:57.603  render           | Engine: EEVEE
05:57.691  render           | Fra: 1157 | Rendering 1 / 32 samples
05:58.077  render           | Fra: 1157 | Rendering 25 / 32 samples
05:58.188  render           | Fra: 1157 | Rendering 32 / 32 samples
05:58.234  render           | Video append frame 1157
05:58.234  render           | Time: 00:00.63 (Saving: 00:00.03)
05:58.234  render           | Rendering frame 1158
05:58.234  render           | Start rendering: MORI_Assembly_Animation, 视图层
05:58.234  render           | Engine: EEVEE
05:58.336  render           | Fra: 1158 | Rendering 1 / 32 samples
05:58.719  render           | Fra: 1158 | Rendering 25 / 32 samples
05:58.829  render           | Fra: 1158 | Rendering 32 / 32 samples
05:58.878  render           | Video append frame 1158
05:58.878  render           | Time: 00:00.64 (Saving: 00:00.03)
05:58.878  render           | Rendering frame 1159
05:58.878  render           | Start rendering: MORI_Assembly_Animation, 视图层
05:58.878  render           | Engine: EEVEE
05:58.967  render           | Fra: 1159 | Rendering 1 / 32 samples
05:59.358  render           | Fra: 1159 | Rendering 25 / 32 samples
05:59.469  render           | Fra: 1159 | Rendering 32 / 32 samples
05:59.524  render           | Video append frame 1159
05:59.524  render           | Time: 00:00.64 (Saving: 00:00.04)
05:59.524  render           | Rendering frame 1160
05:59.524  render           | Start rendering: MORI_Assembly_Animation, 视图层
05:59.524  render           | Engine: EEVEE
05:59.608  render           | Fra: 1160 | Rendering 1 / 32 samples
05:59.980  render           | Fra: 1160 | Rendering 25 / 32 samples
06:00.088  render           | Fra: 1160 | Rendering 32 / 32 samples
06:00.113  render           | Video append frame 1160
06:00.113  render           | Time: 00:00.58 (Saving: 00:00.01)
06:00.113  render           | Rendering frame 1161
06:00.113  render           | Start rendering: MORI_Assembly_Animation, 视图层
06:00.113  render           | Engine: EEVEE
06:00.195  render           | Fra: 1161 | Rendering 1 / 32 samples
06:00.564  render           | Fra: 1161 | Rendering 25 / 32 samples
06:00.679  render           | Fra: 1161 | Rendering 32 / 32 samples
06:00.697  render           | Video append frame 1161
06:00.697  render           | Time: 00:00.58 (Saving: 00:00.01)
06:00.697  render           | Rendering frame 1162
06:00.697  render           | Start rendering: MORI_Assembly_Animation, 视图层
06:00.697  render           | Engine: EEVEE
06:00.779  render           | Fra: 1162 | Rendering 1 / 32 samples
06:01.154  render           | Fra: 1162 | Rendering 25 / 32 samples
06:01.266  render           | Fra: 1162 | Rendering 32 / 32 samples
06:01.285  render           | Video append frame 1162
06:01.285  render           | Time: 00:00.58 (Saving: 00:00.01)
06:01.285  render           | Rendering frame 1163
06:01.285  render           | Start rendering: MORI_Assembly_Animation, 视图层
06:01.285  render           | Engine: EEVEE
06:01.363  render           | Fra: 1163 | Rendering 1 / 32 samples
06:01.745  render           | Fra: 1163 | Rendering 25 / 32 samples
06:01.863  render           | Fra: 1163 | Rendering 32 / 32 samples
06:01.882  render           | Video append frame 1163
06:01.882  render           | Time: 00:00.59 (Saving: 00:00.01)
06:01.882  render           | Rendering frame 1164
06:01.882  render           | Start rendering: MORI_Assembly_Animation, 视图层
06:01.882  render           | Engine: EEVEE
06:01.958  render           | Fra: 1164 | Rendering 1 / 32 samples
06:02.333  render           | Fra: 1164 | Rendering 25 / 32 samples
06:02.448  render           | Fra: 1164 | Rendering 32 / 32 samples
06:02.468  render           | Video append frame 1164
06:02.468  render           | Time: 00:00.58 (Saving: 00:00.01)
06:02.468  render           | Rendering frame 1165
06:02.468  render           | Start rendering: MORI_Assembly_Animation, 视图层
06:02.468  render           | Engine: EEVEE
06:02.563  render           | Fra: 1165 | Rendering 1 / 32 samples
06:02.936  render           | Fra: 1165 | Rendering 25 / 32 samples
06:03.049  render           | Fra: 1165 | Rendering 32 / 32 samples
06:03.068  render           | Video append frame 1165
06:03.068  render           | Time: 00:00.59 (Saving: 00:00.01)
06:03.068  render           | Rendering frame 1166
06:03.068  render           | Start rendering: MORI_Assembly_Animation, 视图层
06:03.068  render           | Engine: EEVEE
06:03.151  render           | Fra: 1166 | Rendering 1 / 32 samples
06:03.528  render           | Fra: 1166 | Rendering 25 / 32 samples
06:03.644  render           | Fra: 1166 | Rendering 32 / 32 samples
06:03.665  render           | Video append frame 1166
06:03.665  render           | Time: 00:00.59 (Saving: 00:00.01)
06:03.665  render           | Rendering frame 1167
06:03.665  render           | Start rendering: MORI_Assembly_Animation, 视图层
06:03.665  render           | Engine: EEVEE
06:03.744  render           | Fra: 1167 | Rendering 1 / 32 samples
06:04.132  render           | Fra: 1167 | Rendering 25 / 32 samples
06:04.245  render           | Fra: 1167 | Rendering 32 / 32 samples
06:04.269  render           | Video append frame 1167
06:04.269  render           | Time: 00:00.60 (Saving: 00:00.01)
06:04.269  render           | Rendering frame 1168
06:04.269  render           | Start rendering: MORI_Assembly_Animation, 视图层
06:04.269  render           | Engine: EEVEE
06:04.355  render           | Fra: 1168 | Rendering 1 / 32 samples
06:04.739  render           | Fra: 1168 | Rendering 25 / 32 samples
06:04.849  render           | Fra: 1168 | Rendering 32 / 32 samples
06:04.868  render           | Video append frame 1168
06:04.868  render           | Time: 00:00.59 (Saving: 00:00.01)
06:04.868  render           | Rendering frame 1169
06:04.868  render           | Start rendering: MORI_Assembly_Animation, 视图层
06:04.868  render           | Engine: EEVEE
06:04.945  render           | Fra: 1169 | Rendering 1 / 32 samples
06:05.329  render           | Fra: 1169 | Rendering 25 / 32 samples
06:05.447  render           | Fra: 1169 | Rendering 32 / 32 samples
06:05.472  render           | Video append frame 1169
06:05.472  render           | Time: 00:00.60 (Saving: 00:00.01)
06:05.472  render           | Rendering frame 1170
06:05.472  render           | Start rendering: MORI_Assembly_Animation, 视图层
06:05.472  render           | Engine: EEVEE
06:05.560  render           | Fra: 1170 | Rendering 1 / 32 samples
06:05.933  render           | Fra: 1170 | Rendering 25 / 32 samples
06:06.046  render           | Fra: 1170 | Rendering 32 / 32 samples
06:06.071  render           | Video append frame 1170
06:06.071  render           | Time: 00:00.59 (Saving: 00:00.01)
06:06.071  render           | Rendering frame 1171
06:06.071  render           | Start rendering: MORI_Assembly_Animation, 视图层
06:06.071  render           | Engine: EEVEE
06:06.151  render           | Fra: 1171 | Rendering 1 / 32 samples
06:06.527  render           | Fra: 1171 | Rendering 25 / 32 samples
06:06.635  render           | Fra: 1171 | Rendering 32 / 32 samples
06:06.656  render           | Video append frame 1171
06:06.656  render           | Time: 00:00.58 (Saving: 00:00.01)
06:06.656  render           | Rendering frame 1172
06:06.656  render           | Start rendering: MORI_Assembly_Animation, 视图层
06:06.656  render           | Engine: EEVEE
06:06.734  render           | Fra: 1172 | Rendering 1 / 32 samples
06:07.097  render           | Fra: 1172 | Rendering 25 / 32 samples
06:07.203  render           | Fra: 1172 | Rendering 32 / 32 samples
06:07.221  render           | Video append frame 1172
06:07.221  render           | Time: 00:00.56 (Saving: 00:00.01)
06:07.221  render           | Rendering frame 1173
06:07.221  render           | Start rendering: MORI_Assembly_Animation, 视图层
06:07.221  render           | Engine: EEVEE
06:07.296  render           | Fra: 1173 | Rendering 1 / 32 samples
06:07.653  render           | Fra: 1173 | Rendering 25 / 32 samples
06:07.761  render           | Fra: 1173 | Rendering 32 / 32 samples
06:07.776  render           | Video append frame 1173
06:07.776  render           | Time: 00:00.55 (Saving: 00:00.01)
06:07.777  render           | Rendering frame 1174
06:07.777  render           | Start rendering: MORI_Assembly_Animation, 视图层
06:07.777  render           | Engine: EEVEE
06:07.851  render           | Fra: 1174 | Rendering 1 / 32 samples
06:08.215  render           | Fra: 1174 | Rendering 25 / 32 samples
06:08.325  render           | Fra: 1174 | Rendering 32 / 32 samples
06:08.341  render           | Video append frame 1174
06:08.341  render           | Time: 00:00.56 (Saving: 00:00.01)
06:08.341  render           | Rendering frame 1175
06:08.341  render           | Start rendering: MORI_Assembly_Animation, 视图层
06:08.341  render           | Engine: EEVEE
06:08.407  render           | Fra: 1175 | Rendering 1 / 32 samples
06:08.777  render           | Fra: 1175 | Rendering 25 / 32 samples
06:08.889  render           | Fra: 1175 | Rendering 32 / 32 samples
06:08.904  render           | Video append frame 1175
06:08.904  render           | Time: 00:00.56 (Saving: 00:00.00)
06:08.904  render           | Rendering frame 1176
06:08.904  render           | Start rendering: MORI_Assembly_Animation, 视图层
06:08.904  render           | Engine: EEVEE
06:08.973  render           | Fra: 1176 | Rendering 1 / 32 samples
06:09.340  render           | Fra: 1176 | Rendering 25 / 32 samples
06:09.452  render           | Fra: 1176 | Rendering 32 / 32 samples
06:09.466  render           | Video append frame 1176
06:09.466  render           | Time: 00:00.56 (Saving: 00:00.00)
06:09.466  render           | Rendering frame 1177
06:09.466  render           | Start rendering: MORI_Assembly_Animation, 视图层
06:09.466  render           | Engine: EEVEE
06:09.537  render           | Fra: 1177 | Rendering 1 / 32 samples
06:09.907  render           | Fra: 1177 | Rendering 25 / 32 samples
06:10.019  render           | Fra: 1177 | Rendering 32 / 32 samples
06:10.035  render           | Video append frame 1177
06:10.035  render           | Time: 00:00.56 (Saving: 00:00.00)
06:10.035  render           | Rendering frame 1178
06:10.035  render           | Start rendering: MORI_Assembly_Animation, 视图层
06:10.035  render           | Engine: EEVEE
06:10.115  render           | Fra: 1178 | Rendering 1 / 32 samples
06:10.500  render           | Fra: 1178 | Rendering 25 / 32 samples
06:10.618  render           | Fra: 1178 | Rendering 32 / 32 samples
06:10.668  render           | Video append frame 1178
06:10.668  render           | Time: 00:00.63 (Saving: 00:00.03)
06:10.668  render           | Rendering frame 1179
06:10.668  render           | Start rendering: MORI_Assembly_Animation, 视图层
06:10.668  render           | Engine: EEVEE
06:10.757  render           | Fra: 1179 | Rendering 1 / 32 samples
06:11.153  render           | Fra: 1179 | Rendering 25 / 32 samples
06:11.265  render           | Fra: 1179 | Rendering 32 / 32 samples
06:11.292  render           | Video append frame 1179
06:11.292  render           | Time: 00:00.62 (Saving: 00:00.01)
06:11.292  render           | Rendering frame 1180
06:11.292  render           | Start rendering: MORI_Assembly_Animation, 视图层
06:11.292  render           | Engine: EEVEE
06:11.387  render           | Fra: 1180 | Rendering 1 / 32 samples
06:11.772  render           | Fra: 1180 | Rendering 25 / 32 samples
06:11.881  render           | Fra: 1180 | Rendering 32 / 32 samples
06:11.934  render           | Video append frame 1180
06:11.934  render           | Time: 00:00.64 (Saving: 00:00.03)
06:11.934  render           | Rendering frame 1181
06:11.934  render           | Start rendering: MORI_Assembly_Animation, 视图层
06:11.934  render           | Engine: EEVEE
06:12.026  render           | Fra: 1181 | Rendering 1 / 32 samples
06:12.411  render           | Fra: 1181 | Rendering 25 / 32 samples
06:12.524  render           | Fra: 1181 | Rendering 32 / 32 samples
06:12.583  render           | Video append frame 1181
06:12.583  render           | Time: 00:00.64 (Saving: 00:00.04)
06:12.583  render           | Rendering frame 1182
06:12.583  render           | Start rendering: MORI_Assembly_Animation, 视图层
06:12.583  render           | Engine: EEVEE
06:12.678  render           | Fra: 1182 | Rendering 1 / 32 samples
06:13.065  render           | Fra: 1182 | Rendering 25 / 32 samples
06:13.180  render           | Fra: 1182 | Rendering 32 / 32 samples
06:13.233  render           | Video append frame 1182
06:13.233  render           | Time: 00:00.65 (Saving: 00:00.03)
06:13.233  render           | Rendering frame 1183
06:13.234  render           | Start rendering: MORI_Assembly_Animation, 视图层
06:13.234  render           | Engine: EEVEE
06:13.319  render           | Fra: 1183 | Rendering 1 / 32 samples
06:13.702  render           | Fra: 1183 | Rendering 25 / 32 samples
06:13.812  render           | Fra: 1183 | Rendering 32 / 32 samples
06:13.868  render           | Video append frame 1183
06:13.868  render           | Time: 00:00.63 (Saving: 00:00.04)
06:13.868  render           | Rendering frame 1184
06:13.869  render           | Start rendering: MORI_Assembly_Animation, 视图层
06:13.869  render           | Engine: EEVEE
06:13.948  render           | Fra: 1184 | Rendering 1 / 32 samples
06:14.339  render           | Fra: 1184 | Rendering 25 / 32 samples
06:14.452  render           | Fra: 1184 | Rendering 32 / 32 samples
06:14.507  render           | Video append frame 1184
06:14.507  render           | Time: 00:00.63 (Saving: 00:00.03)
06:14.507  render           | Rendering frame 1185
06:14.507  render           | Start rendering: MORI_Assembly_Animation, 视图层
06:14.508  render           | Engine: EEVEE
06:14.593  render           | Fra: 1185 | Rendering 1 / 32 samples
06:14.972  render           | Fra: 1185 | Rendering 25 / 32 samples
06:15.085  render           | Fra: 1185 | Rendering 32 / 32 samples
06:15.134  render           | Video append frame 1185
06:15.134  render           | Time: 00:00.62 (Saving: 00:00.03)
06:15.134  render           | Rendering frame 1186
06:15.134  render           | Start rendering: MORI_Assembly_Animation, 视图层
06:15.134  render           | Engine: EEVEE
06:15.227  render           | Fra: 1186 | Rendering 1 / 32 samples
06:15.609  render           | Fra: 1186 | Rendering 25 / 32 samples
06:15.721  render           | Fra: 1186 | Rendering 32 / 32 samples
06:15.770  render           | Video append frame 1186
06:15.770  render           | Time: 00:00.63 (Saving: 00:00.03)
06:15.770  render           | Rendering frame 1187
06:15.770  render           | Start rendering: MORI_Assembly_Animation, 视图层
06:15.770  render           | Engine: EEVEE
06:15.870  render           | Fra: 1187 | Rendering 1 / 32 samples
06:16.256  render           | Fra: 1187 | Rendering 25 / 32 samples
06:16.367  render           | Fra: 1187 | Rendering 32 / 32 samples
06:16.426  render           | Video append frame 1187
06:16.426  render           | Time: 00:00.65 (Saving: 00:00.04)
06:16.426  render           | Rendering frame 1188
06:16.427  render           | Start rendering: MORI_Assembly_Animation, 视图层
06:16.427  render           | Engine: EEVEE
06:16.512  render           | Fra: 1188 | Rendering 1 / 32 samples
06:16.903  render           | Fra: 1188 | Rendering 25 / 32 samples
06:17.019  render           | Fra: 1188 | Rendering 32 / 32 samples
06:17.061  render           | Video append frame 1188
06:17.061  render           | Time: 00:00.63 (Saving: 00:00.02)
06:17.061  render           | Rendering frame 1189
06:17.062  render           | Start rendering: MORI_Assembly_Animation, 视图层
06:17.062  render           | Engine: EEVEE
06:17.162  render           | Fra: 1189 | Rendering 1 / 32 samples
06:17.557  render           | Fra: 1189 | Rendering 25 / 32 samples
06:17.672  render           | Fra: 1189 | Rendering 32 / 32 samples
06:17.733  render           | Video append frame 1189
06:17.733  render           | Time: 00:00.67 (Saving: 00:00.04)
06:17.733  render           | Rendering frame 1190
06:17.733  render           | Start rendering: MORI_Assembly_Animation, 视图层
06:17.733  render           | Engine: EEVEE
06:17.831  render           | Fra: 1190 | Rendering 1 / 32 samples
06:18.217  render           | Fra: 1190 | Rendering 25 / 32 samples
06:18.333  render           | Fra: 1190 | Rendering 32 / 32 samples
06:18.382  render           | Video append frame 1190
06:18.382  render           | Time: 00:00.64 (Saving: 00:00.03)
06:18.382  render           | Rendering frame 1191
06:18.382  render           | Start rendering: MORI_Assembly_Animation, 视图层
06:18.382  render           | Engine: EEVEE
06:18.477  render           | Fra: 1191 | Rendering 1 / 32 samples
06:18.865  render           | Fra: 1191 | Rendering 25 / 32 samples
06:18.983  render           | Fra: 1191 | Rendering 32 / 32 samples
06:19.034  render           | Video append frame 1191
06:19.034  render           | Time: 00:00.65 (Saving: 00:00.03)
06:19.035  render           | Rendering frame 1192
06:19.035  render           | Start rendering: MORI_Assembly_Animation, 视图层
06:19.035  render           | Engine: EEVEE
06:19.122  render           | Fra: 1192 | Rendering 1 / 32 samples
06:19.504  render           | Fra: 1192 | Rendering 25 / 32 samples
06:19.626  render           | Fra: 1192 | Rendering 32 / 32 samples
06:19.665  render           | Video append frame 1192
06:19.665  render           | Time: 00:00.63 (Saving: 00:00.02)
06:19.665  render           | Rendering frame 1193
06:19.665  render           | Start rendering: MORI_Assembly_Animation, 视图层
06:19.665  render           | Engine: EEVEE
06:19.766  render           | Fra: 1193 | Rendering 1 / 32 samples
06:20.149  render           | Fra: 1193 | Rendering 25 / 32 samples
06:20.266  render           | Fra: 1193 | Rendering 32 / 32 samples
06:20.320  render           | Video append frame 1193
06:20.320  render           | Time: 00:00.65 (Saving: 00:00.03)
06:20.320  render           | Rendering frame 1194
06:20.320  render           | Start rendering: MORI_Assembly_Animation, 视图层
06:20.320  render           | Engine: EEVEE
06:20.411  render           | Fra: 1194 | Rendering 1 / 32 samples
06:20.794  render           | Fra: 1194 | Rendering 25 / 32 samples
06:20.913  render           | Fra: 1194 | Rendering 32 / 32 samples
06:20.969  render           | Video append frame 1194
06:20.969  render           | Time: 00:00.64 (Saving: 00:00.04)
06:20.969  render           | Rendering frame 1195
06:20.969  render           | Start rendering: MORI_Assembly_Animation, 视图层
06:20.969  render           | Engine: EEVEE
06:21.067  render           | Fra: 1195 | Rendering 1 / 32 samples
06:21.451  render           | Fra: 1195 | Rendering 25 / 32 samples
06:21.564  render           | Fra: 1195 | Rendering 32 / 32 samples
06:21.623  render           | Video append frame 1195
06:21.623  render           | Time: 00:00.65 (Saving: 00:00.04)
06:21.623  render           | Rendering frame 1196
06:21.623  render           | Start rendering: MORI_Assembly_Animation, 视图层
06:21.623  render           | Engine: EEVEE
06:21.717  render           | Fra: 1196 | Rendering 1 / 32 samples
06:22.103  render           | Fra: 1196 | Rendering 25 / 32 samples
06:22.221  render           | Fra: 1196 | Rendering 32 / 32 samples
06:22.268  render           | Video append frame 1196
06:22.268  render           | Time: 00:00.64 (Saving: 00:00.03)
06:22.268  render           | Rendering frame 1197
06:22.268  render           | Start rendering: MORI_Assembly_Animation, 视图层
06:22.268  render           | Engine: EEVEE
06:22.366  render           | Fra: 1197 | Rendering 1 / 32 samples
06:22.755  render           | Fra: 1197 | Rendering 25 / 32 samples
06:22.871  render           | Fra: 1197 | Rendering 32 / 32 samples
06:22.917  render           | Video append frame 1197
06:22.918  render           | Time: 00:00.64 (Saving: 00:00.03)
06:22.918  render           | Rendering frame 1198
06:22.918  render           | Start rendering: MORI_Assembly_Animation, 视图层
06:22.918  render           | Engine: EEVEE
06:23.016  render           | Fra: 1198 | Rendering 1 / 32 samples
06:23.404  render           | Fra: 1198 | Rendering 25 / 32 samples
06:23.523  render           | Fra: 1198 | Rendering 32 / 32 samples
06:23.548  render           | Video append frame 1198
06:23.548  render           | Time: 00:00.63 (Saving: 00:00.01)
06:23.548  render           | Rendering frame 1199
06:23.548  render           | Start rendering: MORI_Assembly_Animation, 视图层
06:23.548  render           | Engine: EEVEE
06:23.639  render           | Fra: 1199 | Rendering 1 / 32 samples
06:24.029  render           | Fra: 1199 | Rendering 25 / 32 samples
06:24.144  render           | Fra: 1199 | Rendering 32 / 32 samples
06:24.167  render           | Video append frame 1199
06:24.167  render           | Time: 00:00.61 (Saving: 00:00.01)
06:24.167  render           | Rendering frame 1200
06:24.167  render           | Start rendering: MORI_Assembly_Animation, 视图层
06:24.167  render           | Engine: EEVEE
06:24.251  render           | Fra: 1200 | Rendering 1 / 32 samples
06:24.642  render           | Fra: 1200 | Rendering 25 / 32 samples
06:24.757  render           | Fra: 1200 | Rendering 32 / 32 samples
06:24.779  render           | Video append frame 1200
06:24.779  render           | Time: 00:00.61 (Saving: 00:00.01)
06:24.779  render           | Rendering frame 1201
06:24.779  render           | Start rendering: MORI_Assembly_Animation, 视图层
06:24.779  render           | Engine: EEVEE
06:24.858  render           | Fra: 1201 | Rendering 1 / 32 samples
06:25.259  render           | Fra: 1201 | Rendering 25 / 32 samples
06:25.377  render           | Fra: 1201 | Rendering 32 / 32 samples
06:25.401  render           | Video append frame 1201
06:25.401  render           | Time: 00:00.62 (Saving: 00:00.01)
06:25.401  render           | Rendering frame 1202
06:25.401  render           | Start rendering: MORI_Assembly_Animation, 视图层
06:25.401  render           | Engine: EEVEE
06:25.486  render           | Fra: 1202 | Rendering 1 / 32 samples
06:25.881  render           | Fra: 1202 | Rendering 25 / 32 samples
06:25.999  render           | Fra: 1202 | Rendering 32 / 32 samples
06:26.026  render           | Video append frame 1202
06:26.026  render           | Time: 00:00.62 (Saving: 00:00.02)
06:26.026  render           | Rendering frame 1203
06:26.026  render           | Start rendering: MORI_Assembly_Animation, 视图层
06:26.026  render           | Engine: EEVEE
06:26.107  render           | Fra: 1203 | Rendering 1 / 32 samples
06:26.499  render           | Fra: 1203 | Rendering 25 / 32 samples
06:26.619  render           | Fra: 1203 | Rendering 32 / 32 samples
06:26.639  render           | Video append frame 1203
06:26.639  render           | Time: 00:00.61 (Saving: 00:00.01)
06:26.639  render           | Rendering frame 1204
06:26.639  render           | Start rendering: MORI_Assembly_Animation, 视图层
06:26.639  render           | Engine: EEVEE
06:26.731  render           | Fra: 1204 | Rendering 1 / 32 samples
06:27.134  render           | Fra: 1204 | Rendering 25 / 32 samples
06:27.260  render           | Fra: 1204 | Rendering 32 / 32 samples
06:27.279  render           | Video append frame 1204
06:27.279  render           | Time: 00:00.64 (Saving: 00:00.01)
06:27.279  render           | Rendering frame 1205
06:27.280  render           | Start rendering: MORI_Assembly_Animation, 视图层
06:27.280  render           | Engine: EEVEE
06:27.393  render           | Fra: 1205 | Rendering 1 / 32 samples
06:27.854  render           | Fra: 1205 | Rendering 25 / 32 samples
06:27.982  render           | Fra: 1205 | Rendering 32 / 32 samples
06:28.022  render           | Video append frame 1205
06:28.022  render           | Time: 00:00.74 (Saving: 00:00.02)
06:28.022  render           | Rendering frame 1206
06:28.022  render           | Start rendering: MORI_Assembly_Animation, 视图层
06:28.022  render           | Engine: EEVEE
06:28.138  render           | Fra: 1206 | Rendering 1 / 32 samples
06:28.526  render           | Fra: 1206 | Rendering 25 / 32 samples
06:28.643  render           | Fra: 1206 | Rendering 32 / 32 samples
06:28.671  render           | Video append frame 1206
06:28.671  render           | Time: 00:00.64 (Saving: 00:00.01)
06:28.671  render           | Rendering frame 1207
06:28.671  render           | Start rendering: MORI_Assembly_Animation, 视图层
06:28.671  render           | Engine: EEVEE
06:28.758  render           | Fra: 1207 | Rendering 1 / 32 samples
06:29.151  render           | Fra: 1207 | Rendering 25 / 32 samples
06:29.266  render           | Fra: 1207 | Rendering 32 / 32 samples
06:29.294  render           | Video append frame 1207
06:29.295  render           | Time: 00:00.62 (Saving: 00:00.02)
06:29.295  render           | Rendering frame 1208
06:29.295  render           | Start rendering: MORI_Assembly_Animation, 视图层
06:29.295  render           | Engine: EEVEE
06:29.378  render           | Fra: 1208 | Rendering 1 / 32 samples
06:29.766  render           | Fra: 1208 | Rendering 25 / 32 samples
06:29.884  render           | Fra: 1208 | Rendering 32 / 32 samples
06:29.912  render           | Video append frame 1208
06:29.912  render           | Time: 00:00.61 (Saving: 00:00.02)
06:29.912  render           | Rendering frame 1209
06:29.912  render           | Start rendering: MORI_Assembly_Animation, 视图层
06:29.912  render           | Engine: EEVEE
06:29.992  render           | Fra: 1209 | Rendering 1 / 32 samples
06:30.380  render           | Fra: 1209 | Rendering 25 / 32 samples
06:30.495  render           | Fra: 1209 | Rendering 32 / 32 samples
06:30.514  render           | Video append frame 1209
06:30.515  render           | Time: 00:00.60 (Saving: 00:00.01)
06:30.515  render           | Rendering frame 1210
06:30.515  render           | Start rendering: MORI_Assembly_Animation, 视图层
06:30.515  render           | Engine: EEVEE
06:30.593  render           | Fra: 1210 | Rendering 1 / 32 samples
06:30.972  render           | Fra: 1210 | Rendering 25 / 32 samples
06:31.086  render           | Fra: 1210 | Rendering 32 / 32 samples
06:31.105  render           | Video append frame 1210
06:31.105  render           | Time: 00:00.59 (Saving: 00:00.01)
06:31.105  render           | Rendering frame 1211
06:31.105  render           | Start rendering: MORI_Assembly_Animation, 视图层
06:31.105  render           | Engine: EEVEE
06:31.189  render           | Fra: 1211 | Rendering 1 / 32 samples
06:31.563  render           | Fra: 1211 | Rendering 25 / 32 samples
06:31.675  render           | Fra: 1211 | Rendering 32 / 32 samples
06:31.692  render           | Video append frame 1211
06:31.692  render           | Time: 00:00.58 (Saving: 00:00.01)
06:31.692  render           | Rendering frame 1212
06:31.692  render           | Start rendering: MORI_Assembly_Animation, 视图层
06:31.692  render           | Engine: EEVEE
06:31.759  render           | Fra: 1212 | Rendering 1 / 32 samples
06:32.139  render           | Fra: 1212 | Rendering 25 / 32 samples
06:32.250  render           | Fra: 1212 | Rendering 32 / 32 samples
06:32.265  render           | Video append frame 1212
06:32.265  render           | Time: 00:00.57 (Saving: 00:00.01)
06:32.265  render           | Rendering frame 1213
06:32.265  render           | Start rendering: MORI_Assembly_Animation, 视图层
06:32.265  render           | Engine: EEVEE
06:32.336  render           | Fra: 1213 | Rendering 1 / 32 samples
06:32.705  render           | Fra: 1213 | Rendering 25 / 32 samples
06:32.817  render           | Fra: 1213 | Rendering 32 / 32 samples
06:32.831  render           | Video append frame 1213
06:32.831  render           | Time: 00:00.56 (Saving: 00:00.00)
06:32.831  render           | Rendering frame 1214
06:32.831  render           | Start rendering: MORI_Assembly_Animation, 视图层
06:32.831  render           | Engine: EEVEE
06:32.899  render           | Fra: 1214 | Rendering 1 / 32 samples
06:33.287  render           | Fra: 1214 | Rendering 25 / 32 samples
06:33.398  render           | Fra: 1214 | Rendering 32 / 32 samples
06:33.412  render           | Video append frame 1214
06:33.412  render           | Time: 00:00.58 (Saving: 00:00.00)
06:33.412  render           | Rendering frame 1215
06:33.413  render           | Start rendering: MORI_Assembly_Animation, 视图层
06:33.413  render           | Engine: EEVEE
06:33.482  render           | Fra: 1215 | Rendering 1 / 32 samples
06:33.868  render           | Fra: 1215 | Rendering 25 / 32 samples
06:33.981  render           | Fra: 1215 | Rendering 32 / 32 samples
06:34.016  render           | Video append frame 1215
06:34.016  render           | Time: 00:00.60 (Saving: 00:00.02)
06:34.016  render           | Rendering frame 1216
06:34.016  render           | Start rendering: MORI_Assembly_Animation, 视图层
06:34.016  render           | Engine: EEVEE
06:34.095  render           | Fra: 1216 | Rendering 1 / 32 samples
06:34.486  render           | Fra: 1216 | Rendering 25 / 32 samples
06:34.605  render           | Fra: 1216 | Rendering 32 / 32 samples
06:34.652  render           | Video append frame 1216
06:34.652  render           | Time: 00:00.63 (Saving: 00:00.03)
06:34.652  render           | Rendering frame 1217
06:34.652  render           | Start rendering: MORI_Assembly_Animation, 视图层
06:34.652  render           | Engine: EEVEE
06:34.753  render           | Fra: 1217 | Rendering 1 / 32 samples
06:35.148  render           | Fra: 1217 | Rendering 25 / 32 samples
06:35.265  render           | Fra: 1217 | Rendering 32 / 32 samples
06:35.315  render           | Video append frame 1217
06:35.315  render           | Time: 00:00.66 (Saving: 00:00.03)
06:35.315  render           | Rendering frame 1218
06:35.315  render           | Start rendering: MORI_Assembly_Animation, 视图层
06:35.315  render           | Engine: EEVEE
06:35.416  render           | Fra: 1218 | Rendering 1 / 32 samples
06:35.800  render           | Fra: 1218 | Rendering 25 / 32 samples
06:35.912  render           | Fra: 1218 | Rendering 32 / 32 samples
06:35.946  render           | Video append frame 1218
06:35.946  render           | Time: 00:00.63 (Saving: 00:00.02)
06:35.946  render           | Rendering frame 1219
06:35.947  render           | Start rendering: MORI_Assembly_Animation, 视图层
06:35.947  render           | Engine: EEVEE
06:36.039  render           | Fra: 1219 | Rendering 1 / 32 samples
06:36.435  render           | Fra: 1219 | Rendering 25 / 32 samples
06:36.546  render           | Fra: 1219 | Rendering 32 / 32 samples
06:36.601  render           | Video append frame 1219
06:36.601  render           | Time: 00:00.65 (Saving: 00:00.04)
06:36.601  render           | Rendering frame 1220
06:36.601  render           | Start rendering: MORI_Assembly_Animation, 视图层
06:36.601  render           | Engine: EEVEE
06:36.678  render           | Fra: 1220 | Rendering 1 / 32 samples
06:37.064  render           | Fra: 1220 | Rendering 25 / 32 samples
06:37.178  render           | Fra: 1220 | Rendering 32 / 32 samples
06:37.224  render           | Video append frame 1220
06:37.224  render           | Time: 00:00.62 (Saving: 00:00.03)
06:37.224  render           | Rendering frame 1221
06:37.224  render           | Start rendering: MORI_Assembly_Animation, 视图层
06:37.224  render           | Engine: EEVEE
06:37.319  render           | Fra: 1221 | Rendering 1 / 32 samples
06:37.711  render           | Fra: 1221 | Rendering 25 / 32 samples
06:37.822  render           | Fra: 1221 | Rendering 32 / 32 samples
06:37.880  render           | Video append frame 1221
06:37.880  render           | Time: 00:00.65 (Saving: 00:00.04)
06:37.880  render           | Rendering frame 1222
06:37.880  render           | Start rendering: MORI_Assembly_Animation, 视图层
06:37.880  render           | Engine: EEVEE
06:37.976  render           | Fra: 1222 | Rendering 1 / 32 samples
06:38.366  render           | Fra: 1222 | Rendering 25 / 32 samples
06:38.479  render           | Fra: 1222 | Rendering 32 / 32 samples
06:38.532  render           | Video append frame 1222
06:38.532  render           | Time: 00:00.65 (Saving: 00:00.03)
06:38.532  render           | Rendering frame 1223
06:38.533  render           | Start rendering: MORI_Assembly_Animation, 视图层
06:38.533  render           | Engine: EEVEE
06:38.630  render           | Fra: 1223 | Rendering 1 / 32 samples
06:39.013  render           | Fra: 1223 | Rendering 25 / 32 samples
06:39.125  render           | Fra: 1223 | Rendering 32 / 32 samples
06:39.171  render           | Video append frame 1223
06:39.171  render           | Time: 00:00.63 (Saving: 00:00.03)
06:39.171  render           | Rendering frame 1224
06:39.171  render           | Start rendering: MORI_Assembly_Animation, 视图层
06:39.171  render           | Engine: EEVEE
06:39.269  render           | Fra: 1224 | Rendering 1 / 32 samples
06:39.667  render           | Fra: 1224 | Rendering 25 / 32 samples
06:39.779  render           | Fra: 1224 | Rendering 32 / 32 samples
06:39.828  render           | Video append frame 1224
06:39.828  render           | Time: 00:00.65 (Saving: 00:00.03)
06:39.828  render           | Rendering frame 1225
06:39.828  render           | Start rendering: MORI_Assembly_Animation, 视图层
06:39.828  render           | Engine: EEVEE
06:39.926  render           | Fra: 1225 | Rendering 1 / 32 samples
06:40.326  render           | Fra: 1225 | Rendering 25 / 32 samples
06:40.441  render           | Fra: 1225 | Rendering 32 / 32 samples
06:40.509  render           | Video append frame 1225
06:40.509  render           | Time: 00:00.68 (Saving: 00:00.05)
06:40.509  render           | Rendering frame 1226
06:40.509  render           | Start rendering: MORI_Assembly_Animation, 视图层
06:40.509  render           | Engine: EEVEE
06:40.602  render           | Fra: 1226 | Rendering 1 / 32 samples
06:40.997  render           | Fra: 1226 | Rendering 25 / 32 samples
06:41.110  render           | Fra: 1226 | Rendering 32 / 32 samples
06:41.159  render           | Video append frame 1226
06:41.159  render           | Time: 00:00.65 (Saving: 00:00.03)
06:41.159  render           | Rendering frame 1227
06:41.160  render           | Start rendering: MORI_Assembly_Animation, 视图层
06:41.160  render           | Engine: EEVEE
06:41.243  render           | Fra: 1227 | Rendering 1 / 32 samples
06:41.635  render           | Fra: 1227 | Rendering 25 / 32 samples
06:41.748  render           | Fra: 1227 | Rendering 32 / 32 samples
06:41.795  render           | Video append frame 1227
06:41.795  render           | Time: 00:00.63 (Saving: 00:00.03)
06:41.795  render           | Rendering frame 1228
06:41.795  render           | Start rendering: MORI_Assembly_Animation, 视图层
06:41.795  render           | Engine: EEVEE
06:41.889  render           | Fra: 1228 | Rendering 1 / 32 samples
06:42.269  render           | Fra: 1228 | Rendering 25 / 32 samples
06:42.381  render           | Fra: 1228 | Rendering 32 / 32 samples
06:42.428  render           | Video append frame 1228
06:42.428  render           | Time: 00:00.63 (Saving: 00:00.03)
06:42.428  render           | Rendering frame 1229
06:42.428  render           | Start rendering: MORI_Assembly_Animation, 视图层
06:42.428  render           | Engine: EEVEE
06:42.517  render           | Fra: 1229 | Rendering 1 / 32 samples
06:42.905  render           | Fra: 1229 | Rendering 25 / 32 samples
06:43.016  render           | Fra: 1229 | Rendering 32 / 32 samples
06:43.070  render           | Video append frame 1229
06:43.070  render           | Time: 00:00.64 (Saving: 00:00.04)
06:43.070  render           | Rendering frame 1230
06:43.070  render           | Start rendering: MORI_Assembly_Animation, 视图层
06:43.070  render           | Engine: EEVEE
06:43.167  render           | Fra: 1230 | Rendering 1 / 32 samples
06:43.550  render           | Fra: 1230 | Rendering 25 / 32 samples
06:43.664  render           | Fra: 1230 | Rendering 32 / 32 samples
06:43.701  render           | Video append frame 1230
06:43.701  render           | Time: 00:00.63 (Saving: 00:00.02)
06:43.701  render           | Rendering frame 1231
06:43.702  render           | Start rendering: MORI_Assembly_Animation, 视图层
06:43.702  render           | Engine: EEVEE
06:43.793  render           | Fra: 1231 | Rendering 1 / 32 samples
06:44.185  render           | Fra: 1231 | Rendering 25 / 32 samples
06:44.298  render           | Fra: 1231 | Rendering 32 / 32 samples
06:44.345  render           | Video append frame 1231
06:44.345  render           | Time: 00:00.64 (Saving: 00:00.03)
06:44.345  render           | Rendering frame 1232
06:44.345  render           | Start rendering: MORI_Assembly_Animation, 视图层
06:44.345  render           | Engine: EEVEE
06:44.439  render           | Fra: 1232 | Rendering 1 / 32 samples
06:44.834  render           | Fra: 1232 | Rendering 25 / 32 samples
06:44.949  render           | Fra: 1232 | Rendering 32 / 32 samples
06:44.979  render           | Video append frame 1232
06:44.979  render           | Time: 00:00.63 (Saving: 00:00.02)
06:44.979  render           | Rendering frame 1233
06:44.979  render           | Start rendering: MORI_Assembly_Animation, 视图层
06:44.979  render           | Engine: EEVEE
06:45.058  render           | Fra: 1233 | Rendering 1 / 32 samples
06:45.437  render           | Fra: 1233 | Rendering 25 / 32 samples
06:45.554  render           | Fra: 1233 | Rendering 32 / 32 samples
06:45.581  render           | Video append frame 1233
06:45.581  render           | Time: 00:00.60 (Saving: 00:00.02)
06:45.581  render           | Rendering frame 1234
06:45.581  render           | Start rendering: MORI_Assembly_Animation, 视图层
06:45.581  render           | Engine: EEVEE
06:45.663  render           | Fra: 1234 | Rendering 1 / 32 samples
06:46.046  render           | Fra: 1234 | Rendering 25 / 32 samples
06:46.165  render           | Fra: 1234 | Rendering 32 / 32 samples
06:46.188  render           | Video append frame 1234
06:46.188  render           | Time: 00:00.60 (Saving: 00:00.01)
06:46.188  render           | Rendering frame 1235
06:46.188  render           | Start rendering: MORI_Assembly_Animation, 视图层
06:46.188  render           | Engine: EEVEE
06:46.269  render           | Fra: 1235 | Rendering 1 / 32 samples
06:46.660  render           | Fra: 1235 | Rendering 25 / 32 samples
06:46.777  render           | Fra: 1235 | Rendering 32 / 32 samples
06:46.803  render           | Video append frame 1235
06:46.803  render           | Time: 00:00.61 (Saving: 00:00.02)
06:46.803  render           | Rendering frame 1236
06:46.804  render           | Start rendering: MORI_Assembly_Animation, 视图层
06:46.804  render           | Engine: EEVEE
06:46.888  render           | Fra: 1236 | Rendering 1 / 32 samples
06:47.277  render           | Fra: 1236 | Rendering 25 / 32 samples
06:47.395  render           | Fra: 1236 | Rendering 32 / 32 samples
06:47.415  render           | Video append frame 1236
06:47.415  render           | Time: 00:00.61 (Saving: 00:00.01)
06:47.415  render           | Rendering frame 1237
06:47.416  render           | Start rendering: MORI_Assembly_Animation, 视图层
06:47.416  render           | Engine: EEVEE
06:47.497  render           | Fra: 1237 | Rendering 1 / 32 samples
06:47.882  render           | Fra: 1237 | Rendering 25 / 32 samples
06:48.000  render           | Fra: 1237 | Rendering 32 / 32 samples
06:48.018  render           | Video append frame 1237
06:48.018  render           | Time: 00:00.60 (Saving: 00:00.01)
06:48.018  render           | Rendering frame 1238
06:48.018  render           | Start rendering: MORI_Assembly_Animation, 视图层
06:48.018  render           | Engine: EEVEE
06:48.098  render           | Fra: 1238 | Rendering 1 / 32 samples
06:48.483  render           | Fra: 1238 | Rendering 25 / 32 samples
06:48.600  render           | Fra: 1238 | Rendering 32 / 32 samples
06:48.617  render           | Video append frame 1238
06:48.617  render           | Time: 00:00.59 (Saving: 00:00.01)
06:48.617  render           | Rendering frame 1239
06:48.617  render           | Start rendering: MORI_Assembly_Animation, 视图层
06:48.617  render           | Engine: EEVEE
06:48.699  render           | Fra: 1239 | Rendering 1 / 32 samples
06:49.090  render           | Fra: 1239 | Rendering 25 / 32 samples
06:49.208  render           | Fra: 1239 | Rendering 32 / 32 samples
06:49.237  render           | Video append frame 1239
06:49.238  render           | Time: 00:00.62 (Saving: 00:00.02)
06:49.238  render           | Rendering frame 1240
06:49.238  render           | Start rendering: MORI_Assembly_Animation, 视图层
06:49.239  render           | Engine: EEVEE
06:49.323  render           | Fra: 1240 | Rendering 1 / 32 samples
06:49.716  render           | Fra: 1240 | Rendering 25 / 32 samples
06:49.834  render           | Fra: 1240 | Rendering 32 / 32 samples
06:49.852  render           | Video append frame 1240
06:49.852  render           | Time: 00:00.61 (Saving: 00:00.01)
06:49.852  render           | Rendering frame 1241
06:49.852  render           | Start rendering: MORI_Assembly_Animation, 视图层
06:49.852  render           | Engine: EEVEE
06:49.932  render           | Fra: 1241 | Rendering 1 / 32 samples
06:50.329  render           | Fra: 1241 | Rendering 25 / 32 samples
06:50.448  render           | Fra: 1241 | Rendering 32 / 32 samples
06:50.473  render           | Video append frame 1241
06:50.473  render           | Time: 00:00.62 (Saving: 00:00.01)
06:50.473  render           | Rendering frame 1242
06:50.473  render           | Start rendering: MORI_Assembly_Animation, 视图层
06:50.473  render           | Engine: EEVEE
06:50.549  render           | Fra: 1242 | Rendering 1 / 32 samples
06:50.934  render           | Fra: 1242 | Rendering 25 / 32 samples
06:51.053  render           | Fra: 1242 | Rendering 32 / 32 samples
06:51.070  render           | Video append frame 1242
06:51.071  render           | Time: 00:00.59 (Saving: 00:00.01)
06:51.071  render           | Rendering frame 1243
06:51.071  render           | Start rendering: MORI_Assembly_Animation, 视图层
06:51.071  render           | Engine: EEVEE
06:51.164  render           | Fra: 1243 | Rendering 1 / 32 samples
06:51.547  render           | Fra: 1243 | Rendering 25 / 32 samples
06:51.665  render           | Fra: 1243 | Rendering 32 / 32 samples
06:51.693  render           | Video append frame 1243
06:51.693  render           | Time: 00:00.62 (Saving: 00:00.01)
06:51.693  render           | Rendering frame 1244
06:51.694  render           | Start rendering: MORI_Assembly_Animation, 视图层
06:51.694  render           | Engine: EEVEE
06:51.786  render           | Fra: 1244 | Rendering 1 / 32 samples
06:52.162  render           | Fra: 1244 | Rendering 25 / 32 samples
06:52.269  render           | Fra: 1244 | Rendering 32 / 32 samples
06:52.291  render           | Video append frame 1244
06:52.291  render           | Time: 00:00.59 (Saving: 00:00.01)
06:52.291  render           | Rendering frame 1245
06:52.291  render           | Start rendering: MORI_Assembly_Animation, 视图层
06:52.291  render           | Engine: EEVEE
06:52.375  render           | Fra: 1245 | Rendering 1 / 32 samples
06:52.743  render           | Fra: 1245 | Rendering 25 / 32 samples
06:52.857  render           | Fra: 1245 | Rendering 32 / 32 samples
06:52.873  render           | Video append frame 1245
06:52.874  render           | Time: 00:00.58 (Saving: 00:00.01)
06:52.874  render           | Rendering frame 1246
06:52.874  render           | Start rendering: MORI_Assembly_Animation, 视图层
06:52.874  render           | Engine: EEVEE
06:52.956  render           | Fra: 1246 | Rendering 1 / 32 samples
06:53.319  render           | Fra: 1246 | Rendering 25 / 32 samples
06:53.429  render           | Fra: 1246 | Rendering 32 / 32 samples
06:53.445  render           | Video append frame 1246
06:53.445  render           | Time: 00:00.57 (Saving: 00:00.01)
06:53.445  render           | Rendering frame 1247
06:53.445  render           | Start rendering: MORI_Assembly_Animation, 视图层
06:53.445  render           | Engine: EEVEE
06:53.513  render           | Fra: 1247 | Rendering 1 / 32 samples
06:53.888  render           | Fra: 1247 | Rendering 25 / 32 samples
06:53.998  render           | Fra: 1247 | Rendering 32 / 32 samples
06:54.012  render           | Video append frame 1247
06:54.012  render           | Time: 00:00.56 (Saving: 00:00.00)
06:54.012  render           | Rendering frame 1248
06:54.012  render           | Start rendering: MORI_Assembly_Animation, 视图层
06:54.012  render           | Engine: EEVEE
06:54.082  render           | Fra: 1248 | Rendering 1 / 32 samples
06:54.454  render           | Fra: 1248 | Rendering 25 / 32 samples
06:54.565  render           | Fra: 1248 | Rendering 32 / 32 samples
06:54.581  render           | Video append frame 1248
06:54.581  render           | Time: 00:00.56 (Saving: 00:00.01)
06:54.581  render           | Rendering frame 1249
06:54.581  render           | Start rendering: MORI_Assembly_Animation, 视图层
06:54.581  render           | Engine: EEVEE
06:54.651  render           | Fra: 1249 | Rendering 1 / 32 samples
06:55.027  render           | Fra: 1249 | Rendering 25 / 32 samples
06:55.141  render           | Fra: 1249 | Rendering 32 / 32 samples
06:55.157  render           | Video append frame 1249
06:55.157  render           | Time: 00:00.57 (Saving: 00:00.01)
06:55.157  render           | Rendering frame 1250
06:55.158  render           | Start rendering: MORI_Assembly_Animation, 视图层
06:55.158  render           | Engine: EEVEE
06:55.227  render           | Fra: 1250 | Rendering 1 / 32 samples
06:55.606  render           | Fra: 1250 | Rendering 25 / 32 samples
06:55.733  render           | Fra: 1250 | Rendering 32 / 32 samples
06:55.790  render           | Video append frame 1250
06:55.790  render           | Time: 00:00.63 (Saving: 00:00.04)
06:55.790  render           | Rendering frame 1251
06:55.790  render           | Start rendering: MORI_Assembly_Animation, 视图层
06:55.790  render           | Engine: EEVEE
06:55.880  render           | Fra: 1251 | Rendering 1 / 32 samples
06:56.271  render           | Fra: 1251 | Rendering 25 / 32 samples
06:56.386  render           | Fra: 1251 | Rendering 32 / 32 samples
06:56.443  render           | Video append frame 1251
06:56.443  render           | Time: 00:00.65 (Saving: 00:00.04)
06:56.443  render           | Rendering frame 1252
06:56.443  render           | Start rendering: MORI_Assembly_Animation, 视图层
06:56.443  render           | Engine: EEVEE
06:56.545  render           | Fra: 1252 | Rendering 1 / 32 samples
06:56.933  render           | Fra: 1252 | Rendering 25 / 32 samples
06:57.045  render           | Fra: 1252 | Rendering 32 / 32 samples
06:57.084  render           | Video append frame 1252
06:57.084  render           | Time: 00:00.64 (Saving: 00:00.02)
06:57.084  render           | Rendering frame 1253
06:57.084  render           | Start rendering: MORI_Assembly_Animation, 视图层
06:57.084  render           | Engine: EEVEE
06:57.185  render           | Fra: 1253 | Rendering 1 / 32 samples
06:57.568  render           | Fra: 1253 | Rendering 25 / 32 samples
06:57.679  render           | Fra: 1253 | Rendering 32 / 32 samples
06:57.725  render           | Video append frame 1253
06:57.725  render           | Time: 00:00.64 (Saving: 00:00.03)
06:57.725  render           | Rendering frame 1254
06:57.726  render           | Start rendering: MORI_Assembly_Animation, 视图层
06:57.726  render           | Engine: EEVEE
06:57.820  render           | Fra: 1254 | Rendering 1 / 32 samples
06:58.210  render           | Fra: 1254 | Rendering 25 / 32 samples
06:58.325  render           | Fra: 1254 | Rendering 32 / 32 samples
06:58.366  render           | Video append frame 1254
06:58.366  render           | Time: 00:00.64 (Saving: 00:00.02)
06:58.366  render           | Rendering frame 1255
06:58.366  render           | Start rendering: MORI_Assembly_Animation, 视图层
06:58.366  render           | Engine: EEVEE
06:58.462  render           | Fra: 1255 | Rendering 1 / 32 samples
06:58.846  render           | Fra: 1255 | Rendering 25 / 32 samples
06:58.958  render           | Fra: 1255 | Rendering 32 / 32 samples
06:58.999  render           | Video append frame 1255
06:58.999  render           | Time: 00:00.63 (Saving: 00:00.02)
06:58.999  render           | Rendering frame 1256
06:58.999  render           | Start rendering: MORI_Assembly_Animation, 视图层
06:58.999  render           | Engine: EEVEE
06:59.101  render           | Fra: 1256 | Rendering 1 / 32 samples
06:59.485  render           | Fra: 1256 | Rendering 25 / 32 samples
06:59.596  render           | Fra: 1256 | Rendering 32 / 32 samples
06:59.640  render           | Video append frame 1256
06:59.640  render           | Time: 00:00.64 (Saving: 00:00.02)
06:59.640  render           | Rendering frame 1257
06:59.640  render           | Start rendering: MORI_Assembly_Animation, 视图层
06:59.640  render           | Engine: EEVEE
06:59.738  render           | Fra: 1257 | Rendering 1 / 32 samples
07:00.127  render           | Fra: 1257 | Rendering 25 / 32 samples
07:00.239  render           | Fra: 1257 | Rendering 32 / 32 samples
07:00.301  render           | Video append frame 1257
07:00.301  render           | Time: 00:00.66 (Saving: 00:00.04)
07:00.301  render           | Rendering frame 1258
07:00.301  render           | Start rendering: MORI_Assembly_Animation, 视图层
07:00.301  render           | Engine: EEVEE
07:00.386  render           | Fra: 1258 | Rendering 1 / 32 samples
07:00.770  render           | Fra: 1258 | Rendering 25 / 32 samples
07:00.883  render           | Fra: 1258 | Rendering 32 / 32 samples
07:00.936  render           | Video append frame 1258
07:00.936  render           | Time: 00:00.63 (Saving: 00:00.03)
07:00.936  render           | Rendering frame 1259
07:00.936  render           | Start rendering: MORI_Assembly_Animation, 视图层
07:00.936  render           | Engine: EEVEE
07:01.029  render           | Fra: 1259 | Rendering 1 / 32 samples
07:01.412  render           | Fra: 1259 | Rendering 25 / 32 samples
07:01.523  render           | Fra: 1259 | Rendering 32 / 32 samples
07:01.574  render           | Video append frame 1259
07:01.574  render           | Time: 00:00.63 (Saving: 00:00.03)
07:01.574  render           | Rendering frame 1260
07:01.575  render           | Start rendering: MORI_Assembly_Animation, 视图层
07:01.575  render           | Engine: EEVEE
07:01.665  render           | Fra: 1260 | Rendering 1 / 32 samples
07:02.059  render           | Fra: 1260 | Rendering 25 / 32 samples
07:02.172  render           | Fra: 1260 | Rendering 32 / 32 samples
07:02.216  render           | Video append frame 1260
07:02.216  render           | Time: 00:00.64 (Saving: 00:00.02)
07:02.216  render           | Rendering frame 1261
07:02.217  render           | Start rendering: MORI_Assembly_Animation, 视图层
07:02.217  render           | Engine: EEVEE
07:02.319  render           | Fra: 1261 | Rendering 1 / 32 samples
07:02.702  render           | Fra: 1261 | Rendering 25 / 32 samples
07:02.815  render           | Fra: 1261 | Rendering 32 / 32 samples
07:02.838  render           | Video append frame 1261
07:02.838  render           | Time: 00:00.62 (Saving: 00:00.01)
07:02.838  render           | Rendering frame 1262
07:02.838  render           | Start rendering: MORI_Assembly_Animation, 视图层
07:02.838  render           | Engine: EEVEE
07:02.929  render           | Fra: 1262 | Rendering 1 / 32 samples
07:03.317  render           | Fra: 1262 | Rendering 25 / 32 samples
07:03.431  render           | Fra: 1262 | Rendering 32 / 32 samples
07:03.451  render           | Video append frame 1262
07:03.451  render           | Time: 00:00.61 (Saving: 00:00.01)
07:03.451  render           | Rendering frame 1263
07:03.451  render           | Start rendering: MORI_Assembly_Animation, 视图层
07:03.451  render           | Engine: EEVEE
07:03.529  render           | Fra: 1263 | Rendering 1 / 32 samples
07:03.905  render           | Fra: 1263 | Rendering 25 / 32 samples
07:04.021  render           | Fra: 1263 | Rendering 32 / 32 samples
07:04.048  render           | Video append frame 1263
07:04.048  render           | Time: 00:00.59 (Saving: 00:00.01)
07:04.048  render           | Rendering frame 1264
07:04.048  render           | Start rendering: MORI_Assembly_Animation, 视图层
07:04.048  render           | Engine: EEVEE
07:04.129  render           | Fra: 1264 | Rendering 1 / 32 samples
07:04.506  render           | Fra: 1264 | Rendering 25 / 32 samples
07:04.619  render           | Fra: 1264 | Rendering 32 / 32 samples
07:04.645  render           | Video append frame 1264
07:04.645  render           | Time: 00:00.59 (Saving: 00:00.01)
07:04.645  render           | Rendering frame 1265
07:04.645  render           | Start rendering: MORI_Assembly_Animation, 视图层
07:04.645  render           | Engine: EEVEE
07:04.724  render           | Fra: 1265 | Rendering 1 / 32 samples
07:05.098  render           | Fra: 1265 | Rendering 25 / 32 samples
07:05.216  render           | Fra: 1265 | Rendering 32 / 32 samples
07:05.245  render           | Video append frame 1265
07:05.245  render           | Time: 00:00.59 (Saving: 00:00.02)
07:05.245  render           | Rendering frame 1266
07:05.245  render           | Start rendering: MORI_Assembly_Animation, 视图层
07:05.245  render           | Engine: EEVEE
07:05.328  render           | Fra: 1266 | Rendering 1 / 32 samples
07:05.711  render           | Fra: 1266 | Rendering 25 / 32 samples
07:05.827  render           | Fra: 1266 | Rendering 32 / 32 samples
07:05.852  render           | Video append frame 1266
07:05.852  render           | Time: 00:00.60 (Saving: 00:00.01)
07:05.852  render           | Rendering frame 1267
07:05.852  render           | Start rendering: MORI_Assembly_Animation, 视图层
07:05.852  render           | Engine: EEVEE
07:05.933  render           | Fra: 1267 | Rendering 1 / 32 samples
07:06.315  render           | Fra: 1267 | Rendering 25 / 32 samples
07:06.430  render           | Fra: 1267 | Rendering 32 / 32 samples
07:06.450  render           | Video append frame 1267
07:06.450  render           | Time: 00:00.59 (Saving: 00:00.01)
07:06.450  render           | Rendering frame 1268
07:06.451  render           | Start rendering: MORI_Assembly_Animation, 视图层
07:06.451  render           | Engine: EEVEE
07:06.530  render           | Fra: 1268 | Rendering 1 / 32 samples
07:06.913  render           | Fra: 1268 | Rendering 25 / 32 samples
07:07.031  render           | Fra: 1268 | Rendering 32 / 32 samples
07:07.049  render           | Video append frame 1268
07:07.049  render           | Time: 00:00.59 (Saving: 00:00.01)
07:07.049  render           | Rendering frame 1269
07:07.049  render           | Start rendering: MORI_Assembly_Animation, 视图层
07:07.049  render           | Engine: EEVEE
07:07.127  render           | Fra: 1269 | Rendering 1 / 32 samples
07:07.515  render           | Fra: 1269 | Rendering 25 / 32 samples
07:07.632  render           | Fra: 1269 | Rendering 32 / 32 samples
07:07.660  render           | Video append frame 1269
07:07.660  render           | Time: 00:00.61 (Saving: 00:00.02)
07:07.660  render           | Rendering frame 1270
07:07.661  render           | Start rendering: MORI_Assembly_Animation, 视图层
07:07.661  render           | Engine: EEVEE
07:07.757  render           | Fra: 1270 | Rendering 1 / 32 samples
07:08.146  render           | Fra: 1270 | Rendering 25 / 32 samples
07:08.255  render           | Fra: 1270 | Rendering 32 / 32 samples
07:08.280  render           | Video append frame 1270
07:08.280  render           | Time: 00:00.61 (Saving: 00:00.01)
07:08.280  render           | Rendering frame 1271
07:08.281  render           | Start rendering: MORI_Assembly_Animation, 视图层
07:08.281  render           | Engine: EEVEE
07:08.362  render           | Fra: 1271 | Rendering 1 / 32 samples
07:08.737  render           | Fra: 1271 | Rendering 25 / 32 samples
07:08.856  render           | Fra: 1271 | Rendering 32 / 32 samples
07:08.889  render           | Video append frame 1271
07:08.889  render           | Time: 00:00.60 (Saving: 00:00.02)
07:08.889  render           | Rendering frame 1272
07:08.890  render           | Start rendering: MORI_Assembly_Animation, 视图层
07:08.890  render           | Engine: EEVEE
07:09.011  render           | Fra: 1272 | Rendering 1 / 32 samples
07:09.388  render           | Fra: 1272 | Rendering 25 / 32 samples
07:09.497  render           | Fra: 1272 | Rendering 32 / 32 samples
07:09.517  render           | Video append frame 1272
07:09.517  render           | Time: 00:00.62 (Saving: 00:00.01)
07:09.517  render           | Rendering frame 1273
07:09.517  render           | Start rendering: MORI_Assembly_Animation, 视图层
07:09.517  render           | Engine: EEVEE
07:09.594  render           | Fra: 1273 | Rendering 1 / 32 samples
07:09.981  render           | Fra: 1273 | Rendering 25 / 32 samples
07:10.109  render           | Fra: 1273 | Rendering 32 / 32 samples
07:10.129  render           | Video append frame 1273
07:10.129  render           | Time: 00:00.61 (Saving: 00:00.01)
07:10.129  render           | Rendering frame 1274
07:10.130  render           | Start rendering: MORI_Assembly_Animation, 视图层
07:10.130  render           | Engine: EEVEE
07:10.214  render           | Fra: 1274 | Rendering 1 / 32 samples
07:10.582  render           | Fra: 1274 | Rendering 25 / 32 samples
07:10.696  render           | Fra: 1274 | Rendering 32 / 32 samples
07:10.715  render           | Video append frame 1274
07:10.715  render           | Time: 00:00.58 (Saving: 00:00.01)
07:10.715  render           | Rendering frame 1275
07:10.715  render           | Start rendering: MORI_Assembly_Animation, 视图层
07:10.715  render           | Engine: EEVEE
07:10.791  render           | Fra: 1275 | Rendering 1 / 32 samples
07:11.163  render           | Fra: 1275 | Rendering 25 / 32 samples
07:11.278  render           | Fra: 1275 | Rendering 32 / 32 samples
07:11.294  render           | Video append frame 1275
07:11.294  render           | Time: 00:00.57 (Saving: 00:00.01)
07:11.294  render           | Rendering frame 1276
07:11.294  render           | Start rendering: MORI_Assembly_Animation, 视图层
07:11.294  render           | Engine: EEVEE
07:11.367  render           | Fra: 1276 | Rendering 1 / 32 samples
07:11.732  render           | Fra: 1276 | Rendering 25 / 32 samples
07:11.845  render           | Fra: 1276 | Rendering 32 / 32 samples
07:11.859  render           | Video append frame 1276
07:11.859  render           | Time: 00:00.56 (Saving: 00:00.00)
07:11.859  render           | Rendering frame 1277
07:11.859  render           | Start rendering: MORI_Assembly_Animation, 视图层
07:11.859  render           | Engine: EEVEE
07:11.928  render           | Fra: 1277 | Rendering 1 / 32 samples
07:12.299  render           | Fra: 1277 | Rendering 25 / 32 samples
07:12.410  render           | Fra: 1277 | Rendering 32 / 32 samples
07:12.424  render           | Video append frame 1277
07:12.424  render           | Time: 00:00.56 (Saving: 00:00.00)
07:12.424  render           | Rendering frame 1278
07:12.424  render           | Start rendering: MORI_Assembly_Animation, 视图层
07:12.424  render           | Engine: EEVEE
07:12.494  render           | Fra: 1278 | Rendering 1 / 32 samples
07:12.866  render           | Fra: 1278 | Rendering 25 / 32 samples
07:12.978  render           | Fra: 1278 | Rendering 32 / 32 samples
07:12.992  render           | Video append frame 1278
07:12.992  render           | Time: 00:00.56 (Saving: 00:00.00)
07:12.992  render           | Rendering frame 1279
07:12.993  render           | Start rendering: MORI_Assembly_Animation, 视图层
07:12.993  render           | Engine: EEVEE
07:13.063  render           | Fra: 1279 | Rendering 1 / 32 samples
07:13.442  render           | Fra: 1279 | Rendering 25 / 32 samples
07:13.557  render           | Fra: 1279 | Rendering 32 / 32 samples
07:13.586  render           | Video append frame 1279
07:13.586  render           | Time: 00:00.59 (Saving: 00:00.02)
07:13.586  render           | Rendering frame 1280
07:13.586  render           | Start rendering: MORI_Assembly_Animation, 视图层
07:13.586  render           | Engine: EEVEE
07:13.669  render           | Fra: 1280 | Rendering 1 / 32 samples
07:14.067  render           | Fra: 1280 | Rendering 25 / 32 samples
07:14.188  render           | Fra: 1280 | Rendering 32 / 32 samples
07:14.255  render           | Video append frame 1280
07:14.255  render           | Time: 00:00.66 (Saving: 00:00.05)
07:14.255  render           | Rendering frame 1281
07:14.256  render           | Start rendering: MORI_Assembly_Animation, 视图层
07:14.256  render           | Engine: EEVEE
07:14.352  render           | Fra: 1281 | Rendering 1 / 32 samples
07:14.745  render           | Fra: 1281 | Rendering 25 / 32 samples
07:14.859  render           | Fra: 1281 | Rendering 32 / 32 samples
07:14.904  render           | Video append frame 1281
07:14.904  render           | Time: 00:00.64 (Saving: 00:00.03)
07:14.904  render           | Rendering frame 1282
07:14.904  render           | Start rendering: MORI_Assembly_Animation, 视图层
07:14.904  render           | Engine: EEVEE
07:15.000  render           | Fra: 1282 | Rendering 1 / 32 samples
07:15.381  render           | Fra: 1282 | Rendering 25 / 32 samples
07:15.492  render           | Fra: 1282 | Rendering 32 / 32 samples
07:15.532  render           | Video append frame 1282
07:15.533  render           | Time: 00:00.62 (Saving: 00:00.02)
07:15.533  render           | Rendering frame 1283
07:15.533  render           | Start rendering: MORI_Assembly_Animation, 视图层
07:15.533  render           | Engine: EEVEE
07:15.636  render           | Fra: 1283 | Rendering 1 / 32 samples
07:16.020  render           | Fra: 1283 | Rendering 25 / 32 samples
07:16.132  render           | Fra: 1283 | Rendering 32 / 32 samples
07:16.175  render           | Video append frame 1283
07:16.175  render           | Time: 00:00.64 (Saving: 00:00.02)
07:16.175  render           | Rendering frame 1284
07:16.175  render           | Start rendering: MORI_Assembly_Animation, 视图层
07:16.175  render           | Engine: EEVEE
07:16.268  render           | Fra: 1284 | Rendering 1 / 32 samples
07:16.657  render           | Fra: 1284 | Rendering 25 / 32 samples
07:16.768  render           | Fra: 1284 | Rendering 32 / 32 samples
07:16.817  render           | Video append frame 1284
07:16.817  render           | Time: 00:00.64 (Saving: 00:00.03)
07:16.817  render           | Rendering frame 1285
07:16.817  render           | Start rendering: MORI_Assembly_Animation, 视图层
07:16.817  render           | Engine: EEVEE
07:16.905  render           | Fra: 1285 | Rendering 1 / 32 samples
07:17.305  render           | Fra: 1285 | Rendering 25 / 32 samples
07:17.417  render           | Fra: 1285 | Rendering 32 / 32 samples
07:17.441  render           | Video append frame 1285
07:17.441  render           | Time: 00:00.62 (Saving: 00:00.01)
07:17.441  render           | Rendering frame 1286
07:17.441  render           | Start rendering: MORI_Assembly_Animation, 视图层
07:17.441  render           | Engine: EEVEE
07:17.538  render           | Fra: 1286 | Rendering 1 / 32 samples
07:17.922  render           | Fra: 1286 | Rendering 25 / 32 samples
07:18.033  render           | Fra: 1286 | Rendering 32 / 32 samples
07:18.088  render           | Video append frame 1286
07:18.088  render           | Time: 00:00.64 (Saving: 00:00.03)
07:18.088  render           | Rendering frame 1287
07:18.088  render           | Start rendering: MORI_Assembly_Animation, 视图层
07:18.088  render           | Engine: EEVEE
07:18.184  render           | Fra: 1287 | Rendering 1 / 32 samples
07:18.572  render           | Fra: 1287 | Rendering 25 / 32 samples
07:18.689  render           | Fra: 1287 | Rendering 32 / 32 samples
07:18.719  render           | Video append frame 1287
07:18.719  render           | Time: 00:00.63 (Saving: 00:00.02)
07:18.721  render           | Rendering frame 1288
07:18.721  render           | Start rendering: MORI_Assembly_Animation, 视图层
07:18.721  render           | Engine: EEVEE
07:18.818  render           | Fra: 1288 | Rendering 1 / 32 samples
07:19.197  render           | Fra: 1288 | Rendering 25 / 32 samples
07:19.313  render           | Fra: 1288 | Rendering 32 / 32 samples
07:19.338  render           | Video append frame 1288
07:19.338  render           | Time: 00:00.61 (Saving: 00:00.01)
07:19.338  render           | Rendering frame 1289
07:19.338  render           | Start rendering: MORI_Assembly_Animation, 视图层
07:19.338  render           | Engine: EEVEE
07:19.415  render           | Fra: 1289 | Rendering 1 / 32 samples
07:19.798  render           | Fra: 1289 | Rendering 25 / 32 samples
07:19.916  render           | Fra: 1289 | Rendering 32 / 32 samples
07:19.936  render           | Video append frame 1289
07:19.936  render           | Time: 00:00.59 (Saving: 00:00.01)
07:19.936  render           | Rendering frame 1290
07:19.936  render           | Start rendering: MORI_Assembly_Animation, 视图层
07:19.936  render           | Engine: EEVEE
07:20.014  render           | Fra: 1290 | Rendering 1 / 32 samples
07:20.412  render           | Fra: 1290 | Rendering 25 / 32 samples
07:20.531  render           | Fra: 1290 | Rendering 32 / 32 samples
07:20.550  render           | Video append frame 1290
07:20.550  render           | Time: 00:00.61 (Saving: 00:00.01)
07:20.550  render           | Rendering frame 1291
07:20.550  render           | Start rendering: MORI_Assembly_Animation, 视图层
07:20.550  render           | Engine: EEVEE
07:20.633  render           | Fra: 1291 | Rendering 1 / 32 samples
07:21.029  render           | Fra: 1291 | Rendering 25 / 32 samples
07:21.147  render           | Fra: 1291 | Rendering 32 / 32 samples
07:21.165  render           | Video append frame 1291
07:21.165  render           | Time: 00:00.61 (Saving: 00:00.01)
07:21.165  render           | Rendering frame 1292
07:21.165  render           | Start rendering: MORI_Assembly_Animation, 视图层
07:21.165  render           | Engine: EEVEE
07:21.244  render           | Fra: 1292 | Rendering 1 / 32 samples
07:21.646  render           | Fra: 1292 | Rendering 25 / 32 samples
07:21.764  render           | Fra: 1292 | Rendering 32 / 32 samples
07:21.786  render           | Video append frame 1292
07:21.786  render           | Time: 00:00.62 (Saving: 00:00.01)
07:21.786  render           | Rendering frame 1293
07:21.786  render           | Start rendering: MORI_Assembly_Animation, 视图层
07:21.786  render           | Engine: EEVEE
07:21.864  render           | Fra: 1293 | Rendering 1 / 32 samples
07:22.260  render           | Fra: 1293 | Rendering 25 / 32 samples
07:22.376  render           | Fra: 1293 | Rendering 32 / 32 samples
07:22.399  render           | Video append frame 1293
07:22.399  render           | Time: 00:00.61 (Saving: 00:00.01)
07:22.399  render           | Rendering frame 1294
07:22.399  render           | Start rendering: MORI_Assembly_Animation, 视图层
07:22.399  render           | Engine: EEVEE
07:22.479  render           | Fra: 1294 | Rendering 1 / 32 samples
07:22.875  render           | Fra: 1294 | Rendering 25 / 32 samples
07:22.992  render           | Fra: 1294 | Rendering 32 / 32 samples
07:23.013  render           | Video append frame 1294
07:23.013  render           | Time: 00:00.61 (Saving: 00:00.01)
07:23.013  render           | Rendering frame 1295
07:23.013  render           | Start rendering: MORI_Assembly_Animation, 视图层
07:23.013  render           | Engine: EEVEE
07:23.092  render           | Fra: 1295 | Rendering 1 / 32 samples
07:23.497  render           | Fra: 1295 | Rendering 25 / 32 samples
07:23.615  render           | Fra: 1295 | Rendering 32 / 32 samples
07:23.638  render           | Video append frame 1295
07:23.640  render           | Time: 00:00.62 (Saving: 00:00.01)
07:23.640  render           | Rendering frame 1296
07:23.640  render           | Start rendering: MORI_Assembly_Animation, 视图层
07:23.640  render           | Engine: EEVEE
07:23.729  render           | Fra: 1296 | Rendering 1 / 32 samples
07:24.126  render           | Fra: 1296 | Rendering 25 / 32 samples
07:24.244  render           | Fra: 1296 | Rendering 32 / 32 samples
07:24.262  render           | Video append frame 1296
07:24.262  render           | Time: 00:00.62 (Saving: 00:00.01)
07:24.262  render           | Rendering frame 1297
07:24.262  render           | Start rendering: MORI_Assembly_Animation, 视图层
07:24.262  render           | Engine: EEVEE
07:24.340  render           | Fra: 1297 | Rendering 1 / 32 samples
07:24.744  render           | Fra: 1297 | Rendering 25 / 32 samples
07:24.862  render           | Fra: 1297 | Rendering 32 / 32 samples
07:24.885  render           | Video append frame 1297
07:24.886  render           | Time: 00:00.62 (Saving: 00:00.01)
07:24.886  render           | Rendering frame 1298
07:24.886  render           | Start rendering: MORI_Assembly_Animation, 视图层
07:24.886  render           | Engine: EEVEE
07:24.971  render           | Fra: 1298 | Rendering 1 / 32 samples
07:25.382  render           | Fra: 1298 | Rendering 25 / 32 samples
07:25.500  render           | Fra: 1298 | Rendering 32 / 32 samples
07:25.526  render           | Video append frame 1298
07:25.526  render           | Time: 00:00.63 (Saving: 00:00.01)
07:25.526  render           | Rendering frame 1299
07:25.526  render           | Start rendering: MORI_Assembly_Animation, 视图层
07:25.526  render           | Engine: EEVEE
07:25.615  render           | Fra: 1299 | Rendering 1 / 32 samples
07:26.008  render           | Fra: 1299 | Rendering 25 / 32 samples
07:26.123  render           | Fra: 1299 | Rendering 32 / 32 samples
07:26.142  render           | Video append frame 1299
07:26.142  render           | Time: 00:00.61 (Saving: 00:00.01)
07:26.142  render           | Rendering frame 1300
07:26.142  render           | Start rendering: MORI_Assembly_Animation, 视图层
07:26.142  render           | Engine: EEVEE
07:26.224  render           | Fra: 1300 | Rendering 1 / 32 samples
07:26.620  render           | Fra: 1300 | Rendering 25 / 32 samples
07:26.735  render           | Fra: 1300 | Rendering 32 / 32 samples
07:26.751  render           | Video append frame 1300
07:26.751  render           | Time: 00:00.60 (Saving: 00:00.01)
07:26.751  render           | Rendering frame 1301
07:26.752  render           | Start rendering: MORI_Assembly_Animation, 视图层
07:26.752  render           | Engine: EEVEE
07:26.829  render           | Fra: 1301 | Rendering 1 / 32 samples
07:27.231  render           | Fra: 1301 | Rendering 25 / 32 samples
07:27.347  render           | Fra: 1301 | Rendering 32 / 32 samples
07:27.370  render           | Video append frame 1301
07:27.370  render           | Time: 00:00.61 (Saving: 00:00.01)
07:27.370  render           | Rendering frame 1302
07:27.370  render           | Start rendering: MORI_Assembly_Animation, 视图层
07:27.370  render           | Engine: EEVEE
07:27.471  render           | Fra: 1302 | Rendering 1 / 32 samples
07:27.868  render           | Fra: 1302 | Rendering 25 / 32 samples
07:27.983  render           | Fra: 1302 | Rendering 32 / 32 samples
07:28.005  render           | Video append frame 1302
07:28.005  render           | Time: 00:00.63 (Saving: 00:00.01)
07:28.005  render           | Rendering frame 1303
07:28.005  render           | Start rendering: MORI_Assembly_Animation, 视图层
07:28.005  render           | Engine: EEVEE
07:28.092  render           | Fra: 1303 | Rendering 1 / 32 samples
07:28.483  render           | Fra: 1303 | Rendering 25 / 32 samples
07:28.597  render           | Fra: 1303 | Rendering 32 / 32 samples
07:28.615  render           | Video append frame 1303
07:28.615  render           | Time: 00:00.61 (Saving: 00:00.01)
07:28.615  render           | Rendering frame 1304
07:28.615  render           | Start rendering: MORI_Assembly_Animation, 视图层
07:28.615  render           | Engine: EEVEE
07:28.692  render           | Fra: 1304 | Rendering 1 / 32 samples
07:29.078  render           | Fra: 1304 | Rendering 25 / 32 samples
07:29.191  render           | Fra: 1304 | Rendering 32 / 32 samples
07:29.207  render           | Video append frame 1304
07:29.207  render           | Time: 00:00.59 (Saving: 00:00.01)
07:29.207  render           | Rendering frame 1305
07:29.207  render           | Start rendering: MORI_Assembly_Animation, 视图层
07:29.207  render           | Engine: EEVEE
07:29.281  render           | Fra: 1305 | Rendering 1 / 32 samples
07:29.670  render           | Fra: 1305 | Rendering 25 / 32 samples
07:29.786  render           | Fra: 1305 | Rendering 32 / 32 samples
07:29.801  render           | Video append frame 1305
07:29.801  render           | Time: 00:00.59 (Saving: 00:00.00)
07:29.801  render           | Rendering frame 1306
07:29.802  render           | Start rendering: MORI_Assembly_Animation, 视图层
07:29.802  render           | Engine: EEVEE
07:29.872  render           | Fra: 1306 | Rendering 1 / 32 samples
07:30.269  render           | Fra: 1306 | Rendering 25 / 32 samples
07:30.390  render           | Fra: 1306 | Rendering 32 / 32 samples
07:30.429  render           | Video append frame 1306
07:30.429  render           | Time: 00:00.62 (Saving: 00:00.02)
07:30.429  render           | Rendering frame 1307
07:30.429  render           | Start rendering: MORI_Assembly_Animation, 视图层
07:30.430  render           | Engine: EEVEE
07:30.514  render           | Fra: 1307 | Rendering 1 / 32 samples
07:30.924  render           | Fra: 1307 | Rendering 25 / 32 samples
07:31.044  render           | Fra: 1307 | Rendering 32 / 32 samples
07:31.090  render           | Video append frame 1307
07:31.090  render           | Time: 00:00.66 (Saving: 00:00.03)
07:31.090  render           | Rendering frame 1308
07:31.090  render           | Start rendering: MORI_Assembly_Animation, 视图层
07:31.090  render           | Engine: EEVEE
07:31.191  render           | Fra: 1308 | Rendering 1 / 32 samples
07:31.590  render           | Fra: 1308 | Rendering 25 / 32 samples
07:31.711  render           | Fra: 1308 | Rendering 32 / 32 samples
07:31.754  render           | Video append frame 1308
07:31.754  render           | Time: 00:00.66 (Saving: 00:00.02)
07:31.754  render           | Rendering frame 1309
07:31.754  render           | Start rendering: MORI_Assembly_Animation, 视图层
07:31.754  render           | Engine: EEVEE
07:31.855  render           | Fra: 1309 | Rendering 1 / 32 samples
07:32.250  render           | Fra: 1309 | Rendering 25 / 32 samples
07:32.369  render           | Fra: 1309 | Rendering 32 / 32 samples
07:32.413  render           | Video append frame 1309
07:32.413  render           | Time: 00:00.65 (Saving: 00:00.03)
07:32.413  render           | Rendering frame 1310
07:32.413  render           | Start rendering: MORI_Assembly_Animation, 视图层
07:32.413  render           | Engine: EEVEE
07:32.515  render           | Fra: 1310 | Rendering 1 / 32 samples
07:32.914  render           | Fra: 1310 | Rendering 25 / 32 samples
07:33.034  render           | Fra: 1310 | Rendering 32 / 32 samples
07:33.085  render           | Video append frame 1310
07:33.085  render           | Time: 00:00.67 (Saving: 00:00.03)
07:33.085  render           | Rendering frame 1311
07:33.085  render           | Start rendering: MORI_Assembly_Animation, 视图层
07:33.085  render           | Engine: EEVEE
07:33.186  render           | Fra: 1311 | Rendering 1 / 32 samples
07:33.580  render           | Fra: 1311 | Rendering 25 / 32 samples
07:33.700  render           | Fra: 1311 | Rendering 32 / 32 samples
07:33.753  render           | Video append frame 1311
07:33.753  render           | Time: 00:00.66 (Saving: 00:00.03)
07:33.753  render           | Rendering frame 1312
07:33.753  render           | Start rendering: MORI_Assembly_Animation, 视图层
07:33.753  render           | Engine: EEVEE
07:33.854  render           | Fra: 1312 | Rendering 1 / 32 samples
07:34.249  render           | Fra: 1312 | Rendering 25 / 32 samples
07:34.370  render           | Fra: 1312 | Rendering 32 / 32 samples
07:34.391  render           | Video append frame 1312
07:34.391  render           | Time: 00:00.63 (Saving: 00:00.01)
07:34.391  render           | Rendering frame 1313
07:34.391  render           | Start rendering: MORI_Assembly_Animation, 视图层
07:34.391  render           | Engine: EEVEE
07:34.484  render           | Fra: 1313 | Rendering 1 / 32 samples
07:34.884  render           | Fra: 1313 | Rendering 25 / 32 samples
07:35.001  render           | Fra: 1313 | Rendering 32 / 32 samples
07:35.023  render           | Video append frame 1313
07:35.023  render           | Time: 00:00.63 (Saving: 00:00.01)
07:35.023  render           | Rendering frame 1314
07:35.023  render           | Start rendering: MORI_Assembly_Animation, 视图层
07:35.023  render           | Engine: EEVEE
07:35.109  render           | Fra: 1314 | Rendering 1 / 32 samples
07:35.507  render           | Fra: 1314 | Rendering 25 / 32 samples
07:35.627  render           | Fra: 1314 | Rendering 32 / 32 samples
07:35.648  render           | Video append frame 1314
07:35.648  render           | Time: 00:00.62 (Saving: 00:00.01)
07:35.648  render           | Rendering frame 1315
07:35.648  render           | Start rendering: MORI_Assembly_Animation, 视图层
07:35.649  render           | Engine: EEVEE
07:35.739  render           | Fra: 1315 | Rendering 1 / 32 samples
07:36.133  render           | Fra: 1315 | Rendering 25 / 32 samples
07:36.250  render           | Fra: 1315 | Rendering 32 / 32 samples
07:36.273  render           | Video append frame 1315
07:36.273  render           | Time: 00:00.62 (Saving: 00:00.01)
07:36.273  render           | Rendering frame 1316
07:36.274  render           | Start rendering: MORI_Assembly_Animation, 视图层
07:36.274  render           | Engine: EEVEE
07:36.348  render           | Fra: 1316 | Rendering 1 / 32 samples
07:36.750  render           | Fra: 1316 | Rendering 25 / 32 samples
07:36.868  render           | Fra: 1316 | Rendering 32 / 32 samples
07:36.887  render           | Video append frame 1316
07:36.888  render           | Time: 00:00.61 (Saving: 00:00.01)
07:36.888  render           | Rendering frame 1317
07:36.888  render           | Start rendering: MORI_Assembly_Animation, 视图层
07:36.888  render           | Engine: EEVEE
07:36.976  render           | Fra: 1317 | Rendering 1 / 32 samples
07:37.383  render           | Fra: 1317 | Rendering 25 / 32 samples
07:37.501  render           | Fra: 1317 | Rendering 32 / 32 samples
07:37.530  render           | Video append frame 1317
07:37.530  render           | Time: 00:00.64 (Saving: 00:00.02)
07:37.530  render           | Rendering frame 1318
07:37.530  render           | Start rendering: MORI_Assembly_Animation, 视图层
07:37.530  render           | Engine: EEVEE
07:37.609  render           | Fra: 1318 | Rendering 1 / 32 samples
07:38.017  render           | Fra: 1318 | Rendering 25 / 32 samples
07:38.137  render           | Fra: 1318 | Rendering 32 / 32 samples
07:38.163  render           | Video append frame 1318
07:38.163  render           | Time: 00:00.63 (Saving: 00:00.02)
07:38.163  render           | Rendering frame 1319
07:38.163  render           | Start rendering: MORI_Assembly_Animation, 视图层
07:38.163  render           | Engine: EEVEE
07:38.245  render           | Fra: 1319 | Rendering 1 / 32 samples
07:38.647  render           | Fra: 1319 | Rendering 25 / 32 samples
07:38.764  render           | Fra: 1319 | Rendering 32 / 32 samples
07:38.785  render           | Video append frame 1319
07:38.785  render           | Time: 00:00.62 (Saving: 00:00.01)
07:38.785  render           | Rendering frame 1320
07:38.785  render           | Start rendering: MORI_Assembly_Animation, 视图层
07:38.785  render           | Engine: EEVEE
07:38.862  render           | Fra: 1320 | Rendering 1 / 32 samples
07:39.272  render           | Fra: 1320 | Rendering 25 / 32 samples
07:39.390  render           | Fra: 1320 | Rendering 32 / 32 samples
07:39.418  render           | Video append frame 1320
07:39.421  render           | Time: 00:00.63 (Saving: 00:00.02)
07:39.423  render           | Rendering frame 1321
07:39.424  render           | Start rendering: MORI_Assembly_Animation, 视图层
07:39.424  render           | Engine: EEVEE
07:39.517  render           | Fra: 1321 | Rendering 1 / 32 samples
07:39.935  render           | Fra: 1321 | Rendering 25 / 32 samples
07:40.054  render           | Fra: 1321 | Rendering 32 / 32 samples
07:40.078  render           | Video append frame 1321
07:40.078  render           | Time: 00:00.65 (Saving: 00:00.01)
07:40.079  render           | Rendering frame 1322
07:40.079  render           | Start rendering: MORI_Assembly_Animation, 视图层
07:40.079  render           | Engine: EEVEE
07:40.174  render           | Fra: 1322 | Rendering 1 / 32 samples
07:40.577  render           | Fra: 1322 | Rendering 25 / 32 samples
07:40.694  render           | Fra: 1322 | Rendering 32 / 32 samples
07:40.720  render           | Video append frame 1322
07:40.720  render           | Time: 00:00.64 (Saving: 00:00.01)
07:40.720  render           | Rendering frame 1323
07:40.720  render           | Start rendering: MORI_Assembly_Animation, 视图层
07:40.720  render           | Engine: EEVEE
07:40.801  render           | Fra: 1323 | Rendering 1 / 32 samples
07:41.201  render           | Fra: 1323 | Rendering 25 / 32 samples
07:41.318  render           | Fra: 1323 | Rendering 32 / 32 samples
07:41.345  render           | Video append frame 1323
07:41.345  render           | Time: 00:00.62 (Saving: 00:00.02)
07:41.345  render           | Rendering frame 1324
07:41.345  render           | Start rendering: MORI_Assembly_Animation, 视图层
07:41.345  render           | Engine: EEVEE
07:41.425  render           | Fra: 1324 | Rendering 1 / 32 samples
07:41.821  render           | Fra: 1324 | Rendering 25 / 32 samples
07:41.938  render           | Fra: 1324 | Rendering 32 / 32 samples
07:41.965  render           | Video append frame 1324
07:41.965  render           | Time: 00:00.61 (Saving: 00:00.02)
07:41.965  render           | Rendering frame 1325
07:41.965  render           | Start rendering: MORI_Assembly_Animation, 视图层
07:41.965  render           | Engine: EEVEE
07:42.044  render           | Fra: 1325 | Rendering 1 / 32 samples
07:42.444  render           | Fra: 1325 | Rendering 25 / 32 samples
07:42.558  render           | Fra: 1325 | Rendering 32 / 32 samples
07:42.578  render           | Video append frame 1325
07:42.579  render           | Time: 00:00.61 (Saving: 00:00.01)
07:42.579  render           | Rendering frame 1326
07:42.579  render           | Start rendering: MORI_Assembly_Animation, 视图层
07:42.579  render           | Engine: EEVEE
07:42.659  render           | Fra: 1326 | Rendering 1 / 32 samples
07:43.049  render           | Fra: 1326 | Rendering 25 / 32 samples
07:43.161  render           | Fra: 1326 | Rendering 32 / 32 samples
07:43.177  render           | Video append frame 1326
07:43.177  render           | Time: 00:00.59 (Saving: 00:00.01)
07:43.177  render           | Rendering frame 1327
07:43.177  render           | Start rendering: MORI_Assembly_Animation, 视图层
07:43.177  render           | Engine: EEVEE
07:43.260  render           | Fra: 1327 | Rendering 1 / 32 samples
07:43.643  render           | Fra: 1327 | Rendering 25 / 32 samples
07:43.755  render           | Fra: 1327 | Rendering 32 / 32 samples
07:43.771  render           | Video append frame 1327
07:43.771  render           | Time: 00:00.59 (Saving: 00:00.01)
07:43.771  render           | Rendering frame 1328
07:43.772  render           | Start rendering: MORI_Assembly_Animation, 视图层
07:43.772  render           | Engine: EEVEE
07:43.840  render           | Fra: 1328 | Rendering 1 / 32 samples
07:44.225  render           | Fra: 1328 | Rendering 25 / 32 samples
07:44.337  render           | Fra: 1328 | Rendering 32 / 32 samples
07:44.351  render           | Video append frame 1328
07:44.351  render           | Time: 00:00.57 (Saving: 00:00.00)
07:44.351  render           | Rendering frame 1329
07:44.351  render           | Start rendering: MORI_Assembly_Animation, 视图层
07:44.352  render           | Engine: EEVEE
07:44.421  render           | Fra: 1329 | Rendering 1 / 32 samples
07:44.805  render           | Fra: 1329 | Rendering 25 / 32 samples
07:44.922  render           | Fra: 1329 | Rendering 32 / 32 samples
07:44.938  render           | Video append frame 1329
07:44.938  render           | Time: 00:00.58 (Saving: 00:00.01)
07:44.938  render           | Rendering frame 1330
07:44.938  render           | Start rendering: MORI_Assembly_Animation, 视图层
07:44.938  render           | Engine: EEVEE
07:45.009  render           | Fra: 1330 | Rendering 1 / 32 samples
07:45.399  render           | Fra: 1330 | Rendering 25 / 32 samples
07:45.513  render           | Fra: 1330 | Rendering 32 / 32 samples
07:45.529  render           | Video append frame 1330
07:45.529  render           | Time: 00:00.59 (Saving: 00:00.01)
07:45.529  render           | Rendering frame 1331
07:45.529  render           | Start rendering: MORI_Assembly_Animation, 视图层
07:45.529  render           | Engine: EEVEE
07:45.596  render           | Fra: 1331 | Rendering 1 / 32 samples
07:45.998  render           | Fra: 1331 | Rendering 25 / 32 samples
07:46.124  render           | Fra: 1331 | Rendering 32 / 32 samples
07:46.158  render           | Video append frame 1331
07:46.158  render           | Time: 00:00.62 (Saving: 00:00.02)
07:46.158  render           | Rendering frame 1332
07:46.159  render           | Start rendering: MORI_Assembly_Animation, 视图层
07:46.159  render           | Engine: EEVEE
07:46.248  render           | Fra: 1332 | Rendering 1 / 32 samples
07:46.656  render           | Fra: 1332 | Rendering 25 / 32 samples
07:46.778  render           | Fra: 1332 | Rendering 32 / 32 samples
07:46.829  render           | Video append frame 1332
07:46.829  render           | Time: 00:00.67 (Saving: 00:00.03)
07:46.829  render           | Rendering frame 1333
07:46.829  render           | Start rendering: MORI_Assembly_Animation, 视图层
07:46.829  render           | Engine: EEVEE
07:46.919  render           | Fra: 1333 | Rendering 1 / 32 samples
07:47.318  render           | Fra: 1333 | Rendering 25 / 32 samples
07:47.438  render           | Fra: 1333 | Rendering 32 / 32 samples
07:47.489  render           | Video append frame 1333
07:47.490  render           | Time: 00:00.66 (Saving: 00:00.03)
07:47.490  render           | Rendering frame 1334
07:47.490  render           | Start rendering: MORI_Assembly_Animation, 视图层
07:47.490  render           | Engine: EEVEE
07:47.595  render           | Fra: 1334 | Rendering 1 / 32 samples
07:47.996  render           | Fra: 1334 | Rendering 25 / 32 samples
07:48.116  render           | Fra: 1334 | Rendering 32 / 32 samples
07:48.177  render           | Video append frame 1334
07:48.177  render           | Time: 00:00.68 (Saving: 00:00.04)
07:48.177  render           | Rendering frame 1335
07:48.178  render           | Start rendering: MORI_Assembly_Animation, 视图层
07:48.178  render           | Engine: EEVEE
07:48.267  render           | Fra: 1335 | Rendering 1 / 32 samples
07:48.653  render           | Fra: 1335 | Rendering 25 / 32 samples
07:48.775  render           | Fra: 1335 | Rendering 32 / 32 samples
07:48.841  render           | Video append frame 1335
07:48.841  render           | Time: 00:00.66 (Saving: 00:00.05)
07:48.841  render           | Rendering frame 1336
07:48.841  render           | Start rendering: MORI_Assembly_Animation, 视图层
07:48.841  render           | Engine: EEVEE
07:48.932  render           | Fra: 1336 | Rendering 1 / 32 samples
07:49.332  render           | Fra: 1336 | Rendering 25 / 32 samples
07:49.449  render           | Fra: 1336 | Rendering 32 / 32 samples
07:49.506  render           | Video append frame 1336
07:49.506  render           | Time: 00:00.66 (Saving: 00:00.04)
07:49.506  render           | Rendering frame 1337
07:49.506  render           | Start rendering: MORI_Assembly_Animation, 视图层
07:49.506  render           | Engine: EEVEE
07:49.598  render           | Fra: 1337 | Rendering 1 / 32 samples
07:50.007  render           | Fra: 1337 | Rendering 25 / 32 samples
07:50.128  render           | Fra: 1337 | Rendering 32 / 32 samples
07:50.170  render           | Video append frame 1337
07:50.171  render           | Time: 00:00.66 (Saving: 00:00.02)
07:50.171  render           | Rendering frame 1338
07:50.171  render           | Start rendering: MORI_Assembly_Animation, 视图层
07:50.171  render           | Engine: EEVEE
07:50.273  render           | Fra: 1338 | Rendering 1 / 32 samples
07:50.667  render           | Fra: 1338 | Rendering 25 / 32 samples
07:50.784  render           | Fra: 1338 | Rendering 32 / 32 samples
07:50.843  render           | Video append frame 1338
07:50.843  render           | Time: 00:00.67 (Saving: 00:00.04)

Blender quit
