ISO-10303-21;
HEADER;
FILE_DESCRIPTION(('KiCad electronic assembly'),'2;1');
FILE_NAME('MORI_rear_P5R7_BOARD_AND_J3_REFERENCE.step',
  '2026-09-30T22:36:26',('Pcbnew'),('Kicad'),
  'Open CASCADE STEP processor 7.9','KiCad to STEP converter','Unknown'
  );
FILE_SCHEMA(('AUTOMOTIVE_DESIGN { 1 0 10303 214 1 1 1 1 }'));
ENDSEC;
DATA;
#1 = APPLICATION_PROTOCOL_DEFINITION('international standard',
  'automotive_design',2000,#2);
#2 = APPLICATION_CONTEXT(
  'core data for automotive mechanical design processes');
#3 = SHAPE_DEFINITION_REPRESENTATION(#4,#10);
#4 = PRODUCT_DEFINITION_SHAPE('','',#5);
#5 = PRODUCT_DEFINITION('design','',#6,#9);
#6 = PRODUCT_DEFINITION_FORMATION('','',#7);
#7 = PRODUCT('MORI_rear_P5R7_BOARD_AND_J3_REFERENCE 1',
  'MORI_rear_P5R7_BOARD_AND_J3_REFERENCE 1','',(#8));
#8 = PRODUCT_CONTEXT('',#2,'mechanical');
#9 = PRODUCT_DEFINITION_CONTEXT('part definition',#2,'design');
#10 = SHAPE_REPRESENTATION('',(#11,#15,#19),#23);
#11 = AXIS2_PLACEMENT_3D('',#12,#13,#14);
#12 = CARTESIAN_POINT('',(0.,0.,0.));
#13 = DIRECTION('',(0.,0.,1.));
#14 = DIRECTION('',(1.,0.,-0.));
#15 = AXIS2_PLACEMENT_3D('',#16,#17,#18);
#16 = CARTESIAN_POINT('',(14.45,-21.2,-8.5E-02));
#17 = DIRECTION('',(1.499759782662E-32,1.224646799147E-16,-1.));
#18 = DIRECTION('',(-1.,1.224646799147E-16,0.));
#19 = AXIS2_PLACEMENT_3D('',#20,#21,#22);
#20 = CARTESIAN_POINT('',(0.,0.,0.));
#21 = DIRECTION('',(0.,0.,1.));
#22 = DIRECTION('',(1.,0.,-0.));
#23 = ( GEOMETRIC_REPRESENTATION_CONTEXT(3) 
GLOBAL_UNCERTAINTY_ASSIGNED_CONTEXT((#27)) GLOBAL_UNIT_ASSIGNED_CONTEXT(
(#24,#25,#26)) REPRESENTATION_CONTEXT('Context #1',
  '3D Context with UNIT and UNCERTAINTY') );
#24 = ( LENGTH_UNIT() NAMED_UNIT(*) SI_UNIT(.MILLI.,.METRE.) );
#25 = ( NAMED_UNIT(*) PLANE_ANGLE_UNIT() SI_UNIT($,.RADIAN.) );
#26 = ( NAMED_UNIT(*) SI_UNIT($,.STERADIAN.) SOLID_ANGLE_UNIT() );
#27 = UNCERTAINTY_MEASURE_WITH_UNIT(LENGTH_MEASURE(1.E-07),#24,
  'distance_accuracy_value','confusion accuracy');
#28 = PRODUCT_RELATED_PRODUCT_CATEGORY('part',$,(#7));
#29 = SHAPE_DEFINITION_REPRESENTATION(#30,#36);
#30 = PRODUCT_DEFINITION_SHAPE('','',#31);
#31 = PRODUCT_DEFINITION('design','',#32,#35);
#32 = PRODUCT_DEFINITION_FORMATION('','',#33);
#33 = PRODUCT('JST_PH_B4B-PH-K_1x04_P2.00mm_Vertical',
  'JST_PH_B4B-PH-K_1x04_P2.00mm_Vertical','',(#34));
#34 = PRODUCT_CONTEXT('',#2,'mechanical');
#35 = PRODUCT_DEFINITION_CONTEXT('part definition',#2,'design');
#36 = SHAPE_REPRESENTATION('',(#11,#37),#41);
#37 = AXIS2_PLACEMENT_3D('',#38,#39,#40);
#38 = CARTESIAN_POINT('',(0.,0.,0.));
#39 = DIRECTION('',(0.,0.,1.));
#40 = DIRECTION('',(1.,0.,-0.));
#41 = ( GEOMETRIC_REPRESENTATION_CONTEXT(3) 
GLOBAL_UNCERTAINTY_ASSIGNED_CONTEXT((#45)) GLOBAL_UNIT_ASSIGNED_CONTEXT(
(#42,#43,#44)) REPRESENTATION_CONTEXT('Context #1',
  '3D Context with UNIT and UNCERTAINTY') );
#42 = ( LENGTH_UNIT() NAMED_UNIT(*) SI_UNIT(.MILLI.,.METRE.) );
#43 = ( NAMED_UNIT(*) PLANE_ANGLE_UNIT() SI_UNIT($,.RADIAN.) );
#44 = ( NAMED_UNIT(*) SI_UNIT($,.STERADIAN.) SOLID_ANGLE_UNIT() );
#45 = UNCERTAINTY_MEASURE_WITH_UNIT(LENGTH_MEASURE(1.E-07),#42,
  'distance_accuracy_value','confusion accuracy');
#46 = CONTEXT_DEPENDENT_SHAPE_REPRESENTATION(#47,#49);
#47 = ( REPRESENTATION_RELATIONSHIP('','',#36,#10) 
REPRESENTATION_RELATIONSHIP_WITH_TRANSFORMATION(#48) 
SHAPE_REPRESENTATION_RELATIONSHIP() );
#48 = ITEM_DEFINED_TRANSFORMATION('','',#11,#15);
#49 = PRODUCT_DEFINITION_SHAPE('Placement','Placement of an item',#50);
#50 = NEXT_ASSEMBLY_USAGE_OCCURRENCE('2','J3','',#5,#31,$);
#51 = PRODUCT_RELATED_PRODUCT_CATEGORY('part',$,(#33));
#52 = SHAPE_DEFINITION_REPRESENTATION(#53,#59);
#53 = PRODUCT_DEFINITION_SHAPE('','',#54);
#54 = PRODUCT_DEFINITION('design','',#55,#58);
#55 = PRODUCT_DEFINITION_FORMATION('','',#56);
#56 = PRODUCT('JST_B4B_PH_K','JST_B4B_PH_K','',(#57));
#57 = PRODUCT_CONTEXT('',#2,'mechanical');
#58 = PRODUCT_DEFINITION_CONTEXT('part definition',#2,'design');
#59 = ADVANCED_BREP_SHAPE_REPRESENTATION('',(#11,#60),#4564);
#60 = MANIFOLD_SOLID_BREP('',#61);
#61 = CLOSED_SHELL('',(#62,#102,#166,#318,#358,#633,#673,#697,#722,#746,
    #795,#817,#850,#874,#905,#922,#955,#979,#1010,#1027,#1060,#1084,
    #1115,#1132,#1165,#1182,#1225,#1242,#1288,#1305,#1322,#1339,#1402,
    #1426,#1473,#1497,#1521,#1538,#1555,#1579,#1603,#1620,#1651,#1675,
    #1699,#1716,#1751,#1791,#1815,#1856,#1969,#2015,#2061,#2107,#2124,
    #2136,#2199,#2223,#2279,#2296,#2308,#2525,#2549,#2573,#2590,#2614,
    #2638,#2655,#2679,#2703,#2720,#2751,#2807,#2831,#2880,#2911,#2935,
    #2959,#2976,#3007,#3031,#3055,#3072,#3119,#3150,#3162,#3179,#3205,
    #3238,#3250,#3262,#3274,#3305,#3329,#3353,#3370,#3401,#3425,#3449,
    #3466,#3497,#3521,#3545,#3562,#3593,#3617,#3641,#3658,#3675,#3722,
    #3748,#3765,#3791,#3824,#3855,#3879,#3903,#3920,#3951,#3975,#3999,
    #4016,#4033,#4050,#4062,#4093,#4117,#4141,#4158,#4189,#4213,#4237,
    #4254,#4285,#4309,#4333,#4350,#4381,#4405,#4429,#4446,#4463,#4480,
    #4492,#4504,#4516,#4528,#4540,#4552));
#62 = ADVANCED_FACE('',(#63),#97,.F.);
#63 = FACE_BOUND('',#64,.F.);
#64 = EDGE_LOOP('',(#65,#75,#83,#91));
#65 = ORIENTED_EDGE('',*,*,#66,.T.);
#66 = EDGE_CURVE('',#67,#69,#71,.T.);
#67 = VERTEX_POINT('',#68);
#68 = CARTESIAN_POINT('',(7.95,-2.8,0.));
#69 = VERTEX_POINT('',#70);
#70 = CARTESIAN_POINT('',(7.95,1.7,0.));
#71 = LINE('',#72,#73);
#72 = CARTESIAN_POINT('',(7.95,-2.8,0.));
#73 = VECTOR('',#74,1.);
#74 = DIRECTION('',(1.224646799147E-16,1.,0.));
#75 = ORIENTED_EDGE('',*,*,#76,.T.);
#76 = EDGE_CURVE('',#69,#77,#79,.T.);
#77 = VERTEX_POINT('',#78);
#78 = CARTESIAN_POINT('',(6.75,1.7,0.));
#79 = LINE('',#80,#81);
#80 = CARTESIAN_POINT('',(7.95,1.7,0.));
#81 = VECTOR('',#82,1.);
#82 = DIRECTION('',(-1.,1.224646799147E-16,0.));
#83 = ORIENTED_EDGE('',*,*,#84,.F.);
#84 = EDGE_CURVE('',#85,#77,#87,.T.);
#85 = VERTEX_POINT('',#86);
#86 = CARTESIAN_POINT('',(6.75,-2.8,0.));
#87 = LINE('',#88,#89);
#88 = CARTESIAN_POINT('',(6.75,-2.8,0.));
#89 = VECTOR('',#90,1.);
#90 = DIRECTION('',(1.224646799147E-16,1.,0.));
#91 = ORIENTED_EDGE('',*,*,#92,.T.);
#92 = EDGE_CURVE('',#85,#67,#93,.T.);
#93 = LINE('',#94,#95);
#94 = CARTESIAN_POINT('',(-1.95,-2.8,0.));
#95 = VECTOR('',#96,1.);
#96 = DIRECTION('',(1.,-1.224646799147E-16,0.));
#97 = PLANE('',#98);
#98 = AXIS2_PLACEMENT_3D('',#99,#100,#101);
#99 = CARTESIAN_POINT('',(3.,-0.55,0.));
#100 = DIRECTION('',(0.,0.,1.));
#101 = DIRECTION('',(-1.,1.224646799147E-16,0.));
#102 = ADVANCED_FACE('',(#103),#161,.F.);
#103 = FACE_BOUND('',#104,.F.);
#104 = EDGE_LOOP('',(#105,#106,#114,#122,#130,#139,#147,#155));
#105 = ORIENTED_EDGE('',*,*,#66,.F.);
#106 = ORIENTED_EDGE('',*,*,#107,.T.);
#107 = EDGE_CURVE('',#67,#108,#110,.T.);
#108 = VERTEX_POINT('',#109);
#109 = CARTESIAN_POINT('',(7.95,-2.8,6.));
#110 = LINE('',#111,#112);
#111 = CARTESIAN_POINT('',(7.95,-2.8,0.));
#112 = VECTOR('',#113,1.);
#113 = DIRECTION('',(0.,0.,1.));
#114 = ORIENTED_EDGE('',*,*,#115,.T.);
#115 = EDGE_CURVE('',#108,#116,#118,.T.);
#116 = VERTEX_POINT('',#117);
#117 = CARTESIAN_POINT('',(7.95,-0.6,6.));
#118 = LINE('',#119,#120);
#119 = CARTESIAN_POINT('',(7.95,-2.8,6.));
#120 = VECTOR('',#121,1.);
#121 = DIRECTION('',(1.224646799147E-16,1.,0.));
#122 = ORIENTED_EDGE('',*,*,#123,.F.);
#123 = EDGE_CURVE('',#124,#116,#126,.T.);
#124 = VERTEX_POINT('',#125);
#125 = CARTESIAN_POINT('',(7.95,-0.6,4.4));
#126 = LINE('',#127,#128);
#127 = CARTESIAN_POINT('',(7.95,-0.6,4.4));
#128 = VECTOR('',#129,1.);
#129 = DIRECTION('',(0.,0.,1.));
#130 = ORIENTED_EDGE('',*,*,#131,.F.);
#131 = EDGE_CURVE('',#132,#124,#134,.T.);
#132 = VERTEX_POINT('',#133);
#133 = CARTESIAN_POINT('',(7.95,0.2,4.4));
#134 = CIRCLE('',#135,0.4);
#135 = AXIS2_PLACEMENT_3D('',#136,#137,#138);
#136 = CARTESIAN_POINT('',(7.95,-0.2,4.4));
#137 = DIRECTION('',(-1.,1.224646799147E-16,0.));
#138 = DIRECTION('',(1.224646799147E-16,1.,0.));
#139 = ORIENTED_EDGE('',*,*,#140,.F.);
#140 = EDGE_CURVE('',#141,#132,#143,.T.);
#141 = VERTEX_POINT('',#142);
#142 = CARTESIAN_POINT('',(7.95,0.2,6.));
#143 = LINE('',#144,#145);
#144 = CARTESIAN_POINT('',(7.95,0.2,6.));
#145 = VECTOR('',#146,1.);
#146 = DIRECTION('',(-0.,0.,-1.));
#147 = ORIENTED_EDGE('',*,*,#148,.T.);
#148 = EDGE_CURVE('',#141,#149,#151,.T.);
#149 = VERTEX_POINT('',#150);
#150 = CARTESIAN_POINT('',(7.95,1.7,6.));
#151 = LINE('',#152,#153);
#152 = CARTESIAN_POINT('',(7.95,-2.8,6.));
#153 = VECTOR('',#154,1.);
#154 = DIRECTION('',(1.224646799147E-16,1.,0.));
#155 = ORIENTED_EDGE('',*,*,#156,.F.);
#156 = EDGE_CURVE('',#69,#149,#157,.T.);
#157 = LINE('',#158,#159);
#158 = CARTESIAN_POINT('',(7.95,1.7,0.));
#159 = VECTOR('',#160,1.);
#160 = DIRECTION('',(0.,0.,1.));
#161 = PLANE('',#162);
#162 = AXIS2_PLACEMENT_3D('',#163,#164,#165);
#163 = CARTESIAN_POINT('',(7.95,-2.8,0.));
#164 = DIRECTION('',(-1.,1.224646799147E-16,0.));
#165 = DIRECTION('',(1.224646799147E-16,1.,0.));
#166 = ADVANCED_FACE('',(#167),#313,.F.);
#167 = FACE_BOUND('',#168,.F.);
#168 = EDGE_LOOP('',(#169,#179,#187,#193,#194,#195,#203,#211,#219,#227,
    #235,#243,#251,#259,#267,#275,#283,#291,#299,#307));
#169 = ORIENTED_EDGE('',*,*,#170,.F.);
#170 = EDGE_CURVE('',#171,#173,#175,.T.);
#171 = VERTEX_POINT('',#172);
#172 = CARTESIAN_POINT('',(-1.95,-2.8,0.));
#173 = VERTEX_POINT('',#174);
#174 = CARTESIAN_POINT('',(-0.75,-2.8,0.));
#175 = LINE('',#176,#177);
#176 = CARTESIAN_POINT('',(-1.95,-2.8,0.));
#177 = VECTOR('',#178,1.);
#178 = DIRECTION('',(1.,-1.224646799147E-16,0.));
#179 = ORIENTED_EDGE('',*,*,#180,.T.);
#180 = EDGE_CURVE('',#171,#181,#183,.T.);
#181 = VERTEX_POINT('',#182);
#182 = CARTESIAN_POINT('',(-1.95,-2.8,6.));
#183 = LINE('',#184,#185);
#184 = CARTESIAN_POINT('',(-1.95,-2.8,0.));
#185 = VECTOR('',#186,1.);
#186 = DIRECTION('',(0.,0.,1.));
#187 = ORIENTED_EDGE('',*,*,#188,.T.);
#188 = EDGE_CURVE('',#181,#108,#189,.T.);
#189 = LINE('',#190,#191);
#190 = CARTESIAN_POINT('',(-1.95,-2.8,6.));
#191 = VECTOR('',#192,1.);
#192 = DIRECTION('',(1.,-1.224646799147E-16,0.));
#193 = ORIENTED_EDGE('',*,*,#107,.F.);
#194 = ORIENTED_EDGE('',*,*,#92,.F.);
#195 = ORIENTED_EDGE('',*,*,#196,.F.);
#196 = EDGE_CURVE('',#197,#85,#199,.T.);
#197 = VERTEX_POINT('',#198);
#198 = CARTESIAN_POINT('',(6.75,-2.8,0.2));
#199 = LINE('',#200,#201);
#200 = CARTESIAN_POINT('',(6.75,-2.8,0.2));
#201 = VECTOR('',#202,1.);
#202 = DIRECTION('',(-0.,0.,-1.));
#203 = ORIENTED_EDGE('',*,*,#204,.T.);
#204 = EDGE_CURVE('',#197,#205,#207,.T.);
#205 = VERTEX_POINT('',#206);
#206 = CARTESIAN_POINT('',(5.25,-2.8,0.2));
#207 = LINE('',#208,#209);
#208 = CARTESIAN_POINT('',(6.75,-2.8,0.2));
#209 = VECTOR('',#210,1.);
#210 = DIRECTION('',(-1.,1.224646799147E-16,0.));
#211 = ORIENTED_EDGE('',*,*,#212,.T.);
#212 = EDGE_CURVE('',#205,#213,#215,.T.);
#213 = VERTEX_POINT('',#214);
#214 = CARTESIAN_POINT('',(5.25,-2.8,0.));
#215 = LINE('',#216,#217);
#216 = CARTESIAN_POINT('',(5.25,-2.8,0.2));
#217 = VECTOR('',#218,1.);
#218 = DIRECTION('',(-0.,0.,-1.));
#219 = ORIENTED_EDGE('',*,*,#220,.F.);
#220 = EDGE_CURVE('',#221,#213,#223,.T.);
#221 = VERTEX_POINT('',#222);
#222 = CARTESIAN_POINT('',(4.75,-2.8,0.));
#223 = LINE('',#224,#225);
#224 = CARTESIAN_POINT('',(-1.95,-2.8,0.));
#225 = VECTOR('',#226,1.);
#226 = DIRECTION('',(1.,-1.224646799147E-16,0.));
#227 = ORIENTED_EDGE('',*,*,#228,.F.);
#228 = EDGE_CURVE('',#229,#221,#231,.T.);
#229 = VERTEX_POINT('',#230);
#230 = CARTESIAN_POINT('',(4.75,-2.8,0.2));
#231 = LINE('',#232,#233);
#232 = CARTESIAN_POINT('',(4.75,-2.8,0.2));
#233 = VECTOR('',#234,1.);
#234 = DIRECTION('',(-0.,0.,-1.));
#235 = ORIENTED_EDGE('',*,*,#236,.T.);
#236 = EDGE_CURVE('',#229,#237,#239,.T.);
#237 = VERTEX_POINT('',#238);
#238 = CARTESIAN_POINT('',(3.25,-2.8,0.2));
#239 = LINE('',#240,#241);
#240 = CARTESIAN_POINT('',(4.75,-2.8,0.2));
#241 = VECTOR('',#242,1.);
#242 = DIRECTION('',(-1.,1.224646799147E-16,0.));
#243 = ORIENTED_EDGE('',*,*,#244,.T.);
#244 = EDGE_CURVE('',#237,#245,#247,.T.);
#245 = VERTEX_POINT('',#246);
#246 = CARTESIAN_POINT('',(3.25,-2.8,0.));
#247 = LINE('',#248,#249);
#248 = CARTESIAN_POINT('',(3.25,-2.8,0.2));
#249 = VECTOR('',#250,1.);
#250 = DIRECTION('',(-0.,0.,-1.));
#251 = ORIENTED_EDGE('',*,*,#252,.F.);
#252 = EDGE_CURVE('',#253,#245,#255,.T.);
#253 = VERTEX_POINT('',#254);
#254 = CARTESIAN_POINT('',(2.75,-2.8,0.));
#255 = LINE('',#256,#257);
#256 = CARTESIAN_POINT('',(-1.95,-2.8,0.));
#257 = VECTOR('',#258,1.);
#258 = DIRECTION('',(1.,-1.224646799147E-16,0.));
#259 = ORIENTED_EDGE('',*,*,#260,.F.);
#260 = EDGE_CURVE('',#261,#253,#263,.T.);
#261 = VERTEX_POINT('',#262);
#262 = CARTESIAN_POINT('',(2.75,-2.8,0.2));
#263 = LINE('',#264,#265);
#264 = CARTESIAN_POINT('',(2.75,-2.8,0.2));
#265 = VECTOR('',#266,1.);
#266 = DIRECTION('',(-0.,0.,-1.));
#267 = ORIENTED_EDGE('',*,*,#268,.T.);
#268 = EDGE_CURVE('',#261,#269,#271,.T.);
#269 = VERTEX_POINT('',#270);
#270 = CARTESIAN_POINT('',(1.25,-2.8,0.2));
#271 = LINE('',#272,#273);
#272 = CARTESIAN_POINT('',(2.75,-2.8,0.2));
#273 = VECTOR('',#274,1.);
#274 = DIRECTION('',(-1.,1.224646799147E-16,0.));
#275 = ORIENTED_EDGE('',*,*,#276,.T.);
#276 = EDGE_CURVE('',#269,#277,#279,.T.);
#277 = VERTEX_POINT('',#278);
#278 = CARTESIAN_POINT('',(1.25,-2.8,0.));
#279 = LINE('',#280,#281);
#280 = CARTESIAN_POINT('',(1.25,-2.8,0.2));
#281 = VECTOR('',#282,1.);
#282 = DIRECTION('',(-0.,0.,-1.));
#283 = ORIENTED_EDGE('',*,*,#284,.F.);
#284 = EDGE_CURVE('',#285,#277,#287,.T.);
#285 = VERTEX_POINT('',#286);
#286 = CARTESIAN_POINT('',(0.75,-2.8,0.));
#287 = LINE('',#288,#289);
#288 = CARTESIAN_POINT('',(-1.95,-2.8,0.));
#289 = VECTOR('',#290,1.);
#290 = DIRECTION('',(1.,-1.224646799147E-16,0.));
#291 = ORIENTED_EDGE('',*,*,#292,.F.);
#292 = EDGE_CURVE('',#293,#285,#295,.T.);
#293 = VERTEX_POINT('',#294);
#294 = CARTESIAN_POINT('',(0.75,-2.8,0.2));
#295 = LINE('',#296,#297);
#296 = CARTESIAN_POINT('',(0.75,-2.8,0.2));
#297 = VECTOR('',#298,1.);
#298 = DIRECTION('',(-0.,0.,-1.));
#299 = ORIENTED_EDGE('',*,*,#300,.T.);
#300 = EDGE_CURVE('',#293,#301,#303,.T.);
#301 = VERTEX_POINT('',#302);
#302 = CARTESIAN_POINT('',(-0.75,-2.8,0.2));
#303 = LINE('',#304,#305);
#304 = CARTESIAN_POINT('',(0.75,-2.8,0.2));
#305 = VECTOR('',#306,1.);
#306 = DIRECTION('',(-1.,1.224646799147E-16,0.));
#307 = ORIENTED_EDGE('',*,*,#308,.T.);
#308 = EDGE_CURVE('',#301,#173,#309,.T.);
#309 = LINE('',#310,#311);
#310 = CARTESIAN_POINT('',(-0.75,-2.8,0.2));
#311 = VECTOR('',#312,1.);
#312 = DIRECTION('',(-0.,0.,-1.));
#313 = PLANE('',#314);
#314 = AXIS2_PLACEMENT_3D('',#315,#316,#317);
#315 = CARTESIAN_POINT('',(-1.95,-2.8,0.));
#316 = DIRECTION('',(1.224646799147E-16,1.,0.));
#317 = DIRECTION('',(1.,-1.224646799147E-16,0.));
#318 = ADVANCED_FACE('',(#319),#353,.F.);
#319 = FACE_BOUND('',#320,.F.);
#320 = EDGE_LOOP('',(#321,#329,#337,#345,#351,#352));
#321 = ORIENTED_EDGE('',*,*,#322,.T.);
#322 = EDGE_CURVE('',#77,#323,#325,.T.);
#323 = VERTEX_POINT('',#324);
#324 = CARTESIAN_POINT('',(6.75,1.7,0.2));
#325 = LINE('',#326,#327);
#326 = CARTESIAN_POINT('',(6.75,1.7,0.));
#327 = VECTOR('',#328,1.);
#328 = DIRECTION('',(0.,0.,1.));
#329 = ORIENTED_EDGE('',*,*,#330,.T.);
#330 = EDGE_CURVE('',#323,#331,#333,.T.);
#331 = VERTEX_POINT('',#332);
#332 = CARTESIAN_POINT('',(6.75,0.5,0.1));
#333 = LINE('',#334,#335);
#334 = CARTESIAN_POINT('',(6.75,1.7,0.2));
#335 = VECTOR('',#336,1.);
#336 = DIRECTION('',(-1.220416573038E-16,-0.996545758245,
    -8.304547985373E-02));
#337 = ORIENTED_EDGE('',*,*,#338,.T.);
#338 = EDGE_CURVE('',#331,#339,#341,.T.);
#339 = VERTEX_POINT('',#340);
#340 = CARTESIAN_POINT('',(6.75,-0.5,0.1));
#341 = LINE('',#342,#343);
#342 = CARTESIAN_POINT('',(6.75,0.5,0.1));
#343 = VECTOR('',#344,1.);
#344 = DIRECTION('',(-1.224646799147E-16,-1.,0.));
#345 = ORIENTED_EDGE('',*,*,#346,.T.);
#346 = EDGE_CURVE('',#339,#197,#347,.T.);
#347 = LINE('',#348,#349);
#348 = CARTESIAN_POINT('',(6.75,-0.5,0.1));
#349 = VECTOR('',#350,1.);
#350 = DIRECTION('',(-1.223490926498E-16,-0.999056158355,
    4.343722427631E-02));
#351 = ORIENTED_EDGE('',*,*,#196,.T.);
#352 = ORIENTED_EDGE('',*,*,#84,.T.);
#353 = PLANE('',#354);
#354 = AXIS2_PLACEMENT_3D('',#355,#356,#357);
#355 = CARTESIAN_POINT('',(6.75,-0.549524476701,7.07980355453E-02));
#356 = DIRECTION('',(1.,-1.224646799147E-16,-0.));
#357 = DIRECTION('',(-0.,0.,-1.));
#358 = ADVANCED_FACE('',(#359,#594),#628,.F.);
#359 = FACE_BOUND('',#360,.F.);
#360 = EDGE_LOOP('',(#361,#362,#363,#371,#379,#387,#395,#403,#411,#419,
    #427,#435,#443,#451,#459,#467,#475,#483,#491,#499,#507,#515,#523,
    #531,#539,#547,#555,#563,#571,#579,#587,#593));
#361 = ORIENTED_EDGE('',*,*,#76,.F.);
#362 = ORIENTED_EDGE('',*,*,#156,.T.);
#363 = ORIENTED_EDGE('',*,*,#364,.T.);
#364 = EDGE_CURVE('',#149,#365,#367,.T.);
#365 = VERTEX_POINT('',#366);
#366 = CARTESIAN_POINT('',(5.45,1.7,6.));
#367 = LINE('',#368,#369);
#368 = CARTESIAN_POINT('',(7.95,1.7,6.));
#369 = VECTOR('',#370,1.);
#370 = DIRECTION('',(-1.,1.224646799147E-16,0.));
#371 = ORIENTED_EDGE('',*,*,#372,.T.);
#372 = EDGE_CURVE('',#365,#373,#375,.T.);
#373 = VERTEX_POINT('',#374);
#374 = CARTESIAN_POINT('',(5.45,1.7,2.1));
#375 = LINE('',#376,#377);
#376 = CARTESIAN_POINT('',(5.45,1.7,6.));
#377 = VECTOR('',#378,1.);
#378 = DIRECTION('',(6.972467043317E-33,5.693451408334E-17,-1.));
#379 = ORIENTED_EDGE('',*,*,#380,.T.);
#380 = EDGE_CURVE('',#373,#381,#383,.T.);
#381 = VERTEX_POINT('',#382);
#382 = CARTESIAN_POINT('',(0.55,1.7,2.1));
#383 = LINE('',#384,#385);
#384 = CARTESIAN_POINT('',(5.45,1.7,2.1));
#385 = VECTOR('',#386,1.);
#386 = DIRECTION('',(-1.,1.224646799147E-16,-9.063045098981E-17));
#387 = ORIENTED_EDGE('',*,*,#388,.T.);
#388 = EDGE_CURVE('',#381,#389,#391,.T.);
#389 = VERTEX_POINT('',#390);
#390 = CARTESIAN_POINT('',(0.55,1.7,6.));
#391 = LINE('',#392,#393);
#392 = CARTESIAN_POINT('',(0.55,1.7,2.1));
#393 = VECTOR('',#394,1.);
#394 = DIRECTION('',(0.,0.,1.));
#395 = ORIENTED_EDGE('',*,*,#396,.T.);
#396 = EDGE_CURVE('',#389,#397,#399,.T.);
#397 = VERTEX_POINT('',#398);
#398 = CARTESIAN_POINT('',(-0.45,1.7,6.));
#399 = LINE('',#400,#401);
#400 = CARTESIAN_POINT('',(7.95,1.7,6.));
#401 = VECTOR('',#402,1.);
#402 = DIRECTION('',(-1.,1.224646799147E-16,0.));
#403 = ORIENTED_EDGE('',*,*,#404,.F.);
#404 = EDGE_CURVE('',#405,#397,#407,.T.);
#405 = VERTEX_POINT('',#406);
#406 = CARTESIAN_POINT('',(-0.45,1.7,4.2));
#407 = LINE('',#408,#409);
#408 = CARTESIAN_POINT('',(-0.45,1.7,4.2));
#409 = VECTOR('',#410,1.);
#410 = DIRECTION('',(0.,0.,1.));
#411 = ORIENTED_EDGE('',*,*,#412,.F.);
#412 = EDGE_CURVE('',#413,#405,#415,.T.);
#413 = VERTEX_POINT('',#414);
#414 = CARTESIAN_POINT('',(-0.4,1.7,4.2));
#415 = LINE('',#416,#417);
#416 = CARTESIAN_POINT('',(-0.4,1.7,4.2));
#417 = VECTOR('',#418,1.);
#418 = DIRECTION('',(-1.,1.224646799147E-16,0.));
#419 = ORIENTED_EDGE('',*,*,#420,.F.);
#420 = EDGE_CURVE('',#421,#413,#423,.T.);
#421 = VERTEX_POINT('',#422);
#422 = CARTESIAN_POINT('',(-0.4,1.7,2.4));
#423 = LINE('',#424,#425);
#424 = CARTESIAN_POINT('',(-0.4,1.7,2.4));
#425 = VECTOR('',#426,1.);
#426 = DIRECTION('',(0.,0.,1.));
#427 = ORIENTED_EDGE('',*,*,#428,.F.);
#428 = EDGE_CURVE('',#429,#421,#431,.T.);
#429 = VERTEX_POINT('',#430);
#430 = CARTESIAN_POINT('',(-1.4,1.7,2.4));
#431 = LINE('',#432,#433);
#432 = CARTESIAN_POINT('',(-1.4,1.7,2.4));
#433 = VECTOR('',#434,1.);
#434 = DIRECTION('',(1.,-1.224646799147E-16,0.));
#435 = ORIENTED_EDGE('',*,*,#436,.F.);
#436 = EDGE_CURVE('',#437,#429,#439,.T.);
#437 = VERTEX_POINT('',#438);
#438 = CARTESIAN_POINT('',(-1.4,1.7,4.2));
#439 = LINE('',#440,#441);
#440 = CARTESIAN_POINT('',(-1.4,1.7,4.2));
#441 = VECTOR('',#442,1.);
#442 = DIRECTION('',(-0.,0.,-1.));
#443 = ORIENTED_EDGE('',*,*,#444,.F.);
#444 = EDGE_CURVE('',#445,#437,#447,.T.);
#445 = VERTEX_POINT('',#446);
#446 = CARTESIAN_POINT('',(-0.95,1.7,4.2));
#447 = LINE('',#448,#449);
#448 = CARTESIAN_POINT('',(-0.4,1.7,4.2));
#449 = VECTOR('',#450,1.);
#450 = DIRECTION('',(-1.,1.224646799147E-16,0.));
#451 = ORIENTED_EDGE('',*,*,#452,.T.);
#452 = EDGE_CURVE('',#445,#453,#455,.T.);
#453 = VERTEX_POINT('',#454);
#454 = CARTESIAN_POINT('',(-0.95,1.7,6.));
#455 = LINE('',#456,#457);
#456 = CARTESIAN_POINT('',(-0.95,1.7,4.2));
#457 = VECTOR('',#458,1.);
#458 = DIRECTION('',(0.,0.,1.));
#459 = ORIENTED_EDGE('',*,*,#460,.T.);
#460 = EDGE_CURVE('',#453,#461,#463,.T.);
#461 = VERTEX_POINT('',#462);
#462 = CARTESIAN_POINT('',(-1.95,1.7,6.));
#463 = LINE('',#464,#465);
#464 = CARTESIAN_POINT('',(7.95,1.7,6.));
#465 = VECTOR('',#466,1.);
#466 = DIRECTION('',(-1.,1.224646799147E-16,0.));
#467 = ORIENTED_EDGE('',*,*,#468,.F.);
#468 = EDGE_CURVE('',#469,#461,#471,.T.);
#469 = VERTEX_POINT('',#470);
#470 = CARTESIAN_POINT('',(-1.95,1.7,0.));
#471 = LINE('',#472,#473);
#472 = CARTESIAN_POINT('',(-1.95,1.7,0.));
#473 = VECTOR('',#474,1.);
#474 = DIRECTION('',(0.,0.,1.));
#475 = ORIENTED_EDGE('',*,*,#476,.F.);
#476 = EDGE_CURVE('',#477,#469,#479,.T.);
#477 = VERTEX_POINT('',#478);
#478 = CARTESIAN_POINT('',(-0.75,1.7,0.));
#479 = LINE('',#480,#481);
#480 = CARTESIAN_POINT('',(7.95,1.7,0.));
#481 = VECTOR('',#482,1.);
#482 = DIRECTION('',(-1.,1.224646799147E-16,0.));
#483 = ORIENTED_EDGE('',*,*,#484,.T.);
#484 = EDGE_CURVE('',#477,#485,#487,.T.);
#485 = VERTEX_POINT('',#486);
#486 = CARTESIAN_POINT('',(-0.75,1.7,0.2));
#487 = LINE('',#488,#489);
#488 = CARTESIAN_POINT('',(-0.75,1.7,0.));
#489 = VECTOR('',#490,1.);
#490 = DIRECTION('',(0.,0.,1.));
#491 = ORIENTED_EDGE('',*,*,#492,.F.);
#492 = EDGE_CURVE('',#493,#485,#495,.T.);
#493 = VERTEX_POINT('',#494);
#494 = CARTESIAN_POINT('',(0.75,1.7,0.2));
#495 = LINE('',#496,#497);
#496 = CARTESIAN_POINT('',(0.75,1.7,0.2));
#497 = VECTOR('',#498,1.);
#498 = DIRECTION('',(-1.,1.224646799147E-16,0.));
#499 = ORIENTED_EDGE('',*,*,#500,.F.);
#500 = EDGE_CURVE('',#501,#493,#503,.T.);
#501 = VERTEX_POINT('',#502);
#502 = CARTESIAN_POINT('',(0.75,1.7,0.));
#503 = LINE('',#504,#505);
#504 = CARTESIAN_POINT('',(0.75,1.7,0.));
#505 = VECTOR('',#506,1.);
#506 = DIRECTION('',(0.,0.,1.));
#507 = ORIENTED_EDGE('',*,*,#508,.F.);
#508 = EDGE_CURVE('',#509,#501,#511,.T.);
#509 = VERTEX_POINT('',#510);
#510 = CARTESIAN_POINT('',(1.25,1.7,0.));
#511 = LINE('',#512,#513);
#512 = CARTESIAN_POINT('',(7.95,1.7,0.));
#513 = VECTOR('',#514,1.);
#514 = DIRECTION('',(-1.,1.224646799147E-16,0.));
#515 = ORIENTED_EDGE('',*,*,#516,.T.);
#516 = EDGE_CURVE('',#509,#517,#519,.T.);
#517 = VERTEX_POINT('',#518);
#518 = CARTESIAN_POINT('',(1.25,1.7,0.2));
#519 = LINE('',#520,#521);
#520 = CARTESIAN_POINT('',(1.25,1.7,0.));
#521 = VECTOR('',#522,1.);
#522 = DIRECTION('',(0.,0.,1.));
#523 = ORIENTED_EDGE('',*,*,#524,.F.);
#524 = EDGE_CURVE('',#525,#517,#527,.T.);
#525 = VERTEX_POINT('',#526);
#526 = CARTESIAN_POINT('',(2.75,1.7,0.2));
#527 = LINE('',#528,#529);
#528 = CARTESIAN_POINT('',(2.75,1.7,0.2));
#529 = VECTOR('',#530,1.);
#530 = DIRECTION('',(-1.,1.224646799147E-16,0.));
#531 = ORIENTED_EDGE('',*,*,#532,.F.);
#532 = EDGE_CURVE('',#533,#525,#535,.T.);
#533 = VERTEX_POINT('',#534);
#534 = CARTESIAN_POINT('',(2.75,1.7,0.));
#535 = LINE('',#536,#537);
#536 = CARTESIAN_POINT('',(2.75,1.7,0.));
#537 = VECTOR('',#538,1.);
#538 = DIRECTION('',(0.,0.,1.));
#539 = ORIENTED_EDGE('',*,*,#540,.F.);
#540 = EDGE_CURVE('',#541,#533,#543,.T.);
#541 = VERTEX_POINT('',#542);
#542 = CARTESIAN_POINT('',(3.25,1.7,0.));
#543 = LINE('',#544,#545);
#544 = CARTESIAN_POINT('',(7.95,1.7,0.));
#545 = VECTOR('',#546,1.);
#546 = DIRECTION('',(-1.,1.224646799147E-16,0.));
#547 = ORIENTED_EDGE('',*,*,#548,.T.);
#548 = EDGE_CURVE('',#541,#549,#551,.T.);
#549 = VERTEX_POINT('',#550);
#550 = CARTESIAN_POINT('',(3.25,1.7,0.2));
#551 = LINE('',#552,#553);
#552 = CARTESIAN_POINT('',(3.25,1.7,0.));
#553 = VECTOR('',#554,1.);
#554 = DIRECTION('',(0.,0.,1.));
#555 = ORIENTED_EDGE('',*,*,#556,.F.);
#556 = EDGE_CURVE('',#557,#549,#559,.T.);
#557 = VERTEX_POINT('',#558);
#558 = CARTESIAN_POINT('',(4.75,1.7,0.2));
#559 = LINE('',#560,#561);
#560 = CARTESIAN_POINT('',(4.75,1.7,0.2));
#561 = VECTOR('',#562,1.);
#562 = DIRECTION('',(-1.,1.224646799147E-16,0.));
#563 = ORIENTED_EDGE('',*,*,#564,.F.);
#564 = EDGE_CURVE('',#565,#557,#567,.T.);
#565 = VERTEX_POINT('',#566);
#566 = CARTESIAN_POINT('',(4.75,1.7,0.));
#567 = LINE('',#568,#569);
#568 = CARTESIAN_POINT('',(4.75,1.7,0.));
#569 = VECTOR('',#570,1.);
#570 = DIRECTION('',(0.,0.,1.));
#571 = ORIENTED_EDGE('',*,*,#572,.F.);
#572 = EDGE_CURVE('',#573,#565,#575,.T.);
#573 = VERTEX_POINT('',#574);
#574 = CARTESIAN_POINT('',(5.25,1.7,0.));
#575 = LINE('',#576,#577);
#576 = CARTESIAN_POINT('',(7.95,1.7,0.));
#577 = VECTOR('',#578,1.);
#578 = DIRECTION('',(-1.,1.224646799147E-16,0.));
#579 = ORIENTED_EDGE('',*,*,#580,.T.);
#580 = EDGE_CURVE('',#573,#581,#583,.T.);
#581 = VERTEX_POINT('',#582);
#582 = CARTESIAN_POINT('',(5.25,1.7,0.2));
#583 = LINE('',#584,#585);
#584 = CARTESIAN_POINT('',(5.25,1.7,0.));
#585 = VECTOR('',#586,1.);
#586 = DIRECTION('',(0.,0.,1.));
#587 = ORIENTED_EDGE('',*,*,#588,.F.);
#588 = EDGE_CURVE('',#323,#581,#589,.T.);
#589 = LINE('',#590,#591);
#590 = CARTESIAN_POINT('',(6.75,1.7,0.2));
#591 = VECTOR('',#592,1.);
#592 = DIRECTION('',(-1.,1.224646799147E-16,0.));
#593 = ORIENTED_EDGE('',*,*,#322,.F.);
#594 = FACE_BOUND('',#595,.F.);
#595 = EDGE_LOOP('',(#596,#606,#614,#622));
#596 = ORIENTED_EDGE('',*,*,#597,.T.);
#597 = EDGE_CURVE('',#598,#600,#602,.T.);
#598 = VERTEX_POINT('',#599);
#599 = CARTESIAN_POINT('',(6.4,1.7,4.2));
#600 = VERTEX_POINT('',#601);
#601 = CARTESIAN_POINT('',(7.4,1.7,4.2));
#602 = LINE('',#603,#604);
#603 = CARTESIAN_POINT('',(6.4,1.7,4.2));
#604 = VECTOR('',#605,1.);
#605 = DIRECTION('',(1.,-1.224646799147E-16,0.));
#606 = ORIENTED_EDGE('',*,*,#607,.T.);
#607 = EDGE_CURVE('',#600,#608,#610,.T.);
#608 = VERTEX_POINT('',#609);
#609 = CARTESIAN_POINT('',(7.4,1.7,2.4));
#610 = LINE('',#611,#612);
#611 = CARTESIAN_POINT('',(7.4,1.7,4.2));
#612 = VECTOR('',#613,1.);
#613 = DIRECTION('',(-0.,0.,-1.));
#614 = ORIENTED_EDGE('',*,*,#615,.T.);
#615 = EDGE_CURVE('',#608,#616,#618,.T.);
#616 = VERTEX_POINT('',#617);
#617 = CARTESIAN_POINT('',(6.4,1.7,2.4));
#618 = LINE('',#619,#620);
#619 = CARTESIAN_POINT('',(7.4,1.7,2.4));
#620 = VECTOR('',#621,1.);
#621 = DIRECTION('',(-1.,1.224646799147E-16,0.));
#622 = ORIENTED_EDGE('',*,*,#623,.T.);
#623 = EDGE_CURVE('',#616,#598,#624,.T.);
#624 = LINE('',#625,#626);
#625 = CARTESIAN_POINT('',(6.4,1.7,2.4));
#626 = VECTOR('',#627,1.);
#627 = DIRECTION('',(0.,0.,1.));
#628 = PLANE('',#629);
#629 = AXIS2_PLACEMENT_3D('',#630,#631,#632);
#630 = CARTESIAN_POINT('',(7.95,1.7,0.));
#631 = DIRECTION('',(-1.224646799147E-16,-1.,0.));
#632 = DIRECTION('',(-1.,1.224646799147E-16,0.));
#633 = ADVANCED_FACE('',(#634),#668,.T.);
#634 = FACE_BOUND('',#635,.T.);
#635 = EDGE_LOOP('',(#636,#644,#645,#646,#654,#662));
#636 = ORIENTED_EDGE('',*,*,#637,.F.);
#637 = EDGE_CURVE('',#141,#638,#640,.T.);
#638 = VERTEX_POINT('',#639);
#639 = CARTESIAN_POINT('',(7.45,0.2,6.));
#640 = LINE('',#641,#642);
#641 = CARTESIAN_POINT('',(7.95,0.2,6.));
#642 = VECTOR('',#643,1.);
#643 = DIRECTION('',(-1.,1.224646799147E-16,0.));
#644 = ORIENTED_EDGE('',*,*,#148,.T.);
#645 = ORIENTED_EDGE('',*,*,#364,.T.);
#646 = ORIENTED_EDGE('',*,*,#647,.T.);
#647 = EDGE_CURVE('',#365,#648,#650,.T.);
#648 = VERTEX_POINT('',#649);
#649 = CARTESIAN_POINT('',(5.45,1.1,6.));
#650 = LINE('',#651,#652);
#651 = CARTESIAN_POINT('',(5.45,1.7,6.));
#652 = VECTOR('',#653,1.);
#653 = DIRECTION('',(-1.224646799147E-16,-1.,0.));
#654 = ORIENTED_EDGE('',*,*,#655,.F.);
#655 = EDGE_CURVE('',#656,#648,#658,.T.);
#656 = VERTEX_POINT('',#657);
#657 = CARTESIAN_POINT('',(7.45,1.1,6.));
#658 = LINE('',#659,#660);
#659 = CARTESIAN_POINT('',(7.45,1.1,6.));
#660 = VECTOR('',#661,1.);
#661 = DIRECTION('',(-1.,1.224646799147E-16,0.));
#662 = ORIENTED_EDGE('',*,*,#663,.F.);
#663 = EDGE_CURVE('',#638,#656,#664,.T.);
#664 = LINE('',#665,#666);
#665 = CARTESIAN_POINT('',(7.45,-2.3,6.));
#666 = VECTOR('',#667,1.);
#667 = DIRECTION('',(1.224646799147E-16,1.,0.));
#668 = PLANE('',#669);
#669 = AXIS2_PLACEMENT_3D('',#670,#671,#672);
#670 = CARTESIAN_POINT('',(3.,-0.55,6.));
#671 = DIRECTION('',(0.,0.,1.));
#672 = DIRECTION('',(-1.,1.224646799147E-16,0.));
#673 = ADVANCED_FACE('',(#674),#692,.T.);
#674 = FACE_BOUND('',#675,.T.);
#675 = EDGE_LOOP('',(#676,#677,#678,#686));
#676 = ORIENTED_EDGE('',*,*,#140,.F.);
#677 = ORIENTED_EDGE('',*,*,#637,.T.);
#678 = ORIENTED_EDGE('',*,*,#679,.T.);
#679 = EDGE_CURVE('',#638,#680,#682,.T.);
#680 = VERTEX_POINT('',#681);
#681 = CARTESIAN_POINT('',(7.45,0.2,4.4));
#682 = LINE('',#683,#684);
#683 = CARTESIAN_POINT('',(7.45,0.2,6.));
#684 = VECTOR('',#685,1.);
#685 = DIRECTION('',(-0.,0.,-1.));
#686 = ORIENTED_EDGE('',*,*,#687,.F.);
#687 = EDGE_CURVE('',#132,#680,#688,.T.);
#688 = LINE('',#689,#690);
#689 = CARTESIAN_POINT('',(7.95,0.2,4.4));
#690 = VECTOR('',#691,1.);
#691 = DIRECTION('',(-1.,1.224646799147E-16,0.));
#692 = PLANE('',#693);
#693 = AXIS2_PLACEMENT_3D('',#694,#695,#696);
#694 = CARTESIAN_POINT('',(7.95,0.2,6.));
#695 = DIRECTION('',(-1.224646799147E-16,-1.,0.));
#696 = DIRECTION('',(-0.,0.,-1.));
#697 = ADVANCED_FACE('',(#698),#717,.F.);
#698 = FACE_BOUND('',#699,.F.);
#699 = EDGE_LOOP('',(#700,#708,#715,#716));
#700 = ORIENTED_EDGE('',*,*,#701,.T.);
#701 = EDGE_CURVE('',#124,#702,#704,.T.);
#702 = VERTEX_POINT('',#703);
#703 = CARTESIAN_POINT('',(7.45,-0.6,4.4));
#704 = LINE('',#705,#706);
#705 = CARTESIAN_POINT('',(7.95,-0.6,4.4));
#706 = VECTOR('',#707,1.);
#707 = DIRECTION('',(-1.,1.224646799147E-16,0.));
#708 = ORIENTED_EDGE('',*,*,#709,.T.);
#709 = EDGE_CURVE('',#702,#680,#710,.T.);
#710 = CIRCLE('',#711,0.4);
#711 = AXIS2_PLACEMENT_3D('',#712,#713,#714);
#712 = CARTESIAN_POINT('',(7.45,-0.2,4.4));
#713 = DIRECTION('',(1.,-1.224646799147E-16,0.));
#714 = DIRECTION('',(1.224646799147E-16,1.,0.));
#715 = ORIENTED_EDGE('',*,*,#687,.F.);
#716 = ORIENTED_EDGE('',*,*,#131,.T.);
#717 = CYLINDRICAL_SURFACE('',#718,0.4);
#718 = AXIS2_PLACEMENT_3D('',#719,#720,#721);
#719 = CARTESIAN_POINT('',(7.95,-0.2,4.4));
#720 = DIRECTION('',(1.,-1.224646799147E-16,-0.));
#721 = DIRECTION('',(1.224646799147E-16,1.,0.));
#722 = ADVANCED_FACE('',(#723),#741,.T.);
#723 = FACE_BOUND('',#724,.T.);
#724 = EDGE_LOOP('',(#725,#726,#727,#735));
#725 = ORIENTED_EDGE('',*,*,#123,.F.);
#726 = ORIENTED_EDGE('',*,*,#701,.T.);
#727 = ORIENTED_EDGE('',*,*,#728,.T.);
#728 = EDGE_CURVE('',#702,#729,#731,.T.);
#729 = VERTEX_POINT('',#730);
#730 = CARTESIAN_POINT('',(7.45,-0.6,6.));
#731 = LINE('',#732,#733);
#732 = CARTESIAN_POINT('',(7.45,-0.6,5.2));
#733 = VECTOR('',#734,1.);
#734 = DIRECTION('',(0.,0.,1.));
#735 = ORIENTED_EDGE('',*,*,#736,.F.);
#736 = EDGE_CURVE('',#116,#729,#737,.T.);
#737 = LINE('',#738,#739);
#738 = CARTESIAN_POINT('',(7.95,-0.6,6.));
#739 = VECTOR('',#740,1.);
#740 = DIRECTION('',(-1.,1.224646799147E-16,0.));
#741 = PLANE('',#742);
#742 = AXIS2_PLACEMENT_3D('',#743,#744,#745);
#743 = CARTESIAN_POINT('',(7.95,-0.6,4.4));
#744 = DIRECTION('',(1.224646799147E-16,1.,0.));
#745 = DIRECTION('',(0.,-0.,1.));
#746 = ADVANCED_FACE('',(#747),#790,.T.);
#747 = FACE_BOUND('',#748,.T.);
#748 = EDGE_LOOP('',(#749,#750,#751,#759,#767,#775,#783,#789));
#749 = ORIENTED_EDGE('',*,*,#115,.T.);
#750 = ORIENTED_EDGE('',*,*,#736,.T.);
#751 = ORIENTED_EDGE('',*,*,#752,.F.);
#752 = EDGE_CURVE('',#753,#729,#755,.T.);
#753 = VERTEX_POINT('',#754);
#754 = CARTESIAN_POINT('',(7.45,-2.3,6.));
#755 = LINE('',#756,#757);
#756 = CARTESIAN_POINT('',(7.45,-2.3,6.));
#757 = VECTOR('',#758,1.);
#758 = DIRECTION('',(1.224646799147E-16,1.,0.));
#759 = ORIENTED_EDGE('',*,*,#760,.F.);
#760 = EDGE_CURVE('',#761,#753,#763,.T.);
#761 = VERTEX_POINT('',#762);
#762 = CARTESIAN_POINT('',(-1.45,-2.3,6.));
#763 = LINE('',#764,#765);
#764 = CARTESIAN_POINT('',(-1.45,-2.3,6.));
#765 = VECTOR('',#766,1.);
#766 = DIRECTION('',(1.,-1.224646799147E-16,0.));
#767 = ORIENTED_EDGE('',*,*,#768,.F.);
#768 = EDGE_CURVE('',#769,#761,#771,.T.);
#769 = VERTEX_POINT('',#770);
#770 = CARTESIAN_POINT('',(-1.45,-0.6,6.));
#771 = LINE('',#772,#773);
#772 = CARTESIAN_POINT('',(-1.45,1.1,6.));
#773 = VECTOR('',#774,1.);
#774 = DIRECTION('',(-1.224646799147E-16,-1.,0.));
#775 = ORIENTED_EDGE('',*,*,#776,.T.);
#776 = EDGE_CURVE('',#769,#777,#779,.T.);
#777 = VERTEX_POINT('',#778);
#778 = CARTESIAN_POINT('',(-1.95,-0.6,6.));
#779 = LINE('',#780,#781);
#780 = CARTESIAN_POINT('',(7.95,-0.6,6.));
#781 = VECTOR('',#782,1.);
#782 = DIRECTION('',(-1.,1.224646799147E-16,0.));
#783 = ORIENTED_EDGE('',*,*,#784,.T.);
#784 = EDGE_CURVE('',#777,#181,#785,.T.);
#785 = LINE('',#786,#787);
#786 = CARTESIAN_POINT('',(-1.95,1.7,6.));
#787 = VECTOR('',#788,1.);
#788 = DIRECTION('',(-1.224646799147E-16,-1.,0.));
#789 = ORIENTED_EDGE('',*,*,#188,.T.);
#790 = PLANE('',#791);
#791 = AXIS2_PLACEMENT_3D('',#792,#793,#794);
#792 = CARTESIAN_POINT('',(3.,-0.55,6.));
#793 = DIRECTION('',(0.,0.,1.));
#794 = DIRECTION('',(-1.,1.224646799147E-16,0.));
#795 = ADVANCED_FACE('',(#796),#812,.F.);
#796 = FACE_BOUND('',#797,.F.);
#797 = EDGE_LOOP('',(#798,#799,#805,#806));
#798 = ORIENTED_EDGE('',*,*,#476,.T.);
#799 = ORIENTED_EDGE('',*,*,#800,.T.);
#800 = EDGE_CURVE('',#469,#171,#801,.T.);
#801 = LINE('',#802,#803);
#802 = CARTESIAN_POINT('',(-1.95,1.7,0.));
#803 = VECTOR('',#804,1.);
#804 = DIRECTION('',(-1.224646799147E-16,-1.,0.));
#805 = ORIENTED_EDGE('',*,*,#170,.T.);
#806 = ORIENTED_EDGE('',*,*,#807,.T.);
#807 = EDGE_CURVE('',#173,#477,#808,.T.);
#808 = LINE('',#809,#810);
#809 = CARTESIAN_POINT('',(-0.75,-2.8,0.));
#810 = VECTOR('',#811,1.);
#811 = DIRECTION('',(1.224646799147E-16,1.,0.));
#812 = PLANE('',#813);
#813 = AXIS2_PLACEMENT_3D('',#814,#815,#816);
#814 = CARTESIAN_POINT('',(3.,-0.55,0.));
#815 = DIRECTION('',(0.,0.,1.));
#816 = DIRECTION('',(-1.,1.224646799147E-16,0.));
#817 = ADVANCED_FACE('',(#818),#845,.T.);
#818 = FACE_BOUND('',#819,.T.);
#819 = EDGE_LOOP('',(#820,#821,#829,#837,#843,#844));
#820 = ORIENTED_EDGE('',*,*,#484,.T.);
#821 = ORIENTED_EDGE('',*,*,#822,.T.);
#822 = EDGE_CURVE('',#485,#823,#825,.T.);
#823 = VERTEX_POINT('',#824);
#824 = CARTESIAN_POINT('',(-0.75,0.5,0.1));
#825 = LINE('',#826,#827);
#826 = CARTESIAN_POINT('',(-0.75,1.7,0.2));
#827 = VECTOR('',#828,1.);
#828 = DIRECTION('',(-1.220416573038E-16,-0.996545758245,
    -8.304547985373E-02));
#829 = ORIENTED_EDGE('',*,*,#830,.T.);
#830 = EDGE_CURVE('',#823,#831,#833,.T.);
#831 = VERTEX_POINT('',#832);
#832 = CARTESIAN_POINT('',(-0.75,-0.5,0.1));
#833 = LINE('',#834,#835);
#834 = CARTESIAN_POINT('',(-0.75,0.5,0.1));
#835 = VECTOR('',#836,1.);
#836 = DIRECTION('',(-1.224646799147E-16,-1.,0.));
#837 = ORIENTED_EDGE('',*,*,#838,.T.);
#838 = EDGE_CURVE('',#831,#301,#839,.T.);
#839 = LINE('',#840,#841);
#840 = CARTESIAN_POINT('',(-0.75,-0.5,0.1));
#841 = VECTOR('',#842,1.);
#842 = DIRECTION('',(-1.223490926498E-16,-0.999056158355,
    4.343722427631E-02));
#843 = ORIENTED_EDGE('',*,*,#308,.T.);
#844 = ORIENTED_EDGE('',*,*,#807,.T.);
#845 = PLANE('',#846);
#846 = AXIS2_PLACEMENT_3D('',#847,#848,#849);
#847 = CARTESIAN_POINT('',(-0.75,-0.549524476701,7.07980355453E-02));
#848 = DIRECTION('',(1.,-1.224646799147E-16,-0.));
#849 = DIRECTION('',(-0.,0.,-1.));
#850 = ADVANCED_FACE('',(#851),#869,.F.);
#851 = FACE_BOUND('',#852,.F.);
#852 = EDGE_LOOP('',(#853,#861,#862,#863));
#853 = ORIENTED_EDGE('',*,*,#854,.T.);
#854 = EDGE_CURVE('',#855,#831,#857,.T.);
#855 = VERTEX_POINT('',#856);
#856 = CARTESIAN_POINT('',(0.75,-0.5,0.1));
#857 = LINE('',#858,#859);
#858 = CARTESIAN_POINT('',(0.75,-0.5,0.1));
#859 = VECTOR('',#860,1.);
#860 = DIRECTION('',(-1.,1.224646799147E-16,0.));
#861 = ORIENTED_EDGE('',*,*,#838,.T.);
#862 = ORIENTED_EDGE('',*,*,#300,.F.);
#863 = ORIENTED_EDGE('',*,*,#864,.F.);
#864 = EDGE_CURVE('',#855,#293,#865,.T.);
#865 = LINE('',#866,#867);
#866 = CARTESIAN_POINT('',(0.75,-0.5,0.1));
#867 = VECTOR('',#868,1.);
#868 = DIRECTION('',(-1.223490926498E-16,-0.999056158355,
    4.343722427631E-02));
#869 = PLANE('',#870);
#870 = AXIS2_PLACEMENT_3D('',#871,#872,#873);
#871 = CARTESIAN_POINT('',(0.75,-0.5,0.1));
#872 = DIRECTION('',(5.319525767383E-18,4.343722427631E-02,
    0.999056158355));
#873 = DIRECTION('',(-1.223490926498E-16,-0.999056158355,
    4.343722427631E-02));
#874 = ADVANCED_FACE('',(#875),#900,.F.);
#875 = FACE_BOUND('',#876,.F.);
#876 = EDGE_LOOP('',(#877,#878,#886,#892,#893,#894));
#877 = ORIENTED_EDGE('',*,*,#500,.T.);
#878 = ORIENTED_EDGE('',*,*,#879,.T.);
#879 = EDGE_CURVE('',#493,#880,#882,.T.);
#880 = VERTEX_POINT('',#881);
#881 = CARTESIAN_POINT('',(0.75,0.5,0.1));
#882 = LINE('',#883,#884);
#883 = CARTESIAN_POINT('',(0.75,1.7,0.2));
#884 = VECTOR('',#885,1.);
#885 = DIRECTION('',(-1.220416573038E-16,-0.996545758245,
    -8.304547985373E-02));
#886 = ORIENTED_EDGE('',*,*,#887,.T.);
#887 = EDGE_CURVE('',#880,#855,#888,.T.);
#888 = LINE('',#889,#890);
#889 = CARTESIAN_POINT('',(0.75,0.5,0.1));
#890 = VECTOR('',#891,1.);
#891 = DIRECTION('',(-1.224646799147E-16,-1.,0.));
#892 = ORIENTED_EDGE('',*,*,#864,.T.);
#893 = ORIENTED_EDGE('',*,*,#292,.T.);
#894 = ORIENTED_EDGE('',*,*,#895,.T.);
#895 = EDGE_CURVE('',#285,#501,#896,.T.);
#896 = LINE('',#897,#898);
#897 = CARTESIAN_POINT('',(0.75,-2.8,0.));
#898 = VECTOR('',#899,1.);
#899 = DIRECTION('',(1.224646799147E-16,1.,0.));
#900 = PLANE('',#901);
#901 = AXIS2_PLACEMENT_3D('',#902,#903,#904);
#902 = CARTESIAN_POINT('',(0.75,-0.549524476701,7.07980355453E-02));
#903 = DIRECTION('',(1.,-1.224646799147E-16,-0.));
#904 = DIRECTION('',(-0.,0.,-1.));
#905 = ADVANCED_FACE('',(#906),#917,.F.);
#906 = FACE_BOUND('',#907,.F.);
#907 = EDGE_LOOP('',(#908,#909,#910,#911));
#908 = ORIENTED_EDGE('',*,*,#508,.T.);
#909 = ORIENTED_EDGE('',*,*,#895,.F.);
#910 = ORIENTED_EDGE('',*,*,#284,.T.);
#911 = ORIENTED_EDGE('',*,*,#912,.T.);
#912 = EDGE_CURVE('',#277,#509,#913,.T.);
#913 = LINE('',#914,#915);
#914 = CARTESIAN_POINT('',(1.25,-2.8,0.));
#915 = VECTOR('',#916,1.);
#916 = DIRECTION('',(1.224646799147E-16,1.,0.));
#917 = PLANE('',#918);
#918 = AXIS2_PLACEMENT_3D('',#919,#920,#921);
#919 = CARTESIAN_POINT('',(3.,-0.55,0.));
#920 = DIRECTION('',(0.,0.,1.));
#921 = DIRECTION('',(-1.,1.224646799147E-16,0.));
#922 = ADVANCED_FACE('',(#923),#950,.T.);
#923 = FACE_BOUND('',#924,.T.);
#924 = EDGE_LOOP('',(#925,#926,#934,#942,#948,#949));
#925 = ORIENTED_EDGE('',*,*,#516,.T.);
#926 = ORIENTED_EDGE('',*,*,#927,.T.);
#927 = EDGE_CURVE('',#517,#928,#930,.T.);
#928 = VERTEX_POINT('',#929);
#929 = CARTESIAN_POINT('',(1.25,0.5,0.1));
#930 = LINE('',#931,#932);
#931 = CARTESIAN_POINT('',(1.25,1.7,0.2));
#932 = VECTOR('',#933,1.);
#933 = DIRECTION('',(-1.220416573038E-16,-0.996545758245,
    -8.304547985373E-02));
#934 = ORIENTED_EDGE('',*,*,#935,.T.);
#935 = EDGE_CURVE('',#928,#936,#938,.T.);
#936 = VERTEX_POINT('',#937);
#937 = CARTESIAN_POINT('',(1.25,-0.5,0.1));
#938 = LINE('',#939,#940);
#939 = CARTESIAN_POINT('',(1.25,0.5,0.1));
#940 = VECTOR('',#941,1.);
#941 = DIRECTION('',(-1.224646799147E-16,-1.,0.));
#942 = ORIENTED_EDGE('',*,*,#943,.T.);
#943 = EDGE_CURVE('',#936,#269,#944,.T.);
#944 = LINE('',#945,#946);
#945 = CARTESIAN_POINT('',(1.25,-0.5,0.1));
#946 = VECTOR('',#947,1.);
#947 = DIRECTION('',(-1.223490926498E-16,-0.999056158355,
    4.343722427631E-02));
#948 = ORIENTED_EDGE('',*,*,#276,.T.);
#949 = ORIENTED_EDGE('',*,*,#912,.T.);
#950 = PLANE('',#951);
#951 = AXIS2_PLACEMENT_3D('',#952,#953,#954);
#952 = CARTESIAN_POINT('',(1.25,-0.549524476701,7.07980355453E-02));
#953 = DIRECTION('',(1.,-1.224646799147E-16,-0.));
#954 = DIRECTION('',(-0.,0.,-1.));
#955 = ADVANCED_FACE('',(#956),#974,.F.);
#956 = FACE_BOUND('',#957,.F.);
#957 = EDGE_LOOP('',(#958,#966,#967,#968));
#958 = ORIENTED_EDGE('',*,*,#959,.T.);
#959 = EDGE_CURVE('',#960,#936,#962,.T.);
#960 = VERTEX_POINT('',#961);
#961 = CARTESIAN_POINT('',(2.75,-0.5,0.1));
#962 = LINE('',#963,#964);
#963 = CARTESIAN_POINT('',(2.75,-0.5,0.1));
#964 = VECTOR('',#965,1.);
#965 = DIRECTION('',(-1.,1.224646799147E-16,0.));
#966 = ORIENTED_EDGE('',*,*,#943,.T.);
#967 = ORIENTED_EDGE('',*,*,#268,.F.);
#968 = ORIENTED_EDGE('',*,*,#969,.F.);
#969 = EDGE_CURVE('',#960,#261,#970,.T.);
#970 = LINE('',#971,#972);
#971 = CARTESIAN_POINT('',(2.75,-0.5,0.1));
#972 = VECTOR('',#973,1.);
#973 = DIRECTION('',(-1.223490926498E-16,-0.999056158355,
    4.343722427631E-02));
#974 = PLANE('',#975);
#975 = AXIS2_PLACEMENT_3D('',#976,#977,#978);
#976 = CARTESIAN_POINT('',(2.75,-0.5,0.1));
#977 = DIRECTION('',(5.319525767383E-18,4.343722427631E-02,
    0.999056158355));
#978 = DIRECTION('',(-1.223490926498E-16,-0.999056158355,
    4.343722427631E-02));
#979 = ADVANCED_FACE('',(#980),#1005,.F.);
#980 = FACE_BOUND('',#981,.F.);
#981 = EDGE_LOOP('',(#982,#983,#991,#997,#998,#999));
#982 = ORIENTED_EDGE('',*,*,#532,.T.);
#983 = ORIENTED_EDGE('',*,*,#984,.T.);
#984 = EDGE_CURVE('',#525,#985,#987,.T.);
#985 = VERTEX_POINT('',#986);
#986 = CARTESIAN_POINT('',(2.75,0.5,0.1));
#987 = LINE('',#988,#989);
#988 = CARTESIAN_POINT('',(2.75,1.7,0.2));
#989 = VECTOR('',#990,1.);
#990 = DIRECTION('',(-1.220416573038E-16,-0.996545758245,
    -8.304547985373E-02));
#991 = ORIENTED_EDGE('',*,*,#992,.T.);
#992 = EDGE_CURVE('',#985,#960,#993,.T.);
#993 = LINE('',#994,#995);
#994 = CARTESIAN_POINT('',(2.75,0.5,0.1));
#995 = VECTOR('',#996,1.);
#996 = DIRECTION('',(-1.224646799147E-16,-1.,0.));
#997 = ORIENTED_EDGE('',*,*,#969,.T.);
#998 = ORIENTED_EDGE('',*,*,#260,.T.);
#999 = ORIENTED_EDGE('',*,*,#1000,.T.);
#1000 = EDGE_CURVE('',#253,#533,#1001,.T.);
#1001 = LINE('',#1002,#1003);
#1002 = CARTESIAN_POINT('',(2.75,-2.8,0.));
#1003 = VECTOR('',#1004,1.);
#1004 = DIRECTION('',(1.224646799147E-16,1.,0.));
#1005 = PLANE('',#1006);
#1006 = AXIS2_PLACEMENT_3D('',#1007,#1008,#1009);
#1007 = CARTESIAN_POINT('',(2.75,-0.549524476701,7.07980355453E-02));
#1008 = DIRECTION('',(1.,-1.224646799147E-16,-0.));
#1009 = DIRECTION('',(-0.,0.,-1.));
#1010 = ADVANCED_FACE('',(#1011),#1022,.F.);
#1011 = FACE_BOUND('',#1012,.F.);
#1012 = EDGE_LOOP('',(#1013,#1014,#1015,#1021));
#1013 = ORIENTED_EDGE('',*,*,#1000,.F.);
#1014 = ORIENTED_EDGE('',*,*,#252,.T.);
#1015 = ORIENTED_EDGE('',*,*,#1016,.T.);
#1016 = EDGE_CURVE('',#245,#541,#1017,.T.);
#1017 = LINE('',#1018,#1019);
#1018 = CARTESIAN_POINT('',(3.25,-2.8,0.));
#1019 = VECTOR('',#1020,1.);
#1020 = DIRECTION('',(1.224646799147E-16,1.,0.));
#1021 = ORIENTED_EDGE('',*,*,#540,.T.);
#1022 = PLANE('',#1023);
#1023 = AXIS2_PLACEMENT_3D('',#1024,#1025,#1026);
#1024 = CARTESIAN_POINT('',(3.,-0.55,0.));
#1025 = DIRECTION('',(0.,0.,1.));
#1026 = DIRECTION('',(-1.,1.224646799147E-16,0.));
#1027 = ADVANCED_FACE('',(#1028),#1055,.T.);
#1028 = FACE_BOUND('',#1029,.T.);
#1029 = EDGE_LOOP('',(#1030,#1031,#1039,#1047,#1053,#1054));
#1030 = ORIENTED_EDGE('',*,*,#548,.T.);
#1031 = ORIENTED_EDGE('',*,*,#1032,.T.);
#1032 = EDGE_CURVE('',#549,#1033,#1035,.T.);
#1033 = VERTEX_POINT('',#1034);
#1034 = CARTESIAN_POINT('',(3.25,0.5,0.1));
#1035 = LINE('',#1036,#1037);
#1036 = CARTESIAN_POINT('',(3.25,1.7,0.2));
#1037 = VECTOR('',#1038,1.);
#1038 = DIRECTION('',(-1.220416573038E-16,-0.996545758245,
    -8.304547985373E-02));
#1039 = ORIENTED_EDGE('',*,*,#1040,.T.);
#1040 = EDGE_CURVE('',#1033,#1041,#1043,.T.);
#1041 = VERTEX_POINT('',#1042);
#1042 = CARTESIAN_POINT('',(3.25,-0.5,0.1));
#1043 = LINE('',#1044,#1045);
#1044 = CARTESIAN_POINT('',(3.25,0.5,0.1));
#1045 = VECTOR('',#1046,1.);
#1046 = DIRECTION('',(-1.224646799147E-16,-1.,0.));
#1047 = ORIENTED_EDGE('',*,*,#1048,.T.);
#1048 = EDGE_CURVE('',#1041,#237,#1049,.T.);
#1049 = LINE('',#1050,#1051);
#1050 = CARTESIAN_POINT('',(3.25,-0.5,0.1));
#1051 = VECTOR('',#1052,1.);
#1052 = DIRECTION('',(-1.223490926498E-16,-0.999056158355,
    4.343722427631E-02));
#1053 = ORIENTED_EDGE('',*,*,#244,.T.);
#1054 = ORIENTED_EDGE('',*,*,#1016,.T.);
#1055 = PLANE('',#1056);
#1056 = AXIS2_PLACEMENT_3D('',#1057,#1058,#1059);
#1057 = CARTESIAN_POINT('',(3.25,-0.549524476701,7.07980355453E-02));
#1058 = DIRECTION('',(1.,-1.224646799147E-16,-0.));
#1059 = DIRECTION('',(-0.,0.,-1.));
#1060 = ADVANCED_FACE('',(#1061),#1079,.F.);
#1061 = FACE_BOUND('',#1062,.F.);
#1062 = EDGE_LOOP('',(#1063,#1071,#1072,#1073));
#1063 = ORIENTED_EDGE('',*,*,#1064,.T.);
#1064 = EDGE_CURVE('',#1065,#1041,#1067,.T.);
#1065 = VERTEX_POINT('',#1066);
#1066 = CARTESIAN_POINT('',(4.75,-0.5,0.1));
#1067 = LINE('',#1068,#1069);
#1068 = CARTESIAN_POINT('',(4.75,-0.5,0.1));
#1069 = VECTOR('',#1070,1.);
#1070 = DIRECTION('',(-1.,1.224646799147E-16,0.));
#1071 = ORIENTED_EDGE('',*,*,#1048,.T.);
#1072 = ORIENTED_EDGE('',*,*,#236,.F.);
#1073 = ORIENTED_EDGE('',*,*,#1074,.F.);
#1074 = EDGE_CURVE('',#1065,#229,#1075,.T.);
#1075 = LINE('',#1076,#1077);
#1076 = CARTESIAN_POINT('',(4.75,-0.5,0.1));
#1077 = VECTOR('',#1078,1.);
#1078 = DIRECTION('',(-1.223490926498E-16,-0.999056158355,
    4.343722427631E-02));
#1079 = PLANE('',#1080);
#1080 = AXIS2_PLACEMENT_3D('',#1081,#1082,#1083);
#1081 = CARTESIAN_POINT('',(4.75,-0.5,0.1));
#1082 = DIRECTION('',(5.319525767383E-18,4.343722427631E-02,
    0.999056158355));
#1083 = DIRECTION('',(-1.223490926498E-16,-0.999056158355,
    4.343722427631E-02));
#1084 = ADVANCED_FACE('',(#1085),#1110,.F.);
#1085 = FACE_BOUND('',#1086,.F.);
#1086 = EDGE_LOOP('',(#1087,#1088,#1096,#1102,#1103,#1104));
#1087 = ORIENTED_EDGE('',*,*,#564,.T.);
#1088 = ORIENTED_EDGE('',*,*,#1089,.T.);
#1089 = EDGE_CURVE('',#557,#1090,#1092,.T.);
#1090 = VERTEX_POINT('',#1091);
#1091 = CARTESIAN_POINT('',(4.75,0.5,0.1));
#1092 = LINE('',#1093,#1094);
#1093 = CARTESIAN_POINT('',(4.75,1.7,0.2));
#1094 = VECTOR('',#1095,1.);
#1095 = DIRECTION('',(-1.220416573038E-16,-0.996545758245,
    -8.304547985373E-02));
#1096 = ORIENTED_EDGE('',*,*,#1097,.T.);
#1097 = EDGE_CURVE('',#1090,#1065,#1098,.T.);
#1098 = LINE('',#1099,#1100);
#1099 = CARTESIAN_POINT('',(4.75,0.5,0.1));
#1100 = VECTOR('',#1101,1.);
#1101 = DIRECTION('',(-1.224646799147E-16,-1.,0.));
#1102 = ORIENTED_EDGE('',*,*,#1074,.T.);
#1103 = ORIENTED_EDGE('',*,*,#228,.T.);
#1104 = ORIENTED_EDGE('',*,*,#1105,.T.);
#1105 = EDGE_CURVE('',#221,#565,#1106,.T.);
#1106 = LINE('',#1107,#1108);
#1107 = CARTESIAN_POINT('',(4.75,-2.8,0.));
#1108 = VECTOR('',#1109,1.);
#1109 = DIRECTION('',(1.224646799147E-16,1.,0.));
#1110 = PLANE('',#1111);
#1111 = AXIS2_PLACEMENT_3D('',#1112,#1113,#1114);
#1112 = CARTESIAN_POINT('',(4.75,-0.549524476701,7.07980355453E-02));
#1113 = DIRECTION('',(1.,-1.224646799147E-16,-0.));
#1114 = DIRECTION('',(-0.,0.,-1.));
#1115 = ADVANCED_FACE('',(#1116),#1127,.F.);
#1116 = FACE_BOUND('',#1117,.F.);
#1117 = EDGE_LOOP('',(#1118,#1119,#1125,#1126));
#1118 = ORIENTED_EDGE('',*,*,#220,.T.);
#1119 = ORIENTED_EDGE('',*,*,#1120,.T.);
#1120 = EDGE_CURVE('',#213,#573,#1121,.T.);
#1121 = LINE('',#1122,#1123);
#1122 = CARTESIAN_POINT('',(5.25,-2.8,0.));
#1123 = VECTOR('',#1124,1.);
#1124 = DIRECTION('',(1.224646799147E-16,1.,0.));
#1125 = ORIENTED_EDGE('',*,*,#572,.T.);
#1126 = ORIENTED_EDGE('',*,*,#1105,.F.);
#1127 = PLANE('',#1128);
#1128 = AXIS2_PLACEMENT_3D('',#1129,#1130,#1131);
#1129 = CARTESIAN_POINT('',(3.,-0.55,0.));
#1130 = DIRECTION('',(0.,0.,1.));
#1131 = DIRECTION('',(-1.,1.224646799147E-16,0.));
#1132 = ADVANCED_FACE('',(#1133),#1160,.T.);
#1133 = FACE_BOUND('',#1134,.T.);
#1134 = EDGE_LOOP('',(#1135,#1136,#1144,#1152,#1158,#1159));
#1135 = ORIENTED_EDGE('',*,*,#580,.T.);
#1136 = ORIENTED_EDGE('',*,*,#1137,.T.);
#1137 = EDGE_CURVE('',#581,#1138,#1140,.T.);
#1138 = VERTEX_POINT('',#1139);
#1139 = CARTESIAN_POINT('',(5.25,0.5,0.1));
#1140 = LINE('',#1141,#1142);
#1141 = CARTESIAN_POINT('',(5.25,1.7,0.2));
#1142 = VECTOR('',#1143,1.);
#1143 = DIRECTION('',(-1.220416573038E-16,-0.996545758245,
    -8.304547985373E-02));
#1144 = ORIENTED_EDGE('',*,*,#1145,.T.);
#1145 = EDGE_CURVE('',#1138,#1146,#1148,.T.);
#1146 = VERTEX_POINT('',#1147);
#1147 = CARTESIAN_POINT('',(5.25,-0.5,0.1));
#1148 = LINE('',#1149,#1150);
#1149 = CARTESIAN_POINT('',(5.25,0.5,0.1));
#1150 = VECTOR('',#1151,1.);
#1151 = DIRECTION('',(-1.224646799147E-16,-1.,0.));
#1152 = ORIENTED_EDGE('',*,*,#1153,.T.);
#1153 = EDGE_CURVE('',#1146,#205,#1154,.T.);
#1154 = LINE('',#1155,#1156);
#1155 = CARTESIAN_POINT('',(5.25,-0.5,0.1));
#1156 = VECTOR('',#1157,1.);
#1157 = DIRECTION('',(-1.223490926498E-16,-0.999056158355,
    4.343722427631E-02));
#1158 = ORIENTED_EDGE('',*,*,#212,.T.);
#1159 = ORIENTED_EDGE('',*,*,#1120,.T.);
#1160 = PLANE('',#1161);
#1161 = AXIS2_PLACEMENT_3D('',#1162,#1163,#1164);
#1162 = CARTESIAN_POINT('',(5.25,-0.549524476701,7.07980355453E-02));
#1163 = DIRECTION('',(1.,-1.224646799147E-16,-0.));
#1164 = DIRECTION('',(-0.,0.,-1.));
#1165 = ADVANCED_FACE('',(#1166),#1177,.F.);
#1166 = FACE_BOUND('',#1167,.F.);
#1167 = EDGE_LOOP('',(#1168,#1174,#1175,#1176));
#1168 = ORIENTED_EDGE('',*,*,#1169,.T.);
#1169 = EDGE_CURVE('',#339,#1146,#1170,.T.);
#1170 = LINE('',#1171,#1172);
#1171 = CARTESIAN_POINT('',(6.75,-0.5,0.1));
#1172 = VECTOR('',#1173,1.);
#1173 = DIRECTION('',(-1.,1.224646799147E-16,0.));
#1174 = ORIENTED_EDGE('',*,*,#1153,.T.);
#1175 = ORIENTED_EDGE('',*,*,#204,.F.);
#1176 = ORIENTED_EDGE('',*,*,#346,.F.);
#1177 = PLANE('',#1178);
#1178 = AXIS2_PLACEMENT_3D('',#1179,#1180,#1181);
#1179 = CARTESIAN_POINT('',(6.75,-0.5,0.1));
#1180 = DIRECTION('',(5.319525767383E-18,4.343722427631E-02,
    0.999056158355));
#1181 = DIRECTION('',(-1.223490926498E-16,-0.999056158355,
    4.343722427631E-02));
#1182 = ADVANCED_FACE('',(#1183),#1220,.F.);
#1183 = FACE_BOUND('',#1184,.F.);
#1184 = EDGE_LOOP('',(#1185,#1186,#1187,#1195,#1203,#1212,#1218,#1219));
#1185 = ORIENTED_EDGE('',*,*,#800,.F.);
#1186 = ORIENTED_EDGE('',*,*,#468,.T.);
#1187 = ORIENTED_EDGE('',*,*,#1188,.T.);
#1188 = EDGE_CURVE('',#461,#1189,#1191,.T.);
#1189 = VERTEX_POINT('',#1190);
#1190 = CARTESIAN_POINT('',(-1.95,0.2,6.));
#1191 = LINE('',#1192,#1193);
#1192 = CARTESIAN_POINT('',(-1.95,1.7,6.));
#1193 = VECTOR('',#1194,1.);
#1194 = DIRECTION('',(-1.224646799147E-16,-1.,0.));
#1195 = ORIENTED_EDGE('',*,*,#1196,.T.);
#1196 = EDGE_CURVE('',#1189,#1197,#1199,.T.);
#1197 = VERTEX_POINT('',#1198);
#1198 = CARTESIAN_POINT('',(-1.95,0.2,4.4));
#1199 = LINE('',#1200,#1201);
#1200 = CARTESIAN_POINT('',(-1.95,0.2,3.));
#1201 = VECTOR('',#1202,1.);
#1202 = DIRECTION('',(-0.,0.,-1.));
#1203 = ORIENTED_EDGE('',*,*,#1204,.F.);
#1204 = EDGE_CURVE('',#1205,#1197,#1207,.T.);
#1205 = VERTEX_POINT('',#1206);
#1206 = CARTESIAN_POINT('',(-1.95,-0.6,4.4));
#1207 = CIRCLE('',#1208,0.4);
#1208 = AXIS2_PLACEMENT_3D('',#1209,#1210,#1211);
#1209 = CARTESIAN_POINT('',(-1.95,-0.2,4.4));
#1210 = DIRECTION('',(1.,-1.224646799147E-16,0.));
#1211 = DIRECTION('',(1.224646799147E-16,1.,0.));
#1212 = ORIENTED_EDGE('',*,*,#1213,.T.);
#1213 = EDGE_CURVE('',#1205,#777,#1214,.T.);
#1214 = LINE('',#1215,#1216);
#1215 = CARTESIAN_POINT('',(-1.95,-0.6,2.2));
#1216 = VECTOR('',#1217,1.);
#1217 = DIRECTION('',(0.,0.,1.));
#1218 = ORIENTED_EDGE('',*,*,#784,.T.);
#1219 = ORIENTED_EDGE('',*,*,#180,.F.);
#1220 = PLANE('',#1221);
#1221 = AXIS2_PLACEMENT_3D('',#1222,#1223,#1224);
#1222 = CARTESIAN_POINT('',(-1.95,1.7,0.));
#1223 = DIRECTION('',(1.,-1.224646799147E-16,0.));
#1224 = DIRECTION('',(-1.224646799147E-16,-1.,0.));
#1225 = ADVANCED_FACE('',(#1226),#1237,.F.);
#1226 = FACE_BOUND('',#1227,.F.);
#1227 = EDGE_LOOP('',(#1228,#1229,#1230,#1236));
#1228 = ORIENTED_EDGE('',*,*,#588,.T.);
#1229 = ORIENTED_EDGE('',*,*,#1137,.T.);
#1230 = ORIENTED_EDGE('',*,*,#1231,.F.);
#1231 = EDGE_CURVE('',#331,#1138,#1232,.T.);
#1232 = LINE('',#1233,#1234);
#1233 = CARTESIAN_POINT('',(6.75,0.5,0.1));
#1234 = VECTOR('',#1235,1.);
#1235 = DIRECTION('',(-1.,1.224646799147E-16,0.));
#1236 = ORIENTED_EDGE('',*,*,#330,.F.);
#1237 = PLANE('',#1238);
#1238 = AXIS2_PLACEMENT_3D('',#1239,#1240,#1241);
#1239 = CARTESIAN_POINT('',(6.75,1.7,0.2));
#1240 = DIRECTION('',(-1.017013810865E-17,-8.304547985373E-02,
    0.996545758245));
#1241 = DIRECTION('',(-1.220416573038E-16,-0.996545758245,
    -8.304547985373E-02));
#1242 = ADVANCED_FACE('',(#1243,#1249),#1283,.F.);
#1243 = FACE_BOUND('',#1244,.F.);
#1244 = EDGE_LOOP('',(#1245,#1246,#1247,#1248));
#1245 = ORIENTED_EDGE('',*,*,#1231,.T.);
#1246 = ORIENTED_EDGE('',*,*,#1145,.T.);
#1247 = ORIENTED_EDGE('',*,*,#1169,.F.);
#1248 = ORIENTED_EDGE('',*,*,#338,.F.);
#1249 = FACE_BOUND('',#1250,.F.);
#1250 = EDGE_LOOP('',(#1251,#1261,#1269,#1277));
#1251 = ORIENTED_EDGE('',*,*,#1252,.T.);
#1252 = EDGE_CURVE('',#1253,#1255,#1257,.T.);
#1253 = VERTEX_POINT('',#1254);
#1254 = CARTESIAN_POINT('',(6.25,0.25,0.1));
#1255 = VERTEX_POINT('',#1256);
#1256 = CARTESIAN_POINT('',(6.25,-0.25,0.1));
#1257 = LINE('',#1258,#1259);
#1258 = CARTESIAN_POINT('',(6.25,0.271633216363,0.1));
#1259 = VECTOR('',#1260,1.);
#1260 = DIRECTION('',(-1.224646799147E-16,-1.,0.));
#1261 = ORIENTED_EDGE('',*,*,#1262,.T.);
#1262 = EDGE_CURVE('',#1255,#1263,#1265,.T.);
#1263 = VERTEX_POINT('',#1264);
#1264 = CARTESIAN_POINT('',(5.75,-0.25,0.1));
#1265 = LINE('',#1266,#1267);
#1266 = CARTESIAN_POINT('',(6.5,-0.25,0.1));
#1267 = VECTOR('',#1268,1.);
#1268 = DIRECTION('',(-1.,1.224646799147E-16,0.));
#1269 = ORIENTED_EDGE('',*,*,#1270,.F.);
#1270 = EDGE_CURVE('',#1271,#1263,#1273,.T.);
#1271 = VERTEX_POINT('',#1272);
#1272 = CARTESIAN_POINT('',(5.75,0.25,0.1));
#1273 = LINE('',#1274,#1275);
#1274 = CARTESIAN_POINT('',(5.75,0.271633216363,0.1));
#1275 = VECTOR('',#1276,1.);
#1276 = DIRECTION('',(-1.224646799147E-16,-1.,0.));
#1277 = ORIENTED_EDGE('',*,*,#1278,.T.);
#1278 = EDGE_CURVE('',#1271,#1253,#1279,.T.);
#1279 = LINE('',#1280,#1281);
#1280 = CARTESIAN_POINT('',(6.5,0.25,0.1));
#1281 = VECTOR('',#1282,1.);
#1282 = DIRECTION('',(1.,-1.224646799147E-16,0.));
#1283 = PLANE('',#1284);
#1284 = AXIS2_PLACEMENT_3D('',#1285,#1286,#1287);
#1285 = CARTESIAN_POINT('',(6.75,0.5,0.1));
#1286 = DIRECTION('',(0.,0.,1.));
#1287 = DIRECTION('',(-1.224646799147E-16,-1.,0.));
#1288 = ADVANCED_FACE('',(#1289),#1300,.F.);
#1289 = FACE_BOUND('',#1290,.F.);
#1290 = EDGE_LOOP('',(#1291,#1292,#1293,#1299));
#1291 = ORIENTED_EDGE('',*,*,#556,.T.);
#1292 = ORIENTED_EDGE('',*,*,#1032,.T.);
#1293 = ORIENTED_EDGE('',*,*,#1294,.F.);
#1294 = EDGE_CURVE('',#1090,#1033,#1295,.T.);
#1295 = LINE('',#1296,#1297);
#1296 = CARTESIAN_POINT('',(4.75,0.5,0.1));
#1297 = VECTOR('',#1298,1.);
#1298 = DIRECTION('',(-1.,1.224646799147E-16,0.));
#1299 = ORIENTED_EDGE('',*,*,#1089,.F.);
#1300 = PLANE('',#1301);
#1301 = AXIS2_PLACEMENT_3D('',#1302,#1303,#1304);
#1302 = CARTESIAN_POINT('',(4.75,1.7,0.2));
#1303 = DIRECTION('',(-1.017013810865E-17,-8.304547985373E-02,
    0.996545758245));
#1304 = DIRECTION('',(-1.220416573038E-16,-0.996545758245,
    -8.304547985373E-02));
#1305 = ADVANCED_FACE('',(#1306),#1317,.F.);
#1306 = FACE_BOUND('',#1307,.F.);
#1307 = EDGE_LOOP('',(#1308,#1309,#1310,#1316));
#1308 = ORIENTED_EDGE('',*,*,#524,.T.);
#1309 = ORIENTED_EDGE('',*,*,#927,.T.);
#1310 = ORIENTED_EDGE('',*,*,#1311,.F.);
#1311 = EDGE_CURVE('',#985,#928,#1312,.T.);
#1312 = LINE('',#1313,#1314);
#1313 = CARTESIAN_POINT('',(2.75,0.5,0.1));
#1314 = VECTOR('',#1315,1.);
#1315 = DIRECTION('',(-1.,1.224646799147E-16,0.));
#1316 = ORIENTED_EDGE('',*,*,#984,.F.);
#1317 = PLANE('',#1318);
#1318 = AXIS2_PLACEMENT_3D('',#1319,#1320,#1321);
#1319 = CARTESIAN_POINT('',(2.75,1.7,0.2));
#1320 = DIRECTION('',(-1.017013810865E-17,-8.304547985373E-02,
    0.996545758245));
#1321 = DIRECTION('',(-1.220416573038E-16,-0.996545758245,
    -8.304547985373E-02));
#1322 = ADVANCED_FACE('',(#1323),#1334,.F.);
#1323 = FACE_BOUND('',#1324,.F.);
#1324 = EDGE_LOOP('',(#1325,#1326,#1327,#1333));
#1325 = ORIENTED_EDGE('',*,*,#492,.T.);
#1326 = ORIENTED_EDGE('',*,*,#822,.T.);
#1327 = ORIENTED_EDGE('',*,*,#1328,.F.);
#1328 = EDGE_CURVE('',#880,#823,#1329,.T.);
#1329 = LINE('',#1330,#1331);
#1330 = CARTESIAN_POINT('',(0.75,0.5,0.1));
#1331 = VECTOR('',#1332,1.);
#1332 = DIRECTION('',(-1.,1.224646799147E-16,0.));
#1333 = ORIENTED_EDGE('',*,*,#879,.F.);
#1334 = PLANE('',#1335);
#1335 = AXIS2_PLACEMENT_3D('',#1336,#1337,#1338);
#1336 = CARTESIAN_POINT('',(0.75,1.7,0.2));
#1337 = DIRECTION('',(-1.017013810865E-17,-8.304547985373E-02,
    0.996545758245));
#1338 = DIRECTION('',(-1.220416573038E-16,-0.996545758245,
    -8.304547985373E-02));
#1339 = ADVANCED_FACE('',(#1340),#1397,.T.);
#1340 = FACE_BOUND('',#1341,.T.);
#1341 = EDGE_LOOP('',(#1342,#1350,#1351,#1359,#1367,#1373,#1374,#1375,
    #1383,#1391));
#1342 = ORIENTED_EDGE('',*,*,#1343,.F.);
#1343 = EDGE_CURVE('',#389,#1344,#1346,.T.);
#1344 = VERTEX_POINT('',#1345);
#1345 = CARTESIAN_POINT('',(0.55,1.1,6.));
#1346 = LINE('',#1347,#1348);
#1347 = CARTESIAN_POINT('',(0.55,1.7,6.));
#1348 = VECTOR('',#1349,1.);
#1349 = DIRECTION('',(-1.224646799147E-16,-1.,0.));
#1350 = ORIENTED_EDGE('',*,*,#396,.T.);
#1351 = ORIENTED_EDGE('',*,*,#1352,.T.);
#1352 = EDGE_CURVE('',#397,#1353,#1355,.T.);
#1353 = VERTEX_POINT('',#1354);
#1354 = CARTESIAN_POINT('',(-0.45,1.75,6.));
#1355 = LINE('',#1356,#1357);
#1356 = CARTESIAN_POINT('',(-0.45,1.7,6.));
#1357 = VECTOR('',#1358,1.);
#1358 = DIRECTION('',(1.224646799147E-16,1.,0.));
#1359 = ORIENTED_EDGE('',*,*,#1360,.T.);
#1360 = EDGE_CURVE('',#1353,#1361,#1363,.T.);
#1361 = VERTEX_POINT('',#1362);
#1362 = CARTESIAN_POINT('',(-0.95,1.75,6.));
#1363 = LINE('',#1364,#1365);
#1364 = CARTESIAN_POINT('',(-0.45,1.75,6.));
#1365 = VECTOR('',#1366,1.);
#1366 = DIRECTION('',(-1.,1.224646799147E-16,0.));
#1367 = ORIENTED_EDGE('',*,*,#1368,.T.);
#1368 = EDGE_CURVE('',#1361,#453,#1369,.T.);
#1369 = LINE('',#1370,#1371);
#1370 = CARTESIAN_POINT('',(-0.95,1.75,6.));
#1371 = VECTOR('',#1372,1.);
#1372 = DIRECTION('',(-1.224646799147E-16,-1.,0.));
#1373 = ORIENTED_EDGE('',*,*,#460,.T.);
#1374 = ORIENTED_EDGE('',*,*,#1188,.T.);
#1375 = ORIENTED_EDGE('',*,*,#1376,.F.);
#1376 = EDGE_CURVE('',#1377,#1189,#1379,.T.);
#1377 = VERTEX_POINT('',#1378);
#1378 = CARTESIAN_POINT('',(-1.45,0.2,6.));
#1379 = LINE('',#1380,#1381);
#1380 = CARTESIAN_POINT('',(7.95,0.2,6.));
#1381 = VECTOR('',#1382,1.);
#1382 = DIRECTION('',(-1.,1.224646799147E-16,0.));
#1383 = ORIENTED_EDGE('',*,*,#1384,.F.);
#1384 = EDGE_CURVE('',#1385,#1377,#1387,.T.);
#1385 = VERTEX_POINT('',#1386);
#1386 = CARTESIAN_POINT('',(-1.45,1.1,6.));
#1387 = LINE('',#1388,#1389);
#1388 = CARTESIAN_POINT('',(-1.45,1.1,6.));
#1389 = VECTOR('',#1390,1.);
#1390 = DIRECTION('',(-1.224646799147E-16,-1.,0.));
#1391 = ORIENTED_EDGE('',*,*,#1392,.F.);
#1392 = EDGE_CURVE('',#1344,#1385,#1393,.T.);
#1393 = LINE('',#1394,#1395);
#1394 = CARTESIAN_POINT('',(7.45,1.1,6.));
#1395 = VECTOR('',#1396,1.);
#1396 = DIRECTION('',(-1.,1.224646799147E-16,0.));
#1397 = PLANE('',#1398);
#1398 = AXIS2_PLACEMENT_3D('',#1399,#1400,#1401);
#1399 = CARTESIAN_POINT('',(-0.922222222222,1.18487654321,6.));
#1400 = DIRECTION('',(2.080607309926E-16,-2.42450020189E-17,1.));
#1401 = DIRECTION('',(-1.,1.224646799147E-16,2.080607309926E-16));
#1402 = ADVANCED_FACE('',(#1403),#1421,.F.);
#1403 = FACE_BOUND('',#1404,.F.);
#1404 = EDGE_LOOP('',(#1405,#1413,#1414,#1415));
#1405 = ORIENTED_EDGE('',*,*,#1406,.T.);
#1406 = EDGE_CURVE('',#1407,#1361,#1409,.T.);
#1407 = VERTEX_POINT('',#1408);
#1408 = CARTESIAN_POINT('',(-0.95,1.75,4.2));
#1409 = LINE('',#1410,#1411);
#1410 = CARTESIAN_POINT('',(-0.95,1.75,4.2));
#1411 = VECTOR('',#1412,1.);
#1412 = DIRECTION('',(0.,0.,1.));
#1413 = ORIENTED_EDGE('',*,*,#1368,.T.);
#1414 = ORIENTED_EDGE('',*,*,#452,.F.);
#1415 = ORIENTED_EDGE('',*,*,#1416,.F.);
#1416 = EDGE_CURVE('',#1407,#445,#1417,.T.);
#1417 = LINE('',#1418,#1419);
#1418 = CARTESIAN_POINT('',(-0.95,1.75,4.2));
#1419 = VECTOR('',#1420,1.);
#1420 = DIRECTION('',(-1.224646799147E-16,-1.,0.));
#1421 = PLANE('',#1422);
#1422 = AXIS2_PLACEMENT_3D('',#1423,#1424,#1425);
#1423 = CARTESIAN_POINT('',(-0.95,1.75,4.2));
#1424 = DIRECTION('',(1.,-1.224646799147E-16,0.));
#1425 = DIRECTION('',(-1.224646799147E-16,-1.,0.));
#1426 = ADVANCED_FACE('',(#1427),#1468,.T.);
#1427 = FACE_BOUND('',#1428,.T.);
#1428 = EDGE_LOOP('',(#1429,#1430,#1438,#1446,#1452,#1453,#1454,#1462));
#1429 = ORIENTED_EDGE('',*,*,#412,.F.);
#1430 = ORIENTED_EDGE('',*,*,#1431,.T.);
#1431 = EDGE_CURVE('',#413,#1432,#1434,.T.);
#1432 = VERTEX_POINT('',#1433);
#1433 = CARTESIAN_POINT('',(-0.4,1.1,4.2));
#1434 = LINE('',#1435,#1436);
#1435 = CARTESIAN_POINT('',(-0.4,1.7,4.2));
#1436 = VECTOR('',#1437,1.);
#1437 = DIRECTION('',(-1.224646799147E-16,-1.,0.));
#1438 = ORIENTED_EDGE('',*,*,#1439,.T.);
#1439 = EDGE_CURVE('',#1432,#1440,#1442,.T.);
#1440 = VERTEX_POINT('',#1441);
#1441 = CARTESIAN_POINT('',(-1.4,1.1,4.2));
#1442 = LINE('',#1443,#1444);
#1443 = CARTESIAN_POINT('',(3.525,1.1,4.2));
#1444 = VECTOR('',#1445,1.);
#1445 = DIRECTION('',(-1.,1.224646799147E-16,0.));
#1446 = ORIENTED_EDGE('',*,*,#1447,.F.);
#1447 = EDGE_CURVE('',#437,#1440,#1448,.T.);
#1448 = LINE('',#1449,#1450);
#1449 = CARTESIAN_POINT('',(-1.4,1.7,4.2));
#1450 = VECTOR('',#1451,1.);
#1451 = DIRECTION('',(-1.224646799147E-16,-1.,0.));
#1452 = ORIENTED_EDGE('',*,*,#444,.F.);
#1453 = ORIENTED_EDGE('',*,*,#1416,.F.);
#1454 = ORIENTED_EDGE('',*,*,#1455,.F.);
#1455 = EDGE_CURVE('',#1456,#1407,#1458,.T.);
#1456 = VERTEX_POINT('',#1457);
#1457 = CARTESIAN_POINT('',(-0.45,1.75,4.2));
#1458 = LINE('',#1459,#1460);
#1459 = CARTESIAN_POINT('',(-0.45,1.75,4.2));
#1460 = VECTOR('',#1461,1.);
#1461 = DIRECTION('',(-1.,1.224646799147E-16,0.));
#1462 = ORIENTED_EDGE('',*,*,#1463,.F.);
#1463 = EDGE_CURVE('',#405,#1456,#1464,.T.);
#1464 = LINE('',#1465,#1466);
#1465 = CARTESIAN_POINT('',(-0.45,1.7,4.2));
#1466 = VECTOR('',#1467,1.);
#1467 = DIRECTION('',(1.224646799147E-16,1.,0.));
#1468 = PLANE('',#1469);
#1469 = AXIS2_PLACEMENT_3D('',#1470,#1471,#1472);
#1470 = CARTESIAN_POINT('',(-0.893939393939,1.417424242424,4.2));
#1471 = DIRECTION('',(6.977033109664E-30,4.098955823836E-31,-1.));
#1472 = DIRECTION('',(1.,-1.224646799147E-16,6.977033109664E-30));
#1473 = ADVANCED_FACE('',(#1474),#1492,.T.);
#1474 = FACE_BOUND('',#1475,.T.);
#1475 = EDGE_LOOP('',(#1476,#1477,#1478,#1486));
#1476 = ORIENTED_EDGE('',*,*,#436,.F.);
#1477 = ORIENTED_EDGE('',*,*,#1447,.T.);
#1478 = ORIENTED_EDGE('',*,*,#1479,.T.);
#1479 = EDGE_CURVE('',#1440,#1480,#1482,.T.);
#1480 = VERTEX_POINT('',#1481);
#1481 = CARTESIAN_POINT('',(-1.4,1.1,2.4));
#1482 = LINE('',#1483,#1484);
#1483 = CARTESIAN_POINT('',(-1.4,1.1,5.1));
#1484 = VECTOR('',#1485,1.);
#1485 = DIRECTION('',(-0.,0.,-1.));
#1486 = ORIENTED_EDGE('',*,*,#1487,.F.);
#1487 = EDGE_CURVE('',#429,#1480,#1488,.T.);
#1488 = LINE('',#1489,#1490);
#1489 = CARTESIAN_POINT('',(-1.4,1.7,2.4));
#1490 = VECTOR('',#1491,1.);
#1491 = DIRECTION('',(-1.224646799147E-16,-1.,0.));
#1492 = PLANE('',#1493);
#1493 = AXIS2_PLACEMENT_3D('',#1494,#1495,#1496);
#1494 = CARTESIAN_POINT('',(-1.4,1.7,4.2));
#1495 = DIRECTION('',(1.,-1.224646799147E-16,-0.));
#1496 = DIRECTION('',(-0.,0.,-1.));
#1497 = ADVANCED_FACE('',(#1498),#1516,.T.);
#1498 = FACE_BOUND('',#1499,.T.);
#1499 = EDGE_LOOP('',(#1500,#1501,#1502,#1510));
#1500 = ORIENTED_EDGE('',*,*,#428,.F.);
#1501 = ORIENTED_EDGE('',*,*,#1487,.T.);
#1502 = ORIENTED_EDGE('',*,*,#1503,.T.);
#1503 = EDGE_CURVE('',#1480,#1504,#1506,.T.);
#1504 = VERTEX_POINT('',#1505);
#1505 = CARTESIAN_POINT('',(-0.4,1.1,2.4));
#1506 = LINE('',#1507,#1508);
#1507 = CARTESIAN_POINT('',(3.025,1.1,2.4));
#1508 = VECTOR('',#1509,1.);
#1509 = DIRECTION('',(1.,-1.224646799147E-16,0.));
#1510 = ORIENTED_EDGE('',*,*,#1511,.F.);
#1511 = EDGE_CURVE('',#421,#1504,#1512,.T.);
#1512 = LINE('',#1513,#1514);
#1513 = CARTESIAN_POINT('',(-0.4,1.7,2.4));
#1514 = VECTOR('',#1515,1.);
#1515 = DIRECTION('',(-1.224646799147E-16,-1.,0.));
#1516 = PLANE('',#1517);
#1517 = AXIS2_PLACEMENT_3D('',#1518,#1519,#1520);
#1518 = CARTESIAN_POINT('',(-1.4,1.7,2.4));
#1519 = DIRECTION('',(0.,0.,1.));
#1520 = DIRECTION('',(1.,-1.224646799147E-16,0.));
#1521 = ADVANCED_FACE('',(#1522),#1533,.T.);
#1522 = FACE_BOUND('',#1523,.T.);
#1523 = EDGE_LOOP('',(#1524,#1525,#1526,#1532));
#1524 = ORIENTED_EDGE('',*,*,#420,.F.);
#1525 = ORIENTED_EDGE('',*,*,#1511,.T.);
#1526 = ORIENTED_EDGE('',*,*,#1527,.T.);
#1527 = EDGE_CURVE('',#1504,#1432,#1528,.T.);
#1528 = LINE('',#1529,#1530);
#1529 = CARTESIAN_POINT('',(-0.4,1.1,4.2));
#1530 = VECTOR('',#1531,1.);
#1531 = DIRECTION('',(0.,0.,1.));
#1532 = ORIENTED_EDGE('',*,*,#1431,.F.);
#1533 = PLANE('',#1534);
#1534 = AXIS2_PLACEMENT_3D('',#1535,#1536,#1537);
#1535 = CARTESIAN_POINT('',(-0.4,1.7,2.4));
#1536 = DIRECTION('',(-1.,1.224646799147E-16,0.));
#1537 = DIRECTION('',(0.,0.,1.));
#1538 = ADVANCED_FACE('',(#1539),#1550,.F.);
#1539 = FACE_BOUND('',#1540,.F.);
#1540 = EDGE_LOOP('',(#1541,#1542,#1543,#1549));
#1541 = ORIENTED_EDGE('',*,*,#404,.T.);
#1542 = ORIENTED_EDGE('',*,*,#1352,.T.);
#1543 = ORIENTED_EDGE('',*,*,#1544,.F.);
#1544 = EDGE_CURVE('',#1456,#1353,#1545,.T.);
#1545 = LINE('',#1546,#1547);
#1546 = CARTESIAN_POINT('',(-0.45,1.75,4.2));
#1547 = VECTOR('',#1548,1.);
#1548 = DIRECTION('',(0.,0.,1.));
#1549 = ORIENTED_EDGE('',*,*,#1463,.F.);
#1550 = PLANE('',#1551);
#1551 = AXIS2_PLACEMENT_3D('',#1552,#1553,#1554);
#1552 = CARTESIAN_POINT('',(-0.45,1.7,4.2));
#1553 = DIRECTION('',(-1.,1.224646799147E-16,0.));
#1554 = DIRECTION('',(1.224646799147E-16,1.,0.));
#1555 = ADVANCED_FACE('',(#1556),#1574,.F.);
#1556 = FACE_BOUND('',#1557,.F.);
#1557 = EDGE_LOOP('',(#1558,#1559,#1567,#1573));
#1558 = ORIENTED_EDGE('',*,*,#388,.F.);
#1559 = ORIENTED_EDGE('',*,*,#1560,.T.);
#1560 = EDGE_CURVE('',#381,#1561,#1563,.T.);
#1561 = VERTEX_POINT('',#1562);
#1562 = CARTESIAN_POINT('',(0.55,1.1,2.1));
#1563 = LINE('',#1564,#1565);
#1564 = CARTESIAN_POINT('',(0.55,1.7,2.1));
#1565 = VECTOR('',#1566,1.);
#1566 = DIRECTION('',(-1.224646799147E-16,-1.,0.));
#1567 = ORIENTED_EDGE('',*,*,#1568,.T.);
#1568 = EDGE_CURVE('',#1561,#1344,#1569,.T.);
#1569 = LINE('',#1570,#1571);
#1570 = CARTESIAN_POINT('',(0.55,1.1,4.05));
#1571 = VECTOR('',#1572,1.);
#1572 = DIRECTION('',(0.,0.,1.));
#1573 = ORIENTED_EDGE('',*,*,#1343,.F.);
#1574 = PLANE('',#1575);
#1575 = AXIS2_PLACEMENT_3D('',#1576,#1577,#1578);
#1576 = CARTESIAN_POINT('',(0.55,1.7,2.1));
#1577 = DIRECTION('',(-1.,1.224646799147E-16,0.));
#1578 = DIRECTION('',(0.,0.,1.));
#1579 = ADVANCED_FACE('',(#1580),#1598,.F.);
#1580 = FACE_BOUND('',#1581,.F.);
#1581 = EDGE_LOOP('',(#1582,#1583,#1591,#1597));
#1582 = ORIENTED_EDGE('',*,*,#380,.F.);
#1583 = ORIENTED_EDGE('',*,*,#1584,.T.);
#1584 = EDGE_CURVE('',#373,#1585,#1587,.T.);
#1585 = VERTEX_POINT('',#1586);
#1586 = CARTESIAN_POINT('',(5.45,1.1,2.1));
#1587 = LINE('',#1588,#1589);
#1588 = CARTESIAN_POINT('',(5.45,1.7,2.1));
#1589 = VECTOR('',#1590,1.);
#1590 = DIRECTION('',(-1.224646799147E-16,-1.,0.));
#1591 = ORIENTED_EDGE('',*,*,#1592,.T.);
#1592 = EDGE_CURVE('',#1585,#1561,#1593,.T.);
#1593 = LINE('',#1594,#1595);
#1594 = CARTESIAN_POINT('',(6.45,1.1,2.1));
#1595 = VECTOR('',#1596,1.);
#1596 = DIRECTION('',(-1.,1.224646799147E-16,-9.063045098981E-17));
#1597 = ORIENTED_EDGE('',*,*,#1560,.F.);
#1598 = PLANE('',#1599);
#1599 = AXIS2_PLACEMENT_3D('',#1600,#1601,#1602);
#1600 = CARTESIAN_POINT('',(5.45,1.7,2.1));
#1601 = DIRECTION('',(9.063045098981E-17,-1.1099029171E-32,-1.));
#1602 = DIRECTION('',(-1.,1.224646799147E-16,-9.063045098981E-17));
#1603 = ADVANCED_FACE('',(#1604),#1615,.F.);
#1604 = FACE_BOUND('',#1605,.F.);
#1605 = EDGE_LOOP('',(#1606,#1607,#1608,#1614));
#1606 = ORIENTED_EDGE('',*,*,#372,.F.);
#1607 = ORIENTED_EDGE('',*,*,#647,.T.);
#1608 = ORIENTED_EDGE('',*,*,#1609,.T.);
#1609 = EDGE_CURVE('',#648,#1585,#1610,.T.);
#1610 = LINE('',#1611,#1612);
#1611 = CARTESIAN_POINT('',(5.45,1.1,6.));
#1612 = VECTOR('',#1613,1.);
#1613 = DIRECTION('',(0.,0.,-1.));
#1614 = ORIENTED_EDGE('',*,*,#1584,.F.);
#1615 = PLANE('',#1616);
#1616 = AXIS2_PLACEMENT_3D('',#1617,#1618,#1619);
#1617 = CARTESIAN_POINT('',(5.45,1.7,6.));
#1618 = DIRECTION('',(1.,-1.224646799147E-16,0.));
#1619 = DIRECTION('',(6.972467043315E-33,5.693451408334E-17,-1.));
#1620 = ADVANCED_FACE('',(#1621),#1646,.F.);
#1621 = FACE_BOUND('',#1622,.F.);
#1622 = EDGE_LOOP('',(#1623,#1624,#1632,#1640));
#1623 = ORIENTED_EDGE('',*,*,#597,.F.);
#1624 = ORIENTED_EDGE('',*,*,#1625,.T.);
#1625 = EDGE_CURVE('',#598,#1626,#1628,.T.);
#1626 = VERTEX_POINT('',#1627);
#1627 = CARTESIAN_POINT('',(6.4,1.1,4.2));
#1628 = LINE('',#1629,#1630);
#1629 = CARTESIAN_POINT('',(6.4,1.7,4.2));
#1630 = VECTOR('',#1631,1.);
#1631 = DIRECTION('',(-1.224646799147E-16,-1.,0.));
#1632 = ORIENTED_EDGE('',*,*,#1633,.T.);
#1633 = EDGE_CURVE('',#1626,#1634,#1636,.T.);
#1634 = VERTEX_POINT('',#1635);
#1635 = CARTESIAN_POINT('',(7.4,1.1,4.2));
#1636 = LINE('',#1637,#1638);
#1637 = CARTESIAN_POINT('',(6.925,1.1,4.2));
#1638 = VECTOR('',#1639,1.);
#1639 = DIRECTION('',(1.,-1.224646799147E-16,0.));
#1640 = ORIENTED_EDGE('',*,*,#1641,.F.);
#1641 = EDGE_CURVE('',#600,#1634,#1642,.T.);
#1642 = LINE('',#1643,#1644);
#1643 = CARTESIAN_POINT('',(7.4,1.7,4.2));
#1644 = VECTOR('',#1645,1.);
#1645 = DIRECTION('',(-1.224646799147E-16,-1.,0.));
#1646 = PLANE('',#1647);
#1647 = AXIS2_PLACEMENT_3D('',#1648,#1649,#1650);
#1648 = CARTESIAN_POINT('',(6.4,1.7,4.2));
#1649 = DIRECTION('',(0.,0.,1.));
#1650 = DIRECTION('',(1.,-1.224646799147E-16,0.));
#1651 = ADVANCED_FACE('',(#1652),#1670,.F.);
#1652 = FACE_BOUND('',#1653,.F.);
#1653 = EDGE_LOOP('',(#1654,#1655,#1663,#1669));
#1654 = ORIENTED_EDGE('',*,*,#623,.F.);
#1655 = ORIENTED_EDGE('',*,*,#1656,.T.);
#1656 = EDGE_CURVE('',#616,#1657,#1659,.T.);
#1657 = VERTEX_POINT('',#1658);
#1658 = CARTESIAN_POINT('',(6.4,1.1,2.4));
#1659 = LINE('',#1660,#1661);
#1660 = CARTESIAN_POINT('',(6.4,1.7,2.4));
#1661 = VECTOR('',#1662,1.);
#1662 = DIRECTION('',(-1.224646799147E-16,-1.,0.));
#1663 = ORIENTED_EDGE('',*,*,#1664,.T.);
#1664 = EDGE_CURVE('',#1657,#1626,#1665,.T.);
#1665 = LINE('',#1666,#1667);
#1666 = CARTESIAN_POINT('',(6.4,1.1,4.2));
#1667 = VECTOR('',#1668,1.);
#1668 = DIRECTION('',(0.,0.,1.));
#1669 = ORIENTED_EDGE('',*,*,#1625,.F.);
#1670 = PLANE('',#1671);
#1671 = AXIS2_PLACEMENT_3D('',#1672,#1673,#1674);
#1672 = CARTESIAN_POINT('',(6.4,1.7,2.4));
#1673 = DIRECTION('',(-1.,1.224646799147E-16,0.));
#1674 = DIRECTION('',(0.,0.,1.));
#1675 = ADVANCED_FACE('',(#1676),#1694,.F.);
#1676 = FACE_BOUND('',#1677,.F.);
#1677 = EDGE_LOOP('',(#1678,#1679,#1680,#1688));
#1678 = ORIENTED_EDGE('',*,*,#607,.F.);
#1679 = ORIENTED_EDGE('',*,*,#1641,.T.);
#1680 = ORIENTED_EDGE('',*,*,#1681,.T.);
#1681 = EDGE_CURVE('',#1634,#1682,#1684,.T.);
#1682 = VERTEX_POINT('',#1683);
#1683 = CARTESIAN_POINT('',(7.4,1.1,2.4));
#1684 = LINE('',#1685,#1686);
#1685 = CARTESIAN_POINT('',(7.4,1.1,5.1));
#1686 = VECTOR('',#1687,1.);
#1687 = DIRECTION('',(-0.,0.,-1.));
#1688 = ORIENTED_EDGE('',*,*,#1689,.F.);
#1689 = EDGE_CURVE('',#608,#1682,#1690,.T.);
#1690 = LINE('',#1691,#1692);
#1691 = CARTESIAN_POINT('',(7.4,1.7,2.4));
#1692 = VECTOR('',#1693,1.);
#1693 = DIRECTION('',(-1.224646799147E-16,-1.,0.));
#1694 = PLANE('',#1695);
#1695 = AXIS2_PLACEMENT_3D('',#1696,#1697,#1698);
#1696 = CARTESIAN_POINT('',(7.4,1.7,4.2));
#1697 = DIRECTION('',(1.,-1.224646799147E-16,-0.));
#1698 = DIRECTION('',(-0.,0.,-1.));
#1699 = ADVANCED_FACE('',(#1700),#1711,.F.);
#1700 = FACE_BOUND('',#1701,.F.);
#1701 = EDGE_LOOP('',(#1702,#1703,#1704,#1710));
#1702 = ORIENTED_EDGE('',*,*,#615,.F.);
#1703 = ORIENTED_EDGE('',*,*,#1689,.T.);
#1704 = ORIENTED_EDGE('',*,*,#1705,.T.);
#1705 = EDGE_CURVE('',#1682,#1657,#1706,.T.);
#1706 = LINE('',#1707,#1708);
#1707 = CARTESIAN_POINT('',(7.425,1.1,2.4));
#1708 = VECTOR('',#1709,1.);
#1709 = DIRECTION('',(-1.,1.224646799147E-16,0.));
#1710 = ORIENTED_EDGE('',*,*,#1656,.F.);
#1711 = PLANE('',#1712);
#1712 = AXIS2_PLACEMENT_3D('',#1713,#1714,#1715);
#1713 = CARTESIAN_POINT('',(7.4,1.7,2.4));
#1714 = DIRECTION('',(-0.,0.,-1.));
#1715 = DIRECTION('',(-1.,1.224646799147E-16,0.));
#1716 = ADVANCED_FACE('',(#1717),#1746,.F.);
#1717 = FACE_BOUND('',#1718,.F.);
#1718 = EDGE_LOOP('',(#1719,#1720,#1728,#1736,#1742,#1743,#1744,#1745));
#1719 = ORIENTED_EDGE('',*,*,#752,.F.);
#1720 = ORIENTED_EDGE('',*,*,#1721,.T.);
#1721 = EDGE_CURVE('',#753,#1722,#1724,.T.);
#1722 = VERTEX_POINT('',#1723);
#1723 = CARTESIAN_POINT('',(7.45,-2.3,1.8));
#1724 = LINE('',#1725,#1726);
#1725 = CARTESIAN_POINT('',(7.45,-2.3,6.));
#1726 = VECTOR('',#1727,1.);
#1727 = DIRECTION('',(0.,0.,-1.));
#1728 = ORIENTED_EDGE('',*,*,#1729,.T.);
#1729 = EDGE_CURVE('',#1722,#1730,#1732,.T.);
#1730 = VERTEX_POINT('',#1731);
#1731 = CARTESIAN_POINT('',(7.45,1.1,1.8));
#1732 = LINE('',#1733,#1734);
#1733 = CARTESIAN_POINT('',(7.45,-2.3,1.8));
#1734 = VECTOR('',#1735,1.);
#1735 = DIRECTION('',(1.224646799147E-16,1.,0.));
#1736 = ORIENTED_EDGE('',*,*,#1737,.F.);
#1737 = EDGE_CURVE('',#656,#1730,#1738,.T.);
#1738 = LINE('',#1739,#1740);
#1739 = CARTESIAN_POINT('',(7.45,1.1,6.));
#1740 = VECTOR('',#1741,1.);
#1741 = DIRECTION('',(0.,0.,-1.));
#1742 = ORIENTED_EDGE('',*,*,#663,.F.);
#1743 = ORIENTED_EDGE('',*,*,#679,.T.);
#1744 = ORIENTED_EDGE('',*,*,#709,.F.);
#1745 = ORIENTED_EDGE('',*,*,#728,.T.);
#1746 = PLANE('',#1747);
#1747 = AXIS2_PLACEMENT_3D('',#1748,#1749,#1750);
#1748 = CARTESIAN_POINT('',(7.45,-2.3,6.));
#1749 = DIRECTION('',(1.,-1.224646799147E-16,0.));
#1750 = DIRECTION('',(1.224646799147E-16,1.,0.));
#1751 = ADVANCED_FACE('',(#1752,#1774,#1780),#1786,.F.);
#1752 = FACE_BOUND('',#1753,.F.);
#1753 = EDGE_LOOP('',(#1754,#1755,#1756,#1764,#1770,#1771,#1772,#1773));
#1754 = ORIENTED_EDGE('',*,*,#655,.F.);
#1755 = ORIENTED_EDGE('',*,*,#1737,.T.);
#1756 = ORIENTED_EDGE('',*,*,#1757,.T.);
#1757 = EDGE_CURVE('',#1730,#1758,#1760,.T.);
#1758 = VERTEX_POINT('',#1759);
#1759 = CARTESIAN_POINT('',(-1.45,1.1,1.8));
#1760 = LINE('',#1761,#1762);
#1761 = CARTESIAN_POINT('',(7.45,1.1,1.8));
#1762 = VECTOR('',#1763,1.);
#1763 = DIRECTION('',(-1.,1.224646799147E-16,0.));
#1764 = ORIENTED_EDGE('',*,*,#1765,.F.);
#1765 = EDGE_CURVE('',#1385,#1758,#1766,.T.);
#1766 = LINE('',#1767,#1768);
#1767 = CARTESIAN_POINT('',(-1.45,1.1,6.));
#1768 = VECTOR('',#1769,1.);
#1769 = DIRECTION('',(0.,0.,-1.));
#1770 = ORIENTED_EDGE('',*,*,#1392,.F.);
#1771 = ORIENTED_EDGE('',*,*,#1568,.F.);
#1772 = ORIENTED_EDGE('',*,*,#1592,.F.);
#1773 = ORIENTED_EDGE('',*,*,#1609,.F.);
#1774 = FACE_BOUND('',#1775,.F.);
#1775 = EDGE_LOOP('',(#1776,#1777,#1778,#1779));
#1776 = ORIENTED_EDGE('',*,*,#1479,.T.);
#1777 = ORIENTED_EDGE('',*,*,#1503,.T.);
#1778 = ORIENTED_EDGE('',*,*,#1527,.T.);
#1779 = ORIENTED_EDGE('',*,*,#1439,.T.);
#1780 = FACE_BOUND('',#1781,.F.);
#1781 = EDGE_LOOP('',(#1782,#1783,#1784,#1785));
#1782 = ORIENTED_EDGE('',*,*,#1705,.F.);
#1783 = ORIENTED_EDGE('',*,*,#1681,.F.);
#1784 = ORIENTED_EDGE('',*,*,#1633,.F.);
#1785 = ORIENTED_EDGE('',*,*,#1664,.F.);
#1786 = PLANE('',#1787);
#1787 = AXIS2_PLACEMENT_3D('',#1788,#1789,#1790);
#1788 = CARTESIAN_POINT('',(7.45,1.1,6.));
#1789 = DIRECTION('',(1.224646799147E-16,1.,0.));
#1790 = DIRECTION('',(-1.,1.224646799147E-16,0.));
#1791 = ADVANCED_FACE('',(#1792),#1810,.T.);
#1792 = FACE_BOUND('',#1793,.T.);
#1793 = EDGE_LOOP('',(#1794,#1802,#1808,#1809));
#1794 = ORIENTED_EDGE('',*,*,#1795,.T.);
#1795 = EDGE_CURVE('',#769,#1796,#1798,.T.);
#1796 = VERTEX_POINT('',#1797);
#1797 = CARTESIAN_POINT('',(-1.45,-0.6,4.4));
#1798 = LINE('',#1799,#1800);
#1799 = CARTESIAN_POINT('',(-1.45,-0.6,5.2));
#1800 = VECTOR('',#1801,1.);
#1801 = DIRECTION('',(-0.,0.,-1.));
#1802 = ORIENTED_EDGE('',*,*,#1803,.T.);
#1803 = EDGE_CURVE('',#1796,#1205,#1804,.T.);
#1804 = LINE('',#1805,#1806);
#1805 = CARTESIAN_POINT('',(7.95,-0.6,4.4));
#1806 = VECTOR('',#1807,1.);
#1807 = DIRECTION('',(-1.,1.224646799147E-16,0.));
#1808 = ORIENTED_EDGE('',*,*,#1213,.T.);
#1809 = ORIENTED_EDGE('',*,*,#776,.F.);
#1810 = PLANE('',#1811);
#1811 = AXIS2_PLACEMENT_3D('',#1812,#1813,#1814);
#1812 = CARTESIAN_POINT('',(7.95,-0.6,4.4));
#1813 = DIRECTION('',(1.224646799147E-16,1.,0.));
#1814 = DIRECTION('',(0.,-0.,1.));
#1815 = ADVANCED_FACE('',(#1816),#1851,.F.);
#1816 = FACE_BOUND('',#1817,.F.);
#1817 = EDGE_LOOP('',(#1818,#1819,#1820,#1828,#1834,#1835,#1836,#1845));
#1818 = ORIENTED_EDGE('',*,*,#1384,.F.);
#1819 = ORIENTED_EDGE('',*,*,#1765,.T.);
#1820 = ORIENTED_EDGE('',*,*,#1821,.T.);
#1821 = EDGE_CURVE('',#1758,#1822,#1824,.T.);
#1822 = VERTEX_POINT('',#1823);
#1823 = CARTESIAN_POINT('',(-1.45,-2.3,1.8));
#1824 = LINE('',#1825,#1826);
#1825 = CARTESIAN_POINT('',(-1.45,1.1,1.8));
#1826 = VECTOR('',#1827,1.);
#1827 = DIRECTION('',(-1.224646799147E-16,-1.,0.));
#1828 = ORIENTED_EDGE('',*,*,#1829,.F.);
#1829 = EDGE_CURVE('',#761,#1822,#1830,.T.);
#1830 = LINE('',#1831,#1832);
#1831 = CARTESIAN_POINT('',(-1.45,-2.3,6.));
#1832 = VECTOR('',#1833,1.);
#1833 = DIRECTION('',(0.,0.,-1.));
#1834 = ORIENTED_EDGE('',*,*,#768,.F.);
#1835 = ORIENTED_EDGE('',*,*,#1795,.T.);
#1836 = ORIENTED_EDGE('',*,*,#1837,.T.);
#1837 = EDGE_CURVE('',#1796,#1838,#1840,.T.);
#1838 = VERTEX_POINT('',#1839);
#1839 = CARTESIAN_POINT('',(-1.45,0.2,4.4));
#1840 = CIRCLE('',#1841,0.4);
#1841 = AXIS2_PLACEMENT_3D('',#1842,#1843,#1844);
#1842 = CARTESIAN_POINT('',(-1.45,-0.2,4.4));
#1843 = DIRECTION('',(1.,-1.224646799147E-16,0.));
#1844 = DIRECTION('',(1.224646799147E-16,1.,0.));
#1845 = ORIENTED_EDGE('',*,*,#1846,.T.);
#1846 = EDGE_CURVE('',#1838,#1377,#1847,.T.);
#1847 = LINE('',#1848,#1849);
#1848 = CARTESIAN_POINT('',(-1.45,0.2,6.));
#1849 = VECTOR('',#1850,1.);
#1850 = DIRECTION('',(0.,0.,1.));
#1851 = PLANE('',#1852);
#1852 = AXIS2_PLACEMENT_3D('',#1853,#1854,#1855);
#1853 = CARTESIAN_POINT('',(-1.45,1.1,6.));
#1854 = DIRECTION('',(-1.,1.224646799147E-16,0.));
#1855 = DIRECTION('',(-1.224646799147E-16,-1.,0.));
#1856 = ADVANCED_FACE('',(#1857),#1964,.F.);
#1857 = FACE_BOUND('',#1858,.F.);
#1858 = EDGE_LOOP('',(#1859,#1860,#1861,#1869,#1877,#1885,#1893,#1901,
    #1909,#1917,#1925,#1933,#1941,#1949,#1957,#1963));
#1859 = ORIENTED_EDGE('',*,*,#760,.F.);
#1860 = ORIENTED_EDGE('',*,*,#1829,.T.);
#1861 = ORIENTED_EDGE('',*,*,#1862,.T.);
#1862 = EDGE_CURVE('',#1822,#1863,#1865,.T.);
#1863 = VERTEX_POINT('',#1864);
#1864 = CARTESIAN_POINT('',(0.8,-2.3,1.8));
#1865 = LINE('',#1866,#1867);
#1866 = CARTESIAN_POINT('',(-1.45,-2.3,1.8));
#1867 = VECTOR('',#1868,1.);
#1868 = DIRECTION('',(1.,-1.224646799147E-16,0.));
#1869 = ORIENTED_EDGE('',*,*,#1870,.T.);
#1870 = EDGE_CURVE('',#1863,#1871,#1873,.T.);
#1871 = VERTEX_POINT('',#1872);
#1872 = CARTESIAN_POINT('',(0.8,-2.3,3.7));
#1873 = LINE('',#1874,#1875);
#1874 = CARTESIAN_POINT('',(0.8,-2.3,1.8));
#1875 = VECTOR('',#1876,1.);
#1876 = DIRECTION('',(0.,0.,1.));
#1877 = ORIENTED_EDGE('',*,*,#1878,.T.);
#1878 = EDGE_CURVE('',#1871,#1879,#1881,.T.);
#1879 = VERTEX_POINT('',#1880);
#1880 = CARTESIAN_POINT('',(1.2,-2.3,3.7));
#1881 = LINE('',#1882,#1883);
#1882 = CARTESIAN_POINT('',(0.8,-2.3,3.7));
#1883 = VECTOR('',#1884,1.);
#1884 = DIRECTION('',(1.,-1.224646799147E-16,0.));
#1885 = ORIENTED_EDGE('',*,*,#1886,.F.);
#1886 = EDGE_CURVE('',#1887,#1879,#1889,.T.);
#1887 = VERTEX_POINT('',#1888);
#1888 = CARTESIAN_POINT('',(1.2,-2.3,1.8));
#1889 = LINE('',#1890,#1891);
#1890 = CARTESIAN_POINT('',(1.2,-2.3,1.8));
#1891 = VECTOR('',#1892,1.);
#1892 = DIRECTION('',(0.,0.,1.));
#1893 = ORIENTED_EDGE('',*,*,#1894,.T.);
#1894 = EDGE_CURVE('',#1887,#1895,#1897,.T.);
#1895 = VERTEX_POINT('',#1896);
#1896 = CARTESIAN_POINT('',(2.8,-2.3,1.8));
#1897 = LINE('',#1898,#1899);
#1898 = CARTESIAN_POINT('',(-1.45,-2.3,1.8));
#1899 = VECTOR('',#1900,1.);
#1900 = DIRECTION('',(1.,-1.224646799147E-16,0.));
#1901 = ORIENTED_EDGE('',*,*,#1902,.T.);
#1902 = EDGE_CURVE('',#1895,#1903,#1905,.T.);
#1903 = VERTEX_POINT('',#1904);
#1904 = CARTESIAN_POINT('',(2.8,-2.3,3.7));
#1905 = LINE('',#1906,#1907);
#1906 = CARTESIAN_POINT('',(2.8,-2.3,1.8));
#1907 = VECTOR('',#1908,1.);
#1908 = DIRECTION('',(0.,0.,1.));
#1909 = ORIENTED_EDGE('',*,*,#1910,.T.);
#1910 = EDGE_CURVE('',#1903,#1911,#1913,.T.);
#1911 = VERTEX_POINT('',#1912);
#1912 = CARTESIAN_POINT('',(3.2,-2.3,3.7));
#1913 = LINE('',#1914,#1915);
#1914 = CARTESIAN_POINT('',(2.8,-2.3,3.7));
#1915 = VECTOR('',#1916,1.);
#1916 = DIRECTION('',(1.,-1.224646799147E-16,0.));
#1917 = ORIENTED_EDGE('',*,*,#1918,.F.);
#1918 = EDGE_CURVE('',#1919,#1911,#1921,.T.);
#1919 = VERTEX_POINT('',#1920);
#1920 = CARTESIAN_POINT('',(3.2,-2.3,1.8));
#1921 = LINE('',#1922,#1923);
#1922 = CARTESIAN_POINT('',(3.2,-2.3,1.8));
#1923 = VECTOR('',#1924,1.);
#1924 = DIRECTION('',(0.,0.,1.));
#1925 = ORIENTED_EDGE('',*,*,#1926,.T.);
#1926 = EDGE_CURVE('',#1919,#1927,#1929,.T.);
#1927 = VERTEX_POINT('',#1928);
#1928 = CARTESIAN_POINT('',(4.8,-2.3,1.8));
#1929 = LINE('',#1930,#1931);
#1930 = CARTESIAN_POINT('',(-1.45,-2.3,1.8));
#1931 = VECTOR('',#1932,1.);
#1932 = DIRECTION('',(1.,-1.224646799147E-16,0.));
#1933 = ORIENTED_EDGE('',*,*,#1934,.T.);
#1934 = EDGE_CURVE('',#1927,#1935,#1937,.T.);
#1935 = VERTEX_POINT('',#1936);
#1936 = CARTESIAN_POINT('',(4.8,-2.3,3.7));
#1937 = LINE('',#1938,#1939);
#1938 = CARTESIAN_POINT('',(4.8,-2.3,1.8));
#1939 = VECTOR('',#1940,1.);
#1940 = DIRECTION('',(0.,0.,1.));
#1941 = ORIENTED_EDGE('',*,*,#1942,.T.);
#1942 = EDGE_CURVE('',#1935,#1943,#1945,.T.);
#1943 = VERTEX_POINT('',#1944);
#1944 = CARTESIAN_POINT('',(5.2,-2.3,3.7));
#1945 = LINE('',#1946,#1947);
#1946 = CARTESIAN_POINT('',(4.8,-2.3,3.7));
#1947 = VECTOR('',#1948,1.);
#1948 = DIRECTION('',(1.,-1.224646799147E-16,0.));
#1949 = ORIENTED_EDGE('',*,*,#1950,.F.);
#1950 = EDGE_CURVE('',#1951,#1943,#1953,.T.);
#1951 = VERTEX_POINT('',#1952);
#1952 = CARTESIAN_POINT('',(5.2,-2.3,1.8));
#1953 = LINE('',#1954,#1955);
#1954 = CARTESIAN_POINT('',(5.2,-2.3,1.8));
#1955 = VECTOR('',#1956,1.);
#1956 = DIRECTION('',(0.,0.,1.));
#1957 = ORIENTED_EDGE('',*,*,#1958,.T.);
#1958 = EDGE_CURVE('',#1951,#1722,#1959,.T.);
#1959 = LINE('',#1960,#1961);
#1960 = CARTESIAN_POINT('',(-1.45,-2.3,1.8));
#1961 = VECTOR('',#1962,1.);
#1962 = DIRECTION('',(1.,-1.224646799147E-16,0.));
#1963 = ORIENTED_EDGE('',*,*,#1721,.F.);
#1964 = PLANE('',#1965);
#1965 = AXIS2_PLACEMENT_3D('',#1966,#1967,#1968);
#1966 = CARTESIAN_POINT('',(-1.45,-2.3,6.));
#1967 = DIRECTION('',(-1.224646799147E-16,-1.,0.));
#1968 = DIRECTION('',(1.,-1.224646799147E-16,0.));
#1969 = ADVANCED_FACE('',(#1970,#1976),#2010,.F.);
#1970 = FACE_BOUND('',#1971,.F.);
#1971 = EDGE_LOOP('',(#1972,#1973,#1974,#1975));
#1972 = ORIENTED_EDGE('',*,*,#1328,.T.);
#1973 = ORIENTED_EDGE('',*,*,#830,.T.);
#1974 = ORIENTED_EDGE('',*,*,#854,.F.);
#1975 = ORIENTED_EDGE('',*,*,#887,.F.);
#1976 = FACE_BOUND('',#1977,.F.);
#1977 = EDGE_LOOP('',(#1978,#1988,#1996,#2004));
#1978 = ORIENTED_EDGE('',*,*,#1979,.T.);
#1979 = EDGE_CURVE('',#1980,#1982,#1984,.T.);
#1980 = VERTEX_POINT('',#1981);
#1981 = CARTESIAN_POINT('',(-0.25,0.25,0.1));
#1982 = VERTEX_POINT('',#1983);
#1983 = CARTESIAN_POINT('',(0.25,0.25,0.1));
#1984 = LINE('',#1985,#1986);
#1985 = CARTESIAN_POINT('',(0.5,0.25,0.1));
#1986 = VECTOR('',#1987,1.);
#1987 = DIRECTION('',(1.,-1.224646799147E-16,0.));
#1988 = ORIENTED_EDGE('',*,*,#1989,.T.);
#1989 = EDGE_CURVE('',#1982,#1990,#1992,.T.);
#1990 = VERTEX_POINT('',#1991);
#1991 = CARTESIAN_POINT('',(0.25,-0.25,0.1));
#1992 = LINE('',#1993,#1994);
#1993 = CARTESIAN_POINT('',(0.25,0.271633216363,0.1));
#1994 = VECTOR('',#1995,1.);
#1995 = DIRECTION('',(-1.224646799147E-16,-1.,0.));
#1996 = ORIENTED_EDGE('',*,*,#1997,.T.);
#1997 = EDGE_CURVE('',#1990,#1998,#2000,.T.);
#1998 = VERTEX_POINT('',#1999);
#1999 = CARTESIAN_POINT('',(-0.25,-0.25,0.1));
#2000 = LINE('',#2001,#2002);
#2001 = CARTESIAN_POINT('',(0.5,-0.25,0.1));
#2002 = VECTOR('',#2003,1.);
#2003 = DIRECTION('',(-1.,1.224646799147E-16,0.));
#2004 = ORIENTED_EDGE('',*,*,#2005,.F.);
#2005 = EDGE_CURVE('',#1980,#1998,#2006,.T.);
#2006 = LINE('',#2007,#2008);
#2007 = CARTESIAN_POINT('',(-0.25,0.271633216363,0.1));
#2008 = VECTOR('',#2009,1.);
#2009 = DIRECTION('',(-1.224646799147E-16,-1.,0.));
#2010 = PLANE('',#2011);
#2011 = AXIS2_PLACEMENT_3D('',#2012,#2013,#2014);
#2012 = CARTESIAN_POINT('',(0.75,0.5,0.1));
#2013 = DIRECTION('',(0.,0.,1.));
#2014 = DIRECTION('',(-1.224646799147E-16,-1.,0.));
#2015 = ADVANCED_FACE('',(#2016,#2022),#2056,.F.);
#2016 = FACE_BOUND('',#2017,.F.);
#2017 = EDGE_LOOP('',(#2018,#2019,#2020,#2021));
#2018 = ORIENTED_EDGE('',*,*,#1311,.T.);
#2019 = ORIENTED_EDGE('',*,*,#935,.T.);
#2020 = ORIENTED_EDGE('',*,*,#959,.F.);
#2021 = ORIENTED_EDGE('',*,*,#992,.F.);
#2022 = FACE_BOUND('',#2023,.F.);
#2023 = EDGE_LOOP('',(#2024,#2034,#2042,#2050));
#2024 = ORIENTED_EDGE('',*,*,#2025,.F.);
#2025 = EDGE_CURVE('',#2026,#2028,#2030,.T.);
#2026 = VERTEX_POINT('',#2027);
#2027 = CARTESIAN_POINT('',(1.75,0.25,0.1));
#2028 = VERTEX_POINT('',#2029);
#2029 = CARTESIAN_POINT('',(1.75,-0.25,0.1));
#2030 = LINE('',#2031,#2032);
#2031 = CARTESIAN_POINT('',(1.75,0.25,0.1));
#2032 = VECTOR('',#2033,1.);
#2033 = DIRECTION('',(-1.224646799147E-16,-1.,0.));
#2034 = ORIENTED_EDGE('',*,*,#2035,.T.);
#2035 = EDGE_CURVE('',#2026,#2036,#2038,.T.);
#2036 = VERTEX_POINT('',#2037);
#2037 = CARTESIAN_POINT('',(2.25,0.25,0.1));
#2038 = LINE('',#2039,#2040);
#2039 = CARTESIAN_POINT('',(2.5,0.25,0.1));
#2040 = VECTOR('',#2041,1.);
#2041 = DIRECTION('',(1.,-1.224646799147E-16,0.));
#2042 = ORIENTED_EDGE('',*,*,#2043,.T.);
#2043 = EDGE_CURVE('',#2036,#2044,#2046,.T.);
#2044 = VERTEX_POINT('',#2045);
#2045 = CARTESIAN_POINT('',(2.25,-0.25,0.1));
#2046 = LINE('',#2047,#2048);
#2047 = CARTESIAN_POINT('',(2.25,0.25,0.1));
#2048 = VECTOR('',#2049,1.);
#2049 = DIRECTION('',(-1.224646799147E-16,-1.,0.));
#2050 = ORIENTED_EDGE('',*,*,#2051,.T.);
#2051 = EDGE_CURVE('',#2044,#2028,#2052,.T.);
#2052 = LINE('',#2053,#2054);
#2053 = CARTESIAN_POINT('',(2.5,-0.25,0.1));
#2054 = VECTOR('',#2055,1.);
#2055 = DIRECTION('',(-1.,1.224646799147E-16,0.));
#2056 = PLANE('',#2057);
#2057 = AXIS2_PLACEMENT_3D('',#2058,#2059,#2060);
#2058 = CARTESIAN_POINT('',(2.75,0.5,0.1));
#2059 = DIRECTION('',(0.,0.,1.));
#2060 = DIRECTION('',(-1.224646799147E-16,-1.,0.));
#2061 = ADVANCED_FACE('',(#2062,#2068),#2102,.F.);
#2062 = FACE_BOUND('',#2063,.F.);
#2063 = EDGE_LOOP('',(#2064,#2065,#2066,#2067));
#2064 = ORIENTED_EDGE('',*,*,#1294,.T.);
#2065 = ORIENTED_EDGE('',*,*,#1040,.T.);
#2066 = ORIENTED_EDGE('',*,*,#1064,.F.);
#2067 = ORIENTED_EDGE('',*,*,#1097,.F.);
#2068 = FACE_BOUND('',#2069,.F.);
#2069 = EDGE_LOOP('',(#2070,#2080,#2088,#2096));
#2070 = ORIENTED_EDGE('',*,*,#2071,.T.);
#2071 = EDGE_CURVE('',#2072,#2074,#2076,.T.);
#2072 = VERTEX_POINT('',#2073);
#2073 = CARTESIAN_POINT('',(4.25,0.25,0.1));
#2074 = VERTEX_POINT('',#2075);
#2075 = CARTESIAN_POINT('',(4.25,-0.25,0.1));
#2076 = LINE('',#2077,#2078);
#2077 = CARTESIAN_POINT('',(4.25,0.25,0.1));
#2078 = VECTOR('',#2079,1.);
#2079 = DIRECTION('',(-1.224646799147E-16,-1.,0.));
#2080 = ORIENTED_EDGE('',*,*,#2081,.T.);
#2081 = EDGE_CURVE('',#2074,#2082,#2084,.T.);
#2082 = VERTEX_POINT('',#2083);
#2083 = CARTESIAN_POINT('',(3.75,-0.25,0.1));
#2084 = LINE('',#2085,#2086);
#2085 = CARTESIAN_POINT('',(4.5,-0.25,0.1));
#2086 = VECTOR('',#2087,1.);
#2087 = DIRECTION('',(-1.,1.224646799147E-16,0.));
#2088 = ORIENTED_EDGE('',*,*,#2089,.F.);
#2089 = EDGE_CURVE('',#2090,#2082,#2092,.T.);
#2090 = VERTEX_POINT('',#2091);
#2091 = CARTESIAN_POINT('',(3.75,0.25,0.1));
#2092 = LINE('',#2093,#2094);
#2093 = CARTESIAN_POINT('',(3.75,0.25,0.1));
#2094 = VECTOR('',#2095,1.);
#2095 = DIRECTION('',(-1.224646799147E-16,-1.,0.));
#2096 = ORIENTED_EDGE('',*,*,#2097,.T.);
#2097 = EDGE_CURVE('',#2090,#2072,#2098,.T.);
#2098 = LINE('',#2099,#2100);
#2099 = CARTESIAN_POINT('',(4.5,0.25,0.1));
#2100 = VECTOR('',#2101,1.);
#2101 = DIRECTION('',(1.,-1.224646799147E-16,0.));
#2102 = PLANE('',#2103);
#2103 = AXIS2_PLACEMENT_3D('',#2104,#2105,#2106);
#2104 = CARTESIAN_POINT('',(4.75,0.5,0.1));
#2105 = DIRECTION('',(0.,0.,1.));
#2106 = DIRECTION('',(-1.224646799147E-16,-1.,0.));
#2107 = ADVANCED_FACE('',(#2108),#2119,.F.);
#2108 = FACE_BOUND('',#2109,.F.);
#2109 = EDGE_LOOP('',(#2110,#2111,#2112,#2118));
#2110 = ORIENTED_EDGE('',*,*,#1803,.T.);
#2111 = ORIENTED_EDGE('',*,*,#1204,.T.);
#2112 = ORIENTED_EDGE('',*,*,#2113,.F.);
#2113 = EDGE_CURVE('',#1838,#1197,#2114,.T.);
#2114 = LINE('',#2115,#2116);
#2115 = CARTESIAN_POINT('',(7.95,0.2,4.4));
#2116 = VECTOR('',#2117,1.);
#2117 = DIRECTION('',(-1.,1.224646799147E-16,0.));
#2118 = ORIENTED_EDGE('',*,*,#1837,.F.);
#2119 = CYLINDRICAL_SURFACE('',#2120,0.4);
#2120 = AXIS2_PLACEMENT_3D('',#2121,#2122,#2123);
#2121 = CARTESIAN_POINT('',(7.95,-0.2,4.4));
#2122 = DIRECTION('',(1.,-1.224646799147E-16,-0.));
#2123 = DIRECTION('',(1.224646799147E-16,1.,0.));
#2124 = ADVANCED_FACE('',(#2125),#2131,.T.);
#2125 = FACE_BOUND('',#2126,.T.);
#2126 = EDGE_LOOP('',(#2127,#2128,#2129,#2130));
#2127 = ORIENTED_EDGE('',*,*,#1846,.T.);
#2128 = ORIENTED_EDGE('',*,*,#1376,.T.);
#2129 = ORIENTED_EDGE('',*,*,#1196,.T.);
#2130 = ORIENTED_EDGE('',*,*,#2113,.F.);
#2131 = PLANE('',#2132);
#2132 = AXIS2_PLACEMENT_3D('',#2133,#2134,#2135);
#2133 = CARTESIAN_POINT('',(7.95,0.2,6.));
#2134 = DIRECTION('',(-1.224646799147E-16,-1.,0.));
#2135 = DIRECTION('',(-0.,0.,-1.));
#2136 = ADVANCED_FACE('',(#2137),#2194,.F.);
#2137 = FACE_BOUND('',#2138,.F.);
#2138 = EDGE_LOOP('',(#2139,#2149,#2157,#2165,#2171,#2172,#2180,#2188));
#2139 = ORIENTED_EDGE('',*,*,#2140,.T.);
#2140 = EDGE_CURVE('',#2141,#2143,#2145,.T.);
#2141 = VERTEX_POINT('',#2142);
#2142 = CARTESIAN_POINT('',(6.25,0.281578947368,-3.2));
#2143 = VERTEX_POINT('',#2144);
#2144 = CARTESIAN_POINT('',(6.25,-0.218421052632,-3.2));
#2145 = LINE('',#2146,#2147);
#2146 = CARTESIAN_POINT('',(6.25,0.25,-3.2));
#2147 = VECTOR('',#2148,1.);
#2148 = DIRECTION('',(-1.224646799147E-16,-1.,0.));
#2149 = ORIENTED_EDGE('',*,*,#2150,.T.);
#2150 = EDGE_CURVE('',#2143,#2151,#2153,.T.);
#2151 = VERTEX_POINT('',#2152);
#2152 = CARTESIAN_POINT('',(6.25,5.E-02,-1.5));
#2153 = LINE('',#2154,#2155);
#2154 = CARTESIAN_POINT('',(6.25,-0.25,-3.4));
#2155 = VECTOR('',#2156,1.);
#2156 = DIRECTION('',(1.909990663905E-17,0.155962573473,0.987762965329)
  );
#2157 = ORIENTED_EDGE('',*,*,#2158,.T.);
#2158 = EDGE_CURVE('',#2151,#2159,#2161,.T.);
#2159 = VERTEX_POINT('',#2160);
#2160 = CARTESIAN_POINT('',(6.25,-0.25,-0.9));
#2161 = LINE('',#2162,#2163);
#2162 = CARTESIAN_POINT('',(6.25,5.E-02,-1.5));
#2163 = VECTOR('',#2164,1.);
#2164 = DIRECTION('',(-5.476786982641E-17,-0.4472135955,0.894427191));
#2165 = ORIENTED_EDGE('',*,*,#2166,.T.);
#2166 = EDGE_CURVE('',#2159,#1255,#2167,.T.);
#2167 = LINE('',#2168,#2169);
#2168 = CARTESIAN_POINT('',(6.25,-0.25,-0.9));
#2169 = VECTOR('',#2170,1.);
#2170 = DIRECTION('',(0.,0.,1.));
#2171 = ORIENTED_EDGE('',*,*,#1252,.F.);
#2172 = ORIENTED_EDGE('',*,*,#2173,.T.);
#2173 = EDGE_CURVE('',#1253,#2174,#2176,.T.);
#2174 = VERTEX_POINT('',#2175);
#2175 = CARTESIAN_POINT('',(6.25,0.25,-0.9));
#2176 = LINE('',#2177,#2178);
#2177 = CARTESIAN_POINT('',(6.25,0.25,5.));
#2178 = VECTOR('',#2179,1.);
#2179 = DIRECTION('',(-0.,0.,-1.));
#2180 = ORIENTED_EDGE('',*,*,#2181,.T.);
#2181 = EDGE_CURVE('',#2174,#2182,#2184,.T.);
#2182 = VERTEX_POINT('',#2183);
#2183 = CARTESIAN_POINT('',(6.25,0.55,-1.5));
#2184 = LINE('',#2185,#2186);
#2185 = CARTESIAN_POINT('',(6.25,0.25,-0.9));
#2186 = VECTOR('',#2187,1.);
#2187 = DIRECTION('',(5.476786982641E-17,0.4472135955,-0.894427191));
#2188 = ORIENTED_EDGE('',*,*,#2189,.T.);
#2189 = EDGE_CURVE('',#2182,#2141,#2190,.T.);
#2190 = LINE('',#2191,#2192);
#2191 = CARTESIAN_POINT('',(6.25,0.55,-1.5));
#2192 = VECTOR('',#2193,1.);
#2193 = DIRECTION('',(-1.909990663905E-17,-0.155962573473,
    -0.987762965329));
#2194 = PLANE('',#2195);
#2195 = AXIS2_PLACEMENT_3D('',#2196,#2197,#2198);
#2196 = CARTESIAN_POINT('',(6.25,4.326643272645E-02,0.775746953017));
#2197 = DIRECTION('',(-1.,1.224646799147E-16,0.));
#2198 = DIRECTION('',(0.,0.,1.));
#2199 = ADVANCED_FACE('',(#2200),#2218,.F.);
#2200 = FACE_BOUND('',#2201,.F.);
#2201 = EDGE_LOOP('',(#2202,#2203,#2204,#2212));
#2202 = ORIENTED_EDGE('',*,*,#2173,.F.);
#2203 = ORIENTED_EDGE('',*,*,#1278,.F.);
#2204 = ORIENTED_EDGE('',*,*,#2205,.T.);
#2205 = EDGE_CURVE('',#1271,#2206,#2208,.T.);
#2206 = VERTEX_POINT('',#2207);
#2207 = CARTESIAN_POINT('',(5.75,0.25,-0.9));
#2208 = LINE('',#2209,#2210);
#2209 = CARTESIAN_POINT('',(5.75,0.25,5.));
#2210 = VECTOR('',#2211,1.);
#2211 = DIRECTION('',(-0.,0.,-1.));
#2212 = ORIENTED_EDGE('',*,*,#2213,.F.);
#2213 = EDGE_CURVE('',#2174,#2206,#2214,.T.);
#2214 = LINE('',#2215,#2216);
#2215 = CARTESIAN_POINT('',(6.25,0.25,-0.9));
#2216 = VECTOR('',#2217,1.);
#2217 = DIRECTION('',(-1.,1.224646799147E-16,0.));
#2218 = PLANE('',#2219);
#2219 = AXIS2_PLACEMENT_3D('',#2220,#2221,#2222);
#2220 = CARTESIAN_POINT('',(6.25,0.25,5.));
#2221 = DIRECTION('',(-1.224646799147E-16,-1.,0.));
#2222 = DIRECTION('',(-0.,0.,-1.));
#2223 = ADVANCED_FACE('',(#2224),#2274,.T.);
#2224 = FACE_BOUND('',#2225,.T.);
#2225 = EDGE_LOOP('',(#2226,#2236,#2244,#2252,#2258,#2259,#2260,#2268));
#2226 = ORIENTED_EDGE('',*,*,#2227,.T.);
#2227 = EDGE_CURVE('',#2228,#2230,#2232,.T.);
#2228 = VERTEX_POINT('',#2229);
#2229 = CARTESIAN_POINT('',(5.75,0.281578947368,-3.2));
#2230 = VERTEX_POINT('',#2231);
#2231 = CARTESIAN_POINT('',(5.75,-0.218421052632,-3.2));
#2232 = LINE('',#2233,#2234);
#2233 = CARTESIAN_POINT('',(5.75,0.25,-3.2));
#2234 = VECTOR('',#2235,1.);
#2235 = DIRECTION('',(-1.224646799147E-16,-1.,0.));
#2236 = ORIENTED_EDGE('',*,*,#2237,.T.);
#2237 = EDGE_CURVE('',#2230,#2238,#2240,.T.);
#2238 = VERTEX_POINT('',#2239);
#2239 = CARTESIAN_POINT('',(5.75,5.E-02,-1.5));
#2240 = LINE('',#2241,#2242);
#2241 = CARTESIAN_POINT('',(5.75,-0.25,-3.4));
#2242 = VECTOR('',#2243,1.);
#2243 = DIRECTION('',(1.909990663905E-17,0.155962573473,0.987762965329)
  );
#2244 = ORIENTED_EDGE('',*,*,#2245,.T.);
#2245 = EDGE_CURVE('',#2238,#2246,#2248,.T.);
#2246 = VERTEX_POINT('',#2247);
#2247 = CARTESIAN_POINT('',(5.75,-0.25,-0.9));
#2248 = LINE('',#2249,#2250);
#2249 = CARTESIAN_POINT('',(5.75,5.E-02,-1.5));
#2250 = VECTOR('',#2251,1.);
#2251 = DIRECTION('',(-5.476786982641E-17,-0.4472135955,0.894427191));
#2252 = ORIENTED_EDGE('',*,*,#2253,.T.);
#2253 = EDGE_CURVE('',#2246,#1263,#2254,.T.);
#2254 = LINE('',#2255,#2256);
#2255 = CARTESIAN_POINT('',(5.75,-0.25,-0.9));
#2256 = VECTOR('',#2257,1.);
#2257 = DIRECTION('',(0.,0.,1.));
#2258 = ORIENTED_EDGE('',*,*,#1270,.F.);
#2259 = ORIENTED_EDGE('',*,*,#2205,.T.);
#2260 = ORIENTED_EDGE('',*,*,#2261,.T.);
#2261 = EDGE_CURVE('',#2206,#2262,#2264,.T.);
#2262 = VERTEX_POINT('',#2263);
#2263 = CARTESIAN_POINT('',(5.75,0.55,-1.5));
#2264 = LINE('',#2265,#2266);
#2265 = CARTESIAN_POINT('',(5.75,0.25,-0.9));
#2266 = VECTOR('',#2267,1.);
#2267 = DIRECTION('',(5.476786982641E-17,0.4472135955,-0.894427191));
#2268 = ORIENTED_EDGE('',*,*,#2269,.T.);
#2269 = EDGE_CURVE('',#2262,#2228,#2270,.T.);
#2270 = LINE('',#2271,#2272);
#2271 = CARTESIAN_POINT('',(5.75,0.55,-1.5));
#2272 = VECTOR('',#2273,1.);
#2273 = DIRECTION('',(-1.909990663905E-17,-0.155962573473,
    -0.987762965329));
#2274 = PLANE('',#2275);
#2275 = AXIS2_PLACEMENT_3D('',#2276,#2277,#2278);
#2276 = CARTESIAN_POINT('',(5.75,4.326643272645E-02,0.775746953017));
#2277 = DIRECTION('',(-1.,1.224646799147E-16,0.));
#2278 = DIRECTION('',(0.,0.,1.));
#2279 = ADVANCED_FACE('',(#2280),#2291,.F.);
#2280 = FACE_BOUND('',#2281,.F.);
#2281 = EDGE_LOOP('',(#2282,#2283,#2289,#2290));
#2282 = ORIENTED_EDGE('',*,*,#2166,.F.);
#2283 = ORIENTED_EDGE('',*,*,#2284,.T.);
#2284 = EDGE_CURVE('',#2159,#2246,#2285,.T.);
#2285 = LINE('',#2286,#2287);
#2286 = CARTESIAN_POINT('',(6.25,-0.25,-0.9));
#2287 = VECTOR('',#2288,1.);
#2288 = DIRECTION('',(-1.,1.224646799147E-16,0.));
#2289 = ORIENTED_EDGE('',*,*,#2253,.T.);
#2290 = ORIENTED_EDGE('',*,*,#1262,.F.);
#2291 = PLANE('',#2292);
#2292 = AXIS2_PLACEMENT_3D('',#2293,#2294,#2295);
#2293 = CARTESIAN_POINT('',(6.25,-0.25,-0.9));
#2294 = DIRECTION('',(1.224646799147E-16,1.,0.));
#2295 = DIRECTION('',(0.,-0.,1.));
#2296 = ADVANCED_FACE('',(#2297),#2303,.F.);
#2297 = FACE_BOUND('',#2298,.F.);
#2298 = EDGE_LOOP('',(#2299,#2300,#2301,#2302));
#2299 = ORIENTED_EDGE('',*,*,#1544,.T.);
#2300 = ORIENTED_EDGE('',*,*,#1360,.T.);
#2301 = ORIENTED_EDGE('',*,*,#1406,.F.);
#2302 = ORIENTED_EDGE('',*,*,#1455,.F.);
#2303 = PLANE('',#2304);
#2304 = AXIS2_PLACEMENT_3D('',#2305,#2306,#2307);
#2305 = CARTESIAN_POINT('',(-0.45,1.75,4.2));
#2306 = DIRECTION('',(-1.224646799147E-16,-1.,0.));
#2307 = DIRECTION('',(-1.,1.224646799147E-16,0.));
#2308 = ADVANCED_FACE('',(#2309,#2384,#2418,#2452,#2486),#2520,.T.);
#2309 = FACE_BOUND('',#2310,.T.);
#2310 = EDGE_LOOP('',(#2311,#2319,#2320,#2321,#2322,#2323,#2324,#2332,
    #2340,#2346,#2347,#2355,#2363,#2369,#2370,#2378));
#2311 = ORIENTED_EDGE('',*,*,#2312,.F.);
#2312 = EDGE_CURVE('',#1951,#2313,#2315,.T.);
#2313 = VERTEX_POINT('',#2314);
#2314 = CARTESIAN_POINT('',(5.2,-2.,1.8));
#2315 = LINE('',#2316,#2317);
#2316 = CARTESIAN_POINT('',(5.2,-2.3,1.8));
#2317 = VECTOR('',#2318,1.);
#2318 = DIRECTION('',(1.224646799147E-16,1.,0.));
#2319 = ORIENTED_EDGE('',*,*,#1958,.T.);
#2320 = ORIENTED_EDGE('',*,*,#1729,.T.);
#2321 = ORIENTED_EDGE('',*,*,#1757,.T.);
#2322 = ORIENTED_EDGE('',*,*,#1821,.T.);
#2323 = ORIENTED_EDGE('',*,*,#1862,.T.);
#2324 = ORIENTED_EDGE('',*,*,#2325,.F.);
#2325 = EDGE_CURVE('',#2326,#1863,#2328,.T.);
#2326 = VERTEX_POINT('',#2327);
#2327 = CARTESIAN_POINT('',(0.8,-2.,1.8));
#2328 = LINE('',#2329,#2330);
#2329 = CARTESIAN_POINT('',(0.8,-2.,1.8));
#2330 = VECTOR('',#2331,1.);
#2331 = DIRECTION('',(-1.224646799147E-16,-1.,0.));
#2332 = ORIENTED_EDGE('',*,*,#2333,.F.);
#2333 = EDGE_CURVE('',#2334,#2326,#2336,.T.);
#2334 = VERTEX_POINT('',#2335);
#2335 = CARTESIAN_POINT('',(1.2,-2.,1.8));
#2336 = LINE('',#2337,#2338);
#2337 = CARTESIAN_POINT('',(1.2,-2.,1.8));
#2338 = VECTOR('',#2339,1.);
#2339 = DIRECTION('',(-1.,1.224646799147E-16,0.));
#2340 = ORIENTED_EDGE('',*,*,#2341,.F.);
#2341 = EDGE_CURVE('',#1887,#2334,#2342,.T.);
#2342 = LINE('',#2343,#2344);
#2343 = CARTESIAN_POINT('',(1.2,-2.3,1.8));
#2344 = VECTOR('',#2345,1.);
#2345 = DIRECTION('',(1.224646799147E-16,1.,0.));
#2346 = ORIENTED_EDGE('',*,*,#1894,.T.);
#2347 = ORIENTED_EDGE('',*,*,#2348,.F.);
#2348 = EDGE_CURVE('',#2349,#1895,#2351,.T.);
#2349 = VERTEX_POINT('',#2350);
#2350 = CARTESIAN_POINT('',(2.8,-2.,1.8));
#2351 = LINE('',#2352,#2353);
#2352 = CARTESIAN_POINT('',(2.8,-2.,1.8));
#2353 = VECTOR('',#2354,1.);
#2354 = DIRECTION('',(-1.224646799147E-16,-1.,0.));
#2355 = ORIENTED_EDGE('',*,*,#2356,.F.);
#2356 = EDGE_CURVE('',#2357,#2349,#2359,.T.);
#2357 = VERTEX_POINT('',#2358);
#2358 = CARTESIAN_POINT('',(3.2,-2.,1.8));
#2359 = LINE('',#2360,#2361);
#2360 = CARTESIAN_POINT('',(3.2,-2.,1.8));
#2361 = VECTOR('',#2362,1.);
#2362 = DIRECTION('',(-1.,1.224646799147E-16,0.));
#2363 = ORIENTED_EDGE('',*,*,#2364,.F.);
#2364 = EDGE_CURVE('',#1919,#2357,#2365,.T.);
#2365 = LINE('',#2366,#2367);
#2366 = CARTESIAN_POINT('',(3.2,-2.3,1.8));
#2367 = VECTOR('',#2368,1.);
#2368 = DIRECTION('',(1.224646799147E-16,1.,0.));
#2369 = ORIENTED_EDGE('',*,*,#1926,.T.);
#2370 = ORIENTED_EDGE('',*,*,#2371,.F.);
#2371 = EDGE_CURVE('',#2372,#1927,#2374,.T.);
#2372 = VERTEX_POINT('',#2373);
#2373 = CARTESIAN_POINT('',(4.8,-2.,1.8));
#2374 = LINE('',#2375,#2376);
#2375 = CARTESIAN_POINT('',(4.8,-2.,1.8));
#2376 = VECTOR('',#2377,1.);
#2377 = DIRECTION('',(-1.224646799147E-16,-1.,0.));
#2378 = ORIENTED_EDGE('',*,*,#2379,.F.);
#2379 = EDGE_CURVE('',#2313,#2372,#2380,.T.);
#2380 = LINE('',#2381,#2382);
#2381 = CARTESIAN_POINT('',(5.2,-2.,1.8));
#2382 = VECTOR('',#2383,1.);
#2383 = DIRECTION('',(-1.,1.224646799147E-16,0.));
#2384 = FACE_BOUND('',#2385,.T.);
#2385 = EDGE_LOOP('',(#2386,#2396,#2404,#2412));
#2386 = ORIENTED_EDGE('',*,*,#2387,.T.);
#2387 = EDGE_CURVE('',#2388,#2390,#2392,.T.);
#2388 = VERTEX_POINT('',#2389);
#2389 = CARTESIAN_POINT('',(-0.25,0.25,1.8));
#2390 = VERTEX_POINT('',#2391);
#2391 = CARTESIAN_POINT('',(0.25,0.25,1.8));
#2392 = LINE('',#2393,#2394);
#2393 = CARTESIAN_POINT('',(1.625,0.25,1.8));
#2394 = VECTOR('',#2395,1.);
#2395 = DIRECTION('',(1.,-1.224646799147E-16,0.));
#2396 = ORIENTED_EDGE('',*,*,#2397,.T.);
#2397 = EDGE_CURVE('',#2390,#2398,#2400,.T.);
#2398 = VERTEX_POINT('',#2399);
#2399 = CARTESIAN_POINT('',(0.25,-0.25,1.8));
#2400 = LINE('',#2401,#2402);
#2401 = CARTESIAN_POINT('',(0.25,-0.278366783637,1.8));
#2402 = VECTOR('',#2403,1.);
#2403 = DIRECTION('',(-1.224646799147E-16,-1.,0.));
#2404 = ORIENTED_EDGE('',*,*,#2405,.T.);
#2405 = EDGE_CURVE('',#2398,#2406,#2408,.T.);
#2406 = VERTEX_POINT('',#2407);
#2407 = CARTESIAN_POINT('',(-0.25,-0.25,1.8));
#2408 = LINE('',#2409,#2410);
#2409 = CARTESIAN_POINT('',(1.625,-0.25,1.8));
#2410 = VECTOR('',#2411,1.);
#2411 = DIRECTION('',(-1.,1.224646799147E-16,0.));
#2412 = ORIENTED_EDGE('',*,*,#2413,.F.);
#2413 = EDGE_CURVE('',#2388,#2406,#2414,.T.);
#2414 = LINE('',#2415,#2416);
#2415 = CARTESIAN_POINT('',(-0.25,-0.278366783637,1.8));
#2416 = VECTOR('',#2417,1.);
#2417 = DIRECTION('',(-1.224646799147E-16,-1.,0.));
#2418 = FACE_BOUND('',#2419,.T.);
#2419 = EDGE_LOOP('',(#2420,#2430,#2438,#2446));
#2420 = ORIENTED_EDGE('',*,*,#2421,.F.);
#2421 = EDGE_CURVE('',#2422,#2424,#2426,.T.);
#2422 = VERTEX_POINT('',#2423);
#2423 = CARTESIAN_POINT('',(1.75,0.25,1.8));
#2424 = VERTEX_POINT('',#2425);
#2425 = CARTESIAN_POINT('',(1.75,-0.25,1.8));
#2426 = LINE('',#2427,#2428);
#2427 = CARTESIAN_POINT('',(1.75,-0.3,1.8));
#2428 = VECTOR('',#2429,1.);
#2429 = DIRECTION('',(-1.224646799147E-16,-1.,0.));
#2430 = ORIENTED_EDGE('',*,*,#2431,.T.);
#2431 = EDGE_CURVE('',#2422,#2432,#2434,.T.);
#2432 = VERTEX_POINT('',#2433);
#2433 = CARTESIAN_POINT('',(2.25,0.25,1.8));
#2434 = LINE('',#2435,#2436);
#2435 = CARTESIAN_POINT('',(2.625,0.25,1.8));
#2436 = VECTOR('',#2437,1.);
#2437 = DIRECTION('',(1.,-1.224646799147E-16,0.));
#2438 = ORIENTED_EDGE('',*,*,#2439,.T.);
#2439 = EDGE_CURVE('',#2432,#2440,#2442,.T.);
#2440 = VERTEX_POINT('',#2441);
#2441 = CARTESIAN_POINT('',(2.25,-0.25,1.8));
#2442 = LINE('',#2443,#2444);
#2443 = CARTESIAN_POINT('',(2.25,-0.3,1.8));
#2444 = VECTOR('',#2445,1.);
#2445 = DIRECTION('',(-1.224646799147E-16,-1.,0.));
#2446 = ORIENTED_EDGE('',*,*,#2447,.T.);
#2447 = EDGE_CURVE('',#2440,#2424,#2448,.T.);
#2448 = LINE('',#2449,#2450);
#2449 = CARTESIAN_POINT('',(2.625,-0.25,1.8));
#2450 = VECTOR('',#2451,1.);
#2451 = DIRECTION('',(-1.,1.224646799147E-16,0.));
#2452 = FACE_BOUND('',#2453,.T.);
#2453 = EDGE_LOOP('',(#2454,#2464,#2472,#2480));
#2454 = ORIENTED_EDGE('',*,*,#2455,.T.);
#2455 = EDGE_CURVE('',#2456,#2458,#2460,.T.);
#2456 = VERTEX_POINT('',#2457);
#2457 = CARTESIAN_POINT('',(6.25,0.25,1.8));
#2458 = VERTEX_POINT('',#2459);
#2459 = CARTESIAN_POINT('',(6.25,-0.25,1.8));
#2460 = LINE('',#2461,#2462);
#2461 = CARTESIAN_POINT('',(6.25,-0.278366783637,1.8));
#2462 = VECTOR('',#2463,1.);
#2463 = DIRECTION('',(-1.224646799147E-16,-1.,0.));
#2464 = ORIENTED_EDGE('',*,*,#2465,.T.);
#2465 = EDGE_CURVE('',#2458,#2466,#2468,.T.);
#2466 = VERTEX_POINT('',#2467);
#2467 = CARTESIAN_POINT('',(5.75,-0.25,1.8));
#2468 = LINE('',#2469,#2470);
#2469 = CARTESIAN_POINT('',(4.625,-0.25,1.8));
#2470 = VECTOR('',#2471,1.);
#2471 = DIRECTION('',(-1.,1.224646799147E-16,0.));
#2472 = ORIENTED_EDGE('',*,*,#2473,.F.);
#2473 = EDGE_CURVE('',#2474,#2466,#2476,.T.);
#2474 = VERTEX_POINT('',#2475);
#2475 = CARTESIAN_POINT('',(5.75,0.25,1.8));
#2476 = LINE('',#2477,#2478);
#2477 = CARTESIAN_POINT('',(5.75,-0.278366783637,1.8));
#2478 = VECTOR('',#2479,1.);
#2479 = DIRECTION('',(-1.224646799147E-16,-1.,0.));
#2480 = ORIENTED_EDGE('',*,*,#2481,.T.);
#2481 = EDGE_CURVE('',#2474,#2456,#2482,.T.);
#2482 = LINE('',#2483,#2484);
#2483 = CARTESIAN_POINT('',(4.625,0.25,1.8));
#2484 = VECTOR('',#2485,1.);
#2485 = DIRECTION('',(1.,-1.224646799147E-16,0.));
#2486 = FACE_BOUND('',#2487,.T.);
#2487 = EDGE_LOOP('',(#2488,#2498,#2506,#2514));
#2488 = ORIENTED_EDGE('',*,*,#2489,.T.);
#2489 = EDGE_CURVE('',#2490,#2492,#2494,.T.);
#2490 = VERTEX_POINT('',#2491);
#2491 = CARTESIAN_POINT('',(4.25,0.25,1.8));
#2492 = VERTEX_POINT('',#2493);
#2493 = CARTESIAN_POINT('',(4.25,-0.25,1.8));
#2494 = LINE('',#2495,#2496);
#2495 = CARTESIAN_POINT('',(4.25,-0.3,1.8));
#2496 = VECTOR('',#2497,1.);
#2497 = DIRECTION('',(-1.224646799147E-16,-1.,0.));
#2498 = ORIENTED_EDGE('',*,*,#2499,.T.);
#2499 = EDGE_CURVE('',#2492,#2500,#2502,.T.);
#2500 = VERTEX_POINT('',#2501);
#2501 = CARTESIAN_POINT('',(3.75,-0.25,1.8));
#2502 = LINE('',#2503,#2504);
#2503 = CARTESIAN_POINT('',(3.625,-0.25,1.8));
#2504 = VECTOR('',#2505,1.);
#2505 = DIRECTION('',(-1.,1.224646799147E-16,0.));
#2506 = ORIENTED_EDGE('',*,*,#2507,.F.);
#2507 = EDGE_CURVE('',#2508,#2500,#2510,.T.);
#2508 = VERTEX_POINT('',#2509);
#2509 = CARTESIAN_POINT('',(3.75,0.25,1.8));
#2510 = LINE('',#2511,#2512);
#2511 = CARTESIAN_POINT('',(3.75,-0.3,1.8));
#2512 = VECTOR('',#2513,1.);
#2513 = DIRECTION('',(-1.224646799147E-16,-1.,0.));
#2514 = ORIENTED_EDGE('',*,*,#2515,.T.);
#2515 = EDGE_CURVE('',#2508,#2490,#2516,.T.);
#2516 = LINE('',#2517,#2518);
#2517 = CARTESIAN_POINT('',(3.625,0.25,1.8));
#2518 = VECTOR('',#2519,1.);
#2519 = DIRECTION('',(1.,-1.224646799147E-16,0.));
#2520 = PLANE('',#2521);
#2521 = AXIS2_PLACEMENT_3D('',#2522,#2523,#2524);
#2522 = CARTESIAN_POINT('',(3.,-0.6,1.8));
#2523 = DIRECTION('',(0.,0.,1.));
#2524 = DIRECTION('',(-1.,1.224646799147E-16,0.));
#2525 = ADVANCED_FACE('',(#2526),#2544,.F.);
#2526 = FACE_BOUND('',#2527,.F.);
#2527 = EDGE_LOOP('',(#2528,#2529,#2537,#2543));
#2528 = ORIENTED_EDGE('',*,*,#1950,.T.);
#2529 = ORIENTED_EDGE('',*,*,#2530,.T.);
#2530 = EDGE_CURVE('',#1943,#2531,#2533,.T.);
#2531 = VERTEX_POINT('',#2532);
#2532 = CARTESIAN_POINT('',(5.2,-2.,3.7));
#2533 = LINE('',#2534,#2535);
#2534 = CARTESIAN_POINT('',(5.2,-2.3,3.7));
#2535 = VECTOR('',#2536,1.);
#2536 = DIRECTION('',(1.224646799147E-16,1.,0.));
#2537 = ORIENTED_EDGE('',*,*,#2538,.F.);
#2538 = EDGE_CURVE('',#2313,#2531,#2539,.T.);
#2539 = LINE('',#2540,#2541);
#2540 = CARTESIAN_POINT('',(5.2,-2.,1.8));
#2541 = VECTOR('',#2542,1.);
#2542 = DIRECTION('',(0.,0.,1.));
#2543 = ORIENTED_EDGE('',*,*,#2312,.F.);
#2544 = PLANE('',#2545);
#2545 = AXIS2_PLACEMENT_3D('',#2546,#2547,#2548);
#2546 = CARTESIAN_POINT('',(5.2,-2.3,1.8));
#2547 = DIRECTION('',(-1.,1.224646799147E-16,0.));
#2548 = DIRECTION('',(1.224646799147E-16,1.,0.));
#2549 = ADVANCED_FACE('',(#2550),#2568,.T.);
#2550 = FACE_BOUND('',#2551,.T.);
#2551 = EDGE_LOOP('',(#2552,#2560,#2566,#2567));
#2552 = ORIENTED_EDGE('',*,*,#2553,.T.);
#2553 = EDGE_CURVE('',#2531,#2554,#2556,.T.);
#2554 = VERTEX_POINT('',#2555);
#2555 = CARTESIAN_POINT('',(4.8,-2.,3.7));
#2556 = LINE('',#2557,#2558);
#2557 = CARTESIAN_POINT('',(5.2,-2.,3.7));
#2558 = VECTOR('',#2559,1.);
#2559 = DIRECTION('',(-1.,1.224646799147E-16,0.));
#2560 = ORIENTED_EDGE('',*,*,#2561,.T.);
#2561 = EDGE_CURVE('',#2554,#1935,#2562,.T.);
#2562 = LINE('',#2563,#2564);
#2563 = CARTESIAN_POINT('',(4.8,-2.,3.7));
#2564 = VECTOR('',#2565,1.);
#2565 = DIRECTION('',(-1.224646799147E-16,-1.,0.));
#2566 = ORIENTED_EDGE('',*,*,#1942,.T.);
#2567 = ORIENTED_EDGE('',*,*,#2530,.T.);
#2568 = PLANE('',#2569);
#2569 = AXIS2_PLACEMENT_3D('',#2570,#2571,#2572);
#2570 = CARTESIAN_POINT('',(5.,-2.15,3.7));
#2571 = DIRECTION('',(0.,0.,1.));
#2572 = DIRECTION('',(-1.,1.224646799147E-16,0.));
#2573 = ADVANCED_FACE('',(#2574),#2585,.F.);
#2574 = FACE_BOUND('',#2575,.F.);
#2575 = EDGE_LOOP('',(#2576,#2582,#2583,#2584));
#2576 = ORIENTED_EDGE('',*,*,#2577,.T.);
#2577 = EDGE_CURVE('',#2372,#2554,#2578,.T.);
#2578 = LINE('',#2579,#2580);
#2579 = CARTESIAN_POINT('',(4.8,-2.,1.8));
#2580 = VECTOR('',#2581,1.);
#2581 = DIRECTION('',(0.,0.,1.));
#2582 = ORIENTED_EDGE('',*,*,#2561,.T.);
#2583 = ORIENTED_EDGE('',*,*,#1934,.F.);
#2584 = ORIENTED_EDGE('',*,*,#2371,.F.);
#2585 = PLANE('',#2586);
#2586 = AXIS2_PLACEMENT_3D('',#2587,#2588,#2589);
#2587 = CARTESIAN_POINT('',(4.8,-2.,1.8));
#2588 = DIRECTION('',(1.,-1.224646799147E-16,0.));
#2589 = DIRECTION('',(-1.224646799147E-16,-1.,0.));
#2590 = ADVANCED_FACE('',(#2591),#2609,.F.);
#2591 = FACE_BOUND('',#2592,.F.);
#2592 = EDGE_LOOP('',(#2593,#2594,#2602,#2608));
#2593 = ORIENTED_EDGE('',*,*,#1918,.T.);
#2594 = ORIENTED_EDGE('',*,*,#2595,.T.);
#2595 = EDGE_CURVE('',#1911,#2596,#2598,.T.);
#2596 = VERTEX_POINT('',#2597);
#2597 = CARTESIAN_POINT('',(3.2,-2.,3.7));
#2598 = LINE('',#2599,#2600);
#2599 = CARTESIAN_POINT('',(3.2,-2.3,3.7));
#2600 = VECTOR('',#2601,1.);
#2601 = DIRECTION('',(1.224646799147E-16,1.,0.));
#2602 = ORIENTED_EDGE('',*,*,#2603,.F.);
#2603 = EDGE_CURVE('',#2357,#2596,#2604,.T.);
#2604 = LINE('',#2605,#2606);
#2605 = CARTESIAN_POINT('',(3.2,-2.,1.8));
#2606 = VECTOR('',#2607,1.);
#2607 = DIRECTION('',(0.,0.,1.));
#2608 = ORIENTED_EDGE('',*,*,#2364,.F.);
#2609 = PLANE('',#2610);
#2610 = AXIS2_PLACEMENT_3D('',#2611,#2612,#2613);
#2611 = CARTESIAN_POINT('',(3.2,-2.3,1.8));
#2612 = DIRECTION('',(-1.,1.224646799147E-16,0.));
#2613 = DIRECTION('',(1.224646799147E-16,1.,0.));
#2614 = ADVANCED_FACE('',(#2615),#2633,.T.);
#2615 = FACE_BOUND('',#2616,.T.);
#2616 = EDGE_LOOP('',(#2617,#2625,#2631,#2632));
#2617 = ORIENTED_EDGE('',*,*,#2618,.T.);
#2618 = EDGE_CURVE('',#2596,#2619,#2621,.T.);
#2619 = VERTEX_POINT('',#2620);
#2620 = CARTESIAN_POINT('',(2.8,-2.,3.7));
#2621 = LINE('',#2622,#2623);
#2622 = CARTESIAN_POINT('',(3.2,-2.,3.7));
#2623 = VECTOR('',#2624,1.);
#2624 = DIRECTION('',(-1.,1.224646799147E-16,0.));
#2625 = ORIENTED_EDGE('',*,*,#2626,.T.);
#2626 = EDGE_CURVE('',#2619,#1903,#2627,.T.);
#2627 = LINE('',#2628,#2629);
#2628 = CARTESIAN_POINT('',(2.8,-2.,3.7));
#2629 = VECTOR('',#2630,1.);
#2630 = DIRECTION('',(-1.224646799147E-16,-1.,0.));
#2631 = ORIENTED_EDGE('',*,*,#1910,.T.);
#2632 = ORIENTED_EDGE('',*,*,#2595,.T.);
#2633 = PLANE('',#2634);
#2634 = AXIS2_PLACEMENT_3D('',#2635,#2636,#2637);
#2635 = CARTESIAN_POINT('',(3.,-2.15,3.7));
#2636 = DIRECTION('',(0.,0.,1.));
#2637 = DIRECTION('',(-1.,1.224646799147E-16,0.));
#2638 = ADVANCED_FACE('',(#2639),#2650,.F.);
#2639 = FACE_BOUND('',#2640,.F.);
#2640 = EDGE_LOOP('',(#2641,#2647,#2648,#2649));
#2641 = ORIENTED_EDGE('',*,*,#2642,.T.);
#2642 = EDGE_CURVE('',#2349,#2619,#2643,.T.);
#2643 = LINE('',#2644,#2645);
#2644 = CARTESIAN_POINT('',(2.8,-2.,1.8));
#2645 = VECTOR('',#2646,1.);
#2646 = DIRECTION('',(0.,0.,1.));
#2647 = ORIENTED_EDGE('',*,*,#2626,.T.);
#2648 = ORIENTED_EDGE('',*,*,#1902,.F.);
#2649 = ORIENTED_EDGE('',*,*,#2348,.F.);
#2650 = PLANE('',#2651);
#2651 = AXIS2_PLACEMENT_3D('',#2652,#2653,#2654);
#2652 = CARTESIAN_POINT('',(2.8,-2.,1.8));
#2653 = DIRECTION('',(1.,-1.224646799147E-16,0.));
#2654 = DIRECTION('',(-1.224646799147E-16,-1.,0.));
#2655 = ADVANCED_FACE('',(#2656),#2674,.F.);
#2656 = FACE_BOUND('',#2657,.F.);
#2657 = EDGE_LOOP('',(#2658,#2659,#2667,#2673));
#2658 = ORIENTED_EDGE('',*,*,#1886,.T.);
#2659 = ORIENTED_EDGE('',*,*,#2660,.T.);
#2660 = EDGE_CURVE('',#1879,#2661,#2663,.T.);
#2661 = VERTEX_POINT('',#2662);
#2662 = CARTESIAN_POINT('',(1.2,-2.,3.7));
#2663 = LINE('',#2664,#2665);
#2664 = CARTESIAN_POINT('',(1.2,-2.3,3.7));
#2665 = VECTOR('',#2666,1.);
#2666 = DIRECTION('',(1.224646799147E-16,1.,0.));
#2667 = ORIENTED_EDGE('',*,*,#2668,.F.);
#2668 = EDGE_CURVE('',#2334,#2661,#2669,.T.);
#2669 = LINE('',#2670,#2671);
#2670 = CARTESIAN_POINT('',(1.2,-2.,1.8));
#2671 = VECTOR('',#2672,1.);
#2672 = DIRECTION('',(0.,0.,1.));
#2673 = ORIENTED_EDGE('',*,*,#2341,.F.);
#2674 = PLANE('',#2675);
#2675 = AXIS2_PLACEMENT_3D('',#2676,#2677,#2678);
#2676 = CARTESIAN_POINT('',(1.2,-2.3,1.8));
#2677 = DIRECTION('',(-1.,1.224646799147E-16,0.));
#2678 = DIRECTION('',(1.224646799147E-16,1.,0.));
#2679 = ADVANCED_FACE('',(#2680),#2698,.T.);
#2680 = FACE_BOUND('',#2681,.T.);
#2681 = EDGE_LOOP('',(#2682,#2690,#2696,#2697));
#2682 = ORIENTED_EDGE('',*,*,#2683,.T.);
#2683 = EDGE_CURVE('',#2661,#2684,#2686,.T.);
#2684 = VERTEX_POINT('',#2685);
#2685 = CARTESIAN_POINT('',(0.8,-2.,3.7));
#2686 = LINE('',#2687,#2688);
#2687 = CARTESIAN_POINT('',(1.2,-2.,3.7));
#2688 = VECTOR('',#2689,1.);
#2689 = DIRECTION('',(-1.,1.224646799147E-16,0.));
#2690 = ORIENTED_EDGE('',*,*,#2691,.T.);
#2691 = EDGE_CURVE('',#2684,#1871,#2692,.T.);
#2692 = LINE('',#2693,#2694);
#2693 = CARTESIAN_POINT('',(0.8,-2.,3.7));
#2694 = VECTOR('',#2695,1.);
#2695 = DIRECTION('',(-1.224646799147E-16,-1.,0.));
#2696 = ORIENTED_EDGE('',*,*,#1878,.T.);
#2697 = ORIENTED_EDGE('',*,*,#2660,.T.);
#2698 = PLANE('',#2699);
#2699 = AXIS2_PLACEMENT_3D('',#2700,#2701,#2702);
#2700 = CARTESIAN_POINT('',(1.,-2.15,3.7));
#2701 = DIRECTION('',(0.,0.,1.));
#2702 = DIRECTION('',(-1.,1.224646799147E-16,0.));
#2703 = ADVANCED_FACE('',(#2704),#2715,.F.);
#2704 = FACE_BOUND('',#2705,.F.);
#2705 = EDGE_LOOP('',(#2706,#2712,#2713,#2714));
#2706 = ORIENTED_EDGE('',*,*,#2707,.T.);
#2707 = EDGE_CURVE('',#2326,#2684,#2708,.T.);
#2708 = LINE('',#2709,#2710);
#2709 = CARTESIAN_POINT('',(0.8,-2.,1.8));
#2710 = VECTOR('',#2711,1.);
#2711 = DIRECTION('',(0.,0.,1.));
#2712 = ORIENTED_EDGE('',*,*,#2691,.T.);
#2713 = ORIENTED_EDGE('',*,*,#1870,.F.);
#2714 = ORIENTED_EDGE('',*,*,#2325,.F.);
#2715 = PLANE('',#2716);
#2716 = AXIS2_PLACEMENT_3D('',#2717,#2718,#2719);
#2717 = CARTESIAN_POINT('',(0.8,-2.,1.8));
#2718 = DIRECTION('',(1.,-1.224646799147E-16,0.));
#2719 = DIRECTION('',(-1.224646799147E-16,-1.,0.));
#2720 = ADVANCED_FACE('',(#2721),#2746,.F.);
#2721 = FACE_BOUND('',#2722,.F.);
#2722 = EDGE_LOOP('',(#2723,#2731,#2732,#2740));
#2723 = ORIENTED_EDGE('',*,*,#2724,.F.);
#2724 = EDGE_CURVE('',#1982,#2725,#2727,.T.);
#2725 = VERTEX_POINT('',#2726);
#2726 = CARTESIAN_POINT('',(0.25,0.25,-0.9));
#2727 = LINE('',#2728,#2729);
#2728 = CARTESIAN_POINT('',(0.25,0.25,5.));
#2729 = VECTOR('',#2730,1.);
#2730 = DIRECTION('',(-0.,0.,-1.));
#2731 = ORIENTED_EDGE('',*,*,#1979,.F.);
#2732 = ORIENTED_EDGE('',*,*,#2733,.T.);
#2733 = EDGE_CURVE('',#1980,#2734,#2736,.T.);
#2734 = VERTEX_POINT('',#2735);
#2735 = CARTESIAN_POINT('',(-0.25,0.25,-0.9));
#2736 = LINE('',#2737,#2738);
#2737 = CARTESIAN_POINT('',(-0.25,0.25,5.));
#2738 = VECTOR('',#2739,1.);
#2739 = DIRECTION('',(-0.,0.,-1.));
#2740 = ORIENTED_EDGE('',*,*,#2741,.F.);
#2741 = EDGE_CURVE('',#2725,#2734,#2742,.T.);
#2742 = LINE('',#2743,#2744);
#2743 = CARTESIAN_POINT('',(0.25,0.25,-0.9));
#2744 = VECTOR('',#2745,1.);
#2745 = DIRECTION('',(-1.,1.224646799147E-16,0.));
#2746 = PLANE('',#2747);
#2747 = AXIS2_PLACEMENT_3D('',#2748,#2749,#2750);
#2748 = CARTESIAN_POINT('',(0.25,0.25,5.));
#2749 = DIRECTION('',(-1.224646799147E-16,-1.,0.));
#2750 = DIRECTION('',(-0.,0.,-1.));
#2751 = ADVANCED_FACE('',(#2752),#2802,.T.);
#2752 = FACE_BOUND('',#2753,.T.);
#2753 = EDGE_LOOP('',(#2754,#2764,#2772,#2780,#2786,#2787,#2788,#2796));
#2754 = ORIENTED_EDGE('',*,*,#2755,.T.);
#2755 = EDGE_CURVE('',#2756,#2758,#2760,.T.);
#2756 = VERTEX_POINT('',#2757);
#2757 = CARTESIAN_POINT('',(-0.25,0.281578947368,-3.2));
#2758 = VERTEX_POINT('',#2759);
#2759 = CARTESIAN_POINT('',(-0.25,-0.218421052632,-3.2));
#2760 = LINE('',#2761,#2762);
#2761 = CARTESIAN_POINT('',(-0.25,0.25,-3.2));
#2762 = VECTOR('',#2763,1.);
#2763 = DIRECTION('',(-1.224646799147E-16,-1.,0.));
#2764 = ORIENTED_EDGE('',*,*,#2765,.T.);
#2765 = EDGE_CURVE('',#2758,#2766,#2768,.T.);
#2766 = VERTEX_POINT('',#2767);
#2767 = CARTESIAN_POINT('',(-0.25,5.E-02,-1.5));
#2768 = LINE('',#2769,#2770);
#2769 = CARTESIAN_POINT('',(-0.25,-0.25,-3.4));
#2770 = VECTOR('',#2771,1.);
#2771 = DIRECTION('',(1.909990663905E-17,0.155962573473,0.987762965329)
  );
#2772 = ORIENTED_EDGE('',*,*,#2773,.T.);
#2773 = EDGE_CURVE('',#2766,#2774,#2776,.T.);
#2774 = VERTEX_POINT('',#2775);
#2775 = CARTESIAN_POINT('',(-0.25,-0.25,-0.9));
#2776 = LINE('',#2777,#2778);
#2777 = CARTESIAN_POINT('',(-0.25,5.E-02,-1.5));
#2778 = VECTOR('',#2779,1.);
#2779 = DIRECTION('',(-5.476786982641E-17,-0.4472135955,0.894427191));
#2780 = ORIENTED_EDGE('',*,*,#2781,.T.);
#2781 = EDGE_CURVE('',#2774,#1998,#2782,.T.);
#2782 = LINE('',#2783,#2784);
#2783 = CARTESIAN_POINT('',(-0.25,-0.25,-0.9));
#2784 = VECTOR('',#2785,1.);
#2785 = DIRECTION('',(0.,0.,1.));
#2786 = ORIENTED_EDGE('',*,*,#2005,.F.);
#2787 = ORIENTED_EDGE('',*,*,#2733,.T.);
#2788 = ORIENTED_EDGE('',*,*,#2789,.T.);
#2789 = EDGE_CURVE('',#2734,#2790,#2792,.T.);
#2790 = VERTEX_POINT('',#2791);
#2791 = CARTESIAN_POINT('',(-0.25,0.55,-1.5));
#2792 = LINE('',#2793,#2794);
#2793 = CARTESIAN_POINT('',(-0.25,0.25,-0.9));
#2794 = VECTOR('',#2795,1.);
#2795 = DIRECTION('',(5.476786982641E-17,0.4472135955,-0.894427191));
#2796 = ORIENTED_EDGE('',*,*,#2797,.T.);
#2797 = EDGE_CURVE('',#2790,#2756,#2798,.T.);
#2798 = LINE('',#2799,#2800);
#2799 = CARTESIAN_POINT('',(-0.25,0.55,-1.5));
#2800 = VECTOR('',#2801,1.);
#2801 = DIRECTION('',(-1.909990663905E-17,-0.155962573473,
    -0.987762965329));
#2802 = PLANE('',#2803);
#2803 = AXIS2_PLACEMENT_3D('',#2804,#2805,#2806);
#2804 = CARTESIAN_POINT('',(-0.25,4.326643272645E-02,0.775746953017));
#2805 = DIRECTION('',(-1.,1.224646799147E-16,0.));
#2806 = DIRECTION('',(0.,0.,1.));
#2807 = ADVANCED_FACE('',(#2808),#2826,.F.);
#2808 = FACE_BOUND('',#2809,.F.);
#2809 = EDGE_LOOP('',(#2810,#2818,#2824,#2825));
#2810 = ORIENTED_EDGE('',*,*,#2811,.F.);
#2811 = EDGE_CURVE('',#2812,#1990,#2814,.T.);
#2812 = VERTEX_POINT('',#2813);
#2813 = CARTESIAN_POINT('',(0.25,-0.25,-0.9));
#2814 = LINE('',#2815,#2816);
#2815 = CARTESIAN_POINT('',(0.25,-0.25,-0.9));
#2816 = VECTOR('',#2817,1.);
#2817 = DIRECTION('',(0.,0.,1.));
#2818 = ORIENTED_EDGE('',*,*,#2819,.T.);
#2819 = EDGE_CURVE('',#2812,#2774,#2820,.T.);
#2820 = LINE('',#2821,#2822);
#2821 = CARTESIAN_POINT('',(0.25,-0.25,-0.9));
#2822 = VECTOR('',#2823,1.);
#2823 = DIRECTION('',(-1.,1.224646799147E-16,0.));
#2824 = ORIENTED_EDGE('',*,*,#2781,.T.);
#2825 = ORIENTED_EDGE('',*,*,#1997,.F.);
#2826 = PLANE('',#2827);
#2827 = AXIS2_PLACEMENT_3D('',#2828,#2829,#2830);
#2828 = CARTESIAN_POINT('',(0.25,-0.25,-0.9));
#2829 = DIRECTION('',(1.224646799147E-16,1.,0.));
#2830 = DIRECTION('',(0.,-0.,1.));
#2831 = ADVANCED_FACE('',(#2832),#2875,.F.);
#2832 = FACE_BOUND('',#2833,.F.);
#2833 = EDGE_LOOP('',(#2834,#2844,#2852,#2858,#2859,#2860,#2861,#2869));
#2834 = ORIENTED_EDGE('',*,*,#2835,.T.);
#2835 = EDGE_CURVE('',#2836,#2838,#2840,.T.);
#2836 = VERTEX_POINT('',#2837);
#2837 = CARTESIAN_POINT('',(0.25,0.281578947368,-3.2));
#2838 = VERTEX_POINT('',#2839);
#2839 = CARTESIAN_POINT('',(0.25,-0.218421052632,-3.2));
#2840 = LINE('',#2841,#2842);
#2841 = CARTESIAN_POINT('',(0.25,0.25,-3.2));
#2842 = VECTOR('',#2843,1.);
#2843 = DIRECTION('',(-1.224646799147E-16,-1.,0.));
#2844 = ORIENTED_EDGE('',*,*,#2845,.T.);
#2845 = EDGE_CURVE('',#2838,#2846,#2848,.T.);
#2846 = VERTEX_POINT('',#2847);
#2847 = CARTESIAN_POINT('',(0.25,5.E-02,-1.5));
#2848 = LINE('',#2849,#2850);
#2849 = CARTESIAN_POINT('',(0.25,-0.25,-3.4));
#2850 = VECTOR('',#2851,1.);
#2851 = DIRECTION('',(1.909990663905E-17,0.155962573473,0.987762965329)
  );
#2852 = ORIENTED_EDGE('',*,*,#2853,.T.);
#2853 = EDGE_CURVE('',#2846,#2812,#2854,.T.);
#2854 = LINE('',#2855,#2856);
#2855 = CARTESIAN_POINT('',(0.25,5.E-02,-1.5));
#2856 = VECTOR('',#2857,1.);
#2857 = DIRECTION('',(-5.476786982641E-17,-0.4472135955,0.894427191));
#2858 = ORIENTED_EDGE('',*,*,#2811,.T.);
#2859 = ORIENTED_EDGE('',*,*,#1989,.F.);
#2860 = ORIENTED_EDGE('',*,*,#2724,.T.);
#2861 = ORIENTED_EDGE('',*,*,#2862,.T.);
#2862 = EDGE_CURVE('',#2725,#2863,#2865,.T.);
#2863 = VERTEX_POINT('',#2864);
#2864 = CARTESIAN_POINT('',(0.25,0.55,-1.5));
#2865 = LINE('',#2866,#2867);
#2866 = CARTESIAN_POINT('',(0.25,0.25,-0.9));
#2867 = VECTOR('',#2868,1.);
#2868 = DIRECTION('',(5.476786982641E-17,0.4472135955,-0.894427191));
#2869 = ORIENTED_EDGE('',*,*,#2870,.T.);
#2870 = EDGE_CURVE('',#2863,#2836,#2871,.T.);
#2871 = LINE('',#2872,#2873);
#2872 = CARTESIAN_POINT('',(0.25,0.55,-1.5));
#2873 = VECTOR('',#2874,1.);
#2874 = DIRECTION('',(-1.909990663905E-17,-0.155962573473,
    -0.987762965329));
#2875 = PLANE('',#2876);
#2876 = AXIS2_PLACEMENT_3D('',#2877,#2878,#2879);
#2877 = CARTESIAN_POINT('',(0.25,4.326643272645E-02,0.775746953017));
#2878 = DIRECTION('',(-1.,1.224646799147E-16,0.));
#2879 = DIRECTION('',(0.,0.,1.));
#2880 = ADVANCED_FACE('',(#2881),#2906,.T.);
#2881 = FACE_BOUND('',#2882,.T.);
#2882 = EDGE_LOOP('',(#2883,#2893,#2899,#2900));
#2883 = ORIENTED_EDGE('',*,*,#2884,.T.);
#2884 = EDGE_CURVE('',#2885,#2887,#2889,.T.);
#2885 = VERTEX_POINT('',#2886);
#2886 = CARTESIAN_POINT('',(1.75,0.25,-3.2));
#2887 = VERTEX_POINT('',#2888);
#2888 = CARTESIAN_POINT('',(1.75,-0.25,-3.2));
#2889 = LINE('',#2890,#2891);
#2890 = CARTESIAN_POINT('',(1.75,0.25,-3.2));
#2891 = VECTOR('',#2892,1.);
#2892 = DIRECTION('',(-1.224646799147E-16,-1.,0.));
#2893 = ORIENTED_EDGE('',*,*,#2894,.T.);
#2894 = EDGE_CURVE('',#2887,#2028,#2895,.T.);
#2895 = LINE('',#2896,#2897);
#2896 = CARTESIAN_POINT('',(1.75,-0.25,-3.4));
#2897 = VECTOR('',#2898,1.);
#2898 = DIRECTION('',(0.,0.,1.));
#2899 = ORIENTED_EDGE('',*,*,#2025,.F.);
#2900 = ORIENTED_EDGE('',*,*,#2901,.T.);
#2901 = EDGE_CURVE('',#2026,#2885,#2902,.T.);
#2902 = LINE('',#2903,#2904);
#2903 = CARTESIAN_POINT('',(1.75,0.25,5.));
#2904 = VECTOR('',#2905,1.);
#2905 = DIRECTION('',(-0.,0.,-1.));
#2906 = PLANE('',#2907);
#2907 = AXIS2_PLACEMENT_3D('',#2908,#2909,#2910);
#2908 = CARTESIAN_POINT('',(1.75,1.530808498934E-16,0.8));
#2909 = DIRECTION('',(-1.,1.224646799147E-16,0.));
#2910 = DIRECTION('',(0.,0.,1.));
#2911 = ADVANCED_FACE('',(#2912),#2930,.F.);
#2912 = FACE_BOUND('',#2913,.F.);
#2913 = EDGE_LOOP('',(#2914,#2922,#2928,#2929));
#2914 = ORIENTED_EDGE('',*,*,#2915,.F.);
#2915 = EDGE_CURVE('',#2916,#2044,#2918,.T.);
#2916 = VERTEX_POINT('',#2917);
#2917 = CARTESIAN_POINT('',(2.25,-0.25,-3.2));
#2918 = LINE('',#2919,#2920);
#2919 = CARTESIAN_POINT('',(2.25,-0.25,-3.4));
#2920 = VECTOR('',#2921,1.);
#2921 = DIRECTION('',(0.,0.,1.));
#2922 = ORIENTED_EDGE('',*,*,#2923,.T.);
#2923 = EDGE_CURVE('',#2916,#2887,#2924,.T.);
#2924 = LINE('',#2925,#2926);
#2925 = CARTESIAN_POINT('',(2.25,-0.25,-3.2));
#2926 = VECTOR('',#2927,1.);
#2927 = DIRECTION('',(-1.,1.224646799147E-16,0.));
#2928 = ORIENTED_EDGE('',*,*,#2894,.T.);
#2929 = ORIENTED_EDGE('',*,*,#2051,.F.);
#2930 = PLANE('',#2931);
#2931 = AXIS2_PLACEMENT_3D('',#2932,#2933,#2934);
#2932 = CARTESIAN_POINT('',(2.25,-0.25,-3.4));
#2933 = DIRECTION('',(1.224646799147E-16,1.,0.));
#2934 = DIRECTION('',(0.,-0.,1.));
#2935 = ADVANCED_FACE('',(#2936),#2954,.F.);
#2936 = FACE_BOUND('',#2937,.F.);
#2937 = EDGE_LOOP('',(#2938,#2946,#2947,#2948));
#2938 = ORIENTED_EDGE('',*,*,#2939,.T.);
#2939 = EDGE_CURVE('',#2940,#2916,#2942,.T.);
#2940 = VERTEX_POINT('',#2941);
#2941 = CARTESIAN_POINT('',(2.25,0.25,-3.2));
#2942 = LINE('',#2943,#2944);
#2943 = CARTESIAN_POINT('',(2.25,0.25,-3.2));
#2944 = VECTOR('',#2945,1.);
#2945 = DIRECTION('',(-1.224646799147E-16,-1.,0.));
#2946 = ORIENTED_EDGE('',*,*,#2915,.T.);
#2947 = ORIENTED_EDGE('',*,*,#2043,.F.);
#2948 = ORIENTED_EDGE('',*,*,#2949,.T.);
#2949 = EDGE_CURVE('',#2036,#2940,#2950,.T.);
#2950 = LINE('',#2951,#2952);
#2951 = CARTESIAN_POINT('',(2.25,0.25,5.));
#2952 = VECTOR('',#2953,1.);
#2953 = DIRECTION('',(-0.,0.,-1.));
#2954 = PLANE('',#2955);
#2955 = AXIS2_PLACEMENT_3D('',#2956,#2957,#2958);
#2956 = CARTESIAN_POINT('',(2.25,9.184850993605E-17,0.8));
#2957 = DIRECTION('',(-1.,1.224646799147E-16,0.));
#2958 = DIRECTION('',(0.,0.,1.));
#2959 = ADVANCED_FACE('',(#2960),#2971,.F.);
#2960 = FACE_BOUND('',#2961,.F.);
#2961 = EDGE_LOOP('',(#2962,#2963,#2964,#2965));
#2962 = ORIENTED_EDGE('',*,*,#2949,.F.);
#2963 = ORIENTED_EDGE('',*,*,#2035,.F.);
#2964 = ORIENTED_EDGE('',*,*,#2901,.T.);
#2965 = ORIENTED_EDGE('',*,*,#2966,.F.);
#2966 = EDGE_CURVE('',#2940,#2885,#2967,.T.);
#2967 = LINE('',#2968,#2969);
#2968 = CARTESIAN_POINT('',(2.25,0.25,-3.2));
#2969 = VECTOR('',#2970,1.);
#2970 = DIRECTION('',(-1.,1.224646799147E-16,0.));
#2971 = PLANE('',#2972);
#2972 = AXIS2_PLACEMENT_3D('',#2973,#2974,#2975);
#2973 = CARTESIAN_POINT('',(2.25,0.25,5.));
#2974 = DIRECTION('',(-1.224646799147E-16,-1.,0.));
#2975 = DIRECTION('',(-0.,0.,-1.));
#2976 = ADVANCED_FACE('',(#2977),#3002,.F.);
#2977 = FACE_BOUND('',#2978,.F.);
#2978 = EDGE_LOOP('',(#2979,#2989,#2995,#2996));
#2979 = ORIENTED_EDGE('',*,*,#2980,.T.);
#2980 = EDGE_CURVE('',#2981,#2983,#2985,.T.);
#2981 = VERTEX_POINT('',#2982);
#2982 = CARTESIAN_POINT('',(4.25,0.25,-3.2));
#2983 = VERTEX_POINT('',#2984);
#2984 = CARTESIAN_POINT('',(4.25,-0.25,-3.2));
#2985 = LINE('',#2986,#2987);
#2986 = CARTESIAN_POINT('',(4.25,0.25,-3.2));
#2987 = VECTOR('',#2988,1.);
#2988 = DIRECTION('',(-1.224646799147E-16,-1.,0.));
#2989 = ORIENTED_EDGE('',*,*,#2990,.T.);
#2990 = EDGE_CURVE('',#2983,#2074,#2991,.T.);
#2991 = LINE('',#2992,#2993);
#2992 = CARTESIAN_POINT('',(4.25,-0.25,-3.4));
#2993 = VECTOR('',#2994,1.);
#2994 = DIRECTION('',(0.,0.,1.));
#2995 = ORIENTED_EDGE('',*,*,#2071,.F.);
#2996 = ORIENTED_EDGE('',*,*,#2997,.T.);
#2997 = EDGE_CURVE('',#2072,#2981,#2998,.T.);
#2998 = LINE('',#2999,#3000);
#2999 = CARTESIAN_POINT('',(4.25,0.25,5.));
#3000 = VECTOR('',#3001,1.);
#3001 = DIRECTION('',(-0.,0.,-1.));
#3002 = PLANE('',#3003);
#3003 = AXIS2_PLACEMENT_3D('',#3004,#3005,#3006);
#3004 = CARTESIAN_POINT('',(4.25,-1.530808498934E-16,0.8));
#3005 = DIRECTION('',(-1.,1.224646799147E-16,0.));
#3006 = DIRECTION('',(0.,0.,1.));
#3007 = ADVANCED_FACE('',(#3008),#3026,.F.);
#3008 = FACE_BOUND('',#3009,.F.);
#3009 = EDGE_LOOP('',(#3010,#3011,#3012,#3020));
#3010 = ORIENTED_EDGE('',*,*,#2997,.F.);
#3011 = ORIENTED_EDGE('',*,*,#2097,.F.);
#3012 = ORIENTED_EDGE('',*,*,#3013,.T.);
#3013 = EDGE_CURVE('',#2090,#3014,#3016,.T.);
#3014 = VERTEX_POINT('',#3015);
#3015 = CARTESIAN_POINT('',(3.75,0.25,-3.2));
#3016 = LINE('',#3017,#3018);
#3017 = CARTESIAN_POINT('',(3.75,0.25,5.));
#3018 = VECTOR('',#3019,1.);
#3019 = DIRECTION('',(-0.,0.,-1.));
#3020 = ORIENTED_EDGE('',*,*,#3021,.F.);
#3021 = EDGE_CURVE('',#2981,#3014,#3022,.T.);
#3022 = LINE('',#3023,#3024);
#3023 = CARTESIAN_POINT('',(4.25,0.25,-3.2));
#3024 = VECTOR('',#3025,1.);
#3025 = DIRECTION('',(-1.,1.224646799147E-16,0.));
#3026 = PLANE('',#3027);
#3027 = AXIS2_PLACEMENT_3D('',#3028,#3029,#3030);
#3028 = CARTESIAN_POINT('',(4.25,0.25,5.));
#3029 = DIRECTION('',(-1.224646799147E-16,-1.,0.));
#3030 = DIRECTION('',(-0.,0.,-1.));
#3031 = ADVANCED_FACE('',(#3032),#3050,.T.);
#3032 = FACE_BOUND('',#3033,.T.);
#3033 = EDGE_LOOP('',(#3034,#3042,#3048,#3049));
#3034 = ORIENTED_EDGE('',*,*,#3035,.T.);
#3035 = EDGE_CURVE('',#3014,#3036,#3038,.T.);
#3036 = VERTEX_POINT('',#3037);
#3037 = CARTESIAN_POINT('',(3.75,-0.25,-3.2));
#3038 = LINE('',#3039,#3040);
#3039 = CARTESIAN_POINT('',(3.75,0.25,-3.2));
#3040 = VECTOR('',#3041,1.);
#3041 = DIRECTION('',(-1.224646799147E-16,-1.,0.));
#3042 = ORIENTED_EDGE('',*,*,#3043,.T.);
#3043 = EDGE_CURVE('',#3036,#2082,#3044,.T.);
#3044 = LINE('',#3045,#3046);
#3045 = CARTESIAN_POINT('',(3.75,-0.25,-3.4));
#3046 = VECTOR('',#3047,1.);
#3047 = DIRECTION('',(0.,0.,1.));
#3048 = ORIENTED_EDGE('',*,*,#2089,.F.);
#3049 = ORIENTED_EDGE('',*,*,#3013,.T.);
#3050 = PLANE('',#3051);
#3051 = AXIS2_PLACEMENT_3D('',#3052,#3053,#3054);
#3052 = CARTESIAN_POINT('',(3.75,-9.184850993605E-17,0.8));
#3053 = DIRECTION('',(-1.,1.224646799147E-16,0.));
#3054 = DIRECTION('',(0.,0.,1.));
#3055 = ADVANCED_FACE('',(#3056),#3067,.F.);
#3056 = FACE_BOUND('',#3057,.F.);
#3057 = EDGE_LOOP('',(#3058,#3059,#3065,#3066));
#3058 = ORIENTED_EDGE('',*,*,#2990,.F.);
#3059 = ORIENTED_EDGE('',*,*,#3060,.T.);
#3060 = EDGE_CURVE('',#2983,#3036,#3061,.T.);
#3061 = LINE('',#3062,#3063);
#3062 = CARTESIAN_POINT('',(4.25,-0.25,-3.2));
#3063 = VECTOR('',#3064,1.);
#3064 = DIRECTION('',(-1.,1.224646799147E-16,0.));
#3065 = ORIENTED_EDGE('',*,*,#3043,.T.);
#3066 = ORIENTED_EDGE('',*,*,#2081,.F.);
#3067 = PLANE('',#3068);
#3068 = AXIS2_PLACEMENT_3D('',#3069,#3070,#3071);
#3069 = CARTESIAN_POINT('',(4.25,-0.25,-3.4));
#3070 = DIRECTION('',(1.224646799147E-16,1.,0.));
#3071 = DIRECTION('',(0.,-0.,1.));
#3072 = ADVANCED_FACE('',(#3073),#3114,.T.);
#3073 = FACE_BOUND('',#3074,.F.);
#3074 = EDGE_LOOP('',(#3075,#3085,#3091,#3092,#3100,#3108));
#3075 = ORIENTED_EDGE('',*,*,#3076,.T.);
#3076 = EDGE_CURVE('',#3077,#3079,#3081,.T.);
#3077 = VERTEX_POINT('',#3078);
#3078 = CARTESIAN_POINT('',(6.05,-5.E-02,-3.4));
#3079 = VERTEX_POINT('',#3080);
#3080 = CARTESIAN_POINT('',(6.247552593066,-0.218807485305,
    -3.202447406934));
#3081 = LINE('',#3082,#3083);
#3082 = CARTESIAN_POINT('',(6.107606629418,-9.922451332131E-02,
    -3.342393370582));
#3083 = VECTOR('',#3084,1.);
#3084 = DIRECTION('',(0.605209817607,-0.517148096144,0.605209817607));
#3085 = ORIENTED_EDGE('',*,*,#3086,.T.);
#3086 = EDGE_CURVE('',#3079,#2143,#3087,.T.);
#3087 = LINE('',#3088,#3089);
#3088 = CARTESIAN_POINT('',(6.168262653899,-0.231326949384,
    -3.281737346101));
#3089 = VECTOR('',#3090,1.);
#3090 = DIRECTION('',(0.702740385383,0.110959008218,0.702740385383));
#3091 = ORIENTED_EDGE('',*,*,#2140,.F.);
#3092 = ORIENTED_EDGE('',*,*,#3093,.F.);
#3093 = EDGE_CURVE('',#3094,#2141,#3096,.T.);
#3094 = VERTEX_POINT('',#3095);
#3095 = CARTESIAN_POINT('',(6.247552593066,0.281192514695,
    -3.202447406934));
#3096 = LINE('',#3097,#3098);
#3097 = CARTESIAN_POINT('',(6.629616963064,0.341518467852,
    -2.820383036936));
#3098 = VECTOR('',#3099,1.);
#3099 = DIRECTION('',(0.702740385383,0.110959008218,0.702740385383));
#3100 = ORIENTED_EDGE('',*,*,#3101,.F.);
#3101 = EDGE_CURVE('',#3102,#3094,#3104,.T.);
#3102 = VERTEX_POINT('',#3103);
#3103 = CARTESIAN_POINT('',(6.05,5.E-02,-3.4));
#3104 = LINE('',#3105,#3106);
#3105 = CARTESIAN_POINT('',(6.17881689775,0.200752273427,-3.27118310225)
  );
#3106 = VECTOR('',#3107,1.);
#3107 = DIRECTION('',(0.544770019249,0.63753529491,0.544770019249));
#3108 = ORIENTED_EDGE('',*,*,#3109,.T.);
#3109 = EDGE_CURVE('',#3102,#3077,#3110,.T.);
#3110 = LINE('',#3111,#3112);
#3111 = CARTESIAN_POINT('',(6.05,0.25,-3.4));
#3112 = VECTOR('',#3113,1.);
#3113 = DIRECTION('',(-1.224646799147E-16,-1.,0.));
#3114 = PLANE('',#3115);
#3115 = AXIS2_PLACEMENT_3D('',#3116,#3117,#3118);
#3116 = CARTESIAN_POINT('',(6.15,0.25,-3.3));
#3117 = DIRECTION('',(0.707106781187,-8.486018839685E-17,-0.707106781187
    ));
#3118 = DIRECTION('',(1.212375546256E-16,1.,1.227125289196E-18));
#3119 = ADVANCED_FACE('',(#3120),#3145,.F.);
#3120 = FACE_BOUND('',#3121,.F.);
#3121 = EDGE_LOOP('',(#3122,#3123,#3129,#3130,#3138,#3144));
#3122 = ORIENTED_EDGE('',*,*,#2189,.F.);
#3123 = ORIENTED_EDGE('',*,*,#3124,.T.);
#3124 = EDGE_CURVE('',#2182,#2262,#3125,.T.);
#3125 = LINE('',#3126,#3127);
#3126 = CARTESIAN_POINT('',(6.25,0.55,-1.5));
#3127 = VECTOR('',#3128,1.);
#3128 = DIRECTION('',(-1.,1.224646799147E-16,0.));
#3129 = ORIENTED_EDGE('',*,*,#2269,.T.);
#3130 = ORIENTED_EDGE('',*,*,#3131,.F.);
#3131 = EDGE_CURVE('',#3132,#2228,#3134,.T.);
#3132 = VERTEX_POINT('',#3133);
#3133 = CARTESIAN_POINT('',(5.752447406934,0.281192514695,
    -3.202447406934));
#3134 = LINE('',#3135,#3136);
#3135 = CARTESIAN_POINT('',(5.493844049248,0.322024623803,
    -2.943844049248));
#3136 = VECTOR('',#3137,1.);
#3137 = DIRECTION('',(-0.702740385383,0.110959008218,0.702740385383));
#3138 = ORIENTED_EDGE('',*,*,#3139,.F.);
#3139 = EDGE_CURVE('',#3094,#3132,#3140,.T.);
#3140 = LINE('',#3141,#3142);
#3141 = CARTESIAN_POINT('',(6.25,0.281192514695,-3.202447406934));
#3142 = VECTOR('',#3143,1.);
#3143 = DIRECTION('',(-1.,1.224646799147E-16,0.));
#3144 = ORIENTED_EDGE('',*,*,#3093,.T.);
#3145 = PLANE('',#3146);
#3146 = AXIS2_PLACEMENT_3D('',#3147,#3148,#3149);
#3147 = CARTESIAN_POINT('',(6.25,0.55,-1.5));
#3148 = DIRECTION('',(-1.209660753807E-16,-0.987762965329,0.155962573473
    ));
#3149 = DIRECTION('',(-1.909990663905E-17,-0.155962573473,
    -0.987762965329));
#3150 = ADVANCED_FACE('',(#3151),#3157,.F.);
#3151 = FACE_BOUND('',#3152,.F.);
#3152 = EDGE_LOOP('',(#3153,#3154,#3155,#3156));
#3153 = ORIENTED_EDGE('',*,*,#2213,.T.);
#3154 = ORIENTED_EDGE('',*,*,#2261,.T.);
#3155 = ORIENTED_EDGE('',*,*,#3124,.F.);
#3156 = ORIENTED_EDGE('',*,*,#2181,.F.);
#3157 = PLANE('',#3158);
#3158 = AXIS2_PLACEMENT_3D('',#3159,#3160,#3161);
#3159 = CARTESIAN_POINT('',(6.25,0.25,-0.9));
#3160 = DIRECTION('',(-1.095357396528E-16,-0.894427191,-0.4472135955));
#3161 = DIRECTION('',(5.476786982641E-17,0.4472135955,-0.894427191));
#3162 = ADVANCED_FACE('',(#3163),#3174,.F.);
#3163 = FACE_BOUND('',#3164,.F.);
#3164 = EDGE_LOOP('',(#3165,#3171,#3172,#3173));
#3165 = ORIENTED_EDGE('',*,*,#3166,.T.);
#3166 = EDGE_CURVE('',#2151,#2238,#3167,.T.);
#3167 = LINE('',#3168,#3169);
#3168 = CARTESIAN_POINT('',(6.25,5.E-02,-1.5));
#3169 = VECTOR('',#3170,1.);
#3170 = DIRECTION('',(-1.,1.224646799147E-16,0.));
#3171 = ORIENTED_EDGE('',*,*,#2245,.T.);
#3172 = ORIENTED_EDGE('',*,*,#2284,.F.);
#3173 = ORIENTED_EDGE('',*,*,#2158,.F.);
#3174 = PLANE('',#3175);
#3175 = AXIS2_PLACEMENT_3D('',#3176,#3177,#3178);
#3176 = CARTESIAN_POINT('',(6.25,5.E-02,-1.5));
#3177 = DIRECTION('',(1.095357396528E-16,0.894427191,0.4472135955));
#3178 = DIRECTION('',(-5.476786982641E-17,-0.4472135955,0.894427191));
#3179 = ADVANCED_FACE('',(#3180),#3200,.F.);
#3180 = FACE_BOUND('',#3181,.F.);
#3181 = EDGE_LOOP('',(#3182,#3183,#3184,#3192,#3198,#3199));
#3182 = ORIENTED_EDGE('',*,*,#2150,.F.);
#3183 = ORIENTED_EDGE('',*,*,#3086,.F.);
#3184 = ORIENTED_EDGE('',*,*,#3185,.T.);
#3185 = EDGE_CURVE('',#3079,#3186,#3188,.T.);
#3186 = VERTEX_POINT('',#3187);
#3187 = CARTESIAN_POINT('',(5.752447406934,-0.218807485305,
    -3.202447406934));
#3188 = LINE('',#3189,#3190);
#3189 = CARTESIAN_POINT('',(6.25,-0.218807485305,-3.202447406934));
#3190 = VECTOR('',#3191,1.);
#3191 = DIRECTION('',(-1.,1.224646799147E-16,0.));
#3192 = ORIENTED_EDGE('',*,*,#3193,.T.);
#3193 = EDGE_CURVE('',#3186,#2230,#3194,.T.);
#3194 = LINE('',#3195,#3196);
#3195 = CARTESIAN_POINT('',(5.955198358413,-0.250820793434,
    -3.405198358413));
#3196 = VECTOR('',#3197,1.);
#3197 = DIRECTION('',(-0.702740385383,0.110959008218,0.702740385383));
#3198 = ORIENTED_EDGE('',*,*,#2237,.T.);
#3199 = ORIENTED_EDGE('',*,*,#3166,.F.);
#3200 = PLANE('',#3201);
#3201 = AXIS2_PLACEMENT_3D('',#3202,#3203,#3204);
#3202 = CARTESIAN_POINT('',(6.25,-0.25,-3.4));
#3203 = DIRECTION('',(1.209660753807E-16,0.987762965329,-0.155962573473)
  );
#3204 = DIRECTION('',(1.909990663905E-17,0.155962573473,0.987762965329)
  );
#3205 = ADVANCED_FACE('',(#3206),#3233,.F.);
#3206 = FACE_BOUND('',#3207,.T.);
#3207 = EDGE_LOOP('',(#3208,#3216,#3217,#3218,#3219,#3227));
#3208 = ORIENTED_EDGE('',*,*,#3209,.T.);
#3209 = EDGE_CURVE('',#3210,#3186,#3212,.T.);
#3210 = VERTEX_POINT('',#3211);
#3211 = CARTESIAN_POINT('',(5.95,-5.E-02,-3.4));
#3212 = LINE('',#3213,#3214);
#3213 = CARTESIAN_POINT('',(5.983963101414,-2.097873708559E-02,
    -3.433963101414));
#3214 = VECTOR('',#3215,1.);
#3215 = DIRECTION('',(-0.605209817607,-0.517148096144,0.605209817607));
#3216 = ORIENTED_EDGE('',*,*,#3193,.T.);
#3217 = ORIENTED_EDGE('',*,*,#2227,.F.);
#3218 = ORIENTED_EDGE('',*,*,#3131,.F.);
#3219 = ORIENTED_EDGE('',*,*,#3220,.F.);
#3220 = EDGE_CURVE('',#3221,#3132,#3223,.T.);
#3221 = VERTEX_POINT('',#3222);
#3222 = CARTESIAN_POINT('',(5.95,5.E-02,-3.4));
#3223 = LINE('',#3224,#3225);
#3224 = CARTESIAN_POINT('',(5.895376695718,0.113924744707,
    -3.345376695718));
#3225 = VECTOR('',#3226,1.);
#3226 = DIRECTION('',(-0.544770019249,0.63753529491,0.544770019249));
#3227 = ORIENTED_EDGE('',*,*,#3228,.T.);
#3228 = EDGE_CURVE('',#3221,#3210,#3229,.T.);
#3229 = LINE('',#3230,#3231);
#3230 = CARTESIAN_POINT('',(5.95,0.25,-3.4));
#3231 = VECTOR('',#3232,1.);
#3232 = DIRECTION('',(-1.224646799147E-16,-1.,0.));
#3233 = PLANE('',#3234);
#3234 = AXIS2_PLACEMENT_3D('',#3235,#3236,#3237);
#3235 = CARTESIAN_POINT('',(5.85,0.25,-3.3));
#3236 = DIRECTION('',(0.707106781187,-8.833102285013E-17,0.707106781187)
  );
#3237 = DIRECTION('',(1.236918052038E-16,1.,1.227125289097E-18));
#3238 = ADVANCED_FACE('',(#3239),#3245,.F.);
#3239 = FACE_BOUND('',#3240,.F.);
#3240 = EDGE_LOOP('',(#3241,#3242,#3243,#3244));
#3241 = ORIENTED_EDGE('',*,*,#2538,.T.);
#3242 = ORIENTED_EDGE('',*,*,#2553,.T.);
#3243 = ORIENTED_EDGE('',*,*,#2577,.F.);
#3244 = ORIENTED_EDGE('',*,*,#2379,.F.);
#3245 = PLANE('',#3246);
#3246 = AXIS2_PLACEMENT_3D('',#3247,#3248,#3249);
#3247 = CARTESIAN_POINT('',(5.2,-2.,1.8));
#3248 = DIRECTION('',(-1.224646799147E-16,-1.,0.));
#3249 = DIRECTION('',(-1.,1.224646799147E-16,0.));
#3250 = ADVANCED_FACE('',(#3251),#3257,.F.);
#3251 = FACE_BOUND('',#3252,.F.);
#3252 = EDGE_LOOP('',(#3253,#3254,#3255,#3256));
#3253 = ORIENTED_EDGE('',*,*,#2603,.T.);
#3254 = ORIENTED_EDGE('',*,*,#2618,.T.);
#3255 = ORIENTED_EDGE('',*,*,#2642,.F.);
#3256 = ORIENTED_EDGE('',*,*,#2356,.F.);
#3257 = PLANE('',#3258);
#3258 = AXIS2_PLACEMENT_3D('',#3259,#3260,#3261);
#3259 = CARTESIAN_POINT('',(3.2,-2.,1.8));
#3260 = DIRECTION('',(-1.224646799147E-16,-1.,0.));
#3261 = DIRECTION('',(-1.,1.224646799147E-16,0.));
#3262 = ADVANCED_FACE('',(#3263),#3269,.F.);
#3263 = FACE_BOUND('',#3264,.F.);
#3264 = EDGE_LOOP('',(#3265,#3266,#3267,#3268));
#3265 = ORIENTED_EDGE('',*,*,#2668,.T.);
#3266 = ORIENTED_EDGE('',*,*,#2683,.T.);
#3267 = ORIENTED_EDGE('',*,*,#2707,.F.);
#3268 = ORIENTED_EDGE('',*,*,#2333,.F.);
#3269 = PLANE('',#3270);
#3270 = AXIS2_PLACEMENT_3D('',#3271,#3272,#3273);
#3271 = CARTESIAN_POINT('',(1.2,-2.,1.8));
#3272 = DIRECTION('',(-1.224646799147E-16,-1.,0.));
#3273 = DIRECTION('',(-1.,1.224646799147E-16,0.));
#3274 = ADVANCED_FACE('',(#3275),#3300,.F.);
#3275 = FACE_BOUND('',#3276,.F.);
#3276 = EDGE_LOOP('',(#3277,#3285,#3293,#3299));
#3277 = ORIENTED_EDGE('',*,*,#3278,.F.);
#3278 = EDGE_CURVE('',#3279,#2390,#3281,.T.);
#3279 = VERTEX_POINT('',#3280);
#3280 = CARTESIAN_POINT('',(0.25,0.25,4.8));
#3281 = LINE('',#3282,#3283);
#3282 = CARTESIAN_POINT('',(0.25,0.25,5.));
#3283 = VECTOR('',#3284,1.);
#3284 = DIRECTION('',(-0.,0.,-1.));
#3285 = ORIENTED_EDGE('',*,*,#3286,.T.);
#3286 = EDGE_CURVE('',#3279,#3287,#3289,.T.);
#3287 = VERTEX_POINT('',#3288);
#3288 = CARTESIAN_POINT('',(-0.25,0.25,4.8));
#3289 = LINE('',#3290,#3291);
#3290 = CARTESIAN_POINT('',(0.25,0.25,4.8));
#3291 = VECTOR('',#3292,1.);
#3292 = DIRECTION('',(-1.,1.224646799147E-16,0.));
#3293 = ORIENTED_EDGE('',*,*,#3294,.T.);
#3294 = EDGE_CURVE('',#3287,#2388,#3295,.T.);
#3295 = LINE('',#3296,#3297);
#3296 = CARTESIAN_POINT('',(-0.25,0.25,5.));
#3297 = VECTOR('',#3298,1.);
#3298 = DIRECTION('',(-0.,0.,-1.));
#3299 = ORIENTED_EDGE('',*,*,#2387,.T.);
#3300 = PLANE('',#3301);
#3301 = AXIS2_PLACEMENT_3D('',#3302,#3303,#3304);
#3302 = CARTESIAN_POINT('',(0.25,0.25,5.));
#3303 = DIRECTION('',(-1.224646799147E-16,-1.,0.));
#3304 = DIRECTION('',(-0.,0.,-1.));
#3305 = ADVANCED_FACE('',(#3306),#3324,.T.);
#3306 = FACE_BOUND('',#3307,.T.);
#3307 = EDGE_LOOP('',(#3308,#3309,#3317,#3323));
#3308 = ORIENTED_EDGE('',*,*,#2413,.T.);
#3309 = ORIENTED_EDGE('',*,*,#3310,.T.);
#3310 = EDGE_CURVE('',#2406,#3311,#3313,.T.);
#3311 = VERTEX_POINT('',#3312);
#3312 = CARTESIAN_POINT('',(-0.25,-0.25,4.8));
#3313 = LINE('',#3314,#3315);
#3314 = CARTESIAN_POINT('',(-0.25,-0.25,-0.9));
#3315 = VECTOR('',#3316,1.);
#3316 = DIRECTION('',(0.,0.,1.));
#3317 = ORIENTED_EDGE('',*,*,#3318,.T.);
#3318 = EDGE_CURVE('',#3311,#3287,#3319,.T.);
#3319 = LINE('',#3320,#3321);
#3320 = CARTESIAN_POINT('',(-0.25,-0.25,4.8));
#3321 = VECTOR('',#3322,1.);
#3322 = DIRECTION('',(1.224646799147E-16,1.,0.));
#3323 = ORIENTED_EDGE('',*,*,#3294,.T.);
#3324 = PLANE('',#3325);
#3325 = AXIS2_PLACEMENT_3D('',#3326,#3327,#3328);
#3326 = CARTESIAN_POINT('',(-0.25,4.326643272645E-02,0.775746953017));
#3327 = DIRECTION('',(-1.,1.224646799147E-16,0.));
#3328 = DIRECTION('',(0.,0.,1.));
#3329 = ADVANCED_FACE('',(#3330),#3348,.F.);
#3330 = FACE_BOUND('',#3331,.F.);
#3331 = EDGE_LOOP('',(#3332,#3340,#3341,#3342));
#3332 = ORIENTED_EDGE('',*,*,#3333,.F.);
#3333 = EDGE_CURVE('',#2398,#3334,#3336,.T.);
#3334 = VERTEX_POINT('',#3335);
#3335 = CARTESIAN_POINT('',(0.25,-0.25,4.8));
#3336 = LINE('',#3337,#3338);
#3337 = CARTESIAN_POINT('',(0.25,-0.25,-0.9));
#3338 = VECTOR('',#3339,1.);
#3339 = DIRECTION('',(0.,0.,1.));
#3340 = ORIENTED_EDGE('',*,*,#2405,.T.);
#3341 = ORIENTED_EDGE('',*,*,#3310,.T.);
#3342 = ORIENTED_EDGE('',*,*,#3343,.F.);
#3343 = EDGE_CURVE('',#3334,#3311,#3344,.T.);
#3344 = LINE('',#3345,#3346);
#3345 = CARTESIAN_POINT('',(0.25,-0.25,4.8));
#3346 = VECTOR('',#3347,1.);
#3347 = DIRECTION('',(-1.,1.224646799147E-16,0.));
#3348 = PLANE('',#3349);
#3349 = AXIS2_PLACEMENT_3D('',#3350,#3351,#3352);
#3350 = CARTESIAN_POINT('',(0.25,-0.25,-0.9));
#3351 = DIRECTION('',(1.224646799147E-16,1.,0.));
#3352 = DIRECTION('',(0.,-0.,1.));
#3353 = ADVANCED_FACE('',(#3354),#3365,.F.);
#3354 = FACE_BOUND('',#3355,.F.);
#3355 = EDGE_LOOP('',(#3356,#3357,#3358,#3364));
#3356 = ORIENTED_EDGE('',*,*,#2397,.T.);
#3357 = ORIENTED_EDGE('',*,*,#3333,.T.);
#3358 = ORIENTED_EDGE('',*,*,#3359,.T.);
#3359 = EDGE_CURVE('',#3334,#3279,#3360,.T.);
#3360 = LINE('',#3361,#3362);
#3361 = CARTESIAN_POINT('',(0.25,-0.25,4.8));
#3362 = VECTOR('',#3363,1.);
#3363 = DIRECTION('',(1.224646799147E-16,1.,0.));
#3364 = ORIENTED_EDGE('',*,*,#3278,.T.);
#3365 = PLANE('',#3366);
#3366 = AXIS2_PLACEMENT_3D('',#3367,#3368,#3369);
#3367 = CARTESIAN_POINT('',(0.25,4.326643272645E-02,0.775746953017));
#3368 = DIRECTION('',(-1.,1.224646799147E-16,0.));
#3369 = DIRECTION('',(0.,0.,1.));
#3370 = ADVANCED_FACE('',(#3371),#3396,.T.);
#3371 = FACE_BOUND('',#3372,.T.);
#3372 = EDGE_LOOP('',(#3373,#3374,#3382,#3390));
#3373 = ORIENTED_EDGE('',*,*,#2421,.T.);
#3374 = ORIENTED_EDGE('',*,*,#3375,.T.);
#3375 = EDGE_CURVE('',#2424,#3376,#3378,.T.);
#3376 = VERTEX_POINT('',#3377);
#3377 = CARTESIAN_POINT('',(1.75,-0.25,4.8));
#3378 = LINE('',#3379,#3380);
#3379 = CARTESIAN_POINT('',(1.75,-0.25,-3.4));
#3380 = VECTOR('',#3381,1.);
#3381 = DIRECTION('',(0.,0.,1.));
#3382 = ORIENTED_EDGE('',*,*,#3383,.T.);
#3383 = EDGE_CURVE('',#3376,#3384,#3386,.T.);
#3384 = VERTEX_POINT('',#3385);
#3385 = CARTESIAN_POINT('',(1.75,0.25,4.8));
#3386 = LINE('',#3387,#3388);
#3387 = CARTESIAN_POINT('',(1.75,-0.25,4.8));
#3388 = VECTOR('',#3389,1.);
#3389 = DIRECTION('',(1.224646799147E-16,1.,0.));
#3390 = ORIENTED_EDGE('',*,*,#3391,.T.);
#3391 = EDGE_CURVE('',#3384,#2422,#3392,.T.);
#3392 = LINE('',#3393,#3394);
#3393 = CARTESIAN_POINT('',(1.75,0.25,5.));
#3394 = VECTOR('',#3395,1.);
#3395 = DIRECTION('',(-0.,0.,-1.));
#3396 = PLANE('',#3397);
#3397 = AXIS2_PLACEMENT_3D('',#3398,#3399,#3400);
#3398 = CARTESIAN_POINT('',(1.75,1.530808498934E-16,0.8));
#3399 = DIRECTION('',(-1.,1.224646799147E-16,0.));
#3400 = DIRECTION('',(0.,0.,1.));
#3401 = ADVANCED_FACE('',(#3402),#3420,.F.);
#3402 = FACE_BOUND('',#3403,.F.);
#3403 = EDGE_LOOP('',(#3404,#3412,#3413,#3414));
#3404 = ORIENTED_EDGE('',*,*,#3405,.F.);
#3405 = EDGE_CURVE('',#2440,#3406,#3408,.T.);
#3406 = VERTEX_POINT('',#3407);
#3407 = CARTESIAN_POINT('',(2.25,-0.25,4.8));
#3408 = LINE('',#3409,#3410);
#3409 = CARTESIAN_POINT('',(2.25,-0.25,-3.4));
#3410 = VECTOR('',#3411,1.);
#3411 = DIRECTION('',(0.,0.,1.));
#3412 = ORIENTED_EDGE('',*,*,#2447,.T.);
#3413 = ORIENTED_EDGE('',*,*,#3375,.T.);
#3414 = ORIENTED_EDGE('',*,*,#3415,.F.);
#3415 = EDGE_CURVE('',#3406,#3376,#3416,.T.);
#3416 = LINE('',#3417,#3418);
#3417 = CARTESIAN_POINT('',(2.25,-0.25,4.8));
#3418 = VECTOR('',#3419,1.);
#3419 = DIRECTION('',(-1.,1.224646799147E-16,0.));
#3420 = PLANE('',#3421);
#3421 = AXIS2_PLACEMENT_3D('',#3422,#3423,#3424);
#3422 = CARTESIAN_POINT('',(2.25,-0.25,-3.4));
#3423 = DIRECTION('',(1.224646799147E-16,1.,0.));
#3424 = DIRECTION('',(0.,-0.,1.));
#3425 = ADVANCED_FACE('',(#3426),#3444,.F.);
#3426 = FACE_BOUND('',#3427,.F.);
#3427 = EDGE_LOOP('',(#3428,#3429,#3430,#3438));
#3428 = ORIENTED_EDGE('',*,*,#2439,.T.);
#3429 = ORIENTED_EDGE('',*,*,#3405,.T.);
#3430 = ORIENTED_EDGE('',*,*,#3431,.T.);
#3431 = EDGE_CURVE('',#3406,#3432,#3434,.T.);
#3432 = VERTEX_POINT('',#3433);
#3433 = CARTESIAN_POINT('',(2.25,0.25,4.8));
#3434 = LINE('',#3435,#3436);
#3435 = CARTESIAN_POINT('',(2.25,-0.25,4.8));
#3436 = VECTOR('',#3437,1.);
#3437 = DIRECTION('',(1.224646799147E-16,1.,0.));
#3438 = ORIENTED_EDGE('',*,*,#3439,.T.);
#3439 = EDGE_CURVE('',#3432,#2432,#3440,.T.);
#3440 = LINE('',#3441,#3442);
#3441 = CARTESIAN_POINT('',(2.25,0.25,5.));
#3442 = VECTOR('',#3443,1.);
#3443 = DIRECTION('',(-0.,0.,-1.));
#3444 = PLANE('',#3445);
#3445 = AXIS2_PLACEMENT_3D('',#3446,#3447,#3448);
#3446 = CARTESIAN_POINT('',(2.25,9.184850993605E-17,0.8));
#3447 = DIRECTION('',(-1.,1.224646799147E-16,0.));
#3448 = DIRECTION('',(0.,0.,1.));
#3449 = ADVANCED_FACE('',(#3450),#3461,.F.);
#3450 = FACE_BOUND('',#3451,.F.);
#3451 = EDGE_LOOP('',(#3452,#3453,#3459,#3460));
#3452 = ORIENTED_EDGE('',*,*,#3439,.F.);
#3453 = ORIENTED_EDGE('',*,*,#3454,.T.);
#3454 = EDGE_CURVE('',#3432,#3384,#3455,.T.);
#3455 = LINE('',#3456,#3457);
#3456 = CARTESIAN_POINT('',(2.25,0.25,4.8));
#3457 = VECTOR('',#3458,1.);
#3458 = DIRECTION('',(-1.,1.224646799147E-16,0.));
#3459 = ORIENTED_EDGE('',*,*,#3391,.T.);
#3460 = ORIENTED_EDGE('',*,*,#2431,.T.);
#3461 = PLANE('',#3462);
#3462 = AXIS2_PLACEMENT_3D('',#3463,#3464,#3465);
#3463 = CARTESIAN_POINT('',(2.25,0.25,5.));
#3464 = DIRECTION('',(-1.224646799147E-16,-1.,0.));
#3465 = DIRECTION('',(-0.,0.,-1.));
#3466 = ADVANCED_FACE('',(#3467),#3492,.F.);
#3467 = FACE_BOUND('',#3468,.F.);
#3468 = EDGE_LOOP('',(#3469,#3470,#3478,#3486));
#3469 = ORIENTED_EDGE('',*,*,#2455,.T.);
#3470 = ORIENTED_EDGE('',*,*,#3471,.T.);
#3471 = EDGE_CURVE('',#2458,#3472,#3474,.T.);
#3472 = VERTEX_POINT('',#3473);
#3473 = CARTESIAN_POINT('',(6.25,-0.25,4.8));
#3474 = LINE('',#3475,#3476);
#3475 = CARTESIAN_POINT('',(6.25,-0.25,-0.9));
#3476 = VECTOR('',#3477,1.);
#3477 = DIRECTION('',(0.,0.,1.));
#3478 = ORIENTED_EDGE('',*,*,#3479,.T.);
#3479 = EDGE_CURVE('',#3472,#3480,#3482,.T.);
#3480 = VERTEX_POINT('',#3481);
#3481 = CARTESIAN_POINT('',(6.25,0.25,4.8));
#3482 = LINE('',#3483,#3484);
#3483 = CARTESIAN_POINT('',(6.25,-0.25,4.8));
#3484 = VECTOR('',#3485,1.);
#3485 = DIRECTION('',(1.224646799147E-16,1.,0.));
#3486 = ORIENTED_EDGE('',*,*,#3487,.T.);
#3487 = EDGE_CURVE('',#3480,#2456,#3488,.T.);
#3488 = LINE('',#3489,#3490);
#3489 = CARTESIAN_POINT('',(6.25,0.25,5.));
#3490 = VECTOR('',#3491,1.);
#3491 = DIRECTION('',(-0.,0.,-1.));
#3492 = PLANE('',#3493);
#3493 = AXIS2_PLACEMENT_3D('',#3494,#3495,#3496);
#3494 = CARTESIAN_POINT('',(6.25,4.326643272645E-02,0.775746953017));
#3495 = DIRECTION('',(-1.,1.224646799147E-16,0.));
#3496 = DIRECTION('',(0.,0.,1.));
#3497 = ADVANCED_FACE('',(#3498),#3516,.F.);
#3498 = FACE_BOUND('',#3499,.F.);
#3499 = EDGE_LOOP('',(#3500,#3501,#3509,#3515));
#3500 = ORIENTED_EDGE('',*,*,#3487,.F.);
#3501 = ORIENTED_EDGE('',*,*,#3502,.T.);
#3502 = EDGE_CURVE('',#3480,#3503,#3505,.T.);
#3503 = VERTEX_POINT('',#3504);
#3504 = CARTESIAN_POINT('',(5.75,0.25,4.8));
#3505 = LINE('',#3506,#3507);
#3506 = CARTESIAN_POINT('',(6.25,0.25,4.8));
#3507 = VECTOR('',#3508,1.);
#3508 = DIRECTION('',(-1.,1.224646799147E-16,0.));
#3509 = ORIENTED_EDGE('',*,*,#3510,.T.);
#3510 = EDGE_CURVE('',#3503,#2474,#3511,.T.);
#3511 = LINE('',#3512,#3513);
#3512 = CARTESIAN_POINT('',(5.75,0.25,5.));
#3513 = VECTOR('',#3514,1.);
#3514 = DIRECTION('',(-0.,0.,-1.));
#3515 = ORIENTED_EDGE('',*,*,#2481,.T.);
#3516 = PLANE('',#3517);
#3517 = AXIS2_PLACEMENT_3D('',#3518,#3519,#3520);
#3518 = CARTESIAN_POINT('',(6.25,0.25,5.));
#3519 = DIRECTION('',(-1.224646799147E-16,-1.,0.));
#3520 = DIRECTION('',(-0.,0.,-1.));
#3521 = ADVANCED_FACE('',(#3522),#3540,.T.);
#3522 = FACE_BOUND('',#3523,.T.);
#3523 = EDGE_LOOP('',(#3524,#3525,#3533,#3539));
#3524 = ORIENTED_EDGE('',*,*,#2473,.T.);
#3525 = ORIENTED_EDGE('',*,*,#3526,.T.);
#3526 = EDGE_CURVE('',#2466,#3527,#3529,.T.);
#3527 = VERTEX_POINT('',#3528);
#3528 = CARTESIAN_POINT('',(5.75,-0.25,4.8));
#3529 = LINE('',#3530,#3531);
#3530 = CARTESIAN_POINT('',(5.75,-0.25,-0.9));
#3531 = VECTOR('',#3532,1.);
#3532 = DIRECTION('',(0.,0.,1.));
#3533 = ORIENTED_EDGE('',*,*,#3534,.T.);
#3534 = EDGE_CURVE('',#3527,#3503,#3535,.T.);
#3535 = LINE('',#3536,#3537);
#3536 = CARTESIAN_POINT('',(5.75,-0.25,4.8));
#3537 = VECTOR('',#3538,1.);
#3538 = DIRECTION('',(1.224646799147E-16,1.,0.));
#3539 = ORIENTED_EDGE('',*,*,#3510,.T.);
#3540 = PLANE('',#3541);
#3541 = AXIS2_PLACEMENT_3D('',#3542,#3543,#3544);
#3542 = CARTESIAN_POINT('',(5.75,4.326643272645E-02,0.775746953017));
#3543 = DIRECTION('',(-1.,1.224646799147E-16,0.));
#3544 = DIRECTION('',(0.,0.,1.));
#3545 = ADVANCED_FACE('',(#3546),#3557,.F.);
#3546 = FACE_BOUND('',#3547,.F.);
#3547 = EDGE_LOOP('',(#3548,#3549,#3550,#3551));
#3548 = ORIENTED_EDGE('',*,*,#3471,.F.);
#3549 = ORIENTED_EDGE('',*,*,#2465,.T.);
#3550 = ORIENTED_EDGE('',*,*,#3526,.T.);
#3551 = ORIENTED_EDGE('',*,*,#3552,.F.);
#3552 = EDGE_CURVE('',#3472,#3527,#3553,.T.);
#3553 = LINE('',#3554,#3555);
#3554 = CARTESIAN_POINT('',(6.25,-0.25,4.8));
#3555 = VECTOR('',#3556,1.);
#3556 = DIRECTION('',(-1.,1.224646799147E-16,0.));
#3557 = PLANE('',#3558);
#3558 = AXIS2_PLACEMENT_3D('',#3559,#3560,#3561);
#3559 = CARTESIAN_POINT('',(6.25,-0.25,-0.9));
#3560 = DIRECTION('',(1.224646799147E-16,1.,0.));
#3561 = DIRECTION('',(0.,-0.,1.));
#3562 = ADVANCED_FACE('',(#3563),#3588,.F.);
#3563 = FACE_BOUND('',#3564,.F.);
#3564 = EDGE_LOOP('',(#3565,#3566,#3574,#3582));
#3565 = ORIENTED_EDGE('',*,*,#2489,.T.);
#3566 = ORIENTED_EDGE('',*,*,#3567,.T.);
#3567 = EDGE_CURVE('',#2492,#3568,#3570,.T.);
#3568 = VERTEX_POINT('',#3569);
#3569 = CARTESIAN_POINT('',(4.25,-0.25,4.8));
#3570 = LINE('',#3571,#3572);
#3571 = CARTESIAN_POINT('',(4.25,-0.25,-3.4));
#3572 = VECTOR('',#3573,1.);
#3573 = DIRECTION('',(0.,0.,1.));
#3574 = ORIENTED_EDGE('',*,*,#3575,.T.);
#3575 = EDGE_CURVE('',#3568,#3576,#3578,.T.);
#3576 = VERTEX_POINT('',#3577);
#3577 = CARTESIAN_POINT('',(4.25,0.25,4.8));
#3578 = LINE('',#3579,#3580);
#3579 = CARTESIAN_POINT('',(4.25,-0.25,4.8));
#3580 = VECTOR('',#3581,1.);
#3581 = DIRECTION('',(1.224646799147E-16,1.,0.));
#3582 = ORIENTED_EDGE('',*,*,#3583,.T.);
#3583 = EDGE_CURVE('',#3576,#2490,#3584,.T.);
#3584 = LINE('',#3585,#3586);
#3585 = CARTESIAN_POINT('',(4.25,0.25,5.));
#3586 = VECTOR('',#3587,1.);
#3587 = DIRECTION('',(-0.,0.,-1.));
#3588 = PLANE('',#3589);
#3589 = AXIS2_PLACEMENT_3D('',#3590,#3591,#3592);
#3590 = CARTESIAN_POINT('',(4.25,-1.530808498934E-16,0.8));
#3591 = DIRECTION('',(-1.,1.224646799147E-16,0.));
#3592 = DIRECTION('',(0.,0.,1.));
#3593 = ADVANCED_FACE('',(#3594),#3612,.F.);
#3594 = FACE_BOUND('',#3595,.F.);
#3595 = EDGE_LOOP('',(#3596,#3597,#3605,#3611));
#3596 = ORIENTED_EDGE('',*,*,#3583,.F.);
#3597 = ORIENTED_EDGE('',*,*,#3598,.T.);
#3598 = EDGE_CURVE('',#3576,#3599,#3601,.T.);
#3599 = VERTEX_POINT('',#3600);
#3600 = CARTESIAN_POINT('',(3.75,0.25,4.8));
#3601 = LINE('',#3602,#3603);
#3602 = CARTESIAN_POINT('',(4.25,0.25,4.8));
#3603 = VECTOR('',#3604,1.);
#3604 = DIRECTION('',(-1.,1.224646799147E-16,0.));
#3605 = ORIENTED_EDGE('',*,*,#3606,.T.);
#3606 = EDGE_CURVE('',#3599,#2508,#3607,.T.);
#3607 = LINE('',#3608,#3609);
#3608 = CARTESIAN_POINT('',(3.75,0.25,5.));
#3609 = VECTOR('',#3610,1.);
#3610 = DIRECTION('',(-0.,0.,-1.));
#3611 = ORIENTED_EDGE('',*,*,#2515,.T.);
#3612 = PLANE('',#3613);
#3613 = AXIS2_PLACEMENT_3D('',#3614,#3615,#3616);
#3614 = CARTESIAN_POINT('',(4.25,0.25,5.));
#3615 = DIRECTION('',(-1.224646799147E-16,-1.,0.));
#3616 = DIRECTION('',(-0.,0.,-1.));
#3617 = ADVANCED_FACE('',(#3618),#3636,.T.);
#3618 = FACE_BOUND('',#3619,.T.);
#3619 = EDGE_LOOP('',(#3620,#3621,#3629,#3635));
#3620 = ORIENTED_EDGE('',*,*,#2507,.T.);
#3621 = ORIENTED_EDGE('',*,*,#3622,.T.);
#3622 = EDGE_CURVE('',#2500,#3623,#3625,.T.);
#3623 = VERTEX_POINT('',#3624);
#3624 = CARTESIAN_POINT('',(3.75,-0.25,4.8));
#3625 = LINE('',#3626,#3627);
#3626 = CARTESIAN_POINT('',(3.75,-0.25,-3.4));
#3627 = VECTOR('',#3628,1.);
#3628 = DIRECTION('',(0.,0.,1.));
#3629 = ORIENTED_EDGE('',*,*,#3630,.T.);
#3630 = EDGE_CURVE('',#3623,#3599,#3631,.T.);
#3631 = LINE('',#3632,#3633);
#3632 = CARTESIAN_POINT('',(3.75,-0.25,4.8));
#3633 = VECTOR('',#3634,1.);
#3634 = DIRECTION('',(1.224646799147E-16,1.,0.));
#3635 = ORIENTED_EDGE('',*,*,#3606,.T.);
#3636 = PLANE('',#3637);
#3637 = AXIS2_PLACEMENT_3D('',#3638,#3639,#3640);
#3638 = CARTESIAN_POINT('',(3.75,-9.184850993605E-17,0.8));
#3639 = DIRECTION('',(-1.,1.224646799147E-16,0.));
#3640 = DIRECTION('',(0.,0.,1.));
#3641 = ADVANCED_FACE('',(#3642),#3653,.F.);
#3642 = FACE_BOUND('',#3643,.F.);
#3643 = EDGE_LOOP('',(#3644,#3645,#3646,#3647));
#3644 = ORIENTED_EDGE('',*,*,#3567,.F.);
#3645 = ORIENTED_EDGE('',*,*,#2499,.T.);
#3646 = ORIENTED_EDGE('',*,*,#3622,.T.);
#3647 = ORIENTED_EDGE('',*,*,#3648,.F.);
#3648 = EDGE_CURVE('',#3568,#3623,#3649,.T.);
#3649 = LINE('',#3650,#3651);
#3650 = CARTESIAN_POINT('',(4.25,-0.25,4.8));
#3651 = VECTOR('',#3652,1.);
#3652 = DIRECTION('',(-1.,1.224646799147E-16,0.));
#3653 = PLANE('',#3654);
#3654 = AXIS2_PLACEMENT_3D('',#3655,#3656,#3657);
#3655 = CARTESIAN_POINT('',(4.25,-0.25,-3.4));
#3656 = DIRECTION('',(1.224646799147E-16,1.,0.));
#3657 = DIRECTION('',(0.,-0.,1.));
#3658 = ADVANCED_FACE('',(#3659),#3670,.F.);
#3659 = FACE_BOUND('',#3660,.F.);
#3660 = EDGE_LOOP('',(#3661,#3662,#3663,#3669));
#3661 = ORIENTED_EDGE('',*,*,#2741,.T.);
#3662 = ORIENTED_EDGE('',*,*,#2789,.T.);
#3663 = ORIENTED_EDGE('',*,*,#3664,.F.);
#3664 = EDGE_CURVE('',#2863,#2790,#3665,.T.);
#3665 = LINE('',#3666,#3667);
#3666 = CARTESIAN_POINT('',(0.25,0.55,-1.5));
#3667 = VECTOR('',#3668,1.);
#3668 = DIRECTION('',(-1.,1.224646799147E-16,0.));
#3669 = ORIENTED_EDGE('',*,*,#2862,.F.);
#3670 = PLANE('',#3671);
#3671 = AXIS2_PLACEMENT_3D('',#3672,#3673,#3674);
#3672 = CARTESIAN_POINT('',(0.25,0.25,-0.9));
#3673 = DIRECTION('',(-1.095357396528E-16,-0.894427191,-0.4472135955));
#3674 = DIRECTION('',(5.476786982641E-17,0.4472135955,-0.894427191));
#3675 = ADVANCED_FACE('',(#3676),#3717,.F.);
#3676 = FACE_BOUND('',#3677,.T.);
#3677 = EDGE_LOOP('',(#3678,#3688,#3694,#3695,#3703,#3711));
#3678 = ORIENTED_EDGE('',*,*,#3679,.T.);
#3679 = EDGE_CURVE('',#3680,#3682,#3684,.T.);
#3680 = VERTEX_POINT('',#3681);
#3681 = CARTESIAN_POINT('',(-5.E-02,-5.E-02,-3.4));
#3682 = VERTEX_POINT('',#3683);
#3683 = CARTESIAN_POINT('',(-0.247552593066,-0.218807485305,
    -3.202447406934));
#3684 = LINE('',#3685,#3686);
#3685 = CARTESIAN_POINT('',(-1.603689858649E-02,-2.097873708559E-02,
    -3.433963101414));
#3686 = VECTOR('',#3687,1.);
#3687 = DIRECTION('',(-0.605209817607,-0.517148096144,0.605209817607));
#3688 = ORIENTED_EDGE('',*,*,#3689,.T.);
#3689 = EDGE_CURVE('',#3682,#2758,#3690,.T.);
#3690 = LINE('',#3691,#3692);
#3691 = CARTESIAN_POINT('',(-4.480164158687E-02,-0.250820793434,
    -3.405198358413));
#3692 = VECTOR('',#3693,1.);
#3693 = DIRECTION('',(-0.702740385383,0.110959008218,0.702740385383));
#3694 = ORIENTED_EDGE('',*,*,#2755,.F.);
#3695 = ORIENTED_EDGE('',*,*,#3696,.F.);
#3696 = EDGE_CURVE('',#3697,#2756,#3699,.T.);
#3697 = VERTEX_POINT('',#3698);
#3698 = CARTESIAN_POINT('',(-0.247552593066,0.281192514695,
    -3.202447406934));
#3699 = LINE('',#3700,#3701);
#3700 = CARTESIAN_POINT('',(-0.506155950752,0.322024623803,
    -2.943844049248));
#3701 = VECTOR('',#3702,1.);
#3702 = DIRECTION('',(-0.702740385383,0.110959008218,0.702740385383));
#3703 = ORIENTED_EDGE('',*,*,#3704,.F.);
#3704 = EDGE_CURVE('',#3705,#3697,#3707,.T.);
#3705 = VERTEX_POINT('',#3706);
#3706 = CARTESIAN_POINT('',(-5.E-02,5.E-02,-3.4));
#3707 = LINE('',#3708,#3709);
#3708 = CARTESIAN_POINT('',(-0.104623304282,0.113924744707,
    -3.345376695718));
#3709 = VECTOR('',#3710,1.);
#3710 = DIRECTION('',(-0.544770019249,0.63753529491,0.544770019249));
#3711 = ORIENTED_EDGE('',*,*,#3712,.T.);
#3712 = EDGE_CURVE('',#3705,#3680,#3713,.T.);
#3713 = LINE('',#3714,#3715);
#3714 = CARTESIAN_POINT('',(-5.E-02,0.25,-3.4));
#3715 = VECTOR('',#3716,1.);
#3716 = DIRECTION('',(-1.224646799147E-16,-1.,0.));
#3717 = PLANE('',#3718);
#3718 = AXIS2_PLACEMENT_3D('',#3719,#3720,#3721);
#3719 = CARTESIAN_POINT('',(-0.15,0.25,-3.3));
#3720 = DIRECTION('',(0.707106781187,-8.833102285013E-17,0.707106781187)
  );
#3721 = DIRECTION('',(1.236918052038E-16,1.,1.227125289097E-18));
#3722 = ADVANCED_FACE('',(#3723),#3743,.F.);
#3723 = FACE_BOUND('',#3724,.F.);
#3724 = EDGE_LOOP('',(#3725,#3726,#3727,#3728,#3729,#3737));
#3725 = ORIENTED_EDGE('',*,*,#2870,.F.);
#3726 = ORIENTED_EDGE('',*,*,#3664,.T.);
#3727 = ORIENTED_EDGE('',*,*,#2797,.T.);
#3728 = ORIENTED_EDGE('',*,*,#3696,.F.);
#3729 = ORIENTED_EDGE('',*,*,#3730,.F.);
#3730 = EDGE_CURVE('',#3731,#3697,#3733,.T.);
#3731 = VERTEX_POINT('',#3732);
#3732 = CARTESIAN_POINT('',(0.247552593066,0.281192514695,
    -3.202447406934));
#3733 = LINE('',#3734,#3735);
#3734 = CARTESIAN_POINT('',(0.25,0.281192514695,-3.202447406934));
#3735 = VECTOR('',#3736,1.);
#3736 = DIRECTION('',(-1.,1.224646799147E-16,0.));
#3737 = ORIENTED_EDGE('',*,*,#3738,.T.);
#3738 = EDGE_CURVE('',#3731,#2836,#3739,.T.);
#3739 = LINE('',#3740,#3741);
#3740 = CARTESIAN_POINT('',(0.629616963064,0.341518467852,
    -2.820383036936));
#3741 = VECTOR('',#3742,1.);
#3742 = DIRECTION('',(0.702740385383,0.110959008218,0.702740385383));
#3743 = PLANE('',#3744);
#3744 = AXIS2_PLACEMENT_3D('',#3745,#3746,#3747);
#3745 = CARTESIAN_POINT('',(0.25,0.55,-1.5));
#3746 = DIRECTION('',(-1.209660753807E-16,-0.987762965329,0.155962573473
    ));
#3747 = DIRECTION('',(-1.909990663905E-17,-0.155962573473,
    -0.987762965329));
#3748 = ADVANCED_FACE('',(#3749),#3760,.F.);
#3749 = FACE_BOUND('',#3750,.F.);
#3750 = EDGE_LOOP('',(#3751,#3757,#3758,#3759));
#3751 = ORIENTED_EDGE('',*,*,#3752,.T.);
#3752 = EDGE_CURVE('',#2846,#2766,#3753,.T.);
#3753 = LINE('',#3754,#3755);
#3754 = CARTESIAN_POINT('',(0.25,5.E-02,-1.5));
#3755 = VECTOR('',#3756,1.);
#3756 = DIRECTION('',(-1.,1.224646799147E-16,0.));
#3757 = ORIENTED_EDGE('',*,*,#2773,.T.);
#3758 = ORIENTED_EDGE('',*,*,#2819,.F.);
#3759 = ORIENTED_EDGE('',*,*,#2853,.F.);
#3760 = PLANE('',#3761);
#3761 = AXIS2_PLACEMENT_3D('',#3762,#3763,#3764);
#3762 = CARTESIAN_POINT('',(0.25,5.E-02,-1.5));
#3763 = DIRECTION('',(1.095357396528E-16,0.894427191,0.4472135955));
#3764 = DIRECTION('',(-5.476786982641E-17,-0.4472135955,0.894427191));
#3765 = ADVANCED_FACE('',(#3766),#3786,.F.);
#3766 = FACE_BOUND('',#3767,.F.);
#3767 = EDGE_LOOP('',(#3768,#3769,#3777,#3783,#3784,#3785));
#3768 = ORIENTED_EDGE('',*,*,#2845,.F.);
#3769 = ORIENTED_EDGE('',*,*,#3770,.F.);
#3770 = EDGE_CURVE('',#3771,#2838,#3773,.T.);
#3771 = VERTEX_POINT('',#3772);
#3772 = CARTESIAN_POINT('',(0.247552593066,-0.218807485305,
    -3.202447406934));
#3773 = LINE('',#3774,#3775);
#3774 = CARTESIAN_POINT('',(0.168262653899,-0.231326949384,
    -3.281737346101));
#3775 = VECTOR('',#3776,1.);
#3776 = DIRECTION('',(0.702740385383,0.110959008218,0.702740385383));
#3777 = ORIENTED_EDGE('',*,*,#3778,.T.);
#3778 = EDGE_CURVE('',#3771,#3682,#3779,.T.);
#3779 = LINE('',#3780,#3781);
#3780 = CARTESIAN_POINT('',(0.25,-0.218807485305,-3.202447406934));
#3781 = VECTOR('',#3782,1.);
#3782 = DIRECTION('',(-1.,1.224646799147E-16,0.));
#3783 = ORIENTED_EDGE('',*,*,#3689,.T.);
#3784 = ORIENTED_EDGE('',*,*,#2765,.T.);
#3785 = ORIENTED_EDGE('',*,*,#3752,.F.);
#3786 = PLANE('',#3787);
#3787 = AXIS2_PLACEMENT_3D('',#3788,#3789,#3790);
#3788 = CARTESIAN_POINT('',(0.25,-0.25,-3.4));
#3789 = DIRECTION('',(1.209660753807E-16,0.987762965329,-0.155962573473)
  );
#3790 = DIRECTION('',(1.909990663905E-17,0.155962573473,0.987762965329)
  );
#3791 = ADVANCED_FACE('',(#3792),#3819,.T.);
#3792 = FACE_BOUND('',#3793,.F.);
#3793 = EDGE_LOOP('',(#3794,#3802,#3803,#3804,#3805,#3813));
#3794 = ORIENTED_EDGE('',*,*,#3795,.T.);
#3795 = EDGE_CURVE('',#3796,#3771,#3798,.T.);
#3796 = VERTEX_POINT('',#3797);
#3797 = CARTESIAN_POINT('',(5.E-02,-5.E-02,-3.4));
#3798 = LINE('',#3799,#3800);
#3799 = CARTESIAN_POINT('',(0.107606629418,-9.92245133213E-02,
    -3.342393370582));
#3800 = VECTOR('',#3801,1.);
#3801 = DIRECTION('',(0.605209817607,-0.517148096144,0.605209817607));
#3802 = ORIENTED_EDGE('',*,*,#3770,.T.);
#3803 = ORIENTED_EDGE('',*,*,#2835,.F.);
#3804 = ORIENTED_EDGE('',*,*,#3738,.F.);
#3805 = ORIENTED_EDGE('',*,*,#3806,.F.);
#3806 = EDGE_CURVE('',#3807,#3731,#3809,.T.);
#3807 = VERTEX_POINT('',#3808);
#3808 = CARTESIAN_POINT('',(5.E-02,5.E-02,-3.4));
#3809 = LINE('',#3810,#3811);
#3810 = CARTESIAN_POINT('',(0.17881689775,0.200752273427,-3.27118310225)
  );
#3811 = VECTOR('',#3812,1.);
#3812 = DIRECTION('',(0.544770019249,0.63753529491,0.544770019249));
#3813 = ORIENTED_EDGE('',*,*,#3814,.T.);
#3814 = EDGE_CURVE('',#3807,#3796,#3815,.T.);
#3815 = LINE('',#3816,#3817);
#3816 = CARTESIAN_POINT('',(5.E-02,0.25,-3.4));
#3817 = VECTOR('',#3818,1.);
#3818 = DIRECTION('',(-1.224646799147E-16,-1.,0.));
#3819 = PLANE('',#3820);
#3820 = AXIS2_PLACEMENT_3D('',#3821,#3822,#3823);
#3821 = CARTESIAN_POINT('',(0.15,0.25,-3.3));
#3822 = DIRECTION('',(0.707106781187,-8.486018839685E-17,-0.707106781187
    ));
#3823 = DIRECTION('',(1.212375546256E-16,1.,1.227125289196E-18));
#3824 = ADVANCED_FACE('',(#3825),#3850,.F.);
#3825 = FACE_BOUND('',#3826,.T.);
#3826 = EDGE_LOOP('',(#3827,#3835,#3843,#3849));
#3827 = ORIENTED_EDGE('',*,*,#3828,.F.);
#3828 = EDGE_CURVE('',#3829,#2885,#3831,.T.);
#3829 = VERTEX_POINT('',#3830);
#3830 = CARTESIAN_POINT('',(1.95,5.E-02,-3.4));
#3831 = LINE('',#3832,#3833);
#3832 = CARTESIAN_POINT('',(1.9,0.1,-3.35));
#3833 = VECTOR('',#3834,1.);
#3834 = DIRECTION('',(-0.57735026919,0.57735026919,0.57735026919));
#3835 = ORIENTED_EDGE('',*,*,#3836,.T.);
#3836 = EDGE_CURVE('',#3829,#3837,#3839,.T.);
#3837 = VERTEX_POINT('',#3838);
#3838 = CARTESIAN_POINT('',(1.95,-5.E-02,-3.4));
#3839 = LINE('',#3840,#3841);
#3840 = CARTESIAN_POINT('',(1.95,0.25,-3.4));
#3841 = VECTOR('',#3842,1.);
#3842 = DIRECTION('',(-1.224646799147E-16,-1.,0.));
#3843 = ORIENTED_EDGE('',*,*,#3844,.T.);
#3844 = EDGE_CURVE('',#3837,#2887,#3845,.T.);
#3845 = LINE('',#3846,#3847);
#3846 = CARTESIAN_POINT('',(1.983333333333,-1.666666666667E-02,
    -3.433333333333));
#3847 = VECTOR('',#3848,1.);
#3848 = DIRECTION('',(-0.57735026919,-0.57735026919,0.57735026919));
#3849 = ORIENTED_EDGE('',*,*,#2884,.F.);
#3850 = PLANE('',#3851);
#3851 = AXIS2_PLACEMENT_3D('',#3852,#3853,#3854);
#3852 = CARTESIAN_POINT('',(1.85,0.25,-3.3));
#3853 = DIRECTION('',(0.707106781187,-8.833102285013E-17,0.707106781187)
  );
#3854 = DIRECTION('',(1.236918052038E-16,1.,1.227125289097E-18));
#3855 = ADVANCED_FACE('',(#3856),#3874,.T.);
#3856 = FACE_BOUND('',#3857,.F.);
#3857 = EDGE_LOOP('',(#3858,#3866,#3872,#3873));
#3858 = ORIENTED_EDGE('',*,*,#3859,.F.);
#3859 = EDGE_CURVE('',#3860,#2916,#3862,.T.);
#3860 = VERTEX_POINT('',#3861);
#3861 = CARTESIAN_POINT('',(2.05,-5.E-02,-3.4));
#3862 = LINE('',#3863,#3864);
#3863 = CARTESIAN_POINT('',(2.1,-0.1,-3.35));
#3864 = VECTOR('',#3865,1.);
#3865 = DIRECTION('',(0.57735026919,-0.57735026919,0.57735026919));
#3866 = ORIENTED_EDGE('',*,*,#3867,.T.);
#3867 = EDGE_CURVE('',#3860,#3837,#3868,.T.);
#3868 = LINE('',#3869,#3870);
#3869 = CARTESIAN_POINT('',(2.25,-5.E-02,-3.4));
#3870 = VECTOR('',#3871,1.);
#3871 = DIRECTION('',(-1.,1.224646799147E-16,0.));
#3872 = ORIENTED_EDGE('',*,*,#3844,.T.);
#3873 = ORIENTED_EDGE('',*,*,#2923,.F.);
#3874 = PLANE('',#3875);
#3875 = AXIS2_PLACEMENT_3D('',#3876,#3877,#3878);
#3876 = CARTESIAN_POINT('',(2.25,-0.15,-3.3));
#3877 = DIRECTION('',(-8.486018839685E-17,-0.707106781187,
    -0.707106781187));
#3878 = DIRECTION('',(1.,-1.212375546256E-16,1.227125289196E-18));
#3879 = ADVANCED_FACE('',(#3880),#3898,.T.);
#3880 = FACE_BOUND('',#3881,.F.);
#3881 = EDGE_LOOP('',(#3882,#3890,#3896,#3897));
#3882 = ORIENTED_EDGE('',*,*,#3883,.F.);
#3883 = EDGE_CURVE('',#3884,#2940,#3886,.T.);
#3884 = VERTEX_POINT('',#3885);
#3885 = CARTESIAN_POINT('',(2.05,5.E-02,-3.4));
#3886 = LINE('',#3887,#3888);
#3887 = CARTESIAN_POINT('',(2.183333333333,0.183333333333,
    -3.266666666667));
#3888 = VECTOR('',#3889,1.);
#3889 = DIRECTION('',(0.57735026919,0.57735026919,0.57735026919));
#3890 = ORIENTED_EDGE('',*,*,#3891,.T.);
#3891 = EDGE_CURVE('',#3884,#3860,#3892,.T.);
#3892 = LINE('',#3893,#3894);
#3893 = CARTESIAN_POINT('',(2.05,0.25,-3.4));
#3894 = VECTOR('',#3895,1.);
#3895 = DIRECTION('',(-1.224646799147E-16,-1.,0.));
#3896 = ORIENTED_EDGE('',*,*,#3859,.T.);
#3897 = ORIENTED_EDGE('',*,*,#2939,.F.);
#3898 = PLANE('',#3899);
#3899 = AXIS2_PLACEMENT_3D('',#3900,#3901,#3902);
#3900 = CARTESIAN_POINT('',(2.15,0.25,-3.3));
#3901 = DIRECTION('',(0.707106781187,-8.486018839685E-17,-0.707106781187
    ));
#3902 = DIRECTION('',(1.212375546256E-16,1.,1.227125289196E-18));
#3903 = ADVANCED_FACE('',(#3904),#3915,.T.);
#3904 = FACE_BOUND('',#3905,.T.);
#3905 = EDGE_LOOP('',(#3906,#3907,#3913,#3914));
#3906 = ORIENTED_EDGE('',*,*,#3883,.F.);
#3907 = ORIENTED_EDGE('',*,*,#3908,.T.);
#3908 = EDGE_CURVE('',#3884,#3829,#3909,.T.);
#3909 = LINE('',#3910,#3911);
#3910 = CARTESIAN_POINT('',(2.25,5.E-02,-3.4));
#3911 = VECTOR('',#3912,1.);
#3912 = DIRECTION('',(-1.,1.224646799147E-16,0.));
#3913 = ORIENTED_EDGE('',*,*,#3828,.T.);
#3914 = ORIENTED_EDGE('',*,*,#2966,.F.);
#3915 = PLANE('',#3916);
#3916 = AXIS2_PLACEMENT_3D('',#3917,#3918,#3919);
#3917 = CARTESIAN_POINT('',(2.25,0.15,-3.3));
#3918 = DIRECTION('',(8.486018839685E-17,0.707106781187,-0.707106781187)
  );
#3919 = DIRECTION('',(-1.,1.212375546256E-16,1.227125289196E-18));
#3920 = ADVANCED_FACE('',(#3921),#3946,.T.);
#3921 = FACE_BOUND('',#3922,.F.);
#3922 = EDGE_LOOP('',(#3923,#3931,#3939,#3945));
#3923 = ORIENTED_EDGE('',*,*,#3924,.F.);
#3924 = EDGE_CURVE('',#3925,#2981,#3927,.T.);
#3925 = VERTEX_POINT('',#3926);
#3926 = CARTESIAN_POINT('',(4.05,5.E-02,-3.4));
#3927 = LINE('',#3928,#3929);
#3928 = CARTESIAN_POINT('',(4.183333333333,0.183333333333,
    -3.266666666667));
#3929 = VECTOR('',#3930,1.);
#3930 = DIRECTION('',(0.57735026919,0.57735026919,0.57735026919));
#3931 = ORIENTED_EDGE('',*,*,#3932,.T.);
#3932 = EDGE_CURVE('',#3925,#3933,#3935,.T.);
#3933 = VERTEX_POINT('',#3934);
#3934 = CARTESIAN_POINT('',(4.05,-5.E-02,-3.4));
#3935 = LINE('',#3936,#3937);
#3936 = CARTESIAN_POINT('',(4.05,0.25,-3.4));
#3937 = VECTOR('',#3938,1.);
#3938 = DIRECTION('',(-1.224646799147E-16,-1.,0.));
#3939 = ORIENTED_EDGE('',*,*,#3940,.T.);
#3940 = EDGE_CURVE('',#3933,#2983,#3941,.T.);
#3941 = LINE('',#3942,#3943);
#3942 = CARTESIAN_POINT('',(4.1,-0.1,-3.35));
#3943 = VECTOR('',#3944,1.);
#3944 = DIRECTION('',(0.57735026919,-0.57735026919,0.57735026919));
#3945 = ORIENTED_EDGE('',*,*,#2980,.F.);
#3946 = PLANE('',#3947);
#3947 = AXIS2_PLACEMENT_3D('',#3948,#3949,#3950);
#3948 = CARTESIAN_POINT('',(4.15,0.25,-3.3));
#3949 = DIRECTION('',(0.707106781187,-8.486018839685E-17,-0.707106781187
    ));
#3950 = DIRECTION('',(1.212375546256E-16,1.,1.227125289196E-18));
#3951 = ADVANCED_FACE('',(#3952),#3970,.T.);
#3952 = FACE_BOUND('',#3953,.T.);
#3953 = EDGE_LOOP('',(#3954,#3955,#3963,#3969));
#3954 = ORIENTED_EDGE('',*,*,#3924,.F.);
#3955 = ORIENTED_EDGE('',*,*,#3956,.T.);
#3956 = EDGE_CURVE('',#3925,#3957,#3959,.T.);
#3957 = VERTEX_POINT('',#3958);
#3958 = CARTESIAN_POINT('',(3.95,5.E-02,-3.4));
#3959 = LINE('',#3960,#3961);
#3960 = CARTESIAN_POINT('',(4.25,5.E-02,-3.4));
#3961 = VECTOR('',#3962,1.);
#3962 = DIRECTION('',(-1.,1.224646799147E-16,0.));
#3963 = ORIENTED_EDGE('',*,*,#3964,.T.);
#3964 = EDGE_CURVE('',#3957,#3014,#3965,.T.);
#3965 = LINE('',#3966,#3967);
#3966 = CARTESIAN_POINT('',(3.9,0.1,-3.35));
#3967 = VECTOR('',#3968,1.);
#3968 = DIRECTION('',(-0.57735026919,0.57735026919,0.57735026919));
#3969 = ORIENTED_EDGE('',*,*,#3021,.F.);
#3970 = PLANE('',#3971);
#3971 = AXIS2_PLACEMENT_3D('',#3972,#3973,#3974);
#3972 = CARTESIAN_POINT('',(4.25,0.15,-3.3));
#3973 = DIRECTION('',(8.486018839685E-17,0.707106781187,-0.707106781187)
  );
#3974 = DIRECTION('',(-1.,1.212375546256E-16,1.227125289196E-18));
#3975 = ADVANCED_FACE('',(#3976),#3994,.F.);
#3976 = FACE_BOUND('',#3977,.T.);
#3977 = EDGE_LOOP('',(#3978,#3979,#3987,#3993));
#3978 = ORIENTED_EDGE('',*,*,#3964,.F.);
#3979 = ORIENTED_EDGE('',*,*,#3980,.T.);
#3980 = EDGE_CURVE('',#3957,#3981,#3983,.T.);
#3981 = VERTEX_POINT('',#3982);
#3982 = CARTESIAN_POINT('',(3.95,-5.E-02,-3.4));
#3983 = LINE('',#3984,#3985);
#3984 = CARTESIAN_POINT('',(3.95,0.25,-3.4));
#3985 = VECTOR('',#3986,1.);
#3986 = DIRECTION('',(-1.224646799147E-16,-1.,0.));
#3987 = ORIENTED_EDGE('',*,*,#3988,.T.);
#3988 = EDGE_CURVE('',#3981,#3036,#3989,.T.);
#3989 = LINE('',#3990,#3991);
#3990 = CARTESIAN_POINT('',(3.983333333333,-1.666666666667E-02,
    -3.433333333333));
#3991 = VECTOR('',#3992,1.);
#3992 = DIRECTION('',(-0.57735026919,-0.57735026919,0.57735026919));
#3993 = ORIENTED_EDGE('',*,*,#3035,.F.);
#3994 = PLANE('',#3995);
#3995 = AXIS2_PLACEMENT_3D('',#3996,#3997,#3998);
#3996 = CARTESIAN_POINT('',(3.85,0.25,-3.3));
#3997 = DIRECTION('',(0.707106781187,-8.833102285013E-17,0.707106781187)
  );
#3998 = DIRECTION('',(1.236918052038E-16,1.,1.227125289097E-18));
#3999 = ADVANCED_FACE('',(#4000),#4011,.T.);
#4000 = FACE_BOUND('',#4001,.F.);
#4001 = EDGE_LOOP('',(#4002,#4003,#4009,#4010));
#4002 = ORIENTED_EDGE('',*,*,#3940,.F.);
#4003 = ORIENTED_EDGE('',*,*,#4004,.T.);
#4004 = EDGE_CURVE('',#3933,#3981,#4005,.T.);
#4005 = LINE('',#4006,#4007);
#4006 = CARTESIAN_POINT('',(4.25,-5.E-02,-3.4));
#4007 = VECTOR('',#4008,1.);
#4008 = DIRECTION('',(-1.,1.224646799147E-16,0.));
#4009 = ORIENTED_EDGE('',*,*,#3988,.T.);
#4010 = ORIENTED_EDGE('',*,*,#3060,.F.);
#4011 = PLANE('',#4012);
#4012 = AXIS2_PLACEMENT_3D('',#4013,#4014,#4015);
#4013 = CARTESIAN_POINT('',(4.25,-0.15,-3.3));
#4014 = DIRECTION('',(-8.486018839685E-17,-0.707106781187,
    -0.707106781187));
#4015 = DIRECTION('',(1.,-1.212375546256E-16,1.227125289196E-18));
#4016 = ADVANCED_FACE('',(#4017),#4028,.T.);
#4017 = FACE_BOUND('',#4018,.F.);
#4018 = EDGE_LOOP('',(#4019,#4020,#4026,#4027));
#4019 = ORIENTED_EDGE('',*,*,#3076,.F.);
#4020 = ORIENTED_EDGE('',*,*,#4021,.T.);
#4021 = EDGE_CURVE('',#3077,#3210,#4022,.T.);
#4022 = LINE('',#4023,#4024);
#4023 = CARTESIAN_POINT('',(6.25,-5.E-02,-3.4));
#4024 = VECTOR('',#4025,1.);
#4025 = DIRECTION('',(-1.,1.224646799147E-16,0.));
#4026 = ORIENTED_EDGE('',*,*,#3209,.T.);
#4027 = ORIENTED_EDGE('',*,*,#3185,.F.);
#4028 = PLANE('',#4029);
#4029 = AXIS2_PLACEMENT_3D('',#4030,#4031,#4032);
#4030 = CARTESIAN_POINT('',(6.25,-0.134403742653,-3.301223703467));
#4031 = DIRECTION('',(-9.136856246232E-17,-0.760250805153,-0.64962967394
    ));
#4032 = DIRECTION('',(1.,-1.211454098155E-16,1.127308249542E-18));
#4033 = ADVANCED_FACE('',(#4034),#4045,.F.);
#4034 = FACE_BOUND('',#4035,.F.);
#4035 = EDGE_LOOP('',(#4036,#4037,#4038,#4044));
#4036 = ORIENTED_EDGE('',*,*,#4021,.F.);
#4037 = ORIENTED_EDGE('',*,*,#3109,.F.);
#4038 = ORIENTED_EDGE('',*,*,#4039,.T.);
#4039 = EDGE_CURVE('',#3102,#3221,#4040,.T.);
#4040 = LINE('',#4041,#4042);
#4041 = CARTESIAN_POINT('',(6.25,5.E-02,-3.4));
#4042 = VECTOR('',#4043,1.);
#4043 = DIRECTION('',(-1.,1.224646799147E-16,0.));
#4044 = ORIENTED_EDGE('',*,*,#3228,.T.);
#4045 = PLANE('',#4046);
#4046 = AXIS2_PLACEMENT_3D('',#4047,#4048,#4049);
#4047 = CARTESIAN_POINT('',(6.25,0.25,-3.4));
#4048 = DIRECTION('',(0.,0.,1.));
#4049 = DIRECTION('',(-1.224646799147E-16,-1.,0.));
#4050 = ADVANCED_FACE('',(#4051),#4057,.T.);
#4051 = FACE_BOUND('',#4052,.T.);
#4052 = EDGE_LOOP('',(#4053,#4054,#4055,#4056));
#4053 = ORIENTED_EDGE('',*,*,#3101,.F.);
#4054 = ORIENTED_EDGE('',*,*,#4039,.T.);
#4055 = ORIENTED_EDGE('',*,*,#3220,.T.);
#4056 = ORIENTED_EDGE('',*,*,#3139,.F.);
#4057 = PLANE('',#4058);
#4058 = AXIS2_PLACEMENT_3D('',#4059,#4060,#4061);
#4059 = CARTESIAN_POINT('',(6.25,0.165596257347,-3.301223703467));
#4060 = DIRECTION('',(8.302774088379E-17,0.64962967394,-0.760250805153)
  );
#4061 = DIRECTION('',(-1.,1.247195775152E-16,-2.638869166629E-18));
#4062 = ADVANCED_FACE('',(#4063),#4088,.T.);
#4063 = FACE_BOUND('',#4064,.F.);
#4064 = EDGE_LOOP('',(#4065,#4073,#4081,#4087));
#4065 = ORIENTED_EDGE('',*,*,#4066,.F.);
#4066 = EDGE_CURVE('',#4067,#3279,#4069,.T.);
#4067 = VERTEX_POINT('',#4068);
#4068 = CARTESIAN_POINT('',(5.E-02,5.E-02,5.));
#4069 = LINE('',#4070,#4071);
#4070 = CARTESIAN_POINT('',(0.1,0.1,4.95));
#4071 = VECTOR('',#4072,1.);
#4072 = DIRECTION('',(0.57735026919,0.57735026919,-0.57735026919));
#4073 = ORIENTED_EDGE('',*,*,#4074,.T.);
#4074 = EDGE_CURVE('',#4067,#4075,#4077,.T.);
#4075 = VERTEX_POINT('',#4076);
#4076 = CARTESIAN_POINT('',(-5.E-02,5.E-02,5.));
#4077 = LINE('',#4078,#4079);
#4078 = CARTESIAN_POINT('',(0.25,5.E-02,5.));
#4079 = VECTOR('',#4080,1.);
#4080 = DIRECTION('',(-1.,1.224646799147E-16,0.));
#4081 = ORIENTED_EDGE('',*,*,#4082,.T.);
#4082 = EDGE_CURVE('',#4075,#3287,#4083,.T.);
#4083 = LINE('',#4084,#4085);
#4084 = CARTESIAN_POINT('',(-1.666666666667E-02,1.666666666667E-02,
    5.033333333333));
#4085 = VECTOR('',#4086,1.);
#4086 = DIRECTION('',(-0.57735026919,0.57735026919,-0.57735026919));
#4087 = ORIENTED_EDGE('',*,*,#3286,.F.);
#4088 = PLANE('',#4089);
#4089 = AXIS2_PLACEMENT_3D('',#4090,#4091,#4092);
#4090 = CARTESIAN_POINT('',(0.25,0.15,4.9));
#4091 = DIRECTION('',(8.833102285013E-17,0.707106781187,0.707106781187)
  );
#4092 = DIRECTION('',(1.,-1.236918052038E-16,-1.227125289097E-18));
#4093 = ADVANCED_FACE('',(#4094),#4112,.F.);
#4094 = FACE_BOUND('',#4095,.T.);
#4095 = EDGE_LOOP('',(#4096,#4104,#4110,#4111));
#4096 = ORIENTED_EDGE('',*,*,#4097,.T.);
#4097 = EDGE_CURVE('',#3311,#4098,#4100,.T.);
#4098 = VERTEX_POINT('',#4099);
#4099 = CARTESIAN_POINT('',(-5.E-02,-5.E-02,5.));
#4100 = LINE('',#4101,#4102);
#4101 = CARTESIAN_POINT('',(-0.1,-0.1,4.95));
#4102 = VECTOR('',#4103,1.);
#4103 = DIRECTION('',(0.57735026919,0.57735026919,0.57735026919));
#4104 = ORIENTED_EDGE('',*,*,#4105,.T.);
#4105 = EDGE_CURVE('',#4098,#4075,#4106,.T.);
#4106 = LINE('',#4107,#4108);
#4107 = CARTESIAN_POINT('',(-5.E-02,-0.25,5.));
#4108 = VECTOR('',#4109,1.);
#4109 = DIRECTION('',(1.224646799147E-16,1.,0.));
#4110 = ORIENTED_EDGE('',*,*,#4082,.T.);
#4111 = ORIENTED_EDGE('',*,*,#3318,.F.);
#4112 = PLANE('',#4113);
#4113 = AXIS2_PLACEMENT_3D('',#4114,#4115,#4116);
#4114 = CARTESIAN_POINT('',(-0.15,-0.25,4.9));
#4115 = DIRECTION('',(0.707106781187,-8.486018839685E-17,-0.707106781187
    ));
#4116 = DIRECTION('',(-1.212375546256E-16,-1.,-1.227125289196E-18));
#4117 = ADVANCED_FACE('',(#4118),#4136,.T.);
#4118 = FACE_BOUND('',#4119,.F.);
#4119 = EDGE_LOOP('',(#4120,#4128,#4129,#4130));
#4120 = ORIENTED_EDGE('',*,*,#4121,.F.);
#4121 = EDGE_CURVE('',#3334,#4122,#4124,.T.);
#4122 = VERTEX_POINT('',#4123);
#4123 = CARTESIAN_POINT('',(5.E-02,-5.E-02,5.));
#4124 = LINE('',#4125,#4126);
#4125 = CARTESIAN_POINT('',(0.183333333333,-0.183333333333,
    4.866666666667));
#4126 = VECTOR('',#4127,1.);
#4127 = DIRECTION('',(-0.57735026919,0.57735026919,0.57735026919));
#4128 = ORIENTED_EDGE('',*,*,#3343,.T.);
#4129 = ORIENTED_EDGE('',*,*,#4097,.T.);
#4130 = ORIENTED_EDGE('',*,*,#4131,.F.);
#4131 = EDGE_CURVE('',#4122,#4098,#4132,.T.);
#4132 = LINE('',#4133,#4134);
#4133 = CARTESIAN_POINT('',(0.25,-5.E-02,5.));
#4134 = VECTOR('',#4135,1.);
#4135 = DIRECTION('',(-1.,1.224646799147E-16,0.));
#4136 = PLANE('',#4137);
#4137 = AXIS2_PLACEMENT_3D('',#4138,#4139,#4140);
#4138 = CARTESIAN_POINT('',(0.25,-0.15,4.9));
#4139 = DIRECTION('',(-8.833102285013E-17,-0.707106781187,0.707106781187
    ));
#4140 = DIRECTION('',(1.,-1.236918052038E-16,1.227125289097E-18));
#4141 = ADVANCED_FACE('',(#4142),#4153,.T.);
#4142 = FACE_BOUND('',#4143,.F.);
#4143 = EDGE_LOOP('',(#4144,#4145,#4151,#4152));
#4144 = ORIENTED_EDGE('',*,*,#4121,.T.);
#4145 = ORIENTED_EDGE('',*,*,#4146,.T.);
#4146 = EDGE_CURVE('',#4122,#4067,#4147,.T.);
#4147 = LINE('',#4148,#4149);
#4148 = CARTESIAN_POINT('',(5.E-02,-0.25,5.));
#4149 = VECTOR('',#4150,1.);
#4150 = DIRECTION('',(1.224646799147E-16,1.,0.));
#4151 = ORIENTED_EDGE('',*,*,#4066,.T.);
#4152 = ORIENTED_EDGE('',*,*,#3359,.F.);
#4153 = PLANE('',#4154);
#4154 = AXIS2_PLACEMENT_3D('',#4155,#4156,#4157);
#4155 = CARTESIAN_POINT('',(0.15,-0.25,4.9));
#4156 = DIRECTION('',(0.707106781187,-8.833102285013E-17,0.707106781187)
  );
#4157 = DIRECTION('',(-1.236918052038E-16,-1.,-1.227125289097E-18));
#4158 = ADVANCED_FACE('',(#4159),#4184,.F.);
#4159 = FACE_BOUND('',#4160,.T.);
#4160 = EDGE_LOOP('',(#4161,#4169,#4177,#4183));
#4161 = ORIENTED_EDGE('',*,*,#4162,.T.);
#4162 = EDGE_CURVE('',#3376,#4163,#4165,.T.);
#4163 = VERTEX_POINT('',#4164);
#4164 = CARTESIAN_POINT('',(1.95,-5.E-02,5.));
#4165 = LINE('',#4166,#4167);
#4166 = CARTESIAN_POINT('',(1.9,-0.1,4.95));
#4167 = VECTOR('',#4168,1.);
#4168 = DIRECTION('',(0.57735026919,0.57735026919,0.57735026919));
#4169 = ORIENTED_EDGE('',*,*,#4170,.T.);
#4170 = EDGE_CURVE('',#4163,#4171,#4173,.T.);
#4171 = VERTEX_POINT('',#4172);
#4172 = CARTESIAN_POINT('',(1.95,5.E-02,5.));
#4173 = LINE('',#4174,#4175);
#4174 = CARTESIAN_POINT('',(1.95,-0.25,5.));
#4175 = VECTOR('',#4176,1.);
#4176 = DIRECTION('',(1.224646799147E-16,1.,0.));
#4177 = ORIENTED_EDGE('',*,*,#4178,.T.);
#4178 = EDGE_CURVE('',#4171,#3384,#4179,.T.);
#4179 = LINE('',#4180,#4181);
#4180 = CARTESIAN_POINT('',(1.983333333333,1.666666666667E-02,
    5.033333333333));
#4181 = VECTOR('',#4182,1.);
#4182 = DIRECTION('',(-0.57735026919,0.57735026919,-0.57735026919));
#4183 = ORIENTED_EDGE('',*,*,#3383,.F.);
#4184 = PLANE('',#4185);
#4185 = AXIS2_PLACEMENT_3D('',#4186,#4187,#4188);
#4186 = CARTESIAN_POINT('',(1.85,-0.25,4.9));
#4187 = DIRECTION('',(0.707106781187,-8.486018839685E-17,-0.707106781187
    ));
#4188 = DIRECTION('',(-1.212375546256E-16,-1.,-1.227125289196E-18));
#4189 = ADVANCED_FACE('',(#4190),#4208,.T.);
#4190 = FACE_BOUND('',#4191,.F.);
#4191 = EDGE_LOOP('',(#4192,#4200,#4201,#4202));
#4192 = ORIENTED_EDGE('',*,*,#4193,.T.);
#4193 = EDGE_CURVE('',#4194,#3406,#4196,.T.);
#4194 = VERTEX_POINT('',#4195);
#4195 = CARTESIAN_POINT('',(2.05,-5.E-02,5.));
#4196 = LINE('',#4197,#4198);
#4197 = CARTESIAN_POINT('',(2.183333333333,-0.183333333333,
    4.866666666667));
#4198 = VECTOR('',#4199,1.);
#4199 = DIRECTION('',(0.57735026919,-0.57735026919,-0.57735026919));
#4200 = ORIENTED_EDGE('',*,*,#3415,.T.);
#4201 = ORIENTED_EDGE('',*,*,#4162,.T.);
#4202 = ORIENTED_EDGE('',*,*,#4203,.F.);
#4203 = EDGE_CURVE('',#4194,#4163,#4204,.T.);
#4204 = LINE('',#4205,#4206);
#4205 = CARTESIAN_POINT('',(2.25,-5.E-02,5.));
#4206 = VECTOR('',#4207,1.);
#4207 = DIRECTION('',(-1.,1.224646799147E-16,0.));
#4208 = PLANE('',#4209);
#4209 = AXIS2_PLACEMENT_3D('',#4210,#4211,#4212);
#4210 = CARTESIAN_POINT('',(2.25,-0.15,4.9));
#4211 = DIRECTION('',(-8.833102285013E-17,-0.707106781187,0.707106781187
    ));
#4212 = DIRECTION('',(1.,-1.236918052038E-16,1.227125289097E-18));
#4213 = ADVANCED_FACE('',(#4214),#4232,.T.);
#4214 = FACE_BOUND('',#4215,.F.);
#4215 = EDGE_LOOP('',(#4216,#4217,#4225,#4231));
#4216 = ORIENTED_EDGE('',*,*,#4193,.F.);
#4217 = ORIENTED_EDGE('',*,*,#4218,.T.);
#4218 = EDGE_CURVE('',#4194,#4219,#4221,.T.);
#4219 = VERTEX_POINT('',#4220);
#4220 = CARTESIAN_POINT('',(2.05,5.E-02,5.));
#4221 = LINE('',#4222,#4223);
#4222 = CARTESIAN_POINT('',(2.05,-0.25,5.));
#4223 = VECTOR('',#4224,1.);
#4224 = DIRECTION('',(1.224646799147E-16,1.,0.));
#4225 = ORIENTED_EDGE('',*,*,#4226,.T.);
#4226 = EDGE_CURVE('',#4219,#3432,#4227,.T.);
#4227 = LINE('',#4228,#4229);
#4228 = CARTESIAN_POINT('',(2.1,0.1,4.95));
#4229 = VECTOR('',#4230,1.);
#4230 = DIRECTION('',(0.57735026919,0.57735026919,-0.57735026919));
#4231 = ORIENTED_EDGE('',*,*,#3431,.F.);
#4232 = PLANE('',#4233);
#4233 = AXIS2_PLACEMENT_3D('',#4234,#4235,#4236);
#4234 = CARTESIAN_POINT('',(2.15,-0.25,4.9));
#4235 = DIRECTION('',(0.707106781187,-8.833102285013E-17,0.707106781187)
  );
#4236 = DIRECTION('',(-1.236918052038E-16,-1.,-1.227125289097E-18));
#4237 = ADVANCED_FACE('',(#4238),#4249,.T.);
#4238 = FACE_BOUND('',#4239,.F.);
#4239 = EDGE_LOOP('',(#4240,#4241,#4247,#4248));
#4240 = ORIENTED_EDGE('',*,*,#4226,.F.);
#4241 = ORIENTED_EDGE('',*,*,#4242,.T.);
#4242 = EDGE_CURVE('',#4219,#4171,#4243,.T.);
#4243 = LINE('',#4244,#4245);
#4244 = CARTESIAN_POINT('',(2.25,5.E-02,5.));
#4245 = VECTOR('',#4246,1.);
#4246 = DIRECTION('',(-1.,1.224646799147E-16,0.));
#4247 = ORIENTED_EDGE('',*,*,#4178,.T.);
#4248 = ORIENTED_EDGE('',*,*,#3454,.F.);
#4249 = PLANE('',#4250);
#4250 = AXIS2_PLACEMENT_3D('',#4251,#4252,#4253);
#4251 = CARTESIAN_POINT('',(2.25,0.15,4.9));
#4252 = DIRECTION('',(8.833102285013E-17,0.707106781187,0.707106781187)
  );
#4253 = DIRECTION('',(1.,-1.236918052038E-16,-1.227125289097E-18));
#4254 = ADVANCED_FACE('',(#4255),#4280,.T.);
#4255 = FACE_BOUND('',#4256,.F.);
#4256 = EDGE_LOOP('',(#4257,#4265,#4273,#4279));
#4257 = ORIENTED_EDGE('',*,*,#4258,.T.);
#4258 = EDGE_CURVE('',#3472,#4259,#4261,.T.);
#4259 = VERTEX_POINT('',#4260);
#4260 = CARTESIAN_POINT('',(6.05,-5.E-02,5.));
#4261 = LINE('',#4262,#4263);
#4262 = CARTESIAN_POINT('',(6.183333333333,-0.183333333333,
    4.866666666667));
#4263 = VECTOR('',#4264,1.);
#4264 = DIRECTION('',(-0.57735026919,0.57735026919,0.57735026919));
#4265 = ORIENTED_EDGE('',*,*,#4266,.T.);
#4266 = EDGE_CURVE('',#4259,#4267,#4269,.T.);
#4267 = VERTEX_POINT('',#4268);
#4268 = CARTESIAN_POINT('',(6.05,5.E-02,5.));
#4269 = LINE('',#4270,#4271);
#4270 = CARTESIAN_POINT('',(6.05,-0.25,5.));
#4271 = VECTOR('',#4272,1.);
#4272 = DIRECTION('',(1.224646799147E-16,1.,0.));
#4273 = ORIENTED_EDGE('',*,*,#4274,.T.);
#4274 = EDGE_CURVE('',#4267,#3480,#4275,.T.);
#4275 = LINE('',#4276,#4277);
#4276 = CARTESIAN_POINT('',(6.1,0.1,4.95));
#4277 = VECTOR('',#4278,1.);
#4278 = DIRECTION('',(0.57735026919,0.57735026919,-0.57735026919));
#4279 = ORIENTED_EDGE('',*,*,#3479,.F.);
#4280 = PLANE('',#4281);
#4281 = AXIS2_PLACEMENT_3D('',#4282,#4283,#4284);
#4282 = CARTESIAN_POINT('',(6.15,-0.25,4.9));
#4283 = DIRECTION('',(0.707106781187,-8.833102285013E-17,0.707106781187)
  );
#4284 = DIRECTION('',(-1.236918052038E-16,-1.,-1.227125289097E-18));
#4285 = ADVANCED_FACE('',(#4286),#4304,.T.);
#4286 = FACE_BOUND('',#4287,.F.);
#4287 = EDGE_LOOP('',(#4288,#4289,#4297,#4303));
#4288 = ORIENTED_EDGE('',*,*,#4274,.F.);
#4289 = ORIENTED_EDGE('',*,*,#4290,.T.);
#4290 = EDGE_CURVE('',#4267,#4291,#4293,.T.);
#4291 = VERTEX_POINT('',#4292);
#4292 = CARTESIAN_POINT('',(5.95,5.E-02,5.));
#4293 = LINE('',#4294,#4295);
#4294 = CARTESIAN_POINT('',(6.25,5.E-02,5.));
#4295 = VECTOR('',#4296,1.);
#4296 = DIRECTION('',(-1.,1.224646799147E-16,0.));
#4297 = ORIENTED_EDGE('',*,*,#4298,.T.);
#4298 = EDGE_CURVE('',#4291,#3503,#4299,.T.);
#4299 = LINE('',#4300,#4301);
#4300 = CARTESIAN_POINT('',(5.983333333333,1.666666666667E-02,
    5.033333333333));
#4301 = VECTOR('',#4302,1.);
#4302 = DIRECTION('',(-0.57735026919,0.57735026919,-0.57735026919));
#4303 = ORIENTED_EDGE('',*,*,#3502,.F.);
#4304 = PLANE('',#4305);
#4305 = AXIS2_PLACEMENT_3D('',#4306,#4307,#4308);
#4306 = CARTESIAN_POINT('',(6.25,0.15,4.9));
#4307 = DIRECTION('',(8.833102285013E-17,0.707106781187,0.707106781187)
  );
#4308 = DIRECTION('',(1.,-1.236918052038E-16,-1.227125289097E-18));
#4309 = ADVANCED_FACE('',(#4310),#4328,.F.);
#4310 = FACE_BOUND('',#4311,.T.);
#4311 = EDGE_LOOP('',(#4312,#4320,#4326,#4327));
#4312 = ORIENTED_EDGE('',*,*,#4313,.T.);
#4313 = EDGE_CURVE('',#3527,#4314,#4316,.T.);
#4314 = VERTEX_POINT('',#4315);
#4315 = CARTESIAN_POINT('',(5.95,-5.E-02,5.));
#4316 = LINE('',#4317,#4318);
#4317 = CARTESIAN_POINT('',(5.9,-0.1,4.95));
#4318 = VECTOR('',#4319,1.);
#4319 = DIRECTION('',(0.57735026919,0.57735026919,0.57735026919));
#4320 = ORIENTED_EDGE('',*,*,#4321,.T.);
#4321 = EDGE_CURVE('',#4314,#4291,#4322,.T.);
#4322 = LINE('',#4323,#4324);
#4323 = CARTESIAN_POINT('',(5.95,-0.25,5.));
#4324 = VECTOR('',#4325,1.);
#4325 = DIRECTION('',(1.224646799147E-16,1.,0.));
#4326 = ORIENTED_EDGE('',*,*,#4298,.T.);
#4327 = ORIENTED_EDGE('',*,*,#3534,.F.);
#4328 = PLANE('',#4329);
#4329 = AXIS2_PLACEMENT_3D('',#4330,#4331,#4332);
#4330 = CARTESIAN_POINT('',(5.85,-0.25,4.9));
#4331 = DIRECTION('',(0.707106781187,-8.486018839685E-17,-0.707106781187
    ));
#4332 = DIRECTION('',(-1.212375546256E-16,-1.,-1.227125289196E-18));
#4333 = ADVANCED_FACE('',(#4334),#4345,.T.);
#4334 = FACE_BOUND('',#4335,.F.);
#4335 = EDGE_LOOP('',(#4336,#4337,#4338,#4339));
#4336 = ORIENTED_EDGE('',*,*,#4258,.F.);
#4337 = ORIENTED_EDGE('',*,*,#3552,.T.);
#4338 = ORIENTED_EDGE('',*,*,#4313,.T.);
#4339 = ORIENTED_EDGE('',*,*,#4340,.F.);
#4340 = EDGE_CURVE('',#4259,#4314,#4341,.T.);
#4341 = LINE('',#4342,#4343);
#4342 = CARTESIAN_POINT('',(6.25,-5.E-02,5.));
#4343 = VECTOR('',#4344,1.);
#4344 = DIRECTION('',(-1.,1.224646799147E-16,0.));
#4345 = PLANE('',#4346);
#4346 = AXIS2_PLACEMENT_3D('',#4347,#4348,#4349);
#4347 = CARTESIAN_POINT('',(6.25,-0.15,4.9));
#4348 = DIRECTION('',(-8.833102285013E-17,-0.707106781187,0.707106781187
    ));
#4349 = DIRECTION('',(1.,-1.236918052038E-16,1.227125289097E-18));
#4350 = ADVANCED_FACE('',(#4351),#4376,.T.);
#4351 = FACE_BOUND('',#4352,.F.);
#4352 = EDGE_LOOP('',(#4353,#4361,#4369,#4375));
#4353 = ORIENTED_EDGE('',*,*,#4354,.F.);
#4354 = EDGE_CURVE('',#4355,#3568,#4357,.T.);
#4355 = VERTEX_POINT('',#4356);
#4356 = CARTESIAN_POINT('',(4.05,-5.E-02,5.));
#4357 = LINE('',#4358,#4359);
#4358 = CARTESIAN_POINT('',(4.183333333333,-0.183333333333,
    4.866666666667));
#4359 = VECTOR('',#4360,1.);
#4360 = DIRECTION('',(0.57735026919,-0.57735026919,-0.57735026919));
#4361 = ORIENTED_EDGE('',*,*,#4362,.T.);
#4362 = EDGE_CURVE('',#4355,#4363,#4365,.T.);
#4363 = VERTEX_POINT('',#4364);
#4364 = CARTESIAN_POINT('',(4.05,5.E-02,5.));
#4365 = LINE('',#4366,#4367);
#4366 = CARTESIAN_POINT('',(4.05,-0.25,5.));
#4367 = VECTOR('',#4368,1.);
#4368 = DIRECTION('',(1.224646799147E-16,1.,0.));
#4369 = ORIENTED_EDGE('',*,*,#4370,.T.);
#4370 = EDGE_CURVE('',#4363,#3576,#4371,.T.);
#4371 = LINE('',#4372,#4373);
#4372 = CARTESIAN_POINT('',(4.1,0.1,4.95));
#4373 = VECTOR('',#4374,1.);
#4374 = DIRECTION('',(0.57735026919,0.57735026919,-0.57735026919));
#4375 = ORIENTED_EDGE('',*,*,#3575,.F.);
#4376 = PLANE('',#4377);
#4377 = AXIS2_PLACEMENT_3D('',#4378,#4379,#4380);
#4378 = CARTESIAN_POINT('',(4.15,-0.25,4.9));
#4379 = DIRECTION('',(0.707106781187,-8.833102285013E-17,0.707106781187)
  );
#4380 = DIRECTION('',(-1.236918052038E-16,-1.,-1.227125289097E-18));
#4381 = ADVANCED_FACE('',(#4382),#4400,.T.);
#4382 = FACE_BOUND('',#4383,.F.);
#4383 = EDGE_LOOP('',(#4384,#4385,#4393,#4399));
#4384 = ORIENTED_EDGE('',*,*,#4370,.F.);
#4385 = ORIENTED_EDGE('',*,*,#4386,.T.);
#4386 = EDGE_CURVE('',#4363,#4387,#4389,.T.);
#4387 = VERTEX_POINT('',#4388);
#4388 = CARTESIAN_POINT('',(3.95,5.E-02,5.));
#4389 = LINE('',#4390,#4391);
#4390 = CARTESIAN_POINT('',(4.25,5.E-02,5.));
#4391 = VECTOR('',#4392,1.);
#4392 = DIRECTION('',(-1.,1.224646799147E-16,0.));
#4393 = ORIENTED_EDGE('',*,*,#4394,.T.);
#4394 = EDGE_CURVE('',#4387,#3599,#4395,.T.);
#4395 = LINE('',#4396,#4397);
#4396 = CARTESIAN_POINT('',(3.983333333333,1.666666666667E-02,
    5.033333333333));
#4397 = VECTOR('',#4398,1.);
#4398 = DIRECTION('',(-0.57735026919,0.57735026919,-0.57735026919));
#4399 = ORIENTED_EDGE('',*,*,#3598,.F.);
#4400 = PLANE('',#4401);
#4401 = AXIS2_PLACEMENT_3D('',#4402,#4403,#4404);
#4402 = CARTESIAN_POINT('',(4.25,0.15,4.9));
#4403 = DIRECTION('',(8.833102285013E-17,0.707106781187,0.707106781187)
  );
#4404 = DIRECTION('',(1.,-1.236918052038E-16,-1.227125289097E-18));
#4405 = ADVANCED_FACE('',(#4406),#4424,.F.);
#4406 = FACE_BOUND('',#4407,.T.);
#4407 = EDGE_LOOP('',(#4408,#4416,#4422,#4423));
#4408 = ORIENTED_EDGE('',*,*,#4409,.T.);
#4409 = EDGE_CURVE('',#3623,#4410,#4412,.T.);
#4410 = VERTEX_POINT('',#4411);
#4411 = CARTESIAN_POINT('',(3.95,-5.E-02,5.));
#4412 = LINE('',#4413,#4414);
#4413 = CARTESIAN_POINT('',(3.9,-0.1,4.95));
#4414 = VECTOR('',#4415,1.);
#4415 = DIRECTION('',(0.57735026919,0.57735026919,0.57735026919));
#4416 = ORIENTED_EDGE('',*,*,#4417,.T.);
#4417 = EDGE_CURVE('',#4410,#4387,#4418,.T.);
#4418 = LINE('',#4419,#4420);
#4419 = CARTESIAN_POINT('',(3.95,-0.25,5.));
#4420 = VECTOR('',#4421,1.);
#4421 = DIRECTION('',(1.224646799147E-16,1.,0.));
#4422 = ORIENTED_EDGE('',*,*,#4394,.T.);
#4423 = ORIENTED_EDGE('',*,*,#3630,.F.);
#4424 = PLANE('',#4425);
#4425 = AXIS2_PLACEMENT_3D('',#4426,#4427,#4428);
#4426 = CARTESIAN_POINT('',(3.85,-0.25,4.9));
#4427 = DIRECTION('',(0.707106781187,-8.486018839685E-17,-0.707106781187
    ));
#4428 = DIRECTION('',(-1.212375546256E-16,-1.,-1.227125289196E-18));
#4429 = ADVANCED_FACE('',(#4430),#4441,.T.);
#4430 = FACE_BOUND('',#4431,.F.);
#4431 = EDGE_LOOP('',(#4432,#4433,#4434,#4435));
#4432 = ORIENTED_EDGE('',*,*,#4354,.T.);
#4433 = ORIENTED_EDGE('',*,*,#3648,.T.);
#4434 = ORIENTED_EDGE('',*,*,#4409,.T.);
#4435 = ORIENTED_EDGE('',*,*,#4436,.F.);
#4436 = EDGE_CURVE('',#4355,#4410,#4437,.T.);
#4437 = LINE('',#4438,#4439);
#4438 = CARTESIAN_POINT('',(4.25,-5.E-02,5.));
#4439 = VECTOR('',#4440,1.);
#4440 = DIRECTION('',(-1.,1.224646799147E-16,0.));
#4441 = PLANE('',#4442);
#4442 = AXIS2_PLACEMENT_3D('',#4443,#4444,#4445);
#4443 = CARTESIAN_POINT('',(4.25,-0.15,4.9));
#4444 = DIRECTION('',(-8.833102285013E-17,-0.707106781187,0.707106781187
    ));
#4445 = DIRECTION('',(1.,-1.236918052038E-16,1.227125289097E-18));
#4446 = ADVANCED_FACE('',(#4447),#4458,.T.);
#4447 = FACE_BOUND('',#4448,.F.);
#4448 = EDGE_LOOP('',(#4449,#4450,#4456,#4457));
#4449 = ORIENTED_EDGE('',*,*,#3795,.F.);
#4450 = ORIENTED_EDGE('',*,*,#4451,.T.);
#4451 = EDGE_CURVE('',#3796,#3680,#4452,.T.);
#4452 = LINE('',#4453,#4454);
#4453 = CARTESIAN_POINT('',(0.25,-5.E-02,-3.4));
#4454 = VECTOR('',#4455,1.);
#4455 = DIRECTION('',(-1.,1.224646799147E-16,0.));
#4456 = ORIENTED_EDGE('',*,*,#3679,.T.);
#4457 = ORIENTED_EDGE('',*,*,#3778,.F.);
#4458 = PLANE('',#4459);
#4459 = AXIS2_PLACEMENT_3D('',#4460,#4461,#4462);
#4460 = CARTESIAN_POINT('',(0.25,-0.134403742653,-3.301223703467));
#4461 = DIRECTION('',(-9.136856246232E-17,-0.760250805153,-0.64962967394
    ));
#4462 = DIRECTION('',(1.,-1.211454098155E-16,1.127308249542E-18));
#4463 = ADVANCED_FACE('',(#4464),#4475,.F.);
#4464 = FACE_BOUND('',#4465,.F.);
#4465 = EDGE_LOOP('',(#4466,#4467,#4468,#4474));
#4466 = ORIENTED_EDGE('',*,*,#4451,.F.);
#4467 = ORIENTED_EDGE('',*,*,#3814,.F.);
#4468 = ORIENTED_EDGE('',*,*,#4469,.T.);
#4469 = EDGE_CURVE('',#3807,#3705,#4470,.T.);
#4470 = LINE('',#4471,#4472);
#4471 = CARTESIAN_POINT('',(0.25,5.E-02,-3.4));
#4472 = VECTOR('',#4473,1.);
#4473 = DIRECTION('',(-1.,1.224646799147E-16,0.));
#4474 = ORIENTED_EDGE('',*,*,#3712,.T.);
#4475 = PLANE('',#4476);
#4476 = AXIS2_PLACEMENT_3D('',#4477,#4478,#4479);
#4477 = CARTESIAN_POINT('',(0.25,0.25,-3.4));
#4478 = DIRECTION('',(0.,0.,1.));
#4479 = DIRECTION('',(-1.224646799147E-16,-1.,0.));
#4480 = ADVANCED_FACE('',(#4481),#4487,.T.);
#4481 = FACE_BOUND('',#4482,.T.);
#4482 = EDGE_LOOP('',(#4483,#4484,#4485,#4486));
#4483 = ORIENTED_EDGE('',*,*,#3806,.F.);
#4484 = ORIENTED_EDGE('',*,*,#4469,.T.);
#4485 = ORIENTED_EDGE('',*,*,#3704,.T.);
#4486 = ORIENTED_EDGE('',*,*,#3730,.F.);
#4487 = PLANE('',#4488);
#4488 = AXIS2_PLACEMENT_3D('',#4489,#4490,#4491);
#4489 = CARTESIAN_POINT('',(0.25,0.165596257347,-3.301223703467));
#4490 = DIRECTION('',(8.302774088379E-17,0.64962967394,-0.760250805153)
  );
#4491 = DIRECTION('',(-1.,1.247195775152E-16,-2.638869166629E-18));
#4492 = ADVANCED_FACE('',(#4493),#4499,.F.);
#4493 = FACE_BOUND('',#4494,.F.);
#4494 = EDGE_LOOP('',(#4495,#4496,#4497,#4498));
#4495 = ORIENTED_EDGE('',*,*,#3891,.F.);
#4496 = ORIENTED_EDGE('',*,*,#3908,.T.);
#4497 = ORIENTED_EDGE('',*,*,#3836,.T.);
#4498 = ORIENTED_EDGE('',*,*,#3867,.F.);
#4499 = PLANE('',#4500);
#4500 = AXIS2_PLACEMENT_3D('',#4501,#4502,#4503);
#4501 = CARTESIAN_POINT('',(2.25,0.25,-3.4));
#4502 = DIRECTION('',(0.,0.,1.));
#4503 = DIRECTION('',(-1.224646799147E-16,-1.,0.));
#4504 = ADVANCED_FACE('',(#4505),#4511,.F.);
#4505 = FACE_BOUND('',#4506,.F.);
#4506 = EDGE_LOOP('',(#4507,#4508,#4509,#4510));
#4507 = ORIENTED_EDGE('',*,*,#3932,.F.);
#4508 = ORIENTED_EDGE('',*,*,#3956,.T.);
#4509 = ORIENTED_EDGE('',*,*,#3980,.T.);
#4510 = ORIENTED_EDGE('',*,*,#4004,.F.);
#4511 = PLANE('',#4512);
#4512 = AXIS2_PLACEMENT_3D('',#4513,#4514,#4515);
#4513 = CARTESIAN_POINT('',(4.25,0.25,-3.4));
#4514 = DIRECTION('',(0.,0.,1.));
#4515 = DIRECTION('',(-1.224646799147E-16,-1.,0.));
#4516 = ADVANCED_FACE('',(#4517),#4523,.F.);
#4517 = FACE_BOUND('',#4518,.F.);
#4518 = EDGE_LOOP('',(#4519,#4520,#4521,#4522));
#4519 = ORIENTED_EDGE('',*,*,#4074,.F.);
#4520 = ORIENTED_EDGE('',*,*,#4146,.F.);
#4521 = ORIENTED_EDGE('',*,*,#4131,.T.);
#4522 = ORIENTED_EDGE('',*,*,#4105,.T.);
#4523 = PLANE('',#4524);
#4524 = AXIS2_PLACEMENT_3D('',#4525,#4526,#4527);
#4525 = CARTESIAN_POINT('',(0.25,-0.25,5.));
#4526 = DIRECTION('',(-0.,0.,-1.));
#4527 = DIRECTION('',(1.224646799147E-16,1.,0.));
#4528 = ADVANCED_FACE('',(#4529),#4535,.F.);
#4529 = FACE_BOUND('',#4530,.F.);
#4530 = EDGE_LOOP('',(#4531,#4532,#4533,#4534));
#4531 = ORIENTED_EDGE('',*,*,#4218,.F.);
#4532 = ORIENTED_EDGE('',*,*,#4203,.T.);
#4533 = ORIENTED_EDGE('',*,*,#4170,.T.);
#4534 = ORIENTED_EDGE('',*,*,#4242,.F.);
#4535 = PLANE('',#4536);
#4536 = AXIS2_PLACEMENT_3D('',#4537,#4538,#4539);
#4537 = CARTESIAN_POINT('',(2.25,-0.25,5.));
#4538 = DIRECTION('',(-0.,0.,-1.));
#4539 = DIRECTION('',(1.224646799147E-16,1.,0.));
#4540 = ADVANCED_FACE('',(#4541),#4547,.F.);
#4541 = FACE_BOUND('',#4542,.F.);
#4542 = EDGE_LOOP('',(#4543,#4544,#4545,#4546));
#4543 = ORIENTED_EDGE('',*,*,#4290,.F.);
#4544 = ORIENTED_EDGE('',*,*,#4266,.F.);
#4545 = ORIENTED_EDGE('',*,*,#4340,.T.);
#4546 = ORIENTED_EDGE('',*,*,#4321,.T.);
#4547 = PLANE('',#4548);
#4548 = AXIS2_PLACEMENT_3D('',#4549,#4550,#4551);
#4549 = CARTESIAN_POINT('',(6.25,-0.25,5.));
#4550 = DIRECTION('',(-0.,0.,-1.));
#4551 = DIRECTION('',(1.224646799147E-16,1.,0.));
#4552 = ADVANCED_FACE('',(#4553),#4559,.F.);
#4553 = FACE_BOUND('',#4554,.F.);
#4554 = EDGE_LOOP('',(#4555,#4556,#4557,#4558));
#4555 = ORIENTED_EDGE('',*,*,#4362,.F.);
#4556 = ORIENTED_EDGE('',*,*,#4436,.T.);
#4557 = ORIENTED_EDGE('',*,*,#4417,.T.);
#4558 = ORIENTED_EDGE('',*,*,#4386,.F.);
#4559 = PLANE('',#4560);
#4560 = AXIS2_PLACEMENT_3D('',#4561,#4562,#4563);
#4561 = CARTESIAN_POINT('',(4.25,-0.25,5.));
#4562 = DIRECTION('',(-0.,0.,-1.));
#4563 = DIRECTION('',(1.224646799147E-16,1.,0.));
#4564 = ( GEOMETRIC_REPRESENTATION_CONTEXT(3) 
GLOBAL_UNCERTAINTY_ASSIGNED_CONTEXT((#4568)) 
GLOBAL_UNIT_ASSIGNED_CONTEXT((#4565,#4566,#4567)) REPRESENTATION_CONTEXT
('Context #1','3D Context with UNIT and UNCERTAINTY') );
#4565 = ( LENGTH_UNIT() NAMED_UNIT(*) SI_UNIT(.MILLI.,.METRE.) );
#4566 = ( NAMED_UNIT(*) PLANE_ANGLE_UNIT() SI_UNIT($,.RADIAN.) );
#4567 = ( NAMED_UNIT(*) SI_UNIT($,.STERADIAN.) SOLID_ANGLE_UNIT() );
#4568 = UNCERTAINTY_MEASURE_WITH_UNIT(LENGTH_MEASURE(1.E-07),#4565,
  'distance_accuracy_value','confusion accuracy');
#4569 = CONTEXT_DEPENDENT_SHAPE_REPRESENTATION(#4570,#4572);
#4570 = ( REPRESENTATION_RELATIONSHIP('','',#59,#36) 
REPRESENTATION_RELATIONSHIP_WITH_TRANSFORMATION(#4571) 
SHAPE_REPRESENTATION_RELATIONSHIP() );
#4571 = ITEM_DEFINED_TRANSFORMATION('','',#11,#37);
#4572 = PRODUCT_DEFINITION_SHAPE('Placement','Placement of an item',
  #4573);
#4573 = NEXT_ASSEMBLY_USAGE_OCCURRENCE('1','=>[0:1:1:3]','',#31,#54,$);
#4574 = PRODUCT_RELATED_PRODUCT_CATEGORY('part',$,(#56));
#4575 = SHAPE_DEFINITION_REPRESENTATION(#4576,#4582);
#4576 = PRODUCT_DEFINITION_SHAPE('','',#4577);
#4577 = PRODUCT_DEFINITION('design','',#4578,#4581);
#4578 = PRODUCT_DEFINITION_FORMATION('','',#4579);
#4579 = PRODUCT('MORI_rear_P5R7_PCB','MORI_rear_P5R7_PCB','',(#4580));
#4580 = PRODUCT_CONTEXT('',#2,'mechanical');
#4581 = PRODUCT_DEFINITION_CONTEXT('part definition',#2,'design');
#4582 = ADVANCED_BREP_SHAPE_REPRESENTATION('',(#11,#4583),#5878);
#4583 = MANIFOLD_SOLID_BREP('',#4584);
#4584 = CLOSED_SHELL('',(#4585,#4625,#4656,#4687,#5013,#5339,#5351,#5368
    ,#5385,#5402,#5419,#5436,#5453,#5470,#5487,#5504,#5521,#5538,#5555,
    #5577,#5594,#5611,#5623,#5640,#5662,#5679,#5696,#5708,#5725,#5747,
    #5764,#5781,#5793,#5810,#5832,#5849,#5866));
#4585 = ADVANCED_FACE('',(#4586),#4620,.T.);
#4586 = FACE_BOUND('',#4587,.T.);
#4587 = EDGE_LOOP('',(#4588,#4598,#4606,#4614));
#4588 = ORIENTED_EDGE('',*,*,#4589,.T.);
#4589 = EDGE_CURVE('',#4590,#4592,#4594,.T.);
#4590 = VERTEX_POINT('',#4591);
#4591 = CARTESIAN_POINT('',(24.,-25.,0.));
#4592 = VERTEX_POINT('',#4593);
#4593 = CARTESIAN_POINT('',(24.,-25.,1.51));
#4594 = LINE('',#4595,#4596);
#4595 = CARTESIAN_POINT('',(24.,-25.,0.));
#4596 = VECTOR('',#4597,1.);
#4597 = DIRECTION('',(0.,0.,1.));
#4598 = ORIENTED_EDGE('',*,*,#4599,.T.);
#4599 = EDGE_CURVE('',#4592,#4600,#4602,.T.);
#4600 = VERTEX_POINT('',#4601);
#4601 = CARTESIAN_POINT('',(0.,-25.,1.51));
#4602 = LINE('',#4603,#4604);
#4603 = CARTESIAN_POINT('',(24.,-25.,1.51));
#4604 = VECTOR('',#4605,1.);
#4605 = DIRECTION('',(-1.,0.,0.));
#4606 = ORIENTED_EDGE('',*,*,#4607,.F.);
#4607 = EDGE_CURVE('',#4608,#4600,#4610,.T.);
#4608 = VERTEX_POINT('',#4609);
#4609 = CARTESIAN_POINT('',(0.,-25.,0.));
#4610 = LINE('',#4611,#4612);
#4611 = CARTESIAN_POINT('',(0.,-25.,0.));
#4612 = VECTOR('',#4613,1.);
#4613 = DIRECTION('',(0.,0.,1.));
#4614 = ORIENTED_EDGE('',*,*,#4615,.F.);
#4615 = EDGE_CURVE('',#4590,#4608,#4616,.T.);
#4616 = LINE('',#4617,#4618);
#4617 = CARTESIAN_POINT('',(24.,-25.,0.));
#4618 = VECTOR('',#4619,1.);
#4619 = DIRECTION('',(-1.,0.,0.));
#4620 = PLANE('',#4621);
#4621 = AXIS2_PLACEMENT_3D('',#4622,#4623,#4624);
#4622 = CARTESIAN_POINT('',(24.,-25.,0.));
#4623 = DIRECTION('',(0.,-1.,0.));
#4624 = DIRECTION('',(-1.,0.,0.));
#4625 = ADVANCED_FACE('',(#4626),#4651,.T.);
#4626 = FACE_BOUND('',#4627,.T.);
#4627 = EDGE_LOOP('',(#4628,#4638,#4644,#4645));
#4628 = ORIENTED_EDGE('',*,*,#4629,.T.);
#4629 = EDGE_CURVE('',#4630,#4632,#4634,.T.);
#4630 = VERTEX_POINT('',#4631);
#4631 = CARTESIAN_POINT('',(24.,-0.,0.));
#4632 = VERTEX_POINT('',#4633);
#4633 = CARTESIAN_POINT('',(24.,0.,1.51));
#4634 = LINE('',#4635,#4636);
#4635 = CARTESIAN_POINT('',(24.,-0.,0.));
#4636 = VECTOR('',#4637,1.);
#4637 = DIRECTION('',(0.,0.,1.));
#4638 = ORIENTED_EDGE('',*,*,#4639,.T.);
#4639 = EDGE_CURVE('',#4632,#4592,#4640,.T.);
#4640 = LINE('',#4641,#4642);
#4641 = CARTESIAN_POINT('',(24.,0.,1.51));
#4642 = VECTOR('',#4643,1.);
#4643 = DIRECTION('',(0.,-1.,0.));
#4644 = ORIENTED_EDGE('',*,*,#4589,.F.);
#4645 = ORIENTED_EDGE('',*,*,#4646,.F.);
#4646 = EDGE_CURVE('',#4630,#4590,#4647,.T.);
#4647 = LINE('',#4648,#4649);
#4648 = CARTESIAN_POINT('',(24.,-0.,0.));
#4649 = VECTOR('',#4650,1.);
#4650 = DIRECTION('',(0.,-1.,0.));
#4651 = PLANE('',#4652);
#4652 = AXIS2_PLACEMENT_3D('',#4653,#4654,#4655);
#4653 = CARTESIAN_POINT('',(24.,-0.,0.));
#4654 = DIRECTION('',(1.,0.,-0.));
#4655 = DIRECTION('',(0.,-1.,0.));
#4656 = ADVANCED_FACE('',(#4657),#4682,.T.);
#4657 = FACE_BOUND('',#4658,.T.);
#4658 = EDGE_LOOP('',(#4659,#4660,#4668,#4676));
#4659 = ORIENTED_EDGE('',*,*,#4607,.T.);
#4660 = ORIENTED_EDGE('',*,*,#4661,.T.);
#4661 = EDGE_CURVE('',#4600,#4662,#4664,.T.);
#4662 = VERTEX_POINT('',#4663);
#4663 = CARTESIAN_POINT('',(0.,0.,1.51));
#4664 = LINE('',#4665,#4666);
#4665 = CARTESIAN_POINT('',(0.,-25.,1.51));
#4666 = VECTOR('',#4667,1.);
#4667 = DIRECTION('',(0.,1.,0.));
#4668 = ORIENTED_EDGE('',*,*,#4669,.F.);
#4669 = EDGE_CURVE('',#4670,#4662,#4672,.T.);
#4670 = VERTEX_POINT('',#4671);
#4671 = CARTESIAN_POINT('',(0.,-0.,0.));
#4672 = LINE('',#4673,#4674);
#4673 = CARTESIAN_POINT('',(0.,-0.,0.));
#4674 = VECTOR('',#4675,1.);
#4675 = DIRECTION('',(0.,0.,1.));
#4676 = ORIENTED_EDGE('',*,*,#4677,.F.);
#4677 = EDGE_CURVE('',#4608,#4670,#4678,.T.);
#4678 = LINE('',#4679,#4680);
#4679 = CARTESIAN_POINT('',(0.,-25.,0.));
#4680 = VECTOR('',#4681,1.);
#4681 = DIRECTION('',(0.,1.,0.));
#4682 = PLANE('',#4683);
#4683 = AXIS2_PLACEMENT_3D('',#4684,#4685,#4686);
#4684 = CARTESIAN_POINT('',(0.,-25.,0.));
#4685 = DIRECTION('',(-1.,0.,0.));
#4686 = DIRECTION('',(0.,1.,0.));
#4687 = ADVANCED_FACE('',(#4688,#4699,#4710,#4721,#4732,#4743,#4754,
    #4765,#4776,#4787,#4798,#4809,#4820,#4831,#4867,#4878,#4914,#4925,
    #4961,#4972),#5008,.F.);
#4688 = FACE_BOUND('',#4689,.F.);
#4689 = EDGE_LOOP('',(#4690,#4691,#4692,#4698));
#4690 = ORIENTED_EDGE('',*,*,#4615,.F.);
#4691 = ORIENTED_EDGE('',*,*,#4646,.F.);
#4692 = ORIENTED_EDGE('',*,*,#4693,.F.);
#4693 = EDGE_CURVE('',#4670,#4630,#4694,.T.);
#4694 = LINE('',#4695,#4696);
#4695 = CARTESIAN_POINT('',(0.,-0.,0.));
#4696 = VECTOR('',#4697,1.);
#4697 = DIRECTION('',(1.,0.,0.));
#4698 = ORIENTED_EDGE('',*,*,#4677,.F.);
#4699 = FACE_BOUND('',#4700,.F.);
#4700 = EDGE_LOOP('',(#4701));
#4701 = ORIENTED_EDGE('',*,*,#4702,.T.);
#4702 = EDGE_CURVE('',#4703,#4703,#4705,.T.);
#4703 = VERTEX_POINT('',#4704);
#4704 = CARTESIAN_POINT('',(8.45,-21.575,0.));
#4705 = CIRCLE('',#4706,0.375);
#4706 = AXIS2_PLACEMENT_3D('',#4707,#4708,#4709);
#4707 = CARTESIAN_POINT('',(8.45,-21.2,0.));
#4708 = DIRECTION('',(-0.,0.,-1.));
#4709 = DIRECTION('',(-0.,-1.,0.));
#4710 = FACE_BOUND('',#4711,.F.);
#4711 = EDGE_LOOP('',(#4712));
#4712 = ORIENTED_EDGE('',*,*,#4713,.T.);
#4713 = EDGE_CURVE('',#4714,#4714,#4716,.T.);
#4714 = VERTEX_POINT('',#4715);
#4715 = CARTESIAN_POINT('',(10.45,-21.575,0.));
#4716 = CIRCLE('',#4717,0.375);
#4717 = AXIS2_PLACEMENT_3D('',#4718,#4719,#4720);
#4718 = CARTESIAN_POINT('',(10.45,-21.2,0.));
#4719 = DIRECTION('',(-0.,0.,-1.));
#4720 = DIRECTION('',(-0.,-1.,0.));
#4721 = FACE_BOUND('',#4722,.F.);
#4722 = EDGE_LOOP('',(#4723));
#4723 = ORIENTED_EDGE('',*,*,#4724,.T.);
#4724 = EDGE_CURVE('',#4725,#4725,#4727,.T.);
#4725 = VERTEX_POINT('',#4726);
#4726 = CARTESIAN_POINT('',(8.6,-13.35,0.));
#4727 = CIRCLE('',#4728,0.45);
#4728 = AXIS2_PLACEMENT_3D('',#4729,#4730,#4731);
#4729 = CARTESIAN_POINT('',(8.6,-12.9,0.));
#4730 = DIRECTION('',(-0.,0.,-1.));
#4731 = DIRECTION('',(-3.947459643112E-15,-1.,0.));
#4732 = FACE_BOUND('',#4733,.F.);
#4733 = EDGE_LOOP('',(#4734));
#4734 = ORIENTED_EDGE('',*,*,#4735,.T.);
#4735 = EDGE_CURVE('',#4736,#4736,#4738,.T.);
#4736 = VERTEX_POINT('',#4737);
#4737 = CARTESIAN_POINT('',(12.45,-21.575,0.));
#4738 = CIRCLE('',#4739,0.375);
#4739 = AXIS2_PLACEMENT_3D('',#4740,#4741,#4742);
#4740 = CARTESIAN_POINT('',(12.45,-21.2,0.));
#4741 = DIRECTION('',(-0.,0.,-1.));
#4742 = DIRECTION('',(-0.,-1.,0.));
#4743 = FACE_BOUND('',#4744,.F.);
#4744 = EDGE_LOOP('',(#4745));
#4745 = ORIENTED_EDGE('',*,*,#4746,.T.);
#4746 = EDGE_CURVE('',#4747,#4747,#4749,.T.);
#4747 = VERTEX_POINT('',#4748);
#4748 = CARTESIAN_POINT('',(14.45,-21.575,0.));
#4749 = CIRCLE('',#4750,0.375);
#4750 = AXIS2_PLACEMENT_3D('',#4751,#4752,#4753);
#4751 = CARTESIAN_POINT('',(14.45,-21.2,0.));
#4752 = DIRECTION('',(-0.,0.,-1.));
#4753 = DIRECTION('',(-0.,-1.,0.));
#4754 = FACE_BOUND('',#4755,.F.);
#4755 = EDGE_LOOP('',(#4756));
#4756 = ORIENTED_EDGE('',*,*,#4757,.T.);
#4757 = EDGE_CURVE('',#4758,#4758,#4760,.T.);
#4758 = VERTEX_POINT('',#4759);
#4759 = CARTESIAN_POINT('',(19.,-24.075,0.));
#4760 = CIRCLE('',#4761,0.375);
#4761 = AXIS2_PLACEMENT_3D('',#4762,#4763,#4764);
#4762 = CARTESIAN_POINT('',(19.,-23.7,0.));
#4763 = DIRECTION('',(-0.,0.,-1.));
#4764 = DIRECTION('',(-0.,-1.,0.));
#4765 = FACE_BOUND('',#4766,.F.);
#4766 = EDGE_LOOP('',(#4767));
#4767 = ORIENTED_EDGE('',*,*,#4768,.T.);
#4768 = EDGE_CURVE('',#4769,#4769,#4771,.T.);
#4769 = VERTEX_POINT('',#4770);
#4770 = CARTESIAN_POINT('',(19.,-22.075,0.));
#4771 = CIRCLE('',#4772,0.375);
#4772 = AXIS2_PLACEMENT_3D('',#4773,#4774,#4775);
#4773 = CARTESIAN_POINT('',(19.,-21.7,0.));
#4774 = DIRECTION('',(-0.,0.,-1.));
#4775 = DIRECTION('',(-0.,-1.,0.));
#4776 = FACE_BOUND('',#4777,.F.);
#4777 = EDGE_LOOP('',(#4778));
#4778 = ORIENTED_EDGE('',*,*,#4779,.T.);
#4779 = EDGE_CURVE('',#4780,#4780,#4782,.T.);
#4780 = VERTEX_POINT('',#4781);
#4781 = CARTESIAN_POINT('',(19.,-20.075,0.));
#4782 = CIRCLE('',#4783,0.375);
#4783 = AXIS2_PLACEMENT_3D('',#4784,#4785,#4786);
#4784 = CARTESIAN_POINT('',(19.,-19.7,0.));
#4785 = DIRECTION('',(-0.,0.,-1.));
#4786 = DIRECTION('',(-0.,-1.,0.));
#4787 = FACE_BOUND('',#4788,.F.);
#4788 = EDGE_LOOP('',(#4789));
#4789 = ORIENTED_EDGE('',*,*,#4790,.T.);
#4790 = EDGE_CURVE('',#4791,#4791,#4793,.T.);
#4791 = VERTEX_POINT('',#4792);
#4792 = CARTESIAN_POINT('',(15.4,-13.35,0.));
#4793 = CIRCLE('',#4794,0.45);
#4794 = AXIS2_PLACEMENT_3D('',#4795,#4796,#4797);
#4795 = CARTESIAN_POINT('',(15.4,-12.9,0.));
#4796 = DIRECTION('',(-0.,0.,-1.));
#4797 = DIRECTION('',(3.947459643112E-15,-1.,-0.));
#4798 = FACE_BOUND('',#4799,.F.);
#4799 = EDGE_LOOP('',(#4800));
#4800 = ORIENTED_EDGE('',*,*,#4801,.T.);
#4801 = EDGE_CURVE('',#4802,#4802,#4804,.T.);
#4802 = VERTEX_POINT('',#4803);
#4803 = CARTESIAN_POINT('',(19.,-18.075,0.));
#4804 = CIRCLE('',#4805,0.375);
#4805 = AXIS2_PLACEMENT_3D('',#4806,#4807,#4808);
#4806 = CARTESIAN_POINT('',(19.,-17.7,0.));
#4807 = DIRECTION('',(-0.,0.,-1.));
#4808 = DIRECTION('',(-0.,-1.,0.));
#4809 = FACE_BOUND('',#4810,.F.);
#4810 = EDGE_LOOP('',(#4811));
#4811 = ORIENTED_EDGE('',*,*,#4812,.T.);
#4812 = EDGE_CURVE('',#4813,#4813,#4815,.T.);
#4813 = VERTEX_POINT('',#4814);
#4814 = CARTESIAN_POINT('',(19.,-16.075,0.));
#4815 = CIRCLE('',#4816,0.375);
#4816 = AXIS2_PLACEMENT_3D('',#4817,#4818,#4819);
#4817 = CARTESIAN_POINT('',(19.,-15.7,0.));
#4818 = DIRECTION('',(-0.,0.,-1.));
#4819 = DIRECTION('',(-0.,-1.,0.));
#4820 = FACE_BOUND('',#4821,.F.);
#4821 = EDGE_LOOP('',(#4822));
#4822 = ORIENTED_EDGE('',*,*,#4823,.T.);
#4823 = EDGE_CURVE('',#4824,#4824,#4826,.T.);
#4824 = VERTEX_POINT('',#4825);
#4825 = CARTESIAN_POINT('',(3.,-12.1,0.));
#4826 = CIRCLE('',#4827,1.1);
#4827 = AXIS2_PLACEMENT_3D('',#4828,#4829,#4830);
#4828 = CARTESIAN_POINT('',(3.,-11.,0.));
#4829 = DIRECTION('',(-0.,0.,-1.));
#4830 = DIRECTION('',(-0.,-1.,0.));
#4831 = FACE_BOUND('',#4832,.F.);
#4832 = EDGE_LOOP('',(#4833,#4844,#4852,#4861));
#4833 = ORIENTED_EDGE('',*,*,#4834,.T.);
#4834 = EDGE_CURVE('',#4835,#4837,#4839,.T.);
#4835 = VERTEX_POINT('',#4836);
#4836 = CARTESIAN_POINT('',(7.98,-6.68,0.));
#4837 = VERTEX_POINT('',#4838);
#4838 = CARTESIAN_POINT('',(7.38,-6.68,0.));
#4839 = CIRCLE('',#4840,0.3);
#4840 = AXIS2_PLACEMENT_3D('',#4841,#4842,#4843);
#4841 = CARTESIAN_POINT('',(7.68,-6.68,0.));
#4842 = DIRECTION('',(-0.,0.,-1.));
#4843 = DIRECTION('',(-1.,0.,0.));
#4844 = ORIENTED_EDGE('',*,*,#4845,.T.);
#4845 = EDGE_CURVE('',#4837,#4846,#4848,.T.);
#4846 = VERTEX_POINT('',#4847);
#4847 = CARTESIAN_POINT('',(7.38,-5.58,0.));
#4848 = LINE('',#4849,#4850);
#4849 = CARTESIAN_POINT('',(7.38,-2.79,0.));
#4850 = VECTOR('',#4851,1.);
#4851 = DIRECTION('',(-0.,1.,0.));
#4852 = ORIENTED_EDGE('',*,*,#4853,.T.);
#4853 = EDGE_CURVE('',#4846,#4854,#4856,.T.);
#4854 = VERTEX_POINT('',#4855);
#4855 = CARTESIAN_POINT('',(7.98,-5.58,0.));
#4856 = CIRCLE('',#4857,0.3);
#4857 = AXIS2_PLACEMENT_3D('',#4858,#4859,#4860);
#4858 = CARTESIAN_POINT('',(7.68,-5.58,0.));
#4859 = DIRECTION('',(0.,-0.,-1.));
#4860 = DIRECTION('',(1.,0.,-0.));
#4861 = ORIENTED_EDGE('',*,*,#4862,.T.);
#4862 = EDGE_CURVE('',#4854,#4835,#4863,.T.);
#4863 = LINE('',#4864,#4865);
#4864 = CARTESIAN_POINT('',(7.98,-3.34,0.));
#4865 = VECTOR('',#4866,1.);
#4866 = DIRECTION('',(0.,-1.,0.));
#4867 = FACE_BOUND('',#4868,.F.);
#4868 = EDGE_LOOP('',(#4869));
#4869 = ORIENTED_EDGE('',*,*,#4870,.T.);
#4870 = EDGE_CURVE('',#4871,#4871,#4873,.T.);
#4871 = VERTEX_POINT('',#4872);
#4872 = CARTESIAN_POINT('',(9.11,-5.925,0.));
#4873 = CIRCLE('',#4874,0.325);
#4874 = AXIS2_PLACEMENT_3D('',#4875,#4876,#4877);
#4875 = CARTESIAN_POINT('',(9.11,-5.6,0.));
#4876 = DIRECTION('',(-0.,0.,-1.));
#4877 = DIRECTION('',(-0.,-1.,0.));
#4878 = FACE_BOUND('',#4879,.F.);
#4879 = EDGE_LOOP('',(#4880,#4891,#4899,#4908));
#4880 = ORIENTED_EDGE('',*,*,#4881,.T.);
#4881 = EDGE_CURVE('',#4882,#4884,#4886,.T.);
#4882 = VERTEX_POINT('',#4883);
#4883 = CARTESIAN_POINT('',(7.98,-2.25,0.));
#4884 = VERTEX_POINT('',#4885);
#4885 = CARTESIAN_POINT('',(7.38,-2.25,0.));
#4886 = CIRCLE('',#4887,0.3);
#4887 = AXIS2_PLACEMENT_3D('',#4888,#4889,#4890);
#4888 = CARTESIAN_POINT('',(7.68,-2.25,0.));
#4889 = DIRECTION('',(-0.,0.,-1.));
#4890 = DIRECTION('',(-1.,-2.960594732334E-15,0.));
#4891 = ORIENTED_EDGE('',*,*,#4892,.T.);
#4892 = EDGE_CURVE('',#4884,#4893,#4895,.T.);
#4893 = VERTEX_POINT('',#4894);
#4894 = CARTESIAN_POINT('',(7.38,-1.65,0.));
#4895 = LINE('',#4896,#4897);
#4896 = CARTESIAN_POINT('',(7.38,-0.825,0.));
#4897 = VECTOR('',#4898,1.);
#4898 = DIRECTION('',(-0.,1.,0.));
#4899 = ORIENTED_EDGE('',*,*,#4900,.T.);
#4900 = EDGE_CURVE('',#4893,#4901,#4903,.T.);
#4901 = VERTEX_POINT('',#4902);
#4902 = CARTESIAN_POINT('',(7.98,-1.65,0.));
#4903 = CIRCLE('',#4904,0.3);
#4904 = AXIS2_PLACEMENT_3D('',#4905,#4906,#4907);
#4905 = CARTESIAN_POINT('',(7.68,-1.65,0.));
#4906 = DIRECTION('',(0.,-0.,-1.));
#4907 = DIRECTION('',(1.,2.22044604925E-15,-0.));
#4908 = ORIENTED_EDGE('',*,*,#4909,.T.);
#4909 = EDGE_CURVE('',#4901,#4882,#4910,.T.);
#4910 = LINE('',#4911,#4912);
#4911 = CARTESIAN_POINT('',(7.98,-1.125,0.));
#4912 = VECTOR('',#4913,1.);
#4913 = DIRECTION('',(0.,-1.,0.));
#4914 = FACE_BOUND('',#4915,.F.);
#4915 = EDGE_LOOP('',(#4916));
#4916 = ORIENTED_EDGE('',*,*,#4917,.T.);
#4917 = EDGE_CURVE('',#4918,#4918,#4920,.T.);
#4918 = VERTEX_POINT('',#4919);
#4919 = CARTESIAN_POINT('',(21.,-12.1,0.));
#4920 = CIRCLE('',#4921,1.1);
#4921 = AXIS2_PLACEMENT_3D('',#4922,#4923,#4924);
#4922 = CARTESIAN_POINT('',(21.,-11.,0.));
#4923 = DIRECTION('',(-0.,0.,-1.));
#4924 = DIRECTION('',(-0.,-1.,0.));
#4925 = FACE_BOUND('',#4926,.F.);
#4926 = EDGE_LOOP('',(#4927,#4938,#4946,#4955));
#4927 = ORIENTED_EDGE('',*,*,#4928,.T.);
#4928 = EDGE_CURVE('',#4929,#4931,#4933,.T.);
#4929 = VERTEX_POINT('',#4930);
#4930 = CARTESIAN_POINT('',(16.62,-6.68,0.));
#4931 = VERTEX_POINT('',#4932);
#4932 = CARTESIAN_POINT('',(16.02,-6.68,0.));
#4933 = CIRCLE('',#4934,0.3);
#4934 = AXIS2_PLACEMENT_3D('',#4935,#4936,#4937);
#4935 = CARTESIAN_POINT('',(16.32,-6.68,0.));
#4936 = DIRECTION('',(-0.,0.,-1.));
#4937 = DIRECTION('',(-1.,5.921189464667E-15,0.));
#4938 = ORIENTED_EDGE('',*,*,#4939,.T.);
#4939 = EDGE_CURVE('',#4931,#4940,#4942,.T.);
#4940 = VERTEX_POINT('',#4941);
#4941 = CARTESIAN_POINT('',(16.02,-5.58,0.));
#4942 = LINE('',#4943,#4944);
#4943 = CARTESIAN_POINT('',(16.02,-2.79,0.));
#4944 = VECTOR('',#4945,1.);
#4945 = DIRECTION('',(-0.,1.,0.));
#4946 = ORIENTED_EDGE('',*,*,#4947,.T.);
#4947 = EDGE_CURVE('',#4940,#4948,#4950,.T.);
#4948 = VERTEX_POINT('',#4949);
#4949 = CARTESIAN_POINT('',(16.62,-5.58,0.));
#4950 = CIRCLE('',#4951,0.3);
#4951 = AXIS2_PLACEMENT_3D('',#4952,#4953,#4954);
#4952 = CARTESIAN_POINT('',(16.32,-5.58,0.));
#4953 = DIRECTION('',(0.,-0.,-1.));
#4954 = DIRECTION('',(1.,-2.960594732334E-15,0.));
#4955 = ORIENTED_EDGE('',*,*,#4956,.T.);
#4956 = EDGE_CURVE('',#4948,#4929,#4957,.T.);
#4957 = LINE('',#4958,#4959);
#4958 = CARTESIAN_POINT('',(16.62,-3.34,0.));
#4959 = VECTOR('',#4960,1.);
#4960 = DIRECTION('',(0.,-1.,0.));
#4961 = FACE_BOUND('',#4962,.F.);
#4962 = EDGE_LOOP('',(#4963));
#4963 = ORIENTED_EDGE('',*,*,#4964,.T.);
#4964 = EDGE_CURVE('',#4965,#4965,#4967,.T.);
#4965 = VERTEX_POINT('',#4966);
#4966 = CARTESIAN_POINT('',(14.89,-5.925,0.));
#4967 = CIRCLE('',#4968,0.325);
#4968 = AXIS2_PLACEMENT_3D('',#4969,#4970,#4971);
#4969 = CARTESIAN_POINT('',(14.89,-5.6,0.));
#4970 = DIRECTION('',(-0.,0.,-1.));
#4971 = DIRECTION('',(-0.,-1.,0.));
#4972 = FACE_BOUND('',#4973,.F.);
#4973 = EDGE_LOOP('',(#4974,#4985,#4993,#5002));
#4974 = ORIENTED_EDGE('',*,*,#4975,.T.);
#4975 = EDGE_CURVE('',#4976,#4978,#4980,.T.);
#4976 = VERTEX_POINT('',#4977);
#4977 = CARTESIAN_POINT('',(16.62,-2.25,0.));
#4978 = VERTEX_POINT('',#4979);
#4979 = CARTESIAN_POINT('',(16.02,-2.25,0.));
#4980 = CIRCLE('',#4981,0.3);
#4981 = AXIS2_PLACEMENT_3D('',#4982,#4983,#4984);
#4982 = CARTESIAN_POINT('',(16.32,-2.25,0.));
#4983 = DIRECTION('',(-0.,0.,-1.));
#4984 = DIRECTION('',(-1.,2.960594732334E-15,0.));
#4985 = ORIENTED_EDGE('',*,*,#4986,.T.);
#4986 = EDGE_CURVE('',#4978,#4987,#4989,.T.);
#4987 = VERTEX_POINT('',#4988);
#4988 = CARTESIAN_POINT('',(16.02,-1.65,0.));
#4989 = LINE('',#4990,#4991);
#4990 = CARTESIAN_POINT('',(16.02,-0.825,0.));
#4991 = VECTOR('',#4992,1.);
#4992 = DIRECTION('',(-0.,1.,0.));
#4993 = ORIENTED_EDGE('',*,*,#4994,.T.);
#4994 = EDGE_CURVE('',#4987,#4995,#4997,.T.);
#4995 = VERTEX_POINT('',#4996);
#4996 = CARTESIAN_POINT('',(16.62,-1.65,0.));
#4997 = CIRCLE('',#4998,0.3);
#4998 = AXIS2_PLACEMENT_3D('',#4999,#5000,#5001);
#4999 = CARTESIAN_POINT('',(16.32,-1.65,0.));
#5000 = DIRECTION('',(0.,-0.,-1.));
#5001 = DIRECTION('',(1.,-2.960594732334E-15,0.));
#5002 = ORIENTED_EDGE('',*,*,#5003,.T.);
#5003 = EDGE_CURVE('',#4995,#4976,#5004,.T.);
#5004 = LINE('',#5005,#5006);
#5005 = CARTESIAN_POINT('',(16.62,-1.125,0.));
#5006 = VECTOR('',#5007,1.);
#5007 = DIRECTION('',(0.,-1.,0.));
#5008 = PLANE('',#5009);
#5009 = AXIS2_PLACEMENT_3D('',#5010,#5011,#5012);
#5010 = CARTESIAN_POINT('',(0.,0.,0.));
#5011 = DIRECTION('',(0.,0.,1.));
#5012 = DIRECTION('',(1.,0.,-0.));
#5013 = ADVANCED_FACE('',(#5014,#5025,#5036,#5047,#5058,#5069,#5080,
    #5091,#5102,#5113,#5124,#5135,#5146,#5157,#5193,#5204,#5240,#5251,
    #5287,#5298),#5334,.T.);
#5014 = FACE_BOUND('',#5015,.T.);
#5015 = EDGE_LOOP('',(#5016,#5017,#5018,#5024));
#5016 = ORIENTED_EDGE('',*,*,#4599,.F.);
#5017 = ORIENTED_EDGE('',*,*,#4639,.F.);
#5018 = ORIENTED_EDGE('',*,*,#5019,.F.);
#5019 = EDGE_CURVE('',#4662,#4632,#5020,.T.);
#5020 = LINE('',#5021,#5022);
#5021 = CARTESIAN_POINT('',(0.,0.,1.51));
#5022 = VECTOR('',#5023,1.);
#5023 = DIRECTION('',(1.,0.,0.));
#5024 = ORIENTED_EDGE('',*,*,#4661,.F.);
#5025 = FACE_BOUND('',#5026,.T.);
#5026 = EDGE_LOOP('',(#5027));
#5027 = ORIENTED_EDGE('',*,*,#5028,.T.);
#5028 = EDGE_CURVE('',#5029,#5029,#5031,.T.);
#5029 = VERTEX_POINT('',#5030);
#5030 = CARTESIAN_POINT('',(8.45,-21.575,1.51));
#5031 = CIRCLE('',#5032,0.375);
#5032 = AXIS2_PLACEMENT_3D('',#5033,#5034,#5035);
#5033 = CARTESIAN_POINT('',(8.45,-21.2,1.51));
#5034 = DIRECTION('',(-0.,0.,-1.));
#5035 = DIRECTION('',(-0.,-1.,0.));
#5036 = FACE_BOUND('',#5037,.T.);
#5037 = EDGE_LOOP('',(#5038));
#5038 = ORIENTED_EDGE('',*,*,#5039,.T.);
#5039 = EDGE_CURVE('',#5040,#5040,#5042,.T.);
#5040 = VERTEX_POINT('',#5041);
#5041 = CARTESIAN_POINT('',(10.45,-21.575,1.51));
#5042 = CIRCLE('',#5043,0.375);
#5043 = AXIS2_PLACEMENT_3D('',#5044,#5045,#5046);
#5044 = CARTESIAN_POINT('',(10.45,-21.2,1.51));
#5045 = DIRECTION('',(-0.,0.,-1.));
#5046 = DIRECTION('',(-0.,-1.,0.));
#5047 = FACE_BOUND('',#5048,.T.);
#5048 = EDGE_LOOP('',(#5049));
#5049 = ORIENTED_EDGE('',*,*,#5050,.T.);
#5050 = EDGE_CURVE('',#5051,#5051,#5053,.T.);
#5051 = VERTEX_POINT('',#5052);
#5052 = CARTESIAN_POINT('',(8.6,-13.35,1.51));
#5053 = CIRCLE('',#5054,0.45);
#5054 = AXIS2_PLACEMENT_3D('',#5055,#5056,#5057);
#5055 = CARTESIAN_POINT('',(8.6,-12.9,1.51));
#5056 = DIRECTION('',(-0.,0.,-1.));
#5057 = DIRECTION('',(-3.947459643112E-15,-1.,0.));
#5058 = FACE_BOUND('',#5059,.T.);
#5059 = EDGE_LOOP('',(#5060));
#5060 = ORIENTED_EDGE('',*,*,#5061,.T.);
#5061 = EDGE_CURVE('',#5062,#5062,#5064,.T.);
#5062 = VERTEX_POINT('',#5063);
#5063 = CARTESIAN_POINT('',(12.45,-21.575,1.51));
#5064 = CIRCLE('',#5065,0.375);
#5065 = AXIS2_PLACEMENT_3D('',#5066,#5067,#5068);
#5066 = CARTESIAN_POINT('',(12.45,-21.2,1.51));
#5067 = DIRECTION('',(-0.,0.,-1.));
#5068 = DIRECTION('',(-0.,-1.,0.));
#5069 = FACE_BOUND('',#5070,.T.);
#5070 = EDGE_LOOP('',(#5071));
#5071 = ORIENTED_EDGE('',*,*,#5072,.T.);
#5072 = EDGE_CURVE('',#5073,#5073,#5075,.T.);
#5073 = VERTEX_POINT('',#5074);
#5074 = CARTESIAN_POINT('',(14.45,-21.575,1.51));
#5075 = CIRCLE('',#5076,0.375);
#5076 = AXIS2_PLACEMENT_3D('',#5077,#5078,#5079);
#5077 = CARTESIAN_POINT('',(14.45,-21.2,1.51));
#5078 = DIRECTION('',(-0.,0.,-1.));
#5079 = DIRECTION('',(-0.,-1.,0.));
#5080 = FACE_BOUND('',#5081,.T.);
#5081 = EDGE_LOOP('',(#5082));
#5082 = ORIENTED_EDGE('',*,*,#5083,.T.);
#5083 = EDGE_CURVE('',#5084,#5084,#5086,.T.);
#5084 = VERTEX_POINT('',#5085);
#5085 = CARTESIAN_POINT('',(19.,-24.075,1.51));
#5086 = CIRCLE('',#5087,0.375);
#5087 = AXIS2_PLACEMENT_3D('',#5088,#5089,#5090);
#5088 = CARTESIAN_POINT('',(19.,-23.7,1.51));
#5089 = DIRECTION('',(-0.,0.,-1.));
#5090 = DIRECTION('',(-0.,-1.,0.));
#5091 = FACE_BOUND('',#5092,.T.);
#5092 = EDGE_LOOP('',(#5093));
#5093 = ORIENTED_EDGE('',*,*,#5094,.T.);
#5094 = EDGE_CURVE('',#5095,#5095,#5097,.T.);
#5095 = VERTEX_POINT('',#5096);
#5096 = CARTESIAN_POINT('',(19.,-22.075,1.51));
#5097 = CIRCLE('',#5098,0.375);
#5098 = AXIS2_PLACEMENT_3D('',#5099,#5100,#5101);
#5099 = CARTESIAN_POINT('',(19.,-21.7,1.51));
#5100 = DIRECTION('',(-0.,0.,-1.));
#5101 = DIRECTION('',(-0.,-1.,0.));
#5102 = FACE_BOUND('',#5103,.T.);
#5103 = EDGE_LOOP('',(#5104));
#5104 = ORIENTED_EDGE('',*,*,#5105,.T.);
#5105 = EDGE_CURVE('',#5106,#5106,#5108,.T.);
#5106 = VERTEX_POINT('',#5107);
#5107 = CARTESIAN_POINT('',(19.,-20.075,1.51));
#5108 = CIRCLE('',#5109,0.375);
#5109 = AXIS2_PLACEMENT_3D('',#5110,#5111,#5112);
#5110 = CARTESIAN_POINT('',(19.,-19.7,1.51));
#5111 = DIRECTION('',(-0.,0.,-1.));
#5112 = DIRECTION('',(-0.,-1.,0.));
#5113 = FACE_BOUND('',#5114,.T.);
#5114 = EDGE_LOOP('',(#5115));
#5115 = ORIENTED_EDGE('',*,*,#5116,.T.);
#5116 = EDGE_CURVE('',#5117,#5117,#5119,.T.);
#5117 = VERTEX_POINT('',#5118);
#5118 = CARTESIAN_POINT('',(15.4,-13.35,1.51));
#5119 = CIRCLE('',#5120,0.45);
#5120 = AXIS2_PLACEMENT_3D('',#5121,#5122,#5123);
#5121 = CARTESIAN_POINT('',(15.4,-12.9,1.51));
#5122 = DIRECTION('',(-0.,0.,-1.));
#5123 = DIRECTION('',(3.947459643112E-15,-1.,-0.));
#5124 = FACE_BOUND('',#5125,.T.);
#5125 = EDGE_LOOP('',(#5126));
#5126 = ORIENTED_EDGE('',*,*,#5127,.T.);
#5127 = EDGE_CURVE('',#5128,#5128,#5130,.T.);
#5128 = VERTEX_POINT('',#5129);
#5129 = CARTESIAN_POINT('',(19.,-18.075,1.51));
#5130 = CIRCLE('',#5131,0.375);
#5131 = AXIS2_PLACEMENT_3D('',#5132,#5133,#5134);
#5132 = CARTESIAN_POINT('',(19.,-17.7,1.51));
#5133 = DIRECTION('',(-0.,0.,-1.));
#5134 = DIRECTION('',(-0.,-1.,0.));
#5135 = FACE_BOUND('',#5136,.T.);
#5136 = EDGE_LOOP('',(#5137));
#5137 = ORIENTED_EDGE('',*,*,#5138,.T.);
#5138 = EDGE_CURVE('',#5139,#5139,#5141,.T.);
#5139 = VERTEX_POINT('',#5140);
#5140 = CARTESIAN_POINT('',(19.,-16.075,1.51));
#5141 = CIRCLE('',#5142,0.375);
#5142 = AXIS2_PLACEMENT_3D('',#5143,#5144,#5145);
#5143 = CARTESIAN_POINT('',(19.,-15.7,1.51));
#5144 = DIRECTION('',(-0.,0.,-1.));
#5145 = DIRECTION('',(-0.,-1.,0.));
#5146 = FACE_BOUND('',#5147,.T.);
#5147 = EDGE_LOOP('',(#5148));
#5148 = ORIENTED_EDGE('',*,*,#5149,.T.);
#5149 = EDGE_CURVE('',#5150,#5150,#5152,.T.);
#5150 = VERTEX_POINT('',#5151);
#5151 = CARTESIAN_POINT('',(3.,-12.1,1.51));
#5152 = CIRCLE('',#5153,1.1);
#5153 = AXIS2_PLACEMENT_3D('',#5154,#5155,#5156);
#5154 = CARTESIAN_POINT('',(3.,-11.,1.51));
#5155 = DIRECTION('',(-0.,0.,-1.));
#5156 = DIRECTION('',(-0.,-1.,0.));
#5157 = FACE_BOUND('',#5158,.T.);
#5158 = EDGE_LOOP('',(#5159,#5170,#5178,#5187));
#5159 = ORIENTED_EDGE('',*,*,#5160,.T.);
#5160 = EDGE_CURVE('',#5161,#5163,#5165,.T.);
#5161 = VERTEX_POINT('',#5162);
#5162 = CARTESIAN_POINT('',(7.98,-6.68,1.51));
#5163 = VERTEX_POINT('',#5164);
#5164 = CARTESIAN_POINT('',(7.38,-6.68,1.51));
#5165 = CIRCLE('',#5166,0.3);
#5166 = AXIS2_PLACEMENT_3D('',#5167,#5168,#5169);
#5167 = CARTESIAN_POINT('',(7.68,-6.68,1.51));
#5168 = DIRECTION('',(-0.,0.,-1.));
#5169 = DIRECTION('',(-1.,0.,0.));
#5170 = ORIENTED_EDGE('',*,*,#5171,.T.);
#5171 = EDGE_CURVE('',#5163,#5172,#5174,.T.);
#5172 = VERTEX_POINT('',#5173);
#5173 = CARTESIAN_POINT('',(7.38,-5.58,1.51));
#5174 = LINE('',#5175,#5176);
#5175 = CARTESIAN_POINT('',(7.38,-2.79,1.51));
#5176 = VECTOR('',#5177,1.);
#5177 = DIRECTION('',(-0.,1.,0.));
#5178 = ORIENTED_EDGE('',*,*,#5179,.T.);
#5179 = EDGE_CURVE('',#5172,#5180,#5182,.T.);
#5180 = VERTEX_POINT('',#5181);
#5181 = CARTESIAN_POINT('',(7.98,-5.58,1.51));
#5182 = CIRCLE('',#5183,0.3);
#5183 = AXIS2_PLACEMENT_3D('',#5184,#5185,#5186);
#5184 = CARTESIAN_POINT('',(7.68,-5.58,1.51));
#5185 = DIRECTION('',(0.,-0.,-1.));
#5186 = DIRECTION('',(1.,0.,-0.));
#5187 = ORIENTED_EDGE('',*,*,#5188,.T.);
#5188 = EDGE_CURVE('',#5180,#5161,#5189,.T.);
#5189 = LINE('',#5190,#5191);
#5190 = CARTESIAN_POINT('',(7.98,-3.34,1.51));
#5191 = VECTOR('',#5192,1.);
#5192 = DIRECTION('',(0.,-1.,0.));
#5193 = FACE_BOUND('',#5194,.T.);
#5194 = EDGE_LOOP('',(#5195));
#5195 = ORIENTED_EDGE('',*,*,#5196,.T.);
#5196 = EDGE_CURVE('',#5197,#5197,#5199,.T.);
#5197 = VERTEX_POINT('',#5198);
#5198 = CARTESIAN_POINT('',(9.11,-5.925,1.51));
#5199 = CIRCLE('',#5200,0.325);
#5200 = AXIS2_PLACEMENT_3D('',#5201,#5202,#5203);
#5201 = CARTESIAN_POINT('',(9.11,-5.6,1.51));
#5202 = DIRECTION('',(-0.,0.,-1.));
#5203 = DIRECTION('',(-0.,-1.,0.));
#5204 = FACE_BOUND('',#5205,.T.);
#5205 = EDGE_LOOP('',(#5206,#5217,#5225,#5234));
#5206 = ORIENTED_EDGE('',*,*,#5207,.T.);
#5207 = EDGE_CURVE('',#5208,#5210,#5212,.T.);
#5208 = VERTEX_POINT('',#5209);
#5209 = CARTESIAN_POINT('',(7.98,-2.25,1.51));
#5210 = VERTEX_POINT('',#5211);
#5211 = CARTESIAN_POINT('',(7.38,-2.25,1.51));
#5212 = CIRCLE('',#5213,0.3);
#5213 = AXIS2_PLACEMENT_3D('',#5214,#5215,#5216);
#5214 = CARTESIAN_POINT('',(7.68,-2.25,1.51));
#5215 = DIRECTION('',(-0.,0.,-1.));
#5216 = DIRECTION('',(-1.,-2.960594732334E-15,0.));
#5217 = ORIENTED_EDGE('',*,*,#5218,.T.);
#5218 = EDGE_CURVE('',#5210,#5219,#5221,.T.);
#5219 = VERTEX_POINT('',#5220);
#5220 = CARTESIAN_POINT('',(7.38,-1.65,1.51));
#5221 = LINE('',#5222,#5223);
#5222 = CARTESIAN_POINT('',(7.38,-0.825,1.51));
#5223 = VECTOR('',#5224,1.);
#5224 = DIRECTION('',(-0.,1.,0.));
#5225 = ORIENTED_EDGE('',*,*,#5226,.T.);
#5226 = EDGE_CURVE('',#5219,#5227,#5229,.T.);
#5227 = VERTEX_POINT('',#5228);
#5228 = CARTESIAN_POINT('',(7.98,-1.65,1.51));
#5229 = CIRCLE('',#5230,0.3);
#5230 = AXIS2_PLACEMENT_3D('',#5231,#5232,#5233);
#5231 = CARTESIAN_POINT('',(7.68,-1.65,1.51));
#5232 = DIRECTION('',(0.,-0.,-1.));
#5233 = DIRECTION('',(1.,2.22044604925E-15,-0.));
#5234 = ORIENTED_EDGE('',*,*,#5235,.T.);
#5235 = EDGE_CURVE('',#5227,#5208,#5236,.T.);
#5236 = LINE('',#5237,#5238);
#5237 = CARTESIAN_POINT('',(7.98,-1.125,1.51));
#5238 = VECTOR('',#5239,1.);
#5239 = DIRECTION('',(0.,-1.,0.));
#5240 = FACE_BOUND('',#5241,.T.);
#5241 = EDGE_LOOP('',(#5242));
#5242 = ORIENTED_EDGE('',*,*,#5243,.T.);
#5243 = EDGE_CURVE('',#5244,#5244,#5246,.T.);
#5244 = VERTEX_POINT('',#5245);
#5245 = CARTESIAN_POINT('',(21.,-12.1,1.51));
#5246 = CIRCLE('',#5247,1.1);
#5247 = AXIS2_PLACEMENT_3D('',#5248,#5249,#5250);
#5248 = CARTESIAN_POINT('',(21.,-11.,1.51));
#5249 = DIRECTION('',(-0.,0.,-1.));
#5250 = DIRECTION('',(-0.,-1.,0.));
#5251 = FACE_BOUND('',#5252,.T.);
#5252 = EDGE_LOOP('',(#5253,#5264,#5272,#5281));
#5253 = ORIENTED_EDGE('',*,*,#5254,.T.);
#5254 = EDGE_CURVE('',#5255,#5257,#5259,.T.);
#5255 = VERTEX_POINT('',#5256);
#5256 = CARTESIAN_POINT('',(16.62,-6.68,1.51));
#5257 = VERTEX_POINT('',#5258);
#5258 = CARTESIAN_POINT('',(16.02,-6.68,1.51));
#5259 = CIRCLE('',#5260,0.3);
#5260 = AXIS2_PLACEMENT_3D('',#5261,#5262,#5263);
#5261 = CARTESIAN_POINT('',(16.32,-6.68,1.51));
#5262 = DIRECTION('',(-0.,0.,-1.));
#5263 = DIRECTION('',(-1.,5.921189464667E-15,0.));
#5264 = ORIENTED_EDGE('',*,*,#5265,.T.);
#5265 = EDGE_CURVE('',#5257,#5266,#5268,.T.);
#5266 = VERTEX_POINT('',#5267);
#5267 = CARTESIAN_POINT('',(16.02,-5.58,1.51));
#5268 = LINE('',#5269,#5270);
#5269 = CARTESIAN_POINT('',(16.02,-2.79,1.51));
#5270 = VECTOR('',#5271,1.);
#5271 = DIRECTION('',(-0.,1.,0.));
#5272 = ORIENTED_EDGE('',*,*,#5273,.T.);
#5273 = EDGE_CURVE('',#5266,#5274,#5276,.T.);
#5274 = VERTEX_POINT('',#5275);
#5275 = CARTESIAN_POINT('',(16.62,-5.58,1.51));
#5276 = CIRCLE('',#5277,0.3);
#5277 = AXIS2_PLACEMENT_3D('',#5278,#5279,#5280);
#5278 = CARTESIAN_POINT('',(16.32,-5.58,1.51));
#5279 = DIRECTION('',(0.,-0.,-1.));
#5280 = DIRECTION('',(1.,-2.960594732334E-15,0.));
#5281 = ORIENTED_EDGE('',*,*,#5282,.T.);
#5282 = EDGE_CURVE('',#5274,#5255,#5283,.T.);
#5283 = LINE('',#5284,#5285);
#5284 = CARTESIAN_POINT('',(16.62,-3.34,1.51));
#5285 = VECTOR('',#5286,1.);
#5286 = DIRECTION('',(0.,-1.,0.));
#5287 = FACE_BOUND('',#5288,.T.);
#5288 = EDGE_LOOP('',(#5289));
#5289 = ORIENTED_EDGE('',*,*,#5290,.T.);
#5290 = EDGE_CURVE('',#5291,#5291,#5293,.T.);
#5291 = VERTEX_POINT('',#5292);
#5292 = CARTESIAN_POINT('',(14.89,-5.925,1.51));
#5293 = CIRCLE('',#5294,0.325);
#5294 = AXIS2_PLACEMENT_3D('',#5295,#5296,#5297);
#5295 = CARTESIAN_POINT('',(14.89,-5.6,1.51));
#5296 = DIRECTION('',(-0.,0.,-1.));
#5297 = DIRECTION('',(-0.,-1.,0.));
#5298 = FACE_BOUND('',#5299,.T.);
#5299 = EDGE_LOOP('',(#5300,#5311,#5319,#5328));
#5300 = ORIENTED_EDGE('',*,*,#5301,.T.);
#5301 = EDGE_CURVE('',#5302,#5304,#5306,.T.);
#5302 = VERTEX_POINT('',#5303);
#5303 = CARTESIAN_POINT('',(16.62,-2.25,1.51));
#5304 = VERTEX_POINT('',#5305);
#5305 = CARTESIAN_POINT('',(16.02,-2.25,1.51));
#5306 = CIRCLE('',#5307,0.3);
#5307 = AXIS2_PLACEMENT_3D('',#5308,#5309,#5310);
#5308 = CARTESIAN_POINT('',(16.32,-2.25,1.51));
#5309 = DIRECTION('',(-0.,0.,-1.));
#5310 = DIRECTION('',(-1.,2.960594732334E-15,0.));
#5311 = ORIENTED_EDGE('',*,*,#5312,.T.);
#5312 = EDGE_CURVE('',#5304,#5313,#5315,.T.);
#5313 = VERTEX_POINT('',#5314);
#5314 = CARTESIAN_POINT('',(16.02,-1.65,1.51));
#5315 = LINE('',#5316,#5317);
#5316 = CARTESIAN_POINT('',(16.02,-0.825,1.51));
#5317 = VECTOR('',#5318,1.);
#5318 = DIRECTION('',(-0.,1.,0.));
#5319 = ORIENTED_EDGE('',*,*,#5320,.T.);
#5320 = EDGE_CURVE('',#5313,#5321,#5323,.T.);
#5321 = VERTEX_POINT('',#5322);
#5322 = CARTESIAN_POINT('',(16.62,-1.65,1.51));
#5323 = CIRCLE('',#5324,0.3);
#5324 = AXIS2_PLACEMENT_3D('',#5325,#5326,#5327);
#5325 = CARTESIAN_POINT('',(16.32,-1.65,1.51));
#5326 = DIRECTION('',(0.,-0.,-1.));
#5327 = DIRECTION('',(1.,-2.960594732334E-15,0.));
#5328 = ORIENTED_EDGE('',*,*,#5329,.T.);
#5329 = EDGE_CURVE('',#5321,#5302,#5330,.T.);
#5330 = LINE('',#5331,#5332);
#5331 = CARTESIAN_POINT('',(16.62,-1.125,1.51));
#5332 = VECTOR('',#5333,1.);
#5333 = DIRECTION('',(0.,-1.,0.));
#5334 = PLANE('',#5335);
#5335 = AXIS2_PLACEMENT_3D('',#5336,#5337,#5338);
#5336 = CARTESIAN_POINT('',(0.,0.,1.51));
#5337 = DIRECTION('',(0.,0.,1.));
#5338 = DIRECTION('',(1.,0.,-0.));
#5339 = ADVANCED_FACE('',(#5340),#5346,.T.);
#5340 = FACE_BOUND('',#5341,.T.);
#5341 = EDGE_LOOP('',(#5342,#5343,#5344,#5345));
#5342 = ORIENTED_EDGE('',*,*,#4669,.T.);
#5343 = ORIENTED_EDGE('',*,*,#5019,.T.);
#5344 = ORIENTED_EDGE('',*,*,#4629,.F.);
#5345 = ORIENTED_EDGE('',*,*,#4693,.F.);
#5346 = PLANE('',#5347);
#5347 = AXIS2_PLACEMENT_3D('',#5348,#5349,#5350);
#5348 = CARTESIAN_POINT('',(0.,0.,0.));
#5349 = DIRECTION('',(0.,1.,0.));
#5350 = DIRECTION('',(1.,0.,0.));
#5351 = ADVANCED_FACE('',(#5352),#5363,.F.);
#5352 = FACE_BOUND('',#5353,.T.);
#5353 = EDGE_LOOP('',(#5354,#5355,#5361,#5362));
#5354 = ORIENTED_EDGE('',*,*,#4702,.T.);
#5355 = ORIENTED_EDGE('',*,*,#5356,.T.);
#5356 = EDGE_CURVE('',#4703,#5029,#5357,.T.);
#5357 = LINE('',#5358,#5359);
#5358 = CARTESIAN_POINT('',(8.45,-21.575,-4.6E-02));
#5359 = VECTOR('',#5360,1.);
#5360 = DIRECTION('',(0.,0.,1.));
#5361 = ORIENTED_EDGE('',*,*,#5028,.F.);
#5362 = ORIENTED_EDGE('',*,*,#5356,.F.);
#5363 = CYLINDRICAL_SURFACE('',#5364,0.375);
#5364 = AXIS2_PLACEMENT_3D('',#5365,#5366,#5367);
#5365 = CARTESIAN_POINT('',(8.45,-21.2,-4.6E-02));
#5366 = DIRECTION('',(-0.,-0.,-1.));
#5367 = DIRECTION('',(-0.,-1.,0.));
#5368 = ADVANCED_FACE('',(#5369),#5380,.F.);
#5369 = FACE_BOUND('',#5370,.T.);
#5370 = EDGE_LOOP('',(#5371,#5372,#5378,#5379));
#5371 = ORIENTED_EDGE('',*,*,#4713,.T.);
#5372 = ORIENTED_EDGE('',*,*,#5373,.T.);
#5373 = EDGE_CURVE('',#4714,#5040,#5374,.T.);
#5374 = LINE('',#5375,#5376);
#5375 = CARTESIAN_POINT('',(10.45,-21.575,-4.6E-02));
#5376 = VECTOR('',#5377,1.);
#5377 = DIRECTION('',(0.,0.,1.));
#5378 = ORIENTED_EDGE('',*,*,#5039,.F.);
#5379 = ORIENTED_EDGE('',*,*,#5373,.F.);
#5380 = CYLINDRICAL_SURFACE('',#5381,0.375);
#5381 = AXIS2_PLACEMENT_3D('',#5382,#5383,#5384);
#5382 = CARTESIAN_POINT('',(10.45,-21.2,-4.6E-02));
#5383 = DIRECTION('',(-0.,-0.,-1.));
#5384 = DIRECTION('',(-0.,-1.,0.));
#5385 = ADVANCED_FACE('',(#5386),#5397,.F.);
#5386 = FACE_BOUND('',#5387,.T.);
#5387 = EDGE_LOOP('',(#5388,#5389,#5395,#5396));
#5388 = ORIENTED_EDGE('',*,*,#4724,.T.);
#5389 = ORIENTED_EDGE('',*,*,#5390,.T.);
#5390 = EDGE_CURVE('',#4725,#5051,#5391,.T.);
#5391 = LINE('',#5392,#5393);
#5392 = CARTESIAN_POINT('',(8.6,-13.35,-4.6E-02));
#5393 = VECTOR('',#5394,1.);
#5394 = DIRECTION('',(0.,0.,1.));
#5395 = ORIENTED_EDGE('',*,*,#5050,.F.);
#5396 = ORIENTED_EDGE('',*,*,#5390,.F.);
#5397 = CYLINDRICAL_SURFACE('',#5398,0.45);
#5398 = AXIS2_PLACEMENT_3D('',#5399,#5400,#5401);
#5399 = CARTESIAN_POINT('',(8.6,-12.9,-4.6E-02));
#5400 = DIRECTION('',(-0.,-0.,-1.));
#5401 = DIRECTION('',(-3.947459643112E-15,-1.,0.));
#5402 = ADVANCED_FACE('',(#5403),#5414,.F.);
#5403 = FACE_BOUND('',#5404,.T.);
#5404 = EDGE_LOOP('',(#5405,#5406,#5412,#5413));
#5405 = ORIENTED_EDGE('',*,*,#4735,.T.);
#5406 = ORIENTED_EDGE('',*,*,#5407,.T.);
#5407 = EDGE_CURVE('',#4736,#5062,#5408,.T.);
#5408 = LINE('',#5409,#5410);
#5409 = CARTESIAN_POINT('',(12.45,-21.575,-4.6E-02));
#5410 = VECTOR('',#5411,1.);
#5411 = DIRECTION('',(0.,0.,1.));
#5412 = ORIENTED_EDGE('',*,*,#5061,.F.);
#5413 = ORIENTED_EDGE('',*,*,#5407,.F.);
#5414 = CYLINDRICAL_SURFACE('',#5415,0.375);
#5415 = AXIS2_PLACEMENT_3D('',#5416,#5417,#5418);
#5416 = CARTESIAN_POINT('',(12.45,-21.2,-4.6E-02));
#5417 = DIRECTION('',(-0.,-0.,-1.));
#5418 = DIRECTION('',(-0.,-1.,0.));
#5419 = ADVANCED_FACE('',(#5420),#5431,.F.);
#5420 = FACE_BOUND('',#5421,.T.);
#5421 = EDGE_LOOP('',(#5422,#5423,#5429,#5430));
#5422 = ORIENTED_EDGE('',*,*,#4746,.T.);
#5423 = ORIENTED_EDGE('',*,*,#5424,.T.);
#5424 = EDGE_CURVE('',#4747,#5073,#5425,.T.);
#5425 = LINE('',#5426,#5427);
#5426 = CARTESIAN_POINT('',(14.45,-21.575,-4.6E-02));
#5427 = VECTOR('',#5428,1.);
#5428 = DIRECTION('',(0.,0.,1.));
#5429 = ORIENTED_EDGE('',*,*,#5072,.F.);
#5430 = ORIENTED_EDGE('',*,*,#5424,.F.);
#5431 = CYLINDRICAL_SURFACE('',#5432,0.375);
#5432 = AXIS2_PLACEMENT_3D('',#5433,#5434,#5435);
#5433 = CARTESIAN_POINT('',(14.45,-21.2,-4.6E-02));
#5434 = DIRECTION('',(-0.,-0.,-1.));
#5435 = DIRECTION('',(-0.,-1.,0.));
#5436 = ADVANCED_FACE('',(#5437),#5448,.F.);
#5437 = FACE_BOUND('',#5438,.T.);
#5438 = EDGE_LOOP('',(#5439,#5440,#5446,#5447));
#5439 = ORIENTED_EDGE('',*,*,#4757,.T.);
#5440 = ORIENTED_EDGE('',*,*,#5441,.T.);
#5441 = EDGE_CURVE('',#4758,#5084,#5442,.T.);
#5442 = LINE('',#5443,#5444);
#5443 = CARTESIAN_POINT('',(19.,-24.075,-4.6E-02));
#5444 = VECTOR('',#5445,1.);
#5445 = DIRECTION('',(0.,0.,1.));
#5446 = ORIENTED_EDGE('',*,*,#5083,.F.);
#5447 = ORIENTED_EDGE('',*,*,#5441,.F.);
#5448 = CYLINDRICAL_SURFACE('',#5449,0.375);
#5449 = AXIS2_PLACEMENT_3D('',#5450,#5451,#5452);
#5450 = CARTESIAN_POINT('',(19.,-23.7,-4.6E-02));
#5451 = DIRECTION('',(-0.,-0.,-1.));
#5452 = DIRECTION('',(-0.,-1.,0.));
#5453 = ADVANCED_FACE('',(#5454),#5465,.F.);
#5454 = FACE_BOUND('',#5455,.T.);
#5455 = EDGE_LOOP('',(#5456,#5457,#5463,#5464));
#5456 = ORIENTED_EDGE('',*,*,#4768,.T.);
#5457 = ORIENTED_EDGE('',*,*,#5458,.T.);
#5458 = EDGE_CURVE('',#4769,#5095,#5459,.T.);
#5459 = LINE('',#5460,#5461);
#5460 = CARTESIAN_POINT('',(19.,-22.075,-4.6E-02));
#5461 = VECTOR('',#5462,1.);
#5462 = DIRECTION('',(0.,0.,1.));
#5463 = ORIENTED_EDGE('',*,*,#5094,.F.);
#5464 = ORIENTED_EDGE('',*,*,#5458,.F.);
#5465 = CYLINDRICAL_SURFACE('',#5466,0.375);
#5466 = AXIS2_PLACEMENT_3D('',#5467,#5468,#5469);
#5467 = CARTESIAN_POINT('',(19.,-21.7,-4.6E-02));
#5468 = DIRECTION('',(-0.,-0.,-1.));
#5469 = DIRECTION('',(-0.,-1.,0.));
#5470 = ADVANCED_FACE('',(#5471),#5482,.F.);
#5471 = FACE_BOUND('',#5472,.T.);
#5472 = EDGE_LOOP('',(#5473,#5474,#5480,#5481));
#5473 = ORIENTED_EDGE('',*,*,#4779,.T.);
#5474 = ORIENTED_EDGE('',*,*,#5475,.T.);
#5475 = EDGE_CURVE('',#4780,#5106,#5476,.T.);
#5476 = LINE('',#5477,#5478);
#5477 = CARTESIAN_POINT('',(19.,-20.075,-4.6E-02));
#5478 = VECTOR('',#5479,1.);
#5479 = DIRECTION('',(0.,0.,1.));
#5480 = ORIENTED_EDGE('',*,*,#5105,.F.);
#5481 = ORIENTED_EDGE('',*,*,#5475,.F.);
#5482 = CYLINDRICAL_SURFACE('',#5483,0.375);
#5483 = AXIS2_PLACEMENT_3D('',#5484,#5485,#5486);
#5484 = CARTESIAN_POINT('',(19.,-19.7,-4.6E-02));
#5485 = DIRECTION('',(-0.,-0.,-1.));
#5486 = DIRECTION('',(-0.,-1.,0.));
#5487 = ADVANCED_FACE('',(#5488),#5499,.F.);
#5488 = FACE_BOUND('',#5489,.T.);
#5489 = EDGE_LOOP('',(#5490,#5491,#5497,#5498));
#5490 = ORIENTED_EDGE('',*,*,#4790,.T.);
#5491 = ORIENTED_EDGE('',*,*,#5492,.T.);
#5492 = EDGE_CURVE('',#4791,#5117,#5493,.T.);
#5493 = LINE('',#5494,#5495);
#5494 = CARTESIAN_POINT('',(15.4,-13.35,-4.6E-02));
#5495 = VECTOR('',#5496,1.);
#5496 = DIRECTION('',(0.,0.,1.));
#5497 = ORIENTED_EDGE('',*,*,#5116,.F.);
#5498 = ORIENTED_EDGE('',*,*,#5492,.F.);
#5499 = CYLINDRICAL_SURFACE('',#5500,0.45);
#5500 = AXIS2_PLACEMENT_3D('',#5501,#5502,#5503);
#5501 = CARTESIAN_POINT('',(15.4,-12.9,-4.6E-02));
#5502 = DIRECTION('',(-0.,0.,-1.));
#5503 = DIRECTION('',(3.947459643112E-15,-1.,-0.));
#5504 = ADVANCED_FACE('',(#5505),#5516,.F.);
#5505 = FACE_BOUND('',#5506,.T.);
#5506 = EDGE_LOOP('',(#5507,#5508,#5514,#5515));
#5507 = ORIENTED_EDGE('',*,*,#4801,.T.);
#5508 = ORIENTED_EDGE('',*,*,#5509,.T.);
#5509 = EDGE_CURVE('',#4802,#5128,#5510,.T.);
#5510 = LINE('',#5511,#5512);
#5511 = CARTESIAN_POINT('',(19.,-18.075,-4.6E-02));
#5512 = VECTOR('',#5513,1.);
#5513 = DIRECTION('',(0.,0.,1.));
#5514 = ORIENTED_EDGE('',*,*,#5127,.F.);
#5515 = ORIENTED_EDGE('',*,*,#5509,.F.);
#5516 = CYLINDRICAL_SURFACE('',#5517,0.375);
#5517 = AXIS2_PLACEMENT_3D('',#5518,#5519,#5520);
#5518 = CARTESIAN_POINT('',(19.,-17.7,-4.6E-02));
#5519 = DIRECTION('',(-0.,-0.,-1.));
#5520 = DIRECTION('',(-0.,-1.,0.));
#5521 = ADVANCED_FACE('',(#5522),#5533,.F.);
#5522 = FACE_BOUND('',#5523,.T.);
#5523 = EDGE_LOOP('',(#5524,#5525,#5531,#5532));
#5524 = ORIENTED_EDGE('',*,*,#4812,.T.);
#5525 = ORIENTED_EDGE('',*,*,#5526,.T.);
#5526 = EDGE_CURVE('',#4813,#5139,#5527,.T.);
#5527 = LINE('',#5528,#5529);
#5528 = CARTESIAN_POINT('',(19.,-16.075,-4.6E-02));
#5529 = VECTOR('',#5530,1.);
#5530 = DIRECTION('',(0.,0.,1.));
#5531 = ORIENTED_EDGE('',*,*,#5138,.F.);
#5532 = ORIENTED_EDGE('',*,*,#5526,.F.);
#5533 = CYLINDRICAL_SURFACE('',#5534,0.375);
#5534 = AXIS2_PLACEMENT_3D('',#5535,#5536,#5537);
#5535 = CARTESIAN_POINT('',(19.,-15.7,-4.6E-02));
#5536 = DIRECTION('',(-0.,-0.,-1.));
#5537 = DIRECTION('',(-0.,-1.,0.));
#5538 = ADVANCED_FACE('',(#5539),#5550,.F.);
#5539 = FACE_BOUND('',#5540,.T.);
#5540 = EDGE_LOOP('',(#5541,#5542,#5548,#5549));
#5541 = ORIENTED_EDGE('',*,*,#4823,.T.);
#5542 = ORIENTED_EDGE('',*,*,#5543,.T.);
#5543 = EDGE_CURVE('',#4824,#5150,#5544,.T.);
#5544 = LINE('',#5545,#5546);
#5545 = CARTESIAN_POINT('',(3.,-12.1,-4.6E-02));
#5546 = VECTOR('',#5547,1.);
#5547 = DIRECTION('',(0.,0.,1.));
#5548 = ORIENTED_EDGE('',*,*,#5149,.F.);
#5549 = ORIENTED_EDGE('',*,*,#5543,.F.);
#5550 = CYLINDRICAL_SURFACE('',#5551,1.1);
#5551 = AXIS2_PLACEMENT_3D('',#5552,#5553,#5554);
#5552 = CARTESIAN_POINT('',(3.,-11.,-4.6E-02));
#5553 = DIRECTION('',(-0.,-0.,-1.));
#5554 = DIRECTION('',(-0.,-1.,0.));
#5555 = ADVANCED_FACE('',(#5556),#5572,.F.);
#5556 = FACE_BOUND('',#5557,.T.);
#5557 = EDGE_LOOP('',(#5558,#5559,#5565,#5566));
#5558 = ORIENTED_EDGE('',*,*,#4834,.T.);
#5559 = ORIENTED_EDGE('',*,*,#5560,.T.);
#5560 = EDGE_CURVE('',#4837,#5163,#5561,.T.);
#5561 = LINE('',#5562,#5563);
#5562 = CARTESIAN_POINT('',(7.38,-6.68,-4.6E-02));
#5563 = VECTOR('',#5564,1.);
#5564 = DIRECTION('',(0.,0.,1.));
#5565 = ORIENTED_EDGE('',*,*,#5160,.F.);
#5566 = ORIENTED_EDGE('',*,*,#5567,.F.);
#5567 = EDGE_CURVE('',#4835,#5161,#5568,.T.);
#5568 = LINE('',#5569,#5570);
#5569 = CARTESIAN_POINT('',(7.98,-6.68,-4.6E-02));
#5570 = VECTOR('',#5571,1.);
#5571 = DIRECTION('',(0.,0.,1.));
#5572 = CYLINDRICAL_SURFACE('',#5573,0.3);
#5573 = AXIS2_PLACEMENT_3D('',#5574,#5575,#5576);
#5574 = CARTESIAN_POINT('',(7.68,-6.68,-4.6E-02));
#5575 = DIRECTION('',(-0.,-0.,-1.));
#5576 = DIRECTION('',(-1.,0.,-0.));
#5577 = ADVANCED_FACE('',(#5578),#5589,.T.);
#5578 = FACE_BOUND('',#5579,.T.);
#5579 = EDGE_LOOP('',(#5580,#5581,#5582,#5583));
#5580 = ORIENTED_EDGE('',*,*,#4862,.T.);
#5581 = ORIENTED_EDGE('',*,*,#5567,.T.);
#5582 = ORIENTED_EDGE('',*,*,#5188,.F.);
#5583 = ORIENTED_EDGE('',*,*,#5584,.F.);
#5584 = EDGE_CURVE('',#4854,#5180,#5585,.T.);
#5585 = LINE('',#5586,#5587);
#5586 = CARTESIAN_POINT('',(7.98,-5.58,-4.6E-02));
#5587 = VECTOR('',#5588,1.);
#5588 = DIRECTION('',(0.,0.,1.));
#5589 = PLANE('',#5590);
#5590 = AXIS2_PLACEMENT_3D('',#5591,#5592,#5593);
#5591 = CARTESIAN_POINT('',(7.98,-6.68,-4.6E-02));
#5592 = DIRECTION('',(-1.,0.,0.));
#5593 = DIRECTION('',(0.,1.,0.));
#5594 = ADVANCED_FACE('',(#5595),#5606,.F.);
#5595 = FACE_BOUND('',#5596,.T.);
#5596 = EDGE_LOOP('',(#5597,#5598,#5599,#5600));
#5597 = ORIENTED_EDGE('',*,*,#4853,.T.);
#5598 = ORIENTED_EDGE('',*,*,#5584,.T.);
#5599 = ORIENTED_EDGE('',*,*,#5179,.F.);
#5600 = ORIENTED_EDGE('',*,*,#5601,.F.);
#5601 = EDGE_CURVE('',#4846,#5172,#5602,.T.);
#5602 = LINE('',#5603,#5604);
#5603 = CARTESIAN_POINT('',(7.38,-5.58,-4.6E-02));
#5604 = VECTOR('',#5605,1.);
#5605 = DIRECTION('',(0.,0.,1.));
#5606 = CYLINDRICAL_SURFACE('',#5607,0.3);
#5607 = AXIS2_PLACEMENT_3D('',#5608,#5609,#5610);
#5608 = CARTESIAN_POINT('',(7.68,-5.58,-4.6E-02));
#5609 = DIRECTION('',(-0.,-0.,-1.));
#5610 = DIRECTION('',(1.,0.,-0.));
#5611 = ADVANCED_FACE('',(#5612),#5618,.T.);
#5612 = FACE_BOUND('',#5613,.T.);
#5613 = EDGE_LOOP('',(#5614,#5615,#5616,#5617));
#5614 = ORIENTED_EDGE('',*,*,#4845,.T.);
#5615 = ORIENTED_EDGE('',*,*,#5601,.T.);
#5616 = ORIENTED_EDGE('',*,*,#5171,.F.);
#5617 = ORIENTED_EDGE('',*,*,#5560,.F.);
#5618 = PLANE('',#5619);
#5619 = AXIS2_PLACEMENT_3D('',#5620,#5621,#5622);
#5620 = CARTESIAN_POINT('',(7.38,-5.58,-4.6E-02));
#5621 = DIRECTION('',(1.,0.,-0.));
#5622 = DIRECTION('',(0.,-1.,0.));
#5623 = ADVANCED_FACE('',(#5624),#5635,.F.);
#5624 = FACE_BOUND('',#5625,.T.);
#5625 = EDGE_LOOP('',(#5626,#5627,#5633,#5634));
#5626 = ORIENTED_EDGE('',*,*,#4870,.T.);
#5627 = ORIENTED_EDGE('',*,*,#5628,.T.);
#5628 = EDGE_CURVE('',#4871,#5197,#5629,.T.);
#5629 = LINE('',#5630,#5631);
#5630 = CARTESIAN_POINT('',(9.11,-5.925,-4.6E-02));
#5631 = VECTOR('',#5632,1.);
#5632 = DIRECTION('',(0.,0.,1.));
#5633 = ORIENTED_EDGE('',*,*,#5196,.F.);
#5634 = ORIENTED_EDGE('',*,*,#5628,.F.);
#5635 = CYLINDRICAL_SURFACE('',#5636,0.325);
#5636 = AXIS2_PLACEMENT_3D('',#5637,#5638,#5639);
#5637 = CARTESIAN_POINT('',(9.11,-5.6,-4.6E-02));
#5638 = DIRECTION('',(-0.,-0.,-1.));
#5639 = DIRECTION('',(-0.,-1.,0.));
#5640 = ADVANCED_FACE('',(#5641),#5657,.F.);
#5641 = FACE_BOUND('',#5642,.T.);
#5642 = EDGE_LOOP('',(#5643,#5644,#5650,#5651));
#5643 = ORIENTED_EDGE('',*,*,#4881,.T.);
#5644 = ORIENTED_EDGE('',*,*,#5645,.T.);
#5645 = EDGE_CURVE('',#4884,#5210,#5646,.T.);
#5646 = LINE('',#5647,#5648);
#5647 = CARTESIAN_POINT('',(7.38,-2.25,-4.6E-02));
#5648 = VECTOR('',#5649,1.);
#5649 = DIRECTION('',(0.,0.,1.));
#5650 = ORIENTED_EDGE('',*,*,#5207,.F.);
#5651 = ORIENTED_EDGE('',*,*,#5652,.F.);
#5652 = EDGE_CURVE('',#4882,#5208,#5653,.T.);
#5653 = LINE('',#5654,#5655);
#5654 = CARTESIAN_POINT('',(7.98,-2.25,-4.6E-02));
#5655 = VECTOR('',#5656,1.);
#5656 = DIRECTION('',(0.,0.,1.));
#5657 = CYLINDRICAL_SURFACE('',#5658,0.3);
#5658 = AXIS2_PLACEMENT_3D('',#5659,#5660,#5661);
#5659 = CARTESIAN_POINT('',(7.68,-2.25,-4.6E-02));
#5660 = DIRECTION('',(-0.,-0.,-1.));
#5661 = DIRECTION('',(-1.,-2.960594732334E-15,0.));
#5662 = ADVANCED_FACE('',(#5663),#5674,.T.);
#5663 = FACE_BOUND('',#5664,.T.);
#5664 = EDGE_LOOP('',(#5665,#5666,#5667,#5668));
#5665 = ORIENTED_EDGE('',*,*,#4909,.T.);
#5666 = ORIENTED_EDGE('',*,*,#5652,.T.);
#5667 = ORIENTED_EDGE('',*,*,#5235,.F.);
#5668 = ORIENTED_EDGE('',*,*,#5669,.F.);
#5669 = EDGE_CURVE('',#4901,#5227,#5670,.T.);
#5670 = LINE('',#5671,#5672);
#5671 = CARTESIAN_POINT('',(7.98,-1.65,-4.6E-02));
#5672 = VECTOR('',#5673,1.);
#5673 = DIRECTION('',(0.,0.,1.));
#5674 = PLANE('',#5675);
#5675 = AXIS2_PLACEMENT_3D('',#5676,#5677,#5678);
#5676 = CARTESIAN_POINT('',(7.98,-2.25,-4.6E-02));
#5677 = DIRECTION('',(-1.,0.,0.));
#5678 = DIRECTION('',(0.,1.,0.));
#5679 = ADVANCED_FACE('',(#5680),#5691,.F.);
#5680 = FACE_BOUND('',#5681,.T.);
#5681 = EDGE_LOOP('',(#5682,#5683,#5684,#5685));
#5682 = ORIENTED_EDGE('',*,*,#4900,.T.);
#5683 = ORIENTED_EDGE('',*,*,#5669,.T.);
#5684 = ORIENTED_EDGE('',*,*,#5226,.F.);
#5685 = ORIENTED_EDGE('',*,*,#5686,.F.);
#5686 = EDGE_CURVE('',#4893,#5219,#5687,.T.);
#5687 = LINE('',#5688,#5689);
#5688 = CARTESIAN_POINT('',(7.38,-1.65,-4.6E-02));
#5689 = VECTOR('',#5690,1.);
#5690 = DIRECTION('',(0.,0.,1.));
#5691 = CYLINDRICAL_SURFACE('',#5692,0.3);
#5692 = AXIS2_PLACEMENT_3D('',#5693,#5694,#5695);
#5693 = CARTESIAN_POINT('',(7.68,-1.65,-4.6E-02));
#5694 = DIRECTION('',(-0.,-0.,-1.));
#5695 = DIRECTION('',(1.,2.22044604925E-15,-0.));
#5696 = ADVANCED_FACE('',(#5697),#5703,.T.);
#5697 = FACE_BOUND('',#5698,.T.);
#5698 = EDGE_LOOP('',(#5699,#5700,#5701,#5702));
#5699 = ORIENTED_EDGE('',*,*,#4892,.T.);
#5700 = ORIENTED_EDGE('',*,*,#5686,.T.);
#5701 = ORIENTED_EDGE('',*,*,#5218,.F.);
#5702 = ORIENTED_EDGE('',*,*,#5645,.F.);
#5703 = PLANE('',#5704);
#5704 = AXIS2_PLACEMENT_3D('',#5705,#5706,#5707);
#5705 = CARTESIAN_POINT('',(7.38,-1.65,-4.6E-02));
#5706 = DIRECTION('',(1.,0.,-0.));
#5707 = DIRECTION('',(0.,-1.,0.));
#5708 = ADVANCED_FACE('',(#5709),#5720,.F.);
#5709 = FACE_BOUND('',#5710,.T.);
#5710 = EDGE_LOOP('',(#5711,#5712,#5718,#5719));
#5711 = ORIENTED_EDGE('',*,*,#4917,.T.);
#5712 = ORIENTED_EDGE('',*,*,#5713,.T.);
#5713 = EDGE_CURVE('',#4918,#5244,#5714,.T.);
#5714 = LINE('',#5715,#5716);
#5715 = CARTESIAN_POINT('',(21.,-12.1,-4.6E-02));
#5716 = VECTOR('',#5717,1.);
#5717 = DIRECTION('',(0.,0.,1.));
#5718 = ORIENTED_EDGE('',*,*,#5243,.F.);
#5719 = ORIENTED_EDGE('',*,*,#5713,.F.);
#5720 = CYLINDRICAL_SURFACE('',#5721,1.1);
#5721 = AXIS2_PLACEMENT_3D('',#5722,#5723,#5724);
#5722 = CARTESIAN_POINT('',(21.,-11.,-4.6E-02));
#5723 = DIRECTION('',(-0.,-0.,-1.));
#5724 = DIRECTION('',(-0.,-1.,0.));
#5725 = ADVANCED_FACE('',(#5726),#5742,.F.);
#5726 = FACE_BOUND('',#5727,.T.);
#5727 = EDGE_LOOP('',(#5728,#5729,#5735,#5736));
#5728 = ORIENTED_EDGE('',*,*,#4928,.T.);
#5729 = ORIENTED_EDGE('',*,*,#5730,.T.);
#5730 = EDGE_CURVE('',#4931,#5257,#5731,.T.);
#5731 = LINE('',#5732,#5733);
#5732 = CARTESIAN_POINT('',(16.02,-6.68,-4.6E-02));
#5733 = VECTOR('',#5734,1.);
#5734 = DIRECTION('',(0.,0.,1.));
#5735 = ORIENTED_EDGE('',*,*,#5254,.F.);
#5736 = ORIENTED_EDGE('',*,*,#5737,.F.);
#5737 = EDGE_CURVE('',#4929,#5255,#5738,.T.);
#5738 = LINE('',#5739,#5740);
#5739 = CARTESIAN_POINT('',(16.62,-6.68,-4.6E-02));
#5740 = VECTOR('',#5741,1.);
#5741 = DIRECTION('',(0.,0.,1.));
#5742 = CYLINDRICAL_SURFACE('',#5743,0.3);
#5743 = AXIS2_PLACEMENT_3D('',#5744,#5745,#5746);
#5744 = CARTESIAN_POINT('',(16.32,-6.68,-4.6E-02));
#5745 = DIRECTION('',(-0.,-0.,-1.));
#5746 = DIRECTION('',(-1.,5.921189464667E-15,-0.));
#5747 = ADVANCED_FACE('',(#5748),#5759,.T.);
#5748 = FACE_BOUND('',#5749,.T.);
#5749 = EDGE_LOOP('',(#5750,#5751,#5752,#5753));
#5750 = ORIENTED_EDGE('',*,*,#4956,.T.);
#5751 = ORIENTED_EDGE('',*,*,#5737,.T.);
#5752 = ORIENTED_EDGE('',*,*,#5282,.F.);
#5753 = ORIENTED_EDGE('',*,*,#5754,.F.);
#5754 = EDGE_CURVE('',#4948,#5274,#5755,.T.);
#5755 = LINE('',#5756,#5757);
#5756 = CARTESIAN_POINT('',(16.62,-5.58,-4.6E-02));
#5757 = VECTOR('',#5758,1.);
#5758 = DIRECTION('',(0.,0.,1.));
#5759 = PLANE('',#5760);
#5760 = AXIS2_PLACEMENT_3D('',#5761,#5762,#5763);
#5761 = CARTESIAN_POINT('',(16.62,-6.68,-4.6E-02));
#5762 = DIRECTION('',(-1.,0.,0.));
#5763 = DIRECTION('',(0.,1.,0.));
#5764 = ADVANCED_FACE('',(#5765),#5776,.F.);
#5765 = FACE_BOUND('',#5766,.T.);
#5766 = EDGE_LOOP('',(#5767,#5768,#5769,#5770));
#5767 = ORIENTED_EDGE('',*,*,#4947,.T.);
#5768 = ORIENTED_EDGE('',*,*,#5754,.T.);
#5769 = ORIENTED_EDGE('',*,*,#5273,.F.);
#5770 = ORIENTED_EDGE('',*,*,#5771,.F.);
#5771 = EDGE_CURVE('',#4940,#5266,#5772,.T.);
#5772 = LINE('',#5773,#5774);
#5773 = CARTESIAN_POINT('',(16.02,-5.58,-4.6E-02));
#5774 = VECTOR('',#5775,1.);
#5775 = DIRECTION('',(0.,0.,1.));
#5776 = CYLINDRICAL_SURFACE('',#5777,0.3);
#5777 = AXIS2_PLACEMENT_3D('',#5778,#5779,#5780);
#5778 = CARTESIAN_POINT('',(16.32,-5.58,-4.6E-02));
#5779 = DIRECTION('',(-0.,-0.,-1.));
#5780 = DIRECTION('',(1.,-2.960594732334E-15,0.));
#5781 = ADVANCED_FACE('',(#5782),#5788,.T.);
#5782 = FACE_BOUND('',#5783,.T.);
#5783 = EDGE_LOOP('',(#5784,#5785,#5786,#5787));
#5784 = ORIENTED_EDGE('',*,*,#4939,.T.);
#5785 = ORIENTED_EDGE('',*,*,#5771,.T.);
#5786 = ORIENTED_EDGE('',*,*,#5265,.F.);
#5787 = ORIENTED_EDGE('',*,*,#5730,.F.);
#5788 = PLANE('',#5789);
#5789 = AXIS2_PLACEMENT_3D('',#5790,#5791,#5792);
#5790 = CARTESIAN_POINT('',(16.02,-5.58,-4.6E-02));
#5791 = DIRECTION('',(1.,0.,-0.));
#5792 = DIRECTION('',(0.,-1.,0.));
#5793 = ADVANCED_FACE('',(#5794),#5805,.F.);
#5794 = FACE_BOUND('',#5795,.T.);
#5795 = EDGE_LOOP('',(#5796,#5797,#5803,#5804));
#5796 = ORIENTED_EDGE('',*,*,#4964,.T.);
#5797 = ORIENTED_EDGE('',*,*,#5798,.T.);
#5798 = EDGE_CURVE('',#4965,#5291,#5799,.T.);
#5799 = LINE('',#5800,#5801);
#5800 = CARTESIAN_POINT('',(14.89,-5.925,-4.6E-02));
#5801 = VECTOR('',#5802,1.);
#5802 = DIRECTION('',(0.,0.,1.));
#5803 = ORIENTED_EDGE('',*,*,#5290,.F.);
#5804 = ORIENTED_EDGE('',*,*,#5798,.F.);
#5805 = CYLINDRICAL_SURFACE('',#5806,0.325);
#5806 = AXIS2_PLACEMENT_3D('',#5807,#5808,#5809);
#5807 = CARTESIAN_POINT('',(14.89,-5.6,-4.6E-02));
#5808 = DIRECTION('',(-0.,-0.,-1.));
#5809 = DIRECTION('',(-0.,-1.,0.));
#5810 = ADVANCED_FACE('',(#5811),#5827,.F.);
#5811 = FACE_BOUND('',#5812,.T.);
#5812 = EDGE_LOOP('',(#5813,#5814,#5820,#5821));
#5813 = ORIENTED_EDGE('',*,*,#4975,.T.);
#5814 = ORIENTED_EDGE('',*,*,#5815,.T.);
#5815 = EDGE_CURVE('',#4978,#5304,#5816,.T.);
#5816 = LINE('',#5817,#5818);
#5817 = CARTESIAN_POINT('',(16.02,-2.25,-4.6E-02));
#5818 = VECTOR('',#5819,1.);
#5819 = DIRECTION('',(0.,0.,1.));
#5820 = ORIENTED_EDGE('',*,*,#5301,.F.);
#5821 = ORIENTED_EDGE('',*,*,#5822,.F.);
#5822 = EDGE_CURVE('',#4976,#5302,#5823,.T.);
#5823 = LINE('',#5824,#5825);
#5824 = CARTESIAN_POINT('',(16.62,-2.25,-4.6E-02));
#5825 = VECTOR('',#5826,1.);
#5826 = DIRECTION('',(0.,0.,1.));
#5827 = CYLINDRICAL_SURFACE('',#5828,0.3);
#5828 = AXIS2_PLACEMENT_3D('',#5829,#5830,#5831);
#5829 = CARTESIAN_POINT('',(16.32,-2.25,-4.6E-02));
#5830 = DIRECTION('',(-0.,-0.,-1.));
#5831 = DIRECTION('',(-1.,2.960594732334E-15,-0.));
#5832 = ADVANCED_FACE('',(#5833),#5844,.T.);
#5833 = FACE_BOUND('',#5834,.T.);
#5834 = EDGE_LOOP('',(#5835,#5836,#5837,#5838));
#5835 = ORIENTED_EDGE('',*,*,#5003,.T.);
#5836 = ORIENTED_EDGE('',*,*,#5822,.T.);
#5837 = ORIENTED_EDGE('',*,*,#5329,.F.);
#5838 = ORIENTED_EDGE('',*,*,#5839,.F.);
#5839 = EDGE_CURVE('',#4995,#5321,#5840,.T.);
#5840 = LINE('',#5841,#5842);
#5841 = CARTESIAN_POINT('',(16.62,-1.65,-4.6E-02));
#5842 = VECTOR('',#5843,1.);
#5843 = DIRECTION('',(0.,0.,1.));
#5844 = PLANE('',#5845);
#5845 = AXIS2_PLACEMENT_3D('',#5846,#5847,#5848);
#5846 = CARTESIAN_POINT('',(16.62,-2.25,-4.6E-02));
#5847 = DIRECTION('',(-1.,0.,0.));
#5848 = DIRECTION('',(0.,1.,0.));
#5849 = ADVANCED_FACE('',(#5850),#5861,.F.);
#5850 = FACE_BOUND('',#5851,.T.);
#5851 = EDGE_LOOP('',(#5852,#5853,#5854,#5855));
#5852 = ORIENTED_EDGE('',*,*,#4994,.T.);
#5853 = ORIENTED_EDGE('',*,*,#5839,.T.);
#5854 = ORIENTED_EDGE('',*,*,#5320,.F.);
#5855 = ORIENTED_EDGE('',*,*,#5856,.F.);
#5856 = EDGE_CURVE('',#4987,#5313,#5857,.T.);
#5857 = LINE('',#5858,#5859);
#5858 = CARTESIAN_POINT('',(16.02,-1.65,-4.6E-02));
#5859 = VECTOR('',#5860,1.);
#5860 = DIRECTION('',(0.,0.,1.));
#5861 = CYLINDRICAL_SURFACE('',#5862,0.3);
#5862 = AXIS2_PLACEMENT_3D('',#5863,#5864,#5865);
#5863 = CARTESIAN_POINT('',(16.32,-1.65,-4.6E-02));
#5864 = DIRECTION('',(-0.,-0.,-1.));
#5865 = DIRECTION('',(1.,-2.960594732334E-15,0.));
#5866 = ADVANCED_FACE('',(#5867),#5873,.T.);
#5867 = FACE_BOUND('',#5868,.T.);
#5868 = EDGE_LOOP('',(#5869,#5870,#5871,#5872));
#5869 = ORIENTED_EDGE('',*,*,#4986,.T.);
#5870 = ORIENTED_EDGE('',*,*,#5856,.T.);
#5871 = ORIENTED_EDGE('',*,*,#5312,.F.);
#5872 = ORIENTED_EDGE('',*,*,#5815,.F.);
#5873 = PLANE('',#5874);
#5874 = AXIS2_PLACEMENT_3D('',#5875,#5876,#5877);
#5875 = CARTESIAN_POINT('',(16.02,-1.65,-4.6E-02));
#5876 = DIRECTION('',(1.,0.,-0.));
#5877 = DIRECTION('',(0.,-1.,0.));
#5878 = ( GEOMETRIC_REPRESENTATION_CONTEXT(3) 
GLOBAL_UNCERTAINTY_ASSIGNED_CONTEXT((#5882)) 
GLOBAL_UNIT_ASSIGNED_CONTEXT((#5879,#5880,#5881)) REPRESENTATION_CONTEXT
('Context #1','3D Context with UNIT and UNCERTAINTY') );
#5879 = ( LENGTH_UNIT() NAMED_UNIT(*) SI_UNIT(.MILLI.,.METRE.) );
#5880 = ( NAMED_UNIT(*) PLANE_ANGLE_UNIT() SI_UNIT($,.RADIAN.) );
#5881 = ( NAMED_UNIT(*) SI_UNIT($,.STERADIAN.) SOLID_ANGLE_UNIT() );
#5882 = UNCERTAINTY_MEASURE_WITH_UNIT(LENGTH_MEASURE(1.E-07),#5879,
  'distance_accuracy_value','confusion accuracy');
#5883 = CONTEXT_DEPENDENT_SHAPE_REPRESENTATION(#5884,#5886);
#5884 = ( REPRESENTATION_RELATIONSHIP('','',#4582,#10) 
REPRESENTATION_RELATIONSHIP_WITH_TRANSFORMATION(#5885) 
SHAPE_REPRESENTATION_RELATIONSHIP() );
#5885 = ITEM_DEFINED_TRANSFORMATION('','',#11,#19);
#5886 = PRODUCT_DEFINITION_SHAPE('Placement','Placement of an item',
  #5887);
#5887 = NEXT_ASSEMBLY_USAGE_OCCURRENCE('3','=>[0:1:1:4]','',#5,#4577,$);
#5888 = PRODUCT_RELATED_PRODUCT_CATEGORY('part',$,(#4579));
#5889 = MECHANICAL_DESIGN_GEOMETRIC_PRESENTATION_REPRESENTATION('',(
    #5890),#5878);
#5890 = STYLED_ITEM('color',(#5891),#4583);
#5891 = PRESENTATION_STYLE_ASSIGNMENT((#5892));
#5892 = SURFACE_STYLE_USAGE(.BOTH.,#5893);
#5893 = SURFACE_SIDE_STYLE('',(#5894));
#5894 = SURFACE_STYLE_FILL_AREA(#5895);
#5895 = FILL_AREA_STYLE('',(#5896));
#5896 = FILL_AREA_STYLE_COLOUR('',#5897);
#5897 = COLOUR_RGB('',0.313304153717,0.484529207832,0.410020903123);
#5898 = MECHANICAL_DESIGN_GEOMETRIC_PRESENTATION_REPRESENTATION('',(
    #5899,#5907,#5914,#5921,#5928,#5935,#5942,#5949,#5956,#5963,#5970,
    #5977,#5984,#5991,#5998,#6005,#6012,#6019,#6026,#6033,#6040,#6047,
    #6054,#6061,#6068,#6075,#6082,#6089,#6096,#6103,#6110,#6117,#6124,
    #6131,#6138,#6145,#6152,#6159,#6166,#6173,#6180,#6187,#6194,#6201,
    #6208,#6215,#6222,#6229,#6236,#6243,#6250,#6257,#6264,#6271,#6278,
    #6285,#6293,#6300,#6307,#6314,#6321,#6328,#6335,#6342,#6349,#6356,
    #6363,#6370,#6377,#6384,#6391,#6398,#6405,#6412,#6419,#6426,#6433,
    #6440,#6447,#6454,#6461,#6468,#6475,#6482,#6489,#6496,#6503,#6510,
    #6517,#6524,#6531,#6538,#6545,#6552,#6559,#6566,#6573,#6580,#6587,
    #6594,#6601,#6608,#6615,#6622,#6629,#6636,#6643,#6650,#6657,#6664,
    #6671,#6678,#6685,#6692,#6699,#6706,#6713,#6720,#6727,#6734,#6741,
    #6748,#6755,#6762,#6769,#6776,#6783,#6790,#6797,#6804,#6811,#6818,
    #6825,#6832,#6839,#6846,#6853,#6860,#6867,#6874,#6881,#6888,#6895,
    #6902,#6909,#6916,#6923,#6930,#6937),#4564);
#5899 = STYLED_ITEM('color',(#5900),#62);
#5900 = PRESENTATION_STYLE_ASSIGNMENT((#5901));
#5901 = SURFACE_STYLE_USAGE(.BOTH.,#5902);
#5902 = SURFACE_SIDE_STYLE('',(#5903));
#5903 = SURFACE_STYLE_FILL_AREA(#5904);
#5904 = FILL_AREA_STYLE('',(#5905));
#5905 = FILL_AREA_STYLE_COLOUR('',#5906);
#5906 = COLOUR_RGB('',0.894117649055,0.890196087049,0.811764731185);
#5907 = STYLED_ITEM('color',(#5908),#102);
#5908 = PRESENTATION_STYLE_ASSIGNMENT((#5909));
#5909 = SURFACE_STYLE_USAGE(.BOTH.,#5910);
#5910 = SURFACE_SIDE_STYLE('',(#5911));
#5911 = SURFACE_STYLE_FILL_AREA(#5912);
#5912 = FILL_AREA_STYLE('',(#5913));
#5913 = FILL_AREA_STYLE_COLOUR('',#5906);
#5914 = STYLED_ITEM('color',(#5915),#166);
#5915 = PRESENTATION_STYLE_ASSIGNMENT((#5916));
#5916 = SURFACE_STYLE_USAGE(.BOTH.,#5917);
#5917 = SURFACE_SIDE_STYLE('',(#5918));
#5918 = SURFACE_STYLE_FILL_AREA(#5919);
#5919 = FILL_AREA_STYLE('',(#5920));
#5920 = FILL_AREA_STYLE_COLOUR('',#5906);
#5921 = STYLED_ITEM('color',(#5922),#318);
#5922 = PRESENTATION_STYLE_ASSIGNMENT((#5923));
#5923 = SURFACE_STYLE_USAGE(.BOTH.,#5924);
#5924 = SURFACE_SIDE_STYLE('',(#5925));
#5925 = SURFACE_STYLE_FILL_AREA(#5926);
#5926 = FILL_AREA_STYLE('',(#5927));
#5927 = FILL_AREA_STYLE_COLOUR('',#5906);
#5928 = STYLED_ITEM('color',(#5929),#358);
#5929 = PRESENTATION_STYLE_ASSIGNMENT((#5930));
#5930 = SURFACE_STYLE_USAGE(.BOTH.,#5931);
#5931 = SURFACE_SIDE_STYLE('',(#5932));
#5932 = SURFACE_STYLE_FILL_AREA(#5933);
#5933 = FILL_AREA_STYLE('',(#5934));
#5934 = FILL_AREA_STYLE_COLOUR('',#5906);
#5935 = STYLED_ITEM('color',(#5936),#633);
#5936 = PRESENTATION_STYLE_ASSIGNMENT((#5937));
#5937 = SURFACE_STYLE_USAGE(.BOTH.,#5938);
#5938 = SURFACE_SIDE_STYLE('',(#5939));
#5939 = SURFACE_STYLE_FILL_AREA(#5940);
#5940 = FILL_AREA_STYLE('',(#5941));
#5941 = FILL_AREA_STYLE_COLOUR('',#5906);
#5942 = STYLED_ITEM('color',(#5943),#673);
#5943 = PRESENTATION_STYLE_ASSIGNMENT((#5944));
#5944 = SURFACE_STYLE_USAGE(.BOTH.,#5945);
#5945 = SURFACE_SIDE_STYLE('',(#5946));
#5946 = SURFACE_STYLE_FILL_AREA(#5947);
#5947 = FILL_AREA_STYLE('',(#5948));
#5948 = FILL_AREA_STYLE_COLOUR('',#5906);
#5949 = STYLED_ITEM('color',(#5950),#697);
#5950 = PRESENTATION_STYLE_ASSIGNMENT((#5951));
#5951 = SURFACE_STYLE_USAGE(.BOTH.,#5952);
#5952 = SURFACE_SIDE_STYLE('',(#5953));
#5953 = SURFACE_STYLE_FILL_AREA(#5954);
#5954 = FILL_AREA_STYLE('',(#5955));
#5955 = FILL_AREA_STYLE_COLOUR('',#5906);
#5956 = STYLED_ITEM('color',(#5957),#722);
#5957 = PRESENTATION_STYLE_ASSIGNMENT((#5958));
#5958 = SURFACE_STYLE_USAGE(.BOTH.,#5959);
#5959 = SURFACE_SIDE_STYLE('',(#5960));
#5960 = SURFACE_STYLE_FILL_AREA(#5961);
#5961 = FILL_AREA_STYLE('',(#5962));
#5962 = FILL_AREA_STYLE_COLOUR('',#5906);
#5963 = STYLED_ITEM('color',(#5964),#746);
#5964 = PRESENTATION_STYLE_ASSIGNMENT((#5965));
#5965 = SURFACE_STYLE_USAGE(.BOTH.,#5966);
#5966 = SURFACE_SIDE_STYLE('',(#5967));
#5967 = SURFACE_STYLE_FILL_AREA(#5968);
#5968 = FILL_AREA_STYLE('',(#5969));
#5969 = FILL_AREA_STYLE_COLOUR('',#5906);
#5970 = STYLED_ITEM('color',(#5971),#795);
#5971 = PRESENTATION_STYLE_ASSIGNMENT((#5972));
#5972 = SURFACE_STYLE_USAGE(.BOTH.,#5973);
#5973 = SURFACE_SIDE_STYLE('',(#5974));
#5974 = SURFACE_STYLE_FILL_AREA(#5975);
#5975 = FILL_AREA_STYLE('',(#5976));
#5976 = FILL_AREA_STYLE_COLOUR('',#5906);
#5977 = STYLED_ITEM('color',(#5978),#817);
#5978 = PRESENTATION_STYLE_ASSIGNMENT((#5979));
#5979 = SURFACE_STYLE_USAGE(.BOTH.,#5980);
#5980 = SURFACE_SIDE_STYLE('',(#5981));
#5981 = SURFACE_STYLE_FILL_AREA(#5982);
#5982 = FILL_AREA_STYLE('',(#5983));
#5983 = FILL_AREA_STYLE_COLOUR('',#5906);
#5984 = STYLED_ITEM('color',(#5985),#850);
#5985 = PRESENTATION_STYLE_ASSIGNMENT((#5986));
#5986 = SURFACE_STYLE_USAGE(.BOTH.,#5987);
#5987 = SURFACE_SIDE_STYLE('',(#5988));
#5988 = SURFACE_STYLE_FILL_AREA(#5989);
#5989 = FILL_AREA_STYLE('',(#5990));
#5990 = FILL_AREA_STYLE_COLOUR('',#5906);
#5991 = STYLED_ITEM('color',(#5992),#874);
#5992 = PRESENTATION_STYLE_ASSIGNMENT((#5993));
#5993 = SURFACE_STYLE_USAGE(.BOTH.,#5994);
#5994 = SURFACE_SIDE_STYLE('',(#5995));
#5995 = SURFACE_STYLE_FILL_AREA(#5996);
#5996 = FILL_AREA_STYLE('',(#5997));
#5997 = FILL_AREA_STYLE_COLOUR('',#5906);
#5998 = STYLED_ITEM('color',(#5999),#905);
#5999 = PRESENTATION_STYLE_ASSIGNMENT((#6000));
#6000 = SURFACE_STYLE_USAGE(.BOTH.,#6001);
#6001 = SURFACE_SIDE_STYLE('',(#6002));
#6002 = SURFACE_STYLE_FILL_AREA(#6003);
#6003 = FILL_AREA_STYLE('',(#6004));
#6004 = FILL_AREA_STYLE_COLOUR('',#5906);
#6005 = STYLED_ITEM('color',(#6006),#922);
#6006 = PRESENTATION_STYLE_ASSIGNMENT((#6007));
#6007 = SURFACE_STYLE_USAGE(.BOTH.,#6008);
#6008 = SURFACE_SIDE_STYLE('',(#6009));
#6009 = SURFACE_STYLE_FILL_AREA(#6010);
#6010 = FILL_AREA_STYLE('',(#6011));
#6011 = FILL_AREA_STYLE_COLOUR('',#5906);
#6012 = STYLED_ITEM('color',(#6013),#955);
#6013 = PRESENTATION_STYLE_ASSIGNMENT((#6014));
#6014 = SURFACE_STYLE_USAGE(.BOTH.,#6015);
#6015 = SURFACE_SIDE_STYLE('',(#6016));
#6016 = SURFACE_STYLE_FILL_AREA(#6017);
#6017 = FILL_AREA_STYLE('',(#6018));
#6018 = FILL_AREA_STYLE_COLOUR('',#5906);
#6019 = STYLED_ITEM('color',(#6020),#979);
#6020 = PRESENTATION_STYLE_ASSIGNMENT((#6021));
#6021 = SURFACE_STYLE_USAGE(.BOTH.,#6022);
#6022 = SURFACE_SIDE_STYLE('',(#6023));
#6023 = SURFACE_STYLE_FILL_AREA(#6024);
#6024 = FILL_AREA_STYLE('',(#6025));
#6025 = FILL_AREA_STYLE_COLOUR('',#5906);
#6026 = STYLED_ITEM('color',(#6027),#1010);
#6027 = PRESENTATION_STYLE_ASSIGNMENT((#6028));
#6028 = SURFACE_STYLE_USAGE(.BOTH.,#6029);
#6029 = SURFACE_SIDE_STYLE('',(#6030));
#6030 = SURFACE_STYLE_FILL_AREA(#6031);
#6031 = FILL_AREA_STYLE('',(#6032));
#6032 = FILL_AREA_STYLE_COLOUR('',#5906);
#6033 = STYLED_ITEM('color',(#6034),#1027);
#6034 = PRESENTATION_STYLE_ASSIGNMENT((#6035));
#6035 = SURFACE_STYLE_USAGE(.BOTH.,#6036);
#6036 = SURFACE_SIDE_STYLE('',(#6037));
#6037 = SURFACE_STYLE_FILL_AREA(#6038);
#6038 = FILL_AREA_STYLE('',(#6039));
#6039 = FILL_AREA_STYLE_COLOUR('',#5906);
#6040 = STYLED_ITEM('color',(#6041),#1060);
#6041 = PRESENTATION_STYLE_ASSIGNMENT((#6042));
#6042 = SURFACE_STYLE_USAGE(.BOTH.,#6043);
#6043 = SURFACE_SIDE_STYLE('',(#6044));
#6044 = SURFACE_STYLE_FILL_AREA(#6045);
#6045 = FILL_AREA_STYLE('',(#6046));
#6046 = FILL_AREA_STYLE_COLOUR('',#5906);
#6047 = STYLED_ITEM('color',(#6048),#1084);
#6048 = PRESENTATION_STYLE_ASSIGNMENT((#6049));
#6049 = SURFACE_STYLE_USAGE(.BOTH.,#6050);
#6050 = SURFACE_SIDE_STYLE('',(#6051));
#6051 = SURFACE_STYLE_FILL_AREA(#6052);
#6052 = FILL_AREA_STYLE('',(#6053));
#6053 = FILL_AREA_STYLE_COLOUR('',#5906);
#6054 = STYLED_ITEM('color',(#6055),#1115);
#6055 = PRESENTATION_STYLE_ASSIGNMENT((#6056));
#6056 = SURFACE_STYLE_USAGE(.BOTH.,#6057);
#6057 = SURFACE_SIDE_STYLE('',(#6058));
#6058 = SURFACE_STYLE_FILL_AREA(#6059);
#6059 = FILL_AREA_STYLE('',(#6060));
#6060 = FILL_AREA_STYLE_COLOUR('',#5906);
#6061 = STYLED_ITEM('color',(#6062),#1132);
#6062 = PRESENTATION_STYLE_ASSIGNMENT((#6063));
#6063 = SURFACE_STYLE_USAGE(.BOTH.,#6064);
#6064 = SURFACE_SIDE_STYLE('',(#6065));
#6065 = SURFACE_STYLE_FILL_AREA(#6066);
#6066 = FILL_AREA_STYLE('',(#6067));
#6067 = FILL_AREA_STYLE_COLOUR('',#5906);
#6068 = STYLED_ITEM('color',(#6069),#1165);
#6069 = PRESENTATION_STYLE_ASSIGNMENT((#6070));
#6070 = SURFACE_STYLE_USAGE(.BOTH.,#6071);
#6071 = SURFACE_SIDE_STYLE('',(#6072));
#6072 = SURFACE_STYLE_FILL_AREA(#6073);
#6073 = FILL_AREA_STYLE('',(#6074));
#6074 = FILL_AREA_STYLE_COLOUR('',#5906);
#6075 = STYLED_ITEM('color',(#6076),#1182);
#6076 = PRESENTATION_STYLE_ASSIGNMENT((#6077));
#6077 = SURFACE_STYLE_USAGE(.BOTH.,#6078);
#6078 = SURFACE_SIDE_STYLE('',(#6079));
#6079 = SURFACE_STYLE_FILL_AREA(#6080);
#6080 = FILL_AREA_STYLE('',(#6081));
#6081 = FILL_AREA_STYLE_COLOUR('',#5906);
#6082 = STYLED_ITEM('color',(#6083),#1225);
#6083 = PRESENTATION_STYLE_ASSIGNMENT((#6084));
#6084 = SURFACE_STYLE_USAGE(.BOTH.,#6085);
#6085 = SURFACE_SIDE_STYLE('',(#6086));
#6086 = SURFACE_STYLE_FILL_AREA(#6087);
#6087 = FILL_AREA_STYLE('',(#6088));
#6088 = FILL_AREA_STYLE_COLOUR('',#5906);
#6089 = STYLED_ITEM('color',(#6090),#1242);
#6090 = PRESENTATION_STYLE_ASSIGNMENT((#6091));
#6091 = SURFACE_STYLE_USAGE(.BOTH.,#6092);
#6092 = SURFACE_SIDE_STYLE('',(#6093));
#6093 = SURFACE_STYLE_FILL_AREA(#6094);
#6094 = FILL_AREA_STYLE('',(#6095));
#6095 = FILL_AREA_STYLE_COLOUR('',#5906);
#6096 = STYLED_ITEM('color',(#6097),#1288);
#6097 = PRESENTATION_STYLE_ASSIGNMENT((#6098));
#6098 = SURFACE_STYLE_USAGE(.BOTH.,#6099);
#6099 = SURFACE_SIDE_STYLE('',(#6100));
#6100 = SURFACE_STYLE_FILL_AREA(#6101);
#6101 = FILL_AREA_STYLE('',(#6102));
#6102 = FILL_AREA_STYLE_COLOUR('',#5906);
#6103 = STYLED_ITEM('color',(#6104),#1305);
#6104 = PRESENTATION_STYLE_ASSIGNMENT((#6105));
#6105 = SURFACE_STYLE_USAGE(.BOTH.,#6106);
#6106 = SURFACE_SIDE_STYLE('',(#6107));
#6107 = SURFACE_STYLE_FILL_AREA(#6108);
#6108 = FILL_AREA_STYLE('',(#6109));
#6109 = FILL_AREA_STYLE_COLOUR('',#5906);
#6110 = STYLED_ITEM('color',(#6111),#1322);
#6111 = PRESENTATION_STYLE_ASSIGNMENT((#6112));
#6112 = SURFACE_STYLE_USAGE(.BOTH.,#6113);
#6113 = SURFACE_SIDE_STYLE('',(#6114));
#6114 = SURFACE_STYLE_FILL_AREA(#6115);
#6115 = FILL_AREA_STYLE('',(#6116));
#6116 = FILL_AREA_STYLE_COLOUR('',#5906);
#6117 = STYLED_ITEM('color',(#6118),#1339);
#6118 = PRESENTATION_STYLE_ASSIGNMENT((#6119));
#6119 = SURFACE_STYLE_USAGE(.BOTH.,#6120);
#6120 = SURFACE_SIDE_STYLE('',(#6121));
#6121 = SURFACE_STYLE_FILL_AREA(#6122);
#6122 = FILL_AREA_STYLE('',(#6123));
#6123 = FILL_AREA_STYLE_COLOUR('',#5906);
#6124 = STYLED_ITEM('color',(#6125),#1402);
#6125 = PRESENTATION_STYLE_ASSIGNMENT((#6126));
#6126 = SURFACE_STYLE_USAGE(.BOTH.,#6127);
#6127 = SURFACE_SIDE_STYLE('',(#6128));
#6128 = SURFACE_STYLE_FILL_AREA(#6129);
#6129 = FILL_AREA_STYLE('',(#6130));
#6130 = FILL_AREA_STYLE_COLOUR('',#5906);
#6131 = STYLED_ITEM('color',(#6132),#1426);
#6132 = PRESENTATION_STYLE_ASSIGNMENT((#6133));
#6133 = SURFACE_STYLE_USAGE(.BOTH.,#6134);
#6134 = SURFACE_SIDE_STYLE('',(#6135));
#6135 = SURFACE_STYLE_FILL_AREA(#6136);
#6136 = FILL_AREA_STYLE('',(#6137));
#6137 = FILL_AREA_STYLE_COLOUR('',#5906);
#6138 = STYLED_ITEM('color',(#6139),#1473);
#6139 = PRESENTATION_STYLE_ASSIGNMENT((#6140));
#6140 = SURFACE_STYLE_USAGE(.BOTH.,#6141);
#6141 = SURFACE_SIDE_STYLE('',(#6142));
#6142 = SURFACE_STYLE_FILL_AREA(#6143);
#6143 = FILL_AREA_STYLE('',(#6144));
#6144 = FILL_AREA_STYLE_COLOUR('',#5906);
#6145 = STYLED_ITEM('color',(#6146),#1497);
#6146 = PRESENTATION_STYLE_ASSIGNMENT((#6147));
#6147 = SURFACE_STYLE_USAGE(.BOTH.,#6148);
#6148 = SURFACE_SIDE_STYLE('',(#6149));
#6149 = SURFACE_STYLE_FILL_AREA(#6150);
#6150 = FILL_AREA_STYLE('',(#6151));
#6151 = FILL_AREA_STYLE_COLOUR('',#5906);
#6152 = STYLED_ITEM('color',(#6153),#1521);
#6153 = PRESENTATION_STYLE_ASSIGNMENT((#6154));
#6154 = SURFACE_STYLE_USAGE(.BOTH.,#6155);
#6155 = SURFACE_SIDE_STYLE('',(#6156));
#6156 = SURFACE_STYLE_FILL_AREA(#6157);
#6157 = FILL_AREA_STYLE('',(#6158));
#6158 = FILL_AREA_STYLE_COLOUR('',#5906);
#6159 = STYLED_ITEM('color',(#6160),#1538);
#6160 = PRESENTATION_STYLE_ASSIGNMENT((#6161));
#6161 = SURFACE_STYLE_USAGE(.BOTH.,#6162);
#6162 = SURFACE_SIDE_STYLE('',(#6163));
#6163 = SURFACE_STYLE_FILL_AREA(#6164);
#6164 = FILL_AREA_STYLE('',(#6165));
#6165 = FILL_AREA_STYLE_COLOUR('',#5906);
#6166 = STYLED_ITEM('color',(#6167),#1555);
#6167 = PRESENTATION_STYLE_ASSIGNMENT((#6168));
#6168 = SURFACE_STYLE_USAGE(.BOTH.,#6169);
#6169 = SURFACE_SIDE_STYLE('',(#6170));
#6170 = SURFACE_STYLE_FILL_AREA(#6171);
#6171 = FILL_AREA_STYLE('',(#6172));
#6172 = FILL_AREA_STYLE_COLOUR('',#5906);
#6173 = STYLED_ITEM('color',(#6174),#1579);
#6174 = PRESENTATION_STYLE_ASSIGNMENT((#6175));
#6175 = SURFACE_STYLE_USAGE(.BOTH.,#6176);
#6176 = SURFACE_SIDE_STYLE('',(#6177));
#6177 = SURFACE_STYLE_FILL_AREA(#6178);
#6178 = FILL_AREA_STYLE('',(#6179));
#6179 = FILL_AREA_STYLE_COLOUR('',#5906);
#6180 = STYLED_ITEM('color',(#6181),#1603);
#6181 = PRESENTATION_STYLE_ASSIGNMENT((#6182));
#6182 = SURFACE_STYLE_USAGE(.BOTH.,#6183);
#6183 = SURFACE_SIDE_STYLE('',(#6184));
#6184 = SURFACE_STYLE_FILL_AREA(#6185);
#6185 = FILL_AREA_STYLE('',(#6186));
#6186 = FILL_AREA_STYLE_COLOUR('',#5906);
#6187 = STYLED_ITEM('color',(#6188),#1620);
#6188 = PRESENTATION_STYLE_ASSIGNMENT((#6189));
#6189 = SURFACE_STYLE_USAGE(.BOTH.,#6190);
#6190 = SURFACE_SIDE_STYLE('',(#6191));
#6191 = SURFACE_STYLE_FILL_AREA(#6192);
#6192 = FILL_AREA_STYLE('',(#6193));
#6193 = FILL_AREA_STYLE_COLOUR('',#5906);
#6194 = STYLED_ITEM('color',(#6195),#1651);
#6195 = PRESENTATION_STYLE_ASSIGNMENT((#6196));
#6196 = SURFACE_STYLE_USAGE(.BOTH.,#6197);
#6197 = SURFACE_SIDE_STYLE('',(#6198));
#6198 = SURFACE_STYLE_FILL_AREA(#6199);
#6199 = FILL_AREA_STYLE('',(#6200));
#6200 = FILL_AREA_STYLE_COLOUR('',#5906);
#6201 = STYLED_ITEM('color',(#6202),#1675);
#6202 = PRESENTATION_STYLE_ASSIGNMENT((#6203));
#6203 = SURFACE_STYLE_USAGE(.BOTH.,#6204);
#6204 = SURFACE_SIDE_STYLE('',(#6205));
#6205 = SURFACE_STYLE_FILL_AREA(#6206);
#6206 = FILL_AREA_STYLE('',(#6207));
#6207 = FILL_AREA_STYLE_COLOUR('',#5906);
#6208 = STYLED_ITEM('color',(#6209),#1699);
#6209 = PRESENTATION_STYLE_ASSIGNMENT((#6210));
#6210 = SURFACE_STYLE_USAGE(.BOTH.,#6211);
#6211 = SURFACE_SIDE_STYLE('',(#6212));
#6212 = SURFACE_STYLE_FILL_AREA(#6213);
#6213 = FILL_AREA_STYLE('',(#6214));
#6214 = FILL_AREA_STYLE_COLOUR('',#5906);
#6215 = STYLED_ITEM('color',(#6216),#1716);
#6216 = PRESENTATION_STYLE_ASSIGNMENT((#6217));
#6217 = SURFACE_STYLE_USAGE(.BOTH.,#6218);
#6218 = SURFACE_SIDE_STYLE('',(#6219));
#6219 = SURFACE_STYLE_FILL_AREA(#6220);
#6220 = FILL_AREA_STYLE('',(#6221));
#6221 = FILL_AREA_STYLE_COLOUR('',#5906);
#6222 = STYLED_ITEM('color',(#6223),#1751);
#6223 = PRESENTATION_STYLE_ASSIGNMENT((#6224));
#6224 = SURFACE_STYLE_USAGE(.BOTH.,#6225);
#6225 = SURFACE_SIDE_STYLE('',(#6226));
#6226 = SURFACE_STYLE_FILL_AREA(#6227);
#6227 = FILL_AREA_STYLE('',(#6228));
#6228 = FILL_AREA_STYLE_COLOUR('',#5906);
#6229 = STYLED_ITEM('color',(#6230),#1791);
#6230 = PRESENTATION_STYLE_ASSIGNMENT((#6231));
#6231 = SURFACE_STYLE_USAGE(.BOTH.,#6232);
#6232 = SURFACE_SIDE_STYLE('',(#6233));
#6233 = SURFACE_STYLE_FILL_AREA(#6234);
#6234 = FILL_AREA_STYLE('',(#6235));
#6235 = FILL_AREA_STYLE_COLOUR('',#5906);
#6236 = STYLED_ITEM('color',(#6237),#1815);
#6237 = PRESENTATION_STYLE_ASSIGNMENT((#6238));
#6238 = SURFACE_STYLE_USAGE(.BOTH.,#6239);
#6239 = SURFACE_SIDE_STYLE('',(#6240));
#6240 = SURFACE_STYLE_FILL_AREA(#6241);
#6241 = FILL_AREA_STYLE('',(#6242));
#6242 = FILL_AREA_STYLE_COLOUR('',#5906);
#6243 = STYLED_ITEM('color',(#6244),#1856);
#6244 = PRESENTATION_STYLE_ASSIGNMENT((#6245));
#6245 = SURFACE_STYLE_USAGE(.BOTH.,#6246);
#6246 = SURFACE_SIDE_STYLE('',(#6247));
#6247 = SURFACE_STYLE_FILL_AREA(#6248);
#6248 = FILL_AREA_STYLE('',(#6249));
#6249 = FILL_AREA_STYLE_COLOUR('',#5906);
#6250 = STYLED_ITEM('color',(#6251),#1969);
#6251 = PRESENTATION_STYLE_ASSIGNMENT((#6252));
#6252 = SURFACE_STYLE_USAGE(.BOTH.,#6253);
#6253 = SURFACE_SIDE_STYLE('',(#6254));
#6254 = SURFACE_STYLE_FILL_AREA(#6255);
#6255 = FILL_AREA_STYLE('',(#6256));
#6256 = FILL_AREA_STYLE_COLOUR('',#5906);
#6257 = STYLED_ITEM('color',(#6258),#2015);
#6258 = PRESENTATION_STYLE_ASSIGNMENT((#6259));
#6259 = SURFACE_STYLE_USAGE(.BOTH.,#6260);
#6260 = SURFACE_SIDE_STYLE('',(#6261));
#6261 = SURFACE_STYLE_FILL_AREA(#6262);
#6262 = FILL_AREA_STYLE('',(#6263));
#6263 = FILL_AREA_STYLE_COLOUR('',#5906);
#6264 = STYLED_ITEM('color',(#6265),#2061);
#6265 = PRESENTATION_STYLE_ASSIGNMENT((#6266));
#6266 = SURFACE_STYLE_USAGE(.BOTH.,#6267);
#6267 = SURFACE_SIDE_STYLE('',(#6268));
#6268 = SURFACE_STYLE_FILL_AREA(#6269);
#6269 = FILL_AREA_STYLE('',(#6270));
#6270 = FILL_AREA_STYLE_COLOUR('',#5906);
#6271 = STYLED_ITEM('color',(#6272),#2107);
#6272 = PRESENTATION_STYLE_ASSIGNMENT((#6273));
#6273 = SURFACE_STYLE_USAGE(.BOTH.,#6274);
#6274 = SURFACE_SIDE_STYLE('',(#6275));
#6275 = SURFACE_STYLE_FILL_AREA(#6276);
#6276 = FILL_AREA_STYLE('',(#6277));
#6277 = FILL_AREA_STYLE_COLOUR('',#5906);
#6278 = STYLED_ITEM('color',(#6279),#2124);
#6279 = PRESENTATION_STYLE_ASSIGNMENT((#6280));
#6280 = SURFACE_STYLE_USAGE(.BOTH.,#6281);
#6281 = SURFACE_SIDE_STYLE('',(#6282));
#6282 = SURFACE_STYLE_FILL_AREA(#6283);
#6283 = FILL_AREA_STYLE('',(#6284));
#6284 = FILL_AREA_STYLE_COLOUR('',#5906);
#6285 = STYLED_ITEM('color',(#6286),#2136);
#6286 = PRESENTATION_STYLE_ASSIGNMENT((#6287));
#6287 = SURFACE_STYLE_USAGE(.BOTH.,#6288);
#6288 = SURFACE_SIDE_STYLE('',(#6289));
#6289 = SURFACE_STYLE_FILL_AREA(#6290);
#6290 = FILL_AREA_STYLE('',(#6291));
#6291 = FILL_AREA_STYLE_COLOUR('',#6292);
#6292 = COLOUR_RGB('',0.823529417451,0.819607860991,0.780392170416);
#6293 = STYLED_ITEM('color',(#6294),#2199);
#6294 = PRESENTATION_STYLE_ASSIGNMENT((#6295));
#6295 = SURFACE_STYLE_USAGE(.BOTH.,#6296);
#6296 = SURFACE_SIDE_STYLE('',(#6297));
#6297 = SURFACE_STYLE_FILL_AREA(#6298);
#6298 = FILL_AREA_STYLE('',(#6299));
#6299 = FILL_AREA_STYLE_COLOUR('',#6292);
#6300 = STYLED_ITEM('color',(#6301),#2223);
#6301 = PRESENTATION_STYLE_ASSIGNMENT((#6302));
#6302 = SURFACE_STYLE_USAGE(.BOTH.,#6303);
#6303 = SURFACE_SIDE_STYLE('',(#6304));
#6304 = SURFACE_STYLE_FILL_AREA(#6305);
#6305 = FILL_AREA_STYLE('',(#6306));
#6306 = FILL_AREA_STYLE_COLOUR('',#6292);
#6307 = STYLED_ITEM('color',(#6308),#2279);
#6308 = PRESENTATION_STYLE_ASSIGNMENT((#6309));
#6309 = SURFACE_STYLE_USAGE(.BOTH.,#6310);
#6310 = SURFACE_SIDE_STYLE('',(#6311));
#6311 = SURFACE_STYLE_FILL_AREA(#6312);
#6312 = FILL_AREA_STYLE('',(#6313));
#6313 = FILL_AREA_STYLE_COLOUR('',#6292);
#6314 = STYLED_ITEM('color',(#6315),#2296);
#6315 = PRESENTATION_STYLE_ASSIGNMENT((#6316));
#6316 = SURFACE_STYLE_USAGE(.BOTH.,#6317);
#6317 = SURFACE_SIDE_STYLE('',(#6318));
#6318 = SURFACE_STYLE_FILL_AREA(#6319);
#6319 = FILL_AREA_STYLE('',(#6320));
#6320 = FILL_AREA_STYLE_COLOUR('',#5906);
#6321 = STYLED_ITEM('color',(#6322),#2308);
#6322 = PRESENTATION_STYLE_ASSIGNMENT((#6323));
#6323 = SURFACE_STYLE_USAGE(.BOTH.,#6324);
#6324 = SURFACE_SIDE_STYLE('',(#6325));
#6325 = SURFACE_STYLE_FILL_AREA(#6326);
#6326 = FILL_AREA_STYLE('',(#6327));
#6327 = FILL_AREA_STYLE_COLOUR('',#5906);
#6328 = STYLED_ITEM('color',(#6329),#2525);
#6329 = PRESENTATION_STYLE_ASSIGNMENT((#6330));
#6330 = SURFACE_STYLE_USAGE(.BOTH.,#6331);
#6331 = SURFACE_SIDE_STYLE('',(#6332));
#6332 = SURFACE_STYLE_FILL_AREA(#6333);
#6333 = FILL_AREA_STYLE('',(#6334));
#6334 = FILL_AREA_STYLE_COLOUR('',#5906);
#6335 = STYLED_ITEM('color',(#6336),#2549);
#6336 = PRESENTATION_STYLE_ASSIGNMENT((#6337));
#6337 = SURFACE_STYLE_USAGE(.BOTH.,#6338);
#6338 = SURFACE_SIDE_STYLE('',(#6339));
#6339 = SURFACE_STYLE_FILL_AREA(#6340);
#6340 = FILL_AREA_STYLE('',(#6341));
#6341 = FILL_AREA_STYLE_COLOUR('',#5906);
#6342 = STYLED_ITEM('color',(#6343),#2573);
#6343 = PRESENTATION_STYLE_ASSIGNMENT((#6344));
#6344 = SURFACE_STYLE_USAGE(.BOTH.,#6345);
#6345 = SURFACE_SIDE_STYLE('',(#6346));
#6346 = SURFACE_STYLE_FILL_AREA(#6347);
#6347 = FILL_AREA_STYLE('',(#6348));
#6348 = FILL_AREA_STYLE_COLOUR('',#5906);
#6349 = STYLED_ITEM('color',(#6350),#2590);
#6350 = PRESENTATION_STYLE_ASSIGNMENT((#6351));
#6351 = SURFACE_STYLE_USAGE(.BOTH.,#6352);
#6352 = SURFACE_SIDE_STYLE('',(#6353));
#6353 = SURFACE_STYLE_FILL_AREA(#6354);
#6354 = FILL_AREA_STYLE('',(#6355));
#6355 = FILL_AREA_STYLE_COLOUR('',#5906);
#6356 = STYLED_ITEM('color',(#6357),#2614);
#6357 = PRESENTATION_STYLE_ASSIGNMENT((#6358));
#6358 = SURFACE_STYLE_USAGE(.BOTH.,#6359);
#6359 = SURFACE_SIDE_STYLE('',(#6360));
#6360 = SURFACE_STYLE_FILL_AREA(#6361);
#6361 = FILL_AREA_STYLE('',(#6362));
#6362 = FILL_AREA_STYLE_COLOUR('',#5906);
#6363 = STYLED_ITEM('color',(#6364),#2638);
#6364 = PRESENTATION_STYLE_ASSIGNMENT((#6365));
#6365 = SURFACE_STYLE_USAGE(.BOTH.,#6366);
#6366 = SURFACE_SIDE_STYLE('',(#6367));
#6367 = SURFACE_STYLE_FILL_AREA(#6368);
#6368 = FILL_AREA_STYLE('',(#6369));
#6369 = FILL_AREA_STYLE_COLOUR('',#5906);
#6370 = STYLED_ITEM('color',(#6371),#2655);
#6371 = PRESENTATION_STYLE_ASSIGNMENT((#6372));
#6372 = SURFACE_STYLE_USAGE(.BOTH.,#6373);
#6373 = SURFACE_SIDE_STYLE('',(#6374));
#6374 = SURFACE_STYLE_FILL_AREA(#6375);
#6375 = FILL_AREA_STYLE('',(#6376));
#6376 = FILL_AREA_STYLE_COLOUR('',#5906);
#6377 = STYLED_ITEM('color',(#6378),#2679);
#6378 = PRESENTATION_STYLE_ASSIGNMENT((#6379));
#6379 = SURFACE_STYLE_USAGE(.BOTH.,#6380);
#6380 = SURFACE_SIDE_STYLE('',(#6381));
#6381 = SURFACE_STYLE_FILL_AREA(#6382);
#6382 = FILL_AREA_STYLE('',(#6383));
#6383 = FILL_AREA_STYLE_COLOUR('',#5906);
#6384 = STYLED_ITEM('color',(#6385),#2703);
#6385 = PRESENTATION_STYLE_ASSIGNMENT((#6386));
#6386 = SURFACE_STYLE_USAGE(.BOTH.,#6387);
#6387 = SURFACE_SIDE_STYLE('',(#6388));
#6388 = SURFACE_STYLE_FILL_AREA(#6389);
#6389 = FILL_AREA_STYLE('',(#6390));
#6390 = FILL_AREA_STYLE_COLOUR('',#5906);
#6391 = STYLED_ITEM('color',(#6392),#2720);
#6392 = PRESENTATION_STYLE_ASSIGNMENT((#6393));
#6393 = SURFACE_STYLE_USAGE(.BOTH.,#6394);
#6394 = SURFACE_SIDE_STYLE('',(#6395));
#6395 = SURFACE_STYLE_FILL_AREA(#6396);
#6396 = FILL_AREA_STYLE('',(#6397));
#6397 = FILL_AREA_STYLE_COLOUR('',#6292);
#6398 = STYLED_ITEM('color',(#6399),#2751);
#6399 = PRESENTATION_STYLE_ASSIGNMENT((#6400));
#6400 = SURFACE_STYLE_USAGE(.BOTH.,#6401);
#6401 = SURFACE_SIDE_STYLE('',(#6402));
#6402 = SURFACE_STYLE_FILL_AREA(#6403);
#6403 = FILL_AREA_STYLE('',(#6404));
#6404 = FILL_AREA_STYLE_COLOUR('',#6292);
#6405 = STYLED_ITEM('color',(#6406),#2807);
#6406 = PRESENTATION_STYLE_ASSIGNMENT((#6407));
#6407 = SURFACE_STYLE_USAGE(.BOTH.,#6408);
#6408 = SURFACE_SIDE_STYLE('',(#6409));
#6409 = SURFACE_STYLE_FILL_AREA(#6410);
#6410 = FILL_AREA_STYLE('',(#6411));
#6411 = FILL_AREA_STYLE_COLOUR('',#6292);
#6412 = STYLED_ITEM('color',(#6413),#2831);
#6413 = PRESENTATION_STYLE_ASSIGNMENT((#6414));
#6414 = SURFACE_STYLE_USAGE(.BOTH.,#6415);
#6415 = SURFACE_SIDE_STYLE('',(#6416));
#6416 = SURFACE_STYLE_FILL_AREA(#6417);
#6417 = FILL_AREA_STYLE('',(#6418));
#6418 = FILL_AREA_STYLE_COLOUR('',#6292);
#6419 = STYLED_ITEM('color',(#6420),#2880);
#6420 = PRESENTATION_STYLE_ASSIGNMENT((#6421));
#6421 = SURFACE_STYLE_USAGE(.BOTH.,#6422);
#6422 = SURFACE_SIDE_STYLE('',(#6423));
#6423 = SURFACE_STYLE_FILL_AREA(#6424);
#6424 = FILL_AREA_STYLE('',(#6425));
#6425 = FILL_AREA_STYLE_COLOUR('',#6292);
#6426 = STYLED_ITEM('color',(#6427),#2911);
#6427 = PRESENTATION_STYLE_ASSIGNMENT((#6428));
#6428 = SURFACE_STYLE_USAGE(.BOTH.,#6429);
#6429 = SURFACE_SIDE_STYLE('',(#6430));
#6430 = SURFACE_STYLE_FILL_AREA(#6431);
#6431 = FILL_AREA_STYLE('',(#6432));
#6432 = FILL_AREA_STYLE_COLOUR('',#6292);
#6433 = STYLED_ITEM('color',(#6434),#2935);
#6434 = PRESENTATION_STYLE_ASSIGNMENT((#6435));
#6435 = SURFACE_STYLE_USAGE(.BOTH.,#6436);
#6436 = SURFACE_SIDE_STYLE('',(#6437));
#6437 = SURFACE_STYLE_FILL_AREA(#6438);
#6438 = FILL_AREA_STYLE('',(#6439));
#6439 = FILL_AREA_STYLE_COLOUR('',#6292);
#6440 = STYLED_ITEM('color',(#6441),#2959);
#6441 = PRESENTATION_STYLE_ASSIGNMENT((#6442));
#6442 = SURFACE_STYLE_USAGE(.BOTH.,#6443);
#6443 = SURFACE_SIDE_STYLE('',(#6444));
#6444 = SURFACE_STYLE_FILL_AREA(#6445);
#6445 = FILL_AREA_STYLE('',(#6446));
#6446 = FILL_AREA_STYLE_COLOUR('',#6292);
#6447 = STYLED_ITEM('color',(#6448),#2976);
#6448 = PRESENTATION_STYLE_ASSIGNMENT((#6449));
#6449 = SURFACE_STYLE_USAGE(.BOTH.,#6450);
#6450 = SURFACE_SIDE_STYLE('',(#6451));
#6451 = SURFACE_STYLE_FILL_AREA(#6452);
#6452 = FILL_AREA_STYLE('',(#6453));
#6453 = FILL_AREA_STYLE_COLOUR('',#6292);
#6454 = STYLED_ITEM('color',(#6455),#3007);
#6455 = PRESENTATION_STYLE_ASSIGNMENT((#6456));
#6456 = SURFACE_STYLE_USAGE(.BOTH.,#6457);
#6457 = SURFACE_SIDE_STYLE('',(#6458));
#6458 = SURFACE_STYLE_FILL_AREA(#6459);
#6459 = FILL_AREA_STYLE('',(#6460));
#6460 = FILL_AREA_STYLE_COLOUR('',#6292);
#6461 = STYLED_ITEM('color',(#6462),#3031);
#6462 = PRESENTATION_STYLE_ASSIGNMENT((#6463));
#6463 = SURFACE_STYLE_USAGE(.BOTH.,#6464);
#6464 = SURFACE_SIDE_STYLE('',(#6465));
#6465 = SURFACE_STYLE_FILL_AREA(#6466);
#6466 = FILL_AREA_STYLE('',(#6467));
#6467 = FILL_AREA_STYLE_COLOUR('',#6292);
#6468 = STYLED_ITEM('color',(#6469),#3055);
#6469 = PRESENTATION_STYLE_ASSIGNMENT((#6470));
#6470 = SURFACE_STYLE_USAGE(.BOTH.,#6471);
#6471 = SURFACE_SIDE_STYLE('',(#6472));
#6472 = SURFACE_STYLE_FILL_AREA(#6473);
#6473 = FILL_AREA_STYLE('',(#6474));
#6474 = FILL_AREA_STYLE_COLOUR('',#6292);
#6475 = STYLED_ITEM('color',(#6476),#3072);
#6476 = PRESENTATION_STYLE_ASSIGNMENT((#6477));
#6477 = SURFACE_STYLE_USAGE(.BOTH.,#6478);
#6478 = SURFACE_SIDE_STYLE('',(#6479));
#6479 = SURFACE_STYLE_FILL_AREA(#6480);
#6480 = FILL_AREA_STYLE('',(#6481));
#6481 = FILL_AREA_STYLE_COLOUR('',#6292);
#6482 = STYLED_ITEM('color',(#6483),#3119);
#6483 = PRESENTATION_STYLE_ASSIGNMENT((#6484));
#6484 = SURFACE_STYLE_USAGE(.BOTH.,#6485);
#6485 = SURFACE_SIDE_STYLE('',(#6486));
#6486 = SURFACE_STYLE_FILL_AREA(#6487);
#6487 = FILL_AREA_STYLE('',(#6488));
#6488 = FILL_AREA_STYLE_COLOUR('',#6292);
#6489 = STYLED_ITEM('color',(#6490),#3150);
#6490 = PRESENTATION_STYLE_ASSIGNMENT((#6491));
#6491 = SURFACE_STYLE_USAGE(.BOTH.,#6492);
#6492 = SURFACE_SIDE_STYLE('',(#6493));
#6493 = SURFACE_STYLE_FILL_AREA(#6494);
#6494 = FILL_AREA_STYLE('',(#6495));
#6495 = FILL_AREA_STYLE_COLOUR('',#6292);
#6496 = STYLED_ITEM('color',(#6497),#3162);
#6497 = PRESENTATION_STYLE_ASSIGNMENT((#6498));
#6498 = SURFACE_STYLE_USAGE(.BOTH.,#6499);
#6499 = SURFACE_SIDE_STYLE('',(#6500));
#6500 = SURFACE_STYLE_FILL_AREA(#6501);
#6501 = FILL_AREA_STYLE('',(#6502));
#6502 = FILL_AREA_STYLE_COLOUR('',#6292);
#6503 = STYLED_ITEM('color',(#6504),#3179);
#6504 = PRESENTATION_STYLE_ASSIGNMENT((#6505));
#6505 = SURFACE_STYLE_USAGE(.BOTH.,#6506);
#6506 = SURFACE_SIDE_STYLE('',(#6507));
#6507 = SURFACE_STYLE_FILL_AREA(#6508);
#6508 = FILL_AREA_STYLE('',(#6509));
#6509 = FILL_AREA_STYLE_COLOUR('',#6292);
#6510 = STYLED_ITEM('color',(#6511),#3205);
#6511 = PRESENTATION_STYLE_ASSIGNMENT((#6512));
#6512 = SURFACE_STYLE_USAGE(.BOTH.,#6513);
#6513 = SURFACE_SIDE_STYLE('',(#6514));
#6514 = SURFACE_STYLE_FILL_AREA(#6515);
#6515 = FILL_AREA_STYLE('',(#6516));
#6516 = FILL_AREA_STYLE_COLOUR('',#6292);
#6517 = STYLED_ITEM('color',(#6518),#3238);
#6518 = PRESENTATION_STYLE_ASSIGNMENT((#6519));
#6519 = SURFACE_STYLE_USAGE(.BOTH.,#6520);
#6520 = SURFACE_SIDE_STYLE('',(#6521));
#6521 = SURFACE_STYLE_FILL_AREA(#6522);
#6522 = FILL_AREA_STYLE('',(#6523));
#6523 = FILL_AREA_STYLE_COLOUR('',#5906);
#6524 = STYLED_ITEM('color',(#6525),#3250);
#6525 = PRESENTATION_STYLE_ASSIGNMENT((#6526));
#6526 = SURFACE_STYLE_USAGE(.BOTH.,#6527);
#6527 = SURFACE_SIDE_STYLE('',(#6528));
#6528 = SURFACE_STYLE_FILL_AREA(#6529);
#6529 = FILL_AREA_STYLE('',(#6530));
#6530 = FILL_AREA_STYLE_COLOUR('',#5906);
#6531 = STYLED_ITEM('color',(#6532),#3262);
#6532 = PRESENTATION_STYLE_ASSIGNMENT((#6533));
#6533 = SURFACE_STYLE_USAGE(.BOTH.,#6534);
#6534 = SURFACE_SIDE_STYLE('',(#6535));
#6535 = SURFACE_STYLE_FILL_AREA(#6536);
#6536 = FILL_AREA_STYLE('',(#6537));
#6537 = FILL_AREA_STYLE_COLOUR('',#5906);
#6538 = STYLED_ITEM('color',(#6539),#3274);
#6539 = PRESENTATION_STYLE_ASSIGNMENT((#6540));
#6540 = SURFACE_STYLE_USAGE(.BOTH.,#6541);
#6541 = SURFACE_SIDE_STYLE('',(#6542));
#6542 = SURFACE_STYLE_FILL_AREA(#6543);
#6543 = FILL_AREA_STYLE('',(#6544));
#6544 = FILL_AREA_STYLE_COLOUR('',#6292);
#6545 = STYLED_ITEM('color',(#6546),#3305);
#6546 = PRESENTATION_STYLE_ASSIGNMENT((#6547));
#6547 = SURFACE_STYLE_USAGE(.BOTH.,#6548);
#6548 = SURFACE_SIDE_STYLE('',(#6549));
#6549 = SURFACE_STYLE_FILL_AREA(#6550);
#6550 = FILL_AREA_STYLE('',(#6551));
#6551 = FILL_AREA_STYLE_COLOUR('',#6292);
#6552 = STYLED_ITEM('color',(#6553),#3329);
#6553 = PRESENTATION_STYLE_ASSIGNMENT((#6554));
#6554 = SURFACE_STYLE_USAGE(.BOTH.,#6555);
#6555 = SURFACE_SIDE_STYLE('',(#6556));
#6556 = SURFACE_STYLE_FILL_AREA(#6557);
#6557 = FILL_AREA_STYLE('',(#6558));
#6558 = FILL_AREA_STYLE_COLOUR('',#6292);
#6559 = STYLED_ITEM('color',(#6560),#3353);
#6560 = PRESENTATION_STYLE_ASSIGNMENT((#6561));
#6561 = SURFACE_STYLE_USAGE(.BOTH.,#6562);
#6562 = SURFACE_SIDE_STYLE('',(#6563));
#6563 = SURFACE_STYLE_FILL_AREA(#6564);
#6564 = FILL_AREA_STYLE('',(#6565));
#6565 = FILL_AREA_STYLE_COLOUR('',#6292);
#6566 = STYLED_ITEM('color',(#6567),#3370);
#6567 = PRESENTATION_STYLE_ASSIGNMENT((#6568));
#6568 = SURFACE_STYLE_USAGE(.BOTH.,#6569);
#6569 = SURFACE_SIDE_STYLE('',(#6570));
#6570 = SURFACE_STYLE_FILL_AREA(#6571);
#6571 = FILL_AREA_STYLE('',(#6572));
#6572 = FILL_AREA_STYLE_COLOUR('',#6292);
#6573 = STYLED_ITEM('color',(#6574),#3401);
#6574 = PRESENTATION_STYLE_ASSIGNMENT((#6575));
#6575 = SURFACE_STYLE_USAGE(.BOTH.,#6576);
#6576 = SURFACE_SIDE_STYLE('',(#6577));
#6577 = SURFACE_STYLE_FILL_AREA(#6578);
#6578 = FILL_AREA_STYLE('',(#6579));
#6579 = FILL_AREA_STYLE_COLOUR('',#6292);
#6580 = STYLED_ITEM('color',(#6581),#3425);
#6581 = PRESENTATION_STYLE_ASSIGNMENT((#6582));
#6582 = SURFACE_STYLE_USAGE(.BOTH.,#6583);
#6583 = SURFACE_SIDE_STYLE('',(#6584));
#6584 = SURFACE_STYLE_FILL_AREA(#6585);
#6585 = FILL_AREA_STYLE('',(#6586));
#6586 = FILL_AREA_STYLE_COLOUR('',#6292);
#6587 = STYLED_ITEM('color',(#6588),#3449);
#6588 = PRESENTATION_STYLE_ASSIGNMENT((#6589));
#6589 = SURFACE_STYLE_USAGE(.BOTH.,#6590);
#6590 = SURFACE_SIDE_STYLE('',(#6591));
#6591 = SURFACE_STYLE_FILL_AREA(#6592);
#6592 = FILL_AREA_STYLE('',(#6593));
#6593 = FILL_AREA_STYLE_COLOUR('',#6292);
#6594 = STYLED_ITEM('color',(#6595),#3466);
#6595 = PRESENTATION_STYLE_ASSIGNMENT((#6596));
#6596 = SURFACE_STYLE_USAGE(.BOTH.,#6597);
#6597 = SURFACE_SIDE_STYLE('',(#6598));
#6598 = SURFACE_STYLE_FILL_AREA(#6599);
#6599 = FILL_AREA_STYLE('',(#6600));
#6600 = FILL_AREA_STYLE_COLOUR('',#6292);
#6601 = STYLED_ITEM('color',(#6602),#3497);
#6602 = PRESENTATION_STYLE_ASSIGNMENT((#6603));
#6603 = SURFACE_STYLE_USAGE(.BOTH.,#6604);
#6604 = SURFACE_SIDE_STYLE('',(#6605));
#6605 = SURFACE_STYLE_FILL_AREA(#6606);
#6606 = FILL_AREA_STYLE('',(#6607));
#6607 = FILL_AREA_STYLE_COLOUR('',#6292);
#6608 = STYLED_ITEM('color',(#6609),#3521);
#6609 = PRESENTATION_STYLE_ASSIGNMENT((#6610));
#6610 = SURFACE_STYLE_USAGE(.BOTH.,#6611);
#6611 = SURFACE_SIDE_STYLE('',(#6612));
#6612 = SURFACE_STYLE_FILL_AREA(#6613);
#6613 = FILL_AREA_STYLE('',(#6614));
#6614 = FILL_AREA_STYLE_COLOUR('',#6292);
#6615 = STYLED_ITEM('color',(#6616),#3545);
#6616 = PRESENTATION_STYLE_ASSIGNMENT((#6617));
#6617 = SURFACE_STYLE_USAGE(.BOTH.,#6618);
#6618 = SURFACE_SIDE_STYLE('',(#6619));
#6619 = SURFACE_STYLE_FILL_AREA(#6620);
#6620 = FILL_AREA_STYLE('',(#6621));
#6621 = FILL_AREA_STYLE_COLOUR('',#6292);
#6622 = STYLED_ITEM('color',(#6623),#3562);
#6623 = PRESENTATION_STYLE_ASSIGNMENT((#6624));
#6624 = SURFACE_STYLE_USAGE(.BOTH.,#6625);
#6625 = SURFACE_SIDE_STYLE('',(#6626));
#6626 = SURFACE_STYLE_FILL_AREA(#6627);
#6627 = FILL_AREA_STYLE('',(#6628));
#6628 = FILL_AREA_STYLE_COLOUR('',#6292);
#6629 = STYLED_ITEM('color',(#6630),#3593);
#6630 = PRESENTATION_STYLE_ASSIGNMENT((#6631));
#6631 = SURFACE_STYLE_USAGE(.BOTH.,#6632);
#6632 = SURFACE_SIDE_STYLE('',(#6633));
#6633 = SURFACE_STYLE_FILL_AREA(#6634);
#6634 = FILL_AREA_STYLE('',(#6635));
#6635 = FILL_AREA_STYLE_COLOUR('',#6292);
#6636 = STYLED_ITEM('color',(#6637),#3617);
#6637 = PRESENTATION_STYLE_ASSIGNMENT((#6638));
#6638 = SURFACE_STYLE_USAGE(.BOTH.,#6639);
#6639 = SURFACE_SIDE_STYLE('',(#6640));
#6640 = SURFACE_STYLE_FILL_AREA(#6641);
#6641 = FILL_AREA_STYLE('',(#6642));
#6642 = FILL_AREA_STYLE_COLOUR('',#6292);
#6643 = STYLED_ITEM('color',(#6644),#3641);
#6644 = PRESENTATION_STYLE_ASSIGNMENT((#6645));
#6645 = SURFACE_STYLE_USAGE(.BOTH.,#6646);
#6646 = SURFACE_SIDE_STYLE('',(#6647));
#6647 = SURFACE_STYLE_FILL_AREA(#6648);
#6648 = FILL_AREA_STYLE('',(#6649));
#6649 = FILL_AREA_STYLE_COLOUR('',#6292);
#6650 = STYLED_ITEM('color',(#6651),#3658);
#6651 = PRESENTATION_STYLE_ASSIGNMENT((#6652));
#6652 = SURFACE_STYLE_USAGE(.BOTH.,#6653);
#6653 = SURFACE_SIDE_STYLE('',(#6654));
#6654 = SURFACE_STYLE_FILL_AREA(#6655);
#6655 = FILL_AREA_STYLE('',(#6656));
#6656 = FILL_AREA_STYLE_COLOUR('',#6292);
#6657 = STYLED_ITEM('color',(#6658),#3675);
#6658 = PRESENTATION_STYLE_ASSIGNMENT((#6659));
#6659 = SURFACE_STYLE_USAGE(.BOTH.,#6660);
#6660 = SURFACE_SIDE_STYLE('',(#6661));
#6661 = SURFACE_STYLE_FILL_AREA(#6662);
#6662 = FILL_AREA_STYLE('',(#6663));
#6663 = FILL_AREA_STYLE_COLOUR('',#6292);
#6664 = STYLED_ITEM('color',(#6665),#3722);
#6665 = PRESENTATION_STYLE_ASSIGNMENT((#6666));
#6666 = SURFACE_STYLE_USAGE(.BOTH.,#6667);
#6667 = SURFACE_SIDE_STYLE('',(#6668));
#6668 = SURFACE_STYLE_FILL_AREA(#6669);
#6669 = FILL_AREA_STYLE('',(#6670));
#6670 = FILL_AREA_STYLE_COLOUR('',#6292);
#6671 = STYLED_ITEM('color',(#6672),#3748);
#6672 = PRESENTATION_STYLE_ASSIGNMENT((#6673));
#6673 = SURFACE_STYLE_USAGE(.BOTH.,#6674);
#6674 = SURFACE_SIDE_STYLE('',(#6675));
#6675 = SURFACE_STYLE_FILL_AREA(#6676);
#6676 = FILL_AREA_STYLE('',(#6677));
#6677 = FILL_AREA_STYLE_COLOUR('',#6292);
#6678 = STYLED_ITEM('color',(#6679),#3765);
#6679 = PRESENTATION_STYLE_ASSIGNMENT((#6680));
#6680 = SURFACE_STYLE_USAGE(.BOTH.,#6681);
#6681 = SURFACE_SIDE_STYLE('',(#6682));
#6682 = SURFACE_STYLE_FILL_AREA(#6683);
#6683 = FILL_AREA_STYLE('',(#6684));
#6684 = FILL_AREA_STYLE_COLOUR('',#6292);
#6685 = STYLED_ITEM('color',(#6686),#3791);
#6686 = PRESENTATION_STYLE_ASSIGNMENT((#6687));
#6687 = SURFACE_STYLE_USAGE(.BOTH.,#6688);
#6688 = SURFACE_SIDE_STYLE('',(#6689));
#6689 = SURFACE_STYLE_FILL_AREA(#6690);
#6690 = FILL_AREA_STYLE('',(#6691));
#6691 = FILL_AREA_STYLE_COLOUR('',#6292);
#6692 = STYLED_ITEM('color',(#6693),#3824);
#6693 = PRESENTATION_STYLE_ASSIGNMENT((#6694));
#6694 = SURFACE_STYLE_USAGE(.BOTH.,#6695);
#6695 = SURFACE_SIDE_STYLE('',(#6696));
#6696 = SURFACE_STYLE_FILL_AREA(#6697);
#6697 = FILL_AREA_STYLE('',(#6698));
#6698 = FILL_AREA_STYLE_COLOUR('',#6292);
#6699 = STYLED_ITEM('color',(#6700),#3855);
#6700 = PRESENTATION_STYLE_ASSIGNMENT((#6701));
#6701 = SURFACE_STYLE_USAGE(.BOTH.,#6702);
#6702 = SURFACE_SIDE_STYLE('',(#6703));
#6703 = SURFACE_STYLE_FILL_AREA(#6704);
#6704 = FILL_AREA_STYLE('',(#6705));
#6705 = FILL_AREA_STYLE_COLOUR('',#6292);
#6706 = STYLED_ITEM('color',(#6707),#3879);
#6707 = PRESENTATION_STYLE_ASSIGNMENT((#6708));
#6708 = SURFACE_STYLE_USAGE(.BOTH.,#6709);
#6709 = SURFACE_SIDE_STYLE('',(#6710));
#6710 = SURFACE_STYLE_FILL_AREA(#6711);
#6711 = FILL_AREA_STYLE('',(#6712));
#6712 = FILL_AREA_STYLE_COLOUR('',#6292);
#6713 = STYLED_ITEM('color',(#6714),#3903);
#6714 = PRESENTATION_STYLE_ASSIGNMENT((#6715));
#6715 = SURFACE_STYLE_USAGE(.BOTH.,#6716);
#6716 = SURFACE_SIDE_STYLE('',(#6717));
#6717 = SURFACE_STYLE_FILL_AREA(#6718);
#6718 = FILL_AREA_STYLE('',(#6719));
#6719 = FILL_AREA_STYLE_COLOUR('',#6292);
#6720 = STYLED_ITEM('color',(#6721),#3920);
#6721 = PRESENTATION_STYLE_ASSIGNMENT((#6722));
#6722 = SURFACE_STYLE_USAGE(.BOTH.,#6723);
#6723 = SURFACE_SIDE_STYLE('',(#6724));
#6724 = SURFACE_STYLE_FILL_AREA(#6725);
#6725 = FILL_AREA_STYLE('',(#6726));
#6726 = FILL_AREA_STYLE_COLOUR('',#6292);
#6727 = STYLED_ITEM('color',(#6728),#3951);
#6728 = PRESENTATION_STYLE_ASSIGNMENT((#6729));
#6729 = SURFACE_STYLE_USAGE(.BOTH.,#6730);
#6730 = SURFACE_SIDE_STYLE('',(#6731));
#6731 = SURFACE_STYLE_FILL_AREA(#6732);
#6732 = FILL_AREA_STYLE('',(#6733));
#6733 = FILL_AREA_STYLE_COLOUR('',#6292);
#6734 = STYLED_ITEM('color',(#6735),#3975);
#6735 = PRESENTATION_STYLE_ASSIGNMENT((#6736));
#6736 = SURFACE_STYLE_USAGE(.BOTH.,#6737);
#6737 = SURFACE_SIDE_STYLE('',(#6738));
#6738 = SURFACE_STYLE_FILL_AREA(#6739);
#6739 = FILL_AREA_STYLE('',(#6740));
#6740 = FILL_AREA_STYLE_COLOUR('',#6292);
#6741 = STYLED_ITEM('color',(#6742),#3999);
#6742 = PRESENTATION_STYLE_ASSIGNMENT((#6743));
#6743 = SURFACE_STYLE_USAGE(.BOTH.,#6744);
#6744 = SURFACE_SIDE_STYLE('',(#6745));
#6745 = SURFACE_STYLE_FILL_AREA(#6746);
#6746 = FILL_AREA_STYLE('',(#6747));
#6747 = FILL_AREA_STYLE_COLOUR('',#6292);
#6748 = STYLED_ITEM('color',(#6749),#4016);
#6749 = PRESENTATION_STYLE_ASSIGNMENT((#6750));
#6750 = SURFACE_STYLE_USAGE(.BOTH.,#6751);
#6751 = SURFACE_SIDE_STYLE('',(#6752));
#6752 = SURFACE_STYLE_FILL_AREA(#6753);
#6753 = FILL_AREA_STYLE('',(#6754));
#6754 = FILL_AREA_STYLE_COLOUR('',#6292);
#6755 = STYLED_ITEM('color',(#6756),#4033);
#6756 = PRESENTATION_STYLE_ASSIGNMENT((#6757));
#6757 = SURFACE_STYLE_USAGE(.BOTH.,#6758);
#6758 = SURFACE_SIDE_STYLE('',(#6759));
#6759 = SURFACE_STYLE_FILL_AREA(#6760);
#6760 = FILL_AREA_STYLE('',(#6761));
#6761 = FILL_AREA_STYLE_COLOUR('',#6292);
#6762 = STYLED_ITEM('color',(#6763),#4050);
#6763 = PRESENTATION_STYLE_ASSIGNMENT((#6764));
#6764 = SURFACE_STYLE_USAGE(.BOTH.,#6765);
#6765 = SURFACE_SIDE_STYLE('',(#6766));
#6766 = SURFACE_STYLE_FILL_AREA(#6767);
#6767 = FILL_AREA_STYLE('',(#6768));
#6768 = FILL_AREA_STYLE_COLOUR('',#6292);
#6769 = STYLED_ITEM('color',(#6770),#4062);
#6770 = PRESENTATION_STYLE_ASSIGNMENT((#6771));
#6771 = SURFACE_STYLE_USAGE(.BOTH.,#6772);
#6772 = SURFACE_SIDE_STYLE('',(#6773));
#6773 = SURFACE_STYLE_FILL_AREA(#6774);
#6774 = FILL_AREA_STYLE('',(#6775));
#6775 = FILL_AREA_STYLE_COLOUR('',#6292);
#6776 = STYLED_ITEM('color',(#6777),#4093);
#6777 = PRESENTATION_STYLE_ASSIGNMENT((#6778));
#6778 = SURFACE_STYLE_USAGE(.BOTH.,#6779);
#6779 = SURFACE_SIDE_STYLE('',(#6780));
#6780 = SURFACE_STYLE_FILL_AREA(#6781);
#6781 = FILL_AREA_STYLE('',(#6782));
#6782 = FILL_AREA_STYLE_COLOUR('',#6292);
#6783 = STYLED_ITEM('color',(#6784),#4117);
#6784 = PRESENTATION_STYLE_ASSIGNMENT((#6785));
#6785 = SURFACE_STYLE_USAGE(.BOTH.,#6786);
#6786 = SURFACE_SIDE_STYLE('',(#6787));
#6787 = SURFACE_STYLE_FILL_AREA(#6788);
#6788 = FILL_AREA_STYLE('',(#6789));
#6789 = FILL_AREA_STYLE_COLOUR('',#6292);
#6790 = STYLED_ITEM('color',(#6791),#4141);
#6791 = PRESENTATION_STYLE_ASSIGNMENT((#6792));
#6792 = SURFACE_STYLE_USAGE(.BOTH.,#6793);
#6793 = SURFACE_SIDE_STYLE('',(#6794));
#6794 = SURFACE_STYLE_FILL_AREA(#6795);
#6795 = FILL_AREA_STYLE('',(#6796));
#6796 = FILL_AREA_STYLE_COLOUR('',#6292);
#6797 = STYLED_ITEM('color',(#6798),#4158);
#6798 = PRESENTATION_STYLE_ASSIGNMENT((#6799));
#6799 = SURFACE_STYLE_USAGE(.BOTH.,#6800);
#6800 = SURFACE_SIDE_STYLE('',(#6801));
#6801 = SURFACE_STYLE_FILL_AREA(#6802);
#6802 = FILL_AREA_STYLE('',(#6803));
#6803 = FILL_AREA_STYLE_COLOUR('',#6292);
#6804 = STYLED_ITEM('color',(#6805),#4189);
#6805 = PRESENTATION_STYLE_ASSIGNMENT((#6806));
#6806 = SURFACE_STYLE_USAGE(.BOTH.,#6807);
#6807 = SURFACE_SIDE_STYLE('',(#6808));
#6808 = SURFACE_STYLE_FILL_AREA(#6809);
#6809 = FILL_AREA_STYLE('',(#6810));
#6810 = FILL_AREA_STYLE_COLOUR('',#6292);
#6811 = STYLED_ITEM('color',(#6812),#4213);
#6812 = PRESENTATION_STYLE_ASSIGNMENT((#6813));
#6813 = SURFACE_STYLE_USAGE(.BOTH.,#6814);
#6814 = SURFACE_SIDE_STYLE('',(#6815));
#6815 = SURFACE_STYLE_FILL_AREA(#6816);
#6816 = FILL_AREA_STYLE('',(#6817));
#6817 = FILL_AREA_STYLE_COLOUR('',#6292);
#6818 = STYLED_ITEM('color',(#6819),#4237);
#6819 = PRESENTATION_STYLE_ASSIGNMENT((#6820));
#6820 = SURFACE_STYLE_USAGE(.BOTH.,#6821);
#6821 = SURFACE_SIDE_STYLE('',(#6822));
#6822 = SURFACE_STYLE_FILL_AREA(#6823);
#6823 = FILL_AREA_STYLE('',(#6824));
#6824 = FILL_AREA_STYLE_COLOUR('',#6292);
#6825 = STYLED_ITEM('color',(#6826),#4254);
#6826 = PRESENTATION_STYLE_ASSIGNMENT((#6827));
#6827 = SURFACE_STYLE_USAGE(.BOTH.,#6828);
#6828 = SURFACE_SIDE_STYLE('',(#6829));
#6829 = SURFACE_STYLE_FILL_AREA(#6830);
#6830 = FILL_AREA_STYLE('',(#6831));
#6831 = FILL_AREA_STYLE_COLOUR('',#6292);
#6832 = STYLED_ITEM('color',(#6833),#4285);
#6833 = PRESENTATION_STYLE_ASSIGNMENT((#6834));
#6834 = SURFACE_STYLE_USAGE(.BOTH.,#6835);
#6835 = SURFACE_SIDE_STYLE('',(#6836));
#6836 = SURFACE_STYLE_FILL_AREA(#6837);
#6837 = FILL_AREA_STYLE('',(#6838));
#6838 = FILL_AREA_STYLE_COLOUR('',#6292);
#6839 = STYLED_ITEM('color',(#6840),#4309);
#6840 = PRESENTATION_STYLE_ASSIGNMENT((#6841));
#6841 = SURFACE_STYLE_USAGE(.BOTH.,#6842);
#6842 = SURFACE_SIDE_STYLE('',(#6843));
#6843 = SURFACE_STYLE_FILL_AREA(#6844);
#6844 = FILL_AREA_STYLE('',(#6845));
#6845 = FILL_AREA_STYLE_COLOUR('',#6292);
#6846 = STYLED_ITEM('color',(#6847),#4333);
#6847 = PRESENTATION_STYLE_ASSIGNMENT((#6848));
#6848 = SURFACE_STYLE_USAGE(.BOTH.,#6849);
#6849 = SURFACE_SIDE_STYLE('',(#6850));
#6850 = SURFACE_STYLE_FILL_AREA(#6851);
#6851 = FILL_AREA_STYLE('',(#6852));
#6852 = FILL_AREA_STYLE_COLOUR('',#6292);
#6853 = STYLED_ITEM('color',(#6854),#4350);
#6854 = PRESENTATION_STYLE_ASSIGNMENT((#6855));
#6855 = SURFACE_STYLE_USAGE(.BOTH.,#6856);
#6856 = SURFACE_SIDE_STYLE('',(#6857));
#6857 = SURFACE_STYLE_FILL_AREA(#6858);
#6858 = FILL_AREA_STYLE('',(#6859));
#6859 = FILL_AREA_STYLE_COLOUR('',#6292);
#6860 = STYLED_ITEM('color',(#6861),#4381);
#6861 = PRESENTATION_STYLE_ASSIGNMENT((#6862));
#6862 = SURFACE_STYLE_USAGE(.BOTH.,#6863);
#6863 = SURFACE_SIDE_STYLE('',(#6864));
#6864 = SURFACE_STYLE_FILL_AREA(#6865);
#6865 = FILL_AREA_STYLE('',(#6866));
#6866 = FILL_AREA_STYLE_COLOUR('',#6292);
#6867 = STYLED_ITEM('color',(#6868),#4405);
#6868 = PRESENTATION_STYLE_ASSIGNMENT((#6869));
#6869 = SURFACE_STYLE_USAGE(.BOTH.,#6870);
#6870 = SURFACE_SIDE_STYLE('',(#6871));
#6871 = SURFACE_STYLE_FILL_AREA(#6872);
#6872 = FILL_AREA_STYLE('',(#6873));
#6873 = FILL_AREA_STYLE_COLOUR('',#6292);
#6874 = STYLED_ITEM('color',(#6875),#4429);
#6875 = PRESENTATION_STYLE_ASSIGNMENT((#6876));
#6876 = SURFACE_STYLE_USAGE(.BOTH.,#6877);
#6877 = SURFACE_SIDE_STYLE('',(#6878));
#6878 = SURFACE_STYLE_FILL_AREA(#6879);
#6879 = FILL_AREA_STYLE('',(#6880));
#6880 = FILL_AREA_STYLE_COLOUR('',#6292);
#6881 = STYLED_ITEM('color',(#6882),#4446);
#6882 = PRESENTATION_STYLE_ASSIGNMENT((#6883));
#6883 = SURFACE_STYLE_USAGE(.BOTH.,#6884);
#6884 = SURFACE_SIDE_STYLE('',(#6885));
#6885 = SURFACE_STYLE_FILL_AREA(#6886);
#6886 = FILL_AREA_STYLE('',(#6887));
#6887 = FILL_AREA_STYLE_COLOUR('',#6292);
#6888 = STYLED_ITEM('color',(#6889),#4463);
#6889 = PRESENTATION_STYLE_ASSIGNMENT((#6890));
#6890 = SURFACE_STYLE_USAGE(.BOTH.,#6891);
#6891 = SURFACE_SIDE_STYLE('',(#6892));
#6892 = SURFACE_STYLE_FILL_AREA(#6893);
#6893 = FILL_AREA_STYLE('',(#6894));
#6894 = FILL_AREA_STYLE_COLOUR('',#6292);
#6895 = STYLED_ITEM('color',(#6896),#4480);
#6896 = PRESENTATION_STYLE_ASSIGNMENT((#6897));
#6897 = SURFACE_STYLE_USAGE(.BOTH.,#6898);
#6898 = SURFACE_SIDE_STYLE('',(#6899));
#6899 = SURFACE_STYLE_FILL_AREA(#6900);
#6900 = FILL_AREA_STYLE('',(#6901));
#6901 = FILL_AREA_STYLE_COLOUR('',#6292);
#6902 = STYLED_ITEM('color',(#6903),#4492);
#6903 = PRESENTATION_STYLE_ASSIGNMENT((#6904));
#6904 = SURFACE_STYLE_USAGE(.BOTH.,#6905);
#6905 = SURFACE_SIDE_STYLE('',(#6906));
#6906 = SURFACE_STYLE_FILL_AREA(#6907);
#6907 = FILL_AREA_STYLE('',(#6908));
#6908 = FILL_AREA_STYLE_COLOUR('',#6292);
#6909 = STYLED_ITEM('color',(#6910),#4504);
#6910 = PRESENTATION_STYLE_ASSIGNMENT((#6911));
#6911 = SURFACE_STYLE_USAGE(.BOTH.,#6912);
#6912 = SURFACE_SIDE_STYLE('',(#6913));
#6913 = SURFACE_STYLE_FILL_AREA(#6914);
#6914 = FILL_AREA_STYLE('',(#6915));
#6915 = FILL_AREA_STYLE_COLOUR('',#6292);
#6916 = STYLED_ITEM('color',(#6917),#4516);
#6917 = PRESENTATION_STYLE_ASSIGNMENT((#6918));
#6918 = SURFACE_STYLE_USAGE(.BOTH.,#6919);
#6919 = SURFACE_SIDE_STYLE('',(#6920));
#6920 = SURFACE_STYLE_FILL_AREA(#6921);
#6921 = FILL_AREA_STYLE('',(#6922));
#6922 = FILL_AREA_STYLE_COLOUR('',#6292);
#6923 = STYLED_ITEM('color',(#6924),#4528);
#6924 = PRESENTATION_STYLE_ASSIGNMENT((#6925));
#6925 = SURFACE_STYLE_USAGE(.BOTH.,#6926);
#6926 = SURFACE_SIDE_STYLE('',(#6927));
#6927 = SURFACE_STYLE_FILL_AREA(#6928);
#6928 = FILL_AREA_STYLE('',(#6929));
#6929 = FILL_AREA_STYLE_COLOUR('',#6292);
#6930 = STYLED_ITEM('color',(#6931),#4540);
#6931 = PRESENTATION_STYLE_ASSIGNMENT((#6932));
#6932 = SURFACE_STYLE_USAGE(.BOTH.,#6933);
#6933 = SURFACE_SIDE_STYLE('',(#6934));
#6934 = SURFACE_STYLE_FILL_AREA(#6935);
#6935 = FILL_AREA_STYLE('',(#6936));
#6936 = FILL_AREA_STYLE_COLOUR('',#6292);
#6937 = STYLED_ITEM('color',(#6938),#4552);
#6938 = PRESENTATION_STYLE_ASSIGNMENT((#6939));
#6939 = SURFACE_STYLE_USAGE(.BOTH.,#6940);
#6940 = SURFACE_SIDE_STYLE('',(#6941));
#6941 = SURFACE_STYLE_FILL_AREA(#6942);
#6942 = FILL_AREA_STYLE('',(#6943));
#6943 = FILL_AREA_STYLE_COLOUR('',#6292);
ENDSEC;
END-ISO-10303-21;
