Checking "python3" ...
Python 3.9.6
"python3" has been detected
Activating ESP-IDF 5.5
Setting IDF_PATH to '/Users/dean/esp/esp-idf'.
* Checking python version ... 3.9.6
* Checking python dependencies ... OK
* Deactivating the current ESP-IDF environment (if any) ... OK
* Establishing a new ESP-IDF environment ... OK
* Identifying shell ... bash
* Detecting outdated tools in system ... Found tools that are not used by active ESP-IDF version.
For removing old versions of riscv32-esp-elf, xtensa-esp-elf, xtensa-esp-elf-gdb use command 'python /Users/dean/esp/esp-idf/tools/idf_tools.py uninstall'
To free up even more space, remove installation packages of those tools.
Use option python /Users/dean/esp/esp-idf/tools/idf_tools.py uninstall --remove-archives.
* Shell completion ... Autocompletion code generated
WARNING: Failed to load shell autocompletion for bash version: 3.2.57(1)-release!

Done! You can now compile ESP-IDF projects.
Go to the project directory and run:

  idf.py build
Executing action: all (aliases: build)
Running ninja in directory /Users/dean/Documents/MORI/firmware/interaction/build_v1_2
Executing "ninja all"...
[0/1] Re-running CMake...
-- Minimal build - OFF
-- git rev-parse returned 'fatal: not a git repository (or any of the parent directories): .git'
-- Could not use 'git describe' to determine PROJECT_VER.
-- Building ESP-IDF components for target esp32s3
NOTICE: Processing 12 dependencies:
NOTICE: [1/12] espressif/cmake_utilities (0.5.3)
NOTICE: [2/12] espressif/dl_fft (0.7.0)
NOTICE: [3/12] espressif/esp-dsp (1.6.0)
NOTICE: [4/12] espressif/esp-sr (2.2.0)
NOTICE: [5/12] espressif/esp32-camera (2.1.4)
NOTICE: [6/12] espressif/esp_codec_dev (1.5.4)
NOTICE: [7/12] espressif/esp_io_expander (1.2.1)
NOTICE: [8/12] espressif/esp_jpeg (1.3.1)
NOTICE: [9/12] espressif/esp_lcd_st77916 (1.0.1)
NOTICE: [10/12] lvgl/lvgl (9.2.2)
NOTICE: [11/12] waveshare/custom_io_expander_ch32v003 (1.0.1)
NOTICE: [12/12] idf (5.5.2)
-- ESP-TEE is currently supported only on the esp32c6;esp32h2;esp32c5 SoCs
-- Project sdkconfig file /Users/dean/Documents/MORI/firmware/interaction/sdkconfig.v1_2
Loading defaults file /Users/dean/Documents/MORI/firmware/interaction/sdkconfig.defaults...
-- Compiler supported targets: xtensa-esp-elf
-- USING O3
-- App "mori_interaction" version: 1
-- Adding linker script /Users/dean/Documents/MORI/firmware/interaction/build_v1_2/esp-idf/esp_system/ld/memory.ld
-- Adding linker script /Users/dean/Documents/MORI/firmware/interaction/build_v1_2/esp-idf/esp_system/ld/sections.ld.in
-- Adding linker script /Users/dean/esp/esp-idf/components/esp_rom/esp32s3/ld/esp32s3.rom.ld
-- Adding linker script /Users/dean/esp/esp-idf/components/esp_rom/esp32s3/ld/esp32s3.rom.api.ld
-- Adding linker script /Users/dean/esp/esp-idf/components/esp_rom/esp32s3/ld/esp32s3.rom.bt_funcs.ld
-- Adding linker script /Users/dean/esp/esp-idf/components/esp_rom/esp32s3/ld/esp32s3.rom.libgcc.ld
-- Adding linker script /Users/dean/esp/esp-idf/components/esp_rom/esp32s3/ld/esp32s3.rom.wdt.ld
-- Adding linker script /Users/dean/esp/esp-idf/components/esp_rom/esp32s3/ld/esp32s3.rom.version.ld
-- Adding linker script /Users/dean/esp/esp-idf/components/esp_rom/esp32s3/ld/esp32s3.rom.ble_master.ld
-- Adding linker script /Users/dean/esp/esp-idf/components/esp_rom/esp32s3/ld/esp32s3.rom.ble_50.ld
-- Adding linker script /Users/dean/esp/esp-idf/components/esp_rom/esp32s3/ld/esp32s3.rom.ble_smp.ld
-- Adding linker script /Users/dean/esp/esp-idf/components/esp_rom/esp32s3/ld/esp32s3.rom.ble_dtm.ld
-- Adding linker script /Users/dean/esp/esp-idf/components/esp_rom/esp32s3/ld/esp32s3.rom.ble_test.ld
-- Adding linker script /Users/dean/esp/esp-idf/components/esp_rom/esp32s3/ld/esp32s3.rom.ble_scan.ld
-- Adding linker script /Users/dean/esp/esp-idf/components/esp_rom/esp32s3/ld/esp32s3.rom.libc.ld
-- Adding linker script /Users/dean/esp/esp-idf/components/esp_rom/esp32s3/ld/esp32s3.rom.newlib.ld
-- Adding linker script /Users/dean/esp/esp-idf/components/soc/esp32s3/ld/esp32s3.peripherals.ld
-- ESP_LCD_ST77916: 1.0.1
-- Components: app_trace app_update bootloader bootloader_support bt cmock console cxx driver efuse esp-tls esp_adc esp_app_format esp_bootloader_format esp_coex esp_common esp_driver_ana_cmpr esp_driver_bitscrambler esp_driver_cam esp_driver_dac esp_driver_gpio esp_driver_gptimer esp_driver_i2c esp_driver_i2s esp_driver_isp esp_driver_jpeg esp_driver_ledc esp_driver_mcpwm esp_driver_parlio esp_driver_pcnt esp_driver_ppa esp_driver_rmt esp_driver_sdio esp_driver_sdm esp_driver_sdmmc esp_driver_sdspi esp_driver_spi esp_driver_touch_sens esp_driver_tsens esp_driver_twai esp_driver_uart esp_driver_usb_serial_jtag esp_eth esp_event esp_gdbstub esp_hid esp_http_client esp_http_server esp_https_ota esp_https_server esp_hw_support esp_lcd esp_local_ctrl esp_mm esp_netif esp_netif_stack esp_partition esp_phy esp_pm esp_psram esp_ringbuf esp_rom esp_security esp_system esp_timer esp_vfs_console esp_wifi espcoredump espressif__cmake_utilities espressif__dl_fft espressif__esp-dsp espressif__esp-sr espressif__esp32-camera espressif__esp_codec_dev espressif__esp_io_expander espressif__esp_jpeg espressif__esp_lcd_st77916 esptool_py fatfs freertos hal heap http_parser idf_test ieee802154 json log lvgl__lvgl lwip main mbedtls mqtt newlib nvs_flash nvs_sec_provider openthread partition_table perfmon protobuf-c protocomm pthread rt sdmmc soc spi_flash spiffs tcp_transport touch_element ulp unity usb vfs waveshare__custom_io_expander_ch32v003 wear_levelling wifi_provisioning wpa_supplicant xtensa
-- Component paths: /Users/dean/esp/esp-idf/components/app_trace /Users/dean/esp/esp-idf/components/app_update /Users/dean/esp/esp-idf/components/bootloader /Users/dean/esp/esp-idf/components/bootloader_support /Users/dean/esp/esp-idf/components/bt /Users/dean/esp/esp-idf/components/cmock /Users/dean/esp/esp-idf/components/console /Users/dean/esp/esp-idf/components/cxx /Users/dean/esp/esp-idf/components/driver /Users/dean/esp/esp-idf/components/efuse /Users/dean/esp/esp-idf/components/esp-tls /Users/dean/esp/esp-idf/components/esp_adc /Users/dean/esp/esp-idf/components/esp_app_format /Users/dean/esp/esp-idf/components/esp_bootloader_format /Users/dean/esp/esp-idf/components/esp_coex /Users/dean/esp/esp-idf/components/esp_common /Users/dean/esp/esp-idf/components/esp_driver_ana_cmpr /Users/dean/esp/esp-idf/components/esp_driver_bitscrambler /Users/dean/esp/esp-idf/components/esp_driver_cam /Users/dean/esp/esp-idf/components/esp_driver_dac /Users/dean/esp/esp-idf/components/esp_driver_gpio /Users/dean/esp/esp-idf/components/esp_driver_gptimer /Users/dean/esp/esp-idf/components/esp_driver_i2c /Users/dean/esp/esp-idf/components/esp_driver_i2s /Users/dean/esp/esp-idf/components/esp_driver_isp /Users/dean/esp/esp-idf/components/esp_driver_jpeg /Users/dean/esp/esp-idf/components/esp_driver_ledc /Users/dean/esp/esp-idf/components/esp_driver_mcpwm /Users/dean/esp/esp-idf/components/esp_driver_parlio /Users/dean/esp/esp-idf/components/esp_driver_pcnt /Users/dean/esp/esp-idf/components/esp_driver_ppa /Users/dean/esp/esp-idf/components/esp_driver_rmt /Users/dean/esp/esp-idf/components/esp_driver_sdio /Users/dean/esp/esp-idf/components/esp_driver_sdm /Users/dean/esp/esp-idf/components/esp_driver_sdmmc /Users/dean/esp/esp-idf/components/esp_driver_sdspi /Users/dean/esp/esp-idf/components/esp_driver_spi /Users/dean/esp/esp-idf/components/esp_driver_touch_sens /Users/dean/esp/esp-idf/components/esp_driver_tsens /Users/dean/esp/esp-idf/components/esp_driver_twai /Users/dean/esp/esp-idf/components/esp_driver_uart /Users/dean/esp/esp-idf/components/esp_driver_usb_serial_jtag /Users/dean/esp/esp-idf/components/esp_eth /Users/dean/esp/esp-idf/components/esp_event /Users/dean/esp/esp-idf/components/esp_gdbstub /Users/dean/esp/esp-idf/components/esp_hid /Users/dean/esp/esp-idf/components/esp_http_client /Users/dean/esp/esp-idf/components/esp_http_server /Users/dean/esp/esp-idf/components/esp_https_ota /Users/dean/esp/esp-idf/components/esp_https_server /Users/dean/esp/esp-idf/components/esp_hw_support /Users/dean/esp/esp-idf/components/esp_lcd /Users/dean/esp/esp-idf/components/esp_local_ctrl /Users/dean/esp/esp-idf/components/esp_mm /Users/dean/esp/esp-idf/components/esp_netif /Users/dean/esp/esp-idf/components/esp_netif_stack /Users/dean/esp/esp-idf/components/esp_partition /Users/dean/esp/esp-idf/components/esp_phy /Users/dean/esp/esp-idf/components/esp_pm /Users/dean/esp/esp-idf/components/esp_psram /Users/dean/esp/esp-idf/components/esp_ringbuf /Users/dean/esp/esp-idf/components/esp_rom /Users/dean/esp/esp-idf/components/esp_security /Users/dean/esp/esp-idf/components/esp_system /Users/dean/esp/esp-idf/components/esp_timer /Users/dean/esp/esp-idf/components/esp_vfs_console /Users/dean/esp/esp-idf/components/esp_wifi /Users/dean/esp/esp-idf/components/espcoredump /Users/dean/Documents/MORI/firmware/interaction/managed_components/espressif__cmake_utilities /Users/dean/Documents/MORI/firmware/interaction/managed_components/espressif__dl_fft /Users/dean/Documents/MORI/firmware/interaction/managed_components/espressif__esp-dsp /Users/dean/Documents/MORI/firmware/interaction/managed_components/espressif__esp-sr /Users/dean/Documents/MORI/firmware/interaction/managed_components/espressif__esp32-camera /Users/dean/Documents/MORI/firmware/interaction/managed_components/espressif__esp_codec_dev /Users/dean/Documents/MORI/firmware/interaction/managed_components/espressif__esp_io_expander /Users/dean/Documents/MORI/firmware/interaction/managed_components/espressif__esp_jpeg /Users/dean/Documents/MORI/firmware/interaction/managed_components/espressif__esp_lcd_st77916 /Users/dean/esp/esp-idf/components/esptool_py /Users/dean/esp/esp-idf/components/fatfs /Users/dean/esp/esp-idf/components/freertos /Users/dean/esp/esp-idf/components/hal /Users/dean/esp/esp-idf/components/heap /Users/dean/esp/esp-idf/components/http_parser /Users/dean/esp/esp-idf/components/idf_test /Users/dean/esp/esp-idf/components/ieee802154 /Users/dean/esp/esp-idf/components/json /Users/dean/esp/esp-idf/components/log /Users/dean/Documents/MORI/firmware/interaction/managed_components/lvgl__lvgl /Users/dean/esp/esp-idf/components/lwip /Users/dean/Documents/MORI/firmware/interaction/main /Users/dean/esp/esp-idf/components/mbedtls /Users/dean/esp/esp-idf/components/mqtt /Users/dean/esp/esp-idf/components/newlib /Users/dean/esp/esp-idf/components/nvs_flash /Users/dean/esp/esp-idf/components/nvs_sec_provider /Users/dean/esp/esp-idf/components/openthread /Users/dean/esp/esp-idf/components/partition_table /Users/dean/esp/esp-idf/components/perfmon /Users/dean/esp/esp-idf/components/protobuf-c /Users/dean/esp/esp-idf/components/protocomm /Users/dean/esp/esp-idf/components/pthread /Users/dean/esp/esp-idf/components/rt /Users/dean/esp/esp-idf/components/sdmmc /Users/dean/esp/esp-idf/components/soc /Users/dean/esp/esp-idf/components/spi_flash /Users/dean/esp/esp-idf/components/spiffs /Users/dean/esp/esp-idf/components/tcp_transport /Users/dean/esp/esp-idf/components/touch_element /Users/dean/esp/esp-idf/components/ulp /Users/dean/esp/esp-idf/components/unity /Users/dean/esp/esp-idf/components/usb /Users/dean/esp/esp-idf/components/vfs /Users/dean/Documents/MORI/firmware/interaction/managed_components/waveshare__custom_io_expander_ch32v003 /Users/dean/esp/esp-idf/components/wear_levelling /Users/dean/esp/esp-idf/components/wifi_provisioning /Users/dean/esp/esp-idf/components/wpa_supplicant /Users/dean/esp/esp-idf/components/xtensa
-- Configuring done (5.9s)
-- Generating done (0.3s)
-- Build files have been written to: /Users/dean/Documents/MORI/firmware/interaction/build_v1_2
[1/1891] Generating project_elf_src_esp32s3.c
[2/1891] Move and Pack models...
Recommended model partition size: 1K
[3/1891] Generating /Users/dean/Documents/MORI/firmware/interaction/build_v1_2/esp-idf/esp_system/ld/memory.ld linker script...
[4/1891] Generating /Users/dean/Documents/MORI/firmware/interaction/build_v1_2/esp-idf/esp_system/ld/sections.ld.in linker script...
[5/1891] Generating ../../partition_table/partition-table.bin
Partition table binary generated. Contents:
*******************************************************************************
# ESP-IDF Partition Table
# Name, Type, SubType, Offset, Size, Flags
nvs,data,nvs,0x9000,24K,
phy_init,data,phy,0xf000,4K,
factory,app,factory,0x10000,4M,
model,data,spiffs,0x410000,3M,
*******************************************************************************
[6/1891] Building C object esp-idf/esp_http_client/CMakeFiles/__idf_esp_http_client.dir/lib/http_header.c.obj
[7/1891] Building C object esp-idf/esp_http_client/CMakeFiles/__idf_esp_http_client.dir/lib/http_utils.c.obj
[8/1891] Building C object esp-idf/esp_http_server/CMakeFiles/__idf_esp_http_server.dir/src/util/ctrl_sock.c.obj
[9/1891] Building C object esp-idf/esp_http_server/CMakeFiles/__idf_esp_http_server.dir/src/httpd_ws.c.obj
[10/1891] Building C object esp-idf/esp_http_server/CMakeFiles/__idf_esp_http_server.dir/src/httpd_uri.c.obj
[11/1891] Building C object esp-idf/esp_http_client/CMakeFiles/__idf_esp_http_client.dir/lib/http_auth.c.obj
[12/1891] Building C object esp-idf/esp_http_server/CMakeFiles/__idf_esp_http_server.dir/src/httpd_sess.c.obj
[13/1891] Building C object esp-idf/esp_http_server/CMakeFiles/__idf_esp_http_server.dir/src/httpd_main.c.obj
[14/1891] Building C object esp-idf/esp_http_server/CMakeFiles/__idf_esp_http_server.dir/src/httpd_parse.c.obj
[15/1891] Building C object esp-idf/esp_http_server/CMakeFiles/__idf_esp_http_server.dir/src/httpd_txrx.c.obj
[16/1891] Building C object esp-idf/esp_https_ota/CMakeFiles/__idf_esp_https_ota.dir/src/esp_https_ota.c.obj
[17/1891] Building C object esp-idf/esp_psram/CMakeFiles/__idf_esp_psram.dir/xip_impl/mmu_psram_flash.c.obj
[18/1891] Building C object esp-idf/tcp_transport/CMakeFiles/__idf_tcp_transport.dir/transport_socks_proxy.c.obj
[19/1891] Building C object esp-idf/esp_psram/CMakeFiles/__idf_esp_psram.dir/esp32s3/esp_psram_impl_octal.c.obj
[20/1891] Building C object esp-idf/tcp_transport/CMakeFiles/__idf_tcp_transport.dir/transport_internal.c.obj
[21/1891] Building C object esp-idf/esp_psram/CMakeFiles/__idf_esp_psram.dir/system_layer/esp_psram.c.obj
[22/1891] Building C object esp-idf/esp_adc/CMakeFiles/__idf_esp_adc.dir/adc_cali.c.obj
[23/1891] Building C object esp-idf/tcp_transport/CMakeFiles/__idf_tcp_transport.dir/transport.c.obj
[24/1891] Linking C static library esp-idf/esp_https_ota/libesp_https_ota.a
[25/1891] Building C object esp-idf/esp_adc/CMakeFiles/__idf_esp_adc.dir/deprecated/esp_adc_cal_common_legacy.c.obj
[26/1891] Building C object esp-idf/esp_adc/CMakeFiles/__idf_esp_adc.dir/adc_common.c.obj
[27/1891] Building C object esp-idf/esp_adc/CMakeFiles/__idf_esp_adc.dir/adc_cali_curve_fitting.c.obj
[28/1891] Building C object esp-idf/tcp_transport/CMakeFiles/__idf_tcp_transport.dir/transport_ssl.c.obj
[29/1891] Building C object esp-idf/esp_adc/CMakeFiles/__idf_esp_adc.dir/adc_oneshot.c.obj
[30/1891] Linking C static library esp-idf/esp_http_server/libesp_http_server.a
[31/1891] Building C object esp-idf/esp_adc/CMakeFiles/__idf_esp_adc.dir/esp32s3/curve_fitting_coefficients.c.obj
[32/1891] Building C object esp-idf/esp_adc/CMakeFiles/__idf_esp_adc.dir/deprecated/esp32s3/esp_adc_cal_legacy.c.obj
[33/1891] Building C object esp-idf/esp_adc/CMakeFiles/__idf_esp_adc.dir/adc_monitor.c.obj
[34/1891] Building C object esp-idf/esp-tls/CMakeFiles/__idf_esp-tls.dir/esp-tls-crypto/esp_tls_crypto.c.obj
[35/1891] Building C object esp-idf/esp-tls/CMakeFiles/__idf_esp-tls.dir/esp_tls_platform_port.c.obj
[36/1891] Building C object esp-idf/esp-tls/CMakeFiles/__idf_esp-tls.dir/esp_tls_error_capture.c.obj
[37/1891] Building C object esp-idf/esp_adc/CMakeFiles/__idf_esp_adc.dir/adc_filter.c.obj
[38/1891] Building C object esp-idf/esp_adc/CMakeFiles/__idf_esp_adc.dir/gdma/adc_dma.c.obj
[39/1891] Building C object esp-idf/esp_adc/CMakeFiles/__idf_esp_adc.dir/adc_continuous.c.obj
[40/1891] Building C object esp-idf/driver/CMakeFiles/__idf_driver.dir/deprecated/adc_legacy.c.obj
[41/1891] Building C object esp-idf/driver/CMakeFiles/__idf_driver.dir/deprecated/adc_dma_legacy.c.obj
[42/1891] Building C object esp-idf/tcp_transport/CMakeFiles/__idf_tcp_transport.dir/transport_ws.c.obj
[43/1891] Building C object esp-idf/esp_http_client/CMakeFiles/__idf_esp_http_client.dir/esp_http_client.c.obj
[44/1891] Building C object esp-idf/driver/CMakeFiles/__idf_driver.dir/deprecated/sigma_delta_legacy.c.obj
[45/1891] Building C object esp-idf/esp-tls/CMakeFiles/__idf_esp-tls.dir/esp_tls.c.obj
[46/1891] Building C object esp-idf/esp-tls/CMakeFiles/__idf_esp-tls.dir/esp_tls_mbedtls.c.obj
[47/1891] Building C object esp-idf/driver/CMakeFiles/__idf_driver.dir/deprecated/rtc_temperature_legacy.c.obj
[48/1891] Linking C static library esp-idf/esp_http_client/libesp_http_client.a
[49/1891] Building C object esp-idf/driver/CMakeFiles/__idf_driver.dir/deprecated/timer_legacy.c.obj
[50/1891] Linking C static library esp-idf/tcp_transport/libtcp_transport.a
[51/1891] Building C object esp-idf/driver/CMakeFiles/__idf_driver.dir/deprecated/pcnt_legacy.c.obj
[52/1891] Building C object esp-idf/driver/CMakeFiles/__idf_driver.dir/touch_sensor/touch_sensor_common.c.obj
[53/1891] Building C object esp-idf/esp_driver_twai/CMakeFiles/__idf_esp_driver_twai.dir/esp_twai.c.obj
[54/1891] Linking C static library esp-idf/esp_psram/libesp_psram.a
[55/1891] Building C object esp-idf/http_parser/CMakeFiles/__idf_http_parser.dir/http_parser.c.obj
[56/1891] Building C object esp-idf/driver/CMakeFiles/__idf_driver.dir/twai/twai.c.obj
[57/1891] Building C object esp-idf/driver/CMakeFiles/__idf_driver.dir/deprecated/i2s_legacy.c.obj
[58/1891] Building C object esp-idf/driver/CMakeFiles/__idf_driver.dir/i2c/i2c.c.obj
[59/1891] Linking C static library esp-idf/esp_adc/libesp_adc.a
[60/1891] Building C object esp-idf/esp_driver_i2c/CMakeFiles/__idf_esp_driver_i2c.dir/i2c_common.c.obj
[61/1891] Building C object esp-idf/esp_driver_twai/CMakeFiles/__idf_esp_driver_twai.dir/esp_twai_onchip.c.obj
[62/1891] Building C object esp-idf/esp_driver_tsens/CMakeFiles/__idf_esp_driver_tsens.dir/src/temperature_sensor.c.obj
[63/1891] Linking C static library esp-idf/esp-tls/libesp-tls.a
[64/1891] Building C object esp-idf/esp_driver_sdm/CMakeFiles/__idf_esp_driver_sdm.dir/src/sdm.c.obj
[65/1891] Building C object esp-idf/esp_driver_rmt/CMakeFiles/__idf_esp_driver_rmt.dir/src/rmt_common.c.obj
[66/1891] Building C object esp-idf/esp_driver_rmt/CMakeFiles/__idf_esp_driver_rmt.dir/src/rmt_encoder.c.obj
[67/1891] Building C object esp-idf/driver/CMakeFiles/__idf_driver.dir/touch_sensor/esp32s3/touch_sensor.c.obj
[68/1891] Building C object esp-idf/esp_driver_i2c/CMakeFiles/__idf_esp_driver_i2c.dir/i2c_slave.c.obj
[69/1891] Linking C static library esp-idf/http_parser/libhttp_parser.a
[70/1891] Building C object esp-idf/esp_driver_sdspi/CMakeFiles/__idf_esp_driver_sdspi.dir/src/sdspi_crc.c.obj
[71/1891] Building C object esp-idf/esp_driver_rmt/CMakeFiles/__idf_esp_driver_rmt.dir/src/rmt_encoder_copy.c.obj
[72/1891] Building C object esp-idf/driver/CMakeFiles/__idf_driver.dir/deprecated/mcpwm_legacy.c.obj
[73/1891] Building C object esp-idf/esp_driver_rmt/CMakeFiles/__idf_esp_driver_rmt.dir/src/rmt_encoder_simple.c.obj
[74/1891] Building C object esp-idf/esp_driver_rmt/CMakeFiles/__idf_esp_driver_rmt.dir/src/rmt_encoder_bytes.c.obj
[75/1891] Building C object esp-idf/esp_driver_sdspi/CMakeFiles/__idf_esp_driver_sdspi.dir/src/sdspi_transaction.c.obj
[76/1891] Building C object esp-idf/esp_driver_sdmmc/CMakeFiles/__idf_esp_driver_sdmmc.dir/src/sdmmc_transaction.c.obj
[77/1891] Building C object esp-idf/esp_driver_sdspi/CMakeFiles/__idf_esp_driver_sdspi.dir/src/sdspi_host.c.obj
[78/1891] Building C object esp-idf/sdmmc/CMakeFiles/__idf_sdmmc.dir/sdmmc_init.c.obj
[79/1891] Building C object esp-idf/sdmmc/CMakeFiles/__idf_sdmmc.dir/sdmmc_common.c.obj
[80/1891] Building C object esp-idf/driver/CMakeFiles/__idf_driver.dir/deprecated/rmt_legacy.c.obj
[81/1891] Building C object esp-idf/sdmmc/CMakeFiles/__idf_sdmmc.dir/sdmmc_cmd.c.obj
[82/1891] Building C object esp-idf/sdmmc/CMakeFiles/__idf_sdmmc.dir/sd_pwr_ctrl/sd_pwr_ctrl.c.obj
[83/1891] Building C object esp-idf/esp_driver_i2c/CMakeFiles/__idf_esp_driver_i2c.dir/i2c_master.c.obj
[84/1891] Building C object esp-idf/sdmmc/CMakeFiles/__idf_sdmmc.dir/sdmmc_io.c.obj
[85/1891] Building C object esp-idf/esp_driver_ledc/CMakeFiles/__idf_esp_driver_ledc.dir/src/ledc.c.obj
[86/1891] Building C object esp-idf/sdmmc/CMakeFiles/__idf_sdmmc.dir/sdmmc_mmc.c.obj
[87/1891] Linking C static library esp-idf/driver/libdriver.a
[88/1891] Building C object esp-idf/esp_driver_rmt/CMakeFiles/__idf_esp_driver_rmt.dir/src/rmt_rx.c.obj
[89/1891] Building C object esp-idf/esp_driver_i2s/CMakeFiles/__idf_esp_driver_i2s.dir/i2s_platform.c.obj
[90/1891] Linking C static library esp-idf/esp_driver_twai/libesp_driver_twai.a
[91/1891] Building C object esp-idf/esp_driver_i2s/CMakeFiles/__idf_esp_driver_i2s.dir/i2s_tdm.c.obj
[92/1891] Building C object esp-idf/esp_driver_mcpwm/CMakeFiles/__idf_esp_driver_mcpwm.dir/src/mcpwm_cmpr.c.obj
[93/1891] Building C object esp-idf/esp_driver_i2s/CMakeFiles/__idf_esp_driver_i2s.dir/i2s_std.c.obj
[94/1891] Building C object esp-idf/sdmmc/CMakeFiles/__idf_sdmmc.dir/sdmmc_sd.c.obj
[95/1891] Linking C static library esp-idf/esp_driver_ledc/libesp_driver_ledc.a
[96/1891] Building C object esp-idf/esp_driver_rmt/CMakeFiles/__idf_esp_driver_rmt.dir/src/rmt_tx.c.obj
[97/1891] Building C object esp-idf/esp_driver_sdmmc/CMakeFiles/__idf_esp_driver_sdmmc.dir/src/sdmmc_host.c.obj
[98/1891] Building C object esp-idf/esp_driver_mcpwm/CMakeFiles/__idf_esp_driver_mcpwm.dir/src/mcpwm_com.c.obj
[99/1891] Building C object esp-idf/esp_driver_mcpwm/CMakeFiles/__idf_esp_driver_mcpwm.dir/src/mcpwm_cap.c.obj
[100/1891] Linking C static library esp-idf/esp_driver_i2c/libesp_driver_i2c.a
[101/1891] Building C object esp-idf/esp_driver_mcpwm/CMakeFiles/__idf_esp_driver_mcpwm.dir/src/mcpwm_fault.c.obj
[102/1891] Building C object esp-idf/esp_gdbstub/CMakeFiles/__idf_esp_gdbstub.dir/src/gdbstub_transport.c.obj
[103/1891] Linking C static library esp-idf/esp_driver_sdm/libesp_driver_sdm.a
[104/1891] Building C object esp-idf/esp_gdbstub/CMakeFiles/__idf_esp_gdbstub.dir/src/packet.c.obj
[105/1891] Building C object esp-idf/esp_driver_i2s/CMakeFiles/__idf_esp_driver_i2s.dir/i2s_pdm.c.obj
[106/1891] Building ASM object esp-idf/esp_gdbstub/CMakeFiles/__idf_esp_gdbstub.dir/src/port/xtensa/gdbstub-entry.S.obj
[107/1891] Building C object esp-idf/esp_driver_i2s/CMakeFiles/__idf_esp_driver_i2s.dir/i2s_common.c.obj
[108/1891] Building C object esp-idf/esp_driver_mcpwm/CMakeFiles/__idf_esp_driver_mcpwm.dir/src/mcpwm_sync.c.obj
[109/1891] Building ASM object esp-idf/esp_gdbstub/CMakeFiles/__idf_esp_gdbstub.dir/src/port/xtensa/xt_debugexception.S.obj
[110/1891] Building C object esp-idf/esp_gdbstub/CMakeFiles/__idf_esp_gdbstub.dir/src/gdbstub.c.obj
[111/1891] Linking C static library esp-idf/esp_driver_tsens/libesp_driver_tsens.a
[112/1891] Building C object esp-idf/esp_driver_mcpwm/CMakeFiles/__idf_esp_driver_mcpwm.dir/src/mcpwm_oper.c.obj
[113/1891] Building C object esp-idf/esp_gdbstub/CMakeFiles/__idf_esp_gdbstub.dir/src/port/xtensa/gdbstub_xtensa.c.obj
[114/1891] Building C object esp-idf/esp_driver_mcpwm/CMakeFiles/__idf_esp_driver_mcpwm.dir/src/mcpwm_timer.c.obj
[115/1891] Linking C static library esp-idf/esp_driver_rmt/libesp_driver_rmt.a
[116/1891] Building C object esp-idf/esp_wifi/CMakeFiles/__idf_esp_wifi.dir/src/lib_printf.c.obj
[117/1891] Building C object esp-idf/esp_wifi/CMakeFiles/__idf_esp_wifi.dir/src/mesh_event.c.obj
[118/1891] Linking C static library esp-idf/esp_driver_sdspi/libesp_driver_sdspi.a
[119/1891] Building C object esp-idf/esp_wifi/CMakeFiles/__idf_esp_wifi.dir/src/smartconfig.c.obj
[120/1891] Building C object esp-idf/esp_driver_mcpwm/CMakeFiles/__idf_esp_driver_mcpwm.dir/src/mcpwm_gen.c.obj
[121/1891] Building C object esp-idf/esp_wifi/CMakeFiles/__idf_esp_wifi.dir/src/wifi_init.c.obj
[122/1891] Building C object esp-idf/esp_wifi/CMakeFiles/__idf_esp_wifi.dir/src/wifi_default_ap.c.obj
[123/1891] Linking C static library esp-idf/esp_driver_sdmmc/libesp_driver_sdmmc.a
[124/1891] Building C object esp-idf/esp_wifi/CMakeFiles/__idf_esp_wifi.dir/src/wifi_netif.c.obj
[125/1891] Building C object esp-idf/esp_wifi/CMakeFiles/__idf_esp_wifi.dir/src/wifi_default.c.obj
[126/1891] Building C object esp-idf/esp_coex/CMakeFiles/__idf_esp_coex.dir/src/coexist_debug_diagram.c.obj
[127/1891] Building C object esp-idf/esp_driver_pcnt/CMakeFiles/__idf_esp_driver_pcnt.dir/src/pulse_cnt.c.obj
[128/1891] Building C object esp-idf/esp_wifi/CMakeFiles/__idf_esp_wifi.dir/regulatory/esp_wifi_regulatory.c.obj
[129/1891] Linking C static library esp-idf/sdmmc/libsdmmc.a
[130/1891] Building C object esp-idf/esp_coex/CMakeFiles/__idf_esp_coex.dir/src/coexist_debug.c.obj
[131/1891] Building C object esp-idf/esp_driver_spi/CMakeFiles/__idf_esp_driver_spi.dir/src/gpspi/spi_slave_hd.c.obj
[132/1891] Building C object esp-idf/esp_driver_spi/CMakeFiles/__idf_esp_driver_spi.dir/src/gpspi/spi_slave.c.obj
[133/1891] Building C object esp-idf/esp_driver_spi/CMakeFiles/__idf_esp_driver_spi.dir/src/gpspi/spi_common.c.obj
[134/1891] Building C object esp-idf/esp_coex/CMakeFiles/__idf_esp_coex.dir/esp32s3/esp_coex_adapter.c.obj
[135/1891] Linking C static library esp-idf/esp_driver_i2s/libesp_driver_i2s.a
[136/1891] Building C object esp-idf/esp_wifi/CMakeFiles/__idf_esp_wifi.dir/src/smartconfig_ack.c.obj
[137/1891] Building C object esp-idf/esp_wifi/CMakeFiles/__idf_esp_wifi.dir/esp32s3/esp_adapter.c.obj
[138/1891] Linking C static library esp-idf/esp_driver_mcpwm/libesp_driver_mcpwm.a
[139/1891] Building C object esp-idf/wpa_supplicant/CMakeFiles/__idf_wpa_supplicant.dir/port/os_xtensa.c.obj
[140/1891] Building C object esp-idf/wpa_supplicant/CMakeFiles/__idf_wpa_supplicant.dir/src/ap/ap_config.c.obj
[141/1891] Linking C static library esp-idf/esp_driver_pcnt/libesp_driver_pcnt.a
[142/1891] Building C object esp-idf/wpa_supplicant/CMakeFiles/__idf_wpa_supplicant.dir/src/ap/ieee802_1x.c.obj
[143/1891] Building C object esp-idf/wpa_supplicant/CMakeFiles/__idf_wpa_supplicant.dir/port/eloop.c.obj
[144/1891] Building C object esp-idf/wpa_supplicant/CMakeFiles/__idf_wpa_supplicant.dir/src/ap/sta_info.c.obj
[145/1891] Building C object esp-idf/wpa_supplicant/CMakeFiles/__idf_wpa_supplicant.dir/src/ap/pmksa_cache_auth.c.obj
[146/1891] Linking C static library esp-idf/esp_gdbstub/libesp_gdbstub.a
[147/1891] Building C object esp-idf/wpa_supplicant/CMakeFiles/__idf_wpa_supplicant.dir/src/ap/comeback_token.c.obj
[148/1891] Building C object esp-idf/wpa_supplicant/CMakeFiles/__idf_wpa_supplicant.dir/src/ap/ieee802_11.c.obj
[149/1891] Building C object esp-idf/wpa_supplicant/CMakeFiles/__idf_wpa_supplicant.dir/src/common/dragonfly.c.obj
[150/1891] Building C object esp-idf/wpa_supplicant/CMakeFiles/__idf_wpa_supplicant.dir/src/ap/wpa_auth_ie.c.obj
[151/1891] Building C object esp-idf/wpa_supplicant/CMakeFiles/__idf_wpa_supplicant.dir/src/utils/bitfield.c.obj
[152/1891] Building C object esp-idf/wpa_supplicant/CMakeFiles/__idf_wpa_supplicant.dir/src/crypto/sha256-kdf.c.obj
[153/1891] Building C object esp-idf/wpa_supplicant/CMakeFiles/__idf_wpa_supplicant.dir/src/crypto/aes-siv.c.obj
[154/1891] Building C object esp-idf/esp_driver_spi/CMakeFiles/__idf_esp_driver_spi.dir/src/gpspi/spi_master.c.obj
[155/1891] Building C object esp-idf/wpa_supplicant/CMakeFiles/__idf_wpa_supplicant.dir/src/crypto/crypto_ops.c.obj
[156/1891] Building C object esp-idf/wpa_supplicant/CMakeFiles/__idf_wpa_supplicant.dir/src/crypto/ccmp.c.obj
[157/1891] Building C object esp-idf/wpa_supplicant/CMakeFiles/__idf_wpa_supplicant.dir/src/crypto/aes-gcm.c.obj
[158/1891] Building C object esp-idf/wpa_supplicant/CMakeFiles/__idf_wpa_supplicant.dir/src/crypto/dh_group5.c.obj
[159/1891] Building C object esp-idf/wpa_supplicant/CMakeFiles/__idf_wpa_supplicant.dir/src/crypto/dh_groups.c.obj
[160/1891] Building C object esp-idf/wpa_supplicant/CMakeFiles/__idf_wpa_supplicant.dir/src/common/wpa_common.c.obj
[161/1891] Linking C static library esp-idf/esp_driver_spi/libesp_driver_spi.a
[162/1891] Building C object esp-idf/wpa_supplicant/CMakeFiles/__idf_wpa_supplicant.dir/src/crypto/sha1-tlsprf.c.obj
[163/1891] Building C object esp-idf/wpa_supplicant/CMakeFiles/__idf_wpa_supplicant.dir/src/crypto/sha256-tlsprf.c.obj
[164/1891] Building C object esp-idf/wpa_supplicant/CMakeFiles/__idf_wpa_supplicant.dir/src/crypto/ms_funcs.c.obj
[165/1891] Linking C static library esp-idf/esp_wifi/libesp_wifi.a
[166/1891] Building C object esp-idf/wpa_supplicant/CMakeFiles/__idf_wpa_supplicant.dir/src/crypto/sha1-prf.c.obj
[167/1891] Building C object esp-idf/wpa_supplicant/CMakeFiles/__idf_wpa_supplicant.dir/src/crypto/sha256-prf.c.obj
[168/1891] Building C object esp-idf/wpa_supplicant/CMakeFiles/__idf_wpa_supplicant.dir/src/crypto/sha384-tlsprf.c.obj
[169/1891] Building C object esp-idf/wpa_supplicant/CMakeFiles/__idf_wpa_supplicant.dir/src/crypto/sha384-prf.c.obj
[170/1891] Building C object esp-idf/wpa_supplicant/CMakeFiles/__idf_wpa_supplicant.dir/src/crypto/sha1-tprf.c.obj
[171/1891] Building C object esp-idf/wpa_supplicant/CMakeFiles/__idf_wpa_supplicant.dir/src/eap_common/eap_wsc_common.c.obj
[172/1891] Building C object esp-idf/wpa_supplicant/CMakeFiles/__idf_wpa_supplicant.dir/src/eap_peer/chap.c.obj
[173/1891] Building C object esp-idf/wpa_supplicant/CMakeFiles/__idf_wpa_supplicant.dir/src/crypto/md4-internal.c.obj
[174/1891] Building C object esp-idf/wpa_supplicant/CMakeFiles/__idf_wpa_supplicant.dir/src/common/ieee802_11_common.c.obj
[175/1891] Building C object esp-idf/wpa_supplicant/CMakeFiles/__idf_wpa_supplicant.dir/src/eap_peer/eap_common.c.obj
[176/1891] Building C object esp-idf/wpa_supplicant/CMakeFiles/__idf_wpa_supplicant.dir/src/ap/wpa_auth.c.obj
[177/1891] Building C object esp-idf/wpa_supplicant/CMakeFiles/__idf_wpa_supplicant.dir/src/eap_peer/eap_peap_common.c.obj
[178/1891] Building C object esp-idf/wpa_supplicant/CMakeFiles/__idf_wpa_supplicant.dir/src/eap_peer/mschapv2.c.obj
[179/1891] Building C object esp-idf/wpa_supplicant/CMakeFiles/__idf_wpa_supplicant.dir/src/eap_peer/eap_tls.c.obj
[180/1891] Building C object esp-idf/wpa_supplicant/CMakeFiles/__idf_wpa_supplicant.dir/src/eap_peer/eap_mschapv2.c.obj
[181/1891] Building C object esp-idf/wpa_supplicant/CMakeFiles/__idf_wpa_supplicant.dir/src/eap_peer/eap_fast_common.c.obj
[182/1891] Building C object esp-idf/wpa_supplicant/CMakeFiles/__idf_wpa_supplicant.dir/src/eap_peer/eap_tls_common.c.obj
[183/1891] Building C object esp-idf/wpa_supplicant/CMakeFiles/__idf_wpa_supplicant.dir/src/eap_peer/eap.c.obj
[184/1891] Building C object esp-idf/wpa_supplicant/CMakeFiles/__idf_wpa_supplicant.dir/src/rsn_supp/pmksa_cache.c.obj
[185/1891] Building C object esp-idf/wpa_supplicant/CMakeFiles/__idf_wpa_supplicant.dir/src/eap_peer/eap_peap.c.obj
[186/1891] Building C object esp-idf/wpa_supplicant/CMakeFiles/__idf_wpa_supplicant.dir/src/utils/base64.c.obj
[187/1891] Building C object esp-idf/wpa_supplicant/CMakeFiles/__idf_wpa_supplicant.dir/src/common/sae.c.obj
[188/1891] Building C object esp-idf/wpa_supplicant/CMakeFiles/__idf_wpa_supplicant.dir/src/rsn_supp/wpa_ie.c.obj
[189/1891] Building C object esp-idf/wpa_supplicant/CMakeFiles/__idf_wpa_supplicant.dir/src/utils/ext_password.c.obj
[190/1891] Building C object esp-idf/wpa_supplicant/CMakeFiles/__idf_wpa_supplicant.dir/src/utils/uuid.c.obj
[191/1891] Building C object esp-idf/wpa_supplicant/CMakeFiles/__idf_wpa_supplicant.dir/src/utils/wpabuf.c.obj
[192/1891] Building C object esp-idf/wpa_supplicant/CMakeFiles/__idf_wpa_supplicant.dir/src/eap_peer/eap_fast_pac.c.obj
[193/1891] Building C object esp-idf/wpa_supplicant/CMakeFiles/__idf_wpa_supplicant.dir/src/utils/common.c.obj
[194/1891] Building C object esp-idf/wpa_supplicant/CMakeFiles/__idf_wpa_supplicant.dir/src/eap_peer/eap_ttls.c.obj
[195/1891] Building C object esp-idf/wpa_supplicant/CMakeFiles/__idf_wpa_supplicant.dir/src/utils/wpa_debug.c.obj
[196/1891] Building C object esp-idf/wpa_supplicant/CMakeFiles/__idf_wpa_supplicant.dir/src/utils/json.c.obj
[197/1891] Building C object esp-idf/wpa_supplicant/CMakeFiles/__idf_wpa_supplicant.dir/src/wps/wps_attr_parse.c.obj
[198/1891] Building C object esp-idf/wpa_supplicant/CMakeFiles/__idf_wpa_supplicant.dir/src/wps/wps_attr_process.c.obj
[199/1891] Building C object esp-idf/wpa_supplicant/CMakeFiles/__idf_wpa_supplicant.dir/src/wps/wps.c.obj
[200/1891] Building C object esp-idf/wpa_supplicant/CMakeFiles/__idf_wpa_supplicant.dir/src/eap_peer/eap_fast.c.obj
[201/1891] Building C object esp-idf/wpa_supplicant/CMakeFiles/__idf_wpa_supplicant.dir/esp_supplicant/src/esp_wpa2_api_port.c.obj
[202/1891] Building C object esp-idf/wpa_supplicant/CMakeFiles/__idf_wpa_supplicant.dir/src/wps/wps_dev_attr.c.obj
[203/1891] Building C object esp-idf/wpa_supplicant/CMakeFiles/__idf_wpa_supplicant.dir/src/wps/wps_attr_build.c.obj
[204/1891] Building C object esp-idf/wpa_supplicant/CMakeFiles/__idf_wpa_supplicant.dir/src/wps/wps_common.c.obj
[205/1891] Building C object esp-idf/wpa_supplicant/CMakeFiles/__idf_wpa_supplicant.dir/src/common/sae_pk.c.obj
[206/1891] Building C object esp-idf/wpa_supplicant/CMakeFiles/__idf_wpa_supplicant.dir/src/wps/wps_enrollee.c.obj
[207/1891] Building C object esp-idf/wpa_supplicant/CMakeFiles/__idf_wpa_supplicant.dir/esp_supplicant/src/esp_wpas_glue.c.obj
[208/1891] Building C object esp-idf/wpa_supplicant/CMakeFiles/__idf_wpa_supplicant.dir/esp_supplicant/src/esp_owe.c.obj
[209/1891] Building C object esp-idf/wpa_supplicant/CMakeFiles/__idf_wpa_supplicant.dir/src/rsn_supp/wpa.c.obj
[210/1891] Building C object esp-idf/wpa_supplicant/CMakeFiles/__idf_wpa_supplicant.dir/esp_supplicant/src/esp_common.c.obj
[211/1891] Building C object esp-idf/wpa_supplicant/CMakeFiles/__idf_wpa_supplicant.dir/esp_supplicant/src/esp_hostap.c.obj
[212/1891] Building C object esp-idf/wpa_supplicant/CMakeFiles/__idf_wpa_supplicant.dir/esp_supplicant/src/esp_wpa_main.c.obj
[213/1891] Building C object esp-idf/wpa_supplicant/CMakeFiles/__idf_wpa_supplicant.dir/esp_supplicant/src/esp_wpa3.c.obj
[214/1891] Building C object esp-idf/wpa_supplicant/CMakeFiles/__idf_wpa_supplicant.dir/esp_supplicant/src/crypto/fastpsk.c.obj
[215/1891] Building C object esp-idf/wpa_supplicant/CMakeFiles/__idf_wpa_supplicant.dir/src/crypto/rc4.c.obj
[216/1891] Building C object esp-idf/wpa_supplicant/CMakeFiles/__idf_wpa_supplicant.dir/esp_supplicant/src/crypto/crypto_mbedtls.c.obj
[217/1891] Building C object esp-idf/wpa_supplicant/CMakeFiles/__idf_wpa_supplicant.dir/esp_supplicant/src/esp_eap_client.c.obj
[218/1891] Building C object esp-idf/wpa_supplicant/CMakeFiles/__idf_wpa_supplicant.dir/esp_supplicant/src/crypto/crypto_mbedtls-bignum.c.obj
[219/1891] Building C object esp-idf/wpa_supplicant/CMakeFiles/__idf_wpa_supplicant.dir/src/crypto/aes-wrap.c.obj
[220/1891] Building C object esp-idf/wpa_supplicant/CMakeFiles/__idf_wpa_supplicant.dir/esp_supplicant/src/crypto/crypto_mbedtls-rsa.c.obj
[221/1891] Building C object esp-idf/wpa_supplicant/CMakeFiles/__idf_wpa_supplicant.dir/esp_supplicant/src/crypto/tls_mbedtls.c.obj
[222/1891] Building C object esp-idf/wpa_supplicant/CMakeFiles/__idf_wpa_supplicant.dir/src/crypto/aes-unwrap.c.obj
[223/1891] Linking C static library esp-idf/esp_coex/libesp_coex.a
[224/1891] Building C object esp-idf/wpa_supplicant/CMakeFiles/__idf_wpa_supplicant.dir/esp_supplicant/src/esp_wps.c.obj
[225/1891] Building C object esp-idf/esp_netif/CMakeFiles/__idf_esp_netif.dir/esp_netif_defaults.c.obj
[226/1891] Building C object esp-idf/esp_netif/CMakeFiles/__idf_esp_netif.dir/esp_netif_objects.c.obj
[227/1891] Building C object esp-idf/wpa_supplicant/CMakeFiles/__idf_wpa_supplicant.dir/esp_supplicant/src/crypto/fastpbkdf2.c.obj
[228/1891] Building C object esp-idf/wpa_supplicant/CMakeFiles/__idf_wpa_supplicant.dir/src/crypto/des-internal.c.obj
[229/1891] Building C object esp-idf/esp_netif/CMakeFiles/__idf_esp_netif.dir/esp_netif_handlers.c.obj
[230/1891] Building C object esp-idf/wpa_supplicant/CMakeFiles/__idf_wpa_supplicant.dir/src/crypto/aes-ccm.c.obj
[231/1891] Building C object esp-idf/esp_netif/CMakeFiles/__idf_esp_netif.dir/lwip/esp_netif_lwip_defaults.c.obj
[232/1891] Building C object esp-idf/esp_netif/CMakeFiles/__idf_esp_netif.dir/lwip/netif/wlanif.c.obj
[233/1891] Building C object esp-idf/lwip/CMakeFiles/__idf_lwip.dir/lwip/src/api/err.c.obj
[234/1891] Building C object esp-idf/esp_netif/CMakeFiles/__idf_esp_netif.dir/lwip/netif/ethernetif.c.obj
[235/1891] Building C object esp-idf/esp_netif/CMakeFiles/__idf_esp_netif.dir/lwip/esp_netif_sntp.c.obj
[236/1891] Building C object esp-idf/esp_netif/CMakeFiles/__idf_esp_netif.dir/lwip/netif/esp_pbuf_ref.c.obj
[237/1891] Building C object esp-idf/lwip/CMakeFiles/__idf_lwip.dir/lwip/src/api/if_api.c.obj
[238/1891] Building C object esp-idf/lwip/CMakeFiles/__idf_lwip.dir/apps/sntp/sntp.c.obj
[239/1891] Building C object esp-idf/wpa_supplicant/CMakeFiles/__idf_wpa_supplicant.dir/esp_supplicant/src/crypto/crypto_mbedtls-ec.c.obj
[240/1891] Building C object esp-idf/lwip/CMakeFiles/__idf_lwip.dir/lwip/src/api/netbuf.c.obj
[241/1891] Building C object esp-idf/lwip/CMakeFiles/__idf_lwip.dir/lwip/src/api/api_lib.c.obj
[242/1891] Building C object esp-idf/lwip/CMakeFiles/__idf_lwip.dir/lwip/src/api/netifapi.c.obj
[243/1891] Building C object esp-idf/lwip/CMakeFiles/__idf_lwip.dir/lwip/src/core/def.c.obj
[244/1891] Building C object esp-idf/lwip/CMakeFiles/__idf_lwip.dir/lwip/src/api/tcpip.c.obj
[245/1891] Building C object esp-idf/lwip/CMakeFiles/__idf_lwip.dir/lwip/src/apps/netbiosns/netbiosns.c.obj
[246/1891] Building C object esp-idf/lwip/CMakeFiles/__idf_lwip.dir/lwip/src/apps/sntp/sntp.c.obj
[247/1891] Building C object esp-idf/lwip/CMakeFiles/__idf_lwip.dir/lwip/src/api/netdb.c.obj
[248/1891] Building C object esp-idf/lwip/CMakeFiles/__idf_lwip.dir/lwip/src/core/init.c.obj
[249/1891] Building C object esp-idf/lwip/CMakeFiles/__idf_lwip.dir/lwip/src/core/inet_chksum.c.obj
[250/1891] Building C object esp-idf/lwip/CMakeFiles/__idf_lwip.dir/lwip/src/api/api_msg.c.obj
[251/1891] Building C object esp-idf/lwip/CMakeFiles/__idf_lwip.dir/lwip/src/core/ip.c.obj
[252/1891] Linking C static library esp-idf/wpa_supplicant/libwpa_supplicant.a
[253/1891] Building C object esp-idf/lwip/CMakeFiles/__idf_lwip.dir/lwip/src/core/memp.c.obj
[254/1891] Building C object esp-idf/lwip/CMakeFiles/__idf_lwip.dir/lwip/src/core/mem.c.obj
[255/1891] Building C object esp-idf/lwip/CMakeFiles/__idf_lwip.dir/lwip/src/core/dns.c.obj
[256/1891] Building C object esp-idf/lwip/CMakeFiles/__idf_lwip.dir/lwip/src/core/pbuf.c.obj
[257/1891] Building C object esp-idf/lwip/CMakeFiles/__idf_lwip.dir/lwip/src/core/stats.c.obj
[258/1891] Building C object esp-idf/lwip/CMakeFiles/__idf_lwip.dir/lwip/src/core/netif.c.obj
[259/1891] Building C object esp-idf/lwip/CMakeFiles/__idf_lwip.dir/lwip/src/core/sys.c.obj
[260/1891] Building C object esp-idf/lwip/CMakeFiles/__idf_lwip.dir/lwip/src/core/raw.c.obj
[261/1891] Building C object esp-idf/lwip/CMakeFiles/__idf_lwip.dir/lwip/src/core/timeouts.c.obj
[262/1891] Building C object esp-idf/lwip/CMakeFiles/__idf_lwip.dir/lwip/src/core/ipv4/autoip.c.obj
[263/1891] Building C object esp-idf/lwip/CMakeFiles/__idf_lwip.dir/lwip/src/core/ipv4/icmp.c.obj
[264/1891] Building C object esp-idf/lwip/CMakeFiles/__idf_lwip.dir/lwip/src/core/udp.c.obj
[265/1891] Building C object esp-idf/lwip/CMakeFiles/__idf_lwip.dir/lwip/src/core/ipv4/ip4_napt.c.obj
[266/1891] Building C object esp-idf/lwip/CMakeFiles/__idf_lwip.dir/lwip/src/core/ipv4/igmp.c.obj
[267/1891] Building C object esp-idf/lwip/CMakeFiles/__idf_lwip.dir/lwip/src/core/ipv4/etharp.c.obj
[268/1891] Building C object esp-idf/lwip/CMakeFiles/__idf_lwip.dir/lwip/src/core/tcp_out.c.obj
[269/1891] Building C object esp-idf/lwip/CMakeFiles/__idf_lwip.dir/lwip/src/core/ipv4/ip4.c.obj
[270/1891] Building C object esp-idf/esp_netif/CMakeFiles/__idf_esp_netif.dir/lwip/esp_netif_lwip.c.obj
[271/1891] Building C object esp-idf/lwip/CMakeFiles/__idf_lwip.dir/lwip/src/core/ipv4/dhcp.c.obj
[272/1891] Building C object esp-idf/lwip/CMakeFiles/__idf_lwip.dir/lwip/src/core/tcp.c.obj
[273/1891] Building C object esp-idf/lwip/CMakeFiles/__idf_lwip.dir/lwip/src/api/sockets.c.obj
[274/1891] Building C object esp-idf/lwip/CMakeFiles/__idf_lwip.dir/lwip/src/core/tcp_in.c.obj
[275/1891] Building C object esp-idf/lwip/CMakeFiles/__idf_lwip.dir/lwip/src/core/ipv6/dhcp6.c.obj
[276/1891] Building C object esp-idf/lwip/CMakeFiles/__idf_lwip.dir/lwip/src/core/ipv4/ip4_addr.c.obj
[277/1891] Building C object esp-idf/lwip/CMakeFiles/__idf_lwip.dir/lwip/src/core/ipv4/ip4_frag.c.obj
[278/1891] Building C object esp-idf/lwip/CMakeFiles/__idf_lwip.dir/lwip/src/core/ipv6/icmp6.c.obj
[279/1891] Building C object esp-idf/lwip/CMakeFiles/__idf_lwip.dir/lwip/src/core/ipv6/ethip6.c.obj
[280/1891] Building C object esp-idf/lwip/CMakeFiles/__idf_lwip.dir/lwip/src/core/ipv6/inet6.c.obj
[281/1891] Building C object esp-idf/lwip/CMakeFiles/__idf_lwip.dir/lwip/src/core/ipv6/ip6_frag.c.obj
[282/1891] Building C object esp-idf/lwip/CMakeFiles/__idf_lwip.dir/lwip/src/core/ipv6/ip6_addr.c.obj
[283/1891] Building C object esp-idf/lwip/CMakeFiles/__idf_lwip.dir/lwip/src/core/ipv6/mld6.c.obj
[284/1891] Building C object esp-idf/lwip/CMakeFiles/__idf_lwip.dir/lwip/src/netif/ethernet.c.obj
[285/1891] Building C object esp-idf/lwip/CMakeFiles/__idf_lwip.dir/lwip/src/netif/bridgeif.c.obj
[286/1891] Building C object esp-idf/lwip/CMakeFiles/__idf_lwip.dir/lwip/src/netif/slipif.c.obj
[287/1891] Building C object esp-idf/lwip/CMakeFiles/__idf_lwip.dir/lwip/src/netif/bridgeif_fdb.c.obj
[288/1891] Building C object esp-idf/lwip/CMakeFiles/__idf_lwip.dir/lwip/src/netif/ppp/chap-new.c.obj
[289/1891] Building C object esp-idf/lwip/CMakeFiles/__idf_lwip.dir/lwip/src/netif/ppp/chap-md5.c.obj
[290/1891] Building C object esp-idf/lwip/CMakeFiles/__idf_lwip.dir/lwip/src/netif/ppp/auth.c.obj
[291/1891] Building C object esp-idf/lwip/CMakeFiles/__idf_lwip.dir/lwip/src/netif/ppp/ccp.c.obj
[292/1891] Building C object esp-idf/lwip/CMakeFiles/__idf_lwip.dir/lwip/src/core/ipv6/ip6.c.obj
[293/1891] Building C object esp-idf/lwip/CMakeFiles/__idf_lwip.dir/lwip/src/netif/ppp/chap_ms.c.obj
[294/1891] Building C object esp-idf/lwip/CMakeFiles/__idf_lwip.dir/lwip/src/netif/ppp/demand.c.obj
[295/1891] Building C object esp-idf/lwip/CMakeFiles/__idf_lwip.dir/lwip/src/netif/ppp/eap.c.obj
[296/1891] Building C object esp-idf/lwip/CMakeFiles/__idf_lwip.dir/lwip/src/netif/ppp/ecp.c.obj
[297/1891] Building C object esp-idf/lwip/CMakeFiles/__idf_lwip.dir/lwip/src/netif/ppp/ipv6cp.c.obj
[298/1891] Building C object esp-idf/lwip/CMakeFiles/__idf_lwip.dir/lwip/src/netif/ppp/eui64.c.obj
[299/1891] Building C object esp-idf/lwip/CMakeFiles/__idf_lwip.dir/lwip/src/netif/ppp/ipcp.c.obj
[300/1891] Building C object esp-idf/lwip/CMakeFiles/__idf_lwip.dir/lwip/src/netif/ppp/fsm.c.obj
[301/1891] Building C object esp-idf/lwip/CMakeFiles/__idf_lwip.dir/lwip/src/netif/ppp/magic.c.obj
[302/1891] Building C object esp-idf/lwip/CMakeFiles/__idf_lwip.dir/lwip/src/netif/ppp/lcp.c.obj
[303/1891] Building C object esp-idf/lwip/CMakeFiles/__idf_lwip.dir/lwip/src/netif/ppp/mppe.c.obj
[304/1891] Building C object esp-idf/lwip/CMakeFiles/__idf_lwip.dir/lwip/src/netif/ppp/multilink.c.obj
[305/1891] Building C object esp-idf/lwip/CMakeFiles/__idf_lwip.dir/lwip/src/netif/ppp/ppp.c.obj
[306/1891] Building C object esp-idf/lwip/CMakeFiles/__idf_lwip.dir/lwip/src/core/ipv6/nd6.c.obj
[307/1891] Building C object esp-idf/lwip/CMakeFiles/__idf_lwip.dir/lwip/src/netif/ppp/pppapi.c.obj
[308/1891] Building C object esp-idf/lwip/CMakeFiles/__idf_lwip.dir/lwip/src/netif/ppp/pppcrypt.c.obj
[309/1891] Building C object esp-idf/lwip/CMakeFiles/__idf_lwip.dir/lwip/src/netif/ppp/pppol2tp.c.obj
[310/1891] Building C object esp-idf/lwip/CMakeFiles/__idf_lwip.dir/lwip/src/netif/ppp/pppoe.c.obj
[311/1891] Building C object esp-idf/lwip/CMakeFiles/__idf_lwip.dir/lwip/src/netif/ppp/upap.c.obj
[312/1891] Building C object esp-idf/lwip/CMakeFiles/__idf_lwip.dir/lwip/src/netif/ppp/utils.c.obj
[313/1891] Building C object esp-idf/lwip/CMakeFiles/__idf_lwip.dir/lwip/src/netif/ppp/pppos.c.obj
[314/1891] Building C object esp-idf/lwip/CMakeFiles/__idf_lwip.dir/lwip/src/netif/ppp/vj.c.obj
[315/1891] Building C object esp-idf/lwip/CMakeFiles/__idf_lwip.dir/port/hooks/tcp_isn_default.c.obj
[316/1891] Building C object esp-idf/lwip/CMakeFiles/__idf_lwip.dir/port/if_index.c.obj
[317/1891] Building C object esp-idf/lwip/CMakeFiles/__idf_lwip.dir/port/sockets_ext.c.obj
[318/1891] Building C object esp-idf/lwip/CMakeFiles/__idf_lwip.dir/port/hooks/lwip_default_hooks.c.obj
[319/1891] Building C object esp-idf/lwip/CMakeFiles/__idf_lwip.dir/port/debug/lwip_debug.c.obj
[320/1891] Building C object esp-idf/lwip/CMakeFiles/__idf_lwip.dir/port/freertos/sys_arch.c.obj
[321/1891] Building C object esp-idf/lwip/CMakeFiles/__idf_lwip.dir/port/esp32xx/vfs_lwip.c.obj
[322/1891] Building C object esp-idf/lwip/CMakeFiles/__idf_lwip.dir/port/acd_dhcp_check.c.obj
[323/1891] Building C object esp-idf/lwip/CMakeFiles/__idf_lwip.dir/lwip/src/netif/ppp/polarssl/arc4.c.obj
[324/1891] Linking C static library esp-idf/esp_netif/libesp_netif.a
[325/1891] Building C object esp-idf/lwip/CMakeFiles/__idf_lwip.dir/apps/ping/esp_ping.c.obj
[326/1891] Building C object esp-idf/lwip/CMakeFiles/__idf_lwip.dir/apps/ping/ping.c.obj
[327/1891] Building C object esp-idf/lwip/CMakeFiles/__idf_lwip.dir/lwip/src/netif/ppp/polarssl/des.c.obj
[328/1891] Building C object esp-idf/lwip/CMakeFiles/__idf_lwip.dir/apps/ping/ping_sock.c.obj
[329/1891] Building C object esp-idf/lwip/CMakeFiles/__idf_lwip.dir/lwip/src/netif/ppp/polarssl/md5.c.obj
[330/1891] Building C object esp-idf/lwip/CMakeFiles/__idf_lwip.dir/lwip/src/netif/ppp/polarssl/md4.c.obj
[331/1891] Building C object esp-idf/lwip/CMakeFiles/__idf_lwip.dir/lwip/src/netif/ppp/polarssl/sha1.c.obj
[332/1891] Building C object esp-idf/esp_phy/CMakeFiles/__idf_esp_phy.dir/src/lib_printf.c.obj
[333/1891] Building C object esp-idf/esp_vfs_console/CMakeFiles/__idf_esp_vfs_console.dir/vfs_console.c.obj
[334/1891] Building C object esp-idf/esp_phy/CMakeFiles/__idf_esp_phy.dir/src/phy_override.c.obj
[335/1891] Building C object esp-idf/vfs/CMakeFiles/__idf_vfs.dir/nullfs.c.obj
[336/1891] Building C object esp-idf/esp_driver_usb_serial_jtag/CMakeFiles/__idf_esp_driver_usb_serial_jtag.dir/src/usb_serial_jtag_connection_monitor.c.obj
[337/1891] Building C object esp-idf/lwip/CMakeFiles/__idf_lwip.dir/apps/dhcpserver/dhcpserver.c.obj
[338/1891] Building C object esp-idf/esp_phy/CMakeFiles/__idf_esp_phy.dir/src/phy_common.c.obj
[339/1891] Building C object esp-idf/esp_driver_usb_serial_jtag/CMakeFiles/__idf_esp_driver_usb_serial_jtag.dir/src/usb_serial_jtag.c.obj
[340/1891] Building C object esp-idf/vfs/CMakeFiles/__idf_vfs.dir/vfs_eventfd.c.obj
[341/1891] Building C object esp-idf/esp_phy/CMakeFiles/__idf_esp_phy.dir/esp32s3/phy_init_data.c.obj
[342/1891] Building C object esp-idf/vfs/CMakeFiles/__idf_vfs.dir/vfs_semihost.c.obj
[343/1891] Building C object esp-idf/esp_driver_usb_serial_jtag/CMakeFiles/__idf_esp_driver_usb_serial_jtag.dir/src/usb_serial_jtag_vfs.c.obj
[344/1891] Building C object esp-idf/esp_phy/CMakeFiles/__idf_esp_phy.dir/src/btbb_init.c.obj
[345/1891] Building C object esp-idf/esp_phy/CMakeFiles/__idf_esp_phy.dir/src/phy_init.c.obj
[346/1891] Building C object esp-idf/vfs/CMakeFiles/__idf_vfs.dir/vfs.c.obj
[347/1891] Linking C static library esp-idf/lwip/liblwip.a
[348/1891] Linking C static library esp-idf/vfs/libvfs.a
[349/1891] Linking C static library esp-idf/esp_vfs_console/libesp_vfs_console.a
[350/1891] Building CXX object esp-idf/nvs_flash/CMakeFiles/__idf_nvs_flash.dir/src/nvs_partition.cpp.obj
[351/1891] Linking C static library esp-idf/esp_driver_usb_serial_jtag/libesp_driver_usb_serial_jtag.a
[352/1891] Building CXX object esp-idf/nvs_flash/CMakeFiles/__idf_nvs_flash.dir/src/nvs_platform.cpp.obj
[353/1891] Building CXX object esp-idf/nvs_flash/CMakeFiles/__idf_nvs_flash.dir/src/nvs_partition_lookup.cpp.obj
[354/1891] Building C object esp-idf/nvs_flash/CMakeFiles/__idf_nvs_flash.dir/src/nvs_bootloader.c.obj
[355/1891] Building C object esp-idf/nvs_flash/CMakeFiles/__idf_nvs_flash.dir/src/nvs_bootloader_aes.c.obj
[356/1891] Building C object esp-idf/nvs_flash/CMakeFiles/__idf_nvs_flash.dir/src/nvs_bootloader_xts_aes.c.obj
[357/1891] Linking C static library esp-idf/esp_phy/libesp_phy.a
[358/1891] Building C object esp-idf/esp_event/CMakeFiles/__idf_esp_event.dir/default_event_loop.c.obj
[359/1891] Building C object esp-idf/esp_event/CMakeFiles/__idf_esp_event.dir/esp_event.c.obj
[360/1891] Building C object esp-idf/esp_event/CMakeFiles/__idf_esp_event.dir/esp_event_private.c.obj
[361/1891] Building CXX object esp-idf/nvs_flash/CMakeFiles/__idf_nvs_flash.dir/src/nvs_cxx_api.cpp.obj
[362/1891] Building CXX object esp-idf/nvs_flash/CMakeFiles/__idf_nvs_flash.dir/src/nvs_handle_locked.cpp.obj
[363/1891] Building CXX object esp-idf/nvs_flash/CMakeFiles/__idf_nvs_flash.dir/src/nvs_handle_simple.cpp.obj
[364/1891] Building CXX object esp-idf/nvs_flash/CMakeFiles/__idf_nvs_flash.dir/src/nvs_item_hash_list.cpp.obj
[365/1891] Building C object esp-idf/esp_driver_uart/CMakeFiles/__idf_esp_driver_uart.dir/src/uart_wakeup.c.obj
[366/1891] Building CXX object esp-idf/nvs_flash/CMakeFiles/__idf_nvs_flash.dir/src/nvs_pagemanager.cpp.obj
[367/1891] Building CXX object esp-idf/nvs_flash/CMakeFiles/__idf_nvs_flash.dir/src/nvs_types.cpp.obj
[368/1891] Building C object esp-idf/esp_driver_uart/CMakeFiles/__idf_esp_driver_uart.dir/src/uart.c.obj
[369/1891] Building CXX object esp-idf/nvs_flash/CMakeFiles/__idf_nvs_flash.dir/src/nvs_page.cpp.obj
[370/1891] Building C object esp-idf/esp_timer/CMakeFiles/__idf_esp_timer.dir/src/esp_timer_init.c.obj
[371/1891] Building C object esp-idf/esp_driver_gptimer/CMakeFiles/__idf_esp_driver_gptimer.dir/src/gptimer_common.c.obj
[372/1891] Building C object esp-idf/esp_driver_uart/CMakeFiles/__idf_esp_driver_uart.dir/src/uhci.c.obj
[373/1891] Building C object esp-idf/esp_driver_gptimer/CMakeFiles/__idf_esp_driver_gptimer.dir/src/gptimer.c.obj
[374/1891] Building CXX object esp-idf/nvs_flash/CMakeFiles/__idf_nvs_flash.dir/src/nvs_partition_manager.cpp.obj
[375/1891] Building C object esp-idf/esp_driver_uart/CMakeFiles/__idf_esp_driver_uart.dir/src/uart_vfs.c.obj
[376/1891] Building C object esp-idf/esp_timer/CMakeFiles/__idf_esp_timer.dir/src/esp_timer.c.obj
[377/1891] Building CXX object esp-idf/nvs_flash/CMakeFiles/__idf_nvs_flash.dir/src/nvs_encrypted_partition.cpp.obj
[378/1891] Building C object esp-idf/esp_timer/CMakeFiles/__idf_esp_timer.dir/src/ets_timer_legacy.c.obj
[379/1891] Building CXX object esp-idf/nvs_flash/CMakeFiles/__idf_nvs_flash.dir/src/nvs_api.cpp.obj
[380/1891] Building C object esp-idf/esp_timer/CMakeFiles/__idf_esp_timer.dir/src/system_time.c.obj
[381/1891] Building C object esp-idf/esp_timer/CMakeFiles/__idf_esp_timer.dir/src/esp_timer_impl_common.c.obj
[382/1891] Building C object esp-idf/esp_ringbuf/CMakeFiles/__idf_esp_ringbuf.dir/ringbuf.c.obj
[383/1891] Building C object esp-idf/esp_timer/CMakeFiles/__idf_esp_timer.dir/src/esp_timer_impl_systimer.c.obj
[384/1891] Building CXX object esp-idf/cxx/CMakeFiles/__idf_cxx.dir/cxx_init.cpp.obj
[385/1891] Building CXX object esp-idf/cxx/CMakeFiles/__idf_cxx.dir/cxx_exception_stubs.cpp.obj
[386/1891] Building C object esp-idf/newlib/CMakeFiles/__idf_newlib.dir/src/init.c.obj
[387/1891] Building C object esp-idf/pthread/CMakeFiles/__idf_pthread.dir/pthread_cond_var.c.obj
[388/1891] Building C object esp-idf/pthread/CMakeFiles/__idf_pthread.dir/pthread_local_storage.c.obj
[389/1891] Building C object esp-idf/pthread/CMakeFiles/__idf_pthread.dir/pthread_semaphore.c.obj
[390/1891] Building C object esp-idf/newlib/CMakeFiles/__idf_newlib.dir/src/abort.c.obj
[391/1891] Building C object esp-idf/pthread/CMakeFiles/__idf_pthread.dir/pthread_rwlock.c.obj
[392/1891] Building C object esp-idf/newlib/CMakeFiles/__idf_newlib.dir/src/assert.c.obj
[393/1891] Building C object esp-idf/newlib/CMakeFiles/__idf_newlib.dir/src/heap.c.obj
[394/1891] Building C object esp-idf/newlib/CMakeFiles/__idf_newlib.dir/src/poll.c.obj
[395/1891] Building C object esp-idf/pthread/CMakeFiles/__idf_pthread.dir/pthread.c.obj
[396/1891] Building CXX object esp-idf/nvs_flash/CMakeFiles/__idf_nvs_flash.dir/src/nvs_storage.cpp.obj
[397/1891] Building C object esp-idf/newlib/CMakeFiles/__idf_newlib.dir/src/termios.c.obj
[398/1891] Building C object esp-idf/newlib/CMakeFiles/__idf_newlib.dir/src/locks.c.obj
[399/1891] Building C object esp-idf/newlib/CMakeFiles/__idf_newlib.dir/src/pthread.c.obj
[400/1891] Building C object esp-idf/newlib/CMakeFiles/__idf_newlib.dir/src/random.c.obj
[401/1891] Building C object esp-idf/newlib/CMakeFiles/__idf_newlib.dir/src/getentropy.c.obj
[402/1891] Building C object esp-idf/newlib/CMakeFiles/__idf_newlib.dir/src/sysconf.c.obj
[403/1891] Building C object esp-idf/newlib/CMakeFiles/__idf_newlib.dir/src/realpath.c.obj
[404/1891] Building C object esp-idf/newlib/CMakeFiles/__idf_newlib.dir/src/scandir.c.obj
[405/1891] Building C object esp-idf/newlib/CMakeFiles/__idf_newlib.dir/src/flockfile.c.obj
[406/1891] Building C object esp-idf/newlib/CMakeFiles/__idf_newlib.dir/src/syscalls.c.obj
[407/1891] Building C object esp-idf/newlib/CMakeFiles/__idf_newlib.dir/src/reent_syscalls.c.obj
[408/1891] Building C object esp-idf/newlib/CMakeFiles/__idf_newlib.dir/src/time.c.obj
[409/1891] Linking C static library esp-idf/nvs_flash/libnvs_flash.a
[410/1891] Building C object esp-idf/newlib/CMakeFiles/__idf_newlib.dir/src/reent_init.c.obj
[411/1891] Building C object esp-idf/newlib/CMakeFiles/__idf_newlib.dir/src/port/esp_time_impl.c.obj
[412/1891] Building C object esp-idf/newlib/CMakeFiles/__idf_newlib.dir/src/newlib_init.c.obj
[413/1891] Building C object esp-idf/freertos/CMakeFiles/__idf_freertos.dir/heap_idf.c.obj
[414/1891] Building CXX object esp-idf/cxx/CMakeFiles/__idf_cxx.dir/cxx_guards.cpp.obj
[415/1891] Linking C static library esp-idf/esp_event/libesp_event.a
[416/1891] Building C object esp-idf/freertos/CMakeFiles/__idf_freertos.dir/app_startup.c.obj
[417/1891] Building C object esp-idf/freertos/CMakeFiles/__idf_freertos.dir/port_common.c.obj
[418/1891] Building C object esp-idf/freertos/CMakeFiles/__idf_freertos.dir/FreeRTOS-Kernel/list.c.obj
[419/1891] Building C object esp-idf/freertos/CMakeFiles/__idf_freertos.dir/port_systick.c.obj
[420/1891] Building C object esp-idf/newlib/CMakeFiles/__idf_newlib.dir/src/port/xtensa/stdatomic_s32c1i.c.obj
[421/1891] Linking C static library esp-idf/esp_driver_uart/libesp_driver_uart.a
[422/1891] Building ASM object esp-idf/freertos/CMakeFiles/__idf_freertos.dir/FreeRTOS-Kernel/portable/xtensa/portasm.S.obj
[423/1891] Building C object esp-idf/freertos/CMakeFiles/__idf_freertos.dir/FreeRTOS-Kernel/portable/xtensa/xtensa_init.c.obj
[424/1891] Building C object esp-idf/freertos/CMakeFiles/__idf_freertos.dir/FreeRTOS-Kernel/timers.c.obj
[425/1891] Building C object esp-idf/freertos/CMakeFiles/__idf_freertos.dir/FreeRTOS-Kernel/event_groups.c.obj
[426/1891] Linking C static library esp-idf/esp_ringbuf/libesp_ringbuf.a
[427/1891] Building C object esp-idf/freertos/CMakeFiles/__idf_freertos.dir/FreeRTOS-Kernel/portable/xtensa/xtensa_overlay_os_hook.c.obj
[428/1891] Building C object esp-idf/freertos/CMakeFiles/__idf_freertos.dir/FreeRTOS-Kernel/portable/xtensa/port.c.obj
[429/1891] Building C object esp-idf/freertos/CMakeFiles/__idf_freertos.dir/esp_additions/idf_additions_event_groups.c.obj
[430/1891] Building C object esp-idf/freertos/CMakeFiles/__idf_freertos.dir/esp_additions/freertos_compatibility.c.obj
[431/1891] Building C object esp-idf/freertos/CMakeFiles/__idf_freertos.dir/FreeRTOS-Kernel/stream_buffer.c.obj
[432/1891] Building C object esp-idf/newlib/CMakeFiles/__idf_newlib.dir/src/stdatomic.c.obj
[433/1891] Building C object esp-idf/esp_hw_support/CMakeFiles/__idf_esp_hw_support.dir/port/esp32s3/esp_cpu_intr.c.obj
[434/1891] Linking C static library esp-idf/esp_driver_gptimer/libesp_driver_gptimer.a
[435/1891] Building C object esp-idf/esp_hw_support/CMakeFiles/__idf_esp_hw_support.dir/esp_memory_utils.c.obj
[436/1891] Building C object esp-idf/freertos/CMakeFiles/__idf_freertos.dir/esp_additions/idf_additions.c.obj
[437/1891] Building C object esp-idf/esp_hw_support/CMakeFiles/__idf_esp_hw_support.dir/port/esp32s3/cpu_region_protect.c.obj
[438/1891] Building C object esp-idf/esp_hw_support/CMakeFiles/__idf_esp_hw_support.dir/cpu.c.obj
[439/1891] Linking C static library esp-idf/esp_timer/libesp_timer.a
[440/1891] Building C object esp-idf/esp_hw_support/CMakeFiles/__idf_esp_hw_support.dir/revision.c.obj
[441/1891] Building C object esp-idf/freertos/CMakeFiles/__idf_freertos.dir/FreeRTOS-Kernel/queue.c.obj
[442/1891] Building C object esp-idf/esp_hw_support/CMakeFiles/__idf_esp_hw_support.dir/hw_random.c.obj
[443/1891] Building C object esp-idf/esp_hw_support/CMakeFiles/__idf_esp_hw_support.dir/esp_clk.c.obj
[444/1891] Building C object esp-idf/esp_hw_support/CMakeFiles/__idf_esp_hw_support.dir/mac_addr.c.obj
[445/1891] Building C object esp-idf/esp_hw_support/CMakeFiles/__idf_esp_hw_support.dir/clk_ctrl_os.c.obj
[446/1891] Building C object esp-idf/esp_hw_support/CMakeFiles/__idf_esp_hw_support.dir/esp_gpio_reserve.c.obj
[447/1891] Building C object esp-idf/esp_hw_support/CMakeFiles/__idf_esp_hw_support.dir/rtc_module.c.obj
[448/1891] Building C object esp-idf/esp_hw_support/CMakeFiles/__idf_esp_hw_support.dir/regi2c_ctrl.c.obj
[449/1891] Linking C static library esp-idf/cxx/libcxx.a
[450/1891] Building C object esp-idf/esp_hw_support/CMakeFiles/__idf_esp_hw_support.dir/periph_ctrl.c.obj
[451/1891] Building C object esp-idf/esp_hw_support/CMakeFiles/__idf_esp_hw_support.dir/sar_periph_ctrl_common.c.obj
[452/1891] Building C object esp-idf/esp_hw_support/CMakeFiles/__idf_esp_hw_support.dir/port/esp32s3/esp_clk_tree.c.obj
[453/1891] Building C object esp-idf/esp_hw_support/CMakeFiles/__idf_esp_hw_support.dir/port/esp32s3/io_mux.c.obj
[454/1891] Linking C static library esp-idf/pthread/libpthread.a
[455/1891] Building C object esp-idf/esp_hw_support/CMakeFiles/__idf_esp_hw_support.dir/clk_utils.c.obj
[456/1891] Building C object esp-idf/esp_hw_support/CMakeFiles/__idf_esp_hw_support.dir/dma/gdma_link.c.obj
[457/1891] Building C object esp-idf/esp_hw_support/CMakeFiles/__idf_esp_hw_support.dir/port/esp_clk_tree_common.c.obj
[458/1891] Building C object esp-idf/esp_hw_support/CMakeFiles/__idf_esp_hw_support.dir/spi_share_hw_ctrl.c.obj
[459/1891] Building C object esp-idf/esp_hw_support/CMakeFiles/__idf_esp_hw_support.dir/dma/esp_dma_utils.c.obj
[460/1891] Building C object esp-idf/esp_hw_support/CMakeFiles/__idf_esp_hw_support.dir/sleep_mspi.c.obj
[461/1891] Building C object esp-idf/esp_hw_support/CMakeFiles/__idf_esp_hw_support.dir/sleep_usb.c.obj
[462/1891] Building C object esp-idf/esp_hw_support/CMakeFiles/__idf_esp_hw_support.dir/intr_alloc.c.obj
[463/1891] Building C object esp-idf/esp_hw_support/CMakeFiles/__idf_esp_hw_support.dir/sleep_modem.c.obj
[464/1891] Building C object esp-idf/esp_hw_support/CMakeFiles/__idf_esp_hw_support.dir/sleep_console.c.obj
[465/1891] Linking C static library esp-idf/newlib/libnewlib.a
[466/1891] Building C object esp-idf/esp_hw_support/CMakeFiles/__idf_esp_hw_support.dir/spi_bus_lock.c.obj
[467/1891] Building C object esp-idf/esp_hw_support/CMakeFiles/__idf_esp_hw_support.dir/adc_share_hw_ctrl.c.obj
[468/1891] Building C object esp-idf/esp_hw_support/CMakeFiles/__idf_esp_hw_support.dir/port/esp32s3/systimer.c.obj
[469/1891] Building C object esp-idf/esp_hw_support/CMakeFiles/__idf_esp_hw_support.dir/dma/esp_async_memcpy.c.obj
[470/1891] Building C object esp-idf/esp_hw_support/CMakeFiles/__idf_esp_hw_support.dir/sleep_event.c.obj
[471/1891] Building C object esp-idf/esp_hw_support/CMakeFiles/__idf_esp_hw_support.dir/deprecated/gdma_legacy.c.obj
[472/1891] Building C object esp-idf/esp_hw_support/CMakeFiles/__idf_esp_hw_support.dir/mspi_timing_tuning/mspi_timing_tuning.c.obj
[473/1891] Building C object esp-idf/esp_hw_support/CMakeFiles/__idf_esp_hw_support.dir/sleep_wake_stub.c.obj
[474/1891] Building C object esp-idf/esp_hw_support/CMakeFiles/__idf_esp_hw_support.dir/sleep_gpio.c.obj
[475/1891] Building C object esp-idf/esp_hw_support/CMakeFiles/__idf_esp_hw_support.dir/power_supply/brownout.c.obj
[476/1891] Building C object esp-idf/esp_hw_support/CMakeFiles/__idf_esp_hw_support.dir/port/esp32s3/rtc_clk_init.c.obj
[477/1891] Building C object esp-idf/esp_hw_support/CMakeFiles/__idf_esp_hw_support.dir/esp_clock_output.c.obj
[478/1891] Building C object esp-idf/esp_hw_support/CMakeFiles/__idf_esp_hw_support.dir/dma/async_memcpy_gdma.c.obj
[479/1891] Building C object esp-idf/esp_hw_support/CMakeFiles/__idf_esp_hw_support.dir/port/esp32s3/rtc_clk.c.obj
[480/1891] Building C object esp-idf/esp_hw_support/CMakeFiles/__idf_esp_hw_support.dir/port/esp32s3/chip_info.c.obj
[481/1891] Building C object esp-idf/esp_hw_support/CMakeFiles/__idf_esp_hw_support.dir/port/esp32s3/rtc_sleep.c.obj
[482/1891] Building C object esp-idf/esp_hw_support/CMakeFiles/__idf_esp_hw_support.dir/port/esp_memprot_conv.c.obj
[483/1891] Building C object esp-idf/esp_hw_support/CMakeFiles/__idf_esp_hw_support.dir/mspi_timing_tuning/port/esp32s3/mspi_timing_config.c.obj
[484/1891] Building C object esp-idf/esp_hw_support/CMakeFiles/__idf_esp_hw_support.dir/port/esp32s3/rtc_time.c.obj
[485/1891] Building C object esp-idf/freertos/CMakeFiles/__idf_freertos.dir/FreeRTOS-Kernel/tasks.c.obj
[486/1891] Building C object esp-idf/esp_hw_support/CMakeFiles/__idf_esp_hw_support.dir/port/esp32s3/rtc_init.c.obj
[487/1891] Building C object esp-idf/esp_hw_support/CMakeFiles/__idf_esp_hw_support.dir/port/esp32s3/sar_periph_ctrl.c.obj
[488/1891] Building C object esp-idf/esp_security/CMakeFiles/__idf_esp_security.dir/src/init.c.obj
[489/1891] Building C object esp-idf/esp_hw_support/CMakeFiles/__idf_esp_hw_support.dir/lowpower/port/esp32s3/sleep_cpu.c.obj
[490/1891] Building C object esp-idf/esp_security/CMakeFiles/__idf_esp_security.dir/src/esp_crypto_lock.c.obj
[491/1891] Building C object esp-idf/esp_security/CMakeFiles/__idf_esp_security.dir/src/esp_hmac.c.obj
[492/1891] Building C object esp-idf/esp_hw_support/CMakeFiles/__idf_esp_hw_support.dir/mspi_timing_tuning/port/esp32s3/mspi_timing_by_mspi_delay.c.obj
[493/1891] Building C object esp-idf/soc/CMakeFiles/__idf_soc.dir/dport_access_common.c.obj
[494/1891] Building C object esp-idf/soc/CMakeFiles/__idf_soc.dir/lldesc.c.obj
[495/1891] Building C object esp-idf/esp_security/CMakeFiles/__idf_esp_security.dir/src/esp_ds.c.obj
[496/1891] Building C object esp-idf/soc/CMakeFiles/__idf_soc.dir/esp32s3/interrupts.c.obj
[497/1891] Linking C static library esp-idf/freertos/libfreertos.a
[498/1891] Building C object esp-idf/esp_hw_support/CMakeFiles/__idf_esp_hw_support.dir/dma/gdma.c.obj
[499/1891] Building C object esp-idf/esp_security/CMakeFiles/__idf_esp_security.dir/src/esp_crypto_periph_clk.c.obj
[500/1891] Building C object esp-idf/soc/CMakeFiles/__idf_soc.dir/esp32s3/uart_periph.c.obj
[501/1891] Building C object esp-idf/soc/CMakeFiles/__idf_soc.dir/esp32s3/gpio_periph.c.obj
[502/1891] Building C object esp-idf/soc/CMakeFiles/__idf_soc.dir/esp32s3/adc_periph.c.obj
[503/1891] Building C object esp-idf/soc/CMakeFiles/__idf_soc.dir/esp32s3/dedic_gpio_periph.c.obj
[504/1891] Building C object esp-idf/esp_hw_support/CMakeFiles/__idf_esp_hw_support.dir/sleep_modes.c.obj
[505/1891] Building C object esp-idf/soc/CMakeFiles/__idf_soc.dir/esp32s3/gdma_periph.c.obj
[506/1891] Building C object esp-idf/soc/CMakeFiles/__idf_soc.dir/esp32s3/ledc_periph.c.obj
[507/1891] Building C object esp-idf/soc/CMakeFiles/__idf_soc.dir/esp32s3/pcnt_periph.c.obj
[508/1891] Building C object esp-idf/soc/CMakeFiles/__idf_soc.dir/esp32s3/spi_periph.c.obj
[509/1891] Building C object esp-idf/soc/CMakeFiles/__idf_soc.dir/esp32s3/rmt_periph.c.obj
[510/1891] Building C object esp-idf/soc/CMakeFiles/__idf_soc.dir/esp32s3/sdm_periph.c.obj
[511/1891] Building C object esp-idf/soc/CMakeFiles/__idf_soc.dir/esp32s3/i2s_periph.c.obj
[512/1891] Building C object esp-idf/soc/CMakeFiles/__idf_soc.dir/esp32s3/i2c_periph.c.obj
[513/1891] Building C object esp-idf/soc/CMakeFiles/__idf_soc.dir/esp32s3/temperature_sensor_periph.c.obj
[514/1891] Building C object esp-idf/soc/CMakeFiles/__idf_soc.dir/esp32s3/lcd_periph.c.obj
[515/1891] Building C object esp-idf/soc/CMakeFiles/__idf_soc.dir/esp32s3/mcpwm_periph.c.obj
[516/1891] Building C object esp-idf/soc/CMakeFiles/__idf_soc.dir/esp32s3/mpi_periph.c.obj
[517/1891] Building C object esp-idf/soc/CMakeFiles/__idf_soc.dir/esp32s3/touch_sensor_periph.c.obj
[518/1891] Building C object esp-idf/soc/CMakeFiles/__idf_soc.dir/esp32s3/timer_periph.c.obj
[519/1891] Building C object esp-idf/soc/CMakeFiles/__idf_soc.dir/esp32s3/twai_periph.c.obj
[520/1891] Building C object esp-idf/soc/CMakeFiles/__idf_soc.dir/esp32s3/sdmmc_periph.c.obj
[521/1891] Building C object esp-idf/soc/CMakeFiles/__idf_soc.dir/esp32s3/wdt_periph.c.obj
[522/1891] Building C object esp-idf/esp_hw_support/CMakeFiles/__idf_esp_hw_support.dir/port/esp32s3/esp_memprot.c.obj
[523/1891] Building C object esp-idf/soc/CMakeFiles/__idf_soc.dir/esp32s3/power_supply_periph.c.obj
[524/1891] Building C object esp-idf/soc/CMakeFiles/__idf_soc.dir/esp32s3/cam_periph.c.obj
[525/1891] Building C object esp-idf/soc/CMakeFiles/__idf_soc.dir/esp32s3/usb_dwc_periph.c.obj
[526/1891] Building C object esp-idf/soc/CMakeFiles/__idf_soc.dir/esp32s3/rtc_io_periph.c.obj
[527/1891] Building C object esp-idf/heap/CMakeFiles/__idf_heap.dir/port/esp32s3/memory_layout.c.obj
[528/1891] Building C object esp-idf/heap/CMakeFiles/__idf_heap.dir/port/memory_layout_utils.c.obj
[529/1891] Building C object esp-idf/log/CMakeFiles/__idf_log.dir/src/os/log_lock.c.obj
[530/1891] Building C object esp-idf/log/CMakeFiles/__idf_log.dir/src/buffer/log_buffers.c.obj
[531/1891] Building C object esp-idf/log/CMakeFiles/__idf_log.dir/src/os/log_timestamp.c.obj
[532/1891] Building C object esp-idf/heap/CMakeFiles/__idf_heap.dir/heap_caps_base.c.obj
[533/1891] Building C object esp-idf/heap/CMakeFiles/__idf_heap.dir/heap_caps_init.c.obj
[534/1891] Building C object esp-idf/log/CMakeFiles/__idf_log.dir/src/util.c.obj
[535/1891] Building C object esp-idf/log/CMakeFiles/__idf_log.dir/src/log_timestamp_common.c.obj
[536/1891] Building C object esp-idf/log/CMakeFiles/__idf_log.dir/src/os/util.c.obj
[537/1891] Building C object esp-idf/heap/CMakeFiles/__idf_heap.dir/multi_heap.c.obj
[538/1891] Building C object esp-idf/log/CMakeFiles/__idf_log.dir/src/log_print.c.obj
[539/1891] Building C object esp-idf/log/CMakeFiles/__idf_log.dir/src/log_format_text.c.obj
[540/1891] Linking C static library esp-idf/esp_hw_support/libesp_hw_support.a
[541/1891] Building C object esp-idf/log/CMakeFiles/__idf_log.dir/src/os/log_write.c.obj
[542/1891] Building C object esp-idf/heap/CMakeFiles/__idf_heap.dir/heap_caps.c.obj
[543/1891] Building C object esp-idf/log/CMakeFiles/__idf_log.dir/src/log_level/log_level.c.obj
[544/1891] Building C object esp-idf/log/CMakeFiles/__idf_log.dir/src/log.c.obj
[545/1891] Building C object esp-idf/log/CMakeFiles/__idf_log.dir/src/log_level/tag_log_level/tag_log_level.c.obj
[546/1891] Building C object esp-idf/hal/CMakeFiles/__idf_hal.dir/hal_utils.c.obj
[547/1891] Building C object esp-idf/log/CMakeFiles/__idf_log.dir/src/log_level/tag_log_level/linked_list/log_linked_list.c.obj
[548/1891] Building C object esp-idf/hal/CMakeFiles/__idf_hal.dir/mpu_hal.c.obj
[549/1891] Building C object esp-idf/hal/CMakeFiles/__idf_hal.dir/efuse_hal.c.obj
[550/1891] Building C object esp-idf/log/CMakeFiles/__idf_log.dir/src/log_level/tag_log_level/cache/log_binary_heap.c.obj
[551/1891] Linking C static library esp-idf/esp_security/libesp_security.a
[552/1891] Building C object esp-idf/hal/CMakeFiles/__idf_hal.dir/color_hal.c.obj
[553/1891] Building C object esp-idf/hal/CMakeFiles/__idf_hal.dir/esp32s3/efuse_hal.c.obj
[554/1891] Building C object esp-idf/hal/CMakeFiles/__idf_hal.dir/spi_flash_encrypt_hal_iram.c.obj
[555/1891] Building C object esp-idf/hal/CMakeFiles/__idf_hal.dir/cache_hal.c.obj
[556/1891] Building C object esp-idf/hal/CMakeFiles/__idf_hal.dir/mmu_hal.c.obj
[557/1891] Building C object esp-idf/hal/CMakeFiles/__idf_hal.dir/uart_hal_iram.c.obj
[558/1891] Building C object esp-idf/hal/CMakeFiles/__idf_hal.dir/systimer_hal.c.obj
[559/1891] Building C object esp-idf/hal/CMakeFiles/__idf_hal.dir/gpio_hal.c.obj
[560/1891] Building C object esp-idf/hal/CMakeFiles/__idf_hal.dir/spi_flash_hal.c.obj
[561/1891] Building C object esp-idf/hal/CMakeFiles/__idf_hal.dir/uart_hal.c.obj
[562/1891] Building C object esp-idf/hal/CMakeFiles/__idf_hal.dir/esp32s3/clk_tree_hal.c.obj
[563/1891] Building C object esp-idf/hal/CMakeFiles/__idf_hal.dir/timer_hal.c.obj
[564/1891] Building C object esp-idf/hal/CMakeFiles/__idf_hal.dir/ledc_hal.c.obj
[565/1891] Linking C static library esp-idf/soc/libsoc.a
[566/1891] Building C object esp-idf/hal/CMakeFiles/__idf_hal.dir/rtc_io_hal.c.obj
[567/1891] Building C object esp-idf/hal/CMakeFiles/__idf_hal.dir/spi_flash_hal_iram.c.obj
[568/1891] Building C object esp-idf/hal/CMakeFiles/__idf_hal.dir/ledc_hal_iram.c.obj
[569/1891] Building C object esp-idf/hal/CMakeFiles/__idf_hal.dir/rmt_hal.c.obj
[570/1891] Building C object esp-idf/hal/CMakeFiles/__idf_hal.dir/i2c_hal_iram.c.obj
[571/1891] Building C object esp-idf/hal/CMakeFiles/__idf_hal.dir/pcnt_hal.c.obj
[572/1891] Building C object esp-idf/hal/CMakeFiles/__idf_hal.dir/uhci_hal.c.obj
[573/1891] Building C object esp-idf/hal/CMakeFiles/__idf_hal.dir/i2c_hal.c.obj
[574/1891] Building C object esp-idf/hal/CMakeFiles/__idf_hal.dir/gdma_hal_top.c.obj
[575/1891] Building C object esp-idf/hal/CMakeFiles/__idf_hal.dir/sdm_hal.c.obj
[576/1891] Building C object esp-idf/hal/CMakeFiles/__idf_hal.dir/mcpwm_hal.c.obj
[577/1891] Building C object esp-idf/hal/CMakeFiles/__idf_hal.dir/sdmmc_hal.c.obj
[578/1891] Building C object esp-idf/hal/CMakeFiles/__idf_hal.dir/gdma_hal_ahb_v1.c.obj
[579/1891] Building C object esp-idf/hal/CMakeFiles/__idf_hal.dir/lcd_hal.c.obj
[580/1891] Building C object esp-idf/hal/CMakeFiles/__idf_hal.dir/adc_oneshot_hal.c.obj
[581/1891] Building C object esp-idf/hal/CMakeFiles/__idf_hal.dir/aes_hal.c.obj
[582/1891] Building C object esp-idf/hal/CMakeFiles/__idf_hal.dir/sha_hal.c.obj
[583/1891] Building C object esp-idf/hal/CMakeFiles/__idf_hal.dir/adc_hal_common.c.obj
[584/1891] Building C object esp-idf/hal/CMakeFiles/__idf_hal.dir/brownout_hal.c.obj
[585/1891] Building C object esp-idf/hal/CMakeFiles/__idf_hal.dir/twai_hal_v1.c.obj
[586/1891] Building C object esp-idf/hal/CMakeFiles/__idf_hal.dir/mpi_hal.c.obj
[587/1891] Building C object esp-idf/hal/CMakeFiles/__idf_hal.dir/i2s_hal.c.obj
[588/1891] Building C object esp-idf/hal/CMakeFiles/__idf_hal.dir/adc_hal.c.obj
[589/1891] Building C object esp-idf/heap/CMakeFiles/__idf_heap.dir/tlsf/tlsf.c.obj
[590/1891] Building C object esp-idf/hal/CMakeFiles/__idf_hal.dir/spi_slave_hal.c.obj
[591/1891] Building C object esp-idf/hal/CMakeFiles/__idf_hal.dir/ds_hal.c.obj
[592/1891] Building C object esp-idf/hal/CMakeFiles/__idf_hal.dir/spi_hal.c.obj
[593/1891] Building C object esp-idf/hal/CMakeFiles/__idf_hal.dir/hmac_hal.c.obj
[594/1891] Building C object esp-idf/hal/CMakeFiles/__idf_hal.dir/cam_hal.c.obj
[595/1891] Building C object esp-idf/hal/CMakeFiles/__idf_hal.dir/spi_slave_hal_iram.c.obj
[596/1891] Building C object esp-idf/hal/CMakeFiles/__idf_hal.dir/usb_serial_jtag_hal.c.obj
[597/1891] Building C object esp-idf/hal/CMakeFiles/__idf_hal.dir/spi_flash_hal_gpspi.c.obj
[598/1891] Linking C static library esp-idf/heap/libheap.a
[599/1891] Building C object esp-idf/hal/CMakeFiles/__idf_hal.dir/spi_slave_hd_hal.c.obj
[600/1891] Building C object esp-idf/hal/CMakeFiles/__idf_hal.dir/usb_dwc_hal.c.obj
[601/1891] Building C object esp-idf/hal/CMakeFiles/__idf_hal.dir/spi_hal_iram.c.obj
[602/1891] Building C object esp-idf/hal/CMakeFiles/__idf_hal.dir/usb_wrap_hal.c.obj
[603/1891] Building C object esp-idf/hal/CMakeFiles/__idf_hal.dir/xt_wdt_hal.c.obj
[604/1891] Building C object esp-idf/hal/CMakeFiles/__idf_hal.dir/touch_sensor_hal.c.obj
[605/1891] Building C object esp-idf/hal/CMakeFiles/__idf_hal.dir/touch_sens_hal.c.obj
[606/1891] Building C object esp-idf/esp_rom/CMakeFiles/__idf_esp_rom.dir/patches/esp_rom_sys.c.obj
[607/1891] Building C object esp-idf/hal/CMakeFiles/__idf_hal.dir/esp32s3/touch_sensor_hal.c.obj
[608/1891] Building C object esp-idf/hal/CMakeFiles/__idf_hal.dir/esp32s3/rtc_cntl_hal.c.obj
[609/1891] Building C object esp-idf/esp_rom/CMakeFiles/__idf_esp_rom.dir/patches/esp_rom_crc.c.obj
[610/1891] Building ASM object esp-idf/esp_rom/CMakeFiles/__idf_esp_rom.dir/patches/esp_rom_longjmp.S.obj
[611/1891] Building C object esp-idf/esp_rom/CMakeFiles/__idf_esp_rom.dir/patches/esp_rom_print.c.obj
[612/1891] Building C object esp-idf/esp_rom/CMakeFiles/__idf_esp_rom.dir/patches/esp_rom_uart.c.obj
[613/1891] Linking C static library esp-idf/log/liblog.a
[614/1891] Building C object esp-idf/esp_rom/CMakeFiles/__idf_esp_rom.dir/patches/esp_rom_efuse.c.obj
[615/1891] Building C object esp-idf/esp_rom/CMakeFiles/__idf_esp_rom.dir/patches/esp_rom_systimer.c.obj
[616/1891] Building C object esp-idf/esp_rom/CMakeFiles/__idf_esp_rom.dir/patches/esp_rom_spiflash.c.obj
[617/1891] Building ASM object esp-idf/esp_rom/CMakeFiles/__idf_esp_rom.dir/patches/esp_rom_cache_writeback_esp32s3.S.obj
[618/1891] Building C object esp-idf/esp_rom/CMakeFiles/__idf_esp_rom.dir/patches/esp_rom_gpio.c.obj
[619/1891] Building C object esp-idf/esp_rom/CMakeFiles/__idf_esp_rom.dir/patches/esp_rom_wdt.c.obj
[620/1891] Building C object esp-idf/esp_rom/CMakeFiles/__idf_esp_rom.dir/patches/esp_rom_cache_esp32s2_esp32s3.c.obj
[621/1891] Building C object esp-idf/esp_system/CMakeFiles/__idf_esp_system.dir/esp_err.c.obj
[622/1891] Building C object esp-idf/esp_system/CMakeFiles/__idf_esp_system.dir/esp_system_console.c.obj
[623/1891] Building C object esp-idf/esp_system/CMakeFiles/__idf_esp_system.dir/startup.c.obj
[624/1891] Building C object esp-idf/esp_system/CMakeFiles/__idf_esp_system.dir/crosscore_int.c.obj
[625/1891] Building C object esp-idf/esp_system/CMakeFiles/__idf_esp_system.dir/freertos_hooks.c.obj
[626/1891] Building C object esp-idf/esp_system/CMakeFiles/__idf_esp_system.dir/esp_system.c.obj
[627/1891] Building C object esp-idf/esp_system/CMakeFiles/__idf_esp_system.dir/esp_ipc.c.obj
[628/1891] Building C object esp-idf/esp_system/CMakeFiles/__idf_esp_system.dir/stack_check.c.obj
[629/1891] Building C object esp-idf/esp_system/CMakeFiles/__idf_esp_system.dir/system_time.c.obj
[630/1891] Building C object esp-idf/esp_system/CMakeFiles/__idf_esp_system.dir/panic.c.obj
[631/1891] Building C object esp-idf/esp_system/CMakeFiles/__idf_esp_system.dir/int_wdt.c.obj
[632/1891] Linking C static library esp-idf/hal/libhal.a
[633/1891] Building C object esp-idf/esp_system/CMakeFiles/__idf_esp_system.dir/ubsan.c.obj
[634/1891] Building C object esp-idf/esp_system/CMakeFiles/__idf_esp_system.dir/xt_wdt.c.obj
[635/1891] Building C object esp-idf/esp_system/CMakeFiles/__idf_esp_system.dir/startup_funcs.c.obj
[636/1891] Building C object esp-idf/esp_system/CMakeFiles/__idf_esp_system.dir/port/arch/xtensa/esp_ipc_isr_port.c.obj
[637/1891] Linking C static library esp-idf/esp_rom/libesp_rom.a
[638/1891] Building C object esp-idf/esp_system/CMakeFiles/__idf_esp_system.dir/port/esp_system_chip.c.obj
[639/1891] Building C object esp-idf/esp_system/CMakeFiles/__idf_esp_system.dir/port/panic_handler.c.obj
[640/1891] Building C object esp-idf/esp_system/CMakeFiles/__idf_esp_system.dir/port/image_process.c.obj
[641/1891] Building C object esp-idf/esp_system/CMakeFiles/__idf_esp_system.dir/port/esp_ipc_isr.c.obj
[642/1891] Building ASM object esp-idf/esp_system/CMakeFiles/__idf_esp_system.dir/port/arch/xtensa/esp_ipc_isr_routines.S.obj
[643/1891] Building ASM object esp-idf/esp_system/CMakeFiles/__idf_esp_system.dir/port/arch/xtensa/esp_ipc_isr_handler.S.obj
[644/1891] Building ASM object esp-idf/esp_system/CMakeFiles/__idf_esp_system.dir/port/arch/xtensa/panic_handler_asm.S.obj
[645/1891] Building C object esp-idf/esp_system/CMakeFiles/__idf_esp_system.dir/task_wdt/task_wdt_impl_timergroup.c.obj
[646/1891] Building ASM object esp-idf/esp_system/CMakeFiles/__idf_esp_system.dir/port/arch/xtensa/expression_with_stack_asm.S.obj
[647/1891] Building C object esp-idf/esp_system/CMakeFiles/__idf_esp_system.dir/port/cpu_start.c.obj
[648/1891] Building ASM object esp-idf/esp_system/CMakeFiles/__idf_esp_system.dir/port/arch/xtensa/debug_helpers_asm.S.obj
[649/1891] Building C object esp-idf/esp_system/CMakeFiles/__idf_esp_system.dir/task_wdt/task_wdt.c.obj
[650/1891] Building ASM object esp-idf/esp_system/CMakeFiles/__idf_esp_system.dir/port/soc/esp32s3/highint_hdl.S.obj
[651/1891] Building C object esp-idf/esp_system/CMakeFiles/__idf_esp_system.dir/port/arch/xtensa/debug_stubs.c.obj
[652/1891] Building C object esp-idf/esp_system/CMakeFiles/__idf_esp_system.dir/port/arch/xtensa/panic_arch.c.obj
[653/1891] Building C object esp-idf/esp_system/CMakeFiles/__idf_esp_system.dir/port/arch/xtensa/expression_with_stack.c.obj
[654/1891] Building C object esp-idf/esp_system/CMakeFiles/__idf_esp_system.dir/port/arch/xtensa/trax.c.obj
[655/1891] Building C object esp-idf/spi_flash/CMakeFiles/__idf_spi_flash.dir/flash_brownout_hook.c.obj
[656/1891] Building C object esp-idf/esp_system/CMakeFiles/__idf_esp_system.dir/port/soc/esp32s3/reset_reason.c.obj
[657/1891] Building C object esp-idf/esp_system/CMakeFiles/__idf_esp_system.dir/port/soc/esp32s3/apb_backup_dma.c.obj
[658/1891] Building C object esp-idf/esp_system/CMakeFiles/__idf_esp_system.dir/port/arch/xtensa/debug_helpers.c.obj
[659/1891] Building C object esp-idf/esp_system/CMakeFiles/__idf_esp_system.dir/port/soc/esp32s3/cache_err_int.c.obj
[660/1891] Building C object esp-idf/spi_flash/CMakeFiles/__idf_spi_flash.dir/esp32s3/spi_flash_oct_flash_init.c.obj
[661/1891] Building C object esp-idf/spi_flash/CMakeFiles/__idf_spi_flash.dir/spi_flash_chip_drivers.c.obj
[662/1891] Building C object esp-idf/spi_flash/CMakeFiles/__idf_spi_flash.dir/spi_flash_hpm_enable.c.obj
[663/1891] Building C object esp-idf/esp_system/CMakeFiles/__idf_esp_system.dir/port/soc/esp32s3/system_internal.c.obj
[664/1891] Building C object esp-idf/spi_flash/CMakeFiles/__idf_spi_flash.dir/spi_flash_chip_issi.c.obj
[665/1891] Building C object esp-idf/esp_common/CMakeFiles/__idf_esp_common.dir/src/esp_err_to_name.c.obj
[666/1891] Building C object esp-idf/spi_flash/CMakeFiles/__idf_spi_flash.dir/spi_flash_chip_mxic.c.obj
[667/1891] Building C object esp-idf/esp_system/CMakeFiles/__idf_esp_system.dir/port/soc/esp32s3/clk.c.obj
[668/1891] Building C object esp-idf/spi_flash/CMakeFiles/__idf_spi_flash.dir/spi_flash_chip_boya.c.obj
[669/1891] Building C object esp-idf/spi_flash/CMakeFiles/__idf_spi_flash.dir/spi_flash_chip_gd.c.obj
[670/1891] Building C object esp-idf/spi_flash/CMakeFiles/__idf_spi_flash.dir/spi_flash_chip_th.c.obj
[671/1891] Linking C static library esp-idf/esp_common/libesp_common.a
[672/1891] Building C object esp-idf/spi_flash/CMakeFiles/__idf_spi_flash.dir/spi_flash_chip_winbond.c.obj
[673/1891] Building C object esp-idf/spi_flash/CMakeFiles/__idf_spi_flash.dir/spi_flash_chip_generic.c.obj
[674/1891] Building C object esp-idf/spi_flash/CMakeFiles/__idf_spi_flash.dir/memspi_host_driver.c.obj
[675/1891] Building C object esp-idf/spi_flash/CMakeFiles/__idf_spi_flash.dir/spi_flash_chip_mxic_opi.c.obj
[676/1891] Building C object esp-idf/spi_flash/CMakeFiles/__idf_spi_flash.dir/spi_flash_wrap.c.obj
[677/1891] Building C object esp-idf/spi_flash/CMakeFiles/__idf_spi_flash.dir/flash_mmap.c.obj
[678/1891] Building C object esp-idf/spi_flash/CMakeFiles/__idf_spi_flash.dir/cache_utils.c.obj
[679/1891] Building C object esp-idf/spi_flash/CMakeFiles/__idf_spi_flash.dir/flash_ops.c.obj
[680/1891] Building C object esp-idf/esp_mm/CMakeFiles/__idf_esp_mm.dir/port/esp32s3/ext_mem_layout.c.obj
[681/1891] Building C object esp-idf/spi_flash/CMakeFiles/__idf_spi_flash.dir/spi_flash_os_func_noos.c.obj
[682/1891] Building C object esp-idf/esp_mm/CMakeFiles/__idf_esp_mm.dir/heap_align_hw.c.obj
[683/1891] Linking C static library esp-idf/esp_system/libesp_system.a
[684/1891] Building C object esp-idf/esp_mm/CMakeFiles/__idf_esp_mm.dir/esp_cache_utils.c.obj
[685/1891] Building C object esp-idf/spi_flash/CMakeFiles/__idf_spi_flash.dir/spi_flash_os_func_app.c.obj
[686/1891] Building C object esp-idf/bootloader_support/CMakeFiles/__idf_bootloader_support.dir/src/bootloader_mem.c.obj
[687/1891] Building C object esp-idf/bootloader_support/CMakeFiles/__idf_bootloader_support.dir/src/bootloader_clock_init.c.obj
[688/1891] Building C object esp-idf/spi_flash/CMakeFiles/__idf_spi_flash.dir/esp_flash_spi_init.c.obj
[689/1891] Building C object esp-idf/bootloader_support/CMakeFiles/__idf_bootloader_support.dir/src/bootloader_common_loader.c.obj
[690/1891] Building C object esp-idf/bootloader_support/CMakeFiles/__idf_bootloader_support.dir/src/bootloader_common.c.obj
[691/1891] Building C object esp-idf/esp_mm/CMakeFiles/__idf_esp_mm.dir/esp_cache_msync.c.obj
[692/1891] Building C object esp-idf/bootloader_support/CMakeFiles/__idf_bootloader_support.dir/src/bootloader_random.c.obj
[693/1891] Building C object esp-idf/bootloader_support/CMakeFiles/__idf_bootloader_support.dir/src/bootloader_efuse.c.obj
[694/1891] Building C object esp-idf/esp_mm/CMakeFiles/__idf_esp_mm.dir/esp_mmu_map.c.obj
[695/1891] Building C object esp-idf/bootloader_support/CMakeFiles/__idf_bootloader_support.dir/src/bootloader_random_esp32s3.c.obj
[696/1891] Building C object esp-idf/bootloader_support/CMakeFiles/__idf_bootloader_support.dir/src/secure_boot.c.obj
[697/1891] Building C object esp-idf/bootloader_support/CMakeFiles/__idf_bootloader_support.dir/src/flash_partitions.c.obj
[698/1891] Building C object esp-idf/bootloader_support/CMakeFiles/__idf_bootloader_support.dir/src/flash_encrypt.c.obj
[699/1891] Building C object esp-idf/bootloader_support/CMakeFiles/__idf_bootloader_support.dir/src/esp32s3/secure_boot_secure_features.c.obj
[700/1891] Building C object esp-idf/bootloader_support/CMakeFiles/__idf_bootloader_support.dir/bootloader_flash/src/flash_qio_mode.c.obj
[701/1891] Building C object esp-idf/bootloader_support/CMakeFiles/__idf_bootloader_support.dir/bootloader_flash/src/bootloader_flash_config_esp32s3.c.obj
[702/1891] Building C object esp-idf/bootloader_support/CMakeFiles/__idf_bootloader_support.dir/src/bootloader_sha.c.obj
[703/1891] Building C object esp-idf/efuse/CMakeFiles/__idf_efuse.dir/esp32s3/esp_efuse_fields.c.obj
[704/1891] Building C object esp-idf/efuse/CMakeFiles/__idf_efuse.dir/esp32s3/esp_efuse_table.c.obj
[705/1891] Building C object esp-idf/spi_flash/CMakeFiles/__idf_spi_flash.dir/esp_flash_api.c.obj
[706/1891] Building C object esp-idf/efuse/CMakeFiles/__idf_efuse.dir/esp32s3/esp_efuse_rtc_calib.c.obj
[707/1891] Building C object esp-idf/bootloader_support/CMakeFiles/__idf_bootloader_support.dir/bootloader_flash/src/bootloader_flash.c.obj
[708/1891] Building C object esp-idf/efuse/CMakeFiles/__idf_efuse.dir/esp32s3/esp_efuse_utility.c.obj
[709/1891] Building C object esp-idf/efuse/CMakeFiles/__idf_efuse.dir/src/esp_efuse_fields.c.obj
[710/1891] Linking C static library esp-idf/spi_flash/libspi_flash.a
[711/1891] Building C object esp-idf/app_update/CMakeFiles/__idf_app_update.dir/esp_ota_app_desc.c.obj
[712/1891] Building C object esp-idf/efuse/CMakeFiles/__idf_efuse.dir/src/esp_efuse_startup.c.obj
[713/1891] Building C object esp-idf/efuse/CMakeFiles/__idf_efuse.dir/src/esp_efuse_api.c.obj
[714/1891] Building C object esp-idf/efuse/CMakeFiles/__idf_efuse.dir/src/esp_efuse_utility.c.obj
[715/1891] Building C object esp-idf/efuse/CMakeFiles/__idf_efuse.dir/src/efuse_controller/keys/with_key_purposes/esp_efuse_api_key.c.obj
[716/1891] Building C object esp-idf/esp_partition/CMakeFiles/__idf_esp_partition.dir/partition_target.c.obj
[717/1891] Building C object esp-idf/esp_bootloader_format/CMakeFiles/__idf_esp_bootloader_format.dir/esp_bootloader_desc.c.obj
[718/1891] Building C object esp-idf/esp_partition/CMakeFiles/__idf_esp_partition.dir/partition.c.obj
[719/1891] Building C object esp-idf/bootloader_support/CMakeFiles/__idf_bootloader_support.dir/src/esp_image_format.c.obj
[720/1891] Linking C static library esp-idf/esp_mm/libesp_mm.a
[721/1891] Building C object esp-idf/mbedtls/mbedtls/library/CMakeFiles/mbedtls.dir/debug.c.obj
[722/1891] Building C object esp-idf/esp_app_format/CMakeFiles/__idf_esp_app_format.dir/esp_app_desc.c.obj
[723/1891] Building C object esp-idf/mbedtls/mbedtls/library/CMakeFiles/mbedtls.dir/mps_trace.c.obj
[724/1891] Building C object esp-idf/mbedtls/mbedtls/library/CMakeFiles/mbedtls.dir/mps_reader.c.obj
[725/1891] Building C object esp-idf/bootloader_support/CMakeFiles/__idf_bootloader_support.dir/src/bootloader_utility.c.obj
[726/1891] Building C object esp-idf/mbedtls/mbedtls/library/CMakeFiles/mbedtls.dir/ssl_debug_helpers_generated.c.obj
[727/1891] Building C object esp-idf/mbedtls/mbedtls/library/CMakeFiles/mbedtls.dir/ssl_ciphersuites.c.obj
[728/1891] Building C object esp-idf/mbedtls/mbedtls/library/CMakeFiles/mbedtls.dir/ssl_cookie.c.obj
[729/1891] Linking C static library esp-idf/bootloader_support/libbootloader_support.a
[730/1891] Building C object esp-idf/mbedtls/mbedtls/library/CMakeFiles/mbedtls.dir/ssl_cache.c.obj
[731/1891] Building C object esp-idf/mbedtls/mbedtls/library/CMakeFiles/mbedtls.dir/ssl_ticket.c.obj
[732/1891] Building C object esp-idf/mbedtls/mbedtls/library/CMakeFiles/mbedtls.dir/ssl_tls13_keys.c.obj
[733/1891] Building C object esp-idf/mbedtls/mbedtls/library/CMakeFiles/mbedtls.dir/ssl_tls13_server.c.obj
[734/1891] Building C object esp-idf/mbedtls/mbedtls/library/CMakeFiles/mbedtls.dir/ssl_tls13_client.c.obj
[735/1891] Building C object esp-idf/app_update/CMakeFiles/__idf_app_update.dir/esp_ota_ops.c.obj
[736/1891] Building C object esp-idf/mbedtls/mbedtls/library/CMakeFiles/mbedtls.dir/ssl_tls13_generic.c.obj
[737/1891] Building C object esp-idf/mbedtls/mbedtls/library/CMakeFiles/mbedtls.dir/ssl_client.c.obj
[738/1891] Linking C static library esp-idf/efuse/libefuse.a
[739/1891] Building C object esp-idf/mbedtls/mbedtls/library/CMakeFiles/mbedtls.dir/Users/dean/esp/esp-idf/components/mbedtls/port/mbedtls_debug.c.obj
[740/1891] Building C object esp-idf/mbedtls/mbedtls/library/CMakeFiles/mbedtls.dir/Users/dean/esp/esp-idf/components/mbedtls/port/esp_platform_time.c.obj
[741/1891] Linking C static library esp-idf/esp_partition/libesp_partition.a
[742/1891] Building C object esp-idf/mbedtls/mbedtls/library/CMakeFiles/mbedx509.dir/pkcs7.c.obj
[743/1891] Linking C static library esp-idf/app_update/libapp_update.a
[744/1891] Building C object esp-idf/mbedtls/mbedtls/library/CMakeFiles/mbedx509.dir/x509_create.c.obj
[745/1891] Building C object esp-idf/mbedtls/mbedtls/library/CMakeFiles/mbedx509.dir/x509_crl.c.obj
[746/1891] Building C object esp-idf/mbedtls/mbedtls/library/CMakeFiles/mbedx509.dir/x509_csr.c.obj
[747/1891] Building C object esp-idf/mbedtls/mbedtls/library/CMakeFiles/mbedtls.dir/Users/dean/esp/esp-idf/components/mbedtls/port/net_sockets.c.obj
[748/1891] Linking C static library esp-idf/esp_bootloader_format/libesp_bootloader_format.a
[749/1891] Building C object esp-idf/mbedtls/mbedtls/library/CMakeFiles/mbedtls.dir/ssl_tls12_client.c.obj
[750/1891] Building C object esp-idf/mbedtls/mbedtls/library/CMakeFiles/mbedx509.dir/x509write.c.obj
[751/1891] Building C object esp-idf/mbedtls/mbedtls/library/CMakeFiles/mbedtls.dir/ssl_tls12_server.c.obj
[752/1891] Building C object esp-idf/mbedtls/mbedtls/library/CMakeFiles/mbedtls.dir/ssl_msg.c.obj
[753/1891] Building C object esp-idf/mbedtls/mbedtls/library/CMakeFiles/mbedcrypto.dir/aesni.c.obj
[754/1891] Building C object esp-idf/mbedtls/mbedtls/library/CMakeFiles/mbedcrypto.dir/aesce.c.obj
[755/1891] Linking C static library esp-idf/esp_app_format/libesp_app_format.a
[756/1891] Building C object esp-idf/mbedtls/mbedtls/library/CMakeFiles/mbedcrypto.dir/aes.c.obj
[757/1891] Building C object esp-idf/mbedtls/mbedtls/library/CMakeFiles/mbedx509.dir/x509write_csr.c.obj
[758/1891] Building C object esp-idf/mbedtls/mbedtls/library/CMakeFiles/mbedx509.dir/x509.c.obj
[759/1891] Building C object esp-idf/mbedtls/mbedtls/library/CMakeFiles/mbedx509.dir/x509write_crt.c.obj
[760/1891] Building C object esp-idf/mbedtls/mbedtls/library/CMakeFiles/mbedcrypto.dir/asn1write.c.obj
[761/1891] Building C object esp-idf/mbedtls/mbedtls/library/CMakeFiles/mbedcrypto.dir/asn1parse.c.obj
[762/1891] Building C object esp-idf/mbedtls/mbedtls/library/CMakeFiles/mbedcrypto.dir/base64.c.obj
[763/1891] Building C object esp-idf/mbedtls/mbedtls/library/CMakeFiles/mbedcrypto.dir/aria.c.obj
[764/1891] Building C object esp-idf/mbedtls/mbedtls/library/CMakeFiles/mbedcrypto.dir/block_cipher.c.obj
[765/1891] Building C object esp-idf/mbedtls/mbedtls/library/CMakeFiles/mbedx509.dir/x509_crt.c.obj
[766/1891] Building C object esp-idf/mbedtls/mbedtls/library/CMakeFiles/mbedcrypto.dir/camellia.c.obj
[767/1891] Building C object esp-idf/mbedtls/mbedtls/library/CMakeFiles/mbedcrypto.dir/bignum_mod_raw.c.obj
[768/1891] Building C object esp-idf/mbedtls/mbedtls/library/CMakeFiles/mbedcrypto.dir/bignum_mod.c.obj
[769/1891] Building C object esp-idf/mbedtls/mbedtls/library/CMakeFiles/mbedcrypto.dir/chacha20.c.obj
[770/1891] Building C object esp-idf/mbedtls/mbedtls/library/CMakeFiles/mbedcrypto.dir/bignum_core.c.obj
[771/1891] Building C object esp-idf/mbedtls/mbedtls/library/CMakeFiles/mbedtls.dir/ssl_tls.c.obj
[772/1891] Building C object esp-idf/mbedtls/mbedtls/library/CMakeFiles/mbedcrypto.dir/chachapoly.c.obj
[773/1891] Building C object esp-idf/mbedtls/mbedtls/library/CMakeFiles/mbedcrypto.dir/ccm.c.obj
[774/1891] Building C object esp-idf/mbedtls/mbedtls/library/CMakeFiles/mbedcrypto.dir/des.c.obj
[775/1891] Building C object esp-idf/mbedtls/mbedtls/library/CMakeFiles/mbedcrypto.dir/constant_time.c.obj
[776/1891] Building C object esp-idf/mbedtls/mbedtls/library/CMakeFiles/mbedcrypto.dir/dhm.c.obj
[777/1891] Building C object esp-idf/mbedtls/mbedtls/library/CMakeFiles/mbedcrypto.dir/cipher_wrap.c.obj
[778/1891] Building C object esp-idf/mbedtls/mbedtls/library/CMakeFiles/mbedcrypto.dir/ecjpake.c.obj
[779/1891] Linking CXX static library esp-idf/mbedtls/mbedtls/library/libmbedtls.a
[780/1891] Building C object esp-idf/mbedtls/mbedtls/library/CMakeFiles/mbedcrypto.dir/ecdh.c.obj
[781/1891] Building C object esp-idf/mbedtls/mbedtls/library/CMakeFiles/mbedcrypto.dir/ecp_curves_new.c.obj
[782/1891] Building C object esp-idf/mbedtls/mbedtls/library/CMakeFiles/mbedcrypto.dir/ctr_drbg.c.obj
[783/1891] Building C object esp-idf/mbedtls/mbedtls/library/CMakeFiles/mbedcrypto.dir/bignum.c.obj
[784/1891] Building C object esp-idf/mbedtls/mbedtls/library/CMakeFiles/mbedcrypto.dir/ecdsa.c.obj
[785/1891] Building C object esp-idf/mbedtls/mbedtls/library/CMakeFiles/mbedcrypto.dir/cmac.c.obj
[786/1891] Building C object esp-idf/mbedtls/mbedtls/library/CMakeFiles/mbedcrypto.dir/entropy_poll.c.obj
[787/1891] Building C object esp-idf/mbedtls/mbedtls/library/CMakeFiles/mbedcrypto.dir/entropy.c.obj
[788/1891] Building C object esp-idf/mbedtls/mbedtls/library/CMakeFiles/mbedcrypto.dir/hkdf.c.obj
[789/1891] Building C object esp-idf/mbedtls/mbedtls/library/CMakeFiles/mbedcrypto.dir/memory_buffer_alloc.c.obj
[790/1891] Building C object esp-idf/mbedtls/mbedtls/library/CMakeFiles/mbedcrypto.dir/cipher.c.obj
[791/1891] Building C object esp-idf/mbedtls/mbedtls/library/CMakeFiles/mbedcrypto.dir/nist_kw.c.obj
[792/1891] Building C object esp-idf/mbedtls/mbedtls/library/CMakeFiles/mbedcrypto.dir/md5.c.obj
[793/1891] Building C object esp-idf/mbedtls/mbedtls/library/CMakeFiles/mbedcrypto.dir/lmots.c.obj
[794/1891] Building C object esp-idf/mbedtls/mbedtls/library/CMakeFiles/mbedcrypto.dir/hmac_drbg.c.obj
[795/1891] Building C object esp-idf/mbedtls/mbedtls/library/CMakeFiles/mbedcrypto.dir/lms.c.obj
[796/1891] Building C object esp-idf/mbedtls/mbedtls/library/CMakeFiles/mbedcrypto.dir/error.c.obj
[797/1891] Building C object esp-idf/mbedtls/mbedtls/library/CMakeFiles/mbedcrypto.dir/padlock.c.obj
[798/1891] Building C object esp-idf/mbedtls/mbedtls/library/CMakeFiles/mbedcrypto.dir/ecp_curves.c.obj
[799/1891] Building C object esp-idf/mbedtls/mbedtls/library/CMakeFiles/mbedcrypto.dir/md.c.obj
[800/1891] Building C object esp-idf/mbedtls/mbedtls/library/CMakeFiles/mbedcrypto.dir/pk_ecc.c.obj
[801/1891] Building C object esp-idf/mbedtls/mbedtls/library/CMakeFiles/mbedcrypto.dir/pem.c.obj
[802/1891] Building C object esp-idf/mbedtls/mbedtls/library/CMakeFiles/mbedcrypto.dir/platform.c.obj
[803/1891] Building C object esp-idf/mbedtls/mbedtls/library/CMakeFiles/mbedcrypto.dir/pkcs12.c.obj
[804/1891] Building C object esp-idf/mbedtls/mbedtls/library/CMakeFiles/mbedcrypto.dir/pkcs5.c.obj
[805/1891] Building C object esp-idf/mbedtls/mbedtls/library/CMakeFiles/mbedcrypto.dir/pk_wrap.c.obj
[806/1891] Building C object esp-idf/mbedtls/mbedtls/library/CMakeFiles/mbedcrypto.dir/platform_util.c.obj
[807/1891] Building C object esp-idf/mbedtls/mbedtls/library/CMakeFiles/mbedcrypto.dir/gcm.c.obj
[808/1891] Building C object esp-idf/mbedtls/mbedtls/library/CMakeFiles/mbedcrypto.dir/poly1305.c.obj
[809/1891] Building C object esp-idf/mbedtls/mbedtls/library/CMakeFiles/mbedcrypto.dir/pkwrite.c.obj
[810/1891] Building C object esp-idf/mbedtls/mbedtls/library/CMakeFiles/mbedcrypto.dir/pk.c.obj
[811/1891] Building C object esp-idf/mbedtls/mbedtls/library/CMakeFiles/mbedcrypto.dir/oid.c.obj
[812/1891] Building C object esp-idf/mbedtls/mbedtls/library/CMakeFiles/mbedcrypto.dir/ecp.c.obj
[813/1891] Building C object esp-idf/mbedtls/mbedtls/library/CMakeFiles/mbedcrypto.dir/psa_crypto_client.c.obj
[814/1891] Building C object esp-idf/mbedtls/mbedtls/library/CMakeFiles/mbedcrypto.dir/psa_crypto_driver_wrappers_no_static.c.obj
[815/1891] Building C object esp-idf/mbedtls/mbedtls/library/CMakeFiles/mbedcrypto.dir/pkparse.c.obj
[816/1891] Building C object esp-idf/mbedtls/mbedtls/library/CMakeFiles/mbedcrypto.dir/psa_crypto_aead.c.obj
[817/1891] Building C object esp-idf/mbedtls/mbedtls/library/CMakeFiles/mbedcrypto.dir/psa_crypto_ffdh.c.obj
[818/1891] Building C object esp-idf/mbedtls/mbedtls/library/CMakeFiles/mbedcrypto.dir/psa_crypto_pake.c.obj
[819/1891] Building C object esp-idf/mbedtls/mbedtls/library/CMakeFiles/mbedcrypto.dir/psa_crypto_hash.c.obj
[820/1891] Building C object esp-idf/mbedtls/mbedtls/library/CMakeFiles/mbedcrypto.dir/psa_crypto_cipher.c.obj
[821/1891] Building C object esp-idf/mbedtls/mbedtls/library/CMakeFiles/mbedcrypto.dir/psa_crypto_mac.c.obj
[822/1891] Building C object esp-idf/mbedtls/mbedtls/library/CMakeFiles/mbedcrypto.dir/psa_crypto_ecp.c.obj
[823/1891] Building C object esp-idf/mbedtls/mbedtls/library/CMakeFiles/mbedcrypto.dir/psa_crypto_se.c.obj
[824/1891] Building C object esp-idf/mbedtls/mbedtls/library/CMakeFiles/mbedcrypto.dir/psa_crypto_rsa.c.obj
[825/1891] Building C object esp-idf/mbedtls/mbedtls/library/CMakeFiles/mbedcrypto.dir/ripemd160.c.obj
[826/1891] Building C object esp-idf/mbedtls/mbedtls/library/CMakeFiles/mbedcrypto.dir/psa_its_file.c.obj
[827/1891] Building C object esp-idf/mbedtls/mbedtls/library/CMakeFiles/mbedcrypto.dir/sha3.c.obj
[828/1891] Building C object esp-idf/mbedtls/mbedtls/library/CMakeFiles/mbedcrypto.dir/rsa_alt_helpers.c.obj
[829/1891] Building C object esp-idf/mbedtls/mbedtls/library/CMakeFiles/mbedcrypto.dir/psa_util.c.obj
[830/1891] Building C object esp-idf/mbedtls/mbedtls/library/CMakeFiles/mbedcrypto.dir/psa_crypto_storage.c.obj
[831/1891] Building C object esp-idf/mbedtls/mbedtls/library/CMakeFiles/mbedcrypto.dir/sha512.c.obj
[832/1891] Building C object esp-idf/mbedtls/mbedtls/library/CMakeFiles/mbedcrypto.dir/sha1.c.obj
[833/1891] Building C object esp-idf/mbedtls/mbedtls/library/CMakeFiles/mbedcrypto.dir/sha256.c.obj
[834/1891] Building C object esp-idf/mbedtls/mbedtls/library/CMakeFiles/mbedcrypto.dir/threading.c.obj
[835/1891] Building C object esp-idf/mbedtls/mbedtls/library/CMakeFiles/mbedcrypto.dir/psa_crypto_slot_management.c.obj
[836/1891] Building C object esp-idf/mbedtls/mbedtls/library/CMakeFiles/mbedcrypto.dir/timing.c.obj
[837/1891] Building C object esp-idf/mbedtls/mbedtls/library/CMakeFiles/mbedcrypto.dir/version.c.obj
[838/1891] Building C object esp-idf/mbedtls/mbedtls/library/CMakeFiles/mbedcrypto.dir/version_features.c.obj
[839/1891] Building C object esp-idf/mbedtls/mbedtls/library/CMakeFiles/mbedcrypto.dir/Users/dean/esp/esp-idf/components/mbedtls/port/sha/core/esp_sha_gdma_impl.c.obj
[840/1891] Building C object esp-idf/mbedtls/mbedtls/library/CMakeFiles/mbedcrypto.dir/Users/dean/esp/esp-idf/components/mbedtls/port/esp_mem.c.obj
[841/1891] Building C object esp-idf/mbedtls/mbedtls/library/CMakeFiles/mbedcrypto.dir/Users/dean/esp/esp-idf/components/mbedtls/port/aes/dma/esp_aes_gdma_impl.c.obj
[842/1891] Building C object esp-idf/mbedtls/mbedtls/library/CMakeFiles/mbedcrypto.dir/Users/dean/esp/esp-idf/components/mbedtls/port/esp_hardware.c.obj
[843/1891] Building C object esp-idf/mbedtls/mbedtls/library/CMakeFiles/mbedcrypto.dir/Users/dean/esp/esp-idf/components/mbedtls/port/aes/esp_aes_xts.c.obj
[844/1891] Building C object esp-idf/mbedtls/mbedtls/library/CMakeFiles/mbedcrypto.dir/Users/dean/esp/esp-idf/components/mbedtls/port/esp_timing.c.obj
[845/1891] Building C object esp-idf/mbedtls/mbedtls/library/CMakeFiles/mbedcrypto.dir/Users/dean/esp/esp-idf/components/mbedtls/port/aes/esp_aes_common.c.obj
[846/1891] Building C object esp-idf/mbedtls/mbedtls/library/CMakeFiles/mbedcrypto.dir/Users/dean/esp/esp-idf/components/mbedtls/port/sha/esp_sha.c.obj
[847/1891] Building C object esp-idf/mbedtls/mbedtls/library/CMakeFiles/mbedcrypto.dir/Users/dean/esp/esp-idf/components/mbedtls/port/crypto_shared_gdma/esp_crypto_shared_gdma.c.obj
[848/1891] Building C object esp-idf/mbedtls/mbedtls/library/CMakeFiles/mbedcrypto.dir/Users/dean/esp/esp-idf/components/mbedtls/port/esp_hmac_pbkdf2.c.obj
[849/1891] Building C object esp-idf/mbedtls/mbedtls/library/CMakeFiles/mbedcrypto.dir/Users/dean/esp/esp-idf/components/mbedtls/port/aes/dma/esp_aes.c.obj
[850/1891] Building C object esp-idf/mbedtls/mbedtls/library/CMakeFiles/mbedcrypto.dir/Users/dean/esp/esp-idf/components/mbedtls/port/esp_ds/esp_rsa_sign_alt.c.obj
[851/1891] Building C object esp-idf/mbedtls/mbedtls/library/CMakeFiles/mbedcrypto.dir/Users/dean/esp/esp-idf/components/mbedtls/port/esp_ds/esp_rsa_dec_alt.c.obj
[852/1891] Building C object esp-idf/mbedtls/mbedtls/library/CMakeFiles/mbedcrypto.dir/Users/dean/esp/esp-idf/components/mbedtls/port/aes/dma/esp_aes_dma_core.c.obj
[853/1891] Building C object esp-idf/mbedtls/mbedtls/library/CMakeFiles/mbedcrypto.dir/Users/dean/esp/esp-idf/components/mbedtls/port/bignum/bignum_alt.c.obj
[854/1891] Building C object esp-idf/mbedtls/mbedtls/library/CMakeFiles/mbedcrypto.dir/Users/dean/esp/esp-idf/components/mbedtls/port/esp_ds/esp_ds_common.c.obj
[855/1891] Building C object esp-idf/mbedtls/mbedtls/library/CMakeFiles/mbedcrypto.dir/Users/dean/esp/esp-idf/components/mbedtls/port/sha/core/sha.c.obj
[856/1891] Building C object esp-idf/mbedtls/mbedtls/library/CMakeFiles/mbedcrypto.dir/Users/dean/esp/esp-idf/components/mbedtls/port/sha/core/esp_sha1.c.obj
[857/1891] Building C object esp-idf/mbedtls/mbedtls/library/CMakeFiles/mbedcrypto.dir/Users/dean/esp/esp-idf/components/mbedtls/port/bignum/esp_bignum.c.obj
[858/1891] Building C object esp-idf/mbedtls/mbedtls/library/CMakeFiles/mbedcrypto.dir/Users/dean/esp/esp-idf/components/mbedtls/port/sha/core/esp_sha256.c.obj
[859/1891] Building C object esp-idf/mbedtls/mbedtls/library/CMakeFiles/mbedcrypto.dir/Users/dean/esp/esp-idf/components/mbedtls/port/md/esp_md.c.obj
[860/1891] Linking CXX static library esp-idf/mbedtls/mbedtls/library/libmbedx509.a
[861/1891] Building C object esp-idf/mbedtls/mbedtls/3rdparty/everest/CMakeFiles/everest.dir/library/everest.c.obj
[862/1891] Creating directories for 'bootloader'
[863/1891] Building C object esp-idf/mbedtls/mbedtls/library/CMakeFiles/mbedcrypto.dir/Users/dean/esp/esp-idf/components/mbedtls/port/sha/core/esp_sha512.c.obj
[864/1891] Building C object esp-idf/mbedtls/mbedtls/3rdparty/p256-m/CMakeFiles/p256m.dir/p256-m/p256-m.c.obj
[865/1891] Building C object esp-idf/mbedtls/mbedtls/3rdparty/everest/CMakeFiles/everest.dir/library/x25519.c.obj
[866/1891] Building C object esp-idf/mbedtls/mbedtls/3rdparty/p256-m/CMakeFiles/p256m.dir/p256-m_driver_entrypoints.c.obj
[867/1891] Building C object esp-idf/mbedtls/mbedtls/3rdparty/everest/CMakeFiles/everest.dir/library/Hacl_Curve25519_joined.c.obj
[868/1891] No download step for 'bootloader'
[869/1891] Building C object esp-idf/mbedtls/mbedtls/library/CMakeFiles/mbedcrypto.dir/Users/dean/esp/esp-idf/components/mbedtls/port/aes/esp_aes_gcm.c.obj
[870/1891] No update step for 'bootloader'
[871/1891] No patch step for 'bootloader'
[872/1891] Building C object esp-idf/mbedtls/mbedtls/library/CMakeFiles/mbedcrypto.dir/rsa.c.obj
[873/1891] Building C object esp-idf/mbedtls/mbedtls/library/CMakeFiles/mbedcrypto.dir/psa_crypto.c.obj
[874/1891] Linking CXX static library esp-idf/mbedtls/mbedtls/library/libmbedcrypto.a
[875/1891] Linking CXX static library esp-idf/mbedtls/mbedtls/3rdparty/p256-m/libp256m.a
[876/1891] Linking CXX static library esp-idf/mbedtls/mbedtls/3rdparty/everest/libeverest.a
[877/1891] Generating x509_crt_bundle
[878/1891] Generating ../../x509_crt_bundle.S
[879/1891] Building C object esp-idf/xtensa/CMakeFiles/__idf_xtensa.dir/eri.c.obj
[880/1891] Building ASM object esp-idf/mbedtls/CMakeFiles/__idf_mbedtls.dir/__/__/x509_crt_bundle.S.obj
[881/1891] Building C object esp-idf/esp_pm/CMakeFiles/__idf_esp_pm.dir/pm_trace.c.obj
[882/1891] Building C object esp-idf/esp_driver_gpio/CMakeFiles/__idf_esp_driver_gpio.dir/src/gpio_glitch_filter_ops.c.obj
[883/1891] Building C object esp-idf/esp_pm/CMakeFiles/__idf_esp_pm.dir/pm_locks.c.obj
[884/1891] Building ASM object esp-idf/xtensa/CMakeFiles/__idf_xtensa.dir/xtensa_context.S.obj
[885/1891] Building C object esp-idf/xtensa/CMakeFiles/__idf_xtensa.dir/xt_trax.c.obj
[886/1891] Building ASM object esp-idf/xtensa/CMakeFiles/__idf_xtensa.dir/xtensa_intr_asm.S.obj
[887/1891] Building C object esp-idf/esp_driver_gpio/CMakeFiles/__idf_esp_driver_gpio.dir/src/gpio_pin_glitch_filter.c.obj
[888/1891] Building ASM object esp-idf/xtensa/CMakeFiles/__idf_xtensa.dir/xtensa_vectors.S.obj
[889/1891] Building C object esp-idf/mbedtls/CMakeFiles/__idf_mbedtls.dir/esp_crt_bundle/esp_crt_bundle.c.obj
[890/1891] Building C object esp-idf/esp_pm/CMakeFiles/__idf_esp_pm.dir/pm_impl.c.obj
[891/1891] Building C object esp-idf/xtensa/CMakeFiles/__idf_xtensa.dir/xtensa_intr.c.obj
[892/1891] Building C object esp-idf/esp_driver_gpio/CMakeFiles/__idf_esp_driver_gpio.dir/src/dedic_gpio.c.obj
[893/1891] Building C object esp-idf/console/CMakeFiles/__idf_console.dir/split_argv.c.obj
[894/1891] Linking C static library esp-idf/mbedtls/libmbedtls.a
[895/1891] Building C object esp-idf/esp_driver_gpio/CMakeFiles/__idf_esp_driver_gpio.dir/src/rtc_io.c.obj
[896/1891] Building C object esp-idf/console/CMakeFiles/__idf_console.dir/esp_console_common.c.obj
[897/1891] Building C object esp-idf/console/CMakeFiles/__idf_console.dir/argtable3/arg_cmd.c.obj
[898/1891] Linking C static library esp-idf/esp_pm/libesp_pm.a
[899/1891] Building C object esp-idf/console/CMakeFiles/__idf_console.dir/argtable3/arg_dbl.c.obj
[900/1891] Building C object esp-idf/console/CMakeFiles/__idf_console.dir/esp_console_repl_chip.c.obj
[901/1891] Building C object esp-idf/console/CMakeFiles/__idf_console.dir/commands.c.obj
[902/1891] Building C object esp-idf/console/CMakeFiles/__idf_console.dir/argtable3/arg_dstr.c.obj
[903/1891] Building C object esp-idf/console/CMakeFiles/__idf_console.dir/esp_console_repl_internal.c.obj
[904/1891] Building C object esp-idf/console/CMakeFiles/__idf_console.dir/argtable3/arg_end.c.obj
[905/1891] Building C object esp-idf/console/CMakeFiles/__idf_console.dir/argtable3/arg_date.c.obj
[906/1891] Building C object esp-idf/console/CMakeFiles/__idf_console.dir/argtable3/arg_rem.c.obj
[907/1891] Building C object esp-idf/console/CMakeFiles/__idf_console.dir/argtable3/arg_file.c.obj
[908/1891] Building C object esp-idf/console/CMakeFiles/__idf_console.dir/argtable3/arg_hashtable.c.obj
[909/1891] Building C object esp-idf/console/CMakeFiles/__idf_console.dir/argtable3/arg_lit.c.obj
[910/1891] Building C object esp-idf/console/CMakeFiles/__idf_console.dir/argtable3/arg_int.c.obj
[911/1891] Building C object esp-idf/console/CMakeFiles/__idf_console.dir/linenoise/linenoise.c.obj
[912/1891] Building C object esp-idf/console/CMakeFiles/__idf_console.dir/argtable3/arg_str.c.obj
[913/1891] Building C object esp-idf/console/CMakeFiles/__idf_console.dir/argtable3/arg_utils.c.obj
[914/1891] Building C object esp-idf/esp_lcd/CMakeFiles/__idf_esp_lcd.dir/src/esp_lcd_panel_ops.c.obj
[915/1891] Building C object esp-idf/esp_lcd/CMakeFiles/__idf_esp_lcd.dir/src/esp_lcd_common.c.obj
[916/1891] Building C object esp-idf/console/CMakeFiles/__idf_console.dir/argtable3/argtable3.c.obj
[917/1891] Building C object esp-idf/esp_lcd/CMakeFiles/__idf_esp_lcd.dir/src/esp_lcd_panel_io.c.obj
[918/1891] Building C object esp-idf/esp_lcd/CMakeFiles/__idf_esp_lcd.dir/i2c/esp_lcd_panel_io_i2c_v1.c.obj
[919/1891] Building C object esp-idf/esp_lcd/CMakeFiles/__idf_esp_lcd.dir/i2c/esp_lcd_panel_io_i2c_v2.c.obj
[920/1891] Building C object esp-idf/esp_lcd/CMakeFiles/__idf_esp_lcd.dir/src/esp_lcd_panel_st7789.c.obj
[921/1891] Building C object esp-idf/console/CMakeFiles/__idf_console.dir/argtable3/arg_rex.c.obj
[922/1891] Building C object esp-idf/esp_lcd/CMakeFiles/__idf_esp_lcd.dir/src/esp_lcd_panel_ssd1306.c.obj
[923/1891] Building C object esp-idf/esp_lcd/CMakeFiles/__idf_esp_lcd.dir/src/esp_lcd_panel_nt35510.c.obj
[924/1891] Building C object esp-idf/esp_driver_gpio/CMakeFiles/__idf_esp_driver_gpio.dir/src/gpio.c.obj
[925/1891] Building C object esp-idf/esp_lcd/CMakeFiles/__idf_esp_lcd.dir/spi/esp_lcd_panel_io_spi.c.obj
[926/1891] Building C object esp-idf/spiffs/CMakeFiles/__idf_spiffs.dir/spiffs_api.c.obj
[927/1891] Building C object esp-idf/spiffs/CMakeFiles/__idf_spiffs.dir/spiffs/src/spiffs_cache.c.obj
[928/1891] Building C object esp-idf/spiffs/CMakeFiles/__idf_spiffs.dir/spiffs/src/spiffs_gc.c.obj
[929/1891] Building C object esp-idf/json/CMakeFiles/__idf_json.dir/cJSON/cJSON_Utils.c.obj
[930/1891] Linking C static library esp-idf/esp_driver_gpio/libesp_driver_gpio.a
[931/1891] Building C object esp-idf/spiffs/CMakeFiles/__idf_spiffs.dir/spiffs/src/spiffs_check.c.obj
[932/1891] Building C object esp-idf/esp_lcd/CMakeFiles/__idf_esp_lcd.dir/i80/esp_lcd_panel_io_i80.c.obj
[933/1891] Building C object esp-idf/espressif__dl_fft/CMakeFiles/__idf_espressif__dl_fft.dir/dl_fft_s16.c.obj
[934/1891] Linking C static library esp-idf/xtensa/libxtensa.a
[935/1891] Building C object esp-idf/json/CMakeFiles/__idf_json.dir/cJSON/cJSON.c.obj
[936/1891] Building C object esp-idf/espressif__dl_fft/CMakeFiles/__idf_espressif__dl_fft.dir/dl_rfft_f32.c.obj
[937/1891] Building C object esp-idf/espressif__dl_fft/CMakeFiles/__idf_espressif__dl_fft.dir/dl_fft_f32.c.obj
[938/1891] Building C object esp-idf/espressif__dl_fft/CMakeFiles/__idf_espressif__dl_fft.dir/dl_rfft_s16.c.obj
[939/1891] Building C object esp-idf/spiffs/CMakeFiles/__idf_spiffs.dir/spiffs/src/spiffs_hydrogen.c.obj
[940/1891] Building ASM object esp-idf/espressif__dl_fft/CMakeFiles/__idf_espressif__dl_fft.dir/base/isa/esp32s3/dl_fft2r_fc32_aes3.S.obj
[941/1891] Building C object esp-idf/protobuf-c/CMakeFiles/__idf_protobuf-c.dir/protobuf-c/protobuf-c/protobuf-c.c.obj
[942/1891] Building C object esp-idf/esp_lcd/CMakeFiles/__idf_esp_lcd.dir/rgb/esp_lcd_panel_rgb.c.obj
[943/1891] Building C object esp-idf/espressif__dl_fft/CMakeFiles/__idf_espressif__dl_fft.dir/base/dl_fft_table.c.obj
[944/1891] Building ASM object esp-idf/espressif__dl_fft/CMakeFiles/__idf_espressif__dl_fft.dir/base/isa/esp32s3/dl_fft4r_fc32_aes3.S.obj
[945/1891] Building ASM object esp-idf/espressif__dl_fft/CMakeFiles/__idf_espressif__dl_fft.dir/base/isa/esp32s3/dl_fft2r_sc16_aes3.S.obj
[946/1891] Building ASM object esp-idf/espressif__esp-dsp/CMakeFiles/__idf_espressif__esp-dsp.dir/modules/dotprod/float/dsps_dotprod_f32_ae32.S.obj
[947/1891] Building ASM object esp-idf/espressif__esp-dsp/CMakeFiles/__idf_espressif__esp-dsp.dir/modules/dotprod/float/dsps_dotprod_f32_m_ae32.S.obj
[948/1891] Building CXX object esp-idf/espressif__esp-dsp/CMakeFiles/__idf_espressif__esp-dsp.dir/modules/common/misc/dsps_pwroftwo.cpp.obj
[949/1891] Building C object esp-idf/espressif__dl_fft/CMakeFiles/__idf_espressif__dl_fft.dir/base/dl_fft4r_fc32_ansi.c.obj
[950/1891] Building C object esp-idf/espressif__dl_fft/CMakeFiles/__idf_espressif__dl_fft.dir/base/dl_fft_base.c.obj
[951/1891] Building C object esp-idf/espressif__esp-dsp/CMakeFiles/__idf_espressif__esp-dsp.dir/modules/common/misc/aes3_tie_log.c.obj
[952/1891] Building C object esp-idf/spiffs/CMakeFiles/__idf_spiffs.dir/esp_spiffs.c.obj
[953/1891] Building C object esp-idf/espressif__dl_fft/CMakeFiles/__idf_espressif__dl_fft.dir/base/dl_fft2r_fc32_ansi.c.obj
[954/1891] Building ASM object esp-idf/espressif__esp-dsp/CMakeFiles/__idf_espressif__esp-dsp.dir/modules/dotprod/float/dsps_dotprode_f32_m_ae32.S.obj
[955/1891] Building ASM object esp-idf/espressif__esp-dsp/CMakeFiles/__idf_espressif__esp-dsp.dir/modules/dotprod/float/dsps_dotprode_f32_ae32.S.obj
[956/1891] Building C object esp-idf/espressif__dl_fft/CMakeFiles/__idf_espressif__dl_fft.dir/base/dl_fft2r_sc16_dif_ansi.c.obj
[957/1891] Building ASM object esp-idf/espressif__esp-dsp/CMakeFiles/__idf_espressif__esp-dsp.dir/modules/dotprod/float/dsps_dotprod_f32_arp4.S.obj
[958/1891] Building ASM object esp-idf/espressif__esp-dsp/CMakeFiles/__idf_espressif__esp-dsp.dir/modules/dotprod/float/dsps_dotprod_f32_aes3.S.obj
[959/1891] Building ASM object esp-idf/espressif__esp-dsp/CMakeFiles/__idf_espressif__esp-dsp.dir/modules/dotprod/float/dsps_dotprode_f32_arp4.S.obj
[960/1891] Building ASM object esp-idf/espressif__esp-dsp/CMakeFiles/__idf_espressif__esp-dsp.dir/modules/dotprod/fixed/dsps_dotprod_s16_ae32.S.obj
[961/1891] Building ASM object esp-idf/espressif__esp-dsp/CMakeFiles/__idf_espressif__esp-dsp.dir/modules/dotprod/fixed/dsps_dotprod_s16_m_ae32.S.obj
[962/1891] Building C object esp-idf/espressif__esp-dsp/CMakeFiles/__idf_espressif__esp-dsp.dir/modules/dotprod/float/dsps_dotprod_f32_ansi.c.obj
[963/1891] Building ASM object esp-idf/espressif__esp-dsp/CMakeFiles/__idf_espressif__esp-dsp.dir/modules/dotprod/fixed/dsps_dotprod_s16_arp4.S.obj
[964/1891] Building C object esp-idf/espressif__esp-dsp/CMakeFiles/__idf_espressif__esp-dsp.dir/modules/dotprod/float/dsps_dotprode_f32_ansi.c.obj
[965/1891] Building C object esp-idf/espressif__esp-dsp/CMakeFiles/__idf_espressif__esp-dsp.dir/modules/dotprod/fixed/dsps_dotprod_s16_ansi.c.obj
[966/1891] Building C object esp-idf/espressif__dl_fft/CMakeFiles/__idf_espressif__dl_fft.dir/base/dl_fft2r_sc16_ansi.c.obj
[967/1891] Building C object esp-idf/espressif__esp-dsp/CMakeFiles/__idf_espressif__esp-dsp.dir/modules/dotprod/float/dspi_dotprod_off_f32_ansi.c.obj
[968/1891] Building C object esp-idf/espressif__esp-dsp/CMakeFiles/__idf_espressif__esp-dsp.dir/modules/dotprod/float/dspi_dotprod_f32_ansi.c.obj
[969/1891] Building C object esp-idf/espressif__esp-dsp/CMakeFiles/__idf_espressif__esp-dsp.dir/modules/dotprod/fixed/dspi_dotprod_s16_ansi.c.obj
[970/1891] Building C object esp-idf/espressif__esp-dsp/CMakeFiles/__idf_espressif__esp-dsp.dir/modules/dotprod/fixed/dspi_dotprod_s8_ansi.c.obj
[971/1891] Building C object esp-idf/espressif__esp-dsp/CMakeFiles/__idf_espressif__esp-dsp.dir/modules/dotprod/fixed/dspi_dotprod_u16_ansi.c.obj
[972/1891] Building C object esp-idf/espressif__esp-dsp/CMakeFiles/__idf_espressif__esp-dsp.dir/modules/dotprod/fixed/dspi_dotprod_u8_ansi.c.obj
[973/1891] Building C object esp-idf/espressif__esp-dsp/CMakeFiles/__idf_espressif__esp-dsp.dir/modules/dotprod/fixed/dspi_dotprod_off_s16_ansi.c.obj
[974/1891] Building ASM object esp-idf/espressif__esp-dsp/CMakeFiles/__idf_espressif__esp-dsp.dir/modules/dotprod/fixed/dspi_dotprod_u16_aes3.S.obj
[975/1891] Building C object esp-idf/espressif__esp-dsp/CMakeFiles/__idf_espressif__esp-dsp.dir/modules/dotprod/fixed/dspi_dotprod_off_s8_ansi.c.obj
[976/1891] Building C object esp-idf/espressif__esp-dsp/CMakeFiles/__idf_espressif__esp-dsp.dir/modules/dotprod/fixed/dspi_dotprod_off_u8_ansi.c.obj
[977/1891] Building ASM object esp-idf/espressif__esp-dsp/CMakeFiles/__idf_espressif__esp-dsp.dir/modules/dotprod/fixed/dspi_dotprod_s16_aes3.S.obj
[978/1891] Building C object esp-idf/espressif__esp-dsp/CMakeFiles/__idf_espressif__esp-dsp.dir/modules/dotprod/fixed/dspi_dotprod_off_u16_ansi.c.obj
[979/1891] Building ASM object esp-idf/espressif__esp-dsp/CMakeFiles/__idf_espressif__esp-dsp.dir/modules/dotprod/fixed/dspi_dotprod_off_s16_aes3.S.obj
[980/1891] Building ASM object esp-idf/espressif__esp-dsp/CMakeFiles/__idf_espressif__esp-dsp.dir/modules/dotprod/fixed/dspi_dotprod_off_u16_aes3.S.obj
[981/1891] Building ASM object esp-idf/espressif__esp-dsp/CMakeFiles/__idf_espressif__esp-dsp.dir/modules/dotprod/fixed/dspi_dotprod_s8_aes3.S.obj
[982/1891] Building ASM object esp-idf/espressif__esp-dsp/CMakeFiles/__idf_espressif__esp-dsp.dir/modules/dotprod/fixed/dspi_dotprod_off_u8_aes3.S.obj
[983/1891] Building ASM object esp-idf/espressif__esp-dsp/CMakeFiles/__idf_espressif__esp-dsp.dir/modules/dotprod/fixed/dspi_dotprod_u8_aes3.S.obj
[984/1891] Building C object esp-idf/spiffs/CMakeFiles/__idf_spiffs.dir/spiffs/src/spiffs_nucleus.c.obj
[985/1891] Building ASM object esp-idf/espressif__esp-dsp/CMakeFiles/__idf_espressif__esp-dsp.dir/modules/dotprod/fixed/dspi_dotprod_s16_arp4.S.obj
[986/1891] Building ASM object esp-idf/espressif__esp-dsp/CMakeFiles/__idf_espressif__esp-dsp.dir/modules/dotprod/fixed/dspi_dotprod_off_s8_aes3.S.obj
[987/1891] Building ASM object esp-idf/espressif__esp-dsp/CMakeFiles/__idf_espressif__esp-dsp.dir/modules/dotprod/fixed/dspi_dotprod_s8_arp4.S.obj
[988/1891] Building ASM object esp-idf/espressif__esp-dsp/CMakeFiles/__idf_espressif__esp-dsp.dir/modules/dotprod/fixed/dspi_dotprod_u16_arp4.S.obj
[989/1891] Building ASM object esp-idf/espressif__esp-dsp/CMakeFiles/__idf_espressif__esp-dsp.dir/modules/dotprod/fixed/dspi_dotprod_u8_arp4.S.obj
[990/1891] Building ASM object esp-idf/espressif__esp-dsp/CMakeFiles/__idf_espressif__esp-dsp.dir/modules/dotprod/fixed/dspi_dotprod_off_u16_arp4.S.obj
[991/1891] Building ASM object esp-idf/espressif__esp-dsp/CMakeFiles/__idf_espressif__esp-dsp.dir/modules/dotprod/fixed/dspi_dotprod_off_s16_arp4.S.obj
[992/1891] Building ASM object esp-idf/espressif__esp-dsp/CMakeFiles/__idf_espressif__esp-dsp.dir/modules/dotprod/fixed/dspi_dotprod_off_s8_arp4.S.obj
[993/1891] Building ASM object esp-idf/espressif__esp-dsp/CMakeFiles/__idf_espressif__esp-dsp.dir/modules/dotprod/fixed/dspi_dotprod_off_u8_arp4.S.obj
[994/1891] Building ASM object esp-idf/espressif__esp-dsp/CMakeFiles/__idf_espressif__esp-dsp.dir/modules/matrix/mul/float/dspm_mult_3x3x1_f32_ae32.S.obj
[995/1891] Building ASM object esp-idf/espressif__esp-dsp/CMakeFiles/__idf_espressif__esp-dsp.dir/modules/matrix/mul/float/dspm_mult_3x3x3_f32_ae32.S.obj
[996/1891] Building ASM object esp-idf/espressif__esp-dsp/CMakeFiles/__idf_espressif__esp-dsp.dir/modules/matrix/mul/float/dspm_mult_4x4x1_f32_ae32.S.obj
[997/1891] Building ASM object esp-idf/espressif__esp-dsp/CMakeFiles/__idf_espressif__esp-dsp.dir/modules/matrix/mul/float/dspm_mult_4x4x4_f32_ae32.S.obj
[998/1891] Building ASM object esp-idf/espressif__esp-dsp/CMakeFiles/__idf_espressif__esp-dsp.dir/modules/matrix/mul/float/dspm_mult_f32_aes3.S.obj
[999/1891] Building ASM object esp-idf/espressif__esp-dsp/CMakeFiles/__idf_espressif__esp-dsp.dir/modules/matrix/mul/float/dspm_mult_f32_ae32.S.obj
[1000/1891] Building ASM object esp-idf/espressif__esp-dsp/CMakeFiles/__idf_espressif__esp-dsp.dir/modules/matrix/mul/float/dspm_mult_f32_arp4.S.obj
[1001/1891] Building ASM object esp-idf/espressif__esp-dsp/CMakeFiles/__idf_espressif__esp-dsp.dir/modules/matrix/mul/float/dspm_mult_ex_f32_ae32.S.obj
[1002/1891] Building ASM object esp-idf/espressif__esp-dsp/CMakeFiles/__idf_espressif__esp-dsp.dir/modules/matrix/mul/float/dspm_mult_ex_f32_arp4.S.obj
[1003/1891] Building ASM object esp-idf/espressif__esp-dsp/CMakeFiles/__idf_espressif__esp-dsp.dir/modules/matrix/mul/fixed/dspm_mult_s16_ae32.S.obj
[1004/1891] Building ASM object esp-idf/espressif__esp-dsp/CMakeFiles/__idf_espressif__esp-dsp.dir/modules/matrix/mul/float/dspm_mult_ex_f32_aes3.S.obj
[1005/1891] Building ASM object esp-idf/espressif__esp-dsp/CMakeFiles/__idf_espressif__esp-dsp.dir/modules/matrix/mul/fixed/dspm_mult_s16_m_ae32_vector.S.obj
[1006/1891] Building C object esp-idf/espressif__esp-dsp/CMakeFiles/__idf_espressif__esp-dsp.dir/modules/matrix/mul/float/dspm_mult_ex_f32_ansi.c.obj
[1007/1891] Building ASM object esp-idf/espressif__esp-dsp/CMakeFiles/__idf_espressif__esp-dsp.dir/modules/matrix/mul/fixed/dspm_mult_s16_m_ae32.S.obj
[1008/1891] Building ASM object esp-idf/espressif__esp-dsp/CMakeFiles/__idf_espressif__esp-dsp.dir/modules/matrix/mul/fixed/dspm_mult_s16_aes3.S.obj
[1009/1891] Building ASM object esp-idf/espressif__esp-dsp/CMakeFiles/__idf_espressif__esp-dsp.dir/modules/matrix/mul/fixed/dspm_mult_s16_arp4.S.obj
[1010/1891] Building C object esp-idf/espressif__esp-dsp/CMakeFiles/__idf_espressif__esp-dsp.dir/modules/matrix/mul/float/dspm_mult_f32_ansi.c.obj
[1011/1891] Building ASM object esp-idf/espressif__esp-dsp/CMakeFiles/__idf_espressif__esp-dsp.dir/modules/matrix/add/float/dspm_add_f32_ae32.S.obj
[1012/1891] Building ASM object esp-idf/espressif__esp-dsp/CMakeFiles/__idf_espressif__esp-dsp.dir/modules/matrix/addc/float/dspm_addc_f32_ae32.S.obj
[1013/1891] Building ASM object esp-idf/espressif__esp-dsp/CMakeFiles/__idf_espressif__esp-dsp.dir/modules/matrix/mulc/float/dspm_mulc_f32_ae32.S.obj
[1014/1891] Building C object esp-idf/espressif__esp-dsp/CMakeFiles/__idf_espressif__esp-dsp.dir/modules/matrix/mul/fixed/dspm_mult_s16_ansi.c.obj
[1015/1891] Building C object esp-idf/espressif__esp-dsp/CMakeFiles/__idf_espressif__esp-dsp.dir/modules/matrix/add/float/dspm_add_f32_ansi.c.obj
[1016/1891] Building ASM object esp-idf/espressif__esp-dsp/CMakeFiles/__idf_espressif__esp-dsp.dir/modules/matrix/sub/float/dspm_sub_f32_ae32.S.obj
[1017/1891] Building C object esp-idf/espressif__esp-dsp/CMakeFiles/__idf_espressif__esp-dsp.dir/modules/matrix/mulc/float/dspm_mulc_f32_ansi.c.obj
[1018/1891] Building ASM object esp-idf/espressif__esp-dsp/CMakeFiles/__idf_espressif__esp-dsp.dir/modules/math/mulc/fixed/dsps_mulc_s16_ae32.S.obj
[1019/1891] Building C object esp-idf/espressif__esp-dsp/CMakeFiles/__idf_espressif__esp-dsp.dir/modules/matrix/addc/float/dspm_addc_f32_ansi.c.obj
[1020/1891] Building ASM object esp-idf/espressif__esp-dsp/CMakeFiles/__idf_espressif__esp-dsp.dir/modules/math/add/fixed/dsps_add_s16_ae32.S.obj
[1021/1891] Building C object esp-idf/espressif__esp-dsp/CMakeFiles/__idf_espressif__esp-dsp.dir/modules/matrix/sub/float/dspm_sub_f32_ansi.c.obj
[1022/1891] Building C object esp-idf/espressif__esp-dsp/CMakeFiles/__idf_espressif__esp-dsp.dir/modules/math/addc/float/dsps_addc_f32_ansi.c.obj
[1023/1891] Building C object esp-idf/espressif__esp-dsp/CMakeFiles/__idf_espressif__esp-dsp.dir/modules/math/mulc/float/dsps_mulc_f32_ansi.c.obj
[1024/1891] Building ASM object esp-idf/espressif__esp-dsp/CMakeFiles/__idf_espressif__esp-dsp.dir/modules/math/add/fixed/dsps_add_s16_aes3.S.obj
[1025/1891] Building C object esp-idf/espressif__esp-dsp/CMakeFiles/__idf_espressif__esp-dsp.dir/modules/math/mulc/fixed/dsps_mulc_s16_ansi.c.obj
[1026/1891] Building ASM object esp-idf/espressif__esp-dsp/CMakeFiles/__idf_espressif__esp-dsp.dir/modules/math/add/fixed/dsps_add_s8_aes3.S.obj
[1027/1891] Building ASM object esp-idf/espressif__esp-dsp/CMakeFiles/__idf_espressif__esp-dsp.dir/modules/math/sub/fixed/dsps_sub_s16_ae32.S.obj
[1028/1891] Building C object esp-idf/espressif__esp-dsp/CMakeFiles/__idf_espressif__esp-dsp.dir/modules/math/add/fixed/dsps_add_s8_ansi.c.obj
[1029/1891] Building C object esp-idf/espressif__esp-dsp/CMakeFiles/__idf_espressif__esp-dsp.dir/modules/math/add/float/dsps_add_f32_ansi.c.obj
[1030/1891] Building C object esp-idf/espressif__esp-dsp/CMakeFiles/__idf_espressif__esp-dsp.dir/modules/math/add/fixed/dsps_add_s16_ansi.c.obj
[1031/1891] Building ASM object esp-idf/espressif__esp-dsp/CMakeFiles/__idf_espressif__esp-dsp.dir/modules/math/sub/fixed/dsps_sub_s16_aes3.S.obj
[1032/1891] Building ASM object esp-idf/espressif__esp-dsp/CMakeFiles/__idf_espressif__esp-dsp.dir/modules/math/sub/fixed/dsps_sub_s8_aes3.S.obj
[1033/1891] Building C object esp-idf/espressif__esp-dsp/CMakeFiles/__idf_espressif__esp-dsp.dir/modules/math/sub/float/dsps_sub_f32_ansi.c.obj
[1034/1891] Building ASM object esp-idf/espressif__esp-dsp/CMakeFiles/__idf_espressif__esp-dsp.dir/modules/math/mul/fixed/dsps_mul_s16_ae32.S.obj
[1035/1891] Building ASM object esp-idf/espressif__esp-dsp/CMakeFiles/__idf_espressif__esp-dsp.dir/modules/math/mul/fixed/dsps_mul_s16_aes3.S.obj
[1036/1891] Building C object esp-idf/espressif__esp-dsp/CMakeFiles/__idf_espressif__esp-dsp.dir/modules/math/sub/fixed/dsps_sub_s16_ansi.c.obj
[1037/1891] Building C object esp-idf/espressif__esp-dsp/CMakeFiles/__idf_espressif__esp-dsp.dir/modules/math/mul/float/dsps_mul_f32_ansi.c.obj
[1038/1891] Building C object esp-idf/espressif__esp-dsp/CMakeFiles/__idf_espressif__esp-dsp.dir/modules/math/sub/fixed/dsps_sub_s8_ansi.c.obj
[1039/1891] Building ASM object esp-idf/espressif__esp-dsp/CMakeFiles/__idf_espressif__esp-dsp.dir/modules/math/mulc/float/dsps_mulc_f32_ae32.S.obj
[1040/1891] Building ASM object esp-idf/espressif__esp-dsp/CMakeFiles/__idf_espressif__esp-dsp.dir/modules/math/mul/fixed/dsps_mul_s8_aes3.S.obj
[1041/1891] Building ASM object esp-idf/espressif__esp-dsp/CMakeFiles/__idf_espressif__esp-dsp.dir/modules/math/addc/float/dsps_addc_f32_ae32.S.obj
[1042/1891] Building C object esp-idf/espressif__esp-dsp/CMakeFiles/__idf_espressif__esp-dsp.dir/modules/math/mul/fixed/dsps_mul_s8_ansi.c.obj
[1043/1891] Building C object esp-idf/espressif__esp-dsp/CMakeFiles/__idf_espressif__esp-dsp.dir/modules/math/mul/fixed/dsps_mul_s16_ansi.c.obj
[1044/1891] Building ASM object esp-idf/espressif__esp-dsp/CMakeFiles/__idf_espressif__esp-dsp.dir/modules/math/add/float/dsps_add_f32_ae32.S.obj
[1045/1891] Building ASM object esp-idf/espressif__esp-dsp/CMakeFiles/__idf_espressif__esp-dsp.dir/modules/math/sub/float/dsps_sub_f32_ae32.S.obj
[1046/1891] Building ASM object esp-idf/espressif__esp-dsp/CMakeFiles/__idf_espressif__esp-dsp.dir/modules/math/mul/float/dsps_mul_f32_ae32.S.obj
[1047/1891] Building ASM object esp-idf/espressif__esp-dsp/CMakeFiles/__idf_espressif__esp-dsp.dir/modules/fft/float/dsps_fft2r_fc32_ae32_.S.obj
[1048/1891] Building ASM object esp-idf/espressif__esp-dsp/CMakeFiles/__idf_espressif__esp-dsp.dir/modules/fft/float/dsps_fft2r_fc32_aes3_.S.obj
[1049/1891] Building ASM object esp-idf/espressif__esp-dsp/CMakeFiles/__idf_espressif__esp-dsp.dir/modules/fft/float/dsps_fft2r_fc32_arp4.S.obj
[1050/1891] Building ASM object esp-idf/espressif__esp-dsp/CMakeFiles/__idf_espressif__esp-dsp.dir/modules/fft/float/dsps_bit_rev_lookup_fc32_aes3.S.obj
[1051/1891] Building C object esp-idf/espressif__esp-dsp/CMakeFiles/__idf_espressif__esp-dsp.dir/modules/math/sqrt/float/dsps_sqrt_f32_ansi.c.obj
[1052/1891] Building ASM object esp-idf/espressif__esp-dsp/CMakeFiles/__idf_espressif__esp-dsp.dir/modules/fft/float/dsps_fft4r_fc32_ae32_.S.obj
[1053/1891] Building ASM object esp-idf/espressif__esp-dsp/CMakeFiles/__idf_espressif__esp-dsp.dir/modules/fft/float/dsps_fft4r_fc32_arp4.S.obj
[1054/1891] Building ASM object esp-idf/espressif__esp-dsp/CMakeFiles/__idf_espressif__esp-dsp.dir/modules/fft/float/dsps_fft4r_fc32_aes3_.S.obj
[1055/1891] Building C object esp-idf/espressif__esp-dsp/CMakeFiles/__idf_espressif__esp-dsp.dir/modules/fft/float/dsps_fft2r_bitrev_tables_fc32.c.obj
[1056/1891] Building ASM object esp-idf/espressif__esp-dsp/CMakeFiles/__idf_espressif__esp-dsp.dir/modules/fft/fixed/dsps_fft2r_sc16_ae32.S.obj
[1057/1891] Building C object esp-idf/espressif__esp-dsp/CMakeFiles/__idf_espressif__esp-dsp.dir/modules/fft/float/dsps_fft4r_bitrev_tables_fc32.c.obj
[1058/1891] Building C object esp-idf/espressif__esp-dsp/CMakeFiles/__idf_espressif__esp-dsp.dir/modules/fft/float/dsps_fft4r_fc32_ae32.c.obj
[1059/1891] Building C object esp-idf/espressif__esp-dsp/CMakeFiles/__idf_espressif__esp-dsp.dir/modules/fft/float/dsps_fft2r_fc32_ae32.c.obj
[1060/1891] Building ASM object esp-idf/espressif__esp-dsp/CMakeFiles/__idf_espressif__esp-dsp.dir/modules/fft/fixed/dsps_fft2r_sc16_arp4.S.obj
[1061/1891] Building ASM object esp-idf/espressif__esp-dsp/CMakeFiles/__idf_espressif__esp-dsp.dir/modules/fft/fixed/dsps_fft2r_sc16_aes3.S.obj
[1062/1891] Building C object esp-idf/espressif__esp-dsp/CMakeFiles/__idf_espressif__esp-dsp.dir/modules/fft/float/dsps_fft2r_fc32_ansi.c.obj
[1063/1891] Building C object esp-idf/espressif__esp-dsp/CMakeFiles/__idf_espressif__esp-dsp.dir/modules/fft/float/dsps_fft4r_fc32_ansi.c.obj
[1064/1891] Building C object esp-idf/espressif__esp-dsp/CMakeFiles/__idf_espressif__esp-dsp.dir/modules/support/misc/dsps_d_gen.c.obj
[1065/1891] Building C object esp-idf/espressif__esp-dsp/CMakeFiles/__idf_espressif__esp-dsp.dir/modules/support/misc/dsps_h_gen.c.obj
[1066/1891] Building C object esp-idf/espressif__esp-dsp/CMakeFiles/__idf_espressif__esp-dsp.dir/modules/dct/float/dsps_dctiv_f32.c.obj
[1067/1891] Building C object esp-idf/espressif__esp-dsp/CMakeFiles/__idf_espressif__esp-dsp.dir/modules/dct/float/dsps_dct_f32.c.obj
[1068/1891] Building C object esp-idf/espressif__esp-dsp/CMakeFiles/__idf_espressif__esp-dsp.dir/modules/fft/fixed/dsps_fft2r_sc16_ansi.c.obj
[1069/1891] Building C object esp-idf/espressif__esp-dsp/CMakeFiles/__idf_espressif__esp-dsp.dir/modules/dct/float/dsps_dstiv_f32.c.obj
[1070/1891] Building ASM object esp-idf/espressif__esp-dsp/CMakeFiles/__idf_espressif__esp-dsp.dir/modules/support/cplx_gen/dsps_cplx_gen.S.obj
[1071/1891] Building C object esp-idf/espressif__esp-dsp/CMakeFiles/__idf_espressif__esp-dsp.dir/modules/support/cplx_gen/dsps_cplx_gen.c.obj
[1072/1891] Building C object esp-idf/espressif__esp-dsp/CMakeFiles/__idf_espressif__esp-dsp.dir/modules/support/misc/dsps_tone_gen.c.obj
[1073/1891] Building ASM object esp-idf/espressif__esp-dsp/CMakeFiles/__idf_espressif__esp-dsp.dir/modules/support/mem/esp32s3/dsps_memset_aes3.S.obj
[1074/1891] Building ASM object esp-idf/espressif__esp-dsp/CMakeFiles/__idf_espressif__esp-dsp.dir/modules/support/mem/esp32s3/dsps_memcpy_aes3.S.obj
[1075/1891] Building C object esp-idf/espressif__esp-dsp/CMakeFiles/__idf_espressif__esp-dsp.dir/modules/windows/hann/float/dsps_wind_hann_f32.c.obj
[1076/1891] Building C object esp-idf/espressif__esp-dsp/CMakeFiles/__idf_espressif__esp-dsp.dir/modules/support/cplx_gen/dsps_cplx_gen_init.c.obj
[1077/1891] Building C object esp-idf/espressif__esp-dsp/CMakeFiles/__idf_espressif__esp-dsp.dir/modules/windows/blackman_harris/float/dsps_wind_blackman_harris_f32.c.obj
[1078/1891] Building C object esp-idf/espressif__esp-dsp/CMakeFiles/__idf_espressif__esp-dsp.dir/modules/windows/blackman/float/dsps_wind_blackman_f32.c.obj
[1079/1891] Building C object esp-idf/espressif__esp-dsp/CMakeFiles/__idf_espressif__esp-dsp.dir/modules/windows/nuttall/float/dsps_wind_nuttall_f32.c.obj
[1080/1891] Building C object esp-idf/espressif__esp-dsp/CMakeFiles/__idf_espressif__esp-dsp.dir/modules/windows/blackman_nuttall/float/dsps_wind_blackman_nuttall_f32.c.obj
[1081/1891] Building C object esp-idf/espressif__esp-dsp/CMakeFiles/__idf_espressif__esp-dsp.dir/modules/windows/flat_top/float/dsps_wind_flat_top_f32.c.obj
[1082/1891] Building C object esp-idf/espressif__esp-dsp/CMakeFiles/__idf_espressif__esp-dsp.dir/modules/conv/float/dsps_conv_f32_ansi.c.obj
[1083/1891] Building ASM object esp-idf/espressif__esp-dsp/CMakeFiles/__idf_espressif__esp-dsp.dir/modules/conv/float/dsps_conv_f32_ae32.S.obj
[1084/1891] Building ASM object esp-idf/espressif__esp-dsp/CMakeFiles/__idf_espressif__esp-dsp.dir/modules/conv/float/dsps_corr_f32_ae32.S.obj
[1085/1891] Building ASM object esp-idf/espressif__esp-dsp/CMakeFiles/__idf_espressif__esp-dsp.dir/modules/conv/float/dsps_ccorr_f32_ae32.S.obj
[1086/1891] Building C object esp-idf/espressif__esp-dsp/CMakeFiles/__idf_espressif__esp-dsp.dir/modules/conv/float/dsps_corr_f32_ansi.c.obj
[1087/1891] Building ASM object esp-idf/espressif__esp-dsp/CMakeFiles/__idf_espressif__esp-dsp.dir/modules/iir/biquad/dsps_biquad_f32_ae32.S.obj
[1088/1891] Building ASM object esp-idf/espressif__esp-dsp/CMakeFiles/__idf_espressif__esp-dsp.dir/modules/iir/biquad/dsps_biquad_sf32_ae32.S.obj
[1089/1891] Building ASM object esp-idf/espressif__esp-dsp/CMakeFiles/__idf_espressif__esp-dsp.dir/modules/iir/biquad/dsps_biquad_f32_aes3.S.obj
[1090/1891] Building C object esp-idf/espressif__esp-dsp/CMakeFiles/__idf_espressif__esp-dsp.dir/modules/conv/float/dsps_ccorr_f32_ansi.c.obj
[1091/1891] Building C object esp-idf/espressif__esp-dsp/CMakeFiles/__idf_espressif__esp-dsp.dir/modules/conv/float/dspi_conv_f32_ansi.c.obj
[1092/1891] Building ASM object esp-idf/espressif__esp-dsp/CMakeFiles/__idf_espressif__esp-dsp.dir/modules/iir/biquad/dsps_biquad_f32_arp4.S.obj
[1093/1891] Building ASM object esp-idf/espressif__esp-dsp/CMakeFiles/__idf_espressif__esp-dsp.dir/modules/iir/biquad/dsps_biquad_sf32_arp4.S.obj
[1094/1891] Building CXX object esp-idf/espressif__esp-dsp/CMakeFiles/__idf_espressif__esp-dsp.dir/modules/support/sfdr/float/dsps_sfdr_f32.cpp.obj
[1095/1891] Building ASM object esp-idf/espressif__esp-dsp/CMakeFiles/__idf_espressif__esp-dsp.dir/modules/fir/float/dsps_fir_f32_ae32.S.obj
[1096/1891] Building ASM object esp-idf/espressif__esp-dsp/CMakeFiles/__idf_espressif__esp-dsp.dir/modules/fir/float/dsps_fir_f32_aes3.S.obj
[1097/1891] Building C object esp-idf/espressif__esp-dsp/CMakeFiles/__idf_espressif__esp-dsp.dir/modules/iir/biquad/dsps_biquad_f32_ansi.c.obj
[1098/1891] Building C object esp-idf/espressif__esp-dsp/CMakeFiles/__idf_espressif__esp-dsp.dir/modules/iir/biquad/dsps_biquad_sf32_ansi.c.obj
[1099/1891] Building ASM object esp-idf/espressif__esp-dsp/CMakeFiles/__idf_espressif__esp-dsp.dir/modules/fir/float/dsps_fird_f32_ae32.S.obj
[1100/1891] Building ASM object esp-idf/espressif__esp-dsp/CMakeFiles/__idf_espressif__esp-dsp.dir/modules/fir/float/dsps_fird_f32_arp4.S.obj
[1101/1891] Building ASM object esp-idf/espressif__esp-dsp/CMakeFiles/__idf_espressif__esp-dsp.dir/modules/fir/float/dsps_fird_f32_aes3.S.obj
[1102/1891] Building CXX object esp-idf/espressif__esp-dsp/CMakeFiles/__idf_espressif__esp-dsp.dir/modules/support/snr/float/dsps_snr_f32.cpp.obj
[1103/1891] Building C object esp-idf/espressif__esp-dsp/CMakeFiles/__idf_espressif__esp-dsp.dir/modules/iir/biquad/dsps_biquad_gen_f32.c.obj
[1104/1891] Building CXX object esp-idf/espressif__esp-dsp/CMakeFiles/__idf_espressif__esp-dsp.dir/modules/support/view/dsps_view.cpp.obj
[1105/1891] Building ASM object esp-idf/espressif__esp-dsp/CMakeFiles/__idf_espressif__esp-dsp.dir/modules/fir/fixed/dsps_fird_s16_ae32.S.obj
[1106/1891] Building C object esp-idf/espressif__esp-dsp/CMakeFiles/__idf_espressif__esp-dsp.dir/modules/fir/float/dsps_fir_init_f32.c.obj
[1107/1891] Building ASM object esp-idf/espressif__esp-dsp/CMakeFiles/__idf_espressif__esp-dsp.dir/modules/fir/fixed/dsps_fir_s16_m_ae32.S.obj
[1108/1891] Building C object esp-idf/espressif__esp-dsp/CMakeFiles/__idf_espressif__esp-dsp.dir/modules/fir/float/dsps_fir_f32_ansi.c.obj
[1109/1891] Building ASM object esp-idf/espressif__esp-dsp/CMakeFiles/__idf_espressif__esp-dsp.dir/modules/fir/fixed/dsps_fird_s16_aes3.S.obj
[1110/1891] Building C object esp-idf/espressif__esp-dsp/CMakeFiles/__idf_espressif__esp-dsp.dir/modules/fir/float/dsps_fird_init_f32.c.obj
[1111/1891] Building C object esp-idf/espressif__esp-dsp/CMakeFiles/__idf_espressif__esp-dsp.dir/modules/fir/float/dsps_fird_f32_ansi.c.obj
[1112/1891] Building ASM object esp-idf/espressif__esp-dsp/CMakeFiles/__idf_espressif__esp-dsp.dir/modules/fir/fixed/dsps_fird_s16_arp4.S.obj
[1113/1891] Building C object esp-idf/espressif__esp-dsp/CMakeFiles/__idf_espressif__esp-dsp.dir/modules/fir/fixed/dsps_fird_init_s16.c.obj
[1114/1891] Building C object esp-idf/espressif__esp-dsp/CMakeFiles/__idf_espressif__esp-dsp.dir/modules/fir/fixed/dsps_fird_s16_ansi.c.obj
[1115/1891] Building C object esp-idf/unity/CMakeFiles/__idf_unity.dir/unity_compat.c.obj
[1116/1891] Building C object esp-idf/espressif__esp_io_expander/CMakeFiles/__idf_espressif__esp_io_expander.dir/esp_io_expander_gpio_wrapper_weak.c.obj
[1117/1891] Building C object esp-idf/unity/CMakeFiles/__idf_unity.dir/unity_runner.c.obj
[1118/1891] Building C object esp-idf/unity/CMakeFiles/__idf_unity.dir/unity_utils_freertos.c.obj
[1119/1891] Building C object esp-idf/espressif__esp_jpeg/CMakeFiles/__idf_espressif__esp_jpeg.dir/jpeg_decoder.c.obj
[1120/1891] Building C object esp-idf/espressif__esp_io_expander/CMakeFiles/__idf_espressif__esp_io_expander.dir/esp_io_expander.c.obj
[1121/1891] Building C object esp-idf/espressif__esp_io_expander/CMakeFiles/__idf_espressif__esp_io_expander.dir/esp_io_expander_gpio_wrapper.c.obj
[1122/1891] Building C object esp-idf/unity/CMakeFiles/__idf_unity.dir/unity_utils_cache.c.obj
[1123/1891] Building C object esp-idf/unity/CMakeFiles/__idf_unity.dir/unity_utils_memory.c.obj
[1124/1891] Building C object esp-idf/unity/CMakeFiles/__idf_unity.dir/port/esp/unity_utils_memory_esp.c.obj
[1125/1891] Linking C static library esp-idf/esp_lcd/libesp_lcd.a
[1126/1891] Building C object esp-idf/unity/CMakeFiles/__idf_unity.dir/unity_port_esp32.c.obj
[1127/1891] Linking C static library esp-idf/console/libconsole.a
[1128/1891] Linking C static library esp-idf/protobuf-c/libprotobuf-c.a
[1129/1891] Building C object esp-idf/unity/CMakeFiles/__idf_unity.dir/unity/src/unity.c.obj
[1130/1891] Building C object esp-idf/protocomm/CMakeFiles/__idf_protocomm.dir/proto-c/constants.pb-c.c.obj
[1131/1891] Building C object esp-idf/protocomm/CMakeFiles/__idf_protocomm.dir/proto-c/session.pb-c.c.obj
[1132/1891] Building C object esp-idf/protocomm/CMakeFiles/__idf_protocomm.dir/proto-c/sec0.pb-c.c.obj
[1133/1891] Building C object esp-idf/protocomm/CMakeFiles/__idf_protocomm.dir/proto-c/sec1.pb-c.c.obj
[1134/1891] Building C object esp-idf/protocomm/CMakeFiles/__idf_protocomm.dir/proto-c/sec2.pb-c.c.obj
[1135/1891] Building C object esp-idf/esp_https_server/CMakeFiles/__idf_esp_https_server.dir/src/https_server.c.obj
[1136/1891] Building C object esp-idf/protocomm/CMakeFiles/__idf_protocomm.dir/src/common/protocomm.c.obj
[1137/1891] Building C object esp-idf/protocomm/CMakeFiles/__idf_protocomm.dir/src/transports/protocomm_console.c.obj
[1138/1891] Building C object esp-idf/protocomm/CMakeFiles/__idf_protocomm.dir/src/transports/protocomm_httpd.c.obj
[1139/1891] Building C object esp-idf/protocomm/CMakeFiles/__idf_protocomm.dir/src/security/security0.c.obj
[1140/1891] Building C object esp-idf/protocomm/CMakeFiles/__idf_protocomm.dir/src/crypto/srp6a/esp_srp_mpi.c.obj
[1141/1891] Building CXX object esp-idf/wear_levelling/CMakeFiles/__idf_wear_levelling.dir/SPI_Flash.cpp.obj
[1142/1891] Building CXX object esp-idf/wear_levelling/CMakeFiles/__idf_wear_levelling.dir/Partition.cpp.obj
[1143/1891] Building C object esp-idf/protocomm/CMakeFiles/__idf_protocomm.dir/src/crypto/srp6a/esp_srp.c.obj
[1144/1891] Building C object esp-idf/protocomm/CMakeFiles/__idf_protocomm.dir/src/security/security1.c.obj
[1145/1891] Building CXX object esp-idf/wear_levelling/CMakeFiles/__idf_wear_levelling.dir/WL_Ext_Perf.cpp.obj
[1146/1891] Building CXX object esp-idf/wear_levelling/CMakeFiles/__idf_wear_levelling.dir/crc32.cpp.obj
[1147/1891] Building C object esp-idf/protocomm/CMakeFiles/__idf_protocomm.dir/src/security/security2.c.obj
[1148/1891] Linking C static library esp-idf/json/libjson.a
[1149/1891] Building CXX object esp-idf/wear_levelling/CMakeFiles/__idf_wear_levelling.dir/WL_Ext_Safe.cpp.obj
[1150/1891] Building C object esp-idf/espressif__esp-sr/CMakeFiles/__idf_espressif__esp-sr.dir/src/esp_sr_debug.c.obj
[1151/1891] Building CXX object esp-idf/wear_levelling/CMakeFiles/__idf_wear_levelling.dir/wear_levelling.cpp.obj
[1152/1891] Linking C static library esp-idf/spiffs/libspiffs.a
[1153/1891] Linking C static library esp-idf/espressif__dl_fft/libespressif__dl_fft.a
[1154/1891] Linking C static library esp-idf/espressif__esp_jpeg/libespressif__esp_jpeg.a
[1155/1891] Building C object esp-idf/espressif__esp32-camera/CMakeFiles/__idf_espressif__esp32-camera.dir/conversions/yuv.c.obj
[1156/1891] Building C object esp-idf/espressif__esp-sr/CMakeFiles/__idf_espressif__esp-sr.dir/src/esp_process_sdkconfig.c.obj
[1157/1891] Building CXX object esp-idf/wear_levelling/CMakeFiles/__idf_wear_levelling.dir/WL_Flash.cpp.obj
[1158/1891] Building C object esp-idf/espressif__esp-sr/CMakeFiles/__idf_espressif__esp-sr.dir/src/model_path.c.obj
[1159/1891] Building C object esp-idf/espressif__esp-sr/CMakeFiles/__idf_espressif__esp-sr.dir/src/esp_mn_speech_commands.c.obj
[1160/1891] Building C object esp-idf/espressif__esp32-camera/CMakeFiles/__idf_espressif__esp32-camera.dir/conversions/to_bmp.c.obj
[1161/1891] Building CXX object esp-idf/espressif__esp32-camera/CMakeFiles/__idf_espressif__esp32-camera.dir/conversions/to_jpg.cpp.obj
[1162/1891] Building C object esp-idf/espressif__esp32-camera/CMakeFiles/__idf_espressif__esp32-camera.dir/driver/sensor.c.obj
[1163/1891] Building C object esp-idf/espressif__esp32-camera/CMakeFiles/__idf_espressif__esp32-camera.dir/driver/esp_camera.c.obj
[1164/1891] Building CXX object esp-idf/espressif__esp32-camera/CMakeFiles/__idf_espressif__esp32-camera.dir/conversions/jpge.cpp.obj
[1165/1891] Building C object esp-idf/espressif__esp32-camera/CMakeFiles/__idf_espressif__esp32-camera.dir/sensors/ov7670.c.obj
[1166/1891] Building C object esp-idf/espressif__esp32-camera/CMakeFiles/__idf_espressif__esp32-camera.dir/sensors/ov2640.c.obj
[1167/1891] Building C object esp-idf/espressif__esp32-camera/CMakeFiles/__idf_espressif__esp32-camera.dir/driver/cam_hal.c.obj
[1168/1891] Building C object esp-idf/espressif__esp32-camera/CMakeFiles/__idf_espressif__esp32-camera.dir/sensors/ov7725.c.obj
[1169/1891] Building C object esp-idf/espressif__esp32-camera/CMakeFiles/__idf_espressif__esp32-camera.dir/sensors/gc0308.c.obj
[1170/1891] Building C object esp-idf/espressif__esp32-camera/CMakeFiles/__idf_espressif__esp32-camera.dir/sensors/ov3660.c.obj
[1171/1891] Building C object esp-idf/espressif__esp32-camera/CMakeFiles/__idf_espressif__esp32-camera.dir/sensors/ov5640.c.obj
[1172/1891] Building C object esp-idf/espressif__esp32-camera/CMakeFiles/__idf_espressif__esp32-camera.dir/sensors/nt99141.c.obj
[1173/1891] Building C object esp-idf/espressif__esp32-camera/CMakeFiles/__idf_espressif__esp32-camera.dir/sensors/gc2145.c.obj
[1174/1891] Building C object esp-idf/espressif__esp32-camera/CMakeFiles/__idf_espressif__esp32-camera.dir/sensors/gc032a.c.obj
[1175/1891] Building C object esp-idf/espressif__esp32-camera/CMakeFiles/__idf_espressif__esp32-camera.dir/sensors/bf20a6.c.obj
[1176/1891] Building C object esp-idf/espressif__esp32-camera/CMakeFiles/__idf_espressif__esp32-camera.dir/sensors/bf3005.c.obj
[1177/1891] Building C object esp-idf/espressif__esp32-camera/CMakeFiles/__idf_espressif__esp32-camera.dir/sensors/sc101iot.c.obj
[1178/1891] Building C object esp-idf/espressif__esp32-camera/CMakeFiles/__idf_espressif__esp32-camera.dir/sensors/mega_ccm.c.obj
[1179/1891] Building C object esp-idf/espressif__esp32-camera/CMakeFiles/__idf_espressif__esp32-camera.dir/sensors/sc030iot.c.obj
[1180/1891] Building C object esp-idf/espressif__esp32-camera/CMakeFiles/__idf_espressif__esp32-camera.dir/sensors/sc031gs.c.obj
[1181/1891] Building C object esp-idf/espressif__esp32-camera/CMakeFiles/__idf_espressif__esp32-camera.dir/sensors/hm0360.c.obj
[1182/1891] Building C object esp-idf/espressif__esp32-camera/CMakeFiles/__idf_espressif__esp32-camera.dir/sensors/hm1055.c.obj
[1183/1891] Building C object esp-idf/espressif__esp_codec_dev/CMakeFiles/__idf_espressif__esp_codec_dev.dir/esp_codec_dev_if.c.obj
[1184/1891] Building C object esp-idf/espressif__esp_codec_dev/CMakeFiles/__idf_espressif__esp_codec_dev.dir/esp_codec_dev_vol.c.obj
[1185/1891] Building C object esp-idf/espressif__esp_codec_dev/CMakeFiles/__idf_espressif__esp_codec_dev.dir/audio_codec_sw_vol.c.obj
[1186/1891] Building C object esp-idf/espressif__esp32-camera/CMakeFiles/__idf_espressif__esp32-camera.dir/driver/sccb-ng.c.obj
[1187/1891] Building C object esp-idf/espressif__esp_codec_dev/CMakeFiles/__idf_espressif__esp_codec_dev.dir/esp_codec_dev.c.obj
[1188/1891] Building C object esp-idf/espressif__esp_codec_dev/CMakeFiles/__idf_espressif__esp_codec_dev.dir/platform/audio_codec_gpio.c.obj
[1189/1891] Building C object esp-idf/espressif__esp_codec_dev/CMakeFiles/__idf_espressif__esp_codec_dev.dir/platform/audio_codec_ctrl_i2c.c.obj
[1190/1891] Building C object esp-idf/espressif__esp32-camera/CMakeFiles/__idf_espressif__esp32-camera.dir/target/esp32s3/ll_cam.c.obj
[1191/1891] Building C object esp-idf/espressif__esp_codec_dev/CMakeFiles/__idf_espressif__esp_codec_dev.dir/platform/esp_codec_dev_os.c.obj
[1192/1891] Building C object esp-idf/espressif__esp_codec_dev/CMakeFiles/__idf_espressif__esp_codec_dev.dir/platform/audio_codec_ctrl_spi.c.obj
[1193/1891] Building C object esp-idf/espressif__esp_codec_dev/CMakeFiles/__idf_espressif__esp_codec_dev.dir/device/es7243e/es7243e.c.obj
[1194/1891] Building C object esp-idf/espressif__esp_codec_dev/CMakeFiles/__idf_espressif__esp_codec_dev.dir/device/es8156/es8156.c.obj
[1195/1891] Building C object esp-idf/espressif__esp_codec_dev/CMakeFiles/__idf_espressif__esp_codec_dev.dir/device/es7243/es7243.c.obj
[1196/1891] Building C object esp-idf/espressif__esp_codec_dev/CMakeFiles/__idf_espressif__esp_codec_dev.dir/device/es8311/es8311.c.obj
[1197/1891] Building C object esp-idf/espressif__esp_codec_dev/CMakeFiles/__idf_espressif__esp_codec_dev.dir/platform/audio_codec_data_i2s.c.obj
[1198/1891] Building C object esp-idf/espressif__esp_codec_dev/CMakeFiles/__idf_espressif__esp_codec_dev.dir/device/es7210/es7210.c.obj
[1199/1891] Building C object esp-idf/espressif__esp_codec_dev/CMakeFiles/__idf_espressif__esp_codec_dev.dir/device/tas5805m/tas5805m.c.obj
[1200/1891] Building C object esp-idf/espressif__esp_codec_dev/CMakeFiles/__idf_espressif__esp_codec_dev.dir/device/es8388/es8388.c.obj
[1201/1891] Building C object esp-idf/espressif__esp_codec_dev/CMakeFiles/__idf_espressif__esp_codec_dev.dir/device/aw88298/aw88298.c.obj
[1202/1891] Building CXX object esp-idf/espressif__esp-dsp/CMakeFiles/__idf_espressif__esp-dsp.dir/modules/matrix/mat/mat.cpp.obj
[1203/1891] Building C object esp-idf/lvgl__lvgl/CMakeFiles/__idf_lvgl__lvgl.dir/src/core/lv_obj_class.c.obj
[1204/1891] Building C object esp-idf/espressif__esp_lcd_st77916/CMakeFiles/__idf_espressif__esp_lcd_st77916.dir/esp_lcd_st77916.c.obj
[1205/1891] Building C object esp-idf/espressif__esp_codec_dev/CMakeFiles/__idf_espressif__esp_codec_dev.dir/device/es8374/es8374.c.obj
[1206/1891] Building C object esp-idf/espressif__esp_codec_dev/CMakeFiles/__idf_espressif__esp_codec_dev.dir/device/es8389/es8389.c.obj
[1207/1891] Building C object esp-idf/lvgl__lvgl/CMakeFiles/__idf_lvgl__lvgl.dir/src/core/lv_group.c.obj
[1208/1891] Building C object esp-idf/lvgl__lvgl/CMakeFiles/__idf_lvgl__lvgl.dir/src/core/lv_obj_draw.c.obj
[1209/1891] Building C object esp-idf/lvgl__lvgl/CMakeFiles/__idf_lvgl__lvgl.dir/src/core/lv_obj_event.c.obj
[1210/1891] Building C object esp-idf/lvgl__lvgl/CMakeFiles/__idf_lvgl__lvgl.dir/src/core/lv_obj.c.obj
[1211/1891] Building C object esp-idf/lvgl__lvgl/CMakeFiles/__idf_lvgl__lvgl.dir/src/core/lv_obj_id_builtin.c.obj
[1212/1891] Building C object esp-idf/lvgl__lvgl/CMakeFiles/__idf_lvgl__lvgl.dir/src/core/lv_obj_property.c.obj
[1213/1891] Building C object esp-idf/lvgl__lvgl/CMakeFiles/__idf_lvgl__lvgl.dir/src/core/lv_obj_style_gen.c.obj
[1214/1891] Building C object esp-idf/lvgl__lvgl/CMakeFiles/__idf_lvgl__lvgl.dir/src/core/lv_obj_tree.c.obj
[1215/1891] Building C object esp-idf/lvgl__lvgl/CMakeFiles/__idf_lvgl__lvgl.dir/src/draw/lv_draw.c.obj
[1216/1891] Building C object esp-idf/lvgl__lvgl/CMakeFiles/__idf_lvgl__lvgl.dir/src/core/lv_obj_scroll.c.obj
[1217/1891] Building C object esp-idf/lvgl__lvgl/CMakeFiles/__idf_lvgl__lvgl.dir/src/draw/lv_draw_arc.c.obj
[1218/1891] Building C object esp-idf/lvgl__lvgl/CMakeFiles/__idf_lvgl__lvgl.dir/src/core/lv_refr.c.obj
[1219/1891] Building C object esp-idf/lvgl__lvgl/CMakeFiles/__idf_lvgl__lvgl.dir/src/core/lv_obj_style.c.obj
[1220/1891] Building C object esp-idf/lvgl__lvgl/CMakeFiles/__idf_lvgl__lvgl.dir/src/core/lv_obj_pos.c.obj
[1221/1891] Building C object esp-idf/lvgl__lvgl/CMakeFiles/__idf_lvgl__lvgl.dir/src/draw/lv_draw_line.c.obj
[1222/1891] Building C object esp-idf/lvgl__lvgl/CMakeFiles/__idf_lvgl__lvgl.dir/src/draw/lv_draw_mask.c.obj
[1223/1891] Building C object esp-idf/lvgl__lvgl/CMakeFiles/__idf_lvgl__lvgl.dir/src/display/lv_display.c.obj
[1224/1891] Building C object esp-idf/lvgl__lvgl/CMakeFiles/__idf_lvgl__lvgl.dir/src/draw/lv_draw_image.c.obj
[1225/1891] Building C object esp-idf/lvgl__lvgl/CMakeFiles/__idf_lvgl__lvgl.dir/src/draw/lv_draw_triangle.c.obj
[1226/1891] Building C object esp-idf/lvgl__lvgl/CMakeFiles/__idf_lvgl__lvgl.dir/src/draw/lv_draw_label.c.obj
[1227/1891] Building C object esp-idf/lvgl__lvgl/CMakeFiles/__idf_lvgl__lvgl.dir/src/draw/lv_draw_rect.c.obj
[1228/1891] Building C object esp-idf/lvgl__lvgl/CMakeFiles/__idf_lvgl__lvgl.dir/src/draw/nxp/pxp/lv_draw_buf_pxp.c.obj
[1229/1891] Building C object esp-idf/lvgl__lvgl/CMakeFiles/__idf_lvgl__lvgl.dir/src/draw/nxp/pxp/lv_draw_pxp.c.obj
[1230/1891] Building C object esp-idf/lvgl__lvgl/CMakeFiles/__idf_lvgl__lvgl.dir/src/draw/nxp/pxp/lv_draw_pxp_fill.c.obj
[1231/1891] Building C object esp-idf/lvgl__lvgl/CMakeFiles/__idf_lvgl__lvgl.dir/src/draw/lv_draw_buf.c.obj
[1232/1891] Building C object esp-idf/lvgl__lvgl/CMakeFiles/__idf_lvgl__lvgl.dir/src/draw/lv_draw_vector.c.obj
[1233/1891] Building C object esp-idf/lvgl__lvgl/CMakeFiles/__idf_lvgl__lvgl.dir/src/draw/nxp/pxp/lv_draw_pxp_layer.c.obj
[1234/1891] Building C object esp-idf/lvgl__lvgl/CMakeFiles/__idf_lvgl__lvgl.dir/src/draw/nxp/pxp/lv_draw_pxp_img.c.obj
[1235/1891] Building C object esp-idf/lvgl__lvgl/CMakeFiles/__idf_lvgl__lvgl.dir/src/draw/nxp/pxp/lv_pxp_cfg.c.obj
[1236/1891] Building C object esp-idf/lvgl__lvgl/CMakeFiles/__idf_lvgl__lvgl.dir/src/draw/nxp/pxp/lv_pxp_utils.c.obj
[1237/1891] Building C object esp-idf/lvgl__lvgl/CMakeFiles/__idf_lvgl__lvgl.dir/src/draw/nxp/pxp/lv_pxp_osa.c.obj
[1238/1891] Building C object esp-idf/lvgl__lvgl/CMakeFiles/__idf_lvgl__lvgl.dir/src/draw/nxp/vglite/lv_draw_buf_vglite.c.obj
[1239/1891] Building C object esp-idf/lvgl__lvgl/CMakeFiles/__idf_lvgl__lvgl.dir/src/draw/nxp/vglite/lv_draw_vglite.c.obj
[1240/1891] Building C object esp-idf/lvgl__lvgl/CMakeFiles/__idf_lvgl__lvgl.dir/src/draw/nxp/vglite/lv_draw_vglite_arc.c.obj
[1241/1891] Building C object esp-idf/lvgl__lvgl/CMakeFiles/__idf_lvgl__lvgl.dir/src/draw/nxp/vglite/lv_draw_vglite_fill.c.obj
[1242/1891] Building C object esp-idf/lvgl__lvgl/CMakeFiles/__idf_lvgl__lvgl.dir/src/draw/nxp/vglite/lv_draw_vglite_border.c.obj
[1243/1891] Building C object esp-idf/lvgl__lvgl/CMakeFiles/__idf_lvgl__lvgl.dir/src/draw/nxp/vglite/lv_draw_vglite_img.c.obj
[1244/1891] Building C object esp-idf/lvgl__lvgl/CMakeFiles/__idf_lvgl__lvgl.dir/src/draw/nxp/vglite/lv_draw_vglite_label.c.obj
[1245/1891] Building C object esp-idf/lvgl__lvgl/CMakeFiles/__idf_lvgl__lvgl.dir/src/draw/nxp/vglite/lv_draw_vglite_layer.c.obj
[1246/1891] Building C object esp-idf/lvgl__lvgl/CMakeFiles/__idf_lvgl__lvgl.dir/src/draw/lv_image_decoder.c.obj
[1247/1891] Building C object esp-idf/lvgl__lvgl/CMakeFiles/__idf_lvgl__lvgl.dir/src/draw/nxp/vglite/lv_draw_vglite_triangle.c.obj
[1248/1891] Building C object esp-idf/lvgl__lvgl/CMakeFiles/__idf_lvgl__lvgl.dir/src/draw/nxp/vglite/lv_draw_vglite_line.c.obj
[1249/1891] Building C object esp-idf/lvgl__lvgl/CMakeFiles/__idf_lvgl__lvgl.dir/src/draw/nxp/vglite/lv_vglite_buf.c.obj
[1250/1891] Building C object esp-idf/lvgl__lvgl/CMakeFiles/__idf_lvgl__lvgl.dir/src/draw/nxp/vglite/lv_vglite_matrix.c.obj
[1251/1891] Building C object esp-idf/lvgl__lvgl/CMakeFiles/__idf_lvgl__lvgl.dir/src/draw/nxp/vglite/lv_vglite_path.c.obj
[1252/1891] Building C object esp-idf/lvgl__lvgl/CMakeFiles/__idf_lvgl__lvgl.dir/src/draw/nxp/vglite/lv_vglite_utils.c.obj
[1253/1891] Building C object esp-idf/lvgl__lvgl/CMakeFiles/__idf_lvgl__lvgl.dir/src/draw/renesas/dave2d/lv_draw_dave2d.c.obj
[1254/1891] Building C object esp-idf/lvgl__lvgl/CMakeFiles/__idf_lvgl__lvgl.dir/src/draw/renesas/dave2d/lv_draw_dave2d_arc.c.obj
[1255/1891] Building C object esp-idf/lvgl__lvgl/CMakeFiles/__idf_lvgl__lvgl.dir/src/draw/renesas/dave2d/lv_draw_dave2d_border.c.obj
[1256/1891] Building C object esp-idf/lvgl__lvgl/CMakeFiles/__idf_lvgl__lvgl.dir/src/draw/renesas/dave2d/lv_draw_dave2d_image.c.obj
[1257/1891] Building C object esp-idf/lvgl__lvgl/CMakeFiles/__idf_lvgl__lvgl.dir/src/draw/renesas/dave2d/lv_draw_dave2d_fill.c.obj
[1258/1891] Building C object esp-idf/lvgl__lvgl/CMakeFiles/__idf_lvgl__lvgl.dir/src/draw/renesas/dave2d/lv_draw_dave2d_label.c.obj
[1259/1891] Building C object esp-idf/lvgl__lvgl/CMakeFiles/__idf_lvgl__lvgl.dir/src/draw/renesas/dave2d/lv_draw_dave2d_line.c.obj
[1260/1891] Building C object esp-idf/lvgl__lvgl/CMakeFiles/__idf_lvgl__lvgl.dir/src/draw/renesas/dave2d/lv_draw_dave2d_mask_rectangle.c.obj
[1261/1891] Building C object esp-idf/lvgl__lvgl/CMakeFiles/__idf_lvgl__lvgl.dir/src/draw/renesas/dave2d/lv_draw_dave2d_triangle.c.obj
[1262/1891] Building C object esp-idf/lvgl__lvgl/CMakeFiles/__idf_lvgl__lvgl.dir/src/draw/renesas/dave2d/lv_draw_dave2d_utils.c.obj
[1263/1891] Building C object esp-idf/lvgl__lvgl/CMakeFiles/__idf_lvgl__lvgl.dir/src/draw/sdl/lv_draw_sdl.c.obj
[1264/1891] Building C object esp-idf/lvgl__lvgl/CMakeFiles/__idf_lvgl__lvgl.dir/src/draw/sw/blend/lv_draw_sw_blend.c.obj
[1265/1891] Building CXX object esp-idf/espressif__esp-dsp/CMakeFiles/__idf_espressif__esp-dsp.dir/modules/kalman/ekf_imu13states/ekf_imu13states.cpp.obj
[1266/1891] Building C object esp-idf/lvgl__lvgl/CMakeFiles/__idf_lvgl__lvgl.dir/src/draw/sw/lv_draw_sw_arc.c.obj
[1267/1891] Building C object esp-idf/lvgl__lvgl/CMakeFiles/__idf_lvgl__lvgl.dir/src/draw/sw/lv_draw_sw.c.obj
[1268/1891] Building C object esp-idf/lvgl__lvgl/CMakeFiles/__idf_lvgl__lvgl.dir/src/draw/sw/lv_draw_sw_border.c.obj
[1269/1891] Performing configure step for 'bootloader'
-- Found Git: /usr/bin/git (found version "2.54.0 (Apple Git-157)")
-- Minimal build - OFF
-- The C compiler identification is GNU 14.2.0
-- The CXX compiler identification is GNU 14.2.0
-- The ASM compiler identification is GNU
-- Found assembler: /Users/dean/.espressif/tools/xtensa-esp-elf/esp-14.2.0_20251107/xtensa-esp-elf/bin/xtensa-esp32s3-elf-gcc
-- Detecting C compiler ABI info
-- Detecting C compiler ABI info - done
-- Check for working C compiler: /Users/dean/.espressif/tools/xtensa-esp-elf/esp-14.2.0_20251107/xtensa-esp-elf/bin/xtensa-esp32s3-elf-gcc - skipped
-- Detecting C compile features
-- Detecting C compile features - done
-- Detecting CXX compiler ABI info
-- Detecting CXX compiler ABI info - done
-- Check for working CXX compiler: /Users/dean/.espressif/tools/xtensa-esp-elf/esp-14.2.0_20251107/xtensa-esp-elf/bin/xtensa-esp32s3-elf-g++ - skipped
-- Detecting CXX compile features
-- Detecting CXX compile features - done
-- Building ESP-IDF components for target esp32s3
-- ESP-TEE is currently supported only on the esp32c6;esp32h2;esp32c5 SoCs
-- Project sdkconfig file /Users/dean/Documents/MORI/firmware/interaction/sdkconfig.v1_2
-- Compiler supported targets: xtensa-esp-elf
-- Adding linker script /Users/dean/esp/esp-idf/components/soc/esp32s3/ld/esp32s3.peripherals.ld
-- Bootloader project name: "bootloader" version: 1
-- Adding linker script /Users/dean/esp/esp-idf/components/esp_rom/esp32s3/ld/esp32s3.rom.ld
-- Adding linker script /Users/dean/esp/esp-idf/components/esp_rom/esp32s3/ld/esp32s3.rom.api.ld
-- Adding linker script /Users/dean/esp/esp-idf/components/esp_rom/esp32s3/ld/esp32s3.rom.bt_funcs.ld
-- Adding linker script /Users/dean/esp/esp-idf/components/esp_rom/esp32s3/ld/esp32s3.rom.libgcc.ld
-- Adding linker script /Users/dean/esp/esp-idf/components/esp_rom/esp32s3/ld/esp32s3.rom.wdt.ld
-- Adding linker script /Users/dean/esp/esp-idf/components/esp_rom/esp32s3/ld/esp32s3.rom.version.ld
-- Adding linker script /Users/dean/esp/esp-idf/components/esp_rom/esp32s3/ld/esp32s3.rom.libc.ld
-- Adding linker script /Users/dean/esp/esp-idf/components/esp_rom/esp32s3/ld/esp32s3.rom.newlib.ld
-- Adding linker script /Users/dean/esp/esp-idf/components/bootloader/subproject/main/ld/esp32s3/bootloader.rom.ld
-- Components: bootloader bootloader_support efuse esp_app_format esp_bootloader_format esp_common esp_hw_support esp_rom esp_security esp_system esptool_py freertos hal log main micro-ecc newlib partition_table soc spi_flash xtensa
-- Component paths: /Users/dean/esp/esp-idf/components/bootloader /Users/dean/esp/esp-idf/components/bootloader_support /Users/dean/esp/esp-idf/components/efuse /Users/dean/esp/esp-idf/components/esp_app_format /Users/dean/esp/esp-idf/components/esp_bootloader_format /Users/dean/esp/esp-idf/components/esp_common /Users/dean/esp/esp-idf/components/esp_hw_support /Users/dean/esp/esp-idf/components/esp_rom /Users/dean/esp/esp-idf/components/esp_security /Users/dean/esp/esp-idf/components/esp_system /Users/dean/esp/esp-idf/components/esptool_py /Users/dean/esp/esp-idf/components/freertos /Users/dean/esp/esp-idf/components/hal /Users/dean/esp/esp-idf/components/log /Users/dean/esp/esp-idf/components/bootloader/subproject/main /Users/dean/esp/esp-idf/components/bootloader/subproject/components/micro-ecc /Users/dean/esp/esp-idf/components/newlib /Users/dean/esp/esp-idf/components/partition_table /Users/dean/esp/esp-idf/components/soc /Users/dean/esp/esp-idf/components/spi_flash /Users/dean/esp/esp-idf/components/xtensa
-- Adding linker script /Users/dean/esp/esp-idf/components/bootloader/subproject/main/ld/esp32s3/bootloader.ld
-- Configuring done (3.7s)
-- Generating done (0.1s)
-- Build files have been written to: /Users/dean/Documents/MORI/firmware/interaction/build_v1_2/bootloader
[1270/1891] Building C object esp-idf/lvgl__lvgl/CMakeFiles/__idf_lvgl__lvgl.dir/src/draw/sw/blend/lv_draw_sw_blend_to_l8.c.obj
[1271/1891] Building C object esp-idf/lvgl__lvgl/CMakeFiles/__idf_lvgl__lvgl.dir/src/draw/sw/blend/lv_draw_sw_blend_to_al88.c.obj
[1272/1891] Building C object esp-idf/lvgl__lvgl/CMakeFiles/__idf_lvgl__lvgl.dir/src/draw/sw/blend/lv_draw_sw_blend_to_rgb888.c.obj
[1273/1891] Building C object esp-idf/lvgl__lvgl/CMakeFiles/__idf_lvgl__lvgl.dir/src/draw/sw/blend/lv_draw_sw_blend_to_argb8888.c.obj
[1274/1891] Building C object esp-idf/lvgl__lvgl/CMakeFiles/__idf_lvgl__lvgl.dir/src/draw/sw/lv_draw_sw_box_shadow.c.obj
[1275/1891] Building C object esp-idf/lvgl__lvgl/CMakeFiles/__idf_lvgl__lvgl.dir/src/draw/sw/lv_draw_sw_fill.c.obj
[1276/1891] Building C object esp-idf/lvgl__lvgl/CMakeFiles/__idf_lvgl__lvgl.dir/src/draw/sw/blend/lv_draw_sw_blend_to_rgb565.c.obj
[1277/1891] Building C object esp-idf/lvgl__lvgl/CMakeFiles/__idf_lvgl__lvgl.dir/src/draw/sw/lv_draw_sw_gradient.c.obj
[1278/1891] Building CXX object esp-idf/espressif__esp-dsp/CMakeFiles/__idf_espressif__esp-dsp.dir/modules/kalman/ekf/common/ekf.cpp.obj
[1279/1891] Building C object esp-idf/lvgl__lvgl/CMakeFiles/__idf_lvgl__lvgl.dir/src/draw/sw/lv_draw_sw_letter.c.obj
[1280/1891] Building C object esp-idf/lvgl__lvgl/CMakeFiles/__idf_lvgl__lvgl.dir/src/draw/vg_lite/lv_draw_buf_vg_lite.c.obj
[1281/1891] Building C object esp-idf/lvgl__lvgl/CMakeFiles/__idf_lvgl__lvgl.dir/src/draw/vg_lite/lv_draw_vg_lite.c.obj
[1282/1891] Building C object esp-idf/lvgl__lvgl/CMakeFiles/__idf_lvgl__lvgl.dir/src/draw/sw/lv_draw_sw_mask_rect.c.obj
[1283/1891] Building C object esp-idf/lvgl__lvgl/CMakeFiles/__idf_lvgl__lvgl.dir/src/draw/sw/lv_draw_sw_vector.c.obj
[1284/1891] Building C object esp-idf/lvgl__lvgl/CMakeFiles/__idf_lvgl__lvgl.dir/src/draw/sw/lv_draw_sw_line.c.obj
[1285/1891] Building C object esp-idf/lvgl__lvgl/CMakeFiles/__idf_lvgl__lvgl.dir/src/draw/sw/lv_draw_sw_img.c.obj
[1286/1891] Building C object esp-idf/lvgl__lvgl/CMakeFiles/__idf_lvgl__lvgl.dir/src/draw/vg_lite/lv_draw_vg_lite_box_shadow.c.obj
[1287/1891] Building C object esp-idf/lvgl__lvgl/CMakeFiles/__idf_lvgl__lvgl.dir/src/draw/sw/lv_draw_sw_triangle.c.obj
[1288/1891] Building C object esp-idf/lvgl__lvgl/CMakeFiles/__idf_lvgl__lvgl.dir/src/draw/vg_lite/lv_draw_vg_lite_fill.c.obj
[1289/1891] Building C object esp-idf/lvgl__lvgl/CMakeFiles/__idf_lvgl__lvgl.dir/src/draw/vg_lite/lv_draw_vg_lite_arc.c.obj
[1290/1891] Building C object esp-idf/lvgl__lvgl/CMakeFiles/__idf_lvgl__lvgl.dir/src/draw/vg_lite/lv_draw_vg_lite_layer.c.obj
[1291/1891] Building C object esp-idf/lvgl__lvgl/CMakeFiles/__idf_lvgl__lvgl.dir/src/draw/vg_lite/lv_draw_vg_lite_border.c.obj
[1292/1891] Building C object esp-idf/lvgl__lvgl/CMakeFiles/__idf_lvgl__lvgl.dir/src/draw/vg_lite/lv_draw_vg_lite_img.c.obj
[1293/1891] Building C object esp-idf/lvgl__lvgl/CMakeFiles/__idf_lvgl__lvgl.dir/src/draw/vg_lite/lv_draw_vg_lite_line.c.obj
[1294/1891] Building C object esp-idf/lvgl__lvgl/CMakeFiles/__idf_lvgl__lvgl.dir/src/draw/sw/blend/lv_draw_sw_blend_to_i1.c.obj
[1295/1891] Building C object esp-idf/lvgl__lvgl/CMakeFiles/__idf_lvgl__lvgl.dir/src/draw/vg_lite/lv_draw_vg_lite_triangle.c.obj
[1296/1891] Building C object esp-idf/lvgl__lvgl/CMakeFiles/__idf_lvgl__lvgl.dir/src/draw/vg_lite/lv_draw_vg_lite_mask_rect.c.obj
[1297/1891] Building C object esp-idf/lvgl__lvgl/CMakeFiles/__idf_lvgl__lvgl.dir/src/draw/vg_lite/lv_draw_vg_lite_vector.c.obj
[1298/1891] Building C object esp-idf/lvgl__lvgl/CMakeFiles/__idf_lvgl__lvgl.dir/src/draw/vg_lite/lv_vg_lite_decoder.c.obj
[1299/1891] Building C object esp-idf/lvgl__lvgl/CMakeFiles/__idf_lvgl__lvgl.dir/src/draw/vg_lite/lv_vg_lite_math.c.obj
[1300/1891] Building C object esp-idf/lvgl__lvgl/CMakeFiles/__idf_lvgl__lvgl.dir/src/draw/vg_lite/lv_draw_vg_lite_label.c.obj
[1301/1891] Building C object esp-idf/lvgl__lvgl/CMakeFiles/__idf_lvgl__lvgl.dir/src/drivers/display/fb/lv_linux_fbdev.c.obj
[1302/1891] Building C object esp-idf/lvgl__lvgl/CMakeFiles/__idf_lvgl__lvgl.dir/src/drivers/display/ili9341/lv_ili9341.c.obj
[1303/1891] Building C object esp-idf/lvgl__lvgl/CMakeFiles/__idf_lvgl__lvgl.dir/src/drivers/display/drm/lv_linux_drm.c.obj
[1304/1891] Building C object esp-idf/lvgl__lvgl/CMakeFiles/__idf_lvgl__lvgl.dir/src/draw/sw/lv_draw_sw_mask.c.obj
[1305/1891] Building C object esp-idf/lvgl__lvgl/CMakeFiles/__idf_lvgl__lvgl.dir/src/draw/vg_lite/lv_vg_lite_grad.c.obj
[1306/1891] Building C object esp-idf/lvgl__lvgl/CMakeFiles/__idf_lvgl__lvgl.dir/src/draw/vg_lite/lv_vg_lite_pending.c.obj
[1307/1891] Building C object esp-idf/lvgl__lvgl/CMakeFiles/__idf_lvgl__lvgl.dir/src/drivers/display/lcd/lv_lcd_generic_mipi.c.obj
[1308/1891] Building C object esp-idf/lvgl__lvgl/CMakeFiles/__idf_lvgl__lvgl.dir/src/draw/sw/lv_draw_sw_transform.c.obj
[1309/1891] Building C object esp-idf/lvgl__lvgl/CMakeFiles/__idf_lvgl__lvgl.dir/src/draw/vg_lite/lv_vg_lite_stroke.c.obj
[1310/1891] Building C object esp-idf/lvgl__lvgl/CMakeFiles/__idf_lvgl__lvgl.dir/src/drivers/display/renesas_glcdc/lv_renesas_glcdc.c.obj
[1311/1891] Building C object esp-idf/lvgl__lvgl/CMakeFiles/__idf_lvgl__lvgl.dir/src/drivers/display/st7789/lv_st7789.c.obj
[1312/1891] Building C object esp-idf/lvgl__lvgl/CMakeFiles/__idf_lvgl__lvgl.dir/src/drivers/display/st7735/lv_st7735.c.obj
[1313/1891] Building C object esp-idf/lvgl__lvgl/CMakeFiles/__idf_lvgl__lvgl.dir/src/drivers/glfw/lv_glfw_window.c.obj
[1314/1891] Building C object esp-idf/lvgl__lvgl/CMakeFiles/__idf_lvgl__lvgl.dir/src/drivers/glfw/lv_opengles_debug.c.obj
[1315/1891] Building C object esp-idf/lvgl__lvgl/CMakeFiles/__idf_lvgl__lvgl.dir/src/draw/vg_lite/lv_vg_lite_path.c.obj
[1316/1891] Building C object esp-idf/lvgl__lvgl/CMakeFiles/__idf_lvgl__lvgl.dir/src/drivers/evdev/lv_evdev.c.obj
[1317/1891] Building C object esp-idf/lvgl__lvgl/CMakeFiles/__idf_lvgl__lvgl.dir/src/drivers/display/st7796/lv_st7796.c.obj
[1318/1891] Building C object esp-idf/lvgl__lvgl/CMakeFiles/__idf_lvgl__lvgl.dir/src/draw/vg_lite/lv_vg_lite_utils.c.obj
[1319/1891] Building C object esp-idf/lvgl__lvgl/CMakeFiles/__idf_lvgl__lvgl.dir/src/drivers/glfw/lv_opengles_texture.c.obj
[1320/1891] Building C object esp-idf/lvgl__lvgl/CMakeFiles/__idf_lvgl__lvgl.dir/src/drivers/libinput/lv_xkb.c.obj
[1321/1891] Building CXX object esp-idf/lvgl__lvgl/CMakeFiles/__idf_lvgl__lvgl.dir/src/drivers/display/tft_espi/lv_tft_espi.cpp.obj
[1322/1891] Building C object esp-idf/lvgl__lvgl/CMakeFiles/__idf_lvgl__lvgl.dir/src/drivers/libinput/lv_libinput.c.obj
[1323/1891] Building C object esp-idf/lvgl__lvgl/CMakeFiles/__idf_lvgl__lvgl.dir/src/drivers/glfw/lv_opengles_driver.c.obj
[1324/1891] Building C object esp-idf/lvgl__lvgl/CMakeFiles/__idf_lvgl__lvgl.dir/src/drivers/nuttx/lv_nuttx_touchscreen.c.obj
[1325/1891] Building C object esp-idf/lvgl__lvgl/CMakeFiles/__idf_lvgl__lvgl.dir/src/drivers/nuttx/lv_nuttx_lcd.c.obj
[1326/1891] Building C object esp-idf/lvgl__lvgl/CMakeFiles/__idf_lvgl__lvgl.dir/src/drivers/nuttx/lv_nuttx_fbdev.c.obj
[1327/1891] Building C object esp-idf/lvgl__lvgl/CMakeFiles/__idf_lvgl__lvgl.dir/src/drivers/nuttx/lv_nuttx_entry.c.obj
[1328/1891] Building C object esp-idf/lvgl__lvgl/CMakeFiles/__idf_lvgl__lvgl.dir/src/drivers/sdl/lv_sdl_keyboard.c.obj
[1329/1891] Building C object esp-idf/lvgl__lvgl/CMakeFiles/__idf_lvgl__lvgl.dir/src/drivers/qnx/lv_qnx.c.obj
[1330/1891] Building C object esp-idf/lvgl__lvgl/CMakeFiles/__idf_lvgl__lvgl.dir/src/drivers/sdl/lv_sdl_mouse.c.obj
[1331/1891] Building C object esp-idf/lvgl__lvgl/CMakeFiles/__idf_lvgl__lvgl.dir/src/drivers/sdl/lv_sdl_mousewheel.c.obj
[1332/1891] Building C object esp-idf/lvgl__lvgl/CMakeFiles/__idf_lvgl__lvgl.dir/src/drivers/wayland/lv_wayland.c.obj
[1333/1891] Building C object esp-idf/lvgl__lvgl/CMakeFiles/__idf_lvgl__lvgl.dir/src/drivers/sdl/lv_sdl_window.c.obj
[1334/1891] Building C object esp-idf/lvgl__lvgl/CMakeFiles/__idf_lvgl__lvgl.dir/src/drivers/wayland/lv_wayland_smm.c.obj
[1335/1891] Building C object esp-idf/lvgl__lvgl/CMakeFiles/__idf_lvgl__lvgl.dir/src/drivers/windows/lv_windows_display.c.obj
[1336/1891] Building C object esp-idf/lvgl__lvgl/CMakeFiles/__idf_lvgl__lvgl.dir/src/drivers/windows/lv_windows_context.c.obj
[1337/1891] Building C object esp-idf/lvgl__lvgl/CMakeFiles/__idf_lvgl__lvgl.dir/src/drivers/nuttx/lv_nuttx_cache.c.obj
[1338/1891] Building C object esp-idf/lvgl__lvgl/CMakeFiles/__idf_lvgl__lvgl.dir/src/drivers/windows/lv_windows_input.c.obj
[1339/1891] Building C object esp-idf/lvgl__lvgl/CMakeFiles/__idf_lvgl__lvgl.dir/src/drivers/nuttx/lv_nuttx_profiler.c.obj
[1340/1891] Building C object esp-idf/lvgl__lvgl/CMakeFiles/__idf_lvgl__lvgl.dir/src/drivers/x11/lv_x11_display.c.obj
[1341/1891] Building C object esp-idf/lvgl__lvgl/CMakeFiles/__idf_lvgl__lvgl.dir/src/drivers/x11/lv_x11_input.c.obj
[1342/1891] Building C object esp-idf/lvgl__lvgl/CMakeFiles/__idf_lvgl__lvgl.dir/src/drivers/nuttx/lv_nuttx_libuv.c.obj
[1343/1891] Building C object esp-idf/lvgl__lvgl/CMakeFiles/__idf_lvgl__lvgl.dir/src/font/lv_font.c.obj
[1344/1891] Building C object esp-idf/lvgl__lvgl/CMakeFiles/__idf_lvgl__lvgl.dir/src/drivers/nuttx/lv_nuttx_image_cache.c.obj
[1345/1891] Linking C static library esp-idf/espressif__esp-dsp/libespressif__esp-dsp.a
[1346/1891] Building C object esp-idf/lvgl__lvgl/CMakeFiles/__idf_lvgl__lvgl.dir/src/font/lv_font_fmt_txt.c.obj
[1347/1891] Building C object esp-idf/lvgl__lvgl/CMakeFiles/__idf_lvgl__lvgl.dir/src/font/lv_font_montserrat_10.c.obj
[1348/1891] Building C object esp-idf/lvgl__lvgl/CMakeFiles/__idf_lvgl__lvgl.dir/src/font/lv_font_montserrat_16.c.obj
[1349/1891] Building C object esp-idf/lvgl__lvgl/CMakeFiles/__idf_lvgl__lvgl.dir/src/font/lv_font_dejavu_16_persian_hebrew.c.obj
[1350/1891] Building C object esp-idf/lvgl__lvgl/CMakeFiles/__idf_lvgl__lvgl.dir/src/font/lv_font_montserrat_14.c.obj
[1351/1891] Building C object esp-idf/lvgl__lvgl/CMakeFiles/__idf_lvgl__lvgl.dir/src/font/lv_font_montserrat_18.c.obj
[1352/1891] Building C object esp-idf/lvgl__lvgl/CMakeFiles/__idf_lvgl__lvgl.dir/src/font/lv_font_montserrat_12.c.obj
[1353/1891] Building C object esp-idf/lvgl__lvgl/CMakeFiles/__idf_lvgl__lvgl.dir/src/font/lv_font_montserrat_22.c.obj
[1354/1891] Building C object esp-idf/lvgl__lvgl/CMakeFiles/__idf_lvgl__lvgl.dir/src/font/lv_font_montserrat_20.c.obj
[1355/1891] Building C object esp-idf/lvgl__lvgl/CMakeFiles/__idf_lvgl__lvgl.dir/src/font/lv_font_montserrat_24.c.obj
[1356/1891] Building C object esp-idf/lvgl__lvgl/CMakeFiles/__idf_lvgl__lvgl.dir/src/font/lv_font_montserrat_26.c.obj
[1357/1891] Building C object esp-idf/lvgl__lvgl/CMakeFiles/__idf_lvgl__lvgl.dir/src/font/lv_binfont_loader.c.obj
[1358/1891] Building C object esp-idf/lvgl__lvgl/CMakeFiles/__idf_lvgl__lvgl.dir/src/font/lv_font_montserrat_28.c.obj
[1359/1891] Building C object esp-idf/lvgl__lvgl/CMakeFiles/__idf_lvgl__lvgl.dir/src/font/lv_font_montserrat_32.c.obj
[1360/1891] Building C object esp-idf/lvgl__lvgl/CMakeFiles/__idf_lvgl__lvgl.dir/src/font/lv_font_montserrat_28_compressed.c.obj
[1361/1891] Building C object esp-idf/lvgl__lvgl/CMakeFiles/__idf_lvgl__lvgl.dir/src/font/lv_font_montserrat_30.c.obj
[1362/1891] Building C object esp-idf/lvgl__lvgl/CMakeFiles/__idf_lvgl__lvgl.dir/src/font/lv_font_montserrat_42.c.obj
[1363/1891] Building C object esp-idf/lvgl__lvgl/CMakeFiles/__idf_lvgl__lvgl.dir/src/font/lv_font_montserrat_38.c.obj
[1364/1891] Building C object esp-idf/lvgl__lvgl/CMakeFiles/__idf_lvgl__lvgl.dir/src/font/lv_font_montserrat_34.c.obj
[1365/1891] Building C object esp-idf/lvgl__lvgl/CMakeFiles/__idf_lvgl__lvgl.dir/src/font/lv_font_montserrat_40.c.obj
[1366/1891] Building C object esp-idf/lvgl__lvgl/CMakeFiles/__idf_lvgl__lvgl.dir/src/font/lv_font_montserrat_36.c.obj
[1367/1891] Building C object esp-idf/lvgl__lvgl/CMakeFiles/__idf_lvgl__lvgl.dir/src/font/lv_font_montserrat_8.c.obj
[1368/1891] Building C object esp-idf/lvgl__lvgl/CMakeFiles/__idf_lvgl__lvgl.dir/src/font/lv_font_montserrat_44.c.obj
[1369/1891] Building C object esp-idf/lvgl__lvgl/CMakeFiles/__idf_lvgl__lvgl.dir/src/font/lv_font_montserrat_46.c.obj
[1370/1891] Building C object esp-idf/lvgl__lvgl/CMakeFiles/__idf_lvgl__lvgl.dir/src/font/lv_font_montserrat_48.c.obj
[1371/1891] Building C object esp-idf/lvgl__lvgl/CMakeFiles/__idf_lvgl__lvgl.dir/src/font/lv_font_unscii_16.c.obj
[1372/1891] Building C object esp-idf/lvgl__lvgl/CMakeFiles/__idf_lvgl__lvgl.dir/src/font/lv_font_unscii_8.c.obj
[1373/1891] Building C object esp-idf/lvgl__lvgl/CMakeFiles/__idf_lvgl__lvgl.dir/src/indev/lv_indev_scroll.c.obj
[1374/1891] Building C object esp-idf/lvgl__lvgl/CMakeFiles/__idf_lvgl__lvgl.dir/src/layouts/grid/lv_grid.c.obj
[1375/1891] Building C object esp-idf/lvgl__lvgl/CMakeFiles/__idf_lvgl__lvgl.dir/src/layouts/flex/lv_flex.c.obj
[1376/1891] Building C object esp-idf/lvgl__lvgl/CMakeFiles/__idf_lvgl__lvgl.dir/src/font/lv_font_simsun_14_cjk.c.obj
[1377/1891] Building C object esp-idf/lvgl__lvgl/CMakeFiles/__idf_lvgl__lvgl.dir/src/libs/ffmpeg/lv_ffmpeg.c.obj
[1378/1891] Building C object esp-idf/lvgl__lvgl/CMakeFiles/__idf_lvgl__lvgl.dir/src/font/lv_font_simsun_16_cjk.c.obj
[1379/1891] Building C object esp-idf/lvgl__lvgl/CMakeFiles/__idf_lvgl__lvgl.dir/src/layouts/lv_layout.c.obj
[1380/1891] Building C object esp-idf/lvgl__lvgl/CMakeFiles/__idf_lvgl__lvgl.dir/src/libs/freetype/lv_freetype.c.obj
[1381/1891] Building C object esp-idf/lvgl__lvgl/CMakeFiles/__idf_lvgl__lvgl.dir/src/libs/fsdrv/lv_fs_cbfs.c.obj
[1382/1891] Building C object esp-idf/lvgl__lvgl/CMakeFiles/__idf_lvgl__lvgl.dir/src/libs/barcode/code128.c.obj
[1383/1891] Building C object esp-idf/lvgl__lvgl/CMakeFiles/__idf_lvgl__lvgl.dir/src/libs/barcode/lv_barcode.c.obj
[1384/1891] Building C object esp-idf/lvgl__lvgl/CMakeFiles/__idf_lvgl__lvgl.dir/src/libs/bin_decoder/lv_bin_decoder.c.obj
[1385/1891] Building C object esp-idf/lvgl__lvgl/CMakeFiles/__idf_lvgl__lvgl.dir/src/libs/freetype/lv_ftsystem.c.obj
[1386/1891] Building C object esp-idf/lvgl__lvgl/CMakeFiles/__idf_lvgl__lvgl.dir/src/libs/freetype/lv_freetype_image.c.obj
[1387/1891] Building C object esp-idf/lvgl__lvgl/CMakeFiles/__idf_lvgl__lvgl.dir/src/indev/lv_indev.c.obj
[1388/1891] Building C object esp-idf/lvgl__lvgl/CMakeFiles/__idf_lvgl__lvgl.dir/src/libs/bmp/lv_bmp.c.obj
[1389/1891] Building C object esp-idf/lvgl__lvgl/CMakeFiles/__idf_lvgl__lvgl.dir/src/libs/freetype/lv_freetype_glyph.c.obj
[1390/1891] Building C object esp-idf/lvgl__lvgl/CMakeFiles/__idf_lvgl__lvgl.dir/src/libs/freetype/lv_freetype_outline.c.obj
[1391/1891] Building C object esp-idf/lvgl__lvgl/CMakeFiles/__idf_lvgl__lvgl.dir/src/libs/gif/gifdec.c.obj
[1392/1891] Building CXX object esp-idf/lvgl__lvgl/CMakeFiles/__idf_lvgl__lvgl.dir/src/libs/fsdrv/lv_fs_arduino_esp_littlefs.cpp.obj
[1393/1891] Building C object esp-idf/lvgl__lvgl/CMakeFiles/__idf_lvgl__lvgl.dir/src/libs/gif/lv_gif.c.obj
[1394/1891] Building C object esp-idf/lvgl__lvgl/CMakeFiles/__idf_lvgl__lvgl.dir/src/libs/fsdrv/lv_fs_littlefs.c.obj
[1395/1891] Building C object esp-idf/lvgl__lvgl/CMakeFiles/__idf_lvgl__lvgl.dir/src/libs/fsdrv/lv_fs_fatfs.c.obj
[1396/1891] Building CXX object esp-idf/lvgl__lvgl/CMakeFiles/__idf_lvgl__lvgl.dir/src/libs/fsdrv/lv_fs_arduino_sd.cpp.obj
[1397/1891] Building C object esp-idf/lvgl__lvgl/CMakeFiles/__idf_lvgl__lvgl.dir/src/libs/fsdrv/lv_fs_posix.c.obj
[1398/1891] Building C object esp-idf/lvgl__lvgl/CMakeFiles/__idf_lvgl__lvgl.dir/src/libs/fsdrv/lv_fs_stdio.c.obj
[1399/1891] Building C object esp-idf/lvgl__lvgl/CMakeFiles/__idf_lvgl__lvgl.dir/src/libs/fsdrv/lv_fs_memfs.c.obj
[1400/1891] Building C object esp-idf/lvgl__lvgl/CMakeFiles/__idf_lvgl__lvgl.dir/src/libs/lz4/lz4.c.obj
[1401/1891] Building C object esp-idf/lvgl__lvgl/CMakeFiles/__idf_lvgl__lvgl.dir/src/libs/fsdrv/lv_fs_win32.c.obj
[1402/1891] Building CXX object esp-idf/lvgl__lvgl/CMakeFiles/__idf_lvgl__lvgl.dir/src/libs/thorvg/tvgAccessor.cpp.obj
[1403/1891] Building C object esp-idf/lvgl__lvgl/CMakeFiles/__idf_lvgl__lvgl.dir/src/libs/rle/lv_rle.c.obj
[1404/1891] Building CXX object esp-idf/lvgl__lvgl/CMakeFiles/__idf_lvgl__lvgl.dir/src/libs/thorvg/tvgAnimation.cpp.obj
[1405/1891] Building CXX object esp-idf/lvgl__lvgl/CMakeFiles/__idf_lvgl__lvgl.dir/src/libs/thorvg/tvgCanvas.cpp.obj
[1406/1891] Building C object esp-idf/lvgl__lvgl/CMakeFiles/__idf_lvgl__lvgl.dir/src/libs/libjpeg_turbo/lv_libjpeg_turbo.c.obj
[1407/1891] Building C object esp-idf/lvgl__lvgl/CMakeFiles/__idf_lvgl__lvgl.dir/src/libs/libpng/lv_libpng.c.obj
[1408/1891] Building C object esp-idf/lvgl__lvgl/CMakeFiles/__idf_lvgl__lvgl.dir/src/libs/qrcode/lv_qrcode.c.obj
[1409/1891] Building CXX object esp-idf/lvgl__lvgl/CMakeFiles/__idf_lvgl__lvgl.dir/src/libs/thorvg/tvgCapi.cpp.obj
[1410/1891] Building CXX object esp-idf/lvgl__lvgl/CMakeFiles/__idf_lvgl__lvgl.dir/src/libs/thorvg/tvgCompressor.cpp.obj
[1411/1891] Building CXX object esp-idf/lvgl__lvgl/CMakeFiles/__idf_lvgl__lvgl.dir/src/libs/thorvg/tvgFill.cpp.obj
[1412/1891] Building CXX object esp-idf/lvgl__lvgl/CMakeFiles/__idf_lvgl__lvgl.dir/src/libs/thorvg/tvgGlCanvas.cpp.obj
[1413/1891] Building CXX object esp-idf/lvgl__lvgl/CMakeFiles/__idf_lvgl__lvgl.dir/src/libs/thorvg/tvgInitializer.cpp.obj
[1414/1891] Building CXX object esp-idf/lvgl__lvgl/CMakeFiles/__idf_lvgl__lvgl.dir/src/libs/thorvg/tvgLines.cpp.obj
[1415/1891] Building C object esp-idf/lvgl__lvgl/CMakeFiles/__idf_lvgl__lvgl.dir/src/libs/lodepng/lodepng.c.obj
[1416/1891] Building CXX object esp-idf/lvgl__lvgl/CMakeFiles/__idf_lvgl__lvgl.dir/src/libs/thorvg/tvgLottieAnimation.cpp.obj
[1417/1891] Building CXX object esp-idf/lvgl__lvgl/CMakeFiles/__idf_lvgl__lvgl.dir/src/libs/thorvg/tvgLoader.cpp.obj
[1418/1891] Building CXX object esp-idf/lvgl__lvgl/CMakeFiles/__idf_lvgl__lvgl.dir/src/libs/thorvg/tvgLottieBuilder.cpp.obj
[1419/1891] Building C object esp-idf/lvgl__lvgl/CMakeFiles/__idf_lvgl__lvgl.dir/src/libs/lodepng/lv_lodepng.c.obj
[1420/1891] Building CXX object esp-idf/lvgl__lvgl/CMakeFiles/__idf_lvgl__lvgl.dir/src/libs/thorvg/tvgLottieExpressions.cpp.obj
[1421/1891] Building C object esp-idf/lvgl__lvgl/CMakeFiles/__idf_lvgl__lvgl.dir/src/libs/qrcode/qrcodegen.c.obj
[1422/1891] Building CXX object esp-idf/lvgl__lvgl/CMakeFiles/__idf_lvgl__lvgl.dir/src/libs/thorvg/tvgLottieInterpolator.cpp.obj
[1423/1891] Building CXX object esp-idf/lvgl__lvgl/CMakeFiles/__idf_lvgl__lvgl.dir/src/libs/thorvg/tvgLottieLoader.cpp.obj
[1424/1891] Building CXX object esp-idf/lvgl__lvgl/CMakeFiles/__idf_lvgl__lvgl.dir/src/libs/thorvg/tvgLottieModel.cpp.obj
[1425/1891] Building CXX object esp-idf/lvgl__lvgl/CMakeFiles/__idf_lvgl__lvgl.dir/src/libs/thorvg/tvgLottieParser.cpp.obj
[1426/1891] Building CXX object esp-idf/lvgl__lvgl/CMakeFiles/__idf_lvgl__lvgl.dir/src/libs/thorvg/tvgMath.cpp.obj
[1427/1891] Building CXX object esp-idf/lvgl__lvgl/CMakeFiles/__idf_lvgl__lvgl.dir/src/libs/thorvg/tvgLottieParserHandler.cpp.obj
[1428/1891] Building CXX object esp-idf/lvgl__lvgl/CMakeFiles/__idf_lvgl__lvgl.dir/src/libs/thorvg/tvgPaint.cpp.obj
[1429/1891] Building CXX object esp-idf/lvgl__lvgl/CMakeFiles/__idf_lvgl__lvgl.dir/src/libs/thorvg/tvgPicture.cpp.obj
[1430/1891] Building C object esp-idf/lvgl__lvgl/CMakeFiles/__idf_lvgl__lvgl.dir/src/libs/rlottie/lv_rlottie.c.obj
[1431/1891] Building CXX object esp-idf/lvgl__lvgl/CMakeFiles/__idf_lvgl__lvgl.dir/src/libs/thorvg/tvgRender.cpp.obj
[1432/1891] Building CXX object esp-idf/lvgl__lvgl/CMakeFiles/__idf_lvgl__lvgl.dir/src/libs/thorvg/tvgRawLoader.cpp.obj
[1433/1891] Building CXX object esp-idf/lvgl__lvgl/CMakeFiles/__idf_lvgl__lvgl.dir/src/libs/thorvg/tvgSaver.cpp.obj
[1434/1891] Building CXX object esp-idf/lvgl__lvgl/CMakeFiles/__idf_lvgl__lvgl.dir/src/libs/thorvg/tvgStr.cpp.obj
[1435/1891] Building CXX object esp-idf/lvgl__lvgl/CMakeFiles/__idf_lvgl__lvgl.dir/src/libs/thorvg/tvgScene.cpp.obj
[1436/1891] Building CXX object esp-idf/lvgl__lvgl/CMakeFiles/__idf_lvgl__lvgl.dir/src/libs/thorvg/tvgShape.cpp.obj
[1437/1891] Building CXX object esp-idf/lvgl__lvgl/CMakeFiles/__idf_lvgl__lvgl.dir/src/libs/thorvg/tvgSvgCssStyle.cpp.obj
[1438/1891] Building CXX object esp-idf/lvgl__lvgl/CMakeFiles/__idf_lvgl__lvgl.dir/src/libs/thorvg/tvgSvgLoader.cpp.obj
[1439/1891] Building CXX object esp-idf/lvgl__lvgl/CMakeFiles/__idf_lvgl__lvgl.dir/src/libs/thorvg/tvgSvgPath.cpp.obj
[1440/1891] Building CXX object esp-idf/lvgl__lvgl/CMakeFiles/__idf_lvgl__lvgl.dir/src/libs/thorvg/tvgSvgSceneBuilder.cpp.obj
[1441/1891] Building CXX object esp-idf/lvgl__lvgl/CMakeFiles/__idf_lvgl__lvgl.dir/src/libs/thorvg/tvgSvgUtil.cpp.obj
[1442/1891] Building CXX object esp-idf/lvgl__lvgl/CMakeFiles/__idf_lvgl__lvgl.dir/src/libs/thorvg/tvgSwImage.cpp.obj
[1443/1891] Building CXX object esp-idf/lvgl__lvgl/CMakeFiles/__idf_lvgl__lvgl.dir/src/libs/thorvg/tvgSwCanvas.cpp.obj
[1444/1891] Building CXX object esp-idf/lvgl__lvgl/CMakeFiles/__idf_lvgl__lvgl.dir/src/libs/thorvg/tvgSwFill.cpp.obj
[1445/1891] Building CXX object esp-idf/lvgl__lvgl/CMakeFiles/__idf_lvgl__lvgl.dir/src/libs/thorvg/tvgSwMath.cpp.obj
[1446/1891] Building CXX object esp-idf/lvgl__lvgl/CMakeFiles/__idf_lvgl__lvgl.dir/src/libs/thorvg/tvgSwMemPool.cpp.obj
[1447/1891] Building CXX object esp-idf/lvgl__lvgl/CMakeFiles/__idf_lvgl__lvgl.dir/src/libs/thorvg/tvgSwRaster.cpp.obj
[1448/1891] Building CXX object esp-idf/lvgl__lvgl/CMakeFiles/__idf_lvgl__lvgl.dir/src/libs/thorvg/tvgSwRenderer.cpp.obj
[1449/1891] Building CXX object esp-idf/lvgl__lvgl/CMakeFiles/__idf_lvgl__lvgl.dir/src/libs/thorvg/tvgSwRle.cpp.obj
[1450/1891] Building CXX object esp-idf/lvgl__lvgl/CMakeFiles/__idf_lvgl__lvgl.dir/src/libs/thorvg/tvgSwShape.cpp.obj
[1451/1891] Building CXX object esp-idf/lvgl__lvgl/CMakeFiles/__idf_lvgl__lvgl.dir/src/libs/thorvg/tvgSwStroke.cpp.obj
[1452/1891] Building CXX object esp-idf/lvgl__lvgl/CMakeFiles/__idf_lvgl__lvgl.dir/src/libs/thorvg/tvgText.cpp.obj
[1453/1891] Building CXX object esp-idf/lvgl__lvgl/CMakeFiles/__idf_lvgl__lvgl.dir/src/libs/thorvg/tvgXmlParser.cpp.obj
[1454/1891] Building CXX object esp-idf/lvgl__lvgl/CMakeFiles/__idf_lvgl__lvgl.dir/src/libs/thorvg/tvgTaskScheduler.cpp.obj
[1455/1891] Building CXX object esp-idf/lvgl__lvgl/CMakeFiles/__idf_lvgl__lvgl.dir/src/libs/thorvg/tvgWgCanvas.cpp.obj
[1456/1891] Building C object esp-idf/lvgl__lvgl/CMakeFiles/__idf_lvgl__lvgl.dir/src/libs/tjpgd/tjpgd.c.obj
[1457/1891] Building C object esp-idf/lvgl__lvgl/CMakeFiles/__idf_lvgl__lvgl.dir/src/misc/cache/lv_cache_entry.c.obj
[1458/1891] Building C object esp-idf/lvgl__lvgl/CMakeFiles/__idf_lvgl__lvgl.dir/src/misc/cache/lv_cache.c.obj
[1459/1891] Building C object esp-idf/lvgl__lvgl/CMakeFiles/__idf_lvgl__lvgl.dir/src/misc/cache/lv_cache_lru_rb.c.obj
[1460/1891] Building C object esp-idf/lvgl__lvgl/CMakeFiles/__idf_lvgl__lvgl.dir/src/misc/cache/lv_image_cache.c.obj
[1461/1891] Building C object esp-idf/lvgl__lvgl/CMakeFiles/__idf_lvgl__lvgl.dir/src/lv_init.c.obj
[1462/1891] Building C object esp-idf/lvgl__lvgl/CMakeFiles/__idf_lvgl__lvgl.dir/src/misc/lv_anim_timeline.c.obj
[1463/1891] Building C object esp-idf/lvgl__lvgl/CMakeFiles/__idf_lvgl__lvgl.dir/src/misc/lv_array.c.obj
[1464/1891] Building C object esp-idf/lvgl__lvgl/CMakeFiles/__idf_lvgl__lvgl.dir/src/misc/cache/lv_image_header_cache.c.obj
[1465/1891] Building C object esp-idf/lvgl__lvgl/CMakeFiles/__idf_lvgl__lvgl.dir/src/libs/tjpgd/lv_tjpgd.c.obj
[1466/1891] Building C object esp-idf/lvgl__lvgl/CMakeFiles/__idf_lvgl__lvgl.dir/src/libs/tiny_ttf/lv_tiny_ttf.c.obj
[1467/1891] Building C object esp-idf/lvgl__lvgl/CMakeFiles/__idf_lvgl__lvgl.dir/src/misc/lv_async.c.obj
[1468/1891] Building C object esp-idf/lvgl__lvgl/CMakeFiles/__idf_lvgl__lvgl.dir/src/misc/lv_bidi.c.obj
[1469/1891] Building C object esp-idf/lvgl__lvgl/CMakeFiles/__idf_lvgl__lvgl.dir/src/misc/lv_anim.c.obj
[1470/1891] Building C object esp-idf/lvgl__lvgl/CMakeFiles/__idf_lvgl__lvgl.dir/src/misc/lv_log.c.obj
[1471/1891] Building C object esp-idf/lvgl__lvgl/CMakeFiles/__idf_lvgl__lvgl.dir/src/misc/lv_matrix.c.obj
[1472/1891] Building C object esp-idf/lvgl__lvgl/CMakeFiles/__idf_lvgl__lvgl.dir/src/misc/lv_color_op.c.obj
[1473/1891] Building C object esp-idf/lvgl__lvgl/CMakeFiles/__idf_lvgl__lvgl.dir/src/misc/lv_area.c.obj
[1474/1891] Building C object esp-idf/lvgl__lvgl/CMakeFiles/__idf_lvgl__lvgl.dir/src/misc/lv_ll.c.obj
[1475/1891] Building C object esp-idf/lvgl__lvgl/CMakeFiles/__idf_lvgl__lvgl.dir/src/misc/lv_lru.c.obj
[1476/1891] Building C object esp-idf/lvgl__lvgl/CMakeFiles/__idf_lvgl__lvgl.dir/src/misc/lv_templ.c.obj
[1477/1891] Building C object esp-idf/lvgl__lvgl/CMakeFiles/__idf_lvgl__lvgl.dir/src/misc/lv_palette.c.obj
[1478/1891] Building C object esp-idf/lvgl__lvgl/CMakeFiles/__idf_lvgl__lvgl.dir/src/misc/lv_rb.c.obj
[1479/1891] Building C object esp-idf/lvgl__lvgl/CMakeFiles/__idf_lvgl__lvgl.dir/src/misc/lv_color.c.obj
[1480/1891] Building C object esp-idf/lvgl__lvgl/CMakeFiles/__idf_lvgl__lvgl.dir/src/misc/lv_event.c.obj
[1481/1891] Building C object esp-idf/lvgl__lvgl/CMakeFiles/__idf_lvgl__lvgl.dir/src/misc/lv_text_ap.c.obj
[1482/1891] Building C object esp-idf/lvgl__lvgl/CMakeFiles/__idf_lvgl__lvgl.dir/src/misc/lv_math.c.obj
[1483/1891] Building C object esp-idf/lvgl__lvgl/CMakeFiles/__idf_lvgl__lvgl.dir/src/misc/lv_utils.c.obj
[1484/1891] Building C object esp-idf/lvgl__lvgl/CMakeFiles/__idf_lvgl__lvgl.dir/src/osal/lv_freertos.c.obj
[1485/1891] Building C object esp-idf/lvgl__lvgl/CMakeFiles/__idf_lvgl__lvgl.dir/src/osal/lv_cmsis_rtos2.c.obj
[1486/1891] Building C object esp-idf/lvgl__lvgl/CMakeFiles/__idf_lvgl__lvgl.dir/src/osal/lv_mqx.c.obj
[1487/1891] Building C object esp-idf/lvgl__lvgl/CMakeFiles/__idf_lvgl__lvgl.dir/src/misc/lv_style.c.obj
[1488/1891] Building C object esp-idf/lvgl__lvgl/CMakeFiles/__idf_lvgl__lvgl.dir/src/osal/lv_pthread.c.obj
[1489/1891] Building C object esp-idf/lvgl__lvgl/CMakeFiles/__idf_lvgl__lvgl.dir/src/misc/lv_timer.c.obj
[1490/1891] Building C object esp-idf/lvgl__lvgl/CMakeFiles/__idf_lvgl__lvgl.dir/src/misc/lv_fs.c.obj
[1491/1891] Building C object esp-idf/lvgl__lvgl/CMakeFiles/__idf_lvgl__lvgl.dir/src/misc/lv_text.c.obj
[1492/1891] Building C object esp-idf/lvgl__lvgl/CMakeFiles/__idf_lvgl__lvgl.dir/src/osal/lv_os_none.c.obj
[1493/1891] Building C object esp-idf/lvgl__lvgl/CMakeFiles/__idf_lvgl__lvgl.dir/src/misc/lv_style_gen.c.obj
[1494/1891] Building C object esp-idf/lvgl__lvgl/CMakeFiles/__idf_lvgl__lvgl.dir/src/osal/lv_windows.c.obj
[1495/1891] Building C object esp-idf/lvgl__lvgl/CMakeFiles/__idf_lvgl__lvgl.dir/src/osal/lv_rtthread.c.obj
[1496/1891] Building C object esp-idf/lvgl__lvgl/CMakeFiles/__idf_lvgl__lvgl.dir/src/misc/lv_profiler_builtin.c.obj
[1497/1891] Building C object esp-idf/lvgl__lvgl/CMakeFiles/__idf_lvgl__lvgl.dir/src/osal/lv_os.c.obj
[1498/1891] Building C object esp-idf/lvgl__lvgl/CMakeFiles/__idf_lvgl__lvgl.dir/src/others/monkey/lv_monkey.c.obj
[1499/1891] Building CXX object esp-idf/lvgl__lvgl/CMakeFiles/__idf_lvgl__lvgl.dir/src/others/vg_lite_tvg/vg_lite_tvg.cpp.obj
[1500/1891] Building C object esp-idf/lvgl__lvgl/CMakeFiles/__idf_lvgl__lvgl.dir/src/others/gridnav/lv_gridnav.c.obj
[1501/1891] Building C object esp-idf/lvgl__lvgl/CMakeFiles/__idf_lvgl__lvgl.dir/src/others/vg_lite_tvg/vg_lite_matrix.c.obj
[1502/1891] Building C object esp-idf/lvgl__lvgl/CMakeFiles/__idf_lvgl__lvgl.dir/src/others/ime/lv_ime_pinyin.c.obj
[1503/1891] Building C object esp-idf/lvgl__lvgl/CMakeFiles/__idf_lvgl__lvgl.dir/src/others/file_explorer/lv_file_explorer.c.obj
[1504/1891] Building C object esp-idf/lvgl__lvgl/CMakeFiles/__idf_lvgl__lvgl.dir/src/others/fragment/lv_fragment.c.obj
[1505/1891] Building C object esp-idf/lvgl__lvgl/CMakeFiles/__idf_lvgl__lvgl.dir/src/others/sysmon/lv_sysmon.c.obj
[1506/1891] Building C object esp-idf/lvgl__lvgl/CMakeFiles/__idf_lvgl__lvgl.dir/src/others/snapshot/lv_snapshot.c.obj
[1507/1891] Building C object esp-idf/lvgl__lvgl/CMakeFiles/__idf_lvgl__lvgl.dir/src/others/fragment/lv_fragment_manager.c.obj
[1508/1891] Building C object esp-idf/lvgl__lvgl/CMakeFiles/__idf_lvgl__lvgl.dir/src/stdlib/clib/lv_sprintf_clib.c.obj
[1509/1891] Building C object esp-idf/lvgl__lvgl/CMakeFiles/__idf_lvgl__lvgl.dir/src/stdlib/clib/lv_string_clib.c.obj
[1510/1891] Building C object esp-idf/lvgl__lvgl/CMakeFiles/__idf_lvgl__lvgl.dir/src/stdlib/builtin/lv_mem_core_builtin.c.obj
[1511/1891] Building C object esp-idf/lvgl__lvgl/CMakeFiles/__idf_lvgl__lvgl.dir/src/stdlib/micropython/lv_mem_core_micropython.c.obj
[1512/1891] Building C object esp-idf/lvgl__lvgl/CMakeFiles/__idf_lvgl__lvgl.dir/src/stdlib/rtthread/lv_mem_core_rtthread.c.obj
[1513/1891] Building C object esp-idf/lvgl__lvgl/CMakeFiles/__idf_lvgl__lvgl.dir/src/stdlib/clib/lv_mem_core_clib.c.obj
[1514/1891] Building C object esp-idf/lvgl__lvgl/CMakeFiles/__idf_lvgl__lvgl.dir/src/stdlib/builtin/lv_string_builtin.c.obj
[1515/1891] Building C object esp-idf/lvgl__lvgl/CMakeFiles/__idf_lvgl__lvgl.dir/src/stdlib/rtthread/lv_string_rtthread.c.obj
[1516/1891] Building C object esp-idf/lvgl__lvgl/CMakeFiles/__idf_lvgl__lvgl.dir/src/stdlib/rtthread/lv_sprintf_rtthread.c.obj
[1517/1891] Building C object esp-idf/lvgl__lvgl/CMakeFiles/__idf_lvgl__lvgl.dir/src/stdlib/lv_mem.c.obj
[1518/1891] Building C object esp-idf/lvgl__lvgl/CMakeFiles/__idf_lvgl__lvgl.dir/src/stdlib/builtin/lv_sprintf_builtin.c.obj
[1519/1891] Building C object esp-idf/lvgl__lvgl/CMakeFiles/__idf_lvgl__lvgl.dir/src/stdlib/builtin/lv_tlsf.c.obj
[1520/1891] Building C object esp-idf/lvgl__lvgl/CMakeFiles/__idf_lvgl__lvgl.dir/src/tick/lv_tick.c.obj
[1521/1891] Building C object esp-idf/lvgl__lvgl/CMakeFiles/__idf_lvgl__lvgl.dir/src/widgets/animimage/lv_animimage.c.obj
[1522/1891] Building C object esp-idf/lvgl__lvgl/CMakeFiles/__idf_lvgl__lvgl.dir/src/widgets/button/lv_button.c.obj
[1523/1891] Building C object esp-idf/lvgl__lvgl/CMakeFiles/__idf_lvgl__lvgl.dir/src/others/imgfont/lv_imgfont.c.obj
[1524/1891] Building C object esp-idf/lvgl__lvgl/CMakeFiles/__idf_lvgl__lvgl.dir/src/widgets/bar/lv_bar.c.obj
[1525/1891] Building C object esp-idf/lvgl__lvgl/CMakeFiles/__idf_lvgl__lvgl.dir/src/themes/lv_theme.c.obj
[1526/1891] Building C object esp-idf/lvgl__lvgl/CMakeFiles/__idf_lvgl__lvgl.dir/src/widgets/arc/lv_arc.c.obj
[1527/1891] Building C object esp-idf/lvgl__lvgl/CMakeFiles/__idf_lvgl__lvgl.dir/src/themes/mono/lv_theme_mono.c.obj
[1528/1891] Building C object esp-idf/lvgl__lvgl/CMakeFiles/__idf_lvgl__lvgl.dir/src/widgets/calendar/lv_calendar_chinese.c.obj
[1529/1891] Building C object esp-idf/lvgl__lvgl/CMakeFiles/__idf_lvgl__lvgl.dir/src/widgets/calendar/lv_calendar_header_arrow.c.obj
[1530/1891] Building C object esp-idf/lvgl__lvgl/CMakeFiles/__idf_lvgl__lvgl.dir/src/others/observer/lv_observer.c.obj
[1531/1891] Building C object esp-idf/lvgl__lvgl/CMakeFiles/__idf_lvgl__lvgl.dir/src/themes/simple/lv_theme_simple.c.obj
[1532/1891] Building C object esp-idf/lvgl__lvgl/CMakeFiles/__idf_lvgl__lvgl.dir/src/widgets/calendar/lv_calendar_header_dropdown.c.obj
[1533/1891] Building C object esp-idf/lvgl__lvgl/CMakeFiles/__idf_lvgl__lvgl.dir/src/widgets/canvas/lv_canvas.c.obj
[1534/1891] Building C object esp-idf/lvgl__lvgl/CMakeFiles/__idf_lvgl__lvgl.dir/src/widgets/checkbox/lv_checkbox.c.obj
[1535/1891] Building C object esp-idf/lvgl__lvgl/CMakeFiles/__idf_lvgl__lvgl.dir/src/widgets/keyboard/lv_keyboard.c.obj
[1536/1891] Building C object esp-idf/lvgl__lvgl/CMakeFiles/__idf_lvgl__lvgl.dir/src/widgets/imagebutton/lv_imagebutton.c.obj
[1537/1891] Building C object esp-idf/lvgl__lvgl/CMakeFiles/__idf_lvgl__lvgl.dir/src/widgets/led/lv_led.c.obj
[1538/1891] Building C object esp-idf/lvgl__lvgl/CMakeFiles/__idf_lvgl__lvgl.dir/src/widgets/calendar/lv_calendar.c.obj
[1539/1891] Building C object esp-idf/lvgl__lvgl/CMakeFiles/__idf_lvgl__lvgl.dir/src/widgets/buttonmatrix/lv_buttonmatrix.c.obj
[1540/1891] Building C object esp-idf/lvgl__lvgl/CMakeFiles/__idf_lvgl__lvgl.dir/src/widgets/image/lv_image.c.obj
[1541/1891] Building C object esp-idf/lvgl__lvgl/CMakeFiles/__idf_lvgl__lvgl.dir/src/widgets/lottie/lv_lottie.c.obj
[1542/1891] Building C object esp-idf/lvgl__lvgl/CMakeFiles/__idf_lvgl__lvgl.dir/src/widgets/objx_templ/lv_objx_templ.c.obj
[1543/1891] Building C object esp-idf/lvgl__lvgl/CMakeFiles/__idf_lvgl__lvgl.dir/src/widgets/list/lv_list.c.obj
[1544/1891] Building C object esp-idf/lvgl__lvgl/CMakeFiles/__idf_lvgl__lvgl.dir/src/widgets/line/lv_line.c.obj
[1545/1891] Building C object esp-idf/lvgl__lvgl/CMakeFiles/__idf_lvgl__lvgl.dir/src/widgets/dropdown/lv_dropdown.c.obj
[1546/1891] Building C object esp-idf/lvgl__lvgl/CMakeFiles/__idf_lvgl__lvgl.dir/src/widgets/property/lv_dropdown_properties.c.obj
[1547/1891] Building C object esp-idf/lvgl__lvgl/CMakeFiles/__idf_lvgl__lvgl.dir/src/widgets/label/lv_label.c.obj
[1548/1891] Building C object esp-idf/lvgl__lvgl/CMakeFiles/__idf_lvgl__lvgl.dir/src/widgets/msgbox/lv_msgbox.c.obj
[1549/1891] Building C object esp-idf/lvgl__lvgl/CMakeFiles/__idf_lvgl__lvgl.dir/src/widgets/property/lv_image_properties.c.obj
[1550/1891] Building C object esp-idf/lvgl__lvgl/CMakeFiles/__idf_lvgl__lvgl.dir/src/widgets/property/lv_keyboard_properties.c.obj
[1551/1891] Building C object esp-idf/lvgl__lvgl/CMakeFiles/__idf_lvgl__lvgl.dir/src/widgets/property/lv_style_properties.c.obj
[1552/1891] Building C object esp-idf/lvgl__lvgl/CMakeFiles/__idf_lvgl__lvgl.dir/src/widgets/property/lv_label_properties.c.obj
[1553/1891] Building C object esp-idf/lvgl__lvgl/CMakeFiles/__idf_lvgl__lvgl.dir/src/widgets/chart/lv_chart.c.obj
[1554/1891] Building C object esp-idf/lvgl__lvgl/CMakeFiles/__idf_lvgl__lvgl.dir/src/widgets/property/lv_roller_properties.c.obj
[1555/1891] Building C object esp-idf/lvgl__lvgl/CMakeFiles/__idf_lvgl__lvgl.dir/src/widgets/menu/lv_menu.c.obj
[1556/1891] Building C object esp-idf/lvgl__lvgl/CMakeFiles/__idf_lvgl__lvgl.dir/src/widgets/property/lv_obj_properties.c.obj
[1557/1891] Building C object esp-idf/lvgl__lvgl/CMakeFiles/__idf_lvgl__lvgl.dir/src/widgets/property/lv_textarea_properties.c.obj
[1558/1891] Building C object esp-idf/lvgl__lvgl/CMakeFiles/__idf_lvgl__lvgl.dir/src/themes/default/lv_theme_default.c.obj
[1559/1891] Building C object esp-idf/lvgl__lvgl/CMakeFiles/__idf_lvgl__lvgl.dir/src/widgets/roller/lv_roller.c.obj
[1560/1891] Building C object esp-idf/lvgl__lvgl/CMakeFiles/__idf_lvgl__lvgl.dir/src/widgets/spinbox/lv_spinbox.c.obj
[1561/1891] Building C object esp-idf/lvgl__lvgl/CMakeFiles/__idf_lvgl__lvgl.dir/src/widgets/switch/lv_switch.c.obj
[1562/1891] Building C object esp-idf/lvgl__lvgl/CMakeFiles/__idf_lvgl__lvgl.dir/src/widgets/slider/lv_slider.c.obj
[1563/1891] Building C object esp-idf/lvgl__lvgl/CMakeFiles/__idf_lvgl__lvgl.dir/src/widgets/tileview/lv_tileview.c.obj
[1564/1891] Building C object esp-idf/lvgl__lvgl/CMakeFiles/__idf_lvgl__lvgl.dir/src/widgets/spinner/lv_spinner.c.obj
[1565/1891] Building C object esp-idf/lvgl__lvgl/CMakeFiles/__idf_lvgl__lvgl.dir/src/widgets/scale/lv_scale.c.obj
[1566/1891] Building C object esp-idf/lvgl__lvgl/CMakeFiles/__idf_lvgl__lvgl.dir/src/widgets/tabview/lv_tabview.c.obj
[1567/1891] Building C object esp-idf/lvgl__lvgl/CMakeFiles/__idf_lvgl__lvgl.dir/src/widgets/span/lv_span.c.obj
[1568/1891] Building C object esp-idf/lvgl__lvgl/CMakeFiles/__idf_lvgl__lvgl.dir/src/widgets/win/lv_win.c.obj
[1569/1891] Building C object esp-idf/lvgl__lvgl/CMakeFiles/__idf_lvgl__lvgl.dir/src/widgets/textarea/lv_textarea.c.obj
[1570/1891] Building C object esp-idf/lvgl__lvgl/CMakeFiles/__idf_lvgl__lvgl.dir/src/widgets/table/lv_table.c.obj
[1571/1891] Building C object esp-idf/lvgl__lvgl/CMakeFiles/__idf_lvgl__lvgl.dir/examples/anim/lv_example_anim_1.c.obj
[1572/1891] Building C object esp-idf/lvgl__lvgl/CMakeFiles/__idf_lvgl__lvgl.dir/examples/anim/lv_example_anim_2.c.obj
[1573/1891] Building C object esp-idf/lvgl__lvgl/CMakeFiles/__idf_lvgl__lvgl.dir/examples/anim/lv_example_anim_3.c.obj
[1574/1891] Building C object esp-idf/lvgl__lvgl/CMakeFiles/__idf_lvgl__lvgl.dir/examples/anim/lv_example_anim_timeline_1.c.obj
[1575/1891] Building C object esp-idf/lvgl__lvgl/CMakeFiles/__idf_lvgl__lvgl.dir/examples/assets/emoji/img_emoji_F617.c.obj
[1576/1891] Building C object esp-idf/lvgl__lvgl/CMakeFiles/__idf_lvgl__lvgl.dir/examples/assets/img_caret_down.c.obj
[1577/1891] Building C object esp-idf/lvgl__lvgl/CMakeFiles/__idf_lvgl__lvgl.dir/examples/assets/img_cogwheel_indexed16.c.obj
[1578/1891] Building C object esp-idf/lvgl__lvgl/CMakeFiles/__idf_lvgl__lvgl.dir/examples/assets/animimg002.c.obj
[1579/1891] Building C object esp-idf/lvgl__lvgl/CMakeFiles/__idf_lvgl__lvgl.dir/examples/assets/img_cogwheel_argb.c.obj
[1580/1891] Building C object esp-idf/lvgl__lvgl/CMakeFiles/__idf_lvgl__lvgl.dir/examples/assets/img_cogwheel_rgb.c.obj
[1581/1891] Building C object esp-idf/lvgl__lvgl/CMakeFiles/__idf_lvgl__lvgl.dir/examples/assets/img_hand.c.obj
[1582/1891] Building C object esp-idf/lvgl__lvgl/CMakeFiles/__idf_lvgl__lvgl.dir/examples/assets/img_skew_strip.c.obj
[1583/1891] Building C object esp-idf/lvgl__lvgl/CMakeFiles/__idf_lvgl__lvgl.dir/examples/assets/animimg001.c.obj
[1584/1891] Building C object esp-idf/lvgl__lvgl/CMakeFiles/__idf_lvgl__lvgl.dir/examples/assets/img_star.c.obj
[1585/1891] Building C object esp-idf/lvgl__lvgl/CMakeFiles/__idf_lvgl__lvgl.dir/examples/assets/imgbtn_left.c.obj
[1586/1891] Building C object esp-idf/lvgl__lvgl/CMakeFiles/__idf_lvgl__lvgl.dir/examples/assets/imgbtn_right.c.obj
[1587/1891] Building C object esp-idf/lvgl__lvgl/CMakeFiles/__idf_lvgl__lvgl.dir/examples/assets/animimg003.c.obj
[1588/1891] Building C object esp-idf/lvgl__lvgl/CMakeFiles/__idf_lvgl__lvgl.dir/examples/assets/imgbtn_mid.c.obj
[1589/1891] Building C object esp-idf/lvgl__lvgl/CMakeFiles/__idf_lvgl__lvgl.dir/examples/event/lv_example_event_1.c.obj
[1590/1891] Building C object esp-idf/lvgl__lvgl/CMakeFiles/__idf_lvgl__lvgl.dir/examples/event/lv_example_event_2.c.obj
[1591/1891] Building C object esp-idf/lvgl__lvgl/CMakeFiles/__idf_lvgl__lvgl.dir/examples/get_started/lv_example_get_started_1.c.obj
[1592/1891] Building C object esp-idf/lvgl__lvgl/CMakeFiles/__idf_lvgl__lvgl.dir/examples/layouts/flex/lv_example_flex_1.c.obj
[1593/1891] Building C object esp-idf/lvgl__lvgl/CMakeFiles/__idf_lvgl__lvgl.dir/examples/event/lv_example_event_3.c.obj
[1594/1891] Building C object esp-idf/lvgl__lvgl/CMakeFiles/__idf_lvgl__lvgl.dir/examples/get_started/lv_example_get_started_4.c.obj
[1595/1891] Building C object esp-idf/lvgl__lvgl/CMakeFiles/__idf_lvgl__lvgl.dir/examples/event/lv_example_event_4.c.obj
[1596/1891] Building C object esp-idf/lvgl__lvgl/CMakeFiles/__idf_lvgl__lvgl.dir/examples/get_started/lv_example_get_started_2.c.obj
[1597/1891] Building C object esp-idf/lvgl__lvgl/CMakeFiles/__idf_lvgl__lvgl.dir/examples/get_started/lv_example_get_started_3.c.obj
[1598/1891] Building C object esp-idf/lvgl__lvgl/CMakeFiles/__idf_lvgl__lvgl.dir/examples/layouts/flex/lv_example_flex_2.c.obj
[1599/1891] Building C object esp-idf/lvgl__lvgl/CMakeFiles/__idf_lvgl__lvgl.dir/examples/layouts/flex/lv_example_flex_4.c.obj
[1600/1891] Building C object esp-idf/lvgl__lvgl/CMakeFiles/__idf_lvgl__lvgl.dir/examples/layouts/flex/lv_example_flex_3.c.obj
[1601/1891] Building C object esp-idf/lvgl__lvgl/CMakeFiles/__idf_lvgl__lvgl.dir/examples/layouts/flex/lv_example_flex_6.c.obj
[1602/1891] Building C object esp-idf/lvgl__lvgl/CMakeFiles/__idf_lvgl__lvgl.dir/examples/layouts/flex/lv_example_flex_5.c.obj
[1603/1891] Building C object esp-idf/lvgl__lvgl/CMakeFiles/__idf_lvgl__lvgl.dir/examples/layouts/grid/lv_example_grid_4.c.obj
[1604/1891] Building C object esp-idf/lvgl__lvgl/CMakeFiles/__idf_lvgl__lvgl.dir/examples/layouts/grid/lv_example_grid_6.c.obj
[1605/1891] Building C object esp-idf/lvgl__lvgl/CMakeFiles/__idf_lvgl__lvgl.dir/examples/layouts/grid/lv_example_grid_1.c.obj
[1606/1891] Building C object esp-idf/lvgl__lvgl/CMakeFiles/__idf_lvgl__lvgl.dir/examples/layouts/grid/lv_example_grid_3.c.obj
[1607/1891] Building C object esp-idf/lvgl__lvgl/CMakeFiles/__idf_lvgl__lvgl.dir/examples/layouts/grid/lv_example_grid_2.c.obj
[1608/1891] Building C object esp-idf/lvgl__lvgl/CMakeFiles/__idf_lvgl__lvgl.dir/examples/libs/barcode/lv_example_barcode_1.c.obj
[1609/1891] Building C object esp-idf/lvgl__lvgl/CMakeFiles/__idf_lvgl__lvgl.dir/examples/libs/bmp/lv_example_bmp_1.c.obj
[1610/1891] Building C object esp-idf/lvgl__lvgl/CMakeFiles/__idf_lvgl__lvgl.dir/examples/layouts/grid/lv_example_grid_5.c.obj
[1611/1891] Building C object esp-idf/lvgl__lvgl/CMakeFiles/__idf_lvgl__lvgl.dir/examples/libs/ffmpeg/lv_example_ffmpeg_1.c.obj
[1612/1891] Building C object esp-idf/lvgl__lvgl/CMakeFiles/__idf_lvgl__lvgl.dir/examples/libs/freetype/lv_example_freetype_1.c.obj
[1613/1891] Building C object esp-idf/lvgl__lvgl/CMakeFiles/__idf_lvgl__lvgl.dir/examples/libs/ffmpeg/lv_example_ffmpeg_2.c.obj
[1614/1891] Building C object esp-idf/lvgl__lvgl/CMakeFiles/__idf_lvgl__lvgl.dir/examples/libs/libpng/img_png_demo.c.obj
[1615/1891] Building C object esp-idf/lvgl__lvgl/CMakeFiles/__idf_lvgl__lvgl.dir/examples/libs/libpng/lv_example_libpng_1.c.obj
[1616/1891] Building C object esp-idf/lvgl__lvgl/CMakeFiles/__idf_lvgl__lvgl.dir/examples/libs/gif/lv_example_gif_1.c.obj
[1617/1891] Building C object esp-idf/lvgl__lvgl/CMakeFiles/__idf_lvgl__lvgl.dir/examples/libs/libjpeg_turbo/lv_example_libjpeg_turbo_1.c.obj
[1618/1891] Building C object esp-idf/lvgl__lvgl/CMakeFiles/__idf_lvgl__lvgl.dir/examples/libs/lodepng/img_wink_png.c.obj
[1619/1891] Building C object esp-idf/lvgl__lvgl/CMakeFiles/__idf_lvgl__lvgl.dir/examples/libs/gif/img_bulb_gif.c.obj
[1620/1891] Building C object esp-idf/lvgl__lvgl/CMakeFiles/__idf_lvgl__lvgl.dir/examples/libs/lodepng/lv_example_lodepng_1.c.obj
[1621/1891] Building C object esp-idf/lvgl__lvgl/CMakeFiles/__idf_lvgl__lvgl.dir/examples/libs/qrcode/lv_example_qrcode_1.c.obj
[1622/1891] Building C object esp-idf/lvgl__lvgl/CMakeFiles/__idf_lvgl__lvgl.dir/examples/libs/rlottie/lv_example_rlottie_1.c.obj
[1623/1891] Building C object esp-idf/lvgl__lvgl/CMakeFiles/__idf_lvgl__lvgl.dir/examples/libs/rlottie/lv_example_rlottie_2.c.obj
[1624/1891] Building C object esp-idf/lvgl__lvgl/CMakeFiles/__idf_lvgl__lvgl.dir/examples/libs/rlottie/lv_example_rlottie_approve.c.obj
[1625/1891] Building C object esp-idf/lvgl__lvgl/CMakeFiles/__idf_lvgl__lvgl.dir/examples/libs/tjpgd/lv_example_tjpgd_1.c.obj
[1626/1891] Building C object esp-idf/lvgl__lvgl/CMakeFiles/__idf_lvgl__lvgl.dir/examples/libs/tiny_ttf/lv_example_tiny_ttf_2.c.obj
[1627/1891] Building C object esp-idf/lvgl__lvgl/CMakeFiles/__idf_lvgl__lvgl.dir/examples/libs/tiny_ttf/lv_example_tiny_ttf_3.c.obj
[1628/1891] Building C object esp-idf/lvgl__lvgl/CMakeFiles/__idf_lvgl__lvgl.dir/examples/libs/tiny_ttf/lv_example_tiny_ttf_1.c.obj
[1629/1891] Building C object esp-idf/lvgl__lvgl/CMakeFiles/__idf_lvgl__lvgl.dir/examples/others/file_explorer/lv_example_file_explorer_2.c.obj
[1630/1891] Building C object esp-idf/lvgl__lvgl/CMakeFiles/__idf_lvgl__lvgl.dir/examples/others/fragment/lv_example_fragment_2.c.obj
[1631/1891] Building C object esp-idf/lvgl__lvgl/CMakeFiles/__idf_lvgl__lvgl.dir/examples/others/file_explorer/lv_example_file_explorer_3.c.obj
[1632/1891] Building C object esp-idf/lvgl__lvgl/CMakeFiles/__idf_lvgl__lvgl.dir/examples/others/file_explorer/lv_example_file_explorer_1.c.obj
[1633/1891] Building C object esp-idf/lvgl__lvgl/CMakeFiles/__idf_lvgl__lvgl.dir/examples/others/fragment/lv_example_fragment_1.c.obj
[1634/1891] Building C object esp-idf/lvgl__lvgl/CMakeFiles/__idf_lvgl__lvgl.dir/examples/libs/tiny_ttf/ubuntu_font.c.obj
[1635/1891] Building C object esp-idf/lvgl__lvgl/CMakeFiles/__idf_lvgl__lvgl.dir/examples/others/gridnav/lv_example_gridnav_2.c.obj
[1636/1891] Building C object esp-idf/lvgl__lvgl/CMakeFiles/__idf_lvgl__lvgl.dir/examples/others/gridnav/lv_example_gridnav_1.c.obj
[1637/1891] Building C object esp-idf/lvgl__lvgl/CMakeFiles/__idf_lvgl__lvgl.dir/examples/others/monkey/lv_example_monkey_1.c.obj
[1638/1891] Building C object esp-idf/lvgl__lvgl/CMakeFiles/__idf_lvgl__lvgl.dir/examples/others/gridnav/lv_example_gridnav_4.c.obj
[1639/1891] Building C object esp-idf/lvgl__lvgl/CMakeFiles/__idf_lvgl__lvgl.dir/examples/others/ime/lv_example_ime_pinyin_1.c.obj
[1640/1891] Building C object esp-idf/lvgl__lvgl/CMakeFiles/__idf_lvgl__lvgl.dir/examples/others/imgfont/lv_example_imgfont_1.c.obj
[1641/1891] Building C object esp-idf/lvgl__lvgl/CMakeFiles/__idf_lvgl__lvgl.dir/examples/others/gridnav/lv_example_gridnav_3.c.obj
[1642/1891] Building C object esp-idf/lvgl__lvgl/CMakeFiles/__idf_lvgl__lvgl.dir/examples/others/monkey/lv_example_monkey_3.c.obj
[1643/1891] Building C object esp-idf/lvgl__lvgl/CMakeFiles/__idf_lvgl__lvgl.dir/examples/others/gridnav/lv_example_gridnav_5.c.obj
[1644/1891] Building C object esp-idf/lvgl__lvgl/CMakeFiles/__idf_lvgl__lvgl.dir/examples/others/observer/lv_example_observer_1.c.obj
[1645/1891] Building C object esp-idf/lvgl__lvgl/CMakeFiles/__idf_lvgl__lvgl.dir/examples/others/monkey/lv_example_monkey_2.c.obj
[1646/1891] Building C object esp-idf/lvgl__lvgl/CMakeFiles/__idf_lvgl__lvgl.dir/examples/porting/lv_port_fs_template.c.obj
[1647/1891] Building C object esp-idf/lvgl__lvgl/CMakeFiles/__idf_lvgl__lvgl.dir/examples/porting/lv_port_disp_template.c.obj
[1648/1891] Building C object esp-idf/lvgl__lvgl/CMakeFiles/__idf_lvgl__lvgl.dir/examples/porting/lv_port_indev_template.c.obj
[1649/1891] Building C object esp-idf/lvgl__lvgl/CMakeFiles/__idf_lvgl__lvgl.dir/examples/others/ime/lv_example_ime_pinyin_2.c.obj
[1650/1891] Building C object esp-idf/lvgl__lvgl/CMakeFiles/__idf_lvgl__lvgl.dir/examples/porting/lv_port_lcd_stm32_template.c.obj
[1651/1891] Building C object esp-idf/lvgl__lvgl/CMakeFiles/__idf_lvgl__lvgl.dir/examples/others/observer/lv_example_observer_2.c.obj
[1652/1891] Building C object esp-idf/lvgl__lvgl/CMakeFiles/__idf_lvgl__lvgl.dir/examples/others/snapshot/lv_example_snapshot_1.c.obj
[1653/1891] Building C object esp-idf/lvgl__lvgl/CMakeFiles/__idf_lvgl__lvgl.dir/examples/scroll/lv_example_scroll_4.c.obj
[1654/1891] Building C object esp-idf/lvgl__lvgl/CMakeFiles/__idf_lvgl__lvgl.dir/examples/others/observer/lv_example_observer_5.c.obj
[1655/1891] Building C object esp-idf/lvgl__lvgl/CMakeFiles/__idf_lvgl__lvgl.dir/examples/others/observer/lv_example_observer_3.c.obj
[1656/1891] Building C object esp-idf/lvgl__lvgl/CMakeFiles/__idf_lvgl__lvgl.dir/examples/others/observer/lv_example_observer_4.c.obj
[1657/1891] Building C object esp-idf/lvgl__lvgl/CMakeFiles/__idf_lvgl__lvgl.dir/examples/scroll/lv_example_scroll_5.c.obj
[1658/1891] Building C object esp-idf/lvgl__lvgl/CMakeFiles/__idf_lvgl__lvgl.dir/examples/porting/osal/lv_example_osal.c.obj
[1659/1891] Building C object esp-idf/lvgl__lvgl/CMakeFiles/__idf_lvgl__lvgl.dir/examples/scroll/lv_example_scroll_2.c.obj
[1660/1891] Building C object esp-idf/lvgl__lvgl/CMakeFiles/__idf_lvgl__lvgl.dir/examples/scroll/lv_example_scroll_1.c.obj
[1661/1891] Building C object esp-idf/lvgl__lvgl/CMakeFiles/__idf_lvgl__lvgl.dir/examples/others/observer/lv_example_observer_6.c.obj
[1662/1891] Building C object esp-idf/lvgl__lvgl/CMakeFiles/__idf_lvgl__lvgl.dir/examples/scroll/lv_example_scroll_3.c.obj
[1663/1891] Building C object esp-idf/lvgl__lvgl/CMakeFiles/__idf_lvgl__lvgl.dir/examples/styles/lv_example_style_10.c.obj
[1664/1891] Building C object esp-idf/lvgl__lvgl/CMakeFiles/__idf_lvgl__lvgl.dir/examples/styles/lv_example_style_17.c.obj
[1665/1891] Building C object esp-idf/lvgl__lvgl/CMakeFiles/__idf_lvgl__lvgl.dir/examples/styles/lv_example_style_15.c.obj
[1666/1891] Building C object esp-idf/lvgl__lvgl/CMakeFiles/__idf_lvgl__lvgl.dir/examples/styles/lv_example_style_13.c.obj
[1667/1891] Building C object esp-idf/lvgl__lvgl/CMakeFiles/__idf_lvgl__lvgl.dir/examples/styles/lv_example_style_11.c.obj
[1668/1891] Building C object esp-idf/lvgl__lvgl/CMakeFiles/__idf_lvgl__lvgl.dir/examples/styles/lv_example_style_14.c.obj
[1669/1891] Building C object esp-idf/lvgl__lvgl/CMakeFiles/__idf_lvgl__lvgl.dir/examples/styles/lv_example_style_18.c.obj
[1670/1891] Building C object esp-idf/lvgl__lvgl/CMakeFiles/__idf_lvgl__lvgl.dir/examples/scroll/lv_example_scroll_6.c.obj
[1671/1891] Building C object esp-idf/lvgl__lvgl/CMakeFiles/__idf_lvgl__lvgl.dir/examples/styles/lv_example_style_1.c.obj
[1672/1891] Building C object esp-idf/lvgl__lvgl/CMakeFiles/__idf_lvgl__lvgl.dir/examples/styles/lv_example_style_12.c.obj
[1673/1891] Building C object esp-idf/lvgl__lvgl/CMakeFiles/__idf_lvgl__lvgl.dir/examples/styles/lv_example_style_16.c.obj
[1674/1891] Building C object esp-idf/lvgl__lvgl/CMakeFiles/__idf_lvgl__lvgl.dir/examples/styles/lv_example_style_2.c.obj
[1675/1891] Building C object esp-idf/lvgl__lvgl/CMakeFiles/__idf_lvgl__lvgl.dir/examples/styles/lv_example_style_4.c.obj
[1676/1891] Building C object esp-idf/lvgl__lvgl/CMakeFiles/__idf_lvgl__lvgl.dir/examples/styles/lv_example_style_6.c.obj
[1677/1891] Building C object esp-idf/lvgl__lvgl/CMakeFiles/__idf_lvgl__lvgl.dir/examples/styles/lv_example_style_9.c.obj
[1678/1891] Building C object esp-idf/lvgl__lvgl/CMakeFiles/__idf_lvgl__lvgl.dir/examples/styles/lv_example_style_3.c.obj
[1679/1891] Building C object esp-idf/lvgl__lvgl/CMakeFiles/__idf_lvgl__lvgl.dir/examples/widgets/arc/lv_example_arc_2.c.obj
[1680/1891] Building C object esp-idf/lvgl__lvgl/CMakeFiles/__idf_lvgl__lvgl.dir/examples/styles/lv_example_style_8.c.obj
[1681/1891] Building C object esp-idf/lvgl__lvgl/CMakeFiles/__idf_lvgl__lvgl.dir/examples/styles/lv_example_style_5.c.obj
[1682/1891] Building C object esp-idf/lvgl__lvgl/CMakeFiles/__idf_lvgl__lvgl.dir/examples/styles/lv_example_style_7.c.obj
[1683/1891] Building C object esp-idf/lvgl__lvgl/CMakeFiles/__idf_lvgl__lvgl.dir/examples/widgets/bar/lv_example_bar_2.c.obj
[1684/1891] Building C object esp-idf/lvgl__lvgl/CMakeFiles/__idf_lvgl__lvgl.dir/examples/widgets/arc/lv_example_arc_1.c.obj
[1685/1891] Building C object esp-idf/lvgl__lvgl/CMakeFiles/__idf_lvgl__lvgl.dir/examples/widgets/animimg/lv_example_animimg_1.c.obj
[1686/1891] Building C object esp-idf/lvgl__lvgl/CMakeFiles/__idf_lvgl__lvgl.dir/examples/widgets/bar/lv_example_bar_1.c.obj
[1687/1891] Building C object esp-idf/lvgl__lvgl/CMakeFiles/__idf_lvgl__lvgl.dir/examples/widgets/bar/lv_example_bar_7.c.obj
[1688/1891] Building C object esp-idf/lvgl__lvgl/CMakeFiles/__idf_lvgl__lvgl.dir/examples/widgets/bar/lv_example_bar_6.c.obj
[1689/1891] Building C object esp-idf/lvgl__lvgl/CMakeFiles/__idf_lvgl__lvgl.dir/examples/widgets/bar/lv_example_bar_3.c.obj
[1690/1891] Building C object esp-idf/lvgl__lvgl/CMakeFiles/__idf_lvgl__lvgl.dir/examples/widgets/bar/lv_example_bar_5.c.obj
[1691/1891] Building C object esp-idf/lvgl__lvgl/CMakeFiles/__idf_lvgl__lvgl.dir/examples/widgets/bar/lv_example_bar_4.c.obj
[1692/1891] Building C object esp-idf/lvgl__lvgl/CMakeFiles/__idf_lvgl__lvgl.dir/examples/widgets/button/lv_example_button_1.c.obj
[1693/1891] Building C object esp-idf/lvgl__lvgl/CMakeFiles/__idf_lvgl__lvgl.dir/examples/widgets/button/lv_example_button_3.c.obj
[1694/1891] Building C object esp-idf/lvgl__lvgl/CMakeFiles/__idf_lvgl__lvgl.dir/examples/widgets/buttonmatrix/lv_example_buttonmatrix_1.c.obj
[1695/1891] Building C object esp-idf/lvgl__lvgl/CMakeFiles/__idf_lvgl__lvgl.dir/examples/widgets/buttonmatrix/lv_example_buttonmatrix_3.c.obj
[1696/1891] Building C object esp-idf/lvgl__lvgl/CMakeFiles/__idf_lvgl__lvgl.dir/examples/widgets/calendar/lv_example_calendar_1.c.obj
[1697/1891] Building C object esp-idf/lvgl__lvgl/CMakeFiles/__idf_lvgl__lvgl.dir/examples/widgets/button/lv_example_button_2.c.obj
[1698/1891] Building C object esp-idf/lvgl__lvgl/CMakeFiles/__idf_lvgl__lvgl.dir/examples/widgets/buttonmatrix/lv_example_buttonmatrix_2.c.obj
[1699/1891] Building C object esp-idf/lvgl__lvgl/CMakeFiles/__idf_lvgl__lvgl.dir/examples/widgets/canvas/lv_example_canvas_1.c.obj
[1700/1891] Building C object esp-idf/lvgl__lvgl/CMakeFiles/__idf_lvgl__lvgl.dir/examples/widgets/calendar/lv_example_calendar_2.c.obj
[1701/1891] Building C object esp-idf/lvgl__lvgl/CMakeFiles/__idf_lvgl__lvgl.dir/examples/widgets/chart/lv_example_chart_1.c.obj
[1702/1891] Building C object esp-idf/lvgl__lvgl/CMakeFiles/__idf_lvgl__lvgl.dir/examples/widgets/canvas/lv_example_canvas_7.c.obj
[1703/1891] Building C object esp-idf/lvgl__lvgl/CMakeFiles/__idf_lvgl__lvgl.dir/examples/widgets/canvas/lv_example_canvas_6.c.obj
[1704/1891] Building C object esp-idf/lvgl__lvgl/CMakeFiles/__idf_lvgl__lvgl.dir/examples/widgets/canvas/lv_example_canvas_3.c.obj
[1705/1891] Building C object esp-idf/lvgl__lvgl/CMakeFiles/__idf_lvgl__lvgl.dir/examples/widgets/canvas/lv_example_canvas_4.c.obj
[1706/1891] Building C object esp-idf/lvgl__lvgl/CMakeFiles/__idf_lvgl__lvgl.dir/examples/widgets/canvas/lv_example_canvas_2.c.obj
[1707/1891] Building C object esp-idf/lvgl__lvgl/CMakeFiles/__idf_lvgl__lvgl.dir/examples/widgets/canvas/lv_example_canvas_5.c.obj
[1708/1891] Building C object esp-idf/lvgl__lvgl/CMakeFiles/__idf_lvgl__lvgl.dir/examples/widgets/canvas/lv_example_canvas_8.c.obj
[1709/1891] Building C object esp-idf/lvgl__lvgl/CMakeFiles/__idf_lvgl__lvgl.dir/examples/widgets/chart/lv_example_chart_2.c.obj
[1710/1891] Building C object esp-idf/lvgl__lvgl/CMakeFiles/__idf_lvgl__lvgl.dir/examples/widgets/chart/lv_example_chart_3.c.obj
[1711/1891] Building C object esp-idf/lvgl__lvgl/CMakeFiles/__idf_lvgl__lvgl.dir/examples/widgets/chart/lv_example_chart_7.c.obj
[1712/1891] Building C object esp-idf/lvgl__lvgl/CMakeFiles/__idf_lvgl__lvgl.dir/examples/widgets/chart/lv_example_chart_6.c.obj
[1713/1891] Building C object esp-idf/lvgl__lvgl/CMakeFiles/__idf_lvgl__lvgl.dir/examples/widgets/checkbox/lv_example_checkbox_2.c.obj
[1714/1891] Building C object esp-idf/lvgl__lvgl/CMakeFiles/__idf_lvgl__lvgl.dir/examples/widgets/chart/lv_example_chart_4.c.obj
[1715/1891] Building C object esp-idf/lvgl__lvgl/CMakeFiles/__idf_lvgl__lvgl.dir/examples/widgets/dropdown/lv_example_dropdown_1.c.obj
[1716/1891] Building C object esp-idf/lvgl__lvgl/CMakeFiles/__idf_lvgl__lvgl.dir/examples/widgets/chart/lv_example_chart_8.c.obj
[1717/1891] Building C object esp-idf/lvgl__lvgl/CMakeFiles/__idf_lvgl__lvgl.dir/examples/widgets/dropdown/lv_example_dropdown_2.c.obj
[1718/1891] Building C object esp-idf/lvgl__lvgl/CMakeFiles/__idf_lvgl__lvgl.dir/examples/widgets/checkbox/lv_example_checkbox_1.c.obj
[1719/1891] Building C object esp-idf/lvgl__lvgl/CMakeFiles/__idf_lvgl__lvgl.dir/examples/widgets/image/lv_example_image_2.c.obj
[1720/1891] Building C object esp-idf/lvgl__lvgl/CMakeFiles/__idf_lvgl__lvgl.dir/examples/widgets/chart/lv_example_chart_5.c.obj
[1721/1891] Building C object esp-idf/lvgl__lvgl/CMakeFiles/__idf_lvgl__lvgl.dir/examples/widgets/dropdown/lv_example_dropdown_3.c.obj
[1722/1891] Building C object esp-idf/lvgl__lvgl/CMakeFiles/__idf_lvgl__lvgl.dir/examples/widgets/image/lv_example_image_1.c.obj
[1723/1891] Building C object esp-idf/lvgl__lvgl/CMakeFiles/__idf_lvgl__lvgl.dir/examples/widgets/image/lv_example_image_3.c.obj
[1724/1891] Building C object esp-idf/lvgl__lvgl/CMakeFiles/__idf_lvgl__lvgl.dir/examples/widgets/label/lv_example_label_1.c.obj
[1725/1891] Building C object esp-idf/lvgl__lvgl/CMakeFiles/__idf_lvgl__lvgl.dir/examples/widgets/imagebutton/lv_example_imagebutton_1.c.obj
[1726/1891] Building C object esp-idf/lvgl__lvgl/CMakeFiles/__idf_lvgl__lvgl.dir/examples/widgets/label/lv_example_label_2.c.obj
[1727/1891] Building C object esp-idf/lvgl__lvgl/CMakeFiles/__idf_lvgl__lvgl.dir/examples/widgets/image/lv_example_image_4.c.obj
[1728/1891] Building C object esp-idf/lvgl__lvgl/CMakeFiles/__idf_lvgl__lvgl.dir/examples/widgets/keyboard/lv_example_keyboard_1.c.obj
[1729/1891] Building C object esp-idf/lvgl__lvgl/CMakeFiles/__idf_lvgl__lvgl.dir/examples/widgets/keyboard/lv_example_keyboard_2.c.obj
[1730/1891] Building C object esp-idf/lvgl__lvgl/CMakeFiles/__idf_lvgl__lvgl.dir/examples/widgets/label/lv_example_label_3.c.obj
[1731/1891] Building C object esp-idf/lvgl__lvgl/CMakeFiles/__idf_lvgl__lvgl.dir/examples/widgets/label/lv_example_label_4.c.obj
[1732/1891] Building C object esp-idf/lvgl__lvgl/CMakeFiles/__idf_lvgl__lvgl.dir/examples/widgets/line/lv_example_line_1.c.obj
[1733/1891] Building C object esp-idf/lvgl__lvgl/CMakeFiles/__idf_lvgl__lvgl.dir/examples/widgets/label/lv_example_label_5.c.obj
[1734/1891] Building C object esp-idf/lvgl__lvgl/CMakeFiles/__idf_lvgl__lvgl.dir/examples/widgets/led/lv_example_led_1.c.obj
[1735/1891] Building C object esp-idf/lvgl__lvgl/CMakeFiles/__idf_lvgl__lvgl.dir/examples/widgets/list/lv_example_list_1.c.obj
[1736/1891] Building C object esp-idf/lvgl__lvgl/CMakeFiles/__idf_lvgl__lvgl.dir/examples/widgets/menu/lv_example_menu_2.c.obj
[1737/1891] Building C object esp-idf/lvgl__lvgl/CMakeFiles/__idf_lvgl__lvgl.dir/examples/widgets/lottie/lv_example_lottie_1.c.obj
[1738/1891] Building C object esp-idf/lvgl__lvgl/CMakeFiles/__idf_lvgl__lvgl.dir/examples/widgets/lottie/lv_example_lottie_approve.c.obj
[1739/1891] Building C object esp-idf/lvgl__lvgl/CMakeFiles/__idf_lvgl__lvgl.dir/examples/widgets/msgbox/lv_example_msgbox_1.c.obj
[1740/1891] Building C object esp-idf/lvgl__lvgl/CMakeFiles/__idf_lvgl__lvgl.dir/examples/widgets/lottie/lv_example_lottie_2.c.obj
[1741/1891] Building C object esp-idf/lvgl__lvgl/CMakeFiles/__idf_lvgl__lvgl.dir/examples/widgets/menu/lv_example_menu_3.c.obj
[1742/1891] Building C object esp-idf/lvgl__lvgl/CMakeFiles/__idf_lvgl__lvgl.dir/examples/widgets/menu/lv_example_menu_4.c.obj
[1743/1891] Building C object esp-idf/lvgl__lvgl/CMakeFiles/__idf_lvgl__lvgl.dir/examples/widgets/menu/lv_example_menu_1.c.obj
[1744/1891] Building C object esp-idf/lvgl__lvgl/CMakeFiles/__idf_lvgl__lvgl.dir/examples/widgets/menu/lv_example_menu_5.c.obj
[1745/1891] Building C object esp-idf/lvgl__lvgl/CMakeFiles/__idf_lvgl__lvgl.dir/examples/widgets/list/lv_example_list_2.c.obj
[1746/1891] Building C object esp-idf/lvgl__lvgl/CMakeFiles/__idf_lvgl__lvgl.dir/examples/widgets/msgbox/lv_example_msgbox_2.c.obj
[1747/1891] Building C object esp-idf/lvgl__lvgl/CMakeFiles/__idf_lvgl__lvgl.dir/examples/widgets/scale/lv_example_scale_3.c.obj
[1748/1891] Building C object esp-idf/lvgl__lvgl/CMakeFiles/__idf_lvgl__lvgl.dir/examples/widgets/scale/lv_example_scale_6.c.obj
[1749/1891] Building C object esp-idf/lvgl__lvgl/CMakeFiles/__idf_lvgl__lvgl.dir/examples/widgets/obj/lv_example_obj_1.c.obj
[1750/1891] Building C object esp-idf/lvgl__lvgl/CMakeFiles/__idf_lvgl__lvgl.dir/examples/widgets/roller/lv_example_roller_2.c.obj
[1751/1891] Building C object esp-idf/lvgl__lvgl/CMakeFiles/__idf_lvgl__lvgl.dir/examples/widgets/scale/lv_example_scale_4.c.obj
[1752/1891] Building C object esp-idf/lvgl__lvgl/CMakeFiles/__idf_lvgl__lvgl.dir/examples/widgets/roller/lv_example_roller_3.c.obj
[1753/1891] Building C object esp-idf/lvgl__lvgl/CMakeFiles/__idf_lvgl__lvgl.dir/examples/widgets/obj/lv_example_obj_2.c.obj
[1754/1891] Building C object esp-idf/lvgl__lvgl/CMakeFiles/__idf_lvgl__lvgl.dir/examples/widgets/roller/lv_example_roller_1.c.obj
[1755/1891] Building C object esp-idf/lvgl__lvgl/CMakeFiles/__idf_lvgl__lvgl.dir/examples/widgets/scale/lv_example_scale_1.c.obj
[1756/1891] Building C object esp-idf/lvgl__lvgl/CMakeFiles/__idf_lvgl__lvgl.dir/examples/widgets/scale/lv_example_scale_5.c.obj
[1757/1891] Building C object esp-idf/lvgl__lvgl/CMakeFiles/__idf_lvgl__lvgl.dir/examples/widgets/scale/lv_example_scale_7.c.obj
[1758/1891] Building C object esp-idf/lvgl__lvgl/CMakeFiles/__idf_lvgl__lvgl.dir/examples/widgets/scale/lv_example_scale_2.c.obj
[1759/1891] Building C object esp-idf/lvgl__lvgl/CMakeFiles/__idf_lvgl__lvgl.dir/examples/widgets/spinbox/lv_example_spinbox_1.c.obj
[1760/1891] Building C object esp-idf/lvgl__lvgl/CMakeFiles/__idf_lvgl__lvgl.dir/examples/widgets/slider/lv_example_slider_4.c.obj
[1761/1891] Building C object esp-idf/lvgl__lvgl/CMakeFiles/__idf_lvgl__lvgl.dir/examples/widgets/slider/lv_example_slider_1.c.obj
[1762/1891] Building C object esp-idf/lvgl__lvgl/CMakeFiles/__idf_lvgl__lvgl.dir/examples/widgets/spinner/lv_example_spinner_1.c.obj
[1763/1891] Building C object esp-idf/lvgl__lvgl/CMakeFiles/__idf_lvgl__lvgl.dir/examples/widgets/slider/lv_example_slider_2.c.obj
[1764/1891] Building C object esp-idf/lvgl__lvgl/CMakeFiles/__idf_lvgl__lvgl.dir/examples/widgets/tabview/lv_example_tabview_1.c.obj
[1765/1891] Building C object esp-idf/lvgl__lvgl/CMakeFiles/__idf_lvgl__lvgl.dir/examples/widgets/slider/lv_example_slider_3.c.obj
[1766/1891] Building C object esp-idf/lvgl__lvgl/CMakeFiles/__idf_lvgl__lvgl.dir/examples/widgets/tabview/lv_example_tabview_2.c.obj
[1767/1891] Building C object esp-idf/lvgl__lvgl/CMakeFiles/__idf_lvgl__lvgl.dir/examples/widgets/table/lv_example_table_2.c.obj
[1768/1891] Building C object esp-idf/lvgl__lvgl/CMakeFiles/__idf_lvgl__lvgl.dir/examples/widgets/span/lv_example_span_1.c.obj
[1769/1891] Building C object esp-idf/lvgl__lvgl/CMakeFiles/__idf_lvgl__lvgl.dir/examples/widgets/switch/lv_example_switch_1.c.obj
[1770/1891] Building C object esp-idf/lvgl__lvgl/CMakeFiles/__idf_lvgl__lvgl.dir/examples/widgets/table/lv_example_table_1.c.obj
[1771/1891] Linking C static library esp-idf/espressif__esp_io_expander/libespressif__esp_io_expander.a
[1772/1891] Building C object esp-idf/app_trace/CMakeFiles/__idf_app_trace.dir/app_trace_util.c.obj
[1773/1891] Building C object esp-idf/app_trace/CMakeFiles/__idf_app_trace.dir/host_file_io.c.obj
[1774/1891] Building C object esp-idf/app_trace/CMakeFiles/__idf_app_trace.dir/port/port_uart.c.obj
[1775/1891] Building C object esp-idf/waveshare__custom_io_expander_ch32v003/CMakeFiles/__idf_waveshare__custom_io_expander_ch32v003.dir/custom_io_expander_ch32v003.c.obj
[1776/1891] Building C object esp-idf/cmock/CMakeFiles/__idf_cmock.dir/CMock/src/cmock.c.obj
[1777/1891] Building C object esp-idf/app_trace/CMakeFiles/__idf_app_trace.dir/app_trace.c.obj
[1778/1891] Linking C static library esp-idf/unity/libunity.a
[1779/1891] Building C object esp-idf/lvgl__lvgl/CMakeFiles/__idf_lvgl__lvgl.dir/examples/widgets/textarea/lv_example_textarea_2.c.obj
[1780/1891] Building C object esp-idf/lvgl__lvgl/CMakeFiles/__idf_lvgl__lvgl.dir/examples/widgets/tileview/lv_example_tileview_1.c.obj
[1781/1891] Building C object esp-idf/lvgl__lvgl/CMakeFiles/__idf_lvgl__lvgl.dir/examples/widgets/textarea/lv_example_textarea_1.c.obj
[1782/1891] Building C object esp-idf/lvgl__lvgl/CMakeFiles/__idf_lvgl__lvgl.dir/examples/widgets/win/lv_example_win_1.c.obj
[1783/1891] Building C object esp-idf/lvgl__lvgl/CMakeFiles/__idf_lvgl__lvgl.dir/examples/widgets/textarea/lv_example_textarea_3.c.obj
[1784/1891] Building C object esp-idf/esp_driver_cam/CMakeFiles/__idf_esp_driver_cam.dir/dvp_share_ctrl.c.obj
[1785/1891] Building C object esp-idf/esp_driver_cam/CMakeFiles/__idf_esp_driver_cam.dir/esp_cam_ctlr.c.obj
[1786/1891] Building C object esp-idf/esp_driver_cam/CMakeFiles/__idf_esp_driver_cam.dir/dvp/src/esp_cam_ctlr_dvp_gdma.c.obj
[1787/1891] Linking C static library esp-idf/esp_https_server/libesp_https_server.a
[1788/1891] Building C object esp-idf/esp_hid/CMakeFiles/__idf_esp_hid.dir/src/esp_hidd.c.obj
[1789/1891] Linking C static library esp-idf/protocomm/libprotocomm.a
[1790/1891] Building C object esp-idf/esp_eth/CMakeFiles/__idf_esp_eth.dir/src/esp_eth_netif_glue.c.obj
[1791/1891] Building C object esp-idf/esp_hid/CMakeFiles/__idf_esp_hid.dir/src/esp_hid_common.c.obj
[1792/1891] Building C object esp-idf/espcoredump/CMakeFiles/__idf_espcoredump.dir/src/core_dump_init.c.obj
[1793/1891] Building C object esp-idf/esp_local_ctrl/CMakeFiles/__idf_esp_local_ctrl.dir/src/esp_local_ctrl.c.obj
[1794/1891] Building C object esp-idf/esp_local_ctrl/CMakeFiles/__idf_esp_local_ctrl.dir/src/esp_local_ctrl_handler.c.obj
[1795/1891] Building C object esp-idf/esp_hid/CMakeFiles/__idf_esp_hid.dir/src/esp_hidh.c.obj
[1796/1891] Building C object esp-idf/esp_driver_touch_sens/CMakeFiles/__idf_esp_driver_touch_sens.dir/hw_ver2/touch_version_specific.c.obj
[1797/1891] Building C object esp-idf/espcoredump/CMakeFiles/__idf_espcoredump.dir/src/core_dump_common.c.obj
[1798/1891] Building C object esp-idf/esp_local_ctrl/CMakeFiles/__idf_esp_local_ctrl.dir/src/esp_local_ctrl_transport_httpd.c.obj
[1799/1891] Building C object esp-idf/esp_driver_touch_sens/CMakeFiles/__idf_esp_driver_touch_sens.dir/common/touch_sens_common.c.obj
[1800/1891] Building C object esp-idf/esp_eth/CMakeFiles/__idf_esp_eth.dir/src/esp_eth.c.obj
[1801/1891] Building C object esp-idf/esp_driver_cam/CMakeFiles/__idf_esp_driver_cam.dir/dvp/src/esp_cam_ctlr_dvp_cam.c.obj
[1802/1891] Building C object esp-idf/esp_local_ctrl/CMakeFiles/__idf_esp_local_ctrl.dir/proto-c/esp_local_ctrl.pb-c.c.obj
[1803/1891] Building C object esp-idf/esp_eth/CMakeFiles/__idf_esp_eth.dir/src/phy/esp_eth_phy_802_3.c.obj
[1804/1891] Building C object esp-idf/espcoredump/CMakeFiles/__idf_espcoredump.dir/src/core_dump_sha.c.obj
[1805/1891] Building C object esp-idf/espcoredump/CMakeFiles/__idf_espcoredump.dir/src/core_dump_crc.c.obj
[1806/1891] Linking C static library esp-idf/wear_levelling/libwear_levelling.a
[1807/1891] Building C object esp-idf/espcoredump/CMakeFiles/__idf_espcoredump.dir/src/core_dump_elf.c.obj
[1808/1891] Building C object esp-idf/espcoredump/CMakeFiles/__idf_espcoredump.dir/src/core_dump_binary.c.obj
[1809/1891] Building C object esp-idf/espcoredump/CMakeFiles/__idf_espcoredump.dir/src/core_dump_uart.c.obj
[1810/1891] Building C object esp-idf/espcoredump/CMakeFiles/__idf_espcoredump.dir/src/port/xtensa/core_dump_port.c.obj
[1811/1891] Building C object esp-idf/espcoredump/CMakeFiles/__idf_espcoredump.dir/src/core_dump_flash.c.obj
[1812/1891] Building C object esp-idf/fatfs/CMakeFiles/__idf_fatfs.dir/diskio/diskio_rawflash.c.obj
[1813/1891] Building C object esp-idf/fatfs/CMakeFiles/__idf_fatfs.dir/port/freertos/ffsystem.c.obj
[1814/1891] Building C object esp-idf/fatfs/CMakeFiles/__idf_fatfs.dir/diskio/diskio_wl.c.obj
[1815/1891] Building C object esp-idf/fatfs/CMakeFiles/__idf_fatfs.dir/src/ffunicode.c.obj
[1816/1891] Building C object esp-idf/fatfs/CMakeFiles/__idf_fatfs.dir/diskio/diskio.c.obj
[1817/1891] Building C object esp-idf/fatfs/CMakeFiles/__idf_fatfs.dir/diskio/diskio_sdmmc.c.obj
[1818/1891] Building C object esp-idf/perfmon/CMakeFiles/__idf_perfmon.dir/xtensa_perfmon_access.c.obj
[1819/1891] Building C object esp-idf/perfmon/CMakeFiles/__idf_perfmon.dir/xtensa_perfmon_masks.c.obj
[1820/1891] Building C object esp-idf/perfmon/CMakeFiles/__idf_perfmon.dir/xtensa_perfmon_apis.c.obj
[1821/1891] Building C object esp-idf/nvs_sec_provider/CMakeFiles/__idf_nvs_sec_provider.dir/nvs_sec_provider.c.obj
[1822/1891] Building C object esp-idf/mqtt/CMakeFiles/__idf_mqtt.dir/esp-mqtt/lib/platform_esp32_idf.c.obj
[1823/1891] Building C object esp-idf/mqtt/CMakeFiles/__idf_mqtt.dir/esp-mqtt/lib/mqtt_outbox.c.obj
[1824/1891] Building C object esp-idf/fatfs/CMakeFiles/__idf_fatfs.dir/vfs/vfs_fat_spiflash.c.obj
[1825/1891] Building C object esp-idf/mqtt/CMakeFiles/__idf_mqtt.dir/esp-mqtt/lib/mqtt_msg.c.obj
[1826/1891] Building C object esp-idf/fatfs/CMakeFiles/__idf_fatfs.dir/vfs/vfs_fat_sdmmc.c.obj
[1827/1891] Building C object esp-idf/rt/CMakeFiles/__idf_rt.dir/FreeRTOS_POSIX_utils.c.obj
[1828/1891] Building C object esp-idf/rt/CMakeFiles/__idf_rt.dir/FreeRTOS_POSIX_mqueue.c.obj
[1829/1891] Building C object esp-idf/touch_element/CMakeFiles/__idf_touch_element.dir/touch_button.c.obj
[1830/1891] Building C object esp-idf/usb/CMakeFiles/__idf_usb.dir/hub.c.obj
[1831/1891] Building C object esp-idf/touch_element/CMakeFiles/__idf_touch_element.dir/touch_slider.c.obj
[1832/1891] Building C object esp-idf/touch_element/CMakeFiles/__idf_touch_element.dir/touch_matrix.c.obj
[1833/1891] Building C object esp-idf/usb/CMakeFiles/__idf_usb.dir/usb_helpers.c.obj
[1834/1891] Building C object esp-idf/usb/CMakeFiles/__idf_usb.dir/enum.c.obj
[1835/1891] Building C object esp-idf/fatfs/CMakeFiles/__idf_fatfs.dir/vfs/vfs_fat.c.obj
[1836/1891] Building C object esp-idf/usb/CMakeFiles/__idf_usb.dir/usb_private.c.obj
[1837/1891] Building C object esp-idf/touch_element/CMakeFiles/__idf_touch_element.dir/touch_element.c.obj
[1838/1891] Building C object esp-idf/wifi_provisioning/CMakeFiles/__idf_wifi_provisioning.dir/src/wifi_config.c.obj
[1839/1891] Building C object esp-idf/wifi_provisioning/CMakeFiles/__idf_wifi_provisioning.dir/src/wifi_ctrl.c.obj
[1840/1891] Building C object esp-idf/wifi_provisioning/CMakeFiles/__idf_wifi_provisioning.dir/src/wifi_scan.c.obj
[1841/1891] Building C object esp-idf/wifi_provisioning/CMakeFiles/__idf_wifi_provisioning.dir/src/handlers.c.obj
[1842/1891] Building C object esp-idf/wifi_provisioning/CMakeFiles/__idf_wifi_provisioning.dir/src/scheme_console.c.obj
[1843/1891] Building C object esp-idf/usb/CMakeFiles/__idf_usb.dir/usb_host.c.obj
[1844/1891] Building C object esp-idf/usb/CMakeFiles/__idf_usb.dir/usb_phy.c.obj
[1845/1891] Building C object esp-idf/wifi_provisioning/CMakeFiles/__idf_wifi_provisioning.dir/proto-c/wifi_config.pb-c.c.obj
[1846/1891] Building C object esp-idf/fatfs/CMakeFiles/__idf_fatfs.dir/src/ff.c.obj
[1847/1891] Building C object esp-idf/wifi_provisioning/CMakeFiles/__idf_wifi_provisioning.dir/proto-c/wifi_scan.pb-c.c.obj
[1848/1891] Building C object esp-idf/wifi_provisioning/CMakeFiles/__idf_wifi_provisioning.dir/proto-c/wifi_constants.pb-c.c.obj
[1849/1891] Building C object esp-idf/wifi_provisioning/CMakeFiles/__idf_wifi_provisioning.dir/proto-c/wifi_ctrl.pb-c.c.obj
[1850/1891] Building C object esp-idf/usb/CMakeFiles/__idf_usb.dir/usbh.c.obj
[1851/1891] Linking C static library esp-idf/espressif__esp-sr/libespressif__esp-sr.a
[1852/1891] Linking C static library esp-idf/espressif__esp_lcd_st77916/libespressif__esp_lcd_st77916.a
[1853/1891] Building C object esp-idf/wifi_provisioning/CMakeFiles/__idf_wifi_provisioning.dir/src/scheme_softap.c.obj
[1854/1891] Linking C static library esp-idf/espressif__esp_codec_dev/libespressif__esp_codec_dev.a
[1855/1891] Building C object esp-idf/usb/CMakeFiles/__idf_usb.dir/hcd_dwc.c.obj
[1856/1891] Linking C static library esp-idf/waveshare__custom_io_expander_ch32v003/libwaveshare__custom_io_expander_ch32v003.a
[1857/1891] Linking C static library esp-idf/espressif__esp32-camera/libespressif__esp32-camera.a
[1858/1891] Building C object esp-idf/mqtt/CMakeFiles/__idf_mqtt.dir/esp-mqtt/mqtt_client.c.obj
[1859/1891] Building C object esp-idf/main/CMakeFiles/__idf_main.dir/__/core/audio.c.obj
[1860/1891] Building C object esp-idf/wifi_provisioning/CMakeFiles/__idf_wifi_provisioning.dir/src/manager.c.obj
[1861/1891] Building C object esp-idf/main/CMakeFiles/__idf_main.dir/__/core/eyes.c.obj
[1862/1891] Linking C static library esp-idf/cmock/libcmock.a
[1863/1891] Linking C static library esp-idf/app_trace/libapp_trace.a
[1864/1891] Linking C static library esp-idf/esp_driver_touch_sens/libesp_driver_touch_sens.a
[1865/1891] Linking C static library esp-idf/esp_driver_cam/libesp_driver_cam.a
[1866/1891] Building C object esp-idf/main/CMakeFiles/__idf_main.dir/board_v12.c.obj
FAILED: [code=1] esp-idf/main/CMakeFiles/__idf_main.dir/board_v12.c.obj 
/Users/dean/.espressif/tools/xtensa-esp-elf/esp-14.2.0_20251107/xtensa-esp-elf/bin/xtensa-esp32s3-elf-gcc -DESP_PLATFORM -DIDF_VER=\"v5.5.2\" -DLV_CONF_INCLUDE_SIMPLE -DSOC_MMU_PAGE_SIZE=CONFIG_MMU_PAGE_SIZE -DSOC_XTAL_FREQ_MHZ=CONFIG_XTAL_FREQ -D_GLIBCXX_HAVE_POSIX_SEMAPHORE -D_GLIBCXX_USE_POSIX_SEMAPHORE -D_GNU_SOURCE -D_POSIX_READER_WRITER_LOCKS -I/Users/dean/Documents/MORI/firmware/interaction/build_v1_2/config -I/Users/dean/Documents/MORI/firmware/interaction/main -I/Users/dean/Documents/MORI/firmware/interaction/core -I/Users/dean/esp/esp-idf/components/newlib/platform_include -I/Users/dean/esp/esp-idf/components/freertos/config/include -I/Users/dean/esp/esp-idf/components/freertos/config/include/freertos -I/Users/dean/esp/esp-idf/components/freertos/config/xtensa/include -I/Users/dean/esp/esp-idf/components/freertos/FreeRTOS-Kernel/include -I/Users/dean/esp/esp-idf/components/freertos/FreeRTOS-Kernel/portable/xtensa/include -I/Users/dean/esp/esp-idf/components/freertos/FreeRTOS-Kernel/portable/xtensa/include/freertos -I/Users/dean/esp/esp-idf/components/freertos/esp_additions/include -I/Users/dean/esp/esp-idf/components/esp_hw_support/include -I/Users/dean/esp/esp-idf/components/esp_hw_support/include/soc -I/Users/dean/esp/esp-idf/components/esp_hw_support/include/soc/esp32s3 -I/Users/dean/esp/esp-idf/components/esp_hw_support/dma/include -I/Users/dean/esp/esp-idf/components/esp_hw_support/ldo/include -I/Users/dean/esp/esp-idf/components/esp_hw_support/debug_probe/include -I/Users/dean/esp/esp-idf/components/esp_hw_support/mspi_timing_tuning/include -I/Users/dean/esp/esp-idf/components/esp_hw_support/mspi_timing_tuning/tuning_scheme_impl/include -I/Users/dean/esp/esp-idf/components/esp_hw_support/power_supply/include -I/Users/dean/esp/esp-idf/components/esp_hw_support/port/esp32s3/. -I/Users/dean/esp/esp-idf/components/esp_hw_support/port/esp32s3/include -I/Users/dean/esp/esp-idf/components/esp_hw_support/mspi_timing_tuning/port/esp32s3/. -I/Users/dean/esp/esp-idf/components/esp_hw_support/mspi_timing_tuning/port/esp32s3/include -I/Users/dean/esp/esp-idf/components/heap/include -I/Users/dean/esp/esp-idf/components/heap/tlsf -I/Users/dean/esp/esp-idf/components/log/include -I/Users/dean/esp/esp-idf/components/soc/include -I/Users/dean/esp/esp-idf/components/soc/esp32s3 -I/Users/dean/esp/esp-idf/components/soc/esp32s3/include -I/Users/dean/esp/esp-idf/components/soc/esp32s3/register -I/Users/dean/esp/esp-idf/components/hal/platform_port/include -I/Users/dean/esp/esp-idf/components/hal/esp32s3/include -I/Users/dean/esp/esp-idf/components/hal/include -I/Users/dean/esp/esp-idf/components/esp_rom/include -I/Users/dean/esp/esp-idf/components/esp_rom/esp32s3/include -I/Users/dean/esp/esp-idf/components/esp_rom/esp32s3/include/esp32s3 -I/Users/dean/esp/esp-idf/components/esp_rom/esp32s3 -I/Users/dean/esp/esp-idf/components/esp_common/include -I/Users/dean/esp/esp-idf/components/esp_system/include -I/Users/dean/esp/esp-idf/components/esp_system/port/soc -I/Users/dean/esp/esp-idf/components/esp_system/port/include/private -I/Users/dean/esp/esp-idf/components/xtensa/esp32s3/include -I/Users/dean/esp/esp-idf/components/xtensa/include -I/Users/dean/esp/esp-idf/components/xtensa/deprecated_include -I/Users/dean/esp/esp-idf/components/lwip/include -I/Users/dean/esp/esp-idf/components/lwip/include/apps -I/Users/dean/esp/esp-idf/components/lwip/include/apps/sntp -I/Users/dean/esp/esp-idf/components/lwip/lwip/src/include -I/Users/dean/esp/esp-idf/components/lwip/port/include -I/Users/dean/esp/esp-idf/components/lwip/port/freertos/include -I/Users/dean/esp/esp-idf/components/lwip/port/esp32xx/include -I/Users/dean/esp/esp-idf/components/lwip/port/esp32xx/include/arch -I/Users/dean/esp/esp-idf/components/lwip/port/esp32xx/include/sys -I/Users/dean/esp/esp-idf/components/esp_timer/include -I/Users/dean/esp/esp-idf/components/esp_driver_gpio/include -I/Users/dean/esp/esp-idf/components/esp_driver_i2s/include -I/Users/dean/esp/esp-idf/components/esp_wifi/include -I/Users/dean/esp/esp-idf/components/esp_wifi/include/local -I/Users/dean/esp/esp-idf/components/esp_wifi/wifi_apps/include -I/Users/dean/esp/esp-idf/components/esp_wifi/wifi_apps/nan_app/include -I/Users/dean/esp/esp-idf/components/esp_event/include -I/Users/dean/esp/esp-idf/components/esp_phy/include -I/Users/dean/esp/esp-idf/components/esp_phy/esp32s3/include -I/Users/dean/esp/esp-idf/components/esp_netif/include -I/Users/dean/esp/esp-idf/components/nvs_flash/include -I/Users/dean/esp/esp-idf/components/esp_partition/include -I/Users/dean/esp/esp-idf/components/esp_http_client/include -I/Users/dean/Documents/MORI/firmware/interaction/managed_components/espressif__esp-sr/esp-tts/esp_tts_chinese/include -I/Users/dean/Documents/MORI/firmware/interaction/managed_components/espressif__esp-sr/include/esp32s3 -I/Users/dean/Documents/MORI/firmware/interaction/managed_components/espressif__esp-sr/src/include -I/Users/dean/esp/esp-idf/components/json/cJSON -I/Users/dean/esp/esp-idf/components/spiffs/include -I/Users/dean/Documents/MORI/firmware/interaction/managed_components/espressif__esp32-camera/driver/include -I/Users/dean/Documents/MORI/firmware/interaction/managed_components/espressif__esp32-camera/conversions/include -I/Users/dean/esp/esp-idf/components/driver/deprecated -I/Users/dean/esp/esp-idf/components/driver/i2c/include -I/Users/dean/esp/esp-idf/components/driver/touch_sensor/include -I/Users/dean/esp/esp-idf/components/driver/twai/include -I/Users/dean/esp/esp-idf/components/driver/touch_sensor/esp32s3/include -I/Users/dean/esp/esp-idf/components/esp_pm/include -I/Users/dean/esp/esp-idf/components/esp_ringbuf/include -I/Users/dean/esp/esp-idf/components/esp_driver_pcnt/include -I/Users/dean/esp/esp-idf/components/esp_driver_gptimer/include -I/Users/dean/esp/esp-idf/components/esp_driver_spi/include -I/Users/dean/esp/esp-idf/components/esp_driver_mcpwm/include -I/Users/dean/esp/esp-idf/components/esp_driver_ana_cmpr/include -I/Users/dean/esp/esp-idf/components/esp_driver_sdmmc/include -I/Users/dean/esp/esp-idf/components/sdmmc/include -I/Users/dean/esp/esp-idf/components/esp_driver_sdspi/include -I/Users/dean/esp/esp-idf/components/esp_driver_sdio/include -I/Users/dean/esp/esp-idf/components/esp_driver_dac/include -I/Users/dean/esp/esp-idf/components/esp_driver_rmt/include -I/Users/dean/esp/esp-idf/components/esp_driver_tsens/include -I/Users/dean/esp/esp-idf/components/esp_driver_sdm/include -I/Users/dean/esp/esp-idf/components/esp_driver_i2c/include -I/Users/dean/esp/esp-idf/components/esp_driver_uart/include -I/Users/dean/esp/esp-idf/components/vfs/include -I/Users/dean/esp/esp-idf/components/esp_driver_ledc/include -I/Users/dean/esp/esp-idf/components/esp_driver_parlio/include -I/Users/dean/esp/esp-idf/components/esp_driver_usb_serial_jtag/include -I/Users/dean/esp/esp-idf/components/esp_driver_twai/include -I/Users/dean/Documents/MORI/firmware/interaction/managed_components/espressif__esp_jpeg/include -I/Users/dean/Documents/MORI/firmware/interaction/managed_components/espressif__esp_codec_dev/include -I/Users/dean/Documents/MORI/firmware/interaction/managed_components/espressif__esp_codec_dev/interface -I/Users/dean/Documents/MORI/firmware/interaction/managed_components/espressif__esp_codec_dev/device/include -I/Users/dean/Documents/MORI/firmware/interaction/managed_components/espressif__esp_lcd_st77916/include -I/Users/dean/esp/esp-idf/components/esp_lcd/include -I/Users/dean/esp/esp-idf/components/esp_lcd/interface -I/Users/dean/esp/esp-idf/components/esp_lcd/rgb/include -I/Users/dean/Documents/MORI/firmware/interaction/managed_components/lvgl__lvgl -I/Users/dean/Documents/MORI/firmware/interaction/managed_components/lvgl__lvgl/src -I/Users/dean/Documents/MORI/firmware/interaction/managed_components -I/Users/dean/Documents/MORI/firmware/interaction/managed_components/lvgl__lvgl/examples -I/Users/dean/Documents/MORI/firmware/interaction/managed_components/lvgl__lvgl/demos -I/Users/dean/Documents/MORI/firmware/interaction/managed_components/waveshare__custom_io_expander_ch32v003/include -I/Users/dean/Documents/MORI/firmware/interaction/managed_components/espressif__esp_io_expander/include -mlongcalls  -fno-builtin-memcpy -fno-builtin-memset -fno-builtin-bzero -fno-builtin-stpcpy -fno-builtin-strncpy -fdiagnostics-color=always -fdiagnostics-color=always -ffunction-sections -fdata-sections -Wall -Werror=all -Wno-error=unused-function -Wno-error=unused-variable -Wno-error=unused-but-set-variable -Wno-error=deprecated-declarations -Wextra -Wno-error=extra -Wno-unused-parameter -Wno-sign-compare -Wno-enum-conversion -gdwarf-4 -ggdb -mdisable-hardware-atomics -Og -fno-shrink-wrap -fmacro-prefix-map=/Users/dean/Documents/MORI/firmware/interaction=. -fmacro-prefix-map=/Users/dean/esp/esp-idf=/IDF -fstrict-volatile-bitfields -fno-jump-tables -fno-tree-switch-conversion -std=gnu17 -Wno-old-style-declaration -DESP_LCD_ST77916_VER_MAJOR=1 -DESP_LCD_ST77916_VER_MINOR=0 -DESP_LCD_ST77916_VER_PATCH=1 -MD -MT esp-idf/main/CMakeFiles/__idf_main.dir/board_v12.c.obj -MF esp-idf/main/CMakeFiles/__idf_main.dir/board_v12.c.obj.d -o esp-idf/main/CMakeFiles/__idf_main.dir/board_v12.c.obj -c /Users/dean/Documents/MORI/firmware/interaction/main/board_v12.c
/Users/dean/Documents/MORI/firmware/interaction/main/board_v12.c: In function 'mori_st77916_open':
/Users/dean/Documents/MORI/firmware/interaction/main/board_v12.c:37:2: error: this 'if' clause does not guard... [-Werror=misleading-indentation]
   37 |  if(e!=ESP_OK)mori_st77916_close(p);return e;
      |  ^~
/Users/dean/Documents/MORI/firmware/interaction/main/board_v12.c:37:37: note: ...this statement, but the latter is misleadingly indented as if it were guarded by the 'if'
   37 |  if(e!=ESP_OK)mori_st77916_close(p);return e;
      |                                     ^~~~~~
/Users/dean/Documents/MORI/firmware/interaction/main/board_v12.c: In function 'mori_codecs_close':
/Users/dean/Documents/MORI/firmware/interaction/main/board_v12.c:52:2: error: this 'if' clause does not guard... [-Werror=misleading-indentation]
   52 |  if(d->adc)audio_codec_delete_codec_if(d->adc);if(d->dac)audio_codec_delete_codec_if(d->dac);
      |  ^~
/Users/dean/Documents/MORI/firmware/interaction/main/board_v12.c:52:48: note: ...this statement, but the latter is misleadingly indented as if it were guarded by the 'if'
   52 |  if(d->adc)audio_codec_delete_codec_if(d->adc);if(d->dac)audio_codec_delete_codec_if(d->dac);
      |                                                ^~
/Users/dean/Documents/MORI/firmware/interaction/main/board_v12.c:53:2: error: this 'if' clause does not guard... [-Werror=misleading-indentation]
   53 |  if(d->adc_ctrl)audio_codec_delete_ctrl_if(d->adc_ctrl);if(d->dac_ctrl)audio_codec_delete_ctrl_if(d->dac_ctrl);
      |  ^~
/Users/dean/Documents/MORI/firmware/interaction/main/board_v12.c:53:57: note: ...this statement, but the latter is misleadingly indented as if it were guarded by the 'if'
   53 |  if(d->adc_ctrl)audio_codec_delete_ctrl_if(d->adc_ctrl);if(d->dac_ctrl)audio_codec_delete_ctrl_if(d->dac_ctrl);
      |                                                         ^~
/Users/dean/Documents/MORI/firmware/interaction/main/board_v12.c:54:2: error: this 'if' clause does not guard... [-Werror=misleading-indentation]
   54 |  if(d->data)audio_codec_delete_data_if(d->data);if(d->gpio)audio_codec_delete_gpio_if(d->gpio);memset(d,0,sizeof(*d));
      |  ^~
/Users/dean/Documents/MORI/firmware/interaction/main/board_v12.c:54:49: note: ...this statement, but the latter is misleadingly indented as if it were guarded by the 'if'
   54 |  if(d->data)audio_codec_delete_data_if(d->data);if(d->gpio)audio_codec_delete_gpio_if(d->gpio);memset(d,0,sizeof(*d));
      |                                                 ^~
cc1: some warnings being treated as errors
[1867/1891] Linking C static library esp-idf/esp_eth/libesp_eth.a
[1868/1891] Linking C static library esp-idf/esp_hid/libesp_hid.a
[1869/1891] Linking C static library esp-idf/esp_local_ctrl/libesp_local_ctrl.a
[1870/1891] Linking C static library esp-idf/mqtt/libmqtt.a
[1871/1891] Linking C static library esp-idf/nvs_sec_provider/libnvs_sec_provider.a
[1872/1891] Linking C static library esp-idf/espcoredump/libespcoredump.a
[1873/1891] Linking C static library esp-idf/perfmon/libperfmon.a
[1874/1891] Linking C static library esp-idf/fatfs/libfatfs.a
[1875/1891] Building C object esp-idf/main/CMakeFiles/__idf_main.dir/adapters.c.obj
[1876/1891] Building C object esp-idf/main/CMakeFiles/__idf_main.dir/main.c.obj
[1877/1891] Linking C static library esp-idf/lvgl__lvgl/liblvgl__lvgl.a
ninja: build stopped: subcommand failed.
ninja failed with exit code 1, output of the command is in the /Users/dean/Documents/MORI/firmware/interaction/build_v1_2/log/idf_py_stderr_output_72055 and /Users/dean/Documents/MORI/firmware/interaction/build_v1_2/log/idf_py_stdout_output_72055
