board,reference,category,side,track_layer,same_side,net,component_has_this_net,track_uuid,start_mm,end_mm,core_length_estimate_mm,body_rect_mm,first_body_sample_mm
MORI_motion_P3,J5,CONNECTOR,F.Cu,F.Cu,True,/CAM_TX,True,36ff6886-d4cb-4840-ab4f-bf60c14c589e,"(62.7195, 15.0222)","(58.3834, 15.0222)",1.719,"[61.0, 13.100000000000001, 67.0, 16.0]","[62.70703985507246, 15.0222]"
MORI_motion_P3,J5,CONNECTOR,F.Cu,F.Cu,True,/CAM_TX,True,c6cf990f-4848-48e3-9857-45bac0b4d451,"(63.5, 15.8027)","(62.7195, 15.0222)",0.785,"[61.0, 13.100000000000001, 67.0, 16.0]","[63.26585, 15.56855]"
MORI_motion_P3,J5,CONNECTOR,F.Cu,F.Cu,True,/GND,True,a313cb48-2ea9-4757-857c-7479babb6269,"(65.5, 15.8733)","(61.2517, 11.625)",3.547,"[61.0, 13.100000000000001, 67.0, 16.0]","[65.22620286624203, 15.59950286624204]"
MORI_motion_P3,J3,CONNECTOR,F.Cu,F.Cu,True,/GND,True,11f809e8-951c-4592-a124-f52cceedb4ca,"(61.2011, 21.1175)","(65.5, 16.8186)",0.069,"[57.0, 19.5, 61.25, 26.5]","[61.20925, 21.10935]"
MORI_motion_P3,J3,CONNECTOR,F.Cu,F.Cu,True,/GND,True,162a24fd-0f83-43a9-8505-f08b21a836d8,"(60.2415, 22.0794)","(61.1621, 23.0)",0.884,"[57.0, 19.5, 61.25, 26.5]","[60.250184905660376, 22.088084905660377]"
MORI_motion_P3,J3,CONNECTOR,F.Cu,F.Cu,True,/GND,True,1eb1b374-bb12-4741-933a-7eb3bab0790d,"(56.9865, 21.1175)","(61.2011, 21.1175)",4.201,"[57.0, 19.5, 61.25, 26.5]","[57.012429289940826, 21.1175]"
MORI_motion_P3,J3,CONNECTOR,F.Cu,F.Cu,True,/GND,True,d5c308b5-f3ec-4767-bb15-215819b3b530,"(60.2415, 21.1175)","(60.2415, 22.0794)",0.962,"[57.0, 19.5, 61.25, 26.5]","[60.2415, 21.12983205128205]"
MORI_motion_P3,J3,CONNECTOR,F.Cu,F.Cu,True,/HEAD_BUS,True,5417b628-d3e8-4627-a8fd-99df5d86ab94,"(61.2103, 24.25)","(60.2977, 23.3374)",0.869,"[57.0, 19.5, 61.25, 26.5]","[60.903175, 23.942875]"
MORI_motion_P3,J3,CONNECTOR,F.Cu,F.Cu,True,/HEAD_BUS,True,744c572c-c81a-4eb1-850d-4ed2755b963e,"(60.2977, 23.3374)","(60.2977, 23.041)",0.296,"[57.0, 19.5, 61.25, 26.5]","[60.2977, 23.325049999999997]"
MORI_motion_P3,J3,CONNECTOR,F.Cu,F.Cu,True,/HEAD_BUS,True,86cd2bbe-f6ac-42f3-95d7-633ee3ec04a4,"(60.2977, 23.041)","(59.4088, 22.1521)",1.257,"[57.0, 19.5, 61.25, 26.5]","[60.288985294117644, 23.032285294117646]"
MORI_motion_P3,J3,CONNECTOR,F.Cu,F.Cu,True,/HEAD_BUS,True,8af5f1a5-d3b0-420e-bd79-058e36f3d8f3,"(59.4088, 22.1521)","(57.3035, 22.1521)",2.105,"[57.0, 19.5, 61.25, 26.5]","[59.39641588235294, 22.1521]"
MORI_motion_P3,J3,CONNECTOR,F.Cu,F.Cu,True,/HEAD_BUS,True,f1925621-be12-496d-aa64-3e294e94d4f0,"(57.3035, 22.1521)","(54.9015, 19.7501)",0.429,"[57.0, 19.5, 61.25, 26.5]","[57.295069444444444, 22.143669444444445]"
MORI_motion_P3,J3,CONNECTOR,F.Cu,F.Cu,True,/USER_KEY_N,False,42260094-1a96-4228-a90f-81e695bfe2ab,"(59.325, 23.0927)","(59.0358, 22.8035)",0.409,"[57.0, 19.5, 61.25, 26.5]","[59.31649411764706, 23.08419411764706]"
MORI_motion_P3,J3,CONNECTOR,F.Cu,F.Cu,True,/USER_KEY_N,False,b83e16af-2045-429a-9cb6-fe4401c281cb,"(59.0358, 22.8035)","(55.3551, 22.8035)",2.036,"[57.0, 19.5, 61.25, 26.5]","[59.023386585365856, 22.8035]"
MORI_motion_P3,J3,CONNECTOR,F.Cu,B.Cu,False,/USER_KEY_N,False,7942ed7c-64b8-4832-bad8-9027158816e8,"(59.325, 24.5)","(59.325, 23.0927)",1.407,"[57.0, 19.5, 61.25, 26.5]","[59.325, 24.487655263157894]"
MORI_motion_P3,J3,CONNECTOR,F.Cu,B.Cu,False,/USER_KEY_N,False,c5a440fa-dbf1-494d-b3a3-164e0114b6ad,"(59.325, 24.5)","(61.925, 24.5)",1.325,"[57.0, 19.5, 61.25, 26.5]","[59.337500000000006, 24.5]"
MORI_motion_P3,J3,CONNECTOR,F.Cu,B.Cu,False,/+3V3,False,d660a373-19be-4f2b-9a9e-9423cec61360,"(57.675, 24.5)","(54.6714, 21.4964)",0.955,"[57.0, 19.5, 61.25, 26.5]","[57.66634615384615, 24.491346153846155]"
MORI_motion_P3,U100,MEZZANINE,F.Cu,F.Cu,True,/CAM_RX,False,edcf3978-b6b4-47bb-bbbc-4551ce2e4d90,"(43.326, 15.7775)","(47.7744, 15.7775)",4.274,"[6.0, 0.89, 47.6, 34.11]","[43.338497076023394, 15.7775]"
MORI_motion_P3,U100,MEZZANINE,F.Cu,B.Cu,False,/CAM_RX,False,2ea96490-1896-46bd-a2e9-f8422f8a1784,"(43.326, 12.501)","(43.326, 15.7775)",3.277,"[6.0, 0.89, 47.6, 34.11]","[43.326, 12.513410984848484]"
MORI_motion_P3,U100,MEZZANINE,F.Cu,B.Cu,False,/CAM_RX,False,6eeb3944-d7c3-417c-95c2-3716e1ae4ff4,"(42.825, 12.0)","(43.326, 12.501)",0.709,"[6.0, 0.89, 47.6, 34.11]","[42.83363793103449, 12.008637931034484]"
MORI_motion_P3,U100,MEZZANINE,F.Cu,F.Cu,True,/CAM_TX,False,17fea133-231f-4939-afce-b75dc777f7bf,"(35.5069, 12.25)","(34.7746, 12.9823)",1.036,"[6.0, 0.89, 47.6, 34.11]","[35.49818214285715, 12.258717857142857]"
MORI_motion_P3,U100,MEZZANINE,F.Cu,F.Cu,True,/CAM_TX,False,32df6204-2e7e-44cc-bfec-7de972deafb7,"(55.6112, 12.25)","(35.5069, 12.25)",12.093,"[6.0, 0.89, 47.6, 34.11]","[47.587507128099176, 12.25]"
MORI_motion_P3,U100,MEZZANINE,F.Cu,B.Cu,False,/CAM_TX,False,48fce937-5853-4671-a09b-a5dae2fe40c6,"(34.7746, 12.3254)","(34.7746, 12.9823)",0.657,"[6.0, 0.89, 47.6, 34.11]","[34.7746, 12.337564814814815]"
MORI_motion_P3,U100,MEZZANINE,F.Cu,B.Cu,False,/CAM_TX,False,5bc72c13-fbc1-4641-b124-254d8fcd2d15,"(35.45, 12.25)","(34.85, 12.25)",0.6,"[6.0, 0.89, 47.6, 34.11]","[35.438, 12.25]"
MORI_motion_P3,U100,MEZZANINE,F.Cu,B.Cu,False,/CAM_TX,False,7cc22a38-9217-425d-8d08-b94f91661cef,"(34.85, 12.25)","(34.7746, 12.3254)",0.107,"[6.0, 0.89, 47.6, 34.11]","[34.84246, 12.25754]"
MORI_motion_P3,U100,MEZZANINE,F.Cu,F.Cu,True,/CAM_3V3,False,0946dc91-cc06-4599-837d-e492b2ea0d12,"(43.5996, 18.5)","(62.7543, 18.5)",4.0,"[6.0, 0.89, 47.6, 34.11]","[43.61202360248448, 18.5]"
MORI_motion_P3,U100,MEZZANINE,F.Cu,F.Cu,True,/CAM_3V3,False,43ad53c3-6407-4771-b97b-3a665c4e9b96,"(43.509, 18.5906)","(43.5996, 18.5)",0.128,"[6.0, 0.89, 47.6, 34.11]","[43.51655, 18.58305]"
MORI_motion_P3,U100,MEZZANINE,F.Cu,B.Cu,False,/CAM_3V3,False,1af61f50-34a8-4d3c-897a-cf1584d08d8f,"(41.5537, 11.1887)","(41.9065, 11.5415)",0.499,"[6.0, 0.89, 47.6, 34.11]","[41.56252, 11.19752]"
MORI_motion_P3,U100,MEZZANINE,F.Cu,B.Cu,False,/CAM_3V3,False,39306ad8-e97f-4c80-8468-bfd63822b4df,"(38.55, 11.75)","(39.5003, 11.75)",0.95,"[6.0, 0.89, 47.6, 34.11]","[38.56218333333333, 11.75]"
MORI_motion_P3,U100,MEZZANINE,F.Cu,B.Cu,False,/CAM_3V3,False,58a7a7ee-3938-4df2-9aef-c87cd3b2ca0e,"(41.9065, 11.5415)","(41.9065, 16.9881)",5.447,"[6.0, 0.89, 47.6, 34.11]","[41.9065, 11.55399220183486]"
MORI_motion_P3,U100,MEZZANINE,F.Cu,B.Cu,False,/CAM_3V3,False,74148afa-65d2-4f37-a99e-c6093a2fba2f,"(38.275, 14.0)","(41.9065, 14.0)",3.632,"[6.0, 0.89, 47.6, 34.11]","[38.28743664383561, 14.0]"
MORI_motion_P3,U100,MEZZANINE,F.Cu,B.Cu,False,/CAM_3V3,False,78aace8b-48d3-412e-a479-656151c7444f,"(40.0616, 11.1887)","(41.5537, 11.1887)",1.492,"[6.0, 0.89, 47.6, 34.11]","[40.074034166666664, 11.1887]"
MORI_motion_P3,U100,MEZZANINE,F.Cu,B.Cu,False,/CAM_3V3,False,7bd6bfa6-c2c0-475d-a4b7-e0f2922d4a9e,"(41.9065, 16.9881)","(43.509, 18.5906)",2.266,"[6.0, 0.89, 47.6, 34.11]","[41.91530494505495, 16.996904945054943]"
MORI_motion_P3,U100,MEZZANINE,F.Cu,B.Cu,False,/CAM_3V3,False,c72e02cd-129d-4356-b629-8e4494a6d9b4,"(39.5003, 11.75)","(40.0616, 11.1887)",0.794,"[6.0, 0.89, 47.6, 34.11]","[39.5090703125, 11.7412296875]"
MORI_motion_P3,U100,MEZZANINE,F.Cu,F.Cu,True,/GND,True,0796288e-ef9f-47bd-952f-f17d1a8b2bc5,"(6.1, 3.53)","(8.64, 0.99)",1.896,"[6.0, 0.89, 47.6, 34.11]","[6.108819444444444, 3.5211805555555555]"
MORI_motion_P3,U100,MEZZANINE,F.Cu,F.Cu,True,/GND,True,09195590-3701-48bb-9825-5ed154af33f4,"(6.1, 0.99)","(8.64, 3.53)",1.896,"[6.0, 0.89, 47.6, 34.11]","[6.108819444444444, 0.9988194444444445]"
MORI_motion_P3,U100,MEZZANINE,F.Cu,F.Cu,True,/GND,True,25ab086b-35da-4060-83a4-fe4409f83d8d,"(6.5818, 18.4621)","(5.171, 19.8729)",0.823,"[6.0, 0.89, 47.6, 34.11]","[6.5729848484848485, 18.47091515151515]"
MORI_motion_P3,U100,MEZZANINE,F.Cu,F.Cu,True,/GND,True,38b4ef02-608c-4e76-8620-12288537d7e8,"(36.58, 31.47)","(39.12, 28.93)",1.896,"[6.0, 0.89, 47.6, 34.11]","[36.58881944444444, 31.461180555555554]"
MORI_motion_P3,U100,MEZZANINE,F.Cu,F.Cu,True,/GND,True,41d52125-7e50-4652-8493-bca53b44c967,"(39.12, 4.4206)","(40.0106, 3.53)",1.259,"[6.0, 0.89, 47.6, 34.11]","[39.12873137254902, 4.411868627450981]"
MORI_motion_P3,U100,MEZZANINE,F.Cu,F.Cu,True,/GND,True,45bbda3e-ea22-448a-80e5-b16f039481f4,"(40.0106, 3.53)","(41.66, 3.53)",1.649,"[6.0, 0.89, 47.6, 34.11]","[40.02309545454545, 3.53]"
MORI_motion_P3,U100,MEZZANINE,F.Cu,F.Cu,True,/GND,True,8221119c-f6f9-40c1-afa5-81d1af725f49,"(41.66, 0.99)","(44.2, 3.53)",1.896,"[6.0, 0.89, 47.6, 34.11]","[41.66881944444444, 0.9988194444444445]"
MORI_motion_P3,U100,MEZZANINE,F.Cu,F.Cu,True,/GND,True,880105ab-17ad-40b7-92e7-ff5207bb66a9,"(39.12, 31.47)","(41.66, 28.93)",1.896,"[6.0, 0.89, 47.6, 34.11]","[39.12881944444444, 31.461180555555554]"
MORI_motion_P3,U100,MEZZANINE,F.Cu,F.Cu,True,/GND,True,8e8e60b9-1a87-4ee3-9b50-b040ba192946,"(41.66, 3.53)","(44.2, 6.07)",1.896,"[6.0, 0.89, 47.6, 34.11]","[41.66881944444444, 3.538819444444444]"
MORI_motion_P3,U100,MEZZANINE,F.Cu,F.Cu,True,/GND,True,92be53c6-cb4c-45de-bdac-8fc5888a49c3,"(37.4294, 7.3929)","(39.12, 5.7023)",2.391,"[6.0, 0.89, 47.6, 34.11]","[37.438205208333336, 7.384094791666667]"
MORI_motion_P3,U100,MEZZANINE,F.Cu,F.Cu,True,/GND,True,9529729d-a28a-4873-8762-5afbe021d20b,"(41.66, 3.53)","(44.2, 0.99)",1.896,"[6.0, 0.89, 47.6, 34.11]","[41.66881944444444, 3.5211805555555555]"
MORI_motion_P3,U100,MEZZANINE,F.Cu,F.Cu,True,/GND,True,957ae7fd-11f9-41b5-9e41-17131630348c,"(6.1, 28.93)","(8.64, 31.47)",1.896,"[6.0, 0.89, 47.6, 34.11]","[6.108819444444444, 28.938819444444444]"
MORI_motion_P3,U100,MEZZANINE,F.Cu,F.Cu,True,/GND,True,a53a9910-b6a3-44d7-8419-3e0252260783,"(41.66, 28.93)","(44.2, 31.47)",1.896,"[6.0, 0.89, 47.6, 34.11]","[41.66881944444444, 28.938819444444444]"
MORI_motion_P3,U100,MEZZANINE,F.Cu,F.Cu,True,/GND,True,a656425d-6101-43bc-b8a4-8aeb80c49cda,"(41.66, 6.07)","(44.2, 3.53)",1.896,"[6.0, 0.89, 47.6, 34.11]","[41.66881944444444, 6.061180555555556]"
MORI_motion_P3,U100,MEZZANINE,F.Cu,F.Cu,True,/GND,True,b0ff5cf4-8599-4805-8c98-4e8928a8ace0,"(39.12, 5.7023)","(39.12, 4.4206)",1.282,"[6.0, 0.89, 47.6, 34.11]","[39.12, 5.689975961538462]"
MORI_motion_P3,U100,MEZZANINE,F.Cu,F.Cu,True,/GND,True,bbc370bb-9715-49ab-a70a-bf08499a39a7,"(8.8787, 18.4621)","(6.5818, 18.4621)",2.297,"[6.0, 0.89, 47.6, 34.11]","[8.866216847826088, 18.4621]"
MORI_motion_P3,U100,MEZZANINE,F.Cu,F.Cu,True,/GND,True,c6d83323-03b7-4a76-8ff1-e23569cda1a4,"(36.58, 28.93)","(39.12, 31.47)",1.896,"[6.0, 0.89, 47.6, 34.11]","[36.58881944444444, 28.938819444444444]"
MORI_motion_P3,U100,MEZZANINE,F.Cu,F.Cu,True,/GND,True,cc7b2ee9-513d-4f9f-91ba-e4f792e96a39,"(39.12, 28.93)","(41.66, 31.47)",1.896,"[6.0, 0.89, 47.6, 34.11]","[39.12881944444444, 28.938819444444444]"
MORI_motion_P3,U100,MEZZANINE,F.Cu,F.Cu,True,/GND,True,e56a5058-ddbd-474f-b7fc-4fa26c343a8a,"(35.348, 7.3929)","(37.4294, 7.3929)",2.081,"[6.0, 0.89, 47.6, 34.11]","[35.360389285714284, 7.3929]"
MORI_motion_P3,U100,MEZZANINE,F.Cu,F.Cu,True,/GND,True,e82789fc-352b-4873-8a5a-bd9c6103d2c1,"(41.66, 31.47)","(44.2, 28.93)",1.896,"[6.0, 0.89, 47.6, 34.11]","[41.66881944444444, 31.461180555555554]"
MORI_motion_P3,U100,MEZZANINE,F.Cu,F.Cu,True,/GND,True,e8bb33cb-5370-4a5a-9d3e-93662546533b,"(45.4394, 4.7694)","(44.2, 3.53)",1.753,"[6.0, 0.89, 47.6, 34.11]","[45.430671830985915, 4.760671830985916]"
MORI_motion_P3,U100,MEZZANINE,F.Cu,F.Cu,True,/GND,True,f2d1fbb2-0c8a-4ac7-9c30-ebacdbd71f7c,"(51.6981, 4.7694)","(45.4394, 4.7694)",2.161,"[6.0, 0.89, 47.6, 34.11]","[47.58758275862069, 4.7694]"
MORI_motion_P3,U100,MEZZANINE,F.Cu,F.Cu,True,/GND,True,fed8bb82-692a-423a-bcb8-3d5cecef5fc1,"(6.1, 31.47)","(8.64, 28.93)",1.896,"[6.0, 0.89, 47.6, 34.11]","[6.108819444444444, 31.461180555555554]"
MORI_motion_P3,U100,MEZZANINE,F.Cu,B.Cu,False,/GND,True,066411ef-dd34-4442-b654-b648ca4503e5,"(18.0854, 25.5739)","(12.5115, 20.0)",7.883,"[6.0, 0.89, 47.6, 34.11]","[18.076580537974685, 25.565080537974683]"
MORI_motion_P3,U100,MEZZANINE,F.Cu,B.Cu,False,/GND,True,0b6e5b07-48f6-4da0-89aa-3a05ca9d545a,"(7.95, 17.9375)","(8.3541, 17.9375)",0.404,"[6.0, 0.89, 47.6, 34.11]","[7.961885294117647, 17.9375]"
MORI_motion_P3,U100,MEZZANINE,F.Cu,B.Cu,False,/GND,True,1ff633b7-adae-4d1c-a106-c9fa2e7fb53b,"(39.12, 28.93)","(41.66, 31.47)",1.896,"[6.0, 0.89, 47.6, 34.11]","[39.12881944444444, 28.938819444444444]"
MORI_motion_P3,U100,MEZZANINE,F.Cu,B.Cu,False,/GND,True,20b1fc0e-ef76-4a22-881b-f2b3144e6e24,"(36.58, 28.93)","(39.12, 31.47)",1.896,"[6.0, 0.89, 47.6, 34.11]","[36.58881944444444, 28.938819444444444]"
MORI_motion_P3,U100,MEZZANINE,F.Cu,B.Cu,False,/GND,True,25194645-a01d-4570-838a-7a6e7d432479,"(20.75, 25.0)","(20.75, 26.05)",1.05,"[6.0, 0.89, 47.6, 34.11]","[20.75, 25.01220930232558]"
MORI_motion_P3,U100,MEZZANINE,F.Cu,B.Cu,False,/GND,True,2a3cfab7-a2c7-4fde-abae-149038f3624a,"(6.1, 28.93)","(8.64, 31.47)",1.896,"[6.0, 0.89, 47.6, 34.11]","[6.108819444444444, 28.938819444444444]"
MORI_motion_P3,U100,MEZZANINE,F.Cu,B.Cu,False,/GND,True,2aff7921-9f32-4e2a-9562-d76b7d3270bd,"(6.1, 20.125)","(6.1, 28.93)",8.805,"[6.0, 0.89, 47.6, 34.11]","[6.1, 20.137471671388102]"
MORI_motion_P3,U100,MEZZANINE,F.Cu,B.Cu,False,/GND,True,34dc0581-306f-4e13-b9e3-1810337aaeb8,"(9.795, 27.775)","(8.64, 28.93)",1.633,"[6.0, 0.89, 47.6, 34.11]","[9.78625, 27.783749999999998]"
MORI_motion_P3,U100,MEZZANINE,F.Cu,B.Cu,False,/GND,True,396701a6-a7c8-413a-b0f1-665f5dd81b79,"(44.77, 5.5)","(44.2, 6.07)",0.806,"[6.0, 0.89, 47.6, 34.11]","[44.76136363636364, 5.508636363636364]"
MORI_motion_P3,U100,MEZZANINE,F.Cu,B.Cu,False,/GND,True,4085efe9-c267-4a15-adc6-d8a997927266,"(41.66, 31.47)","(44.2, 28.93)",1.896,"[6.0, 0.89, 47.6, 34.11]","[41.66881944444444, 31.461180555555554]"
MORI_motion_P3,U100,MEZZANINE,F.Cu,B.Cu,False,/GND,True,412dd4bc-7289-40fc-95eb-a493897cc2d2,"(6.098, 19.873)","(5.171, 19.8729)",0.098,"[6.0, 0.89, 47.6, 34.11]","[6.08575, 19.872998678532902]"
MORI_motion_P3,U100,MEZZANINE,F.Cu,B.Cu,False,/GND,True,432c117d-9ed9-4e1f-a78d-5199355e6809,"(18.0854, 27.6396)","(18.0854, 25.5739)",2.066,"[6.0, 0.89, 47.6, 34.11]","[18.0854, 27.627156024096386]"
MORI_motion_P3,U100,MEZZANINE,F.Cu,B.Cu,False,/GND,True,46d23874-8071-4a28-96a9-218d1730f3de,"(9.795, 27.775)","(11.5, 27.775)",1.705,"[6.0, 0.89, 47.6, 34.11]","[9.807355072463768, 27.775]"
MORI_motion_P3,U100,MEZZANINE,F.Cu,B.Cu,False,/GND,True,4b998226-3d8a-4806-9488-9eb837b4e105,"(39.12, 31.47)","(41.66, 28.93)",1.896,"[6.0, 0.89, 47.6, 34.11]","[39.12881944444444, 31.461180555555554]"
MORI_motion_P3,U100,MEZZANINE,F.Cu,B.Cu,False,/GND,True,4f02c897-de70-4203-a470-ee8240f90b83,"(15.775, 28.0)","(17.725, 28.0)",1.95,"[6.0, 0.89, 47.6, 34.11]","[15.7873417721519, 28.0]"
MORI_motion_P3,U100,MEZZANINE,F.Cu,B.Cu,False,/GND,True,51d817d7-2adc-4ba4-98e5-48a7f93456fc,"(6.1, 0.99)","(8.64, 3.53)",1.896,"[6.0, 0.89, 47.6, 34.11]","[6.108819444444444, 0.9988194444444445]"
MORI_motion_P3,U100,MEZZANINE,F.Cu,B.Cu,False,/GND,True,529ee84f-34a9-4638-84ee-942c8dd36924,"(12.5115, 20.0)","(11.325, 20.0)",1.187,"[6.0, 0.89, 47.6, 34.11]","[12.499140624999999, 20.0]"
MORI_motion_P3,U100,MEZZANINE,F.Cu,B.Cu,False,/GND,True,5cfe0e51-6bf5-4fbb-96a0-40d879c290a2,"(36.725, 11.75)","(36.725, 14.0)",2.25,"[6.0, 0.89, 47.6, 34.11]","[36.725, 11.7625]"
MORI_motion_P3,U100,MEZZANINE,F.Cu,B.Cu,False,/GND,True,608eda1f-104a-4fe2-9a01-4774279d56c1,"(24.25, 21.775)","(24.25, 23.775)",2.0,"[6.0, 0.89, 47.6, 34.11]","[24.25, 21.787499999999998]"
MORI_motion_P3,U100,MEZZANINE,F.Cu,B.Cu,False,/GND,True,646a599c-f1fb-46f1-bc0f-fa2a09f07cef,"(8.3541, 17.9375)","(8.8787, 18.4621)",0.742,"[6.0, 0.89, 47.6, 34.11]","[8.362843333333334, 17.946243333333335]"
MORI_motion_P3,U100,MEZZANINE,F.Cu,B.Cu,False,/GND,True,6862830f-b043-469d-b9fb-8066d5855cca,"(41.66, 28.93)","(44.2, 31.47)",1.896,"[6.0, 0.89, 47.6, 34.11]","[41.66881944444444, 28.938819444444444]"
MORI_motion_P3,U100,MEZZANINE,F.Cu,B.Cu,False,/GND,True,791a1c0b-5036-4b49-8102-802c86354ffc,"(35.348, 7.573)","(35.348, 7.3929)",0.18,"[6.0, 0.89, 47.6, 34.11]","[35.348, 7.561743750000001]"
MORI_motion_P3,U100,MEZZANINE,F.Cu,B.Cu,False,/GND,True,795739cc-aa9e-402b-8358-1b6a5bcb18ed,"(6.1, 3.53)","(8.64, 0.99)",1.896,"[6.0, 0.89, 47.6, 34.11]","[6.108819444444444, 3.5211805555555555]"
MORI_motion_P3,U100,MEZZANINE,F.Cu,B.Cu,False,/GND,True,839efb75-a20c-4231-951f-bf45d1f7a17d,"(6.225, 20.0)","(6.1, 20.125)",0.177,"[6.0, 0.89, 47.6, 34.11]","[6.2171875, 20.0078125]"
MORI_motion_P3,U100,MEZZANINE,F.Cu,B.Cu,False,/GND,True,859f1559-2d2c-4385-a61b-bfeaef03553b,"(21.75, 24.0)","(20.75, 25.0)",1.414,"[6.0, 0.89, 47.6, 34.11]","[21.74122807017544, 24.00877192982456]"
MORI_motion_P3,U100,MEZZANINE,F.Cu,B.Cu,False,/GND,True,880ffcb2-9906-4ac4-8676-c22768d43e99,"(6.225, 20.0)","(6.098, 19.873)",0.18,"[6.0, 0.89, 47.6, 34.11]","[6.2170625, 19.9920625]"
MORI_motion_P3,U100,MEZZANINE,F.Cu,B.Cu,False,/GND,True,8c44e843-3515-461c-80d7-7ccedee133b9,"(7.95, 17.9375)","(7.95, 14.175)",3.762,"[6.0, 0.89, 47.6, 34.11]","[7.95, 17.925041390728477]"
MORI_motion_P3,U100,MEZZANINE,F.Cu,B.Cu,False,/GND,True,90b9be77-55b4-498c-b2d4-9b43cb3a9c64,"(41.66, 3.53)","(44.2, 6.07)",1.896,"[6.0, 0.89, 47.6, 34.11]","[41.66881944444444, 3.538819444444444]"
MORI_motion_P3,U100,MEZZANINE,F.Cu,B.Cu,False,/GND,True,95a0b54c-9a27-42b5-9758-8cc04e1d76dd,"(7.775, 14.0)","(8.975, 14.0)",1.2,"[6.0, 0.89, 47.6, 34.11]","[7.7875000000000005, 14.0]"
MORI_motion_P3,U100,MEZZANINE,F.Cu,B.Cu,False,/GND,True,95a86e6f-d98d-4a21-ac3c-f3d15b727f35,"(41.66, 3.53)","(44.2, 0.99)",1.896,"[6.0, 0.89, 47.6, 34.11]","[41.66881944444444, 3.5211805555555555]"
MORI_motion_P3,U100,MEZZANINE,F.Cu,B.Cu,False,/GND,True,9d44044e-a6c3-4a3f-b351-4d1bb6c4f095,"(36.775, 9.0)","(35.348, 7.573)",2.018,"[6.0, 0.89, 47.6, 34.11]","[36.76619135802469, 8.991191358024691]"
MORI_motion_P3,U100,MEZZANINE,F.Cu,B.Cu,False,/GND,True,9ddc0bc7-0211-44c0-8835-708ba8a52ebb,"(41.66, 0.99)","(44.2, 3.53)",1.896,"[6.0, 0.89, 47.6, 34.11]","[41.66881944444444, 0.9988194444444445]"
MORI_motion_P3,U100,MEZZANINE,F.Cu,B.Cu,False,/GND,True,ab7e0cf1-8e81-419d-8b69-629c736dd962,"(15.45, 10.25)","(15.45, 9.275)",0.975,"[6.0, 0.89, 47.6, 34.11]","[15.45, 10.2375]"
MORI_motion_P3,U100,MEZZANINE,F.Cu,B.Cu,False,/GND,True,b5efea23-136e-4672-a5b9-df6defd889d2,"(35.45, 11.75)","(36.725, 11.75)",1.275,"[6.0, 0.89, 47.6, 34.11]","[35.462500000000006, 11.75]"
MORI_motion_P3,U100,MEZZANINE,F.Cu,B.Cu,False,/GND,True,ba396395-5124-438d-ad57-210787d9d2fb,"(21.75, 22.95)","(21.75, 24.0)",1.05,"[6.0, 0.89, 47.6, 34.11]","[21.75, 22.96220930232558]"
MORI_motion_P3,U100,MEZZANINE,F.Cu,B.Cu,False,/GND,True,bc5541d5-8d27-4f71-8983-c8d1d0bc2f51,"(10.4644, 20.8606)","(10.4644, 27.775)",6.914,"[6.0, 0.89, 47.6, 34.11]","[10.4644, 20.873080866425994]"
MORI_motion_P3,U100,MEZZANINE,F.Cu,B.Cu,False,/GND,True,c800a0eb-03a6-4c50-ade6-25ed95614973,"(16.225, 8.5)","(16.225, 7.2)",1.3,"[6.0, 0.89, 47.6, 34.11]","[16.225, 8.4875]"
MORI_motion_P3,U100,MEZZANINE,F.Cu,B.Cu,False,/GND,True,c8d2a61c-c537-482f-8c49-37c000a773bc,"(28.5, 10.25)","(29.55, 10.25)",1.05,"[6.0, 0.89, 47.6, 34.11]","[28.51220930232558, 10.25]"
MORI_motion_P3,U100,MEZZANINE,F.Cu,B.Cu,False,/GND,True,d164aaa4-481e-4c63-9159-4cfe71664e52,"(6.1, 31.47)","(8.64, 28.93)",1.896,"[6.0, 0.89, 47.6, 34.11]","[6.108819444444444, 31.461180555555554]"
MORI_motion_P3,U100,MEZZANINE,F.Cu,B.Cu,False,/GND,True,d2913153-80d5-4dd2-8e54-911a9ee986c5,"(27.5, 9.25)","(28.5, 10.25)",1.414,"[6.0, 0.89, 47.6, 34.11]","[27.50877192982456, 9.258771929824562]"
MORI_motion_P3,U100,MEZZANINE,F.Cu,B.Cu,False,/GND,True,d56d9005-8491-4af5-b80c-d857151d6964,"(7.95, 14.175)","(7.775, 14.0)",0.247,"[6.0, 0.89, 47.6, 34.11]","[7.94125, 14.166250000000002]"
MORI_motion_P3,U100,MEZZANINE,F.Cu,B.Cu,False,/GND,True,d7e3d70e-e77a-4f81-ad17-9806b7c4c2fd,"(26.45, 9.25)","(27.5, 9.25)",1.05,"[6.0, 0.89, 47.6, 34.11]","[26.46220930232558, 9.25]"
MORI_motion_P3,U100,MEZZANINE,F.Cu,B.Cu,False,/GND,True,e1151222-e832-4b9c-bd19-811532f0cc8e,"(47.225, 5.5)","(44.77, 5.5)",2.455,"[6.0, 0.89, 47.6, 34.11]","[47.21260101010101, 5.5]"
MORI_motion_P3,U100,MEZZANINE,F.Cu,B.Cu,False,/GND,True,e40c7f00-7751-416d-a873-9d0f181e51c7,"(5.175, 4.455)","(6.1, 3.53)",0.141,"[6.0, 0.89, 47.6, 34.11]","[6.008333333333333, 3.621666666666666]"
MORI_motion_P3,U100,MEZZANINE,F.Cu,B.Cu,False,/GND,True,eef9817f-2fda-42ca-844d-e2b8f9c90d7a,"(11.325, 20.0)","(10.4644, 20.8606)",1.217,"[6.0, 0.89, 47.6, 34.11]","[11.316218367346938, 20.00878163265306]"
MORI_motion_P3,U100,MEZZANINE,F.Cu,B.Cu,False,/GND,True,f87e04ce-8e8c-431c-9a87-1cf54f84588a,"(41.66, 6.07)","(44.2, 3.53)",1.896,"[6.0, 0.89, 47.6, 34.11]","[41.66881944444444, 6.061180555555556]"
MORI_motion_P3,U100,MEZZANINE,F.Cu,B.Cu,False,/GND,True,f9e080f0-56a6-4913-b315-33fdc76e5863,"(36.58, 31.47)","(39.12, 28.93)",1.896,"[6.0, 0.89, 47.6, 34.11]","[36.58881944444444, 31.461180555555554]"
MORI_motion_P3,U100,MEZZANINE,F.Cu,B.Cu,False,/GND,True,fdc3414e-3ffa-444c-b1c3-3cd4694daae3,"(17.725, 28.0)","(18.0854, 27.6396)",0.51,"[6.0, 0.89, 47.6, 34.11]","[17.733580952380954, 27.991419047619047]"
MORI_motion_P3,U100,MEZZANINE,F.Cu,B.Cu,False,/GND,True,ffa16843-21ff-4d1e-aade-741f9eae9824,"(15.45, 9.275)","(16.225, 8.5)",1.096,"[6.0, 0.89, 47.6, 34.11]","[15.458806818181818, 9.266193181818181]"
MORI_motion_P3,U100,MEZZANINE,F.Cu,F.Cu,True,/HEAD_BUS,False,15a15886-218f-4384-9455-68b6226b7f61,"(35.4071, 18.1283)","(20.1, 18.1283)",15.307,"[6.0, 0.89, 47.6, 34.11]","[35.394614600326264, 18.1283]"
MORI_motion_P3,U100,MEZZANINE,F.Cu,F.Cu,True,/HEAD_BUS,False,31553cdb-d2e2-4529-8e02-98f138565824,"(54.9015, 19.7501)","(37.0289, 19.7501)",10.571,"[6.0, 0.89, 47.6, 34.11]","[47.58750460992908, 19.7501]"
MORI_motion_P3,U100,MEZZANINE,F.Cu,F.Cu,True,/HEAD_BUS,False,63cb753a-2999-47f3-ae07-727d38555251,"(37.0289, 19.7501)","(35.4071, 18.1283)",2.294,"[6.0, 0.89, 47.6, 34.11]","[37.020085869565214, 19.741285869565218]"
MORI_motion_P3,U100,MEZZANINE,F.Cu,B.Cu,False,/HEAD_BUS,False,09a1eb2d-0b69-4b8e-9ce3-84a65eb0d60c,"(20.75, 20.4)","(20.75, 22.95)",2.55,"[6.0, 0.89, 47.6, 34.11]","[20.75, 20.412378640776698]"
MORI_motion_P3,U100,MEZZANINE,F.Cu,B.Cu,False,/HEAD_BUS,False,2da3a725-46bd-47fa-8cd9-26dd6877e24a,"(20.75, 20.4)","(20.1, 19.75)",0.919,"[6.0, 0.89, 47.6, 34.11]","[20.741216216216216, 20.391216216216215]"
MORI_motion_P3,U100,MEZZANINE,F.Cu,B.Cu,False,/HEAD_BUS,False,d226813d-0f05-46fc-a579-fa2400badfe4,"(20.1, 19.75)","(20.1, 18.1283)",1.622,"[6.0, 0.89, 47.6, 34.11]","[20.1, 19.737525384615385]"
MORI_motion_P3,U100,MEZZANINE,F.Cu,F.Cu,True,/USER_KEY_N,True,26094e90-9488-439c-9656-e2814b4946ad,"(35.9676, 20.6626)","(14.153, 20.6626)",21.815,"[6.0, 0.89, 47.6, 34.11]","[35.95510595647193, 20.6626]"
MORI_motion_P3,U100,MEZZANINE,F.Cu,F.Cu,True,/USER_KEY_N,True,93f38a20-8911-46a3-bcf8-91806034e0d3,"(14.153, 20.6626)","(9.91, 24.9056)",6.001,"[6.0, 0.89, 47.6, 34.11]","[14.144197095435684, 20.671402904564317]"
MORI_motion_P3,U100,MEZZANINE,F.Cu,F.Cu,True,/USER_KEY_N,True,b31f904f-2568-4e7d-91c5-a10cdd620b57,"(48.6511, 20.9202)","(36.2252, 20.9202)",11.375,"[6.0, 0.89, 47.6, 34.11]","[47.587500219780225, 20.9202]"
MORI_motion_P3,U100,MEZZANINE,F.Cu,F.Cu,True,/USER_KEY_N,True,b7f269c7-70f0-44f5-a900-1bd9075d7892,"(36.2252, 20.9202)","(35.9676, 20.6626)",0.364,"[6.0, 0.89, 47.6, 34.11]","[36.216613333333335, 20.911613333333335]"
MORI_motion_P3,U100,MEZZANINE,F.Cu,F.Cu,True,/USER_KEY_N,True,d42a3fb0-6217-4a8a-92d1-997f52fdfed8,"(9.91, 24.9056)","(9.91, 30.2)",4.445,"[6.0, 0.89, 47.6, 34.11]","[9.91, 24.91808679245283]"
MORI_motion_P3,U100,MEZZANINE,F.Cu,B.Cu,False,/BAT_ADC,True,0ea18fa4-16a8-4d2f-ab77-57809c004463,"(11.175, 25.9)","(11.175, 24.5)",1.4,"[6.0, 0.89, 47.6, 34.11]","[11.175, 25.8875]"
MORI_motion_P3,U100,MEZZANINE,F.Cu,B.Cu,False,/BAT_ADC,True,3cf74035-6823-4d2a-82dc-3552b6dd2c5d,"(13.6284, 31.5616)","(12.45, 32.74)",0.821,"[6.0, 0.89, 47.6, 34.11]","[13.619605970149253, 31.570394029850746]"
MORI_motion_P3,U100,MEZZANINE,F.Cu,B.Cu,False,/BAT_ADC,True,6b5c0c70-6317-407b-8db7-97ebc19421c2,"(12.4264, 27.1514)","(12.4264, 27.7796)",0.628,"[6.0, 0.89, 47.6, 34.11]","[12.4264, 27.16348076923077]"
MORI_motion_P3,U100,MEZZANINE,F.Cu,B.Cu,False,/BAT_ADC,True,982871c9-196a-45b4-9707-37f3c16e6558,"(11.175, 25.9)","(12.4264, 27.1514)",1.77,"[6.0, 0.89, 47.6, 34.11]","[11.18381267605634, 25.908812676056336]"
MORI_motion_P3,U100,MEZZANINE,F.Cu,B.Cu,False,/BAT_ADC,True,f929d627-c4af-4180-9154-a0839edf4130,"(13.6284, 28.9816)","(13.6284, 31.5616)",2.58,"[6.0, 0.89, 47.6, 34.11]","[13.6284, 28.994003846153845]"
MORI_motion_P3,U100,MEZZANINE,F.Cu,B.Cu,False,/BAT_ADC,True,fa8a3d36-cd61-48f8-8e07-88877a08d108,"(12.4264, 27.7796)","(13.6284, 28.9816)",1.7,"[6.0, 0.89, 47.6, 34.11]","[12.435238235294117, 27.788438235294116]"
MORI_motion_P3,U100,MEZZANINE,F.Cu,B.Cu,False,/CURRENT_ADC,True,2f1e8c47-7733-4d05-84cf-c5d4c519e295,"(18.0584, 28.9373)","(17.1465, 28.9373)",0.912,"[6.0, 0.89, 47.6, 34.11]","[18.046077027027025, 28.9373]"
MORI_motion_P3,U100,MEZZANINE,F.Cu,B.Cu,False,/CURRENT_ADC,True,3e241227-a85a-40ce-b4a6-33bb234e7195,"(19.0, 26.325)","(19.0, 27.9957)",1.671,"[6.0, 0.89, 47.6, 34.11]","[19.0, 26.33746791044776]"
MORI_motion_P3,U100,MEZZANINE,F.Cu,B.Cu,False,/CURRENT_ADC,True,4d8c6bc3-ef56-4784-8642-40bc0ba6ef0c,"(16.26, 31.47)","(14.99, 32.74)",0.948,"[6.0, 0.89, 47.6, 34.11]","[16.251180555555557, 31.478819444444444]"
MORI_motion_P3,U100,MEZZANINE,F.Cu,B.Cu,False,/CURRENT_ADC,True,57d9efec-8e7c-437a-80ab-30faa90bde5c,"(19.0, 27.9957)","(18.0584, 28.9373)",1.332,"[6.0, 0.89, 47.6, 34.11]","[18.991281481481483, 28.004418518518516]"
MORI_motion_P3,U100,MEZZANINE,F.Cu,B.Cu,False,/CURRENT_ADC,True,7a62139b-5e85-46f0-9fcd-2c27dc8818b1,"(19.275, 28.0)","(19.0, 27.725)",0.389,"[6.0, 0.89, 47.6, 34.11]","[19.26640625, 27.99140625]"
MORI_motion_P3,U100,MEZZANINE,F.Cu,B.Cu,False,/CURRENT_ADC,True,8f881623-bb38-4a0e-94ff-3551bddc3aa7,"(16.26, 29.8238)","(16.26, 31.47)",1.646,"[6.0, 0.89, 47.6, 34.11]","[16.26, 29.83627121212121]"
MORI_motion_P3,U100,MEZZANINE,F.Cu,B.Cu,False,/CURRENT_ADC,True,b4b12d4a-dd7d-412a-a164-dc24e2ab15a7,"(17.1465, 28.9373)","(16.26, 29.8238)",1.254,"[6.0, 0.89, 47.6, 34.11]","[17.13780882352941, 28.94599117647059]"
MORI_motion_P3,U100,MEZZANINE,F.Cu,B.Cu,False,/WHEEL_ADC,True,7d962ecd-2ba0-41f9-a2fc-e95d9853d86a,"(14.225, 27.45)","(14.225, 29.435)",1.985,"[6.0, 0.89, 47.6, 34.11]","[14.225, 27.46240625]"
MORI_motion_P3,U100,MEZZANINE,F.Cu,B.Cu,False,/WHEEL_ADC,True,b8de5e13-efb1-4411-9cf5-0aedf1ab383e,"(15.675, 26.0)","(14.225, 27.45)",2.051,"[6.0, 0.89, 47.6, 34.11]","[15.666265060240965, 26.008734939759037]"
MORI_motion_P3,U100,MEZZANINE,F.Cu,B.Cu,False,/WHEEL_ADC,True,fbf0e204-15e8-47e1-8ae3-79c9b3daffd5,"(14.225, 29.435)","(14.99, 30.2)",0.221,"[6.0, 0.89, 47.6, 34.11]","[14.23369318181818, 29.44369318181818]"
MORI_motion_P3,U100,MEZZANINE,F.Cu,F.Cu,True,/HEAD_TX,True,4b39b45b-be76-4d1a-b545-1e490445f767,"(21.75, 27.55)","(21.75, 29.4)",1.85,"[6.0, 0.89, 47.6, 34.11]","[21.75, 27.5625]"
MORI_motion_P3,U100,MEZZANINE,F.Cu,F.Cu,True,/HEAD_TX,True,5202f5a6-6953-408f-8ff2-6bc333eccf31,"(21.75, 29.4)","(21.25, 29.9)",0.707,"[6.0, 0.89, 47.6, 34.11]","[21.74137931034483, 29.40862068965517]"
MORI_motion_P3,U100,MEZZANINE,F.Cu,F.Cu,True,/HEAD_TX,True,636e62af-9997-4daf-bdd2-7ea17f41e851,"(21.25, 31.55)","(20.05, 32.75)",0.824,"[6.0, 0.89, 47.6, 34.11]","[21.241176470588236, 31.558823529411764]"
MORI_motion_P3,U100,MEZZANINE,F.Cu,F.Cu,True,/HEAD_TX,True,ef1a3056-d1b4-4876-b9d2-130425696a80,"(21.25, 29.9)","(21.25, 31.55)",1.65,"[6.0, 0.89, 47.6, 34.11]","[21.25, 29.91231343283582]"
MORI_motion_P3,U100,MEZZANINE,F.Cu,B.Cu,False,/HEAD_TX,True,8b6d08f0-0d22-423c-9ae3-7a298a967312,"(21.75, 26.05)","(21.75, 27.55)",1.5,"[6.0, 0.89, 47.6, 34.11]","[21.75, 26.0625]"
MORI_motion_P3,U100,MEZZANINE,F.Cu,B.Cu,False,/IMU_CS_M,True,09939eb7-9fcd-4667-942e-69d4a14ec121,"(25.0, 27.825)","(23.88, 28.945)",1.584,"[6.0, 0.89, 47.6, 34.11]","[24.99125, 27.83375]"
MORI_motion_P3,U100,MEZZANINE,F.Cu,B.Cu,False,/IMU_CS_M,True,20c825cf-fa6c-43ac-991f-0de2c785778d,"(23.88, 30.7674)","(22.61, 32.0374)",1.596,"[6.0, 0.89, 47.6, 34.11]","[23.871180555555554, 30.776219444444443]"
MORI_motion_P3,U100,MEZZANINE,F.Cu,B.Cu,False,/IMU_CS_M,True,ca3f6581-668e-48f4-9be7-3be4e3e947e9,"(23.88, 28.945)","(23.88, 30.7674)",1.822,"[6.0, 0.89, 47.6, 34.11]","[23.88, 28.957482191780823]"
MORI_motion_P3,U100,MEZZANINE,F.Cu,F.Cu,True,/HEAD_RX,True,0223793d-3e30-457a-a43e-2a5842346455,"(22.0, 26.8)","(22.6, 27.4)",0.849,"[6.0, 0.89, 47.6, 34.11]","[22.008823529411764, 26.808823529411764]"
MORI_motion_P3,U100,MEZZANINE,F.Cu,F.Cu,True,/HEAD_RX,True,5d253c5e-34dc-4345-a13d-4b5b298d1d5c,"(22.6, 27.4)","(22.6, 30.2)",1.958,"[6.0, 0.89, 47.6, 34.11]","[22.6, 27.41238938053097]"
MORI_motion_P3,U100,MEZZANINE,F.Cu,F.Cu,True,/HEAD_RX,True,cad3249d-af87-4569-ae01-5d10743ac6f1,"(20.9, 27.4)","(21.5, 26.8)",0.849,"[6.0, 0.89, 47.6, 34.11]","[20.908823529411762, 27.391176470588235]"
MORI_motion_P3,U100,MEZZANINE,F.Cu,F.Cu,True,/HEAD_RX,True,d61a8ca6-685d-451d-b45e-74dca189497f,"(20.4, 27.4)","(20.9, 27.4)",0.5,"[6.0, 0.89, 47.6, 34.11]","[20.412499999999998, 27.4]"
MORI_motion_P3,U100,MEZZANINE,F.Cu,F.Cu,True,/HEAD_RX,True,f9dc078b-f335-44b2-9907-39b9582c7ade,"(21.5, 26.8)","(22.0, 26.8)",0.5,"[6.0, 0.89, 47.6, 34.11]","[21.5125, 26.8]"
MORI_motion_P3,U100,MEZZANINE,F.Cu,B.Cu,False,/HEAD_RX,True,00e94a5c-cace-4b7c-a7f3-141032a84ee2,"(21.25, 26.55)","(20.4, 27.4)",1.202,"[6.0, 0.89, 47.6, 34.11]","[21.241326530612245, 26.558673469387756]"
MORI_motion_P3,U100,MEZZANINE,F.Cu,B.Cu,False,/HEAD_RX,True,cf20aef4-e8f5-4ebc-bc3a-29b3f8f31f7d,"(21.25, 26.05)","(21.25, 26.55)",0.5,"[6.0, 0.89, 47.6, 34.11]","[21.25, 26.0625]"
MORI_motion_P3,U100,MEZZANINE,F.Cu,B.Cu,False,/IMU_MISO,True,8ef8ada1-0d25-40f1-84b6-f54d9f9bacbb,"(26.05, 32.75)","(27.6, 34.3)",1.923,"[6.0, 0.89, 47.6, 34.11]","[26.05883116883117, 32.75883116883117]"
MORI_motion_P3,U100,MEZZANINE,F.Cu,B.Cu,False,/IMU_SCK_M,True,1adad9a7-813d-481f-b68a-c206e7939c3f,"(26.675, 26.5)","(26.0168, 27.1582)",0.931,"[6.0, 0.89, 47.6, 34.11]","[26.66633947368421, 26.50866052631579]"
MORI_motion_P3,U100,MEZZANINE,F.Cu,B.Cu,False,/IMU_SCK_M,True,8d4e88ae-f883-4bda-9180-5cdc25a5302e,"(26.0168, 27.1582)","(26.0168, 29.3332)",2.175,"[6.0, 0.89, 47.6, 34.11]","[26.0168, 27.170557954545455]"
MORI_motion_P3,U100,MEZZANINE,F.Cu,B.Cu,False,/IMU_SCK_M,True,c0b68852-0bd1-4de4-a7f9-62da2522720d,"(26.0168, 29.3332)","(25.15, 30.2)",0.368,"[6.0, 0.89, 47.6, 34.11]","[26.008132, 29.341868]"
MORI_motion_P3,U100,MEZZANINE,F.Cu,F.Cu,True,/CHG_N,True,42b1f1f5-f7cf-40a7-9c19-23dddd44ab0d,"(27.69, 32.74)","(29.0933, 34.1433)",1.093,"[6.0, 0.89, 47.6, 34.11]","[28.295961538461537, 33.34596153846154]"
MORI_motion_P3,U100,MEZZANINE,F.Cu,B.Cu,False,/CHG_N,True,2ab1f1e8-7d0c-4514-91f8-44216860c654,"(27.3826, 20.7674)","(28.0, 20.15)",0.873,"[6.0, 0.89, 47.6, 34.11]","[27.39142, 20.75858]"
MORI_motion_P3,U100,MEZZANINE,F.Cu,B.Cu,False,/CHG_N,True,39f12e22-32a0-4890-a46c-b52d70a6503c,"(28.0, 20.15)","(29.0, 21.15)",1.414,"[6.0, 0.89, 47.6, 34.11]","[28.00877192982456, 20.15877192982456]"
MORI_motion_P3,U100,MEZZANINE,F.Cu,B.Cu,False,/CHG_N,True,46d5c8f8-258f-45d7-9f6b-4f3c1f49a5e3,"(27.3826, 28.0833)","(27.3826, 20.7674)",7.316,"[6.0, 0.89, 47.6, 34.11]","[27.3826, 28.07081552901024]"
MORI_motion_P3,U100,MEZZANINE,F.Cu,B.Cu,False,/CHG_N,True,a8d96837-bdf5-463a-8c01-bb4cb7815f42,"(26.5188, 28.9471)","(27.3826, 28.0833)",1.222,"[6.0, 0.89, 47.6, 34.11]","[26.527614285714286, 28.938285714285712]"
MORI_motion_P3,U100,MEZZANINE,F.Cu,B.Cu,False,/CHG_N,True,b239096a-4bc8-43f0-bdec-dcbd2a96a718,"(29.0, 21.15)","(29.0, 22.175)",1.025,"[6.0, 0.89, 47.6, 34.11]","[29.0, 21.16220238095238]"
MORI_motion_P3,U100,MEZZANINE,F.Cu,B.Cu,False,/CHG_N,True,e106bc5b-5d59-4d13-b07d-1ea0e16fcdf5,"(26.5188, 31.5688)","(26.5188, 28.9471)",2.622,"[6.0, 0.89, 47.6, 34.11]","[26.5188, 31.556315714285713]"
MORI_motion_P3,U100,MEZZANINE,F.Cu,B.Cu,False,/CHG_N,True,e3bf73c4-1a08-4964-9817-f8fc02cc394d,"(27.69, 32.74)","(26.5188, 31.5688)",0.816,"[6.0, 0.89, 47.6, 34.11]","[27.086919402985075, 32.13691940298507]"
MORI_motion_P3,U100,MEZZANINE,F.Cu,B.Cu,False,/IMU_MOSI_M,True,a506e6e4-10be-4900-bcbd-3d1632bfc76d,"(30.0, 27.89)","(27.69, 30.2)",2.419,"[6.0, 0.89, 47.6, 34.11]","[29.99118320610687, 27.89881679389313]"
MORI_motion_P3,U100,MEZZANINE,F.Cu,B.Cu,False,/IMU_MOSI_M,True,a88c6126-0267-4248-9a53-25d040955f18,"(30.0, 27.325)","(30.0, 27.89)",0.565,"[6.0, 0.89, 47.6, 34.11]","[30.0, 27.337282608695652]"
MORI_motion_P3,U100,MEZZANINE,F.Cu,F.Cu,True,/IMU_DRDY,True,5a3e2ca4-8922-4ab1-813a-bb6d1407d604,"(36.0111, 15.6183)","(36.6864, 14.943)",0.955,"[6.0, 0.89, 47.6, 34.11]","[36.01975769230769, 15.609642307692308]"
MORI_motion_P3,U100,MEZZANINE,F.Cu,F.Cu,True,/IMU_DRDY,True,8ffe3f39-f2e6-45b4-94d5-cfb766865d4c,"(36.6864, 14.943)","(51.2136, 14.943)",10.914,"[6.0, 0.89, 47.6, 34.11]","[36.69888695652174, 14.943]"
MORI_motion_P3,U100,MEZZANINE,F.Cu,B.Cu,False,/IMU_DRDY,True,051d71a7-4c77-4c2f-a26a-194c6ee370a3,"(33.1554, 31.47)","(31.5, 31.47)",1.655,"[6.0, 0.89, 47.6, 34.11]","[33.14304626865672, 31.47]"
MORI_motion_P3,U100,MEZZANINE,F.Cu,B.Cu,False,/IMU_DRDY,True,185485bc-12a1-4b27-8b22-48819797c1ca,"(38.2336, 24.7055)","(38.2336, 25.8754)",1.17,"[6.0, 0.89, 47.6, 34.11]","[38.2336, 24.71794574468085]"
MORI_motion_P3,U100,MEZZANINE,F.Cu,B.Cu,False,/IMU_DRDY,True,21da1437-099a-4081-9e14-4aba394f44cf,"(38.4207, 24.5184)","(38.2336, 24.7055)",0.265,"[6.0, 0.89, 47.6, 34.11]","[38.412195454545454, 24.526904545454546]"
MORI_motion_P3,U100,MEZZANINE,F.Cu,B.Cu,False,/IMU_DRDY,True,2d7fbaef-5068-4931-a4ef-37e556b17816,"(34.04, 30.5854)","(33.1554, 31.47)",1.251,"[6.0, 0.89, 47.6, 34.11]","[34.03132745098039, 30.594072549019607]"
MORI_motion_P3,U100,MEZZANINE,F.Cu,B.Cu,False,/IMU_DRDY,True,474d8fbc-06e2-49f6-9dd1-18bc4aa656bf,"(38.2336, 25.8754)","(35.1351, 28.9739)",4.382,"[6.0, 0.89, 47.6, 34.11]","[38.22479744318182, 25.88420255681818]"
MORI_motion_P3,U100,MEZZANINE,F.Cu,B.Cu,False,/IMU_DRDY,True,6bd1e00f-2caa-45b0-a308-67560ab8008c,"(31.5, 31.47)","(30.23, 32.74)",0.948,"[6.0, 0.89, 47.6, 34.11]","[31.491180555555555, 31.478819444444444]"
MORI_motion_P3,U100,MEZZANINE,F.Cu,B.Cu,False,/IMU_DRDY,True,91d84748-ad12-435d-a1df-2f51f74b3188,"(34.04, 29.7969)","(34.04, 30.5854)",0.788,"[6.0, 0.89, 47.6, 34.11]","[34.04, 29.809220312500003]"
MORI_motion_P3,U100,MEZZANINE,F.Cu,B.Cu,False,/IMU_DRDY,True,aa84765c-2297-4909-b02e-5a831be469a6,"(34.863, 28.9739)","(34.04, 29.7969)",1.164,"[6.0, 0.89, 47.6, 34.11]","[34.85424468085106, 28.982655319148936]"
MORI_motion_P3,U100,MEZZANINE,F.Cu,B.Cu,False,/IMU_DRDY,True,b2dedcb8-e929-4e4b-baff-24973094e62c,"(35.1351, 28.9739)","(34.863, 28.9739)",0.272,"[6.0, 0.89, 47.6, 34.11]","[35.12273181818182, 28.9739]"
MORI_motion_P3,U100,MEZZANINE,F.Cu,B.Cu,False,/IMU_DRDY,True,b3a305b1-661e-41be-8c2a-d4a44acbb0d7,"(38.4207, 18.5958)","(38.4207, 24.5184)",5.923,"[6.0, 0.89, 47.6, 34.11]","[38.4207, 18.608294936708862]"
MORI_motion_P3,U100,MEZZANINE,F.Cu,B.Cu,False,/IMU_DRDY,True,bb43239e-8acf-4dd8-abd1-bacdf63d7b54,"(36.0111, 15.6183)","(36.0111, 16.1862)",0.568,"[6.0, 0.89, 47.6, 34.11]","[36.0111, 15.630645652173913]"
MORI_motion_P3,U100,MEZZANINE,F.Cu,B.Cu,False,/IMU_DRDY,True,c1bda5b9-cf8b-45fe-bc5f-88e2dacb8898,"(36.0111, 16.1862)","(38.4207, 18.5958)",3.408,"[6.0, 0.89, 47.6, 34.11]","[36.01989416058394, 16.194994160583942]"
MORI_motion_P3,U100,MEZZANINE,F.Cu,B.Cu,False,/ARM_FEEDBACK,True,4dbd2b54-32cb-4813-90e5-690d36139cd3,"(37.675, 25.7884)","(37.675, 20.0)",5.788,"[6.0, 0.89, 47.6, 34.11]","[37.675, 25.775925]"
MORI_motion_P3,U100,MEZZANINE,F.Cu,B.Cu,False,/ARM_FEEDBACK,True,78e7c0a0-5bb0-4219-ab45-f01362f3eee8,"(31.5494, 28.8806)","(34.0573, 28.8806)",2.508,"[6.0, 0.89, 47.6, 34.11]","[31.56181534653465, 28.8806]"
MORI_motion_P3,U100,MEZZANINE,F.Cu,B.Cu,False,/ARM_FEEDBACK,True,d8e83e69-2f61-4119-a8f0-8c36b77361db,"(34.44, 28.4979)","(34.9655, 28.4979)",0.526,"[6.0, 0.89, 47.6, 34.11]","[34.45194318181818, 28.4979]"
MORI_motion_P3,U100,MEZZANINE,F.Cu,B.Cu,False,/ARM_FEEDBACK,True,e18f479a-5fe6-4434-ac46-e185b884b28d,"(34.9655, 28.4979)","(37.675, 25.7884)",3.832,"[6.0, 0.89, 47.6, 34.11]","[34.974297077922074, 28.489102922077922]"
MORI_motion_P3,U100,MEZZANINE,F.Cu,B.Cu,False,/ARM_FEEDBACK,True,eaec9785-faef-4ef2-b6c5-d3d5592a158f,"(34.0573, 28.8806)","(34.44, 28.4979)",0.541,"[6.0, 0.89, 47.6, 34.11]","[34.06599772727272, 28.871902272727272]"
MORI_motion_P3,U100,MEZZANINE,F.Cu,B.Cu,False,/ARM_FEEDBACK,True,f5230ff0-856b-48a3-9f2d-d1e7958c6b33,"(30.23, 30.2)","(31.5494, 28.8806)",1.02,"[6.0, 0.89, 47.6, 34.11]","[30.836924, 29.593076]"
MORI_motion_P3,U100,MEZZANINE,F.Cu,B.Cu,False,/ARM_CLK,True,11cce53f-5130-4dde-8cfa-a1f672a85535,"(6.825, 12.4496)","(7.3277, 12.9523)",0.711,"[6.0, 0.89, 47.6, 34.11]","[6.8336672413793105, 12.45826724137931]"
MORI_motion_P3,U100,MEZZANINE,F.Cu,B.Cu,False,/ARM_CLK,True,7973c6d8-8a75-4ef9-b2a4-96f66c38c2cc,"(9.45, 12.75)","(8.65, 12.75)",0.8,"[6.0, 0.89, 47.6, 34.11]","[9.4375, 12.75]"
MORI_motion_P3,U100,MEZZANINE,F.Cu,B.Cu,False,/ARM_CLK,True,7a126ceb-8bae-4baf-ae5c-6f03ed2cd751,"(8.4477, 12.9523)","(8.65, 12.75)",0.286,"[6.0, 0.89, 47.6, 34.11]","[8.456129166666667, 12.943870833333333]"
MORI_motion_P3,U100,MEZZANINE,F.Cu,B.Cu,False,/ARM_CLK,True,863594d3-4495-4161-9399-72fb3361157f,"(7.3277, 12.9523)","(8.4477, 12.9523)",1.12,"[6.0, 0.89, 47.6, 34.11]","[7.340144444444444, 12.9523]"
MORI_motion_P3,U100,MEZZANINE,F.Cu,B.Cu,False,/ARM_CLK,True,97d5dd44-6725-4d4b-9532-0ea3c3c77a02,"(6.825, 7.885)","(6.825, 12.4496)",4.565,"[6.0, 0.89, 47.6, 34.11]","[6.825, 7.897471584699454]"
MORI_motion_P3,U100,MEZZANINE,F.Cu,B.Cu,False,/ARM_CLK,True,f107995a-4b49-4c3a-9f7d-c1e5e5229d47,"(9.91, 4.8)","(6.825, 7.885)",3.515,"[6.0, 0.89, 47.6, 34.11]","[9.301814285714286, 5.408185714285715]"
MORI_motion_P3,U100,MEZZANINE,F.Cu,F.Cu,True,/CLR_N,True,6be5c223-9845-4091-96b1-a4c52b6aad84,"(6.8548, 6.345)","(11.6172, 6.345)",4.762,"[6.0, 0.89, 47.6, 34.11]","[6.8672670157068065, 6.345]"
MORI_motion_P3,U100,MEZZANINE,F.Cu,B.Cu,False,/CLR_N,True,05ee18b1-4029-4244-889e-029d5dfdfb0b,"(13.3, 13.0)","(13.3, 11.9)",1.1,"[6.0, 0.89, 47.6, 34.11]","[13.3, 12.9875]"
MORI_motion_P3,U100,MEZZANINE,F.Cu,B.Cu,False,/CLR_N,True,1682d146-3aa4-4053-8c8b-a1502d499bec,"(9.675, 20.0)","(7.775, 20.0)",1.9,"[6.0, 0.89, 47.6, 34.11]","[9.662662337662338, 20.0]"
MORI_motion_P3,U100,MEZZANINE,F.Cu,B.Cu,False,/CLR_N,True,18f16edf-08df-42fe-b287-bc178bb28279,"(6.3125, 18.5375)","(6.05, 18.5375)",0.263,"[6.0, 0.89, 47.6, 34.11]","[6.300568181818182, 18.5375]"
MORI_motion_P3,U100,MEZZANINE,F.Cu,B.Cu,False,/CLR_N,True,20928315-ad0e-41cc-a841-91a70e1979c7,"(11.8062, 17.8688)","(9.675, 20.0)",3.014,"[6.0, 0.89, 47.6, 34.11]","[11.797393388429752, 17.877606611570247]"
MORI_motion_P3,U100,MEZZANINE,F.Cu,B.Cu,False,/CLR_N,True,23fd9e69-9f91-4732-9825-cb2bbea1f4fa,"(46.625, 22.9006)","(38.6403, 14.9159)",11.292,"[6.0, 0.89, 47.6, 34.11]","[46.61616736725664, 22.891767367256637]"
MORI_motion_P3,U100,MEZZANINE,F.Cu,B.Cu,False,/CLR_N,True,2814131a-f088-4a58-8528-7546a8d591c9,"(11.6172, 6.345)","(11.18, 5.9078)",0.618,"[6.0, 0.89, 47.6, 34.11]","[11.608456, 6.336256]"
MORI_motion_P3,U100,MEZZANINE,F.Cu,B.Cu,False,/CLR_N,True,2878e3dd-ca72-4449-b17a-b61b4c35fabb,"(5.8775, 7.3223)","(6.8548, 6.345)",1.209,"[6.0, 0.89, 47.6, 34.11]","[6.008722448979592, 7.191077551020409]"
MORI_motion_P3,U100,MEZZANINE,F.Cu,B.Cu,False,/CLR_N,True,33f522b9-5646-45de-a6fd-e5a6fe343ae1,"(11.18, 3.53)","(9.91, 2.26)",0.948,"[6.0, 0.89, 47.6, 34.11]","[11.171180555555555, 3.5211805555555555]"
MORI_motion_P3,U100,MEZZANINE,F.Cu,B.Cu,False,/CLR_N,True,3571fa9d-b385-4f6c-9c99-9dfcaa0ac57b,"(30.35, 16.5)","(28.35, 16.5)",2.0,"[6.0, 0.89, 47.6, 34.11]","[30.337500000000002, 16.5]"
MORI_motion_P3,U100,MEZZANINE,F.Cu,B.Cu,False,/CLR_N,True,360a049b-b69e-4753-913f-9322e08ee77c,"(13.0, 14.35)","(13.0, 13.3)",1.05,"[6.0, 0.89, 47.6, 34.11]","[13.0, 14.3375]"
MORI_motion_P3,U100,MEZZANINE,F.Cu,B.Cu,False,/CLR_N,True,3895ae36-c57e-4c8a-8986-f6f7d06a6ffa,"(13.3, 11.9)","(13.15, 11.75)",0.212,"[6.0, 0.89, 47.6, 34.11]","[13.291666666666668, 11.891666666666667]"
MORI_motion_P3,U100,MEZZANINE,F.Cu,B.Cu,False,/CLR_N,True,3a526ff4-06f3-45d4-9326-7b9bf41dec3c,"(11.18, 5.9078)","(11.18, 3.53)",2.378,"[6.0, 0.89, 47.6, 34.11]","[11.18, 5.895415625]"
MORI_motion_P3,U100,MEZZANINE,F.Cu,B.Cu,False,/CLR_N,True,44bef6cd-c543-48eb-8336-e78aecb83e6d,"(16.7417, 14.8783)","(16.0, 15.62)",1.049,"[6.0, 0.89, 47.6, 34.11]","[16.732870238095238, 14.887129761904761]"
MORI_motion_P3,U100,MEZZANINE,F.Cu,B.Cu,False,/CLR_N,True,4df0cf38-5f16-4a93-b7a4-4822e607c02a,"(38.6403, 14.9159)","(31.9341, 14.9159)",6.706,"[6.0, 0.89, 47.6, 34.11]","[38.62783494423792, 14.9159]"
MORI_motion_P3,U100,MEZZANINE,F.Cu,B.Cu,False,/CLR_N,True,5964938d-af53-4508-9931-679e4fdbe1a2,"(46.625, 23.55)","(46.625, 22.9006)",0.649,"[6.0, 0.89, 47.6, 34.11]","[46.625, 23.53751153846154]"
MORI_motion_P3,U100,MEZZANINE,F.Cu,B.Cu,False,/CLR_N,True,5a7fe1e0-0634-4a92-9ab7-c597944eb258,"(30.35, 16.5)","(28.7283, 14.8783)",2.293,"[6.0, 0.89, 47.6, 34.11]","[30.34118641304348, 16.49118641304348]"
MORI_motion_P3,U100,MEZZANINE,F.Cu,B.Cu,False,/CLR_N,True,6ba0360f-2071-4e1d-9340-d3dc72826918,"(31.9341, 14.9159)","(30.35, 16.5)",2.24,"[6.0, 0.89, 47.6, 34.11]","[31.925299444444445, 14.924700555555557]"
MORI_motion_P3,U100,MEZZANINE,F.Cu,B.Cu,False,/CLR_N,True,6d7378f3-b210-4cc0-96f4-21c0c0bebfb0,"(6.05, 17.9375)","(6.05, 18.5375)",0.6,"[6.0, 0.89, 47.6, 34.11]","[6.05, 17.9495]"
MORI_motion_P3,U100,MEZZANINE,F.Cu,B.Cu,False,/CLR_N,True,6f1f414c-f2c9-4e18-9de9-99cc131464d1,"(11.8062, 15.5438)","(11.8062, 17.8688)",2.325,"[6.0, 0.89, 47.6, 34.11]","[11.8062, 15.556167021276595]"
MORI_motion_P3,U100,MEZZANINE,F.Cu,B.Cu,False,/CLR_N,True,9c14dd18-b5b7-43d4-b605-b9ad42902c65,"(13.967, 18.4338)","(12.3712, 18.4338)",1.596,"[6.0, 0.89, 47.6, 34.11]","[13.9545328125, 18.4338]"
MORI_motion_P3,U100,MEZZANINE,F.Cu,B.Cu,False,/CLR_N,True,a082e23b-9f1e-467f-a5e4-a623f3b2d822,"(28.7283, 14.8783)","(16.7417, 14.8783)",11.987,"[6.0, 0.89, 47.6, 34.11]","[28.715813958333335, 14.8783]"
MORI_motion_P3,U100,MEZZANINE,F.Cu,B.Cu,False,/CLR_N,True,a1c0fd2e-1b43-429d-972f-ccfe90537481,"(16.0, 15.62)","(16.0, 16.4008)",0.781,"[6.0, 0.89, 47.6, 34.11]","[16.0, 15.6322]"
MORI_motion_P3,U100,MEZZANINE,F.Cu,B.Cu,False,/CLR_N,True,aa22aa3b-8d09-4c91-a98f-539cfa1b8338,"(16.0, 16.4008)","(13.967, 18.4338)",2.875,"[6.0, 0.89, 47.6, 34.11]","[15.991237068965518, 16.409562931034483]"
MORI_motion_P3,U100,MEZZANINE,F.Cu,B.Cu,False,/CLR_N,True,aa49af66-d297-4d69-8b56-973083a1c359,"(13.0, 13.3)","(13.3, 13.0)",0.424,"[6.0, 0.89, 47.6, 34.11]","[13.008823529411766, 13.291176470588235]"
MORI_motion_P3,U100,MEZZANINE,F.Cu,B.Cu,False,/CLR_N,True,b803a7c3-a4bf-4db8-a495-035cadd16068,"(12.55, 11.75)","(13.15, 11.75)",0.6,"[6.0, 0.89, 47.6, 34.11]","[12.5625, 11.75]"
MORI_motion_P3,U100,MEZZANINE,F.Cu,B.Cu,False,/CLR_N,True,c44e72ef-2dae-4278-ba9f-406047e1d546,"(6.05, 17.9375)","(5.3865, 17.274)",0.071,"[6.0, 0.89, 47.6, 34.11]","[6.041666666666666, 17.929166666666667]"
MORI_motion_P3,U100,MEZZANINE,F.Cu,B.Cu,False,/CLR_N,True,d9c33a98-4e27-44d2-b486-ed44423dfc78,"(28.35, 16.5)","(28.0, 16.85)",0.495,"[6.0, 0.89, 47.6, 34.11]","[28.341250000000002, 16.50875]"
MORI_motion_P3,U100,MEZZANINE,F.Cu,B.Cu,False,/CLR_N,True,e3985e76-c60c-4742-a2d7-eba6fed7e55c,"(7.775, 20.0)","(6.3125, 18.5375)",2.068,"[6.0, 0.89, 47.6, 34.11]","[7.766189759036145, 19.991189759036146]"
MORI_motion_P3,U100,MEZZANINE,F.Cu,B.Cu,False,/CLR_N,True,e76f6383-310e-40fd-9753-01f899ff170c,"(13.0, 14.35)","(11.8062, 15.5438)",1.688,"[6.0, 0.89, 47.6, 34.11]","[12.99122205882353, 14.35877794117647]"
MORI_motion_P3,U100,MEZZANINE,F.Cu,B.Cu,False,/CLR_N,True,f16d9113-1cbe-4860-bb79-ecf1b5a41348,"(12.3712, 18.4338)","(11.8062, 17.8688)",0.799,"[6.0, 0.89, 47.6, 34.11]","[12.362371875, 18.424971875]"
MORI_motion_P3,U100,MEZZANINE,F.Cu,F.Cu,True,/S288_OE_REQ_N,True,01f02319-a929-40e3-8fa5-8cd4aebf4137,"(12.45, 6.5269)","(8.5767, 10.4002)",5.478,"[6.0, 0.89, 47.6, 34.11]","[12.441197045454544, 6.535702954545455]"
MORI_motion_P3,U100,MEZZANINE,F.Cu,F.Cu,True,/S288_OE_REQ_N,True,0e5dd128-f6b2-42be-9d0c-65baf83bbb81,"(6.939, 10.4002)","(5.3973, 11.9419)",1.328,"[6.0, 0.89, 47.6, 34.11]","[6.930305555555556, 10.408894444444444]"
MORI_motion_P3,U100,MEZZANINE,F.Cu,F.Cu,True,/S288_OE_REQ_N,True,7616dc85-764a-4755-9af9-9a599d1c15c1,"(5.83, 13.0)","(15.6, 13.0)",9.6,"[6.0, 0.89, 47.6, 34.11]","[6.0125, 13.0]"
MORI_motion_P3,U100,MEZZANINE,F.Cu,F.Cu,True,/S288_OE_REQ_N,True,d02e4c17-557a-4652-998d-97997ea8e4a8,"(12.45, 4.8)","(12.45, 6.5269)",0.888,"[6.0, 0.89, 47.6, 34.11]","[12.45, 5.651115]"
MORI_motion_P3,U100,MEZZANINE,F.Cu,F.Cu,True,/S288_OE_REQ_N,True,fc6632bb-8890-4996-8d3c-92c8099669c5,"(8.5767, 10.4002)","(6.939, 10.4002)",1.638,"[6.0, 0.89, 47.6, 34.11]","[8.564293181818183, 10.4002]"
MORI_motion_P3,U100,MEZZANINE,F.Cu,B.Cu,False,/S288_OE_REQ_N,True,05fce3cd-0fbb-4978-a46f-fa2d2adc2708,"(14.65, 12.5)","(15.15, 13.0)",0.707,"[6.0, 0.89, 47.6, 34.11]","[14.658620689655173, 12.508620689655173]"
MORI_motion_P3,U100,MEZZANINE,F.Cu,B.Cu,False,/S288_OE_REQ_N,True,27cbf2f5-45f1-474f-bd80-333fc339303f,"(15.15, 13.0)","(15.6, 13.0)",0.45,"[6.0, 0.89, 47.6, 34.11]","[15.1625, 13.0]"
MORI_motion_P3,U100,MEZZANINE,F.Cu,B.Cu,False,/S288_OE_REQ_N,True,358f65d5-8b76-4718-a8f7-3922e6bb3e8d,"(14.65, 11.75)","(15.45, 11.75)",0.8,"[6.0, 0.89, 47.6, 34.11]","[14.6625, 11.75]"
MORI_motion_P3,U100,MEZZANINE,F.Cu,B.Cu,False,/S288_OE_REQ_N,True,504b273f-264a-46fd-bce5-6bcc9cabf940,"(14.0, 7.175)","(12.45, 5.625)",2.167,"[6.0, 0.89, 47.6, 34.11]","[13.991193181818181, 7.166193181818182]"
MORI_motion_P3,U100,MEZZANINE,F.Cu,B.Cu,False,/S288_OE_REQ_N,True,b064a365-0c2a-4cf6-b2c7-f362885e51db,"(14.65, 11.75)","(14.65, 12.5)",0.75,"[6.0, 0.89, 47.6, 34.11]","[14.65, 11.7625]"
MORI_motion_P3,U100,MEZZANINE,F.Cu,B.Cu,False,/HEAD_OE_REQ_N,True,0b0f9a5a-85b9-4342-a6eb-6da78f182f07,"(13.8383, 5.277)","(14.8054, 6.2441)",1.368,"[6.0, 0.89, 47.6, 34.11]","[13.847091818181818, 5.285791818181818]"
MORI_motion_P3,U100,MEZZANINE,F.Cu,B.Cu,False,/HEAD_OE_REQ_N,True,26e4cf7f-16f5-498a-8b5e-a301dcd635de,"(20.7866, 6.7314)","(20.7866, 8.0384)",1.307,"[6.0, 0.89, 47.6, 34.11]","[20.7866, 6.743730188679245]"
MORI_motion_P3,U100,MEZZANINE,F.Cu,B.Cu,False,/HEAD_OE_REQ_N,True,4912f144-b16f-448e-a8ed-4844364b740f,"(13.8383, 3.6483)","(13.8383, 5.277)",1.629,"[6.0, 0.89, 47.6, 34.11]","[13.8383, 3.660638636363636]"
MORI_motion_P3,U100,MEZZANINE,F.Cu,B.Cu,False,/HEAD_OE_REQ_N,True,52469191-88bd-44a7-a070-1acb42d1e62f,"(14.8054, 6.2441)","(20.2993, 6.2441)",5.494,"[6.0, 0.89, 47.6, 34.11]","[14.817886136363636, 6.2441]"
MORI_motion_P3,U100,MEZZANINE,F.Cu,B.Cu,False,/HEAD_OE_REQ_N,True,89872136-cb6b-4f2e-ac43-56fcf871b9b1,"(20.7866, 8.0384)","(20.0, 8.825)",1.112,"[6.0, 0.89, 47.6, 34.11]","[20.77786, 8.047139999999999]"
MORI_motion_P3,U100,MEZZANINE,F.Cu,B.Cu,False,/HEAD_OE_REQ_N,True,8c8f3abd-3a3d-4303-bb87-00a290566de1,"(20.2993, 6.2441)","(20.7866, 6.7314)",0.689,"[6.0, 0.89, 47.6, 34.11]","[20.308001785714286, 6.252801785714286]"
MORI_motion_P3,U100,MEZZANINE,F.Cu,B.Cu,False,/HEAD_OE_REQ_N,True,bbcec5f1-0c5a-48f4-be29-9a7c71181e0e,"(20.0, 9.6)","(19.35, 10.25)",0.919,"[6.0, 0.89, 47.6, 34.11]","[19.991216216216216, 9.608783783783784]"
MORI_motion_P3,U100,MEZZANINE,F.Cu,B.Cu,False,/HEAD_OE_REQ_N,True,e823ba9d-0baf-440a-852b-9b0bcbe96176,"(12.45, 2.26)","(13.8383, 3.6483)",1.118,"[6.0, 0.89, 47.6, 34.11]","[13.056282911392405, 2.866282911392405]"
MORI_motion_P3,U100,MEZZANINE,F.Cu,B.Cu,False,/HEAD_OE_REQ_N,True,f528a6ea-7ef1-47e7-89bd-0d7271689684,"(20.0, 8.825)","(20.0, 9.6)",0.775,"[6.0, 0.89, 47.6, 34.11]","[20.0, 8.837109374999999]"
MORI_motion_P3,U100,MEZZANINE,F.Cu,B.Cu,False,/HEAD_OE_REQ_N,True,f57c275a-2544-4598-bab0-491b93120889,"(18.55, 10.25)","(19.35, 10.25)",0.8,"[6.0, 0.89, 47.6, 34.11]","[18.562121212121212, 10.25]"
MORI_motion_P3,U100,MEZZANINE,F.Cu,F.Cu,True,/FAULT_N,True,03106633-0c45-47c0-8f55-52c115571dad,"(32.2, 15.65)","(30.5, 15.65)",1.7,"[6.0, 0.89, 47.6, 34.11]","[32.18768115942029, 15.65]"
MORI_motion_P3,U100,MEZZANINE,F.Cu,F.Cu,True,/FAULT_N,True,25b2bf5b-894d-408a-816e-318c1214dfff,"(36.65, 25.35)","(36.2, 24.9)",0.636,"[6.0, 0.89, 47.6, 34.11]","[36.64134615384615, 25.341346153846157]"
MORI_motion_P3,U100,MEZZANINE,F.Cu,F.Cu,True,/FAULT_N,True,5738172d-e41c-4a67-b66b-763508519a2b,"(36.2, 23.8)","(36.25, 23.75)",0.071,"[6.0, 0.89, 47.6, 34.11]","[36.208333333333336, 23.791666666666668]"
MORI_motion_P3,U100,MEZZANINE,F.Cu,F.Cu,True,/FAULT_N,True,887f0430-e33a-43a7-aac5-9a1fa5e559e2,"(36.2, 24.9)","(36.2, 23.8)",1.1,"[6.0, 0.89, 47.6, 34.11]","[36.2, 24.8875]"
MORI_motion_P3,U100,MEZZANINE,F.Cu,F.Cu,True,/FAULT_N,True,e143aee2-ab5d-4cee-89f9-002df983cee8,"(48.75, 25.35)","(36.65, 25.35)",10.95,"[6.0, 0.89, 47.6, 34.11]","[47.5875284738041, 25.35]"
MORI_motion_P3,U100,MEZZANINE,F.Cu,F.Cu,True,/FAULT_N,True,e358776c-dbe4-49d3-882d-aaa44d18bc82,"(30.5, 15.65)","(29.65, 14.8)",1.202,"[6.0, 0.89, 47.6, 34.11]","[30.491326530612245, 15.641326530612245]"
MORI_motion_P3,U100,MEZZANINE,F.Cu,B.Cu,False,/FAULT_N,True,16726956-bc7a-48ed-b39f-fd2f34bd7d29,"(13.0, 17.65)","(13.525, 17.65)",0.525,"[6.0, 0.89, 47.6, 34.11]","[13.011931818181818, 17.65]"
MORI_motion_P3,U100,MEZZANINE,F.Cu,B.Cu,False,/FAULT_N,True,1def288d-7676-4be9-a908-b08df7930e45,"(15.175, 15.7629)","(15.175, 16.0)",0.237,"[6.0, 0.89, 47.6, 34.11]","[15.175, 15.774755]"
MORI_motion_P3,U100,MEZZANINE,F.Cu,B.Cu,False,/FAULT_N,True,1fe47a6a-a9ce-4418-8248-14dced902e04,"(17.2377, 13.7002)","(15.175, 15.7629)",2.917,"[6.0, 0.89, 47.6, 34.11]","[17.228885042735044, 13.709014957264959]"
MORI_motion_P3,U100,MEZZANINE,F.Cu,B.Cu,False,/FAULT_N,True,2274841a-17b4-46b2-a76f-65f27b8f8614,"(21.34, 4.3816)","(21.34, 11.32)",6.938,"[6.0, 0.89, 47.6, 34.11]","[21.34, 4.394079136690647]"
MORI_motion_P3,U100,MEZZANINE,F.Cu,B.Cu,False,/FAULT_N,True,238b731d-92f2-43bc-859e-a052511b605e,"(13.525, 17.65)","(15.175, 16.0)",2.333,"[6.0, 0.89, 47.6, 34.11]","[13.533776595744682, 17.641223404255317]"
MORI_motion_P3,U100,MEZZANINE,F.Cu,B.Cu,False,/FAULT_N,True,2b049c89-f9fa-4c93-aefe-f241ca3ea61b,"(27.6, 13.15)","(22.15, 13.15)",5.45,"[6.0, 0.89, 47.6, 34.11]","[27.587557077625572, 13.15]"
MORI_motion_P3,U100,MEZZANINE,F.Cu,B.Cu,False,/FAULT_N,True,350390a7-9342-4f70-b355-5812bb51b161,"(21.5586, 13.7002)","(17.2377, 13.7002)",4.321,"[6.0, 0.89, 47.6, 34.11]","[21.546111849710982, 13.7002]"
MORI_motion_P3,U100,MEZZANINE,F.Cu,B.Cu,False,/FAULT_N,True,3a6709d0-d7a0-4149-a70e-f97ef749c026,"(34.05, 15.55)","(32.3, 15.55)",1.75,"[6.0, 0.89, 47.6, 34.11]","[34.037499999999994, 15.55]"
MORI_motion_P3,U100,MEZZANINE,F.Cu,B.Cu,False,/FAULT_N,True,5048cd2a-4382-47bf-a154-08da5873b70b,"(29.65, 14.8)","(29.25, 14.8)",0.4,"[6.0, 0.89, 47.6, 34.11]","[29.6375, 14.8]"
MORI_motion_P3,U100,MEZZANINE,F.Cu,B.Cu,False,/FAULT_N,True,551ff49a-0fc0-43b0-96aa-217496677e4c,"(20.5483, 3.5899)","(21.34, 4.3816)",1.12,"[6.0, 0.89, 47.6, 34.11]","[20.557096666666666, 3.5986966666666667]"
MORI_motion_P3,U100,MEZZANINE,F.Cu,B.Cu,False,/FAULT_N,True,56166561-f103-46bc-b734-db63c56b39c2,"(36.25, 23.75)","(36.1, 23.6)",0.212,"[6.0, 0.89, 47.6, 34.11]","[36.24166666666667, 23.741666666666667]"
MORI_motion_P3,U100,MEZZANINE,F.Cu,B.Cu,False,/FAULT_N,True,695e4c8d-b4b1-406e-a14e-53c16b4b4c46,"(14.99, 4.8)","(16.2001, 3.5899)",0.868,"[6.0, 0.89, 47.6, 34.11]","[15.59505, 4.19495]"
MORI_motion_P3,U100,MEZZANINE,F.Cu,B.Cu,False,/FAULT_N,True,6c5ed560-9e12-4a30-ad48-f44fc9c50e4a,"(22.1266, 13.1322)","(21.5586, 13.7002)",0.803,"[6.0, 0.89, 47.6, 34.11]","[22.11799393939394, 13.14080606060606]"
MORI_motion_P3,U100,MEZZANINE,F.Cu,B.Cu,False,/FAULT_N,True,73924936-7ee9-4738-8f6c-6b32de221b37,"(32.3, 15.55)","(32.2, 15.65)",0.141,"[6.0, 0.89, 47.6, 34.11]","[32.291666666666664, 15.558333333333334]"
MORI_motion_P3,U100,MEZZANINE,F.Cu,B.Cu,False,/FAULT_N,True,7f3bade2-f3da-4bc8-819a-d8acdaf9762d,"(16.2001, 3.5899)","(20.5483, 3.5899)",4.348,"[6.0, 0.89, 47.6, 34.11]","[16.212594827586205, 3.5899]"
MORI_motion_P3,U100,MEZZANINE,F.Cu,B.Cu,False,/FAULT_N,True,a281158c-5fd7-46db-9c3c-e6d706ab9148,"(36.1, 17.6)","(34.05, 15.55)",2.899,"[6.0, 0.89, 47.6, 34.11]","[36.09116379310345, 17.59116379310345]"
MORI_motion_P3,U100,MEZZANINE,F.Cu,B.Cu,False,/FAULT_N,True,c11ebe0c-9cd9-4747-9d2f-2c349d1b84d2,"(29.25, 14.8)","(27.6, 13.15)",2.333,"[6.0, 0.89, 47.6, 34.11]","[29.24122340425532, 14.79122340425532]"
MORI_motion_P3,U100,MEZZANINE,F.Cu,B.Cu,False,/FAULT_N,True,c2f164dc-bc13-464f-8a86-4bd227dde890,"(36.1, 23.6)","(36.1, 17.6)",6.0,"[6.0, 0.89, 47.6, 34.11]","[36.1, 23.587500000000002]"
MORI_motion_P3,U100,MEZZANINE,F.Cu,B.Cu,False,/FAULT_N,True,ec7ae4fa-a985-49f9-a680-9b7e4d158b3f,"(21.34, 11.32)","(22.1266, 12.1066)",1.112,"[6.0, 0.89, 47.6, 34.11]","[21.34874, 11.32874]"
MORI_motion_P3,U100,MEZZANINE,F.Cu,B.Cu,False,/FAULT_N,True,fa57efb7-0aa3-49c8-9b09-0480fef483b3,"(22.1266, 12.1066)","(22.1266, 13.1322)",1.026,"[6.0, 0.89, 47.6, 34.11]","[22.1266, 12.118809523809524]"
MORI_motion_P3,U100,MEZZANINE,F.Cu,B.Cu,False,/S288_RX,True,818cca2e-d56e-47ff-9601-eb960c4746c6,"(25.5187, 9.75)","(25.15, 9.3813)",0.521,"[6.0, 0.89, 47.6, 34.11]","[25.509921428571428, 9.741221428571428]"
MORI_motion_P3,U100,MEZZANINE,F.Cu,B.Cu,False,/S288_RX,True,9a5a4b60-4d01-4f7f-b22b-323e28c3ea9c,"(25.15, 9.3813)","(25.15, 4.8)",3.735,"[6.0, 0.89, 47.6, 34.11]","[25.15, 9.36885081521739]"
MORI_motion_P3,U100,MEZZANINE,F.Cu,B.Cu,False,/S288_RX,True,e25fa081-438e-4f5f-a341-813f2a389bea,"(25.5187, 9.75)","(26.45, 9.75)",0.931,"[6.0, 0.89, 47.6, 34.11]","[25.53095394736842, 9.75]"
MORI_motion_P3,U100,MEZZANINE,F.Cu,B.Cu,False,/S288_TX,True,288c51e5-fa04-4289-bd06-4aaf11a39531,"(23.9399, 8.7899)","(23.9399, 4.3217)",4.468,"[6.0, 0.89, 47.6, 34.11]","[23.9399, 8.777418994413408]"
MORI_motion_P3,U100,MEZZANINE,F.Cu,B.Cu,False,/S288_TX,True,45480ed3-4acd-486d-8c09-c659470c2783,"(23.9399, 4.3217)","(24.7316, 3.53)",1.12,"[6.0, 0.89, 47.6, 34.11]","[23.948696666666667, 4.312903333333333]"
MORI_motion_P3,U100,MEZZANINE,F.Cu,B.Cu,False,/S288_TX,True,a16d4da9-d713-456c-abd5-b5aefb8b89b4,"(25.4, 10.25)","(23.9399, 8.7899)",2.065,"[6.0, 0.89, 47.6, 34.11]","[25.391204216867468, 10.24120421686747]"
MORI_motion_P3,U100,MEZZANINE,F.Cu,B.Cu,False,/S288_TX,True,b9dba5a5-3e19-4254-a079-c27a53069301,"(25.4, 10.25)","(26.45, 10.25)",1.05,"[6.0, 0.89, 47.6, 34.11]","[25.41220930232558, 10.25]"
MORI_motion_P3,U100,MEZZANINE,F.Cu,B.Cu,False,/S288_TX,True,cb26a0a1-38ef-40ae-bc71-f5517bc217e3,"(26.42, 3.53)","(27.69, 2.26)",0.948,"[6.0, 0.89, 47.6, 34.11]","[26.428819444444446, 3.5211805555555555]"
MORI_motion_P3,U100,MEZZANINE,F.Cu,B.Cu,False,/S288_TX,True,e83ddde0-f694-454b-b51a-80d60c2af24e,"(24.7316, 3.53)","(26.42, 3.53)",1.688,"[6.0, 0.89, 47.6, 34.11]","[24.744014705882353, 3.53]"
MORI_motion_P3,U100,MEZZANINE,F.Cu,B.Cu,False,/LINK_TX,True,695af893-6504-492e-8e5f-b63c01838a89,"(38.55, 9.55)","(38.55, 10.75)",1.2,"[6.0, 0.89, 47.6, 34.11]","[38.55, 9.5625]"
MORI_motion_P3,U100,MEZZANINE,F.Cu,B.Cu,False,/LINK_TX,True,6df77c20-d4b5-4462-afe0-ca283fb891b3,"(32.75, 4.8)","(34.25, 6.3)",1.248,"[6.0, 0.89, 47.6, 34.11]","[33.37647058823529, 5.4264705882352935]"
MORI_motion_P3,U100,MEZZANINE,F.Cu,B.Cu,False,/LINK_TX,True,c84ba61f-60f5-4c31-ba80-86a64569b2fe,"(35.3, 6.3)","(38.55, 9.55)",4.596,"[6.0, 0.89, 47.6, 34.11]","[35.30883152173913, 6.308831521739131]"
MORI_motion_P3,U100,MEZZANINE,F.Cu,B.Cu,False,/LINK_TX,True,ca11d414-8ac4-4bf3-bc4b-1c954dfef463,"(34.25, 6.3)","(35.3, 6.3)",1.05,"[6.0, 0.89, 47.6, 34.11]","[34.2625, 6.3]"
MORI_motion_P3,U100,MEZZANINE,F.Cu,B.Cu,False,/LINK_RX,True,0480e3db-59f3-4793-b32f-a5db1581203b,"(35.45, 10.75)","(34.85, 10.75)",0.6,"[6.0, 0.89, 47.6, 34.11]","[35.438, 10.75]"
MORI_motion_P3,U100,MEZZANINE,F.Cu,B.Cu,False,/LINK_RX,True,253f21bd-e3b9-47ad-8dc6-af98fbdd3c56,"(34.4122, 10.3122)","(34.85, 10.75)",0.619,"[6.0, 0.89, 47.6, 34.11]","[34.420956, 10.320956]"
MORI_motion_P3,U100,MEZZANINE,F.Cu,B.Cu,False,/LINK_RX,True,34666cf4-5fb9-4297-8607-6a6eb943df75,"(33.5595, 7.1484)","(34.4122, 8.0011)",1.206,"[6.0, 0.89, 47.6, 34.11]","[33.56820102040816, 7.157101020408163]"
MORI_motion_P3,U100,MEZZANINE,F.Cu,B.Cu,False,/LINK_RX,True,49f82a0c-3d74-4eb6-b564-137a74d95074,"(31.6065, 3.4235)","(31.6065, 5.2739)",1.85,"[6.0, 0.89, 47.6, 34.11]","[31.6065, 3.435836]"
MORI_motion_P3,U100,MEZZANINE,F.Cu,B.Cu,False,/LINK_RX,True,587d6a0d-d1b6-46f0-933d-dd9da4d674f8,"(33.481, 7.1484)","(33.5595, 7.1484)",0.078,"[6.0, 0.89, 47.6, 34.11]","[33.490812500000004, 7.1484]"
MORI_motion_P3,U100,MEZZANINE,F.Cu,B.Cu,False,/LINK_RX,True,df8d572f-5a5c-47e4-a64d-05b0c08ebbef,"(31.6065, 5.2739)","(33.481, 7.1484)",2.651,"[6.0, 0.89, 47.6, 34.11]","[31.615259345794392, 5.282659345794393]"
MORI_motion_P3,U100,MEZZANINE,F.Cu,B.Cu,False,/LINK_RX,True,e698a8b1-3fd0-4d8c-885c-cb1b225b585b,"(34.4122, 8.0011)","(34.4122, 10.3122)",2.311,"[6.0, 0.89, 47.6, 34.11]","[34.4122, 8.013525268817203]"
MORI_motion_P3,U100,MEZZANINE,F.Cu,B.Cu,False,/LINK_RX,True,ecb2d12b-cc80-4261-8a5f-90536b07850e,"(32.77, 2.26)","(31.6065, 3.4235)",0.798,"[6.0, 0.89, 47.6, 34.11]","[32.16180681818182, 2.8681931818181816]"
MORI_motion_P3,U100,MEZZANINE,F.Cu,F.Cu,True,/+3V3,True,5dcd925a-b566-4cf8-9153-85786bb669d2,"(17.0, 14.75)","(17.85, 15.6)",1.202,"[6.0, 0.89, 47.6, 34.11]","[17.008673469387755, 14.758673469387755]"
MORI_motion_P3,U100,MEZZANINE,F.Cu,F.Cu,True,/+3V3,True,75be9603-83e7-4f09-aee4-65cc7a97f399,"(17.0, 13.0)","(17.0, 14.75)",1.75,"[6.0, 0.89, 47.6, 34.11]","[17.0, 13.0125]"
MORI_motion_P3,U100,MEZZANINE,F.Cu,F.Cu,True,/+3V3,True,7aa39c06-a932-4c30-9ca3-9a29466384a8,"(47.2, 13.3)","(39.3, 13.3)",7.9,"[6.0, 0.89, 47.6, 34.11]","[47.187539432176656, 13.3]"
MORI_motion_P3,U100,MEZZANINE,F.Cu,F.Cu,True,/+3V3,True,8ede735f-953c-4621-bee3-e7f25b803c58,"(28.1, 21.45)","(23.15, 21.45)",4.95,"[6.0, 0.89, 47.6, 34.11]","[28.087562814070353, 21.45]"
MORI_motion_P3,U100,MEZZANINE,F.Cu,F.Cu,True,/+3V3,True,91e2852c-2425-41de-a664-f3f8644c9e8f,"(7.65, 12.25)","(6.1058, 12.25)",1.544,"[6.0, 0.89, 47.6, 34.11]","[7.637546774193549, 12.25]"
MORI_motion_P3,U100,MEZZANINE,F.Cu,F.Cu,True,/+3V3,True,a000831f-a5b6-4b5a-b648-aaf1862ce902,"(37.85, 32.74)","(42.93, 32.74)",1.693,"[6.0, 0.89, 47.6, 34.11]","[38.709117647058825, 32.74]"
MORI_motion_P3,U100,MEZZANINE,F.Cu,F.Cu,True,/+3V3,True,a906c196-bd6e-4405-84b4-91155d04c486,"(39.3, 13.3)","(39.0, 13.0)",0.424,"[6.0, 0.89, 47.6, 34.11]","[39.29117647058823, 13.291176470588235]"
MORI_motion_P3,U100,MEZZANINE,F.Cu,F.Cu,True,/+3V3,True,ae770cfa-aa7d-40ed-8d31-9c02afc3ae31,"(7.9, 12.0)","(30.75, 12.0)",22.85,"[6.0, 0.89, 47.6, 34.11]","[7.9125000000000005, 12.0]"
MORI_motion_P3,U100,MEZZANINE,F.Cu,F.Cu,True,/+3V3,True,bc092dec-cd23-4157-94ee-610efa8e6314,"(17.0, 13.0)","(17.0, 12.0)",1.0,"[6.0, 0.89, 47.6, 34.11]","[17.0, 12.9875]"
MORI_motion_P3,U100,MEZZANINE,F.Cu,F.Cu,True,/+3V3,True,d98405e9-3034-44be-844e-e7c38c7ec413,"(52.625, 32.95)","(43.14, 32.95)",3.837,"[6.0, 0.89, 47.6, 34.11]","[47.58754189944134, 32.95]"
MORI_motion_P3,U100,MEZZANINE,F.Cu,F.Cu,True,/+3V3,True,f6fa34c7-1419-40a9-8aec-f1b873f50ddb,"(7.65, 12.25)","(7.9, 12.0)",0.354,"[6.0, 0.89, 47.6, 34.11]","[7.658333333333334, 12.241666666666667]"
MORI_motion_P3,U100,MEZZANINE,F.Cu,B.Cu,False,/+3V3,True,00ceba0f-5f02-46ce-8785-dc6a00322886,"(7.65, 12.25)","(12.55, 12.25)",4.9,"[6.0, 0.89, 47.6, 34.11]","[7.6625000000000005, 12.25]"
MORI_motion_P3,U100,MEZZANINE,F.Cu,B.Cu,False,/+3V3,True,0366868f-7400-4da1-8d59-5ec866ae686b,"(28.1, 22.9)","(28.1, 21.45)",1.45,"[6.0, 0.89, 47.6, 34.11]","[28.1, 22.8875]"
MORI_motion_P3,U100,MEZZANINE,F.Cu,B.Cu,False,/+3V3,True,0668551a-1728-462f-9196-6aa6215ba028,"(30.0, 10.75)","(30.75, 11.5)",1.061,"[6.0, 0.89, 47.6, 34.11]","[30.00872093023256, 10.758720930232558]"
MORI_motion_P3,U100,MEZZANINE,F.Cu,B.Cu,False,/+3V3,True,073f2a25-c380-4663-9364-be292b5de123,"(36.3, 10.075)","(35.225, 9.0)",1.52,"[6.0, 0.89, 47.6, 34.11]","[36.29118852459016, 10.066188524590164]"
MORI_motion_P3,U100,MEZZANINE,F.Cu,B.Cu,False,/+3V3,True,0f2140e8-fe26-42f1-afd8-1097cb09dfc2,"(16.8, 16.0)","(21.4, 16.0)",4.6,"[6.0, 0.89, 47.6, 34.11]","[16.8125, 16.0]"
MORI_motion_P3,U100,MEZZANINE,F.Cu,B.Cu,False,/+3V3,True,14ceb867-43a7-4ef4-9869-2a7afd2b40c8,"(6.1058, 13.8808)","(6.1058, 12.25)",1.631,"[6.0, 0.89, 47.6, 34.11]","[6.1058, 13.868445454545455]"
MORI_motion_P3,U100,MEZZANINE,F.Cu,B.Cu,False,/+3V3,True,226c64b2-5a75-42c6-ab1c-17630847d65a,"(17.2, 15.6)","(16.8, 16.0)",0.566,"[6.0, 0.89, 47.6, 34.11]","[17.191304347826087, 15.608695652173912]"
MORI_motion_P3,U100,MEZZANINE,F.Cu,B.Cu,False,/+3V3,True,2bd72053-1a86-4a75-af23-ab57dd3356b9,"(17.775, 8.5)","(18.675, 8.5)",0.9,"[6.0, 0.89, 47.6, 34.11]","[17.78716216216216, 8.5]"
MORI_motion_P3,U100,MEZZANINE,F.Cu,B.Cu,False,/+3V3,True,2e61b3c1-3258-4f73-9cba-aa4615a427b8,"(10.275, 9.5)","(10.95, 8.825)",0.955,"[6.0, 0.89, 47.6, 34.11]","[10.283653846153847, 9.491346153846154]"
MORI_motion_P3,U100,MEZZANINE,F.Cu,B.Cu,False,/+3V3,True,2fd477a7-0c2e-4b64-90a5-2536919ce8a4,"(43.9937, 25.1612)","(44.359, 25.5265)",0.517,"[6.0, 0.89, 47.6, 34.11]","[44.00239761904761, 25.16989761904762]"
MORI_motion_P3,U100,MEZZANINE,F.Cu,B.Cu,False,/+3V3,True,3c8583c2-d300-461e-a86a-8b5562d0bc13,"(30.75, 11.5)","(30.75, 12.0)",0.5,"[6.0, 0.89, 47.6, 34.11]","[30.75, 11.5125]"
MORI_motion_P3,U100,MEZZANINE,F.Cu,B.Cu,False,/+3V3,True,42418ecd-6b22-4afb-867d-fb9ffe6e4cef,"(7.0, 16.0625)","(6.225, 15.2875)",1.096,"[6.0, 0.89, 47.6, 34.11]","[6.991193181818182, 16.053693181818183]"
MORI_motion_P3,U100,MEZZANINE,F.Cu,B.Cu,False,/+3V3,True,43a149f0-6544-4d3e-a6fc-c582c4288bed,"(44.4349, 32.74)","(42.93, 32.74)",0.666,"[6.0, 0.89, 47.6, 34.11]","[44.42256475409836, 32.74]"
MORI_motion_P3,U100,MEZZANINE,F.Cu,B.Cu,False,/+3V3,True,45a1c3a1-4789-4f4b-9338-cafbb9ff79ce,"(29.0, 23.8)","(28.1, 22.9)",1.273,"[6.0, 0.89, 47.6, 34.11]","[28.991176470588236, 23.791176470588237]"
MORI_motion_P3,U100,MEZZANINE,F.Cu,B.Cu,False,/+3V3,True,467cc937-583a-4742-aced-af25756279a1,"(32.525, 13.5)","(32.525, 11.5)",2.0,"[6.0, 0.89, 47.6, 34.11]","[32.525, 13.4875]"
MORI_motion_P3,U100,MEZZANINE,F.Cu,B.Cu,False,/+3V3,True,50d92e66-6563-48fa-b779-fa59538d5803,"(21.4, 16.0)","(24.25, 18.85)",4.031,"[6.0, 0.89, 47.6, 34.11]","[21.408796296296295, 16.008796296296296]"
MORI_motion_P3,U100,MEZZANINE,F.Cu,B.Cu,False,/+3V3,True,52932420-e3ff-44f2-a222-6a7446371c61,"(6.225, 14.0)","(6.1058, 13.8808)",0.169,"[6.0, 0.89, 47.6, 34.11]","[6.216485714285714, 13.991485714285714]"
MORI_motion_P3,U100,MEZZANINE,F.Cu,B.Cu,False,/+3V3,True,54493658-cd0f-48b7-aaf8-96185da02260,"(18.55, 11.75)","(17.0, 11.75)",1.55,"[6.0, 0.89, 47.6, 34.11]","[18.537698412698415, 11.75]"
MORI_motion_P3,U100,MEZZANINE,F.Cu,B.Cu,False,/+3V3,True,5d68606f-b3fd-48b8-b874-f0b51392d3f8,"(49.15, 17.0)","(47.2, 15.05)",0.566,"[6.0, 0.89, 47.6, 34.11]","[47.59130434782609, 15.441304347826087]"
MORI_motion_P3,U100,MEZZANINE,F.Cu,B.Cu,False,/+3V3,True,61fdc5b1-3bac-4361-8717-3bf474831c6d,"(41.5, 25.825)","(42.1638, 25.1612)",0.939,"[6.0, 0.89, 47.6, 34.11]","[41.50873421052631, 25.816265789473682]"
MORI_motion_P3,U100,MEZZANINE,F.Cu,B.Cu,False,/+3V3,True,66128d6b-b36e-455a-9a83-0afcf2a0b3fc,"(44.359, 25.5265)","(44.359, 28.0155)",2.489,"[6.0, 0.89, 47.6, 34.11]","[44.359, 25.538945]"
MORI_motion_P3,U100,MEZZANINE,F.Cu,B.Cu,False,/+3V3,True,6a08b5dc-2832-4adc-8f4a-cc160494e92b,"(34.55, 11.65)","(34.95, 11.25)",0.566,"[6.0, 0.89, 47.6, 34.11]","[34.55869565217391, 11.641304347826088]"
MORI_motion_P3,U100,MEZZANINE,F.Cu,B.Cu,False,/+3V3,True,6bac598c-9e95-45ad-9731-d5d2894dba66,"(39.0, 13.0)","(38.75, 12.75)",0.354,"[6.0, 0.89, 47.6, 34.11]","[38.99166666666667, 12.991666666666667]"
MORI_motion_P3,U100,MEZZANINE,F.Cu,B.Cu,False,/+3V3,True,6d1d7b9d-6b92-4505-a8b2-4f4a9687bc6a,"(10.3, 9.5)","(10.3, 12.25)",2.75,"[6.0, 0.89, 47.6, 34.11]","[10.3, 9.5125]"
MORI_motion_P3,U100,MEZZANINE,F.Cu,B.Cu,False,/+3V3,True,6dc58141-dc32-45e9-a564-842b4433dc82,"(24.25, 18.85)","(24.25, 20.35)",1.5,"[6.0, 0.89, 47.6, 34.11]","[24.25, 18.8625]"
MORI_motion_P3,U100,MEZZANINE,F.Cu,B.Cu,False,/+3V3,True,743f0490-fc3c-419f-aac6-87e8ebe55242,"(42.1638, 25.1612)","(43.9937, 25.1612)",1.83,"[6.0, 0.89, 47.6, 34.11]","[42.176164189189194, 25.1612]"
MORI_motion_P3,U100,MEZZANINE,F.Cu,B.Cu,False,/+3V3,True,7dd0f29f-a709-492f-b231-933a972f1b88,"(47.2, 15.05)","(47.2, 13.3)",1.75,"[6.0, 0.89, 47.6, 34.11]","[47.2, 15.037500000000001]"
MORI_motion_P3,U100,MEZZANINE,F.Cu,B.Cu,False,/+3V3,True,802d5681-f59c-40ae-bb09-3fa956d341ad,"(23.15, 19.95)","(24.25, 19.95)",1.1,"[6.0, 0.89, 47.6, 34.11]","[23.16222222222222, 19.95]"
MORI_motion_P3,U100,MEZZANINE,F.Cu,B.Cu,False,/+3V3,True,887cbe6c-11c0-4812-bb63-3ac57bc80283,"(44.9393, 28.5958)","(44.9393, 32.2356)",3.64,"[6.0, 0.89, 47.6, 34.11]","[44.9393, 28.60826506849315]"
MORI_motion_P3,U100,MEZZANINE,F.Cu,B.Cu,False,/+3V3,True,89b09d42-ddcd-4901-bea2-0a042ede7581,"(34.95, 11.25)","(38.55, 11.25)",3.6,"[6.0, 0.89, 47.6, 34.11]","[34.962500000000006, 11.25]"
MORI_motion_P3,U100,MEZZANINE,F.Cu,B.Cu,False,/+3V3,True,909851fd-9bbd-41d0-8b7e-cbaefb9c1a9f,"(17.0, 9.275)","(17.0, 13.0)",3.725,"[6.0, 0.89, 47.6, 34.11]","[17.0, 9.2875]"
MORI_motion_P3,U100,MEZZANINE,F.Cu,B.Cu,False,/+3V3,True,94217665-f3fe-4e82-a46a-f100395c78bd,"(30.75, 11.5)","(32.9, 11.5)",2.15,"[6.0, 0.89, 47.6, 34.11]","[30.7625, 11.5]"
MORI_motion_P3,U100,MEZZANINE,F.Cu,B.Cu,False,/+3V3,True,9630dc01-8929-4a5d-ae16-902f992fb9da,"(12.55, 12.25)","(12.55, 12.75)",0.5,"[6.0, 0.89, 47.6, 34.11]","[12.55, 12.2625]"
MORI_motion_P3,U100,MEZZANINE,F.Cu,B.Cu,False,/+3V3,True,99200be7-a6bd-4442-ab73-08638b285002,"(38.75, 12.75)","(38.05, 12.75)",0.7,"[6.0, 0.89, 47.6, 34.11]","[38.737931034482756, 12.75]"
MORI_motion_P3,U100,MEZZANINE,F.Cu,B.Cu,False,/+3V3,True,9ec81f6d-02ba-4c48-a2aa-3048c5bfa74a,"(38.05, 12.75)","(37.8, 12.5)",0.354,"[6.0, 0.89, 47.6, 34.11]","[38.041666666666664, 12.741666666666667]"
MORI_motion_P3,U100,MEZZANINE,F.Cu,B.Cu,False,/+3V3,True,a1071f54-91b7-41aa-b503-069272166573,"(23.45, 21.025)","(24.25, 20.225)",1.131,"[6.0, 0.89, 47.6, 34.11]","[23.458695652173912, 21.016304347826086]"
MORI_motion_P3,U100,MEZZANINE,F.Cu,B.Cu,False,/+3V3,True,a4512a44-c446-43c1-9ecf-2eed3d901268,"(32.9, 11.5)","(33.05, 11.65)",0.212,"[6.0, 0.89, 47.6, 34.11]","[32.90833333333333, 11.508333333333333]"
MORI_motion_P3,U100,MEZZANINE,F.Cu,B.Cu,False,/+3V3,True,a4f01ad9-3c76-4177-bc10-32b6a0c87ad0,"(44.9393, 32.2356)","(44.4349, 32.74)",0.713,"[6.0, 0.89, 47.6, 34.11]","[44.93060344827587, 32.24429655172413]"
MORI_motion_P3,U100,MEZZANINE,F.Cu,B.Cu,False,/+3V3,True,a9767368-5f8d-4ac4-9675-dc79e4b5cbc2,"(18.675, 8.5)","(20.0, 7.175)",1.874,"[6.0, 0.89, 47.6, 34.11]","[18.683833333333332, 8.491166666666667]"
MORI_motion_P3,U100,MEZZANINE,F.Cu,B.Cu,False,/+3V3,True,ab603ec7-c2a4-4ceb-bb5e-ea6f631567bd,"(33.05, 11.65)","(34.55, 11.65)",1.5,"[6.0, 0.89, 47.6, 34.11]","[33.0625, 11.65]"
MORI_motion_P3,U100,MEZZANINE,F.Cu,B.Cu,False,/+3V3,True,ac0e8b82-47ae-49b3-9bc4-51676f09a7f9,"(6.225, 15.2875)","(6.225, 14.0)",1.287,"[6.0, 0.89, 47.6, 34.11]","[6.225, 15.275120192307693]"
MORI_motion_P3,U100,MEZZANINE,F.Cu,B.Cu,False,/+3V3,True,b9f8e58f-49c1-42b6-83a0-64ee935c13a0,"(10.95, 8.825)","(14.0, 8.825)",3.05,"[6.0, 0.89, 47.6, 34.11]","[10.962398373983739, 8.825]"
MORI_motion_P3,U100,MEZZANINE,F.Cu,B.Cu,False,/+3V3,True,ba076e13-2a6e-4849-be8e-67f74a4b68ac,"(44.359, 28.0155)","(44.9393, 28.5958)",0.821,"[6.0, 0.89, 47.6, 34.11]","[44.367792424242424, 28.024292424242425]"
MORI_motion_P3,U100,MEZZANINE,F.Cu,B.Cu,False,/+3V3,True,c29063aa-41fa-4f32-bdec-384f799ae78c,"(36.3, 11.25)","(36.3, 10.075)",1.175,"[6.0, 0.89, 47.6, 34.11]","[36.3, 11.237760416666667]"
MORI_motion_P3,U100,MEZZANINE,F.Cu,B.Cu,False,/+3V3,True,c6c4001f-68f4-4ee9-a2b5-a5ad7463528c,"(44.9393, 32.2356)","(52.6103, 32.2356)",2.661,"[6.0, 0.89, 47.6, 34.11]","[44.9517331775701, 32.2356]"
MORI_motion_P3,U100,MEZZANINE,F.Cu,B.Cu,False,/+3V3,True,dc2aa914-3ca7-4127-80f8-133ac8c4a708,"(17.85, 15.6)","(17.2, 15.6)",0.65,"[6.0, 0.89, 47.6, 34.11]","[17.837962962962965, 15.6]"
MORI_motion_P3,U100,MEZZANINE,F.Cu,B.Cu,False,/+3V3,True,e5b928a2-bec2-4fd7-86ce-a32fce0309dc,"(23.15, 21.45)","(23.15, 19.95)",1.5,"[6.0, 0.89, 47.6, 34.11]","[23.15, 21.4375]"
MORI_motion_P3,U100,MEZZANINE,F.Cu,B.Cu,False,/+3V3,True,ef10d045-67b6-4fc4-8859-798b594b33a4,"(37.8, 11.25)","(37.8, 12.5)",1.25,"[6.0, 0.89, 47.6, 34.11]","[37.8, 11.2625]"
MORI_motion_P3,U100,MEZZANINE,F.Cu,B.Cu,False,/+3V3,True,ef544cd6-8ed1-4338-ae9f-c59ab4923bc4,"(29.55, 10.75)","(30.0, 10.75)",0.45,"[6.0, 0.89, 47.6, 34.11]","[29.5625, 10.75]"
MORI_motion_P3,U100,MEZZANINE,F.Cu,B.Cu,False,/+3V3,True,f2c99714-ad3c-4c3e-9dff-3b3acf10de2b,"(22.25, 22.95)","(23.45, 21.75)",1.697,"[6.0, 0.89, 47.6, 34.11]","[22.258823529411764, 22.941176470588236]"
MORI_motion_P3,U100,MEZZANINE,F.Cu,B.Cu,False,/+3V3,True,f608beb7-e910-4211-a008-8bc22eb40188,"(17.0, 9.275)","(17.775, 8.5)",1.096,"[6.0, 0.89, 47.6, 34.11]","[17.008806818181817, 9.266193181818181]"
MORI_motion_P3,U100,MEZZANINE,F.Cu,B.Cu,False,/+3V3,True,f815e154-7247-4742-94e7-2e0aa0a90617,"(23.45, 21.75)","(23.45, 21.025)",0.725,"[6.0, 0.89, 47.6, 34.11]","[23.45, 21.737916666666667]"
MORI_motion_P3,U100,MEZZANINE,F.Cu,F.Cu,True,/+5V_MOTION,True,191ea55a-9e8e-462f-a7e6-5da4cd35f2aa,"(51.375, 5.95)","(46.1823, 5.95)",1.418,"[6.0, 0.89, 47.6, 34.11]","[47.58756403508772, 5.95]"
MORI_motion_P3,U100,MEZZANINE,F.Cu,F.Cu,True,/+5V_MOTION,True,359c208d-0752-416c-a23b-1f77109ae1d5,"(41.3581, 6.7588)","(40.39, 5.7907)",1.369,"[6.0, 0.89, 47.6, 34.11]","[41.34929909090909, 6.749999090909091]"
MORI_motion_P3,U100,MEZZANINE,F.Cu,F.Cu,True,/+5V_MOTION,True,af00ea4d-442a-47aa-bd20-a2b700cd4ccd,"(40.39, 5.7907)","(40.39, 4.8)",0.149,"[6.0, 0.89, 47.6, 34.11]","[40.39, 5.7783162500000005]"
MORI_motion_P3,U100,MEZZANINE,F.Cu,F.Cu,True,/+5V_MOTION,True,c0c01390-5dcc-4723-a3e9-ca2a22df5df3,"(45.3735, 6.7588)","(41.3581, 6.7588)",4.015,"[6.0, 0.89, 47.6, 34.11]","[45.361029813664594, 6.7588]"
MORI_motion_P3,U100,MEZZANINE,F.Cu,F.Cu,True,/+5V_MOTION,True,ffdd5fcd-7026-4bb8-b42e-f1d0fdc96263,"(46.1823, 5.95)","(45.3735, 6.7588)",1.144,"[6.0, 0.89, 47.6, 34.11]","[46.173508695652174, 5.958791304347827]"
MORI_motion_P3,U100,MEZZANINE,F.Cu,B.Cu,False,/+5V_MOTION,True,26f8a4f5-1b7b-4cb3-a6c2-0523585fc08d,"(41.3482, 6.7489)","(40.39, 5.7907)",1.355,"[6.0, 0.89, 47.6, 34.11]","[41.33948909090909, 6.740189090909091]"
MORI_motion_P3,U100,MEZZANINE,F.Cu,B.Cu,False,/+5V_MOTION,True,2772fc86-c884-4dfd-a151-6cbd3e0efcb4,"(48.775, 5.5)","(47.5261, 6.7489)",0.105,"[6.0, 0.89, 47.6, 34.11]","[47.59261, 6.682389999999998]"
MORI_motion_P3,U100,MEZZANINE,F.Cu,B.Cu,False,/+5V_MOTION,True,a45c1a96-4638-49cd-b099-988800b6cf0d,"(47.5261, 6.7489)","(41.3482, 6.7489)",6.178,"[6.0, 0.89, 47.6, 34.11]","[47.51364455645161, 6.7489]"
MORI_motion_P3,U100,MEZZANINE,F.Cu,B.Cu,False,/+5V_MOTION,True,f6bdc0fa-66fd-41c2-9a21-812241421b1b,"(40.39, 2.26)","(40.39, 5.7907)",0.995,"[6.0, 0.89, 47.6, 34.11]","[40.39, 3.1178109154929574]"
MORI_motion_P3,U100,MEZZANINE,F.Cu,B.Cu,False,/NRST,True,2977e7b8-746a-48ab-b8bd-4ba1f408b0a8,"(32.6436, 23.2083)","(31.913, 23.2083)",0.731,"[6.0, 0.89, 47.6, 34.11]","[32.63142333333333, 23.2083]"
MORI_motion_P3,U100,MEZZANINE,F.Cu,B.Cu,False,/NRST,True,2d5e3897-83a9-40b0-892f-8370f52be492,"(33.65, 22.2019)","(32.6436, 23.2083)",1.423,"[6.0, 0.89, 47.6, 34.11]","[33.64117192982456, 22.21072807017544]"
MORI_motion_P3,U100,MEZZANINE,F.Cu,B.Cu,False,/NRST,True,67124f92-1134-4ce6-9e6b-d9e2ddd8c0f3,"(33.65, 16.5)","(33.65, 22.2019)",5.702,"[6.0, 0.89, 47.6, 34.11]","[33.65, 16.51244956331878]"
MORI_motion_P3,U100,MEZZANINE,F.Cu,B.Cu,False,/NRST,True,b872efd3-e60a-4afb-903c-39420897b3c4,"(31.913, 23.2083)","(31.2383, 23.883)",0.954,"[6.0, 0.89, 47.6, 34.11]","[31.90435, 23.21695]"
MORI_motion_P3,U100,MEZZANINE,F.Cu,B.Cu,False,/NRST,True,c85a7674-1409-4ef3-aa82-cde8083ebdf9,"(31.2383, 23.883)","(31.2383, 25.7483)",1.865,"[6.0, 0.89, 47.6, 34.11]","[31.2383, 23.89543533333333]"
MORI_motion_P3,U100,MEZZANINE,F.Cu,B.Cu,False,/NRST,True,ec542d24-93d0-4bee-b4e4-00f5bba8bacb,"(31.2383, 25.7483)","(32.39, 26.9)",0.79,"[6.0, 0.89, 47.6, 34.11]","[31.247024999999997, 25.757025]"
MORI_motion_P3,U100,MEZZANINE,F.Cu,F.Cu,True,/ARM_Q,False,000d6a40-4c77-4d73-9da0-437145cd3c8b,"(12.8, 9.7)","(12.9712, 9.5288)",0.242,"[6.0, 0.89, 47.6, 34.11]","[12.80856, 9.69144]"
MORI_motion_P3,U100,MEZZANINE,F.Cu,F.Cu,True,/ARM_Q,False,137c4c32-7525-4509-bbad-bc191f62ffc4,"(12.9712, 9.5288)","(46.4868, 9.5288)",33.516,"[6.0, 0.89, 47.6, 34.11]","[12.98369649515287, 9.5288]"
MORI_motion_P3,U100,MEZZANINE,F.Cu,F.Cu,True,/ARM_Q,False,a56dfe88-8aa3-4b29-960e-2b107ba811cf,"(44.4581, 28.231)","(40.7446, 28.231)",3.714,"[6.0, 0.89, 47.6, 34.11]","[44.44563859060403, 28.231]"
MORI_motion_P3,U100,MEZZANINE,F.Cu,F.Cu,True,/ARM_Q,False,cd86f0bd-acd3-494f-a1e7-bf7508aee05d,"(47.7194, 31.4923)","(44.4581, 28.231)",4.443,"[6.0, 0.89, 47.6, 34.11]","[47.59117443820225, 31.36407443820225]"
MORI_motion_P3,U100,MEZZANINE,F.Cu,B.Cu,False,/ARM_Q,False,11d92a0b-9c0c-4d21-9c59-918dfd79742b,"(39.325, 20.0)","(39.0521, 20.2729)",0.386,"[6.0, 0.89, 47.6, 34.11]","[39.316471875000005, 20.008528125]"
MORI_motion_P3,U100,MEZZANINE,F.Cu,B.Cu,False,/ARM_Q,False,202cb8e2-5a9f-4a3a-a6fb-dbc752142cab,"(12.55, 11.25)","(12.95, 11.25)",0.4,"[6.0, 0.89, 47.6, 34.11]","[12.5625, 11.25]"
MORI_motion_P3,U100,MEZZANINE,F.Cu,B.Cu,False,/ARM_Q,False,a18d58c7-f60a-461d-9c33-922abb61dc40,"(52.2989, 26.8439)","(46.4868, 21.0318)",1.574,"[6.0, 0.89, 47.6, 34.11]","[47.591165079365084, 22.136165079365078]"
MORI_motion_P3,U100,MEZZANINE,F.Cu,B.Cu,False,/ARM_Q,False,a8dfa741-d5e0-4426-bccb-89b04bb2397b,"(46.4868, 21.0318)","(46.4868, 9.5288)",11.503,"[6.0, 0.89, 47.6, 34.11]","[46.4868, 21.01932386117137]"
MORI_motion_P3,U100,MEZZANINE,F.Cu,B.Cu,False,/ARM_Q,False,af6b2a43-e974-4838-a051-423a93e2d888,"(12.95, 9.85)","(12.8, 9.7)",0.212,"[6.0, 0.89, 47.6, 34.11]","[12.941666666666666, 9.841666666666667]"
MORI_motion_P3,U100,MEZZANINE,F.Cu,B.Cu,False,/ARM_Q,False,ce1f27bf-a6fa-43cf-bd22-0378a02e5345,"(12.95, 11.25)","(12.95, 9.85)",1.4,"[6.0, 0.89, 47.6, 34.11]","[12.95, 11.237719298245613]"
MORI_motion_P3,U100,MEZZANINE,F.Cu,B.Cu,False,/ARM_Q,False,daee6521-af45-48a7-b6a7-2b4df99786e4,"(39.0521, 20.2729)","(39.0521, 26.5385)",6.266,"[6.0, 0.89, 47.6, 34.11]","[39.0521, 20.2853812749004]"
MORI_motion_P3,U100,MEZZANINE,F.Cu,B.Cu,False,/ARM_Q,False,ede97772-4dbd-4a66-bfcb-88bde65f125d,"(39.0521, 26.5385)","(40.7446, 28.231)",2.394,"[6.0, 0.89, 47.6, 34.11]","[39.06091510416667, 26.547315104166668]"
MORI_motion_P3,U100,MEZZANINE,F.Cu,F.Cu,True,/BAT_ADC_IN,False,b700fcb8-899f-44ee-a851-1c90102308e5,"(53.4746, 23.0311)","(13.3468, 23.0311)",34.253,"[6.0, 0.89, 47.6, 34.11]","[47.58750795040117, 23.0311]"
MORI_motion_P3,U100,MEZZANINE,F.Cu,B.Cu,False,/BAT_ADC_IN,False,6d7e3bac-9a78-4c34-93b7-d246b9bb278f,"(12.825, 24.5)","(13.3468, 23.9782)",0.738,"[6.0, 0.89, 47.6, 34.11]","[12.833696666666667, 24.491303333333335]"
MORI_motion_P3,U100,MEZZANINE,F.Cu,B.Cu,False,/BAT_ADC_IN,False,dbb1af70-beec-49e1-8111-a868f4f7cfc5,"(13.3468, 23.9782)","(13.3468, 23.0311)",0.947,"[6.0, 0.89, 47.6, 34.11]","[13.3468, 23.965738157894737]"
MORI_motion_P3,U100,MEZZANINE,F.Cu,F.Cu,True,/WHEEL_ADC_IN,False,96670d0f-a3fd-40a9-bf46-962a7ddbe104,"(56.3771, 24.62)","(36.9443, 24.62)",10.656,"[6.0, 0.89, 47.6, 34.11]","[47.58752259953162, 24.62]"
MORI_motion_P3,U100,MEZZANINE,F.Cu,F.Cu,True,/WHEEL_ADC_IN,False,b02e4159-7daf-4068-a2c4-1cdf2844a6dc,"(35.8549, 25.7094)","(14.6719, 25.7094)",21.183,"[6.0, 0.89, 47.6, 34.11]","[35.842410023584904, 25.7094]"
MORI_motion_P3,U100,MEZZANINE,F.Cu,B.Cu,False,/WHEEL_ADC_IN,False,5c1e9759-d56a-49ab-acd4-2a69c9ac7b14,"(36.9443, 24.62)","(35.8549, 25.7094)",1.541,"[6.0, 0.89, 47.6, 34.11]","[36.93551451612903, 24.628785483870967]"
MORI_motion_P3,U100,MEZZANINE,F.Cu,B.Cu,False,/WHEEL_ADC_IN,False,5c5d8ccb-2e50-49e2-a23a-a84f176f7048,"(15.1588, 25.2225)","(14.6719, 25.7094)",0.689,"[6.0, 0.89, 47.6, 34.11]","[15.150105357142856, 25.231194642857144]"
MORI_motion_P3,U100,MEZZANINE,F.Cu,B.Cu,False,/WHEEL_ADC_IN,False,9188115c-2b98-4093-b26e-65776a26ebce,"(17.325, 26.0)","(16.5475, 25.2225)",1.1,"[6.0, 0.89, 47.6, 34.11]","[17.316164772727273, 25.991164772727274]"
MORI_motion_P3,U100,MEZZANINE,F.Cu,B.Cu,False,/WHEEL_ADC_IN,False,b187db0d-a0e2-4baa-a12c-069384a2afe7,"(16.5475, 25.2225)","(15.1588, 25.2225)",1.389,"[6.0, 0.89, 47.6, 34.11]","[16.53510089285714, 25.2225]"
MORI_motion_P3,U100,MEZZANINE,F.Cu,F.Cu,True,/CURRENT_ADC_IN,False,1c37409b-4fed-43c9-8644-01df737e80ad,"(47.2062, 16.7568)","(47.4838, 16.4792)",0.393,"[6.0, 0.89, 47.6, 34.11]","[47.214875, 16.748124999999998]"
MORI_motion_P3,U100,MEZZANINE,F.Cu,F.Cu,True,/CURRENT_ADC_IN,False,43f62175-ed11-40a0-abec-9dfce6c42a8c,"(33.0617, 16.4145)","(33.404, 16.7568)",0.484,"[6.0, 0.89, 47.6, 34.11]","[33.070257500000004, 16.4230575]"
MORI_motion_P3,U100,MEZZANINE,F.Cu,F.Cu,True,/CURRENT_ADC_IN,False,6d8bbf26-3c22-4ffe-9333-88b4de4d900e,"(19.4595, 16.4145)","(33.0617, 16.4145)",13.602,"[6.0, 0.89, 47.6, 34.11]","[19.471979082568804, 16.4145]"
MORI_motion_P3,U100,MEZZANINE,F.Cu,F.Cu,True,/CURRENT_ADC_IN,False,b6305a6c-c91a-4865-b5c7-13cc73fa60ab,"(33.404, 16.7568)","(47.2062, 16.7568)",13.802,"[6.0, 0.89, 47.6, 34.11]","[33.41647938517179, 16.7568]"
MORI_motion_P3,U100,MEZZANINE,F.Cu,F.Cu,True,/CURRENT_ADC_IN,False,e4b91fbc-a09b-446e-a5c4-7a258ac8f72f,"(18.6058, 17.2682)","(19.4595, 16.4145)",1.207,"[6.0, 0.89, 47.6, 34.11]","[18.614511224489796, 17.259488775510203]"
MORI_motion_P3,U100,MEZZANINE,F.Cu,B.Cu,False,/CURRENT_ADC_IN,False,94627957-7400-47fd-ae5a-bdeeea73b618,"(19.0, 24.675)","(18.6058, 24.2808)",0.557,"[6.0, 0.89, 47.6, 34.11]","[18.991430434782608, 24.666430434782608]"
MORI_motion_P3,U100,MEZZANINE,F.Cu,B.Cu,False,/CURRENT_ADC_IN,False,eea44a08-a0b4-4775-9a87-304c593b1f3c,"(18.6058, 24.2808)","(18.6058, 17.2682)",7.013,"[6.0, 0.89, 47.6, 34.11]","[18.6058, 24.26832206405694]"
MORI_motion_P3,U100,MEZZANINE,F.Cu,B.Cu,False,/CURRENT_ADC_IN,False,f47ca057-4d7c-401f-9a42-2c80d4478a86,"(47.4838, 16.4792)","(48.3605, 17.3559)",0.164,"[6.0, 0.89, 47.6, 34.11]","[47.4921, 16.487499999999997]"
MORI_motion_P3,U100,MEZZANINE,F.Cu,F.Cu,True,/S288_BUS,False,4f7e7b31-c461-42dc-942b-9163bf1dbba7,"(58.2304, 8.0946)","(33.5, 8.0946)",14.1,"[6.0, 0.89, 47.6, 34.11]","[47.587500000000006, 8.0946]"
MORI_motion_P3,U100,MEZZANINE,F.Cu,B.Cu,False,/S288_BUS,False,04e5fbfe-7ad7-4ee8-9cfb-6855ca377626,"(29.55, 9.25)","(33.5, 9.25)",3.95,"[6.0, 0.89, 47.6, 34.11]","[29.5625, 9.25]"
MORI_motion_P3,U100,MEZZANINE,F.Cu,B.Cu,False,/S288_BUS,False,52214286-f100-4f79-9793-bf93b1f89ddb,"(33.5, 9.25)","(33.5, 8.0946)",1.155,"[6.0, 0.89, 47.6, 34.11]","[33.5, 9.237708510638297]"
MORI_motion_P3,U100,MEZZANINE,F.Cu,F.Cu,True,/IMU_SCK,False,5b83415b-189a-4f42-ac5b-48cb8c69d404,"(28.649, 28.8806)","(35.2241, 28.8806)",6.575,"[6.0, 0.89, 47.6, 34.11]","[28.661452840909092, 28.8806]"
MORI_motion_P3,U100,MEZZANINE,F.Cu,F.Cu,True,/IMU_SCK,False,6072d2f0-a2cc-4018-ac94-bd40375254e3,"(53.95, 17.875)","(40.7924, 17.875)",6.808,"[6.0, 0.89, 47.6, 34.11]","[47.58753186813187, 17.875]"
MORI_motion_P3,U100,MEZZANINE,F.Cu,F.Cu,True,/IMU_SCK,False,709813eb-2234-4a10-a63d-93e8ca79b4d1,"(40.7924, 17.875)","(40.6997, 17.9677)",0.131,"[6.0, 0.89, 47.6, 34.11]","[40.784675, 17.882725]"
MORI_motion_P3,U100,MEZZANINE,F.Cu,F.Cu,True,/IMU_SCK,False,7adb2a3b-dadb-4830-acdb-03eef43c92dc,"(28.325, 28.5566)","(28.649, 28.8806)",0.458,"[6.0, 0.89, 47.6, 34.11]","[28.333526315789474, 28.565126315789474]"
MORI_motion_P3,U100,MEZZANINE,F.Cu,F.Cu,True,/IMU_SCK,False,9b04a750-99f0-4fd1-a4b6-1489d756cf58,"(37.853, 26.2517)","(39.7787, 26.2517)",1.926,"[6.0, 0.89, 47.6, 34.11]","[37.86534423076923, 26.2517]"
MORI_motion_P3,U100,MEZZANINE,F.Cu,F.Cu,True,/IMU_SCK,False,beba201f-b4a7-4e21-8122-ef836e81a607,"(35.2241, 28.8806)","(37.853, 26.2517)",3.718,"[6.0, 0.89, 47.6, 34.11]","[35.232921812080534, 28.871778187919464]"
MORI_motion_P3,U100,MEZZANINE,F.Cu,B.Cu,False,/IMU_SCK,False,12d7f5ed-1d7e-4193-a338-9c3b47805883,"(39.7787, 22.0501)","(40.6997, 21.1291)",1.302,"[6.0, 0.89, 47.6, 34.11]","[39.78738867924528, 22.04141132075472]"
MORI_motion_P3,U100,MEZZANINE,F.Cu,B.Cu,False,/IMU_SCK,False,56dafacc-aa44-4cc2-a012-b722065b2099,"(39.7787, 26.2517)","(39.7787, 22.0501)",4.202,"[6.0, 0.89, 47.6, 34.11]","[39.7787, 26.23926923076923]"
MORI_motion_P3,U100,MEZZANINE,F.Cu,B.Cu,False,/IMU_SCK,False,d94a03d6-019b-47c5-bf7c-6d8c14e568ab,"(40.6997, 21.1291)","(40.6997, 17.9677)",3.161,"[6.0, 0.89, 47.6, 34.11]","[40.6997, 21.116653543307088]"
MORI_motion_P3,U100,MEZZANINE,F.Cu,B.Cu,False,/IMU_SCK,False,dc898429-b030-4450-b148-20ee85b04bad,"(28.325, 26.5)","(28.325, 28.5566)",2.057,"[6.0, 0.89, 47.6, 34.11]","[28.325, 26.512389156626504]"
MORI_motion_P3,U100,MEZZANINE,F.Cu,F.Cu,True,/IMU_MOSI,False,49e7ebd9-fac2-41f9-a4ac-6d0c48e3fc79,"(53.3941, 17.1809)","(32.3551, 17.1809)",15.245,"[6.0, 0.89, 47.6, 34.11]","[47.58750418032787, 17.1809]"
MORI_motion_P3,U100,MEZZANINE,F.Cu,B.Cu,False,/IMU_MOSI,False,0e18cff9-db9c-4ab9-b73a-6fa3787fa342,"(30.0, 19.536)","(32.3551, 17.1809)",3.331,"[6.0, 0.89, 47.6, 34.11]","[30.008787686567164, 19.527212313432837]"
MORI_motion_P3,U100,MEZZANINE,F.Cu,B.Cu,False,/IMU_MOSI,False,4001ec2f-4ee3-4509-aa39-f522d029d44a,"(30.0, 25.675)","(30.0, 19.536)",6.139,"[6.0, 0.89, 47.6, 34.11]","[30.0, 25.662522357723578]"
MORI_motion_P3,U100,MEZZANINE,F.Cu,F.Cu,True,/IMU_CS,False,3d63d94b-9c82-45a5-ad1d-458121c22110,"(52.3606, 14.0513)","(28.3751, 14.0513)",19.225,"[6.0, 0.89, 47.6, 34.11]","[47.587500065019505, 14.0513]"
MORI_motion_P3,U100,MEZZANINE,F.Cu,F.Cu,True,/IMU_CS,False,78779aef-09da-4f1f-ae62-9dc12761e866,"(28.3751, 14.0513)","(26.7818, 15.6446)",2.253,"[6.0, 0.89, 47.6, 34.11]","[28.366345604395605, 14.060054395604395]"
MORI_motion_P3,U100,MEZZANINE,F.Cu,B.Cu,False,/IMU_CS,False,023e7de7-940f-4c6b-b203-0157ebd8ecb5,"(25.0552, 26.1198)","(25.0, 26.175)",0.078,"[6.0, 0.89, 47.6, 34.11]","[25.048299999999998, 26.1267]"
MORI_motion_P3,U100,MEZZANINE,F.Cu,B.Cu,False,/IMU_CS,False,e73c2f6b-f01c-4cd4-8eb4-6d2d7c697d25,"(26.7818, 15.6446)","(25.0552, 17.3712)",2.442,"[6.0, 0.89, 47.6, 34.11]","[26.77299081632653, 15.65340918367347]"
MORI_motion_P3,U100,MEZZANINE,F.Cu,B.Cu,False,/IMU_CS,False,f305902b-d2c9-47c7-b1ee-b8fba3216626,"(25.0552, 17.3712)","(25.0552, 26.1198)",8.749,"[6.0, 0.89, 47.6, 34.11]","[25.0552, 17.383698000000003]"
MORI_motion_P3,U100,MEZZANINE,F.Cu,F.Cu,True,/LOOP_3V3,False,9e9a7dc2-dd4c-47d2-ae6b-19aa3c286406,"(45.375, 26.9517)","(40.7004, 26.9517)",4.675,"[6.0, 0.89, 47.6, 34.11]","[45.362501069518714, 26.9517]"
MORI_motion_P3,U100,MEZZANINE,F.Cu,B.Cu,False,/LOOP_3V3,False,40e0593e-0ed5-42fc-90f8-1b639d809f3e,"(41.5, 24.175)","(40.7004, 24.9746)",1.131,"[6.0, 0.89, 47.6, 34.11]","[41.49130869565217, 24.18369130434783]"
MORI_motion_P3,U100,MEZZANINE,F.Cu,B.Cu,False,/LOOP_3V3,False,8dfb1b70-6bde-4f1b-99e6-8275a488661e,"(45.375, 23.55)","(45.375, 26.9517)",3.402,"[6.0, 0.89, 47.6, 34.11]","[45.375, 23.56241496350365]"
MORI_motion_P3,U100,MEZZANINE,F.Cu,B.Cu,False,/LOOP_3V3,False,986380a2-863e-4865-8eea-d406ef7a04a7,"(40.7004, 24.9746)","(40.7004, 26.9517)",1.977,"[6.0, 0.89, 47.6, 34.11]","[40.7004, 24.986956874999997]"
MORI_motion_P3,U100,MEZZANINE,F.Cu,F.Cu,True,/S288_OE_N,False,247fbb73-14be-4724-ae6d-4e21a2c6886b,"(31.5, 11.75)","(30.75, 11.0)",1.061,"[6.0, 0.89, 47.6, 34.11]","[31.49127906976744, 11.741279069767442]"
MORI_motion_P3,U100,MEZZANINE,F.Cu,F.Cu,True,/S288_OE_N,False,2754fe9e-5264-448c-bc80-85ae9157cad5,"(30.95, 12.8)","(31.5, 12.25)",0.778,"[6.0, 0.89, 47.6, 34.11]","[30.95859375, 12.791406250000001]"
MORI_motion_P3,U100,MEZZANINE,F.Cu,F.Cu,True,/S288_OE_N,False,29dc93d8-afb1-4aee-8d6c-1b34fdcb6d33,"(31.5, 12.25)","(31.5, 11.75)",0.5,"[6.0, 0.89, 47.6, 34.11]","[31.5, 12.2375]"
MORI_motion_P3,U100,MEZZANINE,F.Cu,F.Cu,True,/S288_OE_N,False,3c5002f4-baa3-4b2f-ad29-ef4b66a86751,"(30.75, 11.0)","(25.2, 11.0)",5.55,"[6.0, 0.89, 47.6, 34.11]","[30.73755605381166, 11.0]"
MORI_motion_P3,U100,MEZZANINE,F.Cu,F.Cu,True,/S288_OE_N,False,b6577f68-f07c-40bd-ba84-9f6f0369b910,"(21.4, 12.8)","(30.95, 12.8)",9.55,"[6.0, 0.89, 47.6, 34.11]","[21.412499999999998, 12.8]"
MORI_motion_P3,U100,MEZZANINE,F.Cu,B.Cu,False,/S288_OE_N,False,0db3c579-2fbf-4857-ae2a-c50cb4164968,"(18.55, 11.25)","(19.8, 11.25)",1.25,"[6.0, 0.89, 47.6, 34.11]","[18.5625, 11.25]"
MORI_motion_P3,U100,MEZZANINE,F.Cu,B.Cu,False,/S288_OE_N,False,35919dc9-3ffc-4178-8f08-da1bd4b5d083,"(19.8, 11.25)","(21.35, 12.8)",2.192,"[6.0, 0.89, 47.6, 34.11]","[19.808806818181818, 11.258806818181819]"
MORI_motion_P3,U100,MEZZANINE,F.Cu,B.Cu,False,/S288_OE_N,False,a1c347a9-f22b-497b-9a43-bf25408b9526,"(25.45, 10.75)","(25.2, 11.0)",0.354,"[6.0, 0.89, 47.6, 34.11]","[25.441666666666666, 10.758333333333333]"
MORI_motion_P3,U100,MEZZANINE,F.Cu,B.Cu,False,/S288_OE_N,False,cef42119-5a03-4afd-95f7-f0982dbd41f0,"(26.45, 10.75)","(25.45, 10.75)",1.0,"[6.0, 0.89, 47.6, 34.11]","[26.4375, 10.75]"
MORI_motion_P3,U100,MEZZANINE,F.Cu,B.Cu,False,/S288_TX_BUF,False,45121f06-6e97-47e7-b404-72381716885b,"(29.55, 9.75)","(32.35, 9.75)",2.8,"[6.0, 0.89, 47.6, 34.11]","[29.562389380530973, 9.75]"
MORI_motion_P3,U100,MEZZANINE,F.Cu,B.Cu,False,/S288_TX_BUF,False,67cfd39d-0f71-4810-9a97-86d9b771ae0b,"(32.35, 9.75)","(33.5, 10.9)",1.626,"[6.0, 0.89, 47.6, 34.11]","[32.35871212121212, 9.75871212121212]"
MORI_motion_P3,U100,MEZZANINE,F.Cu,B.Cu,False,/CAM_RX_BUF,False,40432843-7042-452f-9c49-7ed2292dd2c5,"(41.175, 12.0)","(40.925, 12.25)",0.354,"[6.0, 0.89, 47.6, 34.11]","[41.166666666666664, 12.008333333333333]"
MORI_motion_P3,U100,MEZZANINE,F.Cu,B.Cu,False,/CAM_RX_BUF,False,b5c6a1fe-c5a5-44e7-9899-8e9bbc6fdab1,"(38.55, 12.25)","(40.925, 12.25)",2.375,"[6.0, 0.89, 47.6, 34.11]","[38.5625, 12.25]"
MORI_motion_P3,U100,MEZZANINE,F.Cu,F.Cu,True,/ARM_Q_N,False,4820cc06-61fd-4b08-887b-e76b582c38d3,"(8.1, 11.25)","(8.0, 11.15)",0.141,"[6.0, 0.89, 47.6, 34.11]","[8.091666666666667, 11.241666666666667]"
MORI_motion_P3,U100,MEZZANINE,F.Cu,F.Cu,True,/ARM_Q_N,False,a899a034-7630-40fd-90f1-3be3732d58eb,"(8.1, 11.25)","(19.8, 11.25)",11.7,"[6.0, 0.89, 47.6, 34.11]","[8.112499999999999, 11.25]"
MORI_motion_P3,U100,MEZZANINE,F.Cu,F.Cu,True,/ARM_Q_N,False,f5c21bf1-814f-4673-a14b-556613c3e739,"(20.3, 10.75)","(19.8, 11.25)",0.707,"[6.0, 0.89, 47.6, 34.11]","[20.29137931034483, 10.758620689655173]"
MORI_motion_P3,U100,MEZZANINE,F.Cu,B.Cu,False,/ARM_Q_N,False,36ff5cf0-c55d-4277-aa5f-a7360cfdfa80,"(18.55, 10.75)","(20.3, 10.75)",1.75,"[6.0, 0.89, 47.6, 34.11]","[18.5625, 10.75]"
MORI_motion_P3,U100,MEZZANINE,F.Cu,B.Cu,False,/ARM_Q_N,False,54901de7-2bb6-4699-9035-debb4a5e563f,"(8.6, 11.75)","(8.0, 11.15)",0.849,"[6.0, 0.89, 47.6, 34.11]","[8.591176470588234, 11.741176470588234]"
MORI_motion_P3,U100,MEZZANINE,F.Cu,B.Cu,False,/ARM_Q_N,False,5c16657e-ba2a-49cf-8a54-742ee03554a9,"(13.7, 11.25)","(15.45, 11.25)",1.75,"[6.0, 0.89, 47.6, 34.11]","[13.712499999999999, 11.25]"
MORI_motion_P3,U100,MEZZANINE,F.Cu,B.Cu,False,/ARM_Q_N,False,6c92abe5-950f-4236-b80b-693785ec5781,"(8.6, 11.75)","(9.45, 11.75)",0.85,"[6.0, 0.89, 47.6, 34.11]","[8.612499999999999, 11.75]"
MORI_motion_P3,U100,MEZZANINE,F.Cu,F.Cu,True,/HEAD_OE_N,False,02fb6c86-025e-432a-8946-31552aef757a,"(14.9, 26.45)","(14.4, 26.45)",0.5,"[6.0, 0.89, 47.6, 34.11]","[14.887500000000001, 26.45]"
MORI_motion_P3,U100,MEZZANINE,F.Cu,F.Cu,True,/HEAD_OE_N,False,29ede201-aa6d-4f2c-a302-2c29917f14c4,"(12.55, 10.45)","(13.9, 10.45)",1.35,"[6.0, 0.89, 47.6, 34.11]","[12.5625, 10.45]"
MORI_motion_P3,U100,MEZZANINE,F.Cu,F.Cu,True,/HEAD_OE_N,False,3578fce0-6e6e-4286-9c9e-1b5154fcbd1d,"(15.0, 26.35)","(14.9, 26.45)",0.141,"[6.0, 0.89, 47.6, 34.11]","[14.991666666666667, 26.358333333333334]"
MORI_motion_P3,U100,MEZZANINE,F.Cu,F.Cu,True,/HEAD_OE_N,False,4a7c15bb-a3a4-42ee-b75e-0b07b007b765,"(12.4, 20.9)","(12.4, 20.15)",0.75,"[6.0, 0.89, 47.6, 34.11]","[12.4, 20.8875]"
MORI_motion_P3,U100,MEZZANINE,F.Cu,F.Cu,True,/HEAD_OE_N,False,5b5ac60d-0ab9-4674-ad6b-4a9300d702b7,"(13.9, 10.45)","(14.1, 10.25)",0.283,"[6.0, 0.89, 47.6, 34.11]","[13.908333333333333, 10.441666666666666]"
MORI_motion_P3,U100,MEZZANINE,F.Cu,F.Cu,True,/HEAD_OE_N,False,7479db28-7f40-4cad-a7f7-fde67d7610c4,"(12.05, 8.25)","(12.05, 9.95)",1.7,"[6.0, 0.89, 47.6, 34.11]","[12.05, 8.2625]"
MORI_motion_P3,U100,MEZZANINE,F.Cu,F.Cu,True,/HEAD_OE_N,False,80fac903-9c66-42ff-98b1-41762257d5a0,"(12.4, 24.45)","(12.4, 23.45)",1.0,"[6.0, 0.89, 47.6, 34.11]","[12.4, 24.4375]"
MORI_motion_P3,U100,MEZZANINE,F.Cu,F.Cu,True,/HEAD_OE_N,False,818e7e50-9ea7-4f74-a355-53a88205e309,"(14.4, 26.45)","(12.4, 24.45)",2.828,"[6.0, 0.89, 47.6, 34.11]","[14.391228070175439, 26.441228070175438]"
MORI_motion_P3,U100,MEZZANINE,F.Cu,F.Cu,True,/HEAD_OE_N,False,88dc2b03-0cf5-4ea8-86f7-0aa3e411434f,"(11.9, 8.1)","(12.05, 8.25)",0.212,"[6.0, 0.89, 47.6, 34.11]","[11.908333333333333, 8.108333333333333]"
MORI_motion_P3,U100,MEZZANINE,F.Cu,F.Cu,True,/HEAD_OE_N,False,a00c5a7c-3464-4a25-a7a7-36b9eb4022fe,"(22.45, 26.35)","(15.0, 26.35)",7.45,"[6.0, 0.89, 47.6, 34.11]","[22.4375, 26.35]"
MORI_motion_P3,U100,MEZZANINE,F.Cu,F.Cu,True,/HEAD_OE_N,False,c0d9a4e8-d655-42c0-a7c8-cadd1f01544d,"(4.95, 11.8)","(8.65, 8.1)",3.748,"[6.0, 0.89, 47.6, 34.11]","[6.0088333333333335, 10.741166666666668]"
MORI_motion_P3,U100,MEZZANINE,F.Cu,F.Cu,True,/HEAD_OE_N,False,c1dc1eb3-1234-4495-962c-b202ffc2e91a,"(12.4, 20.15)","(4.95, 12.7)",9.051,"[6.0, 0.89, 47.6, 34.11]","[12.391184573002755, 20.141184573002754]"
MORI_motion_P3,U100,MEZZANINE,F.Cu,F.Cu,True,/HEAD_OE_N,False,c7051a8a-e4b9-4ce4-b712-99d14f0b8add,"(12.05, 9.95)","(12.55, 10.45)",0.707,"[6.0, 0.89, 47.6, 34.11]","[12.058620689655173, 9.958620689655172]"
MORI_motion_P3,U100,MEZZANINE,F.Cu,F.Cu,True,/HEAD_OE_N,False,ef5d03bf-af62-49dc-a5ac-5536c4ba4c11,"(23.5, 27.4)","(22.45, 26.35)",1.485,"[6.0, 0.89, 47.6, 34.11]","[23.49125, 27.39125]"
MORI_motion_P3,U100,MEZZANINE,F.Cu,B.Cu,False,/HEAD_OE_N,False,07af2eed-8a0d-47c4-9832-24c148b20ab3,"(22.25, 26.15)","(23.5, 27.4)",1.768,"[6.0, 0.89, 47.6, 34.11]","[22.258802816901408, 26.158802816901407]"
MORI_motion_P3,U100,MEZZANINE,F.Cu,B.Cu,False,/HEAD_OE_N,False,3455d8bd-ac36-45b0-9d5e-1b24c53de63b,"(22.25, 26.05)","(22.25, 26.15)",0.1,"[6.0, 0.89, 47.6, 34.11]","[22.25, 26.0625]"
MORI_motion_P3,U100,MEZZANINE,F.Cu,B.Cu,False,/HEAD_OE_N,False,76e1626a-4e78-48af-9386-eaa052cab775,"(12.4, 23.45)","(12.4, 20.9)",2.55,"[6.0, 0.89, 47.6, 34.11]","[12.4, 23.4376213592233]"
MORI_motion_P3,U100,MEZZANINE,F.Cu,B.Cu,False,/HEAD_OE_N,False,c6aee6dc-324e-400d-9dec-6f7e6be46eae,"(14.6, 10.75)","(14.1, 10.25)",0.707,"[6.0, 0.89, 47.6, 34.11]","[14.591379310344827, 10.741379310344827]"
MORI_motion_P3,U100,MEZZANINE,F.Cu,B.Cu,False,/HEAD_OE_N,False,e2b29e5c-0686-4f53-8afd-59320ac67c30,"(15.45, 10.75)","(14.6, 10.75)",0.85,"[6.0, 0.89, 47.6, 34.11]","[15.4375, 10.75]"
MORI_motion_P3,U100,MEZZANINE,F.Cu,B.Cu,False,/HEAD_OE_N,False,fbc02ff4-cd03-4b0d-b492-5649cc970fcf,"(8.65, 8.1)","(11.9, 8.1)",3.25,"[6.0, 0.89, 47.6, 34.11]","[8.6625, 8.1]"
MORI_motion_P3,U100,MEZZANINE,F.Cu,B.Cu,False,/HEAD_TX_BUF,False,9b77c52d-f95a-4b7a-92ca-4081332b56ae,"(21.25, 20.25)","(21.25, 22.95)",2.7,"[6.0, 0.89, 47.6, 34.11]","[21.25, 20.2625]"
MORI_motion_P3,U100,MEZZANINE,F.Cu,B.Cu,False,/HEAD_TX_BUF,False,c47ff30d-f277-40ba-861d-c49fa212d08b,"(21.25, 20.25)","(21.75, 19.75)",0.707,"[6.0, 0.89, 47.6, 34.11]","[21.25862068965517, 20.24137931034483]"
MORI_motion_P3,J7,CONNECTOR,F.Cu,F.Cu,True,/GND,True,25693802-d10a-48d2-99c8-fe2cdee8f85d,"(61.375, 32.95)","(61.375, 26.4134)",3.604,"[50.375, 28.5, 63.625, 32.75]","[61.375, 32.09137426900585]"
MORI_motion_P3,J7,CONNECTOR,F.Cu,B.Cu,False,/IMU_MISO,False,8e27d6ba-a6c0-45a6-ac67-b01c91a408fc,"(56.6, 34.3)","(64.0, 26.9)",5.686,"[50.375, 28.5, 63.625, 32.75]","[58.15881742738589, 32.74118257261411]"
MORI_motion_P3,J7,CONNECTOR,F.Cu,F.Cu,True,/FAULT_N,True,293f0b34-b95b-4b2b-9fbb-57673c1d1472,"(53.55, 31.1)","(53.2, 31.1)",0.35,"[50.375, 28.5, 63.625, 32.75]","[53.537499999999994, 31.1]"
MORI_motion_P3,J7,CONNECTOR,F.Cu,F.Cu,True,/FAULT_N,True,5e99d5ac-4e04-49c2-a167-00e52ecc4da6,"(55.1, 32.95)","(54.5, 32.35)",0.467,"[50.375, 28.5, 63.625, 32.75]","[54.82173913043478, 32.67173913043478]"
MORI_motion_P3,J7,CONNECTOR,F.Cu,F.Cu,True,/FAULT_N,True,bada493b-ce9c-4406-8a6b-9342cfdf0275,"(54.5, 32.35)","(54.5, 32.05)",0.3,"[50.375, 28.5, 63.625, 32.75]","[54.5, 32.33846153846154]"
MORI_motion_P3,J7,CONNECTOR,F.Cu,F.Cu,True,/FAULT_N,True,d3452c98-0e63-423f-bcec-b75c09e5330d,"(51.6, 29.5)","(51.6, 28.2)",1.0,"[50.375, 28.5, 63.625, 32.75]","[51.6, 29.4875]"
MORI_motion_P3,J7,CONNECTOR,F.Cu,F.Cu,True,/FAULT_N,True,f37e8608-f7d7-498d-855b-d8b6990326b7,"(53.2, 31.1)","(51.6, 29.5)",2.263,"[50.375, 28.5, 63.625, 32.75]","[53.191208791208794, 31.091208791208793]"
MORI_motion_P3,J7,CONNECTOR,F.Cu,F.Cu,True,/FAULT_N,True,f558637f-b613-4cb9-a08b-51a6e7a94782,"(54.5, 32.05)","(53.55, 31.1)",1.344,"[50.375, 28.5, 63.625, 32.75]","[54.491203703703704, 32.0412037037037]"
MORI_motion_P3,J7,CONNECTOR,F.Cu,B.Cu,False,/+3V3,True,2dc59da9-0bcb-46e6-9586-2c39c2d41d5a,"(52.7379, 30.6367)","(52.7379, 22.4299)",2.137,"[50.375, 28.5, 63.625, 32.75]","[52.7379, 30.624277325581396]"
MORI_motion_P3,J7,CONNECTOR,F.Cu,B.Cu,False,/+3V3,True,535c7ba4-5012-42cf-830e-3f5f468fef73,"(52.6103, 32.2356)","(53.0011, 31.8448)",0.36,"[50.375, 28.5, 63.625, 32.75]","[52.75472608695652, 32.09117391304348]"
MORI_motion_P3,J7,CONNECTOR,F.Cu,B.Cu,False,/+3V3,True,a01d53f2-c242-4de9-80d9-469b55cff75b,"(53.0011, 30.8999)","(52.7379, 30.6367)",0.372,"[50.375, 28.5, 63.625, 32.75]","[52.99232666666667, 30.891126666666665]"
MORI_motion_P3,J7,CONNECTOR,F.Cu,B.Cu,False,/+3V3,True,a7c268bf-21b0-4875-b85b-0032d43b001f,"(53.0011, 31.8448)","(53.0011, 30.8999)",0.945,"[50.375, 28.5, 63.625, 32.75]","[53.0011, 31.832367105263156]"
MORI_motion_P3,J7,CONNECTOR,F.Cu,B.Cu,False,/+3V3,True,c6c4001f-68f4-4ee9-a2b5-a5ad7463528c,"(44.9393, 32.2356)","(52.6103, 32.2356)",1.962,"[50.375, 28.5, 63.625, 32.75]","[50.38741833333333, 32.2356]"
MORI_motion_P3,J7,CONNECTOR,F.Cu,F.Cu,True,/ARM_Q,True,42de83e4-2989-49f4-8273-ce4c2c193ac7,"(47.7194, 31.4923)","(52.2989, 31.4923)",1.924,"[50.375, 28.5, 63.625, 32.75]","[50.38749285714286, 31.4923]"
MORI_motion_P3,J7,CONNECTOR,F.Cu,F.Cu,True,/ARM_Q,True,5cf47bb9-4dd8-4377-b989-67f010691bed,"(53.25, 32.075)","(52.675, 31.5)",0.813,"[50.375, 28.5, 63.625, 32.75]","[53.24128787878788, 32.06628787878788]"
MORI_motion_P3,J7,CONNECTOR,F.Cu,F.Cu,True,/ARM_Q,True,8d4a980f-3e0f-43d7-b041-c1a20484aba6,"(52.675, 31.5)","(52.3, 31.5)",0.375,"[50.375, 28.5, 63.625, 32.75]","[52.662499999999994, 31.5]"
MORI_motion_P3,J7,CONNECTOR,F.Cu,F.Cu,True,/ARM_Q,True,9fad5649-5dbd-48f7-98bb-4c4208e5e8a6,"(53.25, 32.325)","(53.25, 32.075)",0.25,"[50.375, 28.5, 63.625, 32.75]","[53.25, 32.3125]"
MORI_motion_P3,J7,CONNECTOR,F.Cu,F.Cu,True,/ARM_Q,True,ba3f28c7-fc55-4467-b2b3-d4afc0ac47ec,"(53.875, 32.95)","(53.25, 32.325)",0.457,"[50.375, 28.5, 63.625, 32.75]","[53.564499999999995, 32.6395]"
MORI_motion_P3,J7,CONNECTOR,F.Cu,B.Cu,False,/ARM_Q,True,ced77af2-69d6-4d6a-b9c1-790189f94240,"(52.2989, 31.4923)","(52.2989, 26.8439)",2.992,"[50.375, 28.5, 63.625, 32.75]","[52.2989, 31.479832083333335]"
MORI_motion_P3,J7,CONNECTOR,F.Cu,F.Cu,True,/BAT_ADC_IN,True,12a570ff-e3ef-4a54-9679-abe2cb6f7c9a,"(53.4746, 30.3811)","(54.1556, 31.0621)",0.963,"[50.375, 28.5, 63.625, 32.75]","[53.48333076923077, 30.38983076923077]"
MORI_motion_P3,J7,CONNECTOR,F.Cu,F.Cu,True,/BAT_ADC_IN,True,2d94d0ff-e5cd-435b-82ed-e6a1f50f2afd,"(54.1556, 31.0621)","(55.9955, 31.0621)",1.84,"[50.375, 28.5, 63.625, 32.75]","[54.168031756756754, 31.0621]"
MORI_motion_P3,J7,CONNECTOR,F.Cu,F.Cu,True,/BAT_ADC_IN,True,81b1936d-c57c-40e6-99b0-e810ab63cb81,"(55.9955, 31.0621)","(57.625, 32.6916)",1.883,"[50.375, 28.5, 63.625, 32.75]","[56.004260752688175, 31.070860752688173]"
MORI_motion_P3,J7,CONNECTOR,F.Cu,B.Cu,False,/BAT_ADC_IN,True,3771083d-904f-424b-af18-6baf36018958,"(53.4746, 23.0311)","(53.4746, 30.3811)",1.881,"[50.375, 28.5, 63.625, 32.75]","[53.4746, 28.512375657894736]"
MORI_motion_P3,J7,CONNECTOR,F.Cu,F.Cu,True,/WHEEL_ADC_IN,True,7596b8f5-c6e6-43db-abad-c71889757d11,"(57.8036, 31.4785)","(58.875, 32.5499)",1.093,"[50.375, 28.5, 63.625, 32.75]","[57.81238196721312, 31.487281967213114]"
MORI_motion_P3,J7,CONNECTOR,F.Cu,B.Cu,False,/WHEEL_ADC_IN,True,6f0f4311-b441-4b4a-8b83-7a087525b1db,"(56.3771, 24.62)","(56.3771, 30.052)",1.552,"[50.375, 28.5, 63.625, 32.75]","[56.3771, 28.512317460317462]"
MORI_motion_P3,J7,CONNECTOR,F.Cu,B.Cu,False,/WHEEL_ADC_IN,True,ca5b828b-8237-4d9d-885e-904a9bfa6156,"(56.3771, 30.052)","(57.8036, 31.4785)",2.017,"[50.375, 28.5, 63.625, 32.75]","[56.38590555555555, 30.060805555555554]"
MORI_motion_P3,J7,CONNECTOR,F.Cu,F.Cu,True,/CURRENT_ADC_IN,True,38cfac6c-aae6-48d2-877e-0859311d0388,"(58.0771, 30.3604)","(54.4768, 30.3604)",3.6,"[50.375, 28.5, 63.625, 32.75]","[58.064685172413796, 30.3604]"
MORI_motion_P3,J7,CONNECTOR,F.Cu,F.Cu,True,/CURRENT_ADC_IN,True,5e91cc25-3840-4f35-abf6-bfa8fa21248a,"(60.125, 32.4083)","(58.0771, 30.3604)",2.522,"[50.375, 28.5, 63.625, 32.75]","[59.85135818965517, 32.13465818965517]"
MORI_motion_P3,J7,CONNECTOR,F.Cu,B.Cu,False,/CURRENT_ADC_IN,True,0926ea73-1fda-4b64-9652-802e28c1e5f8,"(54.4768, 22.9175)","(54.4768, 30.3604)",1.86,"[50.375, 28.5, 63.625, 32.75]","[54.4768, 28.512402666666667]"
MORI_motion_P3,J2,CONNECTOR,F.Cu,F.Cu,True,/GND,True,67403359-fcb6-4e43-96c7-ce04f62be9eb,"(60.664, 4.7381)","(53.5832, 4.7381)",2.539,"[58.125, 1.5, 63.875, 5.75]","[60.65155392156863, 4.7381]"
MORI_motion_P3,J2,CONNECTOR,F.Cu,F.Cu,True,/GND,True,e53ccd40-7b28-4a52-99c4-72924f8edadc,"(61.625, 5.6991)","(60.664, 4.7381)",0.939,"[58.125, 1.5, 63.875, 5.75]","[61.319227272727275, 5.393327272727273]"
MORI_motion_P3,J1,CONNECTOR,F.Cu,F.Cu,True,/GND,True,14afec1b-078e-4233-8f70-832800c14009,"(53.5832, 4.7381)","(52.625, 5.6963)",0.936,"[49.125, 1.5, 54.875, 5.75]","[53.57448909090909, 4.746810909090909]"
MORI_motion_P3,J1,CONNECTOR,F.Cu,F.Cu,True,/GND,True,67403359-fcb6-4e43-96c7-ce04f62be9eb,"(60.664, 4.7381)","(53.5832, 4.7381)",1.292,"[49.125, 1.5, 54.875, 5.75]","[54.862578846153845, 4.7381]"
MORI_motion_P3,J1,CONNECTOR,F.Cu,F.Cu,True,/GND,True,c21d1eee-ca44-4846-98bf-4264b0b7e638,"(52.625, 5.6963)","(51.6981, 4.7694)",0.89,"[49.125, 1.5, 54.875, 5.75]","[52.31894811320755, 5.390248113207547]"
MORI_motion_P3,J1,CONNECTOR,F.Cu,F.Cu,True,/GND,True,f2d1fbb2-0c8a-4ac7-9c30-ebacdbd71f7c,"(51.6981, 4.7694)","(45.4394, 4.7694)",2.573,"[49.125, 1.5, 54.875, 5.75]","[51.685609223300965, 4.7694]"
MORI_motion_P3,J4,CONNECTOR,F.Cu,F.Cu,True,/CAM_RX,False,14e1416f-4d19-405f-b204-851f1705a83c,"(47.9985, 16.0016)","(58.7969, 16.0016)",4.25,"[49.5, 9.375, 53.75, 22.625]","[49.5125, 16.0016]"
MORI_motion_P3,J4,CONNECTOR,F.Cu,F.Cu,True,/CAM_TX,False,32df6204-2e7e-44cc-bfec-7de972deafb7,"(55.6112, 12.25)","(35.5069, 12.25)",4.25,"[49.5, 9.375, 53.75, 22.625]","[53.7375, 12.25]"
MORI_motion_P3,J4,CONNECTOR,F.Cu,F.Cu,True,/CAM_3V3,False,0946dc91-cc06-4599-837d-e492b2ea0d12,"(43.5996, 18.5)","(62.7543, 18.5)",4.25,"[49.5, 9.375, 53.75, 22.625]","[49.5125, 18.5]"
MORI_motion_P3,J4,CONNECTOR,F.Cu,F.Cu,True,/HEAD_BUS,False,31553cdb-d2e2-4529-8e02-98f138565824,"(54.9015, 19.7501)","(37.0289, 19.7501)",4.25,"[49.5, 9.375, 53.75, 22.625]","[53.7375, 19.7501]"
MORI_motion_P3,J4,CONNECTOR,F.Cu,F.Cu,True,/USER_KEY_N,False,695ee6fe-6aba-43b4-bbfb-cd651d1a4f57,"(55.3551, 22.8035)","(53.5399, 20.9883)",0.297,"[49.5, 9.375, 53.75, 22.625]","[53.74124583333333, 21.18964583333333]"
MORI_motion_P3,J4,CONNECTOR,F.Cu,F.Cu,True,/USER_KEY_N,False,c3262608-90af-4f64-b500-5e59a6846ad9,"(53.5399, 20.9883)","(48.7192, 20.9883)",4.04,"[49.5, 9.375, 53.75, 22.625]","[53.527431172839506, 20.9883]"
MORI_motion_P3,J4,CONNECTOR,F.Cu,F.Cu,True,/IMU_DRDY,True,244ebfac-8f24-4f5a-a6e9-f8a44b551f8e,"(51.4066, 14.75)","(54.8284, 14.75)",2.343,"[49.5, 9.375, 53.75, 22.625]","[51.41906489361702, 14.75]"
MORI_motion_P3,J4,CONNECTOR,F.Cu,F.Cu,True,/IMU_DRDY,True,8ffe3f39-f2e6-45b4-94d5-cfb766865d4c,"(36.6864, 14.943)","(51.2136, 14.943)",1.714,"[49.5, 9.375, 53.75, 22.625]","[49.512417391304346, 14.943]"
MORI_motion_P3,J4,CONNECTOR,F.Cu,F.Cu,True,/IMU_DRDY,True,dbeb9ab9-d265-4f2b-8c05-0f7429769b2d,"(51.2136, 14.943)","(51.4066, 14.75)",0.273,"[49.5, 9.375, 53.75, 22.625]","[51.22237272727273, 14.934227272727272]"
MORI_motion_P3,J4,CONNECTOR,F.Cu,B.Cu,False,/+3V3,True,2dc59da9-0bcb-46e6-9586-2c39c2d41d5a,"(52.7379, 30.6367)","(52.7379, 22.4299)",0.195,"[49.5, 9.375, 53.75, 22.625]","[52.7379, 22.61280625]"
MORI_motion_P3,J4,CONNECTOR,F.Cu,B.Cu,False,/+3V3,True,2fcd2035-6bd7-493c-95c3-d5497fc8649f,"(52.7379, 22.4299)","(53.6714, 21.4964)",1.32,"[49.5, 9.375, 53.75, 22.625]","[52.74670660377359, 22.421093396226414]"
MORI_motion_P3,J4,CONNECTOR,F.Cu,B.Cu,False,/+3V3,True,82e3cf47-2a77-49b7-8b65-4e7f73986354,"(54.6714, 21.4964)","(53.6714, 21.4964)",0.079,"[49.5, 9.375, 53.75, 22.625]","[53.740175, 21.4964]"
MORI_motion_P3,J4,CONNECTOR,F.Cu,B.Cu,False,/+3V3,True,eeb5f6c5-aeb5-4425-a103-3f98eb7c221f,"(53.6714, 21.4964)","(49.175, 17.0)",5.899,"[49.5, 9.375, 53.75, 22.625]","[53.66256228813559, 21.487562288135596]"
MORI_motion_P3,J4,CONNECTOR,F.Cu,F.Cu,True,/CURRENT_ADC_IN,False,26123b6e-759d-4c42-bfaf-480a27fbe7c5,"(52.9493, 21.39)","(54.4768, 22.9175)",1.132,"[49.5, 9.375, 53.75, 22.625]","[52.95800326086957, 21.398703260869567]"
MORI_motion_P3,J4,CONNECTOR,F.Cu,F.Cu,True,/CURRENT_ADC_IN,False,a789a17a-ec4b-45b5-b939-bcb01f147b6a,"(48.5924, 21.39)","(52.9493, 21.39)",3.449,"[49.5, 9.375, 53.75, 22.625]","[49.51249746376811, 21.39]"
MORI_motion_P3,J4,CONNECTOR,F.Cu,F.Cu,True,/IMU_SCK,True,6072d2f0-a2cc-4018-ac94-bd40375254e3,"(53.95, 17.875)","(40.7924, 17.875)",3.6,"[49.5, 9.375, 53.75, 22.625]","[53.0875, 17.875]"
MORI_motion_P3,J4,CONNECTOR,F.Cu,F.Cu,True,/IMU_MOSI,True,49e7ebd9-fac2-41f9-a4ac-6d0c48e3fc79,"(53.3941, 17.1809)","(32.3551, 17.1809)",3.894,"[49.5, 9.375, 53.75, 22.625]","[53.381618910256414, 17.1809]"
MORI_motion_P3,J4,CONNECTOR,F.Cu,F.Cu,True,/IMU_MOSI,True,a4a94f5e-c713-4803-9e83-0ddf86ee6385,"(53.95, 16.625)","(53.3941, 17.1809)",0.36,"[49.5, 9.375, 53.75, 22.625]","[53.63984047619048, 16.935159523809528]"
MORI_motion_P3,J4,CONNECTOR,F.Cu,F.Cu,True,/IMU_CS,True,0ee0427d-ac75-4fbf-acc9-919fa6d3cfa0,"(53.95, 14.125)","(52.4343, 14.125)",0.67,"[49.5, 9.375, 53.75, 22.625]","[53.092150000000004, 14.125]"
MORI_motion_P3,J4,CONNECTOR,F.Cu,F.Cu,True,/IMU_CS,True,3d63d94b-9c82-45a5-ad1d-458121c22110,"(52.3606, 14.0513)","(28.3751, 14.0513)",2.861,"[49.5, 9.375, 53.75, 22.625]","[52.34816260869565, 14.0513]"
MORI_motion_P3,J4,CONNECTOR,F.Cu,F.Cu,True,/IMU_CS,True,5d7d9fe9-0d80-4174-93cf-e87443768147,"(52.4343, 14.125)","(52.3606, 14.0513)",0.104,"[49.5, 9.375, 53.75, 22.625]","[52.42693, 14.11763]"
MORI_motion_P3,J4,CONNECTOR,F.Cu,F.Cu,True,/IMU_CS,True,66d393bb-0bab-459d-a14a-60674b1b039a,"(52.3606, 14.0513)","(52.3606, 13.3388)",0.712,"[49.5, 9.375, 53.75, 22.625]","[52.3606, 14.03901551724138]"
MORI_motion_P3,J4,CONNECTOR,F.Cu,B.Cu,False,/IMU_CS,True,1b3c54cf-a11c-4ab4-bb5c-55629d90b9fc,"(52.3606, 13.3388)","(51.6006, 12.5788)",1.075,"[49.5, 9.375, 53.75, 22.625]","[52.35176279069767, 13.329962790697675]"
MORI_motion_P3,J4,CONNECTOR,F.Cu,B.Cu,False,/IMU_CS,True,3fdbc25a-62ca-4a1b-9a22-0f19a96572ea,"(49.7756, 12.5788)","(49.4293, 12.9251)",0.39,"[49.5, 9.375, 53.75, 22.625]","[49.7669875, 12.5874125]"
MORI_motion_P3,J4,CONNECTOR,F.Cu,B.Cu,False,/IMU_CS,True,4a6c6248-909f-42b8-9183-0c230149b4f2,"(51.6006, 12.5788)","(49.7756, 12.5788)",1.825,"[49.5, 9.375, 53.75, 22.625]","[51.58826891891892, 12.5788]"
MORI_motion_P3,J4,CONNECTOR,F.Cu,B.Cu,False,/IMU_CS,True,61e73379-2a43-40be-958f-312d2753075e,"(49.4293, 15.6043)","(50.825, 17.0)",1.874,"[49.5, 9.375, 53.75, 22.625]","[49.508833333333335, 15.683833333333336]"
MORI_motion_P3,R16,COMPONENT,B.Cu,F.Cu,False,/WHEEL_ADC_IN,False,b02e4159-7daf-4068-a2c4-1cdf2844a6dc,"(35.8549, 25.7094)","(14.6719, 25.7094)",0.825,"[18.587500000000002, 24.7, 19.412499999999998, 26.3]","[19.4, 25.7094]"
MORI_motion_P3,R10,COMPONENT,B.Cu,B.Cu,True,/CHG_N,False,46d5c8f8-258f-45d7-9f6b-4f3c1f49a5e3,"(27.3826, 28.0833)","(27.3826, 20.7674)",0.825,"[26.7, 26.087500000000002, 28.3, 26.912499999999998]","[27.3826, 26.9]"
MORI_motion_P3,J8,CONNECTOR,B.Cu,F.Cu,False,/FAULT_N,False,d3deb503-9fda-44d7-9d8c-1058b1786614,"(51.6, 28.2)","(48.75, 25.35)",0.177,"[43.125, 23.75, 48.875, 28.0]","[48.8671875, 25.4671875]"
MORI_motion_P3,J8,CONNECTOR,B.Cu,F.Cu,False,/FAULT_N,False,e143aee2-ab5d-4cee-89f9-002df983cee8,"(48.75, 25.35)","(36.65, 25.35)",5.625,"[43.125, 23.75, 48.875, 28.0]","[48.7375, 25.35]"
MORI_motion_P3,J8,CONNECTOR,B.Cu,B.Cu,True,/+3V3,False,2fd477a7-0c2e-4b64-90a5-2536919ce8a4,"(43.9937, 25.1612)","(44.359, 25.5265)",0.517,"[43.125, 23.75, 48.875, 28.0]","[44.00239761904761, 25.16989761904762]"
MORI_motion_P3,J8,CONNECTOR,B.Cu,B.Cu,True,/+3V3,False,66128d6b-b36e-455a-9a83-0afcf2a0b3fc,"(44.359, 25.5265)","(44.359, 28.0155)",2.474,"[43.125, 23.75, 48.875, 28.0]","[44.359, 25.538992424242423]"
MORI_motion_P3,J8,CONNECTOR,B.Cu,B.Cu,True,/+3V3,False,743f0490-fc3c-419f-aac6-87e8ebe55242,"(42.1638, 25.1612)","(43.9937, 25.1612)",0.869,"[43.125, 23.75, 48.875, 28.0]","[43.13741, 25.1612]"
MORI_motion_P3,J8,CONNECTOR,B.Cu,F.Cu,False,/WHEEL_ADC_IN,False,96670d0f-a3fd-40a9-bf46-962a7ddbe104,"(56.3771, 24.62)","(36.9443, 24.62)",5.75,"[43.125, 23.75, 48.875, 28.0]","[48.8625, 24.62]"
MORI_motion_P3,J8,CONNECTOR,B.Cu,F.Cu,False,/LOOP_3V3,True,9e9a7dc2-dd4c-47d2-ae6b-19aa3c286406,"(45.375, 26.9517)","(40.7004, 26.9517)",1.35,"[43.125, 23.75, 48.875, 28.0]","[45.3625, 26.9517]"
MORI_motion_P3,J8,CONNECTOR,B.Cu,B.Cu,True,/LOOP_3V3,True,8dfb1b70-6bde-4f1b-99e6-8275a488661e,"(45.375, 23.55)","(45.375, 26.9517)",2.556,"[43.125, 23.75, 48.875, 28.0]","[45.375, 24.407713565891473]"
MORI_motion_P3,R6,COMPONENT,B.Cu,F.Cu,False,/FAULT_N,False,e143aee2-ab5d-4cee-89f9-002df983cee8,"(48.75, 25.35)","(36.65, 25.35)",0.825,"[41.0875, 24.2, 41.9125, 25.8]","[41.90036764705883, 25.35]"
MORI_motion_P3,R6,COMPONENT,B.Cu,F.Cu,False,/WHEEL_ADC_IN,False,96670d0f-a3fd-40a9-bf46-962a7ddbe104,"(56.3771, 24.62)","(36.9443, 24.62)",0.825,"[41.0875, 24.2, 41.9125, 25.8]","[41.90036764705883, 24.62]"
MORI_motion_P3,J6,CONNECTOR,B.Cu,F.Cu,False,/GND,True,00124e8e-6d78-40e3-ac42-959a4a486364,"(61.8364, 23.3864)","(61.45, 23.0)",0.193,"[61.125, 23.25, 66.875, 27.5]","[61.827875, 23.377875]"
MORI_motion_P3,J6,CONNECTOR,B.Cu,F.Cu,False,/GND,True,1a6789fb-200e-467b-b509-63baf42c75b6,"(62.6504, 25.138)","(62.6504, 23.3864)",1.752,"[61.125, 23.25, 66.875, 27.5]","[62.6504, 25.125664788732397]"
MORI_motion_P3,J6,CONNECTOR,B.Cu,F.Cu,False,/GND,True,63aef459-fd39-4656-92f9-d978b55ad3df,"(61.8364, 23.3864)","(65.5376, 23.3864)",2.509,"[61.125, 23.25, 66.875, 27.5]","[61.848820134228184, 23.3864]"
MORI_motion_P3,J6,CONNECTOR,B.Cu,F.Cu,False,/GND,True,e557cffe-5878-4d7f-8df4-2f5d64cec683,"(61.375, 26.4134)","(62.6504, 25.138)",0.889,"[61.125, 23.25, 66.875, 27.5]","[62.03017123287671, 25.75822876712329]"
MORI_motion_P3,J6,CONNECTOR,B.Cu,B.Cu,True,/GND,True,31c88e50-3196-472b-afde-b54469af0edf,"(65.2012, 23.05)","(65.5376, 23.3864)",0.193,"[61.125, 23.25, 66.875, 27.5]","[65.409725, 23.258525]"
MORI_motion_P3,J6,CONNECTOR,B.Cu,F.Cu,False,/HEAD_BUS,False,5417b628-d3e8-4627-a8fd-99df5d86ab94,"(61.2103, 24.25)","(60.2977, 23.3374)",0.121,"[61.125, 23.25, 66.875, 27.5]","[61.201769999999996, 24.24147]"
MORI_motion_P3,J6,CONNECTOR,B.Cu,F.Cu,False,/HEAD_BUS,False,dd6d7b57-07f7-4fcf-960c-81e78c964866,"(61.45, 24.25)","(61.2103, 24.25)",0.24,"[61.125, 23.25, 66.875, 27.5]","[61.438015, 24.25]"
MORI_motion_P3,J6,CONNECTOR,B.Cu,B.Cu,True,/USER_KEY_N,True,261d13af-ff5c-4869-b67b-9cc88d085fa1,"(61.925, 24.5)","(63.375, 23.05)",1.618,"[61.125, 23.25, 66.875, 27.5]","[61.933802816901405, 24.491197183098592]"
MORI_motion_P3,J6,CONNECTOR,B.Cu,B.Cu,True,/USER_KEY_N,True,c5a440fa-dbf1-494d-b3a3-164e0114b6ad,"(59.325, 24.5)","(61.925, 24.5)",0.8,"[61.125, 23.25, 66.875, 27.5]","[61.1375, 24.5]"
MORI_motion_P3,J6,CONNECTOR,B.Cu,B.Cu,True,/IMU_MISO,False,8e27d6ba-a6c0-45a6-ac67-b01c91a408fc,"(56.6, 34.3)","(64.0, 26.9)",0.849,"[61.125, 23.25, 66.875, 27.5]","[63.40882352941176, 27.491176470588236]"
MORI_motion_P3,J6,CONNECTOR,B.Cu,B.Cu,True,/IMU_MISO,False,b819ab0e-a9b9-4908-bf64-d5dc12559176,"(64.0, 26.9)","(64.0, 22.15)",3.65,"[61.125, 23.25, 66.875, 27.5]","[64.0, 26.8875]"
MORI_motion_P3,C5,COMPONENT,B.Cu,F.Cu,False,/S288_OE_REQ_N,False,01f02319-a929-40e3-8fa5-8cd4aebf4137,"(12.45, 6.5269)","(8.5767, 10.4002)",1.008,"[8.700000000000001, 9.100000000000001, 10.299999999999999, 9.899999999999999]","[9.868204347826087, 9.108695652173914]"
MORI_motion_P3,U1,COMPONENT,B.Cu,B.Cu,True,/GND,True,c8d2a61c-c537-482f-8c49-37c000a773bc,"(28.5, 10.25)","(29.55, 10.25)",0.625,"[26.85, 9.0, 29.15, 11.0]","[28.5125, 10.25]"
MORI_motion_P3,U1,COMPONENT,B.Cu,B.Cu,True,/GND,True,d2913153-80d5-4dd2-8e54-911a9ee986c5,"(27.5, 9.25)","(28.5, 10.25)",1.414,"[26.85, 9.0, 29.15, 11.0]","[27.50877192982456, 9.258771929824562]"
MORI_motion_P3,U1,COMPONENT,B.Cu,B.Cu,True,/GND,True,d7e3d70e-e77a-4f81-ad17-9806b7c4c2fd,"(26.45, 9.25)","(27.5, 9.25)",0.625,"[26.85, 9.0, 29.15, 11.0]","[26.887500000000003, 9.25]"
MORI_motion_P3,U1,COMPONENT,B.Cu,F.Cu,False,/ARM_Q,False,137c4c32-7525-4509-bbad-bc191f62ffc4,"(12.9712, 9.5288)","(46.4868, 9.5288)",2.3,"[26.85, 9.0, 29.15, 11.0]","[26.8625, 9.5288]"
MORI_motion_P3,C7,COMPONENT,B.Cu,F.Cu,False,/IMU_CS,False,3d63d94b-9c82-45a5-ad1d-458121c22110,"(52.3606, 14.0513)","(28.3751, 14.0513)",0.665,"[36.699999999999996, 13.600000000000001, 38.300000000000004, 14.399999999999999]","[37.82, 14.0513]"
MORI_motion_P3,D3,COMPONENT,B.Cu,F.Cu,False,/HEAD_BUS,False,15a15886-218f-4384-9455-68b6226b7f61,"(35.4071, 18.1283)","(20.1, 18.1283)",1.8,"[27.1, 17.1, 28.9, 19.9]","[28.8875, 18.1283]"
MORI_motion_P3,R9,COMPONENT,B.Cu,F.Cu,False,/CAM_TX,False,32df6204-2e7e-44cc-bfec-7de972deafb7,"(55.6112, 12.25)","(35.5069, 12.25)",0.862,"[41.199999999999996, 11.5875, 42.800000000000004, 12.4125]","[42.41846153846154, 12.25]"
MORI_motion_P3,R9,COMPONENT,B.Cu,B.Cu,True,/CAM_3V3,False,58a7a7ee-3938-4df2-9aef-c87cd3b2ca0e,"(41.9065, 11.5415)","(41.9065, 16.9881)",0.825,"[41.199999999999996, 11.5875, 42.800000000000004, 12.4125]","[41.9065, 11.6]"
MORI_motion_P3,R17,COMPONENT,B.Cu,B.Cu,True,/CLR_N,False,a1c0fd2e-1b43-429d-972f-ccfe90537481,"(16.0, 15.62)","(16.0, 16.4008)",0.781,"[15.200000000000001, 15.5875, 16.8, 16.412499999999998]","[16.0, 15.6322]"
MORI_motion_P3,U4,COMPONENT,B.Cu,F.Cu,False,/CAM_TX,True,32df6204-2e7e-44cc-bfec-7de972deafb7,"(55.6112, 12.25)","(35.5069, 12.25)",2.251,"[35.849999999999994, 10.5, 38.150000000000006, 12.5]","[38.112903225806456, 12.25]"
MORI_motion_P3,U4,COMPONENT,B.Cu,B.Cu,True,/GND,True,5cfe0e51-6bf5-4fbb-96a0-40d879c290a2,"(36.725, 11.75)","(36.725, 14.0)",0.75,"[35.849999999999994, 10.5, 38.150000000000006, 12.5]","[36.725, 11.7625]"
MORI_motion_P3,U4,COMPONENT,B.Cu,B.Cu,True,/GND,True,b5efea23-136e-4672-a5b9-df6defd889d2,"(35.45, 11.75)","(36.725, 11.75)",0.851,"[35.849999999999994, 10.5, 38.150000000000006, 12.5]","[35.88645833333333, 11.75]"
MORI_motion_P3,U4,COMPONENT,B.Cu,B.Cu,True,/+3V3,True,89b09d42-ddcd-4901-bea2-0a042ede7581,"(34.95, 11.25)","(38.55, 11.25)",2.251,"[35.849999999999994, 10.5, 38.150000000000006, 12.5]","[35.887096774193544, 11.25]"
MORI_motion_P3,U4,COMPONENT,B.Cu,B.Cu,True,/+3V3,True,c29063aa-41fa-4f32-bdec-384f799ae78c,"(36.3, 11.25)","(36.3, 10.075)",0.75,"[35.849999999999994, 10.5, 38.150000000000006, 12.5]","[36.3, 11.2375]"
MORI_motion_P3,U4,COMPONENT,B.Cu,B.Cu,True,/+3V3,True,ef10d045-67b6-4fc4-8859-798b594b33a4,"(37.8, 11.25)","(37.8, 12.5)",1.25,"[35.849999999999994, 10.5, 38.150000000000006, 12.5]","[37.8, 11.2625]"
MORI_motion_P3,U3,COMPONENT,B.Cu,B.Cu,True,/+3V3,True,54493658-cd0f-48b7-aaf8-96185da02260,"(18.55, 11.75)","(17.0, 11.75)",1.125,"[15.850000000000001, 10.0, 18.15, 12.0]","[18.112499999999997, 11.75]"
MORI_motion_P3,U3,COMPONENT,B.Cu,B.Cu,True,/+3V3,True,909851fd-9bbd-41d0-8b7e-cbaefb9c1a9f,"(17.0, 9.275)","(17.0, 13.0)",2.0,"[15.850000000000001, 10.0, 18.15, 12.0]","[17.0, 10.0125]"
MORI_motion_P3,U3,COMPONENT,B.Cu,F.Cu,False,/ARM_Q_N,True,a899a034-7630-40fd-90f1-3be3732d58eb,"(8.1, 11.25)","(19.8, 11.25)",2.25,"[15.850000000000001, 10.0, 18.15, 12.0]","[15.887500000000001, 11.25]"
MORI_motion_P3,R13,COMPONENT,B.Cu,F.Cu,False,/IMU_MOSI,False,49e7ebd9-fac2-41f9-a4ac-6d0c48e3fc79,"(53.3941, 17.1809)","(32.3551, 17.1809)",0.862,"[49.199999999999996, 16.587500000000002, 50.800000000000004, 17.412499999999998]","[50.41846153846154, 17.1809]"
MORI_motion_P3,D2,COMPONENT,B.Cu,B.Cu,True,/CLR_N,True,e76f6383-310e-40fd-9753-01f899ff170c,"(13.0, 14.35)","(11.8062, 15.5438)",0.646,"[12.100000000000001, 14.600000000000001, 13.899999999999999, 17.4]","[12.547972972972973, 14.802027027027027]"
MORI_motion_P3,D2,COMPONENT,B.Cu,B.Cu,True,/FAULT_N,True,238b731d-92f2-43bc-859e-a052511b605e,"(13.525, 17.65)","(15.175, 16.0)",0.177,"[12.100000000000001, 14.600000000000001, 13.899999999999999, 17.4]","[13.7828125, 17.3921875]"
MORI_motion_P3,R18,COMPONENT,B.Cu,B.Cu,True,/+3V3,True,45a1c3a1-4789-4f4b-9338-cafbb9ff79ce,"(29.0, 23.8)","(28.1, 22.9)",0.073,"[28.587500000000002, 22.2, 29.412499999999998, 23.8]","[28.630468750000002, 23.430468750000003]"
MORI_motion_P3,R18,COMPONENT,B.Cu,F.Cu,False,/BAT_ADC_IN,False,b700fcb8-899f-44ee-a851-1c90102308e5,"(53.4746, 23.0311)","(13.3468, 23.0311)",0.825,"[28.587500000000002, 22.2, 29.412499999999998, 23.8]","[29.4, 23.0311]"
MORI_motion_P3,R15,COMPONENT,B.Cu,F.Cu,False,/WHEEL_ADC_IN,True,b02e4159-7daf-4068-a2c4-1cdf2844a6dc,"(35.8549, 25.7094)","(14.6719, 25.7094)",0.85,"[15.700000000000001, 25.587500000000002, 17.3, 26.412499999999998]","[16.9125, 25.7094]"
MORI_motion_P3,R15,COMPONENT,B.Cu,F.Cu,False,/HEAD_OE_N,False,a00c5a7c-3464-4a25-a7a7-36b9eb4022fe,"(22.45, 26.35)","(15.0, 26.35)",0.9,"[15.700000000000001, 25.587500000000002, 17.3, 26.412499999999998]","[16.9375, 26.35]"
MORI_motion_P3,R14,COMPONENT,B.Cu,F.Cu,False,/HEAD_OE_N,False,80fac903-9c66-42ff-98b1-41762257d5a0,"(12.4, 24.45)","(12.4, 23.45)",0.362,"[11.200000000000001, 24.087500000000002, 12.799999999999999, 24.912499999999998]","[12.4, 24.437916666666666]"
MORI_motion_P3,U5,COMPONENT,B.Cu,F.Cu,False,/+3V3,True,ae770cfa-aa7d-40ed-8d31-9c02afc3ae31,"(7.9, 12.0)","(30.75, 12.0)",2.3,"[9.850000000000001, 11.0, 12.149999999999999, 13.0]","[9.8625, 12.0]"
MORI_motion_P3,U5,COMPONENT,B.Cu,B.Cu,True,/+3V3,True,00ceba0f-5f02-46ce-8785-dc6a00322886,"(7.65, 12.25)","(12.55, 12.25)",2.25,"[9.850000000000001, 11.0, 12.149999999999999, 13.0]","[9.887500000000001, 12.25]"
MORI_motion_P3,U5,COMPONENT,B.Cu,B.Cu,True,/+3V3,True,6d1d7b9d-6b92-4505-a8b2-4f4a9687bc6a,"(10.3, 9.5)","(10.3, 12.25)",1.25,"[9.850000000000001, 11.0, 12.149999999999999, 13.0]","[10.3, 11.0125]"
MORI_motion_P3,U5,COMPONENT,B.Cu,F.Cu,False,/ARM_Q_N,True,a899a034-7630-40fd-90f1-3be3732d58eb,"(8.1, 11.25)","(19.8, 11.25)",2.25,"[9.850000000000001, 11.0, 12.149999999999999, 13.0]","[9.887500000000001, 11.25]"
MORI_motion_P3,D1,COMPONENT,B.Cu,B.Cu,True,/CLR_N,True,6ba0360f-2071-4e1d-9340-d3dc72826918,"(31.9341, 14.9159)","(30.35, 16.5)",0.646,"[30.6, 15.600000000000001, 33.400000000000006, 17.4]","[31.241216216216216, 15.608783783783785]"
MORI_motion_P3,D1,COMPONENT,B.Cu,F.Cu,False,/FAULT_N,False,03106633-0c45-47c0-8f55-52c115571dad,"(32.2, 15.65)","(30.5, 15.65)",1.6,"[30.6, 15.600000000000001, 33.400000000000006, 17.4]","[32.18769230769231, 15.65]"
MORI_motion_P3,D1,COMPONENT,B.Cu,B.Cu,True,/FAULT_N,False,73924936-7ee9-4738-8f6c-6b32de221b37,"(32.3, 15.55)","(32.2, 15.65)",0.071,"[30.6, 15.600000000000001, 33.400000000000006, 17.4]","[32.24166666666667, 15.608333333333334]"
MORI_motion_P3,D1,COMPONENT,B.Cu,F.Cu,False,/CURRENT_ADC_IN,False,43f62175-ed11-40a0-abec-9dfce6c42a8c,"(33.0617, 16.4145)","(33.404, 16.7568)",0.191,"[30.6, 15.600000000000001, 33.400000000000006, 17.4]","[33.0701575, 16.4229575]"
MORI_motion_P3,D1,COMPONENT,B.Cu,F.Cu,False,/CURRENT_ADC_IN,False,6d8bbf26-3c22-4ffe-9333-88b4de4d900e,"(19.4595, 16.4145)","(33.0617, 16.4145)",2.263,"[30.6, 15.600000000000001, 33.400000000000006, 17.4]","[30.811358080808084, 16.4145]"
MORI_motion_P3,D1,COMPONENT,B.Cu,F.Cu,False,/IMU_MOSI,False,49e7ebd9-fac2-41f9-a4ac-6d0c48e3fc79,"(53.3941, 17.1809)","(32.3551, 17.1809)",1.045,"[30.6, 15.600000000000001, 33.400000000000006, 17.4]","[33.38756071428572, 17.1809]"
MORI_motion_P3,D1,COMPONENT,B.Cu,B.Cu,True,/IMU_MOSI,False,0e18cff9-db9c-4ab9-b73a-6fa3787fa342,"(30.0, 19.536)","(32.3551, 17.1809)",0.31,"[30.6, 15.600000000000001, 33.400000000000006, 17.4]","[32.14442692307693, 17.391573076923077]"
MORI_motion_P3,R19,COMPONENT,B.Cu,F.Cu,False,/HEAD_BUS,False,31553cdb-d2e2-4529-8e02-98f138565824,"(54.9015, 19.7501)","(37.0289, 19.7501)",0.862,"[37.699999999999996, 19.587500000000002, 39.300000000000004, 20.412499999999998]","[38.91846153846154, 19.7501]"
MORI_motion_P3,R19,COMPONENT,B.Cu,B.Cu,True,/IMU_DRDY,False,b3a305b1-661e-41be-8c2a-d4a44acbb0d7,"(38.4207, 18.5958)","(38.4207, 24.5184)",0.825,"[37.699999999999996, 19.587500000000002, 39.300000000000004, 20.412499999999998]","[38.4207, 19.6]"
MORI_motion_P3,C11,COMPONENT,B.Cu,B.Cu,True,/CURRENT_ADC,True,57d9efec-8e7c-437a-80ab-30faa90bde5c,"(19.0, 27.9957)","(18.0584, 28.9373)",0.323,"[17.7, 27.6, 19.3, 28.4]","[18.815428260869567, 28.180271739130433]"
MORI_motion_P3,U6,COMPONENT,B.Cu,B.Cu,True,/GND,True,8c44e843-3515-461c-80d7-7ccedee133b9,"(7.95, 17.9375)","(7.95, 14.175)",0.85,"[5.55, 16.35, 8.45, 17.65]","[7.95, 17.1875]"
MORI_motion_P3,U6,COMPONENT,B.Cu,B.Cu,True,/CLR_N,True,c44e72ef-2dae-4278-ba9f-406047e1d546,"(6.05, 17.9375)","(5.3865, 17.274)",0.277,"[5.55, 16.35, 8.45, 17.65]","[5.737980769230767, 17.62548076923077]"
MORI_motion_P3,R5,COMPONENT,B.Cu,B.Cu,True,/CLR_N,False,aa00ca6d-a48f-456b-882a-5bbf9d057374,"(5.8775, 10.9832)","(5.8775, 7.3223)",0.825,"[5.2, 10.0875, 6.8, 10.9125]","[5.8775, 10.9]"
MORI_motion_P3,R5,COMPONENT,B.Cu,F.Cu,False,/HEAD_OE_N,False,c0d9a4e8-d655-42c0-a7c8-cadd1f01544d,"(4.95, 11.8)","(8.65, 8.1)",0.819,"[5.2, 10.0875, 6.8, 10.9125]","[5.846276595744682, 10.903723404255318]"
MORI_motion_P3,C2,COMPONENT,B.Cu,F.Cu,False,/USER_KEY_N,False,26094e90-9488-439c-9656-e2814b4946ad,"(35.9676, 20.6626)","(14.153, 20.6626)",0.15,"[23.85, 20.2, 24.65, 21.8]","[24.637499999999996, 20.6626]"
MORI_motion_P3,U2,COMPONENT,B.Cu,B.Cu,True,/GND,True,25194645-a01d-4570-838a-7a6e7d432479,"(20.75, 25.0)","(20.75, 26.05)",0.625,"[20.5, 23.35, 22.5, 25.65]","[20.75, 25.0125]"
MORI_motion_P3,U2,COMPONENT,B.Cu,B.Cu,True,/GND,True,859f1559-2d2c-4385-a61b-bfeaef03553b,"(21.75, 24.0)","(20.75, 25.0)",1.414,"[20.5, 23.35, 22.5, 25.65]","[21.74122807017544, 24.00877192982456]"
MORI_motion_P3,U2,COMPONENT,B.Cu,B.Cu,True,/GND,True,ba396395-5124-438d-ad57-210787d9d2fb,"(21.75, 22.95)","(21.75, 24.0)",0.625,"[20.5, 23.35, 22.5, 25.65]","[21.75, 23.387500000000003]"
