00:00.739  blend            | Read blend: "/Users/dean/Documents/MORI/mechanical/mori_assembly_animation.blend"
00:01.267  render           | Rendering animation (frames 1..1296)
00:01.284  render           | Rendering frame 1
00:01.285  render           | Start rendering: MORI_Assembly_Animation, 视图层
00:01.285  render           | Engine: EEVEE
00:01.889  render           | Fra: 1 | Rendering 1 / 32 samples
Blender 5.2.1 LTS (hash 9e2066aef7ef built 2026-08-25 01:35:57)
Scene switch for render: 'MORI_Assembly_Animation' in file: '/Users/dean/Documents/MORI/mechanical/mori_assembly_animation.blend'
00:01.969  render           | Fra: 1 | Rendering 25 / 32 samples
00:01.987  render           | Fra: 1 | Rendering 32 / 32 samples
00:02.084  render           | Video append frame 1
00:02.084  render           | Time: 00:00.79 (Saving: 00:00.07)
00:02.084  render           | Rendering frame 2
00:02.084  render           | Start rendering: MORI_Assembly_Animation, 视图层
00:02.084  render           | Engine: EEVEE
00:02.129  render           | Fra: 2 | Rendering 1 / 32 samples
00:02.226  render           | Fra: 2 | Rendering 25 / 32 samples
00:02.267  render           | Fra: 2 | Rendering 32 / 32 samples
00:02.293  render           | Video append frame 2
00:02.293  render           | Time: 00:00.20 (Saving: 00:00.02)
00:02.293  render           | Rendering frame 3
00:02.293  render           | Start rendering: MORI_Assembly_Animation, 视图层
00:02.293  render           | Engine: EEVEE
00:02.340  render           | Fra: 3 | Rendering 1 / 32 samples
00:02.434  render           | Fra: 3 | Rendering 25 / 32 samples
00:02.461  render           | Fra: 3 | Rendering 32 / 32 samples
00:02.490  render           | Video append frame 3
00:02.490  render           | Time: 00:00.19 (Saving: 00:00.02)
00:02.490  render           | Rendering frame 4
00:02.490  render           | Start rendering: MORI_Assembly_Animation, 视图层
00:02.490  render           | Engine: EEVEE
00:02.533  render           | Fra: 4 | Rendering 1 / 32 samples
00:02.621  render           | Fra: 4 | Rendering 25 / 32 samples
00:02.646  render           | Fra: 4 | Rendering 32 / 32 samples
00:02.687  render           | Video append frame 4
00:02.687  render           | Time: 00:00.19 (Saving: 00:00.02)
00:02.687  render           | Rendering frame 5
00:02.687  render           | Start rendering: MORI_Assembly_Animation, 视图层
00:02.687  render           | Engine: EEVEE
00:02.741  render           | Fra: 5 | Rendering 1 / 32 samples
00:02.831  render           | Fra: 5 | Rendering 25 / 32 samples
00:02.848  render           | Fra: 5 | Rendering 32 / 32 samples
00:02.874  render           | Video append frame 5
00:02.874  render           | Time: 00:00.18 (Saving: 00:00.02)
00:02.874  render           | Rendering frame 6
00:02.874  render           | Start rendering: MORI_Assembly_Animation, 视图层
00:02.874  render           | Engine: EEVEE
00:02.929  render           | Fra: 6 | Rendering 1 / 32 samples
00:03.018  render           | Fra: 6 | Rendering 25 / 32 samples
00:03.045  render           | Fra: 6 | Rendering 32 / 32 samples
00:03.070  render           | Video append frame 6
00:03.070  render           | Time: 00:00.19 (Saving: 00:00.02)
00:03.070  render           | Rendering frame 7
00:03.070  render           | Start rendering: MORI_Assembly_Animation, 视图层
00:03.070  render           | Engine: EEVEE
00:03.110  render           | Fra: 7 | Rendering 1 / 32 samples
00:03.200  render           | Fra: 7 | Rendering 25 / 32 samples
00:03.225  render           | Fra: 7 | Rendering 32 / 32 samples
00:03.242  render           | Video append frame 7
00:03.242  render           | Time: 00:00.17 (Saving: 00:00.01)
00:03.242  render           | Rendering frame 8
00:03.242  render           | Start rendering: MORI_Assembly_Animation, 视图层
00:03.242  render           | Engine: EEVEE
00:03.283  render           | Fra: 8 | Rendering 1 / 32 samples
00:03.374  render           | Fra: 8 | Rendering 25 / 32 samples
00:03.400  render           | Fra: 8 | Rendering 32 / 32 samples
00:03.435  render           | Video append frame 8
00:03.435  render           | Time: 00:00.19 (Saving: 00:00.02)
00:03.435  render           | Rendering frame 9
00:03.436  render           | Start rendering: MORI_Assembly_Animation, 视图层
00:03.436  render           | Engine: EEVEE
00:03.480  render           | Fra: 9 | Rendering 1 / 32 samples
00:03.597  render           | Fra: 9 | Rendering 25 / 32 samples
00:03.632  render           | Fra: 9 | Rendering 32 / 32 samples
00:03.667  render           | Video append frame 9
00:03.667  render           | Time: 00:00.23 (Saving: 00:00.02)
00:03.667  render           | Rendering frame 10
00:03.667  render           | Start rendering: MORI_Assembly_Animation, 视图层
00:03.667  render           | Engine: EEVEE
00:03.713  render           | Fra: 10 | Rendering 1 / 32 samples
00:03.885  render           | Fra: 10 | Rendering 25 / 32 samples
00:03.938  render           | Fra: 10 | Rendering 32 / 32 samples
00:03.968  render           | Video append frame 10
00:03.968  render           | Time: 00:00.30 (Saving: 00:00.01)
00:03.968  render           | Rendering frame 11
00:03.968  render           | Start rendering: MORI_Assembly_Animation, 视图层
00:03.968  render           | Engine: EEVEE
00:04.018  render           | Fra: 11 | Rendering 1 / 32 samples
00:04.159  render           | Fra: 11 | Rendering 25 / 32 samples
00:04.198  render           | Fra: 11 | Rendering 32 / 32 samples
00:04.213  render           | Video append frame 11
00:04.214  render           | Time: 00:00.24 (Saving: 00:00.01)
00:04.214  render           | Rendering frame 12
00:04.214  render           | Start rendering: MORI_Assembly_Animation, 视图层
00:04.214  render           | Engine: EEVEE
00:04.324  render           | Fra: 12 | Rendering 1 / 32 samples
00:04.460  render           | Fra: 12 | Rendering 25 / 32 samples
00:04.499  render           | Fra: 12 | Rendering 32 / 32 samples
00:04.511  render           | Video append frame 12
00:04.511  render           | Time: 00:00.29 (Saving: 00:00.00)
00:04.511  render           | Rendering frame 13
00:04.511  render           | Start rendering: MORI_Assembly_Animation, 视图层
00:04.511  render           | Engine: EEVEE
00:04.565  render           | Fra: 13 | Rendering 1 / 32 samples
00:04.695  render           | Fra: 13 | Rendering 25 / 32 samples
00:04.733  render           | Fra: 13 | Rendering 32 / 32 samples
00:04.744  render           | Video append frame 13
00:04.744  render           | Time: 00:00.23 (Saving: 00:00.00)
00:04.744  render           | Rendering frame 14
00:04.744  render           | Start rendering: MORI_Assembly_Animation, 视图层
00:04.744  render           | Engine: EEVEE
00:04.795  render           | Fra: 14 | Rendering 1 / 32 samples
00:04.927  render           | Fra: 14 | Rendering 25 / 32 samples
00:04.965  render           | Fra: 14 | Rendering 32 / 32 samples
00:04.974  render           | Video append frame 14
00:04.974  render           | Time: 00:00.23 (Saving: 00:00.00)
00:04.974  render           | Rendering frame 15
00:04.974  render           | Start rendering: MORI_Assembly_Animation, 视图层
00:04.974  render           | Engine: EEVEE
00:05.020  render           | Fra: 15 | Rendering 1 / 32 samples
00:05.149  render           | Fra: 15 | Rendering 25 / 32 samples
00:05.187  render           | Fra: 15 | Rendering 32 / 32 samples
00:05.199  render           | Video append frame 15
00:05.199  render           | Time: 00:00.22 (Saving: 00:00.00)
00:05.199  render           | Rendering frame 16
00:05.199  render           | Start rendering: MORI_Assembly_Animation, 视图层
00:05.199  render           | Engine: EEVEE
00:05.249  render           | Fra: 16 | Rendering 1 / 32 samples
00:05.380  render           | Fra: 16 | Rendering 25 / 32 samples
00:05.421  render           | Fra: 16 | Rendering 32 / 32 samples
00:05.432  render           | Video append frame 16
00:05.432  render           | Time: 00:00.23 (Saving: 00:00.00)
00:05.432  render           | Rendering frame 17
00:05.432  render           | Start rendering: MORI_Assembly_Animation, 视图层
00:05.432  render           | Engine: EEVEE
00:05.482  render           | Fra: 17 | Rendering 1 / 32 samples
00:05.619  render           | Fra: 17 | Rendering 25 / 32 samples
00:05.660  render           | Fra: 17 | Rendering 32 / 32 samples
00:05.670  render           | Video append frame 17
00:05.670  render           | Time: 00:00.23 (Saving: 00:00.00)
00:05.670  render           | Rendering frame 18
00:05.670  render           | Start rendering: MORI_Assembly_Animation, 视图层
00:05.670  render           | Engine: EEVEE
00:05.716  render           | Fra: 18 | Rendering 1 / 32 samples
00:05.819  render           | Fra: 18 | Rendering 25 / 32 samples
00:05.847  render           | Fra: 18 | Rendering 32 / 32 samples
00:05.860  render           | Video append frame 18
00:05.861  render           | Time: 00:00.19 (Saving: 00:00.00)
00:05.861  render           | Rendering frame 19
00:05.861  render           | Start rendering: MORI_Assembly_Animation, 视图层
00:05.861  render           | Engine: EEVEE
00:05.917  render           | Fra: 19 | Rendering 1 / 32 samples
00:06.029  render           | Fra: 19 | Rendering 25 / 32 samples
00:06.056  render           | Fra: 19 | Rendering 32 / 32 samples
00:06.068  render           | Video append frame 19
00:06.068  render           | Time: 00:00.20 (Saving: 00:00.00)
00:06.068  render           | Rendering frame 20
00:06.068  render           | Start rendering: MORI_Assembly_Animation, 视图层
00:06.068  render           | Engine: EEVEE
00:06.113  render           | Fra: 20 | Rendering 1 / 32 samples
00:06.221  render           | Fra: 20 | Rendering 25 / 32 samples
00:06.249  render           | Fra: 20 | Rendering 32 / 32 samples
00:06.259  render           | Video append frame 20
00:06.259  render           | Time: 00:00.19 (Saving: 00:00.00)
00:06.259  render           | Rendering frame 21
00:06.259  render           | Start rendering: MORI_Assembly_Animation, 视图层
00:06.259  render           | Engine: EEVEE
00:06.306  render           | Fra: 21 | Rendering 1 / 32 samples
00:06.410  render           | Fra: 21 | Rendering 25 / 32 samples
00:06.441  render           | Fra: 21 | Rendering 32 / 32 samples
00:06.450  render           | Video append frame 21
00:06.450  render           | Time: 00:00.19 (Saving: 00:00.00)
00:06.450  render           | Rendering frame 22
00:06.450  render           | Start rendering: MORI_Assembly_Animation, 视图层
00:06.450  render           | Engine: EEVEE
00:06.501  render           | Fra: 22 | Rendering 1 / 32 samples
00:06.604  render           | Fra: 22 | Rendering 25 / 32 samples
00:06.633  render           | Fra: 22 | Rendering 32 / 32 samples
00:06.641  render           | Video append frame 22
00:06.641  render           | Time: 00:00.19 (Saving: 00:00.00)
00:06.641  render           | Rendering frame 23
00:06.641  render           | Start rendering: MORI_Assembly_Animation, 视图层
00:06.641  render           | Engine: EEVEE
00:06.687  render           | Fra: 23 | Rendering 1 / 32 samples
00:06.789  render           | Fra: 23 | Rendering 25 / 32 samples
00:06.819  render           | Fra: 23 | Rendering 32 / 32 samples
00:06.831  render           | Video append frame 23
00:06.831  render           | Time: 00:00.19 (Saving: 00:00.00)
00:06.831  render           | Rendering frame 24
00:06.831  render           | Start rendering: MORI_Assembly_Animation, 视图层
00:06.831  render           | Engine: EEVEE
00:06.871  render           | Fra: 24 | Rendering 1 / 32 samples
00:06.966  render           | Fra: 24 | Rendering 25 / 32 samples
00:06.994  render           | Fra: 24 | Rendering 32 / 32 samples
00:07.002  render           | Video append frame 24
00:07.002  render           | Time: 00:00.17 (Saving: 00:00.00)
00:07.002  render           | Rendering frame 25
00:07.002  render           | Start rendering: MORI_Assembly_Animation, 视图层
00:07.002  render           | Engine: EEVEE
00:07.037  render           | Fra: 25 | Rendering 1 / 32 samples
00:07.134  render           | Fra: 25 | Rendering 25 / 32 samples
00:07.162  render           | Fra: 25 | Rendering 32 / 32 samples
00:07.171  render           | Video append frame 25
00:07.171  render           | Time: 00:00.16 (Saving: 00:00.00)
00:07.171  render           | Rendering frame 26
00:07.171  render           | Start rendering: MORI_Assembly_Animation, 视图层
00:07.171  render           | Engine: EEVEE
00:07.211  render           | Fra: 26 | Rendering 1 / 32 samples
00:07.302  render           | Fra: 26 | Rendering 25 / 32 samples
00:07.327  render           | Fra: 26 | Rendering 32 / 32 samples
00:07.335  render           | Video append frame 26
00:07.335  render           | Time: 00:00.16 (Saving: 00:00.00)
00:07.335  render           | Rendering frame 27
00:07.335  render           | Start rendering: MORI_Assembly_Animation, 视图层
00:07.335  render           | Engine: EEVEE
00:07.371  render           | Fra: 27 | Rendering 1 / 32 samples
00:07.458  render           | Fra: 27 | Rendering 25 / 32 samples
00:07.483  render           | Fra: 27 | Rendering 32 / 32 samples
00:07.491  render           | Video append frame 27
00:07.491  render           | Time: 00:00.15 (Saving: 00:00.00)
00:07.491  render           | Rendering frame 28
00:07.491  render           | Start rendering: MORI_Assembly_Animation, 视图层
00:07.491  render           | Engine: EEVEE
00:07.525  render           | Fra: 28 | Rendering 1 / 32 samples
00:07.612  render           | Fra: 28 | Rendering 25 / 32 samples
00:07.637  render           | Fra: 28 | Rendering 32 / 32 samples
00:07.645  render           | Video append frame 28
00:07.645  render           | Time: 00:00.15 (Saving: 00:00.00)
00:07.645  render           | Rendering frame 29
00:07.645  render           | Start rendering: MORI_Assembly_Animation, 视图层
00:07.645  render           | Engine: EEVEE
00:07.678  render           | Fra: 29 | Rendering 1 / 32 samples
00:07.771  render           | Fra: 29 | Rendering 25 / 32 samples
00:07.801  render           | Fra: 29 | Rendering 32 / 32 samples
00:07.819  render           | Video append frame 29
00:07.819  render           | Time: 00:00.17 (Saving: 00:00.01)
00:07.819  render           | Rendering frame 30
00:07.819  render           | Start rendering: MORI_Assembly_Animation, 视图层
00:07.819  render           | Engine: EEVEE
00:07.859  render           | Fra: 30 | Rendering 1 / 32 samples
00:07.960  render           | Fra: 30 | Rendering 25 / 32 samples
00:07.986  render           | Fra: 30 | Rendering 32 / 32 samples
00:08.021  render           | Video append frame 30
00:08.021  render           | Time: 00:00.20 (Saving: 00:00.02)
00:08.021  render           | Rendering frame 31
00:08.021  render           | Start rendering: MORI_Assembly_Animation, 视图层
00:08.021  render           | Engine: EEVEE
00:08.060  render           | Fra: 31 | Rendering 1 / 32 samples
00:08.160  render           | Fra: 31 | Rendering 25 / 32 samples
00:08.186  render           | Fra: 31 | Rendering 32 / 32 samples
00:08.210  render           | Video append frame 31
00:08.210  render           | Time: 00:00.18 (Saving: 00:00.01)
00:08.210  render           | Rendering frame 32
00:08.210  render           | Start rendering: MORI_Assembly_Animation, 视图层
00:08.210  render           | Engine: EEVEE
00:08.243  render           | Fra: 32 | Rendering 1 / 32 samples
00:08.344  render           | Fra: 32 | Rendering 25 / 32 samples
00:08.372  render           | Fra: 32 | Rendering 32 / 32 samples
00:08.397  render           | Video append frame 32
00:08.397  render           | Time: 00:00.18 (Saving: 00:00.02)
00:08.397  render           | Rendering frame 33
00:08.397  render           | Start rendering: MORI_Assembly_Animation, 视图层
00:08.397  render           | Engine: EEVEE
00:08.435  render           | Fra: 33 | Rendering 1 / 32 samples
00:08.536  render           | Fra: 33 | Rendering 25 / 32 samples
00:08.565  render           | Fra: 33 | Rendering 32 / 32 samples
00:08.584  render           | Video append frame 33
00:08.584  render           | Time: 00:00.18 (Saving: 00:00.01)
00:08.584  render           | Rendering frame 34
00:08.584  render           | Start rendering: MORI_Assembly_Animation, 视图层
00:08.584  render           | Engine: EEVEE
00:08.625  render           | Fra: 34 | Rendering 1 / 32 samples
00:08.726  render           | Fra: 34 | Rendering 25 / 32 samples
00:08.752  render           | Fra: 34 | Rendering 32 / 32 samples
00:08.782  render           | Video append frame 34
00:08.782  render           | Time: 00:00.19 (Saving: 00:00.02)
00:08.782  render           | Rendering frame 35
00:08.782  render           | Start rendering: MORI_Assembly_Animation, 视图层
00:08.782  render           | Engine: EEVEE
00:08.820  render           | Fra: 35 | Rendering 1 / 32 samples
00:08.922  render           | Fra: 35 | Rendering 25 / 32 samples
00:08.951  render           | Fra: 35 | Rendering 32 / 32 samples
00:08.988  render           | Video append frame 35
00:08.988  render           | Time: 00:00.20 (Saving: 00:00.02)
00:08.988  render           | Rendering frame 36
00:08.988  render           | Start rendering: MORI_Assembly_Animation, 视图层
00:08.988  render           | Engine: EEVEE
00:09.028  render           | Fra: 36 | Rendering 1 / 32 samples
00:09.131  render           | Fra: 36 | Rendering 25 / 32 samples
00:09.160  render           | Fra: 36 | Rendering 32 / 32 samples
00:09.188  render           | Video append frame 36
00:09.188  render           | Time: 00:00.19 (Saving: 00:00.01)
00:09.188  render           | Rendering frame 37
00:09.188  render           | Start rendering: MORI_Assembly_Animation, 视图层
00:09.188  render           | Engine: EEVEE
00:09.231  render           | Fra: 37 | Rendering 1 / 32 samples
00:09.335  render           | Fra: 37 | Rendering 25 / 32 samples
00:09.366  render           | Fra: 37 | Rendering 32 / 32 samples
00:09.398  render           | Video append frame 37
00:09.398  render           | Time: 00:00.20 (Saving: 00:00.01)
00:09.398  render           | Rendering frame 38
00:09.398  render           | Start rendering: MORI_Assembly_Animation, 视图层
00:09.398  render           | Engine: EEVEE
00:09.444  render           | Fra: 38 | Rendering 1 / 32 samples
00:09.546  render           | Fra: 38 | Rendering 25 / 32 samples
00:09.576  render           | Fra: 38 | Rendering 32 / 32 samples
00:09.613  render           | Video append frame 38
00:09.613  render           | Time: 00:00.21 (Saving: 00:00.02)
00:09.613  render           | Rendering frame 39
00:09.614  render           | Start rendering: MORI_Assembly_Animation, 视图层
00:09.614  render           | Engine: EEVEE
00:09.656  render           | Fra: 39 | Rendering 1 / 32 samples
00:09.764  render           | Fra: 39 | Rendering 25 / 32 samples
00:09.798  render           | Fra: 39 | Rendering 32 / 32 samples
00:09.820  render           | Video append frame 39
00:09.820  render           | Time: 00:00.20 (Saving: 00:00.01)
00:09.820  render           | Rendering frame 40
00:09.820  render           | Start rendering: MORI_Assembly_Animation, 视图层
00:09.820  render           | Engine: EEVEE
00:09.863  render           | Fra: 40 | Rendering 1 / 32 samples
00:09.975  render           | Fra: 40 | Rendering 25 / 32 samples
00:10.010  render           | Fra: 40 | Rendering 32 / 32 samples
00:10.044  render           | Video append frame 40
00:10.044  render           | Time: 00:00.22 (Saving: 00:00.03)
00:10.044  render           | Rendering frame 41
00:10.045  render           | Start rendering: MORI_Assembly_Animation, 视图层
00:10.045  render           | Engine: EEVEE
00:10.103  render           | Fra: 41 | Rendering 1 / 32 samples
00:10.215  render           | Fra: 41 | Rendering 25 / 32 samples
00:10.246  render           | Fra: 41 | Rendering 32 / 32 samples
00:10.271  render           | Video append frame 41
00:10.271  render           | Time: 00:00.22 (Saving: 00:00.02)
00:10.271  render           | Rendering frame 42
00:10.272  render           | Start rendering: MORI_Assembly_Animation, 视图层
00:10.272  render           | Engine: EEVEE
00:10.322  render           | Fra: 42 | Rendering 1 / 32 samples
00:10.431  render           | Fra: 42 | Rendering 25 / 32 samples
00:10.464  render           | Fra: 42 | Rendering 32 / 32 samples
00:10.477  render           | Video append frame 42
00:10.477  render           | Time: 00:00.20 (Saving: 00:00.00)
00:10.481  render           | Rendering frame 43
00:10.481  render           | Start rendering: MORI_Assembly_Animation, 视图层
00:10.481  render           | Engine: EEVEE
00:10.581  render           | Fra: 43 | Rendering 1 / 32 samples
00:10.708  render           | Fra: 43 | Rendering 25 / 32 samples
00:10.744  render           | Fra: 43 | Rendering 32 / 32 samples
00:10.755  render           | Video append frame 43
00:10.756  render           | Time: 00:00.27 (Saving: 00:00.00)
00:10.756  render           | Rendering frame 44
00:10.756  render           | Start rendering: MORI_Assembly_Animation, 视图层
00:10.756  render           | Engine: EEVEE
00:10.804  render           | Fra: 44 | Rendering 1 / 32 samples
00:10.914  render           | Fra: 44 | Rendering 25 / 32 samples
00:10.947  render           | Fra: 44 | Rendering 32 / 32 samples
00:10.958  render           | Video append frame 44
00:10.958  render           | Time: 00:00.20 (Saving: 00:00.00)
00:10.958  render           | Rendering frame 45
00:10.958  render           | Start rendering: MORI_Assembly_Animation, 视图层
00:10.958  render           | Engine: EEVEE
00:11.017  render           | Fra: 45 | Rendering 1 / 32 samples
00:11.134  render           | Fra: 45 | Rendering 25 / 32 samples
00:11.169  render           | Fra: 45 | Rendering 32 / 32 samples
00:11.185  render           | Video append frame 45
00:11.185  render           | Time: 00:00.22 (Saving: 00:00.01)
00:11.185  render           | Rendering frame 46
00:11.186  render           | Start rendering: MORI_Assembly_Animation, 视图层
00:11.186  render           | Engine: EEVEE
00:11.241  render           | Fra: 46 | Rendering 1 / 32 samples
00:11.352  render           | Fra: 46 | Rendering 25 / 32 samples
00:11.393  render           | Fra: 46 | Rendering 32 / 32 samples
00:11.405  render           | Video append frame 46
00:11.405  render           | Time: 00:00.21 (Saving: 00:00.00)
00:11.405  render           | Rendering frame 47
00:11.405  render           | Start rendering: MORI_Assembly_Animation, 视图层
00:11.405  render           | Engine: EEVEE
00:11.456  render           | Fra: 47 | Rendering 1 / 32 samples
00:11.569  render           | Fra: 47 | Rendering 25 / 32 samples
00:11.602  render           | Fra: 47 | Rendering 32 / 32 samples
00:11.613  render           | Video append frame 47
00:11.614  render           | Time: 00:00.20 (Saving: 00:00.00)
00:11.614  render           | Rendering frame 48
00:11.614  render           | Start rendering: MORI_Assembly_Animation, 视图层
00:11.614  render           | Engine: EEVEE
00:11.664  render           | Fra: 48 | Rendering 1 / 32 samples
00:11.779  render           | Fra: 48 | Rendering 25 / 32 samples
00:11.810  render           | Fra: 48 | Rendering 32 / 32 samples
00:11.823  render           | Video append frame 48
00:11.823  render           | Time: 00:00.20 (Saving: 00:00.00)
00:11.823  render           | Rendering frame 49
00:11.823  render           | Start rendering: MORI_Assembly_Animation, 视图层
00:11.823  render           | Engine: EEVEE
00:11.883  render           | Fra: 49 | Rendering 1 / 32 samples
00:12.002  render           | Fra: 49 | Rendering 25 / 32 samples
00:12.032  render           | Fra: 49 | Rendering 32 / 32 samples
00:12.042  render           | Video append frame 49
00:12.042  render           | Time: 00:00.21 (Saving: 00:00.00)
00:12.042  render           | Rendering frame 50
00:12.043  render           | Start rendering: MORI_Assembly_Animation, 视图层
00:12.043  render           | Engine: EEVEE
00:12.096  render           | Fra: 50 | Rendering 1 / 32 samples
00:12.201  render           | Fra: 50 | Rendering 25 / 32 samples
00:12.232  render           | Fra: 50 | Rendering 32 / 32 samples
00:12.248  render           | Video append frame 50
00:12.248  render           | Time: 00:00.20 (Saving: 00:00.01)
00:12.248  render           | Rendering frame 51
00:12.248  render           | Start rendering: MORI_Assembly_Animation, 视图层
00:12.248  render           | Engine: EEVEE
00:12.299  render           | Fra: 51 | Rendering 1 / 32 samples
00:12.404  render           | Fra: 51 | Rendering 25 / 32 samples
00:12.439  render           | Fra: 51 | Rendering 32 / 32 samples
00:12.476  render           | Video append frame 51
00:12.476  render           | Time: 00:00.22 (Saving: 00:00.03)
00:12.476  render           | Rendering frame 52
00:12.476  render           | Start rendering: MORI_Assembly_Animation, 视图层
00:12.476  render           | Engine: EEVEE
00:12.580  render           | Fra: 52 | Rendering 1 / 32 samples
00:12.698  render           | Fra: 52 | Rendering 25 / 32 samples
00:12.727  render           | Fra: 52 | Rendering 32 / 32 samples
00:12.763  render           | Video append frame 52
00:12.763  render           | Time: 00:00.28 (Saving: 00:00.02)
00:12.763  render           | Rendering frame 53
00:12.763  render           | Start rendering: MORI_Assembly_Animation, 视图层
00:12.763  render           | Engine: EEVEE
00:12.815  render           | Fra: 53 | Rendering 1 / 32 samples
00:12.941  render           | Fra: 53 | Rendering 25 / 32 samples
00:12.980  render           | Fra: 53 | Rendering 32 / 32 samples
00:12.993  render           | Video append frame 53
00:12.993  render           | Time: 00:00.22 (Saving: 00:00.01)
00:12.993  render           | Rendering frame 54
00:12.993  render           | Start rendering: MORI_Assembly_Animation, 视图层
00:12.993  render           | Engine: EEVEE
00:13.045  render           | Fra: 54 | Rendering 1 / 32 samples
00:13.179  render           | Fra: 54 | Rendering 25 / 32 samples
00:13.217  render           | Fra: 54 | Rendering 32 / 32 samples
00:13.230  render           | Video append frame 54
00:13.230  render           | Time: 00:00.23 (Saving: 00:00.00)
00:13.230  render           | Rendering frame 55
00:13.230  render           | Start rendering: MORI_Assembly_Animation, 视图层
00:13.230  render           | Engine: EEVEE
00:13.279  render           | Fra: 55 | Rendering 1 / 32 samples
00:13.413  render           | Fra: 55 | Rendering 25 / 32 samples
00:13.449  render           | Fra: 55 | Rendering 32 / 32 samples
00:13.460  render           | Video append frame 55
00:13.460  render           | Time: 00:00.23 (Saving: 00:00.00)
00:13.460  render           | Rendering frame 56
00:13.460  render           | Start rendering: MORI_Assembly_Animation, 视图层
00:13.460  render           | Engine: EEVEE
00:13.506  render           | Fra: 56 | Rendering 1 / 32 samples
00:13.636  render           | Fra: 56 | Rendering 25 / 32 samples
00:13.673  render           | Fra: 56 | Rendering 32 / 32 samples
00:13.684  render           | Video append frame 56
00:13.684  render           | Time: 00:00.22 (Saving: 00:00.00)
00:13.684  render           | Rendering frame 57
00:13.684  render           | Start rendering: MORI_Assembly_Animation, 视图层
00:13.684  render           | Engine: EEVEE
00:13.727  render           | Fra: 57 | Rendering 1 / 32 samples
00:13.858  render           | Fra: 57 | Rendering 25 / 32 samples
00:13.898  render           | Fra: 57 | Rendering 32 / 32 samples
00:13.907  render           | Video append frame 57
00:13.907  render           | Time: 00:00.22 (Saving: 00:00.00)
00:13.907  render           | Rendering frame 58
00:13.907  render           | Start rendering: MORI_Assembly_Animation, 视图层
00:13.907  render           | Engine: EEVEE
00:13.950  render           | Fra: 58 | Rendering 1 / 32 samples
00:14.080  render           | Fra: 58 | Rendering 25 / 32 samples
00:14.118  render           | Fra: 58 | Rendering 32 / 32 samples
00:14.157  render           | Video append frame 58
00:14.157  render           | Time: 00:00.24 (Saving: 00:00.02)
00:14.157  render           | Rendering frame 59
00:14.157  render           | Start rendering: MORI_Assembly_Animation, 视图层
00:14.157  render           | Engine: EEVEE
00:14.196  render           | Fra: 59 | Rendering 1 / 32 samples
00:14.322  render           | Fra: 59 | Rendering 25 / 32 samples
00:14.359  render           | Fra: 59 | Rendering 32 / 32 samples
00:14.378  render           | Video append frame 59
00:14.378  render           | Time: 00:00.22 (Saving: 00:00.01)
00:14.378  render           | Rendering frame 60
00:14.378  render           | Start rendering: MORI_Assembly_Animation, 视图层
00:14.378  render           | Engine: EEVEE
00:14.423  render           | Fra: 60 | Rendering 1 / 32 samples
00:14.553  render           | Fra: 60 | Rendering 25 / 32 samples
00:14.594  render           | Fra: 60 | Rendering 32 / 32 samples
00:14.616  render           | Video append frame 60
00:14.616  render           | Time: 00:00.23 (Saving: 00:00.01)
00:14.616  render           | Rendering frame 61
00:14.616  render           | Start rendering: MORI_Assembly_Animation, 视图层
00:14.616  render           | Engine: EEVEE
00:14.657  render           | Fra: 61 | Rendering 1 / 32 samples
00:14.785  render           | Fra: 61 | Rendering 25 / 32 samples
00:14.826  render           | Fra: 61 | Rendering 32 / 32 samples
00:14.853  render           | Video append frame 61
00:14.853  render           | Time: 00:00.23 (Saving: 00:00.02)
00:14.853  render           | Rendering frame 62
00:14.854  render           | Start rendering: MORI_Assembly_Animation, 视图层
00:14.854  render           | Engine: EEVEE
00:14.896  render           | Fra: 62 | Rendering 1 / 32 samples
00:15.026  render           | Fra: 62 | Rendering 25 / 32 samples
00:15.063  render           | Fra: 62 | Rendering 32 / 32 samples
00:15.098  render           | Video append frame 62
00:15.098  render           | Time: 00:00.24 (Saving: 00:00.02)
00:15.098  render           | Rendering frame 63
00:15.098  render           | Start rendering: MORI_Assembly_Animation, 视图层
00:15.098  render           | Engine: EEVEE
00:15.137  render           | Fra: 63 | Rendering 1 / 32 samples
00:15.271  render           | Fra: 63 | Rendering 25 / 32 samples
00:15.308  render           | Fra: 63 | Rendering 32 / 32 samples
00:15.335  render           | Video append frame 63
00:15.335  render           | Time: 00:00.23 (Saving: 00:00.02)
00:15.335  render           | Rendering frame 64
00:15.335  render           | Start rendering: MORI_Assembly_Animation, 视图层
00:15.335  render           | Engine: EEVEE
00:15.376  render           | Fra: 64 | Rendering 1 / 32 samples
00:15.506  render           | Fra: 64 | Rendering 25 / 32 samples
00:15.543  render           | Fra: 64 | Rendering 32 / 32 samples
00:15.562  render           | Video append frame 64
00:15.562  render           | Time: 00:00.22 (Saving: 00:00.01)
00:15.562  render           | Rendering frame 65
00:15.562  render           | Start rendering: MORI_Assembly_Animation, 视图层
00:15.563  render           | Engine: EEVEE
00:15.604  render           | Fra: 65 | Rendering 1 / 32 samples
00:15.734  render           | Fra: 65 | Rendering 25 / 32 samples
00:15.771  render           | Fra: 65 | Rendering 32 / 32 samples
00:15.800  render           | Video append frame 65
00:15.800  render           | Time: 00:00.23 (Saving: 00:00.02)
00:15.800  render           | Rendering frame 66
00:15.801  render           | Start rendering: MORI_Assembly_Animation, 视图层
00:15.801  render           | Engine: EEVEE
00:15.843  render           | Fra: 66 | Rendering 1 / 32 samples
00:15.975  render           | Fra: 66 | Rendering 25 / 32 samples
00:16.011  render           | Fra: 66 | Rendering 32 / 32 samples
00:16.044  render           | Video append frame 66
00:16.044  render           | Time: 00:00.24 (Saving: 00:00.02)
00:16.044  render           | Rendering frame 67
00:16.044  render           | Start rendering: MORI_Assembly_Animation, 视图层
00:16.044  render           | Engine: EEVEE
00:16.085  render           | Fra: 67 | Rendering 1 / 32 samples
00:16.220  render           | Fra: 67 | Rendering 25 / 32 samples
00:16.263  render           | Fra: 67 | Rendering 32 / 32 samples
00:16.278  render           | Video append frame 67
00:16.278  render           | Time: 00:00.23 (Saving: 00:00.01)
00:16.278  render           | Rendering frame 68
00:16.278  render           | Start rendering: MORI_Assembly_Animation, 视图层
00:16.278  render           | Engine: EEVEE
00:16.338  render           | Fra: 68 | Rendering 1 / 32 samples
00:16.474  render           | Fra: 68 | Rendering 25 / 32 samples
00:16.510  render           | Fra: 68 | Rendering 32 / 32 samples
00:16.520  render           | Video append frame 68
00:16.520  render           | Time: 00:00.24 (Saving: 00:00.00)
00:16.520  render           | Rendering frame 69
00:16.520  render           | Start rendering: MORI_Assembly_Animation, 视图层
00:16.520  render           | Engine: EEVEE
00:16.564  render           | Fra: 69 | Rendering 1 / 32 samples
00:16.695  render           | Fra: 69 | Rendering 25 / 32 samples
00:16.733  render           | Fra: 69 | Rendering 32 / 32 samples
00:16.742  render           | Video append frame 69
00:16.742  render           | Time: 00:00.22 (Saving: 00:00.00)
00:16.742  render           | Rendering frame 70
00:16.742  render           | Start rendering: MORI_Assembly_Animation, 视图层
00:16.742  render           | Engine: EEVEE
00:16.790  render           | Fra: 70 | Rendering 1 / 32 samples
00:16.918  render           | Fra: 70 | Rendering 25 / 32 samples
00:16.958  render           | Fra: 70 | Rendering 32 / 32 samples
00:16.968  render           | Video append frame 70
00:16.969  render           | Time: 00:00.22 (Saving: 00:00.00)
00:16.969  render           | Rendering frame 71
00:16.969  render           | Start rendering: MORI_Assembly_Animation, 视图层
00:16.969  render           | Engine: EEVEE
00:17.017  render           | Fra: 71 | Rendering 1 / 32 samples
00:17.147  render           | Fra: 71 | Rendering 25 / 32 samples
00:17.184  render           | Fra: 71 | Rendering 32 / 32 samples
00:17.193  render           | Video append frame 71
00:17.193  render           | Time: 00:00.22 (Saving: 00:00.00)
00:17.193  render           | Rendering frame 72
00:17.194  render           | Start rendering: MORI_Assembly_Animation, 视图层
00:17.194  render           | Engine: EEVEE
00:17.234  render           | Fra: 72 | Rendering 1 / 32 samples
00:17.367  render           | Fra: 72 | Rendering 25 / 32 samples
00:17.405  render           | Fra: 72 | Rendering 32 / 32 samples
00:17.414  render           | Video append frame 72
00:17.414  render           | Time: 00:00.22 (Saving: 00:00.00)
00:17.414  render           | Rendering frame 73
00:17.414  render           | Start rendering: MORI_Assembly_Animation, 视图层
00:17.414  render           | Engine: EEVEE
00:17.459  render           | Fra: 73 | Rendering 1 / 32 samples
00:17.596  render           | Fra: 73 | Rendering 25 / 32 samples
00:17.636  render           | Fra: 73 | Rendering 32 / 32 samples
00:17.646  render           | Video append frame 73
00:17.646  render           | Time: 00:00.23 (Saving: 00:00.00)
00:17.646  render           | Rendering frame 74
00:17.646  render           | Start rendering: MORI_Assembly_Animation, 视图层
00:17.646  render           | Engine: EEVEE
00:17.692  render           | Fra: 74 | Rendering 1 / 32 samples
00:17.821  render           | Fra: 74 | Rendering 25 / 32 samples
00:17.862  render           | Fra: 74 | Rendering 32 / 32 samples
00:17.872  render           | Video append frame 74
00:17.872  render           | Time: 00:00.22 (Saving: 00:00.00)
00:17.872  render           | Rendering frame 75
00:17.872  render           | Start rendering: MORI_Assembly_Animation, 视图层
00:17.872  render           | Engine: EEVEE
00:17.919  render           | Fra: 75 | Rendering 1 / 32 samples
00:18.053  render           | Fra: 75 | Rendering 25 / 32 samples
00:18.095  render           | Fra: 75 | Rendering 32 / 32 samples
00:18.106  render           | Video append frame 75
00:18.106  render           | Time: 00:00.23 (Saving: 00:00.00)
00:18.106  render           | Rendering frame 76
00:18.106  render           | Start rendering: MORI_Assembly_Animation, 视图层
00:18.106  render           | Engine: EEVEE
00:18.150  render           | Fra: 76 | Rendering 1 / 32 samples
00:18.281  render           | Fra: 76 | Rendering 25 / 32 samples
00:18.318  render           | Fra: 76 | Rendering 32 / 32 samples
00:18.328  render           | Video append frame 76
00:18.328  render           | Time: 00:00.22 (Saving: 00:00.00)
00:18.328  render           | Rendering frame 77
00:18.329  render           | Start rendering: MORI_Assembly_Animation, 视图层
00:18.329  render           | Engine: EEVEE
00:18.369  render           | Fra: 77 | Rendering 1 / 32 samples
00:18.495  render           | Fra: 77 | Rendering 25 / 32 samples
00:18.532  render           | Fra: 77 | Rendering 32 / 32 samples
00:18.540  render           | Video append frame 77
00:18.540  render           | Time: 00:00.21 (Saving: 00:00.00)
00:18.540  render           | Rendering frame 78
00:18.540  render           | Start rendering: MORI_Assembly_Animation, 视图层
00:18.540  render           | Engine: EEVEE
00:18.582  render           | Fra: 78 | Rendering 1 / 32 samples
00:18.709  render           | Fra: 78 | Rendering 25 / 32 samples
00:18.744  render           | Fra: 78 | Rendering 32 / 32 samples
00:18.751  render           | Video append frame 78
00:18.751  render           | Time: 00:00.21 (Saving: 00:00.00)
00:18.751  render           | Rendering frame 79
00:18.751  render           | Start rendering: MORI_Assembly_Animation, 视图层
00:18.751  render           | Engine: EEVEE
00:18.811  render           | Fra: 79 | Rendering 1 / 32 samples
00:18.941  render           | Fra: 79 | Rendering 25 / 32 samples
00:18.976  render           | Fra: 79 | Rendering 32 / 32 samples
00:19.011  render           | Video append frame 79
00:19.011  render           | Time: 00:00.25 (Saving: 00:00.03)
00:19.011  render           | Rendering frame 80
00:19.011  render           | Start rendering: MORI_Assembly_Animation, 视图层
00:19.011  render           | Engine: EEVEE
00:19.052  render           | Fra: 80 | Rendering 1 / 32 samples
00:19.179  render           | Fra: 80 | Rendering 25 / 32 samples
00:19.216  render           | Fra: 80 | Rendering 32 / 32 samples
00:19.242  render           | Video append frame 80
00:19.243  render           | Time: 00:00.23 (Saving: 00:00.02)
00:19.243  render           | Rendering frame 81
00:19.243  render           | Start rendering: MORI_Assembly_Animation, 视图层
00:19.243  render           | Engine: EEVEE
00:19.283  render           | Fra: 81 | Rendering 1 / 32 samples
00:19.416  render           | Fra: 81 | Rendering 25 / 32 samples
00:19.453  render           | Fra: 81 | Rendering 32 / 32 samples
00:19.488  render           | Video append frame 81
00:19.488  render           | Time: 00:00.24 (Saving: 00:00.02)
00:19.488  render           | Rendering frame 82
00:19.488  render           | Start rendering: MORI_Assembly_Animation, 视图层
00:19.488  render           | Engine: EEVEE
00:19.529  render           | Fra: 82 | Rendering 1 / 32 samples
00:19.657  render           | Fra: 82 | Rendering 25 / 32 samples
00:19.696  render           | Fra: 82 | Rendering 32 / 32 samples
00:19.732  render           | Video append frame 82
00:19.732  render           | Time: 00:00.24 (Saving: 00:00.02)
00:19.732  render           | Rendering frame 83
00:19.732  render           | Start rendering: MORI_Assembly_Animation, 视图层
00:19.732  render           | Engine: EEVEE
00:19.774  render           | Fra: 83 | Rendering 1 / 32 samples
00:19.907  render           | Fra: 83 | Rendering 25 / 32 samples
00:19.942  render           | Fra: 83 | Rendering 32 / 32 samples
00:19.975  render           | Video append frame 83
00:19.975  render           | Time: 00:00.24 (Saving: 00:00.02)
00:19.975  render           | Rendering frame 84
00:19.975  render           | Start rendering: MORI_Assembly_Animation, 视图层
00:19.975  render           | Engine: EEVEE
00:20.014  render           | Fra: 84 | Rendering 1 / 32 samples
00:20.145  render           | Fra: 84 | Rendering 25 / 32 samples
00:20.182  render           | Fra: 84 | Rendering 32 / 32 samples
00:20.201  render           | Video append frame 84
00:20.201  render           | Time: 00:00.22 (Saving: 00:00.01)
00:20.201  render           | Rendering frame 85
00:20.201  render           | Start rendering: MORI_Assembly_Animation, 视图层
00:20.201  render           | Engine: EEVEE
00:20.242  render           | Fra: 85 | Rendering 1 / 32 samples
00:20.374  render           | Fra: 85 | Rendering 25 / 32 samples
00:20.411  render           | Fra: 85 | Rendering 32 / 32 samples
00:20.442  render           | Video append frame 85
00:20.442  render           | Time: 00:00.24 (Saving: 00:00.02)
00:20.442  render           | Rendering frame 86
00:20.442  render           | Start rendering: MORI_Assembly_Animation, 视图层
00:20.442  render           | Engine: EEVEE
00:20.477  render           | Fra: 86 | Rendering 1 / 32 samples
00:20.609  render           | Fra: 86 | Rendering 25 / 32 samples
00:20.647  render           | Fra: 86 | Rendering 32 / 32 samples
00:20.673  render           | Video append frame 86
00:20.673  render           | Time: 00:00.23 (Saving: 00:00.02)
00:20.673  render           | Rendering frame 87
00:20.674  render           | Start rendering: MORI_Assembly_Animation, 视图层
00:20.674  render           | Engine: EEVEE
00:20.712  render           | Fra: 87 | Rendering 1 / 32 samples
00:20.844  render           | Fra: 87 | Rendering 25 / 32 samples
00:20.880  render           | Fra: 87 | Rendering 32 / 32 samples
00:20.904  render           | Video append frame 87
00:20.905  render           | Time: 00:00.23 (Saving: 00:00.02)
00:20.905  render           | Rendering frame 88
00:20.905  render           | Start rendering: MORI_Assembly_Animation, 视图层
00:20.905  render           | Engine: EEVEE
00:20.945  render           | Fra: 88 | Rendering 1 / 32 samples
00:21.075  render           | Fra: 88 | Rendering 25 / 32 samples
00:21.111  render           | Fra: 88 | Rendering 32 / 32 samples
00:21.139  render           | Video append frame 88
00:21.139  render           | Time: 00:00.23 (Saving: 00:00.02)
00:21.139  render           | Rendering frame 89
00:21.139  render           | Start rendering: MORI_Assembly_Animation, 视图层
00:21.139  render           | Engine: EEVEE
00:21.180  render           | Fra: 89 | Rendering 1 / 32 samples
00:21.313  render           | Fra: 89 | Rendering 25 / 32 samples
00:21.351  render           | Fra: 89 | Rendering 32 / 32 samples
00:21.379  render           | Video append frame 89
00:21.379  render           | Time: 00:00.24 (Saving: 00:00.02)
00:21.379  render           | Rendering frame 90
00:21.380  render           | Start rendering: MORI_Assembly_Animation, 视图层
00:21.380  render           | Engine: EEVEE
00:21.419  render           | Fra: 90 | Rendering 1 / 32 samples
00:21.552  render           | Fra: 90 | Rendering 25 / 32 samples
00:21.594  render           | Fra: 90 | Rendering 32 / 32 samples
00:21.615  render           | Video append frame 90
00:21.615  render           | Time: 00:00.23 (Saving: 00:00.01)
00:21.615  render           | Rendering frame 91
00:21.615  render           | Start rendering: MORI_Assembly_Animation, 视图层
00:21.615  render           | Engine: EEVEE
00:21.659  render           | Fra: 91 | Rendering 1 / 32 samples
00:21.793  render           | Fra: 91 | Rendering 25 / 32 samples
00:21.831  render           | Fra: 91 | Rendering 32 / 32 samples
00:21.870  render           | Video append frame 91
00:21.870  render           | Time: 00:00.25 (Saving: 00:00.03)
00:21.870  render           | Rendering frame 92
00:21.870  render           | Start rendering: MORI_Assembly_Animation, 视图层
00:21.870  render           | Engine: EEVEE
00:21.912  render           | Fra: 92 | Rendering 1 / 32 samples
00:22.042  render           | Fra: 92 | Rendering 25 / 32 samples
00:22.080  render           | Fra: 92 | Rendering 32 / 32 samples
00:22.099  render           | Video append frame 92
00:22.099  render           | Time: 00:00.22 (Saving: 00:00.01)
00:22.099  render           | Rendering frame 93
00:22.099  render           | Start rendering: MORI_Assembly_Animation, 视图层
00:22.099  render           | Engine: EEVEE
00:22.139  render           | Fra: 93 | Rendering 1 / 32 samples
00:22.269  render           | Fra: 93 | Rendering 25 / 32 samples
00:22.304  render           | Fra: 93 | Rendering 32 / 32 samples
00:22.323  render           | Video append frame 93
00:22.323  render           | Time: 00:00.22 (Saving: 00:00.01)
00:22.323  render           | Rendering frame 94
00:22.323  render           | Start rendering: MORI_Assembly_Animation, 视图层
00:22.323  render           | Engine: EEVEE
00:22.364  render           | Fra: 94 | Rendering 1 / 32 samples
00:22.493  render           | Fra: 94 | Rendering 25 / 32 samples
00:22.533  render           | Fra: 94 | Rendering 32 / 32 samples
00:22.559  render           | Video append frame 94
00:22.559  render           | Time: 00:00.23 (Saving: 00:00.02)
00:22.559  render           | Rendering frame 95
00:22.559  render           | Start rendering: MORI_Assembly_Animation, 视图层
00:22.559  render           | Engine: EEVEE
00:22.600  render           | Fra: 95 | Rendering 1 / 32 samples
00:22.730  render           | Fra: 95 | Rendering 25 / 32 samples
00:22.765  render           | Fra: 95 | Rendering 32 / 32 samples
00:22.788  render           | Video append frame 95
00:22.788  render           | Time: 00:00.22 (Saving: 00:00.02)
00:22.788  render           | Rendering frame 96
00:22.789  render           | Start rendering: MORI_Assembly_Animation, 视图层
00:22.789  render           | Engine: EEVEE
00:22.837  render           | Fra: 96 | Rendering 1 / 32 samples
00:22.969  render           | Fra: 96 | Rendering 25 / 32 samples
00:23.005  render           | Fra: 96 | Rendering 32 / 32 samples
00:23.034  render           | Video append frame 96
00:23.034  render           | Time: 00:00.24 (Saving: 00:00.02)
00:23.034  render           | Rendering frame 97
00:23.034  render           | Start rendering: MORI_Assembly_Animation, 视图层
00:23.034  render           | Engine: EEVEE
00:23.076  render           | Fra: 97 | Rendering 1 / 32 samples
00:23.206  render           | Fra: 97 | Rendering 25 / 32 samples
00:23.243  render           | Fra: 97 | Rendering 32 / 32 samples
00:23.290  render           | Video append frame 97
00:23.290  render           | Time: 00:00.25 (Saving: 00:00.03)
00:23.290  render           | Rendering frame 98
00:23.291  render           | Start rendering: MORI_Assembly_Animation, 视图层
00:23.291  render           | Engine: EEVEE
00:23.334  render           | Fra: 98 | Rendering 1 / 32 samples
00:23.465  render           | Fra: 98 | Rendering 25 / 32 samples
00:23.503  render           | Fra: 98 | Rendering 32 / 32 samples
00:23.529  render           | Video append frame 98
00:23.529  render           | Time: 00:00.23 (Saving: 00:00.02)
00:23.529  render           | Rendering frame 99
00:23.529  render           | Start rendering: MORI_Assembly_Animation, 视图层
00:23.529  render           | Engine: EEVEE
00:23.570  render           | Fra: 99 | Rendering 1 / 32 samples
00:23.701  render           | Fra: 99 | Rendering 25 / 32 samples
00:23.738  render           | Fra: 99 | Rendering 32 / 32 samples
00:23.765  render           | Video append frame 99
00:23.765  render           | Time: 00:00.23 (Saving: 00:00.02)
00:23.765  render           | Rendering frame 100
00:23.765  render           | Start rendering: MORI_Assembly_Animation, 视图层
00:23.765  render           | Engine: EEVEE
00:23.806  render           | Fra: 100 | Rendering 1 / 32 samples
00:23.937  render           | Fra: 100 | Rendering 25 / 32 samples
00:23.974  render           | Fra: 100 | Rendering 32 / 32 samples
00:24.003  render           | Video append frame 100
00:24.003  render           | Time: 00:00.23 (Saving: 00:00.02)
00:24.003  render           | Rendering frame 101
00:24.004  render           | Start rendering: MORI_Assembly_Animation, 视图层
00:24.004  render           | Engine: EEVEE
00:24.045  render           | Fra: 101 | Rendering 1 / 32 samples
00:24.176  render           | Fra: 101 | Rendering 25 / 32 samples
00:24.214  render           | Fra: 101 | Rendering 32 / 32 samples
00:24.241  render           | Video append frame 101
00:24.242  render           | Time: 00:00.23 (Saving: 00:00.02)
00:24.242  render           | Rendering frame 102
00:24.242  render           | Start rendering: MORI_Assembly_Animation, 视图层
00:24.242  render           | Engine: EEVEE
00:24.283  render           | Fra: 102 | Rendering 1 / 32 samples
00:24.413  render           | Fra: 102 | Rendering 25 / 32 samples
00:24.451  render           | Fra: 102 | Rendering 32 / 32 samples
00:24.478  render           | Video append frame 102
00:24.478  render           | Time: 00:00.23 (Saving: 00:00.02)
00:24.479  render           | Rendering frame 103
00:24.479  render           | Start rendering: MORI_Assembly_Animation, 视图层
00:24.479  render           | Engine: EEVEE
00:24.520  render           | Fra: 103 | Rendering 1 / 32 samples
00:24.650  render           | Fra: 103 | Rendering 25 / 32 samples
00:24.690  render           | Fra: 103 | Rendering 32 / 32 samples
00:24.702  render           | Video append frame 103
00:24.702  render           | Time: 00:00.22 (Saving: 00:00.00)
00:24.702  render           | Rendering frame 104
00:24.702  render           | Start rendering: MORI_Assembly_Animation, 视图层
00:24.702  render           | Engine: EEVEE
00:24.745  render           | Fra: 104 | Rendering 1 / 32 samples
00:24.883  render           | Fra: 104 | Rendering 25 / 32 samples
00:24.920  render           | Fra: 104 | Rendering 32 / 32 samples
00:24.930  render           | Video append frame 104
00:24.930  render           | Time: 00:00.22 (Saving: 00:00.00)
00:24.930  render           | Rendering frame 105
00:24.930  render           | Start rendering: MORI_Assembly_Animation, 视图层
00:24.930  render           | Engine: EEVEE
00:24.971  render           | Fra: 105 | Rendering 1 / 32 samples
00:25.105  render           | Fra: 105 | Rendering 25 / 32 samples
00:25.146  render           | Fra: 105 | Rendering 32 / 32 samples
00:25.155  render           | Video append frame 105
00:25.155  render           | Time: 00:00.22 (Saving: 00:00.00)
00:25.155  render           | Rendering frame 106
00:25.155  render           | Start rendering: MORI_Assembly_Animation, 视图层
00:25.155  render           | Engine: EEVEE
00:25.199  render           | Fra: 106 | Rendering 1 / 32 samples
00:25.334  render           | Fra: 106 | Rendering 25 / 32 samples
00:25.372  render           | Fra: 106 | Rendering 32 / 32 samples
00:25.381  render           | Video append frame 106
00:25.381  render           | Time: 00:00.22 (Saving: 00:00.00)
00:25.381  render           | Rendering frame 107
00:25.381  render           | Start rendering: MORI_Assembly_Animation, 视图层
00:25.381  render           | Engine: EEVEE
00:25.426  render           | Fra: 107 | Rendering 1 / 32 samples
00:25.561  render           | Fra: 107 | Rendering 25 / 32 samples
00:25.600  render           | Fra: 107 | Rendering 32 / 32 samples
00:25.609  render           | Video append frame 107
00:25.609  render           | Time: 00:00.22 (Saving: 00:00.00)
00:25.609  render           | Rendering frame 108
00:25.609  render           | Start rendering: MORI_Assembly_Animation, 视图层
00:25.609  render           | Engine: EEVEE
00:25.656  render           | Fra: 108 | Rendering 1 / 32 samples
00:25.789  render           | Fra: 108 | Rendering 25 / 32 samples
00:25.828  render           | Fra: 108 | Rendering 32 / 32 samples
00:25.837  render           | Video append frame 108
00:25.837  render           | Time: 00:00.22 (Saving: 00:00.00)
00:25.837  render           | Rendering frame 109
00:25.837  render           | Start rendering: MORI_Assembly_Animation, 视图层
00:25.837  render           | Engine: EEVEE
00:25.883  render           | Fra: 109 | Rendering 1 / 32 samples
00:26.015  render           | Fra: 109 | Rendering 25 / 32 samples
00:26.057  render           | Fra: 109 | Rendering 32 / 32 samples
00:26.069  render           | Video append frame 109
00:26.069  render           | Time: 00:00.23 (Saving: 00:00.00)
00:26.069  render           | Rendering frame 110
00:26.069  render           | Start rendering: MORI_Assembly_Animation, 视图层
00:26.069  render           | Engine: EEVEE
00:26.122  render           | Fra: 110 | Rendering 1 / 32 samples
00:26.261  render           | Fra: 110 | Rendering 25 / 32 samples
00:26.301  render           | Fra: 110 | Rendering 32 / 32 samples
00:26.310  render           | Video append frame 110
00:26.310  render           | Time: 00:00.24 (Saving: 00:00.00)
00:26.310  render           | Rendering frame 111
00:26.310  render           | Start rendering: MORI_Assembly_Animation, 视图层
00:26.310  render           | Engine: EEVEE
00:26.358  render           | Fra: 111 | Rendering 1 / 32 samples
00:26.491  render           | Fra: 111 | Rendering 25 / 32 samples
00:26.530  render           | Fra: 111 | Rendering 32 / 32 samples
00:26.542  render           | Video append frame 111
00:26.542  render           | Time: 00:00.23 (Saving: 00:00.00)
00:26.542  render           | Rendering frame 112
00:26.542  render           | Start rendering: MORI_Assembly_Animation, 视图层
00:26.542  render           | Engine: EEVEE
00:26.592  render           | Fra: 112 | Rendering 1 / 32 samples
00:26.729  render           | Fra: 112 | Rendering 25 / 32 samples
00:26.768  render           | Fra: 112 | Rendering 32 / 32 samples
00:26.777  render           | Video append frame 112
00:26.777  render           | Time: 00:00.23 (Saving: 00:00.00)
00:26.777  render           | Rendering frame 113
00:26.777  render           | Start rendering: MORI_Assembly_Animation, 视图层
00:26.777  render           | Engine: EEVEE
00:26.828  render           | Fra: 113 | Rendering 1 / 32 samples
00:26.957  render           | Fra: 113 | Rendering 25 / 32 samples
00:26.995  render           | Fra: 113 | Rendering 32 / 32 samples
00:27.004  render           | Video append frame 113
00:27.004  render           | Time: 00:00.22 (Saving: 00:00.00)
00:27.004  render           | Rendering frame 114
00:27.004  render           | Start rendering: MORI_Assembly_Animation, 视图层
00:27.004  render           | Engine: EEVEE
00:27.055  render           | Fra: 114 | Rendering 1 / 32 samples
00:27.182  render           | Fra: 114 | Rendering 25 / 32 samples
00:27.220  render           | Fra: 114 | Rendering 32 / 32 samples
00:27.232  render           | Video append frame 114
00:27.232  render           | Time: 00:00.22 (Saving: 00:00.00)
00:27.232  render           | Rendering frame 115
00:27.232  render           | Start rendering: MORI_Assembly_Animation, 视图层
00:27.232  render           | Engine: EEVEE
00:27.281  render           | Fra: 115 | Rendering 1 / 32 samples
00:27.409  render           | Fra: 115 | Rendering 25 / 32 samples
00:27.445  render           | Fra: 115 | Rendering 32 / 32 samples
00:27.453  render           | Video append frame 115
00:27.453  render           | Time: 00:00.22 (Saving: 00:00.00)
00:27.453  render           | Rendering frame 116
00:27.453  render           | Start rendering: MORI_Assembly_Animation, 视图层
00:27.453  render           | Engine: EEVEE
00:27.498  render           | Fra: 116 | Rendering 1 / 32 samples
00:27.628  render           | Fra: 116 | Rendering 25 / 32 samples
00:27.667  render           | Fra: 116 | Rendering 32 / 32 samples
00:27.676  render           | Video append frame 116
00:27.676  render           | Time: 00:00.22 (Saving: 00:00.00)
00:27.676  render           | Rendering frame 117
00:27.676  render           | Start rendering: MORI_Assembly_Animation, 视图层
00:27.676  render           | Engine: EEVEE
00:27.719  render           | Fra: 117 | Rendering 1 / 32 samples
00:27.847  render           | Fra: 117 | Rendering 25 / 32 samples
00:27.885  render           | Fra: 117 | Rendering 32 / 32 samples
00:27.927  render           | Video append frame 117
00:27.927  render           | Time: 00:00.25 (Saving: 00:00.03)
00:27.927  render           | Rendering frame 118
00:27.927  render           | Start rendering: MORI_Assembly_Animation, 视图层
00:27.927  render           | Engine: EEVEE
00:27.964  render           | Fra: 118 | Rendering 1 / 32 samples
00:28.093  render           | Fra: 118 | Rendering 25 / 32 samples
00:28.132  render           | Fra: 118 | Rendering 32 / 32 samples
00:28.159  render           | Video append frame 118
00:28.159  render           | Time: 00:00.23 (Saving: 00:00.01)
00:28.159  render           | Rendering frame 119
00:28.159  render           | Start rendering: MORI_Assembly_Animation, 视图层
00:28.159  render           | Engine: EEVEE
00:28.196  render           | Fra: 119 | Rendering 1 / 32 samples
00:28.326  render           | Fra: 119 | Rendering 25 / 32 samples
00:28.364  render           | Fra: 119 | Rendering 32 / 32 samples
00:28.391  render           | Video append frame 119
00:28.391  render           | Time: 00:00.23 (Saving: 00:00.02)
00:28.391  render           | Rendering frame 120
00:28.392  render           | Start rendering: MORI_Assembly_Animation, 视图层
00:28.392  render           | Engine: EEVEE
00:28.431  render           | Fra: 120 | Rendering 1 / 32 samples
00:28.560  render           | Fra: 120 | Rendering 25 / 32 samples
00:28.599  render           | Fra: 120 | Rendering 32 / 32 samples
00:28.639  render           | Video append frame 120
00:28.639  render           | Time: 00:00.24 (Saving: 00:00.03)
00:28.639  render           | Rendering frame 121
00:28.639  render           | Start rendering: MORI_Assembly_Animation, 视图层
00:28.639  render           | Engine: EEVEE
00:28.677  render           | Fra: 121 | Rendering 1 / 32 samples
00:28.809  render           | Fra: 121 | Rendering 25 / 32 samples
00:28.845  render           | Fra: 121 | Rendering 32 / 32 samples
00:28.879  render           | Video append frame 121
00:28.879  render           | Time: 00:00.24 (Saving: 00:00.03)
00:28.879  render           | Rendering frame 122
00:28.880  render           | Start rendering: MORI_Assembly_Animation, 视图层
00:28.880  render           | Engine: EEVEE
00:28.919  render           | Fra: 122 | Rendering 1 / 32 samples
00:29.051  render           | Fra: 122 | Rendering 25 / 32 samples
00:29.093  render           | Fra: 122 | Rendering 32 / 32 samples
00:29.126  render           | Video append frame 122
00:29.126  render           | Time: 00:00.24 (Saving: 00:00.02)
00:29.126  render           | Rendering frame 123
00:29.126  render           | Start rendering: MORI_Assembly_Animation, 视图层
00:29.126  render           | Engine: EEVEE
00:29.165  render           | Fra: 123 | Rendering 1 / 32 samples
00:29.298  render           | Fra: 123 | Rendering 25 / 32 samples
00:29.335  render           | Fra: 123 | Rendering 32 / 32 samples
00:29.364  render           | Video append frame 123
00:29.364  render           | Time: 00:00.23 (Saving: 00:00.02)
00:29.364  render           | Rendering frame 124
00:29.365  render           | Start rendering: MORI_Assembly_Animation, 视图层
00:29.365  render           | Engine: EEVEE
00:29.404  render           | Fra: 124 | Rendering 1 / 32 samples
00:29.537  render           | Fra: 124 | Rendering 25 / 32 samples
00:29.574  render           | Fra: 124 | Rendering 32 / 32 samples
00:29.601  render           | Video append frame 124
00:29.601  render           | Time: 00:00.23 (Saving: 00:00.02)
00:29.601  render           | Rendering frame 125
00:29.601  render           | Start rendering: MORI_Assembly_Animation, 视图层
00:29.601  render           | Engine: EEVEE
00:29.642  render           | Fra: 125 | Rendering 1 / 32 samples
00:29.776  render           | Fra: 125 | Rendering 25 / 32 samples
00:29.813  render           | Fra: 125 | Rendering 32 / 32 samples
00:29.837  render           | Video append frame 125
00:29.837  render           | Time: 00:00.23 (Saving: 00:00.02)
00:29.838  render           | Rendering frame 126
00:29.838  render           | Start rendering: MORI_Assembly_Animation, 视图层
00:29.838  render           | Engine: EEVEE
00:29.879  render           | Fra: 126 | Rendering 1 / 32 samples
00:30.015  render           | Fra: 126 | Rendering 25 / 32 samples
00:30.054  render           | Fra: 126 | Rendering 32 / 32 samples
00:30.066  render           | Video append frame 126
00:30.066  render           | Time: 00:00.22 (Saving: 00:00.00)
00:30.066  render           | Rendering frame 127
00:30.066  render           | Start rendering: MORI_Assembly_Animation, 视图层
00:30.066  render           | Engine: EEVEE
00:30.115  render           | Fra: 127 | Rendering 1 / 32 samples
00:30.249  render           | Fra: 127 | Rendering 25 / 32 samples
00:30.287  render           | Fra: 127 | Rendering 32 / 32 samples
00:30.301  render           | Video append frame 127
00:30.301  render           | Time: 00:00.23 (Saving: 00:00.00)
00:30.301  render           | Rendering frame 128
00:30.301  render           | Start rendering: MORI_Assembly_Animation, 视图层
00:30.301  render           | Engine: EEVEE
00:30.342  render           | Fra: 128 | Rendering 1 / 32 samples
00:30.477  render           | Fra: 128 | Rendering 25 / 32 samples
00:30.516  render           | Fra: 128 | Rendering 32 / 32 samples
00:30.525  render           | Video append frame 128
00:30.525  render           | Time: 00:00.22 (Saving: 00:00.00)
00:30.525  render           | Rendering frame 129
00:30.525  render           | Start rendering: MORI_Assembly_Animation, 视图层
00:30.525  render           | Engine: EEVEE
00:30.570  render           | Fra: 129 | Rendering 1 / 32 samples
00:30.706  render           | Fra: 129 | Rendering 25 / 32 samples
00:30.744  render           | Fra: 129 | Rendering 32 / 32 samples
00:30.753  render           | Video append frame 129
00:30.753  render           | Time: 00:00.22 (Saving: 00:00.00)
00:30.753  render           | Rendering frame 130
00:30.753  render           | Start rendering: MORI_Assembly_Animation, 视图层
00:30.753  render           | Engine: EEVEE
00:30.798  render           | Fra: 130 | Rendering 1 / 32 samples
00:30.933  render           | Fra: 130 | Rendering 25 / 32 samples
00:30.971  render           | Fra: 130 | Rendering 32 / 32 samples
00:30.982  render           | Video append frame 130
00:30.982  render           | Time: 00:00.22 (Saving: 00:00.00)
00:30.982  render           | Rendering frame 131
00:30.982  render           | Start rendering: MORI_Assembly_Animation, 视图层
00:30.982  render           | Engine: EEVEE
00:31.030  render           | Fra: 131 | Rendering 1 / 32 samples
00:31.161  render           | Fra: 131 | Rendering 25 / 32 samples
00:31.200  render           | Fra: 131 | Rendering 32 / 32 samples
00:31.208  render           | Video append frame 131
00:31.209  render           | Time: 00:00.22 (Saving: 00:00.00)
00:31.209  render           | Rendering frame 132
00:31.209  render           | Start rendering: MORI_Assembly_Animation, 视图层
00:31.209  render           | Engine: EEVEE
00:31.281  render           | Fra: 132 | Rendering 1 / 32 samples
00:31.420  render           | Fra: 132 | Rendering 25 / 32 samples
00:31.461  render           | Fra: 132 | Rendering 32 / 32 samples
00:31.472  render           | Video append frame 132
00:31.472  render           | Time: 00:00.26 (Saving: 00:00.00)
00:31.472  render           | Rendering frame 133
00:31.472  render           | Start rendering: MORI_Assembly_Animation, 视图层
00:31.472  render           | Engine: EEVEE
00:31.518  render           | Fra: 133 | Rendering 1 / 32 samples
00:31.653  render           | Fra: 133 | Rendering 25 / 32 samples
00:31.694  render           | Fra: 133 | Rendering 32 / 32 samples
00:31.712  render           | Video append frame 133
00:31.713  render           | Time: 00:00.24 (Saving: 00:00.00)
00:31.713  render           | Rendering frame 134
00:31.713  render           | Start rendering: MORI_Assembly_Animation, 视图层
00:31.713  render           | Engine: EEVEE
00:31.768  render           | Fra: 134 | Rendering 1 / 32 samples
00:31.904  render           | Fra: 134 | Rendering 25 / 32 samples
00:31.943  render           | Fra: 134 | Rendering 32 / 32 samples
00:31.956  render           | Video append frame 134
00:31.956  render           | Time: 00:00.24 (Saving: 00:00.00)
00:31.956  render           | Rendering frame 135
00:31.956  render           | Start rendering: MORI_Assembly_Animation, 视图层
00:31.957  render           | Engine: EEVEE
00:32.007  render           | Fra: 135 | Rendering 1 / 32 samples
00:32.139  render           | Fra: 135 | Rendering 25 / 32 samples
00:32.175  render           | Fra: 135 | Rendering 32 / 32 samples
00:32.184  render           | Video append frame 135
00:32.184  render           | Time: 00:00.22 (Saving: 00:00.00)
00:32.184  render           | Rendering frame 136
00:32.184  render           | Start rendering: MORI_Assembly_Animation, 视图层
00:32.184  render           | Engine: EEVEE
00:32.231  render           | Fra: 136 | Rendering 1 / 32 samples
00:32.353  render           | Fra: 136 | Rendering 25 / 32 samples
00:32.390  render           | Fra: 136 | Rendering 32 / 32 samples
00:32.400  render           | Video append frame 136
00:32.400  render           | Time: 00:00.21 (Saving: 00:00.00)
00:32.400  render           | Rendering frame 137
00:32.400  render           | Start rendering: MORI_Assembly_Animation, 视图层
00:32.400  render           | Engine: EEVEE
00:32.444  render           | Fra: 137 | Rendering 1 / 32 samples
00:32.576  render           | Fra: 137 | Rendering 25 / 32 samples
00:32.613  render           | Fra: 137 | Rendering 32 / 32 samples
00:32.645  render           | Video append frame 137
00:32.645  render           | Time: 00:00.24 (Saving: 00:00.01)
00:32.645  render           | Rendering frame 138
00:32.645  render           | Start rendering: MORI_Assembly_Animation, 视图层
00:32.645  render           | Engine: EEVEE
00:32.683  render           | Fra: 138 | Rendering 1 / 32 samples
00:32.813  render           | Fra: 138 | Rendering 25 / 32 samples
00:32.851  render           | Fra: 138 | Rendering 32 / 32 samples
00:32.873  render           | Video append frame 138
00:32.873  render           | Time: 00:00.22 (Saving: 00:00.01)
00:32.873  render           | Rendering frame 139
00:32.873  render           | Start rendering: MORI_Assembly_Animation, 视图层
00:32.873  render           | Engine: EEVEE
00:32.911  render           | Fra: 139 | Rendering 1 / 32 samples
00:33.042  render           | Fra: 139 | Rendering 25 / 32 samples
00:33.080  render           | Fra: 139 | Rendering 32 / 32 samples
00:33.102  render           | Video append frame 139
00:33.102  render           | Time: 00:00.22 (Saving: 00:00.01)
00:33.102  render           | Rendering frame 140
00:33.102  render           | Start rendering: MORI_Assembly_Animation, 视图层
00:33.102  render           | Engine: EEVEE
00:33.142  render           | Fra: 140 | Rendering 1 / 32 samples
00:33.275  render           | Fra: 140 | Rendering 25 / 32 samples
00:33.313  render           | Fra: 140 | Rendering 32 / 32 samples
00:33.335  render           | Video append frame 140
00:33.335  render           | Time: 00:00.23 (Saving: 00:00.01)
00:33.335  render           | Rendering frame 141
00:33.335  render           | Start rendering: MORI_Assembly_Animation, 视图层
00:33.335  render           | Engine: EEVEE
00:33.376  render           | Fra: 141 | Rendering 1 / 32 samples
00:33.506  render           | Fra: 141 | Rendering 25 / 32 samples
00:33.541  render           | Fra: 141 | Rendering 32 / 32 samples
00:33.572  render           | Video append frame 141
00:33.572  render           | Time: 00:00.23 (Saving: 00:00.02)
00:33.572  render           | Rendering frame 142
00:33.572  render           | Start rendering: MORI_Assembly_Animation, 视图层
00:33.572  render           | Engine: EEVEE
00:33.613  render           | Fra: 142 | Rendering 1 / 32 samples
00:33.746  render           | Fra: 142 | Rendering 25 / 32 samples
00:33.784  render           | Fra: 142 | Rendering 32 / 32 samples
00:33.815  render           | Video append frame 142
00:33.815  render           | Time: 00:00.24 (Saving: 00:00.02)
00:33.815  render           | Rendering frame 143
00:33.815  render           | Start rendering: MORI_Assembly_Animation, 视图层
00:33.815  render           | Engine: EEVEE
00:33.857  render           | Fra: 143 | Rendering 1 / 32 samples
00:33.986  render           | Fra: 143 | Rendering 25 / 32 samples
00:34.027  render           | Fra: 143 | Rendering 32 / 32 samples
00:34.056  render           | Video append frame 143
00:34.056  render           | Time: 00:00.24 (Saving: 00:00.02)
00:34.056  render           | Rendering frame 144
00:34.056  render           | Start rendering: MORI_Assembly_Animation, 视图层
00:34.056  render           | Engine: EEVEE
00:34.097  render           | Fra: 144 | Rendering 1 / 32 samples
00:34.226  render           | Fra: 144 | Rendering 25 / 32 samples
00:34.265  render           | Fra: 144 | Rendering 32 / 32 samples
00:34.298  render           | Video append frame 144
00:34.298  render           | Time: 00:00.24 (Saving: 00:00.02)
00:34.298  render           | Rendering frame 145
00:34.298  render           | Start rendering: MORI_Assembly_Animation, 视图层
00:34.298  render           | Engine: EEVEE
00:34.338  render           | Fra: 145 | Rendering 1 / 32 samples
00:34.470  render           | Fra: 145 | Rendering 25 / 32 samples
00:34.506  render           | Fra: 145 | Rendering 32 / 32 samples
00:34.521  render           | Video append frame 145
00:34.521  render           | Time: 00:00.22 (Saving: 00:00.01)
00:34.521  render           | Rendering frame 146
00:34.521  render           | Start rendering: MORI_Assembly_Animation, 视图层
00:34.521  render           | Engine: EEVEE
00:34.564  render           | Fra: 146 | Rendering 1 / 32 samples
00:34.701  render           | Fra: 146 | Rendering 25 / 32 samples
00:34.740  render           | Fra: 146 | Rendering 32 / 32 samples
00:34.749  render           | Video append frame 146
00:34.749  render           | Time: 00:00.22 (Saving: 00:00.00)
00:34.749  render           | Rendering frame 147
00:34.749  render           | Start rendering: MORI_Assembly_Animation, 视图层
00:34.749  render           | Engine: EEVEE
00:34.790  render           | Fra: 147 | Rendering 1 / 32 samples
00:34.918  render           | Fra: 147 | Rendering 25 / 32 samples
00:34.958  render           | Fra: 147 | Rendering 32 / 32 samples
00:34.968  render           | Video append frame 147
00:34.968  render           | Time: 00:00.21 (Saving: 00:00.00)
00:34.968  render           | Rendering frame 148
00:34.968  render           | Start rendering: MORI_Assembly_Animation, 视图层
00:34.968  render           | Engine: EEVEE
00:35.011  render           | Fra: 148 | Rendering 1 / 32 samples
00:35.143  render           | Fra: 148 | Rendering 25 / 32 samples
00:35.182  render           | Fra: 148 | Rendering 32 / 32 samples
00:35.191  render           | Video append frame 148
00:35.191  render           | Time: 00:00.22 (Saving: 00:00.00)
00:35.191  render           | Rendering frame 149
00:35.191  render           | Start rendering: MORI_Assembly_Animation, 视图层
00:35.191  render           | Engine: EEVEE
00:35.233  render           | Fra: 149 | Rendering 1 / 32 samples
00:35.366  render           | Fra: 149 | Rendering 25 / 32 samples
00:35.404  render           | Fra: 149 | Rendering 32 / 32 samples
00:35.413  render           | Video append frame 149
00:35.413  render           | Time: 00:00.22 (Saving: 00:00.00)
00:35.413  render           | Rendering frame 150
00:35.413  render           | Start rendering: MORI_Assembly_Animation, 视图层
00:35.413  render           | Engine: EEVEE
00:35.451  render           | Fra: 150 | Rendering 1 / 32 samples
00:35.586  render           | Fra: 150 | Rendering 25 / 32 samples
00:35.627  render           | Fra: 150 | Rendering 32 / 32 samples
00:35.636  render           | Video append frame 150
00:35.636  render           | Time: 00:00.22 (Saving: 00:00.00)
00:35.636  render           | Rendering frame 151
00:35.636  render           | Start rendering: MORI_Assembly_Animation, 视图层
00:35.636  render           | Engine: EEVEE
00:35.680  render           | Fra: 151 | Rendering 1 / 32 samples
00:35.810  render           | Fra: 151 | Rendering 25 / 32 samples
00:35.848  render           | Fra: 151 | Rendering 32 / 32 samples
00:35.858  render           | Video append frame 151
00:35.858  render           | Time: 00:00.22 (Saving: 00:00.00)
00:35.858  render           | Rendering frame 152
00:35.858  render           | Start rendering: MORI_Assembly_Animation, 视图层
00:35.858  render           | Engine: EEVEE
00:35.960  render           | Fra: 152 | Rendering 1 / 32 samples
00:36.101  render           | Fra: 152 | Rendering 25 / 32 samples
00:36.139  render           | Fra: 152 | Rendering 32 / 32 samples
00:36.148  render           | Video append frame 152
00:36.148  render           | Time: 00:00.29 (Saving: 00:00.00)
00:36.148  render           | Rendering frame 153
00:36.149  render           | Start rendering: MORI_Assembly_Animation, 视图层
00:36.149  render           | Engine: EEVEE
00:36.194  render           | Fra: 153 | Rendering 1 / 32 samples
00:36.328  render           | Fra: 153 | Rendering 25 / 32 samples
00:36.367  render           | Fra: 153 | Rendering 32 / 32 samples
00:36.375  render           | Video append frame 153
00:36.375  render           | Time: 00:00.22 (Saving: 00:00.00)
00:36.375  render           | Rendering frame 154
00:36.375  render           | Start rendering: MORI_Assembly_Animation, 视图层
00:36.375  render           | Engine: EEVEE
00:36.444  render           | Fra: 154 | Rendering 1 / 32 samples
00:36.577  render           | Fra: 154 | Rendering 25 / 32 samples
00:36.615  render           | Fra: 154 | Rendering 32 / 32 samples
00:36.626  render           | Video append frame 154
00:36.626  render           | Time: 00:00.25 (Saving: 00:00.00)
00:36.626  render           | Rendering frame 155
00:36.626  render           | Start rendering: MORI_Assembly_Animation, 视图层
00:36.626  render           | Engine: EEVEE
00:36.666  render           | Fra: 155 | Rendering 1 / 32 samples
00:36.800  render           | Fra: 155 | Rendering 25 / 32 samples
00:36.837  render           | Fra: 155 | Rendering 32 / 32 samples
00:36.847  render           | Video append frame 155
00:36.847  render           | Time: 00:00.22 (Saving: 00:00.00)
00:36.847  render           | Rendering frame 156
00:36.847  render           | Start rendering: MORI_Assembly_Animation, 视图层
00:36.847  render           | Engine: EEVEE
00:36.890  render           | Fra: 156 | Rendering 1 / 32 samples
00:37.019  render           | Fra: 156 | Rendering 25 / 32 samples
00:37.057  render           | Fra: 156 | Rendering 32 / 32 samples
00:37.066  render           | Video append frame 156
00:37.066  render           | Time: 00:00.21 (Saving: 00:00.00)
00:37.066  render           | Rendering frame 157
00:37.066  render           | Start rendering: MORI_Assembly_Animation, 视图层
00:37.066  render           | Engine: EEVEE
00:37.111  render           | Fra: 157 | Rendering 1 / 32 samples
00:37.242  render           | Fra: 157 | Rendering 25 / 32 samples
00:37.280  render           | Fra: 157 | Rendering 32 / 32 samples
00:37.309  render           | Video append frame 157
00:37.309  render           | Time: 00:00.24 (Saving: 00:00.02)
00:37.309  render           | Rendering frame 158
00:37.309  render           | Start rendering: MORI_Assembly_Animation, 视图层
00:37.309  render           | Engine: EEVEE
00:37.342  render           | Fra: 158 | Rendering 1 / 32 samples
00:37.473  render           | Fra: 158 | Rendering 25 / 32 samples
00:37.510  render           | Fra: 158 | Rendering 32 / 32 samples
00:37.534  render           | Video append frame 158
00:37.534  render           | Time: 00:00.22 (Saving: 00:00.02)
00:37.534  render           | Rendering frame 159
00:37.534  render           | Start rendering: MORI_Assembly_Animation, 视图层
00:37.534  render           | Engine: EEVEE
00:37.570  render           | Fra: 159 | Rendering 1 / 32 samples
00:37.697  render           | Fra: 159 | Rendering 25 / 32 samples
00:37.733  render           | Fra: 159 | Rendering 32 / 32 samples
00:37.747  render           | Video append frame 159
00:37.747  render           | Time: 00:00.21 (Saving: 00:00.01)
00:37.747  render           | Rendering frame 160
00:37.747  render           | Start rendering: MORI_Assembly_Animation, 视图层
00:37.747  render           | Engine: EEVEE
00:37.789  render           | Fra: 160 | Rendering 1 / 32 samples
00:37.915  render           | Fra: 160 | Rendering 25 / 32 samples
00:37.951  render           | Fra: 160 | Rendering 32 / 32 samples
00:37.972  render           | Video append frame 160
00:37.972  render           | Time: 00:00.22 (Saving: 00:00.01)
00:37.972  render           | Rendering frame 161
00:37.972  render           | Start rendering: MORI_Assembly_Animation, 视图层
00:37.972  render           | Engine: EEVEE
00:38.015  render           | Fra: 161 | Rendering 1 / 32 samples
00:38.145  render           | Fra: 161 | Rendering 25 / 32 samples
00:38.181  render           | Fra: 161 | Rendering 32 / 32 samples
00:38.207  render           | Video append frame 161
00:38.207  render           | Time: 00:00.23 (Saving: 00:00.02)
00:38.207  render           | Rendering frame 162
00:38.207  render           | Start rendering: MORI_Assembly_Animation, 视图层
00:38.207  render           | Engine: EEVEE
00:38.247  render           | Fra: 162 | Rendering 1 / 32 samples
00:38.376  render           | Fra: 162 | Rendering 25 / 32 samples
00:38.413  render           | Fra: 162 | Rendering 32 / 32 samples
00:38.432  render           | Video append frame 162
00:38.432  render           | Time: 00:00.22 (Saving: 00:00.01)
00:38.432  render           | Rendering frame 163
00:38.432  render           | Start rendering: MORI_Assembly_Animation, 视图层
00:38.432  render           | Engine: EEVEE
00:38.474  render           | Fra: 163 | Rendering 1 / 32 samples
00:38.609  render           | Fra: 163 | Rendering 25 / 32 samples
00:38.647  render           | Fra: 163 | Rendering 32 / 32 samples
00:38.670  render           | Video append frame 163
00:38.670  render           | Time: 00:00.23 (Saving: 00:00.02)
00:38.670  render           | Rendering frame 164
00:38.670  render           | Start rendering: MORI_Assembly_Animation, 视图层
00:38.670  render           | Engine: EEVEE
00:38.712  render           | Fra: 164 | Rendering 1 / 32 samples
00:38.847  render           | Fra: 164 | Rendering 25 / 32 samples
00:38.884  render           | Fra: 164 | Rendering 32 / 32 samples
00:38.911  render           | Video append frame 164
00:38.911  render           | Time: 00:00.24 (Saving: 00:00.02)
00:38.911  render           | Rendering frame 165
00:38.911  render           | Start rendering: MORI_Assembly_Animation, 视图层
00:38.911  render           | Engine: EEVEE
00:38.953  render           | Fra: 165 | Rendering 1 / 32 samples
00:39.081  render           | Fra: 165 | Rendering 25 / 32 samples
00:39.119  render           | Fra: 165 | Rendering 32 / 32 samples
00:39.166  render           | Video append frame 165
00:39.166  render           | Time: 00:00.25 (Saving: 00:00.03)
00:39.166  render           | Rendering frame 166
00:39.166  render           | Start rendering: MORI_Assembly_Animation, 视图层
00:39.166  render           | Engine: EEVEE
00:39.209  render           | Fra: 166 | Rendering 1 / 32 samples
00:39.343  render           | Fra: 166 | Rendering 25 / 32 samples
00:39.381  render           | Fra: 166 | Rendering 32 / 32 samples
00:39.408  render           | Video append frame 166
00:39.408  render           | Time: 00:00.24 (Saving: 00:00.02)
00:39.408  render           | Rendering frame 167
00:39.408  render           | Start rendering: MORI_Assembly_Animation, 视图层
00:39.408  render           | Engine: EEVEE
00:39.452  render           | Fra: 167 | Rendering 1 / 32 samples
00:39.590  render           | Fra: 167 | Rendering 25 / 32 samples
00:39.628  render           | Fra: 167 | Rendering 32 / 32 samples
00:39.652  render           | Video append frame 167
00:39.652  render           | Time: 00:00.24 (Saving: 00:00.02)
00:39.652  render           | Rendering frame 168
00:39.652  render           | Start rendering: MORI_Assembly_Animation, 视图层
00:39.652  render           | Engine: EEVEE
00:39.698  render           | Fra: 168 | Rendering 1 / 32 samples
00:39.832  render           | Fra: 168 | Rendering 25 / 32 samples
00:39.870  render           | Fra: 168 | Rendering 32 / 32 samples
00:39.900  render           | Video append frame 168
00:39.900  render           | Time: 00:00.24 (Saving: 00:00.02)
00:39.900  render           | Rendering frame 169
00:39.900  render           | Start rendering: MORI_Assembly_Animation, 视图层
00:39.900  render           | Engine: EEVEE
00:39.947  render           | Fra: 169 | Rendering 1 / 32 samples
00:40.077  render           | Fra: 169 | Rendering 25 / 32 samples
00:40.114  render           | Fra: 169 | Rendering 32 / 32 samples
00:40.136  render           | Video append frame 169
00:40.136  render           | Time: 00:00.23 (Saving: 00:00.01)
00:40.136  render           | Rendering frame 170
00:40.136  render           | Start rendering: MORI_Assembly_Animation, 视图层
00:40.136  render           | Engine: EEVEE
00:40.180  render           | Fra: 170 | Rendering 1 / 32 samples
00:40.313  render           | Fra: 170 | Rendering 25 / 32 samples
00:40.352  render           | Fra: 170 | Rendering 32 / 32 samples
00:40.379  render           | Video append frame 170
00:40.379  render           | Time: 00:00.24 (Saving: 00:00.02)
00:40.379  render           | Rendering frame 171
00:40.380  render           | Start rendering: MORI_Assembly_Animation, 视图层
00:40.380  render           | Engine: EEVEE
00:40.425  render           | Fra: 171 | Rendering 1 / 32 samples
00:40.560  render           | Fra: 171 | Rendering 25 / 32 samples
00:40.598  render           | Fra: 171 | Rendering 32 / 32 samples
00:40.624  render           | Video append frame 171
00:40.624  render           | Time: 00:00.24 (Saving: 00:00.02)
00:40.624  render           | Rendering frame 172
00:40.624  render           | Start rendering: MORI_Assembly_Animation, 视图层
00:40.624  render           | Engine: EEVEE
00:40.666  render           | Fra: 172 | Rendering 1 / 32 samples
00:40.799  render           | Fra: 172 | Rendering 25 / 32 samples
00:40.837  render           | Fra: 172 | Rendering 32 / 32 samples
00:40.856  render           | Video append frame 172
00:40.856  render           | Time: 00:00.23 (Saving: 00:00.01)
00:40.856  render           | Rendering frame 173
00:40.857  render           | Start rendering: MORI_Assembly_Animation, 视图层
00:40.857  render           | Engine: EEVEE
00:40.899  render           | Fra: 173 | Rendering 1 / 32 samples
00:41.033  render           | Fra: 173 | Rendering 25 / 32 samples
00:41.071  render           | Fra: 173 | Rendering 32 / 32 samples
00:41.092  render           | Video append frame 173
00:41.092  render           | Time: 00:00.23 (Saving: 00:00.01)
00:41.092  render           | Rendering frame 174
00:41.092  render           | Start rendering: MORI_Assembly_Animation, 视图层
00:41.092  render           | Engine: EEVEE
00:41.136  render           | Fra: 174 | Rendering 1 / 32 samples
00:41.279  render           | Fra: 174 | Rendering 25 / 32 samples
00:41.318  render           | Fra: 174 | Rendering 32 / 32 samples
00:41.348  render           | Video append frame 174
00:41.348  render           | Time: 00:00.25 (Saving: 00:00.02)
00:41.348  render           | Rendering frame 175
00:41.348  render           | Start rendering: MORI_Assembly_Animation, 视图层
00:41.348  render           | Engine: EEVEE
00:41.392  render           | Fra: 175 | Rendering 1 / 32 samples
00:41.527  render           | Fra: 175 | Rendering 25 / 32 samples
00:41.569  render           | Fra: 175 | Rendering 32 / 32 samples
00:41.610  render           | Video append frame 175
00:41.610  render           | Time: 00:00.26 (Saving: 00:00.02)
00:41.610  render           | Rendering frame 176
00:41.610  render           | Start rendering: MORI_Assembly_Animation, 视图层
00:41.610  render           | Engine: EEVEE
00:41.665  render           | Fra: 176 | Rendering 1 / 32 samples
00:41.793  render           | Fra: 176 | Rendering 25 / 32 samples
00:41.825  render           | Fra: 176 | Rendering 32 / 32 samples
00:41.846  render           | Video append frame 176
00:41.846  render           | Time: 00:00.23 (Saving: 00:00.01)
00:41.846  render           | Rendering frame 177
00:41.846  render           | Start rendering: MORI_Assembly_Animation, 视图层
00:41.846  render           | Engine: EEVEE
00:41.892  render           | Fra: 177 | Rendering 1 / 32 samples
00:42.001  render           | Fra: 177 | Rendering 25 / 32 samples
00:42.033  render           | Fra: 177 | Rendering 32 / 32 samples
00:42.070  render           | Video append frame 177
00:42.070  render           | Time: 00:00.22 (Saving: 00:00.03)
00:42.070  render           | Rendering frame 178
00:42.071  render           | Start rendering: MORI_Assembly_Animation, 视图层
00:42.071  render           | Engine: EEVEE
00:42.163  render           | Fra: 178 | Rendering 1 / 32 samples
00:42.303  render           | Fra: 178 | Rendering 25 / 32 samples
00:42.344  render           | Fra: 178 | Rendering 32 / 32 samples
00:42.385  render           | Video append frame 178
00:42.385  render           | Time: 00:00.31 (Saving: 00:00.02)
00:42.385  render           | Rendering frame 179
00:42.386  render           | Start rendering: MORI_Assembly_Animation, 视图层
00:42.386  render           | Engine: EEVEE
00:42.443  render           | Fra: 179 | Rendering 1 / 32 samples
00:42.574  render           | Fra: 179 | Rendering 25 / 32 samples
00:42.610  render           | Fra: 179 | Rendering 32 / 32 samples
00:42.625  render           | Video append frame 179
00:42.625  render           | Time: 00:00.23 (Saving: 00:00.01)
00:42.625  render           | Rendering frame 180
00:42.626  render           | Start rendering: MORI_Assembly_Animation, 视图层
00:42.626  render           | Engine: EEVEE
00:42.675  render           | Fra: 180 | Rendering 1 / 32 samples
00:42.802  render           | Fra: 180 | Rendering 25 / 32 samples
00:42.838  render           | Fra: 180 | Rendering 32 / 32 samples
00:42.884  render           | Video append frame 180
00:42.884  render           | Time: 00:00.25 (Saving: 00:00.04)
00:42.884  render           | Rendering frame 181
00:42.884  render           | Start rendering: MORI_Assembly_Animation, 视图层
00:42.884  render           | Engine: EEVEE
00:42.930  render           | Fra: 181 | Rendering 1 / 32 samples
00:43.062  render           | Fra: 181 | Rendering 25 / 32 samples
00:43.105  render           | Fra: 181 | Rendering 32 / 32 samples
00:43.121  render           | Video append frame 181
00:43.121  render           | Time: 00:00.23 (Saving: 00:00.01)
00:43.121  render           | Rendering frame 182
00:43.121  render           | Start rendering: MORI_Assembly_Animation, 视图层
00:43.121  render           | Engine: EEVEE
00:43.203  render           | Fra: 182 | Rendering 1 / 32 samples
00:43.337  render           | Fra: 182 | Rendering 25 / 32 samples
00:43.369  render           | Fra: 182 | Rendering 32 / 32 samples
00:43.414  render           | Video append frame 182
00:43.414  render           | Time: 00:00.29 (Saving: 00:00.03)
00:43.414  render           | Rendering frame 183
00:43.414  render           | Start rendering: MORI_Assembly_Animation, 视图层
00:43.414  render           | Engine: EEVEE
00:43.461  render           | Fra: 183 | Rendering 1 / 32 samples
00:43.584  render           | Fra: 183 | Rendering 25 / 32 samples
00:43.620  render           | Fra: 183 | Rendering 32 / 32 samples
00:43.680  render           | Video append frame 183
00:43.680  render           | Time: 00:00.26 (Saving: 00:00.04)
00:43.680  render           | Rendering frame 184
00:43.681  render           | Start rendering: MORI_Assembly_Animation, 视图层
00:43.681  render           | Engine: EEVEE
00:43.733  render           | Fra: 184 | Rendering 1 / 32 samples
00:43.859  render           | Fra: 184 | Rendering 25 / 32 samples
00:43.895  render           | Fra: 184 | Rendering 32 / 32 samples
00:43.920  render           | Video append frame 184
00:43.920  render           | Time: 00:00.23 (Saving: 00:00.01)
00:43.920  render           | Rendering frame 185
00:43.921  render           | Start rendering: MORI_Assembly_Animation, 视图层
00:43.921  render           | Engine: EEVEE
00:43.972  render           | Fra: 185 | Rendering 1 / 32 samples
00:44.075  render           | Fra: 185 | Rendering 25 / 32 samples
00:44.104  render           | Fra: 185 | Rendering 32 / 32 samples
00:44.124  render           | Video append frame 185
00:44.124  render           | Time: 00:00.20 (Saving: 00:00.01)
00:44.124  render           | Rendering frame 186
00:44.124  render           | Start rendering: MORI_Assembly_Animation, 视图层
00:44.124  render           | Engine: EEVEE
00:44.170  render           | Fra: 186 | Rendering 1 / 32 samples
00:44.275  render           | Fra: 186 | Rendering 25 / 32 samples
00:44.306  render           | Fra: 186 | Rendering 32 / 32 samples
00:44.331  render           | Video append frame 186
00:44.331  render           | Time: 00:00.20 (Saving: 00:00.02)
00:44.331  render           | Rendering frame 187
00:44.331  render           | Start rendering: MORI_Assembly_Animation, 视图层
00:44.331  render           | Engine: EEVEE
00:44.401  render           | Fra: 187 | Rendering 1 / 32 samples
00:44.515  render           | Fra: 187 | Rendering 25 / 32 samples
00:44.546  render           | Fra: 187 | Rendering 32 / 32 samples
00:44.560  render           | Video append frame 187
00:44.560  render           | Time: 00:00.22 (Saving: 00:00.01)
00:44.560  render           | Rendering frame 188
00:44.561  render           | Start rendering: MORI_Assembly_Animation, 视图层
00:44.561  render           | Engine: EEVEE
00:44.612  render           | Fra: 188 | Rendering 1 / 32 samples
00:44.719  render           | Fra: 188 | Rendering 25 / 32 samples
00:44.752  render           | Fra: 188 | Rendering 32 / 32 samples
00:44.763  render           | Video append frame 188
00:44.763  render           | Time: 00:00.20 (Saving: 00:00.00)
00:44.763  render           | Rendering frame 189
00:44.763  render           | Start rendering: MORI_Assembly_Animation, 视图层
00:44.763  render           | Engine: EEVEE
00:44.816  render           | Fra: 189 | Rendering 1 / 32 samples
00:44.917  render           | Fra: 189 | Rendering 25 / 32 samples
00:44.946  render           | Fra: 189 | Rendering 32 / 32 samples
00:44.956  render           | Video append frame 189
00:44.956  render           | Time: 00:00.19 (Saving: 00:00.00)
00:44.956  render           | Rendering frame 190
00:44.956  render           | Start rendering: MORI_Assembly_Animation, 视图层
00:44.956  render           | Engine: EEVEE
00:45.007  render           | Fra: 190 | Rendering 1 / 32 samples
00:45.112  render           | Fra: 190 | Rendering 25 / 32 samples
00:45.143  render           | Fra: 190 | Rendering 32 / 32 samples
00:45.152  render           | Video append frame 190
00:45.152  render           | Time: 00:00.19 (Saving: 00:00.00)
00:45.152  render           | Rendering frame 191
00:45.152  render           | Start rendering: MORI_Assembly_Animation, 视图层
00:45.152  render           | Engine: EEVEE
00:45.200  render           | Fra: 191 | Rendering 1 / 32 samples
00:45.306  render           | Fra: 191 | Rendering 25 / 32 samples
00:45.337  render           | Fra: 191 | Rendering 32 / 32 samples
00:45.348  render           | Video append frame 191
00:45.348  render           | Time: 00:00.19 (Saving: 00:00.00)
00:45.348  render           | Rendering frame 192
00:45.348  render           | Start rendering: MORI_Assembly_Animation, 视图层
00:45.348  render           | Engine: EEVEE
00:45.399  render           | Fra: 192 | Rendering 1 / 32 samples
00:45.503  render           | Fra: 192 | Rendering 25 / 32 samples
00:45.534  render           | Fra: 192 | Rendering 32 / 32 samples
00:45.542  render           | Video append frame 192
00:45.542  render           | Time: 00:00.19 (Saving: 00:00.00)
00:45.542  render           | Rendering frame 193
00:45.543  render           | Start rendering: MORI_Assembly_Animation, 视图层
00:45.543  render           | Engine: EEVEE
00:45.591  render           | Fra: 193 | Rendering 1 / 32 samples
00:45.701  render           | Fra: 193 | Rendering 25 / 32 samples
00:45.731  render           | Fra: 193 | Rendering 32 / 32 samples
00:45.740  render           | Video append frame 193
00:45.740  render           | Time: 00:00.19 (Saving: 00:00.00)
00:45.740  render           | Rendering frame 194
00:45.740  render           | Start rendering: MORI_Assembly_Animation, 视图层
00:45.740  render           | Engine: EEVEE
00:45.786  render           | Fra: 194 | Rendering 1 / 32 samples
00:45.887  render           | Fra: 194 | Rendering 25 / 32 samples
00:45.918  render           | Fra: 194 | Rendering 32 / 32 samples
00:45.932  render           | Video append frame 194
00:45.932  render           | Time: 00:00.19 (Saving: 00:00.00)
00:45.932  render           | Rendering frame 195
00:45.932  render           | Start rendering: MORI_Assembly_Animation, 视图层
00:45.932  render           | Engine: EEVEE
00:45.982  render           | Fra: 195 | Rendering 1 / 32 samples
00:46.093  render           | Fra: 195 | Rendering 25 / 32 samples
00:46.119  render           | Fra: 195 | Rendering 32 / 32 samples
00:46.132  render           | Video append frame 195
00:46.132  render           | Time: 00:00.20 (Saving: 00:00.00)
00:46.132  render           | Rendering frame 196
00:46.132  render           | Start rendering: MORI_Assembly_Animation, 视图层
00:46.132  render           | Engine: EEVEE
00:46.181  render           | Fra: 196 | Rendering 1 / 32 samples
00:46.282  render           | Fra: 196 | Rendering 25 / 32 samples
00:46.313  render           | Fra: 196 | Rendering 32 / 32 samples
00:46.322  render           | Video append frame 196
00:46.322  render           | Time: 00:00.18 (Saving: 00:00.00)
00:46.322  render           | Rendering frame 197
00:46.322  render           | Start rendering: MORI_Assembly_Animation, 视图层
00:46.322  render           | Engine: EEVEE
00:46.371  render           | Fra: 197 | Rendering 1 / 32 samples
00:46.476  render           | Fra: 197 | Rendering 25 / 32 samples
00:46.505  render           | Fra: 197 | Rendering 32 / 32 samples
00:46.516  render           | Video append frame 197
00:46.516  render           | Time: 00:00.19 (Saving: 00:00.00)
00:46.516  render           | Rendering frame 198
00:46.516  render           | Start rendering: MORI_Assembly_Animation, 视图层
00:46.516  render           | Engine: EEVEE
00:46.567  render           | Fra: 198 | Rendering 1 / 32 samples
00:46.673  render           | Fra: 198 | Rendering 25 / 32 samples
00:46.705  render           | Fra: 198 | Rendering 32 / 32 samples
00:46.715  render           | Video append frame 198
00:46.715  render           | Time: 00:00.19 (Saving: 00:00.00)
00:46.715  render           | Rendering frame 199
00:46.715  render           | Start rendering: MORI_Assembly_Animation, 视图层
00:46.715  render           | Engine: EEVEE
00:46.765  render           | Fra: 199 | Rendering 1 / 32 samples
00:46.866  render           | Fra: 199 | Rendering 25 / 32 samples
00:46.894  render           | Fra: 199 | Rendering 32 / 32 samples
00:46.904  render           | Video append frame 199
00:46.904  render           | Time: 00:00.18 (Saving: 00:00.00)
00:46.904  render           | Rendering frame 200
00:46.904  render           | Start rendering: MORI_Assembly_Animation, 视图层
00:46.904  render           | Engine: EEVEE
00:46.945  render           | Fra: 200 | Rendering 1 / 32 samples
00:47.045  render           | Fra: 200 | Rendering 25 / 32 samples
00:47.073  render           | Fra: 200 | Rendering 32 / 32 samples
00:47.081  render           | Video append frame 200
00:47.081  render           | Time: 00:00.17 (Saving: 00:00.00)
00:47.081  render           | Rendering frame 201
00:47.081  render           | Start rendering: MORI_Assembly_Animation, 视图层
00:47.081  render           | Engine: EEVEE
00:47.126  render           | Fra: 201 | Rendering 1 / 32 samples
00:47.219  render           | Fra: 201 | Rendering 25 / 32 samples
00:47.247  render           | Fra: 201 | Rendering 32 / 32 samples
00:47.256  render           | Video append frame 201
00:47.256  render           | Time: 00:00.17 (Saving: 00:00.00)
00:47.256  render           | Rendering frame 202
00:47.256  render           | Start rendering: MORI_Assembly_Animation, 视图层
00:47.256  render           | Engine: EEVEE
00:47.312  render           | Fra: 202 | Rendering 1 / 32 samples
00:47.413  render           | Fra: 202 | Rendering 25 / 32 samples
00:47.441  render           | Fra: 202 | Rendering 32 / 32 samples
00:47.449  render           | Video append frame 202
00:47.449  render           | Time: 00:00.19 (Saving: 00:00.00)
00:47.449  render           | Rendering frame 203
00:47.449  render           | Start rendering: MORI_Assembly_Animation, 视图层
00:47.449  render           | Engine: EEVEE
00:47.484  render           | Fra: 203 | Rendering 1 / 32 samples
00:47.583  render           | Fra: 203 | Rendering 25 / 32 samples
00:47.612  render           | Fra: 203 | Rendering 32 / 32 samples
00:47.622  render           | Video append frame 203
00:47.622  render           | Time: 00:00.17 (Saving: 00:00.00)
00:47.622  render           | Rendering frame 204
00:47.622  render           | Start rendering: MORI_Assembly_Animation, 视图层
00:47.622  render           | Engine: EEVEE
00:47.658  render           | Fra: 204 | Rendering 1 / 32 samples
00:47.750  render           | Fra: 204 | Rendering 25 / 32 samples
00:47.780  render           | Fra: 204 | Rendering 32 / 32 samples
00:47.788  render           | Video append frame 204
00:47.788  render           | Time: 00:00.16 (Saving: 00:00.00)
00:47.788  render           | Rendering frame 205
00:47.788  render           | Start rendering: MORI_Assembly_Animation, 视图层
00:47.788  render           | Engine: EEVEE
00:47.824  render           | Fra: 205 | Rendering 1 / 32 samples
00:47.919  render           | Fra: 205 | Rendering 25 / 32 samples
00:47.948  render           | Fra: 205 | Rendering 32 / 32 samples
00:47.956  render           | Video append frame 205
00:47.956  render           | Time: 00:00.16 (Saving: 00:00.00)
00:47.956  render           | Rendering frame 206
00:47.956  render           | Start rendering: MORI_Assembly_Animation, 视图层
00:47.956  render           | Engine: EEVEE
00:47.991  render           | Fra: 206 | Rendering 1 / 32 samples
00:48.089  render           | Fra: 206 | Rendering 25 / 32 samples
00:48.116  render           | Fra: 206 | Rendering 32 / 32 samples
00:48.124  render           | Video append frame 206
00:48.124  render           | Time: 00:00.16 (Saving: 00:00.00)
00:48.124  render           | Rendering frame 207
00:48.124  render           | Start rendering: MORI_Assembly_Animation, 视图层
00:48.124  render           | Engine: EEVEE
00:48.161  render           | Fra: 207 | Rendering 1 / 32 samples
00:48.260  render           | Fra: 207 | Rendering 25 / 32 samples
00:48.288  render           | Fra: 207 | Rendering 32 / 32 samples
00:48.298  render           | Video append frame 207
00:48.298  render           | Time: 00:00.17 (Saving: 00:00.00)
00:48.298  render           | Rendering frame 208
00:48.298  render           | Start rendering: MORI_Assembly_Animation, 视图层
00:48.298  render           | Engine: EEVEE
00:48.334  render           | Fra: 208 | Rendering 1 / 32 samples
00:48.435  render           | Fra: 208 | Rendering 25 / 32 samples
00:48.463  render           | Fra: 208 | Rendering 32 / 32 samples
00:48.472  render           | Video append frame 208
00:48.472  render           | Time: 00:00.17 (Saving: 00:00.00)
00:48.472  render           | Rendering frame 209
00:48.472  render           | Start rendering: MORI_Assembly_Animation, 视图层
00:48.472  render           | Engine: EEVEE
00:48.507  render           | Fra: 209 | Rendering 1 / 32 samples
00:48.607  render           | Fra: 209 | Rendering 25 / 32 samples
00:48.636  render           | Fra: 209 | Rendering 32 / 32 samples
00:48.643  render           | Video append frame 209
00:48.643  render           | Time: 00:00.17 (Saving: 00:00.00)
00:48.643  render           | Rendering frame 210
00:48.643  render           | Start rendering: MORI_Assembly_Animation, 视图层
00:48.643  render           | Engine: EEVEE
00:48.678  render           | Fra: 210 | Rendering 1 / 32 samples
00:48.778  render           | Fra: 210 | Rendering 25 / 32 samples
00:48.809  render           | Fra: 210 | Rendering 32 / 32 samples
00:48.819  render           | Video append frame 210
00:48.819  render           | Time: 00:00.17 (Saving: 00:00.00)
00:48.819  render           | Rendering frame 211
00:48.819  render           | Start rendering: MORI_Assembly_Animation, 视图层
00:48.819  render           | Engine: EEVEE
00:48.865  render           | Fra: 211 | Rendering 1 / 32 samples
00:48.967  render           | Fra: 211 | Rendering 25 / 32 samples
00:48.995  render           | Fra: 211 | Rendering 32 / 32 samples
00:49.005  render           | Video append frame 211
00:49.005  render           | Time: 00:00.18 (Saving: 00:00.00)
00:49.005  render           | Rendering frame 212
00:49.005  render           | Start rendering: MORI_Assembly_Animation, 视图层
00:49.005  render           | Engine: EEVEE
00:49.050  render           | Fra: 212 | Rendering 1 / 32 samples
00:49.152  render           | Fra: 212 | Rendering 25 / 32 samples
00:49.181  render           | Fra: 212 | Rendering 32 / 32 samples
00:49.190  render           | Video append frame 212
00:49.190  render           | Time: 00:00.18 (Saving: 00:00.00)
00:49.190  render           | Rendering frame 213
00:49.190  render           | Start rendering: MORI_Assembly_Animation, 视图层
00:49.190  render           | Engine: EEVEE
00:49.232  render           | Fra: 213 | Rendering 1 / 32 samples
00:49.334  render           | Fra: 213 | Rendering 25 / 32 samples
00:49.364  render           | Fra: 213 | Rendering 32 / 32 samples
00:49.373  render           | Video append frame 213
00:49.374  render           | Time: 00:00.18 (Saving: 00:00.00)
00:49.374  render           | Rendering frame 214
00:49.374  render           | Start rendering: MORI_Assembly_Animation, 视图层
00:49.374  render           | Engine: EEVEE
00:49.417  render           | Fra: 214 | Rendering 1 / 32 samples
00:49.526  render           | Fra: 214 | Rendering 25 / 32 samples
00:49.553  render           | Fra: 214 | Rendering 32 / 32 samples
00:49.566  render           | Video append frame 214
00:49.566  render           | Time: 00:00.19 (Saving: 00:00.00)
00:49.566  render           | Rendering frame 215
00:49.567  render           | Start rendering: MORI_Assembly_Animation, 视图层
00:49.567  render           | Engine: EEVEE
00:49.610  render           | Fra: 215 | Rendering 1 / 32 samples
00:49.713  render           | Fra: 215 | Rendering 25 / 32 samples
00:49.742  render           | Fra: 215 | Rendering 32 / 32 samples
00:49.770  render           | Video append frame 215
00:49.770  render           | Time: 00:00.20 (Saving: 00:00.01)
00:49.770  render           | Rendering frame 216
00:49.770  render           | Start rendering: MORI_Assembly_Animation, 视图层
00:49.770  render           | Engine: EEVEE
00:49.820  render           | Fra: 216 | Rendering 1 / 32 samples
00:49.932  render           | Fra: 216 | Rendering 25 / 32 samples
00:49.967  render           | Fra: 216 | Rendering 32 / 32 samples
00:49.978  render           | Video append frame 216
00:49.978  render           | Time: 00:00.20 (Saving: 00:00.00)
00:49.978  render           | Rendering frame 217
00:49.978  render           | Start rendering: MORI_Assembly_Animation, 视图层
00:49.978  render           | Engine: EEVEE
00:50.028  render           | Fra: 217 | Rendering 1 / 32 samples
00:50.148  render           | Fra: 217 | Rendering 25 / 32 samples
00:50.181  render           | Fra: 217 | Rendering 32 / 32 samples
00:50.211  render           | Video append frame 217
00:50.211  render           | Time: 00:00.23 (Saving: 00:00.02)
00:50.211  render           | Rendering frame 218
00:50.211  render           | Start rendering: MORI_Assembly_Animation, 视图层
00:50.211  render           | Engine: EEVEE
00:50.258  render           | Fra: 218 | Rendering 1 / 32 samples
00:50.365  render           | Fra: 218 | Rendering 25 / 32 samples
00:50.395  render           | Fra: 218 | Rendering 32 / 32 samples
00:50.405  render           | Video append frame 218
00:50.405  render           | Time: 00:00.19 (Saving: 00:00.00)
00:50.405  render           | Rendering frame 219
00:50.405  render           | Start rendering: MORI_Assembly_Animation, 视图层
00:50.405  render           | Engine: EEVEE
00:50.451  render           | Fra: 219 | Rendering 1 / 32 samples
00:50.558  render           | Fra: 219 | Rendering 25 / 32 samples
00:50.585  render           | Fra: 219 | Rendering 32 / 32 samples
00:50.596  render           | Video append frame 219
00:50.596  render           | Time: 00:00.19 (Saving: 00:00.00)
00:50.596  render           | Rendering frame 220
00:50.597  render           | Start rendering: MORI_Assembly_Animation, 视图层
00:50.597  render           | Engine: EEVEE
00:50.642  render           | Fra: 220 | Rendering 1 / 32 samples
00:50.744  render           | Fra: 220 | Rendering 25 / 32 samples
00:50.775  render           | Fra: 220 | Rendering 32 / 32 samples
00:50.784  render           | Video append frame 220
00:50.784  render           | Time: 00:00.18 (Saving: 00:00.00)
00:50.784  render           | Rendering frame 221
00:50.785  render           | Start rendering: MORI_Assembly_Animation, 视图层
00:50.785  render           | Engine: EEVEE
00:50.835  render           | Fra: 221 | Rendering 1 / 32 samples
00:50.938  render           | Fra: 221 | Rendering 25 / 32 samples
00:50.969  render           | Fra: 221 | Rendering 32 / 32 samples
00:50.978  render           | Video append frame 221
00:50.978  render           | Time: 00:00.19 (Saving: 00:00.00)
00:50.978  render           | Rendering frame 222
00:50.978  render           | Start rendering: MORI_Assembly_Animation, 视图层
00:50.978  render           | Engine: EEVEE
00:51.023  render           | Fra: 222 | Rendering 1 / 32 samples
00:51.126  render           | Fra: 222 | Rendering 25 / 32 samples
00:51.152  render           | Fra: 222 | Rendering 32 / 32 samples
00:51.173  render           | Video append frame 222
00:51.173  render           | Time: 00:00.19 (Saving: 00:00.01)
00:51.173  render           | Rendering frame 223
00:51.173  render           | Start rendering: MORI_Assembly_Animation, 视图层
00:51.173  render           | Engine: EEVEE
00:51.217  render           | Fra: 223 | Rendering 1 / 32 samples
00:51.325  render           | Fra: 223 | Rendering 25 / 32 samples
00:51.353  render           | Fra: 223 | Rendering 32 / 32 samples
00:51.365  render           | Video append frame 223
00:51.365  render           | Time: 00:00.19 (Saving: 00:00.00)
00:51.365  render           | Rendering frame 224
00:51.365  render           | Start rendering: MORI_Assembly_Animation, 视图层
00:51.365  render           | Engine: EEVEE
00:51.410  render           | Fra: 224 | Rendering 1 / 32 samples
00:51.512  render           | Fra: 224 | Rendering 25 / 32 samples
00:51.542  render           | Fra: 224 | Rendering 32 / 32 samples
00:51.553  render           | Video append frame 224
00:51.553  render           | Time: 00:00.18 (Saving: 00:00.00)
00:51.553  render           | Rendering frame 225
00:51.553  render           | Start rendering: MORI_Assembly_Animation, 视图层
00:51.553  render           | Engine: EEVEE
00:51.594  render           | Fra: 225 | Rendering 1 / 32 samples
00:51.696  render           | Fra: 225 | Rendering 25 / 32 samples
00:51.726  render           | Fra: 225 | Rendering 32 / 32 samples
00:51.736  render           | Video append frame 225
00:51.736  render           | Time: 00:00.18 (Saving: 00:00.00)
00:51.736  render           | Rendering frame 226
00:51.736  render           | Start rendering: MORI_Assembly_Animation, 视图层
00:51.736  render           | Engine: EEVEE
00:51.780  render           | Fra: 226 | Rendering 1 / 32 samples
00:51.882  render           | Fra: 226 | Rendering 25 / 32 samples
00:51.913  render           | Fra: 226 | Rendering 32 / 32 samples
00:51.922  render           | Video append frame 226
00:51.922  render           | Time: 00:00.18 (Saving: 00:00.00)
00:51.922  render           | Rendering frame 227
00:51.922  render           | Start rendering: MORI_Assembly_Animation, 视图层
00:51.922  render           | Engine: EEVEE
00:51.966  render           | Fra: 227 | Rendering 1 / 32 samples
00:52.068  render           | Fra: 227 | Rendering 25 / 32 samples
00:52.097  render           | Fra: 227 | Rendering 32 / 32 samples
00:52.109  render           | Video append frame 227
00:52.109  render           | Time: 00:00.18 (Saving: 00:00.00)
00:52.109  render           | Rendering frame 228
00:52.109  render           | Start rendering: MORI_Assembly_Animation, 视图层
00:52.109  render           | Engine: EEVEE
00:52.158  render           | Fra: 228 | Rendering 1 / 32 samples
00:52.260  render           | Fra: 228 | Rendering 25 / 32 samples
00:52.286  render           | Fra: 228 | Rendering 32 / 32 samples
00:52.299  render           | Video append frame 228
00:52.299  render           | Time: 00:00.18 (Saving: 00:00.00)
00:52.299  render           | Rendering frame 229
00:52.299  render           | Start rendering: MORI_Assembly_Animation, 视图层
00:52.299  render           | Engine: EEVEE
00:52.343  render           | Fra: 229 | Rendering 1 / 32 samples
00:52.447  render           | Fra: 229 | Rendering 25 / 32 samples
00:52.478  render           | Fra: 229 | Rendering 32 / 32 samples
00:52.488  render           | Video append frame 229
00:52.488  render           | Time: 00:00.18 (Saving: 00:00.00)
00:52.488  render           | Rendering frame 230
00:52.488  render           | Start rendering: MORI_Assembly_Animation, 视图层
00:52.488  render           | Engine: EEVEE
00:52.529  render           | Fra: 230 | Rendering 1 / 32 samples
00:52.633  render           | Fra: 230 | Rendering 25 / 32 samples
00:52.662  render           | Fra: 230 | Rendering 32 / 32 samples
00:52.672  render           | Video append frame 230
00:52.672  render           | Time: 00:00.18 (Saving: 00:00.00)
00:52.672  render           | Rendering frame 231
00:52.672  render           | Start rendering: MORI_Assembly_Animation, 视图层
00:52.672  render           | Engine: EEVEE
00:52.717  render           | Fra: 231 | Rendering 1 / 32 samples
00:52.825  render           | Fra: 231 | Rendering 25 / 32 samples
00:52.852  render           | Fra: 231 | Rendering 32 / 32 samples
00:52.864  render           | Video append frame 231
00:52.864  render           | Time: 00:00.19 (Saving: 00:00.00)
00:52.864  render           | Rendering frame 232
00:52.864  render           | Start rendering: MORI_Assembly_Animation, 视图层
00:52.864  render           | Engine: EEVEE
00:52.909  render           | Fra: 232 | Rendering 1 / 32 samples
00:53.010  render           | Fra: 232 | Rendering 25 / 32 samples
00:53.039  render           | Fra: 232 | Rendering 32 / 32 samples
00:53.070  render           | Video append frame 232
00:53.070  render           | Time: 00:00.20 (Saving: 00:00.01)
00:53.070  render           | Rendering frame 233
00:53.071  render           | Start rendering: MORI_Assembly_Animation, 视图层
00:53.071  render           | Engine: EEVEE
00:53.119  render           | Fra: 233 | Rendering 1 / 32 samples
00:53.226  render           | Fra: 233 | Rendering 25 / 32 samples
00:53.255  render           | Fra: 233 | Rendering 32 / 32 samples
00:53.265  render           | Video append frame 233
00:53.265  render           | Time: 00:00.19 (Saving: 00:00.00)
00:53.265  render           | Rendering frame 234
00:53.266  render           | Start rendering: MORI_Assembly_Animation, 视图层
00:53.266  render           | Engine: EEVEE
00:53.310  render           | Fra: 234 | Rendering 1 / 32 samples
00:53.413  render           | Fra: 234 | Rendering 25 / 32 samples
00:53.444  render           | Fra: 234 | Rendering 32 / 32 samples
00:53.454  render           | Video append frame 234
00:53.454  render           | Time: 00:00.18 (Saving: 00:00.00)
00:53.454  render           | Rendering frame 235
00:53.454  render           | Start rendering: MORI_Assembly_Animation, 视图层
00:53.454  render           | Engine: EEVEE
00:53.495  render           | Fra: 235 | Rendering 1 / 32 samples
00:53.597  render           | Fra: 235 | Rendering 25 / 32 samples
00:53.627  render           | Fra: 235 | Rendering 32 / 32 samples
00:53.638  render           | Video append frame 235
00:53.638  render           | Time: 00:00.18 (Saving: 00:00.00)
00:53.638  render           | Rendering frame 236
00:53.638  render           | Start rendering: MORI_Assembly_Animation, 视图层
00:53.638  render           | Engine: EEVEE
00:53.689  render           | Fra: 236 | Rendering 1 / 32 samples
00:53.790  render           | Fra: 236 | Rendering 25 / 32 samples
00:53.817  render           | Fra: 236 | Rendering 32 / 32 samples
00:53.829  render           | Video append frame 236
00:53.829  render           | Time: 00:00.19 (Saving: 00:00.00)
00:53.829  render           | Rendering frame 237
00:53.829  render           | Start rendering: MORI_Assembly_Animation, 视图层
00:53.829  render           | Engine: EEVEE
00:53.874  render           | Fra: 237 | Rendering 1 / 32 samples
00:53.979  render           | Fra: 237 | Rendering 25 / 32 samples
00:54.010  render           | Fra: 237 | Rendering 32 / 32 samples
00:54.019  render           | Video append frame 237
00:54.020  render           | Time: 00:00.19 (Saving: 00:00.00)
00:54.020  render           | Rendering frame 238
00:54.020  render           | Start rendering: MORI_Assembly_Animation, 视图层
00:54.020  render           | Engine: EEVEE
00:54.065  render           | Fra: 238 | Rendering 1 / 32 samples
00:54.166  render           | Fra: 238 | Rendering 25 / 32 samples
00:54.196  render           | Fra: 238 | Rendering 32 / 32 samples
00:54.207  render           | Video append frame 238
00:54.207  render           | Time: 00:00.18 (Saving: 00:00.00)
00:54.207  render           | Rendering frame 239
00:54.207  render           | Start rendering: MORI_Assembly_Animation, 视图层
00:54.207  render           | Engine: EEVEE
00:54.254  render           | Fra: 239 | Rendering 1 / 32 samples
00:54.359  render           | Fra: 239 | Rendering 25 / 32 samples
00:54.389  render           | Fra: 239 | Rendering 32 / 32 samples
00:54.399  render           | Video append frame 239
00:54.399  render           | Time: 00:00.19 (Saving: 00:00.00)
00:54.399  render           | Rendering frame 240
00:54.399  render           | Start rendering: MORI_Assembly_Animation, 视图层
00:54.399  render           | Engine: EEVEE
00:54.444  render           | Fra: 240 | Rendering 1 / 32 samples
00:54.547  render           | Fra: 240 | Rendering 25 / 32 samples
00:54.576  render           | Fra: 240 | Rendering 32 / 32 samples
00:54.613  render           | Video append frame 240
00:54.613  render           | Time: 00:00.21 (Saving: 00:00.02)
00:54.613  render           | Rendering frame 241
00:54.614  render           | Start rendering: MORI_Assembly_Animation, 视图层
00:54.614  render           | Engine: EEVEE
00:54.656  render           | Fra: 241 | Rendering 1 / 32 samples
00:54.757  render           | Fra: 241 | Rendering 25 / 32 samples
00:54.786  render           | Fra: 241 | Rendering 32 / 32 samples
00:54.797  render           | Video append frame 241
00:54.797  render           | Time: 00:00.18 (Saving: 00:00.00)
00:54.797  render           | Rendering frame 242
00:54.797  render           | Start rendering: MORI_Assembly_Animation, 视图层
00:54.797  render           | Engine: EEVEE
00:54.844  render           | Fra: 242 | Rendering 1 / 32 samples
00:54.950  render           | Fra: 242 | Rendering 25 / 32 samples
00:54.980  render           | Fra: 242 | Rendering 32 / 32 samples
00:54.991  render           | Video append frame 242
00:54.991  render           | Time: 00:00.19 (Saving: 00:00.00)
00:54.991  render           | Rendering frame 243
00:54.991  render           | Start rendering: MORI_Assembly_Animation, 视图层
00:54.991  render           | Engine: EEVEE
00:55.037  render           | Fra: 243 | Rendering 1 / 32 samples
00:55.138  render           | Fra: 243 | Rendering 25 / 32 samples
00:55.169  render           | Fra: 243 | Rendering 32 / 32 samples
00:55.179  render           | Video append frame 243
00:55.180  render           | Time: 00:00.18 (Saving: 00:00.00)
00:55.180  render           | Rendering frame 244
00:55.180  render           | Start rendering: MORI_Assembly_Animation, 视图层
00:55.180  render           | Engine: EEVEE
00:55.233  render           | Fra: 244 | Rendering 1 / 32 samples
00:55.335  render           | Fra: 244 | Rendering 25 / 32 samples
00:55.366  render           | Fra: 244 | Rendering 32 / 32 samples
00:55.375  render           | Video append frame 244
00:55.375  render           | Time: 00:00.19 (Saving: 00:00.00)
00:55.375  render           | Rendering frame 245
00:55.376  render           | Start rendering: MORI_Assembly_Animation, 视图层
00:55.376  render           | Engine: EEVEE
00:55.426  render           | Fra: 245 | Rendering 1 / 32 samples
00:55.530  render           | Fra: 245 | Rendering 25 / 32 samples
00:55.560  render           | Fra: 245 | Rendering 32 / 32 samples
00:55.570  render           | Video append frame 245
00:55.570  render           | Time: 00:00.19 (Saving: 00:00.00)
00:55.570  render           | Rendering frame 246
00:55.570  render           | Start rendering: MORI_Assembly_Animation, 视图层
00:55.570  render           | Engine: EEVEE
00:55.614  render           | Fra: 246 | Rendering 1 / 32 samples
00:55.717  render           | Fra: 246 | Rendering 25 / 32 samples
00:55.747  render           | Fra: 246 | Rendering 32 / 32 samples
00:55.757  render           | Video append frame 246
00:55.757  render           | Time: 00:00.18 (Saving: 00:00.00)
00:55.757  render           | Rendering frame 247
00:55.758  render           | Start rendering: MORI_Assembly_Animation, 视图层
00:55.758  render           | Engine: EEVEE
00:55.805  render           | Fra: 247 | Rendering 1 / 32 samples
00:55.908  render           | Fra: 247 | Rendering 25 / 32 samples
00:55.940  render           | Fra: 247 | Rendering 32 / 32 samples
00:55.949  render           | Video append frame 247
00:55.949  render           | Time: 00:00.19 (Saving: 00:00.00)
00:55.949  render           | Rendering frame 248
00:55.950  render           | Start rendering: MORI_Assembly_Animation, 视图层
00:55.950  render           | Engine: EEVEE
00:55.997  render           | Fra: 248 | Rendering 1 / 32 samples
00:56.102  render           | Fra: 248 | Rendering 25 / 32 samples
00:56.131  render           | Fra: 248 | Rendering 32 / 32 samples
00:56.163  render           | Video append frame 248
00:56.163  render           | Time: 00:00.21 (Saving: 00:00.01)
00:56.163  render           | Rendering frame 249
00:56.163  render           | Start rendering: MORI_Assembly_Animation, 视图层
00:56.163  render           | Engine: EEVEE
00:56.204  render           | Fra: 249 | Rendering 1 / 32 samples
00:56.308  render           | Fra: 249 | Rendering 25 / 32 samples
00:56.338  render           | Fra: 249 | Rendering 32 / 32 samples
00:56.348  render           | Video append frame 249
00:56.348  render           | Time: 00:00.18 (Saving: 00:00.00)
00:56.348  render           | Rendering frame 250
00:56.348  render           | Start rendering: MORI_Assembly_Animation, 视图层
00:56.348  render           | Engine: EEVEE
00:56.395  render           | Fra: 250 | Rendering 1 / 32 samples
00:56.498  render           | Fra: 250 | Rendering 25 / 32 samples
00:56.527  render           | Fra: 250 | Rendering 32 / 32 samples
00:56.538  render           | Video append frame 250
00:56.538  render           | Time: 00:00.18 (Saving: 00:00.00)
00:56.538  render           | Rendering frame 251
00:56.538  render           | Start rendering: MORI_Assembly_Animation, 视图层
00:56.538  render           | Engine: EEVEE
00:56.583  render           | Fra: 251 | Rendering 1 / 32 samples
00:56.682  render           | Fra: 251 | Rendering 25 / 32 samples
00:56.713  render           | Fra: 251 | Rendering 32 / 32 samples
00:56.723  render           | Video append frame 251
00:56.723  render           | Time: 00:00.18 (Saving: 00:00.00)
00:56.723  render           | Rendering frame 252
00:56.723  render           | Start rendering: MORI_Assembly_Animation, 视图层
00:56.723  render           | Engine: EEVEE
00:56.766  render           | Fra: 252 | Rendering 1 / 32 samples
00:56.868  render           | Fra: 252 | Rendering 25 / 32 samples
00:56.897  render           | Fra: 252 | Rendering 32 / 32 samples
00:56.906  render           | Video append frame 252
00:56.906  render           | Time: 00:00.18 (Saving: 00:00.00)
00:56.906  render           | Rendering frame 253
00:56.906  render           | Start rendering: MORI_Assembly_Animation, 视图层
00:56.906  render           | Engine: EEVEE
00:56.950  render           | Fra: 253 | Rendering 1 / 32 samples
00:57.051  render           | Fra: 253 | Rendering 25 / 32 samples
00:57.082  render           | Fra: 253 | Rendering 32 / 32 samples
00:57.117  render           | Video append frame 253
00:57.117  render           | Time: 00:00.21 (Saving: 00:00.02)
00:57.117  render           | Rendering frame 254
00:57.117  render           | Start rendering: MORI_Assembly_Animation, 视图层
00:57.117  render           | Engine: EEVEE
00:57.163  render           | Fra: 254 | Rendering 1 / 32 samples
00:57.266  render           | Fra: 254 | Rendering 25 / 32 samples
00:57.295  render           | Fra: 254 | Rendering 32 / 32 samples
00:57.305  render           | Video append frame 254
00:57.305  render           | Time: 00:00.18 (Saving: 00:00.00)
00:57.305  render           | Rendering frame 255
00:57.305  render           | Start rendering: MORI_Assembly_Animation, 视图层
00:57.305  render           | Engine: EEVEE
00:57.353  render           | Fra: 255 | Rendering 1 / 32 samples
00:57.457  render           | Fra: 255 | Rendering 25 / 32 samples
00:57.485  render           | Fra: 255 | Rendering 32 / 32 samples
00:57.541  render           | Video append frame 255
00:57.541  render           | Time: 00:00.23 (Saving: 00:00.04)
00:57.541  render           | Rendering frame 256
00:57.541  render           | Start rendering: MORI_Assembly_Animation, 视图层
00:57.541  render           | Engine: EEVEE
00:57.585  render           | Fra: 256 | Rendering 1 / 32 samples
00:57.691  render           | Fra: 256 | Rendering 25 / 32 samples
00:57.719  render           | Fra: 256 | Rendering 32 / 32 samples
00:57.730  render           | Video append frame 256
00:57.730  render           | Time: 00:00.18 (Saving: 00:00.00)
00:57.730  render           | Rendering frame 257
00:57.730  render           | Start rendering: MORI_Assembly_Animation, 视图层
00:57.730  render           | Engine: EEVEE
00:57.773  render           | Fra: 257 | Rendering 1 / 32 samples
00:57.877  render           | Fra: 257 | Rendering 25 / 32 samples
00:57.906  render           | Fra: 257 | Rendering 32 / 32 samples
00:57.944  render           | Video append frame 257
00:57.944  render           | Time: 00:00.21 (Saving: 00:00.02)
00:57.944  render           | Rendering frame 258
00:57.944  render           | Start rendering: MORI_Assembly_Animation, 视图层
00:57.944  render           | Engine: EEVEE
00:57.990  render           | Fra: 258 | Rendering 1 / 32 samples
00:58.094  render           | Fra: 258 | Rendering 25 / 32 samples
00:58.123  render           | Fra: 258 | Rendering 32 / 32 samples
00:58.132  render           | Video append frame 258
00:58.132  render           | Time: 00:00.18 (Saving: 00:00.00)
00:58.133  render           | Rendering frame 259
00:58.133  render           | Start rendering: MORI_Assembly_Animation, 视图层
00:58.133  render           | Engine: EEVEE
00:58.174  render           | Fra: 259 | Rendering 1 / 32 samples
00:58.277  render           | Fra: 259 | Rendering 25 / 32 samples
00:58.307  render           | Fra: 259 | Rendering 32 / 32 samples
00:58.331  render           | Video append frame 259
00:58.331  render           | Time: 00:00.19 (Saving: 00:00.02)
00:58.331  render           | Rendering frame 260
00:58.331  render           | Start rendering: MORI_Assembly_Animation, 视图层
00:58.331  render           | Engine: EEVEE
00:58.367  render           | Fra: 260 | Rendering 1 / 32 samples
00:58.469  render           | Fra: 260 | Rendering 25 / 32 samples
00:58.499  render           | Fra: 260 | Rendering 32 / 32 samples
00:58.508  render           | Video append frame 260
00:58.508  render           | Time: 00:00.17 (Saving: 00:00.00)
00:58.508  render           | Rendering frame 261
00:58.508  render           | Start rendering: MORI_Assembly_Animation, 视图层
00:58.508  render           | Engine: EEVEE
00:58.549  render           | Fra: 261 | Rendering 1 / 32 samples
00:58.650  render           | Fra: 261 | Rendering 25 / 32 samples
00:58.681  render           | Fra: 261 | Rendering 32 / 32 samples
00:58.690  render           | Video append frame 261
00:58.690  render           | Time: 00:00.18 (Saving: 00:00.00)
00:58.690  render           | Rendering frame 262
00:58.690  render           | Start rendering: MORI_Assembly_Animation, 视图层
00:58.690  render           | Engine: EEVEE
00:58.733  render           | Fra: 262 | Rendering 1 / 32 samples
00:58.836  render           | Fra: 262 | Rendering 25 / 32 samples
00:58.866  render           | Fra: 262 | Rendering 32 / 32 samples
00:58.876  render           | Video append frame 262
00:58.876  render           | Time: 00:00.18 (Saving: 00:00.00)
00:58.876  render           | Rendering frame 263
00:58.876  render           | Start rendering: MORI_Assembly_Animation, 视图层
00:58.876  render           | Engine: EEVEE
00:58.921  render           | Fra: 263 | Rendering 1 / 32 samples
00:59.027  render           | Fra: 263 | Rendering 25 / 32 samples
00:59.057  render           | Fra: 263 | Rendering 32 / 32 samples
00:59.066  render           | Video append frame 263
00:59.066  render           | Time: 00:00.18 (Saving: 00:00.00)
00:59.066  render           | Rendering frame 264
00:59.066  render           | Start rendering: MORI_Assembly_Animation, 视图层
00:59.066  render           | Engine: EEVEE
00:59.109  render           | Fra: 264 | Rendering 1 / 32 samples
00:59.213  render           | Fra: 264 | Rendering 25 / 32 samples
00:59.243  render           | Fra: 264 | Rendering 32 / 32 samples
00:59.254  render           | Video append frame 264
00:59.254  render           | Time: 00:00.18 (Saving: 00:00.00)
00:59.254  render           | Rendering frame 265
00:59.254  render           | Start rendering: MORI_Assembly_Animation, 视图层
00:59.254  render           | Engine: EEVEE
00:59.300  render           | Fra: 265 | Rendering 1 / 32 samples
00:59.403  render           | Fra: 265 | Rendering 25 / 32 samples
00:59.433  render           | Fra: 265 | Rendering 32 / 32 samples
00:59.443  render           | Video append frame 265
00:59.443  render           | Time: 00:00.18 (Saving: 00:00.00)
00:59.443  render           | Rendering frame 266
00:59.443  render           | Start rendering: MORI_Assembly_Animation, 视图层
00:59.443  render           | Engine: EEVEE
00:59.490  render           | Fra: 266 | Rendering 1 / 32 samples
00:59.593  render           | Fra: 266 | Rendering 25 / 32 samples
00:59.619  render           | Fra: 266 | Rendering 32 / 32 samples
00:59.631  render           | Video append frame 266
00:59.632  render           | Time: 00:00.18 (Saving: 00:00.00)
00:59.632  render           | Rendering frame 267
00:59.632  render           | Start rendering: MORI_Assembly_Animation, 视图层
00:59.632  render           | Engine: EEVEE
00:59.675  render           | Fra: 267 | Rendering 1 / 32 samples
00:59.775  render           | Fra: 267 | Rendering 25 / 32 samples
00:59.804  render           | Fra: 267 | Rendering 32 / 32 samples
00:59.815  render           | Video append frame 267
00:59.815  render           | Time: 00:00.18 (Saving: 00:00.00)
00:59.815  render           | Rendering frame 268
00:59.815  render           | Start rendering: MORI_Assembly_Animation, 视图层
00:59.815  render           | Engine: EEVEE
00:59.859  render           | Fra: 268 | Rendering 1 / 32 samples
00:59.960  render           | Fra: 268 | Rendering 25 / 32 samples
00:59.990  render           | Fra: 268 | Rendering 32 / 32 samples
00:59.999  render           | Video append frame 268
00:59.999  render           | Time: 00:00.18 (Saving: 00:00.00)
00:59.999  render           | Rendering frame 269
00:59.999  render           | Start rendering: MORI_Assembly_Animation, 视图层
00:59.999  render           | Engine: EEVEE
01:00.044  render           | Fra: 269 | Rendering 1 / 32 samples
01:00.145  render           | Fra: 269 | Rendering 25 / 32 samples
01:00.175  render           | Fra: 269 | Rendering 32 / 32 samples
01:00.200  render           | Video append frame 269
01:00.200  render           | Time: 00:00.20 (Saving: 00:00.01)
01:00.200  render           | Rendering frame 270
01:00.200  render           | Start rendering: MORI_Assembly_Animation, 视图层
01:00.200  render           | Engine: EEVEE
01:00.244  render           | Fra: 270 | Rendering 1 / 32 samples
01:00.349  render           | Fra: 270 | Rendering 25 / 32 samples
01:00.379  render           | Fra: 270 | Rendering 32 / 32 samples
01:00.389  render           | Video append frame 270
01:00.389  render           | Time: 00:00.18 (Saving: 00:00.00)
01:00.389  render           | Rendering frame 271
01:00.389  render           | Start rendering: MORI_Assembly_Animation, 视图层
01:00.389  render           | Engine: EEVEE
01:00.446  render           | Fra: 271 | Rendering 1 / 32 samples
01:00.561  render           | Fra: 271 | Rendering 25 / 32 samples
01:00.594  render           | Fra: 271 | Rendering 32 / 32 samples
01:00.625  render           | Video append frame 271
01:00.625  render           | Time: 00:00.23 (Saving: 00:00.02)
01:00.625  render           | Rendering frame 272
01:00.625  render           | Start rendering: MORI_Assembly_Animation, 视图层
01:00.625  render           | Engine: EEVEE
01:00.666  render           | Fra: 272 | Rendering 1 / 32 samples
01:00.773  render           | Fra: 272 | Rendering 25 / 32 samples
01:00.806  render           | Fra: 272 | Rendering 32 / 32 samples
01:00.816  render           | Video append frame 272
01:00.816  render           | Time: 00:00.19 (Saving: 00:00.00)
01:00.816  render           | Rendering frame 273
01:00.816  render           | Start rendering: MORI_Assembly_Animation, 视图层
01:00.816  render           | Engine: EEVEE
01:00.861  render           | Fra: 273 | Rendering 1 / 32 samples
01:00.974  render           | Fra: 273 | Rendering 25 / 32 samples
01:01.006  render           | Fra: 273 | Rendering 32 / 32 samples
01:01.016  render           | Video append frame 273
01:01.016  render           | Time: 00:00.20 (Saving: 00:00.00)
01:01.016  render           | Rendering frame 274
01:01.016  render           | Start rendering: MORI_Assembly_Animation, 视图层
01:01.016  render           | Engine: EEVEE
01:01.062  render           | Fra: 274 | Rendering 1 / 32 samples
01:01.174  render           | Fra: 274 | Rendering 25 / 32 samples
01:01.206  render           | Fra: 274 | Rendering 32 / 32 samples
01:01.216  render           | Video append frame 274
01:01.216  render           | Time: 00:00.19 (Saving: 00:00.00)
01:01.216  render           | Rendering frame 275
01:01.216  render           | Start rendering: MORI_Assembly_Animation, 视图层
01:01.216  render           | Engine: EEVEE
01:01.260  render           | Fra: 275 | Rendering 1 / 32 samples
01:01.367  render           | Fra: 275 | Rendering 25 / 32 samples
01:01.398  render           | Fra: 275 | Rendering 32 / 32 samples
01:01.408  render           | Video append frame 275
01:01.408  render           | Time: 00:00.19 (Saving: 00:00.00)
01:01.408  render           | Rendering frame 276
01:01.408  render           | Start rendering: MORI_Assembly_Animation, 视图层
01:01.408  render           | Engine: EEVEE
01:01.456  render           | Fra: 276 | Rendering 1 / 32 samples
01:01.567  render           | Fra: 276 | Rendering 25 / 32 samples
01:01.598  render           | Fra: 276 | Rendering 32 / 32 samples
01:01.623  render           | Video append frame 276
01:01.623  render           | Time: 00:00.21 (Saving: 00:00.02)
01:01.623  render           | Rendering frame 277
01:01.623  render           | Start rendering: MORI_Assembly_Animation, 视图层
01:01.623  render           | Engine: EEVEE
01:01.667  render           | Fra: 277 | Rendering 1 / 32 samples
01:01.775  render           | Fra: 277 | Rendering 25 / 32 samples
01:01.806  render           | Fra: 277 | Rendering 32 / 32 samples
01:01.816  render           | Video append frame 277
01:01.816  render           | Time: 00:00.19 (Saving: 00:00.00)
01:01.816  render           | Rendering frame 278
01:01.816  render           | Start rendering: MORI_Assembly_Animation, 视图层
01:01.816  render           | Engine: EEVEE
01:01.864  render           | Fra: 278 | Rendering 1 / 32 samples
01:01.973  render           | Fra: 278 | Rendering 25 / 32 samples
01:02.004  render           | Fra: 278 | Rendering 32 / 32 samples
01:02.016  render           | Video append frame 278
01:02.016  render           | Time: 00:00.20 (Saving: 00:00.00)
01:02.016  render           | Rendering frame 279
01:02.016  render           | Start rendering: MORI_Assembly_Animation, 视图层
01:02.016  render           | Engine: EEVEE
01:02.072  render           | Fra: 279 | Rendering 1 / 32 samples
01:02.176  render           | Fra: 279 | Rendering 25 / 32 samples
01:02.206  render           | Fra: 279 | Rendering 32 / 32 samples
01:02.218  render           | Video append frame 279
01:02.218  render           | Time: 00:00.20 (Saving: 00:00.00)
01:02.218  render           | Rendering frame 280
01:02.218  render           | Start rendering: MORI_Assembly_Animation, 视图层
01:02.218  render           | Engine: EEVEE
01:02.272  render           | Fra: 280 | Rendering 1 / 32 samples
01:02.378  render           | Fra: 280 | Rendering 25 / 32 samples
01:02.408  render           | Fra: 280 | Rendering 32 / 32 samples
01:02.419  render           | Video append frame 280
01:02.419  render           | Time: 00:00.20 (Saving: 00:00.00)
01:02.419  render           | Rendering frame 281
01:02.419  render           | Start rendering: MORI_Assembly_Animation, 视图层
01:02.419  render           | Engine: EEVEE
01:02.467  render           | Fra: 281 | Rendering 1 / 32 samples
01:02.571  render           | Fra: 281 | Rendering 25 / 32 samples
01:02.603  render           | Fra: 281 | Rendering 32 / 32 samples
01:02.613  render           | Video append frame 281
01:02.613  render           | Time: 00:00.19 (Saving: 00:00.00)
01:02.613  render           | Rendering frame 282
01:02.613  render           | Start rendering: MORI_Assembly_Animation, 视图层
01:02.613  render           | Engine: EEVEE
01:02.658  render           | Fra: 282 | Rendering 1 / 32 samples
01:02.761  render           | Fra: 282 | Rendering 25 / 32 samples
01:02.791  render           | Fra: 282 | Rendering 32 / 32 samples
01:02.801  render           | Video append frame 282
01:02.801  render           | Time: 00:00.18 (Saving: 00:00.00)
01:02.801  render           | Rendering frame 283
01:02.801  render           | Start rendering: MORI_Assembly_Animation, 视图层
01:02.801  render           | Engine: EEVEE
01:02.844  render           | Fra: 283 | Rendering 1 / 32 samples
01:02.948  render           | Fra: 283 | Rendering 25 / 32 samples
01:02.979  render           | Fra: 283 | Rendering 32 / 32 samples
01:03.011  render           | Video append frame 283
01:03.011  render           | Time: 00:00.20 (Saving: 00:00.02)
01:03.011  render           | Rendering frame 284
01:03.011  render           | Start rendering: MORI_Assembly_Animation, 视图层
01:03.011  render           | Engine: EEVEE
01:03.057  render           | Fra: 284 | Rendering 1 / 32 samples
01:03.162  render           | Fra: 284 | Rendering 25 / 32 samples
01:03.190  render           | Fra: 284 | Rendering 32 / 32 samples
01:03.201  render           | Video append frame 284
01:03.201  render           | Time: 00:00.19 (Saving: 00:00.00)
01:03.201  render           | Rendering frame 285
01:03.201  render           | Start rendering: MORI_Assembly_Animation, 视图层
01:03.201  render           | Engine: EEVEE
01:03.253  render           | Fra: 285 | Rendering 1 / 32 samples
01:03.363  render           | Fra: 285 | Rendering 25 / 32 samples
01:03.393  render           | Fra: 285 | Rendering 32 / 32 samples
01:03.404  render           | Video append frame 285
01:03.404  render           | Time: 00:00.20 (Saving: 00:00.00)
01:03.404  render           | Rendering frame 286
01:03.404  render           | Start rendering: MORI_Assembly_Animation, 视图层
01:03.404  render           | Engine: EEVEE
01:03.460  render           | Fra: 286 | Rendering 1 / 32 samples
01:03.571  render           | Fra: 286 | Rendering 25 / 32 samples
01:03.602  render           | Fra: 286 | Rendering 32 / 32 samples
01:03.615  render           | Video append frame 286
01:03.615  render           | Time: 00:00.21 (Saving: 00:00.00)
01:03.615  render           | Rendering frame 287
01:03.615  render           | Start rendering: MORI_Assembly_Animation, 视图层
01:03.615  render           | Engine: EEVEE
01:03.669  render           | Fra: 287 | Rendering 1 / 32 samples
01:03.773  render           | Fra: 287 | Rendering 25 / 32 samples
01:03.804  render           | Fra: 287 | Rendering 32 / 32 samples
01:03.815  render           | Video append frame 287
01:03.815  render           | Time: 00:00.20 (Saving: 00:00.00)
01:03.815  render           | Rendering frame 288
01:03.815  render           | Start rendering: MORI_Assembly_Animation, 视图层
01:03.815  render           | Engine: EEVEE
01:03.868  render           | Fra: 288 | Rendering 1 / 32 samples
01:03.972  render           | Fra: 288 | Rendering 25 / 32 samples
01:04.003  render           | Fra: 288 | Rendering 32 / 32 samples
01:04.013  render           | Video append frame 288
01:04.013  render           | Time: 00:00.19 (Saving: 00:00.00)
01:04.013  render           | Rendering frame 289
01:04.013  render           | Start rendering: MORI_Assembly_Animation, 视图层
01:04.013  render           | Engine: EEVEE
01:04.060  render           | Fra: 289 | Rendering 1 / 32 samples
01:04.165  render           | Fra: 289 | Rendering 25 / 32 samples
01:04.196  render           | Fra: 289 | Rendering 32 / 32 samples
01:04.208  render           | Video append frame 289
01:04.208  render           | Time: 00:00.19 (Saving: 00:00.00)
01:04.208  render           | Rendering frame 290
01:04.208  render           | Start rendering: MORI_Assembly_Animation, 视图层
01:04.208  render           | Engine: EEVEE
01:04.264  render           | Fra: 290 | Rendering 1 / 32 samples
01:04.370  render           | Fra: 290 | Rendering 25 / 32 samples
01:04.401  render           | Fra: 290 | Rendering 32 / 32 samples
01:04.411  render           | Video append frame 290
01:04.411  render           | Time: 00:00.20 (Saving: 00:00.00)
01:04.411  render           | Rendering frame 291
01:04.411  render           | Start rendering: MORI_Assembly_Animation, 视图层
01:04.411  render           | Engine: EEVEE
01:04.462  render           | Fra: 291 | Rendering 1 / 32 samples
01:04.569  render           | Fra: 291 | Rendering 25 / 32 samples
01:04.598  render           | Fra: 291 | Rendering 32 / 32 samples
01:04.631  render           | Video append frame 291
01:04.631  render           | Time: 00:00.22 (Saving: 00:00.02)
01:04.631  render           | Rendering frame 292
01:04.631  render           | Start rendering: MORI_Assembly_Animation, 视图层
01:04.631  render           | Engine: EEVEE
01:04.679  render           | Fra: 292 | Rendering 1 / 32 samples
01:04.784  render           | Fra: 292 | Rendering 25 / 32 samples
01:04.815  render           | Fra: 292 | Rendering 32 / 32 samples
01:04.826  render           | Video append frame 292
01:04.826  render           | Time: 00:00.19 (Saving: 00:00.00)
01:04.826  render           | Rendering frame 293
01:04.826  render           | Start rendering: MORI_Assembly_Animation, 视图层
01:04.826  render           | Engine: EEVEE
01:04.876  render           | Fra: 293 | Rendering 1 / 32 samples
01:04.981  render           | Fra: 293 | Rendering 25 / 32 samples
01:05.013  render           | Fra: 293 | Rendering 32 / 32 samples
01:05.023  render           | Video append frame 293
01:05.023  render           | Time: 00:00.19 (Saving: 00:00.00)
01:05.023  render           | Rendering frame 294
01:05.023  render           | Start rendering: MORI_Assembly_Animation, 视图层
01:05.023  render           | Engine: EEVEE
01:05.070  render           | Fra: 294 | Rendering 1 / 32 samples
01:05.174  render           | Fra: 294 | Rendering 25 / 32 samples
01:05.205  render           | Fra: 294 | Rendering 32 / 32 samples
01:05.215  render           | Video append frame 294
01:05.216  render           | Time: 00:00.19 (Saving: 00:00.00)
01:05.216  render           | Rendering frame 295
01:05.216  render           | Start rendering: MORI_Assembly_Animation, 视图层
01:05.216  render           | Engine: EEVEE
01:05.271  render           | Fra: 295 | Rendering 1 / 32 samples
01:05.375  render           | Fra: 295 | Rendering 25 / 32 samples
01:05.405  render           | Fra: 295 | Rendering 32 / 32 samples
01:05.416  render           | Video append frame 295
01:05.416  render           | Time: 00:00.20 (Saving: 00:00.00)
01:05.416  render           | Rendering frame 296
01:05.416  render           | Start rendering: MORI_Assembly_Animation, 视图层
01:05.416  render           | Engine: EEVEE
01:05.464  render           | Fra: 296 | Rendering 1 / 32 samples
01:05.567  render           | Fra: 296 | Rendering 25 / 32 samples
01:05.596  render           | Fra: 296 | Rendering 32 / 32 samples
01:05.607  render           | Video append frame 296
01:05.607  render           | Time: 00:00.19 (Saving: 00:00.00)
01:05.607  render           | Rendering frame 297
01:05.607  render           | Start rendering: MORI_Assembly_Animation, 视图层
01:05.607  render           | Engine: EEVEE
01:05.656  render           | Fra: 297 | Rendering 1 / 32 samples
01:05.756  render           | Fra: 297 | Rendering 25 / 32 samples
01:05.786  render           | Fra: 297 | Rendering 32 / 32 samples
01:05.798  render           | Video append frame 297
01:05.798  render           | Time: 00:00.19 (Saving: 00:00.00)
01:05.798  render           | Rendering frame 298
01:05.798  render           | Start rendering: MORI_Assembly_Animation, 视图层
01:05.798  render           | Engine: EEVEE
01:05.848  render           | Fra: 298 | Rendering 1 / 32 samples
01:05.950  render           | Fra: 298 | Rendering 25 / 32 samples
01:05.982  render           | Fra: 298 | Rendering 32 / 32 samples
01:05.992  render           | Video append frame 298
01:05.992  render           | Time: 00:00.19 (Saving: 00:00.00)
01:05.992  render           | Rendering frame 299
01:05.992  render           | Start rendering: MORI_Assembly_Animation, 视图层
01:05.992  render           | Engine: EEVEE
01:06.039  render           | Fra: 299 | Rendering 1 / 32 samples
01:06.145  render           | Fra: 299 | Rendering 25 / 32 samples
01:06.175  render           | Fra: 299 | Rendering 32 / 32 samples
01:06.215  render           | Video append frame 299
01:06.215  render           | Time: 00:00.22 (Saving: 00:00.02)
01:06.215  render           | Rendering frame 300
01:06.215  render           | Start rendering: MORI_Assembly_Animation, 视图层
01:06.215  render           | Engine: EEVEE
01:06.263  render           | Fra: 300 | Rendering 1 / 32 samples
01:06.367  render           | Fra: 300 | Rendering 25 / 32 samples
01:06.398  render           | Fra: 300 | Rendering 32 / 32 samples
01:06.408  render           | Video append frame 300
01:06.408  render           | Time: 00:00.19 (Saving: 00:00.00)
01:06.408  render           | Rendering frame 301
01:06.408  render           | Start rendering: MORI_Assembly_Animation, 视图层
01:06.408  render           | Engine: EEVEE
01:06.458  render           | Fra: 301 | Rendering 1 / 32 samples
01:06.564  render           | Fra: 301 | Rendering 25 / 32 samples
01:06.593  render           | Fra: 301 | Rendering 32 / 32 samples
01:06.603  render           | Video append frame 301
01:06.603  render           | Time: 00:00.19 (Saving: 00:00.00)
01:06.603  render           | Rendering frame 302
01:06.603  render           | Start rendering: MORI_Assembly_Animation, 视图层
01:06.603  render           | Engine: EEVEE
01:06.648  render           | Fra: 302 | Rendering 1 / 32 samples
01:06.751  render           | Fra: 302 | Rendering 25 / 32 samples
01:06.780  render           | Fra: 302 | Rendering 32 / 32 samples
01:06.790  render           | Video append frame 302
01:06.790  render           | Time: 00:00.18 (Saving: 00:00.00)
01:06.790  render           | Rendering frame 303
01:06.790  render           | Start rendering: MORI_Assembly_Animation, 视图层
01:06.790  render           | Engine: EEVEE
01:06.837  render           | Fra: 303 | Rendering 1 / 32 samples
01:06.942  render           | Fra: 303 | Rendering 25 / 32 samples
01:06.973  render           | Fra: 303 | Rendering 32 / 32 samples
01:06.983  render           | Video append frame 303
01:06.983  render           | Time: 00:00.19 (Saving: 00:00.00)
01:06.983  render           | Rendering frame 304
01:06.983  render           | Start rendering: MORI_Assembly_Animation, 视图层
01:06.983  render           | Engine: EEVEE
01:07.030  render           | Fra: 304 | Rendering 1 / 32 samples
01:07.134  render           | Fra: 304 | Rendering 25 / 32 samples
01:07.164  render           | Fra: 304 | Rendering 32 / 32 samples
01:07.178  render           | Video append frame 304
01:07.178  render           | Time: 00:00.19 (Saving: 00:00.00)
01:07.178  render           | Rendering frame 305
01:07.178  render           | Start rendering: MORI_Assembly_Animation, 视图层
01:07.178  render           | Engine: EEVEE
01:07.230  render           | Fra: 305 | Rendering 1 / 32 samples
01:07.334  render           | Fra: 305 | Rendering 25 / 32 samples
01:07.365  render           | Fra: 305 | Rendering 32 / 32 samples
01:07.375  render           | Video append frame 305
01:07.375  render           | Time: 00:00.19 (Saving: 00:00.00)
01:07.375  render           | Rendering frame 306
01:07.375  render           | Start rendering: MORI_Assembly_Animation, 视图层
01:07.375  render           | Engine: EEVEE
01:07.426  render           | Fra: 306 | Rendering 1 / 32 samples
01:07.531  render           | Fra: 306 | Rendering 25 / 32 samples
01:07.561  render           | Fra: 306 | Rendering 32 / 32 samples
01:07.572  render           | Video append frame 306
01:07.572  render           | Time: 00:00.19 (Saving: 00:00.00)
01:07.572  render           | Rendering frame 307
01:07.572  render           | Start rendering: MORI_Assembly_Animation, 视图层
01:07.572  render           | Engine: EEVEE
01:07.616  render           | Fra: 307 | Rendering 1 / 32 samples
01:07.719  render           | Fra: 307 | Rendering 25 / 32 samples
01:07.750  render           | Fra: 307 | Rendering 32 / 32 samples
01:07.763  render           | Video append frame 307
01:07.763  render           | Time: 00:00.19 (Saving: 00:00.00)
01:07.763  render           | Rendering frame 308
01:07.763  render           | Start rendering: MORI_Assembly_Animation, 视图层
01:07.763  render           | Engine: EEVEE
01:07.812  render           | Fra: 308 | Rendering 1 / 32 samples
01:07.915  render           | Fra: 308 | Rendering 25 / 32 samples
01:07.946  render           | Fra: 308 | Rendering 32 / 32 samples
01:07.957  render           | Video append frame 308
01:07.957  render           | Time: 00:00.19 (Saving: 00:00.00)
01:07.957  render           | Rendering frame 309
01:07.957  render           | Start rendering: MORI_Assembly_Animation, 视图层
01:07.957  render           | Engine: EEVEE
01:08.003  render           | Fra: 309 | Rendering 1 / 32 samples
01:08.107  render           | Fra: 309 | Rendering 25 / 32 samples
01:08.137  render           | Fra: 309 | Rendering 32 / 32 samples
01:08.168  render           | Video append frame 309
01:08.168  render           | Time: 00:00.21 (Saving: 00:00.02)
01:08.168  render           | Rendering frame 310
01:08.168  render           | Start rendering: MORI_Assembly_Animation, 视图层
01:08.168  render           | Engine: EEVEE
01:08.217  render           | Fra: 310 | Rendering 1 / 32 samples
01:08.323  render           | Fra: 310 | Rendering 25 / 32 samples
01:08.351  render           | Fra: 310 | Rendering 32 / 32 samples
01:08.362  render           | Video append frame 310
01:08.362  render           | Time: 00:00.19 (Saving: 00:00.00)
01:08.362  render           | Rendering frame 311
01:08.362  render           | Start rendering: MORI_Assembly_Animation, 视图层
01:08.362  render           | Engine: EEVEE
01:08.413  render           | Fra: 311 | Rendering 1 / 32 samples
01:08.518  render           | Fra: 311 | Rendering 25 / 32 samples
01:08.547  render           | Fra: 311 | Rendering 32 / 32 samples
01:08.558  render           | Video append frame 311
01:08.558  render           | Time: 00:00.19 (Saving: 00:00.00)
01:08.558  render           | Rendering frame 312
01:08.558  render           | Start rendering: MORI_Assembly_Animation, 视图层
01:08.558  render           | Engine: EEVEE
01:08.600  render           | Fra: 312 | Rendering 1 / 32 samples
01:08.704  render           | Fra: 312 | Rendering 25 / 32 samples
01:08.735  render           | Fra: 312 | Rendering 32 / 32 samples
01:08.756  render           | Video append frame 312
01:08.756  render           | Time: 00:00.19 (Saving: 00:00.01)
01:08.756  render           | Rendering frame 313
01:08.756  render           | Start rendering: MORI_Assembly_Animation, 视图层
01:08.756  render           | Engine: EEVEE
01:08.813  render           | Fra: 313 | Rendering 1 / 32 samples
01:08.917  render           | Fra: 313 | Rendering 25 / 32 samples
01:08.948  render           | Fra: 313 | Rendering 32 / 32 samples
01:08.960  render           | Video append frame 313
01:08.960  render           | Time: 00:00.20 (Saving: 00:00.00)
01:08.960  render           | Rendering frame 314
01:08.960  render           | Start rendering: MORI_Assembly_Animation, 视图层
01:08.960  render           | Engine: EEVEE
01:09.010  render           | Fra: 314 | Rendering 1 / 32 samples
01:09.117  render           | Fra: 314 | Rendering 25 / 32 samples
01:09.148  render           | Fra: 314 | Rendering 32 / 32 samples
01:09.158  render           | Video append frame 314
01:09.158  render           | Time: 00:00.19 (Saving: 00:00.00)
01:09.158  render           | Rendering frame 315
01:09.158  render           | Start rendering: MORI_Assembly_Animation, 视图层
01:09.158  render           | Engine: EEVEE
01:09.208  render           | Fra: 315 | Rendering 1 / 32 samples
01:09.312  render           | Fra: 315 | Rendering 25 / 32 samples
01:09.343  render           | Fra: 315 | Rendering 32 / 32 samples
01:09.354  render           | Video append frame 315
01:09.354  render           | Time: 00:00.19 (Saving: 00:00.00)
01:09.354  render           | Rendering frame 316
01:09.354  render           | Start rendering: MORI_Assembly_Animation, 视图层
01:09.354  render           | Engine: EEVEE
01:09.404  render           | Fra: 316 | Rendering 1 / 32 samples
01:09.507  render           | Fra: 316 | Rendering 25 / 32 samples
01:09.539  render           | Fra: 316 | Rendering 32 / 32 samples
01:09.549  render           | Video append frame 316
01:09.549  render           | Time: 00:00.19 (Saving: 00:00.00)
01:09.549  render           | Rendering frame 317
01:09.549  render           | Start rendering: MORI_Assembly_Animation, 视图层
01:09.549  render           | Engine: EEVEE
01:09.596  render           | Fra: 317 | Rendering 1 / 32 samples
01:09.700  render           | Fra: 317 | Rendering 25 / 32 samples
01:09.731  render           | Fra: 317 | Rendering 32 / 32 samples
01:09.757  render           | Video append frame 317
01:09.757  render           | Time: 00:00.20 (Saving: 00:00.02)
01:09.757  render           | Rendering frame 318
01:09.757  render           | Start rendering: MORI_Assembly_Animation, 视图层
01:09.757  render           | Engine: EEVEE
01:09.806  render           | Fra: 318 | Rendering 1 / 32 samples
01:09.909  render           | Fra: 318 | Rendering 25 / 32 samples
01:09.940  render           | Fra: 318 | Rendering 32 / 32 samples
01:09.950  render           | Video append frame 318
01:09.950  render           | Time: 00:00.19 (Saving: 00:00.00)
01:09.950  render           | Rendering frame 319
01:09.950  render           | Start rendering: MORI_Assembly_Animation, 视图层
01:09.950  render           | Engine: EEVEE
01:09.997  render           | Fra: 319 | Rendering 1 / 32 samples
01:10.102  render           | Fra: 319 | Rendering 25 / 32 samples
01:10.133  render           | Fra: 319 | Rendering 32 / 32 samples
01:10.143  render           | Video append frame 319
01:10.143  render           | Time: 00:00.19 (Saving: 00:00.00)
01:10.143  render           | Rendering frame 320
01:10.143  render           | Start rendering: MORI_Assembly_Animation, 视图层
01:10.143  render           | Engine: EEVEE
01:10.190  render           | Fra: 320 | Rendering 1 / 32 samples
01:10.294  render           | Fra: 320 | Rendering 25 / 32 samples
01:10.325  render           | Fra: 320 | Rendering 32 / 32 samples
01:10.335  render           | Video append frame 320
01:10.335  render           | Time: 00:00.19 (Saving: 00:00.00)
01:10.335  render           | Rendering frame 321
01:10.335  render           | Start rendering: MORI_Assembly_Animation, 视图层
01:10.335  render           | Engine: EEVEE
01:10.386  render           | Fra: 321 | Rendering 1 / 32 samples
01:10.492  render           | Fra: 321 | Rendering 25 / 32 samples
01:10.520  render           | Fra: 321 | Rendering 32 / 32 samples
01:10.531  render           | Video append frame 321
01:10.531  render           | Time: 00:00.19 (Saving: 00:00.00)
01:10.531  render           | Rendering frame 322
01:10.532  render           | Start rendering: MORI_Assembly_Animation, 视图层
01:10.532  render           | Engine: EEVEE
01:10.579  render           | Fra: 322 | Rendering 1 / 32 samples
01:10.680  render           | Fra: 322 | Rendering 25 / 32 samples
01:10.710  render           | Fra: 322 | Rendering 32 / 32 samples
01:10.727  render           | Video append frame 322
01:10.727  render           | Time: 00:00.19 (Saving: 00:00.00)
01:10.727  render           | Rendering frame 323
01:10.727  render           | Start rendering: MORI_Assembly_Animation, 视图层
01:10.727  render           | Engine: EEVEE
01:10.777  render           | Fra: 323 | Rendering 1 / 32 samples
01:10.882  render           | Fra: 323 | Rendering 25 / 32 samples
01:10.912  render           | Fra: 323 | Rendering 32 / 32 samples
01:10.923  render           | Video append frame 323
01:10.923  render           | Time: 00:00.19 (Saving: 00:00.00)
01:10.923  render           | Rendering frame 324
01:10.923  render           | Start rendering: MORI_Assembly_Animation, 视图层
01:10.923  render           | Engine: EEVEE
01:10.972  render           | Fra: 324 | Rendering 1 / 32 samples
01:11.074  render           | Fra: 324 | Rendering 25 / 32 samples
01:11.105  render           | Fra: 324 | Rendering 32 / 32 samples
01:11.115  render           | Video append frame 324
01:11.115  render           | Time: 00:00.19 (Saving: 00:00.00)
01:11.115  render           | Rendering frame 325
01:11.115  render           | Start rendering: MORI_Assembly_Animation, 视图层
01:11.115  render           | Engine: EEVEE
01:11.160  render           | Fra: 325 | Rendering 1 / 32 samples
01:11.266  render           | Fra: 325 | Rendering 25 / 32 samples
01:11.295  render           | Fra: 325 | Rendering 32 / 32 samples
01:11.306  render           | Video append frame 325
01:11.306  render           | Time: 00:00.19 (Saving: 00:00.00)
01:11.306  render           | Rendering frame 326
01:11.306  render           | Start rendering: MORI_Assembly_Animation, 视图层
01:11.306  render           | Engine: EEVEE
01:11.352  render           | Fra: 326 | Rendering 1 / 32 samples
01:11.461  render           | Fra: 326 | Rendering 25 / 32 samples
01:11.488  render           | Fra: 326 | Rendering 32 / 32 samples
01:11.499  render           | Video append frame 326
01:11.499  render           | Time: 00:00.19 (Saving: 00:00.00)
01:11.499  render           | Rendering frame 327
01:11.499  render           | Start rendering: MORI_Assembly_Animation, 视图层
01:11.499  render           | Engine: EEVEE
01:11.550  render           | Fra: 327 | Rendering 1 / 32 samples
01:11.654  render           | Fra: 327 | Rendering 25 / 32 samples
01:11.683  render           | Fra: 327 | Rendering 32 / 32 samples
01:11.696  render           | Video append frame 327
01:11.696  render           | Time: 00:00.19 (Saving: 00:00.00)
01:11.696  render           | Rendering frame 328
01:11.696  render           | Start rendering: MORI_Assembly_Animation, 视图层
01:11.696  render           | Engine: EEVEE
01:11.748  render           | Fra: 328 | Rendering 1 / 32 samples
01:11.858  render           | Fra: 328 | Rendering 25 / 32 samples
01:11.886  render           | Fra: 328 | Rendering 32 / 32 samples
01:11.900  render           | Video append frame 328
01:11.900  render           | Time: 00:00.20 (Saving: 00:00.00)
01:11.900  render           | Rendering frame 329
01:11.900  render           | Start rendering: MORI_Assembly_Animation, 视图层
01:11.900  render           | Engine: EEVEE
01:11.950  render           | Fra: 329 | Rendering 1 / 32 samples
01:12.060  render           | Fra: 329 | Rendering 25 / 32 samples
01:12.092  render           | Fra: 329 | Rendering 32 / 32 samples
01:12.103  render           | Video append frame 329
01:12.104  render           | Time: 00:00.20 (Saving: 00:00.00)
01:12.104  render           | Rendering frame 330
01:12.104  render           | Start rendering: MORI_Assembly_Animation, 视图层
01:12.104  render           | Engine: EEVEE
01:12.147  render           | Fra: 330 | Rendering 1 / 32 samples
01:12.253  render           | Fra: 330 | Rendering 25 / 32 samples
01:12.284  render           | Fra: 330 | Rendering 32 / 32 samples
01:12.296  render           | Video append frame 330
01:12.296  render           | Time: 00:00.19 (Saving: 00:00.00)
01:12.296  render           | Rendering frame 331
01:12.296  render           | Start rendering: MORI_Assembly_Animation, 视图层
01:12.296  render           | Engine: EEVEE
01:12.358  render           | Fra: 331 | Rendering 1 / 32 samples
01:12.465  render           | Fra: 331 | Rendering 25 / 32 samples
01:12.496  render           | Fra: 331 | Rendering 32 / 32 samples
01:12.508  render           | Video append frame 331
01:12.508  render           | Time: 00:00.21 (Saving: 00:00.00)
01:12.508  render           | Rendering frame 332
01:12.508  render           | Start rendering: MORI_Assembly_Animation, 视图层
01:12.508  render           | Engine: EEVEE
01:12.558  render           | Fra: 332 | Rendering 1 / 32 samples
01:12.660  render           | Fra: 332 | Rendering 25 / 32 samples
01:12.691  render           | Fra: 332 | Rendering 32 / 32 samples
01:12.704  render           | Video append frame 332
01:12.704  render           | Time: 00:00.19 (Saving: 00:00.00)
01:12.704  render           | Rendering frame 333
01:12.704  render           | Start rendering: MORI_Assembly_Animation, 视图层
01:12.704  render           | Engine: EEVEE
01:12.753  render           | Fra: 333 | Rendering 1 / 32 samples
01:12.859  render           | Fra: 333 | Rendering 25 / 32 samples
01:12.886  render           | Fra: 333 | Rendering 32 / 32 samples
01:12.899  render           | Video append frame 333
01:12.899  render           | Time: 00:00.19 (Saving: 00:00.00)
01:12.899  render           | Rendering frame 334
01:12.899  render           | Start rendering: MORI_Assembly_Animation, 视图层
01:12.899  render           | Engine: EEVEE
01:12.948  render           | Fra: 334 | Rendering 1 / 32 samples
01:13.053  render           | Fra: 334 | Rendering 25 / 32 samples
01:13.083  render           | Fra: 334 | Rendering 32 / 32 samples
01:13.120  render           | Video append frame 334
01:13.120  render           | Time: 00:00.22 (Saving: 00:00.03)
01:13.120  render           | Rendering frame 335
01:13.120  render           | Start rendering: MORI_Assembly_Animation, 视图层
01:13.120  render           | Engine: EEVEE
01:13.161  render           | Fra: 335 | Rendering 1 / 32 samples
01:13.271  render           | Fra: 335 | Rendering 25 / 32 samples
01:13.302  render           | Fra: 335 | Rendering 32 / 32 samples
01:13.314  render           | Video append frame 335
01:13.314  render           | Time: 00:00.19 (Saving: 00:00.00)
01:13.314  render           | Rendering frame 336
01:13.314  render           | Start rendering: MORI_Assembly_Animation, 视图层
01:13.314  render           | Engine: EEVEE
01:13.368  render           | Fra: 336 | Rendering 1 / 32 samples
01:13.474  render           | Fra: 336 | Rendering 25 / 32 samples
01:13.504  render           | Fra: 336 | Rendering 32 / 32 samples
01:13.515  render           | Video append frame 336
01:13.515  render           | Time: 00:00.20 (Saving: 00:00.00)
01:13.515  render           | Rendering frame 337
01:13.515  render           | Start rendering: MORI_Assembly_Animation, 视图层
01:13.515  render           | Engine: EEVEE
01:13.566  render           | Fra: 337 | Rendering 1 / 32 samples
01:13.669  render           | Fra: 337 | Rendering 25 / 32 samples
01:13.700  render           | Fra: 337 | Rendering 32 / 32 samples
01:13.710  render           | Video append frame 337
01:13.710  render           | Time: 00:00.19 (Saving: 00:00.00)
01:13.710  render           | Rendering frame 338
01:13.710  render           | Start rendering: MORI_Assembly_Animation, 视图层
01:13.710  render           | Engine: EEVEE
01:13.761  render           | Fra: 338 | Rendering 1 / 32 samples
01:13.866  render           | Fra: 338 | Rendering 25 / 32 samples
01:13.895  render           | Fra: 338 | Rendering 32 / 32 samples
01:13.906  render           | Video append frame 338
01:13.906  render           | Time: 00:00.19 (Saving: 00:00.00)
01:13.906  render           | Rendering frame 339
01:13.906  render           | Start rendering: MORI_Assembly_Animation, 视图层
01:13.906  render           | Engine: EEVEE
01:13.954  render           | Fra: 339 | Rendering 1 / 32 samples
01:14.062  render           | Fra: 339 | Rendering 25 / 32 samples
01:14.093  render           | Fra: 339 | Rendering 32 / 32 samples
01:14.146  render           | Video append frame 339
01:14.146  render           | Time: 00:00.23 (Saving: 00:00.04)
01:14.146  render           | Rendering frame 340
01:14.146  render           | Start rendering: MORI_Assembly_Animation, 视图层
01:14.146  render           | Engine: EEVEE
01:14.190  render           | Fra: 340 | Rendering 1 / 32 samples
01:14.305  render           | Fra: 340 | Rendering 25 / 32 samples
01:14.337  render           | Fra: 340 | Rendering 32 / 32 samples
01:14.349  render           | Video append frame 340
01:14.349  render           | Time: 00:00.20 (Saving: 00:00.00)
01:14.349  render           | Rendering frame 341
01:14.349  render           | Start rendering: MORI_Assembly_Animation, 视图层
01:14.349  render           | Engine: EEVEE
01:14.404  render           | Fra: 341 | Rendering 1 / 32 samples
01:14.527  render           | Fra: 341 | Rendering 25 / 32 samples
01:14.566  render           | Fra: 341 | Rendering 32 / 32 samples
01:14.575  render           | Video append frame 341
01:14.575  render           | Time: 00:00.22 (Saving: 00:00.00)
01:14.575  render           | Rendering frame 342
01:14.575  render           | Start rendering: MORI_Assembly_Animation, 视图层
01:14.575  render           | Engine: EEVEE
01:14.626  render           | Fra: 342 | Rendering 1 / 32 samples
01:14.751  render           | Fra: 342 | Rendering 25 / 32 samples
01:14.790  render           | Fra: 342 | Rendering 32 / 32 samples
01:14.800  render           | Video append frame 342
01:14.800  render           | Time: 00:00.22 (Saving: 00:00.00)
01:14.800  render           | Rendering frame 343
01:14.800  render           | Start rendering: MORI_Assembly_Animation, 视图层
01:14.800  render           | Engine: EEVEE
01:14.850  render           | Fra: 343 | Rendering 1 / 32 samples
01:14.984  render           | Fra: 343 | Rendering 25 / 32 samples
01:15.027  render           | Fra: 343 | Rendering 32 / 32 samples
01:15.037  render           | Video append frame 343
01:15.037  render           | Time: 00:00.23 (Saving: 00:00.00)
01:15.037  render           | Rendering frame 344
01:15.037  render           | Start rendering: MORI_Assembly_Animation, 视图层
01:15.037  render           | Engine: EEVEE
01:15.085  render           | Fra: 344 | Rendering 1 / 32 samples
01:15.216  render           | Fra: 344 | Rendering 25 / 32 samples
01:15.253  render           | Fra: 344 | Rendering 32 / 32 samples
01:15.265  render           | Video append frame 344
01:15.265  render           | Time: 00:00.22 (Saving: 00:00.00)
01:15.265  render           | Rendering frame 345
01:15.265  render           | Start rendering: MORI_Assembly_Animation, 视图层
01:15.265  render           | Engine: EEVEE
01:15.313  render           | Fra: 345 | Rendering 1 / 32 samples
01:15.448  render           | Fra: 345 | Rendering 25 / 32 samples
01:15.487  render           | Fra: 345 | Rendering 32 / 32 samples
01:15.498  render           | Video append frame 345
01:15.498  render           | Time: 00:00.23 (Saving: 00:00.00)
01:15.498  render           | Rendering frame 346
01:15.498  render           | Start rendering: MORI_Assembly_Animation, 视图层
01:15.498  render           | Engine: EEVEE
01:15.543  render           | Fra: 346 | Rendering 1 / 32 samples
01:15.677  render           | Fra: 346 | Rendering 25 / 32 samples
01:15.715  render           | Fra: 346 | Rendering 32 / 32 samples
01:15.727  render           | Video append frame 346
01:15.727  render           | Time: 00:00.22 (Saving: 00:00.00)
01:15.727  render           | Rendering frame 347
01:15.727  render           | Start rendering: MORI_Assembly_Animation, 视图层
01:15.727  render           | Engine: EEVEE
01:15.776  render           | Fra: 347 | Rendering 1 / 32 samples
01:15.911  render           | Fra: 347 | Rendering 25 / 32 samples
01:15.949  render           | Fra: 347 | Rendering 32 / 32 samples
01:15.959  render           | Video append frame 347
01:15.959  render           | Time: 00:00.23 (Saving: 00:00.00)
01:15.959  render           | Rendering frame 348
01:15.959  render           | Start rendering: MORI_Assembly_Animation, 视图层
01:15.959  render           | Engine: EEVEE
01:16.009  render           | Fra: 348 | Rendering 1 / 32 samples
01:16.142  render           | Fra: 348 | Rendering 25 / 32 samples
01:16.181  render           | Fra: 348 | Rendering 32 / 32 samples
01:16.191  render           | Video append frame 348
01:16.191  render           | Time: 00:00.23 (Saving: 00:00.00)
01:16.191  render           | Rendering frame 349
01:16.191  render           | Start rendering: MORI_Assembly_Animation, 视图层
01:16.191  render           | Engine: EEVEE
01:16.240  render           | Fra: 349 | Rendering 1 / 32 samples
01:16.371  render           | Fra: 349 | Rendering 25 / 32 samples
01:16.408  render           | Fra: 349 | Rendering 32 / 32 samples
01:16.421  render           | Video append frame 349
01:16.421  render           | Time: 00:00.23 (Saving: 00:00.00)
01:16.421  render           | Rendering frame 350
01:16.421  render           | Start rendering: MORI_Assembly_Animation, 视图层
01:16.421  render           | Engine: EEVEE
01:16.464  render           | Fra: 350 | Rendering 1 / 32 samples
01:16.594  render           | Fra: 350 | Rendering 25 / 32 samples
01:16.632  render           | Fra: 350 | Rendering 32 / 32 samples
01:16.641  render           | Video append frame 350
01:16.641  render           | Time: 00:00.21 (Saving: 00:00.00)
01:16.641  render           | Rendering frame 351
01:16.641  render           | Start rendering: MORI_Assembly_Animation, 视图层
01:16.641  render           | Engine: EEVEE
01:16.689  render           | Fra: 351 | Rendering 1 / 32 samples
01:16.819  render           | Fra: 351 | Rendering 25 / 32 samples
01:16.859  render           | Fra: 351 | Rendering 32 / 32 samples
01:16.889  render           | Video append frame 351
01:16.889  render           | Time: 00:00.24 (Saving: 00:00.02)
01:16.889  render           | Rendering frame 352
01:16.889  render           | Start rendering: MORI_Assembly_Animation, 视图层
01:16.889  render           | Engine: EEVEE
01:16.937  render           | Fra: 352 | Rendering 1 / 32 samples
01:17.071  render           | Fra: 352 | Rendering 25 / 32 samples
01:17.110  render           | Fra: 352 | Rendering 32 / 32 samples
01:17.118  render           | Video append frame 352
01:17.118  render           | Time: 00:00.22 (Saving: 00:00.00)
01:17.118  render           | Rendering frame 353
01:17.118  render           | Start rendering: MORI_Assembly_Animation, 视图层
01:17.118  render           | Engine: EEVEE
01:17.169  render           | Fra: 353 | Rendering 1 / 32 samples
01:17.303  render           | Fra: 353 | Rendering 25 / 32 samples
01:17.342  render           | Fra: 353 | Rendering 32 / 32 samples
01:17.352  render           | Video append frame 353
01:17.352  render           | Time: 00:00.23 (Saving: 00:00.00)
01:17.352  render           | Rendering frame 354
01:17.352  render           | Start rendering: MORI_Assembly_Animation, 视图层
01:17.352  render           | Engine: EEVEE
01:17.401  render           | Fra: 354 | Rendering 1 / 32 samples
01:17.538  render           | Fra: 354 | Rendering 25 / 32 samples
01:17.576  render           | Fra: 354 | Rendering 32 / 32 samples
01:17.586  render           | Video append frame 354
01:17.586  render           | Time: 00:00.23 (Saving: 00:00.00)
01:17.586  render           | Rendering frame 355
01:17.586  render           | Start rendering: MORI_Assembly_Animation, 视图层
01:17.586  render           | Engine: EEVEE
01:17.632  render           | Fra: 355 | Rendering 1 / 32 samples
01:17.766  render           | Fra: 355 | Rendering 25 / 32 samples
01:17.803  render           | Fra: 355 | Rendering 32 / 32 samples
01:17.813  render           | Video append frame 355
01:17.813  render           | Time: 00:00.22 (Saving: 00:00.00)
01:17.813  render           | Rendering frame 356
01:17.813  render           | Start rendering: MORI_Assembly_Animation, 视图层
01:17.813  render           | Engine: EEVEE
01:17.865  render           | Fra: 356 | Rendering 1 / 32 samples
01:18.000  render           | Fra: 356 | Rendering 25 / 32 samples
01:18.037  render           | Fra: 356 | Rendering 32 / 32 samples
01:18.046  render           | Video append frame 356
01:18.046  render           | Time: 00:00.23 (Saving: 00:00.00)
01:18.046  render           | Rendering frame 357
01:18.046  render           | Start rendering: MORI_Assembly_Animation, 视图层
01:18.046  render           | Engine: EEVEE
01:18.093  render           | Fra: 357 | Rendering 1 / 32 samples
01:18.222  render           | Fra: 357 | Rendering 25 / 32 samples
01:18.261  render           | Fra: 357 | Rendering 32 / 32 samples
01:18.272  render           | Video append frame 357
01:18.272  render           | Time: 00:00.22 (Saving: 00:00.00)
01:18.272  render           | Rendering frame 358
01:18.272  render           | Start rendering: MORI_Assembly_Animation, 视图层
01:18.272  render           | Engine: EEVEE
01:18.321  render           | Fra: 358 | Rendering 1 / 32 samples
01:18.452  render           | Fra: 358 | Rendering 25 / 32 samples
01:18.494  render           | Fra: 358 | Rendering 32 / 32 samples
01:18.504  render           | Video append frame 358
01:18.504  render           | Time: 00:00.23 (Saving: 00:00.00)
01:18.504  render           | Rendering frame 359
01:18.504  render           | Start rendering: MORI_Assembly_Animation, 视图层
01:18.504  render           | Engine: EEVEE
01:18.552  render           | Fra: 359 | Rendering 1 / 32 samples
01:18.681  render           | Fra: 359 | Rendering 25 / 32 samples
01:18.720  render           | Fra: 359 | Rendering 32 / 32 samples
01:18.732  render           | Video append frame 359
01:18.732  render           | Time: 00:00.22 (Saving: 00:00.00)
01:18.732  render           | Rendering frame 360
01:18.733  render           | Start rendering: MORI_Assembly_Animation, 视图层
01:18.733  render           | Engine: EEVEE
01:18.784  render           | Fra: 360 | Rendering 1 / 32 samples
01:18.918  render           | Fra: 360 | Rendering 25 / 32 samples
01:18.960  render           | Fra: 360 | Rendering 32 / 32 samples
01:18.970  render           | Video append frame 360
01:18.970  render           | Time: 00:00.23 (Saving: 00:00.00)
01:18.970  render           | Rendering frame 361
01:18.970  render           | Start rendering: MORI_Assembly_Animation, 视图层
01:18.970  render           | Engine: EEVEE
01:19.015  render           | Fra: 361 | Rendering 1 / 32 samples
01:19.145  render           | Fra: 361 | Rendering 25 / 32 samples
01:19.182  render           | Fra: 361 | Rendering 32 / 32 samples
01:19.193  render           | Video append frame 361
01:19.193  render           | Time: 00:00.22 (Saving: 00:00.00)
01:19.193  render           | Rendering frame 362
01:19.193  render           | Start rendering: MORI_Assembly_Animation, 视图层
01:19.193  render           | Engine: EEVEE
01:19.245  render           | Fra: 362 | Rendering 1 / 32 samples
01:19.381  render           | Fra: 362 | Rendering 25 / 32 samples
01:19.421  render           | Fra: 362 | Rendering 32 / 32 samples
01:19.432  render           | Video append frame 362
01:19.432  render           | Time: 00:00.23 (Saving: 00:00.00)
01:19.432  render           | Rendering frame 363
01:19.432  render           | Start rendering: MORI_Assembly_Animation, 视图层
01:19.432  render           | Engine: EEVEE
01:19.473  render           | Fra: 363 | Rendering 1 / 32 samples
01:19.608  render           | Fra: 363 | Rendering 25 / 32 samples
01:19.647  render           | Fra: 363 | Rendering 32 / 32 samples
01:19.660  render           | Video append frame 363
01:19.660  render           | Time: 00:00.22 (Saving: 00:00.00)
01:19.660  render           | Rendering frame 364
01:19.660  render           | Start rendering: MORI_Assembly_Animation, 视图层
01:19.660  render           | Engine: EEVEE
01:19.708  render           | Fra: 364 | Rendering 1 / 32 samples
01:19.843  render           | Fra: 364 | Rendering 25 / 32 samples
01:19.882  render           | Fra: 364 | Rendering 32 / 32 samples
01:19.892  render           | Video append frame 364
01:19.892  render           | Time: 00:00.23 (Saving: 00:00.00)
01:19.892  render           | Rendering frame 365
01:19.892  render           | Start rendering: MORI_Assembly_Animation, 视图层
01:19.892  render           | Engine: EEVEE
01:19.937  render           | Fra: 365 | Rendering 1 / 32 samples
01:20.070  render           | Fra: 365 | Rendering 25 / 32 samples
01:20.109  render           | Fra: 365 | Rendering 32 / 32 samples
01:20.119  render           | Video append frame 365
01:20.119  render           | Time: 00:00.22 (Saving: 00:00.00)
01:20.119  render           | Rendering frame 366
01:20.119  render           | Start rendering: MORI_Assembly_Animation, 视图层
01:20.119  render           | Engine: EEVEE
01:20.171  render           | Fra: 366 | Rendering 1 / 32 samples
01:20.306  render           | Fra: 366 | Rendering 25 / 32 samples
01:20.344  render           | Fra: 366 | Rendering 32 / 32 samples
01:20.353  render           | Video append frame 366
01:20.353  render           | Time: 00:00.23 (Saving: 00:00.00)
01:20.353  render           | Rendering frame 367
01:20.353  render           | Start rendering: MORI_Assembly_Animation, 视图层
01:20.353  render           | Engine: EEVEE
01:20.404  render           | Fra: 367 | Rendering 1 / 32 samples
01:20.537  render           | Fra: 367 | Rendering 25 / 32 samples
01:20.575  render           | Fra: 367 | Rendering 32 / 32 samples
01:20.585  render           | Video append frame 367
01:20.585  render           | Time: 00:00.23 (Saving: 00:00.00)
01:20.585  render           | Rendering frame 368
01:20.585  render           | Start rendering: MORI_Assembly_Animation, 视图层
01:20.585  render           | Engine: EEVEE
01:20.632  render           | Fra: 368 | Rendering 1 / 32 samples
01:20.766  render           | Fra: 368 | Rendering 25 / 32 samples
01:20.805  render           | Fra: 368 | Rendering 32 / 32 samples
01:20.814  render           | Video append frame 368
01:20.814  render           | Time: 00:00.22 (Saving: 00:00.00)
01:20.814  render           | Rendering frame 369
01:20.814  render           | Start rendering: MORI_Assembly_Animation, 视图层
01:20.814  render           | Engine: EEVEE
01:20.860  render           | Fra: 369 | Rendering 1 / 32 samples
01:20.989  render           | Fra: 369 | Rendering 25 / 32 samples
01:21.028  render           | Fra: 369 | Rendering 32 / 32 samples
01:21.041  render           | Video append frame 369
01:21.041  render           | Time: 00:00.22 (Saving: 00:00.00)
01:21.041  render           | Rendering frame 370
01:21.041  render           | Start rendering: MORI_Assembly_Animation, 视图层
01:21.041  render           | Engine: EEVEE
01:21.090  render           | Fra: 370 | Rendering 1 / 32 samples
01:21.224  render           | Fra: 370 | Rendering 25 / 32 samples
01:21.261  render           | Fra: 370 | Rendering 32 / 32 samples
01:21.271  render           | Video append frame 370
01:21.271  render           | Time: 00:00.23 (Saving: 00:00.00)
01:21.271  render           | Rendering frame 371
01:21.271  render           | Start rendering: MORI_Assembly_Animation, 视图层
01:21.271  render           | Engine: EEVEE
01:21.313  render           | Fra: 371 | Rendering 1 / 32 samples
01:21.447  render           | Fra: 371 | Rendering 25 / 32 samples
01:21.485  render           | Fra: 371 | Rendering 32 / 32 samples
01:21.495  render           | Video append frame 371
01:21.495  render           | Time: 00:00.22 (Saving: 00:00.00)
01:21.495  render           | Rendering frame 372
01:21.495  render           | Start rendering: MORI_Assembly_Animation, 视图层
01:21.495  render           | Engine: EEVEE
01:21.544  render           | Fra: 372 | Rendering 1 / 32 samples
01:21.681  render           | Fra: 372 | Rendering 25 / 32 samples
01:21.719  render           | Fra: 372 | Rendering 32 / 32 samples
01:21.751  render           | Video append frame 372
01:21.751  render           | Time: 00:00.25 (Saving: 00:00.02)
01:21.751  render           | Rendering frame 373
01:21.751  render           | Start rendering: MORI_Assembly_Animation, 视图层
01:21.751  render           | Engine: EEVEE
01:21.797  render           | Fra: 373 | Rendering 1 / 32 samples
01:21.933  render           | Fra: 373 | Rendering 25 / 32 samples
01:21.971  render           | Fra: 373 | Rendering 32 / 32 samples
01:21.980  render           | Video append frame 373
01:21.980  render           | Time: 00:00.22 (Saving: 00:00.00)
01:21.980  render           | Rendering frame 374
01:21.981  render           | Start rendering: MORI_Assembly_Animation, 视图层
01:21.981  render           | Engine: EEVEE
01:22.032  render           | Fra: 374 | Rendering 1 / 32 samples
01:22.166  render           | Fra: 374 | Rendering 25 / 32 samples
01:22.204  render           | Fra: 374 | Rendering 32 / 32 samples
01:22.214  render           | Video append frame 374
01:22.214  render           | Time: 00:00.23 (Saving: 00:00.00)
01:22.214  render           | Rendering frame 375
01:22.214  render           | Start rendering: MORI_Assembly_Animation, 视图层
01:22.214  render           | Engine: EEVEE
01:22.261  render           | Fra: 375 | Rendering 1 / 32 samples
01:22.395  render           | Fra: 375 | Rendering 25 / 32 samples
01:22.434  render           | Fra: 375 | Rendering 32 / 32 samples
01:22.443  render           | Video append frame 375
01:22.443  render           | Time: 00:00.22 (Saving: 00:00.00)
01:22.443  render           | Rendering frame 376
01:22.443  render           | Start rendering: MORI_Assembly_Animation, 视图层
01:22.443  render           | Engine: EEVEE
01:22.491  render           | Fra: 376 | Rendering 1 / 32 samples
01:22.621  render           | Fra: 376 | Rendering 25 / 32 samples
01:22.661  render           | Fra: 376 | Rendering 32 / 32 samples
01:22.671  render           | Video append frame 376
01:22.671  render           | Time: 00:00.22 (Saving: 00:00.00)
01:22.671  render           | Rendering frame 377
01:22.671  render           | Start rendering: MORI_Assembly_Animation, 视图层
01:22.671  render           | Engine: EEVEE
01:22.719  render           | Fra: 377 | Rendering 1 / 32 samples
01:22.853  render           | Fra: 377 | Rendering 25 / 32 samples
01:22.894  render           | Fra: 377 | Rendering 32 / 32 samples
01:22.903  render           | Video append frame 377
01:22.903  render           | Time: 00:00.23 (Saving: 00:00.00)
01:22.903  render           | Rendering frame 378
01:22.903  render           | Start rendering: MORI_Assembly_Animation, 视图层
01:22.903  render           | Engine: EEVEE
01:22.945  render           | Fra: 378 | Rendering 1 / 32 samples
01:23.081  render           | Fra: 378 | Rendering 25 / 32 samples
01:23.121  render           | Fra: 378 | Rendering 32 / 32 samples
01:23.132  render           | Video append frame 378
01:23.132  render           | Time: 00:00.22 (Saving: 00:00.00)
01:23.132  render           | Rendering frame 379
01:23.132  render           | Start rendering: MORI_Assembly_Animation, 视图层
01:23.132  render           | Engine: EEVEE
01:23.178  render           | Fra: 379 | Rendering 1 / 32 samples
01:23.314  render           | Fra: 379 | Rendering 25 / 32 samples
01:23.352  render           | Fra: 379 | Rendering 32 / 32 samples
01:23.390  render           | Video append frame 379
01:23.390  render           | Time: 00:00.25 (Saving: 00:00.02)
01:23.390  render           | Rendering frame 380
01:23.390  render           | Start rendering: MORI_Assembly_Animation, 视图层
01:23.390  render           | Engine: EEVEE
01:23.435  render           | Fra: 380 | Rendering 1 / 32 samples
01:23.570  render           | Fra: 380 | Rendering 25 / 32 samples
01:23.609  render           | Fra: 380 | Rendering 32 / 32 samples
01:23.618  render           | Video append frame 380
01:23.618  render           | Time: 00:00.22 (Saving: 00:00.00)
01:23.618  render           | Rendering frame 381
01:23.618  render           | Start rendering: MORI_Assembly_Animation, 视图层
01:23.618  render           | Engine: EEVEE
01:23.668  render           | Fra: 381 | Rendering 1 / 32 samples
01:23.801  render           | Fra: 381 | Rendering 25 / 32 samples
01:23.836  render           | Fra: 381 | Rendering 32 / 32 samples
01:23.870  render           | Video append frame 381
01:23.870  render           | Time: 00:00.25 (Saving: 00:00.02)
01:23.870  render           | Rendering frame 382
01:23.870  render           | Start rendering: MORI_Assembly_Animation, 视图层
01:23.870  render           | Engine: EEVEE
01:23.916  render           | Fra: 382 | Rendering 1 / 32 samples
01:24.055  render           | Fra: 382 | Rendering 25 / 32 samples
01:24.094  render           | Fra: 382 | Rendering 32 / 32 samples
01:24.104  render           | Video append frame 382
01:24.104  render           | Time: 00:00.23 (Saving: 00:00.00)
01:24.104  render           | Rendering frame 383
01:24.104  render           | Start rendering: MORI_Assembly_Animation, 视图层
01:24.104  render           | Engine: EEVEE
01:24.152  render           | Fra: 383 | Rendering 1 / 32 samples
01:24.286  render           | Fra: 383 | Rendering 25 / 32 samples
01:24.326  render           | Fra: 383 | Rendering 32 / 32 samples
01:24.365  render           | Video append frame 383
01:24.365  render           | Time: 00:00.26 (Saving: 00:00.03)
01:24.365  render           | Rendering frame 384
01:24.366  render           | Start rendering: MORI_Assembly_Animation, 视图层
01:24.366  render           | Engine: EEVEE
01:24.411  render           | Fra: 384 | Rendering 1 / 32 samples
01:24.547  render           | Fra: 384 | Rendering 25 / 32 samples
01:24.587  render           | Fra: 384 | Rendering 32 / 32 samples
01:24.599  render           | Video append frame 384
01:24.599  render           | Time: 00:00.23 (Saving: 00:00.00)
01:24.599  render           | Rendering frame 385
01:24.599  render           | Start rendering: MORI_Assembly_Animation, 视图层
01:24.599  render           | Engine: EEVEE
01:24.648  render           | Fra: 385 | Rendering 1 / 32 samples
01:24.780  render           | Fra: 385 | Rendering 25 / 32 samples
01:24.817  render           | Fra: 385 | Rendering 32 / 32 samples
01:24.826  render           | Video append frame 385
01:24.826  render           | Time: 00:00.22 (Saving: 00:00.00)
01:24.826  render           | Rendering frame 386
01:24.826  render           | Start rendering: MORI_Assembly_Animation, 视图层
01:24.826  render           | Engine: EEVEE
01:24.872  render           | Fra: 386 | Rendering 1 / 32 samples
01:25.004  render           | Fra: 386 | Rendering 25 / 32 samples
01:25.042  render           | Fra: 386 | Rendering 32 / 32 samples
01:25.062  render           | Video append frame 386
01:25.062  render           | Time: 00:00.23 (Saving: 00:00.01)
01:25.062  render           | Rendering frame 387
01:25.062  render           | Start rendering: MORI_Assembly_Animation, 视图层
01:25.062  render           | Engine: EEVEE
01:25.110  render           | Fra: 387 | Rendering 1 / 32 samples
01:25.244  render           | Fra: 387 | Rendering 25 / 32 samples
01:25.283  render           | Fra: 387 | Rendering 32 / 32 samples
01:25.292  render           | Video append frame 387
01:25.292  render           | Time: 00:00.22 (Saving: 00:00.00)
01:25.292  render           | Rendering frame 388
01:25.292  render           | Start rendering: MORI_Assembly_Animation, 视图层
01:25.292  render           | Engine: EEVEE
01:25.342  render           | Fra: 388 | Rendering 1 / 32 samples
01:25.473  render           | Fra: 388 | Rendering 25 / 32 samples
01:25.510  render           | Fra: 388 | Rendering 32 / 32 samples
01:25.520  render           | Video append frame 388
01:25.520  render           | Time: 00:00.22 (Saving: 00:00.00)
01:25.520  render           | Rendering frame 389
01:25.520  render           | Start rendering: MORI_Assembly_Animation, 视图层
01:25.520  render           | Engine: EEVEE
01:25.566  render           | Fra: 389 | Rendering 1 / 32 samples
01:25.700  render           | Fra: 389 | Rendering 25 / 32 samples
01:25.739  render           | Fra: 389 | Rendering 32 / 32 samples
01:25.748  render           | Video append frame 389
01:25.748  render           | Time: 00:00.22 (Saving: 00:00.00)
01:25.748  render           | Rendering frame 390
01:25.749  render           | Start rendering: MORI_Assembly_Animation, 视图层
01:25.749  render           | Engine: EEVEE
01:25.795  render           | Fra: 390 | Rendering 1 / 32 samples
01:25.927  render           | Fra: 390 | Rendering 25 / 32 samples
01:25.966  render           | Fra: 390 | Rendering 32 / 32 samples
01:25.975  render           | Video append frame 390
01:25.975  render           | Time: 00:00.22 (Saving: 00:00.00)
01:25.975  render           | Rendering frame 391
01:25.976  render           | Start rendering: MORI_Assembly_Animation, 视图层
01:25.976  render           | Engine: EEVEE
01:26.022  render           | Fra: 391 | Rendering 1 / 32 samples
01:26.154  render           | Fra: 391 | Rendering 25 / 32 samples
01:26.193  render           | Fra: 391 | Rendering 32 / 32 samples
01:26.203  render           | Video append frame 391
01:26.203  render           | Time: 00:00.22 (Saving: 00:00.00)
01:26.203  render           | Rendering frame 392
01:26.203  render           | Start rendering: MORI_Assembly_Animation, 视图层
01:26.203  render           | Engine: EEVEE
01:26.249  render           | Fra: 392 | Rendering 1 / 32 samples
01:26.378  render           | Fra: 392 | Rendering 25 / 32 samples
01:26.415  render           | Fra: 392 | Rendering 32 / 32 samples
01:26.426  render           | Video append frame 392
01:26.426  render           | Time: 00:00.22 (Saving: 00:00.00)
01:26.426  render           | Rendering frame 393
01:26.426  render           | Start rendering: MORI_Assembly_Animation, 视图层
01:26.426  render           | Engine: EEVEE
01:26.476  render           | Fra: 393 | Rendering 1 / 32 samples
01:26.610  render           | Fra: 393 | Rendering 25 / 32 samples
01:26.647  render           | Fra: 393 | Rendering 32 / 32 samples
01:26.657  render           | Video append frame 393
01:26.657  render           | Time: 00:00.23 (Saving: 00:00.00)
01:26.657  render           | Rendering frame 394
01:26.657  render           | Start rendering: MORI_Assembly_Animation, 视图层
01:26.657  render           | Engine: EEVEE
01:26.702  render           | Fra: 394 | Rendering 1 / 32 samples
01:26.834  render           | Fra: 394 | Rendering 25 / 32 samples
01:26.873  render           | Fra: 394 | Rendering 32 / 32 samples
01:26.882  render           | Video append frame 394
01:26.882  render           | Time: 00:00.22 (Saving: 00:00.00)
01:26.882  render           | Rendering frame 395
01:26.882  render           | Start rendering: MORI_Assembly_Animation, 视图层
01:26.882  render           | Engine: EEVEE
01:26.932  render           | Fra: 395 | Rendering 1 / 32 samples
01:27.065  render           | Fra: 395 | Rendering 25 / 32 samples
01:27.102  render           | Fra: 395 | Rendering 32 / 32 samples
01:27.111  render           | Video append frame 395
01:27.111  render           | Time: 00:00.22 (Saving: 00:00.00)
01:27.111  render           | Rendering frame 396
01:27.111  render           | Start rendering: MORI_Assembly_Animation, 视图层
01:27.111  render           | Engine: EEVEE
01:27.153  render           | Fra: 396 | Rendering 1 / 32 samples
01:27.285  render           | Fra: 396 | Rendering 25 / 32 samples
01:27.327  render           | Fra: 396 | Rendering 32 / 32 samples
01:27.337  render           | Video append frame 396
01:27.337  render           | Time: 00:00.22 (Saving: 00:00.00)
01:27.337  render           | Rendering frame 397
01:27.337  render           | Start rendering: MORI_Assembly_Animation, 视图层
01:27.337  render           | Engine: EEVEE
01:27.385  render           | Fra: 397 | Rendering 1 / 32 samples
01:27.518  render           | Fra: 397 | Rendering 25 / 32 samples
01:27.561  render           | Fra: 397 | Rendering 32 / 32 samples
01:27.572  render           | Video append frame 397
01:27.572  render           | Time: 00:00.23 (Saving: 00:00.00)
01:27.572  render           | Rendering frame 398
01:27.572  render           | Start rendering: MORI_Assembly_Animation, 视图层
01:27.572  render           | Engine: EEVEE
01:27.624  render           | Fra: 398 | Rendering 1 / 32 samples
01:27.762  render           | Fra: 398 | Rendering 25 / 32 samples
01:27.800  render           | Fra: 398 | Rendering 32 / 32 samples
01:27.811  render           | Video append frame 398
01:27.811  render           | Time: 00:00.23 (Saving: 00:00.00)
01:27.811  render           | Rendering frame 399
01:27.811  render           | Start rendering: MORI_Assembly_Animation, 视图层
01:27.811  render           | Engine: EEVEE
01:27.865  render           | Fra: 399 | Rendering 1 / 32 samples
01:28.002  render           | Fra: 399 | Rendering 25 / 32 samples
01:28.043  render           | Fra: 399 | Rendering 32 / 32 samples
01:28.053  render           | Video append frame 399
01:28.053  render           | Time: 00:00.24 (Saving: 00:00.00)
01:28.053  render           | Rendering frame 400
01:28.053  render           | Start rendering: MORI_Assembly_Animation, 视图层
01:28.053  render           | Engine: EEVEE
01:28.100  render           | Fra: 400 | Rendering 1 / 32 samples
01:28.234  render           | Fra: 400 | Rendering 25 / 32 samples
01:28.274  render           | Fra: 400 | Rendering 32 / 32 samples
01:28.290  render           | Video append frame 400
01:28.290  render           | Time: 00:00.23 (Saving: 00:00.01)
01:28.290  render           | Rendering frame 401
01:28.290  render           | Start rendering: MORI_Assembly_Animation, 视图层
01:28.290  render           | Engine: EEVEE
01:28.341  render           | Fra: 401 | Rendering 1 / 32 samples
01:28.477  render           | Fra: 401 | Rendering 25 / 32 samples
01:28.515  render           | Fra: 401 | Rendering 32 / 32 samples
01:28.527  render           | Video append frame 401
01:28.527  render           | Time: 00:00.23 (Saving: 00:00.00)
01:28.527  render           | Rendering frame 402
01:28.527  render           | Start rendering: MORI_Assembly_Animation, 视图层
01:28.527  render           | Engine: EEVEE
01:28.575  render           | Fra: 402 | Rendering 1 / 32 samples
01:28.711  render           | Fra: 402 | Rendering 25 / 32 samples
01:28.748  render           | Fra: 402 | Rendering 32 / 32 samples
01:28.759  render           | Video append frame 402
01:28.759  render           | Time: 00:00.23 (Saving: 00:00.00)
01:28.759  render           | Rendering frame 403
01:28.759  render           | Start rendering: MORI_Assembly_Animation, 视图层
01:28.759  render           | Engine: EEVEE
01:28.813  render           | Fra: 403 | Rendering 1 / 32 samples
01:28.948  render           | Fra: 403 | Rendering 25 / 32 samples
01:28.987  render           | Fra: 403 | Rendering 32 / 32 samples
01:29.000  render           | Video append frame 403
01:29.000  render           | Time: 00:00.24 (Saving: 00:00.00)
01:29.000  render           | Rendering frame 404
01:29.000  render           | Start rendering: MORI_Assembly_Animation, 视图层
01:29.000  render           | Engine: EEVEE
01:29.048  render           | Fra: 404 | Rendering 1 / 32 samples
01:29.179  render           | Fra: 404 | Rendering 25 / 32 samples
01:29.218  render           | Fra: 404 | Rendering 32 / 32 samples
01:29.233  render           | Video append frame 404
01:29.233  render           | Time: 00:00.23 (Saving: 00:00.00)
01:29.233  render           | Rendering frame 405
01:29.233  render           | Start rendering: MORI_Assembly_Animation, 视图层
01:29.233  render           | Engine: EEVEE
01:29.285  render           | Fra: 405 | Rendering 1 / 32 samples
01:29.421  render           | Fra: 405 | Rendering 25 / 32 samples
01:29.461  render           | Fra: 405 | Rendering 32 / 32 samples
01:29.472  render           | Video append frame 405
01:29.472  render           | Time: 00:00.23 (Saving: 00:00.00)
01:29.472  render           | Rendering frame 406
01:29.472  render           | Start rendering: MORI_Assembly_Animation, 视图层
01:29.472  render           | Engine: EEVEE
01:29.525  render           | Fra: 406 | Rendering 1 / 32 samples
01:29.661  render           | Fra: 406 | Rendering 25 / 32 samples
01:29.700  render           | Fra: 406 | Rendering 32 / 32 samples
01:29.732  render           | Video append frame 406
01:29.732  render           | Time: 00:00.26 (Saving: 00:00.02)
01:29.732  render           | Rendering frame 407
01:29.732  render           | Start rendering: MORI_Assembly_Animation, 视图层
01:29.732  render           | Engine: EEVEE
01:29.776  render           | Fra: 407 | Rendering 1 / 32 samples
01:29.912  render           | Fra: 407 | Rendering 25 / 32 samples
01:29.952  render           | Fra: 407 | Rendering 32 / 32 samples
01:29.964  render           | Video append frame 407
01:29.964  render           | Time: 00:00.23 (Saving: 00:00.00)
01:29.964  render           | Rendering frame 408
01:29.964  render           | Start rendering: MORI_Assembly_Animation, 视图层
01:29.964  render           | Engine: EEVEE
01:30.013  render           | Fra: 408 | Rendering 1 / 32 samples
01:30.148  render           | Fra: 408 | Rendering 25 / 32 samples
01:30.186  render           | Fra: 408 | Rendering 32 / 32 samples
01:30.218  render           | Video append frame 408
01:30.218  render           | Time: 00:00.25 (Saving: 00:00.02)
01:30.218  render           | Rendering frame 409
01:30.218  render           | Start rendering: MORI_Assembly_Animation, 视图层
01:30.218  render           | Engine: EEVEE
01:30.261  render           | Fra: 409 | Rendering 1 / 32 samples
01:30.395  render           | Fra: 409 | Rendering 25 / 32 samples
01:30.435  render           | Fra: 409 | Rendering 32 / 32 samples
01:30.444  render           | Video append frame 409
01:30.444  render           | Time: 00:00.22 (Saving: 00:00.00)
01:30.444  render           | Rendering frame 410
01:30.445  render           | Start rendering: MORI_Assembly_Animation, 视图层
01:30.445  render           | Engine: EEVEE
01:30.495  render           | Fra: 410 | Rendering 1 / 32 samples
01:30.624  render           | Fra: 410 | Rendering 25 / 32 samples
01:30.662  render           | Fra: 410 | Rendering 32 / 32 samples
01:30.674  render           | Video append frame 410
01:30.674  render           | Time: 00:00.22 (Saving: 00:00.00)
01:30.674  render           | Rendering frame 411
01:30.675  render           | Start rendering: MORI_Assembly_Animation, 视图层
01:30.675  render           | Engine: EEVEE
01:30.726  render           | Fra: 411 | Rendering 1 / 32 samples
01:30.862  render           | Fra: 411 | Rendering 25 / 32 samples
01:30.901  render           | Fra: 411 | Rendering 32 / 32 samples
01:30.910  render           | Video append frame 411
01:30.910  render           | Time: 00:00.23 (Saving: 00:00.00)
01:30.910  render           | Rendering frame 412
01:30.910  render           | Start rendering: MORI_Assembly_Animation, 视图层
01:30.910  render           | Engine: EEVEE
01:30.960  render           | Fra: 412 | Rendering 1 / 32 samples
01:31.094  render           | Fra: 412 | Rendering 25 / 32 samples
01:31.133  render           | Fra: 412 | Rendering 32 / 32 samples
01:31.143  render           | Video append frame 412
01:31.143  render           | Time: 00:00.23 (Saving: 00:00.00)
01:31.143  render           | Rendering frame 413
01:31.143  render           | Start rendering: MORI_Assembly_Animation, 视图层
01:31.143  render           | Engine: EEVEE
01:31.192  render           | Fra: 413 | Rendering 1 / 32 samples
01:31.327  render           | Fra: 413 | Rendering 25 / 32 samples
01:31.368  render           | Fra: 413 | Rendering 32 / 32 samples
01:31.377  render           | Video append frame 413
01:31.377  render           | Time: 00:00.23 (Saving: 00:00.00)
01:31.377  render           | Rendering frame 414
01:31.377  render           | Start rendering: MORI_Assembly_Animation, 视图层
01:31.377  render           | Engine: EEVEE
01:31.415  render           | Fra: 414 | Rendering 1 / 32 samples
01:31.549  render           | Fra: 414 | Rendering 25 / 32 samples
01:31.590  render           | Fra: 414 | Rendering 32 / 32 samples
01:31.600  render           | Video append frame 414
01:31.600  render           | Time: 00:00.22 (Saving: 00:00.00)
01:31.600  render           | Rendering frame 415
01:31.600  render           | Start rendering: MORI_Assembly_Animation, 视图层
01:31.600  render           | Engine: EEVEE
01:31.661  render           | Fra: 415 | Rendering 1 / 32 samples
01:31.795  render           | Fra: 415 | Rendering 25 / 32 samples
01:31.832  render           | Fra: 415 | Rendering 32 / 32 samples
01:31.853  render           | Video append frame 415
01:31.853  render           | Time: 00:00.25 (Saving: 00:00.01)
01:31.853  render           | Rendering frame 416
01:31.853  render           | Start rendering: MORI_Assembly_Animation, 视图层
01:31.853  render           | Engine: EEVEE
01:31.899  render           | Fra: 416 | Rendering 1 / 32 samples
01:32.032  render           | Fra: 416 | Rendering 25 / 32 samples
01:32.072  render           | Fra: 416 | Rendering 32 / 32 samples
01:32.081  render           | Video append frame 416
01:32.082  render           | Time: 00:00.22 (Saving: 00:00.00)
01:32.082  render           | Rendering frame 417
01:32.082  render           | Start rendering: MORI_Assembly_Animation, 视图层
01:32.082  render           | Engine: EEVEE
01:32.133  render           | Fra: 417 | Rendering 1 / 32 samples
01:32.266  render           | Fra: 417 | Rendering 25 / 32 samples
01:32.304  render           | Fra: 417 | Rendering 32 / 32 samples
01:32.341  render           | Video append frame 417
01:32.341  render           | Time: 00:00.25 (Saving: 00:00.02)
01:32.341  render           | Rendering frame 418
01:32.341  render           | Start rendering: MORI_Assembly_Animation, 视图层
01:32.341  render           | Engine: EEVEE
01:32.385  render           | Fra: 418 | Rendering 1 / 32 samples
01:32.519  render           | Fra: 418 | Rendering 25 / 32 samples
01:32.561  render           | Fra: 418 | Rendering 32 / 32 samples
01:32.571  render           | Video append frame 418
01:32.571  render           | Time: 00:00.22 (Saving: 00:00.00)
01:32.571  render           | Rendering frame 419
01:32.571  render           | Start rendering: MORI_Assembly_Animation, 视图层
01:32.571  render           | Engine: EEVEE
01:32.620  render           | Fra: 419 | Rendering 1 / 32 samples
01:32.752  render           | Fra: 419 | Rendering 25 / 32 samples
01:32.793  render           | Fra: 419 | Rendering 32 / 32 samples
01:32.832  render           | Video append frame 419
01:32.832  render           | Time: 00:00.26 (Saving: 00:00.03)
01:32.832  render           | Rendering frame 420
01:32.832  render           | Start rendering: MORI_Assembly_Animation, 视图层
01:32.832  render           | Engine: EEVEE
01:32.900  render           | Fra: 420 | Rendering 1 / 32 samples
01:33.043  render           | Fra: 420 | Rendering 25 / 32 samples
01:33.083  render           | Fra: 420 | Rendering 32 / 32 samples
01:33.096  render           | Video append frame 420
01:33.096  render           | Time: 00:00.26 (Saving: 00:00.00)
01:33.096  render           | Rendering frame 421
01:33.096  render           | Start rendering: MORI_Assembly_Animation, 视图层
01:33.096  render           | Engine: EEVEE
01:33.157  render           | Fra: 421 | Rendering 1 / 32 samples
01:33.292  render           | Fra: 421 | Rendering 25 / 32 samples
01:33.328  render           | Fra: 421 | Rendering 32 / 32 samples
01:33.352  render           | Video append frame 421
01:33.352  render           | Time: 00:00.25 (Saving: 00:00.01)
01:33.352  render           | Rendering frame 422
01:33.352  render           | Start rendering: MORI_Assembly_Animation, 视图层
01:33.352  render           | Engine: EEVEE
01:33.403  render           | Fra: 422 | Rendering 1 / 32 samples
01:33.537  render           | Fra: 422 | Rendering 25 / 32 samples
01:33.575  render           | Fra: 422 | Rendering 32 / 32 samples
01:33.585  render           | Video append frame 422
01:33.585  render           | Time: 00:00.23 (Saving: 00:00.00)
01:33.585  render           | Rendering frame 423
01:33.585  render           | Start rendering: MORI_Assembly_Animation, 视图层
01:33.585  render           | Engine: EEVEE
01:33.641  render           | Fra: 423 | Rendering 1 / 32 samples
01:33.774  render           | Fra: 423 | Rendering 25 / 32 samples
01:33.814  render           | Fra: 423 | Rendering 32 / 32 samples
01:33.825  render           | Video append frame 423
01:33.825  render           | Time: 00:00.23 (Saving: 00:00.00)
01:33.825  render           | Rendering frame 424
01:33.825  render           | Start rendering: MORI_Assembly_Animation, 视图层
01:33.825  render           | Engine: EEVEE
01:33.877  render           | Fra: 424 | Rendering 1 / 32 samples
01:34.009  render           | Fra: 424 | Rendering 25 / 32 samples
01:34.048  render           | Fra: 424 | Rendering 32 / 32 samples
01:34.058  render           | Video append frame 424
01:34.058  render           | Time: 00:00.23 (Saving: 00:00.00)
01:34.058  render           | Rendering frame 425
01:34.058  render           | Start rendering: MORI_Assembly_Animation, 视图层
01:34.058  render           | Engine: EEVEE
01:34.106  render           | Fra: 425 | Rendering 1 / 32 samples
01:34.240  render           | Fra: 425 | Rendering 25 / 32 samples
01:34.280  render           | Fra: 425 | Rendering 32 / 32 samples
01:34.291  render           | Video append frame 425
01:34.291  render           | Time: 00:00.23 (Saving: 00:00.00)
01:34.291  render           | Rendering frame 426
01:34.291  render           | Start rendering: MORI_Assembly_Animation, 视图层
01:34.291  render           | Engine: EEVEE
01:34.343  render           | Fra: 426 | Rendering 1 / 32 samples
01:34.477  render           | Fra: 426 | Rendering 25 / 32 samples
01:34.515  render           | Fra: 426 | Rendering 32 / 32 samples
01:34.525  render           | Video append frame 426
01:34.525  render           | Time: 00:00.23 (Saving: 00:00.00)
01:34.525  render           | Rendering frame 427
01:34.525  render           | Start rendering: MORI_Assembly_Animation, 视图层
01:34.525  render           | Engine: EEVEE
01:34.576  render           | Fra: 427 | Rendering 1 / 32 samples
01:34.715  render           | Fra: 427 | Rendering 25 / 32 samples
01:34.754  render           | Fra: 427 | Rendering 32 / 32 samples
01:34.765  render           | Video append frame 427
01:34.765  render           | Time: 00:00.24 (Saving: 00:00.00)
01:34.765  render           | Rendering frame 428
01:34.765  render           | Start rendering: MORI_Assembly_Animation, 视图层
01:34.765  render           | Engine: EEVEE
01:34.820  render           | Fra: 428 | Rendering 1 / 32 samples
01:34.964  render           | Fra: 428 | Rendering 25 / 32 samples
01:35.004  render           | Fra: 428 | Rendering 32 / 32 samples
01:35.014  render           | Video append frame 428
01:35.014  render           | Time: 00:00.24 (Saving: 00:00.00)
01:35.014  render           | Rendering frame 429
01:35.015  render           | Start rendering: MORI_Assembly_Animation, 视图层
01:35.015  render           | Engine: EEVEE
01:35.072  render           | Fra: 429 | Rendering 1 / 32 samples
01:35.209  render           | Fra: 429 | Rendering 25 / 32 samples
01:35.248  render           | Fra: 429 | Rendering 32 / 32 samples
01:35.259  render           | Video append frame 429
01:35.260  render           | Time: 00:00.24 (Saving: 00:00.00)
01:35.260  render           | Rendering frame 430
01:35.260  render           | Start rendering: MORI_Assembly_Animation, 视图层
01:35.260  render           | Engine: EEVEE
01:35.311  render           | Fra: 430 | Rendering 1 / 32 samples
01:35.448  render           | Fra: 430 | Rendering 25 / 32 samples
01:35.490  render           | Fra: 430 | Rendering 32 / 32 samples
01:35.500  render           | Video append frame 430
01:35.500  render           | Time: 00:00.24 (Saving: 00:00.00)
01:35.500  render           | Rendering frame 431
01:35.500  render           | Start rendering: MORI_Assembly_Animation, 视图层
01:35.501  render           | Engine: EEVEE
01:35.553  render           | Fra: 431 | Rendering 1 / 32 samples
01:35.684  render           | Fra: 431 | Rendering 25 / 32 samples
01:35.726  render           | Fra: 431 | Rendering 32 / 32 samples
01:35.742  render           | Video append frame 431
01:35.742  render           | Time: 00:00.24 (Saving: 00:00.00)
01:35.742  render           | Rendering frame 432
01:35.742  render           | Start rendering: MORI_Assembly_Animation, 视图层
01:35.742  render           | Engine: EEVEE
01:35.794  render           | Fra: 432 | Rendering 1 / 32 samples
01:35.926  render           | Fra: 432 | Rendering 25 / 32 samples
01:35.965  render           | Fra: 432 | Rendering 32 / 32 samples
01:35.975  render           | Video append frame 432
01:35.975  render           | Time: 00:00.23 (Saving: 00:00.00)
01:35.975  render           | Rendering frame 433
01:35.975  render           | Start rendering: MORI_Assembly_Animation, 视图层
01:35.975  render           | Engine: EEVEE
01:36.025  render           | Fra: 433 | Rendering 1 / 32 samples
01:36.153  render           | Fra: 433 | Rendering 25 / 32 samples
01:36.192  render           | Fra: 433 | Rendering 32 / 32 samples
01:36.235  render           | Video append frame 433
01:36.235  render           | Time: 00:00.25 (Saving: 00:00.02)
01:36.235  render           | Rendering frame 434
01:36.235  render           | Start rendering: MORI_Assembly_Animation, 视图层
01:36.235  render           | Engine: EEVEE
01:36.283  render           | Fra: 434 | Rendering 1 / 32 samples
01:36.413  render           | Fra: 434 | Rendering 25 / 32 samples
01:36.451  render           | Fra: 434 | Rendering 32 / 32 samples
01:36.465  render           | Video append frame 434
01:36.465  render           | Time: 00:00.22 (Saving: 00:00.00)
01:36.465  render           | Rendering frame 435
01:36.465  render           | Start rendering: MORI_Assembly_Animation, 视图层
01:36.465  render           | Engine: EEVEE
01:36.517  render           | Fra: 435 | Rendering 1 / 32 samples
01:36.653  render           | Fra: 435 | Rendering 25 / 32 samples
01:36.695  render           | Fra: 435 | Rendering 32 / 32 samples
01:36.734  render           | Video append frame 435
01:36.734  render           | Time: 00:00.26 (Saving: 00:00.02)
01:36.734  render           | Rendering frame 436
01:36.734  render           | Start rendering: MORI_Assembly_Animation, 视图层
01:36.734  render           | Engine: EEVEE
01:36.782  render           | Fra: 436 | Rendering 1 / 32 samples
01:36.917  render           | Fra: 436 | Rendering 25 / 32 samples
01:36.958  render           | Fra: 436 | Rendering 32 / 32 samples
01:36.968  render           | Video append frame 436
01:36.968  render           | Time: 00:00.23 (Saving: 00:00.00)
01:36.968  render           | Rendering frame 437
01:36.968  render           | Start rendering: MORI_Assembly_Animation, 视图层
01:36.968  render           | Engine: EEVEE
01:37.022  render           | Fra: 437 | Rendering 1 / 32 samples
01:37.161  render           | Fra: 437 | Rendering 25 / 32 samples
01:37.198  render           | Fra: 437 | Rendering 32 / 32 samples
01:37.213  render           | Video append frame 437
01:37.213  render           | Time: 00:00.24 (Saving: 00:00.01)
01:37.213  render           | Rendering frame 438
01:37.213  render           | Start rendering: MORI_Assembly_Animation, 视图层
01:37.213  render           | Engine: EEVEE
01:37.263  render           | Fra: 438 | Rendering 1 / 32 samples
01:37.395  render           | Fra: 438 | Rendering 25 / 32 samples
01:37.434  render           | Fra: 438 | Rendering 32 / 32 samples
01:37.444  render           | Video append frame 438
01:37.444  render           | Time: 00:00.23 (Saving: 00:00.00)
01:37.444  render           | Rendering frame 439
01:37.444  render           | Start rendering: MORI_Assembly_Animation, 视图层
01:37.444  render           | Engine: EEVEE
01:37.499  render           | Fra: 439 | Rendering 1 / 32 samples
01:37.631  render           | Fra: 439 | Rendering 25 / 32 samples
01:37.669  render           | Fra: 439 | Rendering 32 / 32 samples
01:37.682  render           | Video append frame 439
01:37.682  render           | Time: 00:00.23 (Saving: 00:00.00)
01:37.682  render           | Rendering frame 440
01:37.682  render           | Start rendering: MORI_Assembly_Animation, 视图层
01:37.682  render           | Engine: EEVEE
01:37.737  render           | Fra: 440 | Rendering 1 / 32 samples
01:37.872  render           | Fra: 440 | Rendering 25 / 32 samples
01:37.911  render           | Fra: 440 | Rendering 32 / 32 samples
01:37.923  render           | Video append frame 440
01:37.923  render           | Time: 00:00.24 (Saving: 00:00.00)
01:37.923  render           | Rendering frame 441
01:37.923  render           | Start rendering: MORI_Assembly_Animation, 视图层
01:37.923  render           | Engine: EEVEE
01:37.980  render           | Fra: 441 | Rendering 1 / 32 samples
01:38.112  render           | Fra: 441 | Rendering 25 / 32 samples
01:38.151  render           | Fra: 441 | Rendering 32 / 32 samples
01:38.164  render           | Video append frame 441
01:38.164  render           | Time: 00:00.24 (Saving: 00:00.00)
01:38.164  render           | Rendering frame 442
01:38.164  render           | Start rendering: MORI_Assembly_Animation, 视图层
01:38.164  render           | Engine: EEVEE
01:38.213  render           | Fra: 442 | Rendering 1 / 32 samples
01:38.347  render           | Fra: 442 | Rendering 25 / 32 samples
01:38.387  render           | Fra: 442 | Rendering 32 / 32 samples
01:38.401  render           | Video append frame 442
01:38.401  render           | Time: 00:00.23 (Saving: 00:00.00)
01:38.401  render           | Rendering frame 443
01:38.401  render           | Start rendering: MORI_Assembly_Animation, 视图层
01:38.401  render           | Engine: EEVEE
01:38.456  render           | Fra: 443 | Rendering 1 / 32 samples
01:38.610  render           | Fra: 443 | Rendering 25 / 32 samples
01:38.655  render           | Fra: 443 | Rendering 32 / 32 samples
01:38.667  render           | Video append frame 443
01:38.668  render           | Time: 00:00.26 (Saving: 00:00.00)
01:38.668  render           | Rendering frame 444
01:38.668  render           | Start rendering: MORI_Assembly_Animation, 视图层
01:38.668  render           | Engine: EEVEE
01:38.727  render           | Fra: 444 | Rendering 1 / 32 samples
01:38.866  render           | Fra: 444 | Rendering 25 / 32 samples
01:38.904  render           | Fra: 444 | Rendering 32 / 32 samples
01:38.915  render           | Video append frame 444
01:38.915  render           | Time: 00:00.24 (Saving: 00:00.00)
01:38.915  render           | Rendering frame 445
01:38.915  render           | Start rendering: MORI_Assembly_Animation, 视图层
01:38.915  render           | Engine: EEVEE
01:38.971  render           | Fra: 445 | Rendering 1 / 32 samples
01:39.110  render           | Fra: 445 | Rendering 25 / 32 samples
01:39.148  render           | Fra: 445 | Rendering 32 / 32 samples
01:39.178  render           | Video append frame 445
01:39.178  render           | Time: 00:00.26 (Saving: 00:00.02)
01:39.178  render           | Rendering frame 446
01:39.179  render           | Start rendering: MORI_Assembly_Animation, 视图层
01:39.179  render           | Engine: EEVEE
01:39.242  render           | Fra: 446 | Rendering 1 / 32 samples
01:39.382  render           | Fra: 446 | Rendering 25 / 32 samples
01:39.422  render           | Fra: 446 | Rendering 32 / 32 samples
01:39.435  render           | Video append frame 446
01:39.435  render           | Time: 00:00.25 (Saving: 00:00.00)
01:39.435  render           | Rendering frame 447
01:39.435  render           | Start rendering: MORI_Assembly_Animation, 视图层
01:39.435  render           | Engine: EEVEE
01:39.495  render           | Fra: 447 | Rendering 1 / 32 samples
01:39.632  render           | Fra: 447 | Rendering 25 / 32 samples
01:39.668  render           | Fra: 447 | Rendering 32 / 32 samples
01:39.682  render           | Video append frame 447
01:39.682  render           | Time: 00:00.24 (Saving: 00:00.01)
01:39.682  render           | Rendering frame 448
01:39.682  render           | Start rendering: MORI_Assembly_Animation, 视图层
01:39.682  render           | Engine: EEVEE
01:39.791  render           | Fra: 448 | Rendering 1 / 32 samples
01:39.952  render           | Fra: 448 | Rendering 25 / 32 samples
01:39.995  render           | Fra: 448 | Rendering 32 / 32 samples
01:40.013  render           | Video append frame 448
01:40.013  render           | Time: 00:00.33 (Saving: 00:00.01)
01:40.013  render           | Rendering frame 449
01:40.014  render           | Start rendering: MORI_Assembly_Animation, 视图层
01:40.014  render           | Engine: EEVEE
01:40.078  render           | Fra: 449 | Rendering 1 / 32 samples
01:40.228  render           | Fra: 449 | Rendering 25 / 32 samples
01:40.270  render           | Fra: 449 | Rendering 32 / 32 samples
01:40.284  render           | Video append frame 449
01:40.284  render           | Time: 00:00.27 (Saving: 00:00.01)
01:40.284  render           | Rendering frame 450
01:40.284  render           | Start rendering: MORI_Assembly_Animation, 视图层
01:40.284  render           | Engine: EEVEE
01:40.342  render           | Fra: 450 | Rendering 1 / 32 samples
01:40.489  render           | Fra: 450 | Rendering 25 / 32 samples
01:40.527  render           | Fra: 450 | Rendering 32 / 32 samples
01:40.570  render           | Video append frame 450
01:40.570  render           | Time: 00:00.28 (Saving: 00:00.03)
01:40.570  render           | Rendering frame 451
01:40.570  render           | Start rendering: MORI_Assembly_Animation, 视图层
01:40.570  render           | Engine: EEVEE
01:40.643  render           | Fra: 451 | Rendering 1 / 32 samples
01:40.787  render           | Fra: 451 | Rendering 25 / 32 samples
01:40.828  render           | Fra: 451 | Rendering 32 / 32 samples
01:40.841  render           | Video append frame 451
01:40.842  render           | Time: 00:00.27 (Saving: 00:00.00)
01:40.842  render           | Rendering frame 452
01:40.842  render           | Start rendering: MORI_Assembly_Animation, 视图层
01:40.842  render           | Engine: EEVEE
01:40.905  render           | Fra: 452 | Rendering 1 / 32 samples
01:41.045  render           | Fra: 452 | Rendering 25 / 32 samples
01:41.084  render           | Fra: 452 | Rendering 32 / 32 samples
01:41.101  render           | Video append frame 452
01:41.101  render           | Time: 00:00.25 (Saving: 00:00.01)
01:41.101  render           | Rendering frame 453
01:41.101  render           | Start rendering: MORI_Assembly_Animation, 视图层
01:41.101  render           | Engine: EEVEE
01:41.154  render           | Fra: 453 | Rendering 1 / 32 samples
01:41.287  render           | Fra: 453 | Rendering 25 / 32 samples
01:41.328  render           | Fra: 453 | Rendering 32 / 32 samples
01:41.343  render           | Video append frame 453
01:41.343  render           | Time: 00:00.24 (Saving: 00:00.00)
01:41.343  render           | Rendering frame 454
01:41.343  render           | Start rendering: MORI_Assembly_Animation, 视图层
01:41.343  render           | Engine: EEVEE
01:41.410  render           | Fra: 454 | Rendering 1 / 32 samples
01:41.553  render           | Fra: 454 | Rendering 25 / 32 samples
01:41.595  render           | Fra: 454 | Rendering 32 / 32 samples
01:41.612  render           | Video append frame 454
01:41.612  render           | Time: 00:00.26 (Saving: 00:00.01)
01:41.612  render           | Rendering frame 455
01:41.612  render           | Start rendering: MORI_Assembly_Animation, 视图层
01:41.612  render           | Engine: EEVEE
01:41.678  render           | Fra: 455 | Rendering 1 / 32 samples
01:41.823  render           | Fra: 455 | Rendering 25 / 32 samples
01:41.865  render           | Fra: 455 | Rendering 32 / 32 samples
01:41.882  render           | Video append frame 455
01:41.882  render           | Time: 00:00.27 (Saving: 00:00.01)
01:41.882  render           | Rendering frame 456
01:41.883  render           | Start rendering: MORI_Assembly_Animation, 视图层
01:41.883  render           | Engine: EEVEE
01:41.947  render           | Fra: 456 | Rendering 1 / 32 samples
01:42.082  render           | Fra: 456 | Rendering 25 / 32 samples
01:42.127  render           | Fra: 456 | Rendering 32 / 32 samples
01:42.146  render           | Video append frame 456
01:42.146  render           | Time: 00:00.26 (Saving: 00:00.00)
01:42.146  render           | Rendering frame 457
01:42.146  render           | Start rendering: MORI_Assembly_Animation, 视图层
01:42.146  render           | Engine: EEVEE
01:42.211  render           | Fra: 457 | Rendering 1 / 32 samples
01:42.351  render           | Fra: 457 | Rendering 25 / 32 samples
01:42.395  render           | Fra: 457 | Rendering 32 / 32 samples
01:42.411  render           | Video append frame 457
01:42.411  render           | Time: 00:00.26 (Saving: 00:00.01)
01:42.411  render           | Rendering frame 458
01:42.411  render           | Start rendering: MORI_Assembly_Animation, 视图层
01:42.411  render           | Engine: EEVEE
01:42.483  render           | Fra: 458 | Rendering 1 / 32 samples
01:42.630  render           | Fra: 458 | Rendering 25 / 32 samples
01:42.671  render           | Fra: 458 | Rendering 32 / 32 samples
01:42.688  render           | Video append frame 458
01:42.688  render           | Time: 00:00.27 (Saving: 00:00.01)
01:42.688  render           | Rendering frame 459
01:42.688  render           | Start rendering: MORI_Assembly_Animation, 视图层
01:42.689  render           | Engine: EEVEE
01:42.750  render           | Fra: 459 | Rendering 1 / 32 samples
01:42.894  render           | Fra: 459 | Rendering 25 / 32 samples
01:42.940  render           | Fra: 459 | Rendering 32 / 32 samples
01:42.956  render           | Video append frame 459
01:42.956  render           | Time: 00:00.26 (Saving: 00:00.01)
01:42.956  render           | Rendering frame 460
01:42.956  render           | Start rendering: MORI_Assembly_Animation, 视图层
01:42.956  render           | Engine: EEVEE
01:43.033  render           | Fra: 460 | Rendering 1 / 32 samples
01:43.184  render           | Fra: 460 | Rendering 25 / 32 samples
01:43.226  render           | Fra: 460 | Rendering 32 / 32 samples
01:43.247  render           | Video append frame 460
01:43.247  render           | Time: 00:00.29 (Saving: 00:00.01)
01:43.247  render           | Rendering frame 461
01:43.247  render           | Start rendering: MORI_Assembly_Animation, 视图层
01:43.247  render           | Engine: EEVEE
01:43.323  render           | Fra: 461 | Rendering 1 / 32 samples
01:43.467  render           | Fra: 461 | Rendering 25 / 32 samples
01:43.505  render           | Fra: 461 | Rendering 32 / 32 samples
01:43.540  render           | Video append frame 461
01:43.540  render           | Time: 00:00.29 (Saving: 00:00.03)
01:43.540  render           | Rendering frame 462
01:43.540  render           | Start rendering: MORI_Assembly_Animation, 视图层
01:43.540  render           | Engine: EEVEE
01:43.599  render           | Fra: 462 | Rendering 1 / 32 samples
01:43.740  render           | Fra: 462 | Rendering 25 / 32 samples
01:43.779  render           | Fra: 462 | Rendering 32 / 32 samples
01:43.797  render           | Video append frame 462
01:43.797  render           | Time: 00:00.25 (Saving: 00:00.01)
01:43.797  render           | Rendering frame 463
01:43.797  render           | Start rendering: MORI_Assembly_Animation, 视图层
01:43.797  render           | Engine: EEVEE
01:43.857  render           | Fra: 463 | Rendering 1 / 32 samples
01:43.995  render           | Fra: 463 | Rendering 25 / 32 samples
01:44.037  render           | Fra: 463 | Rendering 32 / 32 samples
01:44.049  render           | Video append frame 463
01:44.049  render           | Time: 00:00.25 (Saving: 00:00.00)
01:44.049  render           | Rendering frame 464
01:44.050  render           | Start rendering: MORI_Assembly_Animation, 视图层
01:44.050  render           | Engine: EEVEE
01:44.113  render           | Fra: 464 | Rendering 1 / 32 samples
01:44.246  render           | Fra: 464 | Rendering 25 / 32 samples
01:44.285  render           | Fra: 464 | Rendering 32 / 32 samples
01:44.307  render           | Video append frame 464
01:44.307  render           | Time: 00:00.25 (Saving: 00:00.01)
01:44.307  render           | Rendering frame 465
01:44.308  render           | Start rendering: MORI_Assembly_Animation, 视图层
01:44.308  render           | Engine: EEVEE
01:44.393  render           | Fra: 465 | Rendering 1 / 32 samples
01:44.534  render           | Fra: 465 | Rendering 25 / 32 samples
01:44.572  render           | Fra: 465 | Rendering 32 / 32 samples
01:44.587  render           | Video append frame 465
01:44.587  render           | Time: 00:00.27 (Saving: 00:00.00)
01:44.587  render           | Rendering frame 466
01:44.587  render           | Start rendering: MORI_Assembly_Animation, 视图层
01:44.587  render           | Engine: EEVEE
01:44.651  render           | Fra: 466 | Rendering 1 / 32 samples
01:44.792  render           | Fra: 466 | Rendering 25 / 32 samples
01:44.833  render           | Fra: 466 | Rendering 32 / 32 samples
01:44.876  render           | Video append frame 466
01:44.876  render           | Time: 00:00.28 (Saving: 00:00.03)
01:44.876  render           | Rendering frame 467
01:44.876  render           | Start rendering: MORI_Assembly_Animation, 视图层
01:44.876  render           | Engine: EEVEE
01:44.940  render           | Fra: 467 | Rendering 1 / 32 samples
01:45.076  render           | Fra: 467 | Rendering 25 / 32 samples
01:45.116  render           | Fra: 467 | Rendering 32 / 32 samples
01:45.128  render           | Video append frame 467
01:45.128  render           | Time: 00:00.25 (Saving: 00:00.00)
01:45.128  render           | Rendering frame 468
01:45.128  render           | Start rendering: MORI_Assembly_Animation, 视图层
01:45.128  render           | Engine: EEVEE
01:45.192  render           | Fra: 468 | Rendering 1 / 32 samples
01:45.330  render           | Fra: 468 | Rendering 25 / 32 samples
01:45.371  render           | Fra: 468 | Rendering 32 / 32 samples
01:45.383  render           | Video append frame 468
01:45.383  render           | Time: 00:00.25 (Saving: 00:00.00)
01:45.383  render           | Rendering frame 469
01:45.383  render           | Start rendering: MORI_Assembly_Animation, 视图层
01:45.383  render           | Engine: EEVEE
01:45.450  render           | Fra: 469 | Rendering 1 / 32 samples
01:45.586  render           | Fra: 469 | Rendering 25 / 32 samples
01:45.626  render           | Fra: 469 | Rendering 32 / 32 samples
01:45.640  render           | Video append frame 469
01:45.640  render           | Time: 00:00.25 (Saving: 00:00.00)
01:45.640  render           | Rendering frame 470
01:45.640  render           | Start rendering: MORI_Assembly_Animation, 视图层
01:45.640  render           | Engine: EEVEE
01:45.714  render           | Fra: 470 | Rendering 1 / 32 samples
01:45.858  render           | Fra: 470 | Rendering 25 / 32 samples
01:45.899  render           | Fra: 470 | Rendering 32 / 32 samples
01:45.915  render           | Video append frame 470
01:45.916  render           | Time: 00:00.27 (Saving: 00:00.01)
01:45.916  render           | Rendering frame 471
01:45.916  render           | Start rendering: MORI_Assembly_Animation, 视图层
01:45.916  render           | Engine: EEVEE
01:45.992  render           | Fra: 471 | Rendering 1 / 32 samples
01:46.127  render           | Fra: 471 | Rendering 25 / 32 samples
01:46.166  render           | Fra: 471 | Rendering 32 / 32 samples
01:46.188  render           | Video append frame 471
01:46.188  render           | Time: 00:00.27 (Saving: 00:00.01)
01:46.188  render           | Rendering frame 472
01:46.188  render           | Start rendering: MORI_Assembly_Animation, 视图层
01:46.188  render           | Engine: EEVEE
01:46.261  render           | Fra: 472 | Rendering 1 / 32 samples
01:46.401  render           | Fra: 472 | Rendering 25 / 32 samples
01:46.440  render           | Fra: 472 | Rendering 32 / 32 samples
01:46.453  render           | Video append frame 472
01:46.453  render           | Time: 00:00.26 (Saving: 00:00.00)
01:46.453  render           | Rendering frame 473
01:46.453  render           | Start rendering: MORI_Assembly_Animation, 视图层
01:46.454  render           | Engine: EEVEE
01:46.521  render           | Fra: 473 | Rendering 1 / 32 samples
01:46.653  render           | Fra: 473 | Rendering 25 / 32 samples
01:46.694  render           | Fra: 473 | Rendering 32 / 32 samples
01:46.707  render           | Video append frame 473
01:46.707  render           | Time: 00:00.25 (Saving: 00:00.00)
01:46.707  render           | Rendering frame 474
01:46.708  render           | Start rendering: MORI_Assembly_Animation, 视图层
01:46.708  render           | Engine: EEVEE
01:46.765  render           | Fra: 474 | Rendering 1 / 32 samples
01:46.900  render           | Fra: 474 | Rendering 25 / 32 samples
01:46.939  render           | Fra: 474 | Rendering 32 / 32 samples
01:46.951  render           | Video append frame 474
01:46.951  render           | Time: 00:00.24 (Saving: 00:00.00)
01:46.951  render           | Rendering frame 475
01:46.952  render           | Start rendering: MORI_Assembly_Animation, 视图层
01:46.952  render           | Engine: EEVEE
01:47.028  render           | Fra: 475 | Rendering 1 / 32 samples
01:47.171  render           | Fra: 475 | Rendering 25 / 32 samples
01:47.211  render           | Fra: 475 | Rendering 32 / 32 samples
01:47.228  render           | Video append frame 475
01:47.228  render           | Time: 00:00.27 (Saving: 00:00.01)
01:47.228  render           | Rendering frame 476
01:47.229  render           | Start rendering: MORI_Assembly_Animation, 视图层
01:47.229  render           | Engine: EEVEE
01:47.301  render           | Fra: 476 | Rendering 1 / 32 samples
01:47.442  render           | Fra: 476 | Rendering 25 / 32 samples
01:47.481  render           | Fra: 476 | Rendering 32 / 32 samples
01:47.510  render           | Video append frame 476
01:47.510  render           | Time: 00:00.28 (Saving: 00:00.02)
01:47.510  render           | Rendering frame 477
01:47.510  render           | Start rendering: MORI_Assembly_Animation, 视图层
01:47.510  render           | Engine: EEVEE
01:47.580  render           | Fra: 477 | Rendering 1 / 32 samples
01:47.724  render           | Fra: 477 | Rendering 25 / 32 samples
01:47.763  render           | Fra: 477 | Rendering 32 / 32 samples
01:47.776  render           | Video append frame 477
01:47.776  render           | Time: 00:00.26 (Saving: 00:00.00)
01:47.776  render           | Rendering frame 478
01:47.776  render           | Start rendering: MORI_Assembly_Animation, 视图层
01:47.776  render           | Engine: EEVEE
01:47.838  render           | Fra: 478 | Rendering 1 / 32 samples
01:47.973  render           | Fra: 478 | Rendering 25 / 32 samples
01:48.011  render           | Fra: 478 | Rendering 32 / 32 samples
01:48.048  render           | Video append frame 478
01:48.048  render           | Time: 00:00.27 (Saving: 00:00.03)
01:48.048  render           | Rendering frame 479
01:48.048  render           | Start rendering: MORI_Assembly_Animation, 视图层
01:48.048  render           | Engine: EEVEE
01:48.119  render           | Fra: 479 | Rendering 1 / 32 samples
01:48.257  render           | Fra: 479 | Rendering 25 / 32 samples
01:48.297  render           | Fra: 479 | Rendering 32 / 32 samples
01:48.310  render           | Video append frame 479
01:48.310  render           | Time: 00:00.26 (Saving: 00:00.00)
01:48.310  render           | Rendering frame 480
01:48.310  render           | Start rendering: MORI_Assembly_Animation, 视图层
01:48.310  render           | Engine: EEVEE
01:48.370  render           | Fra: 480 | Rendering 1 / 32 samples
01:48.505  render           | Fra: 480 | Rendering 25 / 32 samples
01:48.543  render           | Fra: 480 | Rendering 32 / 32 samples
01:48.557  render           | Video append frame 480
01:48.557  render           | Time: 00:00.24 (Saving: 00:00.00)
01:48.557  render           | Rendering frame 481
01:48.557  render           | Start rendering: MORI_Assembly_Animation, 视图层
01:48.557  render           | Engine: EEVEE
01:48.631  render           | Fra: 481 | Rendering 1 / 32 samples
01:48.772  render           | Fra: 481 | Rendering 25 / 32 samples
01:48.813  render           | Fra: 481 | Rendering 32 / 32 samples
01:48.831  render           | Video append frame 481
01:48.832  render           | Time: 00:00.27 (Saving: 00:00.01)
01:48.832  render           | Rendering frame 482
01:48.832  render           | Start rendering: MORI_Assembly_Animation, 视图层
01:48.832  render           | Engine: EEVEE
01:48.909  render           | Fra: 482 | Rendering 1 / 32 samples
01:49.059  render           | Fra: 482 | Rendering 25 / 32 samples
01:49.100  render           | Fra: 482 | Rendering 32 / 32 samples
01:49.114  render           | Video append frame 482
01:49.114  render           | Time: 00:00.28 (Saving: 00:00.00)
01:49.114  render           | Rendering frame 483
01:49.114  render           | Start rendering: MORI_Assembly_Animation, 视图层
01:49.114  render           | Engine: EEVEE
01:49.190  render           | Fra: 483 | Rendering 1 / 32 samples
01:49.337  render           | Fra: 483 | Rendering 25 / 32 samples
01:49.377  render           | Fra: 483 | Rendering 32 / 32 samples
01:49.403  render           | Video append frame 483
01:49.403  render           | Time: 00:00.28 (Saving: 00:00.02)
01:49.403  render           | Rendering frame 484
01:49.403  render           | Start rendering: MORI_Assembly_Animation, 视图层
01:49.403  render           | Engine: EEVEE
01:49.476  render           | Fra: 484 | Rendering 1 / 32 samples
01:49.620  render           | Fra: 484 | Rendering 25 / 32 samples
01:49.663  render           | Fra: 484 | Rendering 32 / 32 samples
01:49.678  render           | Video append frame 484
01:49.678  render           | Time: 00:00.27 (Saving: 00:00.01)
01:49.678  render           | Rendering frame 485
01:49.678  render           | Start rendering: MORI_Assembly_Animation, 视图层
01:49.678  render           | Engine: EEVEE
01:49.746  render           | Fra: 485 | Rendering 1 / 32 samples
01:49.891  render           | Fra: 485 | Rendering 25 / 32 samples
01:49.930  render           | Fra: 485 | Rendering 32 / 32 samples
01:49.945  render           | Video append frame 485
01:49.945  render           | Time: 00:00.26 (Saving: 00:00.01)
01:49.945  render           | Rendering frame 486
01:49.945  render           | Start rendering: MORI_Assembly_Animation, 视图层
01:49.945  render           | Engine: EEVEE
01:50.011  render           | Fra: 486 | Rendering 1 / 32 samples
01:50.159  render           | Fra: 486 | Rendering 25 / 32 samples
01:50.201  render           | Fra: 486 | Rendering 32 / 32 samples
01:50.218  render           | Video append frame 486
01:50.219  render           | Time: 00:00.27 (Saving: 00:00.01)
01:50.219  render           | Rendering frame 487
01:50.219  render           | Start rendering: MORI_Assembly_Animation, 视图层
01:50.219  render           | Engine: EEVEE
01:50.299  render           | Fra: 487 | Rendering 1 / 32 samples
01:50.447  render           | Fra: 487 | Rendering 25 / 32 samples
01:50.493  render           | Fra: 487 | Rendering 32 / 32 samples
01:50.510  render           | Video append frame 487
01:50.510  render           | Time: 00:00.29 (Saving: 00:00.01)
01:50.510  render           | Rendering frame 488
01:50.510  render           | Start rendering: MORI_Assembly_Animation, 视图层
01:50.510  render           | Engine: EEVEE
01:50.584  render           | Fra: 488 | Rendering 1 / 32 samples
01:50.738  render           | Fra: 488 | Rendering 25 / 32 samples
01:50.780  render           | Fra: 488 | Rendering 32 / 32 samples
01:50.805  render           | Video append frame 488
01:50.805  render           | Time: 00:00.29 (Saving: 00:00.01)
01:50.805  render           | Rendering frame 489
01:50.805  render           | Start rendering: MORI_Assembly_Animation, 视图层
01:50.805  render           | Engine: EEVEE
01:50.871  render           | Fra: 489 | Rendering 1 / 32 samples
01:51.016  render           | Fra: 489 | Rendering 25 / 32 samples
01:51.059  render           | Fra: 489 | Rendering 32 / 32 samples
01:51.079  render           | Video append frame 489
01:51.079  render           | Time: 00:00.27 (Saving: 00:00.01)
01:51.079  render           | Rendering frame 490
01:51.079  render           | Start rendering: MORI_Assembly_Animation, 视图层
01:51.079  render           | Engine: EEVEE
01:51.153  render           | Fra: 490 | Rendering 1 / 32 samples
01:51.301  render           | Fra: 490 | Rendering 25 / 32 samples
01:51.341  render           | Fra: 490 | Rendering 32 / 32 samples
01:51.360  render           | Video append frame 490
01:51.360  render           | Time: 00:00.28 (Saving: 00:00.01)
01:51.360  render           | Rendering frame 491
01:51.360  render           | Start rendering: MORI_Assembly_Animation, 视图层
01:51.360  render           | Engine: EEVEE
01:51.438  render           | Fra: 491 | Rendering 1 / 32 samples
01:51.586  render           | Fra: 491 | Rendering 25 / 32 samples
01:51.630  render           | Fra: 491 | Rendering 32 / 32 samples
01:51.667  render           | Video append frame 491
01:51.667  render           | Time: 00:00.30 (Saving: 00:00.03)
01:51.667  render           | Rendering frame 492
01:51.667  render           | Start rendering: MORI_Assembly_Animation, 视图层
01:51.667  render           | Engine: EEVEE
01:51.740  render           | Fra: 492 | Rendering 1 / 32 samples
01:51.897  render           | Fra: 492 | Rendering 25 / 32 samples
01:51.939  render           | Fra: 492 | Rendering 32 / 32 samples
01:51.955  render           | Video append frame 492
01:51.955  render           | Time: 00:00.28 (Saving: 00:00.01)
01:51.955  render           | Rendering frame 493
01:51.955  render           | Start rendering: MORI_Assembly_Animation, 视图层
01:51.955  render           | Engine: EEVEE
01:52.026  render           | Fra: 493 | Rendering 1 / 32 samples
01:52.177  render           | Fra: 493 | Rendering 25 / 32 samples
01:52.218  render           | Fra: 493 | Rendering 32 / 32 samples
01:52.236  render           | Video append frame 493
01:52.236  render           | Time: 00:00.28 (Saving: 00:00.01)
01:52.236  render           | Rendering frame 494
01:52.237  render           | Start rendering: MORI_Assembly_Animation, 视图层
01:52.237  render           | Engine: EEVEE
01:52.310  render           | Fra: 494 | Rendering 1 / 32 samples
01:52.461  render           | Fra: 494 | Rendering 25 / 32 samples
01:52.503  render           | Fra: 494 | Rendering 32 / 32 samples
01:52.517  render           | Video append frame 494
01:52.517  render           | Time: 00:00.28 (Saving: 00:00.00)
01:52.517  render           | Rendering frame 495
01:52.517  render           | Start rendering: MORI_Assembly_Animation, 视图层
01:52.517  render           | Engine: EEVEE
01:52.594  render           | Fra: 495 | Rendering 1 / 32 samples
01:52.745  render           | Fra: 495 | Rendering 25 / 32 samples
01:52.790  render           | Fra: 495 | Rendering 32 / 32 samples
01:52.806  render           | Video append frame 495
01:52.806  render           | Time: 00:00.28 (Saving: 00:00.01)
01:52.806  render           | Rendering frame 496
01:52.806  render           | Start rendering: MORI_Assembly_Animation, 视图层
01:52.806  render           | Engine: EEVEE
01:52.875  render           | Fra: 496 | Rendering 1 / 32 samples
01:53.026  render           | Fra: 496 | Rendering 25 / 32 samples
01:53.068  render           | Fra: 496 | Rendering 32 / 32 samples
01:53.083  render           | Video append frame 496
01:53.083  render           | Time: 00:00.27 (Saving: 00:00.00)
01:53.083  render           | Rendering frame 497
01:53.083  render           | Start rendering: MORI_Assembly_Animation, 视图层
01:53.083  render           | Engine: EEVEE
01:53.166  render           | Fra: 497 | Rendering 1 / 32 samples
01:53.316  render           | Fra: 497 | Rendering 25 / 32 samples
01:53.361  render           | Fra: 497 | Rendering 32 / 32 samples
01:53.380  render           | Video append frame 497
01:53.380  render           | Time: 00:00.29 (Saving: 00:00.01)
01:53.380  render           | Rendering frame 498
01:53.380  render           | Start rendering: MORI_Assembly_Animation, 视图层
01:53.380  render           | Engine: EEVEE
01:53.446  render           | Fra: 498 | Rendering 1 / 32 samples
01:53.599  render           | Fra: 498 | Rendering 25 / 32 samples
01:53.641  render           | Fra: 498 | Rendering 32 / 32 samples
01:53.662  render           | Video append frame 498
01:53.662  render           | Time: 00:00.28 (Saving: 00:00.01)
01:53.662  render           | Rendering frame 499
01:53.662  render           | Start rendering: MORI_Assembly_Animation, 视图层
01:53.662  render           | Engine: EEVEE
01:53.733  render           | Fra: 499 | Rendering 1 / 32 samples
01:53.879  render           | Fra: 499 | Rendering 25 / 32 samples
01:53.923  render           | Fra: 499 | Rendering 32 / 32 samples
01:53.941  render           | Video append frame 499
01:53.941  render           | Time: 00:00.27 (Saving: 00:00.01)
01:53.941  render           | Rendering frame 500
01:53.941  render           | Start rendering: MORI_Assembly_Animation, 视图层
01:53.941  render           | Engine: EEVEE
01:54.010  render           | Fra: 500 | Rendering 1 / 32 samples
01:54.151  render           | Fra: 500 | Rendering 25 / 32 samples
01:54.195  render           | Fra: 500 | Rendering 32 / 32 samples
01:54.213  render           | Video append frame 500
01:54.213  render           | Time: 00:00.27 (Saving: 00:00.01)
01:54.213  render           | Rendering frame 501
01:54.214  render           | Start rendering: MORI_Assembly_Animation, 视图层
01:54.214  render           | Engine: EEVEE
01:54.287  render           | Fra: 501 | Rendering 1 / 32 samples
01:54.437  render           | Fra: 501 | Rendering 25 / 32 samples
01:54.477  render           | Fra: 501 | Rendering 32 / 32 samples
01:54.495  render           | Video append frame 501
01:54.495  render           | Time: 00:00.28 (Saving: 00:00.01)
01:54.495  render           | Rendering frame 502
01:54.496  render           | Start rendering: MORI_Assembly_Animation, 视图层
01:54.496  render           | Engine: EEVEE
01:54.568  render           | Fra: 502 | Rendering 1 / 32 samples
01:54.712  render           | Fra: 502 | Rendering 25 / 32 samples
01:54.756  render           | Fra: 502 | Rendering 32 / 32 samples
01:54.772  render           | Video append frame 502
01:54.772  render           | Time: 00:00.27 (Saving: 00:00.01)
01:54.772  render           | Rendering frame 503
01:54.773  render           | Start rendering: MORI_Assembly_Animation, 视图层
01:54.773  render           | Engine: EEVEE
01:54.846  render           | Fra: 503 | Rendering 1 / 32 samples
01:55.001  render           | Fra: 503 | Rendering 25 / 32 samples
01:55.042  render           | Fra: 503 | Rendering 32 / 32 samples
01:55.057  render           | Video append frame 503
01:55.057  render           | Time: 00:00.28 (Saving: 00:00.00)
01:55.057  render           | Rendering frame 504
01:55.057  render           | Start rendering: MORI_Assembly_Animation, 视图层
01:55.057  render           | Engine: EEVEE
01:55.137  render           | Fra: 504 | Rendering 1 / 32 samples
01:55.285  render           | Fra: 504 | Rendering 25 / 32 samples
01:55.332  render           | Fra: 504 | Rendering 32 / 32 samples
01:55.346  render           | Video append frame 504
01:55.346  render           | Time: 00:00.28 (Saving: 00:00.00)
01:55.346  render           | Rendering frame 505
01:55.346  render           | Start rendering: MORI_Assembly_Animation, 视图层
01:55.346  render           | Engine: EEVEE
01:55.410  render           | Fra: 505 | Rendering 1 / 32 samples
01:55.561  render           | Fra: 505 | Rendering 25 / 32 samples
01:55.603  render           | Fra: 505 | Rendering 32 / 32 samples
01:55.646  render           | Video append frame 505
01:55.646  render           | Time: 00:00.30 (Saving: 00:00.03)
01:55.646  render           | Rendering frame 506
01:55.646  render           | Start rendering: MORI_Assembly_Animation, 视图层
01:55.646  render           | Engine: EEVEE
01:55.705  render           | Fra: 506 | Rendering 1 / 32 samples
01:55.851  render           | Fra: 506 | Rendering 25 / 32 samples
01:55.896  render           | Fra: 506 | Rendering 32 / 32 samples
01:55.917  render           | Video append frame 506
01:55.917  render           | Time: 00:00.27 (Saving: 00:00.01)
01:55.917  render           | Rendering frame 507
01:55.917  render           | Start rendering: MORI_Assembly_Animation, 视图层
01:55.917  render           | Engine: EEVEE
01:55.987  render           | Fra: 507 | Rendering 1 / 32 samples
01:56.138  render           | Fra: 507 | Rendering 25 / 32 samples
01:56.179  render           | Fra: 507 | Rendering 32 / 32 samples
01:56.200  render           | Video append frame 507
01:56.200  render           | Time: 00:00.28 (Saving: 00:00.01)
01:56.200  render           | Rendering frame 508
01:56.200  render           | Start rendering: MORI_Assembly_Animation, 视图层
01:56.200  render           | Engine: EEVEE
01:56.268  render           | Fra: 508 | Rendering 1 / 32 samples
01:56.425  render           | Fra: 508 | Rendering 25 / 32 samples
01:56.468  render           | Fra: 508 | Rendering 32 / 32 samples
01:56.487  render           | Video append frame 508
01:56.487  render           | Time: 00:00.28 (Saving: 00:00.01)
01:56.487  render           | Rendering frame 509
01:56.487  render           | Start rendering: MORI_Assembly_Animation, 视图层
01:56.487  render           | Engine: EEVEE
01:56.557  render           | Fra: 509 | Rendering 1 / 32 samples
01:56.703  render           | Fra: 509 | Rendering 25 / 32 samples
01:56.745  render           | Fra: 509 | Rendering 32 / 32 samples
01:56.781  render           | Video append frame 509
01:56.781  render           | Time: 00:00.29 (Saving: 00:00.02)
01:56.781  render           | Rendering frame 510
01:56.781  render           | Start rendering: MORI_Assembly_Animation, 视图层
01:56.781  render           | Engine: EEVEE
01:56.850  render           | Fra: 510 | Rendering 1 / 32 samples
01:57.006  render           | Fra: 510 | Rendering 25 / 32 samples
01:57.049  render           | Fra: 510 | Rendering 32 / 32 samples
01:57.075  render           | Video append frame 510
01:57.075  render           | Time: 00:00.29 (Saving: 00:00.02)
01:57.075  render           | Rendering frame 511
01:57.075  render           | Start rendering: MORI_Assembly_Animation, 视图层
01:57.075  render           | Engine: EEVEE
01:57.137  render           | Fra: 511 | Rendering 1 / 32 samples
01:57.292  render           | Fra: 511 | Rendering 25 / 32 samples
01:57.336  render           | Fra: 511 | Rendering 32 / 32 samples
01:57.349  render           | Video append frame 511
01:57.349  render           | Time: 00:00.27 (Saving: 00:00.00)
01:57.349  render           | Rendering frame 512
01:57.349  render           | Start rendering: MORI_Assembly_Animation, 视图层
01:57.349  render           | Engine: EEVEE
01:57.413  render           | Fra: 512 | Rendering 1 / 32 samples
01:57.553  render           | Fra: 512 | Rendering 25 / 32 samples
01:57.598  render           | Fra: 512 | Rendering 32 / 32 samples
01:57.617  render           | Video append frame 512
01:57.617  render           | Time: 00:00.26 (Saving: 00:00.01)
01:57.617  render           | Rendering frame 513
01:57.617  render           | Start rendering: MORI_Assembly_Animation, 视图层
01:57.617  render           | Engine: EEVEE
01:57.699  render           | Fra: 513 | Rendering 1 / 32 samples
01:57.848  render           | Fra: 513 | Rendering 25 / 32 samples
01:57.892  render           | Fra: 513 | Rendering 32 / 32 samples
01:57.910  render           | Video append frame 513
01:57.910  render           | Time: 00:00.29 (Saving: 00:00.01)
01:57.910  render           | Rendering frame 514
01:57.910  render           | Start rendering: MORI_Assembly_Animation, 视图层
01:57.910  render           | Engine: EEVEE
01:57.981  render           | Fra: 514 | Rendering 1 / 32 samples
01:58.124  render           | Fra: 514 | Rendering 25 / 32 samples
01:58.168  render           | Fra: 514 | Rendering 32 / 32 samples
01:58.184  render           | Video append frame 514
01:58.185  render           | Time: 00:00.27 (Saving: 00:00.01)
01:58.185  render           | Rendering frame 515
01:58.185  render           | Start rendering: MORI_Assembly_Animation, 视图层
01:58.185  render           | Engine: EEVEE
01:58.259  render           | Fra: 515 | Rendering 1 / 32 samples
01:58.406  render           | Fra: 515 | Rendering 25 / 32 samples
01:58.447  render           | Fra: 515 | Rendering 32 / 32 samples
01:58.480  render           | Video append frame 515
01:58.480  render           | Time: 00:00.29 (Saving: 00:00.02)
01:58.480  render           | Rendering frame 516
01:58.480  render           | Start rendering: MORI_Assembly_Animation, 视图层
01:58.480  render           | Engine: EEVEE
01:58.547  render           | Fra: 516 | Rendering 1 / 32 samples
01:58.697  render           | Fra: 516 | Rendering 25 / 32 samples
01:58.739  render           | Fra: 516 | Rendering 32 / 32 samples
01:58.758  render           | Video append frame 516
01:58.758  render           | Time: 00:00.27 (Saving: 00:00.01)
01:58.758  render           | Rendering frame 517
01:58.758  render           | Start rendering: MORI_Assembly_Animation, 视图层
01:58.758  render           | Engine: EEVEE
01:58.824  render           | Fra: 517 | Rendering 1 / 32 samples
01:58.968  render           | Fra: 517 | Rendering 25 / 32 samples
01:59.010  render           | Fra: 517 | Rendering 32 / 32 samples
01:59.031  render           | Video append frame 517
01:59.031  render           | Time: 00:00.27 (Saving: 00:00.01)
01:59.031  render           | Rendering frame 518
01:59.031  render           | Start rendering: MORI_Assembly_Animation, 视图层
01:59.031  render           | Engine: EEVEE
01:59.095  render           | Fra: 518 | Rendering 1 / 32 samples
01:59.234  render           | Fra: 518 | Rendering 25 / 32 samples
01:59.274  render           | Fra: 518 | Rendering 32 / 32 samples
01:59.295  render           | Video append frame 518
01:59.295  render           | Time: 00:00.26 (Saving: 00:00.01)
01:59.295  render           | Rendering frame 519
01:59.295  render           | Start rendering: MORI_Assembly_Animation, 视图层
01:59.295  render           | Engine: EEVEE
01:59.367  render           | Fra: 519 | Rendering 1 / 32 samples
01:59.515  render           | Fra: 519 | Rendering 25 / 32 samples
01:59.556  render           | Fra: 519 | Rendering 32 / 32 samples
01:59.573  render           | Video append frame 519
01:59.573  render           | Time: 00:00.27 (Saving: 00:00.01)
01:59.573  render           | Rendering frame 520
01:59.574  render           | Start rendering: MORI_Assembly_Animation, 视图层
01:59.574  render           | Engine: EEVEE
01:59.638  render           | Fra: 520 | Rendering 1 / 32 samples
01:59.779  render           | Fra: 520 | Rendering 25 / 32 samples
01:59.822  render           | Fra: 520 | Rendering 32 / 32 samples
01:59.839  render           | Video append frame 520
01:59.839  render           | Time: 00:00.26 (Saving: 00:00.01)
01:59.839  render           | Rendering frame 521
01:59.840  render           | Start rendering: MORI_Assembly_Animation, 视图层
01:59.840  render           | Engine: EEVEE
01:59.910  render           | Fra: 521 | Rendering 1 / 32 samples
02:00.049  render           | Fra: 521 | Rendering 25 / 32 samples
02:00.089  render           | Fra: 521 | Rendering 32 / 32 samples
02:00.107  render           | Video append frame 521
02:00.107  render           | Time: 00:00.26 (Saving: 00:00.00)
02:00.107  render           | Rendering frame 522
02:00.107  render           | Start rendering: MORI_Assembly_Animation, 视图层
02:00.107  render           | Engine: EEVEE
02:00.180  render           | Fra: 522 | Rendering 1 / 32 samples
02:00.332  render           | Fra: 522 | Rendering 25 / 32 samples
02:00.373  render           | Fra: 522 | Rendering 32 / 32 samples
02:00.387  render           | Video append frame 522
02:00.387  render           | Time: 00:00.27 (Saving: 00:00.00)
02:00.387  render           | Rendering frame 523
02:00.387  render           | Start rendering: MORI_Assembly_Animation, 视图层
02:00.387  render           | Engine: EEVEE
02:00.458  render           | Fra: 523 | Rendering 1 / 32 samples
02:00.610  render           | Fra: 523 | Rendering 25 / 32 samples
02:00.651  render           | Fra: 523 | Rendering 32 / 32 samples
02:00.670  render           | Video append frame 523
02:00.670  render           | Time: 00:00.28 (Saving: 00:00.01)
02:00.670  render           | Rendering frame 524
02:00.670  render           | Start rendering: MORI_Assembly_Animation, 视图层
02:00.670  render           | Engine: EEVEE
02:00.742  render           | Fra: 524 | Rendering 1 / 32 samples
02:00.890  render           | Fra: 524 | Rendering 25 / 32 samples
02:00.933  render           | Fra: 524 | Rendering 32 / 32 samples
02:00.958  render           | Video append frame 524
02:00.958  render           | Time: 00:00.28 (Saving: 00:00.02)
02:00.958  render           | Rendering frame 525
02:00.958  render           | Start rendering: MORI_Assembly_Animation, 视图层
02:00.958  render           | Engine: EEVEE
02:01.037  render           | Fra: 525 | Rendering 1 / 32 samples
02:01.182  render           | Fra: 525 | Rendering 25 / 32 samples
02:01.226  render           | Fra: 525 | Rendering 32 / 32 samples
02:01.248  render           | Video append frame 525
02:01.248  render           | Time: 00:00.28 (Saving: 00:00.01)
02:01.248  render           | Rendering frame 526
02:01.248  render           | Start rendering: MORI_Assembly_Animation, 视图层
02:01.248  render           | Engine: EEVEE
02:01.313  render           | Fra: 526 | Rendering 1 / 32 samples
02:01.456  render           | Fra: 526 | Rendering 25 / 32 samples
02:01.494  render           | Fra: 526 | Rendering 32 / 32 samples
02:01.514  render           | Video append frame 526
02:01.514  render           | Time: 00:00.26 (Saving: 00:00.01)
02:01.514  render           | Rendering frame 527
02:01.514  render           | Start rendering: MORI_Assembly_Animation, 视图层
02:01.514  render           | Engine: EEVEE
02:01.579  render           | Fra: 527 | Rendering 1 / 32 samples
02:01.727  render           | Fra: 527 | Rendering 25 / 32 samples
02:01.772  render           | Fra: 527 | Rendering 32 / 32 samples
02:01.798  render           | Video append frame 527
02:01.798  render           | Time: 00:00.28 (Saving: 00:00.02)
02:01.798  render           | Rendering frame 528
02:01.798  render           | Start rendering: MORI_Assembly_Animation, 视图层
02:01.798  render           | Engine: EEVEE
02:01.868  render           | Fra: 528 | Rendering 1 / 32 samples
02:02.016  render           | Fra: 528 | Rendering 25 / 32 samples
02:02.059  render           | Fra: 528 | Rendering 32 / 32 samples
02:02.074  render           | Video append frame 528
02:02.074  render           | Time: 00:00.27 (Saving: 00:00.00)
02:02.074  render           | Rendering frame 529
02:02.075  render           | Start rendering: MORI_Assembly_Animation, 视图层
02:02.075  render           | Engine: EEVEE
02:02.143  render           | Fra: 529 | Rendering 1 / 32 samples
02:02.295  render           | Fra: 529 | Rendering 25 / 32 samples
02:02.344  render           | Fra: 529 | Rendering 32 / 32 samples
02:02.373  render           | Video append frame 529
02:02.373  render           | Time: 00:00.29 (Saving: 00:00.02)
02:02.373  render           | Rendering frame 530
02:02.374  render           | Start rendering: MORI_Assembly_Animation, 视图层
02:02.374  render           | Engine: EEVEE
02:02.446  render           | Fra: 530 | Rendering 1 / 32 samples
02:02.600  render           | Fra: 530 | Rendering 25 / 32 samples
02:02.645  render           | Fra: 530 | Rendering 32 / 32 samples
02:02.673  render           | Video append frame 530
02:02.673  render           | Time: 00:00.29 (Saving: 00:00.02)
02:02.673  render           | Rendering frame 531
02:02.673  render           | Start rendering: MORI_Assembly_Animation, 视图层
02:02.673  render           | Engine: EEVEE
02:02.739  render           | Fra: 531 | Rendering 1 / 32 samples
02:02.885  render           | Fra: 531 | Rendering 25 / 32 samples
02:02.928  render           | Fra: 531 | Rendering 32 / 32 samples
02:02.947  render           | Video append frame 531
02:02.947  render           | Time: 00:00.27 (Saving: 00:00.01)
02:02.947  render           | Rendering frame 532
02:02.947  render           | Start rendering: MORI_Assembly_Animation, 视图层
02:02.947  render           | Engine: EEVEE
02:03.013  render           | Fra: 532 | Rendering 1 / 32 samples
02:03.158  render           | Fra: 532 | Rendering 25 / 32 samples
02:03.196  render           | Fra: 532 | Rendering 32 / 32 samples
02:03.216  render           | Video append frame 532
02:03.216  render           | Time: 00:00.26 (Saving: 00:00.01)
02:03.216  render           | Rendering frame 533
02:03.217  render           | Start rendering: MORI_Assembly_Animation, 视图层
02:03.217  render           | Engine: EEVEE
02:03.280  render           | Fra: 533 | Rendering 1 / 32 samples
02:03.437  render           | Fra: 533 | Rendering 25 / 32 samples
02:03.478  render           | Fra: 533 | Rendering 32 / 32 samples
02:03.499  render           | Video append frame 533
02:03.499  render           | Time: 00:00.28 (Saving: 00:00.01)
02:03.499  render           | Rendering frame 534
02:03.499  render           | Start rendering: MORI_Assembly_Animation, 视图层
02:03.499  render           | Engine: EEVEE
02:03.568  render           | Fra: 534 | Rendering 1 / 32 samples
02:03.712  render           | Fra: 534 | Rendering 25 / 32 samples
02:03.752  render           | Fra: 534 | Rendering 32 / 32 samples
02:03.772  render           | Video append frame 534
02:03.772  render           | Time: 00:00.27 (Saving: 00:00.01)
02:03.772  render           | Rendering frame 535
02:03.772  render           | Start rendering: MORI_Assembly_Animation, 视图层
02:03.772  render           | Engine: EEVEE
02:03.841  render           | Fra: 535 | Rendering 1 / 32 samples
02:03.986  render           | Fra: 535 | Rendering 25 / 32 samples
02:04.033  render           | Fra: 535 | Rendering 32 / 32 samples
02:04.074  render           | Video append frame 535
02:04.074  render           | Time: 00:00.30 (Saving: 00:00.02)
02:04.074  render           | Rendering frame 536
02:04.074  render           | Start rendering: MORI_Assembly_Animation, 视图层
02:04.074  render           | Engine: EEVEE
02:04.144  render           | Fra: 536 | Rendering 1 / 32 samples
02:04.301  render           | Fra: 536 | Rendering 25 / 32 samples
02:04.341  render           | Fra: 536 | Rendering 32 / 32 samples
02:04.354  render           | Video append frame 536
02:04.354  render           | Time: 00:00.27 (Saving: 00:00.00)
02:04.354  render           | Rendering frame 537
02:04.354  render           | Start rendering: MORI_Assembly_Animation, 视图层
02:04.354  render           | Engine: EEVEE
02:04.418  render           | Fra: 537 | Rendering 1 / 32 samples
02:04.565  render           | Fra: 537 | Rendering 25 / 32 samples
02:04.606  render           | Fra: 537 | Rendering 32 / 32 samples
02:04.623  render           | Video append frame 537
02:04.623  render           | Time: 00:00.26 (Saving: 00:00.01)
02:04.623  render           | Rendering frame 538
02:04.623  render           | Start rendering: MORI_Assembly_Animation, 视图层
02:04.623  render           | Engine: EEVEE
02:04.687  render           | Fra: 538 | Rendering 1 / 32 samples
02:04.831  render           | Fra: 538 | Rendering 25 / 32 samples
02:04.872  render           | Fra: 538 | Rendering 32 / 32 samples
02:04.889  render           | Video append frame 538
02:04.889  render           | Time: 00:00.26 (Saving: 00:00.01)
02:04.889  render           | Rendering frame 539
02:04.889  render           | Start rendering: MORI_Assembly_Animation, 视图层
02:04.889  render           | Engine: EEVEE
02:04.959  render           | Fra: 539 | Rendering 1 / 32 samples
02:05.105  render           | Fra: 539 | Rendering 25 / 32 samples
02:05.145  render           | Fra: 539 | Rendering 32 / 32 samples
02:05.162  render           | Video append frame 539
02:05.163  render           | Time: 00:00.27 (Saving: 00:00.01)
02:05.163  render           | Rendering frame 540
02:05.163  render           | Start rendering: MORI_Assembly_Animation, 视图层
02:05.163  render           | Engine: EEVEE
02:05.230  render           | Fra: 540 | Rendering 1 / 32 samples
02:05.372  render           | Fra: 540 | Rendering 25 / 32 samples
02:05.410  render           | Fra: 540 | Rendering 32 / 32 samples
02:05.450  render           | Video append frame 540
02:05.450  render           | Time: 00:00.28 (Saving: 00:00.02)
02:05.450  render           | Rendering frame 541
02:05.450  render           | Start rendering: MORI_Assembly_Animation, 视图层
02:05.450  render           | Engine: EEVEE
02:05.526  render           | Fra: 541 | Rendering 1 / 32 samples
02:05.676  render           | Fra: 541 | Rendering 25 / 32 samples
02:05.716  render           | Fra: 541 | Rendering 32 / 32 samples
02:05.733  render           | Video append frame 541
02:05.733  render           | Time: 00:00.28 (Saving: 00:00.01)
02:05.733  render           | Rendering frame 542
02:05.733  render           | Start rendering: MORI_Assembly_Animation, 视图层
02:05.733  render           | Engine: EEVEE
02:05.800  render           | Fra: 542 | Rendering 1 / 32 samples
02:05.943  render           | Fra: 542 | Rendering 25 / 32 samples
02:05.983  render           | Fra: 542 | Rendering 32 / 32 samples
02:05.998  render           | Video append frame 542
02:05.998  render           | Time: 00:00.26 (Saving: 00:00.01)
02:05.998  render           | Rendering frame 543
02:05.999  render           | Start rendering: MORI_Assembly_Animation, 视图层
02:05.999  render           | Engine: EEVEE
02:06.065  render           | Fra: 543 | Rendering 1 / 32 samples
02:06.203  render           | Fra: 543 | Rendering 25 / 32 samples
02:06.244  render           | Fra: 543 | Rendering 32 / 32 samples
02:06.272  render           | Video append frame 543
02:06.272  render           | Time: 00:00.27 (Saving: 00:00.02)
02:06.272  render           | Rendering frame 544
02:06.273  render           | Start rendering: MORI_Assembly_Animation, 视图层
02:06.273  render           | Engine: EEVEE
02:06.343  render           | Fra: 544 | Rendering 1 / 32 samples
02:06.493  render           | Fra: 544 | Rendering 25 / 32 samples
02:06.534  render           | Fra: 544 | Rendering 32 / 32 samples
02:06.550  render           | Video append frame 544
02:06.550  render           | Time: 00:00.27 (Saving: 00:00.01)
02:06.550  render           | Rendering frame 545
02:06.551  render           | Start rendering: MORI_Assembly_Animation, 视图层
02:06.551  render           | Engine: EEVEE
02:06.628  render           | Fra: 545 | Rendering 1 / 32 samples
02:06.779  render           | Fra: 545 | Rendering 25 / 32 samples
02:06.826  render           | Fra: 545 | Rendering 32 / 32 samples
02:06.844  render           | Video append frame 545
02:06.844  render           | Time: 00:00.29 (Saving: 00:00.01)
02:06.844  render           | Rendering frame 546
02:06.845  render           | Start rendering: MORI_Assembly_Animation, 视图层
02:06.845  render           | Engine: EEVEE
02:06.910  render           | Fra: 546 | Rendering 1 / 32 samples
02:07.060  render           | Fra: 546 | Rendering 25 / 32 samples
02:07.104  render           | Fra: 546 | Rendering 32 / 32 samples
02:07.129  render           | Video append frame 546
02:07.129  render           | Time: 00:00.28 (Saving: 00:00.02)
02:07.129  render           | Rendering frame 547
02:07.130  render           | Start rendering: MORI_Assembly_Animation, 视图层
02:07.130  render           | Engine: EEVEE
02:07.226  render           | Fra: 547 | Rendering 1 / 32 samples
02:07.371  render           | Fra: 547 | Rendering 25 / 32 samples
02:07.414  render           | Fra: 547 | Rendering 32 / 32 samples
02:07.431  render           | Video append frame 547
02:07.431  render           | Time: 00:00.30 (Saving: 00:00.01)
02:07.431  render           | Rendering frame 548
02:07.431  render           | Start rendering: MORI_Assembly_Animation, 视图层
02:07.431  render           | Engine: EEVEE
02:07.500  render           | Fra: 548 | Rendering 1 / 32 samples
02:07.644  render           | Fra: 548 | Rendering 25 / 32 samples
02:07.684  render           | Fra: 548 | Rendering 32 / 32 samples
02:07.724  render           | Video append frame 548
02:07.724  render           | Time: 00:00.29 (Saving: 00:00.03)
02:07.724  render           | Rendering frame 549
02:07.724  render           | Start rendering: MORI_Assembly_Animation, 视图层
02:07.724  render           | Engine: EEVEE
02:07.794  render           | Fra: 549 | Rendering 1 / 32 samples
02:07.941  render           | Fra: 549 | Rendering 25 / 32 samples
02:07.983  render           | Fra: 549 | Rendering 32 / 32 samples
02:08.000  render           | Video append frame 549
02:08.000  render           | Time: 00:00.27 (Saving: 00:00.01)
02:08.000  render           | Rendering frame 550
02:08.000  render           | Start rendering: MORI_Assembly_Animation, 视图层
02:08.000  render           | Engine: EEVEE
02:08.071  render           | Fra: 550 | Rendering 1 / 32 samples
02:08.226  render           | Fra: 550 | Rendering 25 / 32 samples
02:08.270  render           | Fra: 550 | Rendering 32 / 32 samples
02:08.291  render           | Video append frame 550
02:08.291  render           | Time: 00:00.29 (Saving: 00:00.01)
02:08.291  render           | Rendering frame 551
02:08.292  render           | Start rendering: MORI_Assembly_Animation, 视图层
02:08.292  render           | Engine: EEVEE
02:08.367  render           | Fra: 551 | Rendering 1 / 32 samples
02:08.523  render           | Fra: 551 | Rendering 25 / 32 samples
02:08.566  render           | Fra: 551 | Rendering 32 / 32 samples
02:08.627  render           | Video append frame 551
02:08.627  render           | Time: 00:00.33 (Saving: 00:00.04)
02:08.627  render           | Rendering frame 552
02:08.627  render           | Start rendering: MORI_Assembly_Animation, 视图层
02:08.627  render           | Engine: EEVEE
02:08.706  render           | Fra: 552 | Rendering 1 / 32 samples
02:08.852  render           | Fra: 552 | Rendering 25 / 32 samples
02:08.899  render           | Fra: 552 | Rendering 32 / 32 samples
02:08.913  render           | Video append frame 552
02:08.913  render           | Time: 00:00.28 (Saving: 00:00.00)
02:08.913  render           | Rendering frame 553
02:08.913  render           | Start rendering: MORI_Assembly_Animation, 视图层
02:08.913  render           | Engine: EEVEE
02:08.983  render           | Fra: 553 | Rendering 1 / 32 samples
02:09.129  render           | Fra: 553 | Rendering 25 / 32 samples
02:09.173  render           | Fra: 553 | Rendering 32 / 32 samples
02:09.190  render           | Video append frame 553
02:09.190  render           | Time: 00:00.27 (Saving: 00:00.01)
02:09.190  render           | Rendering frame 554
02:09.190  render           | Start rendering: MORI_Assembly_Animation, 视图层
02:09.190  render           | Engine: EEVEE
02:09.258  render           | Fra: 554 | Rendering 1 / 32 samples
02:09.405  render           | Fra: 554 | Rendering 25 / 32 samples
02:09.450  render           | Fra: 554 | Rendering 32 / 32 samples
02:09.479  render           | Video append frame 554
02:09.479  render           | Time: 00:00.28 (Saving: 00:00.02)
02:09.479  render           | Rendering frame 555
02:09.479  render           | Start rendering: MORI_Assembly_Animation, 视图层
02:09.479  render           | Engine: EEVEE
02:09.551  render           | Fra: 555 | Rendering 1 / 32 samples
02:09.711  render           | Fra: 555 | Rendering 25 / 32 samples
02:09.760  render           | Fra: 555 | Rendering 32 / 32 samples
02:09.780  render           | Video append frame 555
02:09.780  render           | Time: 00:00.30 (Saving: 00:00.00)
02:09.780  render           | Rendering frame 556
02:09.780  render           | Start rendering: MORI_Assembly_Animation, 视图层
02:09.780  render           | Engine: EEVEE
02:09.861  render           | Fra: 556 | Rendering 1 / 32 samples
02:10.011  render           | Fra: 556 | Rendering 25 / 32 samples
02:10.051  render           | Fra: 556 | Rendering 32 / 32 samples
02:10.073  render           | Video append frame 556
02:10.073  render           | Time: 00:00.29 (Saving: 00:00.01)
02:10.073  render           | Rendering frame 557
02:10.074  render           | Start rendering: MORI_Assembly_Animation, 视图层
02:10.074  render           | Engine: EEVEE
02:10.146  render           | Fra: 557 | Rendering 1 / 32 samples
02:10.295  render           | Fra: 557 | Rendering 25 / 32 samples
02:10.334  render           | Fra: 557 | Rendering 32 / 32 samples
02:10.369  render           | Video append frame 557
02:10.369  render           | Time: 00:00.29 (Saving: 00:00.02)
02:10.369  render           | Rendering frame 558
02:10.370  render           | Start rendering: MORI_Assembly_Animation, 视图层
02:10.370  render           | Engine: EEVEE
02:10.438  render           | Fra: 558 | Rendering 1 / 32 samples
02:10.583  render           | Fra: 558 | Rendering 25 / 32 samples
02:10.629  render           | Fra: 558 | Rendering 32 / 32 samples
02:10.646  render           | Video append frame 558
02:10.646  render           | Time: 00:00.27 (Saving: 00:00.01)
02:10.646  render           | Rendering frame 559
02:10.646  render           | Start rendering: MORI_Assembly_Animation, 视图层
02:10.646  render           | Engine: EEVEE
02:10.713  render           | Fra: 559 | Rendering 1 / 32 samples
02:10.861  render           | Fra: 559 | Rendering 25 / 32 samples
02:10.902  render           | Fra: 559 | Rendering 32 / 32 samples
02:10.916  render           | Video append frame 559
02:10.916  render           | Time: 00:00.27 (Saving: 00:00.00)
02:10.916  render           | Rendering frame 560
02:10.916  render           | Start rendering: MORI_Assembly_Animation, 视图层
02:10.916  render           | Engine: EEVEE
02:10.993  render           | Fra: 560 | Rendering 1 / 32 samples
02:11.145  render           | Fra: 560 | Rendering 25 / 32 samples
02:11.186  render           | Fra: 560 | Rendering 32 / 32 samples
02:11.205  render           | Video append frame 560
02:11.205  render           | Time: 00:00.28 (Saving: 00:00.01)
02:11.205  render           | Rendering frame 561
02:11.206  render           | Start rendering: MORI_Assembly_Animation, 视图层
02:11.206  render           | Engine: EEVEE
02:11.277  render           | Fra: 561 | Rendering 1 / 32 samples
02:11.433  render           | Fra: 561 | Rendering 25 / 32 samples
02:11.472  render           | Fra: 561 | Rendering 32 / 32 samples
02:11.487  render           | Video append frame 561
02:11.487  render           | Time: 00:00.28 (Saving: 00:00.01)
02:11.487  render           | Rendering frame 562
02:11.488  render           | Start rendering: MORI_Assembly_Animation, 视图层
02:11.488  render           | Engine: EEVEE
02:11.556  render           | Fra: 562 | Rendering 1 / 32 samples
02:11.710  render           | Fra: 562 | Rendering 25 / 32 samples
02:11.750  render           | Fra: 562 | Rendering 32 / 32 samples
02:11.770  render           | Video append frame 562
02:11.770  render           | Time: 00:00.28 (Saving: 00:00.01)
02:11.770  render           | Rendering frame 563
02:11.770  render           | Start rendering: MORI_Assembly_Animation, 视图层
02:11.770  render           | Engine: EEVEE
02:11.837  render           | Fra: 563 | Rendering 1 / 32 samples
02:11.982  render           | Fra: 563 | Rendering 25 / 32 samples
02:12.029  render           | Fra: 563 | Rendering 32 / 32 samples
02:12.045  render           | Video append frame 563
02:12.045  render           | Time: 00:00.27 (Saving: 00:00.01)
02:12.045  render           | Rendering frame 564
02:12.045  render           | Start rendering: MORI_Assembly_Animation, 视图层
02:12.045  render           | Engine: EEVEE
02:12.113  render           | Fra: 564 | Rendering 1 / 32 samples
02:12.261  render           | Fra: 564 | Rendering 25 / 32 samples
02:12.305  render           | Fra: 564 | Rendering 32 / 32 samples
02:12.322  render           | Video append frame 564
02:12.322  render           | Time: 00:00.27 (Saving: 00:00.01)
02:12.322  render           | Rendering frame 565
02:12.322  render           | Start rendering: MORI_Assembly_Animation, 视图层
02:12.322  render           | Engine: EEVEE
02:12.398  render           | Fra: 565 | Rendering 1 / 32 samples
02:12.550  render           | Fra: 565 | Rendering 25 / 32 samples
02:12.594  render           | Fra: 565 | Rendering 32 / 32 samples
02:12.644  render           | Video append frame 565
02:12.644  render           | Time: 00:00.32 (Saving: 00:00.03)
02:12.644  render           | Rendering frame 566
02:12.644  render           | Start rendering: MORI_Assembly_Animation, 视图层
02:12.644  render           | Engine: EEVEE
02:12.705  render           | Fra: 566 | Rendering 1 / 32 samples
02:12.859  render           | Fra: 566 | Rendering 25 / 32 samples
02:12.901  render           | Fra: 566 | Rendering 32 / 32 samples
02:12.916  render           | Video append frame 566
02:12.916  render           | Time: 00:00.27 (Saving: 00:00.01)
02:12.916  render           | Rendering frame 567
02:12.917  render           | Start rendering: MORI_Assembly_Animation, 视图层
02:12.917  render           | Engine: EEVEE
02:12.990  render           | Fra: 567 | Rendering 1 / 32 samples
02:13.139  render           | Fra: 567 | Rendering 25 / 32 samples
02:13.182  render           | Fra: 567 | Rendering 32 / 32 samples
02:13.199  render           | Video append frame 567
02:13.199  render           | Time: 00:00.28 (Saving: 00:00.01)
02:13.199  render           | Rendering frame 568
02:13.199  render           | Start rendering: MORI_Assembly_Animation, 视图层
02:13.199  render           | Engine: EEVEE
02:13.265  render           | Fra: 568 | Rendering 1 / 32 samples
02:13.408  render           | Fra: 568 | Rendering 25 / 32 samples
02:13.450  render           | Fra: 568 | Rendering 32 / 32 samples
02:13.468  render           | Video append frame 568
02:13.468  render           | Time: 00:00.26 (Saving: 00:00.01)
02:13.468  render           | Rendering frame 569
02:13.468  render           | Start rendering: MORI_Assembly_Animation, 视图层
02:13.468  render           | Engine: EEVEE
02:13.543  render           | Fra: 569 | Rendering 1 / 32 samples
02:13.695  render           | Fra: 569 | Rendering 25 / 32 samples
02:13.737  render           | Fra: 569 | Rendering 32 / 32 samples
02:13.758  render           | Video append frame 569
02:13.758  render           | Time: 00:00.29 (Saving: 00:00.01)
02:13.758  render           | Rendering frame 570
02:13.759  render           | Start rendering: MORI_Assembly_Animation, 视图层
02:13.759  render           | Engine: EEVEE
02:13.825  render           | Fra: 570 | Rendering 1 / 32 samples
02:13.973  render           | Fra: 570 | Rendering 25 / 32 samples
02:14.015  render           | Fra: 570 | Rendering 32 / 32 samples
02:14.032  render           | Video append frame 570
02:14.032  render           | Time: 00:00.27 (Saving: 00:00.01)
02:14.032  render           | Rendering frame 571
02:14.032  render           | Start rendering: MORI_Assembly_Animation, 视图层
02:14.032  render           | Engine: EEVEE
02:14.097  render           | Fra: 571 | Rendering 1 / 32 samples
02:14.238  render           | Fra: 571 | Rendering 25 / 32 samples
02:14.278  render           | Fra: 571 | Rendering 32 / 32 samples
02:14.303  render           | Video append frame 571
02:14.303  render           | Time: 00:00.27 (Saving: 00:00.01)
02:14.303  render           | Rendering frame 572
02:14.303  render           | Start rendering: MORI_Assembly_Animation, 视图层
02:14.303  render           | Engine: EEVEE
02:14.372  render           | Fra: 572 | Rendering 1 / 32 samples
02:14.517  render           | Fra: 572 | Rendering 25 / 32 samples
02:14.561  render           | Fra: 572 | Rendering 32 / 32 samples
02:14.579  render           | Video append frame 572
02:14.579  render           | Time: 00:00.27 (Saving: 00:00.01)
02:14.579  render           | Rendering frame 573
02:14.579  render           | Start rendering: MORI_Assembly_Animation, 视图层
02:14.579  render           | Engine: EEVEE
02:14.650  render           | Fra: 573 | Rendering 1 / 32 samples
02:14.801  render           | Fra: 573 | Rendering 25 / 32 samples
02:14.843  render           | Fra: 573 | Rendering 32 / 32 samples
02:14.861  render           | Video append frame 573
02:14.861  render           | Time: 00:00.28 (Saving: 00:00.01)
02:14.861  render           | Rendering frame 574
02:14.861  render           | Start rendering: MORI_Assembly_Animation, 视图层
02:14.861  render           | Engine: EEVEE
02:14.933  render           | Fra: 574 | Rendering 1 / 32 samples
02:15.078  render           | Fra: 574 | Rendering 25 / 32 samples
02:15.119  render           | Fra: 574 | Rendering 32 / 32 samples
02:15.139  render           | Video append frame 574
02:15.139  render           | Time: 00:00.27 (Saving: 00:00.01)
02:15.139  render           | Rendering frame 575
02:15.139  render           | Start rendering: MORI_Assembly_Animation, 视图层
02:15.139  render           | Engine: EEVEE
02:15.212  render           | Fra: 575 | Rendering 1 / 32 samples
02:15.367  render           | Fra: 575 | Rendering 25 / 32 samples
02:15.407  render           | Fra: 575 | Rendering 32 / 32 samples
02:15.422  render           | Video append frame 575
02:15.422  render           | Time: 00:00.28 (Saving: 00:00.01)
02:15.422  render           | Rendering frame 576
02:15.422  render           | Start rendering: MORI_Assembly_Animation, 视图层
02:15.423  render           | Engine: EEVEE
02:15.498  render           | Fra: 576 | Rendering 1 / 32 samples
02:15.649  render           | Fra: 576 | Rendering 25 / 32 samples
02:15.692  render           | Fra: 576 | Rendering 32 / 32 samples
02:15.755  render           | Video append frame 576
02:15.755  render           | Time: 00:00.33 (Saving: 00:00.04)
02:15.755  render           | Rendering frame 577
02:15.755  render           | Start rendering: MORI_Assembly_Animation, 视图层
02:15.755  render           | Engine: EEVEE
02:15.817  render           | Fra: 577 | Rendering 1 / 32 samples
02:15.980  render           | Fra: 577 | Rendering 25 / 32 samples
02:16.026  render           | Fra: 577 | Rendering 32 / 32 samples
02:16.042  render           | Video append frame 577
02:16.042  render           | Time: 00:00.28 (Saving: 00:00.01)
02:16.042  render           | Rendering frame 578
02:16.042  render           | Start rendering: MORI_Assembly_Animation, 视图层
02:16.042  render           | Engine: EEVEE
02:16.105  render           | Fra: 578 | Rendering 1 / 32 samples
02:16.256  render           | Fra: 578 | Rendering 25 / 32 samples
02:16.300  render           | Fra: 578 | Rendering 32 / 32 samples
02:16.337  render           | Video append frame 578
02:16.337  render           | Time: 00:00.29 (Saving: 00:00.02)
02:16.337  render           | Rendering frame 579
02:16.338  render           | Start rendering: MORI_Assembly_Animation, 视图层
02:16.338  render           | Engine: EEVEE
02:16.406  render           | Fra: 579 | Rendering 1 / 32 samples
02:16.556  render           | Fra: 579 | Rendering 25 / 32 samples
02:16.599  render           | Fra: 579 | Rendering 32 / 32 samples
02:16.619  render           | Video append frame 579
02:16.619  render           | Time: 00:00.28 (Saving: 00:00.01)
02:16.619  render           | Rendering frame 580
02:16.619  render           | Start rendering: MORI_Assembly_Animation, 视图层
02:16.619  render           | Engine: EEVEE
02:16.701  render           | Fra: 580 | Rendering 1 / 32 samples
02:16.847  render           | Fra: 580 | Rendering 25 / 32 samples
02:16.892  render           | Fra: 580 | Rendering 32 / 32 samples
02:16.909  render           | Video append frame 580
02:16.909  render           | Time: 00:00.29 (Saving: 00:00.01)
02:16.909  render           | Rendering frame 581
02:16.909  render           | Start rendering: MORI_Assembly_Animation, 视图层
02:16.909  render           | Engine: EEVEE
02:16.982  render           | Fra: 581 | Rendering 1 / 32 samples
02:17.134  render           | Fra: 581 | Rendering 25 / 32 samples
02:17.174  render           | Fra: 581 | Rendering 32 / 32 samples
02:17.193  render           | Video append frame 581
02:17.193  render           | Time: 00:00.28 (Saving: 00:00.01)
02:17.193  render           | Rendering frame 582
02:17.193  render           | Start rendering: MORI_Assembly_Animation, 视图层
02:17.193  render           | Engine: EEVEE
02:17.267  render           | Fra: 582 | Rendering 1 / 32 samples
02:17.415  render           | Fra: 582 | Rendering 25 / 32 samples
02:17.459  render           | Fra: 582 | Rendering 32 / 32 samples
02:17.474  render           | Video append frame 582
02:17.474  render           | Time: 00:00.28 (Saving: 00:00.00)
02:17.474  render           | Rendering frame 583
02:17.474  render           | Start rendering: MORI_Assembly_Animation, 视图层
02:17.474  render           | Engine: EEVEE
02:17.543  render           | Fra: 583 | Rendering 1 / 32 samples
02:17.686  render           | Fra: 583 | Rendering 25 / 32 samples
02:17.732  render           | Fra: 583 | Rendering 32 / 32 samples
02:17.749  render           | Video append frame 583
02:17.749  render           | Time: 00:00.27 (Saving: 00:00.01)
02:17.749  render           | Rendering frame 584
02:17.749  render           | Start rendering: MORI_Assembly_Animation, 视图层
02:17.749  render           | Engine: EEVEE
02:17.821  render           | Fra: 584 | Rendering 1 / 32 samples
02:17.972  render           | Fra: 584 | Rendering 25 / 32 samples
02:18.014  render           | Fra: 584 | Rendering 32 / 32 samples
02:18.037  render           | Video append frame 584
02:18.037  render           | Time: 00:00.28 (Saving: 00:00.01)
02:18.037  render           | Rendering frame 585
02:18.037  render           | Start rendering: MORI_Assembly_Animation, 视图层
02:18.037  render           | Engine: EEVEE
02:18.107  render           | Fra: 585 | Rendering 1 / 32 samples
02:18.255  render           | Fra: 585 | Rendering 25 / 32 samples
02:18.297  render           | Fra: 585 | Rendering 32 / 32 samples
02:18.312  render           | Video append frame 585
02:18.312  render           | Time: 00:00.27 (Saving: 00:00.00)
02:18.312  render           | Rendering frame 586
02:18.312  render           | Start rendering: MORI_Assembly_Animation, 视图层
02:18.312  render           | Engine: EEVEE
02:18.384  render           | Fra: 586 | Rendering 1 / 32 samples
02:18.540  render           | Fra: 586 | Rendering 25 / 32 samples
02:18.582  render           | Fra: 586 | Rendering 32 / 32 samples
02:18.598  render           | Video append frame 586
02:18.598  render           | Time: 00:00.28 (Saving: 00:00.01)
02:18.598  render           | Rendering frame 587
02:18.598  render           | Start rendering: MORI_Assembly_Animation, 视图层
02:18.598  render           | Engine: EEVEE
02:18.657  render           | Fra: 587 | Rendering 1 / 32 samples
02:18.806  render           | Fra: 587 | Rendering 25 / 32 samples
02:18.847  render           | Fra: 587 | Rendering 32 / 32 samples
02:18.866  render           | Video append frame 587
02:18.866  render           | Time: 00:00.26 (Saving: 00:00.01)
02:18.866  render           | Rendering frame 588
02:18.867  render           | Start rendering: MORI_Assembly_Animation, 视图层
02:18.867  render           | Engine: EEVEE
02:18.935  render           | Fra: 588 | Rendering 1 / 32 samples
02:19.084  render           | Fra: 588 | Rendering 25 / 32 samples
02:19.129  render           | Fra: 588 | Rendering 32 / 32 samples
02:19.145  render           | Video append frame 588
02:19.145  render           | Time: 00:00.27 (Saving: 00:00.01)
02:19.145  render           | Rendering frame 589
02:19.146  render           | Start rendering: MORI_Assembly_Animation, 视图层
02:19.146  render           | Engine: EEVEE
02:19.221  render           | Fra: 589 | Rendering 1 / 32 samples
02:19.369  render           | Fra: 589 | Rendering 25 / 32 samples
02:19.410  render           | Fra: 589 | Rendering 32 / 32 samples
02:19.446  render           | Video append frame 589
02:19.446  render           | Time: 00:00.30 (Saving: 00:00.02)
02:19.446  render           | Rendering frame 590
02:19.446  render           | Start rendering: MORI_Assembly_Animation, 视图层
02:19.446  render           | Engine: EEVEE
02:19.515  render           | Fra: 590 | Rendering 1 / 32 samples
02:19.672  render           | Fra: 590 | Rendering 25 / 32 samples
02:19.716  render           | Fra: 590 | Rendering 32 / 32 samples
02:19.741  render           | Video append frame 590
02:19.741  render           | Time: 00:00.29 (Saving: 00:00.01)
02:19.741  render           | Rendering frame 591
02:19.742  render           | Start rendering: MORI_Assembly_Animation, 视图层
02:19.742  render           | Engine: EEVEE
02:19.810  render           | Fra: 591 | Rendering 1 / 32 samples
02:19.967  render           | Fra: 591 | Rendering 25 / 32 samples
02:20.009  render           | Fra: 591 | Rendering 32 / 32 samples
02:20.028  render           | Video append frame 591
02:20.028  render           | Time: 00:00.28 (Saving: 00:00.01)
02:20.028  render           | Rendering frame 592
02:20.028  render           | Start rendering: MORI_Assembly_Animation, 视图层
02:20.028  render           | Engine: EEVEE
02:20.089  render           | Fra: 592 | Rendering 1 / 32 samples
02:20.237  render           | Fra: 592 | Rendering 25 / 32 samples
02:20.278  render           | Fra: 592 | Rendering 32 / 32 samples
02:20.308  render           | Video append frame 592
02:20.308  render           | Time: 00:00.27 (Saving: 00:00.02)
02:20.308  render           | Rendering frame 593
02:20.308  render           | Start rendering: MORI_Assembly_Animation, 视图层
02:20.308  render           | Engine: EEVEE
02:20.374  render           | Fra: 593 | Rendering 1 / 32 samples
02:20.522  render           | Fra: 593 | Rendering 25 / 32 samples
02:20.566  render           | Fra: 593 | Rendering 32 / 32 samples
02:20.581  render           | Video append frame 593
02:20.581  render           | Time: 00:00.27 (Saving: 00:00.00)
02:20.581  render           | Rendering frame 594
02:20.581  render           | Start rendering: MORI_Assembly_Animation, 视图层
02:20.581  render           | Engine: EEVEE
02:20.655  render           | Fra: 594 | Rendering 1 / 32 samples
02:20.802  render           | Fra: 594 | Rendering 25 / 32 samples
02:20.843  render           | Fra: 594 | Rendering 32 / 32 samples
02:20.863  render           | Video append frame 594
02:20.863  render           | Time: 00:00.28 (Saving: 00:00.01)
02:20.863  render           | Rendering frame 595
02:20.863  render           | Start rendering: MORI_Assembly_Animation, 视图层
02:20.863  render           | Engine: EEVEE
02:20.942  render           | Fra: 595 | Rendering 1 / 32 samples
02:21.100  render           | Fra: 595 | Rendering 25 / 32 samples
02:21.140  render           | Fra: 595 | Rendering 32 / 32 samples
02:21.155  render           | Video append frame 595
02:21.155  render           | Time: 00:00.29 (Saving: 00:00.00)
02:21.155  render           | Rendering frame 596
02:21.155  render           | Start rendering: MORI_Assembly_Animation, 视图层
02:21.155  render           | Engine: EEVEE
02:21.224  render           | Fra: 596 | Rendering 1 / 32 samples
02:21.372  render           | Fra: 596 | Rendering 25 / 32 samples
02:21.415  render           | Fra: 596 | Rendering 32 / 32 samples
02:21.451  render           | Video append frame 596
02:21.451  render           | Time: 00:00.29 (Saving: 00:00.02)
02:21.451  render           | Rendering frame 597
02:21.452  render           | Start rendering: MORI_Assembly_Animation, 视图层
02:21.452  render           | Engine: EEVEE
02:21.526  render           | Fra: 597 | Rendering 1 / 32 samples
02:21.681  render           | Fra: 597 | Rendering 25 / 32 samples
02:21.726  render           | Fra: 597 | Rendering 32 / 32 samples
02:21.747  render           | Video append frame 597
02:21.747  render           | Time: 00:00.29 (Saving: 00:00.01)
02:21.747  render           | Rendering frame 598
02:21.747  render           | Start rendering: MORI_Assembly_Animation, 视图层
02:21.747  render           | Engine: EEVEE
02:21.814  render           | Fra: 598 | Rendering 1 / 32 samples
02:21.961  render           | Fra: 598 | Rendering 25 / 32 samples
02:22.003  render           | Fra: 598 | Rendering 32 / 32 samples
02:22.022  render           | Video append frame 598
02:22.022  render           | Time: 00:00.27 (Saving: 00:00.01)
02:22.022  render           | Rendering frame 599
02:22.023  render           | Start rendering: MORI_Assembly_Animation, 视图层
02:22.023  render           | Engine: EEVEE
02:22.090  render           | Fra: 599 | Rendering 1 / 32 samples
02:22.239  render           | Fra: 599 | Rendering 25 / 32 samples
02:22.282  render           | Fra: 599 | Rendering 32 / 32 samples
02:22.330  render           | Video append frame 599
02:22.331  render           | Time: 00:00.30 (Saving: 00:00.03)
02:22.331  render           | Rendering frame 600
02:22.331  render           | Start rendering: MORI_Assembly_Animation, 视图层
02:22.331  render           | Engine: EEVEE
02:22.403  render           | Fra: 600 | Rendering 1 / 32 samples
02:22.561  render           | Fra: 600 | Rendering 25 / 32 samples
02:22.605  render           | Fra: 600 | Rendering 32 / 32 samples
02:22.621  render           | Video append frame 600
02:22.621  render           | Time: 00:00.29 (Saving: 00:00.01)
02:22.621  render           | Rendering frame 601
02:22.622  render           | Start rendering: MORI_Assembly_Animation, 视图层
02:22.622  render           | Engine: EEVEE
02:22.700  render           | Fra: 601 | Rendering 1 / 32 samples
02:22.849  render           | Fra: 601 | Rendering 25 / 32 samples
02:22.893  render           | Fra: 601 | Rendering 32 / 32 samples
02:22.931  render           | Video append frame 601
02:22.931  render           | Time: 00:00.30 (Saving: 00:00.03)
02:22.931  render           | Rendering frame 602
02:22.931  render           | Start rendering: MORI_Assembly_Animation, 视图层
02:22.931  render           | Engine: EEVEE
02:22.990  render           | Fra: 602 | Rendering 1 / 32 samples
02:23.142  render           | Fra: 602 | Rendering 25 / 32 samples
02:23.183  render           | Fra: 602 | Rendering 32 / 32 samples
02:23.206  render           | Video append frame 602
02:23.206  render           | Time: 00:00.27 (Saving: 00:00.01)
02:23.206  render           | Rendering frame 603
02:23.206  render           | Start rendering: MORI_Assembly_Animation, 视图层
02:23.206  render           | Engine: EEVEE
02:23.271  render           | Fra: 603 | Rendering 1 / 32 samples
02:23.417  render           | Fra: 603 | Rendering 25 / 32 samples
02:23.462  render           | Fra: 603 | Rendering 32 / 32 samples
02:23.479  render           | Video append frame 603
02:23.480  render           | Time: 00:00.27 (Saving: 00:00.01)
02:23.480  render           | Rendering frame 604
02:23.480  render           | Start rendering: MORI_Assembly_Animation, 视图层
02:23.480  render           | Engine: EEVEE
02:23.549  render           | Fra: 604 | Rendering 1 / 32 samples
02:23.701  render           | Fra: 604 | Rendering 25 / 32 samples
02:23.743  render           | Fra: 604 | Rendering 32 / 32 samples
02:23.773  render           | Video append frame 604
02:23.773  render           | Time: 00:00.29 (Saving: 00:00.02)
02:23.773  render           | Rendering frame 605
02:23.773  render           | Start rendering: MORI_Assembly_Animation, 视图层
02:23.773  render           | Engine: EEVEE
02:23.834  render           | Fra: 605 | Rendering 1 / 32 samples
02:23.981  render           | Fra: 605 | Rendering 25 / 32 samples
02:24.024  render           | Fra: 605 | Rendering 32 / 32 samples
02:24.041  render           | Video append frame 605
02:24.041  render           | Time: 00:00.26 (Saving: 00:00.01)
02:24.041  render           | Rendering frame 606
02:24.041  render           | Start rendering: MORI_Assembly_Animation, 视图层
02:24.041  render           | Engine: EEVEE
02:24.118  render           | Fra: 606 | Rendering 1 / 32 samples
02:24.274  render           | Fra: 606 | Rendering 25 / 32 samples
02:24.316  render           | Fra: 606 | Rendering 32 / 32 samples
02:24.333  render           | Video append frame 606
02:24.333  render           | Time: 00:00.29 (Saving: 00:00.01)
02:24.333  render           | Rendering frame 607
02:24.333  render           | Start rendering: MORI_Assembly_Animation, 视图层
02:24.333  render           | Engine: EEVEE
02:24.403  render           | Fra: 607 | Rendering 1 / 32 samples
02:24.548  render           | Fra: 607 | Rendering 25 / 32 samples
02:24.593  render           | Fra: 607 | Rendering 32 / 32 samples
02:24.639  render           | Video append frame 607
02:24.639  render           | Time: 00:00.30 (Saving: 00:00.03)
02:24.639  render           | Rendering frame 608
02:24.639  render           | Start rendering: MORI_Assembly_Animation, 视图层
02:24.639  render           | Engine: EEVEE
02:24.701  render           | Fra: 608 | Rendering 1 / 32 samples
02:24.846  render           | Fra: 608 | Rendering 25 / 32 samples
02:24.889  render           | Fra: 608 | Rendering 32 / 32 samples
02:24.909  render           | Video append frame 608
02:24.909  render           | Time: 00:00.26 (Saving: 00:00.01)
02:24.909  render           | Rendering frame 609
02:24.909  render           | Start rendering: MORI_Assembly_Animation, 视图层
02:24.909  render           | Engine: EEVEE
02:24.978  render           | Fra: 609 | Rendering 1 / 32 samples
02:25.129  render           | Fra: 609 | Rendering 25 / 32 samples
02:25.171  render           | Fra: 609 | Rendering 32 / 32 samples
02:25.188  render           | Video append frame 609
02:25.188  render           | Time: 00:00.27 (Saving: 00:00.01)
02:25.188  render           | Rendering frame 610
02:25.188  render           | Start rendering: MORI_Assembly_Animation, 视图层
02:25.188  render           | Engine: EEVEE
02:25.266  render           | Fra: 610 | Rendering 1 / 32 samples
02:25.416  render           | Fra: 610 | Rendering 25 / 32 samples
02:25.461  render           | Fra: 610 | Rendering 32 / 32 samples
02:25.504  render           | Video append frame 610
02:25.504  render           | Time: 00:00.31 (Saving: 00:00.02)
02:25.504  render           | Rendering frame 611
02:25.504  render           | Start rendering: MORI_Assembly_Animation, 视图层
02:25.504  render           | Engine: EEVEE
02:25.576  render           | Fra: 611 | Rendering 1 / 32 samples
02:25.739  render           | Fra: 611 | Rendering 25 / 32 samples
02:25.782  render           | Fra: 611 | Rendering 32 / 32 samples
02:25.801  render           | Video append frame 611
02:25.801  render           | Time: 00:00.29 (Saving: 00:00.01)
02:25.801  render           | Rendering frame 612
02:25.801  render           | Start rendering: MORI_Assembly_Animation, 视图层
02:25.801  render           | Engine: EEVEE
02:25.874  render           | Fra: 612 | Rendering 1 / 32 samples
02:26.026  render           | Fra: 612 | Rendering 25 / 32 samples
02:26.068  render           | Fra: 612 | Rendering 32 / 32 samples
02:26.081  render           | Video append frame 612
02:26.081  render           | Time: 00:00.28 (Saving: 00:00.00)
02:26.081  render           | Rendering frame 613
02:26.081  render           | Start rendering: MORI_Assembly_Animation, 视图层
02:26.081  render           | Engine: EEVEE
02:26.169  render           | Fra: 613 | Rendering 1 / 32 samples
02:26.309  render           | Fra: 613 | Rendering 25 / 32 samples
02:26.349  render           | Fra: 613 | Rendering 32 / 32 samples
02:26.365  render           | Video append frame 613
02:26.365  render           | Time: 00:00.28 (Saving: 00:00.01)
02:26.365  render           | Rendering frame 614
02:26.366  render           | Start rendering: MORI_Assembly_Animation, 视图层
02:26.366  render           | Engine: EEVEE
02:26.442  render           | Fra: 614 | Rendering 1 / 32 samples
02:26.590  render           | Fra: 614 | Rendering 25 / 32 samples
02:26.630  render           | Fra: 614 | Rendering 32 / 32 samples
02:26.645  render           | Video append frame 614
02:26.645  render           | Time: 00:00.27 (Saving: 00:00.01)
02:26.645  render           | Rendering frame 615
02:26.645  render           | Start rendering: MORI_Assembly_Animation, 视图层
02:26.645  render           | Engine: EEVEE
02:26.712  render           | Fra: 615 | Rendering 1 / 32 samples
02:26.861  render           | Fra: 615 | Rendering 25 / 32 samples
02:26.902  render           | Fra: 615 | Rendering 32 / 32 samples
02:26.943  render           | Video append frame 615
02:26.943  render           | Time: 00:00.29 (Saving: 00:00.02)
02:26.943  render           | Rendering frame 616
02:26.943  render           | Start rendering: MORI_Assembly_Animation, 视图层
02:26.943  render           | Engine: EEVEE
02:27.012  render           | Fra: 616 | Rendering 1 / 32 samples
02:27.157  render           | Fra: 616 | Rendering 25 / 32 samples
02:27.199  render           | Fra: 616 | Rendering 32 / 32 samples
02:27.212  render           | Video append frame 616
02:27.212  render           | Time: 00:00.26 (Saving: 00:00.00)
02:27.212  render           | Rendering frame 617
02:27.213  render           | Start rendering: MORI_Assembly_Animation, 视图层
02:27.213  render           | Engine: EEVEE
02:27.272  render           | Fra: 617 | Rendering 1 / 32 samples
02:27.412  render           | Fra: 617 | Rendering 25 / 32 samples
02:27.453  render           | Fra: 617 | Rendering 32 / 32 samples
02:27.471  render           | Video append frame 617
02:27.471  render           | Time: 00:00.25 (Saving: 00:00.01)
02:27.471  render           | Rendering frame 618
02:27.472  render           | Start rendering: MORI_Assembly_Animation, 视图层
02:27.472  render           | Engine: EEVEE
02:27.537  render           | Fra: 618 | Rendering 1 / 32 samples
02:27.677  render           | Fra: 618 | Rendering 25 / 32 samples
02:27.721  render           | Fra: 618 | Rendering 32 / 32 samples
02:27.742  render           | Video append frame 618
02:27.742  render           | Time: 00:00.27 (Saving: 00:00.01)
02:27.742  render           | Rendering frame 619
02:27.742  render           | Start rendering: MORI_Assembly_Animation, 视图层
02:27.742  render           | Engine: EEVEE
02:27.808  render           | Fra: 619 | Rendering 1 / 32 samples
02:27.951  render           | Fra: 619 | Rendering 25 / 32 samples
02:27.994  render           | Fra: 619 | Rendering 32 / 32 samples
02:28.010  render           | Video append frame 619
02:28.010  render           | Time: 00:00.26 (Saving: 00:00.01)
02:28.010  render           | Rendering frame 620
02:28.010  render           | Start rendering: MORI_Assembly_Animation, 视图层
02:28.010  render           | Engine: EEVEE
02:28.081  render           | Fra: 620 | Rendering 1 / 32 samples
02:28.223  render           | Fra: 620 | Rendering 25 / 32 samples
02:28.265  render           | Fra: 620 | Rendering 32 / 32 samples
02:28.278  render           | Video append frame 620
02:28.278  render           | Time: 00:00.26 (Saving: 00:00.00)
02:28.278  render           | Rendering frame 621
02:28.279  render           | Start rendering: MORI_Assembly_Animation, 视图层
02:28.279  render           | Engine: EEVEE
02:28.349  render           | Fra: 621 | Rendering 1 / 32 samples
02:28.495  render           | Fra: 621 | Rendering 25 / 32 samples
02:28.536  render           | Fra: 621 | Rendering 32 / 32 samples
02:28.550  render           | Video append frame 621
02:28.550  render           | Time: 00:00.27 (Saving: 00:00.00)
02:28.550  render           | Rendering frame 622
02:28.550  render           | Start rendering: MORI_Assembly_Animation, 视图层
02:28.550  render           | Engine: EEVEE
02:28.620  render           | Fra: 622 | Rendering 1 / 32 samples
02:28.766  render           | Fra: 622 | Rendering 25 / 32 samples
02:28.804  render           | Fra: 622 | Rendering 32 / 32 samples
02:28.819  render           | Video append frame 622
02:28.820  render           | Time: 00:00.26 (Saving: 00:00.01)
02:28.820  render           | Rendering frame 623
02:28.820  render           | Start rendering: MORI_Assembly_Animation, 视图层
02:28.820  render           | Engine: EEVEE
02:28.881  render           | Fra: 623 | Rendering 1 / 32 samples
02:29.021  render           | Fra: 623 | Rendering 25 / 32 samples
02:29.064  render           | Fra: 623 | Rendering 32 / 32 samples
02:29.078  render           | Video append frame 623
02:29.079  render           | Time: 00:00.25 (Saving: 00:00.01)
02:29.079  render           | Rendering frame 624
02:29.079  render           | Start rendering: MORI_Assembly_Animation, 视图层
02:29.079  render           | Engine: EEVEE
02:29.151  render           | Fra: 624 | Rendering 1 / 32 samples
02:29.299  render           | Fra: 624 | Rendering 25 / 32 samples
02:29.338  render           | Fra: 624 | Rendering 32 / 32 samples
02:29.353  render           | Video append frame 624
02:29.353  render           | Time: 00:00.27 (Saving: 00:00.01)
02:29.353  render           | Rendering frame 625
02:29.353  render           | Start rendering: MORI_Assembly_Animation, 视图层
02:29.353  render           | Engine: EEVEE
02:29.420  render           | Fra: 625 | Rendering 1 / 32 samples
02:29.560  render           | Fra: 625 | Rendering 25 / 32 samples
02:29.603  render           | Fra: 625 | Rendering 32 / 32 samples
02:29.624  render           | Video append frame 625
02:29.624  render           | Time: 00:00.27 (Saving: 00:00.01)
02:29.624  render           | Rendering frame 626
02:29.624  render           | Start rendering: MORI_Assembly_Animation, 视图层
02:29.624  render           | Engine: EEVEE
02:29.696  render           | Fra: 626 | Rendering 1 / 32 samples
02:29.838  render           | Fra: 626 | Rendering 25 / 32 samples
02:29.877  render           | Fra: 626 | Rendering 32 / 32 samples
02:29.894  render           | Video append frame 626
02:29.894  render           | Time: 00:00.27 (Saving: 00:00.01)
02:29.894  render           | Rendering frame 627
02:29.895  render           | Start rendering: MORI_Assembly_Animation, 视图层
02:29.895  render           | Engine: EEVEE
02:29.971  render           | Fra: 627 | Rendering 1 / 32 samples
02:30.113  render           | Fra: 627 | Rendering 25 / 32 samples
02:30.159  render           | Fra: 627 | Rendering 32 / 32 samples
02:30.176  render           | Video append frame 627
02:30.176  render           | Time: 00:00.28 (Saving: 00:00.01)
02:30.176  render           | Rendering frame 628
02:30.176  render           | Start rendering: MORI_Assembly_Animation, 视图层
02:30.176  render           | Engine: EEVEE
02:30.240  render           | Fra: 628 | Rendering 1 / 32 samples
02:30.382  render           | Fra: 628 | Rendering 25 / 32 samples
02:30.422  render           | Fra: 628 | Rendering 32 / 32 samples
02:30.450  render           | Video append frame 628
02:30.450  render           | Time: 00:00.27 (Saving: 00:00.02)
02:30.450  render           | Rendering frame 629
02:30.450  render           | Start rendering: MORI_Assembly_Animation, 视图层
02:30.450  render           | Engine: EEVEE
02:30.529  render           | Fra: 629 | Rendering 1 / 32 samples
02:30.670  render           | Fra: 629 | Rendering 25 / 32 samples
02:30.710  render           | Fra: 629 | Rendering 32 / 32 samples
02:30.725  render           | Video append frame 629
02:30.725  render           | Time: 00:00.27 (Saving: 00:00.01)
02:30.725  render           | Rendering frame 630
02:30.726  render           | Start rendering: MORI_Assembly_Animation, 视图层
02:30.726  render           | Engine: EEVEE
02:30.797  render           | Fra: 630 | Rendering 1 / 32 samples
02:30.933  render           | Fra: 630 | Rendering 25 / 32 samples
02:30.973  render           | Fra: 630 | Rendering 32 / 32 samples
02:30.986  render           | Video append frame 630
02:30.986  render           | Time: 00:00.26 (Saving: 00:00.00)
02:30.986  render           | Rendering frame 631
02:30.986  render           | Start rendering: MORI_Assembly_Animation, 视图层
02:30.986  render           | Engine: EEVEE
02:31.063  render           | Fra: 631 | Rendering 1 / 32 samples
02:31.202  render           | Fra: 631 | Rendering 25 / 32 samples
02:31.243  render           | Fra: 631 | Rendering 32 / 32 samples
02:31.261  render           | Video append frame 631
02:31.261  render           | Time: 00:00.27 (Saving: 00:00.01)
02:31.261  render           | Rendering frame 632
02:31.261  render           | Start rendering: MORI_Assembly_Animation, 视图层
02:31.261  render           | Engine: EEVEE
02:31.337  render           | Fra: 632 | Rendering 1 / 32 samples
02:31.475  render           | Fra: 632 | Rendering 25 / 32 samples
02:31.515  render           | Fra: 632 | Rendering 32 / 32 samples
02:31.531  render           | Video append frame 632
02:31.531  render           | Time: 00:00.26 (Saving: 00:00.01)
02:31.531  render           | Rendering frame 633
02:31.531  render           | Start rendering: MORI_Assembly_Animation, 视图层
02:31.531  render           | Engine: EEVEE
02:31.606  render           | Fra: 633 | Rendering 1 / 32 samples
02:31.748  render           | Fra: 633 | Rendering 25 / 32 samples
02:31.791  render           | Fra: 633 | Rendering 32 / 32 samples
02:31.823  render           | Video append frame 633
02:31.823  render           | Time: 00:00.29 (Saving: 00:00.02)
02:31.823  render           | Rendering frame 634
02:31.823  render           | Start rendering: MORI_Assembly_Animation, 视图层
02:31.823  render           | Engine: EEVEE
02:31.891  render           | Fra: 634 | Rendering 1 / 32 samples
02:32.037  render           | Fra: 634 | Rendering 25 / 32 samples
02:32.077  render           | Fra: 634 | Rendering 32 / 32 samples
02:32.091  render           | Video append frame 634
02:32.091  render           | Time: 00:00.26 (Saving: 00:00.00)
02:32.091  render           | Rendering frame 635
02:32.091  render           | Start rendering: MORI_Assembly_Animation, 视图层
02:32.091  render           | Engine: EEVEE
02:32.152  render           | Fra: 635 | Rendering 1 / 32 samples
02:32.299  render           | Fra: 635 | Rendering 25 / 32 samples
02:32.339  render           | Fra: 635 | Rendering 32 / 32 samples
02:32.353  render           | Video append frame 635
02:32.353  render           | Time: 00:00.26 (Saving: 00:00.00)
02:32.353  render           | Rendering frame 636
02:32.353  render           | Start rendering: MORI_Assembly_Animation, 视图层
02:32.353  render           | Engine: EEVEE
02:32.414  render           | Fra: 636 | Rendering 1 / 32 samples
02:32.561  render           | Fra: 636 | Rendering 25 / 32 samples
02:32.601  render           | Fra: 636 | Rendering 32 / 32 samples
02:32.616  render           | Video append frame 636
02:32.616  render           | Time: 00:00.26 (Saving: 00:00.01)
02:32.616  render           | Rendering frame 637
02:32.616  render           | Start rendering: MORI_Assembly_Animation, 视图层
02:32.616  render           | Engine: EEVEE
02:32.683  render           | Fra: 637 | Rendering 1 / 32 samples
02:32.823  render           | Fra: 637 | Rendering 25 / 32 samples
02:32.862  render           | Fra: 637 | Rendering 32 / 32 samples
02:32.876  render           | Video append frame 637
02:32.876  render           | Time: 00:00.25 (Saving: 00:00.00)
02:32.876  render           | Rendering frame 638
02:32.876  render           | Start rendering: MORI_Assembly_Animation, 视图层
02:32.876  render           | Engine: EEVEE
02:32.940  render           | Fra: 638 | Rendering 1 / 32 samples
02:33.079  render           | Fra: 638 | Rendering 25 / 32 samples
02:33.120  render           | Fra: 638 | Rendering 32 / 32 samples
02:33.146  render           | Video append frame 638
02:33.146  render           | Time: 00:00.26 (Saving: 00:00.01)
02:33.146  render           | Rendering frame 639
02:33.146  render           | Start rendering: MORI_Assembly_Animation, 视图层
02:33.146  render           | Engine: EEVEE
02:33.221  render           | Fra: 639 | Rendering 1 / 32 samples
02:33.368  render           | Fra: 639 | Rendering 25 / 32 samples
02:33.409  render           | Fra: 639 | Rendering 32 / 32 samples
02:33.425  render           | Video append frame 639
02:33.425  render           | Time: 00:00.27 (Saving: 00:00.01)
02:33.425  render           | Rendering frame 640
02:33.425  render           | Start rendering: MORI_Assembly_Animation, 视图层
02:33.425  render           | Engine: EEVEE
02:33.499  render           | Fra: 640 | Rendering 1 / 32 samples
02:33.642  render           | Fra: 640 | Rendering 25 / 32 samples
02:33.683  render           | Fra: 640 | Rendering 32 / 32 samples
02:33.697  render           | Video append frame 640
02:33.697  render           | Time: 00:00.27 (Saving: 00:00.01)
02:33.697  render           | Rendering frame 641
02:33.697  render           | Start rendering: MORI_Assembly_Animation, 视图层
02:33.697  render           | Engine: EEVEE
02:33.756  render           | Fra: 641 | Rendering 1 / 32 samples
02:33.895  render           | Fra: 641 | Rendering 25 / 32 samples
02:33.935  render           | Fra: 641 | Rendering 32 / 32 samples
02:33.948  render           | Video append frame 641
02:33.948  render           | Time: 00:00.25 (Saving: 00:00.00)
02:33.948  render           | Rendering frame 642
02:33.948  render           | Start rendering: MORI_Assembly_Animation, 视图层
02:33.948  render           | Engine: EEVEE
02:34.005  render           | Fra: 642 | Rendering 1 / 32 samples
02:34.142  render           | Fra: 642 | Rendering 25 / 32 samples
02:34.181  render           | Fra: 642 | Rendering 32 / 32 samples
02:34.192  render           | Video append frame 642
02:34.192  render           | Time: 00:00.24 (Saving: 00:00.00)
02:34.192  render           | Rendering frame 643
02:34.192  render           | Start rendering: MORI_Assembly_Animation, 视图层
02:34.192  render           | Engine: EEVEE
02:34.243  render           | Fra: 643 | Rendering 1 / 32 samples
02:34.378  render           | Fra: 643 | Rendering 25 / 32 samples
02:34.416  render           | Fra: 643 | Rendering 32 / 32 samples
02:34.428  render           | Video append frame 643
02:34.428  render           | Time: 00:00.23 (Saving: 00:00.00)
02:34.428  render           | Rendering frame 644
02:34.428  render           | Start rendering: MORI_Assembly_Animation, 视图层
02:34.428  render           | Engine: EEVEE
02:34.481  render           | Fra: 644 | Rendering 1 / 32 samples
02:34.622  render           | Fra: 644 | Rendering 25 / 32 samples
02:34.661  render           | Fra: 644 | Rendering 32 / 32 samples
02:34.673  render           | Video append frame 644
02:34.673  render           | Time: 00:00.24 (Saving: 00:00.00)
02:34.673  render           | Rendering frame 645
02:34.673  render           | Start rendering: MORI_Assembly_Animation, 视图层
02:34.673  render           | Engine: EEVEE
02:34.731  render           | Fra: 645 | Rendering 1 / 32 samples
02:34.866  render           | Fra: 645 | Rendering 25 / 32 samples
02:34.904  render           | Fra: 645 | Rendering 32 / 32 samples
02:34.914  render           | Video append frame 645
02:34.914  render           | Time: 00:00.24 (Saving: 00:00.00)
02:34.914  render           | Rendering frame 646
02:34.915  render           | Start rendering: MORI_Assembly_Animation, 视图层
02:34.915  render           | Engine: EEVEE
02:34.967  render           | Fra: 646 | Rendering 1 / 32 samples
02:35.103  render           | Fra: 646 | Rendering 25 / 32 samples
02:35.142  render           | Fra: 646 | Rendering 32 / 32 samples
02:35.153  render           | Video append frame 646
02:35.153  render           | Time: 00:00.23 (Saving: 00:00.00)
02:35.153  render           | Rendering frame 647
02:35.153  render           | Start rendering: MORI_Assembly_Animation, 视图层
02:35.153  render           | Engine: EEVEE
02:35.205  render           | Fra: 647 | Rendering 1 / 32 samples
02:35.345  render           | Fra: 647 | Rendering 25 / 32 samples
02:35.385  render           | Fra: 647 | Rendering 32 / 32 samples
02:35.401  render           | Video append frame 647
02:35.401  render           | Time: 00:00.24 (Saving: 00:00.00)
02:35.401  render           | Rendering frame 648
02:35.401  render           | Start rendering: MORI_Assembly_Animation, 视图层
02:35.401  render           | Engine: EEVEE
02:35.459  render           | Fra: 648 | Rendering 1 / 32 samples
02:35.599  render           | Fra: 648 | Rendering 25 / 32 samples
02:35.639  render           | Fra: 648 | Rendering 32 / 32 samples
02:35.653  render           | Video append frame 648
02:35.653  render           | Time: 00:00.25 (Saving: 00:00.00)
02:35.653  render           | Rendering frame 649
02:35.653  render           | Start rendering: MORI_Assembly_Animation, 视图层
02:35.653  render           | Engine: EEVEE
02:35.708  render           | Fra: 649 | Rendering 1 / 32 samples
02:35.850  render           | Fra: 649 | Rendering 25 / 32 samples
02:35.895  render           | Fra: 649 | Rendering 32 / 32 samples
02:35.909  render           | Video append frame 649
02:35.909  render           | Time: 00:00.25 (Saving: 00:00.00)
02:35.909  render           | Rendering frame 650
02:35.909  render           | Start rendering: MORI_Assembly_Animation, 视图层
02:35.909  render           | Engine: EEVEE
02:35.966  render           | Fra: 650 | Rendering 1 / 32 samples
02:36.098  render           | Fra: 650 | Rendering 25 / 32 samples
02:36.136  render           | Fra: 650 | Rendering 32 / 32 samples
02:36.162  render           | Video append frame 650
02:36.162  render           | Time: 00:00.25 (Saving: 00:00.02)
02:36.162  render           | Rendering frame 651
02:36.163  render           | Start rendering: MORI_Assembly_Animation, 视图层
02:36.163  render           | Engine: EEVEE
02:36.219  render           | Fra: 651 | Rendering 1 / 32 samples
02:36.360  render           | Fra: 651 | Rendering 25 / 32 samples
02:36.400  render           | Fra: 651 | Rendering 32 / 32 samples
02:36.444  render           | Video append frame 651
02:36.444  render           | Time: 00:00.28 (Saving: 00:00.03)
02:36.444  render           | Rendering frame 652
02:36.444  render           | Start rendering: MORI_Assembly_Animation, 视图层
02:36.444  render           | Engine: EEVEE
02:36.509  render           | Fra: 652 | Rendering 1 / 32 samples
02:36.652  render           | Fra: 652 | Rendering 25 / 32 samples
02:36.693  render           | Fra: 652 | Rendering 32 / 32 samples
02:36.746  render           | Video append frame 652
02:36.746  render           | Time: 00:00.30 (Saving: 00:00.03)
02:36.746  render           | Rendering frame 653
02:36.746  render           | Start rendering: MORI_Assembly_Animation, 视图层
02:36.746  render           | Engine: EEVEE
02:36.820  render           | Fra: 653 | Rendering 1 / 32 samples
02:36.969  render           | Fra: 653 | Rendering 25 / 32 samples
02:37.010  render           | Fra: 653 | Rendering 32 / 32 samples
02:37.060  render           | Video append frame 653
02:37.060  render           | Time: 00:00.31 (Saving: 00:00.03)
02:37.060  render           | Rendering frame 654
02:37.060  render           | Start rendering: MORI_Assembly_Animation, 视图层
02:37.060  render           | Engine: EEVEE
02:37.134  render           | Fra: 654 | Rendering 1 / 32 samples
02:37.288  render           | Fra: 654 | Rendering 25 / 32 samples
02:37.333  render           | Fra: 654 | Rendering 32 / 32 samples
02:37.377  render           | Video append frame 654
02:37.377  render           | Time: 00:00.31 (Saving: 00:00.03)
02:37.377  render           | Rendering frame 655
02:37.377  render           | Start rendering: MORI_Assembly_Animation, 视图层
02:37.377  render           | Engine: EEVEE
02:37.439  render           | Fra: 655 | Rendering 1 / 32 samples
02:37.589  render           | Fra: 655 | Rendering 25 / 32 samples
02:37.633  render           | Fra: 655 | Rendering 32 / 32 samples
02:37.694  render           | Video append frame 655
02:37.694  render           | Time: 00:00.31 (Saving: 00:00.04)
02:37.694  render           | Rendering frame 656
02:37.694  render           | Start rendering: MORI_Assembly_Animation, 视图层
02:37.694  render           | Engine: EEVEE
02:37.781  render           | Fra: 656 | Rendering 1 / 32 samples
02:37.921  render           | Fra: 656 | Rendering 25 / 32 samples
02:37.961  render           | Fra: 656 | Rendering 32 / 32 samples
02:37.995  render           | Video append frame 656
02:37.995  render           | Time: 00:00.30 (Saving: 00:00.02)
02:37.995  render           | Rendering frame 657
02:37.995  render           | Start rendering: MORI_Assembly_Animation, 视图层
02:37.995  render           | Engine: EEVEE
02:38.067  render           | Fra: 657 | Rendering 1 / 32 samples
02:38.208  render           | Fra: 657 | Rendering 25 / 32 samples
02:38.249  render           | Fra: 657 | Rendering 32 / 32 samples
02:38.300  render           | Video append frame 657
02:38.300  render           | Time: 00:00.30 (Saving: 00:00.03)
02:38.300  render           | Rendering frame 658
02:38.300  render           | Start rendering: MORI_Assembly_Animation, 视图层
02:38.300  render           | Engine: EEVEE
02:38.371  render           | Fra: 658 | Rendering 1 / 32 samples
02:38.521  render           | Fra: 658 | Rendering 25 / 32 samples
02:38.567  render           | Fra: 658 | Rendering 32 / 32 samples
02:38.612  render           | Video append frame 658
02:38.612  render           | Time: 00:00.31 (Saving: 00:00.03)
02:38.612  render           | Rendering frame 659
02:38.612  render           | Start rendering: MORI_Assembly_Animation, 视图层
02:38.612  render           | Engine: EEVEE
02:38.721  render           | Fra: 659 | Rendering 1 / 32 samples
02:38.903  render           | Fra: 659 | Rendering 25 / 32 samples
02:38.959  render           | Fra: 659 | Rendering 32 / 32 samples
02:39.023  render           | Video append frame 659
02:39.023  render           | Time: 00:00.41 (Saving: 00:00.04)
02:39.023  render           | Rendering frame 660
02:39.024  render           | Start rendering: MORI_Assembly_Animation, 视图层
02:39.024  render           | Engine: EEVEE
02:39.097  render           | Fra: 660 | Rendering 1 / 32 samples
02:39.246  render           | Fra: 660 | Rendering 25 / 32 samples
02:39.339  render           | Fra: 660 | Rendering 32 / 32 samples
02:39.571  render           | Video append frame 660
02:39.571  render           | Time: 00:00.54 (Saving: 00:00.20)
02:39.571  render           | Rendering frame 661
02:39.571  render           | Start rendering: MORI_Assembly_Animation, 视图层
02:39.571  render           | Engine: EEVEE
02:39.652  render           | Fra: 661 | Rendering 1 / 32 samples
02:39.846  render           | Fra: 661 | Rendering 25 / 32 samples
02:39.895  render           | Fra: 661 | Rendering 32 / 32 samples
02:39.918  render           | Video append frame 661
02:39.918  render           | Time: 00:00.34 (Saving: 00:00.00)
02:39.918  render           | Rendering frame 662
02:39.919  render           | Start rendering: MORI_Assembly_Animation, 视图层
02:39.919  render           | Engine: EEVEE
02:39.978  render           | Fra: 662 | Rendering 1 / 32 samples
02:40.122  render           | Fra: 662 | Rendering 25 / 32 samples
02:40.159  render           | Fra: 662 | Rendering 32 / 32 samples
02:40.197  render           | Video append frame 662
02:40.197  render           | Time: 00:00.27 (Saving: 00:00.02)
02:40.197  render           | Rendering frame 663
02:40.198  render           | Start rendering: MORI_Assembly_Animation, 视图层
02:40.198  render           | Engine: EEVEE
02:40.253  render           | Fra: 663 | Rendering 1 / 32 samples
02:40.383  render           | Fra: 663 | Rendering 25 / 32 samples
02:40.423  render           | Fra: 663 | Rendering 32 / 32 samples
02:40.453  render           | Video append frame 663
02:40.453  render           | Time: 00:00.25 (Saving: 00:00.01)
02:40.453  render           | Rendering frame 664
02:40.453  render           | Start rendering: MORI_Assembly_Animation, 视图层
02:40.453  render           | Engine: EEVEE
02:40.510  render           | Fra: 664 | Rendering 1 / 32 samples
02:40.648  render           | Fra: 664 | Rendering 25 / 32 samples
02:40.686  render           | Fra: 664 | Rendering 32 / 32 samples
02:40.706  render           | Video append frame 664
02:40.706  render           | Time: 00:00.25 (Saving: 00:00.01)
02:40.706  render           | Rendering frame 665
02:40.706  render           | Start rendering: MORI_Assembly_Animation, 视图层
02:40.706  render           | Engine: EEVEE
02:40.771  render           | Fra: 665 | Rendering 1 / 32 samples
02:40.903  render           | Fra: 665 | Rendering 25 / 32 samples
02:40.941  render           | Fra: 665 | Rendering 32 / 32 samples
02:40.958  render           | Video append frame 665
02:40.958  render           | Time: 00:00.25 (Saving: 00:00.01)
02:40.958  render           | Rendering frame 666
02:40.959  render           | Start rendering: MORI_Assembly_Animation, 视图层
02:40.959  render           | Engine: EEVEE
02:41.047  render           | Fra: 666 | Rendering 1 / 32 samples
02:41.198  render           | Fra: 666 | Rendering 25 / 32 samples
02:41.242  render           | Fra: 666 | Rendering 32 / 32 samples
02:41.254  render           | Video append frame 666
02:41.254  render           | Time: 00:00.29 (Saving: 00:00.00)
02:41.254  render           | Rendering frame 667
02:41.254  render           | Start rendering: MORI_Assembly_Animation, 视图层
02:41.254  render           | Engine: EEVEE
02:41.320  render           | Fra: 667 | Rendering 1 / 32 samples
02:41.490  render           | Fra: 667 | Rendering 25 / 32 samples
02:41.536  render           | Fra: 667 | Rendering 32 / 32 samples
02:41.551  render           | Video append frame 667
02:41.551  render           | Time: 00:00.29 (Saving: 00:00.00)
02:41.551  render           | Rendering frame 668
02:41.551  render           | Start rendering: MORI_Assembly_Animation, 视图层
02:41.551  render           | Engine: EEVEE
02:41.609  render           | Fra: 668 | Rendering 1 / 32 samples
02:41.763  render           | Fra: 668 | Rendering 25 / 32 samples
02:41.806  render           | Fra: 668 | Rendering 32 / 32 samples
02:41.817  render           | Video append frame 668
02:41.817  render           | Time: 00:00.26 (Saving: 00:00.00)
02:41.817  render           | Rendering frame 669
02:41.817  render           | Start rendering: MORI_Assembly_Animation, 视图层
02:41.817  render           | Engine: EEVEE
02:41.873  render           | Fra: 669 | Rendering 1 / 32 samples
02:42.026  render           | Fra: 669 | Rendering 25 / 32 samples
02:42.072  render           | Fra: 669 | Rendering 32 / 32 samples
02:42.083  render           | Video append frame 669
02:42.083  render           | Time: 00:00.26 (Saving: 00:00.00)
02:42.085  render           | Rendering frame 670
02:42.085  render           | Start rendering: MORI_Assembly_Animation, 视图层
02:42.085  render           | Engine: EEVEE
02:42.144  render           | Fra: 670 | Rendering 1 / 32 samples
02:42.296  render           | Fra: 670 | Rendering 25 / 32 samples
02:42.340  render           | Fra: 670 | Rendering 32 / 32 samples
02:42.350  render           | Video append frame 670
02:42.350  render           | Time: 00:00.26 (Saving: 00:00.00)
02:42.350  render           | Rendering frame 671
02:42.350  render           | Start rendering: MORI_Assembly_Animation, 视图层
02:42.350  render           | Engine: EEVEE
02:42.407  render           | Fra: 671 | Rendering 1 / 32 samples
02:42.561  render           | Fra: 671 | Rendering 25 / 32 samples
02:42.607  render           | Fra: 671 | Rendering 32 / 32 samples
02:42.619  render           | Video append frame 671
02:42.619  render           | Time: 00:00.26 (Saving: 00:00.00)
02:42.619  render           | Rendering frame 672
02:42.619  render           | Start rendering: MORI_Assembly_Animation, 视图层
02:42.619  render           | Engine: EEVEE
02:42.674  render           | Fra: 672 | Rendering 1 / 32 samples
02:42.832  render           | Fra: 672 | Rendering 25 / 32 samples
02:42.883  render           | Fra: 672 | Rendering 32 / 32 samples
02:42.911  render           | Video append frame 672
02:42.911  render           | Time: 00:00.29 (Saving: 00:00.02)
02:42.911  render           | Rendering frame 673
02:42.911  render           | Start rendering: MORI_Assembly_Animation, 视图层
02:42.911  render           | Engine: EEVEE
02:43.188  render           | Fra: 673 | Rendering 1 / 32 samples
02:43.433  render           | Fra: 673 | Rendering 25 / 32 samples
02:43.499  render           | Fra: 673 | Rendering 32 / 32 samples
02:43.588  render           | Video append frame 673
02:43.588  render           | Time: 00:00.67 (Saving: 00:00.06)
02:43.588  render           | Rendering frame 674
02:43.588  render           | Start rendering: MORI_Assembly_Animation, 视图层
02:43.588  render           | Engine: EEVEE
02:43.706  render           | Fra: 674 | Rendering 1 / 32 samples
02:43.913  render           | Fra: 674 | Rendering 25 / 32 samples
02:43.967  render           | Fra: 674 | Rendering 32 / 32 samples
02:43.983  render           | Video append frame 674
02:43.983  render           | Time: 00:00.39 (Saving: 00:00.01)
02:43.983  render           | Rendering frame 675
02:43.983  render           | Start rendering: MORI_Assembly_Animation, 视图层
02:43.983  render           | Engine: EEVEE
02:44.047  render           | Fra: 675 | Rendering 1 / 32 samples
02:44.213  render           | Fra: 675 | Rendering 25 / 32 samples
02:44.264  render           | Fra: 675 | Rendering 32 / 32 samples
02:44.275  render           | Video append frame 675
02:44.275  render           | Time: 00:00.29 (Saving: 00:00.00)
02:44.275  render           | Rendering frame 676
02:44.276  render           | Start rendering: MORI_Assembly_Animation, 视图层
02:44.276  render           | Engine: EEVEE
02:44.339  render           | Fra: 676 | Rendering 1 / 32 samples
02:44.505  render           | Fra: 676 | Rendering 25 / 32 samples
02:44.550  render           | Fra: 676 | Rendering 32 / 32 samples
02:44.562  render           | Video append frame 676
02:44.562  render           | Time: 00:00.28 (Saving: 00:00.00)
02:44.562  render           | Rendering frame 677
02:44.562  render           | Start rendering: MORI_Assembly_Animation, 视图层
02:44.562  render           | Engine: EEVEE
02:44.627  render           | Fra: 677 | Rendering 1 / 32 samples
02:44.781  render           | Fra: 677 | Rendering 25 / 32 samples
02:44.823  render           | Fra: 677 | Rendering 32 / 32 samples
02:44.844  render           | Video append frame 677
02:44.844  render           | Time: 00:00.28 (Saving: 00:00.01)
02:44.844  render           | Rendering frame 678
02:44.844  render           | Start rendering: MORI_Assembly_Animation, 视图层
02:44.844  render           | Engine: EEVEE
02:44.909  render           | Fra: 678 | Rendering 1 / 32 samples
02:45.049  render           | Fra: 678 | Rendering 25 / 32 samples
02:45.088  render           | Fra: 678 | Rendering 32 / 32 samples
02:45.103  render           | Video append frame 678
02:45.103  render           | Time: 00:00.25 (Saving: 00:00.00)
02:45.103  render           | Rendering frame 679
02:45.103  render           | Start rendering: MORI_Assembly_Animation, 视图层
02:45.103  render           | Engine: EEVEE
02:45.168  render           | Fra: 679 | Rendering 1 / 32 samples
02:45.305  render           | Fra: 679 | Rendering 25 / 32 samples
02:45.344  render           | Fra: 679 | Rendering 32 / 32 samples
02:45.358  render           | Video append frame 679
02:45.358  render           | Time: 00:00.25 (Saving: 00:00.01)
02:45.358  render           | Rendering frame 680
02:45.358  render           | Start rendering: MORI_Assembly_Animation, 视图层
02:45.358  render           | Engine: EEVEE
02:45.419  render           | Fra: 680 | Rendering 1 / 32 samples
02:45.556  render           | Fra: 680 | Rendering 25 / 32 samples
02:45.595  render           | Fra: 680 | Rendering 32 / 32 samples
02:45.610  render           | Video append frame 680
02:45.610  render           | Time: 00:00.25 (Saving: 00:00.01)
02:45.610  render           | Rendering frame 681
02:45.611  render           | Start rendering: MORI_Assembly_Animation, 视图层
02:45.611  render           | Engine: EEVEE
02:45.670  render           | Fra: 681 | Rendering 1 / 32 samples
02:45.814  render           | Fra: 681 | Rendering 25 / 32 samples
02:45.853  render           | Fra: 681 | Rendering 32 / 32 samples
02:45.897  render           | Video append frame 681
02:45.897  render           | Time: 00:00.28 (Saving: 00:00.03)
02:45.897  render           | Rendering frame 682
02:45.897  render           | Start rendering: MORI_Assembly_Animation, 视图层
02:45.897  render           | Engine: EEVEE
02:45.970  render           | Fra: 682 | Rendering 1 / 32 samples
02:46.116  render           | Fra: 682 | Rendering 25 / 32 samples
02:46.159  render           | Fra: 682 | Rendering 32 / 32 samples
02:46.183  render           | Video append frame 682
02:46.183  render           | Time: 00:00.28 (Saving: 00:00.01)
02:46.183  render           | Rendering frame 683
02:46.183  render           | Start rendering: MORI_Assembly_Animation, 视图层
02:46.183  render           | Engine: EEVEE
02:46.251  render           | Fra: 683 | Rendering 1 / 32 samples
02:46.400  render           | Fra: 683 | Rendering 25 / 32 samples
02:46.445  render           | Fra: 683 | Rendering 32 / 32 samples
02:46.501  render           | Video append frame 683
02:46.501  render           | Time: 00:00.31 (Saving: 00:00.04)
02:46.501  render           | Rendering frame 684
02:46.501  render           | Start rendering: MORI_Assembly_Animation, 视图层
02:46.501  render           | Engine: EEVEE
02:46.574  render           | Fra: 684 | Rendering 1 / 32 samples
02:46.732  render           | Fra: 684 | Rendering 25 / 32 samples
02:46.779  render           | Fra: 684 | Rendering 32 / 32 samples
02:46.815  render           | Video append frame 684
02:46.815  render           | Time: 00:00.31 (Saving: 00:00.02)
02:46.816  render           | Rendering frame 685
02:46.816  render           | Start rendering: MORI_Assembly_Animation, 视图层
02:46.816  render           | Engine: EEVEE
02:46.900  render           | Fra: 685 | Rendering 1 / 32 samples
02:47.046  render           | Fra: 685 | Rendering 25 / 32 samples
02:47.088  render           | Fra: 685 | Rendering 32 / 32 samples
02:47.140  render           | Video append frame 685
02:47.140  render           | Time: 00:00.32 (Saving: 00:00.03)
02:47.140  render           | Rendering frame 686
02:47.140  render           | Start rendering: MORI_Assembly_Animation, 视图层
02:47.140  render           | Engine: EEVEE
02:47.209  render           | Fra: 686 | Rendering 1 / 32 samples
02:47.355  render           | Fra: 686 | Rendering 25 / 32 samples
02:47.397  render           | Fra: 686 | Rendering 32 / 32 samples
02:47.442  render           | Video append frame 686
02:47.442  render           | Time: 00:00.30 (Saving: 00:00.03)
02:47.442  render           | Rendering frame 687
02:47.443  render           | Start rendering: MORI_Assembly_Animation, 视图层
02:47.443  render           | Engine: EEVEE
02:47.513  render           | Fra: 687 | Rendering 1 / 32 samples
02:47.665  render           | Fra: 687 | Rendering 25 / 32 samples
02:47.706  render           | Fra: 687 | Rendering 32 / 32 samples
02:47.741  render           | Video append frame 687
02:47.741  render           | Time: 00:00.29 (Saving: 00:00.03)
02:47.741  render           | Rendering frame 688
02:47.741  render           | Start rendering: MORI_Assembly_Animation, 视图层
02:47.741  render           | Engine: EEVEE
02:47.804  render           | Fra: 688 | Rendering 1 / 32 samples
02:47.963  render           | Fra: 688 | Rendering 25 / 32 samples
02:48.006  render           | Fra: 688 | Rendering 32 / 32 samples
02:48.049  render           | Video append frame 688
02:48.049  render           | Time: 00:00.30 (Saving: 00:00.03)
02:48.049  render           | Rendering frame 689
02:48.049  render           | Start rendering: MORI_Assembly_Animation, 视图层
02:48.049  render           | Engine: EEVEE
02:48.111  render           | Fra: 689 | Rendering 1 / 32 samples
02:48.263  render           | Fra: 689 | Rendering 25 / 32 samples
02:48.305  render           | Fra: 689 | Rendering 32 / 32 samples
02:48.340  render           | Video append frame 689
02:48.340  render           | Time: 00:00.29 (Saving: 00:00.03)
02:48.340  render           | Rendering frame 690
02:48.340  render           | Start rendering: MORI_Assembly_Animation, 视图层
02:48.340  render           | Engine: EEVEE
02:48.414  render           | Fra: 690 | Rendering 1 / 32 samples
02:48.550  render           | Fra: 690 | Rendering 25 / 32 samples
02:48.593  render           | Fra: 690 | Rendering 32 / 32 samples
02:48.629  render           | Video append frame 690
02:48.629  render           | Time: 00:00.28 (Saving: 00:00.02)
02:48.629  render           | Rendering frame 691
02:48.630  render           | Start rendering: MORI_Assembly_Animation, 视图层
02:48.630  render           | Engine: EEVEE
02:48.756  render           | Fra: 691 | Rendering 1 / 32 samples
02:48.895  render           | Fra: 691 | Rendering 25 / 32 samples
02:48.934  render           | Fra: 691 | Rendering 32 / 32 samples
02:48.993  render           | Video append frame 691
02:48.993  render           | Time: 00:00.36 (Saving: 00:00.05)
02:48.993  render           | Rendering frame 692
02:48.993  render           | Start rendering: MORI_Assembly_Animation, 视图层
02:48.993  render           | Engine: EEVEE
02:49.064  render           | Fra: 692 | Rendering 1 / 32 samples
02:49.206  render           | Fra: 692 | Rendering 25 / 32 samples
02:49.246  render           | Fra: 692 | Rendering 32 / 32 samples
02:49.287  render           | Video append frame 692
02:49.287  render           | Time: 00:00.29 (Saving: 00:00.03)
02:49.287  render           | Rendering frame 693
02:49.287  render           | Start rendering: MORI_Assembly_Animation, 视图层
02:49.287  render           | Engine: EEVEE
02:49.360  render           | Fra: 693 | Rendering 1 / 32 samples
02:49.501  render           | Fra: 693 | Rendering 25 / 32 samples
02:49.543  render           | Fra: 693 | Rendering 32 / 32 samples
02:49.614  render           | Video append frame 693
02:49.614  render           | Time: 00:00.32 (Saving: 00:00.05)
02:49.614  render           | Rendering frame 694
02:49.614  render           | Start rendering: MORI_Assembly_Animation, 视图层
02:49.614  render           | Engine: EEVEE
02:49.679  render           | Fra: 694 | Rendering 1 / 32 samples
02:49.828  render           | Fra: 694 | Rendering 25 / 32 samples
02:49.871  render           | Fra: 694 | Rendering 32 / 32 samples
02:49.901  render           | Video append frame 694
02:49.901  render           | Time: 00:00.28 (Saving: 00:00.02)
02:49.901  render           | Rendering frame 695
02:49.901  render           | Start rendering: MORI_Assembly_Animation, 视图层
02:49.901  render           | Engine: EEVEE
02:49.970  render           | Fra: 695 | Rendering 1 / 32 samples
02:50.125  render           | Fra: 695 | Rendering 25 / 32 samples
02:50.167  render           | Fra: 695 | Rendering 32 / 32 samples
02:50.204  render           | Video append frame 695
02:50.204  render           | Time: 00:00.30 (Saving: 00:00.03)
02:50.204  render           | Rendering frame 696
02:50.204  render           | Start rendering: MORI_Assembly_Animation, 视图层
02:50.204  render           | Engine: EEVEE
02:50.265  render           | Fra: 696 | Rendering 1 / 32 samples
02:50.414  render           | Fra: 696 | Rendering 25 / 32 samples
02:50.458  render           | Fra: 696 | Rendering 32 / 32 samples
02:50.507  render           | Video append frame 696
02:50.507  render           | Time: 00:00.30 (Saving: 00:00.03)
02:50.507  render           | Rendering frame 697
02:50.508  render           | Start rendering: MORI_Assembly_Animation, 视图层
02:50.508  render           | Engine: EEVEE
02:50.569  render           | Fra: 697 | Rendering 1 / 32 samples
02:50.713  render           | Fra: 697 | Rendering 25 / 32 samples
02:50.756  render           | Fra: 697 | Rendering 32 / 32 samples
02:50.807  render           | Video append frame 697
02:50.807  render           | Time: 00:00.29 (Saving: 00:00.03)
02:50.807  render           | Rendering frame 698
02:50.807  render           | Start rendering: MORI_Assembly_Animation, 视图层
02:50.807  render           | Engine: EEVEE
02:50.880  render           | Fra: 698 | Rendering 1 / 32 samples
02:51.030  render           | Fra: 698 | Rendering 25 / 32 samples
02:51.073  render           | Fra: 698 | Rendering 32 / 32 samples
02:51.085  render           | Video append frame 698
02:51.086  render           | Time: 00:00.27 (Saving: 00:00.00)
02:51.086  render           | Rendering frame 699
02:51.086  render           | Start rendering: MORI_Assembly_Animation, 视图层
02:51.086  render           | Engine: EEVEE
02:51.145  render           | Fra: 699 | Rendering 1 / 32 samples
02:51.295  render           | Fra: 699 | Rendering 25 / 32 samples
02:51.337  render           | Fra: 699 | Rendering 32 / 32 samples
02:51.350  render           | Video append frame 699
02:51.350  render           | Time: 00:00.26 (Saving: 00:00.00)
02:51.350  render           | Rendering frame 700
02:51.350  render           | Start rendering: MORI_Assembly_Animation, 视图层
02:51.350  render           | Engine: EEVEE
02:51.409  render           | Fra: 700 | Rendering 1 / 32 samples
02:51.545  render           | Fra: 700 | Rendering 25 / 32 samples
02:51.588  render           | Fra: 700 | Rendering 32 / 32 samples
02:51.603  render           | Video append frame 700
02:51.603  render           | Time: 00:00.25 (Saving: 00:00.01)
02:51.603  render           | Rendering frame 701
02:51.603  render           | Start rendering: MORI_Assembly_Animation, 视图层
02:51.603  render           | Engine: EEVEE
02:51.665  render           | Fra: 701 | Rendering 1 / 32 samples
02:51.806  render           | Fra: 701 | Rendering 25 / 32 samples
02:51.850  render           | Fra: 701 | Rendering 32 / 32 samples
02:51.867  render           | Video append frame 701
02:51.868  render           | Time: 00:00.26 (Saving: 00:00.01)
02:51.868  render           | Rendering frame 702
02:51.868  render           | Start rendering: MORI_Assembly_Animation, 视图层
02:51.868  render           | Engine: EEVEE
02:51.935  render           | Fra: 702 | Rendering 1 / 32 samples
02:52.080  render           | Fra: 702 | Rendering 25 / 32 samples
02:52.123  render           | Fra: 702 | Rendering 32 / 32 samples
02:52.138  render           | Video append frame 702
02:52.138  render           | Time: 00:00.27 (Saving: 00:00.01)
02:52.138  render           | Rendering frame 703
02:52.138  render           | Start rendering: MORI_Assembly_Animation, 视图层
02:52.138  render           | Engine: EEVEE
02:52.208  render           | Fra: 703 | Rendering 1 / 32 samples
02:52.357  render           | Fra: 703 | Rendering 25 / 32 samples
02:52.397  render           | Fra: 703 | Rendering 32 / 32 samples
02:52.411  render           | Video append frame 703
02:52.411  render           | Time: 00:00.27 (Saving: 00:00.01)
02:52.411  render           | Rendering frame 704
02:52.411  render           | Start rendering: MORI_Assembly_Animation, 视图层
02:52.411  render           | Engine: EEVEE
02:52.486  render           | Fra: 704 | Rendering 1 / 32 samples
02:52.634  render           | Fra: 704 | Rendering 25 / 32 samples
02:52.674  render           | Fra: 704 | Rendering 32 / 32 samples
02:52.689  render           | Video append frame 704
02:52.689  render           | Time: 00:00.27 (Saving: 00:00.01)
02:52.689  render           | Rendering frame 705
02:52.689  render           | Start rendering: MORI_Assembly_Animation, 视图层
02:52.689  render           | Engine: EEVEE
02:52.767  render           | Fra: 705 | Rendering 1 / 32 samples
02:52.910  render           | Fra: 705 | Rendering 25 / 32 samples
02:52.951  render           | Fra: 705 | Rendering 32 / 32 samples
02:52.967  render           | Video append frame 705
02:52.967  render           | Time: 00:00.27 (Saving: 00:00.01)
02:52.967  render           | Rendering frame 706
02:52.967  render           | Start rendering: MORI_Assembly_Animation, 视图层
02:52.967  render           | Engine: EEVEE
02:53.033  render           | Fra: 706 | Rendering 1 / 32 samples
02:53.175  render           | Fra: 706 | Rendering 25 / 32 samples
02:53.216  render           | Fra: 706 | Rendering 32 / 32 samples
02:53.232  render           | Video append frame 706
02:53.232  render           | Time: 00:00.26 (Saving: 00:00.01)
02:53.232  render           | Rendering frame 707
02:53.232  render           | Start rendering: MORI_Assembly_Animation, 视图层
02:53.232  render           | Engine: EEVEE
02:53.306  render           | Fra: 707 | Rendering 1 / 32 samples
02:53.449  render           | Fra: 707 | Rendering 25 / 32 samples
02:53.492  render           | Fra: 707 | Rendering 32 / 32 samples
02:53.505  render           | Video append frame 707
02:53.505  render           | Time: 00:00.27 (Saving: 00:00.00)
02:53.505  render           | Rendering frame 708
02:53.505  render           | Start rendering: MORI_Assembly_Animation, 视图层
02:53.505  render           | Engine: EEVEE
02:53.574  render           | Fra: 708 | Rendering 1 / 32 samples
02:53.732  render           | Fra: 708 | Rendering 25 / 32 samples
02:53.773  render           | Fra: 708 | Rendering 32 / 32 samples
02:53.786  render           | Video append frame 708
02:53.786  render           | Time: 00:00.28 (Saving: 00:00.00)
02:53.786  render           | Rendering frame 709
02:53.787  render           | Start rendering: MORI_Assembly_Animation, 视图层
02:53.787  render           | Engine: EEVEE
02:53.857  render           | Fra: 709 | Rendering 1 / 32 samples
02:54.005  render           | Fra: 709 | Rendering 25 / 32 samples
02:54.045  render           | Fra: 709 | Rendering 32 / 32 samples
02:54.058  render           | Video append frame 709
02:54.058  render           | Time: 00:00.27 (Saving: 00:00.00)
02:54.058  render           | Rendering frame 710
02:54.059  render           | Start rendering: MORI_Assembly_Animation, 视图层
02:54.059  render           | Engine: EEVEE
02:54.132  render           | Fra: 710 | Rendering 1 / 32 samples
02:54.272  render           | Fra: 710 | Rendering 25 / 32 samples
02:54.310  render           | Fra: 710 | Rendering 32 / 32 samples
02:54.325  render           | Video append frame 710
02:54.325  render           | Time: 00:00.26 (Saving: 00:00.01)
02:54.325  render           | Rendering frame 711
02:54.325  render           | Start rendering: MORI_Assembly_Animation, 视图层
02:54.325  render           | Engine: EEVEE
02:54.390  render           | Fra: 711 | Rendering 1 / 32 samples
02:54.534  render           | Fra: 711 | Rendering 25 / 32 samples
02:54.575  render           | Fra: 711 | Rendering 32 / 32 samples
02:54.588  render           | Video append frame 711
02:54.588  render           | Time: 00:00.26 (Saving: 00:00.00)
02:54.588  render           | Rendering frame 712
02:54.588  render           | Start rendering: MORI_Assembly_Animation, 视图层
02:54.588  render           | Engine: EEVEE
02:54.663  render           | Fra: 712 | Rendering 1 / 32 samples
02:54.809  render           | Fra: 712 | Rendering 25 / 32 samples
02:54.850  render           | Fra: 712 | Rendering 32 / 32 samples
02:54.865  render           | Video append frame 712
02:54.865  render           | Time: 00:00.27 (Saving: 00:00.01)
02:54.865  render           | Rendering frame 713
02:54.865  render           | Start rendering: MORI_Assembly_Animation, 视图层
02:54.865  render           | Engine: EEVEE
02:54.937  render           | Fra: 713 | Rendering 1 / 32 samples
02:55.081  render           | Fra: 713 | Rendering 25 / 32 samples
02:55.124  render           | Fra: 713 | Rendering 32 / 32 samples
02:55.139  render           | Video append frame 713
02:55.139  render           | Time: 00:00.27 (Saving: 00:00.01)
02:55.140  render           | Rendering frame 714
02:55.140  render           | Start rendering: MORI_Assembly_Animation, 视图层
02:55.140  render           | Engine: EEVEE
02:55.206  render           | Fra: 714 | Rendering 1 / 32 samples
02:55.350  render           | Fra: 714 | Rendering 25 / 32 samples
02:55.389  render           | Fra: 714 | Rendering 32 / 32 samples
02:55.404  render           | Video append frame 714
02:55.404  render           | Time: 00:00.26 (Saving: 00:00.00)
02:55.404  render           | Rendering frame 715
02:55.404  render           | Start rendering: MORI_Assembly_Animation, 视图层
02:55.404  render           | Engine: EEVEE
02:55.467  render           | Fra: 715 | Rendering 1 / 32 samples
02:55.607  render           | Fra: 715 | Rendering 25 / 32 samples
02:55.647  render           | Fra: 715 | Rendering 32 / 32 samples
02:55.702  render           | Video append frame 715
02:55.702  render           | Time: 00:00.29 (Saving: 00:00.04)
02:55.702  render           | Rendering frame 716
02:55.702  render           | Start rendering: MORI_Assembly_Animation, 视图层
02:55.702  render           | Engine: EEVEE
02:55.766  render           | Fra: 716 | Rendering 1 / 32 samples
02:55.914  render           | Fra: 716 | Rendering 25 / 32 samples
02:55.957  render           | Fra: 716 | Rendering 32 / 32 samples
02:55.997  render           | Video append frame 716
02:55.997  render           | Time: 00:00.29 (Saving: 00:00.02)
02:55.997  render           | Rendering frame 717
02:55.998  render           | Start rendering: MORI_Assembly_Animation, 视图层
02:55.998  render           | Engine: EEVEE
02:56.070  render           | Fra: 717 | Rendering 1 / 32 samples
02:56.217  render           | Fra: 717 | Rendering 25 / 32 samples
02:56.268  render           | Fra: 717 | Rendering 32 / 32 samples
02:56.335  render           | Video append frame 717
02:56.335  render           | Time: 00:00.33 (Saving: 00:00.05)
02:56.335  render           | Rendering frame 718
02:56.335  render           | Start rendering: MORI_Assembly_Animation, 视图层
02:56.335  render           | Engine: EEVEE
02:56.407  render           | Fra: 718 | Rendering 1 / 32 samples
02:56.556  render           | Fra: 718 | Rendering 25 / 32 samples
02:56.598  render           | Fra: 718 | Rendering 32 / 32 samples
02:56.645  render           | Video append frame 718
02:56.645  render           | Time: 00:00.30 (Saving: 00:00.03)
02:56.645  render           | Rendering frame 719
02:56.645  render           | Start rendering: MORI_Assembly_Animation, 视图层
02:56.645  render           | Engine: EEVEE
02:56.718  render           | Fra: 719 | Rendering 1 / 32 samples
02:56.871  render           | Fra: 719 | Rendering 25 / 32 samples
02:56.912  render           | Fra: 719 | Rendering 32 / 32 samples
02:56.953  render           | Video append frame 719
02:56.953  render           | Time: 00:00.30 (Saving: 00:00.02)
02:56.953  render           | Rendering frame 720
02:56.953  render           | Start rendering: MORI_Assembly_Animation, 视图层
02:56.953  render           | Engine: EEVEE
02:57.023  render           | Fra: 720 | Rendering 1 / 32 samples
02:57.172  render           | Fra: 720 | Rendering 25 / 32 samples
02:57.212  render           | Fra: 720 | Rendering 32 / 32 samples
02:57.261  render           | Video append frame 720
02:57.261  render           | Time: 00:00.30 (Saving: 00:00.04)
02:57.261  render           | Rendering frame 721
02:57.262  render           | Start rendering: MORI_Assembly_Animation, 视图层
02:57.262  render           | Engine: EEVEE
02:57.324  render           | Fra: 721 | Rendering 1 / 32 samples
02:57.465  render           | Fra: 721 | Rendering 25 / 32 samples
02:57.506  render           | Fra: 721 | Rendering 32 / 32 samples
02:57.545  render           | Video append frame 721
02:57.545  render           | Time: 00:00.28 (Saving: 00:00.03)
02:57.545  render           | Rendering frame 722
02:57.545  render           | Start rendering: MORI_Assembly_Animation, 视图层
02:57.545  render           | Engine: EEVEE
02:57.609  render           | Fra: 722 | Rendering 1 / 32 samples
02:57.751  render           | Fra: 722 | Rendering 25 / 32 samples
02:57.793  render           | Fra: 722 | Rendering 32 / 32 samples
02:57.869  render           | Video append frame 722
02:57.869  render           | Time: 00:00.32 (Saving: 00:00.04)
02:57.869  render           | Rendering frame 723
02:57.869  render           | Start rendering: MORI_Assembly_Animation, 视图层
02:57.869  render           | Engine: EEVEE
02:57.946  render           | Fra: 723 | Rendering 1 / 32 samples
02:58.089  render           | Fra: 723 | Rendering 25 / 32 samples
02:58.132  render           | Fra: 723 | Rendering 32 / 32 samples
02:58.181  render           | Video append frame 723
02:58.181  render           | Time: 00:00.31 (Saving: 00:00.03)
02:58.181  render           | Rendering frame 724
02:58.182  render           | Start rendering: MORI_Assembly_Animation, 视图层
02:58.182  render           | Engine: EEVEE
02:58.248  render           | Fra: 724 | Rendering 1 / 32 samples
02:58.392  render           | Fra: 724 | Rendering 25 / 32 samples
02:58.434  render           | Fra: 724 | Rendering 32 / 32 samples
02:58.465  render           | Video append frame 724
02:58.465  render           | Time: 00:00.28 (Saving: 00:00.02)
02:58.465  render           | Rendering frame 725
02:58.465  render           | Start rendering: MORI_Assembly_Animation, 视图层
02:58.465  render           | Engine: EEVEE
02:58.544  render           | Fra: 725 | Rendering 1 / 32 samples
02:58.687  render           | Fra: 725 | Rendering 25 / 32 samples
02:58.727  render           | Fra: 725 | Rendering 32 / 32 samples
02:58.758  render           | Video append frame 725
02:58.758  render           | Time: 00:00.29 (Saving: 00:00.02)
02:58.758  render           | Rendering frame 726
02:58.758  render           | Start rendering: MORI_Assembly_Animation, 视图层
02:58.758  render           | Engine: EEVEE
02:58.841  render           | Fra: 726 | Rendering 1 / 32 samples
02:58.992  render           | Fra: 726 | Rendering 25 / 32 samples
02:59.032  render           | Fra: 726 | Rendering 32 / 32 samples
02:59.086  render           | Video append frame 726
02:59.086  render           | Time: 00:00.32 (Saving: 00:00.04)
02:59.086  render           | Rendering frame 727
02:59.086  render           | Start rendering: MORI_Assembly_Animation, 视图层
02:59.086  render           | Engine: EEVEE
02:59.157  render           | Fra: 727 | Rendering 1 / 32 samples
02:59.319  render           | Fra: 727 | Rendering 25 / 32 samples
02:59.366  render           | Fra: 727 | Rendering 32 / 32 samples
02:59.420  render           | Video append frame 727
02:59.420  render           | Time: 00:00.33 (Saving: 00:00.04)
02:59.420  render           | Rendering frame 728
02:59.420  render           | Start rendering: MORI_Assembly_Animation, 视图层
02:59.420  render           | Engine: EEVEE
02:59.475  render           | Fra: 728 | Rendering 1 / 32 samples
02:59.645  render           | Fra: 728 | Rendering 25 / 32 samples
02:59.693  render           | Fra: 728 | Rendering 32 / 32 samples
02:59.717  render           | Video append frame 728
02:59.717  render           | Time: 00:00.29 (Saving: 00:00.01)
02:59.717  render           | Rendering frame 729
02:59.717  render           | Start rendering: MORI_Assembly_Animation, 视图层
02:59.717  render           | Engine: EEVEE
02:59.777  render           | Fra: 729 | Rendering 1 / 32 samples
02:59.944  render           | Fra: 729 | Rendering 25 / 32 samples
02:59.992  render           | Fra: 729 | Rendering 32 / 32 samples
03:00.016  render           | Video append frame 729
03:00.016  render           | Time: 00:00.29 (Saving: 00:00.01)
03:00.016  render           | Rendering frame 730
03:00.016  render           | Start rendering: MORI_Assembly_Animation, 视图层
03:00.016  render           | Engine: EEVEE
03:00.075  render           | Fra: 730 | Rendering 1 / 32 samples
03:00.241  render           | Fra: 730 | Rendering 25 / 32 samples
03:00.286  render           | Fra: 730 | Rendering 32 / 32 samples
03:00.310  render           | Video append frame 730
03:00.310  render           | Time: 00:00.29 (Saving: 00:00.01)
03:00.310  render           | Rendering frame 731
03:00.310  render           | Start rendering: MORI_Assembly_Animation, 视图层
03:00.310  render           | Engine: EEVEE
03:00.371  render           | Fra: 731 | Rendering 1 / 32 samples
03:00.525  render           | Fra: 731 | Rendering 25 / 32 samples
03:00.566  render           | Fra: 731 | Rendering 32 / 32 samples
03:00.591  render           | Video append frame 731
03:00.591  render           | Time: 00:00.28 (Saving: 00:00.01)
03:00.591  render           | Rendering frame 732
03:00.591  render           | Start rendering: MORI_Assembly_Animation, 视图层
03:00.591  render           | Engine: EEVEE
03:00.671  render           | Fra: 732 | Rendering 1 / 32 samples
03:00.814  render           | Fra: 732 | Rendering 25 / 32 samples
03:00.857  render           | Fra: 732 | Rendering 32 / 32 samples
03:00.897  render           | Video append frame 732
03:00.897  render           | Time: 00:00.30 (Saving: 00:00.03)
03:00.897  render           | Rendering frame 733
03:00.897  render           | Start rendering: MORI_Assembly_Animation, 视图层
03:00.897  render           | Engine: EEVEE
03:00.969  render           | Fra: 733 | Rendering 1 / 32 samples
03:01.110  render           | Fra: 733 | Rendering 25 / 32 samples
03:01.149  render           | Fra: 733 | Rendering 32 / 32 samples
03:01.174  render           | Video append frame 733
03:01.174  render           | Time: 00:00.27 (Saving: 00:00.01)
03:01.174  render           | Rendering frame 734
03:01.174  render           | Start rendering: MORI_Assembly_Animation, 视图层
03:01.174  render           | Engine: EEVEE
03:01.249  render           | Fra: 734 | Rendering 1 / 32 samples
03:01.394  render           | Fra: 734 | Rendering 25 / 32 samples
03:01.435  render           | Fra: 734 | Rendering 32 / 32 samples
03:01.469  render           | Video append frame 734
03:01.469  render           | Time: 00:00.29 (Saving: 00:00.02)
03:01.469  render           | Rendering frame 735
03:01.469  render           | Start rendering: MORI_Assembly_Animation, 视图层
03:01.469  render           | Engine: EEVEE
03:01.540  render           | Fra: 735 | Rendering 1 / 32 samples
03:01.685  render           | Fra: 735 | Rendering 25 / 32 samples
03:01.729  render           | Fra: 735 | Rendering 32 / 32 samples
03:01.749  render           | Video append frame 735
03:01.750  render           | Time: 00:00.28 (Saving: 00:00.01)
03:01.750  render           | Rendering frame 736
03:01.750  render           | Start rendering: MORI_Assembly_Animation, 视图层
03:01.750  render           | Engine: EEVEE
03:01.832  render           | Fra: 736 | Rendering 1 / 32 samples
03:01.976  render           | Fra: 736 | Rendering 25 / 32 samples
03:02.016  render           | Fra: 736 | Rendering 32 / 32 samples
03:02.031  render           | Video append frame 736
03:02.031  render           | Time: 00:00.28 (Saving: 00:00.01)
03:02.031  render           | Rendering frame 737
03:02.032  render           | Start rendering: MORI_Assembly_Animation, 视图层
03:02.032  render           | Engine: EEVEE
03:02.093  render           | Fra: 737 | Rendering 1 / 32 samples
03:02.238  render           | Fra: 737 | Rendering 25 / 32 samples
03:02.276  render           | Fra: 737 | Rendering 32 / 32 samples
03:02.290  render           | Video append frame 737
03:02.290  render           | Time: 00:00.25 (Saving: 00:00.00)
03:02.290  render           | Rendering frame 738
03:02.290  render           | Start rendering: MORI_Assembly_Animation, 视图层
03:02.290  render           | Engine: EEVEE
03:02.349  render           | Fra: 738 | Rendering 1 / 32 samples
03:02.493  render           | Fra: 738 | Rendering 25 / 32 samples
03:02.532  render           | Fra: 738 | Rendering 32 / 32 samples
03:02.546  render           | Video append frame 738
03:02.546  render           | Time: 00:00.25 (Saving: 00:00.01)
03:02.546  render           | Rendering frame 739
03:02.546  render           | Start rendering: MORI_Assembly_Animation, 视图层
03:02.546  render           | Engine: EEVEE
03:02.603  render           | Fra: 739 | Rendering 1 / 32 samples
03:02.751  render           | Fra: 739 | Rendering 25 / 32 samples
03:02.793  render           | Fra: 739 | Rendering 32 / 32 samples
03:02.805  render           | Video append frame 739
03:02.805  render           | Time: 00:00.25 (Saving: 00:00.00)
03:02.805  render           | Rendering frame 740
03:02.806  render           | Start rendering: MORI_Assembly_Animation, 视图层
03:02.806  render           | Engine: EEVEE
03:02.869  render           | Fra: 740 | Rendering 1 / 32 samples
03:03.009  render           | Fra: 740 | Rendering 25 / 32 samples
03:03.048  render           | Fra: 740 | Rendering 32 / 32 samples
03:03.061  render           | Video append frame 740
03:03.061  render           | Time: 00:00.25 (Saving: 00:00.00)
03:03.061  render           | Rendering frame 741
03:03.061  render           | Start rendering: MORI_Assembly_Animation, 视图层
03:03.061  render           | Engine: EEVEE
03:03.124  render           | Fra: 741 | Rendering 1 / 32 samples
03:03.266  render           | Fra: 741 | Rendering 25 / 32 samples
03:03.306  render           | Fra: 741 | Rendering 32 / 32 samples
03:03.321  render           | Video append frame 741
03:03.321  render           | Time: 00:00.25 (Saving: 00:00.01)
03:03.321  render           | Rendering frame 742
03:03.321  render           | Start rendering: MORI_Assembly_Animation, 视图层
03:03.321  render           | Engine: EEVEE
03:03.395  render           | Fra: 742 | Rendering 1 / 32 samples
03:03.537  render           | Fra: 742 | Rendering 25 / 32 samples
03:03.575  render           | Fra: 742 | Rendering 32 / 32 samples
03:03.590  render           | Video append frame 742
03:03.590  render           | Time: 00:00.26 (Saving: 00:00.01)
03:03.590  render           | Rendering frame 743
03:03.590  render           | Start rendering: MORI_Assembly_Animation, 视图层
03:03.590  render           | Engine: EEVEE
03:03.655  render           | Fra: 743 | Rendering 1 / 32 samples
03:03.798  render           | Fra: 743 | Rendering 25 / 32 samples
03:03.839  render           | Fra: 743 | Rendering 32 / 32 samples
03:03.853  render           | Video append frame 743
03:03.853  render           | Time: 00:00.26 (Saving: 00:00.00)
03:03.853  render           | Rendering frame 744
03:03.853  render           | Start rendering: MORI_Assembly_Animation, 视图层
03:03.853  render           | Engine: EEVEE
03:03.925  render           | Fra: 744 | Rendering 1 / 32 samples
03:04.076  render           | Fra: 744 | Rendering 25 / 32 samples
03:04.116  render           | Fra: 744 | Rendering 32 / 32 samples
03:04.129  render           | Video append frame 744
03:04.129  render           | Time: 00:00.27 (Saving: 00:00.00)
03:04.129  render           | Rendering frame 745
03:04.129  render           | Start rendering: MORI_Assembly_Animation, 视图层
03:04.129  render           | Engine: EEVEE
03:04.188  render           | Fra: 745 | Rendering 1 / 32 samples
03:04.329  render           | Fra: 745 | Rendering 25 / 32 samples
03:04.370  render           | Fra: 745 | Rendering 32 / 32 samples
03:04.384  render           | Video append frame 745
03:04.384  render           | Time: 00:00.25 (Saving: 00:00.01)
03:04.384  render           | Rendering frame 746
03:04.384  render           | Start rendering: MORI_Assembly_Animation, 视图层
03:04.384  render           | Engine: EEVEE
03:04.459  render           | Fra: 746 | Rendering 1 / 32 samples
03:04.635  render           | Fra: 746 | Rendering 25 / 32 samples
03:04.680  render           | Fra: 746 | Rendering 32 / 32 samples
03:04.698  render           | Video append frame 746
03:04.698  render           | Time: 00:00.31 (Saving: 00:00.01)
03:04.698  render           | Rendering frame 747
03:04.698  render           | Start rendering: MORI_Assembly_Animation, 视图层
03:04.698  render           | Engine: EEVEE
03:04.773  render           | Fra: 747 | Rendering 1 / 32 samples
03:04.932  render           | Fra: 747 | Rendering 25 / 32 samples
03:04.973  render           | Fra: 747 | Rendering 32 / 32 samples
03:04.988  render           | Video append frame 747
03:04.988  render           | Time: 00:00.28 (Saving: 00:00.01)
03:04.988  render           | Rendering frame 748
03:04.988  render           | Start rendering: MORI_Assembly_Animation, 视图层
03:04.988  render           | Engine: EEVEE
03:05.047  render           | Fra: 748 | Rendering 1 / 32 samples
03:05.196  render           | Fra: 748 | Rendering 25 / 32 samples
03:05.238  render           | Fra: 748 | Rendering 32 / 32 samples
03:05.251  render           | Video append frame 748
03:05.251  render           | Time: 00:00.26 (Saving: 00:00.00)
03:05.251  render           | Rendering frame 749
03:05.251  render           | Start rendering: MORI_Assembly_Animation, 视图层
03:05.251  render           | Engine: EEVEE
03:05.325  render           | Fra: 749 | Rendering 1 / 32 samples
03:05.472  render           | Fra: 749 | Rendering 25 / 32 samples
03:05.511  render           | Fra: 749 | Rendering 32 / 32 samples
03:05.525  render           | Video append frame 749
03:05.525  render           | Time: 00:00.27 (Saving: 00:00.00)
03:05.525  render           | Rendering frame 750
03:05.525  render           | Start rendering: MORI_Assembly_Animation, 视图层
03:05.525  render           | Engine: EEVEE
03:05.588  render           | Fra: 750 | Rendering 1 / 32 samples
03:05.728  render           | Fra: 750 | Rendering 25 / 32 samples
03:05.768  render           | Fra: 750 | Rendering 32 / 32 samples
03:05.782  render           | Video append frame 750
03:05.782  render           | Time: 00:00.25 (Saving: 00:00.00)
03:05.782  render           | Rendering frame 751
03:05.782  render           | Start rendering: MORI_Assembly_Animation, 视图层
03:05.782  render           | Engine: EEVEE
03:05.863  render           | Fra: 751 | Rendering 1 / 32 samples
03:06.010  render           | Fra: 751 | Rendering 25 / 32 samples
03:06.049  render           | Fra: 751 | Rendering 32 / 32 samples
03:06.062  render           | Video append frame 751
03:06.062  render           | Time: 00:00.28 (Saving: 00:00.00)
03:06.062  render           | Rendering frame 752
03:06.062  render           | Start rendering: MORI_Assembly_Animation, 视图层
03:06.062  render           | Engine: EEVEE
03:06.125  render           | Fra: 752 | Rendering 1 / 32 samples
03:06.267  render           | Fra: 752 | Rendering 25 / 32 samples
03:06.307  render           | Fra: 752 | Rendering 32 / 32 samples
03:06.346  render           | Video append frame 752
03:06.346  render           | Time: 00:00.28 (Saving: 00:00.03)
03:06.346  render           | Rendering frame 753
03:06.346  render           | Start rendering: MORI_Assembly_Animation, 视图层
03:06.346  render           | Engine: EEVEE
03:06.422  render           | Fra: 753 | Rendering 1 / 32 samples
03:06.568  render           | Fra: 753 | Rendering 25 / 32 samples
03:06.613  render           | Fra: 753 | Rendering 32 / 32 samples
03:06.655  render           | Video append frame 753
03:06.655  render           | Time: 00:00.30 (Saving: 00:00.02)
03:06.655  render           | Rendering frame 754
03:06.655  render           | Start rendering: MORI_Assembly_Animation, 视图层
03:06.655  render           | Engine: EEVEE
03:06.732  render           | Fra: 754 | Rendering 1 / 32 samples
03:06.874  render           | Fra: 754 | Rendering 25 / 32 samples
03:06.915  render           | Fra: 754 | Rendering 32 / 32 samples
03:06.971  render           | Video append frame 754
03:06.971  render           | Time: 00:00.31 (Saving: 00:00.03)
03:06.971  render           | Rendering frame 755
03:06.972  render           | Start rendering: MORI_Assembly_Animation, 视图层
03:06.972  render           | Engine: EEVEE
03:07.043  render           | Fra: 755 | Rendering 1 / 32 samples
03:07.204  render           | Fra: 755 | Rendering 25 / 32 samples
03:07.250  render           | Fra: 755 | Rendering 32 / 32 samples
03:07.298  render           | Video append frame 755
03:07.298  render           | Time: 00:00.32 (Saving: 00:00.03)
03:07.298  render           | Rendering frame 756
03:07.298  render           | Start rendering: MORI_Assembly_Animation, 视图层
03:07.298  render           | Engine: EEVEE
03:07.355  render           | Fra: 756 | Rendering 1 / 32 samples
03:07.518  render           | Fra: 756 | Rendering 25 / 32 samples
03:07.567  render           | Fra: 756 | Rendering 32 / 32 samples
03:07.603  render           | Video append frame 756
03:07.603  render           | Time: 00:00.30 (Saving: 00:00.02)
03:07.603  render           | Rendering frame 757
03:07.603  render           | Start rendering: MORI_Assembly_Animation, 视图层
03:07.603  render           | Engine: EEVEE
03:07.669  render           | Fra: 757 | Rendering 1 / 32 samples
03:07.835  render           | Fra: 757 | Rendering 25 / 32 samples
03:07.882  render           | Fra: 757 | Rendering 32 / 32 samples
03:07.918  render           | Video append frame 757
03:07.918  render           | Time: 00:00.31 (Saving: 00:00.01)
03:07.918  render           | Rendering frame 758
03:07.918  render           | Start rendering: MORI_Assembly_Animation, 视图层
03:07.918  render           | Engine: EEVEE
03:08.001  render           | Fra: 758 | Rendering 1 / 32 samples
03:08.147  render           | Fra: 758 | Rendering 25 / 32 samples
03:08.192  render           | Fra: 758 | Rendering 32 / 32 samples
03:08.234  render           | Video append frame 758
03:08.234  render           | Time: 00:00.31 (Saving: 00:00.02)
03:08.234  render           | Rendering frame 759
03:08.235  render           | Start rendering: MORI_Assembly_Animation, 视图层
03:08.235  render           | Engine: EEVEE
03:08.324  render           | Fra: 759 | Rendering 1 / 32 samples
03:08.463  render           | Fra: 759 | Rendering 25 / 32 samples
03:08.506  render           | Fra: 759 | Rendering 32 / 32 samples
03:08.546  render           | Video append frame 759
03:08.546  render           | Time: 00:00.31 (Saving: 00:00.02)
03:08.546  render           | Rendering frame 760
03:08.546  render           | Start rendering: MORI_Assembly_Animation, 视图层
03:08.546  render           | Engine: EEVEE
03:08.607  render           | Fra: 760 | Rendering 1 / 32 samples
03:08.751  render           | Fra: 760 | Rendering 25 / 32 samples
03:08.795  render           | Fra: 760 | Rendering 32 / 32 samples
03:08.849  render           | Video append frame 760
03:08.849  render           | Time: 00:00.30 (Saving: 00:00.04)
03:08.849  render           | Rendering frame 761
03:08.850  render           | Start rendering: MORI_Assembly_Animation, 视图层
03:08.850  render           | Engine: EEVEE
03:08.923  render           | Fra: 761 | Rendering 1 / 32 samples
03:09.067  render           | Fra: 761 | Rendering 25 / 32 samples
03:09.107  render           | Fra: 761 | Rendering 32 / 32 samples
03:09.156  render           | Video append frame 761
03:09.156  render           | Time: 00:00.30 (Saving: 00:00.04)
03:09.156  render           | Rendering frame 762
03:09.156  render           | Start rendering: MORI_Assembly_Animation, 视图层
03:09.156  render           | Engine: EEVEE
03:09.230  render           | Fra: 762 | Rendering 1 / 32 samples
03:09.371  render           | Fra: 762 | Rendering 25 / 32 samples
03:09.412  render           | Fra: 762 | Rendering 32 / 32 samples
03:09.459  render           | Video append frame 762
03:09.459  render           | Time: 00:00.30 (Saving: 00:00.03)
03:09.459  render           | Rendering frame 763
03:09.459  render           | Start rendering: MORI_Assembly_Animation, 视图层
03:09.459  render           | Engine: EEVEE
03:09.546  render           | Fra: 763 | Rendering 1 / 32 samples
03:09.691  render           | Fra: 763 | Rendering 25 / 32 samples
03:09.733  render           | Fra: 763 | Rendering 32 / 32 samples
03:09.757  render           | Video append frame 763
03:09.757  render           | Time: 00:00.29 (Saving: 00:00.01)
03:09.757  render           | Rendering frame 764
03:09.757  render           | Start rendering: MORI_Assembly_Animation, 视图层
03:09.757  render           | Engine: EEVEE
03:09.832  render           | Fra: 764 | Rendering 1 / 32 samples
03:09.976  render           | Fra: 764 | Rendering 25 / 32 samples
03:10.023  render           | Fra: 764 | Rendering 32 / 32 samples
03:10.060  render           | Video append frame 764
03:10.061  render           | Time: 00:00.30 (Saving: 00:00.02)
03:10.061  render           | Rendering frame 765
03:10.061  render           | Start rendering: MORI_Assembly_Animation, 视图层
03:10.061  render           | Engine: EEVEE
03:10.133  render           | Fra: 765 | Rendering 1 / 32 samples
03:10.284  render           | Fra: 765 | Rendering 25 / 32 samples
03:10.329  render           | Fra: 765 | Rendering 32 / 32 samples
03:10.345  render           | Video append frame 765
03:10.345  render           | Time: 00:00.28 (Saving: 00:00.01)
03:10.345  render           | Rendering frame 766
03:10.345  render           | Start rendering: MORI_Assembly_Animation, 视图层
03:10.345  render           | Engine: EEVEE
03:10.418  render           | Fra: 766 | Rendering 1 / 32 samples
03:10.567  render           | Fra: 766 | Rendering 25 / 32 samples
03:10.610  render           | Fra: 766 | Rendering 32 / 32 samples
03:10.630  render           | Video append frame 766
03:10.630  render           | Time: 00:00.28 (Saving: 00:00.01)
03:10.630  render           | Rendering frame 767
03:10.630  render           | Start rendering: MORI_Assembly_Animation, 视图层
03:10.630  render           | Engine: EEVEE
03:10.697  render           | Fra: 767 | Rendering 1 / 32 samples
03:10.848  render           | Fra: 767 | Rendering 25 / 32 samples
03:10.890  render           | Fra: 767 | Rendering 32 / 32 samples
03:10.907  render           | Video append frame 767
03:10.907  render           | Time: 00:00.27 (Saving: 00:00.01)
03:10.907  render           | Rendering frame 768
03:10.908  render           | Start rendering: MORI_Assembly_Animation, 视图层
03:10.908  render           | Engine: EEVEE
03:10.969  render           | Fra: 768 | Rendering 1 / 32 samples
03:11.112  render           | Fra: 768 | Rendering 25 / 32 samples
03:11.156  render           | Fra: 768 | Rendering 32 / 32 samples
03:11.175  render           | Video append frame 768
03:11.175  render           | Time: 00:00.26 (Saving: 00:00.01)
03:11.175  render           | Rendering frame 769
03:11.176  render           | Start rendering: MORI_Assembly_Animation, 视图层
03:11.176  render           | Engine: EEVEE
03:11.243  render           | Fra: 769 | Rendering 1 / 32 samples
03:11.393  render           | Fra: 769 | Rendering 25 / 32 samples
03:11.435  render           | Fra: 769 | Rendering 32 / 32 samples
03:11.451  render           | Video append frame 769
03:11.451  render           | Time: 00:00.27 (Saving: 00:00.01)
03:11.451  render           | Rendering frame 770
03:11.451  render           | Start rendering: MORI_Assembly_Animation, 视图层
03:11.451  render           | Engine: EEVEE
03:11.525  render           | Fra: 770 | Rendering 1 / 32 samples
03:11.681  render           | Fra: 770 | Rendering 25 / 32 samples
03:11.728  render           | Fra: 770 | Rendering 32 / 32 samples
03:11.747  render           | Video append frame 770
03:11.747  render           | Time: 00:00.29 (Saving: 00:00.01)
03:11.747  render           | Rendering frame 771
03:11.747  render           | Start rendering: MORI_Assembly_Animation, 视图层
03:11.747  render           | Engine: EEVEE
03:11.816  render           | Fra: 771 | Rendering 1 / 32 samples
03:11.971  render           | Fra: 771 | Rendering 25 / 32 samples
03:12.010  render           | Fra: 771 | Rendering 32 / 32 samples
03:12.028  render           | Video append frame 771
03:12.028  render           | Time: 00:00.28 (Saving: 00:00.01)
03:12.028  render           | Rendering frame 772
03:12.028  render           | Start rendering: MORI_Assembly_Animation, 视图层
03:12.028  render           | Engine: EEVEE
03:12.093  render           | Fra: 772 | Rendering 1 / 32 samples
03:12.238  render           | Fra: 772 | Rendering 25 / 32 samples
03:12.278  render           | Fra: 772 | Rendering 32 / 32 samples
03:12.299  render           | Video append frame 772
03:12.299  render           | Time: 00:00.27 (Saving: 00:00.01)
03:12.299  render           | Rendering frame 773
03:12.299  render           | Start rendering: MORI_Assembly_Animation, 视图层
03:12.299  render           | Engine: EEVEE
03:12.363  render           | Fra: 773 | Rendering 1 / 32 samples
03:12.507  render           | Fra: 773 | Rendering 25 / 32 samples
03:12.548  render           | Fra: 773 | Rendering 32 / 32 samples
03:12.564  render           | Video append frame 773
03:12.564  render           | Time: 00:00.26 (Saving: 00:00.01)
03:12.564  render           | Rendering frame 774
03:12.564  render           | Start rendering: MORI_Assembly_Animation, 视图层
03:12.564  render           | Engine: EEVEE
03:12.632  render           | Fra: 774 | Rendering 1 / 32 samples
03:12.785  render           | Fra: 774 | Rendering 25 / 32 samples
03:12.828  render           | Fra: 774 | Rendering 32 / 32 samples
03:12.846  render           | Video append frame 774
03:12.846  render           | Time: 00:00.28 (Saving: 00:00.01)
03:12.846  render           | Rendering frame 775
03:12.846  render           | Start rendering: MORI_Assembly_Animation, 视图层
03:12.846  render           | Engine: EEVEE
03:12.913  render           | Fra: 775 | Rendering 1 / 32 samples
03:13.059  render           | Fra: 775 | Rendering 25 / 32 samples
03:13.102  render           | Fra: 775 | Rendering 32 / 32 samples
03:13.118  render           | Video append frame 775
03:13.118  render           | Time: 00:00.27 (Saving: 00:00.01)
03:13.118  render           | Rendering frame 776
03:13.118  render           | Start rendering: MORI_Assembly_Animation, 视图层
03:13.118  render           | Engine: EEVEE
03:13.195  render           | Fra: 776 | Rendering 1 / 32 samples
03:13.351  render           | Fra: 776 | Rendering 25 / 32 samples
03:13.396  render           | Fra: 776 | Rendering 32 / 32 samples
03:13.412  render           | Video append frame 776
03:13.412  render           | Time: 00:00.29 (Saving: 00:00.01)
03:13.412  render           | Rendering frame 777
03:13.412  render           | Start rendering: MORI_Assembly_Animation, 视图层
03:13.412  render           | Engine: EEVEE
03:13.482  render           | Fra: 777 | Rendering 1 / 32 samples
03:13.626  render           | Fra: 777 | Rendering 25 / 32 samples
03:13.667  render           | Fra: 777 | Rendering 32 / 32 samples
03:13.683  render           | Video append frame 777
03:13.683  render           | Time: 00:00.27 (Saving: 00:00.01)
03:13.683  render           | Rendering frame 778
03:13.683  render           | Start rendering: MORI_Assembly_Animation, 视图层
03:13.683  render           | Engine: EEVEE
03:13.756  render           | Fra: 778 | Rendering 1 / 32 samples
03:13.910  render           | Fra: 778 | Rendering 25 / 32 samples
03:13.951  render           | Fra: 778 | Rendering 32 / 32 samples
03:13.969  render           | Video append frame 778
03:13.969  render           | Time: 00:00.28 (Saving: 00:00.01)
03:13.969  render           | Rendering frame 779
03:13.969  render           | Start rendering: MORI_Assembly_Animation, 视图层
03:13.969  render           | Engine: EEVEE
03:14.033  render           | Fra: 779 | Rendering 1 / 32 samples
03:14.182  render           | Fra: 779 | Rendering 25 / 32 samples
03:14.226  render           | Fra: 779 | Rendering 32 / 32 samples
03:14.244  render           | Video append frame 779
03:14.244  render           | Time: 00:00.27 (Saving: 00:00.01)
03:14.244  render           | Rendering frame 780
03:14.245  render           | Start rendering: MORI_Assembly_Animation, 视图层
03:14.245  render           | Engine: EEVEE
03:14.308  render           | Fra: 780 | Rendering 1 / 32 samples
03:14.457  render           | Fra: 780 | Rendering 25 / 32 samples
03:14.499  render           | Fra: 780 | Rendering 32 / 32 samples
03:14.514  render           | Video append frame 780
03:14.514  render           | Time: 00:00.26 (Saving: 00:00.01)
03:14.514  render           | Rendering frame 781
03:14.514  render           | Start rendering: MORI_Assembly_Animation, 视图层
03:14.514  render           | Engine: EEVEE
03:14.587  render           | Fra: 781 | Rendering 1 / 32 samples
03:14.728  render           | Fra: 781 | Rendering 25 / 32 samples
03:14.769  render           | Fra: 781 | Rendering 32 / 32 samples
03:14.804  render           | Video append frame 781
03:14.804  render           | Time: 00:00.28 (Saving: 00:00.02)
03:14.804  render           | Rendering frame 782
03:14.804  render           | Start rendering: MORI_Assembly_Animation, 视图层
03:14.804  render           | Engine: EEVEE
03:14.863  render           | Fra: 782 | Rendering 1 / 32 samples
03:15.026  render           | Fra: 782 | Rendering 25 / 32 samples
03:15.071  render           | Fra: 782 | Rendering 32 / 32 samples
03:15.107  render           | Video append frame 782
03:15.107  render           | Time: 00:00.30 (Saving: 00:00.02)
03:15.107  render           | Rendering frame 783
03:15.107  render           | Start rendering: MORI_Assembly_Animation, 视图层
03:15.107  render           | Engine: EEVEE
03:15.183  render           | Fra: 783 | Rendering 1 / 32 samples
03:15.338  render           | Fra: 783 | Rendering 25 / 32 samples
03:15.382  render           | Fra: 783 | Rendering 32 / 32 samples
03:15.418  render           | Video append frame 783
03:15.418  render           | Time: 00:00.31 (Saving: 00:00.02)
03:15.418  render           | Rendering frame 784
03:15.418  render           | Start rendering: MORI_Assembly_Animation, 视图层
03:15.418  render           | Engine: EEVEE
03:15.497  render           | Fra: 784 | Rendering 1 / 32 samples
03:15.661  render           | Fra: 784 | Rendering 25 / 32 samples
03:15.705  render           | Fra: 784 | Rendering 32 / 32 samples
03:15.753  render           | Video append frame 784
03:15.753  render           | Time: 00:00.33 (Saving: 00:00.04)
03:15.753  render           | Rendering frame 785
03:15.753  render           | Start rendering: MORI_Assembly_Animation, 视图层
03:15.753  render           | Engine: EEVEE
03:15.824  render           | Fra: 785 | Rendering 1 / 32 samples
03:15.984  render           | Fra: 785 | Rendering 25 / 32 samples
03:16.032  render           | Fra: 785 | Rendering 32 / 32 samples
03:16.072  render           | Video append frame 785
03:16.072  render           | Time: 00:00.31 (Saving: 00:00.02)
03:16.072  render           | Rendering frame 786
03:16.072  render           | Start rendering: MORI_Assembly_Animation, 视图层
03:16.072  render           | Engine: EEVEE
03:16.135  render           | Fra: 786 | Rendering 1 / 32 samples
03:16.298  render           | Fra: 786 | Rendering 25 / 32 samples
03:16.344  render           | Fra: 786 | Rendering 32 / 32 samples
03:16.376  render           | Video append frame 786
03:16.376  render           | Time: 00:00.30 (Saving: 00:00.02)
03:16.376  render           | Rendering frame 787
03:16.376  render           | Start rendering: MORI_Assembly_Animation, 视图层
03:16.376  render           | Engine: EEVEE
03:16.439  render           | Fra: 787 | Rendering 1 / 32 samples
03:16.601  render           | Fra: 787 | Rendering 25 / 32 samples
03:16.651  render           | Fra: 787 | Rendering 32 / 32 samples
03:16.711  render           | Video append frame 787
03:16.711  render           | Time: 00:00.33 (Saving: 00:00.04)
03:16.711  render           | Rendering frame 788
03:16.711  render           | Start rendering: MORI_Assembly_Animation, 视图层
03:16.711  render           | Engine: EEVEE
03:16.780  render           | Fra: 788 | Rendering 1 / 32 samples
03:16.938  render           | Fra: 788 | Rendering 25 / 32 samples
03:16.981  render           | Fra: 788 | Rendering 32 / 32 samples
03:17.021  render           | Video append frame 788
03:17.021  render           | Time: 00:00.31 (Saving: 00:00.02)
03:17.021  render           | Rendering frame 789
03:17.021  render           | Start rendering: MORI_Assembly_Animation, 视图层
03:17.021  render           | Engine: EEVEE
03:17.092  render           | Fra: 789 | Rendering 1 / 32 samples
03:17.247  render           | Fra: 789 | Rendering 25 / 32 samples
03:17.293  render           | Fra: 789 | Rendering 32 / 32 samples
03:17.325  render           | Video append frame 789
03:17.325  render           | Time: 00:00.30 (Saving: 00:00.02)
03:17.325  render           | Rendering frame 790
03:17.325  render           | Start rendering: MORI_Assembly_Animation, 视图层
03:17.325  render           | Engine: EEVEE
03:17.387  render           | Fra: 790 | Rendering 1 / 32 samples
03:17.544  render           | Fra: 790 | Rendering 25 / 32 samples
03:17.589  render           | Fra: 790 | Rendering 32 / 32 samples
03:17.616  render           | Video append frame 790
03:17.616  render           | Time: 00:00.29 (Saving: 00:00.02)
03:17.616  render           | Rendering frame 791
03:17.616  render           | Start rendering: MORI_Assembly_Animation, 视图层
03:17.616  render           | Engine: EEVEE
03:17.682  render           | Fra: 791 | Rendering 1 / 32 samples
03:17.839  render           | Fra: 791 | Rendering 25 / 32 samples
03:17.883  render           | Fra: 791 | Rendering 32 / 32 samples
03:17.933  render           | Video append frame 791
03:17.933  render           | Time: 00:00.31 (Saving: 00:00.03)
03:17.933  render           | Rendering frame 792
03:17.933  render           | Start rendering: MORI_Assembly_Animation, 视图层
03:17.933  render           | Engine: EEVEE
03:18.000  render           | Fra: 792 | Rendering 1 / 32 samples
03:18.160  render           | Fra: 792 | Rendering 25 / 32 samples
03:18.206  render           | Fra: 792 | Rendering 32 / 32 samples
03:18.236  render           | Video append frame 792
03:18.236  render           | Time: 00:00.30 (Saving: 00:00.01)
03:18.236  render           | Rendering frame 793
03:18.236  render           | Start rendering: MORI_Assembly_Animation, 视图层
03:18.236  render           | Engine: EEVEE
03:18.302  render           | Fra: 793 | Rendering 1 / 32 samples
03:18.459  render           | Fra: 793 | Rendering 25 / 32 samples
03:18.505  render           | Fra: 793 | Rendering 32 / 32 samples
03:18.547  render           | Video append frame 793
03:18.548  render           | Time: 00:00.31 (Saving: 00:00.02)
03:18.548  render           | Rendering frame 794
03:18.548  render           | Start rendering: MORI_Assembly_Animation, 视图层
03:18.548  render           | Engine: EEVEE
03:18.612  render           | Fra: 794 | Rendering 1 / 32 samples
03:18.771  render           | Fra: 794 | Rendering 25 / 32 samples
03:18.815  render           | Fra: 794 | Rendering 32 / 32 samples
03:18.844  render           | Video append frame 794
03:18.844  render           | Time: 00:00.29 (Saving: 00:00.01)
03:18.844  render           | Rendering frame 795
03:18.844  render           | Start rendering: MORI_Assembly_Animation, 视图层
03:18.844  render           | Engine: EEVEE
03:18.904  render           | Fra: 795 | Rendering 1 / 32 samples
03:19.067  render           | Fra: 795 | Rendering 25 / 32 samples
03:19.113  render           | Fra: 795 | Rendering 32 / 32 samples
03:19.178  render           | Video append frame 795
03:19.178  render           | Time: 00:00.33 (Saving: 00:00.05)
03:19.178  render           | Rendering frame 796
03:19.178  render           | Start rendering: MORI_Assembly_Animation, 视图层
03:19.178  render           | Engine: EEVEE
03:19.247  render           | Fra: 796 | Rendering 1 / 32 samples
03:19.412  render           | Fra: 796 | Rendering 25 / 32 samples
03:19.461  render           | Fra: 796 | Rendering 32 / 32 samples
03:19.505  render           | Video append frame 796
03:19.505  render           | Time: 00:00.32 (Saving: 00:00.03)
03:19.505  render           | Rendering frame 797
03:19.506  render           | Start rendering: MORI_Assembly_Animation, 视图层
03:19.506  render           | Engine: EEVEE
03:19.568  render           | Fra: 797 | Rendering 1 / 32 samples
03:19.737  render           | Fra: 797 | Rendering 25 / 32 samples
03:19.785  render           | Fra: 797 | Rendering 32 / 32 samples
03:19.823  render           | Video append frame 797
03:19.823  render           | Time: 00:00.31 (Saving: 00:00.02)
03:19.823  render           | Rendering frame 798
03:19.823  render           | Start rendering: MORI_Assembly_Animation, 视图层
03:19.823  render           | Engine: EEVEE
03:19.890  render           | Fra: 798 | Rendering 1 / 32 samples
03:20.059  render           | Fra: 798 | Rendering 25 / 32 samples
03:20.107  render           | Fra: 798 | Rendering 32 / 32 samples
03:20.150  render           | Video append frame 798
03:20.150  render           | Time: 00:00.32 (Saving: 00:00.03)
03:20.150  render           | Rendering frame 799
03:20.150  render           | Start rendering: MORI_Assembly_Animation, 视图层
03:20.150  render           | Engine: EEVEE
03:20.211  render           | Fra: 799 | Rendering 1 / 32 samples
03:20.375  render           | Fra: 799 | Rendering 25 / 32 samples
03:20.425  render           | Fra: 799 | Rendering 32 / 32 samples
03:20.464  render           | Video append frame 799
03:20.464  render           | Time: 00:00.31 (Saving: 00:00.02)
03:20.464  render           | Rendering frame 800
03:20.464  render           | Start rendering: MORI_Assembly_Animation, 视图层
03:20.464  render           | Engine: EEVEE
03:20.534  render           | Fra: 800 | Rendering 1 / 32 samples
03:20.700  render           | Fra: 800 | Rendering 25 / 32 samples
03:20.746  render           | Fra: 800 | Rendering 32 / 32 samples
03:20.781  render           | Video append frame 800
03:20.781  render           | Time: 00:00.31 (Saving: 00:00.03)
03:20.781  render           | Rendering frame 801
03:20.781  render           | Start rendering: MORI_Assembly_Animation, 视图层
03:20.781  render           | Engine: EEVEE
03:20.848  render           | Fra: 801 | Rendering 1 / 32 samples
03:21.012  render           | Fra: 801 | Rendering 25 / 32 samples
03:21.061  render           | Fra: 801 | Rendering 32 / 32 samples
03:21.103  render           | Video append frame 801
03:21.103  render           | Time: 00:00.32 (Saving: 00:00.02)
03:21.103  render           | Rendering frame 802
03:21.103  render           | Start rendering: MORI_Assembly_Animation, 视图层
03:21.103  render           | Engine: EEVEE
03:21.167  render           | Fra: 802 | Rendering 1 / 32 samples
03:21.326  render           | Fra: 802 | Rendering 25 / 32 samples
03:21.370  render           | Fra: 802 | Rendering 32 / 32 samples
03:21.406  render           | Video append frame 802
03:21.406  render           | Time: 00:00.30 (Saving: 00:00.03)
03:21.406  render           | Rendering frame 803
03:21.406  render           | Start rendering: MORI_Assembly_Animation, 视图层
03:21.406  render           | Engine: EEVEE
03:21.467  render           | Fra: 803 | Rendering 1 / 32 samples
03:21.628  render           | Fra: 803 | Rendering 25 / 32 samples
03:21.674  render           | Fra: 803 | Rendering 32 / 32 samples
03:21.725  render           | Video append frame 803
03:21.725  render           | Time: 00:00.31 (Saving: 00:00.03)
03:21.725  render           | Rendering frame 804
03:21.725  render           | Start rendering: MORI_Assembly_Animation, 视图层
03:21.725  render           | Engine: EEVEE
03:21.792  render           | Fra: 804 | Rendering 1 / 32 samples
03:21.953  render           | Fra: 804 | Rendering 25 / 32 samples
03:22.001  render           | Fra: 804 | Rendering 32 / 32 samples
03:22.027  render           | Video append frame 804
03:22.027  render           | Time: 00:00.30 (Saving: 00:00.02)
03:22.027  render           | Rendering frame 805
03:22.027  render           | Start rendering: MORI_Assembly_Animation, 视图层
03:22.027  render           | Engine: EEVEE
03:22.101  render           | Fra: 805 | Rendering 1 / 32 samples
03:22.259  render           | Fra: 805 | Rendering 25 / 32 samples
03:22.302  render           | Fra: 805 | Rendering 32 / 32 samples
03:22.340  render           | Video append frame 805
03:22.340  render           | Time: 00:00.31 (Saving: 00:00.03)
03:22.340  render           | Rendering frame 806
03:22.340  render           | Start rendering: MORI_Assembly_Animation, 视图层
03:22.340  render           | Engine: EEVEE
03:22.404  render           | Fra: 806 | Rendering 1 / 32 samples
03:22.560  render           | Fra: 806 | Rendering 25 / 32 samples
03:22.605  render           | Fra: 806 | Rendering 32 / 32 samples
03:22.654  render           | Video append frame 806
03:22.654  render           | Time: 00:00.31 (Saving: 00:00.03)
03:22.654  render           | Rendering frame 807
03:22.654  render           | Start rendering: MORI_Assembly_Animation, 视图层
03:22.654  render           | Engine: EEVEE
03:22.724  render           | Fra: 807 | Rendering 1 / 32 samples
03:22.884  render           | Fra: 807 | Rendering 25 / 32 samples
03:22.931  render           | Fra: 807 | Rendering 32 / 32 samples
03:22.957  render           | Video append frame 807
03:22.957  render           | Time: 00:00.30 (Saving: 00:00.02)
03:22.957  render           | Rendering frame 808
03:22.957  render           | Start rendering: MORI_Assembly_Animation, 视图层
03:22.957  render           | Engine: EEVEE
03:23.021  render           | Fra: 808 | Rendering 1 / 32 samples
03:23.186  render           | Fra: 808 | Rendering 25 / 32 samples
03:23.234  render           | Fra: 808 | Rendering 32 / 32 samples
03:23.268  render           | Video append frame 808
03:23.268  render           | Time: 00:00.31 (Saving: 00:00.02)
03:23.268  render           | Rendering frame 809
03:23.268  render           | Start rendering: MORI_Assembly_Animation, 视图层
03:23.268  render           | Engine: EEVEE
03:23.340  render           | Fra: 809 | Rendering 1 / 32 samples
03:23.507  render           | Fra: 809 | Rendering 25 / 32 samples
03:23.552  render           | Fra: 809 | Rendering 32 / 32 samples
03:23.594  render           | Video append frame 809
03:23.594  render           | Time: 00:00.32 (Saving: 00:00.02)
03:23.594  render           | Rendering frame 810
03:23.594  render           | Start rendering: MORI_Assembly_Animation, 视图层
03:23.594  render           | Engine: EEVEE
03:23.661  render           | Fra: 810 | Rendering 1 / 32 samples
03:23.818  render           | Fra: 810 | Rendering 25 / 32 samples
03:23.866  render           | Fra: 810 | Rendering 32 / 32 samples
03:23.903  render           | Video append frame 810
03:23.903  render           | Time: 00:00.30 (Saving: 00:00.03)
03:23.903  render           | Rendering frame 811
03:23.903  render           | Start rendering: MORI_Assembly_Animation, 视图层
03:23.903  render           | Engine: EEVEE
03:23.973  render           | Fra: 811 | Rendering 1 / 32 samples
03:24.131  render           | Fra: 811 | Rendering 25 / 32 samples
03:24.172  render           | Fra: 811 | Rendering 32 / 32 samples
03:24.216  render           | Video append frame 811
03:24.216  render           | Time: 00:00.31 (Saving: 00:00.03)
03:24.216  render           | Rendering frame 812
03:24.217  render           | Start rendering: MORI_Assembly_Animation, 视图层
03:24.217  render           | Engine: EEVEE
03:24.286  render           | Fra: 812 | Rendering 1 / 32 samples
03:24.429  render           | Fra: 812 | Rendering 25 / 32 samples
03:24.470  render           | Fra: 812 | Rendering 32 / 32 samples
03:24.541  render           | Video append frame 812
03:24.541  render           | Time: 00:00.32 (Saving: 00:00.05)
03:24.541  render           | Rendering frame 813
03:24.541  render           | Start rendering: MORI_Assembly_Animation, 视图层
03:24.541  render           | Engine: EEVEE
03:24.632  render           | Fra: 813 | Rendering 1 / 32 samples
03:24.772  render           | Fra: 813 | Rendering 25 / 32 samples
03:24.810  render           | Fra: 813 | Rendering 32 / 32 samples
03:24.849  render           | Video append frame 813
03:24.849  render           | Time: 00:00.30 (Saving: 00:00.02)
03:24.849  render           | Rendering frame 814
03:24.849  render           | Start rendering: MORI_Assembly_Animation, 视图层
03:24.849  render           | Engine: EEVEE
03:24.914  render           | Fra: 814 | Rendering 1 / 32 samples
03:25.060  render           | Fra: 814 | Rendering 25 / 32 samples
03:25.102  render           | Fra: 814 | Rendering 32 / 32 samples
03:25.134  render           | Video append frame 814
03:25.134  render           | Time: 00:00.28 (Saving: 00:00.02)
03:25.134  render           | Rendering frame 815
03:25.134  render           | Start rendering: MORI_Assembly_Animation, 视图层
03:25.134  render           | Engine: EEVEE
03:25.209  render           | Fra: 815 | Rendering 1 / 32 samples
03:25.362  render           | Fra: 815 | Rendering 25 / 32 samples
03:25.405  render           | Fra: 815 | Rendering 32 / 32 samples
03:25.421  render           | Video append frame 815
03:25.421  render           | Time: 00:00.28 (Saving: 00:00.01)
03:25.421  render           | Rendering frame 816
03:25.421  render           | Start rendering: MORI_Assembly_Animation, 视图层
03:25.421  render           | Engine: EEVEE
03:25.496  render           | Fra: 816 | Rendering 1 / 32 samples
03:25.637  render           | Fra: 816 | Rendering 25 / 32 samples
03:25.677  render           | Fra: 816 | Rendering 32 / 32 samples
03:25.692  render           | Video append frame 816
03:25.692  render           | Time: 00:00.27 (Saving: 00:00.01)
03:25.693  render           | Rendering frame 817
03:25.693  render           | Start rendering: MORI_Assembly_Animation, 视图层
03:25.693  render           | Engine: EEVEE
03:25.774  render           | Fra: 817 | Rendering 1 / 32 samples
03:25.919  render           | Fra: 817 | Rendering 25 / 32 samples
03:25.962  render           | Fra: 817 | Rendering 32 / 32 samples
03:25.977  render           | Video append frame 817
03:25.977  render           | Time: 00:00.28 (Saving: 00:00.00)
03:25.977  render           | Rendering frame 818
03:25.977  render           | Start rendering: MORI_Assembly_Animation, 视图层
03:25.977  render           | Engine: EEVEE
03:26.040  render           | Fra: 818 | Rendering 1 / 32 samples
03:26.190  render           | Fra: 818 | Rendering 25 / 32 samples
03:26.232  render           | Fra: 818 | Rendering 32 / 32 samples
03:26.245  render           | Video append frame 818
03:26.245  render           | Time: 00:00.26 (Saving: 00:00.00)
03:26.245  render           | Rendering frame 819
03:26.245  render           | Start rendering: MORI_Assembly_Animation, 视图层
03:26.245  render           | Engine: EEVEE
03:26.371  render           | Fra: 819 | Rendering 1 / 32 samples
03:26.545  render           | Fra: 819 | Rendering 25 / 32 samples
03:26.595  render           | Fra: 819 | Rendering 32 / 32 samples
03:26.611  render           | Video append frame 819
03:26.611  render           | Time: 00:00.36 (Saving: 00:00.01)
03:26.611  render           | Rendering frame 820
03:26.611  render           | Start rendering: MORI_Assembly_Animation, 视图层
03:26.611  render           | Engine: EEVEE
03:26.678  render           | Fra: 820 | Rendering 1 / 32 samples
03:26.846  render           | Fra: 820 | Rendering 25 / 32 samples
03:26.895  render           | Fra: 820 | Rendering 32 / 32 samples
03:26.910  render           | Video append frame 820
03:26.910  render           | Time: 00:00.29 (Saving: 00:00.01)
03:26.910  render           | Rendering frame 821
03:26.910  render           | Start rendering: MORI_Assembly_Animation, 视图层
03:26.910  render           | Engine: EEVEE
03:26.983  render           | Fra: 821 | Rendering 1 / 32 samples
03:27.155  render           | Fra: 821 | Rendering 25 / 32 samples
03:27.202  render           | Fra: 821 | Rendering 32 / 32 samples
03:27.217  render           | Video append frame 821
03:27.217  render           | Time: 00:00.30 (Saving: 00:00.01)
03:27.217  render           | Rendering frame 822
03:27.217  render           | Start rendering: MORI_Assembly_Animation, 视图层
03:27.217  render           | Engine: EEVEE
03:27.299  render           | Fra: 822 | Rendering 1 / 32 samples
03:27.467  render           | Fra: 822 | Rendering 25 / 32 samples
03:27.511  render           | Fra: 822 | Rendering 32 / 32 samples
03:27.529  render           | Video append frame 822
03:27.529  render           | Time: 00:00.31 (Saving: 00:00.01)
03:27.529  render           | Rendering frame 823
03:27.529  render           | Start rendering: MORI_Assembly_Animation, 视图层
03:27.529  render           | Engine: EEVEE
03:27.609  render           | Fra: 823 | Rendering 1 / 32 samples
03:27.773  render           | Fra: 823 | Rendering 25 / 32 samples
03:27.820  render           | Fra: 823 | Rendering 32 / 32 samples
03:27.839  render           | Video append frame 823
03:27.839  render           | Time: 00:00.30 (Saving: 00:00.01)
03:27.839  render           | Rendering frame 824
03:27.839  render           | Start rendering: MORI_Assembly_Animation, 视图层
03:27.839  render           | Engine: EEVEE
03:27.913  render           | Fra: 824 | Rendering 1 / 32 samples
03:28.079  render           | Fra: 824 | Rendering 25 / 32 samples
03:28.128  render           | Fra: 824 | Rendering 32 / 32 samples
03:28.143  render           | Video append frame 824
03:28.143  render           | Time: 00:00.30 (Saving: 00:00.00)
03:28.143  render           | Rendering frame 825
03:28.143  render           | Start rendering: MORI_Assembly_Animation, 视图层
03:28.143  render           | Engine: EEVEE
03:28.217  render           | Fra: 825 | Rendering 1 / 32 samples
03:28.380  render           | Fra: 825 | Rendering 25 / 32 samples
03:28.428  render           | Fra: 825 | Rendering 32 / 32 samples
03:28.444  render           | Video append frame 825
03:28.444  render           | Time: 00:00.30 (Saving: 00:00.01)
03:28.444  render           | Rendering frame 826
03:28.444  render           | Start rendering: MORI_Assembly_Animation, 视图层
03:28.444  render           | Engine: EEVEE
03:28.520  render           | Fra: 826 | Rendering 1 / 32 samples
03:28.684  render           | Fra: 826 | Rendering 25 / 32 samples
03:28.733  render           | Fra: 826 | Rendering 32 / 32 samples
03:28.748  render           | Video append frame 826
03:28.748  render           | Time: 00:00.30 (Saving: 00:00.00)
03:28.748  render           | Rendering frame 827
03:28.748  render           | Start rendering: MORI_Assembly_Animation, 视图层
03:28.748  render           | Engine: EEVEE
03:28.823  render           | Fra: 827 | Rendering 1 / 32 samples
03:28.995  render           | Fra: 827 | Rendering 25 / 32 samples
03:29.041  render           | Fra: 827 | Rendering 32 / 32 samples
03:29.062  render           | Video append frame 827
03:29.062  render           | Time: 00:00.31 (Saving: 00:00.01)
03:29.062  render           | Rendering frame 828
03:29.062  render           | Start rendering: MORI_Assembly_Animation, 视图层
03:29.062  render           | Engine: EEVEE
03:29.135  render           | Fra: 828 | Rendering 1 / 32 samples
03:29.300  render           | Fra: 828 | Rendering 25 / 32 samples
03:29.346  render           | Fra: 828 | Rendering 32 / 32 samples
03:29.364  render           | Video append frame 828
03:29.364  render           | Time: 00:00.30 (Saving: 00:00.01)
03:29.364  render           | Rendering frame 829
03:29.364  render           | Start rendering: MORI_Assembly_Animation, 视图层
03:29.365  render           | Engine: EEVEE
03:29.446  render           | Fra: 829 | Rendering 1 / 32 samples
03:29.616  render           | Fra: 829 | Rendering 25 / 32 samples
03:29.665  render           | Fra: 829 | Rendering 32 / 32 samples
03:29.684  render           | Video append frame 829
03:29.684  render           | Time: 00:00.31 (Saving: 00:00.01)
03:29.684  render           | Rendering frame 830
03:29.684  render           | Start rendering: MORI_Assembly_Animation, 视图层
03:29.684  render           | Engine: EEVEE
03:29.761  render           | Fra: 830 | Rendering 1 / 32 samples
03:29.919  render           | Fra: 830 | Rendering 25 / 32 samples
03:29.967  render           | Fra: 830 | Rendering 32 / 32 samples
03:29.982  render           | Video append frame 830
03:29.982  render           | Time: 00:00.29 (Saving: 00:00.01)
03:29.982  render           | Rendering frame 831
03:29.982  render           | Start rendering: MORI_Assembly_Animation, 视图层
03:29.982  render           | Engine: EEVEE
03:30.044  render           | Fra: 831 | Rendering 1 / 32 samples
03:30.205  render           | Fra: 831 | Rendering 25 / 32 samples
03:30.251  render           | Fra: 831 | Rendering 32 / 32 samples
03:30.266  render           | Video append frame 831
03:30.266  render           | Time: 00:00.28 (Saving: 00:00.00)
03:30.266  render           | Rendering frame 832
03:30.266  render           | Start rendering: MORI_Assembly_Animation, 视图层
03:30.266  render           | Engine: EEVEE
03:30.324  render           | Fra: 832 | Rendering 1 / 32 samples
03:30.482  render           | Fra: 832 | Rendering 25 / 32 samples
03:30.529  render           | Fra: 832 | Rendering 32 / 32 samples
03:30.543  render           | Video append frame 832
03:30.543  render           | Time: 00:00.27 (Saving: 00:00.00)
03:30.543  render           | Rendering frame 833
03:30.544  render           | Start rendering: MORI_Assembly_Animation, 视图层
03:30.544  render           | Engine: EEVEE
03:30.601  render           | Fra: 833 | Rendering 1 / 32 samples
03:30.767  render           | Fra: 833 | Rendering 25 / 32 samples
03:30.811  render           | Fra: 833 | Rendering 32 / 32 samples
03:30.824  render           | Video append frame 833
03:30.824  render           | Time: 00:00.28 (Saving: 00:00.00)
03:30.824  render           | Rendering frame 834
03:30.825  render           | Start rendering: MORI_Assembly_Animation, 视图层
03:30.825  render           | Engine: EEVEE
03:30.877  render           | Fra: 834 | Rendering 1 / 32 samples
03:31.037  render           | Fra: 834 | Rendering 25 / 32 samples
03:31.084  render           | Fra: 834 | Rendering 32 / 32 samples
03:31.098  render           | Video append frame 834
03:31.098  render           | Time: 00:00.27 (Saving: 00:00.00)
03:31.098  render           | Rendering frame 835
03:31.098  render           | Start rendering: MORI_Assembly_Animation, 视图层
03:31.098  render           | Engine: EEVEE
03:31.153  render           | Fra: 835 | Rendering 1 / 32 samples
03:31.312  render           | Fra: 835 | Rendering 25 / 32 samples
03:31.359  render           | Fra: 835 | Rendering 32 / 32 samples
03:31.371  render           | Video append frame 835
03:31.371  render           | Time: 00:00.27 (Saving: 00:00.00)
03:31.371  render           | Rendering frame 836
03:31.371  render           | Start rendering: MORI_Assembly_Animation, 视图层
03:31.371  render           | Engine: EEVEE
03:31.426  render           | Fra: 836 | Rendering 1 / 32 samples
03:31.585  render           | Fra: 836 | Rendering 25 / 32 samples
03:31.633  render           | Fra: 836 | Rendering 32 / 32 samples
03:31.647  render           | Video append frame 836
03:31.647  render           | Time: 00:00.27 (Saving: 00:00.00)
03:31.647  render           | Rendering frame 837
03:31.647  render           | Start rendering: MORI_Assembly_Animation, 视图层
03:31.647  render           | Engine: EEVEE
03:31.707  render           | Fra: 837 | Rendering 1 / 32 samples
03:31.873  render           | Fra: 837 | Rendering 25 / 32 samples
03:31.919  render           | Fra: 837 | Rendering 32 / 32 samples
03:31.933  render           | Video append frame 837
03:31.933  render           | Time: 00:00.28 (Saving: 00:00.00)
03:31.933  render           | Rendering frame 838
03:31.933  render           | Start rendering: MORI_Assembly_Animation, 视图层
03:31.933  render           | Engine: EEVEE
03:31.995  render           | Fra: 838 | Rendering 1 / 32 samples
03:32.151  render           | Fra: 838 | Rendering 25 / 32 samples
03:32.199  render           | Fra: 838 | Rendering 32 / 32 samples
03:32.212  render           | Video append frame 838
03:32.212  render           | Time: 00:00.27 (Saving: 00:00.00)
03:32.212  render           | Rendering frame 839
03:32.212  render           | Start rendering: MORI_Assembly_Animation, 视图层
03:32.212  render           | Engine: EEVEE
03:32.269  render           | Fra: 839 | Rendering 1 / 32 samples
03:32.434  render           | Fra: 839 | Rendering 25 / 32 samples
03:32.479  render           | Fra: 839 | Rendering 32 / 32 samples
03:32.493  render           | Video append frame 839
03:32.493  render           | Time: 00:00.28 (Saving: 00:00.01)
03:32.493  render           | Rendering frame 840
03:32.493  render           | Start rendering: MORI_Assembly_Animation, 视图层
03:32.493  render           | Engine: EEVEE
03:32.553  render           | Fra: 840 | Rendering 1 / 32 samples
03:32.712  render           | Fra: 840 | Rendering 25 / 32 samples
03:32.760  render           | Fra: 840 | Rendering 32 / 32 samples
03:32.775  render           | Video append frame 840
03:32.775  render           | Time: 00:00.28 (Saving: 00:00.00)
03:32.775  render           | Rendering frame 841
03:32.775  render           | Start rendering: MORI_Assembly_Animation, 视图层
03:32.775  render           | Engine: EEVEE
03:32.835  render           | Fra: 841 | Rendering 1 / 32 samples
03:32.993  render           | Fra: 841 | Rendering 25 / 32 samples
03:33.039  render           | Fra: 841 | Rendering 32 / 32 samples
03:33.052  render           | Video append frame 841
03:33.052  render           | Time: 00:00.27 (Saving: 00:00.00)
03:33.052  render           | Rendering frame 842
03:33.053  render           | Start rendering: MORI_Assembly_Animation, 视图层
03:33.053  render           | Engine: EEVEE
03:33.112  render           | Fra: 842 | Rendering 1 / 32 samples
03:33.278  render           | Fra: 842 | Rendering 25 / 32 samples
03:33.327  render           | Fra: 842 | Rendering 32 / 32 samples
03:33.342  render           | Video append frame 842
03:33.342  render           | Time: 00:00.28 (Saving: 00:00.00)
03:33.342  render           | Rendering frame 843
03:33.342  render           | Start rendering: MORI_Assembly_Animation, 视图层
03:33.342  render           | Engine: EEVEE
03:33.407  render           | Fra: 843 | Rendering 1 / 32 samples
03:33.565  render           | Fra: 843 | Rendering 25 / 32 samples
03:33.611  render           | Fra: 843 | Rendering 32 / 32 samples
03:33.628  render           | Video append frame 843
03:33.628  render           | Time: 00:00.28 (Saving: 00:00.01)
03:33.628  render           | Rendering frame 844
03:33.628  render           | Start rendering: MORI_Assembly_Animation, 视图层
03:33.629  render           | Engine: EEVEE
03:33.697  render           | Fra: 844 | Rendering 1 / 32 samples
03:33.851  render           | Fra: 844 | Rendering 25 / 32 samples
03:33.899  render           | Fra: 844 | Rendering 32 / 32 samples
03:33.914  render           | Video append frame 844
03:33.914  render           | Time: 00:00.28 (Saving: 00:00.01)
03:33.914  render           | Rendering frame 845
03:33.914  render           | Start rendering: MORI_Assembly_Animation, 视图层
03:33.914  render           | Engine: EEVEE
03:33.973  render           | Fra: 845 | Rendering 1 / 32 samples
03:34.132  render           | Fra: 845 | Rendering 25 / 32 samples
03:34.178  render           | Fra: 845 | Rendering 32 / 32 samples
03:34.191  render           | Video append frame 845
03:34.191  render           | Time: 00:00.27 (Saving: 00:00.00)
03:34.191  render           | Rendering frame 846
03:34.192  render           | Start rendering: MORI_Assembly_Animation, 视图层
03:34.192  render           | Engine: EEVEE
03:34.257  render           | Fra: 846 | Rendering 1 / 32 samples
03:34.417  render           | Fra: 846 | Rendering 25 / 32 samples
03:34.465  render           | Fra: 846 | Rendering 32 / 32 samples
03:34.478  render           | Video append frame 846
03:34.478  render           | Time: 00:00.28 (Saving: 00:00.00)
03:34.478  render           | Rendering frame 847
03:34.479  render           | Start rendering: MORI_Assembly_Animation, 视图层
03:34.479  render           | Engine: EEVEE
03:34.535  render           | Fra: 847 | Rendering 1 / 32 samples
03:34.692  render           | Fra: 847 | Rendering 25 / 32 samples
03:34.737  render           | Fra: 847 | Rendering 32 / 32 samples
03:34.750  render           | Video append frame 847
03:34.750  render           | Time: 00:00.27 (Saving: 00:00.00)
03:34.750  render           | Rendering frame 848
03:34.750  render           | Start rendering: MORI_Assembly_Animation, 视图层
03:34.750  render           | Engine: EEVEE
03:34.810  render           | Fra: 848 | Rendering 1 / 32 samples
03:34.968  render           | Fra: 848 | Rendering 25 / 32 samples
03:35.012  render           | Fra: 848 | Rendering 32 / 32 samples
03:35.026  render           | Video append frame 848
03:35.026  render           | Time: 00:00.27 (Saving: 00:00.00)
03:35.026  render           | Rendering frame 849
03:35.026  render           | Start rendering: MORI_Assembly_Animation, 视图层
03:35.026  render           | Engine: EEVEE
03:35.085  render           | Fra: 849 | Rendering 1 / 32 samples
03:35.249  render           | Fra: 849 | Rendering 25 / 32 samples
03:35.295  render           | Fra: 849 | Rendering 32 / 32 samples
03:35.309  render           | Video append frame 849
03:35.309  render           | Time: 00:00.28 (Saving: 00:00.00)
03:35.309  render           | Rendering frame 850
03:35.309  render           | Start rendering: MORI_Assembly_Animation, 视图层
03:35.309  render           | Engine: EEVEE
03:35.370  render           | Fra: 850 | Rendering 1 / 32 samples
03:35.534  render           | Fra: 850 | Rendering 25 / 32 samples
03:35.579  render           | Fra: 850 | Rendering 32 / 32 samples
03:35.593  render           | Video append frame 850
03:35.594  render           | Time: 00:00.28 (Saving: 00:00.01)
03:35.594  render           | Rendering frame 851
03:35.594  render           | Start rendering: MORI_Assembly_Animation, 视图层
03:35.594  render           | Engine: EEVEE
03:35.656  render           | Fra: 851 | Rendering 1 / 32 samples
03:35.813  render           | Fra: 851 | Rendering 25 / 32 samples
03:35.860  render           | Fra: 851 | Rendering 32 / 32 samples
03:35.874  render           | Video append frame 851
03:35.874  render           | Time: 00:00.27 (Saving: 00:00.00)
03:35.874  render           | Rendering frame 852
03:35.874  render           | Start rendering: MORI_Assembly_Animation, 视图层
03:35.874  render           | Engine: EEVEE
03:35.935  render           | Fra: 852 | Rendering 1 / 32 samples
03:36.086  render           | Fra: 852 | Rendering 25 / 32 samples
03:36.132  render           | Fra: 852 | Rendering 32 / 32 samples
03:36.145  render           | Video append frame 852
03:36.145  render           | Time: 00:00.27 (Saving: 00:00.00)
03:36.145  render           | Rendering frame 853
03:36.145  render           | Start rendering: MORI_Assembly_Animation, 视图层
03:36.145  render           | Engine: EEVEE
03:36.205  render           | Fra: 853 | Rendering 1 / 32 samples
03:36.359  render           | Fra: 853 | Rendering 25 / 32 samples
03:36.405  render           | Fra: 853 | Rendering 32 / 32 samples
03:36.419  render           | Video append frame 853
03:36.419  render           | Time: 00:00.27 (Saving: 00:00.00)
03:36.419  render           | Rendering frame 854
03:36.419  render           | Start rendering: MORI_Assembly_Animation, 视图层
03:36.419  render           | Engine: EEVEE
03:36.475  render           | Fra: 854 | Rendering 1 / 32 samples
03:36.632  render           | Fra: 854 | Rendering 25 / 32 samples
03:36.678  render           | Fra: 854 | Rendering 32 / 32 samples
03:36.692  render           | Video append frame 854
03:36.692  render           | Time: 00:00.27 (Saving: 00:00.00)
03:36.692  render           | Rendering frame 855
03:36.692  render           | Start rendering: MORI_Assembly_Animation, 视图层
03:36.692  render           | Engine: EEVEE
03:36.752  render           | Fra: 855 | Rendering 1 / 32 samples
03:36.911  render           | Fra: 855 | Rendering 25 / 32 samples
03:36.959  render           | Fra: 855 | Rendering 32 / 32 samples
03:36.972  render           | Video append frame 855
03:36.972  render           | Time: 00:00.28 (Saving: 00:00.00)
03:36.972  render           | Rendering frame 856
03:36.972  render           | Start rendering: MORI_Assembly_Animation, 视图层
03:36.972  render           | Engine: EEVEE
03:37.033  render           | Fra: 856 | Rendering 1 / 32 samples
03:37.187  render           | Fra: 856 | Rendering 25 / 32 samples
03:37.232  render           | Fra: 856 | Rendering 32 / 32 samples
03:37.246  render           | Video append frame 856
03:37.246  render           | Time: 00:00.27 (Saving: 00:00.00)
03:37.246  render           | Rendering frame 857
03:37.246  render           | Start rendering: MORI_Assembly_Animation, 视图层
03:37.246  render           | Engine: EEVEE
03:37.305  render           | Fra: 857 | Rendering 1 / 32 samples
03:37.464  render           | Fra: 857 | Rendering 25 / 32 samples
03:37.507  render           | Fra: 857 | Rendering 32 / 32 samples
03:37.519  render           | Video append frame 857
03:37.519  render           | Time: 00:00.27 (Saving: 00:00.00)
03:37.519  render           | Rendering frame 858
03:37.520  render           | Start rendering: MORI_Assembly_Animation, 视图层
03:37.520  render           | Engine: EEVEE
03:37.577  render           | Fra: 858 | Rendering 1 / 32 samples
03:37.734  render           | Fra: 858 | Rendering 25 / 32 samples
03:37.780  render           | Fra: 858 | Rendering 32 / 32 samples
03:37.803  render           | Video append frame 858
03:37.803  render           | Time: 00:00.28 (Saving: 00:00.00)
03:37.803  render           | Rendering frame 859
03:37.803  render           | Start rendering: MORI_Assembly_Animation, 视图层
03:37.803  render           | Engine: EEVEE
03:37.861  render           | Fra: 859 | Rendering 1 / 32 samples
03:38.017  render           | Fra: 859 | Rendering 25 / 32 samples
03:38.065  render           | Fra: 859 | Rendering 32 / 32 samples
03:38.078  render           | Video append frame 859
03:38.080  render           | Time: 00:00.27 (Saving: 00:00.01)
03:38.080  render           | Rendering frame 860
03:38.080  render           | Start rendering: MORI_Assembly_Animation, 视图层
03:38.080  render           | Engine: EEVEE
03:38.135  render           | Fra: 860 | Rendering 1 / 32 samples
03:38.293  render           | Fra: 860 | Rendering 25 / 32 samples
03:38.339  render           | Fra: 860 | Rendering 32 / 32 samples
03:38.355  render           | Video append frame 860
03:38.355  render           | Time: 00:00.27 (Saving: 00:00.01)
03:38.355  render           | Rendering frame 861
03:38.355  render           | Start rendering: MORI_Assembly_Animation, 视图层
03:38.355  render           | Engine: EEVEE
03:38.413  render           | Fra: 861 | Rendering 1 / 32 samples
03:38.565  render           | Fra: 861 | Rendering 25 / 32 samples
03:38.611  render           | Fra: 861 | Rendering 32 / 32 samples
03:38.625  render           | Video append frame 861
03:38.625  render           | Time: 00:00.27 (Saving: 00:00.00)
03:38.625  render           | Rendering frame 862
03:38.626  render           | Start rendering: MORI_Assembly_Animation, 视图层
03:38.626  render           | Engine: EEVEE
03:38.677  render           | Fra: 862 | Rendering 1 / 32 samples
03:38.829  render           | Fra: 862 | Rendering 25 / 32 samples
03:38.872  render           | Fra: 862 | Rendering 32 / 32 samples
03:38.888  render           | Video append frame 862
03:38.888  render           | Time: 00:00.26 (Saving: 00:00.01)
03:38.888  render           | Rendering frame 863
03:38.888  render           | Start rendering: MORI_Assembly_Animation, 视图层
03:38.888  render           | Engine: EEVEE
03:38.940  render           | Fra: 863 | Rendering 1 / 32 samples
03:39.092  render           | Fra: 863 | Rendering 25 / 32 samples
03:39.139  render           | Fra: 863 | Rendering 32 / 32 samples
03:39.157  render           | Video append frame 863
03:39.157  render           | Time: 00:00.26 (Saving: 00:00.01)
03:39.157  render           | Rendering frame 864
03:39.157  render           | Start rendering: MORI_Assembly_Animation, 视图层
03:39.157  render           | Engine: EEVEE
03:39.209  render           | Fra: 864 | Rendering 1 / 32 samples
03:39.371  render           | Fra: 864 | Rendering 25 / 32 samples
03:39.414  render           | Fra: 864 | Rendering 32 / 32 samples
03:39.453  render           | Video append frame 864
03:39.453  render           | Time: 00:00.29 (Saving: 00:00.03)
03:39.453  render           | Rendering frame 865
03:39.453  render           | Start rendering: MORI_Assembly_Animation, 视图层
03:39.454  render           | Engine: EEVEE
03:39.504  render           | Fra: 865 | Rendering 1 / 32 samples
03:39.666  render           | Fra: 865 | Rendering 25 / 32 samples
03:39.716  render           | Fra: 865 | Rendering 32 / 32 samples
03:39.740  render           | Video append frame 865
03:39.740  render           | Time: 00:00.28 (Saving: 00:00.01)
03:39.740  render           | Rendering frame 866
03:39.741  render           | Start rendering: MORI_Assembly_Animation, 视图层
03:39.741  render           | Engine: EEVEE
03:39.800  render           | Fra: 866 | Rendering 1 / 32 samples
03:39.960  render           | Fra: 866 | Rendering 25 / 32 samples
03:40.009  render           | Fra: 866 | Rendering 32 / 32 samples
03:40.035  render           | Video append frame 866
03:40.035  render           | Time: 00:00.29 (Saving: 00:00.01)
03:40.035  render           | Rendering frame 867
03:40.035  render           | Start rendering: MORI_Assembly_Animation, 视图层
03:40.035  render           | Engine: EEVEE
03:40.088  render           | Fra: 867 | Rendering 1 / 32 samples
03:40.248  render           | Fra: 867 | Rendering 25 / 32 samples
03:40.301  render           | Fra: 867 | Rendering 32 / 32 samples
03:40.324  render           | Video append frame 867
03:40.324  render           | Time: 00:00.28 (Saving: 00:00.01)
03:40.324  render           | Rendering frame 868
03:40.324  render           | Start rendering: MORI_Assembly_Animation, 视图层
03:40.324  render           | Engine: EEVEE
03:40.375  render           | Fra: 868 | Rendering 1 / 32 samples
03:40.534  render           | Fra: 868 | Rendering 25 / 32 samples
03:40.586  render           | Fra: 868 | Rendering 32 / 32 samples
03:40.612  render           | Video append frame 868
03:40.612  render           | Time: 00:00.28 (Saving: 00:00.01)
03:40.612  render           | Rendering frame 869
03:40.612  render           | Start rendering: MORI_Assembly_Animation, 视图层
03:40.612  render           | Engine: EEVEE
03:40.666  render           | Fra: 869 | Rendering 1 / 32 samples
03:40.827  render           | Fra: 869 | Rendering 25 / 32 samples
03:40.875  render           | Fra: 869 | Rendering 32 / 32 samples
03:40.898  render           | Video append frame 869
03:40.898  render           | Time: 00:00.28 (Saving: 00:00.01)
03:40.898  render           | Rendering frame 870
03:40.898  render           | Start rendering: MORI_Assembly_Animation, 视图层
03:40.898  render           | Engine: EEVEE
03:40.947  render           | Fra: 870 | Rendering 1 / 32 samples
03:41.104  render           | Fra: 870 | Rendering 25 / 32 samples
03:41.147  render           | Fra: 870 | Rendering 32 / 32 samples
03:41.162  render           | Video append frame 870
03:41.162  render           | Time: 00:00.26 (Saving: 00:00.00)
03:41.162  render           | Rendering frame 871
03:41.162  render           | Start rendering: MORI_Assembly_Animation, 视图层
03:41.162  render           | Engine: EEVEE
03:41.212  render           | Fra: 871 | Rendering 1 / 32 samples
03:41.365  render           | Fra: 871 | Rendering 25 / 32 samples
03:41.412  render           | Fra: 871 | Rendering 32 / 32 samples
03:41.431  render           | Video append frame 871
03:41.431  render           | Time: 00:00.26 (Saving: 00:00.01)
03:41.431  render           | Rendering frame 872
03:41.431  render           | Start rendering: MORI_Assembly_Animation, 视图层
03:41.431  render           | Engine: EEVEE
03:41.486  render           | Fra: 872 | Rendering 1 / 32 samples
03:41.643  render           | Fra: 872 | Rendering 25 / 32 samples
03:41.692  render           | Fra: 872 | Rendering 32 / 32 samples
03:41.717  render           | Video append frame 872
03:41.717  render           | Time: 00:00.28 (Saving: 00:00.01)
03:41.717  render           | Rendering frame 873
03:41.717  render           | Start rendering: MORI_Assembly_Animation, 视图层
03:41.717  render           | Engine: EEVEE
03:41.771  render           | Fra: 873 | Rendering 1 / 32 samples
03:41.927  render           | Fra: 873 | Rendering 25 / 32 samples
03:41.973  render           | Fra: 873 | Rendering 32 / 32 samples
03:41.995  render           | Video append frame 873
03:41.995  render           | Time: 00:00.27 (Saving: 00:00.01)
03:41.995  render           | Rendering frame 874
03:41.996  render           | Start rendering: MORI_Assembly_Animation, 视图层
03:41.996  render           | Engine: EEVEE
03:42.048  render           | Fra: 874 | Rendering 1 / 32 samples
03:42.208  render           | Fra: 874 | Rendering 25 / 32 samples
03:42.250  render           | Fra: 874 | Rendering 32 / 32 samples
03:42.270  render           | Video append frame 874
03:42.270  render           | Time: 00:00.27 (Saving: 00:00.01)
03:42.270  render           | Rendering frame 875
03:42.271  render           | Start rendering: MORI_Assembly_Animation, 视图层
03:42.271  render           | Engine: EEVEE
03:42.324  render           | Fra: 875 | Rendering 1 / 32 samples
03:42.479  render           | Fra: 875 | Rendering 25 / 32 samples
03:42.527  render           | Fra: 875 | Rendering 32 / 32 samples
03:42.544  render           | Video append frame 875
03:42.544  render           | Time: 00:00.27 (Saving: 00:00.01)
03:42.544  render           | Rendering frame 876
03:42.544  render           | Start rendering: MORI_Assembly_Animation, 视图层
03:42.544  render           | Engine: EEVEE
03:42.596  render           | Fra: 876 | Rendering 1 / 32 samples
03:42.747  render           | Fra: 876 | Rendering 25 / 32 samples
03:42.794  render           | Fra: 876 | Rendering 32 / 32 samples
03:42.812  render           | Video append frame 876
03:42.812  render           | Time: 00:00.26 (Saving: 00:00.01)
03:42.812  render           | Rendering frame 877
03:42.813  render           | Start rendering: MORI_Assembly_Animation, 视图层
03:42.813  render           | Engine: EEVEE
03:42.865  render           | Fra: 877 | Rendering 1 / 32 samples
03:43.013  render           | Fra: 877 | Rendering 25 / 32 samples
03:43.059  render           | Fra: 877 | Rendering 32 / 32 samples
03:43.077  render           | Video append frame 877
03:43.077  render           | Time: 00:00.26 (Saving: 00:00.01)
03:43.077  render           | Rendering frame 878
03:43.078  render           | Start rendering: MORI_Assembly_Animation, 视图层
03:43.078  render           | Engine: EEVEE
03:43.131  render           | Fra: 878 | Rendering 1 / 32 samples
03:43.283  render           | Fra: 878 | Rendering 25 / 32 samples
03:43.329  render           | Fra: 878 | Rendering 32 / 32 samples
03:43.349  render           | Video append frame 878
03:43.349  render           | Time: 00:00.27 (Saving: 00:00.01)
03:43.349  render           | Rendering frame 879
03:43.349  render           | Start rendering: MORI_Assembly_Animation, 视图层
03:43.349  render           | Engine: EEVEE
03:43.402  render           | Fra: 879 | Rendering 1 / 32 samples
03:43.551  render           | Fra: 879 | Rendering 25 / 32 samples
03:43.599  render           | Fra: 879 | Rendering 32 / 32 samples
03:43.618  render           | Video append frame 879
03:43.618  render           | Time: 00:00.26 (Saving: 00:00.01)
03:43.618  render           | Rendering frame 880
03:43.618  render           | Start rendering: MORI_Assembly_Animation, 视图层
03:43.618  render           | Engine: EEVEE
03:43.670  render           | Fra: 880 | Rendering 1 / 32 samples
03:43.826  render           | Fra: 880 | Rendering 25 / 32 samples
03:43.870  render           | Fra: 880 | Rendering 32 / 32 samples
03:43.888  render           | Video append frame 880
03:43.888  render           | Time: 00:00.26 (Saving: 00:00.01)
03:43.888  render           | Rendering frame 881
03:43.888  render           | Start rendering: MORI_Assembly_Animation, 视图层
03:43.888  render           | Engine: EEVEE
03:43.939  render           | Fra: 881 | Rendering 1 / 32 samples
03:44.093  render           | Fra: 881 | Rendering 25 / 32 samples
03:44.138  render           | Fra: 881 | Rendering 32 / 32 samples
03:44.160  render           | Video append frame 881
03:44.160  render           | Time: 00:00.27 (Saving: 00:00.01)
03:44.160  render           | Rendering frame 882
03:44.160  render           | Start rendering: MORI_Assembly_Animation, 视图层
03:44.160  render           | Engine: EEVEE
03:44.212  render           | Fra: 882 | Rendering 1 / 32 samples
03:44.370  render           | Fra: 882 | Rendering 25 / 32 samples
03:44.416  render           | Fra: 882 | Rendering 32 / 32 samples
03:44.440  render           | Video append frame 882
03:44.440  render           | Time: 00:00.28 (Saving: 00:00.01)
03:44.440  render           | Rendering frame 883
03:44.441  render           | Start rendering: MORI_Assembly_Animation, 视图层
03:44.441  render           | Engine: EEVEE
03:44.493  render           | Fra: 883 | Rendering 1 / 32 samples
03:44.645  render           | Fra: 883 | Rendering 25 / 32 samples
03:44.692  render           | Fra: 883 | Rendering 32 / 32 samples
03:44.712  render           | Video append frame 883
03:44.712  render           | Time: 00:00.27 (Saving: 00:00.01)
03:44.712  render           | Rendering frame 884
03:44.712  render           | Start rendering: MORI_Assembly_Animation, 视图层
03:44.712  render           | Engine: EEVEE
03:44.764  render           | Fra: 884 | Rendering 1 / 32 samples
03:44.914  render           | Fra: 884 | Rendering 25 / 32 samples
03:44.959  render           | Fra: 884 | Rendering 32 / 32 samples
03:44.978  render           | Video append frame 884
03:44.978  render           | Time: 00:00.26 (Saving: 00:00.01)
03:44.978  render           | Rendering frame 885
03:44.978  render           | Start rendering: MORI_Assembly_Animation, 视图层
03:44.978  render           | Engine: EEVEE
03:45.029  render           | Fra: 885 | Rendering 1 / 32 samples
03:45.179  render           | Fra: 885 | Rendering 25 / 32 samples
03:45.226  render           | Fra: 885 | Rendering 32 / 32 samples
03:45.245  render           | Video append frame 885
03:45.245  render           | Time: 00:00.26 (Saving: 00:00.01)
03:45.245  render           | Rendering frame 886
03:45.246  render           | Start rendering: MORI_Assembly_Animation, 视图层
03:45.246  render           | Engine: EEVEE
03:45.299  render           | Fra: 886 | Rendering 1 / 32 samples
03:45.459  render           | Fra: 886 | Rendering 25 / 32 samples
03:45.505  render           | Fra: 886 | Rendering 32 / 32 samples
03:45.524  render           | Video append frame 886
03:45.524  render           | Time: 00:00.27 (Saving: 00:00.01)
03:45.524  render           | Rendering frame 887
03:45.524  render           | Start rendering: MORI_Assembly_Animation, 视图层
03:45.524  render           | Engine: EEVEE
03:45.574  render           | Fra: 887 | Rendering 1 / 32 samples
03:45.727  render           | Fra: 887 | Rendering 25 / 32 samples
03:45.772  render           | Fra: 887 | Rendering 32 / 32 samples
03:45.790  render           | Video append frame 887
03:45.790  render           | Time: 00:00.26 (Saving: 00:00.01)
03:45.790  render           | Rendering frame 888
03:45.791  render           | Start rendering: MORI_Assembly_Animation, 视图层
03:45.791  render           | Engine: EEVEE
03:45.841  render           | Fra: 888 | Rendering 1 / 32 samples
03:45.994  render           | Fra: 888 | Rendering 25 / 32 samples
03:46.038  render           | Fra: 888 | Rendering 32 / 32 samples
03:46.057  render           | Video append frame 888
03:46.057  render           | Time: 00:00.26 (Saving: 00:00.01)
03:46.057  render           | Rendering frame 889
03:46.057  render           | Start rendering: MORI_Assembly_Animation, 视图层
03:46.057  render           | Engine: EEVEE
03:46.107  render           | Fra: 889 | Rendering 1 / 32 samples
03:46.261  render           | Fra: 889 | Rendering 25 / 32 samples
03:46.305  render           | Fra: 889 | Rendering 32 / 32 samples
03:46.324  render           | Video append frame 889
03:46.324  render           | Time: 00:00.26 (Saving: 00:00.01)
03:46.324  render           | Rendering frame 890
03:46.325  render           | Start rendering: MORI_Assembly_Animation, 视图层
03:46.325  render           | Engine: EEVEE
03:46.376  render           | Fra: 890 | Rendering 1 / 32 samples
03:46.528  render           | Fra: 890 | Rendering 25 / 32 samples
03:46.573  render           | Fra: 890 | Rendering 32 / 32 samples
03:46.591  render           | Video append frame 890
03:46.591  render           | Time: 00:00.26 (Saving: 00:00.01)
03:46.591  render           | Rendering frame 891
03:46.591  render           | Start rendering: MORI_Assembly_Animation, 视图层
03:46.591  render           | Engine: EEVEE
03:46.642  render           | Fra: 891 | Rendering 1 / 32 samples
03:46.793  render           | Fra: 891 | Rendering 25 / 32 samples
03:46.838  render           | Fra: 891 | Rendering 32 / 32 samples
03:46.857  render           | Video append frame 891
03:46.858  render           | Time: 00:00.26 (Saving: 00:00.01)
03:46.858  render           | Rendering frame 892
03:46.858  render           | Start rendering: MORI_Assembly_Animation, 视图层
03:46.858  render           | Engine: EEVEE
03:46.910  render           | Fra: 892 | Rendering 1 / 32 samples
03:47.059  render           | Fra: 892 | Rendering 25 / 32 samples
03:47.102  render           | Fra: 892 | Rendering 32 / 32 samples
03:47.120  render           | Video append frame 892
03:47.120  render           | Time: 00:00.26 (Saving: 00:00.01)
03:47.120  render           | Rendering frame 893
03:47.120  render           | Start rendering: MORI_Assembly_Animation, 视图层
03:47.120  render           | Engine: EEVEE
03:47.170  render           | Fra: 893 | Rendering 1 / 32 samples
03:47.322  render           | Fra: 893 | Rendering 25 / 32 samples
03:47.367  render           | Fra: 893 | Rendering 32 / 32 samples
03:47.386  render           | Video append frame 893
03:47.386  render           | Time: 00:00.26 (Saving: 00:00.01)
03:47.386  render           | Rendering frame 894
03:47.386  render           | Start rendering: MORI_Assembly_Animation, 视图层
03:47.386  render           | Engine: EEVEE
03:47.438  render           | Fra: 894 | Rendering 1 / 32 samples
03:47.593  render           | Fra: 894 | Rendering 25 / 32 samples
03:47.638  render           | Fra: 894 | Rendering 32 / 32 samples
03:47.657  render           | Video append frame 894
03:47.657  render           | Time: 00:00.27 (Saving: 00:00.01)
03:47.657  render           | Rendering frame 895
03:47.657  render           | Start rendering: MORI_Assembly_Animation, 视图层
03:47.657  render           | Engine: EEVEE
03:47.714  render           | Fra: 895 | Rendering 1 / 32 samples
03:47.871  render           | Fra: 895 | Rendering 25 / 32 samples
03:47.913  render           | Fra: 895 | Rendering 32 / 32 samples
03:47.931  render           | Video append frame 895
03:47.931  render           | Time: 00:00.27 (Saving: 00:00.01)
03:47.931  render           | Rendering frame 896
03:47.931  render           | Start rendering: MORI_Assembly_Animation, 视图层
03:47.931  render           | Engine: EEVEE
03:47.981  render           | Fra: 896 | Rendering 1 / 32 samples
03:48.140  render           | Fra: 896 | Rendering 25 / 32 samples
03:48.184  render           | Fra: 896 | Rendering 32 / 32 samples
03:48.207  render           | Video append frame 896
03:48.207  render           | Time: 00:00.27 (Saving: 00:00.01)
03:48.207  render           | Rendering frame 897
03:48.207  render           | Start rendering: MORI_Assembly_Animation, 视图层
03:48.207  render           | Engine: EEVEE
03:48.263  render           | Fra: 897 | Rendering 1 / 32 samples
03:48.416  render           | Fra: 897 | Rendering 25 / 32 samples
03:48.465  render           | Fra: 897 | Rendering 32 / 32 samples
03:48.487  render           | Video append frame 897
03:48.487  render           | Time: 00:00.27 (Saving: 00:00.01)
03:48.487  render           | Rendering frame 898
03:48.487  render           | Start rendering: MORI_Assembly_Animation, 视图层
03:48.487  render           | Engine: EEVEE
03:48.537  render           | Fra: 898 | Rendering 1 / 32 samples
03:48.693  render           | Fra: 898 | Rendering 25 / 32 samples
03:48.739  render           | Fra: 898 | Rendering 32 / 32 samples
03:48.762  render           | Video append frame 898
03:48.762  render           | Time: 00:00.27 (Saving: 00:00.01)
03:48.762  render           | Rendering frame 899
03:48.762  render           | Start rendering: MORI_Assembly_Animation, 视图层
03:48.762  render           | Engine: EEVEE
03:48.813  render           | Fra: 899 | Rendering 1 / 32 samples
03:48.970  render           | Fra: 899 | Rendering 25 / 32 samples
03:49.012  render           | Fra: 899 | Rendering 32 / 32 samples
03:49.032  render           | Video append frame 899
03:49.032  render           | Time: 00:00.26 (Saving: 00:00.01)
03:49.032  render           | Rendering frame 900
03:49.032  render           | Start rendering: MORI_Assembly_Animation, 视图层
03:49.032  render           | Engine: EEVEE
03:49.084  render           | Fra: 900 | Rendering 1 / 32 samples
03:49.241  render           | Fra: 900 | Rendering 25 / 32 samples
03:49.284  render           | Fra: 900 | Rendering 32 / 32 samples
03:49.311  render           | Video append frame 900
03:49.311  render           | Time: 00:00.27 (Saving: 00:00.01)
03:49.311  render           | Rendering frame 901
03:49.311  render           | Start rendering: MORI_Assembly_Animation, 视图层
03:49.311  render           | Engine: EEVEE
03:49.365  render           | Fra: 901 | Rendering 1 / 32 samples
03:49.512  render           | Fra: 901 | Rendering 25 / 32 samples
03:49.558  render           | Fra: 901 | Rendering 32 / 32 samples
03:49.579  render           | Video append frame 901
03:49.579  render           | Time: 00:00.26 (Saving: 00:00.01)
03:49.579  render           | Rendering frame 902
03:49.579  render           | Start rendering: MORI_Assembly_Animation, 视图层
03:49.579  render           | Engine: EEVEE
03:49.633  render           | Fra: 902 | Rendering 1 / 32 samples
03:49.782  render           | Fra: 902 | Rendering 25 / 32 samples
03:49.833  render           | Fra: 902 | Rendering 32 / 32 samples
03:49.853  render           | Video append frame 902
03:49.853  render           | Time: 00:00.27 (Saving: 00:00.01)
03:49.853  render           | Rendering frame 903
03:49.853  render           | Start rendering: MORI_Assembly_Animation, 视图层
03:49.853  render           | Engine: EEVEE
03:49.904  render           | Fra: 903 | Rendering 1 / 32 samples
03:50.062  render           | Fra: 903 | Rendering 25 / 32 samples
03:50.106  render           | Fra: 903 | Rendering 32 / 32 samples
03:50.124  render           | Video append frame 903
03:50.124  render           | Time: 00:00.27 (Saving: 00:00.01)
03:50.124  render           | Rendering frame 904
03:50.124  render           | Start rendering: MORI_Assembly_Animation, 视图层
03:50.124  render           | Engine: EEVEE
03:50.176  render           | Fra: 904 | Rendering 1 / 32 samples
03:50.330  render           | Fra: 904 | Rendering 25 / 32 samples
03:50.375  render           | Fra: 904 | Rendering 32 / 32 samples
03:50.397  render           | Video append frame 904
03:50.397  render           | Time: 00:00.27 (Saving: 00:00.01)
03:50.397  render           | Rendering frame 905
03:50.398  render           | Start rendering: MORI_Assembly_Animation, 视图层
03:50.398  render           | Engine: EEVEE
03:50.448  render           | Fra: 905 | Rendering 1 / 32 samples
03:50.606  render           | Fra: 905 | Rendering 25 / 32 samples
03:50.651  render           | Fra: 905 | Rendering 32 / 32 samples
03:50.671  render           | Video append frame 905
03:50.671  render           | Time: 00:00.27 (Saving: 00:00.01)
03:50.671  render           | Rendering frame 906
03:50.671  render           | Start rendering: MORI_Assembly_Animation, 视图层
03:50.671  render           | Engine: EEVEE
03:50.723  render           | Fra: 906 | Rendering 1 / 32 samples
03:50.880  render           | Fra: 906 | Rendering 25 / 32 samples
03:50.927  render           | Fra: 906 | Rendering 32 / 32 samples
03:50.946  render           | Video append frame 906
03:50.946  render           | Time: 00:00.27 (Saving: 00:00.01)
03:50.946  render           | Rendering frame 907
03:50.947  render           | Start rendering: MORI_Assembly_Animation, 视图层
03:50.947  render           | Engine: EEVEE
03:51.001  render           | Fra: 907 | Rendering 1 / 32 samples
03:51.151  render           | Fra: 907 | Rendering 25 / 32 samples
03:51.200  render           | Fra: 907 | Rendering 32 / 32 samples
03:51.220  render           | Video append frame 907
03:51.220  render           | Time: 00:00.27 (Saving: 00:00.01)
03:51.220  render           | Rendering frame 908
03:51.220  render           | Start rendering: MORI_Assembly_Animation, 视图层
03:51.220  render           | Engine: EEVEE
03:51.271  render           | Fra: 908 | Rendering 1 / 32 samples
03:51.427  render           | Fra: 908 | Rendering 25 / 32 samples
03:51.472  render           | Fra: 908 | Rendering 32 / 32 samples
03:51.490  render           | Video append frame 908
03:51.490  render           | Time: 00:00.27 (Saving: 00:00.01)
03:51.490  render           | Rendering frame 909
03:51.491  render           | Start rendering: MORI_Assembly_Animation, 视图层
03:51.491  render           | Engine: EEVEE
03:51.547  render           | Fra: 909 | Rendering 1 / 32 samples
03:51.708  render           | Fra: 909 | Rendering 25 / 32 samples
03:51.755  render           | Fra: 909 | Rendering 32 / 32 samples
03:51.769  render           | Video append frame 909
03:51.769  render           | Time: 00:00.27 (Saving: 00:00.00)
03:51.769  render           | Rendering frame 910
03:51.769  render           | Start rendering: MORI_Assembly_Animation, 视图层
03:51.769  render           | Engine: EEVEE
03:51.820  render           | Fra: 910 | Rendering 1 / 32 samples
03:51.979  render           | Fra: 910 | Rendering 25 / 32 samples
03:52.030  render           | Fra: 910 | Rendering 32 / 32 samples
03:52.049  render           | Video append frame 910
03:52.049  render           | Time: 00:00.27 (Saving: 00:00.01)
03:52.049  render           | Rendering frame 911
03:52.050  render           | Start rendering: MORI_Assembly_Animation, 视图层
03:52.050  render           | Engine: EEVEE
03:52.104  render           | Fra: 911 | Rendering 1 / 32 samples
03:52.264  render           | Fra: 911 | Rendering 25 / 32 samples
03:52.315  render           | Fra: 911 | Rendering 32 / 32 samples
03:52.335  render           | Video append frame 911
03:52.335  render           | Time: 00:00.28 (Saving: 00:00.01)
03:52.335  render           | Rendering frame 912
03:52.335  render           | Start rendering: MORI_Assembly_Animation, 视图层
03:52.335  render           | Engine: EEVEE
03:52.388  render           | Fra: 912 | Rendering 1 / 32 samples
03:52.548  render           | Fra: 912 | Rendering 25 / 32 samples
03:52.601  render           | Fra: 912 | Rendering 32 / 32 samples
03:52.630  render           | Video append frame 912
03:52.630  render           | Time: 00:00.29 (Saving: 00:00.02)
03:52.630  render           | Rendering frame 913
03:52.630  render           | Start rendering: MORI_Assembly_Animation, 视图层
03:52.630  render           | Engine: EEVEE
03:52.678  render           | Fra: 913 | Rendering 1 / 32 samples
03:52.840  render           | Fra: 913 | Rendering 25 / 32 samples
03:52.887  render           | Fra: 913 | Rendering 32 / 32 samples
03:52.909  render           | Video append frame 913
03:52.910  render           | Time: 00:00.27 (Saving: 00:00.01)
03:52.910  render           | Rendering frame 914
03:52.910  render           | Start rendering: MORI_Assembly_Animation, 视图层
03:52.910  render           | Engine: EEVEE
03:52.967  render           | Fra: 914 | Rendering 1 / 32 samples
03:53.128  render           | Fra: 914 | Rendering 25 / 32 samples
03:53.175  render           | Fra: 914 | Rendering 32 / 32 samples
03:53.190  render           | Video append frame 914
03:53.190  render           | Time: 00:00.28 (Saving: 00:00.00)
03:53.190  render           | Rendering frame 915
03:53.191  render           | Start rendering: MORI_Assembly_Animation, 视图层
03:53.191  render           | Engine: EEVEE
03:53.243  render           | Fra: 915 | Rendering 1 / 32 samples
03:53.406  render           | Fra: 915 | Rendering 25 / 32 samples
03:53.457  render           | Fra: 915 | Rendering 32 / 32 samples
03:53.476  render           | Video append frame 915
03:53.476  render           | Time: 00:00.28 (Saving: 00:00.01)
03:53.476  render           | Rendering frame 916
03:53.477  render           | Start rendering: MORI_Assembly_Animation, 视图层
03:53.477  render           | Engine: EEVEE
03:53.544  render           | Fra: 916 | Rendering 1 / 32 samples
03:53.811  render           | Fra: 916 | Rendering 25 / 32 samples
03:53.888  render           | Fra: 916 | Rendering 32 / 32 samples
03:53.910  render           | Video append frame 916
03:53.910  render           | Time: 00:00.43 (Saving: 00:00.01)
03:53.910  render           | Rendering frame 917
03:53.910  render           | Start rendering: MORI_Assembly_Animation, 视图层
03:53.910  render           | Engine: EEVEE
03:53.966  render           | Fra: 917 | Rendering 1 / 32 samples
03:54.248  render           | Fra: 917 | Rendering 25 / 32 samples
03:54.332  render           | Fra: 917 | Rendering 32 / 32 samples
03:54.342  render           | Video append frame 917
03:54.342  render           | Time: 00:00.43 (Saving: 00:00.00)
03:54.342  render           | Rendering frame 918
03:54.342  render           | Start rendering: MORI_Assembly_Animation, 视图层
03:54.342  render           | Engine: EEVEE
03:54.388  render           | Fra: 918 | Rendering 1 / 32 samples
03:54.678  render           | Fra: 918 | Rendering 25 / 32 samples
03:54.763  render           | Fra: 918 | Rendering 32 / 32 samples
03:54.774  render           | Video append frame 918
03:54.774  render           | Time: 00:00.43 (Saving: 00:00.00)
03:54.774  render           | Rendering frame 919
03:54.774  render           | Start rendering: MORI_Assembly_Animation, 视图层
03:54.774  render           | Engine: EEVEE
03:54.823  render           | Fra: 919 | Rendering 1 / 32 samples
03:55.112  render           | Fra: 919 | Rendering 25 / 32 samples
03:55.195  render           | Fra: 919 | Rendering 32 / 32 samples
03:55.205  render           | Video append frame 919
03:55.205  render           | Time: 00:00.43 (Saving: 00:00.00)
03:55.205  render           | Rendering frame 920
03:55.205  render           | Start rendering: MORI_Assembly_Animation, 视图层
03:55.205  render           | Engine: EEVEE
03:55.256  render           | Fra: 920 | Rendering 1 / 32 samples
03:55.563  render           | Fra: 920 | Rendering 25 / 32 samples
03:55.649  render           | Fra: 920 | Rendering 32 / 32 samples
03:55.671  render           | Video append frame 920
03:55.671  render           | Time: 00:00.46 (Saving: 00:00.01)
03:55.671  render           | Rendering frame 921
03:55.672  render           | Start rendering: MORI_Assembly_Animation, 视图层
03:55.672  render           | Engine: EEVEE
03:55.726  render           | Fra: 921 | Rendering 1 / 32 samples
03:56.015  render           | Fra: 921 | Rendering 25 / 32 samples
03:56.101  render           | Fra: 921 | Rendering 32 / 32 samples
03:56.110  render           | Video append frame 921
03:56.111  render           | Time: 00:00.43 (Saving: 00:00.00)
03:56.111  render           | Rendering frame 922
03:56.111  render           | Start rendering: MORI_Assembly_Animation, 视图层
03:56.111  render           | Engine: EEVEE
03:56.164  render           | Fra: 922 | Rendering 1 / 32 samples
03:56.475  render           | Fra: 922 | Rendering 25 / 32 samples
03:56.564  render           | Fra: 922 | Rendering 32 / 32 samples
03:56.584  render           | Video append frame 922
03:56.585  render           | Time: 00:00.47 (Saving: 00:00.01)
03:56.585  render           | Rendering frame 923
03:56.585  render           | Start rendering: MORI_Assembly_Animation, 视图层
03:56.585  render           | Engine: EEVEE
03:56.641  render           | Fra: 923 | Rendering 1 / 32 samples
03:56.936  render           | Fra: 923 | Rendering 25 / 32 samples
03:57.017  render           | Fra: 923 | Rendering 32 / 32 samples
03:57.029  render           | Video append frame 923
03:57.029  render           | Time: 00:00.44 (Saving: 00:00.00)
03:57.029  render           | Rendering frame 924
03:57.029  render           | Start rendering: MORI_Assembly_Animation, 视图层
03:57.029  render           | Engine: EEVEE
03:57.077  render           | Fra: 924 | Rendering 1 / 32 samples
03:57.381  render           | Fra: 924 | Rendering 25 / 32 samples
03:57.470  render           | Fra: 924 | Rendering 32 / 32 samples
03:57.481  render           | Video append frame 924
03:57.481  render           | Time: 00:00.45 (Saving: 00:00.00)
03:57.481  render           | Rendering frame 925
03:57.481  render           | Start rendering: MORI_Assembly_Animation, 视图层
03:57.481  render           | Engine: EEVEE
03:57.534  render           | Fra: 925 | Rendering 1 / 32 samples
03:57.837  render           | Fra: 925 | Rendering 25 / 32 samples
03:57.923  render           | Fra: 925 | Rendering 32 / 32 samples
03:57.936  render           | Video append frame 925
03:57.936  render           | Time: 00:00.45 (Saving: 00:00.00)
03:57.936  render           | Rendering frame 926
03:57.936  render           | Start rendering: MORI_Assembly_Animation, 视图层
03:57.936  render           | Engine: EEVEE
03:57.990  render           | Fra: 926 | Rendering 1 / 32 samples
03:58.290  render           | Fra: 926 | Rendering 25 / 32 samples
03:58.379  render           | Fra: 926 | Rendering 32 / 32 samples
03:58.389  render           | Video append frame 926
03:58.389  render           | Time: 00:00.45 (Saving: 00:00.00)
03:58.389  render           | Rendering frame 927
03:58.389  render           | Start rendering: MORI_Assembly_Animation, 视图层
03:58.389  render           | Engine: EEVEE
03:58.436  render           | Fra: 927 | Rendering 1 / 32 samples
03:58.741  render           | Fra: 927 | Rendering 25 / 32 samples
03:58.829  render           | Fra: 927 | Rendering 32 / 32 samples
03:58.840  render           | Video append frame 927
03:58.840  render           | Time: 00:00.45 (Saving: 00:00.00)
03:58.840  render           | Rendering frame 928
03:58.840  render           | Start rendering: MORI_Assembly_Animation, 视图层
03:58.840  render           | Engine: EEVEE
03:58.893  render           | Fra: 928 | Rendering 1 / 32 samples
03:59.199  render           | Fra: 928 | Rendering 25 / 32 samples
03:59.285  render           | Fra: 928 | Rendering 32 / 32 samples
03:59.297  render           | Video append frame 928
03:59.297  render           | Time: 00:00.45 (Saving: 00:00.00)
03:59.297  render           | Rendering frame 929
03:59.297  render           | Start rendering: MORI_Assembly_Animation, 视图层
03:59.297  render           | Engine: EEVEE
03:59.349  render           | Fra: 929 | Rendering 1 / 32 samples
03:59.674  render           | Fra: 929 | Rendering 25 / 32 samples
03:59.773  render           | Fra: 929 | Rendering 32 / 32 samples
03:59.784  render           | Video append frame 929
03:59.784  render           | Time: 00:00.48 (Saving: 00:00.00)
03:59.784  render           | Rendering frame 930
03:59.784  render           | Start rendering: MORI_Assembly_Animation, 视图层
03:59.784  render           | Engine: EEVEE
03:59.834  render           | Fra: 930 | Rendering 1 / 32 samples
04:00.134  render           | Fra: 930 | Rendering 25 / 32 samples
04:00.221  render           | Fra: 930 | Rendering 32 / 32 samples
04:00.233  render           | Video append frame 930
04:00.233  render           | Time: 00:00.44 (Saving: 00:00.00)
04:00.233  render           | Rendering frame 931
04:00.233  render           | Start rendering: MORI_Assembly_Animation, 视图层
04:00.233  render           | Engine: EEVEE
04:00.281  render           | Fra: 931 | Rendering 1 / 32 samples
04:00.584  render           | Fra: 931 | Rendering 25 / 32 samples
04:00.671  render           | Fra: 931 | Rendering 32 / 32 samples
04:00.681  render           | Video append frame 931
04:00.681  render           | Time: 00:00.44 (Saving: 00:00.00)
04:00.681  render           | Rendering frame 932
04:00.681  render           | Start rendering: MORI_Assembly_Animation, 视图层
04:00.682  render           | Engine: EEVEE
04:00.733  render           | Fra: 932 | Rendering 1 / 32 samples
04:01.036  render           | Fra: 932 | Rendering 25 / 32 samples
04:01.123  render           | Fra: 932 | Rendering 32 / 32 samples
04:01.134  render           | Video append frame 932
04:01.134  render           | Time: 00:00.45 (Saving: 00:00.00)
04:01.134  render           | Rendering frame 933
04:01.134  render           | Start rendering: MORI_Assembly_Animation, 视图层
04:01.134  render           | Engine: EEVEE
04:01.181  render           | Fra: 933 | Rendering 1 / 32 samples
04:01.497  render           | Fra: 933 | Rendering 25 / 32 samples
04:01.601  render           | Fra: 933 | Rendering 32 / 32 samples
04:01.614  render           | Video append frame 933
04:01.614  render           | Time: 00:00.47 (Saving: 00:00.00)
04:01.614  render           | Rendering frame 934
04:01.614  render           | Start rendering: MORI_Assembly_Animation, 视图层
04:01.614  render           | Engine: EEVEE
04:01.666  render           | Fra: 934 | Rendering 1 / 32 samples
04:01.963  render           | Fra: 934 | Rendering 25 / 32 samples
04:02.049  render           | Fra: 934 | Rendering 32 / 32 samples
04:02.060  render           | Video append frame 934
04:02.060  render           | Time: 00:00.44 (Saving: 00:00.00)
04:02.060  render           | Rendering frame 935
04:02.061  render           | Start rendering: MORI_Assembly_Animation, 视图层
04:02.061  render           | Engine: EEVEE
04:02.113  render           | Fra: 935 | Rendering 1 / 32 samples
04:02.417  render           | Fra: 935 | Rendering 25 / 32 samples
04:02.520  render           | Fra: 935 | Rendering 32 / 32 samples
04:02.535  render           | Video append frame 935
04:02.535  render           | Time: 00:00.47 (Saving: 00:00.00)
04:02.535  render           | Rendering frame 936
04:02.536  render           | Start rendering: MORI_Assembly_Animation, 视图层
04:02.536  render           | Engine: EEVEE
04:02.598  render           | Fra: 936 | Rendering 1 / 32 samples
04:02.967  render           | Fra: 936 | Rendering 25 / 32 samples
04:03.057  render           | Fra: 936 | Rendering 32 / 32 samples
04:03.071  render           | Video append frame 936
04:03.071  render           | Time: 00:00.53 (Saving: 00:00.00)
04:03.071  render           | Rendering frame 937
04:03.071  render           | Start rendering: MORI_Assembly_Animation, 视图层
04:03.071  render           | Engine: EEVEE
04:03.116  render           | Fra: 937 | Rendering 1 / 32 samples
04:03.474  render           | Fra: 937 | Rendering 25 / 32 samples
04:03.573  render           | Fra: 937 | Rendering 32 / 32 samples
04:03.582  render           | Video append frame 937
04:03.582  render           | Time: 00:00.51 (Saving: 00:00.00)
04:03.583  render           | Rendering frame 938
04:03.583  render           | Start rendering: MORI_Assembly_Animation, 视图层
04:03.583  render           | Engine: EEVEE
04:03.633  render           | Fra: 938 | Rendering 1 / 32 samples
04:03.946  render           | Fra: 938 | Rendering 25 / 32 samples
04:04.037  render           | Fra: 938 | Rendering 32 / 32 samples
04:04.049  render           | Video append frame 938
04:04.049  render           | Time: 00:00.46 (Saving: 00:00.00)
04:04.049  render           | Rendering frame 939
04:04.050  render           | Start rendering: MORI_Assembly_Animation, 视图层
04:04.050  render           | Engine: EEVEE
04:04.106  render           | Fra: 939 | Rendering 1 / 32 samples
04:04.416  render           | Fra: 939 | Rendering 25 / 32 samples
04:04.507  render           | Fra: 939 | Rendering 32 / 32 samples
04:04.519  render           | Video append frame 939
04:04.519  render           | Time: 00:00.46 (Saving: 00:00.00)
04:04.519  render           | Rendering frame 940
04:04.519  render           | Start rendering: MORI_Assembly_Animation, 视图层
04:04.519  render           | Engine: EEVEE
04:04.576  render           | Fra: 940 | Rendering 1 / 32 samples
04:04.897  render           | Fra: 940 | Rendering 25 / 32 samples
04:04.985  render           | Fra: 940 | Rendering 32 / 32 samples
04:04.999  render           | Video append frame 940
04:04.999  render           | Time: 00:00.47 (Saving: 00:00.00)
04:04.999  render           | Rendering frame 941
04:04.999  render           | Start rendering: MORI_Assembly_Animation, 视图层
04:04.999  render           | Engine: EEVEE
04:05.056  render           | Fra: 941 | Rendering 1 / 32 samples
04:05.371  render           | Fra: 941 | Rendering 25 / 32 samples
04:05.463  render           | Fra: 941 | Rendering 32 / 32 samples
04:05.477  render           | Video append frame 941
04:05.477  render           | Time: 00:00.47 (Saving: 00:00.01)
04:05.477  render           | Rendering frame 942
04:05.478  render           | Start rendering: MORI_Assembly_Animation, 视图层
04:05.478  render           | Engine: EEVEE
04:05.533  render           | Fra: 942 | Rendering 1 / 32 samples
04:05.879  render           | Fra: 942 | Rendering 25 / 32 samples
04:05.982  render           | Fra: 942 | Rendering 32 / 32 samples
04:05.993  render           | Video append frame 942
04:05.993  render           | Time: 00:00.51 (Saving: 00:00.00)
04:05.993  render           | Rendering frame 943
04:05.993  render           | Start rendering: MORI_Assembly_Animation, 视图层
04:05.993  render           | Engine: EEVEE
04:06.044  render           | Fra: 943 | Rendering 1 / 32 samples
04:06.366  render           | Fra: 943 | Rendering 25 / 32 samples
04:06.458  render           | Fra: 943 | Rendering 32 / 32 samples
04:06.481  render           | Video append frame 943
04:06.481  render           | Time: 00:00.48 (Saving: 00:00.01)
04:06.481  render           | Rendering frame 944
04:06.481  render           | Start rendering: MORI_Assembly_Animation, 视图层
04:06.481  render           | Engine: EEVEE
04:06.538  render           | Fra: 944 | Rendering 1 / 32 samples
04:06.856  render           | Fra: 944 | Rendering 25 / 32 samples
04:06.946  render           | Fra: 944 | Rendering 32 / 32 samples
04:06.960  render           | Video append frame 944
04:06.960  render           | Time: 00:00.47 (Saving: 00:00.00)
04:06.960  render           | Rendering frame 945
04:06.960  render           | Start rendering: MORI_Assembly_Animation, 视图层
04:06.960  render           | Engine: EEVEE
04:07.016  render           | Fra: 945 | Rendering 1 / 32 samples
04:07.340  render           | Fra: 945 | Rendering 25 / 32 samples
04:07.436  render           | Fra: 945 | Rendering 32 / 32 samples
04:07.459  render           | Video append frame 945
04:07.459  render           | Time: 00:00.49 (Saving: 00:00.01)
04:07.459  render           | Rendering frame 946
04:07.460  render           | Start rendering: MORI_Assembly_Animation, 视图层
04:07.460  render           | Engine: EEVEE
04:07.514  render           | Fra: 946 | Rendering 1 / 32 samples
04:07.825  render           | Fra: 946 | Rendering 25 / 32 samples
04:07.916  render           | Fra: 946 | Rendering 32 / 32 samples
04:07.929  render           | Video append frame 946
04:07.929  render           | Time: 00:00.46 (Saving: 00:00.00)
04:07.929  render           | Rendering frame 947
04:07.929  render           | Start rendering: MORI_Assembly_Animation, 视图层
04:07.929  render           | Engine: EEVEE
04:07.984  render           | Fra: 947 | Rendering 1 / 32 samples
04:08.322  render           | Fra: 947 | Rendering 25 / 32 samples
04:08.432  render           | Fra: 947 | Rendering 32 / 32 samples
04:08.451  render           | Video append frame 947
04:08.451  render           | Time: 00:00.52 (Saving: 00:00.01)
04:08.451  render           | Rendering frame 948
04:08.451  render           | Start rendering: MORI_Assembly_Animation, 视图层
04:08.451  render           | Engine: EEVEE
04:08.510  render           | Fra: 948 | Rendering 1 / 32 samples
04:08.845  render           | Fra: 948 | Rendering 25 / 32 samples
04:08.940  render           | Fra: 948 | Rendering 32 / 32 samples
04:08.950  render           | Video append frame 948
04:08.950  render           | Time: 00:00.49 (Saving: 00:00.00)
04:08.950  render           | Rendering frame 949
04:08.950  render           | Start rendering: MORI_Assembly_Animation, 视图层
04:08.950  render           | Engine: EEVEE
04:09.001  render           | Fra: 949 | Rendering 1 / 32 samples
04:09.322  render           | Fra: 949 | Rendering 25 / 32 samples
04:09.412  render           | Fra: 949 | Rendering 32 / 32 samples
04:09.423  render           | Video append frame 949
04:09.423  render           | Time: 00:00.47 (Saving: 00:00.00)
04:09.423  render           | Rendering frame 950
04:09.423  render           | Start rendering: MORI_Assembly_Animation, 视图层
04:09.424  render           | Engine: EEVEE
04:09.475  render           | Fra: 950 | Rendering 1 / 32 samples
04:09.785  render           | Fra: 950 | Rendering 25 / 32 samples
04:09.877  render           | Fra: 950 | Rendering 32 / 32 samples
04:09.891  render           | Video append frame 950
04:09.891  render           | Time: 00:00.46 (Saving: 00:00.00)
04:09.891  render           | Rendering frame 951
04:09.891  render           | Start rendering: MORI_Assembly_Animation, 视图层
04:09.891  render           | Engine: EEVEE
04:09.942  render           | Fra: 951 | Rendering 1 / 32 samples
04:10.261  render           | Fra: 951 | Rendering 25 / 32 samples
04:10.356  render           | Fra: 951 | Rendering 32 / 32 samples
04:10.379  render           | Video append frame 951
04:10.380  render           | Time: 00:00.48 (Saving: 00:00.01)
04:10.380  render           | Rendering frame 952
04:10.380  render           | Start rendering: MORI_Assembly_Animation, 视图层
04:10.380  render           | Engine: EEVEE
04:10.435  render           | Fra: 952 | Rendering 1 / 32 samples
04:10.764  render           | Fra: 952 | Rendering 25 / 32 samples
04:10.859  render           | Fra: 952 | Rendering 32 / 32 samples
04:10.882  render           | Video append frame 952
04:10.882  render           | Time: 00:00.50 (Saving: 00:00.01)
04:10.882  render           | Rendering frame 953
04:10.883  render           | Start rendering: MORI_Assembly_Animation, 视图层
04:10.883  render           | Engine: EEVEE
04:10.942  render           | Fra: 953 | Rendering 1 / 32 samples
04:11.271  render           | Fra: 953 | Rendering 25 / 32 samples
04:11.379  render           | Fra: 953 | Rendering 32 / 32 samples
04:11.406  render           | Video append frame 953
04:11.406  render           | Time: 00:00.52 (Saving: 00:00.01)
04:11.406  render           | Rendering frame 954
04:11.406  render           | Start rendering: MORI_Assembly_Animation, 视图层
04:11.406  render           | Engine: EEVEE
04:11.458  render           | Fra: 954 | Rendering 1 / 32 samples
04:11.786  render           | Fra: 954 | Rendering 25 / 32 samples
04:11.883  render           | Fra: 954 | Rendering 32 / 32 samples
04:11.894  render           | Video append frame 954
04:11.894  render           | Time: 00:00.48 (Saving: 00:00.00)
04:11.894  render           | Rendering frame 955
04:11.894  render           | Start rendering: MORI_Assembly_Animation, 视图层
04:11.894  render           | Engine: EEVEE
04:11.943  render           | Fra: 955 | Rendering 1 / 32 samples
04:12.276  render           | Fra: 955 | Rendering 25 / 32 samples
04:12.374  render           | Fra: 955 | Rendering 32 / 32 samples
04:12.397  render           | Video append frame 955
04:12.397  render           | Time: 00:00.50 (Saving: 00:00.01)
04:12.397  render           | Rendering frame 956
04:12.398  render           | Start rendering: MORI_Assembly_Animation, 视图层
04:12.398  render           | Engine: EEVEE
04:12.453  render           | Fra: 956 | Rendering 1 / 32 samples
04:12.772  render           | Fra: 956 | Rendering 25 / 32 samples
04:12.866  render           | Fra: 956 | Rendering 32 / 32 samples
04:12.875  render           | Video append frame 956
04:12.875  render           | Time: 00:00.47 (Saving: 00:00.00)
04:12.875  render           | Rendering frame 957
04:12.875  render           | Start rendering: MORI_Assembly_Animation, 视图层
04:12.875  render           | Engine: EEVEE
04:12.925  render           | Fra: 957 | Rendering 1 / 32 samples
04:13.251  render           | Fra: 957 | Rendering 25 / 32 samples
04:13.352  render           | Fra: 957 | Rendering 32 / 32 samples
04:13.363  render           | Video append frame 957
04:13.363  render           | Time: 00:00.48 (Saving: 00:00.00)
04:13.363  render           | Rendering frame 958
04:13.363  render           | Start rendering: MORI_Assembly_Animation, 视图层
04:13.363  render           | Engine: EEVEE
04:13.412  render           | Fra: 958 | Rendering 1 / 32 samples
04:13.735  render           | Fra: 958 | Rendering 25 / 32 samples
04:13.824  render           | Fra: 958 | Rendering 32 / 32 samples
04:13.837  render           | Video append frame 958
04:13.837  render           | Time: 00:00.47 (Saving: 00:00.00)
04:13.837  render           | Rendering frame 959
04:13.837  render           | Start rendering: MORI_Assembly_Animation, 视图层
04:13.837  render           | Engine: EEVEE
04:13.883  render           | Fra: 959 | Rendering 1 / 32 samples
04:14.210  render           | Fra: 959 | Rendering 25 / 32 samples
04:14.302  render           | Fra: 959 | Rendering 32 / 32 samples
04:14.311  render           | Video append frame 959
04:14.311  render           | Time: 00:00.47 (Saving: 00:00.00)
04:14.311  render           | Rendering frame 960
04:14.311  render           | Start rendering: MORI_Assembly_Animation, 视图层
04:14.311  render           | Engine: EEVEE
04:14.356  render           | Fra: 960 | Rendering 1 / 32 samples
04:14.704  render           | Fra: 960 | Rendering 25 / 32 samples
04:14.813  render           | Fra: 960 | Rendering 32 / 32 samples
04:14.822  render           | Video append frame 960
04:14.822  render           | Time: 00:00.51 (Saving: 00:00.00)
04:14.822  render           | Rendering frame 961
04:14.823  render           | Start rendering: MORI_Assembly_Animation, 视图层
04:14.823  render           | Engine: EEVEE
04:14.869  render           | Fra: 961 | Rendering 1 / 32 samples
04:15.212  render           | Fra: 961 | Rendering 25 / 32 samples
04:15.319  render           | Fra: 961 | Rendering 32 / 32 samples
04:15.331  render           | Video append frame 961
04:15.331  render           | Time: 00:00.50 (Saving: 00:00.00)
04:15.331  render           | Rendering frame 962
04:15.331  render           | Start rendering: MORI_Assembly_Animation, 视图层
04:15.331  render           | Engine: EEVEE
04:15.384  render           | Fra: 962 | Rendering 1 / 32 samples
04:15.713  render           | Fra: 962 | Rendering 25 / 32 samples
04:15.808  render           | Fra: 962 | Rendering 32 / 32 samples
04:15.822  render           | Video append frame 962
04:15.822  render           | Time: 00:00.49 (Saving: 00:00.00)
04:15.822  render           | Rendering frame 963
04:15.822  render           | Start rendering: MORI_Assembly_Animation, 视图层
04:15.822  render           | Engine: EEVEE
04:15.880  render           | Fra: 963 | Rendering 1 / 32 samples
04:16.218  render           | Fra: 963 | Rendering 25 / 32 samples
04:16.312  render           | Fra: 963 | Rendering 32 / 32 samples
04:16.322  render           | Video append frame 963
04:16.322  render           | Time: 00:00.49 (Saving: 00:00.00)
04:16.322  render           | Rendering frame 964
04:16.322  render           | Start rendering: MORI_Assembly_Animation, 视图层
04:16.322  render           | Engine: EEVEE
04:16.371  render           | Fra: 964 | Rendering 1 / 32 samples
04:16.687  render           | Fra: 964 | Rendering 25 / 32 samples
04:16.778  render           | Fra: 964 | Rendering 32 / 32 samples
04:16.788  render           | Video append frame 964
04:16.788  render           | Time: 00:00.46 (Saving: 00:00.00)
04:16.788  render           | Rendering frame 965
04:16.788  render           | Start rendering: MORI_Assembly_Animation, 视图层
04:16.788  render           | Engine: EEVEE
04:16.838  render           | Fra: 965 | Rendering 1 / 32 samples
04:17.166  render           | Fra: 965 | Rendering 25 / 32 samples
04:17.257  render           | Fra: 965 | Rendering 32 / 32 samples
04:17.269  render           | Video append frame 965
04:17.269  render           | Time: 00:00.48 (Saving: 00:00.00)
04:17.269  render           | Rendering frame 966
04:17.269  render           | Start rendering: MORI_Assembly_Animation, 视图层
04:17.269  render           | Engine: EEVEE
04:17.315  render           | Fra: 966 | Rendering 1 / 32 samples
04:17.648  render           | Fra: 966 | Rendering 25 / 32 samples
04:17.743  render           | Fra: 966 | Rendering 32 / 32 samples
04:17.753  render           | Video append frame 966
04:17.753  render           | Time: 00:00.48 (Saving: 00:00.00)
04:17.753  render           | Rendering frame 967
04:17.753  render           | Start rendering: MORI_Assembly_Animation, 视图层
04:17.753  render           | Engine: EEVEE
04:17.800  render           | Fra: 967 | Rendering 1 / 32 samples
04:18.131  render           | Fra: 967 | Rendering 25 / 32 samples
04:18.229  render           | Fra: 967 | Rendering 32 / 32 samples
04:18.239  render           | Video append frame 967
04:18.239  render           | Time: 00:00.48 (Saving: 00:00.00)
04:18.239  render           | Rendering frame 968
04:18.239  render           | Start rendering: MORI_Assembly_Animation, 视图层
04:18.239  render           | Engine: EEVEE
04:18.285  render           | Fra: 968 | Rendering 1 / 32 samples
04:18.616  render           | Fra: 968 | Rendering 25 / 32 samples
04:18.727  render           | Fra: 968 | Rendering 32 / 32 samples
04:18.738  render           | Video append frame 968
04:18.738  render           | Time: 00:00.49 (Saving: 00:00.00)
04:18.738  render           | Rendering frame 969
04:18.738  render           | Start rendering: MORI_Assembly_Animation, 视图层
04:18.738  render           | Engine: EEVEE
04:18.785  render           | Fra: 969 | Rendering 1 / 32 samples
04:19.112  render           | Fra: 969 | Rendering 25 / 32 samples
04:19.209  render           | Fra: 969 | Rendering 32 / 32 samples
04:19.219  render           | Video append frame 969
04:19.219  render           | Time: 00:00.48 (Saving: 00:00.00)
04:19.219  render           | Rendering frame 970
04:19.220  render           | Start rendering: MORI_Assembly_Animation, 视图层
04:19.220  render           | Engine: EEVEE
04:19.270  render           | Fra: 970 | Rendering 1 / 32 samples
04:19.599  render           | Fra: 970 | Rendering 25 / 32 samples
04:19.696  render           | Fra: 970 | Rendering 32 / 32 samples
04:19.706  render           | Video append frame 970
04:19.706  render           | Time: 00:00.48 (Saving: 00:00.00)
04:19.706  render           | Rendering frame 971
04:19.707  render           | Start rendering: MORI_Assembly_Animation, 视图层
04:19.707  render           | Engine: EEVEE
04:19.753  render           | Fra: 971 | Rendering 1 / 32 samples
04:20.081  render           | Fra: 971 | Rendering 25 / 32 samples
04:20.179  render           | Fra: 971 | Rendering 32 / 32 samples
04:20.189  render           | Video append frame 971
04:20.189  render           | Time: 00:00.48 (Saving: 00:00.00)
04:20.189  render           | Rendering frame 972
04:20.189  render           | Start rendering: MORI_Assembly_Animation, 视图层
04:20.189  render           | Engine: EEVEE
04:20.239  render           | Fra: 972 | Rendering 1 / 32 samples
04:20.586  render           | Fra: 972 | Rendering 25 / 32 samples
04:20.706  render           | Fra: 972 | Rendering 32 / 32 samples
04:20.729  render           | Video append frame 972
04:20.729  render           | Time: 00:00.54 (Saving: 00:00.01)
04:20.729  render           | Rendering frame 973
04:20.729  render           | Start rendering: MORI_Assembly_Animation, 视图层
04:20.729  render           | Engine: EEVEE
04:20.778  render           | Fra: 973 | Rendering 1 / 32 samples
04:20.868  render           | Fra: 973 | Rendering 25 / 32 samples
04:20.896  render           | Fra: 973 | Rendering 32 / 32 samples
04:20.906  render           | Video append frame 973
04:20.906  render           | Time: 00:00.17 (Saving: 00:00.00)
04:20.906  render           | Rendering frame 974
04:20.906  render           | Start rendering: MORI_Assembly_Animation, 视图层
04:20.906  render           | Engine: EEVEE
04:20.948  render           | Fra: 974 | Rendering 1 / 32 samples
04:21.075  render           | Fra: 974 | Rendering 25 / 32 samples
04:21.111  render           | Fra: 974 | Rendering 32 / 32 samples
04:21.123  render           | Video append frame 974
04:21.123  render           | Time: 00:00.21 (Saving: 00:00.00)
04:21.123  render           | Rendering frame 975
04:21.124  render           | Start rendering: MORI_Assembly_Animation, 视图层
04:21.124  render           | Engine: EEVEE
04:21.165  render           | Fra: 975 | Rendering 1 / 32 samples
04:21.292  render           | Fra: 975 | Rendering 25 / 32 samples
04:21.330  render           | Fra: 975 | Rendering 32 / 32 samples
04:21.342  render           | Video append frame 975
04:21.342  render           | Time: 00:00.21 (Saving: 00:00.00)
04:21.342  render           | Rendering frame 976
04:21.342  render           | Start rendering: MORI_Assembly_Animation, 视图层
04:21.342  render           | Engine: EEVEE
04:21.384  render           | Fra: 976 | Rendering 1 / 32 samples
04:21.512  render           | Fra: 976 | Rendering 25 / 32 samples
04:21.549  render           | Fra: 976 | Rendering 32 / 32 samples
04:21.562  render           | Video append frame 976
04:21.562  render           | Time: 00:00.21 (Saving: 00:00.00)
04:21.562  render           | Rendering frame 977
04:21.562  render           | Start rendering: MORI_Assembly_Animation, 视图层
04:21.562  render           | Engine: EEVEE
04:21.606  render           | Fra: 977 | Rendering 1 / 32 samples
04:21.733  render           | Fra: 977 | Rendering 25 / 32 samples
04:21.768  render           | Fra: 977 | Rendering 32 / 32 samples
04:21.781  render           | Video append frame 977
04:21.781  render           | Time: 00:00.21 (Saving: 00:00.00)
04:21.781  render           | Rendering frame 978
04:21.781  render           | Start rendering: MORI_Assembly_Animation, 视图层
04:21.781  render           | Engine: EEVEE
04:21.823  render           | Fra: 978 | Rendering 1 / 32 samples
04:21.946  render           | Fra: 978 | Rendering 25 / 32 samples
04:21.984  render           | Fra: 978 | Rendering 32 / 32 samples
04:21.997  render           | Video append frame 978
04:21.997  render           | Time: 00:00.21 (Saving: 00:00.00)
04:21.997  render           | Rendering frame 979
04:21.998  render           | Start rendering: MORI_Assembly_Animation, 视图层
04:21.998  render           | Engine: EEVEE
04:22.039  render           | Fra: 979 | Rendering 1 / 32 samples
04:22.168  render           | Fra: 979 | Rendering 25 / 32 samples
04:22.205  render           | Fra: 979 | Rendering 32 / 32 samples
04:22.218  render           | Video append frame 979
04:22.219  render           | Time: 00:00.22 (Saving: 00:00.00)
04:22.219  render           | Rendering frame 980
04:22.219  render           | Start rendering: MORI_Assembly_Animation, 视图层
04:22.219  render           | Engine: EEVEE
04:22.260  render           | Fra: 980 | Rendering 1 / 32 samples
04:22.384  render           | Fra: 980 | Rendering 25 / 32 samples
04:22.421  render           | Fra: 980 | Rendering 32 / 32 samples
04:22.433  render           | Video append frame 980
04:22.433  render           | Time: 00:00.21 (Saving: 00:00.00)
04:22.433  render           | Rendering frame 981
04:22.433  render           | Start rendering: MORI_Assembly_Animation, 视图层
04:22.433  render           | Engine: EEVEE
04:22.477  render           | Fra: 981 | Rendering 1 / 32 samples
04:22.604  render           | Fra: 981 | Rendering 25 / 32 samples
04:22.640  render           | Fra: 981 | Rendering 32 / 32 samples
04:22.652  render           | Video append frame 981
04:22.652  render           | Time: 00:00.21 (Saving: 00:00.00)
04:22.652  render           | Rendering frame 982
04:22.652  render           | Start rendering: MORI_Assembly_Animation, 视图层
04:22.652  render           | Engine: EEVEE
04:22.693  render           | Fra: 982 | Rendering 1 / 32 samples
04:22.819  render           | Fra: 982 | Rendering 25 / 32 samples
04:22.858  render           | Fra: 982 | Rendering 32 / 32 samples
04:22.871  render           | Video append frame 982
04:22.871  render           | Time: 00:00.21 (Saving: 00:00.00)
04:22.871  render           | Rendering frame 983
04:22.871  render           | Start rendering: MORI_Assembly_Animation, 视图层
04:22.871  render           | Engine: EEVEE
04:22.914  render           | Fra: 983 | Rendering 1 / 32 samples
04:23.045  render           | Fra: 983 | Rendering 25 / 32 samples
04:23.084  render           | Fra: 983 | Rendering 32 / 32 samples
04:23.098  render           | Video append frame 983
04:23.098  render           | Time: 00:00.22 (Saving: 00:00.00)
04:23.098  render           | Rendering frame 984
04:23.098  render           | Start rendering: MORI_Assembly_Animation, 视图层
04:23.098  render           | Engine: EEVEE
04:23.140  render           | Fra: 984 | Rendering 1 / 32 samples
04:23.270  render           | Fra: 984 | Rendering 25 / 32 samples
04:23.306  render           | Fra: 984 | Rendering 32 / 32 samples
04:23.320  render           | Video append frame 984
04:23.320  render           | Time: 00:00.22 (Saving: 00:00.00)
04:23.320  render           | Rendering frame 985
04:23.320  render           | Start rendering: MORI_Assembly_Animation, 视图层
04:23.320  render           | Engine: EEVEE
04:23.364  render           | Fra: 985 | Rendering 1 / 32 samples
04:23.491  render           | Fra: 985 | Rendering 25 / 32 samples
04:23.528  render           | Fra: 985 | Rendering 32 / 32 samples
04:23.542  render           | Video append frame 985
04:23.542  render           | Time: 00:00.22 (Saving: 00:00.00)
04:23.542  render           | Rendering frame 986
04:23.542  render           | Start rendering: MORI_Assembly_Animation, 视图层
04:23.542  render           | Engine: EEVEE
04:23.584  render           | Fra: 986 | Rendering 1 / 32 samples
04:23.712  render           | Fra: 986 | Rendering 25 / 32 samples
04:23.749  render           | Fra: 986 | Rendering 32 / 32 samples
04:23.763  render           | Video append frame 986
04:23.763  render           | Time: 00:00.22 (Saving: 00:00.00)
04:23.763  render           | Rendering frame 987
04:23.763  render           | Start rendering: MORI_Assembly_Animation, 视图层
04:23.763  render           | Engine: EEVEE
04:23.803  render           | Fra: 987 | Rendering 1 / 32 samples
04:23.938  render           | Fra: 987 | Rendering 25 / 32 samples
04:23.982  render           | Fra: 987 | Rendering 32 / 32 samples
04:23.995  render           | Video append frame 987
04:23.995  render           | Time: 00:00.23 (Saving: 00:00.00)
04:23.995  render           | Rendering frame 988
04:23.996  render           | Start rendering: MORI_Assembly_Animation, 视图层
04:23.996  render           | Engine: EEVEE
04:24.039  render           | Fra: 988 | Rendering 1 / 32 samples
04:24.181  render           | Fra: 988 | Rendering 25 / 32 samples
04:24.219  render           | Fra: 988 | Rendering 32 / 32 samples
04:24.234  render           | Video append frame 988
04:24.234  render           | Time: 00:00.23 (Saving: 00:00.00)
04:24.234  render           | Rendering frame 989
04:24.234  render           | Start rendering: MORI_Assembly_Animation, 视图层
04:24.234  render           | Engine: EEVEE
04:24.277  render           | Fra: 989 | Rendering 1 / 32 samples
04:24.423  render           | Fra: 989 | Rendering 25 / 32 samples
04:24.469  render           | Fra: 989 | Rendering 32 / 32 samples
04:24.484  render           | Video append frame 989
04:24.484  render           | Time: 00:00.24 (Saving: 00:00.00)
04:24.484  render           | Rendering frame 990
04:24.484  render           | Start rendering: MORI_Assembly_Animation, 视图层
04:24.484  render           | Engine: EEVEE
04:24.535  render           | Fra: 990 | Rendering 1 / 32 samples
04:24.680  render           | Fra: 990 | Rendering 25 / 32 samples
04:24.719  render           | Fra: 990 | Rendering 32 / 32 samples
04:24.734  render           | Video append frame 990
04:24.734  render           | Time: 00:00.24 (Saving: 00:00.00)
04:24.734  render           | Rendering frame 991
04:24.734  render           | Start rendering: MORI_Assembly_Animation, 视图层
04:24.734  render           | Engine: EEVEE
04:24.773  render           | Fra: 991 | Rendering 1 / 32 samples
04:24.923  render           | Fra: 991 | Rendering 25 / 32 samples
04:24.976  render           | Fra: 991 | Rendering 32 / 32 samples
04:25.002  render           | Video append frame 991
04:25.003  render           | Time: 00:00.26 (Saving: 00:00.02)
04:25.004  render           | Rendering frame 992
04:25.004  render           | Start rendering: MORI_Assembly_Animation, 视图层
04:25.004  render           | Engine: EEVEE
04:25.060  render           | Fra: 992 | Rendering 1 / 32 samples
04:25.196  render           | Fra: 992 | Rendering 25 / 32 samples
04:25.235  render           | Fra: 992 | Rendering 32 / 32 samples
04:25.246  render           | Video append frame 992
04:25.246  render           | Time: 00:00.24 (Saving: 00:00.00)
04:25.246  render           | Rendering frame 993
04:25.246  render           | Start rendering: MORI_Assembly_Animation, 视图层
04:25.246  render           | Engine: EEVEE
04:25.291  render           | Fra: 993 | Rendering 1 / 32 samples
04:25.418  render           | Fra: 993 | Rendering 25 / 32 samples
04:25.463  render           | Fra: 993 | Rendering 32 / 32 samples
04:25.476  render           | Video append frame 993
04:25.476  render           | Time: 00:00.23 (Saving: 00:00.00)
04:25.476  render           | Rendering frame 994
04:25.476  render           | Start rendering: MORI_Assembly_Animation, 视图层
04:25.476  render           | Engine: EEVEE
04:25.523  render           | Fra: 994 | Rendering 1 / 32 samples
04:25.666  render           | Fra: 994 | Rendering 25 / 32 samples
04:25.713  render           | Fra: 994 | Rendering 32 / 32 samples
04:25.729  render           | Video append frame 994
04:25.729  render           | Time: 00:00.25 (Saving: 00:00.01)
04:25.729  render           | Rendering frame 995
04:25.729  render           | Start rendering: MORI_Assembly_Animation, 视图层
04:25.729  render           | Engine: EEVEE
04:25.779  render           | Fra: 995 | Rendering 1 / 32 samples
04:25.880  render           | Fra: 995 | Rendering 25 / 32 samples
04:25.907  render           | Fra: 995 | Rendering 32 / 32 samples
04:25.918  render           | Video append frame 995
04:25.918  render           | Time: 00:00.18 (Saving: 00:00.00)
04:25.918  render           | Rendering frame 996
04:25.918  render           | Start rendering: MORI_Assembly_Animation, 视图层
04:25.918  render           | Engine: EEVEE
04:25.964  render           | Fra: 996 | Rendering 1 / 32 samples
04:26.114  render           | Fra: 996 | Rendering 25 / 32 samples
04:26.163  render           | Fra: 996 | Rendering 32 / 32 samples
04:26.174  render           | Video append frame 996
04:26.174  render           | Time: 00:00.25 (Saving: 00:00.00)
04:26.174  render           | Rendering frame 997
04:26.174  render           | Start rendering: MORI_Assembly_Animation, 视图层
04:26.174  render           | Engine: EEVEE
04:26.223  render           | Fra: 997 | Rendering 1 / 32 samples
04:26.392  render           | Fra: 997 | Rendering 25 / 32 samples
04:26.438  render           | Fra: 997 | Rendering 32 / 32 samples
04:26.455  render           | Video append frame 997
04:26.455  render           | Time: 00:00.28 (Saving: 00:00.01)
04:26.455  render           | Rendering frame 998
04:26.455  render           | Start rendering: MORI_Assembly_Animation, 视图层
04:26.455  render           | Engine: EEVEE
04:26.500  render           | Fra: 998 | Rendering 1 / 32 samples
04:26.631  render           | Fra: 998 | Rendering 25 / 32 samples
04:26.669  render           | Fra: 998 | Rendering 32 / 32 samples
04:26.683  render           | Video append frame 998
04:26.683  render           | Time: 00:00.22 (Saving: 00:00.00)
04:26.683  render           | Rendering frame 999
04:26.683  render           | Start rendering: MORI_Assembly_Animation, 视图层
04:26.683  render           | Engine: EEVEE
04:26.728  render           | Fra: 999 | Rendering 1 / 32 samples
04:26.860  render           | Fra: 999 | Rendering 25 / 32 samples
04:26.898  render           | Fra: 999 | Rendering 32 / 32 samples
04:26.912  render           | Video append frame 999
04:26.912  render           | Time: 00:00.22 (Saving: 00:00.00)
04:26.912  render           | Rendering frame 1000
04:26.912  render           | Start rendering: MORI_Assembly_Animation, 视图层
04:26.912  render           | Engine: EEVEE
04:26.954  render           | Fra: 1000 | Rendering 1 / 32 samples
04:27.088  render           | Fra: 1000 | Rendering 25 / 32 samples
04:27.126  render           | Fra: 1000 | Rendering 32 / 32 samples
04:27.140  render           | Video append frame 1000
04:27.140  render           | Time: 00:00.22 (Saving: 00:00.00)
04:27.140  render           | Rendering frame 1001
04:27.140  render           | Start rendering: MORI_Assembly_Animation, 视图层
04:27.140  render           | Engine: EEVEE
04:27.188  render           | Fra: 1001 | Rendering 1 / 32 samples
04:27.311  render           | Fra: 1001 | Rendering 25 / 32 samples
04:27.350  render           | Fra: 1001 | Rendering 32 / 32 samples
04:27.363  render           | Video append frame 1001
04:27.363  render           | Time: 00:00.22 (Saving: 00:00.00)
04:27.363  render           | Rendering frame 1002
04:27.363  render           | Start rendering: MORI_Assembly_Animation, 视图层
04:27.363  render           | Engine: EEVEE
04:27.407  render           | Fra: 1002 | Rendering 1 / 32 samples
04:27.532  render           | Fra: 1002 | Rendering 25 / 32 samples
04:27.569  render           | Fra: 1002 | Rendering 32 / 32 samples
04:27.582  render           | Video append frame 1002
04:27.582  render           | Time: 00:00.21 (Saving: 00:00.00)
04:27.582  render           | Rendering frame 1003
04:27.582  render           | Start rendering: MORI_Assembly_Animation, 视图层
04:27.582  render           | Engine: EEVEE
04:27.629  render           | Fra: 1003 | Rendering 1 / 32 samples
04:27.755  render           | Fra: 1003 | Rendering 25 / 32 samples
04:27.792  render           | Fra: 1003 | Rendering 32 / 32 samples
04:27.805  render           | Video append frame 1003
04:27.805  render           | Time: 00:00.22 (Saving: 00:00.00)
04:27.805  render           | Rendering frame 1004
04:27.805  render           | Start rendering: MORI_Assembly_Animation, 视图层
04:27.805  render           | Engine: EEVEE
04:27.848  render           | Fra: 1004 | Rendering 1 / 32 samples
04:27.976  render           | Fra: 1004 | Rendering 25 / 32 samples
04:28.012  render           | Fra: 1004 | Rendering 32 / 32 samples
04:28.026  render           | Video append frame 1004
04:28.026  render           | Time: 00:00.22 (Saving: 00:00.00)
04:28.026  render           | Rendering frame 1005
04:28.026  render           | Start rendering: MORI_Assembly_Animation, 视图层
04:28.026  render           | Engine: EEVEE
04:28.069  render           | Fra: 1005 | Rendering 1 / 32 samples
04:28.198  render           | Fra: 1005 | Rendering 25 / 32 samples
04:28.235  render           | Fra: 1005 | Rendering 32 / 32 samples
04:28.247  render           | Video append frame 1005
04:28.247  render           | Time: 00:00.22 (Saving: 00:00.00)
04:28.247  render           | Rendering frame 1006
04:28.247  render           | Start rendering: MORI_Assembly_Animation, 视图层
04:28.247  render           | Engine: EEVEE
04:28.294  render           | Fra: 1006 | Rendering 1 / 32 samples
04:28.420  render           | Fra: 1006 | Rendering 25 / 32 samples
04:28.458  render           | Fra: 1006 | Rendering 32 / 32 samples
04:28.470  render           | Video append frame 1006
04:28.470  render           | Time: 00:00.22 (Saving: 00:00.00)
04:28.470  render           | Rendering frame 1007
04:28.471  render           | Start rendering: MORI_Assembly_Animation, 视图层
04:28.471  render           | Engine: EEVEE
04:28.514  render           | Fra: 1007 | Rendering 1 / 32 samples
04:28.639  render           | Fra: 1007 | Rendering 25 / 32 samples
04:28.680  render           | Fra: 1007 | Rendering 32 / 32 samples
04:28.693  render           | Video append frame 1007
04:28.693  render           | Time: 00:00.22 (Saving: 00:00.00)
04:28.693  render           | Rendering frame 1008
04:28.693  render           | Start rendering: MORI_Assembly_Animation, 视图层
04:28.693  render           | Engine: EEVEE
04:28.739  render           | Fra: 1008 | Rendering 1 / 32 samples
04:28.869  render           | Fra: 1008 | Rendering 25 / 32 samples
04:28.906  render           | Fra: 1008 | Rendering 32 / 32 samples
04:28.920  render           | Video append frame 1008
04:28.920  render           | Time: 00:00.22 (Saving: 00:00.00)
04:28.920  render           | Rendering frame 1009
04:28.920  render           | Start rendering: MORI_Assembly_Animation, 视图层
04:28.920  render           | Engine: EEVEE
04:28.966  render           | Fra: 1009 | Rendering 1 / 32 samples
04:29.094  render           | Fra: 1009 | Rendering 25 / 32 samples
04:29.131  render           | Fra: 1009 | Rendering 32 / 32 samples
04:29.143  render           | Video append frame 1009
04:29.143  render           | Time: 00:00.22 (Saving: 00:00.00)
04:29.143  render           | Rendering frame 1010
04:29.143  render           | Start rendering: MORI_Assembly_Animation, 视图层
04:29.143  render           | Engine: EEVEE
04:29.189  render           | Fra: 1010 | Rendering 1 / 32 samples
04:29.326  render           | Fra: 1010 | Rendering 25 / 32 samples
04:29.365  render           | Fra: 1010 | Rendering 32 / 32 samples
04:29.379  render           | Video append frame 1010
04:29.379  render           | Time: 00:00.23 (Saving: 00:00.00)
04:29.379  render           | Rendering frame 1011
04:29.380  render           | Start rendering: MORI_Assembly_Animation, 视图层
04:29.380  render           | Engine: EEVEE
04:29.426  render           | Fra: 1011 | Rendering 1 / 32 samples
04:29.549  render           | Fra: 1011 | Rendering 25 / 32 samples
04:29.585  render           | Fra: 1011 | Rendering 32 / 32 samples
04:29.598  render           | Video append frame 1011
04:29.598  render           | Time: 00:00.21 (Saving: 00:00.00)
04:29.598  render           | Rendering frame 1012
04:29.598  render           | Start rendering: MORI_Assembly_Animation, 视图层
04:29.598  render           | Engine: EEVEE
04:29.641  render           | Fra: 1012 | Rendering 1 / 32 samples
04:29.769  render           | Fra: 1012 | Rendering 25 / 32 samples
04:29.805  render           | Fra: 1012 | Rendering 32 / 32 samples
04:29.818  render           | Video append frame 1012
04:29.819  render           | Time: 00:00.22 (Saving: 00:00.00)
04:29.819  render           | Rendering frame 1013
04:29.819  render           | Start rendering: MORI_Assembly_Animation, 视图层
04:29.819  render           | Engine: EEVEE
04:29.864  render           | Fra: 1013 | Rendering 1 / 32 samples
04:29.993  render           | Fra: 1013 | Rendering 25 / 32 samples
04:30.033  render           | Fra: 1013 | Rendering 32 / 32 samples
04:30.046  render           | Video append frame 1013
04:30.046  render           | Time: 00:00.22 (Saving: 00:00.00)
04:30.046  render           | Rendering frame 1014
04:30.046  render           | Start rendering: MORI_Assembly_Animation, 视图层
04:30.046  render           | Engine: EEVEE
04:30.090  render           | Fra: 1014 | Rendering 1 / 32 samples
04:30.215  render           | Fra: 1014 | Rendering 25 / 32 samples
04:30.251  render           | Fra: 1014 | Rendering 32 / 32 samples
04:30.264  render           | Video append frame 1014
04:30.264  render           | Time: 00:00.21 (Saving: 00:00.00)
04:30.264  render           | Rendering frame 1015
04:30.264  render           | Start rendering: MORI_Assembly_Animation, 视图层
04:30.264  render           | Engine: EEVEE
04:30.308  render           | Fra: 1015 | Rendering 1 / 32 samples
04:30.435  render           | Fra: 1015 | Rendering 25 / 32 samples
04:30.471  render           | Fra: 1015 | Rendering 32 / 32 samples
04:30.484  render           | Video append frame 1015
04:30.484  render           | Time: 00:00.22 (Saving: 00:00.00)
04:30.484  render           | Rendering frame 1016
04:30.485  render           | Start rendering: MORI_Assembly_Animation, 视图层
04:30.485  render           | Engine: EEVEE
04:30.531  render           | Fra: 1016 | Rendering 1 / 32 samples
04:30.658  render           | Fra: 1016 | Rendering 25 / 32 samples
04:30.694  render           | Fra: 1016 | Rendering 32 / 32 samples
04:30.707  render           | Video append frame 1016
04:30.707  render           | Time: 00:00.22 (Saving: 00:00.00)
04:30.707  render           | Rendering frame 1017
04:30.707  render           | Start rendering: MORI_Assembly_Animation, 视图层
04:30.707  render           | Engine: EEVEE
04:30.750  render           | Fra: 1017 | Rendering 1 / 32 samples
04:30.879  render           | Fra: 1017 | Rendering 25 / 32 samples
04:30.918  render           | Fra: 1017 | Rendering 32 / 32 samples
04:30.931  render           | Video append frame 1017
04:30.931  render           | Time: 00:00.22 (Saving: 00:00.00)
04:30.931  render           | Rendering frame 1018
04:30.931  render           | Start rendering: MORI_Assembly_Animation, 视图层
04:30.931  render           | Engine: EEVEE
04:30.974  render           | Fra: 1018 | Rendering 1 / 32 samples
04:31.102  render           | Fra: 1018 | Rendering 25 / 32 samples
04:31.141  render           | Fra: 1018 | Rendering 32 / 32 samples
04:31.152  render           | Video append frame 1018
04:31.152  render           | Time: 00:00.22 (Saving: 00:00.00)
04:31.152  render           | Rendering frame 1019
04:31.152  render           | Start rendering: MORI_Assembly_Animation, 视图层
04:31.152  render           | Engine: EEVEE
04:31.194  render           | Fra: 1019 | Rendering 1 / 32 samples
04:31.316  render           | Fra: 1019 | Rendering 25 / 32 samples
04:31.352  render           | Fra: 1019 | Rendering 32 / 32 samples
04:31.366  render           | Video append frame 1019
04:31.366  render           | Time: 00:00.21 (Saving: 00:00.00)
04:31.366  render           | Rendering frame 1020
04:31.366  render           | Start rendering: MORI_Assembly_Animation, 视图层
04:31.366  render           | Engine: EEVEE
04:31.411  render           | Fra: 1020 | Rendering 1 / 32 samples
04:31.543  render           | Fra: 1020 | Rendering 25 / 32 samples
04:31.580  render           | Fra: 1020 | Rendering 32 / 32 samples
04:31.590  render           | Video append frame 1020
04:31.590  render           | Time: 00:00.22 (Saving: 00:00.00)
04:31.590  render           | Rendering frame 1021
04:31.590  render           | Start rendering: MORI_Assembly_Animation, 视图层
04:31.590  render           | Engine: EEVEE
04:31.631  render           | Fra: 1021 | Rendering 1 / 32 samples
04:31.758  render           | Fra: 1021 | Rendering 25 / 32 samples
04:31.796  render           | Fra: 1021 | Rendering 32 / 32 samples
04:31.805  render           | Video append frame 1021
04:31.805  render           | Time: 00:00.21 (Saving: 00:00.00)
04:31.805  render           | Rendering frame 1022
04:31.805  render           | Start rendering: MORI_Assembly_Animation, 视图层
04:31.805  render           | Engine: EEVEE
04:31.843  render           | Fra: 1022 | Rendering 1 / 32 samples
04:31.968  render           | Fra: 1022 | Rendering 25 / 32 samples
04:32.004  render           | Fra: 1022 | Rendering 32 / 32 samples
04:32.015  render           | Video append frame 1022
04:32.015  render           | Time: 00:00.21 (Saving: 00:00.00)
04:32.015  render           | Rendering frame 1023
04:32.015  render           | Start rendering: MORI_Assembly_Animation, 视图层
04:32.015  render           | Engine: EEVEE
04:32.063  render           | Fra: 1023 | Rendering 1 / 32 samples
04:32.191  render           | Fra: 1023 | Rendering 25 / 32 samples
04:32.228  render           | Fra: 1023 | Rendering 32 / 32 samples
04:32.241  render           | Video append frame 1023
04:32.241  render           | Time: 00:00.22 (Saving: 00:00.00)
04:32.241  render           | Rendering frame 1024
04:32.241  render           | Start rendering: MORI_Assembly_Animation, 视图层
04:32.241  render           | Engine: EEVEE
04:32.284  render           | Fra: 1024 | Rendering 1 / 32 samples
04:32.411  render           | Fra: 1024 | Rendering 25 / 32 samples
04:32.447  render           | Fra: 1024 | Rendering 32 / 32 samples
04:32.460  render           | Video append frame 1024
04:32.460  render           | Time: 00:00.21 (Saving: 00:00.00)
04:32.460  render           | Rendering frame 1025
04:32.460  render           | Start rendering: MORI_Assembly_Animation, 视图层
04:32.460  render           | Engine: EEVEE
04:32.504  render           | Fra: 1025 | Rendering 1 / 32 samples
04:32.631  render           | Fra: 1025 | Rendering 25 / 32 samples
04:32.668  render           | Fra: 1025 | Rendering 32 / 32 samples
04:32.682  render           | Video append frame 1025
04:32.682  render           | Time: 00:00.22 (Saving: 00:00.00)
04:32.682  render           | Rendering frame 1026
04:32.682  render           | Start rendering: MORI_Assembly_Animation, 视图层
04:32.682  render           | Engine: EEVEE
04:32.726  render           | Fra: 1026 | Rendering 1 / 32 samples
04:32.848  render           | Fra: 1026 | Rendering 25 / 32 samples
04:32.884  render           | Fra: 1026 | Rendering 32 / 32 samples
04:32.897  render           | Video append frame 1026
04:32.897  render           | Time: 00:00.21 (Saving: 00:00.00)
04:32.897  render           | Rendering frame 1027
04:32.897  render           | Start rendering: MORI_Assembly_Animation, 视图层
04:32.897  render           | Engine: EEVEE
04:32.939  render           | Fra: 1027 | Rendering 1 / 32 samples
04:33.069  render           | Fra: 1027 | Rendering 25 / 32 samples
04:33.107  render           | Fra: 1027 | Rendering 32 / 32 samples
04:33.121  render           | Video append frame 1027
04:33.121  render           | Time: 00:00.22 (Saving: 00:00.00)
04:33.121  render           | Rendering frame 1028
04:33.121  render           | Start rendering: MORI_Assembly_Animation, 视图层
04:33.121  render           | Engine: EEVEE
04:33.164  render           | Fra: 1028 | Rendering 1 / 32 samples
04:33.298  render           | Fra: 1028 | Rendering 25 / 32 samples
04:33.335  render           | Fra: 1028 | Rendering 32 / 32 samples
04:33.348  render           | Video append frame 1028
04:33.348  render           | Time: 00:00.22 (Saving: 00:00.00)
04:33.348  render           | Rendering frame 1029
04:33.348  render           | Start rendering: MORI_Assembly_Animation, 视图层
04:33.348  render           | Engine: EEVEE
04:33.392  render           | Fra: 1029 | Rendering 1 / 32 samples
04:33.521  render           | Fra: 1029 | Rendering 25 / 32 samples
04:33.559  render           | Fra: 1029 | Rendering 32 / 32 samples
04:33.574  render           | Video append frame 1029
04:33.574  render           | Time: 00:00.22 (Saving: 00:00.00)
04:33.574  render           | Rendering frame 1030
04:33.574  render           | Start rendering: MORI_Assembly_Animation, 视图层
04:33.574  render           | Engine: EEVEE
04:33.615  render           | Fra: 1030 | Rendering 1 / 32 samples
04:33.747  render           | Fra: 1030 | Rendering 25 / 32 samples
04:33.784  render           | Fra: 1030 | Rendering 32 / 32 samples
04:33.798  render           | Video append frame 1030
04:33.798  render           | Time: 00:00.22 (Saving: 00:00.00)
04:33.798  render           | Rendering frame 1031
04:33.798  render           | Start rendering: MORI_Assembly_Animation, 视图层
04:33.798  render           | Engine: EEVEE
04:33.840  render           | Fra: 1031 | Rendering 1 / 32 samples
04:33.969  render           | Fra: 1031 | Rendering 25 / 32 samples
04:34.007  render           | Fra: 1031 | Rendering 32 / 32 samples
04:34.020  render           | Video append frame 1031
04:34.020  render           | Time: 00:00.22 (Saving: 00:00.00)
04:34.020  render           | Rendering frame 1032
04:34.020  render           | Start rendering: MORI_Assembly_Animation, 视图层
04:34.020  render           | Engine: EEVEE
04:34.064  render           | Fra: 1032 | Rendering 1 / 32 samples
04:34.188  render           | Fra: 1032 | Rendering 25 / 32 samples
04:34.227  render           | Fra: 1032 | Rendering 32 / 32 samples
04:34.240  render           | Video append frame 1032
04:34.240  render           | Time: 00:00.21 (Saving: 00:00.00)
04:34.240  render           | Rendering frame 1033
04:34.240  render           | Start rendering: MORI_Assembly_Animation, 视图层
04:34.240  render           | Engine: EEVEE
04:34.283  render           | Fra: 1033 | Rendering 1 / 32 samples
04:34.410  render           | Fra: 1033 | Rendering 25 / 32 samples
04:34.446  render           | Fra: 1033 | Rendering 32 / 32 samples
04:34.459  render           | Video append frame 1033
04:34.460  render           | Time: 00:00.21 (Saving: 00:00.00)
04:34.460  render           | Rendering frame 1034
04:34.460  render           | Start rendering: MORI_Assembly_Animation, 视图层
04:34.460  render           | Engine: EEVEE
04:34.503  render           | Fra: 1034 | Rendering 1 / 32 samples
04:34.631  render           | Fra: 1034 | Rendering 25 / 32 samples
04:34.668  render           | Fra: 1034 | Rendering 32 / 32 samples
04:34.681  render           | Video append frame 1034
04:34.681  render           | Time: 00:00.22 (Saving: 00:00.00)
04:34.681  render           | Rendering frame 1035
04:34.681  render           | Start rendering: MORI_Assembly_Animation, 视图层
04:34.681  render           | Engine: EEVEE
04:34.724  render           | Fra: 1035 | Rendering 1 / 32 samples
04:34.848  render           | Fra: 1035 | Rendering 25 / 32 samples
04:34.884  render           | Fra: 1035 | Rendering 32 / 32 samples
04:34.898  render           | Video append frame 1035
04:34.898  render           | Time: 00:00.21 (Saving: 00:00.00)
04:34.898  render           | Rendering frame 1036
04:34.898  render           | Start rendering: MORI_Assembly_Animation, 视图层
04:34.898  render           | Engine: EEVEE
04:34.939  render           | Fra: 1036 | Rendering 1 / 32 samples
04:35.066  render           | Fra: 1036 | Rendering 25 / 32 samples
04:35.102  render           | Fra: 1036 | Rendering 32 / 32 samples
04:35.114  render           | Video append frame 1036
04:35.114  render           | Time: 00:00.21 (Saving: 00:00.00)
04:35.114  render           | Rendering frame 1037
04:35.114  render           | Start rendering: MORI_Assembly_Animation, 视图层
04:35.114  render           | Engine: EEVEE
04:35.157  render           | Fra: 1037 | Rendering 1 / 32 samples
04:35.280  render           | Fra: 1037 | Rendering 25 / 32 samples
04:35.316  render           | Fra: 1037 | Rendering 32 / 32 samples
04:35.330  render           | Video append frame 1037
04:35.330  render           | Time: 00:00.21 (Saving: 00:00.00)
04:35.330  render           | Rendering frame 1038
04:35.330  render           | Start rendering: MORI_Assembly_Animation, 视图层
04:35.330  render           | Engine: EEVEE
04:35.372  render           | Fra: 1038 | Rendering 1 / 32 samples
04:35.500  render           | Fra: 1038 | Rendering 25 / 32 samples
04:35.536  render           | Fra: 1038 | Rendering 32 / 32 samples
04:35.549  render           | Video append frame 1038
04:35.549  render           | Time: 00:00.21 (Saving: 00:00.00)
04:35.549  render           | Rendering frame 1039
04:35.549  render           | Start rendering: MORI_Assembly_Animation, 视图层
04:35.549  render           | Engine: EEVEE
04:35.590  render           | Fra: 1039 | Rendering 1 / 32 samples
04:35.713  render           | Fra: 1039 | Rendering 25 / 32 samples
04:35.751  render           | Fra: 1039 | Rendering 32 / 32 samples
04:35.764  render           | Video append frame 1039
04:35.764  render           | Time: 00:00.21 (Saving: 00:00.00)
04:35.764  render           | Rendering frame 1040
04:35.764  render           | Start rendering: MORI_Assembly_Animation, 视图层
04:35.764  render           | Engine: EEVEE
04:35.806  render           | Fra: 1040 | Rendering 1 / 32 samples
04:35.936  render           | Fra: 1040 | Rendering 25 / 32 samples
04:35.974  render           | Fra: 1040 | Rendering 32 / 32 samples
04:35.988  render           | Video append frame 1040
04:35.988  render           | Time: 00:00.22 (Saving: 00:00.01)
04:35.988  render           | Rendering frame 1041
04:35.988  render           | Start rendering: MORI_Assembly_Animation, 视图层
04:35.988  render           | Engine: EEVEE
04:36.032  render           | Fra: 1041 | Rendering 1 / 32 samples
04:36.158  render           | Fra: 1041 | Rendering 25 / 32 samples
04:36.194  render           | Fra: 1041 | Rendering 32 / 32 samples
04:36.207  render           | Video append frame 1041
04:36.207  render           | Time: 00:00.21 (Saving: 00:00.00)
04:36.207  render           | Rendering frame 1042
04:36.207  render           | Start rendering: MORI_Assembly_Animation, 视图层
04:36.207  render           | Engine: EEVEE
04:36.249  render           | Fra: 1042 | Rendering 1 / 32 samples
04:36.377  render           | Fra: 1042 | Rendering 25 / 32 samples
04:36.413  render           | Fra: 1042 | Rendering 32 / 32 samples
04:36.425  render           | Video append frame 1042
04:36.425  render           | Time: 00:00.21 (Saving: 00:00.00)
04:36.425  render           | Rendering frame 1043
04:36.426  render           | Start rendering: MORI_Assembly_Animation, 视图层
04:36.426  render           | Engine: EEVEE
04:36.468  render           | Fra: 1043 | Rendering 1 / 32 samples
04:36.594  render           | Fra: 1043 | Rendering 25 / 32 samples
04:36.631  render           | Fra: 1043 | Rendering 32 / 32 samples
04:36.644  render           | Video append frame 1043
04:36.644  render           | Time: 00:00.21 (Saving: 00:00.00)
04:36.644  render           | Rendering frame 1044
04:36.644  render           | Start rendering: MORI_Assembly_Animation, 视图层
04:36.644  render           | Engine: EEVEE
04:36.687  render           | Fra: 1044 | Rendering 1 / 32 samples
04:36.816  render           | Fra: 1044 | Rendering 25 / 32 samples
04:36.852  render           | Fra: 1044 | Rendering 32 / 32 samples
04:36.866  render           | Video append frame 1044
04:36.866  render           | Time: 00:00.22 (Saving: 00:00.00)
04:36.866  render           | Rendering frame 1045
04:36.866  render           | Start rendering: MORI_Assembly_Animation, 视图层
04:36.866  render           | Engine: EEVEE
04:36.909  render           | Fra: 1045 | Rendering 1 / 32 samples
04:37.041  render           | Fra: 1045 | Rendering 25 / 32 samples
04:37.079  render           | Fra: 1045 | Rendering 32 / 32 samples
04:37.093  render           | Video append frame 1045
04:37.093  render           | Time: 00:00.22 (Saving: 00:00.00)
04:37.093  render           | Rendering frame 1046
04:37.093  render           | Start rendering: MORI_Assembly_Animation, 视图层
04:37.093  render           | Engine: EEVEE
04:37.132  render           | Fra: 1046 | Rendering 1 / 32 samples
04:37.259  render           | Fra: 1046 | Rendering 25 / 32 samples
04:37.297  render           | Fra: 1046 | Rendering 32 / 32 samples
04:37.310  render           | Video append frame 1046
04:37.310  render           | Time: 00:00.21 (Saving: 00:00.00)
04:37.310  render           | Rendering frame 1047
04:37.310  render           | Start rendering: MORI_Assembly_Animation, 视图层
04:37.310  render           | Engine: EEVEE
04:37.353  render           | Fra: 1047 | Rendering 1 / 32 samples
04:37.479  render           | Fra: 1047 | Rendering 25 / 32 samples
04:37.516  render           | Fra: 1047 | Rendering 32 / 32 samples
04:37.529  render           | Video append frame 1047
04:37.529  render           | Time: 00:00.21 (Saving: 00:00.00)
04:37.529  render           | Rendering frame 1048
04:37.530  render           | Start rendering: MORI_Assembly_Animation, 视图层
04:37.530  render           | Engine: EEVEE
04:37.572  render           | Fra: 1048 | Rendering 1 / 32 samples
04:37.703  render           | Fra: 1048 | Rendering 25 / 32 samples
04:37.739  render           | Fra: 1048 | Rendering 32 / 32 samples
04:37.752  render           | Video append frame 1048
04:37.752  render           | Time: 00:00.22 (Saving: 00:00.00)
04:37.752  render           | Rendering frame 1049
04:37.752  render           | Start rendering: MORI_Assembly_Animation, 视图层
04:37.752  render           | Engine: EEVEE
04:37.793  render           | Fra: 1049 | Rendering 1 / 32 samples
04:37.925  render           | Fra: 1049 | Rendering 25 / 32 samples
04:37.963  render           | Fra: 1049 | Rendering 32 / 32 samples
04:37.977  render           | Video append frame 1049
04:37.977  render           | Time: 00:00.22 (Saving: 00:00.00)
04:37.977  render           | Rendering frame 1050
04:37.977  render           | Start rendering: MORI_Assembly_Animation, 视图层
04:37.977  render           | Engine: EEVEE
04:38.021  render           | Fra: 1050 | Rendering 1 / 32 samples
04:38.151  render           | Fra: 1050 | Rendering 25 / 32 samples
04:38.192  render           | Fra: 1050 | Rendering 32 / 32 samples
04:38.207  render           | Video append frame 1050
04:38.207  render           | Time: 00:00.22 (Saving: 00:00.00)
04:38.207  render           | Rendering frame 1051
04:38.207  render           | Start rendering: MORI_Assembly_Animation, 视图层
04:38.207  render           | Engine: EEVEE
04:38.250  render           | Fra: 1051 | Rendering 1 / 32 samples
04:38.379  render           | Fra: 1051 | Rendering 25 / 32 samples
04:38.418  render           | Fra: 1051 | Rendering 32 / 32 samples
04:38.432  render           | Video append frame 1051
04:38.432  render           | Time: 00:00.22 (Saving: 00:00.00)
04:38.432  render           | Rendering frame 1052
04:38.432  render           | Start rendering: MORI_Assembly_Animation, 视图层
04:38.432  render           | Engine: EEVEE
04:38.479  render           | Fra: 1052 | Rendering 1 / 32 samples
04:38.611  render           | Fra: 1052 | Rendering 25 / 32 samples
04:38.648  render           | Fra: 1052 | Rendering 32 / 32 samples
04:38.660  render           | Video append frame 1052
04:38.660  render           | Time: 00:00.22 (Saving: 00:00.00)
04:38.660  render           | Rendering frame 1053
04:38.660  render           | Start rendering: MORI_Assembly_Animation, 视图层
04:38.660  render           | Engine: EEVEE
04:38.703  render           | Fra: 1053 | Rendering 1 / 32 samples
04:38.834  render           | Fra: 1053 | Rendering 25 / 32 samples
04:38.872  render           | Fra: 1053 | Rendering 32 / 32 samples
04:38.886  render           | Video append frame 1053
04:38.886  render           | Time: 00:00.22 (Saving: 00:00.01)
04:38.886  render           | Rendering frame 1054
04:38.886  render           | Start rendering: MORI_Assembly_Animation, 视图层
04:38.886  render           | Engine: EEVEE
04:38.929  render           | Fra: 1054 | Rendering 1 / 32 samples
04:39.059  render           | Fra: 1054 | Rendering 25 / 32 samples
04:39.099  render           | Fra: 1054 | Rendering 32 / 32 samples
04:39.112  render           | Video append frame 1054
04:39.112  render           | Time: 00:00.22 (Saving: 00:00.00)
04:39.112  render           | Rendering frame 1055
04:39.112  render           | Start rendering: MORI_Assembly_Animation, 视图层
04:39.112  render           | Engine: EEVEE
04:39.157  render           | Fra: 1055 | Rendering 1 / 32 samples
04:39.283  render           | Fra: 1055 | Rendering 25 / 32 samples
04:39.325  render           | Fra: 1055 | Rendering 32 / 32 samples
04:39.337  render           | Video append frame 1055
04:39.337  render           | Time: 00:00.22 (Saving: 00:00.00)
04:39.337  render           | Rendering frame 1056
04:39.337  render           | Start rendering: MORI_Assembly_Animation, 视图层
04:39.337  render           | Engine: EEVEE
04:39.381  render           | Fra: 1056 | Rendering 1 / 32 samples
04:39.513  render           | Fra: 1056 | Rendering 25 / 32 samples
04:39.551  render           | Fra: 1056 | Rendering 32 / 32 samples
04:39.565  render           | Video append frame 1056
04:39.565  render           | Time: 00:00.22 (Saving: 00:00.00)
04:39.565  render           | Rendering frame 1057
04:39.565  render           | Start rendering: MORI_Assembly_Animation, 视图层
04:39.565  render           | Engine: EEVEE
04:39.634  render           | Fra: 1057 | Rendering 1 / 32 samples
04:39.973  render           | Fra: 1057 | Rendering 25 / 32 samples
04:40.069  render           | Fra: 1057 | Rendering 32 / 32 samples
04:40.080  render           | Video append frame 1057
04:40.080  render           | Time: 00:00.51 (Saving: 00:00.00)
04:40.080  render           | Rendering frame 1058
04:40.080  render           | Start rendering: MORI_Assembly_Animation, 视图层
04:40.080  render           | Engine: EEVEE
04:40.135  render           | Fra: 1058 | Rendering 1 / 32 samples
04:40.470  render           | Fra: 1058 | Rendering 25 / 32 samples
04:40.568  render           | Fra: 1058 | Rendering 32 / 32 samples
04:40.581  render           | Video append frame 1058
04:40.581  render           | Time: 00:00.50 (Saving: 00:00.00)
04:40.581  render           | Rendering frame 1059
04:40.581  render           | Start rendering: MORI_Assembly_Animation, 视图层
04:40.581  render           | Engine: EEVEE
04:40.638  render           | Fra: 1059 | Rendering 1 / 32 samples
04:40.969  render           | Fra: 1059 | Rendering 25 / 32 samples
04:41.066  render           | Fra: 1059 | Rendering 32 / 32 samples
04:41.076  render           | Video append frame 1059
04:41.077  render           | Time: 00:00.49 (Saving: 00:00.00)
04:41.077  render           | Rendering frame 1060
04:41.077  render           | Start rendering: MORI_Assembly_Animation, 视图层
04:41.077  render           | Engine: EEVEE
04:41.132  render           | Fra: 1060 | Rendering 1 / 32 samples
04:41.464  render           | Fra: 1060 | Rendering 25 / 32 samples
04:41.562  render           | Fra: 1060 | Rendering 32 / 32 samples
04:41.571  render           | Video append frame 1060
04:41.571  render           | Time: 00:00.49 (Saving: 00:00.00)
04:41.571  render           | Rendering frame 1061
04:41.571  render           | Start rendering: MORI_Assembly_Animation, 视图层
04:41.572  render           | Engine: EEVEE
04:41.623  render           | Fra: 1061 | Rendering 1 / 32 samples
04:41.962  render           | Fra: 1061 | Rendering 25 / 32 samples
04:42.061  render           | Fra: 1061 | Rendering 32 / 32 samples
04:42.073  render           | Video append frame 1061
04:42.073  render           | Time: 00:00.50 (Saving: 00:00.00)
04:42.073  render           | Rendering frame 1062
04:42.073  render           | Start rendering: MORI_Assembly_Animation, 视图层
04:42.073  render           | Engine: EEVEE
04:42.133  render           | Fra: 1062 | Rendering 1 / 32 samples
04:42.480  render           | Fra: 1062 | Rendering 25 / 32 samples
04:42.580  render           | Fra: 1062 | Rendering 32 / 32 samples
04:42.593  render           | Video append frame 1062
04:42.593  render           | Time: 00:00.51 (Saving: 00:00.00)
04:42.593  render           | Rendering frame 1063
04:42.593  render           | Start rendering: MORI_Assembly_Animation, 视图层
04:42.593  render           | Engine: EEVEE
04:42.653  render           | Fra: 1063 | Rendering 1 / 32 samples
04:43.016  render           | Fra: 1063 | Rendering 25 / 32 samples
04:43.128  render           | Fra: 1063 | Rendering 32 / 32 samples
04:43.154  render           | Video append frame 1063
04:43.154  render           | Time: 00:00.56 (Saving: 00:00.01)
04:43.154  render           | Rendering frame 1064
04:43.154  render           | Start rendering: MORI_Assembly_Animation, 视图层
04:43.155  render           | Engine: EEVEE
04:43.206  render           | Fra: 1064 | Rendering 1 / 32 samples
04:43.554  render           | Fra: 1064 | Rendering 25 / 32 samples
04:43.665  render           | Fra: 1064 | Rendering 32 / 32 samples
04:43.690  render           | Video append frame 1064
04:43.690  render           | Time: 00:00.53 (Saving: 00:00.01)
04:43.690  render           | Rendering frame 1065
04:43.690  render           | Start rendering: MORI_Assembly_Animation, 视图层
04:43.690  render           | Engine: EEVEE
04:43.745  render           | Fra: 1065 | Rendering 1 / 32 samples
04:44.107  render           | Fra: 1065 | Rendering 25 / 32 samples
04:44.214  render           | Fra: 1065 | Rendering 32 / 32 samples
04:44.236  render           | Video append frame 1065
04:44.236  render           | Time: 00:00.54 (Saving: 00:00.01)
04:44.236  render           | Rendering frame 1066
04:44.236  render           | Start rendering: MORI_Assembly_Animation, 视图层
04:44.236  render           | Engine: EEVEE
04:44.292  render           | Fra: 1066 | Rendering 1 / 32 samples
04:44.640  render           | Fra: 1066 | Rendering 25 / 32 samples
04:44.741  render           | Fra: 1066 | Rendering 32 / 32 samples
04:44.753  render           | Video append frame 1066
04:44.754  render           | Time: 00:00.51 (Saving: 00:00.00)
04:44.754  render           | Rendering frame 1067
04:44.754  render           | Start rendering: MORI_Assembly_Animation, 视图层
04:44.754  render           | Engine: EEVEE
04:44.808  render           | Fra: 1067 | Rendering 1 / 32 samples
04:45.170  render           | Fra: 1067 | Rendering 25 / 32 samples
04:45.280  render           | Fra: 1067 | Rendering 32 / 32 samples
04:45.303  render           | Video append frame 1067
04:45.303  render           | Time: 00:00.54 (Saving: 00:00.01)
04:45.303  render           | Rendering frame 1068
04:45.303  render           | Start rendering: MORI_Assembly_Animation, 视图层
04:45.303  render           | Engine: EEVEE
04:45.358  render           | Fra: 1068 | Rendering 1 / 32 samples
04:45.710  render           | Fra: 1068 | Rendering 25 / 32 samples
04:45.808  render           | Fra: 1068 | Rendering 32 / 32 samples
04:45.818  render           | Video append frame 1068
04:45.819  render           | Time: 00:00.51 (Saving: 00:00.00)
04:45.819  render           | Rendering frame 1069
04:45.819  render           | Start rendering: MORI_Assembly_Animation, 视图层
04:45.819  render           | Engine: EEVEE
04:45.874  render           | Fra: 1069 | Rendering 1 / 32 samples
04:46.221  render           | Fra: 1069 | Rendering 25 / 32 samples
04:46.320  render           | Fra: 1069 | Rendering 32 / 32 samples
04:46.333  render           | Video append frame 1069
04:46.333  render           | Time: 00:00.51 (Saving: 00:00.00)
04:46.333  render           | Rendering frame 1070
04:46.333  render           | Start rendering: MORI_Assembly_Animation, 视图层
04:46.333  render           | Engine: EEVEE
04:46.390  render           | Fra: 1070 | Rendering 1 / 32 samples
04:46.749  render           | Fra: 1070 | Rendering 25 / 32 samples
04:46.858  render           | Fra: 1070 | Rendering 32 / 32 samples
04:46.881  render           | Video append frame 1070
04:46.881  render           | Time: 00:00.54 (Saving: 00:00.01)
04:46.881  render           | Rendering frame 1071
04:46.882  render           | Start rendering: MORI_Assembly_Animation, 视图层
04:46.882  render           | Engine: EEVEE
04:46.937  render           | Fra: 1071 | Rendering 1 / 32 samples
04:47.300  render           | Fra: 1071 | Rendering 25 / 32 samples
04:47.406  render           | Fra: 1071 | Rendering 32 / 32 samples
04:47.429  render           | Video append frame 1071
04:47.430  render           | Time: 00:00.54 (Saving: 00:00.01)
04:47.430  render           | Rendering frame 1072
04:47.430  render           | Start rendering: MORI_Assembly_Animation, 视图层
04:47.430  render           | Engine: EEVEE
04:47.483  render           | Fra: 1072 | Rendering 1 / 32 samples
04:47.831  render           | Fra: 1072 | Rendering 25 / 32 samples
04:47.931  render           | Fra: 1072 | Rendering 32 / 32 samples
04:47.944  render           | Video append frame 1072
04:47.945  render           | Time: 00:00.51 (Saving: 00:00.00)
04:47.945  render           | Rendering frame 1073
04:47.945  render           | Start rendering: MORI_Assembly_Animation, 视图层
04:47.945  render           | Engine: EEVEE
04:48.004  render           | Fra: 1073 | Rendering 1 / 32 samples
04:48.360  render           | Fra: 1073 | Rendering 25 / 32 samples
04:48.458  render           | Fra: 1073 | Rendering 32 / 32 samples
04:48.473  render           | Video append frame 1073
04:48.473  render           | Time: 00:00.52 (Saving: 00:00.00)
04:48.473  render           | Rendering frame 1074
04:48.473  render           | Start rendering: MORI_Assembly_Animation, 视图层
04:48.473  render           | Engine: EEVEE
04:48.534  render           | Fra: 1074 | Rendering 1 / 32 samples
04:48.879  render           | Fra: 1074 | Rendering 25 / 32 samples
04:48.979  render           | Fra: 1074 | Rendering 32 / 32 samples
04:48.990  render           | Video append frame 1074
04:48.990  render           | Time: 00:00.51 (Saving: 00:00.00)
04:48.990  render           | Rendering frame 1075
04:48.990  render           | Start rendering: MORI_Assembly_Animation, 视图层
04:48.990  render           | Engine: EEVEE
04:49.048  render           | Fra: 1075 | Rendering 1 / 32 samples
04:49.403  render           | Fra: 1075 | Rendering 25 / 32 samples
04:49.502  render           | Fra: 1075 | Rendering 32 / 32 samples
04:49.514  render           | Video append frame 1075
04:49.514  render           | Time: 00:00.52 (Saving: 00:00.00)
04:49.514  render           | Rendering frame 1076
04:49.514  render           | Start rendering: MORI_Assembly_Animation, 视图层
04:49.514  render           | Engine: EEVEE
04:49.570  render           | Fra: 1076 | Rendering 1 / 32 samples
04:49.935  render           | Fra: 1076 | Rendering 25 / 32 samples
04:50.047  render           | Fra: 1076 | Rendering 32 / 32 samples
04:50.069  render           | Video append frame 1076
04:50.069  render           | Time: 00:00.55 (Saving: 00:00.01)
04:50.069  render           | Rendering frame 1077
04:50.069  render           | Start rendering: MORI_Assembly_Animation, 视图层
04:50.069  render           | Engine: EEVEE
04:50.131  render           | Fra: 1077 | Rendering 1 / 32 samples
04:50.488  render           | Fra: 1077 | Rendering 25 / 32 samples
04:50.592  render           | Fra: 1077 | Rendering 32 / 32 samples
04:50.610  render           | Video append frame 1077
04:50.610  render           | Time: 00:00.54 (Saving: 00:00.01)
04:50.610  render           | Rendering frame 1078
04:50.610  render           | Start rendering: MORI_Assembly_Animation, 视图层
04:50.610  render           | Engine: EEVEE
04:50.667  render           | Fra: 1078 | Rendering 1 / 32 samples
04:51.018  render           | Fra: 1078 | Rendering 25 / 32 samples
04:51.121  render           | Fra: 1078 | Rendering 32 / 32 samples
04:51.132  render           | Video append frame 1078
04:51.132  render           | Time: 00:00.52 (Saving: 00:00.00)
04:51.132  render           | Rendering frame 1079
04:51.132  render           | Start rendering: MORI_Assembly_Animation, 视图层
04:51.132  render           | Engine: EEVEE
04:51.190  render           | Fra: 1079 | Rendering 1 / 32 samples
04:51.561  render           | Fra: 1079 | Rendering 25 / 32 samples
04:51.669  render           | Fra: 1079 | Rendering 32 / 32 samples
04:51.699  render           | Video append frame 1079
04:51.699  render           | Time: 00:00.56 (Saving: 00:00.01)
04:51.699  render           | Rendering frame 1080
04:51.699  render           | Start rendering: MORI_Assembly_Animation, 视图层
04:51.699  render           | Engine: EEVEE
04:51.750  render           | Fra: 1080 | Rendering 1 / 32 samples
04:52.105  render           | Fra: 1080 | Rendering 25 / 32 samples
04:52.209  render           | Fra: 1080 | Rendering 32 / 32 samples
04:52.229  render           | Video append frame 1080
04:52.229  render           | Time: 00:00.52 (Saving: 00:00.01)
04:52.229  render           | Rendering frame 1081
04:52.229  render           | Start rendering: MORI_Assembly_Animation, 视图层
04:52.230  render           | Engine: EEVEE
04:52.286  render           | Fra: 1081 | Rendering 1 / 32 samples
04:52.639  render           | Fra: 1081 | Rendering 25 / 32 samples
04:52.744  render           | Fra: 1081 | Rendering 32 / 32 samples
04:52.757  render           | Video append frame 1081
04:52.757  render           | Time: 00:00.52 (Saving: 00:00.00)
04:52.757  render           | Rendering frame 1082
04:52.757  render           | Start rendering: MORI_Assembly_Animation, 视图层
04:52.757  render           | Engine: EEVEE
04:52.814  render           | Fra: 1082 | Rendering 1 / 32 samples
04:53.181  render           | Fra: 1082 | Rendering 25 / 32 samples
04:53.289  render           | Fra: 1082 | Rendering 32 / 32 samples
04:53.312  render           | Video append frame 1082
04:53.312  render           | Time: 00:00.55 (Saving: 00:00.01)
04:53.312  render           | Rendering frame 1083
04:53.312  render           | Start rendering: MORI_Assembly_Animation, 视图层
04:53.312  render           | Engine: EEVEE
04:53.372  render           | Fra: 1083 | Rendering 1 / 32 samples
04:53.724  render           | Fra: 1083 | Rendering 25 / 32 samples
04:53.823  render           | Fra: 1083 | Rendering 32 / 32 samples
04:53.839  render           | Video append frame 1083
04:53.839  render           | Time: 00:00.52 (Saving: 00:00.00)
04:53.839  render           | Rendering frame 1084
04:53.839  render           | Start rendering: MORI_Assembly_Animation, 视图层
04:53.839  render           | Engine: EEVEE
04:53.898  render           | Fra: 1084 | Rendering 1 / 32 samples
04:54.269  render           | Fra: 1084 | Rendering 25 / 32 samples
04:54.383  render           | Fra: 1084 | Rendering 32 / 32 samples
04:54.406  render           | Video append frame 1084
04:54.406  render           | Time: 00:00.56 (Saving: 00:00.01)
04:54.406  render           | Rendering frame 1085
04:54.407  render           | Start rendering: MORI_Assembly_Animation, 视图层
04:54.407  render           | Engine: EEVEE
04:54.465  render           | Fra: 1085 | Rendering 1 / 32 samples
04:54.815  render           | Fra: 1085 | Rendering 25 / 32 samples
04:54.918  render           | Fra: 1085 | Rendering 32 / 32 samples
04:54.930  render           | Video append frame 1085
04:54.930  render           | Time: 00:00.52 (Saving: 00:00.00)
04:54.930  render           | Rendering frame 1086
04:54.930  render           | Start rendering: MORI_Assembly_Animation, 视图层
04:54.930  render           | Engine: EEVEE
04:54.982  render           | Fra: 1086 | Rendering 1 / 32 samples
04:55.353  render           | Fra: 1086 | Rendering 25 / 32 samples
04:55.469  render           | Fra: 1086 | Rendering 32 / 32 samples
04:55.495  render           | Video append frame 1086
04:55.495  render           | Time: 00:00.56 (Saving: 00:00.01)
04:55.495  render           | Rendering frame 1087
04:55.495  render           | Start rendering: MORI_Assembly_Animation, 视图层
04:55.495  render           | Engine: EEVEE
04:55.550  render           | Fra: 1087 | Rendering 1 / 32 samples
04:55.910  render           | Fra: 1087 | Rendering 25 / 32 samples
04:56.018  render           | Fra: 1087 | Rendering 32 / 32 samples
04:56.042  render           | Video append frame 1087
04:56.042  render           | Time: 00:00.54 (Saving: 00:00.01)
04:56.042  render           | Rendering frame 1088
04:56.042  render           | Start rendering: MORI_Assembly_Animation, 视图层
04:56.042  render           | Engine: EEVEE
04:56.102  render           | Fra: 1088 | Rendering 1 / 32 samples
04:56.454  render           | Fra: 1088 | Rendering 25 / 32 samples
04:56.571  render           | Fra: 1088 | Rendering 32 / 32 samples
04:56.594  render           | Video append frame 1088
04:56.594  render           | Time: 00:00.55 (Saving: 00:00.01)
04:56.594  render           | Rendering frame 1089
04:56.594  render           | Start rendering: MORI_Assembly_Animation, 视图层
04:56.594  render           | Engine: EEVEE
04:56.650  render           | Fra: 1089 | Rendering 1 / 32 samples
04:57.003  render           | Fra: 1089 | Rendering 25 / 32 samples
04:57.103  render           | Fra: 1089 | Rendering 32 / 32 samples
04:57.116  render           | Video append frame 1089
04:57.116  render           | Time: 00:00.52 (Saving: 00:00.00)
04:57.116  render           | Rendering frame 1090
04:57.116  render           | Start rendering: MORI_Assembly_Animation, 视图层
04:57.116  render           | Engine: EEVEE
04:57.172  render           | Fra: 1090 | Rendering 1 / 32 samples
04:57.522  render           | Fra: 1090 | Rendering 25 / 32 samples
04:57.620  render           | Fra: 1090 | Rendering 32 / 32 samples
04:57.634  render           | Video append frame 1090
04:57.634  render           | Time: 00:00.51 (Saving: 00:00.00)
04:57.634  render           | Rendering frame 1091
04:57.634  render           | Start rendering: MORI_Assembly_Animation, 视图层
04:57.634  render           | Engine: EEVEE
04:57.686  render           | Fra: 1091 | Rendering 1 / 32 samples
04:58.051  render           | Fra: 1091 | Rendering 25 / 32 samples
04:58.167  render           | Fra: 1091 | Rendering 32 / 32 samples
04:58.187  render           | Video append frame 1091
04:58.187  render           | Time: 00:00.55 (Saving: 00:00.01)
04:58.187  render           | Rendering frame 1092
04:58.188  render           | Start rendering: MORI_Assembly_Animation, 视图层
04:58.188  render           | Engine: EEVEE
04:58.244  render           | Fra: 1092 | Rendering 1 / 32 samples
04:58.597  render           | Fra: 1092 | Rendering 25 / 32 samples
04:58.696  render           | Fra: 1092 | Rendering 32 / 32 samples
04:58.708  render           | Video append frame 1092
04:58.708  render           | Time: 00:00.51 (Saving: 00:00.00)
04:58.708  render           | Rendering frame 1093
04:58.708  render           | Start rendering: MORI_Assembly_Animation, 视图层
04:58.708  render           | Engine: EEVEE
04:58.764  render           | Fra: 1093 | Rendering 1 / 32 samples
04:59.118  render           | Fra: 1093 | Rendering 25 / 32 samples
04:59.227  render           | Fra: 1093 | Rendering 32 / 32 samples
04:59.251  render           | Video append frame 1093
04:59.251  render           | Time: 00:00.54 (Saving: 00:00.01)
04:59.251  render           | Rendering frame 1094
04:59.251  render           | Start rendering: MORI_Assembly_Animation, 视图层
04:59.251  render           | Engine: EEVEE
04:59.308  render           | Fra: 1094 | Rendering 1 / 32 samples
04:59.669  render           | Fra: 1094 | Rendering 25 / 32 samples
04:59.773  render           | Fra: 1094 | Rendering 32 / 32 samples
04:59.784  render           | Video append frame 1094
04:59.784  render           | Time: 00:00.53 (Saving: 00:00.00)
04:59.784  render           | Rendering frame 1095
04:59.784  render           | Start rendering: MORI_Assembly_Animation, 视图层
04:59.784  render           | Engine: EEVEE
04:59.843  render           | Fra: 1095 | Rendering 1 / 32 samples
05:00.193  render           | Fra: 1095 | Rendering 25 / 32 samples
05:00.301  render           | Fra: 1095 | Rendering 32 / 32 samples
05:00.312  render           | Video append frame 1095
05:00.312  render           | Time: 00:00.52 (Saving: 00:00.00)
05:00.312  render           | Rendering frame 1096
05:00.312  render           | Start rendering: MORI_Assembly_Animation, 视图层
05:00.312  render           | Engine: EEVEE
05:00.370  render           | Fra: 1096 | Rendering 1 / 32 samples
05:00.740  render           | Fra: 1096 | Rendering 25 / 32 samples
05:00.849  render           | Fra: 1096 | Rendering 32 / 32 samples
05:00.871  render           | Video append frame 1096
05:00.871  render           | Time: 00:00.55 (Saving: 00:00.01)
05:00.871  render           | Rendering frame 1097
05:00.872  render           | Start rendering: MORI_Assembly_Animation, 视图层
05:00.872  render           | Engine: EEVEE
05:00.929  render           | Fra: 1097 | Rendering 1 / 32 samples
05:01.280  render           | Fra: 1097 | Rendering 25 / 32 samples
05:01.385  render           | Fra: 1097 | Rendering 32 / 32 samples
05:01.398  render           | Video append frame 1097
05:01.398  render           | Time: 00:00.52 (Saving: 00:00.00)
05:01.398  render           | Rendering frame 1098
05:01.398  render           | Start rendering: MORI_Assembly_Animation, 视图层
05:01.398  render           | Engine: EEVEE
05:01.451  render           | Fra: 1098 | Rendering 1 / 32 samples
05:01.811  render           | Fra: 1098 | Rendering 25 / 32 samples
05:01.911  render           | Fra: 1098 | Rendering 32 / 32 samples
05:01.920  render           | Video append frame 1098
05:01.920  render           | Time: 00:00.52 (Saving: 00:00.00)
05:01.920  render           | Rendering frame 1099
05:01.920  render           | Start rendering: MORI_Assembly_Animation, 视图层
05:01.920  render           | Engine: EEVEE
05:01.975  render           | Fra: 1099 | Rendering 1 / 32 samples
05:02.338  render           | Fra: 1099 | Rendering 25 / 32 samples
05:02.445  render           | Fra: 1099 | Rendering 32 / 32 samples
05:02.468  render           | Video append frame 1099
05:02.468  render           | Time: 00:00.54 (Saving: 00:00.01)
05:02.468  render           | Rendering frame 1100
05:02.468  render           | Start rendering: MORI_Assembly_Animation, 视图层
05:02.468  render           | Engine: EEVEE
05:02.525  render           | Fra: 1100 | Rendering 1 / 32 samples
05:02.878  render           | Fra: 1100 | Rendering 25 / 32 samples
05:02.979  render           | Fra: 1100 | Rendering 32 / 32 samples
05:02.990  render           | Video append frame 1100
05:02.990  render           | Time: 00:00.52 (Saving: 00:00.00)
05:02.990  render           | Rendering frame 1101
05:02.990  render           | Start rendering: MORI_Assembly_Animation, 视图层
05:02.990  render           | Engine: EEVEE
05:03.042  render           | Fra: 1101 | Rendering 1 / 32 samples
05:03.407  render           | Fra: 1101 | Rendering 25 / 32 samples
05:03.518  render           | Fra: 1101 | Rendering 32 / 32 samples
05:03.543  render           | Video append frame 1101
05:03.544  render           | Time: 00:00.55 (Saving: 00:00.01)
05:03.544  render           | Rendering frame 1102
05:03.544  render           | Start rendering: MORI_Assembly_Animation, 视图层
05:03.544  render           | Engine: EEVEE
05:03.596  render           | Fra: 1102 | Rendering 1 / 32 samples
05:03.952  render           | Fra: 1102 | Rendering 25 / 32 samples
05:04.052  render           | Fra: 1102 | Rendering 32 / 32 samples
05:04.064  render           | Video append frame 1102
05:04.064  render           | Time: 00:00.52 (Saving: 00:00.00)
05:04.064  render           | Rendering frame 1103
05:04.064  render           | Start rendering: MORI_Assembly_Animation, 视图层
05:04.064  render           | Engine: EEVEE
05:04.121  render           | Fra: 1103 | Rendering 1 / 32 samples
05:04.479  render           | Fra: 1103 | Rendering 25 / 32 samples
05:04.580  render           | Fra: 1103 | Rendering 32 / 32 samples
05:04.594  render           | Video append frame 1103
05:04.594  render           | Time: 00:00.53 (Saving: 00:00.01)
05:04.594  render           | Rendering frame 1104
05:04.595  render           | Start rendering: MORI_Assembly_Animation, 视图层
05:04.595  render           | Engine: EEVEE
05:04.651  render           | Fra: 1104 | Rendering 1 / 32 samples
05:05.004  render           | Fra: 1104 | Rendering 25 / 32 samples
05:05.101  render           | Fra: 1104 | Rendering 32 / 32 samples
05:05.110  render           | Video append frame 1104
05:05.110  render           | Time: 00:00.51 (Saving: 00:00.00)
05:05.110  render           | Rendering frame 1105
05:05.110  render           | Start rendering: MORI_Assembly_Animation, 视图层
05:05.110  render           | Engine: EEVEE
05:05.170  render           | Fra: 1105 | Rendering 1 / 32 samples
05:05.524  render           | Fra: 1105 | Rendering 25 / 32 samples
05:05.623  render           | Fra: 1105 | Rendering 32 / 32 samples
05:05.639  render           | Video append frame 1105
05:05.639  render           | Time: 00:00.52 (Saving: 00:00.00)
05:05.639  render           | Rendering frame 1106
05:05.639  render           | Start rendering: MORI_Assembly_Animation, 视图层
05:05.639  render           | Engine: EEVEE
05:05.696  render           | Fra: 1106 | Rendering 1 / 32 samples
05:06.055  render           | Fra: 1106 | Rendering 25 / 32 samples
05:06.157  render           | Fra: 1106 | Rendering 32 / 32 samples
05:06.171  render           | Video append frame 1106
05:06.171  render           | Time: 00:00.53 (Saving: 00:00.00)
05:06.171  render           | Rendering frame 1107
05:06.172  render           | Start rendering: MORI_Assembly_Animation, 视图层
05:06.172  render           | Engine: EEVEE
05:06.232  render           | Fra: 1107 | Rendering 1 / 32 samples
05:06.590  render           | Fra: 1107 | Rendering 25 / 32 samples
05:06.692  render           | Fra: 1107 | Rendering 32 / 32 samples
05:06.705  render           | Video append frame 1107
05:06.705  render           | Time: 00:00.53 (Saving: 00:00.00)
05:06.705  render           | Rendering frame 1108
05:06.705  render           | Start rendering: MORI_Assembly_Animation, 视图层
05:06.705  render           | Engine: EEVEE
05:06.765  render           | Fra: 1108 | Rendering 1 / 32 samples
05:07.116  render           | Fra: 1108 | Rendering 25 / 32 samples
05:07.215  render           | Fra: 1108 | Rendering 32 / 32 samples
05:07.227  render           | Video append frame 1108
05:07.227  render           | Time: 00:00.52 (Saving: 00:00.00)
05:07.227  render           | Rendering frame 1109
05:07.227  render           | Start rendering: MORI_Assembly_Animation, 视图层
05:07.227  render           | Engine: EEVEE
05:07.280  render           | Fra: 1109 | Rendering 1 / 32 samples
05:07.642  render           | Fra: 1109 | Rendering 25 / 32 samples
05:07.755  render           | Fra: 1109 | Rendering 32 / 32 samples
05:07.781  render           | Video append frame 1109
05:07.781  render           | Time: 00:00.55 (Saving: 00:00.01)
05:07.781  render           | Rendering frame 1110
05:07.781  render           | Start rendering: MORI_Assembly_Animation, 视图层
05:07.781  render           | Engine: EEVEE
05:07.838  render           | Fra: 1110 | Rendering 1 / 32 samples
05:08.206  render           | Fra: 1110 | Rendering 25 / 32 samples
05:08.319  render           | Fra: 1110 | Rendering 32 / 32 samples
05:08.341  render           | Video append frame 1110
05:08.342  render           | Time: 00:00.56 (Saving: 00:00.01)
05:08.342  render           | Rendering frame 1111
05:08.342  render           | Start rendering: MORI_Assembly_Animation, 视图层
05:08.342  render           | Engine: EEVEE
05:08.404  render           | Fra: 1111 | Rendering 1 / 32 samples
05:08.757  render           | Fra: 1111 | Rendering 25 / 32 samples
05:08.856  render           | Fra: 1111 | Rendering 32 / 32 samples
05:08.871  render           | Video append frame 1111
05:08.871  render           | Time: 00:00.52 (Saving: 00:00.00)
05:08.871  render           | Rendering frame 1112
05:08.872  render           | Start rendering: MORI_Assembly_Animation, 视图层
05:08.872  render           | Engine: EEVEE
05:08.932  render           | Fra: 1112 | Rendering 1 / 32 samples
05:09.278  render           | Fra: 1112 | Rendering 25 / 32 samples
05:09.385  render           | Fra: 1112 | Rendering 32 / 32 samples
05:09.395  render           | Video append frame 1112
05:09.395  render           | Time: 00:00.52 (Saving: 00:00.00)
05:09.395  render           | Rendering frame 1113
05:09.395  render           | Start rendering: MORI_Assembly_Animation, 视图层
05:09.395  render           | Engine: EEVEE
05:09.455  render           | Fra: 1113 | Rendering 1 / 32 samples
05:09.819  render           | Fra: 1113 | Rendering 25 / 32 samples
05:09.927  render           | Fra: 1113 | Rendering 32 / 32 samples
05:09.950  render           | Video append frame 1113
05:09.950  render           | Time: 00:00.55 (Saving: 00:00.01)
05:09.950  render           | Rendering frame 1114
05:09.950  render           | Start rendering: MORI_Assembly_Animation, 视图层
05:09.950  render           | Engine: EEVEE
05:10.012  render           | Fra: 1114 | Rendering 1 / 32 samples
05:10.357  render           | Fra: 1114 | Rendering 25 / 32 samples
05:10.463  render           | Fra: 1114 | Rendering 32 / 32 samples
05:10.475  render           | Video append frame 1114
05:10.475  render           | Time: 00:00.52 (Saving: 00:00.00)
05:10.475  render           | Rendering frame 1115
05:10.475  render           | Start rendering: MORI_Assembly_Animation, 视图层
05:10.475  render           | Engine: EEVEE
05:10.530  render           | Fra: 1115 | Rendering 1 / 32 samples
05:10.879  render           | Fra: 1115 | Rendering 25 / 32 samples
05:10.979  render           | Fra: 1115 | Rendering 32 / 32 samples
05:10.993  render           | Video append frame 1115
05:10.993  render           | Time: 00:00.51 (Saving: 00:00.00)
05:10.993  render           | Rendering frame 1116
05:10.993  render           | Start rendering: MORI_Assembly_Animation, 视图层
05:10.993  render           | Engine: EEVEE
05:11.050  render           | Fra: 1116 | Rendering 1 / 32 samples
05:11.396  render           | Fra: 1116 | Rendering 25 / 32 samples
05:11.498  render           | Fra: 1116 | Rendering 32 / 32 samples
05:11.508  render           | Video append frame 1116
05:11.508  render           | Time: 00:00.51 (Saving: 00:00.00)
05:11.508  render           | Rendering frame 1117
05:11.508  render           | Start rendering: MORI_Assembly_Animation, 视图层
05:11.508  render           | Engine: EEVEE
05:11.562  render           | Fra: 1117 | Rendering 1 / 32 samples
05:11.914  render           | Fra: 1117 | Rendering 25 / 32 samples
05:12.013  render           | Fra: 1117 | Rendering 32 / 32 samples
05:12.026  render           | Video append frame 1117
05:12.026  render           | Time: 00:00.51 (Saving: 00:00.00)
05:12.026  render           | Rendering frame 1118
05:12.026  render           | Start rendering: MORI_Assembly_Animation, 视图层
05:12.026  render           | Engine: EEVEE
05:12.082  render           | Fra: 1118 | Rendering 1 / 32 samples
05:12.462  render           | Fra: 1118 | Rendering 25 / 32 samples
05:12.570  render           | Fra: 1118 | Rendering 32 / 32 samples
05:12.579  render           | Video append frame 1118
05:12.579  render           | Time: 00:00.55 (Saving: 00:00.00)
05:12.579  render           | Rendering frame 1119
05:12.579  render           | Start rendering: MORI_Assembly_Animation, 视图层
05:12.579  render           | Engine: EEVEE
05:12.630  render           | Fra: 1119 | Rendering 1 / 32 samples
05:12.976  render           | Fra: 1119 | Rendering 25 / 32 samples
05:13.077  render           | Fra: 1119 | Rendering 32 / 32 samples
05:13.087  render           | Video append frame 1119
05:13.087  render           | Time: 00:00.50 (Saving: 00:00.00)
05:13.087  render           | Rendering frame 1120
05:13.087  render           | Start rendering: MORI_Assembly_Animation, 视图层
05:13.087  render           | Engine: EEVEE
05:13.135  render           | Fra: 1120 | Rendering 1 / 32 samples
05:13.548  render           | Fra: 1120 | Rendering 25 / 32 samples
05:13.649  render           | Fra: 1120 | Rendering 32 / 32 samples
05:13.659  render           | Video append frame 1120
05:13.659  render           | Time: 00:00.57 (Saving: 00:00.00)
05:13.659  render           | Rendering frame 1121
05:13.659  render           | Start rendering: MORI_Assembly_Animation, 视图层
05:13.659  render           | Engine: EEVEE
05:13.711  render           | Fra: 1121 | Rendering 1 / 32 samples
05:14.054  render           | Fra: 1121 | Rendering 25 / 32 samples
05:14.156  render           | Fra: 1121 | Rendering 32 / 32 samples
05:14.167  render           | Video append frame 1121
05:14.167  render           | Time: 00:00.50 (Saving: 00:00.00)
05:14.167  render           | Rendering frame 1122
05:14.167  render           | Start rendering: MORI_Assembly_Animation, 视图层
05:14.167  render           | Engine: EEVEE
05:14.219  render           | Fra: 1122 | Rendering 1 / 32 samples
05:14.572  render           | Fra: 1122 | Rendering 25 / 32 samples
05:14.676  render           | Fra: 1122 | Rendering 32 / 32 samples
05:14.685  render           | Video append frame 1122
05:14.685  render           | Time: 00:00.51 (Saving: 00:00.00)
05:14.685  render           | Rendering frame 1123
05:14.685  render           | Start rendering: MORI_Assembly_Animation, 视图层
05:14.685  render           | Engine: EEVEE
05:14.745  render           | Fra: 1123 | Rendering 1 / 32 samples
05:15.104  render           | Fra: 1123 | Rendering 25 / 32 samples
05:15.208  render           | Fra: 1123 | Rendering 32 / 32 samples
05:15.217  render           | Video append frame 1123
05:15.217  render           | Time: 00:00.53 (Saving: 00:00.00)
05:15.217  render           | Rendering frame 1124
05:15.218  render           | Start rendering: MORI_Assembly_Animation, 视图层
05:15.218  render           | Engine: EEVEE
05:15.274  render           | Fra: 1124 | Rendering 1 / 32 samples
05:15.667  render           | Fra: 1124 | Rendering 25 / 32 samples
05:15.768  render           | Fra: 1124 | Rendering 32 / 32 samples
05:15.778  render           | Video append frame 1124
05:15.778  render           | Time: 00:00.56 (Saving: 00:00.00)
05:15.778  render           | Rendering frame 1125
05:15.779  render           | Start rendering: MORI_Assembly_Animation, 视图层
05:15.779  render           | Engine: EEVEE
05:15.834  render           | Fra: 1125 | Rendering 1 / 32 samples
05:16.205  render           | Fra: 1125 | Rendering 25 / 32 samples
05:16.318  render           | Fra: 1125 | Rendering 32 / 32 samples
05:16.330  render           | Video append frame 1125
05:16.330  render           | Time: 00:00.55 (Saving: 00:00.00)
05:16.330  render           | Rendering frame 1126
05:16.330  render           | Start rendering: MORI_Assembly_Animation, 视图层
05:16.330  render           | Engine: EEVEE
05:16.385  render           | Fra: 1126 | Rendering 1 / 32 samples
05:16.756  render           | Fra: 1126 | Rendering 25 / 32 samples
05:16.865  render           | Fra: 1126 | Rendering 32 / 32 samples
05:16.876  render           | Video append frame 1126
05:16.877  render           | Time: 00:00.54 (Saving: 00:00.00)
05:16.877  render           | Rendering frame 1127
05:16.877  render           | Start rendering: MORI_Assembly_Animation, 视图层
05:16.877  render           | Engine: EEVEE
05:16.935  render           | Fra: 1127 | Rendering 1 / 32 samples
05:17.283  render           | Fra: 1127 | Rendering 25 / 32 samples
05:17.385  render           | Fra: 1127 | Rendering 32 / 32 samples
05:17.396  render           | Video append frame 1127
05:17.397  render           | Time: 00:00.51 (Saving: 00:00.00)
05:17.397  render           | Rendering frame 1128
05:17.397  render           | Start rendering: MORI_Assembly_Animation, 视图层
05:17.397  render           | Engine: EEVEE
05:17.454  render           | Fra: 1128 | Rendering 1 / 32 samples
05:17.817  render           | Fra: 1128 | Rendering 25 / 32 samples
05:17.935  render           | Fra: 1128 | Rendering 32 / 32 samples
05:17.957  render           | Video append frame 1128
05:17.957  render           | Time: 00:00.56 (Saving: 00:00.01)
05:17.957  render           | Rendering frame 1129
05:17.957  render           | Start rendering: MORI_Assembly_Animation, 视图层
05:17.957  render           | Engine: EEVEE
05:18.016  render           | Fra: 1129 | Rendering 1 / 32 samples
05:18.359  render           | Fra: 1129 | Rendering 25 / 32 samples
05:18.470  render           | Fra: 1129 | Rendering 32 / 32 samples
05:18.480  render           | Video append frame 1129
05:18.480  render           | Time: 00:00.52 (Saving: 00:00.00)
05:18.480  render           | Rendering frame 1130
05:18.480  render           | Start rendering: MORI_Assembly_Animation, 视图层
05:18.480  render           | Engine: EEVEE
05:18.541  render           | Fra: 1130 | Rendering 1 / 32 samples
05:18.886  render           | Fra: 1130 | Rendering 25 / 32 samples
05:18.986  render           | Fra: 1130 | Rendering 32 / 32 samples
05:18.996  render           | Video append frame 1130
05:18.996  render           | Time: 00:00.51 (Saving: 00:00.00)
05:18.996  render           | Rendering frame 1131
05:18.997  render           | Start rendering: MORI_Assembly_Animation, 视图层
05:18.997  render           | Engine: EEVEE
05:19.055  render           | Fra: 1131 | Rendering 1 / 32 samples
05:19.406  render           | Fra: 1131 | Rendering 25 / 32 samples
05:19.505  render           | Fra: 1131 | Rendering 32 / 32 samples
05:19.515  render           | Video append frame 1131
05:19.515  render           | Time: 00:00.51 (Saving: 00:00.00)
05:19.515  render           | Rendering frame 1132
05:19.515  render           | Start rendering: MORI_Assembly_Animation, 视图层
05:19.515  render           | Engine: EEVEE
05:19.572  render           | Fra: 1132 | Rendering 1 / 32 samples
05:19.922  render           | Fra: 1132 | Rendering 25 / 32 samples
05:20.022  render           | Fra: 1132 | Rendering 32 / 32 samples
05:20.034  render           | Video append frame 1132
05:20.034  render           | Time: 00:00.51 (Saving: 00:00.00)
05:20.034  render           | Rendering frame 1133
05:20.034  render           | Start rendering: MORI_Assembly_Animation, 视图层
05:20.034  render           | Engine: EEVEE
05:20.090  render           | Fra: 1133 | Rendering 1 / 32 samples
05:20.458  render           | Fra: 1133 | Rendering 25 / 32 samples
05:20.581  render           | Fra: 1133 | Rendering 32 / 32 samples
05:20.604  render           | Video append frame 1133
05:20.604  render           | Time: 00:00.56 (Saving: 00:00.01)
05:20.604  render           | Rendering frame 1134
05:20.604  render           | Start rendering: MORI_Assembly_Animation, 视图层
05:20.604  render           | Engine: EEVEE
05:20.661  render           | Fra: 1134 | Rendering 1 / 32 samples
05:21.018  render           | Fra: 1134 | Rendering 25 / 32 samples
05:21.125  render           | Fra: 1134 | Rendering 32 / 32 samples
05:21.162  render           | Video append frame 1134
05:21.162  render           | Time: 00:00.55 (Saving: 00:00.02)
05:21.162  render           | Rendering frame 1135
05:21.162  render           | Start rendering: MORI_Assembly_Animation, 视图层
05:21.162  render           | Engine: EEVEE
05:21.216  render           | Fra: 1135 | Rendering 1 / 32 samples
05:21.577  render           | Fra: 1135 | Rendering 25 / 32 samples
05:21.697  render           | Fra: 1135 | Rendering 32 / 32 samples
05:21.720  render           | Video append frame 1135
05:21.720  render           | Time: 00:00.55 (Saving: 00:00.01)
05:21.720  render           | Rendering frame 1136
05:21.720  render           | Start rendering: MORI_Assembly_Animation, 视图层
05:21.720  render           | Engine: EEVEE
05:21.780  render           | Fra: 1136 | Rendering 1 / 32 samples
05:22.124  render           | Fra: 1136 | Rendering 25 / 32 samples
05:22.223  render           | Fra: 1136 | Rendering 32 / 32 samples
05:22.237  render           | Video append frame 1136
05:22.237  render           | Time: 00:00.51 (Saving: 00:00.00)
05:22.237  render           | Rendering frame 1137
05:22.237  render           | Start rendering: MORI_Assembly_Animation, 视图层
05:22.237  render           | Engine: EEVEE
05:22.294  render           | Fra: 1137 | Rendering 1 / 32 samples
05:22.649  render           | Fra: 1137 | Rendering 25 / 32 samples
05:22.747  render           | Fra: 1137 | Rendering 32 / 32 samples
05:22.756  render           | Video append frame 1137
05:22.756  render           | Time: 00:00.51 (Saving: 00:00.00)
05:22.756  render           | Rendering frame 1138
05:22.756  render           | Start rendering: MORI_Assembly_Animation, 视图层
05:22.756  render           | Engine: EEVEE
05:22.813  render           | Fra: 1138 | Rendering 1 / 32 samples
05:23.156  render           | Fra: 1138 | Rendering 25 / 32 samples
05:23.260  render           | Fra: 1138 | Rendering 32 / 32 samples
05:23.272  render           | Video append frame 1138
05:23.272  render           | Time: 00:00.51 (Saving: 00:00.00)
05:23.272  render           | Rendering frame 1139
05:23.272  render           | Start rendering: MORI_Assembly_Animation, 视图层
05:23.272  render           | Engine: EEVEE
05:23.335  render           | Fra: 1139 | Rendering 1 / 32 samples
05:23.686  render           | Fra: 1139 | Rendering 25 / 32 samples
05:23.787  render           | Fra: 1139 | Rendering 32 / 32 samples
05:23.796  render           | Video append frame 1139
05:23.797  render           | Time: 00:00.52 (Saving: 00:00.00)
05:23.797  render           | Rendering frame 1140
05:23.797  render           | Start rendering: MORI_Assembly_Animation, 视图层
05:23.797  render           | Engine: EEVEE
05:23.851  render           | Fra: 1140 | Rendering 1 / 32 samples
05:24.211  render           | Fra: 1140 | Rendering 25 / 32 samples
05:24.313  render           | Fra: 1140 | Rendering 32 / 32 samples
05:24.322  render           | Video append frame 1140
05:24.322  render           | Time: 00:00.52 (Saving: 00:00.00)
05:24.322  render           | Rendering frame 1141
05:24.323  render           | Start rendering: MORI_Assembly_Animation, 视图层
05:24.323  render           | Engine: EEVEE
05:24.381  render           | Fra: 1141 | Rendering 1 / 32 samples
05:24.732  render           | Fra: 1141 | Rendering 25 / 32 samples
05:24.845  render           | Fra: 1141 | Rendering 32 / 32 samples
05:24.856  render           | Video append frame 1141
05:24.856  render           | Time: 00:00.53 (Saving: 00:00.00)
05:24.856  render           | Rendering frame 1142
05:24.857  render           | Start rendering: MORI_Assembly_Animation, 视图层
05:24.857  render           | Engine: EEVEE
05:24.909  render           | Fra: 1142 | Rendering 1 / 32 samples
05:25.258  render           | Fra: 1142 | Rendering 25 / 32 samples
05:25.364  render           | Fra: 1142 | Rendering 32 / 32 samples
05:25.376  render           | Video append frame 1142
05:25.376  render           | Time: 00:00.51 (Saving: 00:00.00)
05:25.376  render           | Rendering frame 1143
05:25.376  render           | Start rendering: MORI_Assembly_Animation, 视图层
05:25.376  render           | Engine: EEVEE
05:25.428  render           | Fra: 1143 | Rendering 1 / 32 samples
05:25.787  render           | Fra: 1143 | Rendering 25 / 32 samples
05:25.892  render           | Fra: 1143 | Rendering 32 / 32 samples
05:25.903  render           | Video append frame 1143
05:25.903  render           | Time: 00:00.52 (Saving: 00:00.00)
05:25.903  render           | Rendering frame 1144
05:25.903  render           | Start rendering: MORI_Assembly_Animation, 视图层
05:25.903  render           | Engine: EEVEE
05:25.955  render           | Fra: 1144 | Rendering 1 / 32 samples
05:26.333  render           | Fra: 1144 | Rendering 25 / 32 samples
05:26.444  render           | Fra: 1144 | Rendering 32 / 32 samples
05:26.463  render           | Video append frame 1144
05:26.463  render           | Time: 00:00.55 (Saving: 00:00.01)
05:26.463  render           | Rendering frame 1145
05:26.463  render           | Start rendering: MORI_Assembly_Animation, 视图层
05:26.463  render           | Engine: EEVEE
05:26.521  render           | Fra: 1145 | Rendering 1 / 32 samples
05:26.870  render           | Fra: 1145 | Rendering 25 / 32 samples
05:26.972  render           | Fra: 1145 | Rendering 32 / 32 samples
05:26.981  render           | Video append frame 1145
05:26.981  render           | Time: 00:00.51 (Saving: 00:00.00)
05:26.981  render           | Rendering frame 1146
05:26.981  render           | Start rendering: MORI_Assembly_Animation, 视图层
05:26.981  render           | Engine: EEVEE
05:27.035  render           | Fra: 1146 | Rendering 1 / 32 samples
05:27.405  render           | Fra: 1146 | Rendering 25 / 32 samples
05:27.516  render           | Fra: 1146 | Rendering 32 / 32 samples
05:27.528  render           | Video append frame 1146
05:27.528  render           | Time: 00:00.54 (Saving: 00:00.00)
05:27.528  render           | Rendering frame 1147
05:27.528  render           | Start rendering: MORI_Assembly_Animation, 视图层
05:27.528  render           | Engine: EEVEE
05:27.584  render           | Fra: 1147 | Rendering 1 / 32 samples
05:27.949  render           | Fra: 1147 | Rendering 25 / 32 samples
05:28.054  render           | Fra: 1147 | Rendering 32 / 32 samples
05:28.066  render           | Video append frame 1147
05:28.066  render           | Time: 00:00.53 (Saving: 00:00.00)
05:28.066  render           | Rendering frame 1148
05:28.066  render           | Start rendering: MORI_Assembly_Animation, 视图层
05:28.066  render           | Engine: EEVEE
05:28.120  render           | Fra: 1148 | Rendering 1 / 32 samples
05:28.487  render           | Fra: 1148 | Rendering 25 / 32 samples
05:28.593  render           | Fra: 1148 | Rendering 32 / 32 samples
05:28.606  render           | Video append frame 1148
05:28.606  render           | Time: 00:00.53 (Saving: 00:00.00)
05:28.606  render           | Rendering frame 1149
05:28.606  render           | Start rendering: MORI_Assembly_Animation, 视图层
05:28.606  render           | Engine: EEVEE
05:28.664  render           | Fra: 1149 | Rendering 1 / 32 samples
05:29.026  render           | Fra: 1149 | Rendering 25 / 32 samples
05:29.136  render           | Fra: 1149 | Rendering 32 / 32 samples
05:29.146  render           | Video append frame 1149
05:29.146  render           | Time: 00:00.53 (Saving: 00:00.00)
05:29.146  render           | Rendering frame 1150
05:29.146  render           | Start rendering: MORI_Assembly_Animation, 视图层
05:29.146  render           | Engine: EEVEE
05:29.204  render           | Fra: 1150 | Rendering 1 / 32 samples
05:29.573  render           | Fra: 1150 | Rendering 25 / 32 samples
05:29.680  render           | Fra: 1150 | Rendering 32 / 32 samples
05:29.691  render           | Video append frame 1150
05:29.691  render           | Time: 00:00.54 (Saving: 00:00.00)
05:29.691  render           | Rendering frame 1151
05:29.691  render           | Start rendering: MORI_Assembly_Animation, 视图层
05:29.691  render           | Engine: EEVEE
05:29.745  render           | Fra: 1151 | Rendering 1 / 32 samples
05:30.108  render           | Fra: 1151 | Rendering 25 / 32 samples
05:30.214  render           | Fra: 1151 | Rendering 32 / 32 samples
05:30.224  render           | Video append frame 1151
05:30.224  render           | Time: 00:00.53 (Saving: 00:00.00)
05:30.224  render           | Rendering frame 1152
05:30.224  render           | Start rendering: MORI_Assembly_Animation, 视图层
05:30.224  render           | Engine: EEVEE
05:30.278  render           | Fra: 1152 | Rendering 1 / 32 samples
05:30.657  render           | Fra: 1152 | Rendering 25 / 32 samples
05:30.784  render           | Fra: 1152 | Rendering 32 / 32 samples
05:30.794  render           | Video append frame 1152
05:30.794  render           | Time: 00:00.57 (Saving: 00:00.00)
05:30.794  render           | Rendering frame 1153
05:30.794  render           | Start rendering: MORI_Assembly_Animation, 视图层
05:30.794  render           | Engine: EEVEE
05:30.845  render           | Fra: 1153 | Rendering 1 / 32 samples
05:31.203  render           | Fra: 1153 | Rendering 25 / 32 samples
05:31.307  render           | Fra: 1153 | Rendering 32 / 32 samples
05:31.317  render           | Video append frame 1153
05:31.317  render           | Time: 00:00.52 (Saving: 00:00.00)
05:31.317  render           | Rendering frame 1154
05:31.317  render           | Start rendering: MORI_Assembly_Animation, 视图层
05:31.317  render           | Engine: EEVEE
05:31.374  render           | Fra: 1154 | Rendering 1 / 32 samples
05:31.774  render           | Fra: 1154 | Rendering 25 / 32 samples
05:31.888  render           | Fra: 1154 | Rendering 32 / 32 samples
05:31.900  render           | Video append frame 1154
05:31.900  render           | Time: 00:00.58 (Saving: 00:00.00)
05:31.900  render           | Rendering frame 1155
05:31.900  render           | Start rendering: MORI_Assembly_Animation, 视图层
05:31.900  render           | Engine: EEVEE
05:31.955  render           | Fra: 1155 | Rendering 1 / 32 samples
05:32.310  render           | Fra: 1155 | Rendering 25 / 32 samples
05:32.421  render           | Fra: 1155 | Rendering 32 / 32 samples
05:32.432  render           | Video append frame 1155
05:32.432  render           | Time: 00:00.53 (Saving: 00:00.00)
05:32.433  render           | Rendering frame 1156
05:32.433  render           | Start rendering: MORI_Assembly_Animation, 视图层
05:32.433  render           | Engine: EEVEE
05:32.481  render           | Fra: 1156 | Rendering 1 / 32 samples
05:32.838  render           | Fra: 1156 | Rendering 25 / 32 samples
05:32.943  render           | Fra: 1156 | Rendering 32 / 32 samples
05:32.952  render           | Video append frame 1156
05:32.952  render           | Time: 00:00.51 (Saving: 00:00.00)
05:32.952  render           | Rendering frame 1157
05:32.952  render           | Start rendering: MORI_Assembly_Animation, 视图层
05:32.952  render           | Engine: EEVEE
05:33.005  render           | Fra: 1157 | Rendering 1 / 32 samples
05:33.404  render           | Fra: 1157 | Rendering 25 / 32 samples
05:33.535  render           | Fra: 1157 | Rendering 32 / 32 samples
05:33.546  render           | Video append frame 1157
05:33.546  render           | Time: 00:00.59 (Saving: 00:00.00)
05:33.546  render           | Rendering frame 1158
05:33.546  render           | Start rendering: MORI_Assembly_Animation, 视图层
05:33.546  render           | Engine: EEVEE
05:33.595  render           | Fra: 1158 | Rendering 1 / 32 samples
05:33.951  render           | Fra: 1158 | Rendering 25 / 32 samples
05:34.055  render           | Fra: 1158 | Rendering 32 / 32 samples
05:34.067  render           | Video append frame 1158
05:34.067  render           | Time: 00:00.52 (Saving: 00:00.00)
05:34.067  render           | Rendering frame 1159
05:34.067  render           | Start rendering: MORI_Assembly_Animation, 视图层
05:34.067  render           | Engine: EEVEE
05:34.117  render           | Fra: 1159 | Rendering 1 / 32 samples
05:34.480  render           | Fra: 1159 | Rendering 25 / 32 samples
05:34.586  render           | Fra: 1159 | Rendering 32 / 32 samples
05:34.597  render           | Video append frame 1159
05:34.597  render           | Time: 00:00.53 (Saving: 00:00.00)
05:34.597  render           | Rendering frame 1160
05:34.597  render           | Start rendering: MORI_Assembly_Animation, 视图层
05:34.597  render           | Engine: EEVEE
05:34.648  render           | Fra: 1160 | Rendering 1 / 32 samples
05:35.049  render           | Fra: 1160 | Rendering 25 / 32 samples
05:35.155  render           | Fra: 1160 | Rendering 32 / 32 samples
05:35.167  render           | Video append frame 1160
05:35.167  render           | Time: 00:00.56 (Saving: 00:00.00)
05:35.167  render           | Rendering frame 1161
05:35.167  render           | Start rendering: MORI_Assembly_Animation, 视图层
05:35.167  render           | Engine: EEVEE
05:35.216  render           | Fra: 1161 | Rendering 1 / 32 samples
05:35.575  render           | Fra: 1161 | Rendering 25 / 32 samples
05:35.682  render           | Fra: 1161 | Rendering 32 / 32 samples
05:35.692  render           | Video append frame 1161
05:35.692  render           | Time: 00:00.52 (Saving: 00:00.00)
05:35.692  render           | Rendering frame 1162
05:35.692  render           | Start rendering: MORI_Assembly_Animation, 视图层
05:35.692  render           | Engine: EEVEE
05:35.749  render           | Fra: 1162 | Rendering 1 / 32 samples
05:36.126  render           | Fra: 1162 | Rendering 25 / 32 samples
05:36.242  render           | Fra: 1162 | Rendering 32 / 32 samples
05:36.267  render           | Video append frame 1162
05:36.267  render           | Time: 00:00.57 (Saving: 00:00.01)
05:36.267  render           | Rendering frame 1163
05:36.267  render           | Start rendering: MORI_Assembly_Animation, 视图层
05:36.267  render           | Engine: EEVEE
05:36.326  render           | Fra: 1163 | Rendering 1 / 32 samples
05:36.702  render           | Fra: 1163 | Rendering 25 / 32 samples
05:36.830  render           | Fra: 1163 | Rendering 32 / 32 samples
05:36.841  render           | Video append frame 1163
05:36.841  render           | Time: 00:00.57 (Saving: 00:00.00)
05:36.841  render           | Rendering frame 1164
05:36.841  render           | Start rendering: MORI_Assembly_Animation, 视图层
05:36.841  render           | Engine: EEVEE
05:36.888  render           | Fra: 1164 | Rendering 1 / 32 samples
05:37.245  render           | Fra: 1164 | Rendering 25 / 32 samples
05:37.345  render           | Fra: 1164 | Rendering 32 / 32 samples
05:37.354  render           | Video append frame 1164
05:37.354  render           | Time: 00:00.51 (Saving: 00:00.00)
05:37.354  render           | Rendering frame 1165
05:37.354  render           | Start rendering: MORI_Assembly_Animation, 视图层
05:37.354  render           | Engine: EEVEE
05:37.403  render           | Fra: 1165 | Rendering 1 / 32 samples
05:37.755  render           | Fra: 1165 | Rendering 25 / 32 samples
05:37.861  render           | Fra: 1165 | Rendering 32 / 32 samples
05:37.873  render           | Video append frame 1165
05:37.873  render           | Time: 00:00.51 (Saving: 00:00.00)
05:37.873  render           | Rendering frame 1166
05:37.873  render           | Start rendering: MORI_Assembly_Animation, 视图层
05:37.873  render           | Engine: EEVEE
05:37.920  render           | Fra: 1166 | Rendering 1 / 32 samples
05:38.279  render           | Fra: 1166 | Rendering 25 / 32 samples
05:38.387  render           | Fra: 1166 | Rendering 32 / 32 samples
05:38.397  render           | Video append frame 1166
05:38.397  render           | Time: 00:00.52 (Saving: 00:00.00)
05:38.397  render           | Rendering frame 1167
05:38.397  render           | Start rendering: MORI_Assembly_Animation, 视图层
05:38.397  render           | Engine: EEVEE
05:38.446  render           | Fra: 1167 | Rendering 1 / 32 samples
05:38.814  render           | Fra: 1167 | Rendering 25 / 32 samples
05:38.921  render           | Fra: 1167 | Rendering 32 / 32 samples
05:38.933  render           | Video append frame 1167
05:38.933  render           | Time: 00:00.53 (Saving: 00:00.00)
05:38.933  render           | Rendering frame 1168
05:38.933  render           | Start rendering: MORI_Assembly_Animation, 视图层
05:38.933  render           | Engine: EEVEE
05:38.984  render           | Fra: 1168 | Rendering 1 / 32 samples
05:39.345  render           | Fra: 1168 | Rendering 25 / 32 samples
05:39.451  render           | Fra: 1168 | Rendering 32 / 32 samples
05:39.461  render           | Video append frame 1168
05:39.461  render           | Time: 00:00.52 (Saving: 00:00.00)
05:39.461  render           | Rendering frame 1169
05:39.462  render           | Start rendering: MORI_Assembly_Animation, 视图层
05:39.462  render           | Engine: EEVEE
05:39.508  render           | Fra: 1169 | Rendering 1 / 32 samples
05:39.899  render           | Fra: 1169 | Rendering 25 / 32 samples
05:40.007  render           | Fra: 1169 | Rendering 32 / 32 samples
05:40.017  render           | Video append frame 1169
05:40.017  render           | Time: 00:00.55 (Saving: 00:00.00)
05:40.017  render           | Rendering frame 1170
05:40.017  render           | Start rendering: MORI_Assembly_Animation, 视图层
05:40.017  render           | Engine: EEVEE
05:40.066  render           | Fra: 1170 | Rendering 1 / 32 samples
05:40.424  render           | Fra: 1170 | Rendering 25 / 32 samples
05:40.528  render           | Fra: 1170 | Rendering 32 / 32 samples
05:40.539  render           | Video append frame 1170
05:40.539  render           | Time: 00:00.52 (Saving: 00:00.00)
05:40.539  render           | Rendering frame 1171
05:40.539  render           | Start rendering: MORI_Assembly_Animation, 视图层
05:40.539  render           | Engine: EEVEE
05:40.588  render           | Fra: 1171 | Rendering 1 / 32 samples
05:40.951  render           | Fra: 1171 | Rendering 25 / 32 samples
05:41.057  render           | Fra: 1171 | Rendering 32 / 32 samples
05:41.068  render           | Video append frame 1171
05:41.068  render           | Time: 00:00.52 (Saving: 00:00.00)
05:41.068  render           | Rendering frame 1172
05:41.068  render           | Start rendering: MORI_Assembly_Animation, 视图层
05:41.068  render           | Engine: EEVEE
05:41.118  render           | Fra: 1172 | Rendering 1 / 32 samples
05:41.516  render           | Fra: 1172 | Rendering 25 / 32 samples
05:41.657  render           | Fra: 1172 | Rendering 32 / 32 samples
05:41.669  render           | Video append frame 1172
05:41.669  render           | Time: 00:00.60 (Saving: 00:00.00)
05:41.669  render           | Rendering frame 1173
05:41.669  render           | Start rendering: MORI_Assembly_Animation, 视图层
05:41.669  render           | Engine: EEVEE
05:41.736  render           | Fra: 1173 | Rendering 1 / 32 samples
05:42.141  render           | Fra: 1173 | Rendering 25 / 32 samples
05:42.260  render           | Fra: 1173 | Rendering 32 / 32 samples
05:42.274  render           | Video append frame 1173
05:42.274  render           | Time: 00:00.60 (Saving: 00:00.00)
05:42.274  render           | Rendering frame 1174
05:42.274  render           | Start rendering: MORI_Assembly_Animation, 视图层
05:42.274  render           | Engine: EEVEE
05:42.331  render           | Fra: 1174 | Rendering 1 / 32 samples
05:42.694  render           | Fra: 1174 | Rendering 25 / 32 samples
05:42.823  render           | Fra: 1174 | Rendering 32 / 32 samples
05:42.836  render           | Video append frame 1174
05:42.836  render           | Time: 00:00.56 (Saving: 00:00.00)
05:42.836  render           | Rendering frame 1175
05:42.836  render           | Start rendering: MORI_Assembly_Animation, 视图层
05:42.836  render           | Engine: EEVEE
05:42.889  render           | Fra: 1175 | Rendering 1 / 32 samples
05:43.248  render           | Fra: 1175 | Rendering 25 / 32 samples
05:43.377  render           | Fra: 1175 | Rendering 32 / 32 samples
05:43.387  render           | Video append frame 1175
05:43.387  render           | Time: 00:00.55 (Saving: 00:00.00)
05:43.387  render           | Rendering frame 1176
05:43.388  render           | Start rendering: MORI_Assembly_Animation, 视图层
05:43.388  render           | Engine: EEVEE
05:43.438  render           | Fra: 1176 | Rendering 1 / 32 samples
05:43.790  render           | Fra: 1176 | Rendering 25 / 32 samples
05:43.895  render           | Fra: 1176 | Rendering 32 / 32 samples
05:43.906  render           | Video append frame 1176
05:43.906  render           | Time: 00:00.51 (Saving: 00:00.00)
05:43.906  render           | Rendering frame 1177
05:43.906  render           | Start rendering: MORI_Assembly_Animation, 视图层
05:43.906  render           | Engine: EEVEE
05:43.957  render           | Fra: 1177 | Rendering 1 / 32 samples
05:44.320  render           | Fra: 1177 | Rendering 25 / 32 samples
05:44.432  render           | Fra: 1177 | Rendering 32 / 32 samples
05:44.443  render           | Video append frame 1177
05:44.443  render           | Time: 00:00.53 (Saving: 00:00.00)
05:44.443  render           | Rendering frame 1178
05:44.443  render           | Start rendering: MORI_Assembly_Animation, 视图层
05:44.443  render           | Engine: EEVEE
05:44.494  render           | Fra: 1178 | Rendering 1 / 32 samples
05:44.877  render           | Fra: 1178 | Rendering 25 / 32 samples
05:45.005  render           | Fra: 1178 | Rendering 32 / 32 samples
05:45.015  render           | Video append frame 1178
05:45.015  render           | Time: 00:00.57 (Saving: 00:00.00)
05:45.015  render           | Rendering frame 1179
05:45.015  render           | Start rendering: MORI_Assembly_Animation, 视图层
05:45.015  render           | Engine: EEVEE
05:45.066  render           | Fra: 1179 | Rendering 1 / 32 samples
05:45.416  render           | Fra: 1179 | Rendering 25 / 32 samples
05:45.521  render           | Fra: 1179 | Rendering 32 / 32 samples
05:45.533  render           | Video append frame 1179
05:45.533  render           | Time: 00:00.51 (Saving: 00:00.00)
05:45.533  render           | Rendering frame 1180
05:45.533  render           | Start rendering: MORI_Assembly_Animation, 视图层
05:45.533  render           | Engine: EEVEE
05:45.584  render           | Fra: 1180 | Rendering 1 / 32 samples
05:45.965  render           | Fra: 1180 | Rendering 25 / 32 samples
05:46.071  render           | Fra: 1180 | Rendering 32 / 32 samples
05:46.081  render           | Video append frame 1180
05:46.081  render           | Time: 00:00.54 (Saving: 00:00.00)
05:46.081  render           | Rendering frame 1181
05:46.081  render           | Start rendering: MORI_Assembly_Animation, 视图层
05:46.081  render           | Engine: EEVEE
05:46.131  render           | Fra: 1181 | Rendering 1 / 32 samples
05:46.489  render           | Fra: 1181 | Rendering 25 / 32 samples
05:46.595  render           | Fra: 1181 | Rendering 32 / 32 samples
05:46.606  render           | Video append frame 1181
05:46.606  render           | Time: 00:00.52 (Saving: 00:00.00)
05:46.606  render           | Rendering frame 1182
05:46.606  render           | Start rendering: MORI_Assembly_Animation, 视图层
05:46.606  render           | Engine: EEVEE
05:46.656  render           | Fra: 1182 | Rendering 1 / 32 samples
05:47.024  render           | Fra: 1182 | Rendering 25 / 32 samples
05:47.131  render           | Fra: 1182 | Rendering 32 / 32 samples
05:47.143  render           | Video append frame 1182
05:47.143  render           | Time: 00:00.53 (Saving: 00:00.00)
05:47.144  render           | Rendering frame 1183
05:47.144  render           | Start rendering: MORI_Assembly_Animation, 视图层
05:47.144  render           | Engine: EEVEE
05:47.198  render           | Fra: 1183 | Rendering 1 / 32 samples
05:47.566  render           | Fra: 1183 | Rendering 25 / 32 samples
05:47.673  render           | Fra: 1183 | Rendering 32 / 32 samples
05:47.682  render           | Video append frame 1183
05:47.683  render           | Time: 00:00.53 (Saving: 00:00.00)
05:47.683  render           | Rendering frame 1184
05:47.683  render           | Start rendering: MORI_Assembly_Animation, 视图层
05:47.683  render           | Engine: EEVEE
05:47.740  render           | Fra: 1184 | Rendering 1 / 32 samples
05:48.109  render           | Fra: 1184 | Rendering 25 / 32 samples
05:48.214  render           | Fra: 1184 | Rendering 32 / 32 samples
05:48.224  render           | Video append frame 1184
05:48.225  render           | Time: 00:00.54 (Saving: 00:00.00)
05:48.225  render           | Rendering frame 1185
05:48.225  render           | Start rendering: MORI_Assembly_Animation, 视图层
05:48.225  render           | Engine: EEVEE
05:48.277  render           | Fra: 1185 | Rendering 1 / 32 samples
05:48.644  render           | Fra: 1185 | Rendering 25 / 32 samples
05:48.761  render           | Fra: 1185 | Rendering 32 / 32 samples
05:48.773  render           | Video append frame 1185
05:48.773  render           | Time: 00:00.54 (Saving: 00:00.00)
05:48.773  render           | Rendering frame 1186
05:48.774  render           | Start rendering: MORI_Assembly_Animation, 视图层
05:48.774  render           | Engine: EEVEE
05:48.832  render           | Fra: 1186 | Rendering 1 / 32 samples
05:49.194  render           | Fra: 1186 | Rendering 25 / 32 samples
05:49.305  render           | Fra: 1186 | Rendering 32 / 32 samples
05:49.315  render           | Video append frame 1186
05:49.315  render           | Time: 00:00.54 (Saving: 00:00.00)
05:49.315  render           | Rendering frame 1187
05:49.315  render           | Start rendering: MORI_Assembly_Animation, 视图层
05:49.315  render           | Engine: EEVEE
05:49.371  render           | Fra: 1187 | Rendering 1 / 32 samples
05:49.734  render           | Fra: 1187 | Rendering 25 / 32 samples
05:49.841  render           | Fra: 1187 | Rendering 32 / 32 samples
05:49.850  render           | Video append frame 1187
05:49.850  render           | Time: 00:00.53 (Saving: 00:00.00)
05:49.850  render           | Rendering frame 1188
05:49.851  render           | Start rendering: MORI_Assembly_Animation, 视图层
05:49.851  render           | Engine: EEVEE
05:49.907  render           | Fra: 1188 | Rendering 1 / 32 samples
05:50.275  render           | Fra: 1188 | Rendering 25 / 32 samples
05:50.382  render           | Fra: 1188 | Rendering 32 / 32 samples
05:50.392  render           | Video append frame 1188
05:50.392  render           | Time: 00:00.54 (Saving: 00:00.00)
05:50.392  render           | Rendering frame 1189
05:50.392  render           | Start rendering: MORI_Assembly_Animation, 视图层
05:50.392  render           | Engine: EEVEE
05:50.449  render           | Fra: 1189 | Rendering 1 / 32 samples
05:50.818  render           | Fra: 1189 | Rendering 25 / 32 samples
05:50.923  render           | Fra: 1189 | Rendering 32 / 32 samples
05:50.935  render           | Video append frame 1189
05:50.935  render           | Time: 00:00.54 (Saving: 00:00.00)
05:50.935  render           | Rendering frame 1190
05:50.935  render           | Start rendering: MORI_Assembly_Animation, 视图层
05:50.935  render           | Engine: EEVEE
05:50.993  render           | Fra: 1190 | Rendering 1 / 32 samples
05:51.378  render           | Fra: 1190 | Rendering 25 / 32 samples
05:51.498  render           | Fra: 1190 | Rendering 32 / 32 samples
05:51.509  render           | Video append frame 1190
05:51.509  render           | Time: 00:00.57 (Saving: 00:00.00)
05:51.509  render           | Rendering frame 1191
05:51.509  render           | Start rendering: MORI_Assembly_Animation, 视图层
05:51.509  render           | Engine: EEVEE
05:51.565  render           | Fra: 1191 | Rendering 1 / 32 samples
05:51.955  render           | Fra: 1191 | Rendering 25 / 32 samples
05:52.058  render           | Fra: 1191 | Rendering 32 / 32 samples
05:52.070  render           | Video append frame 1191
05:52.070  render           | Time: 00:00.56 (Saving: 00:00.00)
05:52.070  render           | Rendering frame 1192
05:52.070  render           | Start rendering: MORI_Assembly_Animation, 视图层
05:52.070  render           | Engine: EEVEE
05:52.118  render           | Fra: 1192 | Rendering 1 / 32 samples
05:52.474  render           | Fra: 1192 | Rendering 25 / 32 samples
05:52.580  render           | Fra: 1192 | Rendering 32 / 32 samples
05:52.589  render           | Video append frame 1192
05:52.590  render           | Time: 00:00.51 (Saving: 00:00.00)
05:52.590  render           | Rendering frame 1193
05:52.590  render           | Start rendering: MORI_Assembly_Animation, 视图层
05:52.590  render           | Engine: EEVEE
05:52.642  render           | Fra: 1193 | Rendering 1 / 32 samples
05:53.006  render           | Fra: 1193 | Rendering 25 / 32 samples
05:53.111  render           | Fra: 1193 | Rendering 32 / 32 samples
05:53.120  render           | Video append frame 1193
05:53.120  render           | Time: 00:00.53 (Saving: 00:00.00)
05:53.120  render           | Rendering frame 1194
05:53.120  render           | Start rendering: MORI_Assembly_Animation, 视图层
05:53.120  render           | Engine: EEVEE
05:53.173  render           | Fra: 1194 | Rendering 1 / 32 samples
05:53.554  render           | Fra: 1194 | Rendering 25 / 32 samples
05:53.657  render           | Fra: 1194 | Rendering 32 / 32 samples
05:53.669  render           | Video append frame 1194
05:53.669  render           | Time: 00:00.54 (Saving: 00:00.00)
05:53.669  render           | Rendering frame 1195
05:53.669  render           | Start rendering: MORI_Assembly_Animation, 视图层
05:53.669  render           | Engine: EEVEE
05:53.720  render           | Fra: 1195 | Rendering 1 / 32 samples
05:54.081  render           | Fra: 1195 | Rendering 25 / 32 samples
05:54.187  render           | Fra: 1195 | Rendering 32 / 32 samples
05:54.196  render           | Video append frame 1195
05:54.196  render           | Time: 00:00.52 (Saving: 00:00.00)
05:54.196  render           | Rendering frame 1196
05:54.196  render           | Start rendering: MORI_Assembly_Animation, 视图层
05:54.196  render           | Engine: EEVEE
05:54.247  render           | Fra: 1196 | Rendering 1 / 32 samples
05:54.612  render           | Fra: 1196 | Rendering 25 / 32 samples
05:54.726  render           | Fra: 1196 | Rendering 32 / 32 samples
05:54.739  render           | Video append frame 1196
05:54.739  render           | Time: 00:00.54 (Saving: 00:00.00)
05:54.739  render           | Rendering frame 1197
05:54.739  render           | Start rendering: MORI_Assembly_Animation, 视图层
05:54.739  render           | Engine: EEVEE
05:54.790  render           | Fra: 1197 | Rendering 1 / 32 samples
05:55.165  render           | Fra: 1197 | Rendering 25 / 32 samples
05:55.274  render           | Fra: 1197 | Rendering 32 / 32 samples
05:55.283  render           | Video append frame 1197
05:55.283  render           | Time: 00:00.54 (Saving: 00:00.00)
05:55.283  render           | Rendering frame 1198
05:55.284  render           | Start rendering: MORI_Assembly_Animation, 视图层
05:55.284  render           | Engine: EEVEE
05:55.337  render           | Fra: 1198 | Rendering 1 / 32 samples
05:55.703  render           | Fra: 1198 | Rendering 25 / 32 samples
05:55.808  render           | Fra: 1198 | Rendering 32 / 32 samples
05:55.817  render           | Video append frame 1198
05:55.817  render           | Time: 00:00.53 (Saving: 00:00.00)
05:55.817  render           | Rendering frame 1199
05:55.817  render           | Start rendering: MORI_Assembly_Animation, 视图层
05:55.817  render           | Engine: EEVEE
05:55.869  render           | Fra: 1199 | Rendering 1 / 32 samples
05:56.231  render           | Fra: 1199 | Rendering 25 / 32 samples
05:56.340  render           | Fra: 1199 | Rendering 32 / 32 samples
05:56.351  render           | Video append frame 1199
05:56.351  render           | Time: 00:00.53 (Saving: 00:00.00)
05:56.351  render           | Rendering frame 1200
05:56.351  render           | Start rendering: MORI_Assembly_Animation, 视图层
05:56.351  render           | Engine: EEVEE
05:56.409  render           | Fra: 1200 | Rendering 1 / 32 samples
05:56.770  render           | Fra: 1200 | Rendering 25 / 32 samples
05:56.875  render           | Fra: 1200 | Rendering 32 / 32 samples
05:56.884  render           | Video append frame 1200
05:56.884  render           | Time: 00:00.53 (Saving: 00:00.00)
05:56.884  render           | Rendering frame 1201
05:56.884  render           | Start rendering: MORI_Assembly_Animation, 视图层
05:56.884  render           | Engine: EEVEE
05:56.941  render           | Fra: 1201 | Rendering 1 / 32 samples
05:57.296  render           | Fra: 1201 | Rendering 25 / 32 samples
05:57.403  render           | Fra: 1201 | Rendering 32 / 32 samples
05:57.413  render           | Video append frame 1201
05:57.413  render           | Time: 00:00.52 (Saving: 00:00.00)
05:57.413  render           | Rendering frame 1202
05:57.413  render           | Start rendering: MORI_Assembly_Animation, 视图层
05:57.413  render           | Engine: EEVEE
05:57.466  render           | Fra: 1202 | Rendering 1 / 32 samples
05:57.821  render           | Fra: 1202 | Rendering 25 / 32 samples
05:57.940  render           | Fra: 1202 | Rendering 32 / 32 samples
05:57.949  render           | Video append frame 1202
05:57.949  render           | Time: 00:00.53 (Saving: 00:00.00)
05:57.950  render           | Rendering frame 1203
05:57.950  render           | Start rendering: MORI_Assembly_Animation, 视图层
05:57.950  render           | Engine: EEVEE
05:58.002  render           | Fra: 1203 | Rendering 1 / 32 samples
05:58.359  render           | Fra: 1203 | Rendering 25 / 32 samples
05:58.466  render           | Fra: 1203 | Rendering 32 / 32 samples
05:58.476  render           | Video append frame 1203
05:58.476  render           | Time: 00:00.52 (Saving: 00:00.00)
05:58.476  render           | Rendering frame 1204
05:58.476  render           | Start rendering: MORI_Assembly_Animation, 视图层
05:58.476  render           | Engine: EEVEE
05:58.527  render           | Fra: 1204 | Rendering 1 / 32 samples
05:58.889  render           | Fra: 1204 | Rendering 25 / 32 samples
05:58.996  render           | Fra: 1204 | Rendering 32 / 32 samples
05:59.008  render           | Video append frame 1204
05:59.008  render           | Time: 00:00.53 (Saving: 00:00.00)
05:59.008  render           | Rendering frame 1205
05:59.008  render           | Start rendering: MORI_Assembly_Animation, 视图层
05:59.008  render           | Engine: EEVEE
05:59.063  render           | Fra: 1205 | Rendering 1 / 32 samples
05:59.421  render           | Fra: 1205 | Rendering 25 / 32 samples
05:59.524  render           | Fra: 1205 | Rendering 32 / 32 samples
05:59.536  render           | Video append frame 1205
05:59.536  render           | Time: 00:00.52 (Saving: 00:00.00)
05:59.536  render           | Rendering frame 1206
05:59.536  render           | Start rendering: MORI_Assembly_Animation, 视图层
05:59.536  render           | Engine: EEVEE
05:59.588  render           | Fra: 1206 | Rendering 1 / 32 samples
05:59.953  render           | Fra: 1206 | Rendering 25 / 32 samples
06:00.058  render           | Fra: 1206 | Rendering 32 / 32 samples
06:00.069  render           | Video append frame 1206
06:00.070  render           | Time: 00:00.53 (Saving: 00:00.00)
06:00.070  render           | Rendering frame 1207
06:00.070  render           | Start rendering: MORI_Assembly_Animation, 视图层
06:00.070  render           | Engine: EEVEE
06:00.126  render           | Fra: 1207 | Rendering 1 / 32 samples
06:00.484  render           | Fra: 1207 | Rendering 25 / 32 samples
06:00.588  render           | Fra: 1207 | Rendering 32 / 32 samples
06:00.599  render           | Video append frame 1207
06:00.599  render           | Time: 00:00.52 (Saving: 00:00.00)
06:00.599  render           | Rendering frame 1208
06:00.599  render           | Start rendering: MORI_Assembly_Animation, 视图层
06:00.599  render           | Engine: EEVEE
06:00.652  render           | Fra: 1208 | Rendering 1 / 32 samples
06:01.036  render           | Fra: 1208 | Rendering 25 / 32 samples
06:01.140  render           | Fra: 1208 | Rendering 32 / 32 samples
06:01.150  render           | Video append frame 1208
06:01.150  render           | Time: 00:00.55 (Saving: 00:00.00)
06:01.150  render           | Rendering frame 1209
06:01.150  render           | Start rendering: MORI_Assembly_Animation, 视图层
06:01.150  render           | Engine: EEVEE
06:01.200  render           | Fra: 1209 | Rendering 1 / 32 samples
06:01.557  render           | Fra: 1209 | Rendering 25 / 32 samples
06:01.689  render           | Fra: 1209 | Rendering 32 / 32 samples
06:01.702  render           | Video append frame 1209
06:01.702  render           | Time: 00:00.55 (Saving: 00:00.00)
06:01.702  render           | Rendering frame 1210
06:01.702  render           | Start rendering: MORI_Assembly_Animation, 视图层
06:01.702  render           | Engine: EEVEE
06:01.751  render           | Fra: 1210 | Rendering 1 / 32 samples
06:02.104  render           | Fra: 1210 | Rendering 25 / 32 samples
06:02.208  render           | Fra: 1210 | Rendering 32 / 32 samples
06:02.217  render           | Video append frame 1210
06:02.217  render           | Time: 00:00.51 (Saving: 00:00.00)
06:02.217  render           | Rendering frame 1211
06:02.217  render           | Start rendering: MORI_Assembly_Animation, 视图层
06:02.217  render           | Engine: EEVEE
06:02.268  render           | Fra: 1211 | Rendering 1 / 32 samples
06:02.623  render           | Fra: 1211 | Rendering 25 / 32 samples
06:02.756  render           | Fra: 1211 | Rendering 32 / 32 samples
06:02.768  render           | Video append frame 1211
06:02.768  render           | Time: 00:00.55 (Saving: 00:00.00)
06:02.768  render           | Rendering frame 1212
06:02.768  render           | Start rendering: MORI_Assembly_Animation, 视图层
06:02.768  render           | Engine: EEVEE
06:02.830  render           | Fra: 1212 | Rendering 1 / 32 samples
06:03.247  render           | Fra: 1212 | Rendering 25 / 32 samples
06:03.377  render           | Fra: 1212 | Rendering 32 / 32 samples
06:03.388  render           | Video append frame 1212
06:03.388  render           | Time: 00:00.61 (Saving: 00:00.00)
06:03.388  render           | Rendering frame 1213
06:03.388  render           | Start rendering: MORI_Assembly_Animation, 视图层
06:03.388  render           | Engine: EEVEE
06:03.446  render           | Fra: 1213 | Rendering 1 / 32 samples
06:03.805  render           | Fra: 1213 | Rendering 25 / 32 samples
06:03.910  render           | Fra: 1213 | Rendering 32 / 32 samples
06:03.919  render           | Video append frame 1213
06:03.919  render           | Time: 00:00.53 (Saving: 00:00.00)
06:03.919  render           | Rendering frame 1214
06:03.919  render           | Start rendering: MORI_Assembly_Animation, 视图层
06:03.919  render           | Engine: EEVEE
06:03.975  render           | Fra: 1214 | Rendering 1 / 32 samples
06:04.336  render           | Fra: 1214 | Rendering 25 / 32 samples
06:04.440  render           | Fra: 1214 | Rendering 32 / 32 samples
06:04.450  render           | Video append frame 1214
06:04.450  render           | Time: 00:00.53 (Saving: 00:00.00)
06:04.450  render           | Rendering frame 1215
06:04.450  render           | Start rendering: MORI_Assembly_Animation, 视图层
06:04.450  render           | Engine: EEVEE
06:04.508  render           | Fra: 1215 | Rendering 1 / 32 samples
06:04.870  render           | Fra: 1215 | Rendering 25 / 32 samples
06:04.975  render           | Fra: 1215 | Rendering 32 / 32 samples
06:04.985  render           | Video append frame 1215
06:04.985  render           | Time: 00:00.53 (Saving: 00:00.00)
06:04.985  render           | Rendering frame 1216
06:04.985  render           | Start rendering: MORI_Assembly_Animation, 视图层
06:04.985  render           | Engine: EEVEE
06:05.041  render           | Fra: 1216 | Rendering 1 / 32 samples
06:05.424  render           | Fra: 1216 | Rendering 25 / 32 samples
06:05.528  render           | Fra: 1216 | Rendering 32 / 32 samples
06:05.539  render           | Video append frame 1216
06:05.539  render           | Time: 00:00.55 (Saving: 00:00.00)
06:05.539  render           | Rendering frame 1217
06:05.539  render           | Start rendering: MORI_Assembly_Animation, 视图层
06:05.539  render           | Engine: EEVEE
06:05.595  render           | Fra: 1217 | Rendering 1 / 32 samples
06:05.952  render           | Fra: 1217 | Rendering 25 / 32 samples
06:06.055  render           | Fra: 1217 | Rendering 32 / 32 samples
06:06.066  render           | Video append frame 1217
06:06.066  render           | Time: 00:00.52 (Saving: 00:00.00)
06:06.066  render           | Rendering frame 1218
06:06.066  render           | Start rendering: MORI_Assembly_Animation, 视图层
06:06.066  render           | Engine: EEVEE
06:06.118  render           | Fra: 1218 | Rendering 1 / 32 samples
06:06.473  render           | Fra: 1218 | Rendering 25 / 32 samples
06:06.577  render           | Fra: 1218 | Rendering 32 / 32 samples
06:06.586  render           | Video append frame 1218
06:06.586  render           | Time: 00:00.51 (Saving: 00:00.00)
06:06.586  render           | Rendering frame 1219
06:06.586  render           | Start rendering: MORI_Assembly_Animation, 视图层
06:06.586  render           | Engine: EEVEE
06:06.644  render           | Fra: 1219 | Rendering 1 / 32 samples
06:07.014  render           | Fra: 1219 | Rendering 25 / 32 samples
06:07.143  render           | Fra: 1219 | Rendering 32 / 32 samples
06:07.156  render           | Video append frame 1219
06:07.156  render           | Time: 00:00.56 (Saving: 00:00.00)
06:07.156  render           | Rendering frame 1220
06:07.156  render           | Start rendering: MORI_Assembly_Animation, 视图层
06:07.156  render           | Engine: EEVEE
06:07.214  render           | Fra: 1220 | Rendering 1 / 32 samples
06:07.594  render           | Fra: 1220 | Rendering 25 / 32 samples
06:07.710  render           | Fra: 1220 | Rendering 32 / 32 samples
06:07.721  render           | Video append frame 1220
06:07.721  render           | Time: 00:00.56 (Saving: 00:00.00)
06:07.721  render           | Rendering frame 1221
06:07.721  render           | Start rendering: MORI_Assembly_Animation, 视图层
06:07.721  render           | Engine: EEVEE
06:07.776  render           | Fra: 1221 | Rendering 1 / 32 samples
06:08.131  render           | Fra: 1221 | Rendering 25 / 32 samples
06:08.245  render           | Fra: 1221 | Rendering 32 / 32 samples
06:08.258  render           | Video append frame 1221
06:08.258  render           | Time: 00:00.53 (Saving: 00:00.00)
06:08.258  render           | Rendering frame 1222
06:08.259  render           | Start rendering: MORI_Assembly_Animation, 视图层
06:08.259  render           | Engine: EEVEE
06:08.317  render           | Fra: 1222 | Rendering 1 / 32 samples
06:08.685  render           | Fra: 1222 | Rendering 25 / 32 samples
06:08.788  render           | Fra: 1222 | Rendering 32 / 32 samples
06:08.800  render           | Video append frame 1222
06:08.800  render           | Time: 00:00.54 (Saving: 00:00.00)
06:08.800  render           | Rendering frame 1223
06:08.800  render           | Start rendering: MORI_Assembly_Animation, 视图层
06:08.800  render           | Engine: EEVEE
06:08.856  render           | Fra: 1223 | Rendering 1 / 32 samples
06:09.215  render           | Fra: 1223 | Rendering 25 / 32 samples
06:09.320  render           | Fra: 1223 | Rendering 32 / 32 samples
06:09.329  render           | Video append frame 1223
06:09.329  render           | Time: 00:00.52 (Saving: 00:00.00)
06:09.329  render           | Rendering frame 1224
06:09.329  render           | Start rendering: MORI_Assembly_Animation, 视图层
06:09.329  render           | Engine: EEVEE
06:09.385  render           | Fra: 1224 | Rendering 1 / 32 samples
06:09.745  render           | Fra: 1224 | Rendering 25 / 32 samples
06:09.854  render           | Fra: 1224 | Rendering 32 / 32 samples
06:09.865  render           | Video append frame 1224
06:09.865  render           | Time: 00:00.53 (Saving: 00:00.00)
06:09.865  render           | Rendering frame 1225
06:09.865  render           | Start rendering: MORI_Assembly_Animation, 视图层
06:09.865  render           | Engine: EEVEE
06:09.918  render           | Fra: 1225 | Rendering 1 / 32 samples
06:10.309  render           | Fra: 1225 | Rendering 25 / 32 samples
06:10.412  render           | Fra: 1225 | Rendering 32 / 32 samples
06:10.421  render           | Video append frame 1225
06:10.421  render           | Time: 00:00.55 (Saving: 00:00.00)
06:10.421  render           | Rendering frame 1226
06:10.421  render           | Start rendering: MORI_Assembly_Animation, 视图层
06:10.421  render           | Engine: EEVEE
06:10.477  render           | Fra: 1226 | Rendering 1 / 32 samples
06:10.827  render           | Fra: 1226 | Rendering 25 / 32 samples
06:10.933  render           | Fra: 1226 | Rendering 32 / 32 samples
06:10.943  render           | Video append frame 1226
06:10.943  render           | Time: 00:00.52 (Saving: 00:00.00)
06:10.943  render           | Rendering frame 1227
06:10.943  render           | Start rendering: MORI_Assembly_Animation, 视图层
06:10.943  render           | Engine: EEVEE
06:10.997  render           | Fra: 1227 | Rendering 1 / 32 samples
06:11.353  render           | Fra: 1227 | Rendering 25 / 32 samples
06:11.457  render           | Fra: 1227 | Rendering 32 / 32 samples
06:11.468  render           | Video append frame 1227
06:11.468  render           | Time: 00:00.52 (Saving: 00:00.00)
06:11.468  render           | Rendering frame 1228
06:11.468  render           | Start rendering: MORI_Assembly_Animation, 视图层
06:11.468  render           | Engine: EEVEE
06:11.518  render           | Fra: 1228 | Rendering 1 / 32 samples
06:11.894  render           | Fra: 1228 | Rendering 25 / 32 samples
06:12.005  render           | Fra: 1228 | Rendering 32 / 32 samples
06:12.014  render           | Video append frame 1228
06:12.014  render           | Time: 00:00.54 (Saving: 00:00.00)
06:12.014  render           | Rendering frame 1229
06:12.014  render           | Start rendering: MORI_Assembly_Animation, 视图层
06:12.014  render           | Engine: EEVEE
06:12.070  render           | Fra: 1229 | Rendering 1 / 32 samples
06:12.426  render           | Fra: 1229 | Rendering 25 / 32 samples
06:12.533  render           | Fra: 1229 | Rendering 32 / 32 samples
06:12.544  render           | Video append frame 1229
06:12.544  render           | Time: 00:00.52 (Saving: 00:00.00)
06:12.544  render           | Rendering frame 1230
06:12.544  render           | Start rendering: MORI_Assembly_Animation, 视图层
06:12.544  render           | Engine: EEVEE
06:12.596  render           | Fra: 1230 | Rendering 1 / 32 samples
06:12.958  render           | Fra: 1230 | Rendering 25 / 32 samples
06:13.067  render           | Fra: 1230 | Rendering 32 / 32 samples
06:13.078  render           | Video append frame 1230
06:13.078  render           | Time: 00:00.53 (Saving: 00:00.00)
06:13.078  render           | Rendering frame 1231
06:13.078  render           | Start rendering: MORI_Assembly_Animation, 视图层
06:13.078  render           | Engine: EEVEE
06:13.129  render           | Fra: 1231 | Rendering 1 / 32 samples
06:13.528  render           | Fra: 1231 | Rendering 25 / 32 samples
06:13.639  render           | Fra: 1231 | Rendering 32 / 32 samples
06:13.649  render           | Video append frame 1231
06:13.649  render           | Time: 00:00.57 (Saving: 00:00.00)
06:13.649  render           | Rendering frame 1232
06:13.649  render           | Start rendering: MORI_Assembly_Animation, 视图层
06:13.649  render           | Engine: EEVEE
06:13.707  render           | Fra: 1232 | Rendering 1 / 32 samples
06:14.075  render           | Fra: 1232 | Rendering 25 / 32 samples
06:14.190  render           | Fra: 1232 | Rendering 32 / 32 samples
06:14.203  render           | Video append frame 1232
06:14.203  render           | Time: 00:00.55 (Saving: 00:00.00)
06:14.203  render           | Rendering frame 1233
06:14.203  render           | Start rendering: MORI_Assembly_Animation, 视图层
06:14.203  render           | Engine: EEVEE
06:14.256  render           | Fra: 1233 | Rendering 1 / 32 samples
06:14.642  render           | Fra: 1233 | Rendering 25 / 32 samples
06:14.765  render           | Fra: 1233 | Rendering 32 / 32 samples
06:14.794  render           | Video append frame 1233
06:14.794  render           | Time: 00:00.59 (Saving: 00:00.01)
06:14.794  render           | Rendering frame 1234
06:14.794  render           | Start rendering: MORI_Assembly_Animation, 视图层
06:14.794  render           | Engine: EEVEE
06:14.854  render           | Fra: 1234 | Rendering 1 / 32 samples
06:15.215  render           | Fra: 1234 | Rendering 25 / 32 samples
06:15.317  render           | Fra: 1234 | Rendering 32 / 32 samples
06:15.328  render           | Video append frame 1234
06:15.328  render           | Time: 00:00.53 (Saving: 00:00.00)
06:15.328  render           | Rendering frame 1235
06:15.328  render           | Start rendering: MORI_Assembly_Animation, 视图层
06:15.328  render           | Engine: EEVEE
06:15.381  render           | Fra: 1235 | Rendering 1 / 32 samples
06:15.740  render           | Fra: 1235 | Rendering 25 / 32 samples
06:15.845  render           | Fra: 1235 | Rendering 32 / 32 samples
06:15.854  render           | Video append frame 1235
06:15.854  render           | Time: 00:00.52 (Saving: 00:00.00)
06:15.854  render           | Rendering frame 1236
06:15.854  render           | Start rendering: MORI_Assembly_Animation, 视图层
06:15.854  render           | Engine: EEVEE
06:15.912  render           | Fra: 1236 | Rendering 1 / 32 samples
06:16.287  render           | Fra: 1236 | Rendering 25 / 32 samples
06:16.408  render           | Fra: 1236 | Rendering 32 / 32 samples
06:16.417  render           | Video append frame 1236
06:16.417  render           | Time: 00:00.56 (Saving: 00:00.00)
06:16.417  render           | Rendering frame 1237
06:16.418  render           | Start rendering: MORI_Assembly_Animation, 视图层
06:16.418  render           | Engine: EEVEE
06:16.470  render           | Fra: 1237 | Rendering 1 / 32 samples
06:16.821  render           | Fra: 1237 | Rendering 25 / 32 samples
06:16.925  render           | Fra: 1237 | Rendering 32 / 32 samples
06:16.937  render           | Video append frame 1237
06:16.937  render           | Time: 00:00.51 (Saving: 00:00.00)
06:16.937  render           | Rendering frame 1238
06:16.937  render           | Start rendering: MORI_Assembly_Animation, 视图层
06:16.937  render           | Engine: EEVEE
06:16.991  render           | Fra: 1238 | Rendering 1 / 32 samples
06:17.346  render           | Fra: 1238 | Rendering 25 / 32 samples
06:17.453  render           | Fra: 1238 | Rendering 32 / 32 samples
06:17.463  render           | Video append frame 1238
06:17.463  render           | Time: 00:00.52 (Saving: 00:00.00)
06:17.463  render           | Rendering frame 1239
06:17.463  render           | Start rendering: MORI_Assembly_Animation, 视图层
06:17.463  render           | Engine: EEVEE
06:17.512  render           | Fra: 1239 | Rendering 1 / 32 samples
06:17.875  render           | Fra: 1239 | Rendering 25 / 32 samples
06:17.984  render           | Fra: 1239 | Rendering 32 / 32 samples
06:17.993  render           | Video append frame 1239
06:17.993  render           | Time: 00:00.52 (Saving: 00:00.00)
06:17.993  render           | Rendering frame 1240
06:17.993  render           | Start rendering: MORI_Assembly_Animation, 视图层
06:17.993  render           | Engine: EEVEE
06:18.044  render           | Fra: 1240 | Rendering 1 / 32 samples
06:18.407  render           | Fra: 1240 | Rendering 25 / 32 samples
06:18.512  render           | Fra: 1240 | Rendering 32 / 32 samples
06:18.522  render           | Video append frame 1240
06:18.522  render           | Time: 00:00.52 (Saving: 00:00.00)
06:18.522  render           | Rendering frame 1241
06:18.522  render           | Start rendering: MORI_Assembly_Animation, 视图层
06:18.522  render           | Engine: EEVEE
06:18.575  render           | Fra: 1241 | Rendering 1 / 32 samples
06:18.937  render           | Fra: 1241 | Rendering 25 / 32 samples
06:19.041  render           | Fra: 1241 | Rendering 32 / 32 samples
06:19.051  render           | Video append frame 1241
06:19.051  render           | Time: 00:00.52 (Saving: 00:00.00)
06:19.051  render           | Rendering frame 1242
06:19.051  render           | Start rendering: MORI_Assembly_Animation, 视图层
06:19.051  render           | Engine: EEVEE
06:19.108  render           | Fra: 1242 | Rendering 1 / 32 samples
06:19.493  render           | Fra: 1242 | Rendering 25 / 32 samples
06:19.596  render           | Fra: 1242 | Rendering 32 / 32 samples
06:19.609  render           | Video append frame 1242
06:19.609  render           | Time: 00:00.55 (Saving: 00:00.00)
06:19.609  render           | Rendering frame 1243
06:19.609  render           | Start rendering: MORI_Assembly_Animation, 视图层
06:19.609  render           | Engine: EEVEE
06:19.657  render           | Fra: 1243 | Rendering 1 / 32 samples
06:20.011  render           | Fra: 1243 | Rendering 25 / 32 samples
06:20.113  render           | Fra: 1243 | Rendering 32 / 32 samples
06:20.122  render           | Video append frame 1243
06:20.122  render           | Time: 00:00.51 (Saving: 00:00.00)
06:20.122  render           | Rendering frame 1244
06:20.122  render           | Start rendering: MORI_Assembly_Animation, 视图层
06:20.122  render           | Engine: EEVEE
06:20.174  render           | Fra: 1244 | Rendering 1 / 32 samples
06:20.533  render           | Fra: 1244 | Rendering 25 / 32 samples
06:20.639  render           | Fra: 1244 | Rendering 32 / 32 samples
06:20.649  render           | Video append frame 1244
06:20.649  render           | Time: 00:00.52 (Saving: 00:00.00)
06:20.649  render           | Rendering frame 1245
06:20.649  render           | Start rendering: MORI_Assembly_Animation, 视图层
06:20.649  render           | Engine: EEVEE
06:20.700  render           | Fra: 1245 | Rendering 1 / 32 samples
06:21.056  render           | Fra: 1245 | Rendering 25 / 32 samples
06:21.163  render           | Fra: 1245 | Rendering 32 / 32 samples
06:21.174  render           | Video append frame 1245
06:21.174  render           | Time: 00:00.52 (Saving: 00:00.00)
06:21.174  render           | Rendering frame 1246
06:21.174  render           | Start rendering: MORI_Assembly_Animation, 视图层
06:21.174  render           | Engine: EEVEE
06:21.224  render           | Fra: 1246 | Rendering 1 / 32 samples
06:21.599  render           | Fra: 1246 | Rendering 25 / 32 samples
06:21.727  render           | Fra: 1246 | Rendering 32 / 32 samples
06:21.741  render           | Video append frame 1246
06:21.741  render           | Time: 00:00.56 (Saving: 00:00.00)
06:21.741  render           | Rendering frame 1247
06:21.742  render           | Start rendering: MORI_Assembly_Animation, 视图层
06:21.742  render           | Engine: EEVEE
06:21.794  render           | Fra: 1247 | Rendering 1 / 32 samples
06:22.152  render           | Fra: 1247 | Rendering 25 / 32 samples
06:22.256  render           | Fra: 1247 | Rendering 32 / 32 samples
06:22.268  render           | Video append frame 1247
06:22.268  render           | Time: 00:00.52 (Saving: 00:00.00)
06:22.268  render           | Rendering frame 1248
06:22.268  render           | Start rendering: MORI_Assembly_Animation, 视图层
06:22.268  render           | Engine: EEVEE
06:22.318  render           | Fra: 1248 | Rendering 1 / 32 samples
06:22.680  render           | Fra: 1248 | Rendering 25 / 32 samples
06:22.785  render           | Fra: 1248 | Rendering 32 / 32 samples
06:22.798  render           | Video append frame 1248
06:22.798  render           | Time: 00:00.52 (Saving: 00:00.00)
06:22.798  render           | Rendering frame 1249
06:22.798  render           | Start rendering: MORI_Assembly_Animation, 视图层
06:22.798  render           | Engine: EEVEE
06:22.849  render           | Fra: 1249 | Rendering 1 / 32 samples
06:23.210  render           | Fra: 1249 | Rendering 25 / 32 samples
06:23.333  render           | Fra: 1249 | Rendering 32 / 32 samples
06:23.345  render           | Video append frame 1249
06:23.345  render           | Time: 00:00.54 (Saving: 00:00.00)
06:23.345  render           | Rendering frame 1250
06:23.345  render           | Start rendering: MORI_Assembly_Animation, 视图层
06:23.345  render           | Engine: EEVEE
06:23.399  render           | Fra: 1250 | Rendering 1 / 32 samples
06:23.763  render           | Fra: 1250 | Rendering 25 / 32 samples
06:23.872  render           | Fra: 1250 | Rendering 32 / 32 samples
06:23.882  render           | Video append frame 1250
06:23.882  render           | Time: 00:00.53 (Saving: 00:00.00)
06:23.882  render           | Rendering frame 1251
06:23.882  render           | Start rendering: MORI_Assembly_Animation, 视图层
06:23.882  render           | Engine: EEVEE
06:23.933  render           | Fra: 1251 | Rendering 1 / 32 samples
06:24.299  render           | Fra: 1251 | Rendering 25 / 32 samples
06:24.407  render           | Fra: 1251 | Rendering 32 / 32 samples
06:24.417  render           | Video append frame 1251
06:24.417  render           | Time: 00:00.53 (Saving: 00:00.00)
06:24.417  render           | Rendering frame 1252
06:24.417  render           | Start rendering: MORI_Assembly_Animation, 视图层
06:24.417  render           | Engine: EEVEE
06:24.469  render           | Fra: 1252 | Rendering 1 / 32 samples
06:24.877  render           | Fra: 1252 | Rendering 25 / 32 samples
06:24.995  render           | Fra: 1252 | Rendering 32 / 32 samples
06:25.007  render           | Video append frame 1252
06:25.007  render           | Time: 00:00.59 (Saving: 00:00.00)
06:25.007  render           | Rendering frame 1253
06:25.008  render           | Start rendering: MORI_Assembly_Animation, 视图层
06:25.008  render           | Engine: EEVEE
06:25.062  render           | Fra: 1253 | Rendering 1 / 32 samples
06:25.463  render           | Fra: 1253 | Rendering 25 / 32 samples
06:25.589  render           | Fra: 1253 | Rendering 32 / 32 samples
06:25.601  render           | Video append frame 1253
06:25.601  render           | Time: 00:00.59 (Saving: 00:00.00)
06:25.601  render           | Rendering frame 1254
06:25.602  render           | Start rendering: MORI_Assembly_Animation, 视图层
06:25.602  render           | Engine: EEVEE
06:25.652  render           | Fra: 1254 | Rendering 1 / 32 samples
06:26.060  render           | Fra: 1254 | Rendering 25 / 32 samples
06:26.189  render           | Fra: 1254 | Rendering 32 / 32 samples
06:26.201  render           | Video append frame 1254
06:26.201  render           | Time: 00:00.59 (Saving: 00:00.00)
06:26.201  render           | Rendering frame 1255
06:26.201  render           | Start rendering: MORI_Assembly_Animation, 视图层
06:26.201  render           | Engine: EEVEE
06:26.259  render           | Fra: 1255 | Rendering 1 / 32 samples
06:26.658  render           | Fra: 1255 | Rendering 25 / 32 samples
06:26.760  render           | Fra: 1255 | Rendering 32 / 32 samples
06:26.771  render           | Video append frame 1255
06:26.771  render           | Time: 00:00.57 (Saving: 00:00.00)
06:26.771  render           | Rendering frame 1256
06:26.771  render           | Start rendering: MORI_Assembly_Animation, 视图层
06:26.771  render           | Engine: EEVEE
06:26.829  render           | Fra: 1256 | Rendering 1 / 32 samples
06:27.191  render           | Fra: 1256 | Rendering 25 / 32 samples
06:27.297  render           | Fra: 1256 | Rendering 32 / 32 samples
06:27.310  render           | Video append frame 1256
06:27.310  render           | Time: 00:00.53 (Saving: 00:00.00)
06:27.310  render           | Rendering frame 1257
06:27.310  render           | Start rendering: MORI_Assembly_Animation, 视图层
06:27.310  render           | Engine: EEVEE
06:27.364  render           | Fra: 1257 | Rendering 1 / 32 samples
06:27.757  render           | Fra: 1257 | Rendering 25 / 32 samples
06:27.877  render           | Fra: 1257 | Rendering 32 / 32 samples
06:27.901  render           | Video append frame 1257
06:27.901  render           | Time: 00:00.59 (Saving: 00:00.01)
06:27.901  render           | Rendering frame 1258
06:27.901  render           | Start rendering: MORI_Assembly_Animation, 视图层
06:27.901  render           | Engine: EEVEE
06:27.955  render           | Fra: 1258 | Rendering 1 / 32 samples
06:28.328  render           | Fra: 1258 | Rendering 25 / 32 samples
06:28.461  render           | Fra: 1258 | Rendering 32 / 32 samples
06:28.473  render           | Video append frame 1258
06:28.473  render           | Time: 00:00.57 (Saving: 00:00.00)
06:28.473  render           | Rendering frame 1259
06:28.473  render           | Start rendering: MORI_Assembly_Animation, 视图层
06:28.473  render           | Engine: EEVEE
06:28.533  render           | Fra: 1259 | Rendering 1 / 32 samples
06:28.890  render           | Fra: 1259 | Rendering 25 / 32 samples
06:28.999  render           | Fra: 1259 | Rendering 32 / 32 samples
06:29.010  render           | Video append frame 1259
06:29.010  render           | Time: 00:00.53 (Saving: 00:00.00)
06:29.010  render           | Rendering frame 1260
06:29.010  render           | Start rendering: MORI_Assembly_Animation, 视图层
06:29.010  render           | Engine: EEVEE
06:29.081  render           | Fra: 1260 | Rendering 1 / 32 samples
06:29.442  render           | Fra: 1260 | Rendering 25 / 32 samples
06:29.550  render           | Fra: 1260 | Rendering 32 / 32 samples
06:29.562  render           | Video append frame 1260
06:29.562  render           | Time: 00:00.55 (Saving: 00:00.00)
06:29.562  render           | Rendering frame 1261
06:29.562  render           | Start rendering: MORI_Assembly_Animation, 视图层
06:29.562  render           | Engine: EEVEE
06:29.615  render           | Fra: 1261 | Rendering 1 / 32 samples
06:30.008  render           | Fra: 1261 | Rendering 25 / 32 samples
06:30.114  render           | Fra: 1261 | Rendering 32 / 32 samples
06:30.126  render           | Video append frame 1261
06:30.126  render           | Time: 00:00.56 (Saving: 00:00.00)
06:30.126  render           | Rendering frame 1262
06:30.126  render           | Start rendering: MORI_Assembly_Animation, 视图层
06:30.126  render           | Engine: EEVEE
06:30.185  render           | Fra: 1262 | Rendering 1 / 32 samples
06:30.548  render           | Fra: 1262 | Rendering 25 / 32 samples
06:30.654  render           | Fra: 1262 | Rendering 32 / 32 samples
06:30.664  render           | Video append frame 1262
06:30.664  render           | Time: 00:00.53 (Saving: 00:00.00)
06:30.664  render           | Rendering frame 1263
06:30.664  render           | Start rendering: MORI_Assembly_Animation, 视图层
06:30.664  render           | Engine: EEVEE
06:30.725  render           | Fra: 1263 | Rendering 1 / 32 samples
06:31.091  render           | Fra: 1263 | Rendering 25 / 32 samples
06:31.200  render           | Fra: 1263 | Rendering 32 / 32 samples
06:31.212  render           | Video append frame 1263
06:31.212  render           | Time: 00:00.54 (Saving: 00:00.00)
06:31.212  render           | Rendering frame 1264
06:31.212  render           | Start rendering: MORI_Assembly_Animation, 视图层
06:31.212  render           | Engine: EEVEE
06:31.273  render           | Fra: 1264 | Rendering 1 / 32 samples
06:31.700  render           | Fra: 1264 | Rendering 25 / 32 samples
06:31.827  render           | Fra: 1264 | Rendering 32 / 32 samples
06:31.838  render           | Video append frame 1264
06:31.838  render           | Time: 00:00.62 (Saving: 00:00.00)
06:31.838  render           | Rendering frame 1265
06:31.839  render           | Start rendering: MORI_Assembly_Animation, 视图层
06:31.839  render           | Engine: EEVEE
06:31.887  render           | Fra: 1265 | Rendering 1 / 32 samples
06:32.245  render           | Fra: 1265 | Rendering 25 / 32 samples
06:32.351  render           | Fra: 1265 | Rendering 32 / 32 samples
06:32.361  render           | Video append frame 1265
06:32.361  render           | Time: 00:00.52 (Saving: 00:00.00)
06:32.361  render           | Rendering frame 1266
06:32.361  render           | Start rendering: MORI_Assembly_Animation, 视图层
06:32.361  render           | Engine: EEVEE
06:32.410  render           | Fra: 1266 | Rendering 1 / 32 samples
06:32.774  render           | Fra: 1266 | Rendering 25 / 32 samples
06:32.880  render           | Fra: 1266 | Rendering 32 / 32 samples
06:32.889  render           | Video append frame 1266
06:32.890  render           | Time: 00:00.52 (Saving: 00:00.00)
06:32.890  render           | Rendering frame 1267
06:32.890  render           | Start rendering: MORI_Assembly_Animation, 视图层
06:32.890  render           | Engine: EEVEE
06:32.945  render           | Fra: 1267 | Rendering 1 / 32 samples
06:33.329  render           | Fra: 1267 | Rendering 25 / 32 samples
06:33.461  render           | Fra: 1267 | Rendering 32 / 32 samples
06:33.474  render           | Video append frame 1267
06:33.474  render           | Time: 00:00.58 (Saving: 00:00.00)
06:33.474  render           | Rendering frame 1268
06:33.474  render           | Start rendering: MORI_Assembly_Animation, 视图层
06:33.474  render           | Engine: EEVEE
06:33.524  render           | Fra: 1268 | Rendering 1 / 32 samples
06:33.886  render           | Fra: 1268 | Rendering 25 / 32 samples
06:33.991  render           | Fra: 1268 | Rendering 32 / 32 samples
06:34.003  render           | Video append frame 1268
06:34.003  render           | Time: 00:00.52 (Saving: 00:00.00)
06:34.003  render           | Rendering frame 1269
06:34.003  render           | Start rendering: MORI_Assembly_Animation, 视图层
06:34.003  render           | Engine: EEVEE
06:34.053  render           | Fra: 1269 | Rendering 1 / 32 samples
06:34.420  render           | Fra: 1269 | Rendering 25 / 32 samples
06:34.551  render           | Fra: 1269 | Rendering 32 / 32 samples
06:34.562  render           | Video append frame 1269
06:34.562  render           | Time: 00:00.55 (Saving: 00:00.00)
06:34.562  render           | Rendering frame 1270
06:34.562  render           | Start rendering: MORI_Assembly_Animation, 视图层
06:34.562  render           | Engine: EEVEE
06:34.614  render           | Fra: 1270 | Rendering 1 / 32 samples
06:35.006  render           | Fra: 1270 | Rendering 25 / 32 samples
06:35.124  render           | Fra: 1270 | Rendering 32 / 32 samples
06:35.148  render           | Video append frame 1270
06:35.148  render           | Time: 00:00.58 (Saving: 00:00.01)
06:35.148  render           | Rendering frame 1271
06:35.148  render           | Start rendering: MORI_Assembly_Animation, 视图层
06:35.148  render           | Engine: EEVEE
06:35.207  render           | Fra: 1271 | Rendering 1 / 32 samples
06:35.560  render           | Fra: 1271 | Rendering 25 / 32 samples
06:35.666  render           | Fra: 1271 | Rendering 32 / 32 samples
06:35.676  render           | Video append frame 1271
06:35.676  render           | Time: 00:00.52 (Saving: 00:00.00)
06:35.676  render           | Rendering frame 1272
06:35.677  render           | Start rendering: MORI_Assembly_Animation, 视图层
06:35.677  render           | Engine: EEVEE
06:35.728  render           | Fra: 1272 | Rendering 1 / 32 samples
06:36.089  render           | Fra: 1272 | Rendering 25 / 32 samples
06:36.202  render           | Fra: 1272 | Rendering 32 / 32 samples
06:36.211  render           | Video append frame 1272
06:36.211  render           | Time: 00:00.53 (Saving: 00:00.00)
06:36.211  render           | Rendering frame 1273
06:36.212  render           | Start rendering: MORI_Assembly_Animation, 视图层
06:36.212  render           | Engine: EEVEE
06:36.265  render           | Fra: 1273 | Rendering 1 / 32 samples
06:36.625  render           | Fra: 1273 | Rendering 25 / 32 samples
06:36.732  render           | Fra: 1273 | Rendering 32 / 32 samples
06:36.744  render           | Video append frame 1273
06:36.744  render           | Time: 00:00.53 (Saving: 00:00.00)
06:36.744  render           | Rendering frame 1274
06:36.744  render           | Start rendering: MORI_Assembly_Animation, 视图层
06:36.744  render           | Engine: EEVEE
06:36.802  render           | Fra: 1274 | Rendering 1 / 32 samples
06:37.162  render           | Fra: 1274 | Rendering 25 / 32 samples
06:37.269  render           | Fra: 1274 | Rendering 32 / 32 samples
06:37.279  render           | Video append frame 1274
06:37.279  render           | Time: 00:00.53 (Saving: 00:00.00)
06:37.279  render           | Rendering frame 1275
06:37.279  render           | Start rendering: MORI_Assembly_Animation, 视图层
06:37.279  render           | Engine: EEVEE
06:37.336  render           | Fra: 1275 | Rendering 1 / 32 samples
06:37.730  render           | Fra: 1275 | Rendering 25 / 32 samples
06:37.835  render           | Fra: 1275 | Rendering 32 / 32 samples
06:37.845  render           | Video append frame 1275
06:37.845  render           | Time: 00:00.56 (Saving: 00:00.00)
06:37.845  render           | Rendering frame 1276
06:37.845  render           | Start rendering: MORI_Assembly_Animation, 视图层
06:37.845  render           | Engine: EEVEE
06:37.896  render           | Fra: 1276 | Rendering 1 / 32 samples
06:38.250  render           | Fra: 1276 | Rendering 25 / 32 samples
06:38.357  render           | Fra: 1276 | Rendering 32 / 32 samples
06:38.370  render           | Video append frame 1276
06:38.370  render           | Time: 00:00.52 (Saving: 00:00.00)
06:38.370  render           | Rendering frame 1277
06:38.370  render           | Start rendering: MORI_Assembly_Animation, 视图层
06:38.370  render           | Engine: EEVEE
06:38.422  render           | Fra: 1277 | Rendering 1 / 32 samples
06:38.789  render           | Fra: 1277 | Rendering 25 / 32 samples
06:38.895  render           | Fra: 1277 | Rendering 32 / 32 samples
06:38.907  render           | Video append frame 1277
06:38.907  render           | Time: 00:00.53 (Saving: 00:00.00)
06:38.907  render           | Rendering frame 1278
06:38.907  render           | Start rendering: MORI_Assembly_Animation, 视图层
06:38.907  render           | Engine: EEVEE
06:38.962  render           | Fra: 1278 | Rendering 1 / 32 samples
06:39.327  render           | Fra: 1278 | Rendering 25 / 32 samples
06:39.439  render           | Fra: 1278 | Rendering 32 / 32 samples
06:39.451  render           | Video append frame 1278
06:39.451  render           | Time: 00:00.54 (Saving: 00:00.00)
06:39.451  render           | Rendering frame 1279
06:39.451  render           | Start rendering: MORI_Assembly_Animation, 视图层
06:39.451  render           | Engine: EEVEE
06:39.508  render           | Fra: 1279 | Rendering 1 / 32 samples
06:39.873  render           | Fra: 1279 | Rendering 25 / 32 samples
06:39.980  render           | Fra: 1279 | Rendering 32 / 32 samples
06:39.989  render           | Video append frame 1279
06:39.989  render           | Time: 00:00.53 (Saving: 00:00.00)
06:39.990  render           | Rendering frame 1280
06:39.990  render           | Start rendering: MORI_Assembly_Animation, 视图层
06:39.990  render           | Engine: EEVEE
06:40.040  render           | Fra: 1280 | Rendering 1 / 32 samples
06:40.399  render           | Fra: 1280 | Rendering 25 / 32 samples
06:40.508  render           | Fra: 1280 | Rendering 32 / 32 samples
06:40.518  render           | Video append frame 1280
06:40.518  render           | Time: 00:00.52 (Saving: 00:00.00)
06:40.518  render           | Rendering frame 1281
06:40.518  render           | Start rendering: MORI_Assembly_Animation, 视图层
06:40.518  render           | Engine: EEVEE
06:40.571  render           | Fra: 1281 | Rendering 1 / 32 samples
06:40.932  render           | Fra: 1281 | Rendering 25 / 32 samples
06:41.040  render           | Fra: 1281 | Rendering 32 / 32 samples
06:41.049  render           | Video append frame 1281
06:41.049  render           | Time: 00:00.53 (Saving: 00:00.00)
06:41.049  render           | Rendering frame 1282
06:41.050  render           | Start rendering: MORI_Assembly_Animation, 视图层
06:41.050  render           | Engine: EEVEE
06:41.100  render           | Fra: 1282 | Rendering 1 / 32 samples
06:41.471  render           | Fra: 1282 | Rendering 25 / 32 samples
06:41.583  render           | Fra: 1282 | Rendering 32 / 32 samples
06:41.594  render           | Video append frame 1282
06:41.594  render           | Time: 00:00.54 (Saving: 00:00.00)
06:41.594  render           | Rendering frame 1283
06:41.594  render           | Start rendering: MORI_Assembly_Animation, 视图层
06:41.594  render           | Engine: EEVEE
06:41.646  render           | Fra: 1283 | Rendering 1 / 32 samples
06:42.016  render           | Fra: 1283 | Rendering 25 / 32 samples
06:42.124  render           | Fra: 1283 | Rendering 32 / 32 samples
06:42.138  render           | Video append frame 1283
06:42.138  render           | Time: 00:00.54 (Saving: 00:00.00)
06:42.138  render           | Rendering frame 1284
06:42.138  render           | Start rendering: MORI_Assembly_Animation, 视图层
06:42.138  render           | Engine: EEVEE
06:42.200  render           | Fra: 1284 | Rendering 1 / 32 samples
06:42.559  render           | Fra: 1284 | Rendering 25 / 32 samples
06:42.667  render           | Fra: 1284 | Rendering 32 / 32 samples
06:42.679  render           | Video append frame 1284
06:42.679  render           | Time: 00:00.54 (Saving: 00:00.00)
06:42.679  render           | Rendering frame 1285
06:42.679  render           | Start rendering: MORI_Assembly_Animation, 视图层
06:42.679  render           | Engine: EEVEE
06:42.729  render           | Fra: 1285 | Rendering 1 / 32 samples
06:43.089  render           | Fra: 1285 | Rendering 25 / 32 samples
06:43.196  render           | Fra: 1285 | Rendering 32 / 32 samples
06:43.208  render           | Video append frame 1285
06:43.208  render           | Time: 00:00.52 (Saving: 00:00.00)
06:43.208  render           | Rendering frame 1286
06:43.208  render           | Start rendering: MORI_Assembly_Animation, 视图层
06:43.208  render           | Engine: EEVEE
06:43.258  render           | Fra: 1286 | Rendering 1 / 32 samples
06:43.651  render           | Fra: 1286 | Rendering 25 / 32 samples
06:43.765  render           | Fra: 1286 | Rendering 32 / 32 samples
06:43.777  render           | Video append frame 1286
06:43.777  render           | Time: 00:00.56 (Saving: 00:00.00)
06:43.777  render           | Rendering frame 1287
06:43.777  render           | Start rendering: MORI_Assembly_Animation, 视图层
06:43.777  render           | Engine: EEVEE
06:43.828  render           | Fra: 1287 | Rendering 1 / 32 samples
06:44.187  render           | Fra: 1287 | Rendering 25 / 32 samples
06:44.290  render           | Fra: 1287 | Rendering 32 / 32 samples
06:44.303  render           | Video append frame 1287
06:44.303  render           | Time: 00:00.52 (Saving: 00:00.00)
06:44.303  render           | Rendering frame 1288
06:44.303  render           | Start rendering: MORI_Assembly_Animation, 视图层
06:44.303  render           | Engine: EEVEE
06:44.349  render           | Fra: 1288 | Rendering 1 / 32 samples
06:44.737  render           | Fra: 1288 | Rendering 25 / 32 samples
06:44.855  render           | Fra: 1288 | Rendering 32 / 32 samples
06:44.867  render           | Video append frame 1288
06:44.867  render           | Time: 00:00.56 (Saving: 00:00.00)
06:44.867  render           | Rendering frame 1289
06:44.867  render           | Start rendering: MORI_Assembly_Animation, 视图层
06:44.868  render           | Engine: EEVEE
06:44.915  render           | Fra: 1289 | Rendering 1 / 32 samples
06:45.269  render           | Fra: 1289 | Rendering 25 / 32 samples
06:45.374  render           | Fra: 1289 | Rendering 32 / 32 samples
06:45.384  render           | Video append frame 1289
06:45.384  render           | Time: 00:00.51 (Saving: 00:00.00)
06:45.384  render           | Rendering frame 1290
06:45.384  render           | Start rendering: MORI_Assembly_Animation, 视图层
06:45.384  render           | Engine: EEVEE
06:45.433  render           | Fra: 1290 | Rendering 1 / 32 samples
06:45.792  render           | Fra: 1290 | Rendering 25 / 32 samples
06:45.899  render           | Fra: 1290 | Rendering 32 / 32 samples
06:45.910  render           | Video append frame 1290
06:45.910  render           | Time: 00:00.52 (Saving: 00:00.00)
06:45.910  render           | Rendering frame 1291
06:45.910  render           | Start rendering: MORI_Assembly_Animation, 视图层
06:45.910  render           | Engine: EEVEE
06:45.967  render           | Fra: 1291 | Rendering 1 / 32 samples
06:46.328  render           | Fra: 1291 | Rendering 25 / 32 samples
06:46.436  render           | Fra: 1291 | Rendering 32 / 32 samples
06:46.446  render           | Video append frame 1291
06:46.446  render           | Time: 00:00.53 (Saving: 00:00.00)
06:46.446  render           | Rendering frame 1292
06:46.446  render           | Start rendering: MORI_Assembly_Animation, 视图层
06:46.446  render           | Engine: EEVEE
06:46.496  render           | Fra: 1292 | Rendering 1 / 32 samples
06:46.875  render           | Fra: 1292 | Rendering 25 / 32 samples
06:46.980  render           | Fra: 1292 | Rendering 32 / 32 samples
06:46.990  render           | Video append frame 1292
06:46.990  render           | Time: 00:00.54 (Saving: 00:00.00)
06:46.990  render           | Rendering frame 1293
06:46.990  render           | Start rendering: MORI_Assembly_Animation, 视图层
06:46.990  render           | Engine: EEVEE
06:47.040  render           | Fra: 1293 | Rendering 1 / 32 samples
06:47.407  render           | Fra: 1293 | Rendering 25 / 32 samples
06:47.511  render           | Fra: 1293 | Rendering 32 / 32 samples
06:47.521  render           | Video append frame 1293
06:47.521  render           | Time: 00:00.53 (Saving: 00:00.00)
06:47.521  render           | Rendering frame 1294
06:47.521  render           | Start rendering: MORI_Assembly_Animation, 视图层
06:47.521  render           | Engine: EEVEE
06:47.573  render           | Fra: 1294 | Rendering 1 / 32 samples
06:47.936  render           | Fra: 1294 | Rendering 25 / 32 samples
06:48.041  render           | Fra: 1294 | Rendering 32 / 32 samples
06:48.051  render           | Video append frame 1294
06:48.051  render           | Time: 00:00.52 (Saving: 00:00.00)
06:48.051  render           | Rendering frame 1295
06:48.051  render           | Start rendering: MORI_Assembly_Animation, 视图层
06:48.051  render           | Engine: EEVEE
06:48.103  render           | Fra: 1295 | Rendering 1 / 32 samples
06:48.470  render           | Fra: 1295 | Rendering 25 / 32 samples
06:48.574  render           | Fra: 1295 | Rendering 32 / 32 samples
06:48.585  render           | Video append frame 1295
06:48.585  render           | Time: 00:00.53 (Saving: 00:00.00)
06:48.585  render           | Rendering frame 1296
06:48.585  render           | Start rendering: MORI_Assembly_Animation, 视图层
06:48.585  render           | Engine: EEVEE
06:48.640  render           | Fra: 1296 | Rendering 1 / 32 samples
06:49.000  render           | Fra: 1296 | Rendering 25 / 32 samples
06:49.106  render           | Fra: 1296 | Rendering 32 / 32 samples
06:49.115  render           | Video append frame 1296
06:49.115  render           | Time: 00:00.53 (Saving: 00:00.00)

Blender quit
