Command line invocation:
    /Applications/Xcode.app/Contents/Developer/usr/bin/xcodebuild -project apps/mobile/ios/App/App.xcodeproj -scheme App -sdk iphonesimulator -configuration Debug -derivedDataPath .state/ios-build -disableAutomaticPackageResolution -skipPackageUpdates CODE_SIGNING_ALLOWED=NO build

Build settings from command line:
    CODE_SIGNING_ALLOWED = NO
    SDKROOT = iphonesimulator27.0

Resolve Package Graph


Resolved source packages:
  CapApp-SPM: /Users/dean/Documents/MORI/apps/mobile/ios/App/CapApp-SPM @ local
  capacitor-swift-pm: https://github.com/ionic-team/capacitor-swift-pm.git @ 7.2.0
  CapacitorApp: /Users/dean/Documents/MORI/node_modules/.pnpm/@capacitor+app@7.0.1_@capacitor+core@7.2.0/node_modules/@capacitor/app @ local

2026-09-21 22:15:27.700 xcodebuild[38673:11683312] [MT] IDERunDestination: Supported platforms for the buildables in the current scheme is empty.
--- xcodebuild: WARNING: Using the first of multiple matching destinations:
{ platform:iOS Simulator, id:dvtdevice-DVTiOSDeviceSimulatorPlaceholder-iphonesimulator:placeholder, name:Any iOS Simulator Device }
{ platform:iOS Simulator, arch:arm64, id:1B48C363-AE0A-42C6-8D2C-1945B32F0393, OS:27.0, name:HowToCook UI Review (iOS 27) }
{ platform:iOS Simulator, arch:arm64, id:B74A5F64-1AED-4A58-85D4-0D5CA92FB379, OS:27.0, name:PACE iPhone 17 Pro }
{ platform:iOS Simulator, arch:arm64, id:B2332363-340E-451D-A166-D966EC624F01, OS:27.0, name:iPad (A16) }
{ platform:iOS Simulator, arch:arm64, id:A002EB4A-B525-489F-8A7A-42CF2D82AC05, OS:27.0, name:iPad Air 11-inch (M4) }
{ platform:iOS Simulator, arch:arm64, id:1393512C-E2A9-4D91-9EBE-1EBA872546A7, OS:27.0, name:iPad Air 13-inch (M4) }
{ platform:iOS Simulator, arch:arm64, id:40F155BB-ED20-44E8-8B1A-8B6BDAE6EE06, OS:27.0, name:iPad Pro 11-inch (M5) }
{ platform:iOS Simulator, arch:arm64, id:0B428DCD-C902-4D57-B51F-AD05178BDCDA, OS:27.0, name:iPad mini (A17 Pro) }
{ platform:iOS Simulator, arch:arm64, id:C91415EE-9446-455E-9B89-4A9E57103556, OS:27.0, name:iPhone 17e }
{ platform:iOS Simulator, arch:arm64, id:C6B78054-E217-46FC-8A97-7CBE0A4D5E75, OS:27.0, name:iPhone 18 Pro Max }
{ platform:iOS Simulator, arch:arm64, id:D4706688-5922-49C2-BB33-C16562A6B3AE, OS:27.0, name:iPhone Air }
{ platform:macOS, arch:arm64, variant:Designed for [iPad,iPhone], id:00008142-001A78E6266B401C, name:My Mac }
{ platform:iOS, id:dvtdevice-DVTiPhonePlaceholder-iphoneos:placeholder, name:Any iOS Device }
{ platform:iOS, arch:arm64, id:00008112-0006154C3A78201E, name:Dean's iPad }
{ platform:iOS, arch:arm64, id:00008150-00117D201E98401C, name:Dean’s iPhone }
ComputePackagePrebuildTargetDependencyGraph

Prepare packages

CreateBuildRequest

SendProjectDescription

CreateBuildOperation

ComputeTargetDependencyGraph
note: Building targets in dependency order
note: Target dependency graph (7 targets)
    Target 'App' in project 'App'
        ➜ Explicit dependency on target 'CapApp-SPM-product' in project 'CapApp-SPM'
    Target 'CapApp-SPM-product' in project 'CapApp-SPM'
        ➜ Explicit dependency on target 'CapApp-SPM' in project 'CapApp-SPM'
        ➜ Explicit dependency on target 'Capacitor-product' in project 'capacitor-swift-pm'
        ➜ Explicit dependency on target 'Cordova-product' in project 'capacitor-swift-pm'
        ➜ Explicit dependency on target 'CapacitorApp-product' in project 'CapacitorApp'
    Target 'CapApp-SPM' in project 'CapApp-SPM'
        ➜ Explicit dependency on target 'Capacitor-product' in project 'capacitor-swift-pm'
        ➜ Explicit dependency on target 'Cordova-product' in project 'capacitor-swift-pm'
        ➜ Explicit dependency on target 'CapacitorApp-product' in project 'CapacitorApp'
    Target 'CapacitorApp-product' in project 'CapacitorApp'
        ➜ Explicit dependency on target 'AppPlugin' in project 'CapacitorApp'
        ➜ Explicit dependency on target 'Capacitor-product' in project 'capacitor-swift-pm'
        ➜ Explicit dependency on target 'Cordova-product' in project 'capacitor-swift-pm'
    Target 'AppPlugin' in project 'CapacitorApp'
        ➜ Explicit dependency on target 'Capacitor-product' in project 'capacitor-swift-pm'
        ➜ Explicit dependency on target 'Cordova-product' in project 'capacitor-swift-pm'
    Target 'Cordova-product' in project 'capacitor-swift-pm' (no dependencies)
    Target 'Capacitor-product' in project 'capacitor-swift-pm' (no dependencies)

GatherProvisioningInputs

CreateBuildDescription

ExecuteExternalTool /Applications/Xcode.app/Contents/Developer/Toolchains/XcodeDefault.xctoolchain/usr/bin/swiftc --version

ExecuteExternalTool /Applications/Xcode.app/Contents/Developer/Toolchains/XcodeDefault.xctoolchain/usr/bin/clang -v -E -dM -isysroot /Applications/Xcode.app/Contents/Developer/Platforms/iPhoneSimulator.platform/Developer/SDKs/iPhoneSimulator27.0.sdk -x c -c /dev/null

ExecuteExternalTool /Applications/Xcode.app/Contents/Developer/usr/bin/actool --print-asset-tag-combinations --output-format xml1 /Users/dean/Documents/MORI/apps/mobile/ios/App/App/Assets.xcassets

ExecuteExternalTool /Applications/Xcode.app/Contents/Developer/usr/bin/ibtool --version --output-format xml1

ExecuteExternalTool /Applications/Xcode.app/Contents/Developer/usr/bin/actool --version --output-format xml1

ExecuteExternalTool /Applications/Xcode.app/Contents/Developer/Toolchains/XcodeDefault.xctoolchain/usr/bin/ld -version_details

Build description signature: bd8fbec351f03320cb2cefbd01e4993f
Build description path: /Users/dean/Documents/MORI/.state/ios-build/Build/Intermediates.noindex/XCBuildData/bd8fbec351f03320cb2cefbd01e4993f.xcbuilddata
CreateBuildDirectory /Users/dean/Documents/MORI/.state/ios-build/SDKExplicitPrecompiledModules
    cd /Users/dean/Documents/MORI/apps/mobile/ios/App/App.xcodeproj
    builtin-create-build-directory /Users/dean/Documents/MORI/.state/ios-build/SDKExplicitPrecompiledModules

CreateBuildDirectory /Users/dean/Documents/MORI/.state/ios-build/ModuleCache.noindex
    cd /Users/dean/Documents/MORI/apps/mobile/ios/App/App.xcodeproj
    builtin-create-build-directory /Users/dean/Documents/MORI/.state/ios-build/ModuleCache.noindex

CreateBuildDirectory /Users/dean/Documents/MORI/.state/ios-build/CompilationCache.noindex
    cd /Users/dean/Documents/MORI/apps/mobile/ios/App/App.xcodeproj
    builtin-create-build-directory /Users/dean/Documents/MORI/.state/ios-build/CompilationCache.noindex

CreateBuildDirectory /Users/dean/Documents/MORI/.state/ios-build/Build/Products
    cd /Users/dean/Documents/MORI/apps/mobile/ios/App/App.xcodeproj
    builtin-create-build-directory /Users/dean/Documents/MORI/.state/ios-build/Build/Products

CreateBuildDirectory /Users/dean/Documents/MORI/.state/ios-build/Build/Intermediates.noindex
    cd /Users/dean/Documents/MORI/apps/mobile/ios/App/App.xcodeproj
    builtin-create-build-directory /Users/dean/Documents/MORI/.state/ios-build/Build/Intermediates.noindex

ClangStatCache /Applications/Xcode.app/Contents/Developer/Toolchains/XcodeDefault.xctoolchain/usr/bin/clang-stat-cache /Applications/Xcode.app/Contents/Developer/Platforms/iPhoneSimulator.platform/Developer/SDKs/iPhoneSimulator27.0.sdk /Users/dean/Documents/MORI/.state/ios-build/SDKStatCaches.noindex/iphonesimulator27.0-24A430-8dc58220667be655e1bcc261a7455254.sdkstatcache
    cd /Users/dean/Documents/MORI/apps/mobile/ios/App/App.xcodeproj
    /Applications/Xcode.app/Contents/Developer/Toolchains/XcodeDefault.xctoolchain/usr/bin/clang-stat-cache /Applications/Xcode.app/Contents/Developer/Platforms/iPhoneSimulator.platform/Developer/SDKs/iPhoneSimulator27.0.sdk -o /Users/dean/Documents/MORI/.state/ios-build/SDKStatCaches.noindex/iphonesimulator27.0-24A430-8dc58220667be655e1bcc261a7455254.sdkstatcache

CreateBuildDirectory /Users/dean/Documents/MORI/.state/ios-build/Build/Products/Debug-iphonesimulator
    cd /Users/dean/Documents/MORI/apps/mobile/ios/App/App.xcodeproj
    builtin-create-build-directory /Users/dean/Documents/MORI/.state/ios-build/Build/Products/Debug-iphonesimulator

CreateBuildDirectory /Users/dean/Documents/MORI/.state/ios-build/Build/Intermediates.noindex/PrecompiledHeaders
    cd /Users/dean/Documents/MORI/apps/mobile/ios/App/App.xcodeproj
    builtin-create-build-directory /Users/dean/Documents/MORI/.state/ios-build/Build/Intermediates.noindex/PrecompiledHeaders

CreateBuildDirectory /Users/dean/Documents/MORI/.state/ios-build/Build/Intermediates.noindex/SwiftExplicitPrecompiledModules
    cd /Users/dean/Documents/MORI/apps/mobile/ios/App/App.xcodeproj
    builtin-create-build-directory /Users/dean/Documents/MORI/.state/ios-build/Build/Intermediates.noindex/SwiftExplicitPrecompiledModules

WriteAuxiliaryFile /Users/dean/Documents/MORI/.state/ios-build/Build/Intermediates.noindex/App.build/Debug-iphonesimulator/App-0ca3007d900a678c2b4d53418799ee3d-VFS-iphonesimulator/all-product-headers.yaml
    cd /Users/dean/Documents/MORI/apps/mobile/ios/App/App.xcodeproj
    write-file /Users/dean/Documents/MORI/.state/ios-build/Build/Intermediates.noindex/App.build/Debug-iphonesimulator/App-0ca3007d900a678c2b4d53418799ee3d-VFS-iphonesimulator/all-product-headers.yaml

CreateBuildDirectory /Users/dean/Documents/MORI/.state/ios-build/Build/Intermediates.noindex/ExplicitPrecompiledModules
    cd /Users/dean/Documents/MORI/apps/mobile/ios/App/App.xcodeproj
    builtin-create-build-directory /Users/dean/Documents/MORI/.state/ios-build/Build/Intermediates.noindex/ExplicitPrecompiledModules

CreateBuildDirectory /Users/dean/Documents/MORI/.state/ios-build/Build/Intermediates.noindex/EagerLinkingTBDs/Debug-iphonesimulator
    cd /Users/dean/Documents/MORI/apps/mobile/ios/App/App.xcodeproj
    builtin-create-build-directory /Users/dean/Documents/MORI/.state/ios-build/Build/Intermediates.noindex/EagerLinkingTBDs/Debug-iphonesimulator

CreateBuildDirectory /Users/dean/Documents/MORI/.state/ios-build/Build/Products/Debug-iphonesimulator/PackageFrameworks
    cd /Users/dean/Documents/MORI/apps/mobile/ios/App/App.xcodeproj
    builtin-create-build-directory /Users/dean/Documents/MORI/.state/ios-build/Build/Products/Debug-iphonesimulator/PackageFrameworks

ProcessXCFramework /Users/dean/Documents/MORI/.state/ios-build/SourcePackages/checkouts/capacitor-swift-pm/Cordova.xcframework /Users/dean/Documents/MORI/.state/ios-build/Build/Products/Debug-iphonesimulator/Cordova.framework ios simulator
    cd /Users/dean/Documents/MORI/apps/mobile/ios/App/App.xcodeproj
    builtin-process-xcframework --xcframework /Users/dean/Documents/MORI/.state/ios-build/SourcePackages/checkouts/capacitor-swift-pm/Cordova.xcframework --platform ios --environment simulator --target-path /Users/dean/Documents/MORI/.state/ios-build/Build/Products/Debug-iphonesimulator
/Users/dean/Documents/MORI/.state/ios-build/SourcePackages/checkouts/capacitor-swift-pm/Cordova.xcframework:1:1: note: The identity of “Cordova.xcframework” is not recorded in your project.

ProcessXCFramework /Users/dean/Documents/MORI/.state/ios-build/SourcePackages/checkouts/capacitor-swift-pm/Capacitor.xcframework /Users/dean/Documents/MORI/.state/ios-build/Build/Products/Debug-iphonesimulator/Capacitor.framework ios simulator
    cd /Users/dean/Documents/MORI/apps/mobile/ios/App/App.xcodeproj
    builtin-process-xcframework --xcframework /Users/dean/Documents/MORI/.state/ios-build/SourcePackages/checkouts/capacitor-swift-pm/Capacitor.xcframework --platform ios --environment simulator --target-path /Users/dean/Documents/MORI/.state/ios-build/Build/Products/Debug-iphonesimulator
/Users/dean/Documents/MORI/.state/ios-build/SourcePackages/checkouts/capacitor-swift-pm/Capacitor.xcframework:1:1: note: The identity of “Capacitor.xcframework” is not recorded in your project.

WriteAuxiliaryFile /Users/dean/Documents/MORI/.state/ios-build/Build/Intermediates.noindex/CapApp-SPM.build/Debug-iphonesimulator/CapApp-SPM-t.build/Objects-normal/x86_64/CapApp-SPM_const_extract_protocols.json (in target 'CapApp-SPM' from project 'CapApp-SPM')
    cd /Users/dean/Documents/MORI/apps/mobile/ios/App/CapApp-SPM
    write-file /Users/dean/Documents/MORI/.state/ios-build/Build/Intermediates.noindex/CapApp-SPM.build/Debug-iphonesimulator/CapApp-SPM-t.build/Objects-normal/x86_64/CapApp-SPM_const_extract_protocols.json

WriteAuxiliaryFile /Users/dean/Documents/MORI/.state/ios-build/Build/Intermediates.noindex/CapApp-SPM.build/Debug-iphonesimulator/CapApp-SPM-t.build/Objects-normal/x86_64/CapApp-SPM.SwiftFileList (in target 'CapApp-SPM' from project 'CapApp-SPM')
    cd /Users/dean/Documents/MORI/apps/mobile/ios/App/CapApp-SPM
    write-file /Users/dean/Documents/MORI/.state/ios-build/Build/Intermediates.noindex/CapApp-SPM.build/Debug-iphonesimulator/CapApp-SPM-t.build/Objects-normal/x86_64/CapApp-SPM.SwiftFileList

WriteAuxiliaryFile /Users/dean/Documents/MORI/.state/ios-build/Build/Intermediates.noindex/CapApp-SPM.build/Debug-iphonesimulator/CapApp-SPM-t.build/Objects-normal/x86_64/CapApp-SPM.SwiftConstValuesFileList (in target 'CapApp-SPM' from project 'CapApp-SPM')
    cd /Users/dean/Documents/MORI/apps/mobile/ios/App/CapApp-SPM
    write-file /Users/dean/Documents/MORI/.state/ios-build/Build/Intermediates.noindex/CapApp-SPM.build/Debug-iphonesimulator/CapApp-SPM-t.build/Objects-normal/x86_64/CapApp-SPM.SwiftConstValuesFileList

WriteAuxiliaryFile /Users/dean/Documents/MORI/.state/ios-build/Build/Intermediates.noindex/CapApp-SPM.build/Debug-iphonesimulator/CapApp-SPM-t.build/Objects-normal/x86_64/CapApp-SPM-OutputFileMap.json (in target 'CapApp-SPM' from project 'CapApp-SPM')
    cd /Users/dean/Documents/MORI/apps/mobile/ios/App/CapApp-SPM
    write-file /Users/dean/Documents/MORI/.state/ios-build/Build/Intermediates.noindex/CapApp-SPM.build/Debug-iphonesimulator/CapApp-SPM-t.build/Objects-normal/x86_64/CapApp-SPM-OutputFileMap.json

WriteAuxiliaryFile /Users/dean/Documents/MORI/.state/ios-build/Build/Intermediates.noindex/CapApp-SPM.build/Debug-iphonesimulator/CapApp-SPM-t.build/Objects-normal/x86_64/CapApp-SPM.LinkFileList (in target 'CapApp-SPM' from project 'CapApp-SPM')
    cd /Users/dean/Documents/MORI/apps/mobile/ios/App/CapApp-SPM
    write-file /Users/dean/Documents/MORI/.state/ios-build/Build/Intermediates.noindex/CapApp-SPM.build/Debug-iphonesimulator/CapApp-SPM-t.build/Objects-normal/x86_64/CapApp-SPM.LinkFileList

WriteAuxiliaryFile /Users/dean/Documents/MORI/.state/ios-build/Build/Intermediates.noindex/CapApp-SPM.build/Debug-iphonesimulator/CapApp-SPM-t.build/Objects-normal/arm64/CapApp-SPM.SwiftFileList (in target 'CapApp-SPM' from project 'CapApp-SPM')
    cd /Users/dean/Documents/MORI/apps/mobile/ios/App/CapApp-SPM
    write-file /Users/dean/Documents/MORI/.state/ios-build/Build/Intermediates.noindex/CapApp-SPM.build/Debug-iphonesimulator/CapApp-SPM-t.build/Objects-normal/arm64/CapApp-SPM.SwiftFileList

WriteAuxiliaryFile /Users/dean/Documents/MORI/.state/ios-build/Build/Intermediates.noindex/CapApp-SPM.build/Debug-iphonesimulator/CapApp-SPM-t.build/Objects-normal/arm64/CapApp-SPM_const_extract_protocols.json (in target 'CapApp-SPM' from project 'CapApp-SPM')
    cd /Users/dean/Documents/MORI/apps/mobile/ios/App/CapApp-SPM
    write-file /Users/dean/Documents/MORI/.state/ios-build/Build/Intermediates.noindex/CapApp-SPM.build/Debug-iphonesimulator/CapApp-SPM-t.build/Objects-normal/arm64/CapApp-SPM_const_extract_protocols.json

WriteAuxiliaryFile /Users/dean/Documents/MORI/.state/ios-build/Build/Intermediates.noindex/CapApp-SPM.build/Debug-iphonesimulator/CapApp-SPM-t.build/Objects-normal/arm64/CapApp-SPM.SwiftConstValuesFileList (in target 'CapApp-SPM' from project 'CapApp-SPM')
    cd /Users/dean/Documents/MORI/apps/mobile/ios/App/CapApp-SPM
    write-file /Users/dean/Documents/MORI/.state/ios-build/Build/Intermediates.noindex/CapApp-SPM.build/Debug-iphonesimulator/CapApp-SPM-t.build/Objects-normal/arm64/CapApp-SPM.SwiftConstValuesFileList

WriteAuxiliaryFile /Users/dean/Documents/MORI/.state/ios-build/Build/Intermediates.noindex/CapApp-SPM.build/Debug-iphonesimulator/CapApp-SPM-t.build/Objects-normal/arm64/CapApp-SPM.LinkFileList (in target 'CapApp-SPM' from project 'CapApp-SPM')
    cd /Users/dean/Documents/MORI/apps/mobile/ios/App/CapApp-SPM
    write-file /Users/dean/Documents/MORI/.state/ios-build/Build/Intermediates.noindex/CapApp-SPM.build/Debug-iphonesimulator/CapApp-SPM-t.build/Objects-normal/arm64/CapApp-SPM.LinkFileList

WriteAuxiliaryFile /Users/dean/Documents/MORI/.state/ios-build/Build/Intermediates.noindex/CapApp-SPM.build/Debug-iphonesimulator/CapApp-SPM-t.build/Objects-normal/arm64/CapApp-SPM-OutputFileMap.json (in target 'CapApp-SPM' from project 'CapApp-SPM')
    cd /Users/dean/Documents/MORI/apps/mobile/ios/App/CapApp-SPM
    write-file /Users/dean/Documents/MORI/.state/ios-build/Build/Intermediates.noindex/CapApp-SPM.build/Debug-iphonesimulator/CapApp-SPM-t.build/Objects-normal/arm64/CapApp-SPM-OutputFileMap.json

WriteAuxiliaryFile /Users/dean/Documents/MORI/.state/ios-build/Build/Intermediates.noindex/CapApp-SPM.build/Debug-iphonesimulator/CapApp-SPM-t.build/CapApp-SPM.modulemap (in target 'CapApp-SPM' from project 'CapApp-SPM')
    cd /Users/dean/Documents/MORI/apps/mobile/ios/App/CapApp-SPM
    write-file /Users/dean/Documents/MORI/.state/ios-build/Build/Intermediates.noindex/CapApp-SPM.build/Debug-iphonesimulator/CapApp-SPM-t.build/CapApp-SPM.modulemap

WriteAuxiliaryFile /Users/dean/Documents/MORI/.state/ios-build/Build/Intermediates.noindex/CapApp-SPM.build/Debug-iphonesimulator/CapApp-SPM-t.build/CapApp-SPM.DependencyStaticMetadataFileList (in target 'CapApp-SPM' from project 'CapApp-SPM')
    cd /Users/dean/Documents/MORI/apps/mobile/ios/App/CapApp-SPM
    write-file /Users/dean/Documents/MORI/.state/ios-build/Build/Intermediates.noindex/CapApp-SPM.build/Debug-iphonesimulator/CapApp-SPM-t.build/CapApp-SPM.DependencyStaticMetadataFileList

WriteAuxiliaryFile /Users/dean/Documents/MORI/.state/ios-build/Build/Intermediates.noindex/CapApp-SPM.build/Debug-iphonesimulator/CapApp-SPM-t.build/CapApp-SPM.DependencyMetadataFileList (in target 'CapApp-SPM' from project 'CapApp-SPM')
    cd /Users/dean/Documents/MORI/apps/mobile/ios/App/CapApp-SPM
    write-file /Users/dean/Documents/MORI/.state/ios-build/Build/Intermediates.noindex/CapApp-SPM.build/Debug-iphonesimulator/CapApp-SPM-t.build/CapApp-SPM.DependencyMetadataFileList

WriteAuxiliaryFile /Users/dean/Documents/MORI/.state/ios-build/Build/Intermediates.noindex/CapacitorApp.build/Debug-iphonesimulator/AppPlugin-t.build/Objects-normal/x86_64/AppPlugin_const_extract_protocols.json (in target 'AppPlugin' from project 'CapacitorApp')
    cd /Users/dean/Documents/MORI/node_modules/.pnpm/@capacitor+app@7.0.1_@capacitor+core@7.2.0/node_modules/@capacitor/app
    write-file /Users/dean/Documents/MORI/.state/ios-build/Build/Intermediates.noindex/CapacitorApp.build/Debug-iphonesimulator/AppPlugin-t.build/Objects-normal/x86_64/AppPlugin_const_extract_protocols.json

WriteAuxiliaryFile /Users/dean/Documents/MORI/.state/ios-build/Build/Intermediates.noindex/CapacitorApp.build/Debug-iphonesimulator/AppPlugin-t.build/Objects-normal/x86_64/AppPlugin.SwiftConstValuesFileList (in target 'AppPlugin' from project 'CapacitorApp')
    cd /Users/dean/Documents/MORI/node_modules/.pnpm/@capacitor+app@7.0.1_@capacitor+core@7.2.0/node_modules/@capacitor/app
    write-file /Users/dean/Documents/MORI/.state/ios-build/Build/Intermediates.noindex/CapacitorApp.build/Debug-iphonesimulator/AppPlugin-t.build/Objects-normal/x86_64/AppPlugin.SwiftConstValuesFileList

WriteAuxiliaryFile /Users/dean/Documents/MORI/.state/ios-build/Build/Intermediates.noindex/CapacitorApp.build/Debug-iphonesimulator/AppPlugin-t.build/Objects-normal/x86_64/AppPlugin.SwiftFileList (in target 'AppPlugin' from project 'CapacitorApp')
    cd /Users/dean/Documents/MORI/node_modules/.pnpm/@capacitor+app@7.0.1_@capacitor+core@7.2.0/node_modules/@capacitor/app
    write-file /Users/dean/Documents/MORI/.state/ios-build/Build/Intermediates.noindex/CapacitorApp.build/Debug-iphonesimulator/AppPlugin-t.build/Objects-normal/x86_64/AppPlugin.SwiftFileList

WriteAuxiliaryFile /Users/dean/Documents/MORI/.state/ios-build/Build/Intermediates.noindex/CapacitorApp.build/Debug-iphonesimulator/AppPlugin-t.build/Objects-normal/x86_64/AppPlugin-OutputFileMap.json (in target 'AppPlugin' from project 'CapacitorApp')
    cd /Users/dean/Documents/MORI/node_modules/.pnpm/@capacitor+app@7.0.1_@capacitor+core@7.2.0/node_modules/@capacitor/app
    write-file /Users/dean/Documents/MORI/.state/ios-build/Build/Intermediates.noindex/CapacitorApp.build/Debug-iphonesimulator/AppPlugin-t.build/Objects-normal/x86_64/AppPlugin-OutputFileMap.json

WriteAuxiliaryFile /Users/dean/Documents/MORI/.state/ios-build/Build/Intermediates.noindex/CapacitorApp.build/Debug-iphonesimulator/AppPlugin-t.build/Objects-normal/x86_64/AppPlugin.LinkFileList (in target 'AppPlugin' from project 'CapacitorApp')
    cd /Users/dean/Documents/MORI/node_modules/.pnpm/@capacitor+app@7.0.1_@capacitor+core@7.2.0/node_modules/@capacitor/app
    write-file /Users/dean/Documents/MORI/.state/ios-build/Build/Intermediates.noindex/CapacitorApp.build/Debug-iphonesimulator/AppPlugin-t.build/Objects-normal/x86_64/AppPlugin.LinkFileList

WriteAuxiliaryFile /Users/dean/Documents/MORI/.state/ios-build/Build/Intermediates.noindex/CapacitorApp.build/Debug-iphonesimulator/AppPlugin-t.build/Objects-normal/arm64/AppPlugin_const_extract_protocols.json (in target 'AppPlugin' from project 'CapacitorApp')
    cd /Users/dean/Documents/MORI/node_modules/.pnpm/@capacitor+app@7.0.1_@capacitor+core@7.2.0/node_modules/@capacitor/app
    write-file /Users/dean/Documents/MORI/.state/ios-build/Build/Intermediates.noindex/CapacitorApp.build/Debug-iphonesimulator/AppPlugin-t.build/Objects-normal/arm64/AppPlugin_const_extract_protocols.json

WriteAuxiliaryFile /Users/dean/Documents/MORI/.state/ios-build/Build/Intermediates.noindex/CapacitorApp.build/Debug-iphonesimulator/AppPlugin-t.build/Objects-normal/arm64/AppPlugin.SwiftFileList (in target 'AppPlugin' from project 'CapacitorApp')
    cd /Users/dean/Documents/MORI/node_modules/.pnpm/@capacitor+app@7.0.1_@capacitor+core@7.2.0/node_modules/@capacitor/app
    write-file /Users/dean/Documents/MORI/.state/ios-build/Build/Intermediates.noindex/CapacitorApp.build/Debug-iphonesimulator/AppPlugin-t.build/Objects-normal/arm64/AppPlugin.SwiftFileList

WriteAuxiliaryFile /Users/dean/Documents/MORI/.state/ios-build/Build/Intermediates.noindex/CapacitorApp.build/Debug-iphonesimulator/AppPlugin-t.build/Objects-normal/arm64/AppPlugin.SwiftConstValuesFileList (in target 'AppPlugin' from project 'CapacitorApp')
    cd /Users/dean/Documents/MORI/node_modules/.pnpm/@capacitor+app@7.0.1_@capacitor+core@7.2.0/node_modules/@capacitor/app
    write-file /Users/dean/Documents/MORI/.state/ios-build/Build/Intermediates.noindex/CapacitorApp.build/Debug-iphonesimulator/AppPlugin-t.build/Objects-normal/arm64/AppPlugin.SwiftConstValuesFileList

WriteAuxiliaryFile /Users/dean/Documents/MORI/.state/ios-build/Build/Intermediates.noindex/CapacitorApp.build/Debug-iphonesimulator/AppPlugin-t.build/Objects-normal/arm64/AppPlugin.LinkFileList (in target 'AppPlugin' from project 'CapacitorApp')
    cd /Users/dean/Documents/MORI/node_modules/.pnpm/@capacitor+app@7.0.1_@capacitor+core@7.2.0/node_modules/@capacitor/app
    write-file /Users/dean/Documents/MORI/.state/ios-build/Build/Intermediates.noindex/CapacitorApp.build/Debug-iphonesimulator/AppPlugin-t.build/Objects-normal/arm64/AppPlugin.LinkFileList

Copy /Users/dean/Documents/MORI/.state/ios-build/Build/Intermediates.noindex/GeneratedModuleMaps-iphonesimulator/CapApp-SPM.modulemap /Users/dean/Documents/MORI/.state/ios-build/Build/Intermediates.noindex/CapApp-SPM.build/Debug-iphonesimulator/CapApp-SPM-t.build/CapApp-SPM.modulemap (in target 'CapApp-SPM' from project 'CapApp-SPM')
    cd /Users/dean/Documents/MORI/apps/mobile/ios/App/CapApp-SPM
    builtin-copy -exclude .DS_Store -exclude CVS -exclude .svn -exclude .git -exclude .hg -resolve-src-symlinks /Users/dean/Documents/MORI/.state/ios-build/Build/Intermediates.noindex/CapApp-SPM.build/Debug-iphonesimulator/CapApp-SPM-t.build/CapApp-SPM.modulemap /Users/dean/Documents/MORI/.state/ios-build/Build/Intermediates.noindex/GeneratedModuleMaps-iphonesimulator

WriteAuxiliaryFile /Users/dean/Documents/MORI/.state/ios-build/Build/Intermediates.noindex/CapacitorApp.build/Debug-iphonesimulator/AppPlugin-t.build/Objects-normal/arm64/AppPlugin-OutputFileMap.json (in target 'AppPlugin' from project 'CapacitorApp')
    cd /Users/dean/Documents/MORI/node_modules/.pnpm/@capacitor+app@7.0.1_@capacitor+core@7.2.0/node_modules/@capacitor/app
    write-file /Users/dean/Documents/MORI/.state/ios-build/Build/Intermediates.noindex/CapacitorApp.build/Debug-iphonesimulator/AppPlugin-t.build/Objects-normal/arm64/AppPlugin-OutputFileMap.json

WriteAuxiliaryFile /Users/dean/Documents/MORI/.state/ios-build/Build/Intermediates.noindex/CapacitorApp.build/Debug-iphonesimulator/AppPlugin-t.build/AppPlugin.modulemap (in target 'AppPlugin' from project 'CapacitorApp')
    cd /Users/dean/Documents/MORI/node_modules/.pnpm/@capacitor+app@7.0.1_@capacitor+core@7.2.0/node_modules/@capacitor/app
    write-file /Users/dean/Documents/MORI/.state/ios-build/Build/Intermediates.noindex/CapacitorApp.build/Debug-iphonesimulator/AppPlugin-t.build/AppPlugin.modulemap

WriteAuxiliaryFile /Users/dean/Documents/MORI/.state/ios-build/Build/Intermediates.noindex/CapacitorApp.build/Debug-iphonesimulator/AppPlugin-t.build/AppPlugin.DependencyStaticMetadataFileList (in target 'AppPlugin' from project 'CapacitorApp')
    cd /Users/dean/Documents/MORI/node_modules/.pnpm/@capacitor+app@7.0.1_@capacitor+core@7.2.0/node_modules/@capacitor/app
    write-file /Users/dean/Documents/MORI/.state/ios-build/Build/Intermediates.noindex/CapacitorApp.build/Debug-iphonesimulator/AppPlugin-t.build/AppPlugin.DependencyStaticMetadataFileList

WriteAuxiliaryFile /Users/dean/Documents/MORI/.state/ios-build/Build/Intermediates.noindex/CapacitorApp.build/Debug-iphonesimulator/AppPlugin-t.build/AppPlugin.DependencyMetadataFileList (in target 'AppPlugin' from project 'CapacitorApp')
    cd /Users/dean/Documents/MORI/node_modules/.pnpm/@capacitor+app@7.0.1_@capacitor+core@7.2.0/node_modules/@capacitor/app
    write-file /Users/dean/Documents/MORI/.state/ios-build/Build/Intermediates.noindex/CapacitorApp.build/Debug-iphonesimulator/AppPlugin-t.build/AppPlugin.DependencyMetadataFileList

WriteAuxiliaryFile /Users/dean/Documents/MORI/.state/ios-build/Build/Intermediates.noindex/App.build/Debug-iphonesimulator/App.build/Objects-normal/x86_64/App.SwiftFileList (in target 'App' from project 'App')
    cd /Users/dean/Documents/MORI/apps/mobile/ios/App
    write-file /Users/dean/Documents/MORI/.state/ios-build/Build/Intermediates.noindex/App.build/Debug-iphonesimulator/App.build/Objects-normal/x86_64/App.SwiftFileList

WriteAuxiliaryFile /Users/dean/Documents/MORI/.state/ios-build/Build/Intermediates.noindex/App.build/Debug-iphonesimulator/App.build/Objects-normal/x86_64/App_const_extract_protocols.json (in target 'App' from project 'App')
    cd /Users/dean/Documents/MORI/apps/mobile/ios/App
    write-file /Users/dean/Documents/MORI/.state/ios-build/Build/Intermediates.noindex/App.build/Debug-iphonesimulator/App.build/Objects-normal/x86_64/App_const_extract_protocols.json

WriteAuxiliaryFile /Users/dean/Documents/MORI/.state/ios-build/Build/Intermediates.noindex/App.build/Debug-iphonesimulator/App.build/Objects-normal/x86_64/App.SwiftConstValuesFileList (in target 'App' from project 'App')
    cd /Users/dean/Documents/MORI/apps/mobile/ios/App
    write-file /Users/dean/Documents/MORI/.state/ios-build/Build/Intermediates.noindex/App.build/Debug-iphonesimulator/App.build/Objects-normal/x86_64/App.SwiftConstValuesFileList

WriteAuxiliaryFile /Users/dean/Documents/MORI/.state/ios-build/Build/Intermediates.noindex/App.build/Debug-iphonesimulator/App.build/Objects-normal/x86_64/App.LinkFileList (in target 'App' from project 'App')
    cd /Users/dean/Documents/MORI/apps/mobile/ios/App
    write-file /Users/dean/Documents/MORI/.state/ios-build/Build/Intermediates.noindex/App.build/Debug-iphonesimulator/App.build/Objects-normal/x86_64/App.LinkFileList

WriteAuxiliaryFile /Users/dean/Documents/MORI/.state/ios-build/Build/Intermediates.noindex/App.build/Debug-iphonesimulator/App.build/Objects-normal/x86_64/App-OutputFileMap.json (in target 'App' from project 'App')
    cd /Users/dean/Documents/MORI/apps/mobile/ios/App
    write-file /Users/dean/Documents/MORI/.state/ios-build/Build/Intermediates.noindex/App.build/Debug-iphonesimulator/App.build/Objects-normal/x86_64/App-OutputFileMap.json

WriteAuxiliaryFile /Users/dean/Documents/MORI/.state/ios-build/Build/Intermediates.noindex/App.build/Debug-iphonesimulator/App.build/Objects-normal/arm64/App_const_extract_protocols.json (in target 'App' from project 'App')
    cd /Users/dean/Documents/MORI/apps/mobile/ios/App
    write-file /Users/dean/Documents/MORI/.state/ios-build/Build/Intermediates.noindex/App.build/Debug-iphonesimulator/App.build/Objects-normal/arm64/App_const_extract_protocols.json

WriteAuxiliaryFile /Users/dean/Documents/MORI/.state/ios-build/Build/Intermediates.noindex/App.build/Debug-iphonesimulator/App.build/Objects-normal/arm64/App.SwiftFileList (in target 'App' from project 'App')
    cd /Users/dean/Documents/MORI/apps/mobile/ios/App
    write-file /Users/dean/Documents/MORI/.state/ios-build/Build/Intermediates.noindex/App.build/Debug-iphonesimulator/App.build/Objects-normal/arm64/App.SwiftFileList

WriteAuxiliaryFile /Users/dean/Documents/MORI/.state/ios-build/Build/Intermediates.noindex/App.build/Debug-iphonesimulator/App.build/Objects-normal/arm64/App.SwiftConstValuesFileList (in target 'App' from project 'App')
    cd /Users/dean/Documents/MORI/apps/mobile/ios/App
    write-file /Users/dean/Documents/MORI/.state/ios-build/Build/Intermediates.noindex/App.build/Debug-iphonesimulator/App.build/Objects-normal/arm64/App.SwiftConstValuesFileList

Copy /Users/dean/Documents/MORI/.state/ios-build/Build/Intermediates.noindex/GeneratedModuleMaps-iphonesimulator/AppPlugin.modulemap /Users/dean/Documents/MORI/.state/ios-build/Build/Intermediates.noindex/CapacitorApp.build/Debug-iphonesimulator/AppPlugin-t.build/AppPlugin.modulemap (in target 'AppPlugin' from project 'CapacitorApp')
    cd /Users/dean/Documents/MORI/node_modules/.pnpm/@capacitor+app@7.0.1_@capacitor+core@7.2.0/node_modules/@capacitor/app
    builtin-copy -exclude .DS_Store -exclude CVS -exclude .svn -exclude .git -exclude .hg -resolve-src-symlinks /Users/dean/Documents/MORI/.state/ios-build/Build/Intermediates.noindex/CapacitorApp.build/Debug-iphonesimulator/AppPlugin-t.build/AppPlugin.modulemap /Users/dean/Documents/MORI/.state/ios-build/Build/Intermediates.noindex/GeneratedModuleMaps-iphonesimulator

WriteAuxiliaryFile /Users/dean/Documents/MORI/.state/ios-build/Build/Intermediates.noindex/App.build/Debug-iphonesimulator/App.build/Objects-normal/arm64/App.LinkFileList (in target 'App' from project 'App')
    cd /Users/dean/Documents/MORI/apps/mobile/ios/App
    write-file /Users/dean/Documents/MORI/.state/ios-build/Build/Intermediates.noindex/App.build/Debug-iphonesimulator/App.build/Objects-normal/arm64/App.LinkFileList

WriteAuxiliaryFile /Users/dean/Documents/MORI/.state/ios-build/Build/Intermediates.noindex/App.build/Debug-iphonesimulator/App.build/Objects-normal/arm64/App-OutputFileMap.json (in target 'App' from project 'App')
    cd /Users/dean/Documents/MORI/apps/mobile/ios/App
    write-file /Users/dean/Documents/MORI/.state/ios-build/Build/Intermediates.noindex/App.build/Debug-iphonesimulator/App.build/Objects-normal/arm64/App-OutputFileMap.json

WriteAuxiliaryFile /Users/dean/Documents/MORI/.state/ios-build/Build/Intermediates.noindex/App.build/Debug-iphonesimulator/App.build/App.hmap (in target 'App' from project 'App')
    cd /Users/dean/Documents/MORI/apps/mobile/ios/App
    write-file /Users/dean/Documents/MORI/.state/ios-build/Build/Intermediates.noindex/App.build/Debug-iphonesimulator/App.build/App.hmap

WriteAuxiliaryFile /Users/dean/Documents/MORI/.state/ios-build/Build/Intermediates.noindex/App.build/Debug-iphonesimulator/App.build/App.DependencyStaticMetadataFileList (in target 'App' from project 'App')
    cd /Users/dean/Documents/MORI/apps/mobile/ios/App
    write-file /Users/dean/Documents/MORI/.state/ios-build/Build/Intermediates.noindex/App.build/Debug-iphonesimulator/App.build/App.DependencyStaticMetadataFileList

WriteAuxiliaryFile /Users/dean/Documents/MORI/.state/ios-build/Build/Intermediates.noindex/App.build/Debug-iphonesimulator/App.build/App.DependencyMetadataFileList (in target 'App' from project 'App')
    cd /Users/dean/Documents/MORI/apps/mobile/ios/App
    write-file /Users/dean/Documents/MORI/.state/ios-build/Build/Intermediates.noindex/App.build/Debug-iphonesimulator/App.build/App.DependencyMetadataFileList

WriteAuxiliaryFile /Users/dean/Documents/MORI/.state/ios-build/Build/Intermediates.noindex/App.build/Debug-iphonesimulator/App.build/App-project-headers.hmap (in target 'App' from project 'App')
    cd /Users/dean/Documents/MORI/apps/mobile/ios/App
    write-file /Users/dean/Documents/MORI/.state/ios-build/Build/Intermediates.noindex/App.build/Debug-iphonesimulator/App.build/App-project-headers.hmap

WriteAuxiliaryFile /Users/dean/Documents/MORI/.state/ios-build/Build/Intermediates.noindex/App.build/Debug-iphonesimulator/App.build/App-own-target-headers.hmap (in target 'App' from project 'App')
    cd /Users/dean/Documents/MORI/apps/mobile/ios/App
    write-file /Users/dean/Documents/MORI/.state/ios-build/Build/Intermediates.noindex/App.build/Debug-iphonesimulator/App.build/App-own-target-headers.hmap

WriteAuxiliaryFile /Users/dean/Documents/MORI/.state/ios-build/Build/Intermediates.noindex/App.build/Debug-iphonesimulator/App.build/App-generated-files.hmap (in target 'App' from project 'App')
    cd /Users/dean/Documents/MORI/apps/mobile/ios/App
    write-file /Users/dean/Documents/MORI/.state/ios-build/Build/Intermediates.noindex/App.build/Debug-iphonesimulator/App.build/App-generated-files.hmap

WriteAuxiliaryFile /Users/dean/Documents/MORI/.state/ios-build/Build/Intermediates.noindex/App.build/Debug-iphonesimulator/App.build/App-all-target-headers.hmap (in target 'App' from project 'App')
    cd /Users/dean/Documents/MORI/apps/mobile/ios/App
    write-file /Users/dean/Documents/MORI/.state/ios-build/Build/Intermediates.noindex/App.build/Debug-iphonesimulator/App.build/App-all-target-headers.hmap

WriteAuxiliaryFile /Users/dean/Documents/MORI/.state/ios-build/Build/Intermediates.noindex/App.build/Debug-iphonesimulator/App.build/App-all-non-framework-target-headers.hmap (in target 'App' from project 'App')
    cd /Users/dean/Documents/MORI/apps/mobile/ios/App
    write-file /Users/dean/Documents/MORI/.state/ios-build/Build/Intermediates.noindex/App.build/Debug-iphonesimulator/App.build/App-all-non-framework-target-headers.hmap

WriteAuxiliaryFile /Users/dean/Documents/MORI/.state/ios-build/Build/Intermediates.noindex/App.build/Debug-iphonesimulator/App.build/App-DebugDylibPath-normal-x86_64.txt (in target 'App' from project 'App')
    cd /Users/dean/Documents/MORI/apps/mobile/ios/App
    write-file /Users/dean/Documents/MORI/.state/ios-build/Build/Intermediates.noindex/App.build/Debug-iphonesimulator/App.build/App-DebugDylibPath-normal-x86_64.txt

WriteAuxiliaryFile /Users/dean/Documents/MORI/.state/ios-build/Build/Intermediates.noindex/App.build/Debug-iphonesimulator/App.build/App-DebugDylibPath-normal-arm64.txt (in target 'App' from project 'App')
    cd /Users/dean/Documents/MORI/apps/mobile/ios/App
    write-file /Users/dean/Documents/MORI/.state/ios-build/Build/Intermediates.noindex/App.build/Debug-iphonesimulator/App.build/App-DebugDylibPath-normal-arm64.txt

WriteAuxiliaryFile /Users/dean/Documents/MORI/.state/ios-build/Build/Intermediates.noindex/App.build/Debug-iphonesimulator/App.build/App-DebugDylibInstallName-normal-x86_64.txt (in target 'App' from project 'App')
    cd /Users/dean/Documents/MORI/apps/mobile/ios/App
    write-file /Users/dean/Documents/MORI/.state/ios-build/Build/Intermediates.noindex/App.build/Debug-iphonesimulator/App.build/App-DebugDylibInstallName-normal-x86_64.txt

WriteAuxiliaryFile /Users/dean/Documents/MORI/.state/ios-build/Build/Intermediates.noindex/App.build/Debug-iphonesimulator/App.build/App-DebugDylibInstallName-normal-arm64.txt (in target 'App' from project 'App')
    cd /Users/dean/Documents/MORI/apps/mobile/ios/App
    write-file /Users/dean/Documents/MORI/.state/ios-build/Build/Intermediates.noindex/App.build/Debug-iphonesimulator/App.build/App-DebugDylibInstallName-normal-arm64.txt

MkDir /Users/dean/Documents/MORI/.state/ios-build/Build/Products/Debug-iphonesimulator/App.app/Frameworks (in target 'App' from project 'App')
    cd /Users/dean/Documents/MORI/apps/mobile/ios/App
    /bin/mkdir -p /Users/dean/Documents/MORI/.state/ios-build/Build/Products/Debug-iphonesimulator/App.app/Frameworks

MkDir /Users/dean/Documents/MORI/.state/ios-build/Build/Products/Debug-iphonesimulator/App.app (in target 'App' from project 'App')
    cd /Users/dean/Documents/MORI/apps/mobile/ios/App
    /bin/mkdir -p /Users/dean/Documents/MORI/.state/ios-build/Build/Products/Debug-iphonesimulator/App.app

SwiftDriver AppPlugin normal arm64 com.apple.xcode.tools.swift.compiler (in target 'AppPlugin' from project 'CapacitorApp')
    cd /Users/dean/Documents/MORI/apps/mobile/ios/App/App.xcodeproj
    builtin-SwiftDriver -- /Applications/Xcode.app/Contents/Developer/Toolchains/XcodeDefault.xctoolchain/usr/bin/swiftc -parse-as-library -module-name AppPlugin -Onone @/Users/dean/Documents/MORI/.state/ios-build/Build/Intermediates.noindex/CapacitorApp.build/Debug-iphonesimulator/AppPlugin-t.build/Objects-normal/arm64/AppPlugin.SwiftFileList -DSWIFT_PACKAGE -DDEBUG -DSWIFT_MODULE_RESOURCE_BUNDLE_UNAVAILABLE -DXcode -plugin-path /Applications/Xcode.app/Contents/Developer/Toolchains/XcodeDefault.xctoolchain/usr/lib/swift/host/plugins/testing -enable-experimental-feature DebugDescriptionMacro -sdk /Applications/Xcode.app/Contents/Developer/Platforms/iPhoneSimulator.platform/Developer/SDKs/iPhoneSimulator27.0.sdk -target arm64-apple-ios15.0-simulator -g -module-cache-path /Users/dean/Documents/MORI/.state/ios-build/ModuleCache.noindex -Xfrontend -serialize-debugging-options -enable-testing -index-store-path /Users/dean/Documents/MORI/.state/ios-build/Index.noindex/DataStore -Xcc -D_LIBCPP_HARDENING_MODE\=_LIBCPP_HARDENING_MODE_DEBUG -swift-version 5 -I /Users/dean/Documents/MORI/.state/ios-build/Build/Products/Debug-iphonesimulator -Isystem /Applications/Xcode.app/Contents/Developer/Platforms/iPhoneSimulator.platform/Developer/usr/lib -F /Users/dean/Documents/MORI/.state/ios-build/Build/Products/Debug-iphonesimulator -F /Applications/Xcode.app/Contents/Developer/Platforms/iPhoneSimulator.platform/Developer/Library/Frameworks -F /Applications/Xcode.app/Contents/Developer/Platforms/iPhoneSimulator.platform/Developer/SDKs/iPhoneSimulator27.0.sdk/Developer/Library/Frameworks -c -j10 -enable-batch-mode -incremental -Xcc -ivfsstatcache -Xcc /Users/dean/Documents/MORI/.state/ios-build/SDKStatCaches.noindex/iphonesimulator27.0-24A430-8dc58220667be655e1bcc261a7455254.sdkstatcache -output-file-map /Users/dean/Documents/MORI/.state/ios-build/Build/Intermediates.noindex/CapacitorApp.build/Debug-iphonesimulator/AppPlugin-t.build/Objects-normal/arm64/AppPlugin-OutputFileMap.json -save-temps -no-color-diagnostics -explicit-module-build -module-cache-path /Users/dean/Documents/MORI/.state/ios-build/Build/Intermediates.noindex/SwiftExplicitPrecompiledModules -clang-scanner-module-cache-path /Users/dean/Documents/MORI/.state/ios-build/ModuleCache.noindex -sdk-module-cache-path /Users/dean/Documents/MORI/.state/ios-build/SDKExplicitPrecompiledModules -emit-dependencies -emit-module -emit-module-path /Users/dean/Documents/MORI/.state/ios-build/Build/Intermediates.noindex/CapacitorApp.build/Debug-iphonesimulator/AppPlugin-t.build/Objects-normal/arm64/AppPlugin.swiftmodule -serialize-diagnostics -dependency-scan-serialize-diagnostics-path /Users/dean/Documents/MORI/.state/ios-build/Build/Intermediates.noindex/CapacitorApp.build/Debug-iphonesimulator/AppPlugin-t.build/Objects-normal/arm64/AppPlugin-dependency-scan.dia -validate-clang-modules-once -clang-build-session-file /Users/dean/Documents/MORI/.state/ios-build/ModuleCache.noindex/Session.modulevalidation -Xcc -fmodules-prune-interval\=86400 -Xcc -fmodules-prune-after\=345600 -package-name app -emit-const-values -const-gather-protocols-list /Users/dean/Documents/MORI/.state/ios-build/Build/Intermediates.noindex/CapacitorApp.build/Debug-iphonesimulator/AppPlugin-t.build/Objects-normal/arm64/AppPlugin_const_extract_protocols.json -Xcc -I/Users/dean/Documents/MORI/.state/ios-build/Build/Products/Debug-iphonesimulator/include -Xcc -I/Users/dean/Documents/MORI/.state/ios-build/Build/Intermediates.noindex/CapacitorApp.build/Debug-iphonesimulator/AppPlugin-t.build/DerivedSources-normal/arm64 -Xcc -I/Users/dean/Documents/MORI/.state/ios-build/Build/Intermediates.noindex/CapacitorApp.build/Debug-iphonesimulator/AppPlugin-t.build/DerivedSources/arm64 -Xcc -I/Users/dean/Documents/MORI/.state/ios-build/Build/Intermediates.noindex/CapacitorApp.build/Debug-iphonesimulator/AppPlugin-t.build/DerivedSources -Xcc -DSWIFT_PACKAGE -Xcc -DDEBUG\=1 -emit-objc-header -emit-objc-header-path /Users/dean/Documents/MORI/.state/ios-build/Build/Intermediates.noindex/CapacitorApp.build/Debug-iphonesimulator/AppPlugin-t.build/Objects-normal/arm64/AppPlugin-Swift.h -working-directory /Users/dean/Documents/MORI/apps/mobile/ios/App/App.xcodeproj -experimental-emit-module-separately -disable-cmo

SwiftDriver AppPlugin normal x86_64 com.apple.xcode.tools.swift.compiler (in target 'AppPlugin' from project 'CapacitorApp')
    cd /Users/dean/Documents/MORI/apps/mobile/ios/App/App.xcodeproj
    builtin-SwiftDriver -- /Applications/Xcode.app/Contents/Developer/Toolchains/XcodeDefault.xctoolchain/usr/bin/swiftc -parse-as-library -module-name AppPlugin -Onone @/Users/dean/Documents/MORI/.state/ios-build/Build/Intermediates.noindex/CapacitorApp.build/Debug-iphonesimulator/AppPlugin-t.build/Objects-normal/x86_64/AppPlugin.SwiftFileList -DSWIFT_PACKAGE -DDEBUG -DSWIFT_MODULE_RESOURCE_BUNDLE_UNAVAILABLE -DXcode -plugin-path /Applications/Xcode.app/Contents/Developer/Toolchains/XcodeDefault.xctoolchain/usr/lib/swift/host/plugins/testing -enable-experimental-feature DebugDescriptionMacro -sdk /Applications/Xcode.app/Contents/Developer/Platforms/iPhoneSimulator.platform/Developer/SDKs/iPhoneSimulator27.0.sdk -target x86_64-apple-ios15.0-simulator -g -module-cache-path /Users/dean/Documents/MORI/.state/ios-build/ModuleCache.noindex -Xfrontend -serialize-debugging-options -enable-testing -index-store-path /Users/dean/Documents/MORI/.state/ios-build/Index.noindex/DataStore -Xcc -D_LIBCPP_HARDENING_MODE\=_LIBCPP_HARDENING_MODE_DEBUG -swift-version 5 -I /Users/dean/Documents/MORI/.state/ios-build/Build/Products/Debug-iphonesimulator -Isystem /Applications/Xcode.app/Contents/Developer/Platforms/iPhoneSimulator.platform/Developer/usr/lib -F /Users/dean/Documents/MORI/.state/ios-build/Build/Products/Debug-iphonesimulator -F /Applications/Xcode.app/Contents/Developer/Platforms/iPhoneSimulator.platform/Developer/Library/Frameworks -F /Applications/Xcode.app/Contents/Developer/Platforms/iPhoneSimulator.platform/Developer/SDKs/iPhoneSimulator27.0.sdk/Developer/Library/Frameworks -c -j10 -enable-batch-mode -incremental -Xcc -ivfsstatcache -Xcc /Users/dean/Documents/MORI/.state/ios-build/SDKStatCaches.noindex/iphonesimulator27.0-24A430-8dc58220667be655e1bcc261a7455254.sdkstatcache -output-file-map /Users/dean/Documents/MORI/.state/ios-build/Build/Intermediates.noindex/CapacitorApp.build/Debug-iphonesimulator/AppPlugin-t.build/Objects-normal/x86_64/AppPlugin-OutputFileMap.json -save-temps -no-color-diagnostics -explicit-module-build -module-cache-path /Users/dean/Documents/MORI/.state/ios-build/Build/Intermediates.noindex/SwiftExplicitPrecompiledModules -clang-scanner-module-cache-path /Users/dean/Documents/MORI/.state/ios-build/ModuleCache.noindex -sdk-module-cache-path /Users/dean/Documents/MORI/.state/ios-build/SDKExplicitPrecompiledModules -emit-dependencies -emit-module -emit-module-path /Users/dean/Documents/MORI/.state/ios-build/Build/Intermediates.noindex/CapacitorApp.build/Debug-iphonesimulator/AppPlugin-t.build/Objects-normal/x86_64/AppPlugin.swiftmodule -serialize-diagnostics -dependency-scan-serialize-diagnostics-path /Users/dean/Documents/MORI/.state/ios-build/Build/Intermediates.noindex/CapacitorApp.build/Debug-iphonesimulator/AppPlugin-t.build/Objects-normal/x86_64/AppPlugin-dependency-scan.dia -validate-clang-modules-once -clang-build-session-file /Users/dean/Documents/MORI/.state/ios-build/ModuleCache.noindex/Session.modulevalidation -Xcc -fmodules-prune-interval\=86400 -Xcc -fmodules-prune-after\=345600 -package-name app -emit-const-values -const-gather-protocols-list /Users/dean/Documents/MORI/.state/ios-build/Build/Intermediates.noindex/CapacitorApp.build/Debug-iphonesimulator/AppPlugin-t.build/Objects-normal/x86_64/AppPlugin_const_extract_protocols.json -Xcc -I/Users/dean/Documents/MORI/.state/ios-build/Build/Products/Debug-iphonesimulator/include -Xcc -I/Users/dean/Documents/MORI/.state/ios-build/Build/Intermediates.noindex/CapacitorApp.build/Debug-iphonesimulator/AppPlugin-t.build/DerivedSources-normal/x86_64 -Xcc -I/Users/dean/Documents/MORI/.state/ios-build/Build/Intermediates.noindex/CapacitorApp.build/Debug-iphonesimulator/AppPlugin-t.build/DerivedSources/x86_64 -Xcc -I/Users/dean/Documents/MORI/.state/ios-build/Build/Intermediates.noindex/CapacitorApp.build/Debug-iphonesimulator/AppPlugin-t.build/DerivedSources -Xcc -DSWIFT_PACKAGE -Xcc -DDEBUG\=1 -emit-objc-header -emit-objc-header-path /Users/dean/Documents/MORI/.state/ios-build/Build/Intermediates.noindex/CapacitorApp.build/Debug-iphonesimulator/AppPlugin-t.build/Objects-normal/x86_64/AppPlugin-Swift.h -working-directory /Users/dean/Documents/MORI/apps/mobile/ios/App/App.xcodeproj -experimental-emit-module-separately -disable-cmo

SwiftExplicitDependencyGeneratePcm arm64 /Users/dean/Documents/MORI/.state/ios-build/SDKExplicitPrecompiledModules/ptrauth-BRXFMKX206LNEEQQG3C3PKKDS.pcm

SwiftExplicitDependencyGeneratePcm arm64 /Users/dean/Documents/MORI/.state/ios-build/SDKExplicitPrecompiledModules/DeveloperToolsSupport-4TL08H5BH7AHX9B08VRJ8YP1W.pcm

SwiftExplicitDependencyGeneratePcm arm64 /Users/dean/Documents/MORI/.state/ios-build/SDKExplicitPrecompiledModules/_AvailabilityInternal-9P55FB0FM1VVBWK4TKKNFMFF8.pcm

SwiftExplicitDependencyGeneratePcm arm64 /Users/dean/Documents/MORI/.state/ios-build/SDKExplicitPrecompiledModules/_Builtin_stddef-EMPKTHPKNQR8QWVODORKB3RDE.pcm

SwiftExplicitDependencyGeneratePcm arm64 /Users/dean/Documents/MORI/.state/ios-build/SDKExplicitPrecompiledModules/_Builtin_float-B6OHSL9IAVSBX5FQF1NS456ED.pcm

SwiftExplicitDependencyGeneratePcm arm64 /Users/dean/Documents/MORI/.state/ios-build/SDKExplicitPrecompiledModules/_Builtin_stdbool-9OLPCD3GQO5MCYE4X2P0THQO3.pcm

SwiftExplicitDependencyGeneratePcm arm64 /Users/dean/Documents/MORI/.state/ios-build/SDKExplicitPrecompiledModules/SwiftShims-1TKX4ZWPCSIWXIDWKBDLUPB6Q.pcm

SwiftExplicitDependencyGeneratePcm arm64 /Users/dean/Documents/MORI/.state/ios-build/SDKExplicitPrecompiledModules/_Builtin_stdarg-DWOXGM7C876LOWD9DR738IMT8.pcm

SwiftExplicitDependencyGeneratePcm arm64 /Users/dean/Documents/MORI/.state/ios-build/SDKExplicitPrecompiledModules/_SwiftConcurrencyShims-8Q2RRLW4MW0ZV31S4U88ERO8U.pcm

SwiftExplicitDependencyGeneratePcm arm64 /Users/dean/Documents/MORI/.state/ios-build/SDKExplicitPrecompiledModules/ptrcheck-1ML2EK5UJLE1THI0VE6C9BGM3.pcm

SwiftExplicitDependencyGeneratePcm x86_64 /Users/dean/Documents/MORI/.state/ios-build/SDKExplicitPrecompiledModules/_AvailabilityInternal-EM8XP5W2S9T47KUSJNR2JEJ0U.pcm

SwiftExplicitDependencyGeneratePcm x86_64 /Users/dean/Documents/MORI/.state/ios-build/SDKExplicitPrecompiledModules/ptrauth-DF2XZ5TRSEPSOPPJHVS2JGVLO.pcm

SwiftExplicitDependencyGeneratePcm x86_64 /Users/dean/Documents/MORI/.state/ios-build/SDKExplicitPrecompiledModules/_SwiftConcurrencyShims-54Q2HA6LJ44KI0CRF01BI0CIA.pcm

SwiftExplicitDependencyGeneratePcm x86_64 /Users/dean/Documents/MORI/.state/ios-build/SDKExplicitPrecompiledModules/_Builtin_stdarg-533M44GS23BOMTNNCQJNLYP38.pcm

SwiftExplicitDependencyGeneratePcm x86_64 /Users/dean/Documents/MORI/.state/ios-build/SDKExplicitPrecompiledModules/DeveloperToolsSupport-6LBR5WQF3C6ISE7CTFGZIF3KA.pcm

SwiftExplicitDependencyGeneratePcm x86_64 /Users/dean/Documents/MORI/.state/ios-build/SDKExplicitPrecompiledModules/_Builtin_stdbool-EZ2W2VNE02MWNMIBOP5Z1RUHI.pcm

SwiftExplicitDependencyGeneratePcm x86_64 /Users/dean/Documents/MORI/.state/ios-build/SDKExplicitPrecompiledModules/ptrcheck-C4DQ6VM4VFAA978N36Y355BUV.pcm

SwiftExplicitDependencyGeneratePcm x86_64 /Users/dean/Documents/MORI/.state/ios-build/SDKExplicitPrecompiledModules/SwiftShims-BJ5X2KOQ1H00WESZ5PQJPNTXP.pcm

SwiftExplicitDependencyGeneratePcm x86_64 /Users/dean/Documents/MORI/.state/ios-build/SDKExplicitPrecompiledModules/_Builtin_float-V4G5TVB69L7DTQ09VHM9NPSQ.pcm

SwiftExplicitDependencyGeneratePcm arm64 /Users/dean/Documents/MORI/.state/ios-build/SDKExplicitPrecompiledModules/_DarwinFoundation1-603SYVULL2BOTPFVUQ67GHNL8.pcm

SwiftExplicitDependencyGeneratePcm x86_64 /Users/dean/Documents/MORI/.state/ios-build/SDKExplicitPrecompiledModules/_Builtin_stddef-CMI1PVCOL9S5IYE9PT0PIQLIS.pcm

SwiftExplicitDependencyGeneratePcm x86_64 /Users/dean/Documents/MORI/.state/ios-build/SDKExplicitPrecompiledModules/_DarwinFoundation1-2ZFAEZFYUM1HSA9U7XB4UBBIA.pcm

SwiftExplicitDependencyGeneratePcm arm64 /Users/dean/Documents/MORI/.state/ios-build/SDKExplicitPrecompiledModules/_DarwinFoundation2-93T7TOM9V8SX76TUWPKJM7322.pcm

SwiftExplicitDependencyGeneratePcm arm64 /Users/dean/Documents/MORI/.state/ios-build/SDKExplicitPrecompiledModules/_Builtin_limits-RI5GIZFDRCCLCZRWE13PHMPO.pcm

SwiftExplicitDependencyGeneratePcm x86_64 /Users/dean/Documents/MORI/.state/ios-build/SDKExplicitPrecompiledModules/_Builtin_limits-DQ3DJIBTFSN552HCIWCIY1HHO.pcm

SwiftExplicitDependencyGeneratePcm x86_64 /Users/dean/Documents/MORI/.state/ios-build/SDKExplicitPrecompiledModules/_DarwinFoundation2-CTCSIKEU5UJM3TSM8STCAHIFA.pcm

SwiftExplicitDependencyGeneratePcm arm64 /Users/dean/Documents/MORI/.state/ios-build/SDKExplicitPrecompiledModules/_Builtin_stdint-AM9ZM4FUAJVGE1Y5SOJ9EIHQB.pcm

SwiftExplicitDependencyGeneratePcm arm64 /Users/dean/Documents/MORI/.state/ios-build/SDKExplicitPrecompiledModules/_Builtin_tgmath-AAQK7W2AFF2NZJN6LNH7DTIH1.pcm

SwiftExplicitDependencyGeneratePcm arm64 /Users/dean/Documents/MORI/.state/ios-build/SDKExplicitPrecompiledModules/sys_types-30LDAVIB0LY904MOMG5HLH3V6.pcm

SwiftExplicitDependencyGeneratePcm arm64 /Users/dean/Documents/MORI/.state/ios-build/SDKExplicitPrecompiledModules/string_h-E4YIJTSJNH2CJH9J3SCW5YS14.pcm

SwiftExplicitDependencyGeneratePcm x86_64 /Users/dean/Documents/MORI/.state/ios-build/SDKExplicitPrecompiledModules/_Builtin_stdint-A7P90XIHTTVMQHRI3B2BWDA6J.pcm

SwiftExplicitDependencyGeneratePcm x86_64 /Users/dean/Documents/MORI/.state/ios-build/SDKExplicitPrecompiledModules/sys_types-9FB9V75TOWIZKIOBTQZ62L0JO.pcm

SwiftExplicitDependencyGeneratePcm x86_64 /Users/dean/Documents/MORI/.state/ios-build/SDKExplicitPrecompiledModules/_Builtin_tgmath-4VRWOF77IGN12G4YU3YEW7NGN.pcm

SwiftExplicitDependencyGeneratePcm x86_64 /Users/dean/Documents/MORI/.state/ios-build/SDKExplicitPrecompiledModules/string_h-3ZDTPH9Q2QY6CO5MKWP7XIKKZ.pcm

SwiftExplicitDependencyGeneratePcm arm64 /Users/dean/Documents/MORI/.state/ios-build/SDKExplicitPrecompiledModules/_Builtin_stdatomic-C88WGBEL6OM3XUZGHI7MGTD4Z.pcm

SwiftExplicitDependencyGeneratePcm arm64 /Users/dean/Documents/MORI/.state/ios-build/SDKExplicitPrecompiledModules/_Builtin_intrinsics-1BEGBA1N22U3VBSGX8MRUPRC6.pcm

SwiftExplicitDependencyGeneratePcm arm64 /Users/dean/Documents/MORI/.state/ios-build/SDKExplicitPrecompiledModules/_DarwinFoundation3-K3ASS8G797IRJBCDJGO8VY1X.pcm

SwiftExplicitDependencyGeneratePcm x86_64 /Users/dean/Documents/MORI/.state/ios-build/SDKExplicitPrecompiledModules/_Builtin_stdatomic-C1C94P4OX318XVCD6YNTO4H83.pcm

SwiftExplicitDependencyGeneratePcm x86_64 /Users/dean/Documents/MORI/.state/ios-build/SDKExplicitPrecompiledModules/_DarwinFoundation3-E02BDB7A0BYOU2SY8BMMWKPSD.pcm

SwiftExplicitDependencyGeneratePcm x86_64 /Users/dean/Documents/MORI/.state/ios-build/SDKExplicitPrecompiledModules/_Builtin_intrinsics-9HIHDR8TMRF7HN0M5KZ34R6RC.pcm

SwiftExplicitDependencyGeneratePcm arm64 /Users/dean/Documents/MORI/.state/ios-build/SDKExplicitPrecompiledModules/CommonCrypto-9SROU8UZ2NG5IQQ49R48MMA10.pcm

SwiftExplicitDependencyGeneratePcm x86_64 /Users/dean/Documents/MORI/.state/ios-build/SDKExplicitPrecompiledModules/CommonCrypto-ESTBYFP2ILXU4T088LIOTVV1N.pcm

SwiftExplicitDependencyGeneratePcm arm64 /Users/dean/Documents/MORI/.state/ios-build/SDKExplicitPrecompiledModules/_Builtin_inttypes-9KB00VH2W6WW130CHCU4IOTF5.pcm

SwiftExplicitDependencyGeneratePcm x86_64 /Users/dean/Documents/MORI/.state/ios-build/SDKExplicitPrecompiledModules/_Builtin_inttypes-7T2BWZ6T0G9J5XUNYSW0GZGT2.pcm

SwiftExplicitDependencyGeneratePcm arm64 /Users/dean/Documents/MORI/.state/ios-build/SDKExplicitPrecompiledModules/Darwin-ADLVV4RCM5KCWLLP0GXUH27L3.pcm

SwiftExplicitDependencyGeneratePcm x86_64 /Users/dean/Documents/MORI/.state/ios-build/SDKExplicitPrecompiledModules/Darwin-LKO055LS899KVNVL3SSZTACC.pcm

SwiftExplicitDependencyGeneratePcm arm64 /Users/dean/Documents/MORI/.state/ios-build/SDKExplicitPrecompiledModules/simd-3X2ES7FVQI2WNF4Y9C82ZT15U.pcm

SwiftExplicitDependencyGeneratePcm x86_64 /Users/dean/Documents/MORI/.state/ios-build/SDKExplicitPrecompiledModules/MachO-9I6XSYQ92RSM8E42V4YIN06J4.pcm

SwiftExplicitDependencyGeneratePcm x86_64 /Users/dean/Documents/MORI/.state/ios-build/SDKExplicitPrecompiledModules/ObjectiveC-DUZHCMQKUT5NFDEERRGNYDH13.pcm

SwiftExplicitDependencyGeneratePcm arm64 /Users/dean/Documents/MORI/.state/ios-build/SDKExplicitPrecompiledModules/ObjectiveC-6A0AVLQGAT9V7QOZN37OQPGTM.pcm

SwiftExplicitDependencyGeneratePcm x86_64 /Users/dean/Documents/MORI/.state/ios-build/SDKExplicitPrecompiledModules/simd-C3FJAW2JNQK542MSKDGRQ8804.pcm

SwiftExplicitDependencyGeneratePcm arm64 /Users/dean/Documents/MORI/.state/ios-build/SDKExplicitPrecompiledModules/MachO-5K5ABWLTX9AS8YJCTZAXXRXPC.pcm

SwiftExplicitDependencyGeneratePcm x86_64 /Users/dean/Documents/MORI/.state/ios-build/SDKExplicitPrecompiledModules/os_object-E5EG1ZP6EGJ876P3BMY1VZ74J.pcm

SwiftExplicitDependencyGeneratePcm arm64 /Users/dean/Documents/MORI/.state/ios-build/SDKExplicitPrecompiledModules/os_object-5SGWM1W1E7H4EZ2TMECTQT54J.pcm

SwiftExplicitDependencyGeneratePcm x86_64 /Users/dean/Documents/MORI/.state/ios-build/SDKExplicitPrecompiledModules/os_workgroup-86NKWZF31G9S932DBVUG4KM68.pcm

SwiftExplicitDependencyGeneratePcm arm64 /Users/dean/Documents/MORI/.state/ios-build/SDKExplicitPrecompiledModules/os_workgroup-EQ3D9LU6VM7FA7EYP69VDZ1QD.pcm

SwiftExplicitDependencyGeneratePcm arm64 /Users/dean/Documents/MORI/.state/ios-build/SDKExplicitPrecompiledModules/Spatial-9K7IXS4XGX0J7CRC9DJID4IMY.pcm

SwiftExplicitDependencyGeneratePcm x86_64 /Users/dean/Documents/MORI/.state/ios-build/SDKExplicitPrecompiledModules/Dispatch-BU68CHJHDLHZ4DF57UOR14LBG.pcm

SwiftExplicitDependencyGeneratePcm arm64 /Users/dean/Documents/MORI/.state/ios-build/SDKExplicitPrecompiledModules/Dispatch-J664ZHN506YVQWMSOUTB3RW2.pcm

SwiftExplicitDependencyGeneratePcm x86_64 /Users/dean/Documents/MORI/.state/ios-build/SDKExplicitPrecompiledModules/dnssd-9F31FM55I7BNYN3M8ZU2F6WQK.pcm

SwiftExplicitDependencyGeneratePcm x86_64 /Users/dean/Documents/MORI/.state/ios-build/SDKExplicitPrecompiledModules/CoreFoundation-ABQLEDE5KIKR060NCAJAFTM3I.pcm

SwiftExplicitDependencyGeneratePcm x86_64 /Users/dean/Documents/MORI/.state/ios-build/SDKExplicitPrecompiledModules/XPC-AEY6W6P0KMKGM8O316RXQGON3.pcm

SwiftExplicitDependencyGeneratePcm arm64 /Users/dean/Documents/MORI/.state/ios-build/SDKExplicitPrecompiledModules/CoreFoundation-2MG3FMS8D5KPJRBKQRS11SWOJ.pcm

SwiftExplicitDependencyGeneratePcm arm64 /Users/dean/Documents/MORI/.state/ios-build/SDKExplicitPrecompiledModules/dnssd-78X6DZ5S3JRVSWMPG5ZKCG0R4.pcm

SwiftExplicitDependencyGeneratePcm arm64 /Users/dean/Documents/MORI/.state/ios-build/SDKExplicitPrecompiledModules/XPC-8NSWP0IJ3MK8WNDVRP8ZBBDIR.pcm

SwiftExplicitDependencyGeneratePcm x86_64 /Users/dean/Documents/MORI/.state/ios-build/SDKExplicitPrecompiledModules/os-LBOY21TM769MRK1HF4HOB5P6.pcm

SwiftExplicitDependencyGeneratePcm x86_64 /Users/dean/Documents/MORI/.state/ios-build/SDKExplicitPrecompiledModules/Spatial-B1XG8L24O2QWG0LXJRRLRMY8I.pcm

SwiftExplicitDependencyGeneratePcm arm64 /Users/dean/Documents/MORI/.state/ios-build/SDKExplicitPrecompiledModules/os-3GZTDAAJT6WK7IEI9HVNN694X.pcm

SwiftExplicitDependencyGeneratePcm x86_64 /Users/dean/Documents/MORI/.state/ios-build/SDKExplicitPrecompiledModules/CoreServices-BBTECQDG3371HL3WFWN6JV6IO.pcm

SwiftExplicitDependencyGeneratePcm x86_64 /Users/dean/Documents/MORI/.state/ios-build/SDKExplicitPrecompiledModules/CoreGraphics-61P36KX6CNWJNPW38GDFIFV98.pcm

SwiftExplicitDependencyGeneratePcm x86_64 /Users/dean/Documents/MORI/.state/ios-build/SDKExplicitPrecompiledModules/CFNetwork-9K37SINN4KPY9ASQAFXOHJ0JR.pcm

SwiftExplicitDependencyGeneratePcm x86_64 /Users/dean/Documents/MORI/.state/ios-build/SDKExplicitPrecompiledModules/Security-32A1Z7RAXTWF0BBI7T7GC1BZ9.pcm

SwiftExplicitDependencyGeneratePcm arm64 /Users/dean/Documents/MORI/.state/ios-build/SDKExplicitPrecompiledModules/CFNetwork-CEZZ49K6IMJGDZO2K00JJZG15.pcm

SwiftExplicitDependencyGeneratePcm arm64 /Users/dean/Documents/MORI/.state/ios-build/SDKExplicitPrecompiledModules/CoreGraphics-39LAEAVGAC4GFGN6AWBASZGG7.pcm

SwiftExplicitDependencyGeneratePcm arm64 /Users/dean/Documents/MORI/.state/ios-build/SDKExplicitPrecompiledModules/Security-BESNBIUKMQTL8N0FO4398HKA6.pcm

SwiftExplicitDependencyGeneratePcm arm64 /Users/dean/Documents/MORI/.state/ios-build/SDKExplicitPrecompiledModules/CoreServices-1LBG3ZCIKPNSE52EBQ9O0GUUX.pcm

SwiftExplicitDependencyGeneratePcm x86_64 /Users/dean/Documents/MORI/.state/ios-build/SDKExplicitPrecompiledModules/MobileCoreServices-9I4TNYLFAY15B58I0B6OCRLWW.pcm

SwiftExplicitDependencyGeneratePcm x86_64 /Users/dean/Documents/MORI/.state/ios-build/SDKExplicitPrecompiledModules/Foundation-1I1WC1MUUIBHU8ZPXL5KJ9TIL.pcm

SwiftExplicitDependencyGeneratePcm arm64 /Users/dean/Documents/MORI/.state/ios-build/SDKExplicitPrecompiledModules/Foundation-841MS018ZVVA6WCBVT80O5RWY.pcm

SwiftExplicitDependencyGeneratePcm x86_64 /Users/dean/Documents/MORI/.state/ios-build/SDKExplicitPrecompiledModules/CoreText-6RCE1DUISZRED4ANXTKXUQ66.pcm

SwiftExplicitDependencyGeneratePcm x86_64 /Users/dean/Documents/MORI/.state/ios-build/SDKExplicitPrecompiledModules/ImageIO-2YCQ7LS1QV12GBWLV4J7XULMT.pcm

SwiftExplicitDependencyGeneratePcm arm64 /Users/dean/Documents/MORI/.state/ios-build/SDKExplicitPrecompiledModules/MobileCoreServices-8XOVGIH0AKY6E4JQGL0DM6QFN.pcm

SwiftExplicitDependencyGeneratePcm arm64 /Users/dean/Documents/MORI/.state/ios-build/SDKExplicitPrecompiledModules/CoreText-EJ01WCY2WWNEL6A7DS5PCI968.pcm

SwiftExplicitDependencyGeneratePcm arm64 /Users/dean/Documents/MORI/.state/ios-build/SDKExplicitPrecompiledModules/ImageIO-9HOVWJM35Z9N7T2S5LOSG4I6G.pcm

SwiftExplicitDependencyGeneratePcm x86_64 /Users/dean/Documents/MORI/.state/ios-build/SDKExplicitPrecompiledModules/UniformTypeIdentifiers-6YGOSKRYRDC6HTVX4KWL2RFR9.pcm

SwiftExplicitDependencyGeneratePcm x86_64 /Users/dean/Documents/MORI/.state/ios-build/SDKExplicitPrecompiledModules/OSLog-CSFNE776ED7ZS0VRNWE2RGP6O.pcm

SwiftExplicitDependencyGeneratePcm x86_64 /Users/dean/Documents/MORI/.state/ios-build/SDKExplicitPrecompiledModules/OpenGLES-6PGI47RT8XFEEE58RZXIK7GEM.pcm

SwiftExplicitDependencyGeneratePcm x86_64 /Users/dean/Documents/MORI/.state/ios-build/SDKExplicitPrecompiledModules/_LocationEssentials-A5465JTN1BLG3HBVDK3Z691F1.pcm

SwiftExplicitDependencyGeneratePcm x86_64 /Users/dean/Documents/MORI/.state/ios-build/SDKExplicitPrecompiledModules/UserNotifications-7EXQYTYIUS62BBS6906QBKT6R.pcm

SwiftExplicitDependencyGeneratePcm x86_64 /Users/dean/Documents/MORI/.state/ios-build/SDKExplicitPrecompiledModules/Symbols-8FBUWVCAXMI3VKKC6E8RUV4DF.pcm

SwiftExplicitDependencyGeneratePcm x86_64 /Users/dean/Documents/MORI/.state/ios-build/SDKExplicitPrecompiledModules/UIUtilities-9A8JH6Z9UZZLHNZGMMTQKAQ1F.pcm

SwiftExplicitDependencyGeneratePcm x86_64 /Users/dean/Documents/MORI/.state/ios-build/SDKExplicitPrecompiledModules/DataDetection-7AMLAOZGXEOE05ITXFVRB0BD7.pcm

SwiftExplicitDependencyGeneratePcm x86_64 /Users/dean/Documents/MORI/.state/ios-build/SDKExplicitPrecompiledModules/Accessibility-E2MVWRNT4X51855ESOUKQEFI4.pcm

SwiftExplicitDependencyGeneratePcm x86_64 /Users/dean/Documents/MORI/.state/ios-build/SDKExplicitPrecompiledModules/FileProvider-8SZ525FIMH8K7YXCHWONXSC6P.pcm

SwiftExplicitDependencyGeneratePcm arm64 /Users/dean/Documents/MORI/.state/ios-build/SDKExplicitPrecompiledModules/OpenGLES-9FM32BZ2FD6ZFUETAHYSOPYSJ.pcm

SwiftExplicitDependencyGeneratePcm arm64 /Users/dean/Documents/MORI/.state/ios-build/SDKExplicitPrecompiledModules/FileProvider-2EJ1443QD6CQX5UHMSLRRZPT4.pcm

SwiftExplicitDependencyGeneratePcm arm64 /Users/dean/Documents/MORI/.state/ios-build/SDKExplicitPrecompiledModules/CoreTransferable-AXGM6PJ6VM2G3N3ZP5PRPR9BF.pcm

SwiftExplicitDependencyGeneratePcm arm64 /Users/dean/Documents/MORI/.state/ios-build/SDKExplicitPrecompiledModules/DataDetection-7RAVDE830FESDAHZS21AXM7Z5.pcm

SwiftExplicitDependencyGeneratePcm arm64 /Users/dean/Documents/MORI/.state/ios-build/SDKExplicitPrecompiledModules/UniformTypeIdentifiers-EVO6HZ3H509GUMGNA87BWGIF8.pcm

SwiftExplicitDependencyGeneratePcm arm64 /Users/dean/Documents/MORI/.state/ios-build/SDKExplicitPrecompiledModules/UserNotifications-CA9VJ5R7KCVNFV8CN1K1G6X78.pcm

SwiftExplicitDependencyGeneratePcm arm64 /Users/dean/Documents/MORI/.state/ios-build/SDKExplicitPrecompiledModules/Accessibility-5CL3URI1XD50UL4WOCTNJAL94.pcm

SwiftExplicitDependencyGeneratePcm arm64 /Users/dean/Documents/MORI/.state/ios-build/SDKExplicitPrecompiledModules/_LocationEssentials-2Z8Q0R7UDL342CJX419VRU785.pcm

SwiftExplicitDependencyGeneratePcm arm64 /Users/dean/Documents/MORI/.state/ios-build/SDKExplicitPrecompiledModules/OSLog-636VH1YY513336X5KCDQDG231.pcm

SwiftExplicitDependencyGeneratePcm arm64 /Users/dean/Documents/MORI/.state/ios-build/SDKExplicitPrecompiledModules/Symbols-8S9FR7JUFS85IYKYC31QLHC9P.pcm

SwiftExplicitDependencyGeneratePcm arm64 /Users/dean/Documents/MORI/.state/ios-build/SDKExplicitPrecompiledModules/IOSurface-1P496NR89DBISQ97K1PO58VVH.pcm

SwiftExplicitDependencyGeneratePcm arm64 /Users/dean/Documents/MORI/.state/ios-build/SDKExplicitPrecompiledModules/Network-1S41PRTI0KV2I59KLMAAARC5M.pcm

SwiftExplicitDependencyGeneratePcm x86_64 /Users/dean/Documents/MORI/.state/ios-build/SDKExplicitPrecompiledModules/CoreTransferable-4Y3WMADAK6FAVDV23IPLXRYOT.pcm

SwiftExplicitDependencyGeneratePcm x86_64 /Users/dean/Documents/MORI/.state/ios-build/SDKExplicitPrecompiledModules/Network-9T276KW5I3MPZU9M9E1GNNJK0.pcm

SwiftExplicitDependencyGeneratePcm x86_64 /Users/dean/Documents/MORI/.state/ios-build/SDKExplicitPrecompiledModules/CoreLocation-5VM5TOY7NKKCJFNS9QS623B59.pcm

SwiftExplicitDependencyGeneratePcm x86_64 /Users/dean/Documents/MORI/.state/ios-build/SDKExplicitPrecompiledModules/IOSurface-54VQ1M1MOKL0QWEL6V84IO3O0.pcm

SwiftExplicitDependencyGeneratePcm arm64 /Users/dean/Documents/MORI/.state/ios-build/SDKExplicitPrecompiledModules/CoreLocation-D8ZX3CIQXTXM8PFM3GIKA8ERN.pcm

SwiftExplicitDependencyGeneratePcm arm64 /Users/dean/Documents/MORI/.state/ios-build/SDKExplicitPrecompiledModules/UIUtilities-5OCCNW2QPZ93TZPIS0FR2MCGI.pcm

SwiftExplicitDependencyGeneratePcm arm64 /Users/dean/Documents/MORI/.state/ios-build/SDKExplicitPrecompiledModules/Metal-4X28G64H8UBMYR9HZCZ0DXRJY.pcm

SwiftExplicitDependencyGeneratePcm x86_64 /Users/dean/Documents/MORI/.state/ios-build/SDKExplicitPrecompiledModules/Metal-4NCR4F02U9C2RTX5YKKL9ULUF.pcm

SwiftExplicitDependencyGeneratePcm x86_64 /Users/dean/Documents/MORI/.state/ios-build/SDKExplicitPrecompiledModules/CoreMotion-88XNNA7M8XOLQWNSHK9JK8K8O.pcm

SwiftExplicitDependencyGeneratePcm arm64 /Users/dean/Documents/MORI/.state/ios-build/SDKExplicitPrecompiledModules/CoreMotion-47DIIGXB8FOHE6P13HFVFN7EG.pcm

SwiftExplicitDependencyGeneratePcm arm64 /Users/dean/Documents/MORI/.state/ios-build/SDKExplicitPrecompiledModules/CoreVideo-VT6BNZXW1IL3QZ2ZI40AOE49.pcm

SwiftExplicitDependencyGeneratePcm x86_64 /Users/dean/Documents/MORI/.state/ios-build/SDKExplicitPrecompiledModules/CoreVideo-8FBXDPT1CEK8TI12RHJNMCHNM.pcm

SwiftExplicitDependencyGeneratePcm arm64 /Users/dean/Documents/MORI/.state/ios-build/SDKExplicitPrecompiledModules/QuartzCore-D2OX59RDMZKN69Y1DWD3BYQ2H.pcm

SwiftExplicitDependencyGeneratePcm arm64 /Users/dean/Documents/MORI/.state/ios-build/SDKExplicitPrecompiledModules/CoreImage-5Z295CKDDGA5S2CZUG3L4J7XP.pcm

SwiftExplicitDependencyGeneratePcm x86_64 /Users/dean/Documents/MORI/.state/ios-build/SDKExplicitPrecompiledModules/QuartzCore-C7UIDHSM753II97ILWVAX5375.pcm

SwiftExplicitDependencyGeneratePcm x86_64 /Users/dean/Documents/MORI/.state/ios-build/SDKExplicitPrecompiledModules/CoreImage-90G2DL3L794CAG58TJ08Z636R.pcm

SwiftExplicitDependencyGeneratePcm arm64 /Users/dean/Documents/MORI/.state/ios-build/SDKExplicitPrecompiledModules/SwiftUICore-1HLO5LFUQAUSQ3LJHNZBGQC9O.pcm

SwiftExplicitDependencyGeneratePcm x86_64 /Users/dean/Documents/MORI/.state/ios-build/SDKExplicitPrecompiledModules/SwiftUICore-F1VTU57HFX141C6UYZ8FM3ST2.pcm

SwiftExplicitDependencyGeneratePcm arm64 /Users/dean/Documents/MORI/.state/ios-build/SDKExplicitPrecompiledModules/UIKit-6HQD2BTUUP4XZVLSW1CEOQZ67.pcm

SwiftExplicitDependencyGeneratePcm x86_64 /Users/dean/Documents/MORI/.state/ios-build/SDKExplicitPrecompiledModules/UIKit-9IDC4YGWVTM1U7OKXNQOVGJKU.pcm

SwiftExplicitDependencyGeneratePcm arm64 /Users/dean/Documents/MORI/.state/ios-build/SDKExplicitPrecompiledModules/WebKit-51NJRZQXFM2SY5R2Z2DRS9WHU.pcm

SwiftExplicitDependencyGeneratePcm x86_64 /Users/dean/Documents/MORI/.state/ios-build/SDKExplicitPrecompiledModules/WebKit-7LEN7SWUY6PMQH5FWXUDIRIAA.pcm

SwiftExplicitDependencyGeneratePcm x86_64 /Users/dean/Documents/MORI/.state/ios-build/Build/Intermediates.noindex/SwiftExplicitPrecompiledModules/Cordova-BEN0SEQD8KJK8KWN1O8J2QTTN.pcm
<module-includes>:1:9: note: in file included from <module-includes>:1:
1 | #import "Headers/CapacitorCordova.h"
  |         `- note: in file included from <module-includes>:1:
2 | 

/Users/dean/Documents/MORI/.state/ios-build/Build/Products/Debug-iphonesimulator/Cordova.framework/Headers/CapacitorCordova.h:10:9: note: in file included from /Users/dean/Documents/MORI/.state/ios-build/Build/Products/Debug-iphonesimulator/Cordova.framework/Headers/CapacitorCordova.h:10:
 8 | 
 9 | #import <Cordova/AppDelegate.h>
10 | #import <Cordova/CDV.h>
   |         `- note: in file included from /Users/dean/Documents/MORI/.state/ios-build/Build/Products/Debug-iphonesimulator/Cordova.framework/Headers/CapacitorCordova.h:10:
11 | #import <Cordova/CDVAvailability.h>
12 | #import <Cordova/CDVCommandDelegate.h>

/Users/dean/Documents/MORI/.state/ios-build/Build/Products/Debug-iphonesimulator/Cordova.framework/Headers/CDV.h:28:9: note: in file included from /Users/dean/Documents/MORI/.state/ios-build/Build/Products/Debug-iphonesimulator/Cordova.framework/Headers/CDV.h:28:
26 | #import "CDVURLProtocol.h"
27 | #import "CDVScreenOrientationDelegate.h"
28 | #import "CDVWebViewProcessPoolFactory.h"
   |         `- note: in file included from /Users/dean/Documents/MORI/.state/ios-build/Build/Products/Debug-iphonesimulator/Cordova.framework/Headers/CDV.h:28:
29 | 

/Users/dean/Documents/MORI/.state/ios-build/Build/Products/Debug-iphonesimulator/Cordova.framework/Headers/CDVWebViewProcessPoolFactory.h:23:31: warning: 'WKProcessPool' is deprecated: first deprecated in iOS 15.0 - Creating and using multiple instances of WKProcessPool no longer has any effect.
21 | 
22 | @interface CDVWebViewProcessPoolFactory : NSObject
23 | @property (nonatomic, retain) WKProcessPool* sharedPool;
   |                               `- warning: 'WKProcessPool' is deprecated: first deprecated in iOS 15.0 - Creating and using multiple instances of WKProcessPool no longer has any effect.
24 | 
25 | +(instancetype) sharedFactory;

/Applications/Xcode.app/Contents/Developer/Platforms/iPhoneSimulator.platform/Developer/SDKs/iPhoneSimulator27.0.sdk/System/Library/Frameworks/WebKit.framework/Headers/WKProcessPool.h:38:12: note: 'WKProcessPool' has been explicitly marked deprecated here
36 | WK_SWIFT_UI_ACTOR
37 | WK_EXTERN API_DEPRECATED("Creating and using multiple instances of WKProcessPool no longer has any effect.", macos(10.10, 12.0), ios(8.0, 15.0), visionos(1.0, 1.0))
38 | @interface WKProcessPool : NSObject <NSSecureCoding>
   |            `- note: 'WKProcessPool' has been explicitly marked deprecated here
39 | @end
40 | 

<module-includes>:1:9: note: in file included from <module-includes>:1:
1 | #import "Headers/CapacitorCordova.h"
  |         `- note: in file included from <module-includes>:1:
2 | 

/Users/dean/Documents/MORI/.state/ios-build/Build/Products/Debug-iphonesimulator/Cordova.framework/Headers/CapacitorCordova.h:10:9: note: in file included from /Users/dean/Documents/MORI/.state/ios-build/Build/Products/Debug-iphonesimulator/Cordova.framework/Headers/CapacitorCordova.h:10:
 8 | 
 9 | #import <Cordova/AppDelegate.h>
10 | #import <Cordova/CDV.h>
   |         `- note: in file included from /Users/dean/Documents/MORI/.state/ios-build/Build/Products/Debug-iphonesimulator/Cordova.framework/Headers/CapacitorCordova.h:10:
11 | #import <Cordova/CDVAvailability.h>
12 | #import <Cordova/CDVCommandDelegate.h>

/Users/dean/Documents/MORI/.state/ios-build/Build/Products/Debug-iphonesimulator/Cordova.framework/Headers/CDV.h:28:9: note: in file included from /Users/dean/Documents/MORI/.state/ios-build/Build/Products/Debug-iphonesimulator/Cordova.framework/Headers/CDV.h:28:
26 | #import "CDVURLProtocol.h"
27 | #import "CDVScreenOrientationDelegate.h"
28 | #import "CDVWebViewProcessPoolFactory.h"
   |         `- note: in file included from /Users/dean/Documents/MORI/.state/ios-build/Build/Products/Debug-iphonesimulator/Cordova.framework/Headers/CDV.h:28:
29 | 

2 warnings generated.
/Users/dean/Documents/MORI/.state/ios-build/Build/Products/Debug-iphonesimulator/Cordova.framework/Headers/CDVWebViewProcessPoolFactory.h:26:3: warning: 'WKProcessPool' is deprecated: first deprecated in iOS 15.0 - Creating and using multiple instances of WKProcessPool no longer has any effect.
24 | 
25 | +(instancetype) sharedFactory;
26 | -(WKProcessPool*) sharedProcessPool;
   |   `- warning: 'WKProcessPool' is deprecated: first deprecated in iOS 15.0 - Creating and using multiple instances of WKProcessPool no longer has any effect.
27 | @end
28 | 

/Applications/Xcode.app/Contents/Developer/Platforms/iPhoneSimulator.platform/Developer/SDKs/iPhoneSimulator27.0.sdk/System/Library/Frameworks/WebKit.framework/Headers/WKProcessPool.h:38:12: note: 'WKProcessPool' has been explicitly marked deprecated here
36 | WK_SWIFT_UI_ACTOR
37 | WK_EXTERN API_DEPRECATED("Creating and using multiple instances of WKProcessPool no longer has any effect.", macos(10.10, 12.0), ios(8.0, 15.0), visionos(1.0, 1.0))
38 | @interface WKProcessPool : NSObject <NSSecureCoding>
   |            `- note: 'WKProcessPool' has been explicitly marked deprecated here
39 | @end
40 | 

SwiftExplicitDependencyGeneratePcm arm64 /Users/dean/Documents/MORI/.state/ios-build/Build/Intermediates.noindex/SwiftExplicitPrecompiledModules/Cordova-69RVHFQM8MELSU0U0O8L74VIJ.pcm
<module-includes>:1:9: note: in file included from <module-includes>:1:
1 | #import "Headers/CapacitorCordova.h"
  |         `- note: in file included from <module-includes>:1:
2 | 

/Users/dean/Documents/MORI/.state/ios-build/Build/Products/Debug-iphonesimulator/Cordova.framework/Headers/CapacitorCordova.h:10:9: note: in file included from /Users/dean/Documents/MORI/.state/ios-build/Build/Products/Debug-iphonesimulator/Cordova.framework/Headers/CapacitorCordova.h:10:
 8 | 
 9 | #import <Cordova/AppDelegate.h>
10 | #import <Cordova/CDV.h>
   |         `- note: in file included from /Users/dean/Documents/MORI/.state/ios-build/Build/Products/Debug-iphonesimulator/Cordova.framework/Headers/CapacitorCordova.h:10:
11 | #import <Cordova/CDVAvailability.h>
12 | #import <Cordova/CDVCommandDelegate.h>

/Users/dean/Documents/MORI/.state/ios-build/Build/Products/Debug-iphonesimulator/Cordova.framework/Headers/CDV.h:28:9: note: in file included from /Users/dean/Documents/MORI/.state/ios-build/Build/Products/Debug-iphonesimulator/Cordova.framework/Headers/CDV.h:28:
26 | #import "CDVURLProtocol.h"
27 | #import "CDVScreenOrientationDelegate.h"
28 | #import "CDVWebViewProcessPoolFactory.h"
   |         `- note: in file included from /Users/dean/Documents/MORI/.state/ios-build/Build/Products/Debug-iphonesimulator/Cordova.framework/Headers/CDV.h:28:
29 | 

/Users/dean/Documents/MORI/.state/ios-build/Build/Products/Debug-iphonesimulator/Cordova.framework/Headers/CDVWebViewProcessPoolFactory.h:23:31: warning: 'WKProcessPool' is deprecated: first deprecated in iOS 15.0 - Creating and using multiple instances of WKProcessPool no longer has any effect.
21 | 
22 | @interface CDVWebViewProcessPoolFactory : NSObject
23 | @property (nonatomic, retain) WKProcessPool* sharedPool;
   |                               `- warning: 'WKProcessPool' is deprecated: first deprecated in iOS 15.0 - Creating and using multiple instances of WKProcessPool no longer has any effect.
24 | 
25 | +(instancetype) sharedFactory;

/Applications/Xcode.app/Contents/Developer/Platforms/iPhoneSimulator.platform/Developer/SDKs/iPhoneSimulator27.0.sdk/System/Library/Frameworks/WebKit.framework/Headers/WKProcessPool.h:38:12: note: 'WKProcessPool' has been explicitly marked deprecated here
36 | WK_SWIFT_UI_ACTOR
37 | WK_EXTERN API_DEPRECATED("Creating and using multiple instances of WKProcessPool no longer has any effect.", macos(10.10, 12.0), ios(8.0, 15.0), visionos(1.0, 1.0))
38 | @interface WKProcessPool : NSObject <NSSecureCoding>
   |            `- note: 'WKProcessPool' has been explicitly marked deprecated here
39 | @end
40 | 

<module-includes>:1:9: note: in file included from <module-includes>:1:
1 | #import "Headers/CapacitorCordova.h"
  |         `- note: in file included from <module-includes>:1:
2 | 

/Users/dean/Documents/MORI/.state/ios-build/Build/Products/Debug-iphonesimulator/Cordova.framework/Headers/CapacitorCordova.h:10:9: note: in file included from /Users/dean/Documents/MORI/.state/ios-build/Build/Products/Debug-iphonesimulator/Cordova.framework/Headers/CapacitorCordova.h:10:
 8 | 
 9 | #import <Cordova/AppDelegate.h>
10 | #import <Cordova/CDV.h>
   |         `- note: in file included from /Users/dean/Documents/MORI/.state/ios-build/Build/Products/Debug-iphonesimulator/Cordova.framework/Headers/CapacitorCordova.h:10:
11 | #import <Cordova/CDVAvailability.h>
12 | #import <Cordova/CDVCommandDelegate.h>

/Users/dean/Documents/MORI/.state/ios-build/Build/Products/Debug-iphonesimulator/Cordova.framework/Headers/CDV.h:28:9: note: in file included from /Users/dean/Documents/MORI/.state/ios-build/Build/Products/Debug-iphonesimulator/Cordova.framework/Headers/CDV.h:28:
26 | #import "CDVURLProtocol.h"
27 | #import "CDVScreenOrientationDelegate.h"
28 | #import "CDVWebViewProcessPoolFactory.h"
   |         `- note: in file included from /Users/dean/Documents/MORI/.state/ios-build/Build/Products/Debug-iphonesimulator/Cordova.framework/Headers/CDV.h:28:
29 | 

2 warnings generated.
/Users/dean/Documents/MORI/.state/ios-build/Build/Products/Debug-iphonesimulator/Cordova.framework/Headers/CDVWebViewProcessPoolFactory.h:26:3: warning: 'WKProcessPool' is deprecated: first deprecated in iOS 15.0 - Creating and using multiple instances of WKProcessPool no longer has any effect.
24 | 
25 | +(instancetype) sharedFactory;
26 | -(WKProcessPool*) sharedProcessPool;
   |   `- warning: 'WKProcessPool' is deprecated: first deprecated in iOS 15.0 - Creating and using multiple instances of WKProcessPool no longer has any effect.
27 | @end
28 | 

/Applications/Xcode.app/Contents/Developer/Platforms/iPhoneSimulator.platform/Developer/SDKs/iPhoneSimulator27.0.sdk/System/Library/Frameworks/WebKit.framework/Headers/WKProcessPool.h:38:12: note: 'WKProcessPool' has been explicitly marked deprecated here
36 | WK_SWIFT_UI_ACTOR
37 | WK_EXTERN API_DEPRECATED("Creating and using multiple instances of WKProcessPool no longer has any effect.", macos(10.10, 12.0), ios(8.0, 15.0), visionos(1.0, 1.0))
38 | @interface WKProcessPool : NSObject <NSSecureCoding>
   |            `- note: 'WKProcessPool' has been explicitly marked deprecated here
39 | @end
40 | 

SwiftExplicitDependencyGeneratePcm x86_64 /Users/dean/Documents/MORI/.state/ios-build/Build/Intermediates.noindex/SwiftExplicitPrecompiledModules/Capacitor-E04376DS6SOFUNW4LLS04UA0.pcm

SwiftExplicitDependencyGeneratePcm arm64 /Users/dean/Documents/MORI/.state/ios-build/Build/Intermediates.noindex/SwiftExplicitPrecompiledModules/Capacitor-CXWXQUXHAD5G5PGQLS7X701ZL.pcm

SwiftExplicitDependencyCompileModuleFromInterface x86_64 /Users/dean/Documents/MORI/.state/ios-build/Build/Intermediates.noindex/SwiftExplicitPrecompiledModules/Capacitor-D7LHHHVRK6T9.swiftmodule

SwiftExplicitDependencyCompileModuleFromInterface arm64 /Users/dean/Documents/MORI/.state/ios-build/Build/Intermediates.noindex/SwiftExplicitPrecompiledModules/Capacitor-7T9MY85V874T.swiftmodule

SwiftEmitModule normal arm64 Emitting\ module\ for\ AppPlugin (in target 'AppPlugin' from project 'CapacitorApp')

SwiftCompile normal arm64 (in target 'AppPlugin' from project 'CapacitorApp')
    cd /Users/dean/Documents/MORI/apps/mobile/ios/App/App.xcodeproj
    

SwiftCompile normal arm64 Compiling\ AppPlugin.swift /Users/dean/Documents/MORI/node_modules/.pnpm/@capacitor+app@7.0.1_@capacitor+core@7.2.0/node_modules/@capacitor/app/ios/Sources/AppPlugin/AppPlugin.swift (in target 'AppPlugin' from project 'CapacitorApp')

SwiftCompile normal arm64 /Users/dean/Documents/MORI/node_modules/.pnpm/@capacitor+app@7.0.1_@capacitor+core@7.2.0/node_modules/@capacitor/app/ios/Sources/AppPlugin/AppPlugin.swift (in target 'AppPlugin' from project 'CapacitorApp')
    cd /Users/dean/Documents/MORI/apps/mobile/ios/App/App.xcodeproj
    builtin-SwiftPerFileCompile AppPlugin.swift

SwiftEmitModule normal x86_64 Emitting\ module\ for\ AppPlugin (in target 'AppPlugin' from project 'CapacitorApp')

SwiftCompile normal x86_64 (in target 'AppPlugin' from project 'CapacitorApp')
    cd /Users/dean/Documents/MORI/apps/mobile/ios/App/App.xcodeproj
    

SwiftCompile normal x86_64 Compiling\ AppPlugin.swift /Users/dean/Documents/MORI/node_modules/.pnpm/@capacitor+app@7.0.1_@capacitor+core@7.2.0/node_modules/@capacitor/app/ios/Sources/AppPlugin/AppPlugin.swift (in target 'AppPlugin' from project 'CapacitorApp')

SwiftCompile normal x86_64 /Users/dean/Documents/MORI/node_modules/.pnpm/@capacitor+app@7.0.1_@capacitor+core@7.2.0/node_modules/@capacitor/app/ios/Sources/AppPlugin/AppPlugin.swift (in target 'AppPlugin' from project 'CapacitorApp')
    cd /Users/dean/Documents/MORI/apps/mobile/ios/App/App.xcodeproj
    builtin-SwiftPerFileCompile AppPlugin.swift

SwiftDriverJobDiscovery normal arm64 Emitting module for AppPlugin (in target 'AppPlugin' from project 'CapacitorApp')

SwiftDriverJobDiscovery normal x86_64 Emitting module for AppPlugin (in target 'AppPlugin' from project 'CapacitorApp')

SwiftDriver\ Compilation\ Requirements AppPlugin normal arm64 com.apple.xcode.tools.swift.compiler (in target 'AppPlugin' from project 'CapacitorApp')
    cd /Users/dean/Documents/MORI/apps/mobile/ios/App/App.xcodeproj
    builtin-Swift-Compilation-Requirements -- /Applications/Xcode.app/Contents/Developer/Toolchains/XcodeDefault.xctoolchain/usr/bin/swiftc -parse-as-library -module-name AppPlugin -Onone @/Users/dean/Documents/MORI/.state/ios-build/Build/Intermediates.noindex/CapacitorApp.build/Debug-iphonesimulator/AppPlugin-t.build/Objects-normal/arm64/AppPlugin.SwiftFileList -DSWIFT_PACKAGE -DDEBUG -DSWIFT_MODULE_RESOURCE_BUNDLE_UNAVAILABLE -DXcode -plugin-path /Applications/Xcode.app/Contents/Developer/Toolchains/XcodeDefault.xctoolchain/usr/lib/swift/host/plugins/testing -enable-experimental-feature DebugDescriptionMacro -sdk /Applications/Xcode.app/Contents/Developer/Platforms/iPhoneSimulator.platform/Developer/SDKs/iPhoneSimulator27.0.sdk -target arm64-apple-ios15.0-simulator -g -module-cache-path /Users/dean/Documents/MORI/.state/ios-build/ModuleCache.noindex -Xfrontend -serialize-debugging-options -enable-testing -index-store-path /Users/dean/Documents/MORI/.state/ios-build/Index.noindex/DataStore -Xcc -D_LIBCPP_HARDENING_MODE\=_LIBCPP_HARDENING_MODE_DEBUG -swift-version 5 -I /Users/dean/Documents/MORI/.state/ios-build/Build/Products/Debug-iphonesimulator -Isystem /Applications/Xcode.app/Contents/Developer/Platforms/iPhoneSimulator.platform/Developer/usr/lib -F /Users/dean/Documents/MORI/.state/ios-build/Build/Products/Debug-iphonesimulator -F /Applications/Xcode.app/Contents/Developer/Platforms/iPhoneSimulator.platform/Developer/Library/Frameworks -F /Applications/Xcode.app/Contents/Developer/Platforms/iPhoneSimulator.platform/Developer/SDKs/iPhoneSimulator27.0.sdk/Developer/Library/Frameworks -c -j10 -enable-batch-mode -incremental -Xcc -ivfsstatcache -Xcc /Users/dean/Documents/MORI/.state/ios-build/SDKStatCaches.noindex/iphonesimulator27.0-24A430-8dc58220667be655e1bcc261a7455254.sdkstatcache -output-file-map /Users/dean/Documents/MORI/.state/ios-build/Build/Intermediates.noindex/CapacitorApp.build/Debug-iphonesimulator/AppPlugin-t.build/Objects-normal/arm64/AppPlugin-OutputFileMap.json -save-temps -no-color-diagnostics -explicit-module-build -module-cache-path /Users/dean/Documents/MORI/.state/ios-build/Build/Intermediates.noindex/SwiftExplicitPrecompiledModules -clang-scanner-module-cache-path /Users/dean/Documents/MORI/.state/ios-build/ModuleCache.noindex -sdk-module-cache-path /Users/dean/Documents/MORI/.state/ios-build/SDKExplicitPrecompiledModules -emit-dependencies -emit-module -emit-module-path /Users/dean/Documents/MORI/.state/ios-build/Build/Intermediates.noindex/CapacitorApp.build/Debug-iphonesimulator/AppPlugin-t.build/Objects-normal/arm64/AppPlugin.swiftmodule -serialize-diagnostics -dependency-scan-serialize-diagnostics-path /Users/dean/Documents/MORI/.state/ios-build/Build/Intermediates.noindex/CapacitorApp.build/Debug-iphonesimulator/AppPlugin-t.build/Objects-normal/arm64/AppPlugin-dependency-scan.dia -validate-clang-modules-once -clang-build-session-file /Users/dean/Documents/MORI/.state/ios-build/ModuleCache.noindex/Session.modulevalidation -Xcc -fmodules-prune-interval\=86400 -Xcc -fmodules-prune-after\=345600 -package-name app -emit-const-values -const-gather-protocols-list /Users/dean/Documents/MORI/.state/ios-build/Build/Intermediates.noindex/CapacitorApp.build/Debug-iphonesimulator/AppPlugin-t.build/Objects-normal/arm64/AppPlugin_const_extract_protocols.json -Xcc -I/Users/dean/Documents/MORI/.state/ios-build/Build/Products/Debug-iphonesimulator/include -Xcc -I/Users/dean/Documents/MORI/.state/ios-build/Build/Intermediates.noindex/CapacitorApp.build/Debug-iphonesimulator/AppPlugin-t.build/DerivedSources-normal/arm64 -Xcc -I/Users/dean/Documents/MORI/.state/ios-build/Build/Intermediates.noindex/CapacitorApp.build/Debug-iphonesimulator/AppPlugin-t.build/DerivedSources/arm64 -Xcc -I/Users/dean/Documents/MORI/.state/ios-build/Build/Intermediates.noindex/CapacitorApp.build/Debug-iphonesimulator/AppPlugin-t.build/DerivedSources -Xcc -DSWIFT_PACKAGE -Xcc -DDEBUG\=1 -emit-objc-header -emit-objc-header-path /Users/dean/Documents/MORI/.state/ios-build/Build/Intermediates.noindex/CapacitorApp.build/Debug-iphonesimulator/AppPlugin-t.build/Objects-normal/arm64/AppPlugin-Swift.h -working-directory /Users/dean/Documents/MORI/apps/mobile/ios/App/App.xcodeproj -experimental-emit-module-separately -disable-cmo

SwiftDriver\ Compilation\ Requirements AppPlugin normal x86_64 com.apple.xcode.tools.swift.compiler (in target 'AppPlugin' from project 'CapacitorApp')
    cd /Users/dean/Documents/MORI/apps/mobile/ios/App/App.xcodeproj
    builtin-Swift-Compilation-Requirements -- /Applications/Xcode.app/Contents/Developer/Toolchains/XcodeDefault.xctoolchain/usr/bin/swiftc -parse-as-library -module-name AppPlugin -Onone @/Users/dean/Documents/MORI/.state/ios-build/Build/Intermediates.noindex/CapacitorApp.build/Debug-iphonesimulator/AppPlugin-t.build/Objects-normal/x86_64/AppPlugin.SwiftFileList -DSWIFT_PACKAGE -DDEBUG -DSWIFT_MODULE_RESOURCE_BUNDLE_UNAVAILABLE -DXcode -plugin-path /Applications/Xcode.app/Contents/Developer/Toolchains/XcodeDefault.xctoolchain/usr/lib/swift/host/plugins/testing -enable-experimental-feature DebugDescriptionMacro -sdk /Applications/Xcode.app/Contents/Developer/Platforms/iPhoneSimulator.platform/Developer/SDKs/iPhoneSimulator27.0.sdk -target x86_64-apple-ios15.0-simulator -g -module-cache-path /Users/dean/Documents/MORI/.state/ios-build/ModuleCache.noindex -Xfrontend -serialize-debugging-options -enable-testing -index-store-path /Users/dean/Documents/MORI/.state/ios-build/Index.noindex/DataStore -Xcc -D_LIBCPP_HARDENING_MODE\=_LIBCPP_HARDENING_MODE_DEBUG -swift-version 5 -I /Users/dean/Documents/MORI/.state/ios-build/Build/Products/Debug-iphonesimulator -Isystem /Applications/Xcode.app/Contents/Developer/Platforms/iPhoneSimulator.platform/Developer/usr/lib -F /Users/dean/Documents/MORI/.state/ios-build/Build/Products/Debug-iphonesimulator -F /Applications/Xcode.app/Contents/Developer/Platforms/iPhoneSimulator.platform/Developer/Library/Frameworks -F /Applications/Xcode.app/Contents/Developer/Platforms/iPhoneSimulator.platform/Developer/SDKs/iPhoneSimulator27.0.sdk/Developer/Library/Frameworks -c -j10 -enable-batch-mode -incremental -Xcc -ivfsstatcache -Xcc /Users/dean/Documents/MORI/.state/ios-build/SDKStatCaches.noindex/iphonesimulator27.0-24A430-8dc58220667be655e1bcc261a7455254.sdkstatcache -output-file-map /Users/dean/Documents/MORI/.state/ios-build/Build/Intermediates.noindex/CapacitorApp.build/Debug-iphonesimulator/AppPlugin-t.build/Objects-normal/x86_64/AppPlugin-OutputFileMap.json -save-temps -no-color-diagnostics -explicit-module-build -module-cache-path /Users/dean/Documents/MORI/.state/ios-build/Build/Intermediates.noindex/SwiftExplicitPrecompiledModules -clang-scanner-module-cache-path /Users/dean/Documents/MORI/.state/ios-build/ModuleCache.noindex -sdk-module-cache-path /Users/dean/Documents/MORI/.state/ios-build/SDKExplicitPrecompiledModules -emit-dependencies -emit-module -emit-module-path /Users/dean/Documents/MORI/.state/ios-build/Build/Intermediates.noindex/CapacitorApp.build/Debug-iphonesimulator/AppPlugin-t.build/Objects-normal/x86_64/AppPlugin.swiftmodule -serialize-diagnostics -dependency-scan-serialize-diagnostics-path /Users/dean/Documents/MORI/.state/ios-build/Build/Intermediates.noindex/CapacitorApp.build/Debug-iphonesimulator/AppPlugin-t.build/Objects-normal/x86_64/AppPlugin-dependency-scan.dia -validate-clang-modules-once -clang-build-session-file /Users/dean/Documents/MORI/.state/ios-build/ModuleCache.noindex/Session.modulevalidation -Xcc -fmodules-prune-interval\=86400 -Xcc -fmodules-prune-after\=345600 -package-name app -emit-const-values -const-gather-protocols-list /Users/dean/Documents/MORI/.state/ios-build/Build/Intermediates.noindex/CapacitorApp.build/Debug-iphonesimulator/AppPlugin-t.build/Objects-normal/x86_64/AppPlugin_const_extract_protocols.json -Xcc -I/Users/dean/Documents/MORI/.state/ios-build/Build/Products/Debug-iphonesimulator/include -Xcc -I/Users/dean/Documents/MORI/.state/ios-build/Build/Intermediates.noindex/CapacitorApp.build/Debug-iphonesimulator/AppPlugin-t.build/DerivedSources-normal/x86_64 -Xcc -I/Users/dean/Documents/MORI/.state/ios-build/Build/Intermediates.noindex/CapacitorApp.build/Debug-iphonesimulator/AppPlugin-t.build/DerivedSources/x86_64 -Xcc -I/Users/dean/Documents/MORI/.state/ios-build/Build/Intermediates.noindex/CapacitorApp.build/Debug-iphonesimulator/AppPlugin-t.build/DerivedSources -Xcc -DSWIFT_PACKAGE -Xcc -DDEBUG\=1 -emit-objc-header -emit-objc-header-path /Users/dean/Documents/MORI/.state/ios-build/Build/Intermediates.noindex/CapacitorApp.build/Debug-iphonesimulator/AppPlugin-t.build/Objects-normal/x86_64/AppPlugin-Swift.h -working-directory /Users/dean/Documents/MORI/apps/mobile/ios/App/App.xcodeproj -experimental-emit-module-separately -disable-cmo

SwiftMergeGeneratedHeaders /Users/dean/Documents/MORI/.state/ios-build/Build/Intermediates.noindex/GeneratedModuleMaps-iphonesimulator/AppPlugin-Swift.h /Users/dean/Documents/MORI/.state/ios-build/Build/Intermediates.noindex/CapacitorApp.build/Debug-iphonesimulator/AppPlugin-t.build/Objects-normal/arm64/AppPlugin-Swift.h /Users/dean/Documents/MORI/.state/ios-build/Build/Intermediates.noindex/CapacitorApp.build/Debug-iphonesimulator/AppPlugin-t.build/Objects-normal/x86_64/AppPlugin-Swift.h (in target 'AppPlugin' from project 'CapacitorApp')
    cd /Users/dean/Documents/MORI/node_modules/.pnpm/@capacitor+app@7.0.1_@capacitor+core@7.2.0/node_modules/@capacitor/app
    builtin-swiftHeaderTool -arch arm64 /Users/dean/Documents/MORI/.state/ios-build/Build/Intermediates.noindex/CapacitorApp.build/Debug-iphonesimulator/AppPlugin-t.build/Objects-normal/arm64/AppPlugin-Swift.h -arch x86_64 /Users/dean/Documents/MORI/.state/ios-build/Build/Intermediates.noindex/CapacitorApp.build/Debug-iphonesimulator/AppPlugin-t.build/Objects-normal/x86_64/AppPlugin-Swift.h -o /Users/dean/Documents/MORI/.state/ios-build/Build/Intermediates.noindex/GeneratedModuleMaps-iphonesimulator/AppPlugin-Swift.h

Copy /Users/dean/Documents/MORI/.state/ios-build/Build/Products/Debug-iphonesimulator/AppPlugin.swiftmodule/arm64-apple-ios-simulator.abi.json /Users/dean/Documents/MORI/.state/ios-build/Build/Intermediates.noindex/CapacitorApp.build/Debug-iphonesimulator/AppPlugin-t.build/Objects-normal/arm64/AppPlugin.abi.json (in target 'AppPlugin' from project 'CapacitorApp')
    cd /Users/dean/Documents/MORI/node_modules/.pnpm/@capacitor+app@7.0.1_@capacitor+core@7.2.0/node_modules/@capacitor/app
    builtin-copy -exclude .DS_Store -exclude CVS -exclude .svn -exclude .git -exclude .hg -resolve-src-symlinks -rename /Users/dean/Documents/MORI/.state/ios-build/Build/Intermediates.noindex/CapacitorApp.build/Debug-iphonesimulator/AppPlugin-t.build/Objects-normal/arm64/AppPlugin.abi.json /Users/dean/Documents/MORI/.state/ios-build/Build/Products/Debug-iphonesimulator/AppPlugin.swiftmodule/arm64-apple-ios-simulator.abi.json

Copy /Users/dean/Documents/MORI/.state/ios-build/Build/Products/Debug-iphonesimulator/AppPlugin.swiftmodule/arm64-apple-ios-simulator.swiftmodule /Users/dean/Documents/MORI/.state/ios-build/Build/Intermediates.noindex/CapacitorApp.build/Debug-iphonesimulator/AppPlugin-t.build/Objects-normal/arm64/AppPlugin.swiftmodule (in target 'AppPlugin' from project 'CapacitorApp')
    cd /Users/dean/Documents/MORI/node_modules/.pnpm/@capacitor+app@7.0.1_@capacitor+core@7.2.0/node_modules/@capacitor/app
    builtin-copy -exclude .DS_Store -exclude CVS -exclude .svn -exclude .git -exclude .hg -resolve-src-symlinks -rename /Users/dean/Documents/MORI/.state/ios-build/Build/Intermediates.noindex/CapacitorApp.build/Debug-iphonesimulator/AppPlugin-t.build/Objects-normal/arm64/AppPlugin.swiftmodule /Users/dean/Documents/MORI/.state/ios-build/Build/Products/Debug-iphonesimulator/AppPlugin.swiftmodule/arm64-apple-ios-simulator.swiftmodule

Copy /Users/dean/Documents/MORI/.state/ios-build/Build/Products/Debug-iphonesimulator/AppPlugin.swiftmodule/x86_64-apple-ios-simulator.swiftmodule /Users/dean/Documents/MORI/.state/ios-build/Build/Intermediates.noindex/CapacitorApp.build/Debug-iphonesimulator/AppPlugin-t.build/Objects-normal/x86_64/AppPlugin.swiftmodule (in target 'AppPlugin' from project 'CapacitorApp')
    cd /Users/dean/Documents/MORI/node_modules/.pnpm/@capacitor+app@7.0.1_@capacitor+core@7.2.0/node_modules/@capacitor/app
    builtin-copy -exclude .DS_Store -exclude CVS -exclude .svn -exclude .git -exclude .hg -resolve-src-symlinks -rename /Users/dean/Documents/MORI/.state/ios-build/Build/Intermediates.noindex/CapacitorApp.build/Debug-iphonesimulator/AppPlugin-t.build/Objects-normal/x86_64/AppPlugin.swiftmodule /Users/dean/Documents/MORI/.state/ios-build/Build/Products/Debug-iphonesimulator/AppPlugin.swiftmodule/x86_64-apple-ios-simulator.swiftmodule

Copy /Users/dean/Documents/MORI/.state/ios-build/Build/Products/Debug-iphonesimulator/AppPlugin.swiftmodule/arm64-apple-ios-simulator.swiftdoc /Users/dean/Documents/MORI/.state/ios-build/Build/Intermediates.noindex/CapacitorApp.build/Debug-iphonesimulator/AppPlugin-t.build/Objects-normal/arm64/AppPlugin.swiftdoc (in target 'AppPlugin' from project 'CapacitorApp')
    cd /Users/dean/Documents/MORI/node_modules/.pnpm/@capacitor+app@7.0.1_@capacitor+core@7.2.0/node_modules/@capacitor/app
    builtin-copy -exclude .DS_Store -exclude CVS -exclude .svn -exclude .git -exclude .hg -resolve-src-symlinks -rename /Users/dean/Documents/MORI/.state/ios-build/Build/Intermediates.noindex/CapacitorApp.build/Debug-iphonesimulator/AppPlugin-t.build/Objects-normal/arm64/AppPlugin.swiftdoc /Users/dean/Documents/MORI/.state/ios-build/Build/Products/Debug-iphonesimulator/AppPlugin.swiftmodule/arm64-apple-ios-simulator.swiftdoc

Copy /Users/dean/Documents/MORI/.state/ios-build/Build/Products/Debug-iphonesimulator/AppPlugin.swiftmodule/x86_64-apple-ios-simulator.abi.json /Users/dean/Documents/MORI/.state/ios-build/Build/Intermediates.noindex/CapacitorApp.build/Debug-iphonesimulator/AppPlugin-t.build/Objects-normal/x86_64/AppPlugin.abi.json (in target 'AppPlugin' from project 'CapacitorApp')
    cd /Users/dean/Documents/MORI/node_modules/.pnpm/@capacitor+app@7.0.1_@capacitor+core@7.2.0/node_modules/@capacitor/app
    builtin-copy -exclude .DS_Store -exclude CVS -exclude .svn -exclude .git -exclude .hg -resolve-src-symlinks -rename /Users/dean/Documents/MORI/.state/ios-build/Build/Intermediates.noindex/CapacitorApp.build/Debug-iphonesimulator/AppPlugin-t.build/Objects-normal/x86_64/AppPlugin.abi.json /Users/dean/Documents/MORI/.state/ios-build/Build/Products/Debug-iphonesimulator/AppPlugin.swiftmodule/x86_64-apple-ios-simulator.abi.json

Copy /Users/dean/Documents/MORI/.state/ios-build/Build/Products/Debug-iphonesimulator/AppPlugin.swiftmodule/x86_64-apple-ios-simulator.swiftdoc /Users/dean/Documents/MORI/.state/ios-build/Build/Intermediates.noindex/CapacitorApp.build/Debug-iphonesimulator/AppPlugin-t.build/Objects-normal/x86_64/AppPlugin.swiftdoc (in target 'AppPlugin' from project 'CapacitorApp')
    cd /Users/dean/Documents/MORI/node_modules/.pnpm/@capacitor+app@7.0.1_@capacitor+core@7.2.0/node_modules/@capacitor/app
    builtin-copy -exclude .DS_Store -exclude CVS -exclude .svn -exclude .git -exclude .hg -resolve-src-symlinks -rename /Users/dean/Documents/MORI/.state/ios-build/Build/Intermediates.noindex/CapacitorApp.build/Debug-iphonesimulator/AppPlugin-t.build/Objects-normal/x86_64/AppPlugin.swiftdoc /Users/dean/Documents/MORI/.state/ios-build/Build/Products/Debug-iphonesimulator/AppPlugin.swiftmodule/x86_64-apple-ios-simulator.swiftdoc

Copy /Users/dean/Documents/MORI/.state/ios-build/Build/Products/Debug-iphonesimulator/AppPlugin.swiftmodule/Project/arm64-apple-ios-simulator.swiftsourceinfo /Users/dean/Documents/MORI/.state/ios-build/Build/Intermediates.noindex/CapacitorApp.build/Debug-iphonesimulator/AppPlugin-t.build/Objects-normal/arm64/AppPlugin.swiftsourceinfo (in target 'AppPlugin' from project 'CapacitorApp')
    cd /Users/dean/Documents/MORI/node_modules/.pnpm/@capacitor+app@7.0.1_@capacitor+core@7.2.0/node_modules/@capacitor/app
    builtin-copy -exclude .DS_Store -exclude CVS -exclude .svn -exclude .git -exclude .hg -resolve-src-symlinks -rename /Users/dean/Documents/MORI/.state/ios-build/Build/Intermediates.noindex/CapacitorApp.build/Debug-iphonesimulator/AppPlugin-t.build/Objects-normal/arm64/AppPlugin.swiftsourceinfo /Users/dean/Documents/MORI/.state/ios-build/Build/Products/Debug-iphonesimulator/AppPlugin.swiftmodule/Project/arm64-apple-ios-simulator.swiftsourceinfo

Copy /Users/dean/Documents/MORI/.state/ios-build/Build/Products/Debug-iphonesimulator/AppPlugin.swiftmodule/Project/x86_64-apple-ios-simulator.swiftsourceinfo /Users/dean/Documents/MORI/.state/ios-build/Build/Intermediates.noindex/CapacitorApp.build/Debug-iphonesimulator/AppPlugin-t.build/Objects-normal/x86_64/AppPlugin.swiftsourceinfo (in target 'AppPlugin' from project 'CapacitorApp')
    cd /Users/dean/Documents/MORI/node_modules/.pnpm/@capacitor+app@7.0.1_@capacitor+core@7.2.0/node_modules/@capacitor/app
    builtin-copy -exclude .DS_Store -exclude CVS -exclude .svn -exclude .git -exclude .hg -resolve-src-symlinks -rename /Users/dean/Documents/MORI/.state/ios-build/Build/Intermediates.noindex/CapacitorApp.build/Debug-iphonesimulator/AppPlugin-t.build/Objects-normal/x86_64/AppPlugin.swiftsourceinfo /Users/dean/Documents/MORI/.state/ios-build/Build/Products/Debug-iphonesimulator/AppPlugin.swiftmodule/Project/x86_64-apple-ios-simulator.swiftsourceinfo

SwiftDriver CapApp-SPM normal x86_64 com.apple.xcode.tools.swift.compiler (in target 'CapApp-SPM' from project 'CapApp-SPM')
    cd /Users/dean/Documents/MORI/apps/mobile/ios/App/App.xcodeproj
    builtin-SwiftDriver -- /Applications/Xcode.app/Contents/Developer/Toolchains/XcodeDefault.xctoolchain/usr/bin/swiftc -parse-as-library -module-name CapApp_SPM -Onone @/Users/dean/Documents/MORI/.state/ios-build/Build/Intermediates.noindex/CapApp-SPM.build/Debug-iphonesimulator/CapApp-SPM-t.build/Objects-normal/x86_64/CapApp-SPM.SwiftFileList -DSWIFT_PACKAGE -DDEBUG -DSWIFT_MODULE_RESOURCE_BUNDLE_UNAVAILABLE -DXcode -plugin-path /Applications/Xcode.app/Contents/Developer/Toolchains/XcodeDefault.xctoolchain/usr/lib/swift/host/plugins/testing -enable-experimental-feature DebugDescriptionMacro -sdk /Applications/Xcode.app/Contents/Developer/Platforms/iPhoneSimulator.platform/Developer/SDKs/iPhoneSimulator27.0.sdk -target x86_64-apple-ios15.0-simulator -g -module-cache-path /Users/dean/Documents/MORI/.state/ios-build/ModuleCache.noindex -Xfrontend -serialize-debugging-options -enable-testing -index-store-path /Users/dean/Documents/MORI/.state/ios-build/Index.noindex/DataStore -Xcc -D_LIBCPP_HARDENING_MODE\=_LIBCPP_HARDENING_MODE_DEBUG -swift-version 5 -I /Users/dean/Documents/MORI/.state/ios-build/Build/Products/Debug-iphonesimulator -Isystem /Applications/Xcode.app/Contents/Developer/Platforms/iPhoneSimulator.platform/Developer/usr/lib -F /Users/dean/Documents/MORI/.state/ios-build/Build/Products/Debug-iphonesimulator/PackageFrameworks -F /Users/dean/Documents/MORI/.state/ios-build/Build/Products/Debug-iphonesimulator -F /Applications/Xcode.app/Contents/Developer/Platforms/iPhoneSimulator.platform/Developer/Library/Frameworks -F /Applications/Xcode.app/Contents/Developer/Platforms/iPhoneSimulator.platform/Developer/SDKs/iPhoneSimulator27.0.sdk/Developer/Library/Frameworks -c -j10 -enable-batch-mode -incremental -Xcc -ivfsstatcache -Xcc /Users/dean/Documents/MORI/.state/ios-build/SDKStatCaches.noindex/iphonesimulator27.0-24A430-8dc58220667be655e1bcc261a7455254.sdkstatcache -output-file-map /Users/dean/Documents/MORI/.state/ios-build/Build/Intermediates.noindex/CapApp-SPM.build/Debug-iphonesimulator/CapApp-SPM-t.build/Objects-normal/x86_64/CapApp-SPM-OutputFileMap.json -save-temps -no-color-diagnostics -explicit-module-build -module-cache-path /Users/dean/Documents/MORI/.state/ios-build/Build/Intermediates.noindex/SwiftExplicitPrecompiledModules -clang-scanner-module-cache-path /Users/dean/Documents/MORI/.state/ios-build/ModuleCache.noindex -sdk-module-cache-path /Users/dean/Documents/MORI/.state/ios-build/SDKExplicitPrecompiledModules -emit-dependencies -emit-module -emit-module-path /Users/dean/Documents/MORI/.state/ios-build/Build/Intermediates.noindex/CapApp-SPM.build/Debug-iphonesimulator/CapApp-SPM-t.build/Objects-normal/x86_64/CapApp_SPM.swiftmodule -serialize-diagnostics -dependency-scan-serialize-diagnostics-path /Users/dean/Documents/MORI/.state/ios-build/Build/Intermediates.noindex/CapApp-SPM.build/Debug-iphonesimulator/CapApp-SPM-t.build/Objects-normal/x86_64/CapApp_SPM-dependency-scan.dia -validate-clang-modules-once -clang-build-session-file /Users/dean/Documents/MORI/.state/ios-build/ModuleCache.noindex/Session.modulevalidation -Xcc -fmodules-prune-interval\=86400 -Xcc -fmodules-prune-after\=345600 -package-name capapp_spm -emit-const-values -const-gather-protocols-list /Users/dean/Documents/MORI/.state/ios-build/Build/Intermediates.noindex/CapApp-SPM.build/Debug-iphonesimulator/CapApp-SPM-t.build/Objects-normal/x86_64/CapApp-SPM_const_extract_protocols.json -Xcc -I/Users/dean/Documents/MORI/.state/ios-build/Build/Products/Debug-iphonesimulator/include -Xcc -I/Users/dean/Documents/MORI/.state/ios-build/Build/Intermediates.noindex/CapApp-SPM.build/Debug-iphonesimulator/CapApp-SPM-t.build/DerivedSources-normal/x86_64 -Xcc -I/Users/dean/Documents/MORI/.state/ios-build/Build/Intermediates.noindex/CapApp-SPM.build/Debug-iphonesimulator/CapApp-SPM-t.build/DerivedSources/x86_64 -Xcc -I/Users/dean/Documents/MORI/.state/ios-build/Build/Intermediates.noindex/CapApp-SPM.build/Debug-iphonesimulator/CapApp-SPM-t.build/DerivedSources -Xcc -DSWIFT_PACKAGE -Xcc -DDEBUG\=1 -emit-objc-header -emit-objc-header-path /Users/dean/Documents/MORI/.state/ios-build/Build/Intermediates.noindex/CapApp-SPM.build/Debug-iphonesimulator/CapApp-SPM-t.build/Objects-normal/x86_64/CapApp-SPM-Swift.h -working-directory /Users/dean/Documents/MORI/apps/mobile/ios/App/App.xcodeproj -experimental-emit-module-separately -disable-cmo

SwiftDriver CapApp-SPM normal arm64 com.apple.xcode.tools.swift.compiler (in target 'CapApp-SPM' from project 'CapApp-SPM')
    cd /Users/dean/Documents/MORI/apps/mobile/ios/App/App.xcodeproj
    builtin-SwiftDriver -- /Applications/Xcode.app/Contents/Developer/Toolchains/XcodeDefault.xctoolchain/usr/bin/swiftc -parse-as-library -module-name CapApp_SPM -Onone @/Users/dean/Documents/MORI/.state/ios-build/Build/Intermediates.noindex/CapApp-SPM.build/Debug-iphonesimulator/CapApp-SPM-t.build/Objects-normal/arm64/CapApp-SPM.SwiftFileList -DSWIFT_PACKAGE -DDEBUG -DSWIFT_MODULE_RESOURCE_BUNDLE_UNAVAILABLE -DXcode -plugin-path /Applications/Xcode.app/Contents/Developer/Toolchains/XcodeDefault.xctoolchain/usr/lib/swift/host/plugins/testing -enable-experimental-feature DebugDescriptionMacro -sdk /Applications/Xcode.app/Contents/Developer/Platforms/iPhoneSimulator.platform/Developer/SDKs/iPhoneSimulator27.0.sdk -target arm64-apple-ios15.0-simulator -g -module-cache-path /Users/dean/Documents/MORI/.state/ios-build/ModuleCache.noindex -Xfrontend -serialize-debugging-options -enable-testing -index-store-path /Users/dean/Documents/MORI/.state/ios-build/Index.noindex/DataStore -Xcc -D_LIBCPP_HARDENING_MODE\=_LIBCPP_HARDENING_MODE_DEBUG -swift-version 5 -I /Users/dean/Documents/MORI/.state/ios-build/Build/Products/Debug-iphonesimulator -Isystem /Applications/Xcode.app/Contents/Developer/Platforms/iPhoneSimulator.platform/Developer/usr/lib -F /Users/dean/Documents/MORI/.state/ios-build/Build/Products/Debug-iphonesimulator/PackageFrameworks -F /Users/dean/Documents/MORI/.state/ios-build/Build/Products/Debug-iphonesimulator -F /Applications/Xcode.app/Contents/Developer/Platforms/iPhoneSimulator.platform/Developer/Library/Frameworks -F /Applications/Xcode.app/Contents/Developer/Platforms/iPhoneSimulator.platform/Developer/SDKs/iPhoneSimulator27.0.sdk/Developer/Library/Frameworks -c -j10 -enable-batch-mode -incremental -Xcc -ivfsstatcache -Xcc /Users/dean/Documents/MORI/.state/ios-build/SDKStatCaches.noindex/iphonesimulator27.0-24A430-8dc58220667be655e1bcc261a7455254.sdkstatcache -output-file-map /Users/dean/Documents/MORI/.state/ios-build/Build/Intermediates.noindex/CapApp-SPM.build/Debug-iphonesimulator/CapApp-SPM-t.build/Objects-normal/arm64/CapApp-SPM-OutputFileMap.json -save-temps -no-color-diagnostics -explicit-module-build -module-cache-path /Users/dean/Documents/MORI/.state/ios-build/Build/Intermediates.noindex/SwiftExplicitPrecompiledModules -clang-scanner-module-cache-path /Users/dean/Documents/MORI/.state/ios-build/ModuleCache.noindex -sdk-module-cache-path /Users/dean/Documents/MORI/.state/ios-build/SDKExplicitPrecompiledModules -emit-dependencies -emit-module -emit-module-path /Users/dean/Documents/MORI/.state/ios-build/Build/Intermediates.noindex/CapApp-SPM.build/Debug-iphonesimulator/CapApp-SPM-t.build/Objects-normal/arm64/CapApp_SPM.swiftmodule -serialize-diagnostics -dependency-scan-serialize-diagnostics-path /Users/dean/Documents/MORI/.state/ios-build/Build/Intermediates.noindex/CapApp-SPM.build/Debug-iphonesimulator/CapApp-SPM-t.build/Objects-normal/arm64/CapApp_SPM-dependency-scan.dia -validate-clang-modules-once -clang-build-session-file /Users/dean/Documents/MORI/.state/ios-build/ModuleCache.noindex/Session.modulevalidation -Xcc -fmodules-prune-interval\=86400 -Xcc -fmodules-prune-after\=345600 -package-name capapp_spm -emit-const-values -const-gather-protocols-list /Users/dean/Documents/MORI/.state/ios-build/Build/Intermediates.noindex/CapApp-SPM.build/Debug-iphonesimulator/CapApp-SPM-t.build/Objects-normal/arm64/CapApp-SPM_const_extract_protocols.json -Xcc -I/Users/dean/Documents/MORI/.state/ios-build/Build/Products/Debug-iphonesimulator/include -Xcc -I/Users/dean/Documents/MORI/.state/ios-build/Build/Intermediates.noindex/CapApp-SPM.build/Debug-iphonesimulator/CapApp-SPM-t.build/DerivedSources-normal/arm64 -Xcc -I/Users/dean/Documents/MORI/.state/ios-build/Build/Intermediates.noindex/CapApp-SPM.build/Debug-iphonesimulator/CapApp-SPM-t.build/DerivedSources/arm64 -Xcc -I/Users/dean/Documents/MORI/.state/ios-build/Build/Intermediates.noindex/CapApp-SPM.build/Debug-iphonesimulator/CapApp-SPM-t.build/DerivedSources -Xcc -DSWIFT_PACKAGE -Xcc -DDEBUG\=1 -emit-objc-header -emit-objc-header-path /Users/dean/Documents/MORI/.state/ios-build/Build/Intermediates.noindex/CapApp-SPM.build/Debug-iphonesimulator/CapApp-SPM-t.build/Objects-normal/arm64/CapApp-SPM-Swift.h -working-directory /Users/dean/Documents/MORI/apps/mobile/ios/App/App.xcodeproj -experimental-emit-module-separately -disable-cmo

SwiftCompile normal arm64 Compiling\ CapApp-SPM.swift /Users/dean/Documents/MORI/apps/mobile/ios/App/CapApp-SPM/Sources/CapApp-SPM/CapApp-SPM.swift (in target 'CapApp-SPM' from project 'CapApp-SPM')

SwiftCompile normal arm64 /Users/dean/Documents/MORI/apps/mobile/ios/App/CapApp-SPM/Sources/CapApp-SPM/CapApp-SPM.swift (in target 'CapApp-SPM' from project 'CapApp-SPM')
    cd /Users/dean/Documents/MORI/apps/mobile/ios/App/App.xcodeproj
    builtin-SwiftPerFileCompile CapApp-SPM.swift

SwiftEmitModule normal arm64 Emitting\ module\ for\ CapApp_SPM (in target 'CapApp-SPM' from project 'CapApp-SPM')

SwiftCompile normal arm64 (in target 'CapApp-SPM' from project 'CapApp-SPM')
    cd /Users/dean/Documents/MORI/apps/mobile/ios/App/App.xcodeproj
    

SwiftEmitModule normal x86_64 Emitting\ module\ for\ CapApp_SPM (in target 'CapApp-SPM' from project 'CapApp-SPM')

SwiftCompile normal x86_64 (in target 'CapApp-SPM' from project 'CapApp-SPM')
    cd /Users/dean/Documents/MORI/apps/mobile/ios/App/App.xcodeproj
    

SwiftCompile normal x86_64 Compiling\ CapApp-SPM.swift /Users/dean/Documents/MORI/apps/mobile/ios/App/CapApp-SPM/Sources/CapApp-SPM/CapApp-SPM.swift (in target 'CapApp-SPM' from project 'CapApp-SPM')

SwiftCompile normal x86_64 /Users/dean/Documents/MORI/apps/mobile/ios/App/CapApp-SPM/Sources/CapApp-SPM/CapApp-SPM.swift (in target 'CapApp-SPM' from project 'CapApp-SPM')
    cd /Users/dean/Documents/MORI/apps/mobile/ios/App/App.xcodeproj
    builtin-SwiftPerFileCompile CapApp-SPM.swift

SwiftDriverJobDiscovery normal arm64 Emitting module for CapApp_SPM (in target 'CapApp-SPM' from project 'CapApp-SPM')

SwiftDriver\ Compilation\ Requirements CapApp-SPM normal arm64 com.apple.xcode.tools.swift.compiler (in target 'CapApp-SPM' from project 'CapApp-SPM')
    cd /Users/dean/Documents/MORI/apps/mobile/ios/App/App.xcodeproj
    builtin-Swift-Compilation-Requirements -- /Applications/Xcode.app/Contents/Developer/Toolchains/XcodeDefault.xctoolchain/usr/bin/swiftc -parse-as-library -module-name CapApp_SPM -Onone @/Users/dean/Documents/MORI/.state/ios-build/Build/Intermediates.noindex/CapApp-SPM.build/Debug-iphonesimulator/CapApp-SPM-t.build/Objects-normal/arm64/CapApp-SPM.SwiftFileList -DSWIFT_PACKAGE -DDEBUG -DSWIFT_MODULE_RESOURCE_BUNDLE_UNAVAILABLE -DXcode -plugin-path /Applications/Xcode.app/Contents/Developer/Toolchains/XcodeDefault.xctoolchain/usr/lib/swift/host/plugins/testing -enable-experimental-feature DebugDescriptionMacro -sdk /Applications/Xcode.app/Contents/Developer/Platforms/iPhoneSimulator.platform/Developer/SDKs/iPhoneSimulator27.0.sdk -target arm64-apple-ios15.0-simulator -g -module-cache-path /Users/dean/Documents/MORI/.state/ios-build/ModuleCache.noindex -Xfrontend -serialize-debugging-options -enable-testing -index-store-path /Users/dean/Documents/MORI/.state/ios-build/Index.noindex/DataStore -Xcc -D_LIBCPP_HARDENING_MODE\=_LIBCPP_HARDENING_MODE_DEBUG -swift-version 5 -I /Users/dean/Documents/MORI/.state/ios-build/Build/Products/Debug-iphonesimulator -Isystem /Applications/Xcode.app/Contents/Developer/Platforms/iPhoneSimulator.platform/Developer/usr/lib -F /Users/dean/Documents/MORI/.state/ios-build/Build/Products/Debug-iphonesimulator/PackageFrameworks -F /Users/dean/Documents/MORI/.state/ios-build/Build/Products/Debug-iphonesimulator -F /Applications/Xcode.app/Contents/Developer/Platforms/iPhoneSimulator.platform/Developer/Library/Frameworks -F /Applications/Xcode.app/Contents/Developer/Platforms/iPhoneSimulator.platform/Developer/SDKs/iPhoneSimulator27.0.sdk/Developer/Library/Frameworks -c -j10 -enable-batch-mode -incremental -Xcc -ivfsstatcache -Xcc /Users/dean/Documents/MORI/.state/ios-build/SDKStatCaches.noindex/iphonesimulator27.0-24A430-8dc58220667be655e1bcc261a7455254.sdkstatcache -output-file-map /Users/dean/Documents/MORI/.state/ios-build/Build/Intermediates.noindex/CapApp-SPM.build/Debug-iphonesimulator/CapApp-SPM-t.build/Objects-normal/arm64/CapApp-SPM-OutputFileMap.json -save-temps -no-color-diagnostics -explicit-module-build -module-cache-path /Users/dean/Documents/MORI/.state/ios-build/Build/Intermediates.noindex/SwiftExplicitPrecompiledModules -clang-scanner-module-cache-path /Users/dean/Documents/MORI/.state/ios-build/ModuleCache.noindex -sdk-module-cache-path /Users/dean/Documents/MORI/.state/ios-build/SDKExplicitPrecompiledModules -emit-dependencies -emit-module -emit-module-path /Users/dean/Documents/MORI/.state/ios-build/Build/Intermediates.noindex/CapApp-SPM.build/Debug-iphonesimulator/CapApp-SPM-t.build/Objects-normal/arm64/CapApp_SPM.swiftmodule -serialize-diagnostics -dependency-scan-serialize-diagnostics-path /Users/dean/Documents/MORI/.state/ios-build/Build/Intermediates.noindex/CapApp-SPM.build/Debug-iphonesimulator/CapApp-SPM-t.build/Objects-normal/arm64/CapApp_SPM-dependency-scan.dia -validate-clang-modules-once -clang-build-session-file /Users/dean/Documents/MORI/.state/ios-build/ModuleCache.noindex/Session.modulevalidation -Xcc -fmodules-prune-interval\=86400 -Xcc -fmodules-prune-after\=345600 -package-name capapp_spm -emit-const-values -const-gather-protocols-list /Users/dean/Documents/MORI/.state/ios-build/Build/Intermediates.noindex/CapApp-SPM.build/Debug-iphonesimulator/CapApp-SPM-t.build/Objects-normal/arm64/CapApp-SPM_const_extract_protocols.json -Xcc -I/Users/dean/Documents/MORI/.state/ios-build/Build/Products/Debug-iphonesimulator/include -Xcc -I/Users/dean/Documents/MORI/.state/ios-build/Build/Intermediates.noindex/CapApp-SPM.build/Debug-iphonesimulator/CapApp-SPM-t.build/DerivedSources-normal/arm64 -Xcc -I/Users/dean/Documents/MORI/.state/ios-build/Build/Intermediates.noindex/CapApp-SPM.build/Debug-iphonesimulator/CapApp-SPM-t.build/DerivedSources/arm64 -Xcc -I/Users/dean/Documents/MORI/.state/ios-build/Build/Intermediates.noindex/CapApp-SPM.build/Debug-iphonesimulator/CapApp-SPM-t.build/DerivedSources -Xcc -DSWIFT_PACKAGE -Xcc -DDEBUG\=1 -emit-objc-header -emit-objc-header-path /Users/dean/Documents/MORI/.state/ios-build/Build/Intermediates.noindex/CapApp-SPM.build/Debug-iphonesimulator/CapApp-SPM-t.build/Objects-normal/arm64/CapApp-SPM-Swift.h -working-directory /Users/dean/Documents/MORI/apps/mobile/ios/App/App.xcodeproj -experimental-emit-module-separately -disable-cmo

Copy /Users/dean/Documents/MORI/.state/ios-build/Build/Products/Debug-iphonesimulator/CapApp_SPM.swiftmodule/arm64-apple-ios-simulator.swiftdoc /Users/dean/Documents/MORI/.state/ios-build/Build/Intermediates.noindex/CapApp-SPM.build/Debug-iphonesimulator/CapApp-SPM-t.build/Objects-normal/arm64/CapApp_SPM.swiftdoc (in target 'CapApp-SPM' from project 'CapApp-SPM')
    cd /Users/dean/Documents/MORI/apps/mobile/ios/App/CapApp-SPM
    builtin-copy -exclude .DS_Store -exclude CVS -exclude .svn -exclude .git -exclude .hg -resolve-src-symlinks -rename /Users/dean/Documents/MORI/.state/ios-build/Build/Intermediates.noindex/CapApp-SPM.build/Debug-iphonesimulator/CapApp-SPM-t.build/Objects-normal/arm64/CapApp_SPM.swiftdoc /Users/dean/Documents/MORI/.state/ios-build/Build/Products/Debug-iphonesimulator/CapApp_SPM.swiftmodule/arm64-apple-ios-simulator.swiftdoc

Copy /Users/dean/Documents/MORI/.state/ios-build/Build/Products/Debug-iphonesimulator/CapApp_SPM.swiftmodule/arm64-apple-ios-simulator.swiftmodule /Users/dean/Documents/MORI/.state/ios-build/Build/Intermediates.noindex/CapApp-SPM.build/Debug-iphonesimulator/CapApp-SPM-t.build/Objects-normal/arm64/CapApp_SPM.swiftmodule (in target 'CapApp-SPM' from project 'CapApp-SPM')
    cd /Users/dean/Documents/MORI/apps/mobile/ios/App/CapApp-SPM
    builtin-copy -exclude .DS_Store -exclude CVS -exclude .svn -exclude .git -exclude .hg -resolve-src-symlinks -rename /Users/dean/Documents/MORI/.state/ios-build/Build/Intermediates.noindex/CapApp-SPM.build/Debug-iphonesimulator/CapApp-SPM-t.build/Objects-normal/arm64/CapApp_SPM.swiftmodule /Users/dean/Documents/MORI/.state/ios-build/Build/Products/Debug-iphonesimulator/CapApp_SPM.swiftmodule/arm64-apple-ios-simulator.swiftmodule

Copy /Users/dean/Documents/MORI/.state/ios-build/Build/Products/Debug-iphonesimulator/CapApp_SPM.swiftmodule/arm64-apple-ios-simulator.abi.json /Users/dean/Documents/MORI/.state/ios-build/Build/Intermediates.noindex/CapApp-SPM.build/Debug-iphonesimulator/CapApp-SPM-t.build/Objects-normal/arm64/CapApp_SPM.abi.json (in target 'CapApp-SPM' from project 'CapApp-SPM')
    cd /Users/dean/Documents/MORI/apps/mobile/ios/App/CapApp-SPM
    builtin-copy -exclude .DS_Store -exclude CVS -exclude .svn -exclude .git -exclude .hg -resolve-src-symlinks -rename /Users/dean/Documents/MORI/.state/ios-build/Build/Intermediates.noindex/CapApp-SPM.build/Debug-iphonesimulator/CapApp-SPM-t.build/Objects-normal/arm64/CapApp_SPM.abi.json /Users/dean/Documents/MORI/.state/ios-build/Build/Products/Debug-iphonesimulator/CapApp_SPM.swiftmodule/arm64-apple-ios-simulator.abi.json

Copy /Users/dean/Documents/MORI/.state/ios-build/Build/Products/Debug-iphonesimulator/CapApp_SPM.swiftmodule/Project/arm64-apple-ios-simulator.swiftsourceinfo /Users/dean/Documents/MORI/.state/ios-build/Build/Intermediates.noindex/CapApp-SPM.build/Debug-iphonesimulator/CapApp-SPM-t.build/Objects-normal/arm64/CapApp_SPM.swiftsourceinfo (in target 'CapApp-SPM' from project 'CapApp-SPM')
    cd /Users/dean/Documents/MORI/apps/mobile/ios/App/CapApp-SPM
    builtin-copy -exclude .DS_Store -exclude CVS -exclude .svn -exclude .git -exclude .hg -resolve-src-symlinks -rename /Users/dean/Documents/MORI/.state/ios-build/Build/Intermediates.noindex/CapApp-SPM.build/Debug-iphonesimulator/CapApp-SPM-t.build/Objects-normal/arm64/CapApp_SPM.swiftsourceinfo /Users/dean/Documents/MORI/.state/ios-build/Build/Products/Debug-iphonesimulator/CapApp_SPM.swiftmodule/Project/arm64-apple-ios-simulator.swiftsourceinfo

SwiftDriverJobDiscovery normal x86_64 Emitting module for CapApp_SPM (in target 'CapApp-SPM' from project 'CapApp-SPM')

SwiftDriver\ Compilation\ Requirements CapApp-SPM normal x86_64 com.apple.xcode.tools.swift.compiler (in target 'CapApp-SPM' from project 'CapApp-SPM')
    cd /Users/dean/Documents/MORI/apps/mobile/ios/App/App.xcodeproj
    builtin-Swift-Compilation-Requirements -- /Applications/Xcode.app/Contents/Developer/Toolchains/XcodeDefault.xctoolchain/usr/bin/swiftc -parse-as-library -module-name CapApp_SPM -Onone @/Users/dean/Documents/MORI/.state/ios-build/Build/Intermediates.noindex/CapApp-SPM.build/Debug-iphonesimulator/CapApp-SPM-t.build/Objects-normal/x86_64/CapApp-SPM.SwiftFileList -DSWIFT_PACKAGE -DDEBUG -DSWIFT_MODULE_RESOURCE_BUNDLE_UNAVAILABLE -DXcode -plugin-path /Applications/Xcode.app/Contents/Developer/Toolchains/XcodeDefault.xctoolchain/usr/lib/swift/host/plugins/testing -enable-experimental-feature DebugDescriptionMacro -sdk /Applications/Xcode.app/Contents/Developer/Platforms/iPhoneSimulator.platform/Developer/SDKs/iPhoneSimulator27.0.sdk -target x86_64-apple-ios15.0-simulator -g -module-cache-path /Users/dean/Documents/MORI/.state/ios-build/ModuleCache.noindex -Xfrontend -serialize-debugging-options -enable-testing -index-store-path /Users/dean/Documents/MORI/.state/ios-build/Index.noindex/DataStore -Xcc -D_LIBCPP_HARDENING_MODE\=_LIBCPP_HARDENING_MODE_DEBUG -swift-version 5 -I /Users/dean/Documents/MORI/.state/ios-build/Build/Products/Debug-iphonesimulator -Isystem /Applications/Xcode.app/Contents/Developer/Platforms/iPhoneSimulator.platform/Developer/usr/lib -F /Users/dean/Documents/MORI/.state/ios-build/Build/Products/Debug-iphonesimulator/PackageFrameworks -F /Users/dean/Documents/MORI/.state/ios-build/Build/Products/Debug-iphonesimulator -F /Applications/Xcode.app/Contents/Developer/Platforms/iPhoneSimulator.platform/Developer/Library/Frameworks -F /Applications/Xcode.app/Contents/Developer/Platforms/iPhoneSimulator.platform/Developer/SDKs/iPhoneSimulator27.0.sdk/Developer/Library/Frameworks -c -j10 -enable-batch-mode -incremental -Xcc -ivfsstatcache -Xcc /Users/dean/Documents/MORI/.state/ios-build/SDKStatCaches.noindex/iphonesimulator27.0-24A430-8dc58220667be655e1bcc261a7455254.sdkstatcache -output-file-map /Users/dean/Documents/MORI/.state/ios-build/Build/Intermediates.noindex/CapApp-SPM.build/Debug-iphonesimulator/CapApp-SPM-t.build/Objects-normal/x86_64/CapApp-SPM-OutputFileMap.json -save-temps -no-color-diagnostics -explicit-module-build -module-cache-path /Users/dean/Documents/MORI/.state/ios-build/Build/Intermediates.noindex/SwiftExplicitPrecompiledModules -clang-scanner-module-cache-path /Users/dean/Documents/MORI/.state/ios-build/ModuleCache.noindex -sdk-module-cache-path /Users/dean/Documents/MORI/.state/ios-build/SDKExplicitPrecompiledModules -emit-dependencies -emit-module -emit-module-path /Users/dean/Documents/MORI/.state/ios-build/Build/Intermediates.noindex/CapApp-SPM.build/Debug-iphonesimulator/CapApp-SPM-t.build/Objects-normal/x86_64/CapApp_SPM.swiftmodule -serialize-diagnostics -dependency-scan-serialize-diagnostics-path /Users/dean/Documents/MORI/.state/ios-build/Build/Intermediates.noindex/CapApp-SPM.build/Debug-iphonesimulator/CapApp-SPM-t.build/Objects-normal/x86_64/CapApp_SPM-dependency-scan.dia -validate-clang-modules-once -clang-build-session-file /Users/dean/Documents/MORI/.state/ios-build/ModuleCache.noindex/Session.modulevalidation -Xcc -fmodules-prune-interval\=86400 -Xcc -fmodules-prune-after\=345600 -package-name capapp_spm -emit-const-values -const-gather-protocols-list /Users/dean/Documents/MORI/.state/ios-build/Build/Intermediates.noindex/CapApp-SPM.build/Debug-iphonesimulator/CapApp-SPM-t.build/Objects-normal/x86_64/CapApp-SPM_const_extract_protocols.json -Xcc -I/Users/dean/Documents/MORI/.state/ios-build/Build/Products/Debug-iphonesimulator/include -Xcc -I/Users/dean/Documents/MORI/.state/ios-build/Build/Intermediates.noindex/CapApp-SPM.build/Debug-iphonesimulator/CapApp-SPM-t.build/DerivedSources-normal/x86_64 -Xcc -I/Users/dean/Documents/MORI/.state/ios-build/Build/Intermediates.noindex/CapApp-SPM.build/Debug-iphonesimulator/CapApp-SPM-t.build/DerivedSources/x86_64 -Xcc -I/Users/dean/Documents/MORI/.state/ios-build/Build/Intermediates.noindex/CapApp-SPM.build/Debug-iphonesimulator/CapApp-SPM-t.build/DerivedSources -Xcc -DSWIFT_PACKAGE -Xcc -DDEBUG\=1 -emit-objc-header -emit-objc-header-path /Users/dean/Documents/MORI/.state/ios-build/Build/Intermediates.noindex/CapApp-SPM.build/Debug-iphonesimulator/CapApp-SPM-t.build/Objects-normal/x86_64/CapApp-SPM-Swift.h -working-directory /Users/dean/Documents/MORI/apps/mobile/ios/App/App.xcodeproj -experimental-emit-module-separately -disable-cmo

SwiftMergeGeneratedHeaders /Users/dean/Documents/MORI/.state/ios-build/Build/Intermediates.noindex/GeneratedModuleMaps-iphonesimulator/CapApp-SPM-Swift.h /Users/dean/Documents/MORI/.state/ios-build/Build/Intermediates.noindex/CapApp-SPM.build/Debug-iphonesimulator/CapApp-SPM-t.build/Objects-normal/arm64/CapApp-SPM-Swift.h /Users/dean/Documents/MORI/.state/ios-build/Build/Intermediates.noindex/CapApp-SPM.build/Debug-iphonesimulator/CapApp-SPM-t.build/Objects-normal/x86_64/CapApp-SPM-Swift.h (in target 'CapApp-SPM' from project 'CapApp-SPM')
    cd /Users/dean/Documents/MORI/apps/mobile/ios/App/CapApp-SPM
    builtin-swiftHeaderTool -arch arm64 /Users/dean/Documents/MORI/.state/ios-build/Build/Intermediates.noindex/CapApp-SPM.build/Debug-iphonesimulator/CapApp-SPM-t.build/Objects-normal/arm64/CapApp-SPM-Swift.h -arch x86_64 /Users/dean/Documents/MORI/.state/ios-build/Build/Intermediates.noindex/CapApp-SPM.build/Debug-iphonesimulator/CapApp-SPM-t.build/Objects-normal/x86_64/CapApp-SPM-Swift.h -o /Users/dean/Documents/MORI/.state/ios-build/Build/Intermediates.noindex/GeneratedModuleMaps-iphonesimulator/CapApp-SPM-Swift.h

Copy /Users/dean/Documents/MORI/.state/ios-build/Build/Products/Debug-iphonesimulator/CapApp_SPM.swiftmodule/x86_64-apple-ios-simulator.swiftmodule /Users/dean/Documents/MORI/.state/ios-build/Build/Intermediates.noindex/CapApp-SPM.build/Debug-iphonesimulator/CapApp-SPM-t.build/Objects-normal/x86_64/CapApp_SPM.swiftmodule (in target 'CapApp-SPM' from project 'CapApp-SPM')
    cd /Users/dean/Documents/MORI/apps/mobile/ios/App/CapApp-SPM
    builtin-copy -exclude .DS_Store -exclude CVS -exclude .svn -exclude .git -exclude .hg -resolve-src-symlinks -rename /Users/dean/Documents/MORI/.state/ios-build/Build/Intermediates.noindex/CapApp-SPM.build/Debug-iphonesimulator/CapApp-SPM-t.build/Objects-normal/x86_64/CapApp_SPM.swiftmodule /Users/dean/Documents/MORI/.state/ios-build/Build/Products/Debug-iphonesimulator/CapApp_SPM.swiftmodule/x86_64-apple-ios-simulator.swiftmodule

Copy /Users/dean/Documents/MORI/.state/ios-build/Build/Products/Debug-iphonesimulator/CapApp_SPM.swiftmodule/x86_64-apple-ios-simulator.swiftdoc /Users/dean/Documents/MORI/.state/ios-build/Build/Intermediates.noindex/CapApp-SPM.build/Debug-iphonesimulator/CapApp-SPM-t.build/Objects-normal/x86_64/CapApp_SPM.swiftdoc (in target 'CapApp-SPM' from project 'CapApp-SPM')
    cd /Users/dean/Documents/MORI/apps/mobile/ios/App/CapApp-SPM
    builtin-copy -exclude .DS_Store -exclude CVS -exclude .svn -exclude .git -exclude .hg -resolve-src-symlinks -rename /Users/dean/Documents/MORI/.state/ios-build/Build/Intermediates.noindex/CapApp-SPM.build/Debug-iphonesimulator/CapApp-SPM-t.build/Objects-normal/x86_64/CapApp_SPM.swiftdoc /Users/dean/Documents/MORI/.state/ios-build/Build/Products/Debug-iphonesimulator/CapApp_SPM.swiftmodule/x86_64-apple-ios-simulator.swiftdoc

Copy /Users/dean/Documents/MORI/.state/ios-build/Build/Products/Debug-iphonesimulator/CapApp_SPM.swiftmodule/Project/x86_64-apple-ios-simulator.swiftsourceinfo /Users/dean/Documents/MORI/.state/ios-build/Build/Intermediates.noindex/CapApp-SPM.build/Debug-iphonesimulator/CapApp-SPM-t.build/Objects-normal/x86_64/CapApp_SPM.swiftsourceinfo (in target 'CapApp-SPM' from project 'CapApp-SPM')
    cd /Users/dean/Documents/MORI/apps/mobile/ios/App/CapApp-SPM
    builtin-copy -exclude .DS_Store -exclude CVS -exclude .svn -exclude .git -exclude .hg -resolve-src-symlinks -rename /Users/dean/Documents/MORI/.state/ios-build/Build/Intermediates.noindex/CapApp-SPM.build/Debug-iphonesimulator/CapApp-SPM-t.build/Objects-normal/x86_64/CapApp_SPM.swiftsourceinfo /Users/dean/Documents/MORI/.state/ios-build/Build/Products/Debug-iphonesimulator/CapApp_SPM.swiftmodule/Project/x86_64-apple-ios-simulator.swiftsourceinfo

Copy /Users/dean/Documents/MORI/.state/ios-build/Build/Products/Debug-iphonesimulator/CapApp_SPM.swiftmodule/x86_64-apple-ios-simulator.abi.json /Users/dean/Documents/MORI/.state/ios-build/Build/Intermediates.noindex/CapApp-SPM.build/Debug-iphonesimulator/CapApp-SPM-t.build/Objects-normal/x86_64/CapApp_SPM.abi.json (in target 'CapApp-SPM' from project 'CapApp-SPM')
    cd /Users/dean/Documents/MORI/apps/mobile/ios/App/CapApp-SPM
    builtin-copy -exclude .DS_Store -exclude CVS -exclude .svn -exclude .git -exclude .hg -resolve-src-symlinks -rename /Users/dean/Documents/MORI/.state/ios-build/Build/Intermediates.noindex/CapApp-SPM.build/Debug-iphonesimulator/CapApp-SPM-t.build/Objects-normal/x86_64/CapApp_SPM.abi.json /Users/dean/Documents/MORI/.state/ios-build/Build/Products/Debug-iphonesimulator/CapApp_SPM.swiftmodule/x86_64-apple-ios-simulator.abi.json

GenerateAssetSymbols /Users/dean/Documents/MORI/apps/mobile/ios/App/App/Assets.xcassets (in target 'App' from project 'App')
    cd /Users/dean/Documents/MORI/apps/mobile/ios/App
    /Applications/Xcode.app/Contents/Developer/usr/bin/actool /Users/dean/Documents/MORI/apps/mobile/ios/App/App/Assets.xcassets --compile /Users/dean/Documents/MORI/.state/ios-build/Build/Products/Debug-iphonesimulator/App.app --output-format human-readable-text --notices --warnings --export-dependency-info /Users/dean/Documents/MORI/.state/ios-build/Build/Intermediates.noindex/App.build/Debug-iphonesimulator/App.build/assetcatalog_dependencies --output-partial-info-plist /Users/dean/Documents/MORI/.state/ios-build/Build/Intermediates.noindex/App.build/Debug-iphonesimulator/App.build/assetcatalog_generated_info.plist --app-icon AppIcon --compress-pngs --enable-on-demand-resources YES --development-region en --target-device iphone --target-device ipad --minimum-deployment-target 15.0 --platform iphonesimulator --bundle-identifier dev.mori.console --generate-swift-asset-symbol-extensions NO --generate-swift-asset-symbols /Users/dean/Documents/MORI/.state/ios-build/Build/Intermediates.noindex/App.build/Debug-iphonesimulator/App.build/DerivedSources/GeneratedAssetSymbols.swift --generate-objc-asset-symbols /Users/dean/Documents/MORI/.state/ios-build/Build/Intermediates.noindex/App.build/Debug-iphonesimulator/App.build/DerivedSources/GeneratedAssetSymbols.h --generate-asset-symbol-index /Users/dean/Documents/MORI/.state/ios-build/Build/Intermediates.noindex/App.build/Debug-iphonesimulator/App.build/DerivedSources/GeneratedAssetSymbols-Index.plist
/* com.apple.actool.compilation-results */
/Users/dean/Documents/MORI/.state/ios-build/Build/Intermediates.noindex/App.build/Debug-iphonesimulator/App.build/DerivedSources/GeneratedAssetSymbols-Index.plist
/Users/dean/Documents/MORI/.state/ios-build/Build/Intermediates.noindex/App.build/Debug-iphonesimulator/App.build/DerivedSources/GeneratedAssetSymbols.h
/Users/dean/Documents/MORI/.state/ios-build/Build/Intermediates.noindex/App.build/Debug-iphonesimulator/App.build/DerivedSources/GeneratedAssetSymbols.swift


MkDir /Users/dean/Documents/MORI/.state/ios-build/Build/Intermediates.noindex/App.build/Debug-iphonesimulator/App.build/assetcatalog_output/thinned (in target 'App' from project 'App')
    cd /Users/dean/Documents/MORI/apps/mobile/ios/App
    /bin/mkdir -p /Users/dean/Documents/MORI/.state/ios-build/Build/Intermediates.noindex/App.build/Debug-iphonesimulator/App.build/assetcatalog_output/thinned

MkDir /Users/dean/Documents/MORI/.state/ios-build/Build/Intermediates.noindex/App.build/Debug-iphonesimulator/App.build/assetcatalog_output/unthinned (in target 'App' from project 'App')
    cd /Users/dean/Documents/MORI/apps/mobile/ios/App
    /bin/mkdir -p /Users/dean/Documents/MORI/.state/ios-build/Build/Intermediates.noindex/App.build/Debug-iphonesimulator/App.build/assetcatalog_output/unthinned

CompileAssetCatalogVariant thinned /Users/dean/Documents/MORI/.state/ios-build/Build/Products/Debug-iphonesimulator/App.app /Users/dean/Documents/MORI/apps/mobile/ios/App/App/Assets.xcassets (in target 'App' from project 'App')
    cd /Users/dean/Documents/MORI/apps/mobile/ios/App
    /Applications/Xcode.app/Contents/Developer/usr/bin/actool /Users/dean/Documents/MORI/apps/mobile/ios/App/App/Assets.xcassets --compile /Users/dean/Documents/MORI/.state/ios-build/Build/Intermediates.noindex/App.build/Debug-iphonesimulator/App.build/assetcatalog_output/thinned --output-format human-readable-text --notices --warnings --export-dependency-info /Users/dean/Documents/MORI/.state/ios-build/Build/Intermediates.noindex/App.build/Debug-iphonesimulator/App.build/assetcatalog_dependencies_thinned --output-partial-info-plist /Users/dean/Documents/MORI/.state/ios-build/Build/Intermediates.noindex/App.build/Debug-iphonesimulator/App.build/assetcatalog_generated_info.plist_thinned --app-icon AppIcon --compress-pngs --enable-on-demand-resources YES --development-region en --target-device iphone --target-device ipad --minimum-deployment-target 15.0 --platform iphonesimulator
/* com.apple.actool.compilation-results */
/Users/dean/Documents/MORI/.state/ios-build/Build/Intermediates.noindex/App.build/Debug-iphonesimulator/App.build/assetcatalog_generated_info.plist_thinned
/Users/dean/Documents/MORI/.state/ios-build/Build/Intermediates.noindex/App.build/Debug-iphonesimulator/App.build/assetcatalog_output/thinned/AppIcon60x60@2x.png
/Users/dean/Documents/MORI/.state/ios-build/Build/Intermediates.noindex/App.build/Debug-iphonesimulator/App.build/assetcatalog_output/thinned/AppIcon76x76@2x~ipad.png
/Users/dean/Documents/MORI/.state/ios-build/Build/Intermediates.noindex/App.build/Debug-iphonesimulator/App.build/assetcatalog_output/thinned/Assets.car


SwiftDriver App normal x86_64 com.apple.xcode.tools.swift.compiler (in target 'App' from project 'App')
    cd /Users/dean/Documents/MORI/apps/mobile/ios/App
    builtin-SwiftDriver -- /Applications/Xcode.app/Contents/Developer/Toolchains/XcodeDefault.xctoolchain/usr/bin/swiftc -module-name App -Onone @/Users/dean/Documents/MORI/.state/ios-build/Build/Intermediates.noindex/App.build/Debug-iphonesimulator/App.build/Objects-normal/x86_64/App.SwiftFileList -DDEBUG -D COCOAPODS -DDEBUG -enable-bare-slash-regex -enable-experimental-feature DebugDescriptionMacro -sdk /Applications/Xcode.app/Contents/Developer/Platforms/iPhoneSimulator.platform/Developer/SDKs/iPhoneSimulator27.0.sdk -target x86_64-apple-ios15.0-simulator -g -module-cache-path /Users/dean/Documents/MORI/.state/ios-build/ModuleCache.noindex -Xfrontend -serialize-debugging-options -enable-testing -index-store-path /Users/dean/Documents/MORI/.state/ios-build/Index.noindex/DataStore -Xcc -D_LIBCPP_HARDENING_MODE\=_LIBCPP_HARDENING_MODE_DEBUG -swift-version 5 -I /Users/dean/Documents/MORI/.state/ios-build/Build/Products/Debug-iphonesimulator -F /Users/dean/Documents/MORI/.state/ios-build/Build/Products/Debug-iphonesimulator/PackageFrameworks -F /Users/dean/Documents/MORI/.state/ios-build/Build/Products/Debug-iphonesimulator -c -j10 -enable-batch-mode -incremental -Xcc -ivfsstatcache -Xcc /Users/dean/Documents/MORI/.state/ios-build/SDKStatCaches.noindex/iphonesimulator27.0-24A430-8dc58220667be655e1bcc261a7455254.sdkstatcache -output-file-map /Users/dean/Documents/MORI/.state/ios-build/Build/Intermediates.noindex/App.build/Debug-iphonesimulator/App.build/Objects-normal/x86_64/App-OutputFileMap.json -save-temps -no-color-diagnostics -explicit-module-build -module-cache-path /Users/dean/Documents/MORI/.state/ios-build/Build/Intermediates.noindex/SwiftExplicitPrecompiledModules -clang-scanner-module-cache-path /Users/dean/Documents/MORI/.state/ios-build/ModuleCache.noindex -sdk-module-cache-path /Users/dean/Documents/MORI/.state/ios-build/SDKExplicitPrecompiledModules -emit-dependencies -emit-module -emit-module-path /Users/dean/Documents/MORI/.state/ios-build/Build/Intermediates.noindex/App.build/Debug-iphonesimulator/App.build/Objects-normal/x86_64/App.swiftmodule -serialize-diagnostics -dependency-scan-serialize-diagnostics-path /Users/dean/Documents/MORI/.state/ios-build/Build/Intermediates.noindex/App.build/Debug-iphonesimulator/App.build/Objects-normal/x86_64/App-dependency-scan.dia -validate-clang-modules-once -clang-build-session-file /Users/dean/Documents/MORI/.state/ios-build/ModuleCache.noindex/Session.modulevalidation -Xcc -fmodules-prune-interval\=86400 -Xcc -fmodules-prune-after\=345600 -emit-const-values -const-gather-protocols-list /Users/dean/Documents/MORI/.state/ios-build/Build/Intermediates.noindex/App.build/Debug-iphonesimulator/App.build/Objects-normal/x86_64/App_const_extract_protocols.json -Xcc -iquote -Xcc /Users/dean/Documents/MORI/.state/ios-build/Build/Intermediates.noindex/App.build/Debug-iphonesimulator/App.build/App-generated-files.hmap -Xcc -I/Users/dean/Documents/MORI/.state/ios-build/Build/Intermediates.noindex/App.build/Debug-iphonesimulator/App.build/App-own-target-headers.hmap -Xcc -I/Users/dean/Documents/MORI/.state/ios-build/Build/Intermediates.noindex/App.build/Debug-iphonesimulator/App.build/App-all-non-framework-target-headers.hmap -Xcc -ivfsoverlay -Xcc /Users/dean/Documents/MORI/.state/ios-build/Build/Intermediates.noindex/App.build/Debug-iphonesimulator/App-0ca3007d900a678c2b4d53418799ee3d-VFS-iphonesimulator/all-product-headers.yaml -Xcc -iquote -Xcc /Users/dean/Documents/MORI/.state/ios-build/Build/Intermediates.noindex/App.build/Debug-iphonesimulator/App.build/App-project-headers.hmap -Xcc -I/Users/dean/Documents/MORI/.state/ios-build/Build/Products/Debug-iphonesimulator/include -Xcc -I/Users/dean/Documents/MORI/.state/ios-build/Build/Intermediates.noindex/App.build/Debug-iphonesimulator/App.build/DerivedSources-normal/x86_64 -Xcc -I/Users/dean/Documents/MORI/.state/ios-build/Build/Intermediates.noindex/App.build/Debug-iphonesimulator/App.build/DerivedSources/x86_64 -Xcc -I/Users/dean/Documents/MORI/.state/ios-build/Build/Intermediates.noindex/App.build/Debug-iphonesimulator/App.build/DerivedSources -Xcc -DDEBUG\=1 -emit-objc-header -emit-objc-header-path /Users/dean/Documents/MORI/.state/ios-build/Build/Intermediates.noindex/App.build/Debug-iphonesimulator/App.build/Objects-normal/x86_64/App-Swift.h -working-directory /Users/dean/Documents/MORI/apps/mobile/ios/App -experimental-emit-module-separately -disable-cmo

SwiftDriver App normal arm64 com.apple.xcode.tools.swift.compiler (in target 'App' from project 'App')
    cd /Users/dean/Documents/MORI/apps/mobile/ios/App
    builtin-SwiftDriver -- /Applications/Xcode.app/Contents/Developer/Toolchains/XcodeDefault.xctoolchain/usr/bin/swiftc -module-name App -Onone @/Users/dean/Documents/MORI/.state/ios-build/Build/Intermediates.noindex/App.build/Debug-iphonesimulator/App.build/Objects-normal/arm64/App.SwiftFileList -DDEBUG -D COCOAPODS -DDEBUG -enable-bare-slash-regex -enable-experimental-feature DebugDescriptionMacro -sdk /Applications/Xcode.app/Contents/Developer/Platforms/iPhoneSimulator.platform/Developer/SDKs/iPhoneSimulator27.0.sdk -target arm64-apple-ios15.0-simulator -g -module-cache-path /Users/dean/Documents/MORI/.state/ios-build/ModuleCache.noindex -Xfrontend -serialize-debugging-options -enable-testing -index-store-path /Users/dean/Documents/MORI/.state/ios-build/Index.noindex/DataStore -Xcc -D_LIBCPP_HARDENING_MODE\=_LIBCPP_HARDENING_MODE_DEBUG -swift-version 5 -I /Users/dean/Documents/MORI/.state/ios-build/Build/Products/Debug-iphonesimulator -F /Users/dean/Documents/MORI/.state/ios-build/Build/Products/Debug-iphonesimulator/PackageFrameworks -F /Users/dean/Documents/MORI/.state/ios-build/Build/Products/Debug-iphonesimulator -c -j10 -enable-batch-mode -incremental -Xcc -ivfsstatcache -Xcc /Users/dean/Documents/MORI/.state/ios-build/SDKStatCaches.noindex/iphonesimulator27.0-24A430-8dc58220667be655e1bcc261a7455254.sdkstatcache -output-file-map /Users/dean/Documents/MORI/.state/ios-build/Build/Intermediates.noindex/App.build/Debug-iphonesimulator/App.build/Objects-normal/arm64/App-OutputFileMap.json -save-temps -no-color-diagnostics -explicit-module-build -module-cache-path /Users/dean/Documents/MORI/.state/ios-build/Build/Intermediates.noindex/SwiftExplicitPrecompiledModules -clang-scanner-module-cache-path /Users/dean/Documents/MORI/.state/ios-build/ModuleCache.noindex -sdk-module-cache-path /Users/dean/Documents/MORI/.state/ios-build/SDKExplicitPrecompiledModules -emit-dependencies -emit-module -emit-module-path /Users/dean/Documents/MORI/.state/ios-build/Build/Intermediates.noindex/App.build/Debug-iphonesimulator/App.build/Objects-normal/arm64/App.swiftmodule -serialize-diagnostics -dependency-scan-serialize-diagnostics-path /Users/dean/Documents/MORI/.state/ios-build/Build/Intermediates.noindex/App.build/Debug-iphonesimulator/App.build/Objects-normal/arm64/App-dependency-scan.dia -validate-clang-modules-once -clang-build-session-file /Users/dean/Documents/MORI/.state/ios-build/ModuleCache.noindex/Session.modulevalidation -Xcc -fmodules-prune-interval\=86400 -Xcc -fmodules-prune-after\=345600 -emit-const-values -const-gather-protocols-list /Users/dean/Documents/MORI/.state/ios-build/Build/Intermediates.noindex/App.build/Debug-iphonesimulator/App.build/Objects-normal/arm64/App_const_extract_protocols.json -Xcc -iquote -Xcc /Users/dean/Documents/MORI/.state/ios-build/Build/Intermediates.noindex/App.build/Debug-iphonesimulator/App.build/App-generated-files.hmap -Xcc -I/Users/dean/Documents/MORI/.state/ios-build/Build/Intermediates.noindex/App.build/Debug-iphonesimulator/App.build/App-own-target-headers.hmap -Xcc -I/Users/dean/Documents/MORI/.state/ios-build/Build/Intermediates.noindex/App.build/Debug-iphonesimulator/App.build/App-all-non-framework-target-headers.hmap -Xcc -ivfsoverlay -Xcc /Users/dean/Documents/MORI/.state/ios-build/Build/Intermediates.noindex/App.build/Debug-iphonesimulator/App-0ca3007d900a678c2b4d53418799ee3d-VFS-iphonesimulator/all-product-headers.yaml -Xcc -iquote -Xcc /Users/dean/Documents/MORI/.state/ios-build/Build/Intermediates.noindex/App.build/Debug-iphonesimulator/App.build/App-project-headers.hmap -Xcc -I/Users/dean/Documents/MORI/.state/ios-build/Build/Products/Debug-iphonesimulator/include -Xcc -I/Users/dean/Documents/MORI/.state/ios-build/Build/Intermediates.noindex/App.build/Debug-iphonesimulator/App.build/DerivedSources-normal/arm64 -Xcc -I/Users/dean/Documents/MORI/.state/ios-build/Build/Intermediates.noindex/App.build/Debug-iphonesimulator/App.build/DerivedSources/arm64 -Xcc -I/Users/dean/Documents/MORI/.state/ios-build/Build/Intermediates.noindex/App.build/Debug-iphonesimulator/App.build/DerivedSources -Xcc -DDEBUG\=1 -emit-objc-header -emit-objc-header-path /Users/dean/Documents/MORI/.state/ios-build/Build/Intermediates.noindex/App.build/Debug-iphonesimulator/App.build/Objects-normal/arm64/App-Swift.h -working-directory /Users/dean/Documents/MORI/apps/mobile/ios/App -experimental-emit-module-separately -disable-cmo

SwiftDriverJobDiscovery normal arm64 Compiling CapApp-SPM.swift (in target 'CapApp-SPM' from project 'CapApp-SPM')

SwiftDriver\ Compilation CapApp-SPM normal arm64 com.apple.xcode.tools.swift.compiler (in target 'CapApp-SPM' from project 'CapApp-SPM')
    cd /Users/dean/Documents/MORI/apps/mobile/ios/App/App.xcodeproj
    builtin-Swift-Compilation -- /Applications/Xcode.app/Contents/Developer/Toolchains/XcodeDefault.xctoolchain/usr/bin/swiftc -parse-as-library -module-name CapApp_SPM -Onone @/Users/dean/Documents/MORI/.state/ios-build/Build/Intermediates.noindex/CapApp-SPM.build/Debug-iphonesimulator/CapApp-SPM-t.build/Objects-normal/arm64/CapApp-SPM.SwiftFileList -DSWIFT_PACKAGE -DDEBUG -DSWIFT_MODULE_RESOURCE_BUNDLE_UNAVAILABLE -DXcode -plugin-path /Applications/Xcode.app/Contents/Developer/Toolchains/XcodeDefault.xctoolchain/usr/lib/swift/host/plugins/testing -enable-experimental-feature DebugDescriptionMacro -sdk /Applications/Xcode.app/Contents/Developer/Platforms/iPhoneSimulator.platform/Developer/SDKs/iPhoneSimulator27.0.sdk -target arm64-apple-ios15.0-simulator -g -module-cache-path /Users/dean/Documents/MORI/.state/ios-build/ModuleCache.noindex -Xfrontend -serialize-debugging-options -enable-testing -index-store-path /Users/dean/Documents/MORI/.state/ios-build/Index.noindex/DataStore -Xcc -D_LIBCPP_HARDENING_MODE\=_LIBCPP_HARDENING_MODE_DEBUG -swift-version 5 -I /Users/dean/Documents/MORI/.state/ios-build/Build/Products/Debug-iphonesimulator -Isystem /Applications/Xcode.app/Contents/Developer/Platforms/iPhoneSimulator.platform/Developer/usr/lib -F /Users/dean/Documents/MORI/.state/ios-build/Build/Products/Debug-iphonesimulator/PackageFrameworks -F /Users/dean/Documents/MORI/.state/ios-build/Build/Products/Debug-iphonesimulator -F /Applications/Xcode.app/Contents/Developer/Platforms/iPhoneSimulator.platform/Developer/Library/Frameworks -F /Applications/Xcode.app/Contents/Developer/Platforms/iPhoneSimulator.platform/Developer/SDKs/iPhoneSimulator27.0.sdk/Developer/Library/Frameworks -c -j10 -enable-batch-mode -incremental -Xcc -ivfsstatcache -Xcc /Users/dean/Documents/MORI/.state/ios-build/SDKStatCaches.noindex/iphonesimulator27.0-24A430-8dc58220667be655e1bcc261a7455254.sdkstatcache -output-file-map /Users/dean/Documents/MORI/.state/ios-build/Build/Intermediates.noindex/CapApp-SPM.build/Debug-iphonesimulator/CapApp-SPM-t.build/Objects-normal/arm64/CapApp-SPM-OutputFileMap.json -save-temps -no-color-diagnostics -explicit-module-build -module-cache-path /Users/dean/Documents/MORI/.state/ios-build/Build/Intermediates.noindex/SwiftExplicitPrecompiledModules -clang-scanner-module-cache-path /Users/dean/Documents/MORI/.state/ios-build/ModuleCache.noindex -sdk-module-cache-path /Users/dean/Documents/MORI/.state/ios-build/SDKExplicitPrecompiledModules -emit-dependencies -emit-module -emit-module-path /Users/dean/Documents/MORI/.state/ios-build/Build/Intermediates.noindex/CapApp-SPM.build/Debug-iphonesimulator/CapApp-SPM-t.build/Objects-normal/arm64/CapApp_SPM.swiftmodule -serialize-diagnostics -dependency-scan-serialize-diagnostics-path /Users/dean/Documents/MORI/.state/ios-build/Build/Intermediates.noindex/CapApp-SPM.build/Debug-iphonesimulator/CapApp-SPM-t.build/Objects-normal/arm64/CapApp_SPM-dependency-scan.dia -validate-clang-modules-once -clang-build-session-file /Users/dean/Documents/MORI/.state/ios-build/ModuleCache.noindex/Session.modulevalidation -Xcc -fmodules-prune-interval\=86400 -Xcc -fmodules-prune-after\=345600 -package-name capapp_spm -emit-const-values -const-gather-protocols-list /Users/dean/Documents/MORI/.state/ios-build/Build/Intermediates.noindex/CapApp-SPM.build/Debug-iphonesimulator/CapApp-SPM-t.build/Objects-normal/arm64/CapApp-SPM_const_extract_protocols.json -Xcc -I/Users/dean/Documents/MORI/.state/ios-build/Build/Products/Debug-iphonesimulator/include -Xcc -I/Users/dean/Documents/MORI/.state/ios-build/Build/Intermediates.noindex/CapApp-SPM.build/Debug-iphonesimulator/CapApp-SPM-t.build/DerivedSources-normal/arm64 -Xcc -I/Users/dean/Documents/MORI/.state/ios-build/Build/Intermediates.noindex/CapApp-SPM.build/Debug-iphonesimulator/CapApp-SPM-t.build/DerivedSources/arm64 -Xcc -I/Users/dean/Documents/MORI/.state/ios-build/Build/Intermediates.noindex/CapApp-SPM.build/Debug-iphonesimulator/CapApp-SPM-t.build/DerivedSources -Xcc -DSWIFT_PACKAGE -Xcc -DDEBUG\=1 -emit-objc-header -emit-objc-header-path /Users/dean/Documents/MORI/.state/ios-build/Build/Intermediates.noindex/CapApp-SPM.build/Debug-iphonesimulator/CapApp-SPM-t.build/Objects-normal/arm64/CapApp-SPM-Swift.h -working-directory /Users/dean/Documents/MORI/apps/mobile/ios/App/App.xcodeproj -experimental-emit-module-separately -disable-cmo

SwiftDriverJobDiscovery normal x86_64 Compiling CapApp-SPM.swift (in target 'CapApp-SPM' from project 'CapApp-SPM')

SwiftDriver\ Compilation CapApp-SPM normal x86_64 com.apple.xcode.tools.swift.compiler (in target 'CapApp-SPM' from project 'CapApp-SPM')
    cd /Users/dean/Documents/MORI/apps/mobile/ios/App/App.xcodeproj
    builtin-Swift-Compilation -- /Applications/Xcode.app/Contents/Developer/Toolchains/XcodeDefault.xctoolchain/usr/bin/swiftc -parse-as-library -module-name CapApp_SPM -Onone @/Users/dean/Documents/MORI/.state/ios-build/Build/Intermediates.noindex/CapApp-SPM.build/Debug-iphonesimulator/CapApp-SPM-t.build/Objects-normal/x86_64/CapApp-SPM.SwiftFileList -DSWIFT_PACKAGE -DDEBUG -DSWIFT_MODULE_RESOURCE_BUNDLE_UNAVAILABLE -DXcode -plugin-path /Applications/Xcode.app/Contents/Developer/Toolchains/XcodeDefault.xctoolchain/usr/lib/swift/host/plugins/testing -enable-experimental-feature DebugDescriptionMacro -sdk /Applications/Xcode.app/Contents/Developer/Platforms/iPhoneSimulator.platform/Developer/SDKs/iPhoneSimulator27.0.sdk -target x86_64-apple-ios15.0-simulator -g -module-cache-path /Users/dean/Documents/MORI/.state/ios-build/ModuleCache.noindex -Xfrontend -serialize-debugging-options -enable-testing -index-store-path /Users/dean/Documents/MORI/.state/ios-build/Index.noindex/DataStore -Xcc -D_LIBCPP_HARDENING_MODE\=_LIBCPP_HARDENING_MODE_DEBUG -swift-version 5 -I /Users/dean/Documents/MORI/.state/ios-build/Build/Products/Debug-iphonesimulator -Isystem /Applications/Xcode.app/Contents/Developer/Platforms/iPhoneSimulator.platform/Developer/usr/lib -F /Users/dean/Documents/MORI/.state/ios-build/Build/Products/Debug-iphonesimulator/PackageFrameworks -F /Users/dean/Documents/MORI/.state/ios-build/Build/Products/Debug-iphonesimulator -F /Applications/Xcode.app/Contents/Developer/Platforms/iPhoneSimulator.platform/Developer/Library/Frameworks -F /Applications/Xcode.app/Contents/Developer/Platforms/iPhoneSimulator.platform/Developer/SDKs/iPhoneSimulator27.0.sdk/Developer/Library/Frameworks -c -j10 -enable-batch-mode -incremental -Xcc -ivfsstatcache -Xcc /Users/dean/Documents/MORI/.state/ios-build/SDKStatCaches.noindex/iphonesimulator27.0-24A430-8dc58220667be655e1bcc261a7455254.sdkstatcache -output-file-map /Users/dean/Documents/MORI/.state/ios-build/Build/Intermediates.noindex/CapApp-SPM.build/Debug-iphonesimulator/CapApp-SPM-t.build/Objects-normal/x86_64/CapApp-SPM-OutputFileMap.json -save-temps -no-color-diagnostics -explicit-module-build -module-cache-path /Users/dean/Documents/MORI/.state/ios-build/Build/Intermediates.noindex/SwiftExplicitPrecompiledModules -clang-scanner-module-cache-path /Users/dean/Documents/MORI/.state/ios-build/ModuleCache.noindex -sdk-module-cache-path /Users/dean/Documents/MORI/.state/ios-build/SDKExplicitPrecompiledModules -emit-dependencies -emit-module -emit-module-path /Users/dean/Documents/MORI/.state/ios-build/Build/Intermediates.noindex/CapApp-SPM.build/Debug-iphonesimulator/CapApp-SPM-t.build/Objects-normal/x86_64/CapApp_SPM.swiftmodule -serialize-diagnostics -dependency-scan-serialize-diagnostics-path /Users/dean/Documents/MORI/.state/ios-build/Build/Intermediates.noindex/CapApp-SPM.build/Debug-iphonesimulator/CapApp-SPM-t.build/Objects-normal/x86_64/CapApp_SPM-dependency-scan.dia -validate-clang-modules-once -clang-build-session-file /Users/dean/Documents/MORI/.state/ios-build/ModuleCache.noindex/Session.modulevalidation -Xcc -fmodules-prune-interval\=86400 -Xcc -fmodules-prune-after\=345600 -package-name capapp_spm -emit-const-values -const-gather-protocols-list /Users/dean/Documents/MORI/.state/ios-build/Build/Intermediates.noindex/CapApp-SPM.build/Debug-iphonesimulator/CapApp-SPM-t.build/Objects-normal/x86_64/CapApp-SPM_const_extract_protocols.json -Xcc -I/Users/dean/Documents/MORI/.state/ios-build/Build/Products/Debug-iphonesimulator/include -Xcc -I/Users/dean/Documents/MORI/.state/ios-build/Build/Intermediates.noindex/CapApp-SPM.build/Debug-iphonesimulator/CapApp-SPM-t.build/DerivedSources-normal/x86_64 -Xcc -I/Users/dean/Documents/MORI/.state/ios-build/Build/Intermediates.noindex/CapApp-SPM.build/Debug-iphonesimulator/CapApp-SPM-t.build/DerivedSources/x86_64 -Xcc -I/Users/dean/Documents/MORI/.state/ios-build/Build/Intermediates.noindex/CapApp-SPM.build/Debug-iphonesimulator/CapApp-SPM-t.build/DerivedSources -Xcc -DSWIFT_PACKAGE -Xcc -DDEBUG\=1 -emit-objc-header -emit-objc-header-path /Users/dean/Documents/MORI/.state/ios-build/Build/Intermediates.noindex/CapApp-SPM.build/Debug-iphonesimulator/CapApp-SPM-t.build/Objects-normal/x86_64/CapApp-SPM-Swift.h -working-directory /Users/dean/Documents/MORI/apps/mobile/ios/App/App.xcodeproj -experimental-emit-module-separately -disable-cmo

SwiftExplicitDependencyGeneratePcm x86_64 /Users/dean/Documents/MORI/.state/ios-build/SDKExplicitPrecompiledModules/_Builtin_stdarg-BREGRBCNI7MPMOX4HNUGVTVMH.pcm

SwiftExplicitDependencyGeneratePcm x86_64 /Users/dean/Documents/MORI/.state/ios-build/SDKExplicitPrecompiledModules/_Builtin_stddef-A6I74UO8AFJID8S7QEJ2OO79Y.pcm

SwiftExplicitDependencyGeneratePcm x86_64 /Users/dean/Documents/MORI/.state/ios-build/SDKExplicitPrecompiledModules/_Builtin_float-9TK633XDS9IFGVNZXEEDZ4J83.pcm

SwiftExplicitDependencyGeneratePcm x86_64 /Users/dean/Documents/MORI/.state/ios-build/SDKExplicitPrecompiledModules/ptrauth-7QJ3EFGNH3IX9BKIVTXZC6BTO.pcm

SwiftExplicitDependencyGeneratePcm x86_64 /Users/dean/Documents/MORI/.state/ios-build/SDKExplicitPrecompiledModules/SwiftShims-2GZEONA64B0AVU0VBC4A40FJC.pcm

SwiftExplicitDependencyGeneratePcm x86_64 /Users/dean/Documents/MORI/.state/ios-build/SDKExplicitPrecompiledModules/_AvailabilityInternal-1W3JW3BH1LAST0VN7BNDD29IN.pcm

SwiftExplicitDependencyGeneratePcm x86_64 /Users/dean/Documents/MORI/.state/ios-build/SDKExplicitPrecompiledModules/_Builtin_stdbool-E93B8ZKSFE5N26NWXG4ML1N96.pcm

SwiftExplicitDependencyGeneratePcm arm64 /Users/dean/Documents/MORI/.state/ios-build/SDKExplicitPrecompiledModules/_Builtin_float-FMCF1WDOAW9Z3HLUJ5Y6PLFH.pcm

SwiftExplicitDependencyGeneratePcm arm64 /Users/dean/Documents/MORI/.state/ios-build/SDKExplicitPrecompiledModules/_SwiftConcurrencyShims-1VYMG9D2EGA3AGA80DSO7CVTK.pcm

SwiftExplicitDependencyGeneratePcm arm64 /Users/dean/Documents/MORI/.state/ios-build/SDKExplicitPrecompiledModules/ptrcheck-BQ18XBBCOACO3QX1CDC2730P9.pcm

SwiftExplicitDependencyGeneratePcm x86_64 /Users/dean/Documents/MORI/.state/ios-build/SDKExplicitPrecompiledModules/_SwiftConcurrencyShims-BVCA6VQUSUBSGP6Z993XAPERW.pcm

SwiftExplicitDependencyGeneratePcm arm64 /Users/dean/Documents/MORI/.state/ios-build/SDKExplicitPrecompiledModules/DeveloperToolsSupport-7T943UD2PVVNIV94FEU1D8AP9.pcm

SwiftExplicitDependencyGeneratePcm x86_64 /Users/dean/Documents/MORI/.state/ios-build/SDKExplicitPrecompiledModules/ptrcheck-40B4U6QGU1MEET10OPRY4EWUC.pcm

SwiftExplicitDependencyGeneratePcm x86_64 /Users/dean/Documents/MORI/.state/ios-build/SDKExplicitPrecompiledModules/DeveloperToolsSupport-3F7BM6DVIW6V8YJYVFPF4X9SB.pcm

SwiftExplicitDependencyGeneratePcm arm64 /Users/dean/Documents/MORI/.state/ios-build/SDKExplicitPrecompiledModules/ptrauth-2QTD3D6MHLQ9WJ0OPHEYHWKI3.pcm

SwiftExplicitDependencyGeneratePcm arm64 /Users/dean/Documents/MORI/.state/ios-build/SDKExplicitPrecompiledModules/SwiftShims-DPHIGVJO1HFC47ZJVBBOOO3FH.pcm

SwiftExplicitDependencyGeneratePcm x86_64 /Users/dean/Documents/MORI/.state/ios-build/SDKExplicitPrecompiledModules/_DarwinFoundation1-7RSAI0H2IOZJ0XJLEBPAXJZAW.pcm

SwiftExplicitDependencyGeneratePcm arm64 /Users/dean/Documents/MORI/.state/ios-build/SDKExplicitPrecompiledModules/_Builtin_stdbool-C9PAYHZMKC3RHKZZRUGPZKK2T.pcm

SwiftExplicitDependencyGeneratePcm arm64 /Users/dean/Documents/MORI/.state/ios-build/SDKExplicitPrecompiledModules/_AvailabilityInternal-BP38FB8M8CLEJP419DPSG9R6C.pcm

SwiftExplicitDependencyGeneratePcm arm64 /Users/dean/Documents/MORI/.state/ios-build/SDKExplicitPrecompiledModules/_Builtin_stddef-4Y2ALBK2EYXD0CFGMDRCLAF8C.pcm

SwiftExplicitDependencyGeneratePcm arm64 /Users/dean/Documents/MORI/.state/ios-build/SDKExplicitPrecompiledModules/_Builtin_stdarg-1CB6CT9AM1DNJPC9OQ1MCXFWW.pcm

SwiftExplicitDependencyGeneratePcm arm64 /Users/dean/Documents/MORI/.state/ios-build/SDKExplicitPrecompiledModules/_DarwinFoundation1-AGR5JC7NEC11W7HKGH1W08Z7P.pcm

SwiftExplicitDependencyGeneratePcm x86_64 /Users/dean/Documents/MORI/.state/ios-build/SDKExplicitPrecompiledModules/_DarwinFoundation2-ERJ0UY79QQG5H6KZVB47ILW3N.pcm

SwiftExplicitDependencyGeneratePcm x86_64 /Users/dean/Documents/MORI/.state/ios-build/SDKExplicitPrecompiledModules/_Builtin_limits-BGZTI4KSMVRNPZ4TNYL9XDEDA.pcm

SwiftExplicitDependencyGeneratePcm arm64 /Users/dean/Documents/MORI/.state/ios-build/SDKExplicitPrecompiledModules/_DarwinFoundation2-79XHT2J3FPPKQW0SZ668E0JHF.pcm

SwiftExplicitDependencyGeneratePcm arm64 /Users/dean/Documents/MORI/.state/ios-build/SDKExplicitPrecompiledModules/_Builtin_limits-1TRNQZCJ0FSR9H4U83TEKJVIS.pcm

SwiftExplicitDependencyGeneratePcm x86_64 /Users/dean/Documents/MORI/.state/ios-build/SDKExplicitPrecompiledModules/_Builtin_tgmath-DS656QCVHMDWWBN7DRM5SG2GB.pcm

SwiftExplicitDependencyGeneratePcm x86_64 /Users/dean/Documents/MORI/.state/ios-build/SDKExplicitPrecompiledModules/_Builtin_stdint-EFPH3QHGLIEBRIUGVEKN6BRIW.pcm

SwiftExplicitDependencyGeneratePcm x86_64 /Users/dean/Documents/MORI/.state/ios-build/SDKExplicitPrecompiledModules/sys_types-E092JQZ4V94HCNM58OQFDVOGN.pcm

SwiftExplicitDependencyGeneratePcm x86_64 /Users/dean/Documents/MORI/.state/ios-build/SDKExplicitPrecompiledModules/string_h-92F0WC876CNW5YJOAD50WY2KX.pcm

SwiftExplicitDependencyGeneratePcm x86_64 /Users/dean/Documents/MORI/.state/ios-build/SDKExplicitPrecompiledModules/_DarwinFoundation3-53ZFHEC9TFQ4K7I56HYJ8IIJ5.pcm

SwiftExplicitDependencyGeneratePcm x86_64 /Users/dean/Documents/MORI/.state/ios-build/SDKExplicitPrecompiledModules/_Builtin_stdatomic-E2Y276R0HTSDMOJJQ3T2LMC5N.pcm

SwiftExplicitDependencyGeneratePcm arm64 /Users/dean/Documents/MORI/.state/ios-build/SDKExplicitPrecompiledModules/string_h-A37EOMLMMB3HTNGTKX6RQE7UM.pcm

SwiftExplicitDependencyGeneratePcm arm64 /Users/dean/Documents/MORI/.state/ios-build/SDKExplicitPrecompiledModules/_Builtin_tgmath-1QZN0ZAUVZR57IX4TIW1KGV1B.pcm

SwiftExplicitDependencyGeneratePcm arm64 /Users/dean/Documents/MORI/.state/ios-build/SDKExplicitPrecompiledModules/sys_types-CLVZKQNE0MJI64S732LQN27S2.pcm

SwiftExplicitDependencyGeneratePcm arm64 /Users/dean/Documents/MORI/.state/ios-build/SDKExplicitPrecompiledModules/_Builtin_stdint-C4JWK9ZFX340XVX8L2O8IONXQ.pcm

SwiftExplicitDependencyGeneratePcm arm64 /Users/dean/Documents/MORI/.state/ios-build/SDKExplicitPrecompiledModules/_Builtin_stdatomic-52GLP4HSMTQXS5F5T9FDOYT9T.pcm

SwiftExplicitDependencyGeneratePcm arm64 /Users/dean/Documents/MORI/.state/ios-build/SDKExplicitPrecompiledModules/_DarwinFoundation3-9ZIRMH3E5ZRQKLHUEQD5MTS0Q.pcm

SwiftExplicitDependencyGeneratePcm arm64 /Users/dean/Documents/MORI/.state/ios-build/SDKExplicitPrecompiledModules/_Builtin_intrinsics-5QM1JVQNYOKO5OCWJ6BBNUQ9S.pcm

SwiftExplicitDependencyGeneratePcm x86_64 /Users/dean/Documents/MORI/.state/ios-build/SDKExplicitPrecompiledModules/CommonCrypto-1CW8J7F9PDBQPWH9FH0QIRJV7.pcm

SwiftExplicitDependencyGeneratePcm x86_64 /Users/dean/Documents/MORI/.state/ios-build/SDKExplicitPrecompiledModules/_Builtin_intrinsics-C5FJOFXQRM0MEKM5RY5XO854P.pcm

SwiftExplicitDependencyGeneratePcm x86_64 /Users/dean/Documents/MORI/.state/ios-build/SDKExplicitPrecompiledModules/_Builtin_inttypes-EFQGKMFEHWDPN9XFH8BR4T3P8.pcm

SwiftExplicitDependencyGeneratePcm x86_64 /Users/dean/Documents/MORI/.state/ios-build/SDKExplicitPrecompiledModules/Darwin-12U7HTWZFH4P6JY5PNZBDSSUE.pcm

SwiftExplicitDependencyGeneratePcm arm64 /Users/dean/Documents/MORI/.state/ios-build/SDKExplicitPrecompiledModules/_Builtin_inttypes-A1NMV81MW8OYK2Z778ON09XRE.pcm

SwiftExplicitDependencyGeneratePcm arm64 /Users/dean/Documents/MORI/.state/ios-build/SDKExplicitPrecompiledModules/CommonCrypto-C19LWTCQK77T92W8U9GEZEGIE.pcm

SwiftExplicitDependencyGeneratePcm arm64 /Users/dean/Documents/MORI/.state/ios-build/SDKExplicitPrecompiledModules/Darwin-A58GOFSWHYSC9Q188XT2TJYC9.pcm

SwiftExplicitDependencyGeneratePcm arm64 /Users/dean/Documents/MORI/.state/ios-build/SDKExplicitPrecompiledModules/simd-BASX0D4AU6WOLJEW7IXDDWKYU.pcm

SwiftDriverJobDiscovery normal x86_64 Compiling AppPlugin.swift (in target 'AppPlugin' from project 'CapacitorApp')

SwiftDriver\ Compilation AppPlugin normal x86_64 com.apple.xcode.tools.swift.compiler (in target 'AppPlugin' from project 'CapacitorApp')
    cd /Users/dean/Documents/MORI/apps/mobile/ios/App/App.xcodeproj
    builtin-Swift-Compilation -- /Applications/Xcode.app/Contents/Developer/Toolchains/XcodeDefault.xctoolchain/usr/bin/swiftc -parse-as-library -module-name AppPlugin -Onone @/Users/dean/Documents/MORI/.state/ios-build/Build/Intermediates.noindex/CapacitorApp.build/Debug-iphonesimulator/AppPlugin-t.build/Objects-normal/x86_64/AppPlugin.SwiftFileList -DSWIFT_PACKAGE -DDEBUG -DSWIFT_MODULE_RESOURCE_BUNDLE_UNAVAILABLE -DXcode -plugin-path /Applications/Xcode.app/Contents/Developer/Toolchains/XcodeDefault.xctoolchain/usr/lib/swift/host/plugins/testing -enable-experimental-feature DebugDescriptionMacro -sdk /Applications/Xcode.app/Contents/Developer/Platforms/iPhoneSimulator.platform/Developer/SDKs/iPhoneSimulator27.0.sdk -target x86_64-apple-ios15.0-simulator -g -module-cache-path /Users/dean/Documents/MORI/.state/ios-build/ModuleCache.noindex -Xfrontend -serialize-debugging-options -enable-testing -index-store-path /Users/dean/Documents/MORI/.state/ios-build/Index.noindex/DataStore -Xcc -D_LIBCPP_HARDENING_MODE\=_LIBCPP_HARDENING_MODE_DEBUG -swift-version 5 -I /Users/dean/Documents/MORI/.state/ios-build/Build/Products/Debug-iphonesimulator -Isystem /Applications/Xcode.app/Contents/Developer/Platforms/iPhoneSimulator.platform/Developer/usr/lib -F /Users/dean/Documents/MORI/.state/ios-build/Build/Products/Debug-iphonesimulator -F /Applications/Xcode.app/Contents/Developer/Platforms/iPhoneSimulator.platform/Developer/Library/Frameworks -F /Applications/Xcode.app/Contents/Developer/Platforms/iPhoneSimulator.platform/Developer/SDKs/iPhoneSimulator27.0.sdk/Developer/Library/Frameworks -c -j10 -enable-batch-mode -incremental -Xcc -ivfsstatcache -Xcc /Users/dean/Documents/MORI/.state/ios-build/SDKStatCaches.noindex/iphonesimulator27.0-24A430-8dc58220667be655e1bcc261a7455254.sdkstatcache -output-file-map /Users/dean/Documents/MORI/.state/ios-build/Build/Intermediates.noindex/CapacitorApp.build/Debug-iphonesimulator/AppPlugin-t.build/Objects-normal/x86_64/AppPlugin-OutputFileMap.json -save-temps -no-color-diagnostics -explicit-module-build -module-cache-path /Users/dean/Documents/MORI/.state/ios-build/Build/Intermediates.noindex/SwiftExplicitPrecompiledModules -clang-scanner-module-cache-path /Users/dean/Documents/MORI/.state/ios-build/ModuleCache.noindex -sdk-module-cache-path /Users/dean/Documents/MORI/.state/ios-build/SDKExplicitPrecompiledModules -emit-dependencies -emit-module -emit-module-path /Users/dean/Documents/MORI/.state/ios-build/Build/Intermediates.noindex/CapacitorApp.build/Debug-iphonesimulator/AppPlugin-t.build/Objects-normal/x86_64/AppPlugin.swiftmodule -serialize-diagnostics -dependency-scan-serialize-diagnostics-path /Users/dean/Documents/MORI/.state/ios-build/Build/Intermediates.noindex/CapacitorApp.build/Debug-iphonesimulator/AppPlugin-t.build/Objects-normal/x86_64/AppPlugin-dependency-scan.dia -validate-clang-modules-once -clang-build-session-file /Users/dean/Documents/MORI/.state/ios-build/ModuleCache.noindex/Session.modulevalidation -Xcc -fmodules-prune-interval\=86400 -Xcc -fmodules-prune-after\=345600 -package-name app -emit-const-values -const-gather-protocols-list /Users/dean/Documents/MORI/.state/ios-build/Build/Intermediates.noindex/CapacitorApp.build/Debug-iphonesimulator/AppPlugin-t.build/Objects-normal/x86_64/AppPlugin_const_extract_protocols.json -Xcc -I/Users/dean/Documents/MORI/.state/ios-build/Build/Products/Debug-iphonesimulator/include -Xcc -I/Users/dean/Documents/MORI/.state/ios-build/Build/Intermediates.noindex/CapacitorApp.build/Debug-iphonesimulator/AppPlugin-t.build/DerivedSources-normal/x86_64 -Xcc -I/Users/dean/Documents/MORI/.state/ios-build/Build/Intermediates.noindex/CapacitorApp.build/Debug-iphonesimulator/AppPlugin-t.build/DerivedSources/x86_64 -Xcc -I/Users/dean/Documents/MORI/.state/ios-build/Build/Intermediates.noindex/CapacitorApp.build/Debug-iphonesimulator/AppPlugin-t.build/DerivedSources -Xcc -DSWIFT_PACKAGE -Xcc -DDEBUG\=1 -emit-objc-header -emit-objc-header-path /Users/dean/Documents/MORI/.state/ios-build/Build/Intermediates.noindex/CapacitorApp.build/Debug-iphonesimulator/AppPlugin-t.build/Objects-normal/x86_64/AppPlugin-Swift.h -working-directory /Users/dean/Documents/MORI/apps/mobile/ios/App/App.xcodeproj -experimental-emit-module-separately -disable-cmo

Ld /Users/dean/Documents/MORI/.state/ios-build/Build/Intermediates.noindex/CapacitorApp.build/Debug-iphonesimulator/AppPlugin-t.build/Objects-normal/x86_64/Binary/AppPlugin.o normal x86_64 (in target 'AppPlugin' from project 'CapacitorApp')
    cd /Users/dean/Documents/MORI/node_modules/.pnpm/@capacitor+app@7.0.1_@capacitor+core@7.2.0/node_modules/@capacitor/app
    /Applications/Xcode.app/Contents/Developer/Toolchains/XcodeDefault.xctoolchain/usr/bin/clang -Xlinker -reproducible -target x86_64-apple-ios15.0-simulator -r -isysroot /Applications/Xcode.app/Contents/Developer/Platforms/iPhoneSimulator.platform/Developer/SDKs/iPhoneSimulator27.0.sdk -O0 -Xlinker -no_warn_duplicate_libraries -F/Users/dean/Documents/MORI/.state/ios-build/Build/Intermediates.noindex/EagerLinkingTBDs/Debug-iphonesimulator -F/Users/dean/Documents/MORI/.state/ios-build/Build/Products/Debug-iphonesimulator -iframework /Applications/Xcode.app/Contents/Developer/Platforms/iPhoneSimulator.platform/Developer/Library/Frameworks -iframework /Applications/Xcode.app/Contents/Developer/Platforms/iPhoneSimulator.platform/Developer/SDKs/iPhoneSimulator27.0.sdk/Developer/Library/Frameworks -filelist /Users/dean/Documents/MORI/.state/ios-build/Build/Intermediates.noindex/CapacitorApp.build/Debug-iphonesimulator/AppPlugin-t.build/Objects-normal/x86_64/AppPlugin.LinkFileList -nostdlib -Xlinker -object_path_lto -Xlinker /Users/dean/Documents/MORI/.state/ios-build/Build/Intermediates.noindex/CapacitorApp.build/Debug-iphonesimulator/AppPlugin-t.build/Objects-normal/x86_64/AppPlugin_lto.o -Xlinker -no_deduplicate -Xlinker -objc_abi_version -Xlinker 2 -Xlinker -dependency_info -Xlinker /Users/dean/Documents/MORI/.state/ios-build/Build/Intermediates.noindex/CapacitorApp.build/Debug-iphonesimulator/AppPlugin-t.build/Objects-normal/x86_64/AppPlugin_dependency_info.dat -fobjc-link-runtime -L/Applications/Xcode.app/Contents/Developer/Toolchains/XcodeDefault.xctoolchain/usr/lib/swift/iphonesimulator -L/usr/lib/swift -Xlinker -add_ast_path -Xlinker /Users/dean/Documents/MORI/.state/ios-build/Build/Intermediates.noindex/CapacitorApp.build/Debug-iphonesimulator/AppPlugin-t.build/Objects-normal/x86_64/AppPlugin.swiftmodule -o /Users/dean/Documents/MORI/.state/ios-build/Build/Intermediates.noindex/CapacitorApp.build/Debug-iphonesimulator/AppPlugin-t.build/Objects-normal/x86_64/Binary/AppPlugin.o

SwiftDriverJobDiscovery normal arm64 Compiling AppPlugin.swift (in target 'AppPlugin' from project 'CapacitorApp')

SwiftDriver\ Compilation AppPlugin normal arm64 com.apple.xcode.tools.swift.compiler (in target 'AppPlugin' from project 'CapacitorApp')
    cd /Users/dean/Documents/MORI/apps/mobile/ios/App/App.xcodeproj
    builtin-Swift-Compilation -- /Applications/Xcode.app/Contents/Developer/Toolchains/XcodeDefault.xctoolchain/usr/bin/swiftc -parse-as-library -module-name AppPlugin -Onone @/Users/dean/Documents/MORI/.state/ios-build/Build/Intermediates.noindex/CapacitorApp.build/Debug-iphonesimulator/AppPlugin-t.build/Objects-normal/arm64/AppPlugin.SwiftFileList -DSWIFT_PACKAGE -DDEBUG -DSWIFT_MODULE_RESOURCE_BUNDLE_UNAVAILABLE -DXcode -plugin-path /Applications/Xcode.app/Contents/Developer/Toolchains/XcodeDefault.xctoolchain/usr/lib/swift/host/plugins/testing -enable-experimental-feature DebugDescriptionMacro -sdk /Applications/Xcode.app/Contents/Developer/Platforms/iPhoneSimulator.platform/Developer/SDKs/iPhoneSimulator27.0.sdk -target arm64-apple-ios15.0-simulator -g -module-cache-path /Users/dean/Documents/MORI/.state/ios-build/ModuleCache.noindex -Xfrontend -serialize-debugging-options -enable-testing -index-store-path /Users/dean/Documents/MORI/.state/ios-build/Index.noindex/DataStore -Xcc -D_LIBCPP_HARDENING_MODE\=_LIBCPP_HARDENING_MODE_DEBUG -swift-version 5 -I /Users/dean/Documents/MORI/.state/ios-build/Build/Products/Debug-iphonesimulator -Isystem /Applications/Xcode.app/Contents/Developer/Platforms/iPhoneSimulator.platform/Developer/usr/lib -F /Users/dean/Documents/MORI/.state/ios-build/Build/Products/Debug-iphonesimulator -F /Applications/Xcode.app/Contents/Developer/Platforms/iPhoneSimulator.platform/Developer/Library/Frameworks -F /Applications/Xcode.app/Contents/Developer/Platforms/iPhoneSimulator.platform/Developer/SDKs/iPhoneSimulator27.0.sdk/Developer/Library/Frameworks -c -j10 -enable-batch-mode -incremental -Xcc -ivfsstatcache -Xcc /Users/dean/Documents/MORI/.state/ios-build/SDKStatCaches.noindex/iphonesimulator27.0-24A430-8dc58220667be655e1bcc261a7455254.sdkstatcache -output-file-map /Users/dean/Documents/MORI/.state/ios-build/Build/Intermediates.noindex/CapacitorApp.build/Debug-iphonesimulator/AppPlugin-t.build/Objects-normal/arm64/AppPlugin-OutputFileMap.json -save-temps -no-color-diagnostics -explicit-module-build -module-cache-path /Users/dean/Documents/MORI/.state/ios-build/Build/Intermediates.noindex/SwiftExplicitPrecompiledModules -clang-scanner-module-cache-path /Users/dean/Documents/MORI/.state/ios-build/ModuleCache.noindex -sdk-module-cache-path /Users/dean/Documents/MORI/.state/ios-build/SDKExplicitPrecompiledModules -emit-dependencies -emit-module -emit-module-path /Users/dean/Documents/MORI/.state/ios-build/Build/Intermediates.noindex/CapacitorApp.build/Debug-iphonesimulator/AppPlugin-t.build/Objects-normal/arm64/AppPlugin.swiftmodule -serialize-diagnostics -dependency-scan-serialize-diagnostics-path /Users/dean/Documents/MORI/.state/ios-build/Build/Intermediates.noindex/CapacitorApp.build/Debug-iphonesimulator/AppPlugin-t.build/Objects-normal/arm64/AppPlugin-dependency-scan.dia -validate-clang-modules-once -clang-build-session-file /Users/dean/Documents/MORI/.state/ios-build/ModuleCache.noindex/Session.modulevalidation -Xcc -fmodules-prune-interval\=86400 -Xcc -fmodules-prune-after\=345600 -package-name app -emit-const-values -const-gather-protocols-list /Users/dean/Documents/MORI/.state/ios-build/Build/Intermediates.noindex/CapacitorApp.build/Debug-iphonesimulator/AppPlugin-t.build/Objects-normal/arm64/AppPlugin_const_extract_protocols.json -Xcc -I/Users/dean/Documents/MORI/.state/ios-build/Build/Products/Debug-iphonesimulator/include -Xcc -I/Users/dean/Documents/MORI/.state/ios-build/Build/Intermediates.noindex/CapacitorApp.build/Debug-iphonesimulator/AppPlugin-t.build/DerivedSources-normal/arm64 -Xcc -I/Users/dean/Documents/MORI/.state/ios-build/Build/Intermediates.noindex/CapacitorApp.build/Debug-iphonesimulator/AppPlugin-t.build/DerivedSources/arm64 -Xcc -I/Users/dean/Documents/MORI/.state/ios-build/Build/Intermediates.noindex/CapacitorApp.build/Debug-iphonesimulator/AppPlugin-t.build/DerivedSources -Xcc -DSWIFT_PACKAGE -Xcc -DDEBUG\=1 -emit-objc-header -emit-objc-header-path /Users/dean/Documents/MORI/.state/ios-build/Build/Intermediates.noindex/CapacitorApp.build/Debug-iphonesimulator/AppPlugin-t.build/Objects-normal/arm64/AppPlugin-Swift.h -working-directory /Users/dean/Documents/MORI/apps/mobile/ios/App/App.xcodeproj -experimental-emit-module-separately -disable-cmo

Ld /Users/dean/Documents/MORI/.state/ios-build/Build/Intermediates.noindex/CapacitorApp.build/Debug-iphonesimulator/AppPlugin-t.build/Objects-normal/arm64/Binary/AppPlugin.o normal arm64 (in target 'AppPlugin' from project 'CapacitorApp')
    cd /Users/dean/Documents/MORI/node_modules/.pnpm/@capacitor+app@7.0.1_@capacitor+core@7.2.0/node_modules/@capacitor/app
    /Applications/Xcode.app/Contents/Developer/Toolchains/XcodeDefault.xctoolchain/usr/bin/clang -Xlinker -reproducible -target arm64-apple-ios15.0-simulator -r -isysroot /Applications/Xcode.app/Contents/Developer/Platforms/iPhoneSimulator.platform/Developer/SDKs/iPhoneSimulator27.0.sdk -O0 -Xlinker -no_warn_duplicate_libraries -F/Users/dean/Documents/MORI/.state/ios-build/Build/Intermediates.noindex/EagerLinkingTBDs/Debug-iphonesimulator -F/Users/dean/Documents/MORI/.state/ios-build/Build/Products/Debug-iphonesimulator -iframework /Applications/Xcode.app/Contents/Developer/Platforms/iPhoneSimulator.platform/Developer/Library/Frameworks -iframework /Applications/Xcode.app/Contents/Developer/Platforms/iPhoneSimulator.platform/Developer/SDKs/iPhoneSimulator27.0.sdk/Developer/Library/Frameworks -filelist /Users/dean/Documents/MORI/.state/ios-build/Build/Intermediates.noindex/CapacitorApp.build/Debug-iphonesimulator/AppPlugin-t.build/Objects-normal/arm64/AppPlugin.LinkFileList -nostdlib -Xlinker -object_path_lto -Xlinker /Users/dean/Documents/MORI/.state/ios-build/Build/Intermediates.noindex/CapacitorApp.build/Debug-iphonesimulator/AppPlugin-t.build/Objects-normal/arm64/AppPlugin_lto.o -Xlinker -no_deduplicate -Xlinker -objc_abi_version -Xlinker 2 -Xlinker -dependency_info -Xlinker /Users/dean/Documents/MORI/.state/ios-build/Build/Intermediates.noindex/CapacitorApp.build/Debug-iphonesimulator/AppPlugin-t.build/Objects-normal/arm64/AppPlugin_dependency_info.dat -fobjc-link-runtime -L/Applications/Xcode.app/Contents/Developer/Toolchains/XcodeDefault.xctoolchain/usr/lib/swift/iphonesimulator -L/usr/lib/swift -Xlinker -add_ast_path -Xlinker /Users/dean/Documents/MORI/.state/ios-build/Build/Intermediates.noindex/CapacitorApp.build/Debug-iphonesimulator/AppPlugin-t.build/Objects-normal/arm64/AppPlugin.swiftmodule -o /Users/dean/Documents/MORI/.state/ios-build/Build/Intermediates.noindex/CapacitorApp.build/Debug-iphonesimulator/AppPlugin-t.build/Objects-normal/arm64/Binary/AppPlugin.o

CreateUniversalBinary /Users/dean/Documents/MORI/.state/ios-build/Build/Products/Debug-iphonesimulator/AppPlugin.o normal arm64\ x86_64 (in target 'AppPlugin' from project 'CapacitorApp')
    cd /Users/dean/Documents/MORI/node_modules/.pnpm/@capacitor+app@7.0.1_@capacitor+core@7.2.0/node_modules/@capacitor/app
    /Applications/Xcode.app/Contents/Developer/Toolchains/XcodeDefault.xctoolchain/usr/bin/lipo -create /Users/dean/Documents/MORI/.state/ios-build/Build/Intermediates.noindex/CapacitorApp.build/Debug-iphonesimulator/AppPlugin-t.build/Objects-normal/arm64/Binary/AppPlugin.o /Users/dean/Documents/MORI/.state/ios-build/Build/Intermediates.noindex/CapacitorApp.build/Debug-iphonesimulator/AppPlugin-t.build/Objects-normal/x86_64/Binary/AppPlugin.o -output /Users/dean/Documents/MORI/.state/ios-build/Build/Products/Debug-iphonesimulator/AppPlugin.o

ExtractAppIntentsMetadata (in target 'AppPlugin' from project 'CapacitorApp')
    cd /Users/dean/Documents/MORI/node_modules/.pnpm/@capacitor+app@7.0.1_@capacitor+core@7.2.0/node_modules/@capacitor/app
    /Applications/Xcode.app/Contents/Developer/Toolchains/XcodeDefault.xctoolchain/usr/bin/appintentsmetadataprocessor --toolchain-dir /Applications/Xcode.app/Contents/Developer/Toolchains/XcodeDefault.xctoolchain --module-name AppPlugin --sdk-root /Applications/Xcode.app/Contents/Developer/Platforms/iPhoneSimulator.platform/Developer/SDKs/iPhoneSimulator27.0.sdk --xcode-version 27A266a --platform-family iOS --deployment-target 15.0 --bundle-identifier app.AppPlugin --output /Users/dean/Documents/MORI/.state/ios-build/Build/Products/Debug-iphonesimulator/AppPlugin.appintents --target-triple arm64-apple-ios15.0-simulator --target-triple x86_64-apple-ios15.0-simulator --binary-file /Users/dean/Documents/MORI/.state/ios-build/Build/Products/Debug-iphonesimulator/AppPlugin.o --dependency-file /Users/dean/Documents/MORI/.state/ios-build/Build/Intermediates.noindex/CapacitorApp.build/Debug-iphonesimulator/AppPlugin-t.build/Objects-normal/arm64/AppPlugin_dependency_info.dat --dependency-file /Users/dean/Documents/MORI/.state/ios-build/Build/Intermediates.noindex/CapacitorApp.build/Debug-iphonesimulator/AppPlugin-t.build/Objects-normal/x86_64/AppPlugin_dependency_info.dat --stringsdata-file /Users/dean/Documents/MORI/.state/ios-build/Build/Intermediates.noindex/CapacitorApp.build/Debug-iphonesimulator/AppPlugin-t.build/Objects-normal/arm64/ExtractedAppShortcutsMetadata.stringsdata --stringsdata-file /Users/dean/Documents/MORI/.state/ios-build/Build/Intermediates.noindex/CapacitorApp.build/Debug-iphonesimulator/AppPlugin-t.build/Objects-normal/x86_64/ExtractedAppShortcutsMetadata.stringsdata --source-file-list /Users/dean/Documents/MORI/.state/ios-build/Build/Intermediates.noindex/CapacitorApp.build/Debug-iphonesimulator/AppPlugin-t.build/Objects-normal/arm64/AppPlugin.SwiftFileList --source-file-list /Users/dean/Documents/MORI/.state/ios-build/Build/Intermediates.noindex/CapacitorApp.build/Debug-iphonesimulator/AppPlugin-t.build/Objects-normal/x86_64/AppPlugin.SwiftFileList --metadata-file-list /Users/dean/Documents/MORI/.state/ios-build/Build/Intermediates.noindex/CapacitorApp.build/Debug-iphonesimulator/AppPlugin-t.build/AppPlugin.DependencyMetadataFileList --static-metadata-file-list /Users/dean/Documents/MORI/.state/ios-build/Build/Intermediates.noindex/CapacitorApp.build/Debug-iphonesimulator/AppPlugin-t.build/AppPlugin.DependencyStaticMetadataFileList --swift-const-vals-list /Users/dean/Documents/MORI/.state/ios-build/Build/Intermediates.noindex/CapacitorApp.build/Debug-iphonesimulator/AppPlugin-t.build/Objects-normal/arm64/AppPlugin.SwiftConstValuesFileList --swift-const-vals-list /Users/dean/Documents/MORI/.state/ios-build/Build/Intermediates.noindex/CapacitorApp.build/Debug-iphonesimulator/AppPlugin-t.build/Objects-normal/x86_64/AppPlugin.SwiftConstValuesFileList --force --compile-time-extraction --deployment-aware-processing --no-app-shortcuts-localization
2026-09-21 22:15:32.315 appintentsmetadataprocessor[38905:11684303] Starting appintentsmetadataprocessor export
2026-09-21 22:15:32.384 appintentsmetadataprocessor[38905:11684303] Extracted no relevant App Intents symbols, skipping writing output

SwiftExplicitDependencyGeneratePcm x86_64 /Users/dean/Documents/MORI/.state/ios-build/SDKExplicitPrecompiledModules/ObjectiveC-CU6AVQA3UQREV84QY7MPJEBAW.pcm

SwiftExplicitDependencyGeneratePcm x86_64 /Users/dean/Documents/MORI/.state/ios-build/SDKExplicitPrecompiledModules/MachO-7G7IK0O6H4VUVHG46SEFIDSLD.pcm

SwiftExplicitDependencyGeneratePcm x86_64 /Users/dean/Documents/MORI/.state/ios-build/SDKExplicitPrecompiledModules/simd-2JZ6L0PPPE28GBIZBZEP2F7UL.pcm

SwiftExplicitDependencyGeneratePcm arm64 /Users/dean/Documents/MORI/.state/ios-build/SDKExplicitPrecompiledModules/MachO-893CDD6YG3JUWA0A0R643VG24.pcm

SwiftExplicitDependencyGeneratePcm arm64 /Users/dean/Documents/MORI/.state/ios-build/SDKExplicitPrecompiledModules/ObjectiveC-X96G4TWT30MN6BLFW4MCMKHJ.pcm

SwiftExplicitDependencyGeneratePcm x86_64 /Users/dean/Documents/MORI/.state/ios-build/SDKExplicitPrecompiledModules/os_object-B07DRVC5FW8V8CATE2IB9O8EC.pcm

Ld /Users/dean/Documents/MORI/.state/ios-build/Build/Intermediates.noindex/CapApp-SPM.build/Debug-iphonesimulator/CapApp-SPM-t.build/Objects-normal/arm64/Binary/CapApp-SPM.o normal arm64 (in target 'CapApp-SPM' from project 'CapApp-SPM')
    cd /Users/dean/Documents/MORI/apps/mobile/ios/App/CapApp-SPM
    /Applications/Xcode.app/Contents/Developer/Toolchains/XcodeDefault.xctoolchain/usr/bin/clang -Xlinker -reproducible -target arm64-apple-ios15.0-simulator -r -isysroot /Applications/Xcode.app/Contents/Developer/Platforms/iPhoneSimulator.platform/Developer/SDKs/iPhoneSimulator27.0.sdk -O0 -Xlinker -no_warn_duplicate_libraries -F/Users/dean/Documents/MORI/.state/ios-build/Build/Intermediates.noindex/EagerLinkingTBDs/Debug-iphonesimulator -F/Users/dean/Documents/MORI/.state/ios-build/Build/Products/Debug-iphonesimulator/PackageFrameworks -F/Users/dean/Documents/MORI/.state/ios-build/Build/Products/Debug-iphonesimulator -iframework /Applications/Xcode.app/Contents/Developer/Platforms/iPhoneSimulator.platform/Developer/Library/Frameworks -iframework /Applications/Xcode.app/Contents/Developer/Platforms/iPhoneSimulator.platform/Developer/SDKs/iPhoneSimulator27.0.sdk/Developer/Library/Frameworks -filelist /Users/dean/Documents/MORI/.state/ios-build/Build/Intermediates.noindex/CapApp-SPM.build/Debug-iphonesimulator/CapApp-SPM-t.build/Objects-normal/arm64/CapApp-SPM.LinkFileList -nostdlib -Xlinker -object_path_lto -Xlinker /Users/dean/Documents/MORI/.state/ios-build/Build/Intermediates.noindex/CapApp-SPM.build/Debug-iphonesimulator/CapApp-SPM-t.build/Objects-normal/arm64/CapApp-SPM_lto.o -Xlinker -no_deduplicate -Xlinker -objc_abi_version -Xlinker 2 -Xlinker -dependency_info -Xlinker /Users/dean/Documents/MORI/.state/ios-build/Build/Intermediates.noindex/CapApp-SPM.build/Debug-iphonesimulator/CapApp-SPM-t.build/Objects-normal/arm64/CapApp-SPM_dependency_info.dat -fobjc-link-runtime -L/Applications/Xcode.app/Contents/Developer/Toolchains/XcodeDefault.xctoolchain/usr/lib/swift/iphonesimulator -L/usr/lib/swift -Xlinker -add_ast_path -Xlinker /Users/dean/Documents/MORI/.state/ios-build/Build/Intermediates.noindex/CapApp-SPM.build/Debug-iphonesimulator/CapApp-SPM-t.build/Objects-normal/arm64/CapApp_SPM.swiftmodule -o /Users/dean/Documents/MORI/.state/ios-build/Build/Intermediates.noindex/CapApp-SPM.build/Debug-iphonesimulator/CapApp-SPM-t.build/Objects-normal/arm64/Binary/CapApp-SPM.o

Ld /Users/dean/Documents/MORI/.state/ios-build/Build/Intermediates.noindex/CapApp-SPM.build/Debug-iphonesimulator/CapApp-SPM-t.build/Objects-normal/x86_64/Binary/CapApp-SPM.o normal x86_64 (in target 'CapApp-SPM' from project 'CapApp-SPM')
    cd /Users/dean/Documents/MORI/apps/mobile/ios/App/CapApp-SPM
    /Applications/Xcode.app/Contents/Developer/Toolchains/XcodeDefault.xctoolchain/usr/bin/clang -Xlinker -reproducible -target x86_64-apple-ios15.0-simulator -r -isysroot /Applications/Xcode.app/Contents/Developer/Platforms/iPhoneSimulator.platform/Developer/SDKs/iPhoneSimulator27.0.sdk -O0 -Xlinker -no_warn_duplicate_libraries -F/Users/dean/Documents/MORI/.state/ios-build/Build/Intermediates.noindex/EagerLinkingTBDs/Debug-iphonesimulator -F/Users/dean/Documents/MORI/.state/ios-build/Build/Products/Debug-iphonesimulator/PackageFrameworks -F/Users/dean/Documents/MORI/.state/ios-build/Build/Products/Debug-iphonesimulator -iframework /Applications/Xcode.app/Contents/Developer/Platforms/iPhoneSimulator.platform/Developer/Library/Frameworks -iframework /Applications/Xcode.app/Contents/Developer/Platforms/iPhoneSimulator.platform/Developer/SDKs/iPhoneSimulator27.0.sdk/Developer/Library/Frameworks -filelist /Users/dean/Documents/MORI/.state/ios-build/Build/Intermediates.noindex/CapApp-SPM.build/Debug-iphonesimulator/CapApp-SPM-t.build/Objects-normal/x86_64/CapApp-SPM.LinkFileList -nostdlib -Xlinker -object_path_lto -Xlinker /Users/dean/Documents/MORI/.state/ios-build/Build/Intermediates.noindex/CapApp-SPM.build/Debug-iphonesimulator/CapApp-SPM-t.build/Objects-normal/x86_64/CapApp-SPM_lto.o -Xlinker -no_deduplicate -Xlinker -objc_abi_version -Xlinker 2 -Xlinker -dependency_info -Xlinker /Users/dean/Documents/MORI/.state/ios-build/Build/Intermediates.noindex/CapApp-SPM.build/Debug-iphonesimulator/CapApp-SPM-t.build/Objects-normal/x86_64/CapApp-SPM_dependency_info.dat -fobjc-link-runtime -L/Applications/Xcode.app/Contents/Developer/Toolchains/XcodeDefault.xctoolchain/usr/lib/swift/iphonesimulator -L/usr/lib/swift -Xlinker -add_ast_path -Xlinker /Users/dean/Documents/MORI/.state/ios-build/Build/Intermediates.noindex/CapApp-SPM.build/Debug-iphonesimulator/CapApp-SPM-t.build/Objects-normal/x86_64/CapApp_SPM.swiftmodule -o /Users/dean/Documents/MORI/.state/ios-build/Build/Intermediates.noindex/CapApp-SPM.build/Debug-iphonesimulator/CapApp-SPM-t.build/Objects-normal/x86_64/Binary/CapApp-SPM.o

SwiftExplicitDependencyGeneratePcm x86_64 /Users/dean/Documents/MORI/.state/ios-build/SDKExplicitPrecompiledModules/os_workgroup-4G3GMV0HULP7YMYPOLEVJP6ZO.pcm

CreateUniversalBinary /Users/dean/Documents/MORI/.state/ios-build/Build/Products/Debug-iphonesimulator/CapApp-SPM.o normal arm64\ x86_64 (in target 'CapApp-SPM' from project 'CapApp-SPM')
    cd /Users/dean/Documents/MORI/apps/mobile/ios/App/CapApp-SPM
    /Applications/Xcode.app/Contents/Developer/Toolchains/XcodeDefault.xctoolchain/usr/bin/lipo -create /Users/dean/Documents/MORI/.state/ios-build/Build/Intermediates.noindex/CapApp-SPM.build/Debug-iphonesimulator/CapApp-SPM-t.build/Objects-normal/arm64/Binary/CapApp-SPM.o /Users/dean/Documents/MORI/.state/ios-build/Build/Intermediates.noindex/CapApp-SPM.build/Debug-iphonesimulator/CapApp-SPM-t.build/Objects-normal/x86_64/Binary/CapApp-SPM.o -output /Users/dean/Documents/MORI/.state/ios-build/Build/Products/Debug-iphonesimulator/CapApp-SPM.o

SwiftExplicitDependencyGeneratePcm arm64 /Users/dean/Documents/MORI/.state/ios-build/SDKExplicitPrecompiledModules/os_object-1AN88ETRYWT6H2ENT9IGQ6STH.pcm

ExtractAppIntentsMetadata (in target 'CapApp-SPM' from project 'CapApp-SPM')
    cd /Users/dean/Documents/MORI/apps/mobile/ios/App/CapApp-SPM
    /Applications/Xcode.app/Contents/Developer/Toolchains/XcodeDefault.xctoolchain/usr/bin/appintentsmetadataprocessor --toolchain-dir /Applications/Xcode.app/Contents/Developer/Toolchains/XcodeDefault.xctoolchain --module-name CapApp_SPM --sdk-root /Applications/Xcode.app/Contents/Developer/Platforms/iPhoneSimulator.platform/Developer/SDKs/iPhoneSimulator27.0.sdk --xcode-version 27A266a --platform-family iOS --deployment-target 15.0 --bundle-identifier capapp-spm.CapApp-SPM --output /Users/dean/Documents/MORI/.state/ios-build/Build/Products/Debug-iphonesimulator/CapApp_SPM.appintents --target-triple arm64-apple-ios15.0-simulator --target-triple x86_64-apple-ios15.0-simulator --binary-file /Users/dean/Documents/MORI/.state/ios-build/Build/Products/Debug-iphonesimulator/CapApp-SPM.o --dependency-file /Users/dean/Documents/MORI/.state/ios-build/Build/Intermediates.noindex/CapApp-SPM.build/Debug-iphonesimulator/CapApp-SPM-t.build/Objects-normal/arm64/CapApp-SPM_dependency_info.dat --dependency-file /Users/dean/Documents/MORI/.state/ios-build/Build/Intermediates.noindex/CapApp-SPM.build/Debug-iphonesimulator/CapApp-SPM-t.build/Objects-normal/x86_64/CapApp-SPM_dependency_info.dat --stringsdata-file /Users/dean/Documents/MORI/.state/ios-build/Build/Intermediates.noindex/CapApp-SPM.build/Debug-iphonesimulator/CapApp-SPM-t.build/Objects-normal/arm64/ExtractedAppShortcutsMetadata.stringsdata --stringsdata-file /Users/dean/Documents/MORI/.state/ios-build/Build/Intermediates.noindex/CapApp-SPM.build/Debug-iphonesimulator/CapApp-SPM-t.build/Objects-normal/x86_64/ExtractedAppShortcutsMetadata.stringsdata --source-file-list /Users/dean/Documents/MORI/.state/ios-build/Build/Intermediates.noindex/CapApp-SPM.build/Debug-iphonesimulator/CapApp-SPM-t.build/Objects-normal/arm64/CapApp-SPM.SwiftFileList --source-file-list /Users/dean/Documents/MORI/.state/ios-build/Build/Intermediates.noindex/CapApp-SPM.build/Debug-iphonesimulator/CapApp-SPM-t.build/Objects-normal/x86_64/CapApp-SPM.SwiftFileList --metadata-file-list /Users/dean/Documents/MORI/.state/ios-build/Build/Intermediates.noindex/CapApp-SPM.build/Debug-iphonesimulator/CapApp-SPM-t.build/CapApp-SPM.DependencyMetadataFileList --static-metadata-file-list /Users/dean/Documents/MORI/.state/ios-build/Build/Intermediates.noindex/CapApp-SPM.build/Debug-iphonesimulator/CapApp-SPM-t.build/CapApp-SPM.DependencyStaticMetadataFileList --swift-const-vals-list /Users/dean/Documents/MORI/.state/ios-build/Build/Intermediates.noindex/CapApp-SPM.build/Debug-iphonesimulator/CapApp-SPM-t.build/Objects-normal/arm64/CapApp-SPM.SwiftConstValuesFileList --swift-const-vals-list /Users/dean/Documents/MORI/.state/ios-build/Build/Intermediates.noindex/CapApp-SPM.build/Debug-iphonesimulator/CapApp-SPM-t.build/Objects-normal/x86_64/CapApp-SPM.SwiftConstValuesFileList --force --compile-time-extraction --deployment-aware-processing --no-app-shortcuts-localization
2026-09-21 22:15:32.431 appintentsmetadataprocessor[38919:11684346] Starting appintentsmetadataprocessor export
2026-09-21 22:15:32.478 appintentsmetadataprocessor[38919:11684346] Extracted no relevant App Intents symbols, skipping writing output

SwiftExplicitDependencyGeneratePcm x86_64 /Users/dean/Documents/MORI/.state/ios-build/SDKExplicitPrecompiledModules/Dispatch-W82VWNUMRG6EBJOMPZTJO9MB.pcm

SwiftExplicitDependencyGeneratePcm arm64 /Users/dean/Documents/MORI/.state/ios-build/SDKExplicitPrecompiledModules/os_workgroup-8OSUNQLQTB778LV69LL7C9MVJ.pcm

CpResource /Users/dean/Documents/MORI/.state/ios-build/Build/Products/Debug-iphonesimulator/App.app/config.xml /Users/dean/Documents/MORI/apps/mobile/ios/App/App/config.xml (in target 'App' from project 'App')
    cd /Users/dean/Documents/MORI/apps/mobile/ios/App
    builtin-copy -exclude .DS_Store -exclude CVS -exclude .svn -exclude .git -exclude .hg -resolve-src-symlinks /Users/dean/Documents/MORI/apps/mobile/ios/App/App/config.xml /Users/dean/Documents/MORI/.state/ios-build/Build/Products/Debug-iphonesimulator/App.app

CpResource /Users/dean/Documents/MORI/.state/ios-build/Build/Products/Debug-iphonesimulator/App.app/public /Users/dean/Documents/MORI/apps/mobile/ios/App/App/public (in target 'App' from project 'App')
    cd /Users/dean/Documents/MORI/apps/mobile/ios/App
    builtin-copy -exclude .DS_Store -exclude CVS -exclude .svn -exclude .git -exclude .hg -resolve-src-symlinks /Users/dean/Documents/MORI/apps/mobile/ios/App/App/public /Users/dean/Documents/MORI/.state/ios-build/Build/Products/Debug-iphonesimulator/App.app

CpResource /Users/dean/Documents/MORI/.state/ios-build/Build/Products/Debug-iphonesimulator/App.app/capacitor.config.json /Users/dean/Documents/MORI/apps/mobile/ios/App/App/capacitor.config.json (in target 'App' from project 'App')
    cd /Users/dean/Documents/MORI/apps/mobile/ios/App
    builtin-copy -exclude .DS_Store -exclude CVS -exclude .svn -exclude .git -exclude .hg -resolve-src-symlinks /Users/dean/Documents/MORI/apps/mobile/ios/App/App/capacitor.config.json /Users/dean/Documents/MORI/.state/ios-build/Build/Products/Debug-iphonesimulator/App.app

Ld /Users/dean/Documents/MORI/.state/ios-build/Build/Intermediates.noindex/App.build/Debug-iphonesimulator/App.build/Objects-normal/x86_64/Binary/__preview.dylib normal x86_64 (in target 'App' from project 'App')
    cd /Users/dean/Documents/MORI/apps/mobile/ios/App
    /Applications/Xcode.app/Contents/Developer/Toolchains/XcodeDefault.xctoolchain/usr/bin/clang -Xlinker -reproducible -target x86_64-apple-ios15.0-simulator -dynamiclib -isysroot /Applications/Xcode.app/Contents/Developer/Platforms/iPhoneSimulator.platform/Developer/SDKs/iPhoneSimulator27.0.sdk -O0 -Xlinker -no_warn_duplicate_libraries -L/Users/dean/Documents/MORI/.state/ios-build/Build/Products/Debug-iphonesimulator -F/Users/dean/Documents/MORI/.state/ios-build/Build/Products/Debug-iphonesimulator/PackageFrameworks -F/Users/dean/Documents/MORI/.state/ios-build/Build/Products/Debug-iphonesimulator -install_name @rpath/App.debug.dylib -Xlinker -dead_strip -rdynamic -Xlinker -no_deduplicate -Xlinker -objc_abi_version -Xlinker 2 -Xlinker -dependency_info -Xlinker /Users/dean/Documents/MORI/.state/ios-build/Build/Intermediates.noindex/App.build/Debug-iphonesimulator/App.build/Objects-normal/x86_64/App_dependency_info.dat -o /Users/dean/Documents/MORI/.state/ios-build/Build/Intermediates.noindex/App.build/Debug-iphonesimulator/App.build/Objects-normal/x86_64/Binary/__preview.dylib

Ld /Users/dean/Documents/MORI/.state/ios-build/Build/Intermediates.noindex/App.build/Debug-iphonesimulator/App.build/Objects-normal/arm64/Binary/__preview.dylib normal arm64 (in target 'App' from project 'App')
    cd /Users/dean/Documents/MORI/apps/mobile/ios/App
    /Applications/Xcode.app/Contents/Developer/Toolchains/XcodeDefault.xctoolchain/usr/bin/clang -Xlinker -reproducible -target arm64-apple-ios15.0-simulator -dynamiclib -isysroot /Applications/Xcode.app/Contents/Developer/Platforms/iPhoneSimulator.platform/Developer/SDKs/iPhoneSimulator27.0.sdk -O0 -Xlinker -no_warn_duplicate_libraries -L/Users/dean/Documents/MORI/.state/ios-build/Build/Products/Debug-iphonesimulator -F/Users/dean/Documents/MORI/.state/ios-build/Build/Products/Debug-iphonesimulator/PackageFrameworks -F/Users/dean/Documents/MORI/.state/ios-build/Build/Products/Debug-iphonesimulator -install_name @rpath/App.debug.dylib -Xlinker -dead_strip -rdynamic -Xlinker -no_deduplicate -Xlinker -objc_abi_version -Xlinker 2 -Xlinker -dependency_info -Xlinker /Users/dean/Documents/MORI/.state/ios-build/Build/Intermediates.noindex/App.build/Debug-iphonesimulator/App.build/Objects-normal/arm64/App_dependency_info.dat -o /Users/dean/Documents/MORI/.state/ios-build/Build/Intermediates.noindex/App.build/Debug-iphonesimulator/App.build/Objects-normal/arm64/Binary/__preview.dylib

Copy /Users/dean/Documents/MORI/.state/ios-build/Build/Products/Debug-iphonesimulator/App.app/Frameworks/Cordova.framework /Users/dean/Documents/MORI/.state/ios-build/SourcePackages/checkouts/capacitor-swift-pm/Cordova.xcframework/ios-arm64_x86_64-simulator/Cordova.framework (in target 'App' from project 'App')
    cd /Users/dean/Documents/MORI/apps/mobile/ios/App
    builtin-copy -exclude .DS_Store -exclude CVS -exclude .svn -exclude .git -exclude .hg -exclude Headers -exclude PrivateHeaders -exclude Modules -exclude \*.tbd -resolve-src-symlinks -remove-static-executable /Users/dean/Documents/MORI/.state/ios-build/SourcePackages/checkouts/capacitor-swift-pm/Cordova.xcframework/ios-arm64_x86_64-simulator/Cordova.framework /Users/dean/Documents/MORI/.state/ios-build/Build/Products/Debug-iphonesimulator/App.app/Frameworks

Copy /Users/dean/Documents/MORI/.state/ios-build/Build/Products/Debug-iphonesimulator/App.app/Frameworks/Capacitor.framework /Users/dean/Documents/MORI/.state/ios-build/SourcePackages/checkouts/capacitor-swift-pm/Capacitor.xcframework/ios-arm64_x86_64-simulator/Capacitor.framework (in target 'App' from project 'App')
    cd /Users/dean/Documents/MORI/apps/mobile/ios/App
    builtin-copy -exclude .DS_Store -exclude CVS -exclude .svn -exclude .git -exclude .hg -exclude Headers -exclude PrivateHeaders -exclude Modules -exclude \*.tbd -resolve-src-symlinks -remove-static-executable /Users/dean/Documents/MORI/.state/ios-build/SourcePackages/checkouts/capacitor-swift-pm/Capacitor.xcframework/ios-arm64_x86_64-simulator/Capacitor.framework /Users/dean/Documents/MORI/.state/ios-build/Build/Products/Debug-iphonesimulator/App.app/Frameworks

CompileStoryboard /Users/dean/Documents/MORI/apps/mobile/ios/App/App/Base.lproj/Main.storyboard (in target 'App' from project 'App')
    cd /Users/dean/Documents/MORI/apps/mobile/ios/App
    /Applications/Xcode.app/Contents/Developer/usr/bin/ibtool --errors --warnings --notices --module App --output-partial-info-plist /Users/dean/Documents/MORI/.state/ios-build/Build/Intermediates.noindex/App.build/Debug-iphonesimulator/App.build/Base.lproj/Main-SBPartialInfo.plist --auto-activate-custom-fonts --target-device iphone --target-device ipad --minimum-deployment-target 15.0 --output-format human-readable-text /Users/dean/Documents/MORI/apps/mobile/ios/App/App/Base.lproj/Main.storyboard --compilation-directory /Users/dean/Documents/MORI/.state/ios-build/Build/Intermediates.noindex/App.build/Debug-iphonesimulator/App.build/Base.lproj

CompileStoryboard /Users/dean/Documents/MORI/apps/mobile/ios/App/App/Base.lproj/LaunchScreen.storyboard (in target 'App' from project 'App')
    cd /Users/dean/Documents/MORI/apps/mobile/ios/App
    /Applications/Xcode.app/Contents/Developer/usr/bin/ibtool --errors --warnings --notices --module App --output-partial-info-plist /Users/dean/Documents/MORI/.state/ios-build/Build/Intermediates.noindex/App.build/Debug-iphonesimulator/App.build/Base.lproj/LaunchScreen-SBPartialInfo.plist --auto-activate-custom-fonts --target-device iphone --target-device ipad --minimum-deployment-target 15.0 --output-format human-readable-text /Users/dean/Documents/MORI/apps/mobile/ios/App/App/Base.lproj/LaunchScreen.storyboard --compilation-directory /Users/dean/Documents/MORI/.state/ios-build/Build/Intermediates.noindex/App.build/Debug-iphonesimulator/App.build/Base.lproj

SwiftExplicitDependencyGeneratePcm arm64 /Users/dean/Documents/MORI/.state/ios-build/SDKExplicitPrecompiledModules/Dispatch-CQ9YLXN551PSJE80EQWIPGY29.pcm

CreateUniversalBinary /Users/dean/Documents/MORI/.state/ios-build/Build/Products/Debug-iphonesimulator/App.app/__preview.dylib normal arm64\ x86_64 (in target 'App' from project 'App')
    cd /Users/dean/Documents/MORI/apps/mobile/ios/App
    /Applications/Xcode.app/Contents/Developer/Toolchains/XcodeDefault.xctoolchain/usr/bin/lipo -create /Users/dean/Documents/MORI/.state/ios-build/Build/Intermediates.noindex/App.build/Debug-iphonesimulator/App.build/Objects-normal/arm64/Binary/__preview.dylib /Users/dean/Documents/MORI/.state/ios-build/Build/Intermediates.noindex/App.build/Debug-iphonesimulator/App.build/Objects-normal/x86_64/Binary/__preview.dylib -output /Users/dean/Documents/MORI/.state/ios-build/Build/Products/Debug-iphonesimulator/App.app/__preview.dylib

SwiftExplicitDependencyGeneratePcm x86_64 /Users/dean/Documents/MORI/.state/ios-build/SDKExplicitPrecompiledModules/dnssd-DK5F6HQ3VOCNQ0WSBUTEIYFY3.pcm

SwiftExplicitDependencyGeneratePcm x86_64 /Users/dean/Documents/MORI/.state/ios-build/SDKExplicitPrecompiledModules/XPC-18ZJNI3RAKF3F7EMC4L2RDQ1Q.pcm

SwiftExplicitDependencyGeneratePcm x86_64 /Users/dean/Documents/MORI/.state/ios-build/SDKExplicitPrecompiledModules/CoreFoundation-VJNJ289SI6YZH0V5E0Z5M175.pcm

SwiftExplicitDependencyGeneratePcm arm64 /Users/dean/Documents/MORI/.state/ios-build/SDKExplicitPrecompiledModules/Spatial-8YYP3AV9J5ZAOD78MS23R55ZY.pcm

SwiftExplicitDependencyGeneratePcm x86_64 /Users/dean/Documents/MORI/.state/ios-build/SDKExplicitPrecompiledModules/os-4L28HU47XG30QGEE4Q39HS48U.pcm

SwiftExplicitDependencyGeneratePcm arm64 /Users/dean/Documents/MORI/.state/ios-build/SDKExplicitPrecompiledModules/dnssd-4QASFY5ZK9MSJV8YSGY6HJKP2.pcm

SwiftExplicitDependencyGeneratePcm arm64 /Users/dean/Documents/MORI/.state/ios-build/SDKExplicitPrecompiledModules/CoreFoundation-X57LLSIAENC2GJ1P613UVAE.pcm

SwiftExplicitDependencyGeneratePcm arm64 /Users/dean/Documents/MORI/.state/ios-build/SDKExplicitPrecompiledModules/XPC-WB9YL667VC6A5WD61QLDXKJF.pcm

SwiftExplicitDependencyGeneratePcm x86_64 /Users/dean/Documents/MORI/.state/ios-build/SDKExplicitPrecompiledModules/Spatial-EX4QQSZK5LVXJOY4NOHYYCJXP.pcm

SwiftExplicitDependencyGeneratePcm x86_64 /Users/dean/Documents/MORI/.state/ios-build/SDKExplicitPrecompiledModules/CoreAudioTypes-DGSO6HYIMM4GGM4CPPJ0KWN5N.pcm

SwiftExplicitDependencyGeneratePcm x86_64 /Users/dean/Documents/MORI/.state/ios-build/SDKExplicitPrecompiledModules/CoreGraphics-AD2W7PPDL0FHAFCKON7CLA295.pcm

SwiftExplicitDependencyGeneratePcm x86_64 /Users/dean/Documents/MORI/.state/ios-build/SDKExplicitPrecompiledModules/CFNetwork-2FEJCCEQC0FP5R1JRIQAMMN9U.pcm

SwiftExplicitDependencyGeneratePcm x86_64 /Users/dean/Documents/MORI/.state/ios-build/SDKExplicitPrecompiledModules/CoreServices-2JGRTOZ3YIQV4GACWP41LDSJ9.pcm

SwiftExplicitDependencyGeneratePcm arm64 /Users/dean/Documents/MORI/.state/ios-build/SDKExplicitPrecompiledModules/os-AXMRVCLWRDF6PLTYA9IRE1H0A.pcm

SwiftExplicitDependencyGeneratePcm arm64 /Users/dean/Documents/MORI/.state/ios-build/SDKExplicitPrecompiledModules/Security-16Z12IYKPNJHH31KWO6AIPJ34.pcm

SwiftExplicitDependencyGeneratePcm arm64 /Users/dean/Documents/MORI/.state/ios-build/SDKExplicitPrecompiledModules/CFNetwork-4TNW7G9UNPZUPA1RWPBHHRC50.pcm

SwiftExplicitDependencyGeneratePcm x86_64 /Users/dean/Documents/MORI/.state/ios-build/SDKExplicitPrecompiledModules/MobileCoreServices-6W4CLBIIP32JUVWI1PKEERB5C.pcm

SwiftExplicitDependencyGeneratePcm arm64 /Users/dean/Documents/MORI/.state/ios-build/SDKExplicitPrecompiledModules/CoreAudioTypes-304RN80KZDKT3VLDJEQ4WX15E.pcm

SwiftExplicitDependencyGeneratePcm arm64 /Users/dean/Documents/MORI/.state/ios-build/SDKExplicitPrecompiledModules/CoreGraphics-23MXTKL2XKNXD94EM2HBMF3BC.pcm

SwiftExplicitDependencyGeneratePcm x86_64 /Users/dean/Documents/MORI/.state/ios-build/SDKExplicitPrecompiledModules/ImageIO-CVJYY7IPS1FIL6MYHKQXANWV1.pcm

SwiftExplicitDependencyGeneratePcm x86_64 /Users/dean/Documents/MORI/.state/ios-build/SDKExplicitPrecompiledModules/CoreText-6D5CVU3VLPRXE1Z6QZVXII72P.pcm

SwiftExplicitDependencyGeneratePcm arm64 /Users/dean/Documents/MORI/.state/ios-build/SDKExplicitPrecompiledModules/CoreServices-C7OH6VO49XIWI881YOFI28UR3.pcm

SwiftExplicitDependencyGeneratePcm arm64 /Users/dean/Documents/MORI/.state/ios-build/SDKExplicitPrecompiledModules/Foundation-9IZ9KZ5ABO5803TFHI7AL31YI.pcm

SwiftExplicitDependencyGeneratePcm arm64 /Users/dean/Documents/MORI/.state/ios-build/SDKExplicitPrecompiledModules/CoreAudio-D2R6ZC9KKE20L64JA1GIR9QBF.pcm

SwiftExplicitDependencyGeneratePcm x86_64 /Users/dean/Documents/MORI/.state/ios-build/SDKExplicitPrecompiledModules/Security-CBI2Q84LPFT5H8AZ7SNG9JN4M.pcm

SwiftExplicitDependencyGeneratePcm x86_64 /Users/dean/Documents/MORI/.state/ios-build/SDKExplicitPrecompiledModules/CoreAudio-5RTMVMYBHDJIT45LWL2NMUBPJ.pcm

SwiftExplicitDependencyGeneratePcm arm64 /Users/dean/Documents/MORI/.state/ios-build/SDKExplicitPrecompiledModules/MobileCoreServices-C4KTFRNW734Y4A4MNJEL89Q95.pcm

SwiftExplicitDependencyGeneratePcm arm64 /Users/dean/Documents/MORI/.state/ios-build/SDKExplicitPrecompiledModules/ImageIO-9CJ74NH6MLCDV6Z9SSNWBCS79.pcm

SwiftExplicitDependencyGeneratePcm arm64 /Users/dean/Documents/MORI/.state/ios-build/SDKExplicitPrecompiledModules/CoreText-6Z0GZREOUT6Z674V9UZ12UI7J.pcm

SwiftExplicitDependencyGeneratePcm x86_64 /Users/dean/Documents/MORI/.state/ios-build/SDKExplicitPrecompiledModules/Foundation-4MI0NCC46XZUSE388D5LLCF5D.pcm

SwiftExplicitDependencyGeneratePcm arm64 /Users/dean/Documents/MORI/.state/ios-build/SDKExplicitPrecompiledModules/UniformTypeIdentifiers-1YREMTBKIVELV3HN9DDVUV2HI.pcm

SwiftExplicitDependencyGeneratePcm arm64 /Users/dean/Documents/MORI/.state/ios-build/SDKExplicitPrecompiledModules/Network-2ZS241O24TMAKGZFTNG2MSHCL.pcm

SwiftExplicitDependencyGeneratePcm arm64 /Users/dean/Documents/MORI/.state/ios-build/SDKExplicitPrecompiledModules/OpenGLES-A402OBZMOVA1XVHWC95UY2GK1.pcm

SwiftExplicitDependencyGeneratePcm arm64 /Users/dean/Documents/MORI/.state/ios-build/SDKExplicitPrecompiledModules/FileProvider-3QR0YS0PV5UL5B47DP7TBR219.pcm

SwiftExplicitDependencyGeneratePcm arm64 /Users/dean/Documents/MORI/.state/ios-build/SDKExplicitPrecompiledModules/OSLog-1QALTQ49DJUW4HAU1WQ5HYAQD.pcm

SwiftExplicitDependencyGeneratePcm arm64 /Users/dean/Documents/MORI/.state/ios-build/SDKExplicitPrecompiledModules/_LocationEssentials-501NDB01SGLT9PUNLJTPQ2R2F.pcm

SwiftExplicitDependencyGeneratePcm arm64 /Users/dean/Documents/MORI/.state/ios-build/SDKExplicitPrecompiledModules/IOSurface-39GCUAOZUGBR24RDREEBB0A4D.pcm

SwiftExplicitDependencyGeneratePcm arm64 /Users/dean/Documents/MORI/.state/ios-build/SDKExplicitPrecompiledModules/DataDetection-9O3HCMB92KBTOQ1IJ5D5IL1NA.pcm

SwiftExplicitDependencyGeneratePcm arm64 /Users/dean/Documents/MORI/.state/ios-build/SDKExplicitPrecompiledModules/UIUtilities-4TVWRYOVEJMXY0YORI36NY72Y.pcm

SwiftExplicitDependencyGeneratePcm arm64 /Users/dean/Documents/MORI/.state/ios-build/SDKExplicitPrecompiledModules/Accessibility-DFHD4LDJGY77KJ9WJ1M7FE3KE.pcm

SwiftExplicitDependencyGeneratePcm arm64 /Users/dean/Documents/MORI/.state/ios-build/SDKExplicitPrecompiledModules/CoreData-8X0XXMDNUQQTNHSEG5B61LCO.pcm

SwiftExplicitDependencyGeneratePcm arm64 /Users/dean/Documents/MORI/.state/ios-build/SDKExplicitPrecompiledModules/Symbols-3TXOX2B2YUF5K5FF6LEZ0QO8F.pcm

SwiftExplicitDependencyGeneratePcm arm64 /Users/dean/Documents/MORI/.state/ios-build/SDKExplicitPrecompiledModules/CoreTransferable-DONNNQDYESB5TYG909V4F1JIF.pcm

SwiftExplicitDependencyGeneratePcm arm64 /Users/dean/Documents/MORI/.state/ios-build/SDKExplicitPrecompiledModules/CoreLocation-CA5GS4FW8ZV60X8Y2JA4LGY96.pcm

SwiftExplicitDependencyGeneratePcm arm64 /Users/dean/Documents/MORI/.state/ios-build/SDKExplicitPrecompiledModules/UserNotifications-8FCBEZJII56JSJIPSMEUS5555.pcm

SwiftExplicitDependencyGeneratePcm arm64 /Users/dean/Documents/MORI/.state/ios-build/SDKExplicitPrecompiledModules/Metal-1KSUHDIYEXAO3750HUM7740Q0.pcm

SwiftExplicitDependencyGeneratePcm x86_64 /Users/dean/Documents/MORI/.state/ios-build/SDKExplicitPrecompiledModules/UIUtilities-7BCZ6IIMFKBQFR41WF3YA1NRZ.pcm

SwiftExplicitDependencyGeneratePcm x86_64 /Users/dean/Documents/MORI/.state/ios-build/SDKExplicitPrecompiledModules/UserNotifications-BJS4PBVPD5N1DL0WVBK9CLDJW.pcm

SwiftExplicitDependencyGeneratePcm x86_64 /Users/dean/Documents/MORI/.state/ios-build/SDKExplicitPrecompiledModules/DataDetection-16J6N3TT7YOLP72491BLAMTQ.pcm

SwiftExplicitDependencyGeneratePcm x86_64 /Users/dean/Documents/MORI/.state/ios-build/SDKExplicitPrecompiledModules/Accessibility-5ZEFYMU0K339Z2UJAY77JIOS1.pcm

SwiftExplicitDependencyGeneratePcm x86_64 /Users/dean/Documents/MORI/.state/ios-build/SDKExplicitPrecompiledModules/Network-15JOHZ939VRYISB15PFO4B8UB.pcm

SwiftExplicitDependencyGeneratePcm x86_64 /Users/dean/Documents/MORI/.state/ios-build/SDKExplicitPrecompiledModules/CoreData-E875RZJR2Q11SZ2VLA5GQ2BE5.pcm

SwiftExplicitDependencyGeneratePcm x86_64 /Users/dean/Documents/MORI/.state/ios-build/SDKExplicitPrecompiledModules/OSLog-2M8JVZSHYBAKV84MW18RJEL8Y.pcm

SwiftExplicitDependencyGeneratePcm arm64 /Users/dean/Documents/MORI/.state/ios-build/SDKExplicitPrecompiledModules/CoreMotion-W51B5WX1NN8DME3DIIXO8C3B.pcm

SwiftExplicitDependencyGeneratePcm x86_64 /Users/dean/Documents/MORI/.state/ios-build/SDKExplicitPrecompiledModules/_LocationEssentials-204ZFY1IVS7V5DHIP7CD2H3G.pcm

SwiftExplicitDependencyGeneratePcm x86_64 /Users/dean/Documents/MORI/.state/ios-build/SDKExplicitPrecompiledModules/OpenGLES-1IWGCH4O3I877SG1AUNWDSF58.pcm

SwiftExplicitDependencyGeneratePcm x86_64 /Users/dean/Documents/MORI/.state/ios-build/SDKExplicitPrecompiledModules/CoreTransferable-1RT3K6LGJ2098EQCG3UQF4950.pcm

SwiftExplicitDependencyGeneratePcm x86_64 /Users/dean/Documents/MORI/.state/ios-build/SDKExplicitPrecompiledModules/Symbols-4PME21EEOFACVYVEXC24H441P.pcm

SwiftExplicitDependencyGeneratePcm x86_64 /Users/dean/Documents/MORI/.state/ios-build/SDKExplicitPrecompiledModules/FileProvider-A7G77A603L0Z3COI7U9NP68JJ.pcm

SwiftExplicitDependencyGeneratePcm x86_64 /Users/dean/Documents/MORI/.state/ios-build/SDKExplicitPrecompiledModules/IOSurface-7E6536ZJUAP2E2D88RZNKVYK.pcm

SwiftExplicitDependencyGeneratePcm x86_64 /Users/dean/Documents/MORI/.state/ios-build/SDKExplicitPrecompiledModules/CoreLocation-4HK9UG7KN55P0PRF326GG17CQ.pcm

SwiftExplicitDependencyGeneratePcm x86_64 /Users/dean/Documents/MORI/.state/ios-build/SDKExplicitPrecompiledModules/UniformTypeIdentifiers-ASO94MQE6L9FNQTXZC80OA148.pcm

SwiftExplicitDependencyGeneratePcm arm64 /Users/dean/Documents/MORI/.state/ios-build/SDKExplicitPrecompiledModules/CoreVideo-8TGXZ787XDNMKKZS4RYA74X8U.pcm

SwiftExplicitDependencyGeneratePcm x86_64 /Users/dean/Documents/MORI/.state/ios-build/SDKExplicitPrecompiledModules/Metal-58L9ICV135KBU33P4MYORKN6F.pcm

SwiftExplicitDependencyGeneratePcm x86_64 /Users/dean/Documents/MORI/.state/ios-build/SDKExplicitPrecompiledModules/CoreMotion-8XUGWK9JOIVOXQITYZFOTJIK9.pcm

SwiftExplicitDependencyGeneratePcm arm64 /Users/dean/Documents/MORI/.state/ios-build/SDKExplicitPrecompiledModules/CoreMedia-88F63QX70N7FSGQLVLBAMO9TK.pcm

SwiftExplicitDependencyGeneratePcm arm64 /Users/dean/Documents/MORI/.state/ios-build/SDKExplicitPrecompiledModules/CoreImage-F55VLATO2X00EJVTZEI629E1Y.pcm

SwiftExplicitDependencyGeneratePcm arm64 /Users/dean/Documents/MORI/.state/ios-build/SDKExplicitPrecompiledModules/QuartzCore-DSS6CS3VBUMMQL9PHHUNPSLDX.pcm

LinkAssetCatalog /Users/dean/Documents/MORI/apps/mobile/ios/App/App/Assets.xcassets (in target 'App' from project 'App')
    cd /Users/dean/Documents/MORI/apps/mobile/ios/App
    builtin-linkAssetCatalog --thinned /Users/dean/Documents/MORI/.state/ios-build/Build/Intermediates.noindex/App.build/Debug-iphonesimulator/App.build/assetcatalog_output/thinned --thinned-dependencies /Users/dean/Documents/MORI/.state/ios-build/Build/Intermediates.noindex/App.build/Debug-iphonesimulator/App.build/assetcatalog_dependencies_thinned --thinned-info-plist-content /Users/dean/Documents/MORI/.state/ios-build/Build/Intermediates.noindex/App.build/Debug-iphonesimulator/App.build/assetcatalog_generated_info.plist_thinned --unthinned /Users/dean/Documents/MORI/.state/ios-build/Build/Intermediates.noindex/App.build/Debug-iphonesimulator/App.build/assetcatalog_output/unthinned --unthinned-dependencies /Users/dean/Documents/MORI/.state/ios-build/Build/Intermediates.noindex/App.build/Debug-iphonesimulator/App.build/assetcatalog_dependencies_unthinned --unthinned-info-plist-content /Users/dean/Documents/MORI/.state/ios-build/Build/Intermediates.noindex/App.build/Debug-iphonesimulator/App.build/assetcatalog_generated_info.plist_unthinned --output /Users/dean/Documents/MORI/.state/ios-build/Build/Products/Debug-iphonesimulator/App.app --plist-output /Users/dean/Documents/MORI/.state/ios-build/Build/Intermediates.noindex/App.build/Debug-iphonesimulator/App.build/assetcatalog_generated_info.plist
note: Emplaced /Users/dean/Documents/MORI/.state/ios-build/Build/Products/Debug-iphonesimulator/App.app/Assets.car (in target 'App' from project 'App')
note: Emplaced /Users/dean/Documents/MORI/.state/ios-build/Build/Products/Debug-iphonesimulator/App.app/AppIcon60x60@2x.png (in target 'App' from project 'App')
note: Emplaced /Users/dean/Documents/MORI/.state/ios-build/Build/Products/Debug-iphonesimulator/App.app/AppIcon76x76@2x~ipad.png (in target 'App' from project 'App')

SwiftExplicitDependencyGeneratePcm arm64 /Users/dean/Documents/MORI/.state/ios-build/SDKExplicitPrecompiledModules/SwiftUICore-7YI4EZHRKYC2HVAPK1ACTO5PI.pcm

SwiftExplicitDependencyGeneratePcm x86_64 /Users/dean/Documents/MORI/.state/ios-build/SDKExplicitPrecompiledModules/CoreVideo-3WBIOKHTS5JYLYIUNHOP8OEZX.pcm

SwiftExplicitDependencyGeneratePcm arm64 /Users/dean/Documents/MORI/.state/ios-build/SDKExplicitPrecompiledModules/UIKit-8SL081JBJRBUKJ4P38CM3P5QJ.pcm

SwiftExplicitDependencyGeneratePcm x86_64 /Users/dean/Documents/MORI/.state/ios-build/SDKExplicitPrecompiledModules/CoreMedia-3WQJ2Y7L8QX95KKOZ76QCA6U1.pcm

SwiftExplicitDependencyGeneratePcm x86_64 /Users/dean/Documents/MORI/.state/ios-build/SDKExplicitPrecompiledModules/QuartzCore-CCRE6OBPK3BO02X6NLR6OQDRZ.pcm

SwiftExplicitDependencyGeneratePcm x86_64 /Users/dean/Documents/MORI/.state/ios-build/SDKExplicitPrecompiledModules/CoreImage-9NXC0D3WB83T4OE2JSPLVXTYE.pcm

SwiftExplicitDependencyGeneratePcm x86_64 /Users/dean/Documents/MORI/.state/ios-build/SDKExplicitPrecompiledModules/SwiftUICore-1EFUQOZB93XH6O7BKQ317OM6E.pcm

SwiftExplicitDependencyGeneratePcm x86_64 /Users/dean/Documents/MORI/.state/ios-build/SDKExplicitPrecompiledModules/UIKit-8HOX4AOMRWZJJM2HBY9PL6O82.pcm

ProcessInfoPlistFile /Users/dean/Documents/MORI/.state/ios-build/Build/Products/Debug-iphonesimulator/App.app/Info.plist /Users/dean/Documents/MORI/apps/mobile/ios/App/App/Info.plist (in target 'App' from project 'App')
    cd /Users/dean/Documents/MORI/apps/mobile/ios/App
    builtin-infoPlistUtility /Users/dean/Documents/MORI/apps/mobile/ios/App/App/Info.plist -producttype com.apple.product-type.application -genpkginfo /Users/dean/Documents/MORI/.state/ios-build/Build/Products/Debug-iphonesimulator/App.app/PkgInfo -expandbuildsettings -format binary -platform iphonesimulator -additionalcontentfile /Users/dean/Documents/MORI/.state/ios-build/Build/Intermediates.noindex/App.build/Debug-iphonesimulator/App.build/Base.lproj/LaunchScreen-SBPartialInfo.plist -additionalcontentfile /Users/dean/Documents/MORI/.state/ios-build/Build/Intermediates.noindex/App.build/Debug-iphonesimulator/App.build/Base.lproj/Main-SBPartialInfo.plist -additionalcontentfile /Users/dean/Documents/MORI/.state/ios-build/Build/Intermediates.noindex/App.build/Debug-iphonesimulator/App.build/assetcatalog_generated_info.plist -scanforprivacyfile /Users/dean/Documents/MORI/.state/ios-build/Build/Products/Debug-iphonesimulator/App.app/Frameworks/Capacitor.framework -scanforprivacyfile /Users/dean/Documents/MORI/.state/ios-build/Build/Products/Debug-iphonesimulator/App.app/Frameworks/Cordova.framework -o /Users/dean/Documents/MORI/.state/ios-build/Build/Products/Debug-iphonesimulator/App.app/Info.plist

LinkStoryboards (in target 'App' from project 'App')
    cd /Users/dean/Documents/MORI/apps/mobile/ios/App
    /Applications/Xcode.app/Contents/Developer/usr/bin/ibtool --errors --warnings --notices --module App --target-device iphone --target-device ipad --minimum-deployment-target 15.0 --output-format human-readable-text --link /Users/dean/Documents/MORI/.state/ios-build/Build/Products/Debug-iphonesimulator/App.app /Users/dean/Documents/MORI/.state/ios-build/Build/Intermediates.noindex/App.build/Debug-iphonesimulator/App.build/Base.lproj/LaunchScreen.storyboardc /Users/dean/Documents/MORI/.state/ios-build/Build/Intermediates.noindex/App.build/Debug-iphonesimulator/App.build/Base.lproj/Main.storyboardc

SwiftExplicitDependencyGeneratePcm arm64 /Users/dean/Documents/MORI/.state/ios-build/SDKExplicitPrecompiledModules/WebKit-4A162Z0L2I8MWMYORXSM4LLGT.pcm

SwiftExplicitDependencyGeneratePcm arm64 /Users/dean/Documents/MORI/.state/ios-build/SDKExplicitPrecompiledModules/SwiftUI-E1LIC3MSQC7OXINFB4CF8YE6E.pcm

SwiftExplicitDependencyGeneratePcm x86_64 /Users/dean/Documents/MORI/.state/ios-build/SDKExplicitPrecompiledModules/SwiftUI-717JVB5427EB7JWORDVTEKXEI.pcm

SwiftExplicitDependencyGeneratePcm x86_64 /Users/dean/Documents/MORI/.state/ios-build/SDKExplicitPrecompiledModules/WebKit-TDTQ95QBO3DTB2YOJ6KYLRT7.pcm

SwiftExplicitDependencyGeneratePcm arm64 /Users/dean/Documents/MORI/.state/ios-build/Build/Intermediates.noindex/SwiftExplicitPrecompiledModules/Cordova-6S0P6HDYJJXHWA2R4J3XUN287.pcm
<module-includes>:1:9: note: in file included from <module-includes>:1:
1 | #import "Headers/CapacitorCordova.h"
  |         `- note: in file included from <module-includes>:1:
2 | 

/Users/dean/Documents/MORI/.state/ios-build/Build/Products/Debug-iphonesimulator/Cordova.framework/Headers/CapacitorCordova.h:10:9: note: in file included from /Users/dean/Documents/MORI/.state/ios-build/Build/Products/Debug-iphonesimulator/Cordova.framework/Headers/CapacitorCordova.h:10:
 8 | 
 9 | #import <Cordova/AppDelegate.h>
10 | #import <Cordova/CDV.h>
   |         `- note: in file included from /Users/dean/Documents/MORI/.state/ios-build/Build/Products/Debug-iphonesimulator/Cordova.framework/Headers/CapacitorCordova.h:10:
11 | #import <Cordova/CDVAvailability.h>
12 | #import <Cordova/CDVCommandDelegate.h>

/Users/dean/Documents/MORI/.state/ios-build/Build/Products/Debug-iphonesimulator/Cordova.framework/Headers/CDV.h:28:9: note: in file included from /Users/dean/Documents/MORI/.state/ios-build/Build/Products/Debug-iphonesimulator/Cordova.framework/Headers/CDV.h:28:
26 | #import "CDVURLProtocol.h"
27 | #import "CDVScreenOrientationDelegate.h"
28 | #import "CDVWebViewProcessPoolFactory.h"
   |         `- note: in file included from /Users/dean/Documents/MORI/.state/ios-build/Build/Products/Debug-iphonesimulator/Cordova.framework/Headers/CDV.h:28:
29 | 

/Users/dean/Documents/MORI/.state/ios-build/Build/Products/Debug-iphonesimulator/Cordova.framework/Headers/CDVWebViewProcessPoolFactory.h:23:31: warning: 'WKProcessPool' is deprecated: first deprecated in iOS 15.0 - Creating and using multiple instances of WKProcessPool no longer has any effect.
21 | 
22 | @interface CDVWebViewProcessPoolFactory : NSObject
23 | @property (nonatomic, retain) WKProcessPool* sharedPool;
   |                               `- warning: 'WKProcessPool' is deprecated: first deprecated in iOS 15.0 - Creating and using multiple instances of WKProcessPool no longer has any effect.
24 | 
25 | +(instancetype) sharedFactory;

/Applications/Xcode.app/Contents/Developer/Platforms/iPhoneSimulator.platform/Developer/SDKs/iPhoneSimulator27.0.sdk/System/Library/Frameworks/WebKit.framework/Headers/WKProcessPool.h:38:12: note: 'WKProcessPool' has been explicitly marked deprecated here
36 | WK_SWIFT_UI_ACTOR
37 | WK_EXTERN API_DEPRECATED("Creating and using multiple instances of WKProcessPool no longer has any effect.", macos(10.10, 12.0), ios(8.0, 15.0), visionos(1.0, 1.0))
38 | @interface WKProcessPool : NSObject <NSSecureCoding>
   |            `- note: 'WKProcessPool' has been explicitly marked deprecated here
39 | @end
40 | 

<module-includes>:1:9: note: in file included from <module-includes>:1:
1 | #import "Headers/CapacitorCordova.h"
  |         `- note: in file included from <module-includes>:1:
2 | 

/Users/dean/Documents/MORI/.state/ios-build/Build/Products/Debug-iphonesimulator/Cordova.framework/Headers/CapacitorCordova.h:10:9: note: in file included from /Users/dean/Documents/MORI/.state/ios-build/Build/Products/Debug-iphonesimulator/Cordova.framework/Headers/CapacitorCordova.h:10:
 8 | 
 9 | #import <Cordova/AppDelegate.h>
10 | #import <Cordova/CDV.h>
   |         `- note: in file included from /Users/dean/Documents/MORI/.state/ios-build/Build/Products/Debug-iphonesimulator/Cordova.framework/Headers/CapacitorCordova.h:10:
11 | #import <Cordova/CDVAvailability.h>
12 | #import <Cordova/CDVCommandDelegate.h>

/Users/dean/Documents/MORI/.state/ios-build/Build/Products/Debug-iphonesimulator/Cordova.framework/Headers/CDV.h:28:9: note: in file included from /Users/dean/Documents/MORI/.state/ios-build/Build/Products/Debug-iphonesimulator/Cordova.framework/Headers/CDV.h:28:
26 | #import "CDVURLProtocol.h"
27 | #import "CDVScreenOrientationDelegate.h"
28 | #import "CDVWebViewProcessPoolFactory.h"
   |         `- note: in file included from /Users/dean/Documents/MORI/.state/ios-build/Build/Products/Debug-iphonesimulator/Cordova.framework/Headers/CDV.h:28:
29 | 

2 warnings generated.
/Users/dean/Documents/MORI/.state/ios-build/Build/Products/Debug-iphonesimulator/Cordova.framework/Headers/CDVWebViewProcessPoolFactory.h:26:3: warning: 'WKProcessPool' is deprecated: first deprecated in iOS 15.0 - Creating and using multiple instances of WKProcessPool no longer has any effect.
24 | 
25 | +(instancetype) sharedFactory;
26 | -(WKProcessPool*) sharedProcessPool;
   |   `- warning: 'WKProcessPool' is deprecated: first deprecated in iOS 15.0 - Creating and using multiple instances of WKProcessPool no longer has any effect.
27 | @end
28 | 

/Applications/Xcode.app/Contents/Developer/Platforms/iPhoneSimulator.platform/Developer/SDKs/iPhoneSimulator27.0.sdk/System/Library/Frameworks/WebKit.framework/Headers/WKProcessPool.h:38:12: note: 'WKProcessPool' has been explicitly marked deprecated here
36 | WK_SWIFT_UI_ACTOR
37 | WK_EXTERN API_DEPRECATED("Creating and using multiple instances of WKProcessPool no longer has any effect.", macos(10.10, 12.0), ios(8.0, 15.0), visionos(1.0, 1.0))
38 | @interface WKProcessPool : NSObject <NSSecureCoding>
   |            `- note: 'WKProcessPool' has been explicitly marked deprecated here
39 | @end
40 | 

SwiftExplicitDependencyGeneratePcm x86_64 /Users/dean/Documents/MORI/.state/ios-build/Build/Intermediates.noindex/SwiftExplicitPrecompiledModules/Cordova-DX807CPQNDJGTCB862SX0B6XH.pcm
<module-includes>:1:9: note: in file included from <module-includes>:1:
1 | #import "Headers/CapacitorCordova.h"
  |         `- note: in file included from <module-includes>:1:
2 | 

/Users/dean/Documents/MORI/.state/ios-build/Build/Products/Debug-iphonesimulator/Cordova.framework/Headers/CapacitorCordova.h:10:9: note: in file included from /Users/dean/Documents/MORI/.state/ios-build/Build/Products/Debug-iphonesimulator/Cordova.framework/Headers/CapacitorCordova.h:10:
 8 | 
 9 | #import <Cordova/AppDelegate.h>
10 | #import <Cordova/CDV.h>
   |         `- note: in file included from /Users/dean/Documents/MORI/.state/ios-build/Build/Products/Debug-iphonesimulator/Cordova.framework/Headers/CapacitorCordova.h:10:
11 | #import <Cordova/CDVAvailability.h>
12 | #import <Cordova/CDVCommandDelegate.h>

/Users/dean/Documents/MORI/.state/ios-build/Build/Products/Debug-iphonesimulator/Cordova.framework/Headers/CDV.h:28:9: note: in file included from /Users/dean/Documents/MORI/.state/ios-build/Build/Products/Debug-iphonesimulator/Cordova.framework/Headers/CDV.h:28:
26 | #import "CDVURLProtocol.h"
27 | #import "CDVScreenOrientationDelegate.h"
28 | #import "CDVWebViewProcessPoolFactory.h"
   |         `- note: in file included from /Users/dean/Documents/MORI/.state/ios-build/Build/Products/Debug-iphonesimulator/Cordova.framework/Headers/CDV.h:28:
29 | 

/Users/dean/Documents/MORI/.state/ios-build/Build/Products/Debug-iphonesimulator/Cordova.framework/Headers/CDVWebViewProcessPoolFactory.h:23:31: warning: 'WKProcessPool' is deprecated: first deprecated in iOS 15.0 - Creating and using multiple instances of WKProcessPool no longer has any effect.
21 | 
22 | @interface CDVWebViewProcessPoolFactory : NSObject
23 | @property (nonatomic, retain) WKProcessPool* sharedPool;
   |                               `- warning: 'WKProcessPool' is deprecated: first deprecated in iOS 15.0 - Creating and using multiple instances of WKProcessPool no longer has any effect.
24 | 
25 | +(instancetype) sharedFactory;

/Applications/Xcode.app/Contents/Developer/Platforms/iPhoneSimulator.platform/Developer/SDKs/iPhoneSimulator27.0.sdk/System/Library/Frameworks/WebKit.framework/Headers/WKProcessPool.h:38:12: note: 'WKProcessPool' has been explicitly marked deprecated here
36 | WK_SWIFT_UI_ACTOR
37 | WK_EXTERN API_DEPRECATED("Creating and using multiple instances of WKProcessPool no longer has any effect.", macos(10.10, 12.0), ios(8.0, 15.0), visionos(1.0, 1.0))
38 | @interface WKProcessPool : NSObject <NSSecureCoding>
   |            `- note: 'WKProcessPool' has been explicitly marked deprecated here
39 | @end
40 | 

<module-includes>:1:9: note: in file included from <module-includes>:1:
1 | #import "Headers/CapacitorCordova.h"
  |         `- note: in file included from <module-includes>:1:
2 | 

/Users/dean/Documents/MORI/.state/ios-build/Build/Products/Debug-iphonesimulator/Cordova.framework/Headers/CapacitorCordova.h:10:9: note: in file included from /Users/dean/Documents/MORI/.state/ios-build/Build/Products/Debug-iphonesimulator/Cordova.framework/Headers/CapacitorCordova.h:10:
 8 | 
 9 | #import <Cordova/AppDelegate.h>
10 | #import <Cordova/CDV.h>
   |         `- note: in file included from /Users/dean/Documents/MORI/.state/ios-build/Build/Products/Debug-iphonesimulator/Cordova.framework/Headers/CapacitorCordova.h:10:
11 | #import <Cordova/CDVAvailability.h>
12 | #import <Cordova/CDVCommandDelegate.h>

/Users/dean/Documents/MORI/.state/ios-build/Build/Products/Debug-iphonesimulator/Cordova.framework/Headers/CDV.h:28:9: note: in file included from /Users/dean/Documents/MORI/.state/ios-build/Build/Products/Debug-iphonesimulator/Cordova.framework/Headers/CDV.h:28:
26 | #import "CDVURLProtocol.h"
27 | #import "CDVScreenOrientationDelegate.h"
28 | #import "CDVWebViewProcessPoolFactory.h"
   |         `- note: in file included from /Users/dean/Documents/MORI/.state/ios-build/Build/Products/Debug-iphonesimulator/Cordova.framework/Headers/CDV.h:28:
29 | 

2 warnings generated.
/Users/dean/Documents/MORI/.state/ios-build/Build/Products/Debug-iphonesimulator/Cordova.framework/Headers/CDVWebViewProcessPoolFactory.h:26:3: warning: 'WKProcessPool' is deprecated: first deprecated in iOS 15.0 - Creating and using multiple instances of WKProcessPool no longer has any effect.
24 | 
25 | +(instancetype) sharedFactory;
26 | -(WKProcessPool*) sharedProcessPool;
   |   `- warning: 'WKProcessPool' is deprecated: first deprecated in iOS 15.0 - Creating and using multiple instances of WKProcessPool no longer has any effect.
27 | @end
28 | 

/Applications/Xcode.app/Contents/Developer/Platforms/iPhoneSimulator.platform/Developer/SDKs/iPhoneSimulator27.0.sdk/System/Library/Frameworks/WebKit.framework/Headers/WKProcessPool.h:38:12: note: 'WKProcessPool' has been explicitly marked deprecated here
36 | WK_SWIFT_UI_ACTOR
37 | WK_EXTERN API_DEPRECATED("Creating and using multiple instances of WKProcessPool no longer has any effect.", macos(10.10, 12.0), ios(8.0, 15.0), visionos(1.0, 1.0))
38 | @interface WKProcessPool : NSObject <NSSecureCoding>
   |            `- note: 'WKProcessPool' has been explicitly marked deprecated here
39 | @end
40 | 

SwiftExplicitDependencyGeneratePcm arm64 /Users/dean/Documents/MORI/.state/ios-build/Build/Intermediates.noindex/SwiftExplicitPrecompiledModules/Capacitor-9MCEE1ROOWCYQSQDL7TMP8O6O.pcm

SwiftExplicitDependencyGeneratePcm x86_64 /Users/dean/Documents/MORI/.state/ios-build/Build/Intermediates.noindex/SwiftExplicitPrecompiledModules/Capacitor-5BTPDEUMITBH9DCFWN76VEOPC.pcm

SwiftExplicitDependencyCompileModuleFromInterface arm64 /Users/dean/Documents/MORI/.state/ios-build/Build/Intermediates.noindex/SwiftExplicitPrecompiledModules/Capacitor-3KSEU2KB77WV4.swiftmodule

SwiftExplicitDependencyCompileModuleFromInterface x86_64 /Users/dean/Documents/MORI/.state/ios-build/Build/Intermediates.noindex/SwiftExplicitPrecompiledModules/Capacitor-1430PW544YX4G.swiftmodule

SwiftEmitModule normal arm64 Emitting\ module\ for\ App (in target 'App' from project 'App')

SwiftCompile normal arm64 (in target 'App' from project 'App')
    cd /Users/dean/Documents/MORI/apps/mobile/ios/App
    

SwiftCompile normal arm64 Compiling\ AppDelegate.swift /Users/dean/Documents/MORI/apps/mobile/ios/App/App/AppDelegate.swift (in target 'App' from project 'App')

SwiftCompile normal arm64 /Users/dean/Documents/MORI/apps/mobile/ios/App/App/AppDelegate.swift (in target 'App' from project 'App')
    cd /Users/dean/Documents/MORI/apps/mobile/ios/App
    builtin-SwiftPerFileCompile AppDelegate.swift

SwiftCompile normal arm64 Compiling\ GeneratedAssetSymbols.swift /Users/dean/Documents/MORI/.state/ios-build/Build/Intermediates.noindex/App.build/Debug-iphonesimulator/App.build/DerivedSources/GeneratedAssetSymbols.swift (in target 'App' from project 'App')

SwiftCompile normal arm64 /Users/dean/Documents/MORI/.state/ios-build/Build/Intermediates.noindex/App.build/Debug-iphonesimulator/App.build/DerivedSources/GeneratedAssetSymbols.swift (in target 'App' from project 'App')
    cd /Users/dean/Documents/MORI/apps/mobile/ios/App
    builtin-SwiftPerFileCompile GeneratedAssetSymbols.swift

SwiftCompile normal x86_64 Compiling\ GeneratedAssetSymbols.swift /Users/dean/Documents/MORI/.state/ios-build/Build/Intermediates.noindex/App.build/Debug-iphonesimulator/App.build/DerivedSources/GeneratedAssetSymbols.swift (in target 'App' from project 'App')

SwiftCompile normal x86_64 /Users/dean/Documents/MORI/.state/ios-build/Build/Intermediates.noindex/App.build/Debug-iphonesimulator/App.build/DerivedSources/GeneratedAssetSymbols.swift (in target 'App' from project 'App')
    cd /Users/dean/Documents/MORI/apps/mobile/ios/App
    builtin-SwiftPerFileCompile GeneratedAssetSymbols.swift

SwiftCompile normal x86_64 Compiling\ AppDelegate.swift /Users/dean/Documents/MORI/apps/mobile/ios/App/App/AppDelegate.swift (in target 'App' from project 'App')

SwiftCompile normal x86_64 /Users/dean/Documents/MORI/apps/mobile/ios/App/App/AppDelegate.swift (in target 'App' from project 'App')
    cd /Users/dean/Documents/MORI/apps/mobile/ios/App
    builtin-SwiftPerFileCompile AppDelegate.swift

SwiftEmitModule normal x86_64 Emitting\ module\ for\ App (in target 'App' from project 'App')

SwiftCompile normal x86_64 (in target 'App' from project 'App')
    cd /Users/dean/Documents/MORI/apps/mobile/ios/App
    

SwiftDriverJobDiscovery normal arm64 Emitting module for App (in target 'App' from project 'App')

SwiftDriver\ Compilation\ Requirements App normal arm64 com.apple.xcode.tools.swift.compiler (in target 'App' from project 'App')
    cd /Users/dean/Documents/MORI/apps/mobile/ios/App
    builtin-Swift-Compilation-Requirements -- /Applications/Xcode.app/Contents/Developer/Toolchains/XcodeDefault.xctoolchain/usr/bin/swiftc -module-name App -Onone @/Users/dean/Documents/MORI/.state/ios-build/Build/Intermediates.noindex/App.build/Debug-iphonesimulator/App.build/Objects-normal/arm64/App.SwiftFileList -DDEBUG -D COCOAPODS -DDEBUG -enable-bare-slash-regex -enable-experimental-feature DebugDescriptionMacro -sdk /Applications/Xcode.app/Contents/Developer/Platforms/iPhoneSimulator.platform/Developer/SDKs/iPhoneSimulator27.0.sdk -target arm64-apple-ios15.0-simulator -g -module-cache-path /Users/dean/Documents/MORI/.state/ios-build/ModuleCache.noindex -Xfrontend -serialize-debugging-options -enable-testing -index-store-path /Users/dean/Documents/MORI/.state/ios-build/Index.noindex/DataStore -Xcc -D_LIBCPP_HARDENING_MODE\=_LIBCPP_HARDENING_MODE_DEBUG -swift-version 5 -I /Users/dean/Documents/MORI/.state/ios-build/Build/Products/Debug-iphonesimulator -F /Users/dean/Documents/MORI/.state/ios-build/Build/Products/Debug-iphonesimulator/PackageFrameworks -F /Users/dean/Documents/MORI/.state/ios-build/Build/Products/Debug-iphonesimulator -c -j10 -enable-batch-mode -incremental -Xcc -ivfsstatcache -Xcc /Users/dean/Documents/MORI/.state/ios-build/SDKStatCaches.noindex/iphonesimulator27.0-24A430-8dc58220667be655e1bcc261a7455254.sdkstatcache -output-file-map /Users/dean/Documents/MORI/.state/ios-build/Build/Intermediates.noindex/App.build/Debug-iphonesimulator/App.build/Objects-normal/arm64/App-OutputFileMap.json -save-temps -no-color-diagnostics -explicit-module-build -module-cache-path /Users/dean/Documents/MORI/.state/ios-build/Build/Intermediates.noindex/SwiftExplicitPrecompiledModules -clang-scanner-module-cache-path /Users/dean/Documents/MORI/.state/ios-build/ModuleCache.noindex -sdk-module-cache-path /Users/dean/Documents/MORI/.state/ios-build/SDKExplicitPrecompiledModules -emit-dependencies -emit-module -emit-module-path /Users/dean/Documents/MORI/.state/ios-build/Build/Intermediates.noindex/App.build/Debug-iphonesimulator/App.build/Objects-normal/arm64/App.swiftmodule -serialize-diagnostics -dependency-scan-serialize-diagnostics-path /Users/dean/Documents/MORI/.state/ios-build/Build/Intermediates.noindex/App.build/Debug-iphonesimulator/App.build/Objects-normal/arm64/App-dependency-scan.dia -validate-clang-modules-once -clang-build-session-file /Users/dean/Documents/MORI/.state/ios-build/ModuleCache.noindex/Session.modulevalidation -Xcc -fmodules-prune-interval\=86400 -Xcc -fmodules-prune-after\=345600 -emit-const-values -const-gather-protocols-list /Users/dean/Documents/MORI/.state/ios-build/Build/Intermediates.noindex/App.build/Debug-iphonesimulator/App.build/Objects-normal/arm64/App_const_extract_protocols.json -Xcc -iquote -Xcc /Users/dean/Documents/MORI/.state/ios-build/Build/Intermediates.noindex/App.build/Debug-iphonesimulator/App.build/App-generated-files.hmap -Xcc -I/Users/dean/Documents/MORI/.state/ios-build/Build/Intermediates.noindex/App.build/Debug-iphonesimulator/App.build/App-own-target-headers.hmap -Xcc -I/Users/dean/Documents/MORI/.state/ios-build/Build/Intermediates.noindex/App.build/Debug-iphonesimulator/App.build/App-all-non-framework-target-headers.hmap -Xcc -ivfsoverlay -Xcc /Users/dean/Documents/MORI/.state/ios-build/Build/Intermediates.noindex/App.build/Debug-iphonesimulator/App-0ca3007d900a678c2b4d53418799ee3d-VFS-iphonesimulator/all-product-headers.yaml -Xcc -iquote -Xcc /Users/dean/Documents/MORI/.state/ios-build/Build/Intermediates.noindex/App.build/Debug-iphonesimulator/App.build/App-project-headers.hmap -Xcc -I/Users/dean/Documents/MORI/.state/ios-build/Build/Products/Debug-iphonesimulator/include -Xcc -I/Users/dean/Documents/MORI/.state/ios-build/Build/Intermediates.noindex/App.build/Debug-iphonesimulator/App.build/DerivedSources-normal/arm64 -Xcc -I/Users/dean/Documents/MORI/.state/ios-build/Build/Intermediates.noindex/App.build/Debug-iphonesimulator/App.build/DerivedSources/arm64 -Xcc -I/Users/dean/Documents/MORI/.state/ios-build/Build/Intermediates.noindex/App.build/Debug-iphonesimulator/App.build/DerivedSources -Xcc -DDEBUG\=1 -emit-objc-header -emit-objc-header-path /Users/dean/Documents/MORI/.state/ios-build/Build/Intermediates.noindex/App.build/Debug-iphonesimulator/App.build/Objects-normal/arm64/App-Swift.h -working-directory /Users/dean/Documents/MORI/apps/mobile/ios/App -experimental-emit-module-separately -disable-cmo

Copy /Users/dean/Documents/MORI/.state/ios-build/Build/Products/Debug-iphonesimulator/App.swiftmodule/arm64-apple-ios-simulator.swiftdoc /Users/dean/Documents/MORI/.state/ios-build/Build/Intermediates.noindex/App.build/Debug-iphonesimulator/App.build/Objects-normal/arm64/App.swiftdoc (in target 'App' from project 'App')
    cd /Users/dean/Documents/MORI/apps/mobile/ios/App
    builtin-copy -exclude .DS_Store -exclude CVS -exclude .svn -exclude .git -exclude .hg -resolve-src-symlinks -rename /Users/dean/Documents/MORI/.state/ios-build/Build/Intermediates.noindex/App.build/Debug-iphonesimulator/App.build/Objects-normal/arm64/App.swiftdoc /Users/dean/Documents/MORI/.state/ios-build/Build/Products/Debug-iphonesimulator/App.swiftmodule/arm64-apple-ios-simulator.swiftdoc

Copy /Users/dean/Documents/MORI/.state/ios-build/Build/Products/Debug-iphonesimulator/App.swiftmodule/arm64-apple-ios-simulator.swiftmodule /Users/dean/Documents/MORI/.state/ios-build/Build/Intermediates.noindex/App.build/Debug-iphonesimulator/App.build/Objects-normal/arm64/App.swiftmodule (in target 'App' from project 'App')
    cd /Users/dean/Documents/MORI/apps/mobile/ios/App
    builtin-copy -exclude .DS_Store -exclude CVS -exclude .svn -exclude .git -exclude .hg -resolve-src-symlinks -rename /Users/dean/Documents/MORI/.state/ios-build/Build/Intermediates.noindex/App.build/Debug-iphonesimulator/App.build/Objects-normal/arm64/App.swiftmodule /Users/dean/Documents/MORI/.state/ios-build/Build/Products/Debug-iphonesimulator/App.swiftmodule/arm64-apple-ios-simulator.swiftmodule

Copy /Users/dean/Documents/MORI/.state/ios-build/Build/Products/Debug-iphonesimulator/App.swiftmodule/arm64-apple-ios-simulator.abi.json /Users/dean/Documents/MORI/.state/ios-build/Build/Intermediates.noindex/App.build/Debug-iphonesimulator/App.build/Objects-normal/arm64/App.abi.json (in target 'App' from project 'App')
    cd /Users/dean/Documents/MORI/apps/mobile/ios/App
    builtin-copy -exclude .DS_Store -exclude CVS -exclude .svn -exclude .git -exclude .hg -resolve-src-symlinks -rename /Users/dean/Documents/MORI/.state/ios-build/Build/Intermediates.noindex/App.build/Debug-iphonesimulator/App.build/Objects-normal/arm64/App.abi.json /Users/dean/Documents/MORI/.state/ios-build/Build/Products/Debug-iphonesimulator/App.swiftmodule/arm64-apple-ios-simulator.abi.json

Copy /Users/dean/Documents/MORI/.state/ios-build/Build/Products/Debug-iphonesimulator/App.swiftmodule/Project/arm64-apple-ios-simulator.swiftsourceinfo /Users/dean/Documents/MORI/.state/ios-build/Build/Intermediates.noindex/App.build/Debug-iphonesimulator/App.build/Objects-normal/arm64/App.swiftsourceinfo (in target 'App' from project 'App')
    cd /Users/dean/Documents/MORI/apps/mobile/ios/App
    builtin-copy -exclude .DS_Store -exclude CVS -exclude .svn -exclude .git -exclude .hg -resolve-src-symlinks -rename /Users/dean/Documents/MORI/.state/ios-build/Build/Intermediates.noindex/App.build/Debug-iphonesimulator/App.build/Objects-normal/arm64/App.swiftsourceinfo /Users/dean/Documents/MORI/.state/ios-build/Build/Products/Debug-iphonesimulator/App.swiftmodule/Project/arm64-apple-ios-simulator.swiftsourceinfo

SwiftDriverJobDiscovery normal x86_64 Emitting module for App (in target 'App' from project 'App')

SwiftDriver\ Compilation\ Requirements App normal x86_64 com.apple.xcode.tools.swift.compiler (in target 'App' from project 'App')
    cd /Users/dean/Documents/MORI/apps/mobile/ios/App
    builtin-Swift-Compilation-Requirements -- /Applications/Xcode.app/Contents/Developer/Toolchains/XcodeDefault.xctoolchain/usr/bin/swiftc -module-name App -Onone @/Users/dean/Documents/MORI/.state/ios-build/Build/Intermediates.noindex/App.build/Debug-iphonesimulator/App.build/Objects-normal/x86_64/App.SwiftFileList -DDEBUG -D COCOAPODS -DDEBUG -enable-bare-slash-regex -enable-experimental-feature DebugDescriptionMacro -sdk /Applications/Xcode.app/Contents/Developer/Platforms/iPhoneSimulator.platform/Developer/SDKs/iPhoneSimulator27.0.sdk -target x86_64-apple-ios15.0-simulator -g -module-cache-path /Users/dean/Documents/MORI/.state/ios-build/ModuleCache.noindex -Xfrontend -serialize-debugging-options -enable-testing -index-store-path /Users/dean/Documents/MORI/.state/ios-build/Index.noindex/DataStore -Xcc -D_LIBCPP_HARDENING_MODE\=_LIBCPP_HARDENING_MODE_DEBUG -swift-version 5 -I /Users/dean/Documents/MORI/.state/ios-build/Build/Products/Debug-iphonesimulator -F /Users/dean/Documents/MORI/.state/ios-build/Build/Products/Debug-iphonesimulator/PackageFrameworks -F /Users/dean/Documents/MORI/.state/ios-build/Build/Products/Debug-iphonesimulator -c -j10 -enable-batch-mode -incremental -Xcc -ivfsstatcache -Xcc /Users/dean/Documents/MORI/.state/ios-build/SDKStatCaches.noindex/iphonesimulator27.0-24A430-8dc58220667be655e1bcc261a7455254.sdkstatcache -output-file-map /Users/dean/Documents/MORI/.state/ios-build/Build/Intermediates.noindex/App.build/Debug-iphonesimulator/App.build/Objects-normal/x86_64/App-OutputFileMap.json -save-temps -no-color-diagnostics -explicit-module-build -module-cache-path /Users/dean/Documents/MORI/.state/ios-build/Build/Intermediates.noindex/SwiftExplicitPrecompiledModules -clang-scanner-module-cache-path /Users/dean/Documents/MORI/.state/ios-build/ModuleCache.noindex -sdk-module-cache-path /Users/dean/Documents/MORI/.state/ios-build/SDKExplicitPrecompiledModules -emit-dependencies -emit-module -emit-module-path /Users/dean/Documents/MORI/.state/ios-build/Build/Intermediates.noindex/App.build/Debug-iphonesimulator/App.build/Objects-normal/x86_64/App.swiftmodule -serialize-diagnostics -dependency-scan-serialize-diagnostics-path /Users/dean/Documents/MORI/.state/ios-build/Build/Intermediates.noindex/App.build/Debug-iphonesimulator/App.build/Objects-normal/x86_64/App-dependency-scan.dia -validate-clang-modules-once -clang-build-session-file /Users/dean/Documents/MORI/.state/ios-build/ModuleCache.noindex/Session.modulevalidation -Xcc -fmodules-prune-interval\=86400 -Xcc -fmodules-prune-after\=345600 -emit-const-values -const-gather-protocols-list /Users/dean/Documents/MORI/.state/ios-build/Build/Intermediates.noindex/App.build/Debug-iphonesimulator/App.build/Objects-normal/x86_64/App_const_extract_protocols.json -Xcc -iquote -Xcc /Users/dean/Documents/MORI/.state/ios-build/Build/Intermediates.noindex/App.build/Debug-iphonesimulator/App.build/App-generated-files.hmap -Xcc -I/Users/dean/Documents/MORI/.state/ios-build/Build/Intermediates.noindex/App.build/Debug-iphonesimulator/App.build/App-own-target-headers.hmap -Xcc -I/Users/dean/Documents/MORI/.state/ios-build/Build/Intermediates.noindex/App.build/Debug-iphonesimulator/App.build/App-all-non-framework-target-headers.hmap -Xcc -ivfsoverlay -Xcc /Users/dean/Documents/MORI/.state/ios-build/Build/Intermediates.noindex/App.build/Debug-iphonesimulator/App-0ca3007d900a678c2b4d53418799ee3d-VFS-iphonesimulator/all-product-headers.yaml -Xcc -iquote -Xcc /Users/dean/Documents/MORI/.state/ios-build/Build/Intermediates.noindex/App.build/Debug-iphonesimulator/App.build/App-project-headers.hmap -Xcc -I/Users/dean/Documents/MORI/.state/ios-build/Build/Products/Debug-iphonesimulator/include -Xcc -I/Users/dean/Documents/MORI/.state/ios-build/Build/Intermediates.noindex/App.build/Debug-iphonesimulator/App.build/DerivedSources-normal/x86_64 -Xcc -I/Users/dean/Documents/MORI/.state/ios-build/Build/Intermediates.noindex/App.build/Debug-iphonesimulator/App.build/DerivedSources/x86_64 -Xcc -I/Users/dean/Documents/MORI/.state/ios-build/Build/Intermediates.noindex/App.build/Debug-iphonesimulator/App.build/DerivedSources -Xcc -DDEBUG\=1 -emit-objc-header -emit-objc-header-path /Users/dean/Documents/MORI/.state/ios-build/Build/Intermediates.noindex/App.build/Debug-iphonesimulator/App.build/Objects-normal/x86_64/App-Swift.h -working-directory /Users/dean/Documents/MORI/apps/mobile/ios/App -experimental-emit-module-separately -disable-cmo

SwiftMergeGeneratedHeaders /Users/dean/Documents/MORI/.state/ios-build/Build/Intermediates.noindex/App.build/Debug-iphonesimulator/App.build/DerivedSources/App-Swift.h /Users/dean/Documents/MORI/.state/ios-build/Build/Intermediates.noindex/App.build/Debug-iphonesimulator/App.build/Objects-normal/arm64/App-Swift.h /Users/dean/Documents/MORI/.state/ios-build/Build/Intermediates.noindex/App.build/Debug-iphonesimulator/App.build/Objects-normal/x86_64/App-Swift.h (in target 'App' from project 'App')
    cd /Users/dean/Documents/MORI/apps/mobile/ios/App
    builtin-swiftHeaderTool -arch arm64 /Users/dean/Documents/MORI/.state/ios-build/Build/Intermediates.noindex/App.build/Debug-iphonesimulator/App.build/Objects-normal/arm64/App-Swift.h -arch x86_64 /Users/dean/Documents/MORI/.state/ios-build/Build/Intermediates.noindex/App.build/Debug-iphonesimulator/App.build/Objects-normal/x86_64/App-Swift.h -o /Users/dean/Documents/MORI/.state/ios-build/Build/Intermediates.noindex/App.build/Debug-iphonesimulator/App.build/DerivedSources/App-Swift.h

Copy /Users/dean/Documents/MORI/.state/ios-build/Build/Products/Debug-iphonesimulator/App.swiftmodule/x86_64-apple-ios-simulator.swiftmodule /Users/dean/Documents/MORI/.state/ios-build/Build/Intermediates.noindex/App.build/Debug-iphonesimulator/App.build/Objects-normal/x86_64/App.swiftmodule (in target 'App' from project 'App')
    cd /Users/dean/Documents/MORI/apps/mobile/ios/App
    builtin-copy -exclude .DS_Store -exclude CVS -exclude .svn -exclude .git -exclude .hg -resolve-src-symlinks -rename /Users/dean/Documents/MORI/.state/ios-build/Build/Intermediates.noindex/App.build/Debug-iphonesimulator/App.build/Objects-normal/x86_64/App.swiftmodule /Users/dean/Documents/MORI/.state/ios-build/Build/Products/Debug-iphonesimulator/App.swiftmodule/x86_64-apple-ios-simulator.swiftmodule

Copy /Users/dean/Documents/MORI/.state/ios-build/Build/Products/Debug-iphonesimulator/App.swiftmodule/x86_64-apple-ios-simulator.swiftdoc /Users/dean/Documents/MORI/.state/ios-build/Build/Intermediates.noindex/App.build/Debug-iphonesimulator/App.build/Objects-normal/x86_64/App.swiftdoc (in target 'App' from project 'App')
    cd /Users/dean/Documents/MORI/apps/mobile/ios/App
    builtin-copy -exclude .DS_Store -exclude CVS -exclude .svn -exclude .git -exclude .hg -resolve-src-symlinks -rename /Users/dean/Documents/MORI/.state/ios-build/Build/Intermediates.noindex/App.build/Debug-iphonesimulator/App.build/Objects-normal/x86_64/App.swiftdoc /Users/dean/Documents/MORI/.state/ios-build/Build/Products/Debug-iphonesimulator/App.swiftmodule/x86_64-apple-ios-simulator.swiftdoc

Copy /Users/dean/Documents/MORI/.state/ios-build/Build/Products/Debug-iphonesimulator/App.swiftmodule/x86_64-apple-ios-simulator.abi.json /Users/dean/Documents/MORI/.state/ios-build/Build/Intermediates.noindex/App.build/Debug-iphonesimulator/App.build/Objects-normal/x86_64/App.abi.json (in target 'App' from project 'App')
    cd /Users/dean/Documents/MORI/apps/mobile/ios/App
    builtin-copy -exclude .DS_Store -exclude CVS -exclude .svn -exclude .git -exclude .hg -resolve-src-symlinks -rename /Users/dean/Documents/MORI/.state/ios-build/Build/Intermediates.noindex/App.build/Debug-iphonesimulator/App.build/Objects-normal/x86_64/App.abi.json /Users/dean/Documents/MORI/.state/ios-build/Build/Products/Debug-iphonesimulator/App.swiftmodule/x86_64-apple-ios-simulator.abi.json

Copy /Users/dean/Documents/MORI/.state/ios-build/Build/Products/Debug-iphonesimulator/App.swiftmodule/Project/x86_64-apple-ios-simulator.swiftsourceinfo /Users/dean/Documents/MORI/.state/ios-build/Build/Intermediates.noindex/App.build/Debug-iphonesimulator/App.build/Objects-normal/x86_64/App.swiftsourceinfo (in target 'App' from project 'App')
    cd /Users/dean/Documents/MORI/apps/mobile/ios/App
    builtin-copy -exclude .DS_Store -exclude CVS -exclude .svn -exclude .git -exclude .hg -resolve-src-symlinks -rename /Users/dean/Documents/MORI/.state/ios-build/Build/Intermediates.noindex/App.build/Debug-iphonesimulator/App.build/Objects-normal/x86_64/App.swiftsourceinfo /Users/dean/Documents/MORI/.state/ios-build/Build/Products/Debug-iphonesimulator/App.swiftmodule/Project/x86_64-apple-ios-simulator.swiftsourceinfo

SwiftDriverJobDiscovery normal arm64 Compiling AppDelegate.swift (in target 'App' from project 'App')

SwiftDriverJobDiscovery normal x86_64 Compiling AppDelegate.swift (in target 'App' from project 'App')

SwiftDriverJobDiscovery normal x86_64 Compiling GeneratedAssetSymbols.swift (in target 'App' from project 'App')

SwiftDriver\ Compilation App normal x86_64 com.apple.xcode.tools.swift.compiler (in target 'App' from project 'App')
    cd /Users/dean/Documents/MORI/apps/mobile/ios/App
    builtin-Swift-Compilation -- /Applications/Xcode.app/Contents/Developer/Toolchains/XcodeDefault.xctoolchain/usr/bin/swiftc -module-name App -Onone @/Users/dean/Documents/MORI/.state/ios-build/Build/Intermediates.noindex/App.build/Debug-iphonesimulator/App.build/Objects-normal/x86_64/App.SwiftFileList -DDEBUG -D COCOAPODS -DDEBUG -enable-bare-slash-regex -enable-experimental-feature DebugDescriptionMacro -sdk /Applications/Xcode.app/Contents/Developer/Platforms/iPhoneSimulator.platform/Developer/SDKs/iPhoneSimulator27.0.sdk -target x86_64-apple-ios15.0-simulator -g -module-cache-path /Users/dean/Documents/MORI/.state/ios-build/ModuleCache.noindex -Xfrontend -serialize-debugging-options -enable-testing -index-store-path /Users/dean/Documents/MORI/.state/ios-build/Index.noindex/DataStore -Xcc -D_LIBCPP_HARDENING_MODE\=_LIBCPP_HARDENING_MODE_DEBUG -swift-version 5 -I /Users/dean/Documents/MORI/.state/ios-build/Build/Products/Debug-iphonesimulator -F /Users/dean/Documents/MORI/.state/ios-build/Build/Products/Debug-iphonesimulator/PackageFrameworks -F /Users/dean/Documents/MORI/.state/ios-build/Build/Products/Debug-iphonesimulator -c -j10 -enable-batch-mode -incremental -Xcc -ivfsstatcache -Xcc /Users/dean/Documents/MORI/.state/ios-build/SDKStatCaches.noindex/iphonesimulator27.0-24A430-8dc58220667be655e1bcc261a7455254.sdkstatcache -output-file-map /Users/dean/Documents/MORI/.state/ios-build/Build/Intermediates.noindex/App.build/Debug-iphonesimulator/App.build/Objects-normal/x86_64/App-OutputFileMap.json -save-temps -no-color-diagnostics -explicit-module-build -module-cache-path /Users/dean/Documents/MORI/.state/ios-build/Build/Intermediates.noindex/SwiftExplicitPrecompiledModules -clang-scanner-module-cache-path /Users/dean/Documents/MORI/.state/ios-build/ModuleCache.noindex -sdk-module-cache-path /Users/dean/Documents/MORI/.state/ios-build/SDKExplicitPrecompiledModules -emit-dependencies -emit-module -emit-module-path /Users/dean/Documents/MORI/.state/ios-build/Build/Intermediates.noindex/App.build/Debug-iphonesimulator/App.build/Objects-normal/x86_64/App.swiftmodule -serialize-diagnostics -dependency-scan-serialize-diagnostics-path /Users/dean/Documents/MORI/.state/ios-build/Build/Intermediates.noindex/App.build/Debug-iphonesimulator/App.build/Objects-normal/x86_64/App-dependency-scan.dia -validate-clang-modules-once -clang-build-session-file /Users/dean/Documents/MORI/.state/ios-build/ModuleCache.noindex/Session.modulevalidation -Xcc -fmodules-prune-interval\=86400 -Xcc -fmodules-prune-after\=345600 -emit-const-values -const-gather-protocols-list /Users/dean/Documents/MORI/.state/ios-build/Build/Intermediates.noindex/App.build/Debug-iphonesimulator/App.build/Objects-normal/x86_64/App_const_extract_protocols.json -Xcc -iquote -Xcc /Users/dean/Documents/MORI/.state/ios-build/Build/Intermediates.noindex/App.build/Debug-iphonesimulator/App.build/App-generated-files.hmap -Xcc -I/Users/dean/Documents/MORI/.state/ios-build/Build/Intermediates.noindex/App.build/Debug-iphonesimulator/App.build/App-own-target-headers.hmap -Xcc -I/Users/dean/Documents/MORI/.state/ios-build/Build/Intermediates.noindex/App.build/Debug-iphonesimulator/App.build/App-all-non-framework-target-headers.hmap -Xcc -ivfsoverlay -Xcc /Users/dean/Documents/MORI/.state/ios-build/Build/Intermediates.noindex/App.build/Debug-iphonesimulator/App-0ca3007d900a678c2b4d53418799ee3d-VFS-iphonesimulator/all-product-headers.yaml -Xcc -iquote -Xcc /Users/dean/Documents/MORI/.state/ios-build/Build/Intermediates.noindex/App.build/Debug-iphonesimulator/App.build/App-project-headers.hmap -Xcc -I/Users/dean/Documents/MORI/.state/ios-build/Build/Products/Debug-iphonesimulator/include -Xcc -I/Users/dean/Documents/MORI/.state/ios-build/Build/Intermediates.noindex/App.build/Debug-iphonesimulator/App.build/DerivedSources-normal/x86_64 -Xcc -I/Users/dean/Documents/MORI/.state/ios-build/Build/Intermediates.noindex/App.build/Debug-iphonesimulator/App.build/DerivedSources/x86_64 -Xcc -I/Users/dean/Documents/MORI/.state/ios-build/Build/Intermediates.noindex/App.build/Debug-iphonesimulator/App.build/DerivedSources -Xcc -DDEBUG\=1 -emit-objc-header -emit-objc-header-path /Users/dean/Documents/MORI/.state/ios-build/Build/Intermediates.noindex/App.build/Debug-iphonesimulator/App.build/Objects-normal/x86_64/App-Swift.h -working-directory /Users/dean/Documents/MORI/apps/mobile/ios/App -experimental-emit-module-separately -disable-cmo

Ld /Users/dean/Documents/MORI/.state/ios-build/Build/Intermediates.noindex/App.build/Debug-iphonesimulator/App.build/Objects-normal/x86_64/Binary/App.debug.dylib normal x86_64 (in target 'App' from project 'App')
    cd /Users/dean/Documents/MORI/apps/mobile/ios/App
    /Applications/Xcode.app/Contents/Developer/Toolchains/XcodeDefault.xctoolchain/usr/bin/clang -Xlinker -reproducible -target x86_64-apple-ios15.0-simulator -dynamiclib -isysroot /Applications/Xcode.app/Contents/Developer/Platforms/iPhoneSimulator.platform/Developer/SDKs/iPhoneSimulator27.0.sdk -O0 -Xlinker -no_warn_duplicate_libraries -L/Users/dean/Documents/MORI/.state/ios-build/Build/Intermediates.noindex/EagerLinkingTBDs/Debug-iphonesimulator -L/Users/dean/Documents/MORI/.state/ios-build/Build/Products/Debug-iphonesimulator -F/Users/dean/Documents/MORI/.state/ios-build/Build/Intermediates.noindex/EagerLinkingTBDs/Debug-iphonesimulator -F/Users/dean/Documents/MORI/.state/ios-build/Build/Products/Debug-iphonesimulator/PackageFrameworks -F/Users/dean/Documents/MORI/.state/ios-build/Build/Products/Debug-iphonesimulator -filelist /Users/dean/Documents/MORI/.state/ios-build/Build/Intermediates.noindex/App.build/Debug-iphonesimulator/App.build/Objects-normal/x86_64/App.LinkFileList -install_name @rpath/App.debug.dylib -Xlinker -rpath -Xlinker /usr/lib/swift -Xlinker -rpath -Xlinker @loader_path -Xlinker -rpath -Xlinker /Users/dean/Documents/MORI/.state/ios-build/Build/Products/Debug-iphonesimulator/PackageFrameworks -Xlinker -rpath -Xlinker @executable_path/Frameworks -Xlinker -dead_strip -Xlinker -object_path_lto -Xlinker /Users/dean/Documents/MORI/.state/ios-build/Build/Intermediates.noindex/App.build/Debug-iphonesimulator/App.build/Objects-normal/x86_64/App_lto.o -rdynamic -Xlinker -no_deduplicate -Xlinker -objc_abi_version -Xlinker 2 -Xlinker -dependency_info -Xlinker /Users/dean/Documents/MORI/.state/ios-build/Build/Intermediates.noindex/App.build/Debug-iphonesimulator/App.build/Objects-normal/x86_64/App_dependency_info.dat -fobjc-link-runtime -L/Applications/Xcode.app/Contents/Developer/Toolchains/XcodeDefault.xctoolchain/usr/lib/swift/iphonesimulator -L/usr/lib/swift -Xlinker -add_ast_path -Xlinker /Users/dean/Documents/MORI/.state/ios-build/Build/Intermediates.noindex/App.build/Debug-iphonesimulator/App.build/Objects-normal/x86_64/App.swiftmodule -Xlinker -alias -Xlinker _main -Xlinker ___debug_main_executable_dylib_entry_point -framework Capacitor -framework Capacitor -framework Cordova -framework Cordova -framework Capacitor -framework Cordova -o /Users/dean/Documents/MORI/.state/ios-build/Build/Intermediates.noindex/App.build/Debug-iphonesimulator/App.build/Objects-normal/x86_64/Binary/App.debug.dylib

SwiftDriverJobDiscovery normal arm64 Compiling GeneratedAssetSymbols.swift (in target 'App' from project 'App')

SwiftDriver\ Compilation App normal arm64 com.apple.xcode.tools.swift.compiler (in target 'App' from project 'App')
    cd /Users/dean/Documents/MORI/apps/mobile/ios/App
    builtin-Swift-Compilation -- /Applications/Xcode.app/Contents/Developer/Toolchains/XcodeDefault.xctoolchain/usr/bin/swiftc -module-name App -Onone @/Users/dean/Documents/MORI/.state/ios-build/Build/Intermediates.noindex/App.build/Debug-iphonesimulator/App.build/Objects-normal/arm64/App.SwiftFileList -DDEBUG -D COCOAPODS -DDEBUG -enable-bare-slash-regex -enable-experimental-feature DebugDescriptionMacro -sdk /Applications/Xcode.app/Contents/Developer/Platforms/iPhoneSimulator.platform/Developer/SDKs/iPhoneSimulator27.0.sdk -target arm64-apple-ios15.0-simulator -g -module-cache-path /Users/dean/Documents/MORI/.state/ios-build/ModuleCache.noindex -Xfrontend -serialize-debugging-options -enable-testing -index-store-path /Users/dean/Documents/MORI/.state/ios-build/Index.noindex/DataStore -Xcc -D_LIBCPP_HARDENING_MODE\=_LIBCPP_HARDENING_MODE_DEBUG -swift-version 5 -I /Users/dean/Documents/MORI/.state/ios-build/Build/Products/Debug-iphonesimulator -F /Users/dean/Documents/MORI/.state/ios-build/Build/Products/Debug-iphonesimulator/PackageFrameworks -F /Users/dean/Documents/MORI/.state/ios-build/Build/Products/Debug-iphonesimulator -c -j10 -enable-batch-mode -incremental -Xcc -ivfsstatcache -Xcc /Users/dean/Documents/MORI/.state/ios-build/SDKStatCaches.noindex/iphonesimulator27.0-24A430-8dc58220667be655e1bcc261a7455254.sdkstatcache -output-file-map /Users/dean/Documents/MORI/.state/ios-build/Build/Intermediates.noindex/App.build/Debug-iphonesimulator/App.build/Objects-normal/arm64/App-OutputFileMap.json -save-temps -no-color-diagnostics -explicit-module-build -module-cache-path /Users/dean/Documents/MORI/.state/ios-build/Build/Intermediates.noindex/SwiftExplicitPrecompiledModules -clang-scanner-module-cache-path /Users/dean/Documents/MORI/.state/ios-build/ModuleCache.noindex -sdk-module-cache-path /Users/dean/Documents/MORI/.state/ios-build/SDKExplicitPrecompiledModules -emit-dependencies -emit-module -emit-module-path /Users/dean/Documents/MORI/.state/ios-build/Build/Intermediates.noindex/App.build/Debug-iphonesimulator/App.build/Objects-normal/arm64/App.swiftmodule -serialize-diagnostics -dependency-scan-serialize-diagnostics-path /Users/dean/Documents/MORI/.state/ios-build/Build/Intermediates.noindex/App.build/Debug-iphonesimulator/App.build/Objects-normal/arm64/App-dependency-scan.dia -validate-clang-modules-once -clang-build-session-file /Users/dean/Documents/MORI/.state/ios-build/ModuleCache.noindex/Session.modulevalidation -Xcc -fmodules-prune-interval\=86400 -Xcc -fmodules-prune-after\=345600 -emit-const-values -const-gather-protocols-list /Users/dean/Documents/MORI/.state/ios-build/Build/Intermediates.noindex/App.build/Debug-iphonesimulator/App.build/Objects-normal/arm64/App_const_extract_protocols.json -Xcc -iquote -Xcc /Users/dean/Documents/MORI/.state/ios-build/Build/Intermediates.noindex/App.build/Debug-iphonesimulator/App.build/App-generated-files.hmap -Xcc -I/Users/dean/Documents/MORI/.state/ios-build/Build/Intermediates.noindex/App.build/Debug-iphonesimulator/App.build/App-own-target-headers.hmap -Xcc -I/Users/dean/Documents/MORI/.state/ios-build/Build/Intermediates.noindex/App.build/Debug-iphonesimulator/App.build/App-all-non-framework-target-headers.hmap -Xcc -ivfsoverlay -Xcc /Users/dean/Documents/MORI/.state/ios-build/Build/Intermediates.noindex/App.build/Debug-iphonesimulator/App-0ca3007d900a678c2b4d53418799ee3d-VFS-iphonesimulator/all-product-headers.yaml -Xcc -iquote -Xcc /Users/dean/Documents/MORI/.state/ios-build/Build/Intermediates.noindex/App.build/Debug-iphonesimulator/App.build/App-project-headers.hmap -Xcc -I/Users/dean/Documents/MORI/.state/ios-build/Build/Products/Debug-iphonesimulator/include -Xcc -I/Users/dean/Documents/MORI/.state/ios-build/Build/Intermediates.noindex/App.build/Debug-iphonesimulator/App.build/DerivedSources-normal/arm64 -Xcc -I/Users/dean/Documents/MORI/.state/ios-build/Build/Intermediates.noindex/App.build/Debug-iphonesimulator/App.build/DerivedSources/arm64 -Xcc -I/Users/dean/Documents/MORI/.state/ios-build/Build/Intermediates.noindex/App.build/Debug-iphonesimulator/App.build/DerivedSources -Xcc -DDEBUG\=1 -emit-objc-header -emit-objc-header-path /Users/dean/Documents/MORI/.state/ios-build/Build/Intermediates.noindex/App.build/Debug-iphonesimulator/App.build/Objects-normal/arm64/App-Swift.h -working-directory /Users/dean/Documents/MORI/apps/mobile/ios/App -experimental-emit-module-separately -disable-cmo

Ld /Users/dean/Documents/MORI/.state/ios-build/Build/Intermediates.noindex/App.build/Debug-iphonesimulator/App.build/Objects-normal/arm64/Binary/App.debug.dylib normal arm64 (in target 'App' from project 'App')
    cd /Users/dean/Documents/MORI/apps/mobile/ios/App
    /Applications/Xcode.app/Contents/Developer/Toolchains/XcodeDefault.xctoolchain/usr/bin/clang -Xlinker -reproducible -target arm64-apple-ios15.0-simulator -dynamiclib -isysroot /Applications/Xcode.app/Contents/Developer/Platforms/iPhoneSimulator.platform/Developer/SDKs/iPhoneSimulator27.0.sdk -O0 -Xlinker -no_warn_duplicate_libraries -L/Users/dean/Documents/MORI/.state/ios-build/Build/Intermediates.noindex/EagerLinkingTBDs/Debug-iphonesimulator -L/Users/dean/Documents/MORI/.state/ios-build/Build/Products/Debug-iphonesimulator -F/Users/dean/Documents/MORI/.state/ios-build/Build/Intermediates.noindex/EagerLinkingTBDs/Debug-iphonesimulator -F/Users/dean/Documents/MORI/.state/ios-build/Build/Products/Debug-iphonesimulator/PackageFrameworks -F/Users/dean/Documents/MORI/.state/ios-build/Build/Products/Debug-iphonesimulator -filelist /Users/dean/Documents/MORI/.state/ios-build/Build/Intermediates.noindex/App.build/Debug-iphonesimulator/App.build/Objects-normal/arm64/App.LinkFileList -install_name @rpath/App.debug.dylib -Xlinker -rpath -Xlinker /usr/lib/swift -Xlinker -rpath -Xlinker @loader_path -Xlinker -rpath -Xlinker /Users/dean/Documents/MORI/.state/ios-build/Build/Products/Debug-iphonesimulator/PackageFrameworks -Xlinker -rpath -Xlinker @executable_path/Frameworks -Xlinker -dead_strip -Xlinker -object_path_lto -Xlinker /Users/dean/Documents/MORI/.state/ios-build/Build/Intermediates.noindex/App.build/Debug-iphonesimulator/App.build/Objects-normal/arm64/App_lto.o -rdynamic -Xlinker -no_deduplicate -Xlinker -objc_abi_version -Xlinker 2 -Xlinker -dependency_info -Xlinker /Users/dean/Documents/MORI/.state/ios-build/Build/Intermediates.noindex/App.build/Debug-iphonesimulator/App.build/Objects-normal/arm64/App_dependency_info.dat -fobjc-link-runtime -L/Applications/Xcode.app/Contents/Developer/Toolchains/XcodeDefault.xctoolchain/usr/lib/swift/iphonesimulator -L/usr/lib/swift -Xlinker -add_ast_path -Xlinker /Users/dean/Documents/MORI/.state/ios-build/Build/Intermediates.noindex/App.build/Debug-iphonesimulator/App.build/Objects-normal/arm64/App.swiftmodule -Xlinker -alias -Xlinker _main -Xlinker ___debug_main_executable_dylib_entry_point -framework Capacitor -framework Capacitor -framework Cordova -framework Cordova -framework Capacitor -framework Cordova -o /Users/dean/Documents/MORI/.state/ios-build/Build/Intermediates.noindex/App.build/Debug-iphonesimulator/App.build/Objects-normal/arm64/Binary/App.debug.dylib

CreateUniversalBinary /Users/dean/Documents/MORI/.state/ios-build/Build/Products/Debug-iphonesimulator/App.app/App.debug.dylib normal arm64\ x86_64 (in target 'App' from project 'App')
    cd /Users/dean/Documents/MORI/apps/mobile/ios/App
    /Applications/Xcode.app/Contents/Developer/Toolchains/XcodeDefault.xctoolchain/usr/bin/lipo -create /Users/dean/Documents/MORI/.state/ios-build/Build/Intermediates.noindex/App.build/Debug-iphonesimulator/App.build/Objects-normal/arm64/Binary/App.debug.dylib /Users/dean/Documents/MORI/.state/ios-build/Build/Intermediates.noindex/App.build/Debug-iphonesimulator/App.build/Objects-normal/x86_64/Binary/App.debug.dylib -output /Users/dean/Documents/MORI/.state/ios-build/Build/Products/Debug-iphonesimulator/App.app/App.debug.dylib

ConstructStubExecutorLinkFileList /Users/dean/Documents/MORI/.state/ios-build/Build/Intermediates.noindex/App.build/Debug-iphonesimulator/App.build/App-ExecutorLinkFileList-normal-arm64.txt (in target 'App' from project 'App')
    cd /Users/dean/Documents/MORI/apps/mobile/ios/App
    construct-stub-executor-link-file-list /Users/dean/Documents/MORI/.state/ios-build/Build/Intermediates.noindex/App.build/Debug-iphonesimulator/App.build/Objects-normal/arm64/Binary/App.debug.dylib /Applications/Xcode.app/Contents/Developer/Platforms/iPhoneSimulator.platform/Developer/usr/lib/libPreviewsJITStubExecutor_no_swift_entry_point.a /Applications/Xcode.app/Contents/Developer/Platforms/iPhoneSimulator.platform/Developer/usr/lib/libPreviewsJITStubExecutor.a --output /Users/dean/Documents/MORI/.state/ios-build/Build/Intermediates.noindex/App.build/Debug-iphonesimulator/App.build/App-ExecutorLinkFileList-normal-arm64.txt
note: Using stub executor library with Swift entry point. (in target 'App' from project 'App')

ConstructStubExecutorLinkFileList /Users/dean/Documents/MORI/.state/ios-build/Build/Intermediates.noindex/App.build/Debug-iphonesimulator/App.build/App-ExecutorLinkFileList-normal-x86_64.txt (in target 'App' from project 'App')
    cd /Users/dean/Documents/MORI/apps/mobile/ios/App
    construct-stub-executor-link-file-list /Users/dean/Documents/MORI/.state/ios-build/Build/Intermediates.noindex/App.build/Debug-iphonesimulator/App.build/Objects-normal/x86_64/Binary/App.debug.dylib /Applications/Xcode.app/Contents/Developer/Platforms/iPhoneSimulator.platform/Developer/usr/lib/libPreviewsJITStubExecutor_no_swift_entry_point.a /Applications/Xcode.app/Contents/Developer/Platforms/iPhoneSimulator.platform/Developer/usr/lib/libPreviewsJITStubExecutor.a --output /Users/dean/Documents/MORI/.state/ios-build/Build/Intermediates.noindex/App.build/Debug-iphonesimulator/App.build/App-ExecutorLinkFileList-normal-x86_64.txt
note: Using stub executor library with Swift entry point. (in target 'App' from project 'App')

Ld /Users/dean/Documents/MORI/.state/ios-build/Build/Intermediates.noindex/App.build/Debug-iphonesimulator/App.build/Objects-normal/x86_64/Binary/App normal x86_64 (in target 'App' from project 'App')
    cd /Users/dean/Documents/MORI/apps/mobile/ios/App
    /Applications/Xcode.app/Contents/Developer/Toolchains/XcodeDefault.xctoolchain/usr/bin/clang -Xlinker -reproducible -target x86_64-apple-ios15.0-simulator -isysroot /Applications/Xcode.app/Contents/Developer/Platforms/iPhoneSimulator.platform/Developer/SDKs/iPhoneSimulator27.0.sdk -O0 -Xlinker -no_warn_duplicate_libraries -L/Users/dean/Documents/MORI/.state/ios-build/Build/Products/Debug-iphonesimulator -F/Users/dean/Documents/MORI/.state/ios-build/Build/Products/Debug-iphonesimulator/PackageFrameworks -F/Users/dean/Documents/MORI/.state/ios-build/Build/Products/Debug-iphonesimulator -Xlinker -rpath -Xlinker @executable_path -Xlinker -rpath -Xlinker @loader_path -Xlinker -rpath -Xlinker /Users/dean/Documents/MORI/.state/ios-build/Build/Products/Debug-iphonesimulator/PackageFrameworks -Xlinker -rpath -Xlinker @executable_path/Frameworks -rdynamic -Xlinker -no_deduplicate -Xlinker -objc_abi_version -Xlinker 2 -e ___debug_blank_executor_main -Xlinker -sectcreate -Xlinker __TEXT -Xlinker __debug_dylib -Xlinker /Users/dean/Documents/MORI/.state/ios-build/Build/Intermediates.noindex/App.build/Debug-iphonesimulator/App.build/App-DebugDylibPath-normal-x86_64.txt -Xlinker -sectcreate -Xlinker __TEXT -Xlinker __debug_instlnm -Xlinker /Users/dean/Documents/MORI/.state/ios-build/Build/Intermediates.noindex/App.build/Debug-iphonesimulator/App.build/App-DebugDylibInstallName-normal-x86_64.txt -Xlinker -filelist -Xlinker /Users/dean/Documents/MORI/.state/ios-build/Build/Intermediates.noindex/App.build/Debug-iphonesimulator/App.build/App-ExecutorLinkFileList-normal-x86_64.txt /Users/dean/Documents/MORI/.state/ios-build/Build/Intermediates.noindex/App.build/Debug-iphonesimulator/App.build/Objects-normal/x86_64/Binary/App.debug.dylib -o /Users/dean/Documents/MORI/.state/ios-build/Build/Intermediates.noindex/App.build/Debug-iphonesimulator/App.build/Objects-normal/x86_64/Binary/App

Ld /Users/dean/Documents/MORI/.state/ios-build/Build/Intermediates.noindex/App.build/Debug-iphonesimulator/App.build/Objects-normal/arm64/Binary/App normal arm64 (in target 'App' from project 'App')
    cd /Users/dean/Documents/MORI/apps/mobile/ios/App
    /Applications/Xcode.app/Contents/Developer/Toolchains/XcodeDefault.xctoolchain/usr/bin/clang -Xlinker -reproducible -target arm64-apple-ios15.0-simulator -isysroot /Applications/Xcode.app/Contents/Developer/Platforms/iPhoneSimulator.platform/Developer/SDKs/iPhoneSimulator27.0.sdk -O0 -Xlinker -no_warn_duplicate_libraries -L/Users/dean/Documents/MORI/.state/ios-build/Build/Products/Debug-iphonesimulator -F/Users/dean/Documents/MORI/.state/ios-build/Build/Products/Debug-iphonesimulator/PackageFrameworks -F/Users/dean/Documents/MORI/.state/ios-build/Build/Products/Debug-iphonesimulator -Xlinker -rpath -Xlinker @executable_path -Xlinker -rpath -Xlinker @loader_path -Xlinker -rpath -Xlinker /Users/dean/Documents/MORI/.state/ios-build/Build/Products/Debug-iphonesimulator/PackageFrameworks -Xlinker -rpath -Xlinker @executable_path/Frameworks -rdynamic -Xlinker -no_deduplicate -Xlinker -objc_abi_version -Xlinker 2 -e ___debug_blank_executor_main -Xlinker -sectcreate -Xlinker __TEXT -Xlinker __debug_dylib -Xlinker /Users/dean/Documents/MORI/.state/ios-build/Build/Intermediates.noindex/App.build/Debug-iphonesimulator/App.build/App-DebugDylibPath-normal-arm64.txt -Xlinker -sectcreate -Xlinker __TEXT -Xlinker __debug_instlnm -Xlinker /Users/dean/Documents/MORI/.state/ios-build/Build/Intermediates.noindex/App.build/Debug-iphonesimulator/App.build/App-DebugDylibInstallName-normal-arm64.txt -Xlinker -filelist -Xlinker /Users/dean/Documents/MORI/.state/ios-build/Build/Intermediates.noindex/App.build/Debug-iphonesimulator/App.build/App-ExecutorLinkFileList-normal-arm64.txt /Users/dean/Documents/MORI/.state/ios-build/Build/Intermediates.noindex/App.build/Debug-iphonesimulator/App.build/Objects-normal/arm64/Binary/App.debug.dylib -o /Users/dean/Documents/MORI/.state/ios-build/Build/Intermediates.noindex/App.build/Debug-iphonesimulator/App.build/Objects-normal/arm64/Binary/App

CreateUniversalBinary /Users/dean/Documents/MORI/.state/ios-build/Build/Products/Debug-iphonesimulator/App.app/App normal arm64\ x86_64 (in target 'App' from project 'App')
    cd /Users/dean/Documents/MORI/apps/mobile/ios/App
    /Applications/Xcode.app/Contents/Developer/Toolchains/XcodeDefault.xctoolchain/usr/bin/lipo -create /Users/dean/Documents/MORI/.state/ios-build/Build/Intermediates.noindex/App.build/Debug-iphonesimulator/App.build/Objects-normal/arm64/Binary/App /Users/dean/Documents/MORI/.state/ios-build/Build/Intermediates.noindex/App.build/Debug-iphonesimulator/App.build/Objects-normal/x86_64/Binary/App -output /Users/dean/Documents/MORI/.state/ios-build/Build/Products/Debug-iphonesimulator/App.app/App

CopySwiftLibs /Users/dean/Documents/MORI/.state/ios-build/Build/Products/Debug-iphonesimulator/App.app (in target 'App' from project 'App')
    cd /Users/dean/Documents/MORI/apps/mobile/ios/App
    builtin-swiftStdLibTool --copy --verbose --scan-executable /Users/dean/Documents/MORI/.state/ios-build/Build/Products/Debug-iphonesimulator/App.app/App.debug.dylib --scan-folder /Users/dean/Documents/MORI/.state/ios-build/Build/Products/Debug-iphonesimulator/App.app/Frameworks --scan-folder /Users/dean/Documents/MORI/.state/ios-build/Build/Products/Debug-iphonesimulator/App.app/PlugIns --scan-folder /Users/dean/Documents/MORI/.state/ios-build/Build/Products/Debug-iphonesimulator/App.app/SystemExtensions --scan-folder /Users/dean/Documents/MORI/.state/ios-build/Build/Products/Debug-iphonesimulator/App.app/Extensions --platform iphonesimulator --toolchain /Applications/Xcode.app/Contents/Developer/Toolchains/XcodeDefault.xctoolchain --destination /Users/dean/Documents/MORI/.state/ios-build/Build/Products/Debug-iphonesimulator/App.app/Frameworks --strip-bitcode --strip-bitcode-tool /Applications/Xcode.app/Contents/Developer/Toolchains/XcodeDefault.xctoolchain/usr/bin/bitcode_strip --emit-dependency-info /Users/dean/Documents/MORI/.state/ios-build/Build/Intermediates.noindex/App.build/Debug-iphonesimulator/App.build/SwiftStdLibToolInputDependencies.dep --filter-for-swift-os --back-deploy-swift-span
Ignoring --strip-bitcode because --sign was not passed

ExtractAppIntentsMetadata (in target 'App' from project 'App')
    cd /Users/dean/Documents/MORI/apps/mobile/ios/App
    /Applications/Xcode.app/Contents/Developer/Toolchains/XcodeDefault.xctoolchain/usr/bin/appintentsmetadataprocessor --toolchain-dir /Applications/Xcode.app/Contents/Developer/Toolchains/XcodeDefault.xctoolchain --module-name App --sdk-root /Applications/Xcode.app/Contents/Developer/Platforms/iPhoneSimulator.platform/Developer/SDKs/iPhoneSimulator27.0.sdk --xcode-version 27A266a --platform-family iOS --deployment-target 15.0 --bundle-identifier dev.mori.console --output /Users/dean/Documents/MORI/.state/ios-build/Build/Products/Debug-iphonesimulator/App.app --target-triple arm64-apple-ios15.0-simulator --target-triple x86_64-apple-ios15.0-simulator --binary-file /Users/dean/Documents/MORI/.state/ios-build/Build/Products/Debug-iphonesimulator/App.app/App --dependency-file /Users/dean/Documents/MORI/.state/ios-build/Build/Intermediates.noindex/App.build/Debug-iphonesimulator/App.build/Objects-normal/arm64/App_dependency_info.dat --dependency-file /Users/dean/Documents/MORI/.state/ios-build/Build/Intermediates.noindex/App.build/Debug-iphonesimulator/App.build/Objects-normal/x86_64/App_dependency_info.dat --stringsdata-file /Users/dean/Documents/MORI/.state/ios-build/Build/Intermediates.noindex/App.build/Debug-iphonesimulator/App.build/Objects-normal/arm64/ExtractedAppShortcutsMetadata.stringsdata --stringsdata-file /Users/dean/Documents/MORI/.state/ios-build/Build/Intermediates.noindex/App.build/Debug-iphonesimulator/App.build/Objects-normal/x86_64/ExtractedAppShortcutsMetadata.stringsdata --source-file-list /Users/dean/Documents/MORI/.state/ios-build/Build/Intermediates.noindex/App.build/Debug-iphonesimulator/App.build/Objects-normal/arm64/App.SwiftFileList --source-file-list /Users/dean/Documents/MORI/.state/ios-build/Build/Intermediates.noindex/App.build/Debug-iphonesimulator/App.build/Objects-normal/x86_64/App.SwiftFileList --metadata-file-list /Users/dean/Documents/MORI/.state/ios-build/Build/Intermediates.noindex/App.build/Debug-iphonesimulator/App.build/App.DependencyMetadataFileList --static-metadata-file-list /Users/dean/Documents/MORI/.state/ios-build/Build/Intermediates.noindex/App.build/Debug-iphonesimulator/App.build/App.DependencyStaticMetadataFileList --swift-const-vals-list /Users/dean/Documents/MORI/.state/ios-build/Build/Intermediates.noindex/App.build/Debug-iphonesimulator/App.build/Objects-normal/arm64/App.SwiftConstValuesFileList --swift-const-vals-list /Users/dean/Documents/MORI/.state/ios-build/Build/Intermediates.noindex/App.build/Debug-iphonesimulator/App.build/Objects-normal/x86_64/App.SwiftConstValuesFileList --compile-time-extraction --deployment-aware-processing --no-app-shortcuts-localization
2026-09-21 22:15:35.683 appintentsmetadataprocessor[39041:11684719] Starting appintentsmetadataprocessor export
2026-09-21 22:15:35.684 appintentsmetadataprocessor[39041:11684719] warning: Metadata extraction skipped, no AppIntents.framework dependency found

AppIntentsSSUTraining (in target 'App' from project 'App')
    cd /Users/dean/Documents/MORI/apps/mobile/ios/App
    /Applications/Xcode.app/Contents/Developer/Toolchains/XcodeDefault.xctoolchain/usr/bin/appintentsnltrainingprocessor --infoplist-path /Users/dean/Documents/MORI/.state/ios-build/Build/Products/Debug-iphonesimulator/App.app/Info.plist --temp-dir-path /Users/dean/Documents/MORI/.state/ios-build/Build/Intermediates.noindex/App.build/Debug-iphonesimulator/App.build/ssu --bundle-id dev.mori.console --product-path /Users/dean/Documents/MORI/.state/ios-build/Build/Products/Debug-iphonesimulator/App.app --extracted-metadata-path /Users/dean/Documents/MORI/.state/ios-build/Build/Products/Debug-iphonesimulator/App.app/Metadata.appintents --metadata-file-list /Users/dean/Documents/MORI/.state/ios-build/Build/Intermediates.noindex/App.build/Debug-iphonesimulator/App.build/App.DependencyMetadataFileList --source-file /Users/dean/Documents/MORI/.state/ios-build/Build/Products/Debug-iphonesimulator/App.app/Info.plist --archive-ssu-assets
2026-09-21 22:15:35.704 appintentsnltrainingprocessor[39042:11684720] Parsing options for appintentsnltrainingprocessor
2026-09-21 22:15:35.705 appintentsnltrainingprocessor[39042:11684720] Starting AppIntents SSU YAML Generation
2026-09-21 22:15:35.706 appintentsnltrainingprocessor[39042:11684720] No AppShortcuts found - Skipping.

RegisterExecutionPolicyException /Users/dean/Documents/MORI/.state/ios-build/Build/Products/Debug-iphonesimulator/App.app (in target 'App' from project 'App')
    cd /Users/dean/Documents/MORI/apps/mobile/ios/App
    builtin-RegisterExecutionPolicyException /Users/dean/Documents/MORI/.state/ios-build/Build/Products/Debug-iphonesimulator/App.app

Validate /Users/dean/Documents/MORI/.state/ios-build/Build/Products/Debug-iphonesimulator/App.app (in target 'App' from project 'App')
    cd /Users/dean/Documents/MORI/apps/mobile/ios/App
    builtin-validationUtility /Users/dean/Documents/MORI/.state/ios-build/Build/Products/Debug-iphonesimulator/App.app -shallow-bundle -infoplist-subpath Info.plist

Touch /Users/dean/Documents/MORI/.state/ios-build/Build/Products/Debug-iphonesimulator/App.app (in target 'App' from project 'App')
    cd /Users/dean/Documents/MORI/apps/mobile/ios/App
    /usr/bin/touch -c /Users/dean/Documents/MORI/.state/ios-build/Build/Products/Debug-iphonesimulator/App.app

PruneExplicitPrecompiledModules /Users/dean/Documents/MORI/.state/ios-build/SDKExplicitPrecompiledModules

PruneExplicitPrecompiledModules /Users/dean/Documents/MORI/.state/ios-build/Build/Intermediates.noindex/ExplicitPrecompiledModules

PruneExplicitPrecompiledModules /Users/dean/Documents/MORI/.state/ios-build/Build/Intermediates.noindex/SwiftExplicitPrecompiledModules

** BUILD SUCCEEDED **

