board,reference,category,side,track_layer,same_side,net,component_has_this_net,track_uuid,start_mm,end_mm,core_length_estimate_mm,body_rect_mm,first_body_sample_mm
MORI_motion_P4,J2,CONNECTOR,F.Cu,F.Cu,True,/S288_BUS,True,03fde02a-e7d1-4baf-9ffd-d3f0a3471cae,"(57.0, 3.5)","(55.1, 3.5)",1.711,"[55.14, 0.89, 61.45, 5.8]","[56.8388, 3.5]"
MORI_motion_P4,J2,CONNECTOR,F.Cu,B.Cu,False,/FAULT_N,False,2a5a1fc7-1cd8-44a3-a27f-df02514c5680,"(57.1, 4.0)","(54.3, 6.8)",2.546,"[55.14, 0.89, 61.45, 5.8]","[57.09117647058824, 4.008823529411765]"
MORI_motion_P4,J2,CONNECTOR,F.Cu,B.Cu,False,/FAULT_N,False,8a7fe191-6f94-4e4d-a3f7-245f350e1c1e,"(60.9, 7.8)","(57.1, 4.0)",2.546,"[55.14, 0.89, 61.45, 5.8]","[58.891176470588235, 5.791176470588235]"
MORI_motion_P4,J6,CONNECTOR,F.Cu,F.Cu,True,/USER_KEY_N,True,afd8495d-f847-4a9b-9ad5-73a293cf6ac1,"(48.0, 30.5)","(50.1, 30.5)",1.712,"[48.14, 27.89, 54.45, 32.800000000000004]","[48.15240506329114, 30.5]"
MORI_motion_P4,J6,CONNECTOR,F.Cu,B.Cu,False,/CHG_N,False,fba40578-35da-452f-bb41-ef49e5b2c21c,"(58.7, 31.5)","(47.2, 31.5)",6.31,"[48.14, 27.89, 54.45, 32.800000000000004]","[54.43752964426878, 31.5]"
MORI_motion_P4,J6,CONNECTOR,F.Cu,B.Cu,False,/CLR_N,False,0b8eb2e2-be5a-457e-9b79-d448e727b251,"(58.7, 31.0)","(49.8, 31.0)",4.65,"[48.14, 27.89, 54.45, 32.800000000000004]","[54.437566844919786, 31.0]"
MORI_motion_P4,J6,CONNECTOR,F.Cu,B.Cu,False,/CLR_N,False,a2f449fb-bcb4-4455-a54a-b1ed9fafac02,"(49.8, 31.0)","(47.5, 28.7)",2.348,"[48.14, 27.89, 54.45, 32.800000000000004]","[49.791170212765955, 30.991170212765958]"
MORI_motion_P4,J6,CONNECTOR,F.Cu,B.Cu,False,/CURRENT_ADC_IN,False,5783ab1f-b53b-4058-ba3c-10533e86ce9a,"(37.4, 27.9)","(48.4, 27.9)",0.26,"[48.14, 27.89, 54.45, 32.800000000000004]","[48.151818181818186, 27.9]"
MORI_motion_P4,J4,CONNECTOR,F.Cu,B.Cu,False,/USER_KEY_N,False,08dece14-e332-40e8-be74-dcbe6ec2d180,"(53.0, 22.9)","(53.0, 23.1)",0.2,"[48.39, 7.05, 53.300000000000004, 25.36]","[53.0, 22.91111111111111]"
MORI_motion_P4,J4,CONNECTOR,F.Cu,B.Cu,False,/USER_KEY_N,False,3835c6f9-0acc-4e9c-98b3-43ba3bef9291,"(55.9, 20.0)","(53.0, 22.9)",0.424,"[48.39, 7.05, 53.300000000000004, 25.36]","[53.29117647058824, 22.608823529411758]"
MORI_motion_P4,J4,CONNECTOR,F.Cu,B.Cu,False,/USER_KEY_N,False,4d92ab51-0b97-4e83-a7a8-95e663981be2,"(53.0, 23.1)","(51.3, 24.8)",2.404,"[48.39, 7.05, 53.300000000000004, 25.36]","[52.991237113402065, 23.10876288659794]"
MORI_motion_P4,J4,CONNECTOR,F.Cu,B.Cu,False,/USER_KEY_N,False,d6b6a2aa-47ac-416f-af5a-c32da06ad245,"(51.3, 24.8)","(47.9, 24.8)",2.91,"[48.39, 7.05, 53.300000000000004, 25.36]","[51.2875641025641, 24.8]"
MORI_motion_P4,J4,CONNECTOR,F.Cu,B.Cu,False,/+3V3,True,00cfe66d-a55d-4574-b1d4-50cdacc5c928,"(49.1, 18.3)","(49.1, 19.7)",1.4,"[48.39, 7.05, 53.300000000000004, 25.36]","[49.1, 18.3125]"
MORI_motion_P4,J4,CONNECTOR,F.Cu,B.Cu,False,/+3V3,True,136f7bd9-3e95-483a-9a9c-8175d89d5c82,"(49.1, 19.7)","(48.3, 20.5)",1.004,"[48.39, 7.05, 53.300000000000004, 25.36]","[49.091341463414636, 19.708658536585364]"
MORI_motion_P4,J4,CONNECTOR,F.Cu,B.Cu,False,/+3V3,True,c8be1473-068c-4fa1-b40d-4b266ca642d1,"(48.4, 17.9)","(48.7, 17.9)",0.3,"[48.39, 7.05, 53.300000000000004, 25.36]","[48.41153846153846, 17.9]"
MORI_motion_P4,J4,CONNECTOR,F.Cu,B.Cu,False,/+3V3,True,d37624ad-a9dd-4315-83ce-89cf88fe0407,"(48.7, 17.9)","(49.1, 18.3)",0.566,"[48.39, 7.05, 53.300000000000004, 25.36]","[48.708695652173915, 17.90869565217391]"
MORI_motion_P4,J4,CONNECTOR,F.Cu,F.Cu,True,/IMU_SCK,True,1becbc1e-05fc-41f8-97d7-452138cabeef,"(49.0, 14.5)","(47.8, 15.7)",0.863,"[48.39, 7.05, 53.300000000000004, 25.36]","[48.991285714285716, 14.508714285714285]"
MORI_motion_P4,J4,CONNECTOR,F.Cu,F.Cu,True,/IMU_SCK,True,2feaea60-757f-43cd-9b2c-18cf2e038a99,"(48.9, 15.2)","(47.7, 15.8)",0.57,"[48.39, 7.05, 53.300000000000004, 25.36]","[48.88891304347826, 15.20554347826087]"
MORI_motion_P4,J4,CONNECTOR,F.Cu,F.Cu,True,/IMU_SCK,True,3d81c1c4-99b0-4a86-8e3a-41b8a0a1172e,"(48.9, 14.6)","(49.0, 14.5)",0.141,"[48.39, 7.05, 53.300000000000004, 25.36]","[48.90833333333333, 14.591666666666667]"
MORI_motion_P4,J4,CONNECTOR,F.Cu,F.Cu,True,/IMU_SCK,True,85192812-be1d-4748-9700-6a3902bdbf0e,"(48.3, 16.8)","(49.4, 15.7)",1.428,"[48.39, 7.05, 53.300000000000004, 25.36]","[48.39870689655172, 16.701293103448272]"
MORI_motion_P4,J4,CONNECTOR,F.Cu,F.Cu,True,/IMU_SCK,True,c3135553-342e-4095-852f-986d69d366a4,"(49.4, 15.7)","(48.9, 15.2)",0.707,"[48.39, 7.05, 53.300000000000004, 25.36]","[49.391379310344824, 15.691379310344827]"
MORI_motion_P4,J4,CONNECTOR,F.Cu,F.Cu,True,/IMU_SCK,True,ecc84fc2-3b51-4960-8aa3-078dc17b8d33,"(50.5, 19.0)","(48.3, 16.8)",2.313,"[48.39, 7.05, 53.300000000000004, 25.36]","[50.01645833333333, 18.516458333333333]"
MORI_motion_P4,J4,CONNECTOR,F.Cu,B.Cu,False,/IMU_SCK,True,88a0b5ee-56e3-4439-90b4-df14d618e7f6,"(49.0, 14.4)","(49.0, 14.5)",0.1,"[48.39, 7.05, 53.300000000000004, 25.36]","[49.0, 14.4125]"
MORI_motion_P4,J4,CONNECTOR,F.Cu,B.Cu,False,/IMU_MOSI,True,25f090ae-f29f-4210-a5c3-a427898b438f,"(50.5, 17.0)","(47.2, 13.7)",2.313,"[48.39, 7.05, 53.300000000000004, 25.36]","[50.01645833333333, 16.516458333333333]"
MORI_motion_P4,J4,CONNECTOR,F.Cu,F.Cu,True,/IMU_MISO,True,116d647c-a10a-485e-bb0f-8def04b9df5c,"(48.5, 13.0)","(48.5, 10.8)",2.2,"[48.39, 7.05, 53.300000000000004, 25.36]","[48.5, 12.9875]"
MORI_motion_P4,J4,CONNECTOR,F.Cu,F.Cu,True,/IMU_MISO,True,15c264b9-c210-42bd-bf2f-f5a0a95a125e,"(50.5, 15.0)","(48.5, 13.0)",2.159,"[48.39, 7.05, 53.300000000000004, 25.36]","[50.01754385964912, 14.517543859649123]"
MORI_motion_P4,J4,CONNECTOR,F.Cu,F.Cu,True,/IMU_MISO,True,600bcbad-0b48-4b86-9721-a4af17e4b486,"(48.5, 10.8)","(47.5, 9.8)",0.156,"[48.39, 7.05, 53.300000000000004, 25.36]","[48.49214285714286, 10.792142857142858]"
MORI_motion_P4,J4,CONNECTOR,F.Cu,B.Cu,False,/IMU_CS,True,9d00bc0c-c655-4d1c-a27b-0ea3acef2fe4,"(47.0, 12.9)","(50.5, 12.9)",1.44,"[48.39, 7.05, 53.300000000000004, 25.36]","[48.40241176470588, 12.9]"
MORI_motion_P4,J4,CONNECTOR,F.Cu,F.Cu,True,/IMU_DRDY,True,85a51b55-0c46-43c8-ab56-0cc8ab5ed17e,"(51.8, 17.8)","(51.7, 17.6)",0.224,"[48.39, 7.05, 53.300000000000004, 25.36]","[51.794444444444444, 17.78888888888889]"
MORI_motion_P4,J4,CONNECTOR,F.Cu,F.Cu,True,/IMU_DRDY,True,87300a48-2c64-4954-8124-833fee5812f9,"(51.7, 17.6)","(51.5, 17.6)",0.2,"[48.39, 7.05, 53.300000000000004, 25.36]","[51.68888888888889, 17.6]"
MORI_motion_P4,J4,CONNECTOR,F.Cu,F.Cu,True,/IMU_DRDY,True,c740aa13-5ece-4127-929f-476c98d4639f,"(50.5, 11.6)","(51.5, 12.6)",1.315,"[48.39, 7.05, 53.300000000000004, 25.36]","[50.578947368421055, 11.678947368421053]"
MORI_motion_P4,J4,CONNECTOR,F.Cu,F.Cu,True,/IMU_DRDY,True,fa7ab7d7-62cf-42aa-878a-508efcbc2457,"(51.5, 12.6)","(51.5, 17.8)",5.2,"[48.39, 7.05, 53.300000000000004, 25.36]","[51.5, 12.61244019138756]"
MORI_motion_P4,J4,CONNECTOR,F.Cu,B.Cu,False,/IMU_DRDY,True,1804116b-b244-4acd-9694-bd6b158a3a78,"(50.9, 18.0)","(49.7, 18.0)",1.2,"[48.39, 7.05, 53.300000000000004, 25.36]","[50.887499999999996, 18.0]"
MORI_motion_P4,J4,CONNECTOR,F.Cu,B.Cu,False,/IMU_DRDY,True,257f91fd-06d9-4829-b7c5-6224082e7e70,"(49.7, 18.0)","(49.0, 17.3)",0.99,"[48.39, 7.05, 53.300000000000004, 25.36]","[49.691250000000004, 17.99125]"
MORI_motion_P4,J4,CONNECTOR,F.Cu,B.Cu,False,/IMU_DRDY,True,48f39d98-4abf-4503-b8d5-49019064f8c5,"(51.5, 17.8)","(51.1, 17.8)",0.4,"[48.39, 7.05, 53.300000000000004, 25.36]","[51.4875, 17.8]"
MORI_motion_P4,J4,CONNECTOR,F.Cu,B.Cu,False,/IMU_DRDY,True,619503b4-12d1-4282-af56-50c8ca721242,"(49.0, 17.2)","(47.9, 16.1)",0.863,"[48.39, 7.05, 53.300000000000004, 25.36]","[48.991285714285716, 17.191285714285712]"
MORI_motion_P4,J4,CONNECTOR,F.Cu,B.Cu,False,/IMU_DRDY,True,71875913-4cd6-40da-85ed-887404ba61cb,"(49.0, 17.3)","(49.0, 17.2)",0.1,"[48.39, 7.05, 53.300000000000004, 25.36]","[49.0, 17.29]"
MORI_motion_P4,J4,CONNECTOR,F.Cu,B.Cu,False,/IMU_DRDY,True,bfa1ff81-d34a-46da-b11f-0c8324876a14,"(51.1, 17.8)","(50.9, 18.0)",0.283,"[48.39, 7.05, 53.300000000000004, 25.36]","[51.09166666666667, 17.808333333333334]"
MORI_motion_P4,J4,CONNECTOR,F.Cu,B.Cu,False,/CAM_RX,False,04ed9929-733c-4169-985d-92769c807250,"(52.0, 8.9)","(50.9, 10.0)",1.556,"[48.39, 7.05, 53.300000000000004, 25.36]","[51.99126984126984, 8.90873015873016]"
MORI_motion_P4,J4,CONNECTOR,F.Cu,B.Cu,False,/CAM_RX,False,24193d0f-6552-4a6c-814e-70f7b169b58d,"(50.9, 10.0)","(49.5, 10.0)",1.4,"[48.39, 7.05, 53.300000000000004, 25.36]","[50.887499999999996, 10.0]"
MORI_motion_P4,J4,CONNECTOR,F.Cu,B.Cu,False,/CAM_RX,False,28f3eec1-2636-4512-a401-1e71b35ed510,"(43.2, 14.0)","(48.5, 8.7)",0.156,"[48.39, 7.05, 53.300000000000004, 25.36]","[48.39785714285714, 8.802142857142856]"
MORI_motion_P4,J4,CONNECTOR,F.Cu,B.Cu,False,/CAM_RX,False,4adb97ae-4ee3-4572-9bb1-2e76e438b85f,"(53.8, 8.9)","(52.0, 8.9)",1.3,"[48.39, 7.05, 53.300000000000004, 25.36]","[53.28773584905661, 8.9]"
MORI_motion_P4,J4,CONNECTOR,F.Cu,B.Cu,False,/CAM_RX,False,848c66a6-b91f-461f-9ca8-3f6fe6fe3e63,"(49.1, 9.0)","(48.8, 8.7)",0.424,"[48.39, 7.05, 53.300000000000004, 25.36]","[49.09117647058824, 8.991176470588234]"
MORI_motion_P4,J4,CONNECTOR,F.Cu,B.Cu,False,/CAM_RX,False,bd227ef9-b733-4059-ad97-e768cd610037,"(49.1, 9.6)","(49.1, 9.0)",0.6,"[48.39, 7.05, 53.300000000000004, 25.36]","[49.1, 9.5875]"
MORI_motion_P4,J4,CONNECTOR,F.Cu,B.Cu,False,/CAM_RX,False,cc659373-1c9e-4b63-97e7-9666cfc51ec0,"(48.8, 8.7)","(48.5, 8.7)",0.3,"[48.39, 7.05, 53.300000000000004, 25.36]","[48.787499999999994, 8.7]"
MORI_motion_P4,J4,CONNECTOR,F.Cu,B.Cu,False,/CAM_RX,False,dba60603-c8a1-43f6-ac44-8780ef4b7bf6,"(49.5, 10.0)","(49.1, 9.6)",0.566,"[48.39, 7.05, 53.300000000000004, 25.36]","[49.49130434782609, 9.991304347826087]"
MORI_motion_P4,J4,CONNECTOR,F.Cu,B.Cu,False,/CAM_TX,False,26d06a2b-7025-47b9-aa65-83f2ae4963ca,"(50.0, 12.15)","(50.15, 12.0)",0.212,"[48.39, 7.05, 53.300000000000004, 25.36]","[50.00833333333333, 12.141666666666667]"
MORI_motion_P4,J4,CONNECTOR,F.Cu,B.Cu,False,/CAM_TX,False,692d9c18-9d92-4bbb-a3b8-0369ba2063b0,"(50.15, 12.0)","(59.0, 12.0)",3.15,"[48.39, 7.05, 53.300000000000004, 25.36]","[50.16240157480315, 12.0]"
MORI_motion_P4,J4,CONNECTOR,F.Cu,B.Cu,False,/CAM_TX,False,795fb3d9-4eb0-4bdf-b4e7-2e523d27fa6c,"(47.75, 12.15)","(50.0, 12.15)",1.61,"[48.39, 7.05, 53.300000000000004, 25.36]","[48.40238461538462, 12.15]"
MORI_motion_P4,J4,CONNECTOR,F.Cu,B.Cu,False,/CAM_3V3,False,0363ad43-67ee-4812-b466-a9d09700dac9,"(51.7, 20.0)","(55.7, 16.0)",2.263,"[48.39, 7.05, 53.300000000000004, 25.36]","[51.70879120879121, 19.99120879120879]"
MORI_motion_P4,J4,CONNECTOR,F.Cu,B.Cu,False,/CAM_3V3,False,6e065952-2235-4aa3-ae1a-59f1f430d2f3,"(48.05, 21.25)","(48.85, 21.25)",0.46,"[48.39, 7.05, 53.300000000000004, 25.36]","[48.40210526315789, 21.25]"
MORI_motion_P4,J4,CONNECTOR,F.Cu,B.Cu,False,/CAM_3V3,False,f4edd102-620a-4f37-81a2-67e139135918,"(48.85, 21.25)","(50.1, 20.0)",1.768,"[48.39, 7.05, 53.300000000000004, 25.36]","[48.85880281690141, 21.241197183098592]"
MORI_motion_P4,J4,CONNECTOR,F.Cu,B.Cu,False,/CAM_3V3,False,f5d05896-5a14-4f2e-b26a-c6da88f0770d,"(50.1, 20.0)","(51.7, 20.0)",1.6,"[48.39, 7.05, 53.300000000000004, 25.36]","[50.112307692307695, 20.0]"
MORI_motion_P4,J4,CONNECTOR,F.Cu,B.Cu,False,/BAT_ADC_IN,False,146060fd-ae73-4870-b3e4-28631c7c4991,"(52.5, 22.1)","(52.5, 23.0)",0.9,"[48.39, 7.05, 53.300000000000004, 25.36]","[52.5, 22.1125]"
MORI_motion_P4,J4,CONNECTOR,F.Cu,B.Cu,False,/BAT_ADC_IN,False,87a82a27-6c86-426d-b080-0f0199696648,"(51.5, 24.0)","(49.7, 24.0)",1.8,"[48.39, 7.05, 53.300000000000004, 25.36]","[51.4875, 24.0]"
MORI_motion_P4,J4,CONNECTOR,F.Cu,B.Cu,False,/BAT_ADC_IN,False,88165ebf-cd4a-4131-820f-b82eb220585d,"(54.6, 20.0)","(52.5, 22.1)",1.131,"[48.39, 7.05, 53.300000000000004, 25.36]","[53.29130434782609, 21.30869565217391]"
MORI_motion_P4,J4,CONNECTOR,F.Cu,B.Cu,False,/BAT_ADC_IN,False,94b51ded-fc5b-4a5f-991e-7d1e6f8c5b6d,"(52.5, 23.0)","(51.5, 24.0)",1.414,"[48.39, 7.05, 53.300000000000004, 25.36]","[52.49122807017544, 23.00877192982456]"
MORI_motion_P4,J4,CONNECTOR,F.Cu,B.Cu,False,/BAT_ADC_IN,False,f1c69d9f-1246-49e6-9c94-eb3e934e15e7,"(49.7, 24.0)","(47.8, 22.1)",1.853,"[48.39, 7.05, 53.300000000000004, 25.36]","[49.69126666666667, 23.991266666666668]"
MORI_motion_P4,J5,CONNECTOR,F.Cu,B.Cu,False,/CAM_RX,True,e9041803-f2d4-4a7f-8f86-654072d09e19,"(65.0, 16.0)","(61.7, 12.7)",2.139,"[62.89, 8.05, 67.8, 18.36]","[64.393375, 15.393374999999999]"
MORI_motion_P4,J5,CONNECTOR,F.Cu,F.Cu,True,/CAM_TX,True,3a28224f-a845-4b76-9472-14dc1040d756,"(64.05, 14.35)","(64.5, 13.9)",0.392,"[62.89, 8.05, 67.8, 18.36]","[64.05865384615385, 14.341346153846153]"
MORI_motion_P4,J5,CONNECTOR,F.Cu,F.Cu,True,/CAM_TX,True,3cc6c770-cdac-4d9f-aef9-ebd4344ce2df,"(62.05, 14.65)","(63.2, 13.5)",0.438,"[62.89, 8.05, 67.8, 18.36]","[62.89861111111111, 13.801388888888889]"
MORI_motion_P4,J5,CONNECTOR,F.Cu,F.Cu,True,/CAM_TX,True,3e988c52-fbc2-4074-99bb-33cfda7d7568,"(63.2, 13.5)","(64.05, 14.35)",1.202,"[62.89, 8.05, 67.8, 18.36]","[63.208673469387755, 13.508673469387755]"
MORI_motion_P4,J5,CONNECTOR,F.Cu,F.Cu,True,/CAM_3V3,True,1856fbca-6e6a-4f0d-9831-c09cf1a1f0fd,"(66.0, 13.6)","(66.0, 14.4)",0.8,"[62.89, 8.05, 67.8, 18.36]","[66.0, 13.612121212121211]"
MORI_motion_P4,J5,CONNECTOR,F.Cu,F.Cu,True,/CAM_3V3,True,61e32584-01e8-451c-88d6-f63a6dbd2e1b,"(64.2, 15.1)","(62.8, 16.5)",1.853,"[62.89, 8.05, 67.8, 18.36]","[64.19126666666666, 15.108733333333333]"
MORI_motion_P4,J5,CONNECTOR,F.Cu,F.Cu,True,/CAM_3V3,True,b1f6203b-c9da-4fb4-b749-769ebf353480,"(65.0, 12.6)","(66.0, 13.6)",1.315,"[62.89, 8.05, 67.8, 18.36]","[65.07894736842105, 12.678947368421053]"
MORI_motion_P4,J5,CONNECTOR,F.Cu,F.Cu,True,/CAM_3V3,True,b6e4c563-a9a1-4eaf-baf3-b675f833137a,"(66.0, 14.4)","(65.4, 15.0)",0.849,"[62.89, 8.05, 67.8, 18.36]","[65.99117647058823, 14.408823529411766]"
MORI_motion_P4,J5,CONNECTOR,F.Cu,F.Cu,True,/CAM_3V3,True,fe18bdd7-31b0-4894-8cc3-9698ddf5458d,"(65.4, 15.0)","(64.3, 15.0)",1.1,"[62.89, 8.05, 67.8, 18.36]","[65.38777777777779, 15.0]"
MORI_motion_P4,J5,CONNECTOR,F.Cu,B.Cu,False,/CHG_N,False,c666a1f3-6791-4111-ab21-db8758afec8d,"(66.0, 9.6)","(66.0, 25.7)",8.76,"[62.89, 8.05, 67.8, 18.36]","[66.0, 9.612478632478632]"
MORI_motion_P4,J5,CONNECTOR,F.Cu,B.Cu,False,/CHG_N,False,faa5fab8-0c7c-42e5-bfe9-19d362b5946d,"(63.4, 7.0)","(66.0, 9.6)",2.192,"[62.89, 8.05, 67.8, 18.36]","[64.45880681818181, 8.058806818181818]"
MORI_motion_P4,J1,CONNECTOR,F.Cu,B.Cu,False,/+5V_MOTION,True,29084953-99dd-4675-b523-01146b22ec89,"(50.5, 3.0)","(48.7, 4.8)",1.697,"[48.14, 0.89, 54.45, 5.8]","[49.891176470588235, 3.6088235294117648]"
MORI_motion_P4,J1,CONNECTOR,F.Cu,B.Cu,False,/+5V_MOTION,True,439fa920-cf62-4d7a-ac5d-1c71273fe5fc,"(48.7, 4.8)","(48.7, 5.4)",0.6,"[48.14, 0.89, 54.45, 5.8]","[48.7, 4.811999999999999]"
MORI_motion_P4,J1,CONNECTOR,F.Cu,B.Cu,False,/+5V_MOTION,True,7b23ac03-f037-4414-b479-7c4d346c8594,"(48.7, 5.4)","(48.8, 5.5)",0.141,"[48.14, 0.89, 54.45, 5.8]","[48.708333333333336, 5.408333333333333]"
MORI_motion_P4,J1,CONNECTOR,F.Cu,B.Cu,False,/+5V_MOTION,True,9618ab17-2a14-45d1-98b8-e9ab2acb5963,"(48.35, 6.05)","(48.75, 5.65)",0.212,"[48.14, 0.89, 54.45, 5.8]","[48.608333333333334, 5.791666666666666]"
MORI_motion_P4,J1,CONNECTOR,F.Cu,B.Cu,False,/+5V_MOTION,True,dff9f3f6-cdf4-4ebb-a1e5-63b3f2de3559,"(48.75, 5.65)","(48.75, 5.5)",0.15,"[48.14, 0.89, 54.45, 5.8]","[48.75, 5.639285714285714]"
MORI_motion_P4,J1,CONNECTOR,F.Cu,B.Cu,False,/FAULT_N,False,2a45011a-176a-4fe5-9ba4-231620d480c7,"(51.8, 5.3)","(50.5, 6.6)",0.707,"[48.14, 0.89, 54.45, 5.8]","[51.79137931034482, 5.308620689655172]"
MORI_motion_P4,J1,CONNECTOR,F.Cu,B.Cu,False,/FAULT_N,False,b4a3614f-bef8-4610-9467-9c06ecdbc8bb,"(53.3, 6.8)","(51.8, 5.3)",0.707,"[48.14, 0.89, 54.45, 5.8]","[52.29137931034482, 5.791379310344827]"
MORI_motion_P4,J3,CONNECTOR,F.Cu,B.Cu,False,/+3V3,False,b8b87491-6b7f-42fb-b41f-505704834da9,"(64.3, 20.3)","(61.2, 23.4)",1.994,"[62.89, 19.05, 67.8, 27.36]","[64.29118749999999, 20.308812500000002]"
MORI_motion_P4,J3,CONNECTOR,F.Cu,B.Cu,False,/+3V3,False,db8e5de7-0635-494e-973e-e08708b43fac,"(64.3, 18.5)","(64.3, 20.3)",1.25,"[62.89, 19.05, 67.8, 27.36]","[64.3, 19.0625]"
MORI_motion_P4,J3,CONNECTOR,F.Cu,B.Cu,False,/HEAD_BUS,True,2913d323-7f3a-44b7-a7c7-62eecf862172,"(65.0, 25.0)","(63.1, 25.0)",1.225,"[62.89, 19.05, 67.8, 27.36]","[64.3125, 25.0]"
MORI_motion_P4,J3,CONNECTOR,F.Cu,B.Cu,False,/HEAD_BUS,True,77924a0b-a161-4141-b41c-6221b43aec83,"(63.1, 25.0)","(59.1, 29.0)",0.297,"[62.89, 19.05, 67.8, 27.36]","[63.09125, 25.00875]"
MORI_motion_P4,J3,CONNECTOR,F.Cu,B.Cu,False,/CHG_N,False,c666a1f3-6791-4111-ab21-db8758afec8d,"(66.0, 9.6)","(66.0, 25.7)",6.65,"[62.89, 19.05, 67.8, 27.36]","[66.0, 19.0625]"
MORI_motion_P4,J3,CONNECTOR,F.Cu,B.Cu,False,/CHG_N,False,f45933af-3e0f-483b-b42f-483671d7c737,"(66.0, 25.7)","(60.3, 31.4)",2.348,"[62.89, 19.05, 67.8, 27.36]","[65.99117021276595, 25.70882978723404]"
MORI_motion_P4,U100,MEZZANINE,F.Cu,F.Cu,True,/S288_BUS,False,7c601b10-8c43-475d-aed9-de335aebac0f,"(36.2, 9.2)","(36.2, 8.75)",0.45,"[6.0, 0.89, 47.6, 34.11]","[36.2, 9.1875]"
MORI_motion_P4,U100,MEZZANINE,F.Cu,F.Cu,True,/S288_BUS,False,a524b913-0ab6-4fc1-9db8-8ca9e9de24bf,"(34.7, 7.25)","(31.9, 7.25)",2.8,"[6.0, 0.89, 47.6, 34.11]","[34.68761061946903, 7.25]"
MORI_motion_P4,U100,MEZZANINE,F.Cu,F.Cu,True,/S288_BUS,False,ade9f6b6-8a29-4b53-b49c-d0b6b78641f2,"(46.8, 6.0)","(43.0, 9.8)",5.374,"[6.0, 0.89, 47.6, 34.11]","[46.79116279069767, 6.0088372093023255]"
MORI_motion_P4,U100,MEZZANINE,F.Cu,F.Cu,True,/S288_BUS,False,b3875b29-ae4d-4494-9061-111b6b98424c,"(52.4, 6.0)","(46.8, 6.0)",0.8,"[6.0, 0.89, 47.6, 34.11]","[47.58787878787879, 6.0]"
MORI_motion_P4,U100,MEZZANINE,F.Cu,F.Cu,True,/S288_BUS,False,e60bc859-4aba-4f33-8eda-5fed55afd02a,"(43.0, 9.8)","(36.8, 9.8)",6.2,"[6.0, 0.89, 47.6, 34.11]","[42.98755020080321, 9.8]"
MORI_motion_P4,U100,MEZZANINE,F.Cu,F.Cu,True,/S288_BUS,False,ebb9900c-2014-40d4-ae1b-5231e20e5548,"(36.8, 9.8)","(36.2, 9.2)",0.849,"[6.0, 0.89, 47.6, 34.11]","[36.79117647058823, 9.791176470588235]"
MORI_motion_P4,U100,MEZZANINE,F.Cu,B.Cu,False,/S288_BUS,False,106efafc-a17c-47cf-9420-669f259568d3,"(30.425, 9.25)","(31.175, 8.5)",1.061,"[6.0, 0.89, 47.6, 34.11]","[30.43372093023256, 9.241279069767442]"
MORI_motion_P4,U100,MEZZANINE,F.Cu,B.Cu,False,/S288_BUS,False,742c263b-3902-486e-b3ab-c68c5929dd00,"(31.15, 8.45)","(31.2, 8.5)",0.071,"[6.0, 0.89, 47.6, 34.11]","[31.15833333333333, 8.458333333333332]"
MORI_motion_P4,U100,MEZZANINE,F.Cu,B.Cu,False,/S288_BUS,False,7841ea5f-efdd-4bc2-863f-bed8db95feb3,"(36.2, 8.75)","(34.7, 7.25)",2.121,"[6.0, 0.89, 47.6, 34.11]","[36.19117647058824, 8.741176470588234]"
MORI_motion_P4,U100,MEZZANINE,F.Cu,B.Cu,False,/S288_BUS,False,c054a9a9-d271-4a6b-b543-92258678a036,"(29.55, 9.25)","(30.425, 9.25)",0.875,"[6.0, 0.89, 47.6, 34.11]","[29.5625, 9.25]"
MORI_motion_P4,U100,MEZZANINE,F.Cu,B.Cu,False,/S288_BUS,False,c3960bf5-c867-443d-8ceb-068816b08e7c,"(31.15, 8.0)","(31.15, 8.45)",0.45,"[6.0, 0.89, 47.6, 34.11]","[31.15, 8.0125]"
MORI_motion_P4,U100,MEZZANINE,F.Cu,B.Cu,False,/S288_BUS,False,de557255-2f9e-47c9-b39a-ef3bce950d3d,"(31.9, 7.25)","(31.15, 8.0)",1.061,"[6.0, 0.89, 47.6, 34.11]","[31.89127906976744, 7.258720930232558]"
MORI_motion_P4,U100,MEZZANINE,F.Cu,F.Cu,True,/GND,True,09152c43-5e1d-486e-bfcf-7917498fc028,"(33.75, 10.5)","(33.05, 10.5)",0.7,"[6.0, 0.89, 47.6, 34.11]","[33.737931034482756, 10.5]"
MORI_motion_P4,U100,MEZZANINE,F.Cu,F.Cu,True,/GND,True,155e1c0f-120a-4a39-ae06-3cea235a6a81,"(29.05, 5.15)","(29.05, 4.2)",0.95,"[6.0, 0.89, 47.6, 34.11]","[29.05, 5.137820512820513]"
MORI_motion_P4,U100,MEZZANINE,F.Cu,F.Cu,True,/GND,True,18b76fd4-80ee-444e-92ad-39c650c3ddbb,"(28.15, 1.05)","(26.9, 1.05)",1.25,"[6.0, 0.89, 47.6, 34.11]","[28.1375, 1.05]"
MORI_motion_P4,U100,MEZZANINE,F.Cu,F.Cu,True,/GND,True,23c2fc20-4534-46d9-83fb-e1538708a27c,"(24.4, 9.8)","(24.15, 10.05)",0.354,"[6.0, 0.89, 47.6, 34.11]","[24.391666666666666, 9.808333333333334]"
MORI_motion_P4,U100,MEZZANINE,F.Cu,F.Cu,True,/GND,True,2c9c2006-63e9-4854-8304-c10cd855d7a5,"(27.2, 6.0)","(28.2, 6.0)",1.0,"[6.0, 0.89, 47.6, 34.11]","[27.2125, 6.0]"
MORI_motion_P4,U100,MEZZANINE,F.Cu,F.Cu,True,/GND,True,3fd50abe-a224-4958-97a9-6a71cca4117a,"(31.9, 9.35)","(25.9, 9.35)",6.0,"[6.0, 0.89, 47.6, 34.11]","[31.8875, 9.35]"
MORI_motion_P4,U100,MEZZANINE,F.Cu,F.Cu,True,/GND,True,6c03aa46-ff16-4eb3-8d65-c2dfa666ac79,"(26.85, 5.65)","(27.2, 6.0)",0.495,"[6.0, 0.89, 47.6, 34.11]","[26.85875, 5.65875]"
MORI_motion_P4,U100,MEZZANINE,F.Cu,F.Cu,True,/GND,True,72d97fe3-0dae-4009-82bd-ca1bfc1e5bce,"(28.9, 2.6)","(28.9, 1.8)",0.8,"[6.0, 0.89, 47.6, 34.11]","[28.9, 2.5875]"
MORI_motion_P4,U100,MEZZANINE,F.Cu,F.Cu,True,/GND,True,796ac8af-761d-43b3-94d5-12b8f9c1c5c5,"(28.2, 6.0)","(29.05, 5.15)",1.202,"[6.0, 0.89, 47.6, 34.11]","[28.208673469387755, 5.991326530612245]"
MORI_motion_P4,U100,MEZZANINE,F.Cu,F.Cu,True,/GND,True,7e6ac177-1386-42c0-a673-5bc74d5cb5d2,"(29.05, 4.2)","(29.35, 3.9)",0.424,"[6.0, 0.89, 47.6, 34.11]","[29.058823529411764, 4.1911764705882355]"
MORI_motion_P4,U100,MEZZANINE,F.Cu,F.Cu,True,/GND,True,8eb3a9bc-826b-47a7-b52e-06e2fe15d848,"(25.9, 9.35)","(25.45, 9.8)",0.636,"[6.0, 0.89, 47.6, 34.11]","[25.891346153846154, 9.358653846153846]"
MORI_motion_P4,U100,MEZZANINE,F.Cu,F.Cu,True,/GND,True,9fb327f4-f29a-41ba-abb1-9840adf8119d,"(29.35, 3.05)","(28.9, 2.6)",0.636,"[6.0, 0.89, 47.6, 34.11]","[29.341346153846157, 3.0413461538461535]"
MORI_motion_P4,U100,MEZZANINE,F.Cu,F.Cu,True,/GND,True,a2eed57d-f134-4109-9771-637837cf401b,"(33.05, 10.5)","(31.9, 9.35)",1.626,"[6.0, 0.89, 47.6, 34.11]","[33.04128787878788, 10.49128787878788]"
MORI_motion_P4,U100,MEZZANINE,F.Cu,F.Cu,True,/GND,True,b278bf7e-6480-4472-a67b-ef1867e4ef35,"(26.5, 5.65)","(26.85, 5.65)",0.35,"[6.0, 0.89, 47.6, 34.11]","[26.511666666666667, 5.65]"
MORI_motion_P4,U100,MEZZANINE,F.Cu,F.Cu,True,/GND,True,bb65b732-4d30-473e-9dfe-c677a85211a6,"(29.35, 3.9)","(29.35, 3.05)",0.85,"[6.0, 0.89, 47.6, 34.11]","[29.35, 3.8874999999999997]"
MORI_motion_P4,U100,MEZZANINE,F.Cu,F.Cu,True,/GND,True,c49c45ab-29b0-44c9-8bae-2d5040b67de2,"(25.45, 9.8)","(24.4, 9.8)",1.05,"[6.0, 0.89, 47.6, 34.11]","[25.43779069767442, 9.8]"
MORI_motion_P4,U100,MEZZANINE,F.Cu,F.Cu,True,/GND,True,c5613ca5-6ca9-4b5b-b970-167f43989361,"(26.9, 1.05)","(26.45, 1.5)",0.636,"[6.0, 0.89, 47.6, 34.11]","[26.891346153846154, 1.0586538461538462]"
MORI_motion_P4,U100,MEZZANINE,F.Cu,F.Cu,True,/GND,True,e6880eb1-7692-43f9-ae67-9a98eb2a9813,"(28.9, 1.8)","(28.15, 1.05)",1.061,"[6.0, 0.89, 47.6, 34.11]","[28.89127906976744, 1.791279069767442]"
MORI_motion_P4,U100,MEZZANINE,F.Cu,B.Cu,False,/GND,True,0b6e5b07-48f6-4da0-89aa-3a05ca9d545a,"(7.95, 17.9375)","(8.3541, 17.9375)",0.404,"[6.0, 0.89, 47.6, 34.11]","[7.961885294117647, 17.9375]"
MORI_motion_P4,U100,MEZZANINE,F.Cu,B.Cu,False,/GND,True,27febe92-3314-45bd-b8c8-cf603d4f3416,"(30.75, 10.5)","(33.75, 10.5)",3.0,"[6.0, 0.89, 47.6, 34.11]","[30.7625, 10.5]"
MORI_motion_P4,U100,MEZZANINE,F.Cu,B.Cu,False,/GND,True,2b825c88-3ed0-4345-a04e-76c767493235,"(36.025, 14.0)","(35.225, 13.2)",1.131,"[6.0, 0.89, 47.6, 34.11]","[36.016304347826086, 13.991304347826087]"
MORI_motion_P4,U100,MEZZANINE,F.Cu,B.Cu,False,/GND,True,2ccbd02d-c7f2-4e12-9815-29375fddffd6,"(29.5, 11.6)","(29.5, 11.5)",0.1,"[6.0, 0.89, 47.6, 34.11]","[29.5, 11.5875]"
MORI_motion_P4,U100,MEZZANINE,F.Cu,B.Cu,False,/GND,True,319394a9-a277-4ff3-9a67-1d736219e5a4,"(36.725, 14.0)","(36.025, 14.0)",0.7,"[6.0, 0.89, 47.6, 34.11]","[36.71293103448276, 14.0]"
MORI_motion_P4,U100,MEZZANINE,F.Cu,B.Cu,False,/GND,True,396701a6-a7c8-413a-b0f1-665f5dd81b79,"(44.77, 5.5)","(44.2, 6.07)",0.806,"[6.0, 0.89, 47.6, 34.11]","[44.76136363636364, 5.508636363636364]"
MORI_motion_P4,U100,MEZZANINE,F.Cu,B.Cu,False,/GND,True,398904f4-b431-4603-9ce6-adf0a43eda1b,"(26.5, 4.25)","(26.5, 5.65)",1.4,"[6.0, 0.89, 47.6, 34.11]","[26.5, 4.262280701754386]"
MORI_motion_P4,U100,MEZZANINE,F.Cu,B.Cu,False,/GND,True,3aa6d705-0a98-4f1b-b4c1-8cab82c8f723,"(26.45, 2.45)","(26.5, 2.5)",0.071,"[6.0, 0.89, 47.6, 34.11]","[26.458333333333332, 2.4583333333333335]"
MORI_motion_P4,U100,MEZZANINE,F.Cu,B.Cu,False,/GND,True,412dd4bc-7289-40fc-95eb-a493897cc2d2,"(6.098, 19.873)","(5.171, 19.8729)",0.098,"[6.0, 0.89, 47.6, 34.11]","[6.08575, 19.872998678532902]"
MORI_motion_P4,U100,MEZZANINE,F.Cu,B.Cu,False,/GND,True,4cb4bc20-faa8-426b-ac71-2a50932a5e10,"(24.45, 10.35)","(24.45, 11.3)",0.95,"[6.0, 0.89, 47.6, 34.11]","[24.45, 10.362179487179487]"
MORI_motion_P4,U100,MEZZANINE,F.Cu,B.Cu,False,/GND,True,529ee84f-34a9-4638-84ee-942c8dd36924,"(12.5115, 20.0)","(11.325, 20.0)",1.187,"[6.0, 0.89, 47.6, 34.11]","[12.499140624999999, 20.0]"
MORI_motion_P4,U100,MEZZANINE,F.Cu,B.Cu,False,/GND,True,5461aa61-3e98-42b2-8393-fce5f5d33223,"(26.45, 1.5)","(26.45, 2.45)",0.95,"[6.0, 0.89, 47.6, 34.11]","[26.45, 1.5121794871794871]"
MORI_motion_P4,U100,MEZZANINE,F.Cu,B.Cu,False,/GND,True,5790dfb0-f1e6-4f92-99b7-d426e68dc1cd,"(29.05, 12.05)","(29.5, 11.6)",0.636,"[6.0, 0.89, 47.6, 34.11]","[29.058653846153845, 12.041346153846154]"
MORI_motion_P4,U100,MEZZANINE,F.Cu,B.Cu,False,/GND,True,583bdd8f-b3fa-41b6-aa03-e0a0970c599c,"(25.2, 12.05)","(29.05, 12.05)",3.85,"[6.0, 0.89, 47.6, 34.11]","[25.21241935483871, 12.05]"
MORI_motion_P4,U100,MEZZANINE,F.Cu,B.Cu,False,/GND,True,646a599c-f1fb-46f1-bc0f-fa2a09f07cef,"(8.3541, 17.9375)","(8.8787, 18.4621)",0.742,"[6.0, 0.89, 47.6, 34.11]","[8.362843333333334, 17.946243333333335]"
MORI_motion_P4,U100,MEZZANINE,F.Cu,B.Cu,False,/GND,True,839efb75-a20c-4231-951f-bf45d1f7a17d,"(6.225, 20.0)","(6.1, 20.125)",0.177,"[6.0, 0.89, 47.6, 34.11]","[6.2171875, 20.0078125]"
MORI_motion_P4,U100,MEZZANINE,F.Cu,B.Cu,False,/GND,True,880ffcb2-9906-4ac4-8676-c22768d43e99,"(6.225, 20.0)","(6.098, 19.873)",0.18,"[6.0, 0.89, 47.6, 34.11]","[6.2170625, 19.9920625]"
MORI_motion_P4,U100,MEZZANINE,F.Cu,B.Cu,False,/GND,True,8c0066b1-b8f0-4514-b7af-6d1e9503f1c4,"(29.55, 10.25)","(31.05, 10.25)",1.5,"[6.0, 0.89, 47.6, 34.11]","[29.5625, 10.25]"
MORI_motion_P4,U100,MEZZANINE,F.Cu,B.Cu,False,/GND,True,95a0b54c-9a27-42b5-9758-8cc04e1d76dd,"(7.775, 14.0)","(8.975, 14.0)",1.2,"[6.0, 0.89, 47.6, 34.11]","[7.7875000000000005, 14.0]"
MORI_motion_P4,U100,MEZZANINE,F.Cu,B.Cu,False,/GND,True,ab7e0cf1-8e81-419d-8b69-629c736dd962,"(15.45, 10.25)","(15.45, 9.275)",0.975,"[6.0, 0.89, 47.6, 34.11]","[15.45, 10.2375]"
MORI_motion_P4,U100,MEZZANINE,F.Cu,B.Cu,False,/GND,True,b331f15b-5aa5-4a66-908e-b2d905943446,"(27.25, 3.5)","(26.5, 4.25)",1.061,"[6.0, 0.89, 47.6, 34.11]","[27.24127906976744, 3.508720930232558]"
MORI_motion_P4,U100,MEZZANINE,F.Cu,B.Cu,False,/GND,True,bfaad5f3-2b3e-4850-aff8-0dad8e9348e4,"(30.75, 10.25)","(30.75, 10.5)",0.25,"[6.0, 0.89, 47.6, 34.11]","[30.75, 10.2625]"
MORI_motion_P4,U100,MEZZANINE,F.Cu,B.Cu,False,/GND,True,c800a0eb-03a6-4c50-ade6-25ed95614973,"(16.225, 8.5)","(16.225, 7.2)",1.3,"[6.0, 0.89, 47.6, 34.11]","[16.225, 8.4875]"
MORI_motion_P4,U100,MEZZANINE,F.Cu,B.Cu,False,/GND,True,d56d9005-8491-4af5-b80c-d857151d6964,"(7.95, 14.175)","(7.775, 14.0)",0.247,"[6.0, 0.89, 47.6, 34.11]","[7.94125, 14.166250000000002]"
MORI_motion_P4,U100,MEZZANINE,F.Cu,B.Cu,False,/GND,True,df684f58-eda8-4316-9cce-501948342baf,"(21.75, 22.95)","(21.75, 21.75)",1.2,"[6.0, 0.89, 47.6, 34.11]","[21.75, 22.9375]"
MORI_motion_P4,U100,MEZZANINE,F.Cu,B.Cu,False,/GND,True,e05e07b0-2a78-4967-8c0d-28fb290bee15,"(24.45, 11.3)","(25.2, 12.05)",1.061,"[6.0, 0.89, 47.6, 34.11]","[24.45872093023256, 11.308720930232559]"
MORI_motion_P4,U100,MEZZANINE,F.Cu,B.Cu,False,/GND,True,e06fd37d-43ce-4ab2-a3ee-a7121638e95d,"(24.15, 10.05)","(24.45, 10.35)",0.424,"[6.0, 0.89, 47.6, 34.11]","[24.158823529411762, 10.058823529411764]"
MORI_motion_P4,U100,MEZZANINE,F.Cu,B.Cu,False,/GND,True,e40c7f00-7751-416d-a873-9d0f181e51c7,"(5.175, 4.455)","(6.1, 3.53)",0.141,"[6.0, 0.89, 47.6, 34.11]","[6.008333333333333, 3.621666666666666]"
MORI_motion_P4,U100,MEZZANINE,F.Cu,B.Cu,False,/GND,True,e4e379c7-06ce-461e-8d79-910dd02f9d55,"(35.45, 11.75)","(33.0, 11.75)",2.45,"[6.0, 0.89, 47.6, 34.11]","[35.43762626262627, 11.75]"
MORI_motion_P4,U100,MEZZANINE,F.Cu,B.Cu,False,/GND,True,ffa16843-21ff-4d1e-aade-741f9eae9824,"(15.45, 9.275)","(16.225, 8.5)",1.096,"[6.0, 0.89, 47.6, 34.11]","[15.458806818181818, 9.266193181818181]"
MORI_motion_P4,U100,MEZZANINE,F.Cu,F.Cu,True,/USER_KEY_N,True,04a12894-3417-46cb-a384-f9d8b60957b0,"(46.4, 27.3)","(45.6, 28.1)",1.131,"[6.0, 0.89, 47.6, 34.11]","[46.391304347826086, 27.308695652173913]"
MORI_motion_P4,U100,MEZZANINE,F.Cu,F.Cu,True,/USER_KEY_N,True,0c2b6dbb-65f8-4b83-aa1b-32233238c226,"(42.9, 25.4)","(41.0, 25.4)",1.9,"[6.0, 0.89, 47.6, 34.11]","[42.887499999999996, 25.4]"
MORI_motion_P4,U100,MEZZANINE,F.Cu,F.Cu,True,/USER_KEY_N,True,16f88c0a-40e3-404d-8ee4-f9ffca8c7547,"(19.6, 33.9)","(28.6, 33.9)",9.0,"[6.0, 0.89, 47.6, 34.11]","[19.6125, 33.9]"
MORI_motion_P4,U100,MEZZANINE,F.Cu,F.Cu,True,/USER_KEY_N,True,6f9c3a14-e9b9-4f98-932b-ce07e6ef8828,"(40.7, 25.7)","(33.6, 25.6)",7.101,"[6.0, 0.89, 47.6, 34.11]","[40.687543859649125, 25.699824561403506]"
MORI_motion_P4,U100,MEZZANINE,F.Cu,F.Cu,True,/USER_KEY_N,True,718fd9ec-060c-4a22-b41d-122edd4e8e03,"(47.9, 24.8)","(46.4, 26.3)",1.697,"[6.0, 0.89, 47.6, 34.11]","[47.59117647058824, 25.10882352941176]"
MORI_motion_P4,U100,MEZZANINE,F.Cu,F.Cu,True,/USER_KEY_N,True,789ad499-23d4-480b-843c-6571bc4d25bc,"(18.9, 32.4)","(18.9, 33.2)",0.8,"[6.0, 0.89, 47.6, 34.11]","[18.9, 32.412121212121214]"
MORI_motion_P4,U100,MEZZANINE,F.Cu,F.Cu,True,/USER_KEY_N,True,7c3ae2ef-0117-43b4-bcbf-5f342ab37b79,"(10.8, 30.2)","(12.1, 31.5)",1.838,"[6.0, 0.89, 47.6, 34.11]","[10.808783783783785, 30.208783783783783]"
MORI_motion_P4,U100,MEZZANINE,F.Cu,F.Cu,True,/USER_KEY_N,True,8043dae3-6be3-4092-81d9-6478f9b708d4,"(18.9, 33.2)","(19.6, 33.9)",0.99,"[6.0, 0.89, 47.6, 34.11]","[18.908749999999998, 33.20875]"
MORI_motion_P4,U100,MEZZANINE,F.Cu,F.Cu,True,/USER_KEY_N,True,8f917c91-b4f5-4eb0-b2f7-a0f2867b7ec5,"(18.0, 31.5)","(18.9, 32.4)",1.273,"[6.0, 0.89, 47.6, 34.11]","[18.008823529411764, 31.508823529411764]"
MORI_motion_P4,U100,MEZZANINE,F.Cu,F.Cu,True,/USER_KEY_N,True,c6f0feed-10b3-4f18-b619-35d539030b80,"(41.0, 25.4)","(40.7, 25.7)",0.424,"[6.0, 0.89, 47.6, 34.11]","[40.991176470588236, 25.408823529411762]"
MORI_motion_P4,U100,MEZZANINE,F.Cu,F.Cu,True,/USER_KEY_N,True,d94bd66e-5912-41ef-9d4e-c11684315a4a,"(46.4, 26.3)","(46.4, 27.3)",1.0,"[6.0, 0.89, 47.6, 34.11]","[46.4, 26.3125]"
MORI_motion_P4,U100,MEZZANINE,F.Cu,F.Cu,True,/USER_KEY_N,True,e819c346-d493-4761-9272-57201b9bb574,"(12.1, 31.5)","(18.0, 31.5)",5.9,"[6.0, 0.89, 47.6, 34.11]","[12.112499999999999, 31.5]"
MORI_motion_P4,U100,MEZZANINE,F.Cu,F.Cu,True,/USER_KEY_N,True,f28ccef9-d345-4b02-adfd-d63ecada8f7c,"(45.6, 28.1)","(42.9, 25.4)",3.818,"[6.0, 0.89, 47.6, 34.11]","[45.59117647058824, 28.091176470588238]"
MORI_motion_P4,U100,MEZZANINE,F.Cu,F.Cu,True,/USER_KEY_N,True,fb001dd5-21cc-40f9-a901-0be9c8ef1c72,"(44.8, 27.3)","(48.0, 30.5)",3.96,"[6.0, 0.89, 47.6, 34.11]","[44.80880503144654, 27.308805031446543]"
MORI_motion_P4,U100,MEZZANINE,F.Cu,B.Cu,False,/USER_KEY_N,True,01414fb0-5421-477e-b480-092d33c650d4,"(29.0, 33.5)","(29.0, 29.6)",3.9,"[6.0, 0.89, 47.6, 34.11]","[29.0, 33.4875]"
MORI_motion_P4,U100,MEZZANINE,F.Cu,B.Cu,False,/USER_KEY_N,True,0489b410-c9c9-4236-80be-53f396e5d995,"(31.2, 27.4)","(31.2, 26.4)",1.0,"[6.0, 0.89, 47.6, 34.11]","[31.2, 27.3875]"
MORI_motion_P4,U100,MEZZANINE,F.Cu,B.Cu,False,/USER_KEY_N,True,5c9206b4-6a67-4b63-9681-1c5b4deb3eef,"(31.2, 26.4)","(32.0, 25.6)",1.131,"[6.0, 0.89, 47.6, 34.11]","[31.208695652173912, 26.391304347826086]"
MORI_motion_P4,U100,MEZZANINE,F.Cu,B.Cu,False,/USER_KEY_N,True,5f12d1b8-7e42-4e78-bde5-fb8a31feb640,"(29.0, 29.6)","(31.2, 27.4)",3.111,"[6.0, 0.89, 47.6, 34.11]","[29.0088, 29.5912]"
MORI_motion_P4,U100,MEZZANINE,F.Cu,B.Cu,False,/USER_KEY_N,True,91b45c62-ecc4-44f8-b187-43b3d54cd05a,"(28.6, 33.9)","(29.0, 33.5)",0.566,"[6.0, 0.89, 47.6, 34.11]","[28.608695652173914, 33.891304347826086]"
MORI_motion_P4,U100,MEZZANINE,F.Cu,B.Cu,False,/USER_KEY_N,True,b93c95ad-5918-4824-a8b1-f4d14fe3b241,"(32.0, 25.6)","(33.6, 25.6)",1.6,"[6.0, 0.89, 47.6, 34.11]","[32.012307692307694, 25.6]"
MORI_motion_P4,U100,MEZZANINE,F.Cu,F.Cu,True,/+3V3,True,b4f00742-924b-4b6a-928f-a78b4612e94c,"(28.0, 21.9)","(28.1, 21.45)",0.461,"[6.0, 0.89, 47.6, 34.11]","[28.00263157894737, 21.888157894736842]"
MORI_motion_P4,U100,MEZZANINE,F.Cu,B.Cu,False,/+3V3,True,00f9e6c7-783f-4beb-8323-2299fb049f31,"(31.0, 12.25)","(30.75, 12.0)",0.354,"[6.0, 0.89, 47.6, 34.11]","[30.991666666666667, 12.241666666666667]"
MORI_motion_P4,U100,MEZZANINE,F.Cu,B.Cu,False,/+3V3,True,0366868f-7400-4da1-8d59-5ec866ae686b,"(28.1, 22.9)","(28.1, 21.45)",1.45,"[6.0, 0.89, 47.6, 34.11]","[28.1, 22.8875]"
MORI_motion_P4,U100,MEZZANINE,F.Cu,B.Cu,False,/+3V3,True,0668551a-1728-462f-9196-6aa6215ba028,"(30.0, 10.75)","(30.75, 11.5)",1.061,"[6.0, 0.89, 47.6, 34.11]","[30.00872093023256, 10.758720930232558]"
MORI_motion_P4,U100,MEZZANINE,F.Cu,B.Cu,False,/+3V3,True,10620106-3feb-42fb-bd46-e8ebd95953bc,"(19.75, 12.3)","(19.1, 12.3)",0.65,"[6.0, 0.89, 47.6, 34.11]","[19.7375, 12.3]"
MORI_motion_P4,U100,MEZZANINE,F.Cu,B.Cu,False,/+3V3,True,1327e458-6b51-4a43-a3b9-45bae39ff80c,"(7.65, 12.25)","(9.45, 12.25)",1.8,"[6.0, 0.89, 47.6, 34.11]","[7.6625000000000005, 12.25]"
MORI_motion_P4,U100,MEZZANINE,F.Cu,B.Cu,False,/+3V3,True,14ceb867-43a7-4ef4-9869-2a7afd2b40c8,"(6.1058, 13.8808)","(6.1058, 12.25)",1.631,"[6.0, 0.89, 47.6, 34.11]","[6.1058, 13.868445454545455]"
MORI_motion_P4,U100,MEZZANINE,F.Cu,B.Cu,False,/+3V3,True,15f9f621-045a-467a-a471-6f70324d8609,"(19.1, 12.3)","(18.55, 11.75)",0.778,"[6.0, 0.89, 47.6, 34.11]","[19.091406250000002, 12.291406250000001]"
MORI_motion_P4,U100,MEZZANINE,F.Cu,B.Cu,False,/+3V3,True,19d310b7-d6f9-419a-b9ee-b0f26db7bbff,"(38.55, 11.25)","(39.5, 11.25)",0.95,"[6.0, 0.89, 47.6, 34.11]","[38.562179487179485, 11.25]"
MORI_motion_P4,U100,MEZZANINE,F.Cu,B.Cu,False,/+3V3,True,2bd72053-1a86-4a75-af23-ab57dd3356b9,"(17.775, 8.5)","(18.85, 8.65)",1.085,"[6.0, 0.89, 47.6, 34.11]","[17.787215909090907, 8.501704545454546]"
MORI_motion_P4,U100,MEZZANINE,F.Cu,B.Cu,False,/+3V3,True,2e61b3c1-3258-4f73-9cba-aa4615a427b8,"(10.275, 9.5)","(10.95, 8.825)",0.955,"[6.0, 0.89, 47.6, 34.11]","[10.283653846153847, 9.491346153846154]"
MORI_motion_P4,U100,MEZZANINE,F.Cu,B.Cu,False,/+3V3,True,3003033d-5a82-4688-a293-620e49ec5bb1,"(32.6, 11.0)","(31.5, 12.1)",1.556,"[6.0, 0.89, 47.6, 34.11]","[32.59126984126984, 11.00873015873016]"
MORI_motion_P4,U100,MEZZANINE,F.Cu,B.Cu,False,/+3V3,True,3294a42a-f3c0-438b-9189-fb834ad81cac,"(33.5, 11.25)","(33.25, 11.0)",0.354,"[6.0, 0.89, 47.6, 34.11]","[33.49166666666667, 11.241666666666667]"
MORI_motion_P4,U100,MEZZANINE,F.Cu,B.Cu,False,/+3V3,True,359cbd38-2461-405c-b4e0-8062e03ee790,"(35.45, 11.25)","(33.5, 11.25)",1.95,"[6.0, 0.89, 47.6, 34.11]","[35.437658227848104, 11.25]"
MORI_motion_P4,U100,MEZZANINE,F.Cu,B.Cu,False,/+3V3,True,3c8583c2-d300-461e-a86a-8b5562d0bc13,"(30.75, 11.5)","(30.75, 12.0)",0.5,"[6.0, 0.89, 47.6, 34.11]","[30.75, 11.5125]"
MORI_motion_P4,U100,MEZZANINE,F.Cu,B.Cu,False,/+3V3,True,42418ecd-6b22-4afb-867d-fb9ffe6e4cef,"(7.0, 16.0625)","(6.225, 15.2875)",1.096,"[6.0, 0.89, 47.6, 34.11]","[6.991193181818182, 16.053693181818183]"
MORI_motion_P4,U100,MEZZANINE,F.Cu,B.Cu,False,/+3V3,True,4b135b47-6ab8-446c-9394-0249c2ac1bc3,"(17.85, 15.6)","(17.0, 16.45)",1.202,"[6.0, 0.89, 47.6, 34.11]","[17.841326530612246, 15.608673469387755]"
MORI_motion_P4,U100,MEZZANINE,F.Cu,B.Cu,False,/+3V3,True,4c2aa2da-687b-4a4c-865e-846f4770b22b,"(39.5, 11.25)","(40.7, 10.05)",1.697,"[6.0, 0.89, 47.6, 34.11]","[39.508823529411764, 11.241176470588234]"
MORI_motion_P4,U100,MEZZANINE,F.Cu,B.Cu,False,/+3V3,True,5194b4a7-7a3c-480b-b379-e6c0eb30e8a1,"(31.0, 13.5)","(31.0, 12.25)",1.25,"[6.0, 0.89, 47.6, 34.11]","[31.0, 13.4875]"
MORI_motion_P4,U100,MEZZANINE,F.Cu,B.Cu,False,/+3V3,True,52a6e7f6-4c23-4fad-86d1-b97ba30901ae,"(11.8, 13.75)","(12.55, 13.0)",1.061,"[6.0, 0.89, 47.6, 34.11]","[11.808720930232559, 13.741279069767442]"
MORI_motion_P4,U100,MEZZANINE,F.Cu,B.Cu,False,/+3V3,True,6dafaa88-ac4b-448f-b53f-cf4e9c7ae52b,"(28.1, 22.9)","(28.45, 23.25)",0.495,"[6.0, 0.89, 47.6, 34.11]","[28.10875, 22.908749999999998]"
MORI_motion_P4,U100,MEZZANINE,F.Cu,B.Cu,False,/+3V3,True,70b29993-b7e3-4484-a234-88e5eb18c27f,"(28.45, 23.25)","(28.45, 23.45)",0.2,"[6.0, 0.89, 47.6, 34.11]","[28.45, 23.2625]"
MORI_motion_P4,U100,MEZZANINE,F.Cu,B.Cu,False,/+3V3,True,802d5681-f59c-40ae-bb09-3fa956d341ad,"(23.15, 19.95)","(24.25, 19.95)",1.1,"[6.0, 0.89, 47.6, 34.11]","[23.16222222222222, 19.95]"
MORI_motion_P4,U100,MEZZANINE,F.Cu,B.Cu,False,/+3V3,True,8bfcd69e-e802-4c72-9d99-b1042105ceb7,"(41.7, 24.4)","(41.9, 24.4)",0.2,"[6.0, 0.89, 47.6, 34.11]","[41.712500000000006, 24.4]"
MORI_motion_P4,U100,MEZZANINE,F.Cu,B.Cu,False,/+3V3,True,918bfc1e-4829-4490-b98d-ca6cf5bd214e,"(39.3, 9.3)","(36.7, 6.7)",3.677,"[6.0, 0.89, 47.6, 34.11]","[39.29121621621621, 9.291216216216217]"
MORI_motion_P4,U100,MEZZANINE,F.Cu,B.Cu,False,/+3V3,True,947aa3ec-b385-4381-8b39-1bc915c46567,"(42.4, 22.8)","(42.4, 27.1)",4.3,"[6.0, 0.89, 47.6, 34.11]","[42.4, 22.812427745664742]"
MORI_motion_P4,U100,MEZZANINE,F.Cu,B.Cu,False,/+3V3,True,994d5cbc-ea3f-4c7f-875b-b02c30a09e94,"(33.2, 11.0)","(32.6, 11.0)",0.6,"[6.0, 0.89, 47.6, 34.11]","[33.188, 11.0]"
MORI_motion_P4,U100,MEZZANINE,F.Cu,B.Cu,False,/+3V3,True,a48a9196-04e2-4f6e-841d-7afbd57bac2e,"(22.35, 10.1)","(22.35, 10.75)",0.65,"[6.0, 0.89, 47.6, 34.11]","[22.35, 10.112037037037037]"
MORI_motion_P4,U100,MEZZANINE,F.Cu,B.Cu,False,/+3V3,True,ac0e8b82-47ae-49b3-9bc4-51676f09a7f9,"(6.225, 15.2875)","(6.225, 14.0)",1.287,"[6.0, 0.89, 47.6, 34.11]","[6.225, 15.275120192307693]"
MORI_motion_P4,U100,MEZZANINE,F.Cu,B.Cu,False,/+3V3,True,b544946d-86e3-4618-92c9-54bb622af472,"(39.3, 11.0)","(39.3, 9.3)",1.7,"[6.0, 0.89, 47.6, 34.11]","[39.3, 10.9875]"
MORI_motion_P4,U100,MEZZANINE,F.Cu,B.Cu,False,/+3V3,True,b616a24a-6ecf-459a-9561-0de33ae53a1a,"(22.45, 8.65)","(22.45, 10.0)",1.35,"[6.0, 0.89, 47.6, 34.11]","[22.45, 8.6625]"
MORI_motion_P4,U100,MEZZANINE,F.Cu,B.Cu,False,/+3V3,True,b9f8e58f-49c1-42b6-83a0-64ee935c13a0,"(10.95, 8.825)","(14.0, 8.825)",3.05,"[6.0, 0.89, 47.6, 34.11]","[10.962398373983739, 8.825]"
MORI_motion_P4,U100,MEZZANINE,F.Cu,B.Cu,False,/+3V3,True,ba2d828e-7d56-433a-8419-871fa44e2a2c,"(40.7, 10.05)","(40.7, 9.275)",0.775,"[6.0, 0.89, 47.6, 34.11]","[40.7, 10.037890625000001]"
MORI_motion_P4,U100,MEZZANINE,F.Cu,B.Cu,False,/+3V3,True,c526be41-c9fd-4da0-9f96-ad6c9cd2a16b,"(31.5, 12.1)","(30.9, 12.1)",0.6,"[6.0, 0.89, 47.6, 34.11]","[31.488, 12.1]"
MORI_motion_P4,U100,MEZZANINE,F.Cu,B.Cu,False,/+3V3,True,ca5677c8-0b0b-49e5-9952-970a2ad0b1aa,"(28.45, 23.45)","(28.8, 23.8)",0.495,"[6.0, 0.89, 47.6, 34.11]","[28.45875, 23.45875]"
MORI_motion_P4,U100,MEZZANINE,F.Cu,B.Cu,False,/+3V3,True,cfe792de-a221-4c21-ae07-92caef62c5a2,"(39.5, 11.2)","(39.3, 11.0)",0.283,"[6.0, 0.89, 47.6, 34.11]","[39.49166666666667, 11.191666666666666]"
MORI_motion_P4,U100,MEZZANINE,F.Cu,B.Cu,False,/+3V3,True,d1b780fc-6d83-495e-b48c-68594058d9f8,"(41.5, 24.2)","(41.7, 24.4)",0.283,"[6.0, 0.89, 47.6, 34.11]","[41.50833333333333, 24.208333333333332]"
MORI_motion_P4,U100,MEZZANINE,F.Cu,B.Cu,False,/+3V3,True,d4e889b0-5861-4932-b034-e37b68ab99e2,"(22.35, 10.75)","(22.9, 11.3)",0.778,"[6.0, 0.89, 47.6, 34.11]","[22.35859375, 10.75859375]"
MORI_motion_P4,U100,MEZZANINE,F.Cu,B.Cu,False,/+3V3,True,d950e52b-1bc4-485f-abde-99e3e8dc54d9,"(19.55, 7.45)","(18.7, 8.3)",1.202,"[6.0, 0.89, 47.6, 34.11]","[19.541326530612245, 7.458673469387755]"
MORI_motion_P4,U100,MEZZANINE,F.Cu,B.Cu,False,/+3V3,True,e5b928a2-bec2-4fd7-86ce-a32fce0309dc,"(23.15, 21.45)","(23.15, 19.95)",1.5,"[6.0, 0.89, 47.6, 34.11]","[23.15, 21.4375]"
MORI_motion_P4,U100,MEZZANINE,F.Cu,B.Cu,False,/+3V3,True,e9d07feb-d707-4b57-907c-06c8bc35865e,"(41.9, 24.4)","(42.4, 24.4)",0.5,"[6.0, 0.89, 47.6, 34.11]","[41.9125, 24.4]"
MORI_motion_P4,U100,MEZZANINE,F.Cu,B.Cu,False,/+3V3,True,f2c99714-ad3c-4c3e-9dff-3b3acf10de2b,"(22.25, 22.95)","(23.45, 21.75)",1.697,"[6.0, 0.89, 47.6, 34.11]","[22.258823529411764, 22.941176470588236]"
MORI_motion_P4,U100,MEZZANINE,F.Cu,B.Cu,False,/+3V3,True,f5c2e7b7-2327-4d97-96fb-8267721b8caa,"(23.2, 7.4)","(23.5, 7.7)",0.424,"[6.0, 0.89, 47.6, 34.11]","[23.208823529411763, 7.408823529411765]"
MORI_motion_P4,U100,MEZZANINE,F.Cu,B.Cu,False,/+3V3,True,ff08ea6c-1bf9-4adf-88ec-dfcc68724dee,"(12.55, 12.25)","(12.55, 13.0)",0.75,"[6.0, 0.89, 47.6, 34.11]","[12.55, 12.2625]"
MORI_motion_P4,U100,MEZZANINE,F.Cu,F.Cu,True,/IMU_SCK,False,163e1d4d-08bb-42de-8cbf-f58f59f052cf,"(30.0, 19.5)","(26.6, 19.5)",3.4,"[6.0, 0.89, 47.6, 34.11]","[29.9875, 19.5]"
MORI_motion_P4,U100,MEZZANINE,F.Cu,F.Cu,True,/IMU_SCK,False,4a9c3099-a565-41ad-b953-c01c2b15af43,"(27.3, 22.4)","(27.3, 24.8)",2.4,"[6.0, 0.89, 47.6, 34.11]","[27.3, 22.412371134020617]"
MORI_motion_P4,U100,MEZZANINE,F.Cu,F.Cu,True,/IMU_SCK,False,649a0287-5190-4c73-a080-384c6fbb8cad,"(38.8, 18.0)","(31.5, 18.0)",7.3,"[6.0, 0.89, 47.6, 34.11]","[38.787499999999994, 18.0]"
MORI_motion_P4,U100,MEZZANINE,F.Cu,F.Cu,True,/IMU_SCK,False,920e8306-aca8-478e-840f-4fb28c3162cf,"(31.5, 18.0)","(30.0, 19.5)",2.121,"[6.0, 0.89, 47.6, 34.11]","[31.491176470588236, 18.008823529411764]"
MORI_motion_P4,U100,MEZZANINE,F.Cu,F.Cu,True,/IMU_SCK,False,9ac0325d-018d-4c8c-92f9-bd3737a44f3c,"(40.1, 19.3)","(38.8, 18.0)",1.838,"[6.0, 0.89, 47.6, 34.11]","[40.09121621621622, 19.291216216216217]"
MORI_motion_P4,U100,MEZZANINE,F.Cu,F.Cu,True,/IMU_SCK,False,b3ad718c-2553-4891-bc51-ea3cca30345b,"(42.5, 19.3)","(40.1, 19.3)",2.4,"[6.0, 0.89, 47.6, 34.11]","[42.4875, 19.3]"
MORI_motion_P4,U100,MEZZANINE,F.Cu,F.Cu,True,/IMU_SCK,False,c9c590a9-5077-4238-8eba-ccebf19a3b79,"(43.0, 18.8)","(42.5, 19.3)",0.707,"[6.0, 0.89, 47.6, 34.11]","[42.991379310344826, 18.80862068965517]"
MORI_motion_P4,U100,MEZZANINE,F.Cu,F.Cu,True,/IMU_SCK,False,ce4f59be-101e-4ca8-bd5f-61a31f9087d9,"(44.5, 18.8)","(43.0, 18.8)",1.5,"[6.0, 0.89, 47.6, 34.11]","[44.4875, 18.8]"
MORI_motion_P4,U100,MEZZANINE,F.Cu,F.Cu,True,/IMU_SCK,False,ede361f9-b239-4dc2-9474-ed0a5cd50a9f,"(47.8, 15.7)","(44.6, 15.7)",3.0,"[6.0, 0.89, 47.6, 34.11]","[47.5875, 15.7]"
MORI_motion_P4,U100,MEZZANINE,F.Cu,B.Cu,False,/IMU_SCK,False,1d78e710-c932-4080-ac0d-1c8c61b9cb32,"(44.6, 15.7)","(44.5, 15.8)",0.141,"[6.0, 0.89, 47.6, 34.11]","[44.59166666666667, 15.708333333333332]"
MORI_motion_P4,U100,MEZZANINE,F.Cu,B.Cu,False,/IMU_SCK,False,2a09dcb4-95f1-4379-8d75-970505407438,"(27.3, 24.8)","(28.3, 25.8)",1.414,"[6.0, 0.89, 47.6, 34.11]","[27.308771929824562, 24.808771929824562]"
MORI_motion_P4,U100,MEZZANINE,F.Cu,B.Cu,False,/IMU_SCK,False,33d93cd3-71bf-4cc4-904c-ab6e8a3743f0,"(44.5, 15.8)","(44.5, 18.8)",3.0,"[6.0, 0.89, 47.6, 34.11]","[44.5, 15.8125]"
MORI_motion_P4,U100,MEZZANINE,F.Cu,B.Cu,False,/IMU_SCK,False,73ef0b0d-3933-48e9-a083-e56e000d6b41,"(28.3, 25.8)","(28.3, 26.9)",1.1,"[6.0, 0.89, 47.6, 34.11]","[28.3, 25.8125]"
MORI_motion_P4,U100,MEZZANINE,F.Cu,B.Cu,False,/IMU_SCK,False,802cf475-bb29-4eb6-966a-f469e2ac1721,"(26.6, 19.5)","(26.6, 21.7)",2.2,"[6.0, 0.89, 47.6, 34.11]","[26.6, 19.5125]"
MORI_motion_P4,U100,MEZZANINE,F.Cu,B.Cu,False,/IMU_SCK,False,c3a36071-9ff7-41fb-b20a-9d317069a76c,"(26.6, 21.7)","(27.3, 22.4)",0.99,"[6.0, 0.89, 47.6, 34.11]","[26.60875, 21.70875]"
MORI_motion_P4,U100,MEZZANINE,F.Cu,F.Cu,True,/IMU_MOSI,False,0c2973db-af44-4bae-bc8d-dbfe49eb6c8f,"(27.6, 13.3)","(24.8, 16.1)",3.96,"[6.0, 0.89, 47.6, 34.11]","[27.59119496855346, 13.308805031446541]"
MORI_motion_P4,U100,MEZZANINE,F.Cu,F.Cu,True,/IMU_MOSI,False,24280e74-62bd-4956-a52b-a12c446d1283,"(32.3, 14.1)","(31.5, 13.3)",1.131,"[6.0, 0.89, 47.6, 34.11]","[32.291304347826085, 14.091304347826087]"
MORI_motion_P4,U100,MEZZANINE,F.Cu,F.Cu,True,/IMU_MOSI,False,5dd8df61-0819-46fc-ab8b-df5ea4a6e719,"(31.5, 13.3)","(27.6, 13.3)",3.9,"[6.0, 0.89, 47.6, 34.11]","[31.4875, 13.3]"
MORI_motion_P4,U100,MEZZANINE,F.Cu,F.Cu,True,/IMU_MOSI,False,a6f86de5-0b9c-4e8b-b5bb-09a21fb3ab70,"(35.4, 14.1)","(32.3, 14.1)",3.1,"[6.0, 0.89, 47.6, 34.11]","[35.3876, 14.1]"
MORI_motion_P4,U100,MEZZANINE,F.Cu,F.Cu,True,/IMU_MOSI,False,b55df29f-124f-4b9d-bd19-57c7c6c17822,"(35.8, 13.7)","(35.4, 14.1)",0.566,"[6.0, 0.89, 47.6, 34.11]","[35.791304347826085, 13.708695652173912]"
MORI_motion_P4,U100,MEZZANINE,F.Cu,F.Cu,True,/IMU_MOSI,False,f74e796a-e937-43cf-beda-60a7d691d9f3,"(47.2, 13.7)","(35.8, 13.7)",11.4,"[6.0, 0.89, 47.6, 34.11]","[47.18752735229759, 13.7]"
MORI_motion_P4,U100,MEZZANINE,F.Cu,B.Cu,False,/IMU_MOSI,False,21e2849c-078e-4aec-a8fb-473faa314669,"(29.3, 25.4)","(30.3, 25.4)",1.0,"[6.0, 0.89, 47.6, 34.11]","[29.3125, 25.4]"
MORI_motion_P4,U100,MEZZANINE,F.Cu,B.Cu,False,/IMU_MOSI,False,25f090ae-f29f-4210-a5c3-a427898b438f,"(50.5, 17.0)","(47.2, 13.7)",0.566,"[6.0, 0.89, 47.6, 34.11]","[47.59130434782609, 14.091304347826085]"
MORI_motion_P4,U100,MEZZANINE,F.Cu,B.Cu,False,/IMU_MOSI,False,56839c51-0d3e-44b9-8bc8-1a5590173df0,"(24.8, 19.5)","(25.2, 19.9)",0.566,"[6.0, 0.89, 47.6, 34.11]","[24.808695652173913, 19.508695652173913]"
MORI_motion_P4,U100,MEZZANINE,F.Cu,B.Cu,False,/IMU_MOSI,False,5d8e73d4-ee52-4376-9468-f2ad955bb715,"(25.2, 19.9)","(25.2, 21.3)",1.4,"[6.0, 0.89, 47.6, 34.11]","[25.2, 19.912280701754383]"
MORI_motion_P4,U100,MEZZANINE,F.Cu,B.Cu,False,/IMU_MOSI,False,873ab3d4-a640-4715-880a-388ee9c58a77,"(25.2, 21.3)","(29.3, 25.4)",5.798,"[6.0, 0.89, 47.6, 34.11]","[25.20883620689655, 21.30883620689655]"
MORI_motion_P4,U100,MEZZANINE,F.Cu,B.Cu,False,/IMU_MOSI,False,8e4d3a9e-734f-40af-ade7-050d7def05a5,"(24.8, 16.1)","(24.8, 19.5)",3.4,"[6.0, 0.89, 47.6, 34.11]","[24.8, 16.1125]"
MORI_motion_P4,U100,MEZZANINE,F.Cu,B.Cu,False,/IMU_MOSI,False,b1b776c2-5ee9-4506-9aa0-859133421297,"(30.0, 25.7)","(30.4, 25.3)",0.566,"[6.0, 0.89, 47.6, 34.11]","[30.008695652173913, 25.691304347826087]"
MORI_motion_P4,U100,MEZZANINE,F.Cu,F.Cu,True,/IMU_MISO,True,11e2cc24-eb3a-43b3-b16e-059bef36d93d,"(33.75, 11.5)","(33.75, 12.4)",0.9,"[6.0, 0.89, 47.6, 34.11]","[33.75, 11.512162162162163]"
MORI_motion_P4,U100,MEZZANINE,F.Cu,F.Cu,True,/IMU_MISO,True,304dc026-c06e-490f-afe3-95993a49776c,"(31.1, 9.8)","(31.7, 9.8)",0.6,"[6.0, 0.89, 47.6, 34.11]","[31.1125, 9.8]"
MORI_motion_P4,U100,MEZZANINE,F.Cu,F.Cu,True,/IMU_MISO,True,4aa3f39e-bed7-4c13-a169-cd2de1e48179,"(11.65, 28.35)","(11.65, 23.2)",5.15,"[6.0, 0.89, 47.6, 34.11]","[11.65, 28.33756038647343]"
MORI_motion_P4,U100,MEZZANINE,F.Cu,F.Cu,True,/IMU_MISO,True,4e69b941-a595-4867-a40c-3176154bf8d8,"(31.7, 9.8)","(32.9, 11.0)",1.697,"[6.0, 0.89, 47.6, 34.11]","[31.708823529411763, 9.808823529411766]"
MORI_motion_P4,U100,MEZZANINE,F.Cu,F.Cu,True,/IMU_MISO,True,5c6ca49a-a9a8-47d0-bdb7-d56921fbd608,"(21.4, 11.8)","(21.95, 12.35)",0.778,"[6.0, 0.89, 47.6, 34.11]","[21.408593749999998, 11.80859375]"
MORI_motion_P4,U100,MEZZANINE,F.Cu,F.Cu,True,/IMU_MISO,True,600bcbad-0b48-4b86-9721-a4af17e4b486,"(48.5, 10.8)","(47.5, 9.8)",0.141,"[6.0, 0.89, 47.6, 34.11]","[47.59166666666667, 9.89166666666667]"
MORI_motion_P4,U100,MEZZANINE,F.Cu,F.Cu,True,/IMU_MISO,True,64eb2dca-5a29-4898-8fc0-d1b0427e6f10,"(33.4, 12.7)","(33.8, 12.7)",0.4,"[6.0, 0.89, 47.6, 34.11]","[33.4125, 12.7]"
MORI_motion_P4,U100,MEZZANINE,F.Cu,F.Cu,True,/IMU_MISO,True,65c89548-7266-4713-af8c-0f3bc12ff345,"(22.85, 12.35)","(24.95, 10.25)",2.97,"[6.0, 0.89, 47.6, 34.11]","[22.858823529411765, 12.341176470588234]"
MORI_motion_P4,U100,MEZZANINE,F.Cu,F.Cu,True,/IMU_MISO,True,66af041c-2797-4263-864b-4820c04f2dfa,"(36.2, 10.3)","(45.9, 10.3)",9.7,"[6.0, 0.89, 47.6, 34.11]","[36.212500000000006, 10.3]"
MORI_motion_P4,U100,MEZZANINE,F.Cu,F.Cu,True,/IMU_MISO,True,6d7ce5ad-7962-477f-8db3-6068462c582f,"(46.1, 10.5)","(45.9, 10.3)",0.283,"[6.0, 0.89, 47.6, 34.11]","[46.09166666666667, 10.491666666666667]"
MORI_motion_P4,U100,MEZZANINE,F.Cu,F.Cu,True,/IMU_MISO,True,749de700-fb2c-4a97-a38d-7420f13734c7,"(32.9, 11.0)","(33.25, 11.0)",0.35,"[6.0, 0.89, 47.6, 34.11]","[32.91166666666666, 11.0]"
MORI_motion_P4,U100,MEZZANINE,F.Cu,F.Cu,True,/IMU_MISO,True,76918c90-1d98-4ecf-acef-7c59bbb90840,"(47.5, 9.8)","(46.8, 10.5)",0.99,"[6.0, 0.89, 47.6, 34.11]","[47.49125, 9.80875]"
MORI_motion_P4,U100,MEZZANINE,F.Cu,F.Cu,True,/IMU_MISO,True,7712ea34-f71a-41d5-ad81-79a2ac9073b4,"(20.65, 12.55)","(21.4, 11.8)",1.061,"[6.0, 0.89, 47.6, 34.11]","[20.65872093023256, 12.541279069767443]"
MORI_motion_P4,U100,MEZZANINE,F.Cu,F.Cu,True,/IMU_MISO,True,9edda961-679d-452c-946b-da92f65f9a80,"(33.75, 12.4)","(33.75, 12.7)",0.3,"[6.0, 0.89, 47.6, 34.11]","[33.75, 12.4125]"
MORI_motion_P4,U100,MEZZANINE,F.Cu,F.Cu,True,/IMU_MISO,True,b2c299da-3f86-4448-8220-535d56a2c35f,"(17.6, 19.25)","(20.65, 16.2)",4.313,"[6.0, 0.89, 47.6, 34.11]","[17.608815028901734, 19.241184971098267]"
MORI_motion_P4,U100,MEZZANINE,F.Cu,F.Cu,True,/IMU_MISO,True,b983d9be-9c3e-4817-b8c8-7f28ae6a5ef2,"(20.65, 16.2)","(20.65, 12.55)",3.65,"[6.0, 0.89, 47.6, 34.11]","[20.65, 16.1875]"
MORI_motion_P4,U100,MEZZANINE,F.Cu,F.Cu,True,/IMU_MISO,True,c1d37bd6-3e60-43d6-8a8c-f86fddb3ddb2,"(11.15, 28.85)","(11.65, 28.35)",0.707,"[6.0, 0.89, 47.6, 34.11]","[11.158620689655173, 28.84137931034483]"
MORI_motion_P4,U100,MEZZANINE,F.Cu,F.Cu,True,/IMU_MISO,True,d756cb46-5b10-4f20-ad8e-5281a3889f2c,"(11.65, 23.2)","(15.6, 19.25)",5.586,"[6.0, 0.89, 47.6, 34.11]","[11.658816964285714, 23.191183035714285]"
MORI_motion_P4,U100,MEZZANINE,F.Cu,F.Cu,True,/IMU_MISO,True,e01e04b1-3ccf-4876-8ca5-3a27ec0451b3,"(46.8, 10.5)","(46.1, 10.5)",0.7,"[6.0, 0.89, 47.6, 34.11]","[46.787499999999994, 10.5]"
MORI_motion_P4,U100,MEZZANINE,F.Cu,F.Cu,True,/IMU_MISO,True,e1ea8e61-d033-4363-8251-00677193f591,"(30.65, 10.25)","(31.1, 9.8)",0.636,"[6.0, 0.89, 47.6, 34.11]","[30.658653846153843, 10.241346153846154]"
MORI_motion_P4,U100,MEZZANINE,F.Cu,F.Cu,True,/IMU_MISO,True,e636a4a1-db6d-4738-ad46-866389ec2e74,"(33.25, 11.0)","(33.75, 11.5)",0.707,"[6.0, 0.89, 47.6, 34.11]","[33.258620689655174, 11.008620689655173]"
MORI_motion_P4,U100,MEZZANINE,F.Cu,F.Cu,True,/IMU_MISO,True,ef744d2e-f71a-48a2-81c4-eca40aaea4b6,"(24.95, 10.25)","(30.65, 10.25)",5.7,"[6.0, 0.89, 47.6, 34.11]","[24.9625, 10.25]"
MORI_motion_P4,U100,MEZZANINE,F.Cu,F.Cu,True,/IMU_MISO,True,f37633d1-320d-4ac7-a9ee-7f887b032cfb,"(21.95, 12.35)","(22.85, 12.35)",0.9,"[6.0, 0.89, 47.6, 34.11]","[21.962162162162162, 12.35]"
MORI_motion_P4,U100,MEZZANINE,F.Cu,F.Cu,True,/IMU_MISO,True,f7095e10-c54c-479e-905a-ca40eef5d25f,"(33.8, 12.7)","(36.2, 10.3)",3.394,"[6.0, 0.89, 47.6, 34.11]","[33.80882352941176, 12.691176470588234]"
MORI_motion_P4,U100,MEZZANINE,F.Cu,F.Cu,True,/IMU_MISO,True,ff8be03f-dab4-44bd-91d1-90baff645e49,"(15.6, 19.25)","(17.6, 19.25)",2.0,"[6.0, 0.89, 47.6, 34.11]","[15.612345679012344, 19.25]"
MORI_motion_P4,U100,MEZZANINE,F.Cu,B.Cu,False,/IMU_MISO,True,281f2c8b-49a1-4715-8574-2b89d9f1a452,"(11.95, 33.9)","(11.15, 33.1)",1.131,"[6.0, 0.89, 47.6, 34.11]","[11.941304347826087, 33.891304347826086]"
MORI_motion_P4,U100,MEZZANINE,F.Cu,B.Cu,False,/IMU_MISO,True,3e47989e-c177-4696-80a1-9aaee175183e,"(23.1, 33.9)","(11.95, 33.9)",11.15,"[6.0, 0.89, 47.6, 34.11]","[23.08752796420582, 33.9]"
MORI_motion_P4,U100,MEZZANINE,F.Cu,B.Cu,False,/IMU_MISO,True,5cdde8ed-0aef-4678-b05c-ed3bd8e9b394,"(24.25, 32.75)","(23.1, 33.9)",1.626,"[6.0, 0.89, 47.6, 34.11]","[24.24128787878788, 32.75871212121212]"
MORI_motion_P4,U100,MEZZANINE,F.Cu,B.Cu,False,/IMU_MISO,True,8c1b9505-d2d6-4daf-a08e-e40fedec78cd,"(11.15, 33.1)","(11.15, 28.85)",4.25,"[6.0, 0.89, 47.6, 34.11]","[11.15, 33.0875]"
MORI_motion_P4,U100,MEZZANINE,F.Cu,B.Cu,False,/IMU_MISO,True,bc64a858-dddd-4ac6-9f51-6aedc30f74a1,"(24.25, 32.75)","(26.05, 32.75)",0.099,"[6.0, 0.89, 47.6, 34.11]","[24.262328767123286, 32.75]"
MORI_motion_P4,U100,MEZZANINE,F.Cu,B.Cu,False,/IMU_MISO,True,c506d6b7-6872-411a-a674-d0317fc61544,"(45.9, 10.3)","(46.3, 10.3)",0.4,"[6.0, 0.89, 47.6, 34.11]","[45.9125, 10.3]"
MORI_motion_P4,U100,MEZZANINE,F.Cu,B.Cu,False,/IMU_MISO,True,fd48654e-8079-4bf2-8cac-665b5f463608,"(33.4, 13.1)","(33.4, 12.7)",0.4,"[6.0, 0.89, 47.6, 34.11]","[33.4, 13.088235294117647]"
MORI_motion_P4,U100,MEZZANINE,F.Cu,F.Cu,True,/IMU_CS,False,276d0e1f-6103-4e25-a97f-3651f369c845,"(39.6, 19.4)","(41.0, 20.8)",1.98,"[6.0, 0.89, 47.6, 34.11]","[39.60875, 19.408749999999998]"
MORI_motion_P4,U100,MEZZANINE,F.Cu,F.Cu,True,/IMU_CS,False,37549b12-040a-4d43-9792-b5052c8970ee,"(45.7, 19.8)","(46.1, 19.4)",0.566,"[6.0, 0.89, 47.6, 34.11]","[45.708695652173915, 19.791304347826088]"
MORI_motion_P4,U100,MEZZANINE,F.Cu,F.Cu,True,/IMU_CS,False,3e204e8c-4635-4a27-b5f8-d671df093264,"(25.6, 26.4)","(26.8, 27.6)",1.697,"[6.0, 0.89, 47.6, 34.11]","[25.608823529411765, 26.408823529411762]"
MORI_motion_P4,U100,MEZZANINE,F.Cu,F.Cu,True,/IMU_CS,False,4f1cd275-17b7-404f-80d9-0c307812b65c,"(37.7, 23.3)","(38.8, 22.2)",1.556,"[6.0, 0.89, 47.6, 34.11]","[37.70873015873016, 23.29126984126984]"
MORI_motion_P4,U100,MEZZANINE,F.Cu,F.Cu,True,/IMU_CS,False,6434c4d6-43bf-4e9b-8539-81dcb9e960da,"(23.9, 26.4)","(25.6, 26.4)",1.7,"[6.0, 0.89, 47.6, 34.11]","[23.912318840579708, 26.4]"
MORI_motion_P4,U100,MEZZANINE,F.Cu,F.Cu,True,/IMU_CS,False,64b087f4-8d4a-4dc1-9bad-c89d2df35929,"(46.1, 19.4)","(46.1, 19.3)",0.1,"[6.0, 0.89, 47.6, 34.11]","[46.1, 19.3875]"
MORI_motion_P4,U100,MEZZANINE,F.Cu,F.Cu,True,/IMU_CS,False,73599409-ade2-49b5-84e0-2cae8dfb2be0,"(41.0, 20.8)","(42.0, 19.8)",1.414,"[6.0, 0.89, 47.6, 34.11]","[41.00877192982456, 20.79122807017544]"
MORI_motion_P4,U100,MEZZANINE,F.Cu,F.Cu,True,/IMU_CS,False,8d16fa34-3451-4c25-ba0c-87b28e8a5ed2,"(26.8, 27.6)","(29.6, 27.6)",2.8,"[6.0, 0.89, 47.6, 34.11]","[26.812389380530973, 27.6]"
MORI_motion_P4,U100,MEZZANINE,F.Cu,F.Cu,True,/IMU_CS,False,a7d35c24-18e1-4316-90dd-ff791d69b443,"(42.0, 19.8)","(45.7, 19.8)",3.7,"[6.0, 0.89, 47.6, 34.11]","[42.01241610738255, 19.8]"
MORI_motion_P4,U100,MEZZANINE,F.Cu,F.Cu,True,/IMU_CS,False,a9d17b1a-2f9d-4271-bd44-7c259aaff943,"(38.8, 22.2)","(38.8, 20.2)",2.0,"[6.0, 0.89, 47.6, 34.11]","[38.8, 22.1875]"
MORI_motion_P4,U100,MEZZANINE,F.Cu,F.Cu,True,/IMU_CS,False,cdbe0e5e-e9a3-44cf-bf48-62f50d96609c,"(38.8, 20.2)","(39.6, 19.4)",1.131,"[6.0, 0.89, 47.6, 34.11]","[38.80869565217391, 20.191304347826087]"
MORI_motion_P4,U100,MEZZANINE,F.Cu,F.Cu,True,/IMU_CS,False,e26e3b9a-2574-404a-b266-de3bbd0e49f5,"(29.6, 27.6)","(30.8, 28.8)",1.697,"[6.0, 0.89, 47.6, 34.11]","[29.608823529411765, 27.608823529411765]"
MORI_motion_P4,U100,MEZZANINE,F.Cu,B.Cu,False,/IMU_CS,False,004b0c9b-eba1-4581-adb7-bd5c857fab9f,"(34.6, 25.6)","(35.4, 25.6)",0.8,"[6.0, 0.89, 47.6, 34.11]","[34.612500000000004, 25.6]"
MORI_motion_P4,U100,MEZZANINE,F.Cu,B.Cu,False,/IMU_CS,False,018c3657-87e5-49e6-87f6-2a85dd7007d6,"(25.0, 26.2)","(24.1, 26.2)",0.9,"[6.0, 0.89, 47.6, 34.11]","[24.9875, 26.2]"
MORI_motion_P4,U100,MEZZANINE,F.Cu,B.Cu,False,/IMU_CS,False,0ee242d1-a22e-47b4-9616-34aa96d7c9c3,"(46.65, 18.35)","(46.8, 18.5)",0.212,"[6.0, 0.89, 47.6, 34.11]","[46.65833333333333, 18.358333333333334]"
MORI_motion_P4,U100,MEZZANINE,F.Cu,B.Cu,False,/IMU_CS,False,2bbd4d12-f6e5-47da-8378-8a6ff2a83066,"(31.5, 28.1)","(32.9, 28.1)",1.4,"[6.0, 0.89, 47.6, 34.11]","[31.5125, 28.1]"
MORI_motion_P4,U100,MEZZANINE,F.Cu,B.Cu,False,/IMU_CS,False,3f2200aa-c214-47c3-927a-c8bcde70eec0,"(35.4, 25.6)","(37.7, 23.3)",3.253,"[6.0, 0.89, 47.6, 34.11]","[35.4087786259542, 25.5912213740458]"
MORI_motion_P4,U100,MEZZANINE,F.Cu,B.Cu,False,/IMU_CS,False,4fbfbcfe-3ce1-4513-8d5d-b38690279302,"(46.5, 19.3)","(46.1, 19.3)",0.4,"[6.0, 0.89, 47.6, 34.11]","[46.4875, 19.3]"
MORI_motion_P4,U100,MEZZANINE,F.Cu,B.Cu,False,/IMU_CS,False,5d83c0d3-7e41-4869-a34f-4a0c8a726673,"(32.9, 28.1)","(33.7, 27.3)",1.131,"[6.0, 0.89, 47.6, 34.11]","[32.90869565217391, 28.09130434782609]"
MORI_motion_P4,U100,MEZZANINE,F.Cu,B.Cu,False,/IMU_CS,False,5f72fe87-69cd-4ece-92f1-a7e006ed8c54,"(30.8, 28.8)","(31.5, 28.1)",0.99,"[6.0, 0.89, 47.6, 34.11]","[30.80875, 28.79125]"
MORI_motion_P4,U100,MEZZANINE,F.Cu,B.Cu,False,/IMU_CS,False,73054730-5b27-4152-a3d2-c1a491d04d25,"(46.1, 13.8)","(47.0, 12.9)",1.273,"[6.0, 0.89, 47.6, 34.11]","[46.108823529411765, 13.791176470588235]"
MORI_motion_P4,U100,MEZZANINE,F.Cu,B.Cu,False,/IMU_CS,False,74d417a5-f7ef-402d-a3eb-96b56248e0d5,"(46.1, 18.25)","(46.65, 18.25)",0.55,"[6.0, 0.89, 47.6, 34.11]","[46.112500000000004, 18.25]"
MORI_motion_P4,U100,MEZZANINE,F.Cu,B.Cu,False,/IMU_CS,False,9d00bc0c-c655-4d1c-a27b-0ea3acef2fe4,"(47.0, 12.9)","(50.5, 12.9)",0.6,"[6.0, 0.89, 47.6, 34.11]","[47.012, 12.9]"
MORI_motion_P4,U100,MEZZANINE,F.Cu,B.Cu,False,/IMU_CS,False,a8dedef3-ff9b-4668-a641-635dd114550c,"(46.1, 19.3)","(46.1, 13.8)",5.5,"[6.0, 0.89, 47.6, 34.11]","[46.1, 19.2875]"
MORI_motion_P4,U100,MEZZANINE,F.Cu,B.Cu,False,/IMU_CS,False,c4d1be4a-5c76-4c69-8214-084ed9b36438,"(33.7, 26.5)","(34.6, 25.6)",1.273,"[6.0, 0.89, 47.6, 34.11]","[33.70882352941177, 26.491176470588236]"
MORI_motion_P4,U100,MEZZANINE,F.Cu,B.Cu,False,/IMU_CS,False,ce40ad81-88e9-42cc-a57d-0b9d255a9752,"(24.1, 26.2)","(23.9, 26.4)",0.283,"[6.0, 0.89, 47.6, 34.11]","[24.09166666666667, 26.208333333333332]"
MORI_motion_P4,U100,MEZZANINE,F.Cu,B.Cu,False,/IMU_CS,False,f323f534-bdb4-4278-9a2b-9caff07c5a9a,"(46.8, 18.65)","(47.7, 19.55)",1.131,"[6.0, 0.89, 47.6, 34.11]","[46.80869565217391, 18.65869565217391]"
MORI_motion_P4,U100,MEZZANINE,F.Cu,B.Cu,False,/IMU_CS,False,f512b122-d711-4da9-ac03-7b302b3bc1d0,"(33.7, 27.3)","(33.7, 26.5)",0.8,"[6.0, 0.89, 47.6, 34.11]","[33.7, 27.28787878787879]"
MORI_motion_P4,U100,MEZZANINE,F.Cu,F.Cu,True,/IMU_DRDY,True,117b394f-458f-48b2-b70e-f10c3ebbb847,"(46.9, 16.5)","(41.3, 16.5)",5.6,"[6.0, 0.89, 47.6, 34.11]","[46.88755555555555, 16.5]"
MORI_motion_P4,U100,MEZZANINE,F.Cu,F.Cu,True,/IMU_DRDY,True,8426723d-f610-490c-91ab-5a8637733fd3,"(40.8, 16.0)","(38.7, 16.0)",2.1,"[6.0, 0.89, 47.6, 34.11]","[40.787499999999994, 16.0]"
MORI_motion_P4,U100,MEZZANINE,F.Cu,F.Cu,True,/IMU_DRDY,True,d9247a43-cc28-4845-ada1-460d6bc7b901,"(41.3, 16.5)","(40.8, 16.0)",0.707,"[6.0, 0.89, 47.6, 34.11]","[41.29137931034482, 16.49137931034483]"
MORI_motion_P4,U100,MEZZANINE,F.Cu,B.Cu,False,/IMU_DRDY,True,051d71a7-4c77-4c2f-a26a-194c6ee370a3,"(33.1554, 31.47)","(31.5, 31.47)",1.655,"[6.0, 0.89, 47.6, 34.11]","[33.14304626865672, 31.47]"
MORI_motion_P4,U100,MEZZANINE,F.Cu,B.Cu,False,/IMU_DRDY,True,17649b75-62f9-479c-85d2-5ff0743da96a,"(47.9, 16.1)","(47.4, 16.6)",0.283,"[6.0, 0.89, 47.6, 34.11]","[47.59166666666667, 16.40833333333333]"
MORI_motion_P4,U100,MEZZANINE,F.Cu,B.Cu,False,/IMU_DRDY,True,185485bc-12a1-4b27-8b22-48819797c1ca,"(38.2336, 24.7055)","(38.2336, 25.8754)",1.17,"[6.0, 0.89, 47.6, 34.11]","[38.2336, 24.71794574468085]"
MORI_motion_P4,U100,MEZZANINE,F.Cu,B.Cu,False,/IMU_DRDY,True,2d7fbaef-5068-4931-a4ef-37e556b17816,"(34.04, 30.5854)","(33.1554, 31.47)",1.251,"[6.0, 0.89, 47.6, 34.11]","[34.03132745098039, 30.594072549019607]"
MORI_motion_P4,U100,MEZZANINE,F.Cu,B.Cu,False,/IMU_DRDY,True,474d8fbc-06e2-49f6-9dd1-18bc4aa656bf,"(38.2336, 25.8754)","(35.1351, 28.9739)",4.382,"[6.0, 0.89, 47.6, 34.11]","[38.22479744318182, 25.88420255681818]"
MORI_motion_P4,U100,MEZZANINE,F.Cu,B.Cu,False,/IMU_DRDY,True,6bd1e00f-2caa-45b0-a308-67560ab8008c,"(31.5, 31.47)","(30.23, 32.74)",0.948,"[6.0, 0.89, 47.6, 34.11]","[31.491180555555555, 31.478819444444444]"
MORI_motion_P4,U100,MEZZANINE,F.Cu,B.Cu,False,/IMU_DRDY,True,9097e6bf-e0e0-492f-961a-396ef2405f47,"(47.0, 16.6)","(46.9, 16.5)",0.141,"[6.0, 0.89, 47.6, 34.11]","[46.99166666666667, 16.59166666666667]"
MORI_motion_P4,U100,MEZZANINE,F.Cu,B.Cu,False,/IMU_DRDY,True,91d84748-ad12-435d-a1df-2f51f74b3188,"(34.04, 29.7969)","(34.04, 30.5854)",0.788,"[6.0, 0.89, 47.6, 34.11]","[34.04, 29.809220312500003]"
MORI_motion_P4,U100,MEZZANINE,F.Cu,B.Cu,False,/IMU_DRDY,True,928c8fe0-417d-4a65-a9b3-a6f4c5e99481,"(38.4, 18.6)","(38.7, 18.3)",0.424,"[6.0, 0.89, 47.6, 34.11]","[38.40882352941176, 18.591176470588238]"
MORI_motion_P4,U100,MEZZANINE,F.Cu,B.Cu,False,/IMU_DRDY,True,95eb3090-9028-4d83-b0b7-4af4d1f72838,"(35.1351, 28.9739)","(34.863, 28.9739)",0.272,"[6.0, 0.89, 47.6, 34.11]","[35.12273181818182, 28.9739]"
MORI_motion_P4,U100,MEZZANINE,F.Cu,B.Cu,False,/IMU_DRDY,True,9af19848-4852-4b2e-bffc-d4f5a30fdefa,"(38.4207, 24.5184)","(38.2336, 24.7055)",0.265,"[6.0, 0.89, 47.6, 34.11]","[38.412195454545454, 24.526904545454546]"
MORI_motion_P4,U100,MEZZANINE,F.Cu,B.Cu,False,/IMU_DRDY,True,aa84765c-2297-4909-b02e-5a831be469a6,"(34.863, 28.9739)","(34.04, 29.7969)",1.164,"[6.0, 0.89, 47.6, 34.11]","[34.85424468085106, 28.982655319148936]"
MORI_motion_P4,U100,MEZZANINE,F.Cu,B.Cu,False,/IMU_DRDY,True,b3a305b1-661e-41be-8c2a-d4a44acbb0d7,"(38.4207, 18.5958)","(38.4207, 24.5184)",5.923,"[6.0, 0.89, 47.6, 34.11]","[38.4207, 18.608294936708862]"
MORI_motion_P4,U100,MEZZANINE,F.Cu,B.Cu,False,/IMU_DRDY,True,c9e371c2-81c4-4022-ab7d-2e745854e9ae,"(47.4, 16.6)","(47.0, 16.6)",0.4,"[6.0, 0.89, 47.6, 34.11]","[47.387499999999996, 16.6]"
MORI_motion_P4,U100,MEZZANINE,F.Cu,B.Cu,False,/IMU_DRDY,True,f3393997-2dbd-42ff-820a-c87b21df14f9,"(38.7, 18.3)","(38.7, 16.0)",2.3,"[6.0, 0.89, 47.6, 34.11]","[38.7, 18.287634408602152]"
MORI_motion_P4,U100,MEZZANINE,F.Cu,B.Cu,False,/CAM_RX,False,28f3eec1-2636-4512-a401-1e71b35ed510,"(43.2, 14.0)","(48.5, 8.7)",6.223,"[6.0, 0.89, 47.6, 34.11]","[43.208835341365464, 13.991164658634538]"
MORI_motion_P4,U100,MEZZANINE,F.Cu,B.Cu,False,/CAM_RX,False,42eee538-68bb-4891-8d6a-2be843ae163b,"(42.8, 14.0)","(43.2, 14.0)",0.4,"[6.0, 0.89, 47.6, 34.11]","[42.811764705882354, 14.0]"
MORI_motion_P4,U100,MEZZANINE,F.Cu,F.Cu,True,/CAM_TX,False,d093a042-5bb2-4282-a214-63d3842aa680,"(37.8, 12.95)","(46.95, 12.95)",9.15,"[6.0, 0.89, 47.6, 34.11]","[37.812465940054494, 12.95]"
MORI_motion_P4,U100,MEZZANINE,F.Cu,F.Cu,True,/CAM_TX,False,d136e0b3-1b83-43ce-92ac-a6458577dea4,"(46.95, 12.95)","(47.75, 12.15)",0.919,"[6.0, 0.89, 47.6, 34.11]","[46.95878378378379, 12.941216216216215]"
MORI_motion_P4,U100,MEZZANINE,F.Cu,B.Cu,False,/CAM_TX,False,0fda6ae7-1d24-4ca3-b621-d00187ae0acb,"(35.45, 12.25)","(36.15, 12.95)",0.99,"[6.0, 0.89, 47.6, 34.11]","[35.45875, 12.25875]"
MORI_motion_P4,U100,MEZZANINE,F.Cu,B.Cu,False,/CAM_TX,False,a71079d1-5f1d-46b8-8c45-b916562b0416,"(36.15, 12.95)","(37.8, 12.95)",1.65,"[6.0, 0.89, 47.6, 34.11]","[36.1625, 12.95]"
MORI_motion_P4,U100,MEZZANINE,F.Cu,F.Cu,True,/CAM_3V3,False,23e88e3f-765c-49f1-83b2-619c18d5d475,"(45.55, 11.75)","(46.0, 12.2)",0.636,"[6.0, 0.89, 47.6, 34.11]","[45.558653846153845, 11.758653846153846]"
MORI_motion_P4,U100,MEZZANINE,F.Cu,F.Cu,True,/CAM_3V3,False,38ba9a0b-1c16-48ad-a5f8-2e7d16a528ab,"(35.2, 12.2)","(34.2, 13.2)",1.414,"[6.0, 0.89, 47.6, 34.11]","[35.19122807017544, 12.208771929824561]"
MORI_motion_P4,U100,MEZZANINE,F.Cu,F.Cu,True,/CAM_3V3,False,4e85b357-dec2-4a46-9d04-08d52049fb01,"(40.3, 11.4)","(40.3, 11.75)",0.35,"[6.0, 0.89, 47.6, 34.11]","[40.3, 11.4125]"
MORI_motion_P4,U100,MEZZANINE,F.Cu,F.Cu,True,/CAM_3V3,False,6101f6b9-85ce-4338-a94c-f11507b321b9,"(40.0, 11.75)","(45.55, 11.75)",5.55,"[6.0, 0.89, 47.6, 34.11]","[40.0125, 11.75]"
MORI_motion_P4,U100,MEZZANINE,F.Cu,F.Cu,True,/CAM_3V3,False,76990747-7a74-4331-a9dc-22df86793fb7,"(40.0, 11.75)","(39.55, 12.2)",0.636,"[6.0, 0.89, 47.6, 34.11]","[39.99134615384615, 11.758653846153846]"
MORI_motion_P4,U100,MEZZANINE,F.Cu,F.Cu,True,/CAM_3V3,False,acaddd80-168b-411e-9273-c17dca9feed2,"(39.55, 12.2)","(35.2, 12.2)",4.35,"[6.0, 0.89, 47.6, 34.11]","[39.537499999999994, 12.2]"
MORI_motion_P4,U100,MEZZANINE,F.Cu,F.Cu,True,/CAM_3V3,False,ebe8ba4f-d763-4295-89ba-57bc3edfc37a,"(34.2, 13.2)","(34.2, 13.35)",0.15,"[6.0, 0.89, 47.6, 34.11]","[34.2, 13.210714285714285]"
MORI_motion_P4,U100,MEZZANINE,F.Cu,B.Cu,False,/CAM_3V3,False,0636e995-1caf-4a68-87ac-f3f46112e10e,"(46.0, 13.3)","(45.35, 13.95)",0.919,"[6.0, 0.89, 47.6, 34.11]","[45.991216216216216, 13.308783783783785]"
MORI_motion_P4,U100,MEZZANINE,F.Cu,B.Cu,False,/CAM_3V3,False,15ab408f-d800-4e9a-b94e-092175a4eadc,"(38.55, 11.75)","(40.0, 11.75)",1.45,"[6.0, 0.89, 47.6, 34.11]","[38.56228813559322, 11.75]"
MORI_motion_P4,U100,MEZZANINE,F.Cu,B.Cu,False,/CAM_3V3,False,38c67af9-4795-4662-91b5-da96c657e428,"(37.6, 14.8)","(38.25, 14.15)",0.919,"[6.0, 0.89, 47.6, 34.11]","[37.608783783783785, 14.791216216216217]"
MORI_motion_P4,U100,MEZZANINE,F.Cu,B.Cu,False,/CAM_3V3,False,42e49bab-9e01-49ce-b5ac-d17a88816c2b,"(38.25, 14.15)","(38.25, 14.0)",0.15,"[6.0, 0.89, 47.6, 34.11]","[38.25, 14.139285714285714]"
MORI_motion_P4,U100,MEZZANINE,F.Cu,B.Cu,False,/CAM_3V3,False,5fd3ebb8-3b17-4fa0-aaf1-8d3721d45218,"(38.3, 14.0)","(38.3, 14.2)",0.2,"[6.0, 0.89, 47.6, 34.11]","[38.3, 14.0125]"
MORI_motion_P4,U100,MEZZANINE,F.Cu,B.Cu,False,/CAM_3V3,False,845662db-90ea-4078-b04f-1d46b8362fa0,"(35.65, 14.8)","(37.6, 14.8)",1.95,"[6.0, 0.89, 47.6, 34.11]","[35.6623417721519, 14.8]"
MORI_motion_P4,U100,MEZZANINE,F.Cu,B.Cu,False,/CAM_3V3,False,869507d7-e270-40cc-b982-46c9e61d7b9c,"(46.85, 21.05)","(47.85, 21.05)",0.75,"[6.0, 0.89, 47.6, 34.11]","[46.862500000000004, 21.05]"
MORI_motion_P4,U100,MEZZANINE,F.Cu,B.Cu,False,/CAM_3V3,False,94fbc552-644d-4cde-98a9-4b8f1923eceb,"(45.35, 13.95)","(45.35, 19.55)",5.6,"[6.0, 0.89, 47.6, 34.11]","[45.35, 13.962444444444444]"
MORI_motion_P4,U100,MEZZANINE,F.Cu,B.Cu,False,/CAM_3V3,False,cf9b1d9c-422e-4e87-9cc9-5f4e66ef09cf,"(46.0, 12.2)","(46.0, 13.3)",1.1,"[6.0, 0.89, 47.6, 34.11]","[46.0, 12.212222222222222]"
MORI_motion_P4,U100,MEZZANINE,F.Cu,B.Cu,False,/CAM_3V3,False,d9a87b99-c79e-426c-a852-4fe4c31e4f18,"(45.35, 19.55)","(46.85, 21.05)",2.121,"[6.0, 0.89, 47.6, 34.11]","[45.358823529411765, 19.558823529411764]"
MORI_motion_P4,U100,MEZZANINE,F.Cu,B.Cu,False,/CAM_3V3,False,f0f50de1-dea4-4546-a589-6ad26bc040bb,"(34.2, 13.35)","(35.65, 14.8)",2.051,"[6.0, 0.89, 47.6, 34.11]","[34.20873493975904, 13.358734939759035]"
MORI_motion_P4,U100,MEZZANINE,F.Cu,B.Cu,False,/+5V_MOTION,True,26f8a4f5-1b7b-4cb3-a6c2-0523585fc08d,"(41.3482, 6.7489)","(40.39, 5.7907)",1.355,"[6.0, 0.89, 47.6, 34.11]","[41.33948909090909, 6.740189090909091]"
MORI_motion_P4,U100,MEZZANINE,F.Cu,B.Cu,False,/+5V_MOTION,True,928cdf50-5911-42c3-85b3-2d6765713acb,"(47.55, 6.75)","(48.25, 6.05)",0.071,"[6.0, 0.89, 47.6, 34.11]","[47.55833333333333, 6.741666666666666]"
MORI_motion_P4,U100,MEZZANINE,F.Cu,B.Cu,False,/+5V_MOTION,True,a45c1a96-4638-49cd-b099-988800b6cf0d,"(47.5261, 6.7489)","(41.3482, 6.7489)",6.178,"[6.0, 0.89, 47.6, 34.11]","[47.51364455645161, 6.7489]"
MORI_motion_P4,U100,MEZZANINE,F.Cu,B.Cu,False,/+5V_MOTION,True,f6bdc0fa-66fd-41c2-9a21-812241421b1b,"(40.39, 2.26)","(40.39, 5.7907)",0.995,"[6.0, 0.89, 47.6, 34.11]","[40.39, 3.1178109154929574]"
MORI_motion_P4,U100,MEZZANINE,F.Cu,F.Cu,True,/HEAD_BUS,False,25adedb8-4637-4458-b86b-5668155ad33d,"(39.9, 15.2)","(27.7, 15.2)",12.2,"[6.0, 0.89, 47.6, 34.11]","[39.887499999999996, 15.2]"
MORI_motion_P4,U100,MEZZANINE,F.Cu,F.Cu,True,/HEAD_BUS,False,534e05cb-f744-420a-8110-4158a16bb9a1,"(23.3, 18.9)","(24.55, 17.65)",1.768,"[6.0, 0.89, 47.6, 34.11]","[23.30880281690141, 18.89119718309859]"
MORI_motion_P4,U100,MEZZANINE,F.Cu,F.Cu,True,/HEAD_BUS,False,685677b4-7b9b-4734-b865-2240d1d4817b,"(27.0, 15.9)","(27.0, 16.0)",0.1,"[6.0, 0.89, 47.6, 34.11]","[27.0, 15.9125]"
MORI_motion_P4,U100,MEZZANINE,F.Cu,F.Cu,True,/HEAD_BUS,False,8b6cb2e3-6f73-4912-8d51-82c2c19ac8e9,"(27.7, 15.2)","(27.0, 15.9)",0.99,"[6.0, 0.89, 47.6, 34.11]","[27.69125, 15.208749999999998]"
MORI_motion_P4,U100,MEZZANINE,F.Cu,F.Cu,True,/HEAD_BUS,False,bc5bd9a0-3624-49e6-abf9-b5efdd709d22,"(24.55, 17.65)","(26.45, 17.65)",1.9,"[6.0, 0.89, 47.6, 34.11]","[24.5625, 17.65]"
MORI_motion_P4,U100,MEZZANINE,F.Cu,B.Cu,False,/HEAD_BUS,False,0d6e4d97-e23c-4bf1-b56d-022545264105,"(41.8, 19.1)","(41.7, 19.0)",0.141,"[6.0, 0.89, 47.6, 34.11]","[41.791666666666664, 19.09166666666667]"
MORI_motion_P4,U100,MEZZANINE,F.Cu,B.Cu,False,/HEAD_BUS,False,24998f19-ad05-4900-8af2-70edce39d485,"(27.0, 17.0)","(27.0, 16.0)",1.0,"[6.0, 0.89, 47.6, 34.11]","[27.0, 16.9875]"
MORI_motion_P4,U100,MEZZANINE,F.Cu,B.Cu,False,/HEAD_BUS,False,2a8aeb7c-d921-4e4c-ad2d-026193dff003,"(26.45, 17.65)","(27.0, 17.0)",0.851,"[6.0, 0.89, 47.6, 34.11]","[26.457857142857144, 17.640714285714285]"
MORI_motion_P4,U100,MEZZANINE,F.Cu,B.Cu,False,/HEAD_BUS,False,2bdb1119-ad2e-4761-b3ac-0a3976bfe6d1,"(41.7, 18.9)","(41.4, 18.6)",0.424,"[6.0, 0.89, 47.6, 34.11]","[41.69117647058824, 18.891176470588235]"
MORI_motion_P4,U100,MEZZANINE,F.Cu,B.Cu,False,/HEAD_BUS,False,3fcf5639-4165-420f-b271-cfbd7350de60,"(20.45, 19.45)","(20.75, 19.15)",0.424,"[6.0, 0.89, 47.6, 34.11]","[20.458823529411763, 19.441176470588236]"
MORI_motion_P4,U100,MEZZANINE,F.Cu,B.Cu,False,/HEAD_BUS,False,5c3dff84-e784-42eb-9487-f92b492165c6,"(20.75, 21.3)","(20.15, 20.7)",0.849,"[6.0, 0.89, 47.6, 34.11]","[20.741176470588236, 21.291176470588237]"
MORI_motion_P4,U100,MEZZANINE,F.Cu,B.Cu,False,/HEAD_BUS,False,65796f86-a530-457a-8e78-856341ae6430,"(41.7, 19.0)","(41.7, 18.9)",0.1,"[6.0, 0.89, 47.6, 34.11]","[41.7, 18.99]"
MORI_motion_P4,U100,MEZZANINE,F.Cu,B.Cu,False,/HEAD_BUS,False,67f02b47-fc86-4dc7-84ef-2b86f65e0056,"(47.7, 25.6)","(41.8, 19.7)",8.202,"[6.0, 0.89, 47.6, 34.11]","[47.59118541033435, 25.491185410334346]"
MORI_motion_P4,U100,MEZZANINE,F.Cu,B.Cu,False,/HEAD_BUS,False,696c8f2e-3a58-4aca-a5e0-027a1a47dbed,"(20.45, 20.4)","(20.45, 19.45)",0.95,"[6.0, 0.89, 47.6, 34.11]","[20.45, 20.3875]"
MORI_motion_P4,U100,MEZZANINE,F.Cu,B.Cu,False,/HEAD_BUS,False,7bebd116-0cdd-4c81-ac63-de7982bd15b1,"(20.75, 22.95)","(20.75, 21.3)",1.65,"[6.0, 0.89, 47.6, 34.11]","[20.75, 22.9375]"
MORI_motion_P4,U100,MEZZANINE,F.Cu,B.Cu,False,/HEAD_BUS,False,8d0056bb-3b41-4b3d-bb26-79b38db970c2,"(21.1, 18.9)","(23.3, 18.9)",2.2,"[6.0, 0.89, 47.6, 34.11]","[21.1125, 18.9]"
MORI_motion_P4,U100,MEZZANINE,F.Cu,B.Cu,False,/HEAD_BUS,False,8dee55cb-d0a0-4dff-b485-d062eb6c8b2a,"(41.4, 18.6)","(41.4, 16.7)",1.9,"[6.0, 0.89, 47.6, 34.11]","[41.4, 18.58766233766234]"
MORI_motion_P4,U100,MEZZANINE,F.Cu,B.Cu,False,/HEAD_BUS,False,99dc69b3-c0ac-4f51-aad5-ea15a57caeaa,"(41.4, 16.7)","(39.9, 15.2)",2.121,"[6.0, 0.89, 47.6, 34.11]","[41.391176470588235, 16.691176470588236]"
MORI_motion_P4,U100,MEZZANINE,F.Cu,B.Cu,False,/HEAD_BUS,False,9a2599a0-7b9e-437a-8e60-5b15cb9995d8,"(20.15, 20.7)","(20.45, 20.4)",0.424,"[6.0, 0.89, 47.6, 34.11]","[20.158823529411762, 20.691176470588236]"
MORI_motion_P4,U100,MEZZANINE,F.Cu,B.Cu,False,/HEAD_BUS,False,c1dd5d40-dae9-4604-8c1c-20c63966ed85,"(41.8, 19.7)","(41.8, 19.1)",0.6,"[6.0, 0.89, 47.6, 34.11]","[41.8, 19.6875]"
MORI_motion_P4,U100,MEZZANINE,F.Cu,B.Cu,False,/BAT_ADC,True,0ea18fa4-16a8-4d2f-ab77-57809c004463,"(11.175, 25.9)","(11.175, 24.5)",1.4,"[6.0, 0.89, 47.6, 34.11]","[11.175, 25.8875]"
MORI_motion_P4,U100,MEZZANINE,F.Cu,B.Cu,False,/BAT_ADC,True,1c250c42-650a-45b2-bc0b-3344ba96eb94,"(11.95, 26.55)","(12.45, 27.05)",0.707,"[6.0, 0.89, 47.6, 34.11]","[11.958620689655172, 26.55862068965517]"
MORI_motion_P4,U100,MEZZANINE,F.Cu,B.Cu,False,/BAT_ADC,True,3cf74035-6823-4d2a-82dc-3552b6dd2c5d,"(13.6284, 31.5616)","(12.45, 32.74)",0.821,"[6.0, 0.89, 47.6, 34.11]","[13.619605970149253, 31.570394029850746]"
MORI_motion_P4,U100,MEZZANINE,F.Cu,B.Cu,False,/BAT_ADC,True,6b5c0c70-6317-407b-8db7-97ebc19421c2,"(12.4264, 27.1514)","(12.4264, 27.7796)",0.628,"[6.0, 0.89, 47.6, 34.11]","[12.4264, 27.16348076923077]"
MORI_motion_P4,U100,MEZZANINE,F.Cu,B.Cu,False,/BAT_ADC,True,f929d627-c4af-4180-9154-a0839edf4130,"(13.6284, 28.9816)","(13.6284, 31.5616)",2.58,"[6.0, 0.89, 47.6, 34.11]","[13.6284, 28.994003846153845]"
MORI_motion_P4,U100,MEZZANINE,F.Cu,B.Cu,False,/BAT_ADC,True,fa8a3d36-cd61-48f8-8e07-88877a08d108,"(12.4264, 27.7796)","(13.6284, 28.9816)",1.7,"[6.0, 0.89, 47.6, 34.11]","[12.435238235294117, 27.788438235294116]"
MORI_motion_P4,U100,MEZZANINE,F.Cu,B.Cu,False,/CURRENT_ADC,True,2f1e8c47-7733-4d05-84cf-c5d4c519e295,"(18.0584, 28.9373)","(17.1465, 28.9373)",0.912,"[6.0, 0.89, 47.6, 34.11]","[18.046077027027025, 28.9373]"
MORI_motion_P4,U100,MEZZANINE,F.Cu,B.Cu,False,/CURRENT_ADC,True,3e241227-a85a-40ce-b4a6-33bb234e7195,"(19.0, 26.325)","(19.0, 27.9957)",1.671,"[6.0, 0.89, 47.6, 34.11]","[19.0, 26.33746791044776]"
MORI_motion_P4,U100,MEZZANINE,F.Cu,B.Cu,False,/CURRENT_ADC,True,4d8c6bc3-ef56-4784-8642-40bc0ba6ef0c,"(16.26, 31.47)","(14.99, 32.74)",0.948,"[6.0, 0.89, 47.6, 34.11]","[16.251180555555557, 31.478819444444444]"
MORI_motion_P4,U100,MEZZANINE,F.Cu,B.Cu,False,/CURRENT_ADC,True,8f881623-bb38-4a0e-94ff-3551bddc3aa7,"(16.26, 29.8238)","(16.26, 31.47)",1.646,"[6.0, 0.89, 47.6, 34.11]","[16.26, 29.83627121212121]"
MORI_motion_P4,U100,MEZZANINE,F.Cu,B.Cu,False,/CURRENT_ADC,True,a6f25da6-79af-472a-ae06-3a577909395a,"(18.05, 28.95)","(18.45, 28.55)",0.566,"[6.0, 0.89, 47.6, 34.11]","[18.058695652173913, 28.941304347826087]"
MORI_motion_P4,U100,MEZZANINE,F.Cu,B.Cu,False,/CURRENT_ADC,True,b4b12d4a-dd7d-412a-a164-dc24e2ab15a7,"(17.1465, 28.9373)","(16.26, 29.8238)",1.254,"[6.0, 0.89, 47.6, 34.11]","[17.13780882352941, 28.94599117647059]"
MORI_motion_P4,U100,MEZZANINE,F.Cu,B.Cu,False,/CURRENT_ADC,True,c16eff19-f177-422e-bb04-e0ee0397cb70,"(18.45, 28.55)","(18.85, 28.55)",0.4,"[6.0, 0.89, 47.6, 34.11]","[18.461764705882352, 28.55]"
MORI_motion_P4,U100,MEZZANINE,F.Cu,B.Cu,False,/CURRENT_ADC,True,e3a26fac-f43a-4c11-b45d-a86173bdc3a3,"(18.85, 28.55)","(19.0, 28.4)",0.212,"[6.0, 0.89, 47.6, 34.11]","[18.858333333333334, 28.541666666666668]"
MORI_motion_P4,U100,MEZZANINE,F.Cu,B.Cu,False,/WHEEL_ADC,True,7d962ecd-2ba0-41f9-a2fc-e95d9853d86a,"(14.225, 27.45)","(14.225, 29.435)",1.985,"[6.0, 0.89, 47.6, 34.11]","[14.225, 27.46240625]"
MORI_motion_P4,U100,MEZZANINE,F.Cu,B.Cu,False,/WHEEL_ADC,True,b8de5e13-efb1-4411-9cf5-0aedf1ab383e,"(15.675, 26.0)","(14.225, 27.45)",2.051,"[6.0, 0.89, 47.6, 34.11]","[15.666265060240965, 26.008734939759037]"
MORI_motion_P4,U100,MEZZANINE,F.Cu,B.Cu,False,/WHEEL_ADC,True,fbf0e204-15e8-47e1-8ae3-79c9b3daffd5,"(14.225, 29.435)","(14.99, 30.2)",0.221,"[6.0, 0.89, 47.6, 34.11]","[14.23369318181818, 29.44369318181818]"
MORI_motion_P4,U100,MEZZANINE,F.Cu,F.Cu,True,/HEAD_TX,True,4b39b45b-be76-4d1a-b545-1e490445f767,"(21.75, 27.55)","(21.75, 29.4)",1.85,"[6.0, 0.89, 47.6, 34.11]","[21.75, 27.5625]"
MORI_motion_P4,U100,MEZZANINE,F.Cu,F.Cu,True,/HEAD_TX,True,5202f5a6-6953-408f-8ff2-6bc333eccf31,"(21.75, 29.4)","(21.25, 29.9)",0.707,"[6.0, 0.89, 47.6, 34.11]","[21.74137931034483, 29.40862068965517]"
MORI_motion_P4,U100,MEZZANINE,F.Cu,F.Cu,True,/HEAD_TX,True,636e62af-9997-4daf-bdd2-7ea17f41e851,"(21.25, 31.55)","(20.05, 32.75)",0.824,"[6.0, 0.89, 47.6, 34.11]","[21.241176470588236, 31.558823529411764]"
MORI_motion_P4,U100,MEZZANINE,F.Cu,F.Cu,True,/HEAD_TX,True,ef1a3056-d1b4-4876-b9d2-130425696a80,"(21.25, 29.9)","(21.25, 31.55)",1.65,"[6.0, 0.89, 47.6, 34.11]","[21.25, 29.91231343283582]"
MORI_motion_P4,U100,MEZZANINE,F.Cu,B.Cu,False,/HEAD_TX,True,8b6d08f0-0d22-423c-9ae3-7a298a967312,"(21.75, 26.05)","(21.75, 27.55)",1.5,"[6.0, 0.89, 47.6, 34.11]","[21.75, 26.0625]"
MORI_motion_P4,U100,MEZZANINE,F.Cu,B.Cu,False,/IMU_CS_M,True,09939eb7-9fcd-4667-942e-69d4a14ec121,"(25.0, 27.825)","(23.88, 28.945)",1.584,"[6.0, 0.89, 47.6, 34.11]","[24.99125, 27.83375]"
MORI_motion_P4,U100,MEZZANINE,F.Cu,B.Cu,False,/IMU_CS_M,True,20c825cf-fa6c-43ac-991f-0de2c785778d,"(23.88, 30.7674)","(22.61, 32.0374)",1.596,"[6.0, 0.89, 47.6, 34.11]","[23.871180555555554, 30.776219444444443]"
MORI_motion_P4,U100,MEZZANINE,F.Cu,B.Cu,False,/IMU_CS_M,True,ca3f6581-668e-48f4-9be7-3be4e3e947e9,"(23.88, 28.945)","(23.88, 30.7674)",1.822,"[6.0, 0.89, 47.6, 34.11]","[23.88, 28.957482191780823]"
MORI_motion_P4,U100,MEZZANINE,F.Cu,F.Cu,True,/HEAD_RX,True,0223793d-3e30-457a-a43e-2a5842346455,"(22.0, 26.8)","(22.6, 27.4)",0.849,"[6.0, 0.89, 47.6, 34.11]","[22.008823529411764, 26.808823529411764]"
MORI_motion_P4,U100,MEZZANINE,F.Cu,F.Cu,True,/HEAD_RX,True,5d253c5e-34dc-4345-a13d-4b5b298d1d5c,"(22.6, 27.4)","(22.6, 30.2)",1.958,"[6.0, 0.89, 47.6, 34.11]","[22.6, 27.41238938053097]"
MORI_motion_P4,U100,MEZZANINE,F.Cu,F.Cu,True,/HEAD_RX,True,cad3249d-af87-4569-ae01-5d10743ac6f1,"(20.9, 27.4)","(21.5, 26.8)",0.849,"[6.0, 0.89, 47.6, 34.11]","[20.908823529411762, 27.391176470588235]"
MORI_motion_P4,U100,MEZZANINE,F.Cu,F.Cu,True,/HEAD_RX,True,d61a8ca6-685d-451d-b45e-74dca189497f,"(20.4, 27.4)","(20.9, 27.4)",0.5,"[6.0, 0.89, 47.6, 34.11]","[20.412499999999998, 27.4]"
MORI_motion_P4,U100,MEZZANINE,F.Cu,F.Cu,True,/HEAD_RX,True,f9dc078b-f335-44b2-9907-39b9582c7ade,"(21.5, 26.8)","(22.0, 26.8)",0.5,"[6.0, 0.89, 47.6, 34.11]","[21.5125, 26.8]"
MORI_motion_P4,U100,MEZZANINE,F.Cu,B.Cu,False,/HEAD_RX,True,00e94a5c-cace-4b7c-a7f3-141032a84ee2,"(21.25, 26.55)","(20.4, 27.4)",1.202,"[6.0, 0.89, 47.6, 34.11]","[21.241326530612245, 26.558673469387756]"
MORI_motion_P4,U100,MEZZANINE,F.Cu,B.Cu,False,/HEAD_RX,True,cf20aef4-e8f5-4ebc-bc3a-29b3f8f31f7d,"(21.25, 26.05)","(21.25, 26.55)",0.5,"[6.0, 0.89, 47.6, 34.11]","[21.25, 26.0625]"
MORI_motion_P4,U100,MEZZANINE,F.Cu,B.Cu,False,/IMU_SCK_M,True,1adad9a7-813d-481f-b68a-c206e7939c3f,"(26.675, 26.5)","(26.0168, 27.1582)",0.931,"[6.0, 0.89, 47.6, 34.11]","[26.66633947368421, 26.50866052631579]"
MORI_motion_P4,U100,MEZZANINE,F.Cu,B.Cu,False,/IMU_SCK_M,True,8d4e88ae-f883-4bda-9180-5cdc25a5302e,"(26.0168, 27.1582)","(26.0168, 29.3332)",2.175,"[6.0, 0.89, 47.6, 34.11]","[26.0168, 27.170557954545455]"
MORI_motion_P4,U100,MEZZANINE,F.Cu,B.Cu,False,/IMU_SCK_M,True,c0b68852-0bd1-4de4-a7f9-62da2522720d,"(26.0168, 29.3332)","(25.15, 30.2)",0.368,"[6.0, 0.89, 47.6, 34.11]","[26.008132, 29.341868]"
MORI_motion_P4,U100,MEZZANINE,F.Cu,F.Cu,True,/CHG_N,True,10177b8e-483b-4e53-bd3f-14979b9b6d15,"(28.95, 20.25)","(29.4, 20.7)",0.636,"[6.0, 0.89, 47.6, 34.11]","[28.958653846153844, 20.258653846153845]"
MORI_motion_P4,U100,MEZZANINE,F.Cu,F.Cu,True,/CHG_N,True,266c3cc9-8852-4d13-89eb-cd6176975104,"(23.8, 28.8)","(23.35, 28.45)",0.57,"[6.0, 0.89, 47.6, 34.11]","[23.79021739130435, 28.792391304347827]"
MORI_motion_P4,U100,MEZZANINE,F.Cu,F.Cu,True,/CHG_N,True,33db23db-bee2-4b5a-be65-6181c19545a6,"(20.35, 28.45)","(18.8, 26.9)",2.192,"[6.0, 0.89, 47.6, 34.11]","[20.341193181818184, 28.441193181818182]"
MORI_motion_P4,U100,MEZZANINE,F.Cu,F.Cu,True,/CHG_N,True,3417a601-47b6-4c7d-b809-542b8f381e17,"(18.8, 26.9)","(13.75, 26.9)",5.05,"[6.0, 0.89, 47.6, 34.11]","[18.78756157635468, 26.9]"
MORI_motion_P4,U100,MEZZANINE,F.Cu,F.Cu,True,/CHG_N,True,498b694a-bd6e-4a78-9503-62c061ceb160,"(23.65, 20.25)","(28.95, 20.25)",5.3,"[6.0, 0.89, 47.6, 34.11]","[23.662441314553988, 20.25]"
MORI_motion_P4,U100,MEZZANINE,F.Cu,F.Cu,True,/CHG_N,True,4ec2b31c-73d2-4aca-872b-5898238cd384,"(19.45, 21.0)","(20.4, 21.0)",0.95,"[6.0, 0.89, 47.6, 34.11]","[19.4625, 21.0]"
MORI_motion_P4,U100,MEZZANINE,F.Cu,F.Cu,True,/CHG_N,True,689c57dd-6376-4986-89d9-842c03367712,"(34.3, 31.55)","(24.849999, 31.55)",9.45,"[6.0, 0.89, 47.6, 34.11]","[34.287532980211076, 31.55]"
MORI_motion_P4,U100,MEZZANINE,F.Cu,F.Cu,True,/CHG_N,True,738f66a5-41c3-4ebf-80c7-3d7daeb9bbbf,"(22.75, 19.35)","(23.65, 20.25)",1.273,"[6.0, 0.89, 47.6, 34.11]","[22.758823529411764, 19.358823529411765]"
MORI_motion_P4,U100,MEZZANINE,F.Cu,F.Cu,True,/CHG_N,True,822976ab-3590-44c6-bd69-3b18946925b7,"(23.8, 30.5)","(23.8, 28.8)",1.7,"[6.0, 0.89, 47.6, 34.11]","[23.8, 30.4875]"
MORI_motion_P4,U100,MEZZANINE,F.Cu,F.Cu,True,/CHG_N,True,918a02b6-3113-4c77-a511-285af7d20210,"(24.849999, 31.55)","(23.8, 30.5)",1.485,"[6.0, 0.89, 47.6, 34.11]","[24.841249008333335, 31.54125]"
MORI_motion_P4,U100,MEZZANINE,F.Cu,F.Cu,True,/CHG_N,True,99f300d6-ba88-46b9-a4e9-da404741a621,"(20.4, 21.0)","(22.05, 19.35)",2.333,"[6.0, 0.89, 47.6, 34.11]","[20.40877659574468, 20.99122340425532]"
MORI_motion_P4,U100,MEZZANINE,F.Cu,F.Cu,True,/CHG_N,True,a1b08226-d96a-4cc1-8ea3-3b9cf16c0d5b,"(27.7, 32.75)","(27.7, 31.55)",0.35,"[6.0, 0.89, 47.6, 34.11]","[27.7, 31.8875]"
MORI_motion_P4,U100,MEZZANINE,F.Cu,F.Cu,True,/CHG_N,True,ca795923-26ab-42ab-819e-05d95cee46c8,"(22.05, 19.35)","(22.75, 19.35)",0.7,"[6.0, 0.89, 47.6, 34.11]","[22.0625, 19.35]"
MORI_motion_P4,U100,MEZZANINE,F.Cu,B.Cu,False,/CHG_N,True,13bb3d97-1574-421f-b244-f8a8c1f2750e,"(45.9, 30.2)","(44.55, 31.55)",1.909,"[6.0, 0.89, 47.6, 34.11]","[45.89123376623377, 30.208766233766234]"
MORI_motion_P4,U100,MEZZANINE,F.Cu,B.Cu,False,/CHG_N,True,1469b724-d319-4b7b-82e3-76237e68ccdd,"(28.85, 20.15)","(29.4, 20.7)",0.778,"[6.0, 0.89, 47.6, 34.11]","[28.85859375, 20.158593749999998]"
MORI_motion_P4,U100,MEZZANINE,F.Cu,B.Cu,False,/CHG_N,True,1af2df92-bd55-48c4-9778-563fb53187eb,"(28.85, 22.05)","(29.0, 22.2)",0.212,"[6.0, 0.89, 47.6, 34.11]","[28.858333333333334, 22.058333333333334]"
MORI_motion_P4,U100,MEZZANINE,F.Cu,B.Cu,False,/CHG_N,True,36ab055f-5a52-4d57-adc2-9c40a088f961,"(28.85, 21.25)","(28.85, 22.05)",0.8,"[6.0, 0.89, 47.6, 34.11]","[28.85, 21.26212121212121]"
MORI_motion_P4,U100,MEZZANINE,F.Cu,B.Cu,False,/CHG_N,True,4baaa02c-c170-4eba-a236-b188f00e64bc,"(14.95, 25.5)","(19.45, 21.0)",6.364,"[6.0, 0.89, 47.6, 34.11]","[14.958823529411765, 25.491176470588236]"
MORI_motion_P4,U100,MEZZANINE,F.Cu,B.Cu,False,/CHG_N,True,7222eb75-6dc1-48c3-8953-6e7a2a65cc2e,"(13.75, 26.9)","(14.95, 25.7)",1.697,"[6.0, 0.89, 47.6, 34.11]","[13.758823529411766, 26.891176470588235]"
MORI_motion_P4,U100,MEZZANINE,F.Cu,B.Cu,False,/CHG_N,True,7315f765-08c9-4989-9b90-0fa304920f7d,"(29.4, 20.7)","(28.85, 21.25)",0.778,"[6.0, 0.89, 47.6, 34.11]","[29.39140625, 20.70859375]"
MORI_motion_P4,U100,MEZZANINE,F.Cu,B.Cu,False,/CHG_N,True,75b44727-7a24-49aa-813a-3f11c8a04d0b,"(14.95, 25.7)","(14.95, 25.5)",0.2,"[6.0, 0.89, 47.6, 34.11]","[14.95, 25.6875]"
MORI_motion_P4,U100,MEZZANINE,F.Cu,B.Cu,False,/CHG_N,True,7c415703-430a-49c2-b88b-7b5319ec28df,"(28.0, 20.15)","(28.85, 20.15)",0.85,"[6.0, 0.89, 47.6, 34.11]","[28.01214285714286, 20.15]"
MORI_motion_P4,U100,MEZZANINE,F.Cu,B.Cu,False,/CHG_N,True,9da01e2e-ef80-4b34-92fe-014fea7dc092,"(47.2, 31.5)","(45.9, 30.2)",1.838,"[6.0, 0.89, 47.6, 34.11]","[47.19121621621622, 31.491216216216216]"
MORI_motion_P4,U100,MEZZANINE,F.Cu,B.Cu,False,/CHG_N,True,de36141e-297b-406c-b311-1d01cd7a8bb9,"(44.55, 31.55)","(34.3, 31.55)",10.25,"[6.0, 0.89, 47.6, 34.11]","[44.537499999999994, 31.55]"
MORI_motion_P4,U100,MEZZANINE,F.Cu,B.Cu,False,/CHG_N,True,df64be2d-a479-4688-8257-d4631e41f6fd,"(23.35, 28.45)","(20.35, 28.45)",3.0,"[6.0, 0.89, 47.6, 34.11]","[23.337500000000002, 28.45]"
MORI_motion_P4,U100,MEZZANINE,F.Cu,B.Cu,False,/CHG_N,True,fba40578-35da-452f-bb41-ef49e5b2c21c,"(58.7, 31.5)","(47.2, 31.5)",0.4,"[6.0, 0.89, 47.6, 34.11]","[47.587500000000006, 31.5]"
MORI_motion_P4,U100,MEZZANINE,F.Cu,B.Cu,False,/IMU_MOSI_M,True,a506e6e4-10be-4900-bcbd-3d1632bfc76d,"(30.0, 27.89)","(27.69, 30.2)",2.419,"[6.0, 0.89, 47.6, 34.11]","[29.99118320610687, 27.89881679389313]"
MORI_motion_P4,U100,MEZZANINE,F.Cu,B.Cu,False,/IMU_MOSI_M,True,a88c6126-0267-4248-9a53-25d040955f18,"(30.0, 27.325)","(30.0, 27.89)",0.565,"[6.0, 0.89, 47.6, 34.11]","[30.0, 27.337282608695652]"
MORI_motion_P4,U100,MEZZANINE,F.Cu,F.Cu,True,/ARM_FEEDBACK,True,50666660-228d-43ef-bcba-4685417e09d4,"(31.8, 29.5)","(32.4, 28.9)",0.849,"[6.0, 0.89, 47.6, 34.11]","[31.808823529411764, 29.491176470588236]"
MORI_motion_P4,U100,MEZZANINE,F.Cu,F.Cu,True,/ARM_FEEDBACK,True,9f4b705e-9bc7-45f5-a7ce-9a478a9e6150,"(30.9, 29.5)","(31.8, 29.5)",0.9,"[6.0, 0.89, 47.6, 34.11]","[30.91216216216216, 29.5]"
MORI_motion_P4,U100,MEZZANINE,F.Cu,F.Cu,True,/ARM_FEEDBACK,True,cb8bac41-0eee-40a3-9bad-7e830d717df9,"(39.6, 22.4)","(39.6, 20.4)",2.0,"[6.0, 0.89, 47.6, 34.11]","[39.6, 22.3875]"
MORI_motion_P4,U100,MEZZANINE,F.Cu,F.Cu,True,/ARM_FEEDBACK,True,cda15601-bb0e-4de3-852e-25ff11f0f28f,"(37.6, 24.4)","(39.6, 22.4)",2.828,"[6.0, 0.89, 47.6, 34.11]","[37.60877192982456, 24.391228070175437]"
MORI_motion_P4,U100,MEZZANINE,F.Cu,F.Cu,True,/ARM_FEEDBACK,True,cf51c34c-c8f2-4332-8b81-1c574ce4c1f5,"(32.4, 28.9)","(33.9, 28.9)",1.5,"[6.0, 0.89, 47.6, 34.11]","[32.4125, 28.9]"
MORI_motion_P4,U100,MEZZANINE,F.Cu,F.Cu,True,/ARM_FEEDBACK,True,fae31e0c-dba0-4b29-960d-1d4e97735beb,"(30.2, 30.2)","(30.9, 29.5)",0.124,"[6.0, 0.89, 47.6, 34.11]","[30.82125, 29.57875]"
MORI_motion_P4,U100,MEZZANINE,F.Cu,B.Cu,False,/ARM_FEEDBACK,True,09251c22-5e08-47a9-a60d-2c6f5722917c,"(35.4, 28.1)","(37.6, 25.9)",3.111,"[6.0, 0.89, 47.6, 34.11]","[35.4088, 28.0912]"
MORI_motion_P4,U100,MEZZANINE,F.Cu,B.Cu,False,/ARM_FEEDBACK,True,0b50165c-61fe-4cd1-95f9-ae009a959da6,"(39.6, 20.4)","(40.0, 20.0)",0.566,"[6.0, 0.89, 47.6, 34.11]","[39.608695652173914, 20.391304347826086]"
MORI_motion_P4,U100,MEZZANINE,F.Cu,B.Cu,False,/ARM_FEEDBACK,True,61cb25ed-d8ce-4b77-8676-7b9299e87e69,"(37.6, 25.9)","(37.6, 24.4)",1.5,"[6.0, 0.89, 47.6, 34.11]","[37.6, 25.8875]"
MORI_motion_P4,U100,MEZZANINE,F.Cu,B.Cu,False,/ARM_FEEDBACK,True,6e0c7e05-184f-4b6d-8ecc-800457594c62,"(40.0, 20.0)","(40.0, 19.7)",0.3,"[6.0, 0.89, 47.6, 34.11]","[40.0, 19.98846153846154]"
MORI_motion_P4,U100,MEZZANINE,F.Cu,B.Cu,False,/ARM_FEEDBACK,True,db538e95-79c3-4940-97a4-c4575c085efe,"(39.95, 19.7)","(40.5, 19.7)",0.55,"[6.0, 0.89, 47.6, 34.11]","[39.962500000000006, 19.7]"
MORI_motion_P4,U100,MEZZANINE,F.Cu,B.Cu,False,/ARM_FEEDBACK,True,dbf09b33-6a3b-4d8d-9bc6-7da0a68eb335,"(33.9, 28.9)","(34.7, 28.1)",1.131,"[6.0, 0.89, 47.6, 34.11]","[33.90869565217391, 28.891304347826086]"
MORI_motion_P4,U100,MEZZANINE,F.Cu,B.Cu,False,/ARM_FEEDBACK,True,e53d9b7b-9466-4cca-982e-980879c9d395,"(34.7, 28.1)","(35.4, 28.1)",0.7,"[6.0, 0.89, 47.6, 34.11]","[34.712500000000006, 28.1]"
MORI_motion_P4,U100,MEZZANINE,F.Cu,F.Cu,True,/ARM_CLK,True,23cf9910-b847-48b4-88e9-16465477b747,"(4.65, 11.1)","(6.6, 9.15)",0.849,"[6.0, 0.89, 47.6, 34.11]","[6.008823529411765, 9.741176470588236]"
MORI_motion_P4,U100,MEZZANINE,F.Cu,B.Cu,False,/ARM_CLK,True,11cce53f-5130-4dde-8cfa-a1f672a85535,"(6.825, 12.4496)","(7.3277, 12.9523)",0.711,"[6.0, 0.89, 47.6, 34.11]","[6.8336672413793105, 12.45826724137931]"
MORI_motion_P4,U100,MEZZANINE,F.Cu,B.Cu,False,/ARM_CLK,True,7973c6d8-8a75-4ef9-b2a4-96f66c38c2cc,"(9.45, 12.75)","(8.65, 12.75)",0.8,"[6.0, 0.89, 47.6, 34.11]","[9.4375, 12.75]"
MORI_motion_P4,U100,MEZZANINE,F.Cu,B.Cu,False,/ARM_CLK,True,863594d3-4495-4161-9399-72fb3361157f,"(7.3277, 12.9523)","(8.4477, 12.9523)",1.12,"[6.0, 0.89, 47.6, 34.11]","[7.340144444444444, 12.9523]"
MORI_motion_P4,U100,MEZZANINE,F.Cu,B.Cu,False,/ARM_CLK,True,918622b2-2355-459c-b7c5-8c41dd764da5,"(6.9, 12.35)","(6.9, 8.0)",4.35,"[6.0, 0.89, 47.6, 34.11]","[6.9, 12.3375]"
MORI_motion_P4,U100,MEZZANINE,F.Cu,B.Cu,False,/ARM_CLK,True,b676a8de-bdd8-408d-8733-0aaaedc8cef4,"(8.4477, 12.9523)","(8.65, 12.75)",0.286,"[6.0, 0.89, 47.6, 34.11]","[8.456129166666667, 12.943870833333333]"
MORI_motion_P4,U100,MEZZANINE,F.Cu,B.Cu,False,/ARM_CLK,True,f107995a-4b49-4c3a-9f7d-c1e5e5229d47,"(9.91, 4.8)","(6.825, 7.885)",3.515,"[6.0, 0.89, 47.6, 34.11]","[9.301814285714286, 5.408185714285715]"
MORI_motion_P4,U100,MEZZANINE,F.Cu,F.Cu,True,/CLR_N,True,30698b90-49b9-40bc-bc8f-e2e5e8435bf0,"(11.1, 3.45)","(11.1, 5.25)",1.8,"[6.0, 0.89, 47.6, 34.11]","[11.1, 3.4625000000000004]"
MORI_motion_P4,U100,MEZZANINE,F.Cu,F.Cu,True,/CLR_N,True,314e49fa-2bd5-412b-9174-29d9e7906649,"(16.75, 15.15)","(16.35, 14.75)",0.566,"[6.0, 0.89, 47.6, 34.11]","[16.741304347826087, 15.141304347826088]"
MORI_motion_P4,U100,MEZZANINE,F.Cu,F.Cu,True,/CLR_N,True,3dd3b02a-4a1f-4f96-b6dd-bea46d131538,"(9.9, 18.45)","(9.9, 18.65)",0.2,"[6.0, 0.89, 47.6, 34.11]","[9.9, 18.4625]"
MORI_motion_P4,U100,MEZZANINE,F.Cu,F.Cu,True,/CLR_N,True,3e8d63a0-8713-43f1-9f3a-858ccbafcd36,"(14.75, 12.45)","(14.05, 12.45)",0.7,"[6.0, 0.89, 47.6, 34.11]","[14.7375, 12.45]"
MORI_motion_P4,U100,MEZZANINE,F.Cu,F.Cu,True,/CLR_N,True,68af6cd7-fa93-4286-a760-bc9af6727920,"(27.2, 14.7)","(26.0, 15.9)",1.697,"[6.0, 0.89, 47.6, 34.11]","[27.191176470588236, 14.708823529411765]"
MORI_motion_P4,U100,MEZZANINE,F.Cu,F.Cu,True,/CLR_N,True,74cc3e24-ae46-480c-bbd7-006dd170540c,"(11.1, 5.25)","(9.0, 7.35)",2.97,"[6.0, 0.89, 47.6, 34.11]","[11.091176470588234, 5.258823529411765]"
MORI_motion_P4,U100,MEZZANINE,F.Cu,F.Cu,True,/CLR_N,True,7647fac8-036c-49e5-865e-f68c77ec5402,"(47.5, 28.7)","(47.1, 28.3)",0.566,"[6.0, 0.89, 47.6, 34.11]","[47.49130434782609, 28.691304347826087]"
MORI_motion_P4,U100,MEZZANINE,F.Cu,F.Cu,True,/CLR_N,True,79ce0500-0515-4a7c-9785-515a1de38841,"(41.0, 15.3)","(40.1, 14.4)",1.273,"[6.0, 0.89, 47.6, 34.11]","[40.991176470588236, 15.291176470588235]"
MORI_motion_P4,U100,MEZZANINE,F.Cu,F.Cu,True,/CLR_N,True,7e9b9e41-0435-427b-b006-68fddac0cdc3,"(15.4, 11.8)","(14.75, 12.45)",0.919,"[6.0, 0.89, 47.6, 34.11]","[15.391216216216216, 11.808783783783785]"
MORI_motion_P4,U100,MEZZANINE,F.Cu,F.Cu,True,/CLR_N,True,8800d3c7-cdff-4afe-b6fc-6b9572fecde7,"(9.0, 7.35)","(6.35, 7.35)",2.65,"[6.0, 0.89, 47.6, 34.11]","[8.987616822429906, 7.35]"
MORI_motion_P4,U100,MEZZANINE,F.Cu,F.Cu,True,/CLR_N,True,8ee30eee-267c-427b-b9f5-5fe070ed8f62,"(2.85, 11.4)","(9.9, 18.45)",5.515,"[6.0, 0.89, 47.6, 34.11]","[6.008823529411765, 14.558823529411764]"
MORI_motion_P4,U100,MEZZANINE,F.Cu,F.Cu,True,/CLR_N,True,ae5b3373-e1c9-425d-8183-92d64720ddc8,"(40.1, 14.4)","(35.7, 14.4)",4.4,"[6.0, 0.89, 47.6, 34.11]","[40.0875, 14.4]"
MORI_motion_P4,U100,MEZZANINE,F.Cu,F.Cu,True,/CLR_N,True,aee71206-74a8-4ac6-a68e-61cc5b457ef5,"(35.4, 14.7)","(27.2, 14.7)",8.2,"[6.0, 0.89, 47.6, 34.11]","[35.387499999999996, 14.7]"
MORI_motion_P4,U100,MEZZANINE,F.Cu,F.Cu,True,/CLR_N,True,b859a192-83c8-426b-82d2-65493e80a7f8,"(35.7, 14.4)","(35.4, 14.7)",0.424,"[6.0, 0.89, 47.6, 34.11]","[35.69117647058824, 14.408823529411766]"
MORI_motion_P4,U100,MEZZANINE,F.Cu,F.Cu,True,/CLR_N,True,bbe0400c-e9ce-414e-a594-3fc3c732a53c,"(47.1, 28.3)","(47.1, 26.9)",1.4,"[6.0, 0.89, 47.6, 34.11]","[47.1, 28.287719298245616]"
MORI_motion_P4,U100,MEZZANINE,F.Cu,F.Cu,True,/CLR_N,True,bf62b675-9ec5-4d0f-bcd7-51c4a3f956ee,"(16.35, 14.75)","(16.35, 12.75)",2.0,"[6.0, 0.89, 47.6, 34.11]","[16.35, 14.7375]"
MORI_motion_P4,U100,MEZZANINE,F.Cu,F.Cu,True,/CLR_N,True,d1c9484a-dd11-4632-b465-942dd7897ce5,"(16.35, 12.75)","(15.4, 11.8)",1.344,"[6.0, 0.89, 47.6, 34.11]","[16.341203703703705, 12.741203703703704]"
MORI_motion_P4,U100,MEZZANINE,F.Cu,F.Cu,True,/CLR_N,True,d9b355a1-dd7d-4ea0-a948-eb5dce13f6ac,"(43.9, 22.8)","(43.9, 20.6)",2.2,"[6.0, 0.89, 47.6, 34.11]","[43.9, 22.7875]"
MORI_motion_P4,U100,MEZZANINE,F.Cu,F.Cu,True,/CLR_N,True,dce977cb-7305-4d33-a381-183ee99e2dec,"(6.35, 7.35)","(2.85, 10.85)",0.495,"[6.0, 0.89, 47.6, 34.11]","[6.34125, 7.35875]"
MORI_motion_P4,U100,MEZZANINE,F.Cu,F.Cu,True,/CLR_N,True,e536ae95-f84e-448f-a042-fb05c270e00d,"(47.1, 26.9)","(47.7, 26.3)",0.707,"[6.0, 0.89, 47.6, 34.11]","[47.108620689655176, 26.891379310344828]"
MORI_motion_P4,U100,MEZZANINE,F.Cu,F.Cu,True,/CLR_N,True,f2431faa-98aa-4a3e-b7c3-29c9fdd4716c,"(9.9, 2.25)","(11.1, 3.45)",0.824,"[6.0, 0.89, 47.6, 34.11]","[10.526470588235295, 2.876470588235294]"
MORI_motion_P4,U100,MEZZANINE,F.Cu,F.Cu,True,/CLR_N,True,fcc5e2b6-3176-4f6f-b77a-1518c154c00e,"(14.05, 12.45)","(13.85, 12.25)",0.283,"[6.0, 0.89, 47.6, 34.11]","[14.041666666666668, 12.441666666666666]"
MORI_motion_P4,U100,MEZZANINE,F.Cu,B.Cu,False,/CLR_N,True,0533ff1b-133f-4955-8a37-f17f7059b142,"(21.0, 14.75)","(20.9, 14.85)",0.141,"[6.0, 0.89, 47.6, 34.11]","[20.991666666666667, 14.758333333333333]"
MORI_motion_P4,U100,MEZZANINE,F.Cu,B.Cu,False,/CLR_N,True,13c79428-bf5f-4026-abd6-3bdd04555b21,"(17.05, 14.85)","(16.75, 15.15)",0.424,"[6.0, 0.89, 47.6, 34.11]","[17.041176470588237, 14.858823529411765]"
MORI_motion_P4,U100,MEZZANINE,F.Cu,B.Cu,False,/CLR_N,True,2cbe497d-7b4e-470f-aaf0-3c9214285c37,"(28.35, 16.5)","(28.0, 16.85)",0.495,"[6.0, 0.89, 47.6, 34.11]","[28.341250000000002, 16.50875]"
MORI_motion_P4,U100,MEZZANINE,F.Cu,B.Cu,False,/CLR_N,True,30feba9a-47ec-4fe8-a952-895ab2bb3ca7,"(13.25, 11.95)","(13.05, 11.75)",0.283,"[6.0, 0.89, 47.6, 34.11]","[13.241666666666667, 11.941666666666666]"
MORI_motion_P4,U100,MEZZANINE,F.Cu,B.Cu,False,/CLR_N,True,3dc39578-ec2a-4837-8c4d-3bec753e6cde,"(12.1, 14.4)","(10.4, 16.1)",2.404,"[6.0, 0.89, 47.6, 34.11]","[12.09123711340206, 14.40876288659794]"
MORI_motion_P4,U100,MEZZANINE,F.Cu,B.Cu,False,/CLR_N,True,3ff4bafd-4855-4846-9c8b-639f7684cd40,"(6.0, 17.9)","(7.8, 19.7)",2.546,"[6.0, 0.89, 47.6, 34.11]","[6.008823529411765, 17.908823529411762]"
MORI_motion_P4,U100,MEZZANINE,F.Cu,B.Cu,False,/CLR_N,True,4067c5c3-70e9-4a2e-8f57-5f92b986115d,"(13.3, 13.25)","(13.3, 12.0)",1.25,"[6.0, 0.89, 47.6, 34.11]","[13.3, 13.2375]"
MORI_motion_P4,U100,MEZZANINE,F.Cu,B.Cu,False,/CLR_N,True,44b81b9d-b9e4-4fe4-9e28-d7659d3fce20,"(26.75, 14.75)","(21.0, 14.75)",5.75,"[6.0, 0.89, 47.6, 34.11]","[26.7375, 14.75]"
MORI_motion_P4,U100,MEZZANINE,F.Cu,B.Cu,False,/CLR_N,True,503e8b76-3a3a-437c-ae0b-4499c5b136e1,"(27.75, 15.75)","(27.75, 15.2)",0.55,"[6.0, 0.89, 47.6, 34.11]","[27.75, 15.73804347826087]"
MORI_motion_P4,U100,MEZZANINE,F.Cu,B.Cu,False,/CLR_N,True,54bd3cf3-9bfc-44e5-9b39-1deb8b973646,"(30.35, 16.5)","(28.35, 16.5)",2.0,"[6.0, 0.89, 47.6, 34.11]","[30.337500000000002, 16.5]"
MORI_motion_P4,U100,MEZZANINE,F.Cu,B.Cu,False,/CLR_N,True,63f1a003-3836-473f-97d7-5d606aa84c32,"(26.7, 15.2)","(28.9, 15.2)",2.2,"[6.0, 0.89, 47.6, 34.11]","[26.7125, 15.2]"
MORI_motion_P4,U100,MEZZANINE,F.Cu,B.Cu,False,/CLR_N,True,6a3fe45c-6a6f-4def-9a1c-05baf995d5d9,"(28.0, 16.85)","(27.75, 16.6)",0.354,"[6.0, 0.89, 47.6, 34.11]","[27.991666666666667, 16.84166666666667]"
MORI_motion_P4,U100,MEZZANINE,F.Cu,B.Cu,False,/CLR_N,True,7c684159-5c2d-4a16-a012-6b7574d3fa0a,"(10.4, 16.1)","(10.4, 19.1)",3.0,"[6.0, 0.89, 47.6, 34.11]","[10.4, 16.1125]"
MORI_motion_P4,U100,MEZZANINE,F.Cu,B.Cu,False,/CLR_N,True,83e24bcf-d0b1-4d57-a057-9e94aaf46ee9,"(20.9, 14.85)","(17.05, 14.85)",3.85,"[6.0, 0.89, 47.6, 34.11]","[20.8875, 14.85]"
MORI_motion_P4,U100,MEZZANINE,F.Cu,B.Cu,False,/CLR_N,True,85966184-3602-4631-b033-4a21ef5afa51,"(27.75, 16.6)","(27.75, 15.75)",0.85,"[6.0, 0.89, 47.6, 34.11]","[27.75, 16.587857142857143]"
MORI_motion_P4,U100,MEZZANINE,F.Cu,B.Cu,False,/CLR_N,True,9540044d-305e-452c-aa91-895370fbfbf7,"(13.05, 11.75)","(12.55, 11.75)",0.5,"[6.0, 0.89, 47.6, 34.11]","[13.037500000000001, 11.75]"
MORI_motion_P4,U100,MEZZANINE,F.Cu,B.Cu,False,/CLR_N,True,a2f449fb-bcb4-4455-a54a-b1ed9fafac02,"(49.8, 31.0)","(47.5, 28.7)",0.141,"[6.0, 0.89, 47.6, 34.11]","[47.59166666666667, 28.791666666666668]"
MORI_motion_P4,U100,MEZZANINE,F.Cu,B.Cu,False,/CLR_N,True,a3c484d5-cf75-4ef8-bf27-875add57df77,"(43.9, 20.6)","(42.1, 18.8)",2.546,"[6.0, 0.89, 47.6, 34.11]","[43.891176470588235, 20.591176470588238]"
MORI_motion_P4,U100,MEZZANINE,F.Cu,B.Cu,False,/CLR_N,True,ad2b36ad-2557-4061-ac4d-a5c8b4df58d7,"(13.85, 12.25)","(13.55, 11.95)",0.424,"[6.0, 0.89, 47.6, 34.11]","[13.841176470588234, 12.241176470588234]"
MORI_motion_P4,U100,MEZZANINE,F.Cu,B.Cu,False,/CLR_N,True,ad7589a2-ad72-4689-9627-347bfa35ec8a,"(42.1, 16.4)","(41.0, 15.3)",1.556,"[6.0, 0.89, 47.6, 34.11]","[42.09126984126984, 16.39126984126984]"
MORI_motion_P4,U100,MEZZANINE,F.Cu,B.Cu,False,/CLR_N,True,b3147579-6df6-406d-86f4-033e924db3bf,"(26.75, 14.75)","(26.75, 15.2)",0.45,"[6.0, 0.89, 47.6, 34.11]","[26.75, 14.7625]"
MORI_motion_P4,U100,MEZZANINE,F.Cu,B.Cu,False,/CLR_N,True,b4df210a-fad5-48d8-8531-d8beabfea659,"(30.2, 16.5)","(30.4, 16.5)",0.2,"[6.0, 0.89, 47.6, 34.11]","[30.2125, 16.5]"
MORI_motion_P4,U100,MEZZANINE,F.Cu,B.Cu,False,/CLR_N,True,c1887854-98c0-40ab-9fa6-172ad25e6c0b,"(9.7, 20.0)","(7.8, 20.0)",1.9,"[6.0, 0.89, 47.6, 34.11]","[9.6875, 20.0]"
MORI_motion_P4,U100,MEZZANINE,F.Cu,B.Cu,False,/CLR_N,True,c5e01ea2-e001-498a-a834-ede596ca42d0,"(42.1, 18.8)","(42.1, 16.4)",2.4,"[6.0, 0.89, 47.6, 34.11]","[42.1, 18.787628865979382]"
MORI_motion_P4,U100,MEZZANINE,F.Cu,B.Cu,False,/CLR_N,True,d002a4eb-d2a1-499b-a63a-512df6525988,"(7.8, 19.7)","(7.8, 20.0)",0.3,"[6.0, 0.89, 47.6, 34.11]","[7.8, 19.71153846153846]"
MORI_motion_P4,U100,MEZZANINE,F.Cu,B.Cu,False,/CLR_N,True,d0ac3c2f-09ed-4358-be9a-718a045ed672,"(10.4, 19.1)","(9.6, 19.9)",1.131,"[6.0, 0.89, 47.6, 34.11]","[10.391304347826088, 19.108695652173914]"
MORI_motion_P4,U100,MEZZANINE,F.Cu,B.Cu,False,/CLR_N,True,dcf2b728-af8c-493d-b702-eb29e03297d2,"(47.1, 26.0)","(43.9, 22.8)",4.525,"[6.0, 0.89, 47.6, 34.11]","[47.09120879120879, 25.99120879120879]"
MORI_motion_P4,U100,MEZZANINE,F.Cu,B.Cu,False,/CLR_N,True,de0ce9ad-38b7-4c44-9fec-853d7f4a7303,"(9.9, 18.65)","(10.4, 18.65)",0.5,"[6.0, 0.89, 47.6, 34.11]","[9.9125, 18.65]"
MORI_motion_P4,U100,MEZZANINE,F.Cu,B.Cu,False,/CLR_N,True,e40bad6a-ed0a-4022-b825-3e85182eb441,"(11.95, 14.6)","(13.3, 13.25)",1.909,"[6.0, 0.89, 47.6, 34.11]","[11.958766233766234, 14.591233766233765]"
MORI_motion_P4,U100,MEZZANINE,F.Cu,B.Cu,False,/CLR_N,True,e8fc505d-7623-47cd-ad89-8c6e177d16a1,"(9.6, 19.9)","(9.7, 20.0)",0.141,"[6.0, 0.89, 47.6, 34.11]","[9.608333333333333, 19.90833333333333]"
MORI_motion_P4,U100,MEZZANINE,F.Cu,B.Cu,False,/CLR_N,True,ea1701eb-01bc-403b-8d6d-1e24c9241c3e,"(13.55, 11.95)","(13.25, 11.95)",0.3,"[6.0, 0.89, 47.6, 34.11]","[13.538461538461538, 11.95]"
MORI_motion_P4,U100,MEZZANINE,F.Cu,B.Cu,False,/CLR_N,True,f0bdb7e7-922f-403f-915b-e277173eaced,"(47.6, 26.0)","(47.1, 26.0)",0.5,"[6.0, 0.89, 47.6, 34.11]","[47.5875, 26.0]"
MORI_motion_P4,U100,MEZZANINE,F.Cu,B.Cu,False,/CLR_N,True,f8d9edc9-cc9a-4284-88ef-8a5c264d3e88,"(26.0, 15.9)","(26.7, 15.2)",0.99,"[6.0, 0.89, 47.6, 34.11]","[26.00875, 15.891250000000001]"
MORI_motion_P4,U100,MEZZANINE,F.Cu,B.Cu,False,/CLR_N,True,fbdd3c84-18cd-445c-a911-428dc5c97797,"(28.9, 15.2)","(30.2, 16.5)",1.838,"[6.0, 0.89, 47.6, 34.11]","[28.908783783783782, 15.208783783783783]"
MORI_motion_P4,U100,MEZZANINE,F.Cu,F.Cu,True,/S288_OE_REQ_N,True,01f02319-a929-40e3-8fa5-8cd4aebf4137,"(12.45, 6.5269)","(8.5767, 10.4002)",5.478,"[6.0, 0.89, 47.6, 34.11]","[12.441197045454544, 6.535702954545455]"
MORI_motion_P4,U100,MEZZANINE,F.Cu,F.Cu,True,/S288_OE_REQ_N,True,0e5dd128-f6b2-42be-9d0c-65baf83bbb81,"(6.939, 10.4002)","(5.3973, 11.9419)",1.328,"[6.0, 0.89, 47.6, 34.11]","[6.930305555555556, 10.408894444444444]"
MORI_motion_P4,U100,MEZZANINE,F.Cu,F.Cu,True,/S288_OE_REQ_N,True,7616dc85-764a-4755-9af9-9a599d1c15c1,"(5.83, 13.0)","(15.6, 13.0)",9.6,"[6.0, 0.89, 47.6, 34.11]","[6.0125, 13.0]"
MORI_motion_P4,U100,MEZZANINE,F.Cu,F.Cu,True,/S288_OE_REQ_N,True,d02e4c17-557a-4652-998d-97997ea8e4a8,"(12.45, 4.8)","(12.45, 6.5269)",0.888,"[6.0, 0.89, 47.6, 34.11]","[12.45, 5.651115]"
MORI_motion_P4,U100,MEZZANINE,F.Cu,F.Cu,True,/S288_OE_REQ_N,True,fc6632bb-8890-4996-8d3c-92c8099669c5,"(8.5767, 10.4002)","(6.939, 10.4002)",1.638,"[6.0, 0.89, 47.6, 34.11]","[8.564293181818183, 10.4002]"
MORI_motion_P4,U100,MEZZANINE,F.Cu,B.Cu,False,/S288_OE_REQ_N,True,05fce3cd-0fbb-4978-a46f-fa2d2adc2708,"(14.65, 12.5)","(15.15, 13.0)",0.707,"[6.0, 0.89, 47.6, 34.11]","[14.658620689655173, 12.508620689655173]"
MORI_motion_P4,U100,MEZZANINE,F.Cu,B.Cu,False,/S288_OE_REQ_N,True,358f65d5-8b76-4718-a8f7-3922e6bb3e8d,"(14.65, 11.75)","(15.45, 11.75)",0.8,"[6.0, 0.89, 47.6, 34.11]","[14.6625, 11.75]"
MORI_motion_P4,U100,MEZZANINE,F.Cu,B.Cu,False,/S288_OE_REQ_N,True,504b273f-264a-46fd-bce5-6bcc9cabf940,"(14.0, 7.175)","(12.45, 5.625)",2.167,"[6.0, 0.89, 47.6, 34.11]","[13.991193181818181, 7.166193181818182]"
MORI_motion_P4,U100,MEZZANINE,F.Cu,B.Cu,False,/S288_OE_REQ_N,True,b064a365-0c2a-4cf6-b2c7-f362885e51db,"(14.65, 11.75)","(14.65, 12.5)",0.75,"[6.0, 0.89, 47.6, 34.11]","[14.65, 11.7625]"
MORI_motion_P4,U100,MEZZANINE,F.Cu,B.Cu,False,/HEAD_OE_REQ_N,True,0b0f9a5a-85b9-4342-a6eb-6da78f182f07,"(13.8383, 5.277)","(14.8054, 6.2441)",1.368,"[6.0, 0.89, 47.6, 34.11]","[13.847091818181818, 5.285791818181818]"
MORI_motion_P4,U100,MEZZANINE,F.Cu,B.Cu,False,/HEAD_OE_REQ_N,True,15b6321c-8626-4006-a322-ca8034fef2c3,"(20.8, 8.05)","(20.55, 8.3)",0.354,"[6.0, 0.89, 47.6, 34.11]","[20.791666666666668, 8.058333333333334]"
MORI_motion_P4,U100,MEZZANINE,F.Cu,B.Cu,False,/HEAD_OE_REQ_N,True,26e4cf7f-16f5-498a-8b5e-a301dcd635de,"(20.7866, 6.7314)","(20.7866, 8.0384)",1.307,"[6.0, 0.89, 47.6, 34.11]","[20.7866, 6.743730188679245]"
MORI_motion_P4,U100,MEZZANINE,F.Cu,B.Cu,False,/HEAD_OE_REQ_N,True,4912f144-b16f-448e-a8ed-4844364b740f,"(13.8383, 3.6483)","(13.8383, 5.277)",1.629,"[6.0, 0.89, 47.6, 34.11]","[13.8383, 3.660638636363636]"
MORI_motion_P4,U100,MEZZANINE,F.Cu,B.Cu,False,/HEAD_OE_REQ_N,True,52469191-88bd-44a7-a070-1acb42d1e62f,"(14.8054, 6.2441)","(20.2993, 6.2441)",5.494,"[6.0, 0.89, 47.6, 34.11]","[14.817886136363636, 6.2441]"
MORI_motion_P4,U100,MEZZANINE,F.Cu,B.Cu,False,/HEAD_OE_REQ_N,True,82785eb9-567f-4c6d-a068-9e95f575c2e9,"(20.55, 8.45)","(20.2, 8.8)",0.495,"[6.0, 0.89, 47.6, 34.11]","[20.54125, 8.458749999999998]"
MORI_motion_P4,U100,MEZZANINE,F.Cu,B.Cu,False,/HEAD_OE_REQ_N,True,8c8f3abd-3a3d-4303-bb87-00a290566de1,"(20.2993, 6.2441)","(20.7866, 6.7314)",0.689,"[6.0, 0.89, 47.6, 34.11]","[20.308001785714286, 6.252801785714286]"
MORI_motion_P4,U100,MEZZANINE,F.Cu,B.Cu,False,/HEAD_OE_REQ_N,True,bbcec5f1-0c5a-48f4-be29-9a7c71181e0e,"(20.0, 9.6)","(19.35, 10.25)",0.919,"[6.0, 0.89, 47.6, 34.11]","[19.991216216216216, 9.608783783783784]"
MORI_motion_P4,U100,MEZZANINE,F.Cu,B.Cu,False,/HEAD_OE_REQ_N,True,e823ba9d-0baf-440a-852b-9b0bcbe96176,"(12.45, 2.26)","(13.8383, 3.6483)",1.118,"[6.0, 0.89, 47.6, 34.11]","[13.056282911392405, 2.866282911392405]"
MORI_motion_P4,U100,MEZZANINE,F.Cu,B.Cu,False,/HEAD_OE_REQ_N,True,f528a6ea-7ef1-47e7-89bd-0d7271689684,"(20.0, 8.825)","(20.0, 9.6)",0.775,"[6.0, 0.89, 47.6, 34.11]","[20.0, 8.837109374999999]"
MORI_motion_P4,U100,MEZZANINE,F.Cu,B.Cu,False,/HEAD_OE_REQ_N,True,f57c275a-2544-4598-bab0-491b93120889,"(18.55, 10.25)","(19.35, 10.25)",0.8,"[6.0, 0.89, 47.6, 34.11]","[18.562121212121212, 10.25]"
MORI_motion_P4,U100,MEZZANINE,F.Cu,F.Cu,True,/FAULT_N,True,00160300-4006-4e25-8f60-caba6d0d5802,"(18.1, 7.9)","(21.5, 7.9)",3.4,"[6.0, 0.89, 47.6, 34.11]","[18.1125, 7.9]"
MORI_motion_P4,U100,MEZZANINE,F.Cu,F.Cu,True,/FAULT_N,True,285a0eb7-4f85-44dc-8fb7-056d0e419886,"(26.6, 8.0)","(25.5, 9.1)",1.556,"[6.0, 0.89, 47.6, 34.11]","[26.591269841269842, 8.00873015873016]"
MORI_motion_P4,U100,MEZZANINE,F.Cu,F.Cu,True,/FAULT_N,True,55884923-72b3-4e63-b2e7-d0ffd55c52c3,"(41.8, 8.0)","(26.6, 8.0)",15.2,"[6.0, 0.89, 47.6, 34.11]","[41.787499999999994, 8.0]"
MORI_motion_P4,U100,MEZZANINE,F.Cu,F.Cu,True,/FAULT_N,True,56230179-aea5-4866-840d-65e0e7682cd1,"(15.0, 4.8)","(18.1, 7.9)",3.537,"[6.0, 0.89, 47.6, 34.11]","[15.607670454545454, 5.407670454545454]"
MORI_motion_P4,U100,MEZZANINE,F.Cu,F.Cu,True,/FAULT_N,True,5e9fc8c5-4675-4f29-a459-11beda55dfe0,"(23.2, 8.4)","(22.5, 7.7)",0.99,"[6.0, 0.89, 47.6, 34.11]","[23.19125, 8.391250000000001]"
MORI_motion_P4,U100,MEZZANINE,F.Cu,F.Cu,True,/FAULT_N,True,7d8981df-a554-44e9-81fa-ff64a227354f,"(25.5, 9.1)","(24.0, 7.6)",2.121,"[6.0, 0.89, 47.6, 34.11]","[25.491176470588236, 9.091176470588234]"
MORI_motion_P4,U100,MEZZANINE,F.Cu,F.Cu,True,/FAULT_N,True,863593e2-4fb9-4f76-a4fd-f8c61f89551a,"(14.4, 17.0)","(15.9, 18.5)",2.121,"[6.0, 0.89, 47.6, 34.11]","[14.408823529411766, 17.008823529411764]"
MORI_motion_P4,U100,MEZZANINE,F.Cu,F.Cu,True,/FAULT_N,True,97dbb99f-832f-4464-adfb-88b870df172d,"(24.0, 7.6)","(23.2, 8.4)",1.131,"[6.0, 0.89, 47.6, 34.11]","[23.991304347826087, 7.608695652173913]"
MORI_motion_P4,U100,MEZZANINE,F.Cu,F.Cu,True,/FAULT_N,True,cccde2a7-d9d8-49ed-bccf-5da0f6403656,"(21.5, 7.9)","(21.7, 7.7)",0.283,"[6.0, 0.89, 47.6, 34.11]","[21.508333333333333, 7.891666666666667]"
MORI_motion_P4,U100,MEZZANINE,F.Cu,F.Cu,True,/FAULT_N,True,df43b8c1-f7b0-4333-801a-bd0567392fd0,"(21.7, 7.7)","(22.5, 7.7)",0.8,"[6.0, 0.89, 47.6, 34.11]","[21.71212121212121, 7.7]"
MORI_motion_P4,U100,MEZZANINE,F.Cu,B.Cu,False,/FAULT_N,True,07ca5f63-00c2-4d4d-adff-a7ce5d8e7dee,"(42.0, 7.8)","(41.8, 8.0)",0.283,"[6.0, 0.89, 47.6, 34.11]","[41.99166666666667, 7.808333333333334]"
MORI_motion_P4,U100,MEZZANINE,F.Cu,B.Cu,False,/FAULT_N,True,0e0bacb0-aa0c-4df3-a30a-12c232d95d69,"(21.0, 11.4)","(22.2, 12.6)",1.697,"[6.0, 0.89, 47.6, 34.11]","[21.008823529411764, 11.408823529411766]"
MORI_motion_P4,U100,MEZZANINE,F.Cu,B.Cu,False,/FAULT_N,True,22a5682f-d5fe-4628-8bed-c6d3ce8fa9b7,"(14.4, 17.1)","(14.4, 17.0)",0.1,"[6.0, 0.89, 47.6, 34.11]","[14.4, 17.09]"
MORI_motion_P4,U100,MEZZANINE,F.Cu,B.Cu,False,/FAULT_N,True,31a7f931-bd93-464d-bdc8-4d5c534a1b9e,"(14.2, 16.8)","(14.4, 17.0)",0.283,"[6.0, 0.89, 47.6, 34.11]","[14.208333333333332, 16.808333333333334]"
MORI_motion_P4,U100,MEZZANINE,F.Cu,B.Cu,False,/FAULT_N,True,3c7ddffc-3394-4f27-9577-7059d33d4a79,"(16.8, 18.5)","(17.0, 18.3)",0.283,"[6.0, 0.89, 47.6, 34.11]","[16.808333333333334, 18.491666666666667]"
MORI_motion_P4,U100,MEZZANINE,F.Cu,B.Cu,False,/FAULT_N,True,46358769-6d2e-4485-b609-a45dad1453f0,"(20.8, 14.4)","(15.9, 14.4)",4.9,"[6.0, 0.89, 47.6, 34.11]","[20.7875, 14.4]"
MORI_motion_P4,U100,MEZZANINE,F.Cu,B.Cu,False,/FAULT_N,True,5138bf1a-2391-4d3a-9b30-10ef988caa6a,"(14.2, 16.1)","(14.2, 16.8)",0.7,"[6.0, 0.89, 47.6, 34.11]","[14.2, 16.1125]"
MORI_motion_P4,U100,MEZZANINE,F.Cu,B.Cu,False,/FAULT_N,True,5e0f1330-efe8-4233-8925-21c57ddba1c1,"(13.0, 17.6)","(13.9, 17.6)",0.9,"[6.0, 0.89, 47.6, 34.11]","[13.012162162162163, 17.6]"
MORI_motion_P4,U100,MEZZANINE,F.Cu,B.Cu,False,/FAULT_N,True,6565f5ab-0448-48a1-ad1e-6aeb9a26e820,"(15.9, 18.5)","(16.8, 18.5)",0.9,"[6.0, 0.89, 47.6, 34.11]","[15.912162162162163, 18.5]"
MORI_motion_P4,U100,MEZZANINE,F.Cu,B.Cu,False,/FAULT_N,True,7ff274b9-7a12-4484-8e31-651813ad9db7,"(49.1, 6.3)","(46.2, 9.2)",1.98,"[6.0, 0.89, 47.6, 34.11]","[47.59125, 7.80875]"
MORI_motion_P4,U100,MEZZANINE,F.Cu,B.Cu,False,/FAULT_N,True,bf3ec51d-53a9-449e-81bd-a0a4a06e617f,"(21.0, 11.0)","(21.0, 11.4)",0.4,"[6.0, 0.89, 47.6, 34.11]","[21.0, 11.011764705882353]"
MORI_motion_P4,U100,MEZZANINE,F.Cu,B.Cu,False,/FAULT_N,True,c0f9e602-3516-4056-83ac-4640d8a3db5a,"(42.0, 8.2)","(41.8, 8.0)",0.283,"[6.0, 0.89, 47.6, 34.11]","[41.99166666666667, 8.191666666666666]"
MORI_motion_P4,U100,MEZZANINE,F.Cu,B.Cu,False,/FAULT_N,True,c84b0d01-758a-420c-a6d4-adabb1127cc9,"(43.2, 8.4)","(42.6, 7.8)",0.849,"[6.0, 0.89, 47.6, 34.11]","[43.19117647058824, 8.391176470588235]"
MORI_motion_P4,U100,MEZZANINE,F.Cu,B.Cu,False,/FAULT_N,True,daec7518-229c-4a4c-b241-0f25c57c8727,"(46.2, 9.2)","(42.0, 8.2)",4.317,"[6.0, 0.89, 47.6, 34.11]","[46.187861271676304, 9.197109826589594]"
MORI_motion_P4,U100,MEZZANINE,F.Cu,B.Cu,False,/FAULT_N,True,e122e05a-a020-4171-bdd3-97d7126a5559,"(22.2, 13.0)","(20.8, 14.4)",1.98,"[6.0, 0.89, 47.6, 34.11]","[22.19125, 13.00875]"
MORI_motion_P4,U100,MEZZANINE,F.Cu,B.Cu,False,/FAULT_N,True,e7d3244e-d5e1-4644-bc03-f30b2b8dc646,"(21.5, 7.9)","(21.2, 8.2)",0.424,"[6.0, 0.89, 47.6, 34.11]","[21.491176470588236, 7.908823529411765]"
MORI_motion_P4,U100,MEZZANINE,F.Cu,B.Cu,False,/FAULT_N,True,f293c967-93a9-453a-bac1-fb0ef6e38206,"(15.9, 14.4)","(14.2, 16.1)",2.404,"[6.0, 0.89, 47.6, 34.11]","[15.891237113402061, 14.40876288659794]"
MORI_motion_P4,U100,MEZZANINE,F.Cu,B.Cu,False,/FAULT_N,True,f5109161-45fc-46c8-922d-3dbcd575f71e,"(21.2, 10.8)","(21.0, 11.0)",0.283,"[6.0, 0.89, 47.6, 34.11]","[21.191666666666666, 10.808333333333334]"
MORI_motion_P4,U100,MEZZANINE,F.Cu,B.Cu,False,/FAULT_N,True,f5482fd3-0bf0-438c-b06a-7f1546ed3a55,"(42.6, 7.8)","(42.0, 7.8)",0.6,"[6.0, 0.89, 47.6, 34.11]","[42.588, 7.8]"
MORI_motion_P4,U100,MEZZANINE,F.Cu,B.Cu,False,/FAULT_N,True,f772d59f-4f22-432d-9ba7-b525162f8445,"(22.2, 12.6)","(22.2, 13.0)",0.4,"[6.0, 0.89, 47.6, 34.11]","[22.2, 12.611764705882353]"
MORI_motion_P4,U100,MEZZANINE,F.Cu,B.Cu,False,/FAULT_N,True,f920f7e0-444a-476c-b4f2-2431b76b667d,"(13.9, 17.6)","(14.4, 17.1)",0.707,"[6.0, 0.89, 47.6, 34.11]","[13.908620689655173, 17.59137931034483]"
MORI_motion_P4,U100,MEZZANINE,F.Cu,B.Cu,False,/FAULT_N,True,fb0e08a7-457a-4534-b990-f09a275d6ea4,"(21.2, 8.2)","(21.2, 10.8)",2.6,"[6.0, 0.89, 47.6, 34.11]","[21.2, 8.212380952380952]"
MORI_motion_P4,U100,MEZZANINE,F.Cu,B.Cu,False,/S288_RX,True,818cca2e-d56e-47ff-9601-eb960c4746c6,"(25.5187, 9.75)","(25.15, 9.3813)",0.521,"[6.0, 0.89, 47.6, 34.11]","[25.509921428571428, 9.741221428571428]"
MORI_motion_P4,U100,MEZZANINE,F.Cu,B.Cu,False,/S288_RX,True,9a5a4b60-4d01-4f7f-b22b-323e28c3ea9c,"(25.15, 9.3813)","(25.15, 4.8)",3.735,"[6.0, 0.89, 47.6, 34.11]","[25.15, 9.36885081521739]"
MORI_motion_P4,U100,MEZZANINE,F.Cu,B.Cu,False,/S288_RX,True,e25fa081-438e-4f5f-a341-813f2a389bea,"(25.5187, 9.75)","(26.45, 9.75)",0.931,"[6.0, 0.89, 47.6, 34.11]","[25.53095394736842, 9.75]"
MORI_motion_P4,U100,MEZZANINE,F.Cu,B.Cu,False,/S288_TX,True,288c51e5-fa04-4289-bd06-4aaf11a39531,"(23.9399, 8.7899)","(23.9399, 4.3217)",4.468,"[6.0, 0.89, 47.6, 34.11]","[23.9399, 8.777418994413408]"
MORI_motion_P4,U100,MEZZANINE,F.Cu,B.Cu,False,/S288_TX,True,45480ed3-4acd-486d-8c09-c659470c2783,"(23.9399, 4.3217)","(24.7316, 3.53)",1.12,"[6.0, 0.89, 47.6, 34.11]","[23.948696666666667, 4.312903333333333]"
MORI_motion_P4,U100,MEZZANINE,F.Cu,B.Cu,False,/S288_TX,True,a16d4da9-d713-456c-abd5-b5aefb8b89b4,"(25.4, 10.25)","(23.9399, 8.7899)",2.065,"[6.0, 0.89, 47.6, 34.11]","[25.391204216867468, 10.24120421686747]"
MORI_motion_P4,U100,MEZZANINE,F.Cu,B.Cu,False,/S288_TX,True,b9dba5a5-3e19-4254-a079-c27a53069301,"(25.4, 10.25)","(26.45, 10.25)",1.05,"[6.0, 0.89, 47.6, 34.11]","[25.41220930232558, 10.25]"
MORI_motion_P4,U100,MEZZANINE,F.Cu,B.Cu,False,/S288_TX,True,cb26a0a1-38ef-40ae-bc71-f5517bc217e3,"(26.42, 3.53)","(27.69, 2.26)",0.948,"[6.0, 0.89, 47.6, 34.11]","[26.428819444444446, 3.5211805555555555]"
MORI_motion_P4,U100,MEZZANINE,F.Cu,B.Cu,False,/S288_TX,True,e83ddde0-f694-454b-b51a-80d60c2af24e,"(24.7316, 3.53)","(26.42, 3.53)",1.688,"[6.0, 0.89, 47.6, 34.11]","[24.744014705882353, 3.53]"
MORI_motion_P4,U100,MEZZANINE,F.Cu,B.Cu,False,/LINK_TX,True,6df77c20-d4b5-4462-afe0-ca283fb891b3,"(32.75, 4.8)","(34.25, 6.3)",1.248,"[6.0, 0.89, 47.6, 34.11]","[33.37647058823529, 5.4264705882352935]"
MORI_motion_P4,U100,MEZZANINE,F.Cu,B.Cu,False,/LINK_TX,True,c4398d32-8f5d-4f61-b577-93f30c2bf76a,"(38.55, 10.75)","(38.55, 9.55)",1.2,"[6.0, 0.89, 47.6, 34.11]","[38.55, 10.7375]"
MORI_motion_P4,U100,MEZZANINE,F.Cu,B.Cu,False,/LINK_TX,True,c84ba61f-60f5-4c31-ba80-86a64569b2fe,"(35.3, 6.3)","(38.55, 9.55)",4.596,"[6.0, 0.89, 47.6, 34.11]","[35.30883152173913, 6.308831521739131]"
MORI_motion_P4,U100,MEZZANINE,F.Cu,B.Cu,False,/LINK_TX,True,ca11d414-8ac4-4bf3-bc4b-1c954dfef463,"(34.25, 6.3)","(35.3, 6.3)",1.05,"[6.0, 0.89, 47.6, 34.11]","[34.2625, 6.3]"
MORI_motion_P4,U100,MEZZANINE,F.Cu,B.Cu,False,/LINK_RX,True,34666cf4-5fb9-4297-8607-6a6eb943df75,"(33.5595, 7.1484)","(34.4122, 8.0011)",1.206,"[6.0, 0.89, 47.6, 34.11]","[33.56820102040816, 7.157101020408163]"
MORI_motion_P4,U100,MEZZANINE,F.Cu,B.Cu,False,/LINK_RX,True,49f82a0c-3d74-4eb6-b564-137a74d95074,"(31.6065, 3.4235)","(31.6065, 5.2739)",1.85,"[6.0, 0.89, 47.6, 34.11]","[31.6065, 3.435836]"
MORI_motion_P4,U100,MEZZANINE,F.Cu,B.Cu,False,/LINK_RX,True,82988af5-45ed-40d2-9919-322890cba8f8,"(35.45, 10.75)","(34.6, 10.75)",0.85,"[6.0, 0.89, 47.6, 34.11]","[35.43785714285715, 10.75]"
MORI_motion_P4,U100,MEZZANINE,F.Cu,B.Cu,False,/LINK_RX,True,df8d572f-5a5c-47e4-a64d-05b0c08ebbef,"(31.6065, 5.2739)","(33.481, 7.1484)",2.651,"[6.0, 0.89, 47.6, 34.11]","[31.615259345794392, 5.282659345794393]"
MORI_motion_P4,U100,MEZZANINE,F.Cu,B.Cu,False,/LINK_RX,True,eba8dad2-26c3-417e-940e-7cd3fc7ad782,"(34.6, 10.75)","(34.6, 8.0)",2.75,"[6.0, 0.89, 47.6, 34.11]","[34.6, 10.7375]"
MORI_motion_P4,U100,MEZZANINE,F.Cu,B.Cu,False,/LINK_RX,True,ecb2d12b-cc80-4261-8a5f-90536b07850e,"(32.77, 2.26)","(31.6065, 3.4235)",0.798,"[6.0, 0.89, 47.6, 34.11]","[32.16180681818182, 2.8681931818181816]"
MORI_motion_P4,U100,MEZZANINE,F.Cu,F.Cu,True,/NRST,True,ac03cbd0-e81f-4508-8152-b05190379803,"(29.5, 26.1)","(29.0, 25.6)",0.707,"[6.0, 0.89, 47.6, 34.11]","[29.49137931034483, 26.09137931034483]"
MORI_motion_P4,U100,MEZZANINE,F.Cu,F.Cu,True,/NRST,True,da12f541-2102-41b5-abf8-2c391c92bda6,"(31.6, 26.1)","(29.5, 26.1)",2.1,"[6.0, 0.89, 47.6, 34.11]","[31.58764705882353, 26.1]"
MORI_motion_P4,U100,MEZZANINE,F.Cu,F.Cu,True,/NRST,True,e9dbb4ee-c810-4c45-9249-2c5e62b41886,"(29.0, 25.6)","(30.8, 23.8)",2.546,"[6.0, 0.89, 47.6, 34.11]","[29.008823529411764, 25.591176470588238]"
MORI_motion_P4,U100,MEZZANINE,F.Cu,F.Cu,True,/NRST,True,e9fb6205-42ba-43ab-ab2b-200622ab8414,"(32.4, 26.9)","(31.6, 26.1)",0.271,"[6.0, 0.89, 47.6, 34.11]","[31.782608695652176, 26.282608695652176]"
MORI_motion_P4,U100,MEZZANINE,F.Cu,B.Cu,False,/NRST,True,5029db0c-89eb-4244-a90c-22d8025d685d,"(31.9, 17.6)","(33.4, 17.6)",1.5,"[6.0, 0.89, 47.6, 34.11]","[31.912499999999998, 17.6]"
MORI_motion_P4,U100,MEZZANINE,F.Cu,B.Cu,False,/NRST,True,64834765-d1d2-47a4-aa01-62f1a6e47b70,"(30.8, 23.8)","(30.8, 18.7)",5.1,"[6.0, 0.89, 47.6, 34.11]","[30.8, 23.787560975609757]"
MORI_motion_P4,U100,MEZZANINE,F.Cu,B.Cu,False,/NRST,True,873244a2-8495-4010-a429-faddd0ca6485,"(33.4, 17.6)","(33.6, 17.4)",0.283,"[6.0, 0.89, 47.6, 34.11]","[33.40833333333333, 17.59166666666667]"
MORI_motion_P4,U100,MEZZANINE,F.Cu,B.Cu,False,/NRST,True,e050b71e-849f-48ec-94bc-021388b6a4dd,"(30.8, 18.7)","(31.9, 17.6)",1.556,"[6.0, 0.89, 47.6, 34.11]","[30.80873015873016, 18.69126984126984]"
MORI_motion_P4,U100,MEZZANINE,F.Cu,B.Cu,False,/NRST,True,e7778bc1-9f69-47c3-8232-da7effcd6302,"(33.6, 17.4)","(33.6, 16.5)",0.9,"[6.0, 0.89, 47.6, 34.11]","[33.6, 17.3875]"
MORI_motion_P4,U100,MEZZANINE,F.Cu,F.Cu,True,/LOOP_3V3,False,2b2e023f-ae12-4a1c-8b04-d17d19948422,"(41.9, 27.85)","(40.5, 26.45)",1.98,"[6.0, 0.89, 47.6, 34.11]","[41.89125, 27.841250000000002]"
MORI_motion_P4,U100,MEZZANINE,F.Cu,F.Cu,True,/LOOP_3V3,False,3b566d62-7c29-498e-9e78-781adb531f56,"(44.9, 28.65)","(44.1, 27.85)",1.131,"[6.0, 0.89, 47.6, 34.11]","[44.891304347826086, 28.641304347826086]"
MORI_motion_P4,U100,MEZZANINE,F.Cu,F.Cu,True,/LOOP_3V3,False,b5f5ba82-f4fe-4518-a5ea-5db1837e46d6,"(44.1, 27.85)","(41.9, 27.85)",2.2,"[6.0, 0.89, 47.6, 34.11]","[44.087640449438204, 27.85]"
MORI_motion_P4,U100,MEZZANINE,F.Cu,F.Cu,True,/LOOP_3V3,False,bcdcbc5b-cb6b-4c02-b88c-7b0731f9dbc3,"(46.25, 33.0)","(44.9, 31.65)",1.909,"[6.0, 0.89, 47.6, 34.11]","[46.24123376623377, 32.99123376623377]"
MORI_motion_P4,U100,MEZZANINE,F.Cu,F.Cu,True,/LOOP_3V3,False,c66c4873-8d69-44ea-bc4e-df49fb41e614,"(48.2, 33.0)","(46.25, 33.0)",1.35,"[6.0, 0.89, 47.6, 34.11]","[47.58772727272727, 33.0]"
MORI_motion_P4,U100,MEZZANINE,F.Cu,F.Cu,True,/LOOP_3V3,False,d95c9750-af4f-4c27-8a80-8f70b9247df5,"(44.9, 31.65)","(44.9, 28.65)",3.0,"[6.0, 0.89, 47.6, 34.11]","[44.9, 31.6375]"
MORI_motion_P4,U100,MEZZANINE,F.Cu,B.Cu,False,/LOOP_3V3,False,10696c2a-484f-4006-9134-df3985a8ec4d,"(41.1, 25.6)","(40.5, 25.6)",0.6,"[6.0, 0.89, 47.6, 34.11]","[41.088, 25.6]"
MORI_motion_P4,U100,MEZZANINE,F.Cu,B.Cu,False,/LOOP_3V3,False,1832272f-7129-42f0-9c76-a60aeb0ba0c2,"(41.3, 25.6)","(41.1, 25.6)",0.2,"[6.0, 0.89, 47.6, 34.11]","[41.287499999999994, 25.6]"
MORI_motion_P4,U100,MEZZANINE,F.Cu,B.Cu,False,/LOOP_3V3,False,58ebf47f-34c0-44f6-af23-dae5cb3b61c8,"(41.5, 25.8)","(41.3, 25.6)",0.283,"[6.0, 0.89, 47.6, 34.11]","[41.49166666666667, 25.791666666666668]"
MORI_motion_P4,U100,MEZZANINE,F.Cu,B.Cu,False,/LOOP_3V3,False,89603c55-32a2-413d-b421-76a7ca9f7a38,"(40.5, 26.45)","(40.5, 25.6)",0.85,"[6.0, 0.89, 47.6, 34.11]","[40.5, 26.4375]"
MORI_motion_P4,U100,MEZZANINE,F.Cu,F.Cu,True,/ARM_Q,False,1d8ca9a6-a3d9-4c33-893b-51e1c1cec7ef,"(45.65, 30.95)","(45.35, 30.65)",0.424,"[6.0, 0.89, 47.6, 34.11]","[45.641176470588235, 30.941176470588236]"
MORI_motion_P4,U100,MEZZANINE,F.Cu,F.Cu,True,/ARM_Q,False,2aa4bd5f-8b3c-4ebe-ad23-e2c1308929a2,"(43.75, 26.9)","(43.4, 26.9)",0.35,"[6.0, 0.89, 47.6, 34.11]","[43.73833333333333, 26.9]"
MORI_motion_P4,U100,MEZZANINE,F.Cu,F.Cu,True,/ARM_Q,False,451cc929-9f78-4bf6-a5c5-9694e2f6eea8,"(45.7, 33.45)","(45.4, 33.15)",0.424,"[6.0, 0.89, 47.6, 34.11]","[45.69117647058824, 33.44117647058824]"
MORI_motion_P4,U100,MEZZANINE,F.Cu,F.Cu,True,/ARM_Q,False,4e113755-646f-4568-8acd-2227d92c2f11,"(61.45, 33.45)","(45.7, 33.45)",1.9,"[6.0, 0.89, 47.6, 34.11]","[47.587500000000006, 33.45]"
MORI_motion_P4,U100,MEZZANINE,F.Cu,F.Cu,True,/ARM_Q,False,6c258337-c103-4fa6-861e-d0fa60c155f8,"(13.5, 9.4)","(13.2, 9.7)",0.424,"[6.0, 0.89, 47.6, 34.11]","[13.491176470588234, 9.408823529411766]"
MORI_motion_P4,U100,MEZZANINE,F.Cu,F.Cu,True,/ARM_Q,False,86a6cb3b-66ba-4a2b-8694-816f0a8da54f,"(45.7, 31.0)","(45.65, 30.95)",0.071,"[6.0, 0.89, 47.6, 34.11]","[45.69166666666667, 30.991666666666667]"
MORI_motion_P4,U100,MEZZANINE,F.Cu,F.Cu,True,/ARM_Q,False,95e9806f-1e05-4116-b2a3-bf46998680f7,"(45.35, 28.5)","(43.75, 26.9)",2.263,"[6.0, 0.89, 47.6, 34.11]","[45.34120879120879, 28.49120879120879]"
MORI_motion_P4,U100,MEZZANINE,F.Cu,F.Cu,True,/ARM_Q,False,d27f7728-d0ea-42c0-9325-9de71431ceb5,"(20.0, 9.4)","(13.5, 9.4)",6.5,"[6.0, 0.89, 47.6, 34.11]","[19.9875, 9.4]"
MORI_motion_P4,U100,MEZZANINE,F.Cu,F.Cu,True,/ARM_Q,False,e48326a8-cd06-4e3c-a1c0-421bcd607532,"(45.35, 30.65)","(45.35, 28.5)",2.15,"[6.0, 0.89, 47.6, 34.11]","[45.35, 30.6375]"
MORI_motion_P4,U100,MEZZANINE,F.Cu,F.Cu,True,/ARM_Q,False,f87ef1b3-119f-404a-863c-43e3d54ece63,"(21.8, 11.2)","(20.0, 9.4)",2.546,"[6.0, 0.89, 47.6, 34.11]","[21.791176470588237, 11.191176470588234]"
MORI_motion_P4,U100,MEZZANINE,F.Cu,F.Cu,True,/ARM_Q,False,fe7440c8-a1f0-4fd7-8910-d03e96ca165e,"(45.7, 31.4)","(45.7, 31.0)",0.4,"[6.0, 0.89, 47.6, 34.11]","[45.7, 31.3875]"
MORI_motion_P4,U100,MEZZANINE,F.Cu,B.Cu,False,/ARM_Q,False,1b0708f2-8383-4f12-b519-6d0c8f219e60,"(41.9, 20.55)","(41.45, 20.55)",0.45,"[6.0, 0.89, 47.6, 34.11]","[41.887499999999996, 20.55]"
MORI_motion_P4,U100,MEZZANINE,F.Cu,B.Cu,False,/ARM_Q,False,24c77bdc-8b96-4325-a5ba-80afba7ffb78,"(24.9, 14.3)","(21.8, 11.2)",4.384,"[6.0, 0.89, 47.6, 34.11]","[24.89119318181818, 14.291193181818182]"
MORI_motion_P4,U100,MEZZANINE,F.Cu,B.Cu,False,/ARM_Q,False,273eebcf-2241-4b9a-b7b8-69d7b093f82e,"(41.3, 19.1)","(41.45, 20.55)",1.458,"[6.0, 0.89, 47.6, 34.11]","[41.30127118644067, 19.11228813559322]"
MORI_motion_P4,U100,MEZZANINE,F.Cu,B.Cu,False,/ARM_Q,False,2a4c4a19-ef6a-476f-9dc7-b4911d05c173,"(41.3, 20.7)","(40.7, 21.3)",0.849,"[6.0, 0.89, 47.6, 34.11]","[41.29117647058823, 20.708823529411763]"
MORI_motion_P4,U100,MEZZANINE,F.Cu,B.Cu,False,/ARM_Q,False,3360fd51-e577-4dc4-ab4e-e272680dc98a,"(36.4, 16.7)","(37.0, 16.7)",0.6,"[6.0, 0.89, 47.6, 34.11]","[36.412, 16.7]"
MORI_motion_P4,U100,MEZZANINE,F.Cu,B.Cu,False,/ARM_Q,False,37023ae8-0a98-4521-99ec-d25fe0b554f1,"(40.4, 17.5)","(40.1, 17.9)",0.5,"[6.0, 0.89, 47.6, 34.11]","[40.3925, 17.51]"
MORI_motion_P4,U100,MEZZANINE,F.Cu,B.Cu,False,/ARM_Q,False,67e9843f-f4d0-430b-b257-0dec96d3a99d,"(36.4, 16.7)","(34.0, 14.3)",3.394,"[6.0, 0.89, 47.6, 34.11]","[36.391176470588235, 16.691176470588236]"
MORI_motion_P4,U100,MEZZANINE,F.Cu,B.Cu,False,/ARM_Q,False,68dffee5-9a14-4c4c-a68b-66e21d7a091c,"(45.4, 33.15)","(45.4, 31.7)",1.45,"[6.0, 0.89, 47.6, 34.11]","[45.4, 33.137499999999996]"
MORI_motion_P4,U100,MEZZANINE,F.Cu,B.Cu,False,/ARM_Q,False,6fedbf54-59b3-4f89-b39f-9c8ab289e0ec,"(38.95, 15.25)","(40.45, 16.75)",2.121,"[6.0, 0.89, 47.6, 34.11]","[38.95882352941177, 15.258823529411766]"
MORI_motion_P4,U100,MEZZANINE,F.Cu,B.Cu,False,/ARM_Q,False,7dc10185-1aef-440e-8d0a-64edd7e4763b,"(43.15, 21.8)","(41.9, 20.55)",1.768,"[6.0, 0.89, 47.6, 34.11]","[43.14119718309859, 21.791197183098593]"
MORI_motion_P4,U100,MEZZANINE,F.Cu,B.Cu,False,/ARM_Q,False,84d2cde0-3e7b-4984-b8c4-8cde09175611,"(40.7, 21.3)","(40.5, 21.3)",0.2,"[6.0, 0.89, 47.6, 34.11]","[40.68888888888889, 21.3]"
MORI_motion_P4,U100,MEZZANINE,F.Cu,B.Cu,False,/ARM_Q,False,a494b2a6-fbe9-4be2-9471-f7db222aeede,"(40.45, 16.75)","(40.8, 17.1)",0.495,"[6.0, 0.89, 47.6, 34.11]","[40.45875, 16.75875]"
MORI_motion_P4,U100,MEZZANINE,F.Cu,B.Cu,False,/ARM_Q,False,a97b8f9e-6704-4a58-b393-57bc804fe925,"(13.2, 10.6)","(13.2, 9.7)",0.9,"[6.0, 0.89, 47.6, 34.11]","[13.2, 10.587837837837837]"
MORI_motion_P4,U100,MEZZANINE,F.Cu,B.Cu,False,/ARM_Q,False,aff52e50-a666-4652-8eb6-628b6f679a2c,"(12.6, 11.2)","(13.2, 10.6)",0.849,"[6.0, 0.89, 47.6, 34.11]","[12.608823529411765, 11.191176470588234]"
MORI_motion_P4,U100,MEZZANINE,F.Cu,B.Cu,False,/ARM_Q,False,c596a09b-6cac-430a-867d-9300a9bd0483,"(42.85, 26.35)","(42.85, 23.35)",3.0,"[6.0, 0.89, 47.6, 34.11]","[42.85, 26.337500000000002]"
MORI_motion_P4,U100,MEZZANINE,F.Cu,B.Cu,False,/ARM_Q,False,c8749532-9075-44cc-8163-c4ca573c8d3d,"(41.45, 20.55)","(41.3, 20.7)",0.212,"[6.0, 0.89, 47.6, 34.11]","[41.44166666666667, 20.558333333333334]"
MORI_motion_P4,U100,MEZZANINE,F.Cu,B.Cu,False,/ARM_Q,False,cac63202-e199-4cd1-8ce3-243a5c53ea60,"(34.0, 14.3)","(24.9, 14.3)",9.1,"[6.0, 0.89, 47.6, 34.11]","[33.98753424657534, 14.3]"
MORI_motion_P4,U100,MEZZANINE,F.Cu,B.Cu,False,/ARM_Q,False,ccb0ce75-da42-4d01-bd09-89059af46c8a,"(37.0, 16.7)","(38.45, 15.25)",2.051,"[6.0, 0.89, 47.6, 34.11]","[37.00873493975904, 16.691265060240962]"
MORI_motion_P4,U100,MEZZANINE,F.Cu,B.Cu,False,/ARM_Q,False,d0b2def6-f261-4868-8763-7f8fbb3e2055,"(45.4, 31.7)","(45.7, 31.4)",0.424,"[6.0, 0.89, 47.6, 34.11]","[45.40882352941176, 31.691176470588236]"
MORI_motion_P4,U100,MEZZANINE,F.Cu,B.Cu,False,/ARM_Q,False,d2a74d73-6a97-4a57-b963-4b8ff2b65549,"(38.45, 15.25)","(38.95, 15.25)",0.5,"[6.0, 0.89, 47.6, 34.11]","[38.462500000000006, 15.25]"
MORI_motion_P4,U100,MEZZANINE,F.Cu,B.Cu,False,/ARM_Q,False,d328e0f1-1330-42de-a541-69a5abbeded9,"(40.4, 17.5)","(40.9, 17.0)",0.707,"[6.0, 0.89, 47.6, 34.11]","[40.40862068965517, 17.49137931034483]"
MORI_motion_P4,U100,MEZZANINE,F.Cu,B.Cu,False,/ARM_Q,False,dca49728-3b8e-4148-8edb-0a6c53cf4fe4,"(43.4, 26.9)","(42.85, 26.35)",0.778,"[6.0, 0.89, 47.6, 34.11]","[43.391406249999996, 26.89140625]"
MORI_motion_P4,U100,MEZZANINE,F.Cu,B.Cu,False,/ARM_Q,False,df6e182a-46f8-4f97-86bc-2349eba61713,"(40.1, 17.9)","(41.3, 19.1)",1.697,"[6.0, 0.89, 47.6, 34.11]","[40.108823529411765, 17.908823529411762]"
MORI_motion_P4,U100,MEZZANINE,F.Cu,B.Cu,False,/ARM_Q,False,ec3fb1b2-2ef3-4a48-8c72-4631be146866,"(42.85, 23.35)","(43.15, 23.05)",0.424,"[6.0, 0.89, 47.6, 34.11]","[42.858823529411765, 23.341176470588238]"
MORI_motion_P4,U100,MEZZANINE,F.Cu,B.Cu,False,/ARM_Q,False,fa3c4ba3-4299-4d41-8cc3-76aa8113bcc0,"(43.15, 23.05)","(43.15, 21.8)",1.25,"[6.0, 0.89, 47.6, 34.11]","[43.15, 23.0375]"
MORI_motion_P4,U100,MEZZANINE,F.Cu,F.Cu,True,/BAT_ADC_IN,False,04c96cb2-b40a-43ad-9ef7-5c165cfe1166,"(41.2, 16.9)","(21.1, 16.9)",20.1,"[6.0, 0.89, 47.6, 34.11]","[41.1875, 16.9]"
MORI_motion_P4,U100,MEZZANINE,F.Cu,F.Cu,True,/BAT_ADC_IN,False,1804d139-ac62-4fa1-8d9c-290a828682f7,"(45.8, 18.0)","(42.7, 18.0)",3.1,"[6.0, 0.89, 47.6, 34.11]","[45.787499999999994, 18.0]"
MORI_motion_P4,U100,MEZZANINE,F.Cu,F.Cu,True,/BAT_ADC_IN,False,23a2e2f7-1408-4ef7-a8f7-640f13a4cd33,"(46.9, 19.1)","(45.8, 18.0)",1.556,"[6.0, 0.89, 47.6, 34.11]","[46.89126984126984, 19.091269841269842]"
MORI_motion_P4,U100,MEZZANINE,F.Cu,F.Cu,True,/BAT_ADC_IN,False,2bec76ab-79a0-49b4-8c38-7faa83c52bc0,"(41.7, 17.0)","(41.3, 17.0)",0.4,"[6.0, 0.89, 47.6, 34.11]","[41.688235294117646, 17.0]"
MORI_motion_P4,U100,MEZZANINE,F.Cu,F.Cu,True,/BAT_ADC_IN,False,500cc38f-78b2-4fb3-999c-9e7929c8c146,"(46.2, 21.7)","(45.6, 21.7)",0.6,"[6.0, 0.89, 47.6, 34.11]","[46.188, 21.7]"
MORI_motion_P4,U100,MEZZANINE,F.Cu,F.Cu,True,/BAT_ADC_IN,False,550d1e92-0bdc-49fe-9f54-8345567c58a6,"(45.0, 21.1)","(46.0, 20.1)",1.414,"[6.0, 0.89, 47.6, 34.11]","[45.00877192982456, 21.09122807017544]"
MORI_motion_P4,U100,MEZZANINE,F.Cu,F.Cu,True,/BAT_ADC_IN,False,883f2cd5-faf6-46a5-88df-9d85fd82aca9,"(46.0, 20.1)","(46.3, 20.1)",0.3,"[6.0, 0.89, 47.6, 34.11]","[46.0125, 20.1]"
MORI_motion_P4,U100,MEZZANINE,F.Cu,F.Cu,True,/BAT_ADC_IN,False,8af404e1-831c-47f8-b397-d7695f9a868c,"(47.8, 22.1)","(46.6, 22.1)",1.0,"[6.0, 0.89, 47.6, 34.11]","[47.5875, 22.1]"
MORI_motion_P4,U100,MEZZANINE,F.Cu,F.Cu,True,/BAT_ADC_IN,False,945a5d14-3270-4038-bc89-13924fd6d32b,"(21.1, 16.9)","(18.4, 19.9)",4.036,"[6.0, 0.89, 47.6, 34.11]","[21.09166666666667, 16.909259259259258]"
MORI_motion_P4,U100,MEZZANINE,F.Cu,F.Cu,True,/BAT_ADC_IN,False,a6fea57a-eacc-42fd-909c-09393afa8651,"(46.9, 19.5)","(46.9, 19.1)",0.4,"[6.0, 0.89, 47.6, 34.11]","[46.9, 19.4875]"
MORI_motion_P4,U100,MEZZANINE,F.Cu,F.Cu,True,/BAT_ADC_IN,False,adf46034-cc97-4042-866d-6f85e861eaea,"(46.6, 22.1)","(46.2, 21.7)",0.566,"[6.0, 0.89, 47.6, 34.11]","[46.59130434782609, 22.09130434782609]"
MORI_motion_P4,U100,MEZZANINE,F.Cu,F.Cu,True,/BAT_ADC_IN,False,cce0aade-ac12-4971-881e-7fc146ed51d5,"(41.3, 17.0)","(41.2, 16.9)",0.141,"[6.0, 0.89, 47.6, 34.11]","[41.291666666666664, 16.991666666666667]"
MORI_motion_P4,U100,MEZZANINE,F.Cu,F.Cu,True,/BAT_ADC_IN,False,d37bb5d9-782f-4739-a9f1-c7ad0e68f94c,"(46.3, 20.1)","(46.9, 19.5)",0.849,"[6.0, 0.89, 47.6, 34.11]","[46.30882352941176, 20.091176470588238]"
MORI_motion_P4,U100,MEZZANINE,F.Cu,F.Cu,True,/BAT_ADC_IN,False,e952f267-4e57-492e-95a9-9c98fc875fe9,"(45.6, 21.7)","(45.0, 21.1)",0.849,"[6.0, 0.89, 47.6, 34.11]","[45.59117647058824, 21.691176470588236]"
MORI_motion_P4,U100,MEZZANINE,F.Cu,F.Cu,True,/BAT_ADC_IN,False,fdc1cbd3-b50f-4a65-82b4-3287bbb0a8b7,"(42.7, 18.0)","(41.7, 17.0)",1.414,"[6.0, 0.89, 47.6, 34.11]","[42.69122807017544, 17.99122807017544]"
MORI_motion_P4,U100,MEZZANINE,F.Cu,B.Cu,False,/BAT_ADC_IN,False,0f20438c-b531-4c28-a9c1-24d4b0c0b7f3,"(14.3, 24.0)","(14.3, 24.5)",0.5,"[6.0, 0.89, 47.6, 34.11]","[14.3, 24.0125]"
MORI_motion_P4,U100,MEZZANINE,F.Cu,B.Cu,False,/BAT_ADC_IN,False,4dcb2197-d2a2-4b84-9cad-a02c32ce1a95,"(18.4, 19.9)","(14.3, 24.0)",5.798,"[6.0, 0.89, 47.6, 34.11]","[18.39116379310345, 19.90883620689655]"
MORI_motion_P4,U100,MEZZANINE,F.Cu,B.Cu,False,/BAT_ADC_IN,False,8c4fbf6a-3b9d-4bac-9075-9217afada8b2,"(12.825, 24.5)","(14.3, 24.5)",1.475,"[6.0, 0.89, 47.6, 34.11]","[12.837291666666665, 24.5]"
MORI_motion_P4,U100,MEZZANINE,F.Cu,F.Cu,True,/WHEEL_ADC_IN,False,028589cf-d7e3-492c-9e00-f98a79037f6d,"(35.2, 23.0)","(34.1, 23.0)",1.1,"[6.0, 0.89, 47.6, 34.11]","[35.18777777777778, 23.0]"
MORI_motion_P4,U100,MEZZANINE,F.Cu,F.Cu,True,/WHEEL_ADC_IN,False,02f74de9-df74-409b-ab64-08e75815c0cb,"(33.8, 22.7)","(33.2, 22.7)",0.6,"[6.0, 0.89, 47.6, 34.11]","[33.787499999999994, 22.7]"
MORI_motion_P4,U100,MEZZANINE,F.Cu,F.Cu,True,/WHEEL_ADC_IN,False,1fe042a7-96bd-42b8-ad6d-371df7b6cd52,"(28.4, 20.7)","(22.7, 20.7)",5.7,"[6.0, 0.89, 47.6, 34.11]","[28.3875, 20.7]"
MORI_motion_P4,U100,MEZZANINE,F.Cu,F.Cu,True,/WHEEL_ADC_IN,False,2697da31-c183-484e-9dcf-5c0265fcea8a,"(32.9, 23.0)","(30.7, 23.0)",2.2,"[6.0, 0.89, 47.6, 34.11]","[32.887499999999996, 23.0]"
MORI_motion_P4,U100,MEZZANINE,F.Cu,F.Cu,True,/WHEEL_ADC_IN,False,9967891b-c5d6-4de8-904b-db3e1fab6a62,"(34.1, 23.0)","(33.8, 22.7)",0.424,"[6.0, 0.89, 47.6, 34.11]","[34.09117647058824, 22.991176470588236]"
MORI_motion_P4,U100,MEZZANINE,F.Cu,F.Cu,True,/WHEEL_ADC_IN,False,a9d948be-e2fe-4999-828f-fa0ac75be58d,"(40.9, 24.9)","(40.6, 25.2)",0.424,"[6.0, 0.89, 47.6, 34.11]","[40.891176470588235, 24.908823529411762]"
MORI_motion_P4,U100,MEZZANINE,F.Cu,F.Cu,True,/WHEEL_ADC_IN,False,b5657403-adc3-4fd3-9323-4051410cda41,"(18.4, 25.0)","(17.9, 25.0)",0.5,"[6.0, 0.89, 47.6, 34.11]","[18.3875, 25.0]"
MORI_motion_P4,U100,MEZZANINE,F.Cu,F.Cu,True,/WHEEL_ADC_IN,False,bbec545f-cbd2-432a-bed0-8b6466e5c649,"(37.4, 25.2)","(35.2, 23.0)",3.111,"[6.0, 0.89, 47.6, 34.11]","[37.3912, 25.1912]"
MORI_motion_P4,U100,MEZZANINE,F.Cu,F.Cu,True,/WHEEL_ADC_IN,False,c31e643f-f310-4739-b73d-cdafe5098bed,"(43.4, 24.9)","(40.9, 24.9)",2.5,"[6.0, 0.89, 47.6, 34.11]","[43.387499999999996, 24.9]"
MORI_motion_P4,U100,MEZZANINE,F.Cu,F.Cu,True,/WHEEL_ADC_IN,False,c90fb345-2a6d-4d2a-a009-da45cf3886e1,"(45.6, 27.1)","(43.4, 24.9)",3.111,"[6.0, 0.89, 47.6, 34.11]","[45.5912, 27.0912]"
MORI_motion_P4,U100,MEZZANINE,F.Cu,F.Cu,True,/WHEEL_ADC_IN,False,d724a03c-673d-4718-b396-834afb058d13,"(40.6, 25.2)","(37.4, 25.2)",3.2,"[6.0, 0.89, 47.6, 34.11]","[40.587596899224806, 25.2]"
MORI_motion_P4,U100,MEZZANINE,F.Cu,F.Cu,True,/WHEEL_ADC_IN,False,de31a338-26bb-4133-be3b-9f6e24d69c36,"(22.7, 20.7)","(18.4, 25.0)",6.081,"[6.0, 0.89, 47.6, 34.11]","[22.691188524590164, 20.708811475409835]"
MORI_motion_P4,U100,MEZZANINE,F.Cu,F.Cu,True,/WHEEL_ADC_IN,False,eff7b5f0-6222-4281-8694-5f8dfe88353e,"(30.7, 23.0)","(28.4, 20.7)",3.253,"[6.0, 0.89, 47.6, 34.11]","[30.6912213740458, 22.9912213740458]"
MORI_motion_P4,U100,MEZZANINE,F.Cu,F.Cu,True,/WHEEL_ADC_IN,False,fe802dcf-193f-43e8-bfb6-e77e1284f3de,"(33.2, 22.7)","(32.9, 23.0)",0.424,"[6.0, 0.89, 47.6, 34.11]","[33.19117647058824, 22.708823529411763]"
MORI_motion_P4,U100,MEZZANINE,F.Cu,B.Cu,False,/WHEEL_ADC_IN,False,09a4be30-9a81-43fc-a0d0-88d7b2bdc071,"(17.3, 26.0)","(17.9, 25.4)",0.849,"[6.0, 0.89, 47.6, 34.11]","[17.308823529411764, 25.991176470588236]"
MORI_motion_P4,U100,MEZZANINE,F.Cu,B.Cu,False,/WHEEL_ADC_IN,False,97dbc473-8c17-498b-9214-0d9c885a2af2,"(47.9, 27.1)","(45.6, 27.1)",2.0,"[6.0, 0.89, 47.6, 34.11]","[47.5875, 27.1]"
MORI_motion_P4,U100,MEZZANINE,F.Cu,B.Cu,False,/WHEEL_ADC_IN,False,9ed6bc28-4400-4982-876d-7517be1a9fee,"(17.9, 25.4)","(17.9, 25.0)",0.4,"[6.0, 0.89, 47.6, 34.11]","[17.9, 25.3875]"
MORI_motion_P4,U100,MEZZANINE,F.Cu,F.Cu,True,/CURRENT_ADC_IN,False,0203f5fc-95bd-4921-8669-351906543884,"(28.4, 25.6)","(30.9, 28.1)",3.536,"[6.0, 0.89, 47.6, 34.11]","[28.408802816901407, 25.60880281690141]"
MORI_motion_P4,U100,MEZZANINE,F.Cu,F.Cu,True,/CURRENT_ADC_IN,False,2b54d8dc-7f4e-484a-9cd4-df2559aef03a,"(23.7, 25.7)","(20.3, 25.7)",3.4,"[6.0, 0.89, 47.6, 34.11]","[23.6875, 25.7]"
MORI_motion_P4,U100,MEZZANINE,F.Cu,F.Cu,True,/CURRENT_ADC_IN,False,30b85f4e-722f-468c-87a1-f0efc26d9094,"(20.3, 25.7)","(20.0, 25.4)",0.424,"[6.0, 0.89, 47.6, 34.11]","[20.291176470588237, 25.691176470588236]"
MORI_motion_P4,U100,MEZZANINE,F.Cu,F.Cu,True,/CURRENT_ADC_IN,False,96df6ed0-7477-4ca1-bc20-b4a532ffef32,"(20.0, 25.4)","(20.0, 25.3)",0.1,"[6.0, 0.89, 47.6, 34.11]","[20.0, 25.3875]"
MORI_motion_P4,U100,MEZZANINE,F.Cu,F.Cu,True,/CURRENT_ADC_IN,False,b8c2b9f4-2e22-4fdb-a02b-cfa32663a182,"(23.3, 25.3)","(23.6, 25.6)",0.424,"[6.0, 0.89, 47.6, 34.11]","[23.308823529411764, 25.308823529411764]"
MORI_motion_P4,U100,MEZZANINE,F.Cu,F.Cu,True,/CURRENT_ADC_IN,False,c8e62941-373c-4e3b-a234-e9588db50eb3,"(20.0, 25.3)","(23.3, 25.3)",3.3,"[6.0, 0.89, 47.6, 34.11]","[20.012406015037595, 25.3]"
MORI_motion_P4,U100,MEZZANINE,F.Cu,F.Cu,True,/CURRENT_ADC_IN,False,dc4b644d-e4a2-4df1-bff1-5c6d20a9a9db,"(23.6, 25.6)","(28.4, 25.6)",4.8,"[6.0, 0.89, 47.6, 34.11]","[23.6125, 25.6]"
MORI_motion_P4,U100,MEZZANINE,F.Cu,F.Cu,True,/CURRENT_ADC_IN,False,f1802ecd-9173-479b-b347-1439c7f98407,"(30.9, 28.1)","(37.2, 28.1)",6.3,"[6.0, 0.89, 47.6, 34.11]","[30.912450592885374, 28.1]"
MORI_motion_P4,U100,MEZZANINE,F.Cu,B.Cu,False,/CURRENT_ADC_IN,False,37710234-dd2d-4bb3-a2e3-bc5b6e98069d,"(37.2, 28.1)","(37.4, 27.9)",0.283,"[6.0, 0.89, 47.6, 34.11]","[37.208333333333336, 28.09166666666667]"
MORI_motion_P4,U100,MEZZANINE,F.Cu,B.Cu,False,/CURRENT_ADC_IN,False,5783ab1f-b53b-4058-ba3c-10533e86ce9a,"(37.4, 27.9)","(48.4, 27.9)",10.2,"[6.0, 0.89, 47.6, 34.11]","[37.41246943765281, 27.9]"
MORI_motion_P4,U100,MEZZANINE,F.Cu,B.Cu,False,/CURRENT_ADC_IN,False,94627957-7400-47fd-ae5a-bdeeea73b618,"(19.0, 24.675)","(18.6058, 24.2808)",0.557,"[6.0, 0.89, 47.6, 34.11]","[18.991430434782608, 24.666430434782608]"
MORI_motion_P4,U100,MEZZANINE,F.Cu,B.Cu,False,/CURRENT_ADC_IN,False,ff15fe42-497c-4b97-9699-dd7bba2f95b3,"(19.4, 24.7)","(20.0, 25.3)",0.849,"[6.0, 0.89, 47.6, 34.11]","[19.408823529411762, 24.708823529411763]"
MORI_motion_P4,U100,MEZZANINE,F.Cu,F.Cu,True,/S288_OE_N,False,2754fe9e-5264-448c-bc80-85ae9157cad5,"(30.95, 12.8)","(31.5, 12.25)",0.778,"[6.0, 0.89, 47.6, 34.11]","[30.95859375, 12.791406250000001]"
MORI_motion_P4,U100,MEZZANINE,F.Cu,F.Cu,True,/S288_OE_N,False,3c5002f4-baa3-4b2f-ad29-ef4b66a86751,"(30.75, 11.0)","(25.2, 11.0)",5.55,"[6.0, 0.89, 47.6, 34.11]","[30.73755605381166, 11.0]"
MORI_motion_P4,U100,MEZZANINE,F.Cu,F.Cu,True,/S288_OE_N,False,b6577f68-f07c-40bd-ba84-9f6f0369b910,"(21.4, 12.8)","(30.95, 12.8)",9.55,"[6.0, 0.89, 47.6, 34.11]","[21.412499999999998, 12.8]"
MORI_motion_P4,U100,MEZZANINE,F.Cu,F.Cu,True,/S288_OE_N,False,be2ff081-8dc0-48fb-825a-077c1ba19200,"(31.5, 12.25)","(31.5, 11.75)",0.5,"[6.0, 0.89, 47.6, 34.11]","[31.5, 12.2375]"
MORI_motion_P4,U100,MEZZANINE,F.Cu,F.Cu,True,/S288_OE_N,False,d73303fc-f682-417c-ab85-bebefb92096b,"(31.5, 11.75)","(30.75, 11.0)",1.061,"[6.0, 0.89, 47.6, 34.11]","[31.49127906976744, 11.741279069767442]"
MORI_motion_P4,U100,MEZZANINE,F.Cu,B.Cu,False,/S288_OE_N,False,0db3c579-2fbf-4857-ae2a-c50cb4164968,"(18.55, 11.25)","(19.8, 11.25)",1.25,"[6.0, 0.89, 47.6, 34.11]","[18.5625, 11.25]"
MORI_motion_P4,U100,MEZZANINE,F.Cu,B.Cu,False,/S288_OE_N,False,35919dc9-3ffc-4178-8f08-da1bd4b5d083,"(19.8, 11.25)","(21.4, 12.8)",2.228,"[6.0, 0.89, 47.6, 34.11]","[19.80888888888889, 11.258611111111112]"
MORI_motion_P4,U100,MEZZANINE,F.Cu,B.Cu,False,/S288_OE_N,False,cef42119-5a03-4afd-95f7-f0982dbd41f0,"(26.45, 10.75)","(25.2, 11.0)",1.275,"[6.0, 0.89, 47.6, 34.11]","[26.437745098039215, 10.752450980392156]"
MORI_motion_P4,U100,MEZZANINE,F.Cu,B.Cu,False,/S288_TX_BUF,False,04463a7f-e015-44ce-bca2-d645ea12aabc,"(34.0, 9.75)","(34.0, 8.5)",1.25,"[6.0, 0.89, 47.6, 34.11]","[34.0, 9.7375]"
MORI_motion_P4,U100,MEZZANINE,F.Cu,B.Cu,False,/S288_TX_BUF,False,4dc764bb-d6de-491a-96cf-13ad5534d3e7,"(29.55, 9.75)","(34.0, 9.75)",4.45,"[6.0, 0.89, 47.6, 34.11]","[29.5625, 9.75]"
MORI_motion_P4,U100,MEZZANINE,F.Cu,B.Cu,False,/S288_TX_BUF,False,875244b4-3e23-40d8-b758-84c8ab3c7fad,"(34.0, 8.5)","(32.825, 8.5)",1.175,"[6.0, 0.89, 47.6, 34.11]","[33.9875, 8.5]"
MORI_motion_P4,U100,MEZZANINE,F.Cu,B.Cu,False,/CAM_RX_BUF,False,b57b81dd-5890-4730-b5e9-476f74c316d6,"(39.3, 14.0)","(41.175, 14.0)",1.875,"[6.0, 0.89, 47.6, 34.11]","[39.3125, 14.0]"
MORI_motion_P4,U100,MEZZANINE,F.Cu,B.Cu,False,/CAM_RX_BUF,False,ba04ac69-e4bc-4dc3-b82a-956f2ed6b41e,"(38.55, 12.25)","(39.3, 12.25)",0.75,"[6.0, 0.89, 47.6, 34.11]","[38.5625, 12.25]"
MORI_motion_P4,U100,MEZZANINE,F.Cu,B.Cu,False,/CAM_RX_BUF,False,e3c4ac91-f16e-48b5-ab58-3a0f7f2f46cf,"(39.3, 12.25)","(39.3, 14.0)",1.75,"[6.0, 0.89, 47.6, 34.11]","[39.3, 12.2625]"
MORI_motion_P4,U100,MEZZANINE,F.Cu,F.Cu,True,/ARM_Q_N,False,a899a034-7630-40fd-90f1-3be3732d58eb,"(8.0, 11.15)","(19.8, 11.25)",11.8,"[6.0, 0.89, 47.6, 34.11]","[8.012473572938688, 11.150105708245244]"
MORI_motion_P4,U100,MEZZANINE,F.Cu,F.Cu,True,/ARM_Q_N,False,f5c21bf1-814f-4673-a14b-556613c3e739,"(20.3, 10.75)","(19.8, 11.25)",0.707,"[6.0, 0.89, 47.6, 34.11]","[20.29137931034483, 10.758620689655173]"
MORI_motion_P4,U100,MEZZANINE,F.Cu,B.Cu,False,/ARM_Q_N,False,36ff5cf0-c55d-4277-aa5f-a7360cfdfa80,"(18.55, 10.75)","(20.3, 10.75)",1.75,"[6.0, 0.89, 47.6, 34.11]","[18.5625, 10.75]"
MORI_motion_P4,U100,MEZZANINE,F.Cu,B.Cu,False,/ARM_Q_N,False,54901de7-2bb6-4699-9035-debb4a5e563f,"(8.6, 11.75)","(8.0, 11.15)",0.849,"[6.0, 0.89, 47.6, 34.11]","[8.591176470588234, 11.741176470588234]"
MORI_motion_P4,U100,MEZZANINE,F.Cu,B.Cu,False,/ARM_Q_N,False,5c16657e-ba2a-49cf-8a54-742ee03554a9,"(13.7, 11.25)","(15.45, 11.25)",1.75,"[6.0, 0.89, 47.6, 34.11]","[13.712499999999999, 11.25]"
MORI_motion_P4,U100,MEZZANINE,F.Cu,B.Cu,False,/ARM_Q_N,False,6c92abe5-950f-4236-b80b-693785ec5781,"(8.6, 11.75)","(9.45, 11.75)",0.85,"[6.0, 0.89, 47.6, 34.11]","[8.612499999999999, 11.75]"
MORI_motion_P4,U100,MEZZANINE,F.Cu,F.Cu,True,/HEAD_OE_N,False,02fb6c86-025e-432a-8946-31552aef757a,"(14.9, 26.45)","(14.4, 26.45)",0.5,"[6.0, 0.89, 47.6, 34.11]","[14.887500000000001, 26.45]"
MORI_motion_P4,U100,MEZZANINE,F.Cu,F.Cu,True,/HEAD_OE_N,False,04a1bd54-ab63-4e68-8873-08d572137f90,"(12.1, 8.3)","(12.1, 9.6)",1.3,"[6.0, 0.89, 47.6, 34.11]","[12.1, 8.3125]"
MORI_motion_P4,U100,MEZZANINE,F.Cu,F.Cu,True,/HEAD_OE_N,False,4a7c15bb-a3a4-42ee-b75e-0b07b007b765,"(12.4, 20.9)","(12.4, 20.15)",0.75,"[6.0, 0.89, 47.6, 34.11]","[12.4, 20.8875]"
MORI_motion_P4,U100,MEZZANINE,F.Cu,F.Cu,True,/HEAD_OE_N,False,6dd8afb2-4598-4153-b96b-732e6a82e769,"(13.9, 10.45)","(14.1, 10.25)",0.283,"[6.0, 0.89, 47.6, 34.11]","[13.908333333333333, 10.441666666666666]"
MORI_motion_P4,U100,MEZZANINE,F.Cu,F.Cu,True,/HEAD_OE_N,False,80fac903-9c66-42ff-98b1-41762257d5a0,"(12.4, 24.45)","(12.4, 23.45)",1.0,"[6.0, 0.89, 47.6, 34.11]","[12.4, 24.4375]"
MORI_motion_P4,U100,MEZZANINE,F.Cu,F.Cu,True,/HEAD_OE_N,False,818e7e50-9ea7-4f74-a355-53a88205e309,"(14.4, 26.45)","(12.4, 24.45)",2.828,"[6.0, 0.89, 47.6, 34.11]","[14.391228070175439, 26.441228070175438]"
MORI_motion_P4,U100,MEZZANINE,F.Cu,F.Cu,True,/HEAD_OE_N,False,8ca36623-aaae-4bc6-85fd-d781a8abeb4e,"(12.95, 10.45)","(13.9, 10.45)",0.95,"[6.0, 0.89, 47.6, 34.11]","[12.962179487179487, 10.45]"
MORI_motion_P4,U100,MEZZANINE,F.Cu,F.Cu,True,/HEAD_OE_N,False,a00c5a7c-3464-4a25-a7a7-36b9eb4022fe,"(22.45, 26.35)","(15.0, 26.35)",7.45,"[6.0, 0.89, 47.6, 34.11]","[22.4375, 26.35]"
MORI_motion_P4,U100,MEZZANINE,F.Cu,F.Cu,True,/HEAD_OE_N,False,c0d9a4e8-d655-42c0-a7c8-cadd1f01544d,"(4.95, 11.8)","(8.65, 8.1)",3.748,"[6.0, 0.89, 47.6, 34.11]","[6.0088333333333335, 10.741166666666668]"
MORI_motion_P4,U100,MEZZANINE,F.Cu,F.Cu,True,/HEAD_OE_N,False,c1dc1eb3-1234-4495-962c-b202ffc2e91a,"(12.4, 20.15)","(4.95, 12.7)",9.051,"[6.0, 0.89, 47.6, 34.11]","[12.391184573002755, 20.141184573002754]"
MORI_motion_P4,U100,MEZZANINE,F.Cu,F.Cu,True,/HEAD_OE_N,False,c777f451-6a1a-47d0-863c-bf8e3922ed1e,"(11.9, 8.1)","(12.1, 8.3)",0.283,"[6.0, 0.89, 47.6, 34.11]","[11.908333333333333, 8.108333333333333]"
MORI_motion_P4,U100,MEZZANINE,F.Cu,F.Cu,True,/HEAD_OE_N,False,e4934e89-7960-4a8f-8101-032187868abb,"(12.1, 9.6)","(12.95, 10.45)",1.202,"[6.0, 0.89, 47.6, 34.11]","[12.108673469387755, 9.608673469387755]"
MORI_motion_P4,U100,MEZZANINE,F.Cu,F.Cu,True,/HEAD_OE_N,False,ef5d03bf-af62-49dc-a5ac-5536c4ba4c11,"(23.5, 27.4)","(22.45, 26.35)",1.485,"[6.0, 0.89, 47.6, 34.11]","[23.49125, 27.39125]"
MORI_motion_P4,U100,MEZZANINE,F.Cu,B.Cu,False,/HEAD_OE_N,False,07af2eed-8a0d-47c4-9832-24c148b20ab3,"(22.25, 26.15)","(23.5, 27.4)",1.768,"[6.0, 0.89, 47.6, 34.11]","[22.258802816901408, 26.158802816901407]"
MORI_motion_P4,U100,MEZZANINE,F.Cu,B.Cu,False,/HEAD_OE_N,False,76e1626a-4e78-48af-9386-eaa052cab775,"(12.4, 23.45)","(12.4, 20.9)",2.55,"[6.0, 0.89, 47.6, 34.11]","[12.4, 23.4376213592233]"
MORI_motion_P4,U100,MEZZANINE,F.Cu,B.Cu,False,/HEAD_OE_N,False,c6aee6dc-324e-400d-9dec-6f7e6be46eae,"(14.6, 10.75)","(14.1, 10.25)",0.707,"[6.0, 0.89, 47.6, 34.11]","[14.591379310344827, 10.741379310344827]"
MORI_motion_P4,U100,MEZZANINE,F.Cu,B.Cu,False,/HEAD_OE_N,False,e2b29e5c-0686-4f53-8afd-59320ac67c30,"(15.45, 10.75)","(14.6, 10.75)",0.85,"[6.0, 0.89, 47.6, 34.11]","[15.4375, 10.75]"
MORI_motion_P4,U100,MEZZANINE,F.Cu,B.Cu,False,/HEAD_OE_N,False,fbc02ff4-cd03-4b0d-b492-5649cc970fcf,"(8.65, 8.1)","(11.9, 8.1)",3.25,"[6.0, 0.89, 47.6, 34.11]","[8.6625, 8.1]"
MORI_motion_P4,U100,MEZZANINE,F.Cu,B.Cu,False,/HEAD_TX_BUF,False,68c2ea78-1a2e-4c25-b19c-e526497566ea,"(21.25, 22.95)","(21.25, 20.575)",2.375,"[6.0, 0.89, 47.6, 34.11]","[21.25, 22.9375]"
MORI_motion_P4,J8,CONNECTOR,F.Cu,B.Cu,False,/HEAD_BUS,False,3a84d3a5-5147-49a7-8115-d82afc2b335d,"(59.1, 29.0)","(55.7, 29.0)",3.4,"[55.64, 27.89, 61.95, 32.800000000000004]","[59.0875, 29.0]"
MORI_motion_P4,J8,CONNECTOR,F.Cu,B.Cu,False,/HEAD_BUS,False,77924a0b-a161-4141-b41c-6221b43aec83,"(63.1, 25.0)","(59.1, 29.0)",1.57,"[55.64, 27.89, 61.95, 32.800000000000004]","[60.201190476190476, 27.898809523809526]"
MORI_motion_P4,J8,CONNECTOR,F.Cu,B.Cu,False,/HEAD_BUS,False,eb9e3e15-0bb2-4000-a0df-06ab1a35ccbe,"(55.7, 29.0)","(54.4, 27.7)",0.085,"[55.64, 27.89, 61.95, 32.800000000000004]","[55.6925, 28.9925]"
MORI_motion_P4,J8,CONNECTOR,F.Cu,B.Cu,False,/CHG_N,False,211c63f0-99e5-422f-ba35-18d7a4f77a4a,"(60.3, 31.4)","(58.8, 31.4)",1.5,"[55.64, 27.89, 61.95, 32.800000000000004]","[60.287499999999994, 31.4]"
MORI_motion_P4,J8,CONNECTOR,F.Cu,B.Cu,False,/CHG_N,False,eec3795a-718b-41e5-9778-fe8c0afd6f0a,"(58.8, 31.4)","(58.7, 31.5)",0.141,"[55.64, 27.89, 61.95, 32.800000000000004]","[58.791666666666664, 31.40833333333333]"
MORI_motion_P4,J8,CONNECTOR,F.Cu,B.Cu,False,/CHG_N,False,f45933af-3e0f-483b-b42f-483671d7c737,"(66.0, 25.7)","(60.3, 31.4)",2.333,"[55.64, 27.89, 61.95, 32.800000000000004]","[61.941223404255325, 29.758776595744674]"
MORI_motion_P4,J8,CONNECTOR,F.Cu,B.Cu,False,/CHG_N,False,fba40578-35da-452f-bb41-ef49e5b2c21c,"(58.7, 31.5)","(47.2, 31.5)",3.06,"[55.64, 27.89, 61.95, 32.800000000000004]","[58.687560975609756, 31.5]"
MORI_motion_P4,J8,CONNECTOR,F.Cu,B.Cu,False,/CLR_N,True,0b8eb2e2-be5a-457e-9b79-d448e727b251,"(58.7, 31.0)","(49.8, 31.0)",3.06,"[55.64, 27.89, 61.95, 32.800000000000004]","[58.687560975609756, 31.0]"
MORI_motion_P4,J8,CONNECTOR,F.Cu,B.Cu,False,/CLR_N,True,682eee83-07ce-43e3-8d7f-9e9cdd56f2d3,"(59.7, 30.0)","(58.7, 31.0)",0.992,"[55.64, 27.89, 61.95, 32.800000000000004]","[59.39298245614035, 30.30701754385965]"
MORI_motion_P4,J8,CONNECTOR,F.Cu,F.Cu,True,/LOOP_3V3,True,2fff5a69-ba1f-476f-802d-7f20196c2cef,"(56.1, 30.0)","(54.6, 31.5)",0.651,"[55.64, 27.89, 61.95, 32.800000000000004]","[56.09148148148148, 30.008518518518517]"
MORI_motion_P4,J8,CONNECTOR,F.Cu,F.Cu,True,/LOOP_3V3,True,4fe85f74-eafc-438c-8ca5-473e17620258,"(58.0, 30.0)","(56.1, 30.0)",1.225,"[55.64, 27.89, 61.95, 32.800000000000004]","[57.3125, 30.0]"
MORI_motion_P4,J7,CONNECTOR,F.Cu,B.Cu,False,/USER_KEY_N,False,37767dc0-e28c-40a7-b371-6ba3be2e3654,"(61.1, 19.7)","(60.0, 18.6)",0.424,"[55.39, 7.05, 60.300000000000004, 25.36]","[60.29117647058824, 18.89117647058824]"
MORI_motion_P4,J7,CONNECTOR,F.Cu,B.Cu,False,/USER_KEY_N,False,3835c6f9-0acc-4e9c-98b3-43ba3bef9291,"(55.9, 20.0)","(53.0, 22.9)",0.721,"[55.39, 7.05, 60.300000000000004, 25.36]","[55.89120689655172, 20.008793103448276]"
MORI_motion_P4,J7,CONNECTOR,F.Cu,B.Cu,False,/USER_KEY_N,False,dc160a76-0d73-4c7e-9527-705a19c8251c,"(60.0, 18.6)","(58.6, 20.0)",1.98,"[55.39, 7.05, 60.300000000000004, 25.36]","[59.99125, 18.60875]"
MORI_motion_P4,J7,CONNECTOR,F.Cu,B.Cu,False,/USER_KEY_N,False,ed3af9c3-ccd0-48e7-8499-f2f7891f786d,"(58.6, 20.0)","(55.9, 20.0)",2.7,"[55.39, 7.05, 60.300000000000004, 25.36]","[58.58761467889909, 20.0]"
MORI_motion_P4,J7,CONNECTOR,F.Cu,F.Cu,True,/+3V3,True,1db34633-bb41-4c1c-8cd4-b50577665732,"(61.8, 25.3)","(57.8, 25.3)",2.5,"[55.39, 7.05, 60.300000000000004, 25.36]","[60.28762376237624, 25.3]"
MORI_motion_P4,J7,CONNECTOR,F.Cu,B.Cu,False,/+3V3,True,14411e0d-680f-4350-9623-c33c9aec69c2,"(58.0, 25.3)","(58.1, 23.1)",1.683,"[55.39, 7.05, 60.300000000000004, 25.36]","[58.00056179775281, 25.287640449438204]"
MORI_motion_P4,J7,CONNECTOR,F.Cu,B.Cu,False,/+3V3,True,69265a6e-0196-48c3-b0f9-6f279933c17a,"(57.8, 25.3)","(58.0, 25.3)",0.2,"[55.39, 7.05, 60.300000000000004, 25.36]","[57.81111111111111, 25.3]"
MORI_motion_P4,J7,CONNECTOR,F.Cu,B.Cu,False,/+3V3,True,c3639305-d132-4b58-b5da-1cb9e749b8a8,"(58.0, 25.3)","(58.1, 25.4)",0.085,"[55.39, 7.05, 60.300000000000004, 25.36]","[58.0075, 25.3075]"
MORI_motion_P4,J7,CONNECTOR,F.Cu,B.Cu,False,/CAM_RX,False,e18c0883-fb4e-4a2c-af51-16d4b6217e4e,"(61.7, 9.2)","(58.5, 6.0)",1.061,"[55.39, 7.05, 60.300000000000004, 25.36]","[60.29127906976745, 7.7912790697674446]"
MORI_motion_P4,J7,CONNECTOR,F.Cu,B.Cu,False,/CAM_TX,False,692d9c18-9d92-4bbb-a3b8-0369ba2063b0,"(50.15, 12.0)","(59.0, 12.0)",3.61,"[55.39, 7.05, 60.300000000000004, 25.36]","[55.40244827586207, 12.0]"
MORI_motion_P4,J7,CONNECTOR,F.Cu,B.Cu,False,/CAM_TX,False,ac365925-28a3-465c-804f-272a7c366578,"(59.0, 12.0)","(61.65, 14.65)",1.838,"[55.39, 7.05, 60.300000000000004, 25.36]","[59.008783783783784, 12.008783783783784]"
MORI_motion_P4,J7,CONNECTOR,F.Cu,B.Cu,False,/CAM_3V3,False,0363ad43-67ee-4812-b466-a9d09700dac9,"(51.7, 20.0)","(55.7, 16.0)",0.438,"[55.39, 7.05, 60.300000000000004, 25.36]","[55.39861111111111, 16.30138888888889]"
MORI_motion_P4,J7,CONNECTOR,F.Cu,B.Cu,False,/CAM_3V3,False,28fcedb0-9379-46af-a03c-25a71ae0f4d0,"(55.7, 16.0)","(57.9, 16.0)",2.2,"[55.39, 7.05, 60.300000000000004, 25.36]","[55.712500000000006, 16.0]"
MORI_motion_P4,J7,CONNECTOR,F.Cu,B.Cu,False,/CAM_3V3,False,327ee71f-1ee3-45fd-8585-ffaeebf78acd,"(57.9, 16.0)","(58.55, 16.65)",0.919,"[55.39, 7.05, 60.300000000000004, 25.36]","[57.90878378378378, 16.008783783783784]"
MORI_motion_P4,J7,CONNECTOR,F.Cu,B.Cu,False,/CAM_3V3,False,3a3ee801-5b84-4974-8ab4-2e48c6222f40,"(59.55, 17.85)","(60.75, 16.65)",1.061,"[55.39, 7.05, 60.300000000000004, 25.36]","[59.55872093023255, 17.84127906976744]"
MORI_motion_P4,J7,CONNECTOR,F.Cu,B.Cu,False,/CAM_3V3,False,438797c6-b55d-4b22-be8d-dcd18b0430da,"(59.05, 17.85)","(59.55, 17.85)",0.5,"[55.39, 7.05, 60.300000000000004, 25.36]","[59.0625, 17.85]"
MORI_motion_P4,J7,CONNECTOR,F.Cu,B.Cu,False,/CAM_3V3,False,ce366680-15d8-4614-888f-de3cc444d9a7,"(58.55, 16.65)","(58.55, 17.35)",0.7,"[55.39, 7.05, 60.300000000000004, 25.36]","[58.55, 16.66206896551724]"
MORI_motion_P4,J7,CONNECTOR,F.Cu,B.Cu,False,/CAM_3V3,False,f0ad9ac2-d16d-47aa-9bb1-9e9cd5a7f33c,"(58.55, 17.35)","(59.05, 17.85)",0.707,"[55.39, 7.05, 60.300000000000004, 25.36]","[58.55862068965517, 17.358620689655172]"
MORI_motion_P4,J7,CONNECTOR,F.Cu,F.Cu,True,/CHG_N,True,59bf468e-b561-4b48-b012-20285b157cf2,"(57.9, 12.0)","(60.5, 9.4)",3.394,"[55.39, 7.05, 60.300000000000004, 25.36]","[57.90882352941176, 11.991176470588234]"
MORI_motion_P4,J7,CONNECTOR,F.Cu,F.Cu,True,/CHG_N,True,7f10e8b8-a85a-42e5-b07d-e32ee64945df,"(56.0, 17.0)","(56.0, 13.1)",3.9,"[55.39, 7.05, 60.300000000000004, 25.36]","[56.0, 16.9875]"
MORI_motion_P4,J7,CONNECTOR,F.Cu,F.Cu,True,/CHG_N,True,b9b004b9-d51e-4c04-a3ea-d3470bb41e24,"(56.0, 13.1)","(57.1, 12.0)",1.556,"[55.39, 7.05, 60.300000000000004, 25.36]","[56.00873015873016, 13.09126984126984]"
MORI_motion_P4,J7,CONNECTOR,F.Cu,F.Cu,True,/CHG_N,True,c2a0f19f-c147-4162-8206-1dacaf6b3978,"(57.5, 17.0)","(56.0, 17.0)",0.825,"[55.39, 7.05, 60.300000000000004, 25.36]","[56.8125, 17.0]"
MORI_motion_P4,J7,CONNECTOR,F.Cu,F.Cu,True,/CHG_N,True,ed71c6a8-daf3-4483-9766-01e636f749e8,"(57.1, 12.0)","(57.9, 12.0)",0.8,"[55.39, 7.05, 60.300000000000004, 25.36]","[57.112500000000004, 12.0]"
MORI_motion_P4,J7,CONNECTOR,F.Cu,B.Cu,False,/FAULT_N,True,8a7fe191-6f94-4e4d-a3f7-245f350e1c1e,"(60.9, 7.8)","(57.1, 4.0)",0.212,"[55.39, 7.05, 60.300000000000004, 25.36]","[60.29166666666667, 7.191666666666672]"
MORI_motion_P4,J7,CONNECTOR,F.Cu,B.Cu,False,/FAULT_N,True,9500204d-dde3-4761-bff2-ecf0ce0f0ec4,"(59.0, 19.0)","(61.5, 16.5)",1.838,"[55.39, 7.05, 60.300000000000004, 25.36]","[59.008783783783784, 18.991216216216216]"
MORI_motion_P4,J7,CONNECTOR,F.Cu,B.Cu,False,/FAULT_N,True,a0f8a63a-9e75-4d22-8035-55771065d996,"(57.5, 19.0)","(59.0, 19.0)",0.825,"[55.39, 7.05, 60.300000000000004, 25.36]","[58.1875, 19.0]"
MORI_motion_P4,J7,CONNECTOR,F.Cu,F.Cu,True,/ARM_Q,True,9b752a62-daf4-41fd-b1e1-c0bdc36ecb82,"(57.5, 21.0)","(58.5, 21.0)",0.325,"[55.39, 7.05, 60.300000000000004, 25.36]","[58.1875, 21.0]"
MORI_motion_P4,J7,CONNECTOR,F.Cu,F.Cu,True,/ARM_Q,True,a9dcbd60-b853-43cf-8792-ceddc7a6258a,"(58.5, 21.0)","(62.55, 25.05)",2.546,"[55.39, 7.05, 60.300000000000004, 25.36]","[58.508823529411764, 21.008823529411764]"
MORI_motion_P4,J7,CONNECTOR,F.Cu,F.Cu,True,/BAT_ADC_IN,True,30c8765d-f9c5-4307-b638-921e2183d463,"(59.3, 17.1)","(58.4, 18.0)",1.273,"[55.39, 7.05, 60.300000000000004, 25.36]","[59.29117647058823, 17.108823529411765]"
MORI_motion_P4,J7,CONNECTOR,F.Cu,F.Cu,True,/BAT_ADC_IN,True,599bcecd-3804-4924-ba6e-b63e55a34901,"(57.5, 15.0)","(58.7, 13.8)",1.023,"[55.39, 7.05, 60.300000000000004, 25.36]","[57.98529411764706, 14.514705882352942]"
MORI_motion_P4,J7,CONNECTOR,F.Cu,F.Cu,True,/BAT_ADC_IN,True,90a102ff-b31c-4b58-9847-1069a1a52939,"(56.6, 18.0)","(54.6, 20.0)",1.711,"[55.39, 7.05, 60.300000000000004, 25.36]","[56.591231884057976, 18.00876811594203]"
MORI_motion_P4,J7,CONNECTOR,F.Cu,F.Cu,True,/BAT_ADC_IN,True,bb773f0f-7055-4c8f-bd1d-c0112d6cde21,"(58.4, 18.0)","(56.6, 18.0)",1.8,"[55.39, 7.05, 60.300000000000004, 25.36]","[58.387499999999996, 18.0]"
MORI_motion_P4,J7,CONNECTOR,F.Cu,B.Cu,False,/BAT_ADC_IN,True,2d0b7666-7054-4900-b71c-6364aa2ff22b,"(58.7, 13.8)","(58.7, 14.2)",0.4,"[55.39, 7.05, 60.300000000000004, 25.36]","[58.7, 13.8125]"
MORI_motion_P4,J7,CONNECTOR,F.Cu,B.Cu,False,/BAT_ADC_IN,True,a307d61e-1555-4f8f-ae1b-0411abdec596,"(59.2, 14.7)","(59.2, 17.0)",2.3,"[55.39, 7.05, 60.300000000000004, 25.36]","[59.2, 14.712365591397848]"
MORI_motion_P4,J7,CONNECTOR,F.Cu,B.Cu,False,/BAT_ADC_IN,True,cb36de0a-748d-477b-aadf-bf6af4193e94,"(58.7, 14.2)","(59.2, 14.7)",0.707,"[55.39, 7.05, 60.300000000000004, 25.36]","[58.70862068965518, 14.208620689655172]"
MORI_motion_P4,J7,CONNECTOR,F.Cu,B.Cu,False,/BAT_ADC_IN,True,f34a0634-2d18-4fad-9764-6748ed2e9ba9,"(59.2, 17.0)","(59.3, 17.1)",0.141,"[55.39, 7.05, 60.300000000000004, 25.36]","[59.208333333333336, 17.008333333333333]"
MORI_motion_P4,J7,CONNECTOR,F.Cu,F.Cu,True,/WHEEL_ADC_IN,True,5564dc8f-27b9-4b27-8e9c-9464549ab785,"(60.0, 14.1)","(60.0, 17.0)",2.9,"[55.39, 7.05, 60.300000000000004, 25.36]","[60.0, 14.112393162393163]"
MORI_motion_P4,J7,CONNECTOR,F.Cu,F.Cu,True,/WHEEL_ADC_IN,True,5d8f02c7-e2b0-439a-80bd-5e7c4cd3444e,"(60.1, 17.1)","(60.1, 19.8)",2.7,"[55.39, 7.05, 60.300000000000004, 25.36]","[60.1, 17.1125]"
MORI_motion_P4,J7,CONNECTOR,F.Cu,F.Cu,True,/WHEEL_ADC_IN,True,839cfb09-c1b0-4128-9fdf-bd5c9c668784,"(58.9, 13.0)","(60.0, 14.1)",1.556,"[55.39, 7.05, 60.300000000000004, 25.36]","[58.90873015873016, 13.00873015873016]"
MORI_motion_P4,J7,CONNECTOR,F.Cu,F.Cu,True,/WHEEL_ADC_IN,True,a36e17a4-78dc-4ca7-b7d7-f004f274deba,"(60.0, 17.0)","(60.1, 17.1)",0.141,"[55.39, 7.05, 60.300000000000004, 25.36]","[60.00833333333333, 17.008333333333333]"
MORI_motion_P4,J7,CONNECTOR,F.Cu,F.Cu,True,/WHEEL_ADC_IN,True,fe54af08-3497-4eb5-b420-748e442a96db,"(57.5, 13.0)","(58.9, 13.0)",0.725,"[55.39, 7.05, 60.300000000000004, 25.36]","[58.1875, 13.0]"
MORI_motion_P4,J7,CONNECTOR,F.Cu,B.Cu,False,/WHEEL_ADC_IN,True,09de6e8a-aeaf-4c03-9838-e4a7ea00a4a2,"(60.1, 19.8)","(57.9, 22.0)",3.111,"[55.39, 7.05, 60.300000000000004, 25.36]","[60.0912, 19.8088]"
MORI_motion_P4,J7,CONNECTOR,F.Cu,B.Cu,False,/WHEEL_ADC_IN,True,0b983dd3-77d1-4066-9118-b37ffd6b6470,"(57.9, 22.0)","(56.8, 22.0)",1.1,"[55.39, 7.05, 60.300000000000004, 25.36]","[57.88777777777778, 22.0]"
MORI_motion_P4,J7,CONNECTOR,F.Cu,B.Cu,False,/WHEEL_ADC_IN,True,0cd226d6-5185-4184-a621-3a464f89b6a3,"(56.8, 22.0)","(54.0, 24.8)",1.994,"[55.39, 7.05, 60.300000000000004, 25.36]","[56.7911875, 22.0088125]"
MORI_motion_P4,J7,CONNECTOR,F.Cu,F.Cu,True,/CURRENT_ADC_IN,True,00d4e764-f378-4a9f-80a5-928caf812eaa,"(53.8, 20.2)","(55.6, 22.0)",0.297,"[55.39, 7.05, 60.300000000000004, 25.36]","[55.39875, 21.79875]"
MORI_motion_P4,J7,CONNECTOR,F.Cu,F.Cu,True,/CURRENT_ADC_IN,True,4a4370dc-f9a5-4c2f-b422-64ae6f5f5290,"(58.5, 22.3)","(58.5, 23.7)",1.4,"[55.39, 7.05, 60.300000000000004, 25.36]","[58.5, 22.3125]"
MORI_motion_P4,J7,CONNECTOR,F.Cu,F.Cu,True,/CURRENT_ADC_IN,True,5122e92d-4753-46ec-b0c7-30a844c67caa,"(57.5, 24.6)","(57.0, 25.1)",0.707,"[55.39, 7.05, 60.300000000000004, 25.36]","[57.491379310344826, 24.608620689655172]"
MORI_motion_P4,J7,CONNECTOR,F.Cu,F.Cu,True,/CURRENT_ADC_IN,True,786de8f9-fc5d-4807-9208-b29eea353f20,"(57.0, 25.1)","(57.0, 25.4)",0.26,"[55.39, 7.05, 60.300000000000004, 25.36]","[57.0, 25.111818181818183]"
MORI_motion_P4,J7,CONNECTOR,F.Cu,F.Cu,True,/CURRENT_ADC_IN,True,a6d51a97-c5b7-4d6e-87f8-48e8e2a168a8,"(58.2, 22.0)","(58.5, 22.3)",0.424,"[55.39, 7.05, 60.300000000000004, 25.36]","[58.20882352941177, 22.008823529411764]"
MORI_motion_P4,J7,CONNECTOR,F.Cu,F.Cu,True,/CURRENT_ADC_IN,True,b175cf5d-233d-447e-972f-2be0f25f1966,"(58.5, 23.7)","(57.6, 24.6)",1.273,"[55.39, 7.05, 60.300000000000004, 25.36]","[58.491176470588236, 23.708823529411763]"
MORI_motion_P4,J7,CONNECTOR,F.Cu,F.Cu,True,/CURRENT_ADC_IN,True,b7637214-f4f8-450b-acd3-8fd6450397f3,"(57.4, 11.0)","(53.8, 14.6)",2.244,"[55.39, 7.05, 60.300000000000004, 25.36]","[56.96802631578947, 11.431973684210526]"
MORI_motion_P4,J7,CONNECTOR,F.Cu,F.Cu,True,/CURRENT_ADC_IN,True,c797a7e4-e6d0-4f07-a8e4-36a0a5fed879,"(57.6, 24.6)","(57.5, 24.6)",0.1,"[55.39, 7.05, 60.300000000000004, 25.36]","[57.59, 24.6]"
MORI_motion_P4,J7,CONNECTOR,F.Cu,F.Cu,True,/CURRENT_ADC_IN,True,c80634b2-e694-461b-8cb7-b7292efe9843,"(55.6, 22.0)","(58.2, 22.0)",2.6,"[55.39, 7.05, 60.300000000000004, 25.36]","[55.61238095238095, 22.0]"
MORI_motion_P4,R6,COMPONENT,B.Cu,F.Cu,False,/USER_KEY_N,False,0c2b6dbb-65f8-4b83-aa1b-32233238c226,"(42.9, 25.4)","(41.0, 25.4)",0.825,"[41.0875, 24.2, 41.9125, 25.8]","[41.90036764705882, 25.4]"
MORI_motion_P4,R6,COMPONENT,B.Cu,F.Cu,False,/WHEEL_ADC_IN,False,c31e643f-f310-4739-b73d-cdafe5098bed,"(43.4, 24.9)","(40.9, 24.9)",0.825,"[41.0875, 24.2, 41.9125, 25.8]","[41.90036764705882, 24.9]"
MORI_motion_P4,R11,COMPONENT,B.Cu,F.Cu,False,/NRST,False,da12f541-2102-41b5-abf8-2c391c92bda6,"(31.6, 26.1)","(29.5, 26.1)",0.825,"[29.587500000000002, 25.7, 30.412499999999998, 27.3]","[30.4, 26.1]"
MORI_motion_P4,R11,COMPONENT,B.Cu,F.Cu,False,/CURRENT_ADC_IN,False,0203f5fc-95bd-4921-8669-351906543884,"(28.4, 25.6)","(30.9, 28.1)",0.2,"[29.587500000000002, 25.7, 30.412499999999998, 27.3]","[29.596336206896552, 26.796336206896555]"
MORI_motion_P4,C5,COMPONENT,B.Cu,F.Cu,False,/S288_OE_REQ_N,False,01f02319-a929-40e3-8fa5-8cd4aebf4137,"(12.45, 6.5269)","(8.5767, 10.4002)",1.008,"[8.700000000000001, 9.100000000000001, 10.299999999999999, 9.899999999999999]","[9.868204347826087, 9.108695652173914]"
MORI_motion_P4,U1,COMPONENT,B.Cu,F.Cu,False,/GND,True,3fd50abe-a224-4958-97a9-6a71cca4117a,"(31.9, 9.35)","(25.9, 9.35)",2.25,"[26.85, 9.0, 29.15, 11.0]","[29.112499999999997, 9.35]"
MORI_motion_P4,U1,COMPONENT,B.Cu,F.Cu,False,/IMU_MISO,False,ef744d2e-f71a-48a2-81c4-eca40aaea4b6,"(24.95, 10.25)","(30.65, 10.25)",2.25,"[26.85, 9.0, 29.15, 11.0]","[26.887500000000003, 10.25]"
MORI_motion_P4,C7,COMPONENT,B.Cu,F.Cu,False,/IMU_MOSI,False,f74e796a-e937-43cf-beda-60a7d691d9f3,"(47.2, 13.7)","(35.8, 13.7)",0.665,"[36.699999999999996, 13.600000000000001, 38.300000000000004, 14.399999999999999]","[37.82, 13.7]"
MORI_motion_P4,D3,COMPONENT,B.Cu,F.Cu,False,/IMU_SCK,False,163e1d4d-08bb-42de-8cbf-f58f59f052cf,"(30.0, 19.5)","(26.6, 19.5)",1.8,"[27.1, 17.1, 28.9, 19.9]","[28.8875, 19.5]"
MORI_motion_P4,R9,COMPONENT,B.Cu,F.Cu,False,/IMU_MOSI,False,f74e796a-e937-43cf-beda-60a7d691d9f3,"(47.2, 13.7)","(35.8, 13.7)",0.862,"[41.199999999999996, 13.5875, 42.800000000000004, 14.4125]","[42.41846153846154, 13.7]"
MORI_motion_P4,U4,COMPONENT,B.Cu,F.Cu,False,/IMU_MISO,False,f7095e10-c54c-479e-905a-ca40eef5d25f,"(33.8, 12.7)","(36.2, 10.3)",0.189,"[35.849999999999994, 10.5, 38.150000000000006, 12.5]","[35.87499999999999, 10.625000000000007]"
MORI_motion_P4,U4,COMPONENT,B.Cu,F.Cu,False,/CAM_3V3,True,acaddd80-168b-411e-9273-c17dca9feed2,"(39.55, 12.2)","(35.2, 12.2)",2.251,"[35.849999999999994, 10.5, 38.150000000000006, 12.5]","[38.112903225806456, 12.2]"
MORI_motion_P4,U3,COMPONENT,B.Cu,F.Cu,False,/ARM_Q_N,True,a899a034-7630-40fd-90f1-3be3732d58eb,"(8.0, 11.15)","(19.8, 11.25)",2.251,"[15.850000000000001, 10.0, 18.15, 12.0]","[15.88709677419355, 11.216839803171132]"
MORI_motion_P4,R4,COMPONENT,B.Cu,F.Cu,False,/FAULT_N,False,00160300-4006-4e25-8f60-caba6d0d5802,"(18.1, 7.9)","(21.5, 7.9)",0.825,"[19.587500000000002, 7.2, 20.412499999999998, 8.799999999999999]","[19.6, 7.9]"
MORI_motion_P4,C1,COMPONENT,B.Cu,F.Cu,False,/IMU_MOSI,False,24280e74-62bd-4956-a52b-a12c446d1283,"(32.3, 14.1)","(31.5, 13.3)",0.849,"[30.95, 13.100000000000001, 32.550000000000004, 13.899999999999999]","[32.09117647058823, 13.891176470588235]"
MORI_motion_P4,C1,COMPONENT,B.Cu,F.Cu,False,/IMU_MOSI,False,5dd8df61-0819-46fc-ab8b-df5ea4a6e719,"(31.5, 13.3)","(27.6, 13.3)",0.072,"[30.95, 13.100000000000001, 32.550000000000004, 13.899999999999999]","[31.48804347826087, 13.3]"
MORI_motion_P4,R15,COMPONENT,B.Cu,F.Cu,False,/HEAD_OE_N,False,a00c5a7c-3464-4a25-a7a7-36b9eb4022fe,"(22.45, 26.35)","(15.0, 26.35)",0.9,"[15.700000000000001, 25.587500000000002, 17.3, 26.412499999999998]","[16.9375, 26.35]"
MORI_motion_P4,R14,COMPONENT,B.Cu,F.Cu,False,/IMU_MISO,False,4aa3f39e-bed7-4c13-a169-cd2de1e48179,"(11.65, 28.35)","(11.65, 23.2)",0.825,"[11.200000000000001, 24.087500000000002, 12.799999999999999, 24.912499999999998]","[11.65, 24.9]"
MORI_motion_P4,R14,COMPONENT,B.Cu,F.Cu,False,/HEAD_OE_N,False,80fac903-9c66-42ff-98b1-41762257d5a0,"(12.4, 24.45)","(12.4, 23.45)",0.362,"[11.200000000000001, 24.087500000000002, 12.799999999999999, 24.912499999999998]","[12.4, 24.437916666666666]"
MORI_motion_P4,U5,COMPONENT,B.Cu,F.Cu,False,/ARM_Q_N,True,a899a034-7630-40fd-90f1-3be3732d58eb,"(8.0, 11.15)","(19.8, 11.25)",2.251,"[9.850000000000001, 11.0, 12.149999999999999, 13.0]","[9.88709677419355, 11.165992345544014]"
MORI_motion_P4,R2,COMPONENT,B.Cu,F.Cu,False,/CHG_N,False,99f300d6-ba88-46b9-a4e9-da404741a621,"(20.4, 21.0)","(22.05, 19.35)",0.624,"[20.837500000000002, 18.95, 21.662499999999998, 20.55]","[21.229755434782607, 20.170244565217395]"
MORI_motion_P4,D1,COMPONENT,B.Cu,F.Cu,False,/BAT_ADC_IN,False,04c96cb2-b40a-43ad-9ef7-5c165cfe1166,"(41.2, 16.9)","(21.1, 16.9)",2.404,"[30.6, 15.600000000000001, 33.400000000000006, 17.4]","[33.18938053097346, 16.9]"
MORI_motion_P4,R19,COMPONENT,B.Cu,F.Cu,False,/IMU_CS,False,276d0e1f-6103-4e25-a97f-3651f369c845,"(39.6, 19.4)","(41.0, 20.8)",0.894,"[40.0875, 19.7, 40.9125, 21.3]","[40.28936170212766, 20.089361702127658]"
MORI_motion_P4,U6,COMPONENT,B.Cu,F.Cu,False,/CLR_N,True,8ee30eee-267c-427b-b9f5-5fe070ed8f62,"(2.85, 11.4)","(9.9, 18.45)",0.919,"[5.55, 16.35, 8.45, 17.65]","[7.808783783783786, 16.358783783783785]"
MORI_motion_P4,R5,COMPONENT,B.Cu,F.Cu,False,/ARM_CLK,True,23cf9910-b847-48b4-88e9-16465477b747,"(4.65, 11.1)","(6.6, 9.15)",0.371,"[4.0874999999999995, 10.200000000000001, 4.9125000000000005, 11.799999999999999]","[4.65875, 11.09125]"
MORI_motion_P4,R5,COMPONENT,B.Cu,F.Cu,False,/ARM_CLK,True,467b54ab-da02-4257-a5d8-a6f53a2fae09,"(3.6, 11.1)","(4.65, 11.1)",0.563,"[4.0874999999999995, 10.200000000000001, 4.9125000000000005, 11.799999999999999]","[4.099728260869565, 11.1]"
MORI_motion_P4,C2,COMPONENT,B.Cu,F.Cu,False,/WHEEL_ADC_IN,False,1fe042a7-96bd-42b8-ad6d-371df7b6cd52,"(28.4, 20.7)","(22.7, 20.7)",0.8,"[23.85, 20.2, 24.65, 21.8]","[24.6375, 20.7]"
MORI_motion_P4,U2,COMPONENT,B.Cu,F.Cu,False,/CURRENT_ADC_IN,False,c8e62941-373c-4e3b-a234-e9588db50eb3,"(20.0, 25.3)","(23.3, 25.3)",2.0,"[20.5, 23.35, 22.5, 25.65]","[20.5125, 25.3]"
MORI_motion_P4,C9,COMPONENT,B.Cu,F.Cu,False,/IMU_MISO,False,4aa3f39e-bed7-4c13-a169-cd2de1e48179,"(11.65, 28.35)","(11.65, 23.2)",0.665,"[11.100000000000001, 26.2, 11.899999999999999, 27.8]","[11.65, 27.32]"
