board,uuid,net,layer,start_mm,end_mm,width_mm,length_mm,width_rule,permitted_min_mm,preferred_mm,permitted_max_mm,status
MORI_power_P5R6,3cad09d7-cf30-4f20-84f2-a995a29d31c6,/C5_FB,F.Cu,"(28.6, 41.95)","(28.6, 45.9232)",0.2,3.9732,R09,0.1999996,0.1999996,2.00000108,PASS
MORI_power_P5R6,607158c5-50ab-4636-82d1-84fe341e3283,/C5_FB,F.Cu,"(27.6, 40.95)","(28.6, 41.95)",0.2,1.414214,R09,0.1999996,0.1999996,2.00000108,PASS
MORI_power_P5R6,c986c620-baf5-4705-a741-b536dddd7b71,/C5_FB,F.Cu,"(28.6, 42.55)","(29.175, 42.55)",0.2,0.575,R09,0.1999996,0.1999996,2.00000108,PASS
MORI_power_P5R6,cb1f8a44-f1f4-4f26-a26a-d9e2821b2fb9,/C5_FB,F.Cu,"(28.6, 44.1)","(29.175, 44.1)",0.2,0.575,R09,0.1999996,0.1999996,2.00000108,PASS
MORI_power_P5R6,e9489383-a10b-46af-a0f1-4bab919dcc45,/C5_FB,F.Cu,"(28.6, 45.9232)","(28.925, 45.9232)",0.2,0.325,R09,0.1999996,0.1999996,2.00000108,PASS
MORI_power_P5R6,028c53ec-d81a-4cbd-a751-80d764765f71,/GND,F.Cu,"(31.300001, 44.1)","(31.8, 43.600001)",0.2,0.707105,R08,0.1999996,0.499999,5.00000016,PASS
MORI_power_P5R6,02e28d4a-c5c9-4c06-8550-7edd085d8bf4,/GND,F.Cu,"(20.4, 27.6)","(20.4, 32.075)",0.6,4.475,R08,0.1999996,0.499999,5.00000016,PASS
MORI_power_P5R6,05a76626-9b6b-4d50-aa91-04397aaf7f81,/GND,F.Cu,"(21.999999, 25.225)","(23.2, 25.225)",0.6,1.200001,R08,0.1999996,0.499999,5.00000016,PASS
MORI_power_P5R6,184a9843-c2cf-49cb-a278-c96dea74483b,/GND,F.Cu,"(39.04, 44.5)","(40.5, 44.5)",0.2,1.46,R08,0.1999996,0.499999,5.00000016,PASS
MORI_power_P5R6,1b711d5d-188d-46e6-b5a3-0f16252b2602,/GND,F.Cu,"(20.4, 32.075)","(22.5, 32.075)",0.6,2.1,R08,0.1999996,0.499999,5.00000016,PASS
MORI_power_P5R6,25750b58-4677-4505-8a5e-68ce4df2eb74,/GND,F.Cu,"(26.5, 32.3)","(26.5, 32.075)",0.8,0.225,R08,0.1999996,0.499999,5.00000016,PASS
MORI_power_P5R6,291feaed-b31f-4727-8d60-0600a646c4bf,/GND,F.Cu,"(21.5, 25.724999)","(21.999999, 25.225)",0.6,0.707105,R08,0.1999996,0.499999,5.00000016,PASS
MORI_power_P5R6,2f310466-6983-4dc1-a638-07b8af0481bf,/GND,F.Cu,"(31.8, 29.5)","(31.8, 29.600001)",0.2,0.100001,R08,0.1999996,0.499999,5.00000016,PASS
MORI_power_P5R6,30aa790a-7f90-474b-a226-106d3dee3187,/GND,F.Cu,"(22.5, 32.799999)","(26.000001, 32.799999)",0.8,3.500001,R08,0.1999996,0.499999,5.00000016,PASS
MORI_power_P5R6,31320c7e-f0f2-4a35-948a-738ebf324fcb,/GND,F.Cu,"(57.0, 22.0)","(60.0, 22.0)",0.2,3.0,R08,0.1999996,0.499999,5.00000016,PASS
MORI_power_P5R6,34b2d367-62cc-4f93-9ce9-c8ff36e428a5,/GND,F.Cu,"(15.5, 50.0)","(18.45, 50.0)",0.2,2.95,R08,0.1999996,0.499999,5.00000016,PASS
MORI_power_P5R6,37ab7878-d6f6-4135-a306-ceca29ee3cc3,/GND,F.Cu,"(71.0, 13.225)","(71.0, 12.7)",0.2,0.525,R08,0.1999996,0.499999,5.00000016,PASS
MORI_power_P5R6,38f688e6-40ec-438c-84f2-87669497ce30,/GND,F.Cu,"(63.45, 19.8)","(63.45, 20.800001)",0.2,1.000001,R08,0.1999996,0.499999,5.00000016,PASS
MORI_power_P5R6,3b73f730-71e4-4a69-a1a8-c78f49bdf4bd,/GND,F.Cu,"(22.0, 6.0)","(18.9, 6.0)",0.2,3.1,R08,0.1999996,0.499999,5.00000016,PASS
MORI_power_P5R6,3e44e4ab-bdbd-4bb9-b9c3-776d8083637b,/GND,F.Cu,"(72.475, 31.72)","(72.475, 31.25)",0.2,0.47,R08,0.1999996,0.499999,5.00000016,PASS
MORI_power_P5R6,3e6ef5c8-b044-4525-8a6d-95686d470e91,/GND,F.Cu,"(20.4, 45.875)","(20.4, 44.575)",0.8,1.3,R08,0.1999996,0.499999,5.00000016,PASS
MORI_power_P5R6,3eb74532-c5cc-45b0-8bb4-29c7f5641834,/GND,F.Cu,"(22.45, 39.225)","(21.799999, 39.225)",0.6,0.650001,R08,0.1999996,0.499999,5.00000016,PASS
MORI_power_P5R6,4e33177e-541f-4d87-934f-2009fee43b15,/GND,F.Cu,"(24.65, 24.6)","(23.825, 24.6)",0.5,0.825,R08,0.1999996,0.499999,5.00000016,PASS
MORI_power_P5R6,4f9f3ae4-28fc-48c5-b747-926a136816ae,/GND,F.Cu,"(10.0, 29.475)","(10.0, 30.099999)",0.2,0.624999,R08,0.1999996,0.499999,5.00000016,PASS
MORI_power_P5R6,543019b3-b683-4b16-87c7-d45961f1279f,/GND,F.Cu,"(67.325, 38.5)","(67.825, 38.5)",0.2,0.5,R08,0.1999996,0.499999,5.00000016,PASS
MORI_power_P5R6,54c110d5-471c-4eb2-92e3-9f3725aac881,/GND,F.Cu,"(31.8, 29.600001)","(31.300001, 30.1)",0.2,0.707105,R08,0.1999996,0.499999,5.00000016,PASS
MORI_power_P5R6,559eb267-4f9d-490d-a6ab-459c7a009aeb,/GND,F.Cu,"(56.9682, 32.0)","(56.3626, 31.394399)",0.2,0.856448,R08,0.1999996,0.499999,5.00000016,PASS
MORI_power_P5R6,5a1212ed-b10d-4bbb-bd97-b686bf182cdc,/GND,F.Cu,"(15.4, 43.975)","(15.4, 43.674999)",0.2,0.300001,R08,0.1999996,0.499999,5.00000016,PASS
MORI_power_P5R6,5bd91db3-c0c7-491e-918c-c1b0a4ee3786,/GND,F.Cu,"(26.000001, 46.6)","(26.5, 46.100001)",0.8,0.707105,R08,0.1999996,0.499999,5.00000016,PASS
MORI_power_P5R6,62f076fb-8077-4fde-9865-fca939f666c5,/GND,F.Cu,"(63.45, 20.800001)","(62.950001, 21.3)",0.2,0.707105,R08,0.1999996,0.499999,5.00000016,PASS
MORI_power_P5R6,6878e74e-32ff-48de-8c77-415a04e180ea,/GND,F.Cu,"(20.4, 41.4)","(20.4, 41.6)",0.6,0.2,R08,0.1999996,0.499999,5.00000016,PASS
MORI_power_P5R6,69611017-dcf3-40a1-b5b2-925cd9b6d265,/GND,F.Cu,"(71.775, 38.5)","(72.3, 38.5)",0.2,0.525,R08,0.1999996,0.499999,5.00000016,PASS
MORI_power_P5R6,6b11ed92-7599-4ee1-926c-b6abfa584f8f,/GND,F.Cu,"(21.5, 26.5)","(21.5, 25.724999)",0.6,0.775001,R08,0.1999996,0.499999,5.00000016,PASS
MORI_power_P5R6,6ce50fc9-1487-48e8-b4da-50ca2be63bc8,/GND,F.Cu,"(10.0, 29.475)","(12.2, 29.475)",0.6,2.2,R08,0.1999996,0.499999,5.00000016,PASS
MORI_power_P5R6,71231580-078b-49aa-98a4-5505e38a02da,/GND,F.Cu,"(21.799999, 39.225)","(21.3, 39.724999)",0.6,0.707105,R08,0.1999996,0.499999,5.00000016,PASS
MORI_power_P5R6,73488a69-74f4-43bc-b20d-3d4a2b671a7c,/GND,F.Cu,"(45.175, 45.4914)","(43.9674, 45.4914)",0.2,1.2076,R08,0.1999996,0.499999,5.00000016,PASS
MORI_power_P5R6,74925385-5be6-4b51-8253-63e6e051eb30,/GND,F.Cu,"(24.35, 39.05)","(23.9, 38.6)",0.5,0.636396,R08,0.1999996,0.499999,5.00000016,PASS
MORI_power_P5R6,762fcccf-bf73-4883-9a23-3552f7c961c6,/GND,F.Cu,"(40.0, 50.0)","(36.9, 50.0)",0.2,3.1,R08,0.1999996,0.499999,5.00000016,PASS
MORI_power_P5R6,77921a1f-776f-43df-80f5-d6fdd75a6f2b,/GND,F.Cu,"(20.4, 32.075)","(20.4, 30.775)",0.8,1.3,R08,0.1999996,0.499999,5.00000016,PASS
MORI_power_P5R6,7c0af74f-5791-452c-a161-ae23c78680d8,/GND,F.Cu,"(69.775, 21.1)","(70.3, 21.1)",0.2,0.525,R08,0.1999996,0.499999,5.00000016,PASS
MORI_power_P5R6,7e6a36a7-bc91-4785-8d97-ec6c4943ecec,/GND,F.Cu,"(4.5, 29.0)","(4.5, 26.55)",0.2,2.45,R08,0.1999996,0.499999,5.00000016,PASS
MORI_power_P5R6,7ef9db14-8f9b-412b-92bd-9bcf6d50041d,/GND,F.Cu,"(75.0, 32.0)","(75.0, 29.55)",0.2,2.45,R08,0.1999996,0.499999,5.00000016,PASS
MORI_power_P5R6,82b51981-08cc-41af-bafc-1bab43ea933e,/GND,F.Cu,"(48.0, 6.0)","(44.9, 6.0)",0.2,3.1,R08,0.1999996,0.499999,5.00000016,PASS
MORI_power_P5R6,8325f3bc-a740-4077-81d4-006b1df60607,/GND,F.Cu,"(15.4, 43.674999)","(15.899999, 43.175)",0.2,0.707105,R08,0.1999996,0.499999,5.00000016,PASS
MORI_power_P5R6,89458930-920e-474a-bdcc-64ed26806fa6,/GND,F.Cu,"(75.0, 41.0)","(72.39, 41.0)",0.2,2.61,R08,0.1999996,0.499999,5.00000016,PASS
MORI_power_P5R6,8a9e8331-e148-4352-bd58-e90f478799ec,/GND,F.Cu,"(24.9, 37.7)","(24.9, 39.05)",0.2,1.35,R08,0.1999996,0.499999,5.00000016,PASS
MORI_power_P5R6,8bae7c37-34fb-4adf-873f-7f34b2ff9a0c,/GND,F.Cu,"(22.999999, 46.6)","(26.000001, 46.6)",0.8,3.000002,R08,0.1999996,0.499999,5.00000016,PASS
MORI_power_P5R6,8bff3285-070f-4409-a48a-ede13f1ae99b,/GND,F.Cu,"(75.0, 19.0)","(75.0, 21.95)",0.2,2.95,R08,0.1999996,0.499999,5.00000016,PASS
MORI_power_P5R6,8eda0e65-4804-4247-ba28-284b5ac7b93a,/GND,F.Cu,"(31.8, 43.600001)","(31.8, 43.5)",0.2,0.100001,R08,0.1999996,0.499999,5.00000016,PASS
MORI_power_P5R6,9303b584-239a-4258-842a-2edb4120fd5c,/GND,F.Cu,"(25.65, 23.7)","(25.65, 25.05)",0.2,1.35,R08,0.1999996,0.499999,5.00000016,PASS
MORI_power_P5R6,94b6fa3e-d5c6-4e3e-9f64-5f066f696eb0,/GND,F.Cu,"(21.5, 26.5)","(20.4, 27.6)",0.6,1.555635,R08,0.1999996,0.499999,5.00000016,PASS
MORI_power_P5R6,95684c41-7641-499f-bbd3-bb1743ed7b0a,/GND,F.Cu,"(62.525, 36.398199)","(59.334399, 36.398199)",0.2,3.190601,R08,0.1999996,0.499999,5.00000016,PASS
MORI_power_P5R6,95c58c6c-841c-4756-932c-fd7538e559b3,/GND,F.Cu,"(41.825, 22.0)","(42.325, 22.0)",0.2,0.5,R08,0.1999996,0.499999,5.00000016,PASS
MORI_power_P5R6,985c2910-1034-4c31-8db1-96f59824bbef,/GND,F.Cu,"(26.5, 46.100001)","(26.5, 45.875)",0.8,0.225001,R08,0.1999996,0.499999,5.00000016,PASS
MORI_power_P5R6,9a7ffaf4-d3fa-4dd3-ad9f-9f567c3c2c23,/GND,F.Cu,"(25.65, 25.05)","(25.1, 25.05)",0.5,0.55,R08,0.1999996,0.499999,5.00000016,PASS
MORI_power_P5R6,9b04de5a-69a6-448a-bb0a-0912194c4327,/GND,F.Cu,"(25.0, 50.0)","(21.9, 50.0)",0.2,3.1,R08,0.1999996,0.499999,5.00000016,PASS
MORI_power_P5R6,9ce2f8e7-4612-4cef-81d1-5bb4c926f9e3,/GND,F.Cu,"(23.825, 24.6)","(23.2, 25.225)",0.5,0.883883,R08,0.1999996,0.499999,5.00000016,PASS
MORI_power_P5R6,a3a1ae75-73fb-4fc3-9c21-a75e2e4d915a,/GND,F.Cu,"(10.0, 35.525)","(10.0, 34.9)",0.2,0.625,R08,0.1999996,0.499999,5.00000016,PASS
MORI_power_P5R6,a527cde1-4aec-4166-b2d6-54b566405794,/GND,F.Cu,"(42.95, 20.5218)","(43.561, 21.1328)",0.2,0.864084,R08,0.1999996,0.499999,5.00000016,PASS
MORI_power_P5R6,ab702703-9ea3-45c4-9955-85822ca57997,/GND,F.Cu,"(64.0, 42.5)","(61.05, 42.5)",0.2,2.95,R08,0.1999996,0.499999,5.00000016,PASS
MORI_power_P5R6,af043deb-c16d-4d28-8936-b02bbeeed0aa,/GND,F.Cu,"(38.0, 10.225)","(38.0, 9.7)",0.2,0.525,R08,0.1999996,0.499999,5.00000016,PASS
MORI_power_P5R6,af83ed02-805f-4a24-8ab9-2116a535fe57,/GND,F.Cu,"(24.9, 39.05)","(24.35, 39.05)",0.5,0.55,R08,0.1999996,0.499999,5.00000016,PASS
MORI_power_P5R6,b3949397-ce54-45b0-aa4e-5c2d4673e211,/GND,F.Cu,"(30.825, 44.1)","(31.300001, 44.1)",0.2,0.475001,R08,0.1999996,0.499999,5.00000016,PASS
MORI_power_P5R6,b526b491-fd33-482a-a35b-d08345abc971,/GND,F.Cu,"(38.5, 20.725)","(38.5, 20.2)",0.2,0.525,R08,0.1999996,0.499999,5.00000016,PASS
MORI_power_P5R6,bc013010-74e4-4068-a9d4-426a471438cc,/GND,F.Cu,"(58.0, 44.0)","(61.0, 44.0)",0.2,3.0,R08,0.1999996,0.499999,5.00000016,PASS
MORI_power_P5R6,bdba5f7f-2f31-4d6a-aa2f-d318f499a621,/GND,F.Cu,"(23.9, 38.6)","(23.075, 38.6)",0.5,0.825,R08,0.1999996,0.499999,5.00000016,PASS
MORI_power_P5R6,bf9d998e-4dcb-4262-ac80-6ff7187745a5,/GND,F.Cu,"(31.300001, 30.1)","(30.825, 30.1)",0.2,0.475001,R08,0.1999996,0.499999,5.00000016,PASS
MORI_power_P5R6,c4cc3532-e5a0-4606-a6c3-7b67a3199122,/GND,F.Cu,"(4.5, 44.0)","(4.5, 41.55)",0.2,2.45,R08,0.1999996,0.499999,5.00000016,PASS
MORI_power_P5R6,c6916d13-5eaa-4fd1-b575-fbb6b7fdea26,/GND,F.Cu,"(25.1, 25.05)","(24.65, 24.6)",0.5,0.636396,R08,0.1999996,0.499999,5.00000016,PASS
MORI_power_P5R6,c805b936-e4da-4d48-a88f-d3d14849c7e4,/GND,F.Cu,"(9.0, 6.0)","(5.899999, 6.0)",0.2,3.100001,R08,0.1999996,0.499999,5.00000016,PASS
MORI_power_P5R6,ca0b8f22-bd2b-499d-ab9c-8f7c9f231099,/GND,F.Cu,"(20.4, 41.6)","(20.4, 45.875)",0.6,4.275,R08,0.1999996,0.499999,5.00000016,PASS
MORI_power_P5R6,d1edeb1c-b192-4001-8ae8-7dcd0190ccea,/GND,F.Cu,"(20.4, 45.875)","(22.5, 45.875)",0.6,2.1,R08,0.1999996,0.499999,5.00000016,PASS
MORI_power_P5R6,d4d82a12-154a-4ed0-8329-e5b9a9997784,/GND,F.Cu,"(4.5, 15.0)","(4.5, 12.55)",0.2,2.45,R08,0.1999996,0.499999,5.00000016,PASS
MORI_power_P5R6,d74e23f2-8a94-4670-a497-c95ff7f75435,/GND,F.Cu,"(22.5, 45.875)","(22.5, 46.100001)",0.8,0.225001,R08,0.1999996,0.499999,5.00000016,PASS
MORI_power_P5R6,d875a49b-716b-4ad2-b41d-bae44f1a53b3,/GND,F.Cu,"(21.3, 39.724999)","(21.3, 40.5)",0.6,0.775001,R08,0.1999996,0.499999,5.00000016,PASS
MORI_power_P5R6,e6ab08ef-614b-40e1-92a4-4c8fd25fc9ca,/GND,F.Cu,"(22.5, 32.8)","(22.5, 32.075)",0.8,0.725,R08,0.1999996,0.499999,5.00000016,PASS
MORI_power_P5R6,eb68b01a-2fec-4cbd-a6f2-12fce4c4d3fe,/GND,F.Cu,"(10.0, 43.475)","(10.0, 44.1)",0.2,0.625,R08,0.1999996,0.499999,5.00000016,PASS
MORI_power_P5R6,edaddff9-7d35-4ae4-a81e-5ac780acbf15,/GND,F.Cu,"(21.3, 40.5)","(20.4, 41.4)",0.6,1.272792,R08,0.1999996,0.499999,5.00000016,PASS
MORI_power_P5R6,f1f57553-1a35-4c48-9cfc-b8f257ef0b8b,/GND,F.Cu,"(23.075, 38.6)","(22.45, 39.225)",0.5,0.883883,R08,0.1999996,0.499999,5.00000016,PASS
MORI_power_P5R6,f2d0cb18-dbf8-4fad-93bf-a2d3e56554c4,/GND,F.Cu,"(71.6, 32.595)","(72.475, 31.72)",0.2,1.237437,R08,0.1999996,0.499999,5.00000016,PASS
MORI_power_P5R6,f9b76105-d433-432b-8bc9-926adf75e3a7,/GND,F.Cu,"(22.5, 46.100001)","(22.999999, 46.6)",0.8,0.707105,R08,0.1999996,0.499999,5.00000016,PASS
MORI_power_P5R6,fc72999a-983e-4882-8fa4-a68815bdad26,/GND,F.Cu,"(53.675, 28.8)","(53.175, 28.8)",0.2,0.5,R08,0.1999996,0.499999,5.00000016,PASS
MORI_power_P5R6,fe9b1600-af24-49d4-8486-080628012020,/GND,F.Cu,"(10.0, 21.525)","(10.0, 20.9)",0.2,0.625,R08,0.1999996,0.499999,5.00000016,PASS
MORI_power_P5R6,ff04aecb-616c-4aaf-9dac-b251b5c804b3,/GND,F.Cu,"(26.000001, 32.799999)","(26.5, 32.3)",0.8,0.707105,R08,0.1999996,0.499999,5.00000016,PASS
MORI_power_P5R6,1e7fa7d3-674d-442e-bd8d-5cf9ec166faf,/GND,In1.Cu,"(26.800001, 37.7)","(24.9, 37.7)",0.2,1.900001,R08,0.1999996,0.499999,5.00000016,PASS
MORI_power_P5R6,3ae246d9-d85e-4ff7-adbe-b24c843ba747,/GND,In1.Cu,"(27.3, 41.8)","(27.3, 38.199999)",0.2,3.600001,R08,0.1999996,0.499999,5.00000016,PASS
MORI_power_P5R6,4fe31eff-aac4-4226-99bc-7830f3533291,/GND,In1.Cu,"(29.0, 29.000001)","(29.499999, 29.5)",0.2,0.707105,R08,0.1999996,0.499999,5.00000016,PASS
MORI_power_P5R6,51893476-9f38-4de5-9781-5d2d1c95fbce,/GND,In1.Cu,"(27.3, 38.199999)","(26.800001, 37.7)",0.2,0.707105,R08,0.1999996,0.499999,5.00000016,PASS
MORI_power_P5R6,6ef6bc4a-e3b0-4dc0-a529-30a9cbd0cfcc,/GND,In1.Cu,"(26.25, 24.3)","(28.500001, 24.3)",0.2,2.250001,R08,0.1999996,0.499999,5.00000016,PASS
MORI_power_P5R6,794119f7-6613-42f0-a5ca-fd6a23e8975d,/GND,In1.Cu,"(29.0, 43.5)","(27.3, 41.8)",0.2,2.404163,R08,0.1999996,0.499999,5.00000016,PASS
MORI_power_P5R6,ae032106-55af-4992-913a-aca7c5a9b1f1,/GND,In1.Cu,"(29.0, 24.799999)","(29.0, 29.000001)",0.2,4.200002,R08,0.1999996,0.499999,5.00000016,PASS
MORI_power_P5R6,cc077111-96f7-466c-9dbd-8914a6effb22,/GND,In1.Cu,"(29.499999, 29.5)","(31.8, 29.5)",0.2,2.300001,R08,0.1999996,0.499999,5.00000016,PASS
MORI_power_P5R6,cc40b542-244a-4e18-8741-b67aa0cc3489,/GND,In1.Cu,"(31.8, 43.5)","(29.0, 43.5)",0.2,2.8,R08,0.1999996,0.499999,5.00000016,PASS
MORI_power_P5R6,d531bd29-272f-4031-b7e4-5521e4d5f94d,/GND,In1.Cu,"(28.500001, 24.3)","(29.0, 24.799999)",0.2,0.707105,R08,0.1999996,0.499999,5.00000016,PASS
MORI_power_P5R6,f1d280fb-d60d-4451-a9a5-456d0824e887,/GND,In1.Cu,"(26.25, 24.3)","(25.65, 23.7)",0.2,0.848528,R08,0.1999996,0.499999,5.00000016,PASS
MORI_power_P5R6,2124bb85-5b45-41a6-ba29-de039720fe19,/BAT_MON,F.Cu,"(35.9625, 14.4311)","(35.7632, 14.6304)",1.0,0.281853,R08,0.1999996,0.499999,5.00000016,PASS
MORI_power_P5R6,30de37f8-65bb-43e3-a7e2-e74428fd1c41,/BAT_MON,F.Cu,"(35.1536, 20.7264)","(35.9664, 21.5392)",0.8,1.149473,R08,0.1999996,0.499999,5.00000016,PASS
MORI_power_P5R6,47649ba7-2058-404a-9fb7-d577bc16ff40,/BAT_MON,F.Cu,"(31.1912, 33.4264)","(30.48, 33.4264)",0.8,0.7112,R08,0.1999996,0.499999,5.00000016,PASS
MORI_power_P5R6,5ee63494-a2bf-4d6d-a668-24c0ea520c07,/BAT_MON,F.Cu,"(30.124399, 5.9944)","(30.6324, 6.5024)",2.0,0.718421,R08,0.1999996,0.499999,5.00000016,PASS
MORI_power_P5R6,6d3b7d0a-ec83-405b-a09f-f0b8a21a07be,/BAT_MON,F.Cu,"(38.0, 11.775)","(37.35, 12.425)",0.4,0.919239,R08,0.1999996,0.499999,5.00000016,PASS
MORI_power_P5R6,75227cc4-2596-4bca-ae91-effc6bb9984e,/BAT_MON,F.Cu,"(37.675, 23.0)","(38.675, 24.0)",0.2,1.414214,R08,0.1999996,0.499999,5.00000016,PASS
MORI_power_P5R6,8606a0a0-ef56-47cf-a6e7-48fea0e8df5d,/BAT_MON,F.Cu,"(27.0, 6.0)","(30.099999, 6.0)",2.0,3.099999,R08,0.1999996,0.499999,5.00000016,PASS
MORI_power_P5R6,891eb7c4-52d7-4f48-a1fd-94288c2f0583,/BAT_MON,F.Cu,"(38.0, 14.9)","(38.0, 15.675)",0.2,0.775,R08,0.1999996,0.499999,5.00000016,PASS
MORI_power_P5R6,8c67640a-eee1-4587-af18-29ac37e738dd,/BAT_MON,F.Cu,"(32.105599, 32.512)","(31.1912, 33.4264)",0.8,1.293156,R08,0.1999996,0.499999,5.00000016,PASS
MORI_power_P5R6,9541b80b-ca7b-4590-a7d0-31eddb58d372,/BAT_MON,F.Cu,"(36.455, 23.0)","(37.55, 23.0)",0.8,1.095,R08,0.1999996,0.499999,5.00000016,PASS
MORI_power_P5R6,a1534866-92b3-4bc7-84bc-ccc4ad99075c,/BAT_MON,F.Cu,"(30.5, 34.545)","(30.5, 33.449999)",0.8,1.095001,R08,0.1999996,0.499999,5.00000016,PASS
MORI_power_P5R6,b95a3eb0-6fce-4ac6-85f9-4231eb6698da,/BAT_MON,F.Cu,"(32.003999, 20.7264)","(35.1536, 20.7264)",0.8,3.149601,R08,0.1999996,0.499999,5.00000016,PASS
MORI_power_P5R6,cbedc7b7-c39a-4125-9287-d0b053e733bf,/BAT_MON,F.Cu,"(37.35, 12.425)","(36.3, 12.425)",0.4,1.05,R08,0.1999996,0.499999,5.00000016,PASS
MORI_power_P5R6,dac19e6b-de0c-4fee-88e6-028d5635fece,/BAT_MON,F.Cu,"(35.9625, 12.0)","(35.9625, 14.4311)",1.0,2.4311,R08,0.1999996,0.499999,5.00000016,PASS
MORI_power_P5R6,f1281c0c-8f35-4f44-9c32-cf882592c2c4,/BAT_MON,F.Cu,"(36.45, 13.35)","(38.0, 14.9)",0.2,2.192031,R08,0.1999996,0.499999,5.00000016,PASS
MORI_power_P5R6,058b4dc8-af61-405f-bc27-09164c0b6a2d,/BAT_MON,B.Cu,"(30.6324, 6.5024)","(31.394399, 8.229601)",2.0,1.88782,R08,0.1999996,0.499999,5.00000016,PASS
MORI_power_P5R6,0a3430aa-a7f9-4f46-b36e-911ded05dacc,/BAT_MON,B.Cu,"(55.6448, 2.0)","(56.642, 2.9972)",2.0,1.410254,R08,0.1999996,0.499999,5.00000016,PASS
MORI_power_P5R6,0e3a2592-cd29-43c9-bc54-f32b3c9c6c65,/BAT_MON,B.Cu,"(31.394399, 2.946399)","(32.3408, 2.0)",2.0,1.338412,R08,0.1999996,0.499999,5.00000016,PASS
MORI_power_P5R6,11048970-a34d-4365-b42c-3084f146671f,/BAT_MON,B.Cu,"(40.132, 38.9636)","(36.8808, 42.2148)",2.0,4.597891,R08,0.1999996,0.499999,5.00000016,PASS
MORI_power_P5R6,17d35ac1-0cd6-4209-95c9-fc56a047985a,/BAT_MON,B.Cu,"(30.6324, 14.6304)","(30.6324, 15.0368)",2.0,0.4064,R08,0.1999996,0.499999,5.00000016,PASS
MORI_power_P5R6,1aa8881d-adbb-4717-8324-a5aea8a3d56a,/BAT_MON,B.Cu,"(39.5224, 30.429199)","(40.132, 31.0388)",2.0,0.862105,R08,0.1999996,0.499999,5.00000016,PASS
MORI_power_P5R6,1c6f6782-d17d-42f1-82bd-1b0d21ece8a2,/BAT_MON,B.Cu,"(31.851599, 15.697199)","(32.003999, 20.7264)",2.0,5.03151,R08,0.1999996,0.499999,5.00000016,PASS
MORI_power_P5R6,2022a4aa-edb3-49f0-a42f-872fa8d3413d,/BAT_MON,B.Cu,"(31.851599, 20.8788)","(31.496, 21.2344)",2.0,0.502894,R08,0.1999996,0.499999,5.00000016,PASS
MORI_power_P5R6,220454fd-491d-4567-94ed-4395cc484bf2,/BAT_MON,B.Cu,"(33.6296, 43.383199)","(33.6296, 48.9204)",2.0,5.537201,R08,0.1999996,0.499999,5.00000016,PASS
MORI_power_P5R6,3000fd07-8c15-4f05-844d-a3d1b1a2b6cc,/BAT_MON,B.Cu,"(40.132, 31.0388)","(40.132, 38.9636)",2.0,7.9248,R08,0.1999996,0.499999,5.00000016,PASS
MORI_power_P5R6,38ffed52-4ce4-4920-8b06-fa17e8515cb9,/BAT_MON,B.Cu,"(29.6164, 10.0076)","(31.394399, 8.229601)",2.0,2.51447,R08,0.1999996,0.499999,5.00000016,PASS
MORI_power_P5R6,4335593f-de1e-4325-8d08-7aa3b9e973f9,/BAT_MON,B.Cu,"(33.6296, 48.9204)","(32.562799, 49.9872)",2.0,1.508684,R08,0.1999996,0.499999,5.00000016,PASS
MORI_power_P5R6,47b7c1e8-c915-471f-bb54-1713498ada43,/BAT_MON,B.Cu,"(31.1912, 15.0368)","(31.851599, 15.697199)",2.0,0.933945,R08,0.1999996,0.499999,5.00000016,PASS
MORI_power_P5R6,64a86cc9-8e11-497f-be25-e941c9c3b43c,/BAT_MON,B.Cu,"(36.8808, 42.2148)","(34.798, 42.2148)",2.0,2.0828,R08,0.1999996,0.499999,5.00000016,PASS
MORI_power_P5R6,745be445-45e6-444d-82cd-b5d4dc131aa8,/BAT_MON,B.Cu,"(56.641999, 4.876799)","(55.5244, 5.9944)",2.0,1.580525,R08,0.1999996,0.499999,5.00000016,PASS
MORI_power_P5R6,764d1dc5-1e9e-4fd1-bfce-8af1fb7798e7,/BAT_MON,B.Cu,"(34.29, 28.7528)","(32.105599, 30.988)",0.8,3.125336,R08,0.1999996,0.499999,5.00000016,PASS
MORI_power_P5R6,8327b31e-1f9f-42c7-bd84-e34112de0ad2,/BAT_MON,B.Cu,"(34.29, 28.7528)","(35.9664, 30.429199)",2.0,2.370787,R08,0.1999996,0.499999,5.00000016,PASS
MORI_power_P5R6,833c8251-9a4a-40d5-bd5e-6f1f015f55b0,/BAT_MON,B.Cu,"(32.105599, 30.988)","(32.105599, 32.512)",0.8,1.524,R08,0.1999996,0.499999,5.00000016,PASS
MORI_power_P5R6,8fc0302e-9960-4509-821a-a19c164196b0,/BAT_MON,B.Cu,"(34.798, 42.2148)","(33.6296, 43.383199)",2.0,1.652366,R08,0.1999996,0.499999,5.00000016,PASS
MORI_power_P5R6,9ebd176c-69f5-4dcc-b5ec-defc3501d5fc,/BAT_MON,B.Cu,"(31.394399, 8.2296)","(31.394399, 2.946399)",2.0,5.283201,R08,0.1999996,0.499999,5.00000016,PASS
MORI_power_P5R6,a28e5d2c-ceb3-4072-b705-be55cb76b5ac,/BAT_MON,B.Cu,"(31.496, 21.2344)","(31.496, 25.8572)",2.0,4.6228,R08,0.1999996,0.499999,5.00000016,PASS
MORI_power_P5R6,c06795c2-24a1-4a8e-aec4-f1ab64168f25,/BAT_MON,B.Cu,"(35.9664, 30.429199)","(39.5224, 30.429199)",2.0,3.556,R08,0.1999996,0.499999,5.00000016,PASS
MORI_power_P5R6,ca878613-ffba-4c80-b3ec-2dee0a26278a,/BAT_MON,B.Cu,"(29.6164, 10.0076)","(29.6164, 14.0208)",2.0,4.0132,R08,0.1999996,0.499999,5.00000016,PASS
MORI_power_P5R6,cb45de66-30aa-4731-8583-753942c4046b,/BAT_MON,B.Cu,"(55.5244, 5.9944)","(52.9844, 5.9944)",2.0,2.54,R08,0.1999996,0.499999,5.00000016,PASS
MORI_power_P5R6,d0cadff5-d8f3-4d8e-80b3-763511ad17f0,/BAT_MON,B.Cu,"(32.562799, 49.9872)","(30.0228, 49.9872)",2.0,2.539999,R08,0.1999996,0.499999,5.00000016,PASS
MORI_power_P5R6,d11a85f4-d05f-4d04-9a8d-b407c8cb8b21,/BAT_MON,B.Cu,"(30.226, 14.6304)","(35.7632, 14.6304)",2.0,5.5372,R08,0.1999996,0.499999,5.00000016,PASS
MORI_power_P5R6,d94a9f0e-cee9-4c1e-b1b5-d017b8d2a5c0,/BAT_MON,B.Cu,"(34.29, 28.6512)","(34.29, 28.7528)",2.0,0.1016,R08,0.1999996,0.499999,5.00000016,PASS
MORI_power_P5R6,ec33fb72-71fa-4f11-b9b2-0c2678e0b14a,/BAT_MON,B.Cu,"(31.496, 25.8572)","(34.29, 28.6512)",2.0,3.951313,R08,0.1999996,0.499999,5.00000016,PASS
MORI_power_P5R6,f2222000-8e70-49c9-b6bb-7efd226cea31,/BAT_MON,B.Cu,"(32.3408, 2.0)","(55.6448, 2.0)",2.0,23.304,R08,0.1999996,0.499999,5.00000016,PASS
MORI_power_P5R6,f4637f6d-3489-4906-8869-6e845c1dd565,/BAT_MON,B.Cu,"(56.641999, 2.9972)","(56.641999, 4.876799)",2.0,1.879599,R08,0.1999996,0.499999,5.00000016,PASS
MORI_power_P5R6,06c22d8b-1070-4081-a1e9-968da04079bb,/BAT_ADC,F.Cu,"(39.8272, 20.9296)","(39.8272, 21.7424)",0.2,0.8128,R09,0.1999996,0.1999996,2.00000108,PASS
MORI_power_P5R6,53057c79-9efe-453f-a11c-01de55ac01fd,/BAT_ADC,F.Cu,"(41.000001, 24.0)","(41.5, 24.499999)",0.2,0.707105,R09,0.1999996,0.1999996,2.00000108,PASS
MORI_power_P5R6,76c2cf63-94a4-4cf1-878b-c183f9ad0a2e,/BAT_ADC,F.Cu,"(40.3352, 24.180799)","(39.4208, 25.0952)",0.2,1.293158,R09,0.1999996,0.1999996,2.00000108,PASS
MORI_power_P5R6,7c58ad6d-73f6-41d7-85d8-e92bc5c76fd1,/BAT_ADC,F.Cu,"(41.5, 34.500001)","(41.999999, 35.0)",0.2,0.707105,R09,0.1999996,0.1999996,2.00000108,PASS
MORI_power_P5R6,81f09194-937c-4ac5-a4de-9bbeeb304199,/BAT_ADC,F.Cu,"(41.5, 24.499999)","(41.5, 34.500001)",0.2,10.000002,R09,0.1999996,0.1999996,2.00000108,PASS
MORI_power_P5R6,8ed6ff60-cd00-4844-99b2-79edbe384273,/BAT_ADC,F.Cu,"(40.325, 24.0)","(41.000001, 24.0)",0.2,0.675001,R09,0.1999996,0.1999996,2.00000108,PASS
MORI_power_P5R6,dc6a3602-0ba1-4259-968b-225200dd06b0,/BAT_ADC,F.Cu,"(39.4208, 25.0952)","(38.9128, 25.0952)",0.2,0.508,R09,0.1999996,0.1999996,2.00000108,PASS
MORI_power_P5R6,e40e1b3b-7bc8-426a-a590-c3bf5ee2d9f4,/BAT_ADC,F.Cu,"(41.999999, 35.0)","(44.5, 35.0)",0.2,2.500001,R09,0.1999996,0.1999996,2.00000108,PASS
MORI_power_P5R6,2b7dc1c1-e550-496a-8b5e-b220f4b52d82,/BAT_ADC,B.Cu,"(39.8272, 21.6408)","(39.8272, 20.9296)",0.2,0.7112,R09,0.1999996,0.1999996,2.00000108,PASS
MORI_power_P5R6,9a9097e2-6f72-4f46-921c-4875610c0787,/BAT_ADC,B.Cu,"(38.9128, 22.5552)","(39.8272, 21.6408)",0.2,1.293157,R09,0.1999996,0.1999996,2.00000108,PASS
MORI_power_P5R6,fa04a501-1d6d-40db-af6b-4fb267e4b0d8,/BAT_ADC,B.Cu,"(38.9128, 25.0952)","(38.9128, 22.5552)",0.2,2.54,R09,0.1999996,0.1999996,2.00000108,PASS
MORI_power_P5R6,00905f4d-d98d-4b5d-acc2-d0584be82c77,/W9_IN,F.Cu,"(40.132, 9.5504)","(39.5224, 10.16)",1.5,0.862105,R08,0.1999996,0.499999,5.00000016,PASS
MORI_power_P5R6,39164fa9-5cce-477b-84a7-c167b1b6b7ae,/W9_IN,F.Cu,"(43.383199, 7.205598)","(43.383199, 8.9408)",1.5,1.735202,R08,0.1999996,0.499999,5.00000016,PASS
MORI_power_P5R6,3e30bec4-acdc-4dfa-ac07-b38491e0c897,/W9_IN,F.Cu,"(42.883199, 6.7056)","(43.383199, 7.205598)",1.5,0.707105,R08,0.1999996,0.499999,5.00000016,PASS
MORI_power_P5R6,4ba0e019-5889-4483-aa27-93d132d49220,/W9_IN,F.Cu,"(43.383199, 8.9408)","(42.773599, 9.5504)",1.5,0.862105,R08,0.1999996,0.499999,5.00000016,PASS
MORI_power_P5R6,88fe1434-918a-4f5f-8960-154a7a5cebbc,/W9_IN,F.Cu,"(39.5224, 10.16)","(39.5224, 12.5984)",1.5,2.4384,R08,0.1999996,0.499999,5.00000016,PASS
MORI_power_P5R6,992d84aa-fc7e-452c-9c12-d82f0b1b5b8e,/W9_IN,F.Cu,"(40.7416, 6.7056)","(42.883199, 6.7056)",1.5,2.141599,R08,0.1999996,0.499999,5.00000016,PASS
MORI_power_P5R6,eb95c55d-61fe-42fe-99d6-7ca8f13ccc97,/W9_IN,F.Cu,"(42.773599, 9.5504)","(40.132, 9.5504)",1.5,2.641599,R08,0.1999996,0.499999,5.00000016,PASS
MORI_power_P5R6,04197413-138e-47de-a19b-092918f10cee,/PACK_FUSED,F.Cu,"(10.058399, 11.4808)","(10.058399, 10.668)",0.2,0.8128,R09,0.1999996,0.1999996,2.00000108,PASS
MORI_power_P5R6,341af6d9-80d1-4522-a120-cf07e372860a,/PACK_FUSED,F.Cu,"(5.4864, 11.785599)","(6.2992, 12.5984)",0.2,1.149473,R09,0.1999996,0.1999996,2.00000108,PASS
MORI_power_P5R6,5489c8e3-b08c-4ce3-8155-20cebf9ab092,/PACK_FUSED,F.Cu,"(10.9, 11.365)","(10.4, 10.865)",0.2,0.707107,R09,0.1999996,0.1999996,2.00000108,PASS
MORI_power_P5R6,67818f67-1c0f-45a9-999d-e30ace41f044,/PACK_FUSED,F.Cu,"(11.5316, 11.4808)","(10.3124, 12.7)",2.0,1.724209,R09,0.1999996,0.1999996,2.00000108,PASS
MORI_power_P5R6,9b445aec-8cb5-4acd-a7c8-310b89a7dbee,/PACK_FUSED,F.Cu,"(6.2992, 12.5984)","(6.400799, 12.5984)",0.2,0.101599,R09,0.1999996,0.1999996,2.00000108,PASS
MORI_power_P5R6,ce6caf02-366c-43f9-8b7f-a178cbdf6700,/PACK_FUSED,F.Cu,"(8.9408, 12.5984)","(10.058399, 11.4808)",0.2,1.580524,R09,0.1999996,0.1999996,2.00000108,PASS
MORI_power_P5R6,fe975cbc-846b-4aae-901c-12e77b8e050c,/PACK_FUSED,F.Cu,"(11.5316, 10.1092)","(11.5316, 11.4808)",2.0,1.3716,R09,0.1999996,0.1999996,2.00000108,PASS
MORI_power_P5R6,1b9182a3-a8a0-4ba4-80f1-b9309e39c646,/PACK_FUSED,B.Cu,"(17.6276, 14.732)","(17.6276, 7.112)",2.0,7.62,R09,0.1999996,0.1999996,2.00000108,PASS
MORI_power_P5R6,1bd64534-fee8-4d36-b5f0-0878d2f23ad6,/PACK_FUSED,B.Cu,"(6.400799, 12.5984)","(8.9408, 12.5984)",0.2,2.540001,R09,0.1999996,0.1999996,2.00000108,PASS
MORI_power_P5R6,2ff54682-2277-417f-ad0e-5cb770e658be,/PACK_FUSED,B.Cu,"(11.5316, 14.8844)","(12.1412, 15.494)",2.0,0.862105,R09,0.1999996,0.1999996,2.00000108,PASS
MORI_power_P5R6,42791d97-f1f1-444c-a329-90e2b364cb3c,/PACK_FUSED,B.Cu,"(12.1412, 15.494)","(16.8656, 15.494)",2.0,4.7244,R09,0.1999996,0.1999996,2.00000108,PASS
MORI_power_P5R6,530c817d-1329-47b9-b030-a66b298f73fa,/PACK_FUSED,B.Cu,"(16.8656, 15.494)","(17.6276, 14.732)",2.0,1.077631,R09,0.1999996,0.1999996,2.00000108,PASS
MORI_power_P5R6,6db29938-5dbe-45c8-9ea9-7ab452f49b95,/PACK_FUSED,B.Cu,"(17.6276, 7.112)","(16.509999, 5.9944)",2.0,1.580526,R09,0.1999996,0.1999996,2.00000108,PASS
MORI_power_P5R6,8fd145df-c296-436f-816d-5a4d86f7de06,/PACK_FUSED,B.Cu,"(10.3124, 12.7)","(11.5316, 13.9192)",2.0,1.724209,R09,0.1999996,0.1999996,2.00000108,PASS
MORI_power_P5R6,d09d5875-ea1b-4e51-a3d5-12ac0b0b43c2,/PACK_FUSED,B.Cu,"(11.5316, 13.9192)","(11.5316, 14.8844)",2.0,0.9652,R09,0.1999996,0.1999996,2.00000108,PASS
MORI_power_P5R6,de8d741c-3600-4ddb-9ba2-166d3212d33e,/PACK_FUSED,B.Cu,"(16.509999, 5.9944)","(14.0208, 5.9944)",2.0,2.489199,R09,0.1999996,0.1999996,2.00000108,PASS
MORI_power_P5R6,21c3fe8c-de89-496c-9529-165aecf63186,/MASTER_GATE,F.Cu,"(10.0125, 15.1625)","(9.0, 16.175)",0.2,1.431891,R09,0.1999996,0.1999996,2.00000108,PASS
MORI_power_P5R6,425a0368-c7b2-48e1-970e-c4aed28973a2,/MASTER_GATE,F.Cu,"(6.6, 10.175)","(6.6, 11.75)",0.2,1.575,R09,0.1999996,0.1999996,2.00000108,PASS
MORI_power_P5R6,4dc0e2c6-568c-445b-979d-c97bd5f3dc85,/MASTER_GATE,F.Cu,"(10.671447, 15.821447)","(11.025001, 15.821447)",0.2,0.353554,R09,0.1999996,0.1999996,2.00000108,PASS
MORI_power_P5R6,82ab97ab-d234-4eae-abe9-7aaa63946127,/MASTER_GATE,F.Cu,"(11.525, 15.321447)","(11.525, 13.905)",0.2,1.416447,R09,0.1999996,0.1999996,2.00000108,PASS
MORI_power_P5R6,a69c1b21-f467-4a3c-aecf-3950ba71dc30,/MASTER_GATE,F.Cu,"(9.0, 16.675)","(9.0, 16.175)",0.2,0.5,R09,0.1999996,0.1999996,2.00000108,PASS
MORI_power_P5R6,b251a409-4fcd-44c3-b615-4cafed37b21f,/MASTER_GATE,F.Cu,"(11.025001, 15.821447)","(11.525, 15.321447)",0.2,0.707106,R09,0.1999996,0.1999996,2.00000108,PASS
MORI_power_P5R6,f1afa85b-6473-4fdf-b32b-7386da9d2634,/MASTER_GATE,F.Cu,"(6.6, 11.75)","(10.671447, 15.821447)",0.2,5.757896,R09,0.1999996,0.1999996,2.00000108,PASS
MORI_power_P5R6,fc805bc4-4bf0-4c02-b53c-3f0991b55382,/MASTER_GATE,F.Cu,"(5.5, 10.175)","(6.6, 10.175)",0.2,1.1,R09,0.1999996,0.1999996,2.00000108,PASS
MORI_power_P5R6,1247ed17-af54-4cf7-bc38-98715a4c7e69,/VBUS_CHARGE,F.Cu,"(8.9408, 45.8216)","(8.636, 45.5168)",0.2,0.431052,R08,0.1999996,0.499999,5.00000016,PASS
MORI_power_P5R6,7d5f0df6-5b83-40d1-b4ee-9d28c117c4b8,/VBUS_CHARGE,F.Cu,"(9.175, 45.5)","(8.675, 45.5)",0.2,0.5,R08,0.1999996,0.499999,5.00000016,PASS
MORI_power_P5R6,f29e53d9-a54b-4c22-87bc-5cd7dcbb2233,/VBUS_CHARGE,F.Cu,"(8.9408, 46.9392)","(8.9408, 45.8216)",0.2,1.1176,R08,0.1999996,0.499999,5.00000016,PASS
MORI_power_P5R6,49bfb083-2bfb-48e3-bb81-16cb57b4979e,/VBUS_CHARGE,B.Cu,"(7.416799, 48.4632)","(8.9408, 46.9392)",0.2,2.155262,R08,0.1999996,0.499999,5.00000016,PASS
MORI_power_P5R6,7f2e882c-5a5f-4c3b-80e2-8a2cb3c53a55,/VBUS_CHARGE,B.Cu,"(5.08, 48.4632)","(7.416799, 48.4632)",0.2,2.336799,R08,0.1999996,0.499999,5.00000016,PASS
MORI_power_P5R6,841081c2-1b52-44ea-9d68-5db96d5ce32c,/VBUS_CHARGE,B.Cu,"(4.9784, 48.361599)","(5.08, 48.4632)",0.2,0.143685,R08,0.1999996,0.499999,5.00000016,PASS
MORI_power_P5R6,a0825d9a-6a7f-4e67-ae34-283f4e00bdf1,/VBUS_CHARGE,B.Cu,"(4.9784, 46.532799)","(4.9784, 48.361599)",0.2,1.8288,R08,0.1999996,0.499999,5.00000016,PASS
MORI_power_P5R6,25ecfb8d-131f-4e66-84e8-65d6925b8abf,/CHG_BASE,F.Cu,"(14.122399, 46.0248)","(15.24, 46.0248)",0.2,1.117601,R09,0.1999996,0.1999996,2.00000108,PASS
MORI_power_P5R6,8b1ac5fd-3306-4284-9f6a-891b479220a6,/CHG_BASE,F.Cu,"(13.0048, 44.907199)","(14.122399, 46.0248)",0.2,1.580525,R09,0.1999996,0.1999996,2.00000108,PASS
MORI_power_P5R6,9bf98776-ca70-40a9-8678-0d6e00c96845,/CHG_BASE,F.Cu,"(12.5984, 44.907199)","(13.0048, 44.907199)",0.2,0.4064,R09,0.1999996,0.1999996,2.00000108,PASS
MORI_power_P5R6,bf1ab2e7-7ce6-4538-9c05-7d29d21fc8dc,/CHG_BASE,F.Cu,"(11.9875, 45.5)","(10.825, 45.5)",0.2,1.1625,R09,0.1999996,0.1999996,2.00000108,PASS
MORI_power_P5R6,cdd927f2-fc09-41cc-8dea-36b47111a436,/CHG_BASE,F.Cu,"(12.55, 44.9375)","(11.9875, 45.5)",0.2,0.795495,R09,0.1999996,0.1999996,2.00000108,PASS
MORI_power_P5R6,d4f5ca4e-3815-4d7f-a645-f4d8e73d9d62,/CHG_BASE,F.Cu,"(15.24, 46.0248)","(16.154399, 45.1104)",0.2,1.293156,R09,0.1999996,0.1999996,2.00000108,PASS
MORI_power_P5R6,472a8000-c04e-42d6-a90c-9fdd1abd215e,/CHG_N,F.Cu,"(15.748, 42.3672)","(16.662399, 42.3672)",0.2,0.914399,R09,0.1999996,0.1999996,2.00000108,PASS
MORI_power_P5R6,873fcabc-1895-4159-9d4a-e676048e2104,/CHG_N,F.Cu,"(12.7, 41.0464)","(11.9888, 40.3352)",0.2,1.005789,R09,0.1999996,0.1999996,2.00000108,PASS
MORI_power_P5R6,8cf184fa-9157-4c43-8cdd-4da5325af4af,/CHG_N,F.Cu,"(12.7, 42.2656)","(12.7, 41.0464)",0.2,1.2192,R09,0.1999996,0.1999996,2.00000108,PASS
MORI_power_P5R6,8e9935da-d6c7-4023-89b1-ace3a6af7fa8,/CHG_N,F.Cu,"(16.662399, 42.3672)","(19.6088, 45.3136)",0.2,4.16684,R09,0.1999996,0.1999996,2.00000108,PASS
MORI_power_P5R6,9e6b2bcc-17bf-4945-871a-54f610faeeb7,/CHG_N,F.Cu,"(13.512799, 43.078399)","(12.7, 42.2656)",0.2,1.149471,R09,0.1999996,0.1999996,2.00000108,PASS
MORI_power_P5R6,a23cf3ce-aeee-4245-bffa-4775e9f970c6,/CHG_N,F.Cu,"(13.512799, 43.078399)","(15.0368, 43.078399)",0.2,1.524001,R09,0.1999996,0.1999996,2.00000108,PASS
MORI_power_P5R6,b90b320c-b33d-4ca0-8da0-90ccf6edf381,/CHG_N,F.Cu,"(19.6088, 45.3136)","(19.6088, 49.9872)",0.2,4.6736,R09,0.1999996,0.1999996,2.00000108,PASS
MORI_power_P5R6,e838b5a4-b13b-4792-a545-99fe42e3b3fb,/CHG_N,F.Cu,"(15.0368, 43.078399)","(15.748, 42.3672)",0.2,1.005788,R09,0.1999996,0.1999996,2.00000108,PASS
MORI_power_P5R6,00c5a850-9146-411e-b9fd-216cfa024a6d,/CHG_N,B.Cu,"(45.0088, 46.228)","(45.0088, 44.8056)",0.2,1.4224,R09,0.1999996,0.1999996,2.00000108,PASS
MORI_power_P5R6,0825deef-34e0-4a81-83c1-d549d5593ebf,/CHG_N,B.Cu,"(22.352, 52.730399)","(47.6504, 52.730399)",0.2,25.2984,R09,0.1999996,0.1999996,2.00000108,PASS
MORI_power_P5R6,0f2a8817-64c9-4648-8df0-cf2eff998fe5,/CHG_N,B.Cu,"(3.546447, 33.946447)","(3.546447, 34.653552)",0.2,0.707105,R09,0.1999996,0.1999996,2.00000108,PASS
MORI_power_P5R6,20fc0420-e3f6-4f0a-a2a5-ea13def71cd1,/CHG_N,B.Cu,"(4.7752, 31.2928)","(4.4704, 30.988)",0.2,0.431052,R09,0.1999996,0.1999996,2.00000108,PASS
MORI_power_P5R6,275308b6-c6f3-4c2d-a389-36a4c8858cc2,/CHG_N,B.Cu,"(47.6504, 52.730399)","(48.8696, 51.511199)",0.2,1.724209,R09,0.1999996,0.1999996,2.00000108,PASS
MORI_power_P5R6,27c38291-fb5b-41c2-ab8c-cdb936318be6,/CHG_N,B.Cu,"(4.7752, 32.6136)","(4.7752, 31.2928)",0.2,1.3208,R09,0.1999996,0.1999996,2.00000108,PASS
MORI_power_P5R6,2bbbdeb6-b2ad-4ff8-8bb8-4091d5bc1295,/CHG_N,B.Cu,"(48.8696, 51.511199)","(48.8696, 49.8856)",0.2,1.625599,R09,0.1999996,0.1999996,2.00000108,PASS
MORI_power_P5R6,2c4e7f87-6032-4eb6-a9c0-701252ab3a0f,/CHG_N,B.Cu,"(10.4648, 38.8112)","(8.331199, 38.8112)",0.2,2.133601,R09,0.1999996,0.1999996,2.00000108,PASS
MORI_power_P5R6,2d5567db-8ace-48a2-8e5d-0712c59120e3,/CHG_N,B.Cu,"(48.056799, 47.6504)","(47.6504, 47.244)",0.2,0.574736,R09,0.1999996,0.1999996,2.00000108,PASS
MORI_power_P5R6,2fee0690-80a7-4454-9128-7ba3d751f947,/CHG_N,B.Cu,"(48.056799, 49.0728)","(48.056799, 47.6504)",0.2,1.4224,R09,0.1999996,0.1999996,2.00000108,PASS
MORI_power_P5R6,3f3ec8f7-71a0-461e-831e-97009e794d65,/CHG_N,B.Cu,"(47.398446, 41.708847)","(46.736, 41.0464)",0.2,0.936841,R09,0.1999996,0.1999996,2.00000108,PASS
MORI_power_P5R6,404843f6-06fd-4143-872b-5e4fa55c0d19,/CHG_N,B.Cu,"(45.9232, 32.8168)","(44.704, 32.8168)",0.2,1.2192,R09,0.1999996,0.1999996,2.00000108,PASS
MORI_power_P5R6,4719f48a-075c-4c8a-9e95-1d0ce98cbe37,/CHG_N,B.Cu,"(5.0, 38.0)","(2.953552, 35.953552)",0.2,2.894115,R09,0.1999996,0.1999996,2.00000108,PASS
MORI_power_P5R6,5e5856a5-04be-4a04-8370-511b4cc952ca,/CHG_N,B.Cu,"(46.736, 41.0464)","(46.736, 33.6296)",0.2,7.4168,R09,0.1999996,0.1999996,2.00000108,PASS
MORI_power_P5R6,702a0ec7-cbe1-4822-8fdc-9f616bc9cb7a,/CHG_N,B.Cu,"(48.8696, 49.8856)","(48.056799, 49.0728)",0.2,1.149473,R09,0.1999996,0.1999996,2.00000108,PASS
MORI_power_P5R6,7d6aa95e-801f-4654-ace0-abe79e93cf6c,/CHG_N,B.Cu,"(2.953552, 35.953552)","(2.953552, 35.246447)",0.2,0.707105,R09,0.1999996,0.1999996,2.00000108,PASS
MORI_power_P5R6,810a6d0f-9fe4-4972-81b4-20aa2106afff,/CHG_N,B.Cu,"(44.704, 32.8168)","(44.5008, 33.019999)",0.2,0.287367,R09,0.1999996,0.1999996,2.00000108,PASS
MORI_power_P5R6,8520c060-5a16-453e-94a4-b0c6cac7b540,/CHG_N,B.Cu,"(47.398446, 42.415952)","(47.398446, 41.708847)",0.2,0.707105,R09,0.1999996,0.1999996,2.00000108,PASS
MORI_power_P5R6,871f5059-05f2-44f5-8686-3ea1d359461e,/CHG_N,B.Cu,"(46.0248, 47.244)","(45.0088, 46.228)",0.2,1.436841,R09,0.1999996,0.1999996,2.00000108,PASS
MORI_power_P5R6,94419e5e-b722-4ba1-a689-0892317d67dd,/CHG_N,B.Cu,"(47.6504, 47.244)","(46.0248, 47.244)",0.2,1.6256,R09,0.1999996,0.1999996,2.00000108,PASS
MORI_power_P5R6,ac4ec75b-0f05-42cd-842b-240a1a79f64a,/CHG_N,B.Cu,"(7.5, 38.0)","(5.0, 38.0)",0.2,2.5,R09,0.1999996,0.1999996,2.00000108,PASS
MORI_power_P5R6,e05979d0-1e27-4fe3-aef5-f70b0e24bb3b,/CHG_N,B.Cu,"(11.9888, 40.3352)","(10.4648, 38.8112)",0.2,2.155261,R09,0.1999996,0.1999996,2.00000108,PASS
MORI_power_P5R6,e4967f87-822e-4b75-a6ee-382ad5f1066a,/CHG_N,B.Cu,"(8.3, 38.8)","(7.5, 38.0)",0.2,1.131371,R09,0.1999996,0.1999996,2.00000108,PASS
MORI_power_P5R6,e898a0a4-8407-4591-b97b-7da96f7a4a65,/CHG_N,B.Cu,"(46.736, 33.6296)","(45.9232, 32.8168)",0.2,1.149473,R09,0.1999996,0.1999996,2.00000108,PASS
MORI_power_P5R6,ee0a8cde-ddf6-4306-bee7-5421daf1928d,/CHG_N,B.Cu,"(3.5, 33.9)","(3.546447, 33.946447)",0.2,0.065686,R09,0.1999996,0.1999996,2.00000108,PASS
MORI_power_P5R6,ef614182-33ef-44b4-b835-0dec02129691,/CHG_N,B.Cu,"(3.546447, 34.653552)","(2.953552, 35.246447)",0.2,0.83848,R09,0.1999996,0.1999996,2.00000108,PASS
MORI_power_P5R6,f17afcc9-9ef9-465d-90ba-62c90e54e04e,/CHG_N,B.Cu,"(45.0088, 44.8056)","(47.398446, 42.415952)",0.2,3.379471,R09,0.1999996,0.1999996,2.00000108,PASS
MORI_power_P5R6,f81e706f-d895-44e9-91c0-5d1d79a1f928,/CHG_N,B.Cu,"(3.454399, 33.9344)","(4.7752, 32.6136)",0.2,1.867894,R09,0.1999996,0.1999996,2.00000108,PASS
MORI_power_P5R6,fbfa95b8-7938-4c7c-879c-b2a0fbe870e2,/CHG_N,B.Cu,"(19.6088, 49.9872)","(22.352, 52.730399)",0.2,3.87947,R09,0.1999996,0.1999996,2.00000108,PASS
MORI_power_P5R6,2505aba3-2545-49fd-bb71-e803d5294cf0,/+3V3,F.Cu,"(36.779199, 20.32)","(37.7952, 21.336)",0.2,1.436842,R08,0.1999996,0.499999,5.00000016,PASS
MORI_power_P5R6,3ca9ca8f-997e-4a04-95bb-2da70ba36779,/+3V3,F.Cu,"(38.999999, 22.8)","(43.16, 22.8)",0.2,4.160001,R08,0.1999996,0.499999,5.00000016,PASS
MORI_power_P5R6,71e0d4ea-c36c-40ae-b8c1-49944dce03e7,/+3V3,F.Cu,"(44.5008, 24.180799)","(44.297599, 24.180799)",0.2,0.203201,R08,0.1999996,0.499999,5.00000016,PASS
MORI_power_P5R6,75d57a54-2bae-4af7-9005-7d5b3f3f911b,/+3V3,F.Cu,"(37.9984, 21.9456)","(37.7952, 21.7424)",0.2,0.287368,R08,0.1999996,0.499999,5.00000016,PASS
MORI_power_P5R6,8e8a88f5-5a56-44f2-b30f-1f597598aec5,/+3V3,F.Cu,"(38.5, 22.300001)","(38.999999, 22.8)",0.2,0.707105,R08,0.1999996,0.499999,5.00000016,PASS
MORI_power_P5R6,9264a888-e38f-4267-8c6a-59b8cff4e401,/+3V3,F.Cu,"(43.16, 22.8)","(44.5, 24.14)",0.2,1.895046,R08,0.1999996,0.499999,5.00000016,PASS
MORI_power_P5R6,b51dece5-b302-4258-97c3-74d4f8ec8b7f,/+3V3,F.Cu,"(37.7952, 21.7424)","(37.7952, 21.336)",0.2,0.4064,R08,0.1999996,0.499999,5.00000016,PASS
MORI_power_P5R6,d7d388ed-3fd0-4f05-8dd2-20ea5192ef2f,/+3V3,F.Cu,"(35.7392, 17.55)","(36.3474, 16.9418)",0.2,0.860125,R08,0.1999996,0.499999,5.00000016,PASS
MORI_power_P5R6,e7e2a870-3c3d-46b1-bc35-7af11def5af9,/+3V3,F.Cu,"(38.2016, 21.9456)","(37.9984, 21.9456)",0.2,0.2032,R08,0.1999996,0.499999,5.00000016,PASS
MORI_power_P5R6,4f02a796-c788-4c8b-9105-ac270e15982e,/+3V3,B.Cu,"(46.736, 24.5872)","(46.736, 26.416)",0.2,1.8288,R08,0.1999996,0.499999,5.00000016,PASS
MORI_power_P5R6,75fbbe96-3879-4b06-939b-88c795165b11,/+3V3,B.Cu,"(44.602399, 24.485599)","(46.6344, 24.485599)",0.2,2.032001,R08,0.1999996,0.499999,5.00000016,PASS
MORI_power_P5R6,8936b4bb-1766-46a8-a2ee-c03c5d2e88af,/+3V3,B.Cu,"(44.297599, 24.180799)","(44.602399, 24.485599)",0.2,0.431052,R08,0.1999996,0.499999,5.00000016,PASS
MORI_power_P5R6,92ff7aea-a07c-459d-9c4b-2ce54c2d2004,/+3V3,B.Cu,"(36.779199, 17.373599)","(36.779199, 20.32)",0.2,2.946401,R08,0.1999996,0.499999,5.00000016,PASS
MORI_power_P5R6,b821f07f-83e4-4737-ae0a-13f50df2d6d7,/+3V3,B.Cu,"(36.3474, 16.9418)","(36.779199, 17.373599)",0.2,0.610656,R08,0.1999996,0.499999,5.00000016,PASS
MORI_power_P5R6,dac02755-e0d7-44ac-8d02-0b3f7d147ad3,/+3V3,B.Cu,"(46.736, 26.416)","(45.9232, 27.2288)",0.2,1.149473,R08,0.1999996,0.499999,5.00000016,PASS
MORI_power_P5R6,e3687826-911f-4c3b-a02c-32ffa745390b,/+3V3,B.Cu,"(45.9232, 27.2288)","(44.704, 27.2288)",0.2,1.2192,R08,0.1999996,0.499999,5.00000016,PASS
MORI_power_P5R6,fe2fb82b-a061-4bdb-95fe-febe574750cb,/+3V3,B.Cu,"(46.6344, 24.485599)","(46.736, 24.5872)",0.2,0.143685,R08,0.1999996,0.499999,5.00000016,PASS
MORI_power_P5R6,14cc246d-104b-46e0-a536-79458ea8b9c3,/+5V_CAM,F.Cu,"(35.9664, 46.532799)","(35.3568, 45.9232)",0.2,0.862104,R08,0.1999996,0.499999,5.00000016,PASS
MORI_power_P5R6,1e8d0bea-12a3-448a-861b-3eec6e66634b,/+5V_CAM,F.Cu,"(8.5852, 40.690799)","(7.924799, 41.3512)",0.8,0.933948,R08,0.1999996,0.499999,5.00000016,PASS
MORI_power_P5R6,2479c73e-4029-4ad9-8ad6-5c5f79f5b0a4,/+5V_CAM,F.Cu,"(35.9664, 46.6344)","(35.9664, 46.532799)",0.2,0.101601,R08,0.1999996,0.499999,5.00000016,PASS
MORI_power_P5R6,260f7497-ced6-43cd-8555-3e36a1343d7d,/+5V_CAM,F.Cu,"(30.825, 42.55)","(32.25, 42.55)",0.2,1.425,R08,0.1999996,0.499999,5.00000016,PASS
MORI_power_P5R6,2b2c087b-c354-43ba-a849-24bcecd17159,/+5V_CAM,F.Cu,"(34.9504, 51.0032)","(36.9824, 48.971199)",0.2,2.873683,R08,0.1999996,0.499999,5.00000016,PASS
MORI_power_P5R6,3891439e-1558-4f6c-aa81-c65a87500936,/+5V_CAM,F.Cu,"(12.5984, 34.4424)","(12.5984, 37.083999)",0.2,2.641599,R08,0.1999996,0.499999,5.00000016,PASS
MORI_power_P5R6,53d27fed-0437-435a-86a8-b4a69a6ac0d9,/+5V_CAM,F.Cu,"(24.7904, 35.864799)","(23.368, 34.4424)",0.2,2.011577,R08,0.1999996,0.499999,5.00000016,PASS
MORI_power_P5R6,676086c0-0c35-43d6-b42d-38ea84c27181,/+5V_CAM,F.Cu,"(35.3568, 45.9232)","(33.019999, 45.9232)",0.2,2.336801,R08,0.1999996,0.499999,5.00000016,PASS
MORI_power_P5R6,9a3a5559-0525-4f27-a635-7bdac0a7fdb2,/+5V_CAM,F.Cu,"(13.0, 50.0)","(10.05, 50.0)",0.8,2.95,R08,0.1999996,0.499999,5.00000016,PASS
MORI_power_P5R6,ac1b042c-cb3b-449f-90ee-87c041a6f76a,/+5V_CAM,F.Cu,"(33.019999, 45.9232)","(32.75, 45.9232)",0.2,0.269999,R08,0.1999996,0.499999,5.00000016,PASS
MORI_power_P5R6,b70a1fe8-443c-41d4-baa9-4ec22fc1ecdc,/+5V_CAM,F.Cu,"(30.784799, 42.5704)","(30.784799, 42.2656)",0.2,0.3048,R08,0.1999996,0.499999,5.00000016,PASS
MORI_power_P5R6,c6278f12-7be3-47e9-ba76-a488c0f26f2f,/+5V_CAM,F.Cu,"(32.75, 45.9232)","(30.475, 45.9232)",0.2,2.275,R08,0.1999996,0.499999,5.00000016,PASS
MORI_power_P5R6,c63e55b0-650d-459e-9369-39dfd158f15a,/+5V_CAM,F.Cu,"(23.368, 34.4424)","(21.843999, 34.4424)",0.2,1.524001,R08,0.1999996,0.499999,5.00000016,PASS
MORI_power_P5R6,c7466c01-8823-4769-b040-fbc8eaf0e796,/+5V_CAM,F.Cu,"(12.024999, 38.475)","(10.0, 38.475)",0.8,2.024999,R08,0.1999996,0.499999,5.00000016,PASS
MORI_power_P5R6,c9bbca98-47a7-4b0d-9e10-bc4b8c71cab0,/+5V_CAM,F.Cu,"(7.924799, 47.8536)","(10.058399, 49.9872)",0.8,3.017366,R08,0.1999996,0.499999,5.00000016,PASS
MORI_power_P5R6,d32642ae-d40e-49ab-8637-0c2bd15d99cb,/+5V_CAM,F.Cu,"(10.0, 38.475)","(10.0, 40.525)",0.8,2.05,R08,0.1999996,0.499999,5.00000016,PASS
MORI_power_P5R6,d4ab1cba-f914-4ea1-98a1-52abdbbe142e,/+5V_CAM,F.Cu,"(7.924799, 41.3512)","(7.924799, 47.8536)",0.8,6.5024,R08,0.1999996,0.499999,5.00000016,PASS
MORI_power_P5R6,e12bda44-0d3c-40d1-8495-4c8b740bab91,/+5V_CAM,F.Cu,"(36.8808, 47.5488)","(35.9664, 46.6344)",0.2,1.293157,R08,0.1999996,0.499999,5.00000016,PASS
MORI_power_P5R6,e6eae24e-216d-461e-bf64-836316113126,/+5V_CAM,F.Cu,"(32.75, 43.049999)","(32.75, 45.9232)",0.2,2.873201,R08,0.1999996,0.499999,5.00000016,PASS
MORI_power_P5R6,f0cb0287-7c7c-4209-bf60-e92568e49c61,/+5V_CAM,F.Cu,"(32.25, 42.55)","(32.75, 43.049999)",0.2,0.707106,R08,0.1999996,0.499999,5.00000016,PASS
MORI_power_P5R6,f10be8d6-f4b2-4fed-b44e-e4bedcb126db,/+5V_CAM,F.Cu,"(9.8552, 40.690799)","(8.5852, 40.690799)",0.8,1.27,R08,0.1999996,0.499999,5.00000016,PASS
MORI_power_P5R6,f6578456-7652-4749-a946-33e727e2dbaf,/+5V_CAM,F.Cu,"(12.5, 38.0)","(12.024999, 38.475)",0.8,0.671752,R08,0.1999996,0.499999,5.00000016,PASS
MORI_power_P5R6,f91f1fe5-c976-4866-951a-0df668016fd6,/+5V_CAM,F.Cu,"(30.784799, 42.2656)","(31.5976, 41.4528)",0.2,1.149473,R08,0.1999996,0.499999,5.00000016,PASS
MORI_power_P5R6,1d64bef1-67a2-4266-bedb-360f11d75dd1,/+5V_CAM,B.Cu,"(36.9824, 47.6504)","(36.8808, 47.5488)",0.2,0.143684,R08,0.1999996,0.499999,5.00000016,PASS
MORI_power_P5R6,21d0bba9-fe79-4e58-9e3a-3c70334b3a2c,/+5V_CAM,B.Cu,"(31.5976, 41.4528)","(31.2928, 41.147999)",0.2,0.431053,R08,0.1999996,0.499999,5.00000016,PASS
MORI_power_P5R6,33c26ff6-2adf-4ddb-bb1f-005b105ba560,/+5V_CAM,B.Cu,"(29.1592, 40.233599)","(24.7904, 35.864799)",0.2,6.178416,R08,0.1999996,0.499999,5.00000016,PASS
MORI_power_P5R6,5af2903c-390d-4740-b61b-dc7918af0805,/+5V_CAM,B.Cu,"(21.843999, 34.4424)","(12.5984, 34.4424)",0.2,9.245599,R08,0.1999996,0.499999,5.00000016,PASS
MORI_power_P5R6,5e21afe6-2614-43cb-acfb-b1dc28b4392b,/+5V_CAM,B.Cu,"(31.2928, 40.7416)","(30.784799, 40.233599)",0.2,0.718422,R08,0.1999996,0.499999,5.00000016,PASS
MORI_power_P5R6,a3055a4e-f29c-40f0-b8ca-0af18bf01caf,/+5V_CAM,B.Cu,"(30.784799, 40.233599)","(29.1592, 40.233599)",0.2,1.625599,R08,0.1999996,0.499999,5.00000016,PASS
MORI_power_P5R6,c6e16e58-8c61-49e2-af51-8dfe1e7ea4ba,/+5V_CAM,B.Cu,"(36.9824, 48.971199)","(36.9824, 47.6504)",0.2,1.320799,R08,0.1999996,0.499999,5.00000016,PASS
MORI_power_P5R6,f2ccf8ac-0fe8-4317-975e-56da264c3f9e,/+5V_CAM,B.Cu,"(31.2928, 41.147999)","(31.2928, 40.7416)",0.2,0.406399,R08,0.1999996,0.499999,5.00000016,PASS
MORI_power_P5R6,1527a5a0-3f27-4621-933a-4e6888c105fb,/+5V_MOTION,F.Cu,"(12.7, 27.330399)","(12.7, 24.892)",0.2,2.438399,R08,0.1999996,0.499999,5.00000016,PASS
MORI_power_P5R6,20bd755f-950a-4fef-8b09-99b9970fd335,/+5V_MOTION,F.Cu,"(13.817599, 28.448)","(12.7, 27.330399)",0.2,1.580525,R08,0.1999996,0.499999,5.00000016,PASS
MORI_power_P5R6,2b7812f4-ef24-4a95-b71c-f232e9a2410c,/+5V_MOTION,F.Cu,"(30.2, 31.9)","(30.2, 32.1)",0.2,0.2,R08,0.1999996,0.499999,5.00000016,PASS
MORI_power_P5R6,2e48bdaa-5f5d-415c-bc62-90706b650e13,/+5V_MOTION,F.Cu,"(12.024999, 24.475)","(10.0, 24.475)",0.8,2.024999,R08,0.1999996,0.499999,5.00000016,PASS
MORI_power_P5R6,2fa86af3-8bd0-441d-8b6b-f65bfe2c3ad5,/+5V_MOTION,F.Cu,"(8.475, 25.0)","(7.478, 25.997)",0.2,1.409971,R08,0.1999996,0.499999,5.00000016,PASS
MORI_power_P5R6,367d027c-36ad-4b3d-aeac-43d9c427d5eb,/+5V_MOTION,F.Cu,"(14.1, 28.4)","(13.8, 28.4)",0.2,0.3,R08,0.1999996,0.499999,5.00000016,PASS
MORI_power_P5R6,3eb97d06-5777-46cb-96a4-1e92b5f30419,/+5V_MOTION,F.Cu,"(7.478, 29.978)","(9.5, 32.0)",0.2,2.85954,R08,0.1999996,0.499999,5.00000016,PASS
MORI_power_P5R6,416457a7-d5f1-4958-b673-70c9260994ac,/+5V_MOTION,F.Cu,"(10.0, 26.525)","(7.478, 24.003)",0.8,3.566647,R08,0.1999996,0.499999,5.00000016,PASS
MORI_power_P5R6,546891f9-b51e-46db-8386-1824f2a928a7,/+5V_MOTION,F.Cu,"(12.5, 24.0)","(12.024999, 24.475)",0.8,0.671752,R08,0.1999996,0.499999,5.00000016,PASS
MORI_power_P5R6,66568180-5956-409e-b560-9c4c39552712,/+5V_MOTION,F.Cu,"(32.25, 28.55)","(32.75, 29.049999)",0.2,0.707106,R08,0.1999996,0.499999,5.00000016,PASS
MORI_power_P5R6,6a37300d-3598-4b6d-b693-5c71320f4a93,/+5V_MOTION,F.Cu,"(30.825, 28.55)","(32.25, 28.55)",0.2,1.425,R08,0.1999996,0.499999,5.00000016,PASS
MORI_power_P5R6,725c42dc-dcad-4374-80b4-6491d78f44dd,/+5V_MOTION,F.Cu,"(32.75, 31.150001)","(32.25, 31.65)",0.2,0.707106,R08,0.1999996,0.499999,5.00000016,PASS
MORI_power_P5R6,895d7f63-38d7-492f-9ccc-124c9c447003,/+5V_MOTION,F.Cu,"(16.6, 29.5)","(15.153552, 28.053552)",0.2,2.045586,R08,0.1999996,0.499999,5.00000016,PASS
MORI_power_P5R6,8b606d0f-989b-41f4-89d6-131cfb5e8b70,/+5V_MOTION,F.Cu,"(30.2, 32.1)","(29.7, 32.6)",0.2,0.707107,R08,0.1999996,0.499999,5.00000016,PASS
MORI_power_P5R6,91ca8736-2c96-402b-b565-edaa426029dd,/+5V_MOTION,F.Cu,"(7.478, 25.997)","(7.478, 29.978)",0.2,3.981,R08,0.1999996,0.499999,5.00000016,PASS
MORI_power_P5R6,9c2f8285-ce28-46eb-9184-3b81b7d3f646,/+5V_MOTION,F.Cu,"(4.5, 24.003)","(7.478, 24.003)",0.8,2.978,R08,0.1999996,0.499999,5.00000016,PASS
MORI_power_P5R6,a9a8b1eb-7b62-4e32-a92b-678987cef9f7,/+5V_MOTION,F.Cu,"(14.446447, 28.053552)","(14.1, 28.4)",0.2,0.489951,R08,0.1999996,0.499999,5.00000016,PASS
MORI_power_P5R6,ba60a875-01d3-47b8-be6e-72ce4772ee43,/+5V_MOTION,F.Cu,"(32.75, 29.049999)","(32.75, 31.150001)",0.2,2.100002,R08,0.1999996,0.499999,5.00000016,PASS
MORI_power_P5R6,c85d72cd-d7d7-4daf-91bd-a78b758d7d58,/+5V_MOTION,F.Cu,"(32.25, 31.65)","(30.475, 31.65)",0.2,1.775,R08,0.1999996,0.499999,5.00000016,PASS
MORI_power_P5R6,cdc1e876-d498-4b16-be07-4596ecfb8feb,/+5V_MOTION,F.Cu,"(15.153552, 28.053552)","(14.446447, 28.053552)",0.2,0.707105,R08,0.1999996,0.499999,5.00000016,PASS
MORI_power_P5R6,e8861576-e7fa-49dd-8435-8af239d7732c,/+5V_MOTION,F.Cu,"(30.5, 31.6)","(30.2, 31.9)",0.2,0.424264,R08,0.1999996,0.499999,5.00000016,PASS
MORI_power_P5R6,ed259718-5041-48be-a2ab-2ede1a1e46ad,/+5V_MOTION,F.Cu,"(10.0, 24.475)","(10.0, 26.525)",0.8,2.05,R08,0.1999996,0.499999,5.00000016,PASS
MORI_power_P5R6,f0e2c74b-e9de-4747-931a-34fd7fae8246,/+5V_MOTION,F.Cu,"(16.6, 31.2)","(16.6, 29.5)",0.2,1.7,R08,0.1999996,0.499999,5.00000016,PASS
MORI_power_P5R6,417c83ac-5971-4e2b-a972-96988f1b67ea,/+5V_MOTION,B.Cu,"(29.7, 32.6)","(28.9, 31.8)",0.2,1.131371,R08,0.1999996,0.499999,5.00000016,PASS
MORI_power_P5R6,5cf765c6-a117-4fa8-a549-953b45241a94,/+5V_MOTION,B.Cu,"(28.9, 31.8)","(28.5, 31.8)",0.2,0.4,R08,0.1999996,0.499999,5.00000016,PASS
MORI_power_P5R6,e6dfbdbd-a27c-4738-837a-3acd58c0504b,/+5V_MOTION,B.Cu,"(18.3, 32.9)","(16.6, 31.2)",0.2,2.404163,R08,0.1999996,0.499999,5.00000016,PASS
MORI_power_P5R6,e746f770-d3b7-425a-94b9-341ca4758522,/+5V_MOTION,B.Cu,"(28.5, 31.8)","(27.4, 32.9)",0.2,1.555635,R08,0.1999996,0.499999,5.00000016,PASS
MORI_power_P5R6,e7545a64-8816-4ee9-9284-cdd090e63956,/+5V_MOTION,B.Cu,"(27.4, 32.9)","(18.3, 32.9)",0.2,9.1,R08,0.1999996,0.499999,5.00000016,PASS
MORI_power_P5R6,51cb62d4-bebf-48da-ae1b-9f800c6811c3,/M5_FB,F.Cu,"(28.6, 31.65)","(28.925, 31.65)",0.2,0.325,R09,0.1999996,0.1999996,2.00000108,PASS
MORI_power_P5R6,55f2eb53-2db5-4011-8b4b-05e516487b24,/M5_FB,F.Cu,"(28.6, 28.55)","(29.175, 28.55)",0.2,0.575,R09,0.1999996,0.1999996,2.00000108,PASS
MORI_power_P5R6,67a5e4ad-8347-4173-a033-26bdfe7ec1e4,/M5_FB,F.Cu,"(28.35, 26.95)","(28.6, 27.2)",0.2,0.353553,R09,0.1999996,0.1999996,2.00000108,PASS
MORI_power_P5R6,746a4672-8b23-476d-b905-ea7e7cb18187,/M5_FB,F.Cu,"(28.6, 27.2)","(28.6, 31.65)",0.2,4.45,R09,0.1999996,0.1999996,2.00000108,PASS
MORI_power_P5R6,817dd4a1-7092-4eae-aa2f-b11a84ce44e1,/M5_FB,F.Cu,"(28.6, 30.1)","(29.175, 30.1)",0.2,0.575,R09,0.1999996,0.1999996,2.00000108,PASS
MORI_power_P5R6,80716255-a853-473e-8a21-ab9c206138c5,/M5_SW,F.Cu,"(25.0, 22.8)","(26.8, 22.8)",0.2,1.8,R08,0.1999996,0.499999,5.00000016,PASS
MORI_power_P5R6,a7607ca2-7028-4a8d-a992-c12669590105,/M5_SW,F.Cu,"(19.225, 24.0)","(21.5, 24.0)",0.8,2.275,R08,0.1999996,0.499999,5.00000016,PASS
MORI_power_P5R6,a82e7395-738d-4aa4-9358-45c37e78a5b2,/M5_SW,F.Cu,"(24.4, 25.6)","(24.4, 26.5)",0.6,0.9,R08,0.1999996,0.499999,5.00000016,PASS
MORI_power_P5R6,c12643a9-71cc-4cca-97b9-482772e13d56,/M5_SW,F.Cu,"(21.5, 24.0)","(22.4, 24.0)",0.8,0.9,R08,0.1999996,0.499999,5.00000016,PASS
MORI_power_P5R6,cfbddf0c-bc69-4d30-ab0e-c749b22bd8fb,/M5_SW,F.Cu,"(25.65, 26.0)","(24.4, 26.0)",0.6,1.25,R08,0.1999996,0.499999,5.00000016,PASS
MORI_power_P5R6,1c5388d1-3955-4979-a935-eec60942612b,/M5_SW,B.Cu,"(24.4, 24.0)","(24.4, 23.4)",0.6,0.6,R08,0.1999996,0.499999,5.00000016,PASS
MORI_power_P5R6,4b3d1d96-e9e8-4708-a13c-a15b59a4e216,/M5_SW,B.Cu,"(24.4, 26.0)","(24.4, 24.0)",0.8,2.0,R08,0.1999996,0.499999,5.00000016,PASS
MORI_power_P5R6,6d010577-85a8-462e-9b19-43d20f927c93,/M5_SW,B.Cu,"(24.4, 23.4)","(25.0, 22.8)",0.6,0.848528,R08,0.1999996,0.499999,5.00000016,PASS
MORI_power_P5R6,a32cd72f-d116-48cf-bc24-c35653183362,/M5_SW,B.Cu,"(24.4, 24.0)","(21.5, 24.0)",0.8,2.9,R08,0.1999996,0.499999,5.00000016,PASS
MORI_power_P5R6,b0389d2b-171c-4eac-a655-a696a74edd87,/M5_SW,B.Cu,"(24.4, 25.6)","(24.4, 26.5)",0.8,0.9,R08,0.1999996,0.499999,5.00000016,PASS
MORI_power_P5R6,bff16e32-f125-4861-a1e2-464a3414f028,/M5_SW,B.Cu,"(21.5, 24.0)","(22.4, 24.0)",0.8,0.9,R08,0.1999996,0.499999,5.00000016,PASS
MORI_power_P5R6,30299165-3b7a-4f5b-be4f-a2cf01499e8e,/W_BRAKE_GATE,F.Cu,"(71.424799, 8.5344)","(71.8312, 8.128)",0.2,0.574737,R09,0.1999996,0.1999996,2.00000108,PASS
MORI_power_P5R6,411c6cdc-64dc-4125-b7a1-e92cf4ee1579,/W_BRAKE_GATE,F.Cu,"(67.6656, 19.507199)","(67.2592, 19.1008)",0.2,0.574736,R09,0.1999996,0.1999996,2.00000108,PASS
MORI_power_P5R6,465b032a-1c1a-4b6f-9e34-aa00d2f0d72f,/W_BRAKE_GATE,F.Cu,"(71.424799, 8.9408)","(71.424799, 8.5344)",0.2,0.4064,R09,0.1999996,0.1999996,2.00000108,PASS
MORI_power_P5R6,6c9a0a45-6337-4236-9128-3e81ffc98ddf,/W_BRAKE_GATE,F.Cu,"(72.2376, 8.128)","(72.4408, 7.924799)",0.2,0.287369,R09,0.1999996,0.1999996,2.00000108,PASS
MORI_power_P5R6,a090156e-f815-4473-86de-f0a0e031b92b,/W_BRAKE_GATE,F.Cu,"(72.4408, 7.924799)","(72.4408, 7.416799)",0.2,0.508,R09,0.1999996,0.1999996,2.00000108,PASS
MORI_power_P5R6,c0bf64fc-36b6-49a4-bd19-6d6b7b4981ff,/W_BRAKE_GATE,F.Cu,"(72.136, 19.1008)","(71.3232, 18.288)",0.2,1.149473,R09,0.1999996,0.1999996,2.00000108,PASS
MORI_power_P5R6,c3a78492-49a9-44ad-a15e-5271cedcc5e5,/W_BRAKE_GATE,F.Cu,"(68.6816, 12.090399)","(68.6816, 18.4912)",0.2,6.400801,R09,0.1999996,0.1999996,2.00000108,PASS
MORI_power_P5R6,dd56c461-a21d-46ba-95a6-59375e9d5d8d,/W_BRAKE_GATE,F.Cu,"(68.6816, 12.090399)","(68.072, 11.4808)",0.2,0.862104,R09,0.1999996,0.1999996,2.00000108,PASS
MORI_power_P5R6,e65b455d-3294-4dd8-adb9-ace487f5f880,/W_BRAKE_GATE,F.Cu,"(68.6816, 18.4912)","(67.6656, 19.507199)",0.2,1.43684,R09,0.1999996,0.1999996,2.00000108,PASS
MORI_power_P5R6,ebf48bed-a491-4fd1-8253-c7ff46a1beba,/W_BRAKE_GATE,F.Cu,"(71.628, 9.5504)","(68.6816, 12.090399)",0.2,3.890099,R09,0.1999996,0.1999996,2.00000108,PASS
MORI_power_P5R6,fd18d848-558e-4b63-8a51-a52e4f9666ad,/W_BRAKE_GATE,F.Cu,"(71.8312, 8.128)","(72.2376, 8.128)",0.2,0.4064,R09,0.1999996,0.1999996,2.00000108,PASS
MORI_power_P5R6,6a206e6f-39ce-499a-8e4c-556042402d21,/W_BRAKE_GATE,B.Cu,"(67.2592, 19.1008)","(72.136, 19.1008)",0.2,4.8768,R09,0.1999996,0.1999996,2.00000108,PASS
MORI_power_P5R6,16bc98c7-e6be-4579-b8b4-4b0ba11c6c88,/M5_VIN,F.Cu,"(23.2, 26.775)","(22.5, 27.475)",0.8,0.989949,R08,0.1999996,0.499999,5.00000016,PASS
MORI_power_P5R6,33b304eb-b598-4a5c-a1cd-d89e60de9dd2,/M5_VIN,F.Cu,"(31.545, 23.0)","(29.6, 23.0)",0.8,1.945,R08,0.1999996,0.499999,5.00000016,PASS
MORI_power_P5R6,3d7c4371-00df-478c-96e0-1a87d799d33b,/M5_VIN,F.Cu,"(25.65, 26.95)","(25.0, 27.6)",0.6,0.919239,R08,0.1999996,0.499999,5.00000016,PASS
MORI_power_P5R6,539ca132-b1d3-4829-b35d-bdca267d4ab5,/M5_VIN,F.Cu,"(24.025, 27.6)","(23.2, 26.775)",0.6,1.166726,R08,0.1999996,0.499999,5.00000016,PASS
MORI_power_P5R6,87dbc568-7439-4254-a2ab-d66d99f70cbd,/M5_VIN,F.Cu,"(25.65, 26.95)","(25.65, 28.275)",0.8,1.325,R08,0.1999996,0.499999,5.00000016,PASS
MORI_power_P5R6,8df4b8ae-1dc2-4987-af9b-175218b368dd,/M5_VIN,F.Cu,"(24.45, 27.6)","(24.45, 27.9)",0.6,0.3,R08,0.1999996,0.499999,5.00000016,PASS
MORI_power_P5R6,a3637546-bd62-4fc8-a4a2-9b389dd38b81,/M5_VIN,F.Cu,"(22.5, 27.475)","(22.5, 29.125)",0.8,1.65,R08,0.1999996,0.499999,5.00000016,PASS
MORI_power_P5R6,f0520d3d-1def-49e4-9bf6-20478cbe98f6,/M5_VIN,F.Cu,"(25.65, 28.275)","(26.5, 29.125)",0.8,1.202082,R08,0.1999996,0.499999,5.00000016,PASS
MORI_power_P5R6,fecda11e-078c-4933-8da8-e87e9067dd93,/M5_VIN,F.Cu,"(25.0, 27.6)","(24.025, 27.6)",0.6,0.975,R08,0.1999996,0.499999,5.00000016,PASS
MORI_power_P5R6,61e65850-2fa6-4800-96c1-5d4f929174ab,/M5_VIN,B.Cu,"(28.98, 27.3)","(28.38, 27.9)",0.6,0.848528,R08,0.1999996,0.499999,5.00000016,PASS
MORI_power_P5R6,71f187ef-68e4-44f9-ae9f-dfe7a78b536b,/M5_VIN,B.Cu,"(29.6, 23.0)","(28.98, 23.62)",0.6,0.876812,R08,0.1999996,0.499999,5.00000016,PASS
MORI_power_P5R6,d4ef4fb0-27b1-4566-8d61-4d1bd4cb4567,/M5_VIN,B.Cu,"(28.38, 27.9)","(24.45, 27.9)",0.6,3.93,R08,0.1999996,0.499999,5.00000016,PASS
MORI_power_P5R6,e3a42782-8b50-4b44-8858-f212ae374b56,/M5_VIN,B.Cu,"(28.98, 23.62)","(28.98, 27.3)",0.6,3.68,R08,0.1999996,0.499999,5.00000016,PASS
MORI_power_P5R6,035b88ff-a811-41f9-963c-3c2bf659ab85,/ARM_Q,F.Cu,"(46.1264, 46.3296)","(43.7896, 46.3296)",0.2,2.3368,R09,0.1999996,0.1999996,2.00000108,PASS
MORI_power_P5R6,182e70de-1166-41bd-9cae-dfffcfd52ffb,/ARM_Q,F.Cu,"(48.5648, 28.3464)","(46.837599, 28.3464)",0.2,1.727201,R09,0.1999996,0.1999996,2.00000108,PASS
MORI_power_P5R6,1c7bd9be-d58a-49d8-bb45-19a80b81f86d,/ARM_Q,F.Cu,"(46.825, 45.5)","(47.325, 45.5)",0.2,0.5,R09,0.1999996,0.1999996,2.00000108,PASS
MORI_power_P5R6,24202a21-d226-46d1-b02e-61320534dc67,/ARM_Q,F.Cu,"(46.837599, 28.3464)","(46.736, 28.448)",0.2,0.143683,R09,0.1999996,0.1999996,2.00000108,PASS
MORI_power_P5R6,354cc5a3-2f3c-427d-bc58-cfcbe2d67be9,/ARM_Q,F.Cu,"(46.590399, 29.0)","(47.1932, 28.397199)",0.2,0.852489,R09,0.1999996,0.1999996,2.00000108,PASS
MORI_power_P5R6,3eb64755-0b28-4791-8c70-ea3aa293a520,/ARM_Q,F.Cu,"(43.7896, 46.3296)","(42.8752, 45.4152)",0.2,1.293157,R09,0.1999996,0.1999996,2.00000108,PASS
MORI_power_P5R6,419252aa-fec3-45d7-86aa-5eaa26ccfdcb,/ARM_Q,F.Cu,"(47.3456, 45.5168)","(46.3296, 46.532799)",0.2,1.43684,R09,0.1999996,0.1999996,2.00000108,PASS
MORI_power_P5R6,4313b1f3-553d-4c8f-b820-292bb28cf6a1,/ARM_Q,F.Cu,"(44.5, 29.0)","(46.590399, 29.0)",0.2,2.090399,R09,0.1999996,0.1999996,2.00000108,PASS
MORI_power_P5R6,479481da-7435-4c8c-bc54-673d110d4986,/ARM_Q,F.Cu,"(36.474399, 40.233599)","(34.3408, 40.233599)",0.2,2.133599,R09,0.1999996,0.1999996,2.00000108,PASS
MORI_power_P5R6,48745eda-3741-4d68-8750-ffd179769a03,/ARM_Q,F.Cu,"(53.848, 36.2712)","(54.965599, 37.388799)",0.2,1.580524,R09,0.1999996,0.1999996,2.00000108,PASS
MORI_power_P5R6,5f5d3ae8-4818-4381-9c8e-19ecd6e7b190,/ARM_Q,F.Cu,"(28.0416, 9.5504)","(35.559999, 9.5504)",0.2,7.518399,R09,0.1999996,0.1999996,2.00000108,PASS
MORI_power_P5R6,752229bf-da78-455c-bdfe-dd3fd7d6d228,/ARM_Q,F.Cu,"(54.660799, 31.089599)","(51.9176, 28.3464)",0.2,3.879469,R09,0.1999996,0.1999996,2.00000108,PASS
MORI_power_P5R6,9f580b64-6f85-47ba-95f3-8b669d85e9d7,/ARM_Q,F.Cu,"(40.3352, 19.6088)","(40.64, 19.9136)",0.2,0.431052,R09,0.1999996,0.1999996,2.00000108,PASS
MORI_power_P5R6,be329b14-62d0-4816-a18b-3a47b5c27a2d,/ARM_Q,F.Cu,"(46.736, 28.448)","(45.0088, 28.448)",0.2,1.7272,R09,0.1999996,0.1999996,2.00000108,PASS
MORI_power_P5R6,be5f61e8-f3fb-40ff-a3a4-20a26cef8108,/ARM_Q,F.Cu,"(40.3352, 17.3736)","(40.3352, 19.6088)",0.2,2.2352,R09,0.1999996,0.1999996,2.00000108,PASS
MORI_power_P5R6,c287fb4c-598b-4c46-a3f6-b016bf7f7621,/ARM_Q,F.Cu,"(40.64, 19.9136)","(41.0464, 19.9136)",0.2,0.4064,R09,0.1999996,0.1999996,2.00000108,PASS
MORI_power_P5R6,d4069230-736b-4419-9c76-2a4ad0fee1be,/ARM_Q,F.Cu,"(38.8112, 42.5704)","(36.474399, 40.233599)",0.2,3.304736,R09,0.1999996,0.1999996,2.00000108,PASS
MORI_power_P5R6,dae480d6-b51e-45e4-97f0-fee4e0f8d801,/ARM_Q,F.Cu,"(46.3296, 46.532799)","(46.1264, 46.3296)",0.2,0.287367,R09,0.1999996,0.1999996,2.00000108,PASS
MORI_power_P5R6,e8047520-245f-450b-b1e5-1041e6c65a86,/ARM_Q,F.Cu,"(45.0088, 28.448)","(44.5008, 28.956)",0.2,0.71842,R09,0.1999996,0.1999996,2.00000108,PASS
MORI_power_P5R6,091bd017-f67c-434c-9c00-2f0cc5769302,/ARM_Q,B.Cu,"(40.0304, 42.5704)","(38.8112, 42.5704)",0.2,1.2192,R09,0.1999996,0.1999996,2.00000108,PASS
MORI_power_P5R6,1a94bfc0-7775-48a1-90c0-0f0d8ef0b153,/ARM_Q,B.Cu,"(32.410399, 38.3032)","(32.410399, 33.7312)",0.2,4.572,R09,0.1999996,0.1999996,2.00000108,PASS
MORI_power_P5R6,2177bc77-1f46-485f-9853-f8498faaf9c8,/ARM_Q,B.Cu,"(32.003999, 33.324799)","(17.6784, 33.324799)",0.2,14.325599,R09,0.1999996,0.1999996,2.00000108,PASS
MORI_power_P5R6,2fe6d176-3b8b-4d54-a69b-1c7a1563649d,/ARM_Q,B.Cu,"(35.559999, 9.5504)","(37.388799, 11.3792)",0.2,2.586314,R09,0.1999996,0.1999996,2.00000108,PASS
MORI_power_P5R6,3725fe31-a2f8-42c0-969e-76306888b0b0,/ARM_Q,B.Cu,"(49.275999, 40.843199)","(53.848, 36.2712)",0.2,6.465784,R09,0.1999996,0.1999996,2.00000108,PASS
MORI_power_P5R6,42a02753-ff5d-4d3a-80fa-1982a1c60f5c,/ARM_Q,B.Cu,"(53.848, 34.1376)","(54.660799, 33.324799)",0.2,1.149473,R09,0.1999996,0.1999996,2.00000108,PASS
MORI_power_P5R6,484a9bea-a7c1-418c-963f-22a09fdb87c2,/ARM_Q,B.Cu,"(12.801599, 20.5232)","(14.732, 18.5928)",0.2,2.729999,R09,0.1999996,0.1999996,2.00000108,PASS
MORI_power_P5R6,7d1aa703-e860-41de-9ec6-5ca0fec0a51c,/ARM_Q,B.Cu,"(42.8752, 45.4152)","(40.0304, 42.5704)",0.2,4.023155,R09,0.1999996,0.1999996,2.00000108,PASS
MORI_power_P5R6,7e2f4ffb-fa9c-4a16-918f-87c8a07d429e,/ARM_Q,B.Cu,"(17.6784, 33.324799)","(12.801599, 28.448)",0.2,6.896837,R09,0.1999996,0.1999996,2.00000108,PASS
MORI_power_P5R6,8b552639-4593-4a2c-b930-fcd0bef980a7,/ARM_Q,B.Cu,"(37.388799, 14.4272)","(40.3352, 17.3736)",0.2,4.16684,R09,0.1999996,0.1999996,2.00000108,PASS
MORI_power_P5R6,917b3915-2508-4b80-b677-cabe817d1a97,/ARM_Q,B.Cu,"(34.3408, 40.233599)","(32.410399, 38.3032)",0.2,2.729998,R09,0.1999996,0.1999996,2.00000108,PASS
MORI_power_P5R6,94921b0e-5132-4f7b-8e3e-95ce0806adc6,/ARM_Q,B.Cu,"(12.801599, 28.448)","(12.801599, 20.5232)",0.2,7.9248,R09,0.1999996,0.1999996,2.00000108,PASS
MORI_power_P5R6,9bde38b2-5d7a-4e4a-8544-3942b1d201de,/ARM_Q,B.Cu,"(49.275999, 43.5864)","(49.275999, 40.843199)",0.2,2.743201,R09,0.1999996,0.1999996,2.00000108,PASS
MORI_power_P5R6,b324a281-c00e-4590-855c-caa433243acc,/ARM_Q,B.Cu,"(48.5648, 28.3464)","(51.9176, 28.3464)",0.2,3.3528,R09,0.1999996,0.1999996,2.00000108,PASS
MORI_power_P5R6,b48d7c7d-0531-4b51-94a0-965b8f36de90,/ARM_Q,B.Cu,"(53.848, 36.2712)","(53.848, 34.1376)",0.2,2.1336,R09,0.1999996,0.1999996,2.00000108,PASS
MORI_power_P5R6,bbdd99c9-2c82-4a29-ae7e-b1d85eee8d36,/ARM_Q,B.Cu,"(32.410399, 33.7312)","(32.003999, 33.324799)",0.2,0.574737,R09,0.1999996,0.1999996,2.00000108,PASS
MORI_power_P5R6,c7d17043-15ea-462e-a466-53556db09b0b,/ARM_Q,B.Cu,"(37.388799, 11.3792)","(37.388799, 14.4272)",0.2,3.048,R09,0.1999996,0.1999996,2.00000108,PASS
MORI_power_P5R6,ca2c601a-1726-440e-9637-6b6e2d738fdc,/ARM_Q,B.Cu,"(28.0416, 17.9832)","(28.0416, 9.5504)",0.2,8.4328,R09,0.1999996,0.1999996,2.00000108,PASS
MORI_power_P5R6,eb334fb6-a9eb-428f-8299-a110fa971688,/ARM_Q,B.Cu,"(27.432, 18.5928)","(28.0416, 17.9832)",0.2,0.862105,R09,0.1999996,0.1999996,2.00000108,PASS
MORI_power_P5R6,f03e57a0-e1ca-4bc0-93b1-c3466abe5ae7,/ARM_Q,B.Cu,"(14.732, 18.5928)","(27.432, 18.5928)",0.2,12.7,R09,0.1999996,0.1999996,2.00000108,PASS
MORI_power_P5R6,f1f2b58b-e030-492a-b296-38e637581b0b,/ARM_Q,B.Cu,"(46.3296, 46.532799)","(49.275999, 43.5864)",0.2,4.166837,R09,0.1999996,0.1999996,2.00000108,PASS
MORI_power_P5R6,f3806755-5de0-45f5-8e26-7f494c6f00b1,/ARM_Q,B.Cu,"(54.660799, 31.089599)","(54.660799, 33.324799)",0.2,2.2352,R09,0.1999996,0.1999996,2.00000108,PASS
MORI_power_P5R6,18248c10-3320-4ba9-9373-99698c1999fc,/W_SENSE,F.Cu,"(62.0, 19.625)","(62.0, 20.5232)",0.2,0.8982,R09,0.1999996,0.1999996,2.00000108,PASS
MORI_power_P5R6,1b69d1ea-6484-465b-a561-ac66338dd18e,/W_SENSE,F.Cu,"(70.0024, 18.796)","(69.6976, 18.4912)",0.2,0.431052,R09,0.1999996,0.1999996,2.00000108,PASS
MORI_power_P5R6,4ab0fd68-48e6-4471-bda4-187495e01ec3,/W_SENSE,F.Cu,"(61.3664, 20.9296)","(62.0, 19.625)",0.2,1.450321,R09,0.1999996,0.1999996,2.00000108,PASS
MORI_power_P5R6,50b201bb-eaa2-46bd-a7fc-3147e2dd43fe,/W_SENSE,F.Cu,"(70.4088, 18.796)","(70.0024, 18.796)",0.2,0.4064,R09,0.1999996,0.1999996,2.00000108,PASS
MORI_power_P5R6,7050ee39-ca37-4a69-8f60-d7d38947f0ed,/W_SENSE,F.Cu,"(70.7136, 20.5232)","(70.7136, 19.1008)",0.2,1.4224,R09,0.1999996,0.1999996,2.00000108,PASS
MORI_power_P5R6,899d9e20-db26-4162-813f-eed7d3b77393,/W_SENSE,F.Cu,"(70.7136, 19.1008)","(70.4088, 18.796)",0.2,0.431052,R09,0.1999996,0.1999996,2.00000108,PASS
MORI_power_P5R6,8ce93f62-43c0-4860-b3cc-ee26366c8fd8,/W_SENSE,F.Cu,"(64.1096, 9.347199)","(65.3288, 10.5664)",0.2,1.72421,R09,0.1999996,0.1999996,2.00000108,PASS
MORI_power_P5R6,c776afb1-8e54-42bf-9101-def3a7933a7f,/W_SENSE,F.Cu,"(69.6976, 12.4968)","(69.6976, 18.4912)",0.2,5.9944,R09,0.1999996,0.1999996,2.00000108,PASS
MORI_power_P5R6,e8d22def-48f2-4bec-b5d2-0d40bd3f971f,/W_SENSE,F.Cu,"(69.6976, 12.4968)","(70.815199, 11.3792)",0.2,1.580524,R09,0.1999996,0.1999996,2.00000108,PASS
MORI_power_P5R6,34cfb9b1-ccf2-4bf7-a0cb-8890d7a63f68,/W_SENSE,B.Cu,"(70.5104, 5.08)","(68.6816, 3.2512)",0.2,2.586314,R09,0.1999996,0.1999996,2.00000108,PASS
MORI_power_P5R6,4934c3b3-c18c-4811-a078-b7d90dc35c94,/W_SENSE,B.Cu,"(58.3184, 8.7376)","(63.5, 8.7376)",0.2,5.1816,R09,0.1999996,0.1999996,2.00000108,PASS
MORI_power_P5R6,65c53615-9765-49bc-af0a-90ba68e48c1d,/W_SENSE,B.Cu,"(68.6816, 3.2512)","(58.3184, 3.2512)",0.2,10.3632,R09,0.1999996,0.1999996,2.00000108,PASS
MORI_power_P5R6,79387945-8f16-4d0c-bd08-133c8a96be74,/W_SENSE,B.Cu,"(63.5, 8.7376)","(64.1096, 9.347199)",0.2,0.862104,R09,0.1999996,0.1999996,2.00000108,PASS
MORI_power_P5R6,8d6f73ea-257f-4fab-a666-3973b868844c,/W_SENSE,B.Cu,"(58.3184, 3.2512)","(58.2168, 3.3528)",0.2,0.143684,R09,0.1999996,0.1999996,2.00000108,PASS
MORI_power_P5R6,b64e6f50-1d3c-4a3a-be6c-c3bf48321f62,/W_SENSE,B.Cu,"(62.0, 20.5232)","(70.7136, 20.5232)",0.2,8.7136,R09,0.1999996,0.1999996,2.00000108,PASS
MORI_power_P5R6,c6ec2578-3a64-4a65-bc48-73f358b993f2,/W_SENSE,B.Cu,"(58.2168, 8.636)","(58.3184, 8.7376)",0.2,0.143684,R09,0.1999996,0.1999996,2.00000108,PASS
MORI_power_P5R6,e744525a-6cf5-46ed-8845-66ee49d14bf3,/W_SENSE,B.Cu,"(70.5104, 11.074399)","(70.5104, 5.08)",0.2,5.994399,R09,0.1999996,0.1999996,2.00000108,PASS
MORI_power_P5R6,f2b49c19-3902-4768-8990-e2750610bb35,/W_SENSE,B.Cu,"(70.815199, 11.3792)","(70.5104, 11.074399)",0.2,0.431052,R09,0.1999996,0.1999996,2.00000108,PASS
MORI_power_P5R6,ff2ebae0-c9b5-4927-9215-ad40393c706d,/W_SENSE,B.Cu,"(58.2168, 3.3528)","(58.2168, 8.636)",0.2,5.2832,R09,0.1999996,0.1999996,2.00000108,PASS
MORI_power_P5R6,13230fdb-ce91-4d3b-81cd-60a0d180f925,/H_OVSENSE,F.Cu,"(55.372, 31.2928)","(55.372, 28.7528)",0.2,2.54,R09,0.1999996,0.1999996,2.00000108,PASS
MORI_power_P5R6,191b6f3f-8238-41e9-a882-0322366453c5,/H_OVSENSE,F.Cu,"(56.184799, 32.003999)","(57.6072, 33.4264)",0.2,2.011579,R09,0.1999996,0.1999996,2.00000108,PASS
MORI_power_P5R6,2bdad104-267a-4864-b750-bc005c901e6f,/H_OVSENSE,F.Cu,"(56.0832, 32.003999)","(55.372, 31.2928)",0.2,1.005788,R09,0.1999996,0.1999996,2.00000108,PASS
MORI_power_P5R6,33fee06c-e0cf-4dce-93ba-79718e32cb8d,/H_OVSENSE,F.Cu,"(64.312799, 39.8272)","(64.211199, 39.7256)",0.2,0.143684,R09,0.1999996,0.1999996,2.00000108,PASS
MORI_power_P5R6,3afd7c83-099e-416c-be7e-8c0108591fde,/H_OVSENSE,F.Cu,"(69.088, 35.1536)","(69.6976, 36.779199)",0.2,1.736141,R09,0.1999996,0.1999996,2.00000108,PASS
MORI_power_P5R6,4180081a-16b9-4d15-8dc1-e4ee8a047050,/H_OVSENSE,F.Cu,"(70.2056, 38.5064)","(69.6976, 37.998399)",0.2,0.718421,R09,0.1999996,0.1999996,2.00000108,PASS
MORI_power_P5R6,43239ed0-769a-49bc-8271-745a65a87580,/H_OVSENSE,F.Cu,"(68.8848, 39.8272)","(64.312799, 39.8272)",0.2,4.572001,R09,0.1999996,0.1999996,2.00000108,PASS
MORI_power_P5R6,59802687-1a6c-44c7-9ed1-e2d4f1e161df,/H_OVSENSE,F.Cu,"(56.184799, 32.003999)","(56.0832, 32.003999)",0.2,0.101599,R09,0.1999996,0.1999996,2.00000108,PASS
MORI_power_P5R6,7da3eaae-4095-4a5c-be88-72a669c990f0,/H_OVSENSE,F.Cu,"(67.475, 35.135)","(69.1, 35.135)",0.2,1.625,R09,0.1999996,0.1999996,2.00000108,PASS
MORI_power_P5R6,a3abcadd-4564-4f9b-b074-b2e213f9c329,/H_OVSENSE,F.Cu,"(57.404, 37.8968)","(57.6072, 37.6936)",0.2,0.287368,R09,0.1999996,0.1999996,2.00000108,PASS
MORI_power_P5R6,c75a2e5d-ec12-458d-92d0-39a25c3a6f3e,/H_OVSENSE,F.Cu,"(69.6976, 37.998399)","(69.6976, 36.7792)",0.2,1.219199,R09,0.1999996,0.1999996,2.00000108,PASS
MORI_power_P5R6,cb2cc209-a463-459c-9628-9c83ee18c226,/H_OVSENSE,F.Cu,"(57.404, 38.7096)","(57.404, 37.8968)",0.2,0.8128,R09,0.1999996,0.1999996,2.00000108,PASS
MORI_power_P5R6,e1eccf2d-0eb5-4b3a-9122-41be8211ca5a,/H_OVSENSE,F.Cu,"(57.6072, 37.6936)","(57.6072, 33.4264)",0.2,4.2672,R09,0.1999996,0.1999996,2.00000108,PASS
MORI_power_P5R6,fe9fe409-ec5a-4945-b423-4da19ce75051,/H_OVSENSE,F.Cu,"(70.2056, 38.5064)","(68.8848, 39.8272)",0.2,1.867893,R09,0.1999996,0.1999996,2.00000108,PASS
MORI_power_P5R6,30206756-795c-4d29-8314-729945f6807a,/H_OVSENSE,B.Cu,"(59.436, 38.7096)","(57.404, 38.7096)",0.2,2.032,R09,0.1999996,0.1999996,2.00000108,PASS
MORI_power_P5R6,bc592134-ccc6-499f-98df-84d4b241fae5,/H_OVSENSE,B.Cu,"(60.452, 39.7256)","(59.436, 38.7096)",0.2,1.436841,R09,0.1999996,0.1999996,2.00000108,PASS
MORI_power_P5R6,f6c4d5e1-e7da-47dd-8926-fcb1a99c0169,/H_OVSENSE,B.Cu,"(64.211199, 39.7256)","(60.452, 39.7256)",0.2,3.759199,R09,0.1999996,0.1999996,2.00000108,PASS
MORI_power_P5R6,2d9c6579-13d4-4900-9a9c-c467552ef19c,/H_VM,F.Cu,"(72.7456, 37.8968)","(72.7456, 38.8112)",0.2,0.9144,R08,0.1999996,0.499999,5.00000016,PASS
MORI_power_P5R6,38d94127-a817-4443-b710-4f1ef5f21124,/H_VM,F.Cu,"(56.9388, 28.5496)","(57.404, 29.0148)",0.2,0.657892,R08,0.1999996,0.499999,5.00000016,PASS
MORI_power_P5R6,4f19586b-d8e5-4395-96cd-3ddcfd0b075f,/H_VM,F.Cu,"(49.095, 37.375)","(52.905, 37.375)",1.2,3.81,R08,0.1999996,0.499999,5.00000016,PASS
MORI_power_P5R6,56c38d32-804b-4826-8ecd-bf6140189abe,/H_VM,F.Cu,"(50.0, 40.28)","(50.0, 44.0)",1.0,3.72,R08,0.1999996,0.499999,5.00000016,PASS
MORI_power_P5R6,5d7b7a6f-024c-4585-bbe6-6754ffc0dfc8,/H_VM,F.Cu,"(70.5104, 33.528)","(69.6976, 32.715199)",0.2,1.149473,R08,0.1999996,0.499999,5.00000016,PASS
MORI_power_P5R6,61ba6c08-3322-440f-91ca-2b00052eab73,/H_VM,F.Cu,"(71.3232, 36.474399)","(72.7456, 37.8968)",0.2,2.011578,R08,0.1999996,0.499999,5.00000016,PASS
MORI_power_P5R6,859cc1fd-0ba2-4d34-acea-2b0e3631fc01,/H_VM,F.Cu,"(67.475, 32.595)","(69.725, 32.595)",0.2,2.25,R08,0.1999996,0.499999,5.00000016,PASS
MORI_power_P5R6,8efe39bf-862e-42f4-94bd-6739de04fba0,/H_VM,F.Cu,"(52.905, 37.375)","(50.0, 40.28)",1.0,4.10829,R08,0.1999996,0.499999,5.00000016,PASS
MORI_power_P5R6,91e8ffd0-d164-4fb4-a634-187fa6a83c02,/H_VM,F.Cu,"(70.0024, 31.699199)","(71.729599, 29.971999)",0.2,2.442629,R08,0.1999996,0.499999,5.00000016,PASS
MORI_power_P5R6,a107f663-616b-41a5-9b8f-011a3674333c,/H_VM,F.Cu,"(70.0, 32.225)","(70.0, 31.699999)",0.2,0.525001,R08,0.1999996,0.499999,5.00000016,PASS
MORI_power_P5R6,a4ca370c-83ac-4838-b2c3-91515ade59a3,/H_VM,F.Cu,"(71.729599, 29.971999)","(71.729599, 28.549599)",0.2,1.4224,R08,0.1999996,0.499999,5.00000016,PASS
MORI_power_P5R6,b2614091-b872-4b45-b098-f33b0cd16525,/H_VM,F.Cu,"(53.0, 44.0)","(50.0, 44.0)",0.8,3.0,R08,0.1999996,0.499999,5.00000016,PASS
MORI_power_P5R6,c5b1121c-34ab-4c82-afb3-2b6d6ff24e3f,/H_VM,F.Cu,"(72.7456, 38.8112)","(71.9328, 39.623999)",0.2,1.149472,R08,0.1999996,0.499999,5.00000016,PASS
MORI_power_P5R6,f2024fa6-8a01-4d69-a005-7009f489aad5,/H_VM,F.Cu,"(57.404, 29.0148)","(57.404, 30.988)",0.2,1.9732,R08,0.1999996,0.499999,5.00000016,PASS
MORI_power_P5R6,ff7b63ba-2512-4de3-aa7b-45488dfb5000,/H_VM,F.Cu,"(60.96, 37.388799)","(60.96, 38.3032)",0.2,0.914401,R08,0.1999996,0.499999,5.00000016,PASS
MORI_power_P5R6,06f2b40f-6c72-4fa2-96b7-f4a3913b300d,/H_VM,B.Cu,"(66.497199, 40.2844)","(66.497199, 42.5196)",1.0,2.2352,R08,0.1999996,0.499999,5.00000016,PASS
MORI_power_P5R6,08adbfde-12a7-4e30-b7fa-88ef88306e42,/H_VM,B.Cu,"(50.0888, 43.230799)","(50.0888, 41.6052)",1.0,1.625599,R08,0.1999996,0.499999,5.00000016,PASS
MORI_power_P5R6,0b0851b4-41f2-4de7-b599-3c521eefb24d,/H_VM,B.Cu,"(60.96, 36.9824)","(57.404, 33.4264)",0.2,5.028943,R08,0.1999996,0.499999,5.00000016,PASS
MORI_power_P5R6,29a429a3-1671-48f9-ace6-acd861ee7b57,/H_VM,B.Cu,"(71.9328, 39.623999)","(71.729599, 39.623999)",0.2,0.203201,R08,0.1999996,0.499999,5.00000016,PASS
MORI_power_P5R6,2c0dbdbf-08eb-4e7e-a5f2-56c2b5772e7c,/H_VM,B.Cu,"(72.339199, 40.2844)","(72.339199, 46.3804)",1.0,6.096,R08,0.1999996,0.499999,5.00000016,PASS
MORI_power_P5R6,3403017b-8c8a-4237-9cce-3358916b2ac6,/H_VM,B.Cu,"(72.339199, 46.3804)","(73.152, 47.1932)",1.0,1.149473,R08,0.1999996,0.499999,5.00000016,PASS
MORI_power_P5R6,35f5616e-b43f-4fee-a150-348f9a8fd699,/H_VM,B.Cu,"(73.152, 47.1932)","(73.152, 48.666399)",1.0,1.473199,R08,0.1999996,0.499999,5.00000016,PASS
MORI_power_P5R6,5579db4e-d61c-4c83-95d7-790f84e06885,/H_VM,B.Cu,"(70.5104, 33.528)","(72.2376, 35.255199)",0.2,2.442629,R08,0.1999996,0.499999,5.00000016,PASS
MORI_power_P5R6,55ac5673-2fbc-4ba4-80e3-9f9b2723ac7f,/H_VM,B.Cu,"(52.9844, 43.992799)","(50.8508, 43.992799)",1.0,2.1336,R08,0.1999996,0.499999,5.00000016,PASS
MORI_power_P5R6,5cfa2dd6-5a0f-485a-82de-0429edabf86f,/H_VM,B.Cu,"(65.6844, 39.623999)","(65.8368, 39.623999)",1.0,0.1524,R08,0.1999996,0.499999,5.00000016,PASS
MORI_power_P5R6,619c4040-91d0-4f2c-9adb-a301e7880715,/H_VM,B.Cu,"(50.0888, 41.6052)","(54.1528, 37.5412)",1.0,5.747364,R08,0.1999996,0.499999,5.00000016,PASS
MORI_power_P5R6,69e054cd-690d-4072-bfe5-5494566f4f1f,/H_VM,B.Cu,"(50.8508, 43.992799)","(50.0888, 43.230799)",1.0,1.077631,R08,0.1999996,0.499999,5.00000016,PASS
MORI_power_P5R6,763e0a8f-45b0-43a4-bbb8-2111c4e9e436,/H_VM,B.Cu,"(65.8368, 39.623999)","(66.497199, 40.2844)",1.0,0.933947,R08,0.1999996,0.499999,5.00000016,PASS
MORI_power_P5R6,76607e79-d02b-435e-ab15-ebec9cc56753,/H_VM,B.Cu,"(60.96, 37.388799)","(60.96, 36.9824)",0.2,0.406399,R08,0.1999996,0.499999,5.00000016,PASS
MORI_power_P5R6,774e9c2b-8652-421b-98c5-225fbf671d8d,/H_VM,B.Cu,"(71.8312, 49.9872)","(70.0024, 49.9872)",1.0,1.8288,R08,0.1999996,0.499999,5.00000016,PASS
MORI_power_P5R6,8c403e5e-adb5-4821-a7aa-4b3a5e5fff3b,/H_VM,B.Cu,"(73.152, 48.666399)","(71.8312, 49.9872)",1.0,1.867894,R08,0.1999996,0.499999,5.00000016,PASS
MORI_power_P5R6,8f239ff3-ca32-45cb-9506-b01836bd0948,/H_VM,B.Cu,"(71.6788, 39.623999)","(72.339199, 40.2844)",1.0,0.933947,R08,0.1999996,0.499999,5.00000016,PASS
MORI_power_P5R6,aeb0e52e-fad2-40b9-b01b-8c3055f896c4,/H_VM,B.Cu,"(57.404, 33.4264)","(57.404, 30.988)",0.2,2.4384,R08,0.1999996,0.499999,5.00000016,PASS
MORI_power_P5R6,b0a72515-d85e-4c00-8ac6-5038eab6a3ec,/H_VM,B.Cu,"(63.6016, 37.5412)","(65.6844, 39.623999)",1.0,2.945523,R08,0.1999996,0.499999,5.00000016,PASS
MORI_power_P5R6,b857b2c7-0802-48e3-8ee1-9a567d9e0169,/H_VM,B.Cu,"(66.497199, 40.2844)","(67.1576, 39.623999)",1.0,0.933948,R08,0.1999996,0.499999,5.00000016,PASS
MORI_power_P5R6,be2a8219-aeda-43d1-9eaa-cd07932830f9,/H_VM,B.Cu,"(54.1528, 37.5412)","(63.6016, 37.5412)",1.0,9.4488,R08,0.1999996,0.499999,5.00000016,PASS
MORI_power_P5R6,be853216-6d64-4599-9318-e47e8de34810,/H_VM,B.Cu,"(72.2376, 35.255199)","(72.2376, 37.1856)",0.2,1.930401,R08,0.1999996,0.499999,5.00000016,PASS
MORI_power_P5R6,d176571a-2bf3-490c-97b0-6c51001ff4fe,/H_VM,B.Cu,"(67.1576, 39.623999)","(71.6788, 39.623999)",1.0,4.5212,R08,0.1999996,0.499999,5.00000016,PASS
MORI_power_P5R6,1134ad84-0972-4ceb-97d0-fddc0a45db61,/H_BRAKE_GATE,F.Cu,"(63.175, 30.708599)","(61.6712, 30.708599)",0.2,1.5038,R09,0.1999996,0.1999996,2.00000108,PASS
MORI_power_P5R6,16662521-d0a3-4a56-9460-42be6e27d819,/H_BRAKE_GATE,F.Cu,"(70.4088, 30.1752)","(69.7992, 30.784799)",0.2,0.862104,R09,0.1999996,0.1999996,2.00000108,PASS
MORI_power_P5R6,19cfd5cd-8292-4668-893e-bc6885eaa5b0,/H_BRAKE_GATE,F.Cu,"(59.5376, 47.244)","(56.489599, 50.291999)",0.2,4.310523,R09,0.1999996,0.1999996,2.00000108,PASS
MORI_power_P5R6,22a799b3-fe6e-44f1-983c-b31df96e34b4,/H_BRAKE_GATE,F.Cu,"(73.9648, 29.057599)","(77.0128, 29.057599)",0.2,3.048,R09,0.1999996,0.1999996,2.00000108,PASS
MORI_power_P5R6,2512ae14-2c44-4f8c-bf4c-2e8c3263be2d,/H_BRAKE_GATE,F.Cu,"(77.0128, 29.057599)","(77.9272, 29.971999)",0.2,1.293157,R09,0.1999996,0.1999996,2.00000108,PASS
MORI_power_P5R6,38a2d936-93db-43ed-9568-caa997a28da1,/H_BRAKE_GATE,F.Cu,"(70.4088, 29.667199)","(70.4088, 30.1752)",0.2,0.508001,R09,0.1999996,0.1999996,2.00000108,PASS
MORI_power_P5R6,5d5ad21b-d619-4f10-ba01-72447a6be1a6,/H_BRAKE_GATE,F.Cu,"(65.8368, 30.784799)","(69.7992, 30.784799)",0.2,3.9624,R09,0.1999996,0.1999996,2.00000108,PASS
MORI_power_P5R6,72c6d26e-087b-42e4-af2c-f065ede61b5d,/H_BRAKE_GATE,F.Cu,"(56.489599, 50.596799)","(57.7088, 50.596799)",0.2,1.219201,R09,0.1999996,0.1999996,2.00000108,PASS
MORI_power_P5R6,819585f6-07d3-4c09-b495-13e962a5c59c,/H_BRAKE_GATE,F.Cu,"(76.0984, 47.244)","(59.5376, 47.244)",0.2,16.5608,R09,0.1999996,0.1999996,2.00000108,PASS
MORI_power_P5R6,91d36330-27b5-4261-a7dc-f95b6e9660a5,/H_BRAKE_GATE,F.Cu,"(73.152, 28.2448)","(73.9648, 29.0576)",0.2,1.149473,R09,0.1999996,0.1999996,2.00000108,PASS
MORI_power_P5R6,abec1ddd-66ba-4816-a875-d1622ce1b16e,/H_BRAKE_GATE,F.Cu,"(70.612, 28.448)","(70.612, 29.464)",0.2,1.016,R09,0.1999996,0.1999996,2.00000108,PASS
MORI_power_P5R6,ae67bf31-bf64-43f5-bc31-1613d5485d78,/H_BRAKE_GATE,F.Cu,"(77.9272, 29.971999)","(77.9272, 45.4152)",0.2,15.443201,R09,0.1999996,0.1999996,2.00000108,PASS
MORI_power_P5R6,b0dc8e9c-feb9-4dfa-80a0-f2928eb272ea,/H_BRAKE_GATE,F.Cu,"(61.6712, 30.6832)","(61.6712, 32.512)",0.2,1.8288,R09,0.1999996,0.1999996,2.00000108,PASS
MORI_power_P5R6,c74ce9fb-9ecc-442e-a27c-363fd227b327,/H_BRAKE_GATE,F.Cu,"(73.152, 28.0416)","(72.7456, 27.635199)",0.2,0.574737,R09,0.1999996,0.1999996,2.00000108,PASS
MORI_power_P5R6,d7f7f865-c055-4d0f-bfae-926efc813c8b,/H_BRAKE_GATE,F.Cu,"(71.424799, 27.635199)","(70.612, 28.448)",0.2,1.149473,R09,0.1999996,0.1999996,2.00000108,PASS
MORI_power_P5R6,de2187a3-dacb-4cea-9768-2502a1fa179a,/H_BRAKE_GATE,F.Cu,"(70.612, 29.464)","(70.4088, 29.667199)",0.2,0.287367,R09,0.1999996,0.1999996,2.00000108,PASS
MORI_power_P5R6,e9df5c8b-b42e-4348-922a-62ad045c2304,/H_BRAKE_GATE,F.Cu,"(72.7456, 27.635199)","(71.424799, 27.635199)",0.2,1.320801,R09,0.1999996,0.1999996,2.00000108,PASS
MORI_power_P5R6,ee99b5f6-dbe3-40c8-8b94-834a8630f961,/H_BRAKE_GATE,F.Cu,"(77.9272, 45.4152)","(76.0984, 47.244)",0.2,2.586314,R09,0.1999996,0.1999996,2.00000108,PASS
MORI_power_P5R6,0ae4ac9c-920d-4c41-968a-a6bbb1477120,/H_BRAKE_GATE,B.Cu,"(64.4144, 31.2928)","(63.093599, 31.2928)",0.2,1.320801,R09,0.1999996,0.1999996,2.00000108,PASS
MORI_power_P5R6,0b598a76-484f-4029-a097-abd1270005a2,/H_BRAKE_GATE,B.Cu,"(64.922399, 30.784799)","(64.4144, 31.2928)",0.2,0.71842,R09,0.1999996,0.1999996,2.00000108,PASS
MORI_power_P5R6,0fdf7ede-65e4-4a1d-93fa-3ba9d09cc0a9,/H_BRAKE_GATE,B.Cu,"(64.922399, 30.784799)","(65.8368, 30.784799)",0.2,0.914401,R09,0.1999996,0.1999996,2.00000108,PASS
MORI_power_P5R6,dd9cdc2a-fc1f-4dfd-8175-a63a99cb83ea,/H_BRAKE_GATE,B.Cu,"(63.093599, 31.2928)","(62.483999, 30.6832)",0.2,0.862105,R09,0.1999996,0.1999996,2.00000108,PASS
MORI_power_P5R6,f6edc33a-ac02-4636-a43f-af00fb68edc5,/H_BRAKE_GATE,B.Cu,"(62.483999, 30.6832)","(61.6712, 30.708599)",0.2,0.813196,R09,0.1999996,0.1999996,2.00000108,PASS
MORI_power_P5R6,2c49f2be-f845-459e-86aa-b4332c77b05b,/M5_BOOT,F.Cu,"(28.35, 25.05)","(28.35, 22.8)",0.2,2.25,R08,0.1999996,0.499999,5.00000016,PASS
MORI_power_P5R6,0e6f3135-020c-4235-b6a0-8f23eb84e7af,/BAT_REV,F.Cu,"(27.675, 13.905)","(28.175, 14.405)",0.2,0.707107,R08,0.1999996,0.499999,5.00000016,PASS
MORI_power_P5R6,29d60c4c-2ac5-4027-ad48-c2e8e21f0af7,/BAT_REV,F.Cu,"(26.375, 11.365)","(26.375, 13.905)",1.2,2.54,R08,0.1999996,0.499999,5.00000016,PASS
MORI_power_P5R6,2c5bb16c-654d-4da5-b73a-5796752fd82e,/BAT_REV,F.Cu,"(30.0375, 14.6)","(29.175, 15.4625)",0.2,1.219759,R08,0.1999996,0.499999,5.00000016,PASS
MORI_power_P5R6,4de0f48b-e4ae-4d19-b969-ff1fb4f11155,/BAT_REV,F.Cu,"(26.375, 12.635)","(27.009999, 12.0)",2.0,0.898025,R08,0.1999996,0.499999,5.00000016,PASS
MORI_power_P5R6,788cf554-2480-43d2-8aee-eebae2fbca2f,/BAT_REV,F.Cu,"(29.175, 15.4625)","(29.175, 16.5)",0.2,1.0375,R08,0.1999996,0.499999,5.00000016,PASS
MORI_power_P5R6,79f312a4-5fb9-48ce-8315-00a9cc9968ea,/BAT_REV,F.Cu,"(27.009999, 12.0)","(29.35, 12.0)",2.0,2.340001,R08,0.1999996,0.499999,5.00000016,PASS
MORI_power_P5R6,a75af3ab-853a-4be8-8a7b-71d6d26a9136,/BAT_REV,F.Cu,"(28.175, 14.405)","(28.175, 17.000001)",0.2,2.595001,R08,0.1999996,0.499999,5.00000016,PASS
MORI_power_P5R6,b524dbca-8444-4388-8676-761d7e87f665,/BAT_REV,F.Cu,"(27.675001, 17.5)","(27.4, 17.5)",0.2,0.275001,R08,0.1999996,0.499999,5.00000016,PASS
MORI_power_P5R6,b99f9059-5665-4b85-aa49-ad3c49894661,/BAT_REV,F.Cu,"(28.175, 17.000001)","(27.675001, 17.5)",0.2,0.707105,R08,0.1999996,0.499999,5.00000016,PASS
MORI_power_P5R6,d0ed0b52-db04-4387-92c8-d3ef30ca561e,/BAT_REV,F.Cu,"(30.0375, 13.35)","(30.0375, 14.6)",0.2,1.25,R08,0.1999996,0.499999,5.00000016,PASS
MORI_power_P5R6,dae918bf-d3f5-41f7-810d-521b75aaf4cf,/BAT_REV,F.Cu,"(26.375, 13.905)","(27.675, 13.905)",0.2,1.3,R08,0.1999996,0.499999,5.00000016,PASS
MORI_power_P5R6,211c9ebe-582d-4fb5-bb2f-b634e8b9b094,/REV_GATE,F.Cu,"(25.5016, 10.058399)","(27.1272, 10.058399)",0.2,1.6256,R09,0.1999996,0.1999996,2.00000108,PASS
MORI_power_P5R6,24634914-2338-49e8-9369-8ea36ccf9f1a,/REV_GATE,F.Cu,"(25.0952, 15.9512)","(24.485599, 16.5608)",0.2,0.862105,R09,0.1999996,0.1999996,2.00000108,PASS
MORI_power_P5R6,70dbc408-7448-42fe-9635-6849b32c2a8c,/REV_GATE,F.Cu,"(24.485599, 16.5608)","(24.485599, 17.3736)",0.2,0.8128,R09,0.1999996,0.1999996,2.00000108,PASS
MORI_power_P5R6,fe1f79a4-bd07-45eb-a189-f2070f777956,/REV_GATE,F.Cu,"(22.825, 17.5)","(24.6, 17.5)",0.2,1.775,R09,0.1999996,0.1999996,2.00000108,PASS
MORI_power_P5R6,52d7eda5-86eb-40ce-a9e1-e4d2f788e68f,/REV_GATE,B.Cu,"(27.1272, 10.058399)","(25.0952, 12.090399)",0.2,2.873682,R09,0.1999996,0.1999996,2.00000108,PASS
MORI_power_P5R6,d3115017-05b1-48d3-8671-91c8196d4587,/REV_GATE,B.Cu,"(25.0952, 12.090399)","(25.0952, 15.9512)",0.2,3.860801,R09,0.1999996,0.1999996,2.00000108,PASS
MORI_power_P5R6,2781ce04-2ea2-4489-9760-2863a67af80e,/BAT_IN,F.Cu,"(17.875, 10.095)","(17.875, 13.905)",1.2,3.81,R08,0.1999996,0.499999,5.00000016,PASS
MORI_power_P5R6,43407018-3905-4c74-bfdc-cdfcdfa8b5bd,/BAT_IN,F.Cu,"(19.625, 10.095)","(17.875, 10.095)",2.0,1.75,R08,0.1999996,0.499999,5.00000016,PASS
MORI_power_P5R6,48f3e02f-6ffb-4964-8b5a-0e9b2a3e076e,/BAT_IN,F.Cu,"(19.625, 10.095)","(19.625, 13.905)",1.2,3.81,R08,0.1999996,0.499999,5.00000016,PASS
MORI_power_P5R6,106ef97f-c39a-467e-9240-c05fef8269ee,/KELVIN_N,F.Cu,"(38.0, 17.325)","(38.0, 18.95)",0.381,1.625,R39,0.381,0.381,0.381,PASS
MORI_power_P5R6,6ba01ee7-d892-4d06-958a-a8c39897de3a,/KELVIN_N,F.Cu,"(38.0, 18.95)","(37.5, 19.45)",0.381,0.707107,R39,0.381,0.381,0.381,PASS
MORI_power_P5R6,b30d9d50-cc6b-4d41-a622-066194541d1b,/KELVIN_N,F.Cu,"(37.5, 19.45)","(35.1375, 19.45)",0.381,2.3625,R39,0.381,0.381,0.381,PASS
MORI_power_P5R6,00cc9aec-020a-4e42-852f-2dd2d259bded,/C5_VIN,F.Cu,"(23.275, 41.6)","(22.45, 40.775)",0.6,1.166726,R08,0.1999996,0.499999,5.00000016,PASS
MORI_power_P5R6,08cdf530-28a8-4001-b264-61bc4c809196,/C5_VIN,F.Cu,"(24.45, 41.6)","(24.45, 41.9)",0.6,0.3,R08,0.1999996,0.499999,5.00000016,PASS
MORI_power_P5R6,0da68d61-8dd1-4d1e-b0f4-f157aededa28,/C5_VIN,F.Cu,"(30.5, 39.455)","(30.5, 41.3)",0.8,1.845,R08,0.1999996,0.499999,5.00000016,PASS
MORI_power_P5R6,24362a95-1c09-4ddb-b846-f9ffb119913b,/C5_VIN,F.Cu,"(24.9, 40.95)","(24.25, 41.6)",0.6,0.919239,R08,0.1999996,0.499999,5.00000016,PASS
MORI_power_P5R6,30ba6c1d-460d-4189-b5a8-237c949d6c16,/C5_VIN,F.Cu,"(24.9, 40.95)","(24.9, 42.824999)",0.8,1.874999,R08,0.1999996,0.499999,5.00000016,PASS
MORI_power_P5R6,ebcaff89-981b-4fd0-9148-e0fd441ef3d8,/C5_VIN,F.Cu,"(22.5, 42.225)","(22.5, 42.925)",0.8,0.7,R08,0.1999996,0.499999,5.00000016,PASS
MORI_power_P5R6,ee922b16-177e-4abc-a2c5-6e89305d95c6,/C5_VIN,F.Cu,"(24.9, 42.824999)","(26.5, 42.925)",0.8,1.603122,R08,0.1999996,0.499999,5.00000016,PASS
MORI_power_P5R6,ef5a9f80-01cb-4bb7-9f4a-3bb0b4c1e704,/C5_VIN,F.Cu,"(24.25, 41.6)","(23.275, 41.6)",0.6,0.975,R08,0.1999996,0.499999,5.00000016,PASS
MORI_power_P5R6,f5c04e49-aa15-41ab-9826-10c3ff5e3749,/C5_VIN,F.Cu,"(22.45, 40.775)","(22.5, 42.225)",0.8,1.450862,R08,0.1999996,0.499999,5.00000016,PASS
MORI_power_P5R6,7bb5ded4-befd-4e0d-a021-0041c27f25b3,/C5_VIN,B.Cu,"(29.0, 41.8)","(24.55, 41.8)",0.6,4.45,R08,0.1999996,0.499999,5.00000016,PASS
MORI_power_P5R6,8bf33c55-e884-4250-bfa9-a5ccec734527,/C5_VIN,B.Cu,"(24.55, 41.8)","(24.45, 41.9)",0.6,0.141421,R08,0.1999996,0.499999,5.00000016,PASS
MORI_power_P5R6,f1e0d166-c5fa-4389-84c7-5ec8e7042a89,/C5_VIN,B.Cu,"(29.5, 41.3)","(29.0, 41.8)",0.6,0.707107,R08,0.1999996,0.499999,5.00000016,PASS
MORI_power_P5R6,f77b9b98-48b0-44d7-be61-9bd94155816f,/C5_VIN,B.Cu,"(30.5, 41.3)","(29.5, 41.3)",0.6,1.0,R08,0.1999996,0.499999,5.00000016,PASS
MORI_power_P5R6,12854358-0339-43b6-83eb-c0e29eab5a78,/W_OVSENSE,F.Cu,"(66.344799, 21.2344)","(66.344799, 20.116799)",0.2,1.117601,R09,0.1999996,0.1999996,2.00000108,PASS
MORI_power_P5R6,1f2ec992-3146-4f3a-ad81-fd1ad7ce1f79,/W_OVSENSE,F.Cu,"(65.125599, 18.8976)","(65.125599, 16.662399)",0.2,2.235201,R09,0.1999996,0.1999996,2.00000108,PASS
MORI_power_P5R6,3c6231e0-d313-46e6-ae1d-d960fa6b5af2,/W_OVSENSE,F.Cu,"(73.0504, 25.5016)","(74.167999, 25.5016)",0.2,1.117599,R09,0.1999996,0.1999996,2.00000108,PASS
MORI_power_P5R6,78b95f56-de5c-45b8-b7c3-77c0db35fbab,/W_OVSENSE,F.Cu,"(67.1576, 22.0472)","(66.344799, 21.2344)",0.2,1.149473,R09,0.1999996,0.1999996,2.00000108,PASS
MORI_power_P5R6,7cd5d20f-58d4-4869-a0f7-448cf444629e,/W_OVSENSE,F.Cu,"(66.344799, 20.116799)","(65.125599, 18.8976)",0.2,1.724208,R09,0.1999996,0.1999996,2.00000108,PASS
MORI_power_P5R6,8b181740-de50-4e18-ad0b-e52bdced4703,/W_OVSENSE,F.Cu,"(70.0024, 22.453599)","(73.0504, 25.5016)",0.2,4.310524,R09,0.1999996,0.1999996,2.00000108,PASS
MORI_power_P5R6,c2802b90-312c-4ad6-9fdc-9cc0b7f52c9e,/W_OVSENSE,F.Cu,"(69.6976, 22.0472)","(67.1576, 22.0472)",0.2,2.54,R09,0.1999996,0.1999996,2.00000108,PASS
MORI_power_P5R6,3da5d4d5-1e8c-465d-a5d6-0e1e355978c8,/W_BUS,B.Cu,"(74.9808, 12.2936)","(74.9808, 14.0208)",0.2,1.7272,R09,0.1999996,0.1999996,2.00000108,PASS
MORI_power_P5R6,4273b603-8c91-4700-8b56-593f98f3972a,/W_BUS,B.Cu,"(73.152, 25.1968)","(68.7832, 25.1968)",0.2,4.3688,R09,0.1999996,0.1999996,2.00000108,PASS
MORI_power_P5R6,42bea088-4d29-45d4-bb2f-63416d693021,/W_BUS,B.Cu,"(75.8952, 11.3792)","(74.9808, 12.2936)",0.2,1.293157,R09,0.1999996,0.1999996,2.00000108,PASS
MORI_power_P5R6,4fc071b6-b27a-47bd-b3ce-094683bd7475,/W_BUS,B.Cu,"(74.9808, 35.864799)","(75.692, 36.576)",0.2,1.005789,R09,0.1999996,0.1999996,2.00000108,PASS
MORI_power_P5R6,50597ed5-ad63-4f79-8a33-6af7a6ec1b24,/W_BUS,B.Cu,"(78.4352, 11.3792)","(75.8952, 11.3792)",0.2,2.54,R09,0.1999996,0.1999996,2.00000108,PASS
MORI_power_P5R6,80160d36-a8b4-4e0b-a642-2be7b6ae69c4,/W_BUS,B.Cu,"(78.5368, 21.539199)","(78.5368, 11.4808)",0.2,10.058399,R09,0.1999996,0.1999996,2.00000108,PASS
MORI_power_P5R6,8733a440-8ab9-4d95-87f1-db9e539aaa4d,/W_BUS,B.Cu,"(75.692, 36.576)","(77.8256, 36.576)",0.2,2.1336,R09,0.1999996,0.1999996,2.00000108,PASS
MORI_power_P5R6,891910c6-3dc7-4fc1-a313-08078996698b,/W_BUS,B.Cu,"(78.4352, 21.6408)","(78.5368, 21.539199)",0.2,0.143685,R09,0.1999996,0.1999996,2.00000108,PASS
MORI_power_P5R6,9d3d6342-1d5c-457e-abba-967801c03e79,/W_BUS,B.Cu,"(77.9272, 36.474399)","(77.9272, 29.971999)",0.2,6.5024,R09,0.1999996,0.1999996,2.00000108,PASS
MORI_power_P5R6,a9a35c24-1156-4079-be2d-74d0ec95f807,/W_BUS,B.Cu,"(77.8256, 36.576)","(77.9272, 36.474399)",0.2,0.143685,R09,0.1999996,0.1999996,2.00000108,PASS
MORI_power_P5R6,bc25bc4a-364b-4dd2-bf46-b1004e6131ca,/W_BUS,B.Cu,"(73.152, 25.1968)","(76.708, 21.6408)",0.2,5.028943,R09,0.1999996,0.1999996,2.00000108,PASS
MORI_power_P5R6,ca9c9108-4887-4d98-8299-beae90dd31b3,/W_BUS,B.Cu,"(74.9808, 34.036)","(74.9808, 35.864799)",0.2,1.828799,R09,0.1999996,0.1999996,2.00000108,PASS
MORI_power_P5R6,ce958acf-3a9d-4251-8c19-3c91370520ac,/W_BUS,B.Cu,"(77.9272, 29.971999)","(73.152, 25.1968)",0.2,6.753152,R09,0.1999996,0.1999996,2.00000108,PASS
MORI_power_P5R6,d9270645-ff12-4e92-920d-6a12bf0d512f,/W_BUS,B.Cu,"(68.7832, 25.1968)","(67.9704, 26.0096)",0.2,1.149473,R09,0.1999996,0.1999996,2.00000108,PASS
MORI_power_P5R6,dd1875db-9f68-41db-bf97-46271504fd02,/W_BUS,B.Cu,"(76.708, 21.6408)","(78.4352, 21.6408)",0.2,1.7272,R09,0.1999996,0.1999996,2.00000108,PASS
MORI_power_P5R6,e8bc0f41-874c-48c8-ab13-14ef95d7665a,/W_BUS,B.Cu,"(78.5368, 11.4808)","(78.4352, 11.3792)",0.2,0.143684,R09,0.1999996,0.1999996,2.00000108,PASS
MORI_power_P5R6,1850eefc-1011-4431-b4e4-545536c48747,/W_VM,F.Cu,"(71.0, 16.0)","(71.0, 15.299999)",0.2,0.700001,R08,0.1999996,0.499999,5.00000016,PASS
MORI_power_P5R6,1a0c6461-0862-4782-b725-6964173222ab,/W_VM,F.Cu,"(67.905, 16.475)","(67.905, 18.2)",0.2,1.725,R08,0.1999996,0.499999,5.00000016,PASS
MORI_power_P5R6,270b68a8-0a36-4a25-a418-0e5bec08d88c,/W_VM,F.Cu,"(56.388, 10.6172)","(58.3184, 10.6172)",1.5,1.9304,R08,0.1999996,0.499999,5.00000016,PASS
MORI_power_P5R6,2adf5162-d409-48b6-9273-6d67f0a2b7a0,/W_VM,F.Cu,"(68.58, 21.2344)","(69.7992, 20.0152)",0.2,1.724209,R08,0.1999996,0.499999,5.00000016,PASS
MORI_power_P5R6,2e87176a-a06c-4bf9-8484-3f4de1f2f58a,/W_VM,F.Cu,"(54.7624, 16.205199)","(52.120799, 16.205199)",1.5,2.641601,R08,0.1999996,0.499999,5.00000016,PASS
MORI_power_P5R6,2efe459b-e5b5-4648-8484-1aa3889495be,/W_VM,F.Cu,"(75.0, 16.5)","(72.149999, 16.5)",1.5,2.850001,R08,0.1999996,0.499999,5.00000016,PASS
MORI_power_P5R6,2f8abf3c-50cd-4928-9143-9341f1f0b8fa,/W_VM,F.Cu,"(48.6, 19.725998)","(48.6, 22.0)",1.5,2.274002,R08,0.1999996,0.499999,5.00000016,PASS
MORI_power_P5R6,56077ef5-1b8c-4bc8-a597-995698240323,/W_VM,F.Cu,"(71.5, 16.5)","(71.0, 16.0)",0.2,0.707107,R08,0.1999996,0.499999,5.00000016,PASS
MORI_power_P5R6,5b252785-bab9-483f-8c9b-68a0dca42ad9,/W_VM,F.Cu,"(61.325, 10.0)","(61.825, 10.0)",0.8,0.5,R08,0.1999996,0.499999,5.00000016,PASS
MORI_power_P5R6,5c65416d-fa57-4de1-bfec-90ae1b0a3c1c,/W_VM,F.Cu,"(62.0, 17.975)","(62.0, 17.475)",0.8,0.5,R08,0.1999996,0.499999,5.00000016,PASS
MORI_power_P5R6,60e42f3e-0bbe-4c39-af18-645eaa80891d,/W_VM,F.Cu,"(64.675, 20.8)","(64.675, 21.977601)",0.2,1.177601,R08,0.1999996,0.499999,5.00000016,PASS
MORI_power_P5R6,62f94ab3-133c-4a42-93b2-468f0e68eb19,/W_VM,F.Cu,"(64.675, 20.8)","(64.175, 20.8)",0.8,0.5,R08,0.1999996,0.499999,5.00000016,PASS
MORI_power_P5R6,8422dfe4-e523-4ad5-9807-881d2d1daf12,/W_VM,F.Cu,"(55.727599, 15.24)","(54.7624, 16.205199)",1.5,1.364998,R08,0.1999996,0.499999,5.00000016,PASS
MORI_power_P5R6,9000af88-8a09-413a-9ae6-05297cb22bb6,/W_VM,F.Cu,"(71.0, 14.775)","(71.0, 15.299999)",0.8,0.524999,R08,0.1999996,0.499999,5.00000016,PASS
MORI_power_P5R6,93ef1ac8-b1e6-4156-9cc6-6b17e20dc15d,/W_VM,F.Cu,"(62.0776, 16.9672)","(62.0776, 17.3736)",0.2,0.4064,R08,0.1999996,0.499999,5.00000016,PASS
MORI_power_P5R6,a5ac036d-65d7-4a15-8f6b-fdd7b52a1057,/W_VM,F.Cu,"(52.120799, 16.205199)","(48.6, 19.725998)",1.5,4.979162,R08,0.1999996,0.499999,5.00000016,PASS
MORI_power_P5R6,a654dc7a-095b-4673-9a6c-321fd43ae688,/W_VM,F.Cu,"(64.675, 21.977601)","(65.506599, 22.8092)",0.2,1.176059,R08,0.1999996,0.499999,5.00000016,PASS
MORI_power_P5R6,b03dfe20-21fc-4452-95aa-d0a6630c194e,/W_VM,F.Cu,"(65.506599, 26.0)","(65.506599, 22.8092)",0.8,3.1908,R08,0.1999996,0.499999,5.00000016,PASS
MORI_power_P5R6,b190b117-fbed-47bd-ba05-0f6480ad8bdf,/W_VM,F.Cu,"(55.727599, 14.681199)","(55.727599, 15.24)",1.5,0.558801,R08,0.1999996,0.499999,5.00000016,PASS
MORI_power_P5R6,bcd7d38b-84f9-411b-8fd7-e9071ea59099,/W_VM,F.Cu,"(65.532, 22.86)","(61.2648, 22.86)",1.5,4.2672,R08,0.1999996,0.499999,5.00000016,PASS
MORI_power_P5R6,bf15fbc7-f7c7-46e4-8963-8cfdb8bf5957,/W_VM,F.Cu,"(60.6552, 11.176)","(61.3664, 10.4648)",0.2,1.005789,R08,0.1999996,0.499999,5.00000016,PASS
MORI_power_P5R6,c855a017-1310-432a-bc70-b9018e8211fb,/W_VM,F.Cu,"(56.375, 10.595)","(56.375, 14.405)",1.2,3.81,R08,0.1999996,0.499999,5.00000016,PASS
MORI_power_P5R6,cbfd4944-0487-47f4-8496-92f520258e77,/W_VM,F.Cu,"(48.818799, 21.2852)","(49.53, 21.996399)",1.5,1.005789,R08,0.1999996,0.499999,5.00000016,PASS
MORI_power_P5R6,d3edb725-6e66-409d-b8f4-286d7410f102,/W_VM,F.Cu,"(49.53, 21.996399)","(52.0192, 21.996399)",1.5,2.4892,R08,0.1999996,0.499999,5.00000016,PASS
MORI_power_P5R6,fb1ca575-de21-45bb-86de-67c63a02b61a,/W_VM,F.Cu,"(46.325, 21.0)","(48.4, 21.0)",0.2,2.075,R08,0.1999996,0.499999,5.00000016,PASS
MORI_power_P5R6,25448e3d-afda-4991-900f-0c282c5936d3,/W_VM,B.Cu,"(69.3928, 11.176)","(60.6552, 11.176)",1.5,8.7376,R08,0.1999996,0.499999,5.00000016,PASS
MORI_power_P5R6,6a470c60-34fa-4b40-ba69-7cb521f11136,/W_VM,B.Cu,"(68.1736, 18.1864)","(67.905, 18.2)",0.2,0.268944,R08,0.1999996,0.499999,5.00000016,PASS
MORI_power_P5R6,74009457-2784-407f-8b2c-36cf32d59c89,/W_VM,B.Cu,"(65.532, 24.2824)","(68.58, 21.2344)",0.2,4.310523,R08,0.1999996,0.499999,5.00000016,PASS
MORI_power_P5R6,7479da2b-b3fa-4904-9b44-e308d9196497,/W_VM,B.Cu,"(61.976, 16.8656)","(62.0776, 16.9672)",0.2,0.143684,R08,0.1999996,0.499999,5.00000016,PASS
MORI_power_P5R6,776bd729-3157-4b7e-8282-78905f51f273,/W_VM,B.Cu,"(69.3928, 7.2136)","(68.1736, 5.9944)",1.5,1.724209,R08,0.1999996,0.499999,5.00000016,PASS
MORI_power_P5R6,78fc3ea8-63de-46ee-8d71-31fc0e0b2bd1,/W_VM,B.Cu,"(58.3184, 10.6172)","(59.181999, 10.6172)",1.5,0.863599,R08,0.1999996,0.499999,5.00000016,PASS
MORI_power_P5R6,8bdac883-e2b8-475b-9ee6-32bd1fb85ce0,/W_VM,B.Cu,"(59.181999, 10.6172)","(59.7408, 11.176)",1.5,0.790263,R08,0.1999996,0.499999,5.00000016,PASS
MORI_power_P5R6,8c7ee716-2aaa-45c9-8604-06b3e988db32,/W_VM,B.Cu,"(69.596, 16.764)","(69.9008, 16.4592)",1.5,0.431052,R08,0.1999996,0.499999,5.00000016,PASS
MORI_power_P5R6,a3e480a2-0459-40b0-9056-dc120a72879e,/W_VM,B.Cu,"(68.1736, 5.9944)","(65.9892, 5.9944)",1.5,2.1844,R08,0.1999996,0.499999,5.00000016,PASS
MORI_power_P5R6,a46618b0-8976-40ae-a341-aa2693d3edeb,/W_VM,B.Cu,"(69.3928, 16.0)","(69.8928, 16.5)",1.5,0.707107,R08,0.1999996,0.499999,5.00000016,PASS
MORI_power_P5R6,a7dbdb04-93c3-4abb-8d61-3ae8b0c63c22,/W_VM,B.Cu,"(65.532, 26.0096)","(65.532, 24.2824)",0.2,1.7272,R08,0.1999996,0.499999,5.00000016,PASS
MORI_power_P5R6,afbdaaa7-2270-498c-b6b4-d8115d434a6f,/W_VM,B.Cu,"(60.3504, 21.9456)","(60.3504, 18.4912)",1.5,3.4544,R08,0.1999996,0.499999,5.00000016,PASS
MORI_power_P5R6,c38bd671-ad54-4a29-b525-fd4dac1656e0,/W_VM,B.Cu,"(69.8928, 16.5)","(75.0, 16.5)",1.5,5.1072,R08,0.1999996,0.499999,5.00000016,PASS
MORI_power_P5R6,c8d0b161-4f10-4d3a-b801-cb909bd2b0e4,/W_VM,B.Cu,"(61.2648, 22.86)","(60.3504, 21.9456)",1.5,1.293157,R08,0.1999996,0.499999,5.00000016,PASS
MORI_power_P5R6,ce18f77a-3112-426f-aa08-a24981e4c566,/W_VM,B.Cu,"(60.3504, 18.4912)","(62.0776, 16.764)",1.5,2.44263,R08,0.1999996,0.499999,5.00000016,PASS
MORI_power_P5R6,cf98fe77-fd23-43c4-8c01-1f09cbf823ee,/W_VM,B.Cu,"(62.0776, 16.764)","(69.596, 16.764)",1.5,7.5184,R08,0.1999996,0.499999,5.00000016,PASS
MORI_power_P5R6,d03f970b-1e7d-4908-af85-7f0c5ed8ea95,/W_VM,B.Cu,"(68.1736, 16.764)","(68.1736, 18.1864)",0.2,1.4224,R08,0.1999996,0.499999,5.00000016,PASS
MORI_power_P5R6,de96842b-a73e-4e75-b751-610c47bcbf81,/W_VM,B.Cu,"(69.3928, 7.2136)","(69.3928, 16.0)",1.5,8.7864,R08,0.1999996,0.499999,5.00000016,PASS
MORI_power_P5R6,05ec9955-b808-4349-bbdf-77b45e376aec,/W_DUMP_D,F.Cu,"(57.810399, 3.2512)","(57.810399, 4.673599)",1.0,1.422399,R08,0.1999996,0.499999,5.00000016,PASS
MORI_power_P5R6,45ad8699-b7b7-40c3-94c8-592cb7719092,/W_DUMP_D,F.Cu,"(58.2168, 2.8448)","(57.810399, 3.2512)",1.0,0.574737,R08,0.1999996,0.499999,5.00000016,PASS
MORI_power_P5R6,4babc3a2-22bf-4d6c-9145-06f353ac1f46,/W_DUMP_D,F.Cu,"(59.436, 6.2992)","(60.6552, 6.2992)",1.0,1.2192,R08,0.1999996,0.499999,5.00000016,PASS
MORI_power_P5R6,839adefa-586f-4120-a182-f850023950a7,/W_DUMP_D,F.Cu,"(68.7832, 2.8448)","(58.2168, 2.8448)",1.0,10.5664,R08,0.1999996,0.499999,5.00000016,PASS
MORI_power_P5R6,a1d696ea-4c8e-457f-883b-8b38f9271afd,/W_DUMP_D,F.Cu,"(70.104, 4.165599)","(68.7832, 2.8448)",1.0,1.867893,R08,0.1999996,0.499999,5.00000016,PASS
MORI_power_P5R6,b0717590-98a1-4cdc-9031-dcf21023f66e,/W_DUMP_D,F.Cu,"(57.810399, 4.673599)","(59.436, 6.2992)",1.0,2.298947,R08,0.1999996,0.499999,5.00000016,PASS
MORI_power_P5R6,e2397fde-5131-4043-9670-4bfff76a6abf,/W_DUMP_D,F.Cu,"(70.104, 6.5024)","(70.104, 4.165599)",1.0,2.336801,R08,0.1999996,0.499999,5.00000016,PASS
MORI_power_P5R6,33f1fa6d-cdff-4611-945a-231708a0223e,/H_DUMP_D,F.Cu,"(55.4736, 52.9336)","(60.6552, 52.9336)",1.0,5.1816,R08,0.1999996,0.499999,5.00000016,PASS
MORI_power_P5R6,3ae95368-2e5e-43e6-a75a-f2184f466547,/H_DUMP_D,F.Cu,"(65.0, 50.0)","(61.874399, 49.9872)",1.0,3.125627,R08,0.1999996,0.499999,5.00000016,PASS
MORI_power_P5R6,64865b57-8eee-4406-b184-76219a00abd2,/H_DUMP_D,B.Cu,"(61.874399, 51.7144)","(61.874399, 49.9872)",1.0,1.7272,R08,0.1999996,0.499999,5.00000016,PASS
MORI_power_P5R6,8669ebdd-585f-4587-b0cc-e1396cb38e1a,/H_DUMP_D,B.Cu,"(60.6552, 52.9336)","(61.874399, 51.7144)",1.0,1.724208,R08,0.1999996,0.499999,5.00000016,PASS
MORI_power_P5R6,0736359c-661e-4578-a6b5-8b9ededcda34,/W_REF,F.Cu,"(63.093599, 9.4488)","(63.451247, 9.806447)",0.2,0.50579,R09,0.1999996,0.1999996,2.00000108,PASS
MORI_power_P5R6,440747c0-2890-4a6f-9c7c-871fd6ee595d,/W_REF,F.Cu,"(66.039999, 10.5664)","(65.6336, 10.16)",0.2,0.574736,R09,0.1999996,0.1999996,2.00000108,PASS
MORI_power_P5R6,66295014-9d47-4ea3-82d7-3e5c07dbecc9,/W_REF,F.Cu,"(66.649599, 11.4808)","(66.039999, 10.8712)",0.2,0.862105,R09,0.1999996,0.1999996,2.00000108,PASS
MORI_power_P5R6,6a3306fa-dc42-4871-9181-7a902d753929,/W_REF,F.Cu,"(58.5216, 12.5984)","(61.3664, 12.5984)",0.2,2.8448,R09,0.1999996,0.1999996,2.00000108,PASS
MORI_power_P5R6,71aabb24-728c-4121-a5a3-02cc78eff70c,/W_REF,F.Cu,"(65.6336, 9.753599)","(65.6336, 10.16)",0.2,0.406401,R09,0.1999996,0.1999996,2.00000108,PASS
MORI_power_P5R6,93dc37ef-9f9f-42e9-8bf4-7807d47bd271,/W_REF,F.Cu,"(66.039999, 10.8712)","(66.039999, 10.5664)",0.2,0.3048,R09,0.1999996,0.1999996,2.00000108,PASS
MORI_power_P5R6,a483b5f4-53f9-4bd1-ab0c-aa15c0d261b1,/W_REF,F.Cu,"(61.3664, 12.5984)","(61.3664, 14.020799)",0.2,1.422399,R09,0.1999996,0.1999996,2.00000108,PASS
MORI_power_P5R6,c37754f0-e6ac-442e-9780-b48ac20f5c39,/W_REF,F.Cu,"(63.451247, 9.806447)","(63.451247, 10.513552)",0.2,0.707105,R09,0.1999996,0.1999996,2.00000108,PASS
MORI_power_P5R6,d485bc51-cf8c-4be9-b781-cdbd089dbde1,/W_REF,F.Cu,"(58.5216, 12.5984)","(59.639199, 11.4808)",0.2,1.580524,R09,0.1999996,0.1999996,2.00000108,PASS
MORI_power_P5R6,e54fc0f5-70ec-4095-b157-3536ec36403f,/W_REF,F.Cu,"(61.3664, 14.020799)","(63.8048, 16.4592)",0.2,3.448419,R09,0.1999996,0.1999996,2.00000108,PASS
MORI_power_P5R6,f296054f-8729-41f4-be19-02120f91fb72,/W_REF,F.Cu,"(63.451247, 10.513552)","(61.3664, 12.5984)",0.2,2.94842,R09,0.1999996,0.1999996,2.00000108,PASS
MORI_power_P5R6,fd227e12-fd73-42c2-a383-64454219be0d,/W_REF,F.Cu,"(59.639199, 11.4808)","(59.639199, 9.9568)",0.2,1.524,R09,0.1999996,0.1999996,2.00000108,PASS
MORI_power_P5R6,01507c83-ec8f-47b6-be17-11b32bb5af35,/W_REF,B.Cu,"(63.093599, 9.4488)","(63.703199, 10.058399)",0.2,0.862104,R09,0.1999996,0.1999996,2.00000108,PASS
MORI_power_P5R6,65284d74-c492-4dcf-8e36-a67216b521d9,/W_REF,B.Cu,"(63.703199, 10.058399)","(65.3288, 10.058399)",0.2,1.625601,R09,0.1999996,0.1999996,2.00000108,PASS
MORI_power_P5R6,7ea5ecd0-9395-434b-bb3e-239f830e55f3,/W_REF,B.Cu,"(65.3288, 10.058399)","(65.6336, 9.753599)",0.2,0.431052,R09,0.1999996,0.1999996,2.00000108,PASS
MORI_power_P5R6,02ba0947-df59-4ea9-8c0f-b506dcc0db02,/FAULT_N,F.Cu,"(60.452, 22.148799)","(59.5376, 23.0632)",0.2,1.293158,R09,0.1999996,0.1999996,2.00000108,PASS
MORI_power_P5R6,1cf29296-d4b9-4137-a32a-1f0b4329b321,/FAULT_N,F.Cu,"(67.475, 33.8582)","(69.2658, 33.8582)",0.2,1.7908,R09,0.1999996,0.1999996,2.00000108,PASS
MORI_power_P5R6,336257f4-dce3-4465-bbc5-6caf4c4e6b0d,/FAULT_N,F.Cu,"(61.7728, 16.256)","(60.452, 17.5768)",0.2,1.867893,R09,0.1999996,0.1999996,2.00000108,PASS
MORI_power_P5R6,465eb919-3911-4854-b474-a254523406de,/FAULT_N,F.Cu,"(62.3824, 16.256)","(61.7728, 16.256)",0.2,0.6096,R09,0.1999996,0.1999996,2.00000108,PASS
MORI_power_P5R6,486948b0-a72a-40ca-8cc5-a836fff924bd,/FAULT_N,F.Cu,"(60.452, 17.5768)","(60.452, 22.148799)",0.2,4.571999,R09,0.1999996,0.1999996,2.00000108,PASS
MORI_power_P5R6,58a267cd-e08b-456e-b5bd-fced25681b9e,/FAULT_N,F.Cu,"(59.5376, 23.0632)","(59.5376, 24.2824)",0.2,1.2192,R09,0.1999996,0.1999996,2.00000108,PASS
MORI_power_P5R6,7d0ead46-880f-4227-9f75-12cf9e6fc80d,/FAULT_N,F.Cu,"(62.788799, 16.662399)","(62.3824, 16.256)",0.2,0.574735,R09,0.1999996,0.1999996,2.00000108,PASS
MORI_power_P5R6,94370a07-1cbe-4471-8784-3330726059aa,/FAULT_N,F.Cu,"(66.6242, 16.475)","(66.6242, 18.2626)",0.2,1.7876,R09,0.1999996,0.1999996,2.00000108,PASS
MORI_power_P5R6,a3fa8ca9-5153-481a-8704-7388cf51e809,/FAULT_N,F.Cu,"(63.093599, 18.4912)","(62.788799, 18.1864)",0.2,0.431052,R09,0.1999996,0.1999996,2.00000108,PASS
MORI_power_P5R6,d3066538-fc95-4d35-8035-ba789ecea019,/FAULT_N,F.Cu,"(44.5, 30.988)","(47.1932, 30.988)",0.2,2.6932,R09,0.1999996,0.1999996,2.00000108,PASS
MORI_power_P5R6,d68f6b73-c220-47cf-8de9-889f52b24467,/FAULT_N,F.Cu,"(62.788799, 18.1864)","(62.788799, 16.662399)",0.2,1.524001,R09,0.1999996,0.1999996,2.00000108,PASS
MORI_power_P5R6,186e45d1-2c6b-4688-857e-c488ded20169,/FAULT_N,B.Cu,"(56.6928, 27.1272)","(50.0888, 27.1272)",0.2,6.604,R09,0.1999996,0.1999996,2.00000108,PASS
MORI_power_P5R6,3b0f4b6e-e563-466c-a6ca-b5197609835f,/FAULT_N,B.Cu,"(50.0888, 27.1272)","(49.5808, 26.6192)",0.2,0.71842,R09,0.1999996,0.1999996,2.00000108,PASS
MORI_power_P5R6,3b9cb696-3725-4668-9992-0e4e2b091145,/FAULT_N,B.Cu,"(64.7192, 20.116799)","(63.093599, 18.4912)",0.2,2.298946,R09,0.1999996,0.1999996,2.00000108,PASS
MORI_power_P5R6,3c1459b5-418e-4215-8f4a-74f4a9f71109,/FAULT_N,B.Cu,"(46.837599, 30.6832)","(47.142399, 30.988)",0.2,0.431052,R09,0.1999996,0.1999996,2.00000108,PASS
MORI_power_P5R6,5e33e18b-74e1-4fea-a47d-815062b4fc55,/FAULT_N,B.Cu,"(49.712, 30.988)","(47.1932, 30.988)",0.2,2.5188,R09,0.1999996,0.1999996,2.00000108,PASS
MORI_power_P5R6,66808211-bcd8-41e8-9721-a9522c6f544b,/FAULT_N,B.Cu,"(68.4658, 29.7)","(61.5, 29.7)",0.2,6.9658,R09,0.1999996,0.1999996,2.00000108,PASS
MORI_power_P5R6,7f03e24f-2f79-410d-ac09-9c64a9eeff93,/FAULT_N,B.Cu,"(61.0, 30.2)","(50.5, 30.2)",0.2,10.5,R09,0.1999996,0.1999996,2.00000108,PASS
MORI_power_P5R6,965ce78f-c1bf-4405-9742-e627c95ab6a5,/FAULT_N,B.Cu,"(50.5, 30.2)","(49.712, 30.988)",0.2,1.1144,R09,0.1999996,0.1999996,2.00000108,PASS
MORI_power_P5R6,a9e948b6-60be-459d-a60f-e6e33eaa604e,/FAULT_N,B.Cu,"(48.666399, 26.6192)","(46.837599, 28.448)",0.2,2.586314,R09,0.1999996,0.1999996,2.00000108,PASS
MORI_power_P5R6,ab11874c-d3e7-45ba-9d82-5a6d323112d2,/FAULT_N,B.Cu,"(59.5376, 24.2824)","(56.6928, 27.1272)",0.2,4.023155,R09,0.1999996,0.1999996,2.00000108,PASS
MORI_power_P5R6,b1ca66b5-c62d-4777-b62d-b8fa362c7436,/FAULT_N,B.Cu,"(46.837599, 28.448)","(46.837599, 30.6832)",0.2,2.2352,R09,0.1999996,0.1999996,2.00000108,PASS
MORI_power_P5R6,b1e8dcd1-5d0f-4c43-bdf7-7cde28c144bc,/FAULT_N,B.Cu,"(49.5808, 26.6192)","(48.666399, 26.6192)",0.2,0.914401,R09,0.1999996,0.1999996,2.00000108,PASS
MORI_power_P5R6,d134cbaf-4309-48ee-a56f-7cd65e383cc9,/FAULT_N,B.Cu,"(61.5, 29.7)","(61.0, 30.2)",0.2,0.707107,R09,0.1999996,0.1999996,2.00000108,PASS
MORI_power_P5R6,ddc24603-87c6-4a7b-87c3-65e79d4ca28f,/FAULT_N,B.Cu,"(66.4464, 20.0152)","(66.344799, 20.116799)",0.2,0.143684,R09,0.1999996,0.1999996,2.00000108,PASS
MORI_power_P5R6,e34be0c0-eb2b-4d16-8642-7abc64a3c392,/FAULT_N,B.Cu,"(66.6242, 18.2626)","(66.4464, 20.0152)",0.2,1.761596,R09,0.1999996,0.1999996,2.00000108,PASS
MORI_power_P5R6,e8c47e53-88b5-4794-a878-b5c3df39b6ed,/FAULT_N,B.Cu,"(69.2658, 30.5)","(68.4658, 29.7)",0.2,1.131371,R09,0.1999996,0.1999996,2.00000108,PASS
MORI_power_P5R6,eecdac62-b268-4abf-a39a-b50e058c73ca,/FAULT_N,B.Cu,"(66.344799, 20.116799)","(64.7192, 20.116799)",0.2,1.625599,R09,0.1999996,0.1999996,2.00000108,PASS
MORI_power_P5R6,f71914a2-2953-4f0d-859a-dec11dd6d32d,/FAULT_N,B.Cu,"(69.2658, 33.8582)","(69.2658, 30.5)",0.2,3.3582,R09,0.1999996,0.1999996,2.00000108,PASS
MORI_power_P5R6,159109f0-c3d4-4338-875d-b83cf1a2fbc8,/H6_IN,F.Cu,"(48.1584, 45.059599)","(47.3964, 44.297599)",1.0,1.077631,R08,0.1999996,0.499999,5.00000016,PASS
MORI_power_P5R6,20861aa4-64f8-419a-9461-4e05d150d6a1,/H6_IN,F.Cu,"(48.1584, 48.666399)","(48.1584, 45.059599)",1.0,3.6068,R08,0.1999996,0.499999,5.00000016,PASS
MORI_power_P5R6,4d71f7b9-49d0-4dd7-aff5-338de1368b0b,/H6_IN,F.Cu,"(45.974, 49.022)","(47.8028, 49.022)",1.0,1.8288,R08,0.1999996,0.499999,5.00000016,PASS
MORI_power_P5R6,623a2ff0-4778-412b-bd59-76b1e427fb23,/H6_IN,F.Cu,"(47.8028, 49.022)","(48.1584, 48.666399)",1.0,0.502895,R08,0.1999996,0.499999,5.00000016,PASS
MORI_power_P5R6,908c7005-3347-4da9-800e-4206e96933e0,/H6_IN,F.Cu,"(42.1132, 44.297599)","(36.8808, 39.0652)",1.0,7.39973,R08,0.1999996,0.499999,5.00000016,PASS
MORI_power_P5R6,9b27e1ec-a5da-48c9-856d-761b629979eb,/H6_IN,F.Cu,"(47.3964, 44.297599)","(42.1132, 44.297599)",1.0,5.2832,R08,0.1999996,0.499999,5.00000016,PASS
MORI_power_P5R6,0aa2d2bd-b4c4-4418-abc8-a2bd395e8dcf,/H_REF,F.Cu,"(65.024, 37.388799)","(66.548, 37.6936)",0.2,1.554181,R09,0.1999996,0.1999996,2.00000108,PASS
MORI_power_P5R6,28e8cf0b-6c12-4ae2-bd88-ea2fad677c17,/H_REF,F.Cu,"(60.1472, 29.8704)","(69.6976, 29.8704)",0.2,9.5504,R09,0.1999996,0.1999996,2.00000108,PASS
MORI_power_P5R6,4c24ac09-ac40-4f2b-b0ee-7a197e8266cd,/H_REF,F.Cu,"(70.815199, 34.6456)","(70.815199, 35.4584)",0.2,0.8128,R09,0.1999996,0.1999996,2.00000108,PASS
MORI_power_P5R6,8fb295fc-836a-41a7-bd96-81fdebb08b25,/H_REF,F.Cu,"(59.4375, 29.112499)","(58.825, 28.5)",0.2,0.866205,R09,0.1999996,0.1999996,2.00000108,PASS
MORI_power_P5R6,945a871f-4932-4e5f-b249-7acadd356e71,/H_REF,F.Cu,"(71.729599, 33.7312)","(70.815199, 34.6456)",0.2,1.293157,R09,0.1999996,0.1999996,2.00000108,PASS
MORI_power_P5R6,9e80e96f-4b88-41c7-b865-f16409e0745a,/H_REF,F.Cu,"(60.1472, 29.8704)","(59.4375, 32.95)",0.2,3.160318,R09,0.1999996,0.1999996,2.00000108,PASS
MORI_power_P5R6,9ed2454c-dfd5-4bfa-af1b-7914c9c75577,/H_REF,F.Cu,"(59.943999, 32.9184)","(60.6552, 32.2072)",0.2,1.005789,R09,0.1999996,0.1999996,2.00000108,PASS
MORI_power_P5R6,bffbd910-a0c0-4cf3-9fde-96df6b42ca49,/H_REF,F.Cu,"(60.1472, 29.8704)","(59.436, 29.1592)",0.2,1.005789,R09,0.1999996,0.1999996,2.00000108,PASS
MORI_power_P5R6,c03f6ee4-439a-4acb-8325-584ea9b47354,/H_REF,F.Cu,"(66.548, 37.6936)","(67.6656, 36.576)",0.2,1.580525,R09,0.1999996,0.1999996,2.00000108,PASS
MORI_power_P5R6,fb9d06bc-ad6c-4db1-8e80-b9dd9c8b0f1f,/H_REF,F.Cu,"(60.6552, 34.9504)","(61.874399, 33.7312)",0.2,1.724208,R09,0.1999996,0.1999996,2.00000108,PASS
MORI_power_P5R6,3f0003be-10e6-4308-acb2-7fc62fc469a0,/H_REF,B.Cu,"(71.729599, 33.7312)","(71.729599, 31.902399)",0.2,1.828801,R09,0.1999996,0.1999996,2.00000108,PASS
MORI_power_P5R6,41e18ec0-664f-48fd-97a6-74707acdc58e,/H_REF,B.Cu,"(70.0024, 35.864799)","(68.2752, 35.864799)",0.2,1.7272,R09,0.1999996,0.1999996,2.00000108,PASS
MORI_power_P5R6,442169a5-a629-4750-b92e-bdcc9fa04c0d,/H_REF,B.Cu,"(70.4088, 35.4584)","(70.0024, 35.864799)",0.2,0.574736,R09,0.1999996,0.1999996,2.00000108,PASS
MORI_power_P5R6,60ba62af-fb25-4b48-b196-54cbb51a7a4b,/H_REF,B.Cu,"(71.729599, 31.902399)","(69.6976, 29.8704)",0.2,2.873681,R09,0.1999996,0.1999996,2.00000108,PASS
MORI_power_P5R6,7c700ef1-e3cc-43ee-8b5a-904bce272dde,/H_REF,B.Cu,"(70.815199, 35.4584)","(70.4088, 35.4584)",0.2,0.406399,R09,0.1999996,0.1999996,2.00000108,PASS
MORI_power_P5R6,a296e368-1f5e-48fe-8e5b-040ab48972bd,/H_REF,B.Cu,"(60.6552, 32.2072)","(60.6552, 34.9504)",0.2,2.7432,R09,0.1999996,0.1999996,2.00000108,PASS
MORI_power_P5R6,e04ee28c-9a6e-4e15-85c8-c3c65e2492aa,/H_REF,B.Cu,"(68.2752, 35.864799)","(66.7512, 37.388799)",0.2,2.155261,R09,0.1999996,0.1999996,2.00000108,PASS
MORI_power_P5R6,f48d3935-72fd-4bdc-b348-31cbc5ef7d2c,/H_REF,B.Cu,"(66.7512, 37.388799)","(65.024, 37.388799)",0.2,1.7272,R09,0.1999996,0.1999996,2.00000108,PASS
MORI_power_P5R6,164446d7-3b2a-48fb-9d06-2fa3f79d8548,/H_GATE_LOW,F.Cu,"(55.9816, 35.052)","(53.9496, 33.019999)",0.2,2.873683,R09,0.1999996,0.1999996,2.00000108,PASS
MORI_power_P5R6,25caa5fd-d24c-4684-a7d3-cafe359abf8c,/H_GATE_LOW,F.Cu,"(48.768, 40.0304)","(49.784, 39.014399)",0.2,1.436842,R09,0.1999996,0.1999996,2.00000108,PASS
MORI_power_P5R6,35f44dcf-6744-45a9-bee8-4d6281684cb2,/H_GATE_LOW,F.Cu,"(49.325, 39.0)","(49.825, 39.0)",0.2,0.5,R09,0.1999996,0.1999996,2.00000108,PASS
MORI_power_P5R6,013a57a5-5816-4b3c-bfb3-5170600f6642,/H_GATE_LOW,B.Cu,"(48.4632, 31.9024)","(48.361599, 32.003999)",0.2,0.143684,R09,0.1999996,0.1999996,2.00000108,PASS
MORI_power_P5R6,2cad5ca0-c295-458c-8e78-87973223ee77,/H_GATE_LOW,B.Cu,"(49.0728, 38.5064)","(49.0728, 39.7256)",0.2,1.2192,R09,0.1999996,0.1999996,2.00000108,PASS
MORI_power_P5R6,7f3aa81a-993a-4fcf-96be-32340ce9ed1a,/H_GATE_LOW,B.Cu,"(53.9496, 33.019999)","(53.9496, 32.4024)",0.2,0.617599,R09,0.1999996,0.1999996,2.00000108,PASS
MORI_power_P5R6,80b199e7-5aec-44d7-9f73-afc6c6ef69c0,/H_GATE_LOW,B.Cu,"(53.6448, 32.715199)","(53.6448, 32.105599)",0.2,0.6096,R09,0.1999996,0.1999996,2.00000108,PASS
MORI_power_P5R6,a174f0ef-172e-44b9-9d75-0eb0a92e496d,/H_GATE_LOW,B.Cu,"(48.4632, 31.9024)","(53.4496, 31.9024)",0.2,4.9864,R09,0.1999996,0.1999996,2.00000108,PASS
MORI_power_P5R6,b6ceabab-7127-4c9c-b27c-4071fdd2fa11,/H_GATE_LOW,B.Cu,"(48.361599, 37.7952)","(49.0728, 38.5064)",0.2,1.005789,R09,0.1999996,0.1999996,2.00000108,PASS
MORI_power_P5R6,ddd58d00-7f8b-45f0-8df1-d3dc9a1648f9,/H_GATE_LOW,B.Cu,"(49.0728, 39.7256)","(48.768, 40.0304)",0.2,0.431052,R09,0.1999996,0.1999996,2.00000108,PASS
MORI_power_P5R6,f060a467-cee8-4cb9-9ba1-56834f33d70d,/H_GATE_LOW,B.Cu,"(48.361599, 32.003999)","(48.361599, 37.7952)",0.2,5.791201,R09,0.1999996,0.1999996,2.00000108,PASS
MORI_power_P5R6,f84fc019-5b42-46e7-af7d-d171b3c4afc4,/H_GATE_LOW,B.Cu,"(53.9496, 32.4024)","(53.4496, 31.9024)",0.2,0.707107,R09,0.1999996,0.1999996,2.00000108,PASS
MORI_power_P5R6,291d70bf-1aa7-4b23-8cdc-6a50c34ed883,/KELVIN_P,F.Cu,"(31.55, 17.0)","(31.55, 18.95)",0.381,1.95,R39,0.381,0.381,0.381,PASS
MORI_power_P5R6,2d5f9162-29c9-4939-9c62-5fc9509825a5,/KELVIN_P,F.Cu,"(31.05, 16.5)","(31.55, 17.0)",0.381,0.707107,R39,0.381,0.381,0.381,PASS
MORI_power_P5R6,a2795495-532c-41e4-8d80-0b3521227804,/KELVIN_P,F.Cu,"(31.55, 18.95)","(32.049999, 19.45)",0.381,0.707106,R39,0.381,0.381,0.381,PASS
MORI_power_P5R6,c69f93f5-8ae9-49d0-9174-d1cc8e992782,/KELVIN_P,F.Cu,"(32.049999, 19.45)","(32.862499, 19.45)",0.381,0.8125,R39,0.381,0.381,0.381,PASS
MORI_power_P5R6,509db4ed-fc47-42be-8f12-7058fc987473,/H_PRE,F.Cu,"(50.3936, 30.988)","(50.3936, 25.7048)",1.0,5.2832,R08,0.1999996,0.499999,5.00000016,PASS
MORI_power_P5R6,5cce49d7-f200-4a0e-b144-c83354687220,/H_PRE,F.Cu,"(38.5064, 30.8864)","(36.068, 30.8864)",1.0,2.4384,R08,0.1999996,0.499999,5.00000016,PASS
MORI_power_P5R6,696904ff-04c2-45aa-96f2-5da134ae045d,/H_PRE,F.Cu,"(40.0, 29.3928)","(38.5064, 30.8864)",1.0,2.112269,R08,0.1999996,0.499999,5.00000016,PASS
MORI_power_P5R6,9e6b03cf-e7f8-4224-b715-86b259f35231,/H_PRE,F.Cu,"(50.365, 30.625)","(52.905, 30.625)",1.2,2.54,R08,0.1999996,0.499999,5.00000016,PASS
MORI_power_P5R6,ba200aab-07af-4870-a1a7-fb2af129b8e9,/H_PRE,F.Cu,"(40.0, 28.549599)","(40.0, 29.3928)",1.0,0.843201,R08,0.1999996,0.499999,5.00000016,PASS
MORI_power_P5R6,cdec2d41-4a4f-420a-9672-ea36e680acc0,/H_PRE,F.Cu,"(50.3936, 25.7048)","(49.1744, 24.485599)",1.0,1.72421,R08,0.1999996,0.499999,5.00000016,PASS
MORI_power_P5R6,2d6bb1b7-9b0f-4efc-8751-f5ce2907c54a,/H_PRE,B.Cu,"(42.8752, 22.6568)","(40.0, 25.532)",1.0,4.066147,R08,0.1999996,0.499999,5.00000016,PASS
MORI_power_P5R6,3ba7af3e-2c8c-4488-be3b-2c5a9041d1e8,/H_PRE,B.Cu,"(48.971199, 24.2824)","(48.971199, 23.156799)",1.0,1.125601,R08,0.1999996,0.499999,5.00000016,PASS
MORI_power_P5R6,45b9f50a-68cf-4623-a088-79dd0b9b79e6,/H_PRE,B.Cu,"(48.471199, 22.6568)","(42.8752, 22.6568)",1.0,5.595999,R08,0.1999996,0.499999,5.00000016,PASS
MORI_power_P5R6,57ab05b8-e28d-402a-8a38-bf76b49c4692,/H_PRE,B.Cu,"(48.971199, 23.156799)","(48.471199, 22.6568)",1.0,0.707106,R08,0.1999996,0.499999,5.00000016,PASS
MORI_power_P5R6,9b231ce3-f27a-4a6f-849a-717bebed8c17,/H_PRE,B.Cu,"(40.0, 25.532)","(40.0, 28.549599)",1.0,3.017599,R08,0.1999996,0.499999,5.00000016,PASS
MORI_power_P5R6,c0dd6d44-6333-4b0c-b52a-6ca40b6e6728,/H_PRE,B.Cu,"(49.1744, 24.485599)","(48.971199, 24.2824)",1.0,0.287368,R08,0.1999996,0.499999,5.00000016,PASS
MORI_power_P5R6,06593d68-4f8b-4bde-8543-63147fd731e0,/H_GATE,F.Cu,"(48.666399, 31.9024)","(48.4632, 31.9024)",0.2,0.203199,R09,0.1999996,0.1999996,2.00000108,PASS
MORI_power_P5R6,517b7dcb-f03a-4bad-a86f-4edcfcfc59fb,/H_GATE,F.Cu,"(48.4632, 31.9024)","(47.9552, 32.410399)",0.2,0.71842,R09,0.1999996,0.1999996,2.00000108,PASS
MORI_power_P5R6,57bb9265-490e-4ed7-8ba0-c8527e82e684,/H_GATE,F.Cu,"(47.9552, 37.2872)","(47.5488, 37.6936)",0.2,0.574736,R09,0.1999996,0.1999996,2.00000108,PASS
MORI_power_P5R6,5fb4131c-f61d-42c4-887d-39f791939081,/H_GATE,F.Cu,"(49.0728, 31.496)","(48.666399, 31.9024)",0.2,0.574737,R09,0.1999996,0.1999996,2.00000108,PASS
MORI_power_P5R6,79c11650-c75f-4681-ad64-0c0f1769e0a8,/H_GATE,F.Cu,"(47.9552, 32.410399)","(47.9552, 37.2872)",0.2,4.876801,R09,0.1999996,0.1999996,2.00000108,PASS
MORI_power_P5R6,aa8710cd-4eed-4d35-964a-3f114a1c3ced,/H_GATE,F.Cu,"(49.095, 31.025)","(48.175, 30.104999)",0.2,1.301077,R09,0.1999996,0.1999996,2.00000108,PASS
MORI_power_P5R6,ae500dc4-31c6-4af5-806b-8a6c66d1ad74,/H_GATE,F.Cu,"(47.5488, 37.6936)","(47.5488, 38.9128)",0.2,1.2192,R09,0.1999996,0.1999996,2.00000108,PASS
MORI_power_P5R6,f7772fca-a4a2-4a54-a799-a7e0ff6fad4a,/H_GATE,F.Cu,"(48.175, 30.104999)","(48.175, 29.5)",0.2,0.604999,R09,0.1999996,0.1999996,2.00000108,PASS
MORI_power_P5R6,9f615ed1-5d5f-4c7f-986d-720f7d51bff9,/C5_EN,F.Cu,"(35.1536, 43.7896)","(35.7896, 43.7896)",0.2,0.636,R09,0.1999996,0.1999996,2.00000108,PASS
MORI_power_P5R6,b517fba2-7c27-4af0-a031-1d9e708d052c,/C5_EN,F.Cu,"(32.6136, 41.2496)","(35.1536, 43.7896)",0.2,3.592102,R09,0.1999996,0.1999996,2.00000108,PASS
MORI_power_P5R6,c9262632-ce60-448e-bb4a-e28ac52414ca,/C5_EN,F.Cu,"(35.7896, 43.7896)","(36.5, 44.5)",0.2,1.004657,R09,0.1999996,0.1999996,2.00000108,PASS
MORI_power_P5R6,dc395215-b107-41b1-94d7-f46261d3bf58,/C5_EN,F.Cu,"(28.100001, 40.0)","(27.6, 40.0)",0.2,0.500001,R09,0.1999996,0.1999996,2.00000108,PASS
MORI_power_P5R6,de6f7d1b-c3c9-4bee-a3be-7dd90065f0e5,/C5_EN,F.Cu,"(28.6, 39.500001)","(28.100001, 40.0)",0.2,0.707105,R09,0.1999996,0.1999996,2.00000108,PASS
MORI_power_P5R6,fffa4e34-ff01-4f09-9055-1e004353dbba,/C5_EN,F.Cu,"(28.6, 37.9)","(28.6, 39.500001)",0.2,1.600001,R09,0.1999996,0.1999996,2.00000108,PASS
MORI_power_P5R6,0edc049f-bc63-4811-8f1a-4cc130c99890,/C5_EN,B.Cu,"(28.6, 37.9)","(28.6, 34.2392)",0.2,3.6608,R09,0.1999996,0.1999996,2.00000108,PASS
MORI_power_P5R6,42a7ca69-70a6-4daa-8352-7a6fae907fac,/C5_EN,B.Cu,"(32.003999, 33.934399)","(32.003999, 40.64)",0.2,6.705601,R09,0.1999996,0.1999996,2.00000108,PASS
MORI_power_P5R6,53f02afa-fc20-4303-aa45-ffb83f68643d,/C5_EN,B.Cu,"(28.6, 34.2392)","(29.108, 33.7312)",0.2,0.71842,R09,0.1999996,0.1999996,2.00000108,PASS
MORI_power_P5R6,771625ad-1722-4c0c-949e-226c9e919a2e,/C5_EN,B.Cu,"(29.108, 33.7312)","(31.8008, 33.7312)",0.2,2.6928,R09,0.1999996,0.1999996,2.00000108,PASS
MORI_power_P5R6,9058eaa4-2914-406e-8cca-c21c37139a38,/C5_EN,B.Cu,"(31.8008, 33.7312)","(32.003999, 33.934399)",0.2,0.287367,R09,0.1999996,0.1999996,2.00000108,PASS
MORI_power_P5R6,ab98d88a-4ca1-47f3-9333-d677965e0fdd,/C5_EN,B.Cu,"(32.003999, 40.64)","(32.6136, 41.2496)",0.2,0.862105,R09,0.1999996,0.1999996,2.00000108,PASS
MORI_power_P5R6,02ebc7cd-62b4-421f-895c-e06ffebf6628,/H_SENSE,F.Cu,"(59.436, 39.7256)","(61.874399, 39.7256)",0.2,2.438399,R09,0.1999996,0.1999996,2.00000108,PASS
MORI_power_P5R6,5b6c8993-de18-4c38-a964-c9db0945f1ad,/H_SENSE,F.Cu,"(61.874399, 39.7256)","(62.788799, 38.8112)",0.2,1.293157,R09,0.1999996,0.1999996,2.00000108,PASS
MORI_power_P5R6,5bfe844c-e844-4659-a65e-48985ec50b7e,/H_SENSE,F.Cu,"(61.7914, 35.135)","(60.96, 35.9664)",0.2,1.175777,R09,0.1999996,0.1999996,2.00000108,PASS
MORI_power_P5R6,625f40af-19ca-4b53-b50d-eb9778bf4657,/H_SENSE,F.Cu,"(58.976752, 34.186352)","(59.436, 34.6456)",0.2,0.649475,R09,0.1999996,0.1999996,2.00000108,PASS
MORI_power_P5R6,6fa424f0-9025-4247-b985-909d4b1a0a78,/H_SENSE,F.Cu,"(62.3824, 31.5976)","(64.1096, 31.5976)",0.2,1.7272,R09,0.1999996,0.1999996,2.00000108,PASS
MORI_power_P5R6,8828f9fb-7e28-4563-8211-87c7a5b0ccef,/H_SENSE,F.Cu,"(59.436, 34.6456)","(59.639199, 34.6456)",0.2,0.203199,R09,0.1999996,0.1999996,2.00000108,PASS
MORI_power_P5R6,9842737d-91c4-426b-9a0f-d2b7703cadf2,/H_SENSE,F.Cu,"(62.788799, 38.5064)","(65.6336, 38.5064)",0.2,2.844801,R09,0.1999996,0.1999996,2.00000108,PASS
MORI_power_P5R6,9fab25d3-a913-49a1-8918-33eb4abe9c03,/H_SENSE,F.Cu,"(59.639199, 34.6456)","(59.943999, 34.9504)",0.2,0.431052,R09,0.1999996,0.1999996,2.00000108,PASS
MORI_power_P5R6,b6c3c67d-c729-46a1-96ef-b95ba8e156ef,/H_SENSE,F.Cu,"(64.1096, 31.5976)","(64.820799, 30.8864)",0.2,1.005788,R09,0.1999996,0.1999996,2.00000108,PASS
MORI_power_P5R6,b892fd19-aa5a-4fa1-a22f-74a8e0fe8b2d,/H_SENSE,F.Cu,"(58.0136, 38.3032)","(58.0136, 34.686351)",0.2,3.616849,R09,0.1999996,0.1999996,2.00000108,PASS
MORI_power_P5R6,bbb2ed0a-ad45-481d-9473-3d01f4855303,/H_SENSE,F.Cu,"(58.0136, 34.686351)","(58.513599, 34.186352)",0.2,0.707105,R09,0.1999996,0.1999996,2.00000108,PASS
MORI_power_P5R6,bf20ec6a-95bc-458a-82a2-1f00e6a756a3,/H_SENSE,F.Cu,"(59.943999, 35.2552)","(60.6552, 35.9664)",0.2,1.005789,R09,0.1999996,0.1999996,2.00000108,PASS
MORI_power_P5R6,c4f533a2-76f0-4704-9442-d6b814543245,/H_SENSE,F.Cu,"(59.943999, 34.9504)","(59.943999, 35.2552)",0.2,0.3048,R09,0.1999996,0.1999996,2.00000108,PASS
MORI_power_P5R6,c943945b-c87f-4654-9f0d-728bd30661cd,/H_SENSE,F.Cu,"(58.513599, 34.186352)","(58.976752, 34.186352)",0.2,0.463153,R09,0.1999996,0.1999996,2.00000108,PASS
MORI_power_P5R6,ce693862-553a-4791-b86f-60871edb1668,/H_SENSE,F.Cu,"(60.6552, 35.9664)","(60.96, 35.9664)",0.2,0.3048,R09,0.1999996,0.1999996,2.00000108,PASS
MORI_power_P5R6,fc970fc6-4f18-47c1-8031-16198935158f,/H_SENSE,F.Cu,"(58.0136, 38.3032)","(59.436, 39.7256)",0.2,2.011577,R09,0.1999996,0.1999996,2.00000108,PASS
MORI_power_P5R6,3e43d49b-affd-414c-b43a-500b55712320,/H_SENSE,B.Cu,"(60.6552, 35.9664)","(60.96, 35.9664)",0.2,0.3048,R09,0.1999996,0.1999996,2.00000108,PASS
MORI_power_P5R6,91d7e392-880e-4754-9f91-a3fec5fef8c4,/H_SENSE,B.Cu,"(59.639199, 34.6456)","(59.943999, 34.9504)",0.2,0.431052,R09,0.1999996,0.1999996,2.00000108,PASS
MORI_power_P5R6,bcd2c3c2-f551-45d3-a32d-7340732864da,/H_SENSE,B.Cu,"(59.943999, 35.2552)","(60.6552, 35.9664)",0.2,1.005789,R09,0.1999996,0.1999996,2.00000108,PASS
MORI_power_P5R6,cffbbf87-36da-426a-98da-56740f442e70,/H_SENSE,B.Cu,"(62.3824, 34.544)","(62.3824, 31.5976)",0.2,2.9464,R09,0.1999996,0.1999996,2.00000108,PASS
MORI_power_P5R6,e113ba3c-461f-49ae-94a6-3297ef32bf27,/H_SENSE,B.Cu,"(60.96, 35.9664)","(62.3824, 34.544)",0.2,2.011577,R09,0.1999996,0.1999996,2.00000108,PASS
MORI_power_P5R6,e24fcd80-d64a-47b2-b2d0-8fb218c90509,/H_SENSE,B.Cu,"(59.943999, 34.9504)","(59.943999, 35.2552)",0.2,0.3048,R09,0.1999996,0.1999996,2.00000108,PASS
MORI_power_P5R6,2eb5cd70-b7a3-4852-9060-34ba8c4cc16e,/W_GATE,F.Cu,"(48.26, 16.256)","(49.9872, 14.528799)",0.2,2.44263,R09,0.1999996,0.1999996,2.00000108,PASS
MORI_power_P5R6,ae527b3d-ab80-46da-894e-a38063eb28f6,/W_GATE,F.Cu,"(46.3296, 19.1008)","(46.736, 19.507199)",0.2,0.574736,R09,0.1999996,0.1999996,2.00000108,PASS
MORI_power_P5R6,aee5e80d-c753-4889-ac02-8b3e0ec8ea3e,/W_GATE,F.Cu,"(45.211999, 19.1008)","(46.3296, 19.1008)",0.2,1.117601,R09,0.1999996,0.1999996,2.00000108,PASS
MORI_power_P5R6,04d89a85-7650-4a2d-ac3c-936977dfc427,/W_GATE,B.Cu,"(47.751999, 16.764)","(48.26, 16.256)",0.2,0.718421,R09,0.1999996,0.1999996,2.00000108,PASS
MORI_power_P5R6,17f78da5-9982-419a-b511-6c4c1b03e466,/W_GATE,B.Cu,"(46.9392, 16.764)","(47.751999, 16.764)",0.2,0.812799,R09,0.1999996,0.1999996,2.00000108,PASS
MORI_power_P5R6,8fa15859-4761-4ae8-a86d-984d564eac3a,/W_GATE,B.Cu,"(46.0248, 18.796)","(46.0248, 17.6784)",0.2,1.1176,R09,0.1999996,0.1999996,2.00000108,PASS
MORI_power_P5R6,d072a5c1-e75f-41d4-914b-1cc2dd378669,/W_GATE,B.Cu,"(46.0248, 17.6784)","(46.9392, 16.764)",0.2,1.293157,R09,0.1999996,0.1999996,2.00000108,PASS
MORI_power_P5R6,d83d526b-e13d-49f3-8540-dfee473dfe00,/W_GATE_LOW,F.Cu,"(45.0088, 17.6784)","(42.3672, 17.6784)",0.2,2.6416,R09,0.1999996,0.1999996,2.00000108,PASS
MORI_power_P5R6,e67d7ae3-4f06-46cd-af24-4ddc21be2d03,/W_GATE_LOW,F.Cu,"(42.3672, 17.6784)","(41.9608, 18.084799)",0.2,0.574736,R09,0.1999996,0.1999996,2.00000108,PASS
MORI_power_P5R6,0003bdcb-406d-4732-9d45-dc8fd2c31581,/CURRENT_ADC,F.Cu,"(55.7784, 8.636)","(54.7624, 9.652)",0.2,1.436841,R09,0.1999996,0.1999996,2.00000108,PASS
MORI_power_P5R6,1aedc13d-dad0-4c08-abf7-c54f95182570,/CURRENT_ADC,F.Cu,"(72.339199, 46.3296)","(75.9968, 46.3296)",0.2,3.657601,R09,0.1999996,0.1999996,2.00000108,PASS
MORI_power_P5R6,265b4954-da33-4160-91b4-b99d7b404661,/CURRENT_ADC,F.Cu,"(44.5, 39.0)","(46.0866, 39.0)",0.2,1.5866,R09,0.1999996,0.1999996,2.00000108,PASS
MORI_power_P5R6,2ad45450-e94b-4070-98e2-e1ac3556daab,/CURRENT_ADC,F.Cu,"(46.0866, 39.0)","(48.4886, 41.402)",0.2,3.396941,R09,0.1999996,0.1999996,2.00000108,PASS
MORI_power_P5R6,33099df2-d305-40ae-91a3-3363028f086f,/CURRENT_ADC,F.Cu,"(33.019999, 16.9672)","(33.4264, 16.5608)",0.2,0.574737,R09,0.1999996,0.1999996,2.00000108,PASS
MORI_power_P5R6,43fa758c-9162-4176-86e3-24dccabe9d34,/CURRENT_ADC,F.Cu,"(54.7624, 9.652)","(48.5648, 9.652)",0.2,6.1976,R09,0.1999996,0.1999996,2.00000108,PASS
MORI_power_P5R6,48b79208-f790-4cbe-b877-654db7bfa099,/CURRENT_ADC,F.Cu,"(48.5648, 9.652)","(47.9552, 10.2616)",0.2,0.862105,R09,0.1999996,0.1999996,2.00000108,PASS
MORI_power_P5R6,48f4ac90-fc9a-4484-9db4-fb9da2fcdaf5,/CURRENT_ADC,F.Cu,"(39.8272, 15.849599)","(39.8272, 16.8656)",0.2,1.016001,R09,0.1999996,0.1999996,2.00000108,PASS
MORI_power_P5R6,49319c82-4b8b-4bf3-9891-f3c062f3ae3d,/CURRENT_ADC,F.Cu,"(78.638399, 10.3632)","(70.3072, 2.032)",0.2,11.782095,R09,0.1999996,0.1999996,2.00000108,PASS
MORI_power_P5R6,5fde945a-a3fe-4e56-bc5d-6b0c5ee5c79e,/CURRENT_ADC,F.Cu,"(39.5224, 17.1704)","(39.5224, 19.6088)",0.2,2.4384,R09,0.1999996,0.1999996,2.00000108,PASS
MORI_power_P5R6,65bb7a61-b18b-4f5e-abd4-650d4fd0f474,/CURRENT_ADC,F.Cu,"(61.163199, 46.1264)","(72.136, 46.1264)",0.2,10.972801,R09,0.1999996,0.1999996,2.00000108,PASS
MORI_power_P5R6,6b297b19-66a2-413e-bede-17e9cb7ad296,/CURRENT_ADC,F.Cu,"(55.7784, 4.064)","(55.7784, 8.636)",0.2,4.572,R09,0.1999996,0.1999996,2.00000108,PASS
MORI_power_P5R6,83e290d6-d6e1-4293-add1-3157a8fa75d2,/CURRENT_ADC,F.Cu,"(33.4264, 16.5608)","(34.9504, 16.5608)",0.2,1.524,R09,0.1999996,0.1999996,2.00000108,PASS
MORI_power_P5R6,ad59c09d-9ef2-47e2-83e9-81008a93caec,/CURRENT_ADC,F.Cu,"(57.810399, 2.032)","(55.7784, 4.064)",0.2,2.873681,R09,0.1999996,0.1999996,2.00000108,PASS
MORI_power_P5R6,b8f38e0f-3a57-4b58-9724-0caea4928a3e,/CURRENT_ADC,F.Cu,"(39.8272, 16.8656)","(39.5224, 17.1704)",0.2,0.431052,R09,0.1999996,0.1999996,2.00000108,PASS
MORI_power_P5R6,b9bd9a56-af74-4d10-98cf-a30cda7987bd,/CURRENT_ADC,F.Cu,"(49.275999, 44.3992)","(48.4632, 43.5864)",0.2,1.149472,R09,0.1999996,0.1999996,2.00000108,PASS
MORI_power_P5R6,c9b35673-1943-443a-b762-0d1106f290c3,/CURRENT_ADC,F.Cu,"(70.3072, 2.032)","(57.810399, 2.032)",0.2,12.496801,R09,0.1999996,0.1999996,2.00000108,PASS
MORI_power_P5R6,ca2fd358-84c3-4ab1-91c5-400b09cbdbc0,/CURRENT_ADC,F.Cu,"(72.136, 46.1264)","(72.339199, 46.3296)",0.2,0.287367,R09,0.1999996,0.1999996,2.00000108,PASS
MORI_power_P5R6,cfd62c2f-f1e5-46ca-a359-0e3d82ae45e8,/CURRENT_ADC,F.Cu,"(33.019999, 17.3736)","(33.019999, 16.9672)",0.2,0.4064,R09,0.1999996,0.1999996,2.00000108,PASS
MORI_power_P5R6,dfefd931-c6c9-4237-b95f-988572230ebe,/CURRENT_ADC,F.Cu,"(48.4632, 43.5864)","(48.4632, 41.4528)",0.2,2.1336,R09,0.1999996,0.1999996,2.00000108,PASS
MORI_power_P5R6,e91f627a-025b-493d-b953-3ab8223d5dc9,/CURRENT_ADC,F.Cu,"(78.638399, 45.5168)","(78.638399, 10.3632)",0.2,35.1536,R09,0.1999996,0.1999996,2.00000108,PASS
MORI_power_P5R6,fba826de-9b85-47f6-beb5-ba8d2bc4a16a,/CURRENT_ADC,F.Cu,"(49.275999, 45.1104)","(49.275999, 44.3992)",0.2,0.7112,R09,0.1999996,0.1999996,2.00000108,PASS
MORI_power_P5R6,00ccc55c-f7d7-44c0-8593-4e624eceea0c,/CURRENT_ADC,B.Cu,"(75.9968, 46.3296)","(76.8096, 45.5168)",0.2,1.149473,R09,0.1999996,0.1999996,2.00000108,PASS
MORI_power_P5R6,032ea063-cac2-47a2-ab8c-5d8847d431fd,/CURRENT_ADC,B.Cu,"(60.6552, 46.1264)","(57.6072, 49.1744)",0.2,4.310523,R09,0.1999996,0.1999996,2.00000108,PASS
MORI_power_P5R6,08646252-dc8a-41b1-a033-d87f5e78ce7c,/CURRENT_ADC,B.Cu,"(38.3032, 20.2184)","(38.9128, 20.2184)",0.2,0.6096,R09,0.1999996,0.1999996,2.00000108,PASS
MORI_power_P5R6,2ad0090f-7f13-4411-8e3c-cb6a5c848a01,/CURRENT_ADC,B.Cu,"(36.2712, 17.8816)","(34.9504, 16.5608)",0.2,1.867893,R09,0.1999996,0.1999996,2.00000108,PASS
MORI_power_P5R6,378889d1-65be-42d0-abd9-650e24314622,/CURRENT_ADC,B.Cu,"(40.3352, 10.2616)","(39.8272, 10.769599)",0.2,0.71842,R09,0.1999996,0.1999996,2.00000108,PASS
MORI_power_P5R6,3a7494ee-14d4-4d01-89e0-9a730c46938f,/CURRENT_ADC,B.Cu,"(39.8272, 10.769599)","(39.8272, 15.849599)",0.2,5.08,R09,0.1999996,0.1999996,2.00000108,PASS
MORI_power_P5R6,462a6786-6d9e-4579-af28-d00a75775244,/CURRENT_ADC,B.Cu,"(36.068, 18.9992)","(36.2712, 18.796)",0.2,0.287368,R09,0.1999996,0.1999996,2.00000108,PASS
MORI_power_P5R6,66794b76-6fc3-4aa3-b0af-d7e39302eb9e,/CURRENT_ADC,B.Cu,"(36.2712, 18.796)","(36.2712, 17.8816)",0.2,0.9144,R09,0.1999996,0.1999996,2.00000108,PASS
MORI_power_P5R6,6b67d647-dd41-4919-89bf-3e90c22ed6e6,/CURRENT_ADC,B.Cu,"(57.6072, 49.1744)","(53.34, 49.1744)",0.2,4.2672,R09,0.1999996,0.1999996,2.00000108,PASS
MORI_power_P5R6,71c717db-4edc-4389-b36a-539a902c50d2,/CURRENT_ADC,B.Cu,"(53.34, 49.1744)","(49.275999, 45.1104)",0.2,5.747365,R09,0.1999996,0.1999996,2.00000108,PASS
MORI_power_P5R6,7d44549f-3196-47d0-80b0-59d2baf2a1dc,/CURRENT_ADC,B.Cu,"(37.4904, 21.0312)","(36.474399, 21.0312)",0.2,1.016001,R09,0.1999996,0.1999996,2.00000108,PASS
MORI_power_P5R6,871cc47f-af00-4bf4-a65e-7463114bacd4,/CURRENT_ADC,B.Cu,"(36.474399, 21.0312)","(36.068, 20.6248)",0.2,0.574736,R09,0.1999996,0.1999996,2.00000108,PASS
MORI_power_P5R6,8bdd9964-30bb-420f-9765-9c8f56809b43,/CURRENT_ADC,B.Cu,"(60.6552, 46.1264)","(61.163199, 46.1264)",0.2,0.507999,R09,0.1999996,0.1999996,2.00000108,PASS
MORI_power_P5R6,a3d24ee9-900b-4dc3-b65e-65f35cc6b26c,/CURRENT_ADC,B.Cu,"(39.5224, 19.6088)","(38.9128, 20.2184)",0.2,0.862105,R09,0.1999996,0.1999996,2.00000108,PASS
MORI_power_P5R6,ccb74002-454d-4fea-9500-fe96a53083d6,/CURRENT_ADC,B.Cu,"(36.068, 20.6248)","(36.068, 18.9992)",0.2,1.6256,R09,0.1999996,0.1999996,2.00000108,PASS
MORI_power_P5R6,d1104413-7547-4a6d-a96d-17f3a23f2fce,/CURRENT_ADC,B.Cu,"(47.9552, 10.2616)","(40.3352, 10.2616)",0.2,7.62,R09,0.1999996,0.1999996,2.00000108,PASS
MORI_power_P5R6,eefc61ae-a87f-4b02-ad8d-6e7e20c409c1,/CURRENT_ADC,B.Cu,"(38.3032, 20.2184)","(37.4904, 21.0312)",0.2,1.149473,R09,0.1999996,0.1999996,2.00000108,PASS
MORI_power_P5R6,efc644ef-3cc8-4d31-89e2-cca61c64e03b,/CURRENT_ADC,B.Cu,"(76.8096, 45.5168)","(78.638399, 45.5168)",0.2,1.828799,R09,0.1999996,0.1999996,2.00000108,PASS
MORI_power_P5R6,04e77ae6-e456-4d4d-bc9f-209503d0e897,/C5_SW,F.Cu,"(24.9, 40.0)","(23.65, 40.0)",0.6,1.25,R08,0.1999996,0.499999,5.00000016,PASS
MORI_power_P5R6,0f6bd50b-190b-4e73-842f-857400682cf5,/C5_SW,F.Cu,"(23.65, 36.6)","(26.225, 36.6)",0.2,2.575,R08,0.1999996,0.499999,5.00000016,PASS
MORI_power_P5R6,6c6eb3fa-a258-4350-85b8-b4b29c1671b4,/C5_SW,F.Cu,"(19.225, 38.0)","(21.5, 38.0)",0.8,2.275,R08,0.1999996,0.499999,5.00000016,PASS
MORI_power_P5R6,caef5010-0376-477c-b4f1-6955a5bdc1e4,/C5_SW,F.Cu,"(23.65, 39.6)","(23.65, 40.5)",0.6,0.9,R08,0.1999996,0.499999,5.00000016,PASS
MORI_power_P5R6,ec7ed04d-d6ce-4db1-8b6a-e88b95174dd3,/C5_SW,F.Cu,"(21.5, 38.0)","(22.4, 38.0)",0.8,0.9,R08,0.1999996,0.499999,5.00000016,PASS
MORI_power_P5R6,158a392d-51b9-42bb-98b3-9931b35c53eb,/C5_SW,B.Cu,"(23.65, 39.6)","(23.65, 40.5)",0.8,0.9,R08,0.1999996,0.499999,5.00000016,PASS
MORI_power_P5R6,2cc4cd76-6c24-4ac0-9c0c-0fad357d6f9e,/C5_SW,B.Cu,"(21.5, 38.0)","(22.4, 38.0)",0.8,0.9,R08,0.1999996,0.499999,5.00000016,PASS
MORI_power_P5R6,9850699d-1bb7-4bb2-bae2-3ec4ced7673a,/C5_SW,B.Cu,"(23.65, 40.0)","(23.65, 38.0)",0.8,2.0,R08,0.1999996,0.499999,5.00000016,PASS
MORI_power_P5R6,9e3035ed-9288-4ae2-b718-a203c4a1e015,/C5_SW,B.Cu,"(23.65, 38.0)","(23.65, 36.6)",0.6,1.4,R08,0.1999996,0.499999,5.00000016,PASS
MORI_power_P5R6,fcac1dfa-ef74-4621-92ba-bd654c145b42,/C5_SW,B.Cu,"(23.65, 38.0)","(21.5, 38.0)",0.8,2.15,R08,0.1999996,0.499999,5.00000016,PASS
MORI_power_P5R6,012be673-3efd-4622-a953-0563f4779534,/M5_EN,F.Cu,"(28.35, 26.0)","(29.89, 26.0)",0.2,1.54,R09,0.1999996,0.1999996,2.00000108,PASS
MORI_power_P5R6,8ff44995-908c-4ae7-bb5c-d111c54dd902,/M5_EN,F.Cu,"(6.5024, 37.388799)","(6.5024, 38.608)",0.2,1.219201,R09,0.1999996,0.1999996,2.00000108,PASS
MORI_power_P5R6,971ce48b-5f26-40b6-9380-416b9e0967c4,/M5_EN,F.Cu,"(6.604, 37.2872)","(6.5024, 37.388799)",0.2,0.143683,R09,0.1999996,0.1999996,2.00000108,PASS
MORI_power_P5R6,bc9cb350-3502-46c8-bf6b-cb0b71575991,/M5_EN,F.Cu,"(6.5024, 38.608)","(5.588, 39.5224)",0.2,1.293157,R09,0.1999996,0.1999996,2.00000108,PASS
MORI_power_P5R6,e96d7fb9-1c8a-4bac-a44c-6c48a7dbca1c,/M5_EN,F.Cu,"(12.4, 30.4)","(11.2, 31.6)",0.2,1.697056,R09,0.1999996,0.1999996,2.00000108,PASS
MORI_power_P5R6,fe8f227b-e97b-4dd0-b8cc-d8f952f002f4,/M5_EN,F.Cu,"(15.8, 30.4)","(12.4, 30.4)",0.2,3.4,R09,0.1999996,0.1999996,2.00000108,PASS
MORI_power_P5R6,123439c0-dabc-4e23-8683-9bf413f7b4ec,/M5_EN,B.Cu,"(31.3, 28.85)","(30.8, 29.35)",0.2,0.707107,R09,0.1999996,0.1999996,2.00000108,PASS
MORI_power_P5R6,36e61a69-f53b-4263-803c-e0e2b7e82ba7,/M5_EN,B.Cu,"(29.89, 26.0)","(29.89, 27.15)",0.2,1.15,R09,0.1999996,0.1999996,2.00000108,PASS
MORI_power_P5R6,3eb64638-5efa-4cd6-9d8c-eb3000d96ce7,/M5_EN,B.Cu,"(20.2, 28.8)","(18.6, 30.4)",0.2,2.262742,R09,0.1999996,0.1999996,2.00000108,PASS
MORI_power_P5R6,6c3b124d-b775-4009-bd3f-4d3bc5d86809,/M5_EN,B.Cu,"(28.65, 29.35)","(28.1, 28.8)",0.2,0.777817,R09,0.1999996,0.1999996,2.00000108,PASS
MORI_power_P5R6,7260f9f0-84fc-430a-bb0f-c7fc36b40f1d,/M5_EN,B.Cu,"(30.8, 27.65)","(31.3, 28.15)",0.2,0.707107,R09,0.1999996,0.1999996,2.00000108,PASS
MORI_power_P5R6,8a96da6c-5089-4fe8-9c9d-e655079a7163,/M5_EN,B.Cu,"(31.3, 28.15)","(31.3, 28.85)",0.2,0.7,R09,0.1999996,0.1999996,2.00000108,PASS
MORI_power_P5R6,966ca96f-d528-42c6-81cc-cf049ed2ac46,/M5_EN,B.Cu,"(11.2, 32.6912)","(6.604, 37.2872)",0.2,6.499726,R09,0.1999996,0.1999996,2.00000108,PASS
MORI_power_P5R6,97ef0634-5361-4d4b-bf0b-e068a9956451,/M5_EN,B.Cu,"(28.1, 28.8)","(20.2, 28.8)",0.2,7.9,R09,0.1999996,0.1999996,2.00000108,PASS
MORI_power_P5R6,a1e71533-dec8-4938-8f24-dfc9931ad285,/M5_EN,B.Cu,"(18.6, 30.4)","(15.8, 30.4)",0.2,2.8,R09,0.1999996,0.1999996,2.00000108,PASS
MORI_power_P5R6,bc4ef416-be80-456b-99fd-a05e0961ac45,/M5_EN,B.Cu,"(30.39, 27.65)","(30.8, 27.65)",0.2,0.41,R09,0.1999996,0.1999996,2.00000108,PASS
MORI_power_P5R6,c7d1658d-4e9f-4d4f-a349-0303d101cda6,/M5_EN,B.Cu,"(11.2, 31.6)","(11.2, 32.6912)",0.2,1.0912,R09,0.1999996,0.1999996,2.00000108,PASS
MORI_power_P5R6,e50c7199-f34c-4de4-a36d-b483f94c1849,/M5_EN,B.Cu,"(29.89, 27.15)","(30.39, 27.65)",0.2,0.707107,R09,0.1999996,0.1999996,2.00000108,PASS
MORI_power_P5R6,eaf65207-313e-4f4d-a046-cb14b15702f8,/M5_EN,B.Cu,"(30.8, 29.35)","(28.65, 29.35)",0.2,2.15,R09,0.1999996,0.1999996,2.00000108,PASS
MORI_power_P5R6,8bd6bda0-e80b-4573-9be9-ba84638cf328,/C5_BOOT,F.Cu,"(27.775, 39.05)","(27.775, 36.6)",0.2,2.45,R08,0.1999996,0.499999,5.00000016,PASS
MORI_power_P5R6,4a5b65e9-cc2f-47ab-b309-a8ff7403fda2,/H_BUS,F.Cu,"(71.95, 42.999999)","(71.450001, 42.5)",0.2,0.707105,R09,0.1999996,0.1999996,2.00000108,PASS
MORI_power_P5R6,a5e03bbb-f4a5-4f68-a81d-11565d379fd2,/H_BUS,F.Cu,"(75.0, 45.360001)","(74.500001, 45.86)",0.2,0.707105,R09,0.1999996,0.1999996,2.00000108,PASS
MORI_power_P5R6,a6104012-14f9-4fc6-ab6a-3333f9253192,/H_BUS,F.Cu,"(71.450001, 42.5)","(69.0, 42.5)",0.2,2.450001,R09,0.1999996,0.1999996,2.00000108,PASS
MORI_power_P5R6,ae51931b-9aef-4988-8248-402345ab8dfb,/H_BUS,F.Cu,"(74.500001, 45.86)","(72.45, 45.86)",0.2,2.050001,R09,0.1999996,0.1999996,2.00000108,PASS
MORI_power_P5R6,ddc109d4-d676-4bf3-9c30-19624b50adb1,/H_BUS,F.Cu,"(75.0, 43.0)","(75.0, 45.360001)",0.2,2.360001,R09,0.1999996,0.1999996,2.00000108,PASS
MORI_power_P5R6,ee48e4ae-1597-4da9-a2c9-664724d65a90,/H_BUS,F.Cu,"(71.95, 45.36)","(71.95, 42.999999)",0.2,2.360001,R09,0.1999996,0.1999996,2.00000108,PASS
MORI_power_P5R6,fce610c5-f27b-473e-9d2a-4454c9efe6a8,/H_BUS,F.Cu,"(71.95, 45.36)","(72.45, 45.86)",0.2,0.707107,R09,0.1999996,0.1999996,2.00000108,PASS
MORI_power_P5R6,5319462f-04d9-4b83-924b-be72300b0eb3,/W_PRE,F.Cu,"(47.9078, 16.9672)","(48.971199, 16.9672)",0.2,1.063399,R08,0.1999996,0.499999,5.00000016,PASS
MORI_power_P5R6,615e691c-e3df-473f-ac56-423ea85e0104,/W_PRE,F.Cu,"(49.5808, 11.8872)","(48.971199, 11.2776)",0.2,0.862105,R08,0.1999996,0.499999,5.00000016,PASS
MORI_power_P5R6,cb234957-4fc4-4d49-916a-c7e876642546,/W_PRE,F.Cu,"(47.0, 17.875)","(47.9078, 16.9672)",0.2,1.283823,R08,0.1999996,0.499999,5.00000016,PASS
MORI_power_P5R6,e978cd14-4508-4f56-8f79-97b831ee9778,/W_PRE,F.Cu,"(49.625, 10.595)","(49.625, 13.135)",1.2,2.54,R08,0.1999996,0.499999,5.00000016,PASS
MORI_power_P5R6,f06767d6-51fa-4b76-9ae8-3bac03fb5265,/W_PRE,F.Cu,"(49.625, 13.135)","(47.765, 13.135)",1.5,1.86,R08,0.1999996,0.499999,5.00000016,PASS
MORI_power_P5R6,4a336d7f-422d-4530-b1d6-45222807cf71,/W_PRE,B.Cu,"(48.971199, 11.2776)","(48.971199, 16.9672)",0.2,5.6896,R08,0.1999996,0.499999,5.00000016,PASS
MORI_power_P5R6,5caf014d-d0e7-4e1e-9691-b7e49021703f,/MASTER_RETURN,F.Cu,"(8.5344, 18.288)","(7.3152, 19.507199)",0.2,1.724208,R09,0.1999996,0.1999996,2.00000108,PASS
MORI_power_P5R6,63e506e4-eba0-462b-a6fe-e219adcfa9d7,/MASTER_RETURN,F.Cu,"(4.165599, 18.4912)","(4.165599, 17.272)",0.2,1.2192,R09,0.1999996,0.1999996,2.00000108,PASS
MORI_power_P5R6,dd69a18c-b461-489a-840a-1ec89ef9e3a8,/MASTER_RETURN,F.Cu,"(5.1816, 19.507199)","(4.165599, 18.4912)",0.2,1.436841,R09,0.1999996,0.1999996,2.00000108,PASS
MORI_power_P5R6,ddb6be1f-d774-4aff-8f00-c49961dc0e56,/MASTER_RETURN,F.Cu,"(7.3152, 19.507199)","(5.1816, 19.507199)",0.2,2.1336,R09,0.1999996,0.1999996,2.00000108,PASS
MORI_power_P5R6,00e414a7-0c40-457a-91da-90952cf23fb5,/WHEEL_ADC,F.Cu,"(20.6, 34.9)","(20.6, 35.6)",0.2,0.7,R09,0.1999996,0.1999996,2.00000108,PASS
MORI_power_P5R6,40d2c440-337b-41bd-8ec3-766d49bd3270,/WHEEL_ADC,F.Cu,"(19.6, 28.8)","(19.6, 33.9)",0.2,5.1,R09,0.1999996,0.1999996,2.00000108,PASS
MORI_power_P5R6,5e458751-8ba1-4851-9df1-fecf284491e5,/WHEEL_ADC,F.Cu,"(35.15, 46.75)","(35.3, 46.9)",0.2,0.212132,R09,0.1999996,0.1999996,2.00000108,PASS
MORI_power_P5R6,5ee502cb-a0c5-4f64-8e73-718cfd11efe7,/WHEEL_ADC,F.Cu,"(35.864799, 8.8392)","(21.2344, 8.8392)",0.2,14.630399,R09,0.1999996,0.1999996,2.00000108,PASS
MORI_power_P5R6,71528ab5-420b-4770-a0a9-b9965c41e007,/WHEEL_ADC,F.Cu,"(19.6, 33.9)","(20.6, 34.9)",0.2,1.414214,R09,0.1999996,0.1999996,2.00000108,PASS
MORI_power_P5R6,7d6f49e8-0e40-4359-a442-a2512c96137a,/WHEEL_ADC,F.Cu,"(43.8912, 20.116799)","(44.907199, 21.1328)",0.2,1.436841,R09,0.1999996,0.1999996,2.00000108,PASS
MORI_power_P5R6,8830fd67-cd3b-48c6-8cc8-76376906ea88,/WHEEL_ADC,F.Cu,"(36.576, 9.5504)","(35.864799, 8.8392)",0.2,1.005789,R09,0.1999996,0.1999996,2.00000108,PASS
MORI_power_P5R6,9c9cfdc8-fdc0-4762-8f73-0bd08d778f48,/WHEEL_ADC,F.Cu,"(21.2344, 8.8392)","(20.9296, 9.144)",0.2,0.431052,R09,0.1999996,0.1999996,2.00000108,PASS
MORI_power_P5R6,a958e902-671e-43c1-bcde-03c8477d98ba,/WHEEL_ADC,F.Cu,"(19.1008, 17.8816)","(19.1008, 19.304)",0.2,1.4224,R09,0.1999996,0.1999996,2.00000108,PASS
MORI_power_P5R6,c3d66ea1-4ebc-46f4-b293-a5a0d268cf18,/WHEEL_ADC,F.Cu,"(44.907199, 23.375999)","(45.407199, 23.875999)",0.2,0.707107,R09,0.1999996,0.1999996,2.00000108,PASS
MORI_power_P5R6,c7fba748-bf06-48f3-97d4-e26ed3a911e8,/WHEEL_ADC,F.Cu,"(44.907199, 21.1328)","(44.907199, 23.375999)",0.2,2.243199,R09,0.1999996,0.1999996,2.00000108,PASS
MORI_power_P5R6,d40ea687-6a29-482c-944f-cde8bb8170c9,/WHEEL_ADC,F.Cu,"(45.407199, 23.875999)","(47.3456, 23.875999)",0.2,1.938401,R09,0.1999996,0.1999996,2.00000108,PASS
MORI_power_P5R6,e107745f-45f2-42ce-9d8f-25ec876e8bc7,/WHEEL_ADC,F.Cu,"(42.2, 37.0)","(44.5, 37.0)",0.2,2.3,R09,0.1999996,0.1999996,2.00000108,PASS
MORI_power_P5R6,edc505ef-6777-4705-8143-ed8778e2880c,/WHEEL_ADC,F.Cu,"(19.4, 28.6)","(19.6, 28.8)",0.2,0.282843,R09,0.1999996,0.1999996,2.00000108,PASS
MORI_power_P5R6,f09a353c-6f82-4b77-a998-2d2e0dd45b1d,/WHEEL_ADC,F.Cu,"(32.0, 46.75)","(35.15, 46.75)",0.2,3.15,R09,0.1999996,0.1999996,2.00000108,PASS
MORI_power_P5R6,08337cec-1fe6-4245-a35a-4cacf501367c,/WHEEL_ADC,B.Cu,"(22.4, 42.6)","(23.8, 42.6)",0.2,1.4,R09,0.1999996,0.1999996,2.00000108,PASS
MORI_power_P5R6,20ba1d56-9eeb-4388-b664-b3194979de9b,/WHEEL_ADC,B.Cu,"(35.3, 46.9)","(36.0, 46.2)",0.2,0.989949,R09,0.1999996,0.1999996,2.00000108,PASS
MORI_power_P5R6,3d2e63d1-e554-4e67-b06b-46c3b6a3db91,/WHEEL_ADC,B.Cu,"(40.453552, 41.953552)","(40.453552, 41.246447)",0.2,0.707105,R09,0.1999996,0.1999996,2.00000108,PASS
MORI_power_P5R6,5501b968-c3c5-4bf0-aec7-a8ebaa0b8432,/WHEEL_ADC,B.Cu,"(20.2, 27.8)","(19.4, 28.6)",0.2,1.131371,R09,0.1999996,0.1999996,2.00000108,PASS
MORI_power_P5R6,5a99b97a-60fb-423a-b13c-e35d6ffb06cb,/WHEEL_ADC,B.Cu,"(23.8, 42.6)","(25.1, 43.9)",0.2,1.838478,R09,0.1999996,0.1999996,2.00000108,PASS
MORI_power_P5R6,5af18fb8-7106-452c-b0c1-092c9b980e0c,/WHEEL_ADC,B.Cu,"(20.9296, 9.144)","(20.9296, 9.4488)",0.2,0.3048,R09,0.1999996,0.1999996,2.00000108,PASS
MORI_power_P5R6,5b1d4978-5e4c-4d2e-8bc5-775e7b96760b,/WHEEL_ADC,B.Cu,"(20.2, 24.0)","(20.2, 27.8)",0.2,3.8,R09,0.1999996,0.1999996,2.00000108,PASS
MORI_power_P5R6,60433d91-8cd4-41d2-8bf5-cd11f92c5ad9,/WHEEL_ADC,B.Cu,"(22.0, 22.2)","(20.2, 24.0)",0.2,2.545584,R09,0.1999996,0.1999996,2.00000108,PASS
MORI_power_P5R6,61442803-8a34-487c-9f21-75df126267bf,/WHEEL_ADC,B.Cu,"(25.1, 46.1)","(25.75, 46.75)",0.2,0.919239,R09,0.1999996,0.1999996,2.00000108,PASS
MORI_power_P5R6,6ec75746-2fea-45bd-961e-a476483f7bfe,/WHEEL_ADC,B.Cu,"(40.453552, 41.246447)","(41.5, 40.2)",0.2,1.4799,R09,0.1999996,0.1999996,2.00000108,PASS
MORI_power_P5R6,74db560c-12c5-4aba-937c-51ecb6adf698,/WHEEL_ADC,B.Cu,"(44.2, 46.2)","(44.6, 45.8)",0.2,0.565685,R09,0.1999996,0.1999996,2.00000108,PASS
MORI_power_P5R6,751cd51d-bdf7-42db-b94a-b0a2e1695218,/WHEEL_ADC,B.Cu,"(20.5, 40.5)","(20.5, 40.7)",0.2,0.2,R09,0.1999996,0.1999996,2.00000108,PASS
MORI_power_P5R6,79075234-52c1-47ed-9ac1-aedb01ea0925,/WHEEL_ADC,B.Cu,"(42.5, 43.1)","(41.6, 43.1)",0.2,0.9,R09,0.1999996,0.1999996,2.00000108,PASS
MORI_power_P5R6,7a92e38c-0d64-4011-9bab-ed353fe9def0,/WHEEL_ADC,B.Cu,"(36.0, 46.2)","(44.2, 46.2)",0.2,8.2,R09,0.1999996,0.1999996,2.00000108,PASS
MORI_power_P5R6,7b686ce7-bd17-45a4-8b77-ea707913ea91,/WHEEL_ADC,B.Cu,"(20.6, 40.4)","(20.5, 40.5)",0.2,0.141421,R09,0.1999996,0.1999996,2.00000108,PASS
MORI_power_P5R6,84934cb0-e634-4e65-9b61-7511aeb1bc50,/WHEEL_ADC,B.Cu,"(46.0248, 21.539199)","(49.6824, 17.8816)",0.2,5.172627,R09,0.1999996,0.1999996,2.00000108,PASS
MORI_power_P5R6,8a771aa6-ed1a-4ca5-96b7-4faabe0f2c18,/WHEEL_ADC,B.Cu,"(49.6824, 17.8816)","(49.6824, 10.9728)",0.2,6.9088,R09,0.1999996,0.1999996,2.00000108,PASS
MORI_power_P5R6,8eb001bc-c9bb-4af1-a1a0-56cdc0b16000,/WHEEL_ADC,B.Cu,"(46.0248, 21.539199)","(45.0088, 21.539199)",0.2,1.016,R09,0.1999996,0.1999996,2.00000108,PASS
MORI_power_P5R6,920146fc-b4ea-4877-aebe-7cf7138c1c88,/WHEEL_ADC,B.Cu,"(19.1008, 11.2776)","(19.1008, 17.8816)",0.2,6.604,R09,0.1999996,0.1999996,2.00000108,PASS
MORI_power_P5R6,99f7cd9e-ea44-4c6e-a93b-2ac66ed0925f,/WHEEL_ADC,B.Cu,"(25.1, 43.9)","(25.1, 46.1)",0.2,2.2,R09,0.1999996,0.1999996,2.00000108,PASS
MORI_power_P5R6,9bd7998d-9318-4e12-b729-d7fa1f1185f5,/WHEEL_ADC,B.Cu,"(20.5, 40.7)","(22.4, 42.6)",0.2,2.687006,R09,0.1999996,0.1999996,2.00000108,PASS
MORI_power_P5R6,acf5b5f4-b910-45e5-a9e8-b470c2ad12fb,/WHEEL_ADC,B.Cu,"(43.8912, 20.421599)","(43.8912, 20.116799)",0.2,0.3048,R09,0.1999996,0.1999996,2.00000108,PASS
MORI_power_P5R6,c1b945f5-d29c-49ae-a5e0-5922251289ba,/WHEEL_ADC,B.Cu,"(44.6, 45.2)","(42.5, 43.1)",0.2,2.969848,R09,0.1999996,0.1999996,2.00000108,PASS
MORI_power_P5R6,cacec19c-d8a4-451e-b30f-c3cb41cb811d,/WHEEL_ADC,B.Cu,"(20.9296, 9.4488)","(19.1008, 11.2776)",0.2,2.586314,R09,0.1999996,0.1999996,2.00000108,PASS
MORI_power_P5R6,cd029717-9c4e-41ad-a9c2-929700746492,/WHEEL_ADC,B.Cu,"(19.1008, 19.304)","(22.0, 22.2)",0.2,4.097826,R09,0.1999996,0.1999996,2.00000108,PASS
MORI_power_P5R6,d1f45fa0-67f3-4862-9566-bf03fa8619eb,/WHEEL_ADC,B.Cu,"(25.75, 46.75)","(32.0, 46.75)",0.2,6.25,R09,0.1999996,0.1999996,2.00000108,PASS
MORI_power_P5R6,d6155b23-b37e-4e51-a6c0-2904140765a6,/WHEEL_ADC,B.Cu,"(48.26, 9.5504)","(36.576, 9.5504)",0.2,11.684,R09,0.1999996,0.1999996,2.00000108,PASS
MORI_power_P5R6,dc3e79d5-b305-4df5-82a9-c036fc288513,/WHEEL_ADC,B.Cu,"(45.0088, 21.539199)","(43.8912, 20.421599)",0.2,1.580525,R09,0.1999996,0.1999996,2.00000108,PASS
MORI_power_P5R6,dd691975-8e73-48c7-9ae8-1fdd4f12030b,/WHEEL_ADC,B.Cu,"(44.6, 45.8)","(44.6, 45.2)",0.2,0.6,R09,0.1999996,0.1999996,2.00000108,PASS
MORI_power_P5R6,dda9aac1-2efc-485a-9c3c-a1ff8312ea64,/WHEEL_ADC,B.Cu,"(41.5, 40.2)","(41.5, 37.7)",0.2,2.5,R09,0.1999996,0.1999996,2.00000108,PASS
MORI_power_P5R6,de522c87-4a25-4ded-a4eb-7a90873fc5c7,/WHEEL_ADC,B.Cu,"(20.6, 35.6)","(20.6, 40.4)",0.2,4.8,R09,0.1999996,0.1999996,2.00000108,PASS
MORI_power_P5R6,ea5872c9-6c6d-4ba6-96f5-ba8eaa5da297,/WHEEL_ADC,B.Cu,"(49.6824, 10.9728)","(48.26, 9.5504)",0.2,2.011577,R09,0.1999996,0.1999996,2.00000108,PASS
MORI_power_P5R6,f3b29207-7e3c-4249-a7a7-2af873857fc6,/WHEEL_ADC,B.Cu,"(41.6, 43.1)","(40.453552, 41.953552)",0.2,1.621322,R09,0.1999996,0.1999996,2.00000108,PASS
MORI_power_P5R6,f894695c-1e3b-4221-b317-45dd0b083edf,/WHEEL_ADC,B.Cu,"(41.5, 37.7)","(42.2, 37.0)",0.2,0.989949,R09,0.1999996,0.1999996,2.00000108,PASS
MORI_motion_P5R6,2f874599-135b-428b-af30-bd97ff377280,/S288_BUS,F.Cu,"(48.2, 0.7)","(50.500001, 0.7)",0.2,2.300001,R09,0.1999996,0.1999996,2.00000108,PASS
MORI_motion_P5R6,41a12201-a182-414f-828a-9068c202cb84,/S288_BUS,F.Cu,"(32.6136, 0.7112)","(31.394399, 1.9304)",0.2,1.72421,R09,0.1999996,0.1999996,2.00000108,PASS
MORI_motion_P5R6,615f31ad-95fe-41eb-ae51-321e16fd07b8,/S288_BUS,F.Cu,"(31.394399, 1.9304)","(31.394399, 6.7056)",0.2,4.7752,R09,0.1999996,0.1999996,2.00000108,PASS
MORI_motion_P5R6,c9f5c376-cecb-49b6-a1c4-31cf905a9254,/S288_BUS,F.Cu,"(50.500001, 0.7)","(51.0, 1.199999)",0.2,0.707105,R09,0.1999996,0.1999996,2.00000108,PASS
MORI_motion_P5R6,caf3e5a9-156f-4342-b329-0b4a30cc6887,/S288_BUS,F.Cu,"(48.1584, 0.7112)","(32.6136, 0.7112)",0.2,15.5448,R09,0.1999996,0.1999996,2.00000108,PASS
MORI_motion_P5R6,de28146a-f39f-4953-bf6f-39ab91ba1d5f,/S288_BUS,F.Cu,"(51.0, 1.199999)","(51.0, 3.0)",0.2,1.800001,R09,0.1999996,0.1999996,2.00000108,PASS
MORI_motion_P5R6,40364f92-c1cb-49de-bc12-31879f84530a,/S288_BUS,B.Cu,"(31.394399, 6.7056)","(29.8704, 8.2296)",0.2,2.155261,R09,0.1999996,0.1999996,2.00000108,PASS
MORI_motion_P5R6,c5c91145-1c67-4ba6-ac1d-b95166d9adb2,/S288_BUS,B.Cu,"(31.394399, 6.7056)","(33.1216, 8.4328)",0.2,2.44263,R09,0.1999996,0.1999996,2.00000108,PASS
MORI_motion_P5R6,05fdf506-0026-4237-8ef7-dafd1ad93a84,/GND,B.Cu,"(7.225, 21.0058)","(6.0198, 21.0058)",0.2,1.2052,R08,0.1999996,0.499999,5.00000016,PASS
MORI_motion_P5R6,09ea0d45-b661-47d0-802b-0fd39853438e,/GND,B.Cu,"(25.025, 22.75)","(26.4668, 22.75)",0.2,1.4418,R08,0.1999996,0.499999,5.00000016,PASS
MORI_motion_P5R6,1737a38a-0f91-4609-8d86-63b763a2edc9,/GND,B.Cu,"(20.25, 26.257399)","(19.659599, 26.8478)",0.2,0.834953,R08,0.1999996,0.499999,5.00000016,PASS
MORI_motion_P5R6,2a6377d2-8860-4e6f-b38b-070cbe48632a,/GND,B.Cu,"(18.25, 13.05)","(18.25, 13.6)",0.2,0.55,R08,0.1999996,0.499999,5.00000016,PASS
MORI_motion_P5R6,3e35c2b0-c453-470b-8e7b-c6944598d317,/GND,B.Cu,"(36.95, 10.25)","(36.1696, 11.0304)",0.2,1.103652,R08,0.1999996,0.499999,5.00000016,PASS
MORI_motion_P5R6,63d33f90-a277-4423-be35-3c4a2a3b6f82,/GND,B.Cu,"(20.25, 25.05)","(20.25, 26.257399)",0.2,1.207399,R08,0.1999996,0.499999,5.00000016,PASS
MORI_motion_P5R6,6776a79e-7181-4e4b-a2ee-192246332551,/GND,B.Cu,"(44.875, 9.0)","(43.8, 9.0)",0.2,1.075,R08,0.1999996,0.499999,5.00000016,PASS
MORI_motion_P5R6,699a09d0-c47f-4489-b8eb-ee75dd1e3fc8,/GND,B.Cu,"(12.325, 21.0058)","(13.512799, 21.0058)",0.2,1.187799,R08,0.1999996,0.499999,5.00000016,PASS
MORI_motion_P5R6,6b344e2a-08e8-45cb-a76a-61b32b95643d,/GND,B.Cu,"(45.5, 8.375)","(44.875, 9.0)",0.2,0.883883,R08,0.1999996,0.499999,5.00000016,PASS
MORI_motion_P5R6,6b66a954-6c5b-4d83-8646-1c296211791a,/GND,B.Cu,"(43.275, 11.9888)","(44.4754, 11.9888)",0.2,1.2004,R08,0.1999996,0.499999,5.00000016,PASS
MORI_motion_P5R6,79acebe8-c0f6-4c2a-b3e3-d87e05d351d3,/GND,B.Cu,"(12.675, 27.6)","(13.275, 27.0)",0.2,0.848528,R08,0.1999996,0.499999,5.00000016,PASS
MORI_motion_P5R6,8e779b4e-f4a5-40f7-bbd4-2e702db916cf,/GND,B.Cu,"(8.775, 15.0114)","(9.982199, 15.0114)",0.2,1.207199,R08,0.1999996,0.499999,5.00000016,PASS
MORI_motion_P5R6,b485bbfa-1db1-45a0-8622-c45988fda97b,/GND,B.Cu,"(8.9375, 17.0434)","(10.3886, 17.0434)",0.2,1.4511,R08,0.1999996,0.499999,5.00000016,PASS
MORI_motion_P5R6,bb4b8cbb-5f3d-4ba6-9b81-e648f01f4450,/GND,B.Cu,"(6.175, 10.2616)","(4.9784, 10.2616)",0.2,1.1966,R08,0.1999996,0.499999,5.00000016,PASS
MORI_motion_P5R6,c16857bc-0a30-408a-9b36-cb8fa36103f1,/GND,B.Cu,"(37.45, 10.25)","(36.95, 10.25)",0.2,0.5,R08,0.1999996,0.499999,5.00000016,PASS
MORI_motion_P5R6,d2717f4f-a9d3-46ef-af2a-e3b0649e9e8a,/GND,B.Cu,"(29.55, 9.25)","(30.7384, 9.25)",0.2,1.1884,R08,0.1999996,0.499999,5.00000016,PASS
MORI_motion_P5R6,d29f1574-332e-4019-b13f-1cc86f7ffd74,/GND,B.Cu,"(30.7384, 9.25)","(31.3436, 9.8552)",0.2,0.855882,R08,0.1999996,0.499999,5.00000016,PASS
MORI_motion_P5R6,de49b9a2-c6d3-42d1-8ecd-12b52d702065,/GND,B.Cu,"(15.275, 10.2616)","(16.4846, 10.2616)",0.2,1.2096,R08,0.1999996,0.499999,5.00000016,PASS
MORI_motion_P5R6,e16e74f2-bc30-4852-845c-91e52da60fb3,/GND,B.Cu,"(18.25, 13.6)","(17.5514, 14.2986)",0.2,0.98797,R08,0.1999996,0.499999,5.00000016,PASS
MORI_motion_P5R6,e530f3ad-5b87-4250-a5c3-7d79abe1ad55,/GND,B.Cu,"(36.1696, 11.0304)","(36.1696, 11.0744)",0.2,0.044,R08,0.1999996,0.499999,5.00000016,PASS
MORI_motion_P5R6,e5dd42f6-3d1d-4b9a-bc4b-42840e2b0cbf,/GND,B.Cu,"(21.2598, 21.95)","(21.2598, 20.7518)",0.2,1.1982,R08,0.1999996,0.499999,5.00000016,PASS
MORI_motion_P5R6,e67667b5-2d2b-44ab-a9ae-d6760f50c7dd,/GND,B.Cu,"(19.175, 27.6)","(18.575, 27.0)",0.2,0.848528,R08,0.1999996,0.499999,5.00000016,PASS
MORI_motion_P5R6,edc4821d-aac5-4d29-bdf8-a271de0aacb5,/GND,B.Cu,"(25.8522, 8.25)","(25.2476, 7.645399)",0.2,0.855034,R08,0.1999996,0.499999,5.00000016,PASS
MORI_motion_P5R6,f0211365-cebd-48df-98ef-ca57a04705b7,/GND,B.Cu,"(42.4942, 8.475)","(42.4942, 7.264399)",0.2,1.210601,R08,0.1999996,0.499999,5.00000016,PASS
MORI_motion_P5R6,fab39e18-4189-4fa3-b342-5f4611512e1b,/GND,B.Cu,"(26.45, 8.25)","(25.8522, 8.25)",0.2,0.5978,R08,0.1999996,0.499999,5.00000016,PASS
MORI_motion_P5R6,fbc6b60b-16e4-49b1-88f1-25ff8317fc7c,/GND,B.Cu,"(15.775, 27.6)","(15.175, 27.0)",0.2,0.848528,R08,0.1999996,0.499999,5.00000016,PASS
MORI_motion_P5R6,0850e49c-ebb6-440c-b42f-b809905ae07c,/USER_KEY_N,F.Cu,"(46.736, 30.6832)","(46.228, 30.6832)",0.2,0.508,R09,0.1999996,0.1999996,2.00000108,PASS
MORI_motion_P5R6,3c837259-1469-44de-a112-b4014490daf7,/USER_KEY_N,F.Cu,"(50.4, 29.0)","(48.5, 29.0)",0.2,1.9,R09,0.1999996,0.1999996,2.00000108,PASS
MORI_motion_P5R6,7a7fb289-f78e-45e7-9889-7654dbd6a8e6,/USER_KEY_N,F.Cu,"(51.0, 31.3)","(51.0, 29.6)",0.2,1.7,R09,0.1999996,0.1999996,2.00000108,PASS
MORI_motion_P5R6,836a810b-ef7d-4769-86d3-024572c08a8e,/USER_KEY_N,F.Cu,"(33.8328, 28.1432)","(30.581599, 28.1432)",0.2,3.251201,R09,0.1999996,0.1999996,2.00000108,PASS
MORI_motion_P5R6,b8453239-4ed2-44be-a8cc-fff3aa8b9c79,/USER_KEY_N,F.Cu,"(48.4632, 28.956)","(46.736, 30.6832)",0.2,2.44263,R09,0.1999996,0.1999996,2.00000108,PASS
MORI_motion_P5R6,fd50ad39-c4ce-45d3-85d5-7005d9020772,/USER_KEY_N,F.Cu,"(51.0, 29.6)","(50.4, 29.0)",0.2,0.848528,R09,0.1999996,0.1999996,2.00000108,PASS
MORI_motion_P5R6,244e7ad1-e56a-45c5-a742-c2970007f09c,/USER_KEY_N,B.Cu,"(23.7744, 33.2232)","(22.6568, 34.3408)",0.2,1.580525,R09,0.1999996,0.1999996,2.00000108,PASS
MORI_motion_P5R6,4031c07e-3892-45d5-b999-ee32167cb644,/USER_KEY_N,B.Cu,"(24.6888, 31.496)","(23.7744, 32.410399)",0.2,1.293156,R09,0.1999996,0.1999996,2.00000108,PASS
MORI_motion_P5R6,44d971d0-73a0-4365-9b48-36c2bf6c85fb,/USER_KEY_N,B.Cu,"(46.228, 30.6832)","(45.1104, 30.6832)",0.2,1.1176,R09,0.1999996,0.1999996,2.00000108,PASS
MORI_motion_P5R6,4bcbbc41-cbd1-4763-a0b2-15ec9f186cb8,/USER_KEY_N,B.Cu,"(11.9888, 34.3408)","(11.074399, 33.4264)",0.2,1.293158,R09,0.1999996,0.1999996,2.00000108,PASS
MORI_motion_P5R6,667fd554-d059-429c-95e0-c7e82b7d4b3a,/USER_KEY_N,B.Cu,"(11.074399, 33.4264)","(11.074399, 32.003999)",0.2,1.422401,R09,0.1999996,0.1999996,2.00000108,PASS
MORI_motion_P5R6,70ea7e6f-ddf8-4239-b82a-199530fb206d,/USER_KEY_N,B.Cu,"(45.1104, 30.6832)","(42.5704, 28.1432)",0.2,3.592102,R09,0.1999996,0.1999996,2.00000108,PASS
MORI_motion_P5R6,7cd495d6-75a0-4f84-b261-4de9d17c9b23,/USER_KEY_N,B.Cu,"(22.6568, 34.3408)","(11.9888, 34.3408)",0.2,10.668,R09,0.1999996,0.1999996,2.00000108,PASS
MORI_motion_P5R6,a37c0278-5b68-4056-b943-0134415744a0,/USER_KEY_N,B.Cu,"(28.0416, 31.496)","(24.6888, 31.496)",0.2,3.3528,R09,0.1999996,0.1999996,2.00000108,PASS
MORI_motion_P5R6,be08559a-0956-428b-9cf7-1a4dff2d4620,/USER_KEY_N,B.Cu,"(11.074399, 32.003999)","(9.9568, 30.8864)",0.2,1.580524,R09,0.1999996,0.1999996,2.00000108,PASS
MORI_motion_P5R6,c8964d8d-4ff8-4164-8f93-0f28d132fea8,/USER_KEY_N,B.Cu,"(28.8544, 29.8704)","(28.8544, 30.6832)",0.2,0.8128,R09,0.1999996,0.1999996,2.00000108,PASS
MORI_motion_P5R6,cd8e54d2-c62c-4964-aebb-84ef0d5e6774,/USER_KEY_N,B.Cu,"(30.581599, 28.1432)","(28.8544, 29.8704)",0.2,2.442629,R09,0.1999996,0.1999996,2.00000108,PASS
MORI_motion_P5R6,dad5474f-b6ea-4432-878d-0a1023a2510a,/USER_KEY_N,B.Cu,"(42.5704, 28.1432)","(33.8328, 28.1432)",0.2,8.7376,R09,0.1999996,0.1999996,2.00000108,PASS
MORI_motion_P5R6,e57e9eb7-74e4-4a98-ae22-316beaeda3fb,/USER_KEY_N,B.Cu,"(23.7744, 32.410399)","(23.7744, 33.2232)",0.2,0.812801,R09,0.1999996,0.1999996,2.00000108,PASS
MORI_motion_P5R6,f7017089-0054-43a6-b963-dda371d775cc,/USER_KEY_N,B.Cu,"(46.228, 30.6832)","(47.0408, 29.8704)",0.2,1.149473,R09,0.1999996,0.1999996,2.00000108,PASS
MORI_motion_P5R6,fd3b49e7-9f41-4cfe-bc3e-3f9102e0d8d5,/USER_KEY_N,B.Cu,"(28.8544, 30.6832)","(28.0416, 31.496)",0.2,1.149473,R09,0.1999996,0.1999996,2.00000108,PASS
MORI_motion_P5R6,005e25b9-8628-4792-bb83-fcb1e4a4c185,/+3V3,B.Cu,"(10.2616, 11.05)","(10.2616, 13.0556)",0.2,2.0056,R08,0.1999996,0.499999,5.00000016,PASS
MORI_motion_P5R6,025a3130-8515-4e3c-bf7f-0cd34a938eb8,/+3V3,B.Cu,"(45.5, 18.675)","(44.7, 18.675)",0.2,0.8,R08,0.1999996,0.499999,5.00000016,PASS
MORI_motion_P5R6,0409e05f-4dcd-44f4-9577-2da5c8508c46,/+3V3,B.Cu,"(22.75, 22.025)","(23.475, 22.75)",0.2,1.025305,R08,0.1999996,0.499999,5.00000016,PASS
MORI_motion_P5R6,0550fb30-db3f-4770-829b-c7f666bac4bf,/+3V3,B.Cu,"(40.55, 9.753599)","(44.5516, 9.753599)",0.2,4.0016,R08,0.1999996,0.499999,5.00000016,PASS
MORI_motion_P5R6,160684ae-3f74-40f0-bd73-190f71bccbf8,/+3V3,B.Cu,"(21.75, 21.65)","(22.25, 21.15)",0.2,0.707107,R08,0.1999996,0.499999,5.00000016,PASS
MORI_motion_P5R6,17b80178-8826-483a-a62e-0fae0723c279,/+3V3,B.Cu,"(37.85, 32.74)","(40.39, 32.74)",0.5,2.54,R08,0.1999996,0.499999,5.00000016,PASS
MORI_motion_P5R6,1fb95c18-9298-49ed-bf4b-6e32e56508b8,/+3V3,B.Cu,"(19.95, 9.95)","(20.55, 9.35)",0.2,0.848528,R08,0.1999996,0.499999,5.00000016,PASS
MORI_motion_P5R6,25244fea-00c8-4ca8-9639-d83139b053f4,/+3V3,B.Cu,"(18.325, 7.5)","(19.525, 7.5)",0.2,1.2,R08,0.1999996,0.499999,5.00000016,PASS
MORI_motion_P5R6,2ba969a5-125a-4f72-9f0e-729e7d1db058,/+3V3,B.Cu,"(16.825, 16.9926)","(18.034, 16.9926)",0.2,1.209,R08,0.1999996,0.499999,5.00000016,PASS
MORI_motion_P5R6,3226fb0f-1bdd-47e4-85de-1dc285e5b08a,/+3V3,B.Cu,"(32.003999, 12.525)","(32.003999, 13.716)",0.2,1.191,R08,0.1999996,0.499999,5.00000016,PASS
MORI_motion_P5R6,3b745a27-2495-4950-9d90-e3fde24aecf3,/+3V3,B.Cu,"(27.9908, 22.325)","(27.9908, 23.5204)",0.2,1.1954,R08,0.1999996,0.499999,5.00000016,PASS
MORI_motion_P5R6,42bbbac1-6aee-4903-bf92-7be3d0c38a9c,/+3V3,B.Cu,"(10.7442, 7.95)","(10.7442, 6.1468)",0.2,1.8032,R08,0.1999996,0.499999,5.00000016,PASS
MORI_motion_P5R6,510dfcd8-6450-4023-b3fe-f361ebb0109c,/+3V3,B.Cu,"(21.1256, 12.25)","(20.5232, 12.8524)",0.2,0.851922,R08,0.1999996,0.499999,5.00000016,PASS
MORI_motion_P5R6,5deb29a1-ff95-47e3-836f-7d40ea7ecac4,/+3V3,B.Cu,"(22.75, 21.15)","(22.75, 22.025)",0.2,0.875,R08,0.1999996,0.499999,5.00000016,PASS
MORI_motion_P5R6,616340b3-551f-4771-93e9-a930d94f4d91,/+3V3,B.Cu,"(19.75, 9.95)","(19.95, 9.95)",0.2,0.2,R08,0.1999996,0.499999,5.00000016,PASS
MORI_motion_P5R6,63d9b7bc-7d4b-433a-b539-96a67802a0f1,/+3V3,B.Cu,"(30.7086, 10.2586)","(30.7086, 10.668)",0.2,0.4094,R08,0.1999996,0.499999,5.00000016,PASS
MORI_motion_P5R6,64e80186-4839-4c17-89ef-6aefb1c1e1b6,/+3V3,B.Cu,"(12.5222, 10.2616)","(13.725, 10.2616)",0.2,1.2028,R08,0.1999996,0.499999,5.00000016,PASS
MORI_motion_P5R6,65743858-57a5-4867-bcf9-189bbc8fc3da,/+3V3,B.Cu,"(37.45, 9.753599)","(34.7472, 9.753599)",0.2,2.7028,R08,0.1999996,0.499999,5.00000016,PASS
MORI_motion_P5R6,72351367-56cd-4575-b990-670c73cadc23,/+3V3,B.Cu,"(7.0625, 18.008599)","(5.613399, 18.008599)",0.2,1.449101,R08,0.1999996,0.499999,5.00000016,PASS
MORI_motion_P5R6,7993c845-54e3-4263-b045-e539cdcd9cf8,/+3V3,B.Cu,"(43.9674, 19.4076)","(43.9674, 19.9898)",0.2,0.5822,R08,0.1999996,0.499999,5.00000016,PASS
MORI_motion_P5R6,88adbdad-d829-4038-b59c-a9f73236e15a,/+3V3,B.Cu,"(29.55, 9.75)","(30.2, 9.75)",0.2,0.65,R08,0.1999996,0.499999,5.00000016,PASS
MORI_motion_P5R6,931a4cfc-9f6f-43b1-9e69-0f4b27ad77af,/+3V3,B.Cu,"(10.7442, 11.05)","(10.7442, 12.242799)",0.2,1.192799,R08,0.1999996,0.499999,5.00000016,PASS
MORI_motion_P5R6,97d49f56-25b2-4547-b77a-2670a8fc477a,/+3V3,B.Cu,"(22.25, 21.15)","(22.75, 21.15)",0.2,0.5,R08,0.1999996,0.499999,5.00000016,PASS
MORI_motion_P5R6,9d989b67-e8de-402d-a1c2-0dd576008f82,/+3V3,B.Cu,"(7.225, 15.0114)","(6.0198, 15.0114)",0.2,1.2052,R08,0.1999996,0.499999,5.00000016,PASS
MORI_motion_P5R6,a2341aab-ee41-44e2-9347-56307a174708,/+3V3,B.Cu,"(41.175, 26.0096)","(39.9796, 26.0096)",0.2,1.1954,R08,0.1999996,0.499999,5.00000016,PASS
MORI_motion_P5R6,b4b28300-e04d-468d-85a3-d9599bd28ea8,/+3V3,B.Cu,"(21.725, 12.25)","(21.1256, 12.25)",0.2,0.5994,R08,0.1999996,0.499999,5.00000016,PASS
MORI_motion_P5R6,c4b863d6-e06b-4e64-b290-0bb2cab4a4a7,/+3V3,B.Cu,"(15.0, 8.324999)","(15.0, 8.825)",0.2,0.500001,R08,0.1999996,0.499999,5.00000016,PASS
MORI_motion_P5R6,d79ff6e1-572f-4269-bf6e-e359e57b8f97,/+3V3,B.Cu,"(42.5, 10.025)","(42.5, 10.549999)",0.2,0.524999,R08,0.1999996,0.499999,5.00000016,PASS
MORI_motion_P5R6,d876f0ab-ae80-44f5-ad86-fbfdaf52f834,/+3V3,B.Cu,"(44.7, 18.675)","(43.9674, 19.4076)",0.2,1.036053,R08,0.1999996,0.499999,5.00000016,PASS
MORI_motion_P5R6,dad53578-a923-4868-8ebe-2e629bf9ee54,/+3V3,B.Cu,"(30.2, 9.75)","(30.7086, 10.2586)",0.2,0.719269,R08,0.1999996,0.499999,5.00000016,PASS
MORI_motion_P5R6,dc0f2f3b-2dfb-4fa9-80f1-f683507b4bfe,/+3V3,B.Cu,"(15.0, 8.825)","(13.5634, 10.2616)",0.2,2.031659,R08,0.1999996,0.499999,5.00000016,PASS
MORI_motion_P5R6,f0e76c9f-7b38-4eff-9ffd-092b7cd95990,/+3V3,B.Cu,"(46.989999, 28.175)","(46.989999, 26.9748)",0.2,1.2002,R08,0.1999996,0.499999,5.00000016,PASS
MORI_motion_P5R6,f73ef109-cfb0-4787-9f47-eb19cf62eea1,/+3V3,B.Cu,"(42.769999, 9.75)","(43.561, 10.541)",0.2,1.118644,R08,0.1999996,0.499999,5.00000016,PASS
MORI_motion_P5R6,5f081839-49fd-467b-8063-5fab2a6dda43,/IMU_SCK,F.Cu,"(27.2288, 33.9344)","(26.3144, 33.019999)",0.2,1.293158,R09,0.1999996,0.1999996,2.00000108,PASS
MORI_motion_P5R6,6519d986-ec3a-4bbf-af77-ff3faa2f8694,/IMU_SCK,F.Cu,"(33.9344, 33.2232)","(33.2232, 33.9344)",0.2,1.005789,R09,0.1999996,0.1999996,2.00000108,PASS
MORI_motion_P5R6,8aab47c5-9f37-4929-895b-123727284c27,/IMU_SCK,F.Cu,"(37.6936, 26.1112)","(33.9344, 29.8704)",0.2,5.316312,R09,0.1999996,0.1999996,2.00000108,PASS
MORI_motion_P5R6,d144c7f2-16cb-444a-b4e7-d986be50373d,/IMU_SCK,F.Cu,"(33.9344, 29.8704)","(33.9344, 33.2232)",0.2,3.3528,R09,0.1999996,0.1999996,2.00000108,PASS
MORI_motion_P5R6,db98c9d1-f437-4a33-a546-f70da16a6841,/IMU_SCK,F.Cu,"(26.3144, 33.019999)","(26.3144, 28.244799)",0.2,4.7752,R09,0.1999996,0.1999996,2.00000108,PASS
MORI_motion_P5R6,ebd10c8d-537e-43c5-bb1c-f94955da74e4,/IMU_SCK,F.Cu,"(33.2232, 33.9344)","(27.2288, 33.9344)",0.2,5.9944,R09,0.1999996,0.1999996,2.00000108,PASS
MORI_motion_P5R6,2342d92e-dc8c-4ca8-b6e6-893724611a3c,/IMU_SCK,B.Cu,"(26.3144, 28.244799)","(27.432, 27.1272)",0.2,1.580524,R09,0.1999996,0.1999996,2.00000108,PASS
MORI_motion_P5R6,2532f100-2b47-484d-b004-01c19776fcbf,/IMU_SCK,B.Cu,"(54.5, 23.156799)","(54.000001, 22.6568)",0.2,0.707105,R09,0.1999996,0.1999996,2.00000108,PASS
MORI_motion_P5R6,8d0ae753-aa7e-49d4-9969-be4e8fadedec,/IMU_SCK,B.Cu,"(54.000001, 22.6568)","(41.147999, 22.6568)",0.2,12.852002,R09,0.1999996,0.1999996,2.00000108,PASS
MORI_motion_P5R6,aa129814-137f-4525-a47b-023a548ad910,/IMU_SCK,B.Cu,"(41.147999, 22.6568)","(37.6936, 26.1112)",0.2,4.885259,R09,0.1999996,0.1999996,2.00000108,PASS
MORI_motion_P5R6,bc218ef7-e7a5-46f9-8a35-e0d769abcb31,/IMU_SCK,B.Cu,"(54.5, 25.0)","(54.5, 23.156799)",0.2,1.843201,R09,0.1999996,0.1999996,2.00000108,PASS
MORI_motion_P5R6,0d3f6c1c-3090-401d-9832-a21e40aa1f98,/IMU_MOSI,F.Cu,"(38.453552, 23.518352)","(40.3352, 25.4)",0.2,2.661052,R09,0.1999996,0.1999996,2.00000108,PASS
MORI_motion_P5R6,2a41ac5f-89ef-4888-9aff-14236c68d569,/IMU_MOSI,F.Cu,"(35.559999, 25.7048)","(31.5976, 25.7048)",0.2,3.962399,R09,0.1999996,0.1999996,2.00000108,PASS
MORI_motion_P5R6,399e1501-371e-4eb6-9976-2d6e1a742b99,/IMU_MOSI,F.Cu,"(42.672, 25.4)","(40.3352, 25.4)",0.2,2.3368,R09,0.1999996,0.1999996,2.00000108,PASS
MORI_motion_P5R6,4088977c-1173-411c-a4c5-760bc1f1ec76,/IMU_MOSI,F.Cu,"(46.228, 21.843999)","(42.672, 25.4)",0.2,5.028944,R09,0.1999996,0.1999996,2.00000108,PASS
MORI_motion_P5R6,8ca976db-460c-454b-a036-b9047a2d23da,/IMU_MOSI,F.Cu,"(37.746447, 23.518352)","(38.453552, 23.518352)",0.2,0.707105,R09,0.1999996,0.1999996,2.00000108,PASS
MORI_motion_P5R6,920782fd-6617-4c74-95c5-339765d3e481,/IMU_MOSI,F.Cu,"(35.559999, 25.7048)","(37.746447, 23.518352)",0.2,3.092104,R09,0.1999996,0.1999996,2.00000108,PASS
MORI_motion_P5R6,9da9f88c-cddd-4dfe-8913-9e7ba5c23515,/IMU_MOSI,F.Cu,"(31.5976, 25.7048)","(30.48, 26.8224)",0.2,1.580525,R09,0.1999996,0.1999996,2.00000108,PASS
MORI_motion_P5R6,11f02722-4dac-460a-a224-e09d72567ccf,/IMU_MOSI,B.Cu,"(56.5, 22.343998)","(56.000001, 21.843999)",0.2,0.707105,R09,0.1999996,0.1999996,2.00000108,PASS
MORI_motion_P5R6,36e120a6-218d-4540-9147-67fdc31514e2,/IMU_MOSI,B.Cu,"(30.48, 26.8224)","(29.667199, 26.0096)",0.2,1.149473,R09,0.1999996,0.1999996,2.00000108,PASS
MORI_motion_P5R6,7679dec3-07c3-4e50-9d80-d6ab1410eba8,/IMU_MOSI,B.Cu,"(56.5, 25.0)","(56.5, 22.343998)",0.2,2.656002,R09,0.1999996,0.1999996,2.00000108,PASS
MORI_motion_P5R6,7739fcae-a8c5-4579-b797-aea432596da1,/IMU_MOSI,B.Cu,"(56.000001, 21.843999)","(46.228, 21.843999)",0.2,9.772001,R09,0.1999996,0.1999996,2.00000108,PASS
MORI_motion_P5R6,235189e0-9146-4e99-a015-d4ef318bab07,/IMU_MISO,B.Cu,"(48.4632, 28.1432)","(47.8536, 28.7528)",0.2,0.862105,R09,0.1999996,0.1999996,2.00000108,PASS
MORI_motion_P5R6,4a20676c-090d-4a45-ac13-461b8082c311,/IMU_MISO,B.Cu,"(47.8536, 28.7528)","(47.8536, 30.1752)",0.2,1.4224,R09,0.1999996,0.1999996,2.00000108,PASS
MORI_motion_P5R6,7c3dbe0b-f715-477c-9d68-0b55c539dbcb,/IMU_MISO,B.Cu,"(47.8536, 30.1752)","(43.687999, 34.3408)",0.2,5.891049,R09,0.1999996,0.1999996,2.00000108,PASS
MORI_motion_P5R6,9da1daf5-401e-40ce-bf8e-e125df100c1c,/IMU_MISO,B.Cu,"(26.212799, 34.3408)","(25.1968, 33.324799)",0.2,1.436841,R09,0.1999996,0.1999996,2.00000108,PASS
MORI_motion_P5R6,d907c636-d67f-404d-9dd3-9e32985cf0b1,/IMU_MISO,B.Cu,"(58.0, 28.15)","(48.5, 28.15)",0.2,9.5,R09,0.1999996,0.1999996,2.00000108,PASS
MORI_motion_P5R6,dc2d19ed-13c8-4c1e-84a4-965e1167fdc4,/IMU_MISO,B.Cu,"(43.687999, 34.3408)","(26.212799, 34.3408)",0.2,17.4752,R09,0.1999996,0.1999996,2.00000108,PASS
MORI_motion_P5R6,e3141c0c-d267-4f08-89f6-f92b37eb9bc8,/IMU_MISO,B.Cu,"(58.5, 27.65)","(58.0, 28.15)",0.2,0.707107,R09,0.1999996,0.1999996,2.00000108,PASS
MORI_motion_P5R6,f5a7208f-60ea-4676-b929-bc6d05764950,/IMU_MISO,B.Cu,"(58.5, 25.0)","(58.5, 27.65)",0.2,2.65,R09,0.1999996,0.1999996,2.00000108,PASS
MORI_motion_P5R6,3cdd5802-eef3-4c24-ab60-1d48657019c9,/IMU_CS,F.Cu,"(37.592, 21.336)","(35.7632, 23.1648)",0.2,2.586314,R09,0.1999996,0.1999996,2.00000108,PASS
MORI_motion_P5R6,933e6e95-5f06-4118-aafa-de3797952e9e,/IMU_CS,F.Cu,"(27.5336, 22.7584)","(24.5872, 25.7048)",0.2,4.166839,R09,0.1999996,0.1999996,2.00000108,PASS
MORI_motion_P5R6,bd617cac-9ffe-408a-a0cc-10c773e1afaf,/IMU_CS,F.Cu,"(35.7632, 23.1648)","(28.6512, 23.1648)",0.2,7.112,R09,0.1999996,0.1999996,2.00000108,PASS
MORI_motion_P5R6,d3253679-d98e-485b-883a-2764ea339573,/IMU_CS,F.Cu,"(28.6512, 23.1648)","(28.244799, 22.7584)",0.2,0.574737,R09,0.1999996,0.1999996,2.00000108,PASS
MORI_motion_P5R6,d3d91877-92ff-416d-a7e2-b546eb677e38,/IMU_CS,F.Cu,"(28.244799, 22.7584)","(27.5336, 22.7584)",0.2,0.711199,R09,0.1999996,0.1999996,2.00000108,PASS
MORI_motion_P5R6,58c2ec79-11f1-49ff-9da7-de81cea8798e,/IMU_CS,B.Cu,"(24.5872, 25.7048)","(24.0792, 26.212799)",0.2,0.71842,R09,0.1999996,0.1999996,2.00000108,PASS
MORI_motion_P5R6,71a3f410-ce6e-4f9f-8a47-578e41fe9c24,/IMU_CS,B.Cu,"(59.943999, 22.7584)","(59.943999, 24.485599)",0.2,1.727199,R09,0.1999996,0.1999996,2.00000108,PASS
MORI_motion_P5R6,a21bd223-a0e2-4123-8f52-6d11aedfe7a7,/IMU_CS,B.Cu,"(45.719999, 21.336)","(46.126399, 20.9296)",0.2,0.574736,R09,0.1999996,0.1999996,2.00000108,PASS
MORI_motion_P5R6,b8ff6053-dc34-44fb-b299-a20382d54c1a,/IMU_CS,B.Cu,"(46.126399, 20.9296)","(58.115199, 20.9296)",0.2,11.9888,R09,0.1999996,0.1999996,2.00000108,PASS
MORI_motion_P5R6,d3b945dc-fab4-43dd-bae7-c403b748e5f4,/IMU_CS,B.Cu,"(59.943999, 24.485599)","(60.452, 24.9936)",0.2,0.718422,R09,0.1999996,0.1999996,2.00000108,PASS
MORI_motion_P5R6,d7a0865f-652c-4a7b-a293-9fd936d2fa5e,/IMU_CS,B.Cu,"(45.5, 20.325)","(45.5, 21.336)",0.2,1.011,R09,0.1999996,0.1999996,2.00000108,PASS
MORI_motion_P5R6,eb50dafe-3254-4617-a5ce-e0767e079f36,/IMU_CS,B.Cu,"(24.0792, 26.212799)","(23.4696, 26.212799)",0.2,0.6096,R09,0.1999996,0.1999996,2.00000108,PASS
MORI_motion_P5R6,ed444f85-46d4-4f91-83fc-1e3d44669d9f,/IMU_CS,B.Cu,"(37.592, 21.336)","(45.719999, 21.336)",0.2,8.127999,R09,0.1999996,0.1999996,2.00000108,PASS
MORI_motion_P5R6,f19577a1-e26b-4a60-a40b-e8da29279020,/IMU_CS,B.Cu,"(58.115199, 20.9296)","(59.943999, 22.7584)",0.2,2.586314,R09,0.1999996,0.1999996,2.00000108,PASS
MORI_motion_P5R6,d3e7b59a-3df4-4f22-9a0e-d5f27f7df54c,/IMU_DRDY,F.Cu,"(43.992799, 31.394399)","(36.169599, 31.394399)",0.2,7.8232,R09,0.1999996,0.1999996,2.00000108,PASS
MORI_motion_P5R6,fccfb338-d565-4bb5-9c4c-d66f27111dfa,/IMU_DRDY,F.Cu,"(45.8216, 33.2232)","(43.992799, 31.394399)",0.2,2.586315,R09,0.1999996,0.1999996,2.00000108,PASS
MORI_motion_P5R6,0c455ea9-9dfa-4cd3-82b9-98c0b8f2ee23,/IMU_DRDY,B.Cu,"(62.5, 25.0)","(62.5, 28.25)",0.2,3.25,R09,0.1999996,0.1999996,2.00000108,PASS
MORI_motion_P5R6,0ea7fa98-fafd-4cfc-a4eb-6d28a4dbb8c1,/IMU_DRDY,B.Cu,"(48.4632, 30.581599)","(45.8216, 33.2232)",0.2,3.735787,R09,0.1999996,0.1999996,2.00000108,PASS
MORI_motion_P5R6,60318df5-93e4-4be2-949a-df26ee91d1ae,/IMU_DRDY,B.Cu,"(31.1912, 31.394399)","(30.0736, 32.512)",0.2,1.580526,R09,0.1999996,0.1999996,2.00000108,PASS
MORI_motion_P5R6,67ecaa46-4d9f-472d-a3ea-b76ccf3e1409,/IMU_DRDY,B.Cu,"(36.169599, 31.394399)","(31.1912, 31.394399)",0.2,4.978399,R09,0.1999996,0.1999996,2.00000108,PASS
MORI_motion_P5R6,a1ccc339-e0b5-4c63-a5f9-053a4c5db6c3,/IMU_DRDY,B.Cu,"(62.5, 28.25)","(62.0, 28.75)",0.2,0.707107,R09,0.1999996,0.1999996,2.00000108,PASS
MORI_motion_P5R6,a28ed1ac-fe65-429f-b31d-74b091f2c1ed,/IMU_DRDY,B.Cu,"(48.4632, 28.7528)","(48.4632, 30.581599)",0.2,1.828799,R09,0.1999996,0.1999996,2.00000108,PASS
MORI_motion_P5R6,cce88c78-e39d-499b-b1aa-7b5fc4c4b9c8,/IMU_DRDY,B.Cu,"(62.0, 28.75)","(48.5, 28.75)",0.2,13.5,R09,0.1999996,0.1999996,2.00000108,PASS
MORI_motion_P5R6,23a89696-b742-4bdc-b374-b4608455239a,/CAM_RX,B.Cu,"(50.5, 14.0)","(50.0, 13.5)",0.2,0.707107,R09,0.1999996,0.1999996,2.00000108,PASS
MORI_motion_P5R6,27e701b9-2ff6-41dd-8264-60c1d39ce83a,/CAM_RX,B.Cu,"(50.5, 18.0)","(50.5, 14.0)",0.2,4.0,R09,0.1999996,0.1999996,2.00000108,PASS
MORI_motion_P5R6,de222e46-1b2c-4517-a29b-c66959ec5f94,/CAM_RX,B.Cu,"(50.0, 13.5)","(45.825, 13.5)",0.2,4.175,R09,0.1999996,0.1999996,2.00000108,PASS
MORI_motion_P5R6,35ae97fc-efb0-4ada-a3b0-b514b45ee166,/CAM_TX,F.Cu,"(52.0, 15.0)","(48.5, 15.0)",0.2,3.5,R09,0.1999996,0.1999996,2.00000108,PASS
MORI_motion_P5R6,b268e7e3-193c-4fc5-b387-339304877797,/CAM_TX,F.Cu,"(52.5, 15.5)","(52.0, 15.0)",0.2,0.707107,R09,0.1999996,0.1999996,2.00000108,PASS
MORI_motion_P5R6,d9bcd827-9c1a-429e-9700-0f4bdd86dd34,/CAM_TX,F.Cu,"(52.5, 18.0)","(52.5, 15.5)",0.2,2.5,R09,0.1999996,0.1999996,2.00000108,PASS
MORI_motion_P5R6,ffed12d9-e04d-404a-a895-4744aab8dd04,/CAM_TX,F.Cu,"(48.4632, 15.0368)","(39.5224, 15.0368)",0.2,8.9408,R09,0.1999996,0.1999996,2.00000108,PASS
MORI_motion_P5R6,341505fb-fc39-43b0-98b2-97e165959872,/CAM_TX,B.Cu,"(37.4904, 11.785599)","(37.4904, 10.769599)",0.2,1.016,R09,0.1999996,0.1999996,2.00000108,PASS
MORI_motion_P5R6,39cac92e-62b2-48bf-b273-c570ac3ef181,/CAM_TX,B.Cu,"(39.5224, 15.0368)","(38.4048, 13.9192)",0.2,1.580525,R09,0.1999996,0.1999996,2.00000108,PASS
MORI_motion_P5R6,9462e13e-7040-4f53-84f7-3067a9f447a7,/CAM_TX,B.Cu,"(38.4048, 12.7)","(37.4904, 11.785599)",0.2,1.293158,R09,0.1999996,0.1999996,2.00000108,PASS
MORI_motion_P5R6,a6c2a811-2bda-414c-8219-a44ad978b292,/CAM_TX,B.Cu,"(38.4048, 13.9192)","(38.4048, 12.7)",0.2,1.2192,R09,0.1999996,0.1999996,2.00000108,PASS
MORI_motion_P5R6,07e065f8-ed97-4273-8c8c-69e0addc697a,/CAM_3V3,B.Cu,"(42.3672, 12.801599)","(46.329598, 12.801599)",0.2,3.962398,R08,0.1999996,0.499999,5.00000016,PASS
MORI_motion_P5R6,5cfebf9d-6fef-4f33-a368-317b04a7d469,/CAM_3V3,B.Cu,"(53.9496, 17.4752)","(53.9496, 15.748)",0.2,1.7272,R08,0.1999996,0.499999,5.00000016,PASS
MORI_motion_P5R6,69132d27-b4e0-4219-8c4c-1bb0f42b0a0b,/CAM_3V3,B.Cu,"(53.9496, 15.748)","(51.206399, 13.0048)",0.2,3.879471,R08,0.1999996,0.499999,5.00000016,PASS
MORI_motion_P5R6,8ea0eb38-5cc6-4b97-ac29-d1ea6d102425,/CAM_3V3,B.Cu,"(41.656, 12.090399)","(42.3672, 12.801599)",0.2,1.005789,R08,0.1999996,0.499999,5.00000016,PASS
MORI_motion_P5R6,92607437-914a-42fd-a8c4-56e10d06271a,/CAM_3V3,B.Cu,"(41.725, 10.75)","(41.225, 10.25)",0.2,0.707107,R08,0.1999996,0.499999,5.00000016,PASS
MORI_motion_P5R6,d5d307b9-793f-4e74-9380-6504516ded3e,/CAM_3V3,B.Cu,"(46.532799, 13.0048)","(51.206399, 13.0048)",0.2,4.6736,R08,0.1999996,0.499999,5.00000016,PASS
MORI_motion_P5R6,dfbf8d25-d682-4ebf-bd92-84e75a069456,/CAM_3V3,B.Cu,"(41.225, 10.25)","(40.55, 10.25)",0.2,0.675,R08,0.1999996,0.499999,5.00000016,PASS
MORI_motion_P5R6,e334fcfe-910f-4911-8162-9af093b06c91,/CAM_3V3,B.Cu,"(54.4576, 17.9832)","(53.9496, 17.4752)",0.2,0.71842,R08,0.1999996,0.499999,5.00000016,PASS
MORI_motion_P5R6,eb4fd377-2eb7-4ec2-8088-9d7149d99f9c,/CAM_3V3,B.Cu,"(41.725, 12.0)","(41.725, 10.75)",0.2,1.25,R08,0.1999996,0.499999,5.00000016,PASS
MORI_motion_P5R6,fd610cc7-692a-43e9-8eb5-72b6e3b45233,/CAM_3V3,B.Cu,"(46.329598, 12.801599)","(46.532799, 13.0048)",0.2,0.28737,R08,0.1999996,0.499999,5.00000016,PASS
MORI_motion_P5R6,0ce48db0-9525-48ec-bd8b-1663a6bd5666,/+5V_MOTION,B.Cu,"(40.39, 4.8)","(41.79, 6.2)",0.5,1.979899,R08,0.1999996,0.499999,5.00000016,PASS
MORI_motion_P5R6,88ab8546-2ce8-412c-b995-2c90d114f792,/+5V_MOTION,B.Cu,"(58.5, 5.7)","(58.5, 3.0)",0.5,2.7,R08,0.1999996,0.499999,5.00000016,PASS
MORI_motion_P5R6,c37ed202-035c-4808-af97-8a440a0cb366,/+5V_MOTION,B.Cu,"(45.5, 6.825)","(45.5, 6.2)",0.5,0.625,R08,0.1999996,0.499999,5.00000016,PASS
MORI_motion_P5R6,c9c54bb7-8522-4e2f-b6f3-2126440e8827,/+5V_MOTION,B.Cu,"(41.79, 6.2)","(58.0, 6.2)",0.5,16.21,R08,0.1999996,0.499999,5.00000016,PASS
MORI_motion_P5R6,d6dd3ced-088d-4aee-a4d1-c1958384dda1,/+5V_MOTION,B.Cu,"(40.39, 2.26)","(40.39, 4.8)",0.5,2.54,R08,0.1999996,0.499999,5.00000016,PASS
MORI_motion_P5R6,fb72c440-2a5b-4ab9-91e7-eb008cc23ed8,/+5V_MOTION,B.Cu,"(58.0, 6.2)","(58.5, 5.7)",0.5,0.707107,R08,0.1999996,0.499999,5.00000016,PASS
MORI_motion_P5R6,05d3a83c-eaa9-41c8-b01a-386522ebe334,/HEAD_BUS,F.Cu,"(34.9504, 14.3256)","(34.2392, 15.0368)",0.2,1.005789,R09,0.1999996,0.1999996,2.00000108,PASS
MORI_motion_P5R6,41262055-81e3-4e64-9fdf-e20df8af8b5d,/HEAD_BUS,F.Cu,"(34.2392, 15.0368)","(26.924, 15.0368)",0.2,7.3152,R09,0.1999996,0.1999996,2.00000108,PASS
MORI_motion_P5R6,5e4b6f09-6b61-4c4c-a532-cc57fa82c8d8,/HEAD_BUS,F.Cu,"(19.95, 16.764)","(20.2548, 17.0688)",0.2,0.431052,R09,0.1999996,0.1999996,2.00000108,PASS
MORI_motion_P5R6,71cc2273-30d1-403d-b990-32d753543d85,/HEAD_BUS,F.Cu,"(20.2548, 17.0688)","(21.2344, 17.0688)",0.2,0.9796,R09,0.1999996,0.1999996,2.00000108,PASS
MORI_motion_P5R6,9416ecb7-35d0-4c03-b026-f67647a74ef9,/HEAD_BUS,F.Cu,"(61.5, 14.3)","(48.5, 14.3)",0.2,13.0,R09,0.1999996,0.1999996,2.00000108,PASS
MORI_motion_P5R6,94eb06ef-adb7-486f-8ea5-af0cd1dd8ece,/HEAD_BUS,F.Cu,"(62.0, 14.8)","(61.5, 14.3)",0.2,0.707107,R09,0.1999996,0.1999996,2.00000108,PASS
MORI_motion_P5R6,96d1bb59-24b3-4452-bc85-cfa33070286a,/HEAD_BUS,F.Cu,"(48.4632, 14.3256)","(34.9504, 14.3256)",0.2,13.5128,R09,0.1999996,0.1999996,2.00000108,PASS
MORI_motion_P5R6,b05c92b7-58d7-4c64-bb8a-2648bf3bddf4,/HEAD_BUS,F.Cu,"(26.924, 15.0368)","(24.7904, 17.1704)",0.2,3.017366,R09,0.1999996,0.1999996,2.00000108,PASS
MORI_motion_P5R6,e2782140-67c3-4cb1-9e26-ea392c0f0f35,/HEAD_BUS,F.Cu,"(62.0, 18.0)","(62.0, 14.8)",0.2,3.2,R09,0.1999996,0.1999996,2.00000108,PASS
MORI_motion_P5R6,1c5220c6-3290-45a7-a75f-36c3007061c6,/HEAD_BUS,B.Cu,"(24.7904, 17.1704)","(24.7904, 17.8816)",0.2,0.7112,R09,0.1999996,0.1999996,2.00000108,PASS
MORI_motion_P5R6,2eab9a61-9dce-4720-bb06-233052af43cc,/HEAD_BUS,B.Cu,"(22.352, 18.1864)","(21.2344, 17.0688)",0.2,1.580525,R09,0.1999996,0.1999996,2.00000108,PASS
MORI_motion_P5R6,35733255-ac82-461f-87ec-3785f9f622c2,/HEAD_BUS,B.Cu,"(19.95, 21.65)","(20.25, 21.95)",0.2,0.424264,R09,0.1999996,0.1999996,2.00000108,PASS
MORI_motion_P5R6,4814ff68-0441-4655-9d8f-217540e3076c,/HEAD_BUS,B.Cu,"(24.485599, 18.1864)","(22.352, 18.1864)",0.2,2.133599,R09,0.1999996,0.1999996,2.00000108,PASS
MORI_motion_P5R6,baca4094-c115-4804-8bef-e7aaf887de20,/HEAD_BUS,B.Cu,"(19.95, 16.764)","(19.95, 21.65)",0.2,4.886,R09,0.1999996,0.1999996,2.00000108,PASS
MORI_motion_P5R6,99bb1840-0dfe-445b-b952-6eb998c2a1f2,/BAT_ADC,B.Cu,"(11.18, 31.47)","(12.45, 32.74)",0.2,1.796051,R09,0.1999996,0.1999996,2.00000108,PASS
MORI_motion_P5R6,d42c04c8-6263-45df-94bc-43ae8eb33977,/BAT_ADC,B.Cu,"(11.18, 25.825)","(11.18, 31.47)",0.2,5.645,R09,0.1999996,0.1999996,2.00000108,PASS
MORI_motion_P5R6,62fe54e7-5b07-4f0d-9a5e-388b12808d71,/CURRENT_ADC,B.Cu,"(17.225, 28.0)","(16.26, 28.965)",0.2,1.364716,R09,0.1999996,0.1999996,2.00000108,PASS
MORI_motion_P5R6,7fd678ef-aac3-4660-b477-b997bb6ea833,/CURRENT_ADC,B.Cu,"(17.625, 25.825)","(17.625, 28.0)",0.2,2.175,R09,0.1999996,0.1999996,2.00000108,PASS
MORI_motion_P5R6,999d8f26-a205-4394-866e-ec8cb794a492,/CURRENT_ADC,B.Cu,"(16.26, 31.47)","(14.99, 32.74)",0.2,1.796051,R09,0.1999996,0.1999996,2.00000108,PASS
MORI_motion_P5R6,e2e1eb00-4976-41aa-ad6c-1d0711299eb5,/CURRENT_ADC,B.Cu,"(16.26, 28.965)","(16.26, 31.47)",0.2,2.505,R09,0.1999996,0.1999996,2.00000108,PASS
MORI_motion_P5R6,a7238eef-23b0-4c67-a825-e644867904e4,/WHEEL_ADC,B.Cu,"(13.7, 28.0)","(14.225, 28.0)",0.2,0.525,R09,0.1999996,0.1999996,2.00000108,PASS
MORI_motion_P5R6,ec24c814-adb2-47e9-a0d2-0a954b9576be,/WHEEL_ADC,B.Cu,"(14.99, 30.2)","(14.225, 29.435)",0.2,1.081873,R09,0.1999996,0.1999996,2.00000108,PASS
MORI_motion_P5R6,f72cb423-a0a5-4b03-9a08-7453ab80a481,/WHEEL_ADC,B.Cu,"(14.225, 25.825)","(14.225, 29.435)",0.2,3.61,R09,0.1999996,0.1999996,2.00000108,PASS
MORI_motion_P5R6,d0a37310-c482-4eb1-b98e-8ddfe38a5daa,/HEAD_TX,B.Cu,"(20.07, 32.74)","(21.2598, 31.5502)",0.2,1.682631,R09,0.1999996,0.1999996,2.00000108,PASS
MORI_motion_P5R6,deb8efa7-a8bb-4ebe-ab37-5ebe02fa148a,/HEAD_TX,B.Cu,"(21.2598, 25.05)","(21.2598, 31.5502)",0.2,6.5002,R09,0.1999996,0.1999996,2.00000108,PASS
MORI_motion_P5R6,11c49172-84d9-4f55-a80e-5faa07bd248b,/IMU_CS_M,B.Cu,"(23.785, 28.9072)","(23.785, 31.565)",0.2,2.6578,R09,0.1999996,0.1999996,2.00000108,PASS
MORI_motion_P5R6,33612f03-2730-451e-9a65-854bd3d91843,/IMU_CS_M,B.Cu,"(23.5, 28.6222)","(23.785, 28.9072)",0.2,0.403051,R09,0.1999996,0.1999996,2.00000108,PASS
MORI_motion_P5R6,c0a09b92-6b5a-4cf7-b207-6b0caa1371eb,/IMU_CS_M,B.Cu,"(23.785, 31.565)","(22.61, 32.74)",0.2,1.661701,R09,0.1999996,0.1999996,2.00000108,PASS
MORI_motion_P5R6,ed943a25-9e89-4722-8e85-926fcfe30134,/IMU_CS_M,B.Cu,"(23.5, 27.825)","(23.5, 28.6222)",0.2,0.7972,R09,0.1999996,0.1999996,2.00000108,PASS
MORI_motion_P5R6,6f0325a8-34f8-46a4-b3d9-3a3680a51b73,/HEAD_RX,F.Cu,"(20.25, 27.84)","(22.61, 30.2)",0.2,3.337544,R09,0.1999996,0.1999996,2.00000108,PASS
MORI_motion_P5R6,a428ef02-ac5a-427b-9812-cca83a72c626,/HEAD_RX,B.Cu,"(20.75, 25.05)","(20.75, 27.34)",0.2,2.29,R09,0.1999996,0.1999996,2.00000108,PASS
MORI_motion_P5R6,b14a6fcd-de09-401e-b6f0-9c85ee58afe4,/HEAD_RX,B.Cu,"(20.75, 27.34)","(20.25, 27.84)",0.2,0.707107,R09,0.1999996,0.1999996,2.00000108,PASS
MORI_motion_P5R6,1f9d7e7b-4118-4fff-85c6-45742eebef27,/IMU_SCK_M,B.Cu,"(25.675, 27.0)","(25.175, 27.0)",0.2,0.5,R09,0.1999996,0.1999996,2.00000108,PASS
MORI_motion_P5R6,69d83d41-0a2f-4679-8016-4472cf3f4285,/IMU_SCK_M,B.Cu,"(25.1817, 30.1683)","(25.1817, 27.0067)",0.2,3.1616,R09,0.1999996,0.1999996,2.00000108,PASS
MORI_motion_P5R6,129ddbbe-dd99-48b6-a06c-59900902e5a1,/CHG_N,F.Cu,"(32.715199, 10.769599)","(32.715199, 14.0208)",0.2,3.251201,R09,0.1999996,0.1999996,2.00000108,PASS
MORI_motion_P5R6,24237067-9c6a-44a1-88e6-fd47376a12fc,/CHG_N,F.Cu,"(32.105599, 14.6304)","(26.3144, 14.6304)",0.2,5.791199,R09,0.1999996,0.1999996,2.00000108,PASS
MORI_motion_P5R6,3aed5a63-2afc-401c-a933-5d69dbd0ed63,/CHG_N,F.Cu,"(47.5528, 6.1)","(56.0, 6.1)",0.2,8.4472,R09,0.1999996,0.1999996,2.00000108,PASS
MORI_motion_P5R6,495d59d1-e955-4217-b9f1-0d52b4cc6bc7,/CHG_N,F.Cu,"(56.5, 6.6)","(56.5, 10.0)",0.2,3.4,R09,0.1999996,0.1999996,2.00000108,PASS
MORI_motion_P5R6,66490855-0fe1-4403-856b-0390ec03ddcd,/CHG_N,F.Cu,"(23.875999, 17.0688)","(23.875999, 19.811999)",0.2,2.743199,R09,0.1999996,0.1999996,2.00000108,PASS
MORI_motion_P5R6,693cea9e-914d-4350-832d-2467692b3feb,/CHG_N,F.Cu,"(23.875999, 19.811999)","(24.0792, 20.0152)",0.2,0.28737,R09,0.1999996,0.1999996,2.00000108,PASS
MORI_motion_P5R6,69a53cac-9d8b-4c94-b5a8-3f79bacb64c7,/CHG_N,F.Cu,"(45.0088, 3.556)","(47.5528, 6.1)",0.2,3.597759,R09,0.1999996,0.1999996,2.00000108,PASS
MORI_motion_P5R6,6c6b03b8-b0d2-4c1c-9cf9-bcfa3819c6a9,/CHG_N,F.Cu,"(26.3144, 14.6304)","(23.875999, 17.0688)",0.2,3.448419,R09,0.1999996,0.1999996,2.00000108,PASS
MORI_motion_P5R6,7985753e-9346-4145-abae-54c8d33de19a,/CHG_N,F.Cu,"(28.8544, 31.5976)","(27.7368, 32.715199)",0.2,1.580524,R09,0.1999996,0.1999996,2.00000108,PASS
MORI_motion_P5R6,8cb233f1-ea16-4fc0-884d-c61baf4d8a9a,/CHG_N,F.Cu,"(56.0, 6.1)","(56.5, 6.6)",0.2,0.707107,R09,0.1999996,0.1999996,2.00000108,PASS
MORI_motion_P5R6,987d2aa9-4f28-45a8-8d8e-121c7eee0faa,/CHG_N,F.Cu,"(32.715199, 14.0208)","(32.105599, 14.6304)",0.2,0.862105,R09,0.1999996,0.1999996,2.00000108,PASS
MORI_motion_P5R6,9b3e7b2e-132a-4ed5-8e15-b4833138b18e,/CHG_N,F.Cu,"(36.474399, 3.556)","(45.0088, 3.556)",0.2,8.534401,R09,0.1999996,0.1999996,2.00000108,PASS
MORI_motion_P5R6,9cb6132a-e98a-4bf2-b7af-284f89867331,/CHG_N,F.Cu,"(28.8544, 25.1968)","(28.8544, 31.5976)",0.2,6.4008,R09,0.1999996,0.1999996,2.00000108,PASS
MORI_motion_P5R6,cdcaf6e1-f3f8-475b-8dd5-6ee1abd2a482,/CHG_N,F.Cu,"(24.0792, 20.0152)","(26.0096, 20.0152)",0.2,1.9304,R09,0.1999996,0.1999996,2.00000108,PASS
MORI_motion_P5R6,cf7a8991-724d-4a4a-9fd6-8c2d02e8c072,/CHG_N,F.Cu,"(36.474399, 7.0104)","(32.715199, 10.769599)",0.2,5.316311,R09,0.1999996,0.1999996,2.00000108,PASS
MORI_motion_P5R6,3cb6e421-00f4-4895-b291-0fdcef43fb42,/CHG_N,B.Cu,"(26.0096, 20.0152)","(26.924, 19.1008)",0.2,1.293157,R09,0.1999996,0.1999996,2.00000108,PASS
MORI_motion_P5R6,65379008-dbbc-45ee-b075-5cf238e943e3,/CHG_N,B.Cu,"(28.8544, 20.9296)","(28.8544, 25.1968)",0.2,4.2672,R09,0.1999996,0.1999996,2.00000108,PASS
MORI_motion_P5R6,92020e6f-4be8-4dbb-98fa-58e2b40c4a08,/CHG_N,B.Cu,"(27.025599, 19.1008)","(28.8544, 20.9296)",0.2,2.586314,R09,0.1999996,0.1999996,2.00000108,PASS
MORI_motion_P5R6,d604e7e6-e6eb-4941-a9b4-1f26b03b5a3a,/CHG_N,B.Cu,"(36.474399, 3.556)","(36.474399, 7.0104)",0.2,3.4544,R09,0.1999996,0.1999996,2.00000108,PASS
MORI_motion_P5R6,201b8a80-ac92-45cc-ad54-c55b8be8266d,/IMU_MOSI_M,B.Cu,"(29.5, 27.825)","(29.5, 28.39)",0.2,0.565,R09,0.1999996,0.1999996,2.00000108,PASS
MORI_motion_P5R6,e63d3c8d-8f3b-486e-8e89-a91e36b6e07b,/IMU_MOSI_M,B.Cu,"(29.5, 28.39)","(27.69, 30.2)",0.2,2.559727,R09,0.1999996,0.1999996,2.00000108,PASS
MORI_motion_P5R6,55f30c57-42ea-4b19-898e-ab5a7fdd8c13,/ARM_FEEDBACK,B.Cu,"(33.5775, 17.9025)","(33.0, 17.325)",0.2,0.816708,R09,0.1999996,0.1999996,2.00000108,PASS
MORI_motion_P5R6,60e6598b-cab1-4f49-b3cd-7b4e25402b5d,/ARM_FEEDBACK,B.Cu,"(30.7723, 30.2)","(33.5775, 27.3948)",0.2,3.967152,R09,0.1999996,0.1999996,2.00000108,PASS
MORI_motion_P5R6,a4114264-cd2a-4b95-9d3b-21866802e968,/ARM_FEEDBACK,B.Cu,"(33.5775, 27.3948)","(33.5775, 17.9025)",0.2,9.4923,R09,0.1999996,0.1999996,2.00000108,PASS
MORI_motion_P5R6,c3e93d04-ab50-47cd-ae92-83e7dba3b185,/ARM_FEEDBACK,B.Cu,"(33.0, 16.825)","(33.0, 17.325)",0.2,0.5,R09,0.1999996,0.1999996,2.00000108,PASS
MORI_motion_P5R6,5c8c8962-668e-40b3-9b9c-788f6e69fd1e,/ARM_CLK,B.Cu,"(9.25, 8.825)","(7.825, 10.25)",0.2,2.015254,R09,0.1999996,0.1999996,2.00000108,PASS
MORI_motion_P5R6,74dac5e8-7d13-4197-adcd-5eb9ec471525,/ARM_CLK,B.Cu,"(9.91, 5.55)","(9.25, 6.21)",0.2,0.933381,R09,0.1999996,0.1999996,2.00000108,PASS
MORI_motion_P5R6,8874e466-e88b-4b94-a781-bc59d96f616e,/ARM_CLK,B.Cu,"(10.25, 7.45)","(9.75, 6.95)",0.2,0.707107,R09,0.1999996,0.1999996,2.00000108,PASS
MORI_motion_P5R6,a226aaca-ca3b-4314-b04e-2215cc6957a1,/ARM_CLK,B.Cu,"(9.25, 6.21)","(9.25, 8.825)",0.2,2.615,R09,0.1999996,0.1999996,2.00000108,PASS
MORI_motion_P5R6,c59a4a87-f1fd-46c4-ad43-1f0edcc64556,/ARM_CLK,B.Cu,"(10.25, 7.95)","(10.25, 7.45)",0.2,0.5,R09,0.1999996,0.1999996,2.00000108,PASS
MORI_motion_P5R6,e945f550-866a-4fe9-bd70-90290cde9cb3,/ARM_CLK,B.Cu,"(9.75, 6.95)","(9.25, 6.95)",0.2,0.5,R09,0.1999996,0.1999996,2.00000108,PASS
MORI_motion_P5R6,01663150-ca0d-4ec6-9ce2-79dbfb15edb5,/CLR_N,F.Cu,"(10.5664, 11.4808)","(11.176, 11.4808)",0.2,0.6096,R09,0.1999996,0.1999996,2.00000108,PASS
MORI_motion_P5R6,182a9503-ece7-4ce0-ba92-4e127908594d,/CLR_N,F.Cu,"(18.288, 16.052799)","(22.2504, 16.052799)",0.2,3.9624,R09,0.1999996,0.1999996,2.00000108,PASS
MORI_motion_P5R6,370f17d7-746c-4ea0-9b0c-1d6a06186e76,/CLR_N,F.Cu,"(59.9, 28.1)","(48.5, 28.1)",0.2,11.4,R09,0.1999996,0.1999996,2.00000108,PASS
MORI_motion_P5R6,3b37e281-149a-4a08-b86a-f929705372fb,/CLR_N,F.Cu,"(9.8552, 10.769599)","(10.5664, 11.4808)",0.2,1.005789,R09,0.1999996,0.1999996,2.00000108,PASS
MORI_motion_P5R6,3eec43a8-7ccb-43b9-ab91-9afb180a5301,/CLR_N,F.Cu,"(47.9552, 27.8384)","(48.26, 28.1432)",0.2,0.431052,R09,0.1999996,0.1999996,2.00000108,PASS
MORI_motion_P5R6,5808e044-ba1f-413c-b629-6d1f980a0e22,/CLR_N,F.Cu,"(8.7376, 7.112)","(9.8552, 8.2296)",0.2,1.580525,R09,0.1999996,0.1999996,2.00000108,PASS
MORI_motion_P5R6,612f9f41-ede2-44b5-9361-4aa4c0cc780f,/CLR_N,F.Cu,"(9.9568, 3.048)","(8.7376, 4.2672)",0.2,1.724209,R09,0.1999996,0.1999996,2.00000108,PASS
MORI_motion_P5R6,72744a42-ec59-4a82-b907-c586bdeff301,/CLR_N,F.Cu,"(60.5, 28.7)","(59.9, 28.1)",0.2,0.848528,R09,0.1999996,0.1999996,2.00000108,PASS
MORI_motion_P5R6,bbc4c95b-a178-4135-b99e-8f03756009c9,/CLR_N,F.Cu,"(45.211999, 17.779999)","(47.9552, 20.5232)",0.2,3.879472,R09,0.1999996,0.1999996,2.00000108,PASS
MORI_motion_P5R6,c94a44ad-907b-425e-ae90-96913b66e126,/CLR_N,F.Cu,"(9.8552, 8.2296)","(9.8552, 10.769599)",0.2,2.539999,R09,0.1999996,0.1999996,2.00000108,PASS
MORI_motion_P5R6,d737d47a-3998-47d4-9519-03e93f520091,/CLR_N,F.Cu,"(11.176, 11.4808)","(11.785599, 12.090399)",0.2,0.862103,R09,0.1999996,0.1999996,2.00000108,PASS
MORI_motion_P5R6,ea47a6d7-66c6-4784-b3cf-0c864972dbd0,/CLR_N,F.Cu,"(47.9552, 20.5232)","(47.9552, 27.8384)",0.2,7.3152,R09,0.1999996,0.1999996,2.00000108,PASS
MORI_motion_P5R6,eaef1451-6fe0-4a20-9739-75bc7fddaa9b,/CLR_N,F.Cu,"(31.496, 17.779999)","(45.211999, 17.779999)",0.2,13.715999,R09,0.1999996,0.1999996,2.00000108,PASS
MORI_motion_P5R6,f31f36cf-a9cb-4950-a95d-016ace94979a,/CLR_N,F.Cu,"(16.052799, 13.817599)","(18.288, 16.052799)",0.2,3.161051,R09,0.1999996,0.1999996,2.00000108,PASS
MORI_motion_P5R6,fbd7a9d7-2ca2-4093-9f92-5338098998c7,/CLR_N,F.Cu,"(8.7376, 4.2672)","(8.7376, 7.112)",0.2,2.8448,R09,0.1999996,0.1999996,2.00000108,PASS
MORI_motion_P5R6,fdcd0f53-8670-481f-9c5f-722ec8d1c106,/CLR_N,F.Cu,"(48.26, 28.1432)","(48.4632, 28.1432)",0.2,0.2032,R09,0.1999996,0.1999996,2.00000108,PASS
MORI_motion_P5R6,ff77f62e-9e41-418e-bd05-baa477d329b0,/CLR_N,F.Cu,"(60.5, 31.3)","(60.5, 28.7)",0.2,2.6,R09,0.1999996,0.1999996,2.00000108,PASS
MORI_motion_P5R6,0aac7b28-e948-405f-a2ac-6434ff8805eb,/CLR_N,B.Cu,"(25.907999, 16.052799)","(26.1112, 15.849599)",0.2,0.287369,R09,0.1999996,0.1999996,2.00000108,PASS
MORI_motion_P5R6,1c01c646-a4f1-4edc-9ac5-29b4e00c25e0,/CLR_N,B.Cu,"(11.785599, 12.090399)","(11.2776, 11.5824)",0.2,0.718419,R09,0.1999996,0.1999996,2.00000108,PASS
MORI_motion_P5R6,23d8f828-c1ef-4f5b-bea0-f430e2154d5c,/CLR_N,B.Cu,"(27.0, 15.85)","(29.5, 15.85)",0.2,2.5,R09,0.1999996,0.1999996,2.00000108,PASS
MORI_motion_P5R6,36b89055-9930-400d-b2c3-6b9acb68ec74,/CLR_N,B.Cu,"(26.1112, 15.849599)","(27.025599, 15.849599)",0.2,0.914399,R09,0.1999996,0.1999996,2.00000108,PASS
MORI_motion_P5R6,48f974e8-1a50-4b05-a76e-d5267b819500,/CLR_N,B.Cu,"(11.4808, 12.2936)","(11.4808, 18.45)",0.2,6.1564,R09,0.1999996,0.1999996,2.00000108,PASS
MORI_motion_P5R6,4de43cc3-e16b-4b69-8ac9-9ef3ec108563,/CLR_N,B.Cu,"(11.4808, 18.45)","(10.9808, 18.95)",0.2,0.707107,R09,0.1999996,0.1999996,2.00000108,PASS
MORI_motion_P5R6,59de2d0a-79c8-46b0-93a3-e3fd26fdf267,/CLR_N,B.Cu,"(30.0, 16.35)","(30.0, 19.35)",0.2,3.0,R09,0.1999996,0.1999996,2.00000108,PASS
MORI_motion_P5R6,6d596ee2-5374-48ff-bc89-6165fb6c90ab,/CLR_N,B.Cu,"(11.4808, 13.817599)","(16.052799, 13.817599)",0.2,4.571999,R09,0.1999996,0.1999996,2.00000108,PASS
MORI_motion_P5R6,89f21c09-02c5-40ca-b268-4d763d47e281,/CLR_N,B.Cu,"(10.9808, 18.95)","(8.9375, 18.95)",0.2,2.0433,R09,0.1999996,0.1999996,2.00000108,PASS
MORI_motion_P5R6,9c4d87dd-815a-4355-a0d1-973b90ccb0f1,/CLR_N,B.Cu,"(11.2776, 11.074399)","(11.2776, 11.5824)",0.2,0.508001,R09,0.1999996,0.1999996,2.00000108,PASS
MORI_motion_P5R6,d6e7af4c-f387-492f-a5d0-ca981f314cb8,/CLR_N,B.Cu,"(8.9375, 20.5)","(8.9375, 18.95)",0.2,1.55,R09,0.1999996,0.1999996,2.00000108,PASS
MORI_motion_P5R6,dbb086db-b9e4-4153-b189-fa74b2de79bf,/CLR_N,B.Cu,"(22.2504, 16.052799)","(25.907999, 16.052799)",0.2,3.657599,R09,0.1999996,0.1999996,2.00000108,PASS
MORI_motion_P5R6,e1454b8e-a68c-48c6-b61e-54cab55e04d1,/CLR_N,B.Cu,"(29.5, 15.85)","(30.0, 16.35)",0.2,0.707107,R09,0.1999996,0.1999996,2.00000108,PASS
MORI_motion_P5R6,e8017a08-67a8-4465-a1de-0c56316debf5,/CLR_N,B.Cu,"(8.775, 21.0)","(10.675, 21.0)",0.2,1.9,R09,0.1999996,0.1999996,2.00000108,PASS
MORI_motion_P5R6,f8e94817-cd34-462b-a659-d9a9e661b56c,/CLR_N,B.Cu,"(29.971999, 19.304)","(31.496, 17.779999)",0.2,2.155263,R09,0.1999996,0.1999996,2.00000108,PASS
MORI_motion_P5R6,00442558-2732-4698-bcf4-b57e35d218fb,/S288_OE_REQ_N,F.Cu,"(22.148799, 9.9568)","(23.4696, 11.2776)",0.2,1.867894,R09,0.1999996,0.1999996,2.00000108,PASS
MORI_motion_P5R6,52918604-6c64-4fbc-85ac-c62f785f3868,/S288_OE_REQ_N,F.Cu,"(23.4696, 12.7)","(22.5552, 13.6144)",0.2,1.293157,R09,0.1999996,0.1999996,2.00000108,PASS
MORI_motion_P5R6,99f55011-4fc6-4825-abb1-01afbf2ab0b4,/S288_OE_REQ_N,F.Cu,"(23.1648, 8.4328)","(22.148799, 9.4488)",0.2,1.436842,R09,0.1999996,0.1999996,2.00000108,PASS
MORI_motion_P5R6,a290bea5-edc0-4d06-91af-3755b2871933,/S288_OE_REQ_N,F.Cu,"(22.0472, 7.3152)","(21.4376, 6.7056)",0.2,0.862105,R09,0.1999996,0.1999996,2.00000108,PASS
MORI_motion_P5R6,abf1fca1-8e89-4fbf-914f-5af56a621c88,/S288_OE_REQ_N,F.Cu,"(21.4376, 6.7056)","(13.9192, 6.7056)",0.2,7.5184,R09,0.1999996,0.1999996,2.00000108,PASS
MORI_motion_P5R6,bbc4a522-a231-48a0-b3d3-18b805aacff5,/S288_OE_REQ_N,F.Cu,"(22.148799, 9.4488)","(22.148799, 9.9568)",0.2,0.508,R09,0.1999996,0.1999996,2.00000108,PASS
MORI_motion_P5R6,fdc9705c-16eb-4d82-937d-7cd3f62fc4dc,/S288_OE_REQ_N,F.Cu,"(23.4696, 11.2776)","(23.4696, 12.7)",0.2,1.4224,R09,0.1999996,0.1999996,2.00000108,PASS
MORI_motion_P5R6,03e1a03d-5cc5-41da-a126-4ac1dbd5edab,/S288_OE_REQ_N,B.Cu,"(20.2184, 13.6144)","(19.7104, 13.106399)",0.2,0.718421,R09,0.1999996,0.1999996,2.00000108,PASS
MORI_motion_P5R6,2f9aaab0-51a4-447e-ba73-47de4779ae7a,/S288_OE_REQ_N,B.Cu,"(12.45, 4.8)","(12.45, 6.205601)",0.2,1.405601,R09,0.1999996,0.1999996,2.00000108,PASS
MORI_motion_P5R6,38fe771e-7992-4ab4-90f5-2a6ca82dc71c,/S288_OE_REQ_N,B.Cu,"(12.45, 6.205601)","(12.949999, 6.7056)",0.2,0.707105,R09,0.1999996,0.1999996,2.00000108,PASS
MORI_motion_P5R6,d5eaadb9-bf45-471d-9cd1-a6b34dc6e4f5,/S288_OE_REQ_N,B.Cu,"(22.0472, 7.3152)","(23.1648, 8.4328)",0.2,1.580525,R09,0.1999996,0.1999996,2.00000108,PASS
MORI_motion_P5R6,e07cf0e2-09d3-474e-8440-e72de58f5944,/S288_OE_REQ_N,B.Cu,"(12.949999, 6.7056)","(15.0, 6.7056)",0.2,2.050001,R09,0.1999996,0.1999996,2.00000108,PASS
MORI_motion_P5R6,eba1e24e-6887-4b07-bb19-7ded7aa0956c,/S288_OE_REQ_N,B.Cu,"(22.5552, 13.6144)","(20.2184, 13.6144)",0.2,2.3368,R09,0.1999996,0.1999996,2.00000108,PASS
MORI_motion_P5R6,0aa0c62a-a6c8-4d6e-bd1d-51a35a7bc909,/HEAD_OE_REQ_N,B.Cu,"(15.4432, 3.556)","(16.154399, 4.2672)",0.2,1.005788,R09,0.1999996,0.1999996,2.00000108,PASS
MORI_motion_P5R6,44cc670c-2790-46a6-993c-23a024863794,/HEAD_OE_REQ_N,B.Cu,"(17.0, 8.5672)","(17.0, 9.45)",0.2,0.8828,R09,0.1999996,0.1999996,2.00000108,PASS
MORI_motion_P5R6,4b980d18-01aa-4f52-a8e5-dda91e573a6f,/HEAD_OE_REQ_N,B.Cu,"(17.5, 9.95)","(17.0, 9.45)",0.2,0.707107,R09,0.1999996,0.1999996,2.00000108,PASS
MORI_motion_P5R6,7dea7223-38b7-4584-a380-748e63015f4a,/HEAD_OE_REQ_N,B.Cu,"(16.154399, 7.7216)","(17.0, 8.5672)",0.2,1.19586,R09,0.1999996,0.1999996,2.00000108,PASS
MORI_motion_P5R6,847d3d32-d805-4c0c-93ab-775c0fe08f25,/HEAD_OE_REQ_N,B.Cu,"(12.4968, 2.2352)","(13.817599, 3.556)",0.2,1.867893,R09,0.1999996,0.1999996,2.00000108,PASS
MORI_motion_P5R6,88867cdc-0d55-4490-9bf9-6c04d4383494,/HEAD_OE_REQ_N,B.Cu,"(13.817599, 3.556)","(15.4432, 3.556)",0.2,1.625601,R09,0.1999996,0.1999996,2.00000108,PASS
MORI_motion_P5R6,b052ddf9-740c-4227-acaa-f5bbe34cdbef,/HEAD_OE_REQ_N,B.Cu,"(16.154399, 4.2672)","(16.154399, 7.7216)",0.2,3.4544,R09,0.1999996,0.1999996,2.00000108,PASS
MORI_motion_P5R6,b24fb2c2-ecda-4548-9293-9661204eec2f,/HEAD_OE_REQ_N,B.Cu,"(18.25, 9.95)","(17.5, 9.95)",0.2,0.75,R09,0.1999996,0.1999996,2.00000108,PASS
MORI_motion_P5R6,0e73815b-0a98-4478-b84a-9163046780fb,/FAULT_N,F.Cu,"(54.5, 7.1)","(54.5, 10.0)",0.2,2.9,R09,0.1999996,0.1999996,2.00000108,PASS
MORI_motion_P5R6,1961e74a-b7bf-487b-84b4-ad462a80f50c,/FAULT_N,F.Cu,"(36.3728, 5.9944)","(34.4424, 7.924799)",0.2,2.729997,R09,0.1999996,0.1999996,2.00000108,PASS
MORI_motion_P5R6,1cf29d51-7c0d-45c4-b01d-26c57d69401a,/FAULT_N,F.Cu,"(36.3728, 5.9944)","(42.2656, 5.9944)",0.2,5.8928,R09,0.1999996,0.1999996,2.00000108,PASS
MORI_motion_P5R6,3068df0a-78b7-4068-b5f9-8fc73ef67359,/FAULT_N,F.Cu,"(16.256, 5.9944)","(15.0368, 4.7752)",0.2,1.724209,R09,0.1999996,0.1999996,2.00000108,PASS
MORI_motion_P5R6,430a6240-e99c-4186-8524-117338f05b97,/FAULT_N,F.Cu,"(29.362399, 9.9568)","(21.539199, 17.779999)",0.2,11.063675,R09,0.1999996,0.1999996,2.00000108,PASS
MORI_motion_P5R6,598ea122-3393-413d-87d9-8a2c1a487a46,/FAULT_N,F.Cu,"(34.4424, 7.924799)","(29.2608, 7.924799)",0.2,5.1816,R09,0.1999996,0.1999996,2.00000108,PASS
MORI_motion_P5R6,5dfeb838-d612-4b7d-88f8-d5dc38aa63e9,/FAULT_N,F.Cu,"(29.2608, 7.924799)","(27.330399, 5.9944)",0.2,2.729998,R09,0.1999996,0.1999996,2.00000108,PASS
MORI_motion_P5R6,61f0eb1b-9c03-41d4-8095-e3ec2f05c75a,/FAULT_N,F.Cu,"(42.2656, 5.9944)","(42.8712, 6.6)",0.2,0.856448,R09,0.1999996,0.1999996,2.00000108,PASS
MORI_motion_P5R6,737927fb-af97-4cc7-9918-6d14bfcc54e9,/FAULT_N,F.Cu,"(42.8712, 6.6)","(54.0, 6.6)",0.2,11.1288,R09,0.1999996,0.1999996,2.00000108,PASS
MORI_motion_P5R6,76d12745-66ed-41f9-af3e-fc9ccc13d441,/FAULT_N,F.Cu,"(21.539199, 17.779999)","(18.694399, 17.779999)",0.2,2.8448,R09,0.1999996,0.1999996,2.00000108,PASS
MORI_motion_P5R6,96204972-460c-4c47-b666-f7ce5a2e00fb,/FAULT_N,F.Cu,"(27.330399, 5.9944)","(16.256, 5.9944)",0.2,11.074399,R09,0.1999996,0.1999996,2.00000108,PASS
MORI_motion_P5R6,c8d052d9-db95-4af5-a293-f9f1f1c066ef,/FAULT_N,F.Cu,"(29.362399, 8.026399)","(29.362399, 9.9568)",0.2,1.930401,R09,0.1999996,0.1999996,2.00000108,PASS
MORI_motion_P5R6,eeb6bbd3-7247-4bfe-bc4a-3a2fd64f3eac,/FAULT_N,F.Cu,"(54.0, 6.6)","(54.5, 7.1)",0.2,0.707107,R09,0.1999996,0.1999996,2.00000108,PASS
MORI_motion_P5R6,280db429-4b27-47ab-ad0d-b8fb9c89f91f,/FAULT_N,B.Cu,"(15.138399, 17.1704)","(13.0048, 17.1704)",0.2,2.133599,R09,0.1999996,0.1999996,2.00000108,PASS
MORI_motion_P5R6,be63f11c-b2c7-460a-842a-0973addfd25c,/FAULT_N,B.Cu,"(18.694399, 17.779999)","(15.748, 17.779999)",0.2,2.946399,R09,0.1999996,0.1999996,2.00000108,PASS
MORI_motion_P5R6,da12f9ed-edd2-4af4-bd5f-7cedcdc0bff0,/FAULT_N,B.Cu,"(15.748, 17.779999)","(15.138399, 17.1704)",0.2,0.862105,R09,0.1999996,0.1999996,2.00000108,PASS
MORI_motion_P5R6,5795872c-1ee5-478f-a794-c100f73a35dc,/S288_RX,B.Cu,"(25.7477, 8.75)","(25.4977, 9.0)",0.2,0.353553,R09,0.1999996,0.1999996,2.00000108,PASS
MORI_motion_P5R6,5decaca0-e598-43ee-8b49-3293fff39af7,/S288_RX,B.Cu,"(24.5067, 5.4433)","(25.15, 4.8)",0.2,0.909764,R09,0.1999996,0.1999996,2.00000108,PASS
MORI_motion_P5R6,86781c07-ad70-4cc7-bd00-373ab47fe071,/S288_RX,B.Cu,"(24.5067, 8.5069)","(24.5067, 5.4433)",0.2,3.0636,R09,0.1999996,0.1999996,2.00000108,PASS
MORI_motion_P5R6,9bc9eec9-8c24-4531-af13-8ac0a6a7393d,/S288_RX,B.Cu,"(24.9998, 9.0)","(24.5067, 8.5069)",0.2,0.697349,R09,0.1999996,0.1999996,2.00000108,PASS
MORI_motion_P5R6,a013c24e-974a-4a73-baa1-a39514533548,/S288_RX,B.Cu,"(25.4977, 9.0)","(24.9998, 9.0)",0.2,0.4979,R09,0.1999996,0.1999996,2.00000108,PASS
MORI_motion_P5R6,eaa435ee-689d-4310-92ee-4e4a0550568b,/S288_RX,B.Cu,"(25.7477, 8.75)","(26.45, 8.75)",0.2,0.7023,R09,0.1999996,0.1999996,2.00000108,PASS
MORI_motion_P5R6,259b346e-6be2-4301-bf72-357cac2c84c6,/S288_TX,B.Cu,"(23.982, 4.3042)","(23.982, 8.5947)",0.2,4.2905,R09,0.1999996,0.1999996,2.00000108,PASS
MORI_motion_P5R6,68f74778-9cc6-46a0-9b1b-fb2fef4d2fac,/S288_TX,B.Cu,"(24.8052, 9.4179)","(25.6478, 9.4179)",0.2,0.8426,R09,0.1999996,0.1999996,2.00000108,PASS
MORI_motion_P5R6,8b246c98-31f2-4993-991b-8d8003b62105,/S288_TX,B.Cu,"(25.6478, 9.4179)","(25.7661, 9.2996)",0.2,0.167301,R09,0.1999996,0.1999996,2.00000108,PASS
MORI_motion_P5R6,a3919a7f-32a5-4b69-80ed-5b5ca73537f1,/S288_TX,B.Cu,"(26.5383, 3.4117)","(24.8745, 3.4117)",0.2,1.6638,R09,0.1999996,0.1999996,2.00000108,PASS
MORI_motion_P5R6,a8a507a1-5642-4f2b-8692-b26907382427,/S288_TX,B.Cu,"(24.8745, 3.4117)","(23.982, 4.3042)",0.2,1.262186,R09,0.1999996,0.1999996,2.00000108,PASS
MORI_motion_P5R6,b7a5f6d0-9209-4a1b-8b7c-15161f002372,/S288_TX,B.Cu,"(25.7661, 9.2996)","(25.9277, 9.2996)",0.2,0.1616,R09,0.1999996,0.1999996,2.00000108,PASS
MORI_motion_P5R6,e35f90e6-b944-4711-b9eb-6211c3314480,/S288_TX,B.Cu,"(27.69, 2.26)","(26.5383, 3.4117)",0.2,1.62875,R09,0.1999996,0.1999996,2.00000108,PASS
MORI_motion_P5R6,e91fd35b-5b37-4d5b-aa52-eb077d0830b3,/S288_TX,B.Cu,"(25.95, 9.25)","(26.45, 9.25)",0.2,0.5,R09,0.1999996,0.1999996,2.00000108,PASS
MORI_motion_P5R6,ede12bc8-c368-4c1b-9d74-07a9f9a1acb2,/S288_TX,B.Cu,"(23.982, 8.5947)","(24.8052, 9.4179)",0.2,1.164181,R09,0.1999996,0.1999996,2.00000108,PASS
MORI_motion_P5R6,0117e0d4-b76d-4129-b0b8-38018edb453e,/LINK_TX,B.Cu,"(35.7366, 7.7666)","(32.77, 4.8)",0.2,4.195406,R09,0.1999996,0.1999996,2.00000108,PASS
MORI_motion_P5R6,4156c446-6c34-4814-a1ae-712b97dd4f68,/LINK_TX,B.Cu,"(40.55, 9.25)","(39.0666, 7.7666)",0.2,2.097844,R09,0.1999996,0.1999996,2.00000108,PASS
MORI_motion_P5R6,697161f5-0b5e-4afc-ac1b-9cd6707e27b2,/LINK_TX,B.Cu,"(39.0666, 7.7666)","(35.7366, 7.7666)",0.2,3.33,R09,0.1999996,0.1999996,2.00000108,PASS
MORI_motion_P5R6,b589ab07-44f5-4f83-b515-1a5e320753d4,/LINK_TX,B.Cu,"(40.55, 9.25)","(41.05, 9.25)",0.2,0.5,R09,0.1999996,0.1999996,2.00000108,PASS
MORI_motion_P5R6,8141d30a-d69d-4582-ad08-4d1f53d19cca,/LINK_RX,F.Cu,"(32.8168, 2.2352)","(34.1376, 3.556)",0.2,1.867893,R09,0.1999996,0.1999996,2.00000108,PASS
MORI_motion_P5R6,849bca27-3411-475a-8790-870eb9283ab3,/LINK_RX,F.Cu,"(34.1376, 3.556)","(34.1376, 7.2136)",0.2,3.6576,R09,0.1999996,0.1999996,2.00000108,PASS
MORI_motion_P5R6,05cb72d8-7c07-44f7-977b-7f45db6dd3b3,/LINK_RX,B.Cu,"(34.1376, 7.2136)","(35.5346, 8.6106)",0.2,1.975656,R09,0.1999996,0.1999996,2.00000108,PASS
MORI_motion_P5R6,72bfb2fc-65c3-46f1-b326-d55755bda1ab,/LINK_RX,B.Cu,"(36.95, 9.25)","(37.45, 9.25)",0.2,0.5,R09,0.1999996,0.1999996,2.00000108,PASS
MORI_motion_P5R6,a7c3c583-d307-40af-af6f-da9b43226f38,/LINK_RX,B.Cu,"(36.3106, 8.6106)","(36.95, 9.25)",0.2,0.904248,R09,0.1999996,0.1999996,2.00000108,PASS
MORI_motion_P5R6,d294e8fd-2877-4e58-a8b6-f5efa02bbcc8,/LINK_RX,B.Cu,"(35.5346, 8.6106)","(36.3106, 8.6106)",0.2,0.776,R09,0.1999996,0.1999996,2.00000108,PASS
MORI_motion_P5R6,465e29be-c71e-4f07-a161-215722c4b1df,/NRST,B.Cu,"(30.0, 22.65)","(30.0, 25.189999)",0.2,2.539999,R09,0.1999996,0.1999996,2.00000108,PASS
MORI_motion_P5R6,75163768-f561-4624-9551-5e7e5a6aedc6,/NRST,B.Cu,"(30.0, 25.189999)","(31.71, 26.9)",0.2,2.418306,R09,0.1999996,0.1999996,2.00000108,PASS
MORI_motion_P5R6,0ca7b4d8-7c06-4a79-9787-8f89b0600f8a,/LOOP_3V3,F.Cu,"(57.9, 28.55)","(48.5, 28.55)",0.2,9.4,R09,0.1999996,0.1999996,2.00000108,PASS
MORI_motion_P5R6,307c526a-2d05-458e-b50d-c06d34d73134,/LOOP_3V3,F.Cu,"(58.5, 31.3)","(58.5, 29.15)",0.2,2.15,R09,0.1999996,0.1999996,2.00000108,PASS
MORI_motion_P5R6,3777cd5b-5805-48f9-9816-30dabe89b749,/LOOP_3V3,F.Cu,"(47.142399, 27.7368)","(44.0944, 27.7368)",0.2,3.047999,R09,0.1999996,0.1999996,2.00000108,PASS
MORI_motion_P5R6,37ca33ed-a91c-42a8-9646-7543dc341acd,/LOOP_3V3,F.Cu,"(58.5, 29.15)","(57.9, 28.55)",0.2,0.848528,R09,0.1999996,0.1999996,2.00000108,PASS
MORI_motion_P5R6,955b3492-9b18-4969-9481-41974dcd37f5,/LOOP_3V3,F.Cu,"(48.4632, 28.549599)","(47.9552, 28.549599)",0.2,0.508,R09,0.1999996,0.1999996,2.00000108,PASS
MORI_motion_P5R6,f247f7ac-aa15-4caa-aaab-2e8898d4e55b,/LOOP_3V3,F.Cu,"(47.9552, 28.549599)","(47.142399, 27.7368)",0.2,1.149473,R09,0.1999996,0.1999996,2.00000108,PASS
MORI_motion_P5R6,d15cd064-3573-46ce-8efb-3b62b9a81cd2,/LOOP_3V3,B.Cu,"(44.0944, 27.7368)","(42.8752, 26.517599)",0.2,1.72421,R09,0.1999996,0.1999996,2.00000108,PASS
MORI_motion_P5R6,06b25ce1-abaa-4bbe-9daa-a8085c80a933,/ARM_Q,F.Cu,"(43.7896, 11.3792)","(36.8808, 11.3792)",0.2,6.9088,R09,0.1999996,0.1999996,2.00000108,PASS
MORI_motion_P5R6,06bbf604-cf8c-4a5c-b4ef-aedfd1dadcc9,/ARM_Q,F.Cu,"(44.297599, 10.8712)","(43.7896, 11.3792)",0.2,0.71842,R09,0.1999996,0.1999996,2.00000108,PASS
MORI_motion_P5R6,0c089fdc-fc5f-46a0-9a51-af69feac55e8,/ARM_Q,F.Cu,"(46.4312, 8.221598)","(46.931199, 7.7216)",0.2,0.707105,R09,0.1999996,0.1999996,2.00000108,PASS
MORI_motion_P5R6,0d14f2b9-79f9-466c-99d8-fb4bc6f12beb,/ARM_Q,F.Cu,"(22.453599, 11.2776)","(21.1328, 11.2776)",0.2,1.320799,R09,0.1999996,0.1999996,2.00000108,PASS
MORI_motion_P5R6,1043e7c5-5d2f-46ae-878a-2fdd181d4ab8,/ARM_Q,F.Cu,"(17.9832, 10.16)","(17.3736, 10.769599)",0.2,0.862104,R09,0.1999996,0.1999996,2.00000108,PASS
MORI_motion_P5R6,2e3a80e0-b712-4b65-ba0c-d24af8cb1f7b,/ARM_Q,F.Cu,"(36.8808, 11.3792)","(33.9344, 14.3256)",0.2,4.166839,R09,0.1999996,0.1999996,2.00000108,PASS
MORI_motion_P5R6,566761bf-d83e-4944-b63b-f9073b43d727,/ARM_Q,F.Cu,"(21.1328, 11.2776)","(20.0152, 10.16)",0.2,1.580525,R09,0.1999996,0.1999996,2.00000108,PASS
MORI_motion_P5R6,7069d5bf-ee70-4a44-869c-d14328a4c164,/ARM_Q,F.Cu,"(46.931199, 7.7216)","(51.9176, 7.7216)",0.2,4.986401,R09,0.1999996,0.1999996,2.00000108,PASS
MORI_motion_P5R6,79c27201-bebd-4aff-89f8-fcf3a034c416,/ARM_Q,F.Cu,"(46.4312, 10.3712)","(46.4312, 8.221598)",0.2,2.149602,R09,0.1999996,0.1999996,2.00000108,PASS
MORI_motion_P5R6,83f0e28f-08c9-4bbd-83ec-06da19f63b6b,/ARM_Q,F.Cu,"(20.0152, 10.16)","(17.9832, 10.16)",0.2,2.032,R09,0.1999996,0.1999996,2.00000108,PASS
MORI_motion_P5R6,975ba4c0-fcad-489a-9a9d-d334d342002c,/ARM_Q,F.Cu,"(52.5272, 9.9568)","(52.0192, 9.4488)",0.2,0.71842,R09,0.1999996,0.1999996,2.00000108,PASS
MORI_motion_P5R6,c2fb2ace-dd9c-4a68-938c-476bdb078357,/ARM_Q,F.Cu,"(52.0192, 7.8232)","(51.9176, 7.7216)",0.2,0.143684,R09,0.1999996,0.1999996,2.00000108,PASS
MORI_motion_P5R6,da29de7b-5853-48b3-b96e-58afe7ffa2eb,/ARM_Q,F.Cu,"(52.0192, 9.4488)","(52.0192, 7.8232)",0.2,1.6256,R09,0.1999996,0.1999996,2.00000108,PASS
MORI_motion_P5R6,ed857166-f3e1-408c-9349-2012ebad4a77,/ARM_Q,F.Cu,"(45.9312, 10.8712)","(44.297599, 10.8712)",0.2,1.633601,R09,0.1999996,0.1999996,2.00000108,PASS
MORI_motion_P5R6,efc6d2a7-20da-48ed-8163-1bb5a4e1820d,/ARM_Q,F.Cu,"(46.4312, 10.3712)","(45.9312, 10.8712)",0.2,0.707107,R09,0.1999996,0.1999996,2.00000108,PASS
MORI_motion_P5R6,2ebd696d-2250-4fbc-b686-d601755a8b02,/ARM_Q,B.Cu,"(29.6592, 15.138399)","(33.1216, 15.138399)",0.2,3.4624,R09,0.1999996,0.1999996,2.00000108,PASS
MORI_motion_P5R6,306ad986-ed50-4139-9370-1e0de8e84ad2,/ARM_Q,B.Cu,"(17.3736, 10.769599)","(17.0688, 11.074399)",0.2,0.431052,R09,0.1999996,0.1999996,2.00000108,PASS
MORI_motion_P5R6,475417a3-78fb-464e-8e6b-4e4c2a958220,/ARM_Q,B.Cu,"(28.659201, 11.2776)","(22.453599, 11.2776)",0.2,6.205602,R09,0.1999996,0.1999996,2.00000108,PASS
MORI_motion_P5R6,82e96b78-e6c7-40b8-b3e3-3c7d1c8edb78,/ARM_Q,B.Cu,"(17.0688, 11.074399)","(11.785599, 11.074399)",0.2,5.283201,R09,0.1999996,0.1999996,2.00000108,PASS
MORI_motion_P5R6,8990777d-35d6-4451-a213-4b76979b6fe3,/ARM_Q,B.Cu,"(29.1592, 14.638399)","(29.1592, 11.777599)",0.2,2.8608,R09,0.1999996,0.1999996,2.00000108,PASS
MORI_motion_P5R6,c1302d49-1954-416c-b7cd-97bee4c50bcd,/ARM_Q,B.Cu,"(29.6592, 15.138399)","(29.1592, 14.638399)",0.2,0.707107,R09,0.1999996,0.1999996,2.00000108,PASS
MORI_motion_P5R6,c22c35ba-bc60-4b80-b072-fce0fbe21f86,/ARM_Q,B.Cu,"(29.1592, 11.777599)","(28.659201, 11.2776)",0.2,0.707105,R09,0.1999996,0.1999996,2.00000108,PASS
MORI_motion_P5R6,cde4911c-37c6-4e68-be4a-882d3b163c08,/ARM_Q,B.Cu,"(33.9344, 14.3256)","(33.1216, 15.138399)",0.2,1.149472,R09,0.1999996,0.1999996,2.00000108,PASS
MORI_motion_P5R6,041acb6d-2b4a-456c-b310-5bcf87d28d3c,/BAT_ADC_IN,F.Cu,"(44.602399, 12.9032)","(39.2176, 12.9032)",0.2,5.384799,R09,0.1999996,0.1999996,2.00000108,PASS
MORI_motion_P5R6,1e1a819b-62e1-421e-b87a-b7fc2d2f3b55,/BAT_ADC_IN,F.Cu,"(39.2176, 12.9032)","(38.5064, 13.6144)",0.2,1.005789,R09,0.1999996,0.1999996,2.00000108,PASS
MORI_motion_P5R6,24e287ff-ac11-4619-b9b2-677b02ab5bb5,/BAT_ADC_IN,F.Cu,"(34.1376, 17.0688)","(29.971999, 17.0688)",0.2,4.165601,R09,0.1999996,0.1999996,2.00000108,PASS
MORI_motion_P5R6,3b66888f-e008-4089-8c43-34c8450e1643,/BAT_ADC_IN,F.Cu,"(45.211999, 12.2936)","(44.602399, 12.9032)",0.2,0.862105,R09,0.1999996,0.1999996,2.00000108,PASS
MORI_motion_P5R6,5e519238-78bc-464f-a48c-e48b6c893f68,/BAT_ADC_IN,F.Cu,"(38.5064, 13.6144)","(37.592, 13.6144)",0.2,0.9144,R09,0.1999996,0.1999996,2.00000108,PASS
MORI_motion_P5R6,8905bfd1-a202-47c0-8c29-3583163161ed,/BAT_ADC_IN,F.Cu,"(24.9936, 22.0472)","(13.106399, 22.0472)",0.2,11.887201,R09,0.1999996,0.1999996,2.00000108,PASS
MORI_motion_P5R6,8ffeb15e-7ecd-4405-8d5d-c6482eee637c,/BAT_ADC_IN,F.Cu,"(45.211999, 11.785599)","(45.211999, 12.2936)",0.2,0.508001,R09,0.1999996,0.1999996,2.00000108,PASS
MORI_motion_P5R6,d0465198-490f-4b30-a489-e84916cf19a7,/BAT_ADC_IN,F.Cu,"(45.4152, 11.5824)","(45.211999, 11.785599)",0.2,0.287368,R09,0.1999996,0.1999996,2.00000108,PASS
MORI_motion_P5R6,d177db66-e9ea-4b2d-9c10-d677b8d28cd4,/BAT_ADC_IN,F.Cu,"(29.971999, 17.0688)","(24.9936, 22.0472)",0.2,7.04052,R09,0.1999996,0.1999996,2.00000108,PASS
MORI_motion_P5R6,11d71d40-9637-4216-aefb-423f8216f327,/BAT_ADC_IN,B.Cu,"(58.0136, 9.4488)","(58.0136, 7.8232)",0.2,1.6256,R09,0.1999996,0.1999996,2.00000108,PASS
MORI_motion_P5R6,16c748c7-611b-4e33-82f5-083dd7f976b1,/BAT_ADC_IN,B.Cu,"(11.4808, 23.6728)","(11.4808, 24.180799)",0.2,0.507999,R09,0.1999996,0.1999996,2.00000108,PASS
MORI_motion_P5R6,29338675-8f57-47c1-a568-e9651d2c972a,/BAT_ADC_IN,B.Cu,"(45.4152, 10.3632)","(45.4152, 11.5824)",0.2,1.2192,R09,0.1999996,0.1999996,2.00000108,PASS
MORI_motion_P5R6,42dfa97e-300e-4802-86e7-82d232e4e81a,/BAT_ADC_IN,B.Cu,"(13.106399, 22.0472)","(11.4808, 23.6728)",0.2,2.298945,R09,0.1999996,0.1999996,2.00000108,PASS
MORI_motion_P5R6,65fc2536-287e-46f5-94ea-1103f1ac074a,/BAT_ADC_IN,B.Cu,"(58.5216, 9.9568)","(58.0136, 9.4488)",0.2,0.71842,R09,0.1999996,0.1999996,2.00000108,PASS
MORI_motion_P5R6,7218a609-ab55-4735-bf68-697d2d951577,/BAT_ADC_IN,B.Cu,"(37.592, 13.6144)","(34.1376, 17.0688)",0.2,4.885259,R09,0.1999996,0.1999996,2.00000108,PASS
MORI_motion_P5R6,d01a68e7-ab5d-484b-9afc-acb7c83038e5,/BAT_ADC_IN,B.Cu,"(58.0136, 7.8232)","(57.912, 7.7216)",0.2,0.143684,R09,0.1999996,0.1999996,2.00000108,PASS
MORI_motion_P5R6,dc949350-0bfe-4e93-887f-4aee8c20df6a,/BAT_ADC_IN,B.Cu,"(57.912, 7.7216)","(48.056799, 7.7216)",0.2,9.855201,R09,0.1999996,0.1999996,2.00000108,PASS
MORI_motion_P5R6,f487ce47-6a7f-4c52-8b39-775ae3d50d13,/BAT_ADC_IN,B.Cu,"(48.056799, 7.7216)","(45.4152, 10.3632)",0.2,3.735786,R09,0.1999996,0.1999996,2.00000108,PASS
MORI_motion_P5R6,891f63d1-27e2-4956-b0a7-9a34fb579ea6,/WHEEL_ADC_IN,F.Cu,"(26.0096, 13.9192)","(18.5928, 21.336)",0.2,10.488939,R09,0.1999996,0.1999996,2.00000108,PASS
MORI_motion_P5R6,9d1097ab-99f0-45ad-ba9f-4ba429a506a2,/WHEEL_ADC_IN,F.Cu,"(60.452, 9.9568)","(60.452, 8.4328)",0.2,1.524,R09,0.1999996,0.1999996,2.00000108,PASS
MORI_motion_P5R6,bdef9211-1380-4045-90f9-928ec7ec8c0b,/WHEEL_ADC_IN,F.Cu,"(60.452, 8.4328)","(62.5856, 6.2992)",0.2,3.017366,R09,0.1999996,0.1999996,2.00000108,PASS
MORI_motion_P5R6,e19e7c5b-8fc3-4bbf-af21-3e5bed0c03d4,/WHEEL_ADC_IN,F.Cu,"(29.8704, 13.9192)","(26.0096, 13.9192)",0.2,3.8608,R09,0.1999996,0.1999996,2.00000108,PASS
MORI_motion_P5R6,25688b0a-822c-4a2a-950b-15cefa9bdab7,/WHEEL_ADC_IN,B.Cu,"(31.5976, 1.727199)","(31.5976, 5.892799)",0.2,4.1656,R09,0.1999996,0.1999996,2.00000108,PASS
MORI_motion_P5R6,2a754c1f-7b72-43a8-bece-da72814d0fb8,/WHEEL_ADC_IN,B.Cu,"(31.5976, 5.892799)","(33.8328, 8.128)",0.2,3.161051,R09,0.1999996,0.1999996,2.00000108,PASS
MORI_motion_P5R6,2f357324-f464-4844-8fab-81ef5143b347,/WHEEL_ADC_IN,B.Cu,"(33.8328, 12.9032)","(32.308799, 14.4272)",0.2,2.155262,R09,0.1999996,0.1999996,2.00000108,PASS
MORI_motion_P5R6,3dff4447-0e62-4489-bd72-a8f797911fcb,/WHEEL_ADC_IN,B.Cu,"(62.483999, 0.7112)","(32.6136, 0.7112)",0.2,29.870399,R09,0.1999996,0.1999996,2.00000108,PASS
MORI_motion_P5R6,503ccb93-9c62-4af4-b9f6-88f58c46fc0d,/WHEEL_ADC_IN,B.Cu,"(32.6136, 0.7112)","(31.5976, 1.727199)",0.2,1.43684,R09,0.1999996,0.1999996,2.00000108,PASS
MORI_motion_P5R6,6010c292-d9f2-4e36-b6dd-3b89def54805,/WHEEL_ADC_IN,B.Cu,"(32.308799, 14.4272)","(30.3784, 14.4272)",0.2,1.930399,R09,0.1999996,0.1999996,2.00000108,PASS
MORI_motion_P5R6,8d8b9c03-d41a-4a52-84c4-5f1b57631186,/WHEEL_ADC_IN,B.Cu,"(30.3784, 14.4272)","(29.8704, 13.9192)",0.2,0.71842,R09,0.1999996,0.1999996,2.00000108,PASS
MORI_motion_P5R6,9fbd9032-4b18-4799-a19d-dd3ff35a69be,/WHEEL_ADC_IN,B.Cu,"(62.5856, 0.8128)","(62.483999, 0.7112)",0.2,0.143685,R09,0.1999996,0.1999996,2.00000108,PASS
MORI_motion_P5R6,b66a4fc6-f976-4f7b-a69d-6bbe3da3102f,/WHEEL_ADC_IN,B.Cu,"(18.5928, 21.336)","(15.748, 24.180799)",0.2,4.023154,R09,0.1999996,0.1999996,2.00000108,PASS
MORI_motion_P5R6,da6172d4-2f35-4bfe-9b06-61f51efd829d,/WHEEL_ADC_IN,B.Cu,"(15.748, 24.180799)","(15.0368, 24.180799)",0.2,0.7112,R09,0.1999996,0.1999996,2.00000108,PASS
MORI_motion_P5R6,dcc2166e-f2cc-499e-ae00-59055e0adec9,/WHEEL_ADC_IN,B.Cu,"(62.5856, 6.2992)","(62.5856, 0.8128)",0.2,5.4864,R09,0.1999996,0.1999996,2.00000108,PASS
MORI_motion_P5R6,e5446051-bb73-482b-afc7-e2bc4f76d0df,/WHEEL_ADC_IN,B.Cu,"(15.0, 24.175)","(14.225, 24.175)",0.2,0.775,R09,0.1999996,0.1999996,2.00000108,PASS
MORI_motion_P5R6,e81806e8-b5a4-45b4-84c6-af7617a94334,/WHEEL_ADC_IN,B.Cu,"(33.8328, 8.128)","(33.8328, 12.9032)",0.2,4.7752,R09,0.1999996,0.1999996,2.00000108,PASS
MORI_motion_P5R6,08adfa26-8d12-4d4b-8a5c-611d467b9a74,/CURRENT_ADC_IN,F.Cu,"(23.7744, 33.019999)","(23.7744, 28.8544)",0.2,4.165599,R09,0.1999996,0.1999996,2.00000108,PASS
MORI_motion_P5R6,95c96545-b9de-4ed8-8f84-826ce3e0de21,/CURRENT_ADC_IN,F.Cu,"(33.4264, 34.3408)","(25.0952, 34.3408)",0.2,8.3312,R09,0.1999996,0.1999996,2.00000108,PASS
MORI_motion_P5R6,b49cc39a-92a1-4ce3-b365-50fba3dcc969,/CURRENT_ADC_IN,F.Cu,"(20.32, 25.4)","(19.4056, 25.4)",0.2,0.9144,R09,0.1999996,0.1999996,2.00000108,PASS
MORI_motion_P5R6,b8372dc7-083a-4426-a072-e46b3f31765c,/CURRENT_ADC_IN,F.Cu,"(25.0952, 34.3408)","(23.7744, 33.019999)",0.2,1.867894,R09,0.1999996,0.1999996,2.00000108,PASS
MORI_motion_P5R6,bc180061-f518-4bab-9176-181ab1605395,/CURRENT_ADC_IN,F.Cu,"(45.0088, 34.036)","(33.7312, 34.036)",0.2,11.2776,R09,0.1999996,0.1999996,2.00000108,PASS
MORI_motion_P5R6,f7f2212c-fbd8-4a0f-bd5e-64b1443c6a6f,/CURRENT_ADC_IN,F.Cu,"(23.7744, 28.8544)","(20.32, 25.4)",0.2,4.885259,R09,0.1999996,0.1999996,2.00000108,PASS
MORI_motion_P5R6,fac26cb8-1f4e-4376-8561-46729790d06c,/CURRENT_ADC_IN,F.Cu,"(33.7312, 34.036)","(33.4264, 34.3408)",0.2,0.431052,R09,0.1999996,0.1999996,2.00000108,PASS
MORI_motion_P5R6,1d26a990-65cf-4173-8c38-f3bf29d6b3de,/CURRENT_ADC_IN,B.Cu,"(62.5856, 34.1376)","(62.483999, 34.2392)",0.2,0.143685,R09,0.1999996,0.1999996,2.00000108,PASS
MORI_motion_P5R6,3ff136e3-affb-4462-9485-cb32635eb09b,/CURRENT_ADC_IN,B.Cu,"(62.483999, 34.2392)","(45.211999, 34.2392)",0.2,17.272,R09,0.1999996,0.1999996,2.00000108,PASS
MORI_motion_P5R6,71abcd91-60c9-452e-ba08-2cb2079d6a5f,/CURRENT_ADC_IN,B.Cu,"(18.1864, 24.180799)","(17.9832, 24.180799)",0.2,0.2032,R09,0.1999996,0.1999996,2.00000108,PASS
MORI_motion_P5R6,81a4771e-bb58-41f1-aeb3-8db8d18474b7,/CURRENT_ADC_IN,B.Cu,"(45.211999, 34.2392)","(45.0088, 34.036)",0.2,0.287367,R09,0.1999996,0.1999996,2.00000108,PASS
MORI_motion_P5R6,aa1691b8-d3f0-4638-9923-76c67fe20679,/CURRENT_ADC_IN,B.Cu,"(68.072, 9.2456)","(68.072, 27.8384)",0.2,18.5928,R09,0.1999996,0.1999996,2.00000108,PASS
MORI_motion_P5R6,ab06196c-51d3-4234-8b9a-f56ebe8070f5,/CURRENT_ADC_IN,B.Cu,"(62.5, 8.221598)","(62.5, 10.0)",0.2,1.778402,R09,0.1999996,0.1999996,2.00000108,PASS
MORI_motion_P5R6,b5cc7d75-6da4-4c44-91d8-cb655c9b897b,/CURRENT_ADC_IN,B.Cu,"(19.4056, 25.4)","(18.1864, 24.180799)",0.2,1.72421,R09,0.1999996,0.1999996,2.00000108,PASS
MORI_motion_P5R6,ba8120d7-6868-447b-aeee-050c09c81ce4,/CURRENT_ADC_IN,B.Cu,"(66.548, 7.7216)","(68.072, 9.2456)",0.2,2.155261,R09,0.1999996,0.1999996,2.00000108,PASS
MORI_motion_P5R6,c56fced0-391d-4248-baca-ccabe65cf99d,/CURRENT_ADC_IN,B.Cu,"(62.999999, 7.7216)","(62.5, 8.221598)",0.2,0.707105,R09,0.1999996,0.1999996,2.00000108,PASS
MORI_motion_P5R6,dd9b34e3-d109-4c6e-847b-cd45e96dd2e4,/CURRENT_ADC_IN,B.Cu,"(62.5856, 33.324799)","(62.5856, 34.1376)",0.2,0.812801,R09,0.1999996,0.1999996,2.00000108,PASS
MORI_motion_P5R6,f6266034-b5c7-4bc2-a311-f79934b8ff91,/CURRENT_ADC_IN,B.Cu,"(66.548, 7.7216)","(62.999999, 7.7216)",0.2,3.548001,R09,0.1999996,0.1999996,2.00000108,PASS
MORI_motion_P5R6,f6904e45-7303-4e2f-be38-02b464b1342f,/CURRENT_ADC_IN,B.Cu,"(68.072, 27.8384)","(62.5856, 33.324799)",0.2,7.758941,R09,0.1999996,0.1999996,2.00000108,PASS
MORI_motion_P5R6,01d6d305-002c-406b-a605-658bbcce9097,/S288_OE_N,F.Cu,"(22.811247, 7.668752)","(22.0472, 8.4328)",0.2,1.080526,R09,0.1999996,0.1999996,2.00000108,PASS
MORI_motion_P5R6,3df51ed9-177c-4945-96c9-b2c4e39f765b,/S288_OE_N,F.Cu,"(20.828, 8.4328)","(20.7264, 8.3058)",0.2,0.162639,R09,0.1999996,0.1999996,2.00000108,PASS
MORI_motion_P5R6,619aa8a4-1136-411d-8df9-7f8ccda12a2c,/S288_OE_N,F.Cu,"(23.518352, 7.668752)","(22.811247, 7.668752)",0.2,0.707105,R09,0.1999996,0.1999996,2.00000108,PASS
MORI_motion_P5R6,7f032743-9b4b-48b5-9c51-0ec166a729c4,/S288_OE_N,F.Cu,"(26.416, 10.5664)","(23.518352, 7.668752)",0.2,4.097893,R09,0.1999996,0.1999996,2.00000108,PASS
MORI_motion_P5R6,dc01a6e2-3d60-423c-9b29-d536fcc980ff,/S288_OE_N,F.Cu,"(22.0472, 8.4328)","(20.828, 8.4328)",0.2,1.2192,R09,0.1999996,0.1999996,2.00000108,PASS
MORI_motion_P5R6,69002e29-3966-4784-bf71-89172026f314,/S288_OE_N,B.Cu,"(20.7264, 8.3)","(20.7264, 8.3058)",0.2,0.0058,R09,0.1999996,0.1999996,2.00000108,PASS
MORI_motion_P5R6,721818a6-6161-4f9c-80db-9911f62055fa,/S288_OE_N,B.Cu,"(26.416, 9.753599)","(26.416, 10.5664)",0.2,0.812801,R09,0.1999996,0.1999996,2.00000108,PASS
MORI_motion_P5R6,de30a27c-5c3a-42db-912e-51d694262a79,/S288_OE_N,B.Cu,"(19.25, 9.95)","(19.25, 9.0)",0.2,0.95,R09,0.1999996,0.1999996,2.00000108,PASS
MORI_motion_P5R6,eb45f32d-aa00-4a3d-b376-dc33491e107e,/S288_OE_N,B.Cu,"(19.25, 9.0)","(19.95, 8.3)",0.2,0.989949,R09,0.1999996,0.1999996,2.00000108,PASS
MORI_motion_P5R6,ebc48156-fb19-4193-b821-f26a7ef8db2d,/S288_OE_N,B.Cu,"(19.95, 8.3)","(20.7264, 8.3)",0.2,0.7764,R09,0.1999996,0.1999996,2.00000108,PASS
MORI_motion_P5R6,c8b177f4-489e-4223-b8d6-5d5b85fdf70e,/S288_TX_BUF,B.Cu,"(29.55, 8.75)","(31.475, 8.75)",0.2,1.925,R09,0.1999996,0.1999996,2.00000108,PASS
MORI_motion_P5R6,4b71562c-38ba-4b18-b7a8-be04af89f6ba,/CAM_RX_BUF,B.Cu,"(40.55, 10.75)","(40.55, 12.051)",0.2,1.301,R09,0.1999996,0.1999996,2.00000108,PASS
MORI_motion_P5R6,631f2db4-3baa-4f80-92a0-e243752709e0,/CAM_RX_BUF,B.Cu,"(40.55, 12.051)","(41.999, 13.5)",0.2,2.049195,R09,0.1999996,0.1999996,2.00000108,PASS
MORI_motion_P5R6,93813532-89d7-4a8d-be76-81eb1d6ce986,/CAM_RX_BUF,B.Cu,"(41.999, 13.5)","(44.175, 13.5)",0.2,2.176,R09,0.1999996,0.1999996,2.00000108,PASS
MORI_motion_P5R6,e3358413-3b5e-459e-b56e-70ef9f3728db,/CAM_RX_BUF,B.Cu,"(40.55, 10.75)","(41.05, 10.75)",0.2,0.5,R09,0.1999996,0.1999996,2.00000108,PASS
MORI_motion_P5R6,252a9b76-a28d-40a4-8423-7ee25564b3dc,/ARM_Q_N,F.Cu,"(12.4912, 6.7)","(11.7, 6.7)",0.2,0.7912,R09,0.1999996,0.1999996,2.00000108,PASS
MORI_motion_P5R6,4fb1621b-2911-466f-bd9f-ffc7f43c4fa9,/ARM_Q_N,F.Cu,"(18.1864, 12.801599)","(17.8816, 12.801599)",0.2,0.3048,R09,0.1999996,0.1999996,2.00000108,PASS
MORI_motion_P5R6,60abdc85-237a-443a-b1d1-36ddbe04aab6,/ARM_Q_N,F.Cu,"(15.748, 10.668)","(15.748, 9.9568)",0.2,0.7112,R09,0.1999996,0.1999996,2.00000108,PASS
MORI_motion_P5R6,8f4fbaa9-ec27-4676-9b0a-8b3d00909975,/ARM_Q_N,F.Cu,"(15.748, 9.9568)","(16.764, 8.9408)",0.2,1.436841,R09,0.1999996,0.1999996,2.00000108,PASS
MORI_motion_P5R6,9e978e61-9545-458f-8dbd-ebe0dc58cc83,/ARM_Q_N,F.Cu,"(15.748, 9.9568)","(12.4912, 6.7)",0.2,4.605811,R09,0.1999996,0.1999996,2.00000108,PASS
MORI_motion_P5R6,adb8fca9-afae-454d-8448-ea426aa1cf71,/ARM_Q_N,F.Cu,"(19.507199, 14.122399)","(18.1864, 12.801599)",0.2,1.867893,R09,0.1999996,0.1999996,2.00000108,PASS
MORI_motion_P5R6,b81be773-2b7c-4408-ad96-01b4c2cfdd90,/ARM_Q_N,F.Cu,"(17.8816, 12.801599)","(15.748, 10.668)",0.2,3.017365,R09,0.1999996,0.1999996,2.00000108,PASS
MORI_motion_P5R6,ccf30822-47b0-435b-ac4b-83ce3a809158,/ARM_Q_N,F.Cu,"(16.764, 8.9408)","(17.9832, 8.9408)",0.2,1.2192,R09,0.1999996,0.1999996,2.00000108,PASS
MORI_motion_P5R6,056aa876-a579-4e36-b7cc-39057c9336e3,/ARM_Q_N,B.Cu,"(11.25, 7.15)","(11.7, 6.7)",0.2,0.636396,R09,0.1999996,0.1999996,2.00000108,PASS
MORI_motion_P5R6,188e95c8-49dc-4cf1-9acf-dcee35eac139,/ARM_Q_N,B.Cu,"(19.2024, 13.0048)","(19.2024, 13.817599)",0.2,0.812799,R09,0.1999996,0.1999996,2.00000108,PASS
MORI_motion_P5R6,1cabb0b6-9d54-4af9-9f13-6dce3d0d3969,/ARM_Q_N,B.Cu,"(19.2024, 13.817599)","(19.507199, 14.122399)",0.2,0.431052,R09,0.1999996,0.1999996,2.00000108,PASS
MORI_motion_P5R6,215cf910-d25c-43a7-bbb9-b991c81a632c,/ARM_Q_N,B.Cu,"(11.25, 7.95)","(11.25, 7.15)",0.2,0.8,R09,0.1999996,0.1999996,2.00000108,PASS
MORI_motion_P5R6,2da15da2-422c-49c0-b942-0883536f2620,/ARM_Q_N,B.Cu,"(17.9832, 8.9408)","(18.1864, 9.144)",0.2,0.287368,R09,0.1999996,0.1999996,2.00000108,PASS
MORI_motion_P5R6,3dc77b69-e00c-4fd8-9c24-b986d24b97cf,/ARM_Q_N,B.Cu,"(18.4912, 9.144)","(18.796, 9.4488)",0.2,0.431052,R09,0.1999996,0.1999996,2.00000108,PASS
MORI_motion_P5R6,b2ed8935-bd41-4434-9ecd-e07ecb4756c0,/ARM_Q_N,B.Cu,"(18.796, 9.4488)","(18.796, 9.9568)",0.2,0.508,R09,0.1999996,0.1999996,2.00000108,PASS
MORI_motion_P5R6,b3fdc99d-515a-480a-9e16-13e1cbf57c4f,/ARM_Q_N,B.Cu,"(18.1864, 9.144)","(18.4912, 9.144)",0.2,0.3048,R09,0.1999996,0.1999996,2.00000108,PASS
MORI_motion_P5R6,112db985-22a9-4d93-8a65-dd506cb80b67,/HEAD_OE_N,F.Cu,"(20.116799, 24.9936)","(22.5552, 24.9936)",0.2,2.438401,R09,0.1999996,0.1999996,2.00000108,PASS
MORI_motion_P5R6,34fea0be-d8a2-40ef-a21b-496e02f1b09c,/HEAD_OE_N,F.Cu,"(19.507199, 24.384)","(20.116799, 24.9936)",0.2,0.862105,R09,0.1999996,0.1999996,2.00000108,PASS
MORI_motion_P5R6,09f7531f-4baa-4625-931f-596adbde3bf9,/HEAD_OE_N,B.Cu,"(18.75, 16.718001)","(19.507199, 17.4752)",0.2,1.070841,R09,0.1999996,0.1999996,2.00000108,PASS
MORI_motion_P5R6,60e8a5a7-e8f8-4e15-8613-8e1007c22ea9,/HEAD_OE_N,B.Cu,"(18.75, 13.05)","(18.75, 16.718001)",0.2,3.668001,R09,0.1999996,0.1999996,2.00000108,PASS
MORI_motion_P5R6,8b66caeb-2f16-4782-9f99-d3e449fe85be,/HEAD_OE_N,B.Cu,"(19.507199, 17.4752)","(19.507199, 24.384)",0.2,6.9088,R09,0.1999996,0.1999996,2.00000108,PASS
MORI_motion_P5R6,b6482b61-40d6-428a-b85c-aa4c9e050832,/HEAD_OE_N,B.Cu,"(22.5552, 24.9936)","(21.843999, 24.9936)",0.2,0.711201,R09,0.1999996,0.1999996,2.00000108,PASS
MORI_motion_P5R6,23d9284e-e184-486e-a17f-73dcc2192a66,/HEAD_TX_BUF,B.Cu,"(20.5075, 20.4685)","(20.9379, 20.0381)",0.2,0.608678,R09,0.1999996,0.1999996,2.00000108,PASS
MORI_motion_P5R6,71b4c038-3d5b-44e0-8960-d44dcf714e32,/HEAD_TX_BUF,B.Cu,"(20.5075, 21.0463)","(20.5075, 20.4685)",0.2,0.5778,R09,0.1999996,0.1999996,2.00000108,PASS
MORI_motion_P5R6,b553ae6e-c94d-474b-8aaa-b035a3e730d4,/HEAD_TX_BUF,B.Cu,"(20.75, 21.2888)","(20.5075, 21.0463)",0.2,0.342947,R09,0.1999996,0.1999996,2.00000108,PASS
MORI_motion_P5R6,ba861c57-a7d1-483a-a619-8606f678f981,/HEAD_TX_BUF,B.Cu,"(20.75, 21.2888)","(20.75, 21.95)",0.2,0.6612,R09,0.1999996,0.1999996,2.00000108,PASS
MORI_motion_P5R6,dfcd46d5-251d-4951-8da2-9b12f3229c10,/HEAD_TX_BUF,B.Cu,"(20.9379, 20.0381)","(24.2131, 20.0381)",0.2,3.2752,R09,0.1999996,0.1999996,2.00000108,PASS
MORI_rear_P5R6,0c7001f3-0309-4543-b7c5-8897f68aff62,/MASTER_RETURN,F.Cu,"(7.3, 15.45)","(7.3, 16.3)",0.2,0.85,R09,0.1999996,0.1999996,2.00000108,PASS
MORI_rear_P5R6,0d4a1d43-4ce4-4177-ba88-55dad07a9763,/MASTER_RETURN,F.Cu,"(6.8, 14.95)","(7.3, 15.45)",0.2,0.707107,R09,0.1999996,0.1999996,2.00000108,PASS
MORI_rear_P5R6,3b21d0f9-d4c0-417f-9e3d-4d2fe567619e,/MASTER_RETURN,F.Cu,"(8.45, 17.45)","(8.45, 19.5)",0.2,2.05,R09,0.1999996,0.1999996,2.00000108,PASS
MORI_rear_P5R6,59f42424-8ccf-48c3-adff-8f95a07872ac,/MASTER_RETURN,F.Cu,"(7.3, 10.85)","(6.8, 11.35)",0.2,0.707107,R09,0.1999996,0.1999996,2.00000108,PASS
MORI_rear_P5R6,b06205d0-c63e-49a3-ad6e-f8ebd9a4d4b5,/MASTER_RETURN,F.Cu,"(7.3, 16.3)","(8.45, 17.45)",0.2,1.626346,R09,0.1999996,0.1999996,2.00000108,PASS
MORI_rear_P5R6,b3cf2207-3d51-4a74-955f-9a6a5d6542a9,/MASTER_RETURN,F.Cu,"(6.8, 11.35)","(6.8, 14.95)",0.2,3.6,R09,0.1999996,0.1999996,2.00000108,PASS
MORI_rear_P5R6,de386c7a-1129-497c-87d9-f12b12bf465d,/MASTER_RETURN,F.Cu,"(9.5, 10.85)","(7.3, 10.85)",0.2,2.2,R09,0.1999996,0.1999996,2.00000108,PASS
MORI_rear_P5R6,0fca1dbe-e267-4f1f-bd5b-13dbd73829c7,/GND,B.Cu,"(15.35, 9.5)","(15.95, 10.1)",0.3,0.848528,R09,0.1999996,0.1999996,2.00000108,PASS
MORI_rear_P5R6,1a5e836f-6f0f-4206-9678-c74a47f9dc1a,/GND,B.Cu,"(4.3, 23.075)","(5.4, 23.075)",0.3,1.1,R09,0.1999996,0.1999996,2.00000108,PASS
MORI_rear_P5R6,5ec5c2aa-f7da-49e3-a766-cc6df51c59f5,/GND,B.Cu,"(9.9, 9.85)","(8.15, 9.85)",0.3,1.75,R09,0.1999996,0.1999996,2.00000108,PASS
MORI_rear_P5R6,765b44f9-9aa0-40f7-93d3-309ff1d2e88a,/GND,B.Cu,"(2.5, 19.0)","(3.0, 19.0)",0.5,0.5,R09,0.1999996,0.1999996,2.00000108,PASS
MORI_rear_P5R6,7a5aebaa-35a8-4b58-835d-24ee7a581f2b,/GND,B.Cu,"(2.3, 17.7)","(1.8, 18.2)",0.5,0.707107,R09,0.1999996,0.1999996,2.00000108,PASS
MORI_rear_P5R6,afb59ce6-ff5d-4034-81f5-c05a648d64bf,/GND,B.Cu,"(1.8, 18.2)","(1.8, 18.3)",0.5,0.1,R09,0.1999996,0.1999996,2.00000108,PASS
MORI_rear_P5R6,b489c2d6-2a80-4a65-9e82-47ee8f887d08,/GND,B.Cu,"(8.15, 9.85)","(8.0, 10.0)",0.3,0.212132,R09,0.1999996,0.1999996,2.00000108,PASS
MORI_rear_P5R6,b81fc1e2-acad-43b6-af45-958d4bdc07cb,/GND,B.Cu,"(15.95, 10.1)","(15.95, 10.7)",0.3,0.6,R09,0.1999996,0.1999996,2.00000108,PASS
MORI_rear_P5R6,c69522a5-315e-4d17-a83f-74ffc27dae55,/GND,B.Cu,"(1.8, 18.3)","(2.5, 19.0)",0.5,0.989949,R09,0.1999996,0.1999996,2.00000108,PASS
MORI_rear_P5R6,dd8230eb-015a-440e-b559-fbe6ecbe3056,/GND,B.Cu,"(2.5, 17.7)","(2.3, 17.7)",0.5,0.2,R09,0.1999996,0.1999996,2.00000108,PASS
MORI_rear_P5R6,1ec96a7a-b63e-4bc8-adf4-49ad04965277,/LOOP_3V3,F.Cu,"(11.785599, 17.1704)","(12.7, 18.084799)",0.2,1.293157,R09,0.1999996,0.1999996,2.00000108,PASS
MORI_rear_P5R6,a081cff9-60eb-4c40-bb09-e5daa6a8ea08,/LOOP_3V3,F.Cu,"(9.5504, 15.748)","(10.9728, 17.1704)",0.2,2.011577,R09,0.1999996,0.1999996,2.00000108,PASS
MORI_rear_P5R6,b342be01-47e8-4687-bcae-d125d344560d,/LOOP_3V3,F.Cu,"(12.7, 18.084799)","(12.7, 19.304)",0.2,1.219201,R09,0.1999996,0.1999996,2.00000108,PASS
MORI_rear_P5R6,c3035362-3e30-4f62-aef3-117376cf4e26,/LOOP_3V3,F.Cu,"(10.9728, 17.1704)","(11.785599, 17.1704)",0.2,0.812799,R09,0.1999996,0.1999996,2.00000108,PASS
MORI_rear_P5R6,78e4136b-f55a-4029-a1ac-9db894b58c58,/CLR_N,F.Cu,"(12.0, 16.750001)","(12.499999, 17.25)",0.2,0.707105,R09,0.1999996,0.1999996,2.00000108,PASS
MORI_rear_P5R6,837b96ad-6486-460b-a6db-17a83350fa2c,/CLR_N,F.Cu,"(12.499999, 17.25)","(13.950001, 17.25)",0.2,1.450002,R09,0.1999996,0.1999996,2.00000108,PASS
MORI_rear_P5R6,b2f88a7d-d902-4e46-ac56-f1ea85f29b0f,/CLR_N,F.Cu,"(13.950001, 17.25)","(14.45, 17.749999)",0.2,0.707105,R09,0.1999996,0.1999996,2.00000108,PASS
MORI_rear_P5R6,c1ba4953-5e85-48b1-814d-9f5d03f1599f,/CLR_N,F.Cu,"(14.45, 17.749999)","(14.45, 19.5)",0.2,1.750001,R09,0.1999996,0.1999996,2.00000108,PASS
MORI_rear_P5R6,d1ef91c0-7dd9-4a71-9b00-c5f34a50e712,/CLR_N,F.Cu,"(12.0, 15.7)","(12.0, 16.750001)",0.2,1.050001,R09,0.1999996,0.1999996,2.00000108,PASS
MORI_rear_P5R6,0c305107-d0da-4f31-a290-da63f53b9c00,/VBUS_RAW,F.Cu,"(16.6, 15.75)","(16.6, 23.1)",0.2,7.35,R08,0.1999996,0.499999,5.00000016,PASS
MORI_rear_P5R6,4e578e46-14d1-4d85-a74b-e18a1fd17da0,/VBUS_RAW,F.Cu,"(16.0, 15.15)","(16.6, 15.75)",0.2,0.848528,R08,0.1999996,0.499999,5.00000016,PASS
MORI_rear_P5R6,6fe130c4-eb23-46ef-92de-efad2fd2d50a,/VBUS_RAW,F.Cu,"(7.1882, 8.3)","(7.6882, 7.8)",0.6,0.707107,R08,0.1999996,0.499999,5.00000016,PASS
MORI_rear_P5R6,83a8da73-0a0b-48aa-9e57-b1bb9472ec6d,/VBUS_RAW,F.Cu,"(7.1882, 9.0)","(7.1882, 8.3)",0.6,0.7,R08,0.1999996,0.499999,5.00000016,PASS
MORI_rear_P5R6,d39be204-2adf-4481-a576-b29df582fe35,/VBUS_RAW,F.Cu,"(16.6, 23.1)","(17.2, 23.7)",0.2,0.848528,R08,0.1999996,0.499999,5.00000016,PASS
MORI_rear_P5R6,dbfe0c38-db4c-4198-aae1-576319eeb2d1,/VBUS_RAW,F.Cu,"(16.2, 7.8)","(16.7, 8.3)",0.6,0.707107,R08,0.1999996,0.499999,5.00000016,PASS
MORI_rear_P5R6,f422e278-44c2-4267-9e7e-c44c3c8182d3,/VBUS_RAW,F.Cu,"(17.2, 23.7)","(19.0, 23.7)",0.2,1.8,R08,0.1999996,0.499999,5.00000016,PASS
MORI_rear_P5R6,fdb9b930-bbe2-45d5-9390-5d8134fd98a9,/VBUS_RAW,F.Cu,"(7.6882, 7.8)","(16.2, 7.8)",0.6,8.5118,R08,0.1999996,0.499999,5.00000016,PASS
MORI_rear_P5R6,3c039bf3-fffd-4401-8d25-777080398b33,/VBUS_RAW,B.Cu,"(16.7, 8.3)","(16.7, 8.8)",0.2,0.5,R08,0.1999996,0.499999,5.00000016,PASS
MORI_rear_P5R6,4c5f6df3-5b66-4ff2-a45e-9bd88795e586,/VBUS_RAW,B.Cu,"(9.05, 9.0)","(7.1882, 9.0)",0.5,1.8618,R08,0.1999996,0.499999,5.00000016,PASS
MORI_rear_P5R6,55b720f0-5886-4220-93d2-82126bc6781b,/VBUS_RAW,B.Cu,"(16.7, 14.85)","(16.399999, 15.15)",0.2,0.424265,R08,0.1999996,0.499999,5.00000016,PASS
MORI_rear_P5R6,5728804c-3cdd-4c91-937b-3a35488b4307,/VBUS_RAW,B.Cu,"(4.099999, 7.7)","(5.4, 9.0)",0.6,1.838478,R08,0.1999996,0.499999,5.00000016,PASS
MORI_rear_P5R6,6b82fd9f-aa0f-4f56-b5e3-fad39ade042a,/VBUS_RAW,B.Cu,"(16.399999, 15.15)","(16.0, 15.15)",0.2,0.399999,R08,0.1999996,0.499999,5.00000016,PASS
MORI_rear_P5R6,811e5453-a323-417e-aa38-599e900dad35,/VBUS_RAW,B.Cu,"(16.7, 8.8)","(16.7, 14.85)",0.2,6.05,R08,0.1999996,0.499999,5.00000016,PASS
MORI_rear_P5R6,841b33ac-3c5c-483f-a819-480d17680ee5,/VBUS_RAW,B.Cu,"(5.4, 9.0)","(7.1882, 9.0)",0.6,1.7882,R08,0.1999996,0.499999,5.00000016,PASS
MORI_rear_P5R6,846acd53-1782-41df-96c2-bd79e2b69cef,/VBUS_RAW,B.Cu,"(14.75, 8.3)","(16.7, 8.3)",0.5,1.95,R08,0.1999996,0.499999,5.00000016,PASS
MORI_rear_P5R6,918e7ac8-84b2-468f-85e8-08db4986a856,/VBUS_RAW,B.Cu,"(9.55, 7.045)","(9.55, 8.5)",0.5,1.455,R08,0.1999996,0.499999,5.00000016,PASS
MORI_rear_P5R6,c554459e-656e-403e-8e95-9419210f7c0a,/VBUS_RAW,B.Cu,"(14.45, 8.0)","(14.75, 8.3)",0.5,0.424264,R08,0.1999996,0.499999,5.00000016,PASS
MORI_rear_P5R6,fc592ff1-865b-4d64-b504-075b8ebb456a,/VBUS_RAW,B.Cu,"(14.45, 7.045)","(14.45, 8.0)",0.5,0.955,R08,0.1999996,0.499999,5.00000016,PASS
MORI_rear_P5R6,fde457b4-1839-4613-a3ef-94b74722dcb2,/VBUS_RAW,B.Cu,"(9.55, 8.5)","(9.05, 9.0)",0.5,0.707107,R08,0.1999996,0.499999,5.00000016,PASS
MORI_rear_P5R6,30b6a993-2294-4aaa-b81b-326673c4ade8,/VBUS_FUSED,F.Cu,"(7.0104, 3.81)","(6.596, 3.81)",0.6,0.4144,R08,0.1999996,0.499999,5.00000016,PASS
MORI_rear_P5R6,40513c65-028d-4db3-a900-73f81fc6b663,/VBUS_FUSED,F.Cu,"(6.596, 3.81)","(6.096, 4.31)",0.6,0.707107,R08,0.1999996,0.499999,5.00000016,PASS
MORI_rear_P5R6,ddd24efb-9505-40f0-a2b0-12461b6d6b95,/VBUS_FUSED,F.Cu,"(6.096, 4.31)","(6.096, 16.1036)",0.6,11.7936,R08,0.1999996,0.499999,5.00000016,PASS
MORI_rear_P5R6,0bd27b25-4c97-4502-a55b-9807e9cf6a25,/VBUS_FUSED,B.Cu,"(17.2, 15.7)","(19.0, 15.7)",0.6,1.8,R08,0.1999996,0.499999,5.00000016,PASS
MORI_rear_P5R6,2ad7e443-b3fe-4800-b53f-343ca5334371,/VBUS_FUSED,B.Cu,"(5.65, 17.7)","(5.3, 17.7)",0.6,0.35,R08,0.1999996,0.499999,5.00000016,PASS
MORI_rear_P5R6,2ccb3383-9dc8-4e8e-997b-f413d6576169,/VBUS_FUSED,B.Cu,"(4.099999, 1.95)","(5.1504, 1.95)",0.6,1.050401,R08,0.1999996,0.499999,5.00000016,PASS
MORI_rear_P5R6,3ef3873a-8beb-48aa-96b5-7bef24af4334,/VBUS_FUSED,B.Cu,"(16.7964, 16.1036)","(17.2, 15.7)",0.6,0.570777,R08,0.1999996,0.499999,5.00000016,PASS
MORI_rear_P5R6,40a280a5-f1b3-4239-ab2c-9978552858d5,/VBUS_FUSED,B.Cu,"(5.65, 16.5496)","(5.65, 17.7)",0.6,1.1504,R08,0.1999996,0.499999,5.00000016,PASS
MORI_rear_P5R6,6fab457f-1ab3-4398-98c7-1454a1452153,/VBUS_FUSED,B.Cu,"(5.65, 21.05)","(5.175, 21.525)",0.3,0.671751,R08,0.1999996,0.499999,5.00000016,PASS
MORI_rear_P5R6,a335f061-52f9-4790-91a4-2c0fe63d4e2d,/VBUS_FUSED,B.Cu,"(5.175, 21.525)","(4.3, 21.525)",0.3,0.875,R08,0.1999996,0.499999,5.00000016,PASS
MORI_rear_P5R6,b1fc7b11-8e15-4844-96ff-c1768991a1f6,/VBUS_FUSED,B.Cu,"(5.1504, 1.95)","(7.0104, 3.81)",0.6,2.630437,R08,0.1999996,0.499999,5.00000016,PASS
MORI_rear_P5R6,c020ef92-33d6-476a-ba0a-63aae8a91a0b,/VBUS_FUSED,B.Cu,"(6.096, 16.1036)","(16.7964, 16.1036)",0.6,10.7004,R08,0.1999996,0.499999,5.00000016,PASS
MORI_rear_P5R6,d78e0173-d1fd-4aad-9dd9-52acd8b57f4e,/VBUS_FUSED,B.Cu,"(6.096, 16.1036)","(5.65, 16.5496)",0.6,0.630739,R08,0.1999996,0.499999,5.00000016,PASS
MORI_rear_P5R6,ffb13a1c-3e8d-4fb5-ae15-4f062b1a915a,/VBUS_FUSED,B.Cu,"(5.65, 17.7)","(5.65, 21.05)",0.3,3.35,R08,0.1999996,0.499999,5.00000016,PASS
MORI_rear_P5R6,02c993c6-0003-4362-9d52-b32931196a3f,/CC1,B.Cu,"(16.9, 24.2)","(17.4752, 23.6248)",0.2,0.813456,R09,0.1999996,0.1999996,2.00000108,PASS
MORI_rear_P5R6,2b7764f8-65d9-4e65-99c2-7702d99d3be8,/CC1,B.Cu,"(11.9888, 9.042399)","(10.769599, 7.8232)",0.2,1.724209,R09,0.1999996,0.1999996,2.00000108,PASS
MORI_rear_P5R6,397c25af-caab-44bc-8200-c4661d2bc5de,/CC1,B.Cu,"(18.084799, 19.7104)","(18.9992, 19.7104)",0.2,0.914401,R09,0.1999996,0.1999996,2.00000108,PASS
MORI_rear_P5R6,5b680d7c-3b5a-4f08-9bf8-04b45100995e,/CC1,B.Cu,"(2.4, 24.2)","(16.9, 24.2)",0.2,14.5,R09,0.1999996,0.1999996,2.00000108,PASS
MORI_rear_P5R6,635a1c22-900b-4ea9-9afa-e62884273442,/CC1,B.Cu,"(7.112, 10.9728)","(1.2, 16.8848)",0.2,8.360831,R09,0.1999996,0.1999996,2.00000108,PASS
MORI_rear_P5R6,841b6c70-5022-414a-a758-b2838c942320,/CC1,B.Cu,"(11.9888, 9.8552)","(11.9888, 9.042399)",0.2,0.812801,R09,0.1999996,0.1999996,2.00000108,PASS
MORI_rear_P5R6,9367b063-22cc-42fd-bbe9-6f9b410e4ac5,/CC1,B.Cu,"(11.9888, 9.8552)","(11.9888, 10.668)",0.2,0.8128,R09,0.1999996,0.1999996,2.00000108,PASS
MORI_rear_P5R6,9c98491b-0d1e-41a0-baa9-1c860a119039,/CC1,B.Cu,"(17.4752, 23.6248)","(17.4752, 20.32)",0.2,3.3048,R09,0.1999996,0.1999996,2.00000108,PASS
MORI_rear_P5R6,a06566db-0252-4305-9604-47be97e11db4,/CC1,B.Cu,"(1.2, 16.8848)","(1.2, 23.0)",0.2,6.1152,R09,0.1999996,0.1999996,2.00000108,PASS
MORI_rear_P5R6,cf50119c-069b-45c3-8b0b-274ae0f7cb88,/CC1,B.Cu,"(10.769599, 7.8232)","(10.769599, 7.0104)",0.2,0.8128,R09,0.1999996,0.1999996,2.00000108,PASS
MORI_rear_P5R6,d6a1c8dd-b6f8-4b8c-b63d-260844227629,/CC1,B.Cu,"(11.684, 10.9728)","(7.112, 10.9728)",0.2,4.572,R09,0.1999996,0.1999996,2.00000108,PASS
MORI_rear_P5R6,de885002-fb31-4127-b9ea-973d5530397d,/CC1,B.Cu,"(17.4752, 20.32)","(18.084799, 19.7104)",0.2,0.862104,R09,0.1999996,0.1999996,2.00000108,PASS
MORI_rear_P5R6,e2c65ffc-a322-4eb9-9e62-ee83c9027bbe,/CC1,B.Cu,"(11.9888, 10.668)","(11.684, 10.9728)",0.2,0.431052,R09,0.1999996,0.1999996,2.00000108,PASS
MORI_rear_P5R6,f9d7f8e6-5deb-4185-bc55-4417f0b35117,/CC1,B.Cu,"(1.2, 23.0)","(2.4, 24.2)",0.2,1.697056,R09,0.1999996,0.1999996,2.00000108,PASS
MORI_rear_P5R6,434171e5-8966-404d-8b1b-3a50b68885e3,/CC2,F.Cu,"(16.6, 9.25)","(17.05, 9.7)",0.2,0.636396,R09,0.1999996,0.1999996,2.00000108,PASS
MORI_rear_P5R6,44063a44-1d3a-447b-9f73-249efb9ccc5f,/CC2,F.Cu,"(17.05, 21.2)","(17.55, 21.7)",0.2,0.707107,R09,0.1999996,0.1999996,2.00000108,PASS
MORI_rear_P5R6,749cc057-759e-43b2-8059-2e49129c24e0,/CC2,F.Cu,"(13.25, 8.5)","(15.6, 8.5)",0.2,2.35,R09,0.1999996,0.1999996,2.00000108,PASS
MORI_rear_P5R6,771099fa-11bd-4ea3-ba44-0e93982fd4d8,/CC2,F.Cu,"(17.55, 21.7)","(19.0, 21.7)",0.2,1.45,R09,0.1999996,0.1999996,2.00000108,PASS
MORI_rear_P5R6,91ccc5ec-e227-465a-b5b2-b230f4efb014,/CC2,F.Cu,"(15.6, 8.5)","(16.35, 9.25)",0.2,1.06066,R09,0.1999996,0.1999996,2.00000108,PASS
MORI_rear_P5R6,e2c9c545-94c2-4b1f-bbe8-ce7466293921,/CC2,F.Cu,"(13.25, 10.7)","(13.25, 8.5)",0.2,2.2,R09,0.1999996,0.1999996,2.00000108,PASS
MORI_rear_P5R6,e53bbc19-0349-4381-b3c1-3b6415d33c19,/CC2,F.Cu,"(17.05, 9.7)","(17.05, 21.2)",0.2,11.5,R09,0.1999996,0.1999996,2.00000108,PASS
MORI_rear_P5R6,f2df710f-e972-484b-9aab-154a65b986b3,/CC2,F.Cu,"(16.35, 9.25)","(16.6, 9.25)",0.2,0.25,R09,0.1999996,0.1999996,2.00000108,PASS
MORI_rear_P5R6,6e025014-e85e-44eb-b832-8e598ddf3c74,/CC2,B.Cu,"(13.25, 8.6)","(13.25, 9.5)",0.2,0.9,R09,0.1999996,0.1999996,2.00000108,PASS
MORI_rear_P5R6,c17071f0-5ae2-4788-9d91-a4340f823539,/CC2,B.Cu,"(13.75, 8.1)","(13.25, 8.6)",0.2,0.707107,R09,0.1999996,0.1999996,2.00000108,PASS
MORI_rear_P5R6,e47b967b-6ead-4a57-84ce-da502ef1bb60,/CC2,B.Cu,"(13.25, 9.5)","(13.25, 10.7)",0.2,1.2,R09,0.1999996,0.1999996,2.00000108,PASS
MORI_rear_P5R6,e7411896-e446-4097-90ad-f19b26338753,/CC2,B.Cu,"(13.75, 7.045)","(13.75, 8.1)",0.2,1.055,R09,0.1999996,0.1999996,2.00000108,PASS
MORI_imu_P5R4,200ad97e-33df-4a04-8c0f-a84880e22f8a,/MISO_IC,F.Cu,"(7.225, 8.65)","(7.425, 8.85)",0.2,0.282843,R09,0.1999996,0.1999996,2.00000108,PASS
MORI_imu_P5R4,40b1c4f8-0a97-444d-ad6e-ef2e9fc3ad49,/MISO_IC,F.Cu,"(6.725, 8.65)","(7.225, 8.65)",0.2,0.5,R09,0.1999996,0.1999996,2.00000108,PASS
MORI_imu_P5R4,55f43c52-a6fc-4aa3-be54-961fc20c61ad,/MISO_IC,F.Cu,"(7.425, 8.85)","(8.8375, 8.85)",0.2,1.4125,R09,0.1999996,0.1999996,2.00000108,PASS
MORI_imu_P5R4,00953f4f-b252-4b83-b42c-7c4407d6fcb8,/MISO,F.Cu,"(10.8792, 3.5)","(10.8792, 6.4088)",0.2,2.9088,R09,0.1999996,0.1999996,2.00000108,PASS
MORI_imu_P5R4,77b08c7e-884f-46b0-b8a8-572897737076,/MISO,F.Cu,"(5.075, 8.65)","(4.890652, 8.465652)",0.2,0.260707,R09,0.1999996,0.1999996,2.00000108,PASS
MORI_imu_P5R4,98290e79-519d-4f3d-94bc-637b5292a348,/MISO,F.Cu,"(4.890652, 8.465652)","(4.890652, 7.758547)",0.2,0.707105,R09,0.1999996,0.1999996,2.00000108,PASS
MORI_imu_P5R4,be8e51b2-90e1-45b0-84ae-21d8418117ed,/MISO,F.Cu,"(10.8792, 6.4088)","(11.3792, 6.9088)",0.2,0.707107,R09,0.1999996,0.1999996,2.00000108,PASS
MORI_imu_P5R4,c30a9a7a-4ecd-495e-ad66-d9fa5a83f2f0,/MISO,F.Cu,"(4.890652, 7.758547)","(5.6388, 7.0104)",0.2,1.05804,R09,0.1999996,0.1999996,2.00000108,PASS
MORI_imu_P5R4,0b1a8b22-d04a-42b5-b762-a577a4a03050,/MISO,B.Cu,"(10.8792, 7.9)","(6.1388, 7.9)",0.2,4.7404,R09,0.1999996,0.1999996,2.00000108,PASS
MORI_imu_P5R4,2dbc31c4-9cd3-4c55-87aa-5be90f7b2c65,/MISO,B.Cu,"(5.6388, 7.4)","(5.6388, 7.0104)",0.2,0.3896,R09,0.1999996,0.1999996,2.00000108,PASS
MORI_imu_P5R4,a07ad63a-3267-4064-9fa1-fe8774ddd45e,/MISO,B.Cu,"(6.1388, 7.9)","(5.6388, 7.4)",0.2,0.707107,R09,0.1999996,0.1999996,2.00000108,PASS
MORI_imu_P5R4,b7121a0b-5a51-4782-945b-9f71fd9cdd50,/MISO,B.Cu,"(11.3792, 6.9088)","(11.3792, 7.4)",0.2,0.4912,R09,0.1999996,0.1999996,2.00000108,PASS
MORI_imu_P5R4,f87ba4e9-d768-4502-828c-7d2ddc89545b,/MISO,B.Cu,"(11.3792, 7.4)","(10.8792, 7.9)",0.2,0.707107,R09,0.1999996,0.1999996,2.00000108,PASS
MORI_imu_P5R4,0479bed4-267c-4496-abae-17f4dbdcc511,/+3V3,F.Cu,"(12.225, 10.925)","(12.5, 10.925)",0.2,0.275,R08,0.1999996,0.499999,5.00000016,PASS
MORI_imu_P5R4,08cc4376-c3ec-4187-835a-4383ef21ec95,/+3V3,F.Cu,"(11.65, 10.35)","(12.225, 10.925)",0.2,0.813173,R08,0.1999996,0.499999,5.00000016,PASS
MORI_imu_P5R4,16035de7-e05f-4f4d-947a-3a75ef1bbae9,/+3V3,F.Cu,"(9.5, 11.05)","(8.225, 12.325)",0.2,1.803122,R08,0.1999996,0.499999,5.00000016,PASS
MORI_imu_P5R4,1705bc82-36ef-4330-87fb-66ca93f79c89,/+3V3,F.Cu,"(14.1, 10.925)","(14.6, 10.925)",0.2,0.5,R08,0.1999996,0.499999,5.00000016,PASS
MORI_imu_P5R4,36410d2a-6cde-4047-a221-49d97175a884,/+3V3,F.Cu,"(9.5, 10.5125)","(9.5, 11.05)",0.2,0.5375,R08,0.1999996,0.499999,5.00000016,PASS
MORI_imu_P5R4,457ac136-ad57-4c45-a493-ce1ad6a332e2,/+3V3,F.Cu,"(13.6, 15.1)","(14.1, 14.6)",0.2,0.707107,R08,0.1999996,0.499999,5.00000016,PASS
MORI_imu_P5R4,4b013a61-c99b-438e-b39c-25657cf38761,/+3V3,F.Cu,"(11.1625, 10.35)","(11.65, 10.35)",0.2,0.4875,R08,0.1999996,0.499999,5.00000016,PASS
MORI_imu_P5R4,517077ff-29d8-4715-befe-69c6847eccaf,/+3V3,F.Cu,"(8.225, 12.5)","(8.225, 13.7)",0.2,1.2,R08,0.1999996,0.499999,5.00000016,PASS
MORI_imu_P5R4,65d69c57-af18-447b-8682-e3a0dd68e23c,/+3V3,F.Cu,"(15.9, 9.625)","(15.9, 9.225)",0.2,0.4,R08,0.1999996,0.499999,5.00000016,PASS
MORI_imu_P5R4,6bd7a4d8-adb7-494a-a570-0e5b129e3d64,/+3V3,F.Cu,"(8.225, 13.7)","(9.625, 15.1)",0.2,1.979899,R08,0.1999996,0.499999,5.00000016,PASS
MORI_imu_P5R4,6df1c5d4-2313-4f7b-97c3-a6d167d7855a,/+3V3,F.Cu,"(14.1, 14.25)","(14.1, 10.925)",0.2,3.325,R08,0.1999996,0.499999,5.00000016,PASS
MORI_imu_P5R4,83fe2b95-89fa-4a27-9035-9437cbe00ed8,/+3V3,F.Cu,"(14.1, 14.25)","(13.275, 14.25)",0.2,0.825,R08,0.1999996,0.499999,5.00000016,PASS
MORI_imu_P5R4,92737647-2d80-4742-8b8b-232551102c9c,/+3V3,F.Cu,"(12.5, 10.925)","(14.1, 10.925)",0.2,1.6,R08,0.1999996,0.499999,5.00000016,PASS
MORI_imu_P5R4,9bf05d40-b18c-496d-9a90-b0b077cabe74,/+3V3,F.Cu,"(14.1, 14.6)","(14.1, 14.25)",0.2,0.35,R08,0.1999996,0.499999,5.00000016,PASS
MORI_imu_P5R4,a8646968-2022-4164-90a1-54502ec45d3e,/+3V3,F.Cu,"(14.6, 10.925)","(15.9, 9.625)",0.2,1.838478,R08,0.1999996,0.499999,5.00000016,PASS
MORI_imu_P5R4,b43dbb35-250b-41c9-ac7a-bcde5487b9b0,/+3V3,F.Cu,"(3.0, 3.5)","(3.0, 7.8)",0.2,4.3,R08,0.1999996,0.499999,5.00000016,PASS
MORI_imu_P5R4,c889ac0c-2075-440b-adc0-409a3120db81,/+3V3,F.Cu,"(3.0, 7.8)","(7.7, 12.5)",0.2,6.646804,R08,0.1999996,0.499999,5.00000016,PASS
MORI_imu_P5R4,d1c7a901-eba4-473b-a15d-79e59d22efc2,/+3V3,F.Cu,"(9.625, 15.1)","(13.6, 15.1)",0.2,3.975,R08,0.1999996,0.499999,5.00000016,PASS
MORI_imu_P5R4,d45170d7-9acf-479d-a6ff-8095a1e523fe,/+3V3,F.Cu,"(8.225, 12.325)","(8.225, 12.5)",0.2,0.175,R08,0.1999996,0.499999,5.00000016,PASS
MORI_imu_P5R4,f1f770d0-b759-4ed9-ac6a-cecd2b880106,/+3V3,F.Cu,"(7.7, 12.5)","(8.225, 12.5)",0.2,0.525,R08,0.1999996,0.499999,5.00000016,PASS
MORI_imu_P5R4,0e331715-a0cd-4dbd-8e67-ac84ba16a9f1,/GND,F.Cu,"(11.725, 14.25)","(11.725, 13.25)",0.25,1.0,R08,0.1999996,0.499999,5.00000016,PASS
MORI_imu_P5R4,170b0cd7-86a0-49f2-ab5e-3a0f54bf00f1,/GND,F.Cu,"(11.1, 12.475)","(10.668, 12.043)",0.2,0.61094,R08,0.1999996,0.499999,5.00000016,PASS
MORI_imu_P5R4,1d4eec98-edaf-4e01-80c7-47e4f01465df,/GND,F.Cu,"(10.5, 10.5125)","(10.5, 11.5824)",0.2,1.0699,R08,0.1999996,0.499999,5.00000016,PASS
MORI_imu_P5R4,211be907-39d9-4b97-b756-8a949028a44c,/GND,F.Cu,"(8.0466, 9.85)","(7.7978, 9.6012)",0.2,0.351856,R08,0.1999996,0.499999,5.00000016,PASS
MORI_imu_P5R4,326c085e-8084-47f2-8dbe-504b3bc1abaf,/GND,F.Cu,"(9.775, 12.5)","(10.299999, 12.5)",0.2,0.524999,R08,0.1999996,0.499999,5.00000016,PASS
MORI_imu_P5R4,4af0495e-a961-4025-b80f-76d2c1cba0ca,/GND,F.Cu,"(12.5, 12.475)","(11.1, 12.475)",0.2,1.4,R08,0.1999996,0.499999,5.00000016,PASS
MORI_imu_P5R4,4bd05f3d-aad6-4a4b-90f2-cb084718db83,/GND,F.Cu,"(10.0, 11.0824)","(10.0, 10.5125)",0.2,0.5699,R08,0.1999996,0.499999,5.00000016,PASS
MORI_imu_P5R4,76ba7470-33d0-45a6-8158-d24462d550ca,/GND,F.Cu,"(8.048999, 9.35)","(7.7978, 9.6012)",0.2,0.35525,R08,0.1999996,0.499999,5.00000016,PASS
MORI_imu_P5R4,7912ac08-4ca4-419d-81c3-9654cf727994,/GND,F.Cu,"(11.62, 9.85)","(11.1625, 9.85)",0.2,0.4575,R08,0.1999996,0.499999,5.00000016,PASS
MORI_imu_P5R4,7d167988-3ea0-418b-9ade-355e8c2c6797,/GND,F.Cu,"(8.8375, 9.35)","(8.048999, 9.35)",0.2,0.788501,R08,0.1999996,0.499999,5.00000016,PASS
MORI_imu_P5R4,af1a6850-07b5-41aa-b63e-246a8f4fab30,/GND,F.Cu,"(8.8375, 9.85)","(8.0466, 9.85)",0.2,0.7909,R08,0.1999996,0.499999,5.00000016,PASS
MORI_imu_P5R4,b91e39e1-2963-428f-8ead-352109780f1d,/GND,F.Cu,"(11.1625, 9.3472)","(12.1158, 9.3472)",0.2,0.9533,R08,0.1999996,0.499999,5.00000016,PASS
MORI_imu_P5R4,d3b36e18-5144-4542-890b-a861c2690d68,/GND,F.Cu,"(11.1625, 8.85)","(11.62, 8.85)",0.2,0.4575,R08,0.1999996,0.499999,5.00000016,PASS
MORI_imu_P5R4,d526403a-e9de-4099-910a-878a2132aeec,/GND,F.Cu,"(10.668, 12.043)","(10.668, 11.5824)",0.2,0.4606,R08,0.1999996,0.499999,5.00000016,PASS
MORI_imu_P5R4,d5a02ad8-5b62-423f-b97d-407994406400,/GND,F.Cu,"(10.668, 11.5824)","(10.499999, 11.5824)",0.2,0.168001,R08,0.1999996,0.499999,5.00000016,PASS
MORI_imu_P5R4,e03c1e34-176d-42d9-9020-6b9847780d49,/GND,F.Cu,"(11.725, 13.25)","(12.5, 12.475)",0.25,1.096016,R08,0.1999996,0.499999,5.00000016,PASS
MORI_imu_P5R4,ee469b89-799a-4038-a8a5-0ef3a58de471,/GND,F.Cu,"(11.62, 8.85)","(11.62, 9.85)",0.2,1.0,R08,0.1999996,0.499999,5.00000016,PASS
MORI_imu_P5R4,f10604d5-b853-4de2-834e-fa5c512c35d7,/GND,F.Cu,"(10.499999, 11.5824)","(10.0, 11.0824)",0.2,0.707106,R08,0.1999996,0.499999,5.00000016,PASS
MORI_imu_P5R4,ad8668c5-5e55-4645-9c1c-cc30aaf011a5,/DRDY,F.Cu,"(8.8392, 10.3632)","(8.331199, 10.3632)",0.2,0.508001,R09,0.1999996,0.1999996,2.00000108,PASS
MORI_imu_P5R4,e3636239-b6cb-46f9-81cf-ab06fffa2f0b,/DRDY,F.Cu,"(8.331199, 10.3632)","(8.026399, 10.668)",0.2,0.431052,R09,0.1999996,0.1999996,2.00000108,PASS
MORI_imu_P5R4,06693a94-d4f6-4b0b-a494-ff72d0a998cf,/DRDY,B.Cu,"(10.058399, 11.9888)","(10.3632, 12.2936)",0.2,0.431053,R09,0.1999996,0.1999996,2.00000108,PASS
MORI_imu_P5R4,0dc0163b-48df-4dfb-9ea7-d9b1ebc31828,/DRDY,B.Cu,"(14.0, 10.485599)","(14.985999, 9.4996)",0.2,1.394413,R09,0.1999996,0.1999996,2.00000108,PASS
MORI_imu_P5R4,2a89ee4d-c2b8-4c72-8518-7c6b40eee85e,/DRDY,B.Cu,"(8.128, 10.668)","(9.4488, 11.9888)",0.2,1.867893,R09,0.1999996,0.1999996,2.00000108,PASS
MORI_imu_P5R4,31ec014b-be0b-4cd7-b0b9-e205a829de96,/DRDY,B.Cu,"(13.1, 13.1304)","(14.0, 12.2304)",0.2,1.272792,R09,0.1999996,0.1999996,2.00000108,PASS
MORI_imu_P5R4,4c5617c2-e318-4f83-a08c-cacdb5f942ad,/DRDY,B.Cu,"(10.3632, 12.2936)","(11.2, 13.1304)",0.2,1.183414,R09,0.1999996,0.1999996,2.00000108,PASS
MORI_imu_P5R4,6bdefd3e-5e85-4b14-9840-bfd4ac160dd0,/DRDY,B.Cu,"(11.2, 13.1304)","(13.1, 13.1304)",0.2,1.9,R09,0.1999996,0.1999996,2.00000108,PASS
MORI_imu_P5R4,7cf2eb07-22f9-476c-adf2-06b85fa2d5d0,/DRDY,B.Cu,"(8.026399, 10.668)","(8.128, 10.668)",0.2,0.101601,R09,0.1999996,0.1999996,2.00000108,PASS
MORI_imu_P5R4,8dee065c-e6fa-4d32-919b-dba183ddfaa3,/DRDY,B.Cu,"(9.4488, 11.9888)","(10.058399, 11.9888)",0.2,0.609599,R09,0.1999996,0.1999996,2.00000108,PASS
MORI_imu_P5R4,a4509b6d-a4fb-48b2-8e14-c8129d305620,/DRDY,B.Cu,"(14.985999, 9.4996)","(14.985999, 3.5052)",0.2,5.9944,R09,0.1999996,0.1999996,2.00000108,PASS
MORI_imu_P5R4,d244b3b6-837b-4b7e-9e9f-c7f338b29c15,/DRDY,B.Cu,"(14.0, 12.2304)","(14.0, 10.485599)",0.2,1.744801,R09,0.1999996,0.1999996,2.00000108,PASS
MORI_imu_P5R4,0b1a52c2-deb3-4192-b262-71e00cf11bde,/CS_N,F.Cu,"(13.0, 3.5)","(13.0, 6.8)",0.2,3.3,R09,0.1999996,0.1999996,2.00000108,PASS
MORI_imu_P5R4,107d5efe-fc75-4973-9888-9839102bf813,/CS_N,F.Cu,"(12.0, 7.8)","(11.0, 7.8)",0.2,1.0,R09,0.1999996,0.1999996,2.00000108,PASS
MORI_imu_P5R4,1b7e80f5-d80f-4e66-b359-eed027c00b44,/CS_N,F.Cu,"(11.0, 7.8)","(10.5, 8.3)",0.2,0.707107,R09,0.1999996,0.1999996,2.00000108,PASS
MORI_imu_P5R4,3a95b33b-7058-4b5d-9395-a73d82177f18,/CS_N,F.Cu,"(10.5, 8.3)","(10.5, 8.6875)",0.2,0.3875,R09,0.1999996,0.1999996,2.00000108,PASS
MORI_imu_P5R4,8b193259-0049-44f6-b83c-5022db66dc8a,/CS_N,F.Cu,"(13.0, 6.8)","(12.0, 7.8)",0.2,1.414214,R09,0.1999996,0.1999996,2.00000108,PASS
MORI_imu_P5R4,b80dffd2-8416-426c-9b0b-8a70d2d4c4db,/CS_N,F.Cu,"(15.4, 6.8)","(15.9, 7.3)",0.2,0.707107,R09,0.1999996,0.1999996,2.00000108,PASS
MORI_imu_P5R4,c1d070b9-1cb1-4566-a5ba-39942dd9bee4,/CS_N,F.Cu,"(13.0, 6.8)","(15.4, 6.8)",0.2,2.4,R09,0.1999996,0.1999996,2.00000108,PASS
MORI_imu_P5R4,1116ccca-ff78-4738-a8da-0f8c972d636e,/SCK,F.Cu,"(7.0946, 3.5)","(7.0946, 6.5104)",0.2,3.0104,R09,0.1999996,0.1999996,2.00000108,PASS
MORI_imu_P5R4,d359c9f7-11b1-4693-8367-135c576e6202,/SCK,F.Cu,"(7.0946, 6.5104)","(7.5946, 7.0104)",0.2,0.707107,R09,0.1999996,0.1999996,2.00000108,PASS
MORI_imu_P5R4,eabc3567-54ef-47b0-a01d-f38d9680e38a,/SCK,F.Cu,"(10.0076, 8.6875)","(10.0076, 7.0104)",0.2,1.6771,R09,0.1999996,0.1999996,2.00000108,PASS
MORI_imu_P5R4,ccbf9ef3-8f9a-4e5b-9bb0-fa9e59c51878,/SCK,B.Cu,"(7.5946, 7.0104)","(10.0076, 7.0104)",0.2,2.413,R09,0.1999996,0.1999996,2.00000108,PASS
MORI_imu_P5R4,07664e6a-7dc1-4809-bc0f-b71958523dd9,/MOSI,F.Cu,"(9.5, 7.9)","(9.5, 8.6875)",0.2,0.7875,R09,0.1999996,0.1999996,2.00000108,PASS
MORI_imu_P5R4,1da3acc3-9d18-4066-a8d8-a2102522901b,/MOSI,F.Cu,"(9.0, 3.5)","(9.0, 7.4)",0.2,3.9,R09,0.1999996,0.1999996,2.00000108,PASS
MORI_imu_P5R4,710b05ee-8819-4013-81d5-5e017a905c75,/MOSI,F.Cu,"(9.0, 7.4)","(9.5, 7.9)",0.2,0.707107,R09,0.1999996,0.1999996,2.00000108,PASS
