ISO-10303-21;
HEADER;
FILE_DESCRIPTION(('KiCad electronic assembly'),'2;1');
FILE_NAME('rear.step','2026-09-23T22:30:52',('Pcbnew'),('Kicad'),
  'Open CASCADE STEP processor 7.9','KiCad to STEP converter','Unknown'
  );
FILE_SCHEMA(('AUTOMOTIVE_DESIGN { 1 0 10303 214 1 1 1 1 }'));
ENDSEC;
DATA;
#1 = APPLICATION_PROTOCOL_DEFINITION('international standard',
  'automotive_design',2000,#2);
#2 = APPLICATION_CONTEXT(
  'core data for automotive mechanical design processes');
#3 = SHAPE_DEFINITION_REPRESENTATION(#4,#10);
#4 = PRODUCT_DEFINITION_SHAPE('','',#5);
#5 = PRODUCT_DEFINITION('design','',#6,#9);
#6 = PRODUCT_DEFINITION_FORMATION('','',#7);
#7 = PRODUCT('rear 1','rear 1','',(#8));
#8 = PRODUCT_CONTEXT('',#2,'mechanical');
#9 = PRODUCT_DEFINITION_CONTEXT('part definition',#2,'design');
#10 = SHAPE_REPRESENTATION('',(#11,#15,#19,#23,#27,#31,#35,#39),#43);
#11 = AXIS2_PLACEMENT_3D('',#12,#13,#14);
#12 = CARTESIAN_POINT('',(0.,0.,0.));
#13 = DIRECTION('',(0.,0.,1.));
#14 = DIRECTION('',(1.,0.,-0.));
#15 = AXIS2_PLACEMENT_3D('',#16,#17,#18);
#16 = CARTESIAN_POINT('',(8.45,-19.5,1.595));
#17 = DIRECTION('',(0.,0.,1.));
#18 = DIRECTION('',(1.,0.,0.));
#19 = AXIS2_PLACEMENT_3D('',#20,#21,#22);
#20 = CARTESIAN_POINT('',(10.95,-9.85,-8.5E-02));
#21 = DIRECTION('',(1.499759782662E-32,1.224646799147E-16,-1.));
#22 = DIRECTION('',(-1.,1.224646799147E-16,0.));
#23 = AXIS2_PLACEMENT_3D('',#24,#25,#26);
#24 = CARTESIAN_POINT('',(14.3,-10.,-8.5E-02));
#25 = DIRECTION('',(0.,-1.224646799147E-16,-1.));
#26 = DIRECTION('',(1.,0.,0.));
#27 = AXIS2_PLACEMENT_3D('',#28,#29,#30);
#28 = CARTESIAN_POINT('',(19.5,-6.,-8.5E-02));
#29 = DIRECTION('',(1.224646799147E-16,-1.359631073447E-32,-1.));
#30 = DIRECTION('',(1.110223024625E-16,1.,0.));
#31 = AXIS2_PLACEMENT_3D('',#32,#33,#34);
#32 = CARTESIAN_POINT('',(4.6,-15.5,-8.5E-02));
#33 = DIRECTION('',(-1.224646799147E-16,-1.359631073447E-32,-1.));
#34 = DIRECTION('',(1.110223024625E-16,-1.,0.));
#35 = AXIS2_PLACEMENT_3D('',#36,#37,#38);
#36 = CARTESIAN_POINT('',(19.,-15.7,-8.5E-02));
#37 = DIRECTION('',(-1.224646799147E-16,-1.359631073447E-32,-1.));
#38 = DIRECTION('',(1.110223024625E-16,-1.,0.));
#39 = AXIS2_PLACEMENT_3D('',#40,#41,#42);
#40 = CARTESIAN_POINT('',(0.,0.,0.));
#41 = DIRECTION('',(0.,0.,1.));
#42 = DIRECTION('',(1.,0.,-0.));
#43 = ( GEOMETRIC_REPRESENTATION_CONTEXT(3) 
GLOBAL_UNCERTAINTY_ASSIGNED_CONTEXT((#47)) GLOBAL_UNIT_ASSIGNED_CONTEXT(
(#44,#45,#46)) REPRESENTATION_CONTEXT('Context #1',
  '3D Context with UNIT and UNCERTAINTY') );
#44 = ( LENGTH_UNIT() NAMED_UNIT(*) SI_UNIT(.MILLI.,.METRE.) );
#45 = ( NAMED_UNIT(*) PLANE_ANGLE_UNIT() SI_UNIT($,.RADIAN.) );
#46 = ( NAMED_UNIT(*) SI_UNIT($,.STERADIAN.) SOLID_ANGLE_UNIT() );
#47 = UNCERTAINTY_MEASURE_WITH_UNIT(LENGTH_MEASURE(2.E-07),#44,
  'distance_accuracy_value','confusion accuracy');
#48 = PRODUCT_RELATED_PRODUCT_CATEGORY('part',$,(#7));
#49 = SHAPE_DEFINITION_REPRESENTATION(#50,#56);
#50 = PRODUCT_DEFINITION_SHAPE('','',#51);
#51 = PRODUCT_DEFINITION('design','',#52,#55);
#52 = PRODUCT_DEFINITION_FORMATION('','',#53);
#53 = PRODUCT('JST_PH_B4B-PH-K_1x04_P2.00mm_Vertical',
  'JST_PH_B4B-PH-K_1x04_P2.00mm_Vertical','',(#54));
#54 = PRODUCT_CONTEXT('',#2,'mechanical');
#55 = PRODUCT_DEFINITION_CONTEXT('part definition',#2,'design');
#56 = SHAPE_REPRESENTATION('',(#11,#57),#61);
#57 = AXIS2_PLACEMENT_3D('',#58,#59,#60);
#58 = CARTESIAN_POINT('',(0.,0.,0.));
#59 = DIRECTION('',(0.,0.,1.));
#60 = DIRECTION('',(1.,0.,-0.));
#61 = ( GEOMETRIC_REPRESENTATION_CONTEXT(3) 
GLOBAL_UNCERTAINTY_ASSIGNED_CONTEXT((#65)) GLOBAL_UNIT_ASSIGNED_CONTEXT(
(#62,#63,#64)) REPRESENTATION_CONTEXT('Context #1',
  '3D Context with UNIT and UNCERTAINTY') );
#62 = ( LENGTH_UNIT() NAMED_UNIT(*) SI_UNIT(.MILLI.,.METRE.) );
#63 = ( NAMED_UNIT(*) PLANE_ANGLE_UNIT() SI_UNIT($,.RADIAN.) );
#64 = ( NAMED_UNIT(*) SI_UNIT($,.STERADIAN.) SOLID_ANGLE_UNIT() );
#65 = UNCERTAINTY_MEASURE_WITH_UNIT(LENGTH_MEASURE(1.E-07),#62,
  'distance_accuracy_value','confusion accuracy');
#66 = CONTEXT_DEPENDENT_SHAPE_REPRESENTATION(#67,#69);
#67 = ( REPRESENTATION_RELATIONSHIP('','',#56,#10) 
REPRESENTATION_RELATIONSHIP_WITH_TRANSFORMATION(#68) 
SHAPE_REPRESENTATION_RELATIONSHIP() );
#68 = ITEM_DEFINED_TRANSFORMATION('','',#11,#15);
#69 = PRODUCT_DEFINITION_SHAPE('Placement','Placement of an item',#70);
#70 = NEXT_ASSEMBLY_USAGE_OCCURRENCE('2','J3','',#5,#51,$);
#71 = PRODUCT_RELATED_PRODUCT_CATEGORY('part',$,(#53));
#72 = SHAPE_DEFINITION_REPRESENTATION(#73,#79);
#73 = PRODUCT_DEFINITION_SHAPE('','',#74);
#74 = PRODUCT_DEFINITION('design','',#75,#78);
#75 = PRODUCT_DEFINITION_FORMATION('','',#76);
#76 = PRODUCT('JST_B4B_PH_K','JST_B4B_PH_K','',(#77));
#77 = PRODUCT_CONTEXT('',#2,'mechanical');
#78 = PRODUCT_DEFINITION_CONTEXT('part definition',#2,'design');
#79 = ADVANCED_BREP_SHAPE_REPRESENTATION('',(#11,#80),#4584);
#80 = MANIFOLD_SOLID_BREP('',#81);
#81 = CLOSED_SHELL('',(#82,#122,#186,#338,#378,#653,#693,#717,#742,#766,
    #815,#837,#870,#894,#925,#942,#975,#999,#1030,#1047,#1080,#1104,
    #1135,#1152,#1185,#1202,#1245,#1262,#1308,#1325,#1342,#1359,#1422,
    #1446,#1493,#1517,#1541,#1558,#1575,#1599,#1623,#1640,#1671,#1695,
    #1719,#1736,#1771,#1811,#1835,#1876,#1989,#2035,#2081,#2127,#2144,
    #2156,#2219,#2243,#2299,#2316,#2328,#2545,#2569,#2593,#2610,#2634,
    #2658,#2675,#2699,#2723,#2740,#2771,#2827,#2851,#2900,#2931,#2955,
    #2979,#2996,#3027,#3051,#3075,#3092,#3139,#3170,#3182,#3199,#3225,
    #3258,#3270,#3282,#3294,#3325,#3349,#3373,#3390,#3421,#3445,#3469,
    #3486,#3517,#3541,#3565,#3582,#3613,#3637,#3661,#3678,#3695,#3742,
    #3768,#3785,#3811,#3844,#3875,#3899,#3923,#3940,#3971,#3995,#4019,
    #4036,#4053,#4070,#4082,#4113,#4137,#4161,#4178,#4209,#4233,#4257,
    #4274,#4305,#4329,#4353,#4370,#4401,#4425,#4449,#4466,#4483,#4500,
    #4512,#4524,#4536,#4548,#4560,#4572));
#82 = ADVANCED_FACE('',(#83),#117,.F.);
#83 = FACE_BOUND('',#84,.F.);
#84 = EDGE_LOOP('',(#85,#95,#103,#111));
#85 = ORIENTED_EDGE('',*,*,#86,.T.);
#86 = EDGE_CURVE('',#87,#89,#91,.T.);
#87 = VERTEX_POINT('',#88);
#88 = CARTESIAN_POINT('',(7.95,-2.8,0.));
#89 = VERTEX_POINT('',#90);
#90 = CARTESIAN_POINT('',(7.95,1.7,0.));
#91 = LINE('',#92,#93);
#92 = CARTESIAN_POINT('',(7.95,-2.8,0.));
#93 = VECTOR('',#94,1.);
#94 = DIRECTION('',(1.224646799147E-16,1.,0.));
#95 = ORIENTED_EDGE('',*,*,#96,.T.);
#96 = EDGE_CURVE('',#89,#97,#99,.T.);
#97 = VERTEX_POINT('',#98);
#98 = CARTESIAN_POINT('',(6.75,1.7,0.));
#99 = LINE('',#100,#101);
#100 = CARTESIAN_POINT('',(7.95,1.7,0.));
#101 = VECTOR('',#102,1.);
#102 = DIRECTION('',(-1.,1.224646799147E-16,0.));
#103 = ORIENTED_EDGE('',*,*,#104,.F.);
#104 = EDGE_CURVE('',#105,#97,#107,.T.);
#105 = VERTEX_POINT('',#106);
#106 = CARTESIAN_POINT('',(6.75,-2.8,0.));
#107 = LINE('',#108,#109);
#108 = CARTESIAN_POINT('',(6.75,-2.8,0.));
#109 = VECTOR('',#110,1.);
#110 = DIRECTION('',(1.224646799147E-16,1.,0.));
#111 = ORIENTED_EDGE('',*,*,#112,.T.);
#112 = EDGE_CURVE('',#105,#87,#113,.T.);
#113 = LINE('',#114,#115);
#114 = CARTESIAN_POINT('',(-1.95,-2.8,0.));
#115 = VECTOR('',#116,1.);
#116 = DIRECTION('',(1.,-1.224646799147E-16,0.));
#117 = PLANE('',#118);
#118 = AXIS2_PLACEMENT_3D('',#119,#120,#121);
#119 = CARTESIAN_POINT('',(3.,-0.55,0.));
#120 = DIRECTION('',(0.,0.,1.));
#121 = DIRECTION('',(-1.,1.224646799147E-16,0.));
#122 = ADVANCED_FACE('',(#123),#181,.F.);
#123 = FACE_BOUND('',#124,.F.);
#124 = EDGE_LOOP('',(#125,#126,#134,#142,#150,#159,#167,#175));
#125 = ORIENTED_EDGE('',*,*,#86,.F.);
#126 = ORIENTED_EDGE('',*,*,#127,.T.);
#127 = EDGE_CURVE('',#87,#128,#130,.T.);
#128 = VERTEX_POINT('',#129);
#129 = CARTESIAN_POINT('',(7.95,-2.8,6.));
#130 = LINE('',#131,#132);
#131 = CARTESIAN_POINT('',(7.95,-2.8,0.));
#132 = VECTOR('',#133,1.);
#133 = DIRECTION('',(0.,0.,1.));
#134 = ORIENTED_EDGE('',*,*,#135,.T.);
#135 = EDGE_CURVE('',#128,#136,#138,.T.);
#136 = VERTEX_POINT('',#137);
#137 = CARTESIAN_POINT('',(7.95,-0.6,6.));
#138 = LINE('',#139,#140);
#139 = CARTESIAN_POINT('',(7.95,-2.8,6.));
#140 = VECTOR('',#141,1.);
#141 = DIRECTION('',(1.224646799147E-16,1.,0.));
#142 = ORIENTED_EDGE('',*,*,#143,.F.);
#143 = EDGE_CURVE('',#144,#136,#146,.T.);
#144 = VERTEX_POINT('',#145);
#145 = CARTESIAN_POINT('',(7.95,-0.6,4.4));
#146 = LINE('',#147,#148);
#147 = CARTESIAN_POINT('',(7.95,-0.6,4.4));
#148 = VECTOR('',#149,1.);
#149 = DIRECTION('',(0.,0.,1.));
#150 = ORIENTED_EDGE('',*,*,#151,.F.);
#151 = EDGE_CURVE('',#152,#144,#154,.T.);
#152 = VERTEX_POINT('',#153);
#153 = CARTESIAN_POINT('',(7.95,0.2,4.4));
#154 = CIRCLE('',#155,0.4);
#155 = AXIS2_PLACEMENT_3D('',#156,#157,#158);
#156 = CARTESIAN_POINT('',(7.95,-0.2,4.4));
#157 = DIRECTION('',(-1.,1.224646799147E-16,0.));
#158 = DIRECTION('',(1.224646799147E-16,1.,0.));
#159 = ORIENTED_EDGE('',*,*,#160,.F.);
#160 = EDGE_CURVE('',#161,#152,#163,.T.);
#161 = VERTEX_POINT('',#162);
#162 = CARTESIAN_POINT('',(7.95,0.2,6.));
#163 = LINE('',#164,#165);
#164 = CARTESIAN_POINT('',(7.95,0.2,6.));
#165 = VECTOR('',#166,1.);
#166 = DIRECTION('',(-0.,0.,-1.));
#167 = ORIENTED_EDGE('',*,*,#168,.T.);
#168 = EDGE_CURVE('',#161,#169,#171,.T.);
#169 = VERTEX_POINT('',#170);
#170 = CARTESIAN_POINT('',(7.95,1.7,6.));
#171 = LINE('',#172,#173);
#172 = CARTESIAN_POINT('',(7.95,-2.8,6.));
#173 = VECTOR('',#174,1.);
#174 = DIRECTION('',(1.224646799147E-16,1.,0.));
#175 = ORIENTED_EDGE('',*,*,#176,.F.);
#176 = EDGE_CURVE('',#89,#169,#177,.T.);
#177 = LINE('',#178,#179);
#178 = CARTESIAN_POINT('',(7.95,1.7,0.));
#179 = VECTOR('',#180,1.);
#180 = DIRECTION('',(0.,0.,1.));
#181 = PLANE('',#182);
#182 = AXIS2_PLACEMENT_3D('',#183,#184,#185);
#183 = CARTESIAN_POINT('',(7.95,-2.8,0.));
#184 = DIRECTION('',(-1.,1.224646799147E-16,0.));
#185 = DIRECTION('',(1.224646799147E-16,1.,0.));
#186 = ADVANCED_FACE('',(#187),#333,.F.);
#187 = FACE_BOUND('',#188,.F.);
#188 = EDGE_LOOP('',(#189,#199,#207,#213,#214,#215,#223,#231,#239,#247,
    #255,#263,#271,#279,#287,#295,#303,#311,#319,#327));
#189 = ORIENTED_EDGE('',*,*,#190,.F.);
#190 = EDGE_CURVE('',#191,#193,#195,.T.);
#191 = VERTEX_POINT('',#192);
#192 = CARTESIAN_POINT('',(-1.95,-2.8,0.));
#193 = VERTEX_POINT('',#194);
#194 = CARTESIAN_POINT('',(-0.75,-2.8,0.));
#195 = LINE('',#196,#197);
#196 = CARTESIAN_POINT('',(-1.95,-2.8,0.));
#197 = VECTOR('',#198,1.);
#198 = DIRECTION('',(1.,-1.224646799147E-16,0.));
#199 = ORIENTED_EDGE('',*,*,#200,.T.);
#200 = EDGE_CURVE('',#191,#201,#203,.T.);
#201 = VERTEX_POINT('',#202);
#202 = CARTESIAN_POINT('',(-1.95,-2.8,6.));
#203 = LINE('',#204,#205);
#204 = CARTESIAN_POINT('',(-1.95,-2.8,0.));
#205 = VECTOR('',#206,1.);
#206 = DIRECTION('',(0.,0.,1.));
#207 = ORIENTED_EDGE('',*,*,#208,.T.);
#208 = EDGE_CURVE('',#201,#128,#209,.T.);
#209 = LINE('',#210,#211);
#210 = CARTESIAN_POINT('',(-1.95,-2.8,6.));
#211 = VECTOR('',#212,1.);
#212 = DIRECTION('',(1.,-1.224646799147E-16,0.));
#213 = ORIENTED_EDGE('',*,*,#127,.F.);
#214 = ORIENTED_EDGE('',*,*,#112,.F.);
#215 = ORIENTED_EDGE('',*,*,#216,.F.);
#216 = EDGE_CURVE('',#217,#105,#219,.T.);
#217 = VERTEX_POINT('',#218);
#218 = CARTESIAN_POINT('',(6.75,-2.8,0.2));
#219 = LINE('',#220,#221);
#220 = CARTESIAN_POINT('',(6.75,-2.8,0.2));
#221 = VECTOR('',#222,1.);
#222 = DIRECTION('',(-0.,0.,-1.));
#223 = ORIENTED_EDGE('',*,*,#224,.T.);
#224 = EDGE_CURVE('',#217,#225,#227,.T.);
#225 = VERTEX_POINT('',#226);
#226 = CARTESIAN_POINT('',(5.25,-2.8,0.2));
#227 = LINE('',#228,#229);
#228 = CARTESIAN_POINT('',(6.75,-2.8,0.2));
#229 = VECTOR('',#230,1.);
#230 = DIRECTION('',(-1.,1.224646799147E-16,0.));
#231 = ORIENTED_EDGE('',*,*,#232,.T.);
#232 = EDGE_CURVE('',#225,#233,#235,.T.);
#233 = VERTEX_POINT('',#234);
#234 = CARTESIAN_POINT('',(5.25,-2.8,0.));
#235 = LINE('',#236,#237);
#236 = CARTESIAN_POINT('',(5.25,-2.8,0.2));
#237 = VECTOR('',#238,1.);
#238 = DIRECTION('',(-0.,0.,-1.));
#239 = ORIENTED_EDGE('',*,*,#240,.F.);
#240 = EDGE_CURVE('',#241,#233,#243,.T.);
#241 = VERTEX_POINT('',#242);
#242 = CARTESIAN_POINT('',(4.75,-2.8,0.));
#243 = LINE('',#244,#245);
#244 = CARTESIAN_POINT('',(-1.95,-2.8,0.));
#245 = VECTOR('',#246,1.);
#246 = DIRECTION('',(1.,-1.224646799147E-16,0.));
#247 = ORIENTED_EDGE('',*,*,#248,.F.);
#248 = EDGE_CURVE('',#249,#241,#251,.T.);
#249 = VERTEX_POINT('',#250);
#250 = CARTESIAN_POINT('',(4.75,-2.8,0.2));
#251 = LINE('',#252,#253);
#252 = CARTESIAN_POINT('',(4.75,-2.8,0.2));
#253 = VECTOR('',#254,1.);
#254 = DIRECTION('',(-0.,0.,-1.));
#255 = ORIENTED_EDGE('',*,*,#256,.T.);
#256 = EDGE_CURVE('',#249,#257,#259,.T.);
#257 = VERTEX_POINT('',#258);
#258 = CARTESIAN_POINT('',(3.25,-2.8,0.2));
#259 = LINE('',#260,#261);
#260 = CARTESIAN_POINT('',(4.75,-2.8,0.2));
#261 = VECTOR('',#262,1.);
#262 = DIRECTION('',(-1.,1.224646799147E-16,0.));
#263 = ORIENTED_EDGE('',*,*,#264,.T.);
#264 = EDGE_CURVE('',#257,#265,#267,.T.);
#265 = VERTEX_POINT('',#266);
#266 = CARTESIAN_POINT('',(3.25,-2.8,0.));
#267 = LINE('',#268,#269);
#268 = CARTESIAN_POINT('',(3.25,-2.8,0.2));
#269 = VECTOR('',#270,1.);
#270 = DIRECTION('',(-0.,0.,-1.));
#271 = ORIENTED_EDGE('',*,*,#272,.F.);
#272 = EDGE_CURVE('',#273,#265,#275,.T.);
#273 = VERTEX_POINT('',#274);
#274 = CARTESIAN_POINT('',(2.75,-2.8,0.));
#275 = LINE('',#276,#277);
#276 = CARTESIAN_POINT('',(-1.95,-2.8,0.));
#277 = VECTOR('',#278,1.);
#278 = DIRECTION('',(1.,-1.224646799147E-16,0.));
#279 = ORIENTED_EDGE('',*,*,#280,.F.);
#280 = EDGE_CURVE('',#281,#273,#283,.T.);
#281 = VERTEX_POINT('',#282);
#282 = CARTESIAN_POINT('',(2.75,-2.8,0.2));
#283 = LINE('',#284,#285);
#284 = CARTESIAN_POINT('',(2.75,-2.8,0.2));
#285 = VECTOR('',#286,1.);
#286 = DIRECTION('',(-0.,0.,-1.));
#287 = ORIENTED_EDGE('',*,*,#288,.T.);
#288 = EDGE_CURVE('',#281,#289,#291,.T.);
#289 = VERTEX_POINT('',#290);
#290 = CARTESIAN_POINT('',(1.25,-2.8,0.2));
#291 = LINE('',#292,#293);
#292 = CARTESIAN_POINT('',(2.75,-2.8,0.2));
#293 = VECTOR('',#294,1.);
#294 = DIRECTION('',(-1.,1.224646799147E-16,0.));
#295 = ORIENTED_EDGE('',*,*,#296,.T.);
#296 = EDGE_CURVE('',#289,#297,#299,.T.);
#297 = VERTEX_POINT('',#298);
#298 = CARTESIAN_POINT('',(1.25,-2.8,0.));
#299 = LINE('',#300,#301);
#300 = CARTESIAN_POINT('',(1.25,-2.8,0.2));
#301 = VECTOR('',#302,1.);
#302 = DIRECTION('',(-0.,0.,-1.));
#303 = ORIENTED_EDGE('',*,*,#304,.F.);
#304 = EDGE_CURVE('',#305,#297,#307,.T.);
#305 = VERTEX_POINT('',#306);
#306 = CARTESIAN_POINT('',(0.75,-2.8,0.));
#307 = LINE('',#308,#309);
#308 = CARTESIAN_POINT('',(-1.95,-2.8,0.));
#309 = VECTOR('',#310,1.);
#310 = DIRECTION('',(1.,-1.224646799147E-16,0.));
#311 = ORIENTED_EDGE('',*,*,#312,.F.);
#312 = EDGE_CURVE('',#313,#305,#315,.T.);
#313 = VERTEX_POINT('',#314);
#314 = CARTESIAN_POINT('',(0.75,-2.8,0.2));
#315 = LINE('',#316,#317);
#316 = CARTESIAN_POINT('',(0.75,-2.8,0.2));
#317 = VECTOR('',#318,1.);
#318 = DIRECTION('',(-0.,0.,-1.));
#319 = ORIENTED_EDGE('',*,*,#320,.T.);
#320 = EDGE_CURVE('',#313,#321,#323,.T.);
#321 = VERTEX_POINT('',#322);
#322 = CARTESIAN_POINT('',(-0.75,-2.8,0.2));
#323 = LINE('',#324,#325);
#324 = CARTESIAN_POINT('',(0.75,-2.8,0.2));
#325 = VECTOR('',#326,1.);
#326 = DIRECTION('',(-1.,1.224646799147E-16,0.));
#327 = ORIENTED_EDGE('',*,*,#328,.T.);
#328 = EDGE_CURVE('',#321,#193,#329,.T.);
#329 = LINE('',#330,#331);
#330 = CARTESIAN_POINT('',(-0.75,-2.8,0.2));
#331 = VECTOR('',#332,1.);
#332 = DIRECTION('',(-0.,0.,-1.));
#333 = PLANE('',#334);
#334 = AXIS2_PLACEMENT_3D('',#335,#336,#337);
#335 = CARTESIAN_POINT('',(-1.95,-2.8,0.));
#336 = DIRECTION('',(1.224646799147E-16,1.,0.));
#337 = DIRECTION('',(1.,-1.224646799147E-16,0.));
#338 = ADVANCED_FACE('',(#339),#373,.F.);
#339 = FACE_BOUND('',#340,.F.);
#340 = EDGE_LOOP('',(#341,#349,#357,#365,#371,#372));
#341 = ORIENTED_EDGE('',*,*,#342,.T.);
#342 = EDGE_CURVE('',#97,#343,#345,.T.);
#343 = VERTEX_POINT('',#344);
#344 = CARTESIAN_POINT('',(6.75,1.7,0.2));
#345 = LINE('',#346,#347);
#346 = CARTESIAN_POINT('',(6.75,1.7,0.));
#347 = VECTOR('',#348,1.);
#348 = DIRECTION('',(0.,0.,1.));
#349 = ORIENTED_EDGE('',*,*,#350,.T.);
#350 = EDGE_CURVE('',#343,#351,#353,.T.);
#351 = VERTEX_POINT('',#352);
#352 = CARTESIAN_POINT('',(6.75,0.5,0.1));
#353 = LINE('',#354,#355);
#354 = CARTESIAN_POINT('',(6.75,1.7,0.2));
#355 = VECTOR('',#356,1.);
#356 = DIRECTION('',(-1.220416573038E-16,-0.996545758245,
    -8.304547985373E-02));
#357 = ORIENTED_EDGE('',*,*,#358,.T.);
#358 = EDGE_CURVE('',#351,#359,#361,.T.);
#359 = VERTEX_POINT('',#360);
#360 = CARTESIAN_POINT('',(6.75,-0.5,0.1));
#361 = LINE('',#362,#363);
#362 = CARTESIAN_POINT('',(6.75,0.5,0.1));
#363 = VECTOR('',#364,1.);
#364 = DIRECTION('',(-1.224646799147E-16,-1.,0.));
#365 = ORIENTED_EDGE('',*,*,#366,.T.);
#366 = EDGE_CURVE('',#359,#217,#367,.T.);
#367 = LINE('',#368,#369);
#368 = CARTESIAN_POINT('',(6.75,-0.5,0.1));
#369 = VECTOR('',#370,1.);
#370 = DIRECTION('',(-1.223490926498E-16,-0.999056158355,
    4.343722427631E-02));
#371 = ORIENTED_EDGE('',*,*,#216,.T.);
#372 = ORIENTED_EDGE('',*,*,#104,.T.);
#373 = PLANE('',#374);
#374 = AXIS2_PLACEMENT_3D('',#375,#376,#377);
#375 = CARTESIAN_POINT('',(6.75,-0.549524476701,7.07980355453E-02));
#376 = DIRECTION('',(1.,-1.224646799147E-16,-0.));
#377 = DIRECTION('',(-0.,0.,-1.));
#378 = ADVANCED_FACE('',(#379,#614),#648,.F.);
#379 = FACE_BOUND('',#380,.F.);
#380 = EDGE_LOOP('',(#381,#382,#383,#391,#399,#407,#415,#423,#431,#439,
    #447,#455,#463,#471,#479,#487,#495,#503,#511,#519,#527,#535,#543,
    #551,#559,#567,#575,#583,#591,#599,#607,#613));
#381 = ORIENTED_EDGE('',*,*,#96,.F.);
#382 = ORIENTED_EDGE('',*,*,#176,.T.);
#383 = ORIENTED_EDGE('',*,*,#384,.T.);
#384 = EDGE_CURVE('',#169,#385,#387,.T.);
#385 = VERTEX_POINT('',#386);
#386 = CARTESIAN_POINT('',(5.45,1.7,6.));
#387 = LINE('',#388,#389);
#388 = CARTESIAN_POINT('',(7.95,1.7,6.));
#389 = VECTOR('',#390,1.);
#390 = DIRECTION('',(-1.,1.224646799147E-16,0.));
#391 = ORIENTED_EDGE('',*,*,#392,.T.);
#392 = EDGE_CURVE('',#385,#393,#395,.T.);
#393 = VERTEX_POINT('',#394);
#394 = CARTESIAN_POINT('',(5.45,1.7,2.1));
#395 = LINE('',#396,#397);
#396 = CARTESIAN_POINT('',(5.45,1.7,6.));
#397 = VECTOR('',#398,1.);
#398 = DIRECTION('',(6.972467043317E-33,5.693451408334E-17,-1.));
#399 = ORIENTED_EDGE('',*,*,#400,.T.);
#400 = EDGE_CURVE('',#393,#401,#403,.T.);
#401 = VERTEX_POINT('',#402);
#402 = CARTESIAN_POINT('',(0.55,1.7,2.1));
#403 = LINE('',#404,#405);
#404 = CARTESIAN_POINT('',(5.45,1.7,2.1));
#405 = VECTOR('',#406,1.);
#406 = DIRECTION('',(-1.,1.224646799147E-16,-9.063045098981E-17));
#407 = ORIENTED_EDGE('',*,*,#408,.T.);
#408 = EDGE_CURVE('',#401,#409,#411,.T.);
#409 = VERTEX_POINT('',#410);
#410 = CARTESIAN_POINT('',(0.55,1.7,6.));
#411 = LINE('',#412,#413);
#412 = CARTESIAN_POINT('',(0.55,1.7,2.1));
#413 = VECTOR('',#414,1.);
#414 = DIRECTION('',(0.,0.,1.));
#415 = ORIENTED_EDGE('',*,*,#416,.T.);
#416 = EDGE_CURVE('',#409,#417,#419,.T.);
#417 = VERTEX_POINT('',#418);
#418 = CARTESIAN_POINT('',(-0.45,1.7,6.));
#419 = LINE('',#420,#421);
#420 = CARTESIAN_POINT('',(7.95,1.7,6.));
#421 = VECTOR('',#422,1.);
#422 = DIRECTION('',(-1.,1.224646799147E-16,0.));
#423 = ORIENTED_EDGE('',*,*,#424,.F.);
#424 = EDGE_CURVE('',#425,#417,#427,.T.);
#425 = VERTEX_POINT('',#426);
#426 = CARTESIAN_POINT('',(-0.45,1.7,4.2));
#427 = LINE('',#428,#429);
#428 = CARTESIAN_POINT('',(-0.45,1.7,4.2));
#429 = VECTOR('',#430,1.);
#430 = DIRECTION('',(0.,0.,1.));
#431 = ORIENTED_EDGE('',*,*,#432,.F.);
#432 = EDGE_CURVE('',#433,#425,#435,.T.);
#433 = VERTEX_POINT('',#434);
#434 = CARTESIAN_POINT('',(-0.4,1.7,4.2));
#435 = LINE('',#436,#437);
#436 = CARTESIAN_POINT('',(-0.4,1.7,4.2));
#437 = VECTOR('',#438,1.);
#438 = DIRECTION('',(-1.,1.224646799147E-16,0.));
#439 = ORIENTED_EDGE('',*,*,#440,.F.);
#440 = EDGE_CURVE('',#441,#433,#443,.T.);
#441 = VERTEX_POINT('',#442);
#442 = CARTESIAN_POINT('',(-0.4,1.7,2.4));
#443 = LINE('',#444,#445);
#444 = CARTESIAN_POINT('',(-0.4,1.7,2.4));
#445 = VECTOR('',#446,1.);
#446 = DIRECTION('',(0.,0.,1.));
#447 = ORIENTED_EDGE('',*,*,#448,.F.);
#448 = EDGE_CURVE('',#449,#441,#451,.T.);
#449 = VERTEX_POINT('',#450);
#450 = CARTESIAN_POINT('',(-1.4,1.7,2.4));
#451 = LINE('',#452,#453);
#452 = CARTESIAN_POINT('',(-1.4,1.7,2.4));
#453 = VECTOR('',#454,1.);
#454 = DIRECTION('',(1.,-1.224646799147E-16,0.));
#455 = ORIENTED_EDGE('',*,*,#456,.F.);
#456 = EDGE_CURVE('',#457,#449,#459,.T.);
#457 = VERTEX_POINT('',#458);
#458 = CARTESIAN_POINT('',(-1.4,1.7,4.2));
#459 = LINE('',#460,#461);
#460 = CARTESIAN_POINT('',(-1.4,1.7,4.2));
#461 = VECTOR('',#462,1.);
#462 = DIRECTION('',(-0.,0.,-1.));
#463 = ORIENTED_EDGE('',*,*,#464,.F.);
#464 = EDGE_CURVE('',#465,#457,#467,.T.);
#465 = VERTEX_POINT('',#466);
#466 = CARTESIAN_POINT('',(-0.95,1.7,4.2));
#467 = LINE('',#468,#469);
#468 = CARTESIAN_POINT('',(-0.4,1.7,4.2));
#469 = VECTOR('',#470,1.);
#470 = DIRECTION('',(-1.,1.224646799147E-16,0.));
#471 = ORIENTED_EDGE('',*,*,#472,.T.);
#472 = EDGE_CURVE('',#465,#473,#475,.T.);
#473 = VERTEX_POINT('',#474);
#474 = CARTESIAN_POINT('',(-0.95,1.7,6.));
#475 = LINE('',#476,#477);
#476 = CARTESIAN_POINT('',(-0.95,1.7,4.2));
#477 = VECTOR('',#478,1.);
#478 = DIRECTION('',(0.,0.,1.));
#479 = ORIENTED_EDGE('',*,*,#480,.T.);
#480 = EDGE_CURVE('',#473,#481,#483,.T.);
#481 = VERTEX_POINT('',#482);
#482 = CARTESIAN_POINT('',(-1.95,1.7,6.));
#483 = LINE('',#484,#485);
#484 = CARTESIAN_POINT('',(7.95,1.7,6.));
#485 = VECTOR('',#486,1.);
#486 = DIRECTION('',(-1.,1.224646799147E-16,0.));
#487 = ORIENTED_EDGE('',*,*,#488,.F.);
#488 = EDGE_CURVE('',#489,#481,#491,.T.);
#489 = VERTEX_POINT('',#490);
#490 = CARTESIAN_POINT('',(-1.95,1.7,0.));
#491 = LINE('',#492,#493);
#492 = CARTESIAN_POINT('',(-1.95,1.7,0.));
#493 = VECTOR('',#494,1.);
#494 = DIRECTION('',(0.,0.,1.));
#495 = ORIENTED_EDGE('',*,*,#496,.F.);
#496 = EDGE_CURVE('',#497,#489,#499,.T.);
#497 = VERTEX_POINT('',#498);
#498 = CARTESIAN_POINT('',(-0.75,1.7,0.));
#499 = LINE('',#500,#501);
#500 = CARTESIAN_POINT('',(7.95,1.7,0.));
#501 = VECTOR('',#502,1.);
#502 = DIRECTION('',(-1.,1.224646799147E-16,0.));
#503 = ORIENTED_EDGE('',*,*,#504,.T.);
#504 = EDGE_CURVE('',#497,#505,#507,.T.);
#505 = VERTEX_POINT('',#506);
#506 = CARTESIAN_POINT('',(-0.75,1.7,0.2));
#507 = LINE('',#508,#509);
#508 = CARTESIAN_POINT('',(-0.75,1.7,0.));
#509 = VECTOR('',#510,1.);
#510 = DIRECTION('',(0.,0.,1.));
#511 = ORIENTED_EDGE('',*,*,#512,.F.);
#512 = EDGE_CURVE('',#513,#505,#515,.T.);
#513 = VERTEX_POINT('',#514);
#514 = CARTESIAN_POINT('',(0.75,1.7,0.2));
#515 = LINE('',#516,#517);
#516 = CARTESIAN_POINT('',(0.75,1.7,0.2));
#517 = VECTOR('',#518,1.);
#518 = DIRECTION('',(-1.,1.224646799147E-16,0.));
#519 = ORIENTED_EDGE('',*,*,#520,.F.);
#520 = EDGE_CURVE('',#521,#513,#523,.T.);
#521 = VERTEX_POINT('',#522);
#522 = CARTESIAN_POINT('',(0.75,1.7,0.));
#523 = LINE('',#524,#525);
#524 = CARTESIAN_POINT('',(0.75,1.7,0.));
#525 = VECTOR('',#526,1.);
#526 = DIRECTION('',(0.,0.,1.));
#527 = ORIENTED_EDGE('',*,*,#528,.F.);
#528 = EDGE_CURVE('',#529,#521,#531,.T.);
#529 = VERTEX_POINT('',#530);
#530 = CARTESIAN_POINT('',(1.25,1.7,0.));
#531 = LINE('',#532,#533);
#532 = CARTESIAN_POINT('',(7.95,1.7,0.));
#533 = VECTOR('',#534,1.);
#534 = DIRECTION('',(-1.,1.224646799147E-16,0.));
#535 = ORIENTED_EDGE('',*,*,#536,.T.);
#536 = EDGE_CURVE('',#529,#537,#539,.T.);
#537 = VERTEX_POINT('',#538);
#538 = CARTESIAN_POINT('',(1.25,1.7,0.2));
#539 = LINE('',#540,#541);
#540 = CARTESIAN_POINT('',(1.25,1.7,0.));
#541 = VECTOR('',#542,1.);
#542 = DIRECTION('',(0.,0.,1.));
#543 = ORIENTED_EDGE('',*,*,#544,.F.);
#544 = EDGE_CURVE('',#545,#537,#547,.T.);
#545 = VERTEX_POINT('',#546);
#546 = CARTESIAN_POINT('',(2.75,1.7,0.2));
#547 = LINE('',#548,#549);
#548 = CARTESIAN_POINT('',(2.75,1.7,0.2));
#549 = VECTOR('',#550,1.);
#550 = DIRECTION('',(-1.,1.224646799147E-16,0.));
#551 = ORIENTED_EDGE('',*,*,#552,.F.);
#552 = EDGE_CURVE('',#553,#545,#555,.T.);
#553 = VERTEX_POINT('',#554);
#554 = CARTESIAN_POINT('',(2.75,1.7,0.));
#555 = LINE('',#556,#557);
#556 = CARTESIAN_POINT('',(2.75,1.7,0.));
#557 = VECTOR('',#558,1.);
#558 = DIRECTION('',(0.,0.,1.));
#559 = ORIENTED_EDGE('',*,*,#560,.F.);
#560 = EDGE_CURVE('',#561,#553,#563,.T.);
#561 = VERTEX_POINT('',#562);
#562 = CARTESIAN_POINT('',(3.25,1.7,0.));
#563 = LINE('',#564,#565);
#564 = CARTESIAN_POINT('',(7.95,1.7,0.));
#565 = VECTOR('',#566,1.);
#566 = DIRECTION('',(-1.,1.224646799147E-16,0.));
#567 = ORIENTED_EDGE('',*,*,#568,.T.);
#568 = EDGE_CURVE('',#561,#569,#571,.T.);
#569 = VERTEX_POINT('',#570);
#570 = CARTESIAN_POINT('',(3.25,1.7,0.2));
#571 = LINE('',#572,#573);
#572 = CARTESIAN_POINT('',(3.25,1.7,0.));
#573 = VECTOR('',#574,1.);
#574 = DIRECTION('',(0.,0.,1.));
#575 = ORIENTED_EDGE('',*,*,#576,.F.);
#576 = EDGE_CURVE('',#577,#569,#579,.T.);
#577 = VERTEX_POINT('',#578);
#578 = CARTESIAN_POINT('',(4.75,1.7,0.2));
#579 = LINE('',#580,#581);
#580 = CARTESIAN_POINT('',(4.75,1.7,0.2));
#581 = VECTOR('',#582,1.);
#582 = DIRECTION('',(-1.,1.224646799147E-16,0.));
#583 = ORIENTED_EDGE('',*,*,#584,.F.);
#584 = EDGE_CURVE('',#585,#577,#587,.T.);
#585 = VERTEX_POINT('',#586);
#586 = CARTESIAN_POINT('',(4.75,1.7,0.));
#587 = LINE('',#588,#589);
#588 = CARTESIAN_POINT('',(4.75,1.7,0.));
#589 = VECTOR('',#590,1.);
#590 = DIRECTION('',(0.,0.,1.));
#591 = ORIENTED_EDGE('',*,*,#592,.F.);
#592 = EDGE_CURVE('',#593,#585,#595,.T.);
#593 = VERTEX_POINT('',#594);
#594 = CARTESIAN_POINT('',(5.25,1.7,0.));
#595 = LINE('',#596,#597);
#596 = CARTESIAN_POINT('',(7.95,1.7,0.));
#597 = VECTOR('',#598,1.);
#598 = DIRECTION('',(-1.,1.224646799147E-16,0.));
#599 = ORIENTED_EDGE('',*,*,#600,.T.);
#600 = EDGE_CURVE('',#593,#601,#603,.T.);
#601 = VERTEX_POINT('',#602);
#602 = CARTESIAN_POINT('',(5.25,1.7,0.2));
#603 = LINE('',#604,#605);
#604 = CARTESIAN_POINT('',(5.25,1.7,0.));
#605 = VECTOR('',#606,1.);
#606 = DIRECTION('',(0.,0.,1.));
#607 = ORIENTED_EDGE('',*,*,#608,.F.);
#608 = EDGE_CURVE('',#343,#601,#609,.T.);
#609 = LINE('',#610,#611);
#610 = CARTESIAN_POINT('',(6.75,1.7,0.2));
#611 = VECTOR('',#612,1.);
#612 = DIRECTION('',(-1.,1.224646799147E-16,0.));
#613 = ORIENTED_EDGE('',*,*,#342,.F.);
#614 = FACE_BOUND('',#615,.F.);
#615 = EDGE_LOOP('',(#616,#626,#634,#642));
#616 = ORIENTED_EDGE('',*,*,#617,.T.);
#617 = EDGE_CURVE('',#618,#620,#622,.T.);
#618 = VERTEX_POINT('',#619);
#619 = CARTESIAN_POINT('',(6.4,1.7,4.2));
#620 = VERTEX_POINT('',#621);
#621 = CARTESIAN_POINT('',(7.4,1.7,4.2));
#622 = LINE('',#623,#624);
#623 = CARTESIAN_POINT('',(6.4,1.7,4.2));
#624 = VECTOR('',#625,1.);
#625 = DIRECTION('',(1.,-1.224646799147E-16,0.));
#626 = ORIENTED_EDGE('',*,*,#627,.T.);
#627 = EDGE_CURVE('',#620,#628,#630,.T.);
#628 = VERTEX_POINT('',#629);
#629 = CARTESIAN_POINT('',(7.4,1.7,2.4));
#630 = LINE('',#631,#632);
#631 = CARTESIAN_POINT('',(7.4,1.7,4.2));
#632 = VECTOR('',#633,1.);
#633 = DIRECTION('',(-0.,0.,-1.));
#634 = ORIENTED_EDGE('',*,*,#635,.T.);
#635 = EDGE_CURVE('',#628,#636,#638,.T.);
#636 = VERTEX_POINT('',#637);
#637 = CARTESIAN_POINT('',(6.4,1.7,2.4));
#638 = LINE('',#639,#640);
#639 = CARTESIAN_POINT('',(7.4,1.7,2.4));
#640 = VECTOR('',#641,1.);
#641 = DIRECTION('',(-1.,1.224646799147E-16,0.));
#642 = ORIENTED_EDGE('',*,*,#643,.T.);
#643 = EDGE_CURVE('',#636,#618,#644,.T.);
#644 = LINE('',#645,#646);
#645 = CARTESIAN_POINT('',(6.4,1.7,2.4));
#646 = VECTOR('',#647,1.);
#647 = DIRECTION('',(0.,0.,1.));
#648 = PLANE('',#649);
#649 = AXIS2_PLACEMENT_3D('',#650,#651,#652);
#650 = CARTESIAN_POINT('',(7.95,1.7,0.));
#651 = DIRECTION('',(-1.224646799147E-16,-1.,0.));
#652 = DIRECTION('',(-1.,1.224646799147E-16,0.));
#653 = ADVANCED_FACE('',(#654),#688,.T.);
#654 = FACE_BOUND('',#655,.T.);
#655 = EDGE_LOOP('',(#656,#664,#665,#666,#674,#682));
#656 = ORIENTED_EDGE('',*,*,#657,.F.);
#657 = EDGE_CURVE('',#161,#658,#660,.T.);
#658 = VERTEX_POINT('',#659);
#659 = CARTESIAN_POINT('',(7.45,0.2,6.));
#660 = LINE('',#661,#662);
#661 = CARTESIAN_POINT('',(7.95,0.2,6.));
#662 = VECTOR('',#663,1.);
#663 = DIRECTION('',(-1.,1.224646799147E-16,0.));
#664 = ORIENTED_EDGE('',*,*,#168,.T.);
#665 = ORIENTED_EDGE('',*,*,#384,.T.);
#666 = ORIENTED_EDGE('',*,*,#667,.T.);
#667 = EDGE_CURVE('',#385,#668,#670,.T.);
#668 = VERTEX_POINT('',#669);
#669 = CARTESIAN_POINT('',(5.45,1.1,6.));
#670 = LINE('',#671,#672);
#671 = CARTESIAN_POINT('',(5.45,1.7,6.));
#672 = VECTOR('',#673,1.);
#673 = DIRECTION('',(-1.224646799147E-16,-1.,0.));
#674 = ORIENTED_EDGE('',*,*,#675,.F.);
#675 = EDGE_CURVE('',#676,#668,#678,.T.);
#676 = VERTEX_POINT('',#677);
#677 = CARTESIAN_POINT('',(7.45,1.1,6.));
#678 = LINE('',#679,#680);
#679 = CARTESIAN_POINT('',(7.45,1.1,6.));
#680 = VECTOR('',#681,1.);
#681 = DIRECTION('',(-1.,1.224646799147E-16,0.));
#682 = ORIENTED_EDGE('',*,*,#683,.F.);
#683 = EDGE_CURVE('',#658,#676,#684,.T.);
#684 = LINE('',#685,#686);
#685 = CARTESIAN_POINT('',(7.45,-2.3,6.));
#686 = VECTOR('',#687,1.);
#687 = DIRECTION('',(1.224646799147E-16,1.,0.));
#688 = PLANE('',#689);
#689 = AXIS2_PLACEMENT_3D('',#690,#691,#692);
#690 = CARTESIAN_POINT('',(3.,-0.55,6.));
#691 = DIRECTION('',(0.,0.,1.));
#692 = DIRECTION('',(-1.,1.224646799147E-16,0.));
#693 = ADVANCED_FACE('',(#694),#712,.T.);
#694 = FACE_BOUND('',#695,.T.);
#695 = EDGE_LOOP('',(#696,#697,#698,#706));
#696 = ORIENTED_EDGE('',*,*,#160,.F.);
#697 = ORIENTED_EDGE('',*,*,#657,.T.);
#698 = ORIENTED_EDGE('',*,*,#699,.T.);
#699 = EDGE_CURVE('',#658,#700,#702,.T.);
#700 = VERTEX_POINT('',#701);
#701 = CARTESIAN_POINT('',(7.45,0.2,4.4));
#702 = LINE('',#703,#704);
#703 = CARTESIAN_POINT('',(7.45,0.2,6.));
#704 = VECTOR('',#705,1.);
#705 = DIRECTION('',(-0.,0.,-1.));
#706 = ORIENTED_EDGE('',*,*,#707,.F.);
#707 = EDGE_CURVE('',#152,#700,#708,.T.);
#708 = LINE('',#709,#710);
#709 = CARTESIAN_POINT('',(7.95,0.2,4.4));
#710 = VECTOR('',#711,1.);
#711 = DIRECTION('',(-1.,1.224646799147E-16,0.));
#712 = PLANE('',#713);
#713 = AXIS2_PLACEMENT_3D('',#714,#715,#716);
#714 = CARTESIAN_POINT('',(7.95,0.2,6.));
#715 = DIRECTION('',(-1.224646799147E-16,-1.,0.));
#716 = DIRECTION('',(-0.,0.,-1.));
#717 = ADVANCED_FACE('',(#718),#737,.F.);
#718 = FACE_BOUND('',#719,.F.);
#719 = EDGE_LOOP('',(#720,#728,#735,#736));
#720 = ORIENTED_EDGE('',*,*,#721,.T.);
#721 = EDGE_CURVE('',#144,#722,#724,.T.);
#722 = VERTEX_POINT('',#723);
#723 = CARTESIAN_POINT('',(7.45,-0.6,4.4));
#724 = LINE('',#725,#726);
#725 = CARTESIAN_POINT('',(7.95,-0.6,4.4));
#726 = VECTOR('',#727,1.);
#727 = DIRECTION('',(-1.,1.224646799147E-16,0.));
#728 = ORIENTED_EDGE('',*,*,#729,.T.);
#729 = EDGE_CURVE('',#722,#700,#730,.T.);
#730 = CIRCLE('',#731,0.4);
#731 = AXIS2_PLACEMENT_3D('',#732,#733,#734);
#732 = CARTESIAN_POINT('',(7.45,-0.2,4.4));
#733 = DIRECTION('',(1.,-1.224646799147E-16,0.));
#734 = DIRECTION('',(1.224646799147E-16,1.,0.));
#735 = ORIENTED_EDGE('',*,*,#707,.F.);
#736 = ORIENTED_EDGE('',*,*,#151,.T.);
#737 = CYLINDRICAL_SURFACE('',#738,0.4);
#738 = AXIS2_PLACEMENT_3D('',#739,#740,#741);
#739 = CARTESIAN_POINT('',(7.95,-0.2,4.4));
#740 = DIRECTION('',(1.,-1.224646799147E-16,-0.));
#741 = DIRECTION('',(1.224646799147E-16,1.,0.));
#742 = ADVANCED_FACE('',(#743),#761,.T.);
#743 = FACE_BOUND('',#744,.T.);
#744 = EDGE_LOOP('',(#745,#746,#747,#755));
#745 = ORIENTED_EDGE('',*,*,#143,.F.);
#746 = ORIENTED_EDGE('',*,*,#721,.T.);
#747 = ORIENTED_EDGE('',*,*,#748,.T.);
#748 = EDGE_CURVE('',#722,#749,#751,.T.);
#749 = VERTEX_POINT('',#750);
#750 = CARTESIAN_POINT('',(7.45,-0.6,6.));
#751 = LINE('',#752,#753);
#752 = CARTESIAN_POINT('',(7.45,-0.6,5.2));
#753 = VECTOR('',#754,1.);
#754 = DIRECTION('',(0.,0.,1.));
#755 = ORIENTED_EDGE('',*,*,#756,.F.);
#756 = EDGE_CURVE('',#136,#749,#757,.T.);
#757 = LINE('',#758,#759);
#758 = CARTESIAN_POINT('',(7.95,-0.6,6.));
#759 = VECTOR('',#760,1.);
#760 = DIRECTION('',(-1.,1.224646799147E-16,0.));
#761 = PLANE('',#762);
#762 = AXIS2_PLACEMENT_3D('',#763,#764,#765);
#763 = CARTESIAN_POINT('',(7.95,-0.6,4.4));
#764 = DIRECTION('',(1.224646799147E-16,1.,0.));
#765 = DIRECTION('',(0.,-0.,1.));
#766 = ADVANCED_FACE('',(#767),#810,.T.);
#767 = FACE_BOUND('',#768,.T.);
#768 = EDGE_LOOP('',(#769,#770,#771,#779,#787,#795,#803,#809));
#769 = ORIENTED_EDGE('',*,*,#135,.T.);
#770 = ORIENTED_EDGE('',*,*,#756,.T.);
#771 = ORIENTED_EDGE('',*,*,#772,.F.);
#772 = EDGE_CURVE('',#773,#749,#775,.T.);
#773 = VERTEX_POINT('',#774);
#774 = CARTESIAN_POINT('',(7.45,-2.3,6.));
#775 = LINE('',#776,#777);
#776 = CARTESIAN_POINT('',(7.45,-2.3,6.));
#777 = VECTOR('',#778,1.);
#778 = DIRECTION('',(1.224646799147E-16,1.,0.));
#779 = ORIENTED_EDGE('',*,*,#780,.F.);
#780 = EDGE_CURVE('',#781,#773,#783,.T.);
#781 = VERTEX_POINT('',#782);
#782 = CARTESIAN_POINT('',(-1.45,-2.3,6.));
#783 = LINE('',#784,#785);
#784 = CARTESIAN_POINT('',(-1.45,-2.3,6.));
#785 = VECTOR('',#786,1.);
#786 = DIRECTION('',(1.,-1.224646799147E-16,0.));
#787 = ORIENTED_EDGE('',*,*,#788,.F.);
#788 = EDGE_CURVE('',#789,#781,#791,.T.);
#789 = VERTEX_POINT('',#790);
#790 = CARTESIAN_POINT('',(-1.45,-0.6,6.));
#791 = LINE('',#792,#793);
#792 = CARTESIAN_POINT('',(-1.45,1.1,6.));
#793 = VECTOR('',#794,1.);
#794 = DIRECTION('',(-1.224646799147E-16,-1.,0.));
#795 = ORIENTED_EDGE('',*,*,#796,.T.);
#796 = EDGE_CURVE('',#789,#797,#799,.T.);
#797 = VERTEX_POINT('',#798);
#798 = CARTESIAN_POINT('',(-1.95,-0.6,6.));
#799 = LINE('',#800,#801);
#800 = CARTESIAN_POINT('',(7.95,-0.6,6.));
#801 = VECTOR('',#802,1.);
#802 = DIRECTION('',(-1.,1.224646799147E-16,0.));
#803 = ORIENTED_EDGE('',*,*,#804,.T.);
#804 = EDGE_CURVE('',#797,#201,#805,.T.);
#805 = LINE('',#806,#807);
#806 = CARTESIAN_POINT('',(-1.95,1.7,6.));
#807 = VECTOR('',#808,1.);
#808 = DIRECTION('',(-1.224646799147E-16,-1.,0.));
#809 = ORIENTED_EDGE('',*,*,#208,.T.);
#810 = PLANE('',#811);
#811 = AXIS2_PLACEMENT_3D('',#812,#813,#814);
#812 = CARTESIAN_POINT('',(3.,-0.55,6.));
#813 = DIRECTION('',(0.,0.,1.));
#814 = DIRECTION('',(-1.,1.224646799147E-16,0.));
#815 = ADVANCED_FACE('',(#816),#832,.F.);
#816 = FACE_BOUND('',#817,.F.);
#817 = EDGE_LOOP('',(#818,#819,#825,#826));
#818 = ORIENTED_EDGE('',*,*,#496,.T.);
#819 = ORIENTED_EDGE('',*,*,#820,.T.);
#820 = EDGE_CURVE('',#489,#191,#821,.T.);
#821 = LINE('',#822,#823);
#822 = CARTESIAN_POINT('',(-1.95,1.7,0.));
#823 = VECTOR('',#824,1.);
#824 = DIRECTION('',(-1.224646799147E-16,-1.,0.));
#825 = ORIENTED_EDGE('',*,*,#190,.T.);
#826 = ORIENTED_EDGE('',*,*,#827,.T.);
#827 = EDGE_CURVE('',#193,#497,#828,.T.);
#828 = LINE('',#829,#830);
#829 = CARTESIAN_POINT('',(-0.75,-2.8,0.));
#830 = VECTOR('',#831,1.);
#831 = DIRECTION('',(1.224646799147E-16,1.,0.));
#832 = PLANE('',#833);
#833 = AXIS2_PLACEMENT_3D('',#834,#835,#836);
#834 = CARTESIAN_POINT('',(3.,-0.55,0.));
#835 = DIRECTION('',(0.,0.,1.));
#836 = DIRECTION('',(-1.,1.224646799147E-16,0.));
#837 = ADVANCED_FACE('',(#838),#865,.T.);
#838 = FACE_BOUND('',#839,.T.);
#839 = EDGE_LOOP('',(#840,#841,#849,#857,#863,#864));
#840 = ORIENTED_EDGE('',*,*,#504,.T.);
#841 = ORIENTED_EDGE('',*,*,#842,.T.);
#842 = EDGE_CURVE('',#505,#843,#845,.T.);
#843 = VERTEX_POINT('',#844);
#844 = CARTESIAN_POINT('',(-0.75,0.5,0.1));
#845 = LINE('',#846,#847);
#846 = CARTESIAN_POINT('',(-0.75,1.7,0.2));
#847 = VECTOR('',#848,1.);
#848 = DIRECTION('',(-1.220416573038E-16,-0.996545758245,
    -8.304547985373E-02));
#849 = ORIENTED_EDGE('',*,*,#850,.T.);
#850 = EDGE_CURVE('',#843,#851,#853,.T.);
#851 = VERTEX_POINT('',#852);
#852 = CARTESIAN_POINT('',(-0.75,-0.5,0.1));
#853 = LINE('',#854,#855);
#854 = CARTESIAN_POINT('',(-0.75,0.5,0.1));
#855 = VECTOR('',#856,1.);
#856 = DIRECTION('',(-1.224646799147E-16,-1.,0.));
#857 = ORIENTED_EDGE('',*,*,#858,.T.);
#858 = EDGE_CURVE('',#851,#321,#859,.T.);
#859 = LINE('',#860,#861);
#860 = CARTESIAN_POINT('',(-0.75,-0.5,0.1));
#861 = VECTOR('',#862,1.);
#862 = DIRECTION('',(-1.223490926498E-16,-0.999056158355,
    4.343722427631E-02));
#863 = ORIENTED_EDGE('',*,*,#328,.T.);
#864 = ORIENTED_EDGE('',*,*,#827,.T.);
#865 = PLANE('',#866);
#866 = AXIS2_PLACEMENT_3D('',#867,#868,#869);
#867 = CARTESIAN_POINT('',(-0.75,-0.549524476701,7.07980355453E-02));
#868 = DIRECTION('',(1.,-1.224646799147E-16,-0.));
#869 = DIRECTION('',(-0.,0.,-1.));
#870 = ADVANCED_FACE('',(#871),#889,.F.);
#871 = FACE_BOUND('',#872,.F.);
#872 = EDGE_LOOP('',(#873,#881,#882,#883));
#873 = ORIENTED_EDGE('',*,*,#874,.T.);
#874 = EDGE_CURVE('',#875,#851,#877,.T.);
#875 = VERTEX_POINT('',#876);
#876 = CARTESIAN_POINT('',(0.75,-0.5,0.1));
#877 = LINE('',#878,#879);
#878 = CARTESIAN_POINT('',(0.75,-0.5,0.1));
#879 = VECTOR('',#880,1.);
#880 = DIRECTION('',(-1.,1.224646799147E-16,0.));
#881 = ORIENTED_EDGE('',*,*,#858,.T.);
#882 = ORIENTED_EDGE('',*,*,#320,.F.);
#883 = ORIENTED_EDGE('',*,*,#884,.F.);
#884 = EDGE_CURVE('',#875,#313,#885,.T.);
#885 = LINE('',#886,#887);
#886 = CARTESIAN_POINT('',(0.75,-0.5,0.1));
#887 = VECTOR('',#888,1.);
#888 = DIRECTION('',(-1.223490926498E-16,-0.999056158355,
    4.343722427631E-02));
#889 = PLANE('',#890);
#890 = AXIS2_PLACEMENT_3D('',#891,#892,#893);
#891 = CARTESIAN_POINT('',(0.75,-0.5,0.1));
#892 = DIRECTION('',(5.319525767383E-18,4.343722427631E-02,
    0.999056158355));
#893 = DIRECTION('',(-1.223490926498E-16,-0.999056158355,
    4.343722427631E-02));
#894 = ADVANCED_FACE('',(#895),#920,.F.);
#895 = FACE_BOUND('',#896,.F.);
#896 = EDGE_LOOP('',(#897,#898,#906,#912,#913,#914));
#897 = ORIENTED_EDGE('',*,*,#520,.T.);
#898 = ORIENTED_EDGE('',*,*,#899,.T.);
#899 = EDGE_CURVE('',#513,#900,#902,.T.);
#900 = VERTEX_POINT('',#901);
#901 = CARTESIAN_POINT('',(0.75,0.5,0.1));
#902 = LINE('',#903,#904);
#903 = CARTESIAN_POINT('',(0.75,1.7,0.2));
#904 = VECTOR('',#905,1.);
#905 = DIRECTION('',(-1.220416573038E-16,-0.996545758245,
    -8.304547985373E-02));
#906 = ORIENTED_EDGE('',*,*,#907,.T.);
#907 = EDGE_CURVE('',#900,#875,#908,.T.);
#908 = LINE('',#909,#910);
#909 = CARTESIAN_POINT('',(0.75,0.5,0.1));
#910 = VECTOR('',#911,1.);
#911 = DIRECTION('',(-1.224646799147E-16,-1.,0.));
#912 = ORIENTED_EDGE('',*,*,#884,.T.);
#913 = ORIENTED_EDGE('',*,*,#312,.T.);
#914 = ORIENTED_EDGE('',*,*,#915,.T.);
#915 = EDGE_CURVE('',#305,#521,#916,.T.);
#916 = LINE('',#917,#918);
#917 = CARTESIAN_POINT('',(0.75,-2.8,0.));
#918 = VECTOR('',#919,1.);
#919 = DIRECTION('',(1.224646799147E-16,1.,0.));
#920 = PLANE('',#921);
#921 = AXIS2_PLACEMENT_3D('',#922,#923,#924);
#922 = CARTESIAN_POINT('',(0.75,-0.549524476701,7.07980355453E-02));
#923 = DIRECTION('',(1.,-1.224646799147E-16,-0.));
#924 = DIRECTION('',(-0.,0.,-1.));
#925 = ADVANCED_FACE('',(#926),#937,.F.);
#926 = FACE_BOUND('',#927,.F.);
#927 = EDGE_LOOP('',(#928,#929,#930,#931));
#928 = ORIENTED_EDGE('',*,*,#528,.T.);
#929 = ORIENTED_EDGE('',*,*,#915,.F.);
#930 = ORIENTED_EDGE('',*,*,#304,.T.);
#931 = ORIENTED_EDGE('',*,*,#932,.T.);
#932 = EDGE_CURVE('',#297,#529,#933,.T.);
#933 = LINE('',#934,#935);
#934 = CARTESIAN_POINT('',(1.25,-2.8,0.));
#935 = VECTOR('',#936,1.);
#936 = DIRECTION('',(1.224646799147E-16,1.,0.));
#937 = PLANE('',#938);
#938 = AXIS2_PLACEMENT_3D('',#939,#940,#941);
#939 = CARTESIAN_POINT('',(3.,-0.55,0.));
#940 = DIRECTION('',(0.,0.,1.));
#941 = DIRECTION('',(-1.,1.224646799147E-16,0.));
#942 = ADVANCED_FACE('',(#943),#970,.T.);
#943 = FACE_BOUND('',#944,.T.);
#944 = EDGE_LOOP('',(#945,#946,#954,#962,#968,#969));
#945 = ORIENTED_EDGE('',*,*,#536,.T.);
#946 = ORIENTED_EDGE('',*,*,#947,.T.);
#947 = EDGE_CURVE('',#537,#948,#950,.T.);
#948 = VERTEX_POINT('',#949);
#949 = CARTESIAN_POINT('',(1.25,0.5,0.1));
#950 = LINE('',#951,#952);
#951 = CARTESIAN_POINT('',(1.25,1.7,0.2));
#952 = VECTOR('',#953,1.);
#953 = DIRECTION('',(-1.220416573038E-16,-0.996545758245,
    -8.304547985373E-02));
#954 = ORIENTED_EDGE('',*,*,#955,.T.);
#955 = EDGE_CURVE('',#948,#956,#958,.T.);
#956 = VERTEX_POINT('',#957);
#957 = CARTESIAN_POINT('',(1.25,-0.5,0.1));
#958 = LINE('',#959,#960);
#959 = CARTESIAN_POINT('',(1.25,0.5,0.1));
#960 = VECTOR('',#961,1.);
#961 = DIRECTION('',(-1.224646799147E-16,-1.,0.));
#962 = ORIENTED_EDGE('',*,*,#963,.T.);
#963 = EDGE_CURVE('',#956,#289,#964,.T.);
#964 = LINE('',#965,#966);
#965 = CARTESIAN_POINT('',(1.25,-0.5,0.1));
#966 = VECTOR('',#967,1.);
#967 = DIRECTION('',(-1.223490926498E-16,-0.999056158355,
    4.343722427631E-02));
#968 = ORIENTED_EDGE('',*,*,#296,.T.);
#969 = ORIENTED_EDGE('',*,*,#932,.T.);
#970 = PLANE('',#971);
#971 = AXIS2_PLACEMENT_3D('',#972,#973,#974);
#972 = CARTESIAN_POINT('',(1.25,-0.549524476701,7.07980355453E-02));
#973 = DIRECTION('',(1.,-1.224646799147E-16,-0.));
#974 = DIRECTION('',(-0.,0.,-1.));
#975 = ADVANCED_FACE('',(#976),#994,.F.);
#976 = FACE_BOUND('',#977,.F.);
#977 = EDGE_LOOP('',(#978,#986,#987,#988));
#978 = ORIENTED_EDGE('',*,*,#979,.T.);
#979 = EDGE_CURVE('',#980,#956,#982,.T.);
#980 = VERTEX_POINT('',#981);
#981 = CARTESIAN_POINT('',(2.75,-0.5,0.1));
#982 = LINE('',#983,#984);
#983 = CARTESIAN_POINT('',(2.75,-0.5,0.1));
#984 = VECTOR('',#985,1.);
#985 = DIRECTION('',(-1.,1.224646799147E-16,0.));
#986 = ORIENTED_EDGE('',*,*,#963,.T.);
#987 = ORIENTED_EDGE('',*,*,#288,.F.);
#988 = ORIENTED_EDGE('',*,*,#989,.F.);
#989 = EDGE_CURVE('',#980,#281,#990,.T.);
#990 = LINE('',#991,#992);
#991 = CARTESIAN_POINT('',(2.75,-0.5,0.1));
#992 = VECTOR('',#993,1.);
#993 = DIRECTION('',(-1.223490926498E-16,-0.999056158355,
    4.343722427631E-02));
#994 = PLANE('',#995);
#995 = AXIS2_PLACEMENT_3D('',#996,#997,#998);
#996 = CARTESIAN_POINT('',(2.75,-0.5,0.1));
#997 = DIRECTION('',(5.319525767383E-18,4.343722427631E-02,
    0.999056158355));
#998 = DIRECTION('',(-1.223490926498E-16,-0.999056158355,
    4.343722427631E-02));
#999 = ADVANCED_FACE('',(#1000),#1025,.F.);
#1000 = FACE_BOUND('',#1001,.F.);
#1001 = EDGE_LOOP('',(#1002,#1003,#1011,#1017,#1018,#1019));
#1002 = ORIENTED_EDGE('',*,*,#552,.T.);
#1003 = ORIENTED_EDGE('',*,*,#1004,.T.);
#1004 = EDGE_CURVE('',#545,#1005,#1007,.T.);
#1005 = VERTEX_POINT('',#1006);
#1006 = CARTESIAN_POINT('',(2.75,0.5,0.1));
#1007 = LINE('',#1008,#1009);
#1008 = CARTESIAN_POINT('',(2.75,1.7,0.2));
#1009 = VECTOR('',#1010,1.);
#1010 = DIRECTION('',(-1.220416573038E-16,-0.996545758245,
    -8.304547985373E-02));
#1011 = ORIENTED_EDGE('',*,*,#1012,.T.);
#1012 = EDGE_CURVE('',#1005,#980,#1013,.T.);
#1013 = LINE('',#1014,#1015);
#1014 = CARTESIAN_POINT('',(2.75,0.5,0.1));
#1015 = VECTOR('',#1016,1.);
#1016 = DIRECTION('',(-1.224646799147E-16,-1.,0.));
#1017 = ORIENTED_EDGE('',*,*,#989,.T.);
#1018 = ORIENTED_EDGE('',*,*,#280,.T.);
#1019 = ORIENTED_EDGE('',*,*,#1020,.T.);
#1020 = EDGE_CURVE('',#273,#553,#1021,.T.);
#1021 = LINE('',#1022,#1023);
#1022 = CARTESIAN_POINT('',(2.75,-2.8,0.));
#1023 = VECTOR('',#1024,1.);
#1024 = DIRECTION('',(1.224646799147E-16,1.,0.));
#1025 = PLANE('',#1026);
#1026 = AXIS2_PLACEMENT_3D('',#1027,#1028,#1029);
#1027 = CARTESIAN_POINT('',(2.75,-0.549524476701,7.07980355453E-02));
#1028 = DIRECTION('',(1.,-1.224646799147E-16,-0.));
#1029 = DIRECTION('',(-0.,0.,-1.));
#1030 = ADVANCED_FACE('',(#1031),#1042,.F.);
#1031 = FACE_BOUND('',#1032,.F.);
#1032 = EDGE_LOOP('',(#1033,#1034,#1035,#1041));
#1033 = ORIENTED_EDGE('',*,*,#1020,.F.);
#1034 = ORIENTED_EDGE('',*,*,#272,.T.);
#1035 = ORIENTED_EDGE('',*,*,#1036,.T.);
#1036 = EDGE_CURVE('',#265,#561,#1037,.T.);
#1037 = LINE('',#1038,#1039);
#1038 = CARTESIAN_POINT('',(3.25,-2.8,0.));
#1039 = VECTOR('',#1040,1.);
#1040 = DIRECTION('',(1.224646799147E-16,1.,0.));
#1041 = ORIENTED_EDGE('',*,*,#560,.T.);
#1042 = PLANE('',#1043);
#1043 = AXIS2_PLACEMENT_3D('',#1044,#1045,#1046);
#1044 = CARTESIAN_POINT('',(3.,-0.55,0.));
#1045 = DIRECTION('',(0.,0.,1.));
#1046 = DIRECTION('',(-1.,1.224646799147E-16,0.));
#1047 = ADVANCED_FACE('',(#1048),#1075,.T.);
#1048 = FACE_BOUND('',#1049,.T.);
#1049 = EDGE_LOOP('',(#1050,#1051,#1059,#1067,#1073,#1074));
#1050 = ORIENTED_EDGE('',*,*,#568,.T.);
#1051 = ORIENTED_EDGE('',*,*,#1052,.T.);
#1052 = EDGE_CURVE('',#569,#1053,#1055,.T.);
#1053 = VERTEX_POINT('',#1054);
#1054 = CARTESIAN_POINT('',(3.25,0.5,0.1));
#1055 = LINE('',#1056,#1057);
#1056 = CARTESIAN_POINT('',(3.25,1.7,0.2));
#1057 = VECTOR('',#1058,1.);
#1058 = DIRECTION('',(-1.220416573038E-16,-0.996545758245,
    -8.304547985373E-02));
#1059 = ORIENTED_EDGE('',*,*,#1060,.T.);
#1060 = EDGE_CURVE('',#1053,#1061,#1063,.T.);
#1061 = VERTEX_POINT('',#1062);
#1062 = CARTESIAN_POINT('',(3.25,-0.5,0.1));
#1063 = LINE('',#1064,#1065);
#1064 = CARTESIAN_POINT('',(3.25,0.5,0.1));
#1065 = VECTOR('',#1066,1.);
#1066 = DIRECTION('',(-1.224646799147E-16,-1.,0.));
#1067 = ORIENTED_EDGE('',*,*,#1068,.T.);
#1068 = EDGE_CURVE('',#1061,#257,#1069,.T.);
#1069 = LINE('',#1070,#1071);
#1070 = CARTESIAN_POINT('',(3.25,-0.5,0.1));
#1071 = VECTOR('',#1072,1.);
#1072 = DIRECTION('',(-1.223490926498E-16,-0.999056158355,
    4.343722427631E-02));
#1073 = ORIENTED_EDGE('',*,*,#264,.T.);
#1074 = ORIENTED_EDGE('',*,*,#1036,.T.);
#1075 = PLANE('',#1076);
#1076 = AXIS2_PLACEMENT_3D('',#1077,#1078,#1079);
#1077 = CARTESIAN_POINT('',(3.25,-0.549524476701,7.07980355453E-02));
#1078 = DIRECTION('',(1.,-1.224646799147E-16,-0.));
#1079 = DIRECTION('',(-0.,0.,-1.));
#1080 = ADVANCED_FACE('',(#1081),#1099,.F.);
#1081 = FACE_BOUND('',#1082,.F.);
#1082 = EDGE_LOOP('',(#1083,#1091,#1092,#1093));
#1083 = ORIENTED_EDGE('',*,*,#1084,.T.);
#1084 = EDGE_CURVE('',#1085,#1061,#1087,.T.);
#1085 = VERTEX_POINT('',#1086);
#1086 = CARTESIAN_POINT('',(4.75,-0.5,0.1));
#1087 = LINE('',#1088,#1089);
#1088 = CARTESIAN_POINT('',(4.75,-0.5,0.1));
#1089 = VECTOR('',#1090,1.);
#1090 = DIRECTION('',(-1.,1.224646799147E-16,0.));
#1091 = ORIENTED_EDGE('',*,*,#1068,.T.);
#1092 = ORIENTED_EDGE('',*,*,#256,.F.);
#1093 = ORIENTED_EDGE('',*,*,#1094,.F.);
#1094 = EDGE_CURVE('',#1085,#249,#1095,.T.);
#1095 = LINE('',#1096,#1097);
#1096 = CARTESIAN_POINT('',(4.75,-0.5,0.1));
#1097 = VECTOR('',#1098,1.);
#1098 = DIRECTION('',(-1.223490926498E-16,-0.999056158355,
    4.343722427631E-02));
#1099 = PLANE('',#1100);
#1100 = AXIS2_PLACEMENT_3D('',#1101,#1102,#1103);
#1101 = CARTESIAN_POINT('',(4.75,-0.5,0.1));
#1102 = DIRECTION('',(5.319525767383E-18,4.343722427631E-02,
    0.999056158355));
#1103 = DIRECTION('',(-1.223490926498E-16,-0.999056158355,
    4.343722427631E-02));
#1104 = ADVANCED_FACE('',(#1105),#1130,.F.);
#1105 = FACE_BOUND('',#1106,.F.);
#1106 = EDGE_LOOP('',(#1107,#1108,#1116,#1122,#1123,#1124));
#1107 = ORIENTED_EDGE('',*,*,#584,.T.);
#1108 = ORIENTED_EDGE('',*,*,#1109,.T.);
#1109 = EDGE_CURVE('',#577,#1110,#1112,.T.);
#1110 = VERTEX_POINT('',#1111);
#1111 = CARTESIAN_POINT('',(4.75,0.5,0.1));
#1112 = LINE('',#1113,#1114);
#1113 = CARTESIAN_POINT('',(4.75,1.7,0.2));
#1114 = VECTOR('',#1115,1.);
#1115 = DIRECTION('',(-1.220416573038E-16,-0.996545758245,
    -8.304547985373E-02));
#1116 = ORIENTED_EDGE('',*,*,#1117,.T.);
#1117 = EDGE_CURVE('',#1110,#1085,#1118,.T.);
#1118 = LINE('',#1119,#1120);
#1119 = CARTESIAN_POINT('',(4.75,0.5,0.1));
#1120 = VECTOR('',#1121,1.);
#1121 = DIRECTION('',(-1.224646799147E-16,-1.,0.));
#1122 = ORIENTED_EDGE('',*,*,#1094,.T.);
#1123 = ORIENTED_EDGE('',*,*,#248,.T.);
#1124 = ORIENTED_EDGE('',*,*,#1125,.T.);
#1125 = EDGE_CURVE('',#241,#585,#1126,.T.);
#1126 = LINE('',#1127,#1128);
#1127 = CARTESIAN_POINT('',(4.75,-2.8,0.));
#1128 = VECTOR('',#1129,1.);
#1129 = DIRECTION('',(1.224646799147E-16,1.,0.));
#1130 = PLANE('',#1131);
#1131 = AXIS2_PLACEMENT_3D('',#1132,#1133,#1134);
#1132 = CARTESIAN_POINT('',(4.75,-0.549524476701,7.07980355453E-02));
#1133 = DIRECTION('',(1.,-1.224646799147E-16,-0.));
#1134 = DIRECTION('',(-0.,0.,-1.));
#1135 = ADVANCED_FACE('',(#1136),#1147,.F.);
#1136 = FACE_BOUND('',#1137,.F.);
#1137 = EDGE_LOOP('',(#1138,#1139,#1145,#1146));
#1138 = ORIENTED_EDGE('',*,*,#240,.T.);
#1139 = ORIENTED_EDGE('',*,*,#1140,.T.);
#1140 = EDGE_CURVE('',#233,#593,#1141,.T.);
#1141 = LINE('',#1142,#1143);
#1142 = CARTESIAN_POINT('',(5.25,-2.8,0.));
#1143 = VECTOR('',#1144,1.);
#1144 = DIRECTION('',(1.224646799147E-16,1.,0.));
#1145 = ORIENTED_EDGE('',*,*,#592,.T.);
#1146 = ORIENTED_EDGE('',*,*,#1125,.F.);
#1147 = PLANE('',#1148);
#1148 = AXIS2_PLACEMENT_3D('',#1149,#1150,#1151);
#1149 = CARTESIAN_POINT('',(3.,-0.55,0.));
#1150 = DIRECTION('',(0.,0.,1.));
#1151 = DIRECTION('',(-1.,1.224646799147E-16,0.));
#1152 = ADVANCED_FACE('',(#1153),#1180,.T.);
#1153 = FACE_BOUND('',#1154,.T.);
#1154 = EDGE_LOOP('',(#1155,#1156,#1164,#1172,#1178,#1179));
#1155 = ORIENTED_EDGE('',*,*,#600,.T.);
#1156 = ORIENTED_EDGE('',*,*,#1157,.T.);
#1157 = EDGE_CURVE('',#601,#1158,#1160,.T.);
#1158 = VERTEX_POINT('',#1159);
#1159 = CARTESIAN_POINT('',(5.25,0.5,0.1));
#1160 = LINE('',#1161,#1162);
#1161 = CARTESIAN_POINT('',(5.25,1.7,0.2));
#1162 = VECTOR('',#1163,1.);
#1163 = DIRECTION('',(-1.220416573038E-16,-0.996545758245,
    -8.304547985373E-02));
#1164 = ORIENTED_EDGE('',*,*,#1165,.T.);
#1165 = EDGE_CURVE('',#1158,#1166,#1168,.T.);
#1166 = VERTEX_POINT('',#1167);
#1167 = CARTESIAN_POINT('',(5.25,-0.5,0.1));
#1168 = LINE('',#1169,#1170);
#1169 = CARTESIAN_POINT('',(5.25,0.5,0.1));
#1170 = VECTOR('',#1171,1.);
#1171 = DIRECTION('',(-1.224646799147E-16,-1.,0.));
#1172 = ORIENTED_EDGE('',*,*,#1173,.T.);
#1173 = EDGE_CURVE('',#1166,#225,#1174,.T.);
#1174 = LINE('',#1175,#1176);
#1175 = CARTESIAN_POINT('',(5.25,-0.5,0.1));
#1176 = VECTOR('',#1177,1.);
#1177 = DIRECTION('',(-1.223490926498E-16,-0.999056158355,
    4.343722427631E-02));
#1178 = ORIENTED_EDGE('',*,*,#232,.T.);
#1179 = ORIENTED_EDGE('',*,*,#1140,.T.);
#1180 = PLANE('',#1181);
#1181 = AXIS2_PLACEMENT_3D('',#1182,#1183,#1184);
#1182 = CARTESIAN_POINT('',(5.25,-0.549524476701,7.07980355453E-02));
#1183 = DIRECTION('',(1.,-1.224646799147E-16,-0.));
#1184 = DIRECTION('',(-0.,0.,-1.));
#1185 = ADVANCED_FACE('',(#1186),#1197,.F.);
#1186 = FACE_BOUND('',#1187,.F.);
#1187 = EDGE_LOOP('',(#1188,#1194,#1195,#1196));
#1188 = ORIENTED_EDGE('',*,*,#1189,.T.);
#1189 = EDGE_CURVE('',#359,#1166,#1190,.T.);
#1190 = LINE('',#1191,#1192);
#1191 = CARTESIAN_POINT('',(6.75,-0.5,0.1));
#1192 = VECTOR('',#1193,1.);
#1193 = DIRECTION('',(-1.,1.224646799147E-16,0.));
#1194 = ORIENTED_EDGE('',*,*,#1173,.T.);
#1195 = ORIENTED_EDGE('',*,*,#224,.F.);
#1196 = ORIENTED_EDGE('',*,*,#366,.F.);
#1197 = PLANE('',#1198);
#1198 = AXIS2_PLACEMENT_3D('',#1199,#1200,#1201);
#1199 = CARTESIAN_POINT('',(6.75,-0.5,0.1));
#1200 = DIRECTION('',(5.319525767383E-18,4.343722427631E-02,
    0.999056158355));
#1201 = DIRECTION('',(-1.223490926498E-16,-0.999056158355,
    4.343722427631E-02));
#1202 = ADVANCED_FACE('',(#1203),#1240,.F.);
#1203 = FACE_BOUND('',#1204,.F.);
#1204 = EDGE_LOOP('',(#1205,#1206,#1207,#1215,#1223,#1232,#1238,#1239));
#1205 = ORIENTED_EDGE('',*,*,#820,.F.);
#1206 = ORIENTED_EDGE('',*,*,#488,.T.);
#1207 = ORIENTED_EDGE('',*,*,#1208,.T.);
#1208 = EDGE_CURVE('',#481,#1209,#1211,.T.);
#1209 = VERTEX_POINT('',#1210);
#1210 = CARTESIAN_POINT('',(-1.95,0.2,6.));
#1211 = LINE('',#1212,#1213);
#1212 = CARTESIAN_POINT('',(-1.95,1.7,6.));
#1213 = VECTOR('',#1214,1.);
#1214 = DIRECTION('',(-1.224646799147E-16,-1.,0.));
#1215 = ORIENTED_EDGE('',*,*,#1216,.T.);
#1216 = EDGE_CURVE('',#1209,#1217,#1219,.T.);
#1217 = VERTEX_POINT('',#1218);
#1218 = CARTESIAN_POINT('',(-1.95,0.2,4.4));
#1219 = LINE('',#1220,#1221);
#1220 = CARTESIAN_POINT('',(-1.95,0.2,3.));
#1221 = VECTOR('',#1222,1.);
#1222 = DIRECTION('',(-0.,0.,-1.));
#1223 = ORIENTED_EDGE('',*,*,#1224,.F.);
#1224 = EDGE_CURVE('',#1225,#1217,#1227,.T.);
#1225 = VERTEX_POINT('',#1226);
#1226 = CARTESIAN_POINT('',(-1.95,-0.6,4.4));
#1227 = CIRCLE('',#1228,0.4);
#1228 = AXIS2_PLACEMENT_3D('',#1229,#1230,#1231);
#1229 = CARTESIAN_POINT('',(-1.95,-0.2,4.4));
#1230 = DIRECTION('',(1.,-1.224646799147E-16,0.));
#1231 = DIRECTION('',(1.224646799147E-16,1.,0.));
#1232 = ORIENTED_EDGE('',*,*,#1233,.T.);
#1233 = EDGE_CURVE('',#1225,#797,#1234,.T.);
#1234 = LINE('',#1235,#1236);
#1235 = CARTESIAN_POINT('',(-1.95,-0.6,2.2));
#1236 = VECTOR('',#1237,1.);
#1237 = DIRECTION('',(0.,0.,1.));
#1238 = ORIENTED_EDGE('',*,*,#804,.T.);
#1239 = ORIENTED_EDGE('',*,*,#200,.F.);
#1240 = PLANE('',#1241);
#1241 = AXIS2_PLACEMENT_3D('',#1242,#1243,#1244);
#1242 = CARTESIAN_POINT('',(-1.95,1.7,0.));
#1243 = DIRECTION('',(1.,-1.224646799147E-16,0.));
#1244 = DIRECTION('',(-1.224646799147E-16,-1.,0.));
#1245 = ADVANCED_FACE('',(#1246),#1257,.F.);
#1246 = FACE_BOUND('',#1247,.F.);
#1247 = EDGE_LOOP('',(#1248,#1249,#1250,#1256));
#1248 = ORIENTED_EDGE('',*,*,#608,.T.);
#1249 = ORIENTED_EDGE('',*,*,#1157,.T.);
#1250 = ORIENTED_EDGE('',*,*,#1251,.F.);
#1251 = EDGE_CURVE('',#351,#1158,#1252,.T.);
#1252 = LINE('',#1253,#1254);
#1253 = CARTESIAN_POINT('',(6.75,0.5,0.1));
#1254 = VECTOR('',#1255,1.);
#1255 = DIRECTION('',(-1.,1.224646799147E-16,0.));
#1256 = ORIENTED_EDGE('',*,*,#350,.F.);
#1257 = PLANE('',#1258);
#1258 = AXIS2_PLACEMENT_3D('',#1259,#1260,#1261);
#1259 = CARTESIAN_POINT('',(6.75,1.7,0.2));
#1260 = DIRECTION('',(-1.017013810865E-17,-8.304547985373E-02,
    0.996545758245));
#1261 = DIRECTION('',(-1.220416573038E-16,-0.996545758245,
    -8.304547985373E-02));
#1262 = ADVANCED_FACE('',(#1263,#1269),#1303,.F.);
#1263 = FACE_BOUND('',#1264,.F.);
#1264 = EDGE_LOOP('',(#1265,#1266,#1267,#1268));
#1265 = ORIENTED_EDGE('',*,*,#1251,.T.);
#1266 = ORIENTED_EDGE('',*,*,#1165,.T.);
#1267 = ORIENTED_EDGE('',*,*,#1189,.F.);
#1268 = ORIENTED_EDGE('',*,*,#358,.F.);
#1269 = FACE_BOUND('',#1270,.F.);
#1270 = EDGE_LOOP('',(#1271,#1281,#1289,#1297));
#1271 = ORIENTED_EDGE('',*,*,#1272,.T.);
#1272 = EDGE_CURVE('',#1273,#1275,#1277,.T.);
#1273 = VERTEX_POINT('',#1274);
#1274 = CARTESIAN_POINT('',(6.25,0.25,0.1));
#1275 = VERTEX_POINT('',#1276);
#1276 = CARTESIAN_POINT('',(6.25,-0.25,0.1));
#1277 = LINE('',#1278,#1279);
#1278 = CARTESIAN_POINT('',(6.25,0.271633216363,0.1));
#1279 = VECTOR('',#1280,1.);
#1280 = DIRECTION('',(-1.224646799147E-16,-1.,0.));
#1281 = ORIENTED_EDGE('',*,*,#1282,.T.);
#1282 = EDGE_CURVE('',#1275,#1283,#1285,.T.);
#1283 = VERTEX_POINT('',#1284);
#1284 = CARTESIAN_POINT('',(5.75,-0.25,0.1));
#1285 = LINE('',#1286,#1287);
#1286 = CARTESIAN_POINT('',(6.5,-0.25,0.1));
#1287 = VECTOR('',#1288,1.);
#1288 = DIRECTION('',(-1.,1.224646799147E-16,0.));
#1289 = ORIENTED_EDGE('',*,*,#1290,.F.);
#1290 = EDGE_CURVE('',#1291,#1283,#1293,.T.);
#1291 = VERTEX_POINT('',#1292);
#1292 = CARTESIAN_POINT('',(5.75,0.25,0.1));
#1293 = LINE('',#1294,#1295);
#1294 = CARTESIAN_POINT('',(5.75,0.271633216363,0.1));
#1295 = VECTOR('',#1296,1.);
#1296 = DIRECTION('',(-1.224646799147E-16,-1.,0.));
#1297 = ORIENTED_EDGE('',*,*,#1298,.T.);
#1298 = EDGE_CURVE('',#1291,#1273,#1299,.T.);
#1299 = LINE('',#1300,#1301);
#1300 = CARTESIAN_POINT('',(6.5,0.25,0.1));
#1301 = VECTOR('',#1302,1.);
#1302 = DIRECTION('',(1.,-1.224646799147E-16,0.));
#1303 = PLANE('',#1304);
#1304 = AXIS2_PLACEMENT_3D('',#1305,#1306,#1307);
#1305 = CARTESIAN_POINT('',(6.75,0.5,0.1));
#1306 = DIRECTION('',(0.,0.,1.));
#1307 = DIRECTION('',(-1.224646799147E-16,-1.,0.));
#1308 = ADVANCED_FACE('',(#1309),#1320,.F.);
#1309 = FACE_BOUND('',#1310,.F.);
#1310 = EDGE_LOOP('',(#1311,#1312,#1313,#1319));
#1311 = ORIENTED_EDGE('',*,*,#576,.T.);
#1312 = ORIENTED_EDGE('',*,*,#1052,.T.);
#1313 = ORIENTED_EDGE('',*,*,#1314,.F.);
#1314 = EDGE_CURVE('',#1110,#1053,#1315,.T.);
#1315 = LINE('',#1316,#1317);
#1316 = CARTESIAN_POINT('',(4.75,0.5,0.1));
#1317 = VECTOR('',#1318,1.);
#1318 = DIRECTION('',(-1.,1.224646799147E-16,0.));
#1319 = ORIENTED_EDGE('',*,*,#1109,.F.);
#1320 = PLANE('',#1321);
#1321 = AXIS2_PLACEMENT_3D('',#1322,#1323,#1324);
#1322 = CARTESIAN_POINT('',(4.75,1.7,0.2));
#1323 = DIRECTION('',(-1.017013810865E-17,-8.304547985373E-02,
    0.996545758245));
#1324 = DIRECTION('',(-1.220416573038E-16,-0.996545758245,
    -8.304547985373E-02));
#1325 = ADVANCED_FACE('',(#1326),#1337,.F.);
#1326 = FACE_BOUND('',#1327,.F.);
#1327 = EDGE_LOOP('',(#1328,#1329,#1330,#1336));
#1328 = ORIENTED_EDGE('',*,*,#544,.T.);
#1329 = ORIENTED_EDGE('',*,*,#947,.T.);
#1330 = ORIENTED_EDGE('',*,*,#1331,.F.);
#1331 = EDGE_CURVE('',#1005,#948,#1332,.T.);
#1332 = LINE('',#1333,#1334);
#1333 = CARTESIAN_POINT('',(2.75,0.5,0.1));
#1334 = VECTOR('',#1335,1.);
#1335 = DIRECTION('',(-1.,1.224646799147E-16,0.));
#1336 = ORIENTED_EDGE('',*,*,#1004,.F.);
#1337 = PLANE('',#1338);
#1338 = AXIS2_PLACEMENT_3D('',#1339,#1340,#1341);
#1339 = CARTESIAN_POINT('',(2.75,1.7,0.2));
#1340 = DIRECTION('',(-1.017013810865E-17,-8.304547985373E-02,
    0.996545758245));
#1341 = DIRECTION('',(-1.220416573038E-16,-0.996545758245,
    -8.304547985373E-02));
#1342 = ADVANCED_FACE('',(#1343),#1354,.F.);
#1343 = FACE_BOUND('',#1344,.F.);
#1344 = EDGE_LOOP('',(#1345,#1346,#1347,#1353));
#1345 = ORIENTED_EDGE('',*,*,#512,.T.);
#1346 = ORIENTED_EDGE('',*,*,#842,.T.);
#1347 = ORIENTED_EDGE('',*,*,#1348,.F.);
#1348 = EDGE_CURVE('',#900,#843,#1349,.T.);
#1349 = LINE('',#1350,#1351);
#1350 = CARTESIAN_POINT('',(0.75,0.5,0.1));
#1351 = VECTOR('',#1352,1.);
#1352 = DIRECTION('',(-1.,1.224646799147E-16,0.));
#1353 = ORIENTED_EDGE('',*,*,#899,.F.);
#1354 = PLANE('',#1355);
#1355 = AXIS2_PLACEMENT_3D('',#1356,#1357,#1358);
#1356 = CARTESIAN_POINT('',(0.75,1.7,0.2));
#1357 = DIRECTION('',(-1.017013810865E-17,-8.304547985373E-02,
    0.996545758245));
#1358 = DIRECTION('',(-1.220416573038E-16,-0.996545758245,
    -8.304547985373E-02));
#1359 = ADVANCED_FACE('',(#1360),#1417,.T.);
#1360 = FACE_BOUND('',#1361,.T.);
#1361 = EDGE_LOOP('',(#1362,#1370,#1371,#1379,#1387,#1393,#1394,#1395,
    #1403,#1411));
#1362 = ORIENTED_EDGE('',*,*,#1363,.F.);
#1363 = EDGE_CURVE('',#409,#1364,#1366,.T.);
#1364 = VERTEX_POINT('',#1365);
#1365 = CARTESIAN_POINT('',(0.55,1.1,6.));
#1366 = LINE('',#1367,#1368);
#1367 = CARTESIAN_POINT('',(0.55,1.7,6.));
#1368 = VECTOR('',#1369,1.);
#1369 = DIRECTION('',(-1.224646799147E-16,-1.,0.));
#1370 = ORIENTED_EDGE('',*,*,#416,.T.);
#1371 = ORIENTED_EDGE('',*,*,#1372,.T.);
#1372 = EDGE_CURVE('',#417,#1373,#1375,.T.);
#1373 = VERTEX_POINT('',#1374);
#1374 = CARTESIAN_POINT('',(-0.45,1.75,6.));
#1375 = LINE('',#1376,#1377);
#1376 = CARTESIAN_POINT('',(-0.45,1.7,6.));
#1377 = VECTOR('',#1378,1.);
#1378 = DIRECTION('',(1.224646799147E-16,1.,0.));
#1379 = ORIENTED_EDGE('',*,*,#1380,.T.);
#1380 = EDGE_CURVE('',#1373,#1381,#1383,.T.);
#1381 = VERTEX_POINT('',#1382);
#1382 = CARTESIAN_POINT('',(-0.95,1.75,6.));
#1383 = LINE('',#1384,#1385);
#1384 = CARTESIAN_POINT('',(-0.45,1.75,6.));
#1385 = VECTOR('',#1386,1.);
#1386 = DIRECTION('',(-1.,1.224646799147E-16,0.));
#1387 = ORIENTED_EDGE('',*,*,#1388,.T.);
#1388 = EDGE_CURVE('',#1381,#473,#1389,.T.);
#1389 = LINE('',#1390,#1391);
#1390 = CARTESIAN_POINT('',(-0.95,1.75,6.));
#1391 = VECTOR('',#1392,1.);
#1392 = DIRECTION('',(-1.224646799147E-16,-1.,0.));
#1393 = ORIENTED_EDGE('',*,*,#480,.T.);
#1394 = ORIENTED_EDGE('',*,*,#1208,.T.);
#1395 = ORIENTED_EDGE('',*,*,#1396,.F.);
#1396 = EDGE_CURVE('',#1397,#1209,#1399,.T.);
#1397 = VERTEX_POINT('',#1398);
#1398 = CARTESIAN_POINT('',(-1.45,0.2,6.));
#1399 = LINE('',#1400,#1401);
#1400 = CARTESIAN_POINT('',(7.95,0.2,6.));
#1401 = VECTOR('',#1402,1.);
#1402 = DIRECTION('',(-1.,1.224646799147E-16,0.));
#1403 = ORIENTED_EDGE('',*,*,#1404,.F.);
#1404 = EDGE_CURVE('',#1405,#1397,#1407,.T.);
#1405 = VERTEX_POINT('',#1406);
#1406 = CARTESIAN_POINT('',(-1.45,1.1,6.));
#1407 = LINE('',#1408,#1409);
#1408 = CARTESIAN_POINT('',(-1.45,1.1,6.));
#1409 = VECTOR('',#1410,1.);
#1410 = DIRECTION('',(-1.224646799147E-16,-1.,0.));
#1411 = ORIENTED_EDGE('',*,*,#1412,.F.);
#1412 = EDGE_CURVE('',#1364,#1405,#1413,.T.);
#1413 = LINE('',#1414,#1415);
#1414 = CARTESIAN_POINT('',(7.45,1.1,6.));
#1415 = VECTOR('',#1416,1.);
#1416 = DIRECTION('',(-1.,1.224646799147E-16,0.));
#1417 = PLANE('',#1418);
#1418 = AXIS2_PLACEMENT_3D('',#1419,#1420,#1421);
#1419 = CARTESIAN_POINT('',(-0.922222222222,1.18487654321,6.));
#1420 = DIRECTION('',(2.080607309926E-16,-2.42450020189E-17,1.));
#1421 = DIRECTION('',(-1.,1.224646799147E-16,2.080607309926E-16));
#1422 = ADVANCED_FACE('',(#1423),#1441,.F.);
#1423 = FACE_BOUND('',#1424,.F.);
#1424 = EDGE_LOOP('',(#1425,#1433,#1434,#1435));
#1425 = ORIENTED_EDGE('',*,*,#1426,.T.);
#1426 = EDGE_CURVE('',#1427,#1381,#1429,.T.);
#1427 = VERTEX_POINT('',#1428);
#1428 = CARTESIAN_POINT('',(-0.95,1.75,4.2));
#1429 = LINE('',#1430,#1431);
#1430 = CARTESIAN_POINT('',(-0.95,1.75,4.2));
#1431 = VECTOR('',#1432,1.);
#1432 = DIRECTION('',(0.,0.,1.));
#1433 = ORIENTED_EDGE('',*,*,#1388,.T.);
#1434 = ORIENTED_EDGE('',*,*,#472,.F.);
#1435 = ORIENTED_EDGE('',*,*,#1436,.F.);
#1436 = EDGE_CURVE('',#1427,#465,#1437,.T.);
#1437 = LINE('',#1438,#1439);
#1438 = CARTESIAN_POINT('',(-0.95,1.75,4.2));
#1439 = VECTOR('',#1440,1.);
#1440 = DIRECTION('',(-1.224646799147E-16,-1.,0.));
#1441 = PLANE('',#1442);
#1442 = AXIS2_PLACEMENT_3D('',#1443,#1444,#1445);
#1443 = CARTESIAN_POINT('',(-0.95,1.75,4.2));
#1444 = DIRECTION('',(1.,-1.224646799147E-16,0.));
#1445 = DIRECTION('',(-1.224646799147E-16,-1.,0.));
#1446 = ADVANCED_FACE('',(#1447),#1488,.T.);
#1447 = FACE_BOUND('',#1448,.T.);
#1448 = EDGE_LOOP('',(#1449,#1450,#1458,#1466,#1472,#1473,#1474,#1482));
#1449 = ORIENTED_EDGE('',*,*,#432,.F.);
#1450 = ORIENTED_EDGE('',*,*,#1451,.T.);
#1451 = EDGE_CURVE('',#433,#1452,#1454,.T.);
#1452 = VERTEX_POINT('',#1453);
#1453 = CARTESIAN_POINT('',(-0.4,1.1,4.2));
#1454 = LINE('',#1455,#1456);
#1455 = CARTESIAN_POINT('',(-0.4,1.7,4.2));
#1456 = VECTOR('',#1457,1.);
#1457 = DIRECTION('',(-1.224646799147E-16,-1.,0.));
#1458 = ORIENTED_EDGE('',*,*,#1459,.T.);
#1459 = EDGE_CURVE('',#1452,#1460,#1462,.T.);
#1460 = VERTEX_POINT('',#1461);
#1461 = CARTESIAN_POINT('',(-1.4,1.1,4.2));
#1462 = LINE('',#1463,#1464);
#1463 = CARTESIAN_POINT('',(3.525,1.1,4.2));
#1464 = VECTOR('',#1465,1.);
#1465 = DIRECTION('',(-1.,1.224646799147E-16,0.));
#1466 = ORIENTED_EDGE('',*,*,#1467,.F.);
#1467 = EDGE_CURVE('',#457,#1460,#1468,.T.);
#1468 = LINE('',#1469,#1470);
#1469 = CARTESIAN_POINT('',(-1.4,1.7,4.2));
#1470 = VECTOR('',#1471,1.);
#1471 = DIRECTION('',(-1.224646799147E-16,-1.,0.));
#1472 = ORIENTED_EDGE('',*,*,#464,.F.);
#1473 = ORIENTED_EDGE('',*,*,#1436,.F.);
#1474 = ORIENTED_EDGE('',*,*,#1475,.F.);
#1475 = EDGE_CURVE('',#1476,#1427,#1478,.T.);
#1476 = VERTEX_POINT('',#1477);
#1477 = CARTESIAN_POINT('',(-0.45,1.75,4.2));
#1478 = LINE('',#1479,#1480);
#1479 = CARTESIAN_POINT('',(-0.45,1.75,4.2));
#1480 = VECTOR('',#1481,1.);
#1481 = DIRECTION('',(-1.,1.224646799147E-16,0.));
#1482 = ORIENTED_EDGE('',*,*,#1483,.F.);
#1483 = EDGE_CURVE('',#425,#1476,#1484,.T.);
#1484 = LINE('',#1485,#1486);
#1485 = CARTESIAN_POINT('',(-0.45,1.7,4.2));
#1486 = VECTOR('',#1487,1.);
#1487 = DIRECTION('',(1.224646799147E-16,1.,0.));
#1488 = PLANE('',#1489);
#1489 = AXIS2_PLACEMENT_3D('',#1490,#1491,#1492);
#1490 = CARTESIAN_POINT('',(-0.893939393939,1.417424242424,4.2));
#1491 = DIRECTION('',(6.977033109664E-30,4.098955823836E-31,-1.));
#1492 = DIRECTION('',(1.,-1.224646799147E-16,6.977033109664E-30));
#1493 = ADVANCED_FACE('',(#1494),#1512,.T.);
#1494 = FACE_BOUND('',#1495,.T.);
#1495 = EDGE_LOOP('',(#1496,#1497,#1498,#1506));
#1496 = ORIENTED_EDGE('',*,*,#456,.F.);
#1497 = ORIENTED_EDGE('',*,*,#1467,.T.);
#1498 = ORIENTED_EDGE('',*,*,#1499,.T.);
#1499 = EDGE_CURVE('',#1460,#1500,#1502,.T.);
#1500 = VERTEX_POINT('',#1501);
#1501 = CARTESIAN_POINT('',(-1.4,1.1,2.4));
#1502 = LINE('',#1503,#1504);
#1503 = CARTESIAN_POINT('',(-1.4,1.1,5.1));
#1504 = VECTOR('',#1505,1.);
#1505 = DIRECTION('',(-0.,0.,-1.));
#1506 = ORIENTED_EDGE('',*,*,#1507,.F.);
#1507 = EDGE_CURVE('',#449,#1500,#1508,.T.);
#1508 = LINE('',#1509,#1510);
#1509 = CARTESIAN_POINT('',(-1.4,1.7,2.4));
#1510 = VECTOR('',#1511,1.);
#1511 = DIRECTION('',(-1.224646799147E-16,-1.,0.));
#1512 = PLANE('',#1513);
#1513 = AXIS2_PLACEMENT_3D('',#1514,#1515,#1516);
#1514 = CARTESIAN_POINT('',(-1.4,1.7,4.2));
#1515 = DIRECTION('',(1.,-1.224646799147E-16,-0.));
#1516 = DIRECTION('',(-0.,0.,-1.));
#1517 = ADVANCED_FACE('',(#1518),#1536,.T.);
#1518 = FACE_BOUND('',#1519,.T.);
#1519 = EDGE_LOOP('',(#1520,#1521,#1522,#1530));
#1520 = ORIENTED_EDGE('',*,*,#448,.F.);
#1521 = ORIENTED_EDGE('',*,*,#1507,.T.);
#1522 = ORIENTED_EDGE('',*,*,#1523,.T.);
#1523 = EDGE_CURVE('',#1500,#1524,#1526,.T.);
#1524 = VERTEX_POINT('',#1525);
#1525 = CARTESIAN_POINT('',(-0.4,1.1,2.4));
#1526 = LINE('',#1527,#1528);
#1527 = CARTESIAN_POINT('',(3.025,1.1,2.4));
#1528 = VECTOR('',#1529,1.);
#1529 = DIRECTION('',(1.,-1.224646799147E-16,0.));
#1530 = ORIENTED_EDGE('',*,*,#1531,.F.);
#1531 = EDGE_CURVE('',#441,#1524,#1532,.T.);
#1532 = LINE('',#1533,#1534);
#1533 = CARTESIAN_POINT('',(-0.4,1.7,2.4));
#1534 = VECTOR('',#1535,1.);
#1535 = DIRECTION('',(-1.224646799147E-16,-1.,0.));
#1536 = PLANE('',#1537);
#1537 = AXIS2_PLACEMENT_3D('',#1538,#1539,#1540);
#1538 = CARTESIAN_POINT('',(-1.4,1.7,2.4));
#1539 = DIRECTION('',(0.,0.,1.));
#1540 = DIRECTION('',(1.,-1.224646799147E-16,0.));
#1541 = ADVANCED_FACE('',(#1542),#1553,.T.);
#1542 = FACE_BOUND('',#1543,.T.);
#1543 = EDGE_LOOP('',(#1544,#1545,#1546,#1552));
#1544 = ORIENTED_EDGE('',*,*,#440,.F.);
#1545 = ORIENTED_EDGE('',*,*,#1531,.T.);
#1546 = ORIENTED_EDGE('',*,*,#1547,.T.);
#1547 = EDGE_CURVE('',#1524,#1452,#1548,.T.);
#1548 = LINE('',#1549,#1550);
#1549 = CARTESIAN_POINT('',(-0.4,1.1,4.2));
#1550 = VECTOR('',#1551,1.);
#1551 = DIRECTION('',(0.,0.,1.));
#1552 = ORIENTED_EDGE('',*,*,#1451,.F.);
#1553 = PLANE('',#1554);
#1554 = AXIS2_PLACEMENT_3D('',#1555,#1556,#1557);
#1555 = CARTESIAN_POINT('',(-0.4,1.7,2.4));
#1556 = DIRECTION('',(-1.,1.224646799147E-16,0.));
#1557 = DIRECTION('',(0.,0.,1.));
#1558 = ADVANCED_FACE('',(#1559),#1570,.F.);
#1559 = FACE_BOUND('',#1560,.F.);
#1560 = EDGE_LOOP('',(#1561,#1562,#1563,#1569));
#1561 = ORIENTED_EDGE('',*,*,#424,.T.);
#1562 = ORIENTED_EDGE('',*,*,#1372,.T.);
#1563 = ORIENTED_EDGE('',*,*,#1564,.F.);
#1564 = EDGE_CURVE('',#1476,#1373,#1565,.T.);
#1565 = LINE('',#1566,#1567);
#1566 = CARTESIAN_POINT('',(-0.45,1.75,4.2));
#1567 = VECTOR('',#1568,1.);
#1568 = DIRECTION('',(0.,0.,1.));
#1569 = ORIENTED_EDGE('',*,*,#1483,.F.);
#1570 = PLANE('',#1571);
#1571 = AXIS2_PLACEMENT_3D('',#1572,#1573,#1574);
#1572 = CARTESIAN_POINT('',(-0.45,1.7,4.2));
#1573 = DIRECTION('',(-1.,1.224646799147E-16,0.));
#1574 = DIRECTION('',(1.224646799147E-16,1.,0.));
#1575 = ADVANCED_FACE('',(#1576),#1594,.F.);
#1576 = FACE_BOUND('',#1577,.F.);
#1577 = EDGE_LOOP('',(#1578,#1579,#1587,#1593));
#1578 = ORIENTED_EDGE('',*,*,#408,.F.);
#1579 = ORIENTED_EDGE('',*,*,#1580,.T.);
#1580 = EDGE_CURVE('',#401,#1581,#1583,.T.);
#1581 = VERTEX_POINT('',#1582);
#1582 = CARTESIAN_POINT('',(0.55,1.1,2.1));
#1583 = LINE('',#1584,#1585);
#1584 = CARTESIAN_POINT('',(0.55,1.7,2.1));
#1585 = VECTOR('',#1586,1.);
#1586 = DIRECTION('',(-1.224646799147E-16,-1.,0.));
#1587 = ORIENTED_EDGE('',*,*,#1588,.T.);
#1588 = EDGE_CURVE('',#1581,#1364,#1589,.T.);
#1589 = LINE('',#1590,#1591);
#1590 = CARTESIAN_POINT('',(0.55,1.1,4.05));
#1591 = VECTOR('',#1592,1.);
#1592 = DIRECTION('',(0.,0.,1.));
#1593 = ORIENTED_EDGE('',*,*,#1363,.F.);
#1594 = PLANE('',#1595);
#1595 = AXIS2_PLACEMENT_3D('',#1596,#1597,#1598);
#1596 = CARTESIAN_POINT('',(0.55,1.7,2.1));
#1597 = DIRECTION('',(-1.,1.224646799147E-16,0.));
#1598 = DIRECTION('',(0.,0.,1.));
#1599 = ADVANCED_FACE('',(#1600),#1618,.F.);
#1600 = FACE_BOUND('',#1601,.F.);
#1601 = EDGE_LOOP('',(#1602,#1603,#1611,#1617));
#1602 = ORIENTED_EDGE('',*,*,#400,.F.);
#1603 = ORIENTED_EDGE('',*,*,#1604,.T.);
#1604 = EDGE_CURVE('',#393,#1605,#1607,.T.);
#1605 = VERTEX_POINT('',#1606);
#1606 = CARTESIAN_POINT('',(5.45,1.1,2.1));
#1607 = LINE('',#1608,#1609);
#1608 = CARTESIAN_POINT('',(5.45,1.7,2.1));
#1609 = VECTOR('',#1610,1.);
#1610 = DIRECTION('',(-1.224646799147E-16,-1.,0.));
#1611 = ORIENTED_EDGE('',*,*,#1612,.T.);
#1612 = EDGE_CURVE('',#1605,#1581,#1613,.T.);
#1613 = LINE('',#1614,#1615);
#1614 = CARTESIAN_POINT('',(6.45,1.1,2.1));
#1615 = VECTOR('',#1616,1.);
#1616 = DIRECTION('',(-1.,1.224646799147E-16,-9.063045098981E-17));
#1617 = ORIENTED_EDGE('',*,*,#1580,.F.);
#1618 = PLANE('',#1619);
#1619 = AXIS2_PLACEMENT_3D('',#1620,#1621,#1622);
#1620 = CARTESIAN_POINT('',(5.45,1.7,2.1));
#1621 = DIRECTION('',(9.063045098981E-17,-1.1099029171E-32,-1.));
#1622 = DIRECTION('',(-1.,1.224646799147E-16,-9.063045098981E-17));
#1623 = ADVANCED_FACE('',(#1624),#1635,.F.);
#1624 = FACE_BOUND('',#1625,.F.);
#1625 = EDGE_LOOP('',(#1626,#1627,#1628,#1634));
#1626 = ORIENTED_EDGE('',*,*,#392,.F.);
#1627 = ORIENTED_EDGE('',*,*,#667,.T.);
#1628 = ORIENTED_EDGE('',*,*,#1629,.T.);
#1629 = EDGE_CURVE('',#668,#1605,#1630,.T.);
#1630 = LINE('',#1631,#1632);
#1631 = CARTESIAN_POINT('',(5.45,1.1,6.));
#1632 = VECTOR('',#1633,1.);
#1633 = DIRECTION('',(0.,0.,-1.));
#1634 = ORIENTED_EDGE('',*,*,#1604,.F.);
#1635 = PLANE('',#1636);
#1636 = AXIS2_PLACEMENT_3D('',#1637,#1638,#1639);
#1637 = CARTESIAN_POINT('',(5.45,1.7,6.));
#1638 = DIRECTION('',(1.,-1.224646799147E-16,0.));
#1639 = DIRECTION('',(6.972467043315E-33,5.693451408334E-17,-1.));
#1640 = ADVANCED_FACE('',(#1641),#1666,.F.);
#1641 = FACE_BOUND('',#1642,.F.);
#1642 = EDGE_LOOP('',(#1643,#1644,#1652,#1660));
#1643 = ORIENTED_EDGE('',*,*,#617,.F.);
#1644 = ORIENTED_EDGE('',*,*,#1645,.T.);
#1645 = EDGE_CURVE('',#618,#1646,#1648,.T.);
#1646 = VERTEX_POINT('',#1647);
#1647 = CARTESIAN_POINT('',(6.4,1.1,4.2));
#1648 = LINE('',#1649,#1650);
#1649 = CARTESIAN_POINT('',(6.4,1.7,4.2));
#1650 = VECTOR('',#1651,1.);
#1651 = DIRECTION('',(-1.224646799147E-16,-1.,0.));
#1652 = ORIENTED_EDGE('',*,*,#1653,.T.);
#1653 = EDGE_CURVE('',#1646,#1654,#1656,.T.);
#1654 = VERTEX_POINT('',#1655);
#1655 = CARTESIAN_POINT('',(7.4,1.1,4.2));
#1656 = LINE('',#1657,#1658);
#1657 = CARTESIAN_POINT('',(6.925,1.1,4.2));
#1658 = VECTOR('',#1659,1.);
#1659 = DIRECTION('',(1.,-1.224646799147E-16,0.));
#1660 = ORIENTED_EDGE('',*,*,#1661,.F.);
#1661 = EDGE_CURVE('',#620,#1654,#1662,.T.);
#1662 = LINE('',#1663,#1664);
#1663 = CARTESIAN_POINT('',(7.4,1.7,4.2));
#1664 = VECTOR('',#1665,1.);
#1665 = DIRECTION('',(-1.224646799147E-16,-1.,0.));
#1666 = PLANE('',#1667);
#1667 = AXIS2_PLACEMENT_3D('',#1668,#1669,#1670);
#1668 = CARTESIAN_POINT('',(6.4,1.7,4.2));
#1669 = DIRECTION('',(0.,0.,1.));
#1670 = DIRECTION('',(1.,-1.224646799147E-16,0.));
#1671 = ADVANCED_FACE('',(#1672),#1690,.F.);
#1672 = FACE_BOUND('',#1673,.F.);
#1673 = EDGE_LOOP('',(#1674,#1675,#1683,#1689));
#1674 = ORIENTED_EDGE('',*,*,#643,.F.);
#1675 = ORIENTED_EDGE('',*,*,#1676,.T.);
#1676 = EDGE_CURVE('',#636,#1677,#1679,.T.);
#1677 = VERTEX_POINT('',#1678);
#1678 = CARTESIAN_POINT('',(6.4,1.1,2.4));
#1679 = LINE('',#1680,#1681);
#1680 = CARTESIAN_POINT('',(6.4,1.7,2.4));
#1681 = VECTOR('',#1682,1.);
#1682 = DIRECTION('',(-1.224646799147E-16,-1.,0.));
#1683 = ORIENTED_EDGE('',*,*,#1684,.T.);
#1684 = EDGE_CURVE('',#1677,#1646,#1685,.T.);
#1685 = LINE('',#1686,#1687);
#1686 = CARTESIAN_POINT('',(6.4,1.1,4.2));
#1687 = VECTOR('',#1688,1.);
#1688 = DIRECTION('',(0.,0.,1.));
#1689 = ORIENTED_EDGE('',*,*,#1645,.F.);
#1690 = PLANE('',#1691);
#1691 = AXIS2_PLACEMENT_3D('',#1692,#1693,#1694);
#1692 = CARTESIAN_POINT('',(6.4,1.7,2.4));
#1693 = DIRECTION('',(-1.,1.224646799147E-16,0.));
#1694 = DIRECTION('',(0.,0.,1.));
#1695 = ADVANCED_FACE('',(#1696),#1714,.F.);
#1696 = FACE_BOUND('',#1697,.F.);
#1697 = EDGE_LOOP('',(#1698,#1699,#1700,#1708));
#1698 = ORIENTED_EDGE('',*,*,#627,.F.);
#1699 = ORIENTED_EDGE('',*,*,#1661,.T.);
#1700 = ORIENTED_EDGE('',*,*,#1701,.T.);
#1701 = EDGE_CURVE('',#1654,#1702,#1704,.T.);
#1702 = VERTEX_POINT('',#1703);
#1703 = CARTESIAN_POINT('',(7.4,1.1,2.4));
#1704 = LINE('',#1705,#1706);
#1705 = CARTESIAN_POINT('',(7.4,1.1,5.1));
#1706 = VECTOR('',#1707,1.);
#1707 = DIRECTION('',(-0.,0.,-1.));
#1708 = ORIENTED_EDGE('',*,*,#1709,.F.);
#1709 = EDGE_CURVE('',#628,#1702,#1710,.T.);
#1710 = LINE('',#1711,#1712);
#1711 = CARTESIAN_POINT('',(7.4,1.7,2.4));
#1712 = VECTOR('',#1713,1.);
#1713 = DIRECTION('',(-1.224646799147E-16,-1.,0.));
#1714 = PLANE('',#1715);
#1715 = AXIS2_PLACEMENT_3D('',#1716,#1717,#1718);
#1716 = CARTESIAN_POINT('',(7.4,1.7,4.2));
#1717 = DIRECTION('',(1.,-1.224646799147E-16,-0.));
#1718 = DIRECTION('',(-0.,0.,-1.));
#1719 = ADVANCED_FACE('',(#1720),#1731,.F.);
#1720 = FACE_BOUND('',#1721,.F.);
#1721 = EDGE_LOOP('',(#1722,#1723,#1724,#1730));
#1722 = ORIENTED_EDGE('',*,*,#635,.F.);
#1723 = ORIENTED_EDGE('',*,*,#1709,.T.);
#1724 = ORIENTED_EDGE('',*,*,#1725,.T.);
#1725 = EDGE_CURVE('',#1702,#1677,#1726,.T.);
#1726 = LINE('',#1727,#1728);
#1727 = CARTESIAN_POINT('',(7.425,1.1,2.4));
#1728 = VECTOR('',#1729,1.);
#1729 = DIRECTION('',(-1.,1.224646799147E-16,0.));
#1730 = ORIENTED_EDGE('',*,*,#1676,.F.);
#1731 = PLANE('',#1732);
#1732 = AXIS2_PLACEMENT_3D('',#1733,#1734,#1735);
#1733 = CARTESIAN_POINT('',(7.4,1.7,2.4));
#1734 = DIRECTION('',(-0.,0.,-1.));
#1735 = DIRECTION('',(-1.,1.224646799147E-16,0.));
#1736 = ADVANCED_FACE('',(#1737),#1766,.F.);
#1737 = FACE_BOUND('',#1738,.F.);
#1738 = EDGE_LOOP('',(#1739,#1740,#1748,#1756,#1762,#1763,#1764,#1765));
#1739 = ORIENTED_EDGE('',*,*,#772,.F.);
#1740 = ORIENTED_EDGE('',*,*,#1741,.T.);
#1741 = EDGE_CURVE('',#773,#1742,#1744,.T.);
#1742 = VERTEX_POINT('',#1743);
#1743 = CARTESIAN_POINT('',(7.45,-2.3,1.8));
#1744 = LINE('',#1745,#1746);
#1745 = CARTESIAN_POINT('',(7.45,-2.3,6.));
#1746 = VECTOR('',#1747,1.);
#1747 = DIRECTION('',(0.,0.,-1.));
#1748 = ORIENTED_EDGE('',*,*,#1749,.T.);
#1749 = EDGE_CURVE('',#1742,#1750,#1752,.T.);
#1750 = VERTEX_POINT('',#1751);
#1751 = CARTESIAN_POINT('',(7.45,1.1,1.8));
#1752 = LINE('',#1753,#1754);
#1753 = CARTESIAN_POINT('',(7.45,-2.3,1.8));
#1754 = VECTOR('',#1755,1.);
#1755 = DIRECTION('',(1.224646799147E-16,1.,0.));
#1756 = ORIENTED_EDGE('',*,*,#1757,.F.);
#1757 = EDGE_CURVE('',#676,#1750,#1758,.T.);
#1758 = LINE('',#1759,#1760);
#1759 = CARTESIAN_POINT('',(7.45,1.1,6.));
#1760 = VECTOR('',#1761,1.);
#1761 = DIRECTION('',(0.,0.,-1.));
#1762 = ORIENTED_EDGE('',*,*,#683,.F.);
#1763 = ORIENTED_EDGE('',*,*,#699,.T.);
#1764 = ORIENTED_EDGE('',*,*,#729,.F.);
#1765 = ORIENTED_EDGE('',*,*,#748,.T.);
#1766 = PLANE('',#1767);
#1767 = AXIS2_PLACEMENT_3D('',#1768,#1769,#1770);
#1768 = CARTESIAN_POINT('',(7.45,-2.3,6.));
#1769 = DIRECTION('',(1.,-1.224646799147E-16,0.));
#1770 = DIRECTION('',(1.224646799147E-16,1.,0.));
#1771 = ADVANCED_FACE('',(#1772,#1794,#1800),#1806,.F.);
#1772 = FACE_BOUND('',#1773,.F.);
#1773 = EDGE_LOOP('',(#1774,#1775,#1776,#1784,#1790,#1791,#1792,#1793));
#1774 = ORIENTED_EDGE('',*,*,#675,.F.);
#1775 = ORIENTED_EDGE('',*,*,#1757,.T.);
#1776 = ORIENTED_EDGE('',*,*,#1777,.T.);
#1777 = EDGE_CURVE('',#1750,#1778,#1780,.T.);
#1778 = VERTEX_POINT('',#1779);
#1779 = CARTESIAN_POINT('',(-1.45,1.1,1.8));
#1780 = LINE('',#1781,#1782);
#1781 = CARTESIAN_POINT('',(7.45,1.1,1.8));
#1782 = VECTOR('',#1783,1.);
#1783 = DIRECTION('',(-1.,1.224646799147E-16,0.));
#1784 = ORIENTED_EDGE('',*,*,#1785,.F.);
#1785 = EDGE_CURVE('',#1405,#1778,#1786,.T.);
#1786 = LINE('',#1787,#1788);
#1787 = CARTESIAN_POINT('',(-1.45,1.1,6.));
#1788 = VECTOR('',#1789,1.);
#1789 = DIRECTION('',(0.,0.,-1.));
#1790 = ORIENTED_EDGE('',*,*,#1412,.F.);
#1791 = ORIENTED_EDGE('',*,*,#1588,.F.);
#1792 = ORIENTED_EDGE('',*,*,#1612,.F.);
#1793 = ORIENTED_EDGE('',*,*,#1629,.F.);
#1794 = FACE_BOUND('',#1795,.F.);
#1795 = EDGE_LOOP('',(#1796,#1797,#1798,#1799));
#1796 = ORIENTED_EDGE('',*,*,#1499,.T.);
#1797 = ORIENTED_EDGE('',*,*,#1523,.T.);
#1798 = ORIENTED_EDGE('',*,*,#1547,.T.);
#1799 = ORIENTED_EDGE('',*,*,#1459,.T.);
#1800 = FACE_BOUND('',#1801,.F.);
#1801 = EDGE_LOOP('',(#1802,#1803,#1804,#1805));
#1802 = ORIENTED_EDGE('',*,*,#1725,.F.);
#1803 = ORIENTED_EDGE('',*,*,#1701,.F.);
#1804 = ORIENTED_EDGE('',*,*,#1653,.F.);
#1805 = ORIENTED_EDGE('',*,*,#1684,.F.);
#1806 = PLANE('',#1807);
#1807 = AXIS2_PLACEMENT_3D('',#1808,#1809,#1810);
#1808 = CARTESIAN_POINT('',(7.45,1.1,6.));
#1809 = DIRECTION('',(1.224646799147E-16,1.,0.));
#1810 = DIRECTION('',(-1.,1.224646799147E-16,0.));
#1811 = ADVANCED_FACE('',(#1812),#1830,.T.);
#1812 = FACE_BOUND('',#1813,.T.);
#1813 = EDGE_LOOP('',(#1814,#1822,#1828,#1829));
#1814 = ORIENTED_EDGE('',*,*,#1815,.T.);
#1815 = EDGE_CURVE('',#789,#1816,#1818,.T.);
#1816 = VERTEX_POINT('',#1817);
#1817 = CARTESIAN_POINT('',(-1.45,-0.6,4.4));
#1818 = LINE('',#1819,#1820);
#1819 = CARTESIAN_POINT('',(-1.45,-0.6,5.2));
#1820 = VECTOR('',#1821,1.);
#1821 = DIRECTION('',(-0.,0.,-1.));
#1822 = ORIENTED_EDGE('',*,*,#1823,.T.);
#1823 = EDGE_CURVE('',#1816,#1225,#1824,.T.);
#1824 = LINE('',#1825,#1826);
#1825 = CARTESIAN_POINT('',(7.95,-0.6,4.4));
#1826 = VECTOR('',#1827,1.);
#1827 = DIRECTION('',(-1.,1.224646799147E-16,0.));
#1828 = ORIENTED_EDGE('',*,*,#1233,.T.);
#1829 = ORIENTED_EDGE('',*,*,#796,.F.);
#1830 = PLANE('',#1831);
#1831 = AXIS2_PLACEMENT_3D('',#1832,#1833,#1834);
#1832 = CARTESIAN_POINT('',(7.95,-0.6,4.4));
#1833 = DIRECTION('',(1.224646799147E-16,1.,0.));
#1834 = DIRECTION('',(0.,-0.,1.));
#1835 = ADVANCED_FACE('',(#1836),#1871,.F.);
#1836 = FACE_BOUND('',#1837,.F.);
#1837 = EDGE_LOOP('',(#1838,#1839,#1840,#1848,#1854,#1855,#1856,#1865));
#1838 = ORIENTED_EDGE('',*,*,#1404,.F.);
#1839 = ORIENTED_EDGE('',*,*,#1785,.T.);
#1840 = ORIENTED_EDGE('',*,*,#1841,.T.);
#1841 = EDGE_CURVE('',#1778,#1842,#1844,.T.);
#1842 = VERTEX_POINT('',#1843);
#1843 = CARTESIAN_POINT('',(-1.45,-2.3,1.8));
#1844 = LINE('',#1845,#1846);
#1845 = CARTESIAN_POINT('',(-1.45,1.1,1.8));
#1846 = VECTOR('',#1847,1.);
#1847 = DIRECTION('',(-1.224646799147E-16,-1.,0.));
#1848 = ORIENTED_EDGE('',*,*,#1849,.F.);
#1849 = EDGE_CURVE('',#781,#1842,#1850,.T.);
#1850 = LINE('',#1851,#1852);
#1851 = CARTESIAN_POINT('',(-1.45,-2.3,6.));
#1852 = VECTOR('',#1853,1.);
#1853 = DIRECTION('',(0.,0.,-1.));
#1854 = ORIENTED_EDGE('',*,*,#788,.F.);
#1855 = ORIENTED_EDGE('',*,*,#1815,.T.);
#1856 = ORIENTED_EDGE('',*,*,#1857,.T.);
#1857 = EDGE_CURVE('',#1816,#1858,#1860,.T.);
#1858 = VERTEX_POINT('',#1859);
#1859 = CARTESIAN_POINT('',(-1.45,0.2,4.4));
#1860 = CIRCLE('',#1861,0.4);
#1861 = AXIS2_PLACEMENT_3D('',#1862,#1863,#1864);
#1862 = CARTESIAN_POINT('',(-1.45,-0.2,4.4));
#1863 = DIRECTION('',(1.,-1.224646799147E-16,0.));
#1864 = DIRECTION('',(1.224646799147E-16,1.,0.));
#1865 = ORIENTED_EDGE('',*,*,#1866,.T.);
#1866 = EDGE_CURVE('',#1858,#1397,#1867,.T.);
#1867 = LINE('',#1868,#1869);
#1868 = CARTESIAN_POINT('',(-1.45,0.2,6.));
#1869 = VECTOR('',#1870,1.);
#1870 = DIRECTION('',(0.,0.,1.));
#1871 = PLANE('',#1872);
#1872 = AXIS2_PLACEMENT_3D('',#1873,#1874,#1875);
#1873 = CARTESIAN_POINT('',(-1.45,1.1,6.));
#1874 = DIRECTION('',(-1.,1.224646799147E-16,0.));
#1875 = DIRECTION('',(-1.224646799147E-16,-1.,0.));
#1876 = ADVANCED_FACE('',(#1877),#1984,.F.);
#1877 = FACE_BOUND('',#1878,.F.);
#1878 = EDGE_LOOP('',(#1879,#1880,#1881,#1889,#1897,#1905,#1913,#1921,
    #1929,#1937,#1945,#1953,#1961,#1969,#1977,#1983));
#1879 = ORIENTED_EDGE('',*,*,#780,.F.);
#1880 = ORIENTED_EDGE('',*,*,#1849,.T.);
#1881 = ORIENTED_EDGE('',*,*,#1882,.T.);
#1882 = EDGE_CURVE('',#1842,#1883,#1885,.T.);
#1883 = VERTEX_POINT('',#1884);
#1884 = CARTESIAN_POINT('',(0.8,-2.3,1.8));
#1885 = LINE('',#1886,#1887);
#1886 = CARTESIAN_POINT('',(-1.45,-2.3,1.8));
#1887 = VECTOR('',#1888,1.);
#1888 = DIRECTION('',(1.,-1.224646799147E-16,0.));
#1889 = ORIENTED_EDGE('',*,*,#1890,.T.);
#1890 = EDGE_CURVE('',#1883,#1891,#1893,.T.);
#1891 = VERTEX_POINT('',#1892);
#1892 = CARTESIAN_POINT('',(0.8,-2.3,3.7));
#1893 = LINE('',#1894,#1895);
#1894 = CARTESIAN_POINT('',(0.8,-2.3,1.8));
#1895 = VECTOR('',#1896,1.);
#1896 = DIRECTION('',(0.,0.,1.));
#1897 = ORIENTED_EDGE('',*,*,#1898,.T.);
#1898 = EDGE_CURVE('',#1891,#1899,#1901,.T.);
#1899 = VERTEX_POINT('',#1900);
#1900 = CARTESIAN_POINT('',(1.2,-2.3,3.7));
#1901 = LINE('',#1902,#1903);
#1902 = CARTESIAN_POINT('',(0.8,-2.3,3.7));
#1903 = VECTOR('',#1904,1.);
#1904 = DIRECTION('',(1.,-1.224646799147E-16,0.));
#1905 = ORIENTED_EDGE('',*,*,#1906,.F.);
#1906 = EDGE_CURVE('',#1907,#1899,#1909,.T.);
#1907 = VERTEX_POINT('',#1908);
#1908 = CARTESIAN_POINT('',(1.2,-2.3,1.8));
#1909 = LINE('',#1910,#1911);
#1910 = CARTESIAN_POINT('',(1.2,-2.3,1.8));
#1911 = VECTOR('',#1912,1.);
#1912 = DIRECTION('',(0.,0.,1.));
#1913 = ORIENTED_EDGE('',*,*,#1914,.T.);
#1914 = EDGE_CURVE('',#1907,#1915,#1917,.T.);
#1915 = VERTEX_POINT('',#1916);
#1916 = CARTESIAN_POINT('',(2.8,-2.3,1.8));
#1917 = LINE('',#1918,#1919);
#1918 = CARTESIAN_POINT('',(-1.45,-2.3,1.8));
#1919 = VECTOR('',#1920,1.);
#1920 = DIRECTION('',(1.,-1.224646799147E-16,0.));
#1921 = ORIENTED_EDGE('',*,*,#1922,.T.);
#1922 = EDGE_CURVE('',#1915,#1923,#1925,.T.);
#1923 = VERTEX_POINT('',#1924);
#1924 = CARTESIAN_POINT('',(2.8,-2.3,3.7));
#1925 = LINE('',#1926,#1927);
#1926 = CARTESIAN_POINT('',(2.8,-2.3,1.8));
#1927 = VECTOR('',#1928,1.);
#1928 = DIRECTION('',(0.,0.,1.));
#1929 = ORIENTED_EDGE('',*,*,#1930,.T.);
#1930 = EDGE_CURVE('',#1923,#1931,#1933,.T.);
#1931 = VERTEX_POINT('',#1932);
#1932 = CARTESIAN_POINT('',(3.2,-2.3,3.7));
#1933 = LINE('',#1934,#1935);
#1934 = CARTESIAN_POINT('',(2.8,-2.3,3.7));
#1935 = VECTOR('',#1936,1.);
#1936 = DIRECTION('',(1.,-1.224646799147E-16,0.));
#1937 = ORIENTED_EDGE('',*,*,#1938,.F.);
#1938 = EDGE_CURVE('',#1939,#1931,#1941,.T.);
#1939 = VERTEX_POINT('',#1940);
#1940 = CARTESIAN_POINT('',(3.2,-2.3,1.8));
#1941 = LINE('',#1942,#1943);
#1942 = CARTESIAN_POINT('',(3.2,-2.3,1.8));
#1943 = VECTOR('',#1944,1.);
#1944 = DIRECTION('',(0.,0.,1.));
#1945 = ORIENTED_EDGE('',*,*,#1946,.T.);
#1946 = EDGE_CURVE('',#1939,#1947,#1949,.T.);
#1947 = VERTEX_POINT('',#1948);
#1948 = CARTESIAN_POINT('',(4.8,-2.3,1.8));
#1949 = LINE('',#1950,#1951);
#1950 = CARTESIAN_POINT('',(-1.45,-2.3,1.8));
#1951 = VECTOR('',#1952,1.);
#1952 = DIRECTION('',(1.,-1.224646799147E-16,0.));
#1953 = ORIENTED_EDGE('',*,*,#1954,.T.);
#1954 = EDGE_CURVE('',#1947,#1955,#1957,.T.);
#1955 = VERTEX_POINT('',#1956);
#1956 = CARTESIAN_POINT('',(4.8,-2.3,3.7));
#1957 = LINE('',#1958,#1959);
#1958 = CARTESIAN_POINT('',(4.8,-2.3,1.8));
#1959 = VECTOR('',#1960,1.);
#1960 = DIRECTION('',(0.,0.,1.));
#1961 = ORIENTED_EDGE('',*,*,#1962,.T.);
#1962 = EDGE_CURVE('',#1955,#1963,#1965,.T.);
#1963 = VERTEX_POINT('',#1964);
#1964 = CARTESIAN_POINT('',(5.2,-2.3,3.7));
#1965 = LINE('',#1966,#1967);
#1966 = CARTESIAN_POINT('',(4.8,-2.3,3.7));
#1967 = VECTOR('',#1968,1.);
#1968 = DIRECTION('',(1.,-1.224646799147E-16,0.));
#1969 = ORIENTED_EDGE('',*,*,#1970,.F.);
#1970 = EDGE_CURVE('',#1971,#1963,#1973,.T.);
#1971 = VERTEX_POINT('',#1972);
#1972 = CARTESIAN_POINT('',(5.2,-2.3,1.8));
#1973 = LINE('',#1974,#1975);
#1974 = CARTESIAN_POINT('',(5.2,-2.3,1.8));
#1975 = VECTOR('',#1976,1.);
#1976 = DIRECTION('',(0.,0.,1.));
#1977 = ORIENTED_EDGE('',*,*,#1978,.T.);
#1978 = EDGE_CURVE('',#1971,#1742,#1979,.T.);
#1979 = LINE('',#1980,#1981);
#1980 = CARTESIAN_POINT('',(-1.45,-2.3,1.8));
#1981 = VECTOR('',#1982,1.);
#1982 = DIRECTION('',(1.,-1.224646799147E-16,0.));
#1983 = ORIENTED_EDGE('',*,*,#1741,.F.);
#1984 = PLANE('',#1985);
#1985 = AXIS2_PLACEMENT_3D('',#1986,#1987,#1988);
#1986 = CARTESIAN_POINT('',(-1.45,-2.3,6.));
#1987 = DIRECTION('',(-1.224646799147E-16,-1.,0.));
#1988 = DIRECTION('',(1.,-1.224646799147E-16,0.));
#1989 = ADVANCED_FACE('',(#1990,#1996),#2030,.F.);
#1990 = FACE_BOUND('',#1991,.F.);
#1991 = EDGE_LOOP('',(#1992,#1993,#1994,#1995));
#1992 = ORIENTED_EDGE('',*,*,#1348,.T.);
#1993 = ORIENTED_EDGE('',*,*,#850,.T.);
#1994 = ORIENTED_EDGE('',*,*,#874,.F.);
#1995 = ORIENTED_EDGE('',*,*,#907,.F.);
#1996 = FACE_BOUND('',#1997,.F.);
#1997 = EDGE_LOOP('',(#1998,#2008,#2016,#2024));
#1998 = ORIENTED_EDGE('',*,*,#1999,.T.);
#1999 = EDGE_CURVE('',#2000,#2002,#2004,.T.);
#2000 = VERTEX_POINT('',#2001);
#2001 = CARTESIAN_POINT('',(-0.25,0.25,0.1));
#2002 = VERTEX_POINT('',#2003);
#2003 = CARTESIAN_POINT('',(0.25,0.25,0.1));
#2004 = LINE('',#2005,#2006);
#2005 = CARTESIAN_POINT('',(0.5,0.25,0.1));
#2006 = VECTOR('',#2007,1.);
#2007 = DIRECTION('',(1.,-1.224646799147E-16,0.));
#2008 = ORIENTED_EDGE('',*,*,#2009,.T.);
#2009 = EDGE_CURVE('',#2002,#2010,#2012,.T.);
#2010 = VERTEX_POINT('',#2011);
#2011 = CARTESIAN_POINT('',(0.25,-0.25,0.1));
#2012 = LINE('',#2013,#2014);
#2013 = CARTESIAN_POINT('',(0.25,0.271633216363,0.1));
#2014 = VECTOR('',#2015,1.);
#2015 = DIRECTION('',(-1.224646799147E-16,-1.,0.));
#2016 = ORIENTED_EDGE('',*,*,#2017,.T.);
#2017 = EDGE_CURVE('',#2010,#2018,#2020,.T.);
#2018 = VERTEX_POINT('',#2019);
#2019 = CARTESIAN_POINT('',(-0.25,-0.25,0.1));
#2020 = LINE('',#2021,#2022);
#2021 = CARTESIAN_POINT('',(0.5,-0.25,0.1));
#2022 = VECTOR('',#2023,1.);
#2023 = DIRECTION('',(-1.,1.224646799147E-16,0.));
#2024 = ORIENTED_EDGE('',*,*,#2025,.F.);
#2025 = EDGE_CURVE('',#2000,#2018,#2026,.T.);
#2026 = LINE('',#2027,#2028);
#2027 = CARTESIAN_POINT('',(-0.25,0.271633216363,0.1));
#2028 = VECTOR('',#2029,1.);
#2029 = DIRECTION('',(-1.224646799147E-16,-1.,0.));
#2030 = PLANE('',#2031);
#2031 = AXIS2_PLACEMENT_3D('',#2032,#2033,#2034);
#2032 = CARTESIAN_POINT('',(0.75,0.5,0.1));
#2033 = DIRECTION('',(0.,0.,1.));
#2034 = DIRECTION('',(-1.224646799147E-16,-1.,0.));
#2035 = ADVANCED_FACE('',(#2036,#2042),#2076,.F.);
#2036 = FACE_BOUND('',#2037,.F.);
#2037 = EDGE_LOOP('',(#2038,#2039,#2040,#2041));
#2038 = ORIENTED_EDGE('',*,*,#1331,.T.);
#2039 = ORIENTED_EDGE('',*,*,#955,.T.);
#2040 = ORIENTED_EDGE('',*,*,#979,.F.);
#2041 = ORIENTED_EDGE('',*,*,#1012,.F.);
#2042 = FACE_BOUND('',#2043,.F.);
#2043 = EDGE_LOOP('',(#2044,#2054,#2062,#2070));
#2044 = ORIENTED_EDGE('',*,*,#2045,.F.);
#2045 = EDGE_CURVE('',#2046,#2048,#2050,.T.);
#2046 = VERTEX_POINT('',#2047);
#2047 = CARTESIAN_POINT('',(1.75,0.25,0.1));
#2048 = VERTEX_POINT('',#2049);
#2049 = CARTESIAN_POINT('',(1.75,-0.25,0.1));
#2050 = LINE('',#2051,#2052);
#2051 = CARTESIAN_POINT('',(1.75,0.25,0.1));
#2052 = VECTOR('',#2053,1.);
#2053 = DIRECTION('',(-1.224646799147E-16,-1.,0.));
#2054 = ORIENTED_EDGE('',*,*,#2055,.T.);
#2055 = EDGE_CURVE('',#2046,#2056,#2058,.T.);
#2056 = VERTEX_POINT('',#2057);
#2057 = CARTESIAN_POINT('',(2.25,0.25,0.1));
#2058 = LINE('',#2059,#2060);
#2059 = CARTESIAN_POINT('',(2.5,0.25,0.1));
#2060 = VECTOR('',#2061,1.);
#2061 = DIRECTION('',(1.,-1.224646799147E-16,0.));
#2062 = ORIENTED_EDGE('',*,*,#2063,.T.);
#2063 = EDGE_CURVE('',#2056,#2064,#2066,.T.);
#2064 = VERTEX_POINT('',#2065);
#2065 = CARTESIAN_POINT('',(2.25,-0.25,0.1));
#2066 = LINE('',#2067,#2068);
#2067 = CARTESIAN_POINT('',(2.25,0.25,0.1));
#2068 = VECTOR('',#2069,1.);
#2069 = DIRECTION('',(-1.224646799147E-16,-1.,0.));
#2070 = ORIENTED_EDGE('',*,*,#2071,.T.);
#2071 = EDGE_CURVE('',#2064,#2048,#2072,.T.);
#2072 = LINE('',#2073,#2074);
#2073 = CARTESIAN_POINT('',(2.5,-0.25,0.1));
#2074 = VECTOR('',#2075,1.);
#2075 = DIRECTION('',(-1.,1.224646799147E-16,0.));
#2076 = PLANE('',#2077);
#2077 = AXIS2_PLACEMENT_3D('',#2078,#2079,#2080);
#2078 = CARTESIAN_POINT('',(2.75,0.5,0.1));
#2079 = DIRECTION('',(0.,0.,1.));
#2080 = DIRECTION('',(-1.224646799147E-16,-1.,0.));
#2081 = ADVANCED_FACE('',(#2082,#2088),#2122,.F.);
#2082 = FACE_BOUND('',#2083,.F.);
#2083 = EDGE_LOOP('',(#2084,#2085,#2086,#2087));
#2084 = ORIENTED_EDGE('',*,*,#1314,.T.);
#2085 = ORIENTED_EDGE('',*,*,#1060,.T.);
#2086 = ORIENTED_EDGE('',*,*,#1084,.F.);
#2087 = ORIENTED_EDGE('',*,*,#1117,.F.);
#2088 = FACE_BOUND('',#2089,.F.);
#2089 = EDGE_LOOP('',(#2090,#2100,#2108,#2116));
#2090 = ORIENTED_EDGE('',*,*,#2091,.T.);
#2091 = EDGE_CURVE('',#2092,#2094,#2096,.T.);
#2092 = VERTEX_POINT('',#2093);
#2093 = CARTESIAN_POINT('',(4.25,0.25,0.1));
#2094 = VERTEX_POINT('',#2095);
#2095 = CARTESIAN_POINT('',(4.25,-0.25,0.1));
#2096 = LINE('',#2097,#2098);
#2097 = CARTESIAN_POINT('',(4.25,0.25,0.1));
#2098 = VECTOR('',#2099,1.);
#2099 = DIRECTION('',(-1.224646799147E-16,-1.,0.));
#2100 = ORIENTED_EDGE('',*,*,#2101,.T.);
#2101 = EDGE_CURVE('',#2094,#2102,#2104,.T.);
#2102 = VERTEX_POINT('',#2103);
#2103 = CARTESIAN_POINT('',(3.75,-0.25,0.1));
#2104 = LINE('',#2105,#2106);
#2105 = CARTESIAN_POINT('',(4.5,-0.25,0.1));
#2106 = VECTOR('',#2107,1.);
#2107 = DIRECTION('',(-1.,1.224646799147E-16,0.));
#2108 = ORIENTED_EDGE('',*,*,#2109,.F.);
#2109 = EDGE_CURVE('',#2110,#2102,#2112,.T.);
#2110 = VERTEX_POINT('',#2111);
#2111 = CARTESIAN_POINT('',(3.75,0.25,0.1));
#2112 = LINE('',#2113,#2114);
#2113 = CARTESIAN_POINT('',(3.75,0.25,0.1));
#2114 = VECTOR('',#2115,1.);
#2115 = DIRECTION('',(-1.224646799147E-16,-1.,0.));
#2116 = ORIENTED_EDGE('',*,*,#2117,.T.);
#2117 = EDGE_CURVE('',#2110,#2092,#2118,.T.);
#2118 = LINE('',#2119,#2120);
#2119 = CARTESIAN_POINT('',(4.5,0.25,0.1));
#2120 = VECTOR('',#2121,1.);
#2121 = DIRECTION('',(1.,-1.224646799147E-16,0.));
#2122 = PLANE('',#2123);
#2123 = AXIS2_PLACEMENT_3D('',#2124,#2125,#2126);
#2124 = CARTESIAN_POINT('',(4.75,0.5,0.1));
#2125 = DIRECTION('',(0.,0.,1.));
#2126 = DIRECTION('',(-1.224646799147E-16,-1.,0.));
#2127 = ADVANCED_FACE('',(#2128),#2139,.F.);
#2128 = FACE_BOUND('',#2129,.F.);
#2129 = EDGE_LOOP('',(#2130,#2131,#2132,#2138));
#2130 = ORIENTED_EDGE('',*,*,#1823,.T.);
#2131 = ORIENTED_EDGE('',*,*,#1224,.T.);
#2132 = ORIENTED_EDGE('',*,*,#2133,.F.);
#2133 = EDGE_CURVE('',#1858,#1217,#2134,.T.);
#2134 = LINE('',#2135,#2136);
#2135 = CARTESIAN_POINT('',(7.95,0.2,4.4));
#2136 = VECTOR('',#2137,1.);
#2137 = DIRECTION('',(-1.,1.224646799147E-16,0.));
#2138 = ORIENTED_EDGE('',*,*,#1857,.F.);
#2139 = CYLINDRICAL_SURFACE('',#2140,0.4);
#2140 = AXIS2_PLACEMENT_3D('',#2141,#2142,#2143);
#2141 = CARTESIAN_POINT('',(7.95,-0.2,4.4));
#2142 = DIRECTION('',(1.,-1.224646799147E-16,-0.));
#2143 = DIRECTION('',(1.224646799147E-16,1.,0.));
#2144 = ADVANCED_FACE('',(#2145),#2151,.T.);
#2145 = FACE_BOUND('',#2146,.T.);
#2146 = EDGE_LOOP('',(#2147,#2148,#2149,#2150));
#2147 = ORIENTED_EDGE('',*,*,#1866,.T.);
#2148 = ORIENTED_EDGE('',*,*,#1396,.T.);
#2149 = ORIENTED_EDGE('',*,*,#1216,.T.);
#2150 = ORIENTED_EDGE('',*,*,#2133,.F.);
#2151 = PLANE('',#2152);
#2152 = AXIS2_PLACEMENT_3D('',#2153,#2154,#2155);
#2153 = CARTESIAN_POINT('',(7.95,0.2,6.));
#2154 = DIRECTION('',(-1.224646799147E-16,-1.,0.));
#2155 = DIRECTION('',(-0.,0.,-1.));
#2156 = ADVANCED_FACE('',(#2157),#2214,.F.);
#2157 = FACE_BOUND('',#2158,.F.);
#2158 = EDGE_LOOP('',(#2159,#2169,#2177,#2185,#2191,#2192,#2200,#2208));
#2159 = ORIENTED_EDGE('',*,*,#2160,.T.);
#2160 = EDGE_CURVE('',#2161,#2163,#2165,.T.);
#2161 = VERTEX_POINT('',#2162);
#2162 = CARTESIAN_POINT('',(6.25,0.281578947368,-3.2));
#2163 = VERTEX_POINT('',#2164);
#2164 = CARTESIAN_POINT('',(6.25,-0.218421052632,-3.2));
#2165 = LINE('',#2166,#2167);
#2166 = CARTESIAN_POINT('',(6.25,0.25,-3.2));
#2167 = VECTOR('',#2168,1.);
#2168 = DIRECTION('',(-1.224646799147E-16,-1.,0.));
#2169 = ORIENTED_EDGE('',*,*,#2170,.T.);
#2170 = EDGE_CURVE('',#2163,#2171,#2173,.T.);
#2171 = VERTEX_POINT('',#2172);
#2172 = CARTESIAN_POINT('',(6.25,5.E-02,-1.5));
#2173 = LINE('',#2174,#2175);
#2174 = CARTESIAN_POINT('',(6.25,-0.25,-3.4));
#2175 = VECTOR('',#2176,1.);
#2176 = DIRECTION('',(1.909990663905E-17,0.155962573473,0.987762965329)
  );
#2177 = ORIENTED_EDGE('',*,*,#2178,.T.);
#2178 = EDGE_CURVE('',#2171,#2179,#2181,.T.);
#2179 = VERTEX_POINT('',#2180);
#2180 = CARTESIAN_POINT('',(6.25,-0.25,-0.9));
#2181 = LINE('',#2182,#2183);
#2182 = CARTESIAN_POINT('',(6.25,5.E-02,-1.5));
#2183 = VECTOR('',#2184,1.);
#2184 = DIRECTION('',(-5.476786982641E-17,-0.4472135955,0.894427191));
#2185 = ORIENTED_EDGE('',*,*,#2186,.T.);
#2186 = EDGE_CURVE('',#2179,#1275,#2187,.T.);
#2187 = LINE('',#2188,#2189);
#2188 = CARTESIAN_POINT('',(6.25,-0.25,-0.9));
#2189 = VECTOR('',#2190,1.);
#2190 = DIRECTION('',(0.,0.,1.));
#2191 = ORIENTED_EDGE('',*,*,#1272,.F.);
#2192 = ORIENTED_EDGE('',*,*,#2193,.T.);
#2193 = EDGE_CURVE('',#1273,#2194,#2196,.T.);
#2194 = VERTEX_POINT('',#2195);
#2195 = CARTESIAN_POINT('',(6.25,0.25,-0.9));
#2196 = LINE('',#2197,#2198);
#2197 = CARTESIAN_POINT('',(6.25,0.25,5.));
#2198 = VECTOR('',#2199,1.);
#2199 = DIRECTION('',(-0.,0.,-1.));
#2200 = ORIENTED_EDGE('',*,*,#2201,.T.);
#2201 = EDGE_CURVE('',#2194,#2202,#2204,.T.);
#2202 = VERTEX_POINT('',#2203);
#2203 = CARTESIAN_POINT('',(6.25,0.55,-1.5));
#2204 = LINE('',#2205,#2206);
#2205 = CARTESIAN_POINT('',(6.25,0.25,-0.9));
#2206 = VECTOR('',#2207,1.);
#2207 = DIRECTION('',(5.476786982641E-17,0.4472135955,-0.894427191));
#2208 = ORIENTED_EDGE('',*,*,#2209,.T.);
#2209 = EDGE_CURVE('',#2202,#2161,#2210,.T.);
#2210 = LINE('',#2211,#2212);
#2211 = CARTESIAN_POINT('',(6.25,0.55,-1.5));
#2212 = VECTOR('',#2213,1.);
#2213 = DIRECTION('',(-1.909990663905E-17,-0.155962573473,
    -0.987762965329));
#2214 = PLANE('',#2215);
#2215 = AXIS2_PLACEMENT_3D('',#2216,#2217,#2218);
#2216 = CARTESIAN_POINT('',(6.25,4.326643272645E-02,0.775746953017));
#2217 = DIRECTION('',(-1.,1.224646799147E-16,0.));
#2218 = DIRECTION('',(0.,0.,1.));
#2219 = ADVANCED_FACE('',(#2220),#2238,.F.);
#2220 = FACE_BOUND('',#2221,.F.);
#2221 = EDGE_LOOP('',(#2222,#2223,#2224,#2232));
#2222 = ORIENTED_EDGE('',*,*,#2193,.F.);
#2223 = ORIENTED_EDGE('',*,*,#1298,.F.);
#2224 = ORIENTED_EDGE('',*,*,#2225,.T.);
#2225 = EDGE_CURVE('',#1291,#2226,#2228,.T.);
#2226 = VERTEX_POINT('',#2227);
#2227 = CARTESIAN_POINT('',(5.75,0.25,-0.9));
#2228 = LINE('',#2229,#2230);
#2229 = CARTESIAN_POINT('',(5.75,0.25,5.));
#2230 = VECTOR('',#2231,1.);
#2231 = DIRECTION('',(-0.,0.,-1.));
#2232 = ORIENTED_EDGE('',*,*,#2233,.F.);
#2233 = EDGE_CURVE('',#2194,#2226,#2234,.T.);
#2234 = LINE('',#2235,#2236);
#2235 = CARTESIAN_POINT('',(6.25,0.25,-0.9));
#2236 = VECTOR('',#2237,1.);
#2237 = DIRECTION('',(-1.,1.224646799147E-16,0.));
#2238 = PLANE('',#2239);
#2239 = AXIS2_PLACEMENT_3D('',#2240,#2241,#2242);
#2240 = CARTESIAN_POINT('',(6.25,0.25,5.));
#2241 = DIRECTION('',(-1.224646799147E-16,-1.,0.));
#2242 = DIRECTION('',(-0.,0.,-1.));
#2243 = ADVANCED_FACE('',(#2244),#2294,.T.);
#2244 = FACE_BOUND('',#2245,.T.);
#2245 = EDGE_LOOP('',(#2246,#2256,#2264,#2272,#2278,#2279,#2280,#2288));
#2246 = ORIENTED_EDGE('',*,*,#2247,.T.);
#2247 = EDGE_CURVE('',#2248,#2250,#2252,.T.);
#2248 = VERTEX_POINT('',#2249);
#2249 = CARTESIAN_POINT('',(5.75,0.281578947368,-3.2));
#2250 = VERTEX_POINT('',#2251);
#2251 = CARTESIAN_POINT('',(5.75,-0.218421052632,-3.2));
#2252 = LINE('',#2253,#2254);
#2253 = CARTESIAN_POINT('',(5.75,0.25,-3.2));
#2254 = VECTOR('',#2255,1.);
#2255 = DIRECTION('',(-1.224646799147E-16,-1.,0.));
#2256 = ORIENTED_EDGE('',*,*,#2257,.T.);
#2257 = EDGE_CURVE('',#2250,#2258,#2260,.T.);
#2258 = VERTEX_POINT('',#2259);
#2259 = CARTESIAN_POINT('',(5.75,5.E-02,-1.5));
#2260 = LINE('',#2261,#2262);
#2261 = CARTESIAN_POINT('',(5.75,-0.25,-3.4));
#2262 = VECTOR('',#2263,1.);
#2263 = DIRECTION('',(1.909990663905E-17,0.155962573473,0.987762965329)
  );
#2264 = ORIENTED_EDGE('',*,*,#2265,.T.);
#2265 = EDGE_CURVE('',#2258,#2266,#2268,.T.);
#2266 = VERTEX_POINT('',#2267);
#2267 = CARTESIAN_POINT('',(5.75,-0.25,-0.9));
#2268 = LINE('',#2269,#2270);
#2269 = CARTESIAN_POINT('',(5.75,5.E-02,-1.5));
#2270 = VECTOR('',#2271,1.);
#2271 = DIRECTION('',(-5.476786982641E-17,-0.4472135955,0.894427191));
#2272 = ORIENTED_EDGE('',*,*,#2273,.T.);
#2273 = EDGE_CURVE('',#2266,#1283,#2274,.T.);
#2274 = LINE('',#2275,#2276);
#2275 = CARTESIAN_POINT('',(5.75,-0.25,-0.9));
#2276 = VECTOR('',#2277,1.);
#2277 = DIRECTION('',(0.,0.,1.));
#2278 = ORIENTED_EDGE('',*,*,#1290,.F.);
#2279 = ORIENTED_EDGE('',*,*,#2225,.T.);
#2280 = ORIENTED_EDGE('',*,*,#2281,.T.);
#2281 = EDGE_CURVE('',#2226,#2282,#2284,.T.);
#2282 = VERTEX_POINT('',#2283);
#2283 = CARTESIAN_POINT('',(5.75,0.55,-1.5));
#2284 = LINE('',#2285,#2286);
#2285 = CARTESIAN_POINT('',(5.75,0.25,-0.9));
#2286 = VECTOR('',#2287,1.);
#2287 = DIRECTION('',(5.476786982641E-17,0.4472135955,-0.894427191));
#2288 = ORIENTED_EDGE('',*,*,#2289,.T.);
#2289 = EDGE_CURVE('',#2282,#2248,#2290,.T.);
#2290 = LINE('',#2291,#2292);
#2291 = CARTESIAN_POINT('',(5.75,0.55,-1.5));
#2292 = VECTOR('',#2293,1.);
#2293 = DIRECTION('',(-1.909990663905E-17,-0.155962573473,
    -0.987762965329));
#2294 = PLANE('',#2295);
#2295 = AXIS2_PLACEMENT_3D('',#2296,#2297,#2298);
#2296 = CARTESIAN_POINT('',(5.75,4.326643272645E-02,0.775746953017));
#2297 = DIRECTION('',(-1.,1.224646799147E-16,0.));
#2298 = DIRECTION('',(0.,0.,1.));
#2299 = ADVANCED_FACE('',(#2300),#2311,.F.);
#2300 = FACE_BOUND('',#2301,.F.);
#2301 = EDGE_LOOP('',(#2302,#2303,#2309,#2310));
#2302 = ORIENTED_EDGE('',*,*,#2186,.F.);
#2303 = ORIENTED_EDGE('',*,*,#2304,.T.);
#2304 = EDGE_CURVE('',#2179,#2266,#2305,.T.);
#2305 = LINE('',#2306,#2307);
#2306 = CARTESIAN_POINT('',(6.25,-0.25,-0.9));
#2307 = VECTOR('',#2308,1.);
#2308 = DIRECTION('',(-1.,1.224646799147E-16,0.));
#2309 = ORIENTED_EDGE('',*,*,#2273,.T.);
#2310 = ORIENTED_EDGE('',*,*,#1282,.F.);
#2311 = PLANE('',#2312);
#2312 = AXIS2_PLACEMENT_3D('',#2313,#2314,#2315);
#2313 = CARTESIAN_POINT('',(6.25,-0.25,-0.9));
#2314 = DIRECTION('',(1.224646799147E-16,1.,0.));
#2315 = DIRECTION('',(0.,-0.,1.));
#2316 = ADVANCED_FACE('',(#2317),#2323,.F.);
#2317 = FACE_BOUND('',#2318,.F.);
#2318 = EDGE_LOOP('',(#2319,#2320,#2321,#2322));
#2319 = ORIENTED_EDGE('',*,*,#1564,.T.);
#2320 = ORIENTED_EDGE('',*,*,#1380,.T.);
#2321 = ORIENTED_EDGE('',*,*,#1426,.F.);
#2322 = ORIENTED_EDGE('',*,*,#1475,.F.);
#2323 = PLANE('',#2324);
#2324 = AXIS2_PLACEMENT_3D('',#2325,#2326,#2327);
#2325 = CARTESIAN_POINT('',(-0.45,1.75,4.2));
#2326 = DIRECTION('',(-1.224646799147E-16,-1.,0.));
#2327 = DIRECTION('',(-1.,1.224646799147E-16,0.));
#2328 = ADVANCED_FACE('',(#2329,#2404,#2438,#2472,#2506),#2540,.T.);
#2329 = FACE_BOUND('',#2330,.T.);
#2330 = EDGE_LOOP('',(#2331,#2339,#2340,#2341,#2342,#2343,#2344,#2352,
    #2360,#2366,#2367,#2375,#2383,#2389,#2390,#2398));
#2331 = ORIENTED_EDGE('',*,*,#2332,.F.);
#2332 = EDGE_CURVE('',#1971,#2333,#2335,.T.);
#2333 = VERTEX_POINT('',#2334);
#2334 = CARTESIAN_POINT('',(5.2,-2.,1.8));
#2335 = LINE('',#2336,#2337);
#2336 = CARTESIAN_POINT('',(5.2,-2.3,1.8));
#2337 = VECTOR('',#2338,1.);
#2338 = DIRECTION('',(1.224646799147E-16,1.,0.));
#2339 = ORIENTED_EDGE('',*,*,#1978,.T.);
#2340 = ORIENTED_EDGE('',*,*,#1749,.T.);
#2341 = ORIENTED_EDGE('',*,*,#1777,.T.);
#2342 = ORIENTED_EDGE('',*,*,#1841,.T.);
#2343 = ORIENTED_EDGE('',*,*,#1882,.T.);
#2344 = ORIENTED_EDGE('',*,*,#2345,.F.);
#2345 = EDGE_CURVE('',#2346,#1883,#2348,.T.);
#2346 = VERTEX_POINT('',#2347);
#2347 = CARTESIAN_POINT('',(0.8,-2.,1.8));
#2348 = LINE('',#2349,#2350);
#2349 = CARTESIAN_POINT('',(0.8,-2.,1.8));
#2350 = VECTOR('',#2351,1.);
#2351 = DIRECTION('',(-1.224646799147E-16,-1.,0.));
#2352 = ORIENTED_EDGE('',*,*,#2353,.F.);
#2353 = EDGE_CURVE('',#2354,#2346,#2356,.T.);
#2354 = VERTEX_POINT('',#2355);
#2355 = CARTESIAN_POINT('',(1.2,-2.,1.8));
#2356 = LINE('',#2357,#2358);
#2357 = CARTESIAN_POINT('',(1.2,-2.,1.8));
#2358 = VECTOR('',#2359,1.);
#2359 = DIRECTION('',(-1.,1.224646799147E-16,0.));
#2360 = ORIENTED_EDGE('',*,*,#2361,.F.);
#2361 = EDGE_CURVE('',#1907,#2354,#2362,.T.);
#2362 = LINE('',#2363,#2364);
#2363 = CARTESIAN_POINT('',(1.2,-2.3,1.8));
#2364 = VECTOR('',#2365,1.);
#2365 = DIRECTION('',(1.224646799147E-16,1.,0.));
#2366 = ORIENTED_EDGE('',*,*,#1914,.T.);
#2367 = ORIENTED_EDGE('',*,*,#2368,.F.);
#2368 = EDGE_CURVE('',#2369,#1915,#2371,.T.);
#2369 = VERTEX_POINT('',#2370);
#2370 = CARTESIAN_POINT('',(2.8,-2.,1.8));
#2371 = LINE('',#2372,#2373);
#2372 = CARTESIAN_POINT('',(2.8,-2.,1.8));
#2373 = VECTOR('',#2374,1.);
#2374 = DIRECTION('',(-1.224646799147E-16,-1.,0.));
#2375 = ORIENTED_EDGE('',*,*,#2376,.F.);
#2376 = EDGE_CURVE('',#2377,#2369,#2379,.T.);
#2377 = VERTEX_POINT('',#2378);
#2378 = CARTESIAN_POINT('',(3.2,-2.,1.8));
#2379 = LINE('',#2380,#2381);
#2380 = CARTESIAN_POINT('',(3.2,-2.,1.8));
#2381 = VECTOR('',#2382,1.);
#2382 = DIRECTION('',(-1.,1.224646799147E-16,0.));
#2383 = ORIENTED_EDGE('',*,*,#2384,.F.);
#2384 = EDGE_CURVE('',#1939,#2377,#2385,.T.);
#2385 = LINE('',#2386,#2387);
#2386 = CARTESIAN_POINT('',(3.2,-2.3,1.8));
#2387 = VECTOR('',#2388,1.);
#2388 = DIRECTION('',(1.224646799147E-16,1.,0.));
#2389 = ORIENTED_EDGE('',*,*,#1946,.T.);
#2390 = ORIENTED_EDGE('',*,*,#2391,.F.);
#2391 = EDGE_CURVE('',#2392,#1947,#2394,.T.);
#2392 = VERTEX_POINT('',#2393);
#2393 = CARTESIAN_POINT('',(4.8,-2.,1.8));
#2394 = LINE('',#2395,#2396);
#2395 = CARTESIAN_POINT('',(4.8,-2.,1.8));
#2396 = VECTOR('',#2397,1.);
#2397 = DIRECTION('',(-1.224646799147E-16,-1.,0.));
#2398 = ORIENTED_EDGE('',*,*,#2399,.F.);
#2399 = EDGE_CURVE('',#2333,#2392,#2400,.T.);
#2400 = LINE('',#2401,#2402);
#2401 = CARTESIAN_POINT('',(5.2,-2.,1.8));
#2402 = VECTOR('',#2403,1.);
#2403 = DIRECTION('',(-1.,1.224646799147E-16,0.));
#2404 = FACE_BOUND('',#2405,.T.);
#2405 = EDGE_LOOP('',(#2406,#2416,#2424,#2432));
#2406 = ORIENTED_EDGE('',*,*,#2407,.T.);
#2407 = EDGE_CURVE('',#2408,#2410,#2412,.T.);
#2408 = VERTEX_POINT('',#2409);
#2409 = CARTESIAN_POINT('',(-0.25,0.25,1.8));
#2410 = VERTEX_POINT('',#2411);
#2411 = CARTESIAN_POINT('',(0.25,0.25,1.8));
#2412 = LINE('',#2413,#2414);
#2413 = CARTESIAN_POINT('',(1.625,0.25,1.8));
#2414 = VECTOR('',#2415,1.);
#2415 = DIRECTION('',(1.,-1.224646799147E-16,0.));
#2416 = ORIENTED_EDGE('',*,*,#2417,.T.);
#2417 = EDGE_CURVE('',#2410,#2418,#2420,.T.);
#2418 = VERTEX_POINT('',#2419);
#2419 = CARTESIAN_POINT('',(0.25,-0.25,1.8));
#2420 = LINE('',#2421,#2422);
#2421 = CARTESIAN_POINT('',(0.25,-0.278366783637,1.8));
#2422 = VECTOR('',#2423,1.);
#2423 = DIRECTION('',(-1.224646799147E-16,-1.,0.));
#2424 = ORIENTED_EDGE('',*,*,#2425,.T.);
#2425 = EDGE_CURVE('',#2418,#2426,#2428,.T.);
#2426 = VERTEX_POINT('',#2427);
#2427 = CARTESIAN_POINT('',(-0.25,-0.25,1.8));
#2428 = LINE('',#2429,#2430);
#2429 = CARTESIAN_POINT('',(1.625,-0.25,1.8));
#2430 = VECTOR('',#2431,1.);
#2431 = DIRECTION('',(-1.,1.224646799147E-16,0.));
#2432 = ORIENTED_EDGE('',*,*,#2433,.F.);
#2433 = EDGE_CURVE('',#2408,#2426,#2434,.T.);
#2434 = LINE('',#2435,#2436);
#2435 = CARTESIAN_POINT('',(-0.25,-0.278366783637,1.8));
#2436 = VECTOR('',#2437,1.);
#2437 = DIRECTION('',(-1.224646799147E-16,-1.,0.));
#2438 = FACE_BOUND('',#2439,.T.);
#2439 = EDGE_LOOP('',(#2440,#2450,#2458,#2466));
#2440 = ORIENTED_EDGE('',*,*,#2441,.F.);
#2441 = EDGE_CURVE('',#2442,#2444,#2446,.T.);
#2442 = VERTEX_POINT('',#2443);
#2443 = CARTESIAN_POINT('',(1.75,0.25,1.8));
#2444 = VERTEX_POINT('',#2445);
#2445 = CARTESIAN_POINT('',(1.75,-0.25,1.8));
#2446 = LINE('',#2447,#2448);
#2447 = CARTESIAN_POINT('',(1.75,-0.3,1.8));
#2448 = VECTOR('',#2449,1.);
#2449 = DIRECTION('',(-1.224646799147E-16,-1.,0.));
#2450 = ORIENTED_EDGE('',*,*,#2451,.T.);
#2451 = EDGE_CURVE('',#2442,#2452,#2454,.T.);
#2452 = VERTEX_POINT('',#2453);
#2453 = CARTESIAN_POINT('',(2.25,0.25,1.8));
#2454 = LINE('',#2455,#2456);
#2455 = CARTESIAN_POINT('',(2.625,0.25,1.8));
#2456 = VECTOR('',#2457,1.);
#2457 = DIRECTION('',(1.,-1.224646799147E-16,0.));
#2458 = ORIENTED_EDGE('',*,*,#2459,.T.);
#2459 = EDGE_CURVE('',#2452,#2460,#2462,.T.);
#2460 = VERTEX_POINT('',#2461);
#2461 = CARTESIAN_POINT('',(2.25,-0.25,1.8));
#2462 = LINE('',#2463,#2464);
#2463 = CARTESIAN_POINT('',(2.25,-0.3,1.8));
#2464 = VECTOR('',#2465,1.);
#2465 = DIRECTION('',(-1.224646799147E-16,-1.,0.));
#2466 = ORIENTED_EDGE('',*,*,#2467,.T.);
#2467 = EDGE_CURVE('',#2460,#2444,#2468,.T.);
#2468 = LINE('',#2469,#2470);
#2469 = CARTESIAN_POINT('',(2.625,-0.25,1.8));
#2470 = VECTOR('',#2471,1.);
#2471 = DIRECTION('',(-1.,1.224646799147E-16,0.));
#2472 = FACE_BOUND('',#2473,.T.);
#2473 = EDGE_LOOP('',(#2474,#2484,#2492,#2500));
#2474 = ORIENTED_EDGE('',*,*,#2475,.T.);
#2475 = EDGE_CURVE('',#2476,#2478,#2480,.T.);
#2476 = VERTEX_POINT('',#2477);
#2477 = CARTESIAN_POINT('',(6.25,0.25,1.8));
#2478 = VERTEX_POINT('',#2479);
#2479 = CARTESIAN_POINT('',(6.25,-0.25,1.8));
#2480 = LINE('',#2481,#2482);
#2481 = CARTESIAN_POINT('',(6.25,-0.278366783637,1.8));
#2482 = VECTOR('',#2483,1.);
#2483 = DIRECTION('',(-1.224646799147E-16,-1.,0.));
#2484 = ORIENTED_EDGE('',*,*,#2485,.T.);
#2485 = EDGE_CURVE('',#2478,#2486,#2488,.T.);
#2486 = VERTEX_POINT('',#2487);
#2487 = CARTESIAN_POINT('',(5.75,-0.25,1.8));
#2488 = LINE('',#2489,#2490);
#2489 = CARTESIAN_POINT('',(4.625,-0.25,1.8));
#2490 = VECTOR('',#2491,1.);
#2491 = DIRECTION('',(-1.,1.224646799147E-16,0.));
#2492 = ORIENTED_EDGE('',*,*,#2493,.F.);
#2493 = EDGE_CURVE('',#2494,#2486,#2496,.T.);
#2494 = VERTEX_POINT('',#2495);
#2495 = CARTESIAN_POINT('',(5.75,0.25,1.8));
#2496 = LINE('',#2497,#2498);
#2497 = CARTESIAN_POINT('',(5.75,-0.278366783637,1.8));
#2498 = VECTOR('',#2499,1.);
#2499 = DIRECTION('',(-1.224646799147E-16,-1.,0.));
#2500 = ORIENTED_EDGE('',*,*,#2501,.T.);
#2501 = EDGE_CURVE('',#2494,#2476,#2502,.T.);
#2502 = LINE('',#2503,#2504);
#2503 = CARTESIAN_POINT('',(4.625,0.25,1.8));
#2504 = VECTOR('',#2505,1.);
#2505 = DIRECTION('',(1.,-1.224646799147E-16,0.));
#2506 = FACE_BOUND('',#2507,.T.);
#2507 = EDGE_LOOP('',(#2508,#2518,#2526,#2534));
#2508 = ORIENTED_EDGE('',*,*,#2509,.T.);
#2509 = EDGE_CURVE('',#2510,#2512,#2514,.T.);
#2510 = VERTEX_POINT('',#2511);
#2511 = CARTESIAN_POINT('',(4.25,0.25,1.8));
#2512 = VERTEX_POINT('',#2513);
#2513 = CARTESIAN_POINT('',(4.25,-0.25,1.8));
#2514 = LINE('',#2515,#2516);
#2515 = CARTESIAN_POINT('',(4.25,-0.3,1.8));
#2516 = VECTOR('',#2517,1.);
#2517 = DIRECTION('',(-1.224646799147E-16,-1.,0.));
#2518 = ORIENTED_EDGE('',*,*,#2519,.T.);
#2519 = EDGE_CURVE('',#2512,#2520,#2522,.T.);
#2520 = VERTEX_POINT('',#2521);
#2521 = CARTESIAN_POINT('',(3.75,-0.25,1.8));
#2522 = LINE('',#2523,#2524);
#2523 = CARTESIAN_POINT('',(3.625,-0.25,1.8));
#2524 = VECTOR('',#2525,1.);
#2525 = DIRECTION('',(-1.,1.224646799147E-16,0.));
#2526 = ORIENTED_EDGE('',*,*,#2527,.F.);
#2527 = EDGE_CURVE('',#2528,#2520,#2530,.T.);
#2528 = VERTEX_POINT('',#2529);
#2529 = CARTESIAN_POINT('',(3.75,0.25,1.8));
#2530 = LINE('',#2531,#2532);
#2531 = CARTESIAN_POINT('',(3.75,-0.3,1.8));
#2532 = VECTOR('',#2533,1.);
#2533 = DIRECTION('',(-1.224646799147E-16,-1.,0.));
#2534 = ORIENTED_EDGE('',*,*,#2535,.T.);
#2535 = EDGE_CURVE('',#2528,#2510,#2536,.T.);
#2536 = LINE('',#2537,#2538);
#2537 = CARTESIAN_POINT('',(3.625,0.25,1.8));
#2538 = VECTOR('',#2539,1.);
#2539 = DIRECTION('',(1.,-1.224646799147E-16,0.));
#2540 = PLANE('',#2541);
#2541 = AXIS2_PLACEMENT_3D('',#2542,#2543,#2544);
#2542 = CARTESIAN_POINT('',(3.,-0.6,1.8));
#2543 = DIRECTION('',(0.,0.,1.));
#2544 = DIRECTION('',(-1.,1.224646799147E-16,0.));
#2545 = ADVANCED_FACE('',(#2546),#2564,.F.);
#2546 = FACE_BOUND('',#2547,.F.);
#2547 = EDGE_LOOP('',(#2548,#2549,#2557,#2563));
#2548 = ORIENTED_EDGE('',*,*,#1970,.T.);
#2549 = ORIENTED_EDGE('',*,*,#2550,.T.);
#2550 = EDGE_CURVE('',#1963,#2551,#2553,.T.);
#2551 = VERTEX_POINT('',#2552);
#2552 = CARTESIAN_POINT('',(5.2,-2.,3.7));
#2553 = LINE('',#2554,#2555);
#2554 = CARTESIAN_POINT('',(5.2,-2.3,3.7));
#2555 = VECTOR('',#2556,1.);
#2556 = DIRECTION('',(1.224646799147E-16,1.,0.));
#2557 = ORIENTED_EDGE('',*,*,#2558,.F.);
#2558 = EDGE_CURVE('',#2333,#2551,#2559,.T.);
#2559 = LINE('',#2560,#2561);
#2560 = CARTESIAN_POINT('',(5.2,-2.,1.8));
#2561 = VECTOR('',#2562,1.);
#2562 = DIRECTION('',(0.,0.,1.));
#2563 = ORIENTED_EDGE('',*,*,#2332,.F.);
#2564 = PLANE('',#2565);
#2565 = AXIS2_PLACEMENT_3D('',#2566,#2567,#2568);
#2566 = CARTESIAN_POINT('',(5.2,-2.3,1.8));
#2567 = DIRECTION('',(-1.,1.224646799147E-16,0.));
#2568 = DIRECTION('',(1.224646799147E-16,1.,0.));
#2569 = ADVANCED_FACE('',(#2570),#2588,.T.);
#2570 = FACE_BOUND('',#2571,.T.);
#2571 = EDGE_LOOP('',(#2572,#2580,#2586,#2587));
#2572 = ORIENTED_EDGE('',*,*,#2573,.T.);
#2573 = EDGE_CURVE('',#2551,#2574,#2576,.T.);
#2574 = VERTEX_POINT('',#2575);
#2575 = CARTESIAN_POINT('',(4.8,-2.,3.7));
#2576 = LINE('',#2577,#2578);
#2577 = CARTESIAN_POINT('',(5.2,-2.,3.7));
#2578 = VECTOR('',#2579,1.);
#2579 = DIRECTION('',(-1.,1.224646799147E-16,0.));
#2580 = ORIENTED_EDGE('',*,*,#2581,.T.);
#2581 = EDGE_CURVE('',#2574,#1955,#2582,.T.);
#2582 = LINE('',#2583,#2584);
#2583 = CARTESIAN_POINT('',(4.8,-2.,3.7));
#2584 = VECTOR('',#2585,1.);
#2585 = DIRECTION('',(-1.224646799147E-16,-1.,0.));
#2586 = ORIENTED_EDGE('',*,*,#1962,.T.);
#2587 = ORIENTED_EDGE('',*,*,#2550,.T.);
#2588 = PLANE('',#2589);
#2589 = AXIS2_PLACEMENT_3D('',#2590,#2591,#2592);
#2590 = CARTESIAN_POINT('',(5.,-2.15,3.7));
#2591 = DIRECTION('',(0.,0.,1.));
#2592 = DIRECTION('',(-1.,1.224646799147E-16,0.));
#2593 = ADVANCED_FACE('',(#2594),#2605,.F.);
#2594 = FACE_BOUND('',#2595,.F.);
#2595 = EDGE_LOOP('',(#2596,#2602,#2603,#2604));
#2596 = ORIENTED_EDGE('',*,*,#2597,.T.);
#2597 = EDGE_CURVE('',#2392,#2574,#2598,.T.);
#2598 = LINE('',#2599,#2600);
#2599 = CARTESIAN_POINT('',(4.8,-2.,1.8));
#2600 = VECTOR('',#2601,1.);
#2601 = DIRECTION('',(0.,0.,1.));
#2602 = ORIENTED_EDGE('',*,*,#2581,.T.);
#2603 = ORIENTED_EDGE('',*,*,#1954,.F.);
#2604 = ORIENTED_EDGE('',*,*,#2391,.F.);
#2605 = PLANE('',#2606);
#2606 = AXIS2_PLACEMENT_3D('',#2607,#2608,#2609);
#2607 = CARTESIAN_POINT('',(4.8,-2.,1.8));
#2608 = DIRECTION('',(1.,-1.224646799147E-16,0.));
#2609 = DIRECTION('',(-1.224646799147E-16,-1.,0.));
#2610 = ADVANCED_FACE('',(#2611),#2629,.F.);
#2611 = FACE_BOUND('',#2612,.F.);
#2612 = EDGE_LOOP('',(#2613,#2614,#2622,#2628));
#2613 = ORIENTED_EDGE('',*,*,#1938,.T.);
#2614 = ORIENTED_EDGE('',*,*,#2615,.T.);
#2615 = EDGE_CURVE('',#1931,#2616,#2618,.T.);
#2616 = VERTEX_POINT('',#2617);
#2617 = CARTESIAN_POINT('',(3.2,-2.,3.7));
#2618 = LINE('',#2619,#2620);
#2619 = CARTESIAN_POINT('',(3.2,-2.3,3.7));
#2620 = VECTOR('',#2621,1.);
#2621 = DIRECTION('',(1.224646799147E-16,1.,0.));
#2622 = ORIENTED_EDGE('',*,*,#2623,.F.);
#2623 = EDGE_CURVE('',#2377,#2616,#2624,.T.);
#2624 = LINE('',#2625,#2626);
#2625 = CARTESIAN_POINT('',(3.2,-2.,1.8));
#2626 = VECTOR('',#2627,1.);
#2627 = DIRECTION('',(0.,0.,1.));
#2628 = ORIENTED_EDGE('',*,*,#2384,.F.);
#2629 = PLANE('',#2630);
#2630 = AXIS2_PLACEMENT_3D('',#2631,#2632,#2633);
#2631 = CARTESIAN_POINT('',(3.2,-2.3,1.8));
#2632 = DIRECTION('',(-1.,1.224646799147E-16,0.));
#2633 = DIRECTION('',(1.224646799147E-16,1.,0.));
#2634 = ADVANCED_FACE('',(#2635),#2653,.T.);
#2635 = FACE_BOUND('',#2636,.T.);
#2636 = EDGE_LOOP('',(#2637,#2645,#2651,#2652));
#2637 = ORIENTED_EDGE('',*,*,#2638,.T.);
#2638 = EDGE_CURVE('',#2616,#2639,#2641,.T.);
#2639 = VERTEX_POINT('',#2640);
#2640 = CARTESIAN_POINT('',(2.8,-2.,3.7));
#2641 = LINE('',#2642,#2643);
#2642 = CARTESIAN_POINT('',(3.2,-2.,3.7));
#2643 = VECTOR('',#2644,1.);
#2644 = DIRECTION('',(-1.,1.224646799147E-16,0.));
#2645 = ORIENTED_EDGE('',*,*,#2646,.T.);
#2646 = EDGE_CURVE('',#2639,#1923,#2647,.T.);
#2647 = LINE('',#2648,#2649);
#2648 = CARTESIAN_POINT('',(2.8,-2.,3.7));
#2649 = VECTOR('',#2650,1.);
#2650 = DIRECTION('',(-1.224646799147E-16,-1.,0.));
#2651 = ORIENTED_EDGE('',*,*,#1930,.T.);
#2652 = ORIENTED_EDGE('',*,*,#2615,.T.);
#2653 = PLANE('',#2654);
#2654 = AXIS2_PLACEMENT_3D('',#2655,#2656,#2657);
#2655 = CARTESIAN_POINT('',(3.,-2.15,3.7));
#2656 = DIRECTION('',(0.,0.,1.));
#2657 = DIRECTION('',(-1.,1.224646799147E-16,0.));
#2658 = ADVANCED_FACE('',(#2659),#2670,.F.);
#2659 = FACE_BOUND('',#2660,.F.);
#2660 = EDGE_LOOP('',(#2661,#2667,#2668,#2669));
#2661 = ORIENTED_EDGE('',*,*,#2662,.T.);
#2662 = EDGE_CURVE('',#2369,#2639,#2663,.T.);
#2663 = LINE('',#2664,#2665);
#2664 = CARTESIAN_POINT('',(2.8,-2.,1.8));
#2665 = VECTOR('',#2666,1.);
#2666 = DIRECTION('',(0.,0.,1.));
#2667 = ORIENTED_EDGE('',*,*,#2646,.T.);
#2668 = ORIENTED_EDGE('',*,*,#1922,.F.);
#2669 = ORIENTED_EDGE('',*,*,#2368,.F.);
#2670 = PLANE('',#2671);
#2671 = AXIS2_PLACEMENT_3D('',#2672,#2673,#2674);
#2672 = CARTESIAN_POINT('',(2.8,-2.,1.8));
#2673 = DIRECTION('',(1.,-1.224646799147E-16,0.));
#2674 = DIRECTION('',(-1.224646799147E-16,-1.,0.));
#2675 = ADVANCED_FACE('',(#2676),#2694,.F.);
#2676 = FACE_BOUND('',#2677,.F.);
#2677 = EDGE_LOOP('',(#2678,#2679,#2687,#2693));
#2678 = ORIENTED_EDGE('',*,*,#1906,.T.);
#2679 = ORIENTED_EDGE('',*,*,#2680,.T.);
#2680 = EDGE_CURVE('',#1899,#2681,#2683,.T.);
#2681 = VERTEX_POINT('',#2682);
#2682 = CARTESIAN_POINT('',(1.2,-2.,3.7));
#2683 = LINE('',#2684,#2685);
#2684 = CARTESIAN_POINT('',(1.2,-2.3,3.7));
#2685 = VECTOR('',#2686,1.);
#2686 = DIRECTION('',(1.224646799147E-16,1.,0.));
#2687 = ORIENTED_EDGE('',*,*,#2688,.F.);
#2688 = EDGE_CURVE('',#2354,#2681,#2689,.T.);
#2689 = LINE('',#2690,#2691);
#2690 = CARTESIAN_POINT('',(1.2,-2.,1.8));
#2691 = VECTOR('',#2692,1.);
#2692 = DIRECTION('',(0.,0.,1.));
#2693 = ORIENTED_EDGE('',*,*,#2361,.F.);
#2694 = PLANE('',#2695);
#2695 = AXIS2_PLACEMENT_3D('',#2696,#2697,#2698);
#2696 = CARTESIAN_POINT('',(1.2,-2.3,1.8));
#2697 = DIRECTION('',(-1.,1.224646799147E-16,0.));
#2698 = DIRECTION('',(1.224646799147E-16,1.,0.));
#2699 = ADVANCED_FACE('',(#2700),#2718,.T.);
#2700 = FACE_BOUND('',#2701,.T.);
#2701 = EDGE_LOOP('',(#2702,#2710,#2716,#2717));
#2702 = ORIENTED_EDGE('',*,*,#2703,.T.);
#2703 = EDGE_CURVE('',#2681,#2704,#2706,.T.);
#2704 = VERTEX_POINT('',#2705);
#2705 = CARTESIAN_POINT('',(0.8,-2.,3.7));
#2706 = LINE('',#2707,#2708);
#2707 = CARTESIAN_POINT('',(1.2,-2.,3.7));
#2708 = VECTOR('',#2709,1.);
#2709 = DIRECTION('',(-1.,1.224646799147E-16,0.));
#2710 = ORIENTED_EDGE('',*,*,#2711,.T.);
#2711 = EDGE_CURVE('',#2704,#1891,#2712,.T.);
#2712 = LINE('',#2713,#2714);
#2713 = CARTESIAN_POINT('',(0.8,-2.,3.7));
#2714 = VECTOR('',#2715,1.);
#2715 = DIRECTION('',(-1.224646799147E-16,-1.,0.));
#2716 = ORIENTED_EDGE('',*,*,#1898,.T.);
#2717 = ORIENTED_EDGE('',*,*,#2680,.T.);
#2718 = PLANE('',#2719);
#2719 = AXIS2_PLACEMENT_3D('',#2720,#2721,#2722);
#2720 = CARTESIAN_POINT('',(1.,-2.15,3.7));
#2721 = DIRECTION('',(0.,0.,1.));
#2722 = DIRECTION('',(-1.,1.224646799147E-16,0.));
#2723 = ADVANCED_FACE('',(#2724),#2735,.F.);
#2724 = FACE_BOUND('',#2725,.F.);
#2725 = EDGE_LOOP('',(#2726,#2732,#2733,#2734));
#2726 = ORIENTED_EDGE('',*,*,#2727,.T.);
#2727 = EDGE_CURVE('',#2346,#2704,#2728,.T.);
#2728 = LINE('',#2729,#2730);
#2729 = CARTESIAN_POINT('',(0.8,-2.,1.8));
#2730 = VECTOR('',#2731,1.);
#2731 = DIRECTION('',(0.,0.,1.));
#2732 = ORIENTED_EDGE('',*,*,#2711,.T.);
#2733 = ORIENTED_EDGE('',*,*,#1890,.F.);
#2734 = ORIENTED_EDGE('',*,*,#2345,.F.);
#2735 = PLANE('',#2736);
#2736 = AXIS2_PLACEMENT_3D('',#2737,#2738,#2739);
#2737 = CARTESIAN_POINT('',(0.8,-2.,1.8));
#2738 = DIRECTION('',(1.,-1.224646799147E-16,0.));
#2739 = DIRECTION('',(-1.224646799147E-16,-1.,0.));
#2740 = ADVANCED_FACE('',(#2741),#2766,.F.);
#2741 = FACE_BOUND('',#2742,.F.);
#2742 = EDGE_LOOP('',(#2743,#2751,#2752,#2760));
#2743 = ORIENTED_EDGE('',*,*,#2744,.F.);
#2744 = EDGE_CURVE('',#2002,#2745,#2747,.T.);
#2745 = VERTEX_POINT('',#2746);
#2746 = CARTESIAN_POINT('',(0.25,0.25,-0.9));
#2747 = LINE('',#2748,#2749);
#2748 = CARTESIAN_POINT('',(0.25,0.25,5.));
#2749 = VECTOR('',#2750,1.);
#2750 = DIRECTION('',(-0.,0.,-1.));
#2751 = ORIENTED_EDGE('',*,*,#1999,.F.);
#2752 = ORIENTED_EDGE('',*,*,#2753,.T.);
#2753 = EDGE_CURVE('',#2000,#2754,#2756,.T.);
#2754 = VERTEX_POINT('',#2755);
#2755 = CARTESIAN_POINT('',(-0.25,0.25,-0.9));
#2756 = LINE('',#2757,#2758);
#2757 = CARTESIAN_POINT('',(-0.25,0.25,5.));
#2758 = VECTOR('',#2759,1.);
#2759 = DIRECTION('',(-0.,0.,-1.));
#2760 = ORIENTED_EDGE('',*,*,#2761,.F.);
#2761 = EDGE_CURVE('',#2745,#2754,#2762,.T.);
#2762 = LINE('',#2763,#2764);
#2763 = CARTESIAN_POINT('',(0.25,0.25,-0.9));
#2764 = VECTOR('',#2765,1.);
#2765 = DIRECTION('',(-1.,1.224646799147E-16,0.));
#2766 = PLANE('',#2767);
#2767 = AXIS2_PLACEMENT_3D('',#2768,#2769,#2770);
#2768 = CARTESIAN_POINT('',(0.25,0.25,5.));
#2769 = DIRECTION('',(-1.224646799147E-16,-1.,0.));
#2770 = DIRECTION('',(-0.,0.,-1.));
#2771 = ADVANCED_FACE('',(#2772),#2822,.T.);
#2772 = FACE_BOUND('',#2773,.T.);
#2773 = EDGE_LOOP('',(#2774,#2784,#2792,#2800,#2806,#2807,#2808,#2816));
#2774 = ORIENTED_EDGE('',*,*,#2775,.T.);
#2775 = EDGE_CURVE('',#2776,#2778,#2780,.T.);
#2776 = VERTEX_POINT('',#2777);
#2777 = CARTESIAN_POINT('',(-0.25,0.281578947368,-3.2));
#2778 = VERTEX_POINT('',#2779);
#2779 = CARTESIAN_POINT('',(-0.25,-0.218421052632,-3.2));
#2780 = LINE('',#2781,#2782);
#2781 = CARTESIAN_POINT('',(-0.25,0.25,-3.2));
#2782 = VECTOR('',#2783,1.);
#2783 = DIRECTION('',(-1.224646799147E-16,-1.,0.));
#2784 = ORIENTED_EDGE('',*,*,#2785,.T.);
#2785 = EDGE_CURVE('',#2778,#2786,#2788,.T.);
#2786 = VERTEX_POINT('',#2787);
#2787 = CARTESIAN_POINT('',(-0.25,5.E-02,-1.5));
#2788 = LINE('',#2789,#2790);
#2789 = CARTESIAN_POINT('',(-0.25,-0.25,-3.4));
#2790 = VECTOR('',#2791,1.);
#2791 = DIRECTION('',(1.909990663905E-17,0.155962573473,0.987762965329)
  );
#2792 = ORIENTED_EDGE('',*,*,#2793,.T.);
#2793 = EDGE_CURVE('',#2786,#2794,#2796,.T.);
#2794 = VERTEX_POINT('',#2795);
#2795 = CARTESIAN_POINT('',(-0.25,-0.25,-0.9));
#2796 = LINE('',#2797,#2798);
#2797 = CARTESIAN_POINT('',(-0.25,5.E-02,-1.5));
#2798 = VECTOR('',#2799,1.);
#2799 = DIRECTION('',(-5.476786982641E-17,-0.4472135955,0.894427191));
#2800 = ORIENTED_EDGE('',*,*,#2801,.T.);
#2801 = EDGE_CURVE('',#2794,#2018,#2802,.T.);
#2802 = LINE('',#2803,#2804);
#2803 = CARTESIAN_POINT('',(-0.25,-0.25,-0.9));
#2804 = VECTOR('',#2805,1.);
#2805 = DIRECTION('',(0.,0.,1.));
#2806 = ORIENTED_EDGE('',*,*,#2025,.F.);
#2807 = ORIENTED_EDGE('',*,*,#2753,.T.);
#2808 = ORIENTED_EDGE('',*,*,#2809,.T.);
#2809 = EDGE_CURVE('',#2754,#2810,#2812,.T.);
#2810 = VERTEX_POINT('',#2811);
#2811 = CARTESIAN_POINT('',(-0.25,0.55,-1.5));
#2812 = LINE('',#2813,#2814);
#2813 = CARTESIAN_POINT('',(-0.25,0.25,-0.9));
#2814 = VECTOR('',#2815,1.);
#2815 = DIRECTION('',(5.476786982641E-17,0.4472135955,-0.894427191));
#2816 = ORIENTED_EDGE('',*,*,#2817,.T.);
#2817 = EDGE_CURVE('',#2810,#2776,#2818,.T.);
#2818 = LINE('',#2819,#2820);
#2819 = CARTESIAN_POINT('',(-0.25,0.55,-1.5));
#2820 = VECTOR('',#2821,1.);
#2821 = DIRECTION('',(-1.909990663905E-17,-0.155962573473,
    -0.987762965329));
#2822 = PLANE('',#2823);
#2823 = AXIS2_PLACEMENT_3D('',#2824,#2825,#2826);
#2824 = CARTESIAN_POINT('',(-0.25,4.326643272645E-02,0.775746953017));
#2825 = DIRECTION('',(-1.,1.224646799147E-16,0.));
#2826 = DIRECTION('',(0.,0.,1.));
#2827 = ADVANCED_FACE('',(#2828),#2846,.F.);
#2828 = FACE_BOUND('',#2829,.F.);
#2829 = EDGE_LOOP('',(#2830,#2838,#2844,#2845));
#2830 = ORIENTED_EDGE('',*,*,#2831,.F.);
#2831 = EDGE_CURVE('',#2832,#2010,#2834,.T.);
#2832 = VERTEX_POINT('',#2833);
#2833 = CARTESIAN_POINT('',(0.25,-0.25,-0.9));
#2834 = LINE('',#2835,#2836);
#2835 = CARTESIAN_POINT('',(0.25,-0.25,-0.9));
#2836 = VECTOR('',#2837,1.);
#2837 = DIRECTION('',(0.,0.,1.));
#2838 = ORIENTED_EDGE('',*,*,#2839,.T.);
#2839 = EDGE_CURVE('',#2832,#2794,#2840,.T.);
#2840 = LINE('',#2841,#2842);
#2841 = CARTESIAN_POINT('',(0.25,-0.25,-0.9));
#2842 = VECTOR('',#2843,1.);
#2843 = DIRECTION('',(-1.,1.224646799147E-16,0.));
#2844 = ORIENTED_EDGE('',*,*,#2801,.T.);
#2845 = ORIENTED_EDGE('',*,*,#2017,.F.);
#2846 = PLANE('',#2847);
#2847 = AXIS2_PLACEMENT_3D('',#2848,#2849,#2850);
#2848 = CARTESIAN_POINT('',(0.25,-0.25,-0.9));
#2849 = DIRECTION('',(1.224646799147E-16,1.,0.));
#2850 = DIRECTION('',(0.,-0.,1.));
#2851 = ADVANCED_FACE('',(#2852),#2895,.F.);
#2852 = FACE_BOUND('',#2853,.F.);
#2853 = EDGE_LOOP('',(#2854,#2864,#2872,#2878,#2879,#2880,#2881,#2889));
#2854 = ORIENTED_EDGE('',*,*,#2855,.T.);
#2855 = EDGE_CURVE('',#2856,#2858,#2860,.T.);
#2856 = VERTEX_POINT('',#2857);
#2857 = CARTESIAN_POINT('',(0.25,0.281578947368,-3.2));
#2858 = VERTEX_POINT('',#2859);
#2859 = CARTESIAN_POINT('',(0.25,-0.218421052632,-3.2));
#2860 = LINE('',#2861,#2862);
#2861 = CARTESIAN_POINT('',(0.25,0.25,-3.2));
#2862 = VECTOR('',#2863,1.);
#2863 = DIRECTION('',(-1.224646799147E-16,-1.,0.));
#2864 = ORIENTED_EDGE('',*,*,#2865,.T.);
#2865 = EDGE_CURVE('',#2858,#2866,#2868,.T.);
#2866 = VERTEX_POINT('',#2867);
#2867 = CARTESIAN_POINT('',(0.25,5.E-02,-1.5));
#2868 = LINE('',#2869,#2870);
#2869 = CARTESIAN_POINT('',(0.25,-0.25,-3.4));
#2870 = VECTOR('',#2871,1.);
#2871 = DIRECTION('',(1.909990663905E-17,0.155962573473,0.987762965329)
  );
#2872 = ORIENTED_EDGE('',*,*,#2873,.T.);
#2873 = EDGE_CURVE('',#2866,#2832,#2874,.T.);
#2874 = LINE('',#2875,#2876);
#2875 = CARTESIAN_POINT('',(0.25,5.E-02,-1.5));
#2876 = VECTOR('',#2877,1.);
#2877 = DIRECTION('',(-5.476786982641E-17,-0.4472135955,0.894427191));
#2878 = ORIENTED_EDGE('',*,*,#2831,.T.);
#2879 = ORIENTED_EDGE('',*,*,#2009,.F.);
#2880 = ORIENTED_EDGE('',*,*,#2744,.T.);
#2881 = ORIENTED_EDGE('',*,*,#2882,.T.);
#2882 = EDGE_CURVE('',#2745,#2883,#2885,.T.);
#2883 = VERTEX_POINT('',#2884);
#2884 = CARTESIAN_POINT('',(0.25,0.55,-1.5));
#2885 = LINE('',#2886,#2887);
#2886 = CARTESIAN_POINT('',(0.25,0.25,-0.9));
#2887 = VECTOR('',#2888,1.);
#2888 = DIRECTION('',(5.476786982641E-17,0.4472135955,-0.894427191));
#2889 = ORIENTED_EDGE('',*,*,#2890,.T.);
#2890 = EDGE_CURVE('',#2883,#2856,#2891,.T.);
#2891 = LINE('',#2892,#2893);
#2892 = CARTESIAN_POINT('',(0.25,0.55,-1.5));
#2893 = VECTOR('',#2894,1.);
#2894 = DIRECTION('',(-1.909990663905E-17,-0.155962573473,
    -0.987762965329));
#2895 = PLANE('',#2896);
#2896 = AXIS2_PLACEMENT_3D('',#2897,#2898,#2899);
#2897 = CARTESIAN_POINT('',(0.25,4.326643272645E-02,0.775746953017));
#2898 = DIRECTION('',(-1.,1.224646799147E-16,0.));
#2899 = DIRECTION('',(0.,0.,1.));
#2900 = ADVANCED_FACE('',(#2901),#2926,.T.);
#2901 = FACE_BOUND('',#2902,.T.);
#2902 = EDGE_LOOP('',(#2903,#2913,#2919,#2920));
#2903 = ORIENTED_EDGE('',*,*,#2904,.T.);
#2904 = EDGE_CURVE('',#2905,#2907,#2909,.T.);
#2905 = VERTEX_POINT('',#2906);
#2906 = CARTESIAN_POINT('',(1.75,0.25,-3.2));
#2907 = VERTEX_POINT('',#2908);
#2908 = CARTESIAN_POINT('',(1.75,-0.25,-3.2));
#2909 = LINE('',#2910,#2911);
#2910 = CARTESIAN_POINT('',(1.75,0.25,-3.2));
#2911 = VECTOR('',#2912,1.);
#2912 = DIRECTION('',(-1.224646799147E-16,-1.,0.));
#2913 = ORIENTED_EDGE('',*,*,#2914,.T.);
#2914 = EDGE_CURVE('',#2907,#2048,#2915,.T.);
#2915 = LINE('',#2916,#2917);
#2916 = CARTESIAN_POINT('',(1.75,-0.25,-3.4));
#2917 = VECTOR('',#2918,1.);
#2918 = DIRECTION('',(0.,0.,1.));
#2919 = ORIENTED_EDGE('',*,*,#2045,.F.);
#2920 = ORIENTED_EDGE('',*,*,#2921,.T.);
#2921 = EDGE_CURVE('',#2046,#2905,#2922,.T.);
#2922 = LINE('',#2923,#2924);
#2923 = CARTESIAN_POINT('',(1.75,0.25,5.));
#2924 = VECTOR('',#2925,1.);
#2925 = DIRECTION('',(-0.,0.,-1.));
#2926 = PLANE('',#2927);
#2927 = AXIS2_PLACEMENT_3D('',#2928,#2929,#2930);
#2928 = CARTESIAN_POINT('',(1.75,1.530808498934E-16,0.8));
#2929 = DIRECTION('',(-1.,1.224646799147E-16,0.));
#2930 = DIRECTION('',(0.,0.,1.));
#2931 = ADVANCED_FACE('',(#2932),#2950,.F.);
#2932 = FACE_BOUND('',#2933,.F.);
#2933 = EDGE_LOOP('',(#2934,#2942,#2948,#2949));
#2934 = ORIENTED_EDGE('',*,*,#2935,.F.);
#2935 = EDGE_CURVE('',#2936,#2064,#2938,.T.);
#2936 = VERTEX_POINT('',#2937);
#2937 = CARTESIAN_POINT('',(2.25,-0.25,-3.2));
#2938 = LINE('',#2939,#2940);
#2939 = CARTESIAN_POINT('',(2.25,-0.25,-3.4));
#2940 = VECTOR('',#2941,1.);
#2941 = DIRECTION('',(0.,0.,1.));
#2942 = ORIENTED_EDGE('',*,*,#2943,.T.);
#2943 = EDGE_CURVE('',#2936,#2907,#2944,.T.);
#2944 = LINE('',#2945,#2946);
#2945 = CARTESIAN_POINT('',(2.25,-0.25,-3.2));
#2946 = VECTOR('',#2947,1.);
#2947 = DIRECTION('',(-1.,1.224646799147E-16,0.));
#2948 = ORIENTED_EDGE('',*,*,#2914,.T.);
#2949 = ORIENTED_EDGE('',*,*,#2071,.F.);
#2950 = PLANE('',#2951);
#2951 = AXIS2_PLACEMENT_3D('',#2952,#2953,#2954);
#2952 = CARTESIAN_POINT('',(2.25,-0.25,-3.4));
#2953 = DIRECTION('',(1.224646799147E-16,1.,0.));
#2954 = DIRECTION('',(0.,-0.,1.));
#2955 = ADVANCED_FACE('',(#2956),#2974,.F.);
#2956 = FACE_BOUND('',#2957,.F.);
#2957 = EDGE_LOOP('',(#2958,#2966,#2967,#2968));
#2958 = ORIENTED_EDGE('',*,*,#2959,.T.);
#2959 = EDGE_CURVE('',#2960,#2936,#2962,.T.);
#2960 = VERTEX_POINT('',#2961);
#2961 = CARTESIAN_POINT('',(2.25,0.25,-3.2));
#2962 = LINE('',#2963,#2964);
#2963 = CARTESIAN_POINT('',(2.25,0.25,-3.2));
#2964 = VECTOR('',#2965,1.);
#2965 = DIRECTION('',(-1.224646799147E-16,-1.,0.));
#2966 = ORIENTED_EDGE('',*,*,#2935,.T.);
#2967 = ORIENTED_EDGE('',*,*,#2063,.F.);
#2968 = ORIENTED_EDGE('',*,*,#2969,.T.);
#2969 = EDGE_CURVE('',#2056,#2960,#2970,.T.);
#2970 = LINE('',#2971,#2972);
#2971 = CARTESIAN_POINT('',(2.25,0.25,5.));
#2972 = VECTOR('',#2973,1.);
#2973 = DIRECTION('',(-0.,0.,-1.));
#2974 = PLANE('',#2975);
#2975 = AXIS2_PLACEMENT_3D('',#2976,#2977,#2978);
#2976 = CARTESIAN_POINT('',(2.25,9.184850993605E-17,0.8));
#2977 = DIRECTION('',(-1.,1.224646799147E-16,0.));
#2978 = DIRECTION('',(0.,0.,1.));
#2979 = ADVANCED_FACE('',(#2980),#2991,.F.);
#2980 = FACE_BOUND('',#2981,.F.);
#2981 = EDGE_LOOP('',(#2982,#2983,#2984,#2985));
#2982 = ORIENTED_EDGE('',*,*,#2969,.F.);
#2983 = ORIENTED_EDGE('',*,*,#2055,.F.);
#2984 = ORIENTED_EDGE('',*,*,#2921,.T.);
#2985 = ORIENTED_EDGE('',*,*,#2986,.F.);
#2986 = EDGE_CURVE('',#2960,#2905,#2987,.T.);
#2987 = LINE('',#2988,#2989);
#2988 = CARTESIAN_POINT('',(2.25,0.25,-3.2));
#2989 = VECTOR('',#2990,1.);
#2990 = DIRECTION('',(-1.,1.224646799147E-16,0.));
#2991 = PLANE('',#2992);
#2992 = AXIS2_PLACEMENT_3D('',#2993,#2994,#2995);
#2993 = CARTESIAN_POINT('',(2.25,0.25,5.));
#2994 = DIRECTION('',(-1.224646799147E-16,-1.,0.));
#2995 = DIRECTION('',(-0.,0.,-1.));
#2996 = ADVANCED_FACE('',(#2997),#3022,.F.);
#2997 = FACE_BOUND('',#2998,.F.);
#2998 = EDGE_LOOP('',(#2999,#3009,#3015,#3016));
#2999 = ORIENTED_EDGE('',*,*,#3000,.T.);
#3000 = EDGE_CURVE('',#3001,#3003,#3005,.T.);
#3001 = VERTEX_POINT('',#3002);
#3002 = CARTESIAN_POINT('',(4.25,0.25,-3.2));
#3003 = VERTEX_POINT('',#3004);
#3004 = CARTESIAN_POINT('',(4.25,-0.25,-3.2));
#3005 = LINE('',#3006,#3007);
#3006 = CARTESIAN_POINT('',(4.25,0.25,-3.2));
#3007 = VECTOR('',#3008,1.);
#3008 = DIRECTION('',(-1.224646799147E-16,-1.,0.));
#3009 = ORIENTED_EDGE('',*,*,#3010,.T.);
#3010 = EDGE_CURVE('',#3003,#2094,#3011,.T.);
#3011 = LINE('',#3012,#3013);
#3012 = CARTESIAN_POINT('',(4.25,-0.25,-3.4));
#3013 = VECTOR('',#3014,1.);
#3014 = DIRECTION('',(0.,0.,1.));
#3015 = ORIENTED_EDGE('',*,*,#2091,.F.);
#3016 = ORIENTED_EDGE('',*,*,#3017,.T.);
#3017 = EDGE_CURVE('',#2092,#3001,#3018,.T.);
#3018 = LINE('',#3019,#3020);
#3019 = CARTESIAN_POINT('',(4.25,0.25,5.));
#3020 = VECTOR('',#3021,1.);
#3021 = DIRECTION('',(-0.,0.,-1.));
#3022 = PLANE('',#3023);
#3023 = AXIS2_PLACEMENT_3D('',#3024,#3025,#3026);
#3024 = CARTESIAN_POINT('',(4.25,-1.530808498934E-16,0.8));
#3025 = DIRECTION('',(-1.,1.224646799147E-16,0.));
#3026 = DIRECTION('',(0.,0.,1.));
#3027 = ADVANCED_FACE('',(#3028),#3046,.F.);
#3028 = FACE_BOUND('',#3029,.F.);
#3029 = EDGE_LOOP('',(#3030,#3031,#3032,#3040));
#3030 = ORIENTED_EDGE('',*,*,#3017,.F.);
#3031 = ORIENTED_EDGE('',*,*,#2117,.F.);
#3032 = ORIENTED_EDGE('',*,*,#3033,.T.);
#3033 = EDGE_CURVE('',#2110,#3034,#3036,.T.);
#3034 = VERTEX_POINT('',#3035);
#3035 = CARTESIAN_POINT('',(3.75,0.25,-3.2));
#3036 = LINE('',#3037,#3038);
#3037 = CARTESIAN_POINT('',(3.75,0.25,5.));
#3038 = VECTOR('',#3039,1.);
#3039 = DIRECTION('',(-0.,0.,-1.));
#3040 = ORIENTED_EDGE('',*,*,#3041,.F.);
#3041 = EDGE_CURVE('',#3001,#3034,#3042,.T.);
#3042 = LINE('',#3043,#3044);
#3043 = CARTESIAN_POINT('',(4.25,0.25,-3.2));
#3044 = VECTOR('',#3045,1.);
#3045 = DIRECTION('',(-1.,1.224646799147E-16,0.));
#3046 = PLANE('',#3047);
#3047 = AXIS2_PLACEMENT_3D('',#3048,#3049,#3050);
#3048 = CARTESIAN_POINT('',(4.25,0.25,5.));
#3049 = DIRECTION('',(-1.224646799147E-16,-1.,0.));
#3050 = DIRECTION('',(-0.,0.,-1.));
#3051 = ADVANCED_FACE('',(#3052),#3070,.T.);
#3052 = FACE_BOUND('',#3053,.T.);
#3053 = EDGE_LOOP('',(#3054,#3062,#3068,#3069));
#3054 = ORIENTED_EDGE('',*,*,#3055,.T.);
#3055 = EDGE_CURVE('',#3034,#3056,#3058,.T.);
#3056 = VERTEX_POINT('',#3057);
#3057 = CARTESIAN_POINT('',(3.75,-0.25,-3.2));
#3058 = LINE('',#3059,#3060);
#3059 = CARTESIAN_POINT('',(3.75,0.25,-3.2));
#3060 = VECTOR('',#3061,1.);
#3061 = DIRECTION('',(-1.224646799147E-16,-1.,0.));
#3062 = ORIENTED_EDGE('',*,*,#3063,.T.);
#3063 = EDGE_CURVE('',#3056,#2102,#3064,.T.);
#3064 = LINE('',#3065,#3066);
#3065 = CARTESIAN_POINT('',(3.75,-0.25,-3.4));
#3066 = VECTOR('',#3067,1.);
#3067 = DIRECTION('',(0.,0.,1.));
#3068 = ORIENTED_EDGE('',*,*,#2109,.F.);
#3069 = ORIENTED_EDGE('',*,*,#3033,.T.);
#3070 = PLANE('',#3071);
#3071 = AXIS2_PLACEMENT_3D('',#3072,#3073,#3074);
#3072 = CARTESIAN_POINT('',(3.75,-9.184850993605E-17,0.8));
#3073 = DIRECTION('',(-1.,1.224646799147E-16,0.));
#3074 = DIRECTION('',(0.,0.,1.));
#3075 = ADVANCED_FACE('',(#3076),#3087,.F.);
#3076 = FACE_BOUND('',#3077,.F.);
#3077 = EDGE_LOOP('',(#3078,#3079,#3085,#3086));
#3078 = ORIENTED_EDGE('',*,*,#3010,.F.);
#3079 = ORIENTED_EDGE('',*,*,#3080,.T.);
#3080 = EDGE_CURVE('',#3003,#3056,#3081,.T.);
#3081 = LINE('',#3082,#3083);
#3082 = CARTESIAN_POINT('',(4.25,-0.25,-3.2));
#3083 = VECTOR('',#3084,1.);
#3084 = DIRECTION('',(-1.,1.224646799147E-16,0.));
#3085 = ORIENTED_EDGE('',*,*,#3063,.T.);
#3086 = ORIENTED_EDGE('',*,*,#2101,.F.);
#3087 = PLANE('',#3088);
#3088 = AXIS2_PLACEMENT_3D('',#3089,#3090,#3091);
#3089 = CARTESIAN_POINT('',(4.25,-0.25,-3.4));
#3090 = DIRECTION('',(1.224646799147E-16,1.,0.));
#3091 = DIRECTION('',(0.,-0.,1.));
#3092 = ADVANCED_FACE('',(#3093),#3134,.T.);
#3093 = FACE_BOUND('',#3094,.F.);
#3094 = EDGE_LOOP('',(#3095,#3105,#3111,#3112,#3120,#3128));
#3095 = ORIENTED_EDGE('',*,*,#3096,.T.);
#3096 = EDGE_CURVE('',#3097,#3099,#3101,.T.);
#3097 = VERTEX_POINT('',#3098);
#3098 = CARTESIAN_POINT('',(6.05,-5.E-02,-3.4));
#3099 = VERTEX_POINT('',#3100);
#3100 = CARTESIAN_POINT('',(6.247552593066,-0.218807485305,
    -3.202447406934));
#3101 = LINE('',#3102,#3103);
#3102 = CARTESIAN_POINT('',(6.107606629418,-9.922451332131E-02,
    -3.342393370582));
#3103 = VECTOR('',#3104,1.);
#3104 = DIRECTION('',(0.605209817607,-0.517148096144,0.605209817607));
#3105 = ORIENTED_EDGE('',*,*,#3106,.T.);
#3106 = EDGE_CURVE('',#3099,#2163,#3107,.T.);
#3107 = LINE('',#3108,#3109);
#3108 = CARTESIAN_POINT('',(6.168262653899,-0.231326949384,
    -3.281737346101));
#3109 = VECTOR('',#3110,1.);
#3110 = DIRECTION('',(0.702740385383,0.110959008218,0.702740385383));
#3111 = ORIENTED_EDGE('',*,*,#2160,.F.);
#3112 = ORIENTED_EDGE('',*,*,#3113,.F.);
#3113 = EDGE_CURVE('',#3114,#2161,#3116,.T.);
#3114 = VERTEX_POINT('',#3115);
#3115 = CARTESIAN_POINT('',(6.247552593066,0.281192514695,
    -3.202447406934));
#3116 = LINE('',#3117,#3118);
#3117 = CARTESIAN_POINT('',(6.629616963064,0.341518467852,
    -2.820383036936));
#3118 = VECTOR('',#3119,1.);
#3119 = DIRECTION('',(0.702740385383,0.110959008218,0.702740385383));
#3120 = ORIENTED_EDGE('',*,*,#3121,.F.);
#3121 = EDGE_CURVE('',#3122,#3114,#3124,.T.);
#3122 = VERTEX_POINT('',#3123);
#3123 = CARTESIAN_POINT('',(6.05,5.E-02,-3.4));
#3124 = LINE('',#3125,#3126);
#3125 = CARTESIAN_POINT('',(6.17881689775,0.200752273427,-3.27118310225)
  );
#3126 = VECTOR('',#3127,1.);
#3127 = DIRECTION('',(0.544770019249,0.63753529491,0.544770019249));
#3128 = ORIENTED_EDGE('',*,*,#3129,.T.);
#3129 = EDGE_CURVE('',#3122,#3097,#3130,.T.);
#3130 = LINE('',#3131,#3132);
#3131 = CARTESIAN_POINT('',(6.05,0.25,-3.4));
#3132 = VECTOR('',#3133,1.);
#3133 = DIRECTION('',(-1.224646799147E-16,-1.,0.));
#3134 = PLANE('',#3135);
#3135 = AXIS2_PLACEMENT_3D('',#3136,#3137,#3138);
#3136 = CARTESIAN_POINT('',(6.15,0.25,-3.3));
#3137 = DIRECTION('',(0.707106781187,-8.486018839685E-17,-0.707106781187
    ));
#3138 = DIRECTION('',(1.212375546256E-16,1.,1.227125289196E-18));
#3139 = ADVANCED_FACE('',(#3140),#3165,.F.);
#3140 = FACE_BOUND('',#3141,.F.);
#3141 = EDGE_LOOP('',(#3142,#3143,#3149,#3150,#3158,#3164));
#3142 = ORIENTED_EDGE('',*,*,#2209,.F.);
#3143 = ORIENTED_EDGE('',*,*,#3144,.T.);
#3144 = EDGE_CURVE('',#2202,#2282,#3145,.T.);
#3145 = LINE('',#3146,#3147);
#3146 = CARTESIAN_POINT('',(6.25,0.55,-1.5));
#3147 = VECTOR('',#3148,1.);
#3148 = DIRECTION('',(-1.,1.224646799147E-16,0.));
#3149 = ORIENTED_EDGE('',*,*,#2289,.T.);
#3150 = ORIENTED_EDGE('',*,*,#3151,.F.);
#3151 = EDGE_CURVE('',#3152,#2248,#3154,.T.);
#3152 = VERTEX_POINT('',#3153);
#3153 = CARTESIAN_POINT('',(5.752447406934,0.281192514695,
    -3.202447406934));
#3154 = LINE('',#3155,#3156);
#3155 = CARTESIAN_POINT('',(5.493844049248,0.322024623803,
    -2.943844049248));
#3156 = VECTOR('',#3157,1.);
#3157 = DIRECTION('',(-0.702740385383,0.110959008218,0.702740385383));
#3158 = ORIENTED_EDGE('',*,*,#3159,.F.);
#3159 = EDGE_CURVE('',#3114,#3152,#3160,.T.);
#3160 = LINE('',#3161,#3162);
#3161 = CARTESIAN_POINT('',(6.25,0.281192514695,-3.202447406934));
#3162 = VECTOR('',#3163,1.);
#3163 = DIRECTION('',(-1.,1.224646799147E-16,0.));
#3164 = ORIENTED_EDGE('',*,*,#3113,.T.);
#3165 = PLANE('',#3166);
#3166 = AXIS2_PLACEMENT_3D('',#3167,#3168,#3169);
#3167 = CARTESIAN_POINT('',(6.25,0.55,-1.5));
#3168 = DIRECTION('',(-1.209660753807E-16,-0.987762965329,0.155962573473
    ));
#3169 = DIRECTION('',(-1.909990663905E-17,-0.155962573473,
    -0.987762965329));
#3170 = ADVANCED_FACE('',(#3171),#3177,.F.);
#3171 = FACE_BOUND('',#3172,.F.);
#3172 = EDGE_LOOP('',(#3173,#3174,#3175,#3176));
#3173 = ORIENTED_EDGE('',*,*,#2233,.T.);
#3174 = ORIENTED_EDGE('',*,*,#2281,.T.);
#3175 = ORIENTED_EDGE('',*,*,#3144,.F.);
#3176 = ORIENTED_EDGE('',*,*,#2201,.F.);
#3177 = PLANE('',#3178);
#3178 = AXIS2_PLACEMENT_3D('',#3179,#3180,#3181);
#3179 = CARTESIAN_POINT('',(6.25,0.25,-0.9));
#3180 = DIRECTION('',(-1.095357396528E-16,-0.894427191,-0.4472135955));
#3181 = DIRECTION('',(5.476786982641E-17,0.4472135955,-0.894427191));
#3182 = ADVANCED_FACE('',(#3183),#3194,.F.);
#3183 = FACE_BOUND('',#3184,.F.);
#3184 = EDGE_LOOP('',(#3185,#3191,#3192,#3193));
#3185 = ORIENTED_EDGE('',*,*,#3186,.T.);
#3186 = EDGE_CURVE('',#2171,#2258,#3187,.T.);
#3187 = LINE('',#3188,#3189);
#3188 = CARTESIAN_POINT('',(6.25,5.E-02,-1.5));
#3189 = VECTOR('',#3190,1.);
#3190 = DIRECTION('',(-1.,1.224646799147E-16,0.));
#3191 = ORIENTED_EDGE('',*,*,#2265,.T.);
#3192 = ORIENTED_EDGE('',*,*,#2304,.F.);
#3193 = ORIENTED_EDGE('',*,*,#2178,.F.);
#3194 = PLANE('',#3195);
#3195 = AXIS2_PLACEMENT_3D('',#3196,#3197,#3198);
#3196 = CARTESIAN_POINT('',(6.25,5.E-02,-1.5));
#3197 = DIRECTION('',(1.095357396528E-16,0.894427191,0.4472135955));
#3198 = DIRECTION('',(-5.476786982641E-17,-0.4472135955,0.894427191));
#3199 = ADVANCED_FACE('',(#3200),#3220,.F.);
#3200 = FACE_BOUND('',#3201,.F.);
#3201 = EDGE_LOOP('',(#3202,#3203,#3204,#3212,#3218,#3219));
#3202 = ORIENTED_EDGE('',*,*,#2170,.F.);
#3203 = ORIENTED_EDGE('',*,*,#3106,.F.);
#3204 = ORIENTED_EDGE('',*,*,#3205,.T.);
#3205 = EDGE_CURVE('',#3099,#3206,#3208,.T.);
#3206 = VERTEX_POINT('',#3207);
#3207 = CARTESIAN_POINT('',(5.752447406934,-0.218807485305,
    -3.202447406934));
#3208 = LINE('',#3209,#3210);
#3209 = CARTESIAN_POINT('',(6.25,-0.218807485305,-3.202447406934));
#3210 = VECTOR('',#3211,1.);
#3211 = DIRECTION('',(-1.,1.224646799147E-16,0.));
#3212 = ORIENTED_EDGE('',*,*,#3213,.T.);
#3213 = EDGE_CURVE('',#3206,#2250,#3214,.T.);
#3214 = LINE('',#3215,#3216);
#3215 = CARTESIAN_POINT('',(5.955198358413,-0.250820793434,
    -3.405198358413));
#3216 = VECTOR('',#3217,1.);
#3217 = DIRECTION('',(-0.702740385383,0.110959008218,0.702740385383));
#3218 = ORIENTED_EDGE('',*,*,#2257,.T.);
#3219 = ORIENTED_EDGE('',*,*,#3186,.F.);
#3220 = PLANE('',#3221);
#3221 = AXIS2_PLACEMENT_3D('',#3222,#3223,#3224);
#3222 = CARTESIAN_POINT('',(6.25,-0.25,-3.4));
#3223 = DIRECTION('',(1.209660753807E-16,0.987762965329,-0.155962573473)
  );
#3224 = DIRECTION('',(1.909990663905E-17,0.155962573473,0.987762965329)
  );
#3225 = ADVANCED_FACE('',(#3226),#3253,.F.);
#3226 = FACE_BOUND('',#3227,.T.);
#3227 = EDGE_LOOP('',(#3228,#3236,#3237,#3238,#3239,#3247));
#3228 = ORIENTED_EDGE('',*,*,#3229,.T.);
#3229 = EDGE_CURVE('',#3230,#3206,#3232,.T.);
#3230 = VERTEX_POINT('',#3231);
#3231 = CARTESIAN_POINT('',(5.95,-5.E-02,-3.4));
#3232 = LINE('',#3233,#3234);
#3233 = CARTESIAN_POINT('',(5.983963101414,-2.097873708559E-02,
    -3.433963101414));
#3234 = VECTOR('',#3235,1.);
#3235 = DIRECTION('',(-0.605209817607,-0.517148096144,0.605209817607));
#3236 = ORIENTED_EDGE('',*,*,#3213,.T.);
#3237 = ORIENTED_EDGE('',*,*,#2247,.F.);
#3238 = ORIENTED_EDGE('',*,*,#3151,.F.);
#3239 = ORIENTED_EDGE('',*,*,#3240,.F.);
#3240 = EDGE_CURVE('',#3241,#3152,#3243,.T.);
#3241 = VERTEX_POINT('',#3242);
#3242 = CARTESIAN_POINT('',(5.95,5.E-02,-3.4));
#3243 = LINE('',#3244,#3245);
#3244 = CARTESIAN_POINT('',(5.895376695718,0.113924744707,
    -3.345376695718));
#3245 = VECTOR('',#3246,1.);
#3246 = DIRECTION('',(-0.544770019249,0.63753529491,0.544770019249));
#3247 = ORIENTED_EDGE('',*,*,#3248,.T.);
#3248 = EDGE_CURVE('',#3241,#3230,#3249,.T.);
#3249 = LINE('',#3250,#3251);
#3250 = CARTESIAN_POINT('',(5.95,0.25,-3.4));
#3251 = VECTOR('',#3252,1.);
#3252 = DIRECTION('',(-1.224646799147E-16,-1.,0.));
#3253 = PLANE('',#3254);
#3254 = AXIS2_PLACEMENT_3D('',#3255,#3256,#3257);
#3255 = CARTESIAN_POINT('',(5.85,0.25,-3.3));
#3256 = DIRECTION('',(0.707106781187,-8.833102285013E-17,0.707106781187)
  );
#3257 = DIRECTION('',(1.236918052038E-16,1.,1.227125289097E-18));
#3258 = ADVANCED_FACE('',(#3259),#3265,.F.);
#3259 = FACE_BOUND('',#3260,.F.);
#3260 = EDGE_LOOP('',(#3261,#3262,#3263,#3264));
#3261 = ORIENTED_EDGE('',*,*,#2558,.T.);
#3262 = ORIENTED_EDGE('',*,*,#2573,.T.);
#3263 = ORIENTED_EDGE('',*,*,#2597,.F.);
#3264 = ORIENTED_EDGE('',*,*,#2399,.F.);
#3265 = PLANE('',#3266);
#3266 = AXIS2_PLACEMENT_3D('',#3267,#3268,#3269);
#3267 = CARTESIAN_POINT('',(5.2,-2.,1.8));
#3268 = DIRECTION('',(-1.224646799147E-16,-1.,0.));
#3269 = DIRECTION('',(-1.,1.224646799147E-16,0.));
#3270 = ADVANCED_FACE('',(#3271),#3277,.F.);
#3271 = FACE_BOUND('',#3272,.F.);
#3272 = EDGE_LOOP('',(#3273,#3274,#3275,#3276));
#3273 = ORIENTED_EDGE('',*,*,#2623,.T.);
#3274 = ORIENTED_EDGE('',*,*,#2638,.T.);
#3275 = ORIENTED_EDGE('',*,*,#2662,.F.);
#3276 = ORIENTED_EDGE('',*,*,#2376,.F.);
#3277 = PLANE('',#3278);
#3278 = AXIS2_PLACEMENT_3D('',#3279,#3280,#3281);
#3279 = CARTESIAN_POINT('',(3.2,-2.,1.8));
#3280 = DIRECTION('',(-1.224646799147E-16,-1.,0.));
#3281 = DIRECTION('',(-1.,1.224646799147E-16,0.));
#3282 = ADVANCED_FACE('',(#3283),#3289,.F.);
#3283 = FACE_BOUND('',#3284,.F.);
#3284 = EDGE_LOOP('',(#3285,#3286,#3287,#3288));
#3285 = ORIENTED_EDGE('',*,*,#2688,.T.);
#3286 = ORIENTED_EDGE('',*,*,#2703,.T.);
#3287 = ORIENTED_EDGE('',*,*,#2727,.F.);
#3288 = ORIENTED_EDGE('',*,*,#2353,.F.);
#3289 = PLANE('',#3290);
#3290 = AXIS2_PLACEMENT_3D('',#3291,#3292,#3293);
#3291 = CARTESIAN_POINT('',(1.2,-2.,1.8));
#3292 = DIRECTION('',(-1.224646799147E-16,-1.,0.));
#3293 = DIRECTION('',(-1.,1.224646799147E-16,0.));
#3294 = ADVANCED_FACE('',(#3295),#3320,.F.);
#3295 = FACE_BOUND('',#3296,.F.);
#3296 = EDGE_LOOP('',(#3297,#3305,#3313,#3319));
#3297 = ORIENTED_EDGE('',*,*,#3298,.F.);
#3298 = EDGE_CURVE('',#3299,#2410,#3301,.T.);
#3299 = VERTEX_POINT('',#3300);
#3300 = CARTESIAN_POINT('',(0.25,0.25,4.8));
#3301 = LINE('',#3302,#3303);
#3302 = CARTESIAN_POINT('',(0.25,0.25,5.));
#3303 = VECTOR('',#3304,1.);
#3304 = DIRECTION('',(-0.,0.,-1.));
#3305 = ORIENTED_EDGE('',*,*,#3306,.T.);
#3306 = EDGE_CURVE('',#3299,#3307,#3309,.T.);
#3307 = VERTEX_POINT('',#3308);
#3308 = CARTESIAN_POINT('',(-0.25,0.25,4.8));
#3309 = LINE('',#3310,#3311);
#3310 = CARTESIAN_POINT('',(0.25,0.25,4.8));
#3311 = VECTOR('',#3312,1.);
#3312 = DIRECTION('',(-1.,1.224646799147E-16,0.));
#3313 = ORIENTED_EDGE('',*,*,#3314,.T.);
#3314 = EDGE_CURVE('',#3307,#2408,#3315,.T.);
#3315 = LINE('',#3316,#3317);
#3316 = CARTESIAN_POINT('',(-0.25,0.25,5.));
#3317 = VECTOR('',#3318,1.);
#3318 = DIRECTION('',(-0.,0.,-1.));
#3319 = ORIENTED_EDGE('',*,*,#2407,.T.);
#3320 = PLANE('',#3321);
#3321 = AXIS2_PLACEMENT_3D('',#3322,#3323,#3324);
#3322 = CARTESIAN_POINT('',(0.25,0.25,5.));
#3323 = DIRECTION('',(-1.224646799147E-16,-1.,0.));
#3324 = DIRECTION('',(-0.,0.,-1.));
#3325 = ADVANCED_FACE('',(#3326),#3344,.T.);
#3326 = FACE_BOUND('',#3327,.T.);
#3327 = EDGE_LOOP('',(#3328,#3329,#3337,#3343));
#3328 = ORIENTED_EDGE('',*,*,#2433,.T.);
#3329 = ORIENTED_EDGE('',*,*,#3330,.T.);
#3330 = EDGE_CURVE('',#2426,#3331,#3333,.T.);
#3331 = VERTEX_POINT('',#3332);
#3332 = CARTESIAN_POINT('',(-0.25,-0.25,4.8));
#3333 = LINE('',#3334,#3335);
#3334 = CARTESIAN_POINT('',(-0.25,-0.25,-0.9));
#3335 = VECTOR('',#3336,1.);
#3336 = DIRECTION('',(0.,0.,1.));
#3337 = ORIENTED_EDGE('',*,*,#3338,.T.);
#3338 = EDGE_CURVE('',#3331,#3307,#3339,.T.);
#3339 = LINE('',#3340,#3341);
#3340 = CARTESIAN_POINT('',(-0.25,-0.25,4.8));
#3341 = VECTOR('',#3342,1.);
#3342 = DIRECTION('',(1.224646799147E-16,1.,0.));
#3343 = ORIENTED_EDGE('',*,*,#3314,.T.);
#3344 = PLANE('',#3345);
#3345 = AXIS2_PLACEMENT_3D('',#3346,#3347,#3348);
#3346 = CARTESIAN_POINT('',(-0.25,4.326643272645E-02,0.775746953017));
#3347 = DIRECTION('',(-1.,1.224646799147E-16,0.));
#3348 = DIRECTION('',(0.,0.,1.));
#3349 = ADVANCED_FACE('',(#3350),#3368,.F.);
#3350 = FACE_BOUND('',#3351,.F.);
#3351 = EDGE_LOOP('',(#3352,#3360,#3361,#3362));
#3352 = ORIENTED_EDGE('',*,*,#3353,.F.);
#3353 = EDGE_CURVE('',#2418,#3354,#3356,.T.);
#3354 = VERTEX_POINT('',#3355);
#3355 = CARTESIAN_POINT('',(0.25,-0.25,4.8));
#3356 = LINE('',#3357,#3358);
#3357 = CARTESIAN_POINT('',(0.25,-0.25,-0.9));
#3358 = VECTOR('',#3359,1.);
#3359 = DIRECTION('',(0.,0.,1.));
#3360 = ORIENTED_EDGE('',*,*,#2425,.T.);
#3361 = ORIENTED_EDGE('',*,*,#3330,.T.);
#3362 = ORIENTED_EDGE('',*,*,#3363,.F.);
#3363 = EDGE_CURVE('',#3354,#3331,#3364,.T.);
#3364 = LINE('',#3365,#3366);
#3365 = CARTESIAN_POINT('',(0.25,-0.25,4.8));
#3366 = VECTOR('',#3367,1.);
#3367 = DIRECTION('',(-1.,1.224646799147E-16,0.));
#3368 = PLANE('',#3369);
#3369 = AXIS2_PLACEMENT_3D('',#3370,#3371,#3372);
#3370 = CARTESIAN_POINT('',(0.25,-0.25,-0.9));
#3371 = DIRECTION('',(1.224646799147E-16,1.,0.));
#3372 = DIRECTION('',(0.,-0.,1.));
#3373 = ADVANCED_FACE('',(#3374),#3385,.F.);
#3374 = FACE_BOUND('',#3375,.F.);
#3375 = EDGE_LOOP('',(#3376,#3377,#3378,#3384));
#3376 = ORIENTED_EDGE('',*,*,#2417,.T.);
#3377 = ORIENTED_EDGE('',*,*,#3353,.T.);
#3378 = ORIENTED_EDGE('',*,*,#3379,.T.);
#3379 = EDGE_CURVE('',#3354,#3299,#3380,.T.);
#3380 = LINE('',#3381,#3382);
#3381 = CARTESIAN_POINT('',(0.25,-0.25,4.8));
#3382 = VECTOR('',#3383,1.);
#3383 = DIRECTION('',(1.224646799147E-16,1.,0.));
#3384 = ORIENTED_EDGE('',*,*,#3298,.T.);
#3385 = PLANE('',#3386);
#3386 = AXIS2_PLACEMENT_3D('',#3387,#3388,#3389);
#3387 = CARTESIAN_POINT('',(0.25,4.326643272645E-02,0.775746953017));
#3388 = DIRECTION('',(-1.,1.224646799147E-16,0.));
#3389 = DIRECTION('',(0.,0.,1.));
#3390 = ADVANCED_FACE('',(#3391),#3416,.T.);
#3391 = FACE_BOUND('',#3392,.T.);
#3392 = EDGE_LOOP('',(#3393,#3394,#3402,#3410));
#3393 = ORIENTED_EDGE('',*,*,#2441,.T.);
#3394 = ORIENTED_EDGE('',*,*,#3395,.T.);
#3395 = EDGE_CURVE('',#2444,#3396,#3398,.T.);
#3396 = VERTEX_POINT('',#3397);
#3397 = CARTESIAN_POINT('',(1.75,-0.25,4.8));
#3398 = LINE('',#3399,#3400);
#3399 = CARTESIAN_POINT('',(1.75,-0.25,-3.4));
#3400 = VECTOR('',#3401,1.);
#3401 = DIRECTION('',(0.,0.,1.));
#3402 = ORIENTED_EDGE('',*,*,#3403,.T.);
#3403 = EDGE_CURVE('',#3396,#3404,#3406,.T.);
#3404 = VERTEX_POINT('',#3405);
#3405 = CARTESIAN_POINT('',(1.75,0.25,4.8));
#3406 = LINE('',#3407,#3408);
#3407 = CARTESIAN_POINT('',(1.75,-0.25,4.8));
#3408 = VECTOR('',#3409,1.);
#3409 = DIRECTION('',(1.224646799147E-16,1.,0.));
#3410 = ORIENTED_EDGE('',*,*,#3411,.T.);
#3411 = EDGE_CURVE('',#3404,#2442,#3412,.T.);
#3412 = LINE('',#3413,#3414);
#3413 = CARTESIAN_POINT('',(1.75,0.25,5.));
#3414 = VECTOR('',#3415,1.);
#3415 = DIRECTION('',(-0.,0.,-1.));
#3416 = PLANE('',#3417);
#3417 = AXIS2_PLACEMENT_3D('',#3418,#3419,#3420);
#3418 = CARTESIAN_POINT('',(1.75,1.530808498934E-16,0.8));
#3419 = DIRECTION('',(-1.,1.224646799147E-16,0.));
#3420 = DIRECTION('',(0.,0.,1.));
#3421 = ADVANCED_FACE('',(#3422),#3440,.F.);
#3422 = FACE_BOUND('',#3423,.F.);
#3423 = EDGE_LOOP('',(#3424,#3432,#3433,#3434));
#3424 = ORIENTED_EDGE('',*,*,#3425,.F.);
#3425 = EDGE_CURVE('',#2460,#3426,#3428,.T.);
#3426 = VERTEX_POINT('',#3427);
#3427 = CARTESIAN_POINT('',(2.25,-0.25,4.8));
#3428 = LINE('',#3429,#3430);
#3429 = CARTESIAN_POINT('',(2.25,-0.25,-3.4));
#3430 = VECTOR('',#3431,1.);
#3431 = DIRECTION('',(0.,0.,1.));
#3432 = ORIENTED_EDGE('',*,*,#2467,.T.);
#3433 = ORIENTED_EDGE('',*,*,#3395,.T.);
#3434 = ORIENTED_EDGE('',*,*,#3435,.F.);
#3435 = EDGE_CURVE('',#3426,#3396,#3436,.T.);
#3436 = LINE('',#3437,#3438);
#3437 = CARTESIAN_POINT('',(2.25,-0.25,4.8));
#3438 = VECTOR('',#3439,1.);
#3439 = DIRECTION('',(-1.,1.224646799147E-16,0.));
#3440 = PLANE('',#3441);
#3441 = AXIS2_PLACEMENT_3D('',#3442,#3443,#3444);
#3442 = CARTESIAN_POINT('',(2.25,-0.25,-3.4));
#3443 = DIRECTION('',(1.224646799147E-16,1.,0.));
#3444 = DIRECTION('',(0.,-0.,1.));
#3445 = ADVANCED_FACE('',(#3446),#3464,.F.);
#3446 = FACE_BOUND('',#3447,.F.);
#3447 = EDGE_LOOP('',(#3448,#3449,#3450,#3458));
#3448 = ORIENTED_EDGE('',*,*,#2459,.T.);
#3449 = ORIENTED_EDGE('',*,*,#3425,.T.);
#3450 = ORIENTED_EDGE('',*,*,#3451,.T.);
#3451 = EDGE_CURVE('',#3426,#3452,#3454,.T.);
#3452 = VERTEX_POINT('',#3453);
#3453 = CARTESIAN_POINT('',(2.25,0.25,4.8));
#3454 = LINE('',#3455,#3456);
#3455 = CARTESIAN_POINT('',(2.25,-0.25,4.8));
#3456 = VECTOR('',#3457,1.);
#3457 = DIRECTION('',(1.224646799147E-16,1.,0.));
#3458 = ORIENTED_EDGE('',*,*,#3459,.T.);
#3459 = EDGE_CURVE('',#3452,#2452,#3460,.T.);
#3460 = LINE('',#3461,#3462);
#3461 = CARTESIAN_POINT('',(2.25,0.25,5.));
#3462 = VECTOR('',#3463,1.);
#3463 = DIRECTION('',(-0.,0.,-1.));
#3464 = PLANE('',#3465);
#3465 = AXIS2_PLACEMENT_3D('',#3466,#3467,#3468);
#3466 = CARTESIAN_POINT('',(2.25,9.184850993605E-17,0.8));
#3467 = DIRECTION('',(-1.,1.224646799147E-16,0.));
#3468 = DIRECTION('',(0.,0.,1.));
#3469 = ADVANCED_FACE('',(#3470),#3481,.F.);
#3470 = FACE_BOUND('',#3471,.F.);
#3471 = EDGE_LOOP('',(#3472,#3473,#3479,#3480));
#3472 = ORIENTED_EDGE('',*,*,#3459,.F.);
#3473 = ORIENTED_EDGE('',*,*,#3474,.T.);
#3474 = EDGE_CURVE('',#3452,#3404,#3475,.T.);
#3475 = LINE('',#3476,#3477);
#3476 = CARTESIAN_POINT('',(2.25,0.25,4.8));
#3477 = VECTOR('',#3478,1.);
#3478 = DIRECTION('',(-1.,1.224646799147E-16,0.));
#3479 = ORIENTED_EDGE('',*,*,#3411,.T.);
#3480 = ORIENTED_EDGE('',*,*,#2451,.T.);
#3481 = PLANE('',#3482);
#3482 = AXIS2_PLACEMENT_3D('',#3483,#3484,#3485);
#3483 = CARTESIAN_POINT('',(2.25,0.25,5.));
#3484 = DIRECTION('',(-1.224646799147E-16,-1.,0.));
#3485 = DIRECTION('',(-0.,0.,-1.));
#3486 = ADVANCED_FACE('',(#3487),#3512,.F.);
#3487 = FACE_BOUND('',#3488,.F.);
#3488 = EDGE_LOOP('',(#3489,#3490,#3498,#3506));
#3489 = ORIENTED_EDGE('',*,*,#2475,.T.);
#3490 = ORIENTED_EDGE('',*,*,#3491,.T.);
#3491 = EDGE_CURVE('',#2478,#3492,#3494,.T.);
#3492 = VERTEX_POINT('',#3493);
#3493 = CARTESIAN_POINT('',(6.25,-0.25,4.8));
#3494 = LINE('',#3495,#3496);
#3495 = CARTESIAN_POINT('',(6.25,-0.25,-0.9));
#3496 = VECTOR('',#3497,1.);
#3497 = DIRECTION('',(0.,0.,1.));
#3498 = ORIENTED_EDGE('',*,*,#3499,.T.);
#3499 = EDGE_CURVE('',#3492,#3500,#3502,.T.);
#3500 = VERTEX_POINT('',#3501);
#3501 = CARTESIAN_POINT('',(6.25,0.25,4.8));
#3502 = LINE('',#3503,#3504);
#3503 = CARTESIAN_POINT('',(6.25,-0.25,4.8));
#3504 = VECTOR('',#3505,1.);
#3505 = DIRECTION('',(1.224646799147E-16,1.,0.));
#3506 = ORIENTED_EDGE('',*,*,#3507,.T.);
#3507 = EDGE_CURVE('',#3500,#2476,#3508,.T.);
#3508 = LINE('',#3509,#3510);
#3509 = CARTESIAN_POINT('',(6.25,0.25,5.));
#3510 = VECTOR('',#3511,1.);
#3511 = DIRECTION('',(-0.,0.,-1.));
#3512 = PLANE('',#3513);
#3513 = AXIS2_PLACEMENT_3D('',#3514,#3515,#3516);
#3514 = CARTESIAN_POINT('',(6.25,4.326643272645E-02,0.775746953017));
#3515 = DIRECTION('',(-1.,1.224646799147E-16,0.));
#3516 = DIRECTION('',(0.,0.,1.));
#3517 = ADVANCED_FACE('',(#3518),#3536,.F.);
#3518 = FACE_BOUND('',#3519,.F.);
#3519 = EDGE_LOOP('',(#3520,#3521,#3529,#3535));
#3520 = ORIENTED_EDGE('',*,*,#3507,.F.);
#3521 = ORIENTED_EDGE('',*,*,#3522,.T.);
#3522 = EDGE_CURVE('',#3500,#3523,#3525,.T.);
#3523 = VERTEX_POINT('',#3524);
#3524 = CARTESIAN_POINT('',(5.75,0.25,4.8));
#3525 = LINE('',#3526,#3527);
#3526 = CARTESIAN_POINT('',(6.25,0.25,4.8));
#3527 = VECTOR('',#3528,1.);
#3528 = DIRECTION('',(-1.,1.224646799147E-16,0.));
#3529 = ORIENTED_EDGE('',*,*,#3530,.T.);
#3530 = EDGE_CURVE('',#3523,#2494,#3531,.T.);
#3531 = LINE('',#3532,#3533);
#3532 = CARTESIAN_POINT('',(5.75,0.25,5.));
#3533 = VECTOR('',#3534,1.);
#3534 = DIRECTION('',(-0.,0.,-1.));
#3535 = ORIENTED_EDGE('',*,*,#2501,.T.);
#3536 = PLANE('',#3537);
#3537 = AXIS2_PLACEMENT_3D('',#3538,#3539,#3540);
#3538 = CARTESIAN_POINT('',(6.25,0.25,5.));
#3539 = DIRECTION('',(-1.224646799147E-16,-1.,0.));
#3540 = DIRECTION('',(-0.,0.,-1.));
#3541 = ADVANCED_FACE('',(#3542),#3560,.T.);
#3542 = FACE_BOUND('',#3543,.T.);
#3543 = EDGE_LOOP('',(#3544,#3545,#3553,#3559));
#3544 = ORIENTED_EDGE('',*,*,#2493,.T.);
#3545 = ORIENTED_EDGE('',*,*,#3546,.T.);
#3546 = EDGE_CURVE('',#2486,#3547,#3549,.T.);
#3547 = VERTEX_POINT('',#3548);
#3548 = CARTESIAN_POINT('',(5.75,-0.25,4.8));
#3549 = LINE('',#3550,#3551);
#3550 = CARTESIAN_POINT('',(5.75,-0.25,-0.9));
#3551 = VECTOR('',#3552,1.);
#3552 = DIRECTION('',(0.,0.,1.));
#3553 = ORIENTED_EDGE('',*,*,#3554,.T.);
#3554 = EDGE_CURVE('',#3547,#3523,#3555,.T.);
#3555 = LINE('',#3556,#3557);
#3556 = CARTESIAN_POINT('',(5.75,-0.25,4.8));
#3557 = VECTOR('',#3558,1.);
#3558 = DIRECTION('',(1.224646799147E-16,1.,0.));
#3559 = ORIENTED_EDGE('',*,*,#3530,.T.);
#3560 = PLANE('',#3561);
#3561 = AXIS2_PLACEMENT_3D('',#3562,#3563,#3564);
#3562 = CARTESIAN_POINT('',(5.75,4.326643272645E-02,0.775746953017));
#3563 = DIRECTION('',(-1.,1.224646799147E-16,0.));
#3564 = DIRECTION('',(0.,0.,1.));
#3565 = ADVANCED_FACE('',(#3566),#3577,.F.);
#3566 = FACE_BOUND('',#3567,.F.);
#3567 = EDGE_LOOP('',(#3568,#3569,#3570,#3571));
#3568 = ORIENTED_EDGE('',*,*,#3491,.F.);
#3569 = ORIENTED_EDGE('',*,*,#2485,.T.);
#3570 = ORIENTED_EDGE('',*,*,#3546,.T.);
#3571 = ORIENTED_EDGE('',*,*,#3572,.F.);
#3572 = EDGE_CURVE('',#3492,#3547,#3573,.T.);
#3573 = LINE('',#3574,#3575);
#3574 = CARTESIAN_POINT('',(6.25,-0.25,4.8));
#3575 = VECTOR('',#3576,1.);
#3576 = DIRECTION('',(-1.,1.224646799147E-16,0.));
#3577 = PLANE('',#3578);
#3578 = AXIS2_PLACEMENT_3D('',#3579,#3580,#3581);
#3579 = CARTESIAN_POINT('',(6.25,-0.25,-0.9));
#3580 = DIRECTION('',(1.224646799147E-16,1.,0.));
#3581 = DIRECTION('',(0.,-0.,1.));
#3582 = ADVANCED_FACE('',(#3583),#3608,.F.);
#3583 = FACE_BOUND('',#3584,.F.);
#3584 = EDGE_LOOP('',(#3585,#3586,#3594,#3602));
#3585 = ORIENTED_EDGE('',*,*,#2509,.T.);
#3586 = ORIENTED_EDGE('',*,*,#3587,.T.);
#3587 = EDGE_CURVE('',#2512,#3588,#3590,.T.);
#3588 = VERTEX_POINT('',#3589);
#3589 = CARTESIAN_POINT('',(4.25,-0.25,4.8));
#3590 = LINE('',#3591,#3592);
#3591 = CARTESIAN_POINT('',(4.25,-0.25,-3.4));
#3592 = VECTOR('',#3593,1.);
#3593 = DIRECTION('',(0.,0.,1.));
#3594 = ORIENTED_EDGE('',*,*,#3595,.T.);
#3595 = EDGE_CURVE('',#3588,#3596,#3598,.T.);
#3596 = VERTEX_POINT('',#3597);
#3597 = CARTESIAN_POINT('',(4.25,0.25,4.8));
#3598 = LINE('',#3599,#3600);
#3599 = CARTESIAN_POINT('',(4.25,-0.25,4.8));
#3600 = VECTOR('',#3601,1.);
#3601 = DIRECTION('',(1.224646799147E-16,1.,0.));
#3602 = ORIENTED_EDGE('',*,*,#3603,.T.);
#3603 = EDGE_CURVE('',#3596,#2510,#3604,.T.);
#3604 = LINE('',#3605,#3606);
#3605 = CARTESIAN_POINT('',(4.25,0.25,5.));
#3606 = VECTOR('',#3607,1.);
#3607 = DIRECTION('',(-0.,0.,-1.));
#3608 = PLANE('',#3609);
#3609 = AXIS2_PLACEMENT_3D('',#3610,#3611,#3612);
#3610 = CARTESIAN_POINT('',(4.25,-1.530808498934E-16,0.8));
#3611 = DIRECTION('',(-1.,1.224646799147E-16,0.));
#3612 = DIRECTION('',(0.,0.,1.));
#3613 = ADVANCED_FACE('',(#3614),#3632,.F.);
#3614 = FACE_BOUND('',#3615,.F.);
#3615 = EDGE_LOOP('',(#3616,#3617,#3625,#3631));
#3616 = ORIENTED_EDGE('',*,*,#3603,.F.);
#3617 = ORIENTED_EDGE('',*,*,#3618,.T.);
#3618 = EDGE_CURVE('',#3596,#3619,#3621,.T.);
#3619 = VERTEX_POINT('',#3620);
#3620 = CARTESIAN_POINT('',(3.75,0.25,4.8));
#3621 = LINE('',#3622,#3623);
#3622 = CARTESIAN_POINT('',(4.25,0.25,4.8));
#3623 = VECTOR('',#3624,1.);
#3624 = DIRECTION('',(-1.,1.224646799147E-16,0.));
#3625 = ORIENTED_EDGE('',*,*,#3626,.T.);
#3626 = EDGE_CURVE('',#3619,#2528,#3627,.T.);
#3627 = LINE('',#3628,#3629);
#3628 = CARTESIAN_POINT('',(3.75,0.25,5.));
#3629 = VECTOR('',#3630,1.);
#3630 = DIRECTION('',(-0.,0.,-1.));
#3631 = ORIENTED_EDGE('',*,*,#2535,.T.);
#3632 = PLANE('',#3633);
#3633 = AXIS2_PLACEMENT_3D('',#3634,#3635,#3636);
#3634 = CARTESIAN_POINT('',(4.25,0.25,5.));
#3635 = DIRECTION('',(-1.224646799147E-16,-1.,0.));
#3636 = DIRECTION('',(-0.,0.,-1.));
#3637 = ADVANCED_FACE('',(#3638),#3656,.T.);
#3638 = FACE_BOUND('',#3639,.T.);
#3639 = EDGE_LOOP('',(#3640,#3641,#3649,#3655));
#3640 = ORIENTED_EDGE('',*,*,#2527,.T.);
#3641 = ORIENTED_EDGE('',*,*,#3642,.T.);
#3642 = EDGE_CURVE('',#2520,#3643,#3645,.T.);
#3643 = VERTEX_POINT('',#3644);
#3644 = CARTESIAN_POINT('',(3.75,-0.25,4.8));
#3645 = LINE('',#3646,#3647);
#3646 = CARTESIAN_POINT('',(3.75,-0.25,-3.4));
#3647 = VECTOR('',#3648,1.);
#3648 = DIRECTION('',(0.,0.,1.));
#3649 = ORIENTED_EDGE('',*,*,#3650,.T.);
#3650 = EDGE_CURVE('',#3643,#3619,#3651,.T.);
#3651 = LINE('',#3652,#3653);
#3652 = CARTESIAN_POINT('',(3.75,-0.25,4.8));
#3653 = VECTOR('',#3654,1.);
#3654 = DIRECTION('',(1.224646799147E-16,1.,0.));
#3655 = ORIENTED_EDGE('',*,*,#3626,.T.);
#3656 = PLANE('',#3657);
#3657 = AXIS2_PLACEMENT_3D('',#3658,#3659,#3660);
#3658 = CARTESIAN_POINT('',(3.75,-9.184850993605E-17,0.8));
#3659 = DIRECTION('',(-1.,1.224646799147E-16,0.));
#3660 = DIRECTION('',(0.,0.,1.));
#3661 = ADVANCED_FACE('',(#3662),#3673,.F.);
#3662 = FACE_BOUND('',#3663,.F.);
#3663 = EDGE_LOOP('',(#3664,#3665,#3666,#3667));
#3664 = ORIENTED_EDGE('',*,*,#3587,.F.);
#3665 = ORIENTED_EDGE('',*,*,#2519,.T.);
#3666 = ORIENTED_EDGE('',*,*,#3642,.T.);
#3667 = ORIENTED_EDGE('',*,*,#3668,.F.);
#3668 = EDGE_CURVE('',#3588,#3643,#3669,.T.);
#3669 = LINE('',#3670,#3671);
#3670 = CARTESIAN_POINT('',(4.25,-0.25,4.8));
#3671 = VECTOR('',#3672,1.);
#3672 = DIRECTION('',(-1.,1.224646799147E-16,0.));
#3673 = PLANE('',#3674);
#3674 = AXIS2_PLACEMENT_3D('',#3675,#3676,#3677);
#3675 = CARTESIAN_POINT('',(4.25,-0.25,-3.4));
#3676 = DIRECTION('',(1.224646799147E-16,1.,0.));
#3677 = DIRECTION('',(0.,-0.,1.));
#3678 = ADVANCED_FACE('',(#3679),#3690,.F.);
#3679 = FACE_BOUND('',#3680,.F.);
#3680 = EDGE_LOOP('',(#3681,#3682,#3683,#3689));
#3681 = ORIENTED_EDGE('',*,*,#2761,.T.);
#3682 = ORIENTED_EDGE('',*,*,#2809,.T.);
#3683 = ORIENTED_EDGE('',*,*,#3684,.F.);
#3684 = EDGE_CURVE('',#2883,#2810,#3685,.T.);
#3685 = LINE('',#3686,#3687);
#3686 = CARTESIAN_POINT('',(0.25,0.55,-1.5));
#3687 = VECTOR('',#3688,1.);
#3688 = DIRECTION('',(-1.,1.224646799147E-16,0.));
#3689 = ORIENTED_EDGE('',*,*,#2882,.F.);
#3690 = PLANE('',#3691);
#3691 = AXIS2_PLACEMENT_3D('',#3692,#3693,#3694);
#3692 = CARTESIAN_POINT('',(0.25,0.25,-0.9));
#3693 = DIRECTION('',(-1.095357396528E-16,-0.894427191,-0.4472135955));
#3694 = DIRECTION('',(5.476786982641E-17,0.4472135955,-0.894427191));
#3695 = ADVANCED_FACE('',(#3696),#3737,.F.);
#3696 = FACE_BOUND('',#3697,.T.);
#3697 = EDGE_LOOP('',(#3698,#3708,#3714,#3715,#3723,#3731));
#3698 = ORIENTED_EDGE('',*,*,#3699,.T.);
#3699 = EDGE_CURVE('',#3700,#3702,#3704,.T.);
#3700 = VERTEX_POINT('',#3701);
#3701 = CARTESIAN_POINT('',(-5.E-02,-5.E-02,-3.4));
#3702 = VERTEX_POINT('',#3703);
#3703 = CARTESIAN_POINT('',(-0.247552593066,-0.218807485305,
    -3.202447406934));
#3704 = LINE('',#3705,#3706);
#3705 = CARTESIAN_POINT('',(-1.603689858649E-02,-2.097873708559E-02,
    -3.433963101414));
#3706 = VECTOR('',#3707,1.);
#3707 = DIRECTION('',(-0.605209817607,-0.517148096144,0.605209817607));
#3708 = ORIENTED_EDGE('',*,*,#3709,.T.);
#3709 = EDGE_CURVE('',#3702,#2778,#3710,.T.);
#3710 = LINE('',#3711,#3712);
#3711 = CARTESIAN_POINT('',(-4.480164158687E-02,-0.250820793434,
    -3.405198358413));
#3712 = VECTOR('',#3713,1.);
#3713 = DIRECTION('',(-0.702740385383,0.110959008218,0.702740385383));
#3714 = ORIENTED_EDGE('',*,*,#2775,.F.);
#3715 = ORIENTED_EDGE('',*,*,#3716,.F.);
#3716 = EDGE_CURVE('',#3717,#2776,#3719,.T.);
#3717 = VERTEX_POINT('',#3718);
#3718 = CARTESIAN_POINT('',(-0.247552593066,0.281192514695,
    -3.202447406934));
#3719 = LINE('',#3720,#3721);
#3720 = CARTESIAN_POINT('',(-0.506155950752,0.322024623803,
    -2.943844049248));
#3721 = VECTOR('',#3722,1.);
#3722 = DIRECTION('',(-0.702740385383,0.110959008218,0.702740385383));
#3723 = ORIENTED_EDGE('',*,*,#3724,.F.);
#3724 = EDGE_CURVE('',#3725,#3717,#3727,.T.);
#3725 = VERTEX_POINT('',#3726);
#3726 = CARTESIAN_POINT('',(-5.E-02,5.E-02,-3.4));
#3727 = LINE('',#3728,#3729);
#3728 = CARTESIAN_POINT('',(-0.104623304282,0.113924744707,
    -3.345376695718));
#3729 = VECTOR('',#3730,1.);
#3730 = DIRECTION('',(-0.544770019249,0.63753529491,0.544770019249));
#3731 = ORIENTED_EDGE('',*,*,#3732,.T.);
#3732 = EDGE_CURVE('',#3725,#3700,#3733,.T.);
#3733 = LINE('',#3734,#3735);
#3734 = CARTESIAN_POINT('',(-5.E-02,0.25,-3.4));
#3735 = VECTOR('',#3736,1.);
#3736 = DIRECTION('',(-1.224646799147E-16,-1.,0.));
#3737 = PLANE('',#3738);
#3738 = AXIS2_PLACEMENT_3D('',#3739,#3740,#3741);
#3739 = CARTESIAN_POINT('',(-0.15,0.25,-3.3));
#3740 = DIRECTION('',(0.707106781187,-8.833102285013E-17,0.707106781187)
  );
#3741 = DIRECTION('',(1.236918052038E-16,1.,1.227125289097E-18));
#3742 = ADVANCED_FACE('',(#3743),#3763,.F.);
#3743 = FACE_BOUND('',#3744,.F.);
#3744 = EDGE_LOOP('',(#3745,#3746,#3747,#3748,#3749,#3757));
#3745 = ORIENTED_EDGE('',*,*,#2890,.F.);
#3746 = ORIENTED_EDGE('',*,*,#3684,.T.);
#3747 = ORIENTED_EDGE('',*,*,#2817,.T.);
#3748 = ORIENTED_EDGE('',*,*,#3716,.F.);
#3749 = ORIENTED_EDGE('',*,*,#3750,.F.);
#3750 = EDGE_CURVE('',#3751,#3717,#3753,.T.);
#3751 = VERTEX_POINT('',#3752);
#3752 = CARTESIAN_POINT('',(0.247552593066,0.281192514695,
    -3.202447406934));
#3753 = LINE('',#3754,#3755);
#3754 = CARTESIAN_POINT('',(0.25,0.281192514695,-3.202447406934));
#3755 = VECTOR('',#3756,1.);
#3756 = DIRECTION('',(-1.,1.224646799147E-16,0.));
#3757 = ORIENTED_EDGE('',*,*,#3758,.T.);
#3758 = EDGE_CURVE('',#3751,#2856,#3759,.T.);
#3759 = LINE('',#3760,#3761);
#3760 = CARTESIAN_POINT('',(0.629616963064,0.341518467852,
    -2.820383036936));
#3761 = VECTOR('',#3762,1.);
#3762 = DIRECTION('',(0.702740385383,0.110959008218,0.702740385383));
#3763 = PLANE('',#3764);
#3764 = AXIS2_PLACEMENT_3D('',#3765,#3766,#3767);
#3765 = CARTESIAN_POINT('',(0.25,0.55,-1.5));
#3766 = DIRECTION('',(-1.209660753807E-16,-0.987762965329,0.155962573473
    ));
#3767 = DIRECTION('',(-1.909990663905E-17,-0.155962573473,
    -0.987762965329));
#3768 = ADVANCED_FACE('',(#3769),#3780,.F.);
#3769 = FACE_BOUND('',#3770,.F.);
#3770 = EDGE_LOOP('',(#3771,#3777,#3778,#3779));
#3771 = ORIENTED_EDGE('',*,*,#3772,.T.);
#3772 = EDGE_CURVE('',#2866,#2786,#3773,.T.);
#3773 = LINE('',#3774,#3775);
#3774 = CARTESIAN_POINT('',(0.25,5.E-02,-1.5));
#3775 = VECTOR('',#3776,1.);
#3776 = DIRECTION('',(-1.,1.224646799147E-16,0.));
#3777 = ORIENTED_EDGE('',*,*,#2793,.T.);
#3778 = ORIENTED_EDGE('',*,*,#2839,.F.);
#3779 = ORIENTED_EDGE('',*,*,#2873,.F.);
#3780 = PLANE('',#3781);
#3781 = AXIS2_PLACEMENT_3D('',#3782,#3783,#3784);
#3782 = CARTESIAN_POINT('',(0.25,5.E-02,-1.5));
#3783 = DIRECTION('',(1.095357396528E-16,0.894427191,0.4472135955));
#3784 = DIRECTION('',(-5.476786982641E-17,-0.4472135955,0.894427191));
#3785 = ADVANCED_FACE('',(#3786),#3806,.F.);
#3786 = FACE_BOUND('',#3787,.F.);
#3787 = EDGE_LOOP('',(#3788,#3789,#3797,#3803,#3804,#3805));
#3788 = ORIENTED_EDGE('',*,*,#2865,.F.);
#3789 = ORIENTED_EDGE('',*,*,#3790,.F.);
#3790 = EDGE_CURVE('',#3791,#2858,#3793,.T.);
#3791 = VERTEX_POINT('',#3792);
#3792 = CARTESIAN_POINT('',(0.247552593066,-0.218807485305,
    -3.202447406934));
#3793 = LINE('',#3794,#3795);
#3794 = CARTESIAN_POINT('',(0.168262653899,-0.231326949384,
    -3.281737346101));
#3795 = VECTOR('',#3796,1.);
#3796 = DIRECTION('',(0.702740385383,0.110959008218,0.702740385383));
#3797 = ORIENTED_EDGE('',*,*,#3798,.T.);
#3798 = EDGE_CURVE('',#3791,#3702,#3799,.T.);
#3799 = LINE('',#3800,#3801);
#3800 = CARTESIAN_POINT('',(0.25,-0.218807485305,-3.202447406934));
#3801 = VECTOR('',#3802,1.);
#3802 = DIRECTION('',(-1.,1.224646799147E-16,0.));
#3803 = ORIENTED_EDGE('',*,*,#3709,.T.);
#3804 = ORIENTED_EDGE('',*,*,#2785,.T.);
#3805 = ORIENTED_EDGE('',*,*,#3772,.F.);
#3806 = PLANE('',#3807);
#3807 = AXIS2_PLACEMENT_3D('',#3808,#3809,#3810);
#3808 = CARTESIAN_POINT('',(0.25,-0.25,-3.4));
#3809 = DIRECTION('',(1.209660753807E-16,0.987762965329,-0.155962573473)
  );
#3810 = DIRECTION('',(1.909990663905E-17,0.155962573473,0.987762965329)
  );
#3811 = ADVANCED_FACE('',(#3812),#3839,.T.);
#3812 = FACE_BOUND('',#3813,.F.);
#3813 = EDGE_LOOP('',(#3814,#3822,#3823,#3824,#3825,#3833));
#3814 = ORIENTED_EDGE('',*,*,#3815,.T.);
#3815 = EDGE_CURVE('',#3816,#3791,#3818,.T.);
#3816 = VERTEX_POINT('',#3817);
#3817 = CARTESIAN_POINT('',(5.E-02,-5.E-02,-3.4));
#3818 = LINE('',#3819,#3820);
#3819 = CARTESIAN_POINT('',(0.107606629418,-9.92245133213E-02,
    -3.342393370582));
#3820 = VECTOR('',#3821,1.);
#3821 = DIRECTION('',(0.605209817607,-0.517148096144,0.605209817607));
#3822 = ORIENTED_EDGE('',*,*,#3790,.T.);
#3823 = ORIENTED_EDGE('',*,*,#2855,.F.);
#3824 = ORIENTED_EDGE('',*,*,#3758,.F.);
#3825 = ORIENTED_EDGE('',*,*,#3826,.F.);
#3826 = EDGE_CURVE('',#3827,#3751,#3829,.T.);
#3827 = VERTEX_POINT('',#3828);
#3828 = CARTESIAN_POINT('',(5.E-02,5.E-02,-3.4));
#3829 = LINE('',#3830,#3831);
#3830 = CARTESIAN_POINT('',(0.17881689775,0.200752273427,-3.27118310225)
  );
#3831 = VECTOR('',#3832,1.);
#3832 = DIRECTION('',(0.544770019249,0.63753529491,0.544770019249));
#3833 = ORIENTED_EDGE('',*,*,#3834,.T.);
#3834 = EDGE_CURVE('',#3827,#3816,#3835,.T.);
#3835 = LINE('',#3836,#3837);
#3836 = CARTESIAN_POINT('',(5.E-02,0.25,-3.4));
#3837 = VECTOR('',#3838,1.);
#3838 = DIRECTION('',(-1.224646799147E-16,-1.,0.));
#3839 = PLANE('',#3840);
#3840 = AXIS2_PLACEMENT_3D('',#3841,#3842,#3843);
#3841 = CARTESIAN_POINT('',(0.15,0.25,-3.3));
#3842 = DIRECTION('',(0.707106781187,-8.486018839685E-17,-0.707106781187
    ));
#3843 = DIRECTION('',(1.212375546256E-16,1.,1.227125289196E-18));
#3844 = ADVANCED_FACE('',(#3845),#3870,.F.);
#3845 = FACE_BOUND('',#3846,.T.);
#3846 = EDGE_LOOP('',(#3847,#3855,#3863,#3869));
#3847 = ORIENTED_EDGE('',*,*,#3848,.F.);
#3848 = EDGE_CURVE('',#3849,#2905,#3851,.T.);
#3849 = VERTEX_POINT('',#3850);
#3850 = CARTESIAN_POINT('',(1.95,5.E-02,-3.4));
#3851 = LINE('',#3852,#3853);
#3852 = CARTESIAN_POINT('',(1.9,0.1,-3.35));
#3853 = VECTOR('',#3854,1.);
#3854 = DIRECTION('',(-0.57735026919,0.57735026919,0.57735026919));
#3855 = ORIENTED_EDGE('',*,*,#3856,.T.);
#3856 = EDGE_CURVE('',#3849,#3857,#3859,.T.);
#3857 = VERTEX_POINT('',#3858);
#3858 = CARTESIAN_POINT('',(1.95,-5.E-02,-3.4));
#3859 = LINE('',#3860,#3861);
#3860 = CARTESIAN_POINT('',(1.95,0.25,-3.4));
#3861 = VECTOR('',#3862,1.);
#3862 = DIRECTION('',(-1.224646799147E-16,-1.,0.));
#3863 = ORIENTED_EDGE('',*,*,#3864,.T.);
#3864 = EDGE_CURVE('',#3857,#2907,#3865,.T.);
#3865 = LINE('',#3866,#3867);
#3866 = CARTESIAN_POINT('',(1.983333333333,-1.666666666667E-02,
    -3.433333333333));
#3867 = VECTOR('',#3868,1.);
#3868 = DIRECTION('',(-0.57735026919,-0.57735026919,0.57735026919));
#3869 = ORIENTED_EDGE('',*,*,#2904,.F.);
#3870 = PLANE('',#3871);
#3871 = AXIS2_PLACEMENT_3D('',#3872,#3873,#3874);
#3872 = CARTESIAN_POINT('',(1.85,0.25,-3.3));
#3873 = DIRECTION('',(0.707106781187,-8.833102285013E-17,0.707106781187)
  );
#3874 = DIRECTION('',(1.236918052038E-16,1.,1.227125289097E-18));
#3875 = ADVANCED_FACE('',(#3876),#3894,.T.);
#3876 = FACE_BOUND('',#3877,.F.);
#3877 = EDGE_LOOP('',(#3878,#3886,#3892,#3893));
#3878 = ORIENTED_EDGE('',*,*,#3879,.F.);
#3879 = EDGE_CURVE('',#3880,#2936,#3882,.T.);
#3880 = VERTEX_POINT('',#3881);
#3881 = CARTESIAN_POINT('',(2.05,-5.E-02,-3.4));
#3882 = LINE('',#3883,#3884);
#3883 = CARTESIAN_POINT('',(2.1,-0.1,-3.35));
#3884 = VECTOR('',#3885,1.);
#3885 = DIRECTION('',(0.57735026919,-0.57735026919,0.57735026919));
#3886 = ORIENTED_EDGE('',*,*,#3887,.T.);
#3887 = EDGE_CURVE('',#3880,#3857,#3888,.T.);
#3888 = LINE('',#3889,#3890);
#3889 = CARTESIAN_POINT('',(2.25,-5.E-02,-3.4));
#3890 = VECTOR('',#3891,1.);
#3891 = DIRECTION('',(-1.,1.224646799147E-16,0.));
#3892 = ORIENTED_EDGE('',*,*,#3864,.T.);
#3893 = ORIENTED_EDGE('',*,*,#2943,.F.);
#3894 = PLANE('',#3895);
#3895 = AXIS2_PLACEMENT_3D('',#3896,#3897,#3898);
#3896 = CARTESIAN_POINT('',(2.25,-0.15,-3.3));
#3897 = DIRECTION('',(-8.486018839685E-17,-0.707106781187,
    -0.707106781187));
#3898 = DIRECTION('',(1.,-1.212375546256E-16,1.227125289196E-18));
#3899 = ADVANCED_FACE('',(#3900),#3918,.T.);
#3900 = FACE_BOUND('',#3901,.F.);
#3901 = EDGE_LOOP('',(#3902,#3910,#3916,#3917));
#3902 = ORIENTED_EDGE('',*,*,#3903,.F.);
#3903 = EDGE_CURVE('',#3904,#2960,#3906,.T.);
#3904 = VERTEX_POINT('',#3905);
#3905 = CARTESIAN_POINT('',(2.05,5.E-02,-3.4));
#3906 = LINE('',#3907,#3908);
#3907 = CARTESIAN_POINT('',(2.183333333333,0.183333333333,
    -3.266666666667));
#3908 = VECTOR('',#3909,1.);
#3909 = DIRECTION('',(0.57735026919,0.57735026919,0.57735026919));
#3910 = ORIENTED_EDGE('',*,*,#3911,.T.);
#3911 = EDGE_CURVE('',#3904,#3880,#3912,.T.);
#3912 = LINE('',#3913,#3914);
#3913 = CARTESIAN_POINT('',(2.05,0.25,-3.4));
#3914 = VECTOR('',#3915,1.);
#3915 = DIRECTION('',(-1.224646799147E-16,-1.,0.));
#3916 = ORIENTED_EDGE('',*,*,#3879,.T.);
#3917 = ORIENTED_EDGE('',*,*,#2959,.F.);
#3918 = PLANE('',#3919);
#3919 = AXIS2_PLACEMENT_3D('',#3920,#3921,#3922);
#3920 = CARTESIAN_POINT('',(2.15,0.25,-3.3));
#3921 = DIRECTION('',(0.707106781187,-8.486018839685E-17,-0.707106781187
    ));
#3922 = DIRECTION('',(1.212375546256E-16,1.,1.227125289196E-18));
#3923 = ADVANCED_FACE('',(#3924),#3935,.T.);
#3924 = FACE_BOUND('',#3925,.T.);
#3925 = EDGE_LOOP('',(#3926,#3927,#3933,#3934));
#3926 = ORIENTED_EDGE('',*,*,#3903,.F.);
#3927 = ORIENTED_EDGE('',*,*,#3928,.T.);
#3928 = EDGE_CURVE('',#3904,#3849,#3929,.T.);
#3929 = LINE('',#3930,#3931);
#3930 = CARTESIAN_POINT('',(2.25,5.E-02,-3.4));
#3931 = VECTOR('',#3932,1.);
#3932 = DIRECTION('',(-1.,1.224646799147E-16,0.));
#3933 = ORIENTED_EDGE('',*,*,#3848,.T.);
#3934 = ORIENTED_EDGE('',*,*,#2986,.F.);
#3935 = PLANE('',#3936);
#3936 = AXIS2_PLACEMENT_3D('',#3937,#3938,#3939);
#3937 = CARTESIAN_POINT('',(2.25,0.15,-3.3));
#3938 = DIRECTION('',(8.486018839685E-17,0.707106781187,-0.707106781187)
  );
#3939 = DIRECTION('',(-1.,1.212375546256E-16,1.227125289196E-18));
#3940 = ADVANCED_FACE('',(#3941),#3966,.T.);
#3941 = FACE_BOUND('',#3942,.F.);
#3942 = EDGE_LOOP('',(#3943,#3951,#3959,#3965));
#3943 = ORIENTED_EDGE('',*,*,#3944,.F.);
#3944 = EDGE_CURVE('',#3945,#3001,#3947,.T.);
#3945 = VERTEX_POINT('',#3946);
#3946 = CARTESIAN_POINT('',(4.05,5.E-02,-3.4));
#3947 = LINE('',#3948,#3949);
#3948 = CARTESIAN_POINT('',(4.183333333333,0.183333333333,
    -3.266666666667));
#3949 = VECTOR('',#3950,1.);
#3950 = DIRECTION('',(0.57735026919,0.57735026919,0.57735026919));
#3951 = ORIENTED_EDGE('',*,*,#3952,.T.);
#3952 = EDGE_CURVE('',#3945,#3953,#3955,.T.);
#3953 = VERTEX_POINT('',#3954);
#3954 = CARTESIAN_POINT('',(4.05,-5.E-02,-3.4));
#3955 = LINE('',#3956,#3957);
#3956 = CARTESIAN_POINT('',(4.05,0.25,-3.4));
#3957 = VECTOR('',#3958,1.);
#3958 = DIRECTION('',(-1.224646799147E-16,-1.,0.));
#3959 = ORIENTED_EDGE('',*,*,#3960,.T.);
#3960 = EDGE_CURVE('',#3953,#3003,#3961,.T.);
#3961 = LINE('',#3962,#3963);
#3962 = CARTESIAN_POINT('',(4.1,-0.1,-3.35));
#3963 = VECTOR('',#3964,1.);
#3964 = DIRECTION('',(0.57735026919,-0.57735026919,0.57735026919));
#3965 = ORIENTED_EDGE('',*,*,#3000,.F.);
#3966 = PLANE('',#3967);
#3967 = AXIS2_PLACEMENT_3D('',#3968,#3969,#3970);
#3968 = CARTESIAN_POINT('',(4.15,0.25,-3.3));
#3969 = DIRECTION('',(0.707106781187,-8.486018839685E-17,-0.707106781187
    ));
#3970 = DIRECTION('',(1.212375546256E-16,1.,1.227125289196E-18));
#3971 = ADVANCED_FACE('',(#3972),#3990,.T.);
#3972 = FACE_BOUND('',#3973,.T.);
#3973 = EDGE_LOOP('',(#3974,#3975,#3983,#3989));
#3974 = ORIENTED_EDGE('',*,*,#3944,.F.);
#3975 = ORIENTED_EDGE('',*,*,#3976,.T.);
#3976 = EDGE_CURVE('',#3945,#3977,#3979,.T.);
#3977 = VERTEX_POINT('',#3978);
#3978 = CARTESIAN_POINT('',(3.95,5.E-02,-3.4));
#3979 = LINE('',#3980,#3981);
#3980 = CARTESIAN_POINT('',(4.25,5.E-02,-3.4));
#3981 = VECTOR('',#3982,1.);
#3982 = DIRECTION('',(-1.,1.224646799147E-16,0.));
#3983 = ORIENTED_EDGE('',*,*,#3984,.T.);
#3984 = EDGE_CURVE('',#3977,#3034,#3985,.T.);
#3985 = LINE('',#3986,#3987);
#3986 = CARTESIAN_POINT('',(3.9,0.1,-3.35));
#3987 = VECTOR('',#3988,1.);
#3988 = DIRECTION('',(-0.57735026919,0.57735026919,0.57735026919));
#3989 = ORIENTED_EDGE('',*,*,#3041,.F.);
#3990 = PLANE('',#3991);
#3991 = AXIS2_PLACEMENT_3D('',#3992,#3993,#3994);
#3992 = CARTESIAN_POINT('',(4.25,0.15,-3.3));
#3993 = DIRECTION('',(8.486018839685E-17,0.707106781187,-0.707106781187)
  );
#3994 = DIRECTION('',(-1.,1.212375546256E-16,1.227125289196E-18));
#3995 = ADVANCED_FACE('',(#3996),#4014,.F.);
#3996 = FACE_BOUND('',#3997,.T.);
#3997 = EDGE_LOOP('',(#3998,#3999,#4007,#4013));
#3998 = ORIENTED_EDGE('',*,*,#3984,.F.);
#3999 = ORIENTED_EDGE('',*,*,#4000,.T.);
#4000 = EDGE_CURVE('',#3977,#4001,#4003,.T.);
#4001 = VERTEX_POINT('',#4002);
#4002 = CARTESIAN_POINT('',(3.95,-5.E-02,-3.4));
#4003 = LINE('',#4004,#4005);
#4004 = CARTESIAN_POINT('',(3.95,0.25,-3.4));
#4005 = VECTOR('',#4006,1.);
#4006 = DIRECTION('',(-1.224646799147E-16,-1.,0.));
#4007 = ORIENTED_EDGE('',*,*,#4008,.T.);
#4008 = EDGE_CURVE('',#4001,#3056,#4009,.T.);
#4009 = LINE('',#4010,#4011);
#4010 = CARTESIAN_POINT('',(3.983333333333,-1.666666666667E-02,
    -3.433333333333));
#4011 = VECTOR('',#4012,1.);
#4012 = DIRECTION('',(-0.57735026919,-0.57735026919,0.57735026919));
#4013 = ORIENTED_EDGE('',*,*,#3055,.F.);
#4014 = PLANE('',#4015);
#4015 = AXIS2_PLACEMENT_3D('',#4016,#4017,#4018);
#4016 = CARTESIAN_POINT('',(3.85,0.25,-3.3));
#4017 = DIRECTION('',(0.707106781187,-8.833102285013E-17,0.707106781187)
  );
#4018 = DIRECTION('',(1.236918052038E-16,1.,1.227125289097E-18));
#4019 = ADVANCED_FACE('',(#4020),#4031,.T.);
#4020 = FACE_BOUND('',#4021,.F.);
#4021 = EDGE_LOOP('',(#4022,#4023,#4029,#4030));
#4022 = ORIENTED_EDGE('',*,*,#3960,.F.);
#4023 = ORIENTED_EDGE('',*,*,#4024,.T.);
#4024 = EDGE_CURVE('',#3953,#4001,#4025,.T.);
#4025 = LINE('',#4026,#4027);
#4026 = CARTESIAN_POINT('',(4.25,-5.E-02,-3.4));
#4027 = VECTOR('',#4028,1.);
#4028 = DIRECTION('',(-1.,1.224646799147E-16,0.));
#4029 = ORIENTED_EDGE('',*,*,#4008,.T.);
#4030 = ORIENTED_EDGE('',*,*,#3080,.F.);
#4031 = PLANE('',#4032);
#4032 = AXIS2_PLACEMENT_3D('',#4033,#4034,#4035);
#4033 = CARTESIAN_POINT('',(4.25,-0.15,-3.3));
#4034 = DIRECTION('',(-8.486018839685E-17,-0.707106781187,
    -0.707106781187));
#4035 = DIRECTION('',(1.,-1.212375546256E-16,1.227125289196E-18));
#4036 = ADVANCED_FACE('',(#4037),#4048,.T.);
#4037 = FACE_BOUND('',#4038,.F.);
#4038 = EDGE_LOOP('',(#4039,#4040,#4046,#4047));
#4039 = ORIENTED_EDGE('',*,*,#3096,.F.);
#4040 = ORIENTED_EDGE('',*,*,#4041,.T.);
#4041 = EDGE_CURVE('',#3097,#3230,#4042,.T.);
#4042 = LINE('',#4043,#4044);
#4043 = CARTESIAN_POINT('',(6.25,-5.E-02,-3.4));
#4044 = VECTOR('',#4045,1.);
#4045 = DIRECTION('',(-1.,1.224646799147E-16,0.));
#4046 = ORIENTED_EDGE('',*,*,#3229,.T.);
#4047 = ORIENTED_EDGE('',*,*,#3205,.F.);
#4048 = PLANE('',#4049);
#4049 = AXIS2_PLACEMENT_3D('',#4050,#4051,#4052);
#4050 = CARTESIAN_POINT('',(6.25,-0.134403742653,-3.301223703467));
#4051 = DIRECTION('',(-9.136856246232E-17,-0.760250805153,-0.64962967394
    ));
#4052 = DIRECTION('',(1.,-1.211454098155E-16,1.127308249542E-18));
#4053 = ADVANCED_FACE('',(#4054),#4065,.F.);
#4054 = FACE_BOUND('',#4055,.F.);
#4055 = EDGE_LOOP('',(#4056,#4057,#4058,#4064));
#4056 = ORIENTED_EDGE('',*,*,#4041,.F.);
#4057 = ORIENTED_EDGE('',*,*,#3129,.F.);
#4058 = ORIENTED_EDGE('',*,*,#4059,.T.);
#4059 = EDGE_CURVE('',#3122,#3241,#4060,.T.);
#4060 = LINE('',#4061,#4062);
#4061 = CARTESIAN_POINT('',(6.25,5.E-02,-3.4));
#4062 = VECTOR('',#4063,1.);
#4063 = DIRECTION('',(-1.,1.224646799147E-16,0.));
#4064 = ORIENTED_EDGE('',*,*,#3248,.T.);
#4065 = PLANE('',#4066);
#4066 = AXIS2_PLACEMENT_3D('',#4067,#4068,#4069);
#4067 = CARTESIAN_POINT('',(6.25,0.25,-3.4));
#4068 = DIRECTION('',(0.,0.,1.));
#4069 = DIRECTION('',(-1.224646799147E-16,-1.,0.));
#4070 = ADVANCED_FACE('',(#4071),#4077,.T.);
#4071 = FACE_BOUND('',#4072,.T.);
#4072 = EDGE_LOOP('',(#4073,#4074,#4075,#4076));
#4073 = ORIENTED_EDGE('',*,*,#3121,.F.);
#4074 = ORIENTED_EDGE('',*,*,#4059,.T.);
#4075 = ORIENTED_EDGE('',*,*,#3240,.T.);
#4076 = ORIENTED_EDGE('',*,*,#3159,.F.);
#4077 = PLANE('',#4078);
#4078 = AXIS2_PLACEMENT_3D('',#4079,#4080,#4081);
#4079 = CARTESIAN_POINT('',(6.25,0.165596257347,-3.301223703467));
#4080 = DIRECTION('',(8.302774088379E-17,0.64962967394,-0.760250805153)
  );
#4081 = DIRECTION('',(-1.,1.247195775152E-16,-2.638869166629E-18));
#4082 = ADVANCED_FACE('',(#4083),#4108,.T.);
#4083 = FACE_BOUND('',#4084,.F.);
#4084 = EDGE_LOOP('',(#4085,#4093,#4101,#4107));
#4085 = ORIENTED_EDGE('',*,*,#4086,.F.);
#4086 = EDGE_CURVE('',#4087,#3299,#4089,.T.);
#4087 = VERTEX_POINT('',#4088);
#4088 = CARTESIAN_POINT('',(5.E-02,5.E-02,5.));
#4089 = LINE('',#4090,#4091);
#4090 = CARTESIAN_POINT('',(0.1,0.1,4.95));
#4091 = VECTOR('',#4092,1.);
#4092 = DIRECTION('',(0.57735026919,0.57735026919,-0.57735026919));
#4093 = ORIENTED_EDGE('',*,*,#4094,.T.);
#4094 = EDGE_CURVE('',#4087,#4095,#4097,.T.);
#4095 = VERTEX_POINT('',#4096);
#4096 = CARTESIAN_POINT('',(-5.E-02,5.E-02,5.));
#4097 = LINE('',#4098,#4099);
#4098 = CARTESIAN_POINT('',(0.25,5.E-02,5.));
#4099 = VECTOR('',#4100,1.);
#4100 = DIRECTION('',(-1.,1.224646799147E-16,0.));
#4101 = ORIENTED_EDGE('',*,*,#4102,.T.);
#4102 = EDGE_CURVE('',#4095,#3307,#4103,.T.);
#4103 = LINE('',#4104,#4105);
#4104 = CARTESIAN_POINT('',(-1.666666666667E-02,1.666666666667E-02,
    5.033333333333));
#4105 = VECTOR('',#4106,1.);
#4106 = DIRECTION('',(-0.57735026919,0.57735026919,-0.57735026919));
#4107 = ORIENTED_EDGE('',*,*,#3306,.F.);
#4108 = PLANE('',#4109);
#4109 = AXIS2_PLACEMENT_3D('',#4110,#4111,#4112);
#4110 = CARTESIAN_POINT('',(0.25,0.15,4.9));
#4111 = DIRECTION('',(8.833102285013E-17,0.707106781187,0.707106781187)
  );
#4112 = DIRECTION('',(1.,-1.236918052038E-16,-1.227125289097E-18));
#4113 = ADVANCED_FACE('',(#4114),#4132,.F.);
#4114 = FACE_BOUND('',#4115,.T.);
#4115 = EDGE_LOOP('',(#4116,#4124,#4130,#4131));
#4116 = ORIENTED_EDGE('',*,*,#4117,.T.);
#4117 = EDGE_CURVE('',#3331,#4118,#4120,.T.);
#4118 = VERTEX_POINT('',#4119);
#4119 = CARTESIAN_POINT('',(-5.E-02,-5.E-02,5.));
#4120 = LINE('',#4121,#4122);
#4121 = CARTESIAN_POINT('',(-0.1,-0.1,4.95));
#4122 = VECTOR('',#4123,1.);
#4123 = DIRECTION('',(0.57735026919,0.57735026919,0.57735026919));
#4124 = ORIENTED_EDGE('',*,*,#4125,.T.);
#4125 = EDGE_CURVE('',#4118,#4095,#4126,.T.);
#4126 = LINE('',#4127,#4128);
#4127 = CARTESIAN_POINT('',(-5.E-02,-0.25,5.));
#4128 = VECTOR('',#4129,1.);
#4129 = DIRECTION('',(1.224646799147E-16,1.,0.));
#4130 = ORIENTED_EDGE('',*,*,#4102,.T.);
#4131 = ORIENTED_EDGE('',*,*,#3338,.F.);
#4132 = PLANE('',#4133);
#4133 = AXIS2_PLACEMENT_3D('',#4134,#4135,#4136);
#4134 = CARTESIAN_POINT('',(-0.15,-0.25,4.9));
#4135 = DIRECTION('',(0.707106781187,-8.486018839685E-17,-0.707106781187
    ));
#4136 = DIRECTION('',(-1.212375546256E-16,-1.,-1.227125289196E-18));
#4137 = ADVANCED_FACE('',(#4138),#4156,.T.);
#4138 = FACE_BOUND('',#4139,.F.);
#4139 = EDGE_LOOP('',(#4140,#4148,#4149,#4150));
#4140 = ORIENTED_EDGE('',*,*,#4141,.F.);
#4141 = EDGE_CURVE('',#3354,#4142,#4144,.T.);
#4142 = VERTEX_POINT('',#4143);
#4143 = CARTESIAN_POINT('',(5.E-02,-5.E-02,5.));
#4144 = LINE('',#4145,#4146);
#4145 = CARTESIAN_POINT('',(0.183333333333,-0.183333333333,
    4.866666666667));
#4146 = VECTOR('',#4147,1.);
#4147 = DIRECTION('',(-0.57735026919,0.57735026919,0.57735026919));
#4148 = ORIENTED_EDGE('',*,*,#3363,.T.);
#4149 = ORIENTED_EDGE('',*,*,#4117,.T.);
#4150 = ORIENTED_EDGE('',*,*,#4151,.F.);
#4151 = EDGE_CURVE('',#4142,#4118,#4152,.T.);
#4152 = LINE('',#4153,#4154);
#4153 = CARTESIAN_POINT('',(0.25,-5.E-02,5.));
#4154 = VECTOR('',#4155,1.);
#4155 = DIRECTION('',(-1.,1.224646799147E-16,0.));
#4156 = PLANE('',#4157);
#4157 = AXIS2_PLACEMENT_3D('',#4158,#4159,#4160);
#4158 = CARTESIAN_POINT('',(0.25,-0.15,4.9));
#4159 = DIRECTION('',(-8.833102285013E-17,-0.707106781187,0.707106781187
    ));
#4160 = DIRECTION('',(1.,-1.236918052038E-16,1.227125289097E-18));
#4161 = ADVANCED_FACE('',(#4162),#4173,.T.);
#4162 = FACE_BOUND('',#4163,.F.);
#4163 = EDGE_LOOP('',(#4164,#4165,#4171,#4172));
#4164 = ORIENTED_EDGE('',*,*,#4141,.T.);
#4165 = ORIENTED_EDGE('',*,*,#4166,.T.);
#4166 = EDGE_CURVE('',#4142,#4087,#4167,.T.);
#4167 = LINE('',#4168,#4169);
#4168 = CARTESIAN_POINT('',(5.E-02,-0.25,5.));
#4169 = VECTOR('',#4170,1.);
#4170 = DIRECTION('',(1.224646799147E-16,1.,0.));
#4171 = ORIENTED_EDGE('',*,*,#4086,.T.);
#4172 = ORIENTED_EDGE('',*,*,#3379,.F.);
#4173 = PLANE('',#4174);
#4174 = AXIS2_PLACEMENT_3D('',#4175,#4176,#4177);
#4175 = CARTESIAN_POINT('',(0.15,-0.25,4.9));
#4176 = DIRECTION('',(0.707106781187,-8.833102285013E-17,0.707106781187)
  );
#4177 = DIRECTION('',(-1.236918052038E-16,-1.,-1.227125289097E-18));
#4178 = ADVANCED_FACE('',(#4179),#4204,.F.);
#4179 = FACE_BOUND('',#4180,.T.);
#4180 = EDGE_LOOP('',(#4181,#4189,#4197,#4203));
#4181 = ORIENTED_EDGE('',*,*,#4182,.T.);
#4182 = EDGE_CURVE('',#3396,#4183,#4185,.T.);
#4183 = VERTEX_POINT('',#4184);
#4184 = CARTESIAN_POINT('',(1.95,-5.E-02,5.));
#4185 = LINE('',#4186,#4187);
#4186 = CARTESIAN_POINT('',(1.9,-0.1,4.95));
#4187 = VECTOR('',#4188,1.);
#4188 = DIRECTION('',(0.57735026919,0.57735026919,0.57735026919));
#4189 = ORIENTED_EDGE('',*,*,#4190,.T.);
#4190 = EDGE_CURVE('',#4183,#4191,#4193,.T.);
#4191 = VERTEX_POINT('',#4192);
#4192 = CARTESIAN_POINT('',(1.95,5.E-02,5.));
#4193 = LINE('',#4194,#4195);
#4194 = CARTESIAN_POINT('',(1.95,-0.25,5.));
#4195 = VECTOR('',#4196,1.);
#4196 = DIRECTION('',(1.224646799147E-16,1.,0.));
#4197 = ORIENTED_EDGE('',*,*,#4198,.T.);
#4198 = EDGE_CURVE('',#4191,#3404,#4199,.T.);
#4199 = LINE('',#4200,#4201);
#4200 = CARTESIAN_POINT('',(1.983333333333,1.666666666667E-02,
    5.033333333333));
#4201 = VECTOR('',#4202,1.);
#4202 = DIRECTION('',(-0.57735026919,0.57735026919,-0.57735026919));
#4203 = ORIENTED_EDGE('',*,*,#3403,.F.);
#4204 = PLANE('',#4205);
#4205 = AXIS2_PLACEMENT_3D('',#4206,#4207,#4208);
#4206 = CARTESIAN_POINT('',(1.85,-0.25,4.9));
#4207 = DIRECTION('',(0.707106781187,-8.486018839685E-17,-0.707106781187
    ));
#4208 = DIRECTION('',(-1.212375546256E-16,-1.,-1.227125289196E-18));
#4209 = ADVANCED_FACE('',(#4210),#4228,.T.);
#4210 = FACE_BOUND('',#4211,.F.);
#4211 = EDGE_LOOP('',(#4212,#4220,#4221,#4222));
#4212 = ORIENTED_EDGE('',*,*,#4213,.T.);
#4213 = EDGE_CURVE('',#4214,#3426,#4216,.T.);
#4214 = VERTEX_POINT('',#4215);
#4215 = CARTESIAN_POINT('',(2.05,-5.E-02,5.));
#4216 = LINE('',#4217,#4218);
#4217 = CARTESIAN_POINT('',(2.183333333333,-0.183333333333,
    4.866666666667));
#4218 = VECTOR('',#4219,1.);
#4219 = DIRECTION('',(0.57735026919,-0.57735026919,-0.57735026919));
#4220 = ORIENTED_EDGE('',*,*,#3435,.T.);
#4221 = ORIENTED_EDGE('',*,*,#4182,.T.);
#4222 = ORIENTED_EDGE('',*,*,#4223,.F.);
#4223 = EDGE_CURVE('',#4214,#4183,#4224,.T.);
#4224 = LINE('',#4225,#4226);
#4225 = CARTESIAN_POINT('',(2.25,-5.E-02,5.));
#4226 = VECTOR('',#4227,1.);
#4227 = DIRECTION('',(-1.,1.224646799147E-16,0.));
#4228 = PLANE('',#4229);
#4229 = AXIS2_PLACEMENT_3D('',#4230,#4231,#4232);
#4230 = CARTESIAN_POINT('',(2.25,-0.15,4.9));
#4231 = DIRECTION('',(-8.833102285013E-17,-0.707106781187,0.707106781187
    ));
#4232 = DIRECTION('',(1.,-1.236918052038E-16,1.227125289097E-18));
#4233 = ADVANCED_FACE('',(#4234),#4252,.T.);
#4234 = FACE_BOUND('',#4235,.F.);
#4235 = EDGE_LOOP('',(#4236,#4237,#4245,#4251));
#4236 = ORIENTED_EDGE('',*,*,#4213,.F.);
#4237 = ORIENTED_EDGE('',*,*,#4238,.T.);
#4238 = EDGE_CURVE('',#4214,#4239,#4241,.T.);
#4239 = VERTEX_POINT('',#4240);
#4240 = CARTESIAN_POINT('',(2.05,5.E-02,5.));
#4241 = LINE('',#4242,#4243);
#4242 = CARTESIAN_POINT('',(2.05,-0.25,5.));
#4243 = VECTOR('',#4244,1.);
#4244 = DIRECTION('',(1.224646799147E-16,1.,0.));
#4245 = ORIENTED_EDGE('',*,*,#4246,.T.);
#4246 = EDGE_CURVE('',#4239,#3452,#4247,.T.);
#4247 = LINE('',#4248,#4249);
#4248 = CARTESIAN_POINT('',(2.1,0.1,4.95));
#4249 = VECTOR('',#4250,1.);
#4250 = DIRECTION('',(0.57735026919,0.57735026919,-0.57735026919));
#4251 = ORIENTED_EDGE('',*,*,#3451,.F.);
#4252 = PLANE('',#4253);
#4253 = AXIS2_PLACEMENT_3D('',#4254,#4255,#4256);
#4254 = CARTESIAN_POINT('',(2.15,-0.25,4.9));
#4255 = DIRECTION('',(0.707106781187,-8.833102285013E-17,0.707106781187)
  );
#4256 = DIRECTION('',(-1.236918052038E-16,-1.,-1.227125289097E-18));
#4257 = ADVANCED_FACE('',(#4258),#4269,.T.);
#4258 = FACE_BOUND('',#4259,.F.);
#4259 = EDGE_LOOP('',(#4260,#4261,#4267,#4268));
#4260 = ORIENTED_EDGE('',*,*,#4246,.F.);
#4261 = ORIENTED_EDGE('',*,*,#4262,.T.);
#4262 = EDGE_CURVE('',#4239,#4191,#4263,.T.);
#4263 = LINE('',#4264,#4265);
#4264 = CARTESIAN_POINT('',(2.25,5.E-02,5.));
#4265 = VECTOR('',#4266,1.);
#4266 = DIRECTION('',(-1.,1.224646799147E-16,0.));
#4267 = ORIENTED_EDGE('',*,*,#4198,.T.);
#4268 = ORIENTED_EDGE('',*,*,#3474,.F.);
#4269 = PLANE('',#4270);
#4270 = AXIS2_PLACEMENT_3D('',#4271,#4272,#4273);
#4271 = CARTESIAN_POINT('',(2.25,0.15,4.9));
#4272 = DIRECTION('',(8.833102285013E-17,0.707106781187,0.707106781187)
  );
#4273 = DIRECTION('',(1.,-1.236918052038E-16,-1.227125289097E-18));
#4274 = ADVANCED_FACE('',(#4275),#4300,.T.);
#4275 = FACE_BOUND('',#4276,.F.);
#4276 = EDGE_LOOP('',(#4277,#4285,#4293,#4299));
#4277 = ORIENTED_EDGE('',*,*,#4278,.T.);
#4278 = EDGE_CURVE('',#3492,#4279,#4281,.T.);
#4279 = VERTEX_POINT('',#4280);
#4280 = CARTESIAN_POINT('',(6.05,-5.E-02,5.));
#4281 = LINE('',#4282,#4283);
#4282 = CARTESIAN_POINT('',(6.183333333333,-0.183333333333,
    4.866666666667));
#4283 = VECTOR('',#4284,1.);
#4284 = DIRECTION('',(-0.57735026919,0.57735026919,0.57735026919));
#4285 = ORIENTED_EDGE('',*,*,#4286,.T.);
#4286 = EDGE_CURVE('',#4279,#4287,#4289,.T.);
#4287 = VERTEX_POINT('',#4288);
#4288 = CARTESIAN_POINT('',(6.05,5.E-02,5.));
#4289 = LINE('',#4290,#4291);
#4290 = CARTESIAN_POINT('',(6.05,-0.25,5.));
#4291 = VECTOR('',#4292,1.);
#4292 = DIRECTION('',(1.224646799147E-16,1.,0.));
#4293 = ORIENTED_EDGE('',*,*,#4294,.T.);
#4294 = EDGE_CURVE('',#4287,#3500,#4295,.T.);
#4295 = LINE('',#4296,#4297);
#4296 = CARTESIAN_POINT('',(6.1,0.1,4.95));
#4297 = VECTOR('',#4298,1.);
#4298 = DIRECTION('',(0.57735026919,0.57735026919,-0.57735026919));
#4299 = ORIENTED_EDGE('',*,*,#3499,.F.);
#4300 = PLANE('',#4301);
#4301 = AXIS2_PLACEMENT_3D('',#4302,#4303,#4304);
#4302 = CARTESIAN_POINT('',(6.15,-0.25,4.9));
#4303 = DIRECTION('',(0.707106781187,-8.833102285013E-17,0.707106781187)
  );
#4304 = DIRECTION('',(-1.236918052038E-16,-1.,-1.227125289097E-18));
#4305 = ADVANCED_FACE('',(#4306),#4324,.T.);
#4306 = FACE_BOUND('',#4307,.F.);
#4307 = EDGE_LOOP('',(#4308,#4309,#4317,#4323));
#4308 = ORIENTED_EDGE('',*,*,#4294,.F.);
#4309 = ORIENTED_EDGE('',*,*,#4310,.T.);
#4310 = EDGE_CURVE('',#4287,#4311,#4313,.T.);
#4311 = VERTEX_POINT('',#4312);
#4312 = CARTESIAN_POINT('',(5.95,5.E-02,5.));
#4313 = LINE('',#4314,#4315);
#4314 = CARTESIAN_POINT('',(6.25,5.E-02,5.));
#4315 = VECTOR('',#4316,1.);
#4316 = DIRECTION('',(-1.,1.224646799147E-16,0.));
#4317 = ORIENTED_EDGE('',*,*,#4318,.T.);
#4318 = EDGE_CURVE('',#4311,#3523,#4319,.T.);
#4319 = LINE('',#4320,#4321);
#4320 = CARTESIAN_POINT('',(5.983333333333,1.666666666667E-02,
    5.033333333333));
#4321 = VECTOR('',#4322,1.);
#4322 = DIRECTION('',(-0.57735026919,0.57735026919,-0.57735026919));
#4323 = ORIENTED_EDGE('',*,*,#3522,.F.);
#4324 = PLANE('',#4325);
#4325 = AXIS2_PLACEMENT_3D('',#4326,#4327,#4328);
#4326 = CARTESIAN_POINT('',(6.25,0.15,4.9));
#4327 = DIRECTION('',(8.833102285013E-17,0.707106781187,0.707106781187)
  );
#4328 = DIRECTION('',(1.,-1.236918052038E-16,-1.227125289097E-18));
#4329 = ADVANCED_FACE('',(#4330),#4348,.F.);
#4330 = FACE_BOUND('',#4331,.T.);
#4331 = EDGE_LOOP('',(#4332,#4340,#4346,#4347));
#4332 = ORIENTED_EDGE('',*,*,#4333,.T.);
#4333 = EDGE_CURVE('',#3547,#4334,#4336,.T.);
#4334 = VERTEX_POINT('',#4335);
#4335 = CARTESIAN_POINT('',(5.95,-5.E-02,5.));
#4336 = LINE('',#4337,#4338);
#4337 = CARTESIAN_POINT('',(5.9,-0.1,4.95));
#4338 = VECTOR('',#4339,1.);
#4339 = DIRECTION('',(0.57735026919,0.57735026919,0.57735026919));
#4340 = ORIENTED_EDGE('',*,*,#4341,.T.);
#4341 = EDGE_CURVE('',#4334,#4311,#4342,.T.);
#4342 = LINE('',#4343,#4344);
#4343 = CARTESIAN_POINT('',(5.95,-0.25,5.));
#4344 = VECTOR('',#4345,1.);
#4345 = DIRECTION('',(1.224646799147E-16,1.,0.));
#4346 = ORIENTED_EDGE('',*,*,#4318,.T.);
#4347 = ORIENTED_EDGE('',*,*,#3554,.F.);
#4348 = PLANE('',#4349);
#4349 = AXIS2_PLACEMENT_3D('',#4350,#4351,#4352);
#4350 = CARTESIAN_POINT('',(5.85,-0.25,4.9));
#4351 = DIRECTION('',(0.707106781187,-8.486018839685E-17,-0.707106781187
    ));
#4352 = DIRECTION('',(-1.212375546256E-16,-1.,-1.227125289196E-18));
#4353 = ADVANCED_FACE('',(#4354),#4365,.T.);
#4354 = FACE_BOUND('',#4355,.F.);
#4355 = EDGE_LOOP('',(#4356,#4357,#4358,#4359));
#4356 = ORIENTED_EDGE('',*,*,#4278,.F.);
#4357 = ORIENTED_EDGE('',*,*,#3572,.T.);
#4358 = ORIENTED_EDGE('',*,*,#4333,.T.);
#4359 = ORIENTED_EDGE('',*,*,#4360,.F.);
#4360 = EDGE_CURVE('',#4279,#4334,#4361,.T.);
#4361 = LINE('',#4362,#4363);
#4362 = CARTESIAN_POINT('',(6.25,-5.E-02,5.));
#4363 = VECTOR('',#4364,1.);
#4364 = DIRECTION('',(-1.,1.224646799147E-16,0.));
#4365 = PLANE('',#4366);
#4366 = AXIS2_PLACEMENT_3D('',#4367,#4368,#4369);
#4367 = CARTESIAN_POINT('',(6.25,-0.15,4.9));
#4368 = DIRECTION('',(-8.833102285013E-17,-0.707106781187,0.707106781187
    ));
#4369 = DIRECTION('',(1.,-1.236918052038E-16,1.227125289097E-18));
#4370 = ADVANCED_FACE('',(#4371),#4396,.T.);
#4371 = FACE_BOUND('',#4372,.F.);
#4372 = EDGE_LOOP('',(#4373,#4381,#4389,#4395));
#4373 = ORIENTED_EDGE('',*,*,#4374,.F.);
#4374 = EDGE_CURVE('',#4375,#3588,#4377,.T.);
#4375 = VERTEX_POINT('',#4376);
#4376 = CARTESIAN_POINT('',(4.05,-5.E-02,5.));
#4377 = LINE('',#4378,#4379);
#4378 = CARTESIAN_POINT('',(4.183333333333,-0.183333333333,
    4.866666666667));
#4379 = VECTOR('',#4380,1.);
#4380 = DIRECTION('',(0.57735026919,-0.57735026919,-0.57735026919));
#4381 = ORIENTED_EDGE('',*,*,#4382,.T.);
#4382 = EDGE_CURVE('',#4375,#4383,#4385,.T.);
#4383 = VERTEX_POINT('',#4384);
#4384 = CARTESIAN_POINT('',(4.05,5.E-02,5.));
#4385 = LINE('',#4386,#4387);
#4386 = CARTESIAN_POINT('',(4.05,-0.25,5.));
#4387 = VECTOR('',#4388,1.);
#4388 = DIRECTION('',(1.224646799147E-16,1.,0.));
#4389 = ORIENTED_EDGE('',*,*,#4390,.T.);
#4390 = EDGE_CURVE('',#4383,#3596,#4391,.T.);
#4391 = LINE('',#4392,#4393);
#4392 = CARTESIAN_POINT('',(4.1,0.1,4.95));
#4393 = VECTOR('',#4394,1.);
#4394 = DIRECTION('',(0.57735026919,0.57735026919,-0.57735026919));
#4395 = ORIENTED_EDGE('',*,*,#3595,.F.);
#4396 = PLANE('',#4397);
#4397 = AXIS2_PLACEMENT_3D('',#4398,#4399,#4400);
#4398 = CARTESIAN_POINT('',(4.15,-0.25,4.9));
#4399 = DIRECTION('',(0.707106781187,-8.833102285013E-17,0.707106781187)
  );
#4400 = DIRECTION('',(-1.236918052038E-16,-1.,-1.227125289097E-18));
#4401 = ADVANCED_FACE('',(#4402),#4420,.T.);
#4402 = FACE_BOUND('',#4403,.F.);
#4403 = EDGE_LOOP('',(#4404,#4405,#4413,#4419));
#4404 = ORIENTED_EDGE('',*,*,#4390,.F.);
#4405 = ORIENTED_EDGE('',*,*,#4406,.T.);
#4406 = EDGE_CURVE('',#4383,#4407,#4409,.T.);
#4407 = VERTEX_POINT('',#4408);
#4408 = CARTESIAN_POINT('',(3.95,5.E-02,5.));
#4409 = LINE('',#4410,#4411);
#4410 = CARTESIAN_POINT('',(4.25,5.E-02,5.));
#4411 = VECTOR('',#4412,1.);
#4412 = DIRECTION('',(-1.,1.224646799147E-16,0.));
#4413 = ORIENTED_EDGE('',*,*,#4414,.T.);
#4414 = EDGE_CURVE('',#4407,#3619,#4415,.T.);
#4415 = LINE('',#4416,#4417);
#4416 = CARTESIAN_POINT('',(3.983333333333,1.666666666667E-02,
    5.033333333333));
#4417 = VECTOR('',#4418,1.);
#4418 = DIRECTION('',(-0.57735026919,0.57735026919,-0.57735026919));
#4419 = ORIENTED_EDGE('',*,*,#3618,.F.);
#4420 = PLANE('',#4421);
#4421 = AXIS2_PLACEMENT_3D('',#4422,#4423,#4424);
#4422 = CARTESIAN_POINT('',(4.25,0.15,4.9));
#4423 = DIRECTION('',(8.833102285013E-17,0.707106781187,0.707106781187)
  );
#4424 = DIRECTION('',(1.,-1.236918052038E-16,-1.227125289097E-18));
#4425 = ADVANCED_FACE('',(#4426),#4444,.F.);
#4426 = FACE_BOUND('',#4427,.T.);
#4427 = EDGE_LOOP('',(#4428,#4436,#4442,#4443));
#4428 = ORIENTED_EDGE('',*,*,#4429,.T.);
#4429 = EDGE_CURVE('',#3643,#4430,#4432,.T.);
#4430 = VERTEX_POINT('',#4431);
#4431 = CARTESIAN_POINT('',(3.95,-5.E-02,5.));
#4432 = LINE('',#4433,#4434);
#4433 = CARTESIAN_POINT('',(3.9,-0.1,4.95));
#4434 = VECTOR('',#4435,1.);
#4435 = DIRECTION('',(0.57735026919,0.57735026919,0.57735026919));
#4436 = ORIENTED_EDGE('',*,*,#4437,.T.);
#4437 = EDGE_CURVE('',#4430,#4407,#4438,.T.);
#4438 = LINE('',#4439,#4440);
#4439 = CARTESIAN_POINT('',(3.95,-0.25,5.));
#4440 = VECTOR('',#4441,1.);
#4441 = DIRECTION('',(1.224646799147E-16,1.,0.));
#4442 = ORIENTED_EDGE('',*,*,#4414,.T.);
#4443 = ORIENTED_EDGE('',*,*,#3650,.F.);
#4444 = PLANE('',#4445);
#4445 = AXIS2_PLACEMENT_3D('',#4446,#4447,#4448);
#4446 = CARTESIAN_POINT('',(3.85,-0.25,4.9));
#4447 = DIRECTION('',(0.707106781187,-8.486018839685E-17,-0.707106781187
    ));
#4448 = DIRECTION('',(-1.212375546256E-16,-1.,-1.227125289196E-18));
#4449 = ADVANCED_FACE('',(#4450),#4461,.T.);
#4450 = FACE_BOUND('',#4451,.F.);
#4451 = EDGE_LOOP('',(#4452,#4453,#4454,#4455));
#4452 = ORIENTED_EDGE('',*,*,#4374,.T.);
#4453 = ORIENTED_EDGE('',*,*,#3668,.T.);
#4454 = ORIENTED_EDGE('',*,*,#4429,.T.);
#4455 = ORIENTED_EDGE('',*,*,#4456,.F.);
#4456 = EDGE_CURVE('',#4375,#4430,#4457,.T.);
#4457 = LINE('',#4458,#4459);
#4458 = CARTESIAN_POINT('',(4.25,-5.E-02,5.));
#4459 = VECTOR('',#4460,1.);
#4460 = DIRECTION('',(-1.,1.224646799147E-16,0.));
#4461 = PLANE('',#4462);
#4462 = AXIS2_PLACEMENT_3D('',#4463,#4464,#4465);
#4463 = CARTESIAN_POINT('',(4.25,-0.15,4.9));
#4464 = DIRECTION('',(-8.833102285013E-17,-0.707106781187,0.707106781187
    ));
#4465 = DIRECTION('',(1.,-1.236918052038E-16,1.227125289097E-18));
#4466 = ADVANCED_FACE('',(#4467),#4478,.T.);
#4467 = FACE_BOUND('',#4468,.F.);
#4468 = EDGE_LOOP('',(#4469,#4470,#4476,#4477));
#4469 = ORIENTED_EDGE('',*,*,#3815,.F.);
#4470 = ORIENTED_EDGE('',*,*,#4471,.T.);
#4471 = EDGE_CURVE('',#3816,#3700,#4472,.T.);
#4472 = LINE('',#4473,#4474);
#4473 = CARTESIAN_POINT('',(0.25,-5.E-02,-3.4));
#4474 = VECTOR('',#4475,1.);
#4475 = DIRECTION('',(-1.,1.224646799147E-16,0.));
#4476 = ORIENTED_EDGE('',*,*,#3699,.T.);
#4477 = ORIENTED_EDGE('',*,*,#3798,.F.);
#4478 = PLANE('',#4479);
#4479 = AXIS2_PLACEMENT_3D('',#4480,#4481,#4482);
#4480 = CARTESIAN_POINT('',(0.25,-0.134403742653,-3.301223703467));
#4481 = DIRECTION('',(-9.136856246232E-17,-0.760250805153,-0.64962967394
    ));
#4482 = DIRECTION('',(1.,-1.211454098155E-16,1.127308249542E-18));
#4483 = ADVANCED_FACE('',(#4484),#4495,.F.);
#4484 = FACE_BOUND('',#4485,.F.);
#4485 = EDGE_LOOP('',(#4486,#4487,#4488,#4494));
#4486 = ORIENTED_EDGE('',*,*,#4471,.F.);
#4487 = ORIENTED_EDGE('',*,*,#3834,.F.);
#4488 = ORIENTED_EDGE('',*,*,#4489,.T.);
#4489 = EDGE_CURVE('',#3827,#3725,#4490,.T.);
#4490 = LINE('',#4491,#4492);
#4491 = CARTESIAN_POINT('',(0.25,5.E-02,-3.4));
#4492 = VECTOR('',#4493,1.);
#4493 = DIRECTION('',(-1.,1.224646799147E-16,0.));
#4494 = ORIENTED_EDGE('',*,*,#3732,.T.);
#4495 = PLANE('',#4496);
#4496 = AXIS2_PLACEMENT_3D('',#4497,#4498,#4499);
#4497 = CARTESIAN_POINT('',(0.25,0.25,-3.4));
#4498 = DIRECTION('',(0.,0.,1.));
#4499 = DIRECTION('',(-1.224646799147E-16,-1.,0.));
#4500 = ADVANCED_FACE('',(#4501),#4507,.T.);
#4501 = FACE_BOUND('',#4502,.T.);
#4502 = EDGE_LOOP('',(#4503,#4504,#4505,#4506));
#4503 = ORIENTED_EDGE('',*,*,#3826,.F.);
#4504 = ORIENTED_EDGE('',*,*,#4489,.T.);
#4505 = ORIENTED_EDGE('',*,*,#3724,.T.);
#4506 = ORIENTED_EDGE('',*,*,#3750,.F.);
#4507 = PLANE('',#4508);
#4508 = AXIS2_PLACEMENT_3D('',#4509,#4510,#4511);
#4509 = CARTESIAN_POINT('',(0.25,0.165596257347,-3.301223703467));
#4510 = DIRECTION('',(8.302774088379E-17,0.64962967394,-0.760250805153)
  );
#4511 = DIRECTION('',(-1.,1.247195775152E-16,-2.638869166629E-18));
#4512 = ADVANCED_FACE('',(#4513),#4519,.F.);
#4513 = FACE_BOUND('',#4514,.F.);
#4514 = EDGE_LOOP('',(#4515,#4516,#4517,#4518));
#4515 = ORIENTED_EDGE('',*,*,#3911,.F.);
#4516 = ORIENTED_EDGE('',*,*,#3928,.T.);
#4517 = ORIENTED_EDGE('',*,*,#3856,.T.);
#4518 = ORIENTED_EDGE('',*,*,#3887,.F.);
#4519 = PLANE('',#4520);
#4520 = AXIS2_PLACEMENT_3D('',#4521,#4522,#4523);
#4521 = CARTESIAN_POINT('',(2.25,0.25,-3.4));
#4522 = DIRECTION('',(0.,0.,1.));
#4523 = DIRECTION('',(-1.224646799147E-16,-1.,0.));
#4524 = ADVANCED_FACE('',(#4525),#4531,.F.);
#4525 = FACE_BOUND('',#4526,.F.);
#4526 = EDGE_LOOP('',(#4527,#4528,#4529,#4530));
#4527 = ORIENTED_EDGE('',*,*,#3952,.F.);
#4528 = ORIENTED_EDGE('',*,*,#3976,.T.);
#4529 = ORIENTED_EDGE('',*,*,#4000,.T.);
#4530 = ORIENTED_EDGE('',*,*,#4024,.F.);
#4531 = PLANE('',#4532);
#4532 = AXIS2_PLACEMENT_3D('',#4533,#4534,#4535);
#4533 = CARTESIAN_POINT('',(4.25,0.25,-3.4));
#4534 = DIRECTION('',(0.,0.,1.));
#4535 = DIRECTION('',(-1.224646799147E-16,-1.,0.));
#4536 = ADVANCED_FACE('',(#4537),#4543,.F.);
#4537 = FACE_BOUND('',#4538,.F.);
#4538 = EDGE_LOOP('',(#4539,#4540,#4541,#4542));
#4539 = ORIENTED_EDGE('',*,*,#4094,.F.);
#4540 = ORIENTED_EDGE('',*,*,#4166,.F.);
#4541 = ORIENTED_EDGE('',*,*,#4151,.T.);
#4542 = ORIENTED_EDGE('',*,*,#4125,.T.);
#4543 = PLANE('',#4544);
#4544 = AXIS2_PLACEMENT_3D('',#4545,#4546,#4547);
#4545 = CARTESIAN_POINT('',(0.25,-0.25,5.));
#4546 = DIRECTION('',(-0.,0.,-1.));
#4547 = DIRECTION('',(1.224646799147E-16,1.,0.));
#4548 = ADVANCED_FACE('',(#4549),#4555,.F.);
#4549 = FACE_BOUND('',#4550,.F.);
#4550 = EDGE_LOOP('',(#4551,#4552,#4553,#4554));
#4551 = ORIENTED_EDGE('',*,*,#4238,.F.);
#4552 = ORIENTED_EDGE('',*,*,#4223,.T.);
#4553 = ORIENTED_EDGE('',*,*,#4190,.T.);
#4554 = ORIENTED_EDGE('',*,*,#4262,.F.);
#4555 = PLANE('',#4556);
#4556 = AXIS2_PLACEMENT_3D('',#4557,#4558,#4559);
#4557 = CARTESIAN_POINT('',(2.25,-0.25,5.));
#4558 = DIRECTION('',(-0.,0.,-1.));
#4559 = DIRECTION('',(1.224646799147E-16,1.,0.));
#4560 = ADVANCED_FACE('',(#4561),#4567,.F.);
#4561 = FACE_BOUND('',#4562,.F.);
#4562 = EDGE_LOOP('',(#4563,#4564,#4565,#4566));
#4563 = ORIENTED_EDGE('',*,*,#4310,.F.);
#4564 = ORIENTED_EDGE('',*,*,#4286,.F.);
#4565 = ORIENTED_EDGE('',*,*,#4360,.T.);
#4566 = ORIENTED_EDGE('',*,*,#4341,.T.);
#4567 = PLANE('',#4568);
#4568 = AXIS2_PLACEMENT_3D('',#4569,#4570,#4571);
#4569 = CARTESIAN_POINT('',(6.25,-0.25,5.));
#4570 = DIRECTION('',(-0.,0.,-1.));
#4571 = DIRECTION('',(1.224646799147E-16,1.,0.));
#4572 = ADVANCED_FACE('',(#4573),#4579,.F.);
#4573 = FACE_BOUND('',#4574,.F.);
#4574 = EDGE_LOOP('',(#4575,#4576,#4577,#4578));
#4575 = ORIENTED_EDGE('',*,*,#4382,.F.);
#4576 = ORIENTED_EDGE('',*,*,#4456,.T.);
#4577 = ORIENTED_EDGE('',*,*,#4437,.T.);
#4578 = ORIENTED_EDGE('',*,*,#4406,.F.);
#4579 = PLANE('',#4580);
#4580 = AXIS2_PLACEMENT_3D('',#4581,#4582,#4583);
#4581 = CARTESIAN_POINT('',(4.25,-0.25,5.));
#4582 = DIRECTION('',(-0.,0.,-1.));
#4583 = DIRECTION('',(1.224646799147E-16,1.,0.));
#4584 = ( GEOMETRIC_REPRESENTATION_CONTEXT(3) 
GLOBAL_UNCERTAINTY_ASSIGNED_CONTEXT((#4588)) 
GLOBAL_UNIT_ASSIGNED_CONTEXT((#4585,#4586,#4587)) REPRESENTATION_CONTEXT
('Context #1','3D Context with UNIT and UNCERTAINTY') );
#4585 = ( LENGTH_UNIT() NAMED_UNIT(*) SI_UNIT(.MILLI.,.METRE.) );
#4586 = ( NAMED_UNIT(*) PLANE_ANGLE_UNIT() SI_UNIT($,.RADIAN.) );
#4587 = ( NAMED_UNIT(*) SI_UNIT($,.STERADIAN.) SOLID_ANGLE_UNIT() );
#4588 = UNCERTAINTY_MEASURE_WITH_UNIT(LENGTH_MEASURE(1.E-07),#4585,
  'distance_accuracy_value','confusion accuracy');
#4589 = CONTEXT_DEPENDENT_SHAPE_REPRESENTATION(#4590,#4592);
#4590 = ( REPRESENTATION_RELATIONSHIP('','',#79,#56) 
REPRESENTATION_RELATIONSHIP_WITH_TRANSFORMATION(#4591) 
SHAPE_REPRESENTATION_RELATIONSHIP() );
#4591 = ITEM_DEFINED_TRANSFORMATION('','',#11,#57);
#4592 = PRODUCT_DEFINITION_SHAPE('Placement','Placement of an item',
  #4593);
#4593 = NEXT_ASSEMBLY_USAGE_OCCURRENCE('1','=>[0:1:1:3]','',#51,#74,$);
#4594 = PRODUCT_RELATED_PRODUCT_CATEGORY('part',$,(#76));
#4595 = SHAPE_DEFINITION_REPRESENTATION(#4596,#4602);
#4596 = PRODUCT_DEFINITION_SHAPE('','',#4597);
#4597 = PRODUCT_DEFINITION('design','',#4598,#4601);
#4598 = PRODUCT_DEFINITION_FORMATION('','',#4599);
#4599 = PRODUCT('D_SOD-323','D_SOD-323','',(#4600));
#4600 = PRODUCT_CONTEXT('',#2,'mechanical');
#4601 = PRODUCT_DEFINITION_CONTEXT('part definition',#2,'design');
#4602 = SHAPE_REPRESENTATION('',(#11,#4603),#4607);
#4603 = AXIS2_PLACEMENT_3D('',#4604,#4605,#4606);
#4604 = CARTESIAN_POINT('',(0.,0.,0.));
#4605 = DIRECTION('',(0.,0.,1.));
#4606 = DIRECTION('',(1.,0.,-0.));
#4607 = ( GEOMETRIC_REPRESENTATION_CONTEXT(3) 
GLOBAL_UNCERTAINTY_ASSIGNED_CONTEXT((#4611)) 
GLOBAL_UNIT_ASSIGNED_CONTEXT((#4608,#4609,#4610)) REPRESENTATION_CONTEXT
('Context #1','3D Context with UNIT and UNCERTAINTY') );
#4608 = ( LENGTH_UNIT() NAMED_UNIT(*) SI_UNIT(.MILLI.,.METRE.) );
#4609 = ( NAMED_UNIT(*) PLANE_ANGLE_UNIT() SI_UNIT($,.RADIAN.) );
#4610 = ( NAMED_UNIT(*) SI_UNIT($,.STERADIAN.) SOLID_ANGLE_UNIT() );
#4611 = UNCERTAINTY_MEASURE_WITH_UNIT(LENGTH_MEASURE(1.E-07),#4608,
  'distance_accuracy_value','confusion accuracy');
#4612 = CONTEXT_DEPENDENT_SHAPE_REPRESENTATION(#4613,#4615);
#4613 = ( REPRESENTATION_RELATIONSHIP('','',#4602,#10) 
REPRESENTATION_RELATIONSHIP_WITH_TRANSFORMATION(#4614) 
SHAPE_REPRESENTATION_RELATIONSHIP() );
#4614 = ITEM_DEFINED_TRANSFORMATION('','',#11,#19);
#4615 = PRODUCT_DEFINITION_SHAPE('Placement','Placement of an item',
  #4616);
#4616 = NEXT_ASSEMBLY_USAGE_OCCURRENCE('4','D2','',#5,#4597,$);
#4617 = PRODUCT_RELATED_PRODUCT_CATEGORY('part',$,(#4599));
#4618 = SHAPE_DEFINITION_REPRESENTATION(#4619,#4625);
#4619 = PRODUCT_DEFINITION_SHAPE('','',#4620);
#4620 = PRODUCT_DEFINITION('design','',#4621,#4624);
#4621 = PRODUCT_DEFINITION_FORMATION('','',#4622);
#4622 = PRODUCT('D_SOD-323','D_SOD-323','',(#4623));
#4623 = PRODUCT_CONTEXT('',#2,'mechanical');
#4624 = PRODUCT_DEFINITION_CONTEXT('part definition',#2,'design');
#4625 = ADVANCED_BREP_SHAPE_REPRESENTATION('',(#11,#4626),#6314);
#4626 = MANIFOLD_SOLID_BREP('',#4627);
#4627 = CLOSED_SHELL('',(#4628,#4682,#4745,#4768,#4798,#4831,#4861,#4884
    ,#4907,#4930,#4953,#4976,#5009,#5032,#5055,#5143,#5218,#5242,#5310,
    #5398,#5414,#5430,#5446,#5462,#5479,#5512,#5529,#5551,#5582,#5605,
    #5628,#5651,#5681,#5698,#5715,#5732,#5749,#5766,#5783,#5800,#5812,
    #5835,#5858,#5875,#5950,#5974,#6042,#6059,#6109,#6126,#6143,#6160,
    #6177,#6194,#6206,#6237,#6261,#6285,#6302));
#4628 = ADVANCED_FACE('',(#4629),#4677,.F.);
#4629 = FACE_BOUND('',#4630,.F.);
#4630 = EDGE_LOOP('',(#4631,#4641,#4648,#4656,#4664,#4672));
#4631 = ORIENTED_EDGE('',*,*,#4632,.T.);
#4632 = EDGE_CURVE('',#4633,#4635,#4637,.T.);
#4633 = VERTEX_POINT('',#4634);
#4634 = CARTESIAN_POINT('',(-0.790270145251,-0.500135072626,0.1));
#4635 = VERTEX_POINT('',#4636);
#4636 = CARTESIAN_POINT('',(-0.790270145251,0.500135072626,0.1));
#4637 = LINE('',#4638,#4639);
#4638 = CARTESIAN_POINT('',(-0.790270145251,-0.500135072626,0.1));
#4639 = VECTOR('',#4640,1.);
#4640 = DIRECTION('',(0.,1.,0.));
#4641 = ORIENTED_EDGE('',*,*,#4642,.T.);
#4642 = EDGE_CURVE('',#4635,#4643,#4645,.T.);
#4643 = VERTEX_POINT('',#4644);
#4644 = CARTESIAN_POINT('',(-0.85,0.53,0.525));
#4645 = B_SPLINE_CURVE_WITH_KNOTS('',1,(#4646,#4647),.UNSPECIFIED.,.F.,
  .F.,(2,2),(0.,1.),.PIECEWISE_BEZIER_KNOTS.);
#4646 = CARTESIAN_POINT('',(-0.790270145251,0.500135072626,0.1));
#4647 = CARTESIAN_POINT('',(-0.85,0.53,0.525));
#4648 = ORIENTED_EDGE('',*,*,#4649,.F.);
#4649 = EDGE_CURVE('',#4650,#4643,#4652,.T.);
#4650 = VERTEX_POINT('',#4651);
#4651 = CARTESIAN_POINT('',(-0.85,0.175,0.525));
#4652 = LINE('',#4653,#4654);
#4653 = CARTESIAN_POINT('',(-0.85,-0.53,0.525));
#4654 = VECTOR('',#4655,1.);
#4655 = DIRECTION('',(0.,1.,0.));
#4656 = ORIENTED_EDGE('',*,*,#4657,.F.);
#4657 = EDGE_CURVE('',#4658,#4650,#4660,.T.);
#4658 = VERTEX_POINT('',#4659);
#4659 = CARTESIAN_POINT('',(-0.85,-0.175,0.525));
#4660 = LINE('',#4661,#4662);
#4661 = CARTESIAN_POINT('',(-0.85,-0.175,0.525));
#4662 = VECTOR('',#4663,1.);
#4663 = DIRECTION('',(1.110223024625E-16,1.,0.));
#4664 = ORIENTED_EDGE('',*,*,#4665,.F.);
#4665 = EDGE_CURVE('',#4666,#4658,#4668,.T.);
#4666 = VERTEX_POINT('',#4667);
#4667 = CARTESIAN_POINT('',(-0.85,-0.53,0.525));
#4668 = LINE('',#4669,#4670);
#4669 = CARTESIAN_POINT('',(-0.85,-0.53,0.525));
#4670 = VECTOR('',#4671,1.);
#4671 = DIRECTION('',(0.,1.,0.));
#4672 = ORIENTED_EDGE('',*,*,#4673,.F.);
#4673 = EDGE_CURVE('',#4633,#4666,#4674,.T.);
#4674 = B_SPLINE_CURVE_WITH_KNOTS('',1,(#4675,#4676),.UNSPECIFIED.,.F.,
  .F.,(2,2),(0.,1.),.PIECEWISE_BEZIER_KNOTS.);
#4675 = CARTESIAN_POINT('',(-0.790270145251,-0.500135072626,0.1));
#4676 = CARTESIAN_POINT('',(-0.85,-0.53,0.525));
#4677 = B_SPLINE_SURFACE_WITH_KNOTS('',1,1,(
    (#4678,#4679)
    ,(#4680,#4681
    )),.UNSPECIFIED.,.F.,.F.,.F.,(2,2),(2,2),(0.,1.06),(0.,1.),
  .PIECEWISE_BEZIER_KNOTS.);
#4678 = CARTESIAN_POINT('',(-0.790270145251,-0.500135072626,0.1));
#4679 = CARTESIAN_POINT('',(-0.85,-0.53,0.525));
#4680 = CARTESIAN_POINT('',(-0.790270145251,0.500135072626,0.1));
#4681 = CARTESIAN_POINT('',(-0.85,0.53,0.525));
#4682 = ADVANCED_FACE('',(#4683),#4740,.F.);
#4683 = FACE_BOUND('',#4684,.T.);
#4684 = EDGE_LOOP('',(#4685,#4686,#4694,#4702,#4710,#4718,#4726,#4734));
#4685 = ORIENTED_EDGE('',*,*,#4632,.T.);
#4686 = ORIENTED_EDGE('',*,*,#4687,.T.);
#4687 = EDGE_CURVE('',#4635,#4688,#4690,.T.);
#4688 = VERTEX_POINT('',#4689);
#4689 = CARTESIAN_POINT('',(-0.725135072626,0.565270145251,0.1));
#4690 = LINE('',#4691,#4692);
#4691 = CARTESIAN_POINT('',(-0.790270145251,0.500135072626,0.1));
#4692 = VECTOR('',#4693,1.);
#4693 = DIRECTION('',(0.707106781187,0.707106781187,0.));
#4694 = ORIENTED_EDGE('',*,*,#4695,.T.);
#4695 = EDGE_CURVE('',#4688,#4696,#4698,.T.);
#4696 = VERTEX_POINT('',#4697);
#4697 = CARTESIAN_POINT('',(0.725135072626,0.565270145251,0.1));
#4698 = LINE('',#4699,#4700);
#4699 = CARTESIAN_POINT('',(-0.725135072626,0.565270145251,0.1));
#4700 = VECTOR('',#4701,1.);
#4701 = DIRECTION('',(1.,0.,0.));
#4702 = ORIENTED_EDGE('',*,*,#4703,.T.);
#4703 = EDGE_CURVE('',#4696,#4704,#4706,.T.);
#4704 = VERTEX_POINT('',#4705);
#4705 = CARTESIAN_POINT('',(0.790270145251,0.500135072626,0.1));
#4706 = LINE('',#4707,#4708);
#4707 = CARTESIAN_POINT('',(0.725135072626,0.565270145251,0.1));
#4708 = VECTOR('',#4709,1.);
#4709 = DIRECTION('',(0.707106781187,-0.707106781187,0.));
#4710 = ORIENTED_EDGE('',*,*,#4711,.T.);
#4711 = EDGE_CURVE('',#4704,#4712,#4714,.T.);
#4712 = VERTEX_POINT('',#4713);
#4713 = CARTESIAN_POINT('',(0.790270145251,-0.500135072626,0.1));
#4714 = LINE('',#4715,#4716);
#4715 = CARTESIAN_POINT('',(0.790270145251,0.500135072626,0.1));
#4716 = VECTOR('',#4717,1.);
#4717 = DIRECTION('',(0.,-1.,0.));
#4718 = ORIENTED_EDGE('',*,*,#4719,.T.);
#4719 = EDGE_CURVE('',#4712,#4720,#4722,.T.);
#4720 = VERTEX_POINT('',#4721);
#4721 = CARTESIAN_POINT('',(0.725135072626,-0.565270145251,0.1));
#4722 = LINE('',#4723,#4724);
#4723 = CARTESIAN_POINT('',(0.790270145251,-0.500135072626,0.1));
#4724 = VECTOR('',#4725,1.);
#4725 = DIRECTION('',(-0.707106781187,-0.707106781187,0.));
#4726 = ORIENTED_EDGE('',*,*,#4727,.T.);
#4727 = EDGE_CURVE('',#4720,#4728,#4730,.T.);
#4728 = VERTEX_POINT('',#4729);
#4729 = CARTESIAN_POINT('',(-0.725135072626,-0.565270145251,0.1));
#4730 = LINE('',#4731,#4732);
#4731 = CARTESIAN_POINT('',(0.725135072626,-0.565270145251,0.1));
#4732 = VECTOR('',#4733,1.);
#4733 = DIRECTION('',(-1.,0.,0.));
#4734 = ORIENTED_EDGE('',*,*,#4735,.T.);
#4735 = EDGE_CURVE('',#4728,#4633,#4736,.T.);
#4736 = LINE('',#4737,#4738);
#4737 = CARTESIAN_POINT('',(-0.725135072626,-0.565270145251,0.1));
#4738 = VECTOR('',#4739,1.);
#4739 = DIRECTION('',(-0.707106781187,0.707106781187,0.));
#4740 = PLANE('',#4741);
#4741 = AXIS2_PLACEMENT_3D('',#4742,#4743,#4744);
#4742 = CARTESIAN_POINT('',(-0.790270145251,-0.500135072626,0.1));
#4743 = DIRECTION('',(0.,0.,1.));
#4744 = DIRECTION('',(0.844997546083,0.534770181587,-0.));
#4745 = ADVANCED_FACE('',(#4746),#4763,.F.);
#4746 = FACE_BOUND('',#4747,.F.);
#4747 = EDGE_LOOP('',(#4748,#4749,#4756,#4762));
#4748 = ORIENTED_EDGE('',*,*,#4687,.T.);
#4749 = ORIENTED_EDGE('',*,*,#4750,.T.);
#4750 = EDGE_CURVE('',#4688,#4751,#4753,.T.);
#4751 = VERTEX_POINT('',#4752);
#4752 = CARTESIAN_POINT('',(-0.755,0.625,0.525));
#4753 = B_SPLINE_CURVE_WITH_KNOTS('',1,(#4754,#4755),.UNSPECIFIED.,.F.,
  .F.,(2,2),(0.,1.),.PIECEWISE_BEZIER_KNOTS.);
#4754 = CARTESIAN_POINT('',(-0.725135072626,0.565270145251,0.1));
#4755 = CARTESIAN_POINT('',(-0.755,0.625,0.525));
#4756 = ORIENTED_EDGE('',*,*,#4757,.F.);
#4757 = EDGE_CURVE('',#4643,#4751,#4758,.T.);
#4758 = LINE('',#4759,#4760);
#4759 = CARTESIAN_POINT('',(-0.85,0.53,0.525));
#4760 = VECTOR('',#4761,1.);
#4761 = DIRECTION('',(0.707106781187,0.707106781187,0.));
#4762 = ORIENTED_EDGE('',*,*,#4642,.F.);
#4763 = B_SPLINE_SURFACE_WITH_KNOTS('',1,1,(
    (#4764,#4765)
    ,(#4766,#4767
    )),.UNSPECIFIED.,.F.,.F.,.F.,(2,2),(2,2),(0.,0.134350288425),(0.,1.)
  ,.PIECEWISE_BEZIER_KNOTS.);
#4764 = CARTESIAN_POINT('',(-0.790270145251,0.500135072626,0.1));
#4765 = CARTESIAN_POINT('',(-0.85,0.53,0.525));
#4766 = CARTESIAN_POINT('',(-0.725135072626,0.565270145251,0.1));
#4767 = CARTESIAN_POINT('',(-0.755,0.625,0.525));
#4768 = ADVANCED_FACE('',(#4769),#4793,.F.);
#4769 = FACE_BOUND('',#4770,.F.);
#4770 = EDGE_LOOP('',(#4771,#4778,#4779,#4787));
#4771 = ORIENTED_EDGE('',*,*,#4772,.F.);
#4772 = EDGE_CURVE('',#4666,#4773,#4775,.T.);
#4773 = VERTEX_POINT('',#4774);
#4774 = CARTESIAN_POINT('',(-0.85,-0.53,0.675));
#4775 = B_SPLINE_CURVE_WITH_KNOTS('',1,(#4776,#4777),.UNSPECIFIED.,.F.,
  .F.,(2,2),(0.,1.),.PIECEWISE_BEZIER_KNOTS.);
#4776 = CARTESIAN_POINT('',(-0.85,-0.53,0.525));
#4777 = CARTESIAN_POINT('',(-0.85,-0.53,0.675));
#4778 = ORIENTED_EDGE('',*,*,#4665,.T.);
#4779 = ORIENTED_EDGE('',*,*,#4780,.T.);
#4780 = EDGE_CURVE('',#4658,#4781,#4783,.T.);
#4781 = VERTEX_POINT('',#4782);
#4782 = CARTESIAN_POINT('',(-0.85,-0.175,0.675));
#4783 = LINE('',#4784,#4785);
#4784 = CARTESIAN_POINT('',(-0.85,-0.175,0.503709028349));
#4785 = VECTOR('',#4786,1.);
#4786 = DIRECTION('',(0.,0.,1.));
#4787 = ORIENTED_EDGE('',*,*,#4788,.F.);
#4788 = EDGE_CURVE('',#4773,#4781,#4789,.T.);
#4789 = LINE('',#4790,#4791);
#4790 = CARTESIAN_POINT('',(-0.85,-0.53,0.675));
#4791 = VECTOR('',#4792,1.);
#4792 = DIRECTION('',(0.,1.,0.));
#4793 = PLANE('',#4794);
#4794 = AXIS2_PLACEMENT_3D('',#4795,#4796,#4797);
#4795 = CARTESIAN_POINT('',(-0.85,-0.53,0.675));
#4796 = DIRECTION('',(1.,0.,0.));
#4797 = DIRECTION('',(-0.,1.,0.));
#4798 = ADVANCED_FACE('',(#4799),#4826,.F.);
#4799 = FACE_BOUND('',#4800,.F.);
#4800 = EDGE_LOOP('',(#4801,#4802,#4811,#4819));
#4801 = ORIENTED_EDGE('',*,*,#4657,.T.);
#4802 = ORIENTED_EDGE('',*,*,#4803,.T.);
#4803 = EDGE_CURVE('',#4650,#4804,#4806,.T.);
#4804 = VERTEX_POINT('',#4805);
#4805 = CARTESIAN_POINT('',(-0.918936542711,0.175,0.467155372437));
#4806 = CIRCLE('',#4807,7.E-02);
#4807 = AXIS2_PLACEMENT_3D('',#4808,#4809,#4810);
#4808 = CARTESIAN_POINT('',(-0.85,0.175,0.455));
#4809 = DIRECTION('',(-1.110223024625E-16,-1.,0.));
#4810 = DIRECTION('',(0.,0.,1.));
#4811 = ORIENTED_EDGE('',*,*,#4812,.F.);
#4812 = EDGE_CURVE('',#4813,#4804,#4815,.T.);
#4813 = VERTEX_POINT('',#4814);
#4814 = CARTESIAN_POINT('',(-0.918936542711,-0.175,0.467155372437));
#4815 = LINE('',#4816,#4817);
#4816 = CARTESIAN_POINT('',(-0.918936542711,-0.175,0.467155372437));
#4817 = VECTOR('',#4818,1.);
#4818 = DIRECTION('',(1.110223024625E-16,1.,0.));
#4819 = ORIENTED_EDGE('',*,*,#4820,.F.);
#4820 = EDGE_CURVE('',#4658,#4813,#4821,.T.);
#4821 = CIRCLE('',#4822,7.E-02);
#4822 = AXIS2_PLACEMENT_3D('',#4823,#4824,#4825);
#4823 = CARTESIAN_POINT('',(-0.85,-0.175,0.455));
#4824 = DIRECTION('',(-1.110223024625E-16,-1.,0.));
#4825 = DIRECTION('',(0.,0.,1.));
#4826 = CYLINDRICAL_SURFACE('',#4827,7.E-02);
#4827 = AXIS2_PLACEMENT_3D('',#4828,#4829,#4830);
#4828 = CARTESIAN_POINT('',(-0.85,-0.175,0.455));
#4829 = DIRECTION('',(-1.110223024625E-16,-1.,0.));
#4830 = DIRECTION('',(0.,0.,1.));
#4831 = ADVANCED_FACE('',(#4832),#4856,.F.);
#4832 = FACE_BOUND('',#4833,.F.);
#4833 = EDGE_LOOP('',(#4834,#4842,#4843,#4850));
#4834 = ORIENTED_EDGE('',*,*,#4835,.F.);
#4835 = EDGE_CURVE('',#4650,#4836,#4838,.T.);
#4836 = VERTEX_POINT('',#4837);
#4837 = CARTESIAN_POINT('',(-0.85,0.175,0.675));
#4838 = LINE('',#4839,#4840);
#4839 = CARTESIAN_POINT('',(-0.85,0.175,0.503709028349));
#4840 = VECTOR('',#4841,1.);
#4841 = DIRECTION('',(0.,0.,1.));
#4842 = ORIENTED_EDGE('',*,*,#4649,.T.);
#4843 = ORIENTED_EDGE('',*,*,#4844,.T.);
#4844 = EDGE_CURVE('',#4643,#4845,#4847,.T.);
#4845 = VERTEX_POINT('',#4846);
#4846 = CARTESIAN_POINT('',(-0.85,0.53,0.675));
#4847 = B_SPLINE_CURVE_WITH_KNOTS('',1,(#4848,#4849),.UNSPECIFIED.,.F.,
  .F.,(2,2),(0.,1.),.PIECEWISE_BEZIER_KNOTS.);
#4848 = CARTESIAN_POINT('',(-0.85,0.53,0.525));
#4849 = CARTESIAN_POINT('',(-0.85,0.53,0.675));
#4850 = ORIENTED_EDGE('',*,*,#4851,.F.);
#4851 = EDGE_CURVE('',#4836,#4845,#4852,.T.);
#4852 = LINE('',#4853,#4854);
#4853 = CARTESIAN_POINT('',(-0.85,-0.53,0.675));
#4854 = VECTOR('',#4855,1.);
#4855 = DIRECTION('',(0.,1.,0.));
#4856 = PLANE('',#4857);
#4857 = AXIS2_PLACEMENT_3D('',#4858,#4859,#4860);
#4858 = CARTESIAN_POINT('',(-0.85,-0.53,0.675));
#4859 = DIRECTION('',(1.,0.,0.));
#4860 = DIRECTION('',(-0.,1.,0.));
#4861 = ADVANCED_FACE('',(#4862),#4879,.F.);
#4862 = FACE_BOUND('',#4863,.F.);
#4863 = EDGE_LOOP('',(#4864,#4865,#4866,#4874));
#4864 = ORIENTED_EDGE('',*,*,#4735,.T.);
#4865 = ORIENTED_EDGE('',*,*,#4673,.T.);
#4866 = ORIENTED_EDGE('',*,*,#4867,.F.);
#4867 = EDGE_CURVE('',#4868,#4666,#4870,.T.);
#4868 = VERTEX_POINT('',#4869);
#4869 = CARTESIAN_POINT('',(-0.755,-0.625,0.525));
#4870 = LINE('',#4871,#4872);
#4871 = CARTESIAN_POINT('',(-0.755,-0.625,0.525));
#4872 = VECTOR('',#4873,1.);
#4873 = DIRECTION('',(-0.707106781187,0.707106781187,0.));
#4874 = ORIENTED_EDGE('',*,*,#4875,.F.);
#4875 = EDGE_CURVE('',#4728,#4868,#4876,.T.);
#4876 = B_SPLINE_CURVE_WITH_KNOTS('',1,(#4877,#4878),.UNSPECIFIED.,.F.,
  .F.,(2,2),(0.,1.),.PIECEWISE_BEZIER_KNOTS.);
#4877 = CARTESIAN_POINT('',(-0.725135072626,-0.565270145251,0.1));
#4878 = CARTESIAN_POINT('',(-0.755,-0.625,0.525));
#4879 = B_SPLINE_SURFACE_WITH_KNOTS('',1,1,(
    (#4880,#4881)
    ,(#4882,#4883
    )),.UNSPECIFIED.,.F.,.F.,.F.,(2,2),(2,2),(0.,0.134350288425),(0.,1.)
  ,.PIECEWISE_BEZIER_KNOTS.);
#4880 = CARTESIAN_POINT('',(-0.725135072626,-0.565270145251,0.1));
#4881 = CARTESIAN_POINT('',(-0.755,-0.625,0.525));
#4882 = CARTESIAN_POINT('',(-0.790270145251,-0.500135072626,0.1));
#4883 = CARTESIAN_POINT('',(-0.85,-0.53,0.525));
#4884 = ADVANCED_FACE('',(#4885),#4902,.F.);
#4885 = FACE_BOUND('',#4886,.F.);
#4886 = EDGE_LOOP('',(#4887,#4888,#4889,#4897));
#4887 = ORIENTED_EDGE('',*,*,#4727,.T.);
#4888 = ORIENTED_EDGE('',*,*,#4875,.T.);
#4889 = ORIENTED_EDGE('',*,*,#4890,.F.);
#4890 = EDGE_CURVE('',#4891,#4868,#4893,.T.);
#4891 = VERTEX_POINT('',#4892);
#4892 = CARTESIAN_POINT('',(0.755,-0.625,0.525));
#4893 = LINE('',#4894,#4895);
#4894 = CARTESIAN_POINT('',(0.755,-0.625,0.525));
#4895 = VECTOR('',#4896,1.);
#4896 = DIRECTION('',(-1.,0.,0.));
#4897 = ORIENTED_EDGE('',*,*,#4898,.F.);
#4898 = EDGE_CURVE('',#4720,#4891,#4899,.T.);
#4899 = B_SPLINE_CURVE_WITH_KNOTS('',1,(#4900,#4901),.UNSPECIFIED.,.F.,
  .F.,(2,2),(0.,1.),.PIECEWISE_BEZIER_KNOTS.);
#4900 = CARTESIAN_POINT('',(0.725135072626,-0.565270145251,0.1));
#4901 = CARTESIAN_POINT('',(0.755,-0.625,0.525));
#4902 = B_SPLINE_SURFACE_WITH_KNOTS('',1,1,(
    (#4903,#4904)
    ,(#4905,#4906
    )),.UNSPECIFIED.,.F.,.F.,.F.,(2,2),(2,2),(0.,1.51),(0.,1.),
  .PIECEWISE_BEZIER_KNOTS.);
#4903 = CARTESIAN_POINT('',(0.725135072626,-0.565270145251,0.1));
#4904 = CARTESIAN_POINT('',(0.755,-0.625,0.525));
#4905 = CARTESIAN_POINT('',(-0.725135072626,-0.565270145251,0.1));
#4906 = CARTESIAN_POINT('',(-0.755,-0.625,0.525));
#4907 = ADVANCED_FACE('',(#4908),#4925,.F.);
#4908 = FACE_BOUND('',#4909,.F.);
#4909 = EDGE_LOOP('',(#4910,#4911,#4918,#4924));
#4910 = ORIENTED_EDGE('',*,*,#4695,.T.);
#4911 = ORIENTED_EDGE('',*,*,#4912,.T.);
#4912 = EDGE_CURVE('',#4696,#4913,#4915,.T.);
#4913 = VERTEX_POINT('',#4914);
#4914 = CARTESIAN_POINT('',(0.755,0.625,0.525));
#4915 = B_SPLINE_CURVE_WITH_KNOTS('',1,(#4916,#4917),.UNSPECIFIED.,.F.,
  .F.,(2,2),(0.,1.),.PIECEWISE_BEZIER_KNOTS.);
#4916 = CARTESIAN_POINT('',(0.725135072626,0.565270145251,0.1));
#4917 = CARTESIAN_POINT('',(0.755,0.625,0.525));
#4918 = ORIENTED_EDGE('',*,*,#4919,.F.);
#4919 = EDGE_CURVE('',#4751,#4913,#4920,.T.);
#4920 = LINE('',#4921,#4922);
#4921 = CARTESIAN_POINT('',(-0.755,0.625,0.525));
#4922 = VECTOR('',#4923,1.);
#4923 = DIRECTION('',(1.,0.,0.));
#4924 = ORIENTED_EDGE('',*,*,#4750,.F.);
#4925 = B_SPLINE_SURFACE_WITH_KNOTS('',1,1,(
    (#4926,#4927)
    ,(#4928,#4929
    )),.UNSPECIFIED.,.F.,.F.,.F.,(2,2),(2,2),(0.,1.51),(0.,1.),
  .PIECEWISE_BEZIER_KNOTS.);
#4926 = CARTESIAN_POINT('',(-0.725135072626,0.565270145251,0.1));
#4927 = CARTESIAN_POINT('',(-0.755,0.625,0.525));
#4928 = CARTESIAN_POINT('',(0.725135072626,0.565270145251,0.1));
#4929 = CARTESIAN_POINT('',(0.755,0.625,0.525));
#4930 = ADVANCED_FACE('',(#4931),#4948,.F.);
#4931 = FACE_BOUND('',#4932,.F.);
#4932 = EDGE_LOOP('',(#4933,#4934,#4935,#4943));
#4933 = ORIENTED_EDGE('',*,*,#4719,.T.);
#4934 = ORIENTED_EDGE('',*,*,#4898,.T.);
#4935 = ORIENTED_EDGE('',*,*,#4936,.F.);
#4936 = EDGE_CURVE('',#4937,#4891,#4939,.T.);
#4937 = VERTEX_POINT('',#4938);
#4938 = CARTESIAN_POINT('',(0.85,-0.53,0.525));
#4939 = LINE('',#4940,#4941);
#4940 = CARTESIAN_POINT('',(0.85,-0.53,0.525));
#4941 = VECTOR('',#4942,1.);
#4942 = DIRECTION('',(-0.707106781187,-0.707106781187,0.));
#4943 = ORIENTED_EDGE('',*,*,#4944,.F.);
#4944 = EDGE_CURVE('',#4712,#4937,#4945,.T.);
#4945 = B_SPLINE_CURVE_WITH_KNOTS('',1,(#4946,#4947),.UNSPECIFIED.,.F.,
  .F.,(2,2),(0.,1.),.PIECEWISE_BEZIER_KNOTS.);
#4946 = CARTESIAN_POINT('',(0.790270145251,-0.500135072626,0.1));
#4947 = CARTESIAN_POINT('',(0.85,-0.53,0.525));
#4948 = B_SPLINE_SURFACE_WITH_KNOTS('',1,1,(
    (#4949,#4950)
    ,(#4951,#4952
    )),.UNSPECIFIED.,.F.,.F.,.F.,(2,2),(2,2),(0.,0.134350288425),(0.,1.)
  ,.PIECEWISE_BEZIER_KNOTS.);
#4949 = CARTESIAN_POINT('',(0.790270145251,-0.500135072626,0.1));
#4950 = CARTESIAN_POINT('',(0.85,-0.53,0.525));
#4951 = CARTESIAN_POINT('',(0.725135072626,-0.565270145251,0.1));
#4952 = CARTESIAN_POINT('',(0.755,-0.625,0.525));
#4953 = ADVANCED_FACE('',(#4954),#4971,.F.);
#4954 = FACE_BOUND('',#4955,.F.);
#4955 = EDGE_LOOP('',(#4956,#4957,#4964,#4970));
#4956 = ORIENTED_EDGE('',*,*,#4703,.T.);
#4957 = ORIENTED_EDGE('',*,*,#4958,.T.);
#4958 = EDGE_CURVE('',#4704,#4959,#4961,.T.);
#4959 = VERTEX_POINT('',#4960);
#4960 = CARTESIAN_POINT('',(0.85,0.53,0.525));
#4961 = B_SPLINE_CURVE_WITH_KNOTS('',1,(#4962,#4963),.UNSPECIFIED.,.F.,
  .F.,(2,2),(0.,1.),.PIECEWISE_BEZIER_KNOTS.);
#4962 = CARTESIAN_POINT('',(0.790270145251,0.500135072626,0.1));
#4963 = CARTESIAN_POINT('',(0.85,0.53,0.525));
#4964 = ORIENTED_EDGE('',*,*,#4965,.F.);
#4965 = EDGE_CURVE('',#4913,#4959,#4966,.T.);
#4966 = LINE('',#4967,#4968);
#4967 = CARTESIAN_POINT('',(0.755,0.625,0.525));
#4968 = VECTOR('',#4969,1.);
#4969 = DIRECTION('',(0.707106781187,-0.707106781187,0.));
#4970 = ORIENTED_EDGE('',*,*,#4912,.F.);
#4971 = B_SPLINE_SURFACE_WITH_KNOTS('',1,1,(
    (#4972,#4973)
    ,(#4974,#4975
    )),.UNSPECIFIED.,.F.,.F.,.F.,(2,2),(2,2),(0.,0.134350288425),(0.,1.)
  ,.PIECEWISE_BEZIER_KNOTS.);
#4972 = CARTESIAN_POINT('',(0.725135072626,0.565270145251,0.1));
#4973 = CARTESIAN_POINT('',(0.755,0.625,0.525));
#4974 = CARTESIAN_POINT('',(0.790270145251,0.500135072626,0.1));
#4975 = CARTESIAN_POINT('',(0.85,0.53,0.525));
#4976 = ADVANCED_FACE('',(#4977),#5004,.F.);
#4977 = FACE_BOUND('',#4978,.F.);
#4978 = EDGE_LOOP('',(#4979,#4980,#4981,#4989,#4997,#5003));
#4979 = ORIENTED_EDGE('',*,*,#4711,.T.);
#4980 = ORIENTED_EDGE('',*,*,#4944,.T.);
#4981 = ORIENTED_EDGE('',*,*,#4982,.F.);
#4982 = EDGE_CURVE('',#4983,#4937,#4985,.T.);
#4983 = VERTEX_POINT('',#4984);
#4984 = CARTESIAN_POINT('',(0.85,-0.175,0.525));
#4985 = LINE('',#4986,#4987);
#4986 = CARTESIAN_POINT('',(0.85,0.53,0.525));
#4987 = VECTOR('',#4988,1.);
#4988 = DIRECTION('',(0.,-1.,0.));
#4989 = ORIENTED_EDGE('',*,*,#4990,.F.);
#4990 = EDGE_CURVE('',#4991,#4983,#4993,.T.);
#4991 = VERTEX_POINT('',#4992);
#4992 = CARTESIAN_POINT('',(0.85,0.175,0.525));
#4993 = LINE('',#4994,#4995);
#4994 = CARTESIAN_POINT('',(0.85,0.175,0.525));
#4995 = VECTOR('',#4996,1.);
#4996 = DIRECTION('',(-2.22044604925E-16,-1.,0.));
#4997 = ORIENTED_EDGE('',*,*,#4998,.F.);
#4998 = EDGE_CURVE('',#4959,#4991,#4999,.T.);
#4999 = LINE('',#5000,#5001);
#5000 = CARTESIAN_POINT('',(0.85,0.53,0.525));
#5001 = VECTOR('',#5002,1.);
#5002 = DIRECTION('',(0.,-1.,0.));
#5003 = ORIENTED_EDGE('',*,*,#4958,.F.);
#5004 = B_SPLINE_SURFACE_WITH_KNOTS('',1,1,(
    (#5005,#5006)
    ,(#5007,#5008
    )),.UNSPECIFIED.,.F.,.F.,.F.,(2,2),(2,2),(0.,1.06),(0.,1.),
  .PIECEWISE_BEZIER_KNOTS.);
#5005 = CARTESIAN_POINT('',(0.790270145251,0.500135072626,0.1));
#5006 = CARTESIAN_POINT('',(0.85,0.53,0.525));
#5007 = CARTESIAN_POINT('',(0.790270145251,-0.500135072626,0.1));
#5008 = CARTESIAN_POINT('',(0.85,-0.53,0.525));
#5009 = ADVANCED_FACE('',(#5010),#5027,.F.);
#5010 = FACE_BOUND('',#5011,.F.);
#5011 = EDGE_LOOP('',(#5012,#5013,#5020,#5026));
#5012 = ORIENTED_EDGE('',*,*,#4757,.T.);
#5013 = ORIENTED_EDGE('',*,*,#5014,.T.);
#5014 = EDGE_CURVE('',#4751,#5015,#5017,.T.);
#5015 = VERTEX_POINT('',#5016);
#5016 = CARTESIAN_POINT('',(-0.755,0.625,0.675));
#5017 = B_SPLINE_CURVE_WITH_KNOTS('',1,(#5018,#5019),.UNSPECIFIED.,.F.,
  .F.,(2,2),(0.,1.),.PIECEWISE_BEZIER_KNOTS.);
#5018 = CARTESIAN_POINT('',(-0.755,0.625,0.525));
#5019 = CARTESIAN_POINT('',(-0.755,0.625,0.675));
#5020 = ORIENTED_EDGE('',*,*,#5021,.F.);
#5021 = EDGE_CURVE('',#4845,#5015,#5022,.T.);
#5022 = LINE('',#5023,#5024);
#5023 = CARTESIAN_POINT('',(-0.85,0.53,0.675));
#5024 = VECTOR('',#5025,1.);
#5025 = DIRECTION('',(0.707106781187,0.707106781187,0.));
#5026 = ORIENTED_EDGE('',*,*,#4844,.F.);
#5027 = PLANE('',#5028);
#5028 = AXIS2_PLACEMENT_3D('',#5029,#5030,#5031);
#5029 = CARTESIAN_POINT('',(-0.85,0.53,0.675));
#5030 = DIRECTION('',(0.707106781187,-0.707106781187,0.));
#5031 = DIRECTION('',(0.707106781187,0.707106781187,0.));
#5032 = ADVANCED_FACE('',(#5033),#5050,.F.);
#5033 = FACE_BOUND('',#5034,.F.);
#5034 = EDGE_LOOP('',(#5035,#5036,#5037,#5045));
#5035 = ORIENTED_EDGE('',*,*,#4867,.T.);
#5036 = ORIENTED_EDGE('',*,*,#4772,.T.);
#5037 = ORIENTED_EDGE('',*,*,#5038,.F.);
#5038 = EDGE_CURVE('',#5039,#4773,#5041,.T.);
#5039 = VERTEX_POINT('',#5040);
#5040 = CARTESIAN_POINT('',(-0.755,-0.625,0.675));
#5041 = LINE('',#5042,#5043);
#5042 = CARTESIAN_POINT('',(-0.755,-0.625,0.675));
#5043 = VECTOR('',#5044,1.);
#5044 = DIRECTION('',(-0.707106781187,0.707106781187,0.));
#5045 = ORIENTED_EDGE('',*,*,#5046,.F.);
#5046 = EDGE_CURVE('',#4868,#5039,#5047,.T.);
#5047 = B_SPLINE_CURVE_WITH_KNOTS('',1,(#5048,#5049),.UNSPECIFIED.,.F.,
  .F.,(2,2),(0.,1.),.PIECEWISE_BEZIER_KNOTS.);
#5048 = CARTESIAN_POINT('',(-0.755,-0.625,0.525));
#5049 = CARTESIAN_POINT('',(-0.755,-0.625,0.675));
#5050 = PLANE('',#5051);
#5051 = AXIS2_PLACEMENT_3D('',#5052,#5053,#5054);
#5052 = CARTESIAN_POINT('',(-0.755,-0.625,0.675));
#5053 = DIRECTION('',(0.707106781187,0.707106781187,0.));
#5054 = DIRECTION('',(-0.707106781187,0.707106781187,0.));
#5055 = ADVANCED_FACE('',(#5056),#5138,.F.);
#5056 = FACE_BOUND('',#5057,.F.);
#5057 = EDGE_LOOP('',(#5058,#5059,#5060,#5068,#5076,#5084,#5092,#5100,
    #5108,#5116,#5124,#5132));
#5058 = ORIENTED_EDGE('',*,*,#5038,.T.);
#5059 = ORIENTED_EDGE('',*,*,#4788,.T.);
#5060 = ORIENTED_EDGE('',*,*,#5061,.T.);
#5061 = EDGE_CURVE('',#4781,#5062,#5064,.T.);
#5062 = VERTEX_POINT('',#5063);
#5063 = CARTESIAN_POINT('',(-0.825,-0.175,0.675));
#5064 = LINE('',#5065,#5066);
#5065 = CARTESIAN_POINT('',(-0.85,-0.175,0.675));
#5066 = VECTOR('',#5067,1.);
#5067 = DIRECTION('',(1.,-1.110223024625E-16,0.));
#5068 = ORIENTED_EDGE('',*,*,#5069,.F.);
#5069 = EDGE_CURVE('',#5070,#5062,#5072,.T.);
#5070 = VERTEX_POINT('',#5071);
#5071 = CARTESIAN_POINT('',(-0.825,-0.5175,0.675));
#5072 = LINE('',#5073,#5074);
#5073 = CARTESIAN_POINT('',(-0.825,-0.5175,0.675));
#5074 = VECTOR('',#5075,1.);
#5075 = DIRECTION('',(0.,1.,0.));
#5076 = ORIENTED_EDGE('',*,*,#5077,.F.);
#5077 = EDGE_CURVE('',#5078,#5070,#5080,.T.);
#5078 = VERTEX_POINT('',#5079);
#5079 = CARTESIAN_POINT('',(-0.7425,-0.6,0.675));
#5080 = LINE('',#5081,#5082);
#5081 = CARTESIAN_POINT('',(-0.7425,-0.6,0.675));
#5082 = VECTOR('',#5083,1.);
#5083 = DIRECTION('',(-0.707106781187,0.707106781187,0.));
#5084 = ORIENTED_EDGE('',*,*,#5085,.F.);
#5085 = EDGE_CURVE('',#5086,#5078,#5088,.T.);
#5086 = VERTEX_POINT('',#5087);
#5087 = CARTESIAN_POINT('',(0.7425,-0.6,0.675));
#5088 = LINE('',#5089,#5090);
#5089 = CARTESIAN_POINT('',(0.7425,-0.6,0.675));
#5090 = VECTOR('',#5091,1.);
#5091 = DIRECTION('',(-1.,0.,0.));
#5092 = ORIENTED_EDGE('',*,*,#5093,.F.);
#5093 = EDGE_CURVE('',#5094,#5086,#5096,.T.);
#5094 = VERTEX_POINT('',#5095);
#5095 = CARTESIAN_POINT('',(0.825,-0.5175,0.675));
#5096 = LINE('',#5097,#5098);
#5097 = CARTESIAN_POINT('',(0.825,-0.5175,0.675));
#5098 = VECTOR('',#5099,1.);
#5099 = DIRECTION('',(-0.707106781187,-0.707106781187,0.));
#5100 = ORIENTED_EDGE('',*,*,#5101,.F.);
#5101 = EDGE_CURVE('',#5102,#5094,#5104,.T.);
#5102 = VERTEX_POINT('',#5103);
#5103 = CARTESIAN_POINT('',(0.825,-0.175,0.675));
#5104 = LINE('',#5105,#5106);
#5105 = CARTESIAN_POINT('',(0.825,0.5175,0.675));
#5106 = VECTOR('',#5107,1.);
#5107 = DIRECTION('',(0.,-1.,0.));
#5108 = ORIENTED_EDGE('',*,*,#5109,.F.);
#5109 = EDGE_CURVE('',#5110,#5102,#5112,.T.);
#5110 = VERTEX_POINT('',#5111);
#5111 = CARTESIAN_POINT('',(0.85,-0.175,0.675));
#5112 = LINE('',#5113,#5114);
#5113 = CARTESIAN_POINT('',(0.85,-0.175,0.675));
#5114 = VECTOR('',#5115,1.);
#5115 = DIRECTION('',(-1.,2.22044604925E-16,0.));
#5116 = ORIENTED_EDGE('',*,*,#5117,.T.);
#5117 = EDGE_CURVE('',#5110,#5118,#5120,.T.);
#5118 = VERTEX_POINT('',#5119);
#5119 = CARTESIAN_POINT('',(0.85,-0.53,0.675));
#5120 = LINE('',#5121,#5122);
#5121 = CARTESIAN_POINT('',(0.85,0.53,0.675));
#5122 = VECTOR('',#5123,1.);
#5123 = DIRECTION('',(0.,-1.,0.));
#5124 = ORIENTED_EDGE('',*,*,#5125,.T.);
#5125 = EDGE_CURVE('',#5118,#5126,#5128,.T.);
#5126 = VERTEX_POINT('',#5127);
#5127 = CARTESIAN_POINT('',(0.755,-0.625,0.675));
#5128 = LINE('',#5129,#5130);
#5129 = CARTESIAN_POINT('',(0.85,-0.53,0.675));
#5130 = VECTOR('',#5131,1.);
#5131 = DIRECTION('',(-0.707106781187,-0.707106781187,0.));
#5132 = ORIENTED_EDGE('',*,*,#5133,.T.);
#5133 = EDGE_CURVE('',#5126,#5039,#5134,.T.);
#5134 = LINE('',#5135,#5136);
#5135 = CARTESIAN_POINT('',(0.755,-0.625,0.675));
#5136 = VECTOR('',#5137,1.);
#5137 = DIRECTION('',(-1.,0.,0.));
#5138 = PLANE('',#5139);
#5139 = AXIS2_PLACEMENT_3D('',#5140,#5141,#5142);
#5140 = CARTESIAN_POINT('',(-0.8375,1.101047627727E-17,0.675));
#5141 = DIRECTION('',(-4.586476420025E-27,1.633860438167E-31,-1.));
#5142 = DIRECTION('',(1.568703130043E-18,1.,1.633860438167E-31));
#5143 = ADVANCED_FACE('',(#5144),#5213,.F.);
#5144 = FACE_BOUND('',#5145,.F.);
#5145 = EDGE_LOOP('',(#5146,#5147,#5148,#5156,#5165,#5173,#5181,#5189,
    #5198,#5206));
#5146 = ORIENTED_EDGE('',*,*,#4780,.F.);
#5147 = ORIENTED_EDGE('',*,*,#4820,.T.);
#5148 = ORIENTED_EDGE('',*,*,#5149,.T.);
#5149 = EDGE_CURVE('',#4813,#5150,#5152,.T.);
#5150 = VERTEX_POINT('',#5151);
#5151 = CARTESIAN_POINT('',(-0.964779134804,-0.175,0.181797400913));
#5152 = LINE('',#5153,#5154);
#5153 = CARTESIAN_POINT('',(-0.918936542711,-0.175,0.467155372437));
#5154 = VECTOR('',#5155,1.);
#5155 = DIRECTION('',(-0.158615661317,1.760987592604E-17,-0.987340403298
    ));
#5156 = ORIENTED_EDGE('',*,*,#5157,.T.);
#5157 = EDGE_CURVE('',#5150,#5158,#5160,.T.);
#5158 = VERTEX_POINT('',#5159);
#5159 = CARTESIAN_POINT('',(-1.181436840466,-0.175,-5.551115123126E-17)
  );
#5160 = CIRCLE('',#5161,0.22);
#5161 = AXIS2_PLACEMENT_3D('',#5162,#5163,#5164);
#5162 = CARTESIAN_POINT('',(-1.181436840466,-0.175,0.22));
#5163 = DIRECTION('',(1.110223024625E-16,1.,6.255634725081E-34));
#5164 = DIRECTION('',(0.984807753012,-1.093356242223E-16,-0.173648177667
    ));
#5165 = ORIENTED_EDGE('',*,*,#5166,.T.);
#5166 = EDGE_CURVE('',#5158,#5167,#5169,.T.);
#5167 = VERTEX_POINT('',#5168);
#5168 = CARTESIAN_POINT('',(-1.25,-0.175,-5.551115123126E-17));
#5169 = LINE('',#5170,#5171);
#5170 = CARTESIAN_POINT('',(-1.181436840466,-0.175,-5.551115123126E-17)
  );
#5171 = VECTOR('',#5172,1.);
#5172 = DIRECTION('',(-1.,1.110223024625E-16,0.));
#5173 = ORIENTED_EDGE('',*,*,#5174,.T.);
#5174 = EDGE_CURVE('',#5167,#5175,#5177,.T.);
#5175 = VERTEX_POINT('',#5176);
#5176 = CARTESIAN_POINT('',(-1.25,-0.175,0.15));
#5177 = LINE('',#5178,#5179);
#5178 = CARTESIAN_POINT('',(-1.25,-0.175,-5.551115123126E-17));
#5179 = VECTOR('',#5180,1.);
#5180 = DIRECTION('',(0.,0.,1.));
#5181 = ORIENTED_EDGE('',*,*,#5182,.T.);
#5182 = EDGE_CURVE('',#5175,#5183,#5185,.T.);
#5183 = VERTEX_POINT('',#5184);
#5184 = CARTESIAN_POINT('',(-1.181436840466,-0.175,0.15));
#5185 = LINE('',#5186,#5187);
#5186 = CARTESIAN_POINT('',(-1.25,-0.175,0.15));
#5187 = VECTOR('',#5188,1.);
#5188 = DIRECTION('',(1.,-1.110223024625E-16,0.));
#5189 = ORIENTED_EDGE('',*,*,#5190,.T.);
#5190 = EDGE_CURVE('',#5183,#5191,#5193,.T.);
#5191 = VERTEX_POINT('',#5192);
#5192 = CARTESIAN_POINT('',(-1.112500297756,-0.175,0.207844627563));
#5193 = CIRCLE('',#5194,7.E-02);
#5194 = AXIS2_PLACEMENT_3D('',#5195,#5196,#5197);
#5195 = CARTESIAN_POINT('',(-1.181436840466,-0.175,0.22));
#5196 = DIRECTION('',(-1.110223024625E-16,-1.,-0.));
#5197 = DIRECTION('',(0.,0.,-1.));
#5198 = ORIENTED_EDGE('',*,*,#5199,.T.);
#5199 = EDGE_CURVE('',#5191,#5200,#5202,.T.);
#5200 = VERTEX_POINT('',#5201);
#5201 = CARTESIAN_POINT('',(-1.066657705663,-0.175,0.493202599087));
#5202 = LINE('',#5203,#5204);
#5203 = CARTESIAN_POINT('',(-1.112500297756,-0.175,0.207844627563));
#5204 = VECTOR('',#5205,1.);
#5205 = DIRECTION('',(0.158615661317,-1.760987592604E-17,0.987340403298)
  );
#5206 = ORIENTED_EDGE('',*,*,#5207,.T.);
#5207 = EDGE_CURVE('',#5200,#4781,#5208,.T.);
#5208 = CIRCLE('',#5209,0.22);
#5209 = AXIS2_PLACEMENT_3D('',#5210,#5211,#5212);
#5210 = CARTESIAN_POINT('',(-0.85,-0.175,0.455));
#5211 = DIRECTION('',(1.110223024625E-16,1.,6.255634725081E-34));
#5212 = DIRECTION('',(-0.984807753012,1.093356242223E-16,0.173648177667)
  );
#5213 = PLANE('',#5214);
#5214 = AXIS2_PLACEMENT_3D('',#5215,#5216,#5217);
#5215 = CARTESIAN_POINT('',(-1.021526355437,-0.175,0.332418056697));
#5216 = DIRECTION('',(1.110223024625E-16,1.,0.));
#5217 = DIRECTION('',(0.,-0.,1.));
#5218 = ADVANCED_FACE('',(#5219),#5237,.F.);
#5219 = FACE_BOUND('',#5220,.F.);
#5220 = EDGE_LOOP('',(#5221,#5222,#5230,#5236));
#5221 = ORIENTED_EDGE('',*,*,#4812,.T.);
#5222 = ORIENTED_EDGE('',*,*,#5223,.T.);
#5223 = EDGE_CURVE('',#4804,#5224,#5226,.T.);
#5224 = VERTEX_POINT('',#5225);
#5225 = CARTESIAN_POINT('',(-0.964779134804,0.175,0.181797400913));
#5226 = LINE('',#5227,#5228);
#5227 = CARTESIAN_POINT('',(-0.918936542711,0.175,0.467155372437));
#5228 = VECTOR('',#5229,1.);
#5229 = DIRECTION('',(-0.158615661317,1.760987592604E-17,-0.987340403298
    ));
#5230 = ORIENTED_EDGE('',*,*,#5231,.F.);
#5231 = EDGE_CURVE('',#5150,#5224,#5232,.T.);
#5232 = LINE('',#5233,#5234);
#5233 = CARTESIAN_POINT('',(-0.964779134804,-0.175,0.181797400913));
#5234 = VECTOR('',#5235,1.);
#5235 = DIRECTION('',(1.110223024625E-16,1.,0.));
#5236 = ORIENTED_EDGE('',*,*,#5149,.F.);
#5237 = PLANE('',#5238);
#5238 = AXIS2_PLACEMENT_3D('',#5239,#5240,#5241);
#5239 = CARTESIAN_POINT('',(-0.918936542711,-0.175,0.467155372437));
#5240 = DIRECTION('',(-0.987340403298,1.096168048884E-16,0.158615661317)
  );
#5241 = DIRECTION('',(-0.158615661317,1.760987592604E-17,-0.987340403298
    ));
#5242 = ADVANCED_FACE('',(#5243),#5305,.T.);
#5243 = FACE_BOUND('',#5244,.T.);
#5244 = EDGE_LOOP('',(#5245,#5246,#5247,#5248,#5257,#5265,#5273,#5281,
    #5290,#5298));
#5245 = ORIENTED_EDGE('',*,*,#4835,.F.);
#5246 = ORIENTED_EDGE('',*,*,#4803,.T.);
#5247 = ORIENTED_EDGE('',*,*,#5223,.T.);
#5248 = ORIENTED_EDGE('',*,*,#5249,.T.);
#5249 = EDGE_CURVE('',#5224,#5250,#5252,.T.);
#5250 = VERTEX_POINT('',#5251);
#5251 = CARTESIAN_POINT('',(-1.181436840466,0.175,-5.551115123126E-17));
#5252 = CIRCLE('',#5253,0.22);
#5253 = AXIS2_PLACEMENT_3D('',#5254,#5255,#5256);
#5254 = CARTESIAN_POINT('',(-1.181436840466,0.175,0.22));
#5255 = DIRECTION('',(1.110223024625E-16,1.,6.255634725081E-34));
#5256 = DIRECTION('',(0.984807753012,-1.093356242223E-16,-0.173648177667
    ));
#5257 = ORIENTED_EDGE('',*,*,#5258,.T.);
#5258 = EDGE_CURVE('',#5250,#5259,#5261,.T.);
#5259 = VERTEX_POINT('',#5260);
#5260 = CARTESIAN_POINT('',(-1.25,0.175,-5.551115123126E-17));
#5261 = LINE('',#5262,#5263);
#5262 = CARTESIAN_POINT('',(-1.181436840466,0.175,-5.551115123126E-17));
#5263 = VECTOR('',#5264,1.);
#5264 = DIRECTION('',(-1.,1.110223024625E-16,0.));
#5265 = ORIENTED_EDGE('',*,*,#5266,.T.);
#5266 = EDGE_CURVE('',#5259,#5267,#5269,.T.);
#5267 = VERTEX_POINT('',#5268);
#5268 = CARTESIAN_POINT('',(-1.25,0.175,0.15));
#5269 = LINE('',#5270,#5271);
#5270 = CARTESIAN_POINT('',(-1.25,0.175,-5.551115123126E-17));
#5271 = VECTOR('',#5272,1.);
#5272 = DIRECTION('',(0.,0.,1.));
#5273 = ORIENTED_EDGE('',*,*,#5274,.T.);
#5274 = EDGE_CURVE('',#5267,#5275,#5277,.T.);
#5275 = VERTEX_POINT('',#5276);
#5276 = CARTESIAN_POINT('',(-1.181436840466,0.175,0.15));
#5277 = LINE('',#5278,#5279);
#5278 = CARTESIAN_POINT('',(-1.25,0.175,0.15));
#5279 = VECTOR('',#5280,1.);
#5280 = DIRECTION('',(1.,-1.110223024625E-16,0.));
#5281 = ORIENTED_EDGE('',*,*,#5282,.T.);
#5282 = EDGE_CURVE('',#5275,#5283,#5285,.T.);
#5283 = VERTEX_POINT('',#5284);
#5284 = CARTESIAN_POINT('',(-1.112500297756,0.175,0.207844627563));
#5285 = CIRCLE('',#5286,7.E-02);
#5286 = AXIS2_PLACEMENT_3D('',#5287,#5288,#5289);
#5287 = CARTESIAN_POINT('',(-1.181436840466,0.175,0.22));
#5288 = DIRECTION('',(-1.110223024625E-16,-1.,-0.));
#5289 = DIRECTION('',(0.,0.,-1.));
#5290 = ORIENTED_EDGE('',*,*,#5291,.T.);
#5291 = EDGE_CURVE('',#5283,#5292,#5294,.T.);
#5292 = VERTEX_POINT('',#5293);
#5293 = CARTESIAN_POINT('',(-1.066657705663,0.175,0.493202599087));
#5294 = LINE('',#5295,#5296);
#5295 = CARTESIAN_POINT('',(-1.112500297756,0.175,0.207844627563));
#5296 = VECTOR('',#5297,1.);
#5297 = DIRECTION('',(0.158615661317,-1.760987592604E-17,0.987340403298)
  );
#5298 = ORIENTED_EDGE('',*,*,#5299,.T.);
#5299 = EDGE_CURVE('',#5292,#4836,#5300,.T.);
#5300 = CIRCLE('',#5301,0.22);
#5301 = AXIS2_PLACEMENT_3D('',#5302,#5303,#5304);
#5302 = CARTESIAN_POINT('',(-0.85,0.175,0.455));
#5303 = DIRECTION('',(1.110223024625E-16,1.,6.255634725081E-34));
#5304 = DIRECTION('',(-0.984807753012,1.093356242223E-16,0.173648177667)
  );
#5305 = PLANE('',#5306);
#5306 = AXIS2_PLACEMENT_3D('',#5307,#5308,#5309);
#5307 = CARTESIAN_POINT('',(-1.021526355437,0.175,0.332418056697));
#5308 = DIRECTION('',(1.110223024625E-16,1.,0.));
#5309 = DIRECTION('',(0.,-0.,1.));
#5310 = ADVANCED_FACE('',(#5311),#5393,.F.);
#5311 = FACE_BOUND('',#5312,.F.);
#5312 = EDGE_LOOP('',(#5313,#5321,#5322,#5323,#5331,#5339,#5347,#5355,
    #5363,#5371,#5379,#5387));
#5313 = ORIENTED_EDGE('',*,*,#5314,.F.);
#5314 = EDGE_CURVE('',#4836,#5315,#5317,.T.);
#5315 = VERTEX_POINT('',#5316);
#5316 = CARTESIAN_POINT('',(-0.825,0.175,0.675));
#5317 = LINE('',#5318,#5319);
#5318 = CARTESIAN_POINT('',(-0.85,0.175,0.675));
#5319 = VECTOR('',#5320,1.);
#5320 = DIRECTION('',(1.,-1.110223024625E-16,0.));
#5321 = ORIENTED_EDGE('',*,*,#4851,.T.);
#5322 = ORIENTED_EDGE('',*,*,#5021,.T.);
#5323 = ORIENTED_EDGE('',*,*,#5324,.T.);
#5324 = EDGE_CURVE('',#5015,#5325,#5327,.T.);
#5325 = VERTEX_POINT('',#5326);
#5326 = CARTESIAN_POINT('',(0.755,0.625,0.675));
#5327 = LINE('',#5328,#5329);
#5328 = CARTESIAN_POINT('',(-0.755,0.625,0.675));
#5329 = VECTOR('',#5330,1.);
#5330 = DIRECTION('',(1.,0.,0.));
#5331 = ORIENTED_EDGE('',*,*,#5332,.T.);
#5332 = EDGE_CURVE('',#5325,#5333,#5335,.T.);
#5333 = VERTEX_POINT('',#5334);
#5334 = CARTESIAN_POINT('',(0.85,0.53,0.675));
#5335 = LINE('',#5336,#5337);
#5336 = CARTESIAN_POINT('',(0.755,0.625,0.675));
#5337 = VECTOR('',#5338,1.);
#5338 = DIRECTION('',(0.707106781187,-0.707106781187,0.));
#5339 = ORIENTED_EDGE('',*,*,#5340,.T.);
#5340 = EDGE_CURVE('',#5333,#5341,#5343,.T.);
#5341 = VERTEX_POINT('',#5342);
#5342 = CARTESIAN_POINT('',(0.85,0.175,0.675));
#5343 = LINE('',#5344,#5345);
#5344 = CARTESIAN_POINT('',(0.85,0.53,0.675));
#5345 = VECTOR('',#5346,1.);
#5346 = DIRECTION('',(0.,-1.,0.));
#5347 = ORIENTED_EDGE('',*,*,#5348,.T.);
#5348 = EDGE_CURVE('',#5341,#5349,#5351,.T.);
#5349 = VERTEX_POINT('',#5350);
#5350 = CARTESIAN_POINT('',(0.825,0.175,0.675));
#5351 = LINE('',#5352,#5353);
#5352 = CARTESIAN_POINT('',(0.85,0.175,0.675));
#5353 = VECTOR('',#5354,1.);
#5354 = DIRECTION('',(-1.,2.22044604925E-16,0.));
#5355 = ORIENTED_EDGE('',*,*,#5356,.F.);
#5356 = EDGE_CURVE('',#5357,#5349,#5359,.T.);
#5357 = VERTEX_POINT('',#5358);
#5358 = CARTESIAN_POINT('',(0.825,0.5175,0.675));
#5359 = LINE('',#5360,#5361);
#5360 = CARTESIAN_POINT('',(0.825,0.5175,0.675));
#5361 = VECTOR('',#5362,1.);
#5362 = DIRECTION('',(0.,-1.,0.));
#5363 = ORIENTED_EDGE('',*,*,#5364,.F.);
#5364 = EDGE_CURVE('',#5365,#5357,#5367,.T.);
#5365 = VERTEX_POINT('',#5366);
#5366 = CARTESIAN_POINT('',(0.7425,0.6,0.675));
#5367 = LINE('',#5368,#5369);
#5368 = CARTESIAN_POINT('',(0.7425,0.6,0.675));
#5369 = VECTOR('',#5370,1.);
#5370 = DIRECTION('',(0.707106781187,-0.707106781187,0.));
#5371 = ORIENTED_EDGE('',*,*,#5372,.F.);
#5372 = EDGE_CURVE('',#5373,#5365,#5375,.T.);
#5373 = VERTEX_POINT('',#5374);
#5374 = CARTESIAN_POINT('',(-0.7425,0.6,0.675));
#5375 = LINE('',#5376,#5377);
#5376 = CARTESIAN_POINT('',(-0.7425,0.6,0.675));
#5377 = VECTOR('',#5378,1.);
#5378 = DIRECTION('',(1.,0.,0.));
#5379 = ORIENTED_EDGE('',*,*,#5380,.F.);
#5380 = EDGE_CURVE('',#5381,#5373,#5383,.T.);
#5381 = VERTEX_POINT('',#5382);
#5382 = CARTESIAN_POINT('',(-0.825,0.5175,0.675));
#5383 = LINE('',#5384,#5385);
#5384 = CARTESIAN_POINT('',(-0.825,0.5175,0.675));
#5385 = VECTOR('',#5386,1.);
#5386 = DIRECTION('',(0.707106781187,0.707106781187,0.));
#5387 = ORIENTED_EDGE('',*,*,#5388,.F.);
#5388 = EDGE_CURVE('',#5315,#5381,#5389,.T.);
#5389 = LINE('',#5390,#5391);
#5390 = CARTESIAN_POINT('',(-0.825,-0.5175,0.675));
#5391 = VECTOR('',#5392,1.);
#5392 = DIRECTION('',(0.,1.,0.));
#5393 = PLANE('',#5394);
#5394 = AXIS2_PLACEMENT_3D('',#5395,#5396,#5397);
#5395 = CARTESIAN_POINT('',(-0.8375,1.101047627727E-17,0.675));
#5396 = DIRECTION('',(-4.586476420025E-27,1.633860438167E-31,-1.));
#5397 = DIRECTION('',(1.568703130043E-18,1.,1.633860438167E-31));
#5398 = ADVANCED_FACE('',(#5399),#5409,.F.);
#5399 = FACE_BOUND('',#5400,.F.);
#5400 = EDGE_LOOP('',(#5401,#5402,#5403,#5404));
#5401 = ORIENTED_EDGE('',*,*,#4890,.T.);
#5402 = ORIENTED_EDGE('',*,*,#5046,.T.);
#5403 = ORIENTED_EDGE('',*,*,#5133,.F.);
#5404 = ORIENTED_EDGE('',*,*,#5405,.F.);
#5405 = EDGE_CURVE('',#4891,#5126,#5406,.T.);
#5406 = B_SPLINE_CURVE_WITH_KNOTS('',1,(#5407,#5408),.UNSPECIFIED.,.F.,
  .F.,(2,2),(0.,1.),.PIECEWISE_BEZIER_KNOTS.);
#5407 = CARTESIAN_POINT('',(0.755,-0.625,0.525));
#5408 = CARTESIAN_POINT('',(0.755,-0.625,0.675));
#5409 = PLANE('',#5410);
#5410 = AXIS2_PLACEMENT_3D('',#5411,#5412,#5413);
#5411 = CARTESIAN_POINT('',(0.755,-0.625,0.675));
#5412 = DIRECTION('',(0.,1.,0.));
#5413 = DIRECTION('',(-1.,0.,0.));
#5414 = ADVANCED_FACE('',(#5415),#5425,.F.);
#5415 = FACE_BOUND('',#5416,.F.);
#5416 = EDGE_LOOP('',(#5417,#5418,#5423,#5424));
#5417 = ORIENTED_EDGE('',*,*,#4919,.T.);
#5418 = ORIENTED_EDGE('',*,*,#5419,.T.);
#5419 = EDGE_CURVE('',#4913,#5325,#5420,.T.);
#5420 = B_SPLINE_CURVE_WITH_KNOTS('',1,(#5421,#5422),.UNSPECIFIED.,.F.,
  .F.,(2,2),(0.,1.),.PIECEWISE_BEZIER_KNOTS.);
#5421 = CARTESIAN_POINT('',(0.755,0.625,0.525));
#5422 = CARTESIAN_POINT('',(0.755,0.625,0.675));
#5423 = ORIENTED_EDGE('',*,*,#5324,.F.);
#5424 = ORIENTED_EDGE('',*,*,#5014,.F.);
#5425 = PLANE('',#5426);
#5426 = AXIS2_PLACEMENT_3D('',#5427,#5428,#5429);
#5427 = CARTESIAN_POINT('',(-0.755,0.625,0.675));
#5428 = DIRECTION('',(0.,-1.,0.));
#5429 = DIRECTION('',(1.,0.,0.));
#5430 = ADVANCED_FACE('',(#5431),#5441,.F.);
#5431 = FACE_BOUND('',#5432,.F.);
#5432 = EDGE_LOOP('',(#5433,#5434,#5435,#5436));
#5433 = ORIENTED_EDGE('',*,*,#4936,.T.);
#5434 = ORIENTED_EDGE('',*,*,#5405,.T.);
#5435 = ORIENTED_EDGE('',*,*,#5125,.F.);
#5436 = ORIENTED_EDGE('',*,*,#5437,.F.);
#5437 = EDGE_CURVE('',#4937,#5118,#5438,.T.);
#5438 = B_SPLINE_CURVE_WITH_KNOTS('',1,(#5439,#5440),.UNSPECIFIED.,.F.,
  .F.,(2,2),(0.,1.),.PIECEWISE_BEZIER_KNOTS.);
#5439 = CARTESIAN_POINT('',(0.85,-0.53,0.525));
#5440 = CARTESIAN_POINT('',(0.85,-0.53,0.675));
#5441 = PLANE('',#5442);
#5442 = AXIS2_PLACEMENT_3D('',#5443,#5444,#5445);
#5443 = CARTESIAN_POINT('',(0.85,-0.53,0.675));
#5444 = DIRECTION('',(-0.707106781187,0.707106781187,0.));
#5445 = DIRECTION('',(-0.707106781187,-0.707106781187,0.));
#5446 = ADVANCED_FACE('',(#5447),#5457,.F.);
#5447 = FACE_BOUND('',#5448,.F.);
#5448 = EDGE_LOOP('',(#5449,#5450,#5455,#5456));
#5449 = ORIENTED_EDGE('',*,*,#4965,.T.);
#5450 = ORIENTED_EDGE('',*,*,#5451,.T.);
#5451 = EDGE_CURVE('',#4959,#5333,#5452,.T.);
#5452 = B_SPLINE_CURVE_WITH_KNOTS('',1,(#5453,#5454),.UNSPECIFIED.,.F.,
  .F.,(2,2),(0.,1.),.PIECEWISE_BEZIER_KNOTS.);
#5453 = CARTESIAN_POINT('',(0.85,0.53,0.525));
#5454 = CARTESIAN_POINT('',(0.85,0.53,0.675));
#5455 = ORIENTED_EDGE('',*,*,#5332,.F.);
#5456 = ORIENTED_EDGE('',*,*,#5419,.F.);
#5457 = PLANE('',#5458);
#5458 = AXIS2_PLACEMENT_3D('',#5459,#5460,#5461);
#5459 = CARTESIAN_POINT('',(0.755,0.625,0.675));
#5460 = DIRECTION('',(-0.707106781187,-0.707106781187,0.));
#5461 = DIRECTION('',(0.707106781187,-0.707106781187,0.));
#5462 = ADVANCED_FACE('',(#5463),#5474,.F.);
#5463 = FACE_BOUND('',#5464,.F.);
#5464 = EDGE_LOOP('',(#5465,#5466,#5467,#5473));
#5465 = ORIENTED_EDGE('',*,*,#5451,.F.);
#5466 = ORIENTED_EDGE('',*,*,#4998,.T.);
#5467 = ORIENTED_EDGE('',*,*,#5468,.T.);
#5468 = EDGE_CURVE('',#4991,#5341,#5469,.T.);
#5469 = LINE('',#5470,#5471);
#5470 = CARTESIAN_POINT('',(0.85,0.175,0.503709028349));
#5471 = VECTOR('',#5472,1.);
#5472 = DIRECTION('',(0.,0.,1.));
#5473 = ORIENTED_EDGE('',*,*,#5340,.F.);
#5474 = PLANE('',#5475);
#5475 = AXIS2_PLACEMENT_3D('',#5476,#5477,#5478);
#5476 = CARTESIAN_POINT('',(0.85,0.53,0.675));
#5477 = DIRECTION('',(-1.,0.,0.));
#5478 = DIRECTION('',(0.,-1.,0.));
#5479 = ADVANCED_FACE('',(#5480),#5507,.F.);
#5480 = FACE_BOUND('',#5481,.F.);
#5481 = EDGE_LOOP('',(#5482,#5483,#5492,#5500));
#5482 = ORIENTED_EDGE('',*,*,#4990,.T.);
#5483 = ORIENTED_EDGE('',*,*,#5484,.T.);
#5484 = EDGE_CURVE('',#4983,#5485,#5487,.T.);
#5485 = VERTEX_POINT('',#5486);
#5486 = CARTESIAN_POINT('',(0.918936542711,-0.175,0.467155372437));
#5487 = CIRCLE('',#5488,7.E-02);
#5488 = AXIS2_PLACEMENT_3D('',#5489,#5490,#5491);
#5489 = CARTESIAN_POINT('',(0.85,-0.175,0.455));
#5490 = DIRECTION('',(2.22044604925E-16,1.,-0.));
#5491 = DIRECTION('',(0.,0.,1.));
#5492 = ORIENTED_EDGE('',*,*,#5493,.F.);
#5493 = EDGE_CURVE('',#5494,#5485,#5496,.T.);
#5494 = VERTEX_POINT('',#5495);
#5495 = CARTESIAN_POINT('',(0.918936542711,0.175,0.467155372437));
#5496 = LINE('',#5497,#5498);
#5497 = CARTESIAN_POINT('',(0.918936542711,0.175,0.467155372437));
#5498 = VECTOR('',#5499,1.);
#5499 = DIRECTION('',(-2.22044604925E-16,-1.,0.));
#5500 = ORIENTED_EDGE('',*,*,#5501,.F.);
#5501 = EDGE_CURVE('',#4991,#5494,#5502,.T.);
#5502 = CIRCLE('',#5503,7.E-02);
#5503 = AXIS2_PLACEMENT_3D('',#5504,#5505,#5506);
#5504 = CARTESIAN_POINT('',(0.85,0.175,0.455));
#5505 = DIRECTION('',(2.22044604925E-16,1.,-0.));
#5506 = DIRECTION('',(0.,0.,1.));
#5507 = CYLINDRICAL_SURFACE('',#5508,7.E-02);
#5508 = AXIS2_PLACEMENT_3D('',#5509,#5510,#5511);
#5509 = CARTESIAN_POINT('',(0.85,0.175,0.455));
#5510 = DIRECTION('',(2.22044604925E-16,1.,0.));
#5511 = DIRECTION('',(0.,-0.,1.));
#5512 = ADVANCED_FACE('',(#5513),#5524,.F.);
#5513 = FACE_BOUND('',#5514,.F.);
#5514 = EDGE_LOOP('',(#5515,#5521,#5522,#5523));
#5515 = ORIENTED_EDGE('',*,*,#5516,.F.);
#5516 = EDGE_CURVE('',#4983,#5110,#5517,.T.);
#5517 = LINE('',#5518,#5519);
#5518 = CARTESIAN_POINT('',(0.85,-0.175,0.503709028349));
#5519 = VECTOR('',#5520,1.);
#5520 = DIRECTION('',(0.,0.,1.));
#5521 = ORIENTED_EDGE('',*,*,#4982,.T.);
#5522 = ORIENTED_EDGE('',*,*,#5437,.T.);
#5523 = ORIENTED_EDGE('',*,*,#5117,.F.);
#5524 = PLANE('',#5525);
#5525 = AXIS2_PLACEMENT_3D('',#5526,#5527,#5528);
#5526 = CARTESIAN_POINT('',(0.85,0.53,0.675));
#5527 = DIRECTION('',(-1.,0.,0.));
#5528 = DIRECTION('',(0.,-1.,0.));
#5529 = ADVANCED_FACE('',(#5530),#5546,.F.);
#5530 = FACE_BOUND('',#5531,.F.);
#5531 = EDGE_LOOP('',(#5532,#5533,#5539,#5540));
#5532 = ORIENTED_EDGE('',*,*,#5348,.F.);
#5533 = ORIENTED_EDGE('',*,*,#5534,.T.);
#5534 = EDGE_CURVE('',#5341,#5110,#5535,.T.);
#5535 = LINE('',#5536,#5537);
#5536 = CARTESIAN_POINT('',(0.85,0.175,0.675));
#5537 = VECTOR('',#5538,1.);
#5538 = DIRECTION('',(-2.22044604925E-16,-1.,0.));
#5539 = ORIENTED_EDGE('',*,*,#5109,.T.);
#5540 = ORIENTED_EDGE('',*,*,#5541,.F.);
#5541 = EDGE_CURVE('',#5349,#5102,#5542,.T.);
#5542 = LINE('',#5543,#5544);
#5543 = CARTESIAN_POINT('',(0.825,0.5175,0.675));
#5544 = VECTOR('',#5545,1.);
#5545 = DIRECTION('',(0.,-1.,0.));
#5546 = PLANE('',#5547);
#5547 = AXIS2_PLACEMENT_3D('',#5548,#5549,#5550);
#5548 = CARTESIAN_POINT('',(0.85,0.175,0.675));
#5549 = DIRECTION('',(0.,0.,-1.));
#5550 = DIRECTION('',(-1.,2.22044604925E-16,0.));
#5551 = ADVANCED_FACE('',(#5552),#5577,.F.);
#5552 = FACE_BOUND('',#5553,.F.);
#5553 = EDGE_LOOP('',(#5554,#5555,#5556,#5557,#5564,#5572));
#5554 = ORIENTED_EDGE('',*,*,#5356,.T.);
#5555 = ORIENTED_EDGE('',*,*,#5541,.T.);
#5556 = ORIENTED_EDGE('',*,*,#5101,.T.);
#5557 = ORIENTED_EDGE('',*,*,#5558,.T.);
#5558 = EDGE_CURVE('',#5094,#5559,#5561,.T.);
#5559 = VERTEX_POINT('',#5560);
#5560 = CARTESIAN_POINT('',(0.765270145251,-0.487635072626,1.1));
#5561 = B_SPLINE_CURVE_WITH_KNOTS('',1,(#5562,#5563),.UNSPECIFIED.,.F.,
  .F.,(2,2),(0.,1.),.PIECEWISE_BEZIER_KNOTS.);
#5562 = CARTESIAN_POINT('',(0.825,-0.5175,0.675));
#5563 = CARTESIAN_POINT('',(0.765270145251,-0.487635072626,1.1));
#5564 = ORIENTED_EDGE('',*,*,#5565,.F.);
#5565 = EDGE_CURVE('',#5566,#5559,#5568,.T.);
#5566 = VERTEX_POINT('',#5567);
#5567 = CARTESIAN_POINT('',(0.765270145251,0.487635072626,1.1));
#5568 = LINE('',#5569,#5570);
#5569 = CARTESIAN_POINT('',(0.765270145251,0.487635072626,1.1));
#5570 = VECTOR('',#5571,1.);
#5571 = DIRECTION('',(0.,-1.,0.));
#5572 = ORIENTED_EDGE('',*,*,#5573,.F.);
#5573 = EDGE_CURVE('',#5357,#5566,#5574,.T.);
#5574 = B_SPLINE_CURVE_WITH_KNOTS('',1,(#5575,#5576),.UNSPECIFIED.,.F.,
  .F.,(2,2),(0.,1.),.PIECEWISE_BEZIER_KNOTS.);
#5575 = CARTESIAN_POINT('',(0.825,0.5175,0.675));
#5576 = CARTESIAN_POINT('',(0.765270145251,0.487635072626,1.1));
#5577 = B_SPLINE_SURFACE_WITH_KNOTS('',1,1,(
    (#5578,#5579)
    ,(#5580,#5581
    )),.UNSPECIFIED.,.F.,.F.,.F.,(2,2),(2,2),(0.,1.035),(0.,1.),
  .PIECEWISE_BEZIER_KNOTS.);
#5578 = CARTESIAN_POINT('',(0.825,0.5175,0.675));
#5579 = CARTESIAN_POINT('',(0.765270145251,0.487635072626,1.1));
#5580 = CARTESIAN_POINT('',(0.825,-0.5175,0.675));
#5581 = CARTESIAN_POINT('',(0.765270145251,-0.487635072626,1.1));
#5582 = ADVANCED_FACE('',(#5583),#5600,.F.);
#5583 = FACE_BOUND('',#5584,.F.);
#5584 = EDGE_LOOP('',(#5585,#5586,#5593,#5599));
#5585 = ORIENTED_EDGE('',*,*,#5093,.T.);
#5586 = ORIENTED_EDGE('',*,*,#5587,.T.);
#5587 = EDGE_CURVE('',#5086,#5588,#5590,.T.);
#5588 = VERTEX_POINT('',#5589);
#5589 = CARTESIAN_POINT('',(0.712635072626,-0.540270145251,1.1));
#5590 = B_SPLINE_CURVE_WITH_KNOTS('',1,(#5591,#5592),.UNSPECIFIED.,.F.,
  .F.,(2,2),(0.,1.),.PIECEWISE_BEZIER_KNOTS.);
#5591 = CARTESIAN_POINT('',(0.7425,-0.6,0.675));
#5592 = CARTESIAN_POINT('',(0.712635072626,-0.540270145251,1.1));
#5593 = ORIENTED_EDGE('',*,*,#5594,.F.);
#5594 = EDGE_CURVE('',#5559,#5588,#5595,.T.);
#5595 = LINE('',#5596,#5597);
#5596 = CARTESIAN_POINT('',(0.765270145251,-0.487635072626,1.1));
#5597 = VECTOR('',#5598,1.);
#5598 = DIRECTION('',(-0.707106781187,-0.707106781187,0.));
#5599 = ORIENTED_EDGE('',*,*,#5558,.F.);
#5600 = B_SPLINE_SURFACE_WITH_KNOTS('',1,1,(
    (#5601,#5602)
    ,(#5603,#5604
    )),.UNSPECIFIED.,.F.,.F.,.F.,(2,2),(2,2),(0.,0.116672618896),(0.,1.)
  ,.PIECEWISE_BEZIER_KNOTS.);
#5601 = CARTESIAN_POINT('',(0.825,-0.5175,0.675));
#5602 = CARTESIAN_POINT('',(0.765270145251,-0.487635072626,1.1));
#5603 = CARTESIAN_POINT('',(0.7425,-0.6,0.675));
#5604 = CARTESIAN_POINT('',(0.712635072626,-0.540270145251,1.1));
#5605 = ADVANCED_FACE('',(#5606),#5623,.F.);
#5606 = FACE_BOUND('',#5607,.F.);
#5607 = EDGE_LOOP('',(#5608,#5609,#5616,#5622));
#5608 = ORIENTED_EDGE('',*,*,#5085,.T.);
#5609 = ORIENTED_EDGE('',*,*,#5610,.T.);
#5610 = EDGE_CURVE('',#5078,#5611,#5613,.T.);
#5611 = VERTEX_POINT('',#5612);
#5612 = CARTESIAN_POINT('',(-0.712635072626,-0.540270145251,1.1));
#5613 = B_SPLINE_CURVE_WITH_KNOTS('',1,(#5614,#5615),.UNSPECIFIED.,.F.,
  .F.,(2,2),(0.,1.),.PIECEWISE_BEZIER_KNOTS.);
#5614 = CARTESIAN_POINT('',(-0.7425,-0.6,0.675));
#5615 = CARTESIAN_POINT('',(-0.712635072626,-0.540270145251,1.1));
#5616 = ORIENTED_EDGE('',*,*,#5617,.F.);
#5617 = EDGE_CURVE('',#5588,#5611,#5618,.T.);
#5618 = LINE('',#5619,#5620);
#5619 = CARTESIAN_POINT('',(0.712635072626,-0.540270145251,1.1));
#5620 = VECTOR('',#5621,1.);
#5621 = DIRECTION('',(-1.,0.,0.));
#5622 = ORIENTED_EDGE('',*,*,#5587,.F.);
#5623 = B_SPLINE_SURFACE_WITH_KNOTS('',1,1,(
    (#5624,#5625)
    ,(#5626,#5627
    )),.UNSPECIFIED.,.F.,.F.,.F.,(2,2),(2,2),(0.,1.485),(0.,1.),
  .PIECEWISE_BEZIER_KNOTS.);
#5624 = CARTESIAN_POINT('',(0.7425,-0.6,0.675));
#5625 = CARTESIAN_POINT('',(0.712635072626,-0.540270145251,1.1));
#5626 = CARTESIAN_POINT('',(-0.7425,-0.6,0.675));
#5627 = CARTESIAN_POINT('',(-0.712635072626,-0.540270145251,1.1));
#5628 = ADVANCED_FACE('',(#5629),#5646,.F.);
#5629 = FACE_BOUND('',#5630,.F.);
#5630 = EDGE_LOOP('',(#5631,#5632,#5639,#5645));
#5631 = ORIENTED_EDGE('',*,*,#5077,.T.);
#5632 = ORIENTED_EDGE('',*,*,#5633,.T.);
#5633 = EDGE_CURVE('',#5070,#5634,#5636,.T.);
#5634 = VERTEX_POINT('',#5635);
#5635 = CARTESIAN_POINT('',(-0.765270145251,-0.487635072626,1.1));
#5636 = B_SPLINE_CURVE_WITH_KNOTS('',1,(#5637,#5638),.UNSPECIFIED.,.F.,
  .F.,(2,2),(0.,1.),.PIECEWISE_BEZIER_KNOTS.);
#5637 = CARTESIAN_POINT('',(-0.825,-0.5175,0.675));
#5638 = CARTESIAN_POINT('',(-0.765270145251,-0.487635072626,1.1));
#5639 = ORIENTED_EDGE('',*,*,#5640,.F.);
#5640 = EDGE_CURVE('',#5611,#5634,#5641,.T.);
#5641 = LINE('',#5642,#5643);
#5642 = CARTESIAN_POINT('',(-0.712635072626,-0.540270145251,1.1));
#5643 = VECTOR('',#5644,1.);
#5644 = DIRECTION('',(-0.707106781187,0.707106781187,0.));
#5645 = ORIENTED_EDGE('',*,*,#5610,.F.);
#5646 = B_SPLINE_SURFACE_WITH_KNOTS('',1,1,(
    (#5647,#5648)
    ,(#5649,#5650
    )),.UNSPECIFIED.,.F.,.F.,.F.,(2,2),(2,2),(0.,0.116672618896),(0.,1.)
  ,.PIECEWISE_BEZIER_KNOTS.);
#5647 = CARTESIAN_POINT('',(-0.7425,-0.6,0.675));
#5648 = CARTESIAN_POINT('',(-0.712635072626,-0.540270145251,1.1));
#5649 = CARTESIAN_POINT('',(-0.825,-0.5175,0.675));
#5650 = CARTESIAN_POINT('',(-0.765270145251,-0.487635072626,1.1));
#5651 = ADVANCED_FACE('',(#5652),#5676,.F.);
#5652 = FACE_BOUND('',#5653,.F.);
#5653 = EDGE_LOOP('',(#5654,#5655,#5661,#5662,#5669,#5675));
#5654 = ORIENTED_EDGE('',*,*,#5069,.T.);
#5655 = ORIENTED_EDGE('',*,*,#5656,.T.);
#5656 = EDGE_CURVE('',#5062,#5315,#5657,.T.);
#5657 = LINE('',#5658,#5659);
#5658 = CARTESIAN_POINT('',(-0.825,-0.5175,0.675));
#5659 = VECTOR('',#5660,1.);
#5660 = DIRECTION('',(0.,1.,0.));
#5661 = ORIENTED_EDGE('',*,*,#5388,.T.);
#5662 = ORIENTED_EDGE('',*,*,#5663,.T.);
#5663 = EDGE_CURVE('',#5381,#5664,#5666,.T.);
#5664 = VERTEX_POINT('',#5665);
#5665 = CARTESIAN_POINT('',(-0.765270145251,0.487635072626,1.1));
#5666 = B_SPLINE_CURVE_WITH_KNOTS('',1,(#5667,#5668),.UNSPECIFIED.,.F.,
  .F.,(2,2),(0.,1.),.PIECEWISE_BEZIER_KNOTS.);
#5667 = CARTESIAN_POINT('',(-0.825,0.5175,0.675));
#5668 = CARTESIAN_POINT('',(-0.765270145251,0.487635072626,1.1));
#5669 = ORIENTED_EDGE('',*,*,#5670,.F.);
#5670 = EDGE_CURVE('',#5634,#5664,#5671,.T.);
#5671 = LINE('',#5672,#5673);
#5672 = CARTESIAN_POINT('',(-0.765270145251,-0.487635072626,1.1));
#5673 = VECTOR('',#5674,1.);
#5674 = DIRECTION('',(0.,1.,0.));
#5675 = ORIENTED_EDGE('',*,*,#5633,.F.);
#5676 = B_SPLINE_SURFACE_WITH_KNOTS('',1,1,(
    (#5677,#5678)
    ,(#5679,#5680
    )),.UNSPECIFIED.,.F.,.F.,.F.,(2,2),(2,2),(0.,1.035),(0.,1.),
  .PIECEWISE_BEZIER_KNOTS.);
#5677 = CARTESIAN_POINT('',(-0.825,-0.5175,0.675));
#5678 = CARTESIAN_POINT('',(-0.765270145251,-0.487635072626,1.1));
#5679 = CARTESIAN_POINT('',(-0.825,0.5175,0.675));
#5680 = CARTESIAN_POINT('',(-0.765270145251,0.487635072626,1.1));
#5681 = ADVANCED_FACE('',(#5682),#5693,.F.);
#5682 = FACE_BOUND('',#5683,.F.);
#5683 = EDGE_LOOP('',(#5684,#5685,#5691,#5692));
#5684 = ORIENTED_EDGE('',*,*,#5061,.F.);
#5685 = ORIENTED_EDGE('',*,*,#5686,.T.);
#5686 = EDGE_CURVE('',#4781,#4836,#5687,.T.);
#5687 = LINE('',#5688,#5689);
#5688 = CARTESIAN_POINT('',(-0.85,-0.175,0.675));
#5689 = VECTOR('',#5690,1.);
#5690 = DIRECTION('',(1.110223024625E-16,1.,0.));
#5691 = ORIENTED_EDGE('',*,*,#5314,.T.);
#5692 = ORIENTED_EDGE('',*,*,#5656,.F.);
#5693 = PLANE('',#5694);
#5694 = AXIS2_PLACEMENT_3D('',#5695,#5696,#5697);
#5695 = CARTESIAN_POINT('',(-0.85,-0.175,0.675));
#5696 = DIRECTION('',(0.,0.,-1.));
#5697 = DIRECTION('',(1.,-1.110223024625E-16,0.));
#5698 = ADVANCED_FACE('',(#5699),#5710,.T.);
#5699 = FACE_BOUND('',#5700,.T.);
#5700 = EDGE_LOOP('',(#5701,#5702,#5703,#5704));
#5701 = ORIENTED_EDGE('',*,*,#5207,.T.);
#5702 = ORIENTED_EDGE('',*,*,#5686,.T.);
#5703 = ORIENTED_EDGE('',*,*,#5299,.F.);
#5704 = ORIENTED_EDGE('',*,*,#5705,.F.);
#5705 = EDGE_CURVE('',#5200,#5292,#5706,.T.);
#5706 = LINE('',#5707,#5708);
#5707 = CARTESIAN_POINT('',(-1.066657705663,-0.175,0.493202599087));
#5708 = VECTOR('',#5709,1.);
#5709 = DIRECTION('',(1.110223024625E-16,1.,0.));
#5710 = CYLINDRICAL_SURFACE('',#5711,0.22);
#5711 = AXIS2_PLACEMENT_3D('',#5712,#5713,#5714);
#5712 = CARTESIAN_POINT('',(-0.85,-0.175,0.455));
#5713 = DIRECTION('',(-1.110223024625E-16,-1.,-0.));
#5714 = DIRECTION('',(-0.984807753012,1.093356242223E-16,0.173648177667)
  );
#5715 = ADVANCED_FACE('',(#5716),#5727,.F.);
#5716 = FACE_BOUND('',#5717,.F.);
#5717 = EDGE_LOOP('',(#5718,#5724,#5725,#5726));
#5718 = ORIENTED_EDGE('',*,*,#5719,.T.);
#5719 = EDGE_CURVE('',#5191,#5283,#5720,.T.);
#5720 = LINE('',#5721,#5722);
#5721 = CARTESIAN_POINT('',(-1.112500297756,-0.175,0.207844627563));
#5722 = VECTOR('',#5723,1.);
#5723 = DIRECTION('',(1.110223024625E-16,1.,0.));
#5724 = ORIENTED_EDGE('',*,*,#5291,.T.);
#5725 = ORIENTED_EDGE('',*,*,#5705,.F.);
#5726 = ORIENTED_EDGE('',*,*,#5199,.F.);
#5727 = PLANE('',#5728);
#5728 = AXIS2_PLACEMENT_3D('',#5729,#5730,#5731);
#5729 = CARTESIAN_POINT('',(-1.112500297756,-0.175,0.207844627563));
#5730 = DIRECTION('',(0.987340403298,-1.096168048884E-16,-0.158615661317
    ));
#5731 = DIRECTION('',(0.158615661317,-1.760987592604E-17,0.987340403298)
  );
#5732 = ADVANCED_FACE('',(#5733),#5744,.F.);
#5733 = FACE_BOUND('',#5734,.F.);
#5734 = EDGE_LOOP('',(#5735,#5741,#5742,#5743));
#5735 = ORIENTED_EDGE('',*,*,#5736,.T.);
#5736 = EDGE_CURVE('',#5183,#5275,#5737,.T.);
#5737 = LINE('',#5738,#5739);
#5738 = CARTESIAN_POINT('',(-1.181436840466,-0.175,0.15));
#5739 = VECTOR('',#5740,1.);
#5740 = DIRECTION('',(1.110223024625E-16,1.,0.));
#5741 = ORIENTED_EDGE('',*,*,#5282,.T.);
#5742 = ORIENTED_EDGE('',*,*,#5719,.F.);
#5743 = ORIENTED_EDGE('',*,*,#5190,.F.);
#5744 = CYLINDRICAL_SURFACE('',#5745,7.E-02);
#5745 = AXIS2_PLACEMENT_3D('',#5746,#5747,#5748);
#5746 = CARTESIAN_POINT('',(-1.181436840466,-0.175,0.22));
#5747 = DIRECTION('',(-1.110223024625E-16,-1.,0.));
#5748 = DIRECTION('',(-0.,0.,-1.));
#5749 = ADVANCED_FACE('',(#5750),#5761,.F.);
#5750 = FACE_BOUND('',#5751,.F.);
#5751 = EDGE_LOOP('',(#5752,#5758,#5759,#5760));
#5752 = ORIENTED_EDGE('',*,*,#5753,.T.);
#5753 = EDGE_CURVE('',#5175,#5267,#5754,.T.);
#5754 = LINE('',#5755,#5756);
#5755 = CARTESIAN_POINT('',(-1.25,-0.175,0.15));
#5756 = VECTOR('',#5757,1.);
#5757 = DIRECTION('',(1.110223024625E-16,1.,0.));
#5758 = ORIENTED_EDGE('',*,*,#5274,.T.);
#5759 = ORIENTED_EDGE('',*,*,#5736,.F.);
#5760 = ORIENTED_EDGE('',*,*,#5182,.F.);
#5761 = PLANE('',#5762);
#5762 = AXIS2_PLACEMENT_3D('',#5763,#5764,#5765);
#5763 = CARTESIAN_POINT('',(-1.25,-0.175,0.15));
#5764 = DIRECTION('',(0.,0.,-1.));
#5765 = DIRECTION('',(1.,-1.110223024625E-16,0.));
#5766 = ADVANCED_FACE('',(#5767),#5778,.F.);
#5767 = FACE_BOUND('',#5768,.F.);
#5768 = EDGE_LOOP('',(#5769,#5775,#5776,#5777));
#5769 = ORIENTED_EDGE('',*,*,#5770,.T.);
#5770 = EDGE_CURVE('',#5167,#5259,#5771,.T.);
#5771 = LINE('',#5772,#5773);
#5772 = CARTESIAN_POINT('',(-1.25,-0.175,-5.551115123126E-17));
#5773 = VECTOR('',#5774,1.);
#5774 = DIRECTION('',(1.110223024625E-16,1.,0.));
#5775 = ORIENTED_EDGE('',*,*,#5266,.T.);
#5776 = ORIENTED_EDGE('',*,*,#5753,.F.);
#5777 = ORIENTED_EDGE('',*,*,#5174,.F.);
#5778 = PLANE('',#5779);
#5779 = AXIS2_PLACEMENT_3D('',#5780,#5781,#5782);
#5780 = CARTESIAN_POINT('',(-1.25,-0.175,-5.551115123126E-17));
#5781 = DIRECTION('',(1.,-1.110223024625E-16,0.));
#5782 = DIRECTION('',(0.,0.,1.));
#5783 = ADVANCED_FACE('',(#5784),#5795,.F.);
#5784 = FACE_BOUND('',#5785,.F.);
#5785 = EDGE_LOOP('',(#5786,#5792,#5793,#5794));
#5786 = ORIENTED_EDGE('',*,*,#5787,.T.);
#5787 = EDGE_CURVE('',#5158,#5250,#5788,.T.);
#5788 = LINE('',#5789,#5790);
#5789 = CARTESIAN_POINT('',(-1.181436840466,-0.175,-5.551115123126E-17)
  );
#5790 = VECTOR('',#5791,1.);
#5791 = DIRECTION('',(1.110223024625E-16,1.,0.));
#5792 = ORIENTED_EDGE('',*,*,#5258,.T.);
#5793 = ORIENTED_EDGE('',*,*,#5770,.F.);
#5794 = ORIENTED_EDGE('',*,*,#5166,.F.);
#5795 = PLANE('',#5796);
#5796 = AXIS2_PLACEMENT_3D('',#5797,#5798,#5799);
#5797 = CARTESIAN_POINT('',(-1.181436840466,-0.175,-5.551115123126E-17)
  );
#5798 = DIRECTION('',(0.,0.,1.));
#5799 = DIRECTION('',(-1.,1.110223024625E-16,0.));
#5800 = ADVANCED_FACE('',(#5801),#5807,.T.);
#5801 = FACE_BOUND('',#5802,.T.);
#5802 = EDGE_LOOP('',(#5803,#5804,#5805,#5806));
#5803 = ORIENTED_EDGE('',*,*,#5157,.T.);
#5804 = ORIENTED_EDGE('',*,*,#5787,.T.);
#5805 = ORIENTED_EDGE('',*,*,#5249,.F.);
#5806 = ORIENTED_EDGE('',*,*,#5231,.F.);
#5807 = CYLINDRICAL_SURFACE('',#5808,0.22);
#5808 = AXIS2_PLACEMENT_3D('',#5809,#5810,#5811);
#5809 = CARTESIAN_POINT('',(-1.181436840466,-0.175,0.22));
#5810 = DIRECTION('',(-1.110223024625E-16,-1.,-0.));
#5811 = DIRECTION('',(0.984807753012,-1.093356242223E-16,-0.173648177667
    ));
#5812 = ADVANCED_FACE('',(#5813),#5830,.F.);
#5813 = FACE_BOUND('',#5814,.F.);
#5814 = EDGE_LOOP('',(#5815,#5816,#5823,#5829));
#5815 = ORIENTED_EDGE('',*,*,#5380,.T.);
#5816 = ORIENTED_EDGE('',*,*,#5817,.T.);
#5817 = EDGE_CURVE('',#5373,#5818,#5820,.T.);
#5818 = VERTEX_POINT('',#5819);
#5819 = CARTESIAN_POINT('',(-0.712635072626,0.540270145251,1.1));
#5820 = B_SPLINE_CURVE_WITH_KNOTS('',1,(#5821,#5822),.UNSPECIFIED.,.F.,
  .F.,(2,2),(0.,1.),.PIECEWISE_BEZIER_KNOTS.);
#5821 = CARTESIAN_POINT('',(-0.7425,0.6,0.675));
#5822 = CARTESIAN_POINT('',(-0.712635072626,0.540270145251,1.1));
#5823 = ORIENTED_EDGE('',*,*,#5824,.F.);
#5824 = EDGE_CURVE('',#5664,#5818,#5825,.T.);
#5825 = LINE('',#5826,#5827);
#5826 = CARTESIAN_POINT('',(-0.765270145251,0.487635072626,1.1));
#5827 = VECTOR('',#5828,1.);
#5828 = DIRECTION('',(0.707106781187,0.707106781187,0.));
#5829 = ORIENTED_EDGE('',*,*,#5663,.F.);
#5830 = B_SPLINE_SURFACE_WITH_KNOTS('',1,1,(
    (#5831,#5832)
    ,(#5833,#5834
    )),.UNSPECIFIED.,.F.,.F.,.F.,(2,2),(2,2),(0.,0.116672618896),(0.,1.)
  ,.PIECEWISE_BEZIER_KNOTS.);
#5831 = CARTESIAN_POINT('',(-0.825,0.5175,0.675));
#5832 = CARTESIAN_POINT('',(-0.765270145251,0.487635072626,1.1));
#5833 = CARTESIAN_POINT('',(-0.7425,0.6,0.675));
#5834 = CARTESIAN_POINT('',(-0.712635072626,0.540270145251,1.1));
#5835 = ADVANCED_FACE('',(#5836),#5853,.F.);
#5836 = FACE_BOUND('',#5837,.F.);
#5837 = EDGE_LOOP('',(#5838,#5839,#5846,#5852));
#5838 = ORIENTED_EDGE('',*,*,#5372,.T.);
#5839 = ORIENTED_EDGE('',*,*,#5840,.T.);
#5840 = EDGE_CURVE('',#5365,#5841,#5843,.T.);
#5841 = VERTEX_POINT('',#5842);
#5842 = CARTESIAN_POINT('',(0.712635072626,0.540270145251,1.1));
#5843 = B_SPLINE_CURVE_WITH_KNOTS('',1,(#5844,#5845),.UNSPECIFIED.,.F.,
  .F.,(2,2),(0.,1.),.PIECEWISE_BEZIER_KNOTS.);
#5844 = CARTESIAN_POINT('',(0.7425,0.6,0.675));
#5845 = CARTESIAN_POINT('',(0.712635072626,0.540270145251,1.1));
#5846 = ORIENTED_EDGE('',*,*,#5847,.F.);
#5847 = EDGE_CURVE('',#5818,#5841,#5848,.T.);
#5848 = LINE('',#5849,#5850);
#5849 = CARTESIAN_POINT('',(-0.712635072626,0.540270145251,1.1));
#5850 = VECTOR('',#5851,1.);
#5851 = DIRECTION('',(1.,0.,0.));
#5852 = ORIENTED_EDGE('',*,*,#5817,.F.);
#5853 = B_SPLINE_SURFACE_WITH_KNOTS('',1,1,(
    (#5854,#5855)
    ,(#5856,#5857
    )),.UNSPECIFIED.,.F.,.F.,.F.,(2,2),(2,2),(0.,1.485),(0.,1.),
  .PIECEWISE_BEZIER_KNOTS.);
#5854 = CARTESIAN_POINT('',(-0.7425,0.6,0.675));
#5855 = CARTESIAN_POINT('',(-0.712635072626,0.540270145251,1.1));
#5856 = CARTESIAN_POINT('',(0.7425,0.6,0.675));
#5857 = CARTESIAN_POINT('',(0.712635072626,0.540270145251,1.1));
#5858 = ADVANCED_FACE('',(#5859),#5870,.F.);
#5859 = FACE_BOUND('',#5860,.F.);
#5860 = EDGE_LOOP('',(#5861,#5862,#5863,#5869));
#5861 = ORIENTED_EDGE('',*,*,#5364,.T.);
#5862 = ORIENTED_EDGE('',*,*,#5573,.T.);
#5863 = ORIENTED_EDGE('',*,*,#5864,.F.);
#5864 = EDGE_CURVE('',#5841,#5566,#5865,.T.);
#5865 = LINE('',#5866,#5867);
#5866 = CARTESIAN_POINT('',(0.712635072626,0.540270145251,1.1));
#5867 = VECTOR('',#5868,1.);
#5868 = DIRECTION('',(0.707106781187,-0.707106781187,0.));
#5869 = ORIENTED_EDGE('',*,*,#5840,.F.);
#5870 = B_SPLINE_SURFACE_WITH_KNOTS('',1,1,(
    (#5871,#5872)
    ,(#5873,#5874
    )),.UNSPECIFIED.,.F.,.F.,.F.,(2,2),(2,2),(0.,0.116672618896),(0.,1.)
  ,.PIECEWISE_BEZIER_KNOTS.);
#5871 = CARTESIAN_POINT('',(0.7425,0.6,0.675));
#5872 = CARTESIAN_POINT('',(0.712635072626,0.540270145251,1.1));
#5873 = CARTESIAN_POINT('',(0.825,0.5175,0.675));
#5874 = CARTESIAN_POINT('',(0.765270145251,0.487635072626,1.1));
#5875 = ADVANCED_FACE('',(#5876),#5945,.F.);
#5876 = FACE_BOUND('',#5877,.F.);
#5877 = EDGE_LOOP('',(#5878,#5879,#5880,#5888,#5897,#5905,#5913,#5921,
    #5930,#5938));
#5878 = ORIENTED_EDGE('',*,*,#5468,.F.);
#5879 = ORIENTED_EDGE('',*,*,#5501,.T.);
#5880 = ORIENTED_EDGE('',*,*,#5881,.T.);
#5881 = EDGE_CURVE('',#5494,#5882,#5884,.T.);
#5882 = VERTEX_POINT('',#5883);
#5883 = CARTESIAN_POINT('',(0.964779134804,0.175,0.181797400913));
#5884 = LINE('',#5885,#5886);
#5885 = CARTESIAN_POINT('',(0.918936542711,0.175,0.467155372437));
#5886 = VECTOR('',#5887,1.);
#5887 = DIRECTION('',(0.158615661317,-3.521975185208E-17,-0.987340403298
    ));
#5888 = ORIENTED_EDGE('',*,*,#5889,.T.);
#5889 = EDGE_CURVE('',#5882,#5890,#5892,.T.);
#5890 = VERTEX_POINT('',#5891);
#5891 = CARTESIAN_POINT('',(1.181436840466,0.175,-5.551115123126E-17));
#5892 = CIRCLE('',#5893,0.22);
#5893 = AXIS2_PLACEMENT_3D('',#5894,#5895,#5896);
#5894 = CARTESIAN_POINT('',(1.181436840466,0.175,0.22));
#5895 = DIRECTION('',(-2.22044604925E-16,-1.,1.251126945016E-33));
#5896 = DIRECTION('',(-0.984807753012,2.186712484447E-16,-0.173648177667
    ));
#5897 = ORIENTED_EDGE('',*,*,#5898,.T.);
#5898 = EDGE_CURVE('',#5890,#5899,#5901,.T.);
#5899 = VERTEX_POINT('',#5900);
#5900 = CARTESIAN_POINT('',(1.25,0.175,-5.551115123126E-17));
#5901 = LINE('',#5902,#5903);
#5902 = CARTESIAN_POINT('',(1.181436840466,0.175,-5.551115123126E-17));
#5903 = VECTOR('',#5904,1.);
#5904 = DIRECTION('',(1.,-2.22044604925E-16,0.));
#5905 = ORIENTED_EDGE('',*,*,#5906,.T.);
#5906 = EDGE_CURVE('',#5899,#5907,#5909,.T.);
#5907 = VERTEX_POINT('',#5908);
#5908 = CARTESIAN_POINT('',(1.25,0.175,0.15));
#5909 = LINE('',#5910,#5911);
#5910 = CARTESIAN_POINT('',(1.25,0.175,-5.551115123126E-17));
#5911 = VECTOR('',#5912,1.);
#5912 = DIRECTION('',(0.,0.,1.));
#5913 = ORIENTED_EDGE('',*,*,#5914,.T.);
#5914 = EDGE_CURVE('',#5907,#5915,#5917,.T.);
#5915 = VERTEX_POINT('',#5916);
#5916 = CARTESIAN_POINT('',(1.181436840466,0.175,0.15));
#5917 = LINE('',#5918,#5919);
#5918 = CARTESIAN_POINT('',(1.25,0.175,0.15));
#5919 = VECTOR('',#5920,1.);
#5920 = DIRECTION('',(-1.,2.22044604925E-16,0.));
#5921 = ORIENTED_EDGE('',*,*,#5922,.T.);
#5922 = EDGE_CURVE('',#5915,#5923,#5925,.T.);
#5923 = VERTEX_POINT('',#5924);
#5924 = CARTESIAN_POINT('',(1.112500297756,0.175,0.207844627563));
#5925 = CIRCLE('',#5926,7.E-02);
#5926 = AXIS2_PLACEMENT_3D('',#5927,#5928,#5929);
#5927 = CARTESIAN_POINT('',(1.181436840466,0.175,0.22));
#5928 = DIRECTION('',(2.22044604925E-16,1.,0.));
#5929 = DIRECTION('',(0.,0.,-1.));
#5930 = ORIENTED_EDGE('',*,*,#5931,.T.);
#5931 = EDGE_CURVE('',#5923,#5932,#5934,.T.);
#5932 = VERTEX_POINT('',#5933);
#5933 = CARTESIAN_POINT('',(1.066657705663,0.175,0.493202599087));
#5934 = LINE('',#5935,#5936);
#5935 = CARTESIAN_POINT('',(1.112500297756,0.175,0.207844627563));
#5936 = VECTOR('',#5937,1.);
#5937 = DIRECTION('',(-0.158615661317,3.521975185208E-17,0.987340403298)
  );
#5938 = ORIENTED_EDGE('',*,*,#5939,.T.);
#5939 = EDGE_CURVE('',#5932,#5341,#5940,.T.);
#5940 = CIRCLE('',#5941,0.22);
#5941 = AXIS2_PLACEMENT_3D('',#5942,#5943,#5944);
#5942 = CARTESIAN_POINT('',(0.85,0.175,0.455));
#5943 = DIRECTION('',(-2.22044604925E-16,-1.,1.251126945016E-33));
#5944 = DIRECTION('',(0.984807753012,-2.186712484447E-16,0.173648177667)
  );
#5945 = PLANE('',#5946);
#5946 = AXIS2_PLACEMENT_3D('',#5947,#5948,#5949);
#5947 = CARTESIAN_POINT('',(1.021526355437,0.175,0.332418056697));
#5948 = DIRECTION('',(-2.22044604925E-16,-1.,0.));
#5949 = DIRECTION('',(0.,0.,1.));
#5950 = ADVANCED_FACE('',(#5951),#5969,.F.);
#5951 = FACE_BOUND('',#5952,.F.);
#5952 = EDGE_LOOP('',(#5953,#5954,#5962,#5968));
#5953 = ORIENTED_EDGE('',*,*,#5493,.T.);
#5954 = ORIENTED_EDGE('',*,*,#5955,.T.);
#5955 = EDGE_CURVE('',#5485,#5956,#5958,.T.);
#5956 = VERTEX_POINT('',#5957);
#5957 = CARTESIAN_POINT('',(0.964779134804,-0.175,0.181797400913));
#5958 = LINE('',#5959,#5960);
#5959 = CARTESIAN_POINT('',(0.918936542711,-0.175,0.467155372437));
#5960 = VECTOR('',#5961,1.);
#5961 = DIRECTION('',(0.158615661317,-3.521975185208E-17,-0.987340403298
    ));
#5962 = ORIENTED_EDGE('',*,*,#5963,.F.);
#5963 = EDGE_CURVE('',#5882,#5956,#5964,.T.);
#5964 = LINE('',#5965,#5966);
#5965 = CARTESIAN_POINT('',(0.964779134804,0.175,0.181797400913));
#5966 = VECTOR('',#5967,1.);
#5967 = DIRECTION('',(-2.22044604925E-16,-1.,0.));
#5968 = ORIENTED_EDGE('',*,*,#5881,.F.);
#5969 = PLANE('',#5970);
#5970 = AXIS2_PLACEMENT_3D('',#5971,#5972,#5973);
#5971 = CARTESIAN_POINT('',(0.918936542711,0.175,0.467155372437));
#5972 = DIRECTION('',(0.987340403298,-2.192336097769E-16,0.158615661317)
  );
#5973 = DIRECTION('',(0.158615661317,-3.521975185208E-17,-0.987340403298
    ));
#5974 = ADVANCED_FACE('',(#5975),#6037,.T.);
#5975 = FACE_BOUND('',#5976,.T.);
#5976 = EDGE_LOOP('',(#5977,#5978,#5979,#5980,#5989,#5997,#6005,#6013,
    #6022,#6030));
#5977 = ORIENTED_EDGE('',*,*,#5516,.F.);
#5978 = ORIENTED_EDGE('',*,*,#5484,.T.);
#5979 = ORIENTED_EDGE('',*,*,#5955,.T.);
#5980 = ORIENTED_EDGE('',*,*,#5981,.T.);
#5981 = EDGE_CURVE('',#5956,#5982,#5984,.T.);
#5982 = VERTEX_POINT('',#5983);
#5983 = CARTESIAN_POINT('',(1.181436840466,-0.175,-5.551115123126E-17));
#5984 = CIRCLE('',#5985,0.22);
#5985 = AXIS2_PLACEMENT_3D('',#5986,#5987,#5988);
#5986 = CARTESIAN_POINT('',(1.181436840466,-0.175,0.22));
#5987 = DIRECTION('',(-2.22044604925E-16,-1.,1.251126945016E-33));
#5988 = DIRECTION('',(-0.984807753012,2.186712484447E-16,-0.173648177667
    ));
#5989 = ORIENTED_EDGE('',*,*,#5990,.T.);
#5990 = EDGE_CURVE('',#5982,#5991,#5993,.T.);
#5991 = VERTEX_POINT('',#5992);
#5992 = CARTESIAN_POINT('',(1.25,-0.175,-5.551115123126E-17));
#5993 = LINE('',#5994,#5995);
#5994 = CARTESIAN_POINT('',(1.181436840466,-0.175,-5.551115123126E-17));
#5995 = VECTOR('',#5996,1.);
#5996 = DIRECTION('',(1.,-2.22044604925E-16,0.));
#5997 = ORIENTED_EDGE('',*,*,#5998,.T.);
#5998 = EDGE_CURVE('',#5991,#5999,#6001,.T.);
#5999 = VERTEX_POINT('',#6000);
#6000 = CARTESIAN_POINT('',(1.25,-0.175,0.15));
#6001 = LINE('',#6002,#6003);
#6002 = CARTESIAN_POINT('',(1.25,-0.175,-5.551115123126E-17));
#6003 = VECTOR('',#6004,1.);
#6004 = DIRECTION('',(0.,0.,1.));
#6005 = ORIENTED_EDGE('',*,*,#6006,.T.);
#6006 = EDGE_CURVE('',#5999,#6007,#6009,.T.);
#6007 = VERTEX_POINT('',#6008);
#6008 = CARTESIAN_POINT('',(1.181436840466,-0.175,0.15));
#6009 = LINE('',#6010,#6011);
#6010 = CARTESIAN_POINT('',(1.25,-0.175,0.15));
#6011 = VECTOR('',#6012,1.);
#6012 = DIRECTION('',(-1.,2.22044604925E-16,0.));
#6013 = ORIENTED_EDGE('',*,*,#6014,.T.);
#6014 = EDGE_CURVE('',#6007,#6015,#6017,.T.);
#6015 = VERTEX_POINT('',#6016);
#6016 = CARTESIAN_POINT('',(1.112500297756,-0.175,0.207844627563));
#6017 = CIRCLE('',#6018,7.E-02);
#6018 = AXIS2_PLACEMENT_3D('',#6019,#6020,#6021);
#6019 = CARTESIAN_POINT('',(1.181436840466,-0.175,0.22));
#6020 = DIRECTION('',(2.22044604925E-16,1.,0.));
#6021 = DIRECTION('',(0.,0.,-1.));
#6022 = ORIENTED_EDGE('',*,*,#6023,.T.);
#6023 = EDGE_CURVE('',#6015,#6024,#6026,.T.);
#6024 = VERTEX_POINT('',#6025);
#6025 = CARTESIAN_POINT('',(1.066657705663,-0.175,0.493202599087));
#6026 = LINE('',#6027,#6028);
#6027 = CARTESIAN_POINT('',(1.112500297756,-0.175,0.207844627563));
#6028 = VECTOR('',#6029,1.);
#6029 = DIRECTION('',(-0.158615661317,3.521975185208E-17,0.987340403298)
  );
#6030 = ORIENTED_EDGE('',*,*,#6031,.T.);
#6031 = EDGE_CURVE('',#6024,#5110,#6032,.T.);
#6032 = CIRCLE('',#6033,0.22);
#6033 = AXIS2_PLACEMENT_3D('',#6034,#6035,#6036);
#6034 = CARTESIAN_POINT('',(0.85,-0.175,0.455));
#6035 = DIRECTION('',(-2.22044604925E-16,-1.,1.251126945016E-33));
#6036 = DIRECTION('',(0.984807753012,-2.186712484447E-16,0.173648177667)
  );
#6037 = PLANE('',#6038);
#6038 = AXIS2_PLACEMENT_3D('',#6039,#6040,#6041);
#6039 = CARTESIAN_POINT('',(1.021526355437,-0.175,0.332418056697));
#6040 = DIRECTION('',(-2.22044604925E-16,-1.,0.));
#6041 = DIRECTION('',(0.,0.,1.));
#6042 = ADVANCED_FACE('',(#6043),#6054,.T.);
#6043 = FACE_BOUND('',#6044,.T.);
#6044 = EDGE_LOOP('',(#6045,#6046,#6047,#6048));
#6045 = ORIENTED_EDGE('',*,*,#5939,.T.);
#6046 = ORIENTED_EDGE('',*,*,#5534,.T.);
#6047 = ORIENTED_EDGE('',*,*,#6031,.F.);
#6048 = ORIENTED_EDGE('',*,*,#6049,.F.);
#6049 = EDGE_CURVE('',#5932,#6024,#6050,.T.);
#6050 = LINE('',#6051,#6052);
#6051 = CARTESIAN_POINT('',(1.066657705663,0.175,0.493202599087));
#6052 = VECTOR('',#6053,1.);
#6053 = DIRECTION('',(-2.22044604925E-16,-1.,0.));
#6054 = CYLINDRICAL_SURFACE('',#6055,0.22);
#6055 = AXIS2_PLACEMENT_3D('',#6056,#6057,#6058);
#6056 = CARTESIAN_POINT('',(0.85,0.175,0.455));
#6057 = DIRECTION('',(2.22044604925E-16,1.,0.));
#6058 = DIRECTION('',(0.984807753012,-2.186712484447E-16,0.173648177667)
  );
#6059 = ADVANCED_FACE('',(#6060,#6070),#6104,.T.);
#6060 = FACE_BOUND('',#6061,.T.);
#6061 = EDGE_LOOP('',(#6062,#6063,#6064,#6065,#6066,#6067,#6068,#6069));
#6062 = ORIENTED_EDGE('',*,*,#5670,.F.);
#6063 = ORIENTED_EDGE('',*,*,#5640,.F.);
#6064 = ORIENTED_EDGE('',*,*,#5617,.F.);
#6065 = ORIENTED_EDGE('',*,*,#5594,.F.);
#6066 = ORIENTED_EDGE('',*,*,#5565,.F.);
#6067 = ORIENTED_EDGE('',*,*,#5864,.F.);
#6068 = ORIENTED_EDGE('',*,*,#5847,.F.);
#6069 = ORIENTED_EDGE('',*,*,#5824,.F.);
#6070 = FACE_BOUND('',#6071,.T.);
#6071 = EDGE_LOOP('',(#6072,#6082,#6090,#6098));
#6072 = ORIENTED_EDGE('',*,*,#6073,.T.);
#6073 = EDGE_CURVE('',#6074,#6076,#6078,.T.);
#6074 = VERTEX_POINT('',#6075);
#6075 = CARTESIAN_POINT('',(-0.315270145251,-0.490270145251,1.1));
#6076 = VERTEX_POINT('',#6077);
#6077 = CARTESIAN_POINT('',(-0.715270145251,-0.490270145251,1.1));
#6078 = LINE('',#6079,#6080);
#6079 = CARTESIAN_POINT('',(-0.740270145251,-0.490270145251,1.1));
#6080 = VECTOR('',#6081,1.);
#6081 = DIRECTION('',(-1.,0.,0.));
#6082 = ORIENTED_EDGE('',*,*,#6083,.T.);
#6083 = EDGE_CURVE('',#6076,#6084,#6086,.T.);
#6084 = VERTEX_POINT('',#6085);
#6085 = CARTESIAN_POINT('',(-0.715270145251,0.490270145251,1.1));
#6086 = LINE('',#6087,#6088);
#6087 = CARTESIAN_POINT('',(-0.715270145251,-0.488952608939,1.1));
#6088 = VECTOR('',#6089,1.);
#6089 = DIRECTION('',(0.,1.,0.));
#6090 = ORIENTED_EDGE('',*,*,#6091,.F.);
#6091 = EDGE_CURVE('',#6092,#6084,#6094,.T.);
#6092 = VERTEX_POINT('',#6093);
#6093 = CARTESIAN_POINT('',(-0.315270145251,0.490270145251,1.1));
#6094 = LINE('',#6095,#6096);
#6095 = CARTESIAN_POINT('',(-0.740270145251,0.490270145251,1.1));
#6096 = VECTOR('',#6097,1.);
#6097 = DIRECTION('',(-1.,0.,0.));
#6098 = ORIENTED_EDGE('',*,*,#6099,.F.);
#6099 = EDGE_CURVE('',#6074,#6092,#6100,.T.);
#6100 = LINE('',#6101,#6102);
#6101 = CARTESIAN_POINT('',(-0.315270145251,-0.488952608939,1.1));
#6102 = VECTOR('',#6103,1.);
#6103 = DIRECTION('',(0.,1.,0.));
#6104 = PLANE('',#6105);
#6105 = AXIS2_PLACEMENT_3D('',#6106,#6107,#6108);
#6106 = CARTESIAN_POINT('',(-0.765270145251,-0.487635072626,1.1));
#6107 = DIRECTION('',(0.,0.,1.));
#6108 = DIRECTION('',(0.84333939541,0.537381302382,-0.));
#6109 = ADVANCED_FACE('',(#6110),#6121,.F.);
#6110 = FACE_BOUND('',#6111,.F.);
#6111 = EDGE_LOOP('',(#6112,#6118,#6119,#6120));
#6112 = ORIENTED_EDGE('',*,*,#6113,.T.);
#6113 = EDGE_CURVE('',#5923,#6015,#6114,.T.);
#6114 = LINE('',#6115,#6116);
#6115 = CARTESIAN_POINT('',(1.112500297756,0.175,0.207844627563));
#6116 = VECTOR('',#6117,1.);
#6117 = DIRECTION('',(-2.22044604925E-16,-1.,0.));
#6118 = ORIENTED_EDGE('',*,*,#6023,.T.);
#6119 = ORIENTED_EDGE('',*,*,#6049,.F.);
#6120 = ORIENTED_EDGE('',*,*,#5931,.F.);
#6121 = PLANE('',#6122);
#6122 = AXIS2_PLACEMENT_3D('',#6123,#6124,#6125);
#6123 = CARTESIAN_POINT('',(1.112500297756,0.175,0.207844627563));
#6124 = DIRECTION('',(-0.987340403298,2.192336097769E-16,-0.158615661317
    ));
#6125 = DIRECTION('',(-0.158615661317,3.521975185208E-17,0.987340403298)
  );
#6126 = ADVANCED_FACE('',(#6127),#6138,.F.);
#6127 = FACE_BOUND('',#6128,.F.);
#6128 = EDGE_LOOP('',(#6129,#6135,#6136,#6137));
#6129 = ORIENTED_EDGE('',*,*,#6130,.T.);
#6130 = EDGE_CURVE('',#5915,#6007,#6131,.T.);
#6131 = LINE('',#6132,#6133);
#6132 = CARTESIAN_POINT('',(1.181436840466,0.175,0.15));
#6133 = VECTOR('',#6134,1.);
#6134 = DIRECTION('',(-2.22044604925E-16,-1.,0.));
#6135 = ORIENTED_EDGE('',*,*,#6014,.T.);
#6136 = ORIENTED_EDGE('',*,*,#6113,.F.);
#6137 = ORIENTED_EDGE('',*,*,#5922,.F.);
#6138 = CYLINDRICAL_SURFACE('',#6139,7.E-02);
#6139 = AXIS2_PLACEMENT_3D('',#6140,#6141,#6142);
#6140 = CARTESIAN_POINT('',(1.181436840466,0.175,0.22));
#6141 = DIRECTION('',(2.22044604925E-16,1.,0.));
#6142 = DIRECTION('',(0.,0.,-1.));
#6143 = ADVANCED_FACE('',(#6144),#6155,.F.);
#6144 = FACE_BOUND('',#6145,.F.);
#6145 = EDGE_LOOP('',(#6146,#6152,#6153,#6154));
#6146 = ORIENTED_EDGE('',*,*,#6147,.T.);
#6147 = EDGE_CURVE('',#5907,#5999,#6148,.T.);
#6148 = LINE('',#6149,#6150);
#6149 = CARTESIAN_POINT('',(1.25,0.175,0.15));
#6150 = VECTOR('',#6151,1.);
#6151 = DIRECTION('',(-2.22044604925E-16,-1.,0.));
#6152 = ORIENTED_EDGE('',*,*,#6006,.T.);
#6153 = ORIENTED_EDGE('',*,*,#6130,.F.);
#6154 = ORIENTED_EDGE('',*,*,#5914,.F.);
#6155 = PLANE('',#6156);
#6156 = AXIS2_PLACEMENT_3D('',#6157,#6158,#6159);
#6157 = CARTESIAN_POINT('',(1.25,0.175,0.15));
#6158 = DIRECTION('',(0.,0.,-1.));
#6159 = DIRECTION('',(-1.,2.22044604925E-16,0.));
#6160 = ADVANCED_FACE('',(#6161),#6172,.F.);
#6161 = FACE_BOUND('',#6162,.F.);
#6162 = EDGE_LOOP('',(#6163,#6169,#6170,#6171));
#6163 = ORIENTED_EDGE('',*,*,#6164,.T.);
#6164 = EDGE_CURVE('',#5899,#5991,#6165,.T.);
#6165 = LINE('',#6166,#6167);
#6166 = CARTESIAN_POINT('',(1.25,0.175,-5.551115123126E-17));
#6167 = VECTOR('',#6168,1.);
#6168 = DIRECTION('',(-2.22044604925E-16,-1.,0.));
#6169 = ORIENTED_EDGE('',*,*,#5998,.T.);
#6170 = ORIENTED_EDGE('',*,*,#6147,.F.);
#6171 = ORIENTED_EDGE('',*,*,#5906,.F.);
#6172 = PLANE('',#6173);
#6173 = AXIS2_PLACEMENT_3D('',#6174,#6175,#6176);
#6174 = CARTESIAN_POINT('',(1.25,0.175,-5.551115123126E-17));
#6175 = DIRECTION('',(-1.,2.22044604925E-16,0.));
#6176 = DIRECTION('',(0.,0.,1.));
#6177 = ADVANCED_FACE('',(#6178),#6189,.F.);
#6178 = FACE_BOUND('',#6179,.F.);
#6179 = EDGE_LOOP('',(#6180,#6186,#6187,#6188));
#6180 = ORIENTED_EDGE('',*,*,#6181,.T.);
#6181 = EDGE_CURVE('',#5890,#5982,#6182,.T.);
#6182 = LINE('',#6183,#6184);
#6183 = CARTESIAN_POINT('',(1.181436840466,0.175,-5.551115123126E-17));
#6184 = VECTOR('',#6185,1.);
#6185 = DIRECTION('',(-2.22044604925E-16,-1.,0.));
#6186 = ORIENTED_EDGE('',*,*,#5990,.T.);
#6187 = ORIENTED_EDGE('',*,*,#6164,.F.);
#6188 = ORIENTED_EDGE('',*,*,#5898,.F.);
#6189 = PLANE('',#6190);
#6190 = AXIS2_PLACEMENT_3D('',#6191,#6192,#6193);
#6191 = CARTESIAN_POINT('',(1.181436840466,0.175,-5.551115123126E-17));
#6192 = DIRECTION('',(0.,0.,1.));
#6193 = DIRECTION('',(1.,-2.22044604925E-16,0.));
#6194 = ADVANCED_FACE('',(#6195),#6201,.T.);
#6195 = FACE_BOUND('',#6196,.T.);
#6196 = EDGE_LOOP('',(#6197,#6198,#6199,#6200));
#6197 = ORIENTED_EDGE('',*,*,#5889,.T.);
#6198 = ORIENTED_EDGE('',*,*,#6181,.T.);
#6199 = ORIENTED_EDGE('',*,*,#5981,.F.);
#6200 = ORIENTED_EDGE('',*,*,#5963,.F.);
#6201 = CYLINDRICAL_SURFACE('',#6202,0.22);
#6202 = AXIS2_PLACEMENT_3D('',#6203,#6204,#6205);
#6203 = CARTESIAN_POINT('',(1.181436840466,0.175,0.22));
#6204 = DIRECTION('',(2.22044604925E-16,1.,0.));
#6205 = DIRECTION('',(-0.984807753012,2.186712484447E-16,-0.173648177667
    ));
#6206 = ADVANCED_FACE('',(#6207),#6232,.F.);
#6207 = FACE_BOUND('',#6208,.F.);
#6208 = EDGE_LOOP('',(#6209,#6210,#6218,#6226));
#6209 = ORIENTED_EDGE('',*,*,#6073,.T.);
#6210 = ORIENTED_EDGE('',*,*,#6211,.T.);
#6211 = EDGE_CURVE('',#6076,#6212,#6214,.T.);
#6212 = VERTEX_POINT('',#6213);
#6213 = CARTESIAN_POINT('',(-0.715270145251,-0.490270145251,1.11));
#6214 = LINE('',#6215,#6216);
#6215 = CARTESIAN_POINT('',(-0.715270145251,-0.490270145251,1.09));
#6216 = VECTOR('',#6217,1.);
#6217 = DIRECTION('',(0.,0.,1.));
#6218 = ORIENTED_EDGE('',*,*,#6219,.T.);
#6219 = EDGE_CURVE('',#6212,#6220,#6222,.T.);
#6220 = VERTEX_POINT('',#6221);
#6221 = CARTESIAN_POINT('',(-0.315270145251,-0.490270145251,1.11));
#6222 = LINE('',#6223,#6224);
#6223 = CARTESIAN_POINT('',(-0.715270145251,-0.490270145251,1.11));
#6224 = VECTOR('',#6225,1.);
#6225 = DIRECTION('',(1.,0.,0.));
#6226 = ORIENTED_EDGE('',*,*,#6227,.F.);
#6227 = EDGE_CURVE('',#6074,#6220,#6228,.T.);
#6228 = LINE('',#6229,#6230);
#6229 = CARTESIAN_POINT('',(-0.315270145251,-0.490270145251,1.09));
#6230 = VECTOR('',#6231,1.);
#6231 = DIRECTION('',(0.,0.,1.));
#6232 = PLANE('',#6233);
#6233 = AXIS2_PLACEMENT_3D('',#6234,#6235,#6236);
#6234 = CARTESIAN_POINT('',(-0.715270145251,-0.490270145251,1.09));
#6235 = DIRECTION('',(0.,1.,0.));
#6236 = DIRECTION('',(0.,-0.,1.));
#6237 = ADVANCED_FACE('',(#6238),#6256,.T.);
#6238 = FACE_BOUND('',#6239,.T.);
#6239 = EDGE_LOOP('',(#6240,#6241,#6242,#6250));
#6240 = ORIENTED_EDGE('',*,*,#6227,.F.);
#6241 = ORIENTED_EDGE('',*,*,#6099,.T.);
#6242 = ORIENTED_EDGE('',*,*,#6243,.T.);
#6243 = EDGE_CURVE('',#6092,#6244,#6246,.T.);
#6244 = VERTEX_POINT('',#6245);
#6245 = CARTESIAN_POINT('',(-0.315270145251,0.490270145251,1.11));
#6246 = LINE('',#6247,#6248);
#6247 = CARTESIAN_POINT('',(-0.315270145251,0.490270145251,1.09));
#6248 = VECTOR('',#6249,1.);
#6249 = DIRECTION('',(0.,0.,1.));
#6250 = ORIENTED_EDGE('',*,*,#6251,.F.);
#6251 = EDGE_CURVE('',#6220,#6244,#6252,.T.);
#6252 = LINE('',#6253,#6254);
#6253 = CARTESIAN_POINT('',(-0.315270145251,-0.490270145251,1.11));
#6254 = VECTOR('',#6255,1.);
#6255 = DIRECTION('',(0.,1.,0.));
#6256 = PLANE('',#6257);
#6257 = AXIS2_PLACEMENT_3D('',#6258,#6259,#6260);
#6258 = CARTESIAN_POINT('',(-0.315270145251,-0.490270145251,1.09));
#6259 = DIRECTION('',(1.,0.,0.));
#6260 = DIRECTION('',(0.,0.,1.));
#6261 = ADVANCED_FACE('',(#6262),#6280,.T.);
#6262 = FACE_BOUND('',#6263,.T.);
#6263 = EDGE_LOOP('',(#6264,#6265,#6273,#6279));
#6264 = ORIENTED_EDGE('',*,*,#6091,.T.);
#6265 = ORIENTED_EDGE('',*,*,#6266,.T.);
#6266 = EDGE_CURVE('',#6084,#6267,#6269,.T.);
#6267 = VERTEX_POINT('',#6268);
#6268 = CARTESIAN_POINT('',(-0.715270145251,0.490270145251,1.11));
#6269 = LINE('',#6270,#6271);
#6270 = CARTESIAN_POINT('',(-0.715270145251,0.490270145251,1.09));
#6271 = VECTOR('',#6272,1.);
#6272 = DIRECTION('',(0.,0.,1.));
#6273 = ORIENTED_EDGE('',*,*,#6274,.T.);
#6274 = EDGE_CURVE('',#6267,#6244,#6275,.T.);
#6275 = LINE('',#6276,#6277);
#6276 = CARTESIAN_POINT('',(-0.715270145251,0.490270145251,1.11));
#6277 = VECTOR('',#6278,1.);
#6278 = DIRECTION('',(1.,0.,0.));
#6279 = ORIENTED_EDGE('',*,*,#6243,.F.);
#6280 = PLANE('',#6281);
#6281 = AXIS2_PLACEMENT_3D('',#6282,#6283,#6284);
#6282 = CARTESIAN_POINT('',(-0.715270145251,0.490270145251,1.09));
#6283 = DIRECTION('',(0.,1.,0.));
#6284 = DIRECTION('',(0.,-0.,1.));
#6285 = ADVANCED_FACE('',(#6286),#6297,.F.);
#6286 = FACE_BOUND('',#6287,.F.);
#6287 = EDGE_LOOP('',(#6288,#6289,#6290,#6291));
#6288 = ORIENTED_EDGE('',*,*,#6211,.F.);
#6289 = ORIENTED_EDGE('',*,*,#6083,.T.);
#6290 = ORIENTED_EDGE('',*,*,#6266,.T.);
#6291 = ORIENTED_EDGE('',*,*,#6292,.F.);
#6292 = EDGE_CURVE('',#6212,#6267,#6293,.T.);
#6293 = LINE('',#6294,#6295);
#6294 = CARTESIAN_POINT('',(-0.715270145251,-0.490270145251,1.11));
#6295 = VECTOR('',#6296,1.);
#6296 = DIRECTION('',(0.,1.,0.));
#6297 = PLANE('',#6298);
#6298 = AXIS2_PLACEMENT_3D('',#6299,#6300,#6301);
#6299 = CARTESIAN_POINT('',(-0.715270145251,-0.490270145251,1.09));
#6300 = DIRECTION('',(1.,0.,0.));
#6301 = DIRECTION('',(0.,0.,1.));
#6302 = ADVANCED_FACE('',(#6303),#6309,.T.);
#6303 = FACE_BOUND('',#6304,.T.);
#6304 = EDGE_LOOP('',(#6305,#6306,#6307,#6308));
#6305 = ORIENTED_EDGE('',*,*,#6292,.F.);
#6306 = ORIENTED_EDGE('',*,*,#6219,.T.);
#6307 = ORIENTED_EDGE('',*,*,#6251,.T.);
#6308 = ORIENTED_EDGE('',*,*,#6274,.F.);
#6309 = PLANE('',#6310);
#6310 = AXIS2_PLACEMENT_3D('',#6311,#6312,#6313);
#6311 = CARTESIAN_POINT('',(-0.715270145251,-0.490270145251,1.11));
#6312 = DIRECTION('',(0.,0.,1.));
#6313 = DIRECTION('',(1.,0.,-0.));
#6314 = ( GEOMETRIC_REPRESENTATION_CONTEXT(3) 
GLOBAL_UNCERTAINTY_ASSIGNED_CONTEXT((#6318)) 
GLOBAL_UNIT_ASSIGNED_CONTEXT((#6315,#6316,#6317)) REPRESENTATION_CONTEXT
('Context #1','3D Context with UNIT and UNCERTAINTY') );
#6315 = ( LENGTH_UNIT() NAMED_UNIT(*) SI_UNIT(.MILLI.,.METRE.) );
#6316 = ( NAMED_UNIT(*) PLANE_ANGLE_UNIT() SI_UNIT($,.RADIAN.) );
#6317 = ( NAMED_UNIT(*) SI_UNIT($,.STERADIAN.) SOLID_ANGLE_UNIT() );
#6318 = UNCERTAINTY_MEASURE_WITH_UNIT(LENGTH_MEASURE(1.E-07),#6315,
  'distance_accuracy_value','confusion accuracy');
#6319 = CONTEXT_DEPENDENT_SHAPE_REPRESENTATION(#6320,#6322);
#6320 = ( REPRESENTATION_RELATIONSHIP('','',#4625,#4602) 
REPRESENTATION_RELATIONSHIP_WITH_TRANSFORMATION(#6321) 
SHAPE_REPRESENTATION_RELATIONSHIP() );
#6321 = ITEM_DEFINED_TRANSFORMATION('','',#11,#4603);
#6322 = PRODUCT_DEFINITION_SHAPE('Placement','Placement of an item',
  #6323);
#6323 = NEXT_ASSEMBLY_USAGE_OCCURRENCE('3','=>[0:1:1:5]','',#4597,#4620,
  $);
#6324 = PRODUCT_RELATED_PRODUCT_CATEGORY('part',$,(#4622));
#6325 = CONTEXT_DEPENDENT_SHAPE_REPRESENTATION(#6326,#6328);
#6326 = ( REPRESENTATION_RELATIONSHIP('','',#4602,#10) 
REPRESENTATION_RELATIONSHIP_WITH_TRANSFORMATION(#6327) 
SHAPE_REPRESENTATION_RELATIONSHIP() );
#6327 = ITEM_DEFINED_TRANSFORMATION('','',#11,#23);
#6328 = PRODUCT_DEFINITION_SHAPE('Placement','Placement of an item',
  #6329);
#6329 = NEXT_ASSEMBLY_USAGE_OCCURRENCE('5','D3','',#5,#4597,$);
#6330 = SHAPE_DEFINITION_REPRESENTATION(#6331,#6337);
#6331 = PRODUCT_DEFINITION_SHAPE('','',#6332);
#6332 = PRODUCT_DEFINITION('design','',#6333,#6336);
#6333 = PRODUCT_DEFINITION_FORMATION('','',#6334);
#6334 = PRODUCT('D_SOD-123F','D_SOD-123F','',(#6335));
#6335 = PRODUCT_CONTEXT('',#2,'mechanical');
#6336 = PRODUCT_DEFINITION_CONTEXT('part definition',#2,'design');
#6337 = SHAPE_REPRESENTATION('',(#11,#6338),#6342);
#6338 = AXIS2_PLACEMENT_3D('',#6339,#6340,#6341);
#6339 = CARTESIAN_POINT('',(0.,0.,0.));
#6340 = DIRECTION('',(0.,0.,1.));
#6341 = DIRECTION('',(1.,0.,-0.));
#6342 = ( GEOMETRIC_REPRESENTATION_CONTEXT(3) 
GLOBAL_UNCERTAINTY_ASSIGNED_CONTEXT((#6346)) 
GLOBAL_UNIT_ASSIGNED_CONTEXT((#6343,#6344,#6345)) REPRESENTATION_CONTEXT
('Context #1','3D Context with UNIT and UNCERTAINTY') );
#6343 = ( LENGTH_UNIT() NAMED_UNIT(*) SI_UNIT(.MILLI.,.METRE.) );
#6344 = ( NAMED_UNIT(*) PLANE_ANGLE_UNIT() SI_UNIT($,.RADIAN.) );
#6345 = ( NAMED_UNIT(*) SI_UNIT($,.STERADIAN.) SOLID_ANGLE_UNIT() );
#6346 = UNCERTAINTY_MEASURE_WITH_UNIT(LENGTH_MEASURE(5.E-06),#6343,
  'distance_accuracy_value','confusion accuracy');
#6347 = CONTEXT_DEPENDENT_SHAPE_REPRESENTATION(#6348,#6350);
#6348 = ( REPRESENTATION_RELATIONSHIP('','',#6337,#10) 
REPRESENTATION_RELATIONSHIP_WITH_TRANSFORMATION(#6349) 
SHAPE_REPRESENTATION_RELATIONSHIP() );
#6349 = ITEM_DEFINED_TRANSFORMATION('','',#11,#27);
#6350 = PRODUCT_DEFINITION_SHAPE('Placement','Placement of an item',
  #6351);
#6351 = NEXT_ASSEMBLY_USAGE_OCCURRENCE('7','D1','',#5,#6332,$);
#6352 = PRODUCT_RELATED_PRODUCT_CATEGORY('part',$,(#6334));
#6353 = SHAPE_DEFINITION_REPRESENTATION(#6354,#6360);
#6354 = PRODUCT_DEFINITION_SHAPE('','',#6355);
#6355 = PRODUCT_DEFINITION('design','',#6356,#6359);
#6356 = PRODUCT_DEFINITION_FORMATION('','',#6357);
#6357 = PRODUCT('D_SOD_123F','D_SOD_123F','',(#6358));
#6358 = PRODUCT_CONTEXT('',#2,'mechanical');
#6359 = PRODUCT_DEFINITION_CONTEXT('part definition',#2,'design');
#6360 = ADVANCED_BREP_SHAPE_REPRESENTATION('',(#11,#6361),#7073);
#6361 = MANIFOLD_SOLID_BREP('',#6362);
#6362 = CLOSED_SHELL('',(#6363,#6403,#6436,#6460,#6486,#6503,#6533,#6571
    ,#6594,#6643,#6666,#6689,#6747,#6770,#6786,#6812,#6843,#6869,#6888,
    #6919,#6943,#6967,#6984,#7008,#7032,#7049,#7061));
#6363 = ADVANCED_FACE('',(#6364),#6398,.T.);
#6364 = FACE_BOUND('',#6365,.T.);
#6365 = EDGE_LOOP('',(#6366,#6376,#6384,#6392));
#6366 = ORIENTED_EDGE('',*,*,#6367,.F.);
#6367 = EDGE_CURVE('',#6368,#6370,#6372,.T.);
#6368 = VERTEX_POINT('',#6369);
#6369 = CARTESIAN_POINT('',(1.75,-0.325,0.));
#6370 = VERTEX_POINT('',#6371);
#6371 = CARTESIAN_POINT('',(1.75,-0.325,0.2));
#6372 = LINE('',#6373,#6374);
#6373 = CARTESIAN_POINT('',(1.75,-0.325,0.));
#6374 = VECTOR('',#6375,1.);
#6375 = DIRECTION('',(0.,0.,1.));
#6376 = ORIENTED_EDGE('',*,*,#6377,.T.);
#6377 = EDGE_CURVE('',#6368,#6378,#6380,.T.);
#6378 = VERTEX_POINT('',#6379);
#6379 = CARTESIAN_POINT('',(1.75,0.325,0.));
#6380 = LINE('',#6381,#6382);
#6381 = CARTESIAN_POINT('',(1.75,-0.325,0.));
#6382 = VECTOR('',#6383,1.);
#6383 = DIRECTION('',(3.330669073875E-16,1.,0.));
#6384 = ORIENTED_EDGE('',*,*,#6385,.T.);
#6385 = EDGE_CURVE('',#6378,#6386,#6388,.T.);
#6386 = VERTEX_POINT('',#6387);
#6387 = CARTESIAN_POINT('',(1.75,0.325,0.2));
#6388 = LINE('',#6389,#6390);
#6389 = CARTESIAN_POINT('',(1.75,0.325,0.));
#6390 = VECTOR('',#6391,1.);
#6391 = DIRECTION('',(0.,0.,1.));
#6392 = ORIENTED_EDGE('',*,*,#6393,.F.);
#6393 = EDGE_CURVE('',#6370,#6386,#6394,.T.);
#6394 = LINE('',#6395,#6396);
#6395 = CARTESIAN_POINT('',(1.75,-0.325,0.2));
#6396 = VECTOR('',#6397,1.);
#6397 = DIRECTION('',(3.330669073875E-16,1.,0.));
#6398 = PLANE('',#6399);
#6399 = AXIS2_PLACEMENT_3D('',#6400,#6401,#6402);
#6400 = CARTESIAN_POINT('',(1.75,-0.325,0.));
#6401 = DIRECTION('',(1.,-3.330669073875E-16,0.));
#6402 = DIRECTION('',(0.,0.,1.));
#6403 = ADVANCED_FACE('',(#6404),#6431,.F.);
#6404 = FACE_BOUND('',#6405,.F.);
#6405 = EDGE_LOOP('',(#6406,#6414,#6424,#6430));
#6406 = ORIENTED_EDGE('',*,*,#6407,.F.);
#6407 = EDGE_CURVE('',#6408,#6368,#6410,.T.);
#6408 = VERTEX_POINT('',#6409);
#6409 = CARTESIAN_POINT('',(1.286014637611,-0.325,0.));
#6410 = LINE('',#6411,#6412);
#6411 = CARTESIAN_POINT('',(1.286014637611,-0.325,0.));
#6412 = VECTOR('',#6413,1.);
#6413 = DIRECTION('',(1.,-3.330669073875E-16,0.));
#6414 = ORIENTED_EDGE('',*,*,#6415,.T.);
#6415 = EDGE_CURVE('',#6408,#6416,#6418,.T.);
#6416 = VERTEX_POINT('',#6417);
#6417 = CARTESIAN_POINT('',(1.3,-0.325,0.2));
#6418 = B_SPLINE_CURVE_WITH_KNOTS('',4,(#6419,#6420,#6421,#6422,#6423),
  .UNSPECIFIED.,.F.,.F.,(5,5),(0.,1.),.PIECEWISE_BEZIER_KNOTS.);
#6419 = CARTESIAN_POINT('',(1.286014637611,-0.325,0.));
#6420 = CARTESIAN_POINT('',(1.289510976465,-0.325,4.999997507219E-02));
#6421 = CARTESIAN_POINT('',(1.293007316516,-0.325,9.999996725694E-02));
#6422 = CARTESIAN_POINT('',(1.29650365771,-0.325,0.149999975794));
#6423 = CARTESIAN_POINT('',(1.3,-0.325,0.2));
#6424 = ORIENTED_EDGE('',*,*,#6425,.T.);
#6425 = EDGE_CURVE('',#6416,#6370,#6426,.T.);
#6426 = LINE('',#6427,#6428);
#6427 = CARTESIAN_POINT('',(1.286014637611,-0.325,0.2));
#6428 = VECTOR('',#6429,1.);
#6429 = DIRECTION('',(1.,-3.330669073875E-16,0.));
#6430 = ORIENTED_EDGE('',*,*,#6367,.F.);
#6431 = PLANE('',#6432);
#6432 = AXIS2_PLACEMENT_3D('',#6433,#6434,#6435);
#6433 = CARTESIAN_POINT('',(1.286014637611,-0.325,0.));
#6434 = DIRECTION('',(3.330669073875E-16,1.,0.));
#6435 = DIRECTION('',(0.,-0.,1.));
#6436 = ADVANCED_FACE('',(#6437),#6455,.T.);
#6437 = FACE_BOUND('',#6438,.T.);
#6438 = EDGE_LOOP('',(#6439,#6447,#6448,#6449));
#6439 = ORIENTED_EDGE('',*,*,#6440,.F.);
#6440 = EDGE_CURVE('',#6416,#6441,#6443,.T.);
#6441 = VERTEX_POINT('',#6442);
#6442 = CARTESIAN_POINT('',(1.3,0.325,0.2));
#6443 = LINE('',#6444,#6445);
#6444 = CARTESIAN_POINT('',(1.3,-0.8,0.2));
#6445 = VECTOR('',#6446,1.);
#6446 = DIRECTION('',(0.,1.,0.));
#6447 = ORIENTED_EDGE('',*,*,#6425,.T.);
#6448 = ORIENTED_EDGE('',*,*,#6393,.T.);
#6449 = ORIENTED_EDGE('',*,*,#6450,.F.);
#6450 = EDGE_CURVE('',#6441,#6386,#6451,.T.);
#6451 = LINE('',#6452,#6453);
#6452 = CARTESIAN_POINT('',(1.286014637611,0.325,0.2));
#6453 = VECTOR('',#6454,1.);
#6454 = DIRECTION('',(1.,-3.330669073875E-16,0.));
#6455 = PLANE('',#6456);
#6456 = AXIS2_PLACEMENT_3D('',#6457,#6458,#6459);
#6457 = CARTESIAN_POINT('',(1.286014637611,-0.325,0.2));
#6458 = DIRECTION('',(0.,0.,1.));
#6459 = DIRECTION('',(1.,-3.330669073875E-16,0.));
#6460 = ADVANCED_FACE('',(#6461),#6481,.T.);
#6461 = FACE_BOUND('',#6462,.T.);
#6462 = EDGE_LOOP('',(#6463,#6471,#6479,#6480));
#6463 = ORIENTED_EDGE('',*,*,#6464,.F.);
#6464 = EDGE_CURVE('',#6465,#6378,#6467,.T.);
#6465 = VERTEX_POINT('',#6466);
#6466 = CARTESIAN_POINT('',(1.286014637611,0.325,0.));
#6467 = LINE('',#6468,#6469);
#6468 = CARTESIAN_POINT('',(1.286014637611,0.325,0.));
#6469 = VECTOR('',#6470,1.);
#6470 = DIRECTION('',(1.,-3.330669073875E-16,0.));
#6471 = ORIENTED_EDGE('',*,*,#6472,.T.);
#6472 = EDGE_CURVE('',#6465,#6441,#6473,.T.);
#6473 = B_SPLINE_CURVE_WITH_KNOTS('',4,(#6474,#6475,#6476,#6477,#6478),
  .UNSPECIFIED.,.F.,.F.,(5,5),(0.,1.),.PIECEWISE_BEZIER_KNOTS.);
#6474 = CARTESIAN_POINT('',(1.286014637611,0.325,0.));
#6475 = CARTESIAN_POINT('',(1.289510976465,0.325,4.999997507219E-02));
#6476 = CARTESIAN_POINT('',(1.293007316516,0.325,9.999996725694E-02));
#6477 = CARTESIAN_POINT('',(1.29650365771,0.325,0.149999975794));
#6478 = CARTESIAN_POINT('',(1.3,0.325,0.2));
#6479 = ORIENTED_EDGE('',*,*,#6450,.T.);
#6480 = ORIENTED_EDGE('',*,*,#6385,.F.);
#6481 = PLANE('',#6482);
#6482 = AXIS2_PLACEMENT_3D('',#6483,#6484,#6485);
#6483 = CARTESIAN_POINT('',(1.286014637611,0.325,0.));
#6484 = DIRECTION('',(3.330669073875E-16,1.,0.));
#6485 = DIRECTION('',(0.,-0.,1.));
#6486 = ADVANCED_FACE('',(#6487),#6498,.F.);
#6487 = FACE_BOUND('',#6488,.F.);
#6488 = EDGE_LOOP('',(#6489,#6495,#6496,#6497));
#6489 = ORIENTED_EDGE('',*,*,#6490,.F.);
#6490 = EDGE_CURVE('',#6408,#6465,#6491,.T.);
#6491 = LINE('',#6492,#6493);
#6492 = CARTESIAN_POINT('',(1.286014637611,-0.325,0.));
#6493 = VECTOR('',#6494,1.);
#6494 = DIRECTION('',(3.330669073875E-16,1.,0.));
#6495 = ORIENTED_EDGE('',*,*,#6407,.T.);
#6496 = ORIENTED_EDGE('',*,*,#6377,.T.);
#6497 = ORIENTED_EDGE('',*,*,#6464,.F.);
#6498 = PLANE('',#6499);
#6499 = AXIS2_PLACEMENT_3D('',#6500,#6501,#6502);
#6500 = CARTESIAN_POINT('',(1.286014637611,-0.325,0.));
#6501 = DIRECTION('',(0.,0.,1.));
#6502 = DIRECTION('',(1.,-3.330669073875E-16,0.));
#6503 = ADVANCED_FACE('',(#6504),#6528,.T.);
#6504 = FACE_BOUND('',#6505,.T.);
#6505 = EDGE_LOOP('',(#6506,#6515,#6521,#6522));
#6506 = ORIENTED_EDGE('',*,*,#6507,.F.);
#6507 = EDGE_CURVE('',#6508,#6510,#6512,.T.);
#6508 = VERTEX_POINT('',#6509);
#6509 = CARTESIAN_POINT('',(1.286014637611,-0.786014637611,0.));
#6510 = VERTEX_POINT('',#6511);
#6511 = CARTESIAN_POINT('',(1.3,-0.8,0.2));
#6512 = B_SPLINE_CURVE_WITH_KNOTS('',1,(#6513,#6514),.UNSPECIFIED.,.F.,
  .F.,(2,2),(0.,1.),.PIECEWISE_BEZIER_KNOTS.);
#6513 = CARTESIAN_POINT('',(1.286014637611,-0.786014637611,0.));
#6514 = CARTESIAN_POINT('',(1.3,-0.8,0.2));
#6515 = ORIENTED_EDGE('',*,*,#6516,.T.);
#6516 = EDGE_CURVE('',#6508,#6408,#6517,.T.);
#6517 = LINE('',#6518,#6519);
#6518 = CARTESIAN_POINT('',(1.286014637611,-0.786014637611,0.));
#6519 = VECTOR('',#6520,1.);
#6520 = DIRECTION('',(0.,1.,0.));
#6521 = ORIENTED_EDGE('',*,*,#6415,.T.);
#6522 = ORIENTED_EDGE('',*,*,#6523,.F.);
#6523 = EDGE_CURVE('',#6510,#6416,#6524,.T.);
#6524 = LINE('',#6525,#6526);
#6525 = CARTESIAN_POINT('',(1.3,-0.8,0.2));
#6526 = VECTOR('',#6527,1.);
#6527 = DIRECTION('',(0.,1.,0.));
#6528 = B_SPLINE_SURFACE_WITH_KNOTS('',1,1,(
    (#6529,#6530)
    ,(#6531,#6532
    )),.UNSPECIFIED.,.F.,.F.,.F.,(2,2),(2,2),(0.,1.6),(0.,1.),
  .PIECEWISE_BEZIER_KNOTS.);
#6529 = CARTESIAN_POINT('',(1.286014637611,-0.786014637611,0.));
#6530 = CARTESIAN_POINT('',(1.3,-0.8,0.2));
#6531 = CARTESIAN_POINT('',(1.286014637611,0.786014637611,0.));
#6532 = CARTESIAN_POINT('',(1.3,0.8,0.2));
#6533 = ADVANCED_FACE('',(#6534),#6566,.T.);
#6534 = FACE_BOUND('',#6535,.T.);
#6535 = EDGE_LOOP('',(#6536,#6537,#6538,#6546,#6553,#6561));
#6536 = ORIENTED_EDGE('',*,*,#6523,.T.);
#6537 = ORIENTED_EDGE('',*,*,#6440,.T.);
#6538 = ORIENTED_EDGE('',*,*,#6539,.T.);
#6539 = EDGE_CURVE('',#6441,#6540,#6542,.T.);
#6540 = VERTEX_POINT('',#6541);
#6541 = CARTESIAN_POINT('',(1.3,0.8,0.2));
#6542 = LINE('',#6543,#6544);
#6543 = CARTESIAN_POINT('',(1.3,-0.8,0.2));
#6544 = VECTOR('',#6545,1.);
#6545 = DIRECTION('',(0.,1.,0.));
#6546 = ORIENTED_EDGE('',*,*,#6547,.T.);
#6547 = EDGE_CURVE('',#6540,#6548,#6550,.T.);
#6548 = VERTEX_POINT('',#6549);
#6549 = CARTESIAN_POINT('',(1.237065869251,0.737065869251,1.1));
#6550 = B_SPLINE_CURVE_WITH_KNOTS('',1,(#6551,#6552),.UNSPECIFIED.,.F.,
  .F.,(2,2),(0.,1.),.PIECEWISE_BEZIER_KNOTS.);
#6551 = CARTESIAN_POINT('',(1.3,0.8,0.2));
#6552 = CARTESIAN_POINT('',(1.237065869251,0.737065869251,1.1));
#6553 = ORIENTED_EDGE('',*,*,#6554,.F.);
#6554 = EDGE_CURVE('',#6555,#6548,#6557,.T.);
#6555 = VERTEX_POINT('',#6556);
#6556 = CARTESIAN_POINT('',(1.237065869251,-0.737065869251,1.1));
#6557 = LINE('',#6558,#6559);
#6558 = CARTESIAN_POINT('',(1.237065869251,-0.737065869251,1.1));
#6559 = VECTOR('',#6560,1.);
#6560 = DIRECTION('',(0.,1.,0.));
#6561 = ORIENTED_EDGE('',*,*,#6562,.F.);
#6562 = EDGE_CURVE('',#6510,#6555,#6563,.T.);
#6563 = B_SPLINE_CURVE_WITH_KNOTS('',1,(#6564,#6565),.UNSPECIFIED.,.F.,
  .F.,(2,2),(0.,1.),.PIECEWISE_BEZIER_KNOTS.);
#6564 = CARTESIAN_POINT('',(1.3,-0.8,0.2));
#6565 = CARTESIAN_POINT('',(1.237065869251,-0.737065869251,1.1));
#6566 = B_SPLINE_SURFACE_WITH_KNOTS('',1,1,(
    (#6567,#6568)
    ,(#6569,#6570
    )),.UNSPECIFIED.,.F.,.F.,.F.,(2,2),(2,2),(0.,1.6),(0.,1.),
  .PIECEWISE_BEZIER_KNOTS.);
#6567 = CARTESIAN_POINT('',(1.3,-0.8,0.2));
#6568 = CARTESIAN_POINT('',(1.237065869251,-0.737065869251,1.1));
#6569 = CARTESIAN_POINT('',(1.3,0.8,0.2));
#6570 = CARTESIAN_POINT('',(1.237065869251,0.737065869251,1.1));
#6571 = ADVANCED_FACE('',(#6572),#6589,.T.);
#6572 = FACE_BOUND('',#6573,.T.);
#6573 = EDGE_LOOP('',(#6574,#6575,#6583,#6588));
#6574 = ORIENTED_EDGE('',*,*,#6472,.F.);
#6575 = ORIENTED_EDGE('',*,*,#6576,.T.);
#6576 = EDGE_CURVE('',#6465,#6577,#6579,.T.);
#6577 = VERTEX_POINT('',#6578);
#6578 = CARTESIAN_POINT('',(1.286014637611,0.786014637611,0.));
#6579 = LINE('',#6580,#6581);
#6580 = CARTESIAN_POINT('',(1.286014637611,-0.786014637611,0.));
#6581 = VECTOR('',#6582,1.);
#6582 = DIRECTION('',(0.,1.,0.));
#6583 = ORIENTED_EDGE('',*,*,#6584,.T.);
#6584 = EDGE_CURVE('',#6577,#6540,#6585,.T.);
#6585 = B_SPLINE_CURVE_WITH_KNOTS('',1,(#6586,#6587),.UNSPECIFIED.,.F.,
  .F.,(2,2),(0.,1.),.PIECEWISE_BEZIER_KNOTS.);
#6586 = CARTESIAN_POINT('',(1.286014637611,0.786014637611,0.));
#6587 = CARTESIAN_POINT('',(1.3,0.8,0.2));
#6588 = ORIENTED_EDGE('',*,*,#6539,.F.);
#6589 = B_SPLINE_SURFACE_WITH_KNOTS('',1,1,(
    (#6590,#6591)
    ,(#6592,#6593
    )),.UNSPECIFIED.,.F.,.F.,.F.,(2,2),(2,2),(0.,1.6),(0.,1.),
  .PIECEWISE_BEZIER_KNOTS.);
#6590 = CARTESIAN_POINT('',(1.286014637611,-0.786014637611,0.));
#6591 = CARTESIAN_POINT('',(1.3,-0.8,0.2));
#6592 = CARTESIAN_POINT('',(1.286014637611,0.786014637611,0.));
#6593 = CARTESIAN_POINT('',(1.3,0.8,0.2));
#6594 = ADVANCED_FACE('',(#6595),#6638,.T.);
#6595 = FACE_BOUND('',#6596,.T.);
#6596 = EDGE_LOOP('',(#6597,#6605,#6613,#6621,#6629,#6635,#6636,#6637));
#6597 = ORIENTED_EDGE('',*,*,#6598,.F.);
#6598 = EDGE_CURVE('',#6599,#6508,#6601,.T.);
#6599 = VERTEX_POINT('',#6600);
#6600 = CARTESIAN_POINT('',(-1.286014637611,-0.786014637611,0.));
#6601 = LINE('',#6602,#6603);
#6602 = CARTESIAN_POINT('',(-1.286014637611,-0.786014637611,0.));
#6603 = VECTOR('',#6604,1.);
#6604 = DIRECTION('',(1.,0.,0.));
#6605 = ORIENTED_EDGE('',*,*,#6606,.F.);
#6606 = EDGE_CURVE('',#6607,#6599,#6609,.T.);
#6607 = VERTEX_POINT('',#6608);
#6608 = CARTESIAN_POINT('',(-1.286014637611,-0.325,0.));
#6609 = LINE('',#6610,#6611);
#6610 = CARTESIAN_POINT('',(-1.286014637611,0.786014637611,0.));
#6611 = VECTOR('',#6612,1.);
#6612 = DIRECTION('',(0.,-1.,0.));
#6613 = ORIENTED_EDGE('',*,*,#6614,.F.);
#6614 = EDGE_CURVE('',#6615,#6607,#6617,.T.);
#6615 = VERTEX_POINT('',#6616);
#6616 = CARTESIAN_POINT('',(-1.286014637611,0.325,0.));
#6617 = LINE('',#6618,#6619);
#6618 = CARTESIAN_POINT('',(-1.286014637611,0.325,0.));
#6619 = VECTOR('',#6620,1.);
#6620 = DIRECTION('',(-2.22044604925E-16,-1.,0.));
#6621 = ORIENTED_EDGE('',*,*,#6622,.F.);
#6622 = EDGE_CURVE('',#6623,#6615,#6625,.T.);
#6623 = VERTEX_POINT('',#6624);
#6624 = CARTESIAN_POINT('',(-1.286014637611,0.786014637611,0.));
#6625 = LINE('',#6626,#6627);
#6626 = CARTESIAN_POINT('',(-1.286014637611,0.786014637611,0.));
#6627 = VECTOR('',#6628,1.);
#6628 = DIRECTION('',(0.,-1.,0.));
#6629 = ORIENTED_EDGE('',*,*,#6630,.F.);
#6630 = EDGE_CURVE('',#6577,#6623,#6631,.T.);
#6631 = LINE('',#6632,#6633);
#6632 = CARTESIAN_POINT('',(1.286014637611,0.786014637611,0.));
#6633 = VECTOR('',#6634,1.);
#6634 = DIRECTION('',(-1.,0.,0.));
#6635 = ORIENTED_EDGE('',*,*,#6576,.F.);
#6636 = ORIENTED_EDGE('',*,*,#6490,.F.);
#6637 = ORIENTED_EDGE('',*,*,#6516,.F.);
#6638 = PLANE('',#6639);
#6639 = AXIS2_PLACEMENT_3D('',#6640,#6641,#6642);
#6640 = CARTESIAN_POINT('',(-1.286014637611,-0.786014637611,0.));
#6641 = DIRECTION('',(0.,0.,-1.));
#6642 = DIRECTION('',(0.85324734997,0.521506433104,0.));
#6643 = ADVANCED_FACE('',(#6644),#6661,.T.);
#6644 = FACE_BOUND('',#6645,.T.);
#6645 = EDGE_LOOP('',(#6646,#6647,#6648,#6656));
#6646 = ORIENTED_EDGE('',*,*,#6598,.T.);
#6647 = ORIENTED_EDGE('',*,*,#6507,.T.);
#6648 = ORIENTED_EDGE('',*,*,#6649,.F.);
#6649 = EDGE_CURVE('',#6650,#6510,#6652,.T.);
#6650 = VERTEX_POINT('',#6651);
#6651 = CARTESIAN_POINT('',(-1.3,-0.8,0.2));
#6652 = LINE('',#6653,#6654);
#6653 = CARTESIAN_POINT('',(-1.3,-0.8,0.2));
#6654 = VECTOR('',#6655,1.);
#6655 = DIRECTION('',(1.,0.,0.));
#6656 = ORIENTED_EDGE('',*,*,#6657,.F.);
#6657 = EDGE_CURVE('',#6599,#6650,#6658,.T.);
#6658 = B_SPLINE_CURVE_WITH_KNOTS('',1,(#6659,#6660),.UNSPECIFIED.,.F.,
  .F.,(2,2),(0.,1.),.PIECEWISE_BEZIER_KNOTS.);
#6659 = CARTESIAN_POINT('',(-1.286014637611,-0.786014637611,0.));
#6660 = CARTESIAN_POINT('',(-1.3,-0.8,0.2));
#6661 = B_SPLINE_SURFACE_WITH_KNOTS('',1,1,(
    (#6662,#6663)
    ,(#6664,#6665
    )),.UNSPECIFIED.,.F.,.F.,.F.,(2,2),(2,2),(0.,2.6),(0.,1.),
  .PIECEWISE_BEZIER_KNOTS.);
#6662 = CARTESIAN_POINT('',(-1.286014637611,-0.786014637611,0.));
#6663 = CARTESIAN_POINT('',(-1.3,-0.8,0.2));
#6664 = CARTESIAN_POINT('',(1.286014637611,-0.786014637611,0.));
#6665 = CARTESIAN_POINT('',(1.3,-0.8,0.2));
#6666 = ADVANCED_FACE('',(#6667),#6684,.T.);
#6667 = FACE_BOUND('',#6668,.T.);
#6668 = EDGE_LOOP('',(#6669,#6670,#6671,#6679));
#6669 = ORIENTED_EDGE('',*,*,#6649,.T.);
#6670 = ORIENTED_EDGE('',*,*,#6562,.T.);
#6671 = ORIENTED_EDGE('',*,*,#6672,.F.);
#6672 = EDGE_CURVE('',#6673,#6555,#6675,.T.);
#6673 = VERTEX_POINT('',#6674);
#6674 = CARTESIAN_POINT('',(-1.237065869251,-0.737065869251,1.1));
#6675 = LINE('',#6676,#6677);
#6676 = CARTESIAN_POINT('',(-1.237065869251,-0.737065869251,1.1));
#6677 = VECTOR('',#6678,1.);
#6678 = DIRECTION('',(1.,0.,0.));
#6679 = ORIENTED_EDGE('',*,*,#6680,.F.);
#6680 = EDGE_CURVE('',#6650,#6673,#6681,.T.);
#6681 = B_SPLINE_CURVE_WITH_KNOTS('',1,(#6682,#6683),.UNSPECIFIED.,.F.,
  .F.,(2,2),(0.,1.),.PIECEWISE_BEZIER_KNOTS.);
#6682 = CARTESIAN_POINT('',(-1.3,-0.8,0.2));
#6683 = CARTESIAN_POINT('',(-1.237065869251,-0.737065869251,1.1));
#6684 = B_SPLINE_SURFACE_WITH_KNOTS('',1,1,(
    (#6685,#6686)
    ,(#6687,#6688
    )),.UNSPECIFIED.,.F.,.F.,.F.,(2,2),(2,2),(0.,2.6),(0.,1.),
  .PIECEWISE_BEZIER_KNOTS.);
#6685 = CARTESIAN_POINT('',(-1.3,-0.8,0.2));
#6686 = CARTESIAN_POINT('',(-1.237065869251,-0.737065869251,1.1));
#6687 = CARTESIAN_POINT('',(1.3,-0.8,0.2));
#6688 = CARTESIAN_POINT('',(1.237065869251,-0.737065869251,1.1));
#6689 = ADVANCED_FACE('',(#6690,#6708),#6742,.F.);
#6690 = FACE_BOUND('',#6691,.F.);
#6691 = EDGE_LOOP('',(#6692,#6693,#6701,#6707));
#6692 = ORIENTED_EDGE('',*,*,#6672,.F.);
#6693 = ORIENTED_EDGE('',*,*,#6694,.F.);
#6694 = EDGE_CURVE('',#6695,#6673,#6697,.T.);
#6695 = VERTEX_POINT('',#6696);
#6696 = CARTESIAN_POINT('',(-1.237065869251,0.737065869251,1.1));
#6697 = LINE('',#6698,#6699);
#6698 = CARTESIAN_POINT('',(-1.237065869251,0.737065869251,1.1));
#6699 = VECTOR('',#6700,1.);
#6700 = DIRECTION('',(0.,-1.,0.));
#6701 = ORIENTED_EDGE('',*,*,#6702,.F.);
#6702 = EDGE_CURVE('',#6548,#6695,#6703,.T.);
#6703 = LINE('',#6704,#6705);
#6704 = CARTESIAN_POINT('',(1.237065869251,0.737065869251,1.1));
#6705 = VECTOR('',#6706,1.);
#6706 = DIRECTION('',(-1.,0.,0.));
#6707 = ORIENTED_EDGE('',*,*,#6554,.F.);
#6708 = FACE_BOUND('',#6709,.F.);
#6709 = EDGE_LOOP('',(#6710,#6720,#6728,#6736));
#6710 = ORIENTED_EDGE('',*,*,#6711,.F.);
#6711 = EDGE_CURVE('',#6712,#6714,#6716,.T.);
#6712 = VERTEX_POINT('',#6713);
#6713 = CARTESIAN_POINT('',(-0.787065869251,0.687065869251,1.1));
#6714 = VERTEX_POINT('',#6715);
#6715 = CARTESIAN_POINT('',(-0.787065869251,-0.687065869251,1.1));
#6716 = LINE('',#6717,#6718);
#6717 = CARTESIAN_POINT('',(-0.787065869251,-0.712065869251,1.1));
#6718 = VECTOR('',#6719,1.);
#6719 = DIRECTION('',(0.,-1.,0.));
#6720 = ORIENTED_EDGE('',*,*,#6721,.F.);
#6721 = EDGE_CURVE('',#6722,#6712,#6724,.T.);
#6722 = VERTEX_POINT('',#6723);
#6723 = CARTESIAN_POINT('',(-1.187065869251,0.687065869251,1.1));
#6724 = LINE('',#6725,#6726);
#6725 = CARTESIAN_POINT('',(-1.212065869251,0.687065869251,1.1));
#6726 = VECTOR('',#6727,1.);
#6727 = DIRECTION('',(1.,0.,0.));
#6728 = ORIENTED_EDGE('',*,*,#6729,.T.);
#6729 = EDGE_CURVE('',#6722,#6730,#6732,.T.);
#6730 = VERTEX_POINT('',#6731);
#6731 = CARTESIAN_POINT('',(-1.187065869251,-0.687065869251,1.1));
#6732 = LINE('',#6733,#6734);
#6733 = CARTESIAN_POINT('',(-1.187065869251,-0.712065869251,1.1));
#6734 = VECTOR('',#6735,1.);
#6735 = DIRECTION('',(0.,-1.,0.));
#6736 = ORIENTED_EDGE('',*,*,#6737,.T.);
#6737 = EDGE_CURVE('',#6730,#6714,#6738,.T.);
#6738 = LINE('',#6739,#6740);
#6739 = CARTESIAN_POINT('',(-1.212065869251,-0.687065869251,1.1));
#6740 = VECTOR('',#6741,1.);
#6741 = DIRECTION('',(1.,0.,0.));
#6742 = PLANE('',#6743);
#6743 = AXIS2_PLACEMENT_3D('',#6744,#6745,#6746);
#6744 = CARTESIAN_POINT('',(-1.237065869251,-0.737065869251,1.1));
#6745 = DIRECTION('',(0.,0.,-1.));
#6746 = DIRECTION('',(0.859073922076,0.511851537468,0.));
#6747 = ADVANCED_FACE('',(#6748),#6765,.T.);
#6748 = FACE_BOUND('',#6749,.T.);
#6749 = EDGE_LOOP('',(#6750,#6758,#6763,#6764));
#6750 = ORIENTED_EDGE('',*,*,#6751,.T.);
#6751 = EDGE_CURVE('',#6540,#6752,#6754,.T.);
#6752 = VERTEX_POINT('',#6753);
#6753 = CARTESIAN_POINT('',(-1.3,0.8,0.2));
#6754 = LINE('',#6755,#6756);
#6755 = CARTESIAN_POINT('',(1.3,0.8,0.2));
#6756 = VECTOR('',#6757,1.);
#6757 = DIRECTION('',(-1.,0.,0.));
#6758 = ORIENTED_EDGE('',*,*,#6759,.T.);
#6759 = EDGE_CURVE('',#6752,#6695,#6760,.T.);
#6760 = B_SPLINE_CURVE_WITH_KNOTS('',1,(#6761,#6762),.UNSPECIFIED.,.F.,
  .F.,(2,2),(0.,1.),.PIECEWISE_BEZIER_KNOTS.);
#6761 = CARTESIAN_POINT('',(-1.3,0.8,0.2));
#6762 = CARTESIAN_POINT('',(-1.237065869251,0.737065869251,1.1));
#6763 = ORIENTED_EDGE('',*,*,#6702,.F.);
#6764 = ORIENTED_EDGE('',*,*,#6547,.F.);
#6765 = B_SPLINE_SURFACE_WITH_KNOTS('',1,1,(
    (#6766,#6767)
    ,(#6768,#6769
    )),.UNSPECIFIED.,.F.,.F.,.F.,(2,2),(2,2),(0.,2.6),(0.,1.),
  .PIECEWISE_BEZIER_KNOTS.);
#6766 = CARTESIAN_POINT('',(1.3,0.8,0.2));
#6767 = CARTESIAN_POINT('',(1.237065869251,0.737065869251,1.1));
#6768 = CARTESIAN_POINT('',(-1.3,0.8,0.2));
#6769 = CARTESIAN_POINT('',(-1.237065869251,0.737065869251,1.1));
#6770 = ADVANCED_FACE('',(#6771),#6781,.T.);
#6771 = FACE_BOUND('',#6772,.T.);
#6772 = EDGE_LOOP('',(#6773,#6774,#6779,#6780));
#6773 = ORIENTED_EDGE('',*,*,#6630,.T.);
#6774 = ORIENTED_EDGE('',*,*,#6775,.T.);
#6775 = EDGE_CURVE('',#6623,#6752,#6776,.T.);
#6776 = B_SPLINE_CURVE_WITH_KNOTS('',1,(#6777,#6778),.UNSPECIFIED.,.F.,
  .F.,(2,2),(0.,1.),.PIECEWISE_BEZIER_KNOTS.);
#6777 = CARTESIAN_POINT('',(-1.286014637611,0.786014637611,0.));
#6778 = CARTESIAN_POINT('',(-1.3,0.8,0.2));
#6779 = ORIENTED_EDGE('',*,*,#6751,.F.);
#6780 = ORIENTED_EDGE('',*,*,#6584,.F.);
#6781 = B_SPLINE_SURFACE_WITH_KNOTS('',1,1,(
    (#6782,#6783)
    ,(#6784,#6785
    )),.UNSPECIFIED.,.F.,.F.,.F.,(2,2),(2,2),(0.,2.6),(0.,1.),
  .PIECEWISE_BEZIER_KNOTS.);
#6782 = CARTESIAN_POINT('',(1.286014637611,0.786014637611,0.));
#6783 = CARTESIAN_POINT('',(1.3,0.8,0.2));
#6784 = CARTESIAN_POINT('',(-1.286014637611,0.786014637611,0.));
#6785 = CARTESIAN_POINT('',(-1.3,0.8,0.2));
#6786 = ADVANCED_FACE('',(#6787),#6807,.T.);
#6787 = FACE_BOUND('',#6788,.T.);
#6788 = EDGE_LOOP('',(#6789,#6799,#6800,#6801));
#6789 = ORIENTED_EDGE('',*,*,#6790,.F.);
#6790 = EDGE_CURVE('',#6607,#6791,#6793,.T.);
#6791 = VERTEX_POINT('',#6792);
#6792 = CARTESIAN_POINT('',(-1.3,-0.325,0.2));
#6793 = B_SPLINE_CURVE_WITH_KNOTS('',4,(#6794,#6795,#6796,#6797,#6798),
  .UNSPECIFIED.,.F.,.F.,(5,5),(0.,1.),.PIECEWISE_BEZIER_KNOTS.);
#6794 = CARTESIAN_POINT('',(-1.286014637611,-0.325,0.));
#6795 = CARTESIAN_POINT('',(-1.289510976465,-0.325,4.999997507219E-02));
#6796 = CARTESIAN_POINT('',(-1.293007316516,-0.325,9.999996725694E-02));
#6797 = CARTESIAN_POINT('',(-1.29650365771,-0.325,0.149999975794));
#6798 = CARTESIAN_POINT('',(-1.3,-0.325,0.2));
#6799 = ORIENTED_EDGE('',*,*,#6606,.T.);
#6800 = ORIENTED_EDGE('',*,*,#6657,.T.);
#6801 = ORIENTED_EDGE('',*,*,#6802,.F.);
#6802 = EDGE_CURVE('',#6791,#6650,#6803,.T.);
#6803 = LINE('',#6804,#6805);
#6804 = CARTESIAN_POINT('',(-1.3,0.8,0.2));
#6805 = VECTOR('',#6806,1.);
#6806 = DIRECTION('',(0.,-1.,0.));
#6807 = B_SPLINE_SURFACE_WITH_KNOTS('',1,1,(
    (#6808,#6809)
    ,(#6810,#6811
    )),.UNSPECIFIED.,.F.,.F.,.F.,(2,2),(2,2),(0.,1.6),(0.,1.),
  .PIECEWISE_BEZIER_KNOTS.);
#6808 = CARTESIAN_POINT('',(-1.286014637611,0.786014637611,0.));
#6809 = CARTESIAN_POINT('',(-1.3,0.8,0.2));
#6810 = CARTESIAN_POINT('',(-1.286014637611,-0.786014637611,0.));
#6811 = CARTESIAN_POINT('',(-1.3,-0.8,0.2));
#6812 = ADVANCED_FACE('',(#6813),#6838,.F.);
#6813 = FACE_BOUND('',#6814,.F.);
#6814 = EDGE_LOOP('',(#6815,#6816,#6824,#6832));
#6815 = ORIENTED_EDGE('',*,*,#6614,.F.);
#6816 = ORIENTED_EDGE('',*,*,#6817,.T.);
#6817 = EDGE_CURVE('',#6615,#6818,#6820,.T.);
#6818 = VERTEX_POINT('',#6819);
#6819 = CARTESIAN_POINT('',(-1.75,0.325,0.));
#6820 = LINE('',#6821,#6822);
#6821 = CARTESIAN_POINT('',(-1.286014637611,0.325,0.));
#6822 = VECTOR('',#6823,1.);
#6823 = DIRECTION('',(-1.,2.22044604925E-16,0.));
#6824 = ORIENTED_EDGE('',*,*,#6825,.T.);
#6825 = EDGE_CURVE('',#6818,#6826,#6828,.T.);
#6826 = VERTEX_POINT('',#6827);
#6827 = CARTESIAN_POINT('',(-1.75,-0.325,0.));
#6828 = LINE('',#6829,#6830);
#6829 = CARTESIAN_POINT('',(-1.75,0.325,0.));
#6830 = VECTOR('',#6831,1.);
#6831 = DIRECTION('',(-2.22044604925E-16,-1.,0.));
#6832 = ORIENTED_EDGE('',*,*,#6833,.F.);
#6833 = EDGE_CURVE('',#6607,#6826,#6834,.T.);
#6834 = LINE('',#6835,#6836);
#6835 = CARTESIAN_POINT('',(-1.286014637611,-0.325,0.));
#6836 = VECTOR('',#6837,1.);
#6837 = DIRECTION('',(-1.,2.22044604925E-16,0.));
#6838 = PLANE('',#6839);
#6839 = AXIS2_PLACEMENT_3D('',#6840,#6841,#6842);
#6840 = CARTESIAN_POINT('',(-1.286014637611,0.325,0.));
#6841 = DIRECTION('',(0.,0.,1.));
#6842 = DIRECTION('',(-1.,2.22044604925E-16,0.));
#6843 = ADVANCED_FACE('',(#6844),#6864,.T.);
#6844 = FACE_BOUND('',#6845,.T.);
#6845 = EDGE_LOOP('',(#6846,#6847,#6848,#6858));
#6846 = ORIENTED_EDGE('',*,*,#6775,.F.);
#6847 = ORIENTED_EDGE('',*,*,#6622,.T.);
#6848 = ORIENTED_EDGE('',*,*,#6849,.T.);
#6849 = EDGE_CURVE('',#6615,#6850,#6852,.T.);
#6850 = VERTEX_POINT('',#6851);
#6851 = CARTESIAN_POINT('',(-1.3,0.325,0.2));
#6852 = B_SPLINE_CURVE_WITH_KNOTS('',4,(#6853,#6854,#6855,#6856,#6857),
  .UNSPECIFIED.,.F.,.F.,(5,5),(0.,1.),.PIECEWISE_BEZIER_KNOTS.);
#6853 = CARTESIAN_POINT('',(-1.286014637611,0.325,0.));
#6854 = CARTESIAN_POINT('',(-1.289510976465,0.325,4.999997507219E-02));
#6855 = CARTESIAN_POINT('',(-1.293007316516,0.325,9.999996725694E-02));
#6856 = CARTESIAN_POINT('',(-1.29650365771,0.325,0.149999975794));
#6857 = CARTESIAN_POINT('',(-1.3,0.325,0.2));
#6858 = ORIENTED_EDGE('',*,*,#6859,.F.);
#6859 = EDGE_CURVE('',#6752,#6850,#6860,.T.);
#6860 = LINE('',#6861,#6862);
#6861 = CARTESIAN_POINT('',(-1.3,0.8,0.2));
#6862 = VECTOR('',#6863,1.);
#6863 = DIRECTION('',(0.,-1.,0.));
#6864 = B_SPLINE_SURFACE_WITH_KNOTS('',1,1,(
    (#6865,#6866)
    ,(#6867,#6868
    )),.UNSPECIFIED.,.F.,.F.,.F.,(2,2),(2,2),(0.,1.6),(0.,1.),
  .PIECEWISE_BEZIER_KNOTS.);
#6865 = CARTESIAN_POINT('',(-1.286014637611,0.786014637611,0.));
#6866 = CARTESIAN_POINT('',(-1.3,0.8,0.2));
#6867 = CARTESIAN_POINT('',(-1.286014637611,-0.786014637611,0.));
#6868 = CARTESIAN_POINT('',(-1.3,-0.8,0.2));
#6869 = ADVANCED_FACE('',(#6870),#6883,.T.);
#6870 = FACE_BOUND('',#6871,.T.);
#6871 = EDGE_LOOP('',(#6872,#6873,#6879,#6880,#6881,#6882));
#6872 = ORIENTED_EDGE('',*,*,#6859,.T.);
#6873 = ORIENTED_EDGE('',*,*,#6874,.T.);
#6874 = EDGE_CURVE('',#6850,#6791,#6875,.T.);
#6875 = LINE('',#6876,#6877);
#6876 = CARTESIAN_POINT('',(-1.3,0.8,0.2));
#6877 = VECTOR('',#6878,1.);
#6878 = DIRECTION('',(0.,-1.,0.));
#6879 = ORIENTED_EDGE('',*,*,#6802,.T.);
#6880 = ORIENTED_EDGE('',*,*,#6680,.T.);
#6881 = ORIENTED_EDGE('',*,*,#6694,.F.);
#6882 = ORIENTED_EDGE('',*,*,#6759,.F.);
#6883 = B_SPLINE_SURFACE_WITH_KNOTS('',1,1,(
    (#6884,#6885)
    ,(#6886,#6887
    )),.UNSPECIFIED.,.F.,.F.,.F.,(2,2),(2,2),(0.,1.6),(0.,1.),
  .PIECEWISE_BEZIER_KNOTS.);
#6884 = CARTESIAN_POINT('',(-1.3,0.8,0.2));
#6885 = CARTESIAN_POINT('',(-1.237065869251,0.737065869251,1.1));
#6886 = CARTESIAN_POINT('',(-1.3,-0.8,0.2));
#6887 = CARTESIAN_POINT('',(-1.237065869251,-0.737065869251,1.1));
#6888 = ADVANCED_FACE('',(#6889),#6914,.F.);
#6889 = FACE_BOUND('',#6890,.F.);
#6890 = EDGE_LOOP('',(#6891,#6899,#6907,#6913));
#6891 = ORIENTED_EDGE('',*,*,#6892,.F.);
#6892 = EDGE_CURVE('',#6893,#6714,#6895,.T.);
#6893 = VERTEX_POINT('',#6894);
#6894 = CARTESIAN_POINT('',(-0.787065869251,-0.687065869251,1.09));
#6895 = LINE('',#6896,#6897);
#6896 = CARTESIAN_POINT('',(-0.787065869251,-0.687065869251,1.09));
#6897 = VECTOR('',#6898,1.);
#6898 = DIRECTION('',(0.,0.,1.));
#6899 = ORIENTED_EDGE('',*,*,#6900,.T.);
#6900 = EDGE_CURVE('',#6893,#6901,#6903,.T.);
#6901 = VERTEX_POINT('',#6902);
#6902 = CARTESIAN_POINT('',(-0.787065869251,0.687065869251,1.09));
#6903 = LINE('',#6904,#6905);
#6904 = CARTESIAN_POINT('',(-0.787065869251,-0.687065869251,1.09));
#6905 = VECTOR('',#6906,1.);
#6906 = DIRECTION('',(0.,1.,0.));
#6907 = ORIENTED_EDGE('',*,*,#6908,.T.);
#6908 = EDGE_CURVE('',#6901,#6712,#6909,.T.);
#6909 = LINE('',#6910,#6911);
#6910 = CARTESIAN_POINT('',(-0.787065869251,0.687065869251,1.09));
#6911 = VECTOR('',#6912,1.);
#6912 = DIRECTION('',(0.,0.,1.));
#6913 = ORIENTED_EDGE('',*,*,#6711,.T.);
#6914 = PLANE('',#6915);
#6915 = AXIS2_PLACEMENT_3D('',#6916,#6917,#6918);
#6916 = CARTESIAN_POINT('',(-0.787065869251,-0.687065869251,1.09));
#6917 = DIRECTION('',(1.,0.,0.));
#6918 = DIRECTION('',(0.,0.,1.));
#6919 = ADVANCED_FACE('',(#6920),#6938,.T.);
#6920 = FACE_BOUND('',#6921,.T.);
#6921 = EDGE_LOOP('',(#6922,#6923,#6931,#6937));
#6922 = ORIENTED_EDGE('',*,*,#6892,.F.);
#6923 = ORIENTED_EDGE('',*,*,#6924,.F.);
#6924 = EDGE_CURVE('',#6925,#6893,#6927,.T.);
#6925 = VERTEX_POINT('',#6926);
#6926 = CARTESIAN_POINT('',(-1.187065869251,-0.687065869251,1.09));
#6927 = LINE('',#6928,#6929);
#6928 = CARTESIAN_POINT('',(-1.187065869251,-0.687065869251,1.09));
#6929 = VECTOR('',#6930,1.);
#6930 = DIRECTION('',(1.,0.,0.));
#6931 = ORIENTED_EDGE('',*,*,#6932,.T.);
#6932 = EDGE_CURVE('',#6925,#6730,#6933,.T.);
#6933 = LINE('',#6934,#6935);
#6934 = CARTESIAN_POINT('',(-1.187065869251,-0.687065869251,1.09));
#6935 = VECTOR('',#6936,1.);
#6936 = DIRECTION('',(0.,0.,1.));
#6937 = ORIENTED_EDGE('',*,*,#6737,.T.);
#6938 = PLANE('',#6939);
#6939 = AXIS2_PLACEMENT_3D('',#6940,#6941,#6942);
#6940 = CARTESIAN_POINT('',(-1.187065869251,-0.687065869251,1.09));
#6941 = DIRECTION('',(0.,1.,0.));
#6942 = DIRECTION('',(0.,-0.,1.));
#6943 = ADVANCED_FACE('',(#6944),#6962,.T.);
#6944 = FACE_BOUND('',#6945,.T.);
#6945 = EDGE_LOOP('',(#6946,#6947,#6955,#6961));
#6946 = ORIENTED_EDGE('',*,*,#6932,.F.);
#6947 = ORIENTED_EDGE('',*,*,#6948,.T.);
#6948 = EDGE_CURVE('',#6925,#6949,#6951,.T.);
#6949 = VERTEX_POINT('',#6950);
#6950 = CARTESIAN_POINT('',(-1.187065869251,0.687065869251,1.09));
#6951 = LINE('',#6952,#6953);
#6952 = CARTESIAN_POINT('',(-1.187065869251,-0.687065869251,1.09));
#6953 = VECTOR('',#6954,1.);
#6954 = DIRECTION('',(0.,1.,0.));
#6955 = ORIENTED_EDGE('',*,*,#6956,.T.);
#6956 = EDGE_CURVE('',#6949,#6722,#6957,.T.);
#6957 = LINE('',#6958,#6959);
#6958 = CARTESIAN_POINT('',(-1.187065869251,0.687065869251,1.09));
#6959 = VECTOR('',#6960,1.);
#6960 = DIRECTION('',(0.,0.,1.));
#6961 = ORIENTED_EDGE('',*,*,#6729,.T.);
#6962 = PLANE('',#6963);
#6963 = AXIS2_PLACEMENT_3D('',#6964,#6965,#6966);
#6964 = CARTESIAN_POINT('',(-1.187065869251,-0.687065869251,1.09));
#6965 = DIRECTION('',(1.,0.,0.));
#6966 = DIRECTION('',(0.,0.,1.));
#6967 = ADVANCED_FACE('',(#6968),#6979,.F.);
#6968 = FACE_BOUND('',#6969,.F.);
#6969 = EDGE_LOOP('',(#6970,#6971,#6977,#6978));
#6970 = ORIENTED_EDGE('',*,*,#6908,.F.);
#6971 = ORIENTED_EDGE('',*,*,#6972,.F.);
#6972 = EDGE_CURVE('',#6949,#6901,#6973,.T.);
#6973 = LINE('',#6974,#6975);
#6974 = CARTESIAN_POINT('',(-1.187065869251,0.687065869251,1.09));
#6975 = VECTOR('',#6976,1.);
#6976 = DIRECTION('',(1.,0.,0.));
#6977 = ORIENTED_EDGE('',*,*,#6956,.T.);
#6978 = ORIENTED_EDGE('',*,*,#6721,.T.);
#6979 = PLANE('',#6980);
#6980 = AXIS2_PLACEMENT_3D('',#6981,#6982,#6983);
#6981 = CARTESIAN_POINT('',(-1.187065869251,0.687065869251,1.09));
#6982 = DIRECTION('',(0.,1.,0.));
#6983 = DIRECTION('',(0.,-0.,1.));
#6984 = ADVANCED_FACE('',(#6985),#7003,.T.);
#6985 = FACE_BOUND('',#6986,.T.);
#6986 = EDGE_LOOP('',(#6987,#6988,#6989,#6997));
#6987 = ORIENTED_EDGE('',*,*,#6833,.F.);
#6988 = ORIENTED_EDGE('',*,*,#6790,.T.);
#6989 = ORIENTED_EDGE('',*,*,#6990,.T.);
#6990 = EDGE_CURVE('',#6791,#6991,#6993,.T.);
#6991 = VERTEX_POINT('',#6992);
#6992 = CARTESIAN_POINT('',(-1.75,-0.325,0.2));
#6993 = LINE('',#6994,#6995);
#6994 = CARTESIAN_POINT('',(-1.286014637611,-0.325,0.2));
#6995 = VECTOR('',#6996,1.);
#6996 = DIRECTION('',(-1.,2.22044604925E-16,0.));
#6997 = ORIENTED_EDGE('',*,*,#6998,.F.);
#6998 = EDGE_CURVE('',#6826,#6991,#6999,.T.);
#6999 = LINE('',#7000,#7001);
#7000 = CARTESIAN_POINT('',(-1.75,-0.325,0.));
#7001 = VECTOR('',#7002,1.);
#7002 = DIRECTION('',(0.,0.,1.));
#7003 = PLANE('',#7004);
#7004 = AXIS2_PLACEMENT_3D('',#7005,#7006,#7007);
#7005 = CARTESIAN_POINT('',(-1.286014637611,-0.325,0.));
#7006 = DIRECTION('',(-2.22044604925E-16,-1.,0.));
#7007 = DIRECTION('',(0.,0.,1.));
#7008 = ADVANCED_FACE('',(#7009),#7027,.F.);
#7009 = FACE_BOUND('',#7010,.F.);
#7010 = EDGE_LOOP('',(#7011,#7012,#7013,#7021));
#7011 = ORIENTED_EDGE('',*,*,#6817,.F.);
#7012 = ORIENTED_EDGE('',*,*,#6849,.T.);
#7013 = ORIENTED_EDGE('',*,*,#7014,.T.);
#7014 = EDGE_CURVE('',#6850,#7015,#7017,.T.);
#7015 = VERTEX_POINT('',#7016);
#7016 = CARTESIAN_POINT('',(-1.75,0.325,0.2));
#7017 = LINE('',#7018,#7019);
#7018 = CARTESIAN_POINT('',(-1.286014637611,0.325,0.2));
#7019 = VECTOR('',#7020,1.);
#7020 = DIRECTION('',(-1.,2.22044604925E-16,0.));
#7021 = ORIENTED_EDGE('',*,*,#7022,.F.);
#7022 = EDGE_CURVE('',#6818,#7015,#7023,.T.);
#7023 = LINE('',#7024,#7025);
#7024 = CARTESIAN_POINT('',(-1.75,0.325,0.));
#7025 = VECTOR('',#7026,1.);
#7026 = DIRECTION('',(0.,0.,1.));
#7027 = PLANE('',#7028);
#7028 = AXIS2_PLACEMENT_3D('',#7029,#7030,#7031);
#7029 = CARTESIAN_POINT('',(-1.286014637611,0.325,0.));
#7030 = DIRECTION('',(-2.22044604925E-16,-1.,0.));
#7031 = DIRECTION('',(0.,0.,1.));
#7032 = ADVANCED_FACE('',(#7033),#7044,.T.);
#7033 = FACE_BOUND('',#7034,.T.);
#7034 = EDGE_LOOP('',(#7035,#7036,#7037,#7038));
#7035 = ORIENTED_EDGE('',*,*,#7022,.F.);
#7036 = ORIENTED_EDGE('',*,*,#6825,.T.);
#7037 = ORIENTED_EDGE('',*,*,#6998,.T.);
#7038 = ORIENTED_EDGE('',*,*,#7039,.F.);
#7039 = EDGE_CURVE('',#7015,#6991,#7040,.T.);
#7040 = LINE('',#7041,#7042);
#7041 = CARTESIAN_POINT('',(-1.75,0.325,0.2));
#7042 = VECTOR('',#7043,1.);
#7043 = DIRECTION('',(-2.22044604925E-16,-1.,0.));
#7044 = PLANE('',#7045);
#7045 = AXIS2_PLACEMENT_3D('',#7046,#7047,#7048);
#7046 = CARTESIAN_POINT('',(-1.75,0.325,0.));
#7047 = DIRECTION('',(-1.,2.22044604925E-16,0.));
#7048 = DIRECTION('',(0.,0.,1.));
#7049 = ADVANCED_FACE('',(#7050),#7056,.T.);
#7050 = FACE_BOUND('',#7051,.T.);
#7051 = EDGE_LOOP('',(#7052,#7053,#7054,#7055));
#7052 = ORIENTED_EDGE('',*,*,#6874,.F.);
#7053 = ORIENTED_EDGE('',*,*,#7014,.T.);
#7054 = ORIENTED_EDGE('',*,*,#7039,.T.);
#7055 = ORIENTED_EDGE('',*,*,#6990,.F.);
#7056 = PLANE('',#7057);
#7057 = AXIS2_PLACEMENT_3D('',#7058,#7059,#7060);
#7058 = CARTESIAN_POINT('',(-1.286014637611,0.325,0.2));
#7059 = DIRECTION('',(0.,0.,1.));
#7060 = DIRECTION('',(-1.,2.22044604925E-16,0.));
#7061 = ADVANCED_FACE('',(#7062),#7068,.T.);
#7062 = FACE_BOUND('',#7063,.T.);
#7063 = EDGE_LOOP('',(#7064,#7065,#7066,#7067));
#7064 = ORIENTED_EDGE('',*,*,#6948,.F.);
#7065 = ORIENTED_EDGE('',*,*,#6924,.T.);
#7066 = ORIENTED_EDGE('',*,*,#6900,.T.);
#7067 = ORIENTED_EDGE('',*,*,#6972,.F.);
#7068 = PLANE('',#7069);
#7069 = AXIS2_PLACEMENT_3D('',#7070,#7071,#7072);
#7070 = CARTESIAN_POINT('',(-1.187065869251,-0.687065869251,1.09));
#7071 = DIRECTION('',(0.,0.,1.));
#7072 = DIRECTION('',(1.,0.,-0.));
#7073 = ( GEOMETRIC_REPRESENTATION_CONTEXT(3) 
GLOBAL_UNCERTAINTY_ASSIGNED_CONTEXT((#7077)) 
GLOBAL_UNIT_ASSIGNED_CONTEXT((#7074,#7075,#7076)) REPRESENTATION_CONTEXT
('Context #1','3D Context with UNIT and UNCERTAINTY') );
#7074 = ( LENGTH_UNIT() NAMED_UNIT(*) SI_UNIT(.MILLI.,.METRE.) );
#7075 = ( NAMED_UNIT(*) PLANE_ANGLE_UNIT() SI_UNIT($,.RADIAN.) );
#7076 = ( NAMED_UNIT(*) SI_UNIT($,.STERADIAN.) SOLID_ANGLE_UNIT() );
#7077 = UNCERTAINTY_MEASURE_WITH_UNIT(LENGTH_MEASURE(5.E-06),#7074,
  'distance_accuracy_value','confusion accuracy');
#7078 = CONTEXT_DEPENDENT_SHAPE_REPRESENTATION(#7079,#7081);
#7079 = ( REPRESENTATION_RELATIONSHIP('','',#6360,#6337) 
REPRESENTATION_RELATIONSHIP_WITH_TRANSFORMATION(#7080) 
SHAPE_REPRESENTATION_RELATIONSHIP() );
#7080 = ITEM_DEFINED_TRANSFORMATION('','',#11,#6338);
#7081 = PRODUCT_DEFINITION_SHAPE('Placement','Placement of an item',
  #7082);
#7082 = NEXT_ASSEMBLY_USAGE_OCCURRENCE('6','=>[0:1:1:7]','',#6332,#6355,
  $);
#7083 = PRODUCT_RELATED_PRODUCT_CATEGORY('part',$,(#6357));
#7084 = SHAPE_DEFINITION_REPRESENTATION(#7085,#7091);
#7085 = PRODUCT_DEFINITION_SHAPE('','',#7086);
#7086 = PRODUCT_DEFINITION('design','',#7087,#7090);
#7087 = PRODUCT_DEFINITION_FORMATION('','',#7088);
#7088 = PRODUCT('C_0603_1608Metric','C_0603_1608Metric','',(#7089));
#7089 = PRODUCT_CONTEXT('',#2,'mechanical');
#7090 = PRODUCT_DEFINITION_CONTEXT('part definition',#2,'design');
#7091 = SHAPE_REPRESENTATION('',(#11,#7092),#7096);
#7092 = AXIS2_PLACEMENT_3D('',#7093,#7094,#7095);
#7093 = CARTESIAN_POINT('',(0.,0.,0.));
#7094 = DIRECTION('',(0.,0.,1.));
#7095 = DIRECTION('',(1.,0.,-0.));
#7096 = ( GEOMETRIC_REPRESENTATION_CONTEXT(3) 
GLOBAL_UNCERTAINTY_ASSIGNED_CONTEXT((#7100)) 
GLOBAL_UNIT_ASSIGNED_CONTEXT((#7097,#7098,#7099)) REPRESENTATION_CONTEXT
('Context #1','3D Context with UNIT and UNCERTAINTY') );
#7097 = ( LENGTH_UNIT() NAMED_UNIT(*) SI_UNIT(.MILLI.,.METRE.) );
#7098 = ( NAMED_UNIT(*) PLANE_ANGLE_UNIT() SI_UNIT($,.RADIAN.) );
#7099 = ( NAMED_UNIT(*) SI_UNIT($,.STERADIAN.) SOLID_ANGLE_UNIT() );
#7100 = UNCERTAINTY_MEASURE_WITH_UNIT(LENGTH_MEASURE(1.E-07),#7097,
  'distance_accuracy_value','confusion accuracy');
#7101 = CONTEXT_DEPENDENT_SHAPE_REPRESENTATION(#7102,#7104);
#7102 = ( REPRESENTATION_RELATIONSHIP('','',#7091,#10) 
REPRESENTATION_RELATIONSHIP_WITH_TRANSFORMATION(#7103) 
SHAPE_REPRESENTATION_RELATIONSHIP() );
#7103 = ITEM_DEFINED_TRANSFORMATION('','',#11,#31);
#7104 = PRODUCT_DEFINITION_SHAPE('Placement','Placement of an item',
  #7105);
#7105 = NEXT_ASSEMBLY_USAGE_OCCURRENCE('9','C1','',#5,#7086,$);
#7106 = PRODUCT_RELATED_PRODUCT_CATEGORY('part',$,(#7088));
#7107 = SHAPE_DEFINITION_REPRESENTATION(#7108,#7114);
#7108 = PRODUCT_DEFINITION_SHAPE('','',#7109);
#7109 = PRODUCT_DEFINITION('design','',#7110,#7113);
#7110 = PRODUCT_DEFINITION_FORMATION('','',#7111);
#7111 = PRODUCT('C_0603_1608Metric','C_0603_1608Metric','',(#7112));
#7112 = PRODUCT_CONTEXT('',#2,'mechanical');
#7113 = PRODUCT_DEFINITION_CONTEXT('part definition',#2,'design');
#7114 = ADVANCED_BREP_SHAPE_REPRESENTATION('',(#11,#7115),#7969);
#7115 = MANIFOLD_SOLID_BREP('',#7116);
#7116 = CLOSED_SHELL('',(#7117,#7193,#7224,#7249,#7274,#7298,#7322,#7347
    ,#7372,#7389,#7475,#7507,#7531,#7556,#7580,#7605,#7629,#7654,#7671,
    #7757,#7788,#7813,#7838,#7862,#7886,#7911,#7936,#7953));
#7117 = ADVANCED_FACE('',(#7118),#7188,.F.);
#7118 = FACE_BOUND('',#7119,.F.);
#7119 = EDGE_LOOP('',(#7120,#7130,#7139,#7147,#7156,#7164,#7173,#7181));
#7120 = ORIENTED_EDGE('',*,*,#7121,.F.);
#7121 = EDGE_CURVE('',#7122,#7124,#7126,.T.);
#7122 = VERTEX_POINT('',#7123);
#7123 = CARTESIAN_POINT('',(-0.8,-0.4,3.E-02));
#7124 = VERTEX_POINT('',#7125);
#7125 = CARTESIAN_POINT('',(-0.8,-0.4,0.77));
#7126 = LINE('',#7127,#7128);
#7127 = CARTESIAN_POINT('',(-0.8,-0.4,0.));
#7128 = VECTOR('',#7129,1.);
#7129 = DIRECTION('',(0.,0.,1.));
#7130 = ORIENTED_EDGE('',*,*,#7131,.T.);
#7131 = EDGE_CURVE('',#7122,#7132,#7134,.T.);
#7132 = VERTEX_POINT('',#7133);
#7133 = CARTESIAN_POINT('',(-0.8,-0.37,0.));
#7134 = CIRCLE('',#7135,3.E-02);
#7135 = AXIS2_PLACEMENT_3D('',#7136,#7137,#7138);
#7136 = CARTESIAN_POINT('',(-0.8,-0.37,3.E-02));
#7137 = DIRECTION('',(1.,0.,-0.));
#7138 = DIRECTION('',(0.,0.,1.));
#7139 = ORIENTED_EDGE('',*,*,#7140,.T.);
#7140 = EDGE_CURVE('',#7132,#7141,#7143,.T.);
#7141 = VERTEX_POINT('',#7142);
#7142 = CARTESIAN_POINT('',(-0.8,0.37,0.));
#7143 = LINE('',#7144,#7145);
#7144 = CARTESIAN_POINT('',(-0.8,-0.4,0.));
#7145 = VECTOR('',#7146,1.);
#7146 = DIRECTION('',(0.,1.,0.));
#7147 = ORIENTED_EDGE('',*,*,#7148,.F.);
#7148 = EDGE_CURVE('',#7149,#7141,#7151,.T.);
#7149 = VERTEX_POINT('',#7150);
#7150 = CARTESIAN_POINT('',(-0.8,0.4,3.E-02));
#7151 = CIRCLE('',#7152,3.E-02);
#7152 = AXIS2_PLACEMENT_3D('',#7153,#7154,#7155);
#7153 = CARTESIAN_POINT('',(-0.8,0.37,3.E-02));
#7154 = DIRECTION('',(-1.,0.,0.));
#7155 = DIRECTION('',(0.,0.,1.));
#7156 = ORIENTED_EDGE('',*,*,#7157,.T.);
#7157 = EDGE_CURVE('',#7149,#7158,#7160,.T.);
#7158 = VERTEX_POINT('',#7159);
#7159 = CARTESIAN_POINT('',(-0.8,0.4,0.77));
#7160 = LINE('',#7161,#7162);
#7161 = CARTESIAN_POINT('',(-0.8,0.4,0.));
#7162 = VECTOR('',#7163,1.);
#7163 = DIRECTION('',(0.,0.,1.));
#7164 = ORIENTED_EDGE('',*,*,#7165,.T.);
#7165 = EDGE_CURVE('',#7158,#7166,#7168,.T.);
#7166 = VERTEX_POINT('',#7167);
#7167 = CARTESIAN_POINT('',(-0.8,0.37,0.8));
#7168 = CIRCLE('',#7169,3.E-02);
#7169 = AXIS2_PLACEMENT_3D('',#7170,#7171,#7172);
#7170 = CARTESIAN_POINT('',(-0.8,0.37,0.77));
#7171 = DIRECTION('',(1.,0.,-0.));
#7172 = DIRECTION('',(0.,0.,1.));
#7173 = ORIENTED_EDGE('',*,*,#7174,.F.);
#7174 = EDGE_CURVE('',#7175,#7166,#7177,.T.);
#7175 = VERTEX_POINT('',#7176);
#7176 = CARTESIAN_POINT('',(-0.8,-0.37,0.8));
#7177 = LINE('',#7178,#7179);
#7178 = CARTESIAN_POINT('',(-0.8,-0.4,0.8));
#7179 = VECTOR('',#7180,1.);
#7180 = DIRECTION('',(0.,1.,0.));
#7181 = ORIENTED_EDGE('',*,*,#7182,.F.);
#7182 = EDGE_CURVE('',#7124,#7175,#7183,.T.);
#7183 = CIRCLE('',#7184,3.E-02);
#7184 = AXIS2_PLACEMENT_3D('',#7185,#7186,#7187);
#7185 = CARTESIAN_POINT('',(-0.8,-0.37,0.77));
#7186 = DIRECTION('',(-1.,0.,0.));
#7187 = DIRECTION('',(0.,0.,1.));
#7188 = PLANE('',#7189);
#7189 = AXIS2_PLACEMENT_3D('',#7190,#7191,#7192);
#7190 = CARTESIAN_POINT('',(-0.8,-0.4,0.));
#7191 = DIRECTION('',(1.,0.,0.));
#7192 = DIRECTION('',(0.,0.,1.));
#7193 = ADVANCED_FACE('',(#7194),#7219,.F.);
#7194 = FACE_BOUND('',#7195,.F.);
#7195 = EDGE_LOOP('',(#7196,#7206,#7212,#7213));
#7196 = ORIENTED_EDGE('',*,*,#7197,.F.);
#7197 = EDGE_CURVE('',#7198,#7200,#7202,.T.);
#7198 = VERTEX_POINT('',#7199);
#7199 = CARTESIAN_POINT('',(-0.5,-0.4,3.E-02));
#7200 = VERTEX_POINT('',#7201);
#7201 = CARTESIAN_POINT('',(-0.5,-0.4,0.77));
#7202 = LINE('',#7203,#7204);
#7203 = CARTESIAN_POINT('',(-0.5,-0.4,0.));
#7204 = VECTOR('',#7205,1.);
#7205 = DIRECTION('',(0.,0.,1.));
#7206 = ORIENTED_EDGE('',*,*,#7207,.F.);
#7207 = EDGE_CURVE('',#7122,#7198,#7208,.T.);
#7208 = LINE('',#7209,#7210);
#7209 = CARTESIAN_POINT('',(-0.8,-0.4,3.E-02));
#7210 = VECTOR('',#7211,1.);
#7211 = DIRECTION('',(1.,0.,0.));
#7212 = ORIENTED_EDGE('',*,*,#7121,.T.);
#7213 = ORIENTED_EDGE('',*,*,#7214,.T.);
#7214 = EDGE_CURVE('',#7124,#7200,#7215,.T.);
#7215 = LINE('',#7216,#7217);
#7216 = CARTESIAN_POINT('',(-0.8,-0.4,0.77));
#7217 = VECTOR('',#7218,1.);
#7218 = DIRECTION('',(1.,0.,0.));
#7219 = PLANE('',#7220);
#7220 = AXIS2_PLACEMENT_3D('',#7221,#7222,#7223);
#7221 = CARTESIAN_POINT('',(-0.8,-0.4,0.));
#7222 = DIRECTION('',(0.,1.,0.));
#7223 = DIRECTION('',(0.,-0.,1.));
#7224 = ADVANCED_FACE('',(#7225),#7244,.T.);
#7225 = FACE_BOUND('',#7226,.T.);
#7226 = EDGE_LOOP('',(#7227,#7228,#7236,#7243));
#7227 = ORIENTED_EDGE('',*,*,#7131,.T.);
#7228 = ORIENTED_EDGE('',*,*,#7229,.T.);
#7229 = EDGE_CURVE('',#7132,#7230,#7232,.T.);
#7230 = VERTEX_POINT('',#7231);
#7231 = CARTESIAN_POINT('',(-0.5,-0.37,0.));
#7232 = LINE('',#7233,#7234);
#7233 = CARTESIAN_POINT('',(-0.8,-0.37,0.));
#7234 = VECTOR('',#7235,1.);
#7235 = DIRECTION('',(1.,0.,0.));
#7236 = ORIENTED_EDGE('',*,*,#7237,.F.);
#7237 = EDGE_CURVE('',#7198,#7230,#7238,.T.);
#7238 = CIRCLE('',#7239,3.E-02);
#7239 = AXIS2_PLACEMENT_3D('',#7240,#7241,#7242);
#7240 = CARTESIAN_POINT('',(-0.5,-0.37,3.E-02));
#7241 = DIRECTION('',(1.,0.,-0.));
#7242 = DIRECTION('',(0.,0.,1.));
#7243 = ORIENTED_EDGE('',*,*,#7207,.F.);
#7244 = CYLINDRICAL_SURFACE('',#7245,3.E-02);
#7245 = AXIS2_PLACEMENT_3D('',#7246,#7247,#7248);
#7246 = CARTESIAN_POINT('',(-0.8,-0.37,3.E-02));
#7247 = DIRECTION('',(1.,0.,0.));
#7248 = DIRECTION('',(0.,-1.,0.));
#7249 = ADVANCED_FACE('',(#7250),#7269,.T.);
#7250 = FACE_BOUND('',#7251,.T.);
#7251 = EDGE_LOOP('',(#7252,#7253,#7262,#7268));
#7252 = ORIENTED_EDGE('',*,*,#7214,.T.);
#7253 = ORIENTED_EDGE('',*,*,#7254,.T.);
#7254 = EDGE_CURVE('',#7200,#7255,#7257,.T.);
#7255 = VERTEX_POINT('',#7256);
#7256 = CARTESIAN_POINT('',(-0.5,-0.37,0.8));
#7257 = CIRCLE('',#7258,3.E-02);
#7258 = AXIS2_PLACEMENT_3D('',#7259,#7260,#7261);
#7259 = CARTESIAN_POINT('',(-0.5,-0.37,0.77));
#7260 = DIRECTION('',(-1.,0.,0.));
#7261 = DIRECTION('',(0.,0.,1.));
#7262 = ORIENTED_EDGE('',*,*,#7263,.F.);
#7263 = EDGE_CURVE('',#7175,#7255,#7264,.T.);
#7264 = LINE('',#7265,#7266);
#7265 = CARTESIAN_POINT('',(-0.8,-0.37,0.8));
#7266 = VECTOR('',#7267,1.);
#7267 = DIRECTION('',(1.,0.,0.));
#7268 = ORIENTED_EDGE('',*,*,#7182,.F.);
#7269 = CYLINDRICAL_SURFACE('',#7270,3.E-02);
#7270 = AXIS2_PLACEMENT_3D('',#7271,#7272,#7273);
#7271 = CARTESIAN_POINT('',(-0.8,-0.37,0.77));
#7272 = DIRECTION('',(1.,0.,0.));
#7273 = DIRECTION('',(0.,-1.,0.));
#7274 = ADVANCED_FACE('',(#7275),#7293,.F.);
#7275 = FACE_BOUND('',#7276,.F.);
#7276 = EDGE_LOOP('',(#7277,#7278,#7279,#7287));
#7277 = ORIENTED_EDGE('',*,*,#7140,.F.);
#7278 = ORIENTED_EDGE('',*,*,#7229,.T.);
#7279 = ORIENTED_EDGE('',*,*,#7280,.T.);
#7280 = EDGE_CURVE('',#7230,#7281,#7283,.T.);
#7281 = VERTEX_POINT('',#7282);
#7282 = CARTESIAN_POINT('',(-0.5,0.37,0.));
#7283 = LINE('',#7284,#7285);
#7284 = CARTESIAN_POINT('',(-0.5,-0.4,0.));
#7285 = VECTOR('',#7286,1.);
#7286 = DIRECTION('',(0.,1.,0.));
#7287 = ORIENTED_EDGE('',*,*,#7288,.F.);
#7288 = EDGE_CURVE('',#7141,#7281,#7289,.T.);
#7289 = LINE('',#7290,#7291);
#7290 = CARTESIAN_POINT('',(-0.8,0.37,0.));
#7291 = VECTOR('',#7292,1.);
#7292 = DIRECTION('',(1.,0.,0.));
#7293 = PLANE('',#7294);
#7294 = AXIS2_PLACEMENT_3D('',#7295,#7296,#7297);
#7295 = CARTESIAN_POINT('',(-0.8,-0.4,0.));
#7296 = DIRECTION('',(0.,0.,1.));
#7297 = DIRECTION('',(1.,0.,-0.));
#7298 = ADVANCED_FACE('',(#7299),#7317,.T.);
#7299 = FACE_BOUND('',#7300,.T.);
#7300 = EDGE_LOOP('',(#7301,#7302,#7303,#7311));
#7301 = ORIENTED_EDGE('',*,*,#7174,.F.);
#7302 = ORIENTED_EDGE('',*,*,#7263,.T.);
#7303 = ORIENTED_EDGE('',*,*,#7304,.T.);
#7304 = EDGE_CURVE('',#7255,#7305,#7307,.T.);
#7305 = VERTEX_POINT('',#7306);
#7306 = CARTESIAN_POINT('',(-0.5,0.37,0.8));
#7307 = LINE('',#7308,#7309);
#7308 = CARTESIAN_POINT('',(-0.5,-0.4,0.8));
#7309 = VECTOR('',#7310,1.);
#7310 = DIRECTION('',(0.,1.,0.));
#7311 = ORIENTED_EDGE('',*,*,#7312,.F.);
#7312 = EDGE_CURVE('',#7166,#7305,#7313,.T.);
#7313 = LINE('',#7314,#7315);
#7314 = CARTESIAN_POINT('',(-0.8,0.37,0.8));
#7315 = VECTOR('',#7316,1.);
#7316 = DIRECTION('',(1.,0.,0.));
#7317 = PLANE('',#7318);
#7318 = AXIS2_PLACEMENT_3D('',#7319,#7320,#7321);
#7319 = CARTESIAN_POINT('',(-0.8,-0.4,0.8));
#7320 = DIRECTION('',(0.,0.,1.));
#7321 = DIRECTION('',(1.,0.,-0.));
#7322 = ADVANCED_FACE('',(#7323),#7342,.T.);
#7323 = FACE_BOUND('',#7324,.T.);
#7324 = EDGE_LOOP('',(#7325,#7333,#7340,#7341));
#7325 = ORIENTED_EDGE('',*,*,#7326,.T.);
#7326 = EDGE_CURVE('',#7149,#7327,#7329,.T.);
#7327 = VERTEX_POINT('',#7328);
#7328 = CARTESIAN_POINT('',(-0.5,0.4,3.E-02));
#7329 = LINE('',#7330,#7331);
#7330 = CARTESIAN_POINT('',(-0.8,0.4,3.E-02));
#7331 = VECTOR('',#7332,1.);
#7332 = DIRECTION('',(1.,0.,0.));
#7333 = ORIENTED_EDGE('',*,*,#7334,.T.);
#7334 = EDGE_CURVE('',#7327,#7281,#7335,.T.);
#7335 = CIRCLE('',#7336,3.E-02);
#7336 = AXIS2_PLACEMENT_3D('',#7337,#7338,#7339);
#7337 = CARTESIAN_POINT('',(-0.5,0.37,3.E-02));
#7338 = DIRECTION('',(-1.,0.,0.));
#7339 = DIRECTION('',(0.,0.,1.));
#7340 = ORIENTED_EDGE('',*,*,#7288,.F.);
#7341 = ORIENTED_EDGE('',*,*,#7148,.F.);
#7342 = CYLINDRICAL_SURFACE('',#7343,3.E-02);
#7343 = AXIS2_PLACEMENT_3D('',#7344,#7345,#7346);
#7344 = CARTESIAN_POINT('',(-0.8,0.37,3.E-02));
#7345 = DIRECTION('',(1.,0.,0.));
#7346 = DIRECTION('',(-0.,1.,0.));
#7347 = ADVANCED_FACE('',(#7348),#7367,.T.);
#7348 = FACE_BOUND('',#7349,.T.);
#7349 = EDGE_LOOP('',(#7350,#7351,#7352,#7361));
#7350 = ORIENTED_EDGE('',*,*,#7165,.T.);
#7351 = ORIENTED_EDGE('',*,*,#7312,.T.);
#7352 = ORIENTED_EDGE('',*,*,#7353,.F.);
#7353 = EDGE_CURVE('',#7354,#7305,#7356,.T.);
#7354 = VERTEX_POINT('',#7355);
#7355 = CARTESIAN_POINT('',(-0.5,0.4,0.77));
#7356 = CIRCLE('',#7357,3.E-02);
#7357 = AXIS2_PLACEMENT_3D('',#7358,#7359,#7360);
#7358 = CARTESIAN_POINT('',(-0.5,0.37,0.77));
#7359 = DIRECTION('',(1.,0.,-0.));
#7360 = DIRECTION('',(0.,0.,1.));
#7361 = ORIENTED_EDGE('',*,*,#7362,.F.);
#7362 = EDGE_CURVE('',#7158,#7354,#7363,.T.);
#7363 = LINE('',#7364,#7365);
#7364 = CARTESIAN_POINT('',(-0.8,0.4,0.77));
#7365 = VECTOR('',#7366,1.);
#7366 = DIRECTION('',(1.,0.,0.));
#7367 = CYLINDRICAL_SURFACE('',#7368,3.E-02);
#7368 = AXIS2_PLACEMENT_3D('',#7369,#7370,#7371);
#7369 = CARTESIAN_POINT('',(-0.8,0.37,0.77));
#7370 = DIRECTION('',(1.,0.,0.));
#7371 = DIRECTION('',(-0.,1.,0.));
#7372 = ADVANCED_FACE('',(#7373),#7384,.T.);
#7373 = FACE_BOUND('',#7374,.T.);
#7374 = EDGE_LOOP('',(#7375,#7381,#7382,#7383));
#7375 = ORIENTED_EDGE('',*,*,#7376,.F.);
#7376 = EDGE_CURVE('',#7327,#7354,#7377,.T.);
#7377 = LINE('',#7378,#7379);
#7378 = CARTESIAN_POINT('',(-0.5,0.4,0.));
#7379 = VECTOR('',#7380,1.);
#7380 = DIRECTION('',(0.,0.,1.));
#7381 = ORIENTED_EDGE('',*,*,#7326,.F.);
#7382 = ORIENTED_EDGE('',*,*,#7157,.T.);
#7383 = ORIENTED_EDGE('',*,*,#7362,.T.);
#7384 = PLANE('',#7385);
#7385 = AXIS2_PLACEMENT_3D('',#7386,#7387,#7388);
#7386 = CARTESIAN_POINT('',(-0.8,0.4,0.));
#7387 = DIRECTION('',(0.,1.,0.));
#7388 = DIRECTION('',(0.,-0.,1.));
#7389 = ADVANCED_FACE('',(#7390,#7400),#7470,.T.);
#7390 = FACE_BOUND('',#7391,.T.);
#7391 = EDGE_LOOP('',(#7392,#7393,#7394,#7395,#7396,#7397,#7398,#7399));
#7392 = ORIENTED_EDGE('',*,*,#7197,.F.);
#7393 = ORIENTED_EDGE('',*,*,#7237,.T.);
#7394 = ORIENTED_EDGE('',*,*,#7280,.T.);
#7395 = ORIENTED_EDGE('',*,*,#7334,.F.);
#7396 = ORIENTED_EDGE('',*,*,#7376,.T.);
#7397 = ORIENTED_EDGE('',*,*,#7353,.T.);
#7398 = ORIENTED_EDGE('',*,*,#7304,.F.);
#7399 = ORIENTED_EDGE('',*,*,#7254,.F.);
#7400 = FACE_BOUND('',#7401,.T.);
#7401 = EDGE_LOOP('',(#7402,#7413,#7421,#7430,#7438,#7447,#7455,#7464));
#7402 = ORIENTED_EDGE('',*,*,#7403,.F.);
#7403 = EDGE_CURVE('',#7404,#7406,#7408,.T.);
#7404 = VERTEX_POINT('',#7405);
#7405 = CARTESIAN_POINT('',(-0.5,-0.37,6.E-02));
#7406 = VERTEX_POINT('',#7407);
#7407 = CARTESIAN_POINT('',(-0.5,-0.34,3.E-02));
#7408 = CIRCLE('',#7409,3.E-02);
#7409 = AXIS2_PLACEMENT_3D('',#7410,#7411,#7412);
#7410 = CARTESIAN_POINT('',(-0.5,-0.34,6.E-02));
#7411 = DIRECTION('',(1.,0.,-0.));
#7412 = DIRECTION('',(0.,0.,1.));
#7413 = ORIENTED_EDGE('',*,*,#7414,.T.);
#7414 = EDGE_CURVE('',#7404,#7415,#7417,.T.);
#7415 = VERTEX_POINT('',#7416);
#7416 = CARTESIAN_POINT('',(-0.5,-0.37,0.74));
#7417 = LINE('',#7418,#7419);
#7418 = CARTESIAN_POINT('',(-0.5,-0.37,3.E-02));
#7419 = VECTOR('',#7420,1.);
#7420 = DIRECTION('',(0.,0.,1.));
#7421 = ORIENTED_EDGE('',*,*,#7422,.T.);
#7422 = EDGE_CURVE('',#7415,#7423,#7425,.T.);
#7423 = VERTEX_POINT('',#7424);
#7424 = CARTESIAN_POINT('',(-0.5,-0.34,0.77));
#7425 = CIRCLE('',#7426,3.E-02);
#7426 = AXIS2_PLACEMENT_3D('',#7427,#7428,#7429);
#7427 = CARTESIAN_POINT('',(-0.5,-0.34,0.74));
#7428 = DIRECTION('',(-1.,0.,0.));
#7429 = DIRECTION('',(0.,0.,1.));
#7430 = ORIENTED_EDGE('',*,*,#7431,.T.);
#7431 = EDGE_CURVE('',#7423,#7432,#7434,.T.);
#7432 = VERTEX_POINT('',#7433);
#7433 = CARTESIAN_POINT('',(-0.5,0.34,0.77));
#7434 = LINE('',#7435,#7436);
#7435 = CARTESIAN_POINT('',(-0.5,-0.37,0.77));
#7436 = VECTOR('',#7437,1.);
#7437 = DIRECTION('',(0.,1.,0.));
#7438 = ORIENTED_EDGE('',*,*,#7439,.F.);
#7439 = EDGE_CURVE('',#7440,#7432,#7442,.T.);
#7440 = VERTEX_POINT('',#7441);
#7441 = CARTESIAN_POINT('',(-0.5,0.37,0.74));
#7442 = CIRCLE('',#7443,3.E-02);
#7443 = AXIS2_PLACEMENT_3D('',#7444,#7445,#7446);
#7444 = CARTESIAN_POINT('',(-0.5,0.34,0.74));
#7445 = DIRECTION('',(1.,0.,-0.));
#7446 = DIRECTION('',(0.,0.,1.));
#7447 = ORIENTED_EDGE('',*,*,#7448,.F.);
#7448 = EDGE_CURVE('',#7449,#7440,#7451,.T.);
#7449 = VERTEX_POINT('',#7450);
#7450 = CARTESIAN_POINT('',(-0.5,0.37,6.E-02));
#7451 = LINE('',#7452,#7453);
#7452 = CARTESIAN_POINT('',(-0.5,0.37,3.E-02));
#7453 = VECTOR('',#7454,1.);
#7454 = DIRECTION('',(0.,0.,1.));
#7455 = ORIENTED_EDGE('',*,*,#7456,.T.);
#7456 = EDGE_CURVE('',#7449,#7457,#7459,.T.);
#7457 = VERTEX_POINT('',#7458);
#7458 = CARTESIAN_POINT('',(-0.5,0.34,3.E-02));
#7459 = CIRCLE('',#7460,3.E-02);
#7460 = AXIS2_PLACEMENT_3D('',#7461,#7462,#7463);
#7461 = CARTESIAN_POINT('',(-0.5,0.34,6.E-02));
#7462 = DIRECTION('',(-1.,0.,0.));
#7463 = DIRECTION('',(0.,0.,1.));
#7464 = ORIENTED_EDGE('',*,*,#7465,.F.);
#7465 = EDGE_CURVE('',#7406,#7457,#7466,.T.);
#7466 = LINE('',#7467,#7468);
#7467 = CARTESIAN_POINT('',(-0.5,-0.37,3.E-02));
#7468 = VECTOR('',#7469,1.);
#7469 = DIRECTION('',(0.,1.,0.));
#7470 = PLANE('',#7471);
#7471 = AXIS2_PLACEMENT_3D('',#7472,#7473,#7474);
#7472 = CARTESIAN_POINT('',(-0.5,-0.4,0.));
#7473 = DIRECTION('',(1.,0.,0.));
#7474 = DIRECTION('',(0.,0.,1.));
#7475 = ADVANCED_FACE('',(#7476),#7502,.T.);
#7476 = FACE_BOUND('',#7477,.T.);
#7477 = EDGE_LOOP('',(#7478,#7479,#7487,#7496));
#7478 = ORIENTED_EDGE('',*,*,#7403,.T.);
#7479 = ORIENTED_EDGE('',*,*,#7480,.T.);
#7480 = EDGE_CURVE('',#7406,#7481,#7483,.T.);
#7481 = VERTEX_POINT('',#7482);
#7482 = CARTESIAN_POINT('',(0.5,-0.34,3.E-02));
#7483 = LINE('',#7484,#7485);
#7484 = CARTESIAN_POINT('',(-0.5,-0.34,3.E-02));
#7485 = VECTOR('',#7486,1.);
#7486 = DIRECTION('',(1.,0.,0.));
#7487 = ORIENTED_EDGE('',*,*,#7488,.F.);
#7488 = EDGE_CURVE('',#7489,#7481,#7491,.T.);
#7489 = VERTEX_POINT('',#7490);
#7490 = CARTESIAN_POINT('',(0.5,-0.37,6.E-02));
#7491 = CIRCLE('',#7492,3.E-02);
#7492 = AXIS2_PLACEMENT_3D('',#7493,#7494,#7495);
#7493 = CARTESIAN_POINT('',(0.5,-0.34,6.E-02));
#7494 = DIRECTION('',(1.,0.,-0.));
#7495 = DIRECTION('',(0.,0.,1.));
#7496 = ORIENTED_EDGE('',*,*,#7497,.F.);
#7497 = EDGE_CURVE('',#7404,#7489,#7498,.T.);
#7498 = LINE('',#7499,#7500);
#7499 = CARTESIAN_POINT('',(-0.5,-0.37,6.E-02));
#7500 = VECTOR('',#7501,1.);
#7501 = DIRECTION('',(1.,0.,0.));
#7502 = CYLINDRICAL_SURFACE('',#7503,3.E-02);
#7503 = AXIS2_PLACEMENT_3D('',#7504,#7505,#7506);
#7504 = CARTESIAN_POINT('',(-0.5,-0.34,6.E-02));
#7505 = DIRECTION('',(1.,0.,0.));
#7506 = DIRECTION('',(0.,-1.,0.));
#7507 = ADVANCED_FACE('',(#7508),#7526,.F.);
#7508 = FACE_BOUND('',#7509,.F.);
#7509 = EDGE_LOOP('',(#7510,#7511,#7512,#7520));
#7510 = ORIENTED_EDGE('',*,*,#7465,.F.);
#7511 = ORIENTED_EDGE('',*,*,#7480,.T.);
#7512 = ORIENTED_EDGE('',*,*,#7513,.T.);
#7513 = EDGE_CURVE('',#7481,#7514,#7516,.T.);
#7514 = VERTEX_POINT('',#7515);
#7515 = CARTESIAN_POINT('',(0.5,0.34,3.E-02));
#7516 = LINE('',#7517,#7518);
#7517 = CARTESIAN_POINT('',(0.5,-0.37,3.E-02));
#7518 = VECTOR('',#7519,1.);
#7519 = DIRECTION('',(0.,1.,0.));
#7520 = ORIENTED_EDGE('',*,*,#7521,.F.);
#7521 = EDGE_CURVE('',#7457,#7514,#7522,.T.);
#7522 = LINE('',#7523,#7524);
#7523 = CARTESIAN_POINT('',(-0.5,0.34,3.E-02));
#7524 = VECTOR('',#7525,1.);
#7525 = DIRECTION('',(1.,0.,0.));
#7526 = PLANE('',#7527);
#7527 = AXIS2_PLACEMENT_3D('',#7528,#7529,#7530);
#7528 = CARTESIAN_POINT('',(-0.5,-0.37,3.E-02));
#7529 = DIRECTION('',(0.,0.,1.));
#7530 = DIRECTION('',(1.,0.,-0.));
#7531 = ADVANCED_FACE('',(#7532),#7551,.T.);
#7532 = FACE_BOUND('',#7533,.T.);
#7533 = EDGE_LOOP('',(#7534,#7542,#7549,#7550));
#7534 = ORIENTED_EDGE('',*,*,#7535,.T.);
#7535 = EDGE_CURVE('',#7449,#7536,#7538,.T.);
#7536 = VERTEX_POINT('',#7537);
#7537 = CARTESIAN_POINT('',(0.5,0.37,6.E-02));
#7538 = LINE('',#7539,#7540);
#7539 = CARTESIAN_POINT('',(-0.5,0.37,6.E-02));
#7540 = VECTOR('',#7541,1.);
#7541 = DIRECTION('',(1.,0.,0.));
#7542 = ORIENTED_EDGE('',*,*,#7543,.T.);
#7543 = EDGE_CURVE('',#7536,#7514,#7544,.T.);
#7544 = CIRCLE('',#7545,3.E-02);
#7545 = AXIS2_PLACEMENT_3D('',#7546,#7547,#7548);
#7546 = CARTESIAN_POINT('',(0.5,0.34,6.E-02));
#7547 = DIRECTION('',(-1.,0.,0.));
#7548 = DIRECTION('',(0.,0.,1.));
#7549 = ORIENTED_EDGE('',*,*,#7521,.F.);
#7550 = ORIENTED_EDGE('',*,*,#7456,.F.);
#7551 = CYLINDRICAL_SURFACE('',#7552,3.E-02);
#7552 = AXIS2_PLACEMENT_3D('',#7553,#7554,#7555);
#7553 = CARTESIAN_POINT('',(-0.5,0.34,6.E-02));
#7554 = DIRECTION('',(1.,0.,0.));
#7555 = DIRECTION('',(-0.,1.,0.));
#7556 = ADVANCED_FACE('',(#7557),#7575,.T.);
#7557 = FACE_BOUND('',#7558,.T.);
#7558 = EDGE_LOOP('',(#7559,#7567,#7568,#7569));
#7559 = ORIENTED_EDGE('',*,*,#7560,.F.);
#7560 = EDGE_CURVE('',#7536,#7561,#7563,.T.);
#7561 = VERTEX_POINT('',#7562);
#7562 = CARTESIAN_POINT('',(0.5,0.37,0.74));
#7563 = LINE('',#7564,#7565);
#7564 = CARTESIAN_POINT('',(0.5,0.37,3.E-02));
#7565 = VECTOR('',#7566,1.);
#7566 = DIRECTION('',(0.,0.,1.));
#7567 = ORIENTED_EDGE('',*,*,#7535,.F.);
#7568 = ORIENTED_EDGE('',*,*,#7448,.T.);
#7569 = ORIENTED_EDGE('',*,*,#7570,.T.);
#7570 = EDGE_CURVE('',#7440,#7561,#7571,.T.);
#7571 = LINE('',#7572,#7573);
#7572 = CARTESIAN_POINT('',(-0.5,0.37,0.74));
#7573 = VECTOR('',#7574,1.);
#7574 = DIRECTION('',(1.,0.,0.));
#7575 = PLANE('',#7576);
#7576 = AXIS2_PLACEMENT_3D('',#7577,#7578,#7579);
#7577 = CARTESIAN_POINT('',(-0.5,0.37,3.E-02));
#7578 = DIRECTION('',(0.,1.,0.));
#7579 = DIRECTION('',(0.,-0.,1.));
#7580 = ADVANCED_FACE('',(#7581),#7600,.T.);
#7581 = FACE_BOUND('',#7582,.T.);
#7582 = EDGE_LOOP('',(#7583,#7584,#7592,#7599));
#7583 = ORIENTED_EDGE('',*,*,#7439,.T.);
#7584 = ORIENTED_EDGE('',*,*,#7585,.T.);
#7585 = EDGE_CURVE('',#7432,#7586,#7588,.T.);
#7586 = VERTEX_POINT('',#7587);
#7587 = CARTESIAN_POINT('',(0.5,0.34,0.77));
#7588 = LINE('',#7589,#7590);
#7589 = CARTESIAN_POINT('',(-0.5,0.34,0.77));
#7590 = VECTOR('',#7591,1.);
#7591 = DIRECTION('',(1.,0.,0.));
#7592 = ORIENTED_EDGE('',*,*,#7593,.F.);
#7593 = EDGE_CURVE('',#7561,#7586,#7594,.T.);
#7594 = CIRCLE('',#7595,3.E-02);
#7595 = AXIS2_PLACEMENT_3D('',#7596,#7597,#7598);
#7596 = CARTESIAN_POINT('',(0.5,0.34,0.74));
#7597 = DIRECTION('',(1.,0.,-0.));
#7598 = DIRECTION('',(0.,0.,1.));
#7599 = ORIENTED_EDGE('',*,*,#7570,.F.);
#7600 = CYLINDRICAL_SURFACE('',#7601,3.E-02);
#7601 = AXIS2_PLACEMENT_3D('',#7602,#7603,#7604);
#7602 = CARTESIAN_POINT('',(-0.5,0.34,0.74));
#7603 = DIRECTION('',(1.,0.,0.));
#7604 = DIRECTION('',(-0.,1.,0.));
#7605 = ADVANCED_FACE('',(#7606),#7624,.T.);
#7606 = FACE_BOUND('',#7607,.T.);
#7607 = EDGE_LOOP('',(#7608,#7609,#7617,#7623));
#7608 = ORIENTED_EDGE('',*,*,#7431,.F.);
#7609 = ORIENTED_EDGE('',*,*,#7610,.T.);
#7610 = EDGE_CURVE('',#7423,#7611,#7613,.T.);
#7611 = VERTEX_POINT('',#7612);
#7612 = CARTESIAN_POINT('',(0.5,-0.34,0.77));
#7613 = LINE('',#7614,#7615);
#7614 = CARTESIAN_POINT('',(-0.5,-0.34,0.77));
#7615 = VECTOR('',#7616,1.);
#7616 = DIRECTION('',(1.,0.,0.));
#7617 = ORIENTED_EDGE('',*,*,#7618,.T.);
#7618 = EDGE_CURVE('',#7611,#7586,#7619,.T.);
#7619 = LINE('',#7620,#7621);
#7620 = CARTESIAN_POINT('',(0.5,-0.37,0.77));
#7621 = VECTOR('',#7622,1.);
#7622 = DIRECTION('',(0.,1.,0.));
#7623 = ORIENTED_EDGE('',*,*,#7585,.F.);
#7624 = PLANE('',#7625);
#7625 = AXIS2_PLACEMENT_3D('',#7626,#7627,#7628);
#7626 = CARTESIAN_POINT('',(-0.5,-0.37,0.77));
#7627 = DIRECTION('',(0.,0.,1.));
#7628 = DIRECTION('',(1.,0.,-0.));
#7629 = ADVANCED_FACE('',(#7630),#7649,.T.);
#7630 = FACE_BOUND('',#7631,.T.);
#7631 = EDGE_LOOP('',(#7632,#7640,#7647,#7648));
#7632 = ORIENTED_EDGE('',*,*,#7633,.T.);
#7633 = EDGE_CURVE('',#7415,#7634,#7636,.T.);
#7634 = VERTEX_POINT('',#7635);
#7635 = CARTESIAN_POINT('',(0.5,-0.37,0.74));
#7636 = LINE('',#7637,#7638);
#7637 = CARTESIAN_POINT('',(-0.5,-0.37,0.74));
#7638 = VECTOR('',#7639,1.);
#7639 = DIRECTION('',(1.,0.,0.));
#7640 = ORIENTED_EDGE('',*,*,#7641,.T.);
#7641 = EDGE_CURVE('',#7634,#7611,#7642,.T.);
#7642 = CIRCLE('',#7643,3.E-02);
#7643 = AXIS2_PLACEMENT_3D('',#7644,#7645,#7646);
#7644 = CARTESIAN_POINT('',(0.5,-0.34,0.74));
#7645 = DIRECTION('',(-1.,0.,0.));
#7646 = DIRECTION('',(0.,0.,1.));
#7647 = ORIENTED_EDGE('',*,*,#7610,.F.);
#7648 = ORIENTED_EDGE('',*,*,#7422,.F.);
#7649 = CYLINDRICAL_SURFACE('',#7650,3.E-02);
#7650 = AXIS2_PLACEMENT_3D('',#7651,#7652,#7653);
#7651 = CARTESIAN_POINT('',(-0.5,-0.34,0.74));
#7652 = DIRECTION('',(1.,0.,0.));
#7653 = DIRECTION('',(0.,-1.,0.));
#7654 = ADVANCED_FACE('',(#7655),#7666,.F.);
#7655 = FACE_BOUND('',#7656,.F.);
#7656 = EDGE_LOOP('',(#7657,#7663,#7664,#7665));
#7657 = ORIENTED_EDGE('',*,*,#7658,.F.);
#7658 = EDGE_CURVE('',#7489,#7634,#7659,.T.);
#7659 = LINE('',#7660,#7661);
#7660 = CARTESIAN_POINT('',(0.5,-0.37,3.E-02));
#7661 = VECTOR('',#7662,1.);
#7662 = DIRECTION('',(0.,0.,1.));
#7663 = ORIENTED_EDGE('',*,*,#7497,.F.);
#7664 = ORIENTED_EDGE('',*,*,#7414,.T.);
#7665 = ORIENTED_EDGE('',*,*,#7633,.T.);
#7666 = PLANE('',#7667);
#7667 = AXIS2_PLACEMENT_3D('',#7668,#7669,#7670);
#7668 = CARTESIAN_POINT('',(-0.5,-0.37,3.E-02));
#7669 = DIRECTION('',(0.,1.,0.));
#7670 = DIRECTION('',(0.,-0.,1.));
#7671 = ADVANCED_FACE('',(#7672,#7742),#7752,.F.);
#7672 = FACE_BOUND('',#7673,.F.);
#7673 = EDGE_LOOP('',(#7674,#7684,#7693,#7701,#7710,#7718,#7727,#7735));
#7674 = ORIENTED_EDGE('',*,*,#7675,.F.);
#7675 = EDGE_CURVE('',#7676,#7678,#7680,.T.);
#7676 = VERTEX_POINT('',#7677);
#7677 = CARTESIAN_POINT('',(0.5,-0.4,3.E-02));
#7678 = VERTEX_POINT('',#7679);
#7679 = CARTESIAN_POINT('',(0.5,-0.4,0.77));
#7680 = LINE('',#7681,#7682);
#7681 = CARTESIAN_POINT('',(0.5,-0.4,0.));
#7682 = VECTOR('',#7683,1.);
#7683 = DIRECTION('',(0.,0.,1.));
#7684 = ORIENTED_EDGE('',*,*,#7685,.T.);
#7685 = EDGE_CURVE('',#7676,#7686,#7688,.T.);
#7686 = VERTEX_POINT('',#7687);
#7687 = CARTESIAN_POINT('',(0.5,-0.37,0.));
#7688 = CIRCLE('',#7689,3.E-02);
#7689 = AXIS2_PLACEMENT_3D('',#7690,#7691,#7692);
#7690 = CARTESIAN_POINT('',(0.5,-0.37,3.E-02));
#7691 = DIRECTION('',(1.,0.,-0.));
#7692 = DIRECTION('',(0.,0.,1.));
#7693 = ORIENTED_EDGE('',*,*,#7694,.T.);
#7694 = EDGE_CURVE('',#7686,#7695,#7697,.T.);
#7695 = VERTEX_POINT('',#7696);
#7696 = CARTESIAN_POINT('',(0.5,0.37,0.));
#7697 = LINE('',#7698,#7699);
#7698 = CARTESIAN_POINT('',(0.5,-0.4,0.));
#7699 = VECTOR('',#7700,1.);
#7700 = DIRECTION('',(0.,1.,0.));
#7701 = ORIENTED_EDGE('',*,*,#7702,.F.);
#7702 = EDGE_CURVE('',#7703,#7695,#7705,.T.);
#7703 = VERTEX_POINT('',#7704);
#7704 = CARTESIAN_POINT('',(0.5,0.4,3.E-02));
#7705 = CIRCLE('',#7706,3.E-02);
#7706 = AXIS2_PLACEMENT_3D('',#7707,#7708,#7709);
#7707 = CARTESIAN_POINT('',(0.5,0.37,3.E-02));
#7708 = DIRECTION('',(-1.,0.,0.));
#7709 = DIRECTION('',(0.,0.,1.));
#7710 = ORIENTED_EDGE('',*,*,#7711,.T.);
#7711 = EDGE_CURVE('',#7703,#7712,#7714,.T.);
#7712 = VERTEX_POINT('',#7713);
#7713 = CARTESIAN_POINT('',(0.5,0.4,0.77));
#7714 = LINE('',#7715,#7716);
#7715 = CARTESIAN_POINT('',(0.5,0.4,0.));
#7716 = VECTOR('',#7717,1.);
#7717 = DIRECTION('',(0.,0.,1.));
#7718 = ORIENTED_EDGE('',*,*,#7719,.T.);
#7719 = EDGE_CURVE('',#7712,#7720,#7722,.T.);
#7720 = VERTEX_POINT('',#7721);
#7721 = CARTESIAN_POINT('',(0.5,0.37,0.8));
#7722 = CIRCLE('',#7723,3.E-02);
#7723 = AXIS2_PLACEMENT_3D('',#7724,#7725,#7726);
#7724 = CARTESIAN_POINT('',(0.5,0.37,0.77));
#7725 = DIRECTION('',(1.,0.,-0.));
#7726 = DIRECTION('',(0.,0.,1.));
#7727 = ORIENTED_EDGE('',*,*,#7728,.F.);
#7728 = EDGE_CURVE('',#7729,#7720,#7731,.T.);
#7729 = VERTEX_POINT('',#7730);
#7730 = CARTESIAN_POINT('',(0.5,-0.37,0.8));
#7731 = LINE('',#7732,#7733);
#7732 = CARTESIAN_POINT('',(0.5,-0.4,0.8));
#7733 = VECTOR('',#7734,1.);
#7734 = DIRECTION('',(0.,1.,0.));
#7735 = ORIENTED_EDGE('',*,*,#7736,.F.);
#7736 = EDGE_CURVE('',#7678,#7729,#7737,.T.);
#7737 = CIRCLE('',#7738,3.E-02);
#7738 = AXIS2_PLACEMENT_3D('',#7739,#7740,#7741);
#7739 = CARTESIAN_POINT('',(0.5,-0.37,0.77));
#7740 = DIRECTION('',(-1.,0.,0.));
#7741 = DIRECTION('',(0.,0.,1.));
#7742 = FACE_BOUND('',#7743,.F.);
#7743 = EDGE_LOOP('',(#7744,#7745,#7746,#7747,#7748,#7749,#7750,#7751));
#7744 = ORIENTED_EDGE('',*,*,#7488,.F.);
#7745 = ORIENTED_EDGE('',*,*,#7658,.T.);
#7746 = ORIENTED_EDGE('',*,*,#7641,.T.);
#7747 = ORIENTED_EDGE('',*,*,#7618,.T.);
#7748 = ORIENTED_EDGE('',*,*,#7593,.F.);
#7749 = ORIENTED_EDGE('',*,*,#7560,.F.);
#7750 = ORIENTED_EDGE('',*,*,#7543,.T.);
#7751 = ORIENTED_EDGE('',*,*,#7513,.F.);
#7752 = PLANE('',#7753);
#7753 = AXIS2_PLACEMENT_3D('',#7754,#7755,#7756);
#7754 = CARTESIAN_POINT('',(0.5,-0.4,0.));
#7755 = DIRECTION('',(1.,0.,0.));
#7756 = DIRECTION('',(0.,0.,1.));
#7757 = ADVANCED_FACE('',(#7758),#7783,.F.);
#7758 = FACE_BOUND('',#7759,.F.);
#7759 = EDGE_LOOP('',(#7760,#7770,#7776,#7777));
#7760 = ORIENTED_EDGE('',*,*,#7761,.F.);
#7761 = EDGE_CURVE('',#7762,#7764,#7766,.T.);
#7762 = VERTEX_POINT('',#7763);
#7763 = CARTESIAN_POINT('',(0.8,-0.4,3.E-02));
#7764 = VERTEX_POINT('',#7765);
#7765 = CARTESIAN_POINT('',(0.8,-0.4,0.77));
#7766 = LINE('',#7767,#7768);
#7767 = CARTESIAN_POINT('',(0.8,-0.4,0.));
#7768 = VECTOR('',#7769,1.);
#7769 = DIRECTION('',(0.,0.,1.));
#7770 = ORIENTED_EDGE('',*,*,#7771,.F.);
#7771 = EDGE_CURVE('',#7676,#7762,#7772,.T.);
#7772 = LINE('',#7773,#7774);
#7773 = CARTESIAN_POINT('',(0.5,-0.4,3.E-02));
#7774 = VECTOR('',#7775,1.);
#7775 = DIRECTION('',(1.,0.,0.));
#7776 = ORIENTED_EDGE('',*,*,#7675,.T.);
#7777 = ORIENTED_EDGE('',*,*,#7778,.T.);
#7778 = EDGE_CURVE('',#7678,#7764,#7779,.T.);
#7779 = LINE('',#7780,#7781);
#7780 = CARTESIAN_POINT('',(0.5,-0.4,0.77));
#7781 = VECTOR('',#7782,1.);
#7782 = DIRECTION('',(1.,0.,0.));
#7783 = PLANE('',#7784);
#7784 = AXIS2_PLACEMENT_3D('',#7785,#7786,#7787);
#7785 = CARTESIAN_POINT('',(0.5,-0.4,0.));
#7786 = DIRECTION('',(0.,1.,0.));
#7787 = DIRECTION('',(0.,-0.,1.));
#7788 = ADVANCED_FACE('',(#7789),#7808,.T.);
#7789 = FACE_BOUND('',#7790,.T.);
#7790 = EDGE_LOOP('',(#7791,#7792,#7800,#7807));
#7791 = ORIENTED_EDGE('',*,*,#7685,.T.);
#7792 = ORIENTED_EDGE('',*,*,#7793,.T.);
#7793 = EDGE_CURVE('',#7686,#7794,#7796,.T.);
#7794 = VERTEX_POINT('',#7795);
#7795 = CARTESIAN_POINT('',(0.8,-0.37,0.));
#7796 = LINE('',#7797,#7798);
#7797 = CARTESIAN_POINT('',(0.5,-0.37,0.));
#7798 = VECTOR('',#7799,1.);
#7799 = DIRECTION('',(1.,0.,0.));
#7800 = ORIENTED_EDGE('',*,*,#7801,.F.);
#7801 = EDGE_CURVE('',#7762,#7794,#7802,.T.);
#7802 = CIRCLE('',#7803,3.E-02);
#7803 = AXIS2_PLACEMENT_3D('',#7804,#7805,#7806);
#7804 = CARTESIAN_POINT('',(0.8,-0.37,3.E-02));
#7805 = DIRECTION('',(1.,0.,-0.));
#7806 = DIRECTION('',(0.,0.,1.));
#7807 = ORIENTED_EDGE('',*,*,#7771,.F.);
#7808 = CYLINDRICAL_SURFACE('',#7809,3.E-02);
#7809 = AXIS2_PLACEMENT_3D('',#7810,#7811,#7812);
#7810 = CARTESIAN_POINT('',(0.5,-0.37,3.E-02));
#7811 = DIRECTION('',(1.,0.,0.));
#7812 = DIRECTION('',(0.,-1.,0.));
#7813 = ADVANCED_FACE('',(#7814),#7833,.T.);
#7814 = FACE_BOUND('',#7815,.T.);
#7815 = EDGE_LOOP('',(#7816,#7817,#7826,#7832));
#7816 = ORIENTED_EDGE('',*,*,#7778,.T.);
#7817 = ORIENTED_EDGE('',*,*,#7818,.T.);
#7818 = EDGE_CURVE('',#7764,#7819,#7821,.T.);
#7819 = VERTEX_POINT('',#7820);
#7820 = CARTESIAN_POINT('',(0.8,-0.37,0.8));
#7821 = CIRCLE('',#7822,3.E-02);
#7822 = AXIS2_PLACEMENT_3D('',#7823,#7824,#7825);
#7823 = CARTESIAN_POINT('',(0.8,-0.37,0.77));
#7824 = DIRECTION('',(-1.,0.,0.));
#7825 = DIRECTION('',(0.,0.,1.));
#7826 = ORIENTED_EDGE('',*,*,#7827,.F.);
#7827 = EDGE_CURVE('',#7729,#7819,#7828,.T.);
#7828 = LINE('',#7829,#7830);
#7829 = CARTESIAN_POINT('',(0.5,-0.37,0.8));
#7830 = VECTOR('',#7831,1.);
#7831 = DIRECTION('',(1.,0.,0.));
#7832 = ORIENTED_EDGE('',*,*,#7736,.F.);
#7833 = CYLINDRICAL_SURFACE('',#7834,3.E-02);
#7834 = AXIS2_PLACEMENT_3D('',#7835,#7836,#7837);
#7835 = CARTESIAN_POINT('',(0.5,-0.37,0.77));
#7836 = DIRECTION('',(1.,0.,0.));
#7837 = DIRECTION('',(0.,-1.,0.));
#7838 = ADVANCED_FACE('',(#7839),#7857,.F.);
#7839 = FACE_BOUND('',#7840,.F.);
#7840 = EDGE_LOOP('',(#7841,#7842,#7843,#7851));
#7841 = ORIENTED_EDGE('',*,*,#7694,.F.);
#7842 = ORIENTED_EDGE('',*,*,#7793,.T.);
#7843 = ORIENTED_EDGE('',*,*,#7844,.T.);
#7844 = EDGE_CURVE('',#7794,#7845,#7847,.T.);
#7845 = VERTEX_POINT('',#7846);
#7846 = CARTESIAN_POINT('',(0.8,0.37,0.));
#7847 = LINE('',#7848,#7849);
#7848 = CARTESIAN_POINT('',(0.8,-0.4,0.));
#7849 = VECTOR('',#7850,1.);
#7850 = DIRECTION('',(0.,1.,0.));
#7851 = ORIENTED_EDGE('',*,*,#7852,.F.);
#7852 = EDGE_CURVE('',#7695,#7845,#7853,.T.);
#7853 = LINE('',#7854,#7855);
#7854 = CARTESIAN_POINT('',(0.5,0.37,0.));
#7855 = VECTOR('',#7856,1.);
#7856 = DIRECTION('',(1.,0.,0.));
#7857 = PLANE('',#7858);
#7858 = AXIS2_PLACEMENT_3D('',#7859,#7860,#7861);
#7859 = CARTESIAN_POINT('',(0.5,-0.4,0.));
#7860 = DIRECTION('',(0.,0.,1.));
#7861 = DIRECTION('',(1.,0.,-0.));
#7862 = ADVANCED_FACE('',(#7863),#7881,.T.);
#7863 = FACE_BOUND('',#7864,.T.);
#7864 = EDGE_LOOP('',(#7865,#7866,#7867,#7875));
#7865 = ORIENTED_EDGE('',*,*,#7728,.F.);
#7866 = ORIENTED_EDGE('',*,*,#7827,.T.);
#7867 = ORIENTED_EDGE('',*,*,#7868,.T.);
#7868 = EDGE_CURVE('',#7819,#7869,#7871,.T.);
#7869 = VERTEX_POINT('',#7870);
#7870 = CARTESIAN_POINT('',(0.8,0.37,0.8));
#7871 = LINE('',#7872,#7873);
#7872 = CARTESIAN_POINT('',(0.8,-0.4,0.8));
#7873 = VECTOR('',#7874,1.);
#7874 = DIRECTION('',(0.,1.,0.));
#7875 = ORIENTED_EDGE('',*,*,#7876,.F.);
#7876 = EDGE_CURVE('',#7720,#7869,#7877,.T.);
#7877 = LINE('',#7878,#7879);
#7878 = CARTESIAN_POINT('',(0.5,0.37,0.8));
#7879 = VECTOR('',#7880,1.);
#7880 = DIRECTION('',(1.,0.,0.));
#7881 = PLANE('',#7882);
#7882 = AXIS2_PLACEMENT_3D('',#7883,#7884,#7885);
#7883 = CARTESIAN_POINT('',(0.5,-0.4,0.8));
#7884 = DIRECTION('',(0.,0.,1.));
#7885 = DIRECTION('',(1.,0.,-0.));
#7886 = ADVANCED_FACE('',(#7887),#7906,.T.);
#7887 = FACE_BOUND('',#7888,.T.);
#7888 = EDGE_LOOP('',(#7889,#7897,#7904,#7905));
#7889 = ORIENTED_EDGE('',*,*,#7890,.T.);
#7890 = EDGE_CURVE('',#7703,#7891,#7893,.T.);
#7891 = VERTEX_POINT('',#7892);
#7892 = CARTESIAN_POINT('',(0.8,0.4,3.E-02));
#7893 = LINE('',#7894,#7895);
#7894 = CARTESIAN_POINT('',(0.5,0.4,3.E-02));
#7895 = VECTOR('',#7896,1.);
#7896 = DIRECTION('',(1.,0.,0.));
#7897 = ORIENTED_EDGE('',*,*,#7898,.T.);
#7898 = EDGE_CURVE('',#7891,#7845,#7899,.T.);
#7899 = CIRCLE('',#7900,3.E-02);
#7900 = AXIS2_PLACEMENT_3D('',#7901,#7902,#7903);
#7901 = CARTESIAN_POINT('',(0.8,0.37,3.E-02));
#7902 = DIRECTION('',(-1.,0.,0.));
#7903 = DIRECTION('',(0.,0.,1.));
#7904 = ORIENTED_EDGE('',*,*,#7852,.F.);
#7905 = ORIENTED_EDGE('',*,*,#7702,.F.);
#7906 = CYLINDRICAL_SURFACE('',#7907,3.E-02);
#7907 = AXIS2_PLACEMENT_3D('',#7908,#7909,#7910);
#7908 = CARTESIAN_POINT('',(0.5,0.37,3.E-02));
#7909 = DIRECTION('',(1.,0.,0.));
#7910 = DIRECTION('',(-0.,1.,0.));
#7911 = ADVANCED_FACE('',(#7912),#7931,.T.);
#7912 = FACE_BOUND('',#7913,.T.);
#7913 = EDGE_LOOP('',(#7914,#7915,#7916,#7925));
#7914 = ORIENTED_EDGE('',*,*,#7719,.T.);
#7915 = ORIENTED_EDGE('',*,*,#7876,.T.);
#7916 = ORIENTED_EDGE('',*,*,#7917,.F.);
#7917 = EDGE_CURVE('',#7918,#7869,#7920,.T.);
#7918 = VERTEX_POINT('',#7919);
#7919 = CARTESIAN_POINT('',(0.8,0.4,0.77));
#7920 = CIRCLE('',#7921,3.E-02);
#7921 = AXIS2_PLACEMENT_3D('',#7922,#7923,#7924);
#7922 = CARTESIAN_POINT('',(0.8,0.37,0.77));
#7923 = DIRECTION('',(1.,0.,-0.));
#7924 = DIRECTION('',(0.,0.,1.));
#7925 = ORIENTED_EDGE('',*,*,#7926,.F.);
#7926 = EDGE_CURVE('',#7712,#7918,#7927,.T.);
#7927 = LINE('',#7928,#7929);
#7928 = CARTESIAN_POINT('',(0.5,0.4,0.77));
#7929 = VECTOR('',#7930,1.);
#7930 = DIRECTION('',(1.,0.,0.));
#7931 = CYLINDRICAL_SURFACE('',#7932,3.E-02);
#7932 = AXIS2_PLACEMENT_3D('',#7933,#7934,#7935);
#7933 = CARTESIAN_POINT('',(0.5,0.37,0.77));
#7934 = DIRECTION('',(1.,0.,0.));
#7935 = DIRECTION('',(-0.,1.,0.));
#7936 = ADVANCED_FACE('',(#7937),#7948,.T.);
#7937 = FACE_BOUND('',#7938,.T.);
#7938 = EDGE_LOOP('',(#7939,#7945,#7946,#7947));
#7939 = ORIENTED_EDGE('',*,*,#7940,.F.);
#7940 = EDGE_CURVE('',#7891,#7918,#7941,.T.);
#7941 = LINE('',#7942,#7943);
#7942 = CARTESIAN_POINT('',(0.8,0.4,0.));
#7943 = VECTOR('',#7944,1.);
#7944 = DIRECTION('',(0.,0.,1.));
#7945 = ORIENTED_EDGE('',*,*,#7890,.F.);
#7946 = ORIENTED_EDGE('',*,*,#7711,.T.);
#7947 = ORIENTED_EDGE('',*,*,#7926,.T.);
#7948 = PLANE('',#7949);
#7949 = AXIS2_PLACEMENT_3D('',#7950,#7951,#7952);
#7950 = CARTESIAN_POINT('',(0.5,0.4,0.));
#7951 = DIRECTION('',(0.,1.,0.));
#7952 = DIRECTION('',(0.,-0.,1.));
#7953 = ADVANCED_FACE('',(#7954),#7964,.T.);
#7954 = FACE_BOUND('',#7955,.T.);
#7955 = EDGE_LOOP('',(#7956,#7957,#7958,#7959,#7960,#7961,#7962,#7963));
#7956 = ORIENTED_EDGE('',*,*,#7761,.F.);
#7957 = ORIENTED_EDGE('',*,*,#7801,.T.);
#7958 = ORIENTED_EDGE('',*,*,#7844,.T.);
#7959 = ORIENTED_EDGE('',*,*,#7898,.F.);
#7960 = ORIENTED_EDGE('',*,*,#7940,.T.);
#7961 = ORIENTED_EDGE('',*,*,#7917,.T.);
#7962 = ORIENTED_EDGE('',*,*,#7868,.F.);
#7963 = ORIENTED_EDGE('',*,*,#7818,.F.);
#7964 = PLANE('',#7965);
#7965 = AXIS2_PLACEMENT_3D('',#7966,#7967,#7968);
#7966 = CARTESIAN_POINT('',(0.8,-0.4,0.));
#7967 = DIRECTION('',(1.,0.,0.));
#7968 = DIRECTION('',(0.,0.,1.));
#7969 = ( GEOMETRIC_REPRESENTATION_CONTEXT(3) 
GLOBAL_UNCERTAINTY_ASSIGNED_CONTEXT((#7973)) 
GLOBAL_UNIT_ASSIGNED_CONTEXT((#7970,#7971,#7972)) REPRESENTATION_CONTEXT
('Context #1','3D Context with UNIT and UNCERTAINTY') );
#7970 = ( LENGTH_UNIT() NAMED_UNIT(*) SI_UNIT(.MILLI.,.METRE.) );
#7971 = ( NAMED_UNIT(*) PLANE_ANGLE_UNIT() SI_UNIT($,.RADIAN.) );
#7972 = ( NAMED_UNIT(*) SI_UNIT($,.STERADIAN.) SOLID_ANGLE_UNIT() );
#7973 = UNCERTAINTY_MEASURE_WITH_UNIT(LENGTH_MEASURE(1.E-07),#7970,
  'distance_accuracy_value','confusion accuracy');
#7974 = CONTEXT_DEPENDENT_SHAPE_REPRESENTATION(#7975,#7977);
#7975 = ( REPRESENTATION_RELATIONSHIP('','',#7114,#7091) 
REPRESENTATION_RELATIONSHIP_WITH_TRANSFORMATION(#7976) 
SHAPE_REPRESENTATION_RELATIONSHIP() );
#7976 = ITEM_DEFINED_TRANSFORMATION('','',#11,#7092);
#7977 = PRODUCT_DEFINITION_SHAPE('Placement','Placement of an item',
  #7978);
#7978 = NEXT_ASSEMBLY_USAGE_OCCURRENCE('8','=>[0:1:1:9]','',#7086,#7109,
  $);
#7979 = PRODUCT_RELATED_PRODUCT_CATEGORY('part',$,(#7111));
#7980 = SHAPE_DEFINITION_REPRESENTATION(#7981,#7987);
#7981 = PRODUCT_DEFINITION_SHAPE('','',#7982);
#7982 = PRODUCT_DEFINITION('design','',#7983,#7986);
#7983 = PRODUCT_DEFINITION_FORMATION('','',#7984);
#7984 = PRODUCT('JST_PH_S5B-PH-K_1x05_P2.00mm_Horizontal',
  'JST_PH_S5B-PH-K_1x05_P2.00mm_Horizontal','',(#7985));
#7985 = PRODUCT_CONTEXT('',#2,'mechanical');
#7986 = PRODUCT_DEFINITION_CONTEXT('part definition',#2,'design');
#7987 = SHAPE_REPRESENTATION('',(#11,#7988),#7992);
#7988 = AXIS2_PLACEMENT_3D('',#7989,#7990,#7991);
#7989 = CARTESIAN_POINT('',(0.,0.,0.));
#7990 = DIRECTION('',(0.,0.,1.));
#7991 = DIRECTION('',(1.,0.,-0.));
#7992 = ( GEOMETRIC_REPRESENTATION_CONTEXT(3) 
GLOBAL_UNCERTAINTY_ASSIGNED_CONTEXT((#7996)) 
GLOBAL_UNIT_ASSIGNED_CONTEXT((#7993,#7994,#7995)) REPRESENTATION_CONTEXT
('Context #1','3D Context with UNIT and UNCERTAINTY') );
#7993 = ( LENGTH_UNIT() NAMED_UNIT(*) SI_UNIT(.MILLI.,.METRE.) );
#7994 = ( NAMED_UNIT(*) PLANE_ANGLE_UNIT() SI_UNIT($,.RADIAN.) );
#7995 = ( NAMED_UNIT(*) SI_UNIT($,.STERADIAN.) SOLID_ANGLE_UNIT() );
#7996 = UNCERTAINTY_MEASURE_WITH_UNIT(LENGTH_MEASURE(1.E-07),#7993,
  'distance_accuracy_value','confusion accuracy');
#7997 = CONTEXT_DEPENDENT_SHAPE_REPRESENTATION(#7998,#8000);
#7998 = ( REPRESENTATION_RELATIONSHIP('','',#7987,#10) 
REPRESENTATION_RELATIONSHIP_WITH_TRANSFORMATION(#7999) 
SHAPE_REPRESENTATION_RELATIONSHIP() );
#7999 = ITEM_DEFINED_TRANSFORMATION('','',#11,#35);
#8000 = PRODUCT_DEFINITION_SHAPE('Placement','Placement of an item',
  #8001);
#8001 = NEXT_ASSEMBLY_USAGE_OCCURRENCE('11','J2','',#5,#7982,$);
#8002 = PRODUCT_RELATED_PRODUCT_CATEGORY('part',$,(#7984));
#8003 = SHAPE_DEFINITION_REPRESENTATION(#8004,#8010);
#8004 = PRODUCT_DEFINITION_SHAPE('','',#8005);
#8005 = PRODUCT_DEFINITION('design','',#8006,#8009);
#8006 = PRODUCT_DEFINITION_FORMATION('','',#8007);
#8007 = PRODUCT('JST_S5B_PH_K','JST_S5B_PH_K','',(#8008));
#8008 = PRODUCT_CONTEXT('',#2,'mechanical');
#8009 = PRODUCT_DEFINITION_CONTEXT('part definition',#2,'design');
#8010 = ADVANCED_BREP_SHAPE_REPRESENTATION('',(#11,#8011),#14331);
#8011 = MANIFOLD_SOLID_BREP('',#8012);
#8012 = CLOSED_SHELL('',(#8013,#8053,#8133,#8221,#8278,#8295,#8319,#8343
    ,#8367,#8423,#8655,#8686,#8698,#8880,#8894,#9046,#9103,#9127,#9200,
    #9224,#9257,#9368,#9656,#9696,#9727,#9745,#9762,#9780,#9806,#9837,
    #9854,#9887,#9911,#9942,#9959,#9992,#10016,#10047,#10064,#10097,
    #10121,#10152,#10169,#10202,#10242,#10265,#10314,#10338,#10385,
    #10402,#10419,#10431,#10478,#10509,#10526,#10543,#10560,#10577,
    #10594,#10618,#10642,#10659,#10683,#10707,#10724,#10748,#10772,
    #10789,#10813,#10837,#10854,#10871,#10883,#10900,#10912,#10936,
    #10954,#10966,#10978,#10992,#11004,#11016,#11047,#11071,#11095,
    #11112,#11143,#11167,#11191,#11208,#11239,#11263,#11287,#11304,
    #11335,#11359,#11383,#11400,#11431,#11455,#11479,#11496,#11542,
    #11588,#11634,#11680,#11726,#11743,#11755,#11786,#11810,#11834,
    #11851,#11882,#11906,#11930,#11947,#11978,#12002,#12026,#12043,
    #12074,#12098,#12122,#12139,#12170,#12194,#12218,#12235,#12266,
    #12356,#12380,#12463,#12528,#12552,#12610,#12627,#12692,#12716,
    #12774,#12791,#12856,#12880,#12938,#12955,#12986,#13076,#13100,
    #13183,#13195,#13207,#13219,#13231,#13243,#13260,#13277,#13294,
    #13311,#13344,#13384,#13415,#13432,#13444,#13477,#13494,#13511,
    #13542,#13564,#13576,#13607,#13624,#13641,#13672,#13694,#13706,
    #13737,#13754,#13771,#13802,#13824,#13836,#13867,#13884,#13901,
    #13918,#13935,#13968,#14008,#14039,#14056,#14068,#14101,#14118,
    #14135,#14147,#14164,#14181,#14193,#14210,#14227,#14239,#14256,
    #14273,#14285,#14302,#14319));
#8013 = ADVANCED_FACE('',(#8014),#8048,.T.);
#8014 = FACE_BOUND('',#8015,.T.);
#8015 = EDGE_LOOP('',(#8016,#8026,#8034,#8042));
#8016 = ORIENTED_EDGE('',*,*,#8017,.F.);
#8017 = EDGE_CURVE('',#8018,#8020,#8022,.T.);
#8018 = VERTEX_POINT('',#8019);
#8019 = CARTESIAN_POINT('',(9.95,-4.65,2.5));
#8020 = VERTEX_POINT('',#8021);
#8021 = CARTESIAN_POINT('',(9.95,-6.25,2.5));
#8022 = LINE('',#8023,#8024);
#8023 = CARTESIAN_POINT('',(9.95,-4.65,2.5));
#8024 = VECTOR('',#8025,1.);
#8025 = DIRECTION('',(-1.224646799147E-16,-1.,1.110223024625E-16));
#8026 = ORIENTED_EDGE('',*,*,#8027,.T.);
#8027 = EDGE_CURVE('',#8018,#8028,#8030,.T.);
#8028 = VERTEX_POINT('',#8029);
#8029 = CARTESIAN_POINT('',(9.45,-4.65,2.5));
#8030 = LINE('',#8031,#8032);
#8031 = CARTESIAN_POINT('',(9.95,-4.65,2.5));
#8032 = VECTOR('',#8033,1.);
#8033 = DIRECTION('',(-1.,1.224646799147E-16,0.));
#8034 = ORIENTED_EDGE('',*,*,#8035,.T.);
#8035 = EDGE_CURVE('',#8028,#8036,#8038,.T.);
#8036 = VERTEX_POINT('',#8037);
#8037 = CARTESIAN_POINT('',(9.45,-6.25,2.5));
#8038 = LINE('',#8039,#8040);
#8039 = CARTESIAN_POINT('',(9.45,-5.45,2.5));
#8040 = VECTOR('',#8041,1.);
#8041 = DIRECTION('',(-1.224646799147E-16,-1.,1.110223024625E-16));
#8042 = ORIENTED_EDGE('',*,*,#8043,.F.);
#8043 = EDGE_CURVE('',#8020,#8036,#8044,.T.);
#8044 = LINE('',#8045,#8046);
#8045 = CARTESIAN_POINT('',(9.95,-6.25,2.5));
#8046 = VECTOR('',#8047,1.);
#8047 = DIRECTION('',(-1.,1.224646799147E-16,0.));
#8048 = PLANE('',#8049);
#8049 = AXIS2_PLACEMENT_3D('',#8050,#8051,#8052);
#8050 = CARTESIAN_POINT('',(9.95,-4.65,2.5));
#8051 = DIRECTION('',(1.359631073447E-32,1.110223024625E-16,1.));
#8052 = DIRECTION('',(-1.224646799147E-16,-1.,1.110223024625E-16));
#8053 = ADVANCED_FACE('',(#8054),#8128,.T.);
#8054 = FACE_BOUND('',#8055,.T.);
#8055 = EDGE_LOOP('',(#8056,#8064,#8072,#8080,#8088,#8096,#8104,#8112,
    #8120,#8127));
#8056 = ORIENTED_EDGE('',*,*,#8057,.F.);
#8057 = EDGE_CURVE('',#8058,#8020,#8060,.T.);
#8058 = VERTEX_POINT('',#8059);
#8059 = CARTESIAN_POINT('',(9.95,-6.25,0.));
#8060 = LINE('',#8061,#8062);
#8061 = CARTESIAN_POINT('',(9.95,-6.25,0.3));
#8062 = VECTOR('',#8063,1.);
#8063 = DIRECTION('',(1.359631073447E-32,1.110223024625E-16,1.));
#8064 = ORIENTED_EDGE('',*,*,#8065,.F.);
#8065 = EDGE_CURVE('',#8066,#8058,#8068,.T.);
#8066 = VERTEX_POINT('',#8067);
#8067 = CARTESIAN_POINT('',(9.95,1.35,0.));
#8068 = LINE('',#8069,#8070);
#8069 = CARTESIAN_POINT('',(9.95,1.35,0.));
#8070 = VECTOR('',#8071,1.);
#8071 = DIRECTION('',(-1.224646799147E-16,-1.,0.));
#8072 = ORIENTED_EDGE('',*,*,#8073,.F.);
#8073 = EDGE_CURVE('',#8074,#8066,#8076,.T.);
#8074 = VERTEX_POINT('',#8075);
#8075 = CARTESIAN_POINT('',(9.95,1.35,3.2));
#8076 = LINE('',#8077,#8078);
#8077 = CARTESIAN_POINT('',(9.95,1.35,3.2));
#8078 = VECTOR('',#8079,1.);
#8079 = DIRECTION('',(-0.,0.,-1.));
#8080 = ORIENTED_EDGE('',*,*,#8081,.F.);
#8081 = EDGE_CURVE('',#8082,#8074,#8084,.T.);
#8082 = VERTEX_POINT('',#8083);
#8083 = CARTESIAN_POINT('',(9.95,-0.25,4.1));
#8084 = LINE('',#8085,#8086);
#8085 = CARTESIAN_POINT('',(9.95,-0.25,4.1));
#8086 = VECTOR('',#8087,1.);
#8087 = DIRECTION('',(1.067372191754E-16,0.871575537124,-0.490261239633)
  );
#8088 = ORIENTED_EDGE('',*,*,#8089,.T.);
#8089 = EDGE_CURVE('',#8082,#8090,#8092,.T.);
#8090 = VERTEX_POINT('',#8091);
#8091 = CARTESIAN_POINT('',(9.95,-0.25,4.8));
#8092 = LINE('',#8093,#8094);
#8093 = CARTESIAN_POINT('',(9.95,-0.25,0.3));
#8094 = VECTOR('',#8095,1.);
#8095 = DIRECTION('',(1.359631073447E-32,1.110223024625E-16,1.));
#8096 = ORIENTED_EDGE('',*,*,#8097,.T.);
#8097 = EDGE_CURVE('',#8090,#8098,#8100,.T.);
#8098 = VERTEX_POINT('',#8099);
#8099 = CARTESIAN_POINT('',(9.95,-6.25,4.8));
#8100 = LINE('',#8101,#8102);
#8101 = CARTESIAN_POINT('',(9.95,-0.25,4.8));
#8102 = VECTOR('',#8103,1.);
#8103 = DIRECTION('',(-1.224646799147E-16,-1.,1.110223024625E-16));
#8104 = ORIENTED_EDGE('',*,*,#8105,.F.);
#8105 = EDGE_CURVE('',#8106,#8098,#8108,.T.);
#8106 = VERTEX_POINT('',#8107);
#8107 = CARTESIAN_POINT('',(9.95,-6.25,3.3));
#8108 = LINE('',#8109,#8110);
#8109 = CARTESIAN_POINT('',(9.95,-6.25,0.3));
#8110 = VECTOR('',#8111,1.);
#8111 = DIRECTION('',(1.359631073447E-32,1.110223024625E-16,1.));
#8112 = ORIENTED_EDGE('',*,*,#8113,.T.);
#8113 = EDGE_CURVE('',#8106,#8114,#8116,.T.);
#8114 = VERTEX_POINT('',#8115);
#8115 = CARTESIAN_POINT('',(9.95,-4.65,3.3));
#8116 = LINE('',#8117,#8118);
#8117 = CARTESIAN_POINT('',(9.95,-6.25,3.3));
#8118 = VECTOR('',#8119,1.);
#8119 = DIRECTION('',(1.224646799147E-16,1.,-1.110223024625E-16));
#8120 = ORIENTED_EDGE('',*,*,#8121,.T.);
#8121 = EDGE_CURVE('',#8114,#8018,#8122,.T.);
#8122 = CIRCLE('',#8123,0.4);
#8123 = AXIS2_PLACEMENT_3D('',#8124,#8125,#8126);
#8124 = CARTESIAN_POINT('',(9.95,-4.65,2.9));
#8125 = DIRECTION('',(-1.,1.224646799147E-16,0.));
#8126 = DIRECTION('',(1.359631073446E-32,1.110223024625E-16,1.));
#8127 = ORIENTED_EDGE('',*,*,#8017,.T.);
#8128 = PLANE('',#8129);
#8129 = AXIS2_PLACEMENT_3D('',#8130,#8131,#8132);
#8130 = CARTESIAN_POINT('',(9.95,-2.909897467985,2.368621550033));
#8131 = DIRECTION('',(1.,-1.224646799147E-16,-3.096025220137E-32));
#8132 = DIRECTION('',(-3.096025220137E-32,3.79153737592E-48,-1.));
#8133 = ADVANCED_FACE('',(#8134),#8216,.T.);
#8134 = FACE_BOUND('',#8135,.T.);
#8135 = EDGE_LOOP('',(#8136,#8146,#8154,#8160,#8161,#8162,#8170,#8178,
    #8186,#8194,#8202,#8210));
#8136 = ORIENTED_EDGE('',*,*,#8137,.T.);
#8137 = EDGE_CURVE('',#8138,#8140,#8142,.T.);
#8138 = VERTEX_POINT('',#8139);
#8139 = CARTESIAN_POINT('',(-0.95,-6.25,0.3));
#8140 = VERTEX_POINT('',#8141);
#8141 = CARTESIAN_POINT('',(8.95,-6.25,0.3));
#8142 = LINE('',#8143,#8144);
#8143 = CARTESIAN_POINT('',(-1.95,-6.25,0.3));
#8144 = VECTOR('',#8145,1.);
#8145 = DIRECTION('',(1.,-1.224646799147E-16,0.));
#8146 = ORIENTED_EDGE('',*,*,#8147,.F.);
#8147 = EDGE_CURVE('',#8148,#8140,#8150,.T.);
#8148 = VERTEX_POINT('',#8149);
#8149 = CARTESIAN_POINT('',(8.95,-6.25,0.));
#8150 = LINE('',#8151,#8152);
#8151 = CARTESIAN_POINT('',(8.95,-6.25,0.));
#8152 = VECTOR('',#8153,1.);
#8153 = DIRECTION('',(0.,0.,1.));
#8154 = ORIENTED_EDGE('',*,*,#8155,.F.);
#8155 = EDGE_CURVE('',#8058,#8148,#8156,.T.);
#8156 = LINE('',#8157,#8158);
#8157 = CARTESIAN_POINT('',(9.95,-6.25,0.));
#8158 = VECTOR('',#8159,1.);
#8159 = DIRECTION('',(-1.,1.224646799147E-16,0.));
#8160 = ORIENTED_EDGE('',*,*,#8057,.T.);
#8161 = ORIENTED_EDGE('',*,*,#8043,.T.);
#8162 = ORIENTED_EDGE('',*,*,#8163,.F.);
#8163 = EDGE_CURVE('',#8164,#8036,#8166,.T.);
#8164 = VERTEX_POINT('',#8165);
#8165 = CARTESIAN_POINT('',(9.45,-6.25,0.8));
#8166 = LINE('',#8167,#8168);
#8167 = CARTESIAN_POINT('',(9.45,-6.25,0.8));
#8168 = VECTOR('',#8169,1.);
#8169 = DIRECTION('',(1.359631073447E-32,1.110223024625E-16,1.));
#8170 = ORIENTED_EDGE('',*,*,#8171,.F.);
#8171 = EDGE_CURVE('',#8172,#8164,#8174,.T.);
#8172 = VERTEX_POINT('',#8173);
#8173 = CARTESIAN_POINT('',(-1.45,-6.25,0.8));
#8174 = LINE('',#8175,#8176);
#8175 = CARTESIAN_POINT('',(-1.45,-6.25,0.8));
#8176 = VECTOR('',#8177,1.);
#8177 = DIRECTION('',(1.,-1.224646799147E-16,0.));
#8178 = ORIENTED_EDGE('',*,*,#8179,.F.);
#8179 = EDGE_CURVE('',#8180,#8172,#8182,.T.);
#8180 = VERTEX_POINT('',#8181);
#8181 = CARTESIAN_POINT('',(-1.45,-6.25,2.5));
#8182 = LINE('',#8183,#8184);
#8183 = CARTESIAN_POINT('',(-1.45,-6.25,4.2));
#8184 = VECTOR('',#8185,1.);
#8185 = DIRECTION('',(-1.359631073447E-32,-1.110223024625E-16,-1.));
#8186 = ORIENTED_EDGE('',*,*,#8187,.T.);
#8187 = EDGE_CURVE('',#8180,#8188,#8190,.T.);
#8188 = VERTEX_POINT('',#8189);
#8189 = CARTESIAN_POINT('',(-1.95,-6.25,2.5));
#8190 = LINE('',#8191,#8192);
#8191 = CARTESIAN_POINT('',(9.95,-6.25,2.5));
#8192 = VECTOR('',#8193,1.);
#8193 = DIRECTION('',(-1.,1.224646799147E-16,0.));
#8194 = ORIENTED_EDGE('',*,*,#8195,.T.);
#8195 = EDGE_CURVE('',#8188,#8196,#8198,.T.);
#8196 = VERTEX_POINT('',#8197);
#8197 = CARTESIAN_POINT('',(-1.95,-6.25,0.));
#8198 = LINE('',#8199,#8200);
#8199 = CARTESIAN_POINT('',(-1.95,-6.25,4.8));
#8200 = VECTOR('',#8201,1.);
#8201 = DIRECTION('',(-1.359631073447E-32,-1.110223024625E-16,-1.));
#8202 = ORIENTED_EDGE('',*,*,#8203,.F.);
#8203 = EDGE_CURVE('',#8204,#8196,#8206,.T.);
#8204 = VERTEX_POINT('',#8205);
#8205 = CARTESIAN_POINT('',(-0.95,-6.25,0.));
#8206 = LINE('',#8207,#8208);
#8207 = CARTESIAN_POINT('',(-0.95,-6.25,0.));
#8208 = VECTOR('',#8209,1.);
#8209 = DIRECTION('',(-1.,1.224646799147E-16,0.));
#8210 = ORIENTED_EDGE('',*,*,#8211,.T.);
#8211 = EDGE_CURVE('',#8204,#8138,#8212,.T.);
#8212 = LINE('',#8213,#8214);
#8213 = CARTESIAN_POINT('',(-0.95,-6.25,0.));
#8214 = VECTOR('',#8215,1.);
#8215 = DIRECTION('',(0.,0.,1.));
#8216 = PLANE('',#8217);
#8217 = AXIS2_PLACEMENT_3D('',#8218,#8219,#8220);
#8218 = CARTESIAN_POINT('',(4.,-6.25,0.796951219512));
#8219 = DIRECTION('',(-1.224646799147E-16,-1.,-2.77858890432E-31));
#8220 = DIRECTION('',(-3.402790007822E-47,-2.77858890432E-31,1.));
#8221 = ADVANCED_FACE('',(#8222),#8273,.F.);
#8222 = FACE_BOUND('',#8223,.F.);
#8223 = EDGE_LOOP('',(#8224,#8225,#8233,#8241,#8249,#8257,#8265,#8272));
#8224 = ORIENTED_EDGE('',*,*,#8163,.F.);
#8225 = ORIENTED_EDGE('',*,*,#8226,.T.);
#8226 = EDGE_CURVE('',#8164,#8227,#8229,.T.);
#8227 = VERTEX_POINT('',#8228);
#8228 = CARTESIAN_POINT('',(9.45,-2.05,0.8));
#8229 = LINE('',#8230,#8231);
#8230 = CARTESIAN_POINT('',(9.45,-6.25,0.8));
#8231 = VECTOR('',#8232,1.);
#8232 = DIRECTION('',(1.224646799147E-16,1.,-1.110223024625E-16));
#8233 = ORIENTED_EDGE('',*,*,#8234,.T.);
#8234 = EDGE_CURVE('',#8227,#8235,#8237,.T.);
#8235 = VERTEX_POINT('',#8236);
#8236 = CARTESIAN_POINT('',(9.45,-2.05,4.2));
#8237 = LINE('',#8238,#8239);
#8238 = CARTESIAN_POINT('',(9.45,-2.05,0.8));
#8239 = VECTOR('',#8240,1.);
#8240 = DIRECTION('',(1.359631073447E-32,1.110223024625E-16,1.));
#8241 = ORIENTED_EDGE('',*,*,#8242,.F.);
#8242 = EDGE_CURVE('',#8243,#8235,#8245,.T.);
#8243 = VERTEX_POINT('',#8244);
#8244 = CARTESIAN_POINT('',(9.45,-6.25,4.2));
#8245 = LINE('',#8246,#8247);
#8246 = CARTESIAN_POINT('',(9.45,-6.25,4.2));
#8247 = VECTOR('',#8248,1.);
#8248 = DIRECTION('',(1.224646799147E-16,1.,-1.110223024625E-16));
#8249 = ORIENTED_EDGE('',*,*,#8250,.F.);
#8250 = EDGE_CURVE('',#8251,#8243,#8253,.T.);
#8251 = VERTEX_POINT('',#8252);
#8252 = CARTESIAN_POINT('',(9.45,-6.25,3.3));
#8253 = LINE('',#8254,#8255);
#8254 = CARTESIAN_POINT('',(9.45,-6.25,0.8));
#8255 = VECTOR('',#8256,1.);
#8256 = DIRECTION('',(1.359631073447E-32,1.110223024625E-16,1.));
#8257 = ORIENTED_EDGE('',*,*,#8258,.T.);
#8258 = EDGE_CURVE('',#8251,#8259,#8261,.T.);
#8259 = VERTEX_POINT('',#8260);
#8260 = CARTESIAN_POINT('',(9.45,-4.65,3.3));
#8261 = LINE('',#8262,#8263);
#8262 = CARTESIAN_POINT('',(9.45,-6.25,3.3));
#8263 = VECTOR('',#8264,1.);
#8264 = DIRECTION('',(1.224646799147E-16,1.,-1.110223024625E-16));
#8265 = ORIENTED_EDGE('',*,*,#8266,.F.);
#8266 = EDGE_CURVE('',#8028,#8259,#8267,.T.);
#8267 = CIRCLE('',#8268,0.4);
#8268 = AXIS2_PLACEMENT_3D('',#8269,#8270,#8271);
#8269 = CARTESIAN_POINT('',(9.45,-4.65,2.9));
#8270 = DIRECTION('',(1.,-1.224646799147E-16,0.));
#8271 = DIRECTION('',(1.359631073446E-32,1.110223024625E-16,1.));
#8272 = ORIENTED_EDGE('',*,*,#8035,.T.);
#8273 = PLANE('',#8274);
#8274 = AXIS2_PLACEMENT_3D('',#8275,#8276,#8277);
#8275 = CARTESIAN_POINT('',(9.45,-6.25,0.8));
#8276 = DIRECTION('',(1.,-1.224646799147E-16,0.));
#8277 = DIRECTION('',(1.359631073446E-32,1.110223024625E-16,1.));
#8278 = ADVANCED_FACE('',(#8279),#8290,.F.);
#8279 = FACE_BOUND('',#8280,.F.);
#8280 = EDGE_LOOP('',(#8281,#8282,#8283,#8289));
#8281 = ORIENTED_EDGE('',*,*,#8027,.T.);
#8282 = ORIENTED_EDGE('',*,*,#8266,.T.);
#8283 = ORIENTED_EDGE('',*,*,#8284,.F.);
#8284 = EDGE_CURVE('',#8114,#8259,#8285,.T.);
#8285 = LINE('',#8286,#8287);
#8286 = CARTESIAN_POINT('',(9.95,-4.65,3.3));
#8287 = VECTOR('',#8288,1.);
#8288 = DIRECTION('',(-1.,1.224646799147E-16,0.));
#8289 = ORIENTED_EDGE('',*,*,#8121,.T.);
#8290 = CYLINDRICAL_SURFACE('',#8291,0.4);
#8291 = AXIS2_PLACEMENT_3D('',#8292,#8293,#8294);
#8292 = CARTESIAN_POINT('',(9.95,-4.65,2.9));
#8293 = DIRECTION('',(1.,-1.224646799147E-16,0.));
#8294 = DIRECTION('',(1.359631073446E-32,1.110223024625E-16,1.));
#8295 = ADVANCED_FACE('',(#8296),#8314,.F.);
#8296 = FACE_BOUND('',#8297,.F.);
#8297 = EDGE_LOOP('',(#8298,#8306,#8312,#8313));
#8298 = ORIENTED_EDGE('',*,*,#8299,.T.);
#8299 = EDGE_CURVE('',#8066,#8300,#8302,.T.);
#8300 = VERTEX_POINT('',#8301);
#8301 = CARTESIAN_POINT('',(8.95,1.35,0.));
#8302 = LINE('',#8303,#8304);
#8303 = CARTESIAN_POINT('',(9.95,1.35,0.));
#8304 = VECTOR('',#8305,1.);
#8305 = DIRECTION('',(-1.,1.224646799147E-16,0.));
#8306 = ORIENTED_EDGE('',*,*,#8307,.T.);
#8307 = EDGE_CURVE('',#8300,#8148,#8308,.T.);
#8308 = LINE('',#8309,#8310);
#8309 = CARTESIAN_POINT('',(8.95,1.35,0.));
#8310 = VECTOR('',#8311,1.);
#8311 = DIRECTION('',(-1.224646799147E-16,-1.,0.));
#8312 = ORIENTED_EDGE('',*,*,#8155,.F.);
#8313 = ORIENTED_EDGE('',*,*,#8065,.F.);
#8314 = PLANE('',#8315);
#8315 = AXIS2_PLACEMENT_3D('',#8316,#8317,#8318);
#8316 = CARTESIAN_POINT('',(9.95,1.35,0.));
#8317 = DIRECTION('',(0.,0.,1.));
#8318 = DIRECTION('',(-1.224646799147E-16,-1.,0.));
#8319 = ADVANCED_FACE('',(#8320),#8338,.F.);
#8320 = FACE_BOUND('',#8321,.F.);
#8321 = EDGE_LOOP('',(#8322,#8330,#8336,#8337));
#8322 = ORIENTED_EDGE('',*,*,#8323,.T.);
#8323 = EDGE_CURVE('',#8074,#8324,#8326,.T.);
#8324 = VERTEX_POINT('',#8325);
#8325 = CARTESIAN_POINT('',(8.95,1.35,3.2));
#8326 = LINE('',#8327,#8328);
#8327 = CARTESIAN_POINT('',(9.95,1.35,3.2));
#8328 = VECTOR('',#8329,1.);
#8329 = DIRECTION('',(-1.,1.224646799147E-16,0.));
#8330 = ORIENTED_EDGE('',*,*,#8331,.T.);
#8331 = EDGE_CURVE('',#8324,#8300,#8332,.T.);
#8332 = LINE('',#8333,#8334);
#8333 = CARTESIAN_POINT('',(8.95,1.35,3.2));
#8334 = VECTOR('',#8335,1.);
#8335 = DIRECTION('',(-0.,0.,-1.));
#8336 = ORIENTED_EDGE('',*,*,#8299,.F.);
#8337 = ORIENTED_EDGE('',*,*,#8073,.F.);
#8338 = PLANE('',#8339);
#8339 = AXIS2_PLACEMENT_3D('',#8340,#8341,#8342);
#8340 = CARTESIAN_POINT('',(9.95,1.35,3.2));
#8341 = DIRECTION('',(-1.224646799147E-16,-1.,0.));
#8342 = DIRECTION('',(-0.,0.,-1.));
#8343 = ADVANCED_FACE('',(#8344),#8362,.F.);
#8344 = FACE_BOUND('',#8345,.F.);
#8345 = EDGE_LOOP('',(#8346,#8354,#8360,#8361));
#8346 = ORIENTED_EDGE('',*,*,#8347,.T.);
#8347 = EDGE_CURVE('',#8082,#8348,#8350,.T.);
#8348 = VERTEX_POINT('',#8349);
#8349 = CARTESIAN_POINT('',(8.95,-0.25,4.1));
#8350 = LINE('',#8351,#8352);
#8351 = CARTESIAN_POINT('',(9.95,-0.25,4.1));
#8352 = VECTOR('',#8353,1.);
#8353 = DIRECTION('',(-1.,1.224646799147E-16,0.));
#8354 = ORIENTED_EDGE('',*,*,#8355,.T.);
#8355 = EDGE_CURVE('',#8348,#8324,#8356,.T.);
#8356 = LINE('',#8357,#8358);
#8357 = CARTESIAN_POINT('',(8.95,-0.25,4.1));
#8358 = VECTOR('',#8359,1.);
#8359 = DIRECTION('',(1.067372191754E-16,0.871575537124,-0.490261239633)
  );
#8360 = ORIENTED_EDGE('',*,*,#8323,.F.);
#8361 = ORIENTED_EDGE('',*,*,#8081,.F.);
#8362 = PLANE('',#8363);
#8363 = AXIS2_PLACEMENT_3D('',#8364,#8365,#8366);
#8364 = CARTESIAN_POINT('',(9.95,-0.25,4.1));
#8365 = DIRECTION('',(-6.003968578616E-17,-0.490261239633,
    -0.871575537124));
#8366 = DIRECTION('',(1.067372191754E-16,0.871575537124,-0.490261239633)
  );
#8367 = ADVANCED_FACE('',(#8368),#8418,.F.);
#8368 = FACE_BOUND('',#8369,.F.);
#8369 = EDGE_LOOP('',(#8370,#8380,#8388,#8394,#8395,#8396,#8404,#8412));
#8370 = ORIENTED_EDGE('',*,*,#8371,.F.);
#8371 = EDGE_CURVE('',#8372,#8374,#8376,.T.);
#8372 = VERTEX_POINT('',#8373);
#8373 = CARTESIAN_POINT('',(8.75,-0.25,0.3));
#8374 = VERTEX_POINT('',#8375);
#8375 = CARTESIAN_POINT('',(8.75,-0.25,4.2));
#8376 = LINE('',#8377,#8378);
#8377 = CARTESIAN_POINT('',(8.75,-0.25,0.3));
#8378 = VECTOR('',#8379,1.);
#8379 = DIRECTION('',(1.359631073447E-32,1.110223024625E-16,1.));
#8380 = ORIENTED_EDGE('',*,*,#8381,.T.);
#8381 = EDGE_CURVE('',#8372,#8382,#8384,.T.);
#8382 = VERTEX_POINT('',#8383);
#8383 = CARTESIAN_POINT('',(8.95,-0.25,0.3));
#8384 = LINE('',#8385,#8386);
#8385 = CARTESIAN_POINT('',(-1.95,-0.25,0.3));
#8386 = VECTOR('',#8387,1.);
#8387 = DIRECTION('',(1.,-1.224646799147E-16,0.));
#8388 = ORIENTED_EDGE('',*,*,#8389,.T.);
#8389 = EDGE_CURVE('',#8382,#8348,#8390,.T.);
#8390 = LINE('',#8391,#8392);
#8391 = CARTESIAN_POINT('',(8.95,-0.25,0.3));
#8392 = VECTOR('',#8393,1.);
#8393 = DIRECTION('',(0.,0.,1.));
#8394 = ORIENTED_EDGE('',*,*,#8347,.F.);
#8395 = ORIENTED_EDGE('',*,*,#8089,.T.);
#8396 = ORIENTED_EDGE('',*,*,#8397,.T.);
#8397 = EDGE_CURVE('',#8090,#8398,#8400,.T.);
#8398 = VERTEX_POINT('',#8399);
#8399 = CARTESIAN_POINT('',(9.4,-0.25,4.8));
#8400 = LINE('',#8401,#8402);
#8401 = CARTESIAN_POINT('',(9.95,-0.25,4.8));
#8402 = VECTOR('',#8403,1.);
#8403 = DIRECTION('',(-1.,1.224646799147E-16,0.));
#8404 = ORIENTED_EDGE('',*,*,#8405,.T.);
#8405 = EDGE_CURVE('',#8398,#8406,#8408,.T.);
#8406 = VERTEX_POINT('',#8407);
#8407 = CARTESIAN_POINT('',(9.4,-0.25,4.2));
#8408 = LINE('',#8409,#8410);
#8409 = CARTESIAN_POINT('',(9.4,-0.25,4.8));
#8410 = VECTOR('',#8411,1.);
#8411 = DIRECTION('',(-1.359631073447E-32,-1.110223024625E-16,-1.));
#8412 = ORIENTED_EDGE('',*,*,#8413,.T.);
#8413 = EDGE_CURVE('',#8406,#8374,#8414,.T.);
#8414 = LINE('',#8415,#8416);
#8415 = CARTESIAN_POINT('',(9.4,-0.25,4.2));
#8416 = VECTOR('',#8417,1.);
#8417 = DIRECTION('',(-1.,1.224646799147E-16,0.));
#8418 = PLANE('',#8419);
#8419 = AXIS2_PLACEMENT_3D('',#8420,#8421,#8422);
#8420 = CARTESIAN_POINT('',(4.,-0.25,2.55));
#8421 = DIRECTION('',(-1.224646799147E-16,-1.,1.110223024625E-16));
#8422 = DIRECTION('',(-1.,1.224646799147E-16,1.219283680787E-48));
#8423 = ADVANCED_FACE('',(#8424),#8650,.F.);
#8424 = FACE_BOUND('',#8425,.F.);
#8425 = EDGE_LOOP('',(#8426,#8427,#8428,#8436,#8444,#8452,#8460,#8468,
    #8476,#8484,#8492,#8500,#8508,#8516,#8524,#8532,#8540,#8548,#8556,
    #8564,#8572,#8580,#8588,#8596,#8604,#8612,#8620,#8628,#8636,#8644));
#8426 = ORIENTED_EDGE('',*,*,#8397,.F.);
#8427 = ORIENTED_EDGE('',*,*,#8097,.T.);
#8428 = ORIENTED_EDGE('',*,*,#8429,.T.);
#8429 = EDGE_CURVE('',#8098,#8430,#8432,.T.);
#8430 = VERTEX_POINT('',#8431);
#8431 = CARTESIAN_POINT('',(7.45,-6.25,4.8));
#8432 = LINE('',#8433,#8434);
#8433 = CARTESIAN_POINT('',(9.95,-6.25,4.8));
#8434 = VECTOR('',#8435,1.);
#8435 = DIRECTION('',(-1.,1.224646799147E-16,0.));
#8436 = ORIENTED_EDGE('',*,*,#8437,.T.);
#8437 = EDGE_CURVE('',#8430,#8438,#8440,.T.);
#8438 = VERTEX_POINT('',#8439);
#8439 = CARTESIAN_POINT('',(7.45,-2.35,4.8));
#8440 = LINE('',#8441,#8442);
#8441 = CARTESIAN_POINT('',(7.45,-6.25,4.8));
#8442 = VECTOR('',#8443,1.);
#8443 = DIRECTION('',(1.224646799147E-16,1.,-1.110223024625E-16));
#8444 = ORIENTED_EDGE('',*,*,#8445,.T.);
#8445 = EDGE_CURVE('',#8438,#8446,#8448,.T.);
#8446 = VERTEX_POINT('',#8447);
#8447 = CARTESIAN_POINT('',(0.55,-2.35,4.8));
#8448 = LINE('',#8449,#8450);
#8449 = CARTESIAN_POINT('',(7.45,-2.35,4.8));
#8450 = VECTOR('',#8451,1.);
#8451 = DIRECTION('',(-1.,1.224646799147E-16,0.));
#8452 = ORIENTED_EDGE('',*,*,#8453,.T.);
#8453 = EDGE_CURVE('',#8446,#8454,#8456,.T.);
#8454 = VERTEX_POINT('',#8455);
#8455 = CARTESIAN_POINT('',(0.55,-6.25,4.8));
#8456 = LINE('',#8457,#8458);
#8457 = CARTESIAN_POINT('',(0.55,-2.35,4.8));
#8458 = VECTOR('',#8459,1.);
#8459 = DIRECTION('',(-1.224646799147E-16,-1.,1.110223024625E-16));
#8460 = ORIENTED_EDGE('',*,*,#8461,.T.);
#8461 = EDGE_CURVE('',#8454,#8462,#8464,.T.);
#8462 = VERTEX_POINT('',#8463);
#8463 = CARTESIAN_POINT('',(-0.45,-6.25,4.8));
#8464 = LINE('',#8465,#8466);
#8465 = CARTESIAN_POINT('',(9.95,-6.25,4.8));
#8466 = VECTOR('',#8467,1.);
#8467 = DIRECTION('',(-1.,1.224646799147E-16,0.));
#8468 = ORIENTED_EDGE('',*,*,#8469,.F.);
#8469 = EDGE_CURVE('',#8470,#8462,#8472,.T.);
#8470 = VERTEX_POINT('',#8471);
#8471 = CARTESIAN_POINT('',(-0.45,-4.45,4.8));
#8472 = LINE('',#8473,#8474);
#8473 = CARTESIAN_POINT('',(-0.45,-4.45,4.8));
#8474 = VECTOR('',#8475,1.);
#8475 = DIRECTION('',(-1.224646799147E-16,-1.,1.110223024625E-16));
#8476 = ORIENTED_EDGE('',*,*,#8477,.F.);
#8477 = EDGE_CURVE('',#8478,#8470,#8480,.T.);
#8478 = VERTEX_POINT('',#8479);
#8479 = CARTESIAN_POINT('',(-0.4,-4.45,4.8));
#8480 = LINE('',#8481,#8482);
#8481 = CARTESIAN_POINT('',(-0.4,-4.45,4.8));
#8482 = VECTOR('',#8483,1.);
#8483 = DIRECTION('',(-1.,1.224646799147E-16,0.));
#8484 = ORIENTED_EDGE('',*,*,#8485,.F.);
#8485 = EDGE_CURVE('',#8486,#8478,#8488,.T.);
#8486 = VERTEX_POINT('',#8487);
#8487 = CARTESIAN_POINT('',(-0.4,-0.45,4.8));
#8488 = LINE('',#8489,#8490);
#8489 = CARTESIAN_POINT('',(-0.4,-0.25,4.8));
#8490 = VECTOR('',#8491,1.);
#8491 = DIRECTION('',(-1.224646799147E-16,-1.,1.110223024625E-16));
#8492 = ORIENTED_EDGE('',*,*,#8493,.F.);
#8493 = EDGE_CURVE('',#8494,#8486,#8496,.T.);
#8494 = VERTEX_POINT('',#8495);
#8495 = CARTESIAN_POINT('',(0.75,-0.45,4.8));
#8496 = LINE('',#8497,#8498);
#8497 = CARTESIAN_POINT('',(0.75,-0.45,4.8));
#8498 = VECTOR('',#8499,1.);
#8499 = DIRECTION('',(-1.,1.224646799147E-16,0.));
#8500 = ORIENTED_EDGE('',*,*,#8501,.F.);
#8501 = EDGE_CURVE('',#8502,#8494,#8504,.T.);
#8502 = VERTEX_POINT('',#8503);
#8503 = CARTESIAN_POINT('',(0.75,-0.25,4.8));
#8504 = LINE('',#8505,#8506);
#8505 = CARTESIAN_POINT('',(0.75,-0.25,4.8));
#8506 = VECTOR('',#8507,1.);
#8507 = DIRECTION('',(-1.224646799147E-16,-1.,1.110223024625E-16));
#8508 = ORIENTED_EDGE('',*,*,#8509,.F.);
#8509 = EDGE_CURVE('',#8510,#8502,#8512,.T.);
#8510 = VERTEX_POINT('',#8511);
#8511 = CARTESIAN_POINT('',(1.25,-0.25,4.8));
#8512 = LINE('',#8513,#8514);
#8513 = CARTESIAN_POINT('',(9.95,-0.25,4.8));
#8514 = VECTOR('',#8515,1.);
#8515 = DIRECTION('',(-1.,1.224646799147E-16,0.));
#8516 = ORIENTED_EDGE('',*,*,#8517,.T.);
#8517 = EDGE_CURVE('',#8510,#8518,#8520,.T.);
#8518 = VERTEX_POINT('',#8519);
#8519 = CARTESIAN_POINT('',(1.25,-0.45,4.8));
#8520 = LINE('',#8521,#8522);
#8521 = CARTESIAN_POINT('',(1.25,-0.25,4.8));
#8522 = VECTOR('',#8523,1.);
#8523 = DIRECTION('',(-1.224646799147E-16,-1.,1.110223024625E-16));
#8524 = ORIENTED_EDGE('',*,*,#8525,.F.);
#8525 = EDGE_CURVE('',#8526,#8518,#8528,.T.);
#8526 = VERTEX_POINT('',#8527);
#8527 = CARTESIAN_POINT('',(2.75,-0.45,4.8));
#8528 = LINE('',#8529,#8530);
#8529 = CARTESIAN_POINT('',(2.75,-0.45,4.8));
#8530 = VECTOR('',#8531,1.);
#8531 = DIRECTION('',(-1.,1.224646799147E-16,0.));
#8532 = ORIENTED_EDGE('',*,*,#8533,.F.);
#8533 = EDGE_CURVE('',#8534,#8526,#8536,.T.);
#8534 = VERTEX_POINT('',#8535);
#8535 = CARTESIAN_POINT('',(2.75,-0.25,4.8));
#8536 = LINE('',#8537,#8538);
#8537 = CARTESIAN_POINT('',(2.75,-0.25,4.8));
#8538 = VECTOR('',#8539,1.);
#8539 = DIRECTION('',(-1.224646799147E-16,-1.,1.110223024625E-16));
#8540 = ORIENTED_EDGE('',*,*,#8541,.F.);
#8541 = EDGE_CURVE('',#8542,#8534,#8544,.T.);
#8542 = VERTEX_POINT('',#8543);
#8543 = CARTESIAN_POINT('',(3.25,-0.25,4.8));
#8544 = LINE('',#8545,#8546);
#8545 = CARTESIAN_POINT('',(9.95,-0.25,4.8));
#8546 = VECTOR('',#8547,1.);
#8547 = DIRECTION('',(-1.,1.224646799147E-16,0.));
#8548 = ORIENTED_EDGE('',*,*,#8549,.T.);
#8549 = EDGE_CURVE('',#8542,#8550,#8552,.T.);
#8550 = VERTEX_POINT('',#8551);
#8551 = CARTESIAN_POINT('',(3.25,-0.45,4.8));
#8552 = LINE('',#8553,#8554);
#8553 = CARTESIAN_POINT('',(3.25,-0.25,4.8));
#8554 = VECTOR('',#8555,1.);
#8555 = DIRECTION('',(-1.224646799147E-16,-1.,1.110223024625E-16));
#8556 = ORIENTED_EDGE('',*,*,#8557,.F.);
#8557 = EDGE_CURVE('',#8558,#8550,#8560,.T.);
#8558 = VERTEX_POINT('',#8559);
#8559 = CARTESIAN_POINT('',(4.75,-0.45,4.8));
#8560 = LINE('',#8561,#8562);
#8561 = CARTESIAN_POINT('',(4.75,-0.45,4.8));
#8562 = VECTOR('',#8563,1.);
#8563 = DIRECTION('',(-1.,1.224646799147E-16,0.));
#8564 = ORIENTED_EDGE('',*,*,#8565,.F.);
#8565 = EDGE_CURVE('',#8566,#8558,#8568,.T.);
#8566 = VERTEX_POINT('',#8567);
#8567 = CARTESIAN_POINT('',(4.75,-0.25,4.8));
#8568 = LINE('',#8569,#8570);
#8569 = CARTESIAN_POINT('',(4.75,-0.25,4.8));
#8570 = VECTOR('',#8571,1.);
#8571 = DIRECTION('',(-1.224646799147E-16,-1.,1.110223024625E-16));
#8572 = ORIENTED_EDGE('',*,*,#8573,.F.);
#8573 = EDGE_CURVE('',#8574,#8566,#8576,.T.);
#8574 = VERTEX_POINT('',#8575);
#8575 = CARTESIAN_POINT('',(5.25,-0.25,4.8));
#8576 = LINE('',#8577,#8578);
#8577 = CARTESIAN_POINT('',(9.95,-0.25,4.8));
#8578 = VECTOR('',#8579,1.);
#8579 = DIRECTION('',(-1.,1.224646799147E-16,0.));
#8580 = ORIENTED_EDGE('',*,*,#8581,.T.);
#8581 = EDGE_CURVE('',#8574,#8582,#8584,.T.);
#8582 = VERTEX_POINT('',#8583);
#8583 = CARTESIAN_POINT('',(5.25,-0.45,4.8));
#8584 = LINE('',#8585,#8586);
#8585 = CARTESIAN_POINT('',(5.25,-0.25,4.8));
#8586 = VECTOR('',#8587,1.);
#8587 = DIRECTION('',(-1.224646799147E-16,-1.,1.110223024625E-16));
#8588 = ORIENTED_EDGE('',*,*,#8589,.F.);
#8589 = EDGE_CURVE('',#8590,#8582,#8592,.T.);
#8590 = VERTEX_POINT('',#8591);
#8591 = CARTESIAN_POINT('',(6.75,-0.45,4.8));
#8592 = LINE('',#8593,#8594);
#8593 = CARTESIAN_POINT('',(6.75,-0.45,4.8));
#8594 = VECTOR('',#8595,1.);
#8595 = DIRECTION('',(-1.,1.224646799147E-16,0.));
#8596 = ORIENTED_EDGE('',*,*,#8597,.F.);
#8597 = EDGE_CURVE('',#8598,#8590,#8600,.T.);
#8598 = VERTEX_POINT('',#8599);
#8599 = CARTESIAN_POINT('',(6.75,-0.25,4.8));
#8600 = LINE('',#8601,#8602);
#8601 = CARTESIAN_POINT('',(6.75,-0.25,4.8));
#8602 = VECTOR('',#8603,1.);
#8603 = DIRECTION('',(-1.224646799147E-16,-1.,1.110223024625E-16));
#8604 = ORIENTED_EDGE('',*,*,#8605,.F.);
#8605 = EDGE_CURVE('',#8606,#8598,#8608,.T.);
#8606 = VERTEX_POINT('',#8607);
#8607 = CARTESIAN_POINT('',(7.25,-0.25,4.8));
#8608 = LINE('',#8609,#8610);
#8609 = CARTESIAN_POINT('',(9.95,-0.25,4.8));
#8610 = VECTOR('',#8611,1.);
#8611 = DIRECTION('',(-1.,1.224646799147E-16,0.));
#8612 = ORIENTED_EDGE('',*,*,#8613,.T.);
#8613 = EDGE_CURVE('',#8606,#8614,#8616,.T.);
#8614 = VERTEX_POINT('',#8615);
#8615 = CARTESIAN_POINT('',(7.25,-0.45,4.8));
#8616 = LINE('',#8617,#8618);
#8617 = CARTESIAN_POINT('',(7.25,-0.25,4.8));
#8618 = VECTOR('',#8619,1.);
#8619 = DIRECTION('',(-1.224646799147E-16,-1.,1.110223024625E-16));
#8620 = ORIENTED_EDGE('',*,*,#8621,.F.);
#8621 = EDGE_CURVE('',#8622,#8614,#8624,.T.);
#8622 = VERTEX_POINT('',#8623);
#8623 = CARTESIAN_POINT('',(8.4,-0.45,4.8));
#8624 = LINE('',#8625,#8626);
#8625 = CARTESIAN_POINT('',(8.75,-0.45,4.8));
#8626 = VECTOR('',#8627,1.);
#8627 = DIRECTION('',(-1.,1.224646799147E-16,0.));
#8628 = ORIENTED_EDGE('',*,*,#8629,.T.);
#8629 = EDGE_CURVE('',#8622,#8630,#8632,.T.);
#8630 = VERTEX_POINT('',#8631);
#8631 = CARTESIAN_POINT('',(8.4,-4.45,4.8));
#8632 = LINE('',#8633,#8634);
#8633 = CARTESIAN_POINT('',(8.4,-0.25,4.8));
#8634 = VECTOR('',#8635,1.);
#8635 = DIRECTION('',(-1.224646799147E-16,-1.,1.110223024625E-16));
#8636 = ORIENTED_EDGE('',*,*,#8637,.T.);
#8637 = EDGE_CURVE('',#8630,#8638,#8640,.T.);
#8638 = VERTEX_POINT('',#8639);
#8639 = CARTESIAN_POINT('',(9.4,-4.45,4.8));
#8640 = LINE('',#8641,#8642);
#8641 = CARTESIAN_POINT('',(8.4,-4.45,4.8));
#8642 = VECTOR('',#8643,1.);
#8643 = DIRECTION('',(1.,-1.224646799147E-16,0.));
#8644 = ORIENTED_EDGE('',*,*,#8645,.T.);
#8645 = EDGE_CURVE('',#8638,#8398,#8646,.T.);
#8646 = LINE('',#8647,#8648);
#8647 = CARTESIAN_POINT('',(9.4,-4.45,4.8));
#8648 = VECTOR('',#8649,1.);
#8649 = DIRECTION('',(1.224646799147E-16,1.,-1.110223024625E-16));
#8650 = PLANE('',#8651);
#8651 = AXIS2_PLACEMENT_3D('',#8652,#8653,#8654);
#8652 = CARTESIAN_POINT('',(9.95,-0.25,4.8));
#8653 = DIRECTION('',(-1.359631073447E-32,-1.110223024625E-16,-1.));
#8654 = DIRECTION('',(-1.,1.224646799147E-16,6.927121900793E-45));
#8655 = ADVANCED_FACE('',(#8656),#8681,.T.);
#8656 = FACE_BOUND('',#8657,.T.);
#8657 = EDGE_LOOP('',(#8658,#8664,#8665,#8666,#8674,#8680));
#8658 = ORIENTED_EDGE('',*,*,#8659,.F.);
#8659 = EDGE_CURVE('',#8106,#8251,#8660,.T.);
#8660 = LINE('',#8661,#8662);
#8661 = CARTESIAN_POINT('',(9.95,-6.25,3.3));
#8662 = VECTOR('',#8663,1.);
#8663 = DIRECTION('',(-1.,1.224646799147E-16,0.));
#8664 = ORIENTED_EDGE('',*,*,#8105,.T.);
#8665 = ORIENTED_EDGE('',*,*,#8429,.T.);
#8666 = ORIENTED_EDGE('',*,*,#8667,.T.);
#8667 = EDGE_CURVE('',#8430,#8668,#8670,.T.);
#8668 = VERTEX_POINT('',#8669);
#8669 = CARTESIAN_POINT('',(7.45,-6.25,4.2));
#8670 = LINE('',#8671,#8672);
#8671 = CARTESIAN_POINT('',(7.45,-6.25,4.8));
#8672 = VECTOR('',#8673,1.);
#8673 = DIRECTION('',(-1.359631073447E-32,-1.110223024625E-16,-1.));
#8674 = ORIENTED_EDGE('',*,*,#8675,.F.);
#8675 = EDGE_CURVE('',#8243,#8668,#8676,.T.);
#8676 = LINE('',#8677,#8678);
#8677 = CARTESIAN_POINT('',(9.45,-6.25,4.2));
#8678 = VECTOR('',#8679,1.);
#8679 = DIRECTION('',(-1.,1.224646799147E-16,0.));
#8680 = ORIENTED_EDGE('',*,*,#8250,.F.);
#8681 = PLANE('',#8682);
#8682 = AXIS2_PLACEMENT_3D('',#8683,#8684,#8685);
#8683 = CARTESIAN_POINT('',(4.,-6.25,2.55));
#8684 = DIRECTION('',(-1.224646799147E-16,-1.,1.110223024625E-16));
#8685 = DIRECTION('',(-1.,1.224646799147E-16,1.219283680787E-48));
#8686 = ADVANCED_FACE('',(#8687),#8693,.T.);
#8687 = FACE_BOUND('',#8688,.T.);
#8688 = EDGE_LOOP('',(#8689,#8690,#8691,#8692));
#8689 = ORIENTED_EDGE('',*,*,#8113,.F.);
#8690 = ORIENTED_EDGE('',*,*,#8659,.T.);
#8691 = ORIENTED_EDGE('',*,*,#8258,.T.);
#8692 = ORIENTED_EDGE('',*,*,#8284,.F.);
#8693 = PLANE('',#8694);
#8694 = AXIS2_PLACEMENT_3D('',#8695,#8696,#8697);
#8695 = CARTESIAN_POINT('',(9.95,-6.25,3.3));
#8696 = DIRECTION('',(-1.359631073447E-32,-1.110223024625E-16,-1.));
#8697 = DIRECTION('',(1.224646799147E-16,1.,-1.110223024625E-16));
#8698 = ADVANCED_FACE('',(#8699),#8875,.F.);
#8699 = FACE_BOUND('',#8700,.F.);
#8700 = EDGE_LOOP('',(#8701,#8711,#8717,#8718,#8724,#8725,#8733,#8741,
    #8749,#8757,#8765,#8773,#8781,#8789,#8797,#8805,#8813,#8821,#8829,
    #8837,#8845,#8853,#8861,#8869));
#8701 = ORIENTED_EDGE('',*,*,#8702,.F.);
#8702 = EDGE_CURVE('',#8703,#8705,#8707,.T.);
#8703 = VERTEX_POINT('',#8704);
#8704 = CARTESIAN_POINT('',(-0.95,-0.25,0.3));
#8705 = VERTEX_POINT('',#8706);
#8706 = CARTESIAN_POINT('',(-0.75,-0.25,0.3));
#8707 = LINE('',#8708,#8709);
#8708 = CARTESIAN_POINT('',(-1.95,-0.25,0.3));
#8709 = VECTOR('',#8710,1.);
#8710 = DIRECTION('',(1.,-1.224646799147E-16,0.));
#8711 = ORIENTED_EDGE('',*,*,#8712,.F.);
#8712 = EDGE_CURVE('',#8138,#8703,#8713,.T.);
#8713 = LINE('',#8714,#8715);
#8714 = CARTESIAN_POINT('',(-0.95,-6.25,0.3));
#8715 = VECTOR('',#8716,1.);
#8716 = DIRECTION('',(1.224646799147E-16,1.,0.));
#8717 = ORIENTED_EDGE('',*,*,#8137,.T.);
#8718 = ORIENTED_EDGE('',*,*,#8719,.T.);
#8719 = EDGE_CURVE('',#8140,#8382,#8720,.T.);
#8720 = LINE('',#8721,#8722);
#8721 = CARTESIAN_POINT('',(8.95,-6.25,0.3));
#8722 = VECTOR('',#8723,1.);
#8723 = DIRECTION('',(1.224646799147E-16,1.,0.));
#8724 = ORIENTED_EDGE('',*,*,#8381,.F.);
#8725 = ORIENTED_EDGE('',*,*,#8726,.F.);
#8726 = EDGE_CURVE('',#8727,#8372,#8729,.T.);
#8727 = VERTEX_POINT('',#8728);
#8728 = CARTESIAN_POINT('',(8.75,-0.45,0.3));
#8729 = LINE('',#8730,#8731);
#8730 = CARTESIAN_POINT('',(8.75,-0.45,0.3));
#8731 = VECTOR('',#8732,1.);
#8732 = DIRECTION('',(1.224646799147E-16,1.,-1.110223024625E-16));
#8733 = ORIENTED_EDGE('',*,*,#8734,.T.);
#8734 = EDGE_CURVE('',#8727,#8735,#8737,.T.);
#8735 = VERTEX_POINT('',#8736);
#8736 = CARTESIAN_POINT('',(7.25,-0.45,0.3));
#8737 = LINE('',#8738,#8739);
#8738 = CARTESIAN_POINT('',(8.75,-0.45,0.3));
#8739 = VECTOR('',#8740,1.);
#8740 = DIRECTION('',(-1.,1.224646799147E-16,0.));
#8741 = ORIENTED_EDGE('',*,*,#8742,.T.);
#8742 = EDGE_CURVE('',#8735,#8743,#8745,.T.);
#8743 = VERTEX_POINT('',#8744);
#8744 = CARTESIAN_POINT('',(7.25,-0.25,0.3));
#8745 = LINE('',#8746,#8747);
#8746 = CARTESIAN_POINT('',(7.25,-0.45,0.3));
#8747 = VECTOR('',#8748,1.);
#8748 = DIRECTION('',(1.224646799147E-16,1.,-1.110223024625E-16));
#8749 = ORIENTED_EDGE('',*,*,#8750,.F.);
#8750 = EDGE_CURVE('',#8751,#8743,#8753,.T.);
#8751 = VERTEX_POINT('',#8752);
#8752 = CARTESIAN_POINT('',(6.75,-0.25,0.3));
#8753 = LINE('',#8754,#8755);
#8754 = CARTESIAN_POINT('',(-1.95,-0.25,0.3));
#8755 = VECTOR('',#8756,1.);
#8756 = DIRECTION('',(1.,-1.224646799147E-16,0.));
#8757 = ORIENTED_EDGE('',*,*,#8758,.F.);
#8758 = EDGE_CURVE('',#8759,#8751,#8761,.T.);
#8759 = VERTEX_POINT('',#8760);
#8760 = CARTESIAN_POINT('',(6.75,-0.45,0.3));
#8761 = LINE('',#8762,#8763);
#8762 = CARTESIAN_POINT('',(6.75,-0.45,0.3));
#8763 = VECTOR('',#8764,1.);
#8764 = DIRECTION('',(1.224646799147E-16,1.,-1.110223024625E-16));
#8765 = ORIENTED_EDGE('',*,*,#8766,.T.);
#8766 = EDGE_CURVE('',#8759,#8767,#8769,.T.);
#8767 = VERTEX_POINT('',#8768);
#8768 = CARTESIAN_POINT('',(5.25,-0.45,0.3));
#8769 = LINE('',#8770,#8771);
#8770 = CARTESIAN_POINT('',(6.75,-0.45,0.3));
#8771 = VECTOR('',#8772,1.);
#8772 = DIRECTION('',(-1.,1.224646799147E-16,0.));
#8773 = ORIENTED_EDGE('',*,*,#8774,.T.);
#8774 = EDGE_CURVE('',#8767,#8775,#8777,.T.);
#8775 = VERTEX_POINT('',#8776);
#8776 = CARTESIAN_POINT('',(5.25,-0.25,0.3));
#8777 = LINE('',#8778,#8779);
#8778 = CARTESIAN_POINT('',(5.25,-0.45,0.3));
#8779 = VECTOR('',#8780,1.);
#8780 = DIRECTION('',(1.224646799147E-16,1.,-1.110223024625E-16));
#8781 = ORIENTED_EDGE('',*,*,#8782,.F.);
#8782 = EDGE_CURVE('',#8783,#8775,#8785,.T.);
#8783 = VERTEX_POINT('',#8784);
#8784 = CARTESIAN_POINT('',(4.75,-0.25,0.3));
#8785 = LINE('',#8786,#8787);
#8786 = CARTESIAN_POINT('',(-1.95,-0.25,0.3));
#8787 = VECTOR('',#8788,1.);
#8788 = DIRECTION('',(1.,-1.224646799147E-16,0.));
#8789 = ORIENTED_EDGE('',*,*,#8790,.F.);
#8790 = EDGE_CURVE('',#8791,#8783,#8793,.T.);
#8791 = VERTEX_POINT('',#8792);
#8792 = CARTESIAN_POINT('',(4.75,-0.45,0.3));
#8793 = LINE('',#8794,#8795);
#8794 = CARTESIAN_POINT('',(4.75,-0.45,0.3));
#8795 = VECTOR('',#8796,1.);
#8796 = DIRECTION('',(1.224646799147E-16,1.,-1.110223024625E-16));
#8797 = ORIENTED_EDGE('',*,*,#8798,.T.);
#8798 = EDGE_CURVE('',#8791,#8799,#8801,.T.);
#8799 = VERTEX_POINT('',#8800);
#8800 = CARTESIAN_POINT('',(3.25,-0.45,0.3));
#8801 = LINE('',#8802,#8803);
#8802 = CARTESIAN_POINT('',(4.75,-0.45,0.3));
#8803 = VECTOR('',#8804,1.);
#8804 = DIRECTION('',(-1.,1.224646799147E-16,0.));
#8805 = ORIENTED_EDGE('',*,*,#8806,.T.);
#8806 = EDGE_CURVE('',#8799,#8807,#8809,.T.);
#8807 = VERTEX_POINT('',#8808);
#8808 = CARTESIAN_POINT('',(3.25,-0.25,0.3));
#8809 = LINE('',#8810,#8811);
#8810 = CARTESIAN_POINT('',(3.25,-0.45,0.3));
#8811 = VECTOR('',#8812,1.);
#8812 = DIRECTION('',(1.224646799147E-16,1.,-1.110223024625E-16));
#8813 = ORIENTED_EDGE('',*,*,#8814,.F.);
#8814 = EDGE_CURVE('',#8815,#8807,#8817,.T.);
#8815 = VERTEX_POINT('',#8816);
#8816 = CARTESIAN_POINT('',(2.75,-0.25,0.3));
#8817 = LINE('',#8818,#8819);
#8818 = CARTESIAN_POINT('',(-1.95,-0.25,0.3));
#8819 = VECTOR('',#8820,1.);
#8820 = DIRECTION('',(1.,-1.224646799147E-16,0.));
#8821 = ORIENTED_EDGE('',*,*,#8822,.F.);
#8822 = EDGE_CURVE('',#8823,#8815,#8825,.T.);
#8823 = VERTEX_POINT('',#8824);
#8824 = CARTESIAN_POINT('',(2.75,-0.45,0.3));
#8825 = LINE('',#8826,#8827);
#8826 = CARTESIAN_POINT('',(2.75,-0.45,0.3));
#8827 = VECTOR('',#8828,1.);
#8828 = DIRECTION('',(1.224646799147E-16,1.,-1.110223024625E-16));
#8829 = ORIENTED_EDGE('',*,*,#8830,.T.);
#8830 = EDGE_CURVE('',#8823,#8831,#8833,.T.);
#8831 = VERTEX_POINT('',#8832);
#8832 = CARTESIAN_POINT('',(1.25,-0.45,0.3));
#8833 = LINE('',#8834,#8835);
#8834 = CARTESIAN_POINT('',(2.75,-0.45,0.3));
#8835 = VECTOR('',#8836,1.);
#8836 = DIRECTION('',(-1.,1.224646799147E-16,0.));
#8837 = ORIENTED_EDGE('',*,*,#8838,.T.);
#8838 = EDGE_CURVE('',#8831,#8839,#8841,.T.);
#8839 = VERTEX_POINT('',#8840);
#8840 = CARTESIAN_POINT('',(1.25,-0.25,0.3));
#8841 = LINE('',#8842,#8843);
#8842 = CARTESIAN_POINT('',(1.25,-0.45,0.3));
#8843 = VECTOR('',#8844,1.);
#8844 = DIRECTION('',(1.224646799147E-16,1.,-1.110223024625E-16));
#8845 = ORIENTED_EDGE('',*,*,#8846,.F.);
#8846 = EDGE_CURVE('',#8847,#8839,#8849,.T.);
#8847 = VERTEX_POINT('',#8848);
#8848 = CARTESIAN_POINT('',(0.75,-0.25,0.3));
#8849 = LINE('',#8850,#8851);
#8850 = CARTESIAN_POINT('',(-1.95,-0.25,0.3));
#8851 = VECTOR('',#8852,1.);
#8852 = DIRECTION('',(1.,-1.224646799147E-16,0.));
#8853 = ORIENTED_EDGE('',*,*,#8854,.F.);
#8854 = EDGE_CURVE('',#8855,#8847,#8857,.T.);
#8855 = VERTEX_POINT('',#8856);
#8856 = CARTESIAN_POINT('',(0.75,-0.45,0.3));
#8857 = LINE('',#8858,#8859);
#8858 = CARTESIAN_POINT('',(0.75,-0.45,0.3));
#8859 = VECTOR('',#8860,1.);
#8860 = DIRECTION('',(1.224646799147E-16,1.,-1.110223024625E-16));
#8861 = ORIENTED_EDGE('',*,*,#8862,.T.);
#8862 = EDGE_CURVE('',#8855,#8863,#8865,.T.);
#8863 = VERTEX_POINT('',#8864);
#8864 = CARTESIAN_POINT('',(-0.75,-0.45,0.3));
#8865 = LINE('',#8866,#8867);
#8866 = CARTESIAN_POINT('',(0.75,-0.45,0.3));
#8867 = VECTOR('',#8868,1.);
#8868 = DIRECTION('',(-1.,1.224646799147E-16,0.));
#8869 = ORIENTED_EDGE('',*,*,#8870,.T.);
#8870 = EDGE_CURVE('',#8863,#8705,#8871,.T.);
#8871 = LINE('',#8872,#8873);
#8872 = CARTESIAN_POINT('',(-0.75,-0.45,0.3));
#8873 = VECTOR('',#8874,1.);
#8874 = DIRECTION('',(1.224646799147E-16,1.,-1.110223024625E-16));
#8875 = PLANE('',#8876);
#8876 = AXIS2_PLACEMENT_3D('',#8877,#8878,#8879);
#8877 = CARTESIAN_POINT('',(-1.95,-0.25,0.3));
#8878 = DIRECTION('',(1.359631073447E-32,1.110223024625E-16,1.));
#8879 = DIRECTION('',(1.,-1.224646799147E-16,-6.927121900793E-45));
#8880 = ADVANCED_FACE('',(#8881),#8889,.T.);
#8881 = FACE_BOUND('',#8882,.T.);
#8882 = EDGE_LOOP('',(#8883,#8884,#8885,#8886,#8887,#8888));
#8883 = ORIENTED_EDGE('',*,*,#8389,.T.);
#8884 = ORIENTED_EDGE('',*,*,#8355,.T.);
#8885 = ORIENTED_EDGE('',*,*,#8331,.T.);
#8886 = ORIENTED_EDGE('',*,*,#8307,.T.);
#8887 = ORIENTED_EDGE('',*,*,#8147,.T.);
#8888 = ORIENTED_EDGE('',*,*,#8719,.T.);
#8889 = PLANE('',#8890);
#8890 = AXIS2_PLACEMENT_3D('',#8891,#8892,#8893);
#8891 = CARTESIAN_POINT('',(8.95,-1.566489992801,0.968760807125));
#8892 = DIRECTION('',(-1.,1.224646799147E-16,0.));
#8893 = DIRECTION('',(0.,0.,1.));
#8894 = ADVANCED_FACE('',(#8895),#9041,.F.);
#8895 = FACE_BOUND('',#8896,.F.);
#8896 = EDGE_LOOP('',(#8897,#8898,#8906,#8914,#8922,#8930,#8938,#8946,
    #8954,#8962,#8970,#8978,#8986,#8994,#9002,#9010,#9018,#9026,#9034,
    #9040));
#8897 = ORIENTED_EDGE('',*,*,#8171,.F.);
#8898 = ORIENTED_EDGE('',*,*,#8899,.T.);
#8899 = EDGE_CURVE('',#8172,#8900,#8902,.T.);
#8900 = VERTEX_POINT('',#8901);
#8901 = CARTESIAN_POINT('',(-1.45,-2.05,0.8));
#8902 = LINE('',#8903,#8904);
#8903 = CARTESIAN_POINT('',(-1.45,-6.25,0.8));
#8904 = VECTOR('',#8905,1.);
#8905 = DIRECTION('',(1.224646799147E-16,1.,-1.110223024625E-16));
#8906 = ORIENTED_EDGE('',*,*,#8907,.T.);
#8907 = EDGE_CURVE('',#8900,#8908,#8910,.T.);
#8908 = VERTEX_POINT('',#8909);
#8909 = CARTESIAN_POINT('',(0.8,-2.05,0.8));
#8910 = LINE('',#8911,#8912);
#8911 = CARTESIAN_POINT('',(-1.45,-2.05,0.8));
#8912 = VECTOR('',#8913,1.);
#8913 = DIRECTION('',(1.,-1.224646799147E-16,0.));
#8914 = ORIENTED_EDGE('',*,*,#8915,.T.);
#8915 = EDGE_CURVE('',#8908,#8916,#8918,.T.);
#8916 = VERTEX_POINT('',#8917);
#8917 = CARTESIAN_POINT('',(0.8,-3.95,0.8));
#8918 = LINE('',#8919,#8920);
#8919 = CARTESIAN_POINT('',(0.8,-2.05,0.8));
#8920 = VECTOR('',#8921,1.);
#8921 = DIRECTION('',(-1.224646799147E-16,-1.,1.110223024625E-16));
#8922 = ORIENTED_EDGE('',*,*,#8923,.T.);
#8923 = EDGE_CURVE('',#8916,#8924,#8926,.T.);
#8924 = VERTEX_POINT('',#8925);
#8925 = CARTESIAN_POINT('',(1.2,-3.95,0.8));
#8926 = LINE('',#8927,#8928);
#8927 = CARTESIAN_POINT('',(0.8,-3.95,0.8));
#8928 = VECTOR('',#8929,1.);
#8929 = DIRECTION('',(1.,-1.224646799147E-16,0.));
#8930 = ORIENTED_EDGE('',*,*,#8931,.F.);
#8931 = EDGE_CURVE('',#8932,#8924,#8934,.T.);
#8932 = VERTEX_POINT('',#8933);
#8933 = CARTESIAN_POINT('',(1.2,-2.05,0.8));
#8934 = LINE('',#8935,#8936);
#8935 = CARTESIAN_POINT('',(1.2,-2.05,0.8));
#8936 = VECTOR('',#8937,1.);
#8937 = DIRECTION('',(-1.224646799147E-16,-1.,1.110223024625E-16));
#8938 = ORIENTED_EDGE('',*,*,#8939,.T.);
#8939 = EDGE_CURVE('',#8932,#8940,#8942,.T.);
#8940 = VERTEX_POINT('',#8941);
#8941 = CARTESIAN_POINT('',(2.8,-2.05,0.8));
#8942 = LINE('',#8943,#8944);
#8943 = CARTESIAN_POINT('',(-1.45,-2.05,0.8));
#8944 = VECTOR('',#8945,1.);
#8945 = DIRECTION('',(1.,-1.224646799147E-16,0.));
#8946 = ORIENTED_EDGE('',*,*,#8947,.T.);
#8947 = EDGE_CURVE('',#8940,#8948,#8950,.T.);
#8948 = VERTEX_POINT('',#8949);
#8949 = CARTESIAN_POINT('',(2.8,-3.95,0.8));
#8950 = LINE('',#8951,#8952);
#8951 = CARTESIAN_POINT('',(2.8,-2.05,0.8));
#8952 = VECTOR('',#8953,1.);
#8953 = DIRECTION('',(-1.224646799147E-16,-1.,1.110223024625E-16));
#8954 = ORIENTED_EDGE('',*,*,#8955,.T.);
#8955 = EDGE_CURVE('',#8948,#8956,#8958,.T.);
#8956 = VERTEX_POINT('',#8957);
#8957 = CARTESIAN_POINT('',(3.2,-3.95,0.8));
#8958 = LINE('',#8959,#8960);
#8959 = CARTESIAN_POINT('',(2.8,-3.95,0.8));
#8960 = VECTOR('',#8961,1.);
#8961 = DIRECTION('',(1.,-1.224646799147E-16,0.));
#8962 = ORIENTED_EDGE('',*,*,#8963,.F.);
#8963 = EDGE_CURVE('',#8964,#8956,#8966,.T.);
#8964 = VERTEX_POINT('',#8965);
#8965 = CARTESIAN_POINT('',(3.2,-2.05,0.8));
#8966 = LINE('',#8967,#8968);
#8967 = CARTESIAN_POINT('',(3.2,-2.05,0.8));
#8968 = VECTOR('',#8969,1.);
#8969 = DIRECTION('',(-1.224646799147E-16,-1.,1.110223024625E-16));
#8970 = ORIENTED_EDGE('',*,*,#8971,.T.);
#8971 = EDGE_CURVE('',#8964,#8972,#8974,.T.);
#8972 = VERTEX_POINT('',#8973);
#8973 = CARTESIAN_POINT('',(4.8,-2.05,0.8));
#8974 = LINE('',#8975,#8976);
#8975 = CARTESIAN_POINT('',(-1.45,-2.05,0.8));
#8976 = VECTOR('',#8977,1.);
#8977 = DIRECTION('',(1.,-1.224646799147E-16,0.));
#8978 = ORIENTED_EDGE('',*,*,#8979,.T.);
#8979 = EDGE_CURVE('',#8972,#8980,#8982,.T.);
#8980 = VERTEX_POINT('',#8981);
#8981 = CARTESIAN_POINT('',(4.8,-3.95,0.8));
#8982 = LINE('',#8983,#8984);
#8983 = CARTESIAN_POINT('',(4.8,-2.05,0.8));
#8984 = VECTOR('',#8985,1.);
#8985 = DIRECTION('',(-1.224646799147E-16,-1.,1.110223024625E-16));
#8986 = ORIENTED_EDGE('',*,*,#8987,.T.);
#8987 = EDGE_CURVE('',#8980,#8988,#8990,.T.);
#8988 = VERTEX_POINT('',#8989);
#8989 = CARTESIAN_POINT('',(5.2,-3.95,0.8));
#8990 = LINE('',#8991,#8992);
#8991 = CARTESIAN_POINT('',(4.8,-3.95,0.8));
#8992 = VECTOR('',#8993,1.);
#8993 = DIRECTION('',(1.,-1.224646799147E-16,0.));
#8994 = ORIENTED_EDGE('',*,*,#8995,.F.);
#8995 = EDGE_CURVE('',#8996,#8988,#8998,.T.);
#8996 = VERTEX_POINT('',#8997);
#8997 = CARTESIAN_POINT('',(5.2,-2.05,0.8));
#8998 = LINE('',#8999,#9000);
#8999 = CARTESIAN_POINT('',(5.2,-2.05,0.8));
#9000 = VECTOR('',#9001,1.);
#9001 = DIRECTION('',(-1.224646799147E-16,-1.,1.110223024625E-16));
#9002 = ORIENTED_EDGE('',*,*,#9003,.T.);
#9003 = EDGE_CURVE('',#8996,#9004,#9006,.T.);
#9004 = VERTEX_POINT('',#9005);
#9005 = CARTESIAN_POINT('',(6.8,-2.05,0.8));
#9006 = LINE('',#9007,#9008);
#9007 = CARTESIAN_POINT('',(-1.45,-2.05,0.8));
#9008 = VECTOR('',#9009,1.);
#9009 = DIRECTION('',(1.,-1.224646799147E-16,0.));
#9010 = ORIENTED_EDGE('',*,*,#9011,.T.);
#9011 = EDGE_CURVE('',#9004,#9012,#9014,.T.);
#9012 = VERTEX_POINT('',#9013);
#9013 = CARTESIAN_POINT('',(6.8,-3.95,0.8));
#9014 = LINE('',#9015,#9016);
#9015 = CARTESIAN_POINT('',(6.8,-2.05,0.8));
#9016 = VECTOR('',#9017,1.);
#9017 = DIRECTION('',(-1.224646799147E-16,-1.,1.110223024625E-16));
#9018 = ORIENTED_EDGE('',*,*,#9019,.T.);
#9019 = EDGE_CURVE('',#9012,#9020,#9022,.T.);
#9020 = VERTEX_POINT('',#9021);
#9021 = CARTESIAN_POINT('',(7.2,-3.95,0.8));
#9022 = LINE('',#9023,#9024);
#9023 = CARTESIAN_POINT('',(6.8,-3.95,0.8));
#9024 = VECTOR('',#9025,1.);
#9025 = DIRECTION('',(1.,-1.224646799147E-16,0.));
#9026 = ORIENTED_EDGE('',*,*,#9027,.F.);
#9027 = EDGE_CURVE('',#9028,#9020,#9030,.T.);
#9028 = VERTEX_POINT('',#9029);
#9029 = CARTESIAN_POINT('',(7.2,-2.05,0.8));
#9030 = LINE('',#9031,#9032);
#9031 = CARTESIAN_POINT('',(7.2,-2.05,0.8));
#9032 = VECTOR('',#9033,1.);
#9033 = DIRECTION('',(-1.224646799147E-16,-1.,1.110223024625E-16));
#9034 = ORIENTED_EDGE('',*,*,#9035,.T.);
#9035 = EDGE_CURVE('',#9028,#8227,#9036,.T.);
#9036 = LINE('',#9037,#9038);
#9037 = CARTESIAN_POINT('',(-1.45,-2.05,0.8));
#9038 = VECTOR('',#9039,1.);
#9039 = DIRECTION('',(1.,-1.224646799147E-16,0.));
#9040 = ORIENTED_EDGE('',*,*,#8226,.F.);
#9041 = PLANE('',#9042);
#9042 = AXIS2_PLACEMENT_3D('',#9043,#9044,#9045);
#9043 = CARTESIAN_POINT('',(-1.45,-6.25,0.8));
#9044 = DIRECTION('',(-1.359631073447E-32,-1.110223024625E-16,-1.));
#9045 = DIRECTION('',(1.,-1.224646799147E-16,-6.927121900793E-45));
#9046 = ADVANCED_FACE('',(#9047),#9098,.F.);
#9047 = FACE_BOUND('',#9048,.F.);
#9048 = EDGE_LOOP('',(#9049,#9059,#9067,#9073,#9074,#9075,#9083,#9092));
#9049 = ORIENTED_EDGE('',*,*,#9050,.F.);
#9050 = EDGE_CURVE('',#9051,#9053,#9055,.T.);
#9051 = VERTEX_POINT('',#9052);
#9052 = CARTESIAN_POINT('',(-1.45,-6.25,4.2));
#9053 = VERTEX_POINT('',#9054);
#9054 = CARTESIAN_POINT('',(-1.45,-6.25,3.3));
#9055 = LINE('',#9056,#9057);
#9056 = CARTESIAN_POINT('',(-1.45,-6.25,4.2));
#9057 = VECTOR('',#9058,1.);
#9058 = DIRECTION('',(-1.359631073447E-32,-1.110223024625E-16,-1.));
#9059 = ORIENTED_EDGE('',*,*,#9060,.T.);
#9060 = EDGE_CURVE('',#9051,#9061,#9063,.T.);
#9061 = VERTEX_POINT('',#9062);
#9062 = CARTESIAN_POINT('',(-1.45,-2.05,4.2));
#9063 = LINE('',#9064,#9065);
#9064 = CARTESIAN_POINT('',(-1.45,-6.25,4.2));
#9065 = VECTOR('',#9066,1.);
#9066 = DIRECTION('',(1.224646799147E-16,1.,-1.110223024625E-16));
#9067 = ORIENTED_EDGE('',*,*,#9068,.T.);
#9068 = EDGE_CURVE('',#9061,#8900,#9069,.T.);
#9069 = LINE('',#9070,#9071);
#9070 = CARTESIAN_POINT('',(-1.45,-2.05,4.2));
#9071 = VECTOR('',#9072,1.);
#9072 = DIRECTION('',(-1.359631073447E-32,-1.110223024625E-16,-1.));
#9073 = ORIENTED_EDGE('',*,*,#8899,.F.);
#9074 = ORIENTED_EDGE('',*,*,#8179,.F.);
#9075 = ORIENTED_EDGE('',*,*,#9076,.T.);
#9076 = EDGE_CURVE('',#8180,#9077,#9079,.T.);
#9077 = VERTEX_POINT('',#9078);
#9078 = CARTESIAN_POINT('',(-1.45,-4.65,2.5));
#9079 = LINE('',#9080,#9081);
#9080 = CARTESIAN_POINT('',(-1.45,-5.45,2.5));
#9081 = VECTOR('',#9082,1.);
#9082 = DIRECTION('',(1.224646799147E-16,1.,-1.110223024625E-16));
#9083 = ORIENTED_EDGE('',*,*,#9084,.T.);
#9084 = EDGE_CURVE('',#9077,#9085,#9087,.T.);
#9085 = VERTEX_POINT('',#9086);
#9086 = CARTESIAN_POINT('',(-1.45,-4.65,3.3));
#9087 = CIRCLE('',#9088,0.4);
#9088 = AXIS2_PLACEMENT_3D('',#9089,#9090,#9091);
#9089 = CARTESIAN_POINT('',(-1.45,-4.65,2.9));
#9090 = DIRECTION('',(1.,-1.224646799147E-16,0.));
#9091 = DIRECTION('',(1.359631073446E-32,1.110223024625E-16,1.));
#9092 = ORIENTED_EDGE('',*,*,#9093,.T.);
#9093 = EDGE_CURVE('',#9085,#9053,#9094,.T.);
#9094 = LINE('',#9095,#9096);
#9095 = CARTESIAN_POINT('',(-1.45,-6.25,3.3));
#9096 = VECTOR('',#9097,1.);
#9097 = DIRECTION('',(-1.224646799147E-16,-1.,1.110223024625E-16));
#9098 = PLANE('',#9099);
#9099 = AXIS2_PLACEMENT_3D('',#9100,#9101,#9102);
#9100 = CARTESIAN_POINT('',(-1.45,-6.25,4.2));
#9101 = DIRECTION('',(-1.,1.224646799147E-16,0.));
#9102 = DIRECTION('',(-1.359631073446E-32,-1.110223024625E-16,-1.));
#9103 = ADVANCED_FACE('',(#9104),#9122,.T.);
#9104 = FACE_BOUND('',#9105,.T.);
#9105 = EDGE_LOOP('',(#9106,#9107,#9115,#9121));
#9106 = ORIENTED_EDGE('',*,*,#9076,.T.);
#9107 = ORIENTED_EDGE('',*,*,#9108,.T.);
#9108 = EDGE_CURVE('',#9077,#9109,#9111,.T.);
#9109 = VERTEX_POINT('',#9110);
#9110 = CARTESIAN_POINT('',(-1.95,-4.65,2.5));
#9111 = LINE('',#9112,#9113);
#9112 = CARTESIAN_POINT('',(9.95,-4.65,2.5));
#9113 = VECTOR('',#9114,1.);
#9114 = DIRECTION('',(-1.,1.224646799147E-16,0.));
#9115 = ORIENTED_EDGE('',*,*,#9116,.T.);
#9116 = EDGE_CURVE('',#9109,#8188,#9117,.T.);
#9117 = LINE('',#9118,#9119);
#9118 = CARTESIAN_POINT('',(-1.95,-2.45,2.5));
#9119 = VECTOR('',#9120,1.);
#9120 = DIRECTION('',(-1.224646799147E-16,-1.,1.110223024625E-16));
#9121 = ORIENTED_EDGE('',*,*,#8187,.F.);
#9122 = PLANE('',#9123);
#9123 = AXIS2_PLACEMENT_3D('',#9124,#9125,#9126);
#9124 = CARTESIAN_POINT('',(9.95,-4.65,2.5));
#9125 = DIRECTION('',(1.359631073447E-32,1.110223024625E-16,1.));
#9126 = DIRECTION('',(-1.224646799147E-16,-1.,1.110223024625E-16));
#9127 = ADVANCED_FACE('',(#9128),#9195,.T.);
#9128 = FACE_BOUND('',#9129,.T.);
#9129 = EDGE_LOOP('',(#9130,#9140,#9148,#9156,#9162,#9163,#9164,#9173,
    #9181,#9189));
#9130 = ORIENTED_EDGE('',*,*,#9131,.T.);
#9131 = EDGE_CURVE('',#9132,#9134,#9136,.T.);
#9132 = VERTEX_POINT('',#9133);
#9133 = CARTESIAN_POINT('',(-1.95,-0.25,4.8));
#9134 = VERTEX_POINT('',#9135);
#9135 = CARTESIAN_POINT('',(-1.95,-0.25,4.1));
#9136 = LINE('',#9137,#9138);
#9137 = CARTESIAN_POINT('',(-1.95,-0.25,4.8));
#9138 = VECTOR('',#9139,1.);
#9139 = DIRECTION('',(-1.359631073447E-32,-1.110223024625E-16,-1.));
#9140 = ORIENTED_EDGE('',*,*,#9141,.T.);
#9141 = EDGE_CURVE('',#9134,#9142,#9144,.T.);
#9142 = VERTEX_POINT('',#9143);
#9143 = CARTESIAN_POINT('',(-1.95,1.35,3.2));
#9144 = LINE('',#9145,#9146);
#9145 = CARTESIAN_POINT('',(-1.95,-0.25,4.1));
#9146 = VECTOR('',#9147,1.);
#9147 = DIRECTION('',(1.067372191754E-16,0.871575537124,-0.490261239633)
  );
#9148 = ORIENTED_EDGE('',*,*,#9149,.T.);
#9149 = EDGE_CURVE('',#9142,#9150,#9152,.T.);
#9150 = VERTEX_POINT('',#9151);
#9151 = CARTESIAN_POINT('',(-1.95,1.35,0.));
#9152 = LINE('',#9153,#9154);
#9153 = CARTESIAN_POINT('',(-1.95,1.35,3.2));
#9154 = VECTOR('',#9155,1.);
#9155 = DIRECTION('',(-0.,0.,-1.));
#9156 = ORIENTED_EDGE('',*,*,#9157,.T.);
#9157 = EDGE_CURVE('',#9150,#8196,#9158,.T.);
#9158 = LINE('',#9159,#9160);
#9159 = CARTESIAN_POINT('',(-1.95,1.35,0.));
#9160 = VECTOR('',#9161,1.);
#9161 = DIRECTION('',(-1.224646799147E-16,-1.,0.));
#9162 = ORIENTED_EDGE('',*,*,#8195,.F.);
#9163 = ORIENTED_EDGE('',*,*,#9116,.F.);
#9164 = ORIENTED_EDGE('',*,*,#9165,.T.);
#9165 = EDGE_CURVE('',#9109,#9166,#9168,.T.);
#9166 = VERTEX_POINT('',#9167);
#9167 = CARTESIAN_POINT('',(-1.95,-4.65,3.3));
#9168 = CIRCLE('',#9169,0.4);
#9169 = AXIS2_PLACEMENT_3D('',#9170,#9171,#9172);
#9170 = CARTESIAN_POINT('',(-1.95,-4.65,2.9));
#9171 = DIRECTION('',(1.,-1.224646799147E-16,0.));
#9172 = DIRECTION('',(1.359631073446E-32,1.110223024625E-16,1.));
#9173 = ORIENTED_EDGE('',*,*,#9174,.F.);
#9174 = EDGE_CURVE('',#9175,#9166,#9177,.T.);
#9175 = VERTEX_POINT('',#9176);
#9176 = CARTESIAN_POINT('',(-1.95,-6.25,3.3));
#9177 = LINE('',#9178,#9179);
#9178 = CARTESIAN_POINT('',(-1.95,-3.25,3.3));
#9179 = VECTOR('',#9180,1.);
#9180 = DIRECTION('',(1.224646799147E-16,1.,-1.110223024625E-16));
#9181 = ORIENTED_EDGE('',*,*,#9182,.F.);
#9182 = EDGE_CURVE('',#9183,#9175,#9185,.T.);
#9183 = VERTEX_POINT('',#9184);
#9184 = CARTESIAN_POINT('',(-1.95,-6.25,4.8));
#9185 = LINE('',#9186,#9187);
#9186 = CARTESIAN_POINT('',(-1.95,-6.25,4.8));
#9187 = VECTOR('',#9188,1.);
#9188 = DIRECTION('',(-1.359631073447E-32,-1.110223024625E-16,-1.));
#9189 = ORIENTED_EDGE('',*,*,#9190,.F.);
#9190 = EDGE_CURVE('',#9132,#9183,#9191,.T.);
#9191 = LINE('',#9192,#9193);
#9192 = CARTESIAN_POINT('',(-1.95,-0.25,4.8));
#9193 = VECTOR('',#9194,1.);
#9194 = DIRECTION('',(-1.224646799147E-16,-1.,1.110223024625E-16));
#9195 = PLANE('',#9196);
#9196 = AXIS2_PLACEMENT_3D('',#9197,#9198,#9199);
#9197 = CARTESIAN_POINT('',(-1.95,-2.909897467985,2.368621550033));
#9198 = DIRECTION('',(-1.,1.224646799147E-16,-1.410366006779E-31));
#9199 = DIRECTION('',(-1.410366006779E-31,1.727200215828E-47,1.));
#9200 = ADVANCED_FACE('',(#9201),#9219,.F.);
#9201 = FACE_BOUND('',#9202,.F.);
#9202 = EDGE_LOOP('',(#9203,#9211,#9212,#9213));
#9203 = ORIENTED_EDGE('',*,*,#9204,.T.);
#9204 = EDGE_CURVE('',#9205,#9150,#9207,.T.);
#9205 = VERTEX_POINT('',#9206);
#9206 = CARTESIAN_POINT('',(-0.95,1.35,0.));
#9207 = LINE('',#9208,#9209);
#9208 = CARTESIAN_POINT('',(-0.95,1.35,0.));
#9209 = VECTOR('',#9210,1.);
#9210 = DIRECTION('',(-1.,1.224646799147E-16,0.));
#9211 = ORIENTED_EDGE('',*,*,#9157,.T.);
#9212 = ORIENTED_EDGE('',*,*,#8203,.F.);
#9213 = ORIENTED_EDGE('',*,*,#9214,.F.);
#9214 = EDGE_CURVE('',#9205,#8204,#9215,.T.);
#9215 = LINE('',#9216,#9217);
#9216 = CARTESIAN_POINT('',(-0.95,1.35,0.));
#9217 = VECTOR('',#9218,1.);
#9218 = DIRECTION('',(-1.224646799147E-16,-1.,0.));
#9219 = PLANE('',#9220);
#9220 = AXIS2_PLACEMENT_3D('',#9221,#9222,#9223);
#9221 = CARTESIAN_POINT('',(-0.95,1.35,0.));
#9222 = DIRECTION('',(0.,0.,1.));
#9223 = DIRECTION('',(-1.224646799147E-16,-1.,0.));
#9224 = ADVANCED_FACE('',(#9225),#9252,.F.);
#9225 = FACE_BOUND('',#9226,.F.);
#9226 = EDGE_LOOP('',(#9227,#9235,#9243,#9249,#9250,#9251));
#9227 = ORIENTED_EDGE('',*,*,#9228,.T.);
#9228 = EDGE_CURVE('',#8703,#9229,#9231,.T.);
#9229 = VERTEX_POINT('',#9230);
#9230 = CARTESIAN_POINT('',(-0.95,-0.25,4.1));
#9231 = LINE('',#9232,#9233);
#9232 = CARTESIAN_POINT('',(-0.95,-0.25,0.3));
#9233 = VECTOR('',#9234,1.);
#9234 = DIRECTION('',(0.,0.,1.));
#9235 = ORIENTED_EDGE('',*,*,#9236,.T.);
#9236 = EDGE_CURVE('',#9229,#9237,#9239,.T.);
#9237 = VERTEX_POINT('',#9238);
#9238 = CARTESIAN_POINT('',(-0.95,1.35,3.2));
#9239 = LINE('',#9240,#9241);
#9240 = CARTESIAN_POINT('',(-0.95,-0.25,4.1));
#9241 = VECTOR('',#9242,1.);
#9242 = DIRECTION('',(1.067372191754E-16,0.871575537124,-0.490261239633)
  );
#9243 = ORIENTED_EDGE('',*,*,#9244,.T.);
#9244 = EDGE_CURVE('',#9237,#9205,#9245,.T.);
#9245 = LINE('',#9246,#9247);
#9246 = CARTESIAN_POINT('',(-0.95,1.35,3.2));
#9247 = VECTOR('',#9248,1.);
#9248 = DIRECTION('',(-0.,0.,-1.));
#9249 = ORIENTED_EDGE('',*,*,#9214,.T.);
#9250 = ORIENTED_EDGE('',*,*,#8211,.T.);
#9251 = ORIENTED_EDGE('',*,*,#8712,.T.);
#9252 = PLANE('',#9253);
#9253 = AXIS2_PLACEMENT_3D('',#9254,#9255,#9256);
#9254 = CARTESIAN_POINT('',(-0.95,-1.566489992801,0.968760807125));
#9255 = DIRECTION('',(-1.,1.224646799147E-16,0.));
#9256 = DIRECTION('',(0.,0.,1.));
#9257 = ADVANCED_FACE('',(#9258),#9363,.F.);
#9258 = FACE_BOUND('',#9259,.F.);
#9259 = EDGE_LOOP('',(#9260,#9261,#9262,#9270,#9278,#9286,#9294,#9302,
    #9310,#9318,#9326,#9332,#9333,#9341,#9349,#9357));
#9260 = ORIENTED_EDGE('',*,*,#8675,.F.);
#9261 = ORIENTED_EDGE('',*,*,#8242,.T.);
#9262 = ORIENTED_EDGE('',*,*,#9263,.T.);
#9263 = EDGE_CURVE('',#8235,#9264,#9266,.T.);
#9264 = VERTEX_POINT('',#9265);
#9265 = CARTESIAN_POINT('',(9.4,-2.05,4.2));
#9266 = LINE('',#9267,#9268);
#9267 = CARTESIAN_POINT('',(9.45,-2.05,4.2));
#9268 = VECTOR('',#9269,1.);
#9269 = DIRECTION('',(-1.,1.224646799147E-16,0.));
#9270 = ORIENTED_EDGE('',*,*,#9271,.F.);
#9271 = EDGE_CURVE('',#9272,#9264,#9274,.T.);
#9272 = VERTEX_POINT('',#9273);
#9273 = CARTESIAN_POINT('',(9.4,-4.45,4.2));
#9274 = LINE('',#9275,#9276);
#9275 = CARTESIAN_POINT('',(9.4,-4.45,4.2));
#9276 = VECTOR('',#9277,1.);
#9277 = DIRECTION('',(1.224646799147E-16,1.,-1.110223024625E-16));
#9278 = ORIENTED_EDGE('',*,*,#9279,.F.);
#9279 = EDGE_CURVE('',#9280,#9272,#9282,.T.);
#9280 = VERTEX_POINT('',#9281);
#9281 = CARTESIAN_POINT('',(8.4,-4.45,4.2));
#9282 = LINE('',#9283,#9284);
#9283 = CARTESIAN_POINT('',(8.4,-4.45,4.2));
#9284 = VECTOR('',#9285,1.);
#9285 = DIRECTION('',(1.,-1.224646799147E-16,0.));
#9286 = ORIENTED_EDGE('',*,*,#9287,.F.);
#9287 = EDGE_CURVE('',#9288,#9280,#9290,.T.);
#9288 = VERTEX_POINT('',#9289);
#9289 = CARTESIAN_POINT('',(8.4,-2.05,4.2));
#9290 = LINE('',#9291,#9292);
#9291 = CARTESIAN_POINT('',(8.4,-0.25,4.2));
#9292 = VECTOR('',#9293,1.);
#9293 = DIRECTION('',(-1.224646799147E-16,-1.,1.110223024625E-16));
#9294 = ORIENTED_EDGE('',*,*,#9295,.T.);
#9295 = EDGE_CURVE('',#9288,#9296,#9298,.T.);
#9296 = VERTEX_POINT('',#9297);
#9297 = CARTESIAN_POINT('',(-0.4,-2.05,4.2));
#9298 = LINE('',#9299,#9300);
#9299 = CARTESIAN_POINT('',(9.45,-2.05,4.2));
#9300 = VECTOR('',#9301,1.);
#9301 = DIRECTION('',(-1.,1.224646799147E-16,0.));
#9302 = ORIENTED_EDGE('',*,*,#9303,.T.);
#9303 = EDGE_CURVE('',#9296,#9304,#9306,.T.);
#9304 = VERTEX_POINT('',#9305);
#9305 = CARTESIAN_POINT('',(-0.4,-4.45,4.2));
#9306 = LINE('',#9307,#9308);
#9307 = CARTESIAN_POINT('',(-0.4,-0.25,4.2));
#9308 = VECTOR('',#9309,1.);
#9309 = DIRECTION('',(-1.224646799147E-16,-1.,1.110223024625E-16));
#9310 = ORIENTED_EDGE('',*,*,#9311,.T.);
#9311 = EDGE_CURVE('',#9304,#9312,#9314,.T.);
#9312 = VERTEX_POINT('',#9313);
#9313 = CARTESIAN_POINT('',(-1.4,-4.45,4.2));
#9314 = LINE('',#9315,#9316);
#9315 = CARTESIAN_POINT('',(-0.4,-4.45,4.2));
#9316 = VECTOR('',#9317,1.);
#9317 = DIRECTION('',(-1.,1.224646799147E-16,0.));
#9318 = ORIENTED_EDGE('',*,*,#9319,.T.);
#9319 = EDGE_CURVE('',#9312,#9320,#9322,.T.);
#9320 = VERTEX_POINT('',#9321);
#9321 = CARTESIAN_POINT('',(-1.4,-2.05,4.2));
#9322 = LINE('',#9323,#9324);
#9323 = CARTESIAN_POINT('',(-1.4,-4.45,4.2));
#9324 = VECTOR('',#9325,1.);
#9325 = DIRECTION('',(1.224646799147E-16,1.,-1.110223024625E-16));
#9326 = ORIENTED_EDGE('',*,*,#9327,.T.);
#9327 = EDGE_CURVE('',#9320,#9061,#9328,.T.);
#9328 = LINE('',#9329,#9330);
#9329 = CARTESIAN_POINT('',(9.45,-2.05,4.2));
#9330 = VECTOR('',#9331,1.);
#9331 = DIRECTION('',(-1.,1.224646799147E-16,0.));
#9332 = ORIENTED_EDGE('',*,*,#9060,.F.);
#9333 = ORIENTED_EDGE('',*,*,#9334,.F.);
#9334 = EDGE_CURVE('',#9335,#9051,#9337,.T.);
#9335 = VERTEX_POINT('',#9336);
#9336 = CARTESIAN_POINT('',(0.55,-6.25,4.2));
#9337 = LINE('',#9338,#9339);
#9338 = CARTESIAN_POINT('',(9.45,-6.25,4.2));
#9339 = VECTOR('',#9340,1.);
#9340 = DIRECTION('',(-1.,1.224646799147E-16,0.));
#9341 = ORIENTED_EDGE('',*,*,#9342,.F.);
#9342 = EDGE_CURVE('',#9343,#9335,#9345,.T.);
#9343 = VERTEX_POINT('',#9344);
#9344 = CARTESIAN_POINT('',(0.55,-2.35,4.2));
#9345 = LINE('',#9346,#9347);
#9346 = CARTESIAN_POINT('',(0.55,-4.3,4.2));
#9347 = VECTOR('',#9348,1.);
#9348 = DIRECTION('',(-1.224646799147E-16,-1.,1.110223024625E-16));
#9349 = ORIENTED_EDGE('',*,*,#9350,.F.);
#9350 = EDGE_CURVE('',#9351,#9343,#9353,.T.);
#9351 = VERTEX_POINT('',#9352);
#9352 = CARTESIAN_POINT('',(7.45,-2.35,4.2));
#9353 = LINE('',#9354,#9355);
#9354 = CARTESIAN_POINT('',(8.45,-2.35,4.2));
#9355 = VECTOR('',#9356,1.);
#9356 = DIRECTION('',(-1.,1.224646799147E-16,0.));
#9357 = ORIENTED_EDGE('',*,*,#9358,.F.);
#9358 = EDGE_CURVE('',#8668,#9351,#9359,.T.);
#9359 = LINE('',#9360,#9361);
#9360 = CARTESIAN_POINT('',(7.45,-6.25,4.2));
#9361 = VECTOR('',#9362,1.);
#9362 = DIRECTION('',(1.224646799147E-16,1.,-1.110223024625E-16));
#9363 = PLANE('',#9364);
#9364 = AXIS2_PLACEMENT_3D('',#9365,#9366,#9367);
#9365 = CARTESIAN_POINT('',(9.45,-6.25,4.2));
#9366 = DIRECTION('',(1.359631073447E-32,1.110223024625E-16,1.));
#9367 = DIRECTION('',(-1.,1.224646799147E-16,6.927121900793E-45));
#9368 = ADVANCED_FACE('',(#9369,#9481,#9515,#9549,#9583,#9617),#9651,.T.
  );
#9369 = FACE_BOUND('',#9370,.T.);
#9370 = EDGE_LOOP('',(#9371,#9379,#9380,#9381,#9382,#9388,#9389,#9395,
    #9396,#9397,#9398,#9406,#9414,#9420,#9421,#9429,#9437,#9443,#9444,
    #9452,#9460,#9466,#9467,#9475));
#9371 = ORIENTED_EDGE('',*,*,#9372,.F.);
#9372 = EDGE_CURVE('',#9028,#9373,#9375,.T.);
#9373 = VERTEX_POINT('',#9374);
#9374 = CARTESIAN_POINT('',(7.2,-2.05,1.1));
#9375 = LINE('',#9376,#9377);
#9376 = CARTESIAN_POINT('',(7.2,-2.05,0.8));
#9377 = VECTOR('',#9378,1.);
#9378 = DIRECTION('',(1.359631073447E-32,1.110223024625E-16,1.));
#9379 = ORIENTED_EDGE('',*,*,#9035,.T.);
#9380 = ORIENTED_EDGE('',*,*,#8234,.T.);
#9381 = ORIENTED_EDGE('',*,*,#9263,.T.);
#9382 = ORIENTED_EDGE('',*,*,#9383,.T.);
#9383 = EDGE_CURVE('',#9264,#9288,#9384,.T.);
#9384 = LINE('',#9385,#9386);
#9385 = CARTESIAN_POINT('',(9.45,-2.05,4.2));
#9386 = VECTOR('',#9387,1.);
#9387 = DIRECTION('',(-1.,1.224646799147E-16,0.));
#9388 = ORIENTED_EDGE('',*,*,#9295,.T.);
#9389 = ORIENTED_EDGE('',*,*,#9390,.T.);
#9390 = EDGE_CURVE('',#9296,#9320,#9391,.T.);
#9391 = LINE('',#9392,#9393);
#9392 = CARTESIAN_POINT('',(9.45,-2.05,4.2));
#9393 = VECTOR('',#9394,1.);
#9394 = DIRECTION('',(-1.,1.224646799147E-16,0.));
#9395 = ORIENTED_EDGE('',*,*,#9327,.T.);
#9396 = ORIENTED_EDGE('',*,*,#9068,.T.);
#9397 = ORIENTED_EDGE('',*,*,#8907,.T.);
#9398 = ORIENTED_EDGE('',*,*,#9399,.F.);
#9399 = EDGE_CURVE('',#9400,#8908,#9402,.T.);
#9400 = VERTEX_POINT('',#9401);
#9401 = CARTESIAN_POINT('',(0.8,-2.05,1.1));
#9402 = LINE('',#9403,#9404);
#9403 = CARTESIAN_POINT('',(0.8,-2.05,1.1));
#9404 = VECTOR('',#9405,1.);
#9405 = DIRECTION('',(-1.359631073447E-32,-1.110223024625E-16,-1.));
#9406 = ORIENTED_EDGE('',*,*,#9407,.F.);
#9407 = EDGE_CURVE('',#9408,#9400,#9410,.T.);
#9408 = VERTEX_POINT('',#9409);
#9409 = CARTESIAN_POINT('',(1.2,-2.05,1.1));
#9410 = LINE('',#9411,#9412);
#9411 = CARTESIAN_POINT('',(1.2,-2.05,1.1));
#9412 = VECTOR('',#9413,1.);
#9413 = DIRECTION('',(-1.,1.224646799147E-16,0.));
#9414 = ORIENTED_EDGE('',*,*,#9415,.F.);
#9415 = EDGE_CURVE('',#8932,#9408,#9416,.T.);
#9416 = LINE('',#9417,#9418);
#9417 = CARTESIAN_POINT('',(1.2,-2.05,0.8));
#9418 = VECTOR('',#9419,1.);
#9419 = DIRECTION('',(1.359631073447E-32,1.110223024625E-16,1.));
#9420 = ORIENTED_EDGE('',*,*,#8939,.T.);
#9421 = ORIENTED_EDGE('',*,*,#9422,.F.);
#9422 = EDGE_CURVE('',#9423,#8940,#9425,.T.);
#9423 = VERTEX_POINT('',#9424);
#9424 = CARTESIAN_POINT('',(2.8,-2.05,1.1));
#9425 = LINE('',#9426,#9427);
#9426 = CARTESIAN_POINT('',(2.8,-2.05,1.1));
#9427 = VECTOR('',#9428,1.);
#9428 = DIRECTION('',(-1.359631073447E-32,-1.110223024625E-16,-1.));
#9429 = ORIENTED_EDGE('',*,*,#9430,.F.);
#9430 = EDGE_CURVE('',#9431,#9423,#9433,.T.);
#9431 = VERTEX_POINT('',#9432);
#9432 = CARTESIAN_POINT('',(3.2,-2.05,1.1));
#9433 = LINE('',#9434,#9435);
#9434 = CARTESIAN_POINT('',(3.2,-2.05,1.1));
#9435 = VECTOR('',#9436,1.);
#9436 = DIRECTION('',(-1.,1.224646799147E-16,0.));
#9437 = ORIENTED_EDGE('',*,*,#9438,.F.);
#9438 = EDGE_CURVE('',#8964,#9431,#9439,.T.);
#9439 = LINE('',#9440,#9441);
#9440 = CARTESIAN_POINT('',(3.2,-2.05,0.8));
#9441 = VECTOR('',#9442,1.);
#9442 = DIRECTION('',(1.359631073447E-32,1.110223024625E-16,1.));
#9443 = ORIENTED_EDGE('',*,*,#8971,.T.);
#9444 = ORIENTED_EDGE('',*,*,#9445,.F.);
#9445 = EDGE_CURVE('',#9446,#8972,#9448,.T.);
#9446 = VERTEX_POINT('',#9447);
#9447 = CARTESIAN_POINT('',(4.8,-2.05,1.1));
#9448 = LINE('',#9449,#9450);
#9449 = CARTESIAN_POINT('',(4.8,-2.05,1.1));
#9450 = VECTOR('',#9451,1.);
#9451 = DIRECTION('',(-1.359631073447E-32,-1.110223024625E-16,-1.));
#9452 = ORIENTED_EDGE('',*,*,#9453,.F.);
#9453 = EDGE_CURVE('',#9454,#9446,#9456,.T.);
#9454 = VERTEX_POINT('',#9455);
#9455 = CARTESIAN_POINT('',(5.2,-2.05,1.1));
#9456 = LINE('',#9457,#9458);
#9457 = CARTESIAN_POINT('',(5.2,-2.05,1.1));
#9458 = VECTOR('',#9459,1.);
#9459 = DIRECTION('',(-1.,1.224646799147E-16,0.));
#9460 = ORIENTED_EDGE('',*,*,#9461,.F.);
#9461 = EDGE_CURVE('',#8996,#9454,#9462,.T.);
#9462 = LINE('',#9463,#9464);
#9463 = CARTESIAN_POINT('',(5.2,-2.05,0.8));
#9464 = VECTOR('',#9465,1.);
#9465 = DIRECTION('',(1.359631073447E-32,1.110223024625E-16,1.));
#9466 = ORIENTED_EDGE('',*,*,#9003,.T.);
#9467 = ORIENTED_EDGE('',*,*,#9468,.F.);
#9468 = EDGE_CURVE('',#9469,#9004,#9471,.T.);
#9469 = VERTEX_POINT('',#9470);
#9470 = CARTESIAN_POINT('',(6.8,-2.05,1.1));
#9471 = LINE('',#9472,#9473);
#9472 = CARTESIAN_POINT('',(6.8,-2.05,1.1));
#9473 = VECTOR('',#9474,1.);
#9474 = DIRECTION('',(-1.359631073447E-32,-1.110223024625E-16,-1.));
#9475 = ORIENTED_EDGE('',*,*,#9476,.F.);
#9476 = EDGE_CURVE('',#9373,#9469,#9477,.T.);
#9477 = LINE('',#9478,#9479);
#9478 = CARTESIAN_POINT('',(7.2,-2.05,1.1));
#9479 = VECTOR('',#9480,1.);
#9480 = DIRECTION('',(-1.,1.224646799147E-16,0.));
#9481 = FACE_BOUND('',#9482,.T.);
#9482 = EDGE_LOOP('',(#9483,#9493,#9501,#9509));
#9483 = ORIENTED_EDGE('',*,*,#9484,.T.);
#9484 = EDGE_CURVE('',#9485,#9487,#9489,.T.);
#9485 = VERTEX_POINT('',#9486);
#9486 = CARTESIAN_POINT('',(4.25,-2.05,3.35));
#9487 = VERTEX_POINT('',#9488);
#9488 = CARTESIAN_POINT('',(4.25,-2.05,2.85));
#9489 = LINE('',#9490,#9491);
#9490 = CARTESIAN_POINT('',(4.25,-2.05,1.911519607843));
#9491 = VECTOR('',#9492,1.);
#9492 = DIRECTION('',(-1.359631073447E-32,-1.110223024625E-16,-1.));
#9493 = ORIENTED_EDGE('',*,*,#9494,.T.);
#9494 = EDGE_CURVE('',#9487,#9495,#9497,.T.);
#9495 = VERTEX_POINT('',#9496);
#9496 = CARTESIAN_POINT('',(3.75,-2.05,2.85));
#9497 = LINE('',#9498,#9499);
#9498 = CARTESIAN_POINT('',(4.125,-2.05,2.85));
#9499 = VECTOR('',#9500,1.);
#9500 = DIRECTION('',(-1.,1.224646799147E-16,0.));
#9501 = ORIENTED_EDGE('',*,*,#9502,.F.);
#9502 = EDGE_CURVE('',#9503,#9495,#9505,.T.);
#9503 = VERTEX_POINT('',#9504);
#9504 = CARTESIAN_POINT('',(3.75,-2.05,3.35));
#9505 = LINE('',#9506,#9507);
#9506 = CARTESIAN_POINT('',(3.75,-2.05,1.911519607843));
#9507 = VECTOR('',#9508,1.);
#9508 = DIRECTION('',(-1.359631073447E-32,-1.110223024625E-16,-1.));
#9509 = ORIENTED_EDGE('',*,*,#9510,.T.);
#9510 = EDGE_CURVE('',#9503,#9485,#9511,.T.);
#9511 = LINE('',#9512,#9513);
#9512 = CARTESIAN_POINT('',(4.125,-2.05,3.35));
#9513 = VECTOR('',#9514,1.);
#9514 = DIRECTION('',(1.,-1.224646799147E-16,0.));
#9515 = FACE_BOUND('',#9516,.T.);
#9516 = EDGE_LOOP('',(#9517,#9527,#9535,#9543));
#9517 = ORIENTED_EDGE('',*,*,#9518,.F.);
#9518 = EDGE_CURVE('',#9519,#9521,#9523,.T.);
#9519 = VERTEX_POINT('',#9520);
#9520 = CARTESIAN_POINT('',(5.75,-2.05,3.35));
#9521 = VERTEX_POINT('',#9522);
#9522 = CARTESIAN_POINT('',(5.75,-2.05,2.85));
#9523 = LINE('',#9524,#9525);
#9524 = CARTESIAN_POINT('',(5.75,-2.05,1.911519607843));
#9525 = VECTOR('',#9526,1.);
#9526 = DIRECTION('',(-1.359631073447E-32,-1.110223024625E-16,-1.));
#9527 = ORIENTED_EDGE('',*,*,#9528,.T.);
#9528 = EDGE_CURVE('',#9519,#9529,#9531,.T.);
#9529 = VERTEX_POINT('',#9530);
#9530 = CARTESIAN_POINT('',(6.25,-2.05,3.35));
#9531 = LINE('',#9532,#9533);
#9532 = CARTESIAN_POINT('',(5.125,-2.05,3.35));
#9533 = VECTOR('',#9534,1.);
#9534 = DIRECTION('',(1.,-1.224646799147E-16,0.));
#9535 = ORIENTED_EDGE('',*,*,#9536,.T.);
#9536 = EDGE_CURVE('',#9529,#9537,#9539,.T.);
#9537 = VERTEX_POINT('',#9538);
#9538 = CARTESIAN_POINT('',(6.25,-2.05,2.85));
#9539 = LINE('',#9540,#9541);
#9540 = CARTESIAN_POINT('',(6.25,-2.05,1.911519607843));
#9541 = VECTOR('',#9542,1.);
#9542 = DIRECTION('',(-1.359631073447E-32,-1.110223024625E-16,-1.));
#9543 = ORIENTED_EDGE('',*,*,#9544,.T.);
#9544 = EDGE_CURVE('',#9537,#9521,#9545,.T.);
#9545 = LINE('',#9546,#9547);
#9546 = CARTESIAN_POINT('',(5.125,-2.05,2.85));
#9547 = VECTOR('',#9548,1.);
#9548 = DIRECTION('',(-1.,1.224646799147E-16,0.));
#9549 = FACE_BOUND('',#9550,.T.);
#9550 = EDGE_LOOP('',(#9551,#9561,#9569,#9577));
#9551 = ORIENTED_EDGE('',*,*,#9552,.T.);
#9552 = EDGE_CURVE('',#9553,#9555,#9557,.T.);
#9553 = VERTEX_POINT('',#9554);
#9554 = CARTESIAN_POINT('',(-0.25,-2.05,3.35));
#9555 = VERTEX_POINT('',#9556);
#9556 = CARTESIAN_POINT('',(0.25,-2.05,3.35));
#9557 = LINE('',#9558,#9559);
#9558 = CARTESIAN_POINT('',(2.125,-2.05,3.35));
#9559 = VECTOR('',#9560,1.);
#9560 = DIRECTION('',(1.,-1.224646799147E-16,0.));
#9561 = ORIENTED_EDGE('',*,*,#9562,.T.);
#9562 = EDGE_CURVE('',#9555,#9563,#9565,.T.);
#9563 = VERTEX_POINT('',#9564);
#9564 = CARTESIAN_POINT('',(0.25,-2.05,2.85));
#9565 = LINE('',#9566,#9567);
#9566 = CARTESIAN_POINT('',(0.25,-2.05,1.901106711288));
#9567 = VECTOR('',#9568,1.);
#9568 = DIRECTION('',(-1.359631073447E-32,-1.110223024625E-16,-1.));
#9569 = ORIENTED_EDGE('',*,*,#9570,.T.);
#9570 = EDGE_CURVE('',#9563,#9571,#9573,.T.);
#9571 = VERTEX_POINT('',#9572);
#9572 = CARTESIAN_POINT('',(-0.25,-2.05,2.85));
#9573 = LINE('',#9574,#9575);
#9574 = CARTESIAN_POINT('',(2.125,-2.05,2.85));
#9575 = VECTOR('',#9576,1.);
#9576 = DIRECTION('',(-1.,1.224646799147E-16,0.));
#9577 = ORIENTED_EDGE('',*,*,#9578,.F.);
#9578 = EDGE_CURVE('',#9553,#9571,#9579,.T.);
#9579 = LINE('',#9580,#9581);
#9580 = CARTESIAN_POINT('',(-0.25,-2.05,1.901106711288));
#9581 = VECTOR('',#9582,1.);
#9582 = DIRECTION('',(-1.359631073447E-32,-1.110223024625E-16,-1.));
#9583 = FACE_BOUND('',#9584,.T.);
#9584 = EDGE_LOOP('',(#9585,#9595,#9603,#9611));
#9585 = ORIENTED_EDGE('',*,*,#9586,.F.);
#9586 = EDGE_CURVE('',#9587,#9589,#9591,.T.);
#9587 = VERTEX_POINT('',#9588);
#9588 = CARTESIAN_POINT('',(1.75,-2.05,3.35));
#9589 = VERTEX_POINT('',#9590);
#9590 = CARTESIAN_POINT('',(1.75,-2.05,2.85));
#9591 = LINE('',#9592,#9593);
#9592 = CARTESIAN_POINT('',(1.75,-2.05,1.911519607843));
#9593 = VECTOR('',#9594,1.);
#9594 = DIRECTION('',(-1.359631073447E-32,-1.110223024625E-16,-1.));
#9595 = ORIENTED_EDGE('',*,*,#9596,.T.);
#9596 = EDGE_CURVE('',#9587,#9597,#9599,.T.);
#9597 = VERTEX_POINT('',#9598);
#9598 = CARTESIAN_POINT('',(2.25,-2.05,3.35));
#9599 = LINE('',#9600,#9601);
#9600 = CARTESIAN_POINT('',(3.125,-2.05,3.35));
#9601 = VECTOR('',#9602,1.);
#9602 = DIRECTION('',(1.,-1.224646799147E-16,0.));
#9603 = ORIENTED_EDGE('',*,*,#9604,.T.);
#9604 = EDGE_CURVE('',#9597,#9605,#9607,.T.);
#9605 = VERTEX_POINT('',#9606);
#9606 = CARTESIAN_POINT('',(2.25,-2.05,2.85));
#9607 = LINE('',#9608,#9609);
#9608 = CARTESIAN_POINT('',(2.25,-2.05,1.911519607843));
#9609 = VECTOR('',#9610,1.);
#9610 = DIRECTION('',(-1.359631073447E-32,-1.110223024625E-16,-1.));
#9611 = ORIENTED_EDGE('',*,*,#9612,.T.);
#9612 = EDGE_CURVE('',#9605,#9589,#9613,.T.);
#9613 = LINE('',#9614,#9615);
#9614 = CARTESIAN_POINT('',(3.125,-2.05,2.85));
#9615 = VECTOR('',#9616,1.);
#9616 = DIRECTION('',(-1.,1.224646799147E-16,0.));
#9617 = FACE_BOUND('',#9618,.T.);
#9618 = EDGE_LOOP('',(#9619,#9629,#9637,#9645));
#9619 = ORIENTED_EDGE('',*,*,#9620,.T.);
#9620 = EDGE_CURVE('',#9621,#9623,#9625,.T.);
#9621 = VERTEX_POINT('',#9622);
#9622 = CARTESIAN_POINT('',(7.75,-2.05,3.35));
#9623 = VERTEX_POINT('',#9624);
#9624 = CARTESIAN_POINT('',(8.25,-2.05,3.35));
#9625 = LINE('',#9626,#9627);
#9626 = CARTESIAN_POINT('',(6.125,-2.05,3.35));
#9627 = VECTOR('',#9628,1.);
#9628 = DIRECTION('',(1.,-1.224646799147E-16,0.));
#9629 = ORIENTED_EDGE('',*,*,#9630,.T.);
#9630 = EDGE_CURVE('',#9623,#9631,#9633,.T.);
#9631 = VERTEX_POINT('',#9632);
#9632 = CARTESIAN_POINT('',(8.25,-2.05,2.85));
#9633 = LINE('',#9634,#9635);
#9634 = CARTESIAN_POINT('',(8.25,-2.05,1.901106711288));
#9635 = VECTOR('',#9636,1.);
#9636 = DIRECTION('',(-1.359631073447E-32,-1.110223024625E-16,-1.));
#9637 = ORIENTED_EDGE('',*,*,#9638,.T.);
#9638 = EDGE_CURVE('',#9631,#9639,#9641,.T.);
#9639 = VERTEX_POINT('',#9640);
#9640 = CARTESIAN_POINT('',(7.75,-2.05,2.85));
#9641 = LINE('',#9642,#9643);
#9642 = CARTESIAN_POINT('',(6.125,-2.05,2.85));
#9643 = VECTOR('',#9644,1.);
#9644 = DIRECTION('',(-1.,1.224646799147E-16,0.));
#9645 = ORIENTED_EDGE('',*,*,#9646,.F.);
#9646 = EDGE_CURVE('',#9621,#9639,#9647,.T.);
#9647 = LINE('',#9648,#9649);
#9648 = CARTESIAN_POINT('',(7.75,-2.05,1.901106711288));
#9649 = VECTOR('',#9650,1.);
#9650 = DIRECTION('',(-1.359631073447E-32,-1.110223024625E-16,-1.));
#9651 = PLANE('',#9652);
#9652 = AXIS2_PLACEMENT_3D('',#9653,#9654,#9655);
#9653 = CARTESIAN_POINT('',(4.,-2.05,2.5));
#9654 = DIRECTION('',(-1.224646799147E-16,-1.,1.110223024625E-16));
#9655 = DIRECTION('',(-1.,1.224646799147E-16,1.219283680787E-48));
#9656 = ADVANCED_FACE('',(#9657),#9691,.F.);
#9657 = FACE_BOUND('',#9658,.F.);
#9658 = EDGE_LOOP('',(#9659,#9660,#9668,#9676,#9684,#9690));
#9659 = ORIENTED_EDGE('',*,*,#8371,.T.);
#9660 = ORIENTED_EDGE('',*,*,#9661,.T.);
#9661 = EDGE_CURVE('',#8374,#9662,#9664,.T.);
#9662 = VERTEX_POINT('',#9663);
#9663 = CARTESIAN_POINT('',(8.75,-0.4,4.2));
#9664 = LINE('',#9665,#9666);
#9665 = CARTESIAN_POINT('',(8.75,-1.335399017773,4.2));
#9666 = VECTOR('',#9667,1.);
#9667 = DIRECTION('',(-1.224646799147E-16,-1.,1.110223024625E-16));
#9668 = ORIENTED_EDGE('',*,*,#9669,.T.);
#9669 = EDGE_CURVE('',#9662,#9670,#9672,.T.);
#9670 = VERTEX_POINT('',#9671);
#9671 = CARTESIAN_POINT('',(8.75,-0.35,3.6));
#9672 = LINE('',#9673,#9674);
#9673 = CARTESIAN_POINT('',(8.75,-0.45,4.8));
#9674 = VECTOR('',#9675,1.);
#9675 = DIRECTION('',(1.017013810865E-17,8.304547985373E-02,
    -0.996545758245));
#9676 = ORIENTED_EDGE('',*,*,#9677,.T.);
#9677 = EDGE_CURVE('',#9670,#9678,#9680,.T.);
#9678 = VERTEX_POINT('',#9679);
#9679 = CARTESIAN_POINT('',(8.75,-0.35,2.6));
#9680 = LINE('',#9681,#9682);
#9681 = CARTESIAN_POINT('',(8.75,-0.35,3.6));
#9682 = VECTOR('',#9683,1.);
#9683 = DIRECTION('',(-1.359631073447E-32,-1.110223024625E-16,-1.));
#9684 = ORIENTED_EDGE('',*,*,#9685,.T.);
#9685 = EDGE_CURVE('',#9678,#8727,#9686,.T.);
#9686 = LINE('',#9687,#9688);
#9687 = CARTESIAN_POINT('',(8.75,-0.35,2.6));
#9688 = VECTOR('',#9689,1.);
#9689 = DIRECTION('',(-5.319525767383E-18,-4.343722427631E-02,
    -0.999056158355));
#9690 = ORIENTED_EDGE('',*,*,#8726,.T.);
#9691 = PLANE('',#9692);
#9692 = AXIS2_PLACEMENT_3D('',#9693,#9694,#9695);
#9693 = CARTESIAN_POINT('',(8.75,-0.320798035545,2.550475523299));
#9694 = DIRECTION('',(1.,-1.224646799147E-16,0.));
#9695 = DIRECTION('',(1.224646799147E-16,1.,-1.110223024625E-16));
#9696 = ADVANCED_FACE('',(#9697),#9722,.T.);
#9697 = FACE_BOUND('',#9698,.T.);
#9698 = EDGE_LOOP('',(#9699,#9700,#9706,#9707,#9708,#9716));
#9699 = ORIENTED_EDGE('',*,*,#9383,.F.);
#9700 = ORIENTED_EDGE('',*,*,#9701,.T.);
#9701 = EDGE_CURVE('',#9264,#8406,#9702,.T.);
#9702 = LINE('',#9703,#9704);
#9703 = CARTESIAN_POINT('',(9.4,-4.45,4.2));
#9704 = VECTOR('',#9705,1.);
#9705 = DIRECTION('',(1.224646799147E-16,1.,-1.110223024625E-16));
#9706 = ORIENTED_EDGE('',*,*,#8413,.T.);
#9707 = ORIENTED_EDGE('',*,*,#9661,.T.);
#9708 = ORIENTED_EDGE('',*,*,#9709,.T.);
#9709 = EDGE_CURVE('',#9662,#9710,#9712,.T.);
#9710 = VERTEX_POINT('',#9711);
#9711 = CARTESIAN_POINT('',(8.4,-0.4,4.2));
#9712 = LINE('',#9713,#9714);
#9713 = CARTESIAN_POINT('',(8.825,-0.4,4.2));
#9714 = VECTOR('',#9715,1.);
#9715 = DIRECTION('',(-1.,1.224646799147E-16,0.));
#9716 = ORIENTED_EDGE('',*,*,#9717,.T.);
#9717 = EDGE_CURVE('',#9710,#9288,#9718,.T.);
#9718 = LINE('',#9719,#9720);
#9719 = CARTESIAN_POINT('',(8.4,-0.25,4.2));
#9720 = VECTOR('',#9721,1.);
#9721 = DIRECTION('',(-1.224646799147E-16,-1.,1.110223024625E-16));
#9722 = PLANE('',#9723);
#9723 = AXIS2_PLACEMENT_3D('',#9724,#9725,#9726);
#9724 = CARTESIAN_POINT('',(8.9,-2.35,4.2));
#9725 = DIRECTION('',(1.359631073447E-32,1.110223024625E-16,1.));
#9726 = DIRECTION('',(1.224646799147E-16,1.,-1.110223024625E-16));
#9727 = ADVANCED_FACE('',(#9728),#9740,.F.);
#9728 = FACE_BOUND('',#9729,.T.);
#9729 = EDGE_LOOP('',(#9730,#9731,#9732,#9733,#9734));
#9730 = ORIENTED_EDGE('',*,*,#8645,.T.);
#9731 = ORIENTED_EDGE('',*,*,#8405,.T.);
#9732 = ORIENTED_EDGE('',*,*,#9701,.F.);
#9733 = ORIENTED_EDGE('',*,*,#9271,.F.);
#9734 = ORIENTED_EDGE('',*,*,#9735,.F.);
#9735 = EDGE_CURVE('',#8638,#9272,#9736,.T.);
#9736 = LINE('',#9737,#9738);
#9737 = CARTESIAN_POINT('',(9.4,-4.45,4.8));
#9738 = VECTOR('',#9739,1.);
#9739 = DIRECTION('',(-1.359631073447E-32,-1.110223024625E-16,-1.));
#9740 = PLANE('',#9741);
#9741 = AXIS2_PLACEMENT_3D('',#9742,#9743,#9744);
#9742 = CARTESIAN_POINT('',(9.4,-4.45,4.8));
#9743 = DIRECTION('',(1.,-1.224646799147E-16,0.));
#9744 = DIRECTION('',(1.224646799147E-16,1.,-1.110223024625E-16));
#9745 = ADVANCED_FACE('',(#9746),#9757,.F.);
#9746 = FACE_BOUND('',#9747,.F.);
#9747 = EDGE_LOOP('',(#9748,#9749,#9755,#9756));
#9748 = ORIENTED_EDGE('',*,*,#8637,.F.);
#9749 = ORIENTED_EDGE('',*,*,#9750,.T.);
#9750 = EDGE_CURVE('',#8630,#9280,#9751,.T.);
#9751 = LINE('',#9752,#9753);
#9752 = CARTESIAN_POINT('',(8.4,-4.45,4.8));
#9753 = VECTOR('',#9754,1.);
#9754 = DIRECTION('',(-1.359631073447E-32,-1.110223024625E-16,-1.));
#9755 = ORIENTED_EDGE('',*,*,#9279,.T.);
#9756 = ORIENTED_EDGE('',*,*,#9735,.F.);
#9757 = PLANE('',#9758);
#9758 = AXIS2_PLACEMENT_3D('',#9759,#9760,#9761);
#9759 = CARTESIAN_POINT('',(8.4,-4.45,4.8));
#9760 = DIRECTION('',(-1.224646799147E-16,-1.,1.110223024625E-16));
#9761 = DIRECTION('',(1.,-1.224646799147E-16,-1.219283680787E-48));
#9762 = ADVANCED_FACE('',(#9763),#9775,.F.);
#9763 = FACE_BOUND('',#9764,.T.);
#9764 = EDGE_LOOP('',(#9765,#9766,#9767,#9768,#9769));
#9765 = ORIENTED_EDGE('',*,*,#8629,.T.);
#9766 = ORIENTED_EDGE('',*,*,#9750,.T.);
#9767 = ORIENTED_EDGE('',*,*,#9287,.F.);
#9768 = ORIENTED_EDGE('',*,*,#9717,.F.);
#9769 = ORIENTED_EDGE('',*,*,#9770,.F.);
#9770 = EDGE_CURVE('',#8622,#9710,#9771,.T.);
#9771 = LINE('',#9772,#9773);
#9772 = CARTESIAN_POINT('',(8.4,-0.449310344828,4.791724137931));
#9773 = VECTOR('',#9774,1.);
#9774 = DIRECTION('',(1.017013810865E-17,8.304547985373E-02,
    -0.996545758245));
#9775 = PLANE('',#9776);
#9776 = AXIS2_PLACEMENT_3D('',#9777,#9778,#9779);
#9777 = CARTESIAN_POINT('',(8.4,-0.25,4.8));
#9778 = DIRECTION('',(-1.,1.224646799147E-16,0.));
#9779 = DIRECTION('',(-1.224646799147E-16,-1.,1.110223024625E-16));
#9780 = ADVANCED_FACE('',(#9781),#9801,.F.);
#9781 = FACE_BOUND('',#9782,.F.);
#9782 = EDGE_LOOP('',(#9783,#9784,#9785,#9793,#9799,#9800));
#9783 = ORIENTED_EDGE('',*,*,#9770,.F.);
#9784 = ORIENTED_EDGE('',*,*,#8621,.T.);
#9785 = ORIENTED_EDGE('',*,*,#9786,.T.);
#9786 = EDGE_CURVE('',#8614,#9787,#9789,.T.);
#9787 = VERTEX_POINT('',#9788);
#9788 = CARTESIAN_POINT('',(7.25,-0.35,3.6));
#9789 = LINE('',#9790,#9791);
#9790 = CARTESIAN_POINT('',(7.25,-0.45,4.8));
#9791 = VECTOR('',#9792,1.);
#9792 = DIRECTION('',(1.017013810865E-17,8.304547985373E-02,
    -0.996545758245));
#9793 = ORIENTED_EDGE('',*,*,#9794,.F.);
#9794 = EDGE_CURVE('',#9670,#9787,#9795,.T.);
#9795 = LINE('',#9796,#9797);
#9796 = CARTESIAN_POINT('',(8.75,-0.35,3.6));
#9797 = VECTOR('',#9798,1.);
#9798 = DIRECTION('',(-1.,1.224646799147E-16,0.));
#9799 = ORIENTED_EDGE('',*,*,#9669,.F.);
#9800 = ORIENTED_EDGE('',*,*,#9709,.T.);
#9801 = PLANE('',#9802);
#9802 = AXIS2_PLACEMENT_3D('',#9803,#9804,#9805);
#9803 = CARTESIAN_POINT('',(8.75,-0.45,4.8));
#9804 = DIRECTION('',(-1.220416573038E-16,-0.996545758245,
    -8.304547985373E-02));
#9805 = DIRECTION('',(1.017013810865E-17,8.304547985373E-02,
    -0.996545758245));
#9806 = ADVANCED_FACE('',(#9807),#9832,.T.);
#9807 = FACE_BOUND('',#9808,.T.);
#9808 = EDGE_LOOP('',(#9809,#9810,#9811,#9819,#9825,#9826));
#9809 = ORIENTED_EDGE('',*,*,#8613,.T.);
#9810 = ORIENTED_EDGE('',*,*,#9786,.T.);
#9811 = ORIENTED_EDGE('',*,*,#9812,.T.);
#9812 = EDGE_CURVE('',#9787,#9813,#9815,.T.);
#9813 = VERTEX_POINT('',#9814);
#9814 = CARTESIAN_POINT('',(7.25,-0.35,2.6));
#9815 = LINE('',#9816,#9817);
#9816 = CARTESIAN_POINT('',(7.25,-0.35,3.6));
#9817 = VECTOR('',#9818,1.);
#9818 = DIRECTION('',(-1.359631073447E-32,-1.110223024625E-16,-1.));
#9819 = ORIENTED_EDGE('',*,*,#9820,.T.);
#9820 = EDGE_CURVE('',#9813,#8735,#9821,.T.);
#9821 = LINE('',#9822,#9823);
#9822 = CARTESIAN_POINT('',(7.25,-0.35,2.6));
#9823 = VECTOR('',#9824,1.);
#9824 = DIRECTION('',(-5.319525767383E-18,-4.343722427631E-02,
    -0.999056158355));
#9825 = ORIENTED_EDGE('',*,*,#8742,.T.);
#9826 = ORIENTED_EDGE('',*,*,#9827,.T.);
#9827 = EDGE_CURVE('',#8743,#8606,#9828,.T.);
#9828 = LINE('',#9829,#9830);
#9829 = CARTESIAN_POINT('',(7.25,-0.25,0.3));
#9830 = VECTOR('',#9831,1.);
#9831 = DIRECTION('',(1.359631073447E-32,1.110223024625E-16,1.));
#9832 = PLANE('',#9833);
#9833 = AXIS2_PLACEMENT_3D('',#9834,#9835,#9836);
#9834 = CARTESIAN_POINT('',(7.25,-0.320798035545,2.550475523299));
#9835 = DIRECTION('',(1.,-1.224646799147E-16,0.));
#9836 = DIRECTION('',(1.224646799147E-16,1.,-1.110223024625E-16));
#9837 = ADVANCED_FACE('',(#9838),#9849,.F.);
#9838 = FACE_BOUND('',#9839,.F.);
#9839 = EDGE_LOOP('',(#9840,#9841,#9842,#9843));
#9840 = ORIENTED_EDGE('',*,*,#8750,.T.);
#9841 = ORIENTED_EDGE('',*,*,#9827,.T.);
#9842 = ORIENTED_EDGE('',*,*,#8605,.T.);
#9843 = ORIENTED_EDGE('',*,*,#9844,.F.);
#9844 = EDGE_CURVE('',#8751,#8598,#9845,.T.);
#9845 = LINE('',#9846,#9847);
#9846 = CARTESIAN_POINT('',(6.75,-0.25,0.3));
#9847 = VECTOR('',#9848,1.);
#9848 = DIRECTION('',(1.359631073447E-32,1.110223024625E-16,1.));
#9849 = PLANE('',#9850);
#9850 = AXIS2_PLACEMENT_3D('',#9851,#9852,#9853);
#9851 = CARTESIAN_POINT('',(4.,-0.25,2.55));
#9852 = DIRECTION('',(-1.224646799147E-16,-1.,1.110223024625E-16));
#9853 = DIRECTION('',(-1.,1.224646799147E-16,1.219283680787E-48));
#9854 = ADVANCED_FACE('',(#9855),#9882,.F.);
#9855 = FACE_BOUND('',#9856,.F.);
#9856 = EDGE_LOOP('',(#9857,#9858,#9866,#9874,#9880,#9881));
#9857 = ORIENTED_EDGE('',*,*,#8597,.T.);
#9858 = ORIENTED_EDGE('',*,*,#9859,.T.);
#9859 = EDGE_CURVE('',#8590,#9860,#9862,.T.);
#9860 = VERTEX_POINT('',#9861);
#9861 = CARTESIAN_POINT('',(6.75,-0.35,3.6));
#9862 = LINE('',#9863,#9864);
#9863 = CARTESIAN_POINT('',(6.75,-0.45,4.8));
#9864 = VECTOR('',#9865,1.);
#9865 = DIRECTION('',(1.017013810865E-17,8.304547985373E-02,
    -0.996545758245));
#9866 = ORIENTED_EDGE('',*,*,#9867,.T.);
#9867 = EDGE_CURVE('',#9860,#9868,#9870,.T.);
#9868 = VERTEX_POINT('',#9869);
#9869 = CARTESIAN_POINT('',(6.75,-0.35,2.6));
#9870 = LINE('',#9871,#9872);
#9871 = CARTESIAN_POINT('',(6.75,-0.35,3.6));
#9872 = VECTOR('',#9873,1.);
#9873 = DIRECTION('',(-1.359631073447E-32,-1.110223024625E-16,-1.));
#9874 = ORIENTED_EDGE('',*,*,#9875,.T.);
#9875 = EDGE_CURVE('',#9868,#8759,#9876,.T.);
#9876 = LINE('',#9877,#9878);
#9877 = CARTESIAN_POINT('',(6.75,-0.35,2.6));
#9878 = VECTOR('',#9879,1.);
#9879 = DIRECTION('',(-5.319525767383E-18,-4.343722427631E-02,
    -0.999056158355));
#9880 = ORIENTED_EDGE('',*,*,#8758,.T.);
#9881 = ORIENTED_EDGE('',*,*,#9844,.T.);
#9882 = PLANE('',#9883);
#9883 = AXIS2_PLACEMENT_3D('',#9884,#9885,#9886);
#9884 = CARTESIAN_POINT('',(6.75,-0.320798035545,2.550475523299));
#9885 = DIRECTION('',(1.,-1.224646799147E-16,0.));
#9886 = DIRECTION('',(1.224646799147E-16,1.,-1.110223024625E-16));
#9887 = ADVANCED_FACE('',(#9888),#9906,.F.);
#9888 = FACE_BOUND('',#9889,.F.);
#9889 = EDGE_LOOP('',(#9890,#9891,#9899,#9905));
#9890 = ORIENTED_EDGE('',*,*,#8589,.T.);
#9891 = ORIENTED_EDGE('',*,*,#9892,.T.);
#9892 = EDGE_CURVE('',#8582,#9893,#9895,.T.);
#9893 = VERTEX_POINT('',#9894);
#9894 = CARTESIAN_POINT('',(5.25,-0.35,3.6));
#9895 = LINE('',#9896,#9897);
#9896 = CARTESIAN_POINT('',(5.25,-0.45,4.8));
#9897 = VECTOR('',#9898,1.);
#9898 = DIRECTION('',(1.017013810865E-17,8.304547985373E-02,
    -0.996545758245));
#9899 = ORIENTED_EDGE('',*,*,#9900,.F.);
#9900 = EDGE_CURVE('',#9860,#9893,#9901,.T.);
#9901 = LINE('',#9902,#9903);
#9902 = CARTESIAN_POINT('',(6.75,-0.35,3.6));
#9903 = VECTOR('',#9904,1.);
#9904 = DIRECTION('',(-1.,1.224646799147E-16,0.));
#9905 = ORIENTED_EDGE('',*,*,#9859,.F.);
#9906 = PLANE('',#9907);
#9907 = AXIS2_PLACEMENT_3D('',#9908,#9909,#9910);
#9908 = CARTESIAN_POINT('',(6.75,-0.45,4.8));
#9909 = DIRECTION('',(-1.220416573038E-16,-0.996545758245,
    -8.304547985373E-02));
#9910 = DIRECTION('',(1.017013810865E-17,8.304547985373E-02,
    -0.996545758245));
#9911 = ADVANCED_FACE('',(#9912),#9937,.T.);
#9912 = FACE_BOUND('',#9913,.T.);
#9913 = EDGE_LOOP('',(#9914,#9915,#9916,#9924,#9930,#9931));
#9914 = ORIENTED_EDGE('',*,*,#8581,.T.);
#9915 = ORIENTED_EDGE('',*,*,#9892,.T.);
#9916 = ORIENTED_EDGE('',*,*,#9917,.T.);
#9917 = EDGE_CURVE('',#9893,#9918,#9920,.T.);
#9918 = VERTEX_POINT('',#9919);
#9919 = CARTESIAN_POINT('',(5.25,-0.35,2.6));
#9920 = LINE('',#9921,#9922);
#9921 = CARTESIAN_POINT('',(5.25,-0.35,3.6));
#9922 = VECTOR('',#9923,1.);
#9923 = DIRECTION('',(-1.359631073447E-32,-1.110223024625E-16,-1.));
#9924 = ORIENTED_EDGE('',*,*,#9925,.T.);
#9925 = EDGE_CURVE('',#9918,#8767,#9926,.T.);
#9926 = LINE('',#9927,#9928);
#9927 = CARTESIAN_POINT('',(5.25,-0.35,2.6));
#9928 = VECTOR('',#9929,1.);
#9929 = DIRECTION('',(-5.319525767383E-18,-4.343722427631E-02,
    -0.999056158355));
#9930 = ORIENTED_EDGE('',*,*,#8774,.T.);
#9931 = ORIENTED_EDGE('',*,*,#9932,.T.);
#9932 = EDGE_CURVE('',#8775,#8574,#9933,.T.);
#9933 = LINE('',#9934,#9935);
#9934 = CARTESIAN_POINT('',(5.25,-0.25,0.3));
#9935 = VECTOR('',#9936,1.);
#9936 = DIRECTION('',(1.359631073447E-32,1.110223024625E-16,1.));
#9937 = PLANE('',#9938);
#9938 = AXIS2_PLACEMENT_3D('',#9939,#9940,#9941);
#9939 = CARTESIAN_POINT('',(5.25,-0.320798035545,2.550475523299));
#9940 = DIRECTION('',(1.,-1.224646799147E-16,0.));
#9941 = DIRECTION('',(1.224646799147E-16,1.,-1.110223024625E-16));
#9942 = ADVANCED_FACE('',(#9943),#9954,.F.);
#9943 = FACE_BOUND('',#9944,.F.);
#9944 = EDGE_LOOP('',(#9945,#9951,#9952,#9953));
#9945 = ORIENTED_EDGE('',*,*,#9946,.F.);
#9946 = EDGE_CURVE('',#8783,#8566,#9947,.T.);
#9947 = LINE('',#9948,#9949);
#9948 = CARTESIAN_POINT('',(4.75,-0.25,0.3));
#9949 = VECTOR('',#9950,1.);
#9950 = DIRECTION('',(1.359631073447E-32,1.110223024625E-16,1.));
#9951 = ORIENTED_EDGE('',*,*,#8782,.T.);
#9952 = ORIENTED_EDGE('',*,*,#9932,.T.);
#9953 = ORIENTED_EDGE('',*,*,#8573,.T.);
#9954 = PLANE('',#9955);
#9955 = AXIS2_PLACEMENT_3D('',#9956,#9957,#9958);
#9956 = CARTESIAN_POINT('',(4.,-0.25,2.55));
#9957 = DIRECTION('',(-1.224646799147E-16,-1.,1.110223024625E-16));
#9958 = DIRECTION('',(-1.,1.224646799147E-16,1.219283680787E-48));
#9959 = ADVANCED_FACE('',(#9960),#9987,.F.);
#9960 = FACE_BOUND('',#9961,.F.);
#9961 = EDGE_LOOP('',(#9962,#9963,#9971,#9979,#9985,#9986));
#9962 = ORIENTED_EDGE('',*,*,#8565,.T.);
#9963 = ORIENTED_EDGE('',*,*,#9964,.T.);
#9964 = EDGE_CURVE('',#8558,#9965,#9967,.T.);
#9965 = VERTEX_POINT('',#9966);
#9966 = CARTESIAN_POINT('',(4.75,-0.35,3.6));
#9967 = LINE('',#9968,#9969);
#9968 = CARTESIAN_POINT('',(4.75,-0.45,4.8));
#9969 = VECTOR('',#9970,1.);
#9970 = DIRECTION('',(1.017013810865E-17,8.304547985373E-02,
    -0.996545758245));
#9971 = ORIENTED_EDGE('',*,*,#9972,.T.);
#9972 = EDGE_CURVE('',#9965,#9973,#9975,.T.);
#9973 = VERTEX_POINT('',#9974);
#9974 = CARTESIAN_POINT('',(4.75,-0.35,2.6));
#9975 = LINE('',#9976,#9977);
#9976 = CARTESIAN_POINT('',(4.75,-0.35,3.6));
#9977 = VECTOR('',#9978,1.);
#9978 = DIRECTION('',(-1.359631073447E-32,-1.110223024625E-16,-1.));
#9979 = ORIENTED_EDGE('',*,*,#9980,.T.);
#9980 = EDGE_CURVE('',#9973,#8791,#9981,.T.);
#9981 = LINE('',#9982,#9983);
#9982 = CARTESIAN_POINT('',(4.75,-0.35,2.6));
#9983 = VECTOR('',#9984,1.);
#9984 = DIRECTION('',(-5.319525767383E-18,-4.343722427631E-02,
    -0.999056158355));
#9985 = ORIENTED_EDGE('',*,*,#8790,.T.);
#9986 = ORIENTED_EDGE('',*,*,#9946,.T.);
#9987 = PLANE('',#9988);
#9988 = AXIS2_PLACEMENT_3D('',#9989,#9990,#9991);
#9989 = CARTESIAN_POINT('',(4.75,-0.320798035545,2.550475523299));
#9990 = DIRECTION('',(1.,-1.224646799147E-16,0.));
#9991 = DIRECTION('',(1.224646799147E-16,1.,-1.110223024625E-16));
#9992 = ADVANCED_FACE('',(#9993),#10011,.F.);
#9993 = FACE_BOUND('',#9994,.F.);
#9994 = EDGE_LOOP('',(#9995,#9996,#10004,#10010));
#9995 = ORIENTED_EDGE('',*,*,#8557,.T.);
#9996 = ORIENTED_EDGE('',*,*,#9997,.T.);
#9997 = EDGE_CURVE('',#8550,#9998,#10000,.T.);
#9998 = VERTEX_POINT('',#9999);
#9999 = CARTESIAN_POINT('',(3.25,-0.35,3.6));
#10000 = LINE('',#10001,#10002);
#10001 = CARTESIAN_POINT('',(3.25,-0.45,4.8));
#10002 = VECTOR('',#10003,1.);
#10003 = DIRECTION('',(1.017013810865E-17,8.304547985373E-02,
    -0.996545758245));
#10004 = ORIENTED_EDGE('',*,*,#10005,.F.);
#10005 = EDGE_CURVE('',#9965,#9998,#10006,.T.);
#10006 = LINE('',#10007,#10008);
#10007 = CARTESIAN_POINT('',(4.75,-0.35,3.6));
#10008 = VECTOR('',#10009,1.);
#10009 = DIRECTION('',(-1.,1.224646799147E-16,0.));
#10010 = ORIENTED_EDGE('',*,*,#9964,.F.);
#10011 = PLANE('',#10012);
#10012 = AXIS2_PLACEMENT_3D('',#10013,#10014,#10015);
#10013 = CARTESIAN_POINT('',(4.75,-0.45,4.8));
#10014 = DIRECTION('',(-1.220416573038E-16,-0.996545758245,
    -8.304547985373E-02));
#10015 = DIRECTION('',(1.017013810865E-17,8.304547985373E-02,
    -0.996545758245));
#10016 = ADVANCED_FACE('',(#10017),#10042,.T.);
#10017 = FACE_BOUND('',#10018,.T.);
#10018 = EDGE_LOOP('',(#10019,#10020,#10021,#10029,#10035,#10036));
#10019 = ORIENTED_EDGE('',*,*,#8549,.T.);
#10020 = ORIENTED_EDGE('',*,*,#9997,.T.);
#10021 = ORIENTED_EDGE('',*,*,#10022,.T.);
#10022 = EDGE_CURVE('',#9998,#10023,#10025,.T.);
#10023 = VERTEX_POINT('',#10024);
#10024 = CARTESIAN_POINT('',(3.25,-0.35,2.6));
#10025 = LINE('',#10026,#10027);
#10026 = CARTESIAN_POINT('',(3.25,-0.35,3.6));
#10027 = VECTOR('',#10028,1.);
#10028 = DIRECTION('',(-1.359631073447E-32,-1.110223024625E-16,-1.));
#10029 = ORIENTED_EDGE('',*,*,#10030,.T.);
#10030 = EDGE_CURVE('',#10023,#8799,#10031,.T.);
#10031 = LINE('',#10032,#10033);
#10032 = CARTESIAN_POINT('',(3.25,-0.35,2.6));
#10033 = VECTOR('',#10034,1.);
#10034 = DIRECTION('',(-5.319525767383E-18,-4.343722427631E-02,
    -0.999056158355));
#10035 = ORIENTED_EDGE('',*,*,#8806,.T.);
#10036 = ORIENTED_EDGE('',*,*,#10037,.T.);
#10037 = EDGE_CURVE('',#8807,#8542,#10038,.T.);
#10038 = LINE('',#10039,#10040);
#10039 = CARTESIAN_POINT('',(3.25,-0.25,0.3));
#10040 = VECTOR('',#10041,1.);
#10041 = DIRECTION('',(1.359631073447E-32,1.110223024625E-16,1.));
#10042 = PLANE('',#10043);
#10043 = AXIS2_PLACEMENT_3D('',#10044,#10045,#10046);
#10044 = CARTESIAN_POINT('',(3.25,-0.320798035545,2.550475523299));
#10045 = DIRECTION('',(1.,-1.224646799147E-16,0.));
#10046 = DIRECTION('',(1.224646799147E-16,1.,-1.110223024625E-16));
#10047 = ADVANCED_FACE('',(#10048),#10059,.F.);
#10048 = FACE_BOUND('',#10049,.F.);
#10049 = EDGE_LOOP('',(#10050,#10051,#10057,#10058));
#10050 = ORIENTED_EDGE('',*,*,#8541,.T.);
#10051 = ORIENTED_EDGE('',*,*,#10052,.F.);
#10052 = EDGE_CURVE('',#8815,#8534,#10053,.T.);
#10053 = LINE('',#10054,#10055);
#10054 = CARTESIAN_POINT('',(2.75,-0.25,0.3));
#10055 = VECTOR('',#10056,1.);
#10056 = DIRECTION('',(1.359631073447E-32,1.110223024625E-16,1.));
#10057 = ORIENTED_EDGE('',*,*,#8814,.T.);
#10058 = ORIENTED_EDGE('',*,*,#10037,.T.);
#10059 = PLANE('',#10060);
#10060 = AXIS2_PLACEMENT_3D('',#10061,#10062,#10063);
#10061 = CARTESIAN_POINT('',(4.,-0.25,2.55));
#10062 = DIRECTION('',(-1.224646799147E-16,-1.,1.110223024625E-16));
#10063 = DIRECTION('',(-1.,1.224646799147E-16,1.219283680787E-48));
#10064 = ADVANCED_FACE('',(#10065),#10092,.F.);
#10065 = FACE_BOUND('',#10066,.F.);
#10066 = EDGE_LOOP('',(#10067,#10068,#10076,#10084,#10090,#10091));
#10067 = ORIENTED_EDGE('',*,*,#8533,.T.);
#10068 = ORIENTED_EDGE('',*,*,#10069,.T.);
#10069 = EDGE_CURVE('',#8526,#10070,#10072,.T.);
#10070 = VERTEX_POINT('',#10071);
#10071 = CARTESIAN_POINT('',(2.75,-0.35,3.6));
#10072 = LINE('',#10073,#10074);
#10073 = CARTESIAN_POINT('',(2.75,-0.45,4.8));
#10074 = VECTOR('',#10075,1.);
#10075 = DIRECTION('',(1.017013810865E-17,8.304547985373E-02,
    -0.996545758245));
#10076 = ORIENTED_EDGE('',*,*,#10077,.T.);
#10077 = EDGE_CURVE('',#10070,#10078,#10080,.T.);
#10078 = VERTEX_POINT('',#10079);
#10079 = CARTESIAN_POINT('',(2.75,-0.35,2.6));
#10080 = LINE('',#10081,#10082);
#10081 = CARTESIAN_POINT('',(2.75,-0.35,3.6));
#10082 = VECTOR('',#10083,1.);
#10083 = DIRECTION('',(-1.359631073447E-32,-1.110223024625E-16,-1.));
#10084 = ORIENTED_EDGE('',*,*,#10085,.T.);
#10085 = EDGE_CURVE('',#10078,#8823,#10086,.T.);
#10086 = LINE('',#10087,#10088);
#10087 = CARTESIAN_POINT('',(2.75,-0.35,2.6));
#10088 = VECTOR('',#10089,1.);
#10089 = DIRECTION('',(-5.319525767383E-18,-4.343722427631E-02,
    -0.999056158355));
#10090 = ORIENTED_EDGE('',*,*,#8822,.T.);
#10091 = ORIENTED_EDGE('',*,*,#10052,.T.);
#10092 = PLANE('',#10093);
#10093 = AXIS2_PLACEMENT_3D('',#10094,#10095,#10096);
#10094 = CARTESIAN_POINT('',(2.75,-0.320798035545,2.550475523299));
#10095 = DIRECTION('',(1.,-1.224646799147E-16,0.));
#10096 = DIRECTION('',(1.224646799147E-16,1.,-1.110223024625E-16));
#10097 = ADVANCED_FACE('',(#10098),#10116,.F.);
#10098 = FACE_BOUND('',#10099,.F.);
#10099 = EDGE_LOOP('',(#10100,#10101,#10109,#10115));
#10100 = ORIENTED_EDGE('',*,*,#8525,.T.);
#10101 = ORIENTED_EDGE('',*,*,#10102,.T.);
#10102 = EDGE_CURVE('',#8518,#10103,#10105,.T.);
#10103 = VERTEX_POINT('',#10104);
#10104 = CARTESIAN_POINT('',(1.25,-0.35,3.6));
#10105 = LINE('',#10106,#10107);
#10106 = CARTESIAN_POINT('',(1.25,-0.45,4.8));
#10107 = VECTOR('',#10108,1.);
#10108 = DIRECTION('',(1.017013810865E-17,8.304547985373E-02,
    -0.996545758245));
#10109 = ORIENTED_EDGE('',*,*,#10110,.F.);
#10110 = EDGE_CURVE('',#10070,#10103,#10111,.T.);
#10111 = LINE('',#10112,#10113);
#10112 = CARTESIAN_POINT('',(2.75,-0.35,3.6));
#10113 = VECTOR('',#10114,1.);
#10114 = DIRECTION('',(-1.,1.224646799147E-16,0.));
#10115 = ORIENTED_EDGE('',*,*,#10069,.F.);
#10116 = PLANE('',#10117);
#10117 = AXIS2_PLACEMENT_3D('',#10118,#10119,#10120);
#10118 = CARTESIAN_POINT('',(2.75,-0.45,4.8));
#10119 = DIRECTION('',(-1.220416573038E-16,-0.996545758245,
    -8.304547985373E-02));
#10120 = DIRECTION('',(1.017013810865E-17,8.304547985373E-02,
    -0.996545758245));
#10121 = ADVANCED_FACE('',(#10122),#10147,.T.);
#10122 = FACE_BOUND('',#10123,.T.);
#10123 = EDGE_LOOP('',(#10124,#10125,#10126,#10134,#10140,#10141));
#10124 = ORIENTED_EDGE('',*,*,#8517,.T.);
#10125 = ORIENTED_EDGE('',*,*,#10102,.T.);
#10126 = ORIENTED_EDGE('',*,*,#10127,.T.);
#10127 = EDGE_CURVE('',#10103,#10128,#10130,.T.);
#10128 = VERTEX_POINT('',#10129);
#10129 = CARTESIAN_POINT('',(1.25,-0.35,2.6));
#10130 = LINE('',#10131,#10132);
#10131 = CARTESIAN_POINT('',(1.25,-0.35,3.6));
#10132 = VECTOR('',#10133,1.);
#10133 = DIRECTION('',(-1.359631073447E-32,-1.110223024625E-16,-1.));
#10134 = ORIENTED_EDGE('',*,*,#10135,.T.);
#10135 = EDGE_CURVE('',#10128,#8831,#10136,.T.);
#10136 = LINE('',#10137,#10138);
#10137 = CARTESIAN_POINT('',(1.25,-0.35,2.6));
#10138 = VECTOR('',#10139,1.);
#10139 = DIRECTION('',(-5.319525767383E-18,-4.343722427631E-02,
    -0.999056158355));
#10140 = ORIENTED_EDGE('',*,*,#8838,.T.);
#10141 = ORIENTED_EDGE('',*,*,#10142,.T.);
#10142 = EDGE_CURVE('',#8839,#8510,#10143,.T.);
#10143 = LINE('',#10144,#10145);
#10144 = CARTESIAN_POINT('',(1.25,-0.25,0.3));
#10145 = VECTOR('',#10146,1.);
#10146 = DIRECTION('',(1.359631073447E-32,1.110223024625E-16,1.));
#10147 = PLANE('',#10148);
#10148 = AXIS2_PLACEMENT_3D('',#10149,#10150,#10151);
#10149 = CARTESIAN_POINT('',(1.25,-0.320798035545,2.550475523299));
#10150 = DIRECTION('',(1.,-1.224646799147E-16,0.));
#10151 = DIRECTION('',(1.224646799147E-16,1.,-1.110223024625E-16));
#10152 = ADVANCED_FACE('',(#10153),#10164,.F.);
#10153 = FACE_BOUND('',#10154,.F.);
#10154 = EDGE_LOOP('',(#10155,#10156,#10157,#10163));
#10155 = ORIENTED_EDGE('',*,*,#10142,.T.);
#10156 = ORIENTED_EDGE('',*,*,#8509,.T.);
#10157 = ORIENTED_EDGE('',*,*,#10158,.F.);
#10158 = EDGE_CURVE('',#8847,#8502,#10159,.T.);
#10159 = LINE('',#10160,#10161);
#10160 = CARTESIAN_POINT('',(0.75,-0.25,0.3));
#10161 = VECTOR('',#10162,1.);
#10162 = DIRECTION('',(1.359631073447E-32,1.110223024625E-16,1.));
#10163 = ORIENTED_EDGE('',*,*,#8846,.T.);
#10164 = PLANE('',#10165);
#10165 = AXIS2_PLACEMENT_3D('',#10166,#10167,#10168);
#10166 = CARTESIAN_POINT('',(4.,-0.25,2.55));
#10167 = DIRECTION('',(-1.224646799147E-16,-1.,1.110223024625E-16));
#10168 = DIRECTION('',(-1.,1.224646799147E-16,1.219283680787E-48));
#10169 = ADVANCED_FACE('',(#10170),#10197,.F.);
#10170 = FACE_BOUND('',#10171,.F.);
#10171 = EDGE_LOOP('',(#10172,#10173,#10181,#10189,#10195,#10196));
#10172 = ORIENTED_EDGE('',*,*,#8501,.T.);
#10173 = ORIENTED_EDGE('',*,*,#10174,.T.);
#10174 = EDGE_CURVE('',#8494,#10175,#10177,.T.);
#10175 = VERTEX_POINT('',#10176);
#10176 = CARTESIAN_POINT('',(0.75,-0.35,3.6));
#10177 = LINE('',#10178,#10179);
#10178 = CARTESIAN_POINT('',(0.75,-0.45,4.8));
#10179 = VECTOR('',#10180,1.);
#10180 = DIRECTION('',(1.017013810865E-17,8.304547985373E-02,
    -0.996545758245));
#10181 = ORIENTED_EDGE('',*,*,#10182,.T.);
#10182 = EDGE_CURVE('',#10175,#10183,#10185,.T.);
#10183 = VERTEX_POINT('',#10184);
#10184 = CARTESIAN_POINT('',(0.75,-0.35,2.6));
#10185 = LINE('',#10186,#10187);
#10186 = CARTESIAN_POINT('',(0.75,-0.35,3.6));
#10187 = VECTOR('',#10188,1.);
#10188 = DIRECTION('',(-1.359631073447E-32,-1.110223024625E-16,-1.));
#10189 = ORIENTED_EDGE('',*,*,#10190,.T.);
#10190 = EDGE_CURVE('',#10183,#8855,#10191,.T.);
#10191 = LINE('',#10192,#10193);
#10192 = CARTESIAN_POINT('',(0.75,-0.35,2.6));
#10193 = VECTOR('',#10194,1.);
#10194 = DIRECTION('',(-5.319525767383E-18,-4.343722427631E-02,
    -0.999056158355));
#10195 = ORIENTED_EDGE('',*,*,#8854,.T.);
#10196 = ORIENTED_EDGE('',*,*,#10158,.T.);
#10197 = PLANE('',#10198);
#10198 = AXIS2_PLACEMENT_3D('',#10199,#10200,#10201);
#10199 = CARTESIAN_POINT('',(0.75,-0.320798035545,2.550475523299));
#10200 = DIRECTION('',(1.,-1.224646799147E-16,0.));
#10201 = DIRECTION('',(1.224646799147E-16,1.,-1.110223024625E-16));
#10202 = ADVANCED_FACE('',(#10203),#10237,.F.);
#10203 = FACE_BOUND('',#10204,.F.);
#10204 = EDGE_LOOP('',(#10205,#10206,#10207,#10215,#10223,#10231));
#10205 = ORIENTED_EDGE('',*,*,#10174,.F.);
#10206 = ORIENTED_EDGE('',*,*,#8493,.T.);
#10207 = ORIENTED_EDGE('',*,*,#10208,.T.);
#10208 = EDGE_CURVE('',#8486,#10209,#10211,.T.);
#10209 = VERTEX_POINT('',#10210);
#10210 = CARTESIAN_POINT('',(-0.4,-0.4,4.2));
#10211 = LINE('',#10212,#10213);
#10212 = CARTESIAN_POINT('',(-0.4,-0.449310344828,4.791724137931));
#10213 = VECTOR('',#10214,1.);
#10214 = DIRECTION('',(1.017013810865E-17,8.304547985373E-02,
    -0.996545758245));
#10215 = ORIENTED_EDGE('',*,*,#10216,.F.);
#10216 = EDGE_CURVE('',#10217,#10209,#10219,.T.);
#10217 = VERTEX_POINT('',#10218);
#10218 = CARTESIAN_POINT('',(-0.75,-0.4,4.2));
#10219 = LINE('',#10220,#10221);
#10220 = CARTESIAN_POINT('',(-7.5E-02,-0.4,4.2));
#10221 = VECTOR('',#10222,1.);
#10222 = DIRECTION('',(1.,-1.224646799147E-16,-1.582936636138E-30));
#10223 = ORIENTED_EDGE('',*,*,#10224,.T.);
#10224 = EDGE_CURVE('',#10217,#10225,#10227,.T.);
#10225 = VERTEX_POINT('',#10226);
#10226 = CARTESIAN_POINT('',(-0.75,-0.35,3.6));
#10227 = LINE('',#10228,#10229);
#10228 = CARTESIAN_POINT('',(-0.75,-0.45,4.8));
#10229 = VECTOR('',#10230,1.);
#10230 = DIRECTION('',(1.017013810865E-17,8.304547985373E-02,
    -0.996545758245));
#10231 = ORIENTED_EDGE('',*,*,#10232,.F.);
#10232 = EDGE_CURVE('',#10175,#10225,#10233,.T.);
#10233 = LINE('',#10234,#10235);
#10234 = CARTESIAN_POINT('',(0.75,-0.35,3.6));
#10235 = VECTOR('',#10236,1.);
#10236 = DIRECTION('',(-1.,1.224646799147E-16,0.));
#10237 = PLANE('',#10238);
#10238 = AXIS2_PLACEMENT_3D('',#10239,#10240,#10241);
#10239 = CARTESIAN_POINT('',(0.75,-0.45,4.8));
#10240 = DIRECTION('',(-1.220416573038E-16,-0.996545758245,
    -8.304547985373E-02));
#10241 = DIRECTION('',(1.017013810865E-17,8.304547985373E-02,
    -0.996545758245));
#10242 = ADVANCED_FACE('',(#10243),#10260,.T.);
#10243 = FACE_BOUND('',#10244,.T.);
#10244 = EDGE_LOOP('',(#10245,#10246,#10247,#10253,#10254));
#10245 = ORIENTED_EDGE('',*,*,#8485,.F.);
#10246 = ORIENTED_EDGE('',*,*,#10208,.T.);
#10247 = ORIENTED_EDGE('',*,*,#10248,.T.);
#10248 = EDGE_CURVE('',#10209,#9296,#10249,.T.);
#10249 = LINE('',#10250,#10251);
#10250 = CARTESIAN_POINT('',(-0.4,-0.25,4.2));
#10251 = VECTOR('',#10252,1.);
#10252 = DIRECTION('',(-1.224646799147E-16,-1.,1.110223024625E-16));
#10253 = ORIENTED_EDGE('',*,*,#9303,.T.);
#10254 = ORIENTED_EDGE('',*,*,#10255,.F.);
#10255 = EDGE_CURVE('',#8478,#9304,#10256,.T.);
#10256 = LINE('',#10257,#10258);
#10257 = CARTESIAN_POINT('',(-0.4,-4.45,4.8));
#10258 = VECTOR('',#10259,1.);
#10259 = DIRECTION('',(-1.359631073447E-32,-1.110223024625E-16,-1.));
#10260 = PLANE('',#10261);
#10261 = AXIS2_PLACEMENT_3D('',#10262,#10263,#10264);
#10262 = CARTESIAN_POINT('',(-0.4,-0.25,4.8));
#10263 = DIRECTION('',(-1.,1.224646799147E-16,0.));
#10264 = DIRECTION('',(-1.224646799147E-16,-1.,1.110223024625E-16));
#10265 = ADVANCED_FACE('',(#10266),#10309,.T.);
#10266 = FACE_BOUND('',#10267,.T.);
#10267 = EDGE_LOOP('',(#10268,#10269,#10270,#10271,#10279,#10287,#10295,
    #10303));
#10268 = ORIENTED_EDGE('',*,*,#8477,.F.);
#10269 = ORIENTED_EDGE('',*,*,#10255,.T.);
#10270 = ORIENTED_EDGE('',*,*,#9311,.T.);
#10271 = ORIENTED_EDGE('',*,*,#10272,.F.);
#10272 = EDGE_CURVE('',#10273,#9312,#10275,.T.);
#10273 = VERTEX_POINT('',#10274);
#10274 = CARTESIAN_POINT('',(-1.4,-4.45,4.8));
#10275 = LINE('',#10276,#10277);
#10276 = CARTESIAN_POINT('',(-1.4,-4.45,4.8));
#10277 = VECTOR('',#10278,1.);
#10278 = DIRECTION('',(-1.359631073447E-32,-1.110223024625E-16,-1.));
#10279 = ORIENTED_EDGE('',*,*,#10280,.F.);
#10280 = EDGE_CURVE('',#10281,#10273,#10283,.T.);
#10281 = VERTEX_POINT('',#10282);
#10282 = CARTESIAN_POINT('',(-0.95,-4.45,4.8));
#10283 = LINE('',#10284,#10285);
#10284 = CARTESIAN_POINT('',(-0.4,-4.45,4.8));
#10285 = VECTOR('',#10286,1.);
#10286 = DIRECTION('',(-1.,1.224646799147E-16,0.));
#10287 = ORIENTED_EDGE('',*,*,#10288,.F.);
#10288 = EDGE_CURVE('',#10289,#10281,#10291,.T.);
#10289 = VERTEX_POINT('',#10290);
#10290 = CARTESIAN_POINT('',(-0.95,-4.45,4.85));
#10291 = LINE('',#10292,#10293);
#10292 = CARTESIAN_POINT('',(-0.95,-4.45,4.85));
#10293 = VECTOR('',#10294,1.);
#10294 = DIRECTION('',(-1.359631073447E-32,-1.110223024625E-16,-1.));
#10295 = ORIENTED_EDGE('',*,*,#10296,.F.);
#10296 = EDGE_CURVE('',#10297,#10289,#10299,.T.);
#10297 = VERTEX_POINT('',#10298);
#10298 = CARTESIAN_POINT('',(-0.45,-4.45,4.85));
#10299 = LINE('',#10300,#10301);
#10300 = CARTESIAN_POINT('',(-0.45,-4.45,4.85));
#10301 = VECTOR('',#10302,1.);
#10302 = DIRECTION('',(-1.,1.224646799147E-16,0.));
#10303 = ORIENTED_EDGE('',*,*,#10304,.F.);
#10304 = EDGE_CURVE('',#8470,#10297,#10305,.T.);
#10305 = LINE('',#10306,#10307);
#10306 = CARTESIAN_POINT('',(-0.45,-4.45,4.8));
#10307 = VECTOR('',#10308,1.);
#10308 = DIRECTION('',(1.359631073447E-32,1.110223024625E-16,1.));
#10309 = PLANE('',#10310);
#10310 = AXIS2_PLACEMENT_3D('',#10311,#10312,#10313);
#10311 = CARTESIAN_POINT('',(-0.893939393939,-4.45,4.517424242424));
#10312 = DIRECTION('',(1.224646799147E-16,1.,-1.110223024625E-16));
#10313 = DIRECTION('',(1.359631073447E-32,1.110223024625E-16,1.));
#10314 = ADVANCED_FACE('',(#10315),#10333,.F.);
#10315 = FACE_BOUND('',#10316,.F.);
#10316 = EDGE_LOOP('',(#10317,#10318,#10326,#10332));
#10317 = ORIENTED_EDGE('',*,*,#8469,.T.);
#10318 = ORIENTED_EDGE('',*,*,#10319,.T.);
#10319 = EDGE_CURVE('',#8462,#10320,#10322,.T.);
#10320 = VERTEX_POINT('',#10321);
#10321 = CARTESIAN_POINT('',(-0.45,-6.25,4.85));
#10322 = LINE('',#10323,#10324);
#10323 = CARTESIAN_POINT('',(-0.45,-6.25,4.8));
#10324 = VECTOR('',#10325,1.);
#10325 = DIRECTION('',(1.359631073447E-32,1.110223024625E-16,1.));
#10326 = ORIENTED_EDGE('',*,*,#10327,.F.);
#10327 = EDGE_CURVE('',#10297,#10320,#10328,.T.);
#10328 = LINE('',#10329,#10330);
#10329 = CARTESIAN_POINT('',(-0.45,-4.45,4.85));
#10330 = VECTOR('',#10331,1.);
#10331 = DIRECTION('',(-1.224646799147E-16,-1.,1.110223024625E-16));
#10332 = ORIENTED_EDGE('',*,*,#10304,.F.);
#10333 = PLANE('',#10334);
#10334 = AXIS2_PLACEMENT_3D('',#10335,#10336,#10337);
#10335 = CARTESIAN_POINT('',(-0.45,-4.45,4.8));
#10336 = DIRECTION('',(-1.,1.224646799147E-16,0.));
#10337 = DIRECTION('',(1.359631073446E-32,1.110223024625E-16,1.));
#10338 = ADVANCED_FACE('',(#10339),#10380,.T.);
#10339 = FACE_BOUND('',#10340,.T.);
#10340 = EDGE_LOOP('',(#10341,#10347,#10348,#10349,#10357,#10365,#10371,
    #10372,#10378,#10379));
#10341 = ORIENTED_EDGE('',*,*,#10342,.F.);
#10342 = EDGE_CURVE('',#8454,#9335,#10343,.T.);
#10343 = LINE('',#10344,#10345);
#10344 = CARTESIAN_POINT('',(0.55,-6.25,4.8));
#10345 = VECTOR('',#10346,1.);
#10346 = DIRECTION('',(-1.359631073447E-32,-1.110223024625E-16,-1.));
#10347 = ORIENTED_EDGE('',*,*,#8461,.T.);
#10348 = ORIENTED_EDGE('',*,*,#10319,.T.);
#10349 = ORIENTED_EDGE('',*,*,#10350,.T.);
#10350 = EDGE_CURVE('',#10320,#10351,#10353,.T.);
#10351 = VERTEX_POINT('',#10352);
#10352 = CARTESIAN_POINT('',(-0.95,-6.25,4.85));
#10353 = LINE('',#10354,#10355);
#10354 = CARTESIAN_POINT('',(-0.45,-6.25,4.85));
#10355 = VECTOR('',#10356,1.);
#10356 = DIRECTION('',(-1.,1.224646799147E-16,0.));
#10357 = ORIENTED_EDGE('',*,*,#10358,.T.);
#10358 = EDGE_CURVE('',#10351,#10359,#10361,.T.);
#10359 = VERTEX_POINT('',#10360);
#10360 = CARTESIAN_POINT('',(-0.95,-6.25,4.8));
#10361 = LINE('',#10362,#10363);
#10362 = CARTESIAN_POINT('',(-0.95,-6.25,4.85));
#10363 = VECTOR('',#10364,1.);
#10364 = DIRECTION('',(-1.359631073447E-32,-1.110223024625E-16,-1.));
#10365 = ORIENTED_EDGE('',*,*,#10366,.T.);
#10366 = EDGE_CURVE('',#10359,#9183,#10367,.T.);
#10367 = LINE('',#10368,#10369);
#10368 = CARTESIAN_POINT('',(9.95,-6.25,4.8));
#10369 = VECTOR('',#10370,1.);
#10370 = DIRECTION('',(-1.,1.224646799147E-16,0.));
#10371 = ORIENTED_EDGE('',*,*,#9182,.T.);
#10372 = ORIENTED_EDGE('',*,*,#10373,.F.);
#10373 = EDGE_CURVE('',#9053,#9175,#10374,.T.);
#10374 = LINE('',#10375,#10376);
#10375 = CARTESIAN_POINT('',(9.95,-6.25,3.3));
#10376 = VECTOR('',#10377,1.);
#10377 = DIRECTION('',(-1.,1.224646799147E-16,0.));
#10378 = ORIENTED_EDGE('',*,*,#9050,.F.);
#10379 = ORIENTED_EDGE('',*,*,#9334,.F.);
#10380 = PLANE('',#10381);
#10381 = AXIS2_PLACEMENT_3D('',#10382,#10383,#10384);
#10382 = CARTESIAN_POINT('',(-0.922222222222,-6.25,4.28487654321));
#10383 = DIRECTION('',(-1.224646799147E-16,-1.,1.110223024625E-16));
#10384 = DIRECTION('',(-1.359631073447E-32,-1.110223024625E-16,-1.));
#10385 = ADVANCED_FACE('',(#10386),#10397,.F.);
#10386 = FACE_BOUND('',#10387,.F.);
#10387 = EDGE_LOOP('',(#10388,#10389,#10395,#10396));
#10388 = ORIENTED_EDGE('',*,*,#8453,.F.);
#10389 = ORIENTED_EDGE('',*,*,#10390,.T.);
#10390 = EDGE_CURVE('',#8446,#9343,#10391,.T.);
#10391 = LINE('',#10392,#10393);
#10392 = CARTESIAN_POINT('',(0.55,-2.35,4.8));
#10393 = VECTOR('',#10394,1.);
#10394 = DIRECTION('',(-1.359631073447E-32,-1.110223024625E-16,-1.));
#10395 = ORIENTED_EDGE('',*,*,#9342,.T.);
#10396 = ORIENTED_EDGE('',*,*,#10342,.F.);
#10397 = PLANE('',#10398);
#10398 = AXIS2_PLACEMENT_3D('',#10399,#10400,#10401);
#10399 = CARTESIAN_POINT('',(0.55,-2.35,4.8));
#10400 = DIRECTION('',(-1.,1.224646799147E-16,0.));
#10401 = DIRECTION('',(-1.224646799147E-16,-1.,1.110223024625E-16));
#10402 = ADVANCED_FACE('',(#10403),#10414,.F.);
#10403 = FACE_BOUND('',#10404,.F.);
#10404 = EDGE_LOOP('',(#10405,#10406,#10412,#10413));
#10405 = ORIENTED_EDGE('',*,*,#8445,.F.);
#10406 = ORIENTED_EDGE('',*,*,#10407,.T.);
#10407 = EDGE_CURVE('',#8438,#9351,#10408,.T.);
#10408 = LINE('',#10409,#10410);
#10409 = CARTESIAN_POINT('',(7.45,-2.35,4.8));
#10410 = VECTOR('',#10411,1.);
#10411 = DIRECTION('',(-1.359631073447E-32,-1.110223024625E-16,-1.));
#10412 = ORIENTED_EDGE('',*,*,#9350,.T.);
#10413 = ORIENTED_EDGE('',*,*,#10390,.F.);
#10414 = PLANE('',#10415);
#10415 = AXIS2_PLACEMENT_3D('',#10416,#10417,#10418);
#10416 = CARTESIAN_POINT('',(7.45,-2.35,4.8));
#10417 = DIRECTION('',(1.224646799147E-16,1.,-1.110223024625E-16));
#10418 = DIRECTION('',(-1.,1.224646799147E-16,1.219283680787E-48));
#10419 = ADVANCED_FACE('',(#10420),#10426,.F.);
#10420 = FACE_BOUND('',#10421,.F.);
#10421 = EDGE_LOOP('',(#10422,#10423,#10424,#10425));
#10422 = ORIENTED_EDGE('',*,*,#8437,.F.);
#10423 = ORIENTED_EDGE('',*,*,#8667,.T.);
#10424 = ORIENTED_EDGE('',*,*,#9358,.T.);
#10425 = ORIENTED_EDGE('',*,*,#10407,.F.);
#10426 = PLANE('',#10427);
#10427 = AXIS2_PLACEMENT_3D('',#10428,#10429,#10430);
#10428 = CARTESIAN_POINT('',(7.45,-6.25,4.8));
#10429 = DIRECTION('',(1.,-1.224646799147E-16,-0.));
#10430 = DIRECTION('',(1.224646799147E-16,1.,-1.110223024625E-16));
#10431 = ADVANCED_FACE('',(#10432),#10473,.F.);
#10432 = FACE_BOUND('',#10433,.F.);
#10433 = EDGE_LOOP('',(#10434,#10435,#10436,#10444,#10452,#10460,#10466,
    #10467));
#10434 = ORIENTED_EDGE('',*,*,#9228,.F.);
#10435 = ORIENTED_EDGE('',*,*,#8702,.T.);
#10436 = ORIENTED_EDGE('',*,*,#10437,.T.);
#10437 = EDGE_CURVE('',#8705,#10438,#10440,.T.);
#10438 = VERTEX_POINT('',#10439);
#10439 = CARTESIAN_POINT('',(-0.75,-0.25,4.2));
#10440 = LINE('',#10441,#10442);
#10441 = CARTESIAN_POINT('',(-0.75,-0.25,0.3));
#10442 = VECTOR('',#10443,1.);
#10443 = DIRECTION('',(1.359631073447E-32,1.110223024625E-16,1.));
#10444 = ORIENTED_EDGE('',*,*,#10445,.F.);
#10445 = EDGE_CURVE('',#10446,#10438,#10448,.T.);
#10446 = VERTEX_POINT('',#10447);
#10447 = CARTESIAN_POINT('',(-1.4,-0.25,4.2));
#10448 = LINE('',#10449,#10450);
#10449 = CARTESIAN_POINT('',(-1.4,-0.25,4.2));
#10450 = VECTOR('',#10451,1.);
#10451 = DIRECTION('',(1.,-1.224646799147E-16,0.));
#10452 = ORIENTED_EDGE('',*,*,#10453,.F.);
#10453 = EDGE_CURVE('',#10454,#10446,#10456,.T.);
#10454 = VERTEX_POINT('',#10455);
#10455 = CARTESIAN_POINT('',(-1.4,-0.25,4.8));
#10456 = LINE('',#10457,#10458);
#10457 = CARTESIAN_POINT('',(-1.4,-0.25,4.8));
#10458 = VECTOR('',#10459,1.);
#10459 = DIRECTION('',(-1.359631073447E-32,-1.110223024625E-16,-1.));
#10460 = ORIENTED_EDGE('',*,*,#10461,.T.);
#10461 = EDGE_CURVE('',#10454,#9132,#10462,.T.);
#10462 = LINE('',#10463,#10464);
#10463 = CARTESIAN_POINT('',(9.95,-0.25,4.8));
#10464 = VECTOR('',#10465,1.);
#10465 = DIRECTION('',(-1.,1.224646799147E-16,0.));
#10466 = ORIENTED_EDGE('',*,*,#9131,.T.);
#10467 = ORIENTED_EDGE('',*,*,#10468,.F.);
#10468 = EDGE_CURVE('',#9229,#9134,#10469,.T.);
#10469 = LINE('',#10470,#10471);
#10470 = CARTESIAN_POINT('',(-0.95,-0.25,4.1));
#10471 = VECTOR('',#10472,1.);
#10472 = DIRECTION('',(-1.,1.224646799147E-16,0.));
#10473 = PLANE('',#10474);
#10474 = AXIS2_PLACEMENT_3D('',#10475,#10476,#10477);
#10475 = CARTESIAN_POINT('',(4.,-0.25,2.55));
#10476 = DIRECTION('',(-1.224646799147E-16,-1.,1.110223024625E-16));
#10477 = DIRECTION('',(-1.,1.224646799147E-16,1.219283680787E-48));
#10478 = ADVANCED_FACE('',(#10479),#10504,.T.);
#10479 = FACE_BOUND('',#10480,.T.);
#10480 = EDGE_LOOP('',(#10481,#10482,#10488,#10489,#10497,#10503));
#10481 = ORIENTED_EDGE('',*,*,#10437,.T.);
#10482 = ORIENTED_EDGE('',*,*,#10483,.F.);
#10483 = EDGE_CURVE('',#10217,#10438,#10484,.T.);
#10484 = LINE('',#10485,#10486);
#10485 = CARTESIAN_POINT('',(-0.75,-1.335399017773,4.2));
#10486 = VECTOR('',#10487,1.);
#10487 = DIRECTION('',(1.224646799147E-16,1.,-1.110223024625E-16));
#10488 = ORIENTED_EDGE('',*,*,#10224,.T.);
#10489 = ORIENTED_EDGE('',*,*,#10490,.T.);
#10490 = EDGE_CURVE('',#10225,#10491,#10493,.T.);
#10491 = VERTEX_POINT('',#10492);
#10492 = CARTESIAN_POINT('',(-0.75,-0.35,2.6));
#10493 = LINE('',#10494,#10495);
#10494 = CARTESIAN_POINT('',(-0.75,-0.35,3.6));
#10495 = VECTOR('',#10496,1.);
#10496 = DIRECTION('',(-1.359631073447E-32,-1.110223024625E-16,-1.));
#10497 = ORIENTED_EDGE('',*,*,#10498,.T.);
#10498 = EDGE_CURVE('',#10491,#8863,#10499,.T.);
#10499 = LINE('',#10500,#10501);
#10500 = CARTESIAN_POINT('',(-0.75,-0.35,2.6));
#10501 = VECTOR('',#10502,1.);
#10502 = DIRECTION('',(-5.319525767383E-18,-4.343722427631E-02,
    -0.999056158355));
#10503 = ORIENTED_EDGE('',*,*,#8870,.T.);
#10504 = PLANE('',#10505);
#10505 = AXIS2_PLACEMENT_3D('',#10506,#10507,#10508);
#10506 = CARTESIAN_POINT('',(-0.75,-0.320798035545,2.550475523299));
#10507 = DIRECTION('',(1.,-1.224646799147E-16,0.));
#10508 = DIRECTION('',(1.224646799147E-16,1.,-1.110223024625E-16));
#10509 = ADVANCED_FACE('',(#10510),#10521,.F.);
#10510 = FACE_BOUND('',#10511,.F.);
#10511 = EDGE_LOOP('',(#10512,#10518,#10519,#10520));
#10512 = ORIENTED_EDGE('',*,*,#10513,.T.);
#10513 = EDGE_CURVE('',#10183,#10491,#10514,.T.);
#10514 = LINE('',#10515,#10516);
#10515 = CARTESIAN_POINT('',(0.75,-0.35,2.6));
#10516 = VECTOR('',#10517,1.);
#10517 = DIRECTION('',(-1.,1.224646799147E-16,0.));
#10518 = ORIENTED_EDGE('',*,*,#10498,.T.);
#10519 = ORIENTED_EDGE('',*,*,#8862,.F.);
#10520 = ORIENTED_EDGE('',*,*,#10190,.F.);
#10521 = PLANE('',#10522);
#10522 = AXIS2_PLACEMENT_3D('',#10523,#10524,#10525);
#10523 = CARTESIAN_POINT('',(0.75,-0.35,2.6));
#10524 = DIRECTION('',(-1.223490926498E-16,-0.999056158355,
    4.343722427631E-02));
#10525 = DIRECTION('',(-5.319525767383E-18,-4.343722427631E-02,
    -0.999056158355));
#10526 = ADVANCED_FACE('',(#10527),#10538,.F.);
#10527 = FACE_BOUND('',#10528,.F.);
#10528 = EDGE_LOOP('',(#10529,#10535,#10536,#10537));
#10529 = ORIENTED_EDGE('',*,*,#10530,.T.);
#10530 = EDGE_CURVE('',#10078,#10128,#10531,.T.);
#10531 = LINE('',#10532,#10533);
#10532 = CARTESIAN_POINT('',(2.75,-0.35,2.6));
#10533 = VECTOR('',#10534,1.);
#10534 = DIRECTION('',(-1.,1.224646799147E-16,0.));
#10535 = ORIENTED_EDGE('',*,*,#10135,.T.);
#10536 = ORIENTED_EDGE('',*,*,#8830,.F.);
#10537 = ORIENTED_EDGE('',*,*,#10085,.F.);
#10538 = PLANE('',#10539);
#10539 = AXIS2_PLACEMENT_3D('',#10540,#10541,#10542);
#10540 = CARTESIAN_POINT('',(2.75,-0.35,2.6));
#10541 = DIRECTION('',(-1.223490926498E-16,-0.999056158355,
    4.343722427631E-02));
#10542 = DIRECTION('',(-5.319525767383E-18,-4.343722427631E-02,
    -0.999056158355));
#10543 = ADVANCED_FACE('',(#10544),#10555,.F.);
#10544 = FACE_BOUND('',#10545,.F.);
#10545 = EDGE_LOOP('',(#10546,#10552,#10553,#10554));
#10546 = ORIENTED_EDGE('',*,*,#10547,.T.);
#10547 = EDGE_CURVE('',#9973,#10023,#10548,.T.);
#10548 = LINE('',#10549,#10550);
#10549 = CARTESIAN_POINT('',(4.75,-0.35,2.6));
#10550 = VECTOR('',#10551,1.);
#10551 = DIRECTION('',(-1.,1.224646799147E-16,0.));
#10552 = ORIENTED_EDGE('',*,*,#10030,.T.);
#10553 = ORIENTED_EDGE('',*,*,#8798,.F.);
#10554 = ORIENTED_EDGE('',*,*,#9980,.F.);
#10555 = PLANE('',#10556);
#10556 = AXIS2_PLACEMENT_3D('',#10557,#10558,#10559);
#10557 = CARTESIAN_POINT('',(4.75,-0.35,2.6));
#10558 = DIRECTION('',(-1.223490926498E-16,-0.999056158355,
    4.343722427631E-02));
#10559 = DIRECTION('',(-5.319525767383E-18,-4.343722427631E-02,
    -0.999056158355));
#10560 = ADVANCED_FACE('',(#10561),#10572,.F.);
#10561 = FACE_BOUND('',#10562,.F.);
#10562 = EDGE_LOOP('',(#10563,#10569,#10570,#10571));
#10563 = ORIENTED_EDGE('',*,*,#10564,.T.);
#10564 = EDGE_CURVE('',#9868,#9918,#10565,.T.);
#10565 = LINE('',#10566,#10567);
#10566 = CARTESIAN_POINT('',(6.75,-0.35,2.6));
#10567 = VECTOR('',#10568,1.);
#10568 = DIRECTION('',(-1.,1.224646799147E-16,0.));
#10569 = ORIENTED_EDGE('',*,*,#9925,.T.);
#10570 = ORIENTED_EDGE('',*,*,#8766,.F.);
#10571 = ORIENTED_EDGE('',*,*,#9875,.F.);
#10572 = PLANE('',#10573);
#10573 = AXIS2_PLACEMENT_3D('',#10574,#10575,#10576);
#10574 = CARTESIAN_POINT('',(6.75,-0.35,2.6));
#10575 = DIRECTION('',(-1.223490926498E-16,-0.999056158355,
    4.343722427631E-02));
#10576 = DIRECTION('',(-5.319525767383E-18,-4.343722427631E-02,
    -0.999056158355));
#10577 = ADVANCED_FACE('',(#10578),#10589,.F.);
#10578 = FACE_BOUND('',#10579,.F.);
#10579 = EDGE_LOOP('',(#10580,#10586,#10587,#10588));
#10580 = ORIENTED_EDGE('',*,*,#10581,.T.);
#10581 = EDGE_CURVE('',#9678,#9813,#10582,.T.);
#10582 = LINE('',#10583,#10584);
#10583 = CARTESIAN_POINT('',(8.75,-0.35,2.6));
#10584 = VECTOR('',#10585,1.);
#10585 = DIRECTION('',(-1.,1.224646799147E-16,0.));
#10586 = ORIENTED_EDGE('',*,*,#9820,.T.);
#10587 = ORIENTED_EDGE('',*,*,#8734,.F.);
#10588 = ORIENTED_EDGE('',*,*,#9685,.F.);
#10589 = PLANE('',#10590);
#10590 = AXIS2_PLACEMENT_3D('',#10591,#10592,#10593);
#10591 = CARTESIAN_POINT('',(8.75,-0.35,2.6));
#10592 = DIRECTION('',(-1.223490926498E-16,-0.999056158355,
    4.343722427631E-02));
#10593 = DIRECTION('',(-5.319525767383E-18,-4.343722427631E-02,
    -0.999056158355));
#10594 = ADVANCED_FACE('',(#10595),#10613,.F.);
#10595 = FACE_BOUND('',#10596,.F.);
#10596 = EDGE_LOOP('',(#10597,#10598,#10606,#10612));
#10597 = ORIENTED_EDGE('',*,*,#9027,.T.);
#10598 = ORIENTED_EDGE('',*,*,#10599,.T.);
#10599 = EDGE_CURVE('',#9020,#10600,#10602,.T.);
#10600 = VERTEX_POINT('',#10601);
#10601 = CARTESIAN_POINT('',(7.2,-3.95,1.1));
#10602 = LINE('',#10603,#10604);
#10603 = CARTESIAN_POINT('',(7.2,-3.95,0.8));
#10604 = VECTOR('',#10605,1.);
#10605 = DIRECTION('',(1.359631073447E-32,1.110223024625E-16,1.));
#10606 = ORIENTED_EDGE('',*,*,#10607,.F.);
#10607 = EDGE_CURVE('',#9373,#10600,#10608,.T.);
#10608 = LINE('',#10609,#10610);
#10609 = CARTESIAN_POINT('',(7.2,-2.05,1.1));
#10610 = VECTOR('',#10611,1.);
#10611 = DIRECTION('',(-1.224646799147E-16,-1.,1.110223024625E-16));
#10612 = ORIENTED_EDGE('',*,*,#9372,.F.);
#10613 = PLANE('',#10614);
#10614 = AXIS2_PLACEMENT_3D('',#10615,#10616,#10617);
#10615 = CARTESIAN_POINT('',(7.2,-2.05,0.8));
#10616 = DIRECTION('',(-1.,1.224646799147E-16,0.));
#10617 = DIRECTION('',(1.359631073446E-32,1.110223024625E-16,1.));
#10618 = ADVANCED_FACE('',(#10619),#10637,.T.);
#10619 = FACE_BOUND('',#10620,.T.);
#10620 = EDGE_LOOP('',(#10621,#10629,#10635,#10636));
#10621 = ORIENTED_EDGE('',*,*,#10622,.T.);
#10622 = EDGE_CURVE('',#10600,#10623,#10625,.T.);
#10623 = VERTEX_POINT('',#10624);
#10624 = CARTESIAN_POINT('',(6.8,-3.95,1.1));
#10625 = LINE('',#10626,#10627);
#10626 = CARTESIAN_POINT('',(7.2,-3.95,1.1));
#10627 = VECTOR('',#10628,1.);
#10628 = DIRECTION('',(-1.,1.224646799147E-16,0.));
#10629 = ORIENTED_EDGE('',*,*,#10630,.T.);
#10630 = EDGE_CURVE('',#10623,#9012,#10631,.T.);
#10631 = LINE('',#10632,#10633);
#10632 = CARTESIAN_POINT('',(6.8,-3.95,1.1));
#10633 = VECTOR('',#10634,1.);
#10634 = DIRECTION('',(-1.359631073447E-32,-1.110223024625E-16,-1.));
#10635 = ORIENTED_EDGE('',*,*,#9019,.T.);
#10636 = ORIENTED_EDGE('',*,*,#10599,.T.);
#10637 = PLANE('',#10638);
#10638 = AXIS2_PLACEMENT_3D('',#10639,#10640,#10641);
#10639 = CARTESIAN_POINT('',(7.,-3.95,0.95));
#10640 = DIRECTION('',(-1.224646799147E-16,-1.,1.110223024625E-16));
#10641 = DIRECTION('',(-1.,1.224646799147E-16,1.219283680787E-48));
#10642 = ADVANCED_FACE('',(#10643),#10654,.F.);
#10643 = FACE_BOUND('',#10644,.F.);
#10644 = EDGE_LOOP('',(#10645,#10651,#10652,#10653));
#10645 = ORIENTED_EDGE('',*,*,#10646,.T.);
#10646 = EDGE_CURVE('',#9469,#10623,#10647,.T.);
#10647 = LINE('',#10648,#10649);
#10648 = CARTESIAN_POINT('',(6.8,-2.05,1.1));
#10649 = VECTOR('',#10650,1.);
#10650 = DIRECTION('',(-1.224646799147E-16,-1.,1.110223024625E-16));
#10651 = ORIENTED_EDGE('',*,*,#10630,.T.);
#10652 = ORIENTED_EDGE('',*,*,#9011,.F.);
#10653 = ORIENTED_EDGE('',*,*,#9468,.F.);
#10654 = PLANE('',#10655);
#10655 = AXIS2_PLACEMENT_3D('',#10656,#10657,#10658);
#10656 = CARTESIAN_POINT('',(6.8,-2.05,1.1));
#10657 = DIRECTION('',(1.,-1.224646799147E-16,0.));
#10658 = DIRECTION('',(-1.359631073446E-32,-1.110223024625E-16,-1.));
#10659 = ADVANCED_FACE('',(#10660),#10678,.F.);
#10660 = FACE_BOUND('',#10661,.F.);
#10661 = EDGE_LOOP('',(#10662,#10663,#10671,#10677));
#10662 = ORIENTED_EDGE('',*,*,#8995,.T.);
#10663 = ORIENTED_EDGE('',*,*,#10664,.T.);
#10664 = EDGE_CURVE('',#8988,#10665,#10667,.T.);
#10665 = VERTEX_POINT('',#10666);
#10666 = CARTESIAN_POINT('',(5.2,-3.95,1.1));
#10667 = LINE('',#10668,#10669);
#10668 = CARTESIAN_POINT('',(5.2,-3.95,0.8));
#10669 = VECTOR('',#10670,1.);
#10670 = DIRECTION('',(1.359631073447E-32,1.110223024625E-16,1.));
#10671 = ORIENTED_EDGE('',*,*,#10672,.F.);
#10672 = EDGE_CURVE('',#9454,#10665,#10673,.T.);
#10673 = LINE('',#10674,#10675);
#10674 = CARTESIAN_POINT('',(5.2,-2.05,1.1));
#10675 = VECTOR('',#10676,1.);
#10676 = DIRECTION('',(-1.224646799147E-16,-1.,1.110223024625E-16));
#10677 = ORIENTED_EDGE('',*,*,#9461,.F.);
#10678 = PLANE('',#10679);
#10679 = AXIS2_PLACEMENT_3D('',#10680,#10681,#10682);
#10680 = CARTESIAN_POINT('',(5.2,-2.05,0.8));
#10681 = DIRECTION('',(-1.,1.224646799147E-16,0.));
#10682 = DIRECTION('',(1.359631073446E-32,1.110223024625E-16,1.));
#10683 = ADVANCED_FACE('',(#10684),#10702,.T.);
#10684 = FACE_BOUND('',#10685,.T.);
#10685 = EDGE_LOOP('',(#10686,#10694,#10700,#10701));
#10686 = ORIENTED_EDGE('',*,*,#10687,.T.);
#10687 = EDGE_CURVE('',#10665,#10688,#10690,.T.);
#10688 = VERTEX_POINT('',#10689);
#10689 = CARTESIAN_POINT('',(4.8,-3.95,1.1));
#10690 = LINE('',#10691,#10692);
#10691 = CARTESIAN_POINT('',(5.2,-3.95,1.1));
#10692 = VECTOR('',#10693,1.);
#10693 = DIRECTION('',(-1.,1.224646799147E-16,0.));
#10694 = ORIENTED_EDGE('',*,*,#10695,.T.);
#10695 = EDGE_CURVE('',#10688,#8980,#10696,.T.);
#10696 = LINE('',#10697,#10698);
#10697 = CARTESIAN_POINT('',(4.8,-3.95,1.1));
#10698 = VECTOR('',#10699,1.);
#10699 = DIRECTION('',(-1.359631073447E-32,-1.110223024625E-16,-1.));
#10700 = ORIENTED_EDGE('',*,*,#8987,.T.);
#10701 = ORIENTED_EDGE('',*,*,#10664,.T.);
#10702 = PLANE('',#10703);
#10703 = AXIS2_PLACEMENT_3D('',#10704,#10705,#10706);
#10704 = CARTESIAN_POINT('',(5.,-3.95,0.95));
#10705 = DIRECTION('',(-1.224646799147E-16,-1.,1.110223024625E-16));
#10706 = DIRECTION('',(-1.,1.224646799147E-16,1.219283680787E-48));
#10707 = ADVANCED_FACE('',(#10708),#10719,.F.);
#10708 = FACE_BOUND('',#10709,.F.);
#10709 = EDGE_LOOP('',(#10710,#10716,#10717,#10718));
#10710 = ORIENTED_EDGE('',*,*,#10711,.T.);
#10711 = EDGE_CURVE('',#9446,#10688,#10712,.T.);
#10712 = LINE('',#10713,#10714);
#10713 = CARTESIAN_POINT('',(4.8,-2.05,1.1));
#10714 = VECTOR('',#10715,1.);
#10715 = DIRECTION('',(-1.224646799147E-16,-1.,1.110223024625E-16));
#10716 = ORIENTED_EDGE('',*,*,#10695,.T.);
#10717 = ORIENTED_EDGE('',*,*,#8979,.F.);
#10718 = ORIENTED_EDGE('',*,*,#9445,.F.);
#10719 = PLANE('',#10720);
#10720 = AXIS2_PLACEMENT_3D('',#10721,#10722,#10723);
#10721 = CARTESIAN_POINT('',(4.8,-2.05,1.1));
#10722 = DIRECTION('',(1.,-1.224646799147E-16,0.));
#10723 = DIRECTION('',(-1.359631073446E-32,-1.110223024625E-16,-1.));
#10724 = ADVANCED_FACE('',(#10725),#10743,.F.);
#10725 = FACE_BOUND('',#10726,.F.);
#10726 = EDGE_LOOP('',(#10727,#10728,#10736,#10742));
#10727 = ORIENTED_EDGE('',*,*,#8963,.T.);
#10728 = ORIENTED_EDGE('',*,*,#10729,.T.);
#10729 = EDGE_CURVE('',#8956,#10730,#10732,.T.);
#10730 = VERTEX_POINT('',#10731);
#10731 = CARTESIAN_POINT('',(3.2,-3.95,1.1));
#10732 = LINE('',#10733,#10734);
#10733 = CARTESIAN_POINT('',(3.2,-3.95,0.8));
#10734 = VECTOR('',#10735,1.);
#10735 = DIRECTION('',(1.359631073447E-32,1.110223024625E-16,1.));
#10736 = ORIENTED_EDGE('',*,*,#10737,.F.);
#10737 = EDGE_CURVE('',#9431,#10730,#10738,.T.);
#10738 = LINE('',#10739,#10740);
#10739 = CARTESIAN_POINT('',(3.2,-2.05,1.1));
#10740 = VECTOR('',#10741,1.);
#10741 = DIRECTION('',(-1.224646799147E-16,-1.,1.110223024625E-16));
#10742 = ORIENTED_EDGE('',*,*,#9438,.F.);
#10743 = PLANE('',#10744);
#10744 = AXIS2_PLACEMENT_3D('',#10745,#10746,#10747);
#10745 = CARTESIAN_POINT('',(3.2,-2.05,0.8));
#10746 = DIRECTION('',(-1.,1.224646799147E-16,0.));
#10747 = DIRECTION('',(1.359631073446E-32,1.110223024625E-16,1.));
#10748 = ADVANCED_FACE('',(#10749),#10767,.T.);
#10749 = FACE_BOUND('',#10750,.T.);
#10750 = EDGE_LOOP('',(#10751,#10759,#10765,#10766));
#10751 = ORIENTED_EDGE('',*,*,#10752,.T.);
#10752 = EDGE_CURVE('',#10730,#10753,#10755,.T.);
#10753 = VERTEX_POINT('',#10754);
#10754 = CARTESIAN_POINT('',(2.8,-3.95,1.1));
#10755 = LINE('',#10756,#10757);
#10756 = CARTESIAN_POINT('',(3.2,-3.95,1.1));
#10757 = VECTOR('',#10758,1.);
#10758 = DIRECTION('',(-1.,1.224646799147E-16,0.));
#10759 = ORIENTED_EDGE('',*,*,#10760,.T.);
#10760 = EDGE_CURVE('',#10753,#8948,#10761,.T.);
#10761 = LINE('',#10762,#10763);
#10762 = CARTESIAN_POINT('',(2.8,-3.95,1.1));
#10763 = VECTOR('',#10764,1.);
#10764 = DIRECTION('',(-1.359631073447E-32,-1.110223024625E-16,-1.));
#10765 = ORIENTED_EDGE('',*,*,#8955,.T.);
#10766 = ORIENTED_EDGE('',*,*,#10729,.T.);
#10767 = PLANE('',#10768);
#10768 = AXIS2_PLACEMENT_3D('',#10769,#10770,#10771);
#10769 = CARTESIAN_POINT('',(3.,-3.95,0.95));
#10770 = DIRECTION('',(-1.224646799147E-16,-1.,1.110223024625E-16));
#10771 = DIRECTION('',(-1.,1.224646799147E-16,1.219283680787E-48));
#10772 = ADVANCED_FACE('',(#10773),#10784,.F.);
#10773 = FACE_BOUND('',#10774,.F.);
#10774 = EDGE_LOOP('',(#10775,#10781,#10782,#10783));
#10775 = ORIENTED_EDGE('',*,*,#10776,.T.);
#10776 = EDGE_CURVE('',#9423,#10753,#10777,.T.);
#10777 = LINE('',#10778,#10779);
#10778 = CARTESIAN_POINT('',(2.8,-2.05,1.1));
#10779 = VECTOR('',#10780,1.);
#10780 = DIRECTION('',(-1.224646799147E-16,-1.,1.110223024625E-16));
#10781 = ORIENTED_EDGE('',*,*,#10760,.T.);
#10782 = ORIENTED_EDGE('',*,*,#8947,.F.);
#10783 = ORIENTED_EDGE('',*,*,#9422,.F.);
#10784 = PLANE('',#10785);
#10785 = AXIS2_PLACEMENT_3D('',#10786,#10787,#10788);
#10786 = CARTESIAN_POINT('',(2.8,-2.05,1.1));
#10787 = DIRECTION('',(1.,-1.224646799147E-16,0.));
#10788 = DIRECTION('',(-1.359631073446E-32,-1.110223024625E-16,-1.));
#10789 = ADVANCED_FACE('',(#10790),#10808,.F.);
#10790 = FACE_BOUND('',#10791,.F.);
#10791 = EDGE_LOOP('',(#10792,#10793,#10801,#10807));
#10792 = ORIENTED_EDGE('',*,*,#8931,.T.);
#10793 = ORIENTED_EDGE('',*,*,#10794,.T.);
#10794 = EDGE_CURVE('',#8924,#10795,#10797,.T.);
#10795 = VERTEX_POINT('',#10796);
#10796 = CARTESIAN_POINT('',(1.2,-3.95,1.1));
#10797 = LINE('',#10798,#10799);
#10798 = CARTESIAN_POINT('',(1.2,-3.95,0.8));
#10799 = VECTOR('',#10800,1.);
#10800 = DIRECTION('',(1.359631073447E-32,1.110223024625E-16,1.));
#10801 = ORIENTED_EDGE('',*,*,#10802,.F.);
#10802 = EDGE_CURVE('',#9408,#10795,#10803,.T.);
#10803 = LINE('',#10804,#10805);
#10804 = CARTESIAN_POINT('',(1.2,-2.05,1.1));
#10805 = VECTOR('',#10806,1.);
#10806 = DIRECTION('',(-1.224646799147E-16,-1.,1.110223024625E-16));
#10807 = ORIENTED_EDGE('',*,*,#9415,.F.);
#10808 = PLANE('',#10809);
#10809 = AXIS2_PLACEMENT_3D('',#10810,#10811,#10812);
#10810 = CARTESIAN_POINT('',(1.2,-2.05,0.8));
#10811 = DIRECTION('',(-1.,1.224646799147E-16,0.));
#10812 = DIRECTION('',(1.359631073446E-32,1.110223024625E-16,1.));
#10813 = ADVANCED_FACE('',(#10814),#10832,.T.);
#10814 = FACE_BOUND('',#10815,.T.);
#10815 = EDGE_LOOP('',(#10816,#10824,#10830,#10831));
#10816 = ORIENTED_EDGE('',*,*,#10817,.T.);
#10817 = EDGE_CURVE('',#10795,#10818,#10820,.T.);
#10818 = VERTEX_POINT('',#10819);
#10819 = CARTESIAN_POINT('',(0.8,-3.95,1.1));
#10820 = LINE('',#10821,#10822);
#10821 = CARTESIAN_POINT('',(1.2,-3.95,1.1));
#10822 = VECTOR('',#10823,1.);
#10823 = DIRECTION('',(-1.,1.224646799147E-16,0.));
#10824 = ORIENTED_EDGE('',*,*,#10825,.T.);
#10825 = EDGE_CURVE('',#10818,#8916,#10826,.T.);
#10826 = LINE('',#10827,#10828);
#10827 = CARTESIAN_POINT('',(0.8,-3.95,1.1));
#10828 = VECTOR('',#10829,1.);
#10829 = DIRECTION('',(-1.359631073447E-32,-1.110223024625E-16,-1.));
#10830 = ORIENTED_EDGE('',*,*,#8923,.T.);
#10831 = ORIENTED_EDGE('',*,*,#10794,.T.);
#10832 = PLANE('',#10833);
#10833 = AXIS2_PLACEMENT_3D('',#10834,#10835,#10836);
#10834 = CARTESIAN_POINT('',(1.,-3.95,0.95));
#10835 = DIRECTION('',(-1.224646799147E-16,-1.,1.110223024625E-16));
#10836 = DIRECTION('',(-1.,1.224646799147E-16,1.219283680787E-48));
#10837 = ADVANCED_FACE('',(#10838),#10849,.F.);
#10838 = FACE_BOUND('',#10839,.F.);
#10839 = EDGE_LOOP('',(#10840,#10846,#10847,#10848));
#10840 = ORIENTED_EDGE('',*,*,#10841,.T.);
#10841 = EDGE_CURVE('',#9400,#10818,#10842,.T.);
#10842 = LINE('',#10843,#10844);
#10843 = CARTESIAN_POINT('',(0.8,-2.05,1.1));
#10844 = VECTOR('',#10845,1.);
#10845 = DIRECTION('',(-1.224646799147E-16,-1.,1.110223024625E-16));
#10846 = ORIENTED_EDGE('',*,*,#10825,.T.);
#10847 = ORIENTED_EDGE('',*,*,#8915,.F.);
#10848 = ORIENTED_EDGE('',*,*,#9399,.F.);
#10849 = PLANE('',#10850);
#10850 = AXIS2_PLACEMENT_3D('',#10851,#10852,#10853);
#10851 = CARTESIAN_POINT('',(0.8,-2.05,1.1));
#10852 = DIRECTION('',(1.,-1.224646799147E-16,0.));
#10853 = DIRECTION('',(-1.359631073446E-32,-1.110223024625E-16,-1.));
#10854 = ADVANCED_FACE('',(#10855),#10866,.T.);
#10855 = FACE_BOUND('',#10856,.T.);
#10856 = EDGE_LOOP('',(#10857,#10858,#10859,#10860));
#10857 = ORIENTED_EDGE('',*,*,#9093,.T.);
#10858 = ORIENTED_EDGE('',*,*,#10373,.T.);
#10859 = ORIENTED_EDGE('',*,*,#9174,.T.);
#10860 = ORIENTED_EDGE('',*,*,#10861,.F.);
#10861 = EDGE_CURVE('',#9085,#9166,#10862,.T.);
#10862 = LINE('',#10863,#10864);
#10863 = CARTESIAN_POINT('',(9.95,-4.65,3.3));
#10864 = VECTOR('',#10865,1.);
#10865 = DIRECTION('',(-1.,1.224646799147E-16,0.));
#10866 = PLANE('',#10867);
#10867 = AXIS2_PLACEMENT_3D('',#10868,#10869,#10870);
#10868 = CARTESIAN_POINT('',(9.95,-6.25,3.3));
#10869 = DIRECTION('',(-1.359631073447E-32,-1.110223024625E-16,-1.));
#10870 = DIRECTION('',(1.224646799147E-16,1.,-1.110223024625E-16));
#10871 = ADVANCED_FACE('',(#10872),#10878,.F.);
#10872 = FACE_BOUND('',#10873,.F.);
#10873 = EDGE_LOOP('',(#10874,#10875,#10876,#10877));
#10874 = ORIENTED_EDGE('',*,*,#9108,.T.);
#10875 = ORIENTED_EDGE('',*,*,#9165,.T.);
#10876 = ORIENTED_EDGE('',*,*,#10861,.F.);
#10877 = ORIENTED_EDGE('',*,*,#9084,.F.);
#10878 = CYLINDRICAL_SURFACE('',#10879,0.4);
#10879 = AXIS2_PLACEMENT_3D('',#10880,#10881,#10882);
#10880 = CARTESIAN_POINT('',(9.95,-4.65,2.9));
#10881 = DIRECTION('',(1.,-1.224646799147E-16,0.));
#10882 = DIRECTION('',(1.359631073446E-32,1.110223024625E-16,1.));
#10883 = ADVANCED_FACE('',(#10884),#10895,.F.);
#10884 = FACE_BOUND('',#10885,.F.);
#10885 = EDGE_LOOP('',(#10886,#10887,#10888,#10894));
#10886 = ORIENTED_EDGE('',*,*,#10468,.T.);
#10887 = ORIENTED_EDGE('',*,*,#9141,.T.);
#10888 = ORIENTED_EDGE('',*,*,#10889,.F.);
#10889 = EDGE_CURVE('',#9237,#9142,#10890,.T.);
#10890 = LINE('',#10891,#10892);
#10891 = CARTESIAN_POINT('',(-0.95,1.35,3.2));
#10892 = VECTOR('',#10893,1.);
#10893 = DIRECTION('',(-1.,1.224646799147E-16,0.));
#10894 = ORIENTED_EDGE('',*,*,#9236,.F.);
#10895 = PLANE('',#10896);
#10896 = AXIS2_PLACEMENT_3D('',#10897,#10898,#10899);
#10897 = CARTESIAN_POINT('',(-0.95,-0.25,4.1));
#10898 = DIRECTION('',(-6.003968578616E-17,-0.490261239633,
    -0.871575537124));
#10899 = DIRECTION('',(1.067372191754E-16,0.871575537124,-0.490261239633
    ));
#10900 = ADVANCED_FACE('',(#10901),#10907,.F.);
#10901 = FACE_BOUND('',#10902,.F.);
#10902 = EDGE_LOOP('',(#10903,#10904,#10905,#10906));
#10903 = ORIENTED_EDGE('',*,*,#10889,.T.);
#10904 = ORIENTED_EDGE('',*,*,#9149,.T.);
#10905 = ORIENTED_EDGE('',*,*,#9204,.F.);
#10906 = ORIENTED_EDGE('',*,*,#9244,.F.);
#10907 = PLANE('',#10908);
#10908 = AXIS2_PLACEMENT_3D('',#10909,#10910,#10911);
#10909 = CARTESIAN_POINT('',(-0.95,1.35,3.2));
#10910 = DIRECTION('',(-1.224646799147E-16,-1.,0.));
#10911 = DIRECTION('',(-0.,0.,-1.));
#10912 = ADVANCED_FACE('',(#10913),#10931,.F.);
#10913 = FACE_BOUND('',#10914,.F.);
#10914 = EDGE_LOOP('',(#10915,#10916,#10922,#10923,#10929,#10930));
#10915 = ORIENTED_EDGE('',*,*,#10461,.F.);
#10916 = ORIENTED_EDGE('',*,*,#10917,.F.);
#10917 = EDGE_CURVE('',#10273,#10454,#10918,.T.);
#10918 = LINE('',#10919,#10920);
#10919 = CARTESIAN_POINT('',(-1.4,-4.45,4.8));
#10920 = VECTOR('',#10921,1.);
#10921 = DIRECTION('',(1.224646799147E-16,1.,-1.110223024625E-16));
#10922 = ORIENTED_EDGE('',*,*,#10280,.F.);
#10923 = ORIENTED_EDGE('',*,*,#10924,.T.);
#10924 = EDGE_CURVE('',#10281,#10359,#10925,.T.);
#10925 = LINE('',#10926,#10927);
#10926 = CARTESIAN_POINT('',(-0.95,-4.45,4.8));
#10927 = VECTOR('',#10928,1.);
#10928 = DIRECTION('',(-1.224646799147E-16,-1.,1.110223024625E-16));
#10929 = ORIENTED_EDGE('',*,*,#10366,.T.);
#10930 = ORIENTED_EDGE('',*,*,#9190,.F.);
#10931 = PLANE('',#10932);
#10932 = AXIS2_PLACEMENT_3D('',#10933,#10934,#10935);
#10933 = CARTESIAN_POINT('',(9.95,-0.25,4.8));
#10934 = DIRECTION('',(-1.359631073447E-32,-1.110223024625E-16,-1.));
#10935 = DIRECTION('',(-1.,1.224646799147E-16,6.927121900793E-45));
#10936 = ADVANCED_FACE('',(#10937),#10949,.T.);
#10937 = FACE_BOUND('',#10938,.T.);
#10938 = EDGE_LOOP('',(#10939,#10940,#10941,#10942,#10948));
#10939 = ORIENTED_EDGE('',*,*,#10917,.F.);
#10940 = ORIENTED_EDGE('',*,*,#10272,.T.);
#10941 = ORIENTED_EDGE('',*,*,#9319,.T.);
#10942 = ORIENTED_EDGE('',*,*,#10943,.T.);
#10943 = EDGE_CURVE('',#9320,#10446,#10944,.T.);
#10944 = LINE('',#10945,#10946);
#10945 = CARTESIAN_POINT('',(-1.4,-4.45,4.2));
#10946 = VECTOR('',#10947,1.);
#10947 = DIRECTION('',(1.224646799147E-16,1.,-1.110223024625E-16));
#10948 = ORIENTED_EDGE('',*,*,#10453,.F.);
#10949 = PLANE('',#10950);
#10950 = AXIS2_PLACEMENT_3D('',#10951,#10952,#10953);
#10951 = CARTESIAN_POINT('',(-1.4,-4.45,4.8));
#10952 = DIRECTION('',(1.,-1.224646799147E-16,0.));
#10953 = DIRECTION('',(1.224646799147E-16,1.,-1.110223024625E-16));
#10954 = ADVANCED_FACE('',(#10955),#10961,.F.);
#10955 = FACE_BOUND('',#10956,.F.);
#10956 = EDGE_LOOP('',(#10957,#10958,#10959,#10960));
#10957 = ORIENTED_EDGE('',*,*,#10607,.T.);
#10958 = ORIENTED_EDGE('',*,*,#10622,.T.);
#10959 = ORIENTED_EDGE('',*,*,#10646,.F.);
#10960 = ORIENTED_EDGE('',*,*,#9476,.F.);
#10961 = PLANE('',#10962);
#10962 = AXIS2_PLACEMENT_3D('',#10963,#10964,#10965);
#10963 = CARTESIAN_POINT('',(7.2,-2.05,1.1));
#10964 = DIRECTION('',(-1.359631073447E-32,-1.110223024625E-16,-1.));
#10965 = DIRECTION('',(-1.,1.224646799147E-16,6.927121900793E-45));
#10966 = ADVANCED_FACE('',(#10967),#10973,.F.);
#10967 = FACE_BOUND('',#10968,.F.);
#10968 = EDGE_LOOP('',(#10969,#10970,#10971,#10972));
#10969 = ORIENTED_EDGE('',*,*,#10672,.T.);
#10970 = ORIENTED_EDGE('',*,*,#10687,.T.);
#10971 = ORIENTED_EDGE('',*,*,#10711,.F.);
#10972 = ORIENTED_EDGE('',*,*,#9453,.F.);
#10973 = PLANE('',#10974);
#10974 = AXIS2_PLACEMENT_3D('',#10975,#10976,#10977);
#10975 = CARTESIAN_POINT('',(5.2,-2.05,1.1));
#10976 = DIRECTION('',(-1.359631073447E-32,-1.110223024625E-16,-1.));
#10977 = DIRECTION('',(-1.,1.224646799147E-16,6.927121900793E-45));
#10978 = ADVANCED_FACE('',(#10979),#10987,.F.);
#10979 = FACE_BOUND('',#10980,.F.);
#10980 = EDGE_LOOP('',(#10981,#10982,#10983,#10984,#10985,#10986));
#10981 = ORIENTED_EDGE('',*,*,#9390,.T.);
#10982 = ORIENTED_EDGE('',*,*,#10943,.T.);
#10983 = ORIENTED_EDGE('',*,*,#10445,.T.);
#10984 = ORIENTED_EDGE('',*,*,#10483,.F.);
#10985 = ORIENTED_EDGE('',*,*,#10216,.T.);
#10986 = ORIENTED_EDGE('',*,*,#10248,.T.);
#10987 = PLANE('',#10988);
#10988 = AXIS2_PLACEMENT_3D('',#10989,#10990,#10991);
#10989 = CARTESIAN_POINT('',(-0.9,-2.35,4.2));
#10990 = DIRECTION('',(-1.596532946872E-30,-1.110223024625E-16,-1.));
#10991 = DIRECTION('',(-1.,1.224646799147E-16,1.582936636138E-30));
#10992 = ADVANCED_FACE('',(#10993),#10999,.F.);
#10993 = FACE_BOUND('',#10994,.F.);
#10994 = EDGE_LOOP('',(#10995,#10996,#10997,#10998));
#10995 = ORIENTED_EDGE('',*,*,#10737,.T.);
#10996 = ORIENTED_EDGE('',*,*,#10752,.T.);
#10997 = ORIENTED_EDGE('',*,*,#10776,.F.);
#10998 = ORIENTED_EDGE('',*,*,#9430,.F.);
#10999 = PLANE('',#11000);
#11000 = AXIS2_PLACEMENT_3D('',#11001,#11002,#11003);
#11001 = CARTESIAN_POINT('',(3.2,-2.05,1.1));
#11002 = DIRECTION('',(-1.359631073447E-32,-1.110223024625E-16,-1.));
#11003 = DIRECTION('',(-1.,1.224646799147E-16,6.927121900793E-45));
#11004 = ADVANCED_FACE('',(#11005),#11011,.F.);
#11005 = FACE_BOUND('',#11006,.F.);
#11006 = EDGE_LOOP('',(#11007,#11008,#11009,#11010));
#11007 = ORIENTED_EDGE('',*,*,#10802,.T.);
#11008 = ORIENTED_EDGE('',*,*,#10817,.T.);
#11009 = ORIENTED_EDGE('',*,*,#10841,.F.);
#11010 = ORIENTED_EDGE('',*,*,#9407,.F.);
#11011 = PLANE('',#11012);
#11012 = AXIS2_PLACEMENT_3D('',#11013,#11014,#11015);
#11013 = CARTESIAN_POINT('',(1.2,-2.05,1.1));
#11014 = DIRECTION('',(-1.359631073447E-32,-1.110223024625E-16,-1.));
#11015 = DIRECTION('',(-1.,1.224646799147E-16,6.927121900793E-45));
#11016 = ADVANCED_FACE('',(#11017),#11042,.F.);
#11017 = FACE_BOUND('',#11018,.F.);
#11018 = EDGE_LOOP('',(#11019,#11029,#11035,#11036));
#11019 = ORIENTED_EDGE('',*,*,#11020,.T.);
#11020 = EDGE_CURVE('',#11021,#11023,#11025,.T.);
#11021 = VERTEX_POINT('',#11022);
#11022 = CARTESIAN_POINT('',(4.25,-5.55,2.85));
#11023 = VERTEX_POINT('',#11024);
#11024 = CARTESIAN_POINT('',(4.25,-5.55,3.35));
#11025 = LINE('',#11026,#11027);
#11026 = CARTESIAN_POINT('',(4.25,-5.55,2.85));
#11027 = VECTOR('',#11028,1.);
#11028 = DIRECTION('',(0.,0.,1.));
#11029 = ORIENTED_EDGE('',*,*,#11030,.T.);
#11030 = EDGE_CURVE('',#11023,#9485,#11031,.T.);
#11031 = LINE('',#11032,#11033);
#11032 = CARTESIAN_POINT('',(4.25,-5.75,3.35));
#11033 = VECTOR('',#11034,1.);
#11034 = DIRECTION('',(1.224646799147E-16,1.,0.));
#11035 = ORIENTED_EDGE('',*,*,#9484,.T.);
#11036 = ORIENTED_EDGE('',*,*,#11037,.T.);
#11037 = EDGE_CURVE('',#9487,#11021,#11038,.T.);
#11038 = LINE('',#11039,#11040);
#11039 = CARTESIAN_POINT('',(4.25,-0.25,2.85));
#11040 = VECTOR('',#11041,1.);
#11041 = DIRECTION('',(-1.224646799147E-16,-1.,0.));
#11042 = PLANE('',#11043);
#11043 = AXIS2_PLACEMENT_3D('',#11044,#11045,#11046);
#11044 = CARTESIAN_POINT('',(4.25,-1.401960784314,1.323039215686));
#11045 = DIRECTION('',(-1.,1.224646799147E-16,0.));
#11046 = DIRECTION('',(0.,0.,1.));
#11047 = ADVANCED_FACE('',(#11048),#11066,.F.);
#11048 = FACE_BOUND('',#11049,.F.);
#11049 = EDGE_LOOP('',(#11050,#11051,#11059,#11065));
#11050 = ORIENTED_EDGE('',*,*,#11030,.F.);
#11051 = ORIENTED_EDGE('',*,*,#11052,.T.);
#11052 = EDGE_CURVE('',#11023,#11053,#11055,.T.);
#11053 = VERTEX_POINT('',#11054);
#11054 = CARTESIAN_POINT('',(3.75,-5.55,3.35));
#11055 = LINE('',#11056,#11057);
#11056 = CARTESIAN_POINT('',(4.25,-5.55,3.35));
#11057 = VECTOR('',#11058,1.);
#11058 = DIRECTION('',(-1.,1.224646799147E-16,0.));
#11059 = ORIENTED_EDGE('',*,*,#11060,.T.);
#11060 = EDGE_CURVE('',#11053,#9503,#11061,.T.);
#11061 = LINE('',#11062,#11063);
#11062 = CARTESIAN_POINT('',(3.75,-5.75,3.35));
#11063 = VECTOR('',#11064,1.);
#11064 = DIRECTION('',(1.224646799147E-16,1.,0.));
#11065 = ORIENTED_EDGE('',*,*,#9510,.T.);
#11066 = PLANE('',#11067);
#11067 = AXIS2_PLACEMENT_3D('',#11068,#11069,#11070);
#11068 = CARTESIAN_POINT('',(4.25,-5.75,3.35));
#11069 = DIRECTION('',(-0.,0.,-1.));
#11070 = DIRECTION('',(1.224646799147E-16,1.,0.));
#11071 = ADVANCED_FACE('',(#11072),#11090,.T.);
#11072 = FACE_BOUND('',#11073,.T.);
#11073 = EDGE_LOOP('',(#11074,#11082,#11083,#11084));
#11074 = ORIENTED_EDGE('',*,*,#11075,.T.);
#11075 = EDGE_CURVE('',#11076,#11053,#11078,.T.);
#11076 = VERTEX_POINT('',#11077);
#11077 = CARTESIAN_POINT('',(3.75,-5.55,2.85));
#11078 = LINE('',#11079,#11080);
#11079 = CARTESIAN_POINT('',(3.75,-5.55,2.85));
#11080 = VECTOR('',#11081,1.);
#11081 = DIRECTION('',(0.,0.,1.));
#11082 = ORIENTED_EDGE('',*,*,#11060,.T.);
#11083 = ORIENTED_EDGE('',*,*,#9502,.T.);
#11084 = ORIENTED_EDGE('',*,*,#11085,.T.);
#11085 = EDGE_CURVE('',#9495,#11076,#11086,.T.);
#11086 = LINE('',#11087,#11088);
#11087 = CARTESIAN_POINT('',(3.75,-0.25,2.85));
#11088 = VECTOR('',#11089,1.);
#11089 = DIRECTION('',(-1.224646799147E-16,-1.,0.));
#11090 = PLANE('',#11091);
#11091 = AXIS2_PLACEMENT_3D('',#11092,#11093,#11094);
#11092 = CARTESIAN_POINT('',(3.75,-1.401960784314,1.323039215686));
#11093 = DIRECTION('',(-1.,1.224646799147E-16,0.));
#11094 = DIRECTION('',(0.,0.,1.));
#11095 = ADVANCED_FACE('',(#11096),#11107,.F.);
#11096 = FACE_BOUND('',#11097,.F.);
#11097 = EDGE_LOOP('',(#11098,#11099,#11100,#11101));
#11098 = ORIENTED_EDGE('',*,*,#11037,.F.);
#11099 = ORIENTED_EDGE('',*,*,#9494,.T.);
#11100 = ORIENTED_EDGE('',*,*,#11085,.T.);
#11101 = ORIENTED_EDGE('',*,*,#11102,.F.);
#11102 = EDGE_CURVE('',#11021,#11076,#11103,.T.);
#11103 = LINE('',#11104,#11105);
#11104 = CARTESIAN_POINT('',(4.25,-5.55,2.85));
#11105 = VECTOR('',#11106,1.);
#11106 = DIRECTION('',(-1.,1.224646799147E-16,0.));
#11107 = PLANE('',#11108);
#11108 = AXIS2_PLACEMENT_3D('',#11109,#11110,#11111);
#11109 = CARTESIAN_POINT('',(4.25,-0.25,2.85));
#11110 = DIRECTION('',(0.,0.,1.));
#11111 = DIRECTION('',(-1.224646799147E-16,-1.,0.));
#11112 = ADVANCED_FACE('',(#11113),#11138,.T.);
#11113 = FACE_BOUND('',#11114,.T.);
#11114 = EDGE_LOOP('',(#11115,#11125,#11131,#11132));
#11115 = ORIENTED_EDGE('',*,*,#11116,.T.);
#11116 = EDGE_CURVE('',#11117,#11119,#11121,.T.);
#11117 = VERTEX_POINT('',#11118);
#11118 = CARTESIAN_POINT('',(5.75,-5.55,2.85));
#11119 = VERTEX_POINT('',#11120);
#11120 = CARTESIAN_POINT('',(5.75,-5.55,3.35));
#11121 = LINE('',#11122,#11123);
#11122 = CARTESIAN_POINT('',(5.75,-5.55,2.85));
#11123 = VECTOR('',#11124,1.);
#11124 = DIRECTION('',(0.,0.,1.));
#11125 = ORIENTED_EDGE('',*,*,#11126,.T.);
#11126 = EDGE_CURVE('',#11119,#9519,#11127,.T.);
#11127 = LINE('',#11128,#11129);
#11128 = CARTESIAN_POINT('',(5.75,-5.75,3.35));
#11129 = VECTOR('',#11130,1.);
#11130 = DIRECTION('',(1.224646799147E-16,1.,0.));
#11131 = ORIENTED_EDGE('',*,*,#9518,.T.);
#11132 = ORIENTED_EDGE('',*,*,#11133,.T.);
#11133 = EDGE_CURVE('',#9521,#11117,#11134,.T.);
#11134 = LINE('',#11135,#11136);
#11135 = CARTESIAN_POINT('',(5.75,-0.25,2.85));
#11136 = VECTOR('',#11137,1.);
#11137 = DIRECTION('',(-1.224646799147E-16,-1.,0.));
#11138 = PLANE('',#11139);
#11139 = AXIS2_PLACEMENT_3D('',#11140,#11141,#11142);
#11140 = CARTESIAN_POINT('',(5.75,-1.401960784314,1.323039215686));
#11141 = DIRECTION('',(-1.,1.224646799147E-16,0.));
#11142 = DIRECTION('',(0.,0.,1.));
#11143 = ADVANCED_FACE('',(#11144),#11162,.F.);
#11144 = FACE_BOUND('',#11145,.F.);
#11145 = EDGE_LOOP('',(#11146,#11154,#11155,#11156));
#11146 = ORIENTED_EDGE('',*,*,#11147,.F.);
#11147 = EDGE_CURVE('',#9537,#11148,#11150,.T.);
#11148 = VERTEX_POINT('',#11149);
#11149 = CARTESIAN_POINT('',(6.25,-5.55,2.85));
#11150 = LINE('',#11151,#11152);
#11151 = CARTESIAN_POINT('',(6.25,-0.25,2.85));
#11152 = VECTOR('',#11153,1.);
#11153 = DIRECTION('',(-1.224646799147E-16,-1.,0.));
#11154 = ORIENTED_EDGE('',*,*,#9544,.T.);
#11155 = ORIENTED_EDGE('',*,*,#11133,.T.);
#11156 = ORIENTED_EDGE('',*,*,#11157,.F.);
#11157 = EDGE_CURVE('',#11148,#11117,#11158,.T.);
#11158 = LINE('',#11159,#11160);
#11159 = CARTESIAN_POINT('',(6.25,-5.55,2.85));
#11160 = VECTOR('',#11161,1.);
#11161 = DIRECTION('',(-1.,1.224646799147E-16,0.));
#11162 = PLANE('',#11163);
#11163 = AXIS2_PLACEMENT_3D('',#11164,#11165,#11166);
#11164 = CARTESIAN_POINT('',(6.25,-0.25,2.85));
#11165 = DIRECTION('',(0.,0.,1.));
#11166 = DIRECTION('',(-1.224646799147E-16,-1.,0.));
#11167 = ADVANCED_FACE('',(#11168),#11186,.F.);
#11168 = FACE_BOUND('',#11169,.F.);
#11169 = EDGE_LOOP('',(#11170,#11178,#11184,#11185));
#11170 = ORIENTED_EDGE('',*,*,#11171,.T.);
#11171 = EDGE_CURVE('',#11148,#11172,#11174,.T.);
#11172 = VERTEX_POINT('',#11173);
#11173 = CARTESIAN_POINT('',(6.25,-5.55,3.35));
#11174 = LINE('',#11175,#11176);
#11175 = CARTESIAN_POINT('',(6.25,-5.55,2.85));
#11176 = VECTOR('',#11177,1.);
#11177 = DIRECTION('',(0.,0.,1.));
#11178 = ORIENTED_EDGE('',*,*,#11179,.T.);
#11179 = EDGE_CURVE('',#11172,#9529,#11180,.T.);
#11180 = LINE('',#11181,#11182);
#11181 = CARTESIAN_POINT('',(6.25,-5.75,3.35));
#11182 = VECTOR('',#11183,1.);
#11183 = DIRECTION('',(1.224646799147E-16,1.,0.));
#11184 = ORIENTED_EDGE('',*,*,#9536,.T.);
#11185 = ORIENTED_EDGE('',*,*,#11147,.T.);
#11186 = PLANE('',#11187);
#11187 = AXIS2_PLACEMENT_3D('',#11188,#11189,#11190);
#11188 = CARTESIAN_POINT('',(6.25,-1.401960784314,1.323039215686));
#11189 = DIRECTION('',(-1.,1.224646799147E-16,0.));
#11190 = DIRECTION('',(0.,0.,1.));
#11191 = ADVANCED_FACE('',(#11192),#11203,.F.);
#11192 = FACE_BOUND('',#11193,.F.);
#11193 = EDGE_LOOP('',(#11194,#11195,#11201,#11202));
#11194 = ORIENTED_EDGE('',*,*,#11179,.F.);
#11195 = ORIENTED_EDGE('',*,*,#11196,.T.);
#11196 = EDGE_CURVE('',#11172,#11119,#11197,.T.);
#11197 = LINE('',#11198,#11199);
#11198 = CARTESIAN_POINT('',(6.25,-5.55,3.35));
#11199 = VECTOR('',#11200,1.);
#11200 = DIRECTION('',(-1.,1.224646799147E-16,0.));
#11201 = ORIENTED_EDGE('',*,*,#11126,.T.);
#11202 = ORIENTED_EDGE('',*,*,#9528,.T.);
#11203 = PLANE('',#11204);
#11204 = AXIS2_PLACEMENT_3D('',#11205,#11206,#11207);
#11205 = CARTESIAN_POINT('',(6.25,-5.75,3.35));
#11206 = DIRECTION('',(-0.,0.,-1.));
#11207 = DIRECTION('',(1.224646799147E-16,1.,0.));
#11208 = ADVANCED_FACE('',(#11209),#11234,.F.);
#11209 = FACE_BOUND('',#11210,.F.);
#11210 = EDGE_LOOP('',(#11211,#11219,#11227,#11233));
#11211 = ORIENTED_EDGE('',*,*,#11212,.F.);
#11212 = EDGE_CURVE('',#11213,#9555,#11215,.T.);
#11213 = VERTEX_POINT('',#11214);
#11214 = CARTESIAN_POINT('',(0.25,-5.55,3.35));
#11215 = LINE('',#11216,#11217);
#11216 = CARTESIAN_POINT('',(0.25,-5.75,3.35));
#11217 = VECTOR('',#11218,1.);
#11218 = DIRECTION('',(1.224646799147E-16,1.,0.));
#11219 = ORIENTED_EDGE('',*,*,#11220,.T.);
#11220 = EDGE_CURVE('',#11213,#11221,#11223,.T.);
#11221 = VERTEX_POINT('',#11222);
#11222 = CARTESIAN_POINT('',(-0.25,-5.55,3.35));
#11223 = LINE('',#11224,#11225);
#11224 = CARTESIAN_POINT('',(0.25,-5.55,3.35));
#11225 = VECTOR('',#11226,1.);
#11226 = DIRECTION('',(-1.,1.224646799147E-16,0.));
#11227 = ORIENTED_EDGE('',*,*,#11228,.T.);
#11228 = EDGE_CURVE('',#11221,#9553,#11229,.T.);
#11229 = LINE('',#11230,#11231);
#11230 = CARTESIAN_POINT('',(-0.25,-5.75,3.35));
#11231 = VECTOR('',#11232,1.);
#11232 = DIRECTION('',(1.224646799147E-16,1.,0.));
#11233 = ORIENTED_EDGE('',*,*,#9552,.T.);
#11234 = PLANE('',#11235);
#11235 = AXIS2_PLACEMENT_3D('',#11236,#11237,#11238);
#11236 = CARTESIAN_POINT('',(0.25,-5.75,3.35));
#11237 = DIRECTION('',(-0.,0.,-1.));
#11238 = DIRECTION('',(1.224646799147E-16,1.,0.));
#11239 = ADVANCED_FACE('',(#11240),#11258,.T.);
#11240 = FACE_BOUND('',#11241,.T.);
#11241 = EDGE_LOOP('',(#11242,#11250,#11251,#11252));
#11242 = ORIENTED_EDGE('',*,*,#11243,.T.);
#11243 = EDGE_CURVE('',#11244,#11221,#11246,.T.);
#11244 = VERTEX_POINT('',#11245);
#11245 = CARTESIAN_POINT('',(-0.25,-5.55,2.85));
#11246 = LINE('',#11247,#11248);
#11247 = CARTESIAN_POINT('',(-0.25,-5.55,2.85));
#11248 = VECTOR('',#11249,1.);
#11249 = DIRECTION('',(0.,0.,1.));
#11250 = ORIENTED_EDGE('',*,*,#11228,.T.);
#11251 = ORIENTED_EDGE('',*,*,#9578,.T.);
#11252 = ORIENTED_EDGE('',*,*,#11253,.T.);
#11253 = EDGE_CURVE('',#9571,#11244,#11254,.T.);
#11254 = LINE('',#11255,#11256);
#11255 = CARTESIAN_POINT('',(-0.25,-0.25,2.85));
#11256 = VECTOR('',#11257,1.);
#11257 = DIRECTION('',(-1.224646799147E-16,-1.,0.));
#11258 = PLANE('',#11259);
#11259 = AXIS2_PLACEMENT_3D('',#11260,#11261,#11262);
#11260 = CARTESIAN_POINT('',(-0.25,-1.421959173294,1.302213422577));
#11261 = DIRECTION('',(-1.,1.224646799147E-16,0.));
#11262 = DIRECTION('',(0.,0.,1.));
#11263 = ADVANCED_FACE('',(#11264),#11282,.F.);
#11264 = FACE_BOUND('',#11265,.F.);
#11265 = EDGE_LOOP('',(#11266,#11274,#11275,#11276));
#11266 = ORIENTED_EDGE('',*,*,#11267,.F.);
#11267 = EDGE_CURVE('',#9563,#11268,#11270,.T.);
#11268 = VERTEX_POINT('',#11269);
#11269 = CARTESIAN_POINT('',(0.25,-5.55,2.85));
#11270 = LINE('',#11271,#11272);
#11271 = CARTESIAN_POINT('',(0.25,-0.25,2.85));
#11272 = VECTOR('',#11273,1.);
#11273 = DIRECTION('',(-1.224646799147E-16,-1.,0.));
#11274 = ORIENTED_EDGE('',*,*,#9570,.T.);
#11275 = ORIENTED_EDGE('',*,*,#11253,.T.);
#11276 = ORIENTED_EDGE('',*,*,#11277,.F.);
#11277 = EDGE_CURVE('',#11268,#11244,#11278,.T.);
#11278 = LINE('',#11279,#11280);
#11279 = CARTESIAN_POINT('',(0.25,-5.55,2.85));
#11280 = VECTOR('',#11281,1.);
#11281 = DIRECTION('',(-1.,1.224646799147E-16,0.));
#11282 = PLANE('',#11283);
#11283 = AXIS2_PLACEMENT_3D('',#11284,#11285,#11286);
#11284 = CARTESIAN_POINT('',(0.25,-0.25,2.85));
#11285 = DIRECTION('',(0.,0.,1.));
#11286 = DIRECTION('',(-1.224646799147E-16,-1.,0.));
#11287 = ADVANCED_FACE('',(#11288),#11299,.F.);
#11288 = FACE_BOUND('',#11289,.F.);
#11289 = EDGE_LOOP('',(#11290,#11296,#11297,#11298));
#11290 = ORIENTED_EDGE('',*,*,#11291,.T.);
#11291 = EDGE_CURVE('',#11268,#11213,#11292,.T.);
#11292 = LINE('',#11293,#11294);
#11293 = CARTESIAN_POINT('',(0.25,-5.55,2.85));
#11294 = VECTOR('',#11295,1.);
#11295 = DIRECTION('',(0.,0.,1.));
#11296 = ORIENTED_EDGE('',*,*,#11212,.T.);
#11297 = ORIENTED_EDGE('',*,*,#9562,.T.);
#11298 = ORIENTED_EDGE('',*,*,#11267,.T.);
#11299 = PLANE('',#11300);
#11300 = AXIS2_PLACEMENT_3D('',#11301,#11302,#11303);
#11301 = CARTESIAN_POINT('',(0.25,-1.421959173294,1.302213422577));
#11302 = DIRECTION('',(-1.,1.224646799147E-16,0.));
#11303 = DIRECTION('',(0.,0.,1.));
#11304 = ADVANCED_FACE('',(#11305),#11330,.T.);
#11305 = FACE_BOUND('',#11306,.T.);
#11306 = EDGE_LOOP('',(#11307,#11317,#11323,#11324));
#11307 = ORIENTED_EDGE('',*,*,#11308,.T.);
#11308 = EDGE_CURVE('',#11309,#11311,#11313,.T.);
#11309 = VERTEX_POINT('',#11310);
#11310 = CARTESIAN_POINT('',(1.75,-5.55,2.85));
#11311 = VERTEX_POINT('',#11312);
#11312 = CARTESIAN_POINT('',(1.75,-5.55,3.35));
#11313 = LINE('',#11314,#11315);
#11314 = CARTESIAN_POINT('',(1.75,-5.55,2.85));
#11315 = VECTOR('',#11316,1.);
#11316 = DIRECTION('',(0.,0.,1.));
#11317 = ORIENTED_EDGE('',*,*,#11318,.T.);
#11318 = EDGE_CURVE('',#11311,#9587,#11319,.T.);
#11319 = LINE('',#11320,#11321);
#11320 = CARTESIAN_POINT('',(1.75,-5.75,3.35));
#11321 = VECTOR('',#11322,1.);
#11322 = DIRECTION('',(1.224646799147E-16,1.,0.));
#11323 = ORIENTED_EDGE('',*,*,#9586,.T.);
#11324 = ORIENTED_EDGE('',*,*,#11325,.T.);
#11325 = EDGE_CURVE('',#9589,#11309,#11326,.T.);
#11326 = LINE('',#11327,#11328);
#11327 = CARTESIAN_POINT('',(1.75,-0.25,2.85));
#11328 = VECTOR('',#11329,1.);
#11329 = DIRECTION('',(-1.224646799147E-16,-1.,0.));
#11330 = PLANE('',#11331);
#11331 = AXIS2_PLACEMENT_3D('',#11332,#11333,#11334);
#11332 = CARTESIAN_POINT('',(1.75,-1.401960784314,1.323039215686));
#11333 = DIRECTION('',(-1.,1.224646799147E-16,0.));
#11334 = DIRECTION('',(0.,0.,1.));
#11335 = ADVANCED_FACE('',(#11336),#11354,.F.);
#11336 = FACE_BOUND('',#11337,.F.);
#11337 = EDGE_LOOP('',(#11338,#11346,#11347,#11348));
#11338 = ORIENTED_EDGE('',*,*,#11339,.F.);
#11339 = EDGE_CURVE('',#9605,#11340,#11342,.T.);
#11340 = VERTEX_POINT('',#11341);
#11341 = CARTESIAN_POINT('',(2.25,-5.55,2.85));
#11342 = LINE('',#11343,#11344);
#11343 = CARTESIAN_POINT('',(2.25,-0.25,2.85));
#11344 = VECTOR('',#11345,1.);
#11345 = DIRECTION('',(-1.224646799147E-16,-1.,0.));
#11346 = ORIENTED_EDGE('',*,*,#9612,.T.);
#11347 = ORIENTED_EDGE('',*,*,#11325,.T.);
#11348 = ORIENTED_EDGE('',*,*,#11349,.F.);
#11349 = EDGE_CURVE('',#11340,#11309,#11350,.T.);
#11350 = LINE('',#11351,#11352);
#11351 = CARTESIAN_POINT('',(2.25,-5.55,2.85));
#11352 = VECTOR('',#11353,1.);
#11353 = DIRECTION('',(-1.,1.224646799147E-16,0.));
#11354 = PLANE('',#11355);
#11355 = AXIS2_PLACEMENT_3D('',#11356,#11357,#11358);
#11356 = CARTESIAN_POINT('',(2.25,-0.25,2.85));
#11357 = DIRECTION('',(0.,0.,1.));
#11358 = DIRECTION('',(-1.224646799147E-16,-1.,0.));
#11359 = ADVANCED_FACE('',(#11360),#11378,.F.);
#11360 = FACE_BOUND('',#11361,.F.);
#11361 = EDGE_LOOP('',(#11362,#11370,#11376,#11377));
#11362 = ORIENTED_EDGE('',*,*,#11363,.T.);
#11363 = EDGE_CURVE('',#11340,#11364,#11366,.T.);
#11364 = VERTEX_POINT('',#11365);
#11365 = CARTESIAN_POINT('',(2.25,-5.55,3.35));
#11366 = LINE('',#11367,#11368);
#11367 = CARTESIAN_POINT('',(2.25,-5.55,2.85));
#11368 = VECTOR('',#11369,1.);
#11369 = DIRECTION('',(0.,0.,1.));
#11370 = ORIENTED_EDGE('',*,*,#11371,.T.);
#11371 = EDGE_CURVE('',#11364,#9597,#11372,.T.);
#11372 = LINE('',#11373,#11374);
#11373 = CARTESIAN_POINT('',(2.25,-5.75,3.35));
#11374 = VECTOR('',#11375,1.);
#11375 = DIRECTION('',(1.224646799147E-16,1.,0.));
#11376 = ORIENTED_EDGE('',*,*,#9604,.T.);
#11377 = ORIENTED_EDGE('',*,*,#11339,.T.);
#11378 = PLANE('',#11379);
#11379 = AXIS2_PLACEMENT_3D('',#11380,#11381,#11382);
#11380 = CARTESIAN_POINT('',(2.25,-1.401960784314,1.323039215686));
#11381 = DIRECTION('',(-1.,1.224646799147E-16,0.));
#11382 = DIRECTION('',(0.,0.,1.));
#11383 = ADVANCED_FACE('',(#11384),#11395,.F.);
#11384 = FACE_BOUND('',#11385,.F.);
#11385 = EDGE_LOOP('',(#11386,#11387,#11393,#11394));
#11386 = ORIENTED_EDGE('',*,*,#11371,.F.);
#11387 = ORIENTED_EDGE('',*,*,#11388,.T.);
#11388 = EDGE_CURVE('',#11364,#11311,#11389,.T.);
#11389 = LINE('',#11390,#11391);
#11390 = CARTESIAN_POINT('',(2.25,-5.55,3.35));
#11391 = VECTOR('',#11392,1.);
#11392 = DIRECTION('',(-1.,1.224646799147E-16,0.));
#11393 = ORIENTED_EDGE('',*,*,#11318,.T.);
#11394 = ORIENTED_EDGE('',*,*,#9596,.T.);
#11395 = PLANE('',#11396);
#11396 = AXIS2_PLACEMENT_3D('',#11397,#11398,#11399);
#11397 = CARTESIAN_POINT('',(2.25,-5.75,3.35));
#11398 = DIRECTION('',(-0.,0.,-1.));
#11399 = DIRECTION('',(1.224646799147E-16,1.,0.));
#11400 = ADVANCED_FACE('',(#11401),#11426,.F.);
#11401 = FACE_BOUND('',#11402,.F.);
#11402 = EDGE_LOOP('',(#11403,#11411,#11419,#11425));
#11403 = ORIENTED_EDGE('',*,*,#11404,.F.);
#11404 = EDGE_CURVE('',#11405,#9623,#11407,.T.);
#11405 = VERTEX_POINT('',#11406);
#11406 = CARTESIAN_POINT('',(8.25,-5.55,3.35));
#11407 = LINE('',#11408,#11409);
#11408 = CARTESIAN_POINT('',(8.25,-5.75,3.35));
#11409 = VECTOR('',#11410,1.);
#11410 = DIRECTION('',(1.224646799147E-16,1.,0.));
#11411 = ORIENTED_EDGE('',*,*,#11412,.T.);
#11412 = EDGE_CURVE('',#11405,#11413,#11415,.T.);
#11413 = VERTEX_POINT('',#11414);
#11414 = CARTESIAN_POINT('',(7.75,-5.55,3.35));
#11415 = LINE('',#11416,#11417);
#11416 = CARTESIAN_POINT('',(8.25,-5.55,3.35));
#11417 = VECTOR('',#11418,1.);
#11418 = DIRECTION('',(-1.,1.224646799147E-16,0.));
#11419 = ORIENTED_EDGE('',*,*,#11420,.T.);
#11420 = EDGE_CURVE('',#11413,#9621,#11421,.T.);
#11421 = LINE('',#11422,#11423);
#11422 = CARTESIAN_POINT('',(7.75,-5.75,3.35));
#11423 = VECTOR('',#11424,1.);
#11424 = DIRECTION('',(1.224646799147E-16,1.,0.));
#11425 = ORIENTED_EDGE('',*,*,#9620,.T.);
#11426 = PLANE('',#11427);
#11427 = AXIS2_PLACEMENT_3D('',#11428,#11429,#11430);
#11428 = CARTESIAN_POINT('',(8.25,-5.75,3.35));
#11429 = DIRECTION('',(-0.,0.,-1.));
#11430 = DIRECTION('',(1.224646799147E-16,1.,0.));
#11431 = ADVANCED_FACE('',(#11432),#11450,.T.);
#11432 = FACE_BOUND('',#11433,.T.);
#11433 = EDGE_LOOP('',(#11434,#11442,#11443,#11444));
#11434 = ORIENTED_EDGE('',*,*,#11435,.T.);
#11435 = EDGE_CURVE('',#11436,#11413,#11438,.T.);
#11436 = VERTEX_POINT('',#11437);
#11437 = CARTESIAN_POINT('',(7.75,-5.55,2.85));
#11438 = LINE('',#11439,#11440);
#11439 = CARTESIAN_POINT('',(7.75,-5.55,2.85));
#11440 = VECTOR('',#11441,1.);
#11441 = DIRECTION('',(0.,0.,1.));
#11442 = ORIENTED_EDGE('',*,*,#11420,.T.);
#11443 = ORIENTED_EDGE('',*,*,#9646,.T.);
#11444 = ORIENTED_EDGE('',*,*,#11445,.T.);
#11445 = EDGE_CURVE('',#9639,#11436,#11446,.T.);
#11446 = LINE('',#11447,#11448);
#11447 = CARTESIAN_POINT('',(7.75,-0.25,2.85));
#11448 = VECTOR('',#11449,1.);
#11449 = DIRECTION('',(-1.224646799147E-16,-1.,0.));
#11450 = PLANE('',#11451);
#11451 = AXIS2_PLACEMENT_3D('',#11452,#11453,#11454);
#11452 = CARTESIAN_POINT('',(7.75,-1.421959173294,1.302213422577));
#11453 = DIRECTION('',(-1.,1.224646799147E-16,0.));
#11454 = DIRECTION('',(0.,0.,1.));
#11455 = ADVANCED_FACE('',(#11456),#11474,.F.);
#11456 = FACE_BOUND('',#11457,.F.);
#11457 = EDGE_LOOP('',(#11458,#11466,#11467,#11468));
#11458 = ORIENTED_EDGE('',*,*,#11459,.F.);
#11459 = EDGE_CURVE('',#9631,#11460,#11462,.T.);
#11460 = VERTEX_POINT('',#11461);
#11461 = CARTESIAN_POINT('',(8.25,-5.55,2.85));
#11462 = LINE('',#11463,#11464);
#11463 = CARTESIAN_POINT('',(8.25,-0.25,2.85));
#11464 = VECTOR('',#11465,1.);
#11465 = DIRECTION('',(-1.224646799147E-16,-1.,0.));
#11466 = ORIENTED_EDGE('',*,*,#9638,.T.);
#11467 = ORIENTED_EDGE('',*,*,#11445,.T.);
#11468 = ORIENTED_EDGE('',*,*,#11469,.F.);
#11469 = EDGE_CURVE('',#11460,#11436,#11470,.T.);
#11470 = LINE('',#11471,#11472);
#11471 = CARTESIAN_POINT('',(8.25,-5.55,2.85));
#11472 = VECTOR('',#11473,1.);
#11473 = DIRECTION('',(-1.,1.224646799147E-16,0.));
#11474 = PLANE('',#11475);
#11475 = AXIS2_PLACEMENT_3D('',#11476,#11477,#11478);
#11476 = CARTESIAN_POINT('',(8.25,-0.25,2.85));
#11477 = DIRECTION('',(0.,0.,1.));
#11478 = DIRECTION('',(-1.224646799147E-16,-1.,0.));
#11479 = ADVANCED_FACE('',(#11480),#11491,.F.);
#11480 = FACE_BOUND('',#11481,.F.);
#11481 = EDGE_LOOP('',(#11482,#11488,#11489,#11490));
#11482 = ORIENTED_EDGE('',*,*,#11483,.T.);
#11483 = EDGE_CURVE('',#11460,#11405,#11484,.T.);
#11484 = LINE('',#11485,#11486);
#11485 = CARTESIAN_POINT('',(8.25,-5.55,2.85));
#11486 = VECTOR('',#11487,1.);
#11487 = DIRECTION('',(0.,0.,1.));
#11488 = ORIENTED_EDGE('',*,*,#11404,.T.);
#11489 = ORIENTED_EDGE('',*,*,#9630,.T.);
#11490 = ORIENTED_EDGE('',*,*,#11459,.T.);
#11491 = PLANE('',#11492);
#11492 = AXIS2_PLACEMENT_3D('',#11493,#11494,#11495);
#11493 = CARTESIAN_POINT('',(8.25,-1.421959173294,1.302213422577));
#11494 = DIRECTION('',(-1.,1.224646799147E-16,0.));
#11495 = DIRECTION('',(0.,0.,1.));
#11496 = ADVANCED_FACE('',(#11497,#11503),#11537,.F.);
#11497 = FACE_BOUND('',#11498,.F.);
#11498 = EDGE_LOOP('',(#11499,#11500,#11501,#11502));
#11499 = ORIENTED_EDGE('',*,*,#9794,.T.);
#11500 = ORIENTED_EDGE('',*,*,#9812,.T.);
#11501 = ORIENTED_EDGE('',*,*,#10581,.F.);
#11502 = ORIENTED_EDGE('',*,*,#9677,.F.);
#11503 = FACE_BOUND('',#11504,.F.);
#11504 = EDGE_LOOP('',(#11505,#11515,#11523,#11531));
#11505 = ORIENTED_EDGE('',*,*,#11506,.T.);
#11506 = EDGE_CURVE('',#11507,#11509,#11511,.T.);
#11507 = VERTEX_POINT('',#11508);
#11508 = CARTESIAN_POINT('',(7.75,-0.35,3.35));
#11509 = VERTEX_POINT('',#11510);
#11510 = CARTESIAN_POINT('',(8.25,-0.35,3.35));
#11511 = LINE('',#11512,#11513);
#11512 = CARTESIAN_POINT('',(8.5,-0.35,3.35));
#11513 = VECTOR('',#11514,1.);
#11514 = DIRECTION('',(1.,-1.224646799147E-16,0.));
#11515 = ORIENTED_EDGE('',*,*,#11516,.T.);
#11516 = EDGE_CURVE('',#11509,#11517,#11519,.T.);
#11517 = VERTEX_POINT('',#11518);
#11518 = CARTESIAN_POINT('',(8.25,-0.35,2.85));
#11519 = LINE('',#11520,#11521);
#11520 = CARTESIAN_POINT('',(8.25,-0.35,2.451106711288));
#11521 = VECTOR('',#11522,1.);
#11522 = DIRECTION('',(-1.359631073447E-32,-1.110223024625E-16,-1.));
#11523 = ORIENTED_EDGE('',*,*,#11524,.T.);
#11524 = EDGE_CURVE('',#11517,#11525,#11527,.T.);
#11525 = VERTEX_POINT('',#11526);
#11526 = CARTESIAN_POINT('',(7.75,-0.35,2.85));
#11527 = LINE('',#11528,#11529);
#11528 = CARTESIAN_POINT('',(8.5,-0.35,2.85));
#11529 = VECTOR('',#11530,1.);
#11530 = DIRECTION('',(-1.,1.224646799147E-16,0.));
#11531 = ORIENTED_EDGE('',*,*,#11532,.F.);
#11532 = EDGE_CURVE('',#11507,#11525,#11533,.T.);
#11533 = LINE('',#11534,#11535);
#11534 = CARTESIAN_POINT('',(7.75,-0.35,2.451106711288));
#11535 = VECTOR('',#11536,1.);
#11536 = DIRECTION('',(-1.359631073447E-32,-1.110223024625E-16,-1.));
#11537 = PLANE('',#11538);
#11538 = AXIS2_PLACEMENT_3D('',#11539,#11540,#11541);
#11539 = CARTESIAN_POINT('',(8.75,-0.35,3.6));
#11540 = DIRECTION('',(-1.224646799147E-16,-1.,1.110223024625E-16));
#11541 = DIRECTION('',(-1.359631073447E-32,-1.110223024625E-16,-1.));
#11542 = ADVANCED_FACE('',(#11543,#11549),#11583,.F.);
#11543 = FACE_BOUND('',#11544,.F.);
#11544 = EDGE_LOOP('',(#11545,#11546,#11547,#11548));
#11545 = ORIENTED_EDGE('',*,*,#9900,.T.);
#11546 = ORIENTED_EDGE('',*,*,#9917,.T.);
#11547 = ORIENTED_EDGE('',*,*,#10564,.F.);
#11548 = ORIENTED_EDGE('',*,*,#9867,.F.);
#11549 = FACE_BOUND('',#11550,.F.);
#11550 = EDGE_LOOP('',(#11551,#11561,#11569,#11577));
#11551 = ORIENTED_EDGE('',*,*,#11552,.F.);
#11552 = EDGE_CURVE('',#11553,#11555,#11557,.T.);
#11553 = VERTEX_POINT('',#11554);
#11554 = CARTESIAN_POINT('',(5.75,-0.35,3.35));
#11555 = VERTEX_POINT('',#11556);
#11556 = CARTESIAN_POINT('',(5.75,-0.35,2.85));
#11557 = LINE('',#11558,#11559);
#11558 = CARTESIAN_POINT('',(5.75,-0.35,2.461519607843));
#11559 = VECTOR('',#11560,1.);
#11560 = DIRECTION('',(-1.359631073447E-32,-1.110223024625E-16,-1.));
#11561 = ORIENTED_EDGE('',*,*,#11562,.T.);
#11562 = EDGE_CURVE('',#11553,#11563,#11565,.T.);
#11563 = VERTEX_POINT('',#11564);
#11564 = CARTESIAN_POINT('',(6.25,-0.35,3.35));
#11565 = LINE('',#11566,#11567);
#11566 = CARTESIAN_POINT('',(6.5,-0.35,3.35));
#11567 = VECTOR('',#11568,1.);
#11568 = DIRECTION('',(1.,-1.224646799147E-16,0.));
#11569 = ORIENTED_EDGE('',*,*,#11570,.T.);
#11570 = EDGE_CURVE('',#11563,#11571,#11573,.T.);
#11571 = VERTEX_POINT('',#11572);
#11572 = CARTESIAN_POINT('',(6.25,-0.35,2.85));
#11573 = LINE('',#11574,#11575);
#11574 = CARTESIAN_POINT('',(6.25,-0.35,2.461519607843));
#11575 = VECTOR('',#11576,1.);
#11576 = DIRECTION('',(-1.359631073447E-32,-1.110223024625E-16,-1.));
#11577 = ORIENTED_EDGE('',*,*,#11578,.T.);
#11578 = EDGE_CURVE('',#11571,#11555,#11579,.T.);
#11579 = LINE('',#11580,#11581);
#11580 = CARTESIAN_POINT('',(6.5,-0.35,2.85));
#11581 = VECTOR('',#11582,1.);
#11582 = DIRECTION('',(-1.,1.224646799147E-16,0.));
#11583 = PLANE('',#11584);
#11584 = AXIS2_PLACEMENT_3D('',#11585,#11586,#11587);
#11585 = CARTESIAN_POINT('',(6.75,-0.35,3.6));
#11586 = DIRECTION('',(-1.224646799147E-16,-1.,1.110223024625E-16));
#11587 = DIRECTION('',(-1.359631073447E-32,-1.110223024625E-16,-1.));
#11588 = ADVANCED_FACE('',(#11589,#11595),#11629,.F.);
#11589 = FACE_BOUND('',#11590,.F.);
#11590 = EDGE_LOOP('',(#11591,#11592,#11593,#11594));
#11591 = ORIENTED_EDGE('',*,*,#10005,.T.);
#11592 = ORIENTED_EDGE('',*,*,#10022,.T.);
#11593 = ORIENTED_EDGE('',*,*,#10547,.F.);
#11594 = ORIENTED_EDGE('',*,*,#9972,.F.);
#11595 = FACE_BOUND('',#11596,.F.);
#11596 = EDGE_LOOP('',(#11597,#11607,#11615,#11623));
#11597 = ORIENTED_EDGE('',*,*,#11598,.T.);
#11598 = EDGE_CURVE('',#11599,#11601,#11603,.T.);
#11599 = VERTEX_POINT('',#11600);
#11600 = CARTESIAN_POINT('',(4.25,-0.35,3.35));
#11601 = VERTEX_POINT('',#11602);
#11602 = CARTESIAN_POINT('',(4.25,-0.35,2.85));
#11603 = LINE('',#11604,#11605);
#11604 = CARTESIAN_POINT('',(4.25,-0.35,2.461519607843));
#11605 = VECTOR('',#11606,1.);
#11606 = DIRECTION('',(-1.359631073447E-32,-1.110223024625E-16,-1.));
#11607 = ORIENTED_EDGE('',*,*,#11608,.T.);
#11608 = EDGE_CURVE('',#11601,#11609,#11611,.T.);
#11609 = VERTEX_POINT('',#11610);
#11610 = CARTESIAN_POINT('',(3.75,-0.35,2.85));
#11611 = LINE('',#11612,#11613);
#11612 = CARTESIAN_POINT('',(4.5,-0.35,2.85));
#11613 = VECTOR('',#11614,1.);
#11614 = DIRECTION('',(-1.,1.224646799147E-16,0.));
#11615 = ORIENTED_EDGE('',*,*,#11616,.F.);
#11616 = EDGE_CURVE('',#11617,#11609,#11619,.T.);
#11617 = VERTEX_POINT('',#11618);
#11618 = CARTESIAN_POINT('',(3.75,-0.35,3.35));
#11619 = LINE('',#11620,#11621);
#11620 = CARTESIAN_POINT('',(3.75,-0.35,2.461519607843));
#11621 = VECTOR('',#11622,1.);
#11622 = DIRECTION('',(-1.359631073447E-32,-1.110223024625E-16,-1.));
#11623 = ORIENTED_EDGE('',*,*,#11624,.T.);
#11624 = EDGE_CURVE('',#11617,#11599,#11625,.T.);
#11625 = LINE('',#11626,#11627);
#11626 = CARTESIAN_POINT('',(4.5,-0.35,3.35));
#11627 = VECTOR('',#11628,1.);
#11628 = DIRECTION('',(1.,-1.224646799147E-16,0.));
#11629 = PLANE('',#11630);
#11630 = AXIS2_PLACEMENT_3D('',#11631,#11632,#11633);
#11631 = CARTESIAN_POINT('',(4.75,-0.35,3.6));
#11632 = DIRECTION('',(-1.224646799147E-16,-1.,1.110223024625E-16));
#11633 = DIRECTION('',(-1.359631073447E-32,-1.110223024625E-16,-1.));
#11634 = ADVANCED_FACE('',(#11635,#11641),#11675,.F.);
#11635 = FACE_BOUND('',#11636,.F.);
#11636 = EDGE_LOOP('',(#11637,#11638,#11639,#11640));
#11637 = ORIENTED_EDGE('',*,*,#10110,.T.);
#11638 = ORIENTED_EDGE('',*,*,#10127,.T.);
#11639 = ORIENTED_EDGE('',*,*,#10530,.F.);
#11640 = ORIENTED_EDGE('',*,*,#10077,.F.);
#11641 = FACE_BOUND('',#11642,.F.);
#11642 = EDGE_LOOP('',(#11643,#11653,#11661,#11669));
#11643 = ORIENTED_EDGE('',*,*,#11644,.F.);
#11644 = EDGE_CURVE('',#11645,#11647,#11649,.T.);
#11645 = VERTEX_POINT('',#11646);
#11646 = CARTESIAN_POINT('',(1.75,-0.35,3.35));
#11647 = VERTEX_POINT('',#11648);
#11648 = CARTESIAN_POINT('',(1.75,-0.35,2.85));
#11649 = LINE('',#11650,#11651);
#11650 = CARTESIAN_POINT('',(1.75,-0.35,2.461519607843));
#11651 = VECTOR('',#11652,1.);
#11652 = DIRECTION('',(-1.359631073447E-32,-1.110223024625E-16,-1.));
#11653 = ORIENTED_EDGE('',*,*,#11654,.T.);
#11654 = EDGE_CURVE('',#11645,#11655,#11657,.T.);
#11655 = VERTEX_POINT('',#11656);
#11656 = CARTESIAN_POINT('',(2.25,-0.35,3.35));
#11657 = LINE('',#11658,#11659);
#11658 = CARTESIAN_POINT('',(2.5,-0.35,3.35));
#11659 = VECTOR('',#11660,1.);
#11660 = DIRECTION('',(1.,-1.224646799147E-16,0.));
#11661 = ORIENTED_EDGE('',*,*,#11662,.T.);
#11662 = EDGE_CURVE('',#11655,#11663,#11665,.T.);
#11663 = VERTEX_POINT('',#11664);
#11664 = CARTESIAN_POINT('',(2.25,-0.35,2.85));
#11665 = LINE('',#11666,#11667);
#11666 = CARTESIAN_POINT('',(2.25,-0.35,2.461519607843));
#11667 = VECTOR('',#11668,1.);
#11668 = DIRECTION('',(-1.359631073447E-32,-1.110223024625E-16,-1.));
#11669 = ORIENTED_EDGE('',*,*,#11670,.T.);
#11670 = EDGE_CURVE('',#11663,#11647,#11671,.T.);
#11671 = LINE('',#11672,#11673);
#11672 = CARTESIAN_POINT('',(2.5,-0.35,2.85));
#11673 = VECTOR('',#11674,1.);
#11674 = DIRECTION('',(-1.,1.224646799147E-16,0.));
#11675 = PLANE('',#11676);
#11676 = AXIS2_PLACEMENT_3D('',#11677,#11678,#11679);
#11677 = CARTESIAN_POINT('',(2.75,-0.35,3.6));
#11678 = DIRECTION('',(-1.224646799147E-16,-1.,1.110223024625E-16));
#11679 = DIRECTION('',(-1.359631073447E-32,-1.110223024625E-16,-1.));
#11680 = ADVANCED_FACE('',(#11681,#11687),#11721,.F.);
#11681 = FACE_BOUND('',#11682,.F.);
#11682 = EDGE_LOOP('',(#11683,#11684,#11685,#11686));
#11683 = ORIENTED_EDGE('',*,*,#10232,.T.);
#11684 = ORIENTED_EDGE('',*,*,#10490,.T.);
#11685 = ORIENTED_EDGE('',*,*,#10513,.F.);
#11686 = ORIENTED_EDGE('',*,*,#10182,.F.);
#11687 = FACE_BOUND('',#11688,.F.);
#11688 = EDGE_LOOP('',(#11689,#11699,#11707,#11715));
#11689 = ORIENTED_EDGE('',*,*,#11690,.T.);
#11690 = EDGE_CURVE('',#11691,#11693,#11695,.T.);
#11691 = VERTEX_POINT('',#11692);
#11692 = CARTESIAN_POINT('',(-0.25,-0.35,3.35));
#11693 = VERTEX_POINT('',#11694);
#11694 = CARTESIAN_POINT('',(0.25,-0.35,3.35));
#11695 = LINE('',#11696,#11697);
#11696 = CARTESIAN_POINT('',(0.5,-0.35,3.35));
#11697 = VECTOR('',#11698,1.);
#11698 = DIRECTION('',(1.,-1.224646799147E-16,0.));
#11699 = ORIENTED_EDGE('',*,*,#11700,.T.);
#11700 = EDGE_CURVE('',#11693,#11701,#11703,.T.);
#11701 = VERTEX_POINT('',#11702);
#11702 = CARTESIAN_POINT('',(0.25,-0.35,2.85));
#11703 = LINE('',#11704,#11705);
#11704 = CARTESIAN_POINT('',(0.25,-0.35,2.451106711288));
#11705 = VECTOR('',#11706,1.);
#11706 = DIRECTION('',(-1.359631073447E-32,-1.110223024625E-16,-1.));
#11707 = ORIENTED_EDGE('',*,*,#11708,.T.);
#11708 = EDGE_CURVE('',#11701,#11709,#11711,.T.);
#11709 = VERTEX_POINT('',#11710);
#11710 = CARTESIAN_POINT('',(-0.25,-0.35,2.85));
#11711 = LINE('',#11712,#11713);
#11712 = CARTESIAN_POINT('',(0.5,-0.35,2.85));
#11713 = VECTOR('',#11714,1.);
#11714 = DIRECTION('',(-1.,1.224646799147E-16,0.));
#11715 = ORIENTED_EDGE('',*,*,#11716,.F.);
#11716 = EDGE_CURVE('',#11691,#11709,#11717,.T.);
#11717 = LINE('',#11718,#11719);
#11718 = CARTESIAN_POINT('',(-0.25,-0.35,2.451106711288));
#11719 = VECTOR('',#11720,1.);
#11720 = DIRECTION('',(-1.359631073447E-32,-1.110223024625E-16,-1.));
#11721 = PLANE('',#11722);
#11722 = AXIS2_PLACEMENT_3D('',#11723,#11724,#11725);
#11723 = CARTESIAN_POINT('',(0.75,-0.35,3.6));
#11724 = DIRECTION('',(-1.224646799147E-16,-1.,1.110223024625E-16));
#11725 = DIRECTION('',(-1.359631073447E-32,-1.110223024625E-16,-1.));
#11726 = ADVANCED_FACE('',(#11727),#11738,.F.);
#11727 = FACE_BOUND('',#11728,.F.);
#11728 = EDGE_LOOP('',(#11729,#11735,#11736,#11737));
#11729 = ORIENTED_EDGE('',*,*,#11730,.T.);
#11730 = EDGE_CURVE('',#10289,#10351,#11731,.T.);
#11731 = LINE('',#11732,#11733);
#11732 = CARTESIAN_POINT('',(-0.95,-4.45,4.85));
#11733 = VECTOR('',#11734,1.);
#11734 = DIRECTION('',(-1.224646799147E-16,-1.,1.110223024625E-16));
#11735 = ORIENTED_EDGE('',*,*,#10358,.T.);
#11736 = ORIENTED_EDGE('',*,*,#10924,.F.);
#11737 = ORIENTED_EDGE('',*,*,#10288,.F.);
#11738 = PLANE('',#11739);
#11739 = AXIS2_PLACEMENT_3D('',#11740,#11741,#11742);
#11740 = CARTESIAN_POINT('',(-0.95,-4.45,4.85));
#11741 = DIRECTION('',(1.,-1.224646799147E-16,0.));
#11742 = DIRECTION('',(-1.359631073446E-32,-1.110223024625E-16,-1.));
#11743 = ADVANCED_FACE('',(#11744),#11750,.F.);
#11744 = FACE_BOUND('',#11745,.F.);
#11745 = EDGE_LOOP('',(#11746,#11747,#11748,#11749));
#11746 = ORIENTED_EDGE('',*,*,#10327,.T.);
#11747 = ORIENTED_EDGE('',*,*,#10350,.T.);
#11748 = ORIENTED_EDGE('',*,*,#11730,.F.);
#11749 = ORIENTED_EDGE('',*,*,#10296,.F.);
#11750 = PLANE('',#11751);
#11751 = AXIS2_PLACEMENT_3D('',#11752,#11753,#11754);
#11752 = CARTESIAN_POINT('',(-0.45,-4.45,4.85));
#11753 = DIRECTION('',(-1.359631073447E-32,-1.110223024625E-16,-1.));
#11754 = DIRECTION('',(-1.,1.224646799147E-16,6.927121900793E-45));
#11755 = ADVANCED_FACE('',(#11756),#11781,.T.);
#11756 = FACE_BOUND('',#11757,.T.);
#11757 = EDGE_LOOP('',(#11758,#11766,#11767,#11775));
#11758 = ORIENTED_EDGE('',*,*,#11759,.F.);
#11759 = EDGE_CURVE('',#11021,#11760,#11762,.T.);
#11760 = VERTEX_POINT('',#11761);
#11761 = CARTESIAN_POINT('',(4.05,-5.75,3.05));
#11762 = LINE('',#11763,#11764);
#11763 = CARTESIAN_POINT('',(4.183333333333,-5.616666666667,
    2.916666666667));
#11764 = VECTOR('',#11765,1.);
#11765 = DIRECTION('',(-0.57735026919,-0.57735026919,0.57735026919));
#11766 = ORIENTED_EDGE('',*,*,#11020,.T.);
#11767 = ORIENTED_EDGE('',*,*,#11768,.T.);
#11768 = EDGE_CURVE('',#11023,#11769,#11771,.T.);
#11769 = VERTEX_POINT('',#11770);
#11770 = CARTESIAN_POINT('',(4.05,-5.75,3.15));
#11771 = LINE('',#11772,#11773);
#11772 = CARTESIAN_POINT('',(4.1,-5.7,3.2));
#11773 = VECTOR('',#11774,1.);
#11774 = DIRECTION('',(-0.57735026919,-0.57735026919,-0.57735026919));
#11775 = ORIENTED_EDGE('',*,*,#11776,.F.);
#11776 = EDGE_CURVE('',#11760,#11769,#11777,.T.);
#11777 = LINE('',#11778,#11779);
#11778 = CARTESIAN_POINT('',(4.05,-5.75,2.85));
#11779 = VECTOR('',#11780,1.);
#11780 = DIRECTION('',(0.,0.,1.));
#11781 = PLANE('',#11782);
#11782 = AXIS2_PLACEMENT_3D('',#11783,#11784,#11785);
#11783 = CARTESIAN_POINT('',(4.15,-5.65,2.85));
#11784 = DIRECTION('',(0.707106781187,-0.707106781187,
    -1.735417226644E-18));
#11785 = DIRECTION('',(1.227125289148E-18,-1.227125289148E-18,1.));
#11786 = ADVANCED_FACE('',(#11787),#11805,.T.);
#11787 = FACE_BOUND('',#11788,.T.);
#11788 = EDGE_LOOP('',(#11789,#11790,#11791,#11799));
#11789 = ORIENTED_EDGE('',*,*,#11768,.F.);
#11790 = ORIENTED_EDGE('',*,*,#11052,.T.);
#11791 = ORIENTED_EDGE('',*,*,#11792,.T.);
#11792 = EDGE_CURVE('',#11053,#11793,#11795,.T.);
#11793 = VERTEX_POINT('',#11794);
#11794 = CARTESIAN_POINT('',(3.95,-5.75,3.15));
#11795 = LINE('',#11796,#11797);
#11796 = CARTESIAN_POINT('',(3.983333333333,-5.783333333333,
    3.116666666667));
#11797 = VECTOR('',#11798,1.);
#11798 = DIRECTION('',(0.57735026919,-0.57735026919,-0.57735026919));
#11799 = ORIENTED_EDGE('',*,*,#11800,.F.);
#11800 = EDGE_CURVE('',#11769,#11793,#11801,.T.);
#11801 = LINE('',#11802,#11803);
#11802 = CARTESIAN_POINT('',(4.25,-5.75,3.15));
#11803 = VECTOR('',#11804,1.);
#11804 = DIRECTION('',(-1.,1.224646799147E-16,0.));
#11805 = PLANE('',#11806);
#11806 = AXIS2_PLACEMENT_3D('',#11807,#11808,#11809);
#11807 = CARTESIAN_POINT('',(4.25,-5.65,3.25));
#11808 = DIRECTION('',(-8.659560562349E-17,-0.707106781187,
    0.707106781187));
#11809 = DIRECTION('',(-1.,1.224646799147E-16,2.105273685727E-29));
#11810 = ADVANCED_FACE('',(#11811),#11829,.F.);
#11811 = FACE_BOUND('',#11812,.F.);
#11812 = EDGE_LOOP('',(#11813,#11821,#11822,#11823));
#11813 = ORIENTED_EDGE('',*,*,#11814,.F.);
#11814 = EDGE_CURVE('',#11076,#11815,#11817,.T.);
#11815 = VERTEX_POINT('',#11816);
#11816 = CARTESIAN_POINT('',(3.95,-5.75,3.05));
#11817 = LINE('',#11818,#11819);
#11818 = CARTESIAN_POINT('',(3.9,-5.7,3.));
#11819 = VECTOR('',#11820,1.);
#11820 = DIRECTION('',(0.57735026919,-0.57735026919,0.57735026919));
#11821 = ORIENTED_EDGE('',*,*,#11075,.T.);
#11822 = ORIENTED_EDGE('',*,*,#11792,.T.);
#11823 = ORIENTED_EDGE('',*,*,#11824,.F.);
#11824 = EDGE_CURVE('',#11815,#11793,#11825,.T.);
#11825 = LINE('',#11826,#11827);
#11826 = CARTESIAN_POINT('',(3.95,-5.75,2.85));
#11827 = VECTOR('',#11828,1.);
#11828 = DIRECTION('',(0.,0.,1.));
#11829 = PLANE('',#11830);
#11830 = AXIS2_PLACEMENT_3D('',#11831,#11832,#11833);
#11831 = CARTESIAN_POINT('',(3.85,-5.65,2.85));
#11832 = DIRECTION('',(0.707106781187,0.707106781187,1.735417226644E-18)
  );
#11833 = DIRECTION('',(-1.227125289148E-18,-1.227125289148E-18,1.));
#11834 = ADVANCED_FACE('',(#11835),#11846,.T.);
#11835 = FACE_BOUND('',#11836,.F.);
#11836 = EDGE_LOOP('',(#11837,#11838,#11839,#11840));
#11837 = ORIENTED_EDGE('',*,*,#11759,.F.);
#11838 = ORIENTED_EDGE('',*,*,#11102,.T.);
#11839 = ORIENTED_EDGE('',*,*,#11814,.T.);
#11840 = ORIENTED_EDGE('',*,*,#11841,.F.);
#11841 = EDGE_CURVE('',#11760,#11815,#11842,.T.);
#11842 = LINE('',#11843,#11844);
#11843 = CARTESIAN_POINT('',(4.25,-5.75,3.05));
#11844 = VECTOR('',#11845,1.);
#11845 = DIRECTION('',(-1.,1.224646799147E-16,0.));
#11846 = PLANE('',#11847);
#11847 = AXIS2_PLACEMENT_3D('',#11848,#11849,#11850);
#11848 = CARTESIAN_POINT('',(4.25,-5.65,2.95));
#11849 = DIRECTION('',(-8.659560562349E-17,-0.707106781187,
    -0.707106781187));
#11850 = DIRECTION('',(1.,-1.224646799147E-16,2.105273685727E-29));
#11851 = ADVANCED_FACE('',(#11852),#11877,.F.);
#11852 = FACE_BOUND('',#11853,.F.);
#11853 = EDGE_LOOP('',(#11854,#11862,#11863,#11871));
#11854 = ORIENTED_EDGE('',*,*,#11855,.F.);
#11855 = EDGE_CURVE('',#11117,#11856,#11858,.T.);
#11856 = VERTEX_POINT('',#11857);
#11857 = CARTESIAN_POINT('',(5.95,-5.75,3.05));
#11858 = LINE('',#11859,#11860);
#11859 = CARTESIAN_POINT('',(5.9,-5.7,3.));
#11860 = VECTOR('',#11861,1.);
#11861 = DIRECTION('',(0.57735026919,-0.57735026919,0.57735026919));
#11862 = ORIENTED_EDGE('',*,*,#11116,.T.);
#11863 = ORIENTED_EDGE('',*,*,#11864,.T.);
#11864 = EDGE_CURVE('',#11119,#11865,#11867,.T.);
#11865 = VERTEX_POINT('',#11866);
#11866 = CARTESIAN_POINT('',(5.95,-5.75,3.15));
#11867 = LINE('',#11868,#11869);
#11868 = CARTESIAN_POINT('',(5.983333333333,-5.783333333333,
    3.116666666667));
#11869 = VECTOR('',#11870,1.);
#11870 = DIRECTION('',(0.57735026919,-0.57735026919,-0.57735026919));
#11871 = ORIENTED_EDGE('',*,*,#11872,.F.);
#11872 = EDGE_CURVE('',#11856,#11865,#11873,.T.);
#11873 = LINE('',#11874,#11875);
#11874 = CARTESIAN_POINT('',(5.95,-5.75,2.85));
#11875 = VECTOR('',#11876,1.);
#11876 = DIRECTION('',(0.,0.,1.));
#11877 = PLANE('',#11878);
#11878 = AXIS2_PLACEMENT_3D('',#11879,#11880,#11881);
#11879 = CARTESIAN_POINT('',(5.85,-5.65,2.85));
#11880 = DIRECTION('',(0.707106781187,0.707106781187,1.735417226644E-18)
  );
#11881 = DIRECTION('',(-1.227125289148E-18,-1.227125289148E-18,1.));
#11882 = ADVANCED_FACE('',(#11883),#11901,.T.);
#11883 = FACE_BOUND('',#11884,.F.);
#11884 = EDGE_LOOP('',(#11885,#11893,#11894,#11895));
#11885 = ORIENTED_EDGE('',*,*,#11886,.F.);
#11886 = EDGE_CURVE('',#11148,#11887,#11889,.T.);
#11887 = VERTEX_POINT('',#11888);
#11888 = CARTESIAN_POINT('',(6.05,-5.75,3.05));
#11889 = LINE('',#11890,#11891);
#11890 = CARTESIAN_POINT('',(6.183333333333,-5.616666666667,
    2.916666666667));
#11891 = VECTOR('',#11892,1.);
#11892 = DIRECTION('',(-0.57735026919,-0.57735026919,0.57735026919));
#11893 = ORIENTED_EDGE('',*,*,#11157,.T.);
#11894 = ORIENTED_EDGE('',*,*,#11855,.T.);
#11895 = ORIENTED_EDGE('',*,*,#11896,.F.);
#11896 = EDGE_CURVE('',#11887,#11856,#11897,.T.);
#11897 = LINE('',#11898,#11899);
#11898 = CARTESIAN_POINT('',(6.25,-5.75,3.05));
#11899 = VECTOR('',#11900,1.);
#11900 = DIRECTION('',(-1.,1.224646799147E-16,0.));
#11901 = PLANE('',#11902);
#11902 = AXIS2_PLACEMENT_3D('',#11903,#11904,#11905);
#11903 = CARTESIAN_POINT('',(6.25,-5.65,2.95));
#11904 = DIRECTION('',(-8.659560562349E-17,-0.707106781187,
    -0.707106781187));
#11905 = DIRECTION('',(1.,-1.224646799147E-16,2.105273685727E-29));
#11906 = ADVANCED_FACE('',(#11907),#11925,.T.);
#11907 = FACE_BOUND('',#11908,.T.);
#11908 = EDGE_LOOP('',(#11909,#11910,#11911,#11919));
#11909 = ORIENTED_EDGE('',*,*,#11886,.F.);
#11910 = ORIENTED_EDGE('',*,*,#11171,.T.);
#11911 = ORIENTED_EDGE('',*,*,#11912,.T.);
#11912 = EDGE_CURVE('',#11172,#11913,#11915,.T.);
#11913 = VERTEX_POINT('',#11914);
#11914 = CARTESIAN_POINT('',(6.05,-5.75,3.15));
#11915 = LINE('',#11916,#11917);
#11916 = CARTESIAN_POINT('',(6.1,-5.7,3.2));
#11917 = VECTOR('',#11918,1.);
#11918 = DIRECTION('',(-0.57735026919,-0.57735026919,-0.57735026919));
#11919 = ORIENTED_EDGE('',*,*,#11920,.F.);
#11920 = EDGE_CURVE('',#11887,#11913,#11921,.T.);
#11921 = LINE('',#11922,#11923);
#11922 = CARTESIAN_POINT('',(6.05,-5.75,2.85));
#11923 = VECTOR('',#11924,1.);
#11924 = DIRECTION('',(0.,0.,1.));
#11925 = PLANE('',#11926);
#11926 = AXIS2_PLACEMENT_3D('',#11927,#11928,#11929);
#11927 = CARTESIAN_POINT('',(6.15,-5.65,2.85));
#11928 = DIRECTION('',(0.707106781187,-0.707106781187,
    -1.735417226644E-18));
#11929 = DIRECTION('',(1.227125289148E-18,-1.227125289148E-18,1.));
#11930 = ADVANCED_FACE('',(#11931),#11942,.T.);
#11931 = FACE_BOUND('',#11932,.T.);
#11932 = EDGE_LOOP('',(#11933,#11934,#11935,#11936));
#11933 = ORIENTED_EDGE('',*,*,#11912,.F.);
#11934 = ORIENTED_EDGE('',*,*,#11196,.T.);
#11935 = ORIENTED_EDGE('',*,*,#11864,.T.);
#11936 = ORIENTED_EDGE('',*,*,#11937,.F.);
#11937 = EDGE_CURVE('',#11913,#11865,#11938,.T.);
#11938 = LINE('',#11939,#11940);
#11939 = CARTESIAN_POINT('',(6.25,-5.75,3.15));
#11940 = VECTOR('',#11941,1.);
#11941 = DIRECTION('',(-1.,1.224646799147E-16,0.));
#11942 = PLANE('',#11943);
#11943 = AXIS2_PLACEMENT_3D('',#11944,#11945,#11946);
#11944 = CARTESIAN_POINT('',(6.25,-5.65,3.25));
#11945 = DIRECTION('',(-8.659560562349E-17,-0.707106781187,
    0.707106781187));
#11946 = DIRECTION('',(-1.,1.224646799147E-16,2.105273685727E-29));
#11947 = ADVANCED_FACE('',(#11948),#11973,.T.);
#11948 = FACE_BOUND('',#11949,.F.);
#11949 = EDGE_LOOP('',(#11950,#11958,#11966,#11972));
#11950 = ORIENTED_EDGE('',*,*,#11951,.F.);
#11951 = EDGE_CURVE('',#11952,#11213,#11954,.T.);
#11952 = VERTEX_POINT('',#11953);
#11953 = CARTESIAN_POINT('',(5.E-02,-5.75,3.15));
#11954 = LINE('',#11955,#11956);
#11955 = CARTESIAN_POINT('',(0.1,-5.7,3.2));
#11956 = VECTOR('',#11957,1.);
#11957 = DIRECTION('',(0.57735026919,0.57735026919,0.57735026919));
#11958 = ORIENTED_EDGE('',*,*,#11959,.T.);
#11959 = EDGE_CURVE('',#11952,#11960,#11962,.T.);
#11960 = VERTEX_POINT('',#11961);
#11961 = CARTESIAN_POINT('',(-5.E-02,-5.75,3.15));
#11962 = LINE('',#11963,#11964);
#11963 = CARTESIAN_POINT('',(0.25,-5.75,3.15));
#11964 = VECTOR('',#11965,1.);
#11965 = DIRECTION('',(-1.,1.224646799147E-16,0.));
#11966 = ORIENTED_EDGE('',*,*,#11967,.T.);
#11967 = EDGE_CURVE('',#11960,#11221,#11968,.T.);
#11968 = LINE('',#11969,#11970);
#11969 = CARTESIAN_POINT('',(-1.666666666667E-02,-5.783333333333,
    3.116666666667));
#11970 = VECTOR('',#11971,1.);
#11971 = DIRECTION('',(-0.57735026919,0.57735026919,0.57735026919));
#11972 = ORIENTED_EDGE('',*,*,#11220,.F.);
#11973 = PLANE('',#11974);
#11974 = AXIS2_PLACEMENT_3D('',#11975,#11976,#11977);
#11975 = CARTESIAN_POINT('',(0.25,-5.65,3.25));
#11976 = DIRECTION('',(-8.659560562349E-17,-0.707106781187,
    0.707106781187));
#11977 = DIRECTION('',(1.,-1.224646799147E-16,-2.105273685727E-29));
#11978 = ADVANCED_FACE('',(#11979),#11997,.F.);
#11979 = FACE_BOUND('',#11980,.F.);
#11980 = EDGE_LOOP('',(#11981,#11989,#11990,#11991));
#11981 = ORIENTED_EDGE('',*,*,#11982,.F.);
#11982 = EDGE_CURVE('',#11244,#11983,#11985,.T.);
#11983 = VERTEX_POINT('',#11984);
#11984 = CARTESIAN_POINT('',(-5.E-02,-5.75,3.05));
#11985 = LINE('',#11986,#11987);
#11986 = CARTESIAN_POINT('',(-0.1,-5.7,3.));
#11987 = VECTOR('',#11988,1.);
#11988 = DIRECTION('',(0.57735026919,-0.57735026919,0.57735026919));
#11989 = ORIENTED_EDGE('',*,*,#11243,.T.);
#11990 = ORIENTED_EDGE('',*,*,#11967,.F.);
#11991 = ORIENTED_EDGE('',*,*,#11992,.F.);
#11992 = EDGE_CURVE('',#11983,#11960,#11993,.T.);
#11993 = LINE('',#11994,#11995);
#11994 = CARTESIAN_POINT('',(-5.E-02,-5.75,2.85));
#11995 = VECTOR('',#11996,1.);
#11996 = DIRECTION('',(0.,0.,1.));
#11997 = PLANE('',#11998);
#11998 = AXIS2_PLACEMENT_3D('',#11999,#12000,#12001);
#11999 = CARTESIAN_POINT('',(-0.15,-5.65,2.85));
#12000 = DIRECTION('',(0.707106781187,0.707106781187,1.735417226644E-18)
  );
#12001 = DIRECTION('',(-1.227125289148E-18,-1.227125289148E-18,1.));
#12002 = ADVANCED_FACE('',(#12003),#12021,.T.);
#12003 = FACE_BOUND('',#12004,.F.);
#12004 = EDGE_LOOP('',(#12005,#12013,#12014,#12015));
#12005 = ORIENTED_EDGE('',*,*,#12006,.F.);
#12006 = EDGE_CURVE('',#11268,#12007,#12009,.T.);
#12007 = VERTEX_POINT('',#12008);
#12008 = CARTESIAN_POINT('',(5.E-02,-5.75,3.05));
#12009 = LINE('',#12010,#12011);
#12010 = CARTESIAN_POINT('',(0.183333333333,-5.616666666667,
    2.916666666667));
#12011 = VECTOR('',#12012,1.);
#12012 = DIRECTION('',(-0.57735026919,-0.57735026919,0.57735026919));
#12013 = ORIENTED_EDGE('',*,*,#11277,.T.);
#12014 = ORIENTED_EDGE('',*,*,#11982,.T.);
#12015 = ORIENTED_EDGE('',*,*,#12016,.F.);
#12016 = EDGE_CURVE('',#12007,#11983,#12017,.T.);
#12017 = LINE('',#12018,#12019);
#12018 = CARTESIAN_POINT('',(0.25,-5.75,3.05));
#12019 = VECTOR('',#12020,1.);
#12020 = DIRECTION('',(-1.,1.224646799147E-16,0.));
#12021 = PLANE('',#12022);
#12022 = AXIS2_PLACEMENT_3D('',#12023,#12024,#12025);
#12023 = CARTESIAN_POINT('',(0.25,-5.65,2.95));
#12024 = DIRECTION('',(-8.659560562349E-17,-0.707106781187,
    -0.707106781187));
#12025 = DIRECTION('',(1.,-1.224646799147E-16,2.105273685727E-29));
#12026 = ADVANCED_FACE('',(#12027),#12038,.T.);
#12027 = FACE_BOUND('',#12028,.T.);
#12028 = EDGE_LOOP('',(#12029,#12030,#12031,#12032));
#12029 = ORIENTED_EDGE('',*,*,#12006,.F.);
#12030 = ORIENTED_EDGE('',*,*,#11291,.T.);
#12031 = ORIENTED_EDGE('',*,*,#11951,.F.);
#12032 = ORIENTED_EDGE('',*,*,#12033,.F.);
#12033 = EDGE_CURVE('',#12007,#11952,#12034,.T.);
#12034 = LINE('',#12035,#12036);
#12035 = CARTESIAN_POINT('',(5.E-02,-5.75,2.85));
#12036 = VECTOR('',#12037,1.);
#12037 = DIRECTION('',(0.,0.,1.));
#12038 = PLANE('',#12039);
#12039 = AXIS2_PLACEMENT_3D('',#12040,#12041,#12042);
#12040 = CARTESIAN_POINT('',(0.15,-5.65,2.85));
#12041 = DIRECTION('',(0.707106781187,-0.707106781187,
    -1.735417226644E-18));
#12042 = DIRECTION('',(1.227125289148E-18,-1.227125289148E-18,1.));
#12043 = ADVANCED_FACE('',(#12044),#12069,.F.);
#12044 = FACE_BOUND('',#12045,.F.);
#12045 = EDGE_LOOP('',(#12046,#12054,#12055,#12063));
#12046 = ORIENTED_EDGE('',*,*,#12047,.F.);
#12047 = EDGE_CURVE('',#11309,#12048,#12050,.T.);
#12048 = VERTEX_POINT('',#12049);
#12049 = CARTESIAN_POINT('',(1.95,-5.75,3.05));
#12050 = LINE('',#12051,#12052);
#12051 = CARTESIAN_POINT('',(1.9,-5.7,3.));
#12052 = VECTOR('',#12053,1.);
#12053 = DIRECTION('',(0.57735026919,-0.57735026919,0.57735026919));
#12054 = ORIENTED_EDGE('',*,*,#11308,.T.);
#12055 = ORIENTED_EDGE('',*,*,#12056,.T.);
#12056 = EDGE_CURVE('',#11311,#12057,#12059,.T.);
#12057 = VERTEX_POINT('',#12058);
#12058 = CARTESIAN_POINT('',(1.95,-5.75,3.15));
#12059 = LINE('',#12060,#12061);
#12060 = CARTESIAN_POINT('',(1.983333333333,-5.783333333333,
    3.116666666667));
#12061 = VECTOR('',#12062,1.);
#12062 = DIRECTION('',(0.57735026919,-0.57735026919,-0.57735026919));
#12063 = ORIENTED_EDGE('',*,*,#12064,.F.);
#12064 = EDGE_CURVE('',#12048,#12057,#12065,.T.);
#12065 = LINE('',#12066,#12067);
#12066 = CARTESIAN_POINT('',(1.95,-5.75,2.85));
#12067 = VECTOR('',#12068,1.);
#12068 = DIRECTION('',(0.,0.,1.));
#12069 = PLANE('',#12070);
#12070 = AXIS2_PLACEMENT_3D('',#12071,#12072,#12073);
#12071 = CARTESIAN_POINT('',(1.85,-5.65,2.85));
#12072 = DIRECTION('',(0.707106781187,0.707106781187,1.735417226644E-18)
  );
#12073 = DIRECTION('',(-1.227125289148E-18,-1.227125289148E-18,1.));
#12074 = ADVANCED_FACE('',(#12075),#12093,.T.);
#12075 = FACE_BOUND('',#12076,.F.);
#12076 = EDGE_LOOP('',(#12077,#12085,#12086,#12087));
#12077 = ORIENTED_EDGE('',*,*,#12078,.F.);
#12078 = EDGE_CURVE('',#11340,#12079,#12081,.T.);
#12079 = VERTEX_POINT('',#12080);
#12080 = CARTESIAN_POINT('',(2.05,-5.75,3.05));
#12081 = LINE('',#12082,#12083);
#12082 = CARTESIAN_POINT('',(2.183333333333,-5.616666666667,
    2.916666666667));
#12083 = VECTOR('',#12084,1.);
#12084 = DIRECTION('',(-0.57735026919,-0.57735026919,0.57735026919));
#12085 = ORIENTED_EDGE('',*,*,#11349,.T.);
#12086 = ORIENTED_EDGE('',*,*,#12047,.T.);
#12087 = ORIENTED_EDGE('',*,*,#12088,.F.);
#12088 = EDGE_CURVE('',#12079,#12048,#12089,.T.);
#12089 = LINE('',#12090,#12091);
#12090 = CARTESIAN_POINT('',(2.25,-5.75,3.05));
#12091 = VECTOR('',#12092,1.);
#12092 = DIRECTION('',(-1.,1.224646799147E-16,0.));
#12093 = PLANE('',#12094);
#12094 = AXIS2_PLACEMENT_3D('',#12095,#12096,#12097);
#12095 = CARTESIAN_POINT('',(2.25,-5.65,2.95));
#12096 = DIRECTION('',(-8.659560562349E-17,-0.707106781187,
    -0.707106781187));
#12097 = DIRECTION('',(1.,-1.224646799147E-16,2.105273685727E-29));
#12098 = ADVANCED_FACE('',(#12099),#12117,.T.);
#12099 = FACE_BOUND('',#12100,.T.);
#12100 = EDGE_LOOP('',(#12101,#12102,#12103,#12111));
#12101 = ORIENTED_EDGE('',*,*,#12078,.F.);
#12102 = ORIENTED_EDGE('',*,*,#11363,.T.);
#12103 = ORIENTED_EDGE('',*,*,#12104,.T.);
#12104 = EDGE_CURVE('',#11364,#12105,#12107,.T.);
#12105 = VERTEX_POINT('',#12106);
#12106 = CARTESIAN_POINT('',(2.05,-5.75,3.15));
#12107 = LINE('',#12108,#12109);
#12108 = CARTESIAN_POINT('',(2.1,-5.7,3.2));
#12109 = VECTOR('',#12110,1.);
#12110 = DIRECTION('',(-0.57735026919,-0.57735026919,-0.57735026919));
#12111 = ORIENTED_EDGE('',*,*,#12112,.F.);
#12112 = EDGE_CURVE('',#12079,#12105,#12113,.T.);
#12113 = LINE('',#12114,#12115);
#12114 = CARTESIAN_POINT('',(2.05,-5.75,2.85));
#12115 = VECTOR('',#12116,1.);
#12116 = DIRECTION('',(0.,0.,1.));
#12117 = PLANE('',#12118);
#12118 = AXIS2_PLACEMENT_3D('',#12119,#12120,#12121);
#12119 = CARTESIAN_POINT('',(2.15,-5.65,2.85));
#12120 = DIRECTION('',(0.707106781187,-0.707106781187,
    -1.735417226644E-18));
#12121 = DIRECTION('',(1.227125289148E-18,-1.227125289148E-18,1.));
#12122 = ADVANCED_FACE('',(#12123),#12134,.T.);
#12123 = FACE_BOUND('',#12124,.T.);
#12124 = EDGE_LOOP('',(#12125,#12126,#12127,#12128));
#12125 = ORIENTED_EDGE('',*,*,#12104,.F.);
#12126 = ORIENTED_EDGE('',*,*,#11388,.T.);
#12127 = ORIENTED_EDGE('',*,*,#12056,.T.);
#12128 = ORIENTED_EDGE('',*,*,#12129,.F.);
#12129 = EDGE_CURVE('',#12105,#12057,#12130,.T.);
#12130 = LINE('',#12131,#12132);
#12131 = CARTESIAN_POINT('',(2.25,-5.75,3.15));
#12132 = VECTOR('',#12133,1.);
#12133 = DIRECTION('',(-1.,1.224646799147E-16,0.));
#12134 = PLANE('',#12135);
#12135 = AXIS2_PLACEMENT_3D('',#12136,#12137,#12138);
#12136 = CARTESIAN_POINT('',(2.25,-5.65,3.25));
#12137 = DIRECTION('',(-8.659560562349E-17,-0.707106781187,
    0.707106781187));
#12138 = DIRECTION('',(-1.,1.224646799147E-16,2.105273685727E-29));
#12139 = ADVANCED_FACE('',(#12140),#12165,.T.);
#12140 = FACE_BOUND('',#12141,.F.);
#12141 = EDGE_LOOP('',(#12142,#12150,#12158,#12164));
#12142 = ORIENTED_EDGE('',*,*,#12143,.F.);
#12143 = EDGE_CURVE('',#12144,#11405,#12146,.T.);
#12144 = VERTEX_POINT('',#12145);
#12145 = CARTESIAN_POINT('',(8.05,-5.75,3.15));
#12146 = LINE('',#12147,#12148);
#12147 = CARTESIAN_POINT('',(8.1,-5.7,3.2));
#12148 = VECTOR('',#12149,1.);
#12149 = DIRECTION('',(0.57735026919,0.57735026919,0.57735026919));
#12150 = ORIENTED_EDGE('',*,*,#12151,.T.);
#12151 = EDGE_CURVE('',#12144,#12152,#12154,.T.);
#12152 = VERTEX_POINT('',#12153);
#12153 = CARTESIAN_POINT('',(7.95,-5.75,3.15));
#12154 = LINE('',#12155,#12156);
#12155 = CARTESIAN_POINT('',(8.25,-5.75,3.15));
#12156 = VECTOR('',#12157,1.);
#12157 = DIRECTION('',(-1.,1.224646799147E-16,0.));
#12158 = ORIENTED_EDGE('',*,*,#12159,.T.);
#12159 = EDGE_CURVE('',#12152,#11413,#12160,.T.);
#12160 = LINE('',#12161,#12162);
#12161 = CARTESIAN_POINT('',(7.983333333333,-5.783333333333,
    3.116666666667));
#12162 = VECTOR('',#12163,1.);
#12163 = DIRECTION('',(-0.57735026919,0.57735026919,0.57735026919));
#12164 = ORIENTED_EDGE('',*,*,#11412,.F.);
#12165 = PLANE('',#12166);
#12166 = AXIS2_PLACEMENT_3D('',#12167,#12168,#12169);
#12167 = CARTESIAN_POINT('',(8.25,-5.65,3.25));
#12168 = DIRECTION('',(-8.659560562349E-17,-0.707106781187,
    0.707106781187));
#12169 = DIRECTION('',(1.,-1.224646799147E-16,-2.105273685727E-29));
#12170 = ADVANCED_FACE('',(#12171),#12189,.F.);
#12171 = FACE_BOUND('',#12172,.F.);
#12172 = EDGE_LOOP('',(#12173,#12181,#12182,#12183));
#12173 = ORIENTED_EDGE('',*,*,#12174,.F.);
#12174 = EDGE_CURVE('',#11436,#12175,#12177,.T.);
#12175 = VERTEX_POINT('',#12176);
#12176 = CARTESIAN_POINT('',(7.95,-5.75,3.05));
#12177 = LINE('',#12178,#12179);
#12178 = CARTESIAN_POINT('',(7.9,-5.7,3.));
#12179 = VECTOR('',#12180,1.);
#12180 = DIRECTION('',(0.57735026919,-0.57735026919,0.57735026919));
#12181 = ORIENTED_EDGE('',*,*,#11435,.T.);
#12182 = ORIENTED_EDGE('',*,*,#12159,.F.);
#12183 = ORIENTED_EDGE('',*,*,#12184,.F.);
#12184 = EDGE_CURVE('',#12175,#12152,#12185,.T.);
#12185 = LINE('',#12186,#12187);
#12186 = CARTESIAN_POINT('',(7.95,-5.75,2.85));
#12187 = VECTOR('',#12188,1.);
#12188 = DIRECTION('',(0.,0.,1.));
#12189 = PLANE('',#12190);
#12190 = AXIS2_PLACEMENT_3D('',#12191,#12192,#12193);
#12191 = CARTESIAN_POINT('',(7.85,-5.65,2.85));
#12192 = DIRECTION('',(0.707106781187,0.707106781187,1.735417226644E-18)
  );
#12193 = DIRECTION('',(-1.227125289148E-18,-1.227125289148E-18,1.));
#12194 = ADVANCED_FACE('',(#12195),#12213,.T.);
#12195 = FACE_BOUND('',#12196,.F.);
#12196 = EDGE_LOOP('',(#12197,#12205,#12206,#12207));
#12197 = ORIENTED_EDGE('',*,*,#12198,.F.);
#12198 = EDGE_CURVE('',#11460,#12199,#12201,.T.);
#12199 = VERTEX_POINT('',#12200);
#12200 = CARTESIAN_POINT('',(8.05,-5.75,3.05));
#12201 = LINE('',#12202,#12203);
#12202 = CARTESIAN_POINT('',(8.183333333333,-5.616666666667,
    2.916666666667));
#12203 = VECTOR('',#12204,1.);
#12204 = DIRECTION('',(-0.57735026919,-0.57735026919,0.57735026919));
#12205 = ORIENTED_EDGE('',*,*,#11469,.T.);
#12206 = ORIENTED_EDGE('',*,*,#12174,.T.);
#12207 = ORIENTED_EDGE('',*,*,#12208,.F.);
#12208 = EDGE_CURVE('',#12199,#12175,#12209,.T.);
#12209 = LINE('',#12210,#12211);
#12210 = CARTESIAN_POINT('',(8.25,-5.75,3.05));
#12211 = VECTOR('',#12212,1.);
#12212 = DIRECTION('',(-1.,1.224646799147E-16,0.));
#12213 = PLANE('',#12214);
#12214 = AXIS2_PLACEMENT_3D('',#12215,#12216,#12217);
#12215 = CARTESIAN_POINT('',(8.25,-5.65,2.95));
#12216 = DIRECTION('',(-8.659560562349E-17,-0.707106781187,
    -0.707106781187));
#12217 = DIRECTION('',(1.,-1.224646799147E-16,2.105273685727E-29));
#12218 = ADVANCED_FACE('',(#12219),#12230,.T.);
#12219 = FACE_BOUND('',#12220,.T.);
#12220 = EDGE_LOOP('',(#12221,#12222,#12223,#12224));
#12221 = ORIENTED_EDGE('',*,*,#12198,.F.);
#12222 = ORIENTED_EDGE('',*,*,#11483,.T.);
#12223 = ORIENTED_EDGE('',*,*,#12143,.F.);
#12224 = ORIENTED_EDGE('',*,*,#12225,.F.);
#12225 = EDGE_CURVE('',#12199,#12144,#12226,.T.);
#12226 = LINE('',#12227,#12228);
#12227 = CARTESIAN_POINT('',(8.05,-5.75,2.85));
#12228 = VECTOR('',#12229,1.);
#12229 = DIRECTION('',(0.,0.,1.));
#12230 = PLANE('',#12231);
#12231 = AXIS2_PLACEMENT_3D('',#12232,#12233,#12234);
#12232 = CARTESIAN_POINT('',(8.15,-5.65,2.85));
#12233 = DIRECTION('',(0.707106781187,-0.707106781187,
    -1.735417226644E-18));
#12234 = DIRECTION('',(1.227125289148E-18,-1.227125289148E-18,1.));
#12235 = ADVANCED_FACE('',(#12236),#12261,.F.);
#12236 = FACE_BOUND('',#12237,.F.);
#12237 = EDGE_LOOP('',(#12238,#12246,#12247,#12255));
#12238 = ORIENTED_EDGE('',*,*,#12239,.F.);
#12239 = EDGE_CURVE('',#11509,#12240,#12242,.T.);
#12240 = VERTEX_POINT('',#12241);
#12241 = CARTESIAN_POINT('',(8.25,-0.3,3.35));
#12242 = LINE('',#12243,#12244);
#12243 = CARTESIAN_POINT('',(8.25,-5.75,3.35));
#12244 = VECTOR('',#12245,1.);
#12245 = DIRECTION('',(1.224646799147E-16,1.,0.));
#12246 = ORIENTED_EDGE('',*,*,#11506,.F.);
#12247 = ORIENTED_EDGE('',*,*,#12248,.T.);
#12248 = EDGE_CURVE('',#11507,#12249,#12251,.T.);
#12249 = VERTEX_POINT('',#12250);
#12250 = CARTESIAN_POINT('',(7.75,-0.3,3.35));
#12251 = LINE('',#12252,#12253);
#12252 = CARTESIAN_POINT('',(7.75,-5.75,3.35));
#12253 = VECTOR('',#12254,1.);
#12254 = DIRECTION('',(1.224646799147E-16,1.,0.));
#12255 = ORIENTED_EDGE('',*,*,#12256,.F.);
#12256 = EDGE_CURVE('',#12240,#12249,#12257,.T.);
#12257 = LINE('',#12258,#12259);
#12258 = CARTESIAN_POINT('',(8.25,-0.3,3.35));
#12259 = VECTOR('',#12260,1.);
#12260 = DIRECTION('',(-1.,1.224646799147E-16,0.));
#12261 = PLANE('',#12262);
#12262 = AXIS2_PLACEMENT_3D('',#12263,#12264,#12265);
#12263 = CARTESIAN_POINT('',(8.25,-5.75,3.35));
#12264 = DIRECTION('',(-0.,0.,-1.));
#12265 = DIRECTION('',(1.224646799147E-16,1.,0.));
#12266 = ADVANCED_FACE('',(#12267),#12351,.T.);
#12267 = FACE_BOUND('',#12268,.T.);
#12268 = EDGE_LOOP('',(#12269,#12270,#12271,#12280,#12288,#12296,#12304,
    #12312,#12320,#12328,#12336,#12345));
#12269 = ORIENTED_EDGE('',*,*,#11532,.F.);
#12270 = ORIENTED_EDGE('',*,*,#12248,.T.);
#12271 = ORIENTED_EDGE('',*,*,#12272,.T.);
#12272 = EDGE_CURVE('',#12249,#12273,#12275,.T.);
#12273 = VERTEX_POINT('',#12274);
#12274 = CARTESIAN_POINT('',(7.75,0.25,2.8));
#12275 = CIRCLE('',#12276,0.55);
#12276 = AXIS2_PLACEMENT_3D('',#12277,#12278,#12279);
#12277 = CARTESIAN_POINT('',(7.75,-0.3,2.8));
#12278 = DIRECTION('',(-1.,1.224646799147E-16,0.));
#12279 = DIRECTION('',(0.,0.,1.));
#12280 = ORIENTED_EDGE('',*,*,#12281,.T.);
#12281 = EDGE_CURVE('',#12273,#12282,#12284,.T.);
#12282 = VERTEX_POINT('',#12283);
#12283 = CARTESIAN_POINT('',(7.75,0.25,-0.9));
#12284 = LINE('',#12285,#12286);
#12285 = CARTESIAN_POINT('',(7.75,0.25,3.35));
#12286 = VECTOR('',#12287,1.);
#12287 = DIRECTION('',(-0.,0.,-1.));
#12288 = ORIENTED_EDGE('',*,*,#12289,.T.);
#12289 = EDGE_CURVE('',#12282,#12290,#12292,.T.);
#12290 = VERTEX_POINT('',#12291);
#12291 = CARTESIAN_POINT('',(7.75,-5.E-02,-1.5));
#12292 = LINE('',#12293,#12294);
#12293 = CARTESIAN_POINT('',(7.75,0.25,-0.9));
#12294 = VECTOR('',#12295,1.);
#12295 = DIRECTION('',(-5.476786982641E-17,-0.4472135955,-0.894427191));
#12296 = ORIENTED_EDGE('',*,*,#12297,.T.);
#12297 = EDGE_CURVE('',#12290,#12298,#12300,.T.);
#12298 = VERTEX_POINT('',#12299);
#12299 = CARTESIAN_POINT('',(7.75,0.218421052632,-3.2));
#12300 = LINE('',#12301,#12302);
#12301 = CARTESIAN_POINT('',(7.75,-5.E-02,-1.5));
#12302 = VECTOR('',#12303,1.);
#12303 = DIRECTION('',(1.909990663905E-17,0.155962573473,-0.987762965329
    ));
#12304 = ORIENTED_EDGE('',*,*,#12305,.T.);
#12305 = EDGE_CURVE('',#12298,#12306,#12308,.T.);
#12306 = VERTEX_POINT('',#12307);
#12307 = CARTESIAN_POINT('',(7.75,-0.281578947368,-3.2));
#12308 = LINE('',#12309,#12310);
#12309 = CARTESIAN_POINT('',(7.75,0.25,-3.2));
#12310 = VECTOR('',#12311,1.);
#12311 = DIRECTION('',(-1.224646799147E-16,-1.,0.));
#12312 = ORIENTED_EDGE('',*,*,#12313,.T.);
#12313 = EDGE_CURVE('',#12306,#12314,#12316,.T.);
#12314 = VERTEX_POINT('',#12315);
#12315 = CARTESIAN_POINT('',(7.75,-0.55,-1.5));
#12316 = LINE('',#12317,#12318);
#12317 = CARTESIAN_POINT('',(7.75,-0.25,-3.4));
#12318 = VECTOR('',#12319,1.);
#12319 = DIRECTION('',(-1.909990663905E-17,-0.155962573473,
    0.987762965329));
#12320 = ORIENTED_EDGE('',*,*,#12321,.T.);
#12321 = EDGE_CURVE('',#12314,#12322,#12324,.T.);
#12322 = VERTEX_POINT('',#12323);
#12323 = CARTESIAN_POINT('',(7.75,-0.25,-0.9));
#12324 = LINE('',#12325,#12326);
#12325 = CARTESIAN_POINT('',(7.75,-0.55,-1.5));
#12326 = VECTOR('',#12327,1.);
#12327 = DIRECTION('',(5.476786982641E-17,0.4472135955,0.894427191));
#12328 = ORIENTED_EDGE('',*,*,#12329,.T.);
#12329 = EDGE_CURVE('',#12322,#12330,#12332,.T.);
#12330 = VERTEX_POINT('',#12331);
#12331 = CARTESIAN_POINT('',(7.75,-0.25,2.8));
#12332 = LINE('',#12333,#12334);
#12333 = CARTESIAN_POINT('',(7.75,-0.25,-0.9));
#12334 = VECTOR('',#12335,1.);
#12335 = DIRECTION('',(0.,0.,1.));
#12336 = ORIENTED_EDGE('',*,*,#12337,.F.);
#12337 = EDGE_CURVE('',#12338,#12330,#12340,.T.);
#12338 = VERTEX_POINT('',#12339);
#12339 = CARTESIAN_POINT('',(7.75,-0.3,2.85));
#12340 = CIRCLE('',#12341,5.E-02);
#12341 = AXIS2_PLACEMENT_3D('',#12342,#12343,#12344);
#12342 = CARTESIAN_POINT('',(7.75,-0.3,2.8));
#12343 = DIRECTION('',(-1.,1.224646799147E-16,0.));
#12344 = DIRECTION('',(0.,0.,1.));
#12345 = ORIENTED_EDGE('',*,*,#12346,.T.);
#12346 = EDGE_CURVE('',#12338,#11525,#12347,.T.);
#12347 = LINE('',#12348,#12349);
#12348 = CARTESIAN_POINT('',(7.75,-0.25,2.85));
#12349 = VECTOR('',#12350,1.);
#12350 = DIRECTION('',(-1.224646799147E-16,-1.,0.));
#12351 = PLANE('',#12352);
#12352 = AXIS2_PLACEMENT_3D('',#12353,#12354,#12355);
#12353 = CARTESIAN_POINT('',(7.75,-1.421959173294,1.302213422577));
#12354 = DIRECTION('',(-1.,1.224646799147E-16,0.));
#12355 = DIRECTION('',(0.,0.,1.));
#12356 = ADVANCED_FACE('',(#12357),#12375,.F.);
#12357 = FACE_BOUND('',#12358,.F.);
#12358 = EDGE_LOOP('',(#12359,#12367,#12373,#12374));
#12359 = ORIENTED_EDGE('',*,*,#12360,.F.);
#12360 = EDGE_CURVE('',#12361,#11517,#12363,.T.);
#12361 = VERTEX_POINT('',#12362);
#12362 = CARTESIAN_POINT('',(8.25,-0.3,2.85));
#12363 = LINE('',#12364,#12365);
#12364 = CARTESIAN_POINT('',(8.25,-0.25,2.85));
#12365 = VECTOR('',#12366,1.);
#12366 = DIRECTION('',(-1.224646799147E-16,-1.,0.));
#12367 = ORIENTED_EDGE('',*,*,#12368,.T.);
#12368 = EDGE_CURVE('',#12361,#12338,#12369,.T.);
#12369 = LINE('',#12370,#12371);
#12370 = CARTESIAN_POINT('',(8.25,-0.3,2.85));
#12371 = VECTOR('',#12372,1.);
#12372 = DIRECTION('',(-1.,1.224646799147E-16,0.));
#12373 = ORIENTED_EDGE('',*,*,#12346,.T.);
#12374 = ORIENTED_EDGE('',*,*,#11524,.F.);
#12375 = PLANE('',#12376);
#12376 = AXIS2_PLACEMENT_3D('',#12377,#12378,#12379);
#12377 = CARTESIAN_POINT('',(8.25,-0.25,2.85));
#12378 = DIRECTION('',(0.,0.,1.));
#12379 = DIRECTION('',(-1.224646799147E-16,-1.,0.));
#12380 = ADVANCED_FACE('',(#12381),#12458,.F.);
#12381 = FACE_BOUND('',#12382,.F.);
#12382 = EDGE_LOOP('',(#12383,#12384,#12385,#12394,#12402,#12410,#12418,
    #12426,#12434,#12442,#12450,#12457));
#12383 = ORIENTED_EDGE('',*,*,#11516,.F.);
#12384 = ORIENTED_EDGE('',*,*,#12239,.T.);
#12385 = ORIENTED_EDGE('',*,*,#12386,.T.);
#12386 = EDGE_CURVE('',#12240,#12387,#12389,.T.);
#12387 = VERTEX_POINT('',#12388);
#12388 = CARTESIAN_POINT('',(8.25,0.25,2.8));
#12389 = CIRCLE('',#12390,0.55);
#12390 = AXIS2_PLACEMENT_3D('',#12391,#12392,#12393);
#12391 = CARTESIAN_POINT('',(8.25,-0.3,2.8));
#12392 = DIRECTION('',(-1.,1.224646799147E-16,0.));
#12393 = DIRECTION('',(0.,0.,1.));
#12394 = ORIENTED_EDGE('',*,*,#12395,.T.);
#12395 = EDGE_CURVE('',#12387,#12396,#12398,.T.);
#12396 = VERTEX_POINT('',#12397);
#12397 = CARTESIAN_POINT('',(8.25,0.25,-0.9));
#12398 = LINE('',#12399,#12400);
#12399 = CARTESIAN_POINT('',(8.25,0.25,3.35));
#12400 = VECTOR('',#12401,1.);
#12401 = DIRECTION('',(-0.,0.,-1.));
#12402 = ORIENTED_EDGE('',*,*,#12403,.T.);
#12403 = EDGE_CURVE('',#12396,#12404,#12406,.T.);
#12404 = VERTEX_POINT('',#12405);
#12405 = CARTESIAN_POINT('',(8.25,-5.E-02,-1.5));
#12406 = LINE('',#12407,#12408);
#12407 = CARTESIAN_POINT('',(8.25,0.25,-0.9));
#12408 = VECTOR('',#12409,1.);
#12409 = DIRECTION('',(-5.476786982641E-17,-0.4472135955,-0.894427191));
#12410 = ORIENTED_EDGE('',*,*,#12411,.T.);
#12411 = EDGE_CURVE('',#12404,#12412,#12414,.T.);
#12412 = VERTEX_POINT('',#12413);
#12413 = CARTESIAN_POINT('',(8.25,0.218421052632,-3.2));
#12414 = LINE('',#12415,#12416);
#12415 = CARTESIAN_POINT('',(8.25,-5.E-02,-1.5));
#12416 = VECTOR('',#12417,1.);
#12417 = DIRECTION('',(1.909990663905E-17,0.155962573473,-0.987762965329
    ));
#12418 = ORIENTED_EDGE('',*,*,#12419,.T.);
#12419 = EDGE_CURVE('',#12412,#12420,#12422,.T.);
#12420 = VERTEX_POINT('',#12421);
#12421 = CARTESIAN_POINT('',(8.25,-0.281578947368,-3.2));
#12422 = LINE('',#12423,#12424);
#12423 = CARTESIAN_POINT('',(8.25,0.25,-3.2));
#12424 = VECTOR('',#12425,1.);
#12425 = DIRECTION('',(-1.224646799147E-16,-1.,0.));
#12426 = ORIENTED_EDGE('',*,*,#12427,.T.);
#12427 = EDGE_CURVE('',#12420,#12428,#12430,.T.);
#12428 = VERTEX_POINT('',#12429);
#12429 = CARTESIAN_POINT('',(8.25,-0.55,-1.5));
#12430 = LINE('',#12431,#12432);
#12431 = CARTESIAN_POINT('',(8.25,-0.25,-3.4));
#12432 = VECTOR('',#12433,1.);
#12433 = DIRECTION('',(-1.909990663905E-17,-0.155962573473,
    0.987762965329));
#12434 = ORIENTED_EDGE('',*,*,#12435,.T.);
#12435 = EDGE_CURVE('',#12428,#12436,#12438,.T.);
#12436 = VERTEX_POINT('',#12437);
#12437 = CARTESIAN_POINT('',(8.25,-0.25,-0.9));
#12438 = LINE('',#12439,#12440);
#12439 = CARTESIAN_POINT('',(8.25,-0.55,-1.5));
#12440 = VECTOR('',#12441,1.);
#12441 = DIRECTION('',(5.476786982641E-17,0.4472135955,0.894427191));
#12442 = ORIENTED_EDGE('',*,*,#12443,.T.);
#12443 = EDGE_CURVE('',#12436,#12444,#12446,.T.);
#12444 = VERTEX_POINT('',#12445);
#12445 = CARTESIAN_POINT('',(8.25,-0.25,2.8));
#12446 = LINE('',#12447,#12448);
#12447 = CARTESIAN_POINT('',(8.25,-0.25,-0.9));
#12448 = VECTOR('',#12449,1.);
#12449 = DIRECTION('',(0.,0.,1.));
#12450 = ORIENTED_EDGE('',*,*,#12451,.F.);
#12451 = EDGE_CURVE('',#12361,#12444,#12452,.T.);
#12452 = CIRCLE('',#12453,5.E-02);
#12453 = AXIS2_PLACEMENT_3D('',#12454,#12455,#12456);
#12454 = CARTESIAN_POINT('',(8.25,-0.3,2.8));
#12455 = DIRECTION('',(-1.,1.224646799147E-16,0.));
#12456 = DIRECTION('',(0.,0.,1.));
#12457 = ORIENTED_EDGE('',*,*,#12360,.T.);
#12458 = PLANE('',#12459);
#12459 = AXIS2_PLACEMENT_3D('',#12460,#12461,#12462);
#12460 = CARTESIAN_POINT('',(8.25,-1.421959173294,1.302213422577));
#12461 = DIRECTION('',(-1.,1.224646799147E-16,0.));
#12462 = DIRECTION('',(0.,0.,1.));
#12463 = ADVANCED_FACE('',(#12464),#12523,.T.);
#12464 = FACE_BOUND('',#12465,.T.);
#12465 = EDGE_LOOP('',(#12466,#12467,#12475,#12484,#12492,#12500,#12508,
    #12517));
#12466 = ORIENTED_EDGE('',*,*,#11552,.F.);
#12467 = ORIENTED_EDGE('',*,*,#12468,.T.);
#12468 = EDGE_CURVE('',#11553,#12469,#12471,.T.);
#12469 = VERTEX_POINT('',#12470);
#12470 = CARTESIAN_POINT('',(5.75,-0.3,3.35));
#12471 = LINE('',#12472,#12473);
#12472 = CARTESIAN_POINT('',(5.75,-5.75,3.35));
#12473 = VECTOR('',#12474,1.);
#12474 = DIRECTION('',(1.224646799147E-16,1.,0.));
#12475 = ORIENTED_EDGE('',*,*,#12476,.T.);
#12476 = EDGE_CURVE('',#12469,#12477,#12479,.T.);
#12477 = VERTEX_POINT('',#12478);
#12478 = CARTESIAN_POINT('',(5.75,0.25,2.8));
#12479 = CIRCLE('',#12480,0.55);
#12480 = AXIS2_PLACEMENT_3D('',#12481,#12482,#12483);
#12481 = CARTESIAN_POINT('',(5.75,-0.3,2.8));
#12482 = DIRECTION('',(-1.,1.224646799147E-16,0.));
#12483 = DIRECTION('',(0.,0.,1.));
#12484 = ORIENTED_EDGE('',*,*,#12485,.T.);
#12485 = EDGE_CURVE('',#12477,#12486,#12488,.T.);
#12486 = VERTEX_POINT('',#12487);
#12487 = CARTESIAN_POINT('',(5.75,0.25,-3.2));
#12488 = LINE('',#12489,#12490);
#12489 = CARTESIAN_POINT('',(5.75,0.25,3.35));
#12490 = VECTOR('',#12491,1.);
#12491 = DIRECTION('',(-0.,0.,-1.));
#12492 = ORIENTED_EDGE('',*,*,#12493,.T.);
#12493 = EDGE_CURVE('',#12486,#12494,#12496,.T.);
#12494 = VERTEX_POINT('',#12495);
#12495 = CARTESIAN_POINT('',(5.75,-0.25,-3.2));
#12496 = LINE('',#12497,#12498);
#12497 = CARTESIAN_POINT('',(5.75,0.25,-3.2));
#12498 = VECTOR('',#12499,1.);
#12499 = DIRECTION('',(-1.224646799147E-16,-1.,0.));
#12500 = ORIENTED_EDGE('',*,*,#12501,.T.);
#12501 = EDGE_CURVE('',#12494,#12502,#12504,.T.);
#12502 = VERTEX_POINT('',#12503);
#12503 = CARTESIAN_POINT('',(5.75,-0.25,2.8));
#12504 = LINE('',#12505,#12506);
#12505 = CARTESIAN_POINT('',(5.75,-0.25,-3.4));
#12506 = VECTOR('',#12507,1.);
#12507 = DIRECTION('',(0.,0.,1.));
#12508 = ORIENTED_EDGE('',*,*,#12509,.F.);
#12509 = EDGE_CURVE('',#12510,#12502,#12512,.T.);
#12510 = VERTEX_POINT('',#12511);
#12511 = CARTESIAN_POINT('',(5.75,-0.3,2.85));
#12512 = CIRCLE('',#12513,5.E-02);
#12513 = AXIS2_PLACEMENT_3D('',#12514,#12515,#12516);
#12514 = CARTESIAN_POINT('',(5.75,-0.3,2.8));
#12515 = DIRECTION('',(-1.,1.224646799147E-16,0.));
#12516 = DIRECTION('',(0.,0.,1.));
#12517 = ORIENTED_EDGE('',*,*,#12518,.T.);
#12518 = EDGE_CURVE('',#12510,#11555,#12519,.T.);
#12519 = LINE('',#12520,#12521);
#12520 = CARTESIAN_POINT('',(5.75,-0.25,2.85));
#12521 = VECTOR('',#12522,1.);
#12522 = DIRECTION('',(-1.224646799147E-16,-1.,0.));
#12523 = PLANE('',#12524);
#12524 = AXIS2_PLACEMENT_3D('',#12525,#12526,#12527);
#12525 = CARTESIAN_POINT('',(5.75,-1.401960784314,1.323039215686));
#12526 = DIRECTION('',(-1.,1.224646799147E-16,0.));
#12527 = DIRECTION('',(0.,0.,1.));
#12528 = ADVANCED_FACE('',(#12529),#12547,.F.);
#12529 = FACE_BOUND('',#12530,.F.);
#12530 = EDGE_LOOP('',(#12531,#12539,#12545,#12546));
#12531 = ORIENTED_EDGE('',*,*,#12532,.F.);
#12532 = EDGE_CURVE('',#12533,#11571,#12535,.T.);
#12533 = VERTEX_POINT('',#12534);
#12534 = CARTESIAN_POINT('',(6.25,-0.3,2.85));
#12535 = LINE('',#12536,#12537);
#12536 = CARTESIAN_POINT('',(6.25,-0.25,2.85));
#12537 = VECTOR('',#12538,1.);
#12538 = DIRECTION('',(-1.224646799147E-16,-1.,0.));
#12539 = ORIENTED_EDGE('',*,*,#12540,.T.);
#12540 = EDGE_CURVE('',#12533,#12510,#12541,.T.);
#12541 = LINE('',#12542,#12543);
#12542 = CARTESIAN_POINT('',(6.25,-0.3,2.85));
#12543 = VECTOR('',#12544,1.);
#12544 = DIRECTION('',(-1.,1.224646799147E-16,0.));
#12545 = ORIENTED_EDGE('',*,*,#12518,.T.);
#12546 = ORIENTED_EDGE('',*,*,#11578,.F.);
#12547 = PLANE('',#12548);
#12548 = AXIS2_PLACEMENT_3D('',#12549,#12550,#12551);
#12549 = CARTESIAN_POINT('',(6.25,-0.25,2.85));
#12550 = DIRECTION('',(0.,0.,1.));
#12551 = DIRECTION('',(-1.224646799147E-16,-1.,0.));
#12552 = ADVANCED_FACE('',(#12553),#12605,.F.);
#12553 = FACE_BOUND('',#12554,.F.);
#12554 = EDGE_LOOP('',(#12555,#12556,#12564,#12573,#12581,#12589,#12597,
    #12604));
#12555 = ORIENTED_EDGE('',*,*,#11570,.F.);
#12556 = ORIENTED_EDGE('',*,*,#12557,.T.);
#12557 = EDGE_CURVE('',#11563,#12558,#12560,.T.);
#12558 = VERTEX_POINT('',#12559);
#12559 = CARTESIAN_POINT('',(6.25,-0.3,3.35));
#12560 = LINE('',#12561,#12562);
#12561 = CARTESIAN_POINT('',(6.25,-5.75,3.35));
#12562 = VECTOR('',#12563,1.);
#12563 = DIRECTION('',(1.224646799147E-16,1.,0.));
#12564 = ORIENTED_EDGE('',*,*,#12565,.T.);
#12565 = EDGE_CURVE('',#12558,#12566,#12568,.T.);
#12566 = VERTEX_POINT('',#12567);
#12567 = CARTESIAN_POINT('',(6.25,0.25,2.8));
#12568 = CIRCLE('',#12569,0.55);
#12569 = AXIS2_PLACEMENT_3D('',#12570,#12571,#12572);
#12570 = CARTESIAN_POINT('',(6.25,-0.3,2.8));
#12571 = DIRECTION('',(-1.,1.224646799147E-16,0.));
#12572 = DIRECTION('',(0.,0.,1.));
#12573 = ORIENTED_EDGE('',*,*,#12574,.T.);
#12574 = EDGE_CURVE('',#12566,#12575,#12577,.T.);
#12575 = VERTEX_POINT('',#12576);
#12576 = CARTESIAN_POINT('',(6.25,0.25,-3.2));
#12577 = LINE('',#12578,#12579);
#12578 = CARTESIAN_POINT('',(6.25,0.25,3.35));
#12579 = VECTOR('',#12580,1.);
#12580 = DIRECTION('',(-0.,0.,-1.));
#12581 = ORIENTED_EDGE('',*,*,#12582,.T.);
#12582 = EDGE_CURVE('',#12575,#12583,#12585,.T.);
#12583 = VERTEX_POINT('',#12584);
#12584 = CARTESIAN_POINT('',(6.25,-0.25,-3.2));
#12585 = LINE('',#12586,#12587);
#12586 = CARTESIAN_POINT('',(6.25,0.25,-3.2));
#12587 = VECTOR('',#12588,1.);
#12588 = DIRECTION('',(-1.224646799147E-16,-1.,0.));
#12589 = ORIENTED_EDGE('',*,*,#12590,.T.);
#12590 = EDGE_CURVE('',#12583,#12591,#12593,.T.);
#12591 = VERTEX_POINT('',#12592);
#12592 = CARTESIAN_POINT('',(6.25,-0.25,2.8));
#12593 = LINE('',#12594,#12595);
#12594 = CARTESIAN_POINT('',(6.25,-0.25,-3.4));
#12595 = VECTOR('',#12596,1.);
#12596 = DIRECTION('',(0.,0.,1.));
#12597 = ORIENTED_EDGE('',*,*,#12598,.F.);
#12598 = EDGE_CURVE('',#12533,#12591,#12599,.T.);
#12599 = CIRCLE('',#12600,5.E-02);
#12600 = AXIS2_PLACEMENT_3D('',#12601,#12602,#12603);
#12601 = CARTESIAN_POINT('',(6.25,-0.3,2.8));
#12602 = DIRECTION('',(-1.,1.224646799147E-16,0.));
#12603 = DIRECTION('',(0.,0.,1.));
#12604 = ORIENTED_EDGE('',*,*,#12532,.T.);
#12605 = PLANE('',#12606);
#12606 = AXIS2_PLACEMENT_3D('',#12607,#12608,#12609);
#12607 = CARTESIAN_POINT('',(6.25,-1.401960784314,1.323039215686));
#12608 = DIRECTION('',(-1.,1.224646799147E-16,0.));
#12609 = DIRECTION('',(0.,0.,1.));
#12610 = ADVANCED_FACE('',(#12611),#12622,.F.);
#12611 = FACE_BOUND('',#12612,.F.);
#12612 = EDGE_LOOP('',(#12613,#12614,#12615,#12616));
#12613 = ORIENTED_EDGE('',*,*,#12557,.F.);
#12614 = ORIENTED_EDGE('',*,*,#11562,.F.);
#12615 = ORIENTED_EDGE('',*,*,#12468,.T.);
#12616 = ORIENTED_EDGE('',*,*,#12617,.F.);
#12617 = EDGE_CURVE('',#12558,#12469,#12618,.T.);
#12618 = LINE('',#12619,#12620);
#12619 = CARTESIAN_POINT('',(6.25,-0.3,3.35));
#12620 = VECTOR('',#12621,1.);
#12621 = DIRECTION('',(-1.,1.224646799147E-16,0.));
#12622 = PLANE('',#12623);
#12623 = AXIS2_PLACEMENT_3D('',#12624,#12625,#12626);
#12624 = CARTESIAN_POINT('',(6.25,-5.75,3.35));
#12625 = DIRECTION('',(-0.,0.,-1.));
#12626 = DIRECTION('',(1.224646799147E-16,1.,0.));
#12627 = ADVANCED_FACE('',(#12628),#12687,.F.);
#12628 = FACE_BOUND('',#12629,.F.);
#12629 = EDGE_LOOP('',(#12630,#12631,#12639,#12648,#12656,#12664,#12672,
    #12681));
#12630 = ORIENTED_EDGE('',*,*,#11598,.F.);
#12631 = ORIENTED_EDGE('',*,*,#12632,.T.);
#12632 = EDGE_CURVE('',#11599,#12633,#12635,.T.);
#12633 = VERTEX_POINT('',#12634);
#12634 = CARTESIAN_POINT('',(4.25,-0.3,3.35));
#12635 = LINE('',#12636,#12637);
#12636 = CARTESIAN_POINT('',(4.25,-5.75,3.35));
#12637 = VECTOR('',#12638,1.);
#12638 = DIRECTION('',(1.224646799147E-16,1.,0.));
#12639 = ORIENTED_EDGE('',*,*,#12640,.T.);
#12640 = EDGE_CURVE('',#12633,#12641,#12643,.T.);
#12641 = VERTEX_POINT('',#12642);
#12642 = CARTESIAN_POINT('',(4.25,0.25,2.8));
#12643 = CIRCLE('',#12644,0.55);
#12644 = AXIS2_PLACEMENT_3D('',#12645,#12646,#12647);
#12645 = CARTESIAN_POINT('',(4.25,-0.3,2.8));
#12646 = DIRECTION('',(-1.,1.224646799147E-16,0.));
#12647 = DIRECTION('',(0.,0.,1.));
#12648 = ORIENTED_EDGE('',*,*,#12649,.T.);
#12649 = EDGE_CURVE('',#12641,#12650,#12652,.T.);
#12650 = VERTEX_POINT('',#12651);
#12651 = CARTESIAN_POINT('',(4.25,0.25,-3.2));
#12652 = LINE('',#12653,#12654);
#12653 = CARTESIAN_POINT('',(4.25,0.25,3.35));
#12654 = VECTOR('',#12655,1.);
#12655 = DIRECTION('',(-0.,0.,-1.));
#12656 = ORIENTED_EDGE('',*,*,#12657,.T.);
#12657 = EDGE_CURVE('',#12650,#12658,#12660,.T.);
#12658 = VERTEX_POINT('',#12659);
#12659 = CARTESIAN_POINT('',(4.25,-0.25,-3.2));
#12660 = LINE('',#12661,#12662);
#12661 = CARTESIAN_POINT('',(4.25,0.25,-3.2));
#12662 = VECTOR('',#12663,1.);
#12663 = DIRECTION('',(-1.224646799147E-16,-1.,0.));
#12664 = ORIENTED_EDGE('',*,*,#12665,.T.);
#12665 = EDGE_CURVE('',#12658,#12666,#12668,.T.);
#12666 = VERTEX_POINT('',#12667);
#12667 = CARTESIAN_POINT('',(4.25,-0.25,2.8));
#12668 = LINE('',#12669,#12670);
#12669 = CARTESIAN_POINT('',(4.25,-0.25,-3.4));
#12670 = VECTOR('',#12671,1.);
#12671 = DIRECTION('',(0.,0.,1.));
#12672 = ORIENTED_EDGE('',*,*,#12673,.F.);
#12673 = EDGE_CURVE('',#12674,#12666,#12676,.T.);
#12674 = VERTEX_POINT('',#12675);
#12675 = CARTESIAN_POINT('',(4.25,-0.3,2.85));
#12676 = CIRCLE('',#12677,5.E-02);
#12677 = AXIS2_PLACEMENT_3D('',#12678,#12679,#12680);
#12678 = CARTESIAN_POINT('',(4.25,-0.3,2.8));
#12679 = DIRECTION('',(-1.,1.224646799147E-16,0.));
#12680 = DIRECTION('',(0.,0.,1.));
#12681 = ORIENTED_EDGE('',*,*,#12682,.T.);
#12682 = EDGE_CURVE('',#12674,#11601,#12683,.T.);
#12683 = LINE('',#12684,#12685);
#12684 = CARTESIAN_POINT('',(4.25,-0.25,2.85));
#12685 = VECTOR('',#12686,1.);
#12686 = DIRECTION('',(-1.224646799147E-16,-1.,0.));
#12687 = PLANE('',#12688);
#12688 = AXIS2_PLACEMENT_3D('',#12689,#12690,#12691);
#12689 = CARTESIAN_POINT('',(4.25,-1.401960784314,1.323039215686));
#12690 = DIRECTION('',(-1.,1.224646799147E-16,0.));
#12691 = DIRECTION('',(0.,0.,1.));
#12692 = ADVANCED_FACE('',(#12693),#12711,.F.);
#12693 = FACE_BOUND('',#12694,.F.);
#12694 = EDGE_LOOP('',(#12695,#12696,#12697,#12705));
#12695 = ORIENTED_EDGE('',*,*,#12632,.F.);
#12696 = ORIENTED_EDGE('',*,*,#11624,.F.);
#12697 = ORIENTED_EDGE('',*,*,#12698,.T.);
#12698 = EDGE_CURVE('',#11617,#12699,#12701,.T.);
#12699 = VERTEX_POINT('',#12700);
#12700 = CARTESIAN_POINT('',(3.75,-0.3,3.35));
#12701 = LINE('',#12702,#12703);
#12702 = CARTESIAN_POINT('',(3.75,-5.75,3.35));
#12703 = VECTOR('',#12704,1.);
#12704 = DIRECTION('',(1.224646799147E-16,1.,0.));
#12705 = ORIENTED_EDGE('',*,*,#12706,.F.);
#12706 = EDGE_CURVE('',#12633,#12699,#12707,.T.);
#12707 = LINE('',#12708,#12709);
#12708 = CARTESIAN_POINT('',(4.25,-0.3,3.35));
#12709 = VECTOR('',#12710,1.);
#12710 = DIRECTION('',(-1.,1.224646799147E-16,0.));
#12711 = PLANE('',#12712);
#12712 = AXIS2_PLACEMENT_3D('',#12713,#12714,#12715);
#12713 = CARTESIAN_POINT('',(4.25,-5.75,3.35));
#12714 = DIRECTION('',(-0.,0.,-1.));
#12715 = DIRECTION('',(1.224646799147E-16,1.,0.));
#12716 = ADVANCED_FACE('',(#12717),#12769,.T.);
#12717 = FACE_BOUND('',#12718,.T.);
#12718 = EDGE_LOOP('',(#12719,#12720,#12721,#12730,#12738,#12746,#12754,
    #12763));
#12719 = ORIENTED_EDGE('',*,*,#11616,.F.);
#12720 = ORIENTED_EDGE('',*,*,#12698,.T.);
#12721 = ORIENTED_EDGE('',*,*,#12722,.T.);
#12722 = EDGE_CURVE('',#12699,#12723,#12725,.T.);
#12723 = VERTEX_POINT('',#12724);
#12724 = CARTESIAN_POINT('',(3.75,0.25,2.8));
#12725 = CIRCLE('',#12726,0.55);
#12726 = AXIS2_PLACEMENT_3D('',#12727,#12728,#12729);
#12727 = CARTESIAN_POINT('',(3.75,-0.3,2.8));
#12728 = DIRECTION('',(-1.,1.224646799147E-16,0.));
#12729 = DIRECTION('',(0.,0.,1.));
#12730 = ORIENTED_EDGE('',*,*,#12731,.T.);
#12731 = EDGE_CURVE('',#12723,#12732,#12734,.T.);
#12732 = VERTEX_POINT('',#12733);
#12733 = CARTESIAN_POINT('',(3.75,0.25,-3.2));
#12734 = LINE('',#12735,#12736);
#12735 = CARTESIAN_POINT('',(3.75,0.25,3.35));
#12736 = VECTOR('',#12737,1.);
#12737 = DIRECTION('',(-0.,0.,-1.));
#12738 = ORIENTED_EDGE('',*,*,#12739,.T.);
#12739 = EDGE_CURVE('',#12732,#12740,#12742,.T.);
#12740 = VERTEX_POINT('',#12741);
#12741 = CARTESIAN_POINT('',(3.75,-0.25,-3.2));
#12742 = LINE('',#12743,#12744);
#12743 = CARTESIAN_POINT('',(3.75,0.25,-3.2));
#12744 = VECTOR('',#12745,1.);
#12745 = DIRECTION('',(-1.224646799147E-16,-1.,0.));
#12746 = ORIENTED_EDGE('',*,*,#12747,.T.);
#12747 = EDGE_CURVE('',#12740,#12748,#12750,.T.);
#12748 = VERTEX_POINT('',#12749);
#12749 = CARTESIAN_POINT('',(3.75,-0.25,2.8));
#12750 = LINE('',#12751,#12752);
#12751 = CARTESIAN_POINT('',(3.75,-0.25,-3.4));
#12752 = VECTOR('',#12753,1.);
#12753 = DIRECTION('',(0.,0.,1.));
#12754 = ORIENTED_EDGE('',*,*,#12755,.F.);
#12755 = EDGE_CURVE('',#12756,#12748,#12758,.T.);
#12756 = VERTEX_POINT('',#12757);
#12757 = CARTESIAN_POINT('',(3.75,-0.3,2.85));
#12758 = CIRCLE('',#12759,5.E-02);
#12759 = AXIS2_PLACEMENT_3D('',#12760,#12761,#12762);
#12760 = CARTESIAN_POINT('',(3.75,-0.3,2.8));
#12761 = DIRECTION('',(-1.,1.224646799147E-16,0.));
#12762 = DIRECTION('',(0.,0.,1.));
#12763 = ORIENTED_EDGE('',*,*,#12764,.T.);
#12764 = EDGE_CURVE('',#12756,#11609,#12765,.T.);
#12765 = LINE('',#12766,#12767);
#12766 = CARTESIAN_POINT('',(3.75,-0.25,2.85));
#12767 = VECTOR('',#12768,1.);
#12768 = DIRECTION('',(-1.224646799147E-16,-1.,0.));
#12769 = PLANE('',#12770);
#12770 = AXIS2_PLACEMENT_3D('',#12771,#12772,#12773);
#12771 = CARTESIAN_POINT('',(3.75,-1.401960784314,1.323039215686));
#12772 = DIRECTION('',(-1.,1.224646799147E-16,0.));
#12773 = DIRECTION('',(0.,0.,1.));
#12774 = ADVANCED_FACE('',(#12775),#12786,.F.);
#12775 = FACE_BOUND('',#12776,.F.);
#12776 = EDGE_LOOP('',(#12777,#12778,#12784,#12785));
#12777 = ORIENTED_EDGE('',*,*,#12682,.F.);
#12778 = ORIENTED_EDGE('',*,*,#12779,.T.);
#12779 = EDGE_CURVE('',#12674,#12756,#12780,.T.);
#12780 = LINE('',#12781,#12782);
#12781 = CARTESIAN_POINT('',(4.25,-0.3,2.85));
#12782 = VECTOR('',#12783,1.);
#12783 = DIRECTION('',(-1.,1.224646799147E-16,0.));
#12784 = ORIENTED_EDGE('',*,*,#12764,.T.);
#12785 = ORIENTED_EDGE('',*,*,#11608,.F.);
#12786 = PLANE('',#12787);
#12787 = AXIS2_PLACEMENT_3D('',#12788,#12789,#12790);
#12788 = CARTESIAN_POINT('',(4.25,-0.25,2.85));
#12789 = DIRECTION('',(0.,0.,1.));
#12790 = DIRECTION('',(-1.224646799147E-16,-1.,0.));
#12791 = ADVANCED_FACE('',(#12792),#12851,.T.);
#12792 = FACE_BOUND('',#12793,.T.);
#12793 = EDGE_LOOP('',(#12794,#12795,#12803,#12812,#12820,#12828,#12836,
    #12845));
#12794 = ORIENTED_EDGE('',*,*,#11644,.F.);
#12795 = ORIENTED_EDGE('',*,*,#12796,.T.);
#12796 = EDGE_CURVE('',#11645,#12797,#12799,.T.);
#12797 = VERTEX_POINT('',#12798);
#12798 = CARTESIAN_POINT('',(1.75,-0.3,3.35));
#12799 = LINE('',#12800,#12801);
#12800 = CARTESIAN_POINT('',(1.75,-5.75,3.35));
#12801 = VECTOR('',#12802,1.);
#12802 = DIRECTION('',(1.224646799147E-16,1.,0.));
#12803 = ORIENTED_EDGE('',*,*,#12804,.T.);
#12804 = EDGE_CURVE('',#12797,#12805,#12807,.T.);
#12805 = VERTEX_POINT('',#12806);
#12806 = CARTESIAN_POINT('',(1.75,0.25,2.8));
#12807 = CIRCLE('',#12808,0.55);
#12808 = AXIS2_PLACEMENT_3D('',#12809,#12810,#12811);
#12809 = CARTESIAN_POINT('',(1.75,-0.3,2.8));
#12810 = DIRECTION('',(-1.,1.224646799147E-16,0.));
#12811 = DIRECTION('',(0.,0.,1.));
#12812 = ORIENTED_EDGE('',*,*,#12813,.T.);
#12813 = EDGE_CURVE('',#12805,#12814,#12816,.T.);
#12814 = VERTEX_POINT('',#12815);
#12815 = CARTESIAN_POINT('',(1.75,0.25,-3.2));
#12816 = LINE('',#12817,#12818);
#12817 = CARTESIAN_POINT('',(1.75,0.25,3.35));
#12818 = VECTOR('',#12819,1.);
#12819 = DIRECTION('',(-0.,0.,-1.));
#12820 = ORIENTED_EDGE('',*,*,#12821,.T.);
#12821 = EDGE_CURVE('',#12814,#12822,#12824,.T.);
#12822 = VERTEX_POINT('',#12823);
#12823 = CARTESIAN_POINT('',(1.75,-0.25,-3.2));
#12824 = LINE('',#12825,#12826);
#12825 = CARTESIAN_POINT('',(1.75,0.25,-3.2));
#12826 = VECTOR('',#12827,1.);
#12827 = DIRECTION('',(-1.224646799147E-16,-1.,0.));
#12828 = ORIENTED_EDGE('',*,*,#12829,.T.);
#12829 = EDGE_CURVE('',#12822,#12830,#12832,.T.);
#12830 = VERTEX_POINT('',#12831);
#12831 = CARTESIAN_POINT('',(1.75,-0.25,2.8));
#12832 = LINE('',#12833,#12834);
#12833 = CARTESIAN_POINT('',(1.75,-0.25,-3.4));
#12834 = VECTOR('',#12835,1.);
#12835 = DIRECTION('',(0.,0.,1.));
#12836 = ORIENTED_EDGE('',*,*,#12837,.F.);
#12837 = EDGE_CURVE('',#12838,#12830,#12840,.T.);
#12838 = VERTEX_POINT('',#12839);
#12839 = CARTESIAN_POINT('',(1.75,-0.3,2.85));
#12840 = CIRCLE('',#12841,5.E-02);
#12841 = AXIS2_PLACEMENT_3D('',#12842,#12843,#12844);
#12842 = CARTESIAN_POINT('',(1.75,-0.3,2.8));
#12843 = DIRECTION('',(-1.,1.224646799147E-16,0.));
#12844 = DIRECTION('',(0.,0.,1.));
#12845 = ORIENTED_EDGE('',*,*,#12846,.T.);
#12846 = EDGE_CURVE('',#12838,#11647,#12847,.T.);
#12847 = LINE('',#12848,#12849);
#12848 = CARTESIAN_POINT('',(1.75,-0.25,2.85));
#12849 = VECTOR('',#12850,1.);
#12850 = DIRECTION('',(-1.224646799147E-16,-1.,0.));
#12851 = PLANE('',#12852);
#12852 = AXIS2_PLACEMENT_3D('',#12853,#12854,#12855);
#12853 = CARTESIAN_POINT('',(1.75,-1.401960784314,1.323039215686));
#12854 = DIRECTION('',(-1.,1.224646799147E-16,0.));
#12855 = DIRECTION('',(0.,0.,1.));
#12856 = ADVANCED_FACE('',(#12857),#12875,.F.);
#12857 = FACE_BOUND('',#12858,.F.);
#12858 = EDGE_LOOP('',(#12859,#12867,#12873,#12874));
#12859 = ORIENTED_EDGE('',*,*,#12860,.F.);
#12860 = EDGE_CURVE('',#12861,#11663,#12863,.T.);
#12861 = VERTEX_POINT('',#12862);
#12862 = CARTESIAN_POINT('',(2.25,-0.3,2.85));
#12863 = LINE('',#12864,#12865);
#12864 = CARTESIAN_POINT('',(2.25,-0.25,2.85));
#12865 = VECTOR('',#12866,1.);
#12866 = DIRECTION('',(-1.224646799147E-16,-1.,0.));
#12867 = ORIENTED_EDGE('',*,*,#12868,.T.);
#12868 = EDGE_CURVE('',#12861,#12838,#12869,.T.);
#12869 = LINE('',#12870,#12871);
#12870 = CARTESIAN_POINT('',(2.25,-0.3,2.85));
#12871 = VECTOR('',#12872,1.);
#12872 = DIRECTION('',(-1.,1.224646799147E-16,0.));
#12873 = ORIENTED_EDGE('',*,*,#12846,.T.);
#12874 = ORIENTED_EDGE('',*,*,#11670,.F.);
#12875 = PLANE('',#12876);
#12876 = AXIS2_PLACEMENT_3D('',#12877,#12878,#12879);
#12877 = CARTESIAN_POINT('',(2.25,-0.25,2.85));
#12878 = DIRECTION('',(0.,0.,1.));
#12879 = DIRECTION('',(-1.224646799147E-16,-1.,0.));
#12880 = ADVANCED_FACE('',(#12881),#12933,.F.);
#12881 = FACE_BOUND('',#12882,.F.);
#12882 = EDGE_LOOP('',(#12883,#12884,#12892,#12901,#12909,#12917,#12925,
    #12932));
#12883 = ORIENTED_EDGE('',*,*,#11662,.F.);
#12884 = ORIENTED_EDGE('',*,*,#12885,.T.);
#12885 = EDGE_CURVE('',#11655,#12886,#12888,.T.);
#12886 = VERTEX_POINT('',#12887);
#12887 = CARTESIAN_POINT('',(2.25,-0.3,3.35));
#12888 = LINE('',#12889,#12890);
#12889 = CARTESIAN_POINT('',(2.25,-5.75,3.35));
#12890 = VECTOR('',#12891,1.);
#12891 = DIRECTION('',(1.224646799147E-16,1.,0.));
#12892 = ORIENTED_EDGE('',*,*,#12893,.T.);
#12893 = EDGE_CURVE('',#12886,#12894,#12896,.T.);
#12894 = VERTEX_POINT('',#12895);
#12895 = CARTESIAN_POINT('',(2.25,0.25,2.8));
#12896 = CIRCLE('',#12897,0.55);
#12897 = AXIS2_PLACEMENT_3D('',#12898,#12899,#12900);
#12898 = CARTESIAN_POINT('',(2.25,-0.3,2.8));
#12899 = DIRECTION('',(-1.,1.224646799147E-16,0.));
#12900 = DIRECTION('',(0.,0.,1.));
#12901 = ORIENTED_EDGE('',*,*,#12902,.T.);
#12902 = EDGE_CURVE('',#12894,#12903,#12905,.T.);
#12903 = VERTEX_POINT('',#12904);
#12904 = CARTESIAN_POINT('',(2.25,0.25,-3.2));
#12905 = LINE('',#12906,#12907);
#12906 = CARTESIAN_POINT('',(2.25,0.25,3.35));
#12907 = VECTOR('',#12908,1.);
#12908 = DIRECTION('',(-0.,0.,-1.));
#12909 = ORIENTED_EDGE('',*,*,#12910,.T.);
#12910 = EDGE_CURVE('',#12903,#12911,#12913,.T.);
#12911 = VERTEX_POINT('',#12912);
#12912 = CARTESIAN_POINT('',(2.25,-0.25,-3.2));
#12913 = LINE('',#12914,#12915);
#12914 = CARTESIAN_POINT('',(2.25,0.25,-3.2));
#12915 = VECTOR('',#12916,1.);
#12916 = DIRECTION('',(-1.224646799147E-16,-1.,0.));
#12917 = ORIENTED_EDGE('',*,*,#12918,.T.);
#12918 = EDGE_CURVE('',#12911,#12919,#12921,.T.);
#12919 = VERTEX_POINT('',#12920);
#12920 = CARTESIAN_POINT('',(2.25,-0.25,2.8));
#12921 = LINE('',#12922,#12923);
#12922 = CARTESIAN_POINT('',(2.25,-0.25,-3.4));
#12923 = VECTOR('',#12924,1.);
#12924 = DIRECTION('',(0.,0.,1.));
#12925 = ORIENTED_EDGE('',*,*,#12926,.F.);
#12926 = EDGE_CURVE('',#12861,#12919,#12927,.T.);
#12927 = CIRCLE('',#12928,5.E-02);
#12928 = AXIS2_PLACEMENT_3D('',#12929,#12930,#12931);
#12929 = CARTESIAN_POINT('',(2.25,-0.3,2.8));
#12930 = DIRECTION('',(-1.,1.224646799147E-16,0.));
#12931 = DIRECTION('',(0.,0.,1.));
#12932 = ORIENTED_EDGE('',*,*,#12860,.T.);
#12933 = PLANE('',#12934);
#12934 = AXIS2_PLACEMENT_3D('',#12935,#12936,#12937);
#12935 = CARTESIAN_POINT('',(2.25,-1.401960784314,1.323039215686));
#12936 = DIRECTION('',(-1.,1.224646799147E-16,0.));
#12937 = DIRECTION('',(0.,0.,1.));
#12938 = ADVANCED_FACE('',(#12939),#12950,.F.);
#12939 = FACE_BOUND('',#12940,.F.);
#12940 = EDGE_LOOP('',(#12941,#12942,#12943,#12944));
#12941 = ORIENTED_EDGE('',*,*,#12885,.F.);
#12942 = ORIENTED_EDGE('',*,*,#11654,.F.);
#12943 = ORIENTED_EDGE('',*,*,#12796,.T.);
#12944 = ORIENTED_EDGE('',*,*,#12945,.F.);
#12945 = EDGE_CURVE('',#12886,#12797,#12946,.T.);
#12946 = LINE('',#12947,#12948);
#12947 = CARTESIAN_POINT('',(2.25,-0.3,3.35));
#12948 = VECTOR('',#12949,1.);
#12949 = DIRECTION('',(-1.,1.224646799147E-16,0.));
#12950 = PLANE('',#12951);
#12951 = AXIS2_PLACEMENT_3D('',#12952,#12953,#12954);
#12952 = CARTESIAN_POINT('',(2.25,-5.75,3.35));
#12953 = DIRECTION('',(-0.,0.,-1.));
#12954 = DIRECTION('',(1.224646799147E-16,1.,0.));
#12955 = ADVANCED_FACE('',(#12956),#12981,.F.);
#12956 = FACE_BOUND('',#12957,.F.);
#12957 = EDGE_LOOP('',(#12958,#12966,#12967,#12975));
#12958 = ORIENTED_EDGE('',*,*,#12959,.F.);
#12959 = EDGE_CURVE('',#11693,#12960,#12962,.T.);
#12960 = VERTEX_POINT('',#12961);
#12961 = CARTESIAN_POINT('',(0.25,-0.3,3.35));
#12962 = LINE('',#12963,#12964);
#12963 = CARTESIAN_POINT('',(0.25,-5.75,3.35));
#12964 = VECTOR('',#12965,1.);
#12965 = DIRECTION('',(1.224646799147E-16,1.,0.));
#12966 = ORIENTED_EDGE('',*,*,#11690,.F.);
#12967 = ORIENTED_EDGE('',*,*,#12968,.T.);
#12968 = EDGE_CURVE('',#11691,#12969,#12971,.T.);
#12969 = VERTEX_POINT('',#12970);
#12970 = CARTESIAN_POINT('',(-0.25,-0.3,3.35));
#12971 = LINE('',#12972,#12973);
#12972 = CARTESIAN_POINT('',(-0.25,-5.75,3.35));
#12973 = VECTOR('',#12974,1.);
#12974 = DIRECTION('',(1.224646799147E-16,1.,0.));
#12975 = ORIENTED_EDGE('',*,*,#12976,.F.);
#12976 = EDGE_CURVE('',#12960,#12969,#12977,.T.);
#12977 = LINE('',#12978,#12979);
#12978 = CARTESIAN_POINT('',(0.25,-0.3,3.35));
#12979 = VECTOR('',#12980,1.);
#12980 = DIRECTION('',(-1.,1.224646799147E-16,0.));
#12981 = PLANE('',#12982);
#12982 = AXIS2_PLACEMENT_3D('',#12983,#12984,#12985);
#12983 = CARTESIAN_POINT('',(0.25,-5.75,3.35));
#12984 = DIRECTION('',(-0.,0.,-1.));
#12985 = DIRECTION('',(1.224646799147E-16,1.,0.));
#12986 = ADVANCED_FACE('',(#12987),#13071,.T.);
#12987 = FACE_BOUND('',#12988,.T.);
#12988 = EDGE_LOOP('',(#12989,#12990,#12991,#13000,#13008,#13016,#13024,
    #13032,#13040,#13048,#13056,#13065));
#12989 = ORIENTED_EDGE('',*,*,#11716,.F.);
#12990 = ORIENTED_EDGE('',*,*,#12968,.T.);
#12991 = ORIENTED_EDGE('',*,*,#12992,.T.);
#12992 = EDGE_CURVE('',#12969,#12993,#12995,.T.);
#12993 = VERTEX_POINT('',#12994);
#12994 = CARTESIAN_POINT('',(-0.25,0.25,2.8));
#12995 = CIRCLE('',#12996,0.55);
#12996 = AXIS2_PLACEMENT_3D('',#12997,#12998,#12999);
#12997 = CARTESIAN_POINT('',(-0.25,-0.3,2.8));
#12998 = DIRECTION('',(-1.,1.224646799147E-16,0.));
#12999 = DIRECTION('',(0.,0.,1.));
#13000 = ORIENTED_EDGE('',*,*,#13001,.T.);
#13001 = EDGE_CURVE('',#12993,#13002,#13004,.T.);
#13002 = VERTEX_POINT('',#13003);
#13003 = CARTESIAN_POINT('',(-0.25,0.25,-0.9));
#13004 = LINE('',#13005,#13006);
#13005 = CARTESIAN_POINT('',(-0.25,0.25,3.35));
#13006 = VECTOR('',#13007,1.);
#13007 = DIRECTION('',(-0.,0.,-1.));
#13008 = ORIENTED_EDGE('',*,*,#13009,.T.);
#13009 = EDGE_CURVE('',#13002,#13010,#13012,.T.);
#13010 = VERTEX_POINT('',#13011);
#13011 = CARTESIAN_POINT('',(-0.25,-5.E-02,-1.5));
#13012 = LINE('',#13013,#13014);
#13013 = CARTESIAN_POINT('',(-0.25,0.25,-0.9));
#13014 = VECTOR('',#13015,1.);
#13015 = DIRECTION('',(-5.476786982641E-17,-0.4472135955,-0.894427191));
#13016 = ORIENTED_EDGE('',*,*,#13017,.T.);
#13017 = EDGE_CURVE('',#13010,#13018,#13020,.T.);
#13018 = VERTEX_POINT('',#13019);
#13019 = CARTESIAN_POINT('',(-0.25,0.218421052632,-3.2));
#13020 = LINE('',#13021,#13022);
#13021 = CARTESIAN_POINT('',(-0.25,-5.E-02,-1.5));
#13022 = VECTOR('',#13023,1.);
#13023 = DIRECTION('',(1.909990663905E-17,0.155962573473,-0.987762965329
    ));
#13024 = ORIENTED_EDGE('',*,*,#13025,.T.);
#13025 = EDGE_CURVE('',#13018,#13026,#13028,.T.);
#13026 = VERTEX_POINT('',#13027);
#13027 = CARTESIAN_POINT('',(-0.25,-0.281578947368,-3.2));
#13028 = LINE('',#13029,#13030);
#13029 = CARTESIAN_POINT('',(-0.25,0.25,-3.2));
#13030 = VECTOR('',#13031,1.);
#13031 = DIRECTION('',(-1.224646799147E-16,-1.,0.));
#13032 = ORIENTED_EDGE('',*,*,#13033,.T.);
#13033 = EDGE_CURVE('',#13026,#13034,#13036,.T.);
#13034 = VERTEX_POINT('',#13035);
#13035 = CARTESIAN_POINT('',(-0.25,-0.55,-1.5));
#13036 = LINE('',#13037,#13038);
#13037 = CARTESIAN_POINT('',(-0.25,-0.25,-3.4));
#13038 = VECTOR('',#13039,1.);
#13039 = DIRECTION('',(-1.909990663905E-17,-0.155962573473,
    0.987762965329));
#13040 = ORIENTED_EDGE('',*,*,#13041,.T.);
#13041 = EDGE_CURVE('',#13034,#13042,#13044,.T.);
#13042 = VERTEX_POINT('',#13043);
#13043 = CARTESIAN_POINT('',(-0.25,-0.25,-0.9));
#13044 = LINE('',#13045,#13046);
#13045 = CARTESIAN_POINT('',(-0.25,-0.55,-1.5));
#13046 = VECTOR('',#13047,1.);
#13047 = DIRECTION('',(5.476786982641E-17,0.4472135955,0.894427191));
#13048 = ORIENTED_EDGE('',*,*,#13049,.T.);
#13049 = EDGE_CURVE('',#13042,#13050,#13052,.T.);
#13050 = VERTEX_POINT('',#13051);
#13051 = CARTESIAN_POINT('',(-0.25,-0.25,2.8));
#13052 = LINE('',#13053,#13054);
#13053 = CARTESIAN_POINT('',(-0.25,-0.25,-0.9));
#13054 = VECTOR('',#13055,1.);
#13055 = DIRECTION('',(0.,0.,1.));
#13056 = ORIENTED_EDGE('',*,*,#13057,.F.);
#13057 = EDGE_CURVE('',#13058,#13050,#13060,.T.);
#13058 = VERTEX_POINT('',#13059);
#13059 = CARTESIAN_POINT('',(-0.25,-0.3,2.85));
#13060 = CIRCLE('',#13061,5.E-02);
#13061 = AXIS2_PLACEMENT_3D('',#13062,#13063,#13064);
#13062 = CARTESIAN_POINT('',(-0.25,-0.3,2.8));
#13063 = DIRECTION('',(-1.,1.224646799147E-16,0.));
#13064 = DIRECTION('',(0.,0.,1.));
#13065 = ORIENTED_EDGE('',*,*,#13066,.T.);
#13066 = EDGE_CURVE('',#13058,#11709,#13067,.T.);
#13067 = LINE('',#13068,#13069);
#13068 = CARTESIAN_POINT('',(-0.25,-0.25,2.85));
#13069 = VECTOR('',#13070,1.);
#13070 = DIRECTION('',(-1.224646799147E-16,-1.,0.));
#13071 = PLANE('',#13072);
#13072 = AXIS2_PLACEMENT_3D('',#13073,#13074,#13075);
#13073 = CARTESIAN_POINT('',(-0.25,-1.421959173294,1.302213422577));
#13074 = DIRECTION('',(-1.,1.224646799147E-16,0.));
#13075 = DIRECTION('',(0.,0.,1.));
#13076 = ADVANCED_FACE('',(#13077),#13095,.F.);
#13077 = FACE_BOUND('',#13078,.F.);
#13078 = EDGE_LOOP('',(#13079,#13087,#13093,#13094));
#13079 = ORIENTED_EDGE('',*,*,#13080,.F.);
#13080 = EDGE_CURVE('',#13081,#11701,#13083,.T.);
#13081 = VERTEX_POINT('',#13082);
#13082 = CARTESIAN_POINT('',(0.25,-0.3,2.85));
#13083 = LINE('',#13084,#13085);
#13084 = CARTESIAN_POINT('',(0.25,-0.25,2.85));
#13085 = VECTOR('',#13086,1.);
#13086 = DIRECTION('',(-1.224646799147E-16,-1.,0.));
#13087 = ORIENTED_EDGE('',*,*,#13088,.T.);
#13088 = EDGE_CURVE('',#13081,#13058,#13089,.T.);
#13089 = LINE('',#13090,#13091);
#13090 = CARTESIAN_POINT('',(0.25,-0.3,2.85));
#13091 = VECTOR('',#13092,1.);
#13092 = DIRECTION('',(-1.,1.224646799147E-16,0.));
#13093 = ORIENTED_EDGE('',*,*,#13066,.T.);
#13094 = ORIENTED_EDGE('',*,*,#11708,.F.);
#13095 = PLANE('',#13096);
#13096 = AXIS2_PLACEMENT_3D('',#13097,#13098,#13099);
#13097 = CARTESIAN_POINT('',(0.25,-0.25,2.85));
#13098 = DIRECTION('',(0.,0.,1.));
#13099 = DIRECTION('',(-1.224646799147E-16,-1.,0.));
#13100 = ADVANCED_FACE('',(#13101),#13178,.F.);
#13101 = FACE_BOUND('',#13102,.F.);
#13102 = EDGE_LOOP('',(#13103,#13104,#13105,#13114,#13122,#13130,#13138,
    #13146,#13154,#13162,#13170,#13177));
#13103 = ORIENTED_EDGE('',*,*,#11700,.F.);
#13104 = ORIENTED_EDGE('',*,*,#12959,.T.);
#13105 = ORIENTED_EDGE('',*,*,#13106,.T.);
#13106 = EDGE_CURVE('',#12960,#13107,#13109,.T.);
#13107 = VERTEX_POINT('',#13108);
#13108 = CARTESIAN_POINT('',(0.25,0.25,2.8));
#13109 = CIRCLE('',#13110,0.55);
#13110 = AXIS2_PLACEMENT_3D('',#13111,#13112,#13113);
#13111 = CARTESIAN_POINT('',(0.25,-0.3,2.8));
#13112 = DIRECTION('',(-1.,1.224646799147E-16,0.));
#13113 = DIRECTION('',(0.,0.,1.));
#13114 = ORIENTED_EDGE('',*,*,#13115,.T.);
#13115 = EDGE_CURVE('',#13107,#13116,#13118,.T.);
#13116 = VERTEX_POINT('',#13117);
#13117 = CARTESIAN_POINT('',(0.25,0.25,-0.9));
#13118 = LINE('',#13119,#13120);
#13119 = CARTESIAN_POINT('',(0.25,0.25,3.35));
#13120 = VECTOR('',#13121,1.);
#13121 = DIRECTION('',(-0.,0.,-1.));
#13122 = ORIENTED_EDGE('',*,*,#13123,.T.);
#13123 = EDGE_CURVE('',#13116,#13124,#13126,.T.);
#13124 = VERTEX_POINT('',#13125);
#13125 = CARTESIAN_POINT('',(0.25,-5.E-02,-1.5));
#13126 = LINE('',#13127,#13128);
#13127 = CARTESIAN_POINT('',(0.25,0.25,-0.9));
#13128 = VECTOR('',#13129,1.);
#13129 = DIRECTION('',(-5.476786982641E-17,-0.4472135955,-0.894427191));
#13130 = ORIENTED_EDGE('',*,*,#13131,.T.);
#13131 = EDGE_CURVE('',#13124,#13132,#13134,.T.);
#13132 = VERTEX_POINT('',#13133);
#13133 = CARTESIAN_POINT('',(0.25,0.218421052632,-3.2));
#13134 = LINE('',#13135,#13136);
#13135 = CARTESIAN_POINT('',(0.25,-5.E-02,-1.5));
#13136 = VECTOR('',#13137,1.);
#13137 = DIRECTION('',(1.909990663905E-17,0.155962573473,-0.987762965329
    ));
#13138 = ORIENTED_EDGE('',*,*,#13139,.T.);
#13139 = EDGE_CURVE('',#13132,#13140,#13142,.T.);
#13140 = VERTEX_POINT('',#13141);
#13141 = CARTESIAN_POINT('',(0.25,-0.281578947368,-3.2));
#13142 = LINE('',#13143,#13144);
#13143 = CARTESIAN_POINT('',(0.25,0.25,-3.2));
#13144 = VECTOR('',#13145,1.);
#13145 = DIRECTION('',(-1.224646799147E-16,-1.,0.));
#13146 = ORIENTED_EDGE('',*,*,#13147,.T.);
#13147 = EDGE_CURVE('',#13140,#13148,#13150,.T.);
#13148 = VERTEX_POINT('',#13149);
#13149 = CARTESIAN_POINT('',(0.25,-0.55,-1.5));
#13150 = LINE('',#13151,#13152);
#13151 = CARTESIAN_POINT('',(0.25,-0.25,-3.4));
#13152 = VECTOR('',#13153,1.);
#13153 = DIRECTION('',(-1.909990663905E-17,-0.155962573473,
    0.987762965329));
#13154 = ORIENTED_EDGE('',*,*,#13155,.T.);
#13155 = EDGE_CURVE('',#13148,#13156,#13158,.T.);
#13156 = VERTEX_POINT('',#13157);
#13157 = CARTESIAN_POINT('',(0.25,-0.25,-0.9));
#13158 = LINE('',#13159,#13160);
#13159 = CARTESIAN_POINT('',(0.25,-0.55,-1.5));
#13160 = VECTOR('',#13161,1.);
#13161 = DIRECTION('',(5.476786982641E-17,0.4472135955,0.894427191));
#13162 = ORIENTED_EDGE('',*,*,#13163,.T.);
#13163 = EDGE_CURVE('',#13156,#13164,#13166,.T.);
#13164 = VERTEX_POINT('',#13165);
#13165 = CARTESIAN_POINT('',(0.25,-0.25,2.8));
#13166 = LINE('',#13167,#13168);
#13167 = CARTESIAN_POINT('',(0.25,-0.25,-0.9));
#13168 = VECTOR('',#13169,1.);
#13169 = DIRECTION('',(0.,0.,1.));
#13170 = ORIENTED_EDGE('',*,*,#13171,.F.);
#13171 = EDGE_CURVE('',#13081,#13164,#13172,.T.);
#13172 = CIRCLE('',#13173,5.E-02);
#13173 = AXIS2_PLACEMENT_3D('',#13174,#13175,#13176);
#13174 = CARTESIAN_POINT('',(0.25,-0.3,2.8));
#13175 = DIRECTION('',(-1.,1.224646799147E-16,0.));
#13176 = DIRECTION('',(0.,0.,1.));
#13177 = ORIENTED_EDGE('',*,*,#13080,.T.);
#13178 = PLANE('',#13179);
#13179 = AXIS2_PLACEMENT_3D('',#13180,#13181,#13182);
#13180 = CARTESIAN_POINT('',(0.25,-1.421959173294,1.302213422577));
#13181 = DIRECTION('',(-1.,1.224646799147E-16,0.));
#13182 = DIRECTION('',(0.,0.,1.));
#13183 = ADVANCED_FACE('',(#13184),#13190,.F.);
#13184 = FACE_BOUND('',#13185,.F.);
#13185 = EDGE_LOOP('',(#13186,#13187,#13188,#13189));
#13186 = ORIENTED_EDGE('',*,*,#11841,.T.);
#13187 = ORIENTED_EDGE('',*,*,#11824,.T.);
#13188 = ORIENTED_EDGE('',*,*,#11800,.F.);
#13189 = ORIENTED_EDGE('',*,*,#11776,.F.);
#13190 = PLANE('',#13191);
#13191 = AXIS2_PLACEMENT_3D('',#13192,#13193,#13194);
#13192 = CARTESIAN_POINT('',(4.25,-5.75,2.85));
#13193 = DIRECTION('',(1.224646799147E-16,1.,0.));
#13194 = DIRECTION('',(0.,-0.,1.));
#13195 = ADVANCED_FACE('',(#13196),#13202,.F.);
#13196 = FACE_BOUND('',#13197,.F.);
#13197 = EDGE_LOOP('',(#13198,#13199,#13200,#13201));
#13198 = ORIENTED_EDGE('',*,*,#11896,.T.);
#13199 = ORIENTED_EDGE('',*,*,#11872,.T.);
#13200 = ORIENTED_EDGE('',*,*,#11937,.F.);
#13201 = ORIENTED_EDGE('',*,*,#11920,.F.);
#13202 = PLANE('',#13203);
#13203 = AXIS2_PLACEMENT_3D('',#13204,#13205,#13206);
#13204 = CARTESIAN_POINT('',(6.25,-5.75,2.85));
#13205 = DIRECTION('',(1.224646799147E-16,1.,0.));
#13206 = DIRECTION('',(0.,-0.,1.));
#13207 = ADVANCED_FACE('',(#13208),#13214,.F.);
#13208 = FACE_BOUND('',#13209,.F.);
#13209 = EDGE_LOOP('',(#13210,#13211,#13212,#13213));
#13210 = ORIENTED_EDGE('',*,*,#12016,.T.);
#13211 = ORIENTED_EDGE('',*,*,#11992,.T.);
#13212 = ORIENTED_EDGE('',*,*,#11959,.F.);
#13213 = ORIENTED_EDGE('',*,*,#12033,.F.);
#13214 = PLANE('',#13215);
#13215 = AXIS2_PLACEMENT_3D('',#13216,#13217,#13218);
#13216 = CARTESIAN_POINT('',(0.25,-5.75,2.85));
#13217 = DIRECTION('',(1.224646799147E-16,1.,0.));
#13218 = DIRECTION('',(0.,-0.,1.));
#13219 = ADVANCED_FACE('',(#13220),#13226,.F.);
#13220 = FACE_BOUND('',#13221,.F.);
#13221 = EDGE_LOOP('',(#13222,#13223,#13224,#13225));
#13222 = ORIENTED_EDGE('',*,*,#12088,.T.);
#13223 = ORIENTED_EDGE('',*,*,#12064,.T.);
#13224 = ORIENTED_EDGE('',*,*,#12129,.F.);
#13225 = ORIENTED_EDGE('',*,*,#12112,.F.);
#13226 = PLANE('',#13227);
#13227 = AXIS2_PLACEMENT_3D('',#13228,#13229,#13230);
#13228 = CARTESIAN_POINT('',(2.25,-5.75,2.85));
#13229 = DIRECTION('',(1.224646799147E-16,1.,0.));
#13230 = DIRECTION('',(0.,-0.,1.));
#13231 = ADVANCED_FACE('',(#13232),#13238,.F.);
#13232 = FACE_BOUND('',#13233,.F.);
#13233 = EDGE_LOOP('',(#13234,#13235,#13236,#13237));
#13234 = ORIENTED_EDGE('',*,*,#12208,.T.);
#13235 = ORIENTED_EDGE('',*,*,#12184,.T.);
#13236 = ORIENTED_EDGE('',*,*,#12151,.F.);
#13237 = ORIENTED_EDGE('',*,*,#12225,.F.);
#13238 = PLANE('',#13239);
#13239 = AXIS2_PLACEMENT_3D('',#13240,#13241,#13242);
#13240 = CARTESIAN_POINT('',(8.25,-5.75,2.85));
#13241 = DIRECTION('',(1.224646799147E-16,1.,0.));
#13242 = DIRECTION('',(0.,-0.,1.));
#13243 = ADVANCED_FACE('',(#13244),#13255,.T.);
#13244 = FACE_BOUND('',#13245,.T.);
#13245 = EDGE_LOOP('',(#13246,#13247,#13253,#13254));
#13246 = ORIENTED_EDGE('',*,*,#12386,.T.);
#13247 = ORIENTED_EDGE('',*,*,#13248,.T.);
#13248 = EDGE_CURVE('',#12387,#12273,#13249,.T.);
#13249 = LINE('',#13250,#13251);
#13250 = CARTESIAN_POINT('',(8.25,0.25,2.8));
#13251 = VECTOR('',#13252,1.);
#13252 = DIRECTION('',(-1.,1.224646799147E-16,0.));
#13253 = ORIENTED_EDGE('',*,*,#12272,.F.);
#13254 = ORIENTED_EDGE('',*,*,#12256,.F.);
#13255 = CYLINDRICAL_SURFACE('',#13256,0.55);
#13256 = AXIS2_PLACEMENT_3D('',#13257,#13258,#13259);
#13257 = CARTESIAN_POINT('',(8.25,-0.3,2.8));
#13258 = DIRECTION('',(-1.,1.224646799147E-16,0.));
#13259 = DIRECTION('',(0.,0.,1.));
#13260 = ADVANCED_FACE('',(#13261),#13272,.F.);
#13261 = FACE_BOUND('',#13262,.F.);
#13262 = EDGE_LOOP('',(#13263,#13264,#13270,#13271));
#13263 = ORIENTED_EDGE('',*,*,#12451,.T.);
#13264 = ORIENTED_EDGE('',*,*,#13265,.T.);
#13265 = EDGE_CURVE('',#12444,#12330,#13266,.T.);
#13266 = LINE('',#13267,#13268);
#13267 = CARTESIAN_POINT('',(8.25,-0.25,2.8));
#13268 = VECTOR('',#13269,1.);
#13269 = DIRECTION('',(-1.,1.224646799147E-16,0.));
#13270 = ORIENTED_EDGE('',*,*,#12337,.F.);
#13271 = ORIENTED_EDGE('',*,*,#12368,.F.);
#13272 = CYLINDRICAL_SURFACE('',#13273,5.E-02);
#13273 = AXIS2_PLACEMENT_3D('',#13274,#13275,#13276);
#13274 = CARTESIAN_POINT('',(8.25,-0.3,2.8));
#13275 = DIRECTION('',(-1.,1.224646799147E-16,0.));
#13276 = DIRECTION('',(0.,0.,1.));
#13277 = ADVANCED_FACE('',(#13278),#13289,.F.);
#13278 = FACE_BOUND('',#13279,.F.);
#13279 = EDGE_LOOP('',(#13280,#13281,#13287,#13288));
#13280 = ORIENTED_EDGE('',*,*,#12443,.F.);
#13281 = ORIENTED_EDGE('',*,*,#13282,.T.);
#13282 = EDGE_CURVE('',#12436,#12322,#13283,.T.);
#13283 = LINE('',#13284,#13285);
#13284 = CARTESIAN_POINT('',(8.25,-0.25,-0.9));
#13285 = VECTOR('',#13286,1.);
#13286 = DIRECTION('',(-1.,1.224646799147E-16,0.));
#13287 = ORIENTED_EDGE('',*,*,#12329,.T.);
#13288 = ORIENTED_EDGE('',*,*,#13265,.F.);
#13289 = PLANE('',#13290);
#13290 = AXIS2_PLACEMENT_3D('',#13291,#13292,#13293);
#13291 = CARTESIAN_POINT('',(8.25,-0.25,-0.9));
#13292 = DIRECTION('',(1.224646799147E-16,1.,0.));
#13293 = DIRECTION('',(0.,-0.,1.));
#13294 = ADVANCED_FACE('',(#13295),#13306,.F.);
#13295 = FACE_BOUND('',#13296,.F.);
#13296 = EDGE_LOOP('',(#13297,#13303,#13304,#13305));
#13297 = ORIENTED_EDGE('',*,*,#13298,.T.);
#13298 = EDGE_CURVE('',#12428,#12314,#13299,.T.);
#13299 = LINE('',#13300,#13301);
#13300 = CARTESIAN_POINT('',(8.25,-0.55,-1.5));
#13301 = VECTOR('',#13302,1.);
#13302 = DIRECTION('',(-1.,1.224646799147E-16,0.));
#13303 = ORIENTED_EDGE('',*,*,#12321,.T.);
#13304 = ORIENTED_EDGE('',*,*,#13282,.F.);
#13305 = ORIENTED_EDGE('',*,*,#12435,.F.);
#13306 = PLANE('',#13307);
#13307 = AXIS2_PLACEMENT_3D('',#13308,#13309,#13310);
#13308 = CARTESIAN_POINT('',(8.25,-0.55,-1.5));
#13309 = DIRECTION('',(1.095357396528E-16,0.894427191,-0.4472135955));
#13310 = DIRECTION('',(5.476786982641E-17,0.4472135955,0.894427191));
#13311 = ADVANCED_FACE('',(#13312),#13339,.F.);
#13312 = FACE_BOUND('',#13313,.F.);
#13313 = EDGE_LOOP('',(#13314,#13315,#13323,#13331,#13337,#13338));
#13314 = ORIENTED_EDGE('',*,*,#12427,.F.);
#13315 = ORIENTED_EDGE('',*,*,#13316,.F.);
#13316 = EDGE_CURVE('',#13317,#12420,#13319,.T.);
#13317 = VERTEX_POINT('',#13318);
#13318 = CARTESIAN_POINT('',(8.247552593066,-0.281192514695,
    -3.202447406934));
#13319 = LINE('',#13320,#13321);
#13320 = CARTESIAN_POINT('',(8.1292749658,-0.262517099863,-3.3207250342)
  );
#13321 = VECTOR('',#13322,1.);
#13322 = DIRECTION('',(0.702740385383,-0.110959008218,0.702740385383));
#13323 = ORIENTED_EDGE('',*,*,#13324,.T.);
#13324 = EDGE_CURVE('',#13317,#13325,#13327,.T.);
#13325 = VERTEX_POINT('',#13326);
#13326 = CARTESIAN_POINT('',(7.752447406934,-0.281192514695,
    -3.202447406934));
#13327 = LINE('',#13328,#13329);
#13328 = CARTESIAN_POINT('',(8.25,-0.281192514695,-3.202447406934));
#13329 = VECTOR('',#13330,1.);
#13330 = DIRECTION('',(-1.,1.224646799147E-16,0.));
#13331 = ORIENTED_EDGE('',*,*,#13332,.T.);
#13332 = EDGE_CURVE('',#13325,#12306,#13333,.T.);
#13333 = LINE('',#13334,#13335);
#13334 = CARTESIAN_POINT('',(7.994186046512,-0.243023255814,
    -3.444186046512));
#13335 = VECTOR('',#13336,1.);
#13336 = DIRECTION('',(-0.702740385383,-0.110959008218,0.702740385383));
#13337 = ORIENTED_EDGE('',*,*,#12313,.T.);
#13338 = ORIENTED_EDGE('',*,*,#13298,.F.);
#13339 = PLANE('',#13340);
#13340 = AXIS2_PLACEMENT_3D('',#13341,#13342,#13343);
#13341 = CARTESIAN_POINT('',(8.25,-0.25,-3.4));
#13342 = DIRECTION('',(1.209660753807E-16,0.987762965329,0.155962573473)
  );
#13343 = DIRECTION('',(-1.909990663905E-17,-0.155962573473,
    0.987762965329));
#13344 = ADVANCED_FACE('',(#13345),#13379,.F.);
#13345 = FACE_BOUND('',#13346,.T.);
#13346 = EDGE_LOOP('',(#13347,#13355,#13356,#13357,#13365,#13373));
#13347 = ORIENTED_EDGE('',*,*,#13348,.T.);
#13348 = EDGE_CURVE('',#13349,#13325,#13351,.T.);
#13349 = VERTEX_POINT('',#13350);
#13350 = CARTESIAN_POINT('',(7.95,-5.E-02,-3.4));
#13351 = LINE('',#13352,#13353);
#13352 = CARTESIAN_POINT('',(7.982204224438,-1.231193164325E-02,
    -3.432204224438));
#13353 = VECTOR('',#13354,1.);
#13354 = DIRECTION('',(-0.544770019249,-0.63753529491,0.544770019249));
#13355 = ORIENTED_EDGE('',*,*,#13332,.T.);
#13356 = ORIENTED_EDGE('',*,*,#12305,.F.);
#13357 = ORIENTED_EDGE('',*,*,#13358,.F.);
#13358 = EDGE_CURVE('',#13359,#12298,#13361,.T.);
#13359 = VERTEX_POINT('',#13360);
#13360 = CARTESIAN_POINT('',(7.752447406934,0.218807485305,
    -3.202447406934));
#13361 = LINE('',#13362,#13363);
#13362 = CARTESIAN_POINT('',(7.493844049248,0.177975376197,
    -2.943844049248));
#13363 = VECTOR('',#13364,1.);
#13364 = DIRECTION('',(-0.702740385383,-0.110959008218,0.702740385383));
#13365 = ORIENTED_EDGE('',*,*,#13366,.F.);
#13366 = EDGE_CURVE('',#13367,#13359,#13369,.T.);
#13367 = VERTEX_POINT('',#13368);
#13368 = CARTESIAN_POINT('',(7.95,5.E-02,-3.4));
#13369 = LINE('',#13370,#13371);
#13370 = CARTESIAN_POINT('',(7.905717325178,8.783927542193E-02,
    -3.355717325178));
#13371 = VECTOR('',#13372,1.);
#13372 = DIRECTION('',(-0.605209817607,0.517148096144,0.605209817607));
#13373 = ORIENTED_EDGE('',*,*,#13374,.T.);
#13374 = EDGE_CURVE('',#13367,#13349,#13375,.T.);
#13375 = LINE('',#13376,#13377);
#13376 = CARTESIAN_POINT('',(7.95,0.25,-3.4));
#13377 = VECTOR('',#13378,1.);
#13378 = DIRECTION('',(-1.224646799147E-16,-1.,0.));
#13379 = PLANE('',#13380);
#13380 = AXIS2_PLACEMENT_3D('',#13381,#13382,#13383);
#13381 = CARTESIAN_POINT('',(7.85,0.25,-3.3));
#13382 = DIRECTION('',(0.707106781187,-8.833102285013E-17,0.707106781187
    ));
#13383 = DIRECTION('',(1.236918052038E-16,1.,1.227125289097E-18));
#13384 = ADVANCED_FACE('',(#13385),#13410,.F.);
#13385 = FACE_BOUND('',#13386,.F.);
#13386 = EDGE_LOOP('',(#13387,#13388,#13394,#13395,#13396,#13404));
#13387 = ORIENTED_EDGE('',*,*,#12411,.F.);
#13388 = ORIENTED_EDGE('',*,*,#13389,.T.);
#13389 = EDGE_CURVE('',#12404,#12290,#13390,.T.);
#13390 = LINE('',#13391,#13392);
#13391 = CARTESIAN_POINT('',(8.25,-5.E-02,-1.5));
#13392 = VECTOR('',#13393,1.);
#13393 = DIRECTION('',(-1.,1.224646799147E-16,0.));
#13394 = ORIENTED_EDGE('',*,*,#12297,.T.);
#13395 = ORIENTED_EDGE('',*,*,#13358,.F.);
#13396 = ORIENTED_EDGE('',*,*,#13397,.F.);
#13397 = EDGE_CURVE('',#13398,#13359,#13400,.T.);
#13398 = VERTEX_POINT('',#13399);
#13399 = CARTESIAN_POINT('',(8.247552593066,0.218807485305,
    -3.202447406934));
#13400 = LINE('',#13401,#13402);
#13401 = CARTESIAN_POINT('',(8.25,0.218807485305,-3.202447406934));
#13402 = VECTOR('',#13403,1.);
#13403 = DIRECTION('',(-1.,1.224646799147E-16,0.));
#13404 = ORIENTED_EDGE('',*,*,#13405,.T.);
#13405 = EDGE_CURVE('',#13398,#12412,#13406,.T.);
#13406 = LINE('',#13407,#13408);
#13407 = CARTESIAN_POINT('',(8.629616963064,0.158481532148,
    -2.820383036936));
#13408 = VECTOR('',#13409,1.);
#13409 = DIRECTION('',(0.702740385383,-0.110959008218,0.702740385383));
#13410 = PLANE('',#13411);
#13411 = AXIS2_PLACEMENT_3D('',#13412,#13413,#13414);
#13412 = CARTESIAN_POINT('',(8.25,-5.E-02,-1.5));
#13413 = DIRECTION('',(-1.209660753807E-16,-0.987762965329,
    -0.155962573473));
#13414 = DIRECTION('',(1.909990663905E-17,0.155962573473,-0.987762965329
    ));
#13415 = ADVANCED_FACE('',(#13416),#13427,.F.);
#13416 = FACE_BOUND('',#13417,.F.);
#13417 = EDGE_LOOP('',(#13418,#13424,#13425,#13426));
#13418 = ORIENTED_EDGE('',*,*,#13419,.T.);
#13419 = EDGE_CURVE('',#12396,#12282,#13420,.T.);
#13420 = LINE('',#13421,#13422);
#13421 = CARTESIAN_POINT('',(8.25,0.25,-0.9));
#13422 = VECTOR('',#13423,1.);
#13423 = DIRECTION('',(-1.,1.224646799147E-16,0.));
#13424 = ORIENTED_EDGE('',*,*,#12289,.T.);
#13425 = ORIENTED_EDGE('',*,*,#13389,.F.);
#13426 = ORIENTED_EDGE('',*,*,#12403,.F.);
#13427 = PLANE('',#13428);
#13428 = AXIS2_PLACEMENT_3D('',#13429,#13430,#13431);
#13429 = CARTESIAN_POINT('',(8.25,0.25,-0.9));
#13430 = DIRECTION('',(-1.095357396528E-16,-0.894427191,0.4472135955));
#13431 = DIRECTION('',(-5.476786982641E-17,-0.4472135955,-0.894427191));
#13432 = ADVANCED_FACE('',(#13433),#13439,.F.);
#13433 = FACE_BOUND('',#13434,.F.);
#13434 = EDGE_LOOP('',(#13435,#13436,#13437,#13438));
#13435 = ORIENTED_EDGE('',*,*,#12395,.F.);
#13436 = ORIENTED_EDGE('',*,*,#13248,.T.);
#13437 = ORIENTED_EDGE('',*,*,#12281,.T.);
#13438 = ORIENTED_EDGE('',*,*,#13419,.F.);
#13439 = PLANE('',#13440);
#13440 = AXIS2_PLACEMENT_3D('',#13441,#13442,#13443);
#13441 = CARTESIAN_POINT('',(8.25,0.25,3.35));
#13442 = DIRECTION('',(-1.224646799147E-16,-1.,0.));
#13443 = DIRECTION('',(-0.,0.,-1.));
#13444 = ADVANCED_FACE('',(#13445),#13472,.T.);
#13445 = FACE_BOUND('',#13446,.F.);
#13446 = EDGE_LOOP('',(#13447,#13455,#13463,#13469,#13470,#13471));
#13447 = ORIENTED_EDGE('',*,*,#13448,.F.);
#13448 = EDGE_CURVE('',#13449,#13398,#13451,.T.);
#13449 = VERTEX_POINT('',#13450);
#13450 = CARTESIAN_POINT('',(8.05,5.E-02,-3.4));
#13451 = LINE('',#13452,#13453);
#13452 = CARTESIAN_POINT('',(8.185852405654,0.166085051658,
    -3.264147594346));
#13453 = VECTOR('',#13454,1.);
#13454 = DIRECTION('',(0.605209817607,0.517148096144,0.605209817607));
#13455 = ORIENTED_EDGE('',*,*,#13456,.T.);
#13456 = EDGE_CURVE('',#13449,#13457,#13459,.T.);
#13457 = VERTEX_POINT('',#13458);
#13458 = CARTESIAN_POINT('',(8.05,-5.E-02,-3.4));
#13459 = LINE('',#13460,#13461);
#13460 = CARTESIAN_POINT('',(8.05,0.25,-3.4));
#13461 = VECTOR('',#13462,1.);
#13462 = DIRECTION('',(-1.224646799147E-16,-1.,0.));
#13463 = ORIENTED_EDGE('',*,*,#13464,.T.);
#13464 = EDGE_CURVE('',#13457,#13317,#13465,.T.);
#13465 = LINE('',#13466,#13467);
#13466 = CARTESIAN_POINT('',(8.09198936903,-9.913946036316E-02,
    -3.35801063097));
#13467 = VECTOR('',#13468,1.);
#13468 = DIRECTION('',(0.544770019249,-0.63753529491,0.544770019249));
#13469 = ORIENTED_EDGE('',*,*,#13316,.T.);
#13470 = ORIENTED_EDGE('',*,*,#12419,.F.);
#13471 = ORIENTED_EDGE('',*,*,#13405,.F.);
#13472 = PLANE('',#13473);
#13473 = AXIS2_PLACEMENT_3D('',#13474,#13475,#13476);
#13474 = CARTESIAN_POINT('',(8.15,0.25,-3.3));
#13475 = DIRECTION('',(0.707106781187,-8.486018839685E-17,
    -0.707106781187));
#13476 = DIRECTION('',(1.212375546256E-16,1.,1.227125289196E-18));
#13477 = ADVANCED_FACE('',(#13478),#13489,.F.);
#13478 = FACE_BOUND('',#13479,.F.);
#13479 = EDGE_LOOP('',(#13480,#13481,#13487,#13488));
#13480 = ORIENTED_EDGE('',*,*,#12598,.T.);
#13481 = ORIENTED_EDGE('',*,*,#13482,.T.);
#13482 = EDGE_CURVE('',#12591,#12502,#13483,.T.);
#13483 = LINE('',#13484,#13485);
#13484 = CARTESIAN_POINT('',(6.25,-0.25,2.8));
#13485 = VECTOR('',#13486,1.);
#13486 = DIRECTION('',(-1.,1.224646799147E-16,0.));
#13487 = ORIENTED_EDGE('',*,*,#12509,.F.);
#13488 = ORIENTED_EDGE('',*,*,#12540,.F.);
#13489 = CYLINDRICAL_SURFACE('',#13490,5.E-02);
#13490 = AXIS2_PLACEMENT_3D('',#13491,#13492,#13493);
#13491 = CARTESIAN_POINT('',(6.25,-0.3,2.8));
#13492 = DIRECTION('',(-1.,1.224646799147E-16,0.));
#13493 = DIRECTION('',(0.,0.,1.));
#13494 = ADVANCED_FACE('',(#13495),#13506,.F.);
#13495 = FACE_BOUND('',#13496,.F.);
#13496 = EDGE_LOOP('',(#13497,#13498,#13504,#13505));
#13497 = ORIENTED_EDGE('',*,*,#12590,.F.);
#13498 = ORIENTED_EDGE('',*,*,#13499,.T.);
#13499 = EDGE_CURVE('',#12583,#12494,#13500,.T.);
#13500 = LINE('',#13501,#13502);
#13501 = CARTESIAN_POINT('',(6.25,-0.25,-3.2));
#13502 = VECTOR('',#13503,1.);
#13503 = DIRECTION('',(-1.,1.224646799147E-16,0.));
#13504 = ORIENTED_EDGE('',*,*,#12501,.T.);
#13505 = ORIENTED_EDGE('',*,*,#13482,.F.);
#13506 = PLANE('',#13507);
#13507 = AXIS2_PLACEMENT_3D('',#13508,#13509,#13510);
#13508 = CARTESIAN_POINT('',(6.25,-0.25,-3.4));
#13509 = DIRECTION('',(1.224646799147E-16,1.,0.));
#13510 = DIRECTION('',(0.,-0.,1.));
#13511 = ADVANCED_FACE('',(#13512),#13537,.F.);
#13512 = FACE_BOUND('',#13513,.T.);
#13513 = EDGE_LOOP('',(#13514,#13522,#13530,#13536));
#13514 = ORIENTED_EDGE('',*,*,#13515,.F.);
#13515 = EDGE_CURVE('',#13516,#12486,#13518,.T.);
#13516 = VERTEX_POINT('',#13517);
#13517 = CARTESIAN_POINT('',(5.95,5.E-02,-3.4));
#13518 = LINE('',#13519,#13520);
#13519 = CARTESIAN_POINT('',(5.9,0.1,-3.35));
#13520 = VECTOR('',#13521,1.);
#13521 = DIRECTION('',(-0.57735026919,0.57735026919,0.57735026919));
#13522 = ORIENTED_EDGE('',*,*,#13523,.T.);
#13523 = EDGE_CURVE('',#13516,#13524,#13526,.T.);
#13524 = VERTEX_POINT('',#13525);
#13525 = CARTESIAN_POINT('',(5.95,-5.E-02,-3.4));
#13526 = LINE('',#13527,#13528);
#13527 = CARTESIAN_POINT('',(5.95,0.25,-3.4));
#13528 = VECTOR('',#13529,1.);
#13529 = DIRECTION('',(-1.224646799147E-16,-1.,0.));
#13530 = ORIENTED_EDGE('',*,*,#13531,.T.);
#13531 = EDGE_CURVE('',#13524,#12494,#13532,.T.);
#13532 = LINE('',#13533,#13534);
#13533 = CARTESIAN_POINT('',(5.983333333333,-1.666666666667E-02,
    -3.433333333333));
#13534 = VECTOR('',#13535,1.);
#13535 = DIRECTION('',(-0.57735026919,-0.57735026919,0.57735026919));
#13536 = ORIENTED_EDGE('',*,*,#12493,.F.);
#13537 = PLANE('',#13538);
#13538 = AXIS2_PLACEMENT_3D('',#13539,#13540,#13541);
#13539 = CARTESIAN_POINT('',(5.85,0.25,-3.3));
#13540 = DIRECTION('',(0.707106781187,-8.833102285013E-17,0.707106781187
    ));
#13541 = DIRECTION('',(1.236918052038E-16,1.,1.227125289097E-18));
#13542 = ADVANCED_FACE('',(#13543),#13559,.F.);
#13543 = FACE_BOUND('',#13544,.F.);
#13544 = EDGE_LOOP('',(#13545,#13546,#13552,#13553));
#13545 = ORIENTED_EDGE('',*,*,#12574,.F.);
#13546 = ORIENTED_EDGE('',*,*,#13547,.T.);
#13547 = EDGE_CURVE('',#12566,#12477,#13548,.T.);
#13548 = LINE('',#13549,#13550);
#13549 = CARTESIAN_POINT('',(6.25,0.25,2.8));
#13550 = VECTOR('',#13551,1.);
#13551 = DIRECTION('',(-1.,1.224646799147E-16,0.));
#13552 = ORIENTED_EDGE('',*,*,#12485,.T.);
#13553 = ORIENTED_EDGE('',*,*,#13554,.F.);
#13554 = EDGE_CURVE('',#12575,#12486,#13555,.T.);
#13555 = LINE('',#13556,#13557);
#13556 = CARTESIAN_POINT('',(6.25,0.25,-3.2));
#13557 = VECTOR('',#13558,1.);
#13558 = DIRECTION('',(-1.,1.224646799147E-16,0.));
#13559 = PLANE('',#13560);
#13560 = AXIS2_PLACEMENT_3D('',#13561,#13562,#13563);
#13561 = CARTESIAN_POINT('',(6.25,0.25,3.35));
#13562 = DIRECTION('',(-1.224646799147E-16,-1.,0.));
#13563 = DIRECTION('',(-0.,0.,-1.));
#13564 = ADVANCED_FACE('',(#13565),#13571,.T.);
#13565 = FACE_BOUND('',#13566,.T.);
#13566 = EDGE_LOOP('',(#13567,#13568,#13569,#13570));
#13567 = ORIENTED_EDGE('',*,*,#12565,.T.);
#13568 = ORIENTED_EDGE('',*,*,#13547,.T.);
#13569 = ORIENTED_EDGE('',*,*,#12476,.F.);
#13570 = ORIENTED_EDGE('',*,*,#12617,.F.);
#13571 = CYLINDRICAL_SURFACE('',#13572,0.55);
#13572 = AXIS2_PLACEMENT_3D('',#13573,#13574,#13575);
#13573 = CARTESIAN_POINT('',(6.25,-0.3,2.8));
#13574 = DIRECTION('',(-1.,1.224646799147E-16,0.));
#13575 = DIRECTION('',(0.,0.,1.));
#13576 = ADVANCED_FACE('',(#13577),#13602,.T.);
#13577 = FACE_BOUND('',#13578,.F.);
#13578 = EDGE_LOOP('',(#13579,#13587,#13595,#13601));
#13579 = ORIENTED_EDGE('',*,*,#13580,.F.);
#13580 = EDGE_CURVE('',#13581,#12575,#13583,.T.);
#13581 = VERTEX_POINT('',#13582);
#13582 = CARTESIAN_POINT('',(6.05,5.E-02,-3.4));
#13583 = LINE('',#13584,#13585);
#13584 = CARTESIAN_POINT('',(6.183333333333,0.183333333333,
    -3.266666666667));
#13585 = VECTOR('',#13586,1.);
#13586 = DIRECTION('',(0.57735026919,0.57735026919,0.57735026919));
#13587 = ORIENTED_EDGE('',*,*,#13588,.T.);
#13588 = EDGE_CURVE('',#13581,#13589,#13591,.T.);
#13589 = VERTEX_POINT('',#13590);
#13590 = CARTESIAN_POINT('',(6.05,-5.E-02,-3.4));
#13591 = LINE('',#13592,#13593);
#13592 = CARTESIAN_POINT('',(6.05,0.25,-3.4));
#13593 = VECTOR('',#13594,1.);
#13594 = DIRECTION('',(-1.224646799147E-16,-1.,0.));
#13595 = ORIENTED_EDGE('',*,*,#13596,.T.);
#13596 = EDGE_CURVE('',#13589,#12583,#13597,.T.);
#13597 = LINE('',#13598,#13599);
#13598 = CARTESIAN_POINT('',(6.1,-0.1,-3.35));
#13599 = VECTOR('',#13600,1.);
#13600 = DIRECTION('',(0.57735026919,-0.57735026919,0.57735026919));
#13601 = ORIENTED_EDGE('',*,*,#12582,.F.);
#13602 = PLANE('',#13603);
#13603 = AXIS2_PLACEMENT_3D('',#13604,#13605,#13606);
#13604 = CARTESIAN_POINT('',(6.15,0.25,-3.3));
#13605 = DIRECTION('',(0.707106781187,-8.486018839685E-17,
    -0.707106781187));
#13606 = DIRECTION('',(1.212375546256E-16,1.,1.227125289196E-18));
#13607 = ADVANCED_FACE('',(#13608),#13619,.F.);
#13608 = FACE_BOUND('',#13609,.F.);
#13609 = EDGE_LOOP('',(#13610,#13611,#13617,#13618));
#13610 = ORIENTED_EDGE('',*,*,#12673,.T.);
#13611 = ORIENTED_EDGE('',*,*,#13612,.T.);
#13612 = EDGE_CURVE('',#12666,#12748,#13613,.T.);
#13613 = LINE('',#13614,#13615);
#13614 = CARTESIAN_POINT('',(4.25,-0.25,2.8));
#13615 = VECTOR('',#13616,1.);
#13616 = DIRECTION('',(-1.,1.224646799147E-16,0.));
#13617 = ORIENTED_EDGE('',*,*,#12755,.F.);
#13618 = ORIENTED_EDGE('',*,*,#12779,.F.);
#13619 = CYLINDRICAL_SURFACE('',#13620,5.E-02);
#13620 = AXIS2_PLACEMENT_3D('',#13621,#13622,#13623);
#13621 = CARTESIAN_POINT('',(4.25,-0.3,2.8));
#13622 = DIRECTION('',(-1.,1.224646799147E-16,0.));
#13623 = DIRECTION('',(0.,0.,1.));
#13624 = ADVANCED_FACE('',(#13625),#13636,.F.);
#13625 = FACE_BOUND('',#13626,.F.);
#13626 = EDGE_LOOP('',(#13627,#13628,#13634,#13635));
#13627 = ORIENTED_EDGE('',*,*,#12665,.F.);
#13628 = ORIENTED_EDGE('',*,*,#13629,.T.);
#13629 = EDGE_CURVE('',#12658,#12740,#13630,.T.);
#13630 = LINE('',#13631,#13632);
#13631 = CARTESIAN_POINT('',(4.25,-0.25,-3.2));
#13632 = VECTOR('',#13633,1.);
#13633 = DIRECTION('',(-1.,1.224646799147E-16,0.));
#13634 = ORIENTED_EDGE('',*,*,#12747,.T.);
#13635 = ORIENTED_EDGE('',*,*,#13612,.F.);
#13636 = PLANE('',#13637);
#13637 = AXIS2_PLACEMENT_3D('',#13638,#13639,#13640);
#13638 = CARTESIAN_POINT('',(4.25,-0.25,-3.4));
#13639 = DIRECTION('',(1.224646799147E-16,1.,0.));
#13640 = DIRECTION('',(0.,-0.,1.));
#13641 = ADVANCED_FACE('',(#13642),#13667,.T.);
#13642 = FACE_BOUND('',#13643,.F.);
#13643 = EDGE_LOOP('',(#13644,#13652,#13660,#13666));
#13644 = ORIENTED_EDGE('',*,*,#13645,.F.);
#13645 = EDGE_CURVE('',#13646,#12650,#13648,.T.);
#13646 = VERTEX_POINT('',#13647);
#13647 = CARTESIAN_POINT('',(4.05,5.E-02,-3.4));
#13648 = LINE('',#13649,#13650);
#13649 = CARTESIAN_POINT('',(4.183333333333,0.183333333333,
    -3.266666666667));
#13650 = VECTOR('',#13651,1.);
#13651 = DIRECTION('',(0.57735026919,0.57735026919,0.57735026919));
#13652 = ORIENTED_EDGE('',*,*,#13653,.T.);
#13653 = EDGE_CURVE('',#13646,#13654,#13656,.T.);
#13654 = VERTEX_POINT('',#13655);
#13655 = CARTESIAN_POINT('',(4.05,-5.E-02,-3.4));
#13656 = LINE('',#13657,#13658);
#13657 = CARTESIAN_POINT('',(4.05,0.25,-3.4));
#13658 = VECTOR('',#13659,1.);
#13659 = DIRECTION('',(-1.224646799147E-16,-1.,0.));
#13660 = ORIENTED_EDGE('',*,*,#13661,.T.);
#13661 = EDGE_CURVE('',#13654,#12658,#13662,.T.);
#13662 = LINE('',#13663,#13664);
#13663 = CARTESIAN_POINT('',(4.1,-0.1,-3.35));
#13664 = VECTOR('',#13665,1.);
#13665 = DIRECTION('',(0.57735026919,-0.57735026919,0.57735026919));
#13666 = ORIENTED_EDGE('',*,*,#12657,.F.);
#13667 = PLANE('',#13668);
#13668 = AXIS2_PLACEMENT_3D('',#13669,#13670,#13671);
#13669 = CARTESIAN_POINT('',(4.15,0.25,-3.3));
#13670 = DIRECTION('',(0.707106781187,-8.486018839685E-17,
    -0.707106781187));
#13671 = DIRECTION('',(1.212375546256E-16,1.,1.227125289196E-18));
#13672 = ADVANCED_FACE('',(#13673),#13689,.F.);
#13673 = FACE_BOUND('',#13674,.F.);
#13674 = EDGE_LOOP('',(#13675,#13676,#13682,#13683));
#13675 = ORIENTED_EDGE('',*,*,#12649,.F.);
#13676 = ORIENTED_EDGE('',*,*,#13677,.T.);
#13677 = EDGE_CURVE('',#12641,#12723,#13678,.T.);
#13678 = LINE('',#13679,#13680);
#13679 = CARTESIAN_POINT('',(4.25,0.25,2.8));
#13680 = VECTOR('',#13681,1.);
#13681 = DIRECTION('',(-1.,1.224646799147E-16,0.));
#13682 = ORIENTED_EDGE('',*,*,#12731,.T.);
#13683 = ORIENTED_EDGE('',*,*,#13684,.F.);
#13684 = EDGE_CURVE('',#12650,#12732,#13685,.T.);
#13685 = LINE('',#13686,#13687);
#13686 = CARTESIAN_POINT('',(4.25,0.25,-3.2));
#13687 = VECTOR('',#13688,1.);
#13688 = DIRECTION('',(-1.,1.224646799147E-16,0.));
#13689 = PLANE('',#13690);
#13690 = AXIS2_PLACEMENT_3D('',#13691,#13692,#13693);
#13691 = CARTESIAN_POINT('',(4.25,0.25,3.35));
#13692 = DIRECTION('',(-1.224646799147E-16,-1.,0.));
#13693 = DIRECTION('',(-0.,0.,-1.));
#13694 = ADVANCED_FACE('',(#13695),#13701,.T.);
#13695 = FACE_BOUND('',#13696,.T.);
#13696 = EDGE_LOOP('',(#13697,#13698,#13699,#13700));
#13697 = ORIENTED_EDGE('',*,*,#12640,.T.);
#13698 = ORIENTED_EDGE('',*,*,#13677,.T.);
#13699 = ORIENTED_EDGE('',*,*,#12722,.F.);
#13700 = ORIENTED_EDGE('',*,*,#12706,.F.);
#13701 = CYLINDRICAL_SURFACE('',#13702,0.55);
#13702 = AXIS2_PLACEMENT_3D('',#13703,#13704,#13705);
#13703 = CARTESIAN_POINT('',(4.25,-0.3,2.8));
#13704 = DIRECTION('',(-1.,1.224646799147E-16,0.));
#13705 = DIRECTION('',(0.,0.,1.));
#13706 = ADVANCED_FACE('',(#13707),#13732,.F.);
#13707 = FACE_BOUND('',#13708,.T.);
#13708 = EDGE_LOOP('',(#13709,#13717,#13725,#13731));
#13709 = ORIENTED_EDGE('',*,*,#13710,.F.);
#13710 = EDGE_CURVE('',#13711,#12732,#13713,.T.);
#13711 = VERTEX_POINT('',#13712);
#13712 = CARTESIAN_POINT('',(3.95,5.E-02,-3.4));
#13713 = LINE('',#13714,#13715);
#13714 = CARTESIAN_POINT('',(3.9,0.1,-3.35));
#13715 = VECTOR('',#13716,1.);
#13716 = DIRECTION('',(-0.57735026919,0.57735026919,0.57735026919));
#13717 = ORIENTED_EDGE('',*,*,#13718,.T.);
#13718 = EDGE_CURVE('',#13711,#13719,#13721,.T.);
#13719 = VERTEX_POINT('',#13720);
#13720 = CARTESIAN_POINT('',(3.95,-5.E-02,-3.4));
#13721 = LINE('',#13722,#13723);
#13722 = CARTESIAN_POINT('',(3.95,0.25,-3.4));
#13723 = VECTOR('',#13724,1.);
#13724 = DIRECTION('',(-1.224646799147E-16,-1.,0.));
#13725 = ORIENTED_EDGE('',*,*,#13726,.T.);
#13726 = EDGE_CURVE('',#13719,#12740,#13727,.T.);
#13727 = LINE('',#13728,#13729);
#13728 = CARTESIAN_POINT('',(3.983333333333,-1.666666666667E-02,
    -3.433333333333));
#13729 = VECTOR('',#13730,1.);
#13730 = DIRECTION('',(-0.57735026919,-0.57735026919,0.57735026919));
#13731 = ORIENTED_EDGE('',*,*,#12739,.F.);
#13732 = PLANE('',#13733);
#13733 = AXIS2_PLACEMENT_3D('',#13734,#13735,#13736);
#13734 = CARTESIAN_POINT('',(3.85,0.25,-3.3));
#13735 = DIRECTION('',(0.707106781187,-8.833102285013E-17,0.707106781187
    ));
#13736 = DIRECTION('',(1.236918052038E-16,1.,1.227125289097E-18));
#13737 = ADVANCED_FACE('',(#13738),#13749,.F.);
#13738 = FACE_BOUND('',#13739,.F.);
#13739 = EDGE_LOOP('',(#13740,#13741,#13747,#13748));
#13740 = ORIENTED_EDGE('',*,*,#12926,.T.);
#13741 = ORIENTED_EDGE('',*,*,#13742,.T.);
#13742 = EDGE_CURVE('',#12919,#12830,#13743,.T.);
#13743 = LINE('',#13744,#13745);
#13744 = CARTESIAN_POINT('',(2.25,-0.25,2.8));
#13745 = VECTOR('',#13746,1.);
#13746 = DIRECTION('',(-1.,1.224646799147E-16,0.));
#13747 = ORIENTED_EDGE('',*,*,#12837,.F.);
#13748 = ORIENTED_EDGE('',*,*,#12868,.F.);
#13749 = CYLINDRICAL_SURFACE('',#13750,5.E-02);
#13750 = AXIS2_PLACEMENT_3D('',#13751,#13752,#13753);
#13751 = CARTESIAN_POINT('',(2.25,-0.3,2.8));
#13752 = DIRECTION('',(-1.,1.224646799147E-16,0.));
#13753 = DIRECTION('',(0.,0.,1.));
#13754 = ADVANCED_FACE('',(#13755),#13766,.F.);
#13755 = FACE_BOUND('',#13756,.F.);
#13756 = EDGE_LOOP('',(#13757,#13758,#13764,#13765));
#13757 = ORIENTED_EDGE('',*,*,#12918,.F.);
#13758 = ORIENTED_EDGE('',*,*,#13759,.T.);
#13759 = EDGE_CURVE('',#12911,#12822,#13760,.T.);
#13760 = LINE('',#13761,#13762);
#13761 = CARTESIAN_POINT('',(2.25,-0.25,-3.2));
#13762 = VECTOR('',#13763,1.);
#13763 = DIRECTION('',(-1.,1.224646799147E-16,0.));
#13764 = ORIENTED_EDGE('',*,*,#12829,.T.);
#13765 = ORIENTED_EDGE('',*,*,#13742,.F.);
#13766 = PLANE('',#13767);
#13767 = AXIS2_PLACEMENT_3D('',#13768,#13769,#13770);
#13768 = CARTESIAN_POINT('',(2.25,-0.25,-3.4));
#13769 = DIRECTION('',(1.224646799147E-16,1.,0.));
#13770 = DIRECTION('',(0.,-0.,1.));
#13771 = ADVANCED_FACE('',(#13772),#13797,.F.);
#13772 = FACE_BOUND('',#13773,.T.);
#13773 = EDGE_LOOP('',(#13774,#13782,#13790,#13796));
#13774 = ORIENTED_EDGE('',*,*,#13775,.F.);
#13775 = EDGE_CURVE('',#13776,#12814,#13778,.T.);
#13776 = VERTEX_POINT('',#13777);
#13777 = CARTESIAN_POINT('',(1.95,5.E-02,-3.4));
#13778 = LINE('',#13779,#13780);
#13779 = CARTESIAN_POINT('',(1.9,0.1,-3.35));
#13780 = VECTOR('',#13781,1.);
#13781 = DIRECTION('',(-0.57735026919,0.57735026919,0.57735026919));
#13782 = ORIENTED_EDGE('',*,*,#13783,.T.);
#13783 = EDGE_CURVE('',#13776,#13784,#13786,.T.);
#13784 = VERTEX_POINT('',#13785);
#13785 = CARTESIAN_POINT('',(1.95,-5.E-02,-3.4));
#13786 = LINE('',#13787,#13788);
#13787 = CARTESIAN_POINT('',(1.95,0.25,-3.4));
#13788 = VECTOR('',#13789,1.);
#13789 = DIRECTION('',(-1.224646799147E-16,-1.,0.));
#13790 = ORIENTED_EDGE('',*,*,#13791,.T.);
#13791 = EDGE_CURVE('',#13784,#12822,#13792,.T.);
#13792 = LINE('',#13793,#13794);
#13793 = CARTESIAN_POINT('',(1.983333333333,-1.666666666667E-02,
    -3.433333333333));
#13794 = VECTOR('',#13795,1.);
#13795 = DIRECTION('',(-0.57735026919,-0.57735026919,0.57735026919));
#13796 = ORIENTED_EDGE('',*,*,#12821,.F.);
#13797 = PLANE('',#13798);
#13798 = AXIS2_PLACEMENT_3D('',#13799,#13800,#13801);
#13799 = CARTESIAN_POINT('',(1.85,0.25,-3.3));
#13800 = DIRECTION('',(0.707106781187,-8.833102285013E-17,0.707106781187
    ));
#13801 = DIRECTION('',(1.236918052038E-16,1.,1.227125289097E-18));
#13802 = ADVANCED_FACE('',(#13803),#13819,.F.);
#13803 = FACE_BOUND('',#13804,.F.);
#13804 = EDGE_LOOP('',(#13805,#13806,#13812,#13813));
#13805 = ORIENTED_EDGE('',*,*,#12902,.F.);
#13806 = ORIENTED_EDGE('',*,*,#13807,.T.);
#13807 = EDGE_CURVE('',#12894,#12805,#13808,.T.);
#13808 = LINE('',#13809,#13810);
#13809 = CARTESIAN_POINT('',(2.25,0.25,2.8));
#13810 = VECTOR('',#13811,1.);
#13811 = DIRECTION('',(-1.,1.224646799147E-16,0.));
#13812 = ORIENTED_EDGE('',*,*,#12813,.T.);
#13813 = ORIENTED_EDGE('',*,*,#13814,.F.);
#13814 = EDGE_CURVE('',#12903,#12814,#13815,.T.);
#13815 = LINE('',#13816,#13817);
#13816 = CARTESIAN_POINT('',(2.25,0.25,-3.2));
#13817 = VECTOR('',#13818,1.);
#13818 = DIRECTION('',(-1.,1.224646799147E-16,0.));
#13819 = PLANE('',#13820);
#13820 = AXIS2_PLACEMENT_3D('',#13821,#13822,#13823);
#13821 = CARTESIAN_POINT('',(2.25,0.25,3.35));
#13822 = DIRECTION('',(-1.224646799147E-16,-1.,0.));
#13823 = DIRECTION('',(-0.,0.,-1.));
#13824 = ADVANCED_FACE('',(#13825),#13831,.T.);
#13825 = FACE_BOUND('',#13826,.T.);
#13826 = EDGE_LOOP('',(#13827,#13828,#13829,#13830));
#13827 = ORIENTED_EDGE('',*,*,#12893,.T.);
#13828 = ORIENTED_EDGE('',*,*,#13807,.T.);
#13829 = ORIENTED_EDGE('',*,*,#12804,.F.);
#13830 = ORIENTED_EDGE('',*,*,#12945,.F.);
#13831 = CYLINDRICAL_SURFACE('',#13832,0.55);
#13832 = AXIS2_PLACEMENT_3D('',#13833,#13834,#13835);
#13833 = CARTESIAN_POINT('',(2.25,-0.3,2.8));
#13834 = DIRECTION('',(-1.,1.224646799147E-16,0.));
#13835 = DIRECTION('',(0.,0.,1.));
#13836 = ADVANCED_FACE('',(#13837),#13862,.T.);
#13837 = FACE_BOUND('',#13838,.F.);
#13838 = EDGE_LOOP('',(#13839,#13847,#13855,#13861));
#13839 = ORIENTED_EDGE('',*,*,#13840,.F.);
#13840 = EDGE_CURVE('',#13841,#12903,#13843,.T.);
#13841 = VERTEX_POINT('',#13842);
#13842 = CARTESIAN_POINT('',(2.05,5.E-02,-3.4));
#13843 = LINE('',#13844,#13845);
#13844 = CARTESIAN_POINT('',(2.183333333333,0.183333333333,
    -3.266666666667));
#13845 = VECTOR('',#13846,1.);
#13846 = DIRECTION('',(0.57735026919,0.57735026919,0.57735026919));
#13847 = ORIENTED_EDGE('',*,*,#13848,.T.);
#13848 = EDGE_CURVE('',#13841,#13849,#13851,.T.);
#13849 = VERTEX_POINT('',#13850);
#13850 = CARTESIAN_POINT('',(2.05,-5.E-02,-3.4));
#13851 = LINE('',#13852,#13853);
#13852 = CARTESIAN_POINT('',(2.05,0.25,-3.4));
#13853 = VECTOR('',#13854,1.);
#13854 = DIRECTION('',(-1.224646799147E-16,-1.,0.));
#13855 = ORIENTED_EDGE('',*,*,#13856,.T.);
#13856 = EDGE_CURVE('',#13849,#12911,#13857,.T.);
#13857 = LINE('',#13858,#13859);
#13858 = CARTESIAN_POINT('',(2.1,-0.1,-3.35));
#13859 = VECTOR('',#13860,1.);
#13860 = DIRECTION('',(0.57735026919,-0.57735026919,0.57735026919));
#13861 = ORIENTED_EDGE('',*,*,#12910,.F.);
#13862 = PLANE('',#13863);
#13863 = AXIS2_PLACEMENT_3D('',#13864,#13865,#13866);
#13864 = CARTESIAN_POINT('',(2.15,0.25,-3.3));
#13865 = DIRECTION('',(0.707106781187,-8.486018839685E-17,
    -0.707106781187));
#13866 = DIRECTION('',(1.212375546256E-16,1.,1.227125289196E-18));
#13867 = ADVANCED_FACE('',(#13868),#13879,.T.);
#13868 = FACE_BOUND('',#13869,.T.);
#13869 = EDGE_LOOP('',(#13870,#13871,#13877,#13878));
#13870 = ORIENTED_EDGE('',*,*,#13106,.T.);
#13871 = ORIENTED_EDGE('',*,*,#13872,.T.);
#13872 = EDGE_CURVE('',#13107,#12993,#13873,.T.);
#13873 = LINE('',#13874,#13875);
#13874 = CARTESIAN_POINT('',(0.25,0.25,2.8));
#13875 = VECTOR('',#13876,1.);
#13876 = DIRECTION('',(-1.,1.224646799147E-16,0.));
#13877 = ORIENTED_EDGE('',*,*,#12992,.F.);
#13878 = ORIENTED_EDGE('',*,*,#12976,.F.);
#13879 = CYLINDRICAL_SURFACE('',#13880,0.55);
#13880 = AXIS2_PLACEMENT_3D('',#13881,#13882,#13883);
#13881 = CARTESIAN_POINT('',(0.25,-0.3,2.8));
#13882 = DIRECTION('',(-1.,1.224646799147E-16,0.));
#13883 = DIRECTION('',(0.,0.,1.));
#13884 = ADVANCED_FACE('',(#13885),#13896,.F.);
#13885 = FACE_BOUND('',#13886,.F.);
#13886 = EDGE_LOOP('',(#13887,#13888,#13894,#13895));
#13887 = ORIENTED_EDGE('',*,*,#13171,.T.);
#13888 = ORIENTED_EDGE('',*,*,#13889,.T.);
#13889 = EDGE_CURVE('',#13164,#13050,#13890,.T.);
#13890 = LINE('',#13891,#13892);
#13891 = CARTESIAN_POINT('',(0.25,-0.25,2.8));
#13892 = VECTOR('',#13893,1.);
#13893 = DIRECTION('',(-1.,1.224646799147E-16,0.));
#13894 = ORIENTED_EDGE('',*,*,#13057,.F.);
#13895 = ORIENTED_EDGE('',*,*,#13088,.F.);
#13896 = CYLINDRICAL_SURFACE('',#13897,5.E-02);
#13897 = AXIS2_PLACEMENT_3D('',#13898,#13899,#13900);
#13898 = CARTESIAN_POINT('',(0.25,-0.3,2.8));
#13899 = DIRECTION('',(-1.,1.224646799147E-16,0.));
#13900 = DIRECTION('',(0.,0.,1.));
#13901 = ADVANCED_FACE('',(#13902),#13913,.F.);
#13902 = FACE_BOUND('',#13903,.F.);
#13903 = EDGE_LOOP('',(#13904,#13905,#13911,#13912));
#13904 = ORIENTED_EDGE('',*,*,#13163,.F.);
#13905 = ORIENTED_EDGE('',*,*,#13906,.T.);
#13906 = EDGE_CURVE('',#13156,#13042,#13907,.T.);
#13907 = LINE('',#13908,#13909);
#13908 = CARTESIAN_POINT('',(0.25,-0.25,-0.9));
#13909 = VECTOR('',#13910,1.);
#13910 = DIRECTION('',(-1.,1.224646799147E-16,0.));
#13911 = ORIENTED_EDGE('',*,*,#13049,.T.);
#13912 = ORIENTED_EDGE('',*,*,#13889,.F.);
#13913 = PLANE('',#13914);
#13914 = AXIS2_PLACEMENT_3D('',#13915,#13916,#13917);
#13915 = CARTESIAN_POINT('',(0.25,-0.25,-0.9));
#13916 = DIRECTION('',(1.224646799147E-16,1.,0.));
#13917 = DIRECTION('',(0.,-0.,1.));
#13918 = ADVANCED_FACE('',(#13919),#13930,.F.);
#13919 = FACE_BOUND('',#13920,.F.);
#13920 = EDGE_LOOP('',(#13921,#13927,#13928,#13929));
#13921 = ORIENTED_EDGE('',*,*,#13922,.T.);
#13922 = EDGE_CURVE('',#13148,#13034,#13923,.T.);
#13923 = LINE('',#13924,#13925);
#13924 = CARTESIAN_POINT('',(0.25,-0.55,-1.5));
#13925 = VECTOR('',#13926,1.);
#13926 = DIRECTION('',(-1.,1.224646799147E-16,0.));
#13927 = ORIENTED_EDGE('',*,*,#13041,.T.);
#13928 = ORIENTED_EDGE('',*,*,#13906,.F.);
#13929 = ORIENTED_EDGE('',*,*,#13155,.F.);
#13930 = PLANE('',#13931);
#13931 = AXIS2_PLACEMENT_3D('',#13932,#13933,#13934);
#13932 = CARTESIAN_POINT('',(0.25,-0.55,-1.5));
#13933 = DIRECTION('',(1.095357396528E-16,0.894427191,-0.4472135955));
#13934 = DIRECTION('',(5.476786982641E-17,0.4472135955,0.894427191));
#13935 = ADVANCED_FACE('',(#13936),#13963,.F.);
#13936 = FACE_BOUND('',#13937,.F.);
#13937 = EDGE_LOOP('',(#13938,#13939,#13947,#13955,#13961,#13962));
#13938 = ORIENTED_EDGE('',*,*,#13147,.F.);
#13939 = ORIENTED_EDGE('',*,*,#13940,.F.);
#13940 = EDGE_CURVE('',#13941,#13140,#13943,.T.);
#13941 = VERTEX_POINT('',#13942);
#13942 = CARTESIAN_POINT('',(0.247552593066,-0.281192514695,
    -3.202447406934));
#13943 = LINE('',#13944,#13945);
#13944 = CARTESIAN_POINT('',(0.1292749658,-0.262517099863,-3.3207250342)
  );
#13945 = VECTOR('',#13946,1.);
#13946 = DIRECTION('',(0.702740385383,-0.110959008218,0.702740385383));
#13947 = ORIENTED_EDGE('',*,*,#13948,.T.);
#13948 = EDGE_CURVE('',#13941,#13949,#13951,.T.);
#13949 = VERTEX_POINT('',#13950);
#13950 = CARTESIAN_POINT('',(-0.247552593066,-0.281192514695,
    -3.202447406934));
#13951 = LINE('',#13952,#13953);
#13952 = CARTESIAN_POINT('',(0.25,-0.281192514695,-3.202447406934));
#13953 = VECTOR('',#13954,1.);
#13954 = DIRECTION('',(-1.,1.224646799147E-16,0.));
#13955 = ORIENTED_EDGE('',*,*,#13956,.T.);
#13956 = EDGE_CURVE('',#13949,#13026,#13957,.T.);
#13957 = LINE('',#13958,#13959);
#13958 = CARTESIAN_POINT('',(-5.813953488372E-03,-0.243023255814,
    -3.444186046512));
#13959 = VECTOR('',#13960,1.);
#13960 = DIRECTION('',(-0.702740385383,-0.110959008218,0.702740385383));
#13961 = ORIENTED_EDGE('',*,*,#13033,.T.);
#13962 = ORIENTED_EDGE('',*,*,#13922,.F.);
#13963 = PLANE('',#13964);
#13964 = AXIS2_PLACEMENT_3D('',#13965,#13966,#13967);
#13965 = CARTESIAN_POINT('',(0.25,-0.25,-3.4));
#13966 = DIRECTION('',(1.209660753807E-16,0.987762965329,0.155962573473)
  );
#13967 = DIRECTION('',(-1.909990663905E-17,-0.155962573473,
    0.987762965329));
#13968 = ADVANCED_FACE('',(#13969),#14003,.F.);
#13969 = FACE_BOUND('',#13970,.T.);
#13970 = EDGE_LOOP('',(#13971,#13979,#13980,#13981,#13989,#13997));
#13971 = ORIENTED_EDGE('',*,*,#13972,.T.);
#13972 = EDGE_CURVE('',#13973,#13949,#13975,.T.);
#13973 = VERTEX_POINT('',#13974);
#13974 = CARTESIAN_POINT('',(-5.E-02,-5.E-02,-3.4));
#13975 = LINE('',#13976,#13977);
#13976 = CARTESIAN_POINT('',(-1.77957755624E-02,-1.231193164325E-02,
    -3.432204224438));
#13977 = VECTOR('',#13978,1.);
#13978 = DIRECTION('',(-0.544770019249,-0.63753529491,0.544770019249));
#13979 = ORIENTED_EDGE('',*,*,#13956,.T.);
#13980 = ORIENTED_EDGE('',*,*,#13025,.F.);
#13981 = ORIENTED_EDGE('',*,*,#13982,.F.);
#13982 = EDGE_CURVE('',#13983,#13018,#13985,.T.);
#13983 = VERTEX_POINT('',#13984);
#13984 = CARTESIAN_POINT('',(-0.247552593066,0.218807485305,
    -3.202447406934));
#13985 = LINE('',#13986,#13987);
#13986 = CARTESIAN_POINT('',(-0.506155950752,0.177975376197,
    -2.943844049248));
#13987 = VECTOR('',#13988,1.);
#13988 = DIRECTION('',(-0.702740385383,-0.110959008218,0.702740385383));
#13989 = ORIENTED_EDGE('',*,*,#13990,.F.);
#13990 = EDGE_CURVE('',#13991,#13983,#13993,.T.);
#13991 = VERTEX_POINT('',#13992);
#13992 = CARTESIAN_POINT('',(-5.E-02,5.E-02,-3.4));
#13993 = LINE('',#13994,#13995);
#13994 = CARTESIAN_POINT('',(-9.428267482221E-02,8.783927542193E-02,
    -3.355717325178));
#13995 = VECTOR('',#13996,1.);
#13996 = DIRECTION('',(-0.605209817607,0.517148096144,0.605209817607));
#13997 = ORIENTED_EDGE('',*,*,#13998,.T.);
#13998 = EDGE_CURVE('',#13991,#13973,#13999,.T.);
#13999 = LINE('',#14000,#14001);
#14000 = CARTESIAN_POINT('',(-5.E-02,0.25,-3.4));
#14001 = VECTOR('',#14002,1.);
#14002 = DIRECTION('',(-1.224646799147E-16,-1.,0.));
#14003 = PLANE('',#14004);
#14004 = AXIS2_PLACEMENT_3D('',#14005,#14006,#14007);
#14005 = CARTESIAN_POINT('',(-0.15,0.25,-3.3));
#14006 = DIRECTION('',(0.707106781187,-8.833102285013E-17,0.707106781187
    ));
#14007 = DIRECTION('',(1.236918052038E-16,1.,1.227125289097E-18));
#14008 = ADVANCED_FACE('',(#14009),#14034,.F.);
#14009 = FACE_BOUND('',#14010,.F.);
#14010 = EDGE_LOOP('',(#14011,#14012,#14018,#14019,#14020,#14028));
#14011 = ORIENTED_EDGE('',*,*,#13131,.F.);
#14012 = ORIENTED_EDGE('',*,*,#14013,.T.);
#14013 = EDGE_CURVE('',#13124,#13010,#14014,.T.);
#14014 = LINE('',#14015,#14016);
#14015 = CARTESIAN_POINT('',(0.25,-5.E-02,-1.5));
#14016 = VECTOR('',#14017,1.);
#14017 = DIRECTION('',(-1.,1.224646799147E-16,0.));
#14018 = ORIENTED_EDGE('',*,*,#13017,.T.);
#14019 = ORIENTED_EDGE('',*,*,#13982,.F.);
#14020 = ORIENTED_EDGE('',*,*,#14021,.F.);
#14021 = EDGE_CURVE('',#14022,#13983,#14024,.T.);
#14022 = VERTEX_POINT('',#14023);
#14023 = CARTESIAN_POINT('',(0.247552593066,0.218807485305,
    -3.202447406934));
#14024 = LINE('',#14025,#14026);
#14025 = CARTESIAN_POINT('',(0.25,0.218807485305,-3.202447406934));
#14026 = VECTOR('',#14027,1.);
#14027 = DIRECTION('',(-1.,1.224646799147E-16,0.));
#14028 = ORIENTED_EDGE('',*,*,#14029,.T.);
#14029 = EDGE_CURVE('',#14022,#13132,#14030,.T.);
#14030 = LINE('',#14031,#14032);
#14031 = CARTESIAN_POINT('',(0.629616963064,0.158481532148,
    -2.820383036936));
#14032 = VECTOR('',#14033,1.);
#14033 = DIRECTION('',(0.702740385383,-0.110959008218,0.702740385383));
#14034 = PLANE('',#14035);
#14035 = AXIS2_PLACEMENT_3D('',#14036,#14037,#14038);
#14036 = CARTESIAN_POINT('',(0.25,-5.E-02,-1.5));
#14037 = DIRECTION('',(-1.209660753807E-16,-0.987762965329,
    -0.155962573473));
#14038 = DIRECTION('',(1.909990663905E-17,0.155962573473,-0.987762965329
    ));
#14039 = ADVANCED_FACE('',(#14040),#14051,.F.);
#14040 = FACE_BOUND('',#14041,.F.);
#14041 = EDGE_LOOP('',(#14042,#14048,#14049,#14050));
#14042 = ORIENTED_EDGE('',*,*,#14043,.T.);
#14043 = EDGE_CURVE('',#13116,#13002,#14044,.T.);
#14044 = LINE('',#14045,#14046);
#14045 = CARTESIAN_POINT('',(0.25,0.25,-0.9));
#14046 = VECTOR('',#14047,1.);
#14047 = DIRECTION('',(-1.,1.224646799147E-16,0.));
#14048 = ORIENTED_EDGE('',*,*,#13009,.T.);
#14049 = ORIENTED_EDGE('',*,*,#14013,.F.);
#14050 = ORIENTED_EDGE('',*,*,#13123,.F.);
#14051 = PLANE('',#14052);
#14052 = AXIS2_PLACEMENT_3D('',#14053,#14054,#14055);
#14053 = CARTESIAN_POINT('',(0.25,0.25,-0.9));
#14054 = DIRECTION('',(-1.095357396528E-16,-0.894427191,0.4472135955));
#14055 = DIRECTION('',(-5.476786982641E-17,-0.4472135955,-0.894427191));
#14056 = ADVANCED_FACE('',(#14057),#14063,.F.);
#14057 = FACE_BOUND('',#14058,.F.);
#14058 = EDGE_LOOP('',(#14059,#14060,#14061,#14062));
#14059 = ORIENTED_EDGE('',*,*,#13115,.F.);
#14060 = ORIENTED_EDGE('',*,*,#13872,.T.);
#14061 = ORIENTED_EDGE('',*,*,#13001,.T.);
#14062 = ORIENTED_EDGE('',*,*,#14043,.F.);
#14063 = PLANE('',#14064);
#14064 = AXIS2_PLACEMENT_3D('',#14065,#14066,#14067);
#14065 = CARTESIAN_POINT('',(0.25,0.25,3.35));
#14066 = DIRECTION('',(-1.224646799147E-16,-1.,0.));
#14067 = DIRECTION('',(-0.,0.,-1.));
#14068 = ADVANCED_FACE('',(#14069),#14096,.T.);
#14069 = FACE_BOUND('',#14070,.F.);
#14070 = EDGE_LOOP('',(#14071,#14079,#14087,#14093,#14094,#14095));
#14071 = ORIENTED_EDGE('',*,*,#14072,.F.);
#14072 = EDGE_CURVE('',#14073,#14022,#14075,.T.);
#14073 = VERTEX_POINT('',#14074);
#14074 = CARTESIAN_POINT('',(5.E-02,5.E-02,-3.4));
#14075 = LINE('',#14076,#14077);
#14076 = CARTESIAN_POINT('',(0.185852405654,0.166085051658,
    -3.264147594346));
#14077 = VECTOR('',#14078,1.);
#14078 = DIRECTION('',(0.605209817607,0.517148096144,0.605209817607));
#14079 = ORIENTED_EDGE('',*,*,#14080,.T.);
#14080 = EDGE_CURVE('',#14073,#14081,#14083,.T.);
#14081 = VERTEX_POINT('',#14082);
#14082 = CARTESIAN_POINT('',(5.E-02,-5.E-02,-3.4));
#14083 = LINE('',#14084,#14085);
#14084 = CARTESIAN_POINT('',(5.E-02,0.25,-3.4));
#14085 = VECTOR('',#14086,1.);
#14086 = DIRECTION('',(-1.224646799147E-16,-1.,0.));
#14087 = ORIENTED_EDGE('',*,*,#14088,.T.);
#14088 = EDGE_CURVE('',#14081,#13941,#14089,.T.);
#14089 = LINE('',#14090,#14091);
#14090 = CARTESIAN_POINT('',(9.198936903048E-02,-9.913946036316E-02,
    -3.35801063097));
#14091 = VECTOR('',#14092,1.);
#14092 = DIRECTION('',(0.544770019249,-0.63753529491,0.544770019249));
#14093 = ORIENTED_EDGE('',*,*,#13940,.T.);
#14094 = ORIENTED_EDGE('',*,*,#13139,.F.);
#14095 = ORIENTED_EDGE('',*,*,#14029,.F.);
#14096 = PLANE('',#14097);
#14097 = AXIS2_PLACEMENT_3D('',#14098,#14099,#14100);
#14098 = CARTESIAN_POINT('',(0.15,0.25,-3.3));
#14099 = DIRECTION('',(0.707106781187,-8.486018839685E-17,
    -0.707106781187));
#14100 = DIRECTION('',(1.212375546256E-16,1.,1.227125289196E-18));
#14101 = ADVANCED_FACE('',(#14102),#14113,.T.);
#14102 = FACE_BOUND('',#14103,.F.);
#14103 = EDGE_LOOP('',(#14104,#14105,#14111,#14112));
#14104 = ORIENTED_EDGE('',*,*,#13464,.F.);
#14105 = ORIENTED_EDGE('',*,*,#14106,.T.);
#14106 = EDGE_CURVE('',#13457,#13349,#14107,.T.);
#14107 = LINE('',#14108,#14109);
#14108 = CARTESIAN_POINT('',(8.25,-5.E-02,-3.4));
#14109 = VECTOR('',#14110,1.);
#14110 = DIRECTION('',(-1.,1.224646799147E-16,0.));
#14111 = ORIENTED_EDGE('',*,*,#13348,.T.);
#14112 = ORIENTED_EDGE('',*,*,#13324,.F.);
#14113 = PLANE('',#14114);
#14114 = AXIS2_PLACEMENT_3D('',#14115,#14116,#14117);
#14115 = CARTESIAN_POINT('',(8.25,-0.165596257347,-3.301223703467));
#14116 = DIRECTION('',(-8.302774088379E-17,-0.64962967394,
    -0.760250805153));
#14117 = DIRECTION('',(1.,-1.247195775152E-16,-2.638869166629E-18));
#14118 = ADVANCED_FACE('',(#14119),#14130,.F.);
#14119 = FACE_BOUND('',#14120,.F.);
#14120 = EDGE_LOOP('',(#14121,#14122,#14128,#14129));
#14121 = ORIENTED_EDGE('',*,*,#13456,.F.);
#14122 = ORIENTED_EDGE('',*,*,#14123,.T.);
#14123 = EDGE_CURVE('',#13449,#13367,#14124,.T.);
#14124 = LINE('',#14125,#14126);
#14125 = CARTESIAN_POINT('',(8.25,5.E-02,-3.4));
#14126 = VECTOR('',#14127,1.);
#14127 = DIRECTION('',(-1.,1.224646799147E-16,0.));
#14128 = ORIENTED_EDGE('',*,*,#13374,.T.);
#14129 = ORIENTED_EDGE('',*,*,#14106,.F.);
#14130 = PLANE('',#14131);
#14131 = AXIS2_PLACEMENT_3D('',#14132,#14133,#14134);
#14132 = CARTESIAN_POINT('',(8.25,0.25,-3.4));
#14133 = DIRECTION('',(0.,0.,1.));
#14134 = DIRECTION('',(-1.224646799147E-16,-1.,0.));
#14135 = ADVANCED_FACE('',(#14136),#14142,.T.);
#14136 = FACE_BOUND('',#14137,.T.);
#14137 = EDGE_LOOP('',(#14138,#14139,#14140,#14141));
#14138 = ORIENTED_EDGE('',*,*,#13448,.F.);
#14139 = ORIENTED_EDGE('',*,*,#14123,.T.);
#14140 = ORIENTED_EDGE('',*,*,#13366,.T.);
#14141 = ORIENTED_EDGE('',*,*,#13397,.F.);
#14142 = PLANE('',#14143);
#14143 = AXIS2_PLACEMENT_3D('',#14144,#14145,#14146);
#14144 = CARTESIAN_POINT('',(8.25,0.134403742653,-3.301223703467));
#14145 = DIRECTION('',(9.136856246232E-17,0.760250805153,-0.64962967394)
  );
#14146 = DIRECTION('',(-1.,1.211454098155E-16,1.127308249542E-18));
#14147 = ADVANCED_FACE('',(#14148),#14159,.T.);
#14148 = FACE_BOUND('',#14149,.F.);
#14149 = EDGE_LOOP('',(#14150,#14151,#14157,#14158));
#14150 = ORIENTED_EDGE('',*,*,#13596,.F.);
#14151 = ORIENTED_EDGE('',*,*,#14152,.T.);
#14152 = EDGE_CURVE('',#13589,#13524,#14153,.T.);
#14153 = LINE('',#14154,#14155);
#14154 = CARTESIAN_POINT('',(6.25,-5.E-02,-3.4));
#14155 = VECTOR('',#14156,1.);
#14156 = DIRECTION('',(-1.,1.224646799147E-16,0.));
#14157 = ORIENTED_EDGE('',*,*,#13531,.T.);
#14158 = ORIENTED_EDGE('',*,*,#13499,.F.);
#14159 = PLANE('',#14160);
#14160 = AXIS2_PLACEMENT_3D('',#14161,#14162,#14163);
#14161 = CARTESIAN_POINT('',(6.25,-0.15,-3.3));
#14162 = DIRECTION('',(-8.486018839685E-17,-0.707106781187,
    -0.707106781187));
#14163 = DIRECTION('',(1.,-1.212375546256E-16,1.227125289196E-18));
#14164 = ADVANCED_FACE('',(#14165),#14176,.T.);
#14165 = FACE_BOUND('',#14166,.T.);
#14166 = EDGE_LOOP('',(#14167,#14168,#14174,#14175));
#14167 = ORIENTED_EDGE('',*,*,#13580,.F.);
#14168 = ORIENTED_EDGE('',*,*,#14169,.T.);
#14169 = EDGE_CURVE('',#13581,#13516,#14170,.T.);
#14170 = LINE('',#14171,#14172);
#14171 = CARTESIAN_POINT('',(6.25,5.E-02,-3.4));
#14172 = VECTOR('',#14173,1.);
#14173 = DIRECTION('',(-1.,1.224646799147E-16,0.));
#14174 = ORIENTED_EDGE('',*,*,#13515,.T.);
#14175 = ORIENTED_EDGE('',*,*,#13554,.F.);
#14176 = PLANE('',#14177);
#14177 = AXIS2_PLACEMENT_3D('',#14178,#14179,#14180);
#14178 = CARTESIAN_POINT('',(6.25,0.15,-3.3));
#14179 = DIRECTION('',(8.486018839685E-17,0.707106781187,-0.707106781187
    ));
#14180 = DIRECTION('',(-1.,1.212375546256E-16,1.227125289196E-18));
#14181 = ADVANCED_FACE('',(#14182),#14188,.F.);
#14182 = FACE_BOUND('',#14183,.F.);
#14183 = EDGE_LOOP('',(#14184,#14185,#14186,#14187));
#14184 = ORIENTED_EDGE('',*,*,#14169,.T.);
#14185 = ORIENTED_EDGE('',*,*,#13523,.T.);
#14186 = ORIENTED_EDGE('',*,*,#14152,.F.);
#14187 = ORIENTED_EDGE('',*,*,#13588,.F.);
#14188 = PLANE('',#14189);
#14189 = AXIS2_PLACEMENT_3D('',#14190,#14191,#14192);
#14190 = CARTESIAN_POINT('',(6.25,0.25,-3.4));
#14191 = DIRECTION('',(0.,0.,1.));
#14192 = DIRECTION('',(-1.224646799147E-16,-1.,0.));
#14193 = ADVANCED_FACE('',(#14194),#14205,.T.);
#14194 = FACE_BOUND('',#14195,.F.);
#14195 = EDGE_LOOP('',(#14196,#14197,#14203,#14204));
#14196 = ORIENTED_EDGE('',*,*,#13661,.F.);
#14197 = ORIENTED_EDGE('',*,*,#14198,.T.);
#14198 = EDGE_CURVE('',#13654,#13719,#14199,.T.);
#14199 = LINE('',#14200,#14201);
#14200 = CARTESIAN_POINT('',(4.25,-5.E-02,-3.4));
#14201 = VECTOR('',#14202,1.);
#14202 = DIRECTION('',(-1.,1.224646799147E-16,0.));
#14203 = ORIENTED_EDGE('',*,*,#13726,.T.);
#14204 = ORIENTED_EDGE('',*,*,#13629,.F.);
#14205 = PLANE('',#14206);
#14206 = AXIS2_PLACEMENT_3D('',#14207,#14208,#14209);
#14207 = CARTESIAN_POINT('',(4.25,-0.15,-3.3));
#14208 = DIRECTION('',(-8.486018839685E-17,-0.707106781187,
    -0.707106781187));
#14209 = DIRECTION('',(1.,-1.212375546256E-16,1.227125289196E-18));
#14210 = ADVANCED_FACE('',(#14211),#14222,.T.);
#14211 = FACE_BOUND('',#14212,.T.);
#14212 = EDGE_LOOP('',(#14213,#14214,#14220,#14221));
#14213 = ORIENTED_EDGE('',*,*,#13645,.F.);
#14214 = ORIENTED_EDGE('',*,*,#14215,.T.);
#14215 = EDGE_CURVE('',#13646,#13711,#14216,.T.);
#14216 = LINE('',#14217,#14218);
#14217 = CARTESIAN_POINT('',(4.25,5.E-02,-3.4));
#14218 = VECTOR('',#14219,1.);
#14219 = DIRECTION('',(-1.,1.224646799147E-16,0.));
#14220 = ORIENTED_EDGE('',*,*,#13710,.T.);
#14221 = ORIENTED_EDGE('',*,*,#13684,.F.);
#14222 = PLANE('',#14223);
#14223 = AXIS2_PLACEMENT_3D('',#14224,#14225,#14226);
#14224 = CARTESIAN_POINT('',(4.25,0.15,-3.3));
#14225 = DIRECTION('',(8.486018839685E-17,0.707106781187,-0.707106781187
    ));
#14226 = DIRECTION('',(-1.,1.212375546256E-16,1.227125289196E-18));
#14227 = ADVANCED_FACE('',(#14228),#14234,.F.);
#14228 = FACE_BOUND('',#14229,.F.);
#14229 = EDGE_LOOP('',(#14230,#14231,#14232,#14233));
#14230 = ORIENTED_EDGE('',*,*,#14215,.T.);
#14231 = ORIENTED_EDGE('',*,*,#13718,.T.);
#14232 = ORIENTED_EDGE('',*,*,#14198,.F.);
#14233 = ORIENTED_EDGE('',*,*,#13653,.F.);
#14234 = PLANE('',#14235);
#14235 = AXIS2_PLACEMENT_3D('',#14236,#14237,#14238);
#14236 = CARTESIAN_POINT('',(4.25,0.25,-3.4));
#14237 = DIRECTION('',(0.,0.,1.));
#14238 = DIRECTION('',(-1.224646799147E-16,-1.,0.));
#14239 = ADVANCED_FACE('',(#14240),#14251,.T.);
#14240 = FACE_BOUND('',#14241,.F.);
#14241 = EDGE_LOOP('',(#14242,#14243,#14249,#14250));
#14242 = ORIENTED_EDGE('',*,*,#13856,.F.);
#14243 = ORIENTED_EDGE('',*,*,#14244,.T.);
#14244 = EDGE_CURVE('',#13849,#13784,#14245,.T.);
#14245 = LINE('',#14246,#14247);
#14246 = CARTESIAN_POINT('',(2.25,-5.E-02,-3.4));
#14247 = VECTOR('',#14248,1.);
#14248 = DIRECTION('',(-1.,1.224646799147E-16,0.));
#14249 = ORIENTED_EDGE('',*,*,#13791,.T.);
#14250 = ORIENTED_EDGE('',*,*,#13759,.F.);
#14251 = PLANE('',#14252);
#14252 = AXIS2_PLACEMENT_3D('',#14253,#14254,#14255);
#14253 = CARTESIAN_POINT('',(2.25,-0.15,-3.3));
#14254 = DIRECTION('',(-8.486018839685E-17,-0.707106781187,
    -0.707106781187));
#14255 = DIRECTION('',(1.,-1.212375546256E-16,1.227125289196E-18));
#14256 = ADVANCED_FACE('',(#14257),#14268,.T.);
#14257 = FACE_BOUND('',#14258,.T.);
#14258 = EDGE_LOOP('',(#14259,#14260,#14266,#14267));
#14259 = ORIENTED_EDGE('',*,*,#13840,.F.);
#14260 = ORIENTED_EDGE('',*,*,#14261,.T.);
#14261 = EDGE_CURVE('',#13841,#13776,#14262,.T.);
#14262 = LINE('',#14263,#14264);
#14263 = CARTESIAN_POINT('',(2.25,5.E-02,-3.4));
#14264 = VECTOR('',#14265,1.);
#14265 = DIRECTION('',(-1.,1.224646799147E-16,0.));
#14266 = ORIENTED_EDGE('',*,*,#13775,.T.);
#14267 = ORIENTED_EDGE('',*,*,#13814,.F.);
#14268 = PLANE('',#14269);
#14269 = AXIS2_PLACEMENT_3D('',#14270,#14271,#14272);
#14270 = CARTESIAN_POINT('',(2.25,0.15,-3.3));
#14271 = DIRECTION('',(8.486018839685E-17,0.707106781187,-0.707106781187
    ));
#14272 = DIRECTION('',(-1.,1.212375546256E-16,1.227125289196E-18));
#14273 = ADVANCED_FACE('',(#14274),#14280,.F.);
#14274 = FACE_BOUND('',#14275,.F.);
#14275 = EDGE_LOOP('',(#14276,#14277,#14278,#14279));
#14276 = ORIENTED_EDGE('',*,*,#14261,.T.);
#14277 = ORIENTED_EDGE('',*,*,#13783,.T.);
#14278 = ORIENTED_EDGE('',*,*,#14244,.F.);
#14279 = ORIENTED_EDGE('',*,*,#13848,.F.);
#14280 = PLANE('',#14281);
#14281 = AXIS2_PLACEMENT_3D('',#14282,#14283,#14284);
#14282 = CARTESIAN_POINT('',(2.25,0.25,-3.4));
#14283 = DIRECTION('',(0.,0.,1.));
#14284 = DIRECTION('',(-1.224646799147E-16,-1.,0.));
#14285 = ADVANCED_FACE('',(#14286),#14297,.T.);
#14286 = FACE_BOUND('',#14287,.F.);
#14287 = EDGE_LOOP('',(#14288,#14289,#14295,#14296));
#14288 = ORIENTED_EDGE('',*,*,#14088,.F.);
#14289 = ORIENTED_EDGE('',*,*,#14290,.T.);
#14290 = EDGE_CURVE('',#14081,#13973,#14291,.T.);
#14291 = LINE('',#14292,#14293);
#14292 = CARTESIAN_POINT('',(0.25,-5.E-02,-3.4));
#14293 = VECTOR('',#14294,1.);
#14294 = DIRECTION('',(-1.,1.224646799147E-16,0.));
#14295 = ORIENTED_EDGE('',*,*,#13972,.T.);
#14296 = ORIENTED_EDGE('',*,*,#13948,.F.);
#14297 = PLANE('',#14298);
#14298 = AXIS2_PLACEMENT_3D('',#14299,#14300,#14301);
#14299 = CARTESIAN_POINT('',(0.25,-0.165596257347,-3.301223703467));
#14300 = DIRECTION('',(-8.302774088379E-17,-0.64962967394,
    -0.760250805153));
#14301 = DIRECTION('',(1.,-1.247195775152E-16,-2.638869166629E-18));
#14302 = ADVANCED_FACE('',(#14303),#14314,.F.);
#14303 = FACE_BOUND('',#14304,.F.);
#14304 = EDGE_LOOP('',(#14305,#14306,#14312,#14313));
#14305 = ORIENTED_EDGE('',*,*,#14080,.F.);
#14306 = ORIENTED_EDGE('',*,*,#14307,.T.);
#14307 = EDGE_CURVE('',#14073,#13991,#14308,.T.);
#14308 = LINE('',#14309,#14310);
#14309 = CARTESIAN_POINT('',(0.25,5.E-02,-3.4));
#14310 = VECTOR('',#14311,1.);
#14311 = DIRECTION('',(-1.,1.224646799147E-16,0.));
#14312 = ORIENTED_EDGE('',*,*,#13998,.T.);
#14313 = ORIENTED_EDGE('',*,*,#14290,.F.);
#14314 = PLANE('',#14315);
#14315 = AXIS2_PLACEMENT_3D('',#14316,#14317,#14318);
#14316 = CARTESIAN_POINT('',(0.25,0.25,-3.4));
#14317 = DIRECTION('',(0.,0.,1.));
#14318 = DIRECTION('',(-1.224646799147E-16,-1.,0.));
#14319 = ADVANCED_FACE('',(#14320),#14326,.T.);
#14320 = FACE_BOUND('',#14321,.T.);
#14321 = EDGE_LOOP('',(#14322,#14323,#14324,#14325));
#14322 = ORIENTED_EDGE('',*,*,#14072,.F.);
#14323 = ORIENTED_EDGE('',*,*,#14307,.T.);
#14324 = ORIENTED_EDGE('',*,*,#13990,.T.);
#14325 = ORIENTED_EDGE('',*,*,#14021,.F.);
#14326 = PLANE('',#14327);
#14327 = AXIS2_PLACEMENT_3D('',#14328,#14329,#14330);
#14328 = CARTESIAN_POINT('',(0.25,0.134403742653,-3.301223703467));
#14329 = DIRECTION('',(9.136856246232E-17,0.760250805153,-0.64962967394)
  );
#14330 = DIRECTION('',(-1.,1.211454098155E-16,1.127308249542E-18));
#14331 = ( GEOMETRIC_REPRESENTATION_CONTEXT(3) 
GLOBAL_UNCERTAINTY_ASSIGNED_CONTEXT((#14335)) 
GLOBAL_UNIT_ASSIGNED_CONTEXT((#14332,#14333,#14334)) 
REPRESENTATION_CONTEXT('Context #1',
  '3D Context with UNIT and UNCERTAINTY') );
#14332 = ( LENGTH_UNIT() NAMED_UNIT(*) SI_UNIT(.MILLI.,.METRE.) );
#14333 = ( NAMED_UNIT(*) PLANE_ANGLE_UNIT() SI_UNIT($,.RADIAN.) );
#14334 = ( NAMED_UNIT(*) SI_UNIT($,.STERADIAN.) SOLID_ANGLE_UNIT() );
#14335 = UNCERTAINTY_MEASURE_WITH_UNIT(LENGTH_MEASURE(1.E-07),#14332,
  'distance_accuracy_value','confusion accuracy');
#14336 = CONTEXT_DEPENDENT_SHAPE_REPRESENTATION(#14337,#14339);
#14337 = ( REPRESENTATION_RELATIONSHIP('','',#8010,#7987) 
REPRESENTATION_RELATIONSHIP_WITH_TRANSFORMATION(#14338) 
SHAPE_REPRESENTATION_RELATIONSHIP() );
#14338 = ITEM_DEFINED_TRANSFORMATION('','',#11,#7988);
#14339 = PRODUCT_DEFINITION_SHAPE('Placement','Placement of an item',
  #14340);
#14340 = NEXT_ASSEMBLY_USAGE_OCCURRENCE('10','=>[0:1:1:11]','',#7982,
  #8005,$);
#14341 = PRODUCT_RELATED_PRODUCT_CATEGORY('part',$,(#8007));
#14342 = SHAPE_DEFINITION_REPRESENTATION(#14343,#14349);
#14343 = PRODUCT_DEFINITION_SHAPE('','',#14344);
#14344 = PRODUCT_DEFINITION('design','',#14345,#14348);
#14345 = PRODUCT_DEFINITION_FORMATION('','',#14346);
#14346 = PRODUCT('MORI_rear_P5_READONLY_PCB','MORI_rear_P5_READONLY_PCB'
  ,'',(#14347));
#14347 = PRODUCT_CONTEXT('',#2,'mechanical');
#14348 = PRODUCT_DEFINITION_CONTEXT('part definition',#2,'design');
#14349 = ADVANCED_BREP_SHAPE_REPRESENTATION('',(#11,#14350),#15645);
#14350 = MANIFOLD_SOLID_BREP('',#14351);
#14351 = CLOSED_SHELL('',(#14352,#14392,#14423,#14454,#14780,#15106,
    #15118,#15135,#15152,#15169,#15186,#15203,#15220,#15237,#15254,
    #15271,#15288,#15305,#15322,#15344,#15361,#15378,#15390,#15407,
    #15429,#15446,#15463,#15475,#15492,#15514,#15531,#15548,#15560,
    #15577,#15599,#15616,#15633));
#14352 = ADVANCED_FACE('',(#14353),#14387,.T.);
#14353 = FACE_BOUND('',#14354,.T.);
#14354 = EDGE_LOOP('',(#14355,#14365,#14373,#14381));
#14355 = ORIENTED_EDGE('',*,*,#14356,.T.);
#14356 = EDGE_CURVE('',#14357,#14359,#14361,.T.);
#14357 = VERTEX_POINT('',#14358);
#14358 = CARTESIAN_POINT('',(24.,-25.,0.));
#14359 = VERTEX_POINT('',#14360);
#14360 = CARTESIAN_POINT('',(24.,-25.,1.51));
#14361 = LINE('',#14362,#14363);
#14362 = CARTESIAN_POINT('',(24.,-25.,0.));
#14363 = VECTOR('',#14364,1.);
#14364 = DIRECTION('',(0.,0.,1.));
#14365 = ORIENTED_EDGE('',*,*,#14366,.T.);
#14366 = EDGE_CURVE('',#14359,#14367,#14369,.T.);
#14367 = VERTEX_POINT('',#14368);
#14368 = CARTESIAN_POINT('',(0.,-25.,1.51));
#14369 = LINE('',#14370,#14371);
#14370 = CARTESIAN_POINT('',(24.,-25.,1.51));
#14371 = VECTOR('',#14372,1.);
#14372 = DIRECTION('',(-1.,0.,0.));
#14373 = ORIENTED_EDGE('',*,*,#14374,.F.);
#14374 = EDGE_CURVE('',#14375,#14367,#14377,.T.);
#14375 = VERTEX_POINT('',#14376);
#14376 = CARTESIAN_POINT('',(0.,-25.,0.));
#14377 = LINE('',#14378,#14379);
#14378 = CARTESIAN_POINT('',(0.,-25.,0.));
#14379 = VECTOR('',#14380,1.);
#14380 = DIRECTION('',(0.,0.,1.));
#14381 = ORIENTED_EDGE('',*,*,#14382,.F.);
#14382 = EDGE_CURVE('',#14357,#14375,#14383,.T.);
#14383 = LINE('',#14384,#14385);
#14384 = CARTESIAN_POINT('',(24.,-25.,0.));
#14385 = VECTOR('',#14386,1.);
#14386 = DIRECTION('',(-1.,0.,0.));
#14387 = PLANE('',#14388);
#14388 = AXIS2_PLACEMENT_3D('',#14389,#14390,#14391);
#14389 = CARTESIAN_POINT('',(24.,-25.,0.));
#14390 = DIRECTION('',(0.,-1.,0.));
#14391 = DIRECTION('',(-1.,0.,0.));
#14392 = ADVANCED_FACE('',(#14393),#14418,.T.);
#14393 = FACE_BOUND('',#14394,.T.);
#14394 = EDGE_LOOP('',(#14395,#14405,#14411,#14412));
#14395 = ORIENTED_EDGE('',*,*,#14396,.T.);
#14396 = EDGE_CURVE('',#14397,#14399,#14401,.T.);
#14397 = VERTEX_POINT('',#14398);
#14398 = CARTESIAN_POINT('',(24.,-0.,0.));
#14399 = VERTEX_POINT('',#14400);
#14400 = CARTESIAN_POINT('',(24.,0.,1.51));
#14401 = LINE('',#14402,#14403);
#14402 = CARTESIAN_POINT('',(24.,-0.,0.));
#14403 = VECTOR('',#14404,1.);
#14404 = DIRECTION('',(0.,0.,1.));
#14405 = ORIENTED_EDGE('',*,*,#14406,.T.);
#14406 = EDGE_CURVE('',#14399,#14359,#14407,.T.);
#14407 = LINE('',#14408,#14409);
#14408 = CARTESIAN_POINT('',(24.,0.,1.51));
#14409 = VECTOR('',#14410,1.);
#14410 = DIRECTION('',(0.,-1.,0.));
#14411 = ORIENTED_EDGE('',*,*,#14356,.F.);
#14412 = ORIENTED_EDGE('',*,*,#14413,.F.);
#14413 = EDGE_CURVE('',#14397,#14357,#14414,.T.);
#14414 = LINE('',#14415,#14416);
#14415 = CARTESIAN_POINT('',(24.,-0.,0.));
#14416 = VECTOR('',#14417,1.);
#14417 = DIRECTION('',(0.,-1.,0.));
#14418 = PLANE('',#14419);
#14419 = AXIS2_PLACEMENT_3D('',#14420,#14421,#14422);
#14420 = CARTESIAN_POINT('',(24.,-0.,0.));
#14421 = DIRECTION('',(1.,0.,-0.));
#14422 = DIRECTION('',(0.,-1.,0.));
#14423 = ADVANCED_FACE('',(#14424),#14449,.T.);
#14424 = FACE_BOUND('',#14425,.T.);
#14425 = EDGE_LOOP('',(#14426,#14427,#14435,#14443));
#14426 = ORIENTED_EDGE('',*,*,#14374,.T.);
#14427 = ORIENTED_EDGE('',*,*,#14428,.T.);
#14428 = EDGE_CURVE('',#14367,#14429,#14431,.T.);
#14429 = VERTEX_POINT('',#14430);
#14430 = CARTESIAN_POINT('',(0.,0.,1.51));
#14431 = LINE('',#14432,#14433);
#14432 = CARTESIAN_POINT('',(0.,-25.,1.51));
#14433 = VECTOR('',#14434,1.);
#14434 = DIRECTION('',(0.,1.,0.));
#14435 = ORIENTED_EDGE('',*,*,#14436,.F.);
#14436 = EDGE_CURVE('',#14437,#14429,#14439,.T.);
#14437 = VERTEX_POINT('',#14438);
#14438 = CARTESIAN_POINT('',(0.,-0.,0.));
#14439 = LINE('',#14440,#14441);
#14440 = CARTESIAN_POINT('',(0.,-0.,0.));
#14441 = VECTOR('',#14442,1.);
#14442 = DIRECTION('',(0.,0.,1.));
#14443 = ORIENTED_EDGE('',*,*,#14444,.F.);
#14444 = EDGE_CURVE('',#14375,#14437,#14445,.T.);
#14445 = LINE('',#14446,#14447);
#14446 = CARTESIAN_POINT('',(0.,-25.,0.));
#14447 = VECTOR('',#14448,1.);
#14448 = DIRECTION('',(0.,1.,0.));
#14449 = PLANE('',#14450);
#14450 = AXIS2_PLACEMENT_3D('',#14451,#14452,#14453);
#14451 = CARTESIAN_POINT('',(0.,-25.,0.));
#14452 = DIRECTION('',(-1.,0.,0.));
#14453 = DIRECTION('',(0.,1.,0.));
#14454 = ADVANCED_FACE('',(#14455,#14466,#14477,#14488,#14499,#14510,
    #14521,#14532,#14543,#14554,#14565,#14576,#14587,#14598,#14634,
    #14645,#14681,#14692,#14728,#14739),#14775,.F.);
#14455 = FACE_BOUND('',#14456,.F.);
#14456 = EDGE_LOOP('',(#14457,#14458,#14459,#14465));
#14457 = ORIENTED_EDGE('',*,*,#14382,.F.);
#14458 = ORIENTED_EDGE('',*,*,#14413,.F.);
#14459 = ORIENTED_EDGE('',*,*,#14460,.F.);
#14460 = EDGE_CURVE('',#14437,#14397,#14461,.T.);
#14461 = LINE('',#14462,#14463);
#14462 = CARTESIAN_POINT('',(0.,-0.,0.));
#14463 = VECTOR('',#14464,1.);
#14464 = DIRECTION('',(1.,0.,0.));
#14465 = ORIENTED_EDGE('',*,*,#14444,.F.);
#14466 = FACE_BOUND('',#14467,.F.);
#14467 = EDGE_LOOP('',(#14468));
#14468 = ORIENTED_EDGE('',*,*,#14469,.T.);
#14469 = EDGE_CURVE('',#14470,#14470,#14472,.T.);
#14470 = VERTEX_POINT('',#14471);
#14471 = CARTESIAN_POINT('',(8.45,-19.875,0.));
#14472 = CIRCLE('',#14473,0.375);
#14473 = AXIS2_PLACEMENT_3D('',#14474,#14475,#14476);
#14474 = CARTESIAN_POINT('',(8.45,-19.5,0.));
#14475 = DIRECTION('',(-0.,0.,-1.));
#14476 = DIRECTION('',(-0.,-1.,0.));
#14477 = FACE_BOUND('',#14478,.F.);
#14478 = EDGE_LOOP('',(#14479));
#14479 = ORIENTED_EDGE('',*,*,#14480,.T.);
#14480 = EDGE_CURVE('',#14481,#14481,#14483,.T.);
#14481 = VERTEX_POINT('',#14482);
#14482 = CARTESIAN_POINT('',(10.45,-19.875,0.));
#14483 = CIRCLE('',#14484,0.375);
#14484 = AXIS2_PLACEMENT_3D('',#14485,#14486,#14487);
#14485 = CARTESIAN_POINT('',(10.45,-19.5,0.));
#14486 = DIRECTION('',(-0.,0.,-1.));
#14487 = DIRECTION('',(-0.,-1.,0.));
#14488 = FACE_BOUND('',#14489,.F.);
#14489 = EDGE_LOOP('',(#14490));
#14490 = ORIENTED_EDGE('',*,*,#14491,.T.);
#14491 = EDGE_CURVE('',#14492,#14492,#14494,.T.);
#14492 = VERTEX_POINT('',#14493);
#14493 = CARTESIAN_POINT('',(8.6,-13.35,0.));
#14494 = CIRCLE('',#14495,0.45);
#14495 = AXIS2_PLACEMENT_3D('',#14496,#14497,#14498);
#14496 = CARTESIAN_POINT('',(8.6,-12.9,0.));
#14497 = DIRECTION('',(-0.,0.,-1.));
#14498 = DIRECTION('',(-3.947459643112E-15,-1.,0.));
#14499 = FACE_BOUND('',#14500,.F.);
#14500 = EDGE_LOOP('',(#14501));
#14501 = ORIENTED_EDGE('',*,*,#14502,.T.);
#14502 = EDGE_CURVE('',#14503,#14503,#14505,.T.);
#14503 = VERTEX_POINT('',#14504);
#14504 = CARTESIAN_POINT('',(12.45,-19.875,0.));
#14505 = CIRCLE('',#14506,0.375);
#14506 = AXIS2_PLACEMENT_3D('',#14507,#14508,#14509);
#14507 = CARTESIAN_POINT('',(12.45,-19.5,0.));
#14508 = DIRECTION('',(-0.,0.,-1.));
#14509 = DIRECTION('',(-0.,-1.,0.));
#14510 = FACE_BOUND('',#14511,.F.);
#14511 = EDGE_LOOP('',(#14512));
#14512 = ORIENTED_EDGE('',*,*,#14513,.T.);
#14513 = EDGE_CURVE('',#14514,#14514,#14516,.T.);
#14514 = VERTEX_POINT('',#14515);
#14515 = CARTESIAN_POINT('',(14.45,-19.875,0.));
#14516 = CIRCLE('',#14517,0.375);
#14517 = AXIS2_PLACEMENT_3D('',#14518,#14519,#14520);
#14518 = CARTESIAN_POINT('',(14.45,-19.5,0.));
#14519 = DIRECTION('',(-0.,0.,-1.));
#14520 = DIRECTION('',(-0.,-1.,0.));
#14521 = FACE_BOUND('',#14522,.F.);
#14522 = EDGE_LOOP('',(#14523));
#14523 = ORIENTED_EDGE('',*,*,#14524,.T.);
#14524 = EDGE_CURVE('',#14525,#14525,#14527,.T.);
#14525 = VERTEX_POINT('',#14526);
#14526 = CARTESIAN_POINT('',(19.,-24.075,0.));
#14527 = CIRCLE('',#14528,0.375);
#14528 = AXIS2_PLACEMENT_3D('',#14529,#14530,#14531);
#14529 = CARTESIAN_POINT('',(19.,-23.7,0.));
#14530 = DIRECTION('',(-0.,0.,-1.));
#14531 = DIRECTION('',(-0.,-1.,0.));
#14532 = FACE_BOUND('',#14533,.F.);
#14533 = EDGE_LOOP('',(#14534));
#14534 = ORIENTED_EDGE('',*,*,#14535,.T.);
#14535 = EDGE_CURVE('',#14536,#14536,#14538,.T.);
#14536 = VERTEX_POINT('',#14537);
#14537 = CARTESIAN_POINT('',(19.,-22.075,0.));
#14538 = CIRCLE('',#14539,0.375);
#14539 = AXIS2_PLACEMENT_3D('',#14540,#14541,#14542);
#14540 = CARTESIAN_POINT('',(19.,-21.7,0.));
#14541 = DIRECTION('',(-0.,0.,-1.));
#14542 = DIRECTION('',(-0.,-1.,0.));
#14543 = FACE_BOUND('',#14544,.F.);
#14544 = EDGE_LOOP('',(#14545));
#14545 = ORIENTED_EDGE('',*,*,#14546,.T.);
#14546 = EDGE_CURVE('',#14547,#14547,#14549,.T.);
#14547 = VERTEX_POINT('',#14548);
#14548 = CARTESIAN_POINT('',(19.,-20.075,0.));
#14549 = CIRCLE('',#14550,0.375);
#14550 = AXIS2_PLACEMENT_3D('',#14551,#14552,#14553);
#14551 = CARTESIAN_POINT('',(19.,-19.7,0.));
#14552 = DIRECTION('',(-0.,0.,-1.));
#14553 = DIRECTION('',(-0.,-1.,0.));
#14554 = FACE_BOUND('',#14555,.F.);
#14555 = EDGE_LOOP('',(#14556));
#14556 = ORIENTED_EDGE('',*,*,#14557,.T.);
#14557 = EDGE_CURVE('',#14558,#14558,#14560,.T.);
#14558 = VERTEX_POINT('',#14559);
#14559 = CARTESIAN_POINT('',(15.4,-13.35,0.));
#14560 = CIRCLE('',#14561,0.45);
#14561 = AXIS2_PLACEMENT_3D('',#14562,#14563,#14564);
#14562 = CARTESIAN_POINT('',(15.4,-12.9,0.));
#14563 = DIRECTION('',(-0.,0.,-1.));
#14564 = DIRECTION('',(3.947459643112E-15,-1.,-0.));
#14565 = FACE_BOUND('',#14566,.F.);
#14566 = EDGE_LOOP('',(#14567));
#14567 = ORIENTED_EDGE('',*,*,#14568,.T.);
#14568 = EDGE_CURVE('',#14569,#14569,#14571,.T.);
#14569 = VERTEX_POINT('',#14570);
#14570 = CARTESIAN_POINT('',(19.,-18.075,0.));
#14571 = CIRCLE('',#14572,0.375);
#14572 = AXIS2_PLACEMENT_3D('',#14573,#14574,#14575);
#14573 = CARTESIAN_POINT('',(19.,-17.7,0.));
#14574 = DIRECTION('',(-0.,0.,-1.));
#14575 = DIRECTION('',(-0.,-1.,0.));
#14576 = FACE_BOUND('',#14577,.F.);
#14577 = EDGE_LOOP('',(#14578));
#14578 = ORIENTED_EDGE('',*,*,#14579,.T.);
#14579 = EDGE_CURVE('',#14580,#14580,#14582,.T.);
#14580 = VERTEX_POINT('',#14581);
#14581 = CARTESIAN_POINT('',(19.,-16.075,0.));
#14582 = CIRCLE('',#14583,0.375);
#14583 = AXIS2_PLACEMENT_3D('',#14584,#14585,#14586);
#14584 = CARTESIAN_POINT('',(19.,-15.7,0.));
#14585 = DIRECTION('',(-0.,0.,-1.));
#14586 = DIRECTION('',(-0.,-1.,0.));
#14587 = FACE_BOUND('',#14588,.F.);
#14588 = EDGE_LOOP('',(#14589));
#14589 = ORIENTED_EDGE('',*,*,#14590,.T.);
#14590 = EDGE_CURVE('',#14591,#14591,#14593,.T.);
#14591 = VERTEX_POINT('',#14592);
#14592 = CARTESIAN_POINT('',(3.,-12.1,0.));
#14593 = CIRCLE('',#14594,1.1);
#14594 = AXIS2_PLACEMENT_3D('',#14595,#14596,#14597);
#14595 = CARTESIAN_POINT('',(3.,-11.,0.));
#14596 = DIRECTION('',(-0.,0.,-1.));
#14597 = DIRECTION('',(-0.,-1.,0.));
#14598 = FACE_BOUND('',#14599,.F.);
#14599 = EDGE_LOOP('',(#14600,#14611,#14619,#14628));
#14600 = ORIENTED_EDGE('',*,*,#14601,.T.);
#14601 = EDGE_CURVE('',#14602,#14604,#14606,.T.);
#14602 = VERTEX_POINT('',#14603);
#14603 = CARTESIAN_POINT('',(7.98,-6.68,0.));
#14604 = VERTEX_POINT('',#14605);
#14605 = CARTESIAN_POINT('',(7.38,-6.68,0.));
#14606 = CIRCLE('',#14607,0.3);
#14607 = AXIS2_PLACEMENT_3D('',#14608,#14609,#14610);
#14608 = CARTESIAN_POINT('',(7.68,-6.68,0.));
#14609 = DIRECTION('',(-0.,0.,-1.));
#14610 = DIRECTION('',(-1.,0.,0.));
#14611 = ORIENTED_EDGE('',*,*,#14612,.T.);
#14612 = EDGE_CURVE('',#14604,#14613,#14615,.T.);
#14613 = VERTEX_POINT('',#14614);
#14614 = CARTESIAN_POINT('',(7.38,-5.58,0.));
#14615 = LINE('',#14616,#14617);
#14616 = CARTESIAN_POINT('',(7.38,-2.79,0.));
#14617 = VECTOR('',#14618,1.);
#14618 = DIRECTION('',(-0.,1.,0.));
#14619 = ORIENTED_EDGE('',*,*,#14620,.T.);
#14620 = EDGE_CURVE('',#14613,#14621,#14623,.T.);
#14621 = VERTEX_POINT('',#14622);
#14622 = CARTESIAN_POINT('',(7.98,-5.58,0.));
#14623 = CIRCLE('',#14624,0.3);
#14624 = AXIS2_PLACEMENT_3D('',#14625,#14626,#14627);
#14625 = CARTESIAN_POINT('',(7.68,-5.58,0.));
#14626 = DIRECTION('',(0.,-0.,-1.));
#14627 = DIRECTION('',(1.,0.,-0.));
#14628 = ORIENTED_EDGE('',*,*,#14629,.T.);
#14629 = EDGE_CURVE('',#14621,#14602,#14630,.T.);
#14630 = LINE('',#14631,#14632);
#14631 = CARTESIAN_POINT('',(7.98,-3.34,0.));
#14632 = VECTOR('',#14633,1.);
#14633 = DIRECTION('',(0.,-1.,0.));
#14634 = FACE_BOUND('',#14635,.F.);
#14635 = EDGE_LOOP('',(#14636));
#14636 = ORIENTED_EDGE('',*,*,#14637,.T.);
#14637 = EDGE_CURVE('',#14638,#14638,#14640,.T.);
#14638 = VERTEX_POINT('',#14639);
#14639 = CARTESIAN_POINT('',(9.11,-5.925,0.));
#14640 = CIRCLE('',#14641,0.325);
#14641 = AXIS2_PLACEMENT_3D('',#14642,#14643,#14644);
#14642 = CARTESIAN_POINT('',(9.11,-5.6,0.));
#14643 = DIRECTION('',(-0.,0.,-1.));
#14644 = DIRECTION('',(-0.,-1.,0.));
#14645 = FACE_BOUND('',#14646,.F.);
#14646 = EDGE_LOOP('',(#14647,#14658,#14666,#14675));
#14647 = ORIENTED_EDGE('',*,*,#14648,.T.);
#14648 = EDGE_CURVE('',#14649,#14651,#14653,.T.);
#14649 = VERTEX_POINT('',#14650);
#14650 = CARTESIAN_POINT('',(7.98,-2.25,0.));
#14651 = VERTEX_POINT('',#14652);
#14652 = CARTESIAN_POINT('',(7.38,-2.25,0.));
#14653 = CIRCLE('',#14654,0.3);
#14654 = AXIS2_PLACEMENT_3D('',#14655,#14656,#14657);
#14655 = CARTESIAN_POINT('',(7.68,-2.25,0.));
#14656 = DIRECTION('',(-0.,0.,-1.));
#14657 = DIRECTION('',(-1.,-2.960594732334E-15,0.));
#14658 = ORIENTED_EDGE('',*,*,#14659,.T.);
#14659 = EDGE_CURVE('',#14651,#14660,#14662,.T.);
#14660 = VERTEX_POINT('',#14661);
#14661 = CARTESIAN_POINT('',(7.38,-1.65,0.));
#14662 = LINE('',#14663,#14664);
#14663 = CARTESIAN_POINT('',(7.38,-0.825,0.));
#14664 = VECTOR('',#14665,1.);
#14665 = DIRECTION('',(-0.,1.,0.));
#14666 = ORIENTED_EDGE('',*,*,#14667,.T.);
#14667 = EDGE_CURVE('',#14660,#14668,#14670,.T.);
#14668 = VERTEX_POINT('',#14669);
#14669 = CARTESIAN_POINT('',(7.98,-1.65,0.));
#14670 = CIRCLE('',#14671,0.3);
#14671 = AXIS2_PLACEMENT_3D('',#14672,#14673,#14674);
#14672 = CARTESIAN_POINT('',(7.68,-1.65,0.));
#14673 = DIRECTION('',(0.,-0.,-1.));
#14674 = DIRECTION('',(1.,2.22044604925E-15,-0.));
#14675 = ORIENTED_EDGE('',*,*,#14676,.T.);
#14676 = EDGE_CURVE('',#14668,#14649,#14677,.T.);
#14677 = LINE('',#14678,#14679);
#14678 = CARTESIAN_POINT('',(7.98,-1.125,0.));
#14679 = VECTOR('',#14680,1.);
#14680 = DIRECTION('',(0.,-1.,0.));
#14681 = FACE_BOUND('',#14682,.F.);
#14682 = EDGE_LOOP('',(#14683));
#14683 = ORIENTED_EDGE('',*,*,#14684,.T.);
#14684 = EDGE_CURVE('',#14685,#14685,#14687,.T.);
#14685 = VERTEX_POINT('',#14686);
#14686 = CARTESIAN_POINT('',(21.,-12.1,0.));
#14687 = CIRCLE('',#14688,1.1);
#14688 = AXIS2_PLACEMENT_3D('',#14689,#14690,#14691);
#14689 = CARTESIAN_POINT('',(21.,-11.,0.));
#14690 = DIRECTION('',(-0.,0.,-1.));
#14691 = DIRECTION('',(-0.,-1.,0.));
#14692 = FACE_BOUND('',#14693,.F.);
#14693 = EDGE_LOOP('',(#14694,#14705,#14713,#14722));
#14694 = ORIENTED_EDGE('',*,*,#14695,.T.);
#14695 = EDGE_CURVE('',#14696,#14698,#14700,.T.);
#14696 = VERTEX_POINT('',#14697);
#14697 = CARTESIAN_POINT('',(16.62,-6.68,0.));
#14698 = VERTEX_POINT('',#14699);
#14699 = CARTESIAN_POINT('',(16.02,-6.68,0.));
#14700 = CIRCLE('',#14701,0.3);
#14701 = AXIS2_PLACEMENT_3D('',#14702,#14703,#14704);
#14702 = CARTESIAN_POINT('',(16.32,-6.68,0.));
#14703 = DIRECTION('',(-0.,0.,-1.));
#14704 = DIRECTION('',(-1.,5.921189464667E-15,0.));
#14705 = ORIENTED_EDGE('',*,*,#14706,.T.);
#14706 = EDGE_CURVE('',#14698,#14707,#14709,.T.);
#14707 = VERTEX_POINT('',#14708);
#14708 = CARTESIAN_POINT('',(16.02,-5.58,0.));
#14709 = LINE('',#14710,#14711);
#14710 = CARTESIAN_POINT('',(16.02,-2.79,0.));
#14711 = VECTOR('',#14712,1.);
#14712 = DIRECTION('',(-0.,1.,0.));
#14713 = ORIENTED_EDGE('',*,*,#14714,.T.);
#14714 = EDGE_CURVE('',#14707,#14715,#14717,.T.);
#14715 = VERTEX_POINT('',#14716);
#14716 = CARTESIAN_POINT('',(16.62,-5.58,0.));
#14717 = CIRCLE('',#14718,0.3);
#14718 = AXIS2_PLACEMENT_3D('',#14719,#14720,#14721);
#14719 = CARTESIAN_POINT('',(16.32,-5.58,0.));
#14720 = DIRECTION('',(0.,-0.,-1.));
#14721 = DIRECTION('',(1.,-2.960594732334E-15,0.));
#14722 = ORIENTED_EDGE('',*,*,#14723,.T.);
#14723 = EDGE_CURVE('',#14715,#14696,#14724,.T.);
#14724 = LINE('',#14725,#14726);
#14725 = CARTESIAN_POINT('',(16.62,-3.34,0.));
#14726 = VECTOR('',#14727,1.);
#14727 = DIRECTION('',(0.,-1.,0.));
#14728 = FACE_BOUND('',#14729,.F.);
#14729 = EDGE_LOOP('',(#14730));
#14730 = ORIENTED_EDGE('',*,*,#14731,.T.);
#14731 = EDGE_CURVE('',#14732,#14732,#14734,.T.);
#14732 = VERTEX_POINT('',#14733);
#14733 = CARTESIAN_POINT('',(14.89,-5.925,0.));
#14734 = CIRCLE('',#14735,0.325);
#14735 = AXIS2_PLACEMENT_3D('',#14736,#14737,#14738);
#14736 = CARTESIAN_POINT('',(14.89,-5.6,0.));
#14737 = DIRECTION('',(-0.,0.,-1.));
#14738 = DIRECTION('',(-0.,-1.,0.));
#14739 = FACE_BOUND('',#14740,.F.);
#14740 = EDGE_LOOP('',(#14741,#14752,#14760,#14769));
#14741 = ORIENTED_EDGE('',*,*,#14742,.T.);
#14742 = EDGE_CURVE('',#14743,#14745,#14747,.T.);
#14743 = VERTEX_POINT('',#14744);
#14744 = CARTESIAN_POINT('',(16.62,-2.25,0.));
#14745 = VERTEX_POINT('',#14746);
#14746 = CARTESIAN_POINT('',(16.02,-2.25,0.));
#14747 = CIRCLE('',#14748,0.3);
#14748 = AXIS2_PLACEMENT_3D('',#14749,#14750,#14751);
#14749 = CARTESIAN_POINT('',(16.32,-2.25,0.));
#14750 = DIRECTION('',(-0.,0.,-1.));
#14751 = DIRECTION('',(-1.,2.960594732334E-15,0.));
#14752 = ORIENTED_EDGE('',*,*,#14753,.T.);
#14753 = EDGE_CURVE('',#14745,#14754,#14756,.T.);
#14754 = VERTEX_POINT('',#14755);
#14755 = CARTESIAN_POINT('',(16.02,-1.65,0.));
#14756 = LINE('',#14757,#14758);
#14757 = CARTESIAN_POINT('',(16.02,-0.825,0.));
#14758 = VECTOR('',#14759,1.);
#14759 = DIRECTION('',(-0.,1.,0.));
#14760 = ORIENTED_EDGE('',*,*,#14761,.T.);
#14761 = EDGE_CURVE('',#14754,#14762,#14764,.T.);
#14762 = VERTEX_POINT('',#14763);
#14763 = CARTESIAN_POINT('',(16.62,-1.65,0.));
#14764 = CIRCLE('',#14765,0.3);
#14765 = AXIS2_PLACEMENT_3D('',#14766,#14767,#14768);
#14766 = CARTESIAN_POINT('',(16.32,-1.65,0.));
#14767 = DIRECTION('',(0.,-0.,-1.));
#14768 = DIRECTION('',(1.,-2.960594732334E-15,0.));
#14769 = ORIENTED_EDGE('',*,*,#14770,.T.);
#14770 = EDGE_CURVE('',#14762,#14743,#14771,.T.);
#14771 = LINE('',#14772,#14773);
#14772 = CARTESIAN_POINT('',(16.62,-1.125,0.));
#14773 = VECTOR('',#14774,1.);
#14774 = DIRECTION('',(0.,-1.,0.));
#14775 = PLANE('',#14776);
#14776 = AXIS2_PLACEMENT_3D('',#14777,#14778,#14779);
#14777 = CARTESIAN_POINT('',(0.,0.,0.));
#14778 = DIRECTION('',(0.,0.,1.));
#14779 = DIRECTION('',(1.,0.,-0.));
#14780 = ADVANCED_FACE('',(#14781,#14792,#14803,#14814,#14825,#14836,
    #14847,#14858,#14869,#14880,#14891,#14902,#14913,#14924,#14960,
    #14971,#15007,#15018,#15054,#15065),#15101,.T.);
#14781 = FACE_BOUND('',#14782,.T.);
#14782 = EDGE_LOOP('',(#14783,#14784,#14785,#14791));
#14783 = ORIENTED_EDGE('',*,*,#14366,.F.);
#14784 = ORIENTED_EDGE('',*,*,#14406,.F.);
#14785 = ORIENTED_EDGE('',*,*,#14786,.F.);
#14786 = EDGE_CURVE('',#14429,#14399,#14787,.T.);
#14787 = LINE('',#14788,#14789);
#14788 = CARTESIAN_POINT('',(0.,0.,1.51));
#14789 = VECTOR('',#14790,1.);
#14790 = DIRECTION('',(1.,0.,0.));
#14791 = ORIENTED_EDGE('',*,*,#14428,.F.);
#14792 = FACE_BOUND('',#14793,.T.);
#14793 = EDGE_LOOP('',(#14794));
#14794 = ORIENTED_EDGE('',*,*,#14795,.T.);
#14795 = EDGE_CURVE('',#14796,#14796,#14798,.T.);
#14796 = VERTEX_POINT('',#14797);
#14797 = CARTESIAN_POINT('',(8.45,-19.875,1.51));
#14798 = CIRCLE('',#14799,0.375);
#14799 = AXIS2_PLACEMENT_3D('',#14800,#14801,#14802);
#14800 = CARTESIAN_POINT('',(8.45,-19.5,1.51));
#14801 = DIRECTION('',(-0.,0.,-1.));
#14802 = DIRECTION('',(-0.,-1.,0.));
#14803 = FACE_BOUND('',#14804,.T.);
#14804 = EDGE_LOOP('',(#14805));
#14805 = ORIENTED_EDGE('',*,*,#14806,.T.);
#14806 = EDGE_CURVE('',#14807,#14807,#14809,.T.);
#14807 = VERTEX_POINT('',#14808);
#14808 = CARTESIAN_POINT('',(10.45,-19.875,1.51));
#14809 = CIRCLE('',#14810,0.375);
#14810 = AXIS2_PLACEMENT_3D('',#14811,#14812,#14813);
#14811 = CARTESIAN_POINT('',(10.45,-19.5,1.51));
#14812 = DIRECTION('',(-0.,0.,-1.));
#14813 = DIRECTION('',(-0.,-1.,0.));
#14814 = FACE_BOUND('',#14815,.T.);
#14815 = EDGE_LOOP('',(#14816));
#14816 = ORIENTED_EDGE('',*,*,#14817,.T.);
#14817 = EDGE_CURVE('',#14818,#14818,#14820,.T.);
#14818 = VERTEX_POINT('',#14819);
#14819 = CARTESIAN_POINT('',(8.6,-13.35,1.51));
#14820 = CIRCLE('',#14821,0.45);
#14821 = AXIS2_PLACEMENT_3D('',#14822,#14823,#14824);
#14822 = CARTESIAN_POINT('',(8.6,-12.9,1.51));
#14823 = DIRECTION('',(-0.,0.,-1.));
#14824 = DIRECTION('',(-3.947459643112E-15,-1.,0.));
#14825 = FACE_BOUND('',#14826,.T.);
#14826 = EDGE_LOOP('',(#14827));
#14827 = ORIENTED_EDGE('',*,*,#14828,.T.);
#14828 = EDGE_CURVE('',#14829,#14829,#14831,.T.);
#14829 = VERTEX_POINT('',#14830);
#14830 = CARTESIAN_POINT('',(12.45,-19.875,1.51));
#14831 = CIRCLE('',#14832,0.375);
#14832 = AXIS2_PLACEMENT_3D('',#14833,#14834,#14835);
#14833 = CARTESIAN_POINT('',(12.45,-19.5,1.51));
#14834 = DIRECTION('',(-0.,0.,-1.));
#14835 = DIRECTION('',(-0.,-1.,0.));
#14836 = FACE_BOUND('',#14837,.T.);
#14837 = EDGE_LOOP('',(#14838));
#14838 = ORIENTED_EDGE('',*,*,#14839,.T.);
#14839 = EDGE_CURVE('',#14840,#14840,#14842,.T.);
#14840 = VERTEX_POINT('',#14841);
#14841 = CARTESIAN_POINT('',(14.45,-19.875,1.51));
#14842 = CIRCLE('',#14843,0.375);
#14843 = AXIS2_PLACEMENT_3D('',#14844,#14845,#14846);
#14844 = CARTESIAN_POINT('',(14.45,-19.5,1.51));
#14845 = DIRECTION('',(-0.,0.,-1.));
#14846 = DIRECTION('',(-0.,-1.,0.));
#14847 = FACE_BOUND('',#14848,.T.);
#14848 = EDGE_LOOP('',(#14849));
#14849 = ORIENTED_EDGE('',*,*,#14850,.T.);
#14850 = EDGE_CURVE('',#14851,#14851,#14853,.T.);
#14851 = VERTEX_POINT('',#14852);
#14852 = CARTESIAN_POINT('',(19.,-24.075,1.51));
#14853 = CIRCLE('',#14854,0.375);
#14854 = AXIS2_PLACEMENT_3D('',#14855,#14856,#14857);
#14855 = CARTESIAN_POINT('',(19.,-23.7,1.51));
#14856 = DIRECTION('',(-0.,0.,-1.));
#14857 = DIRECTION('',(-0.,-1.,0.));
#14858 = FACE_BOUND('',#14859,.T.);
#14859 = EDGE_LOOP('',(#14860));
#14860 = ORIENTED_EDGE('',*,*,#14861,.T.);
#14861 = EDGE_CURVE('',#14862,#14862,#14864,.T.);
#14862 = VERTEX_POINT('',#14863);
#14863 = CARTESIAN_POINT('',(19.,-22.075,1.51));
#14864 = CIRCLE('',#14865,0.375);
#14865 = AXIS2_PLACEMENT_3D('',#14866,#14867,#14868);
#14866 = CARTESIAN_POINT('',(19.,-21.7,1.51));
#14867 = DIRECTION('',(-0.,0.,-1.));
#14868 = DIRECTION('',(-0.,-1.,0.));
#14869 = FACE_BOUND('',#14870,.T.);
#14870 = EDGE_LOOP('',(#14871));
#14871 = ORIENTED_EDGE('',*,*,#14872,.T.);
#14872 = EDGE_CURVE('',#14873,#14873,#14875,.T.);
#14873 = VERTEX_POINT('',#14874);
#14874 = CARTESIAN_POINT('',(19.,-20.075,1.51));
#14875 = CIRCLE('',#14876,0.375);
#14876 = AXIS2_PLACEMENT_3D('',#14877,#14878,#14879);
#14877 = CARTESIAN_POINT('',(19.,-19.7,1.51));
#14878 = DIRECTION('',(-0.,0.,-1.));
#14879 = DIRECTION('',(-0.,-1.,0.));
#14880 = FACE_BOUND('',#14881,.T.);
#14881 = EDGE_LOOP('',(#14882));
#14882 = ORIENTED_EDGE('',*,*,#14883,.T.);
#14883 = EDGE_CURVE('',#14884,#14884,#14886,.T.);
#14884 = VERTEX_POINT('',#14885);
#14885 = CARTESIAN_POINT('',(15.4,-13.35,1.51));
#14886 = CIRCLE('',#14887,0.45);
#14887 = AXIS2_PLACEMENT_3D('',#14888,#14889,#14890);
#14888 = CARTESIAN_POINT('',(15.4,-12.9,1.51));
#14889 = DIRECTION('',(-0.,0.,-1.));
#14890 = DIRECTION('',(3.947459643112E-15,-1.,-0.));
#14891 = FACE_BOUND('',#14892,.T.);
#14892 = EDGE_LOOP('',(#14893));
#14893 = ORIENTED_EDGE('',*,*,#14894,.T.);
#14894 = EDGE_CURVE('',#14895,#14895,#14897,.T.);
#14895 = VERTEX_POINT('',#14896);
#14896 = CARTESIAN_POINT('',(19.,-18.075,1.51));
#14897 = CIRCLE('',#14898,0.375);
#14898 = AXIS2_PLACEMENT_3D('',#14899,#14900,#14901);
#14899 = CARTESIAN_POINT('',(19.,-17.7,1.51));
#14900 = DIRECTION('',(-0.,0.,-1.));
#14901 = DIRECTION('',(-0.,-1.,0.));
#14902 = FACE_BOUND('',#14903,.T.);
#14903 = EDGE_LOOP('',(#14904));
#14904 = ORIENTED_EDGE('',*,*,#14905,.T.);
#14905 = EDGE_CURVE('',#14906,#14906,#14908,.T.);
#14906 = VERTEX_POINT('',#14907);
#14907 = CARTESIAN_POINT('',(19.,-16.075,1.51));
#14908 = CIRCLE('',#14909,0.375);
#14909 = AXIS2_PLACEMENT_3D('',#14910,#14911,#14912);
#14910 = CARTESIAN_POINT('',(19.,-15.7,1.51));
#14911 = DIRECTION('',(-0.,0.,-1.));
#14912 = DIRECTION('',(-0.,-1.,0.));
#14913 = FACE_BOUND('',#14914,.T.);
#14914 = EDGE_LOOP('',(#14915));
#14915 = ORIENTED_EDGE('',*,*,#14916,.T.);
#14916 = EDGE_CURVE('',#14917,#14917,#14919,.T.);
#14917 = VERTEX_POINT('',#14918);
#14918 = CARTESIAN_POINT('',(3.,-12.1,1.51));
#14919 = CIRCLE('',#14920,1.1);
#14920 = AXIS2_PLACEMENT_3D('',#14921,#14922,#14923);
#14921 = CARTESIAN_POINT('',(3.,-11.,1.51));
#14922 = DIRECTION('',(-0.,0.,-1.));
#14923 = DIRECTION('',(-0.,-1.,0.));
#14924 = FACE_BOUND('',#14925,.T.);
#14925 = EDGE_LOOP('',(#14926,#14937,#14945,#14954));
#14926 = ORIENTED_EDGE('',*,*,#14927,.T.);
#14927 = EDGE_CURVE('',#14928,#14930,#14932,.T.);
#14928 = VERTEX_POINT('',#14929);
#14929 = CARTESIAN_POINT('',(7.98,-6.68,1.51));
#14930 = VERTEX_POINT('',#14931);
#14931 = CARTESIAN_POINT('',(7.38,-6.68,1.51));
#14932 = CIRCLE('',#14933,0.3);
#14933 = AXIS2_PLACEMENT_3D('',#14934,#14935,#14936);
#14934 = CARTESIAN_POINT('',(7.68,-6.68,1.51));
#14935 = DIRECTION('',(-0.,0.,-1.));
#14936 = DIRECTION('',(-1.,0.,0.));
#14937 = ORIENTED_EDGE('',*,*,#14938,.T.);
#14938 = EDGE_CURVE('',#14930,#14939,#14941,.T.);
#14939 = VERTEX_POINT('',#14940);
#14940 = CARTESIAN_POINT('',(7.38,-5.58,1.51));
#14941 = LINE('',#14942,#14943);
#14942 = CARTESIAN_POINT('',(7.38,-2.79,1.51));
#14943 = VECTOR('',#14944,1.);
#14944 = DIRECTION('',(-0.,1.,0.));
#14945 = ORIENTED_EDGE('',*,*,#14946,.T.);
#14946 = EDGE_CURVE('',#14939,#14947,#14949,.T.);
#14947 = VERTEX_POINT('',#14948);
#14948 = CARTESIAN_POINT('',(7.98,-5.58,1.51));
#14949 = CIRCLE('',#14950,0.3);
#14950 = AXIS2_PLACEMENT_3D('',#14951,#14952,#14953);
#14951 = CARTESIAN_POINT('',(7.68,-5.58,1.51));
#14952 = DIRECTION('',(0.,-0.,-1.));
#14953 = DIRECTION('',(1.,0.,-0.));
#14954 = ORIENTED_EDGE('',*,*,#14955,.T.);
#14955 = EDGE_CURVE('',#14947,#14928,#14956,.T.);
#14956 = LINE('',#14957,#14958);
#14957 = CARTESIAN_POINT('',(7.98,-3.34,1.51));
#14958 = VECTOR('',#14959,1.);
#14959 = DIRECTION('',(0.,-1.,0.));
#14960 = FACE_BOUND('',#14961,.T.);
#14961 = EDGE_LOOP('',(#14962));
#14962 = ORIENTED_EDGE('',*,*,#14963,.T.);
#14963 = EDGE_CURVE('',#14964,#14964,#14966,.T.);
#14964 = VERTEX_POINT('',#14965);
#14965 = CARTESIAN_POINT('',(9.11,-5.925,1.51));
#14966 = CIRCLE('',#14967,0.325);
#14967 = AXIS2_PLACEMENT_3D('',#14968,#14969,#14970);
#14968 = CARTESIAN_POINT('',(9.11,-5.6,1.51));
#14969 = DIRECTION('',(-0.,0.,-1.));
#14970 = DIRECTION('',(-0.,-1.,0.));
#14971 = FACE_BOUND('',#14972,.T.);
#14972 = EDGE_LOOP('',(#14973,#14984,#14992,#15001));
#14973 = ORIENTED_EDGE('',*,*,#14974,.T.);
#14974 = EDGE_CURVE('',#14975,#14977,#14979,.T.);
#14975 = VERTEX_POINT('',#14976);
#14976 = CARTESIAN_POINT('',(7.98,-2.25,1.51));
#14977 = VERTEX_POINT('',#14978);
#14978 = CARTESIAN_POINT('',(7.38,-2.25,1.51));
#14979 = CIRCLE('',#14980,0.3);
#14980 = AXIS2_PLACEMENT_3D('',#14981,#14982,#14983);
#14981 = CARTESIAN_POINT('',(7.68,-2.25,1.51));
#14982 = DIRECTION('',(-0.,0.,-1.));
#14983 = DIRECTION('',(-1.,-2.960594732334E-15,0.));
#14984 = ORIENTED_EDGE('',*,*,#14985,.T.);
#14985 = EDGE_CURVE('',#14977,#14986,#14988,.T.);
#14986 = VERTEX_POINT('',#14987);
#14987 = CARTESIAN_POINT('',(7.38,-1.65,1.51));
#14988 = LINE('',#14989,#14990);
#14989 = CARTESIAN_POINT('',(7.38,-0.825,1.51));
#14990 = VECTOR('',#14991,1.);
#14991 = DIRECTION('',(-0.,1.,0.));
#14992 = ORIENTED_EDGE('',*,*,#14993,.T.);
#14993 = EDGE_CURVE('',#14986,#14994,#14996,.T.);
#14994 = VERTEX_POINT('',#14995);
#14995 = CARTESIAN_POINT('',(7.98,-1.65,1.51));
#14996 = CIRCLE('',#14997,0.3);
#14997 = AXIS2_PLACEMENT_3D('',#14998,#14999,#15000);
#14998 = CARTESIAN_POINT('',(7.68,-1.65,1.51));
#14999 = DIRECTION('',(0.,-0.,-1.));
#15000 = DIRECTION('',(1.,2.22044604925E-15,-0.));
#15001 = ORIENTED_EDGE('',*,*,#15002,.T.);
#15002 = EDGE_CURVE('',#14994,#14975,#15003,.T.);
#15003 = LINE('',#15004,#15005);
#15004 = CARTESIAN_POINT('',(7.98,-1.125,1.51));
#15005 = VECTOR('',#15006,1.);
#15006 = DIRECTION('',(0.,-1.,0.));
#15007 = FACE_BOUND('',#15008,.T.);
#15008 = EDGE_LOOP('',(#15009));
#15009 = ORIENTED_EDGE('',*,*,#15010,.T.);
#15010 = EDGE_CURVE('',#15011,#15011,#15013,.T.);
#15011 = VERTEX_POINT('',#15012);
#15012 = CARTESIAN_POINT('',(21.,-12.1,1.51));
#15013 = CIRCLE('',#15014,1.1);
#15014 = AXIS2_PLACEMENT_3D('',#15015,#15016,#15017);
#15015 = CARTESIAN_POINT('',(21.,-11.,1.51));
#15016 = DIRECTION('',(-0.,0.,-1.));
#15017 = DIRECTION('',(-0.,-1.,0.));
#15018 = FACE_BOUND('',#15019,.T.);
#15019 = EDGE_LOOP('',(#15020,#15031,#15039,#15048));
#15020 = ORIENTED_EDGE('',*,*,#15021,.T.);
#15021 = EDGE_CURVE('',#15022,#15024,#15026,.T.);
#15022 = VERTEX_POINT('',#15023);
#15023 = CARTESIAN_POINT('',(16.62,-6.68,1.51));
#15024 = VERTEX_POINT('',#15025);
#15025 = CARTESIAN_POINT('',(16.02,-6.68,1.51));
#15026 = CIRCLE('',#15027,0.3);
#15027 = AXIS2_PLACEMENT_3D('',#15028,#15029,#15030);
#15028 = CARTESIAN_POINT('',(16.32,-6.68,1.51));
#15029 = DIRECTION('',(-0.,0.,-1.));
#15030 = DIRECTION('',(-1.,5.921189464667E-15,0.));
#15031 = ORIENTED_EDGE('',*,*,#15032,.T.);
#15032 = EDGE_CURVE('',#15024,#15033,#15035,.T.);
#15033 = VERTEX_POINT('',#15034);
#15034 = CARTESIAN_POINT('',(16.02,-5.58,1.51));
#15035 = LINE('',#15036,#15037);
#15036 = CARTESIAN_POINT('',(16.02,-2.79,1.51));
#15037 = VECTOR('',#15038,1.);
#15038 = DIRECTION('',(-0.,1.,0.));
#15039 = ORIENTED_EDGE('',*,*,#15040,.T.);
#15040 = EDGE_CURVE('',#15033,#15041,#15043,.T.);
#15041 = VERTEX_POINT('',#15042);
#15042 = CARTESIAN_POINT('',(16.62,-5.58,1.51));
#15043 = CIRCLE('',#15044,0.3);
#15044 = AXIS2_PLACEMENT_3D('',#15045,#15046,#15047);
#15045 = CARTESIAN_POINT('',(16.32,-5.58,1.51));
#15046 = DIRECTION('',(0.,-0.,-1.));
#15047 = DIRECTION('',(1.,-2.960594732334E-15,0.));
#15048 = ORIENTED_EDGE('',*,*,#15049,.T.);
#15049 = EDGE_CURVE('',#15041,#15022,#15050,.T.);
#15050 = LINE('',#15051,#15052);
#15051 = CARTESIAN_POINT('',(16.62,-3.34,1.51));
#15052 = VECTOR('',#15053,1.);
#15053 = DIRECTION('',(0.,-1.,0.));
#15054 = FACE_BOUND('',#15055,.T.);
#15055 = EDGE_LOOP('',(#15056));
#15056 = ORIENTED_EDGE('',*,*,#15057,.T.);
#15057 = EDGE_CURVE('',#15058,#15058,#15060,.T.);
#15058 = VERTEX_POINT('',#15059);
#15059 = CARTESIAN_POINT('',(14.89,-5.925,1.51));
#15060 = CIRCLE('',#15061,0.325);
#15061 = AXIS2_PLACEMENT_3D('',#15062,#15063,#15064);
#15062 = CARTESIAN_POINT('',(14.89,-5.6,1.51));
#15063 = DIRECTION('',(-0.,0.,-1.));
#15064 = DIRECTION('',(-0.,-1.,0.));
#15065 = FACE_BOUND('',#15066,.T.);
#15066 = EDGE_LOOP('',(#15067,#15078,#15086,#15095));
#15067 = ORIENTED_EDGE('',*,*,#15068,.T.);
#15068 = EDGE_CURVE('',#15069,#15071,#15073,.T.);
#15069 = VERTEX_POINT('',#15070);
#15070 = CARTESIAN_POINT('',(16.62,-2.25,1.51));
#15071 = VERTEX_POINT('',#15072);
#15072 = CARTESIAN_POINT('',(16.02,-2.25,1.51));
#15073 = CIRCLE('',#15074,0.3);
#15074 = AXIS2_PLACEMENT_3D('',#15075,#15076,#15077);
#15075 = CARTESIAN_POINT('',(16.32,-2.25,1.51));
#15076 = DIRECTION('',(-0.,0.,-1.));
#15077 = DIRECTION('',(-1.,2.960594732334E-15,0.));
#15078 = ORIENTED_EDGE('',*,*,#15079,.T.);
#15079 = EDGE_CURVE('',#15071,#15080,#15082,.T.);
#15080 = VERTEX_POINT('',#15081);
#15081 = CARTESIAN_POINT('',(16.02,-1.65,1.51));
#15082 = LINE('',#15083,#15084);
#15083 = CARTESIAN_POINT('',(16.02,-0.825,1.51));
#15084 = VECTOR('',#15085,1.);
#15085 = DIRECTION('',(-0.,1.,0.));
#15086 = ORIENTED_EDGE('',*,*,#15087,.T.);
#15087 = EDGE_CURVE('',#15080,#15088,#15090,.T.);
#15088 = VERTEX_POINT('',#15089);
#15089 = CARTESIAN_POINT('',(16.62,-1.65,1.51));
#15090 = CIRCLE('',#15091,0.3);
#15091 = AXIS2_PLACEMENT_3D('',#15092,#15093,#15094);
#15092 = CARTESIAN_POINT('',(16.32,-1.65,1.51));
#15093 = DIRECTION('',(0.,-0.,-1.));
#15094 = DIRECTION('',(1.,-2.960594732334E-15,0.));
#15095 = ORIENTED_EDGE('',*,*,#15096,.T.);
#15096 = EDGE_CURVE('',#15088,#15069,#15097,.T.);
#15097 = LINE('',#15098,#15099);
#15098 = CARTESIAN_POINT('',(16.62,-1.125,1.51));
#15099 = VECTOR('',#15100,1.);
#15100 = DIRECTION('',(0.,-1.,0.));
#15101 = PLANE('',#15102);
#15102 = AXIS2_PLACEMENT_3D('',#15103,#15104,#15105);
#15103 = CARTESIAN_POINT('',(0.,0.,1.51));
#15104 = DIRECTION('',(0.,0.,1.));
#15105 = DIRECTION('',(1.,0.,-0.));
#15106 = ADVANCED_FACE('',(#15107),#15113,.T.);
#15107 = FACE_BOUND('',#15108,.T.);
#15108 = EDGE_LOOP('',(#15109,#15110,#15111,#15112));
#15109 = ORIENTED_EDGE('',*,*,#14436,.T.);
#15110 = ORIENTED_EDGE('',*,*,#14786,.T.);
#15111 = ORIENTED_EDGE('',*,*,#14396,.F.);
#15112 = ORIENTED_EDGE('',*,*,#14460,.F.);
#15113 = PLANE('',#15114);
#15114 = AXIS2_PLACEMENT_3D('',#15115,#15116,#15117);
#15115 = CARTESIAN_POINT('',(0.,0.,0.));
#15116 = DIRECTION('',(0.,1.,0.));
#15117 = DIRECTION('',(1.,0.,0.));
#15118 = ADVANCED_FACE('',(#15119),#15130,.F.);
#15119 = FACE_BOUND('',#15120,.T.);
#15120 = EDGE_LOOP('',(#15121,#15122,#15128,#15129));
#15121 = ORIENTED_EDGE('',*,*,#14469,.T.);
#15122 = ORIENTED_EDGE('',*,*,#15123,.T.);
#15123 = EDGE_CURVE('',#14470,#14796,#15124,.T.);
#15124 = LINE('',#15125,#15126);
#15125 = CARTESIAN_POINT('',(8.45,-19.875,-4.6E-02));
#15126 = VECTOR('',#15127,1.);
#15127 = DIRECTION('',(0.,0.,1.));
#15128 = ORIENTED_EDGE('',*,*,#14795,.F.);
#15129 = ORIENTED_EDGE('',*,*,#15123,.F.);
#15130 = CYLINDRICAL_SURFACE('',#15131,0.375);
#15131 = AXIS2_PLACEMENT_3D('',#15132,#15133,#15134);
#15132 = CARTESIAN_POINT('',(8.45,-19.5,-4.6E-02));
#15133 = DIRECTION('',(-0.,-0.,-1.));
#15134 = DIRECTION('',(-0.,-1.,0.));
#15135 = ADVANCED_FACE('',(#15136),#15147,.F.);
#15136 = FACE_BOUND('',#15137,.T.);
#15137 = EDGE_LOOP('',(#15138,#15139,#15145,#15146));
#15138 = ORIENTED_EDGE('',*,*,#14480,.T.);
#15139 = ORIENTED_EDGE('',*,*,#15140,.T.);
#15140 = EDGE_CURVE('',#14481,#14807,#15141,.T.);
#15141 = LINE('',#15142,#15143);
#15142 = CARTESIAN_POINT('',(10.45,-19.875,-4.6E-02));
#15143 = VECTOR('',#15144,1.);
#15144 = DIRECTION('',(0.,0.,1.));
#15145 = ORIENTED_EDGE('',*,*,#14806,.F.);
#15146 = ORIENTED_EDGE('',*,*,#15140,.F.);
#15147 = CYLINDRICAL_SURFACE('',#15148,0.375);
#15148 = AXIS2_PLACEMENT_3D('',#15149,#15150,#15151);
#15149 = CARTESIAN_POINT('',(10.45,-19.5,-4.6E-02));
#15150 = DIRECTION('',(-0.,-0.,-1.));
#15151 = DIRECTION('',(-0.,-1.,0.));
#15152 = ADVANCED_FACE('',(#15153),#15164,.F.);
#15153 = FACE_BOUND('',#15154,.T.);
#15154 = EDGE_LOOP('',(#15155,#15156,#15162,#15163));
#15155 = ORIENTED_EDGE('',*,*,#14491,.T.);
#15156 = ORIENTED_EDGE('',*,*,#15157,.T.);
#15157 = EDGE_CURVE('',#14492,#14818,#15158,.T.);
#15158 = LINE('',#15159,#15160);
#15159 = CARTESIAN_POINT('',(8.6,-13.35,-4.6E-02));
#15160 = VECTOR('',#15161,1.);
#15161 = DIRECTION('',(0.,0.,1.));
#15162 = ORIENTED_EDGE('',*,*,#14817,.F.);
#15163 = ORIENTED_EDGE('',*,*,#15157,.F.);
#15164 = CYLINDRICAL_SURFACE('',#15165,0.45);
#15165 = AXIS2_PLACEMENT_3D('',#15166,#15167,#15168);
#15166 = CARTESIAN_POINT('',(8.6,-12.9,-4.6E-02));
#15167 = DIRECTION('',(-0.,-0.,-1.));
#15168 = DIRECTION('',(-3.947459643112E-15,-1.,0.));
#15169 = ADVANCED_FACE('',(#15170),#15181,.F.);
#15170 = FACE_BOUND('',#15171,.T.);
#15171 = EDGE_LOOP('',(#15172,#15173,#15179,#15180));
#15172 = ORIENTED_EDGE('',*,*,#14502,.T.);
#15173 = ORIENTED_EDGE('',*,*,#15174,.T.);
#15174 = EDGE_CURVE('',#14503,#14829,#15175,.T.);
#15175 = LINE('',#15176,#15177);
#15176 = CARTESIAN_POINT('',(12.45,-19.875,-4.6E-02));
#15177 = VECTOR('',#15178,1.);
#15178 = DIRECTION('',(0.,0.,1.));
#15179 = ORIENTED_EDGE('',*,*,#14828,.F.);
#15180 = ORIENTED_EDGE('',*,*,#15174,.F.);
#15181 = CYLINDRICAL_SURFACE('',#15182,0.375);
#15182 = AXIS2_PLACEMENT_3D('',#15183,#15184,#15185);
#15183 = CARTESIAN_POINT('',(12.45,-19.5,-4.6E-02));
#15184 = DIRECTION('',(-0.,-0.,-1.));
#15185 = DIRECTION('',(-0.,-1.,0.));
#15186 = ADVANCED_FACE('',(#15187),#15198,.F.);
#15187 = FACE_BOUND('',#15188,.T.);
#15188 = EDGE_LOOP('',(#15189,#15190,#15196,#15197));
#15189 = ORIENTED_EDGE('',*,*,#14513,.T.);
#15190 = ORIENTED_EDGE('',*,*,#15191,.T.);
#15191 = EDGE_CURVE('',#14514,#14840,#15192,.T.);
#15192 = LINE('',#15193,#15194);
#15193 = CARTESIAN_POINT('',(14.45,-19.875,-4.6E-02));
#15194 = VECTOR('',#15195,1.);
#15195 = DIRECTION('',(0.,0.,1.));
#15196 = ORIENTED_EDGE('',*,*,#14839,.F.);
#15197 = ORIENTED_EDGE('',*,*,#15191,.F.);
#15198 = CYLINDRICAL_SURFACE('',#15199,0.375);
#15199 = AXIS2_PLACEMENT_3D('',#15200,#15201,#15202);
#15200 = CARTESIAN_POINT('',(14.45,-19.5,-4.6E-02));
#15201 = DIRECTION('',(-0.,-0.,-1.));
#15202 = DIRECTION('',(-0.,-1.,0.));
#15203 = ADVANCED_FACE('',(#15204),#15215,.F.);
#15204 = FACE_BOUND('',#15205,.T.);
#15205 = EDGE_LOOP('',(#15206,#15207,#15213,#15214));
#15206 = ORIENTED_EDGE('',*,*,#14524,.T.);
#15207 = ORIENTED_EDGE('',*,*,#15208,.T.);
#15208 = EDGE_CURVE('',#14525,#14851,#15209,.T.);
#15209 = LINE('',#15210,#15211);
#15210 = CARTESIAN_POINT('',(19.,-24.075,-4.6E-02));
#15211 = VECTOR('',#15212,1.);
#15212 = DIRECTION('',(0.,0.,1.));
#15213 = ORIENTED_EDGE('',*,*,#14850,.F.);
#15214 = ORIENTED_EDGE('',*,*,#15208,.F.);
#15215 = CYLINDRICAL_SURFACE('',#15216,0.375);
#15216 = AXIS2_PLACEMENT_3D('',#15217,#15218,#15219);
#15217 = CARTESIAN_POINT('',(19.,-23.7,-4.6E-02));
#15218 = DIRECTION('',(-0.,-0.,-1.));
#15219 = DIRECTION('',(-0.,-1.,0.));
#15220 = ADVANCED_FACE('',(#15221),#15232,.F.);
#15221 = FACE_BOUND('',#15222,.T.);
#15222 = EDGE_LOOP('',(#15223,#15224,#15230,#15231));
#15223 = ORIENTED_EDGE('',*,*,#14535,.T.);
#15224 = ORIENTED_EDGE('',*,*,#15225,.T.);
#15225 = EDGE_CURVE('',#14536,#14862,#15226,.T.);
#15226 = LINE('',#15227,#15228);
#15227 = CARTESIAN_POINT('',(19.,-22.075,-4.6E-02));
#15228 = VECTOR('',#15229,1.);
#15229 = DIRECTION('',(0.,0.,1.));
#15230 = ORIENTED_EDGE('',*,*,#14861,.F.);
#15231 = ORIENTED_EDGE('',*,*,#15225,.F.);
#15232 = CYLINDRICAL_SURFACE('',#15233,0.375);
#15233 = AXIS2_PLACEMENT_3D('',#15234,#15235,#15236);
#15234 = CARTESIAN_POINT('',(19.,-21.7,-4.6E-02));
#15235 = DIRECTION('',(-0.,-0.,-1.));
#15236 = DIRECTION('',(-0.,-1.,0.));
#15237 = ADVANCED_FACE('',(#15238),#15249,.F.);
#15238 = FACE_BOUND('',#15239,.T.);
#15239 = EDGE_LOOP('',(#15240,#15241,#15247,#15248));
#15240 = ORIENTED_EDGE('',*,*,#14546,.T.);
#15241 = ORIENTED_EDGE('',*,*,#15242,.T.);
#15242 = EDGE_CURVE('',#14547,#14873,#15243,.T.);
#15243 = LINE('',#15244,#15245);
#15244 = CARTESIAN_POINT('',(19.,-20.075,-4.6E-02));
#15245 = VECTOR('',#15246,1.);
#15246 = DIRECTION('',(0.,0.,1.));
#15247 = ORIENTED_EDGE('',*,*,#14872,.F.);
#15248 = ORIENTED_EDGE('',*,*,#15242,.F.);
#15249 = CYLINDRICAL_SURFACE('',#15250,0.375);
#15250 = AXIS2_PLACEMENT_3D('',#15251,#15252,#15253);
#15251 = CARTESIAN_POINT('',(19.,-19.7,-4.6E-02));
#15252 = DIRECTION('',(-0.,-0.,-1.));
#15253 = DIRECTION('',(-0.,-1.,0.));
#15254 = ADVANCED_FACE('',(#15255),#15266,.F.);
#15255 = FACE_BOUND('',#15256,.T.);
#15256 = EDGE_LOOP('',(#15257,#15258,#15264,#15265));
#15257 = ORIENTED_EDGE('',*,*,#14557,.T.);
#15258 = ORIENTED_EDGE('',*,*,#15259,.T.);
#15259 = EDGE_CURVE('',#14558,#14884,#15260,.T.);
#15260 = LINE('',#15261,#15262);
#15261 = CARTESIAN_POINT('',(15.4,-13.35,-4.6E-02));
#15262 = VECTOR('',#15263,1.);
#15263 = DIRECTION('',(0.,0.,1.));
#15264 = ORIENTED_EDGE('',*,*,#14883,.F.);
#15265 = ORIENTED_EDGE('',*,*,#15259,.F.);
#15266 = CYLINDRICAL_SURFACE('',#15267,0.45);
#15267 = AXIS2_PLACEMENT_3D('',#15268,#15269,#15270);
#15268 = CARTESIAN_POINT('',(15.4,-12.9,-4.6E-02));
#15269 = DIRECTION('',(-0.,0.,-1.));
#15270 = DIRECTION('',(3.947459643112E-15,-1.,-0.));
#15271 = ADVANCED_FACE('',(#15272),#15283,.F.);
#15272 = FACE_BOUND('',#15273,.T.);
#15273 = EDGE_LOOP('',(#15274,#15275,#15281,#15282));
#15274 = ORIENTED_EDGE('',*,*,#14568,.T.);
#15275 = ORIENTED_EDGE('',*,*,#15276,.T.);
#15276 = EDGE_CURVE('',#14569,#14895,#15277,.T.);
#15277 = LINE('',#15278,#15279);
#15278 = CARTESIAN_POINT('',(19.,-18.075,-4.6E-02));
#15279 = VECTOR('',#15280,1.);
#15280 = DIRECTION('',(0.,0.,1.));
#15281 = ORIENTED_EDGE('',*,*,#14894,.F.);
#15282 = ORIENTED_EDGE('',*,*,#15276,.F.);
#15283 = CYLINDRICAL_SURFACE('',#15284,0.375);
#15284 = AXIS2_PLACEMENT_3D('',#15285,#15286,#15287);
#15285 = CARTESIAN_POINT('',(19.,-17.7,-4.6E-02));
#15286 = DIRECTION('',(-0.,-0.,-1.));
#15287 = DIRECTION('',(-0.,-1.,0.));
#15288 = ADVANCED_FACE('',(#15289),#15300,.F.);
#15289 = FACE_BOUND('',#15290,.T.);
#15290 = EDGE_LOOP('',(#15291,#15292,#15298,#15299));
#15291 = ORIENTED_EDGE('',*,*,#14579,.T.);
#15292 = ORIENTED_EDGE('',*,*,#15293,.T.);
#15293 = EDGE_CURVE('',#14580,#14906,#15294,.T.);
#15294 = LINE('',#15295,#15296);
#15295 = CARTESIAN_POINT('',(19.,-16.075,-4.6E-02));
#15296 = VECTOR('',#15297,1.);
#15297 = DIRECTION('',(0.,0.,1.));
#15298 = ORIENTED_EDGE('',*,*,#14905,.F.);
#15299 = ORIENTED_EDGE('',*,*,#15293,.F.);
#15300 = CYLINDRICAL_SURFACE('',#15301,0.375);
#15301 = AXIS2_PLACEMENT_3D('',#15302,#15303,#15304);
#15302 = CARTESIAN_POINT('',(19.,-15.7,-4.6E-02));
#15303 = DIRECTION('',(-0.,-0.,-1.));
#15304 = DIRECTION('',(-0.,-1.,0.));
#15305 = ADVANCED_FACE('',(#15306),#15317,.F.);
#15306 = FACE_BOUND('',#15307,.T.);
#15307 = EDGE_LOOP('',(#15308,#15309,#15315,#15316));
#15308 = ORIENTED_EDGE('',*,*,#14590,.T.);
#15309 = ORIENTED_EDGE('',*,*,#15310,.T.);
#15310 = EDGE_CURVE('',#14591,#14917,#15311,.T.);
#15311 = LINE('',#15312,#15313);
#15312 = CARTESIAN_POINT('',(3.,-12.1,-4.6E-02));
#15313 = VECTOR('',#15314,1.);
#15314 = DIRECTION('',(0.,0.,1.));
#15315 = ORIENTED_EDGE('',*,*,#14916,.F.);
#15316 = ORIENTED_EDGE('',*,*,#15310,.F.);
#15317 = CYLINDRICAL_SURFACE('',#15318,1.1);
#15318 = AXIS2_PLACEMENT_3D('',#15319,#15320,#15321);
#15319 = CARTESIAN_POINT('',(3.,-11.,-4.6E-02));
#15320 = DIRECTION('',(-0.,-0.,-1.));
#15321 = DIRECTION('',(-0.,-1.,0.));
#15322 = ADVANCED_FACE('',(#15323),#15339,.F.);
#15323 = FACE_BOUND('',#15324,.T.);
#15324 = EDGE_LOOP('',(#15325,#15326,#15332,#15333));
#15325 = ORIENTED_EDGE('',*,*,#14601,.T.);
#15326 = ORIENTED_EDGE('',*,*,#15327,.T.);
#15327 = EDGE_CURVE('',#14604,#14930,#15328,.T.);
#15328 = LINE('',#15329,#15330);
#15329 = CARTESIAN_POINT('',(7.38,-6.68,-4.6E-02));
#15330 = VECTOR('',#15331,1.);
#15331 = DIRECTION('',(0.,0.,1.));
#15332 = ORIENTED_EDGE('',*,*,#14927,.F.);
#15333 = ORIENTED_EDGE('',*,*,#15334,.F.);
#15334 = EDGE_CURVE('',#14602,#14928,#15335,.T.);
#15335 = LINE('',#15336,#15337);
#15336 = CARTESIAN_POINT('',(7.98,-6.68,-4.6E-02));
#15337 = VECTOR('',#15338,1.);
#15338 = DIRECTION('',(0.,0.,1.));
#15339 = CYLINDRICAL_SURFACE('',#15340,0.3);
#15340 = AXIS2_PLACEMENT_3D('',#15341,#15342,#15343);
#15341 = CARTESIAN_POINT('',(7.68,-6.68,-4.6E-02));
#15342 = DIRECTION('',(-0.,-0.,-1.));
#15343 = DIRECTION('',(-1.,0.,-0.));
#15344 = ADVANCED_FACE('',(#15345),#15356,.T.);
#15345 = FACE_BOUND('',#15346,.T.);
#15346 = EDGE_LOOP('',(#15347,#15348,#15349,#15350));
#15347 = ORIENTED_EDGE('',*,*,#14629,.T.);
#15348 = ORIENTED_EDGE('',*,*,#15334,.T.);
#15349 = ORIENTED_EDGE('',*,*,#14955,.F.);
#15350 = ORIENTED_EDGE('',*,*,#15351,.F.);
#15351 = EDGE_CURVE('',#14621,#14947,#15352,.T.);
#15352 = LINE('',#15353,#15354);
#15353 = CARTESIAN_POINT('',(7.98,-5.58,-4.6E-02));
#15354 = VECTOR('',#15355,1.);
#15355 = DIRECTION('',(0.,0.,1.));
#15356 = PLANE('',#15357);
#15357 = AXIS2_PLACEMENT_3D('',#15358,#15359,#15360);
#15358 = CARTESIAN_POINT('',(7.98,-6.68,-4.6E-02));
#15359 = DIRECTION('',(-1.,0.,0.));
#15360 = DIRECTION('',(0.,1.,0.));
#15361 = ADVANCED_FACE('',(#15362),#15373,.F.);
#15362 = FACE_BOUND('',#15363,.T.);
#15363 = EDGE_LOOP('',(#15364,#15365,#15366,#15367));
#15364 = ORIENTED_EDGE('',*,*,#14620,.T.);
#15365 = ORIENTED_EDGE('',*,*,#15351,.T.);
#15366 = ORIENTED_EDGE('',*,*,#14946,.F.);
#15367 = ORIENTED_EDGE('',*,*,#15368,.F.);
#15368 = EDGE_CURVE('',#14613,#14939,#15369,.T.);
#15369 = LINE('',#15370,#15371);
#15370 = CARTESIAN_POINT('',(7.38,-5.58,-4.6E-02));
#15371 = VECTOR('',#15372,1.);
#15372 = DIRECTION('',(0.,0.,1.));
#15373 = CYLINDRICAL_SURFACE('',#15374,0.3);
#15374 = AXIS2_PLACEMENT_3D('',#15375,#15376,#15377);
#15375 = CARTESIAN_POINT('',(7.68,-5.58,-4.6E-02));
#15376 = DIRECTION('',(-0.,-0.,-1.));
#15377 = DIRECTION('',(1.,0.,-0.));
#15378 = ADVANCED_FACE('',(#15379),#15385,.T.);
#15379 = FACE_BOUND('',#15380,.T.);
#15380 = EDGE_LOOP('',(#15381,#15382,#15383,#15384));
#15381 = ORIENTED_EDGE('',*,*,#14612,.T.);
#15382 = ORIENTED_EDGE('',*,*,#15368,.T.);
#15383 = ORIENTED_EDGE('',*,*,#14938,.F.);
#15384 = ORIENTED_EDGE('',*,*,#15327,.F.);
#15385 = PLANE('',#15386);
#15386 = AXIS2_PLACEMENT_3D('',#15387,#15388,#15389);
#15387 = CARTESIAN_POINT('',(7.38,-5.58,-4.6E-02));
#15388 = DIRECTION('',(1.,0.,-0.));
#15389 = DIRECTION('',(0.,-1.,0.));
#15390 = ADVANCED_FACE('',(#15391),#15402,.F.);
#15391 = FACE_BOUND('',#15392,.T.);
#15392 = EDGE_LOOP('',(#15393,#15394,#15400,#15401));
#15393 = ORIENTED_EDGE('',*,*,#14637,.T.);
#15394 = ORIENTED_EDGE('',*,*,#15395,.T.);
#15395 = EDGE_CURVE('',#14638,#14964,#15396,.T.);
#15396 = LINE('',#15397,#15398);
#15397 = CARTESIAN_POINT('',(9.11,-5.925,-4.6E-02));
#15398 = VECTOR('',#15399,1.);
#15399 = DIRECTION('',(0.,0.,1.));
#15400 = ORIENTED_EDGE('',*,*,#14963,.F.);
#15401 = ORIENTED_EDGE('',*,*,#15395,.F.);
#15402 = CYLINDRICAL_SURFACE('',#15403,0.325);
#15403 = AXIS2_PLACEMENT_3D('',#15404,#15405,#15406);
#15404 = CARTESIAN_POINT('',(9.11,-5.6,-4.6E-02));
#15405 = DIRECTION('',(-0.,-0.,-1.));
#15406 = DIRECTION('',(-0.,-1.,0.));
#15407 = ADVANCED_FACE('',(#15408),#15424,.F.);
#15408 = FACE_BOUND('',#15409,.T.);
#15409 = EDGE_LOOP('',(#15410,#15411,#15417,#15418));
#15410 = ORIENTED_EDGE('',*,*,#14648,.T.);
#15411 = ORIENTED_EDGE('',*,*,#15412,.T.);
#15412 = EDGE_CURVE('',#14651,#14977,#15413,.T.);
#15413 = LINE('',#15414,#15415);
#15414 = CARTESIAN_POINT('',(7.38,-2.25,-4.6E-02));
#15415 = VECTOR('',#15416,1.);
#15416 = DIRECTION('',(0.,0.,1.));
#15417 = ORIENTED_EDGE('',*,*,#14974,.F.);
#15418 = ORIENTED_EDGE('',*,*,#15419,.F.);
#15419 = EDGE_CURVE('',#14649,#14975,#15420,.T.);
#15420 = LINE('',#15421,#15422);
#15421 = CARTESIAN_POINT('',(7.98,-2.25,-4.6E-02));
#15422 = VECTOR('',#15423,1.);
#15423 = DIRECTION('',(0.,0.,1.));
#15424 = CYLINDRICAL_SURFACE('',#15425,0.3);
#15425 = AXIS2_PLACEMENT_3D('',#15426,#15427,#15428);
#15426 = CARTESIAN_POINT('',(7.68,-2.25,-4.6E-02));
#15427 = DIRECTION('',(-0.,-0.,-1.));
#15428 = DIRECTION('',(-1.,-2.960594732334E-15,0.));
#15429 = ADVANCED_FACE('',(#15430),#15441,.T.);
#15430 = FACE_BOUND('',#15431,.T.);
#15431 = EDGE_LOOP('',(#15432,#15433,#15434,#15435));
#15432 = ORIENTED_EDGE('',*,*,#14676,.T.);
#15433 = ORIENTED_EDGE('',*,*,#15419,.T.);
#15434 = ORIENTED_EDGE('',*,*,#15002,.F.);
#15435 = ORIENTED_EDGE('',*,*,#15436,.F.);
#15436 = EDGE_CURVE('',#14668,#14994,#15437,.T.);
#15437 = LINE('',#15438,#15439);
#15438 = CARTESIAN_POINT('',(7.98,-1.65,-4.6E-02));
#15439 = VECTOR('',#15440,1.);
#15440 = DIRECTION('',(0.,0.,1.));
#15441 = PLANE('',#15442);
#15442 = AXIS2_PLACEMENT_3D('',#15443,#15444,#15445);
#15443 = CARTESIAN_POINT('',(7.98,-2.25,-4.6E-02));
#15444 = DIRECTION('',(-1.,0.,0.));
#15445 = DIRECTION('',(0.,1.,0.));
#15446 = ADVANCED_FACE('',(#15447),#15458,.F.);
#15447 = FACE_BOUND('',#15448,.T.);
#15448 = EDGE_LOOP('',(#15449,#15450,#15451,#15452));
#15449 = ORIENTED_EDGE('',*,*,#14667,.T.);
#15450 = ORIENTED_EDGE('',*,*,#15436,.T.);
#15451 = ORIENTED_EDGE('',*,*,#14993,.F.);
#15452 = ORIENTED_EDGE('',*,*,#15453,.F.);
#15453 = EDGE_CURVE('',#14660,#14986,#15454,.T.);
#15454 = LINE('',#15455,#15456);
#15455 = CARTESIAN_POINT('',(7.38,-1.65,-4.6E-02));
#15456 = VECTOR('',#15457,1.);
#15457 = DIRECTION('',(0.,0.,1.));
#15458 = CYLINDRICAL_SURFACE('',#15459,0.3);
#15459 = AXIS2_PLACEMENT_3D('',#15460,#15461,#15462);
#15460 = CARTESIAN_POINT('',(7.68,-1.65,-4.6E-02));
#15461 = DIRECTION('',(-0.,-0.,-1.));
#15462 = DIRECTION('',(1.,2.22044604925E-15,-0.));
#15463 = ADVANCED_FACE('',(#15464),#15470,.T.);
#15464 = FACE_BOUND('',#15465,.T.);
#15465 = EDGE_LOOP('',(#15466,#15467,#15468,#15469));
#15466 = ORIENTED_EDGE('',*,*,#14659,.T.);
#15467 = ORIENTED_EDGE('',*,*,#15453,.T.);
#15468 = ORIENTED_EDGE('',*,*,#14985,.F.);
#15469 = ORIENTED_EDGE('',*,*,#15412,.F.);
#15470 = PLANE('',#15471);
#15471 = AXIS2_PLACEMENT_3D('',#15472,#15473,#15474);
#15472 = CARTESIAN_POINT('',(7.38,-1.65,-4.6E-02));
#15473 = DIRECTION('',(1.,0.,-0.));
#15474 = DIRECTION('',(0.,-1.,0.));
#15475 = ADVANCED_FACE('',(#15476),#15487,.F.);
#15476 = FACE_BOUND('',#15477,.T.);
#15477 = EDGE_LOOP('',(#15478,#15479,#15485,#15486));
#15478 = ORIENTED_EDGE('',*,*,#14684,.T.);
#15479 = ORIENTED_EDGE('',*,*,#15480,.T.);
#15480 = EDGE_CURVE('',#14685,#15011,#15481,.T.);
#15481 = LINE('',#15482,#15483);
#15482 = CARTESIAN_POINT('',(21.,-12.1,-4.6E-02));
#15483 = VECTOR('',#15484,1.);
#15484 = DIRECTION('',(0.,0.,1.));
#15485 = ORIENTED_EDGE('',*,*,#15010,.F.);
#15486 = ORIENTED_EDGE('',*,*,#15480,.F.);
#15487 = CYLINDRICAL_SURFACE('',#15488,1.1);
#15488 = AXIS2_PLACEMENT_3D('',#15489,#15490,#15491);
#15489 = CARTESIAN_POINT('',(21.,-11.,-4.6E-02));
#15490 = DIRECTION('',(-0.,-0.,-1.));
#15491 = DIRECTION('',(-0.,-1.,0.));
#15492 = ADVANCED_FACE('',(#15493),#15509,.F.);
#15493 = FACE_BOUND('',#15494,.T.);
#15494 = EDGE_LOOP('',(#15495,#15496,#15502,#15503));
#15495 = ORIENTED_EDGE('',*,*,#14695,.T.);
#15496 = ORIENTED_EDGE('',*,*,#15497,.T.);
#15497 = EDGE_CURVE('',#14698,#15024,#15498,.T.);
#15498 = LINE('',#15499,#15500);
#15499 = CARTESIAN_POINT('',(16.02,-6.68,-4.6E-02));
#15500 = VECTOR('',#15501,1.);
#15501 = DIRECTION('',(0.,0.,1.));
#15502 = ORIENTED_EDGE('',*,*,#15021,.F.);
#15503 = ORIENTED_EDGE('',*,*,#15504,.F.);
#15504 = EDGE_CURVE('',#14696,#15022,#15505,.T.);
#15505 = LINE('',#15506,#15507);
#15506 = CARTESIAN_POINT('',(16.62,-6.68,-4.6E-02));
#15507 = VECTOR('',#15508,1.);
#15508 = DIRECTION('',(0.,0.,1.));
#15509 = CYLINDRICAL_SURFACE('',#15510,0.3);
#15510 = AXIS2_PLACEMENT_3D('',#15511,#15512,#15513);
#15511 = CARTESIAN_POINT('',(16.32,-6.68,-4.6E-02));
#15512 = DIRECTION('',(-0.,-0.,-1.));
#15513 = DIRECTION('',(-1.,5.921189464667E-15,-0.));
#15514 = ADVANCED_FACE('',(#15515),#15526,.T.);
#15515 = FACE_BOUND('',#15516,.T.);
#15516 = EDGE_LOOP('',(#15517,#15518,#15519,#15520));
#15517 = ORIENTED_EDGE('',*,*,#14723,.T.);
#15518 = ORIENTED_EDGE('',*,*,#15504,.T.);
#15519 = ORIENTED_EDGE('',*,*,#15049,.F.);
#15520 = ORIENTED_EDGE('',*,*,#15521,.F.);
#15521 = EDGE_CURVE('',#14715,#15041,#15522,.T.);
#15522 = LINE('',#15523,#15524);
#15523 = CARTESIAN_POINT('',(16.62,-5.58,-4.6E-02));
#15524 = VECTOR('',#15525,1.);
#15525 = DIRECTION('',(0.,0.,1.));
#15526 = PLANE('',#15527);
#15527 = AXIS2_PLACEMENT_3D('',#15528,#15529,#15530);
#15528 = CARTESIAN_POINT('',(16.62,-6.68,-4.6E-02));
#15529 = DIRECTION('',(-1.,0.,0.));
#15530 = DIRECTION('',(0.,1.,0.));
#15531 = ADVANCED_FACE('',(#15532),#15543,.F.);
#15532 = FACE_BOUND('',#15533,.T.);
#15533 = EDGE_LOOP('',(#15534,#15535,#15536,#15537));
#15534 = ORIENTED_EDGE('',*,*,#14714,.T.);
#15535 = ORIENTED_EDGE('',*,*,#15521,.T.);
#15536 = ORIENTED_EDGE('',*,*,#15040,.F.);
#15537 = ORIENTED_EDGE('',*,*,#15538,.F.);
#15538 = EDGE_CURVE('',#14707,#15033,#15539,.T.);
#15539 = LINE('',#15540,#15541);
#15540 = CARTESIAN_POINT('',(16.02,-5.58,-4.6E-02));
#15541 = VECTOR('',#15542,1.);
#15542 = DIRECTION('',(0.,0.,1.));
#15543 = CYLINDRICAL_SURFACE('',#15544,0.3);
#15544 = AXIS2_PLACEMENT_3D('',#15545,#15546,#15547);
#15545 = CARTESIAN_POINT('',(16.32,-5.58,-4.6E-02));
#15546 = DIRECTION('',(-0.,-0.,-1.));
#15547 = DIRECTION('',(1.,-2.960594732334E-15,0.));
#15548 = ADVANCED_FACE('',(#15549),#15555,.T.);
#15549 = FACE_BOUND('',#15550,.T.);
#15550 = EDGE_LOOP('',(#15551,#15552,#15553,#15554));
#15551 = ORIENTED_EDGE('',*,*,#14706,.T.);
#15552 = ORIENTED_EDGE('',*,*,#15538,.T.);
#15553 = ORIENTED_EDGE('',*,*,#15032,.F.);
#15554 = ORIENTED_EDGE('',*,*,#15497,.F.);
#15555 = PLANE('',#15556);
#15556 = AXIS2_PLACEMENT_3D('',#15557,#15558,#15559);
#15557 = CARTESIAN_POINT('',(16.02,-5.58,-4.6E-02));
#15558 = DIRECTION('',(1.,0.,-0.));
#15559 = DIRECTION('',(0.,-1.,0.));
#15560 = ADVANCED_FACE('',(#15561),#15572,.F.);
#15561 = FACE_BOUND('',#15562,.T.);
#15562 = EDGE_LOOP('',(#15563,#15564,#15570,#15571));
#15563 = ORIENTED_EDGE('',*,*,#14731,.T.);
#15564 = ORIENTED_EDGE('',*,*,#15565,.T.);
#15565 = EDGE_CURVE('',#14732,#15058,#15566,.T.);
#15566 = LINE('',#15567,#15568);
#15567 = CARTESIAN_POINT('',(14.89,-5.925,-4.6E-02));
#15568 = VECTOR('',#15569,1.);
#15569 = DIRECTION('',(0.,0.,1.));
#15570 = ORIENTED_EDGE('',*,*,#15057,.F.);
#15571 = ORIENTED_EDGE('',*,*,#15565,.F.);
#15572 = CYLINDRICAL_SURFACE('',#15573,0.325);
#15573 = AXIS2_PLACEMENT_3D('',#15574,#15575,#15576);
#15574 = CARTESIAN_POINT('',(14.89,-5.6,-4.6E-02));
#15575 = DIRECTION('',(-0.,-0.,-1.));
#15576 = DIRECTION('',(-0.,-1.,0.));
#15577 = ADVANCED_FACE('',(#15578),#15594,.F.);
#15578 = FACE_BOUND('',#15579,.T.);
#15579 = EDGE_LOOP('',(#15580,#15581,#15587,#15588));
#15580 = ORIENTED_EDGE('',*,*,#14742,.T.);
#15581 = ORIENTED_EDGE('',*,*,#15582,.T.);
#15582 = EDGE_CURVE('',#14745,#15071,#15583,.T.);
#15583 = LINE('',#15584,#15585);
#15584 = CARTESIAN_POINT('',(16.02,-2.25,-4.6E-02));
#15585 = VECTOR('',#15586,1.);
#15586 = DIRECTION('',(0.,0.,1.));
#15587 = ORIENTED_EDGE('',*,*,#15068,.F.);
#15588 = ORIENTED_EDGE('',*,*,#15589,.F.);
#15589 = EDGE_CURVE('',#14743,#15069,#15590,.T.);
#15590 = LINE('',#15591,#15592);
#15591 = CARTESIAN_POINT('',(16.62,-2.25,-4.6E-02));
#15592 = VECTOR('',#15593,1.);
#15593 = DIRECTION('',(0.,0.,1.));
#15594 = CYLINDRICAL_SURFACE('',#15595,0.3);
#15595 = AXIS2_PLACEMENT_3D('',#15596,#15597,#15598);
#15596 = CARTESIAN_POINT('',(16.32,-2.25,-4.6E-02));
#15597 = DIRECTION('',(-0.,-0.,-1.));
#15598 = DIRECTION('',(-1.,2.960594732334E-15,-0.));
#15599 = ADVANCED_FACE('',(#15600),#15611,.T.);
#15600 = FACE_BOUND('',#15601,.T.);
#15601 = EDGE_LOOP('',(#15602,#15603,#15604,#15605));
#15602 = ORIENTED_EDGE('',*,*,#14770,.T.);
#15603 = ORIENTED_EDGE('',*,*,#15589,.T.);
#15604 = ORIENTED_EDGE('',*,*,#15096,.F.);
#15605 = ORIENTED_EDGE('',*,*,#15606,.F.);
#15606 = EDGE_CURVE('',#14762,#15088,#15607,.T.);
#15607 = LINE('',#15608,#15609);
#15608 = CARTESIAN_POINT('',(16.62,-1.65,-4.6E-02));
#15609 = VECTOR('',#15610,1.);
#15610 = DIRECTION('',(0.,0.,1.));
#15611 = PLANE('',#15612);
#15612 = AXIS2_PLACEMENT_3D('',#15613,#15614,#15615);
#15613 = CARTESIAN_POINT('',(16.62,-2.25,-4.6E-02));
#15614 = DIRECTION('',(-1.,0.,0.));
#15615 = DIRECTION('',(0.,1.,0.));
#15616 = ADVANCED_FACE('',(#15617),#15628,.F.);
#15617 = FACE_BOUND('',#15618,.T.);
#15618 = EDGE_LOOP('',(#15619,#15620,#15621,#15622));
#15619 = ORIENTED_EDGE('',*,*,#14761,.T.);
#15620 = ORIENTED_EDGE('',*,*,#15606,.T.);
#15621 = ORIENTED_EDGE('',*,*,#15087,.F.);
#15622 = ORIENTED_EDGE('',*,*,#15623,.F.);
#15623 = EDGE_CURVE('',#14754,#15080,#15624,.T.);
#15624 = LINE('',#15625,#15626);
#15625 = CARTESIAN_POINT('',(16.02,-1.65,-4.6E-02));
#15626 = VECTOR('',#15627,1.);
#15627 = DIRECTION('',(0.,0.,1.));
#15628 = CYLINDRICAL_SURFACE('',#15629,0.3);
#15629 = AXIS2_PLACEMENT_3D('',#15630,#15631,#15632);
#15630 = CARTESIAN_POINT('',(16.32,-1.65,-4.6E-02));
#15631 = DIRECTION('',(-0.,-0.,-1.));
#15632 = DIRECTION('',(1.,-2.960594732334E-15,0.));
#15633 = ADVANCED_FACE('',(#15634),#15640,.T.);
#15634 = FACE_BOUND('',#15635,.T.);
#15635 = EDGE_LOOP('',(#15636,#15637,#15638,#15639));
#15636 = ORIENTED_EDGE('',*,*,#14753,.T.);
#15637 = ORIENTED_EDGE('',*,*,#15623,.T.);
#15638 = ORIENTED_EDGE('',*,*,#15079,.F.);
#15639 = ORIENTED_EDGE('',*,*,#15582,.F.);
#15640 = PLANE('',#15641);
#15641 = AXIS2_PLACEMENT_3D('',#15642,#15643,#15644);
#15642 = CARTESIAN_POINT('',(16.02,-1.65,-4.6E-02));
#15643 = DIRECTION('',(1.,0.,-0.));
#15644 = DIRECTION('',(0.,-1.,0.));
#15645 = ( GEOMETRIC_REPRESENTATION_CONTEXT(3) 
GLOBAL_UNCERTAINTY_ASSIGNED_CONTEXT((#15649)) 
GLOBAL_UNIT_ASSIGNED_CONTEXT((#15646,#15647,#15648)) 
REPRESENTATION_CONTEXT('Context #1',
  '3D Context with UNIT and UNCERTAINTY') );
#15646 = ( LENGTH_UNIT() NAMED_UNIT(*) SI_UNIT(.MILLI.,.METRE.) );
#15647 = ( NAMED_UNIT(*) PLANE_ANGLE_UNIT() SI_UNIT($,.RADIAN.) );
#15648 = ( NAMED_UNIT(*) SI_UNIT($,.STERADIAN.) SOLID_ANGLE_UNIT() );
#15649 = UNCERTAINTY_MEASURE_WITH_UNIT(LENGTH_MEASURE(1.E-07),#15646,
  'distance_accuracy_value','confusion accuracy');
#15650 = CONTEXT_DEPENDENT_SHAPE_REPRESENTATION(#15651,#15653);
#15651 = ( REPRESENTATION_RELATIONSHIP('','',#14349,#10) 
REPRESENTATION_RELATIONSHIP_WITH_TRANSFORMATION(#15652) 
SHAPE_REPRESENTATION_RELATIONSHIP() );
#15652 = ITEM_DEFINED_TRANSFORMATION('','',#11,#39);
#15653 = PRODUCT_DEFINITION_SHAPE('Placement','Placement of an item',
  #15654);
#15654 = NEXT_ASSEMBLY_USAGE_OCCURRENCE('12','=>[0:1:1:12]','',#5,#14344
  ,$);
#15655 = PRODUCT_RELATED_PRODUCT_CATEGORY('part',$,(#14346));
#15656 = MECHANICAL_DESIGN_GEOMETRIC_PRESENTATION_REPRESENTATION('',(
    #15657),#15645);
#15657 = STYLED_ITEM('color',(#15658),#14350);
#15658 = PRESENTATION_STYLE_ASSIGNMENT((#15659));
#15659 = SURFACE_STYLE_USAGE(.BOTH.,#15660);
#15660 = SURFACE_SIDE_STYLE('',(#15661));
#15661 = SURFACE_STYLE_FILL_AREA(#15662);
#15662 = FILL_AREA_STYLE('',(#15663));
#15663 = FILL_AREA_STYLE_COLOUR('',#15664);
#15664 = COLOUR_RGB('',0.313304153717,0.484529207832,0.410020903123);
#15665 = MECHANICAL_DESIGN_GEOMETRIC_PRESENTATION_REPRESENTATION('',(
    #15666,#15674,#15681,#15688,#15695,#15702,#15709,#15716,#15723,
    #15730,#15737,#15744,#15751,#15758,#15765,#15772,#15779,#15786,
    #15793,#15800,#15807,#15814,#15821,#15828,#15835,#15842,#15849,
    #15856,#15863,#15870,#15877,#15884,#15891,#15898,#15905,#15912,
    #15919,#15926,#15933,#15940,#15947,#15954,#15961,#15968,#15975,
    #15982,#15989,#15996,#16003,#16010,#16017,#16024,#16031,#16038,
    #16045,#16052,#16060,#16067,#16074,#16081,#16088,#16095,#16102,
    #16109,#16116,#16123,#16130,#16137,#16144,#16151,#16158,#16165,
    #16172,#16179,#16186,#16193,#16200,#16207,#16214,#16221,#16228,
    #16235,#16242,#16249,#16256,#16263,#16270,#16277,#16284,#16291,
    #16298,#16305,#16312,#16319,#16326,#16333,#16340,#16347,#16354,
    #16361,#16368,#16375,#16382,#16389,#16396,#16403,#16410,#16417,
    #16424,#16431,#16438,#16445,#16452,#16459,#16466,#16473,#16480,
    #16487,#16494,#16501,#16508,#16515,#16522,#16529,#16536,#16543,
    #16550,#16557,#16564,#16571,#16578,#16585,#16592,#16599,#16606,
    #16613,#16620,#16627,#16634,#16641,#16648,#16655,#16662,#16669,
    #16676,#16683,#16690,#16697,#16704),#4584);
#15666 = STYLED_ITEM('color',(#15667),#82);
#15667 = PRESENTATION_STYLE_ASSIGNMENT((#15668));
#15668 = SURFACE_STYLE_USAGE(.BOTH.,#15669);
#15669 = SURFACE_SIDE_STYLE('',(#15670));
#15670 = SURFACE_STYLE_FILL_AREA(#15671);
#15671 = FILL_AREA_STYLE('',(#15672));
#15672 = FILL_AREA_STYLE_COLOUR('',#15673);
#15673 = COLOUR_RGB('',0.894117649055,0.890196087049,0.811764731185);
#15674 = STYLED_ITEM('color',(#15675),#122);
#15675 = PRESENTATION_STYLE_ASSIGNMENT((#15676));
#15676 = SURFACE_STYLE_USAGE(.BOTH.,#15677);
#15677 = SURFACE_SIDE_STYLE('',(#15678));
#15678 = SURFACE_STYLE_FILL_AREA(#15679);
#15679 = FILL_AREA_STYLE('',(#15680));
#15680 = FILL_AREA_STYLE_COLOUR('',#15673);
#15681 = STYLED_ITEM('color',(#15682),#186);
#15682 = PRESENTATION_STYLE_ASSIGNMENT((#15683));
#15683 = SURFACE_STYLE_USAGE(.BOTH.,#15684);
#15684 = SURFACE_SIDE_STYLE('',(#15685));
#15685 = SURFACE_STYLE_FILL_AREA(#15686);
#15686 = FILL_AREA_STYLE('',(#15687));
#15687 = FILL_AREA_STYLE_COLOUR('',#15673);
#15688 = STYLED_ITEM('color',(#15689),#338);
#15689 = PRESENTATION_STYLE_ASSIGNMENT((#15690));
#15690 = SURFACE_STYLE_USAGE(.BOTH.,#15691);
#15691 = SURFACE_SIDE_STYLE('',(#15692));
#15692 = SURFACE_STYLE_FILL_AREA(#15693);
#15693 = FILL_AREA_STYLE('',(#15694));
#15694 = FILL_AREA_STYLE_COLOUR('',#15673);
#15695 = STYLED_ITEM('color',(#15696),#378);
#15696 = PRESENTATION_STYLE_ASSIGNMENT((#15697));
#15697 = SURFACE_STYLE_USAGE(.BOTH.,#15698);
#15698 = SURFACE_SIDE_STYLE('',(#15699));
#15699 = SURFACE_STYLE_FILL_AREA(#15700);
#15700 = FILL_AREA_STYLE('',(#15701));
#15701 = FILL_AREA_STYLE_COLOUR('',#15673);
#15702 = STYLED_ITEM('color',(#15703),#653);
#15703 = PRESENTATION_STYLE_ASSIGNMENT((#15704));
#15704 = SURFACE_STYLE_USAGE(.BOTH.,#15705);
#15705 = SURFACE_SIDE_STYLE('',(#15706));
#15706 = SURFACE_STYLE_FILL_AREA(#15707);
#15707 = FILL_AREA_STYLE('',(#15708));
#15708 = FILL_AREA_STYLE_COLOUR('',#15673);
#15709 = STYLED_ITEM('color',(#15710),#693);
#15710 = PRESENTATION_STYLE_ASSIGNMENT((#15711));
#15711 = SURFACE_STYLE_USAGE(.BOTH.,#15712);
#15712 = SURFACE_SIDE_STYLE('',(#15713));
#15713 = SURFACE_STYLE_FILL_AREA(#15714);
#15714 = FILL_AREA_STYLE('',(#15715));
#15715 = FILL_AREA_STYLE_COLOUR('',#15673);
#15716 = STYLED_ITEM('color',(#15717),#717);
#15717 = PRESENTATION_STYLE_ASSIGNMENT((#15718));
#15718 = SURFACE_STYLE_USAGE(.BOTH.,#15719);
#15719 = SURFACE_SIDE_STYLE('',(#15720));
#15720 = SURFACE_STYLE_FILL_AREA(#15721);
#15721 = FILL_AREA_STYLE('',(#15722));
#15722 = FILL_AREA_STYLE_COLOUR('',#15673);
#15723 = STYLED_ITEM('color',(#15724),#742);
#15724 = PRESENTATION_STYLE_ASSIGNMENT((#15725));
#15725 = SURFACE_STYLE_USAGE(.BOTH.,#15726);
#15726 = SURFACE_SIDE_STYLE('',(#15727));
#15727 = SURFACE_STYLE_FILL_AREA(#15728);
#15728 = FILL_AREA_STYLE('',(#15729));
#15729 = FILL_AREA_STYLE_COLOUR('',#15673);
#15730 = STYLED_ITEM('color',(#15731),#766);
#15731 = PRESENTATION_STYLE_ASSIGNMENT((#15732));
#15732 = SURFACE_STYLE_USAGE(.BOTH.,#15733);
#15733 = SURFACE_SIDE_STYLE('',(#15734));
#15734 = SURFACE_STYLE_FILL_AREA(#15735);
#15735 = FILL_AREA_STYLE('',(#15736));
#15736 = FILL_AREA_STYLE_COLOUR('',#15673);
#15737 = STYLED_ITEM('color',(#15738),#815);
#15738 = PRESENTATION_STYLE_ASSIGNMENT((#15739));
#15739 = SURFACE_STYLE_USAGE(.BOTH.,#15740);
#15740 = SURFACE_SIDE_STYLE('',(#15741));
#15741 = SURFACE_STYLE_FILL_AREA(#15742);
#15742 = FILL_AREA_STYLE('',(#15743));
#15743 = FILL_AREA_STYLE_COLOUR('',#15673);
#15744 = STYLED_ITEM('color',(#15745),#837);
#15745 = PRESENTATION_STYLE_ASSIGNMENT((#15746));
#15746 = SURFACE_STYLE_USAGE(.BOTH.,#15747);
#15747 = SURFACE_SIDE_STYLE('',(#15748));
#15748 = SURFACE_STYLE_FILL_AREA(#15749);
#15749 = FILL_AREA_STYLE('',(#15750));
#15750 = FILL_AREA_STYLE_COLOUR('',#15673);
#15751 = STYLED_ITEM('color',(#15752),#870);
#15752 = PRESENTATION_STYLE_ASSIGNMENT((#15753));
#15753 = SURFACE_STYLE_USAGE(.BOTH.,#15754);
#15754 = SURFACE_SIDE_STYLE('',(#15755));
#15755 = SURFACE_STYLE_FILL_AREA(#15756);
#15756 = FILL_AREA_STYLE('',(#15757));
#15757 = FILL_AREA_STYLE_COLOUR('',#15673);
#15758 = STYLED_ITEM('color',(#15759),#894);
#15759 = PRESENTATION_STYLE_ASSIGNMENT((#15760));
#15760 = SURFACE_STYLE_USAGE(.BOTH.,#15761);
#15761 = SURFACE_SIDE_STYLE('',(#15762));
#15762 = SURFACE_STYLE_FILL_AREA(#15763);
#15763 = FILL_AREA_STYLE('',(#15764));
#15764 = FILL_AREA_STYLE_COLOUR('',#15673);
#15765 = STYLED_ITEM('color',(#15766),#925);
#15766 = PRESENTATION_STYLE_ASSIGNMENT((#15767));
#15767 = SURFACE_STYLE_USAGE(.BOTH.,#15768);
#15768 = SURFACE_SIDE_STYLE('',(#15769));
#15769 = SURFACE_STYLE_FILL_AREA(#15770);
#15770 = FILL_AREA_STYLE('',(#15771));
#15771 = FILL_AREA_STYLE_COLOUR('',#15673);
#15772 = STYLED_ITEM('color',(#15773),#942);
#15773 = PRESENTATION_STYLE_ASSIGNMENT((#15774));
#15774 = SURFACE_STYLE_USAGE(.BOTH.,#15775);
#15775 = SURFACE_SIDE_STYLE('',(#15776));
#15776 = SURFACE_STYLE_FILL_AREA(#15777);
#15777 = FILL_AREA_STYLE('',(#15778));
#15778 = FILL_AREA_STYLE_COLOUR('',#15673);
#15779 = STYLED_ITEM('color',(#15780),#975);
#15780 = PRESENTATION_STYLE_ASSIGNMENT((#15781));
#15781 = SURFACE_STYLE_USAGE(.BOTH.,#15782);
#15782 = SURFACE_SIDE_STYLE('',(#15783));
#15783 = SURFACE_STYLE_FILL_AREA(#15784);
#15784 = FILL_AREA_STYLE('',(#15785));
#15785 = FILL_AREA_STYLE_COLOUR('',#15673);
#15786 = STYLED_ITEM('color',(#15787),#999);
#15787 = PRESENTATION_STYLE_ASSIGNMENT((#15788));
#15788 = SURFACE_STYLE_USAGE(.BOTH.,#15789);
#15789 = SURFACE_SIDE_STYLE('',(#15790));
#15790 = SURFACE_STYLE_FILL_AREA(#15791);
#15791 = FILL_AREA_STYLE('',(#15792));
#15792 = FILL_AREA_STYLE_COLOUR('',#15673);
#15793 = STYLED_ITEM('color',(#15794),#1030);
#15794 = PRESENTATION_STYLE_ASSIGNMENT((#15795));
#15795 = SURFACE_STYLE_USAGE(.BOTH.,#15796);
#15796 = SURFACE_SIDE_STYLE('',(#15797));
#15797 = SURFACE_STYLE_FILL_AREA(#15798);
#15798 = FILL_AREA_STYLE('',(#15799));
#15799 = FILL_AREA_STYLE_COLOUR('',#15673);
#15800 = STYLED_ITEM('color',(#15801),#1047);
#15801 = PRESENTATION_STYLE_ASSIGNMENT((#15802));
#15802 = SURFACE_STYLE_USAGE(.BOTH.,#15803);
#15803 = SURFACE_SIDE_STYLE('',(#15804));
#15804 = SURFACE_STYLE_FILL_AREA(#15805);
#15805 = FILL_AREA_STYLE('',(#15806));
#15806 = FILL_AREA_STYLE_COLOUR('',#15673);
#15807 = STYLED_ITEM('color',(#15808),#1080);
#15808 = PRESENTATION_STYLE_ASSIGNMENT((#15809));
#15809 = SURFACE_STYLE_USAGE(.BOTH.,#15810);
#15810 = SURFACE_SIDE_STYLE('',(#15811));
#15811 = SURFACE_STYLE_FILL_AREA(#15812);
#15812 = FILL_AREA_STYLE('',(#15813));
#15813 = FILL_AREA_STYLE_COLOUR('',#15673);
#15814 = STYLED_ITEM('color',(#15815),#1104);
#15815 = PRESENTATION_STYLE_ASSIGNMENT((#15816));
#15816 = SURFACE_STYLE_USAGE(.BOTH.,#15817);
#15817 = SURFACE_SIDE_STYLE('',(#15818));
#15818 = SURFACE_STYLE_FILL_AREA(#15819);
#15819 = FILL_AREA_STYLE('',(#15820));
#15820 = FILL_AREA_STYLE_COLOUR('',#15673);
#15821 = STYLED_ITEM('color',(#15822),#1135);
#15822 = PRESENTATION_STYLE_ASSIGNMENT((#15823));
#15823 = SURFACE_STYLE_USAGE(.BOTH.,#15824);
#15824 = SURFACE_SIDE_STYLE('',(#15825));
#15825 = SURFACE_STYLE_FILL_AREA(#15826);
#15826 = FILL_AREA_STYLE('',(#15827));
#15827 = FILL_AREA_STYLE_COLOUR('',#15673);
#15828 = STYLED_ITEM('color',(#15829),#1152);
#15829 = PRESENTATION_STYLE_ASSIGNMENT((#15830));
#15830 = SURFACE_STYLE_USAGE(.BOTH.,#15831);
#15831 = SURFACE_SIDE_STYLE('',(#15832));
#15832 = SURFACE_STYLE_FILL_AREA(#15833);
#15833 = FILL_AREA_STYLE('',(#15834));
#15834 = FILL_AREA_STYLE_COLOUR('',#15673);
#15835 = STYLED_ITEM('color',(#15836),#1185);
#15836 = PRESENTATION_STYLE_ASSIGNMENT((#15837));
#15837 = SURFACE_STYLE_USAGE(.BOTH.,#15838);
#15838 = SURFACE_SIDE_STYLE('',(#15839));
#15839 = SURFACE_STYLE_FILL_AREA(#15840);
#15840 = FILL_AREA_STYLE('',(#15841));
#15841 = FILL_AREA_STYLE_COLOUR('',#15673);
#15842 = STYLED_ITEM('color',(#15843),#1202);
#15843 = PRESENTATION_STYLE_ASSIGNMENT((#15844));
#15844 = SURFACE_STYLE_USAGE(.BOTH.,#15845);
#15845 = SURFACE_SIDE_STYLE('',(#15846));
#15846 = SURFACE_STYLE_FILL_AREA(#15847);
#15847 = FILL_AREA_STYLE('',(#15848));
#15848 = FILL_AREA_STYLE_COLOUR('',#15673);
#15849 = STYLED_ITEM('color',(#15850),#1245);
#15850 = PRESENTATION_STYLE_ASSIGNMENT((#15851));
#15851 = SURFACE_STYLE_USAGE(.BOTH.,#15852);
#15852 = SURFACE_SIDE_STYLE('',(#15853));
#15853 = SURFACE_STYLE_FILL_AREA(#15854);
#15854 = FILL_AREA_STYLE('',(#15855));
#15855 = FILL_AREA_STYLE_COLOUR('',#15673);
#15856 = STYLED_ITEM('color',(#15857),#1262);
#15857 = PRESENTATION_STYLE_ASSIGNMENT((#15858));
#15858 = SURFACE_STYLE_USAGE(.BOTH.,#15859);
#15859 = SURFACE_SIDE_STYLE('',(#15860));
#15860 = SURFACE_STYLE_FILL_AREA(#15861);
#15861 = FILL_AREA_STYLE('',(#15862));
#15862 = FILL_AREA_STYLE_COLOUR('',#15673);
#15863 = STYLED_ITEM('color',(#15864),#1308);
#15864 = PRESENTATION_STYLE_ASSIGNMENT((#15865));
#15865 = SURFACE_STYLE_USAGE(.BOTH.,#15866);
#15866 = SURFACE_SIDE_STYLE('',(#15867));
#15867 = SURFACE_STYLE_FILL_AREA(#15868);
#15868 = FILL_AREA_STYLE('',(#15869));
#15869 = FILL_AREA_STYLE_COLOUR('',#15673);
#15870 = STYLED_ITEM('color',(#15871),#1325);
#15871 = PRESENTATION_STYLE_ASSIGNMENT((#15872));
#15872 = SURFACE_STYLE_USAGE(.BOTH.,#15873);
#15873 = SURFACE_SIDE_STYLE('',(#15874));
#15874 = SURFACE_STYLE_FILL_AREA(#15875);
#15875 = FILL_AREA_STYLE('',(#15876));
#15876 = FILL_AREA_STYLE_COLOUR('',#15673);
#15877 = STYLED_ITEM('color',(#15878),#1342);
#15878 = PRESENTATION_STYLE_ASSIGNMENT((#15879));
#15879 = SURFACE_STYLE_USAGE(.BOTH.,#15880);
#15880 = SURFACE_SIDE_STYLE('',(#15881));
#15881 = SURFACE_STYLE_FILL_AREA(#15882);
#15882 = FILL_AREA_STYLE('',(#15883));
#15883 = FILL_AREA_STYLE_COLOUR('',#15673);
#15884 = STYLED_ITEM('color',(#15885),#1359);
#15885 = PRESENTATION_STYLE_ASSIGNMENT((#15886));
#15886 = SURFACE_STYLE_USAGE(.BOTH.,#15887);
#15887 = SURFACE_SIDE_STYLE('',(#15888));
#15888 = SURFACE_STYLE_FILL_AREA(#15889);
#15889 = FILL_AREA_STYLE('',(#15890));
#15890 = FILL_AREA_STYLE_COLOUR('',#15673);
#15891 = STYLED_ITEM('color',(#15892),#1422);
#15892 = PRESENTATION_STYLE_ASSIGNMENT((#15893));
#15893 = SURFACE_STYLE_USAGE(.BOTH.,#15894);
#15894 = SURFACE_SIDE_STYLE('',(#15895));
#15895 = SURFACE_STYLE_FILL_AREA(#15896);
#15896 = FILL_AREA_STYLE('',(#15897));
#15897 = FILL_AREA_STYLE_COLOUR('',#15673);
#15898 = STYLED_ITEM('color',(#15899),#1446);
#15899 = PRESENTATION_STYLE_ASSIGNMENT((#15900));
#15900 = SURFACE_STYLE_USAGE(.BOTH.,#15901);
#15901 = SURFACE_SIDE_STYLE('',(#15902));
#15902 = SURFACE_STYLE_FILL_AREA(#15903);
#15903 = FILL_AREA_STYLE('',(#15904));
#15904 = FILL_AREA_STYLE_COLOUR('',#15673);
#15905 = STYLED_ITEM('color',(#15906),#1493);
#15906 = PRESENTATION_STYLE_ASSIGNMENT((#15907));
#15907 = SURFACE_STYLE_USAGE(.BOTH.,#15908);
#15908 = SURFACE_SIDE_STYLE('',(#15909));
#15909 = SURFACE_STYLE_FILL_AREA(#15910);
#15910 = FILL_AREA_STYLE('',(#15911));
#15911 = FILL_AREA_STYLE_COLOUR('',#15673);
#15912 = STYLED_ITEM('color',(#15913),#1517);
#15913 = PRESENTATION_STYLE_ASSIGNMENT((#15914));
#15914 = SURFACE_STYLE_USAGE(.BOTH.,#15915);
#15915 = SURFACE_SIDE_STYLE('',(#15916));
#15916 = SURFACE_STYLE_FILL_AREA(#15917);
#15917 = FILL_AREA_STYLE('',(#15918));
#15918 = FILL_AREA_STYLE_COLOUR('',#15673);
#15919 = STYLED_ITEM('color',(#15920),#1541);
#15920 = PRESENTATION_STYLE_ASSIGNMENT((#15921));
#15921 = SURFACE_STYLE_USAGE(.BOTH.,#15922);
#15922 = SURFACE_SIDE_STYLE('',(#15923));
#15923 = SURFACE_STYLE_FILL_AREA(#15924);
#15924 = FILL_AREA_STYLE('',(#15925));
#15925 = FILL_AREA_STYLE_COLOUR('',#15673);
#15926 = STYLED_ITEM('color',(#15927),#1558);
#15927 = PRESENTATION_STYLE_ASSIGNMENT((#15928));
#15928 = SURFACE_STYLE_USAGE(.BOTH.,#15929);
#15929 = SURFACE_SIDE_STYLE('',(#15930));
#15930 = SURFACE_STYLE_FILL_AREA(#15931);
#15931 = FILL_AREA_STYLE('',(#15932));
#15932 = FILL_AREA_STYLE_COLOUR('',#15673);
#15933 = STYLED_ITEM('color',(#15934),#1575);
#15934 = PRESENTATION_STYLE_ASSIGNMENT((#15935));
#15935 = SURFACE_STYLE_USAGE(.BOTH.,#15936);
#15936 = SURFACE_SIDE_STYLE('',(#15937));
#15937 = SURFACE_STYLE_FILL_AREA(#15938);
#15938 = FILL_AREA_STYLE('',(#15939));
#15939 = FILL_AREA_STYLE_COLOUR('',#15673);
#15940 = STYLED_ITEM('color',(#15941),#1599);
#15941 = PRESENTATION_STYLE_ASSIGNMENT((#15942));
#15942 = SURFACE_STYLE_USAGE(.BOTH.,#15943);
#15943 = SURFACE_SIDE_STYLE('',(#15944));
#15944 = SURFACE_STYLE_FILL_AREA(#15945);
#15945 = FILL_AREA_STYLE('',(#15946));
#15946 = FILL_AREA_STYLE_COLOUR('',#15673);
#15947 = STYLED_ITEM('color',(#15948),#1623);
#15948 = PRESENTATION_STYLE_ASSIGNMENT((#15949));
#15949 = SURFACE_STYLE_USAGE(.BOTH.,#15950);
#15950 = SURFACE_SIDE_STYLE('',(#15951));
#15951 = SURFACE_STYLE_FILL_AREA(#15952);
#15952 = FILL_AREA_STYLE('',(#15953));
#15953 = FILL_AREA_STYLE_COLOUR('',#15673);
#15954 = STYLED_ITEM('color',(#15955),#1640);
#15955 = PRESENTATION_STYLE_ASSIGNMENT((#15956));
#15956 = SURFACE_STYLE_USAGE(.BOTH.,#15957);
#15957 = SURFACE_SIDE_STYLE('',(#15958));
#15958 = SURFACE_STYLE_FILL_AREA(#15959);
#15959 = FILL_AREA_STYLE('',(#15960));
#15960 = FILL_AREA_STYLE_COLOUR('',#15673);
#15961 = STYLED_ITEM('color',(#15962),#1671);
#15962 = PRESENTATION_STYLE_ASSIGNMENT((#15963));
#15963 = SURFACE_STYLE_USAGE(.BOTH.,#15964);
#15964 = SURFACE_SIDE_STYLE('',(#15965));
#15965 = SURFACE_STYLE_FILL_AREA(#15966);
#15966 = FILL_AREA_STYLE('',(#15967));
#15967 = FILL_AREA_STYLE_COLOUR('',#15673);
#15968 = STYLED_ITEM('color',(#15969),#1695);
#15969 = PRESENTATION_STYLE_ASSIGNMENT((#15970));
#15970 = SURFACE_STYLE_USAGE(.BOTH.,#15971);
#15971 = SURFACE_SIDE_STYLE('',(#15972));
#15972 = SURFACE_STYLE_FILL_AREA(#15973);
#15973 = FILL_AREA_STYLE('',(#15974));
#15974 = FILL_AREA_STYLE_COLOUR('',#15673);
#15975 = STYLED_ITEM('color',(#15976),#1719);
#15976 = PRESENTATION_STYLE_ASSIGNMENT((#15977));
#15977 = SURFACE_STYLE_USAGE(.BOTH.,#15978);
#15978 = SURFACE_SIDE_STYLE('',(#15979));
#15979 = SURFACE_STYLE_FILL_AREA(#15980);
#15980 = FILL_AREA_STYLE('',(#15981));
#15981 = FILL_AREA_STYLE_COLOUR('',#15673);
#15982 = STYLED_ITEM('color',(#15983),#1736);
#15983 = PRESENTATION_STYLE_ASSIGNMENT((#15984));
#15984 = SURFACE_STYLE_USAGE(.BOTH.,#15985);
#15985 = SURFACE_SIDE_STYLE('',(#15986));
#15986 = SURFACE_STYLE_FILL_AREA(#15987);
#15987 = FILL_AREA_STYLE('',(#15988));
#15988 = FILL_AREA_STYLE_COLOUR('',#15673);
#15989 = STYLED_ITEM('color',(#15990),#1771);
#15990 = PRESENTATION_STYLE_ASSIGNMENT((#15991));
#15991 = SURFACE_STYLE_USAGE(.BOTH.,#15992);
#15992 = SURFACE_SIDE_STYLE('',(#15993));
#15993 = SURFACE_STYLE_FILL_AREA(#15994);
#15994 = FILL_AREA_STYLE('',(#15995));
#15995 = FILL_AREA_STYLE_COLOUR('',#15673);
#15996 = STYLED_ITEM('color',(#15997),#1811);
#15997 = PRESENTATION_STYLE_ASSIGNMENT((#15998));
#15998 = SURFACE_STYLE_USAGE(.BOTH.,#15999);
#15999 = SURFACE_SIDE_STYLE('',(#16000));
#16000 = SURFACE_STYLE_FILL_AREA(#16001);
#16001 = FILL_AREA_STYLE('',(#16002));
#16002 = FILL_AREA_STYLE_COLOUR('',#15673);
#16003 = STYLED_ITEM('color',(#16004),#1835);
#16004 = PRESENTATION_STYLE_ASSIGNMENT((#16005));
#16005 = SURFACE_STYLE_USAGE(.BOTH.,#16006);
#16006 = SURFACE_SIDE_STYLE('',(#16007));
#16007 = SURFACE_STYLE_FILL_AREA(#16008);
#16008 = FILL_AREA_STYLE('',(#16009));
#16009 = FILL_AREA_STYLE_COLOUR('',#15673);
#16010 = STYLED_ITEM('color',(#16011),#1876);
#16011 = PRESENTATION_STYLE_ASSIGNMENT((#16012));
#16012 = SURFACE_STYLE_USAGE(.BOTH.,#16013);
#16013 = SURFACE_SIDE_STYLE('',(#16014));
#16014 = SURFACE_STYLE_FILL_AREA(#16015);
#16015 = FILL_AREA_STYLE('',(#16016));
#16016 = FILL_AREA_STYLE_COLOUR('',#15673);
#16017 = STYLED_ITEM('color',(#16018),#1989);
#16018 = PRESENTATION_STYLE_ASSIGNMENT((#16019));
#16019 = SURFACE_STYLE_USAGE(.BOTH.,#16020);
#16020 = SURFACE_SIDE_STYLE('',(#16021));
#16021 = SURFACE_STYLE_FILL_AREA(#16022);
#16022 = FILL_AREA_STYLE('',(#16023));
#16023 = FILL_AREA_STYLE_COLOUR('',#15673);
#16024 = STYLED_ITEM('color',(#16025),#2035);
#16025 = PRESENTATION_STYLE_ASSIGNMENT((#16026));
#16026 = SURFACE_STYLE_USAGE(.BOTH.,#16027);
#16027 = SURFACE_SIDE_STYLE('',(#16028));
#16028 = SURFACE_STYLE_FILL_AREA(#16029);
#16029 = FILL_AREA_STYLE('',(#16030));
#16030 = FILL_AREA_STYLE_COLOUR('',#15673);
#16031 = STYLED_ITEM('color',(#16032),#2081);
#16032 = PRESENTATION_STYLE_ASSIGNMENT((#16033));
#16033 = SURFACE_STYLE_USAGE(.BOTH.,#16034);
#16034 = SURFACE_SIDE_STYLE('',(#16035));
#16035 = SURFACE_STYLE_FILL_AREA(#16036);
#16036 = FILL_AREA_STYLE('',(#16037));
#16037 = FILL_AREA_STYLE_COLOUR('',#15673);
#16038 = STYLED_ITEM('color',(#16039),#2127);
#16039 = PRESENTATION_STYLE_ASSIGNMENT((#16040));
#16040 = SURFACE_STYLE_USAGE(.BOTH.,#16041);
#16041 = SURFACE_SIDE_STYLE('',(#16042));
#16042 = SURFACE_STYLE_FILL_AREA(#16043);
#16043 = FILL_AREA_STYLE('',(#16044));
#16044 = FILL_AREA_STYLE_COLOUR('',#15673);
#16045 = STYLED_ITEM('color',(#16046),#2144);
#16046 = PRESENTATION_STYLE_ASSIGNMENT((#16047));
#16047 = SURFACE_STYLE_USAGE(.BOTH.,#16048);
#16048 = SURFACE_SIDE_STYLE('',(#16049));
#16049 = SURFACE_STYLE_FILL_AREA(#16050);
#16050 = FILL_AREA_STYLE('',(#16051));
#16051 = FILL_AREA_STYLE_COLOUR('',#15673);
#16052 = STYLED_ITEM('color',(#16053),#2156);
#16053 = PRESENTATION_STYLE_ASSIGNMENT((#16054));
#16054 = SURFACE_STYLE_USAGE(.BOTH.,#16055);
#16055 = SURFACE_SIDE_STYLE('',(#16056));
#16056 = SURFACE_STYLE_FILL_AREA(#16057);
#16057 = FILL_AREA_STYLE('',(#16058));
#16058 = FILL_AREA_STYLE_COLOUR('',#16059);
#16059 = COLOUR_RGB('',0.823529417451,0.819607860991,0.780392170416);
#16060 = STYLED_ITEM('color',(#16061),#2219);
#16061 = PRESENTATION_STYLE_ASSIGNMENT((#16062));
#16062 = SURFACE_STYLE_USAGE(.BOTH.,#16063);
#16063 = SURFACE_SIDE_STYLE('',(#16064));
#16064 = SURFACE_STYLE_FILL_AREA(#16065);
#16065 = FILL_AREA_STYLE('',(#16066));
#16066 = FILL_AREA_STYLE_COLOUR('',#16059);
#16067 = STYLED_ITEM('color',(#16068),#2243);
#16068 = PRESENTATION_STYLE_ASSIGNMENT((#16069));
#16069 = SURFACE_STYLE_USAGE(.BOTH.,#16070);
#16070 = SURFACE_SIDE_STYLE('',(#16071));
#16071 = SURFACE_STYLE_FILL_AREA(#16072);
#16072 = FILL_AREA_STYLE('',(#16073));
#16073 = FILL_AREA_STYLE_COLOUR('',#16059);
#16074 = STYLED_ITEM('color',(#16075),#2299);
#16075 = PRESENTATION_STYLE_ASSIGNMENT((#16076));
#16076 = SURFACE_STYLE_USAGE(.BOTH.,#16077);
#16077 = SURFACE_SIDE_STYLE('',(#16078));
#16078 = SURFACE_STYLE_FILL_AREA(#16079);
#16079 = FILL_AREA_STYLE('',(#16080));
#16080 = FILL_AREA_STYLE_COLOUR('',#16059);
#16081 = STYLED_ITEM('color',(#16082),#2316);
#16082 = PRESENTATION_STYLE_ASSIGNMENT((#16083));
#16083 = SURFACE_STYLE_USAGE(.BOTH.,#16084);
#16084 = SURFACE_SIDE_STYLE('',(#16085));
#16085 = SURFACE_STYLE_FILL_AREA(#16086);
#16086 = FILL_AREA_STYLE('',(#16087));
#16087 = FILL_AREA_STYLE_COLOUR('',#15673);
#16088 = STYLED_ITEM('color',(#16089),#2328);
#16089 = PRESENTATION_STYLE_ASSIGNMENT((#16090));
#16090 = SURFACE_STYLE_USAGE(.BOTH.,#16091);
#16091 = SURFACE_SIDE_STYLE('',(#16092));
#16092 = SURFACE_STYLE_FILL_AREA(#16093);
#16093 = FILL_AREA_STYLE('',(#16094));
#16094 = FILL_AREA_STYLE_COLOUR('',#15673);
#16095 = STYLED_ITEM('color',(#16096),#2545);
#16096 = PRESENTATION_STYLE_ASSIGNMENT((#16097));
#16097 = SURFACE_STYLE_USAGE(.BOTH.,#16098);
#16098 = SURFACE_SIDE_STYLE('',(#16099));
#16099 = SURFACE_STYLE_FILL_AREA(#16100);
#16100 = FILL_AREA_STYLE('',(#16101));
#16101 = FILL_AREA_STYLE_COLOUR('',#15673);
#16102 = STYLED_ITEM('color',(#16103),#2569);
#16103 = PRESENTATION_STYLE_ASSIGNMENT((#16104));
#16104 = SURFACE_STYLE_USAGE(.BOTH.,#16105);
#16105 = SURFACE_SIDE_STYLE('',(#16106));
#16106 = SURFACE_STYLE_FILL_AREA(#16107);
#16107 = FILL_AREA_STYLE('',(#16108));
#16108 = FILL_AREA_STYLE_COLOUR('',#15673);
#16109 = STYLED_ITEM('color',(#16110),#2593);
#16110 = PRESENTATION_STYLE_ASSIGNMENT((#16111));
#16111 = SURFACE_STYLE_USAGE(.BOTH.,#16112);
#16112 = SURFACE_SIDE_STYLE('',(#16113));
#16113 = SURFACE_STYLE_FILL_AREA(#16114);
#16114 = FILL_AREA_STYLE('',(#16115));
#16115 = FILL_AREA_STYLE_COLOUR('',#15673);
#16116 = STYLED_ITEM('color',(#16117),#2610);
#16117 = PRESENTATION_STYLE_ASSIGNMENT((#16118));
#16118 = SURFACE_STYLE_USAGE(.BOTH.,#16119);
#16119 = SURFACE_SIDE_STYLE('',(#16120));
#16120 = SURFACE_STYLE_FILL_AREA(#16121);
#16121 = FILL_AREA_STYLE('',(#16122));
#16122 = FILL_AREA_STYLE_COLOUR('',#15673);
#16123 = STYLED_ITEM('color',(#16124),#2634);
#16124 = PRESENTATION_STYLE_ASSIGNMENT((#16125));
#16125 = SURFACE_STYLE_USAGE(.BOTH.,#16126);
#16126 = SURFACE_SIDE_STYLE('',(#16127));
#16127 = SURFACE_STYLE_FILL_AREA(#16128);
#16128 = FILL_AREA_STYLE('',(#16129));
#16129 = FILL_AREA_STYLE_COLOUR('',#15673);
#16130 = STYLED_ITEM('color',(#16131),#2658);
#16131 = PRESENTATION_STYLE_ASSIGNMENT((#16132));
#16132 = SURFACE_STYLE_USAGE(.BOTH.,#16133);
#16133 = SURFACE_SIDE_STYLE('',(#16134));
#16134 = SURFACE_STYLE_FILL_AREA(#16135);
#16135 = FILL_AREA_STYLE('',(#16136));
#16136 = FILL_AREA_STYLE_COLOUR('',#15673);
#16137 = STYLED_ITEM('color',(#16138),#2675);
#16138 = PRESENTATION_STYLE_ASSIGNMENT((#16139));
#16139 = SURFACE_STYLE_USAGE(.BOTH.,#16140);
#16140 = SURFACE_SIDE_STYLE('',(#16141));
#16141 = SURFACE_STYLE_FILL_AREA(#16142);
#16142 = FILL_AREA_STYLE('',(#16143));
#16143 = FILL_AREA_STYLE_COLOUR('',#15673);
#16144 = STYLED_ITEM('color',(#16145),#2699);
#16145 = PRESENTATION_STYLE_ASSIGNMENT((#16146));
#16146 = SURFACE_STYLE_USAGE(.BOTH.,#16147);
#16147 = SURFACE_SIDE_STYLE('',(#16148));
#16148 = SURFACE_STYLE_FILL_AREA(#16149);
#16149 = FILL_AREA_STYLE('',(#16150));
#16150 = FILL_AREA_STYLE_COLOUR('',#15673);
#16151 = STYLED_ITEM('color',(#16152),#2723);
#16152 = PRESENTATION_STYLE_ASSIGNMENT((#16153));
#16153 = SURFACE_STYLE_USAGE(.BOTH.,#16154);
#16154 = SURFACE_SIDE_STYLE('',(#16155));
#16155 = SURFACE_STYLE_FILL_AREA(#16156);
#16156 = FILL_AREA_STYLE('',(#16157));
#16157 = FILL_AREA_STYLE_COLOUR('',#15673);
#16158 = STYLED_ITEM('color',(#16159),#2740);
#16159 = PRESENTATION_STYLE_ASSIGNMENT((#16160));
#16160 = SURFACE_STYLE_USAGE(.BOTH.,#16161);
#16161 = SURFACE_SIDE_STYLE('',(#16162));
#16162 = SURFACE_STYLE_FILL_AREA(#16163);
#16163 = FILL_AREA_STYLE('',(#16164));
#16164 = FILL_AREA_STYLE_COLOUR('',#16059);
#16165 = STYLED_ITEM('color',(#16166),#2771);
#16166 = PRESENTATION_STYLE_ASSIGNMENT((#16167));
#16167 = SURFACE_STYLE_USAGE(.BOTH.,#16168);
#16168 = SURFACE_SIDE_STYLE('',(#16169));
#16169 = SURFACE_STYLE_FILL_AREA(#16170);
#16170 = FILL_AREA_STYLE('',(#16171));
#16171 = FILL_AREA_STYLE_COLOUR('',#16059);
#16172 = STYLED_ITEM('color',(#16173),#2827);
#16173 = PRESENTATION_STYLE_ASSIGNMENT((#16174));
#16174 = SURFACE_STYLE_USAGE(.BOTH.,#16175);
#16175 = SURFACE_SIDE_STYLE('',(#16176));
#16176 = SURFACE_STYLE_FILL_AREA(#16177);
#16177 = FILL_AREA_STYLE('',(#16178));
#16178 = FILL_AREA_STYLE_COLOUR('',#16059);
#16179 = STYLED_ITEM('color',(#16180),#2851);
#16180 = PRESENTATION_STYLE_ASSIGNMENT((#16181));
#16181 = SURFACE_STYLE_USAGE(.BOTH.,#16182);
#16182 = SURFACE_SIDE_STYLE('',(#16183));
#16183 = SURFACE_STYLE_FILL_AREA(#16184);
#16184 = FILL_AREA_STYLE('',(#16185));
#16185 = FILL_AREA_STYLE_COLOUR('',#16059);
#16186 = STYLED_ITEM('color',(#16187),#2900);
#16187 = PRESENTATION_STYLE_ASSIGNMENT((#16188));
#16188 = SURFACE_STYLE_USAGE(.BOTH.,#16189);
#16189 = SURFACE_SIDE_STYLE('',(#16190));
#16190 = SURFACE_STYLE_FILL_AREA(#16191);
#16191 = FILL_AREA_STYLE('',(#16192));
#16192 = FILL_AREA_STYLE_COLOUR('',#16059);
#16193 = STYLED_ITEM('color',(#16194),#2931);
#16194 = PRESENTATION_STYLE_ASSIGNMENT((#16195));
#16195 = SURFACE_STYLE_USAGE(.BOTH.,#16196);
#16196 = SURFACE_SIDE_STYLE('',(#16197));
#16197 = SURFACE_STYLE_FILL_AREA(#16198);
#16198 = FILL_AREA_STYLE('',(#16199));
#16199 = FILL_AREA_STYLE_COLOUR('',#16059);
#16200 = STYLED_ITEM('color',(#16201),#2955);
#16201 = PRESENTATION_STYLE_ASSIGNMENT((#16202));
#16202 = SURFACE_STYLE_USAGE(.BOTH.,#16203);
#16203 = SURFACE_SIDE_STYLE('',(#16204));
#16204 = SURFACE_STYLE_FILL_AREA(#16205);
#16205 = FILL_AREA_STYLE('',(#16206));
#16206 = FILL_AREA_STYLE_COLOUR('',#16059);
#16207 = STYLED_ITEM('color',(#16208),#2979);
#16208 = PRESENTATION_STYLE_ASSIGNMENT((#16209));
#16209 = SURFACE_STYLE_USAGE(.BOTH.,#16210);
#16210 = SURFACE_SIDE_STYLE('',(#16211));
#16211 = SURFACE_STYLE_FILL_AREA(#16212);
#16212 = FILL_AREA_STYLE('',(#16213));
#16213 = FILL_AREA_STYLE_COLOUR('',#16059);
#16214 = STYLED_ITEM('color',(#16215),#2996);
#16215 = PRESENTATION_STYLE_ASSIGNMENT((#16216));
#16216 = SURFACE_STYLE_USAGE(.BOTH.,#16217);
#16217 = SURFACE_SIDE_STYLE('',(#16218));
#16218 = SURFACE_STYLE_FILL_AREA(#16219);
#16219 = FILL_AREA_STYLE('',(#16220));
#16220 = FILL_AREA_STYLE_COLOUR('',#16059);
#16221 = STYLED_ITEM('color',(#16222),#3027);
#16222 = PRESENTATION_STYLE_ASSIGNMENT((#16223));
#16223 = SURFACE_STYLE_USAGE(.BOTH.,#16224);
#16224 = SURFACE_SIDE_STYLE('',(#16225));
#16225 = SURFACE_STYLE_FILL_AREA(#16226);
#16226 = FILL_AREA_STYLE('',(#16227));
#16227 = FILL_AREA_STYLE_COLOUR('',#16059);
#16228 = STYLED_ITEM('color',(#16229),#3051);
#16229 = PRESENTATION_STYLE_ASSIGNMENT((#16230));
#16230 = SURFACE_STYLE_USAGE(.BOTH.,#16231);
#16231 = SURFACE_SIDE_STYLE('',(#16232));
#16232 = SURFACE_STYLE_FILL_AREA(#16233);
#16233 = FILL_AREA_STYLE('',(#16234));
#16234 = FILL_AREA_STYLE_COLOUR('',#16059);
#16235 = STYLED_ITEM('color',(#16236),#3075);
#16236 = PRESENTATION_STYLE_ASSIGNMENT((#16237));
#16237 = SURFACE_STYLE_USAGE(.BOTH.,#16238);
#16238 = SURFACE_SIDE_STYLE('',(#16239));
#16239 = SURFACE_STYLE_FILL_AREA(#16240);
#16240 = FILL_AREA_STYLE('',(#16241));
#16241 = FILL_AREA_STYLE_COLOUR('',#16059);
#16242 = STYLED_ITEM('color',(#16243),#3092);
#16243 = PRESENTATION_STYLE_ASSIGNMENT((#16244));
#16244 = SURFACE_STYLE_USAGE(.BOTH.,#16245);
#16245 = SURFACE_SIDE_STYLE('',(#16246));
#16246 = SURFACE_STYLE_FILL_AREA(#16247);
#16247 = FILL_AREA_STYLE('',(#16248));
#16248 = FILL_AREA_STYLE_COLOUR('',#16059);
#16249 = STYLED_ITEM('color',(#16250),#3139);
#16250 = PRESENTATION_STYLE_ASSIGNMENT((#16251));
#16251 = SURFACE_STYLE_USAGE(.BOTH.,#16252);
#16252 = SURFACE_SIDE_STYLE('',(#16253));
#16253 = SURFACE_STYLE_FILL_AREA(#16254);
#16254 = FILL_AREA_STYLE('',(#16255));
#16255 = FILL_AREA_STYLE_COLOUR('',#16059);
#16256 = STYLED_ITEM('color',(#16257),#3170);
#16257 = PRESENTATION_STYLE_ASSIGNMENT((#16258));
#16258 = SURFACE_STYLE_USAGE(.BOTH.,#16259);
#16259 = SURFACE_SIDE_STYLE('',(#16260));
#16260 = SURFACE_STYLE_FILL_AREA(#16261);
#16261 = FILL_AREA_STYLE('',(#16262));
#16262 = FILL_AREA_STYLE_COLOUR('',#16059);
#16263 = STYLED_ITEM('color',(#16264),#3182);
#16264 = PRESENTATION_STYLE_ASSIGNMENT((#16265));
#16265 = SURFACE_STYLE_USAGE(.BOTH.,#16266);
#16266 = SURFACE_SIDE_STYLE('',(#16267));
#16267 = SURFACE_STYLE_FILL_AREA(#16268);
#16268 = FILL_AREA_STYLE('',(#16269));
#16269 = FILL_AREA_STYLE_COLOUR('',#16059);
#16270 = STYLED_ITEM('color',(#16271),#3199);
#16271 = PRESENTATION_STYLE_ASSIGNMENT((#16272));
#16272 = SURFACE_STYLE_USAGE(.BOTH.,#16273);
#16273 = SURFACE_SIDE_STYLE('',(#16274));
#16274 = SURFACE_STYLE_FILL_AREA(#16275);
#16275 = FILL_AREA_STYLE('',(#16276));
#16276 = FILL_AREA_STYLE_COLOUR('',#16059);
#16277 = STYLED_ITEM('color',(#16278),#3225);
#16278 = PRESENTATION_STYLE_ASSIGNMENT((#16279));
#16279 = SURFACE_STYLE_USAGE(.BOTH.,#16280);
#16280 = SURFACE_SIDE_STYLE('',(#16281));
#16281 = SURFACE_STYLE_FILL_AREA(#16282);
#16282 = FILL_AREA_STYLE('',(#16283));
#16283 = FILL_AREA_STYLE_COLOUR('',#16059);
#16284 = STYLED_ITEM('color',(#16285),#3258);
#16285 = PRESENTATION_STYLE_ASSIGNMENT((#16286));
#16286 = SURFACE_STYLE_USAGE(.BOTH.,#16287);
#16287 = SURFACE_SIDE_STYLE('',(#16288));
#16288 = SURFACE_STYLE_FILL_AREA(#16289);
#16289 = FILL_AREA_STYLE('',(#16290));
#16290 = FILL_AREA_STYLE_COLOUR('',#15673);
#16291 = STYLED_ITEM('color',(#16292),#3270);
#16292 = PRESENTATION_STYLE_ASSIGNMENT((#16293));
#16293 = SURFACE_STYLE_USAGE(.BOTH.,#16294);
#16294 = SURFACE_SIDE_STYLE('',(#16295));
#16295 = SURFACE_STYLE_FILL_AREA(#16296);
#16296 = FILL_AREA_STYLE('',(#16297));
#16297 = FILL_AREA_STYLE_COLOUR('',#15673);
#16298 = STYLED_ITEM('color',(#16299),#3282);
#16299 = PRESENTATION_STYLE_ASSIGNMENT((#16300));
#16300 = SURFACE_STYLE_USAGE(.BOTH.,#16301);
#16301 = SURFACE_SIDE_STYLE('',(#16302));
#16302 = SURFACE_STYLE_FILL_AREA(#16303);
#16303 = FILL_AREA_STYLE('',(#16304));
#16304 = FILL_AREA_STYLE_COLOUR('',#15673);
#16305 = STYLED_ITEM('color',(#16306),#3294);
#16306 = PRESENTATION_STYLE_ASSIGNMENT((#16307));
#16307 = SURFACE_STYLE_USAGE(.BOTH.,#16308);
#16308 = SURFACE_SIDE_STYLE('',(#16309));
#16309 = SURFACE_STYLE_FILL_AREA(#16310);
#16310 = FILL_AREA_STYLE('',(#16311));
#16311 = FILL_AREA_STYLE_COLOUR('',#16059);
#16312 = STYLED_ITEM('color',(#16313),#3325);
#16313 = PRESENTATION_STYLE_ASSIGNMENT((#16314));
#16314 = SURFACE_STYLE_USAGE(.BOTH.,#16315);
#16315 = SURFACE_SIDE_STYLE('',(#16316));
#16316 = SURFACE_STYLE_FILL_AREA(#16317);
#16317 = FILL_AREA_STYLE('',(#16318));
#16318 = FILL_AREA_STYLE_COLOUR('',#16059);
#16319 = STYLED_ITEM('color',(#16320),#3349);
#16320 = PRESENTATION_STYLE_ASSIGNMENT((#16321));
#16321 = SURFACE_STYLE_USAGE(.BOTH.,#16322);
#16322 = SURFACE_SIDE_STYLE('',(#16323));
#16323 = SURFACE_STYLE_FILL_AREA(#16324);
#16324 = FILL_AREA_STYLE('',(#16325));
#16325 = FILL_AREA_STYLE_COLOUR('',#16059);
#16326 = STYLED_ITEM('color',(#16327),#3373);
#16327 = PRESENTATION_STYLE_ASSIGNMENT((#16328));
#16328 = SURFACE_STYLE_USAGE(.BOTH.,#16329);
#16329 = SURFACE_SIDE_STYLE('',(#16330));
#16330 = SURFACE_STYLE_FILL_AREA(#16331);
#16331 = FILL_AREA_STYLE('',(#16332));
#16332 = FILL_AREA_STYLE_COLOUR('',#16059);
#16333 = STYLED_ITEM('color',(#16334),#3390);
#16334 = PRESENTATION_STYLE_ASSIGNMENT((#16335));
#16335 = SURFACE_STYLE_USAGE(.BOTH.,#16336);
#16336 = SURFACE_SIDE_STYLE('',(#16337));
#16337 = SURFACE_STYLE_FILL_AREA(#16338);
#16338 = FILL_AREA_STYLE('',(#16339));
#16339 = FILL_AREA_STYLE_COLOUR('',#16059);
#16340 = STYLED_ITEM('color',(#16341),#3421);
#16341 = PRESENTATION_STYLE_ASSIGNMENT((#16342));
#16342 = SURFACE_STYLE_USAGE(.BOTH.,#16343);
#16343 = SURFACE_SIDE_STYLE('',(#16344));
#16344 = SURFACE_STYLE_FILL_AREA(#16345);
#16345 = FILL_AREA_STYLE('',(#16346));
#16346 = FILL_AREA_STYLE_COLOUR('',#16059);
#16347 = STYLED_ITEM('color',(#16348),#3445);
#16348 = PRESENTATION_STYLE_ASSIGNMENT((#16349));
#16349 = SURFACE_STYLE_USAGE(.BOTH.,#16350);
#16350 = SURFACE_SIDE_STYLE('',(#16351));
#16351 = SURFACE_STYLE_FILL_AREA(#16352);
#16352 = FILL_AREA_STYLE('',(#16353));
#16353 = FILL_AREA_STYLE_COLOUR('',#16059);
#16354 = STYLED_ITEM('color',(#16355),#3469);
#16355 = PRESENTATION_STYLE_ASSIGNMENT((#16356));
#16356 = SURFACE_STYLE_USAGE(.BOTH.,#16357);
#16357 = SURFACE_SIDE_STYLE('',(#16358));
#16358 = SURFACE_STYLE_FILL_AREA(#16359);
#16359 = FILL_AREA_STYLE('',(#16360));
#16360 = FILL_AREA_STYLE_COLOUR('',#16059);
#16361 = STYLED_ITEM('color',(#16362),#3486);
#16362 = PRESENTATION_STYLE_ASSIGNMENT((#16363));
#16363 = SURFACE_STYLE_USAGE(.BOTH.,#16364);
#16364 = SURFACE_SIDE_STYLE('',(#16365));
#16365 = SURFACE_STYLE_FILL_AREA(#16366);
#16366 = FILL_AREA_STYLE('',(#16367));
#16367 = FILL_AREA_STYLE_COLOUR('',#16059);
#16368 = STYLED_ITEM('color',(#16369),#3517);
#16369 = PRESENTATION_STYLE_ASSIGNMENT((#16370));
#16370 = SURFACE_STYLE_USAGE(.BOTH.,#16371);
#16371 = SURFACE_SIDE_STYLE('',(#16372));
#16372 = SURFACE_STYLE_FILL_AREA(#16373);
#16373 = FILL_AREA_STYLE('',(#16374));
#16374 = FILL_AREA_STYLE_COLOUR('',#16059);
#16375 = STYLED_ITEM('color',(#16376),#3541);
#16376 = PRESENTATION_STYLE_ASSIGNMENT((#16377));
#16377 = SURFACE_STYLE_USAGE(.BOTH.,#16378);
#16378 = SURFACE_SIDE_STYLE('',(#16379));
#16379 = SURFACE_STYLE_FILL_AREA(#16380);
#16380 = FILL_AREA_STYLE('',(#16381));
#16381 = FILL_AREA_STYLE_COLOUR('',#16059);
#16382 = STYLED_ITEM('color',(#16383),#3565);
#16383 = PRESENTATION_STYLE_ASSIGNMENT((#16384));
#16384 = SURFACE_STYLE_USAGE(.BOTH.,#16385);
#16385 = SURFACE_SIDE_STYLE('',(#16386));
#16386 = SURFACE_STYLE_FILL_AREA(#16387);
#16387 = FILL_AREA_STYLE('',(#16388));
#16388 = FILL_AREA_STYLE_COLOUR('',#16059);
#16389 = STYLED_ITEM('color',(#16390),#3582);
#16390 = PRESENTATION_STYLE_ASSIGNMENT((#16391));
#16391 = SURFACE_STYLE_USAGE(.BOTH.,#16392);
#16392 = SURFACE_SIDE_STYLE('',(#16393));
#16393 = SURFACE_STYLE_FILL_AREA(#16394);
#16394 = FILL_AREA_STYLE('',(#16395));
#16395 = FILL_AREA_STYLE_COLOUR('',#16059);
#16396 = STYLED_ITEM('color',(#16397),#3613);
#16397 = PRESENTATION_STYLE_ASSIGNMENT((#16398));
#16398 = SURFACE_STYLE_USAGE(.BOTH.,#16399);
#16399 = SURFACE_SIDE_STYLE('',(#16400));
#16400 = SURFACE_STYLE_FILL_AREA(#16401);
#16401 = FILL_AREA_STYLE('',(#16402));
#16402 = FILL_AREA_STYLE_COLOUR('',#16059);
#16403 = STYLED_ITEM('color',(#16404),#3637);
#16404 = PRESENTATION_STYLE_ASSIGNMENT((#16405));
#16405 = SURFACE_STYLE_USAGE(.BOTH.,#16406);
#16406 = SURFACE_SIDE_STYLE('',(#16407));
#16407 = SURFACE_STYLE_FILL_AREA(#16408);
#16408 = FILL_AREA_STYLE('',(#16409));
#16409 = FILL_AREA_STYLE_COLOUR('',#16059);
#16410 = STYLED_ITEM('color',(#16411),#3661);
#16411 = PRESENTATION_STYLE_ASSIGNMENT((#16412));
#16412 = SURFACE_STYLE_USAGE(.BOTH.,#16413);
#16413 = SURFACE_SIDE_STYLE('',(#16414));
#16414 = SURFACE_STYLE_FILL_AREA(#16415);
#16415 = FILL_AREA_STYLE('',(#16416));
#16416 = FILL_AREA_STYLE_COLOUR('',#16059);
#16417 = STYLED_ITEM('color',(#16418),#3678);
#16418 = PRESENTATION_STYLE_ASSIGNMENT((#16419));
#16419 = SURFACE_STYLE_USAGE(.BOTH.,#16420);
#16420 = SURFACE_SIDE_STYLE('',(#16421));
#16421 = SURFACE_STYLE_FILL_AREA(#16422);
#16422 = FILL_AREA_STYLE('',(#16423));
#16423 = FILL_AREA_STYLE_COLOUR('',#16059);
#16424 = STYLED_ITEM('color',(#16425),#3695);
#16425 = PRESENTATION_STYLE_ASSIGNMENT((#16426));
#16426 = SURFACE_STYLE_USAGE(.BOTH.,#16427);
#16427 = SURFACE_SIDE_STYLE('',(#16428));
#16428 = SURFACE_STYLE_FILL_AREA(#16429);
#16429 = FILL_AREA_STYLE('',(#16430));
#16430 = FILL_AREA_STYLE_COLOUR('',#16059);
#16431 = STYLED_ITEM('color',(#16432),#3742);
#16432 = PRESENTATION_STYLE_ASSIGNMENT((#16433));
#16433 = SURFACE_STYLE_USAGE(.BOTH.,#16434);
#16434 = SURFACE_SIDE_STYLE('',(#16435));
#16435 = SURFACE_STYLE_FILL_AREA(#16436);
#16436 = FILL_AREA_STYLE('',(#16437));
#16437 = FILL_AREA_STYLE_COLOUR('',#16059);
#16438 = STYLED_ITEM('color',(#16439),#3768);
#16439 = PRESENTATION_STYLE_ASSIGNMENT((#16440));
#16440 = SURFACE_STYLE_USAGE(.BOTH.,#16441);
#16441 = SURFACE_SIDE_STYLE('',(#16442));
#16442 = SURFACE_STYLE_FILL_AREA(#16443);
#16443 = FILL_AREA_STYLE('',(#16444));
#16444 = FILL_AREA_STYLE_COLOUR('',#16059);
#16445 = STYLED_ITEM('color',(#16446),#3785);
#16446 = PRESENTATION_STYLE_ASSIGNMENT((#16447));
#16447 = SURFACE_STYLE_USAGE(.BOTH.,#16448);
#16448 = SURFACE_SIDE_STYLE('',(#16449));
#16449 = SURFACE_STYLE_FILL_AREA(#16450);
#16450 = FILL_AREA_STYLE('',(#16451));
#16451 = FILL_AREA_STYLE_COLOUR('',#16059);
#16452 = STYLED_ITEM('color',(#16453),#3811);
#16453 = PRESENTATION_STYLE_ASSIGNMENT((#16454));
#16454 = SURFACE_STYLE_USAGE(.BOTH.,#16455);
#16455 = SURFACE_SIDE_STYLE('',(#16456));
#16456 = SURFACE_STYLE_FILL_AREA(#16457);
#16457 = FILL_AREA_STYLE('',(#16458));
#16458 = FILL_AREA_STYLE_COLOUR('',#16059);
#16459 = STYLED_ITEM('color',(#16460),#3844);
#16460 = PRESENTATION_STYLE_ASSIGNMENT((#16461));
#16461 = SURFACE_STYLE_USAGE(.BOTH.,#16462);
#16462 = SURFACE_SIDE_STYLE('',(#16463));
#16463 = SURFACE_STYLE_FILL_AREA(#16464);
#16464 = FILL_AREA_STYLE('',(#16465));
#16465 = FILL_AREA_STYLE_COLOUR('',#16059);
#16466 = STYLED_ITEM('color',(#16467),#3875);
#16467 = PRESENTATION_STYLE_ASSIGNMENT((#16468));
#16468 = SURFACE_STYLE_USAGE(.BOTH.,#16469);
#16469 = SURFACE_SIDE_STYLE('',(#16470));
#16470 = SURFACE_STYLE_FILL_AREA(#16471);
#16471 = FILL_AREA_STYLE('',(#16472));
#16472 = FILL_AREA_STYLE_COLOUR('',#16059);
#16473 = STYLED_ITEM('color',(#16474),#3899);
#16474 = PRESENTATION_STYLE_ASSIGNMENT((#16475));
#16475 = SURFACE_STYLE_USAGE(.BOTH.,#16476);
#16476 = SURFACE_SIDE_STYLE('',(#16477));
#16477 = SURFACE_STYLE_FILL_AREA(#16478);
#16478 = FILL_AREA_STYLE('',(#16479));
#16479 = FILL_AREA_STYLE_COLOUR('',#16059);
#16480 = STYLED_ITEM('color',(#16481),#3923);
#16481 = PRESENTATION_STYLE_ASSIGNMENT((#16482));
#16482 = SURFACE_STYLE_USAGE(.BOTH.,#16483);
#16483 = SURFACE_SIDE_STYLE('',(#16484));
#16484 = SURFACE_STYLE_FILL_AREA(#16485);
#16485 = FILL_AREA_STYLE('',(#16486));
#16486 = FILL_AREA_STYLE_COLOUR('',#16059);
#16487 = STYLED_ITEM('color',(#16488),#3940);
#16488 = PRESENTATION_STYLE_ASSIGNMENT((#16489));
#16489 = SURFACE_STYLE_USAGE(.BOTH.,#16490);
#16490 = SURFACE_SIDE_STYLE('',(#16491));
#16491 = SURFACE_STYLE_FILL_AREA(#16492);
#16492 = FILL_AREA_STYLE('',(#16493));
#16493 = FILL_AREA_STYLE_COLOUR('',#16059);
#16494 = STYLED_ITEM('color',(#16495),#3971);
#16495 = PRESENTATION_STYLE_ASSIGNMENT((#16496));
#16496 = SURFACE_STYLE_USAGE(.BOTH.,#16497);
#16497 = SURFACE_SIDE_STYLE('',(#16498));
#16498 = SURFACE_STYLE_FILL_AREA(#16499);
#16499 = FILL_AREA_STYLE('',(#16500));
#16500 = FILL_AREA_STYLE_COLOUR('',#16059);
#16501 = STYLED_ITEM('color',(#16502),#3995);
#16502 = PRESENTATION_STYLE_ASSIGNMENT((#16503));
#16503 = SURFACE_STYLE_USAGE(.BOTH.,#16504);
#16504 = SURFACE_SIDE_STYLE('',(#16505));
#16505 = SURFACE_STYLE_FILL_AREA(#16506);
#16506 = FILL_AREA_STYLE('',(#16507));
#16507 = FILL_AREA_STYLE_COLOUR('',#16059);
#16508 = STYLED_ITEM('color',(#16509),#4019);
#16509 = PRESENTATION_STYLE_ASSIGNMENT((#16510));
#16510 = SURFACE_STYLE_USAGE(.BOTH.,#16511);
#16511 = SURFACE_SIDE_STYLE('',(#16512));
#16512 = SURFACE_STYLE_FILL_AREA(#16513);
#16513 = FILL_AREA_STYLE('',(#16514));
#16514 = FILL_AREA_STYLE_COLOUR('',#16059);
#16515 = STYLED_ITEM('color',(#16516),#4036);
#16516 = PRESENTATION_STYLE_ASSIGNMENT((#16517));
#16517 = SURFACE_STYLE_USAGE(.BOTH.,#16518);
#16518 = SURFACE_SIDE_STYLE('',(#16519));
#16519 = SURFACE_STYLE_FILL_AREA(#16520);
#16520 = FILL_AREA_STYLE('',(#16521));
#16521 = FILL_AREA_STYLE_COLOUR('',#16059);
#16522 = STYLED_ITEM('color',(#16523),#4053);
#16523 = PRESENTATION_STYLE_ASSIGNMENT((#16524));
#16524 = SURFACE_STYLE_USAGE(.BOTH.,#16525);
#16525 = SURFACE_SIDE_STYLE('',(#16526));
#16526 = SURFACE_STYLE_FILL_AREA(#16527);
#16527 = FILL_AREA_STYLE('',(#16528));
#16528 = FILL_AREA_STYLE_COLOUR('',#16059);
#16529 = STYLED_ITEM('color',(#16530),#4070);
#16530 = PRESENTATION_STYLE_ASSIGNMENT((#16531));
#16531 = SURFACE_STYLE_USAGE(.BOTH.,#16532);
#16532 = SURFACE_SIDE_STYLE('',(#16533));
#16533 = SURFACE_STYLE_FILL_AREA(#16534);
#16534 = FILL_AREA_STYLE('',(#16535));
#16535 = FILL_AREA_STYLE_COLOUR('',#16059);
#16536 = STYLED_ITEM('color',(#16537),#4082);
#16537 = PRESENTATION_STYLE_ASSIGNMENT((#16538));
#16538 = SURFACE_STYLE_USAGE(.BOTH.,#16539);
#16539 = SURFACE_SIDE_STYLE('',(#16540));
#16540 = SURFACE_STYLE_FILL_AREA(#16541);
#16541 = FILL_AREA_STYLE('',(#16542));
#16542 = FILL_AREA_STYLE_COLOUR('',#16059);
#16543 = STYLED_ITEM('color',(#16544),#4113);
#16544 = PRESENTATION_STYLE_ASSIGNMENT((#16545));
#16545 = SURFACE_STYLE_USAGE(.BOTH.,#16546);
#16546 = SURFACE_SIDE_STYLE('',(#16547));
#16547 = SURFACE_STYLE_FILL_AREA(#16548);
#16548 = FILL_AREA_STYLE('',(#16549));
#16549 = FILL_AREA_STYLE_COLOUR('',#16059);
#16550 = STYLED_ITEM('color',(#16551),#4137);
#16551 = PRESENTATION_STYLE_ASSIGNMENT((#16552));
#16552 = SURFACE_STYLE_USAGE(.BOTH.,#16553);
#16553 = SURFACE_SIDE_STYLE('',(#16554));
#16554 = SURFACE_STYLE_FILL_AREA(#16555);
#16555 = FILL_AREA_STYLE('',(#16556));
#16556 = FILL_AREA_STYLE_COLOUR('',#16059);
#16557 = STYLED_ITEM('color',(#16558),#4161);
#16558 = PRESENTATION_STYLE_ASSIGNMENT((#16559));
#16559 = SURFACE_STYLE_USAGE(.BOTH.,#16560);
#16560 = SURFACE_SIDE_STYLE('',(#16561));
#16561 = SURFACE_STYLE_FILL_AREA(#16562);
#16562 = FILL_AREA_STYLE('',(#16563));
#16563 = FILL_AREA_STYLE_COLOUR('',#16059);
#16564 = STYLED_ITEM('color',(#16565),#4178);
#16565 = PRESENTATION_STYLE_ASSIGNMENT((#16566));
#16566 = SURFACE_STYLE_USAGE(.BOTH.,#16567);
#16567 = SURFACE_SIDE_STYLE('',(#16568));
#16568 = SURFACE_STYLE_FILL_AREA(#16569);
#16569 = FILL_AREA_STYLE('',(#16570));
#16570 = FILL_AREA_STYLE_COLOUR('',#16059);
#16571 = STYLED_ITEM('color',(#16572),#4209);
#16572 = PRESENTATION_STYLE_ASSIGNMENT((#16573));
#16573 = SURFACE_STYLE_USAGE(.BOTH.,#16574);
#16574 = SURFACE_SIDE_STYLE('',(#16575));
#16575 = SURFACE_STYLE_FILL_AREA(#16576);
#16576 = FILL_AREA_STYLE('',(#16577));
#16577 = FILL_AREA_STYLE_COLOUR('',#16059);
#16578 = STYLED_ITEM('color',(#16579),#4233);
#16579 = PRESENTATION_STYLE_ASSIGNMENT((#16580));
#16580 = SURFACE_STYLE_USAGE(.BOTH.,#16581);
#16581 = SURFACE_SIDE_STYLE('',(#16582));
#16582 = SURFACE_STYLE_FILL_AREA(#16583);
#16583 = FILL_AREA_STYLE('',(#16584));
#16584 = FILL_AREA_STYLE_COLOUR('',#16059);
#16585 = STYLED_ITEM('color',(#16586),#4257);
#16586 = PRESENTATION_STYLE_ASSIGNMENT((#16587));
#16587 = SURFACE_STYLE_USAGE(.BOTH.,#16588);
#16588 = SURFACE_SIDE_STYLE('',(#16589));
#16589 = SURFACE_STYLE_FILL_AREA(#16590);
#16590 = FILL_AREA_STYLE('',(#16591));
#16591 = FILL_AREA_STYLE_COLOUR('',#16059);
#16592 = STYLED_ITEM('color',(#16593),#4274);
#16593 = PRESENTATION_STYLE_ASSIGNMENT((#16594));
#16594 = SURFACE_STYLE_USAGE(.BOTH.,#16595);
#16595 = SURFACE_SIDE_STYLE('',(#16596));
#16596 = SURFACE_STYLE_FILL_AREA(#16597);
#16597 = FILL_AREA_STYLE('',(#16598));
#16598 = FILL_AREA_STYLE_COLOUR('',#16059);
#16599 = STYLED_ITEM('color',(#16600),#4305);
#16600 = PRESENTATION_STYLE_ASSIGNMENT((#16601));
#16601 = SURFACE_STYLE_USAGE(.BOTH.,#16602);
#16602 = SURFACE_SIDE_STYLE('',(#16603));
#16603 = SURFACE_STYLE_FILL_AREA(#16604);
#16604 = FILL_AREA_STYLE('',(#16605));
#16605 = FILL_AREA_STYLE_COLOUR('',#16059);
#16606 = STYLED_ITEM('color',(#16607),#4329);
#16607 = PRESENTATION_STYLE_ASSIGNMENT((#16608));
#16608 = SURFACE_STYLE_USAGE(.BOTH.,#16609);
#16609 = SURFACE_SIDE_STYLE('',(#16610));
#16610 = SURFACE_STYLE_FILL_AREA(#16611);
#16611 = FILL_AREA_STYLE('',(#16612));
#16612 = FILL_AREA_STYLE_COLOUR('',#16059);
#16613 = STYLED_ITEM('color',(#16614),#4353);
#16614 = PRESENTATION_STYLE_ASSIGNMENT((#16615));
#16615 = SURFACE_STYLE_USAGE(.BOTH.,#16616);
#16616 = SURFACE_SIDE_STYLE('',(#16617));
#16617 = SURFACE_STYLE_FILL_AREA(#16618);
#16618 = FILL_AREA_STYLE('',(#16619));
#16619 = FILL_AREA_STYLE_COLOUR('',#16059);
#16620 = STYLED_ITEM('color',(#16621),#4370);
#16621 = PRESENTATION_STYLE_ASSIGNMENT((#16622));
#16622 = SURFACE_STYLE_USAGE(.BOTH.,#16623);
#16623 = SURFACE_SIDE_STYLE('',(#16624));
#16624 = SURFACE_STYLE_FILL_AREA(#16625);
#16625 = FILL_AREA_STYLE('',(#16626));
#16626 = FILL_AREA_STYLE_COLOUR('',#16059);
#16627 = STYLED_ITEM('color',(#16628),#4401);
#16628 = PRESENTATION_STYLE_ASSIGNMENT((#16629));
#16629 = SURFACE_STYLE_USAGE(.BOTH.,#16630);
#16630 = SURFACE_SIDE_STYLE('',(#16631));
#16631 = SURFACE_STYLE_FILL_AREA(#16632);
#16632 = FILL_AREA_STYLE('',(#16633));
#16633 = FILL_AREA_STYLE_COLOUR('',#16059);
#16634 = STYLED_ITEM('color',(#16635),#4425);
#16635 = PRESENTATION_STYLE_ASSIGNMENT((#16636));
#16636 = SURFACE_STYLE_USAGE(.BOTH.,#16637);
#16637 = SURFACE_SIDE_STYLE('',(#16638));
#16638 = SURFACE_STYLE_FILL_AREA(#16639);
#16639 = FILL_AREA_STYLE('',(#16640));
#16640 = FILL_AREA_STYLE_COLOUR('',#16059);
#16641 = STYLED_ITEM('color',(#16642),#4449);
#16642 = PRESENTATION_STYLE_ASSIGNMENT((#16643));
#16643 = SURFACE_STYLE_USAGE(.BOTH.,#16644);
#16644 = SURFACE_SIDE_STYLE('',(#16645));
#16645 = SURFACE_STYLE_FILL_AREA(#16646);
#16646 = FILL_AREA_STYLE('',(#16647));
#16647 = FILL_AREA_STYLE_COLOUR('',#16059);
#16648 = STYLED_ITEM('color',(#16649),#4466);
#16649 = PRESENTATION_STYLE_ASSIGNMENT((#16650));
#16650 = SURFACE_STYLE_USAGE(.BOTH.,#16651);
#16651 = SURFACE_SIDE_STYLE('',(#16652));
#16652 = SURFACE_STYLE_FILL_AREA(#16653);
#16653 = FILL_AREA_STYLE('',(#16654));
#16654 = FILL_AREA_STYLE_COLOUR('',#16059);
#16655 = STYLED_ITEM('color',(#16656),#4483);
#16656 = PRESENTATION_STYLE_ASSIGNMENT((#16657));
#16657 = SURFACE_STYLE_USAGE(.BOTH.,#16658);
#16658 = SURFACE_SIDE_STYLE('',(#16659));
#16659 = SURFACE_STYLE_FILL_AREA(#16660);
#16660 = FILL_AREA_STYLE('',(#16661));
#16661 = FILL_AREA_STYLE_COLOUR('',#16059);
#16662 = STYLED_ITEM('color',(#16663),#4500);
#16663 = PRESENTATION_STYLE_ASSIGNMENT((#16664));
#16664 = SURFACE_STYLE_USAGE(.BOTH.,#16665);
#16665 = SURFACE_SIDE_STYLE('',(#16666));
#16666 = SURFACE_STYLE_FILL_AREA(#16667);
#16667 = FILL_AREA_STYLE('',(#16668));
#16668 = FILL_AREA_STYLE_COLOUR('',#16059);
#16669 = STYLED_ITEM('color',(#16670),#4512);
#16670 = PRESENTATION_STYLE_ASSIGNMENT((#16671));
#16671 = SURFACE_STYLE_USAGE(.BOTH.,#16672);
#16672 = SURFACE_SIDE_STYLE('',(#16673));
#16673 = SURFACE_STYLE_FILL_AREA(#16674);
#16674 = FILL_AREA_STYLE('',(#16675));
#16675 = FILL_AREA_STYLE_COLOUR('',#16059);
#16676 = STYLED_ITEM('color',(#16677),#4524);
#16677 = PRESENTATION_STYLE_ASSIGNMENT((#16678));
#16678 = SURFACE_STYLE_USAGE(.BOTH.,#16679);
#16679 = SURFACE_SIDE_STYLE('',(#16680));
#16680 = SURFACE_STYLE_FILL_AREA(#16681);
#16681 = FILL_AREA_STYLE('',(#16682));
#16682 = FILL_AREA_STYLE_COLOUR('',#16059);
#16683 = STYLED_ITEM('color',(#16684),#4536);
#16684 = PRESENTATION_STYLE_ASSIGNMENT((#16685));
#16685 = SURFACE_STYLE_USAGE(.BOTH.,#16686);
#16686 = SURFACE_SIDE_STYLE('',(#16687));
#16687 = SURFACE_STYLE_FILL_AREA(#16688);
#16688 = FILL_AREA_STYLE('',(#16689));
#16689 = FILL_AREA_STYLE_COLOUR('',#16059);
#16690 = STYLED_ITEM('color',(#16691),#4548);
#16691 = PRESENTATION_STYLE_ASSIGNMENT((#16692));
#16692 = SURFACE_STYLE_USAGE(.BOTH.,#16693);
#16693 = SURFACE_SIDE_STYLE('',(#16694));
#16694 = SURFACE_STYLE_FILL_AREA(#16695);
#16695 = FILL_AREA_STYLE('',(#16696));
#16696 = FILL_AREA_STYLE_COLOUR('',#16059);
#16697 = STYLED_ITEM('color',(#16698),#4560);
#16698 = PRESENTATION_STYLE_ASSIGNMENT((#16699));
#16699 = SURFACE_STYLE_USAGE(.BOTH.,#16700);
#16700 = SURFACE_SIDE_STYLE('',(#16701));
#16701 = SURFACE_STYLE_FILL_AREA(#16702);
#16702 = FILL_AREA_STYLE('',(#16703));
#16703 = FILL_AREA_STYLE_COLOUR('',#16059);
#16704 = STYLED_ITEM('color',(#16705),#4572);
#16705 = PRESENTATION_STYLE_ASSIGNMENT((#16706));
#16706 = SURFACE_STYLE_USAGE(.BOTH.,#16707);
#16707 = SURFACE_SIDE_STYLE('',(#16708));
#16708 = SURFACE_STYLE_FILL_AREA(#16709);
#16709 = FILL_AREA_STYLE('',(#16710));
#16710 = FILL_AREA_STYLE_COLOUR('',#16059);
#16711 = MECHANICAL_DESIGN_GEOMETRIC_PRESENTATION_REPRESENTATION('',(
    #16712,#16720,#16727,#16734,#16741,#16748,#16756,#16763,#16770,
    #16777,#16784,#16791,#16798,#16805,#16812,#16819,#16826,#16833,
    #16840,#16848,#16855,#16862,#16869,#16876,#16883,#16890,#16897),
  #7073);
#16712 = STYLED_ITEM('color',(#16713),#6363);
#16713 = PRESENTATION_STYLE_ASSIGNMENT((#16714));
#16714 = SURFACE_STYLE_USAGE(.BOTH.,#16715);
#16715 = SURFACE_SIDE_STYLE('',(#16716));
#16716 = SURFACE_STYLE_FILL_AREA(#16717);
#16717 = FILL_AREA_STYLE('',(#16718));
#16718 = FILL_AREA_STYLE_COLOUR('',#16719);
#16719 = COLOUR_RGB('',0.823999987314,0.819999987296,0.781000009244);
#16720 = STYLED_ITEM('color',(#16721),#6403);
#16721 = PRESENTATION_STYLE_ASSIGNMENT((#16722));
#16722 = SURFACE_STYLE_USAGE(.BOTH.,#16723);
#16723 = SURFACE_SIDE_STYLE('',(#16724));
#16724 = SURFACE_STYLE_FILL_AREA(#16725);
#16725 = FILL_AREA_STYLE('',(#16726));
#16726 = FILL_AREA_STYLE_COLOUR('',#16719);
#16727 = STYLED_ITEM('color',(#16728),#6436);
#16728 = PRESENTATION_STYLE_ASSIGNMENT((#16729));
#16729 = SURFACE_STYLE_USAGE(.BOTH.,#16730);
#16730 = SURFACE_SIDE_STYLE('',(#16731));
#16731 = SURFACE_STYLE_FILL_AREA(#16732);
#16732 = FILL_AREA_STYLE('',(#16733));
#16733 = FILL_AREA_STYLE_COLOUR('',#16719);
#16734 = STYLED_ITEM('color',(#16735),#6460);
#16735 = PRESENTATION_STYLE_ASSIGNMENT((#16736));
#16736 = SURFACE_STYLE_USAGE(.BOTH.,#16737);
#16737 = SURFACE_SIDE_STYLE('',(#16738));
#16738 = SURFACE_STYLE_FILL_AREA(#16739);
#16739 = FILL_AREA_STYLE('',(#16740));
#16740 = FILL_AREA_STYLE_COLOUR('',#16719);
#16741 = STYLED_ITEM('color',(#16742),#6486);
#16742 = PRESENTATION_STYLE_ASSIGNMENT((#16743));
#16743 = SURFACE_STYLE_USAGE(.BOTH.,#16744);
#16744 = SURFACE_SIDE_STYLE('',(#16745));
#16745 = SURFACE_STYLE_FILL_AREA(#16746);
#16746 = FILL_AREA_STYLE('',(#16747));
#16747 = FILL_AREA_STYLE_COLOUR('',#16719);
#16748 = STYLED_ITEM('color',(#16749),#6503);
#16749 = PRESENTATION_STYLE_ASSIGNMENT((#16750));
#16750 = SURFACE_STYLE_USAGE(.BOTH.,#16751);
#16751 = SURFACE_SIDE_STYLE('',(#16752));
#16752 = SURFACE_STYLE_FILL_AREA(#16753);
#16753 = FILL_AREA_STYLE('',(#16754));
#16754 = FILL_AREA_STYLE_COLOUR('',#16755);
#16755 = COLOUR_RGB('',0.147999998088,0.145000001626,0.145000001626);
#16756 = STYLED_ITEM('color',(#16757),#6533);
#16757 = PRESENTATION_STYLE_ASSIGNMENT((#16758));
#16758 = SURFACE_STYLE_USAGE(.BOTH.,#16759);
#16759 = SURFACE_SIDE_STYLE('',(#16760));
#16760 = SURFACE_STYLE_FILL_AREA(#16761);
#16761 = FILL_AREA_STYLE('',(#16762));
#16762 = FILL_AREA_STYLE_COLOUR('',#16755);
#16763 = STYLED_ITEM('color',(#16764),#6571);
#16764 = PRESENTATION_STYLE_ASSIGNMENT((#16765));
#16765 = SURFACE_STYLE_USAGE(.BOTH.,#16766);
#16766 = SURFACE_SIDE_STYLE('',(#16767));
#16767 = SURFACE_STYLE_FILL_AREA(#16768);
#16768 = FILL_AREA_STYLE('',(#16769));
#16769 = FILL_AREA_STYLE_COLOUR('',#16755);
#16770 = STYLED_ITEM('color',(#16771),#6594);
#16771 = PRESENTATION_STYLE_ASSIGNMENT((#16772));
#16772 = SURFACE_STYLE_USAGE(.BOTH.,#16773);
#16773 = SURFACE_SIDE_STYLE('',(#16774));
#16774 = SURFACE_STYLE_FILL_AREA(#16775);
#16775 = FILL_AREA_STYLE('',(#16776));
#16776 = FILL_AREA_STYLE_COLOUR('',#16755);
#16777 = STYLED_ITEM('color',(#16778),#6643);
#16778 = PRESENTATION_STYLE_ASSIGNMENT((#16779));
#16779 = SURFACE_STYLE_USAGE(.BOTH.,#16780);
#16780 = SURFACE_SIDE_STYLE('',(#16781));
#16781 = SURFACE_STYLE_FILL_AREA(#16782);
#16782 = FILL_AREA_STYLE('',(#16783));
#16783 = FILL_AREA_STYLE_COLOUR('',#16755);
#16784 = STYLED_ITEM('color',(#16785),#6666);
#16785 = PRESENTATION_STYLE_ASSIGNMENT((#16786));
#16786 = SURFACE_STYLE_USAGE(.BOTH.,#16787);
#16787 = SURFACE_SIDE_STYLE('',(#16788));
#16788 = SURFACE_STYLE_FILL_AREA(#16789);
#16789 = FILL_AREA_STYLE('',(#16790));
#16790 = FILL_AREA_STYLE_COLOUR('',#16755);
#16791 = STYLED_ITEM('color',(#16792),#6689);
#16792 = PRESENTATION_STYLE_ASSIGNMENT((#16793));
#16793 = SURFACE_STYLE_USAGE(.BOTH.,#16794);
#16794 = SURFACE_SIDE_STYLE('',(#16795));
#16795 = SURFACE_STYLE_FILL_AREA(#16796);
#16796 = FILL_AREA_STYLE('',(#16797));
#16797 = FILL_AREA_STYLE_COLOUR('',#16755);
#16798 = STYLED_ITEM('color',(#16799),#6747);
#16799 = PRESENTATION_STYLE_ASSIGNMENT((#16800));
#16800 = SURFACE_STYLE_USAGE(.BOTH.,#16801);
#16801 = SURFACE_SIDE_STYLE('',(#16802));
#16802 = SURFACE_STYLE_FILL_AREA(#16803);
#16803 = FILL_AREA_STYLE('',(#16804));
#16804 = FILL_AREA_STYLE_COLOUR('',#16755);
#16805 = STYLED_ITEM('color',(#16806),#6770);
#16806 = PRESENTATION_STYLE_ASSIGNMENT((#16807));
#16807 = SURFACE_STYLE_USAGE(.BOTH.,#16808);
#16808 = SURFACE_SIDE_STYLE('',(#16809));
#16809 = SURFACE_STYLE_FILL_AREA(#16810);
#16810 = FILL_AREA_STYLE('',(#16811));
#16811 = FILL_AREA_STYLE_COLOUR('',#16755);
#16812 = STYLED_ITEM('color',(#16813),#6786);
#16813 = PRESENTATION_STYLE_ASSIGNMENT((#16814));
#16814 = SURFACE_STYLE_USAGE(.BOTH.,#16815);
#16815 = SURFACE_SIDE_STYLE('',(#16816));
#16816 = SURFACE_STYLE_FILL_AREA(#16817);
#16817 = FILL_AREA_STYLE('',(#16818));
#16818 = FILL_AREA_STYLE_COLOUR('',#16755);
#16819 = STYLED_ITEM('color',(#16820),#6812);
#16820 = PRESENTATION_STYLE_ASSIGNMENT((#16821));
#16821 = SURFACE_STYLE_USAGE(.BOTH.,#16822);
#16822 = SURFACE_SIDE_STYLE('',(#16823));
#16823 = SURFACE_STYLE_FILL_AREA(#16824);
#16824 = FILL_AREA_STYLE('',(#16825));
#16825 = FILL_AREA_STYLE_COLOUR('',#16719);
#16826 = STYLED_ITEM('color',(#16827),#6843);
#16827 = PRESENTATION_STYLE_ASSIGNMENT((#16828));
#16828 = SURFACE_STYLE_USAGE(.BOTH.,#16829);
#16829 = SURFACE_SIDE_STYLE('',(#16830));
#16830 = SURFACE_STYLE_FILL_AREA(#16831);
#16831 = FILL_AREA_STYLE('',(#16832));
#16832 = FILL_AREA_STYLE_COLOUR('',#16755);
#16833 = STYLED_ITEM('color',(#16834),#6869);
#16834 = PRESENTATION_STYLE_ASSIGNMENT((#16835));
#16835 = SURFACE_STYLE_USAGE(.BOTH.,#16836);
#16836 = SURFACE_SIDE_STYLE('',(#16837));
#16837 = SURFACE_STYLE_FILL_AREA(#16838);
#16838 = FILL_AREA_STYLE('',(#16839));
#16839 = FILL_AREA_STYLE_COLOUR('',#16755);
#16840 = STYLED_ITEM('color',(#16841),#6888);
#16841 = PRESENTATION_STYLE_ASSIGNMENT((#16842));
#16842 = SURFACE_STYLE_USAGE(.BOTH.,#16843);
#16843 = SURFACE_SIDE_STYLE('',(#16844));
#16844 = SURFACE_STYLE_FILL_AREA(#16845);
#16845 = FILL_AREA_STYLE('',(#16846));
#16846 = FILL_AREA_STYLE_COLOUR('',#16847);
#16847 = COLOUR_RGB('',0.690999998585,0.664000007176,0.597999987832);
#16848 = STYLED_ITEM('color',(#16849),#6919);
#16849 = PRESENTATION_STYLE_ASSIGNMENT((#16850));
#16850 = SURFACE_STYLE_USAGE(.BOTH.,#16851);
#16851 = SURFACE_SIDE_STYLE('',(#16852));
#16852 = SURFACE_STYLE_FILL_AREA(#16853);
#16853 = FILL_AREA_STYLE('',(#16854));
#16854 = FILL_AREA_STYLE_COLOUR('',#16847);
#16855 = STYLED_ITEM('color',(#16856),#6943);
#16856 = PRESENTATION_STYLE_ASSIGNMENT((#16857));
#16857 = SURFACE_STYLE_USAGE(.BOTH.,#16858);
#16858 = SURFACE_SIDE_STYLE('',(#16859));
#16859 = SURFACE_STYLE_FILL_AREA(#16860);
#16860 = FILL_AREA_STYLE('',(#16861));
#16861 = FILL_AREA_STYLE_COLOUR('',#16847);
#16862 = STYLED_ITEM('color',(#16863),#6967);
#16863 = PRESENTATION_STYLE_ASSIGNMENT((#16864));
#16864 = SURFACE_STYLE_USAGE(.BOTH.,#16865);
#16865 = SURFACE_SIDE_STYLE('',(#16866));
#16866 = SURFACE_STYLE_FILL_AREA(#16867);
#16867 = FILL_AREA_STYLE('',(#16868));
#16868 = FILL_AREA_STYLE_COLOUR('',#16847);
#16869 = STYLED_ITEM('color',(#16870),#6984);
#16870 = PRESENTATION_STYLE_ASSIGNMENT((#16871));
#16871 = SURFACE_STYLE_USAGE(.BOTH.,#16872);
#16872 = SURFACE_SIDE_STYLE('',(#16873));
#16873 = SURFACE_STYLE_FILL_AREA(#16874);
#16874 = FILL_AREA_STYLE('',(#16875));
#16875 = FILL_AREA_STYLE_COLOUR('',#16719);
#16876 = STYLED_ITEM('color',(#16877),#7008);
#16877 = PRESENTATION_STYLE_ASSIGNMENT((#16878));
#16878 = SURFACE_STYLE_USAGE(.BOTH.,#16879);
#16879 = SURFACE_SIDE_STYLE('',(#16880));
#16880 = SURFACE_STYLE_FILL_AREA(#16881);
#16881 = FILL_AREA_STYLE('',(#16882));
#16882 = FILL_AREA_STYLE_COLOUR('',#16719);
#16883 = STYLED_ITEM('color',(#16884),#7032);
#16884 = PRESENTATION_STYLE_ASSIGNMENT((#16885));
#16885 = SURFACE_STYLE_USAGE(.BOTH.,#16886);
#16886 = SURFACE_SIDE_STYLE('',(#16887));
#16887 = SURFACE_STYLE_FILL_AREA(#16888);
#16888 = FILL_AREA_STYLE('',(#16889));
#16889 = FILL_AREA_STYLE_COLOUR('',#16719);
#16890 = STYLED_ITEM('color',(#16891),#7049);
#16891 = PRESENTATION_STYLE_ASSIGNMENT((#16892));
#16892 = SURFACE_STYLE_USAGE(.BOTH.,#16893);
#16893 = SURFACE_SIDE_STYLE('',(#16894));
#16894 = SURFACE_STYLE_FILL_AREA(#16895);
#16895 = FILL_AREA_STYLE('',(#16896));
#16896 = FILL_AREA_STYLE_COLOUR('',#16719);
#16897 = STYLED_ITEM('color',(#16898),#7061);
#16898 = PRESENTATION_STYLE_ASSIGNMENT((#16899));
#16899 = SURFACE_STYLE_USAGE(.BOTH.,#16900);
#16900 = SURFACE_SIDE_STYLE('',(#16901));
#16901 = SURFACE_STYLE_FILL_AREA(#16902);
#16902 = FILL_AREA_STYLE('',(#16903));
#16903 = FILL_AREA_STYLE_COLOUR('',#16847);
#16904 = MECHANICAL_DESIGN_GEOMETRIC_PRESENTATION_REPRESENTATION('',(
    #16905,#16914,#16923,#16932,#16941,#16950,#16959,#16968,#16977,
    #16986,#16995,#17004,#17013,#17022,#17031,#17040,#17049,#17058,
    #17067,#17076,#17085,#17094,#17103,#17112,#17121,#17130,#17139,
    #17148,#17157,#17166,#17175,#17184,#17193,#17202,#17211,#17220,
    #17229,#17238,#17247,#17256,#17265,#17274,#17283,#17292,#17301,
    #17310,#17319,#17328,#17337,#17346,#17355,#17364,#17373,#17382,
    #17391,#17400,#17409,#17418,#17427),#6314);
#16905 = STYLED_ITEM('color',(#16906),#4628);
#16906 = PRESENTATION_STYLE_ASSIGNMENT((#16907,#16912));
#16907 = SURFACE_STYLE_USAGE(.BOTH.,#16908);
#16908 = SURFACE_SIDE_STYLE('',(#16909));
#16909 = SURFACE_STYLE_FILL_AREA(#16910);
#16910 = FILL_AREA_STYLE('',(#16911));
#16911 = FILL_AREA_STYLE_COLOUR('',#16755);
#16912 = CURVE_STYLE('',#16913,POSITIVE_LENGTH_MEASURE(0.1),#16755);
#16913 = DRAUGHTING_PRE_DEFINED_CURVE_FONT('continuous');
#16914 = STYLED_ITEM('color',(#16915),#4682);
#16915 = PRESENTATION_STYLE_ASSIGNMENT((#16916,#16921));
#16916 = SURFACE_STYLE_USAGE(.BOTH.,#16917);
#16917 = SURFACE_SIDE_STYLE('',(#16918));
#16918 = SURFACE_STYLE_FILL_AREA(#16919);
#16919 = FILL_AREA_STYLE('',(#16920));
#16920 = FILL_AREA_STYLE_COLOUR('',#16755);
#16921 = CURVE_STYLE('',#16922,POSITIVE_LENGTH_MEASURE(0.1),#16755);
#16922 = DRAUGHTING_PRE_DEFINED_CURVE_FONT('continuous');
#16923 = STYLED_ITEM('color',(#16924),#4745);
#16924 = PRESENTATION_STYLE_ASSIGNMENT((#16925,#16930));
#16925 = SURFACE_STYLE_USAGE(.BOTH.,#16926);
#16926 = SURFACE_SIDE_STYLE('',(#16927));
#16927 = SURFACE_STYLE_FILL_AREA(#16928);
#16928 = FILL_AREA_STYLE('',(#16929));
#16929 = FILL_AREA_STYLE_COLOUR('',#16755);
#16930 = CURVE_STYLE('',#16931,POSITIVE_LENGTH_MEASURE(0.1),#16755);
#16931 = DRAUGHTING_PRE_DEFINED_CURVE_FONT('continuous');
#16932 = STYLED_ITEM('color',(#16933),#4768);
#16933 = PRESENTATION_STYLE_ASSIGNMENT((#16934,#16939));
#16934 = SURFACE_STYLE_USAGE(.BOTH.,#16935);
#16935 = SURFACE_SIDE_STYLE('',(#16936));
#16936 = SURFACE_STYLE_FILL_AREA(#16937);
#16937 = FILL_AREA_STYLE('',(#16938));
#16938 = FILL_AREA_STYLE_COLOUR('',#16755);
#16939 = CURVE_STYLE('',#16940,POSITIVE_LENGTH_MEASURE(0.1),#16755);
#16940 = DRAUGHTING_PRE_DEFINED_CURVE_FONT('continuous');
#16941 = STYLED_ITEM('color',(#16942),#4798);
#16942 = PRESENTATION_STYLE_ASSIGNMENT((#16943,#16948));
#16943 = SURFACE_STYLE_USAGE(.BOTH.,#16944);
#16944 = SURFACE_SIDE_STYLE('',(#16945));
#16945 = SURFACE_STYLE_FILL_AREA(#16946);
#16946 = FILL_AREA_STYLE('',(#16947));
#16947 = FILL_AREA_STYLE_COLOUR('',#16719);
#16948 = CURVE_STYLE('',#16949,POSITIVE_LENGTH_MEASURE(0.1),#16719);
#16949 = DRAUGHTING_PRE_DEFINED_CURVE_FONT('continuous');
#16950 = STYLED_ITEM('color',(#16951),#4831);
#16951 = PRESENTATION_STYLE_ASSIGNMENT((#16952,#16957));
#16952 = SURFACE_STYLE_USAGE(.BOTH.,#16953);
#16953 = SURFACE_SIDE_STYLE('',(#16954));
#16954 = SURFACE_STYLE_FILL_AREA(#16955);
#16955 = FILL_AREA_STYLE('',(#16956));
#16956 = FILL_AREA_STYLE_COLOUR('',#16755);
#16957 = CURVE_STYLE('',#16958,POSITIVE_LENGTH_MEASURE(0.1),#16755);
#16958 = DRAUGHTING_PRE_DEFINED_CURVE_FONT('continuous');
#16959 = STYLED_ITEM('color',(#16960),#4861);
#16960 = PRESENTATION_STYLE_ASSIGNMENT((#16961,#16966));
#16961 = SURFACE_STYLE_USAGE(.BOTH.,#16962);
#16962 = SURFACE_SIDE_STYLE('',(#16963));
#16963 = SURFACE_STYLE_FILL_AREA(#16964);
#16964 = FILL_AREA_STYLE('',(#16965));
#16965 = FILL_AREA_STYLE_COLOUR('',#16755);
#16966 = CURVE_STYLE('',#16967,POSITIVE_LENGTH_MEASURE(0.1),#16755);
#16967 = DRAUGHTING_PRE_DEFINED_CURVE_FONT('continuous');
#16968 = STYLED_ITEM('color',(#16969),#4884);
#16969 = PRESENTATION_STYLE_ASSIGNMENT((#16970,#16975));
#16970 = SURFACE_STYLE_USAGE(.BOTH.,#16971);
#16971 = SURFACE_SIDE_STYLE('',(#16972));
#16972 = SURFACE_STYLE_FILL_AREA(#16973);
#16973 = FILL_AREA_STYLE('',(#16974));
#16974 = FILL_AREA_STYLE_COLOUR('',#16755);
#16975 = CURVE_STYLE('',#16976,POSITIVE_LENGTH_MEASURE(0.1),#16755);
#16976 = DRAUGHTING_PRE_DEFINED_CURVE_FONT('continuous');
#16977 = STYLED_ITEM('color',(#16978),#4907);
#16978 = PRESENTATION_STYLE_ASSIGNMENT((#16979,#16984));
#16979 = SURFACE_STYLE_USAGE(.BOTH.,#16980);
#16980 = SURFACE_SIDE_STYLE('',(#16981));
#16981 = SURFACE_STYLE_FILL_AREA(#16982);
#16982 = FILL_AREA_STYLE('',(#16983));
#16983 = FILL_AREA_STYLE_COLOUR('',#16755);
#16984 = CURVE_STYLE('',#16985,POSITIVE_LENGTH_MEASURE(0.1),#16755);
#16985 = DRAUGHTING_PRE_DEFINED_CURVE_FONT('continuous');
#16986 = STYLED_ITEM('color',(#16987),#4930);
#16987 = PRESENTATION_STYLE_ASSIGNMENT((#16988,#16993));
#16988 = SURFACE_STYLE_USAGE(.BOTH.,#16989);
#16989 = SURFACE_SIDE_STYLE('',(#16990));
#16990 = SURFACE_STYLE_FILL_AREA(#16991);
#16991 = FILL_AREA_STYLE('',(#16992));
#16992 = FILL_AREA_STYLE_COLOUR('',#16755);
#16993 = CURVE_STYLE('',#16994,POSITIVE_LENGTH_MEASURE(0.1),#16755);
#16994 = DRAUGHTING_PRE_DEFINED_CURVE_FONT('continuous');
#16995 = STYLED_ITEM('color',(#16996),#4953);
#16996 = PRESENTATION_STYLE_ASSIGNMENT((#16997,#17002));
#16997 = SURFACE_STYLE_USAGE(.BOTH.,#16998);
#16998 = SURFACE_SIDE_STYLE('',(#16999));
#16999 = SURFACE_STYLE_FILL_AREA(#17000);
#17000 = FILL_AREA_STYLE('',(#17001));
#17001 = FILL_AREA_STYLE_COLOUR('',#16755);
#17002 = CURVE_STYLE('',#17003,POSITIVE_LENGTH_MEASURE(0.1),#16755);
#17003 = DRAUGHTING_PRE_DEFINED_CURVE_FONT('continuous');
#17004 = STYLED_ITEM('color',(#17005),#4976);
#17005 = PRESENTATION_STYLE_ASSIGNMENT((#17006,#17011));
#17006 = SURFACE_STYLE_USAGE(.BOTH.,#17007);
#17007 = SURFACE_SIDE_STYLE('',(#17008));
#17008 = SURFACE_STYLE_FILL_AREA(#17009);
#17009 = FILL_AREA_STYLE('',(#17010));
#17010 = FILL_AREA_STYLE_COLOUR('',#16755);
#17011 = CURVE_STYLE('',#17012,POSITIVE_LENGTH_MEASURE(0.1),#16755);
#17012 = DRAUGHTING_PRE_DEFINED_CURVE_FONT('continuous');
#17013 = STYLED_ITEM('color',(#17014),#5009);
#17014 = PRESENTATION_STYLE_ASSIGNMENT((#17015,#17020));
#17015 = SURFACE_STYLE_USAGE(.BOTH.,#17016);
#17016 = SURFACE_SIDE_STYLE('',(#17017));
#17017 = SURFACE_STYLE_FILL_AREA(#17018);
#17018 = FILL_AREA_STYLE('',(#17019));
#17019 = FILL_AREA_STYLE_COLOUR('',#16755);
#17020 = CURVE_STYLE('',#17021,POSITIVE_LENGTH_MEASURE(0.1),#16755);
#17021 = DRAUGHTING_PRE_DEFINED_CURVE_FONT('continuous');
#17022 = STYLED_ITEM('color',(#17023),#5032);
#17023 = PRESENTATION_STYLE_ASSIGNMENT((#17024,#17029));
#17024 = SURFACE_STYLE_USAGE(.BOTH.,#17025);
#17025 = SURFACE_SIDE_STYLE('',(#17026));
#17026 = SURFACE_STYLE_FILL_AREA(#17027);
#17027 = FILL_AREA_STYLE('',(#17028));
#17028 = FILL_AREA_STYLE_COLOUR('',#16755);
#17029 = CURVE_STYLE('',#17030,POSITIVE_LENGTH_MEASURE(0.1),#16755);
#17030 = DRAUGHTING_PRE_DEFINED_CURVE_FONT('continuous');
#17031 = STYLED_ITEM('color',(#17032),#5055);
#17032 = PRESENTATION_STYLE_ASSIGNMENT((#17033,#17038));
#17033 = SURFACE_STYLE_USAGE(.BOTH.,#17034);
#17034 = SURFACE_SIDE_STYLE('',(#17035));
#17035 = SURFACE_STYLE_FILL_AREA(#17036);
#17036 = FILL_AREA_STYLE('',(#17037));
#17037 = FILL_AREA_STYLE_COLOUR('',#16755);
#17038 = CURVE_STYLE('',#17039,POSITIVE_LENGTH_MEASURE(0.1),#16755);
#17039 = DRAUGHTING_PRE_DEFINED_CURVE_FONT('continuous');
#17040 = STYLED_ITEM('color',(#17041),#5143);
#17041 = PRESENTATION_STYLE_ASSIGNMENT((#17042,#17047));
#17042 = SURFACE_STYLE_USAGE(.BOTH.,#17043);
#17043 = SURFACE_SIDE_STYLE('',(#17044));
#17044 = SURFACE_STYLE_FILL_AREA(#17045);
#17045 = FILL_AREA_STYLE('',(#17046));
#17046 = FILL_AREA_STYLE_COLOUR('',#16719);
#17047 = CURVE_STYLE('',#17048,POSITIVE_LENGTH_MEASURE(0.1),#16719);
#17048 = DRAUGHTING_PRE_DEFINED_CURVE_FONT('continuous');
#17049 = STYLED_ITEM('color',(#17050),#5218);
#17050 = PRESENTATION_STYLE_ASSIGNMENT((#17051,#17056));
#17051 = SURFACE_STYLE_USAGE(.BOTH.,#17052);
#17052 = SURFACE_SIDE_STYLE('',(#17053));
#17053 = SURFACE_STYLE_FILL_AREA(#17054);
#17054 = FILL_AREA_STYLE('',(#17055));
#17055 = FILL_AREA_STYLE_COLOUR('',#16719);
#17056 = CURVE_STYLE('',#17057,POSITIVE_LENGTH_MEASURE(0.1),#16719);
#17057 = DRAUGHTING_PRE_DEFINED_CURVE_FONT('continuous');
#17058 = STYLED_ITEM('color',(#17059),#5242);
#17059 = PRESENTATION_STYLE_ASSIGNMENT((#17060,#17065));
#17060 = SURFACE_STYLE_USAGE(.BOTH.,#17061);
#17061 = SURFACE_SIDE_STYLE('',(#17062));
#17062 = SURFACE_STYLE_FILL_AREA(#17063);
#17063 = FILL_AREA_STYLE('',(#17064));
#17064 = FILL_AREA_STYLE_COLOUR('',#16719);
#17065 = CURVE_STYLE('',#17066,POSITIVE_LENGTH_MEASURE(0.1),#16719);
#17066 = DRAUGHTING_PRE_DEFINED_CURVE_FONT('continuous');
#17067 = STYLED_ITEM('color',(#17068),#5310);
#17068 = PRESENTATION_STYLE_ASSIGNMENT((#17069,#17074));
#17069 = SURFACE_STYLE_USAGE(.BOTH.,#17070);
#17070 = SURFACE_SIDE_STYLE('',(#17071));
#17071 = SURFACE_STYLE_FILL_AREA(#17072);
#17072 = FILL_AREA_STYLE('',(#17073));
#17073 = FILL_AREA_STYLE_COLOUR('',#16755);
#17074 = CURVE_STYLE('',#17075,POSITIVE_LENGTH_MEASURE(0.1),#16755);
#17075 = DRAUGHTING_PRE_DEFINED_CURVE_FONT('continuous');
#17076 = STYLED_ITEM('color',(#17077),#5398);
#17077 = PRESENTATION_STYLE_ASSIGNMENT((#17078,#17083));
#17078 = SURFACE_STYLE_USAGE(.BOTH.,#17079);
#17079 = SURFACE_SIDE_STYLE('',(#17080));
#17080 = SURFACE_STYLE_FILL_AREA(#17081);
#17081 = FILL_AREA_STYLE('',(#17082));
#17082 = FILL_AREA_STYLE_COLOUR('',#16755);
#17083 = CURVE_STYLE('',#17084,POSITIVE_LENGTH_MEASURE(0.1),#16755);
#17084 = DRAUGHTING_PRE_DEFINED_CURVE_FONT('continuous');
#17085 = STYLED_ITEM('color',(#17086),#5414);
#17086 = PRESENTATION_STYLE_ASSIGNMENT((#17087,#17092));
#17087 = SURFACE_STYLE_USAGE(.BOTH.,#17088);
#17088 = SURFACE_SIDE_STYLE('',(#17089));
#17089 = SURFACE_STYLE_FILL_AREA(#17090);
#17090 = FILL_AREA_STYLE('',(#17091));
#17091 = FILL_AREA_STYLE_COLOUR('',#16755);
#17092 = CURVE_STYLE('',#17093,POSITIVE_LENGTH_MEASURE(0.1),#16755);
#17093 = DRAUGHTING_PRE_DEFINED_CURVE_FONT('continuous');
#17094 = STYLED_ITEM('color',(#17095),#5430);
#17095 = PRESENTATION_STYLE_ASSIGNMENT((#17096,#17101));
#17096 = SURFACE_STYLE_USAGE(.BOTH.,#17097);
#17097 = SURFACE_SIDE_STYLE('',(#17098));
#17098 = SURFACE_STYLE_FILL_AREA(#17099);
#17099 = FILL_AREA_STYLE('',(#17100));
#17100 = FILL_AREA_STYLE_COLOUR('',#16755);
#17101 = CURVE_STYLE('',#17102,POSITIVE_LENGTH_MEASURE(0.1),#16755);
#17102 = DRAUGHTING_PRE_DEFINED_CURVE_FONT('continuous');
#17103 = STYLED_ITEM('color',(#17104),#5446);
#17104 = PRESENTATION_STYLE_ASSIGNMENT((#17105,#17110));
#17105 = SURFACE_STYLE_USAGE(.BOTH.,#17106);
#17106 = SURFACE_SIDE_STYLE('',(#17107));
#17107 = SURFACE_STYLE_FILL_AREA(#17108);
#17108 = FILL_AREA_STYLE('',(#17109));
#17109 = FILL_AREA_STYLE_COLOUR('',#16755);
#17110 = CURVE_STYLE('',#17111,POSITIVE_LENGTH_MEASURE(0.1),#16755);
#17111 = DRAUGHTING_PRE_DEFINED_CURVE_FONT('continuous');
#17112 = STYLED_ITEM('color',(#17113),#5462);
#17113 = PRESENTATION_STYLE_ASSIGNMENT((#17114,#17119));
#17114 = SURFACE_STYLE_USAGE(.BOTH.,#17115);
#17115 = SURFACE_SIDE_STYLE('',(#17116));
#17116 = SURFACE_STYLE_FILL_AREA(#17117);
#17117 = FILL_AREA_STYLE('',(#17118));
#17118 = FILL_AREA_STYLE_COLOUR('',#16755);
#17119 = CURVE_STYLE('',#17120,POSITIVE_LENGTH_MEASURE(0.1),#16755);
#17120 = DRAUGHTING_PRE_DEFINED_CURVE_FONT('continuous');
#17121 = STYLED_ITEM('color',(#17122),#5479);
#17122 = PRESENTATION_STYLE_ASSIGNMENT((#17123,#17128));
#17123 = SURFACE_STYLE_USAGE(.BOTH.,#17124);
#17124 = SURFACE_SIDE_STYLE('',(#17125));
#17125 = SURFACE_STYLE_FILL_AREA(#17126);
#17126 = FILL_AREA_STYLE('',(#17127));
#17127 = FILL_AREA_STYLE_COLOUR('',#16719);
#17128 = CURVE_STYLE('',#17129,POSITIVE_LENGTH_MEASURE(0.1),#16719);
#17129 = DRAUGHTING_PRE_DEFINED_CURVE_FONT('continuous');
#17130 = STYLED_ITEM('color',(#17131),#5512);
#17131 = PRESENTATION_STYLE_ASSIGNMENT((#17132,#17137));
#17132 = SURFACE_STYLE_USAGE(.BOTH.,#17133);
#17133 = SURFACE_SIDE_STYLE('',(#17134));
#17134 = SURFACE_STYLE_FILL_AREA(#17135);
#17135 = FILL_AREA_STYLE('',(#17136));
#17136 = FILL_AREA_STYLE_COLOUR('',#16755);
#17137 = CURVE_STYLE('',#17138,POSITIVE_LENGTH_MEASURE(0.1),#16755);
#17138 = DRAUGHTING_PRE_DEFINED_CURVE_FONT('continuous');
#17139 = STYLED_ITEM('color',(#17140),#5529);
#17140 = PRESENTATION_STYLE_ASSIGNMENT((#17141,#17146));
#17141 = SURFACE_STYLE_USAGE(.BOTH.,#17142);
#17142 = SURFACE_SIDE_STYLE('',(#17143));
#17143 = SURFACE_STYLE_FILL_AREA(#17144);
#17144 = FILL_AREA_STYLE('',(#17145));
#17145 = FILL_AREA_STYLE_COLOUR('',#16719);
#17146 = CURVE_STYLE('',#17147,POSITIVE_LENGTH_MEASURE(0.1),#16719);
#17147 = DRAUGHTING_PRE_DEFINED_CURVE_FONT('continuous');
#17148 = STYLED_ITEM('color',(#17149),#5551);
#17149 = PRESENTATION_STYLE_ASSIGNMENT((#17150,#17155));
#17150 = SURFACE_STYLE_USAGE(.BOTH.,#17151);
#17151 = SURFACE_SIDE_STYLE('',(#17152));
#17152 = SURFACE_STYLE_FILL_AREA(#17153);
#17153 = FILL_AREA_STYLE('',(#17154));
#17154 = FILL_AREA_STYLE_COLOUR('',#16755);
#17155 = CURVE_STYLE('',#17156,POSITIVE_LENGTH_MEASURE(0.1),#16755);
#17156 = DRAUGHTING_PRE_DEFINED_CURVE_FONT('continuous');
#17157 = STYLED_ITEM('color',(#17158),#5582);
#17158 = PRESENTATION_STYLE_ASSIGNMENT((#17159,#17164));
#17159 = SURFACE_STYLE_USAGE(.BOTH.,#17160);
#17160 = SURFACE_SIDE_STYLE('',(#17161));
#17161 = SURFACE_STYLE_FILL_AREA(#17162);
#17162 = FILL_AREA_STYLE('',(#17163));
#17163 = FILL_AREA_STYLE_COLOUR('',#16755);
#17164 = CURVE_STYLE('',#17165,POSITIVE_LENGTH_MEASURE(0.1),#16755);
#17165 = DRAUGHTING_PRE_DEFINED_CURVE_FONT('continuous');
#17166 = STYLED_ITEM('color',(#17167),#5605);
#17167 = PRESENTATION_STYLE_ASSIGNMENT((#17168,#17173));
#17168 = SURFACE_STYLE_USAGE(.BOTH.,#17169);
#17169 = SURFACE_SIDE_STYLE('',(#17170));
#17170 = SURFACE_STYLE_FILL_AREA(#17171);
#17171 = FILL_AREA_STYLE('',(#17172));
#17172 = FILL_AREA_STYLE_COLOUR('',#16755);
#17173 = CURVE_STYLE('',#17174,POSITIVE_LENGTH_MEASURE(0.1),#16755);
#17174 = DRAUGHTING_PRE_DEFINED_CURVE_FONT('continuous');
#17175 = STYLED_ITEM('color',(#17176),#5628);
#17176 = PRESENTATION_STYLE_ASSIGNMENT((#17177,#17182));
#17177 = SURFACE_STYLE_USAGE(.BOTH.,#17178);
#17178 = SURFACE_SIDE_STYLE('',(#17179));
#17179 = SURFACE_STYLE_FILL_AREA(#17180);
#17180 = FILL_AREA_STYLE('',(#17181));
#17181 = FILL_AREA_STYLE_COLOUR('',#16755);
#17182 = CURVE_STYLE('',#17183,POSITIVE_LENGTH_MEASURE(0.1),#16755);
#17183 = DRAUGHTING_PRE_DEFINED_CURVE_FONT('continuous');
#17184 = STYLED_ITEM('color',(#17185),#5651);
#17185 = PRESENTATION_STYLE_ASSIGNMENT((#17186,#17191));
#17186 = SURFACE_STYLE_USAGE(.BOTH.,#17187);
#17187 = SURFACE_SIDE_STYLE('',(#17188));
#17188 = SURFACE_STYLE_FILL_AREA(#17189);
#17189 = FILL_AREA_STYLE('',(#17190));
#17190 = FILL_AREA_STYLE_COLOUR('',#16755);
#17191 = CURVE_STYLE('',#17192,POSITIVE_LENGTH_MEASURE(0.1),#16755);
#17192 = DRAUGHTING_PRE_DEFINED_CURVE_FONT('continuous');
#17193 = STYLED_ITEM('color',(#17194),#5681);
#17194 = PRESENTATION_STYLE_ASSIGNMENT((#17195,#17200));
#17195 = SURFACE_STYLE_USAGE(.BOTH.,#17196);
#17196 = SURFACE_SIDE_STYLE('',(#17197));
#17197 = SURFACE_STYLE_FILL_AREA(#17198);
#17198 = FILL_AREA_STYLE('',(#17199));
#17199 = FILL_AREA_STYLE_COLOUR('',#16719);
#17200 = CURVE_STYLE('',#17201,POSITIVE_LENGTH_MEASURE(0.1),#16719);
#17201 = DRAUGHTING_PRE_DEFINED_CURVE_FONT('continuous');
#17202 = STYLED_ITEM('color',(#17203),#5698);
#17203 = PRESENTATION_STYLE_ASSIGNMENT((#17204,#17209));
#17204 = SURFACE_STYLE_USAGE(.BOTH.,#17205);
#17205 = SURFACE_SIDE_STYLE('',(#17206));
#17206 = SURFACE_STYLE_FILL_AREA(#17207);
#17207 = FILL_AREA_STYLE('',(#17208));
#17208 = FILL_AREA_STYLE_COLOUR('',#16719);
#17209 = CURVE_STYLE('',#17210,POSITIVE_LENGTH_MEASURE(0.1),#16719);
#17210 = DRAUGHTING_PRE_DEFINED_CURVE_FONT('continuous');
#17211 = STYLED_ITEM('color',(#17212),#5715);
#17212 = PRESENTATION_STYLE_ASSIGNMENT((#17213,#17218));
#17213 = SURFACE_STYLE_USAGE(.BOTH.,#17214);
#17214 = SURFACE_SIDE_STYLE('',(#17215));
#17215 = SURFACE_STYLE_FILL_AREA(#17216);
#17216 = FILL_AREA_STYLE('',(#17217));
#17217 = FILL_AREA_STYLE_COLOUR('',#16719);
#17218 = CURVE_STYLE('',#17219,POSITIVE_LENGTH_MEASURE(0.1),#16719);
#17219 = DRAUGHTING_PRE_DEFINED_CURVE_FONT('continuous');
#17220 = STYLED_ITEM('color',(#17221),#5732);
#17221 = PRESENTATION_STYLE_ASSIGNMENT((#17222,#17227));
#17222 = SURFACE_STYLE_USAGE(.BOTH.,#17223);
#17223 = SURFACE_SIDE_STYLE('',(#17224));
#17224 = SURFACE_STYLE_FILL_AREA(#17225);
#17225 = FILL_AREA_STYLE('',(#17226));
#17226 = FILL_AREA_STYLE_COLOUR('',#16719);
#17227 = CURVE_STYLE('',#17228,POSITIVE_LENGTH_MEASURE(0.1),#16719);
#17228 = DRAUGHTING_PRE_DEFINED_CURVE_FONT('continuous');
#17229 = STYLED_ITEM('color',(#17230),#5749);
#17230 = PRESENTATION_STYLE_ASSIGNMENT((#17231,#17236));
#17231 = SURFACE_STYLE_USAGE(.BOTH.,#17232);
#17232 = SURFACE_SIDE_STYLE('',(#17233));
#17233 = SURFACE_STYLE_FILL_AREA(#17234);
#17234 = FILL_AREA_STYLE('',(#17235));
#17235 = FILL_AREA_STYLE_COLOUR('',#16719);
#17236 = CURVE_STYLE('',#17237,POSITIVE_LENGTH_MEASURE(0.1),#16719);
#17237 = DRAUGHTING_PRE_DEFINED_CURVE_FONT('continuous');
#17238 = STYLED_ITEM('color',(#17239),#5766);
#17239 = PRESENTATION_STYLE_ASSIGNMENT((#17240,#17245));
#17240 = SURFACE_STYLE_USAGE(.BOTH.,#17241);
#17241 = SURFACE_SIDE_STYLE('',(#17242));
#17242 = SURFACE_STYLE_FILL_AREA(#17243);
#17243 = FILL_AREA_STYLE('',(#17244));
#17244 = FILL_AREA_STYLE_COLOUR('',#16719);
#17245 = CURVE_STYLE('',#17246,POSITIVE_LENGTH_MEASURE(0.1),#16719);
#17246 = DRAUGHTING_PRE_DEFINED_CURVE_FONT('continuous');
#17247 = STYLED_ITEM('color',(#17248),#5783);
#17248 = PRESENTATION_STYLE_ASSIGNMENT((#17249,#17254));
#17249 = SURFACE_STYLE_USAGE(.BOTH.,#17250);
#17250 = SURFACE_SIDE_STYLE('',(#17251));
#17251 = SURFACE_STYLE_FILL_AREA(#17252);
#17252 = FILL_AREA_STYLE('',(#17253));
#17253 = FILL_AREA_STYLE_COLOUR('',#16719);
#17254 = CURVE_STYLE('',#17255,POSITIVE_LENGTH_MEASURE(0.1),#16719);
#17255 = DRAUGHTING_PRE_DEFINED_CURVE_FONT('continuous');
#17256 = STYLED_ITEM('color',(#17257),#5800);
#17257 = PRESENTATION_STYLE_ASSIGNMENT((#17258,#17263));
#17258 = SURFACE_STYLE_USAGE(.BOTH.,#17259);
#17259 = SURFACE_SIDE_STYLE('',(#17260));
#17260 = SURFACE_STYLE_FILL_AREA(#17261);
#17261 = FILL_AREA_STYLE('',(#17262));
#17262 = FILL_AREA_STYLE_COLOUR('',#16719);
#17263 = CURVE_STYLE('',#17264,POSITIVE_LENGTH_MEASURE(0.1),#16719);
#17264 = DRAUGHTING_PRE_DEFINED_CURVE_FONT('continuous');
#17265 = STYLED_ITEM('color',(#17266),#5812);
#17266 = PRESENTATION_STYLE_ASSIGNMENT((#17267,#17272));
#17267 = SURFACE_STYLE_USAGE(.BOTH.,#17268);
#17268 = SURFACE_SIDE_STYLE('',(#17269));
#17269 = SURFACE_STYLE_FILL_AREA(#17270);
#17270 = FILL_AREA_STYLE('',(#17271));
#17271 = FILL_AREA_STYLE_COLOUR('',#16755);
#17272 = CURVE_STYLE('',#17273,POSITIVE_LENGTH_MEASURE(0.1),#16755);
#17273 = DRAUGHTING_PRE_DEFINED_CURVE_FONT('continuous');
#17274 = STYLED_ITEM('color',(#17275),#5835);
#17275 = PRESENTATION_STYLE_ASSIGNMENT((#17276,#17281));
#17276 = SURFACE_STYLE_USAGE(.BOTH.,#17277);
#17277 = SURFACE_SIDE_STYLE('',(#17278));
#17278 = SURFACE_STYLE_FILL_AREA(#17279);
#17279 = FILL_AREA_STYLE('',(#17280));
#17280 = FILL_AREA_STYLE_COLOUR('',#16755);
#17281 = CURVE_STYLE('',#17282,POSITIVE_LENGTH_MEASURE(0.1),#16755);
#17282 = DRAUGHTING_PRE_DEFINED_CURVE_FONT('continuous');
#17283 = STYLED_ITEM('color',(#17284),#5858);
#17284 = PRESENTATION_STYLE_ASSIGNMENT((#17285,#17290));
#17285 = SURFACE_STYLE_USAGE(.BOTH.,#17286);
#17286 = SURFACE_SIDE_STYLE('',(#17287));
#17287 = SURFACE_STYLE_FILL_AREA(#17288);
#17288 = FILL_AREA_STYLE('',(#17289));
#17289 = FILL_AREA_STYLE_COLOUR('',#16755);
#17290 = CURVE_STYLE('',#17291,POSITIVE_LENGTH_MEASURE(0.1),#16755);
#17291 = DRAUGHTING_PRE_DEFINED_CURVE_FONT('continuous');
#17292 = STYLED_ITEM('color',(#17293),#5875);
#17293 = PRESENTATION_STYLE_ASSIGNMENT((#17294,#17299));
#17294 = SURFACE_STYLE_USAGE(.BOTH.,#17295);
#17295 = SURFACE_SIDE_STYLE('',(#17296));
#17296 = SURFACE_STYLE_FILL_AREA(#17297);
#17297 = FILL_AREA_STYLE('',(#17298));
#17298 = FILL_AREA_STYLE_COLOUR('',#16719);
#17299 = CURVE_STYLE('',#17300,POSITIVE_LENGTH_MEASURE(0.1),#16719);
#17300 = DRAUGHTING_PRE_DEFINED_CURVE_FONT('continuous');
#17301 = STYLED_ITEM('color',(#17302),#5950);
#17302 = PRESENTATION_STYLE_ASSIGNMENT((#17303,#17308));
#17303 = SURFACE_STYLE_USAGE(.BOTH.,#17304);
#17304 = SURFACE_SIDE_STYLE('',(#17305));
#17305 = SURFACE_STYLE_FILL_AREA(#17306);
#17306 = FILL_AREA_STYLE('',(#17307));
#17307 = FILL_AREA_STYLE_COLOUR('',#16719);
#17308 = CURVE_STYLE('',#17309,POSITIVE_LENGTH_MEASURE(0.1),#16719);
#17309 = DRAUGHTING_PRE_DEFINED_CURVE_FONT('continuous');
#17310 = STYLED_ITEM('color',(#17311),#5974);
#17311 = PRESENTATION_STYLE_ASSIGNMENT((#17312,#17317));
#17312 = SURFACE_STYLE_USAGE(.BOTH.,#17313);
#17313 = SURFACE_SIDE_STYLE('',(#17314));
#17314 = SURFACE_STYLE_FILL_AREA(#17315);
#17315 = FILL_AREA_STYLE('',(#17316));
#17316 = FILL_AREA_STYLE_COLOUR('',#16719);
#17317 = CURVE_STYLE('',#17318,POSITIVE_LENGTH_MEASURE(0.1),#16719);
#17318 = DRAUGHTING_PRE_DEFINED_CURVE_FONT('continuous');
#17319 = STYLED_ITEM('color',(#17320),#6042);
#17320 = PRESENTATION_STYLE_ASSIGNMENT((#17321,#17326));
#17321 = SURFACE_STYLE_USAGE(.BOTH.,#17322);
#17322 = SURFACE_SIDE_STYLE('',(#17323));
#17323 = SURFACE_STYLE_FILL_AREA(#17324);
#17324 = FILL_AREA_STYLE('',(#17325));
#17325 = FILL_AREA_STYLE_COLOUR('',#16719);
#17326 = CURVE_STYLE('',#17327,POSITIVE_LENGTH_MEASURE(0.1),#16719);
#17327 = DRAUGHTING_PRE_DEFINED_CURVE_FONT('continuous');
#17328 = STYLED_ITEM('color',(#17329),#6059);
#17329 = PRESENTATION_STYLE_ASSIGNMENT((#17330,#17335));
#17330 = SURFACE_STYLE_USAGE(.BOTH.,#17331);
#17331 = SURFACE_SIDE_STYLE('',(#17332));
#17332 = SURFACE_STYLE_FILL_AREA(#17333);
#17333 = FILL_AREA_STYLE('',(#17334));
#17334 = FILL_AREA_STYLE_COLOUR('',#16755);
#17335 = CURVE_STYLE('',#17336,POSITIVE_LENGTH_MEASURE(0.1),#16755);
#17336 = DRAUGHTING_PRE_DEFINED_CURVE_FONT('continuous');
#17337 = STYLED_ITEM('color',(#17338),#6109);
#17338 = PRESENTATION_STYLE_ASSIGNMENT((#17339,#17344));
#17339 = SURFACE_STYLE_USAGE(.BOTH.,#17340);
#17340 = SURFACE_SIDE_STYLE('',(#17341));
#17341 = SURFACE_STYLE_FILL_AREA(#17342);
#17342 = FILL_AREA_STYLE('',(#17343));
#17343 = FILL_AREA_STYLE_COLOUR('',#16719);
#17344 = CURVE_STYLE('',#17345,POSITIVE_LENGTH_MEASURE(0.1),#16719);
#17345 = DRAUGHTING_PRE_DEFINED_CURVE_FONT('continuous');
#17346 = STYLED_ITEM('color',(#17347),#6126);
#17347 = PRESENTATION_STYLE_ASSIGNMENT((#17348,#17353));
#17348 = SURFACE_STYLE_USAGE(.BOTH.,#17349);
#17349 = SURFACE_SIDE_STYLE('',(#17350));
#17350 = SURFACE_STYLE_FILL_AREA(#17351);
#17351 = FILL_AREA_STYLE('',(#17352));
#17352 = FILL_AREA_STYLE_COLOUR('',#16719);
#17353 = CURVE_STYLE('',#17354,POSITIVE_LENGTH_MEASURE(0.1),#16719);
#17354 = DRAUGHTING_PRE_DEFINED_CURVE_FONT('continuous');
#17355 = STYLED_ITEM('color',(#17356),#6143);
#17356 = PRESENTATION_STYLE_ASSIGNMENT((#17357,#17362));
#17357 = SURFACE_STYLE_USAGE(.BOTH.,#17358);
#17358 = SURFACE_SIDE_STYLE('',(#17359));
#17359 = SURFACE_STYLE_FILL_AREA(#17360);
#17360 = FILL_AREA_STYLE('',(#17361));
#17361 = FILL_AREA_STYLE_COLOUR('',#16719);
#17362 = CURVE_STYLE('',#17363,POSITIVE_LENGTH_MEASURE(0.1),#16719);
#17363 = DRAUGHTING_PRE_DEFINED_CURVE_FONT('continuous');
#17364 = STYLED_ITEM('color',(#17365),#6160);
#17365 = PRESENTATION_STYLE_ASSIGNMENT((#17366,#17371));
#17366 = SURFACE_STYLE_USAGE(.BOTH.,#17367);
#17367 = SURFACE_SIDE_STYLE('',(#17368));
#17368 = SURFACE_STYLE_FILL_AREA(#17369);
#17369 = FILL_AREA_STYLE('',(#17370));
#17370 = FILL_AREA_STYLE_COLOUR('',#16719);
#17371 = CURVE_STYLE('',#17372,POSITIVE_LENGTH_MEASURE(0.1),#16719);
#17372 = DRAUGHTING_PRE_DEFINED_CURVE_FONT('continuous');
#17373 = STYLED_ITEM('color',(#17374),#6177);
#17374 = PRESENTATION_STYLE_ASSIGNMENT((#17375,#17380));
#17375 = SURFACE_STYLE_USAGE(.BOTH.,#17376);
#17376 = SURFACE_SIDE_STYLE('',(#17377));
#17377 = SURFACE_STYLE_FILL_AREA(#17378);
#17378 = FILL_AREA_STYLE('',(#17379));
#17379 = FILL_AREA_STYLE_COLOUR('',#16719);
#17380 = CURVE_STYLE('',#17381,POSITIVE_LENGTH_MEASURE(0.1),#16719);
#17381 = DRAUGHTING_PRE_DEFINED_CURVE_FONT('continuous');
#17382 = STYLED_ITEM('color',(#17383),#6194);
#17383 = PRESENTATION_STYLE_ASSIGNMENT((#17384,#17389));
#17384 = SURFACE_STYLE_USAGE(.BOTH.,#17385);
#17385 = SURFACE_SIDE_STYLE('',(#17386));
#17386 = SURFACE_STYLE_FILL_AREA(#17387);
#17387 = FILL_AREA_STYLE('',(#17388));
#17388 = FILL_AREA_STYLE_COLOUR('',#16719);
#17389 = CURVE_STYLE('',#17390,POSITIVE_LENGTH_MEASURE(0.1),#16719);
#17390 = DRAUGHTING_PRE_DEFINED_CURVE_FONT('continuous');
#17391 = STYLED_ITEM('color',(#17392),#6206);
#17392 = PRESENTATION_STYLE_ASSIGNMENT((#17393,#17398));
#17393 = SURFACE_STYLE_USAGE(.BOTH.,#17394);
#17394 = SURFACE_SIDE_STYLE('',(#17395));
#17395 = SURFACE_STYLE_FILL_AREA(#17396);
#17396 = FILL_AREA_STYLE('',(#17397));
#17397 = FILL_AREA_STYLE_COLOUR('',#16847);
#17398 = CURVE_STYLE('',#17399,POSITIVE_LENGTH_MEASURE(0.1),#16847);
#17399 = DRAUGHTING_PRE_DEFINED_CURVE_FONT('continuous');
#17400 = STYLED_ITEM('color',(#17401),#6237);
#17401 = PRESENTATION_STYLE_ASSIGNMENT((#17402,#17407));
#17402 = SURFACE_STYLE_USAGE(.BOTH.,#17403);
#17403 = SURFACE_SIDE_STYLE('',(#17404));
#17404 = SURFACE_STYLE_FILL_AREA(#17405);
#17405 = FILL_AREA_STYLE('',(#17406));
#17406 = FILL_AREA_STYLE_COLOUR('',#16847);
#17407 = CURVE_STYLE('',#17408,POSITIVE_LENGTH_MEASURE(0.1),#16847);
#17408 = DRAUGHTING_PRE_DEFINED_CURVE_FONT('continuous');
#17409 = STYLED_ITEM('color',(#17410),#6261);
#17410 = PRESENTATION_STYLE_ASSIGNMENT((#17411,#17416));
#17411 = SURFACE_STYLE_USAGE(.BOTH.,#17412);
#17412 = SURFACE_SIDE_STYLE('',(#17413));
#17413 = SURFACE_STYLE_FILL_AREA(#17414);
#17414 = FILL_AREA_STYLE('',(#17415));
#17415 = FILL_AREA_STYLE_COLOUR('',#16847);
#17416 = CURVE_STYLE('',#17417,POSITIVE_LENGTH_MEASURE(0.1),#16847);
#17417 = DRAUGHTING_PRE_DEFINED_CURVE_FONT('continuous');
#17418 = STYLED_ITEM('color',(#17419),#6285);
#17419 = PRESENTATION_STYLE_ASSIGNMENT((#17420,#17425));
#17420 = SURFACE_STYLE_USAGE(.BOTH.,#17421);
#17421 = SURFACE_SIDE_STYLE('',(#17422));
#17422 = SURFACE_STYLE_FILL_AREA(#17423);
#17423 = FILL_AREA_STYLE('',(#17424));
#17424 = FILL_AREA_STYLE_COLOUR('',#16847);
#17425 = CURVE_STYLE('',#17426,POSITIVE_LENGTH_MEASURE(0.1),#16847);
#17426 = DRAUGHTING_PRE_DEFINED_CURVE_FONT('continuous');
#17427 = STYLED_ITEM('color',(#17428),#6302);
#17428 = PRESENTATION_STYLE_ASSIGNMENT((#17429,#17434));
#17429 = SURFACE_STYLE_USAGE(.BOTH.,#17430);
#17430 = SURFACE_SIDE_STYLE('',(#17431));
#17431 = SURFACE_STYLE_FILL_AREA(#17432);
#17432 = FILL_AREA_STYLE('',(#17433));
#17433 = FILL_AREA_STYLE_COLOUR('',#16847);
#17434 = CURVE_STYLE('',#17435,POSITIVE_LENGTH_MEASURE(0.1),#16847);
#17435 = DRAUGHTING_PRE_DEFINED_CURVE_FONT('continuous');
#17436 = MECHANICAL_DESIGN_GEOMETRIC_PRESENTATION_REPRESENTATION('',(
    #17437,#17444,#17451,#17458,#17465,#17472,#17479,#17486,#17493,
    #17500,#17507,#17514,#17521,#17528,#17535,#17542,#17549,#17556,
    #17563,#17570,#17577,#17584,#17591,#17598,#17605,#17612,#17619,
    #17626,#17633,#17640,#17647,#17654,#17661,#17668,#17675,#17682,
    #17689,#17696,#17703,#17710,#17717,#17724,#17731,#17738,#17745,
    #17752,#17759,#17766,#17773,#17780,#17787,#17794,#17801,#17808,
    #17815,#17822,#17829,#17836,#17843,#17850,#17857,#17864,#17871,
    #17878,#17885,#17892,#17899,#17906,#17913,#17920,#17927,#17934,
    #17941,#17948,#17955,#17962,#17969,#17976,#17983,#17990,#17997,
    #18004,#18011,#18018,#18025,#18032,#18039,#18046,#18053,#18060,
    #18067,#18074,#18081,#18088,#18095,#18102,#18109,#18116,#18123,
    #18130,#18137,#18144,#18151,#18158,#18165,#18172,#18179,#18186,
    #18193,#18200,#18207,#18214,#18221,#18228,#18235,#18242,#18249,
    #18256,#18263,#18270,#18277,#18284,#18291,#18298,#18305,#18312,
    #18319,#18326,#18333,#18340,#18347,#18354,#18361,#18368,#18375,
    #18382,#18389,#18396,#18403,#18410,#18417,#18424,#18431,#18438,
    #18445,#18452,#18459,#18466,#18473,#18480,#18487,#18494,#18501,
    #18508,#18515,#18522,#18529,#18536,#18543,#18550,#18557,#18564,
    #18571,#18578,#18585,#18592,#18599,#18606,#18613,#18620,#18627,
    #18634,#18641,#18648,#18655,#18662,#18669,#18676,#18683,#18690,
    #18697,#18704,#18711,#18718,#18725,#18732,#18739,#18746,#18753,
    #18760,#18767,#18774,#18781,#18788,#18795,#18802,#18809,#18816,
    #18823,#18830,#18837,#18844,#18851,#18858,#18865,#18872),#14331);
#17437 = STYLED_ITEM('color',(#17438),#8013);
#17438 = PRESENTATION_STYLE_ASSIGNMENT((#17439));
#17439 = SURFACE_STYLE_USAGE(.BOTH.,#17440);
#17440 = SURFACE_SIDE_STYLE('',(#17441));
#17441 = SURFACE_STYLE_FILL_AREA(#17442);
#17442 = FILL_AREA_STYLE('',(#17443));
#17443 = FILL_AREA_STYLE_COLOUR('',#15673);
#17444 = STYLED_ITEM('color',(#17445),#8053);
#17445 = PRESENTATION_STYLE_ASSIGNMENT((#17446));
#17446 = SURFACE_STYLE_USAGE(.BOTH.,#17447);
#17447 = SURFACE_SIDE_STYLE('',(#17448));
#17448 = SURFACE_STYLE_FILL_AREA(#17449);
#17449 = FILL_AREA_STYLE('',(#17450));
#17450 = FILL_AREA_STYLE_COLOUR('',#15673);
#17451 = STYLED_ITEM('color',(#17452),#8133);
#17452 = PRESENTATION_STYLE_ASSIGNMENT((#17453));
#17453 = SURFACE_STYLE_USAGE(.BOTH.,#17454);
#17454 = SURFACE_SIDE_STYLE('',(#17455));
#17455 = SURFACE_STYLE_FILL_AREA(#17456);
#17456 = FILL_AREA_STYLE('',(#17457));
#17457 = FILL_AREA_STYLE_COLOUR('',#15673);
#17458 = STYLED_ITEM('color',(#17459),#8221);
#17459 = PRESENTATION_STYLE_ASSIGNMENT((#17460));
#17460 = SURFACE_STYLE_USAGE(.BOTH.,#17461);
#17461 = SURFACE_SIDE_STYLE('',(#17462));
#17462 = SURFACE_STYLE_FILL_AREA(#17463);
#17463 = FILL_AREA_STYLE('',(#17464));
#17464 = FILL_AREA_STYLE_COLOUR('',#15673);
#17465 = STYLED_ITEM('color',(#17466),#8278);
#17466 = PRESENTATION_STYLE_ASSIGNMENT((#17467));
#17467 = SURFACE_STYLE_USAGE(.BOTH.,#17468);
#17468 = SURFACE_SIDE_STYLE('',(#17469));
#17469 = SURFACE_STYLE_FILL_AREA(#17470);
#17470 = FILL_AREA_STYLE('',(#17471));
#17471 = FILL_AREA_STYLE_COLOUR('',#15673);
#17472 = STYLED_ITEM('color',(#17473),#8295);
#17473 = PRESENTATION_STYLE_ASSIGNMENT((#17474));
#17474 = SURFACE_STYLE_USAGE(.BOTH.,#17475);
#17475 = SURFACE_SIDE_STYLE('',(#17476));
#17476 = SURFACE_STYLE_FILL_AREA(#17477);
#17477 = FILL_AREA_STYLE('',(#17478));
#17478 = FILL_AREA_STYLE_COLOUR('',#15673);
#17479 = STYLED_ITEM('color',(#17480),#8319);
#17480 = PRESENTATION_STYLE_ASSIGNMENT((#17481));
#17481 = SURFACE_STYLE_USAGE(.BOTH.,#17482);
#17482 = SURFACE_SIDE_STYLE('',(#17483));
#17483 = SURFACE_STYLE_FILL_AREA(#17484);
#17484 = FILL_AREA_STYLE('',(#17485));
#17485 = FILL_AREA_STYLE_COLOUR('',#15673);
#17486 = STYLED_ITEM('color',(#17487),#8343);
#17487 = PRESENTATION_STYLE_ASSIGNMENT((#17488));
#17488 = SURFACE_STYLE_USAGE(.BOTH.,#17489);
#17489 = SURFACE_SIDE_STYLE('',(#17490));
#17490 = SURFACE_STYLE_FILL_AREA(#17491);
#17491 = FILL_AREA_STYLE('',(#17492));
#17492 = FILL_AREA_STYLE_COLOUR('',#15673);
#17493 = STYLED_ITEM('color',(#17494),#8367);
#17494 = PRESENTATION_STYLE_ASSIGNMENT((#17495));
#17495 = SURFACE_STYLE_USAGE(.BOTH.,#17496);
#17496 = SURFACE_SIDE_STYLE('',(#17497));
#17497 = SURFACE_STYLE_FILL_AREA(#17498);
#17498 = FILL_AREA_STYLE('',(#17499));
#17499 = FILL_AREA_STYLE_COLOUR('',#15673);
#17500 = STYLED_ITEM('color',(#17501),#8423);
#17501 = PRESENTATION_STYLE_ASSIGNMENT((#17502));
#17502 = SURFACE_STYLE_USAGE(.BOTH.,#17503);
#17503 = SURFACE_SIDE_STYLE('',(#17504));
#17504 = SURFACE_STYLE_FILL_AREA(#17505);
#17505 = FILL_AREA_STYLE('',(#17506));
#17506 = FILL_AREA_STYLE_COLOUR('',#15673);
#17507 = STYLED_ITEM('color',(#17508),#8655);
#17508 = PRESENTATION_STYLE_ASSIGNMENT((#17509));
#17509 = SURFACE_STYLE_USAGE(.BOTH.,#17510);
#17510 = SURFACE_SIDE_STYLE('',(#17511));
#17511 = SURFACE_STYLE_FILL_AREA(#17512);
#17512 = FILL_AREA_STYLE('',(#17513));
#17513 = FILL_AREA_STYLE_COLOUR('',#15673);
#17514 = STYLED_ITEM('color',(#17515),#8686);
#17515 = PRESENTATION_STYLE_ASSIGNMENT((#17516));
#17516 = SURFACE_STYLE_USAGE(.BOTH.,#17517);
#17517 = SURFACE_SIDE_STYLE('',(#17518));
#17518 = SURFACE_STYLE_FILL_AREA(#17519);
#17519 = FILL_AREA_STYLE('',(#17520));
#17520 = FILL_AREA_STYLE_COLOUR('',#15673);
#17521 = STYLED_ITEM('color',(#17522),#8698);
#17522 = PRESENTATION_STYLE_ASSIGNMENT((#17523));
#17523 = SURFACE_STYLE_USAGE(.BOTH.,#17524);
#17524 = SURFACE_SIDE_STYLE('',(#17525));
#17525 = SURFACE_STYLE_FILL_AREA(#17526);
#17526 = FILL_AREA_STYLE('',(#17527));
#17527 = FILL_AREA_STYLE_COLOUR('',#15673);
#17528 = STYLED_ITEM('color',(#17529),#8880);
#17529 = PRESENTATION_STYLE_ASSIGNMENT((#17530));
#17530 = SURFACE_STYLE_USAGE(.BOTH.,#17531);
#17531 = SURFACE_SIDE_STYLE('',(#17532));
#17532 = SURFACE_STYLE_FILL_AREA(#17533);
#17533 = FILL_AREA_STYLE('',(#17534));
#17534 = FILL_AREA_STYLE_COLOUR('',#15673);
#17535 = STYLED_ITEM('color',(#17536),#8894);
#17536 = PRESENTATION_STYLE_ASSIGNMENT((#17537));
#17537 = SURFACE_STYLE_USAGE(.BOTH.,#17538);
#17538 = SURFACE_SIDE_STYLE('',(#17539));
#17539 = SURFACE_STYLE_FILL_AREA(#17540);
#17540 = FILL_AREA_STYLE('',(#17541));
#17541 = FILL_AREA_STYLE_COLOUR('',#15673);
#17542 = STYLED_ITEM('color',(#17543),#9046);
#17543 = PRESENTATION_STYLE_ASSIGNMENT((#17544));
#17544 = SURFACE_STYLE_USAGE(.BOTH.,#17545);
#17545 = SURFACE_SIDE_STYLE('',(#17546));
#17546 = SURFACE_STYLE_FILL_AREA(#17547);
#17547 = FILL_AREA_STYLE('',(#17548));
#17548 = FILL_AREA_STYLE_COLOUR('',#15673);
#17549 = STYLED_ITEM('color',(#17550),#9103);
#17550 = PRESENTATION_STYLE_ASSIGNMENT((#17551));
#17551 = SURFACE_STYLE_USAGE(.BOTH.,#17552);
#17552 = SURFACE_SIDE_STYLE('',(#17553));
#17553 = SURFACE_STYLE_FILL_AREA(#17554);
#17554 = FILL_AREA_STYLE('',(#17555));
#17555 = FILL_AREA_STYLE_COLOUR('',#15673);
#17556 = STYLED_ITEM('color',(#17557),#9127);
#17557 = PRESENTATION_STYLE_ASSIGNMENT((#17558));
#17558 = SURFACE_STYLE_USAGE(.BOTH.,#17559);
#17559 = SURFACE_SIDE_STYLE('',(#17560));
#17560 = SURFACE_STYLE_FILL_AREA(#17561);
#17561 = FILL_AREA_STYLE('',(#17562));
#17562 = FILL_AREA_STYLE_COLOUR('',#15673);
#17563 = STYLED_ITEM('color',(#17564),#9200);
#17564 = PRESENTATION_STYLE_ASSIGNMENT((#17565));
#17565 = SURFACE_STYLE_USAGE(.BOTH.,#17566);
#17566 = SURFACE_SIDE_STYLE('',(#17567));
#17567 = SURFACE_STYLE_FILL_AREA(#17568);
#17568 = FILL_AREA_STYLE('',(#17569));
#17569 = FILL_AREA_STYLE_COLOUR('',#15673);
#17570 = STYLED_ITEM('color',(#17571),#9224);
#17571 = PRESENTATION_STYLE_ASSIGNMENT((#17572));
#17572 = SURFACE_STYLE_USAGE(.BOTH.,#17573);
#17573 = SURFACE_SIDE_STYLE('',(#17574));
#17574 = SURFACE_STYLE_FILL_AREA(#17575);
#17575 = FILL_AREA_STYLE('',(#17576));
#17576 = FILL_AREA_STYLE_COLOUR('',#15673);
#17577 = STYLED_ITEM('color',(#17578),#9257);
#17578 = PRESENTATION_STYLE_ASSIGNMENT((#17579));
#17579 = SURFACE_STYLE_USAGE(.BOTH.,#17580);
#17580 = SURFACE_SIDE_STYLE('',(#17581));
#17581 = SURFACE_STYLE_FILL_AREA(#17582);
#17582 = FILL_AREA_STYLE('',(#17583));
#17583 = FILL_AREA_STYLE_COLOUR('',#15673);
#17584 = STYLED_ITEM('color',(#17585),#9368);
#17585 = PRESENTATION_STYLE_ASSIGNMENT((#17586));
#17586 = SURFACE_STYLE_USAGE(.BOTH.,#17587);
#17587 = SURFACE_SIDE_STYLE('',(#17588));
#17588 = SURFACE_STYLE_FILL_AREA(#17589);
#17589 = FILL_AREA_STYLE('',(#17590));
#17590 = FILL_AREA_STYLE_COLOUR('',#15673);
#17591 = STYLED_ITEM('color',(#17592),#9656);
#17592 = PRESENTATION_STYLE_ASSIGNMENT((#17593));
#17593 = SURFACE_STYLE_USAGE(.BOTH.,#17594);
#17594 = SURFACE_SIDE_STYLE('',(#17595));
#17595 = SURFACE_STYLE_FILL_AREA(#17596);
#17596 = FILL_AREA_STYLE('',(#17597));
#17597 = FILL_AREA_STYLE_COLOUR('',#15673);
#17598 = STYLED_ITEM('color',(#17599),#9696);
#17599 = PRESENTATION_STYLE_ASSIGNMENT((#17600));
#17600 = SURFACE_STYLE_USAGE(.BOTH.,#17601);
#17601 = SURFACE_SIDE_STYLE('',(#17602));
#17602 = SURFACE_STYLE_FILL_AREA(#17603);
#17603 = FILL_AREA_STYLE('',(#17604));
#17604 = FILL_AREA_STYLE_COLOUR('',#15673);
#17605 = STYLED_ITEM('color',(#17606),#9727);
#17606 = PRESENTATION_STYLE_ASSIGNMENT((#17607));
#17607 = SURFACE_STYLE_USAGE(.BOTH.,#17608);
#17608 = SURFACE_SIDE_STYLE('',(#17609));
#17609 = SURFACE_STYLE_FILL_AREA(#17610);
#17610 = FILL_AREA_STYLE('',(#17611));
#17611 = FILL_AREA_STYLE_COLOUR('',#15673);
#17612 = STYLED_ITEM('color',(#17613),#9745);
#17613 = PRESENTATION_STYLE_ASSIGNMENT((#17614));
#17614 = SURFACE_STYLE_USAGE(.BOTH.,#17615);
#17615 = SURFACE_SIDE_STYLE('',(#17616));
#17616 = SURFACE_STYLE_FILL_AREA(#17617);
#17617 = FILL_AREA_STYLE('',(#17618));
#17618 = FILL_AREA_STYLE_COLOUR('',#15673);
#17619 = STYLED_ITEM('color',(#17620),#9762);
#17620 = PRESENTATION_STYLE_ASSIGNMENT((#17621));
#17621 = SURFACE_STYLE_USAGE(.BOTH.,#17622);
#17622 = SURFACE_SIDE_STYLE('',(#17623));
#17623 = SURFACE_STYLE_FILL_AREA(#17624);
#17624 = FILL_AREA_STYLE('',(#17625));
#17625 = FILL_AREA_STYLE_COLOUR('',#15673);
#17626 = STYLED_ITEM('color',(#17627),#9780);
#17627 = PRESENTATION_STYLE_ASSIGNMENT((#17628));
#17628 = SURFACE_STYLE_USAGE(.BOTH.,#17629);
#17629 = SURFACE_SIDE_STYLE('',(#17630));
#17630 = SURFACE_STYLE_FILL_AREA(#17631);
#17631 = FILL_AREA_STYLE('',(#17632));
#17632 = FILL_AREA_STYLE_COLOUR('',#15673);
#17633 = STYLED_ITEM('color',(#17634),#9806);
#17634 = PRESENTATION_STYLE_ASSIGNMENT((#17635));
#17635 = SURFACE_STYLE_USAGE(.BOTH.,#17636);
#17636 = SURFACE_SIDE_STYLE('',(#17637));
#17637 = SURFACE_STYLE_FILL_AREA(#17638);
#17638 = FILL_AREA_STYLE('',(#17639));
#17639 = FILL_AREA_STYLE_COLOUR('',#15673);
#17640 = STYLED_ITEM('color',(#17641),#9837);
#17641 = PRESENTATION_STYLE_ASSIGNMENT((#17642));
#17642 = SURFACE_STYLE_USAGE(.BOTH.,#17643);
#17643 = SURFACE_SIDE_STYLE('',(#17644));
#17644 = SURFACE_STYLE_FILL_AREA(#17645);
#17645 = FILL_AREA_STYLE('',(#17646));
#17646 = FILL_AREA_STYLE_COLOUR('',#15673);
#17647 = STYLED_ITEM('color',(#17648),#9854);
#17648 = PRESENTATION_STYLE_ASSIGNMENT((#17649));
#17649 = SURFACE_STYLE_USAGE(.BOTH.,#17650);
#17650 = SURFACE_SIDE_STYLE('',(#17651));
#17651 = SURFACE_STYLE_FILL_AREA(#17652);
#17652 = FILL_AREA_STYLE('',(#17653));
#17653 = FILL_AREA_STYLE_COLOUR('',#15673);
#17654 = STYLED_ITEM('color',(#17655),#9887);
#17655 = PRESENTATION_STYLE_ASSIGNMENT((#17656));
#17656 = SURFACE_STYLE_USAGE(.BOTH.,#17657);
#17657 = SURFACE_SIDE_STYLE('',(#17658));
#17658 = SURFACE_STYLE_FILL_AREA(#17659);
#17659 = FILL_AREA_STYLE('',(#17660));
#17660 = FILL_AREA_STYLE_COLOUR('',#15673);
#17661 = STYLED_ITEM('color',(#17662),#9911);
#17662 = PRESENTATION_STYLE_ASSIGNMENT((#17663));
#17663 = SURFACE_STYLE_USAGE(.BOTH.,#17664);
#17664 = SURFACE_SIDE_STYLE('',(#17665));
#17665 = SURFACE_STYLE_FILL_AREA(#17666);
#17666 = FILL_AREA_STYLE('',(#17667));
#17667 = FILL_AREA_STYLE_COLOUR('',#15673);
#17668 = STYLED_ITEM('color',(#17669),#9942);
#17669 = PRESENTATION_STYLE_ASSIGNMENT((#17670));
#17670 = SURFACE_STYLE_USAGE(.BOTH.,#17671);
#17671 = SURFACE_SIDE_STYLE('',(#17672));
#17672 = SURFACE_STYLE_FILL_AREA(#17673);
#17673 = FILL_AREA_STYLE('',(#17674));
#17674 = FILL_AREA_STYLE_COLOUR('',#15673);
#17675 = STYLED_ITEM('color',(#17676),#9959);
#17676 = PRESENTATION_STYLE_ASSIGNMENT((#17677));
#17677 = SURFACE_STYLE_USAGE(.BOTH.,#17678);
#17678 = SURFACE_SIDE_STYLE('',(#17679));
#17679 = SURFACE_STYLE_FILL_AREA(#17680);
#17680 = FILL_AREA_STYLE('',(#17681));
#17681 = FILL_AREA_STYLE_COLOUR('',#15673);
#17682 = STYLED_ITEM('color',(#17683),#9992);
#17683 = PRESENTATION_STYLE_ASSIGNMENT((#17684));
#17684 = SURFACE_STYLE_USAGE(.BOTH.,#17685);
#17685 = SURFACE_SIDE_STYLE('',(#17686));
#17686 = SURFACE_STYLE_FILL_AREA(#17687);
#17687 = FILL_AREA_STYLE('',(#17688));
#17688 = FILL_AREA_STYLE_COLOUR('',#15673);
#17689 = STYLED_ITEM('color',(#17690),#10016);
#17690 = PRESENTATION_STYLE_ASSIGNMENT((#17691));
#17691 = SURFACE_STYLE_USAGE(.BOTH.,#17692);
#17692 = SURFACE_SIDE_STYLE('',(#17693));
#17693 = SURFACE_STYLE_FILL_AREA(#17694);
#17694 = FILL_AREA_STYLE('',(#17695));
#17695 = FILL_AREA_STYLE_COLOUR('',#15673);
#17696 = STYLED_ITEM('color',(#17697),#10047);
#17697 = PRESENTATION_STYLE_ASSIGNMENT((#17698));
#17698 = SURFACE_STYLE_USAGE(.BOTH.,#17699);
#17699 = SURFACE_SIDE_STYLE('',(#17700));
#17700 = SURFACE_STYLE_FILL_AREA(#17701);
#17701 = FILL_AREA_STYLE('',(#17702));
#17702 = FILL_AREA_STYLE_COLOUR('',#15673);
#17703 = STYLED_ITEM('color',(#17704),#10064);
#17704 = PRESENTATION_STYLE_ASSIGNMENT((#17705));
#17705 = SURFACE_STYLE_USAGE(.BOTH.,#17706);
#17706 = SURFACE_SIDE_STYLE('',(#17707));
#17707 = SURFACE_STYLE_FILL_AREA(#17708);
#17708 = FILL_AREA_STYLE('',(#17709));
#17709 = FILL_AREA_STYLE_COLOUR('',#15673);
#17710 = STYLED_ITEM('color',(#17711),#10097);
#17711 = PRESENTATION_STYLE_ASSIGNMENT((#17712));
#17712 = SURFACE_STYLE_USAGE(.BOTH.,#17713);
#17713 = SURFACE_SIDE_STYLE('',(#17714));
#17714 = SURFACE_STYLE_FILL_AREA(#17715);
#17715 = FILL_AREA_STYLE('',(#17716));
#17716 = FILL_AREA_STYLE_COLOUR('',#15673);
#17717 = STYLED_ITEM('color',(#17718),#10121);
#17718 = PRESENTATION_STYLE_ASSIGNMENT((#17719));
#17719 = SURFACE_STYLE_USAGE(.BOTH.,#17720);
#17720 = SURFACE_SIDE_STYLE('',(#17721));
#17721 = SURFACE_STYLE_FILL_AREA(#17722);
#17722 = FILL_AREA_STYLE('',(#17723));
#17723 = FILL_AREA_STYLE_COLOUR('',#15673);
#17724 = STYLED_ITEM('color',(#17725),#10152);
#17725 = PRESENTATION_STYLE_ASSIGNMENT((#17726));
#17726 = SURFACE_STYLE_USAGE(.BOTH.,#17727);
#17727 = SURFACE_SIDE_STYLE('',(#17728));
#17728 = SURFACE_STYLE_FILL_AREA(#17729);
#17729 = FILL_AREA_STYLE('',(#17730));
#17730 = FILL_AREA_STYLE_COLOUR('',#15673);
#17731 = STYLED_ITEM('color',(#17732),#10169);
#17732 = PRESENTATION_STYLE_ASSIGNMENT((#17733));
#17733 = SURFACE_STYLE_USAGE(.BOTH.,#17734);
#17734 = SURFACE_SIDE_STYLE('',(#17735));
#17735 = SURFACE_STYLE_FILL_AREA(#17736);
#17736 = FILL_AREA_STYLE('',(#17737));
#17737 = FILL_AREA_STYLE_COLOUR('',#15673);
#17738 = STYLED_ITEM('color',(#17739),#10202);
#17739 = PRESENTATION_STYLE_ASSIGNMENT((#17740));
#17740 = SURFACE_STYLE_USAGE(.BOTH.,#17741);
#17741 = SURFACE_SIDE_STYLE('',(#17742));
#17742 = SURFACE_STYLE_FILL_AREA(#17743);
#17743 = FILL_AREA_STYLE('',(#17744));
#17744 = FILL_AREA_STYLE_COLOUR('',#15673);
#17745 = STYLED_ITEM('color',(#17746),#10242);
#17746 = PRESENTATION_STYLE_ASSIGNMENT((#17747));
#17747 = SURFACE_STYLE_USAGE(.BOTH.,#17748);
#17748 = SURFACE_SIDE_STYLE('',(#17749));
#17749 = SURFACE_STYLE_FILL_AREA(#17750);
#17750 = FILL_AREA_STYLE('',(#17751));
#17751 = FILL_AREA_STYLE_COLOUR('',#15673);
#17752 = STYLED_ITEM('color',(#17753),#10265);
#17753 = PRESENTATION_STYLE_ASSIGNMENT((#17754));
#17754 = SURFACE_STYLE_USAGE(.BOTH.,#17755);
#17755 = SURFACE_SIDE_STYLE('',(#17756));
#17756 = SURFACE_STYLE_FILL_AREA(#17757);
#17757 = FILL_AREA_STYLE('',(#17758));
#17758 = FILL_AREA_STYLE_COLOUR('',#15673);
#17759 = STYLED_ITEM('color',(#17760),#10314);
#17760 = PRESENTATION_STYLE_ASSIGNMENT((#17761));
#17761 = SURFACE_STYLE_USAGE(.BOTH.,#17762);
#17762 = SURFACE_SIDE_STYLE('',(#17763));
#17763 = SURFACE_STYLE_FILL_AREA(#17764);
#17764 = FILL_AREA_STYLE('',(#17765));
#17765 = FILL_AREA_STYLE_COLOUR('',#15673);
#17766 = STYLED_ITEM('color',(#17767),#10338);
#17767 = PRESENTATION_STYLE_ASSIGNMENT((#17768));
#17768 = SURFACE_STYLE_USAGE(.BOTH.,#17769);
#17769 = SURFACE_SIDE_STYLE('',(#17770));
#17770 = SURFACE_STYLE_FILL_AREA(#17771);
#17771 = FILL_AREA_STYLE('',(#17772));
#17772 = FILL_AREA_STYLE_COLOUR('',#15673);
#17773 = STYLED_ITEM('color',(#17774),#10385);
#17774 = PRESENTATION_STYLE_ASSIGNMENT((#17775));
#17775 = SURFACE_STYLE_USAGE(.BOTH.,#17776);
#17776 = SURFACE_SIDE_STYLE('',(#17777));
#17777 = SURFACE_STYLE_FILL_AREA(#17778);
#17778 = FILL_AREA_STYLE('',(#17779));
#17779 = FILL_AREA_STYLE_COLOUR('',#15673);
#17780 = STYLED_ITEM('color',(#17781),#10402);
#17781 = PRESENTATION_STYLE_ASSIGNMENT((#17782));
#17782 = SURFACE_STYLE_USAGE(.BOTH.,#17783);
#17783 = SURFACE_SIDE_STYLE('',(#17784));
#17784 = SURFACE_STYLE_FILL_AREA(#17785);
#17785 = FILL_AREA_STYLE('',(#17786));
#17786 = FILL_AREA_STYLE_COLOUR('',#15673);
#17787 = STYLED_ITEM('color',(#17788),#10419);
#17788 = PRESENTATION_STYLE_ASSIGNMENT((#17789));
#17789 = SURFACE_STYLE_USAGE(.BOTH.,#17790);
#17790 = SURFACE_SIDE_STYLE('',(#17791));
#17791 = SURFACE_STYLE_FILL_AREA(#17792);
#17792 = FILL_AREA_STYLE('',(#17793));
#17793 = FILL_AREA_STYLE_COLOUR('',#15673);
#17794 = STYLED_ITEM('color',(#17795),#10431);
#17795 = PRESENTATION_STYLE_ASSIGNMENT((#17796));
#17796 = SURFACE_STYLE_USAGE(.BOTH.,#17797);
#17797 = SURFACE_SIDE_STYLE('',(#17798));
#17798 = SURFACE_STYLE_FILL_AREA(#17799);
#17799 = FILL_AREA_STYLE('',(#17800));
#17800 = FILL_AREA_STYLE_COLOUR('',#15673);
#17801 = STYLED_ITEM('color',(#17802),#10478);
#17802 = PRESENTATION_STYLE_ASSIGNMENT((#17803));
#17803 = SURFACE_STYLE_USAGE(.BOTH.,#17804);
#17804 = SURFACE_SIDE_STYLE('',(#17805));
#17805 = SURFACE_STYLE_FILL_AREA(#17806);
#17806 = FILL_AREA_STYLE('',(#17807));
#17807 = FILL_AREA_STYLE_COLOUR('',#15673);
#17808 = STYLED_ITEM('color',(#17809),#10509);
#17809 = PRESENTATION_STYLE_ASSIGNMENT((#17810));
#17810 = SURFACE_STYLE_USAGE(.BOTH.,#17811);
#17811 = SURFACE_SIDE_STYLE('',(#17812));
#17812 = SURFACE_STYLE_FILL_AREA(#17813);
#17813 = FILL_AREA_STYLE('',(#17814));
#17814 = FILL_AREA_STYLE_COLOUR('',#15673);
#17815 = STYLED_ITEM('color',(#17816),#10526);
#17816 = PRESENTATION_STYLE_ASSIGNMENT((#17817));
#17817 = SURFACE_STYLE_USAGE(.BOTH.,#17818);
#17818 = SURFACE_SIDE_STYLE('',(#17819));
#17819 = SURFACE_STYLE_FILL_AREA(#17820);
#17820 = FILL_AREA_STYLE('',(#17821));
#17821 = FILL_AREA_STYLE_COLOUR('',#15673);
#17822 = STYLED_ITEM('color',(#17823),#10543);
#17823 = PRESENTATION_STYLE_ASSIGNMENT((#17824));
#17824 = SURFACE_STYLE_USAGE(.BOTH.,#17825);
#17825 = SURFACE_SIDE_STYLE('',(#17826));
#17826 = SURFACE_STYLE_FILL_AREA(#17827);
#17827 = FILL_AREA_STYLE('',(#17828));
#17828 = FILL_AREA_STYLE_COLOUR('',#15673);
#17829 = STYLED_ITEM('color',(#17830),#10560);
#17830 = PRESENTATION_STYLE_ASSIGNMENT((#17831));
#17831 = SURFACE_STYLE_USAGE(.BOTH.,#17832);
#17832 = SURFACE_SIDE_STYLE('',(#17833));
#17833 = SURFACE_STYLE_FILL_AREA(#17834);
#17834 = FILL_AREA_STYLE('',(#17835));
#17835 = FILL_AREA_STYLE_COLOUR('',#15673);
#17836 = STYLED_ITEM('color',(#17837),#10577);
#17837 = PRESENTATION_STYLE_ASSIGNMENT((#17838));
#17838 = SURFACE_STYLE_USAGE(.BOTH.,#17839);
#17839 = SURFACE_SIDE_STYLE('',(#17840));
#17840 = SURFACE_STYLE_FILL_AREA(#17841);
#17841 = FILL_AREA_STYLE('',(#17842));
#17842 = FILL_AREA_STYLE_COLOUR('',#15673);
#17843 = STYLED_ITEM('color',(#17844),#10594);
#17844 = PRESENTATION_STYLE_ASSIGNMENT((#17845));
#17845 = SURFACE_STYLE_USAGE(.BOTH.,#17846);
#17846 = SURFACE_SIDE_STYLE('',(#17847));
#17847 = SURFACE_STYLE_FILL_AREA(#17848);
#17848 = FILL_AREA_STYLE('',(#17849));
#17849 = FILL_AREA_STYLE_COLOUR('',#15673);
#17850 = STYLED_ITEM('color',(#17851),#10618);
#17851 = PRESENTATION_STYLE_ASSIGNMENT((#17852));
#17852 = SURFACE_STYLE_USAGE(.BOTH.,#17853);
#17853 = SURFACE_SIDE_STYLE('',(#17854));
#17854 = SURFACE_STYLE_FILL_AREA(#17855);
#17855 = FILL_AREA_STYLE('',(#17856));
#17856 = FILL_AREA_STYLE_COLOUR('',#15673);
#17857 = STYLED_ITEM('color',(#17858),#10642);
#17858 = PRESENTATION_STYLE_ASSIGNMENT((#17859));
#17859 = SURFACE_STYLE_USAGE(.BOTH.,#17860);
#17860 = SURFACE_SIDE_STYLE('',(#17861));
#17861 = SURFACE_STYLE_FILL_AREA(#17862);
#17862 = FILL_AREA_STYLE('',(#17863));
#17863 = FILL_AREA_STYLE_COLOUR('',#15673);
#17864 = STYLED_ITEM('color',(#17865),#10659);
#17865 = PRESENTATION_STYLE_ASSIGNMENT((#17866));
#17866 = SURFACE_STYLE_USAGE(.BOTH.,#17867);
#17867 = SURFACE_SIDE_STYLE('',(#17868));
#17868 = SURFACE_STYLE_FILL_AREA(#17869);
#17869 = FILL_AREA_STYLE('',(#17870));
#17870 = FILL_AREA_STYLE_COLOUR('',#15673);
#17871 = STYLED_ITEM('color',(#17872),#10683);
#17872 = PRESENTATION_STYLE_ASSIGNMENT((#17873));
#17873 = SURFACE_STYLE_USAGE(.BOTH.,#17874);
#17874 = SURFACE_SIDE_STYLE('',(#17875));
#17875 = SURFACE_STYLE_FILL_AREA(#17876);
#17876 = FILL_AREA_STYLE('',(#17877));
#17877 = FILL_AREA_STYLE_COLOUR('',#15673);
#17878 = STYLED_ITEM('color',(#17879),#10707);
#17879 = PRESENTATION_STYLE_ASSIGNMENT((#17880));
#17880 = SURFACE_STYLE_USAGE(.BOTH.,#17881);
#17881 = SURFACE_SIDE_STYLE('',(#17882));
#17882 = SURFACE_STYLE_FILL_AREA(#17883);
#17883 = FILL_AREA_STYLE('',(#17884));
#17884 = FILL_AREA_STYLE_COLOUR('',#15673);
#17885 = STYLED_ITEM('color',(#17886),#10724);
#17886 = PRESENTATION_STYLE_ASSIGNMENT((#17887));
#17887 = SURFACE_STYLE_USAGE(.BOTH.,#17888);
#17888 = SURFACE_SIDE_STYLE('',(#17889));
#17889 = SURFACE_STYLE_FILL_AREA(#17890);
#17890 = FILL_AREA_STYLE('',(#17891));
#17891 = FILL_AREA_STYLE_COLOUR('',#15673);
#17892 = STYLED_ITEM('color',(#17893),#10748);
#17893 = PRESENTATION_STYLE_ASSIGNMENT((#17894));
#17894 = SURFACE_STYLE_USAGE(.BOTH.,#17895);
#17895 = SURFACE_SIDE_STYLE('',(#17896));
#17896 = SURFACE_STYLE_FILL_AREA(#17897);
#17897 = FILL_AREA_STYLE('',(#17898));
#17898 = FILL_AREA_STYLE_COLOUR('',#15673);
#17899 = STYLED_ITEM('color',(#17900),#10772);
#17900 = PRESENTATION_STYLE_ASSIGNMENT((#17901));
#17901 = SURFACE_STYLE_USAGE(.BOTH.,#17902);
#17902 = SURFACE_SIDE_STYLE('',(#17903));
#17903 = SURFACE_STYLE_FILL_AREA(#17904);
#17904 = FILL_AREA_STYLE('',(#17905));
#17905 = FILL_AREA_STYLE_COLOUR('',#15673);
#17906 = STYLED_ITEM('color',(#17907),#10789);
#17907 = PRESENTATION_STYLE_ASSIGNMENT((#17908));
#17908 = SURFACE_STYLE_USAGE(.BOTH.,#17909);
#17909 = SURFACE_SIDE_STYLE('',(#17910));
#17910 = SURFACE_STYLE_FILL_AREA(#17911);
#17911 = FILL_AREA_STYLE('',(#17912));
#17912 = FILL_AREA_STYLE_COLOUR('',#15673);
#17913 = STYLED_ITEM('color',(#17914),#10813);
#17914 = PRESENTATION_STYLE_ASSIGNMENT((#17915));
#17915 = SURFACE_STYLE_USAGE(.BOTH.,#17916);
#17916 = SURFACE_SIDE_STYLE('',(#17917));
#17917 = SURFACE_STYLE_FILL_AREA(#17918);
#17918 = FILL_AREA_STYLE('',(#17919));
#17919 = FILL_AREA_STYLE_COLOUR('',#15673);
#17920 = STYLED_ITEM('color',(#17921),#10837);
#17921 = PRESENTATION_STYLE_ASSIGNMENT((#17922));
#17922 = SURFACE_STYLE_USAGE(.BOTH.,#17923);
#17923 = SURFACE_SIDE_STYLE('',(#17924));
#17924 = SURFACE_STYLE_FILL_AREA(#17925);
#17925 = FILL_AREA_STYLE('',(#17926));
#17926 = FILL_AREA_STYLE_COLOUR('',#15673);
#17927 = STYLED_ITEM('color',(#17928),#10854);
#17928 = PRESENTATION_STYLE_ASSIGNMENT((#17929));
#17929 = SURFACE_STYLE_USAGE(.BOTH.,#17930);
#17930 = SURFACE_SIDE_STYLE('',(#17931));
#17931 = SURFACE_STYLE_FILL_AREA(#17932);
#17932 = FILL_AREA_STYLE('',(#17933));
#17933 = FILL_AREA_STYLE_COLOUR('',#15673);
#17934 = STYLED_ITEM('color',(#17935),#10871);
#17935 = PRESENTATION_STYLE_ASSIGNMENT((#17936));
#17936 = SURFACE_STYLE_USAGE(.BOTH.,#17937);
#17937 = SURFACE_SIDE_STYLE('',(#17938));
#17938 = SURFACE_STYLE_FILL_AREA(#17939);
#17939 = FILL_AREA_STYLE('',(#17940));
#17940 = FILL_AREA_STYLE_COLOUR('',#15673);
#17941 = STYLED_ITEM('color',(#17942),#10883);
#17942 = PRESENTATION_STYLE_ASSIGNMENT((#17943));
#17943 = SURFACE_STYLE_USAGE(.BOTH.,#17944);
#17944 = SURFACE_SIDE_STYLE('',(#17945));
#17945 = SURFACE_STYLE_FILL_AREA(#17946);
#17946 = FILL_AREA_STYLE('',(#17947));
#17947 = FILL_AREA_STYLE_COLOUR('',#15673);
#17948 = STYLED_ITEM('color',(#17949),#10900);
#17949 = PRESENTATION_STYLE_ASSIGNMENT((#17950));
#17950 = SURFACE_STYLE_USAGE(.BOTH.,#17951);
#17951 = SURFACE_SIDE_STYLE('',(#17952));
#17952 = SURFACE_STYLE_FILL_AREA(#17953);
#17953 = FILL_AREA_STYLE('',(#17954));
#17954 = FILL_AREA_STYLE_COLOUR('',#15673);
#17955 = STYLED_ITEM('color',(#17956),#10912);
#17956 = PRESENTATION_STYLE_ASSIGNMENT((#17957));
#17957 = SURFACE_STYLE_USAGE(.BOTH.,#17958);
#17958 = SURFACE_SIDE_STYLE('',(#17959));
#17959 = SURFACE_STYLE_FILL_AREA(#17960);
#17960 = FILL_AREA_STYLE('',(#17961));
#17961 = FILL_AREA_STYLE_COLOUR('',#15673);
#17962 = STYLED_ITEM('color',(#17963),#10936);
#17963 = PRESENTATION_STYLE_ASSIGNMENT((#17964));
#17964 = SURFACE_STYLE_USAGE(.BOTH.,#17965);
#17965 = SURFACE_SIDE_STYLE('',(#17966));
#17966 = SURFACE_STYLE_FILL_AREA(#17967);
#17967 = FILL_AREA_STYLE('',(#17968));
#17968 = FILL_AREA_STYLE_COLOUR('',#15673);
#17969 = STYLED_ITEM('color',(#17970),#10954);
#17970 = PRESENTATION_STYLE_ASSIGNMENT((#17971));
#17971 = SURFACE_STYLE_USAGE(.BOTH.,#17972);
#17972 = SURFACE_SIDE_STYLE('',(#17973));
#17973 = SURFACE_STYLE_FILL_AREA(#17974);
#17974 = FILL_AREA_STYLE('',(#17975));
#17975 = FILL_AREA_STYLE_COLOUR('',#15673);
#17976 = STYLED_ITEM('color',(#17977),#10966);
#17977 = PRESENTATION_STYLE_ASSIGNMENT((#17978));
#17978 = SURFACE_STYLE_USAGE(.BOTH.,#17979);
#17979 = SURFACE_SIDE_STYLE('',(#17980));
#17980 = SURFACE_STYLE_FILL_AREA(#17981);
#17981 = FILL_AREA_STYLE('',(#17982));
#17982 = FILL_AREA_STYLE_COLOUR('',#15673);
#17983 = STYLED_ITEM('color',(#17984),#10978);
#17984 = PRESENTATION_STYLE_ASSIGNMENT((#17985));
#17985 = SURFACE_STYLE_USAGE(.BOTH.,#17986);
#17986 = SURFACE_SIDE_STYLE('',(#17987));
#17987 = SURFACE_STYLE_FILL_AREA(#17988);
#17988 = FILL_AREA_STYLE('',(#17989));
#17989 = FILL_AREA_STYLE_COLOUR('',#15673);
#17990 = STYLED_ITEM('color',(#17991),#10992);
#17991 = PRESENTATION_STYLE_ASSIGNMENT((#17992));
#17992 = SURFACE_STYLE_USAGE(.BOTH.,#17993);
#17993 = SURFACE_SIDE_STYLE('',(#17994));
#17994 = SURFACE_STYLE_FILL_AREA(#17995);
#17995 = FILL_AREA_STYLE('',(#17996));
#17996 = FILL_AREA_STYLE_COLOUR('',#15673);
#17997 = STYLED_ITEM('color',(#17998),#11004);
#17998 = PRESENTATION_STYLE_ASSIGNMENT((#17999));
#17999 = SURFACE_STYLE_USAGE(.BOTH.,#18000);
#18000 = SURFACE_SIDE_STYLE('',(#18001));
#18001 = SURFACE_STYLE_FILL_AREA(#18002);
#18002 = FILL_AREA_STYLE('',(#18003));
#18003 = FILL_AREA_STYLE_COLOUR('',#15673);
#18004 = STYLED_ITEM('color',(#18005),#11016);
#18005 = PRESENTATION_STYLE_ASSIGNMENT((#18006));
#18006 = SURFACE_STYLE_USAGE(.BOTH.,#18007);
#18007 = SURFACE_SIDE_STYLE('',(#18008));
#18008 = SURFACE_STYLE_FILL_AREA(#18009);
#18009 = FILL_AREA_STYLE('',(#18010));
#18010 = FILL_AREA_STYLE_COLOUR('',#16059);
#18011 = STYLED_ITEM('color',(#18012),#11047);
#18012 = PRESENTATION_STYLE_ASSIGNMENT((#18013));
#18013 = SURFACE_STYLE_USAGE(.BOTH.,#18014);
#18014 = SURFACE_SIDE_STYLE('',(#18015));
#18015 = SURFACE_STYLE_FILL_AREA(#18016);
#18016 = FILL_AREA_STYLE('',(#18017));
#18017 = FILL_AREA_STYLE_COLOUR('',#16059);
#18018 = STYLED_ITEM('color',(#18019),#11071);
#18019 = PRESENTATION_STYLE_ASSIGNMENT((#18020));
#18020 = SURFACE_STYLE_USAGE(.BOTH.,#18021);
#18021 = SURFACE_SIDE_STYLE('',(#18022));
#18022 = SURFACE_STYLE_FILL_AREA(#18023);
#18023 = FILL_AREA_STYLE('',(#18024));
#18024 = FILL_AREA_STYLE_COLOUR('',#16059);
#18025 = STYLED_ITEM('color',(#18026),#11095);
#18026 = PRESENTATION_STYLE_ASSIGNMENT((#18027));
#18027 = SURFACE_STYLE_USAGE(.BOTH.,#18028);
#18028 = SURFACE_SIDE_STYLE('',(#18029));
#18029 = SURFACE_STYLE_FILL_AREA(#18030);
#18030 = FILL_AREA_STYLE('',(#18031));
#18031 = FILL_AREA_STYLE_COLOUR('',#16059);
#18032 = STYLED_ITEM('color',(#18033),#11112);
#18033 = PRESENTATION_STYLE_ASSIGNMENT((#18034));
#18034 = SURFACE_STYLE_USAGE(.BOTH.,#18035);
#18035 = SURFACE_SIDE_STYLE('',(#18036));
#18036 = SURFACE_STYLE_FILL_AREA(#18037);
#18037 = FILL_AREA_STYLE('',(#18038));
#18038 = FILL_AREA_STYLE_COLOUR('',#16059);
#18039 = STYLED_ITEM('color',(#18040),#11143);
#18040 = PRESENTATION_STYLE_ASSIGNMENT((#18041));
#18041 = SURFACE_STYLE_USAGE(.BOTH.,#18042);
#18042 = SURFACE_SIDE_STYLE('',(#18043));
#18043 = SURFACE_STYLE_FILL_AREA(#18044);
#18044 = FILL_AREA_STYLE('',(#18045));
#18045 = FILL_AREA_STYLE_COLOUR('',#16059);
#18046 = STYLED_ITEM('color',(#18047),#11167);
#18047 = PRESENTATION_STYLE_ASSIGNMENT((#18048));
#18048 = SURFACE_STYLE_USAGE(.BOTH.,#18049);
#18049 = SURFACE_SIDE_STYLE('',(#18050));
#18050 = SURFACE_STYLE_FILL_AREA(#18051);
#18051 = FILL_AREA_STYLE('',(#18052));
#18052 = FILL_AREA_STYLE_COLOUR('',#16059);
#18053 = STYLED_ITEM('color',(#18054),#11191);
#18054 = PRESENTATION_STYLE_ASSIGNMENT((#18055));
#18055 = SURFACE_STYLE_USAGE(.BOTH.,#18056);
#18056 = SURFACE_SIDE_STYLE('',(#18057));
#18057 = SURFACE_STYLE_FILL_AREA(#18058);
#18058 = FILL_AREA_STYLE('',(#18059));
#18059 = FILL_AREA_STYLE_COLOUR('',#16059);
#18060 = STYLED_ITEM('color',(#18061),#11208);
#18061 = PRESENTATION_STYLE_ASSIGNMENT((#18062));
#18062 = SURFACE_STYLE_USAGE(.BOTH.,#18063);
#18063 = SURFACE_SIDE_STYLE('',(#18064));
#18064 = SURFACE_STYLE_FILL_AREA(#18065);
#18065 = FILL_AREA_STYLE('',(#18066));
#18066 = FILL_AREA_STYLE_COLOUR('',#16059);
#18067 = STYLED_ITEM('color',(#18068),#11239);
#18068 = PRESENTATION_STYLE_ASSIGNMENT((#18069));
#18069 = SURFACE_STYLE_USAGE(.BOTH.,#18070);
#18070 = SURFACE_SIDE_STYLE('',(#18071));
#18071 = SURFACE_STYLE_FILL_AREA(#18072);
#18072 = FILL_AREA_STYLE('',(#18073));
#18073 = FILL_AREA_STYLE_COLOUR('',#16059);
#18074 = STYLED_ITEM('color',(#18075),#11263);
#18075 = PRESENTATION_STYLE_ASSIGNMENT((#18076));
#18076 = SURFACE_STYLE_USAGE(.BOTH.,#18077);
#18077 = SURFACE_SIDE_STYLE('',(#18078));
#18078 = SURFACE_STYLE_FILL_AREA(#18079);
#18079 = FILL_AREA_STYLE('',(#18080));
#18080 = FILL_AREA_STYLE_COLOUR('',#16059);
#18081 = STYLED_ITEM('color',(#18082),#11287);
#18082 = PRESENTATION_STYLE_ASSIGNMENT((#18083));
#18083 = SURFACE_STYLE_USAGE(.BOTH.,#18084);
#18084 = SURFACE_SIDE_STYLE('',(#18085));
#18085 = SURFACE_STYLE_FILL_AREA(#18086);
#18086 = FILL_AREA_STYLE('',(#18087));
#18087 = FILL_AREA_STYLE_COLOUR('',#16059);
#18088 = STYLED_ITEM('color',(#18089),#11304);
#18089 = PRESENTATION_STYLE_ASSIGNMENT((#18090));
#18090 = SURFACE_STYLE_USAGE(.BOTH.,#18091);
#18091 = SURFACE_SIDE_STYLE('',(#18092));
#18092 = SURFACE_STYLE_FILL_AREA(#18093);
#18093 = FILL_AREA_STYLE('',(#18094));
#18094 = FILL_AREA_STYLE_COLOUR('',#16059);
#18095 = STYLED_ITEM('color',(#18096),#11335);
#18096 = PRESENTATION_STYLE_ASSIGNMENT((#18097));
#18097 = SURFACE_STYLE_USAGE(.BOTH.,#18098);
#18098 = SURFACE_SIDE_STYLE('',(#18099));
#18099 = SURFACE_STYLE_FILL_AREA(#18100);
#18100 = FILL_AREA_STYLE('',(#18101));
#18101 = FILL_AREA_STYLE_COLOUR('',#16059);
#18102 = STYLED_ITEM('color',(#18103),#11359);
#18103 = PRESENTATION_STYLE_ASSIGNMENT((#18104));
#18104 = SURFACE_STYLE_USAGE(.BOTH.,#18105);
#18105 = SURFACE_SIDE_STYLE('',(#18106));
#18106 = SURFACE_STYLE_FILL_AREA(#18107);
#18107 = FILL_AREA_STYLE('',(#18108));
#18108 = FILL_AREA_STYLE_COLOUR('',#16059);
#18109 = STYLED_ITEM('color',(#18110),#11383);
#18110 = PRESENTATION_STYLE_ASSIGNMENT((#18111));
#18111 = SURFACE_STYLE_USAGE(.BOTH.,#18112);
#18112 = SURFACE_SIDE_STYLE('',(#18113));
#18113 = SURFACE_STYLE_FILL_AREA(#18114);
#18114 = FILL_AREA_STYLE('',(#18115));
#18115 = FILL_AREA_STYLE_COLOUR('',#16059);
#18116 = STYLED_ITEM('color',(#18117),#11400);
#18117 = PRESENTATION_STYLE_ASSIGNMENT((#18118));
#18118 = SURFACE_STYLE_USAGE(.BOTH.,#18119);
#18119 = SURFACE_SIDE_STYLE('',(#18120));
#18120 = SURFACE_STYLE_FILL_AREA(#18121);
#18121 = FILL_AREA_STYLE('',(#18122));
#18122 = FILL_AREA_STYLE_COLOUR('',#16059);
#18123 = STYLED_ITEM('color',(#18124),#11431);
#18124 = PRESENTATION_STYLE_ASSIGNMENT((#18125));
#18125 = SURFACE_STYLE_USAGE(.BOTH.,#18126);
#18126 = SURFACE_SIDE_STYLE('',(#18127));
#18127 = SURFACE_STYLE_FILL_AREA(#18128);
#18128 = FILL_AREA_STYLE('',(#18129));
#18129 = FILL_AREA_STYLE_COLOUR('',#16059);
#18130 = STYLED_ITEM('color',(#18131),#11455);
#18131 = PRESENTATION_STYLE_ASSIGNMENT((#18132));
#18132 = SURFACE_STYLE_USAGE(.BOTH.,#18133);
#18133 = SURFACE_SIDE_STYLE('',(#18134));
#18134 = SURFACE_STYLE_FILL_AREA(#18135);
#18135 = FILL_AREA_STYLE('',(#18136));
#18136 = FILL_AREA_STYLE_COLOUR('',#16059);
#18137 = STYLED_ITEM('color',(#18138),#11479);
#18138 = PRESENTATION_STYLE_ASSIGNMENT((#18139));
#18139 = SURFACE_STYLE_USAGE(.BOTH.,#18140);
#18140 = SURFACE_SIDE_STYLE('',(#18141));
#18141 = SURFACE_STYLE_FILL_AREA(#18142);
#18142 = FILL_AREA_STYLE('',(#18143));
#18143 = FILL_AREA_STYLE_COLOUR('',#16059);
#18144 = STYLED_ITEM('color',(#18145),#11496);
#18145 = PRESENTATION_STYLE_ASSIGNMENT((#18146));
#18146 = SURFACE_STYLE_USAGE(.BOTH.,#18147);
#18147 = SURFACE_SIDE_STYLE('',(#18148));
#18148 = SURFACE_STYLE_FILL_AREA(#18149);
#18149 = FILL_AREA_STYLE('',(#18150));
#18150 = FILL_AREA_STYLE_COLOUR('',#15673);
#18151 = STYLED_ITEM('color',(#18152),#11542);
#18152 = PRESENTATION_STYLE_ASSIGNMENT((#18153));
#18153 = SURFACE_STYLE_USAGE(.BOTH.,#18154);
#18154 = SURFACE_SIDE_STYLE('',(#18155));
#18155 = SURFACE_STYLE_FILL_AREA(#18156);
#18156 = FILL_AREA_STYLE('',(#18157));
#18157 = FILL_AREA_STYLE_COLOUR('',#15673);
#18158 = STYLED_ITEM('color',(#18159),#11588);
#18159 = PRESENTATION_STYLE_ASSIGNMENT((#18160));
#18160 = SURFACE_STYLE_USAGE(.BOTH.,#18161);
#18161 = SURFACE_SIDE_STYLE('',(#18162));
#18162 = SURFACE_STYLE_FILL_AREA(#18163);
#18163 = FILL_AREA_STYLE('',(#18164));
#18164 = FILL_AREA_STYLE_COLOUR('',#15673);
#18165 = STYLED_ITEM('color',(#18166),#11634);
#18166 = PRESENTATION_STYLE_ASSIGNMENT((#18167));
#18167 = SURFACE_STYLE_USAGE(.BOTH.,#18168);
#18168 = SURFACE_SIDE_STYLE('',(#18169));
#18169 = SURFACE_STYLE_FILL_AREA(#18170);
#18170 = FILL_AREA_STYLE('',(#18171));
#18171 = FILL_AREA_STYLE_COLOUR('',#15673);
#18172 = STYLED_ITEM('color',(#18173),#11680);
#18173 = PRESENTATION_STYLE_ASSIGNMENT((#18174));
#18174 = SURFACE_STYLE_USAGE(.BOTH.,#18175);
#18175 = SURFACE_SIDE_STYLE('',(#18176));
#18176 = SURFACE_STYLE_FILL_AREA(#18177);
#18177 = FILL_AREA_STYLE('',(#18178));
#18178 = FILL_AREA_STYLE_COLOUR('',#15673);
#18179 = STYLED_ITEM('color',(#18180),#11726);
#18180 = PRESENTATION_STYLE_ASSIGNMENT((#18181));
#18181 = SURFACE_STYLE_USAGE(.BOTH.,#18182);
#18182 = SURFACE_SIDE_STYLE('',(#18183));
#18183 = SURFACE_STYLE_FILL_AREA(#18184);
#18184 = FILL_AREA_STYLE('',(#18185));
#18185 = FILL_AREA_STYLE_COLOUR('',#15673);
#18186 = STYLED_ITEM('color',(#18187),#11743);
#18187 = PRESENTATION_STYLE_ASSIGNMENT((#18188));
#18188 = SURFACE_STYLE_USAGE(.BOTH.,#18189);
#18189 = SURFACE_SIDE_STYLE('',(#18190));
#18190 = SURFACE_STYLE_FILL_AREA(#18191);
#18191 = FILL_AREA_STYLE('',(#18192));
#18192 = FILL_AREA_STYLE_COLOUR('',#15673);
#18193 = STYLED_ITEM('color',(#18194),#11755);
#18194 = PRESENTATION_STYLE_ASSIGNMENT((#18195));
#18195 = SURFACE_STYLE_USAGE(.BOTH.,#18196);
#18196 = SURFACE_SIDE_STYLE('',(#18197));
#18197 = SURFACE_STYLE_FILL_AREA(#18198);
#18198 = FILL_AREA_STYLE('',(#18199));
#18199 = FILL_AREA_STYLE_COLOUR('',#16059);
#18200 = STYLED_ITEM('color',(#18201),#11786);
#18201 = PRESENTATION_STYLE_ASSIGNMENT((#18202));
#18202 = SURFACE_STYLE_USAGE(.BOTH.,#18203);
#18203 = SURFACE_SIDE_STYLE('',(#18204));
#18204 = SURFACE_STYLE_FILL_AREA(#18205);
#18205 = FILL_AREA_STYLE('',(#18206));
#18206 = FILL_AREA_STYLE_COLOUR('',#16059);
#18207 = STYLED_ITEM('color',(#18208),#11810);
#18208 = PRESENTATION_STYLE_ASSIGNMENT((#18209));
#18209 = SURFACE_STYLE_USAGE(.BOTH.,#18210);
#18210 = SURFACE_SIDE_STYLE('',(#18211));
#18211 = SURFACE_STYLE_FILL_AREA(#18212);
#18212 = FILL_AREA_STYLE('',(#18213));
#18213 = FILL_AREA_STYLE_COLOUR('',#16059);
#18214 = STYLED_ITEM('color',(#18215),#11834);
#18215 = PRESENTATION_STYLE_ASSIGNMENT((#18216));
#18216 = SURFACE_STYLE_USAGE(.BOTH.,#18217);
#18217 = SURFACE_SIDE_STYLE('',(#18218));
#18218 = SURFACE_STYLE_FILL_AREA(#18219);
#18219 = FILL_AREA_STYLE('',(#18220));
#18220 = FILL_AREA_STYLE_COLOUR('',#16059);
#18221 = STYLED_ITEM('color',(#18222),#11851);
#18222 = PRESENTATION_STYLE_ASSIGNMENT((#18223));
#18223 = SURFACE_STYLE_USAGE(.BOTH.,#18224);
#18224 = SURFACE_SIDE_STYLE('',(#18225));
#18225 = SURFACE_STYLE_FILL_AREA(#18226);
#18226 = FILL_AREA_STYLE('',(#18227));
#18227 = FILL_AREA_STYLE_COLOUR('',#16059);
#18228 = STYLED_ITEM('color',(#18229),#11882);
#18229 = PRESENTATION_STYLE_ASSIGNMENT((#18230));
#18230 = SURFACE_STYLE_USAGE(.BOTH.,#18231);
#18231 = SURFACE_SIDE_STYLE('',(#18232));
#18232 = SURFACE_STYLE_FILL_AREA(#18233);
#18233 = FILL_AREA_STYLE('',(#18234));
#18234 = FILL_AREA_STYLE_COLOUR('',#16059);
#18235 = STYLED_ITEM('color',(#18236),#11906);
#18236 = PRESENTATION_STYLE_ASSIGNMENT((#18237));
#18237 = SURFACE_STYLE_USAGE(.BOTH.,#18238);
#18238 = SURFACE_SIDE_STYLE('',(#18239));
#18239 = SURFACE_STYLE_FILL_AREA(#18240);
#18240 = FILL_AREA_STYLE('',(#18241));
#18241 = FILL_AREA_STYLE_COLOUR('',#16059);
#18242 = STYLED_ITEM('color',(#18243),#11930);
#18243 = PRESENTATION_STYLE_ASSIGNMENT((#18244));
#18244 = SURFACE_STYLE_USAGE(.BOTH.,#18245);
#18245 = SURFACE_SIDE_STYLE('',(#18246));
#18246 = SURFACE_STYLE_FILL_AREA(#18247);
#18247 = FILL_AREA_STYLE('',(#18248));
#18248 = FILL_AREA_STYLE_COLOUR('',#16059);
#18249 = STYLED_ITEM('color',(#18250),#11947);
#18250 = PRESENTATION_STYLE_ASSIGNMENT((#18251));
#18251 = SURFACE_STYLE_USAGE(.BOTH.,#18252);
#18252 = SURFACE_SIDE_STYLE('',(#18253));
#18253 = SURFACE_STYLE_FILL_AREA(#18254);
#18254 = FILL_AREA_STYLE('',(#18255));
#18255 = FILL_AREA_STYLE_COLOUR('',#16059);
#18256 = STYLED_ITEM('color',(#18257),#11978);
#18257 = PRESENTATION_STYLE_ASSIGNMENT((#18258));
#18258 = SURFACE_STYLE_USAGE(.BOTH.,#18259);
#18259 = SURFACE_SIDE_STYLE('',(#18260));
#18260 = SURFACE_STYLE_FILL_AREA(#18261);
#18261 = FILL_AREA_STYLE('',(#18262));
#18262 = FILL_AREA_STYLE_COLOUR('',#16059);
#18263 = STYLED_ITEM('color',(#18264),#12002);
#18264 = PRESENTATION_STYLE_ASSIGNMENT((#18265));
#18265 = SURFACE_STYLE_USAGE(.BOTH.,#18266);
#18266 = SURFACE_SIDE_STYLE('',(#18267));
#18267 = SURFACE_STYLE_FILL_AREA(#18268);
#18268 = FILL_AREA_STYLE('',(#18269));
#18269 = FILL_AREA_STYLE_COLOUR('',#16059);
#18270 = STYLED_ITEM('color',(#18271),#12026);
#18271 = PRESENTATION_STYLE_ASSIGNMENT((#18272));
#18272 = SURFACE_STYLE_USAGE(.BOTH.,#18273);
#18273 = SURFACE_SIDE_STYLE('',(#18274));
#18274 = SURFACE_STYLE_FILL_AREA(#18275);
#18275 = FILL_AREA_STYLE('',(#18276));
#18276 = FILL_AREA_STYLE_COLOUR('',#16059);
#18277 = STYLED_ITEM('color',(#18278),#12043);
#18278 = PRESENTATION_STYLE_ASSIGNMENT((#18279));
#18279 = SURFACE_STYLE_USAGE(.BOTH.,#18280);
#18280 = SURFACE_SIDE_STYLE('',(#18281));
#18281 = SURFACE_STYLE_FILL_AREA(#18282);
#18282 = FILL_AREA_STYLE('',(#18283));
#18283 = FILL_AREA_STYLE_COLOUR('',#16059);
#18284 = STYLED_ITEM('color',(#18285),#12074);
#18285 = PRESENTATION_STYLE_ASSIGNMENT((#18286));
#18286 = SURFACE_STYLE_USAGE(.BOTH.,#18287);
#18287 = SURFACE_SIDE_STYLE('',(#18288));
#18288 = SURFACE_STYLE_FILL_AREA(#18289);
#18289 = FILL_AREA_STYLE('',(#18290));
#18290 = FILL_AREA_STYLE_COLOUR('',#16059);
#18291 = STYLED_ITEM('color',(#18292),#12098);
#18292 = PRESENTATION_STYLE_ASSIGNMENT((#18293));
#18293 = SURFACE_STYLE_USAGE(.BOTH.,#18294);
#18294 = SURFACE_SIDE_STYLE('',(#18295));
#18295 = SURFACE_STYLE_FILL_AREA(#18296);
#18296 = FILL_AREA_STYLE('',(#18297));
#18297 = FILL_AREA_STYLE_COLOUR('',#16059);
#18298 = STYLED_ITEM('color',(#18299),#12122);
#18299 = PRESENTATION_STYLE_ASSIGNMENT((#18300));
#18300 = SURFACE_STYLE_USAGE(.BOTH.,#18301);
#18301 = SURFACE_SIDE_STYLE('',(#18302));
#18302 = SURFACE_STYLE_FILL_AREA(#18303);
#18303 = FILL_AREA_STYLE('',(#18304));
#18304 = FILL_AREA_STYLE_COLOUR('',#16059);
#18305 = STYLED_ITEM('color',(#18306),#12139);
#18306 = PRESENTATION_STYLE_ASSIGNMENT((#18307));
#18307 = SURFACE_STYLE_USAGE(.BOTH.,#18308);
#18308 = SURFACE_SIDE_STYLE('',(#18309));
#18309 = SURFACE_STYLE_FILL_AREA(#18310);
#18310 = FILL_AREA_STYLE('',(#18311));
#18311 = FILL_AREA_STYLE_COLOUR('',#16059);
#18312 = STYLED_ITEM('color',(#18313),#12170);
#18313 = PRESENTATION_STYLE_ASSIGNMENT((#18314));
#18314 = SURFACE_STYLE_USAGE(.BOTH.,#18315);
#18315 = SURFACE_SIDE_STYLE('',(#18316));
#18316 = SURFACE_STYLE_FILL_AREA(#18317);
#18317 = FILL_AREA_STYLE('',(#18318));
#18318 = FILL_AREA_STYLE_COLOUR('',#16059);
#18319 = STYLED_ITEM('color',(#18320),#12194);
#18320 = PRESENTATION_STYLE_ASSIGNMENT((#18321));
#18321 = SURFACE_STYLE_USAGE(.BOTH.,#18322);
#18322 = SURFACE_SIDE_STYLE('',(#18323));
#18323 = SURFACE_STYLE_FILL_AREA(#18324);
#18324 = FILL_AREA_STYLE('',(#18325));
#18325 = FILL_AREA_STYLE_COLOUR('',#16059);
#18326 = STYLED_ITEM('color',(#18327),#12218);
#18327 = PRESENTATION_STYLE_ASSIGNMENT((#18328));
#18328 = SURFACE_STYLE_USAGE(.BOTH.,#18329);
#18329 = SURFACE_SIDE_STYLE('',(#18330));
#18330 = SURFACE_STYLE_FILL_AREA(#18331);
#18331 = FILL_AREA_STYLE('',(#18332));
#18332 = FILL_AREA_STYLE_COLOUR('',#16059);
#18333 = STYLED_ITEM('color',(#18334),#12235);
#18334 = PRESENTATION_STYLE_ASSIGNMENT((#18335));
#18335 = SURFACE_STYLE_USAGE(.BOTH.,#18336);
#18336 = SURFACE_SIDE_STYLE('',(#18337));
#18337 = SURFACE_STYLE_FILL_AREA(#18338);
#18338 = FILL_AREA_STYLE('',(#18339));
#18339 = FILL_AREA_STYLE_COLOUR('',#16059);
#18340 = STYLED_ITEM('color',(#18341),#12266);
#18341 = PRESENTATION_STYLE_ASSIGNMENT((#18342));
#18342 = SURFACE_STYLE_USAGE(.BOTH.,#18343);
#18343 = SURFACE_SIDE_STYLE('',(#18344));
#18344 = SURFACE_STYLE_FILL_AREA(#18345);
#18345 = FILL_AREA_STYLE('',(#18346));
#18346 = FILL_AREA_STYLE_COLOUR('',#16059);
#18347 = STYLED_ITEM('color',(#18348),#12356);
#18348 = PRESENTATION_STYLE_ASSIGNMENT((#18349));
#18349 = SURFACE_STYLE_USAGE(.BOTH.,#18350);
#18350 = SURFACE_SIDE_STYLE('',(#18351));
#18351 = SURFACE_STYLE_FILL_AREA(#18352);
#18352 = FILL_AREA_STYLE('',(#18353));
#18353 = FILL_AREA_STYLE_COLOUR('',#16059);
#18354 = STYLED_ITEM('color',(#18355),#12380);
#18355 = PRESENTATION_STYLE_ASSIGNMENT((#18356));
#18356 = SURFACE_STYLE_USAGE(.BOTH.,#18357);
#18357 = SURFACE_SIDE_STYLE('',(#18358));
#18358 = SURFACE_STYLE_FILL_AREA(#18359);
#18359 = FILL_AREA_STYLE('',(#18360));
#18360 = FILL_AREA_STYLE_COLOUR('',#16059);
#18361 = STYLED_ITEM('color',(#18362),#12463);
#18362 = PRESENTATION_STYLE_ASSIGNMENT((#18363));
#18363 = SURFACE_STYLE_USAGE(.BOTH.,#18364);
#18364 = SURFACE_SIDE_STYLE('',(#18365));
#18365 = SURFACE_STYLE_FILL_AREA(#18366);
#18366 = FILL_AREA_STYLE('',(#18367));
#18367 = FILL_AREA_STYLE_COLOUR('',#16059);
#18368 = STYLED_ITEM('color',(#18369),#12528);
#18369 = PRESENTATION_STYLE_ASSIGNMENT((#18370));
#18370 = SURFACE_STYLE_USAGE(.BOTH.,#18371);
#18371 = SURFACE_SIDE_STYLE('',(#18372));
#18372 = SURFACE_STYLE_FILL_AREA(#18373);
#18373 = FILL_AREA_STYLE('',(#18374));
#18374 = FILL_AREA_STYLE_COLOUR('',#16059);
#18375 = STYLED_ITEM('color',(#18376),#12552);
#18376 = PRESENTATION_STYLE_ASSIGNMENT((#18377));
#18377 = SURFACE_STYLE_USAGE(.BOTH.,#18378);
#18378 = SURFACE_SIDE_STYLE('',(#18379));
#18379 = SURFACE_STYLE_FILL_AREA(#18380);
#18380 = FILL_AREA_STYLE('',(#18381));
#18381 = FILL_AREA_STYLE_COLOUR('',#16059);
#18382 = STYLED_ITEM('color',(#18383),#12610);
#18383 = PRESENTATION_STYLE_ASSIGNMENT((#18384));
#18384 = SURFACE_STYLE_USAGE(.BOTH.,#18385);
#18385 = SURFACE_SIDE_STYLE('',(#18386));
#18386 = SURFACE_STYLE_FILL_AREA(#18387);
#18387 = FILL_AREA_STYLE('',(#18388));
#18388 = FILL_AREA_STYLE_COLOUR('',#16059);
#18389 = STYLED_ITEM('color',(#18390),#12627);
#18390 = PRESENTATION_STYLE_ASSIGNMENT((#18391));
#18391 = SURFACE_STYLE_USAGE(.BOTH.,#18392);
#18392 = SURFACE_SIDE_STYLE('',(#18393));
#18393 = SURFACE_STYLE_FILL_AREA(#18394);
#18394 = FILL_AREA_STYLE('',(#18395));
#18395 = FILL_AREA_STYLE_COLOUR('',#16059);
#18396 = STYLED_ITEM('color',(#18397),#12692);
#18397 = PRESENTATION_STYLE_ASSIGNMENT((#18398));
#18398 = SURFACE_STYLE_USAGE(.BOTH.,#18399);
#18399 = SURFACE_SIDE_STYLE('',(#18400));
#18400 = SURFACE_STYLE_FILL_AREA(#18401);
#18401 = FILL_AREA_STYLE('',(#18402));
#18402 = FILL_AREA_STYLE_COLOUR('',#16059);
#18403 = STYLED_ITEM('color',(#18404),#12716);
#18404 = PRESENTATION_STYLE_ASSIGNMENT((#18405));
#18405 = SURFACE_STYLE_USAGE(.BOTH.,#18406);
#18406 = SURFACE_SIDE_STYLE('',(#18407));
#18407 = SURFACE_STYLE_FILL_AREA(#18408);
#18408 = FILL_AREA_STYLE('',(#18409));
#18409 = FILL_AREA_STYLE_COLOUR('',#16059);
#18410 = STYLED_ITEM('color',(#18411),#12774);
#18411 = PRESENTATION_STYLE_ASSIGNMENT((#18412));
#18412 = SURFACE_STYLE_USAGE(.BOTH.,#18413);
#18413 = SURFACE_SIDE_STYLE('',(#18414));
#18414 = SURFACE_STYLE_FILL_AREA(#18415);
#18415 = FILL_AREA_STYLE('',(#18416));
#18416 = FILL_AREA_STYLE_COLOUR('',#16059);
#18417 = STYLED_ITEM('color',(#18418),#12791);
#18418 = PRESENTATION_STYLE_ASSIGNMENT((#18419));
#18419 = SURFACE_STYLE_USAGE(.BOTH.,#18420);
#18420 = SURFACE_SIDE_STYLE('',(#18421));
#18421 = SURFACE_STYLE_FILL_AREA(#18422);
#18422 = FILL_AREA_STYLE('',(#18423));
#18423 = FILL_AREA_STYLE_COLOUR('',#16059);
#18424 = STYLED_ITEM('color',(#18425),#12856);
#18425 = PRESENTATION_STYLE_ASSIGNMENT((#18426));
#18426 = SURFACE_STYLE_USAGE(.BOTH.,#18427);
#18427 = SURFACE_SIDE_STYLE('',(#18428));
#18428 = SURFACE_STYLE_FILL_AREA(#18429);
#18429 = FILL_AREA_STYLE('',(#18430));
#18430 = FILL_AREA_STYLE_COLOUR('',#16059);
#18431 = STYLED_ITEM('color',(#18432),#12880);
#18432 = PRESENTATION_STYLE_ASSIGNMENT((#18433));
#18433 = SURFACE_STYLE_USAGE(.BOTH.,#18434);
#18434 = SURFACE_SIDE_STYLE('',(#18435));
#18435 = SURFACE_STYLE_FILL_AREA(#18436);
#18436 = FILL_AREA_STYLE('',(#18437));
#18437 = FILL_AREA_STYLE_COLOUR('',#16059);
#18438 = STYLED_ITEM('color',(#18439),#12938);
#18439 = PRESENTATION_STYLE_ASSIGNMENT((#18440));
#18440 = SURFACE_STYLE_USAGE(.BOTH.,#18441);
#18441 = SURFACE_SIDE_STYLE('',(#18442));
#18442 = SURFACE_STYLE_FILL_AREA(#18443);
#18443 = FILL_AREA_STYLE('',(#18444));
#18444 = FILL_AREA_STYLE_COLOUR('',#16059);
#18445 = STYLED_ITEM('color',(#18446),#12955);
#18446 = PRESENTATION_STYLE_ASSIGNMENT((#18447));
#18447 = SURFACE_STYLE_USAGE(.BOTH.,#18448);
#18448 = SURFACE_SIDE_STYLE('',(#18449));
#18449 = SURFACE_STYLE_FILL_AREA(#18450);
#18450 = FILL_AREA_STYLE('',(#18451));
#18451 = FILL_AREA_STYLE_COLOUR('',#16059);
#18452 = STYLED_ITEM('color',(#18453),#12986);
#18453 = PRESENTATION_STYLE_ASSIGNMENT((#18454));
#18454 = SURFACE_STYLE_USAGE(.BOTH.,#18455);
#18455 = SURFACE_SIDE_STYLE('',(#18456));
#18456 = SURFACE_STYLE_FILL_AREA(#18457);
#18457 = FILL_AREA_STYLE('',(#18458));
#18458 = FILL_AREA_STYLE_COLOUR('',#16059);
#18459 = STYLED_ITEM('color',(#18460),#13076);
#18460 = PRESENTATION_STYLE_ASSIGNMENT((#18461));
#18461 = SURFACE_STYLE_USAGE(.BOTH.,#18462);
#18462 = SURFACE_SIDE_STYLE('',(#18463));
#18463 = SURFACE_STYLE_FILL_AREA(#18464);
#18464 = FILL_AREA_STYLE('',(#18465));
#18465 = FILL_AREA_STYLE_COLOUR('',#16059);
#18466 = STYLED_ITEM('color',(#18467),#13100);
#18467 = PRESENTATION_STYLE_ASSIGNMENT((#18468));
#18468 = SURFACE_STYLE_USAGE(.BOTH.,#18469);
#18469 = SURFACE_SIDE_STYLE('',(#18470));
#18470 = SURFACE_STYLE_FILL_AREA(#18471);
#18471 = FILL_AREA_STYLE('',(#18472));
#18472 = FILL_AREA_STYLE_COLOUR('',#16059);
#18473 = STYLED_ITEM('color',(#18474),#13183);
#18474 = PRESENTATION_STYLE_ASSIGNMENT((#18475));
#18475 = SURFACE_STYLE_USAGE(.BOTH.,#18476);
#18476 = SURFACE_SIDE_STYLE('',(#18477));
#18477 = SURFACE_STYLE_FILL_AREA(#18478);
#18478 = FILL_AREA_STYLE('',(#18479));
#18479 = FILL_AREA_STYLE_COLOUR('',#16059);
#18480 = STYLED_ITEM('color',(#18481),#13195);
#18481 = PRESENTATION_STYLE_ASSIGNMENT((#18482));
#18482 = SURFACE_STYLE_USAGE(.BOTH.,#18483);
#18483 = SURFACE_SIDE_STYLE('',(#18484));
#18484 = SURFACE_STYLE_FILL_AREA(#18485);
#18485 = FILL_AREA_STYLE('',(#18486));
#18486 = FILL_AREA_STYLE_COLOUR('',#16059);
#18487 = STYLED_ITEM('color',(#18488),#13207);
#18488 = PRESENTATION_STYLE_ASSIGNMENT((#18489));
#18489 = SURFACE_STYLE_USAGE(.BOTH.,#18490);
#18490 = SURFACE_SIDE_STYLE('',(#18491));
#18491 = SURFACE_STYLE_FILL_AREA(#18492);
#18492 = FILL_AREA_STYLE('',(#18493));
#18493 = FILL_AREA_STYLE_COLOUR('',#16059);
#18494 = STYLED_ITEM('color',(#18495),#13219);
#18495 = PRESENTATION_STYLE_ASSIGNMENT((#18496));
#18496 = SURFACE_STYLE_USAGE(.BOTH.,#18497);
#18497 = SURFACE_SIDE_STYLE('',(#18498));
#18498 = SURFACE_STYLE_FILL_AREA(#18499);
#18499 = FILL_AREA_STYLE('',(#18500));
#18500 = FILL_AREA_STYLE_COLOUR('',#16059);
#18501 = STYLED_ITEM('color',(#18502),#13231);
#18502 = PRESENTATION_STYLE_ASSIGNMENT((#18503));
#18503 = SURFACE_STYLE_USAGE(.BOTH.,#18504);
#18504 = SURFACE_SIDE_STYLE('',(#18505));
#18505 = SURFACE_STYLE_FILL_AREA(#18506);
#18506 = FILL_AREA_STYLE('',(#18507));
#18507 = FILL_AREA_STYLE_COLOUR('',#16059);
#18508 = STYLED_ITEM('color',(#18509),#13243);
#18509 = PRESENTATION_STYLE_ASSIGNMENT((#18510));
#18510 = SURFACE_STYLE_USAGE(.BOTH.,#18511);
#18511 = SURFACE_SIDE_STYLE('',(#18512));
#18512 = SURFACE_STYLE_FILL_AREA(#18513);
#18513 = FILL_AREA_STYLE('',(#18514));
#18514 = FILL_AREA_STYLE_COLOUR('',#16059);
#18515 = STYLED_ITEM('color',(#18516),#13260);
#18516 = PRESENTATION_STYLE_ASSIGNMENT((#18517));
#18517 = SURFACE_STYLE_USAGE(.BOTH.,#18518);
#18518 = SURFACE_SIDE_STYLE('',(#18519));
#18519 = SURFACE_STYLE_FILL_AREA(#18520);
#18520 = FILL_AREA_STYLE('',(#18521));
#18521 = FILL_AREA_STYLE_COLOUR('',#16059);
#18522 = STYLED_ITEM('color',(#18523),#13277);
#18523 = PRESENTATION_STYLE_ASSIGNMENT((#18524));
#18524 = SURFACE_STYLE_USAGE(.BOTH.,#18525);
#18525 = SURFACE_SIDE_STYLE('',(#18526));
#18526 = SURFACE_STYLE_FILL_AREA(#18527);
#18527 = FILL_AREA_STYLE('',(#18528));
#18528 = FILL_AREA_STYLE_COLOUR('',#16059);
#18529 = STYLED_ITEM('color',(#18530),#13294);
#18530 = PRESENTATION_STYLE_ASSIGNMENT((#18531));
#18531 = SURFACE_STYLE_USAGE(.BOTH.,#18532);
#18532 = SURFACE_SIDE_STYLE('',(#18533));
#18533 = SURFACE_STYLE_FILL_AREA(#18534);
#18534 = FILL_AREA_STYLE('',(#18535));
#18535 = FILL_AREA_STYLE_COLOUR('',#16059);
#18536 = STYLED_ITEM('color',(#18537),#13311);
#18537 = PRESENTATION_STYLE_ASSIGNMENT((#18538));
#18538 = SURFACE_STYLE_USAGE(.BOTH.,#18539);
#18539 = SURFACE_SIDE_STYLE('',(#18540));
#18540 = SURFACE_STYLE_FILL_AREA(#18541);
#18541 = FILL_AREA_STYLE('',(#18542));
#18542 = FILL_AREA_STYLE_COLOUR('',#16059);
#18543 = STYLED_ITEM('color',(#18544),#13344);
#18544 = PRESENTATION_STYLE_ASSIGNMENT((#18545));
#18545 = SURFACE_STYLE_USAGE(.BOTH.,#18546);
#18546 = SURFACE_SIDE_STYLE('',(#18547));
#18547 = SURFACE_STYLE_FILL_AREA(#18548);
#18548 = FILL_AREA_STYLE('',(#18549));
#18549 = FILL_AREA_STYLE_COLOUR('',#16059);
#18550 = STYLED_ITEM('color',(#18551),#13384);
#18551 = PRESENTATION_STYLE_ASSIGNMENT((#18552));
#18552 = SURFACE_STYLE_USAGE(.BOTH.,#18553);
#18553 = SURFACE_SIDE_STYLE('',(#18554));
#18554 = SURFACE_STYLE_FILL_AREA(#18555);
#18555 = FILL_AREA_STYLE('',(#18556));
#18556 = FILL_AREA_STYLE_COLOUR('',#16059);
#18557 = STYLED_ITEM('color',(#18558),#13415);
#18558 = PRESENTATION_STYLE_ASSIGNMENT((#18559));
#18559 = SURFACE_STYLE_USAGE(.BOTH.,#18560);
#18560 = SURFACE_SIDE_STYLE('',(#18561));
#18561 = SURFACE_STYLE_FILL_AREA(#18562);
#18562 = FILL_AREA_STYLE('',(#18563));
#18563 = FILL_AREA_STYLE_COLOUR('',#16059);
#18564 = STYLED_ITEM('color',(#18565),#13432);
#18565 = PRESENTATION_STYLE_ASSIGNMENT((#18566));
#18566 = SURFACE_STYLE_USAGE(.BOTH.,#18567);
#18567 = SURFACE_SIDE_STYLE('',(#18568));
#18568 = SURFACE_STYLE_FILL_AREA(#18569);
#18569 = FILL_AREA_STYLE('',(#18570));
#18570 = FILL_AREA_STYLE_COLOUR('',#16059);
#18571 = STYLED_ITEM('color',(#18572),#13444);
#18572 = PRESENTATION_STYLE_ASSIGNMENT((#18573));
#18573 = SURFACE_STYLE_USAGE(.BOTH.,#18574);
#18574 = SURFACE_SIDE_STYLE('',(#18575));
#18575 = SURFACE_STYLE_FILL_AREA(#18576);
#18576 = FILL_AREA_STYLE('',(#18577));
#18577 = FILL_AREA_STYLE_COLOUR('',#16059);
#18578 = STYLED_ITEM('color',(#18579),#13477);
#18579 = PRESENTATION_STYLE_ASSIGNMENT((#18580));
#18580 = SURFACE_STYLE_USAGE(.BOTH.,#18581);
#18581 = SURFACE_SIDE_STYLE('',(#18582));
#18582 = SURFACE_STYLE_FILL_AREA(#18583);
#18583 = FILL_AREA_STYLE('',(#18584));
#18584 = FILL_AREA_STYLE_COLOUR('',#16059);
#18585 = STYLED_ITEM('color',(#18586),#13494);
#18586 = PRESENTATION_STYLE_ASSIGNMENT((#18587));
#18587 = SURFACE_STYLE_USAGE(.BOTH.,#18588);
#18588 = SURFACE_SIDE_STYLE('',(#18589));
#18589 = SURFACE_STYLE_FILL_AREA(#18590);
#18590 = FILL_AREA_STYLE('',(#18591));
#18591 = FILL_AREA_STYLE_COLOUR('',#16059);
#18592 = STYLED_ITEM('color',(#18593),#13511);
#18593 = PRESENTATION_STYLE_ASSIGNMENT((#18594));
#18594 = SURFACE_STYLE_USAGE(.BOTH.,#18595);
#18595 = SURFACE_SIDE_STYLE('',(#18596));
#18596 = SURFACE_STYLE_FILL_AREA(#18597);
#18597 = FILL_AREA_STYLE('',(#18598));
#18598 = FILL_AREA_STYLE_COLOUR('',#16059);
#18599 = STYLED_ITEM('color',(#18600),#13542);
#18600 = PRESENTATION_STYLE_ASSIGNMENT((#18601));
#18601 = SURFACE_STYLE_USAGE(.BOTH.,#18602);
#18602 = SURFACE_SIDE_STYLE('',(#18603));
#18603 = SURFACE_STYLE_FILL_AREA(#18604);
#18604 = FILL_AREA_STYLE('',(#18605));
#18605 = FILL_AREA_STYLE_COLOUR('',#16059);
#18606 = STYLED_ITEM('color',(#18607),#13564);
#18607 = PRESENTATION_STYLE_ASSIGNMENT((#18608));
#18608 = SURFACE_STYLE_USAGE(.BOTH.,#18609);
#18609 = SURFACE_SIDE_STYLE('',(#18610));
#18610 = SURFACE_STYLE_FILL_AREA(#18611);
#18611 = FILL_AREA_STYLE('',(#18612));
#18612 = FILL_AREA_STYLE_COLOUR('',#16059);
#18613 = STYLED_ITEM('color',(#18614),#13576);
#18614 = PRESENTATION_STYLE_ASSIGNMENT((#18615));
#18615 = SURFACE_STYLE_USAGE(.BOTH.,#18616);
#18616 = SURFACE_SIDE_STYLE('',(#18617));
#18617 = SURFACE_STYLE_FILL_AREA(#18618);
#18618 = FILL_AREA_STYLE('',(#18619));
#18619 = FILL_AREA_STYLE_COLOUR('',#16059);
#18620 = STYLED_ITEM('color',(#18621),#13607);
#18621 = PRESENTATION_STYLE_ASSIGNMENT((#18622));
#18622 = SURFACE_STYLE_USAGE(.BOTH.,#18623);
#18623 = SURFACE_SIDE_STYLE('',(#18624));
#18624 = SURFACE_STYLE_FILL_AREA(#18625);
#18625 = FILL_AREA_STYLE('',(#18626));
#18626 = FILL_AREA_STYLE_COLOUR('',#16059);
#18627 = STYLED_ITEM('color',(#18628),#13624);
#18628 = PRESENTATION_STYLE_ASSIGNMENT((#18629));
#18629 = SURFACE_STYLE_USAGE(.BOTH.,#18630);
#18630 = SURFACE_SIDE_STYLE('',(#18631));
#18631 = SURFACE_STYLE_FILL_AREA(#18632);
#18632 = FILL_AREA_STYLE('',(#18633));
#18633 = FILL_AREA_STYLE_COLOUR('',#16059);
#18634 = STYLED_ITEM('color',(#18635),#13641);
#18635 = PRESENTATION_STYLE_ASSIGNMENT((#18636));
#18636 = SURFACE_STYLE_USAGE(.BOTH.,#18637);
#18637 = SURFACE_SIDE_STYLE('',(#18638));
#18638 = SURFACE_STYLE_FILL_AREA(#18639);
#18639 = FILL_AREA_STYLE('',(#18640));
#18640 = FILL_AREA_STYLE_COLOUR('',#16059);
#18641 = STYLED_ITEM('color',(#18642),#13672);
#18642 = PRESENTATION_STYLE_ASSIGNMENT((#18643));
#18643 = SURFACE_STYLE_USAGE(.BOTH.,#18644);
#18644 = SURFACE_SIDE_STYLE('',(#18645));
#18645 = SURFACE_STYLE_FILL_AREA(#18646);
#18646 = FILL_AREA_STYLE('',(#18647));
#18647 = FILL_AREA_STYLE_COLOUR('',#16059);
#18648 = STYLED_ITEM('color',(#18649),#13694);
#18649 = PRESENTATION_STYLE_ASSIGNMENT((#18650));
#18650 = SURFACE_STYLE_USAGE(.BOTH.,#18651);
#18651 = SURFACE_SIDE_STYLE('',(#18652));
#18652 = SURFACE_STYLE_FILL_AREA(#18653);
#18653 = FILL_AREA_STYLE('',(#18654));
#18654 = FILL_AREA_STYLE_COLOUR('',#16059);
#18655 = STYLED_ITEM('color',(#18656),#13706);
#18656 = PRESENTATION_STYLE_ASSIGNMENT((#18657));
#18657 = SURFACE_STYLE_USAGE(.BOTH.,#18658);
#18658 = SURFACE_SIDE_STYLE('',(#18659));
#18659 = SURFACE_STYLE_FILL_AREA(#18660);
#18660 = FILL_AREA_STYLE('',(#18661));
#18661 = FILL_AREA_STYLE_COLOUR('',#16059);
#18662 = STYLED_ITEM('color',(#18663),#13737);
#18663 = PRESENTATION_STYLE_ASSIGNMENT((#18664));
#18664 = SURFACE_STYLE_USAGE(.BOTH.,#18665);
#18665 = SURFACE_SIDE_STYLE('',(#18666));
#18666 = SURFACE_STYLE_FILL_AREA(#18667);
#18667 = FILL_AREA_STYLE('',(#18668));
#18668 = FILL_AREA_STYLE_COLOUR('',#16059);
#18669 = STYLED_ITEM('color',(#18670),#13754);
#18670 = PRESENTATION_STYLE_ASSIGNMENT((#18671));
#18671 = SURFACE_STYLE_USAGE(.BOTH.,#18672);
#18672 = SURFACE_SIDE_STYLE('',(#18673));
#18673 = SURFACE_STYLE_FILL_AREA(#18674);
#18674 = FILL_AREA_STYLE('',(#18675));
#18675 = FILL_AREA_STYLE_COLOUR('',#16059);
#18676 = STYLED_ITEM('color',(#18677),#13771);
#18677 = PRESENTATION_STYLE_ASSIGNMENT((#18678));
#18678 = SURFACE_STYLE_USAGE(.BOTH.,#18679);
#18679 = SURFACE_SIDE_STYLE('',(#18680));
#18680 = SURFACE_STYLE_FILL_AREA(#18681);
#18681 = FILL_AREA_STYLE('',(#18682));
#18682 = FILL_AREA_STYLE_COLOUR('',#16059);
#18683 = STYLED_ITEM('color',(#18684),#13802);
#18684 = PRESENTATION_STYLE_ASSIGNMENT((#18685));
#18685 = SURFACE_STYLE_USAGE(.BOTH.,#18686);
#18686 = SURFACE_SIDE_STYLE('',(#18687));
#18687 = SURFACE_STYLE_FILL_AREA(#18688);
#18688 = FILL_AREA_STYLE('',(#18689));
#18689 = FILL_AREA_STYLE_COLOUR('',#16059);
#18690 = STYLED_ITEM('color',(#18691),#13824);
#18691 = PRESENTATION_STYLE_ASSIGNMENT((#18692));
#18692 = SURFACE_STYLE_USAGE(.BOTH.,#18693);
#18693 = SURFACE_SIDE_STYLE('',(#18694));
#18694 = SURFACE_STYLE_FILL_AREA(#18695);
#18695 = FILL_AREA_STYLE('',(#18696));
#18696 = FILL_AREA_STYLE_COLOUR('',#16059);
#18697 = STYLED_ITEM('color',(#18698),#13836);
#18698 = PRESENTATION_STYLE_ASSIGNMENT((#18699));
#18699 = SURFACE_STYLE_USAGE(.BOTH.,#18700);
#18700 = SURFACE_SIDE_STYLE('',(#18701));
#18701 = SURFACE_STYLE_FILL_AREA(#18702);
#18702 = FILL_AREA_STYLE('',(#18703));
#18703 = FILL_AREA_STYLE_COLOUR('',#16059);
#18704 = STYLED_ITEM('color',(#18705),#13867);
#18705 = PRESENTATION_STYLE_ASSIGNMENT((#18706));
#18706 = SURFACE_STYLE_USAGE(.BOTH.,#18707);
#18707 = SURFACE_SIDE_STYLE('',(#18708));
#18708 = SURFACE_STYLE_FILL_AREA(#18709);
#18709 = FILL_AREA_STYLE('',(#18710));
#18710 = FILL_AREA_STYLE_COLOUR('',#16059);
#18711 = STYLED_ITEM('color',(#18712),#13884);
#18712 = PRESENTATION_STYLE_ASSIGNMENT((#18713));
#18713 = SURFACE_STYLE_USAGE(.BOTH.,#18714);
#18714 = SURFACE_SIDE_STYLE('',(#18715));
#18715 = SURFACE_STYLE_FILL_AREA(#18716);
#18716 = FILL_AREA_STYLE('',(#18717));
#18717 = FILL_AREA_STYLE_COLOUR('',#16059);
#18718 = STYLED_ITEM('color',(#18719),#13901);
#18719 = PRESENTATION_STYLE_ASSIGNMENT((#18720));
#18720 = SURFACE_STYLE_USAGE(.BOTH.,#18721);
#18721 = SURFACE_SIDE_STYLE('',(#18722));
#18722 = SURFACE_STYLE_FILL_AREA(#18723);
#18723 = FILL_AREA_STYLE('',(#18724));
#18724 = FILL_AREA_STYLE_COLOUR('',#16059);
#18725 = STYLED_ITEM('color',(#18726),#13918);
#18726 = PRESENTATION_STYLE_ASSIGNMENT((#18727));
#18727 = SURFACE_STYLE_USAGE(.BOTH.,#18728);
#18728 = SURFACE_SIDE_STYLE('',(#18729));
#18729 = SURFACE_STYLE_FILL_AREA(#18730);
#18730 = FILL_AREA_STYLE('',(#18731));
#18731 = FILL_AREA_STYLE_COLOUR('',#16059);
#18732 = STYLED_ITEM('color',(#18733),#13935);
#18733 = PRESENTATION_STYLE_ASSIGNMENT((#18734));
#18734 = SURFACE_STYLE_USAGE(.BOTH.,#18735);
#18735 = SURFACE_SIDE_STYLE('',(#18736));
#18736 = SURFACE_STYLE_FILL_AREA(#18737);
#18737 = FILL_AREA_STYLE('',(#18738));
#18738 = FILL_AREA_STYLE_COLOUR('',#16059);
#18739 = STYLED_ITEM('color',(#18740),#13968);
#18740 = PRESENTATION_STYLE_ASSIGNMENT((#18741));
#18741 = SURFACE_STYLE_USAGE(.BOTH.,#18742);
#18742 = SURFACE_SIDE_STYLE('',(#18743));
#18743 = SURFACE_STYLE_FILL_AREA(#18744);
#18744 = FILL_AREA_STYLE('',(#18745));
#18745 = FILL_AREA_STYLE_COLOUR('',#16059);
#18746 = STYLED_ITEM('color',(#18747),#14008);
#18747 = PRESENTATION_STYLE_ASSIGNMENT((#18748));
#18748 = SURFACE_STYLE_USAGE(.BOTH.,#18749);
#18749 = SURFACE_SIDE_STYLE('',(#18750));
#18750 = SURFACE_STYLE_FILL_AREA(#18751);
#18751 = FILL_AREA_STYLE('',(#18752));
#18752 = FILL_AREA_STYLE_COLOUR('',#16059);
#18753 = STYLED_ITEM('color',(#18754),#14039);
#18754 = PRESENTATION_STYLE_ASSIGNMENT((#18755));
#18755 = SURFACE_STYLE_USAGE(.BOTH.,#18756);
#18756 = SURFACE_SIDE_STYLE('',(#18757));
#18757 = SURFACE_STYLE_FILL_AREA(#18758);
#18758 = FILL_AREA_STYLE('',(#18759));
#18759 = FILL_AREA_STYLE_COLOUR('',#16059);
#18760 = STYLED_ITEM('color',(#18761),#14056);
#18761 = PRESENTATION_STYLE_ASSIGNMENT((#18762));
#18762 = SURFACE_STYLE_USAGE(.BOTH.,#18763);
#18763 = SURFACE_SIDE_STYLE('',(#18764));
#18764 = SURFACE_STYLE_FILL_AREA(#18765);
#18765 = FILL_AREA_STYLE('',(#18766));
#18766 = FILL_AREA_STYLE_COLOUR('',#16059);
#18767 = STYLED_ITEM('color',(#18768),#14068);
#18768 = PRESENTATION_STYLE_ASSIGNMENT((#18769));
#18769 = SURFACE_STYLE_USAGE(.BOTH.,#18770);
#18770 = SURFACE_SIDE_STYLE('',(#18771));
#18771 = SURFACE_STYLE_FILL_AREA(#18772);
#18772 = FILL_AREA_STYLE('',(#18773));
#18773 = FILL_AREA_STYLE_COLOUR('',#16059);
#18774 = STYLED_ITEM('color',(#18775),#14101);
#18775 = PRESENTATION_STYLE_ASSIGNMENT((#18776));
#18776 = SURFACE_STYLE_USAGE(.BOTH.,#18777);
#18777 = SURFACE_SIDE_STYLE('',(#18778));
#18778 = SURFACE_STYLE_FILL_AREA(#18779);
#18779 = FILL_AREA_STYLE('',(#18780));
#18780 = FILL_AREA_STYLE_COLOUR('',#16059);
#18781 = STYLED_ITEM('color',(#18782),#14118);
#18782 = PRESENTATION_STYLE_ASSIGNMENT((#18783));
#18783 = SURFACE_STYLE_USAGE(.BOTH.,#18784);
#18784 = SURFACE_SIDE_STYLE('',(#18785));
#18785 = SURFACE_STYLE_FILL_AREA(#18786);
#18786 = FILL_AREA_STYLE('',(#18787));
#18787 = FILL_AREA_STYLE_COLOUR('',#16059);
#18788 = STYLED_ITEM('color',(#18789),#14135);
#18789 = PRESENTATION_STYLE_ASSIGNMENT((#18790));
#18790 = SURFACE_STYLE_USAGE(.BOTH.,#18791);
#18791 = SURFACE_SIDE_STYLE('',(#18792));
#18792 = SURFACE_STYLE_FILL_AREA(#18793);
#18793 = FILL_AREA_STYLE('',(#18794));
#18794 = FILL_AREA_STYLE_COLOUR('',#16059);
#18795 = STYLED_ITEM('color',(#18796),#14147);
#18796 = PRESENTATION_STYLE_ASSIGNMENT((#18797));
#18797 = SURFACE_STYLE_USAGE(.BOTH.,#18798);
#18798 = SURFACE_SIDE_STYLE('',(#18799));
#18799 = SURFACE_STYLE_FILL_AREA(#18800);
#18800 = FILL_AREA_STYLE('',(#18801));
#18801 = FILL_AREA_STYLE_COLOUR('',#16059);
#18802 = STYLED_ITEM('color',(#18803),#14164);
#18803 = PRESENTATION_STYLE_ASSIGNMENT((#18804));
#18804 = SURFACE_STYLE_USAGE(.BOTH.,#18805);
#18805 = SURFACE_SIDE_STYLE('',(#18806));
#18806 = SURFACE_STYLE_FILL_AREA(#18807);
#18807 = FILL_AREA_STYLE('',(#18808));
#18808 = FILL_AREA_STYLE_COLOUR('',#16059);
#18809 = STYLED_ITEM('color',(#18810),#14181);
#18810 = PRESENTATION_STYLE_ASSIGNMENT((#18811));
#18811 = SURFACE_STYLE_USAGE(.BOTH.,#18812);
#18812 = SURFACE_SIDE_STYLE('',(#18813));
#18813 = SURFACE_STYLE_FILL_AREA(#18814);
#18814 = FILL_AREA_STYLE('',(#18815));
#18815 = FILL_AREA_STYLE_COLOUR('',#16059);
#18816 = STYLED_ITEM('color',(#18817),#14193);
#18817 = PRESENTATION_STYLE_ASSIGNMENT((#18818));
#18818 = SURFACE_STYLE_USAGE(.BOTH.,#18819);
#18819 = SURFACE_SIDE_STYLE('',(#18820));
#18820 = SURFACE_STYLE_FILL_AREA(#18821);
#18821 = FILL_AREA_STYLE('',(#18822));
#18822 = FILL_AREA_STYLE_COLOUR('',#16059);
#18823 = STYLED_ITEM('color',(#18824),#14210);
#18824 = PRESENTATION_STYLE_ASSIGNMENT((#18825));
#18825 = SURFACE_STYLE_USAGE(.BOTH.,#18826);
#18826 = SURFACE_SIDE_STYLE('',(#18827));
#18827 = SURFACE_STYLE_FILL_AREA(#18828);
#18828 = FILL_AREA_STYLE('',(#18829));
#18829 = FILL_AREA_STYLE_COLOUR('',#16059);
#18830 = STYLED_ITEM('color',(#18831),#14227);
#18831 = PRESENTATION_STYLE_ASSIGNMENT((#18832));
#18832 = SURFACE_STYLE_USAGE(.BOTH.,#18833);
#18833 = SURFACE_SIDE_STYLE('',(#18834));
#18834 = SURFACE_STYLE_FILL_AREA(#18835);
#18835 = FILL_AREA_STYLE('',(#18836));
#18836 = FILL_AREA_STYLE_COLOUR('',#16059);
#18837 = STYLED_ITEM('color',(#18838),#14239);
#18838 = PRESENTATION_STYLE_ASSIGNMENT((#18839));
#18839 = SURFACE_STYLE_USAGE(.BOTH.,#18840);
#18840 = SURFACE_SIDE_STYLE('',(#18841));
#18841 = SURFACE_STYLE_FILL_AREA(#18842);
#18842 = FILL_AREA_STYLE('',(#18843));
#18843 = FILL_AREA_STYLE_COLOUR('',#16059);
#18844 = STYLED_ITEM('color',(#18845),#14256);
#18845 = PRESENTATION_STYLE_ASSIGNMENT((#18846));
#18846 = SURFACE_STYLE_USAGE(.BOTH.,#18847);
#18847 = SURFACE_SIDE_STYLE('',(#18848));
#18848 = SURFACE_STYLE_FILL_AREA(#18849);
#18849 = FILL_AREA_STYLE('',(#18850));
#18850 = FILL_AREA_STYLE_COLOUR('',#16059);
#18851 = STYLED_ITEM('color',(#18852),#14273);
#18852 = PRESENTATION_STYLE_ASSIGNMENT((#18853));
#18853 = SURFACE_STYLE_USAGE(.BOTH.,#18854);
#18854 = SURFACE_SIDE_STYLE('',(#18855));
#18855 = SURFACE_STYLE_FILL_AREA(#18856);
#18856 = FILL_AREA_STYLE('',(#18857));
#18857 = FILL_AREA_STYLE_COLOUR('',#16059);
#18858 = STYLED_ITEM('color',(#18859),#14285);
#18859 = PRESENTATION_STYLE_ASSIGNMENT((#18860));
#18860 = SURFACE_STYLE_USAGE(.BOTH.,#18861);
#18861 = SURFACE_SIDE_STYLE('',(#18862));
#18862 = SURFACE_STYLE_FILL_AREA(#18863);
#18863 = FILL_AREA_STYLE('',(#18864));
#18864 = FILL_AREA_STYLE_COLOUR('',#16059);
#18865 = STYLED_ITEM('color',(#18866),#14302);
#18866 = PRESENTATION_STYLE_ASSIGNMENT((#18867));
#18867 = SURFACE_STYLE_USAGE(.BOTH.,#18868);
#18868 = SURFACE_SIDE_STYLE('',(#18869));
#18869 = SURFACE_STYLE_FILL_AREA(#18870);
#18870 = FILL_AREA_STYLE('',(#18871));
#18871 = FILL_AREA_STYLE_COLOUR('',#16059);
#18872 = STYLED_ITEM('color',(#18873),#14319);
#18873 = PRESENTATION_STYLE_ASSIGNMENT((#18874));
#18874 = SURFACE_STYLE_USAGE(.BOTH.,#18875);
#18875 = SURFACE_SIDE_STYLE('',(#18876));
#18876 = SURFACE_STYLE_FILL_AREA(#18877);
#18877 = FILL_AREA_STYLE('',(#18878));
#18878 = FILL_AREA_STYLE_COLOUR('',#16059);
#18879 = MECHANICAL_DESIGN_GEOMETRIC_PRESENTATION_REPRESENTATION('',(
    #18880,#18887,#18894,#18901,#18908,#18915,#18922,#18929,#18936,
    #18943,#18950,#18958,#18965,#18972,#18979,#18986,#18993,#19000,
    #19007,#19014,#19021,#19028,#19035,#19042,#19049,#19056,#19063,
    #19070),#7969);
#18880 = STYLED_ITEM('color',(#18881),#7117);
#18881 = PRESENTATION_STYLE_ASSIGNMENT((#18882));
#18882 = SURFACE_STYLE_USAGE(.BOTH.,#18883);
#18883 = SURFACE_SIDE_STYLE('',(#18884));
#18884 = SURFACE_STYLE_FILL_AREA(#18885);
#18885 = FILL_AREA_STYLE('',(#18886));
#18886 = FILL_AREA_STYLE_COLOUR('',#16719);
#18887 = STYLED_ITEM('color',(#18888),#7193);
#18888 = PRESENTATION_STYLE_ASSIGNMENT((#18889));
#18889 = SURFACE_STYLE_USAGE(.BOTH.,#18890);
#18890 = SURFACE_SIDE_STYLE('',(#18891));
#18891 = SURFACE_STYLE_FILL_AREA(#18892);
#18892 = FILL_AREA_STYLE('',(#18893));
#18893 = FILL_AREA_STYLE_COLOUR('',#16719);
#18894 = STYLED_ITEM('color',(#18895),#7224);
#18895 = PRESENTATION_STYLE_ASSIGNMENT((#18896));
#18896 = SURFACE_STYLE_USAGE(.BOTH.,#18897);
#18897 = SURFACE_SIDE_STYLE('',(#18898));
#18898 = SURFACE_STYLE_FILL_AREA(#18899);
#18899 = FILL_AREA_STYLE('',(#18900));
#18900 = FILL_AREA_STYLE_COLOUR('',#16719);
#18901 = STYLED_ITEM('color',(#18902),#7249);
#18902 = PRESENTATION_STYLE_ASSIGNMENT((#18903));
#18903 = SURFACE_STYLE_USAGE(.BOTH.,#18904);
#18904 = SURFACE_SIDE_STYLE('',(#18905));
#18905 = SURFACE_STYLE_FILL_AREA(#18906);
#18906 = FILL_AREA_STYLE('',(#18907));
#18907 = FILL_AREA_STYLE_COLOUR('',#16719);
#18908 = STYLED_ITEM('color',(#18909),#7274);
#18909 = PRESENTATION_STYLE_ASSIGNMENT((#18910));
#18910 = SURFACE_STYLE_USAGE(.BOTH.,#18911);
#18911 = SURFACE_SIDE_STYLE('',(#18912));
#18912 = SURFACE_STYLE_FILL_AREA(#18913);
#18913 = FILL_AREA_STYLE('',(#18914));
#18914 = FILL_AREA_STYLE_COLOUR('',#16719);
#18915 = STYLED_ITEM('color',(#18916),#7298);
#18916 = PRESENTATION_STYLE_ASSIGNMENT((#18917));
#18917 = SURFACE_STYLE_USAGE(.BOTH.,#18918);
#18918 = SURFACE_SIDE_STYLE('',(#18919));
#18919 = SURFACE_STYLE_FILL_AREA(#18920);
#18920 = FILL_AREA_STYLE('',(#18921));
#18921 = FILL_AREA_STYLE_COLOUR('',#16719);
#18922 = STYLED_ITEM('color',(#18923),#7322);
#18923 = PRESENTATION_STYLE_ASSIGNMENT((#18924));
#18924 = SURFACE_STYLE_USAGE(.BOTH.,#18925);
#18925 = SURFACE_SIDE_STYLE('',(#18926));
#18926 = SURFACE_STYLE_FILL_AREA(#18927);
#18927 = FILL_AREA_STYLE('',(#18928));
#18928 = FILL_AREA_STYLE_COLOUR('',#16719);
#18929 = STYLED_ITEM('color',(#18930),#7347);
#18930 = PRESENTATION_STYLE_ASSIGNMENT((#18931));
#18931 = SURFACE_STYLE_USAGE(.BOTH.,#18932);
#18932 = SURFACE_SIDE_STYLE('',(#18933));
#18933 = SURFACE_STYLE_FILL_AREA(#18934);
#18934 = FILL_AREA_STYLE('',(#18935));
#18935 = FILL_AREA_STYLE_COLOUR('',#16719);
#18936 = STYLED_ITEM('color',(#18937),#7372);
#18937 = PRESENTATION_STYLE_ASSIGNMENT((#18938));
#18938 = SURFACE_STYLE_USAGE(.BOTH.,#18939);
#18939 = SURFACE_SIDE_STYLE('',(#18940));
#18940 = SURFACE_STYLE_FILL_AREA(#18941);
#18941 = FILL_AREA_STYLE('',(#18942));
#18942 = FILL_AREA_STYLE_COLOUR('',#16719);
#18943 = STYLED_ITEM('color',(#18944),#7389);
#18944 = PRESENTATION_STYLE_ASSIGNMENT((#18945));
#18945 = SURFACE_STYLE_USAGE(.BOTH.,#18946);
#18946 = SURFACE_SIDE_STYLE('',(#18947));
#18947 = SURFACE_STYLE_FILL_AREA(#18948);
#18948 = FILL_AREA_STYLE('',(#18949));
#18949 = FILL_AREA_STYLE_COLOUR('',#16719);
#18950 = STYLED_ITEM('color',(#18951),#7475);
#18951 = PRESENTATION_STYLE_ASSIGNMENT((#18952));
#18952 = SURFACE_STYLE_USAGE(.BOTH.,#18953);
#18953 = SURFACE_SIDE_STYLE('',(#18954));
#18954 = SURFACE_STYLE_FILL_AREA(#18955);
#18955 = FILL_AREA_STYLE('',(#18956));
#18956 = FILL_AREA_STYLE_COLOUR('',#18957);
#18957 = COLOUR_RGB('',0.379000005575,0.270000008848,0.214999999939);
#18958 = STYLED_ITEM('color',(#18959),#7507);
#18959 = PRESENTATION_STYLE_ASSIGNMENT((#18960));
#18960 = SURFACE_STYLE_USAGE(.BOTH.,#18961);
#18961 = SURFACE_SIDE_STYLE('',(#18962));
#18962 = SURFACE_STYLE_FILL_AREA(#18963);
#18963 = FILL_AREA_STYLE('',(#18964));
#18964 = FILL_AREA_STYLE_COLOUR('',#18957);
#18965 = STYLED_ITEM('color',(#18966),#7531);
#18966 = PRESENTATION_STYLE_ASSIGNMENT((#18967));
#18967 = SURFACE_STYLE_USAGE(.BOTH.,#18968);
#18968 = SURFACE_SIDE_STYLE('',(#18969));
#18969 = SURFACE_STYLE_FILL_AREA(#18970);
#18970 = FILL_AREA_STYLE('',(#18971));
#18971 = FILL_AREA_STYLE_COLOUR('',#18957);
#18972 = STYLED_ITEM('color',(#18973),#7556);
#18973 = PRESENTATION_STYLE_ASSIGNMENT((#18974));
#18974 = SURFACE_STYLE_USAGE(.BOTH.,#18975);
#18975 = SURFACE_SIDE_STYLE('',(#18976));
#18976 = SURFACE_STYLE_FILL_AREA(#18977);
#18977 = FILL_AREA_STYLE('',(#18978));
#18978 = FILL_AREA_STYLE_COLOUR('',#18957);
#18979 = STYLED_ITEM('color',(#18980),#7580);
#18980 = PRESENTATION_STYLE_ASSIGNMENT((#18981));
#18981 = SURFACE_STYLE_USAGE(.BOTH.,#18982);
#18982 = SURFACE_SIDE_STYLE('',(#18983));
#18983 = SURFACE_STYLE_FILL_AREA(#18984);
#18984 = FILL_AREA_STYLE('',(#18985));
#18985 = FILL_AREA_STYLE_COLOUR('',#18957);
#18986 = STYLED_ITEM('color',(#18987),#7605);
#18987 = PRESENTATION_STYLE_ASSIGNMENT((#18988));
#18988 = SURFACE_STYLE_USAGE(.BOTH.,#18989);
#18989 = SURFACE_SIDE_STYLE('',(#18990));
#18990 = SURFACE_STYLE_FILL_AREA(#18991);
#18991 = FILL_AREA_STYLE('',(#18992));
#18992 = FILL_AREA_STYLE_COLOUR('',#18957);
#18993 = STYLED_ITEM('color',(#18994),#7629);
#18994 = PRESENTATION_STYLE_ASSIGNMENT((#18995));
#18995 = SURFACE_STYLE_USAGE(.BOTH.,#18996);
#18996 = SURFACE_SIDE_STYLE('',(#18997));
#18997 = SURFACE_STYLE_FILL_AREA(#18998);
#18998 = FILL_AREA_STYLE('',(#18999));
#18999 = FILL_AREA_STYLE_COLOUR('',#18957);
#19000 = STYLED_ITEM('color',(#19001),#7654);
#19001 = PRESENTATION_STYLE_ASSIGNMENT((#19002));
#19002 = SURFACE_STYLE_USAGE(.BOTH.,#19003);
#19003 = SURFACE_SIDE_STYLE('',(#19004));
#19004 = SURFACE_STYLE_FILL_AREA(#19005);
#19005 = FILL_AREA_STYLE('',(#19006));
#19006 = FILL_AREA_STYLE_COLOUR('',#18957);
#19007 = STYLED_ITEM('color',(#19008),#7671);
#19008 = PRESENTATION_STYLE_ASSIGNMENT((#19009));
#19009 = SURFACE_STYLE_USAGE(.BOTH.,#19010);
#19010 = SURFACE_SIDE_STYLE('',(#19011));
#19011 = SURFACE_STYLE_FILL_AREA(#19012);
#19012 = FILL_AREA_STYLE('',(#19013));
#19013 = FILL_AREA_STYLE_COLOUR('',#16719);
#19014 = STYLED_ITEM('color',(#19015),#7757);
#19015 = PRESENTATION_STYLE_ASSIGNMENT((#19016));
#19016 = SURFACE_STYLE_USAGE(.BOTH.,#19017);
#19017 = SURFACE_SIDE_STYLE('',(#19018));
#19018 = SURFACE_STYLE_FILL_AREA(#19019);
#19019 = FILL_AREA_STYLE('',(#19020));
#19020 = FILL_AREA_STYLE_COLOUR('',#16719);
#19021 = STYLED_ITEM('color',(#19022),#7788);
#19022 = PRESENTATION_STYLE_ASSIGNMENT((#19023));
#19023 = SURFACE_STYLE_USAGE(.BOTH.,#19024);
#19024 = SURFACE_SIDE_STYLE('',(#19025));
#19025 = SURFACE_STYLE_FILL_AREA(#19026);
#19026 = FILL_AREA_STYLE('',(#19027));
#19027 = FILL_AREA_STYLE_COLOUR('',#16719);
#19028 = STYLED_ITEM('color',(#19029),#7813);
#19029 = PRESENTATION_STYLE_ASSIGNMENT((#19030));
#19030 = SURFACE_STYLE_USAGE(.BOTH.,#19031);
#19031 = SURFACE_SIDE_STYLE('',(#19032));
#19032 = SURFACE_STYLE_FILL_AREA(#19033);
#19033 = FILL_AREA_STYLE('',(#19034));
#19034 = FILL_AREA_STYLE_COLOUR('',#16719);
#19035 = STYLED_ITEM('color',(#19036),#7838);
#19036 = PRESENTATION_STYLE_ASSIGNMENT((#19037));
#19037 = SURFACE_STYLE_USAGE(.BOTH.,#19038);
#19038 = SURFACE_SIDE_STYLE('',(#19039));
#19039 = SURFACE_STYLE_FILL_AREA(#19040);
#19040 = FILL_AREA_STYLE('',(#19041));
#19041 = FILL_AREA_STYLE_COLOUR('',#16719);
#19042 = STYLED_ITEM('color',(#19043),#7862);
#19043 = PRESENTATION_STYLE_ASSIGNMENT((#19044));
#19044 = SURFACE_STYLE_USAGE(.BOTH.,#19045);
#19045 = SURFACE_SIDE_STYLE('',(#19046));
#19046 = SURFACE_STYLE_FILL_AREA(#19047);
#19047 = FILL_AREA_STYLE('',(#19048));
#19048 = FILL_AREA_STYLE_COLOUR('',#16719);
#19049 = STYLED_ITEM('color',(#19050),#7886);
#19050 = PRESENTATION_STYLE_ASSIGNMENT((#19051));
#19051 = SURFACE_STYLE_USAGE(.BOTH.,#19052);
#19052 = SURFACE_SIDE_STYLE('',(#19053));
#19053 = SURFACE_STYLE_FILL_AREA(#19054);
#19054 = FILL_AREA_STYLE('',(#19055));
#19055 = FILL_AREA_STYLE_COLOUR('',#16719);
#19056 = STYLED_ITEM('color',(#19057),#7911);
#19057 = PRESENTATION_STYLE_ASSIGNMENT((#19058));
#19058 = SURFACE_STYLE_USAGE(.BOTH.,#19059);
#19059 = SURFACE_SIDE_STYLE('',(#19060));
#19060 = SURFACE_STYLE_FILL_AREA(#19061);
#19061 = FILL_AREA_STYLE('',(#19062));
#19062 = FILL_AREA_STYLE_COLOUR('',#16719);
#19063 = STYLED_ITEM('color',(#19064),#7936);
#19064 = PRESENTATION_STYLE_ASSIGNMENT((#19065));
#19065 = SURFACE_STYLE_USAGE(.BOTH.,#19066);
#19066 = SURFACE_SIDE_STYLE('',(#19067));
#19067 = SURFACE_STYLE_FILL_AREA(#19068);
#19068 = FILL_AREA_STYLE('',(#19069));
#19069 = FILL_AREA_STYLE_COLOUR('',#16719);
#19070 = STYLED_ITEM('color',(#19071),#7953);
#19071 = PRESENTATION_STYLE_ASSIGNMENT((#19072));
#19072 = SURFACE_STYLE_USAGE(.BOTH.,#19073);
#19073 = SURFACE_SIDE_STYLE('',(#19074));
#19074 = SURFACE_STYLE_FILL_AREA(#19075);
#19075 = FILL_AREA_STYLE('',(#19076));
#19076 = FILL_AREA_STYLE_COLOUR('',#16719);
ENDSEC;
END-ISO-10303-21;
